Hardness 1 : Kraftbei  Hardness 1;"347,81769";N
A1 : A1;"0,94973";J
A2 : A2;"0,10532";J
Springiness : Springiness;"0,00066";m
Cohesiveness : Cohesiveness;"0,11090";
Chewiness : Chewiness;"0,02528";J

Zeit;Traversenweg;Kraft
(s);(mm);(N)
"0,00000";"0,00000";"0,02493"
"0,01000";"0,00094";"0,02779"
"0,02000";"0,00578";"0,02702"
"0,03000";"0,01641";"0,04148"
"0,04000";"0,03140";"0,05808"
"0,05000";"0,04911";"0,05895"
"0,06000";"0,06800";"0,04285"
"0,07000";"0,08713";"0,02830"
"0,08000";"0,10601";"0,01964"
"0,09000";"0,12443";"0,01271"
"0,10000";"0,14226";"0,00071"
"0,11000";"0,15949";"-0,00780"
"0,12000";"0,17626";"-0,00664"
"0,13000";"0,19267";"-0,00702"
"0,14000";"0,20884";"-0,01115"
"0,15000";"0,22478";"-0,01652"
"0,16000";"0,24048";"-0,01181"
"0,17000";"0,25594";"-0,00243"
"0,18000";"0,27129";"0,00741"
"0,19000";"0,28664";"0,01312"
"0,20000";"0,30199";"0,01770"
"0,21000";"0,31733";"0,02205"
"0,22000";"0,33256";"0,02081"
"0,23000";"0,34756";"0,01619"
"0,24000";"0,36278";"0,01148"
"0,25000";"0,37778";"0,00784"
"0,26000";"0,39277";"0,00196"
"0,27000";"0,40776";"-0,00129"
"0,28000";"0,42288";"-0,00116"
"0,29000";"0,43799";"0,00192"
"0,30000";"0,45310";"0,00517"
"0,31000";"0,46809";"0,00929"
"0,32000";"0,48308";"0,01542"
"0,33000";"0,49808";"0,01603"
"0,34000";"0,51295";"0,00550"
"0,35000";"0,52794";"-0,00369"
"0,36000";"0,54306";"-0,00495"
"0,37000";"0,55805";"-0,00057"
"0,38000";"0,57316";"-0,00079"
"0,39000";"0,58815";"-0,00122"
"0,40000";"0,60303";"-0,00332"
"0,41000";"0,61814";"0,00257"
"0,42000";"0,63313";"0,01376"
"0,43000";"0,64812";"0,01792"
"0,44000";"0,66324";"0,01618"
"0,45000";"0,67823";"0,02111"
"0,46000";"0,69322";"0,02282"
"0,47000";"0,70810";"0,01976"
"0,48000";"0,72309";"0,01730"
"0,49000";"0,73808";"0,01000"
"0,50000";"0,75308";"0,00491"
"0,51000";"0,76807";"-0,00237"
"0,52000";"0,78318";"-0,00759"
"0,53000";"0,79829";"-0,00728"
"0,54000";"0,81328";"-0,00237"
"0,55000";"0,82816";"0,00004"
"0,56000";"0,84303";"-0,00240"
"0,57000";"0,85791";"-0,00906"
"0,58000";"0,87290";"-0,01803"
"0,59000";"0,88790";"-0,01743"
"0,60000";"0,90289";"-0,00996"
"0,61000";"0,91800";"-0,00458"
"0,62000";"0,93311";"-0,00306"
"0,63000";"0,94810";"-0,00216"
"0,64000";"0,96310";"0,00100"
"0,65000";"0,97797";"0,00609"
"0,66000";"0,99297";"0,01017"
"0,67000";"1,00796";"0,01585"
"0,68000";"1,02307";"0,01840"
"0,69000";"1,03818";"0,00878"
"0,70000";"1,05317";"-0,00476"
"0,71000";"1,06805";"-0,01373"
"0,72000";"1,08304";"-0,01264"
"0,73000";"1,09803";"0,00026"
"0,74000";"1,11303";"0,01042"
"0,75000";"1,12802";"0,01775"
"0,76000";"1,14301";"0,02060"
"0,77000";"1,15801";"0,02154"
"0,78000";"1,17300";"0,02892"
"0,79000";"1,18799";"0,03656"
"0,80000";"1,20299";"0,04053"
"0,81000";"1,21798";"0,03190"
"0,82000";"1,23297";"0,02324"
"0,83000";"1,24797";"0,01817"
"0,84000";"1,26308";"0,01461"
"0,85000";"1,27819";"0,01311"
"0,86000";"1,29306";"0,01367"
"0,87000";"1,30806";"0,01331"
"0,88000";"1,32293";"0,00406"
"0,89000";"1,33792";"-0,00494"
"0,90000";"1,35292";"-0,00185"
"0,91000";"1,36791";"-0,00019"
"0,92000";"1,38302";"0,00331"
"0,93000";"1,39813";"0,00919"
"0,94000";"1,41313";"0,00990"
"0,95000";"1,42800";"0,01750"
"0,96000";"1,44299";"0,02121"
"0,97000";"1,45799";"0,01718"
"0,98000";"1,47286";"0,02063"
"0,99000";"1,48797";"0,02553"
"1,00000";"1,50308";"0,02851"
"1,01000";"1,51808";"0,02960"
"1,02000";"1,53307";"0,02660"
"1,03000";"1,54794";"0,02223"
"1,04000";"1,56294";"0,01860"
"1,05000";"1,57793";"0,01923"
"1,06000";"1,59292";"0,01331"
"1,07000";"1,60803";"0,01475"
"1,08000";"1,62303";"0,02497"
"1,09000";"1,63802";"0,02866"
"1,10000";"1,65301";"0,02547"
"1,11000";"1,66801";"0,02642"
"1,12000";"1,68312";"0,02526"
"1,13000";"1,69799";"0,01898"
"1,14000";"1,71287";"0,01853"
"1,15000";"1,72786";"0,01876"
"1,16000";"1,74285";"0,01439"
"1,17000";"1,75797";"0,00729"
"1,18000";"1,77296";"0,00342"
"1,19000";"1,78795";"0,00624"
"1,20000";"1,80294";"0,00889"
"1,21000";"1,81794";"0,00782"
"1,22000";"1,83293";"0,00328"
"1,23000";"1,84792";"0,00716"
"1,24000";"1,86303";"0,01307"
"1,25000";"1,87803";"0,01526"
"1,26000";"1,89302";"0,01133"
"1,27000";"1,90801";"0,01045"
"1,28000";"1,92301";"0,00278"
"1,29000";"1,93800";"-0,00661"
"1,30000";"1,95288";"-0,01133"
"1,31000";"1,96799";"-0,00673"
"1,32000";"1,98298";"-0,00604"
"1,33000";"1,99797";"-0,00361"
"1,34000";"2,01285";"0,00070"
"1,35000";"2,02772";"0,01202"
"1,36000";"2,04272";"0,02081"
"1,37000";"2,05759";"0,02222"
"1,38000";"2,07270";"0,01672"
"1,39000";"2,08781";"0,01452"
"1,40000";"2,10281";"0,01279"
"1,41000";"2,11792";"0,01628"
"1,42000";"2,13291";"0,01547"
"1,43000";"2,14790";"0,01828"
"1,44000";"2,16290";"0,01890"
"1,45000";"2,17801";"0,01510"
"1,46000";"2,19312";"0,00209"
"1,47000";"2,20823";"-0,00919"
"1,48000";"2,22334";"-0,01597"
"1,49000";"2,23833";"-0,01985"
"1,50000";"2,25333";"-0,01392"
"1,51000";"2,26832";"-0,00361"
"1,52000";"2,28331";"0,00703"
"1,53000";"2,29819";"0,01401"
"1,54000";"2,31318";"0,01031"
"1,55000";"2,32817";"0,00563"
"1,56000";"2,34317";"0,01249"
"1,57000";"2,35804";"0,02180"
"1,58000";"2,37303";"0,02464"
"1,59000";"2,38803";"0,02878"
"1,60000";"2,40302";"0,02679"
"1,61000";"2,41790";"0,02444"
"1,62000";"2,43289";"0,02496"
"1,63000";"2,44800";"0,02281"
"1,64000";"2,46299";"0,02137"
"1,65000";"2,47799";"0,02064"
"1,66000";"2,49286";"0,01450"
"1,67000";"2,50785";"0,00901"
"1,68000";"2,52261";"0,00093"
"1,69000";"2,53749";"0,00232"
"1,70000";"2,55260";"0,00972"
"1,71000";"2,56759";"0,00642"
"1,72000";"2,58270";"0,00572"
"1,73000";"2,59769";"0,00612"
"1,74000";"2,61292";"0,00980"
"1,75000";"2,62803";"0,01448"
"1,76000";"2,64303";"0,01398"
"1,77000";"2,65814";"0,01121"
"1,78000";"2,67313";"0,00809"
"1,79000";"2,68812";"0,01622"
"1,80000";"2,70312";"0,02633"
"1,81000";"2,71811";"0,02894"
"1,82000";"2,73310";"0,02728"
"1,83000";"2,74810";"0,02785"
"1,84000";"2,76309";"0,02086"
"1,85000";"2,77808";"0,01793"
"1,86000";"2,79308";"0,01506"
"1,87000";"2,80819";"0,00803"
"1,88000";"2,82318";"-0,00196"
"1,89000";"2,83806";"-0,00558"
"1,90000";"2,85305";"-0,00603"
"1,91000";"2,86804";"-0,00404"
"1,92000";"2,88292";"0,00585"
"1,93000";"2,89791";"0,01097"
"1,94000";"2,91290";"0,02031"
"1,95000";"2,92790";"0,01694"
"1,96000";"2,94289";"0,00971"
"1,97000";"2,95776";"0,00521"
"1,98000";"2,97276";"0,00092"
"1,99000";"2,98775";"0,00813"
"2,00000";"3,00274";"0,01577"
"2,01000";"3,01774";"0,02124"
"2,02000";"3,03297";"0,02126"
"2,03000";"3,04796";"0,01671"
"2,04000";"3,06295";"0,00650"
"2,05000";"3,07794";"-0,00332"
"2,06000";"3,09294";"0,00099"
"2,07000";"3,10805";"0,00713"
"2,08000";"3,12304";"0,00767"
"2,09000";"3,13803";"0,00676"
"2,10000";"3,15315";"0,01018"
"2,11000";"3,16814";"0,01404"
"2,12000";"3,18325";"0,01434"
"2,13000";"3,19824";"0,01116"
"2,14000";"3,21324";"0,01410"
"2,15000";"3,22811";"0,02021"
"2,16000";"3,24310";"0,02109"
"2,17000";"3,25810";"0,02317"
"2,18000";"3,27309";"0,02883"
"2,19000";"3,28808";"0,02920"
"2,20000";"3,30319";"0,01814"
"2,21000";"3,31819";"0,01152"
"2,22000";"3,33318";"0,00930"
"2,23000";"3,34806";"0,01168"
"2,24000";"3,36305";"0,01402"
"2,25000";"3,37804";"0,01456"
"2,26000";"3,39315";"0,01464"
"2,27000";"3,40815";"0,01519"
"2,28000";"3,42314";"0,01500"
"2,29000";"3,43813";"0,01436"
"2,30000";"3,45301";"0,01566"
"2,31000";"3,46788";"0,01894"
"2,32000";"3,48287";"0,01304"
"2,33000";"3,49787";"0,00576"
"2,34000";"3,51286";"0,00616"
"2,35000";"3,52785";"0,00516"
"2,36000";"3,54285";"0,00548"
"2,37000";"3,55796";"0,00189"
"2,38000";"3,57295";"0,00542"
"2,39000";"3,58794";"0,00800"
"2,40000";"3,60294";"0,01177"
"2,41000";"3,61805";"0,00992"
"2,42000";"3,63304";"0,00602"
"2,43000";"3,64803";"0,00734"
"2,44000";"3,66303";"0,00948"
"2,45000";"3,67802";"0,01172"
"2,46000";"3,69301";"0,02074"
"2,47000";"3,70801";"0,03152"
"2,48000";"3,72300";"0,03572"
"2,49000";"3,73799";"0,03820"
"2,50000";"3,75310";"0,03562"
"2,51000";"3,76810";"0,03099"
"2,52000";"3,78309";"0,02368"
"2,53000";"3,79808";"0,02437"
"2,54000";"3,81308";"0,02354"
"2,55000";"3,82795";"0,02373"
"2,56000";"3,84294";"0,01960"
"2,57000";"3,85794";"0,01680"
"2,58000";"3,87305";"0,01053"
"2,59000";"3,88804";"0,01023"
"2,60000";"3,90315";"0,01535"
"2,61000";"3,91815";"0,01257"
"2,62000";"3,93314";"0,00760"
"2,63000";"3,94801";"0,00569"
"2,64000";"3,96301";"0,01028"
"2,65000";"3,97812";"0,01632"
"2,66000";"3,99311";"0,01929"
"2,67000";"4,00810";"0,02321"
"2,68000";"4,02322";"0,02703"
"2,69000";"4,03821";"0,02648"
"2,70000";"4,05308";"0,02345"
"2,71000";"4,06808";"0,01927"
"2,72000";"4,08307";"0,01864"
"2,73000";"4,09818";"0,01046"
"2,74000";"4,11317";"0,00087"
"2,75000";"4,12817";"0,00042"
"2,76000";"4,14316";"-0,00075"
"2,77000";"4,15815";"0,00319"
"2,78000";"4,17315";"0,01052"
"2,79000";"4,18814";"0,00964"
"2,80000";"4,20313";"0,00663"
"2,81000";"4,21824";"0,01273"
"2,82000";"4,23324";"0,02401"
"2,83000";"4,24811";"0,03105"
"2,84000";"4,26299";"0,02680"
"2,85000";"4,27786";"0,01714"
"2,86000";"4,29285";"0,01469"
"2,87000";"4,30785";"0,01015"
"2,88000";"4,32284";"0,00358"
"2,89000";"4,33795";"-0,00336"
"2,90000";"4,35306";"-0,00555"
"2,91000";"4,36806";"-0,00127"
"2,92000";"4,38317";"0,00800"
"2,93000";"4,39816";"0,01301"
"2,94000";"4,41303";"0,00852"
"2,95000";"4,42815";"0,00894"
"2,96000";"4,44314";"0,00792"
"2,97000";"4,45825";"0,00818"
"2,98000";"4,47324";"0,00842"
"2,99000";"4,48824";"0,00354"
"3,00000";"4,50323";"0,00411"
"3,01000";"4,51822";"-0,00048"
"3,02000";"4,53310";"0,00494"
"3,03000";"4,54797";"0,00897"
"3,04000";"4,56308";"0,00933"
"3,05000";"4,57808";"0,00325"
"3,06000";"4,59307";"-0,00217"
"3,07000";"4,60794";"0,00327"
"3,08000";"4,62282";"0,01260"
"3,09000";"4,63781";"0,01980"
"3,10000";"4,65269";"0,02612"
"3,11000";"4,66768";"0,02578"
"3,12000";"4,68291";"0,02305"
"3,13000";"4,69790";"0,02606"
"3,14000";"4,71301";"0,03859"
"3,15000";"4,72801";"0,05132"
"3,16000";"4,74300";"0,05922"
"3,17000";"4,75799";"0,07466"
"3,18000";"4,77287";"0,09227"
"3,19000";"4,78786";"0,11275"
"3,20000";"4,80297";"0,13621"
"3,21000";"4,81808";"0,15604"
"3,22000";"4,83319";"0,18074"
"3,23000";"4,84819";"0,19916"
"3,24000";"4,86306";"0,21736"
"3,25000";"4,87806";"0,23510"
"3,26000";"4,89293";"0,24548"
"3,27000";"4,90792";"0,25211"
"3,28000";"4,92292";"0,26736"
"3,29000";"4,93803";"0,29449"
"3,30000";"4,95302";"0,31434"
"3,31000";"4,96801";"0,32947"
"3,32000";"4,98301";"0,34222"
"3,33000";"4,99800";"0,36149"
"3,34000";"5,01299";"0,37762"
"3,35000";"5,02810";"0,38494"
"3,36000";"5,04310";"0,39484"
"3,37000";"5,05821";"0,40930"
"3,38000";"5,07320";"0,42272"
"3,39000";"5,08819";"0,43583"
"3,40000";"5,10307";"0,45728"
"3,41000";"5,11806";"0,47543"
"3,42000";"5,13306";"0,48943"
"3,43000";"5,14805";"0,50997"
"3,44000";"5,16316";"0,53255"
"3,45000";"5,17815";"0,56255"
"3,46000";"5,19315";"0,60192"
"3,47000";"5,20802";"0,63855"
"3,48000";"5,22290";"0,66310"
"3,49000";"5,23789";"0,69104"
"3,50000";"5,25288";"0,71890"
"3,51000";"5,26788";"0,74807"
"3,52000";"5,28299";"0,78649"
"3,53000";"5,29810";"0,82503"
"3,54000";"5,31309";"0,86924"
"3,55000";"5,32808";"0,90825"
"3,56000";"5,34308";"0,94416"
"3,57000";"5,35807";"0,97749"
"3,58000";"5,37306";"1,02099"
"3,59000";"5,38817";"1,06471"
"3,60000";"5,40317";"1,11040"
"3,61000";"5,41816";"1,15863"
"3,62000";"5,43315";"1,21403"
"3,63000";"5,44803";"1,27154"
"3,64000";"5,46302";"1,33243"
"3,65000";"5,47801";"1,38927"
"3,66000";"5,49289";"1,44443"
"3,67000";"5,50800";"1,49446"
"3,68000";"5,52299";"1,55092"
"3,69000";"5,53799";"1,60660"
"3,70000";"5,55298";"1,66966"
"3,71000";"5,56797";"1,74119"
"3,72000";"5,58285";"1,81573"
"3,73000";"5,59784";"1,89035"
"3,74000";"5,61283";"1,96536"
"3,75000";"5,62794";"2,04231"
"3,76000";"5,64294";"2,11582"
"3,77000";"5,65793";"2,18760"
"3,78000";"5,67292";"2,25695"
"3,79000";"5,68804";"2,32411"
"3,80000";"5,70303";"2,40111"
"3,81000";"5,71802";"2,48163"
"3,82000";"5,73301";"2,56089"
"3,83000";"5,74824";"2,63089"
"3,84000";"5,76324";"2,70464"
"3,85000";"5,77823";"2,78485"
"3,86000";"5,79310";"2,86199"
"3,87000";"5,80810";"2,94750"
"3,88000";"5,82297";"3,03646"
"3,89000";"5,83797";"3,12175"
"3,90000";"5,85296";"3,21119"
"3,91000";"5,86795";"3,29535"
"3,92000";"5,88294";"3,36788"
"3,93000";"5,89794";"3,45420"
"3,94000";"5,91293";"3,54463"
"3,95000";"5,92792";"3,62140"
"3,96000";"5,94292";"3,69355"
"3,97000";"5,95779";"3,77176"
"3,98000";"5,97290";"3,85567"
"3,99000";"5,98790";"3,93822"
"4,00000";"6,00301";"4,01907"
"4,01000";"6,01812";"4,10058"
"4,02000";"6,03311";"4,18483"
"4,03000";"6,04810";"4,26274"
"4,04000";"6,06310";"4,34740"
"4,05000";"6,07809";"4,43152"
"4,06000";"6,09308";"4,50839"
"4,07000";"6,10808";"4,58698"
"4,08000";"6,12307";"4,67000"
"4,09000";"6,13794";"4,76040"
"4,10000";"6,15294";"4,84580"
"4,11000";"6,16793";"4,93006"
"4,12000";"6,18292";"5,01414"
"4,13000";"6,19792";"5,09842"
"4,14000";"6,21303";"5,18301"
"4,15000";"6,22814";"5,26892"
"4,16000";"6,24313";"5,34591"
"4,17000";"6,25812";"5,42212"
"4,18000";"6,27312";"5,50096"
"4,19000";"6,28811";"5,58457"
"4,20000";"6,30299";"5,67478"
"4,21000";"6,31798";"5,76536"
"4,22000";"6,33309";"5,84720"
"4,23000";"6,34808";"5,92758"
"4,24000";"6,36308";"6,01399"
"4,25000";"6,37795";"6,09975"
"4,26000";"6,39294";"6,18845"
"4,27000";"6,40794";"6,27551"
"4,28000";"6,42293";"6,36250"
"4,29000";"6,43781";"6,44797"
"4,30000";"6,45292";"6,54041"
"4,31000";"6,46791";"6,62702"
"4,32000";"6,48290";"6,70582"
"4,33000";"6,49790";"6,78469"
"4,34000";"6,51289";"6,86486"
"4,35000";"6,52788";"6,94864"
"4,36000";"6,54276";"7,04319"
"4,37000";"6,55775";"7,13569"
"4,38000";"6,57286";"7,23065"
"4,39000";"6,58797";"7,32276"
"4,40000";"6,60297";"7,40848"
"4,41000";"6,61796";"7,49682"
"4,42000";"6,63295";"7,59051"
"4,43000";"6,64794";"7,68562"
"4,44000";"6,66282";"7,77437"
"4,45000";"6,67781";"7,86983"
"4,46000";"6,69292";"7,96810"
"4,47000";"6,70803";"8,07201"
"4,48000";"6,72303";"8,16831"
"4,49000";"6,73790";"8,26348"
"4,50000";"6,75290";"8,35336"
"4,51000";"6,76789";"8,44197"
"4,52000";"6,78288";"8,53549"
"4,53000";"6,79788";"8,63514"
"4,54000";"6,81299";"8,72641"
"4,55000";"6,82798";"8,82637"
"4,56000";"6,84297";"8,92526"
"4,57000";"6,85796";"9,03278"
"4,58000";"6,87296";"9,13695"
"4,59000";"6,88795";"9,23959"
"4,60000";"6,90294";"9,33123"
"4,61000";"6,91794";"9,42389"
"4,62000";"6,93293";"9,51651"
"4,63000";"6,94804";"9,60534"
"4,64000";"6,96292";"9,69960"
"4,65000";"6,97791";"9,79744"
"4,66000";"6,99290";"9,90486"
"4,67000";"7,00790";"10,00718"
"4,68000";"7,02289";"10,10506"
"4,69000";"7,03788";"10,21054"
"4,70000";"7,05288";"10,31922"
"4,71000";"7,06787";"10,42207"
"4,72000";"7,08298";"10,52752"
"4,73000";"7,09797";"10,63033"
"4,74000";"7,11297";"10,73749"
"4,75000";"7,12784";"10,84069"
"4,76000";"7,14283";"10,94189"
"4,77000";"7,15794";"11,04157"
"4,78000";"7,17306";"11,14517"
"4,79000";"7,18805";"11,25180"
"4,80000";"7,20304";"11,35826"
"4,81000";"7,21803";"11,47089"
"4,82000";"7,23303";"11,58421"
"4,83000";"7,24790";"11,69209"
"4,84000";"7,26301";"11,80985"
"4,85000";"7,27801";"11,91881"
"4,86000";"7,29312";"12,02448"
"4,87000";"7,30811";"12,13229"
"4,88000";"7,32299";"12,25107"
"4,89000";"7,33798";"12,36881"
"4,90000";"7,35297";"12,47339"
"4,91000";"7,36797";"12,57805"
"4,92000";"7,38284";"12,69498"
"4,93000";"7,39795";"12,80734"
"4,94000";"7,41306";"12,92031"
"4,95000";"7,42806";"13,03688"
"4,96000";"7,44305";"13,15028"
"4,97000";"7,45792";"13,27146"
"4,98000";"7,47292";"13,39879"
"4,99000";"7,48791";"13,51906"
"5,00000";"7,50290";"13,62909"
"5,01000";"7,51801";"13,74703"
"5,02000";"7,53301";"13,86185"
"5,03000";"7,54800";"13,97600"
"5,04000";"7,56299";"14,09969"
"5,05000";"7,57810";"14,22347"
"5,06000";"7,59298";"14,34628"
"5,07000";"7,60785";"14,46676"
"5,08000";"7,62285";"14,58324"
"5,09000";"7,63796";"14,69628"
"5,10000";"7,65295";"14,80804"
"5,11000";"7,66806";"14,92504"
"5,12000";"7,68294";"15,04542"
"5,13000";"7,69793";"15,16928"
"5,14000";"7,71292";"15,29144"
"5,15000";"7,72780";"15,41611"
"5,16000";"7,74291";"15,53992"
"5,17000";"7,75802";"15,66396"
"5,18000";"7,77290";"15,78802"
"5,19000";"7,78789";"15,91026"
"5,20000";"7,80276";"16,04296"
"5,21000";"7,81776";"16,17916"
"5,22000";"7,83263";"16,31112"
"5,23000";"7,84762";"16,44729"
"5,24000";"7,86274";"16,58777"
"5,25000";"7,87785";"16,72460"
"5,26000";"7,89296";"16,85509"
"5,27000";"7,90795";"16,97610"
"5,28000";"7,92294";"17,10612"
"5,29000";"7,93794";"17,22731"
"5,30000";"7,95281";"17,35447"
"5,31000";"7,96781";"17,48215"
"5,32000";"7,98280";"17,61028"
"5,33000";"7,99791";"17,73440"
"5,34000";"8,01302";"17,85954"
"5,35000";"8,02813";"17,99992"
"5,36000";"8,04313";"18,14213"
"5,37000";"8,05812";"18,29045"
"5,38000";"8,07311";"18,43444"
"5,39000";"8,08799";"18,56923"
"5,40000";"8,10298";"18,70441"
"5,41000";"8,11809";"18,83511"
"5,42000";"8,13308";"18,96365"
"5,43000";"8,14796";"19,10028"
"5,44000";"8,16307";"19,23510"
"5,45000";"8,17806";"19,37226"
"5,46000";"8,19306";"19,50771"
"5,47000";"8,20793";"19,64354"
"5,48000";"8,22304";"19,78490"
"5,49000";"8,23803";"19,92394"
"5,50000";"8,25303";"20,06551"
"5,51000";"8,26814";"20,21815"
"5,52000";"8,28301";"20,37170"
"5,53000";"8,29813";"20,52340"
"5,54000";"8,31312";"20,67173"
"5,55000";"8,32811";"20,81822"
"5,56000";"8,34322";"20,96339"
"5,57000";"8,35822";"21,11659"
"5,58000";"8,37333";"21,26467"
"5,59000";"8,38820";"21,39997"
"5,60000";"8,40308";"21,53761"
"5,61000";"8,41807";"21,68171"
"5,62000";"8,43294";"21,82803"
"5,63000";"8,44794";"21,98366"
"5,64000";"8,46293";"22,14171"
"5,65000";"8,47804";"22,30008"
"5,66000";"8,49315";"22,45803"
"5,67000";"8,50815";"22,61678"
"5,68000";"8,52314";"22,76955"
"5,69000";"8,53801";"22,92809"
"5,70000";"8,55301";"23,08180"
"5,71000";"8,56800";"23,23868"
"5,72000";"8,58311";"23,39939"
"5,73000";"8,59822";"23,55913"
"5,74000";"8,61322";"23,72405"
"5,75000";"8,62833";"23,89010"
"5,76000";"8,64320";"24,05427"
"5,77000";"8,65808";"24,21441"
"5,78000";"8,67283";"24,37174"
"5,79000";"8,68795";"24,53579"
"5,80000";"8,70306";"24,69469"
"5,81000";"8,71805";"24,86161"
"5,82000";"8,73292";"25,02262"
"5,83000";"8,74792";"25,17626"
"5,84000";"8,76291";"25,33384"
"5,85000";"8,77779";"25,51046"
"5,86000";"8,79278";"25,68424"
"5,87000";"8,80777";"25,84844"
"5,88000";"8,82288";"26,01635"
"5,89000";"8,83788";"26,19000"
"5,90000";"8,85275";"26,36929"
"5,91000";"8,86774";"26,54621"
"5,92000";"8,88285";"26,71614"
"5,93000";"8,89773";"26,88991"
"5,94000";"8,91272";"27,06110"
"5,95000";"8,92783";"27,23098"
"5,96000";"8,94294";"27,40056"
"5,97000";"8,95782";"27,57303"
"5,98000";"8,97281";"27,75501"
"5,99000";"8,98769";"27,93711"
"6,00000";"9,00280";"28,12311"
"6,01000";"9,01779";"28,29961"
"6,02000";"9,03267";"28,47921"
"6,03000";"9,04778";"28,66579"
"6,04000";"9,06289";"28,85548"
"6,05000";"9,07800";"29,04097"
"6,06000";"9,09299";"29,22655"
"6,07000";"9,10799";"29,40913"
"6,08000";"9,12298";"29,59386"
"6,09000";"9,13797";"29,78781"
"6,10000";"9,15285";"29,98187"
"6,11000";"9,16796";"30,16816"
"6,12000";"9,18307";"30,35829"
"6,13000";"9,19818";"30,55194"
"6,14000";"9,21317";"30,74257"
"6,15000";"9,22817";"30,93724"
"6,16000";"9,24316";"31,12958"
"6,17000";"9,25815";"31,33041"
"6,18000";"9,27303";"31,52034"
"6,19000";"9,28814";"31,70469"
"6,20000";"9,30325";"31,88950"
"6,21000";"9,31824";"32,08387"
"6,22000";"9,33324";"32,28693"
"6,23000";"9,34811";"32,49349"
"6,24000";"9,36310";"32,70715"
"6,25000";"9,37810";"32,91945"
"6,26000";"9,39309";"33,12764"
"6,27000";"9,40808";"33,32929"
"6,28000";"9,42308";"33,53387"
"6,29000";"9,43807";"33,74413"
"6,30000";"9,45318";"33,95454"
"6,31000";"9,46817";"34,16169"
"6,32000";"9,48317";"34,37850"
"6,33000";"9,49804";"34,59533"
"6,34000";"9,51315";"34,80976"
"6,35000";"9,52815";"35,01991"
"6,36000";"9,54314";"35,23560"
"6,37000";"9,55813";"35,46451"
"6,38000";"9,57312";"35,68517"
"6,39000";"9,58812";"35,90008"
"6,40000";"9,60299";"36,11828"
"6,41000";"9,61787";"36,34187"
"6,42000";"9,63298";"36,56533"
"6,43000";"9,64797";"36,79530"
"6,44000";"9,66297";"37,02248"
"6,45000";"9,67796";"37,25121"
"6,46000";"9,69295";"37,47814"
"6,47000";"9,70794";"37,70250"
"6,48000";"9,72282";"37,93022"
"6,49000";"9,73781";"38,16133"
"6,50000";"9,75292";"38,39863"
"6,51000";"9,76803";"38,63922"
"6,52000";"9,78303";"38,88465"
"6,53000";"9,79790";"39,12063"
"6,54000";"9,81290";"39,35576"
"6,55000";"9,82789";"39,59837"
"6,56000";"9,84276";"39,84011"
"6,57000";"9,85776";"40,07555"
"6,58000";"9,87287";"40,31651"
"6,59000";"9,88798";"40,56262"
"6,60000";"9,90309";"40,81427"
"6,61000";"9,91808";"41,06890"
"6,62000";"9,93308";"41,31773"
"6,63000";"9,94807";"41,57351"
"6,64000";"9,96294";"41,83076"
"6,65000";"9,97794";"42,08058"
"6,66000";"9,99293";"42,33103"
"6,67000";"10,00804";"42,58757"
"6,68000";"10,02304";"42,85122"
"6,69000";"10,03803";"43,11498"
"6,70000";"10,05302";"43,37479"
"6,71000";"10,06801";"43,64331"
"6,72000";"10,08301";"43,91337"
"6,73000";"10,09788";"44,17506"
"6,74000";"10,11299";"44,43340"
"6,75000";"10,12799";"44,69734"
"6,76000";"10,14310";"44,97416"
"6,77000";"10,15809";"45,24855"
"6,78000";"10,17308";"45,52311"
"6,79000";"10,18808";"45,79649"
"6,80000";"10,20307";"46,07272"
"6,81000";"10,21818";"46,35201"
"6,82000";"10,23329";"46,62807"
"6,83000";"10,24828";"46,90826"
"6,84000";"10,26328";"47,18613"
"6,85000";"10,27815";"47,47005"
"6,86000";"10,29315";"47,75642"
"6,87000";"10,30814";"48,04099"
"6,88000";"10,32313";"48,32991"
"6,89000";"10,33813";"48,61739"
"6,90000";"10,35312";"48,90576"
"6,91000";"10,36823";"49,20188"
"6,92000";"10,38322";"49,50592"
"6,93000";"10,39822";"49,80669"
"6,94000";"10,41321";"50,10695"
"6,95000";"10,42820";"50,41182"
"6,96000";"10,44319";"50,70837"
"6,97000";"10,45819";"51,00962"
"6,98000";"10,47330";"51,31087"
"6,99000";"10,48829";"51,61444"
"7,00000";"10,50328";"51,92109"
"7,01000";"10,51828";"52,23319"
"7,02000";"10,53315";"52,54633"
"7,03000";"10,54803";"52,85001"
"7,04000";"10,56290";"53,14732"
"7,05000";"10,57790";"53,44738"
"7,06000";"10,59289";"53,75248"
"7,07000";"10,60788";"54,06201"
"7,08000";"10,62276";"54,38488"
"7,09000";"10,63775";"54,71297"
"7,10000";"10,65286";"55,04047"
"7,11000";"10,66785";"55,37423"
"7,12000";"10,68273";"55,70723"
"7,13000";"10,69784";"56,03619"
"7,14000";"10,71295";"56,36612"
"7,15000";"10,72794";"56,69527"
"7,16000";"10,74282";"57,03266"
"7,17000";"10,75781";"57,37376"
"7,18000";"10,77292";"57,71162"
"7,19000";"10,78780";"58,04666"
"7,20000";"10,80279";"58,38570"
"7,21000";"10,81779";"58,72129"
"7,22000";"10,83290";"59,06363"
"7,23000";"10,84789";"59,41503"
"7,24000";"10,86288";"59,76706"
"7,25000";"10,87788";"60,11697"
"7,26000";"10,89287";"60,46447"
"7,27000";"10,90786";"60,81900"
"7,28000";"10,92285";"61,16960"
"7,29000";"10,93785";"61,52425"
"7,30000";"10,95308";"61,88710"
"7,31000";"10,96807";"62,25513"
"7,32000";"10,98306";"62,62032"
"7,33000";"10,99817";"62,97745"
"7,34000";"11,01305";"63,32807"
"7,35000";"11,02792";"63,68184"
"7,36000";"11,04292";"64,04005"
"7,37000";"11,05803";"64,40501"
"7,38000";"11,07314";"64,77549"
"7,39000";"11,08801";"65,15289"
"7,40000";"11,10301";"65,53001"
"7,41000";"11,11800";"65,90514"
"7,42000";"11,13299";"66,27153"
"7,43000";"11,14799";"66,63554"
"7,44000";"11,16298";"67,00622"
"7,45000";"11,17809";"67,37907"
"7,46000";"11,19308";"67,76089"
"7,47000";"11,20808";"68,14410"
"7,48000";"11,22307";"68,53545"
"7,49000";"11,23794";"68,92896"
"7,50000";"11,25294";"69,31389"
"7,51000";"11,26793";"69,69749"
"7,52000";"11,28304";"70,07400"
"7,53000";"11,29803";"70,46238"
"7,54000";"11,31315";"70,86361"
"7,55000";"11,32802";"71,26803"
"7,56000";"11,34301";"71,66340"
"7,57000";"11,35801";"72,05321"
"7,58000";"11,37288";"72,43971"
"7,59000";"11,38788";"72,83193"
"7,60000";"11,40298";"73,22036"
"7,61000";"11,41798";"73,61011"
"7,62000";"11,43321";"74,01762"
"7,63000";"11,44820";"74,44062"
"7,64000";"11,46319";"74,85275"
"7,65000";"11,47807";"75,24598"
"7,66000";"11,49306";"75,63642"
"7,67000";"11,50794";"76,02971"
"7,68000";"11,52305";"76,42434"
"7,69000";"11,53816";"76,82191"
"7,70000";"11,55315";"77,23503"
"7,71000";"11,56815";"77,65485"
"7,72000";"11,58314";"78,06982"
"7,73000";"11,59813";"78,46465"
"7,74000";"11,61312";"78,86588"
"7,75000";"11,62800";"79,26797"
"7,76000";"11,64311";"79,66737"
"7,77000";"11,65810";"80,06893"
"7,78000";"11,67310";"80,48430"
"7,79000";"11,68797";"80,90228"
"7,80000";"11,70285";"81,31496"
"7,81000";"11,71796";"81,71772"
"7,82000";"11,73295";"82,11700"
"7,83000";"11,74794";"82,51942"
"7,84000";"11,76306";"82,92842"
"7,85000";"11,77817";"83,34595"
"7,86000";"11,79304";"83,75990"
"7,87000";"11,80803";"84,16687"
"7,88000";"11,82291";"84,56427"
"7,89000";"11,83790";"84,95683"
"7,90000";"11,85290";"85,35822"
"7,91000";"11,86777";"85,75639"
"7,92000";"11,88288";"86,15653"
"7,93000";"11,89799";"86,56107"
"7,94000";"11,91299";"86,97958"
"7,95000";"11,92798";"87,40611"
"7,96000";"11,94297";"87,81688"
"7,97000";"11,95797";"88,20522"
"7,98000";"11,97284";"88,58858"
"7,99000";"11,98783";"88,96603"
"8,00000";"12,00294";"89,33589"
"8,01000";"12,01794";"89,72103"
"8,02000";"12,03293";"90,11722"
"8,03000";"12,04792";"90,51302"
"8,04000";"12,06292";"90,90017"
"8,05000";"12,07791";"91,28546"
"8,06000";"12,09290";"91,65503"
"8,07000";"12,10790";"92,01720"
"8,08000";"12,12301";"92,37418"
"8,09000";"12,13800";"92,72608"
"8,10000";"12,15299";"93,08402"
"8,11000";"12,16787";"93,43357"
"8,12000";"12,18286";"93,75893"
"8,13000";"12,19774";"94,07926"
"8,14000";"12,21285";"94,39202"
"8,15000";"12,22784";"94,70640"
"8,16000";"12,24295";"95,01577"
"8,17000";"12,25806";"95,31654"
"8,18000";"12,27305";"95,60537"
"8,19000";"12,28793";"95,87736"
"8,20000";"12,30292";"96,12901"
"8,21000";"12,31780";"96,36219"
"8,22000";"12,33267";"96,57412"
"8,23000";"12,34767";"96,77705"
"8,24000";"12,36278";"96,98076"
"8,25000";"12,37801";"97,18460"
"8,26000";"12,39300";"97,38091"
"8,27000";"12,40799";"97,55904"
"8,28000";"12,42299";"97,71794"
"8,29000";"12,43798";"97,85428"
"8,30000";"12,45297";"97,95392"
"8,31000";"12,46797";"98,01730"
"8,32000";"12,48296";"98,05856"
"8,33000";"12,49795";"98,08363"
"8,34000";"12,51294";"98,09494"
"8,35000";"12,52794";"98,07510"
"8,36000";"12,54305";"98,02493"
"8,37000";"12,55792";"97,95139"
"8,38000";"12,57292";"97,86191"
"8,39000";"12,58791";"97,75368"
"8,40000";"12,60290";"97,62920"
"8,41000";"12,61790";"97,47619"
"8,42000";"12,63289";"97,28287"
"8,43000";"12,64776";"97,04345"
"8,44000";"12,66288";"96,76769"
"8,45000";"12,67787";"96,45904"
"8,46000";"12,69298";"96,11106"
"8,47000";"12,70809";"95,74338"
"8,48000";"12,72320";"95,36921"
"8,49000";"12,73819";"94,98438"
"8,50000";"12,75331";"94,59798"
"8,51000";"12,76830";"94,22374"
"8,52000";"12,78317";"93,85349"
"8,53000";"12,79805";"93,47499"
"8,54000";"12,81304";"93,09734"
"8,55000";"12,82815";"92,73689"
"8,56000";"12,84315";"92,39862"
"8,57000";"12,85814";"92,07188"
"8,58000";"12,87313";"91,74060"
"8,59000";"12,88813";"91,39480"
"8,60000";"12,90300";"91,04314"
"8,61000";"12,91776";"90,66497"
"8,62000";"12,93275";"90,26575"
"8,63000";"12,94786";"89,86080"
"8,64000";"12,96285";"89,46527"
"8,65000";"12,97773";"89,07178"
"8,66000";"12,99272";"88,66811"
"8,67000";"13,00783";"88,24835"
"8,68000";"13,02294";"87,81911"
"8,69000";"13,03794";"87,36251"
"8,70000";"13,05293";"86,87288"
"8,71000";"13,06804";"86,36395"
"8,72000";"13,08315";"85,85682"
"8,73000";"13,09814";"85,35551"
"8,74000";"13,11314";"84,84688"
"8,75000";"13,12801";"84,31658"
"8,76000";"13,14289";"83,78036"
"8,77000";"13,15788";"83,23277"
"8,78000";"13,17287";"82,66348"
"8,79000";"13,18787";"82,09693"
"8,80000";"13,20298";"81,52948"
"8,81000";"13,21797";"80,93851"
"8,82000";"13,23297";"80,31006"
"8,83000";"13,24796";"79,64843"
"8,84000";"13,26283";"78,97389"
"8,85000";"13,27771";"78,30851"
"8,86000";"13,29270";"77,66902"
"8,87000";"13,30781";"77,05976"
"8,88000";"13,32292";"76,49718"
"8,89000";"13,33792";"75,96689"
"8,90000";"13,35303";"75,44248"
"8,91000";"13,36802";"74,90049"
"8,92000";"13,38301";"74,33523"
"8,93000";"13,39789";"73,73859"
"8,94000";"13,41288";"73,10661"
"8,95000";"13,42799";"72,45671"
"8,96000";"13,44299";"71,80363"
"8,97000";"13,45798";"71,15244"
"8,98000";"13,47297";"70,51260"
"8,99000";"13,48796";"69,91943"
"9,00000";"13,50296";"69,38087"
"9,01000";"13,51795";"68,88708"
"9,02000";"13,53294";"68,43601"
"9,03000";"13,54806";"68,03294"
"9,04000";"13,56305";"67,66884"
"9,05000";"13,57804";"67,32896"
"9,06000";"13,59303";"67,02173"
"9,07000";"13,60803";"66,74483"
"9,08000";"13,62302";"66,48858"
"9,09000";"13,63790";"66,23811"
"9,10000";"13,65301";"65,98232"
"9,11000";"13,66812";"65,72934"
"9,12000";"13,68311";"65,48151"
"9,13000";"13,69810";"65,23705"
"9,14000";"13,71310";"64,99522"
"9,15000";"13,72809";"64,75164"
"9,16000";"13,74308";"64,51550"
"9,17000";"13,75808";"64,27779"
"9,18000";"13,77307";"64,04768"
"9,19000";"13,78806";"63,84201"
"9,20000";"13,80306";"63,66499"
"9,21000";"13,81805";"63,50734"
"9,22000";"13,83316";"63,37233"
"9,23000";"13,84815";"63,24886"
"9,24000";"13,86303";"63,12750"
"9,25000";"13,87814";"63,02283"
"9,26000";"13,89301";"62,94069"
"9,27000";"13,90801";"62,87492"
"9,28000";"13,92312";"62,82636"
"9,29000";"13,93811";"62,78831"
"9,30000";"13,95310";"62,76208"
"9,31000";"13,96810";"62,73941"
"9,32000";"13,98309";"62,72479"
"9,33000";"13,99808";"62,70421"
"9,34000";"14,01331";"62,69071"
"9,35000";"14,02831";"62,69603"
"9,36000";"14,04318";"62,71474"
"9,37000";"14,05817";"62,74057"
"9,38000";"14,07305";"62,76268"
"9,39000";"14,08792";"62,79105"
"9,40000";"14,10280";"62,82826"
"9,41000";"14,11791";"62,86946"
"9,42000";"14,13278";"62,94145"
"9,43000";"14,14790";"63,02841"
"9,44000";"14,16289";"63,12550"
"9,45000";"14,17788";"63,23428"
"9,46000";"14,19299";"63,35152"
"9,47000";"14,20787";"63,46838"
"9,48000";"14,22286";"63,58305"
"9,49000";"14,23785";"63,69604"
"9,50000";"14,25296";"63,82592"
"9,51000";"14,26808";"63,96186"
"9,52000";"14,28307";"64,08619"
"9,53000";"14,29818";"64,20797"
"9,54000";"14,31317";"64,32295"
"9,55000";"14,32805";"64,42535"
"9,56000";"14,34292";"64,51263"
"9,57000";"14,35803";"64,58156"
"9,58000";"14,37303";"64,63953"
"9,59000";"14,38802";"64,71111"
"9,60000";"14,40301";"64,78065"
"9,61000";"14,41801";"64,84607"
"9,62000";"14,43300";"64,91946"
"9,63000";"14,44799";"65,00596"
"9,64000";"14,46299";"65,10344"
"9,65000";"14,47810";"65,20045"
"9,66000";"14,49309";"65,29828"
"9,67000";"14,50820";"65,39407"
"9,68000";"14,52308";"65,48349"
"9,69000";"14,53819";"65,54925"
"9,70000";"14,55318";"65,58128"
"9,71000";"14,56817";"65,60016"
"9,72000";"14,58305";"65,63139"
"9,73000";"14,59804";"65,68318"
"9,74000";"14,61327";"65,77225"
"9,75000";"14,62826";"65,88956"
"9,76000";"14,64326";"66,01051"
"9,77000";"14,65825";"66,12283"
"9,78000";"14,67313";"66,23461"
"9,79000";"14,68800";"66,35281"
"9,80000";"14,70287";"66,47622"
"9,81000";"14,71799";"66,60794"
"9,82000";"14,73310";"66,75303"
"9,83000";"14,74809";"66,91281"
"9,84000";"14,76308";"67,06862"
"9,85000";"14,77820";"67,20409"
"9,86000";"14,79319";"67,32731"
"9,87000";"14,80806";"67,46030"
"9,88000";"14,82306";"67,59258"
"9,89000";"14,83817";"67,73791"
"9,90000";"14,85304";"67,89816"
"9,91000";"14,86804";"68,07917"
"9,92000";"14,88291";"68,26366"
"9,93000";"14,89790";"68,44583"
"9,94000";"14,91301";"68,62955"
"9,95000";"14,92801";"68,82453"
"9,96000";"14,94300";"69,02426"
"9,97000";"14,95811";"69,21232"
"9,98000";"14,97322";"69,37734"
"9,99000";"14,98822";"69,53888"
"10,00000";"15,00321";"69,70187"
"10,01000";"15,01820";"69,86163"
"10,02000";"15,03308";"70,02835"
"10,03000";"15,04807";"70,20701"
"10,04000";"15,06306";"70,40083"
"10,05000";"15,07806";"70,61217"
"10,06000";"15,09328";"70,82934"
"10,07000";"15,10816";"71,05389"
"10,08000";"15,12315";"71,27422"
"10,09000";"15,13803";"71,47197"
"10,10000";"15,15290";"71,64966"
"10,11000";"15,16766";"71,79957"
"10,12000";"15,18277";"71,93547"
"10,13000";"15,19776";"72,08758"
"10,14000";"15,21287";"72,25175"
"10,15000";"15,22787";"72,42262"
"10,16000";"15,24286";"72,58694"
"10,17000";"15,25774";"72,73377"
"10,18000";"15,27273";"72,87886"
"10,19000";"15,28772";"73,04138"
"10,20000";"15,30283";"73,24451"
"10,21000";"15,31794";"73,50760"
"10,22000";"15,33294";"73,81577"
"10,23000";"15,34793";"74,14210"
"10,24000";"15,36292";"74,47650"
"10,25000";"15,37803";"74,81486"
"10,26000";"15,39303";"75,15641"
"10,27000";"15,40802";"75,48418"
"10,28000";"15,42313";"75,79847"
"10,29000";"15,43824";"76,09547"
"10,30000";"15,45324";"76,39919"
"10,31000";"15,46823";"76,69492"
"10,32000";"15,48310";"76,98502"
"10,33000";"15,49810";"77,27619"
"10,34000";"15,51297";"77,59007"
"10,35000";"15,52785";"77,93103"
"10,36000";"15,54296";"78,30796"
"10,37000";"15,55795";"78,72166"
"10,38000";"15,57294";"79,16696"
"10,39000";"15,58782";"79,60960"
"10,40000";"15,60281";"80,04251"
"10,41000";"15,61781";"80,48371"
"10,42000";"15,63280";"80,92931"
"10,43000";"15,64779";"81,37252"
"10,44000";"15,66290";"81,80675"
"10,45000";"15,67801";"82,23457"
"10,46000";"15,69312";"82,66458"
"10,47000";"15,70812";"83,09369"
"10,48000";"15,72323";"83,50904"
"10,49000";"15,73822";"83,93318"
"10,50000";"15,75310";"84,35455"
"10,51000";"15,76809";"84,77248"
"10,52000";"15,78308";"85,18148"
"10,53000";"15,79819";"85,62560"
"10,54000";"15,81307";"86,09109"
"10,55000";"15,82806";"86,56176"
"10,56000";"15,84306";"87,04359"
"10,57000";"15,85805";"87,55914"
"10,58000";"15,87304";"88,10554"
"10,59000";"15,88803";"88,66724"
"10,60000";"15,90315";"89,23047"
"10,61000";"15,91826";"89,80637"
"10,62000";"15,93313";"90,39410"
"10,63000";"15,94801";"90,96599"
"10,64000";"15,96300";"91,50278"
"10,65000";"15,97788";"92,01986"
"10,66000";"15,99287";"92,53602"
"10,67000";"16,00774";"93,05696"
"10,68000";"16,02274";"93,56600"
"10,69000";"16,03773";"94,05086"
"10,70000";"16,05272";"94,53382"
"10,71000";"16,06760";"95,01611"
"10,72000";"16,08271";"95,51922"
"10,73000";"16,09759";"96,03896"
"10,74000";"16,11269";"96,57378"
"10,75000";"16,12781";"97,11844"
"10,76000";"16,14304";"97,69554"
"10,77000";"16,15815";"98,27846"
"10,78000";"16,17326";"98,84100"
"10,79000";"16,18837";"99,37585"
"10,80000";"16,20324";"99,89655"
"10,81000";"16,21824";"100,39561"
"10,82000";"16,23323";"100,89896"
"10,83000";"16,24822";"101,41595"
"10,84000";"16,26310";"101,95673"
"10,85000";"16,27821";"102,52093"
"10,86000";"16,29308";"103,09041"
"10,87000";"16,30808";"103,65628"
"10,88000";"16,32319";"104,23054"
"10,89000";"16,33818";"104,82555"
"10,90000";"16,35317";"105,44043"
"10,91000";"16,36817";"106,09222"
"10,92000";"16,38316";"106,75883"
"10,93000";"16,39815";"107,43244"
"10,94000";"16,41303";"108,10925"
"10,95000";"16,42790";"108,79835"
"10,96000";"16,44289";"109,51418"
"10,97000";"16,45777";"110,24897"
"10,98000";"16,47276";"110,98605"
"10,99000";"16,48776";"111,74157"
"11,00000";"16,50287";"112,50292"
"11,01000";"16,51798";"113,25494"
"11,02000";"16,53297";"113,99220"
"11,03000";"16,54785";"114,71772"
"11,04000";"16,56284";"115,43748"
"11,05000";"16,57784";"116,15718"
"11,06000";"16,59283";"116,89328"
"11,07000";"16,60794";"117,65925"
"11,08000";"16,62305";"118,47054"
"11,09000";"16,63816";"119,30398"
"11,10000";"16,65315";"120,11204"
"11,11000";"16,66814";"120,90793"
"11,12000";"16,68314";"121,71522"
"11,13000";"16,69813";"122,52231"
"11,14000";"16,71313";"123,31816"
"11,15000";"16,72812";"124,12253"
"11,16000";"16,74299";"124,94238"
"11,17000";"16,75799";"125,74667"
"11,18000";"16,77298";"126,52309"
"11,19000";"16,78797";"127,28011"
"11,20000";"16,80297";"128,06985"
"11,21000";"16,81784";"128,87653"
"11,22000";"16,83283";"129,66910"
"11,23000";"16,84806";"130,46490"
"11,24000";"16,86306";"131,28595"
"11,25000";"16,87805";"132,08954"
"11,26000";"16,89304";"132,84113"
"11,27000";"16,90804";"133,58354"
"11,28000";"16,92291";"134,38536"
"11,29000";"16,93790";"135,23460"
"11,30000";"16,95301";"136,11642"
"11,31000";"16,96801";"137,05467"
"11,32000";"16,98300";"138,06731"
"11,33000";"16,99799";"139,09093"
"11,34000";"17,01299";"140,11937"
"11,35000";"17,02798";"141,16881"
"11,36000";"17,04285";"142,25359"
"11,37000";"17,05773";"143,30394"
"11,38000";"17,07272";"144,33479"
"11,39000";"17,08783";"145,38530"
"11,40000";"17,10283";"146,46590"
"11,41000";"17,11782";"147,55742"
"11,42000";"17,13281";"148,63596"
"11,43000";"17,14792";"149,73082"
"11,44000";"17,16292";"150,82994"
"11,45000";"17,17779";"151,89391"
"11,46000";"17,19290";"152,91469"
"11,47000";"17,20801";"153,95215"
"11,48000";"17,22301";"155,01457"
"11,49000";"17,23800";"156,08217"
"11,50000";"17,25288";"157,12909"
"11,51000";"17,26799";"158,17288"
"11,52000";"17,28286";"159,24536"
"11,53000";"17,29774";"160,31972"
"11,54000";"17,31285";"161,41185"
"11,55000";"17,32784";"162,55031"
"11,56000";"17,34283";"163,69690"
"11,57000";"17,35783";"164,84274"
"11,58000";"17,37270";"165,95746"
"11,59000";"17,38781";"167,07166"
"11,60000";"17,40281";"168,21632"
"11,61000";"17,41780";"169,40294"
"11,62000";"17,43291";"170,62308"
"11,63000";"17,44802";"171,87355"
"11,64000";"17,46313";"173,16852"
"11,65000";"17,47812";"174,51854"
"11,66000";"17,49312";"175,90311"
"11,67000";"17,50799";"177,32976"
"11,68000";"17,52299";"178,78767"
"11,69000";"17,53786";"180,27966"
"11,70000";"17,55285";"181,83640"
"11,71000";"17,56785";"183,42648"
"11,72000";"17,58284";"185,03011"
"11,73000";"17,59783";"186,59889"
"11,74000";"17,61283";"188,14780"
"11,75000";"17,62782";"189,68111"
"11,76000";"17,64270";"191,20639"
"11,77000";"17,65769";"192,68367"
"11,78000";"17,67280";"194,15976"
"11,79000";"17,68779";"195,61438"
"11,80000";"17,70290";"197,01147"
"11,81000";"17,71789";"198,36845"
"11,82000";"17,73301";"199,72087"
"11,83000";"17,74800";"201,04285"
"11,84000";"17,76299";"202,32835"
"11,85000";"17,77799";"203,60460"
"11,86000";"17,79310";"204,94623"
"11,87000";"17,80821";"206,33678"
"11,88000";"17,82308";"207,73311"
"11,89000";"17,83808";"209,04265"
"11,90000";"17,85295";"210,32880"
"11,91000";"17,86783";"211,65039"
"11,92000";"17,88282";"212,98828"
"11,93000";"17,89793";"214,38980"
"11,94000";"17,91304";"215,95349"
"11,95000";"17,92804";"217,66489"
"11,96000";"17,94291";"219,44096"
"11,97000";"17,95790";"221,16771"
"11,98000";"17,97278";"222,86429"
"11,99000";"17,98777";"224,60254"
"12,00000";"18,00277";"226,36061"
"12,01000";"18,01787";"228,20934"
"12,02000";"18,03287";"230,18298"
"12,03000";"18,04798";"232,27917"
"12,04000";"18,06297";"234,43584"
"12,05000";"18,07797";"236,68451"
"12,06000";"18,09284";"239,03934"
"12,07000";"18,10783";"241,49611"
"12,08000";"18,12283";"244,06938"
"12,09000";"18,13782";"246,79016"
"12,10000";"18,15293";"249,64380"
"12,11000";"18,16792";"252,61935"
"12,12000";"18,18280";"255,60507"
"12,13000";"18,19779";"258,62979"
"12,14000";"18,21279";"261,79358"
"12,15000";"18,22766";"265,14685"
"12,16000";"18,24265";"268,57816"
"12,17000";"18,25765";"272,10739"
"12,18000";"18,27276";"275,79691"
"12,19000";"18,28775";"279,63602"
"12,20000";"18,30274";"283,65622"
"12,21000";"18,31774";"287,83411"
"12,22000";"18,33273";"292,12692"
"12,23000";"18,34772";"296,47308"
"12,24000";"18,36272";"300,92621"
"12,25000";"18,37783";"305,52106"
"12,26000";"18,39282";"310,29706"
"12,27000";"18,40781";"315,17889"
"12,28000";"18,42269";"320,17429"
"12,29000";"18,43768";"325,24396"
"12,30000";"18,45256";"330,38046"
"12,31000";"18,46755";"335,58124"
"12,32000";"18,48266";"340,96509"
"12,33000";"18,49777";"346,65167"
"12,33200";"18,50072";"347,81769"
"12,33400";"18,50379";"348,99005"
"12,34400";"18,51690";"354,85901"
"12,35400";"18,52433";"359,10883"
"12,36000";"18,52634";"359,15042"
"12,37000";"18,52551";"352,87857"
"12,38000";"18,52056";"337,19083"
"12,39000";"18,50911";"309,03070"
"12,40000";"18,49222";"261,88742"
"12,41000";"18,47203";"194,67577"
"12,42000";"18,45043";"118,88654"
"12,43000";"18,42847";"49,89982"
"12,44000";"18,40722";"-3,29424"
"12,45000";"18,38668";"-37,49549"
"12,46000";"18,36673";"-53,80227"
"12,47000";"18,34772";"-55,55763"
"12,48000";"18,32919";"-47,68386"
"12,49000";"18,31148";"-36,11845"
"12,50000";"18,29436";"-24,73234"
"12,51000";"18,27807";"-15,69781"
"12,52000";"18,26178";"-9,62649"
"12,53000";"18,24572";"-6,40113"
"12,54000";"18,23002";"-5,27276"
"12,55000";"18,21432";"-5,32765"
"12,56000";"18,19874";"-5,91366"
"12,57000";"18,18351";"-6,54125"
"12,58000";"18,16828";"-7,01794"
"12,59000";"18,15305";"-7,34669"
"12,60000";"18,13794";"-7,54589"
"12,61000";"18,12259";"-7,63062"
"12,62000";"18,10748";"-7,59676"
"12,63000";"18,09237";"-7,43656"
"12,64000";"18,07726";"-7,23113"
"12,65000";"18,06226";"-7,06635"
"12,66000";"18,04727";"-6,95158"
"12,67000";"18,03228";"-6,86983"
"12,68000";"18,01717";"-6,83387"
"12,69000";"18,00206";"-6,81695"
"12,70000";"17,98706";"-6,78888"
"12,71000";"17,97195";"-6,73733"
"12,72000";"17,95696";"-6,66515"
"12,73000";"17,94220";"-6,57898"
"12,74000";"17,92756";"-6,47630"
"12,75000";"17,91257";"-6,35571"
"12,76000";"17,89746";"-6,24113"
"12,77000";"17,88211";"-6,13918"
"12,78000";"17,86676";"-6,04765"
"12,79000";"17,85154";"-5,96184"
"12,80000";"17,83654";"-5,86705"
"12,81000";"17,82167";"-5,76479"
"12,82000";"17,80679";"-5,65293"
"12,83000";"17,79180";"-5,53620"
"12,84000";"17,77704";"-5,42932"
"12,85000";"17,76217";"-5,32493"
"12,86000";"17,74706";"-5,22901"
"12,87000";"17,73195";"-5,13255"
"12,88000";"17,71695";"-5,04680"
"12,89000";"17,70196";"-4,95784"
"12,90000";"17,68708";"-4,86739"
"12,91000";"17,67197";"-4,77503"
"12,92000";"17,65686";"-4,68209"
"12,93000";"17,64175";"-4,59105"
"12,94000";"17,62675";"-4,49480"
"12,95000";"17,61165";"-4,39658"
"12,96000";"17,59677";"-4,29770"
"12,97000";"17,58201";"-4,20003"
"12,98000";"17,56714";"-4,10846"
"12,99000";"17,55215";"-4,01638"
"13,00000";"17,53703";"-3,91141"
"13,01000";"17,52216";"-3,80161"
"13,02000";"17,50705";"-3,68536"
"13,03000";"17,49194";"-3,56755"
"13,04000";"17,47694";"-3,45069"
"13,05000";"17,46219";"-3,33971"
"13,06000";"17,44743";"-3,24348"
"13,07000";"17,43232";"-3,15741"
"13,08000";"17,41709";"-3,07673"
"13,09000";"17,40210";"-3,00931"
"13,10000";"17,38699";"-2,95228"
"13,11000";"17,37176";"-2,89096"
"13,12000";"17,35688";"-2,83238"
"13,13000";"17,34201";"-2,76823"
"13,14000";"17,32701";"-2,70719"
"13,15000";"17,31190";"-2,65174"
"13,16000";"17,29691";"-2,59841"
"13,17000";"17,28204";"-2,54268"
"13,18000";"17,26704";"-2,48462"
"13,19000";"17,25193";"-2,43073"
"13,20000";"17,23706";"-2,38084"
"13,21000";"17,22218";"-2,33169"
"13,22000";"17,20731";"-2,27814"
"13,23000";"17,19219";"-2,22265"
"13,24000";"17,17708";"-2,17019"
"13,25000";"17,16209";"-2,12433"
"13,26000";"17,14698";"-2,08434"
"13,27000";"17,13199";"-2,04738"
"13,28000";"17,11699";"-2,01344"
"13,29000";"17,10223";"-1,98247"
"13,30000";"17,08724";"-1,95395"
"13,31000";"17,07213";"-1,90947"
"13,32000";"17,05690";"-1,86513"
"13,33000";"17,04203";"-1,82088"
"13,34000";"17,02703";"-1,77755"
"13,35000";"17,01192";"-1,74501"
"13,36000";"16,99693";"-1,71490"
"13,37000";"16,98206";"-1,68421"
"13,38000";"16,96706";"-1,64984"
"13,39000";"16,95195";"-1,61820"
"13,40000";"16,93684";"-1,58918"
"13,41000";"16,92185";"-1,56951"
"13,42000";"16,90686";"-1,54724"
"13,43000";"16,89186";"-1,51338"
"13,44000";"16,87687";"-1,48096"
"13,45000";"16,86188";"-1,45121"
"13,46000";"16,84688";"-1,42637"
"13,47000";"16,83201";"-1,40401"
"13,48000";"16,81701";"-1,37015"
"13,49000";"16,80190";"-1,34707"
"13,50000";"16,78691";"-1,32722"
"13,51000";"16,77204";"-1,30573"
"13,52000";"16,75704";"-1,28505"
"13,53000";"16,74205";"-1,26046"
"13,54000";"16,72706";"-1,24438"
"13,55000";"16,71206";"-1,24594"
"13,56000";"16,69707";"-1,24118"
"13,57000";"16,68208";"-1,22713"
"13,58000";"16,66697";"-1,21905"
"13,59000";"16,65209";"-1,20967"
"13,60000";"16,63721";"-1,19138"
"13,61000";"16,62222";"-1,17009"
"13,62000";"16,60699";"-1,15382"
"13,63000";"16,59188";"-1,14502"
"13,64000";"16,57677";"-1,14105"
"13,65000";"16,56166";"-1,13614"
"13,66000";"16,54655";"-1,12823"
"13,67000";"16,53167";"-1,11259"
"13,68000";"16,51692";"-1,09900"
"13,69000";"16,50204";"-1,08926"
"13,70000";"16,48693";"-1,08243"
"13,71000";"16,47194";"-1,07080"
"13,72000";"16,45695";"-1,06777"
"13,73000";"16,44183";"-1,05899"
"13,74000";"16,42672";"-1,05202"
"13,75000";"16,41185";"-1,04612"
"13,76000";"16,39709";"-1,03455"
"13,77000";"16,38210";"-1,02212"
"13,78000";"16,36710";"-1,00415"
"13,79000";"16,35211";"-0,99820"
"13,80000";"16,33724";"-0,99435"
"13,81000";"16,32224";"-0,99195"
"13,82000";"16,30713";"-0,98199"
"13,83000";"16,29214";"-0,97567"
"13,84000";"16,27727";"-0,97091"
"13,85000";"16,26227";"-0,95539"
"13,86000";"16,24704";"-0,94431"
"13,87000";"16,23193";"-0,93514"
"13,88000";"16,21694";"-0,92694"
"13,89000";"16,20194";"-0,91341"
"13,90000";"16,18695";"-0,89426"
"13,91000";"16,17208";"-0,87904"
"13,92000";"16,15720";"-0,86983"
"13,93000";"16,14221";"-0,86207"
"13,94000";"16,12710";"-0,85429"
"13,95000";"16,11187";"-0,85763"
"13,96000";"16,09687";"-0,85394"
"13,97000";"16,08177";"-0,84899"
"13,98000";"16,06665";"-0,84098"
"13,99000";"16,05178";"-0,84341"
"14,00000";"16,03690";"-0,84250"
"14,01000";"16,02203";"-0,84263"
"14,02000";"16,00692";"-0,84060"
"14,03000";"15,99181";"-0,83264"
"14,04000";"15,97681";"-0,81967"
"14,05000";"15,96194";"-0,81780"
"14,06000";"15,94706";"-0,81900"
"14,07000";"15,93207";"-0,81725"
"14,08000";"15,91708";"-0,81631"
"14,09000";"15,90220";"-0,81766"
"14,10000";"15,88721";"-0,81268"
"14,11000";"15,87210";"-0,80203"
"14,12000";"15,85710";"-0,79954"
"14,13000";"15,84211";"-0,78984"
"14,14000";"15,82712";"-0,77337"
"14,15000";"15,81213";"-0,75716"
"14,16000";"15,79725";"-0,74821"
"14,17000";"15,78226";"-0,73822"
"14,18000";"15,76727";"-0,73090"
"14,19000";"15,75215";"-0,72033"
"14,20000";"15,73704";"-0,71956"
"14,21000";"15,72205";"-0,72961"
"14,22000";"15,70706";"-0,73116"
"14,23000";"15,69218";"-0,72741"
"14,24000";"15,67719";"-0,71867"
"14,25000";"15,66220";"-0,71192"
"14,26000";"15,64708";"-0,70798"
"14,27000";"15,63209";"-0,70009"
"14,28000";"15,61686";"-0,68306"
"14,29000";"15,60175";"-0,67578"
"14,30000";"15,58687";"-0,67032"
"14,31000";"15,57188";"-0,66376"
"14,32000";"15,55689";"-0,66157"
"14,33000";"15,54190";"-0,65931"
"14,34000";"15,52690";"-0,65854"
"14,35000";"15,51191";"-0,65262"
"14,36000";"15,49680";"-0,64997"
"14,37000";"15,48180";"-0,65219"
"14,38000";"15,46693";"-0,65463"
"14,39000";"15,45205";"-0,65109"
"14,40000";"15,43706";"-0,64064"
"14,41000";"15,42207";"-0,63032"
"14,42000";"15,40707";"-0,62343"
"14,43000";"15,39220";"-0,61103"
"14,44000";"15,37709";"-0,60713"
"14,45000";"15,36198";"-0,60534"
"14,46000";"15,34699";"-0,59939"
"14,47000";"15,33211";"-0,59403"
"14,48000";"15,31723";"-0,58317"
"14,49000";"15,30201";"-0,57210"
"14,50000";"15,28690";"-0,56857"
"14,51000";"15,27202";"-0,57037"
"14,52000";"15,25691";"-0,56576"
"14,53000";"15,24192";"-0,57036"
"14,54000";"15,22692";"-0,57193"
"14,55000";"15,21217";"-0,56566"
"14,56000";"15,19717";"-0,56090"
"14,57000";"15,18206";"-0,55938"
"14,58000";"15,16707";"-0,55675"
"14,59000";"15,15219";"-0,54673"
"14,60000";"15,13720";"-0,53824"
"14,61000";"15,12209";"-0,53520"
"14,62000";"15,10710";"-0,52349"
"14,63000";"15,09222";"-0,50727"
"14,64000";"15,07735";"-0,48982"
"14,65000";"15,06223";"-0,48307"
"14,66000";"15,04713";"-0,48045"
"14,67000";"15,03201";"-0,48124"
"14,68000";"15,01690";"-0,48635"
"14,69000";"15,00191";"-0,48275"
"14,70000";"14,98692";"-0,47842"
"14,71000";"14,97204";"-0,47347"
"14,72000";"14,95728";"-0,46769"
"14,73000";"14,94217";"-0,46365"
"14,74000";"14,92718";"-0,46059"
"14,75000";"14,91231";"-0,45161"
"14,76000";"14,89731";"-0,44289"
"14,77000";"14,88232";"-0,42942"
"14,78000";"14,86733";"-0,42413"
"14,79000";"14,85222";"-0,42653"
"14,80000";"14,83734";"-0,42926"
"14,81000";"14,82223";"-0,43180"
"14,82000";"14,80712";"-0,42679"
"14,83000";"14,79201";"-0,42078"
"14,84000";"14,77701";"-0,41374"
"14,85000";"14,76214";"-0,41130"
"14,86000";"14,74714";"-0,41190"
"14,87000";"14,73215";"-0,41033"
"14,88000";"14,71716";"-0,41261"
"14,89000";"14,70205";"-0,40956"
"14,90000";"14,68694";"-0,40484"
"14,91000";"14,67183";"-0,39894"
"14,92000";"14,65695";"-0,39624"
"14,93000";"14,64208";"-0,39447"
"14,94000";"14,62708";"-0,39288"
"14,95000";"14,61209";"-0,39164"
"14,96000";"14,59710";"-0,39105"
"14,97000";"14,58199";"-0,38491"
"14,98000";"14,56687";"-0,38275"
"14,99000";"14,55165";"-0,38573"
"15,00000";"14,53677";"-0,37960"
"15,01000";"14,52190";"-0,37173"
"15,02000";"14,50702";"-0,36377"
"15,03000";"14,49179";"-0,36215"
"15,04000";"14,47680";"-0,36414"
"15,05000";"14,46192";"-0,36480"
"15,06000";"14,44693";"-0,35071"
"15,07000";"14,43170";"-0,33177"
"15,08000";"14,41671";"-0,31847"
"15,09000";"14,40183";"-0,31167"
"15,10000";"14,38708";"-0,30577"
"15,11000";"14,37185";"-0,30234"
"15,12000";"14,35674";"-0,30412"
"15,13000";"14,34186";"-0,30914"
"15,14000";"14,32675";"-0,31499"
"15,15000";"14,31164";"-0,31775"
"15,16000";"14,29665";"-0,32101"
"15,17000";"14,28189";"-0,32255"
"15,18000";"14,26713";"-0,31307"
"15,19000";"14,25202";"-0,30853"
"15,20000";"14,23679";"-0,30605"
"15,21000";"14,22180";"-0,30217"
"15,22000";"14,20681";"-0,29628"
"15,23000";"14,19169";"-0,29318"
"15,24000";"14,17670";"-0,29428"
"15,25000";"14,16194";"-0,29618"
"15,26000";"14,14719";"-0,29343"
"15,27000";"14,13219";"-0,29309"
"15,28000";"14,11685";"-0,29037"
"15,29000";"14,10185";"-0,28950"
"15,30000";"14,08686";"-0,28560"
"15,31000";"14,07187";"-0,28359"
"15,32000";"14,05676";"-0,28825"
"15,33000";"14,04188";"-0,28454"
"15,34000";"14,02713";"-0,27666"
"15,35000";"14,01225";"-0,26730"
"15,36000";"13,99714";"-0,26982"
"15,37000";"13,98226";"-0,27423"
"15,38000";"13,96727";"-0,27848"
"15,39000";"13,95228";"-0,27739"
"15,40000";"13,93717";"-0,27902"
"15,41000";"13,92229";"-0,28572"
"15,42000";"13,90742";"-0,28800"
"15,43000";"13,89231";"-0,28567"
"15,44000";"13,87708";"-0,28149"
"15,45000";"13,86196";"-0,28343"
"15,46000";"13,84697";"-0,28674"
"15,47000";"13,83198";"-0,28243"
"15,48000";"13,81699";"-0,28437"
"15,49000";"13,80211";"-0,27618"
"15,50000";"13,78712";"-0,27334"
"15,51000";"13,77212";"-0,27334"
"15,52000";"13,75690";"-0,26947"
"15,53000";"13,74179";"-0,26552"
"15,54000";"13,72679";"-0,25649"
"15,55000";"13,71192";"-0,25452"
"15,56000";"13,69692";"-0,25252"
"15,57000";"13,68193";"-0,24737"
"15,58000";"13,66717";"-0,24772"
"15,59000";"13,65218";"-0,24773"
"15,60000";"13,63707";"-0,24712"
"15,61000";"13,62196";"-0,24573"
"15,62000";"13,60685";"-0,24252"
"15,63000";"13,59185";"-0,23412"
"15,64000";"13,57698";"-0,22908"
"15,65000";"13,56199";"-0,22600"
"15,66000";"13,54688";"-0,22354"
"15,67000";"13,53200";"-0,22263"
"15,68000";"13,51701";"-0,22258"
"15,69000";"13,50190";"-0,22183"
"15,70000";"13,48678";"-0,21551"
"15,71000";"13,47191";"-0,20893"
"15,72000";"13,45704";"-0,19872"
"15,73000";"13,44204";"-0,20070"
"15,74000";"13,42705";"-0,20362"
"15,75000";"13,41206";"-0,20588"
"15,76000";"13,39706";"-0,20903"
"15,77000";"13,38195";"-0,21089"
"15,78000";"13,36684";"-0,21339"
"15,79000";"13,35185";"-0,21850"
"15,80000";"13,33709";"-0,21947"
"15,81000";"13,32222";"-0,22133"
"15,82000";"13,30699";"-0,22901"
"15,83000";"13,29199";"-0,23746"
"15,84000";"13,27700";"-0,23732"
"15,85000";"13,26189";"-0,23163"
"15,86000";"13,24666";"-0,23087"
"15,87000";"13,23167";"-0,23129"
"15,88000";"13,21703";"-0,23890"
"15,89000";"13,20215";"-0,23775"
"15,90000";"13,18704";"-0,23341"
"15,91000";"13,17193";"-0,23062"
"15,92000";"13,15694";"-0,22707"
"15,93000";"13,14183";"-0,22940"
"15,94000";"13,12671";"-0,22631"
"15,95000";"13,11172";"-0,22138"
"15,96000";"13,09685";"-0,22929"
"15,97000";"13,08209";"-0,23228"
"15,98000";"13,06710";"-0,23550"
"15,99000";"13,05187";"-0,24412"
"16,00000";"13,03699";"-0,24573"
"16,01000";"13,02200";"-0,24043"
"16,02000";"13,00689";"-0,23533"
"16,03000";"12,99189";"-0,23541"
"16,04000";"12,97702";"-0,24359"
"16,05000";"12,96215";"-0,24344"
"16,06000";"12,94715";"-0,24308"
"16,07000";"12,93192";"-0,23789"
"16,08000";"12,91693";"-0,22761"
"16,09000";"12,90205";"-0,22195"
"16,10000";"12,88694";"-0,21966"
"16,11000";"12,87195";"-0,21961"
"16,12000";"12,85708";"-0,22325"
"16,13000";"12,84232";"-0,22928"
"16,14000";"12,82721";"-0,23109"
"16,15000";"12,81198";"-0,22988"
"16,16000";"12,79699";"-0,23161"
"16,17000";"12,78211";"-0,23185"
"16,18000";"12,76700";"-0,22661"
"16,19000";"12,75201";"-0,23218"
"16,20000";"12,73713";"-0,24102"
"16,21000";"12,72226";"-0,24286"
"16,22000";"12,70715";"-0,23797"
"16,23000";"12,69192";"-0,23907"
"16,24000";"12,67681";"-0,23740"
"16,25000";"12,66169";"-0,22895"
"16,26000";"12,64670";"-0,22942"
"16,27000";"12,63171";"-0,23247"
"16,28000";"12,61683";"-0,23125"
"16,29000";"12,60196";"-0,23097"
"16,30000";"12,58697";"-0,23157"
"16,31000";"12,57197";"-0,23073"
"16,32000";"12,55686";"-0,22888"
"16,33000";"12,54187";"-0,22467"
"16,34000";"12,52688";"-0,21107"
"16,35000";"12,51200";"-0,19035"
"16,36000";"12,49701";"-0,16956"
"16,37000";"12,48201";"-0,15852"
"16,38000";"12,46690";"-0,16050"
"16,39000";"12,45191";"-0,16011"
"16,40000";"12,43680";"-0,16469"
"16,41000";"12,42169";"-0,16522"
"16,42000";"12,40681";"-0,16894"
"16,43000";"12,39206";"-0,16721"
"16,44000";"12,37718";"-0,16350"
"16,45000";"12,36207";"-0,16612"
"16,46000";"12,34708";"-0,16532"
"16,47000";"12,33196";"-0,15898"
"16,48000";"12,31685";"-0,16259"
"16,49000";"12,30186";"-0,15972"
"16,50000";"12,28675";"-0,15826"
"16,51000";"12,27188";"-0,15940"
"16,52000";"12,25700";"-0,16021"
"16,53000";"12,24201";"-0,16623"
"16,54000";"12,22701";"-0,17009"
"16,55000";"12,21190";"-0,16721"
"16,56000";"12,19691";"-0,16458"
"16,57000";"12,18180";"-0,16430"
"16,58000";"12,16681";"-0,16550"
"16,59000";"12,15193";"-0,16452"
"16,60000";"12,13706";"-0,16620"
"16,61000";"12,12206";"-0,16751"
"16,62000";"12,10707";"-0,16894"
"16,63000";"12,09219";"-0,16958"
"16,64000";"12,07720";"-0,16722"
"16,65000";"12,06221";"-0,16353"
"16,66000";"12,04722";"-0,16150"
"16,67000";"12,03234";"-0,16233"
"16,68000";"12,01735";"-0,15635"
"16,69000";"12,00224";"-0,15925"
"16,70000";"11,98701";"-0,15432"
"16,71000";"11,97190";"-0,14996"
"16,72000";"11,95679";"-0,14726"
"16,73000";"11,94179";"-0,14295"
"16,74000";"11,92680";"-0,14336"
"16,75000";"11,91204";"-0,14616"
"16,76000";"11,89717";"-0,14962"
"16,77000";"11,88206";"-0,14950"
"16,78000";"11,86683";"-0,14975"
"16,79000";"11,85183";"-0,16179"
"16,80000";"11,83684";"-0,16395"
"16,81000";"11,82185";"-0,16495"
"16,82000";"11,80685";"-0,16694"
"16,83000";"11,79186";"-0,16887"
"16,84000";"11,77699";"-0,16501"
"16,85000";"11,76199";"-0,16144"
"16,86000";"11,74688";"-0,16479"
"16,87000";"11,73177";"-0,16673"
"16,88000";"11,71690";"-0,16579"
"16,89000";"11,70190";"-0,15408"
"16,90000";"11,68703";"-0,14987"
"16,91000";"11,67204";"-0,14739"
"16,92000";"11,65704";"-0,14741"
"16,93000";"11,64205";"-0,14999"
"16,94000";"11,62706";"-0,15565"
"16,95000";"11,61195";"-0,16264"
"16,96000";"11,59695";"-0,16427"
"16,97000";"11,58196";"-0,16885"
"16,98000";"11,56708";"-0,16858"
"16,99000";"11,55209";"-0,16567"
"17,00000";"11,53710";"-0,15622"
"17,01000";"11,52199";"-0,15857"
"17,02000";"11,50699";"-0,15661"
"17,03000";"11,49188";"-0,15712"
"17,04000";"11,47689";"-0,16363"
"17,05000";"11,46201";"-0,16780"
"17,06000";"11,44714";"-0,17127"
"17,07000";"11,43215";"-0,17161"
"17,08000";"11,41715";"-0,16798"
"17,09000";"11,40204";"-0,17336"
"17,10000";"11,38705";"-0,17459"
"17,11000";"11,37194";"-0,17547"
"17,12000";"11,35683";"-0,17472"
"17,13000";"11,34183";"-0,16609"
"17,14000";"11,32696";"-0,16028"
"17,15000";"11,31196";"-0,15894"
"17,16000";"11,29697";"-0,16144"
"17,17000";"11,28198";"-0,16192"
"17,18000";"11,26699";"-0,16664"
"17,19000";"11,25211";"-0,17374"
"17,20000";"11,23700";"-0,18026"
"17,21000";"11,22201";"-0,18672"
"17,22000";"11,20713";"-0,18892"
"17,23000";"11,19202";"-0,19154"
"17,24000";"11,17691";"-0,19059"
"17,25000";"11,16192";"-0,19533"
"17,26000";"11,14704";"-0,19462"
"17,27000";"11,13205";"-0,18732"
"17,28000";"11,11694";"-0,18324"
"17,29000";"11,10194";"-0,18398"
"17,30000";"11,08719";"-0,18521"
"17,31000";"11,07219";"-0,18600"
"17,32000";"11,05708";"-0,18865"
"17,33000";"11,04197";"-0,19611"
"17,34000";"11,02686";"-0,19929"
"17,35000";"11,01187";"-0,19011"
"17,36000";"10,99688";"-0,17880"
"17,37000";"10,98188";"-0,17552"
"17,38000";"10,96701";"-0,17661"
"17,39000";"10,95213";"-0,17624"
"17,40000";"10,93702";"-0,17314"
"17,41000";"10,92179";"-0,17132"
"17,42000";"10,90680";"-0,17385"
"17,43000";"10,89181";"-0,17456"
"17,44000";"10,87681";"-0,17405"
"17,45000";"10,86182";"-0,17617"
"17,46000";"10,84694";"-0,17823"
"17,47000";"10,83207";"-0,18193"
"17,48000";"10,81696";"-0,18635"
"17,49000";"10,80173";"-0,19141"
"17,50000";"10,78686";"-0,19162"
"17,51000";"10,77198";"-0,18776"
"17,52000";"10,75699";"-0,18436"
"17,53000";"10,74199";"-0,18660"
"17,54000";"10,72712";"-0,19066"
"17,55000";"10,71224";"-0,18319"
"17,56000";"10,69725";"-0,17991"
"17,57000";"10,68226";"-0,17995"
"17,58000";"10,66715";"-0,17883"
"17,59000";"10,65215";"-0,17768"
"17,60000";"10,63728";"-0,17825"
"17,61000";"10,62217";"-0,18253"
"17,62000";"10,60717";"-0,18787"
"17,63000";"10,59230";"-0,18522"
"17,64000";"10,57719";"-0,17954"
"17,65000";"10,56208";"-0,17631"
"17,66000";"10,54708";"-0,17088"
"17,67000";"10,53197";"-0,16919"
"17,68000";"10,51710";"-0,16691"
"17,69000";"10,50222";"-0,17122"
"17,70000";"10,48735";"-0,17564"
"17,71000";"10,47247";"-0,18473"
"17,72000";"10,45736";"-0,18219"
"17,73000";"10,44225";"-0,17584"
"17,74000";"10,42714";"-0,17040"
"17,75000";"10,41215";"-0,16135"
"17,76000";"10,39727";"-0,14892"
"17,77000";"10,38228";"-0,14747"
"17,78000";"10,36729";"-0,15067"
"17,79000";"10,35217";"-0,15682"
"17,80000";"10,33718";"-0,15537"
"17,81000";"10,32207";"-0,15897"
"17,82000";"10,30684";"-0,16023"
"17,83000";"10,29185";"-0,16184"
"17,84000";"10,27697";"-0,15981"
"17,85000";"10,26198";"-0,15461"
"17,86000";"10,24687";"-0,16163"
"17,87000";"10,23199";"-0,16907"
"17,88000";"10,21700";"-0,17236"
"17,89000";"10,20213";"-0,16589"
"17,90000";"10,18713";"-0,15808"
"17,91000";"10,17190";"-0,15250"
"17,92000";"10,15703";"-0,14735"
"17,93000";"10,14204";"-0,14829"
"17,94000";"10,12692";"-0,14597"
"17,95000";"10,11169";"-0,14243"
"17,96000";"10,09670";"-0,14505"
"17,97000";"10,08171";"-0,14405"
"17,98000";"10,06660";"-0,14956"
"17,99000";"10,05160";"-0,16251"
"18,00000";"10,03673";"-0,16853"
"18,01000";"10,02185";"-0,17148"
"18,02000";"10,00698";"-0,17462"
"18,03000";"9,99187";"-0,16200"
"18,04000";"9,97688";"-0,14910"
"18,05000";"9,96200";"-0,13604"
"18,06000";"9,94689";"-0,12143"
"18,07000";"9,93190";"-0,12026"
"18,08000";"9,91690";"-0,12632"
"18,09000";"9,90215";"-0,13521"
"18,10000";"9,88715";"-0,13789"
"18,11000";"9,87204";"-0,13406"
"18,12000";"9,85681";"-0,13241"
"18,13000";"9,84194";"-0,13431"
"18,14000";"9,82683";"-0,14069"
"18,15000";"9,81183";"-0,14119"
"18,16000";"9,79696";"-0,13558"
"18,17000";"9,78208";"-0,12934"
"18,18000";"9,76721";"-0,11715"
"18,19000";"9,75210";"-0,10537"
"18,20000";"9,73699";"-0,09878"
"18,21000";"9,72211";"-0,09217"
"18,22000";"9,70712";"-0,09241"
"18,23000";"9,69213";"-0,09480"
"18,24000";"9,67701";"-0,08960"
"18,25000";"9,66202";"-0,08861"
"18,26000";"9,64715";"-0,09550"
"18,27000";"9,63204";"-0,09712"
"18,28000";"9,61692";"-0,10126"
"18,29000";"9,60193";"-0,10407"
"18,30000";"9,58706";"-0,09804"
"18,31000";"9,57206";"-0,09043"
"18,32000";"9,55719";"-0,08515"
"18,33000";"9,54220";"-0,09438"
"18,34000";"9,52732";"-0,09564"
"18,35000";"9,51233";"-0,09350"
"18,36000";"9,49710";"-0,09421"
"18,37000";"9,48199";"-0,09680"
"18,38000";"9,46711";"-0,09113"
"18,39000";"9,45212";"-0,08106"
"18,40000";"9,43713";"-0,07070"
"18,41000";"9,42213";"-0,06742"
"18,42000";"9,40726";"-0,06133"
"18,43000";"9,39215";"-0,06038"
"18,44000";"9,37704";"-0,05975"
"18,45000";"9,36180";"-0,05932"
"18,46000";"9,34693";"-0,06329"
"18,47000";"9,33206";"-0,06772"
"18,48000";"9,31706";"-0,06906"
"18,49000";"9,30207";"-0,07579"
"18,50000";"9,28708";"-0,07775"
"18,51000";"9,27220";"-0,07874"
"18,52000";"9,25721";"-0,07805"
"18,53000";"9,24210";"-0,07631"
"18,54000";"9,22699";"-0,07927"
"18,55000";"9,21199";"-0,07500"
"18,56000";"9,19700";"-0,07929"
"18,57000";"9,18189";"-0,08531"
"18,58000";"9,16690";"-0,08609"
"18,59000";"9,15190";"-0,08262"
"18,60000";"9,13691";"-0,07251"
"18,61000";"9,12180";"-0,07384"
"18,62000";"9,10681";"-0,08351"
"18,63000";"9,09205";"-0,08949"
"18,64000";"9,07717";"-0,09092"
"18,65000";"9,06206";"-0,09390"
"18,66000";"9,04695";"-0,09443"
"18,67000";"9,03196";"-0,09299"
"18,68000";"9,01708";"-0,08944"
"18,69000";"9,00197";"-0,08614"
"18,70000";"8,98686";"-0,08264"
"18,71000";"8,97187";"-0,07960"
"18,72000";"8,95699";"-0,08020"
"18,73000";"8,94200";"-0,07758"
"18,74000";"8,92689";"-0,07373"
"18,75000";"8,91190";"-0,06870"
"18,76000";"8,89702";"-0,06659"
"18,77000";"8,88191";"-0,06167"
"18,78000";"8,86680";"-0,06226"
"18,79000";"8,85192";"-0,06774"
"18,80000";"8,83717";"-0,07158"
"18,81000";"8,82217";"-0,06888"
"18,82000";"8,80694";"-0,05940"
"18,83000";"8,79195";"-0,05153"
"18,84000";"8,77708";"-0,05291"
"18,85000";"8,76208";"-0,05965"
"18,86000";"8,74709";"-0,06007"
"18,87000";"8,73210";"-0,06264"
"18,88000";"8,71734";"-0,06350"
"18,89000";"8,70247";"-0,06797"
"18,90000";"8,68724";"-0,06972"
"18,91000";"8,67224";"-0,06714"
"18,92000";"8,65725";"-0,05760"
"18,93000";"8,64214";"-0,04932"
"18,94000";"8,62715";"-0,04431"
"18,95000";"8,61215";"-0,04444"
"18,96000";"8,59728";"-0,04972"
"18,97000";"8,58240";"-0,05626"
"18,98000";"8,56717";"-0,06538"
"18,99000";"8,55206";"-0,07050"
"19,00000";"8,53707";"-0,06907"
"19,01000";"8,52196";"-0,06846"
"19,02000";"8,50685";"-0,06078"
"19,03000";"8,49174";"-0,05512"
"19,04000";"8,47686";"-0,05786"
"19,05000";"8,46199";"-0,06744"
"19,06000";"8,44676";"-0,07435"
"19,07000";"8,43165";"-0,07788"
"19,08000";"8,41665";"-0,08123"
"19,09000";"8,40166";"-0,07083"
"19,10000";"8,38679";"-0,06571"
"19,11000";"8,37179";"-0,06071"
"19,12000";"8,35680";"-0,06127"
"19,13000";"8,34204";"-0,06469"
"19,14000";"8,32693";"-0,06226"
"19,15000";"8,31194";"-0,06428"
"19,16000";"8,29683";"-0,06246"
"19,17000";"8,28183";"-0,06311"
"19,18000";"8,26684";"-0,06739"
"19,19000";"8,25185";"-0,06535"
"19,20000";"8,23685";"-0,06084"
"19,21000";"8,22186";"-0,05183"
"19,22000";"8,20687";"-0,04773"
"19,23000";"8,19176";"-0,04932"
"19,24000";"8,17665";"-0,05940"
"19,25000";"8,16177";"-0,06385"
"19,26000";"8,14701";"-0,06149"
"19,27000";"8,13202";"-0,06314"
"19,28000";"8,11703";"-0,06220"
"19,29000";"8,10192";"-0,05755"
"19,30000";"8,08692";"-0,06021"
"19,31000";"8,07181";"-0,06008"
"19,32000";"8,05670";"-0,05643"
"19,33000";"8,04183";"-0,05376"
"19,34000";"8,02707";"-0,05085"
"19,35000";"8,01220";"-0,04987"
"19,36000";"7,99720";"-0,04560"
"19,37000";"7,98209";"-0,05006"
"19,38000";"7,96710";"-0,05645"
"19,39000";"7,95199";"-0,05431"
"19,40000";"7,93688";"-0,04856"
"19,41000";"7,92188";"-0,04062"
"19,42000";"7,90701";"-0,03698"
"19,43000";"7,89213";"-0,03559"
"19,44000";"7,87714";"-0,03711"
"19,45000";"7,86203";"-0,04850"
"19,46000";"7,84692";"-0,05256"
"19,47000";"7,83192";"-0,05296"
"19,48000";"7,81681";"-0,05533"
"19,49000";"7,80182";"-0,05414"
"19,50000";"7,78694";"-0,05059"
"19,51000";"7,77219";"-0,04277"
"19,52000";"7,75719";"-0,04483"
"19,53000";"7,74208";"-0,04888"
"19,54000";"7,72709";"-0,04700"
"19,55000";"7,71210";"-0,03790"
"19,56000";"7,69699";"-0,03585"
"19,57000";"7,68199";"-0,04065"
"19,58000";"7,66712";"-0,04076"
"19,59000";"7,65224";"-0,04425"
"19,60000";"7,63725";"-0,04771"
"19,61000";"7,62202";"-0,05771"
"19,62000";"7,60691";"-0,06274"
"19,63000";"7,59192";"-0,05758"
"19,64000";"7,57692";"-0,04628"
"19,65000";"7,56169";"-0,03910"
"19,66000";"7,54682";"-0,04167"
"19,67000";"7,53206";"-0,04679"
"19,68000";"7,51707";"-0,05005"
"19,69000";"7,50184";"-0,04871"
"19,70000";"7,48685";"-0,05525"
"19,71000";"7,47185";"-0,06201"
"19,72000";"7,45686";"-0,05627"
"19,73000";"7,44187";"-0,05342"
"19,74000";"7,42687";"-0,05932"
"19,75000";"7,41188";"-0,05616"
"19,76000";"7,39689";"-0,04672"
"19,77000";"7,38190";"-0,04495"
"19,78000";"7,36679";"-0,04616"
"19,79000";"7,35179";"-0,04708"
"19,80000";"7,33680";"-0,04566"
"19,81000";"7,32181";"-0,04295"
"19,82000";"7,30693";"-0,03948"
"19,83000";"7,29194";"-0,03698"
"19,84000";"7,27694";"-0,03763"
"19,85000";"7,26195";"-0,04029"
"19,86000";"7,24684";"-0,04736"
"19,87000";"7,23173";"-0,05108"
"19,88000";"7,21674";"-0,04454"
"19,89000";"7,20186";"-0,03650"
"19,90000";"7,18699";"-0,03465"
"19,91000";"7,17199";"-0,03556"
"19,92000";"7,15700";"-0,04260"
"19,93000";"7,14201";"-0,05251"
"19,94000";"7,12701";"-0,05863"
"19,95000";"7,11190";"-0,05828"
"19,96000";"7,09691";"-0,05175"
"19,97000";"7,08204";"-0,04557"
"19,98000";"7,06704";"-0,04336"
"19,99000";"7,05205";"-0,04206"
"20,00000";"7,03694";"-0,04522"
"20,01000";"7,02194";"-0,05048"
"20,02000";"7,00683";"-0,05226"
"20,03000";"6,99184";"-0,05268"
"20,04000";"6,97685";"-0,05252"
"20,05000";"6,96209";"-0,04488"
"20,06000";"6,94722";"-0,04183"
"20,07000";"6,93222";"-0,04736"
"20,08000";"6,91723";"-0,05544"
"20,09000";"6,90224";"-0,05895"
"20,10000";"6,88724";"-0,06397"
"20,11000";"6,87213";"-0,05911"
"20,12000";"6,85714";"-0,06094"
"20,13000";"6,84215";"-0,05175"
"20,14000";"6,82727";"-0,04529"
"20,15000";"6,81228";"-0,04268"
"20,16000";"6,79717";"-0,04675"
"20,17000";"6,78229";"-0,04775"
"20,18000";"6,76718";"-0,04751"
"20,19000";"6,75195";"-0,04448"
"20,20000";"6,73672";"-0,04359"
"20,21000";"6,72185";"-0,04568"
"20,22000";"6,70697";"-0,05022"
"20,23000";"6,69186";"-0,05175"
"20,24000";"6,67675";"-0,05401"
"20,25000";"6,66176";"-0,05632"
"20,26000";"6,64688";"-0,05877"
"20,27000";"6,63177";"-0,05932"
"20,28000";"6,61678";"-0,05568"
"20,29000";"6,60190";"-0,05631"
"20,30000";"6,58715";"-0,05383"
"20,31000";"6,57227";"-0,05112"
"20,32000";"6,55716";"-0,05614"
"20,33000";"6,54205";"-0,05673"
"20,34000";"6,52706";"-0,04942"
"20,35000";"6,51183";"-0,04185"
"20,36000";"6,49683";"-0,04372"
"20,37000";"6,48184";"-0,04992"
"20,38000";"6,46696";"-0,05566"
"20,39000";"6,45197";"-0,05815"
"20,40000";"6,43698";"-0,05782"
"20,41000";"6,42199";"-0,06525"
"20,42000";"6,40711";"-0,06377"
"20,43000";"6,39212";"-0,05907"
"20,44000";"6,37724";"-0,05448"
"20,45000";"6,36249";"-0,05052"
"20,46000";"6,34761";"-0,05226"
"20,47000";"6,33238";"-0,05960"
"20,48000";"6,31703";"-0,06977"
"20,49000";"6,30192";"-0,07775"
"20,50000";"6,28669";"-0,07865"
"20,51000";"6,27170";"-0,06961"
"20,52000";"6,25683";"-0,05561"
"20,53000";"6,24183";"-0,04956"
"20,54000";"6,22684";"-0,05222"
"20,55000";"6,21185";"-0,05191"
"20,56000";"6,19674";"-0,04919"
"20,57000";"6,18174";"-0,04949"
"20,58000";"6,16663";"-0,04565"
"20,59000";"6,15176";"-0,04387"
"20,60000";"6,13688";"-0,04485"
"20,61000";"6,12201";"-0,04501"
"20,62000";"6,10701";"-0,05117"
"20,63000";"6,09202";"-0,04822"
"20,64000";"6,07703";"-0,04547"
"20,65000";"6,06192";"-0,04997"
"20,66000";"6,04681";"-0,04946"
"20,67000";"6,03193";"-0,04997"
"20,68000";"6,01706";"-0,05118"
"20,69000";"6,00206";"-0,05771"
"20,70000";"5,98707";"-0,06606"
"20,71000";"5,97196";"-0,07021"
"20,72000";"5,95708";"-0,06855"
"20,73000";"5,94197";"-0,05907"
"20,74000";"5,92698";"-0,05157"
"20,75000";"5,91199";"-0,05901"
"20,76000";"5,89711";"-0,05939"
"20,77000";"5,88212";"-0,05639"
"20,78000";"5,86701";"-0,05628"
"20,79000";"5,85190";"-0,06186"
"20,80000";"5,83690";"-0,06386"
"20,81000";"5,82191";"-0,05945"
"20,82000";"5,80680";"-0,04411"
"20,83000";"5,79192";"-0,03618"
"20,84000";"5,77717";"-0,03016"
"20,85000";"5,76229";"-0,02904"
"20,86000";"5,74718";"-0,02964"
"20,87000";"5,73207";"-0,04014"
"20,88000";"5,71719";"-0,05236"
"20,89000";"5,70220";"-0,06121"
"20,90000";"5,68721";"-0,06464"
"20,91000";"5,67210";"-0,05938"
"20,92000";"5,65710";"-0,05682"
"20,93000";"5,64223";"-0,05480"
"20,94000";"5,62700";"-0,05571"
"20,95000";"5,61177";"-0,05868"
"20,96000";"5,59678";"-0,05974"
"20,97000";"5,58179";"-0,05644"
"20,98000";"5,56679";"-0,05291"
"20,99000";"5,55180";"-0,04624"
"21,00000";"5,53692";"-0,04461"
"21,01000";"5,52217";"-0,03927"
"21,02000";"5,50706";"-0,03312"
"21,03000";"5,49194";"-0,03473"
"21,04000";"5,47695";"-0,04172"
"21,05000";"5,46196";"-0,04198"
"21,06000";"5,44685";"-0,03817"
"21,07000";"5,43185";"-0,03233"
"21,08000";"5,41698";"-0,02885"
"21,09000";"5,40210";"-0,02635"
"21,10000";"5,38711";"-0,02407"
"21,11000";"5,37200";"-0,02857"
"21,12000";"5,35701";"-0,03597"
"21,13000";"5,34201";"-0,03690"
"21,14000";"5,32714";"-0,04037"
"21,15000";"5,31215";"-0,04272"
"21,16000";"5,29715";"-0,04710"
"21,17000";"5,28228";"-0,05091"
"21,18000";"5,26728";"-0,05440"
"21,19000";"5,25217";"-0,05536"
"21,20000";"5,23706";"-0,05448"
"21,21000";"5,22195";"-0,05496"
"21,22000";"5,20696";"-0,05329"
"21,23000";"5,19197";"-0,05112"
"21,24000";"5,17697";"-0,05045"
"21,25000";"5,16210";"-0,04903"
"21,26000";"5,14722";"-0,04251"
"21,27000";"5,13211";"-0,03282"
"21,28000";"5,11700";"-0,03565"
"21,29000";"5,10189";"-0,03839"
"21,30000";"5,08701";"-0,04125"
"21,31000";"5,07202";"-0,04394"
"21,32000";"5,05715";"-0,04236"
"21,33000";"5,04215";"-0,04147"
"21,34000";"5,02716";"-0,03600"
"21,35000";"5,01205";"-0,02897"
"21,36000";"4,99694";"-0,02908"
"21,37000";"4,98171";"-0,02839"
"21,38000";"4,96683";"-0,02579"
"21,39000";"4,95196";"-0,02951"
"21,40000";"4,93685";"-0,02648"
"21,41000";"4,92185";"-0,02110"
"21,42000";"4,90686";"-0,01513"
"21,43000";"4,89187";"-0,00978"
"21,44000";"4,87688";"-0,00899"
"21,45000";"4,86176";"-0,01318"
"21,46000";"4,84677";"-0,01307"
"21,47000";"4,83213";"-0,01609"
"21,48000";"4,81714";"-0,01282"
"21,49000";"4,80215";"-0,01430"
"21,50000";"4,78703";"-0,01886"
"21,51000";"4,77216";"-0,02189"
"21,52000";"4,75705";"-0,03029"
"21,53000";"4,74182";"-0,03042"
"21,54000";"4,72694";"-0,03065"
"21,55000";"4,71207";"-0,02660"
"21,56000";"4,69731";"-0,01893"
"21,57000";"4,68220";"-0,01990"
"21,58000";"4,66697";"-0,02421"
"21,59000";"4,65210";"-0,02628"
"21,60000";"4,63710";"-0,03045"
"21,61000";"4,62187";"-0,03279"
"21,62000";"4,60688";"-0,03830"
"21,63000";"4,59201";"-0,03545"
"21,64000";"4,57713";"-0,02837"
"21,65000";"4,56202";"-0,02092"
"21,66000";"4,54703";"-0,01090"
"21,67000";"4,53215";"-0,00267"
"21,68000";"4,51740";"0,00390"
"21,69000";"4,50228";"0,00925"
"21,70000";"4,48729";"0,00200"
"21,71000";"4,47242";"-0,00078"
"21,72000";"4,45754";"-0,00206"
"21,73000";"4,44243";"-0,00069"
"21,74000";"4,42720";"0,00176"
"21,75000";"4,41221";"-0,00212"
"21,76000";"4,39710";"-0,01324"
"21,77000";"4,38199";"-0,01337"
"21,78000";"4,36687";"-0,01178"
"21,79000";"4,35200";"-0,00579"
"21,80000";"4,33712";"0,00019"
"21,81000";"4,32213";"0,00024"
"21,82000";"4,30690";"-0,00579"
"21,83000";"4,29203";"-0,01287"
"21,84000";"4,27715";"-0,02088"
"21,85000";"4,26216";"-0,02346"
"21,86000";"4,24717";"-0,01420"
"21,87000";"4,23229";"-0,01571"
"21,88000";"4,21754";"-0,01623"
"21,89000";"4,20254";"-0,01919"
"21,90000";"4,18731";"-0,01924"
"21,91000";"4,17208";"-0,01852"
"21,92000";"4,15709";"-0,01406"
"21,93000";"4,14222";"-0,00022"
"21,94000";"4,12710";"0,01180"
"21,95000";"4,11199";"0,01950"
"21,96000";"4,09700";"0,01960"
"21,97000";"4,08213";"0,02065"
"21,98000";"4,06701";"0,02170"
"21,99000";"4,05190";"0,02284"
"22,00000";"4,03691";"0,01941"
"22,01000";"4,02203";"0,01815"
"22,02000";"4,00704";"0,01317"
"22,03000";"3,99193";"0,01117"
"22,04000";"3,97694";"0,00923"
"22,05000";"3,96194";"0,00644"
"22,06000";"3,94683";"0,00427"
"22,07000";"3,93172";"-0,00210"
"22,08000";"3,91673";"-0,00238"
"22,09000";"3,90185";"-0,00164"
"22,10000";"3,88710";"-0,00475"
"22,11000";"3,87187";"-0,00915"
"22,12000";"3,85676";"-0,01849"
"22,13000";"3,84176";"-0,02346"
"22,14000";"3,82677";"-0,01717"
"22,15000";"3,81154";"-0,00815"
"22,16000";"3,79655";"-0,01185"
"22,17000";"3,78179";"-0,01806"
"22,18000";"3,76692";"-0,02064"
"22,19000";"3,75192";"-0,01534"
"22,20000";"3,73681";"-0,01532"
"22,21000";"3,72170";"-0,01962"
"22,22000";"3,70683";"-0,00884"
"22,23000";"3,69160";"0,00601"
"22,24000";"3,67649";"0,00998"
"22,25000";"3,66173";"0,01314"
"22,26000";"3,64697";"0,01235"
"22,27000";"3,63198";"0,01212"
"22,28000";"3,61699";"0,00198"
"22,29000";"3,60199";"-0,00679"
"22,30000";"3,58712";"-0,01198"
"22,31000";"3,57212";"-0,01285"
"22,32000";"3,55701";"-0,00729"
"22,33000";"3,54202";"-0,00393"
"22,34000";"3,52726";"-0,00043"
"22,35000";"3,51227";"-0,00317"
"22,36000";"3,49704";"-0,00217"
"22,37000";"3,48193";"-0,00094"
"22,38000";"3,46706";"-0,00281"
"22,39000";"3,45194";"0,00458"
"22,40000";"3,43695";"0,01080"
"22,41000";"3,42208";"0,00837"
"22,42000";"3,40744";"-0,00135"
"22,43000";"3,39244";"-0,00437"
"22,44000";"3,37733";"0,00263"
"22,45000";"3,36210";"0,00833"
"22,46000";"3,34711";"0,01036"
"22,47000";"3,33212";"0,01831"
"22,48000";"3,31689";"0,01907"
"22,49000";"3,30190";"0,01156"
"22,50000";"3,28702";"0,00146"
"22,51000";"3,27215";"-0,00268"
"22,52000";"3,25703";"-0,00702"
"22,53000";"3,24192";"-0,00709"
"22,54000";"3,22681";"-0,00387"
"22,55000";"3,21194";"-0,00231"
"22,56000";"3,19694";"-0,00317"
"22,57000";"3,18183";"-0,00416"
"22,58000";"3,16696";"-0,00358"
"22,59000";"3,15197";"-0,00886"
"22,60000";"3,13685";"-0,01264"
"22,61000";"3,12174";"-0,01559"
"22,62000";"3,10687";"-0,01059"
"22,63000";"3,09187";"-0,00385"
"22,64000";"3,07700";"-0,00010"
"22,65000";"3,06201";"0,00071"
"22,66000";"3,04701";"-0,00006"
"22,67000";"3,03214";"-0,00357"
"22,68000";"3,01703";"-0,00315"
"22,69000";"3,00192";"-0,00057"
"22,70000";"2,98681";"0,00130"
"22,71000";"2,97193";"0,00349"
"22,72000";"2,95706";"0,00844"
"22,73000";"2,94218";"0,00490"
"22,74000";"2,92719";"0,00181"
"22,75000";"2,91219";"-0,00128"
"22,76000";"2,89708";"-0,00148"
"22,77000";"2,88197";"-0,00109"
"22,78000";"2,86686";"-0,00638"
"22,79000";"2,85187";"-0,01449"
"22,80000";"2,83688";"-0,01556"
"22,81000";"2,82200";"-0,00710"
"22,82000";"2,80701";"0,00033"
"22,83000";"2,79201";"0,00827"
"22,84000";"2,77702";"0,01126"
"22,85000";"2,76191";"0,00928"
"22,86000";"2,74680";"0,00587"
"22,87000";"2,73181";"-0,00134"
"22,88000";"2,71693";"-0,00701"
"22,89000";"2,70206";"-0,01123"
"22,90000";"2,68694";"-0,00855"
"22,91000";"2,67183";"-0,00238"
"22,92000";"2,65696";"0,00030"
"22,93000";"2,64185";"-0,00049"
"22,94000";"2,62674";"-0,00449"
"22,95000";"2,61174";"-0,00620"
"22,96000";"2,59687";"-0,00664"
"22,97000";"2,58211";"-0,01408"
"22,98000";"2,56700";"-0,01675"
"22,99000";"2,55189";"-0,01852"
"23,00000";"2,53690";"-0,01601"
"23,01000";"2,52190";"-0,01235"
"23,02000";"2,50679";"-0,00944"
"23,03000";"2,49180";"-0,00670"
"23,04000";"2,47704";"-0,00150"
"23,05000";"2,46228";"0,00383"
"23,06000";"2,44729";"0,00469"
"23,07000";"2,43206";"0,00585"
"23,08000";"2,41695";"0,00158"
"23,09000";"2,40196";"0,00826"
"23,10000";"2,38685";"0,00458"
"23,11000";"2,37174";"-0,00283"
"23,12000";"2,35674";"-0,00379"
"23,13000";"2,34199";"-0,00399"
"23,14000";"2,32711";"-0,01192"
"23,15000";"2,31188";"-0,01742"
"23,16000";"2,29689";"-0,02296"
"23,17000";"2,28190";"-0,02459"
"23,18000";"2,26702";"-0,01819"
"23,19000";"2,25203";"-0,00560"
"23,20000";"2,23703";"-0,00118"
"23,21000";"2,22216";"-0,00395"
"23,22000";"2,20717";"-0,00975"
"23,23000";"2,19206";"-0,01566"
"23,24000";"2,17706";"-0,01667"
"23,25000";"2,16207";"-0,01669"
"23,26000";"2,14708";"-0,01617"
"23,27000";"2,13208";"-0,01315"
"23,28000";"2,11709";"-0,01501"
"23,29000";"2,10210";"-0,01984"
"23,30000";"2,08699";"-0,02251"
"23,31000";"2,07188";"-0,01905"
"23,32000";"2,05676";"-0,01148"
"23,33000";"2,04177";"-0,00721"
"23,34000";"2,02678";"-0,00356"
"23,35000";"2,01190";"-0,00551"
"23,36000";"1,99703";"-0,00991"
"23,37000";"1,98203";"-0,00772"
"23,38000";"1,96704";"-0,00106"
"23,39000";"1,95193";"0,00659"
"23,40000";"1,93694";"0,01842"
"23,41000";"1,92183";"0,02196"
"23,42000";"1,90695";"0,01943"
"23,43000";"1,89196";"0,01642"
"23,44000";"1,87697";"0,01886"
"23,45000";"1,86209";"0,00836"
"23,46000";"1,84710";"-0,00276"
"23,47000";"1,83199";"-0,00984"
"23,48000";"1,81699";"-0,01026"
"23,49000";"1,80188";"-0,00862"
"23,50000";"1,78689";"-0,00508"
"23,51000";"1,77201";"-0,00058"
"23,52000";"1,75702";"-0,00109"
"23,53000";"1,74191";"-0,00302"
"23,54000";"1,72692";"-0,00623"
"23,55000";"1,71192";"-0,00507"
"23,56000";"1,69693";"0,00564"
"23,57000";"1,68182";"0,01269"
"23,58000";"1,66694";"0,02152"
"23,59000";"1,65195";"0,02465"
"23,60000";"1,63708";"0,01455"
"23,61000";"1,62208";"0,00777"
"23,62000";"1,60709";"0,00370"
"23,63000";"1,59198";"-0,00339"
"23,64000";"1,57699";"-0,00310"
"23,65000";"1,56187";"-0,00517"
"23,66000";"1,54700";"-0,00680"
"23,67000";"1,53201";"-0,00738"
"23,68000";"1,51701";"-0,00841"
"23,69000";"1,50202";"-0,00459"
"23,70000";"1,48691";"-0,00431"
"23,71000";"1,47180";"-0,00321"
"23,72000";"1,45692";"-0,00032"
"23,73000";"1,44181";"-0,00620"
"23,74000";"1,42682";"-0,00928"
"23,75000";"1,41194";"-0,00955"
"23,76000";"1,39707";"-0,00248"
"23,77000";"1,38208";"0,00248"
"23,78000";"1,36685";"0,00466"
"23,79000";"1,35174";"0,00128"
"23,80000";"1,33686";"-0,00431"
"23,81000";"1,32175";"-0,01040"
"23,82000";"1,30676";"-0,01707"
"23,83000";"1,29188";"-0,02018"
"23,84000";"1,27713";"-0,02091"
"23,85000";"1,26213";"-0,02306"
"23,86000";"1,24714";"-0,02043"
"23,87000";"1,23215";"-0,00616"
"23,88000";"1,21715";"-0,00499"
"23,89000";"1,20216";"-0,00556"
"23,90000";"1,18705";"-0,00419"
"23,91000";"1,17206";"-0,00571"
"23,92000";"1,15718";"0,00261"
"23,93000";"1,14219";"0,00165"
"23,94000";"1,12696";"0,00004"
"23,95000";"1,11185";"-0,00114"
"23,96000";"1,09685";"-0,00229"
"23,97000";"1,08198";"-0,00355"
"23,98000";"1,06699";"0,00018"
"23,99000";"1,05211";"-0,00199"
"24,00000";"1,03712";"-0,01330"
"24,01000";"1,02213";"-0,02377"
"24,02000";"1,00701";"-0,02709"
"24,03000";"0,99202";"-0,02265"
"24,04000";"0,97691";"-0,01843"
"24,05000";"0,96203";"-0,01496"
"24,06000";"0,94704";"-0,00467"
"24,07000";"0,93205";"-0,00148"
"24,08000";"0,91706";"-0,00600"
"24,09000";"0,90206";"-0,01290"
"24,10000";"0,88695";"-0,01441"
"24,11000";"0,87196";"-0,01459"
"24,12000";"0,85685";"-0,01145"
"24,13000";"0,84185";"-0,00438"
"24,14000";"0,82686";"0,00095"
"24,15000";"0,81199";"0,00552"
"24,16000";"0,79688";"0,00710"
"24,17000";"0,78200";"0,00120"
"24,18000";"0,76724";"-0,00852"
"24,19000";"0,75225";"-0,01184"
"24,20000";"0,73726";"-0,01369"
"24,21000";"0,72226";"-0,01192"
"24,22000";"0,70727";"-0,01379"
"24,23000";"0,69228";"-0,01293"
"24,24000";"0,67717";"-0,01291"
"24,25000";"0,66206";"-0,01476"
"24,26000";"0,64706";"-0,01511"
"24,27000";"0,63207";"-0,01069"
"24,28000";"0,61696";"-0,01722"
"24,29000";"0,60197";"-0,02336"
"24,30000";"0,58709";"-0,01956"
"24,31000";"0,57210";"-0,01764"
"24,32000";"0,55687";"-0,01167"
"24,33000";"0,54176";"-0,01218"
"24,34000";"0,52676";"-0,01116"
"24,35000";"0,51177";"-0,01322"
"24,36000";"0,49666";"-0,01176"
"24,37000";"0,48167";"-0,01339"
"24,38000";"0,46691";"-0,01832"
"24,39000";"0,45203";"-0,02214"
"24,40000";"0,43704";"-0,01670"
"24,41000";"0,42181";"-0,00885"
"24,42000";"0,40694";"-0,00882"
"24,43000";"0,39194";"-0,01084"
"24,44000";"0,37683";"-0,00802"
"24,45000";"0,36184";"-0,00440"
"24,46000";"0,34697";"-0,00479"
"24,47000";"0,33209";"-0,00206"
"24,48000";"0,31710";"0,00132"
"24,49000";"0,30199";"0,00034"
"24,50000";"0,28699";"-0,00347"
"24,51000";"0,27212";"-0,00259"
"24,52000";"0,25701";"0,00089"
"24,53000";"0,24201";"0,00133"
"24,54000";"0,22702";"0,00204"
"24,55000";"0,21215";"-0,00123"
"24,56000";"0,19715";"-0,00162"
"24,57000";"0,18192";"0,00002"
"24,58000";"0,16681";"-0,00442"
"24,59000";"0,15182";"-0,00329"
"24,60000";"0,13694";"0,00098"
"24,61000";"0,12195";"0,00080"
"24,62000";"0,10719";"-0,00242"
"24,63000";"0,09232";"-0,00394"
"24,64000";"0,07733";"-0,00933"
"24,65000";"0,06222";"-0,01113"
"24,66000";"0,04722";"-0,01266"
"24,67000";"0,03223";"-0,01286"
"24,68000";"0,01724";"-0,01079"
"24,69000";"0,00224";"-0,00895"
"24,69200";"-0,00083";"-0,00896"
"24,69400";"-0,00378";"-0,00858"
"24,70400";"-0,01676";"-0,00757"
"24,71400";"-0,02397";"0,00579"
"24,72000";"-0,02585";"0,01604"
"24,73000";"-0,02515";"0,03147"
"24,74000";"-0,01983";"0,03397"
"24,75000";"-0,00815";"0,03117"
"24,76000";"0,00897";"0,03972"
"24,77000";"0,02928";"0,04441"
"24,78000";"0,05076";"0,04710"
"24,79000";"0,07260";"0,03239"
"24,80000";"0,09409";"0,01394"
"24,81000";"0,11463";"0,00093"
"24,82000";"0,13435";"-0,00179"
"24,83000";"0,15312";"-0,01109"
"24,84000";"0,17118";"-0,01509"
"24,85000";"0,18865";"-0,01777"
"24,86000";"0,20565";"-0,01820"
"24,87000";"0,22218";"-0,01573"
"24,88000";"0,23835";"-0,01824"
"24,89000";"0,25429";"-0,01591"
"24,90000";"0,27011";"-0,00981"
"24,91000";"0,28569";"-0,00752"
"24,92000";"0,30116";"-0,00362"
"24,93000";"0,31662";"0,00354"
"24,94000";"0,33197";"-0,00710"
"24,95000";"0,34720";"-0,01457"
"24,96000";"0,36231";"-0,01907"
"24,97000";"0,37742";"-0,01906"
"24,98000";"0,39242";"-0,01580"
"24,99000";"0,40741";"-0,01010"
"25,00000";"0,42264";"-0,00529"
"25,01000";"0,43775";"0,00152"
"25,02000";"0,45286";"-0,00075"
"25,03000";"0,46785";"-0,00617"
"25,04000";"0,48285";"-0,01331"
"25,05000";"0,49784";"-0,01634"
"25,06000";"0,51272";"-0,02461"
"25,07000";"0,52771";"-0,03130"
"25,08000";"0,54282";"-0,02415"
"25,09000";"0,55793";"-0,02114"
"25,10000";"0,57292";"-0,02266"
"25,11000";"0,58792";"-0,02032"
"25,12000";"0,60291";"-0,01693"
"25,13000";"0,61790";"-0,01509"
"25,14000";"0,63301";"-0,00956"
"25,15000";"0,64801";"-0,01864"
"25,16000";"0,66312";"-0,02105"
"25,17000";"0,67811";"-0,01693"
"25,18000";"0,69310";"-0,01876"
"25,19000";"0,70798";"-0,01975"
"25,20000";"0,72297";"-0,01525"
"25,21000";"0,73797";"-0,01526"
"25,22000";"0,75296";"-0,01198"
"25,23000";"0,76795";"-0,00718"
"25,24000";"0,78306";"0,00314"
"25,25000";"0,79817";"0,00193"
"25,26000";"0,81317";"-0,00441"
"25,27000";"0,82804";"-0,00905"
"25,28000";"0,84292";"-0,01062"
"25,29000";"0,85791";"-0,00295"
"25,30000";"0,87278";"0,00528"
"25,31000";"0,88778";"-0,00169"
"25,32000";"0,90289";"-0,00310"
"25,33000";"0,91800";"-0,00746"
"25,34000";"0,93299";"-0,01042"
"25,35000";"0,94799";"-0,01104"
"25,36000";"0,96298";"-0,01285"
"25,37000";"0,97797";"-0,01522"
"25,38000";"0,99297";"-0,01645"
"25,39000";"1,00796";"-0,01470"
"25,40000";"1,02307";"-0,01486"
"25,41000";"1,03806";"-0,01724"
"25,42000";"1,05306";"-0,02342"
"25,43000";"1,06805";"-0,02031"
"25,44000";"1,08304";"-0,01402"
"25,45000";"1,09803";"-0,01023"
"25,46000";"1,11291";"-0,01048"
"25,47000";"1,12802";"-0,00631"
"25,48000";"1,14313";"-0,00855"
"25,49000";"1,15801";"-0,00984"
"25,50000";"1,17300";"-0,01306"
"25,51000";"1,18799";"-0,01427"
"25,52000";"1,20299";"-0,01546"
"25,53000";"1,21798";"-0,00923"
"25,54000";"1,23285";"-0,00080"
"25,55000";"1,24785";"-0,00150"
"25,56000";"1,26308";"-0,00541"
"25,57000";"1,27807";"-0,01020"
"25,58000";"1,29306";"-0,01516"
"25,59000";"1,30794";"-0,01581"
"25,60000";"1,32293";"-0,01517"
"25,61000";"1,33781";"-0,01266"
"25,62000";"1,35280";"-0,00582"
"25,63000";"1,36779";"-0,00379"
"25,64000";"1,38290";"-0,00692"
"25,65000";"1,39801";"-0,00792"
"25,66000";"1,41289";"-0,00068"
"25,67000";"1,42788";"-0,00360"
"25,68000";"1,44288";"-0,00232"
"25,69000";"1,45787";"-0,00098"
"25,70000";"1,47286";"-0,00898"
"25,71000";"1,48785";"-0,01789"
"25,72000";"1,50297";"-0,01686"
"25,73000";"1,51808";"-0,01800"
"25,74000";"1,53295";"-0,01914"
"25,75000";"1,54794";"-0,01385"
"25,76000";"1,56294";"-0,01528"
"25,77000";"1,57793";"-0,01135"
"25,78000";"1,59292";"-0,01055"
"25,79000";"1,60803";"-0,01295"
"25,80000";"1,62315";"-0,02065"
"25,81000";"1,63814";"-0,02296"
"25,82000";"1,65301";"-0,01633"
"25,83000";"1,66801";"-0,01017"
"25,84000";"1,68312";"0,00025"
"25,85000";"1,69799";"0,00972"
"25,86000";"1,71299";"0,01207"
"25,87000";"1,72810";"0,01092"
"25,88000";"1,74309";"0,00659"
"25,89000";"1,75808";"0,00663"
"25,90000";"1,77308";"0,00419"
"25,91000";"1,78795";"0,00259"
"25,92000";"1,80294";"-0,00468"
"25,93000";"1,81794";"-0,01184"
"25,94000";"1,83293";"-0,01281"
"25,95000";"1,84804";"-0,00895"
"25,96000";"1,86303";"-0,00886"
"25,97000";"1,87815";"-0,01025"
"25,98000";"1,89302";"-0,01711"
"25,99000";"1,90801";"-0,02029"
"26,00000";"1,92301";"-0,02240"
"26,01000";"1,93800";"-0,02341"
"26,02000";"1,95299";"-0,02569"
"26,03000";"1,96799";"-0,02062"
"26,04000";"1,98298";"-0,01475"
"26,05000";"1,99797";"-0,00986"
"26,06000";"2,01273";"-0,00146"
"26,07000";"2,02772";"0,00737"
"26,08000";"2,04272";"0,01071"
"26,09000";"2,05771";"0,00775"
"26,10000";"2,07282";"-0,00281"
"26,11000";"2,08793";"-0,01370"
"26,12000";"2,10292";"-0,02348"
"26,13000";"2,11803";"-0,02587"
"26,14000";"2,13303";"-0,01569"
"26,15000";"2,14814";"-0,00249"
"26,16000";"2,16313";"0,00053"
"26,17000";"2,17824";"0,00827"
"26,18000";"2,19324";"0,00698"
"26,19000";"2,20835";"-0,00486"
"26,20000";"2,22346";"-0,01314"
"26,21000";"2,23833";"-0,01098"
"26,22000";"2,25333";"-0,00951"
"26,23000";"2,26820";"-0,01150"
"26,24000";"2,28308";"-0,01028"
"26,25000";"2,29795";"-0,01334"
"26,26000";"2,31306";"-0,01979"
"26,27000";"2,32806";"-0,02187"
"26,28000";"2,34305";"-0,01889"
"26,29000";"2,35792";"-0,01482"
"26,30000";"2,37292";"-0,01594"
"26,31000";"2,38791";"-0,01485"
"26,32000";"2,40290";"-0,01484"
"26,33000";"2,41778";"-0,00786"
"26,34000";"2,43277";"0,00094"
"26,35000";"2,44788";"-0,00250"
"26,36000";"2,46288";"-0,01337"
"26,37000";"2,47787";"-0,01715"
"26,38000";"2,49298";"-0,01822"
"26,39000";"2,50797";"-0,01696"
"26,40000";"2,52285";"-0,02109"
"26,41000";"2,53772";"-0,01820"
"26,42000";"2,55272";"-0,01220"
"26,43000";"2,56783";"-0,00733"
"26,44000";"2,58294";"-0,00569"
"26,45000";"2,59805";"-0,00523"
"26,46000";"2,61304";"-0,00308"
"26,47000";"2,62815";"-0,00366"
"26,48000";"2,64303";"-0,00783"
"26,49000";"2,65802";"-0,01031"
"26,50000";"2,67301";"-0,01494"
"26,51000";"2,68812";"-0,01114"
"26,52000";"2,70312";"-0,00774"
"26,53000";"2,71811";"-0,00712"
"26,54000";"2,73299";"-0,01032"
"26,55000";"2,74810";"-0,02011"
"26,56000";"2,76297";"-0,02211"
"26,57000";"2,77797";"-0,01808"
"26,58000";"2,79296";"-0,01455"
"26,59000";"2,80807";"-0,01062"
"26,60000";"2,82306";"-0,00108"
"26,61000";"2,83794";"0,00374"
"26,62000";"2,85293";"-0,00175"
"26,63000";"2,86781";"-0,00676"
"26,64000";"2,88280";"-0,00892"
"26,65000";"2,89767";"-0,00982"
"26,66000";"2,91267";"-0,00997"
"26,67000";"2,92778";"-0,01752"
"26,68000";"2,94289";"-0,02657"
"26,69000";"2,95788";"-0,03091"
"26,70000";"2,97299";"-0,02968"
"26,71000";"2,98810";"-0,02899"
"26,72000";"3,00298";"-0,03223"
"26,73000";"3,01809";"-0,03585"
"26,74000";"3,03308";"-0,03142"
"26,75000";"3,04808";"-0,01829"
"26,76000";"3,06307";"-0,00978"
"26,77000";"3,07806";"-0,00443"
"26,78000";"3,09317";"-0,00210"
"26,79000";"3,10817";"-0,00859"
"26,80000";"3,12316";"-0,01530"
"26,81000";"3,13815";"-0,01931"
"26,82000";"3,15315";"-0,01953"
"26,83000";"3,16802";"-0,01759"
"26,84000";"3,18301";"-0,01943"
"26,85000";"3,19801";"-0,01539"
"26,86000";"3,21312";"-0,01308"
"26,87000";"3,22799";"-0,01307"
"26,88000";"3,24299";"-0,01213"
"26,89000";"3,25810";"-0,00647"
"26,90000";"3,27309";"-0,00951"
"26,91000";"3,28808";"-0,01238"
"26,92000";"3,30308";"-0,01356"
"26,93000";"3,31807";"-0,01595"
"26,94000";"3,33306";"-0,01516"
"26,95000";"3,34794";"-0,01572"
"26,96000";"3,36293";"-0,01496"
"26,97000";"3,37792";"-0,00860"
"26,98000";"3,39303";"-0,00638"
"26,99000";"3,40803";"0,00084"
"27,00000";"3,42302";"0,00555"
"27,01000";"3,43801";"0,00163"
"27,02000";"3,45301";"0,00387"
"27,03000";"3,46800";"0,00819"
"27,04000";"3,48299";"0,00999"
"27,05000";"3,49810";"0,00717"
"27,06000";"3,51310";"0,00982"
"27,07000";"3,52809";"0,00866"
"27,08000";"3,54308";"0,00636"
"27,09000";"3,55808";"0,00337"
"27,10000";"3,57307";"0,00311"
"27,11000";"3,58806";"0,00661"
"27,12000";"3,60294";"0,01180"
"27,13000";"3,61805";"0,00608"
"27,14000";"3,63316";"0,00023"
"27,15000";"3,64815";"-0,00935"
"27,16000";"3,66303";"-0,01665"
"27,17000";"3,67802";"-0,01366"
"27,18000";"3,69301";"-0,00845"
"27,19000";"3,70789";"-0,00426"
"27,20000";"3,72288";"-0,00621"
"27,21000";"3,73787";"-0,00437"
"27,22000";"3,75299";"0,00167"
"27,23000";"3,76798";"-0,00196"
"27,24000";"3,78297";"-0,00902"
"27,25000";"3,79797";"-0,00782"
"27,26000";"3,81284";"-0,00702"
"27,27000";"3,82783";"-0,00666"
"27,28000";"3,84283";"-0,00929"
"27,29000";"3,85794";"-0,00791"
"27,30000";"3,87305";"-0,00410"
"27,31000";"3,88804";"-0,00016"
"27,32000";"3,90303";"0,00433"
"27,33000";"3,91815";"0,00320"
"27,34000";"3,93314";"0,00374"
"27,35000";"3,94813";"0,00189"
"27,36000";"3,96324";"0,00071"
"27,37000";"3,97824";"-0,00497"
"27,38000";"3,99323";"-0,00118"
"27,39000";"4,00822";"0,00577"
"27,40000";"4,02322";"0,01106"
"27,41000";"4,03809";"0,00881"
"27,42000";"4,05308";"0,00153"
"27,43000";"4,06796";"-0,00516"
"27,44000";"4,08295";"-0,00629"
"27,45000";"4,09806";"-0,00035"
"27,46000";"4,11306";"0,00255"
"27,47000";"4,12805";"-0,00348"
"27,48000";"4,14304";"-0,01141"
"27,49000";"4,15803";"-0,01069"
"27,50000";"4,17315";"-0,00389"
"27,51000";"4,18802";"-0,00395"
"27,52000";"4,20313";"-0,00752"
"27,53000";"4,21813";"-0,01109"
"27,54000";"4,23324";"-0,01018"
"27,55000";"4,24811";"-0,00201"
"27,56000";"4,26299";"-0,00337"
"27,57000";"4,27810";"-0,00792"
"27,58000";"4,29309";"-0,01258"
"27,59000";"4,30797";"-0,01278"
"27,60000";"4,32296";"-0,00520"
"27,61000";"4,33807";"-0,00325"
"27,62000";"4,35318";"-0,00674"
"27,63000";"4,36829";"-0,01445"
"27,64000";"4,38317";"-0,01577"
"27,65000";"4,39816";"-0,01310"
"27,66000";"4,41315";"0,00234"
"27,67000";"4,42803";"0,01101"
"27,68000";"4,44314";"0,00977"
"27,69000";"4,45813";"-0,00021"
"27,70000";"4,47324";"-0,00294"
"27,71000";"4,48824";"-0,00577"
"27,72000";"4,50311";"-0,01133"
"27,73000";"4,51810";"-0,01390"
"27,74000";"4,53298";"-0,00232"
"27,75000";"4,54797";"0,00798"
"27,76000";"4,56308";"0,01076"
"27,77000";"4,57808";"0,00518"
"27,78000";"4,59307";"-0,00739"
"27,79000";"4,60794";"-0,01492"
"27,80000";"4,62282";"-0,01781"
"27,81000";"4,63781";"-0,02552"
"27,82000";"4,65269";"-0,02244"
"27,83000";"4,66768";"-0,01878"
"27,84000";"4,68279";"-0,01410"
"27,85000";"4,69790";"-0,01102"
"27,86000";"4,71301";"-0,01332"
"27,87000";"4,72801";"-0,00985"
"27,88000";"4,74312";"-0,00735"
"27,89000";"4,75811";"-0,00667"
"27,90000";"4,77299";"-0,00658"
"27,91000";"4,78798";"-0,00789"
"27,92000";"4,80297";"-0,01188"
"27,93000";"4,81820";"-0,01575"
"27,94000";"4,83319";"-0,01758"
"27,95000";"4,84819";"-0,01572"
"27,96000";"4,86318";"-0,01333"
"27,97000";"4,87806";"-0,01066"
"27,98000";"4,89293";"-0,01512"
"27,99000";"4,90792";"-0,02061"
"28,00000";"4,92304";"-0,01727"
"28,01000";"4,93803";"-0,01237"
"28,02000";"4,95302";"-0,01273"
"28,03000";"4,96801";"-0,00568"
"28,04000";"4,98301";"-0,00709"
"28,05000";"4,99800";"-0,00621"
"28,06000";"5,01299";"-0,00795"
"28,07000";"5,02810";"-0,01246"
"28,08000";"5,04310";"-0,00317"
"28,09000";"5,05821";"0,00123"
"28,10000";"5,07320";"-0,00424"
"28,11000";"5,08808";"-0,00397"
"28,12000";"5,10307";"-0,00600"
"28,13000";"5,11806";"-0,01050"
"28,14000";"5,13306";"-0,01691"
"28,15000";"5,14805";"-0,02124"
"28,16000";"5,16304";"-0,01954"
"28,17000";"5,17815";"-0,02071"
"28,18000";"5,19326";"-0,02068"
"28,19000";"5,20826";"-0,02271"
"28,20000";"5,22313";"-0,01851"
"28,21000";"5,23801";"-0,02142"
"28,22000";"5,25300";"-0,02712"
"28,23000";"5,26799";"-0,02751"
"28,24000";"5,28310";"-0,01924"
"28,25000";"5,29810";"-0,01037"
"28,26000";"5,31309";"-0,00712"
"28,27000";"5,32808";"-0,01045"
"28,28000";"5,34308";"-0,01485"
"28,29000";"5,35807";"-0,01940"
"28,30000";"5,37306";"-0,02240"
"28,31000";"5,38817";"-0,02990"
"28,32000";"5,40317";"-0,02672"
"28,33000";"5,41816";"-0,02472"
"28,34000";"5,43315";"-0,02388"
"28,35000";"5,44803";"-0,02424"
"28,36000";"5,46302";"-0,01702"
"28,37000";"5,47801";"-0,01410"
"28,38000";"5,49301";"-0,00515"
"28,39000";"5,50800";"0,00590"
"28,40000";"5,52299";"0,00678"
"28,41000";"5,53799";"-0,00290"
"28,42000";"5,55298";"-0,00762"
"28,43000";"5,56785";"-0,01407"
"28,44000";"5,58285";"-0,01313"
"28,45000";"5,59784";"-0,02183"
"28,46000";"5,61283";"-0,02105"
"28,47000";"5,62794";"-0,01778"
"28,48000";"5,64294";"-0,01574"
"28,49000";"5,65793";"-0,02206"
"28,50000";"5,67304";"-0,02795"
"28,51000";"5,68815";"-0,02318"
"28,52000";"5,70315";"-0,02012"
"28,53000";"5,71814";"-0,01809"
"28,54000";"5,73325";"-0,01486"
"28,55000";"5,74824";"-0,01135"
"28,56000";"5,76335";"-0,01030"
"28,57000";"5,77823";"-0,01187"
"28,58000";"5,79310";"-0,01361"
"28,59000";"5,80810";"-0,01330"
"28,60000";"5,82309";"-0,01199"
"28,61000";"5,83785";"-0,00212"
"28,62000";"5,85296";"0,00382"
"28,63000";"5,86795";"0,00742"
"28,64000";"5,88294";"0,00759"
"28,65000";"5,89794";"0,00318"
"28,66000";"5,91293";"-0,00780"
"28,67000";"5,92792";"-0,01882"
"28,68000";"5,94280";"-0,01736"
"28,69000";"5,95779";"-0,01199"
"28,70000";"5,97278";"-0,01684"
"28,71000";"5,98790";"-0,01666"
"28,72000";"6,00301";"-0,02391"
"28,73000";"6,01800";"-0,02753"
"28,74000";"6,03311";"-0,02784"
"28,75000";"6,04810";"-0,02190"
"28,76000";"6,06310";"-0,01483"
"28,77000";"6,07809";"-0,00347"
"28,78000";"6,09308";"-0,00326"
"28,79000";"6,10808";"-0,01225"
"28,80000";"6,12307";"-0,02054"
"28,81000";"6,13806";"-0,02967"
"28,82000";"6,15306";"-0,04139"
"28,83000";"6,16805";"-0,04313"
"28,84000";"6,18304";"-0,02865"
"28,85000";"6,19792";"-0,02061"
"28,86000";"6,21303";"-0,00712"
"28,87000";"6,22814";"-0,00310"
"28,88000";"6,24325";"-0,00239"
"28,89000";"6,25812";"-0,01245"
"28,90000";"6,27312";"-0,01656"
"28,91000";"6,28811";"-0,01403"
"28,92000";"6,30310";"-0,01735"
"28,93000";"6,31810";"-0,01443"
"28,94000";"6,33309";"-0,01142"
"28,95000";"6,34808";"-0,00835"
"28,96000";"6,36308";"-0,01408"
"28,97000";"6,37795";"-0,01988"
"28,98000";"6,39294";"-0,02122"
"28,99000";"6,40794";"-0,02026"
"29,00000";"6,42281";"-0,02183"
"29,01000";"6,43781";"-0,02671"
"29,02000";"6,45292";"-0,03150"
"29,03000";"6,46803";"-0,02705"
"29,04000";"6,48302";"-0,01282"
"29,05000";"6,49790";"-0,01204"
"29,06000";"6,51289";"-0,00818"
"29,07000";"6,52788";"-0,00625"
"29,08000";"6,54276";"-0,00488"
"29,09000";"6,55775";"-0,00394"
"29,10000";"6,57286";"-0,00406"
"29,11000";"6,58797";"0,00194"
"29,12000";"6,60297";"0,00994"
"29,13000";"6,61796";"0,00916"
"29,14000";"6,63295";"0,00241"
"29,15000";"6,64783";"-0,00505"
"29,16000";"6,66282";"-0,00699"
"29,17000";"6,67781";"-0,00227"
"29,18000";"6,69292";"-0,00110"
"29,19000";"6,70792";"-0,00658"
"29,20000";"6,72291";"-0,01638"
"29,21000";"6,73790";"-0,02960"
"29,22000";"6,75290";"-0,02962"
"29,23000";"6,76789";"-0,02648"
"29,24000";"6,78288";"-0,02398"
"29,25000";"6,79788";"-0,01377"
"29,26000";"6,81299";"-0,01035"
"29,27000";"6,82798";"-0,01219"
"29,28000";"6,84297";"-0,01278"
"29,29000";"6,85796";"-0,01711"
"29,30000";"6,87296";"-0,02049"
"29,31000";"6,88795";"-0,02056"
"29,32000";"6,90294";"-0,01338"
"29,33000";"6,91806";"-0,00665"
"29,34000";"6,93305";"-0,00530"
"29,35000";"6,94804";"-0,00965"
"29,36000";"6,96303";"-0,01313"
"29,37000";"6,97803";"-0,01360"
"29,38000";"6,99290";"-0,01399"
"29,39000";"7,00790";"-0,01481"
"29,40000";"7,02289";"-0,01825"
"29,41000";"7,03788";"-0,02302"
"29,42000";"7,05288";"-0,02388"
"29,43000";"7,06787";"-0,02021"
"29,44000";"7,08286";"-0,01475"
"29,45000";"7,09785";"-0,01631"
"29,46000";"7,11297";"-0,01371"
"29,47000";"7,12784";"-0,01300"
"29,48000";"7,14283";"-0,01550"
"29,49000";"7,15794";"-0,01333"
"29,50000";"7,17306";"-0,01250"
"29,51000";"7,18817";"-0,01145"
"29,52000";"7,20304";"-0,00636"
"29,53000";"7,21815";"-0,00305"
"29,54000";"7,23315";"-0,00667"
"29,55000";"7,24802";"-0,01299"
"29,56000";"7,26301";"-0,01496"
"29,57000";"7,27813";"-0,01361"
"29,58000";"7,29312";"-0,01543"
"29,59000";"7,30811";"-0,01031"
"29,60000";"7,32299";"-0,00405"
"29,61000";"7,33798";"0,00122"
"29,62000";"7,35309";"-0,00691"
"29,63000";"7,36797";"-0,01269"
"29,64000";"7,38296";"-0,01499"
"29,65000";"7,39807";"-0,01503"
"29,66000";"7,41318";"-0,00886"
"29,67000";"7,42806";"-0,01313"
"29,68000";"7,44305";"-0,01719"
"29,69000";"7,45804";"-0,01460"
"29,70000";"7,47292";"-0,01547"
"29,71000";"7,48791";"-0,01697"
"29,72000";"7,50290";"-0,01948"
"29,73000";"7,51801";"-0,01797"
"29,74000";"7,53301";"-0,00962"
"29,75000";"7,54800";"-0,00402"
"29,76000";"7,56299";"-0,00553"
"29,77000";"7,57799";"-0,00331"
"29,78000";"7,59286";"-0,00632"
"29,79000";"7,60785";"-0,01184"
"29,80000";"7,62285";"-0,01913"
"29,81000";"7,63796";"-0,02225"
"29,82000";"7,65307";"-0,02217"
"29,83000";"7,66806";"-0,02710"
"29,84000";"7,68306";"-0,02790"
"29,85000";"7,69793";"-0,02447"
"29,86000";"7,71292";"-0,01572"
"29,87000";"7,72780";"-0,00788"
"29,88000";"7,74291";"-0,00459"
"29,89000";"7,75790";"-0,00383"
"29,90000";"7,77290";"-0,00104"
"29,91000";"7,78789";"-0,00240"
"29,92000";"7,80276";"-0,00599"
"29,93000";"7,81776";"-0,01173"
"29,94000";"7,83263";"-0,01244"
"29,95000";"7,84774";"-0,00940"
"29,96000";"7,86285";"-0,00313"
"29,97000";"7,87797";"-0,00043"
"29,98000";"7,89296";"0,00452"
"29,99000";"7,90795";"0,00896"
"30,00000";"7,92294";"0,00515"
"30,01000";"7,93794";"0,00019"
"30,02000";"7,95281";"-0,00318"
"30,03000";"7,96781";"-0,00472"
"30,04000";"7,98280";"-0,00181"
"30,05000";"7,99791";"-0,00498"
"30,06000";"8,01302";"-0,00890"
"30,07000";"8,02801";"-0,01131"
"30,08000";"8,04313";"-0,01651"
"30,09000";"8,05812";"-0,01442"
"30,10000";"8,07311";"-0,01217"
"30,11000";"8,08799";"-0,00537"
"30,12000";"8,10310";"-0,00372"
"30,13000";"8,11809";"-0,00862"
"30,14000";"8,13320";"-0,00772"
"30,15000";"8,14808";"-0,00233"
"30,16000";"8,16307";"-0,00197"
"30,17000";"8,17806";"-0,00925"
"30,18000";"8,19294";"-0,01419"
"30,19000";"8,20793";"-0,01112"
"30,20000";"8,22292";"-0,01396"
"30,21000";"8,23803";"-0,01535"
"30,22000";"8,25303";"-0,01269"
"30,23000";"8,26802";"-0,01141"
"30,24000";"8,28313";"-0,01085"
"30,25000";"8,29813";"-0,01762"
"30,26000";"8,31312";"-0,01699"
"30,27000";"8,32811";"-0,01575"
"30,28000";"8,34322";"-0,01864"
"30,29000";"8,35833";"-0,02026"
"30,30000";"8,37333";"-0,01008"
"30,31000";"8,38820";"-0,00355"
"30,32000";"8,40308";"-0,00266"
"30,33000";"8,41807";"-0,00132"
"30,34000";"8,43294";"-0,00377"
"30,35000";"8,44794";"-0,00562"
"30,36000";"8,46293";"-0,00537"
"30,37000";"8,47804";"0,00188"
"30,38000";"8,49315";"0,00356"
"30,39000";"8,50815";"-0,00580"
"30,40000";"8,52314";"-0,01454"
"30,41000";"8,53801";"-0,01626"
"30,42000";"8,55301";"-0,00783"
"30,43000";"8,56800";"0,00205"
"30,44000";"8,58311";"0,00824"
"30,45000";"8,59810";"0,00442"
"30,46000";"8,61310";"-0,00226"
"30,47000";"8,62821";"-0,01123"
"30,48000";"8,64308";"-0,00476"
"30,49000";"8,65796";"0,00359"
"30,50000";"8,67283";"0,00622"
"30,51000";"8,68795";"0,00609"
"30,52000";"8,70306";"-0,00148"
"30,53000";"8,71805";"-0,00329"
"30,54000";"8,73304";"0,00659"
"30,55000";"8,74803";"0,01710"
"30,56000";"8,76303";"0,02319"
"30,57000";"8,77790";"0,01648"
"30,58000";"8,79290";"0,00782"
"30,59000";"8,80789";"-0,00078"
"30,60000";"8,82288";"-0,00749"
"30,61000";"8,83799";"-0,01329"
"30,62000";"8,85287";"-0,02499"
"30,63000";"8,86774";"-0,03247"
"30,64000";"8,88285";"-0,03681"
"30,65000";"8,89773";"-0,03116"
"30,66000";"8,91272";"-0,01864"
"30,67000";"8,92783";"-0,00948"
"30,68000";"8,94294";"-0,00205"
"30,69000";"8,95794";"0,00203"
"30,70000";"8,97281";"-0,00267"
"30,71000";"8,98780";"-0,00931"
"30,72000";"9,00280";"-0,01566"
"30,73000";"9,01767";"-0,01339"
"30,74000";"9,03267";"-0,00829"
"30,75000";"9,04778";"0,00179"
"30,76000";"9,06289";"0,00863"
"30,77000";"9,07788";"0,00454"
"30,78000";"9,09287";"0,00189"
"30,79000";"9,10787";"0,00470"
"30,80000";"9,12298";"0,00529"
"30,81000";"9,13797";"0,00627"
"30,82000";"9,15297";"0,00156"
"30,83000";"9,16808";"0,00343"
"30,84000";"9,18307";"0,00760"
"30,85000";"9,19818";"-0,00026"
"30,86000";"9,21329";"-0,00736"
"30,87000";"9,22817";"-0,01176"
"30,88000";"9,24316";"-0,00987"
"30,89000";"9,25815";"-0,00190"
"30,90000";"9,27315";"0,00946"
"30,91000";"9,28814";"0,01752"
"30,92000";"9,30325";"0,02410"
"30,93000";"9,31824";"0,02224"
"30,94000";"9,33324";"0,01207"
"30,95000";"9,34811";"0,00612"
"30,96000";"9,36310";"-0,00339"
"30,97000";"9,37810";"-0,01496"
"30,98000";"9,39309";"-0,02099"
"30,99000";"9,40808";"-0,02351"
"31,00000";"9,42308";"-0,02338"
"31,01000";"9,43819";"-0,01782"
"31,02000";"9,45318";"-0,01545"
"31,03000";"9,46817";"-0,01197"
"31,04000";"9,48305";"-0,00261"
"31,05000";"9,49804";"0,00009"
"31,06000";"9,51304";"-0,00443"
"31,07000";"9,52803";"-0,00123"
"31,08000";"9,54302";"-0,00625"
"31,09000";"9,55813";"-0,00912"
"31,10000";"9,57312";"-0,00854"
"31,11000";"9,58812";"-0,00933"
"31,12000";"9,60311";"-0,01688"
"31,13000";"9,61799";"-0,01629"
"31,14000";"9,63310";"-0,01383"
"31,15000";"9,64809";"-0,01214"
"31,16000";"9,66308";"-0,00809"
"31,17000";"9,67796";"-0,01353"
"31,18000";"9,69295";"-0,01271"
"31,19000";"9,70794";"-0,00740"
"31,20000";"9,72294";"-0,00309"
"31,21000";"9,73793";"-0,00819"
"31,22000";"9,75304";"-0,00959"
"31,23000";"9,76803";"-0,00358"
"31,24000";"9,78303";"-0,00011"
"31,25000";"9,79790";"-0,00209"
"31,26000";"9,81290";"-0,00677"
"31,27000";"9,82789";"-0,01553"
"31,28000";"9,84288";"-0,02004"
"31,29000";"9,85776";"-0,01129"
"31,30000";"9,87287";"-0,00033"
"31,31000";"9,88798";"0,00010"
"31,32000";"9,90309";"-0,00039"
"31,33000";"9,91808";"-0,00850"
"31,34000";"9,93308";"-0,01222"
"31,35000";"9,94795";"-0,00590"
"31,36000";"9,96283";"-0,00296"
"31,37000";"9,97782";"0,00429"
"31,38000";"9,99293";"0,00815"
"31,39000";"10,00804";"0,01413"
"31,40000";"10,02304";"0,01447"
"31,41000";"10,03803";"0,00958"
"31,42000";"10,05302";"-0,00232"
"31,43000";"10,06801";"-0,00750"
"31,44000";"10,08301";"-0,00899"
"31,45000";"10,09800";"-0,00674"
"31,46000";"10,11299";"-0,00250"
"31,47000";"10,12810";"0,00418"
"31,48000";"10,14310";"0,00963"
"31,49000";"10,15809";"0,00914"
"31,50000";"10,17308";"-0,00184"
"31,51000";"10,18808";"-0,00806"
"31,52000";"10,20307";"-0,00965"
"31,53000";"10,21818";"-0,01014"
"31,54000";"10,23329";"-0,00444"
"31,55000";"10,24840";"-0,00691"
"31,56000";"10,26340";"-0,01124"
"31,57000";"10,27827";"-0,01589"
"31,58000";"10,29315";"-0,01513"
"31,59000";"10,30814";"-0,01219"
"31,60000";"10,32313";"-0,00105"
"31,61000";"10,33813";"0,00760"
"31,62000";"10,35312";"0,01054"
"31,63000";"10,36823";"0,01067"
"31,64000";"10,38334";"0,01208"
"31,65000";"10,39822";"0,01088"
"31,66000";"10,41321";"0,01258"
"31,67000";"10,42820";"0,01348"
"31,68000";"10,44308";"0,01194"
"31,69000";"10,45807";"0,01249"
"31,70000";"10,47318";"0,01270"
"31,71000";"10,48817";"0,01181"
"31,72000";"10,50317";"0,00827"
"31,73000";"10,51816";"0,00537"
"31,74000";"10,53315";"-0,00095"
"31,75000";"10,54803";"-0,00651"
"31,76000";"10,56290";"0,00046"
"31,77000";"10,57790";"0,00274"
"31,78000";"10,59301";"0,00585"
"31,79000";"10,60788";"0,01586"
"31,80000";"10,62288";"0,02341"
"31,81000";"10,63787";"0,02396"
"31,82000";"10,65286";"0,01764"
"31,83000";"10,66785";"0,00549"
"31,84000";"10,68297";"-0,00574"
"31,85000";"10,69796";"-0,00858"
"31,86000";"10,71307";"-0,00101"
"31,87000";"10,72806";"0,00232"
"31,88000";"10,74294";"0,00493"
"31,89000";"10,75793";"0,01592"
"31,90000";"10,77292";"0,01918"
"31,91000";"10,78792";"0,01714"
"31,92000";"10,80279";"0,01470"
"31,93000";"10,81790";"0,00583"
"31,94000";"10,83290";"0,00273"
"31,95000";"10,84789";"0,00253"
"31,96000";"10,86288";"0,00196"
"31,97000";"10,87788";"0,00319"
"31,98000";"10,89287";"0,00869"
"31,99000";"10,90786";"0,01861"
"32,00000";"10,92274";"0,02539"
"32,01000";"10,93785";"0,02781"
"32,02000";"10,95308";"0,02250"
"32,03000";"10,96807";"0,02103"
"32,04000";"10,98306";"0,01391"
"32,05000";"10,99806";"0,01493"
"32,06000";"11,01305";"0,01161"
"32,07000";"11,02792";"0,01162"
"32,08000";"11,04292";"0,01161"
"32,09000";"11,05803";"0,01564"
"32,10000";"11,07302";"0,01868"
"32,11000";"11,08801";"0,01398"
"32,12000";"11,10301";"0,01465"
"32,13000";"11,11800";"0,01696"
"32,14000";"11,13299";"0,02276"
"32,15000";"11,14799";"0,02450"
"32,16000";"11,16298";"0,02104"
"32,17000";"11,17809";"0,02385"
"32,18000";"11,19308";"0,02515"
"32,19000";"11,20808";"0,02915"
"32,20000";"11,22307";"0,02904"
"32,21000";"11,23806";"0,03158"
"32,22000";"11,25306";"0,03841"
"32,23000";"11,26805";"0,03881"
"32,24000";"11,28304";"0,03998"
"32,25000";"11,29803";"0,04561"
"32,26000";"11,31315";"0,04867"
"32,27000";"11,32802";"0,05458"
"32,28000";"11,34301";"0,05749"
"32,29000";"11,35789";"0,05461"
"32,30000";"11,37288";"0,04249"
"32,31000";"11,38788";"0,03454"
"32,32000";"11,40298";"0,04106"
"32,33000";"11,41798";"0,04152"
"32,34000";"11,43321";"0,04105"
"32,35000";"11,44820";"0,03998"
"32,36000";"11,46308";"0,04410"
"32,37000";"11,47807";"0,05374"
"32,38000";"11,49306";"0,05246"
"32,39000";"11,50794";"0,04648"
"32,40000";"11,52305";"0,04049"
"32,41000";"11,53804";"0,03373"
"32,42000";"11,55315";"0,02742"
"32,43000";"11,56815";"0,02545"
"32,44000";"11,58326";"0,03107"
"32,45000";"11,59825";"0,03209"
"32,46000";"11,61312";"0,03574"
"32,47000";"11,62812";"0,04364"
"32,48000";"11,64311";"0,04975"
"32,49000";"11,65822";"0,05986"
"32,50000";"11,67310";"0,06473"
"32,51000";"11,68797";"0,06580"
"32,52000";"11,70296";"0,07279"
"32,53000";"11,71796";"0,07262"
"32,54000";"11,73295";"0,07259"
"32,55000";"11,74794";"0,07276"
"32,56000";"11,76306";"0,07179"
"32,57000";"11,77817";"0,06701"
"32,58000";"11,79304";"0,05971"
"32,59000";"11,80803";"0,05536"
"32,60000";"11,82291";"0,05531"
"32,61000";"11,83790";"0,06053"
"32,62000";"11,85278";"0,06300"
"32,63000";"11,86777";"0,06279"
"32,64000";"11,88276";"0,06568"
"32,65000";"11,89799";"0,06915"
"32,66000";"11,91299";"0,07058"
"32,67000";"11,92798";"0,07024"
"32,68000";"11,94297";"0,06740"
"32,69000";"11,95797";"0,06192"
"32,70000";"11,97284";"0,05898"
"32,71000";"11,98783";"0,05729"
"32,72000";"12,00294";"0,05873"
"32,73000";"12,01806";"0,06835"
"32,74000";"12,03293";"0,07134"
"32,75000";"12,04792";"0,07396"
"32,76000";"12,06304";"0,07727"
"32,77000";"12,07803";"0,07565"
"32,78000";"12,09302";"0,07929"
"32,79000";"12,10790";"0,08516"
"32,80000";"12,12301";"0,08835"
"32,81000";"12,13812";"0,08606"
"32,82000";"12,15299";"0,07897"
"32,83000";"12,16799";"0,07476"
"32,84000";"12,18286";"0,07042"
"32,85000";"12,19785";"0,07116"
"32,86000";"12,21285";"0,07724"
"32,87000";"12,22784";"0,08233"
"32,88000";"12,24283";"0,08748"
"32,89000";"12,25795";"0,08934"
"32,90000";"12,27294";"0,08729"
"32,91000";"12,28781";"0,08594"
"32,92000";"12,30280";"0,07707"
"32,93000";"12,31768";"0,07179"
"32,94000";"12,33267";"0,07098"
"32,95000";"12,34767";"0,07352"
"32,96000";"12,36278";"0,07590"
"32,97000";"12,37789";"0,08300"
"32,98000";"12,39300";"0,08323"
"32,99000";"12,40799";"0,08648"
"33,00000";"12,42299";"0,09096"
"33,01000";"12,43798";"0,08955"
"33,02000";"12,45297";"0,08082"
"33,03000";"12,46797";"0,07886"
"33,04000";"12,48308";"0,08510"
"33,05000";"12,49807";"0,08558"
"33,06000";"12,51306";"0,08714"
"33,07000";"12,52805";"0,08775"
"33,08000";"12,54305";"0,08749"
"33,09000";"12,55804";"0,08914"
"33,10000";"12,57292";"0,08813"
"33,11000";"12,58791";"0,08914"
"33,12000";"12,60302";"0,09005"
"33,13000";"12,61801";"0,08391"
"33,14000";"12,63289";"0,08576"
"33,15000";"12,64788";"0,08977"
"33,16000";"12,66288";"0,10057"
"33,17000";"12,67787";"0,11299"
"33,18000";"12,69286";"0,11438"
"33,19000";"12,70797";"0,10909"
"33,20000";"12,72308";"0,10095"
"33,21000";"12,73819";"0,10326"
"33,22000";"12,75319";"0,10518"
"33,23000";"12,76818";"0,10815"
"33,24000";"12,78317";"0,11396"
"33,25000";"12,79805";"0,11053"
"33,26000";"12,81304";"0,10554"
"33,27000";"12,82815";"0,10032"
"33,28000";"12,84315";"0,10315"
"33,29000";"12,85814";"0,10536"
"33,30000";"12,87313";"0,10793"
"33,31000";"12,88813";"0,10861"
"33,32000";"12,90300";"0,10488"
"33,33000";"12,91787";"0,10515"
"33,34000";"12,93275";"0,11268"
"33,35000";"12,94774";"0,11354"
"33,36000";"12,96274";"0,12085"
"33,37000";"12,97773";"0,12450"
"33,38000";"12,99272";"0,12485"
"33,39000";"13,00783";"0,12018"
"33,40000";"13,02294";"0,10977"
"33,41000";"13,03794";"0,10018"
"33,42000";"13,05305";"0,09749"
"33,43000";"13,06816";"0,09867"
"33,44000";"13,08327";"0,10500"
"33,45000";"13,09826";"0,10517"
"33,46000";"13,11314";"0,10589"
"33,47000";"13,12813";"0,10787"
"33,48000";"13,14289";"0,10512"
"33,49000";"13,15776";"0,10512"
"33,50000";"13,17276";"0,11383"
"33,51000";"13,18775";"0,12731"
"33,52000";"13,20286";"0,13708"
"33,53000";"13,21797";"0,13240"
"33,54000";"13,23297";"0,12601"
"33,55000";"13,24796";"0,11654"
"33,56000";"13,26283";"0,11674"
"33,57000";"13,27771";"0,11980"
"33,58000";"13,29270";"0,11794"
"33,59000";"13,30781";"0,11350"
"33,60000";"13,32292";"0,11332"
"33,61000";"13,33792";"0,11731"
"33,62000";"13,35291";"0,11562"
"33,63000";"13,36790";"0,11300"
"33,64000";"13,38290";"0,11287"
"33,65000";"13,39789";"0,11280"
"33,66000";"13,41288";"0,11046"
"33,67000";"13,42799";"0,11174"
"33,68000";"13,44299";"0,11303"
"33,69000";"13,45798";"0,11045"
"33,70000";"13,47297";"0,11560"
"33,71000";"13,48808";"0,11902"
"33,72000";"13,50296";"0,12912"
"33,73000";"13,51795";"0,13813"
"33,74000";"13,53294";"0,13702"
"33,75000";"13,54806";"0,12817"
"33,76000";"13,56305";"0,12641"
"33,77000";"13,57804";"0,12350"
"33,78000";"13,59303";"0,12423"
"33,79000";"13,60803";"0,12107"
"33,80000";"13,62290";"0,12071"
"33,81000";"13,63790";"0,12250"
"33,82000";"13,65301";"0,12434"
"33,83000";"13,66812";"0,12636"
"33,84000";"13,68311";"0,12500"
"33,85000";"13,69810";"0,12385"
"33,86000";"13,71310";"0,13161"
"33,87000";"13,72809";"0,14020"
"33,88000";"13,74296";"0,14497"
"33,89000";"13,75796";"0,14578"
"33,90000";"13,77295";"0,14828"
"33,91000";"13,78794";"0,14422"
"33,92000";"13,80294";"0,13956"
"33,93000";"13,81805";"0,13603"
"33,94000";"13,83304";"0,14017"
"33,95000";"13,84803";"0,14622"
"33,96000";"13,86303";"0,14755"
"33,97000";"13,87802";"0,14631"
"33,98000";"13,89313";"0,13929"
"33,99000";"13,90813";"0,13443"
"34,00000";"13,92312";"0,13627"
"34,01000";"13,93823";"0,13808"
"34,02000";"13,95322";"0,13906"
"34,03000";"13,96821";"0,13984"
"34,04000";"13,98309";"0,14285"
"34,05000";"13,99808";"0,14311"
"34,06000";"14,01319";"0,14103"
"34,07000";"14,02819";"0,13950"
"34,08000";"14,04318";"0,14015"
"34,09000";"14,05805";"0,14119"
"34,10000";"14,07305";"0,14903"
"34,11000";"14,08792";"0,15330"
"34,12000";"14,10280";"0,15665"
"34,13000";"14,11779";"0,15568"
"34,14000";"14,13278";"0,15147"
"34,15000";"14,14790";"0,14762"
"34,16000";"14,16289";"0,15198"
"34,17000";"14,17788";"0,15372"
"34,18000";"14,19288";"0,15585"
"34,19000";"14,20775";"0,15716"
"34,20000";"14,22274";"0,15628"
"34,21000";"14,23785";"0,15580"
"34,22000";"14,25296";"0,15749"
"34,23000";"14,26808";"0,15824"
"34,24000";"14,28307";"0,15711"
"34,25000";"14,29818";"0,16470"
"34,26000";"14,31317";"0,17174"
"34,27000";"14,32817";"0,17833"
"34,28000";"14,34304";"0,18202"
"34,29000";"14,35803";"0,18412"
"34,30000";"14,37303";"0,18494"
"34,31000";"14,38802";"0,17726"
"34,32000";"14,40301";"0,17259"
"34,33000";"14,41801";"0,17550"
"34,34000";"14,43312";"0,17618"
"34,35000";"14,44799";"0,18053"
"34,36000";"14,46299";"0,19157"
"34,37000";"14,47798";"0,19458"
"34,38000";"14,49309";"0,19367"
"34,39000";"14,50808";"0,19230"
"34,40000";"14,52319";"0,19294"
"34,41000";"14,53819";"0,19073"
"34,42000";"14,55318";"0,19241"
"34,43000";"14,56817";"0,20064"
"34,44000";"14,58317";"0,20589"
"34,45000";"14,59816";"0,20190"
"34,46000";"14,61315";"0,20046"
"34,47000";"14,62826";"0,20117"
"34,48000";"14,64326";"0,20017"
"34,49000";"14,65813";"0,20262"
"34,50000";"14,67313";"0,20522"
"34,51000";"14,68800";"0,20959"
"34,52000";"14,70287";"0,21810"
"34,53000";"14,71799";"0,24066"
"34,54000";"14,73310";"0,25123"
"34,55000";"14,74821";"0,25063"
"34,56000";"14,76320";"0,25548"
"34,57000";"14,77820";"0,25853"
"34,58000";"14,79319";"0,25301"
"34,59000";"14,80806";"0,25059"
"34,60000";"14,82306";"0,25123"
"34,61000";"14,83817";"0,26287"
"34,62000";"14,85304";"0,27731"
"34,63000";"14,86804";"0,28623"
"34,64000";"14,88291";"0,29559"
"34,65000";"14,89790";"0,29101"
"34,66000";"14,91290";"0,29119"
"34,67000";"14,92789";"0,28902"
"34,68000";"14,94288";"0,29070"
"34,69000";"14,95799";"0,29564"
"34,70000";"14,97310";"0,30220"
"34,71000";"14,98810";"0,31476"
"34,72000";"15,00309";"0,32103"
"34,73000";"15,01808";"0,32381"
"34,74000";"15,03308";"0,33105"
"34,75000";"15,04795";"0,33221"
"34,76000";"15,06295";"0,33589"
"34,77000";"15,07806";"0,34354"
"34,78000";"15,09317";"0,35583"
"34,79000";"15,10816";"0,36430"
"34,80000";"15,12315";"0,37136"
"34,81000";"15,13803";"0,37514"
"34,82000";"15,15302";"0,37992"
"34,83000";"15,16790";"0,38967"
"34,84000";"15,18301";"0,39865"
"34,85000";"15,19812";"0,40939"
"34,86000";"15,21311";"0,41795"
"34,87000";"15,22799";"0,42680"
"34,88000";"15,24298";"0,43414"
"34,89000";"15,25785";"0,44005"
"34,90000";"15,27285";"0,44773"
"34,91000";"15,28772";"0,45392"
"34,92000";"15,30283";"0,46649"
"34,93000";"15,31794";"0,47958"
"34,94000";"15,33294";"0,48840"
"34,95000";"15,34793";"0,50284"
"34,96000";"15,36292";"0,51598"
"34,97000";"15,37792";"0,52285"
"34,98000";"15,39291";"0,53075"
"34,99000";"15,40790";"0,53754"
"35,00000";"15,42290";"0,54838"
"35,01000";"15,43813";"0,55826"
"35,02000";"15,45312";"0,56720"
"35,03000";"15,46799";"0,56919"
"35,04000";"15,48287";"0,57219"
"35,05000";"15,49786";"0,58007"
"35,06000";"15,51274";"0,59099"
"35,07000";"15,52773";"0,60287"
"35,08000";"15,54272";"0,61802"
"35,09000";"15,55795";"0,62411"
"35,10000";"15,57306";"0,62919"
"35,11000";"15,58817";"0,63572"
"35,12000";"15,60317";"0,65187"
"35,13000";"15,61816";"0,66749"
"35,14000";"15,63315";"0,68071"
"35,15000";"15,64815";"0,70036"
"35,16000";"15,66314";"0,71739"
"35,17000";"15,67825";"0,72307"
"35,18000";"15,69324";"0,72782"
"35,19000";"15,70812";"0,74333"
"35,20000";"15,72311";"0,75685"
"35,21000";"15,73811";"0,77414"
"35,22000";"15,75298";"0,78562"
"35,23000";"15,76797";"0,80099"
"35,24000";"15,78308";"0,81739"
"35,25000";"15,79808";"0,82615"
"35,26000";"15,81307";"0,84170"
"35,27000";"15,82794";"0,85843"
"35,28000";"15,84294";"0,87822"
"35,29000";"15,85793";"0,90669"
"35,30000";"15,87292";"0,93238"
"35,31000";"15,88780";"0,95955"
"35,32000";"15,90291";"0,98795"
"35,33000";"15,91802";"1,00891"
"35,34000";"15,93301";"1,03385"
"35,35000";"15,94801";"1,05944"
"35,36000";"15,96300";"1,08104"
"35,37000";"15,97788";"1,09546"
"35,38000";"15,99287";"1,11391"
"35,39000";"16,00786";"1,13313"
"35,40000";"16,02297";"1,14923"
"35,41000";"16,03808";"1,17210"
"35,42000";"16,05319";"1,19777"
"35,43000";"16,06819";"1,23106"
"35,44000";"16,08306";"1,27053"
"35,45000";"16,09806";"1,30421"
"35,46000";"16,11293";"1,33827"
"35,47000";"16,12804";"1,36787"
"35,48000";"16,14304";"1,39759"
"35,49000";"16,15803";"1,42048"
"35,50000";"16,17302";"1,45163"
"35,51000";"16,18813";"1,48655"
"35,52000";"16,20312";"1,52106"
"35,53000";"16,21800";"1,55132"
"35,54000";"16,23299";"1,58502"
"35,55000";"16,24799";"1,62650"
"35,56000";"16,26298";"1,66461"
"35,57000";"16,27797";"1,70402"
"35,58000";"16,29296";"1,74429"
"35,59000";"16,30808";"1,78823"
"35,60000";"16,32307";"1,83624"
"35,61000";"16,33806";"1,87812"
"35,62000";"16,35306";"1,91612"
"35,63000";"16,36805";"1,95715"
"35,64000";"16,38304";"2,00620"
"35,65000";"16,39804";"2,05489"
"35,66000";"16,41291";"2,10324"
"35,67000";"16,42779";"2,15032"
"35,68000";"16,44289";"2,20443"
"35,69000";"16,45789";"2,26025"
"35,70000";"16,47300";"2,31498"
"35,71000";"16,48811";"2,36845"
"35,72000";"16,50322";"2,42890"
"35,73000";"16,51833";"2,48314"
"35,74000";"16,53333";"2,53654"
"35,75000";"16,54820";"2,60344"
"35,76000";"16,56308";"2,67179"
"35,77000";"16,57795";"2,73640"
"35,78000";"16,59295";"2,79826"
"35,79000";"16,60794";"2,86297"
"35,80000";"16,62293";"2,93055"
"35,81000";"16,63804";"3,00223"
"35,82000";"16,65303";"3,08266"
"35,83000";"16,66803";"3,16925"
"35,84000";"16,68302";"3,24624"
"35,85000";"16,69801";"3,32036"
"35,86000";"16,71301";"3,39143"
"35,87000";"16,72800";"3,46989"
"35,88000";"16,74299";"3,55642"
"35,89000";"16,75787";"3,64247"
"35,90000";"16,77274";"3,73032"
"35,91000";"16,78773";"3,82270"
"35,92000";"16,80273";"3,92714"
"35,93000";"16,81784";"4,03887"
"35,94000";"16,83283";"4,15088"
"35,95000";"16,84806";"4,25950"
"35,96000";"16,86317";"4,37877"
"35,97000";"16,87817";"4,50378"
"35,98000";"16,89316";"4,62917"
"35,99000";"16,90815";"4,76115"
"36,00000";"16,92315";"4,90038"
"36,01000";"16,93814";"5,04403"
"36,02000";"16,95313";"5,18569"
"36,03000";"16,96824";"5,33319"
"36,04000";"16,98324";"5,49125"
"36,05000";"16,99811";"5,65483"
"36,06000";"17,01311";"5,81838"
"36,07000";"17,02810";"5,98916"
"36,08000";"17,04297";"6,17203"
"36,09000";"17,05785";"6,36535"
"36,10000";"17,07284";"6,56908"
"36,11000";"17,08795";"6,78114"
"36,12000";"17,10283";"7,00285"
"36,13000";"17,11782";"7,23020"
"36,14000";"17,13281";"7,46343"
"36,15000";"17,14792";"7,70402"
"36,16000";"17,16280";"7,95121"
"36,17000";"17,17779";"8,20276"
"36,18000";"17,19290";"8,45998"
"36,19000";"17,20801";"8,73883"
"36,20000";"17,22301";"9,03632"
"36,21000";"17,23788";"9,34853"
"36,22000";"17,25288";"9,66981"
"36,23000";"17,26787";"10,00214"
"36,24000";"17,28274";"10,33959"
"36,25000";"17,29762";"10,68425"
"36,26000";"17,31273";"11,04093"
"36,27000";"17,32796";"11,42032"
"36,28000";"17,34295";"11,82091"
"36,29000";"17,35794";"12,24204"
"36,30000";"17,37282";"12,68621"
"36,31000";"17,38793";"13,15355"
"36,32000";"17,40281";"13,62634"
"36,33000";"17,41792";"14,11714"
"36,34000";"17,43303";"14,63396"
"36,35000";"17,44814";"15,17575"
"36,36000";"17,46313";"15,73890"
"36,37000";"17,47812";"16,32261"
"36,38000";"17,49312";"16,92556"
"36,39000";"17,50799";"17,55467"
"36,40000";"17,52299";"18,21206"
"36,41000";"17,53798";"18,89892"
"36,42000";"17,55285";"19,61485"
"36,43000";"17,56785";"20,36135"
"36,44000";"17,58284";"21,14235"
"36,45000";"17,59783";"21,95554"
"36,46000";"17,61271";"22,79685"
"36,47000";"17,62758";"23,67466"
"36,48000";"17,64246";"24,58350"
"36,49000";"17,65733";"25,52446"
"36,50000";"17,67233";"26,50247"
"36,51000";"17,68744";"27,52302"
"36,52000";"17,70255";"28,59768"
"36,53000";"17,71778";"29,73474"
"36,54000";"17,73289";"30,94260"
"36,55000";"17,74800";"32,21560"
"36,56000";"17,76323";"33,54856"
"36,57000";"17,77834";"34,92782"
"36,58000";"17,79345";"36,36702"
"36,59000";"17,80856";"37,88008"
"36,60000";"17,82344";"39,46431"
"36,61000";"17,83831";"41,09668"
"36,62000";"17,85319";"42,78928"
"36,63000";"17,86806";"44,56028"
"36,64000";"17,88294";"46,40607"
"36,65000";"17,89805";"48,33948"
"36,66000";"17,91304";"50,38964"
"36,67000";"17,92815";"52,57854"
"36,68000";"17,94303";"54,88317"
"36,69000";"17,95790";"57,28422"
"36,70000";"17,97290";"59,77863"
"36,71000";"17,98777";"62,40504"
"36,72000";"18,00265";"65,18761"
"36,73000";"18,01776";"68,18008"
"36,74000";"18,03275";"71,39543"
"36,75000";"18,04774";"74,91010"
"36,76000";"18,06262";"78,71738"
"36,77000";"18,07749";"82,75417"
"36,78000";"18,09249";"86,98818"
"36,79000";"18,10736";"91,39070"
"36,80000";"18,12247";"95,93710"
"36,81000";"18,13747";"100,63232"
"36,82000";"18,15258";"105,49580"
"36,83000";"18,16769";"110,56947"
"36,84000";"18,18280";"115,91875"
"36,85000";"18,19791";"121,60035"
"36,86000";"18,21302";"127,64381"
"36,87000";"18,22801";"134,08676"
"36,88000";"18,24301";"141,04962"
"36,89000";"18,25812";"148,67146"
"36,90000";"18,27311";"157,02342"
"36,91000";"18,28810";"165,97934"
"36,92000";"18,30298";"175,28537"
"36,93000";"18,31785";"184,63301"
"36,94000";"18,33285";"193,74864"
"36,95000";"18,34772";"202,51433"
"36,96000";"18,36272";"210,94675"
"36,97000";"18,37771";"219,11649"
"36,98000";"18,39270";"227,14926"
"36,99000";"18,40770";"235,09160"
"37,00000";"18,42257";"243,04295"
"37,01000";"18,43744";"251,00075"
"37,02000";"18,45232";"258,99277"
"37,03000";"18,46731";"266,98706"
"37,04000";"18,48242";"275,04257"
"37,05000";"18,49742";"283,38559"
"37,05200";"18,50048";"285,10596"
"37,05400";"18,50356";"286,84192"
"37,06400";"18,51666";"295,65445"
"37,07400";"18,52410";"303,37238"
"37,08000";"18,52611";"306,00757"
"37,09000";"18,52540";"305,01288"
"37,10000";"18,52044";"296,17807"
"37,11000";"18,50911";"278,36761"
"37,12000";"18,49199";"249,21364"
"37,13000";"18,47180";"208,14236"
"37,14000";"18,45008";"159,38663"
"37,15000";"18,42812";"109,81717"
"37,16000";"18,40675";"65,64609"
"37,17000";"18,38633";"31,06439"
"37,18000";"18,36649";"7,61760"
"37,19000";"18,34760";"-5,16838"
"37,20000";"18,32919";"-8,98224"
"37,21000";"18,31148";"-7,31390"
"37,22000";"18,29448";"-3,78114"
"37,23000";"18,27795";"-0,58814"
"37,24000";"18,26190";"1,44141"
"37,25000";"18,24619";"2,29672"
"37,26000";"18,23073";"2,34481"
"37,27000";"18,21515";"1,92431"
"37,28000";"18,19921";"1,26921"
"37,29000";"18,18363";"0,54630"
"37,30000";"18,16828";"-0,13608"
"37,31000";"18,15293";"-0,71717"
"37,32000";"18,13758";"-1,19690"
"37,33000";"18,12235";"-1,58714"
"37,34000";"18,10724";"-1,88591"
"37,35000";"18,09213";"-2,10994"
"37,36000";"18,07714";"-2,29503"
"37,37000";"18,06215";"-2,45776"
"37,38000";"18,04715";"-2,60361"
"37,39000";"18,03228";"-2,73549"
"37,40000";"18,01717";"-2,84464"
"37,41000";"18,00206";"-2,94787"
"37,42000";"17,98706";"-3,03580"
"37,43000";"17,97207";"-3,09678"
"37,44000";"17,95696";"-3,14427"
"37,45000";"17,94208";"-3,18722"
"37,46000";"17,92709";"-3,21281"
"37,47000";"17,91210";"-3,21830"
"37,48000";"17,89710";"-3,22704"
"37,49000";"17,88211";"-3,22852"
"37,50000";"17,86700";"-3,22507"
"37,51000";"17,85177";"-3,21765"
"37,52000";"17,83690";"-3,19678"
"37,53000";"17,82190";"-3,17710"
"37,54000";"17,80703";"-3,14855"
"37,55000";"17,79215";"-3,11273"
"37,56000";"17,77728";"-3,06883"
"37,57000";"17,76240";"-3,02235"
"37,58000";"17,74718";"-2,98042"
"37,59000";"17,73195";"-2,94378"
"37,60000";"17,71695";"-2,90415"
"37,61000";"17,70196";"-2,86033"
"37,62000";"17,68696";"-2,81946"
"37,63000";"17,67186";"-2,77701"
"37,64000";"17,65674";"-2,74051"
"37,65000";"17,64175";"-2,70033"
"37,66000";"17,62675";"-2,65126"
"37,67000";"17,61165";"-2,59989"
"37,68000";"17,59677";"-2,54742"
"37,69000";"17,58213";"-2,48589"
"37,70000";"17,56726";"-2,41478"
"37,71000";"17,55215";"-2,34459"
"37,72000";"17,53703";"-2,27950"
"37,73000";"17,52216";"-2,22520"
"37,74000";"17,50705";"-2,17800"
"37,75000";"17,49194";"-2,12425"
"37,76000";"17,47706";"-2,06800"
"37,77000";"17,46219";"-2,00539"
"37,78000";"17,44743";"-1,94261"
"37,79000";"17,43232";"-1,88650"
"37,80000";"17,41709";"-1,82989"
"37,81000";"17,40221";"-1,76902"
"37,82000";"17,38711";"-1,71519"
"37,83000";"17,37188";"-1,67079"
"37,84000";"17,35688";"-1,62694"
"37,85000";"17,34189";"-1,57385"
"37,86000";"17,32690";"-1,51582"
"37,87000";"17,31178";"-1,46033"
"37,88000";"17,29679";"-1,41940"
"37,89000";"17,28192";"-1,39401"
"37,90000";"17,26692";"-1,36348"
"37,91000";"17,25193";"-1,33421"
"37,92000";"17,23694";"-1,30035"
"37,93000";"17,22206";"-1,26452"
"37,94000";"17,20731";"-1,22950"
"37,95000";"17,19219";"-1,19708"
"37,96000";"17,17708";"-1,17776"
"37,97000";"17,16209";"-1,16243"
"37,98000";"17,14698";"-1,14243"
"37,99000";"17,13199";"-1,11643"
"38,00000";"17,11699";"-1,09135"
"38,01000";"17,10200";"-1,06609"
"38,02000";"17,08713";"-1,04357"
"38,03000";"17,07201";"-1,02261"
"38,04000";"17,05690";"-0,99335"
"38,05000";"17,04191";"-0,96911"
"38,06000";"17,02692";"-0,93905"
"38,07000";"17,01192";"-0,91085"
"38,08000";"16,99693";"-0,89472"
"38,09000";"16,98206";"-0,88778"
"38,10000";"16,96718";"-0,87958"
"38,11000";"16,95207";"-0,85985"
"38,12000";"16,93696";"-0,83792"
"38,13000";"16,92185";"-0,81580"
"38,14000";"16,90674";"-0,79500"
"38,15000";"16,89186";"-0,77866"
"38,16000";"16,87687";"-0,76623"
"38,17000";"16,86188";"-0,76153"
"38,18000";"16,84700";"-0,75905"
"38,19000";"16,83201";"-0,74700"
"38,20000";"16,81701";"-0,73696"
"38,21000";"16,80190";"-0,72923"
"38,22000";"16,78691";"-0,72124"
"38,23000";"16,77204";"-0,71252"
"38,24000";"16,75704";"-0,70042"
"38,25000";"16,74205";"-0,68850"
"38,26000";"16,72717";"-0,68420"
"38,27000";"16,71206";"-0,66968"
"38,28000";"16,69707";"-0,65745"
"38,29000";"16,68184";"-0,65261"
"38,30000";"16,66685";"-0,64540"
"38,31000";"16,65197";"-0,63890"
"38,32000";"16,63710";"-0,63801"
"38,33000";"16,62211";"-0,63141"
"38,34000";"16,60699";"-0,62431"
"38,35000";"16,59188";"-0,62395"
"38,36000";"16,57689";"-0,62656"
"38,37000";"16,56178";"-0,62679"
"38,38000";"16,54667";"-0,62055"
"38,39000";"16,53179";"-0,60993"
"38,40000";"16,51704";"-0,59563"
"38,41000";"16,50216";"-0,57756"
"38,42000";"16,48693";"-0,56413"
"38,43000";"16,47182";"-0,55593"
"38,44000";"16,45695";"-0,54824"
"38,45000";"16,44183";"-0,53302"
"38,46000";"16,42684";"-0,52299"
"38,47000";"16,41185";"-0,52191"
"38,48000";"16,39709";"-0,51732"
"38,49000";"16,38210";"-0,51225"
"38,50000";"16,36699";"-0,50847"
"38,51000";"16,35211";"-0,49976"
"38,52000";"16,33724";"-0,49673"
"38,53000";"16,32224";"-0,49521"
"38,54000";"16,30713";"-0,48977"
"38,55000";"16,29214";"-0,48685"
"38,56000";"16,27738";"-0,48133"
"38,57000";"16,26239";"-0,47967"
"38,58000";"16,24716";"-0,47668"
"38,59000";"16,23205";"-0,47252"
"38,60000";"16,21706";"-0,46607"
"38,61000";"16,20206";"-0,45844"
"38,62000";"16,18695";"-0,45271"
"38,63000";"16,17208";"-0,45207"
"38,64000";"16,15720";"-0,44562"
"38,65000";"16,14221";"-0,43689"
"38,66000";"16,12710";"-0,43562"
"38,67000";"16,11187";"-0,43707"
"38,68000";"16,09687";"-0,43714"
"38,69000";"16,08177";"-0,43240"
"38,70000";"16,06689";"-0,42395"
"38,71000";"16,05190";"-0,41801"
"38,72000";"16,03702";"-0,40803"
"38,73000";"16,02215";"-0,39728"
"38,74000";"16,00704";"-0,39119"
"38,75000";"15,99181";"-0,38743"
"38,76000";"15,97681";"-0,38111"
"38,77000";"15,96194";"-0,37381"
"38,78000";"15,94706";"-0,35851"
"38,79000";"15,93207";"-0,33597"
"38,80000";"15,91708";"-0,32085"
"38,81000";"15,90208";"-0,30866"
"38,82000";"15,88709";"-0,30777"
"38,83000";"15,87210";"-0,30132"
"38,84000";"15,85710";"-0,29772"
"38,85000";"15,84211";"-0,28748"
"38,86000";"15,82712";"-0,28346"
"38,87000";"15,81213";"-0,27804"
"38,88000";"15,79713";"-0,27458"
"38,89000";"15,78226";"-0,28353"
"38,90000";"15,76727";"-0,29192"
"38,91000";"15,75215";"-0,29153"
"38,92000";"15,73704";"-0,28819"
"38,93000";"15,72205";"-0,29519"
"38,94000";"15,70706";"-0,28607"
"38,95000";"15,69218";"-0,26741"
"38,96000";"15,67719";"-0,26082"
"38,97000";"15,66220";"-0,26161"
"38,98000";"15,64708";"-0,26705"
"38,99000";"15,63209";"-0,26296"
"39,00000";"15,61686";"-0,25257"
"39,01000";"15,60175";"-0,24753"
"39,02000";"15,58676";"-0,24173"
"39,03000";"15,57188";"-0,23520"
"39,04000";"15,55689";"-0,22887"
"39,05000";"15,54190";"-0,22666"
"39,06000";"15,52690";"-0,21951"
"39,07000";"15,51191";"-0,21519"
"39,08000";"15,49692";"-0,21154"
"39,09000";"15,48180";"-0,20990"
"39,10000";"15,46693";"-0,21342"
"39,11000";"15,45205";"-0,20834"
"39,12000";"15,43706";"-0,20613"
"39,13000";"15,42207";"-0,20447"
"39,14000";"15,40707";"-0,20029"
"39,15000";"15,39220";"-0,19444"
"39,16000";"15,37709";"-0,19450"
"39,17000";"15,36186";"-0,19343"
"39,18000";"15,34699";"-0,19014"
"39,19000";"15,33211";"-0,18163"
"39,20000";"15,31712";"-0,16802"
"39,21000";"15,30189";"-0,16637"
"39,22000";"15,28690";"-0,17377"
"39,23000";"15,27202";"-0,18143"
"39,24000";"15,25691";"-0,18226"
"39,25000";"15,24192";"-0,18668"
"39,26000";"15,22704";"-0,19153"
"39,27000";"15,21217";"-0,18459"
"39,28000";"15,19729";"-0,18263"
"39,29000";"15,18218";"-0,18352"
"39,30000";"15,16719";"-0,18003"
"39,31000";"15,15219";"-0,16820"
"39,32000";"15,13720";"-0,15327"
"39,33000";"15,12209";"-0,14749"
"39,34000";"15,10710";"-0,14879"
"39,35000";"15,09222";"-0,14741"
"39,36000";"15,07723";"-0,14629"
"39,37000";"15,06212";"-0,15501"
"39,38000";"15,04701";"-0,15891"
"39,39000";"15,03201";"-0,16261"
"39,40000";"15,01690";"-0,16247"
"39,41000";"15,00191";"-0,15576"
"39,42000";"14,98692";"-0,14753"
"39,43000";"14,97204";"-0,13703"
"39,44000";"14,95728";"-0,12760"
"39,45000";"14,94217";"-0,12074"
"39,46000";"14,92718";"-0,12209"
"39,47000";"14,91219";"-0,12608"
"39,48000";"14,89731";"-0,13022"
"39,49000";"14,88232";"-0,12969"
"39,50000";"14,86721";"-0,13151"
"39,51000";"14,85222";"-0,13143"
"39,52000";"14,83722";"-0,13044"
"39,53000";"14,82223";"-0,13054"
"39,54000";"14,80700";"-0,12777"
"39,55000";"14,79201";"-0,13588"
"39,56000";"14,77701";"-0,14018"
"39,57000";"14,76226";"-0,13662"
"39,58000";"14,74726";"-0,13252"
"39,59000";"14,73227";"-0,13220"
"39,60000";"14,71716";"-0,13172"
"39,61000";"14,70217";"-0,12640"
"39,62000";"14,68706";"-0,11695"
"39,63000";"14,67183";"-0,11257"
"39,64000";"14,65683";"-0,11651"
"39,65000";"14,64208";"-0,12572"
"39,66000";"14,62708";"-0,12868"
"39,67000";"14,61197";"-0,13087"
"39,68000";"14,59698";"-0,13490"
"39,69000";"14,58187";"-0,13442"
"39,70000";"14,56676";"-0,12852"
"39,71000";"14,55165";"-0,12053"
"39,72000";"14,53677";"-0,12093"
"39,73000";"14,52190";"-0,12602"
"39,74000";"14,50702";"-0,12601"
"39,75000";"14,49191";"-0,12472"
"39,76000";"14,47680";"-0,12409"
"39,77000";"14,46192";"-0,12452"
"39,78000";"14,44681";"-0,12919"
"39,79000";"14,43170";"-0,13212"
"39,80000";"14,41659";"-0,13339"
"39,81000";"14,40183";"-0,13434"
"39,82000";"14,38696";"-0,13432"
"39,83000";"14,37185";"-0,13618"
"39,84000";"14,35674";"-0,14009"
"39,85000";"14,34174";"-0,12905"
"39,86000";"14,32675";"-0,11767"
"39,87000";"14,31164";"-0,10446"
"39,88000";"14,29665";"-0,10295"
"39,89000";"14,28201";"-0,10544"
"39,90000";"14,26713";"-0,11110"
"39,91000";"14,25214";"-0,11464"
"39,92000";"14,23691";"-0,11708"
"39,93000";"14,22180";"-0,11299"
"39,94000";"14,20681";"-0,10695"
"39,95000";"14,19169";"-0,10151"
"39,96000";"14,17670";"-0,09308"
"39,97000";"14,16206";"-0,08827"
"39,98000";"14,14719";"-0,09090"
"39,99000";"14,13219";"-0,09335"
"40,00000";"14,11697";"-0,09543"
"40,01000";"14,10197";"-0,09591"
"40,02000";"14,08698";"-0,08664"
"40,03000";"14,07187";"-0,08495"
"40,04000";"14,05688";"-0,08725"
"40,05000";"14,04200";"-0,08977"
"40,06000";"14,02724";"-0,08806"
"40,07000";"14,01225";"-0,09345"
"40,08000";"13,99714";"-0,09761"
"40,09000";"13,98226";"-0,10615"
"40,10000";"13,96739";"-0,10620"
"40,11000";"13,95228";"-0,09628"
"40,12000";"13,93729";"-0,08826"
"40,13000";"13,92229";"-0,08119"
"40,14000";"13,90742";"-0,07864"
"40,15000";"13,89231";"-0,08377"
"40,16000";"13,87708";"-0,09215"
"40,17000";"13,86196";"-0,09828"
"40,18000";"13,84697";"-0,09864"
"40,19000";"13,83198";"-0,09548"
"40,20000";"13,81699";"-0,09733"
"40,21000";"13,80199";"-0,10814"
"40,22000";"13,78712";"-0,10528"
"40,23000";"13,77201";"-0,10048"
"40,24000";"13,75678";"-0,09358"
"40,25000";"13,74179";"-0,09415"
"40,26000";"13,72679";"-0,09897"
"40,27000";"13,71192";"-0,10281"
"40,28000";"13,69692";"-0,10484"
"40,29000";"13,68193";"-0,10664"
"40,30000";"13,66706";"-0,10837"
"40,31000";"13,65218";"-0,10402"
"40,32000";"13,63707";"-0,10059"
"40,33000";"13,62196";"-0,10186"
"40,34000";"13,60685";"-0,09903"
"40,35000";"13,59197";"-0,09236"
"40,36000";"13,57710";"-0,08552"
"40,37000";"13,56199";"-0,08172"
"40,38000";"13,54699";"-0,07909"
"40,39000";"13,53200";"-0,08048"
"40,40000";"13,51689";"-0,07693"
"40,41000";"13,50178";"-0,07131"
"40,42000";"13,48678";"-0,07199"
"40,43000";"13,47179";"-0,07434"
"40,44000";"13,45704";"-0,07322"
"40,45000";"13,44204";"-0,07147"
"40,46000";"13,42705";"-0,07631"
"40,47000";"13,41206";"-0,07616"
"40,48000";"13,39706";"-0,07623"
"40,49000";"13,38195";"-0,07900"
"40,50000";"13,36684";"-0,07680"
"40,51000";"13,35185";"-0,08165"
"40,52000";"13,33709";"-0,08571"
"40,53000";"13,32222";"-0,08367"
"40,54000";"13,30699";"-0,07893"
"40,55000";"13,29199";"-0,07946"
"40,56000";"13,27700";"-0,07300"
"40,57000";"13,26189";"-0,06756"
"40,58000";"13,24678";"-0,06843"
"40,59000";"13,23178";"-0,06335"
"40,60000";"13,21703";"-0,05328"
"40,61000";"13,20215";"-0,05758"
"40,62000";"13,18692";"-0,06253"
"40,63000";"13,17181";"-0,06839"
"40,64000";"13,15682";"-0,07401"
"40,65000";"13,14183";"-0,08125"
"40,66000";"13,12671";"-0,07929"
"40,67000";"13,11184";"-0,08179"
"40,68000";"13,09708";"-0,08264"
"40,69000";"13,08221";"-0,07695"
"40,70000";"13,06710";"-0,07108"
"40,71000";"13,05199";"-0,07851"
"40,72000";"13,03699";"-0,09091"
"40,73000";"13,02200";"-0,09686"
"40,74000";"13,00689";"-0,09003"
"40,75000";"12,99178";"-0,09204"
"40,76000";"12,97690";"-0,09929"
"40,77000";"12,96215";"-0,09921"
"40,78000";"12,94703";"-0,09700"
"40,79000";"12,93192";"-0,09080"
"40,80000";"12,91705";"-0,08478"
"40,81000";"12,90205";"-0,08438"
"40,82000";"12,88706";"-0,07748"
"40,83000";"12,87207";"-0,07645"
"40,84000";"12,85719";"-0,07520"
"40,85000";"12,84232";"-0,07587"
"40,86000";"12,82721";"-0,07887"
"40,87000";"12,81198";"-0,08638"
"40,88000";"12,79699";"-0,10039"
"40,89000";"12,78199";"-0,10586"
"40,90000";"12,76700";"-0,10604"
"40,91000";"12,75201";"-0,10371"
"40,92000";"12,73701";"-0,10135"
"40,93000";"12,72226";"-0,09786"
"40,94000";"12,70715";"-0,09522"
"40,95000";"12,69192";"-0,10038"
"40,96000";"12,67681";"-0,10007"
"40,97000";"12,66181";"-0,10075"
"40,98000";"12,64682";"-0,10116"
"40,99000";"12,63183";"-0,10201"
"41,00000";"12,61683";"-0,10048"
"41,01000";"12,60196";"-0,09718"
"41,02000";"12,58685";"-0,10374"
"41,03000";"12,57185";"-0,10571"
"41,04000";"12,55686";"-0,10353"
"41,05000";"12,54175";"-0,10860"
"41,06000";"12,52688";"-0,10718"
"41,07000";"12,51188";"-0,10707"
"41,08000";"12,49689";"-0,10726"
"41,09000";"12,48190";"-0,10895"
"41,10000";"12,46690";"-0,10944"
"41,11000";"12,45191";"-0,10709"
"41,12000";"12,43680";"-0,10598"
"41,13000";"12,42180";"-0,10446"
"41,14000";"12,40693";"-0,10124"
"41,15000";"12,39217";"-0,09872"
"41,16000";"12,37718";"-0,09884"
"41,17000";"12,36207";"-0,10505"
"41,18000";"12,34708";"-0,11146"
"41,19000";"12,33208";"-0,11874"
"41,20000";"12,31697";"-0,12167"
"41,21000";"12,30186";"-0,12169"
"41,22000";"12,28687";"-0,11560"
"41,23000";"12,27199";"-0,10475"
"41,24000";"12,25712";"-0,09756"
"41,25000";"12,24212";"-0,09757"
"41,26000";"12,22701";"-0,09532"
"41,27000";"12,21202";"-0,09520"
"41,28000";"12,19691";"-0,09116"
"41,29000";"12,18180";"-0,09419"
"41,30000";"12,16681";"-0,09654"
"41,31000";"12,15193";"-0,10534"
"41,32000";"12,13706";"-0,10984"
"41,33000";"12,12206";"-0,10625"
"41,34000";"12,10707";"-0,09947"
"41,35000";"12,09208";"-0,09408"
"41,36000";"12,07708";"-0,09308"
"41,37000";"12,06209";"-0,09528"
"41,38000";"12,04710";"-0,09731"
"41,39000";"12,03222";"-0,10069"
"41,40000";"12,01735";"-0,11079"
"41,41000";"12,00224";"-0,11336"
"41,42000";"11,98701";"-0,11909"
"41,43000";"11,97201";"-0,12536"
"41,44000";"11,95690";"-0,12275"
"41,45000";"11,94191";"-0,12233"
"41,46000";"11,92692";"-0,12979"
"41,47000";"11,91204";"-0,12569"
"41,48000";"11,89717";"-0,12301"
"41,49000";"11,88206";"-0,11913"
"41,50000";"11,86695";"-0,11904"
"41,51000";"11,85195";"-0,12149"
"41,52000";"11,83696";"-0,11574"
"41,53000";"11,82185";"-0,10820"
"41,54000";"11,80685";"-0,10314"
"41,55000";"11,79186";"-0,09784"
"41,56000";"11,77710";"-0,10026"
"41,57000";"11,76199";"-0,09729"
"41,58000";"11,74676";"-0,09556"
"41,59000";"11,73177";"-0,10015"
"41,60000";"11,71690";"-0,10856"
"41,61000";"11,70190";"-0,10503"
"41,62000";"11,68691";"-0,10708"
"41,63000";"11,67192";"-0,10975"
"41,64000";"11,65704";"-0,11151"
"41,65000";"11,64193";"-0,11301"
"41,66000";"11,62694";"-0,10655"
"41,67000";"11,61195";"-0,10419"
"41,68000";"11,59695";"-0,10389"
"41,69000";"11,58196";"-0,10692"
"41,70000";"11,56697";"-0,10920"
"41,71000";"11,55209";"-0,10944"
"41,72000";"11,53710";"-0,11138"
"41,73000";"11,52199";"-0,11531"
"41,74000";"11,50699";"-0,11504"
"41,75000";"11,49188";"-0,11316"
"41,76000";"11,47677";"-0,11292"
"41,77000";"11,46190";"-0,11157"
"41,78000";"11,44702";"-0,10342"
"41,79000";"11,43215";"-0,10564"
"41,80000";"11,41715";"-0,11412"
"41,81000";"11,40216";"-0,11788"
"41,82000";"11,38717";"-0,11032"
"41,83000";"11,37206";"-0,10539"
"41,84000";"11,35694";"-0,10289"
"41,85000";"11,34195";"-0,10442"
"41,86000";"11,32696";"-0,10241"
"41,87000";"11,31196";"-0,10992"
"41,88000";"11,29697";"-0,10998"
"41,89000";"11,28198";"-0,10877"
"41,90000";"11,26699";"-0,10504"
"41,91000";"11,25199";"-0,10176"
"41,92000";"11,23688";"-0,09901"
"41,93000";"11,22201";"-0,10557"
"41,94000";"11,20713";"-0,10136"
"41,95000";"11,19202";"-0,10009"
"41,96000";"11,17691";"-0,10309"
"41,97000";"11,16192";"-0,10438"
"41,98000";"11,14692";"-0,10037"
"41,99000";"11,13205";"-0,09570"
"42,00000";"11,11694";"-0,09446"
"42,01000";"11,10194";"-0,09989"
"42,02000";"11,08719";"-0,10744"
"42,03000";"11,07219";"-0,10456"
"42,04000";"11,05708";"-0,09788"
"42,05000";"11,04185";"-0,10311"
"42,06000";"11,02686";"-0,10840"
"42,07000";"11,01187";"-0,11066"
"42,08000";"10,99688";"-0,11017"
"42,09000";"10,98188";"-0,10553"
"42,10000";"10,96701";"-0,09910"
"42,11000";"10,95225";"-0,10194"
"42,12000";"10,93714";"-0,10452"
"42,13000";"10,92191";"-0,10914"
"42,14000";"10,90692";"-0,10873"
"42,15000";"10,89192";"-0,10428"
"42,16000";"10,87681";"-0,10025"
"42,17000";"10,86170";"-0,09359"
"42,18000";"10,84683";"-0,09107"
"42,19000";"10,83207";"-0,08699"
"42,20000";"10,81696";"-0,08039"
"42,21000";"10,80173";"-0,07984"
"42,22000";"10,78674";"-0,07622"
"42,23000";"10,77186";"-0,07591"
"42,24000";"10,75687";"-0,07505"
"42,25000";"10,74199";"-0,07415"
"42,26000";"10,72712";"-0,07869"
"42,27000";"10,71224";"-0,08436"
"42,28000";"10,69725";"-0,08170"
"42,29000";"10,68214";"-0,07939"
"42,30000";"10,66715";"-0,07618"
"42,31000";"10,65215";"-0,07800"
"42,32000";"10,63728";"-0,08121"
"42,33000";"10,62228";"-0,08604"
"42,34000";"10,60729";"-0,08635"
"42,35000";"10,59230";"-0,09048"
"42,36000";"10,57731";"-0,09811"
"42,37000";"10,56208";"-0,09742"
"42,38000";"10,54697";"-0,09487"
"42,39000";"10,53197";"-0,09568"
"42,40000";"10,51710";"-0,09294"
"42,41000";"10,50234";"-0,08892"
"42,42000";"10,48746";"-0,08170"
"42,43000";"10,47235";"-0,08170"
"42,44000";"10,45736";"-0,07891"
"42,45000";"10,44225";"-0,07735"
"42,46000";"10,42714";"-0,08035"
"42,47000";"10,41215";"-0,08143"
"42,48000";"10,39715";"-0,08641"
"42,49000";"10,38216";"-0,08964"
"42,50000";"10,36717";"-0,09189"
"42,51000";"10,35217";"-0,08642"
"42,52000";"10,33706";"-0,09100"
"42,53000";"10,32207";"-0,09933"
"42,54000";"10,30684";"-0,09902"
"42,55000";"10,29185";"-0,09111"
"42,56000";"10,27697";"-0,08371"
"42,57000";"10,26198";"-0,08296"
"42,58000";"10,24687";"-0,08191"
"42,59000";"10,23187";"-0,08323"
"42,60000";"10,21700";"-0,09077"
"42,61000";"10,20213";"-0,09327"
"42,62000";"10,18701";"-0,09280"
"42,63000";"10,17190";"-0,08720"
"42,64000";"10,15703";"-0,08657"
"42,65000";"10,14204";"-0,08515"
"42,66000";"10,12704";"-0,08116"
"42,67000";"10,11193";"-0,08455"
"42,68000";"10,09682";"-0,09160"
"42,69000";"10,08183";"-0,08820"
"42,70000";"10,06671";"-0,07978"
"42,71000";"10,05172";"-0,07979"
"42,72000";"10,03685";"-0,08469"
"42,73000";"10,02197";"-0,08246"
"42,74000";"10,00698";"-0,08292"
"42,75000";"9,99175";"-0,08482"
"42,76000";"9,97676";"-0,08794"
"42,77000";"9,96188";"-0,09321"
"42,78000";"9,94689";"-0,09707"
"42,79000";"9,93178";"-0,09719"
"42,80000";"9,91690";"-0,09344"
"42,81000";"9,90215";"-0,09173"
"42,82000";"9,88727";"-0,08422"
"42,83000";"9,87204";"-0,08166"
"42,84000";"9,85693";"-0,08561"
"42,85000";"9,84194";"-0,09018"
"42,86000";"9,82683";"-0,09073"
"42,87000";"9,81183";"-0,08414"
"42,88000";"9,79684";"-0,07654"
"42,89000";"9,78208";"-0,06782"
"42,90000";"9,76709";"-0,07007"
"42,91000";"9,75198";"-0,06905"
"42,92000";"9,73699";"-0,07205"
"42,93000";"9,72199";"-0,07658"
"42,94000";"9,70712";"-0,07685"
"42,95000";"9,69213";"-0,08042"
"42,96000";"9,67701";"-0,08362"
"42,97000";"9,66214";"-0,08519"
"42,98000";"9,64715";"-0,07939"
"42,99000";"9,63215";"-0,07316"
"43,00000";"9,61692";"-0,07332"
"43,01000";"9,60193";"-0,07572"
"43,02000";"9,58706";"-0,07247"
"43,03000";"9,57206";"-0,08214"
"43,04000";"9,55707";"-0,08632"
"43,05000";"9,54220";"-0,08580"
"43,06000";"9,52732";"-0,08512"
"43,07000";"9,51221";"-0,07985"
"43,08000";"9,49710";"-0,07205"
"43,09000";"9,48199";"-0,06144"
"43,10000";"9,46711";"-0,05757"
"43,11000";"9,45224";"-0,05782"
"43,12000";"9,43724";"-0,05841"
"43,13000";"9,42225";"-0,06800"
"43,14000";"9,40726";"-0,07236"
"43,15000";"9,39215";"-0,06868"
"43,16000";"9,37704";"-0,07103"
"43,17000";"9,36180";"-0,07128"
"43,18000";"9,34693";"-0,06950"
"43,19000";"9,33206";"-0,06421"
"43,20000";"9,31694";"-0,05693"
"43,21000";"9,30195";"-0,05752"
"43,22000";"9,28708";"-0,06279"
"43,23000";"9,27220";"-0,06757"
"43,24000";"9,25709";"-0,07307"
"43,25000";"9,24198";"-0,07456"
"43,26000";"9,22699";"-0,06376"
"43,27000";"9,21211";"-0,05478"
"43,28000";"9,19712";"-0,05119"
"43,29000";"9,18201";"-0,04580"
"43,30000";"9,16690";"-0,05098"
"43,31000";"9,15202";"-0,06106"
"43,32000";"9,13691";"-0,06359"
"43,33000";"9,12180";"-0,06281"
"43,34000";"9,10681";"-0,05927"
"43,35000";"9,09205";"-0,06031"
"43,36000";"9,07705";"-0,06195"
"43,37000";"9,06206";"-0,06354"
"43,38000";"9,04683";"-0,06561"
"43,39000";"9,03196";"-0,06144"
"43,40000";"9,01696";"-0,06141"
"43,41000";"9,00185";"-0,05717"
"43,42000";"8,98674";"-0,05379"
"43,43000";"8,97187";"-0,05102"
"43,44000";"8,95711";"-0,03895"
"43,45000";"8,94200";"-0,03676"
"43,46000";"8,92689";"-0,03949"
"43,47000";"8,91190";"-0,04782"
"43,48000";"8,89702";"-0,05993"
"43,49000";"8,88191";"-0,06122"
"43,50000";"8,86680";"-0,05638"
"43,51000";"8,85192";"-0,05756"
"43,52000";"8,83717";"-0,05917"
"43,53000";"8,82217";"-0,05726"
"43,54000";"8,80694";"-0,05184"
"43,55000";"8,79195";"-0,05482"
"43,56000";"8,77719";"-0,04849"
"43,57000";"8,76208";"-0,04689"
"43,58000";"8,74709";"-0,04886"
"43,59000";"8,73222";"-0,05488"
"43,60000";"8,71746";"-0,05576"
"43,61000";"8,70247";"-0,04675"
"43,62000";"8,68724";"-0,03707"
"43,63000";"8,67213";"-0,02979"
"43,64000";"8,65713";"-0,02221"
"43,65000";"8,64214";"-0,01459"
"43,66000";"8,62703";"-0,01265"
"43,67000";"8,61215";"-0,01220"
"43,68000";"8,59728";"-0,00730"
"43,69000";"8,58228";"0,00005"
"43,70000";"8,56717";"0,00574"
"43,71000";"8,55206";"0,00314"
"43,72000";"8,53695";"-0,00671"
"43,73000";"8,52184";"-0,01203"
"43,74000";"8,50685";"-0,01595"
"43,75000";"8,49185";"-0,02099"
"43,76000";"8,47698";"-0,02585"
"43,77000";"8,46199";"-0,02526"
"43,78000";"8,44676";"-0,02896"
"43,79000";"8,43165";"-0,03316"
"43,80000";"8,41665";"-0,03262"
"43,81000";"8,40166";"-0,02993"
"43,82000";"8,38679";"-0,02503"
"43,83000";"8,37179";"-0,01911"
"43,84000";"8,35692";"-0,01801"
"43,85000";"8,34204";"-0,01829"
"43,86000";"8,32705";"-0,01574"
"43,87000";"8,31194";"-0,01665"
"43,88000";"8,29683";"-0,01720"
"43,89000";"8,28183";"-0,01419"
"43,90000";"8,26696";"-0,00534"
"43,91000";"8,25185";"-0,00266"
"43,92000";"8,23685";"-0,00774"
"43,93000";"8,22186";"-0,01654"
"43,94000";"8,20675";"-0,02008"
"43,95000";"8,19176";"-0,01340"
"43,96000";"8,17665";"-0,01431"
"43,97000";"8,16177";"-0,01583"
"43,98000";"8,14690";"-0,01562"
"43,99000";"8,13202";"-0,01790"
"44,00000";"8,11703";"-0,01312"
"44,01000";"8,10192";"-0,00894"
"44,02000";"8,08704";"-0,00452"
"44,03000";"8,07205";"-0,00411"
"44,04000";"8,05682";"-0,00700"
"44,05000";"8,04194";"-0,00590"
"44,06000";"8,02707";"-0,01207"
"44,07000";"8,01220";"-0,01710"
"44,08000";"7,99720";"-0,01187"
"44,09000";"7,98197";"-0,01497"
"44,10000";"7,96698";"-0,01835"
"44,11000";"7,95199";"-0,01757"
"44,12000";"7,93688";"-0,01282"
"44,13000";"7,92188";"-0,01009"
"44,14000";"7,90701";"-0,00274"
"44,15000";"7,89213";"0,00398"
"44,16000";"7,87714";"-0,00396"
"44,17000";"7,86191";"-0,01933"
"44,18000";"7,84692";"-0,02505"
"44,19000";"7,83204";"-0,03061"
"44,20000";"7,81681";"-0,02148"
"44,21000";"7,80182";"-0,01451"
"44,22000";"7,78694";"-0,01090"
"44,23000";"7,77207";"-0,00541"
"44,24000";"7,75719";"-0,00544"
"44,25000";"7,74197";"-0,00906"
"44,26000";"7,72709";"-0,01622"
"44,27000";"7,71210";"-0,01874"
"44,28000";"7,69710";"-0,01169"
"44,29000";"7,68199";"-0,01092"
"44,30000";"7,66712";"-0,01558"
"44,31000";"7,65224";"-0,01572"
"44,32000";"7,63725";"-0,01548"
"44,33000";"7,62214";"-0,01311"
"44,34000";"7,60691";"-0,01454"
"44,35000";"7,59192";"-0,01539"
"44,36000";"7,57681";"-0,00567"
"44,37000";"7,56169";"-0,00684"
"44,38000";"7,54670";"-0,00930"
"44,39000";"7,53194";"-0,01169"
"44,40000";"7,51695";"-0,00864"
"44,41000";"7,50184";"-0,01187"
"44,42000";"7,48685";"-0,01464"
"44,43000";"7,47185";"-0,01993"
"44,44000";"7,45686";"-0,02658"
"44,45000";"7,44187";"-0,02778"
"44,46000";"7,42687";"-0,02377"
"44,47000";"7,41200";"-0,01613"
"44,48000";"7,39701";"-0,00677"
"44,49000";"7,38190";"-0,00466"
"44,50000";"7,36679";"-0,00537"
"44,51000";"7,35179";"-0,01159"
"44,52000";"7,33668";"-0,01361"
"44,53000";"7,32169";"-0,01523"
"44,54000";"7,30681";"-0,02456"
"44,55000";"7,29194";"-0,02847"
"44,56000";"7,27694";"-0,02182"
"44,57000";"7,26195";"-0,01551"
"44,58000";"7,24696";"-0,01054"
"44,59000";"7,23185";"-0,00666"
"44,60000";"7,21697";"-0,00981"
"44,61000";"7,20198";"-0,00540"
"44,62000";"7,18710";"0,00252"
"44,63000";"7,17211";"0,01093"
"44,64000";"7,15712";"0,00796"
"44,65000";"7,14201";"-0,00486"
"44,66000";"7,12690";"-0,01451"
"44,67000";"7,11190";"-0,01796"
"44,68000";"7,09691";"-0,01655"
"44,69000";"7,08204";"-0,01391"
"44,70000";"7,06704";"-0,00820"
"44,71000";"7,05205";"-0,00588"
"44,72000";"7,03694";"-0,00726"
"44,73000";"7,02183";"-0,01452"
"44,74000";"7,00683";"-0,01752"
"44,75000";"6,99184";"-0,01507"
"44,76000";"6,97697";"-0,01720"
"44,77000";"6,96221";"-0,01056"
"44,78000";"6,94722";"0,00068"
"44,79000";"6,93222";"0,00479"
"44,80000";"6,91711";"-0,00153"
"44,81000";"6,90224";"-0,01338"
"44,82000";"6,88713";"-0,02210"
"44,83000";"6,87201";"-0,02562"
"44,84000";"6,85702";"-0,03190"
"44,85000";"6,84215";"-0,02998"
"44,86000";"6,82727";"-0,02170"
"44,87000";"6,81216";"-0,01660"
"44,88000";"6,79705";"-0,02137"
"44,89000";"6,78194";"-0,02049"
"44,90000";"6,76694";"-0,01286"
"44,91000";"6,75183";"-0,00308"
"44,92000";"6,73684";"-0,00373"
"44,93000";"6,72197";"-0,00374"
"44,94000";"6,70709";"-0,00931"
"44,95000";"6,69198";"-0,01246"
"44,96000";"6,67687";"-0,00959"
"44,97000";"6,66188";"-0,00590"
"44,98000";"6,64688";"0,00242"
"44,99000";"6,63189";"0,00515"
"45,00000";"6,61678";"0,00286"
"45,01000";"6,60190";"-0,00601"
"45,02000";"6,58715";"-0,00978"
"45,03000";"6,57215";"-0,00974"
"45,04000";"6,55704";"-0,00953"
"45,05000";"6,54193";"-0,00971"
"45,06000";"6,52694";"-0,01737"
"45,07000";"6,51183";"-0,01757"
"45,08000";"6,49683";"-0,01304"
"45,09000";"6,48184";"-0,01522"
"45,10000";"6,46696";"-0,00522"
"45,11000";"6,45197";"0,00717"
"45,12000";"6,43698";"0,01609"
"45,13000";"6,42199";"0,01722"
"45,14000";"6,40711";"0,00607"
"45,15000";"6,39212";"-0,00118"
"45,16000";"6,37712";"0,00031"
"45,17000";"6,36213";"0,00111"
"45,18000";"6,34726";"-0,00247"
"45,19000";"6,33215";"-0,00277"
"45,20000";"6,31703";"-0,00772"
"45,21000";"6,30192";"-0,00438"
"45,22000";"6,28693";"-0,00637"
"45,23000";"6,27194";"-0,00601"
"45,24000";"6,25694";"-0,00724"
"45,25000";"6,24195";"-0,01463"
"45,26000";"6,22696";"-0,01479"
"45,27000";"6,21197";"-0,01021"
"45,28000";"6,19697";"-0,01179"
"45,29000";"6,18186";"-0,01831"
"45,30000";"6,16687";"-0,02058"
"45,31000";"6,15188";"-0,01901"
"45,32000";"6,13688";"-0,01605"
"45,33000";"6,12189";"-0,01739"
"45,34000";"6,10690";"-0,01840"
"45,35000";"6,09190";"-0,01605"
"45,36000";"6,07691";"-0,01096"
"45,37000";"6,06180";"-0,00981"
"45,38000";"6,04681";"-0,01275"
"45,39000";"6,03193";"-0,01760"
"45,40000";"6,01706";"-0,01609"
"45,41000";"6,00206";"-0,01223"
"45,42000";"5,98707";"-0,01475"
"45,43000";"5,97196";"-0,02061"
"45,44000";"5,95708";"-0,02748"
"45,45000";"5,94197";"-0,02137"
"45,46000";"5,92686";"-0,01107"
"45,47000";"5,91187";"-0,01154"
"45,48000";"5,89711";"-0,01020"
"45,49000";"5,88224";"-0,01213"
"45,50000";"5,86713";"-0,01321"
"45,51000";"5,85201";"-0,00990"
"45,52000";"5,83702";"-0,01208"
"45,53000";"5,82203";"-0,01063"
"45,54000";"5,80692";"-0,01126"
"45,55000";"5,79192";"-0,01835"
"45,56000";"5,77705";"-0,02371"
"45,57000";"5,76229";"-0,02429"
"45,58000";"5,74706";"-0,02701"
"45,59000";"5,73207";"-0,03236"
"45,60000";"5,71719";"-0,03086"
"45,61000";"5,70220";"-0,01779"
"45,62000";"5,68709";"-0,00481"
"45,63000";"5,67198";"0,00103"
"45,64000";"5,65710";"0,00392"
"45,65000";"5,64235";"-0,00095"
"45,66000";"5,62712";"-0,00929"
"45,67000";"5,61189";"-0,01450"
"45,68000";"5,59690";"-0,01250"
"45,69000";"5,58190";"-0,01171"
"45,70000";"5,56679";"-0,00718"
"45,71000";"5,55180";"-0,00490"
"45,72000";"5,53692";"-0,00281"
"45,73000";"5,52217";"-0,01114"
"45,74000";"5,50706";"-0,01317"
"45,75000";"5,49194";"-0,01899"
"45,76000";"5,47683";"-0,02283"
"45,77000";"5,46196";"-0,01619"
"45,78000";"5,44685";"-0,01244"
"45,79000";"5,43185";"-0,01485"
"45,80000";"5,41698";"-0,01965"
"45,81000";"5,40222";"-0,02075"
"45,82000";"5,38711";"-0,02109"
"45,83000";"5,37212";"-0,01970"
"45,84000";"5,35701";"-0,01968"
"45,85000";"5,34201";"-0,01677"
"45,86000";"5,32714";"-0,01558"
"45,87000";"5,31203";"-0,02048"
"45,88000";"5,29715";"-0,02623"
"45,89000";"5,28216";"-0,02426"
"45,90000";"5,26717";"-0,02234"
"45,91000";"5,25206";"-0,01569"
"45,92000";"5,23694";"-0,01445"
"45,93000";"5,22195";"-0,01029"
"45,94000";"5,20708";"-0,00578"
"45,95000";"5,19208";"-0,00582"
"45,96000";"5,17709";"-0,00675"
"45,97000";"5,16221";"-0,00529"
"45,98000";"5,14722";"-0,01017"
"45,99000";"5,13223";"-0,01143"
"46,00000";"5,11700";"-0,01097"
"46,01000";"5,10189";"-0,01658"
"46,02000";"5,08701";"-0,02066"
"46,03000";"5,07202";"-0,02142"
"46,04000";"5,05715";"-0,02532"
"46,05000";"5,04204";"-0,03057"
"46,06000";"5,02716";"-0,03722"
"46,07000";"5,01217";"-0,03905"
"46,08000";"4,99694";"-0,03279"
"46,09000";"4,98183";"-0,02547"
"46,10000";"4,96695";"-0,01736"
"46,11000";"4,95196";"-0,01168"
"46,12000";"4,93685";"-0,01044"
"46,13000";"4,92185";"-0,01247"
"46,14000";"4,90674";"-0,02014"
"46,15000";"4,89187";"-0,01993"
"46,16000";"4,87676";"-0,01542"
"46,17000";"4,86165";"-0,01245"
"46,18000";"4,84677";"-0,01107"
"46,19000";"4,83201";"-0,00902"
"46,20000";"4,81714";"-0,00303"
"46,21000";"4,80203";"-0,00503"
"46,22000";"4,78703";"-0,00466"
"46,23000";"4,77216";"-0,00169"
"46,24000";"4,75717";"0,00277"
"46,25000";"4,74206";"0,00136"
"46,26000";"4,72694";"0,00065"
"46,27000";"4,71219";"-0,00107"
"46,28000";"4,69731";"-0,00057"
"46,29000";"4,68220";"-0,00109"
"46,30000";"4,66697";"-0,00519"
"46,31000";"4,65210";"-0,00850"
"46,32000";"4,63699";"-0,01530"
"46,33000";"4,62187";"-0,02375"
"46,34000";"4,60688";"-0,02607"
"46,35000";"4,59201";"-0,02138"
"46,36000";"4,57713";"-0,01694"
"46,37000";"4,56202";"-0,01644"
"46,38000";"4,54715";"-0,02014"
"46,39000";"4,53227";"-0,02832"
"46,40000";"4,51751";"-0,02663"
"46,41000";"4,50240";"-0,02088"
"46,42000";"4,48729";"-0,02516"
"46,43000";"4,47242";"-0,02635"
"46,44000";"4,45754";"-0,02757"
"46,45000";"4,44243";"-0,02002"
"46,46000";"4,42720";"-0,01563"
"46,47000";"4,41209";"-0,01643"
"46,48000";"4,39710";"-0,02153"
"46,49000";"4,38199";"-0,02575"
"46,50000";"4,36687";"-0,02009"
"46,51000";"4,35200";"-0,01119"
"46,52000";"4,33712";"-0,01106"
"46,53000";"4,32213";"-0,00838"
"46,54000";"4,30702";"-0,00838"
"46,55000";"4,29203";"-0,01118"
"46,56000";"4,27715";"-0,01220"
"46,57000";"4,26216";"-0,01591"
"46,58000";"4,24717";"-0,02054"
"46,59000";"4,23217";"-0,01818"
"46,60000";"4,21742";"-0,01321"
"46,61000";"4,20242";"-0,01269"
"46,62000";"4,18719";"-0,00893"
"46,63000";"4,17208";"-0,00272"
"46,64000";"4,15709";"-0,00171"
"46,65000";"4,14222";"-0,00254"
"46,66000";"4,12722";"-0,00109"
"46,67000";"4,11211";"-0,00665"
"46,68000";"4,09712";"-0,01754"
"46,69000";"4,08213";"-0,01104"
"46,70000";"4,06701";"0,00399"
"46,71000";"4,05190";"0,00465"
"46,72000";"4,03691";"-0,01148"
"46,73000";"4,02203";"-0,01985"
"46,74000";"4,00704";"-0,01715"
"46,75000";"3,99193";"-0,00993"
"46,76000";"3,97694";"-0,00888"
"46,77000";"3,96194";"-0,01892"
"46,78000";"3,94695";"-0,02089"
"46,79000";"3,93172";"-0,01633"
"46,80000";"3,91673";"-0,01099"
"46,81000";"3,90185";"-0,01147"
"46,82000";"3,88710";"-0,01235"
"46,83000";"3,87187";"-0,01346"
"46,84000";"3,85676";"-0,01369"
"46,85000";"3,84176";"-0,01165"
"46,86000";"3,82677";"-0,00352"
"46,87000";"3,81154";"0,00086"
"46,88000";"3,79655";"-0,00565"
"46,89000";"3,78179";"-0,00786"
"46,90000";"3,76692";"-0,00369"
"46,91000";"3,75192";"0,00073"
"46,92000";"3,73681";"-0,00265"
"46,93000";"3,72170";"-0,00374"
"46,94000";"3,70683";"0,00095"
"46,95000";"3,69172";"-0,00207"
"46,96000";"3,67649";"-0,00509"
"46,97000";"3,66185";"-0,01057"
"46,98000";"3,64709";"-0,01131"
"46,99000";"3,63210";"-0,00872"
"47,00000";"3,61699";"-0,00869"
"47,01000";"3,60211";"-0,00788"
"47,02000";"3,58712";"-0,00988"
"47,03000";"3,57201";"-0,01250"
"47,04000";"3,55701";"-0,01000"
"47,05000";"3,54202";"-0,00957"
"47,06000";"3,52726";"-0,00829"
"47,07000";"3,51239";"-0,00339"
"47,08000";"3,49716";"-0,00196"
"47,09000";"3,48205";"-0,00498"
"47,10000";"3,46706";"-0,00216"
"47,11000";"3,45194";"0,00956"
"47,12000";"3,43695";"0,00764"
"47,13000";"3,42208";"0,00282"
"47,14000";"3,40732";"-0,00860"
"47,15000";"3,39244";"-0,00950"
"47,16000";"3,37722";"-0,01122"
"47,17000";"3,36210";"-0,02027"
"47,18000";"3,34711";"-0,01985"
"47,19000";"3,33200";"-0,01031"
"47,20000";"3,31701";"-0,01268"
"47,21000";"3,30190";"-0,01853"
"47,22000";"3,28702";"-0,02234"
"47,23000";"3,27215";"-0,02476"
"47,24000";"3,25703";"-0,02293"
"47,25000";"3,24192";"-0,01191"
"47,26000";"3,22681";"-0,00416"
"47,27000";"3,21194";"-0,00468"
"47,28000";"3,19694";"-0,00954"
"47,29000";"3,18195";"-0,01335"
"47,30000";"3,16696";"-0,01821"
"47,31000";"3,15197";"-0,02539"
"47,32000";"3,13685";"-0,02845"
"47,33000";"3,12174";"-0,02383"
"47,34000";"3,10675";"-0,02107"
"47,35000";"3,09187";"-0,02028"
"47,36000";"3,07700";"-0,01827"
"47,37000";"3,06201";"-0,02025"
"47,38000";"3,04713";"-0,02541"
"47,39000";"3,03214";"-0,02326"
"47,40000";"3,01703";"-0,01383"
"47,41000";"3,00192";"-0,01128"
"47,42000";"2,98692";"-0,01824"
"47,43000";"2,97193";"-0,02168"
"47,44000";"2,95706";"-0,01784"
"47,45000";"2,94218";"-0,01460"
"47,46000";"2,92719";"-0,01089"
"47,47000";"2,91208";"-0,00726"
"47,48000";"2,89708";"-0,00438"
"47,49000";"2,88197";"-0,00837"
"47,50000";"2,86674";"-0,01387"
"47,51000";"2,85175";"-0,01491"
"47,52000";"2,83688";"-0,00818"
"47,53000";"2,82188";"-0,00060"
"47,54000";"2,80701";"0,00591"
"47,55000";"2,79201";"0,00961"
"47,56000";"2,77690";"0,00909"
"47,57000";"2,76191";"0,00417"
"47,58000";"2,74680";"-0,00633"
"47,59000";"2,73181";"-0,01382"
"47,60000";"2,71693";"-0,01302"
"47,61000";"2,70206";"-0,01453"
"47,62000";"2,68694";"-0,01364"
"47,63000";"2,67195";"-0,01764"
"47,64000";"2,65696";"-0,01908"
"47,65000";"2,64197";"-0,01480"
"47,66000";"2,62685";"-0,01236"
"47,67000";"2,61174";"-0,00788"
"47,68000";"2,59687";"-0,00755"
"47,69000";"2,58211";"-0,01264"
"47,70000";"2,56700";"-0,01432"
"47,71000";"2,55189";"-0,00552"
"47,72000";"2,53690";"-0,00308"
"47,73000";"2,52190";"-0,00589"
"47,74000";"2,50679";"-0,00334"
"47,75000";"2,49180";"-0,00660"
"47,76000";"2,47704";"-0,00950"
"47,77000";"2,46217";"-0,00802"
"47,78000";"2,44717";"0,00049"
"47,79000";"2,43194";"0,00312"
"47,80000";"2,41683";"0,00236"
"47,81000";"2,40196";"0,00082"
"47,82000";"2,38673";"-0,00322"
"47,83000";"2,37162";"-0,00839"
"47,84000";"2,35674";"-0,01316"
"47,85000";"2,34199";"-0,01672"
"47,86000";"2,32711";"-0,01456"
"47,87000";"2,31200";"-0,01206"
"47,88000";"2,29701";"-0,01562"
"47,89000";"2,28201";"-0,00979"
"47,90000";"2,26702";"-0,00614"
"47,91000";"2,25215";"-0,00321"
"47,92000";"2,23715";"-0,00535"
"47,93000";"2,22228";"-0,02032"
"47,94000";"2,20728";"-0,03140"
"47,95000";"2,19217";"-0,03567"
"47,96000";"2,17706";"-0,03551"
"47,97000";"2,16207";"-0,03535"
"47,98000";"2,14708";"-0,02247"
"47,99000";"2,13208";"-0,01042"
"48,00000";"2,11709";"-0,00337"
"48,01000";"2,10210";"-0,01150"
"48,02000";"2,08710";"-0,01583"
"48,03000";"2,07188";"-0,01686"
"48,04000";"2,05676";"-0,02430"
"48,05000";"2,04177";"-0,02916"
"48,06000";"2,02678";"-0,02758"
"48,07000";"2,01190";"-0,01919"
"48,08000";"1,99703";"-0,00900"
"48,09000";"1,98215";"0,00363"
"48,10000";"1,96716";"0,00437"
"48,11000";"1,95205";"0,00542"
"48,12000";"1,93682";"0,00622"
"48,13000";"1,92183";"-0,00249"
"48,14000";"1,90683";"-0,01082"
"48,15000";"1,89196";"-0,01074"
"48,16000";"1,87697";"-0,01178"
"48,17000";"1,86209";"-0,01260"
"48,18000";"1,84710";"-0,00776"
"48,19000";"1,83210";"-0,00913"
"48,20000";"1,81699";"-0,01312"
"48,21000";"1,80188";"-0,01727"
"48,22000";"1,78689";"-0,01816"
"48,23000";"1,77201";"-0,01605"
"48,24000";"1,75702";"-0,00777"
"48,25000";"1,74203";"-0,00223"
"48,26000";"1,72692";"-0,00781"
"48,27000";"1,71192";"-0,01626"
"48,28000";"1,69693";"-0,01668"
"48,29000";"1,68182";"-0,01699"
"48,30000";"1,66683";"-0,01563"
"48,31000";"1,65195";"-0,02179"
"48,32000";"1,63708";"-0,01808"
"48,33000";"1,62208";"-0,00529"
"48,34000";"1,60697";"0,00194"
"48,35000";"1,59198";"0,00206"
"48,36000";"1,57699";"-0,00978"
"48,37000";"1,56187";"-0,01419"
"48,38000";"1,54688";"-0,01181"
"48,39000";"1,53201";"-0,00215"
"48,40000";"1,51713";"-0,00680"
"48,41000";"1,50202";"-0,00197"
"48,42000";"1,48691";"0,00203"
"48,43000";"1,47180";"0,00516"
"48,44000";"1,45681";"0,00257"
"48,45000";"1,44181";"-0,00671"
"48,46000";"1,42682";"-0,01192"
"48,47000";"1,41183";"-0,01422"
"48,48000";"1,39707";"-0,01474"
"48,49000";"1,38196";"-0,01342"
"48,50000";"1,36685";"-0,00974"
"48,51000";"1,35185";"-0,01240"
"48,52000";"1,33686";"-0,01090"
"48,53000";"1,32187";"-0,01507"
"48,54000";"1,30699";"-0,01965"
"48,55000";"1,29200";"-0,03184"
"48,56000";"1,27713";"-0,03410"
"48,57000";"1,26213";"-0,03499"
"48,58000";"1,24702";"-0,03546"
"48,59000";"1,23203";"-0,03010"
"48,60000";"1,21715";"-0,02833"
"48,61000";"1,20204";"-0,03137"
"48,62000";"1,18705";"-0,02988"
"48,63000";"1,17206";"-0,02263"
"48,64000";"1,15718";"-0,00992"
"48,65000";"1,14219";"-0,00481"
"48,66000";"1,12696";"-0,00112"
"48,67000";"1,11185";"-0,00865"
"48,68000";"1,09685";"-0,01859"
"48,69000";"1,08198";"-0,01465"
"48,70000";"1,06710";"-0,01643"
"48,71000";"1,05211";"-0,02413"
"48,72000";"1,03712";"-0,02620"
"48,73000";"1,02201";"-0,02704"
"48,74000";"1,00701";"-0,02963"
"48,75000";"0,99190";"-0,02174"
"48,76000";"0,97691";"-0,01758"
"48,77000";"0,96192";"-0,01476"
"48,78000";"0,94704";"-0,01404"
"48,79000";"0,93205";"-0,01413"
"48,80000";"0,91706";"-0,02006"
"48,81000";"0,90206";"-0,02511"
"48,82000";"0,88707";"-0,02003"
"48,83000";"0,87208";"-0,01433"
"48,84000";"0,85697";"-0,01101"
"48,85000";"0,84197";"-0,00954"
"48,86000";"0,82698";"-0,00784"
"48,87000";"0,81199";"-0,00776"
"48,88000";"0,79699";"-0,01124"
"48,89000";"0,78212";"-0,01193"
"48,90000";"0,76712";"-0,00653"
"48,91000";"0,75225";"-0,00909"
"48,92000";"0,73714";"-0,00405"
"48,93000";"0,72215";"-0,00379"
"48,94000";"0,70727";"0,00231"
"48,95000";"0,69216";"0,00320"
"48,96000";"0,67717";"-0,00037"
"48,97000";"0,66206";"-0,00504"
"48,98000";"0,64706";"-0,01288"
"48,99000";"0,63219";"-0,02688"
"49,00000";"0,61696";"-0,03595"
"49,01000";"0,60197";"-0,03110"
"49,02000";"0,58709";"-0,02266"
"49,03000";"0,57198";"-0,02290"
"49,04000";"0,55687";"-0,02209"
"49,05000";"0,54176";"-0,02456"
"49,06000";"0,52676";"-0,02037"
"49,07000";"0,51177";"-0,01792"
"49,08000";"0,49666";"-0,01138"
"49,09000";"0,48167";"-0,00760"
"49,10000";"0,46691";"-0,00810"
"49,11000";"0,45215";"-0,01019"
"49,12000";"0,43716";"-0,00580"
"49,13000";"0,42193";"-0,00767"
"49,14000";"0,40694";"-0,00276"
"49,15000";"0,39194";"-0,00148"
"49,16000";"0,37695";"-0,00530"
"49,17000";"0,36184";"-0,01255"
"49,18000";"0,34697";"-0,00754"
"49,19000";"0,33209";"-0,00495"
"49,20000";"0,31710";"-0,00350"
"49,21000";"0,30199";"-0,00235"
"49,22000";"0,28699";"-0,00066"
"49,23000";"0,27200";"0,00567"
"49,24000";"0,25701";"0,01359"
"49,25000";"0,24190";"0,01701"
"49,26000";"0,22690";"0,01619"
"49,27000";"0,21203";"0,01067"
"49,28000";"0,19703";"0,00724"
"49,29000";"0,18192";"-0,00079"
"49,30000";"0,16681";"-0,01103"
"49,31000";"0,15182";"-0,01409"
"49,32000";"0,13694";"-0,01319"
"49,33000";"0,12207";"-0,01406"
"49,34000";"0,10719";"-0,01228"
"49,35000";"0,09232";"-0,01076"
"49,36000";"0,07744";"-0,01262"
"49,37000";"0,06233";"-0,01739"
"49,38000";"0,04722";"-0,02297"
"49,39000";"0,03223";"-0,02538"
"49,40000";"0,01724";"-0,02639"
"49,41000";"0,00224";"-0,02127"
"49,41200";"-0,00071";"-0,02215"
