Hardness 1 : Kraftbei  Hardness 1;"359,46603";N
A1 : A1;"0,91674";J
A2 : A2;"0,11781";J
Springiness : Springiness;"0,00066";m
Cohesiveness : Cohesiveness;"0,12851";
Chewiness : Chewiness;"0,03028";J

Zeit;Traversenweg;Kraft
(s);(mm);(N)
"0,00000";"0,00000";"0,03030"
"0,01000";"0,00094";"0,02262"
"0,02000";"0,00567";"0,02958"
"0,03000";"0,01629";"0,05273"
"0,04000";"0,03140";"0,07464"
"0,05000";"0,04899";"0,08436"
"0,06000";"0,06788";"0,07803"
"0,07000";"0,08701";"0,06428"
"0,08000";"0,10590";"0,04327"
"0,09000";"0,12431";"0,02388"
"0,10000";"0,14214";"0,00719"
"0,11000";"0,15938";"-0,00262"
"0,12000";"0,17614";"-0,00289"
"0,13000";"0,19267";"-0,00162"
"0,14000";"0,20884";"0,00044"
"0,15000";"0,22466";"-0,00282"
"0,16000";"0,24036";"-0,00166"
"0,17000";"0,25594";"0,00006"
"0,18000";"0,27129";"-0,00065"
"0,19000";"0,28664";"0,00332"
"0,20000";"0,30199";"0,00647"
"0,21000";"0,31722";"0,00429"
"0,22000";"0,33244";"0,00316"
"0,23000";"0,34767";"0,00566"
"0,24000";"0,36267";"0,00381"
"0,25000";"0,37766";"0,01084"
"0,26000";"0,39265";"0,01778"
"0,27000";"0,40765";"0,02461"
"0,28000";"0,42276";"0,02931"
"0,29000";"0,43799";"0,02494"
"0,30000";"0,45310";"0,01592"
"0,31000";"0,46809";"0,00737"
"0,32000";"0,48308";"-0,00015"
"0,33000";"0,49808";"-0,00369"
"0,34000";"0,51295";"0,00057"
"0,35000";"0,52794";"-0,00169"
"0,36000";"0,54306";"-0,00099"
"0,37000";"0,55805";"-0,00252"
"0,38000";"0,57316";"0,00445"
"0,39000";"0,58815";"0,00625"
"0,40000";"0,60315";"0,00484"
"0,41000";"0,61814";"0,00053"
"0,42000";"0,63313";"0,00275"
"0,43000";"0,64824";"0,00614"
"0,44000";"0,66324";"0,01321"
"0,45000";"0,67835";"0,01943"
"0,46000";"0,69322";"0,01299"
"0,47000";"0,70810";"0,01054"
"0,48000";"0,72309";"0,00815"
"0,49000";"0,73808";"-0,00013"
"0,50000";"0,75308";"-0,00501"
"0,51000";"0,76807";"0,00028"
"0,52000";"0,78318";"0,01391"
"0,53000";"0,79829";"0,02239"
"0,54000";"0,81328";"0,02756"
"0,55000";"0,82816";"0,02491"
"0,56000";"0,84303";"0,02852"
"0,57000";"0,85791";"0,02902"
"0,58000";"0,87290";"0,02254"
"0,59000";"0,88790";"0,01423"
"0,60000";"0,90289";"0,00448"
"0,61000";"0,91800";"-0,00140"
"0,62000";"0,93311";"0,00049"
"0,63000";"0,94810";"0,01237"
"0,64000";"0,96310";"0,01643"
"0,65000";"0,97797";"0,01239"
"0,66000";"0,99297";"0,00095"
"0,67000";"1,00796";"-0,00065"
"0,68000";"1,02307";"0,00366"
"0,69000";"1,03818";"0,00481"
"0,70000";"1,05317";"0,01234"
"0,71000";"1,06805";"0,01683"
"0,72000";"1,08304";"0,01188"
"0,73000";"1,09803";"0,00239"
"0,74000";"1,11303";"-0,00482"
"0,75000";"1,12802";"-0,00521"
"0,76000";"1,14313";"-0,00480"
"0,77000";"1,15813";"-0,00607"
"0,78000";"1,17312";"-0,00262"
"0,79000";"1,18799";"-0,00020"
"0,80000";"1,20299";"-0,00189"
"0,81000";"1,21798";"0,00127"
"0,82000";"1,23297";"0,00264"
"0,83000";"1,24808";"-0,00311"
"0,84000";"1,26319";"-0,00257"
"0,85000";"1,27819";"-0,00285"
"0,86000";"1,29318";"0,00349"
"0,87000";"1,30806";"-0,00063"
"0,88000";"1,32293";"-0,00078"
"0,89000";"1,33792";"0,00679"
"0,90000";"1,35280";"0,00809"
"0,91000";"1,36791";"0,00880"
"0,92000";"1,38302";"0,01278"
"0,93000";"1,39801";"0,01118"
"0,94000";"1,41301";"0,00841"
"0,95000";"1,42800";"0,01042"
"0,96000";"1,44299";"0,00390"
"0,97000";"1,45799";"-0,00257"
"0,98000";"1,47298";"0,00395"
"0,99000";"1,48797";"0,00755"
"1,00000";"1,50308";"0,00164"
"1,01000";"1,51808";"-0,00709"
"1,02000";"1,53307";"-0,00981"
"1,03000";"1,54806";"-0,00703"
"1,04000";"1,56306";"-0,00013"
"1,05000";"1,57793";"0,00789"
"1,06000";"1,59292";"0,01544"
"1,07000";"1,60803";"0,01195"
"1,08000";"1,62303";"0,01516"
"1,09000";"1,63814";"0,01382"
"1,10000";"1,65301";"0,01200"
"1,11000";"1,66801";"0,01274"
"1,12000";"1,68300";"0,00744"
"1,13000";"1,69799";"-0,00419"
"1,14000";"1,71299";"-0,00306"
"1,15000";"1,72798";"0,00135"
"1,16000";"1,74309";"0,00395"
"1,17000";"1,75808";"0,00976"
"1,18000";"1,77296";"0,00947"
"1,19000";"1,78783";"0,00782"
"1,20000";"1,80283";"0,00639"
"1,21000";"1,81770";"0,00606"
"1,22000";"1,83258";"0,01192"
"1,23000";"1,84769";"0,01475"
"1,24000";"1,86292";"0,01048"
"1,25000";"1,87815";"0,01096"
"1,26000";"1,89314";"0,00993"
"1,27000";"1,90825";"0,01311"
"1,28000";"1,92324";"0,01649"
"1,29000";"1,93812";"0,01660"
"1,30000";"1,95299";"0,01519"
"1,31000";"1,96799";"0,00783"
"1,32000";"1,98310";"0,00361"
"1,33000";"1,99809";"-0,00302"
"1,34000";"2,01297";"-0,00658"
"1,35000";"2,02796";"-0,00550"
"1,36000";"2,04295";"-0,00215"
"1,37000";"2,05783";"-0,00001"
"1,38000";"2,07294";"-0,00010"
"1,39000";"2,08793";"0,00281"
"1,40000";"2,10292";"0,01262"
"1,41000";"2,11792";"0,02290"
"1,42000";"2,13279";"0,01965"
"1,43000";"2,14790";"0,01310"
"1,44000";"2,16278";"0,00469"
"1,45000";"2,17777";"-0,00292"
"1,46000";"2,19276";"-0,00585"
"1,47000";"2,20788";"-0,00042"
"1,48000";"2,22287";"0,00939"
"1,49000";"2,23798";"0,00541"
"1,50000";"2,25297";"0,01363"
"1,51000";"2,26785";"0,01951"
"1,52000";"2,28284";"0,02245"
"1,53000";"2,29783";"0,02074"
"1,54000";"2,31294";"0,02008"
"1,55000";"2,32806";"0,02089"
"1,56000";"2,34305";"0,01983"
"1,57000";"2,35804";"0,02114"
"1,58000";"2,37315";"0,02076"
"1,59000";"2,38826";"0,02193"
"1,60000";"2,40326";"0,02666"
"1,61000";"2,41825";"0,02144"
"1,62000";"2,43324";"0,01697"
"1,63000";"2,44835";"0,01201"
"1,64000";"2,46335";"0,01068"
"1,65000";"2,47834";"0,00726"
"1,66000";"2,49333";"0,00327"
"1,67000";"2,50821";"0,00355"
"1,68000";"2,52308";"0,00481"
"1,69000";"2,53784";"0,00182"
"1,70000";"2,55272";"-0,00797"
"1,71000";"2,56771";"-0,00570"
"1,72000";"2,58247";"0,00056"
"1,73000";"2,59734";"0,00291"
"1,74000";"2,61222";"0,00265"
"1,75000";"2,62721";"0,00082"
"1,76000";"2,64208";"0,00528"
"1,77000";"2,65731";"0,01597"
"1,78000";"2,67242";"0,02424"
"1,79000";"2,68753";"0,01802"
"1,80000";"2,70265";"0,01623"
"1,81000";"2,71788";"0,00775"
"1,82000";"2,73322";"0,00268"
"1,83000";"2,74845";"0,00311"
"1,84000";"2,76344";"0,00286"
"1,85000";"2,77844";"0,00070"
"1,86000";"2,79343";"0,00091"
"1,87000";"2,80854";"0,00283"
"1,88000";"2,82342";"0,00944"
"1,89000";"2,83841";"0,00929"
"1,90000";"2,85328";"0,01166"
"1,91000";"2,86828";"0,00683"
"1,92000";"2,88315";"0,00835"
"1,93000";"2,89803";"0,01565"
"1,94000";"2,91302";"0,01622"
"1,95000";"2,92813";"0,01682"
"1,96000";"2,94313";"0,01521"
"1,97000";"2,95812";"0,00802"
"1,98000";"2,97311";"0,00083"
"1,99000";"2,98810";"-0,00213"
"2,00000";"3,00298";"-0,00144"
"2,01000";"3,01797";"-0,00342"
"2,02000";"3,03297";"-0,00429"
"2,03000";"3,04784";"-0,00578"
"2,04000";"3,06260";"-0,00557"
"2,05000";"3,07747";"-0,00041"
"2,06000";"3,09235";"0,00093"
"2,07000";"3,10722";"-0,00016"
"2,08000";"3,12222";"0,00077"
"2,09000";"3,13733";"0,00378"
"2,10000";"3,15256";"0,00791"
"2,11000";"3,16778";"0,01595"
"2,12000";"3,18278";"0,01226"
"2,13000";"3,19801";"0,00453"
"2,14000";"3,21312";"-0,00137"
"2,15000";"3,22811";"-0,00433"
"2,16000";"3,24322";"-0,01069"
"2,17000";"3,25845";"-0,01486"
"2,18000";"3,27356";"-0,01949"
"2,19000";"3,28867";"-0,01687"
"2,20000";"3,30367";"-0,01106"
"2,21000";"3,31866";"0,00540"
"2,22000";"3,33353";"0,01617"
"2,23000";"3,34829";"0,02552"
"2,24000";"3,36317";"0,02799"
"2,25000";"3,37816";"0,01891"
"2,26000";"3,39327";"0,01206"
"2,27000";"3,40826";"0,01157"
"2,28000";"3,42326";"0,01492"
"2,29000";"3,43825";"0,01474"
"2,30000";"3,45312";"0,01450"
"2,31000";"3,46788";"0,01657"
"2,32000";"3,48276";"0,00960"
"2,33000";"3,49751";"0,00863"
"2,34000";"3,51227";"0,01237"
"2,35000";"3,52715";"0,01697"
"2,36000";"3,54202";"0,02243"
"2,37000";"3,55713";"0,02386"
"2,38000";"3,57236";"0,01275"
"2,39000";"3,58747";"0,00365"
"2,40000";"3,60270";"0,00076"
"2,41000";"3,61793";"0,00285"
"2,42000";"3,63304";"0,01123"
"2,43000";"3,64815";"0,01231"
"2,44000";"3,66326";"0,01332"
"2,45000";"3,67826";"0,01049"
"2,46000";"3,69337";"0,00551"
"2,47000";"3,70848";"0,00342"
"2,48000";"3,72359";"-0,00011"
"2,49000";"3,73858";"0,00554"
"2,50000";"3,75358";"0,01358"
"2,51000";"3,76857";"0,01149"
"2,52000";"3,78344";"0,00485"
"2,53000";"3,79844";"-0,00352"
"2,54000";"3,81331";"-0,00292"
"2,55000";"3,82807";"-0,00342"
"2,56000";"3,84306";"-0,00959"
"2,57000";"3,85806";"-0,00839"
"2,58000";"3,87317";"-0,00314"
"2,59000";"3,88816";"0,00175"
"2,60000";"3,90315";"-0,00616"
"2,61000";"3,91815";"-0,01187"
"2,62000";"3,93302";"-0,01340"
"2,63000";"3,94778";"-0,00817"
"2,64000";"3,96277";"-0,00206"
"2,65000";"3,97776";"0,00174"
"2,66000";"3,99276";"0,00534"
"2,67000";"4,00763";"0,01668"
"2,68000";"4,02263";"0,01994"
"2,69000";"4,03774";"0,01585"
"2,70000";"4,05273";"0,00626"
"2,71000";"4,06772";"0,00598"
"2,72000";"4,08295";"0,00570"
"2,73000";"4,09818";"0,00462"
"2,74000";"4,11341";"0,00959"
"2,75000";"4,12864";"0,01876"
"2,76000";"4,14363";"0,02205"
"2,77000";"4,15874";"0,01586"
"2,78000";"4,17362";"0,01415"
"2,79000";"4,18849";"0,01539"
"2,80000";"4,20349";"0,01975"
"2,81000";"4,21848";"0,01204"
"2,82000";"4,23335";"0,00919"
"2,83000";"4,24823";"0,01650"
"2,84000";"4,26310";"0,01678"
"2,85000";"4,27798";"0,00861"
"2,86000";"4,29297";"0,00341"
"2,87000";"4,30785";"0,00144"
"2,88000";"4,32296";"-0,00183"
"2,89000";"4,33807";"0,00471"
"2,90000";"4,35306";"0,01131"
"2,91000";"4,36794";"0,01651"
"2,92000";"4,38281";"0,02287"
"2,93000";"4,39781";"0,02499"
"2,94000";"4,41268";"0,02274"
"2,95000";"4,42767";"0,01447"
"2,96000";"4,44278";"0,00789"
"2,97000";"4,45790";"0,00057"
"2,98000";"4,47301";"0,00141"
"2,99000";"4,48800";"0,00702"
"3,00000";"4,50299";"0,01133"
"3,01000";"4,51799";"0,00919"
"3,02000";"4,53310";"0,00905"
"3,03000";"4,54821";"0,01402"
"3,04000";"4,56332";"0,02042"
"3,05000";"4,57843";"0,02438"
"3,06000";"4,59342";"0,02415"
"3,07000";"4,60830";"0,02412"
"3,08000";"4,62317";"0,02484"
"3,09000";"4,63805";"0,02674"
"3,10000";"4,65281";"0,02564"
"3,11000";"4,66780";"0,02139"
"3,12000";"4,68291";"0,01866"
"3,13000";"4,69814";"0,01779"
"3,14000";"4,71313";"0,01437"
"3,15000";"4,72813";"0,00995"
"3,16000";"4,74312";"0,00841"
"3,17000";"4,75811";"0,00619"
"3,18000";"4,77299";"0,00530"
"3,19000";"4,78798";"0,01422"
"3,20000";"4,80285";"0,02771"
"3,21000";"4,81797";"0,03313"
"3,22000";"4,83296";"0,03237"
"3,23000";"4,84795";"0,02554"
"3,24000";"4,86283";"0,01331"
"3,25000";"4,87770";"0,00864"
"3,26000";"4,89269";"0,01142"
"3,27000";"4,90769";"0,00870"
"3,28000";"4,92280";"0,00979"
"3,29000";"4,93791";"0,00815"
"3,30000";"4,95290";"0,00427"
"3,31000";"4,96801";"-0,00108"
"3,32000";"4,98313";"-0,00028"
"3,33000";"4,99824";"-0,00222"
"3,34000";"5,01323";"-0,00092"
"3,35000";"5,02834";"0,00390"
"3,36000";"5,04333";"0,00725"
"3,37000";"5,05844";"0,00669"
"3,38000";"5,07332";"0,00775"
"3,39000";"5,08831";"0,01042"
"3,40000";"5,10319";"0,01238"
"3,41000";"5,11806";"0,00724"
"3,42000";"5,13306";"0,01234"
"3,43000";"5,14805";"0,02549"
"3,44000";"5,16304";"0,03667"
"3,45000";"5,17815";"0,05294"
"3,46000";"5,19315";"0,06627"
"3,47000";"5,20802";"0,07721"
"3,48000";"5,22301";"0,09096"
"3,49000";"5,23789";"0,09943"
"3,50000";"5,25276";"0,10637"
"3,51000";"5,26788";"0,11641"
"3,52000";"5,28287";"0,12581"
"3,53000";"5,29798";"0,13713"
"3,54000";"5,31297";"0,14782"
"3,55000";"5,32808";"0,16337"
"3,56000";"5,34308";"0,18006"
"3,57000";"5,35807";"0,19715"
"3,58000";"5,37306";"0,21803"
"3,59000";"5,38806";"0,23775"
"3,60000";"5,40317";"0,25757"
"3,61000";"5,41828";"0,27718"
"3,62000";"5,43315";"0,30156"
"3,63000";"5,44815";"0,32916"
"3,64000";"5,46314";"0,34962"
"3,65000";"5,47801";"0,37881"
"3,66000";"5,49301";"0,41157"
"3,67000";"5,50800";"0,44334"
"3,68000";"5,52311";"0,47111"
"3,69000";"5,53799";"0,50910"
"3,70000";"5,55298";"0,55029"
"3,71000";"5,56797";"0,59803"
"3,72000";"5,58297";"0,65358"
"3,73000";"5,59784";"0,70868"
"3,74000";"5,61283";"0,77431"
"3,75000";"5,62794";"0,83560"
"3,76000";"5,64294";"0,88408"
"3,77000";"5,65793";"0,93408"
"3,78000";"5,67292";"0,98665"
"3,79000";"5,68804";"1,04382"
"3,80000";"5,70303";"1,11101"
"3,81000";"5,71802";"1,17321"
"3,82000";"5,73301";"1,23371"
"3,83000";"5,74824";"1,29345"
"3,84000";"5,76335";"1,34919"
"3,85000";"5,77835";"1,41062"
"3,86000";"5,79322";"1,47625"
"3,87000";"5,80822";"1,54802"
"3,88000";"5,82309";"1,62001"
"3,89000";"5,83797";"1,68788"
"3,90000";"5,85296";"1,75627"
"3,91000";"5,86807";"1,82187"
"3,92000";"5,88306";"1,89274"
"3,93000";"5,89806";"1,96260"
"3,94000";"5,91293";"2,02201"
"3,95000";"5,92792";"2,08070"
"3,96000";"5,94292";"2,14296"
"3,97000";"5,95779";"2,21663"
"3,98000";"5,97290";"2,28375"
"3,99000";"5,98801";"2,34434"
"4,00000";"6,00301";"2,41261"
"4,01000";"6,01800";"2,47634"
"4,02000";"6,03299";"2,54225"
"4,03000";"6,04799";"2,61408"
"4,04000";"6,06298";"2,69094"
"4,05000";"6,07797";"2,75949"
"4,06000";"6,09297";"2,83006"
"4,07000";"6,10784";"2,90158"
"4,08000";"6,12295";"2,96987"
"4,09000";"6,13794";"3,04117"
"4,10000";"6,15294";"3,11480"
"4,11000";"6,16793";"3,20089"
"4,12000";"6,18292";"3,28461"
"4,13000";"6,19792";"3,36178"
"4,14000";"6,21303";"3,44445"
"4,15000";"6,22814";"3,52141"
"4,16000";"6,24313";"3,60005"
"4,17000";"6,25812";"3,67528"
"4,18000";"6,27312";"3,74557"
"4,19000";"6,28799";"3,81863"
"4,20000";"6,30299";"3,89628"
"4,21000";"6,31798";"3,97843"
"4,22000";"6,33309";"4,05895"
"4,23000";"6,34808";"4,14482"
"4,24000";"6,36308";"4,23100"
"4,25000";"6,37795";"4,31578"
"4,26000";"6,39294";"4,39820"
"4,27000";"6,40794";"4,48375"
"4,28000";"6,42281";"4,56817"
"4,29000";"6,43781";"4,65131"
"4,30000";"6,45292";"4,73383"
"4,31000";"6,46803";"4,81516"
"4,32000";"6,48302";"4,89805"
"4,33000";"6,49790";"4,98647"
"4,34000";"6,51289";"5,07443"
"4,35000";"6,52788";"5,15322"
"4,36000";"6,54287";"5,23434"
"4,37000";"6,55775";"5,32104"
"4,38000";"6,57286";"5,41044"
"4,39000";"6,58797";"5,49725"
"4,40000";"6,60308";"5,57979"
"4,41000";"6,61796";"5,66936"
"4,42000";"6,63295";"5,75949"
"4,43000";"6,64783";"5,85148"
"4,44000";"6,66282";"5,94043"
"4,45000";"6,67781";"6,02322"
"4,46000";"6,69281";"6,10738"
"4,47000";"6,70792";"6,19895"
"4,48000";"6,72279";"6,29125"
"4,49000";"6,73778";"6,38508"
"4,50000";"6,75290";"6,46743"
"4,51000";"6,76789";"6,54530"
"4,52000";"6,78288";"6,62899"
"4,53000";"6,79799";"6,71804"
"4,54000";"6,81299";"6,80672"
"4,55000";"6,82810";"6,89203"
"4,56000";"6,84309";"6,98444"
"4,57000";"6,85808";"7,07265"
"4,58000";"6,87308";"7,16637"
"4,59000";"6,88807";"7,25397"
"4,60000";"6,90306";"7,34731"
"4,61000";"6,91806";"7,43242"
"4,62000";"6,93305";"7,52112"
"4,63000";"6,94804";"7,61434"
"4,64000";"6,96303";"7,70963"
"4,65000";"6,97791";"7,79757"
"4,66000";"6,99290";"7,88629"
"4,67000";"7,00778";"7,97110"
"4,68000";"7,02277";"8,05050"
"4,69000";"7,03776";"8,14023"
"4,70000";"7,05276";"8,23805"
"4,71000";"7,06775";"8,34392"
"4,72000";"7,08298";"8,44792"
"4,73000";"7,09797";"8,54354"
"4,74000";"7,11297";"8,64497"
"4,75000";"7,12796";"8,74412"
"4,76000";"7,14295";"8,83835"
"4,77000";"7,15806";"8,93561"
"4,78000";"7,17317";"9,03664"
"4,79000";"7,18817";"9,13212"
"4,80000";"7,20316";"9,22201"
"4,81000";"7,21815";"9,31518"
"4,82000";"7,23315";"9,40328"
"4,83000";"7,24802";"9,49540"
"4,84000";"7,26301";"9,59542"
"4,85000";"7,27801";"9,69714"
"4,86000";"7,29312";"9,80214"
"4,87000";"7,30811";"9,90571"
"4,88000";"7,32299";"10,00659"
"4,89000";"7,33798";"10,10608"
"4,90000";"7,35309";"10,20233"
"4,91000";"7,36797";"10,29770"
"4,92000";"7,38284";"10,39409"
"4,93000";"7,39795";"10,50333"
"4,94000";"7,41306";"10,62272"
"4,95000";"7,42806";"10,74351"
"4,96000";"7,44293";"10,84924"
"4,97000";"7,45781";"10,95520"
"4,98000";"7,47280";"11,06377"
"4,99000";"7,48779";"11,17110"
"5,00000";"7,50278";"11,27892"
"5,01000";"7,51790";"11,38647"
"5,02000";"7,53301";"11,49345"
"5,03000";"7,54812";"11,59397"
"5,04000";"7,56311";"11,68857"
"5,05000";"7,57810";"11,78600"
"5,06000";"7,59298";"11,89535"
"5,07000";"7,60785";"12,00458"
"5,08000";"7,62296";"12,12574"
"5,09000";"7,63796";"12,25254"
"5,10000";"7,65307";"12,37210"
"5,11000";"7,66818";"12,48100"
"5,12000";"7,68306";"12,59612"
"5,13000";"7,69805";"12,70684"
"5,14000";"7,71292";"12,82141"
"5,15000";"7,72792";"12,93458"
"5,16000";"7,74303";"13,05562"
"5,17000";"7,75802";"13,17494"
"5,18000";"7,77290";"13,29374"
"5,19000";"7,78789";"13,41480"
"5,20000";"7,80276";"13,53621"
"5,21000";"7,81776";"13,65091"
"5,22000";"7,83263";"13,76996"
"5,23000";"7,84762";"13,89059"
"5,24000";"7,86274";"14,01721"
"5,25000";"7,87773";"14,13541"
"5,26000";"7,89284";"14,25581"
"5,27000";"7,90783";"14,38117"
"5,28000";"7,92283";"14,50301"
"5,29000";"7,93794";"14,63420"
"5,30000";"7,95281";"14,76223"
"5,31000";"7,96781";"14,89148"
"5,32000";"7,98292";"15,02148"
"5,33000";"7,99803";"15,15323"
"5,34000";"8,01302";"15,27539"
"5,35000";"8,02813";"15,39780"
"5,36000";"8,04313";"15,52688"
"5,37000";"8,05812";"15,65377"
"5,38000";"8,07311";"15,78684"
"5,39000";"8,08810";"15,92061"
"5,40000";"8,10310";"16,05480"
"5,41000";"8,11809";"16,18371"
"5,42000";"8,13308";"16,31552"
"5,43000";"8,14808";"16,44931"
"5,44000";"8,16307";"16,59220"
"5,45000";"8,17806";"16,73013"
"5,46000";"8,19306";"16,86550"
"5,47000";"8,20793";"17,00008"
"5,48000";"8,22304";"17,13095"
"5,49000";"8,23815";"17,25936"
"5,50000";"8,25315";"17,39561"
"5,51000";"8,26814";"17,53584"
"5,52000";"8,28313";"17,67279"
"5,53000";"8,29813";"17,81330"
"5,54000";"8,31300";"17,95345"
"5,55000";"8,32799";"18,09607"
"5,56000";"8,34310";"18,24154"
"5,57000";"8,35822";"18,38249"
"5,58000";"8,37309";"18,52183"
"5,59000";"8,38808";"18,66328"
"5,60000";"8,40296";"18,80726"
"5,61000";"8,41783";"18,94059"
"5,62000";"8,43271";"19,08593"
"5,63000";"8,44770";"19,23788"
"5,64000";"8,46281";"19,38991"
"5,65000";"8,47804";"19,53823"
"5,66000";"8,49327";"19,68012"
"5,67000";"8,50826";"19,83010"
"5,68000";"8,52338";"19,98661"
"5,69000";"8,53825";"20,14014"
"5,70000";"8,55313";"20,28910"
"5,71000";"8,56824";"20,43920"
"5,72000";"8,58323";"20,58574"
"5,73000";"8,59822";"20,73862"
"5,74000";"8,61333";"20,89021"
"5,75000";"8,62821";"21,04511"
"5,76000";"8,64320";"21,19930"
"5,77000";"8,65796";"21,35267"
"5,78000";"8,67283";"21,51043"
"5,79000";"8,68795";"21,66942"
"5,80000";"8,70294";"21,82741"
"5,81000";"8,71793";"21,97867"
"5,82000";"8,73292";"22,13481"
"5,83000";"8,74792";"22,28719"
"5,84000";"8,76291";"22,44578"
"5,85000";"8,77779";"22,60192"
"5,86000";"8,79266";"22,75363"
"5,87000";"8,80765";"22,90444"
"5,88000";"8,82276";"23,06901"
"5,89000";"8,83788";"23,23635"
"5,90000";"8,85275";"23,40512"
"5,91000";"8,86774";"23,56817"
"5,92000";"8,88274";"23,73209"
"5,93000";"8,89773";"23,89597"
"5,94000";"8,91272";"24,06249"
"5,95000";"8,92783";"24,22287"
"5,96000";"8,94294";"24,37748"
"5,97000";"8,95794";"24,54516"
"5,98000";"8,97293";"24,71795"
"5,99000";"8,98792";"24,88089"
"6,00000";"9,00292";"25,04106"
"6,01000";"9,01779";"25,20385"
"6,02000";"9,03267";"25,37663"
"6,03000";"9,04778";"25,55436"
"6,04000";"9,06301";"25,73601"
"6,05000";"9,07800";"25,91140"
"6,06000";"9,09299";"26,08533"
"6,07000";"9,10799";"26,25999"
"6,08000";"9,12298";"26,44085"
"6,09000";"9,13797";"26,62256"
"6,10000";"9,15297";"26,80284"
"6,11000";"9,16796";"26,97597"
"6,12000";"9,18307";"27,15173"
"6,13000";"9,19818";"27,32725"
"6,14000";"9,21317";"27,50632"
"6,15000";"9,22829";"27,69198"
"6,16000";"9,24316";"27,86938"
"6,17000";"9,25815";"28,05155"
"6,18000";"9,27303";"28,23677"
"6,19000";"9,28814";"28,42220"
"6,20000";"9,30313";"28,60781"
"6,21000";"9,31813";"28,79362"
"6,22000";"9,33312";"28,97883"
"6,23000";"9,34811";"29,16186"
"6,24000";"9,36310";"29,34593"
"6,25000";"9,37810";"29,54022"
"6,26000";"9,39309";"29,73437"
"6,27000";"9,40808";"29,92951"
"6,28000";"9,42319";"30,12711"
"6,29000";"9,43819";"30,31992"
"6,30000";"9,45330";"30,50967"
"6,31000";"9,46817";"30,70275"
"6,32000";"9,48305";"30,89471"
"6,33000";"9,49804";"31,09752"
"6,34000";"9,51304";"31,29244"
"6,35000";"9,52803";"31,48189"
"6,36000";"9,54314";"31,67693"
"6,37000";"9,55813";"31,88236"
"6,38000";"9,57312";"32,09228"
"6,39000";"9,58812";"32,30553"
"6,40000";"9,60299";"32,51397"
"6,41000";"9,61799";"32,71451"
"6,42000";"9,63298";"32,91238"
"6,43000";"9,64809";"33,11109"
"6,44000";"9,66297";"33,31658"
"6,45000";"9,67796";"33,52747"
"6,46000";"9,69295";"33,73785"
"6,47000";"9,70794";"33,94399"
"6,48000";"9,72294";"34,15656"
"6,49000";"9,73793";"34,37162"
"6,50000";"9,75304";"34,58957"
"6,51000";"9,76803";"34,80453"
"6,52000";"9,78303";"35,02782"
"6,53000";"9,79802";"35,25131"
"6,54000";"9,81301";"35,47337"
"6,55000";"9,82801";"35,69026"
"6,56000";"9,84276";"35,90413"
"6,57000";"9,85764";"36,11084"
"6,58000";"9,87275";"36,32344"
"6,59000";"9,88786";"36,55001"
"6,60000";"9,90297";"36,78534"
"6,61000";"9,91808";"37,02142"
"6,62000";"9,93308";"37,26187"
"6,63000";"9,94807";"37,49930"
"6,64000";"9,96294";"37,73109"
"6,65000";"9,97782";"37,96140"
"6,66000";"9,99293";"38,19478"
"6,67000";"10,00804";"38,41908"
"6,68000";"10,02315";"38,64854"
"6,69000";"10,03803";"38,89107"
"6,70000";"10,05314";"39,13841"
"6,71000";"10,06813";"39,38552"
"6,72000";"10,08301";"39,63098"
"6,73000";"10,09800";"39,87243"
"6,74000";"10,11311";"40,11301"
"6,75000";"10,12810";"40,36522"
"6,76000";"10,14322";"40,62104"
"6,77000";"10,15809";"40,87271"
"6,78000";"10,17320";"41,11547"
"6,79000";"10,18820";"41,36174"
"6,80000";"10,20319";"41,61420"
"6,81000";"10,21818";"41,86676"
"6,82000";"10,23318";"42,12444"
"6,83000";"10,24828";"42,38373"
"6,84000";"10,26328";"42,64823"
"6,85000";"10,27827";"42,91293"
"6,86000";"10,29315";"43,17661"
"6,87000";"10,30814";"43,43039"
"6,88000";"10,32313";"43,68402"
"6,89000";"10,33813";"43,94701"
"6,90000";"10,35312";"44,21317"
"6,91000";"10,36835";"44,48655"
"6,92000";"10,38334";"44,76300"
"6,93000";"10,39833";"45,03858"
"6,94000";"10,41321";"45,31246"
"6,95000";"10,42820";"45,59026"
"6,96000";"10,44308";"45,87078"
"6,97000";"10,45807";"46,14338"
"6,98000";"10,47318";"46,41186"
"6,99000";"10,48817";"46,67788"
"7,00000";"10,50317";"46,95935"
"7,01000";"10,51816";"47,24820"
"7,02000";"10,53315";"47,54256"
"7,03000";"10,54803";"47,83717"
"7,04000";"10,56290";"48,11935"
"7,05000";"10,57790";"48,40495"
"7,06000";"10,59301";"48,68859"
"7,07000";"10,60788";"48,97584"
"7,08000";"10,62288";"49,26720"
"7,09000";"10,63787";"49,55373"
"7,10000";"10,65286";"49,85360"
"7,11000";"10,66774";"50,15155"
"7,12000";"10,68273";"50,45062"
"7,13000";"10,69784";"50,75422"
"7,14000";"10,71295";"51,05348"
"7,15000";"10,72794";"51,35707"
"7,16000";"10,74294";"51,67178"
"7,17000";"10,75781";"51,99614"
"7,18000";"10,77292";"52,31997"
"7,19000";"10,78780";"52,63496"
"7,20000";"10,80267";"52,94146"
"7,21000";"10,81779";"53,24702"
"7,22000";"10,83278";"53,55736"
"7,23000";"10,84789";"53,87093"
"7,24000";"10,86288";"54,19720"
"7,25000";"10,87788";"54,52430"
"7,26000";"10,89287";"54,85664"
"7,27000";"10,90786";"55,18738"
"7,28000";"10,92274";"55,51480"
"7,29000";"10,93785";"55,83891"
"7,30000";"10,95296";"56,16327"
"7,31000";"10,96807";"56,49660"
"7,32000";"10,98306";"56,83627"
"7,33000";"10,99817";"57,17807"
"7,34000";"11,01305";"57,52277"
"7,35000";"11,02804";"57,86020"
"7,36000";"11,04303";"58,19239"
"7,37000";"11,05803";"58,51817"
"7,38000";"11,07314";"58,85130"
"7,39000";"11,08813";"59,19135"
"7,40000";"11,10301";"59,53413"
"7,41000";"11,11800";"59,88083"
"7,42000";"11,13299";"60,22929"
"7,43000";"11,14799";"60,57317"
"7,44000";"11,16298";"60,91217"
"7,45000";"11,17809";"61,25612"
"7,46000";"11,19308";"61,61366"
"7,47000";"11,20808";"61,98312"
"7,48000";"11,22307";"62,35073"
"7,49000";"11,23794";"62,70778"
"7,50000";"11,25294";"63,06315"
"7,51000";"11,26793";"63,42186"
"7,52000";"11,28304";"63,78436"
"7,53000";"11,29803";"64,15328"
"7,54000";"11,31315";"64,52499"
"7,55000";"11,32814";"64,90658"
"7,56000";"11,34301";"65,28687"
"7,57000";"11,35789";"65,65578"
"7,58000";"11,37276";"66,02314"
"7,59000";"11,38776";"66,39224"
"7,60000";"11,40287";"66,76135"
"7,61000";"11,41798";"67,13293"
"7,62000";"11,43309";"67,51095"
"7,63000";"11,44808";"67,89391"
"7,64000";"11,46319";"68,28072"
"7,65000";"11,47819";"68,66576"
"7,66000";"11,49306";"69,04274"
"7,67000";"11,50806";"69,42031"
"7,68000";"11,52317";"69,79943"
"7,69000";"11,53816";"70,18447"
"7,70000";"11,55315";"70,57167"
"7,71000";"11,56815";"70,95826"
"7,72000";"11,58314";"71,35007"
"7,73000";"11,59825";"71,73702"
"7,74000";"11,61312";"72,13164"
"7,75000";"11,62812";"72,52666"
"7,76000";"11,64311";"72,90639"
"7,77000";"11,65810";"73,28731"
"7,78000";"11,67310";"73,67591"
"7,79000";"11,68797";"74,06479"
"7,80000";"11,70296";"74,45053"
"7,81000";"11,71784";"74,83521"
"7,82000";"11,73283";"75,22645"
"7,83000";"11,74783";"75,62150"
"7,84000";"11,76294";"76,02263"
"7,85000";"11,77805";"76,43847"
"7,86000";"11,79304";"76,86311"
"7,87000";"11,80803";"77,27921"
"7,88000";"11,82303";"77,67855"
"7,89000";"11,83790";"78,05997"
"7,90000";"11,85290";"78,43983"
"7,91000";"11,86777";"78,81704"
"7,92000";"11,88288";"79,19209"
"7,93000";"11,89799";"79,58197"
"7,94000";"11,91299";"79,99183"
"7,95000";"11,92798";"80,40773"
"7,96000";"11,94297";"80,81465"
"7,97000";"11,95797";"81,21229"
"7,98000";"11,97284";"81,60170"
"7,99000";"11,98783";"81,99075"
"8,00000";"12,00294";"82,37236"
"8,01000";"12,01794";"82,76045"
"8,02000";"12,03293";"83,16036"
"8,03000";"12,04792";"83,55769"
"8,04000";"12,06304";"83,94967"
"8,05000";"12,07803";"84,33422"
"8,06000";"12,09302";"84,72266"
"8,07000";"12,10790";"85,10606"
"8,08000";"12,12301";"85,48331"
"8,09000";"12,13800";"85,86133"
"8,10000";"12,15299";"86,23412"
"8,11000";"12,16787";"86,59969"
"8,12000";"12,18286";"86,95574"
"8,13000";"12,19774";"87,30936"
"8,14000";"12,21273";"87,65776"
"8,15000";"12,22772";"88,01117"
"8,16000";"12,24283";"88,36665"
"8,17000";"12,25795";"88,72633"
"8,18000";"12,27294";"89,08510"
"8,19000";"12,28793";"89,43916"
"8,20000";"12,30280";"89,77068"
"8,21000";"12,31768";"90,08973"
"8,22000";"12,33267";"90,40903"
"8,23000";"12,34767";"90,72549"
"8,24000";"12,36290";"91,04215"
"8,25000";"12,37801";"91,37054"
"8,26000";"12,39312";"91,69823"
"8,27000";"12,40799";"92,00800"
"8,28000";"12,42299";"92,30282"
"8,29000";"12,43798";"92,58110"
"8,30000";"12,45297";"92,84200"
"8,31000";"12,46797";"93,08232"
"8,32000";"12,48296";"93,32398"
"8,33000";"12,49807";"93,56892"
"8,34000";"12,51306";"93,81851"
"8,35000";"12,52805";"94,06313"
"8,36000";"12,54305";"94,29674"
"8,37000";"12,55792";"94,52444"
"8,38000";"12,57292";"94,73763"
"8,39000";"12,58791";"94,93605"
"8,40000";"12,60290";"95,13261"
"8,41000";"12,61790";"95,32334"
"8,42000";"12,63289";"95,50407"
"8,43000";"12,64776";"95,66586"
"8,44000";"12,66288";"95,79578"
"8,45000";"12,67775";"95,91148"
"8,46000";"12,69286";"96,02126"
"8,47000";"12,70809";"96,12605"
"8,48000";"12,72308";"96,23364"
"8,49000";"12,73819";"96,32372"
"8,50000";"12,75319";"96,37836"
"8,51000";"12,76818";"96,40360"
"8,52000";"12,78317";"96,39612"
"8,53000";"12,79805";"96,34956"
"8,54000";"12,81304";"96,27075"
"8,55000";"12,82815";"96,19476"
"8,56000";"12,84315";"96,13094"
"8,57000";"12,85814";"96,07352"
"8,58000";"12,87313";"96,01512"
"8,59000";"12,88813";"95,94619"
"8,60000";"12,90312";"95,88031"
"8,61000";"12,91776";"95,80013"
"8,62000";"12,93275";"95,69048"
"8,63000";"12,94786";"95,57124"
"8,64000";"12,96285";"95,45988"
"8,65000";"12,97785";"95,33717"
"8,66000";"12,99284";"95,20294"
"8,67000";"13,00795";"95,04119"
"8,68000";"13,02294";"94,87093"
"8,69000";"13,03794";"94,70462"
"8,70000";"13,05293";"94,53292"
"8,71000";"13,06804";"94,36784"
"8,72000";"13,08327";"94,19881"
"8,73000";"13,09814";"94,03429"
"8,74000";"13,11314";"93,85085"
"8,75000";"13,12801";"93,63545"
"8,76000";"13,14289";"93,38657"
"8,77000";"13,15776";"93,10254"
"8,78000";"13,17276";"92,80752"
"8,79000";"13,18775";"92,52740"
"8,80000";"13,20298";"92,27355"
"8,81000";"13,21797";"92,02798"
"8,82000";"13,23297";"91,77532"
"8,83000";"13,24796";"91,50925"
"8,84000";"13,26283";"91,22990"
"8,85000";"13,27771";"90,93275"
"8,86000";"13,29270";"90,61266"
"8,87000";"13,30793";"90,29600"
"8,88000";"13,32292";"89,99374"
"8,89000";"13,33792";"89,70118"
"8,90000";"13,35291";"89,41283"
"8,91000";"13,36790";"89,13582"
"8,92000";"13,38290";"88,85658"
"8,93000";"13,39789";"88,57437"
"8,94000";"13,41300";"88,27628"
"8,95000";"13,42799";"87,97562"
"8,96000";"13,44310";"87,68414"
"8,97000";"13,45798";"87,37706"
"8,98000";"13,47309";"87,04452"
"8,99000";"13,48808";"86,69604"
"9,00000";"13,50296";"86,33302"
"9,01000";"13,51795";"85,97533"
"9,02000";"13,53294";"85,60497"
"9,03000";"13,54806";"85,23185"
"9,04000";"13,56305";"84,86589"
"9,05000";"13,57804";"84,48930"
"9,06000";"13,59303";"84,08421"
"9,07000";"13,60803";"83,67277"
"9,08000";"13,62302";"83,26965"
"9,09000";"13,63801";"82,87621"
"9,10000";"13,65301";"82,49170"
"9,11000";"13,66812";"82,12302"
"9,12000";"13,68311";"81,77425"
"9,13000";"13,69822";"81,41674"
"9,14000";"13,71321";"81,04950"
"9,15000";"13,72809";"80,68403"
"9,16000";"13,74296";"80,30867"
"9,17000";"13,75796";"79,93148"
"9,18000";"13,77295";"79,58009"
"9,19000";"13,78806";"79,25486"
"9,20000";"13,80306";"78,95104"
"9,21000";"13,81817";"78,65052"
"9,22000";"13,83328";"78,34898"
"9,23000";"13,84827";"78,04019"
"9,24000";"13,86315";"77,73994"
"9,25000";"13,87814";"77,45155"
"9,26000";"13,89325";"77,17638"
"9,27000";"13,90813";"76,91759"
"9,28000";"13,92312";"76,66598"
"9,29000";"13,93811";"76,40985"
"9,30000";"13,95310";"76,15254"
"9,31000";"13,96810";"75,90875"
"9,32000";"13,98309";"75,67566"
"9,33000";"13,99808";"75,43681"
"9,34000";"14,01319";"75,20457"
"9,35000";"14,02819";"74,96843"
"9,36000";"14,04306";"74,73191"
"9,37000";"14,05805";"74,50166"
"9,38000";"14,07305";"74,27956"
"9,39000";"14,08792";"74,06258"
"9,40000";"14,10280";"73,83869"
"9,41000";"14,11791";"73,61995"
"9,42000";"14,13290";"73,41837"
"9,43000";"14,14790";"73,24295"
"9,44000";"14,16301";"73,08051"
"9,45000";"14,17800";"72,93085"
"9,46000";"14,19299";"72,78642"
"9,47000";"14,20787";"72,65023"
"9,48000";"14,22286";"72,51022"
"9,49000";"14,23785";"72,37234"
"9,50000";"14,25296";"72,24601"
"9,51000";"14,26808";"72,12834"
"9,52000";"14,28307";"71,99137"
"9,53000";"14,29818";"71,83887"
"9,54000";"14,31317";"71,67267"
"9,55000";"14,32817";"71,49207"
"9,56000";"14,34304";"71,29150"
"9,57000";"14,35803";"71,08656"
"9,58000";"14,37303";"70,90554"
"9,59000";"14,38802";"70,74630"
"9,60000";"14,40301";"70,59832"
"9,61000";"14,41801";"70,44868"
"9,62000";"14,43312";"70,30235"
"9,63000";"14,44799";"70,15553"
"9,64000";"14,46299";"69,97083"
"9,65000";"14,47810";"69,74511"
"9,66000";"14,49321";"69,50668"
"9,67000";"14,50820";"69,26967"
"9,68000";"14,52319";"69,03590"
"9,69000";"14,53819";"68,79652"
"9,70000";"14,55318";"68,55066"
"9,71000";"14,56806";"68,31715"
"9,72000";"14,58305";"68,08921"
"9,73000";"14,59804";"67,86488"
"9,74000";"14,61315";"67,66020"
"9,75000";"14,62815";"67,47839"
"9,76000";"14,64326";"67,30959"
"9,77000";"14,65825";"67,13123"
"9,78000";"14,67313";"66,93877"
"9,79000";"14,68800";"66,73689"
"9,80000";"14,70287";"66,51835"
"9,81000";"14,71799";"66,29717"
"9,82000";"14,73310";"66,09148"
"9,83000";"14,74821";"65,89960"
"9,84000";"14,76320";"65,69087"
"9,85000";"14,77820";"65,46893"
"9,86000";"14,79319";"65,25943"
"9,87000";"14,80806";"65,07639"
"9,88000";"14,82306";"64,92787"
"9,89000";"14,83817";"64,80820"
"9,90000";"14,85304";"64,71329"
"9,91000";"14,86792";"64,62677"
"9,92000";"14,88279";"64,54771"
"9,93000";"14,89779";"64,48555"
"9,94000";"14,91290";"64,44736"
"9,95000";"14,92789";"64,45652"
"9,96000";"14,94300";"64,51168"
"9,97000";"14,95811";"64,58752"
"9,98000";"14,97322";"64,64404"
"9,99000";"14,98822";"64,67638"
"10,00000";"15,00321";"64,70859"
"10,01000";"15,01820";"64,73983"
"10,02000";"15,03319";"64,77727"
"10,03000";"15,04807";"64,83282"
"10,04000";"15,06306";"64,91976"
"10,05000";"15,07817";"65,04801"
"10,06000";"15,09328";"65,22139"
"10,07000";"15,10828";"65,41927"
"10,08000";"15,12315";"65,61253"
"10,09000";"15,13815";"65,77883"
"10,10000";"15,15290";"65,91771"
"10,11000";"15,16778";"66,04727"
"10,12000";"15,18289";"66,18442"
"10,13000";"15,19788";"66,33954"
"10,14000";"15,21287";"66,50574"
"10,15000";"15,22775";"66,68984"
"10,16000";"15,24274";"66,87961"
"10,17000";"15,25762";"67,07938"
"10,18000";"15,27261";"67,29196"
"10,19000";"15,28760";"67,51913"
"10,20000";"15,30272";"67,77053"
"10,21000";"15,31783";"68,04960"
"10,22000";"15,33282";"68,33883"
"10,23000";"15,34793";"68,62569"
"10,24000";"15,36304";"68,92712"
"10,25000";"15,37815";"69,23765"
"10,26000";"15,39315";"69,54285"
"10,27000";"15,40814";"69,81763"
"10,28000";"15,42313";"70,07263"
"10,29000";"15,43824";"70,32739"
"10,30000";"15,45324";"70,60263"
"10,31000";"15,46823";"70,88372"
"10,32000";"15,48310";"71,17535"
"10,33000";"15,49810";"71,48750"
"10,34000";"15,51297";"71,76981"
"10,35000";"15,52785";"72,01691"
"10,36000";"15,54296";"72,27685"
"10,37000";"15,55795";"72,56084"
"10,38000";"15,57294";"72,86395"
"10,39000";"15,58805";"73,16795"
"10,40000";"15,60305";"73,47142"
"10,41000";"15,61792";"73,77655"
"10,42000";"15,63292";"74,08499"
"10,43000";"15,64779";"74,39983"
"10,44000";"15,66267";"74,72855"
"10,45000";"15,67778";"75,08006"
"10,46000";"15,69289";"75,46081"
"10,47000";"15,70788";"75,85105"
"10,48000";"15,72288";"76,22566"
"10,49000";"15,73787";"76,56866"
"10,50000";"15,75286";"76,87420"
"10,51000";"15,76785";"77,15527"
"10,52000";"15,78308";"77,42646"
"10,53000";"15,79819";"77,69511"
"10,54000";"15,81319";"77,95092"
"10,55000";"15,82818";"78,16650"
"10,56000";"15,84317";"78,36996"
"10,57000";"15,85817";"78,60204"
"10,58000";"15,87304";"78,87811"
"10,59000";"15,88815";"79,19937"
"10,60000";"15,90326";"79,56149"
"10,61000";"15,91826";"79,97149"
"10,62000";"15,93325";"80,41219"
"10,63000";"15,94813";"80,84512"
"10,64000";"15,96312";"81,25295"
"10,65000";"15,97799";"81,63004"
"10,66000";"15,99299";"81,99641"
"10,67000";"16,00798";"82,38273"
"10,68000";"16,02286";"82,76332"
"10,69000";"16,03785";"83,13233"
"10,70000";"16,05284";"83,49575"
"10,71000";"16,06771";"83,82488"
"10,72000";"16,08259";"84,12141"
"10,73000";"16,09759";"84,39644"
"10,74000";"16,11246";"84,65864"
"10,75000";"16,12757";"84,91499"
"10,76000";"16,14280";"85,18684"
"10,77000";"16,15779";"85,46212"
"10,78000";"16,17290";"85,75027"
"10,79000";"16,18801";"86,06236"
"10,80000";"16,20312";"86,40159"
"10,81000";"16,21812";"86,77015"
"10,82000";"16,23311";"87,18150"
"10,83000";"16,24822";"87,62386"
"10,84000";"16,26322";"88,10222"
"10,85000";"16,27821";"88,60867"
"10,86000";"16,29320";"89,13177"
"10,87000";"16,30820";"89,68608"
"10,88000";"16,32319";"90,29135"
"10,89000";"16,33818";"90,92809"
"10,90000";"16,35317";"91,58258"
"10,91000";"16,36828";"92,25226"
"10,92000";"16,38316";"92,91907"
"10,93000";"16,39815";"93,58330"
"10,94000";"16,41315";"94,25440"
"10,95000";"16,42802";"94,93154"
"10,96000";"16,44289";"95,60797"
"10,97000";"16,45777";"96,29668"
"10,98000";"16,47288";"97,00085"
"10,99000";"16,48788";"97,71696"
"11,00000";"16,50299";"98,42719"
"11,01000";"16,51798";"99,13783"
"11,02000";"16,53286";"99,85011"
"11,03000";"16,54785";"100,56202"
"11,04000";"16,56272";"101,26328"
"11,05000";"16,57760";"101,93567"
"11,06000";"16,59259";"102,60051"
"11,07000";"16,60770";"103,30788"
"11,08000";"16,62281";"104,06173"
"11,09000";"16,63804";"104,84521"
"11,10000";"16,65315";"105,62136"
"11,11000";"16,66826";"106,35871"
"11,12000";"16,68326";"107,06503"
"11,13000";"16,69813";"107,74445"
"11,14000";"16,71313";"108,41337"
"11,15000";"16,72812";"109,10355"
"11,16000";"16,74311";"109,83594"
"11,17000";"16,75799";"110,57790"
"11,18000";"16,77298";"111,32553"
"11,19000";"16,78797";"112,09599"
"11,20000";"16,80297";"112,90080"
"11,21000";"16,81796";"113,72964"
"11,22000";"16,83295";"114,55785"
"11,23000";"16,84806";"115,39437"
"11,24000";"16,86306";"116,23186"
"11,25000";"16,87805";"117,05938"
"11,26000";"16,89304";"117,86846"
"11,27000";"16,90804";"118,65684"
"11,28000";"16,92291";"119,44403"
"11,29000";"16,93778";"120,22137"
"11,30000";"16,95290";"120,99326"
"11,31000";"16,96789";"121,80012"
"11,32000";"16,98288";"122,67120"
"11,33000";"16,99788";"123,57804"
"11,34000";"17,01287";"124,48946"
"11,35000";"17,02786";"125,40630"
"11,36000";"17,04274";"126,34621"
"11,37000";"17,05773";"127,28196"
"11,38000";"17,07284";"128,18457"
"11,39000";"17,08795";"129,07997"
"11,40000";"17,10306";"129,98253"
"11,41000";"17,11794";"130,90038"
"11,42000";"17,13293";"131,79985"
"11,43000";"17,14804";"132,71223"
"11,44000";"17,16292";"133,67545"
"11,45000";"17,17779";"134,68988"
"11,46000";"17,19290";"135,73276"
"11,47000";"17,20801";"136,84726"
"11,48000";"17,22301";"138,00447"
"11,49000";"17,23788";"139,18156"
"11,50000";"17,25299";"140,33893"
"11,51000";"17,26799";"141,47862"
"11,52000";"17,28286";"142,63911"
"11,53000";"17,29774";"143,83586"
"11,54000";"17,31273";"145,08716"
"11,55000";"17,32784";"146,42152"
"11,56000";"17,34283";"147,81052"
"11,57000";"17,35771";"149,22354"
"11,58000";"17,37258";"150,61613"
"11,59000";"17,38758";"151,98242"
"11,60000";"17,40257";"153,39661"
"11,61000";"17,41745";"154,87138"
"11,62000";"17,43256";"156,36993"
"11,63000";"17,44767";"157,88696"
"11,64000";"17,46278";"159,44833"
"11,65000";"17,47777";"161,06200"
"11,66000";"17,49300";"162,70911"
"11,67000";"17,50799";"164,37331"
"11,68000";"17,52310";"166,02686"
"11,69000";"17,53810";"167,61942"
"11,70000";"17,55321";"169,16577"
"11,71000";"17,56820";"170,67834"
"11,72000";"17,58319";"172,20245"
"11,73000";"17,59807";"173,78404"
"11,74000";"17,61306";"175,43440"
"11,75000";"17,62806";"177,11894"
"11,76000";"17,64293";"178,87529"
"11,77000";"17,65792";"180,65320"
"11,78000";"17,67280";"182,48758"
"11,79000";"17,68791";"184,37300"
"11,80000";"17,70290";"186,30942"
"11,81000";"17,71802";"188,28596"
"11,82000";"17,73289";"190,32991"
"11,83000";"17,74788";"192,36446"
"11,84000";"17,76287";"194,37509"
"11,85000";"17,77787";"196,38440"
"11,86000";"17,79286";"198,47949"
"11,87000";"17,80785";"200,62773"
"11,88000";"17,82273";"202,76932"
"11,89000";"17,83772";"204,87679"
"11,90000";"17,85260";"207,04630"
"11,91000";"17,86747";"209,32089"
"11,92000";"17,88247";"211,67178"
"11,93000";"17,89758";"214,08061"
"11,94000";"17,91269";"216,59550"
"11,95000";"17,92792";"219,20303"
"11,96000";"17,94303";"221,87033"
"11,97000";"17,95814";"224,53825"
"11,98000";"17,97313";"227,19069"
"11,99000";"17,98812";"229,89229"
"12,00000";"18,00312";"232,62761"
"12,01000";"18,01811";"235,41060"
"12,02000";"18,03322";"238,35382"
"12,03000";"18,04810";"241,56923"
"12,04000";"18,06309";"244,90936"
"12,05000";"18,07808";"248,32091"
"12,06000";"18,09308";"251,77617"
"12,07000";"18,10795";"255,23337"
"12,08000";"18,12283";"258,71442"
"12,09000";"18,13794";"262,19626"
"12,10000";"18,15305";"265,66217"
"12,11000";"18,16792";"269,03555"
"12,12000";"18,18292";"272,25931"
"12,13000";"18,19791";"275,39990"
"12,14000";"18,21290";"278,63116"
"12,15000";"18,22766";"281,97809"
"12,16000";"18,24254";"285,32706"
"12,17000";"18,25765";"288,77396"
"12,18000";"18,27264";"292,39661"
"12,19000";"18,28763";"296,16605"
"12,20000";"18,30251";"300,10928"
"12,21000";"18,31750";"304,13745"
"12,22000";"18,33237";"308,20102"
"12,23000";"18,34737";"312,23953"
"12,24000";"18,36248";"316,32318"
"12,25000";"18,37771";"320,59250"
"12,26000";"18,39282";"325,06912"
"12,27000";"18,40793";"329,59930"
"12,28000";"18,42292";"334,19766"
"12,29000";"18,43792";"338,82446"
"12,30000";"18,45267";"343,49188"
"12,31000";"18,46766";"348,17755"
"12,32000";"18,48278";"353,09317"
"12,33000";"18,49789";"358,37448"
"12,33200";"18,50084";"359,46603"
"12,33400";"18,50391";"360,56769"
"12,34400";"18,51690";"366,12262"
"12,35400";"18,52445";"370,06836"
"12,36000";"18,52634";"369,88913"
"12,37000";"18,52563";"363,05566"
"12,38000";"18,52067";"346,77325"
"12,39000";"18,50922";"318,44113"
"12,40000";"18,49222";"272,53757"
"12,41000";"18,47203";"208,26709"
"12,42000";"18,45043";"135,93681"
"12,43000";"18,42847";"69,89243"
"12,44000";"18,40710";"20,41564"
"12,45000";"18,38656";"-8,36969"
"12,46000";"18,36685";"-20,42004"
"12,47000";"18,34784";"-22,67599"
"12,48000";"18,32954";"-20,68379"
"12,49000";"18,31183";"-16,94900"
"12,50000";"18,29472";"-12,34965"
"12,51000";"18,27807";"-8,33566"
"12,52000";"18,26166";"-5,64602"
"12,53000";"18,24549";"-4,25621"
"12,54000";"18,22978";"-3,75386"
"12,55000";"18,21420";"-3,80945"
"12,56000";"18,19874";"-4,13831"
"12,57000";"18,18339";"-4,57418"
"12,58000";"18,16828";"-5,03795"
"12,59000";"18,15317";"-5,47156"
"12,60000";"18,13794";"-5,84760"
"12,61000";"18,12283";"-6,13967"
"12,62000";"18,10760";"-6,31929"
"12,63000";"18,09237";"-6,38459"
"12,64000";"18,07726";"-6,38980"
"12,65000";"18,06226";"-6,38001"
"12,66000";"18,04727";"-6,36530"
"12,67000";"18,03240";"-6,35081"
"12,68000";"18,01728";"-6,35213"
"12,69000";"18,00229";"-6,36136"
"12,70000";"17,98742";"-6,37035"
"12,71000";"17,97254";"-6,36684"
"12,72000";"17,95731";"-6,36078"
"12,73000";"17,94220";"-6,34724"
"12,74000";"17,92697";"-6,31430"
"12,75000";"17,91186";"-6,24849"
"12,76000";"17,89687";"-6,16235"
"12,77000";"17,88176";"-6,07810"
"12,78000";"17,86665";"-5,98810"
"12,79000";"17,85154";"-5,89057"
"12,80000";"17,83666";"-5,78213"
"12,81000";"17,82178";"-5,67295"
"12,82000";"17,80691";"-5,56340"
"12,83000";"17,79203";"-5,45553"
"12,84000";"17,77704";"-5,35047"
"12,85000";"17,76217";"-5,24978"
"12,86000";"17,74706";"-5,15173"
"12,87000";"17,73195";"-5,06390"
"12,88000";"17,71707";"-4,97583"
"12,89000";"17,70208";"-4,87450"
"12,90000";"17,68708";"-4,77489"
"12,91000";"17,67197";"-4,67510"
"12,92000";"17,65698";"-4,57440"
"12,93000";"17,64187";"-4,47266"
"12,94000";"17,62675";"-4,37922"
"12,95000";"17,61165";"-4,28951"
"12,96000";"17,59689";"-4,19583"
"12,97000";"17,58213";"-4,09864"
"12,98000";"17,56726";"-3,99933"
"12,99000";"17,55215";"-3,90813"
"13,00000";"17,53703";"-3,82284"
"13,01000";"17,52204";"-3,73771"
"13,02000";"17,50693";"-3,65267"
"13,03000";"17,49194";"-3,56337"
"13,04000";"17,47706";"-3,47232"
"13,05000";"17,46219";"-3,37958"
"13,06000";"17,44743";"-3,27824"
"13,07000";"17,43232";"-3,18653"
"13,08000";"17,41709";"-3,10631"
"13,09000";"17,40210";"-3,02024"
"13,10000";"17,38699";"-2,92962"
"13,11000";"17,37188";"-2,83882"
"13,12000";"17,35688";"-2,75859"
"13,13000";"17,34201";"-2,67755"
"13,14000";"17,32713";"-2,58571"
"13,15000";"17,31202";"-2,49955"
"13,16000";"17,29691";"-2,42671"
"13,17000";"17,28204";"-2,36805"
"13,18000";"17,26704";"-2,32304"
"13,19000";"17,25205";"-2,27156"
"13,20000";"17,23694";"-2,22136"
"13,21000";"17,22206";"-2,17834"
"13,22000";"17,20719";"-2,13624"
"13,23000";"17,19208";"-2,09216"
"13,24000";"17,17708";"-2,04512"
"13,25000";"17,16197";"-1,99302"
"13,26000";"17,14698";"-1,93652"
"13,27000";"17,13199";"-1,88705"
"13,28000";"17,11699";"-1,84849"
"13,29000";"17,10200";"-1,81554"
"13,30000";"17,08713";"-1,77832"
"13,31000";"17,07201";"-1,73742"
"13,32000";"17,05690";"-1,70034"
"13,33000";"17,04191";"-1,66357"
"13,34000";"17,02692";"-1,62455"
"13,35000";"17,01192";"-1,57988"
"13,36000";"16,99693";"-1,54148"
"13,37000";"16,98206";"-1,50783"
"13,38000";"16,96706";"-1,47693"
"13,39000";"16,95207";"-1,44738"
"13,40000";"16,93696";"-1,41495"
"13,41000";"16,92196";"-1,38862"
"13,42000";"16,90686";"-1,36561"
"13,43000";"16,89198";"-1,33825"
"13,44000";"16,87698";"-1,30314"
"13,45000";"16,86199";"-1,26651"
"13,46000";"16,84700";"-1,23099"
"13,47000";"16,83201";"-1,20420"
"13,48000";"16,81701";"-1,17574"
"13,49000";"16,80190";"-1,14470"
"13,50000";"16,78691";"-1,12190"
"13,51000";"16,77204";"-1,10989"
"13,52000";"16,75704";"-1,09944"
"13,53000";"16,74205";"-1,08247"
"13,54000";"16,72706";"-1,06814"
"13,55000";"16,71206";"-1,06177"
"13,56000";"16,69695";"-1,06302"
"13,57000";"16,68184";"-1,06541"
"13,58000";"16,66685";"-1,06732"
"13,59000";"16,65197";"-1,05894"
"13,60000";"16,63710";"-1,04693"
"13,61000";"16,62199";"-1,03892"
"13,62000";"16,60699";"-1,03183"
"13,63000";"16,59188";"-1,01949"
"13,64000";"16,57689";"-1,01477"
"13,65000";"16,56178";"-1,01466"
"13,66000";"16,54667";"-1,02136"
"13,67000";"16,53179";"-1,02327"
"13,68000";"16,51692";"-1,01937"
"13,69000";"16,50216";"-1,00720"
"13,70000";"16,48705";"-0,99110"
"13,71000";"16,47206";"-0,98780"
"13,72000";"16,45706";"-0,98356"
"13,73000";"16,44195";"-0,97905"
"13,74000";"16,42684";"-0,97917"
"13,75000";"16,41197";"-0,97547"
"13,76000";"16,39709";"-0,96497"
"13,77000";"16,38222";"-0,94580"
"13,78000";"16,36710";"-0,92611"
"13,79000";"16,35211";"-0,90774"
"13,80000";"16,33724";"-0,88985"
"13,81000";"16,32212";"-0,87594"
"13,82000";"16,30713";"-0,85988"
"13,83000";"16,29214";"-0,85869"
"13,84000";"16,27738";"-0,85899"
"13,85000";"16,26239";"-0,85395"
"13,86000";"16,24716";"-0,83845"
"13,87000";"16,23193";"-0,81816"
"13,88000";"16,21706";"-0,80306"
"13,89000";"16,20206";"-0,79869"
"13,90000";"16,18707";"-0,79338"
"13,91000";"16,17208";"-0,79805"
"13,92000";"16,15720";"-0,80147"
"13,93000";"16,14221";"-0,79132"
"13,94000";"16,12698";"-0,77851"
"13,95000";"16,11175";"-0,77003"
"13,96000";"16,09676";"-0,77019"
"13,97000";"16,08177";"-0,76747"
"13,98000";"16,06665";"-0,76108"
"13,99000";"16,05178";"-0,75134"
"14,00000";"16,03690";"-0,74525"
"14,01000";"16,02203";"-0,74248"
"14,02000";"16,00692";"-0,74003"
"14,03000";"15,99181";"-0,73481"
"14,04000";"15,97681";"-0,73039"
"14,05000";"15,96194";"-0,72885"
"14,06000";"15,94695";"-0,71828"
"14,07000";"15,93195";"-0,70598"
"14,08000";"15,91708";"-0,69415"
"14,09000";"15,90208";"-0,69294"
"14,10000";"15,88721";"-0,68999"
"14,11000";"15,87210";"-0,68742"
"14,12000";"15,85710";"-0,68443"
"14,13000";"15,84211";"-0,68306"
"14,14000";"15,82712";"-0,67535"
"14,15000";"15,81213";"-0,67265"
"14,16000";"15,79713";"-0,67595"
"14,17000";"15,78226";"-0,67999"
"14,18000";"15,76727";"-0,67740"
"14,19000";"15,75215";"-0,67333"
"14,20000";"15,73704";"-0,67624"
"14,21000";"15,72205";"-0,68384"
"14,22000";"15,70706";"-0,68276"
"14,23000";"15,69218";"-0,68361"
"14,24000";"15,67719";"-0,68116"
"14,25000";"15,66220";"-0,68682"
"14,26000";"15,64708";"-0,68741"
"14,27000";"15,63209";"-0,68830"
"14,28000";"15,61686";"-0,69247"
"14,29000";"15,60187";"-0,70164"
"14,30000";"15,58687";"-0,69804"
"14,31000";"15,57200";"-0,69199"
"14,32000";"15,55701";"-0,68624"
"14,33000";"15,54201";"-0,69171"
"14,34000";"15,52690";"-0,69611"
"14,35000";"15,51179";"-0,69821"
"14,36000";"15,49668";"-0,69916"
"14,37000";"15,48169";"-0,69530"
"14,38000";"15,46681";"-0,69021"
"14,39000";"15,45205";"-0,68190"
"14,40000";"15,43706";"-0,67720"
"14,41000";"15,42207";"-0,67670"
"14,42000";"15,40707";"-0,67807"
"14,43000";"15,39220";"-0,67525"
"14,44000";"15,37709";"-0,67062"
"14,45000";"15,36198";"-0,66624"
"14,46000";"15,34699";"-0,66583"
"14,47000";"15,33211";"-0,66250"
"14,48000";"15,31712";"-0,65525"
"14,49000";"15,30201";"-0,65911"
"14,50000";"15,28690";"-0,67279"
"14,51000";"15,27202";"-0,67870"
"14,52000";"15,25691";"-0,66986"
"14,53000";"15,24192";"-0,65897"
"14,54000";"15,22692";"-0,64948"
"14,55000";"15,21217";"-0,64261"
"14,56000";"15,19717";"-0,63926"
"14,57000";"15,18206";"-0,64275"
"14,58000";"15,16707";"-0,64781"
"14,59000";"15,15219";"-0,64503"
"14,60000";"15,13720";"-0,63532"
"14,61000";"15,12209";"-0,63193"
"14,62000";"15,10710";"-0,64000"
"14,63000";"15,09222";"-0,64133"
"14,64000";"15,07723";"-0,63580"
"14,65000";"15,06212";"-0,62319"
"14,66000";"15,04713";"-0,61844"
"14,67000";"15,03201";"-0,62059"
"14,68000";"15,01702";"-0,61438"
"14,69000";"15,00203";"-0,60757"
"14,70000";"14,98703";"-0,60459"
"14,71000";"14,97216";"-0,61212"
"14,72000";"14,95740";"-0,61249"
"14,73000";"14,94229";"-0,61169"
"14,74000";"14,92718";"-0,60930"
"14,75000";"14,91219";"-0,60756"
"14,76000";"14,89731";"-0,59963"
"14,77000";"14,88232";"-0,58838"
"14,78000";"14,86721";"-0,58584"
"14,79000";"14,85210";"-0,58486"
"14,80000";"14,83722";"-0,57933"
"14,81000";"14,82223";"-0,58072"
"14,82000";"14,80700";"-0,58652"
"14,83000";"14,79201";"-0,59687"
"14,84000";"14,77713";"-0,59528"
"14,85000";"14,76226";"-0,58406"
"14,86000";"14,74726";"-0,57439"
"14,87000";"14,73215";"-0,57172"
"14,88000";"14,71716";"-0,56195"
"14,89000";"14,70217";"-0,54504"
"14,90000";"14,68706";"-0,53885"
"14,91000";"14,67194";"-0,54369"
"14,92000";"14,65695";"-0,54853"
"14,93000";"14,64208";"-0,54580"
"14,94000";"14,62708";"-0,53475"
"14,95000";"14,61197";"-0,52496"
"14,96000";"14,59698";"-0,52508"
"14,97000";"14,58187";"-0,52388"
"14,98000";"14,56676";"-0,51389"
"14,99000";"14,55165";"-0,50652"
"15,00000";"14,53665";"-0,50424"
"15,01000";"14,52190";"-0,51053"
"15,02000";"14,50702";"-0,51382"
"15,03000";"14,49179";"-0,51205"
"15,04000";"14,47680";"-0,51392"
"15,05000";"14,46192";"-0,51592"
"15,06000";"14,44681";"-0,50767"
"15,07000";"14,43170";"-0,50479"
"15,08000";"14,41671";"-0,50042"
"15,09000";"14,40183";"-0,49941"
"15,10000";"14,38708";"-0,49381"
"15,11000";"14,37197";"-0,48293"
"15,12000";"14,35674";"-0,47550"
"15,13000";"14,34186";"-0,47778"
"15,14000";"14,32687";"-0,47639"
"15,15000";"14,31164";"-0,46681"
"15,16000";"14,29665";"-0,46028"
"15,17000";"14,28189";"-0,45820"
"15,18000";"14,26701";"-0,45137"
"15,19000";"14,25202";"-0,45107"
"15,20000";"14,23679";"-0,45361"
"15,21000";"14,22180";"-0,45730"
"15,22000";"14,20681";"-0,45628"
"15,23000";"14,19169";"-0,45360"
"15,24000";"14,17670";"-0,45496"
"15,25000";"14,16194";"-0,44982"
"15,26000";"14,14719";"-0,44237"
"15,27000";"14,13219";"-0,43597"
"15,28000";"14,11697";"-0,43275"
"15,29000";"14,10197";"-0,43111"
"15,30000";"14,08698";"-0,43273"
"15,31000";"14,07175";"-0,42875"
"15,32000";"14,05676";"-0,42933"
"15,33000";"14,04188";"-0,42570"
"15,34000";"14,02713";"-0,41947"
"15,35000";"14,01225";"-0,41347"
"15,36000";"13,99714";"-0,41617"
"15,37000";"13,98215";"-0,42340"
"15,38000";"13,96739";"-0,42950"
"15,39000";"13,95228";"-0,42749"
"15,40000";"13,93729";"-0,42811"
"15,41000";"13,92229";"-0,42751"
"15,42000";"13,90742";"-0,42618"
"15,43000";"13,89242";"-0,42253"
"15,44000";"13,87719";"-0,42004"
"15,45000";"13,86196";"-0,41538"
"15,46000";"13,84697";"-0,41535"
"15,47000";"13,83198";"-0,41295"
"15,48000";"13,81699";"-0,40530"
"15,49000";"13,80199";"-0,40437"
"15,50000";"13,78712";"-0,41165"
"15,51000";"13,77201";"-0,42145"
"15,52000";"13,75690";"-0,42150"
"15,53000";"13,74167";"-0,42104"
"15,54000";"13,72679";"-0,42100"
"15,55000";"13,71180";"-0,42949"
"15,56000";"13,69692";"-0,43369"
"15,57000";"13,68193";"-0,43718"
"15,58000";"13,66706";"-0,43848"
"15,59000";"13,65218";"-0,42823"
"15,60000";"13,63707";"-0,42585"
"15,61000";"13,62196";"-0,43268"
"15,62000";"13,60685";"-0,43786"
"15,63000";"13,59197";"-0,43335"
"15,64000";"13,57710";"-0,42709"
"15,65000";"13,56210";"-0,42014"
"15,66000";"13,54699";"-0,41082"
"15,67000";"13,53200";"-0,40201"
"15,68000";"13,51712";"-0,39121"
"15,69000";"13,50190";"-0,39252"
"15,70000";"13,48678";"-0,40029"
"15,71000";"13,47191";"-0,40452"
"15,72000";"13,45704";"-0,41100"
"15,73000";"13,44204";"-0,41150"
"15,74000";"13,42705";"-0,42115"
"15,75000";"13,41206";"-0,42261"
"15,76000";"13,39706";"-0,42799"
"15,77000";"13,38195";"-0,42741"
"15,78000";"13,36684";"-0,42001"
"15,79000";"13,35197";"-0,41343"
"15,80000";"13,33709";"-0,40780"
"15,81000";"13,32222";"-0,41180"
"15,82000";"13,30699";"-0,41243"
"15,83000";"13,29199";"-0,41674"
"15,84000";"13,27700";"-0,41187"
"15,85000";"13,26189";"-0,40382"
"15,86000";"13,24678";"-0,39232"
"15,87000";"13,23178";"-0,38768"
"15,88000";"13,21703";"-0,38702"
"15,89000";"13,20215";"-0,40000"
"15,90000";"13,18704";"-0,40510"
"15,91000";"13,17193";"-0,40542"
"15,92000";"13,15694";"-0,39467"
"15,93000";"13,14183";"-0,39130"
"15,94000";"13,12671";"-0,38793"
"15,95000";"13,11172";"-0,38796"
"15,96000";"13,09697";"-0,39010"
"15,97000";"13,08209";"-0,38779"
"15,98000";"13,06710";"-0,37789"
"15,99000";"13,05199";"-0,37695"
"16,00000";"13,03699";"-0,38732"
"16,01000";"13,02200";"-0,39329"
"16,02000";"13,00689";"-0,39510"
"16,03000";"12,99189";"-0,39358"
"16,04000";"12,97702";"-0,38997"
"16,05000";"12,96215";"-0,38286"
"16,06000";"12,94715";"-0,36924"
"16,07000";"12,93204";"-0,35490"
"16,08000";"12,91705";"-0,35552"
"16,09000";"12,90205";"-0,35774"
"16,10000";"12,88706";"-0,36461"
"16,11000";"12,87207";"-0,36689"
"16,12000";"12,85719";"-0,36265"
"16,13000";"12,84232";"-0,35861"
"16,14000";"12,82721";"-0,35091"
"16,15000";"12,81210";"-0,34367"
"16,16000";"12,79699";"-0,34282"
"16,17000";"12,78199";"-0,34724"
"16,18000";"12,76700";"-0,34137"
"16,19000";"12,75201";"-0,33723"
"16,20000";"12,73701";"-0,33324"
"16,21000";"12,72214";"-0,33277"
"16,22000";"12,70703";"-0,33714"
"16,23000";"12,69180";"-0,34260"
"16,24000";"12,67681";"-0,35017"
"16,25000";"12,66181";"-0,35155"
"16,26000";"12,64682";"-0,34845"
"16,27000";"12,63183";"-0,34516"
"16,28000";"12,61683";"-0,33805"
"16,29000";"12,60196";"-0,32752"
"16,30000";"12,58697";"-0,31392"
"16,31000";"12,57185";"-0,30837"
"16,32000";"12,55686";"-0,30963"
"16,33000";"12,54187";"-0,30869"
"16,34000";"12,52688";"-0,30252"
"16,35000";"12,51188";"-0,29792"
"16,36000";"12,49689";"-0,29261"
"16,37000";"12,48190";"-0,29666"
"16,38000";"12,46702";"-0,29447"
"16,39000";"12,45191";"-0,29325"
"16,40000";"12,43692";"-0,29273"
"16,41000";"12,42180";"-0,29044"
"16,42000";"12,40693";"-0,28917"
"16,43000";"12,39206";"-0,28857"
"16,44000";"12,37706";"-0,29055"
"16,45000";"12,36207";"-0,29272"
"16,46000";"12,34696";"-0,29540"
"16,47000";"12,33196";"-0,29047"
"16,48000";"12,31685";"-0,28737"
"16,49000";"12,30174";"-0,27720"
"16,50000";"12,28675";"-0,26561"
"16,51000";"12,27188";"-0,26253"
"16,52000";"12,25700";"-0,26093"
"16,53000";"12,24201";"-0,25989"
"16,54000";"12,22690";"-0,26075"
"16,55000";"12,21202";"-0,26479"
"16,56000";"12,19691";"-0,27205"
"16,57000";"12,18180";"-0,27507"
"16,58000";"12,16681";"-0,27780"
"16,59000";"12,15193";"-0,27412"
"16,60000";"12,13706";"-0,26039"
"16,61000";"12,12206";"-0,25317"
"16,62000";"12,10707";"-0,25092"
"16,63000";"12,09219";"-0,24944"
"16,64000";"12,07720";"-0,24907"
"16,65000";"12,06221";"-0,25122"
"16,66000";"12,04722";"-0,24747"
"16,67000";"12,03234";"-0,24533"
"16,68000";"12,01735";"-0,24192"
"16,69000";"12,00224";"-0,24212"
"16,70000";"11,98701";"-0,23969"
"16,71000";"11,97190";"-0,24845"
"16,72000";"11,95690";"-0,25192"
"16,73000";"11,94179";"-0,25443"
"16,74000";"11,92680";"-0,25370"
"16,75000";"11,91192";"-0,24885"
"16,76000";"11,89705";"-0,24153"
"16,77000";"11,88194";"-0,23599"
"16,78000";"11,86683";"-0,23001"
"16,79000";"11,85183";"-0,23113"
"16,80000";"11,83696";"-0,24372"
"16,81000";"11,82185";"-0,25125"
"16,82000";"11,80685";"-0,25562"
"16,83000";"11,79186";"-0,24976"
"16,84000";"11,77699";"-0,24119"
"16,85000";"11,76199";"-0,23209"
"16,86000";"11,74688";"-0,22986"
"16,87000";"11,73189";"-0,23270"
"16,88000";"11,71690";"-0,22786"
"16,89000";"11,70202";"-0,22542"
"16,90000";"11,68703";"-0,23075"
"16,91000";"11,67204";"-0,23983"
"16,92000";"11,65693";"-0,23419"
"16,93000";"11,64205";"-0,23253"
"16,94000";"11,62694";"-0,23260"
"16,95000";"11,61195";"-0,23376"
"16,96000";"11,59695";"-0,22411"
"16,97000";"11,58196";"-0,21398"
"16,98000";"11,56708";"-0,21071"
"16,99000";"11,55209";"-0,21162"
"17,00000";"11,53710";"-0,21717"
"17,01000";"11,52199";"-0,22008"
"17,02000";"11,50699";"-0,21728"
"17,03000";"11,49188";"-0,20928"
"17,04000";"11,47689";"-0,20740"
"17,05000";"11,46190";"-0,20713"
"17,06000";"11,44702";"-0,20569"
"17,07000";"11,43203";"-0,20668"
"17,08000";"11,41704";"-0,20837"
"17,09000";"11,40204";"-0,21741"
"17,10000";"11,38705";"-0,21982"
"17,11000";"11,37194";"-0,21195"
"17,12000";"11,35683";"-0,21365"
"17,13000";"11,34183";"-0,21224"
"17,14000";"11,32696";"-0,20631"
"17,15000";"11,31196";"-0,19922"
"17,16000";"11,29697";"-0,19066"
"17,17000";"11,28198";"-0,18183"
"17,18000";"11,26699";"-0,16867"
"17,19000";"11,25211";"-0,15847"
"17,20000";"11,23700";"-0,15733"
"17,21000";"11,22213";"-0,16210"
"17,22000";"11,20713";"-0,16648"
"17,23000";"11,19214";"-0,17023"
"17,24000";"11,17703";"-0,17001"
"17,25000";"11,16192";"-0,16734"
"17,26000";"11,14704";"-0,16219"
"17,27000";"11,13205";"-0,15445"
"17,28000";"11,11694";"-0,15353"
"17,29000";"11,10194";"-0,15402"
"17,30000";"11,08707";"-0,15904"
"17,31000";"11,07208";"-0,15990"
"17,32000";"11,05696";"-0,16297"
"17,33000";"11,04185";"-0,16725"
"17,34000";"11,02686";"-0,17591"
"17,35000";"11,01175";"-0,17441"
"17,36000";"10,99676";"-0,17214"
"17,37000";"10,98188";"-0,17549"
"17,38000";"10,96701";"-0,17730"
"17,39000";"10,95225";"-0,17254"
"17,40000";"10,93714";"-0,16137"
"17,41000";"10,92191";"-0,15571"
"17,42000";"10,90692";"-0,16367"
"17,43000";"10,89192";"-0,16646"
"17,44000";"10,87681";"-0,16467"
"17,45000";"10,86182";"-0,15828"
"17,46000";"10,84694";"-0,15170"
"17,47000";"10,83207";"-0,14557"
"17,48000";"10,81696";"-0,13974"
"17,49000";"10,80173";"-0,14257"
"17,50000";"10,78686";"-0,13893"
"17,51000";"10,77186";"-0,13652"
"17,52000";"10,75699";"-0,12987"
"17,53000";"10,74199";"-0,12836"
"17,54000";"10,72712";"-0,12476"
"17,55000";"10,71224";"-0,12375"
"17,56000";"10,69725";"-0,13548"
"17,57000";"10,68214";"-0,14300"
"17,58000";"10,66715";"-0,14125"
"17,59000";"10,65215";"-0,14616"
"17,60000";"10,63728";"-0,14838"
"17,61000";"10,62217";"-0,14784"
"17,62000";"10,60717";"-0,13858"
"17,63000";"10,59230";"-0,12966"
"17,64000";"10,57719";"-0,12905"
"17,65000";"10,56208";"-0,12401"
"17,66000";"10,54708";"-0,12561"
"17,67000";"10,53209";"-0,12790"
"17,68000";"10,51722";"-0,13035"
"17,69000";"10,50234";"-0,13123"
"17,70000";"10,48735";"-0,13228"
"17,71000";"10,47247";"-0,13012"
"17,72000";"10,45736";"-0,13107"
"17,73000";"10,44225";"-0,13854"
"17,74000";"10,42714";"-0,13691"
"17,75000";"10,41215";"-0,12773"
"17,76000";"10,39727";"-0,12081"
"17,77000";"10,38228";"-0,11004"
"17,78000";"10,36729";"-0,11139"
"17,79000";"10,35217";"-0,11748"
"17,80000";"10,33706";"-0,12592"
"17,81000";"10,32207";"-0,13131"
"17,82000";"10,30696";"-0,12967"
"17,83000";"10,29197";"-0,12576"
"17,84000";"10,27697";"-0,12114"
"17,85000";"10,26198";"-0,11787"
"17,86000";"10,24699";"-0,10891"
"17,87000";"10,23199";"-0,10587"
"17,88000";"10,21700";"-0,10830"
"17,89000";"10,20213";"-0,11130"
"17,90000";"10,18701";"-0,10843"
"17,91000";"10,17190";"-0,10689"
"17,92000";"10,15691";"-0,10473"
"17,93000";"10,14192";"-0,10965"
"17,94000";"10,12681";"-0,11539"
"17,95000";"10,11169";"-0,12832"
"17,96000";"10,09670";"-0,13430"
"17,97000";"10,08171";"-0,13181"
"17,98000";"10,06671";"-0,12783"
"17,99000";"10,05160";"-0,12068"
"18,00000";"10,03673";"-0,11515"
"18,01000";"10,02197";"-0,11857"
"18,02000";"10,00698";"-0,11122"
"18,03000";"9,99187";"-0,10524"
"18,04000";"9,97688";"-0,10593"
"18,05000";"9,96200";"-0,10574"
"18,06000";"9,94689";"-0,10038"
"18,07000";"9,93190";"-0,09849"
"18,08000";"9,91690";"-0,10630"
"18,09000";"9,90215";"-0,10965"
"18,10000";"9,88715";"-0,10422"
"18,11000";"9,87192";"-0,10190"
"18,12000";"9,85681";"-0,10229"
"18,13000";"9,84182";"-0,09921"
"18,14000";"9,82683";"-0,09122"
"18,15000";"9,81183";"-0,08984"
"18,16000";"9,79684";"-0,09274"
"18,17000";"9,78208";"-0,09660"
"18,18000";"9,76709";"-0,09865"
"18,19000";"9,75198";"-0,10041"
"18,20000";"9,73699";"-0,09587"
"18,21000";"9,72211";"-0,09144"
"18,22000";"9,70724";"-0,08618"
"18,23000";"9,69213";"-0,08016"
"18,24000";"9,67701";"-0,07422"
"18,25000";"9,66214";"-0,07043"
"18,26000";"9,64726";"-0,06622"
"18,27000";"9,63215";"-0,06460"
"18,28000";"9,61692";"-0,07084"
"18,29000";"9,60193";"-0,07919"
"18,30000";"9,58706";"-0,08399"
"18,31000";"9,57218";"-0,07936"
"18,32000";"9,55707";"-0,07447"
"18,33000";"9,54220";"-0,07391"
"18,34000";"9,52732";"-0,07382"
"18,35000";"9,51233";"-0,07119"
"18,36000";"9,49722";"-0,07778"
"18,37000";"9,48210";"-0,08592"
"18,38000";"9,46711";"-0,08480"
"18,39000";"9,45212";"-0,08240"
"18,40000";"9,43713";"-0,07665"
"18,41000";"9,42213";"-0,07027"
"18,42000";"9,40726";"-0,06501"
"18,43000";"9,39215";"-0,05967"
"18,44000";"9,37692";"-0,05603"
"18,45000";"9,36180";"-0,05540"
"18,46000";"9,34693";"-0,05522"
"18,47000";"9,33206";"-0,05812"
"18,48000";"9,31694";"-0,06194"
"18,49000";"9,30195";"-0,06085"
"18,50000";"9,28708";"-0,06663"
"18,51000";"9,27220";"-0,06827"
"18,52000";"9,25709";"-0,06516"
"18,53000";"9,24198";"-0,06535"
"18,54000";"9,22699";"-0,06919"
"18,55000";"9,21199";"-0,07651"
"18,56000";"9,19712";"-0,08211"
"18,57000";"9,18189";"-0,07768"
"18,58000";"9,16690";"-0,07793"
"18,59000";"9,15202";"-0,07625"
"18,60000";"9,13703";"-0,07150"
"18,61000";"9,12192";"-0,06640"
"18,62000";"9,10692";"-0,07269"
"18,63000";"9,09205";"-0,07654"
"18,64000";"9,07717";"-0,07719"
"18,65000";"9,06206";"-0,07711"
"18,66000";"9,04695";"-0,07222"
"18,67000";"9,03196";"-0,06610"
"18,68000";"9,01696";"-0,05987"
"18,69000";"9,00174";"-0,05402"
"18,70000";"8,98662";"-0,05830"
"18,71000";"8,97175";"-0,06535"
"18,72000";"8,95699";"-0,07173"
"18,73000";"8,94200";"-0,07656"
"18,74000";"8,92677";"-0,07635"
"18,75000";"8,91190";"-0,07423"
"18,76000";"8,89702";"-0,07086"
"18,77000";"8,88191";"-0,06607"
"18,78000";"8,86692";"-0,07120"
"18,79000";"8,85204";"-0,07596"
"18,80000";"8,83728";"-0,07317"
"18,81000";"8,82217";"-0,07069"
"18,82000";"8,80694";"-0,07551"
"18,83000";"8,79195";"-0,07686"
"18,84000";"8,77708";"-0,07299"
"18,85000";"8,76208";"-0,06036"
"18,86000";"8,74709";"-0,05092"
"18,87000";"8,73210";"-0,04764"
"18,88000";"8,71734";"-0,05223"
"18,89000";"8,70235";"-0,05904"
"18,90000";"8,68724";"-0,05868"
"18,91000";"8,67213";"-0,06230"
"18,92000";"8,65725";"-0,07397"
"18,93000";"8,64214";"-0,08115"
"18,94000";"8,62703";"-0,08392"
"18,95000";"8,61215";"-0,08385"
"18,96000";"8,59728";"-0,08019"
"18,97000";"8,58240";"-0,07770"
"18,98000";"8,56717";"-0,07212"
"18,99000";"8,55206";"-0,06836"
"19,00000";"8,53707";"-0,06433"
"19,01000";"8,52196";"-0,06756"
"19,02000";"8,50685";"-0,07294"
"19,03000";"8,49185";"-0,07427"
"19,04000";"8,47698";"-0,06276"
"19,05000";"8,46187";"-0,04953"
"19,06000";"8,44676";"-0,04421"
"19,07000";"8,43165";"-0,04865"
"19,08000";"8,41665";"-0,04879"
"19,09000";"8,40166";"-0,05012"
"19,10000";"8,38679";"-0,04589"
"19,11000";"8,37179";"-0,04665"
"19,12000";"8,35680";"-0,05076"
"19,13000";"8,34204";"-0,05451"
"19,14000";"8,32693";"-0,05740"
"19,15000";"8,31182";"-0,05883"
"19,16000";"8,29671";"-0,06928"
"19,17000";"8,28183";"-0,07535"
"19,18000";"8,26696";"-0,07534"
"19,19000";"8,25197";"-0,07009"
"19,20000";"8,23685";"-0,05997"
"19,21000";"8,22186";"-0,05049"
"19,22000";"8,20687";"-0,04204"
"19,23000";"8,19176";"-0,03286"
"19,24000";"8,17665";"-0,02440"
"19,25000";"8,16177";"-0,02641"
"19,26000";"8,14701";"-0,02731"
"19,27000";"8,13202";"-0,03916"
"19,28000";"8,11691";"-0,04842"
"19,29000";"8,10192";"-0,05184"
"19,30000";"8,08692";"-0,04844"
"19,31000";"8,07193";"-0,04665"
"19,32000";"8,05670";"-0,04721"
"19,33000";"8,04183";"-0,04636"
"19,34000";"8,02695";"-0,05059"
"19,35000";"8,01220";"-0,04962"
"19,36000";"7,99708";"-0,04679"
"19,37000";"7,98197";"-0,04493"
"19,38000";"7,96698";"-0,04050"
"19,39000";"7,95199";"-0,04003"
"19,40000";"7,93688";"-0,04183"
"19,41000";"7,92188";"-0,04368"
"19,42000";"7,90701";"-0,04483"
"19,43000";"7,89225";"-0,04637"
"19,44000";"7,87714";"-0,04644"
"19,45000";"7,86191";"-0,04736"
"19,46000";"7,84692";"-0,04684"
"19,47000";"7,83192";"-0,04474"
"19,48000";"7,81681";"-0,05118"
"19,49000";"7,80182";"-0,05037"
"19,50000";"7,78694";"-0,05009"
"19,51000";"7,77219";"-0,04569"
"19,52000";"7,75719";"-0,04152"
"19,53000";"7,74208";"-0,03646"
"19,54000";"7,72709";"-0,03684"
"19,55000";"7,71210";"-0,03638"
"19,56000";"7,69699";"-0,03437"
"19,57000";"7,68199";"-0,03833"
"19,58000";"7,66712";"-0,04277"
"19,59000";"7,65224";"-0,04441"
"19,60000";"7,63713";"-0,04294"
"19,61000";"7,62202";"-0,04344"
"19,62000";"7,60691";"-0,04117"
"19,63000";"7,59192";"-0,04509"
"19,64000";"7,57692";"-0,04289"
"19,65000";"7,56169";"-0,03722"
"19,66000";"7,54682";"-0,03242"
"19,67000";"7,53194";"-0,03078"
"19,68000";"7,51695";"-0,03527"
"19,69000";"7,50184";"-0,04283"
"19,70000";"7,48685";"-0,04241"
"19,71000";"7,47185";"-0,04132"
"19,72000";"7,45686";"-0,04533"
"19,73000";"7,44187";"-0,04993"
"19,74000";"7,42687";"-0,05248"
"19,75000";"7,41200";"-0,05655"
"19,76000";"7,39701";"-0,05133"
"19,77000";"7,38190";"-0,04039"
"19,78000";"7,36679";"-0,04172"
"19,79000";"7,35179";"-0,04508"
"19,80000";"7,33680";"-0,04549"
"19,81000";"7,32169";"-0,04302"
"19,82000";"7,30681";"-0,03846"
"19,83000";"7,29194";"-0,03292"
"19,84000";"7,27694";"-0,03060"
"19,85000";"7,26195";"-0,03216"
"19,86000";"7,24684";"-0,04340"
"19,87000";"7,23173";"-0,04659"
"19,88000";"7,21685";"-0,04887"
"19,89000";"7,20198";"-0,04651"
"19,90000";"7,18699";"-0,04920"
"19,91000";"7,17199";"-0,04693"
"19,92000";"7,15700";"-0,04206"
"19,93000";"7,14201";"-0,03553"
"19,94000";"7,12690";"-0,03739"
"19,95000";"7,11190";"-0,04781"
"19,96000";"7,09691";"-0,05178"
"19,97000";"7,08204";"-0,04758"
"19,98000";"7,06704";"-0,04194"
"19,99000";"7,05205";"-0,03920"
"20,00000";"7,03694";"-0,04144"
"20,01000";"7,02194";"-0,04941"
"20,02000";"7,00695";"-0,04184"
"20,03000";"6,99184";"-0,03695"
"20,04000";"6,97697";"-0,03461"
"20,05000";"6,96209";"-0,03147"
"20,06000";"6,94722";"-0,02450"
"20,07000";"6,93222";"-0,02613"
"20,08000";"6,91723";"-0,02728"
"20,09000";"6,90224";"-0,02388"
"20,10000";"6,88724";"-0,01244"
"20,11000";"6,87201";"-0,00498"
"20,12000";"6,85702";"-0,00486"
"20,13000";"6,84203";"-0,00601"
"20,14000";"6,82715";"-0,00719"
"20,15000";"6,81204";"-0,01119"
"20,16000";"6,79705";"-0,01866"
"20,17000";"6,78194";"-0,03000"
"20,18000";"6,76694";"-0,03457"
"20,19000";"6,75183";"-0,03168"
"20,20000";"6,73684";"-0,02762"
"20,21000";"6,72197";"-0,02021"
"20,22000";"6,70709";"-0,01613"
"20,23000";"6,69198";"-0,01038"
"20,24000";"6,67699";"-0,01401"
"20,25000";"6,66188";"-0,02637"
"20,26000";"6,64688";"-0,03147"
"20,27000";"6,63189";"-0,03263"
"20,28000";"6,61678";"-0,03590"
"20,29000";"6,60190";"-0,03644"
"20,30000";"6,58715";"-0,02572"
"20,31000";"6,57215";"-0,01512"
"20,32000";"6,55704";"-0,00735"
"20,33000";"6,54193";"-0,00234"
"20,34000";"6,52706";"-0,00276"
"20,35000";"6,51194";"0,00189"
"20,36000";"6,49707";"0,00657"
"20,37000";"6,48219";"0,00871"
"20,38000";"6,46720";"0,00939"
"20,39000";"6,45209";"0,00700"
"20,40000";"6,43710";"0,00553"
"20,41000";"6,42210";"0,00129"
"20,42000";"6,40711";"-0,00357"
"20,43000";"6,39212";"-0,00633"
"20,44000";"6,37712";"0,00237"
"20,45000";"6,36201";"0,00456"
"20,46000";"6,34702";"0,01531"
"20,47000";"6,33191";"0,02058"
"20,48000";"6,31692";"0,02137"
"20,49000";"6,30181";"0,01232"
"20,50000";"6,28669";"-0,00168"
"20,51000";"6,27182";"-0,01265"
"20,52000";"6,25694";"-0,00675"
"20,53000";"6,24195";"0,00089"
"20,54000";"6,22696";"0,00336"
"20,55000";"6,21197";"0,01164"
"20,56000";"6,19697";"0,01946"
"20,57000";"6,18186";"0,02471"
"20,58000";"6,16675";"0,02127"
"20,59000";"6,15176";"0,01949"
"20,60000";"6,13688";"0,02281"
"20,61000";"6,12189";"0,01899"
"20,62000";"6,10690";"0,01300"
"20,63000";"6,09202";"0,00582"
"20,64000";"6,07715";"0,00694"
"20,65000";"6,06204";"0,00875"
"20,66000";"6,04704";"0,00969"
"20,67000";"6,03193";"0,00845"
"20,68000";"6,01706";"0,01246"
"20,69000";"6,00206";"0,01618"
"20,70000";"5,98695";"0,02193"
"20,71000";"5,97196";"0,02132"
"20,72000";"5,95708";"0,01670"
"20,73000";"5,94197";"0,01154"
"20,74000";"5,92686";"0,01308"
"20,75000";"5,91187";"0,01867"
"20,76000";"5,89699";"0,02074"
"20,77000";"5,88212";"0,02648"
"20,78000";"5,86701";"0,02386"
"20,79000";"5,85190";"0,01438"
"20,80000";"5,83690";"0,01664"
"20,81000";"5,82191";"0,02686"
"20,82000";"5,80680";"0,02992"
"20,83000";"5,79192";"0,02077"
"20,84000";"5,77705";"0,00992"
"20,85000";"5,76217";"0,00953"
"20,86000";"5,74706";"0,01478"
"20,87000";"5,73207";"0,02813"
"20,88000";"5,71719";"0,03515"
"20,89000";"5,70232";"0,03390"
"20,90000";"5,68721";"0,02894"
"20,91000";"5,67198";"0,02558"
"20,92000";"5,65710";"0,02322"
"20,93000";"5,64223";"0,02382"
"20,94000";"5,62712";"0,02843"
"20,95000";"5,61189";"0,03107"
"20,96000";"5,59678";"0,02941"
"20,97000";"5,58190";"0,02789"
"20,98000";"5,56679";"0,03534"
"20,99000";"5,55180";"0,04707"
"21,00000";"5,53692";"0,05064"
"21,01000";"5,52217";"0,05074"
"21,02000";"5,50717";"0,04360"
"21,03000";"5,49194";"0,03624"
"21,04000";"5,47695";"0,03172"
"21,05000";"5,46196";"0,03242"
"21,06000";"5,44685";"0,03345"
"21,07000";"5,43174";"0,02840"
"21,08000";"5,41686";"0,02037"
"21,09000";"5,40210";"0,02249"
"21,10000";"5,38711";"0,02179"
"21,11000";"5,37212";"0,01768"
"21,12000";"5,35701";"0,01454"
"21,13000";"5,34201";"0,01658"
"21,14000";"5,32714";"0,01510"
"21,15000";"5,31215";"0,01148"
"21,16000";"5,29715";"0,01225"
"21,17000";"5,28228";"0,01703"
"21,18000";"5,26728";"0,02459"
"21,19000";"5,25217";"0,03605"
"21,20000";"5,23706";"0,03575"
"21,21000";"5,22207";"0,04103"
"21,22000";"5,20708";"0,04607"
"21,23000";"5,19208";"0,04314"
"21,24000";"5,17709";"0,03551"
"21,25000";"5,16221";"0,02428"
"21,26000";"5,14722";"0,01930"
"21,27000";"5,13223";"0,01798"
"21,28000";"5,11700";"0,02303"
"21,29000";"5,10189";"0,02699"
"21,30000";"5,08701";"0,02880"
"21,31000";"5,07214";"0,03230"
"21,32000";"5,05715";"0,02950"
"21,33000";"5,04215";"0,02588"
"21,34000";"5,02716";"0,02345"
"21,35000";"5,01217";"0,02386"
"21,36000";"4,99694";"0,01175"
"21,37000";"4,98183";"-0,00063"
"21,38000";"4,96683";"-0,00126"
"21,39000";"4,95184";"0,01137"
"21,40000";"4,93673";"0,02136"
"21,41000";"4,92174";"0,02706"
"21,42000";"4,90674";"0,02590"
"21,43000";"4,89175";"0,02555"
"21,44000";"4,87676";"0,02542"
"21,45000";"4,86165";"0,02364"
"21,46000";"4,84677";"0,02556"
"21,47000";"4,83201";"0,02558"
"21,48000";"4,81714";"0,02011"
"21,49000";"4,80215";"0,01441"
"21,50000";"4,78715";"0,00752"
"21,51000";"4,77216";"0,01414"
"21,52000";"4,75717";"0,02456"
"21,53000";"4,74206";"0,02779"
"21,54000";"4,72706";"0,02852"
"21,55000";"4,71219";"0,02542"
"21,56000";"4,69731";"0,02431"
"21,57000";"4,68220";"0,02377"
"21,58000";"4,66709";"0,02081"
"21,59000";"4,65222";"0,01701"
"21,60000";"4,63710";"0,01286"
"21,61000";"4,62187";"0,01625"
"21,62000";"4,60688";"0,01981"
"21,63000";"4,59201";"0,01923"
"21,64000";"4,57713";"0,02471"
"21,65000";"4,56202";"0,03064"
"21,66000";"4,54703";"0,03384"
"21,67000";"4,53215";"0,03324"
"21,68000";"4,51740";"0,03450"
"21,69000";"4,50228";"0,03318"
"21,70000";"4,48717";"0,02992"
"21,71000";"4,47230";"0,02843"
"21,72000";"4,45742";"0,02753"
"21,73000";"4,44231";"0,03010"
"21,74000";"4,42720";"0,02670"
"21,75000";"4,41221";"0,02312"
"21,76000";"4,39710";"0,02210"
"21,77000";"4,38210";"0,01922"
"21,78000";"4,36699";"0,01732"
"21,79000";"4,35200";"0,01647"
"21,80000";"4,33724";"0,01171"
"21,81000";"4,32225";"0,00991"
"21,82000";"4,30702";"0,01210"
"21,83000";"4,29215";"0,01229"
"21,84000";"4,27715";"0,01120"
"21,85000";"4,26228";"0,01507"
"21,86000";"4,24728";"0,01719"
"21,87000";"4,23229";"0,02181"
"21,88000";"4,21742";"0,02590"
"21,89000";"4,20242";"0,02614"
"21,90000";"4,18719";"0,01977"
"21,91000";"4,17208";"0,01220"
"21,92000";"4,15709";"0,00760"
"21,93000";"4,14222";"0,01028"
"21,94000";"4,12710";"0,01558"
"21,95000";"4,11211";"0,01518"
"21,96000";"4,09712";"0,01094"
"21,97000";"4,08213";"0,00972"
"21,98000";"4,06701";"0,01173"
"21,99000";"4,05178";"0,01714"
"22,00000";"4,03679";"0,02331"
"22,01000";"4,02203";"0,02675"
"22,02000";"4,00704";"0,03175"
"22,03000";"3,99193";"0,02391"
"22,04000";"3,97694";"0,01755"
"22,05000";"3,96194";"0,01822"
"22,06000";"3,94695";"0,02122"
"22,07000";"3,93172";"0,02642"
"22,08000";"3,91673";"0,02731"
"22,09000";"3,90185";"0,03117"
"22,10000";"3,88710";"0,03072"
"22,11000";"3,87199";"0,02776"
"22,12000";"3,85687";"0,02642"
"22,13000";"3,84188";"0,02823"
"22,14000";"3,82677";"0,02455"
"22,15000";"3,81166";"0,02272"
"22,16000";"3,79655";"0,02484"
"22,17000";"3,78179";"0,02640"
"22,18000";"3,76692";"0,02652"
"22,19000";"3,75181";"0,03051"
"22,20000";"3,73669";"0,02752"
"22,21000";"3,72170";"0,01840"
"22,22000";"3,70671";"0,02276"
"22,23000";"3,69160";"0,02772"
"22,24000";"3,67649";"0,02971"
"22,25000";"3,66161";"0,02895"
"22,26000";"3,64697";"0,03050"
"22,27000";"3,63198";"0,03078"
"22,28000";"3,61687";"0,03493"
"22,29000";"3,60187";"0,03068"
"22,30000";"3,58700";"0,02248"
"22,31000";"3,57201";"0,02166"
"22,32000";"3,55690";"0,02526"
"22,33000";"3,54202";"0,02674"
"22,34000";"3,52726";"0,02240"
"22,35000";"3,51239";"0,02301"
"22,36000";"3,49716";"0,02520"
"22,37000";"3,48205";"0,01738"
"22,38000";"3,46706";"0,00890"
"22,39000";"3,45194";"0,01042"
"22,40000";"3,43695";"0,01479"
"22,41000";"3,42208";"0,02324"
"22,42000";"3,40732";"0,02778"
"22,43000";"3,39233";"0,02979"
"22,44000";"3,37722";"0,03308"
"22,45000";"3,36199";"0,02861"
"22,46000";"3,34711";"0,02440"
"22,47000";"3,33212";"0,02708"
"22,48000";"3,31701";"0,02899"
"22,49000";"3,30201";"0,03104"
"22,50000";"3,28702";"0,02836"
"22,51000";"3,27215";"0,02423"
"22,52000";"3,25703";"0,02808"
"22,53000";"3,24192";"0,02823"
"22,54000";"3,22693";"0,02202"
"22,55000";"3,21194";"0,02196"
"22,56000";"3,19694";"0,02718"
"22,57000";"3,18183";"0,03886"
"22,58000";"3,16696";"0,03705"
"22,59000";"3,15197";"0,03179"
"22,60000";"3,13685";"0,02703"
"22,61000";"3,12174";"0,02647"
"22,62000";"3,10675";"0,02287"
"22,63000";"3,09187";"0,02288"
"22,64000";"3,07700";"0,02056"
"22,65000";"3,06201";"0,02756"
"22,66000";"3,04701";"0,03384"
"22,67000";"3,03214";"0,04030"
"22,68000";"3,01715";"0,03859"
"22,69000";"3,00192";"0,03092"
"22,70000";"2,98692";"0,02283"
"22,71000";"2,97193";"0,01620"
"22,72000";"2,95706";"0,01281"
"22,73000";"2,94218";"0,01646"
"22,74000";"2,92719";"0,02385"
"22,75000";"2,91219";"0,02524"
"22,76000";"2,89708";"0,02291"
"22,77000";"2,88197";"0,02639"
"22,78000";"2,86686";"0,02234"
"22,79000";"2,85187";"0,01585"
"22,80000";"2,83699";"0,00678"
"22,81000";"2,82188";"0,00494"
"22,82000";"2,80689";"0,00521"
"22,83000";"2,79190";"0,00895"
"22,84000";"2,77678";"0,00464"
"22,85000";"2,76179";"0,00321"
"22,86000";"2,74668";"0,00215"
"22,87000";"2,73169";"0,00482"
"22,88000";"2,71681";"0,01118"
"22,89000";"2,70194";"0,01322"
"22,90000";"2,68694";"0,01038"
"22,91000";"2,67183";"0,00767"
"22,92000";"2,65696";"0,01561"
"22,93000";"2,64197";"0,02658"
"22,94000";"2,62685";"0,02752"
"22,95000";"2,61174";"0,02382"
"22,96000";"2,59687";"0,02545"
"22,97000";"2,58211";"0,02706"
"22,98000";"2,56700";"0,02297"
"22,99000";"2,55189";"0,02188"
"23,00000";"2,53690";"0,02187"
"23,01000";"2,52190";"0,02755"
"23,02000";"2,50679";"0,03851"
"23,03000";"2,49180";"0,03988"
"23,04000";"2,47704";"0,04078"
"23,05000";"2,46217";"0,04207"
"23,06000";"2,44717";"0,03310"
"23,07000";"2,43206";"0,02290"
"23,08000";"2,41695";"0,02198"
"23,09000";"2,40196";"0,02134"
"23,10000";"2,38685";"0,02054"
"23,11000";"2,37174";"0,02420"
"23,12000";"2,35674";"0,02688"
"23,13000";"2,34199";"0,02930"
"23,14000";"2,32699";"0,03142"
"23,15000";"2,31188";"0,03272"
"23,16000";"2,29689";"0,02868"
"23,17000";"2,28201";"0,02796"
"23,18000";"2,26702";"0,02521"
"23,19000";"2,25203";"0,03231"
"23,20000";"2,23703";"0,03726"
"23,21000";"2,22216";"0,03054"
"23,22000";"2,20717";"0,03019"
"23,23000";"2,19206";"0,03016"
"23,24000";"2,17706";"0,03009"
"23,25000";"2,16207";"0,02624"
"23,26000";"2,14708";"0,02573"
"23,27000";"2,13208";"0,02953"
"23,28000";"2,11709";"0,02297"
"23,29000";"2,10210";"0,01597"
"23,30000";"2,08710";"0,01601"
"23,31000";"2,07188";"0,01812"
"23,32000";"2,05676";"0,01759"
"23,33000";"2,04189";"0,00826"
"23,34000";"2,02690";"0,00581"
"23,35000";"2,01190";"0,01172"
"23,36000";"1,99703";"0,02526"
"23,37000";"1,98203";"0,03087"
"23,38000";"1,96704";"0,02323"
"23,39000";"1,95193";"0,01700"
"23,40000";"1,93682";"0,01724"
"23,41000";"1,92183";"0,01802"
"23,42000";"1,90683";"0,01548"
"23,43000";"1,89196";"0,01683"
"23,44000";"1,87697";"0,01908"
"23,45000";"1,86197";"0,01752"
"23,46000";"1,84710";"0,01747"
"23,47000";"1,83199";"0,02212"
"23,48000";"1,81699";"0,02515"
"23,49000";"1,80188";"0,02069"
"23,50000";"1,78689";"0,01513"
"23,51000";"1,77201";"0,01703"
"23,52000";"1,75702";"0,01915"
"23,53000";"1,74203";"0,02331"
"23,54000";"1,72703";"0,03060"
"23,55000";"1,71204";"0,03013"
"23,56000";"1,69705";"0,02553"
"23,57000";"1,68194";"0,02618"
"23,58000";"1,66694";"0,02120"
"23,59000";"1,65207";"0,01028"
"23,60000";"1,63708";"0,01068"
"23,61000";"1,62208";"0,01906"
"23,62000";"1,60697";"0,02828"
"23,63000";"1,59210";"0,02940"
"23,64000";"1,57710";"0,03048"
"23,65000";"1,56187";"0,03264"
"23,66000";"1,54700";"0,03479"
"23,67000";"1,53201";"0,03617"
"23,68000";"1,51713";"0,02557"
"23,69000";"1,50214";"0,01560"
"23,70000";"1,48691";"0,01479"
"23,71000";"1,47192";"0,01807"
"23,72000";"1,45681";"0,02296"
"23,73000";"1,44181";"0,03430"
"23,74000";"1,42682";"0,03516"
"23,75000";"1,41183";"0,03460"
"23,76000";"1,39707";"0,03001"
"23,77000";"1,38196";"0,02396"
"23,78000";"1,36685";"0,01356"
"23,79000";"1,35185";"0,00834"
"23,80000";"1,33686";"0,01139"
"23,81000";"1,32187";"0,01654"
"23,82000";"1,30687";"0,02120"
"23,83000";"1,29200";"0,02360"
"23,84000";"1,27713";"0,02406"
"23,85000";"1,26213";"0,02918"
"23,86000";"1,24714";"0,03470"
"23,87000";"1,23215";"0,03016"
"23,88000";"1,21727";"0,02230"
"23,89000";"1,20228";"0,01976"
"23,90000";"1,18717";"0,01345"
"23,91000";"1,17206";"0,00976"
"23,92000";"1,15718";"0,01121"
"23,93000";"1,14219";"0,00711"
"23,94000";"1,12696";"0,00739"
"23,95000";"1,11185";"0,00863"
"23,96000";"1,09685";"0,01314"
"23,97000";"1,08198";"0,01735"
"23,98000";"1,06699";"0,02283"
"23,99000";"1,05199";"0,02372"
"24,00000";"1,03700";"0,02584"
"24,01000";"1,02201";"0,03176"
"24,02000";"1,00690";"0,03526"
"24,03000";"0,99190";"0,03356"
"24,04000";"0,97679";"0,03085"
"24,05000";"0,96192";"0,02968"
"24,06000";"0,94704";"0,02967"
"24,07000";"0,93205";"0,02707"
"24,08000";"0,91706";"0,02683"
"24,09000";"0,90206";"0,02137"
"24,10000";"0,88707";"0,02252"
"24,11000";"0,87196";"0,03117"
"24,12000";"0,85697";"0,03747"
"24,13000";"0,84197";"0,03862"
"24,14000";"0,82698";"0,03640"
"24,15000";"0,81199";"0,03581"
"24,16000";"0,79699";"0,02661"
"24,17000";"0,78212";"0,01462"
"24,18000";"0,76724";"0,00810"
"24,19000";"0,75225";"0,01258"
"24,20000";"0,73714";"0,02620"
"24,21000";"0,72215";"0,03666"
"24,22000";"0,70727";"0,03957"
"24,23000";"0,69228";"0,04144"
"24,24000";"0,67717";"0,04932"
"24,25000";"0,66206";"0,04708"
"24,26000";"0,64706";"0,03786"
"24,27000";"0,63207";"0,02927"
"24,28000";"0,61696";"0,02062"
"24,29000";"0,60197";"0,01805"
"24,30000";"0,58709";"0,02384"
"24,31000";"0,57198";"0,03047"
"24,32000";"0,55687";"0,03601"
"24,33000";"0,54176";"0,03323"
"24,34000";"0,52676";"0,02750"
"24,35000";"0,51177";"0,02025"
"24,36000";"0,49666";"0,01449"
"24,37000";"0,48167";"0,01632"
"24,38000";"0,46691";"0,01987"
"24,39000";"0,45215";"0,02446"
"24,40000";"0,43704";"0,02894"
"24,41000";"0,42193";"0,02767"
"24,42000";"0,40694";"0,02209"
"24,43000";"0,39194";"0,01844"
"24,44000";"0,37683";"0,01579"
"24,45000";"0,36184";"0,00996"
"24,46000";"0,34697";"0,00514"
"24,47000";"0,33209";"0,01204"
"24,48000";"0,31710";"0,01779"
"24,49000";"0,30199";"0,02378"
"24,50000";"0,28699";"0,01927"
"24,51000";"0,27212";"0,01679"
"24,52000";"0,25701";"0,02042"
"24,53000";"0,24190";"0,02268"
"24,54000";"0,22702";"0,03248"
"24,55000";"0,21215";"0,03978"
"24,56000";"0,19703";"0,03583"
"24,57000";"0,18192";"0,02344"
"24,58000";"0,16681";"0,01797"
"24,59000";"0,15182";"0,01816"
"24,60000";"0,13694";"0,02436"
"24,61000";"0,12195";"0,02711"
"24,62000";"0,10708";"0,02590"
"24,63000";"0,09232";"0,02319"
"24,64000";"0,07744";"0,02499"
"24,65000";"0,06233";"0,02470"
"24,66000";"0,04722";"0,02306"
"24,67000";"0,03223";"0,02097"
"24,68000";"0,01724";"0,01138"
"24,69000";"0,00236";"0,00443"
"24,69200";"-0,00071";"0,00558"
"24,69400";"-0,00378";"0,00697"
"24,70400";"-0,01676";"0,01007"
"24,71400";"-0,02397";"0,02598"
"24,71800";"-0,02538";"0,03476"
"24,72800";"-0,02503";"0,05832"
"24,73800";"-0,02007";"0,07308"
"24,74800";"-0,00862";"0,07578"
"24,75800";"0,00838";"0,07727"
"24,76800";"0,02857";"0,07310"
"24,77800";"0,05017";"0,05719"
"24,78800";"0,07201";"0,04160"
"24,79800";"0,09362";"0,02615"
"24,80800";"0,11416";"0,01386"
"24,81800";"0,13399";"0,00887"
"24,82800";"0,15276";"0,00213"
"24,83800";"0,17094";"-0,00825"
"24,84800";"0,18842";"-0,00472"
"24,85800";"0,20553";"0,00489"
"24,86800";"0,22206";"0,00915"
"24,87800";"0,23835";"0,01220"
"24,88800";"0,25429";"0,01144"
"24,89800";"0,26999";"0,01795"
"24,90800";"0,28558";"0,01540"
"24,91800";"0,30104";"0,00935"
"24,92800";"0,31651";"0,01292"
"24,93800";"0,33197";"0,01563"
"24,94800";"0,34708";"0,01572"
"24,95800";"0,36219";"0,01287"
"24,96800";"0,37731";"0,02235"
"24,97800";"0,39242";"0,02126"
"24,98800";"0,40753";"0,00960"
"24,99800";"0,42252";"0,00653"
"25,00800";"0,43775";"0,00689"
"25,01800";"0,45286";"0,01380"
"25,02800";"0,46785";"0,02499"
"25,03800";"0,48285";"0,02530"
"25,04800";"0,49784";"0,02281"
"25,05800";"0,51283";"0,02190"
"25,06800";"0,52771";"0,02479"
"25,07800";"0,54282";"0,03019"
"25,08800";"0,55781";"0,02415"
"25,09800";"0,57292";"0,01967"
"25,10800";"0,58792";"0,01802"
"25,11800";"0,60291";"0,02275"
"25,12800";"0,61790";"0,03041"
"25,13800";"0,63290";"0,03162"
"25,14800";"0,64789";"0,03219"
"25,15800";"0,66300";"0,03485"
"25,16800";"0,67799";"0,02893"
"25,17800";"0,69299";"0,02539"
"25,18800";"0,70786";"0,01968"
"25,19800";"0,72285";"0,01573"
"25,20800";"0,73797";"0,01292"
"25,21800";"0,75296";"0,01663"
"25,22800";"0,76795";"0,01333"
"25,23800";"0,78306";"0,01434"
"25,24800";"0,79806";"0,02053"
"25,25800";"0,81317";"0,01831"
"25,26800";"0,82804";"0,01313"
"25,27800";"0,84292";"0,02417"
"25,28800";"0,85791";"0,03394"
"25,29800";"0,87290";"0,04065"
"25,30800";"0,88790";"0,04154"
"25,31800";"0,90301";"0,03902"
"25,32800";"0,91800";"0,02913"
"25,33800";"0,93299";"0,02678"
"25,34800";"0,94799";"0,02741"
"25,35800";"0,96298";"0,02919"
"25,36800";"0,97797";"0,03531"
"25,37800";"0,99297";"0,04244"
"25,38800";"1,00796";"0,04703"
"25,39800";"1,02295";"0,04321"
"25,40800";"1,03806";"0,04238"
"25,41800";"1,05306";"0,04427"
"25,42800";"1,06793";"0,04175"
"25,43800";"1,08292";"0,02858"
"25,44800";"1,09792";"0,01909"
"25,45800";"1,11291";"0,01832"
"25,46800";"1,12790";"0,02182"
"25,47800";"1,14301";"0,02013"
"25,48800";"1,15801";"0,01870"
"25,49800";"1,17300";"0,02632"
"25,50800";"1,18788";"0,02972"
"25,51800";"1,20299";"0,03096"
"25,52800";"1,21786";"0,02558"
"25,53800";"1,23285";"0,01831"
"25,54800";"1,24797";"0,01447"
"25,55800";"1,26308";"0,01291"
"25,56800";"1,27807";"0,01769"
"25,57800";"1,29306";"0,02638"
"25,58800";"1,30806";"0,03362"
"25,59800";"1,32293";"0,02978"
"25,60800";"1,33792";"0,02810"
"25,61800";"1,35292";"0,02710"
"25,62800";"1,36791";"0,02951"
"25,63800";"1,38302";"0,03001"
"25,64800";"1,39813";"0,02909"
"25,65800";"1,41313";"0,02580"
"25,66800";"1,42800";"0,01734"
"25,67800";"1,44299";"0,01843"
"25,68800";"1,45799";"0,01955"
"25,69800";"1,47286";"0,01929"
"25,70800";"1,48797";"0,01704"
"25,71800";"1,50297";"0,01289"
"25,72800";"1,51808";"0,01242"
"25,73800";"1,53307";"0,02088"
"25,74800";"1,54806";"0,02739"
"25,75800";"1,56294";"0,02694"
"25,76800";"1,57793";"0,02119"
"25,77800";"1,59292";"0,01860"
"25,78800";"1,60803";"0,02373"
"25,79800";"1,62303";"0,02888"
"25,80800";"1,63814";"0,02586"
"25,81800";"1,65301";"0,02678"
"25,82800";"1,66801";"0,02547"
"25,83800";"1,68300";"0,01968"
"25,84800";"1,69799";"0,01473"
"25,85800";"1,71287";"0,01366"
"25,86800";"1,72798";"0,01237"
"25,87800";"1,74297";"0,01314"
"25,88800";"1,75797";"0,01600"
"25,89800";"1,77284";"0,01861"
"25,90800";"1,78772";"0,01740"
"25,91800";"1,80283";"0,01873"
"25,92800";"1,81782";"0,02127"
"25,93800";"1,83293";"0,02196"
"25,94800";"1,84804";"0,01845"
"25,95800";"1,86327";"0,01430"
"25,96800";"1,87826";"0,01432"
"25,97800";"1,89314";"0,02229"
"25,98800";"1,90813";"0,02384"
"25,99800";"1,92313";"0,01765"
"26,00800";"1,93800";"0,01969"
"26,01800";"1,95299";"0,02332"
"26,02800";"1,96799";"0,02551"
"26,03800";"1,98310";"0,03396"
"26,04800";"1,99797";"0,03103"
"26,05800";"2,01297";"0,02609"
"26,06800";"2,02796";"0,02813"
"26,07800";"2,04295";"0,02558"
"26,08800";"2,05771";"0,01689"
"26,09800";"2,07282";"0,01843"
"26,10800";"2,08781";"0,02447"
"26,11800";"2,10281";"0,02550"
"26,12800";"2,11780";"0,03052"
"26,13800";"2,13279";"0,03452"
"26,14800";"2,14778";"0,04035"
"26,15800";"2,16278";"0,03733"
"26,16800";"2,17777";"0,03188"
"26,17800";"2,19288";"0,03085"
"26,18800";"2,20799";"0,02713"
"26,19800";"2,22299";"0,02111"
"26,20800";"2,23798";"0,01128"
"26,21800";"2,25309";"0,00476"
"26,22800";"2,26808";"0,00754"
"26,23800";"2,28319";"0,01237"
"26,24800";"2,29819";"0,01066"
"26,25800";"2,31330";"0,01246"
"26,26800";"2,32841";"0,02278"
"26,27800";"2,34340";"0,03324"
"26,28800";"2,35840";"0,03997"
"26,29800";"2,37327";"0,03769"
"26,30800";"2,38826";"0,02790"
"26,31800";"2,40314";"0,00893"
"26,32800";"2,41801";"-0,00101"
"26,33800";"2,43313";"0,00505"
"26,34800";"2,44824";"0,01130"
"26,35800";"2,46323";"0,01890"
"26,36800";"2,47810";"0,02710"
"26,37800";"2,49310";"0,03398"
"26,38800";"2,50797";"0,02957"
"26,39800";"2,52273";"0,01934"
"26,40800";"2,53749";"0,00938"
"26,41800";"2,55224";"0,01032"
"26,42800";"2,56724";"0,01245"
"26,43800";"2,58223";"0,01151"
"26,44800";"2,59722";"0,01357"
"26,45800";"2,61233";"0,01550"
"26,46800";"2,62744";"0,01765"
"26,47800";"2,64256";"0,02063"
"26,48800";"2,65767";"0,02985"
"26,49800";"2,67313";"0,03027"
"26,50800";"2,68836";"0,02309"
"26,51800";"2,70347";"0,00952"
"26,52800";"2,71847";"0,00480"
"26,53800";"2,73334";"0,01223"
"26,54800";"2,74845";"0,01964"
"26,55800";"2,76333";"0,01811"
"26,56800";"2,77832";"0,01297"
"26,57800";"2,79331";"0,01129"
"26,58800";"2,80831";"0,01625"
"26,59800";"2,82318";"0,02202"
"26,60800";"2,83817";"0,02624"
"26,61800";"2,85317";"0,01657"
"26,62800";"2,86804";"0,01041"
"26,63800";"2,88292";"0,00654"
"26,64800";"2,89791";"0,01035"
"26,65800";"2,91290";"0,00935"
"26,66800";"2,92801";"0,01487"
"26,67800";"2,94301";"0,02259"
"26,68800";"2,95788";"0,02223"
"26,69800";"2,97288";"0,01433"
"26,70800";"2,98775";"0,01069"
"26,71800";"3,00239";"0,01361"
"26,72800";"3,01726";"0,01608"
"26,73800";"3,03226";"0,01397"
"26,74800";"3,04725";"0,01154"
"26,75800";"3,06224";"0,01563"
"26,76800";"3,07735";"0,02061"
"26,77800";"3,09258";"0,02856"
"26,78800";"3,10769";"0,02933"
"26,79800";"3,12281";"0,03003"
"26,80800";"3,13780";"0,02192"
"26,81800";"3,15291";"0,02113"
"26,82800";"3,16802";"0,02115"
"26,83800";"3,18313";"0,02552"
"26,84800";"3,19836";"0,02787"
"26,85800";"3,21347";"0,02541"
"26,86800";"3,22858";"0,02197"
"26,87800";"3,24358";"0,02084"
"26,88800";"3,25857";"0,00948"
"26,89800";"3,27356";"0,00540"
"26,90800";"3,28844";"0,00776"
"26,91800";"3,30343";"0,00971"
"26,92800";"3,31831";"0,00989"
"26,93800";"3,33318";"0,00981"
"26,94800";"3,34817";"0,01062"
"26,95800";"3,36305";"0,02175"
"26,96800";"3,37804";"0,03018"
"26,97800";"3,39303";"0,03876"
"26,98800";"3,40803";"0,03593"
"26,99800";"3,42290";"0,03091"
"27,00800";"3,43766";"0,01637"
"27,01800";"3,45242";"0,01420"
"27,02800";"3,46717";"0,02210"
"27,03800";"3,48205";"0,03176"
"27,04800";"3,49716";"0,04146"
"27,05800";"3,51239";"0,03495"
"27,06800";"3,52762";"0,03003"
"27,07800";"3,54285";"0,02622"
"27,08800";"3,55796";"0,02986"
"27,09800";"3,57295";"0,03082"
"27,10800";"3,58794";"0,03141"
"27,11800";"3,60306";"0,02821"
"27,12800";"3,61828";"0,02270"
"27,13800";"3,63340";"0,02209"
"27,14800";"3,64851";"0,02051"
"27,15800";"3,66362";"0,02088"
"27,16800";"3,67849";"0,01912"
"27,17800";"3,69337";"0,02305"
"27,18800";"3,70824";"0,02728"
"27,19800";"3,72312";"0,03048"
"27,20800";"3,73823";"0,02841"
"27,21800";"3,75322";"0,02706"
"27,22800";"3,76822";"0,03323"
"27,23800";"3,78321";"0,04031"
"27,24800";"3,79808";"0,03016"
"27,25800";"3,81308";"0,01951"
"27,26800";"3,82795";"0,01605"
"27,27800";"3,84283";"0,01531"
"27,28800";"3,85794";"0,01444"
"27,29800";"3,87281";"0,01092"
"27,30800";"3,88769";"0,01308"
"27,31800";"3,90268";"0,02011"
"27,32800";"3,91767";"0,02620"
"27,33800";"3,93267";"0,03296"
"27,34800";"3,94754";"0,03840"
"27,35800";"3,96265";"0,04506"
"27,36800";"3,97776";"0,03868"
"27,37800";"3,99288";"0,02553"
"27,38800";"4,00799";"0,01556"
"27,39800";"4,02310";"0,02279"
"27,40800";"4,03809";"0,03578"
"27,41800";"4,05320";"0,04099"
"27,42800";"4,06831";"0,04404"
"27,43800";"4,08342";"0,03484"
"27,44800";"4,09854";"0,01557"
"27,45800";"4,11365";"0,00629"
"27,46800";"4,12864";"0,00519"
"27,47800";"4,14351";"0,01161"
"27,48800";"4,15851";"0,01636"
"27,49800";"4,17338";"0,01585"
"27,50800";"4,18826";"0,00766"
"27,51800";"4,20325";"-0,00001"
"27,52800";"4,21824";"-0,00023"
"27,53800";"4,23324";"0,00230"
"27,54800";"4,24811";"0,00917"
"27,55800";"4,26299";"0,00789"
"27,56800";"4,27798";"0,01326"
"27,57800";"4,29285";"0,01438"
"27,58800";"4,30761";"0,01446"
"27,59800";"4,32249";"0,01837"
"27,60800";"4,33772";"0,01672"
"27,61800";"4,35283";"0,01283"
"27,62800";"4,36770";"0,01419"
"27,63800";"4,38269";"0,01753"
"27,64800";"4,39781";"0,02061"
"27,65800";"4,41280";"0,01878"
"27,66800";"4,42779";"0,01177"
"27,67800";"4,44302";"0,01009"
"27,68800";"4,45825";"0,01276"
"27,69800";"4,47336";"0,01864"
"27,70800";"4,48847";"0,02356"
"27,71800";"4,50347";"0,02807"
"27,72800";"4,51846";"0,02382"
"27,73800";"4,53345";"0,01478"
"27,74800";"4,54833";"0,01525"
"27,75800";"4,56332";"0,01990"
"27,76800";"4,57831";"0,02486"
"27,77800";"4,59331";"0,02194"
"27,78800";"4,60806";"0,02079"
"27,79800";"4,62294";"0,01973"
"27,80800";"4,63781";"0,01966"
"27,81800";"4,65269";"0,01693"
"27,82800";"4,66768";"0,01964"
"27,83800";"4,68291";"0,01560"
"27,84800";"4,69802";"0,01193"
"27,85800";"4,71301";"0,01168"
"27,86800";"4,72801";"0,01726"
"27,87800";"4,74300";"0,01989"
"27,88800";"4,75787";"0,02391"
"27,89800";"4,77275";"0,02525"
"27,90800";"4,78774";"0,01636"
"27,91800";"4,80274";"0,01608"
"27,92800";"4,81785";"0,02180"
"27,93800";"4,83296";"0,02027"
"27,94800";"4,84795";"0,02213"
"27,95800";"4,86294";"0,02135"
"27,96800";"4,87794";"0,02393"
"27,97800";"4,89293";"0,02818"
"27,98800";"4,90792";"0,02473"
"27,99800";"4,92315";"0,02271"
"28,00800";"4,93826";"0,02374"
"28,01800";"4,95326";"0,02434"
"28,02800";"4,96825";"0,02046"
"28,03800";"4,98324";"0,01415"
"28,04800";"4,99824";"0,00927"
"28,05800";"5,01311";"0,00406"
"28,06800";"5,02810";"0,00142"
"28,07800";"5,04322";"0,00922"
"28,08800";"5,05821";"0,01126"
"28,09800";"5,07320";"0,00886"
"28,10800";"5,08819";"0,00912"
"28,11800";"5,10307";"0,01243"
"28,12800";"5,11806";"0,01433"
"28,13800";"5,13294";"0,01526"
"28,14800";"5,14793";"0,01241"
"28,15800";"5,16304";"0,01478"
"28,16800";"5,17803";"0,02113"
"28,17800";"5,19303";"0,01774"
"28,18800";"5,20790";"0,01536"
"28,19800";"5,22290";"0,01741"
"28,20800";"5,23777";"0,01601"
"28,21800";"5,25276";"0,01624"
"28,22800";"5,26788";"0,01902"
"28,23800";"5,28310";"0,02336"
"28,24800";"5,29822";"0,02706"
"28,25800";"5,31321";"0,02463"
"28,26800";"5,32820";"0,01975"
"28,27800";"5,34319";"0,01574"
"28,28800";"5,35819";"0,01824"
"28,29800";"5,37318";"0,02093"
"28,30800";"5,38817";"0,02054"
"28,31800";"5,40317";"0,02182"
"28,32800";"5,41816";"0,02460"
"28,33800";"5,43315";"0,02480"
"28,34800";"5,44815";"0,02520"
"28,35800";"5,46302";"0,02189"
"28,36800";"5,47801";"0,01607"
"28,37800";"5,49289";"0,02216"
"28,38800";"5,50788";"0,02717"
"28,39800";"5,52299";"0,02871"
"28,40800";"5,53799";"0,03649"
"28,41800";"5,55298";"0,04139"
"28,42800";"5,56785";"0,04094"
"28,43800";"5,58285";"0,03835"
"28,44800";"5,59784";"0,03347"
"28,45800";"5,61272";"0,02890"
"28,46800";"5,62783";"0,02578"
"28,47800";"5,64282";"0,02970"
"28,48800";"5,65781";"0,03173"
"28,49800";"5,67292";"0,03351"
"28,50800";"5,68804";"0,02937"
"28,51800";"5,70315";"0,03160"
"28,52800";"5,71814";"0,03145"
"28,53800";"5,73325";"0,02976"
"28,54800";"5,74836";"0,02999"
"28,55800";"5,76347";"0,02447"
"28,56800";"5,77835";"0,02468"
"28,57800";"5,79322";"0,02906"
"28,58800";"5,80822";"0,02857"
"28,59800";"5,82309";"0,02620"
"28,60800";"5,83797";"0,02720"
"28,61800";"5,85296";"0,02848"
"28,62800";"5,86807";"0,02818"
"28,63800";"5,88306";"0,02598"
"28,64800";"5,89806";"0,02610"
"28,65800";"5,91293";"0,02957"
"28,66800";"5,92792";"0,02618"
"28,67800";"5,94292";"0,02069"
"28,68800";"5,95779";"0,01759"
"28,69800";"5,97290";"0,02034"
"28,70800";"5,98801";"0,01771"
"28,71800";"6,00301";"0,01910"
"28,72800";"6,01800";"0,02327"
"28,73800";"6,03299";"0,03334"
"28,74800";"6,04799";"0,03479"
"28,75800";"6,06298";"0,02530"
"28,76800";"6,07785";"0,01929"
"28,77800";"6,09297";"0,01496"
"28,78800";"6,10796";"0,01286"
"28,79800";"6,12295";"0,01505"
"28,80800";"6,13794";"0,02279"
"28,81800";"6,15294";"0,03341"
"28,82800";"6,16793";"0,03629"
"28,83800";"6,18292";"0,03286"
"28,84800";"6,19803";"0,02880"
"28,85800";"6,21303";"0,02353"
"28,86800";"6,22814";"0,02307"
"28,87800";"6,24325";"0,02569"
"28,88800";"6,25824";"0,03012"
"28,89800";"6,27324";"0,02676"
"28,90800";"6,28811";"0,02738"
"28,91800";"6,30299";"0,02670"
"28,92800";"6,31798";"0,02607"
"28,93800";"6,33297";"0,03090"
"28,94800";"6,34808";"0,02989"
"28,95800";"6,36296";"0,02473"
"28,96800";"6,37795";"0,02465"
"28,97800";"6,39294";"0,01995"
"28,98800";"6,40794";"0,01980"
"28,99800";"6,42281";"0,02415"
"29,00800";"6,43781";"0,01912"
"29,01800";"6,45292";"0,01207"
"29,02800";"6,46791";"0,00845"
"29,03800";"6,48290";"0,00848"
"29,04800";"6,49790";"0,00519"
"29,05800";"6,51277";"0,01376"
"29,06800";"6,52788";"0,01777"
"29,07800";"6,54287";"0,02067"
"29,08800";"6,55787";"0,02265"
"29,09800";"6,57298";"0,02466"
"29,10800";"6,58797";"0,02019"
"29,11800";"6,60308";"0,01807"
"29,12800";"6,61808";"0,01124"
"29,13800";"6,63295";"0,00607"
"29,14800";"6,64794";"0,01103"
"29,15800";"6,66282";"0,01701"
"29,16800";"6,67769";"0,01686"
"29,17800";"6,69281";"0,01438"
"29,18800";"6,70792";"0,01555"
"29,19800";"6,72291";"0,01846"
"29,20800";"6,73790";"0,01484"
"29,21800";"6,75290";"0,01555"
"29,22800";"6,76789";"0,01644"
"29,23800";"6,78288";"0,00986"
"29,24800";"6,79799";"0,00500"
"29,25800";"6,81299";"0,00408"
"29,26800";"6,82810";"0,01235"
"29,27800";"6,84309";"0,01991"
"29,28800";"6,85808";"0,02033"
"29,29800";"6,87296";"0,01677"
"29,30800";"6,88795";"0,01193"
"29,31800";"6,90294";"0,01297"
"29,32800";"6,91794";"0,01460"
"29,33800";"6,93293";"0,02511"
"29,34800";"6,94792";"0,02884"
"29,35800";"6,96292";"0,02376"
"29,36800";"6,97791";"0,02301"
"29,37800";"6,99278";"0,02915"
"29,38800";"7,00778";"0,02855"
"29,39800";"7,02289";"0,03383"
"29,40800";"7,03788";"0,03434"
"29,41800";"7,05299";"0,04211"
"29,42800";"7,06799";"0,03856"
"29,43800";"7,08310";"0,03025"
"29,44800";"7,09809";"0,03156"
"29,45800";"7,11308";"0,03316"
"29,46800";"7,12796";"0,03530"
"29,47800";"7,14295";"0,03073"
"29,48800";"7,15806";"0,02979"
"29,49800";"7,17306";"0,03304"
"29,50800";"7,18805";"0,02618"
"29,51800";"7,20304";"0,01693"
"29,52800";"7,21803";"0,01365"
"29,53800";"7,23303";"0,01391"
"29,54800";"7,24790";"0,00589"
"29,55800";"7,26290";"-0,00404"
"29,56800";"7,27813";"-0,00144"
"29,57800";"7,29312";"0,01099"
"29,58800";"7,30811";"0,02372"
"29,59800";"7,32299";"0,02603"
"29,60800";"7,33798";"0,02562"
"29,61800";"7,35297";"0,02213"
"29,62800";"7,36785";"0,01685"
"29,63800";"7,38284";"0,01257"
"29,64800";"7,39795";"0,01728"
"29,65800";"7,41294";"0,02645"
"29,66800";"7,42794";"0,03774"
"29,67800";"7,44293";"0,04137"
"29,68800";"7,45792";"0,02895"
"29,69800";"7,47292";"0,01639"
"29,70800";"7,48791";"0,01567"
"29,71800";"7,50290";"0,01555"
"29,72800";"7,51801";"0,01519"
"29,73800";"7,53312";"0,01611"
"29,74800";"7,54812";"0,01697"
"29,75800";"7,56299";"0,01111"
"29,76800";"7,57810";"0,00289"
"29,77800";"7,59298";"0,00095"
"29,78800";"7,60785";"0,01311"
"29,79800";"7,62285";"0,02635"
"29,80800";"7,63796";"0,03405"
"29,81800";"7,65307";"0,03737"
"29,82800";"7,66806";"0,03752"
"29,83800";"7,68306";"0,02755"
"29,84800";"7,69793";"0,01502"
"29,85800";"7,71292";"0,00859"
"29,86800";"7,72792";"0,01182"
"29,87800";"7,74291";"0,01472"
"29,88800";"7,75790";"0,01693"
"29,89800";"7,77290";"0,02159"
"29,90800";"7,78777";"0,02069"
"29,91800";"7,80265";"0,01753"
"29,92800";"7,81764";"0,01863"
"29,93800";"7,83263";"0,02168"
"29,94800";"7,84762";"0,01782"
"29,95800";"7,86274";"0,01218"
"29,96800";"7,87785";"0,00599"
"29,97800";"7,89296";"0,00753"
"29,98800";"7,90795";"0,02426"
"29,99800";"7,92294";"0,03743"
"30,00800";"7,93806";"0,03714"
"30,01800";"7,95293";"0,03610"
"30,02800";"7,96792";"0,03394"
"30,03800";"7,98292";"0,03337"
"30,04800";"7,99803";"0,03150"
"30,05800";"8,01302";"0,02581"
"30,06800";"8,02813";"0,01340"
"30,07800";"8,04313";"0,00827"
"30,08800";"8,05812";"0,01212"
"30,09800";"8,07311";"0,01731"
"30,10800";"8,08799";"0,02500"
"30,11800";"8,10298";"0,02893"
"30,12800";"8,11809";"0,03800"
"30,13800";"8,13308";"0,04483"
"30,14800";"8,14808";"0,04160"
"30,15800";"8,16295";"0,03645"
"30,16800";"8,17806";"0,03185"
"30,17800";"8,19294";"0,02593"
"30,18800";"8,20793";"0,02307"
"30,19800";"8,22292";"0,01469"
"30,20800";"8,23792";"0,00985"
"30,21800";"8,25303";"0,01459"
"30,22800";"8,26802";"0,01778"
"30,23800";"8,28301";"0,02013"
"30,24800";"8,29801";"0,02422"
"30,25800";"8,31300";"0,02494"
"30,26800";"8,32811";"0,02266"
"30,27800";"8,34322";"0,02381"
"30,28800";"8,35833";"0,02440"
"30,29800";"8,37333";"0,02953"
"30,30800";"8,38820";"0,03383"
"30,31800";"8,40308";"0,03461"
"30,32800";"8,41795";"0,02819"
"30,33800";"8,43294";"0,02181"
"30,34800";"8,44794";"0,01903"
"30,35800";"8,46293";"0,02126"
"30,36800";"8,47804";"0,02636"
"30,37800";"8,49327";"0,03231"
"30,38800";"8,50826";"0,02812"
"30,39800";"8,52326";"0,01504"
"30,40800";"8,53813";"0,00966"
"30,41800";"8,55301";"0,01104"
"30,42800";"8,56800";"0,01739"
"30,43800";"8,58311";"0,02111"
"30,44800";"8,59810";"0,02019"
"30,45800";"8,61322";"0,01351"
"30,46800";"8,62821";"0,01276"
"30,47800";"8,64308";"0,01866"
"30,48800";"8,65796";"0,02530"
"30,49800";"8,67283";"0,02748"
"30,50800";"8,68783";"0,02757"
"30,51800";"8,70294";"0,02616"
"30,52800";"8,71793";"0,02666"
"30,53800";"8,73292";"0,01924"
"30,54800";"8,74792";"0,01110"
"30,55800";"8,76291";"0,01273"
"30,56800";"8,77790";"0,02024"
"30,57800";"8,79278";"0,02535"
"30,58800";"8,80789";"0,02249"
"30,59800";"8,82300";"0,02301"
"30,60800";"8,83799";"0,02003"
"30,61800";"8,85287";"0,01716"
"30,62800";"8,86786";"0,02007"
"30,63800";"8,88297";"0,02783"
"30,64800";"8,89785";"0,03562"
"30,65800";"8,91284";"0,03266"
"30,66800";"8,92795";"0,03138"
"30,67800";"8,94294";"0,03319"
"30,68800";"8,95794";"0,03301"
"30,69800";"8,97293";"0,02820"
"30,70800";"8,98780";"0,02464"
"30,71800";"9,00280";"0,01622"
"30,72800";"9,01767";"0,00998"
"30,73800";"9,03267";"0,00726"
"30,74800";"9,04778";"0,00389"
"30,75800";"9,06289";"0,00514"
"30,76800";"9,07788";"0,00717"
"30,77800";"9,09287";"0,01244"
"30,78800";"9,10799";"0,01712"
"30,79800";"9,12298";"0,02648"
"30,80800";"9,13797";"0,03227"
"30,81800";"9,15297";"0,02679"
"30,82800";"9,16808";"0,02061"
"30,83800";"9,18319";"0,01912"
"30,84800";"9,19818";"0,02155"
"30,85800";"9,21329";"0,02808"
"30,86800";"9,22817";"0,02721"
"30,87800";"9,24316";"0,02538"
"30,88800";"9,25803";"0,02458"
"30,89800";"9,27315";"0,02222"
"30,90800";"9,28814";"0,01732"
"30,91800";"9,30325";"0,01216"
"30,92800";"9,31824";"0,01087"
"30,93800";"9,33324";"0,01648"
"30,94800";"9,34811";"0,02005"
"30,95800";"9,36310";"0,02210"
"30,96800";"9,37810";"0,02548"
"30,97800";"9,39309";"0,03086"
"30,98800";"9,40808";"0,02887"
"30,99800";"9,42319";"0,01799"
"31,00800";"9,43819";"0,01149"
"31,01800";"9,45318";"0,00678"
"31,02800";"9,46817";"-0,00015"
"31,03800";"9,48305";"0,00014"
"31,04800";"9,49792";"0,01030"
"31,05800";"9,51292";"0,02069"
"31,06800";"9,52791";"0,02500"
"31,07800";"9,54290";"0,02736"
"31,08800";"9,55813";"0,02525"
"31,09800";"9,57312";"0,01758"
"31,10800";"9,58812";"0,00797"
"31,11800";"9,60299";"0,00213"
"31,12800";"9,61799";"0,00232"
"31,13800";"9,63298";"0,00342"
"31,14800";"9,64809";"0,00548"
"31,15800";"9,66297";"0,00774"
"31,16800";"9,67796";"0,01554"
"31,17800";"9,69295";"0,02751"
"31,18800";"9,70794";"0,03480"
"31,19800";"9,72294";"0,02870"
"31,20800";"9,73793";"0,01602"
"31,21800";"9,75304";"0,01383"
"31,22800";"9,76803";"0,02499"
"31,23800";"9,78303";"0,02970"
"31,24800";"9,79802";"0,02608"
"31,25800";"9,81301";"0,02445"
"31,26800";"9,82801";"0,02481"
"31,27800";"9,84288";"0,02316"
"31,28800";"9,85776";"0,02291"
"31,29800";"9,87287";"0,02453"
"31,30800";"9,88798";"0,03035"
"31,31800";"9,90297";"0,03387"
"31,32800";"9,91796";"0,03249"
"31,33800";"9,93296";"0,02704"
"31,34800";"9,94795";"0,01943"
"31,35800";"9,96283";"0,01440"
"31,36800";"9,97782";"0,01181"
"31,37800";"9,99293";"0,01247"
"31,38800";"10,00804";"0,01137"
"31,39800";"10,02304";"0,01301"
"31,40800";"10,03803";"0,02029"
"31,41800";"10,05314";"0,02861"
"31,42800";"10,06813";"0,03277"
"31,43800";"10,08301";"0,02546"
"31,44800";"10,09800";"0,02003"
"31,45800";"10,11299";"0,01910"
"31,46800";"10,12810";"0,01503"
"31,47800";"10,14310";"0,01275"
"31,48800";"10,15809";"0,01527"
"31,49800";"10,17308";"0,01591"
"31,50800";"10,18808";"0,01776"
"31,51800";"10,20307";"0,02463"
"31,52800";"10,21806";"0,02570"
"31,53800";"10,23318";"0,02805"
"31,54800";"10,24828";"0,02569"
"31,55800";"10,26328";"0,01567"
"31,56800";"10,27827";"0,01436"
"31,57800";"10,29315";"0,01637"
"31,58800";"10,30814";"0,01665"
"31,59800";"10,32313";"0,01940"
"31,60800";"10,33813";"0,02410"
"31,61800";"10,35312";"0,02572"
"31,62800";"10,36823";"0,02779"
"31,63800";"10,38322";"0,02588"
"31,64800";"10,39822";"0,02554"
"31,65800";"10,41321";"0,02639"
"31,66800";"10,42820";"0,02914"
"31,67800";"10,44308";"0,02095"
"31,68800";"10,45819";"0,01624"
"31,69800";"10,47318";"0,01708"
"31,70800";"10,48829";"0,01817"
"31,71800";"10,50328";"0,01788"
"31,72800";"10,51828";"0,01776"
"31,73800";"10,53315";"0,02219"
"31,74800";"10,54803";"0,02334"
"31,75800";"10,56290";"0,02269"
"31,76800";"10,57790";"0,01743"
"31,77800";"10,59301";"0,00787"
"31,78800";"10,60788";"0,00670"
"31,79800";"10,62288";"0,01262"
"31,80800";"10,63787";"0,02219"
"31,81800";"10,65286";"0,02382"
"31,82800";"10,66785";"0,02498"
"31,83800";"10,68285";"0,02499"
"31,84800";"10,69796";"0,02112"
"31,85800";"10,71295";"0,01469"
"31,86800";"10,72794";"0,00820"
"31,87800";"10,74294";"0,00999"
"31,88800";"10,75781";"0,02079"
"31,89800";"10,77281";"0,02872"
"31,90800";"10,78780";"0,03230"
"31,91800";"10,80267";"0,02755"
"31,92800";"10,81779";"0,02757"
"31,93800";"10,83290";"0,03047"
"31,94800";"10,84789";"0,02897"
"31,95800";"10,86288";"0,02151"
"31,96800";"10,87788";"0,01049"
"31,97800";"10,89287";"0,01027"
"31,98800";"10,90786";"0,01152"
"31,99800";"10,92285";"0,00239"
"32,00800";"10,93797";"0,00536"
"32,01800";"10,95308";"0,01276"
"32,02800";"10,96819";"0,01358"
"32,03800";"10,98318";"0,02205"
"32,04800";"10,99817";"0,01528"
"32,05800";"11,01305";"0,00940"
"32,06800";"11,02792";"0,00878"
"32,07800";"11,04303";"0,01237"
"32,08800";"11,05803";"0,01187"
"32,09800";"11,07302";"0,01818"
"32,10800";"11,08801";"0,02085"
"32,11800";"11,10289";"0,02209"
"32,12800";"11,11788";"0,01967"
"32,13800";"11,13288";"0,01908"
"32,14800";"11,14787";"0,01665"
"32,15800";"11,16298";"0,01378"
"32,16800";"11,17797";"0,01319"
"32,17800";"11,19320";"0,01394"
"32,18800";"11,20808";"0,02171"
"32,19800";"11,22307";"0,02481"
"32,20800";"11,23794";"0,02476"
"32,21800";"11,25294";"0,01660"
"32,22800";"11,26793";"0,01044"
"32,23800";"11,28304";"0,00950"
"32,24800";"11,29803";"0,00851"
"32,25800";"11,31315";"0,01350"
"32,26800";"11,32802";"0,02028"
"32,27800";"11,34290";"0,01965"
"32,28800";"11,35789";"0,02688"
"32,29800";"11,37288";"0,03147"
"32,30800";"11,38788";"0,03508"
"32,31800";"11,40298";"0,02994"
"32,32800";"11,41798";"0,02185"
"32,33800";"11,43321";"0,01671"
"32,34800";"11,44820";"0,02053"
"32,35800";"11,46319";"0,02748"
"32,36800";"11,47807";"0,02593"
"32,37800";"11,49306";"0,02751"
"32,38800";"11,50806";"0,03345"
"32,39800";"11,52305";"0,04105"
"32,40800";"11,53816";"0,04956"
"32,41800";"11,55315";"0,05133"
"32,42800";"11,56826";"0,04543"
"32,43800";"11,58326";"0,03961"
"32,44800";"11,59825";"0,03672"
"32,45800";"11,61312";"0,02596"
"32,46800";"11,62800";"0,01517"
"32,47800";"11,64311";"0,01429"
"32,48800";"11,65810";"0,01444"
"32,49800";"11,67310";"0,00894"
"32,50800";"11,68797";"0,00859"
"32,51800";"11,70296";"0,01436"
"32,52800";"11,71796";"0,02308"
"32,53800";"11,73295";"0,03000"
"32,54800";"11,74794";"0,02380"
"32,55800";"11,76306";"0,02192"
"32,56800";"11,77805";"0,02347"
"32,57800";"11,79304";"0,03149"
"32,58800";"11,80803";"0,03435"
"32,59800";"11,82291";"0,02953"
"32,60800";"11,83790";"0,02681"
"32,61800";"11,85278";"0,02407"
"32,62800";"11,86777";"0,02838"
"32,63800";"11,88276";"0,03360"
"32,64800";"11,89799";"0,03592"
"32,65800";"11,91310";"0,03213"
"32,66800";"11,92810";"0,02658"
"32,67800";"11,94309";"0,01952"
"32,68800";"11,95797";"0,01736"
"32,69800";"11,97284";"0,02984"
"32,70800";"11,98795";"0,04000"
"32,71800";"12,00294";"0,04421"
"32,72800";"12,01806";"0,04055"
"32,73800";"12,03293";"0,03506"
"32,74800";"12,04792";"0,02512"
"32,75800";"12,06304";"0,01833"
"32,76800";"12,07803";"0,02082"
"32,77800";"12,09302";"0,02741"
"32,78800";"12,10790";"0,03375"
"32,79800";"12,12301";"0,03469"
"32,80800";"12,13800";"0,03689"
"32,81800";"12,15299";"0,04336"
"32,82800";"12,16787";"0,04680"
"32,83800";"12,18286";"0,04786"
"32,84800";"12,19774";"0,04807"
"32,85800";"12,21273";"0,04629"
"32,86800";"12,22772";"0,04421"
"32,87800";"12,24283";"0,04278"
"32,88800";"12,25795";"0,05153"
"32,89800";"12,27305";"0,05810"
"32,90800";"12,28793";"0,05022"
"32,91800";"12,30280";"0,04611"
"32,92800";"12,31780";"0,04280"
"32,93800";"12,33267";"0,04979"
"32,94800";"12,34778";"0,05779"
"32,95800";"12,36290";"0,05725"
"32,96800";"12,37801";"0,05535"
"32,97800";"12,39300";"0,04952"
"32,98800";"12,40811";"0,04507"
"32,99800";"12,42310";"0,04414"
"33,00800";"12,43798";"0,04386"
"33,01800";"12,45297";"0,03842"
"33,02800";"12,46797";"0,03674"
"33,03800";"12,48296";"0,04400"
"33,04800";"12,49807";"0,05273"
"33,05800";"12,51294";"0,05137"
"33,06800";"12,52805";"0,05080"
"33,07800";"12,54305";"0,05214"
"33,08800";"12,55792";"0,05201"
"33,09800";"12,57280";"0,05154"
"33,10800";"12,58791";"0,04673"
"33,11800";"12,60290";"0,04483"
"33,12800";"12,61790";"0,04701"
"33,13800";"12,63289";"0,05069"
"33,14800";"12,64788";"0,05099"
"33,15800";"12,66288";"0,04962"
"33,16800";"12,67787";"0,05834"
"33,17800";"12,69298";"0,06198"
"33,18800";"12,70809";"0,06675"
"33,19800";"12,72320";"0,06969"
"33,20800";"12,73819";"0,06987"
"33,21800";"12,75331";"0,07966"
"33,22800";"12,76818";"0,07536"
"33,23800";"12,78317";"0,06298"
"33,24800";"12,79805";"0,05673"
"33,25800";"12,81316";"0,06468"
"33,26800";"12,82815";"0,07048"
"33,27800";"12,84326";"0,07259"
"33,28800";"12,85814";"0,06748"
"33,29800";"12,87301";"0,06193"
"33,30800";"12,88813";"0,05903"
"33,31800";"12,90300";"0,06032"
"33,32800";"12,91776";"0,06672"
"33,33800";"12,93275";"0,07862"
"33,34800";"12,94786";"0,08437"
"33,35800";"12,96285";"0,08251"
"33,36800";"12,97773";"0,08148"
"33,37800";"12,99272";"0,07675"
"33,38800";"13,00783";"0,07212"
"33,39800";"13,02294";"0,07558"
"33,40800";"13,03794";"0,07254"
"33,41800";"13,05293";"0,07117"
"33,42800";"13,06804";"0,06980"
"33,43800";"13,08315";"0,07422"
"33,44800";"13,09814";"0,08010"
"33,45800";"13,11314";"0,08007"
"33,46800";"13,12813";"0,08102"
"33,47800";"13,14301";"0,07976"
"33,48800";"13,15788";"0,07369"
"33,49800";"13,17276";"0,06963"
"33,50800";"13,18787";"0,06742"
"33,51800";"13,20286";"0,07070"
"33,52800";"13,21797";"0,07909"
"33,53800";"13,23297";"0,07660"
"33,54800";"13,24796";"0,07591"
"33,55800";"13,26295";"0,07752"
"33,56800";"13,27783";"0,07918"
"33,57800";"13,29282";"0,07968"
"33,58800";"13,30793";"0,08088"
"33,59800";"13,32292";"0,08716"
"33,60800";"13,33803";"0,09214"
"33,61800";"13,35303";"0,09852"
"33,62800";"13,36790";"0,09756"
"33,63800";"13,38290";"0,08705"
"33,64800";"13,39789";"0,08002"
"33,65800";"13,41288";"0,08629"
"33,66800";"13,42799";"0,09117"
"33,67800";"13,44299";"0,09113"
"33,68800";"13,45798";"0,09658"
"33,69800";"13,47297";"0,10397"
"33,70800";"13,48796";"0,10398"
"33,71800";"13,50296";"0,10225"
"33,72800";"13,51795";"0,10302"
"33,73800";"13,53294";"0,10861"
"33,74800";"13,54794";"0,10341"
"33,75800";"13,56305";"0,09460"
"33,76800";"13,57804";"0,09452"
"33,77800";"13,59303";"0,09463"
"33,78800";"13,60803";"0,09614"
"33,79800";"13,62290";"0,10194"
"33,80800";"13,63790";"0,11178"
"33,81800";"13,65301";"0,11482"
"33,82800";"13,66812";"0,11517"
"33,83800";"13,68311";"0,11460"
"33,84800";"13,69810";"0,11397"
"33,85800";"13,71310";"0,11719"
"33,86800";"13,72809";"0,12192"
"33,87800";"13,74308";"0,12231"
"33,88800";"13,75808";"0,12763"
"33,89800";"13,77307";"0,12965"
"33,90800";"13,78806";"0,12952"
"33,91800";"13,80306";"0,12970"
"33,92800";"13,81805";"0,13187"
"33,93800";"13,83316";"0,12942"
"33,94800";"13,84815";"0,13094"
"33,95800";"13,86303";"0,13335"
"33,96800";"13,87802";"0,13196"
"33,97800";"13,89313";"0,13080"
"33,98800";"13,90813";"0,13474"
"33,99800";"13,92312";"0,13629"
"34,00800";"13,93811";"0,13512"
"34,01800";"13,95310";"0,13149"
"34,02800";"13,96821";"0,13340"
"34,03800";"13,98309";"0,14353"
"34,04800";"13,99820";"0,15265"
"34,05800";"14,01319";"0,16419"
"34,06800";"14,02831";"0,17130"
"34,07800";"14,04318";"0,16733"
"34,08800";"14,05805";"0,16233"
"34,09800";"14,07305";"0,16584"
"34,10800";"14,08792";"0,17065"
"34,11800";"14,10280";"0,17900"
"34,12800";"14,11779";"0,18756"
"34,13800";"14,13290";"0,19119"
"34,14800";"14,14790";"0,20117"
"34,15800";"14,16301";"0,20833"
"34,16800";"14,17800";"0,20120"
"34,17800";"14,19288";"0,19091"
"34,18800";"14,20787";"0,18513"
"34,19800";"14,22274";"0,18655"
"34,20800";"14,23785";"0,18960"
"34,21800";"14,25285";"0,19883"
"34,22800";"14,26808";"0,21299"
"34,23800";"14,28307";"0,22048"
"34,24800";"14,29818";"0,23077"
"34,25800";"14,31317";"0,23126"
"34,26800";"14,32805";"0,22791"
"34,27800";"14,34304";"0,22284"
"34,28800";"14,35803";"0,21879"
"34,29800";"14,37303";"0,21939"
"34,30800";"14,38802";"0,22476"
"34,31800";"14,40301";"0,22893"
"34,32800";"14,41813";"0,24498"
"34,33800";"14,43312";"0,25648"
"34,34800";"14,44811";"0,25675"
"34,35800";"14,46299";"0,25493"
"34,36800";"14,47810";"0,25449"
"34,37800";"14,49321";"0,25730"
"34,38800";"14,50820";"0,27002"
"34,39800";"14,52319";"0,27887"
"34,40800";"14,53819";"0,28761"
"34,41800";"14,55318";"0,30363"
"34,42800";"14,56806";"0,31759"
"34,43800";"14,58305";"0,32620"
"34,44800";"14,59804";"0,33118"
"34,45800";"14,61315";"0,32818"
"34,46800";"14,62815";"0,32927"
"34,47800";"14,64314";"0,32892"
"34,48800";"14,65813";"0,33166"
"34,49800";"14,67301";"0,34412"
"34,50800";"14,68800";"0,35528"
"34,51800";"14,70287";"0,36158"
"34,52800";"14,71799";"0,36324"
"34,53800";"14,73322";"0,36431"
"34,54800";"14,74821";"0,37610"
"34,55800";"14,76332";"0,38337"
"34,56800";"14,77831";"0,38940"
"34,57800";"14,79319";"0,39625"
"34,58800";"14,80818";"0,41440"
"34,59800";"14,82317";"0,42448"
"34,60800";"14,83817";"0,42763"
"34,61800";"14,85304";"0,43266"
"34,62800";"14,86804";"0,44324"
"34,63800";"14,88291";"0,44545"
"34,64800";"14,89802";"0,44308"
"34,65800";"14,91290";"0,44517"
"34,66800";"14,92789";"0,44118"
"34,67800";"14,94288";"0,44722"
"34,68800";"14,95799";"0,45944"
"34,69800";"14,97310";"0,47008"
"34,70800";"14,98810";"0,47550"
"34,71800";"15,00309";"0,48298"
"34,72800";"15,01820";"0,49617"
"34,73800";"15,03308";"0,50679"
"34,74800";"15,04807";"0,52039"
"34,75800";"15,06306";"0,53528"
"34,76800";"15,07817";"0,54644"
"34,77800";"15,09317";"0,55351"
"34,78800";"15,10816";"0,56234"
"34,79800";"15,12315";"0,56161"
"34,80800";"15,13803";"0,56572"
"34,81800";"15,15290";"0,57178"
"34,82800";"15,16778";"0,58202"
"34,83800";"15,18289";"0,59178"
"34,84800";"15,19788";"0,59990"
"34,85800";"15,21299";"0,60644"
"34,86800";"15,22799";"0,61917"
"34,87800";"15,24298";"0,63732"
"34,88800";"15,25797";"0,65492"
"34,89800";"15,27285";"0,65810"
"34,90800";"15,28772";"0,66869"
"34,91800";"15,30283";"0,68504"
"34,92800";"15,31794";"0,69850"
"34,93800";"15,33294";"0,70975"
"34,94800";"15,34793";"0,72548"
"34,95800";"15,36292";"0,74422"
"34,96800";"15,37803";"0,76219"
"34,97800";"15,39291";"0,76870"
"34,98800";"15,40790";"0,76748"
"34,99800";"15,42301";"0,76342"
"35,00800";"15,43813";"0,76396"
"35,01800";"15,45312";"0,77418"
"35,02800";"15,46811";"0,79582"
"35,03800";"15,48310";"0,81112"
"35,04800";"15,49798";"0,82299"
"35,05800";"15,51285";"0,83785"
"35,06800";"15,52773";"0,84886"
"35,07800";"15,54284";"0,86182"
"35,08800";"15,55783";"0,87769"
"35,09800";"15,57294";"0,89396"
"35,10800";"15,58794";"0,91215"
"35,11800";"15,60293";"0,92792"
"35,12800";"15,61792";"0,94389"
"35,13800";"15,63292";"0,95456"
"35,14800";"15,64803";"0,97296"
"35,15800";"15,66302";"0,99060"
"35,16800";"15,67825";"1,00546"
"35,17800";"15,69324";"1,01853"
"35,18800";"15,70812";"1,03520"
"35,19800";"15,72311";"1,06086"
"35,20800";"15,73811";"1,08978"
"35,21800";"15,75298";"1,11143"
"35,22800";"15,76797";"1,13199"
"35,23800";"15,78308";"1,15359"
"35,24800";"15,79808";"1,17405"
"35,25800";"15,81307";"1,18151"
"35,26800";"15,82806";"1,19401"
"35,27800";"15,84306";"1,22080"
"35,28800";"15,85805";"1,24546"
"35,29800";"15,87292";"1,26756"
"35,30800";"15,88803";"1,29293"
"35,31800";"15,90315";"1,32338"
"35,32800";"15,91814";"1,34462"
"35,33800";"15,93301";"1,36022"
"35,34800";"15,94777";"1,37408"
"35,35800";"15,96276";"1,39782"
"35,36800";"15,97776";"1,41676"
"35,37800";"15,99275";"1,43895"
"35,38800";"16,00786";"1,46172"
"35,39800";"16,02286";"1,48840"
"35,40800";"16,03785";"1,52469"
"35,41800";"16,05296";"1,55862"
"35,42800";"16,06795";"1,58828"
"35,43800";"16,08306";"1,60807"
"35,44800";"16,09794";"1,62723"
"35,45800";"16,11293";"1,64752"
"35,46800";"16,12804";"1,66969"
"35,47800";"16,14304";"1,69575"
"35,48800";"16,15815";"1,73176"
"35,49800";"16,17314";"1,77538"
"35,50800";"16,18825";"1,80945"
"35,51800";"16,20312";"1,84095"
"35,52800";"16,21812";"1,87700"
"35,53800";"16,23311";"1,90862"
"35,54800";"16,24811";"1,94121"
"35,55800";"16,26310";"1,97425"
"35,56800";"16,27809";"2,01800"
"35,57800";"16,29308";"2,06539"
"35,58800";"16,30808";"2,11052"
"35,59800";"16,32319";"2,15159"
"35,60800";"16,33806";"2,19147"
"35,61800";"16,35306";"2,23791"
"35,62800";"16,36817";"2,28473"
"35,63800";"16,38304";"2,33293"
"35,64800";"16,39804";"2,38234"
"35,65800";"16,41303";"2,43578"
"35,66800";"16,42790";"2,49131"
"35,67800";"16,44289";"2,55338"
"35,68800";"16,45789";"2,61843"
"35,69800";"16,47288";"2,67788"
"35,70800";"16,48799";"2,73773"
"35,71800";"16,50311";"2,80136"
"35,72800";"16,51822";"2,86195"
"35,73800";"16,53321";"2,93245"
"35,74800";"16,54808";"3,01142"
"35,75800";"16,56296";"3,09615"
"35,76800";"16,57795";"3,17738"
"35,77800";"16,59283";"3,26184"
"35,78800";"16,60782";"3,34169"
"35,79800";"16,62293";"3,42248"
"35,80800";"16,63804";"3,50934"
"35,81800";"16,65303";"3,60293"
"35,82800";"16,66814";"3,70724"
"35,83800";"16,68314";"3,81306"
"35,84800";"16,69801";"3,92077"
"35,85800";"16,71301";"4,02998"
"35,86800";"16,72800";"4,13309"
"35,87800";"16,74299";"4,24032"
"35,88800";"16,75799";"4,35579"
"35,89800";"16,77298";"4,47166"
"35,90800";"16,78797";"4,58676"
"35,91800";"16,80285";"4,71572"
"35,92800";"16,81784";"4,84760"
"35,93800";"16,83283";"4,97917"
"35,94800";"16,84795";"5,11478"
"35,95800";"16,86294";"5,25954"
"35,96800";"16,87793";"5,40988"
"35,97800";"16,89304";"5,56381"
"35,98800";"16,90804";"5,72158"
"35,99800";"16,92291";"5,88611"
"36,00800";"16,93790";"6,05761"
"36,01800";"16,95301";"6,22720"
"36,02800";"16,96812";"6,40026"
"36,03800";"16,98312";"6,58625"
"36,04800";"16,99811";"6,78654"
"36,05800";"17,01299";"6,99421"
"36,06800";"17,02798";"7,20192"
"36,07800";"17,04285";"7,41703"
"36,08800";"17,05773";"7,63687"
"36,09800";"17,07284";"7,86089"
"36,10800";"17,08783";"8,10101"
"36,11800";"17,10283";"8,36084"
"36,12800";"17,11782";"8,62873"
"36,13800";"17,13293";"8,89577"
"36,14800";"17,14792";"9,17332"
"36,15800";"17,16292";"9,46584"
"36,16800";"17,17791";"9,76878"
"36,17800";"17,19302";"10,09239"
"36,18800";"17,20801";"10,42646"
"36,19800";"17,22301";"10,77139"
"36,20800";"17,23788";"11,12668"
"36,21800";"17,25276";"11,49825"
"36,22800";"17,26787";"11,88450"
"36,23800";"17,28251";"12,28665"
"36,24800";"17,29738";"12,70180"
"36,25800";"17,31249";"13,13359"
"36,26800";"17,32760";"13,58828"
"36,27800";"17,34260";"14,06367"
"36,28800";"17,35771";"14,56229"
"36,29800";"17,37282";"15,09053"
"36,30800";"17,38793";"15,63882"
"36,31800";"17,40304";"16,21510"
"36,32800";"17,41803";"16,81894"
"36,33800";"17,43315";"17,44899"
"36,34800";"17,44826";"18,10351"
"36,35800";"17,46337";"18,77802"
"36,36800";"17,47824";"19,48266"
"36,37800";"17,49324";"20,21993"
"36,38800";"17,50811";"20,98054"
"36,39800";"17,52310";"21,76894"
"36,40800";"17,53798";"22,58784"
"36,41800";"17,55297";"23,44851"
"36,42800";"17,56797";"24,37253"
"36,43800";"17,58296";"25,35107"
"36,44800";"17,59783";"26,37594"
"36,45800";"17,61283";"27,44983"
"36,46800";"17,62770";"28,57294"
"36,47800";"17,64270";"29,76798"
"36,48800";"17,65757";"31,04243"
"36,49800";"17,67256";"32,40852"
"36,50800";"17,68744";"33,85838"
"36,51800";"17,70243";"35,38684"
"36,52800";"17,71754";"37,00128"
"36,53800";"17,73265";"38,74731"
"36,54800";"17,74776";"40,64572"
"36,55800";"17,76276";"42,64947"
"36,56800";"17,77787";"44,72538"
"36,57800";"17,79310";"46,86066"
"36,58800";"17,80821";"49,05465"
"36,59800";"17,82332";"51,30038"
"36,60800";"17,83831";"53,56880"
"36,61800";"17,85319";"55,86985"
"36,62800";"17,86818";"58,20927"
"36,63800";"17,88305";"60,60900"
"36,64800";"17,89817";"63,10426"
"36,65800";"17,91316";"65,70886"
"36,66800";"17,92827";"68,42857"
"36,67800";"17,94314";"71,26145"
"36,68800";"17,95802";"74,18080"
"36,69800";"17,97301";"77,19824"
"36,70800";"17,98789";"80,34608"
"36,71800";"18,00288";"83,64111"
"36,72800";"18,01787";"87,10271"
"36,73800";"18,03287";"90,74608"
"36,74800";"18,04786";"94,58188"
"36,75800";"18,06285";"98,60276"
"36,76800";"18,07785";"102,80170"
"36,77800";"18,09272";"107,15114"
"36,78800";"18,10748";"111,57606"
"36,79800";"18,12247";"116,04068"
"36,80800";"18,13735";"120,57169"
"36,81800";"18,15246";"125,21549"
"36,82800";"18,16757";"130,04333"
"36,83800";"18,18256";"135,05373"
"36,84800";"18,19756";"140,25256"
"36,85800";"18,21267";"145,64511"
"36,86800";"18,22766";"151,29730"
"36,87800";"18,24277";"157,22670"
"36,88800";"18,25788";"163,45506"
"36,89800";"18,27311";"169,95744"
"36,90800";"18,28810";"176,63306"
"36,91800";"18,30310";"183,44121"
"36,92800";"18,31797";"190,35568"
"36,93800";"18,33297";"197,34019"
"36,94800";"18,34784";"204,35347"
"36,95800";"18,36272";"211,42809"
"36,96800";"18,37771";"218,69388"
"36,97800";"18,39270";"226,25499"
"36,98800";"18,40781";"234,08746"
"36,99800";"18,42269";"242,16818"
"37,00800";"18,43756";"250,39951"
"37,01800";"18,45244";"258,73895"
"37,02800";"18,46731";"267,15366"
"37,03800";"18,48242";"275,67242"
"37,04800";"18,49754";"284,39532"
"37,05000";"18,50061";"286,16498"
"37,05200";"18,50356";"287,94101"
"37,06200";"18,51666";"296,88953"
"37,07200";"18,52410";"304,65234"
"37,08000";"18,52634";"307,60303"
"37,09000";"18,52540";"304,86853"
"37,10000";"18,52032";"294,43533"
"37,11000";"18,50863";"275,47073"
"37,12000";"18,49151";"245,31770"
"37,13000";"18,47121";"203,43205"
"37,14000";"18,44960";"154,35530"
"37,15000";"18,42765";"105,43038"
"37,16000";"18,40640";"63,32028"
"37,17000";"18,38597";"32,14079"
"37,18000";"18,36614";"12,63744"
"37,19000";"18,34725";"2,94200"
"37,20000";"18,32907";"0,06705"
"37,21000";"18,31148";"0,68390"
"37,22000";"18,29472";"2,27887"
"37,23000";"18,27819";"3,57373"
"37,24000";"18,26190";"4,13700"
"37,25000";"18,24572";"4,02864"
"37,26000";"18,22990";"3,47652"
"37,27000";"18,21432";"2,71183"
"37,28000";"18,19874";"1,90835"
"37,29000";"18,18339";"1,16984"
"37,30000";"18,16828";"0,54287"
"37,31000";"18,15305";"0,01546"
"37,32000";"18,13794";"-0,43644"
"37,33000";"18,12271";"-0,82547"
"37,34000";"18,10748";"-1,16201"
"37,35000";"18,09237";"-1,45213"
"37,36000";"18,07726";"-1,70352"
"37,37000";"18,06226";"-1,91592"
"37,38000";"18,04727";"-2,10016"
"37,39000";"18,03228";"-2,25391"
"37,40000";"18,01717";"-2,39277"
"37,41000";"18,00206";"-2,51759"
"37,42000";"17,98695";"-2,62241"
"37,43000";"17,97195";"-2,70006"
"37,44000";"17,95708";"-2,75993"
"37,45000";"17,94208";"-2,82213"
"37,46000";"17,92709";"-2,86881"
"37,47000";"17,91210";"-2,90328"
"37,48000";"17,89710";"-2,92269"
"37,49000";"17,88211";"-2,93327"
"37,50000";"17,86700";"-2,93729"
"37,51000";"17,85177";"-2,93926"
"37,52000";"17,83690";"-2,93038"
"37,53000";"17,82190";"-2,92247"
"37,54000";"17,80703";"-2,89815"
"37,55000";"17,79203";"-2,86640"
"37,56000";"17,77716";"-2,83703"
"37,57000";"17,76217";"-2,81262"
"37,58000";"17,74718";"-2,78484"
"37,59000";"17,73195";"-2,75576"
"37,60000";"17,71695";"-2,72237"
"37,61000";"17,70208";"-2,68444"
"37,62000";"17,68696";"-2,63610"
"37,63000";"17,67186";"-2,59042"
"37,64000";"17,65686";"-2,54608"
"37,65000";"17,64175";"-2,49845"
"37,66000";"17,62675";"-2,45072"
"37,67000";"17,61165";"-2,40178"
"37,68000";"17,59689";"-2,36367"
"37,69000";"17,58201";"-2,32533"
"37,70000";"17,56714";"-2,28939"
"37,71000";"17,55215";"-2,24567"
"37,72000";"17,53703";"-2,20494"
"37,73000";"17,52204";"-2,16427"
"37,74000";"17,50705";"-2,11920"
"37,75000";"17,49206";"-2,07297"
"37,76000";"17,47706";"-2,02477"
"37,77000";"17,46219";"-1,96827"
"37,78000";"17,44731";"-1,91128"
"37,79000";"17,43232";"-1,85661"
"37,80000";"17,41709";"-1,81245"
"37,81000";"17,40210";"-1,76197"
"37,82000";"17,38711";"-1,71374"
"37,83000";"17,37188";"-1,67125"
"37,84000";"17,35688";"-1,62612"
"37,85000";"17,34201";"-1,58136"
"37,86000";"17,32701";"-1,53155"
"37,87000";"17,31202";"-1,48807"
"37,88000";"17,29691";"-1,45264"
"37,89000";"17,28192";"-1,41066"
"37,90000";"17,26704";"-1,37040"
"37,91000";"17,25193";"-1,33536"
"37,92000";"17,23694";"-1,29933"
"37,93000";"17,22206";"-1,26703"
"37,94000";"17,20719";"-1,23096"
"37,95000";"17,19208";"-1,19871"
"37,96000";"17,17696";"-1,17069"
"37,97000";"17,16197";"-1,14075"
"37,98000";"17,14698";"-1,10548"
"37,99000";"17,13199";"-1,06286"
"38,00000";"17,11699";"-1,02307"
"38,01000";"17,10200";"-0,98873"
"38,02000";"17,08713";"-0,95571"
"38,03000";"17,07201";"-0,92729"
"38,04000";"17,05690";"-0,90773"
"38,05000";"17,04191";"-0,90190"
"38,06000";"17,02692";"-0,89833"
"38,07000";"17,01192";"-0,88176"
"38,08000";"16,99693";"-0,87371"
"38,09000";"16,98206";"-0,87345"
"38,10000";"16,96706";"-0,86013"
"38,11000";"16,95207";"-0,84197"
"38,12000";"16,93696";"-0,83006"
"38,13000";"16,92185";"-0,82193"
"38,14000";"16,90686";"-0,81031"
"38,15000";"16,89198";"-0,79617"
"38,16000";"16,87698";"-0,77773"
"38,17000";"16,86211";"-0,76255"
"38,18000";"16,84712";"-0,75001"
"38,19000";"16,83213";"-0,73137"
"38,20000";"16,81701";"-0,71328"
"38,21000";"16,80190";"-0,69614"
"38,22000";"16,78679";"-0,68051"
"38,23000";"16,77192";"-0,66329"
"38,24000";"16,75692";"-0,64780"
"38,25000";"16,74193";"-0,62910"
"38,26000";"16,72694";"-0,61558"
"38,27000";"16,71194";"-0,60903"
"38,28000";"16,69695";"-0,59801"
"38,29000";"16,68184";"-0,58867"
"38,30000";"16,66673";"-0,57985"
"38,31000";"16,65185";"-0,56699"
"38,32000";"16,63710";"-0,55189"
"38,33000";"16,62211";"-0,54529"
"38,34000";"16,60699";"-0,53893"
"38,35000";"16,59188";"-0,53999"
"38,36000";"16,57689";"-0,54503"
"38,37000";"16,56178";"-0,55092"
"38,38000";"16,54679";"-0,55573"
"38,39000";"16,53191";"-0,55364"
"38,40000";"16,51704";"-0,54724"
"38,41000";"16,50216";"-0,54352"
"38,42000";"16,48705";"-0,54283"
"38,43000";"16,47194";"-0,54477"
"38,44000";"16,45695";"-0,53966"
"38,45000";"16,44183";"-0,52625"
"38,46000";"16,42672";"-0,51492"
"38,47000";"16,41185";"-0,51124"
"38,48000";"16,39697";"-0,51483"
"38,49000";"16,38210";"-0,51277"
"38,50000";"16,36699";"-0,50847"
"38,51000";"16,35211";"-0,51405"
"38,52000";"16,33724";"-0,51480"
"38,53000";"16,32224";"-0,51002"
"38,54000";"16,30713";"-0,51336"
"38,55000";"16,29214";"-0,51775"
"38,56000";"16,27727";"-0,51442"
"38,57000";"16,26227";"-0,50536"
"38,58000";"16,24704";"-0,49462"
"38,59000";"16,23193";"-0,48283"
"38,60000";"16,21694";"-0,46852"
"38,61000";"16,20194";"-0,45456"
"38,62000";"16,18695";"-0,44514"
"38,63000";"16,17208";"-0,43582"
"38,64000";"16,15720";"-0,42547"
"38,65000";"16,14221";"-0,41230"
"38,66000";"16,12698";"-0,39406"
"38,67000";"16,11175";"-0,38062"
"38,68000";"16,09676";"-0,38222"
"38,69000";"16,08177";"-0,38063"
"38,70000";"16,06677";"-0,38132"
"38,71000";"16,05178";"-0,38281"
"38,72000";"16,03690";"-0,38078"
"38,73000";"16,02215";"-0,37433"
"38,74000";"16,00704";"-0,36591"
"38,75000";"15,99181";"-0,36205"
"38,76000";"15,97681";"-0,35105"
"38,77000";"15,96194";"-0,34117"
"38,78000";"15,94695";"-0,33247"
"38,79000";"15,93195";"-0,32440"
"38,80000";"15,91708";"-0,32799"
"38,81000";"15,90220";"-0,33600"
"38,82000";"15,88721";"-0,32996"
"38,83000";"15,87222";"-0,32507"
"38,84000";"15,85722";"-0,32176"
"38,85000";"15,84211";"-0,32060"
"38,86000";"15,82712";"-0,32022"
"38,87000";"15,81213";"-0,32513"
"38,88000";"15,79713";"-0,32477"
"38,89000";"15,78214";"-0,31710"
"38,90000";"15,76715";"-0,31705"
"38,91000";"15,75215";"-0,31641"
"38,92000";"15,73704";"-0,32125"
"38,93000";"15,72193";"-0,33394"
"38,94000";"15,70706";"-0,33043"
"38,95000";"15,69218";"-0,32504"
"38,96000";"15,67707";"-0,32449"
"38,97000";"15,66220";"-0,32375"
"38,98000";"15,64708";"-0,32310"
"38,99000";"15,63209";"-0,31758"
"39,00000";"15,61698";"-0,30635"
"39,01000";"15,60187";"-0,30743"
"39,02000";"15,58687";"-0,32016"
"39,03000";"15,57188";"-0,32868"
"39,04000";"15,55689";"-0,33433"
"39,05000";"15,54190";"-0,33134"
"39,06000";"15,52690";"-0,32738"
"39,07000";"15,51191";"-0,32127"
"39,08000";"15,49680";"-0,31569"
"39,09000";"15,48180";"-0,31514"
"39,10000";"15,46693";"-0,31451"
"39,11000";"15,45205";"-0,30835"
"39,12000";"15,43706";"-0,29992"
"39,13000";"15,42207";"-0,30094"
"39,14000";"15,40707";"-0,29628"
"39,15000";"15,39220";"-0,28379"
"39,16000";"15,37709";"-0,28318"
"39,17000";"15,36198";"-0,28146"
"39,18000";"15,34699";"-0,28471"
"39,19000";"15,33211";"-0,29118"
"39,20000";"15,31723";"-0,29126"
"39,21000";"15,30201";"-0,28983"
"39,22000";"15,28701";"-0,29120"
"39,23000";"15,27202";"-0,28674"
"39,24000";"15,25703";"-0,27763"
"39,25000";"15,24192";"-0,26795"
"39,26000";"15,22692";"-0,26602"
"39,27000";"15,21217";"-0,27310"
"39,28000";"15,19717";"-0,27858"
"39,29000";"15,18206";"-0,27226"
"39,30000";"15,16695";"-0,26403"
"39,31000";"15,15208";"-0,25873"
"39,32000";"15,13720";"-0,25168"
"39,33000";"15,12209";"-0,24846"
"39,34000";"15,10710";"-0,25081"
"39,35000";"15,09222";"-0,24412"
"39,36000";"15,07747";"-0,23682"
"39,37000";"15,06235";"-0,22761"
"39,38000";"15,04713";"-0,23222"
"39,39000";"15,03213";"-0,23628"
"39,40000";"15,01714";"-0,23432"
"39,41000";"15,00215";"-0,22882"
"39,42000";"14,98703";"-0,22770"
"39,43000";"14,97216";"-0,22962"
"39,44000";"14,95728";"-0,22889"
"39,45000";"14,94217";"-0,22601"
"39,46000";"14,92706";"-0,23242"
"39,47000";"14,91219";"-0,23680"
"39,48000";"14,89719";"-0,23535"
"39,49000";"14,88232";"-0,22769"
"39,50000";"14,86721";"-0,22774"
"39,51000";"14,85222";"-0,23374"
"39,52000";"14,83722";"-0,24279"
"39,53000";"14,82223";"-0,24409"
"39,54000";"14,80712";"-0,24418"
"39,55000";"14,79189";"-0,24173"
"39,56000";"14,77701";"-0,22604"
"39,57000";"14,76214";"-0,21557"
"39,58000";"14,74714";"-0,21483"
"39,59000";"14,73215";"-0,21796"
"39,60000";"14,71716";"-0,22012"
"39,61000";"14,70217";"-0,21645"
"39,62000";"14,68706";"-0,20950"
"39,63000";"14,67194";"-0,21138"
"39,64000";"14,65695";"-0,21012"
"39,65000";"14,64208";"-0,20969"
"39,66000";"14,62708";"-0,20531"
"39,67000";"14,61197";"-0,20080"
"39,68000";"14,59698";"-0,20081"
"39,69000";"14,58187";"-0,19379"
"39,70000";"14,56676";"-0,19415"
"39,71000";"14,55165";"-0,19706"
"39,72000";"14,53665";"-0,20255"
"39,73000";"14,52190";"-0,20759"
"39,74000";"14,50690";"-0,21063"
"39,75000";"14,49179";"-0,21024"
"39,76000";"14,47680";"-0,21002"
"39,77000";"14,46192";"-0,21022"
"39,78000";"14,44681";"-0,20261"
"39,79000";"14,43170";"-0,19732"
"39,80000";"14,41671";"-0,20144"
"39,81000";"14,40183";"-0,20314"
"39,82000";"14,38708";"-0,20575"
"39,83000";"14,37185";"-0,20038"
"39,84000";"14,35674";"-0,19730"
"39,85000";"14,34186";"-0,20292"
"39,86000";"14,32675";"-0,20550"
"39,87000";"14,31164";"-0,20619"
"39,88000";"14,29665";"-0,21041"
"39,89000";"14,28189";"-0,21406"
"39,90000";"14,26713";"-0,20894"
"39,91000";"14,25202";"-0,20031"
"39,92000";"14,23691";"-0,19671"
"39,93000";"14,22192";"-0,19846"
"39,94000";"14,20692";"-0,19381"
"39,95000";"14,19181";"-0,18843"
"39,96000";"14,17670";"-0,18624"
"39,97000";"14,16194";"-0,18271"
"39,98000";"14,14719";"-0,17865"
"39,99000";"14,13208";"-0,18513"
"40,00000";"14,11685";"-0,19202"
"40,01000";"14,10185";"-0,19451"
"40,02000";"14,08698";"-0,19531"
"40,03000";"14,07175";"-0,19379"
"40,04000";"14,05676";"-0,18095"
"40,05000";"14,04200";"-0,17235"
"40,06000";"14,02724";"-0,16495"
"40,07000";"14,01225";"-0,16271"
"40,08000";"13,99714";"-0,16258"
"40,09000";"13,98226";"-0,16683"
"40,10000";"13,96739";"-0,16528"
"40,11000";"13,95240";"-0,16871"
"40,12000";"13,93729";"-0,17420"
"40,13000";"13,92229";"-0,17425"
"40,14000";"13,90742";"-0,17377"
"40,15000";"13,89242";"-0,18193"
"40,16000";"13,87719";"-0,18868"
"40,17000";"13,86208";"-0,18995"
"40,18000";"13,84709";"-0,17909"
"40,19000";"13,83210";"-0,17130"
"40,20000";"13,81699";"-0,17074"
"40,21000";"13,80211";"-0,17176"
"40,22000";"13,78724";"-0,17006"
"40,23000";"13,77212";"-0,16705"
"40,24000";"13,75690";"-0,16451"
"40,25000";"13,74179";"-0,16697"
"40,26000";"13,72679";"-0,16651"
"40,27000";"13,71192";"-0,15982"
"40,28000";"13,69692";"-0,15318"
"40,29000";"13,68193";"-0,15723"
"40,30000";"13,66706";"-0,16095"
"40,31000";"13,65218";"-0,16626"
"40,32000";"13,63707";"-0,16598"
"40,33000";"13,62184";"-0,16734"
"40,34000";"13,60685";"-0,17564"
"40,35000";"13,59197";"-0,18178"
"40,36000";"13,57698";"-0,17919"
"40,37000";"13,56199";"-0,17367"
"40,38000";"13,54699";"-0,16821"
"40,39000";"13,53200";"-0,16072"
"40,40000";"13,51701";"-0,15318"
"40,41000";"13,50190";"-0,14806"
"40,42000";"13,48690";"-0,14874"
"40,43000";"13,47191";"-0,14748"
"40,44000";"13,45704";"-0,14885"
"40,45000";"13,44204";"-0,15342"
"40,46000";"13,42705";"-0,16024"
"40,47000";"13,41206";"-0,15916"
"40,48000";"13,39706";"-0,16128"
"40,49000";"13,38195";"-0,16424"
"40,50000";"13,36672";"-0,16797"
"40,51000";"13,35185";"-0,16564"
"40,52000";"13,33709";"-0,16153"
"40,53000";"13,32210";"-0,15926"
"40,54000";"13,30710";"-0,15789"
"40,55000";"13,29199";"-0,15619"
"40,56000";"13,27700";"-0,15392"
"40,57000";"13,26189";"-0,15455"
"40,58000";"13,24678";"-0,15497"
"40,59000";"13,23178";"-0,16229"
"40,60000";"13,21703";"-0,16785"
"40,61000";"13,20203";"-0,17655"
"40,62000";"13,18692";"-0,17800"
"40,63000";"13,17181";"-0,17209"
"40,64000";"13,15694";"-0,16665"
"40,65000";"13,14183";"-0,16007"
"40,66000";"13,12671";"-0,15223"
"40,67000";"13,11172";"-0,14760"
"40,68000";"13,09697";"-0,14501"
"40,69000";"13,08209";"-0,13684"
"40,70000";"13,06710";"-0,13029"
"40,71000";"13,05187";"-0,13082"
"40,72000";"13,03699";"-0,12577"
"40,73000";"13,02200";"-0,12586"
"40,74000";"13,00689";"-0,11871"
"40,75000";"12,99189";"-0,11536"
"40,76000";"12,97702";"-0,12035"
"40,77000";"12,96215";"-0,13023"
"40,78000";"12,94715";"-0,13560"
"40,79000";"12,93192";"-0,13639"
"40,80000";"12,91693";"-0,13249"
"40,81000";"12,90205";"-0,12542"
"40,82000";"12,88706";"-0,11890"
"40,83000";"12,87195";"-0,11881"
"40,84000";"12,85719";"-0,12237"
"40,85000";"12,84220";"-0,12648"
"40,86000";"12,82709";"-0,12192"
"40,87000";"12,81198";"-0,12395"
"40,88000";"12,79699";"-0,12721"
"40,89000";"12,78199";"-0,12766"
"40,90000";"12,76700";"-0,12681"
"40,91000";"12,75201";"-0,13005"
"40,92000";"12,73701";"-0,13656"
"40,93000";"12,72226";"-0,13211"
"40,94000";"12,70715";"-0,12488"
"40,95000";"12,69192";"-0,12594"
"40,96000";"12,67692";"-0,13166"
"40,97000";"12,66193";"-0,13271"
"40,98000";"12,64694";"-0,12847"
"40,99000";"12,63183";"-0,12506"
"41,00000";"12,61683";"-0,12338"
"41,01000";"12,60184";"-0,12133"
"41,02000";"12,58685";"-0,12535"
"41,03000";"12,57185";"-0,12277"
"41,04000";"12,55674";"-0,12725"
"41,05000";"12,54175";"-0,13397"
"41,06000";"12,52688";"-0,13698"
"41,07000";"12,51188";"-0,13391"
"41,08000";"12,49689";"-0,13157"
"41,09000";"12,48190";"-0,12641"
"41,10000";"12,46690";"-0,12676"
"41,11000";"12,45191";"-0,12246"
"41,12000";"12,43680";"-0,11957"
"41,13000";"12,42180";"-0,12583"
"41,14000";"12,40693";"-0,12118"
"41,15000";"12,39206";"-0,10826"
"41,16000";"12,37718";"-0,09631"
"41,17000";"12,36207";"-0,09710"
"41,18000";"12,34708";"-0,10179"
"41,19000";"12,33208";"-0,10396"
"41,20000";"12,31697";"-0,11365"
"41,21000";"12,30186";"-0,12151"
"41,22000";"12,28687";"-0,12464"
"41,23000";"12,27199";"-0,12522"
"41,24000";"12,25700";"-0,11336"
"41,25000";"12,24201";"-0,10605"
"41,26000";"12,22701";"-0,10422"
"41,27000";"12,21202";"-0,10256"
"41,28000";"12,19691";"-0,09754"
"41,29000";"12,18192";"-0,09844"
"41,30000";"12,16692";"-0,10646"
"41,31000";"12,15193";"-0,10526"
"41,32000";"12,13706";"-0,09335"
"41,33000";"12,12194";"-0,08537"
"41,34000";"12,10695";"-0,08437"
"41,35000";"12,09196";"-0,09554"
"41,36000";"12,07708";"-0,10399"
"41,37000";"12,06209";"-0,10427"
"41,38000";"12,04710";"-0,10585"
"41,39000";"12,03222";"-0,11270"
"41,40000";"12,01723";"-0,11007"
"41,41000";"12,00212";"-0,10437"
"41,42000";"11,98701";"-0,09844"
"41,43000";"11,97190";"-0,09582"
"41,44000";"11,95690";"-0,09263"
"41,45000";"11,94191";"-0,09136"
"41,46000";"11,92692";"-0,09208"
"41,47000";"11,91204";"-0,09420"
"41,48000";"11,89717";"-0,09397"
"41,49000";"11,88206";"-0,09715"
"41,50000";"11,86695";"-0,10443"
"41,51000";"11,85195";"-0,11262"
"41,52000";"11,83696";"-0,10925"
"41,53000";"11,82185";"-0,10460"
"41,54000";"11,80685";"-0,10143"
"41,55000";"11,79186";"-0,10307"
"41,56000";"11,77710";"-0,10872"
"41,57000";"11,76199";"-0,10775"
"41,58000";"11,74676";"-0,09949"
"41,59000";"11,73177";"-0,09711"
"41,60000";"11,71690";"-0,10215"
"41,61000";"11,70190";"-0,11357"
"41,62000";"11,68691";"-0,11665"
"41,63000";"11,67192";"-0,11344"
"41,64000";"11,65693";"-0,11429"
"41,65000";"11,64193";"-0,11492"
"41,66000";"11,62694";"-0,10486"
"41,67000";"11,61195";"-0,10000"
"41,68000";"11,59683";"-0,09647"
"41,69000";"11,58196";"-0,09756"
"41,70000";"11,56697";"-0,09553"
"41,71000";"11,55197";"-0,09640"
"41,72000";"11,53710";"-0,10090"
"41,73000";"11,52199";"-0,11139"
"41,74000";"11,50699";"-0,11585"
"41,75000";"11,49200";"-0,11319"
"41,76000";"11,47689";"-0,11034"
"41,77000";"11,46201";"-0,10741"
"41,78000";"11,44714";"-0,11092"
"41,79000";"11,43215";"-0,11300"
"41,80000";"11,41704";"-0,11298"
"41,81000";"11,40216";"-0,10719"
"41,82000";"11,38705";"-0,10944"
"41,83000";"11,37194";"-0,10585"
"41,84000";"11,35694";"-0,09801"
"41,85000";"11,34195";"-0,09211"
"41,86000";"11,32696";"-0,08729"
"41,87000";"11,31196";"-0,08283"
"41,88000";"11,29697";"-0,08248"
"41,89000";"11,28198";"-0,08995"
"41,90000";"11,26710";"-0,09466"
"41,91000";"11,25211";"-0,09117"
"41,92000";"11,23700";"-0,09969"
"41,93000";"11,22213";"-0,11244"
"41,94000";"11,20713";"-0,11426"
"41,95000";"11,19214";"-0,10708"
"41,96000";"11,17691";"-0,10168"
"41,97000";"11,16203";"-0,10179"
"41,98000";"11,14716";"-0,09388"
"41,99000";"11,13217";"-0,08521"
"42,00000";"11,11706";"-0,08756"
"42,01000";"11,10194";"-0,10025"
"42,02000";"11,08707";"-0,11583"
"42,03000";"11,07208";"-0,11466"
"42,04000";"11,05696";"-0,10931"
"42,05000";"11,04185";"-0,09590"
"42,06000";"11,02686";"-0,08058"
"42,07000";"11,01175";"-0,08017"
"42,08000";"10,99676";"-0,08635"
"42,09000";"10,98176";"-0,09308"
"42,10000";"10,96701";"-0,08949"
"42,11000";"10,95225";"-0,08894"
"42,12000";"10,93714";"-0,08709"
"42,13000";"10,92191";"-0,09110"
"42,14000";"10,90692";"-0,09403"
"42,15000";"10,89192";"-0,09465"
"42,16000";"10,87681";"-0,09693"
"42,17000";"10,86182";"-0,08897"
"42,18000";"10,84694";"-0,08187"
"42,19000";"10,83207";"-0,07923"
"42,20000";"10,81696";"-0,07745"
"42,21000";"10,80173";"-0,07215"
"42,22000";"10,78686";"-0,07286"
"42,23000";"10,77186";"-0,07522"
"42,24000";"10,75687";"-0,07109"
"42,25000";"10,74199";"-0,06766"
"42,26000";"10,72712";"-0,06803"
"42,27000";"10,71224";"-0,06374"
"42,28000";"10,69737";"-0,06556"
"42,29000";"10,68226";"-0,06611"
"42,30000";"10,66715";"-0,07118"
"42,31000";"10,65215";"-0,07150"
"42,32000";"10,63716";"-0,06736"
"42,33000";"10,62217";"-0,06276"
"42,34000";"10,60717";"-0,06521"
"42,35000";"10,59230";"-0,07245"
"42,36000";"10,57731";"-0,06908"
"42,37000";"10,56208";"-0,05766"
"42,38000";"10,54708";"-0,05670"
"42,39000";"10,53209";"-0,05692"
"42,40000";"10,51710";"-0,05568"
"42,41000";"10,50222";"-0,05991"
"42,42000";"10,48735";"-0,06084"
"42,43000";"10,47235";"-0,06017"
"42,44000";"10,45724";"-0,05973"
"42,45000";"10,44225";"-0,06056"
"42,46000";"10,42714";"-0,05938"
"42,47000";"10,41215";"-0,05398"
"42,48000";"10,39715";"-0,04969"
"42,49000";"10,38216";"-0,05434"
"42,50000";"10,36729";"-0,04704"
"42,51000";"10,35217";"-0,03867"
"42,52000";"10,33706";"-0,02901"
"42,53000";"10,32207";"-0,01728"
"42,54000";"10,30696";"-0,01245"
"42,55000";"10,29197";"-0,01150"
"42,56000";"10,27709";"-0,00722"
"42,57000";"10,26222";"-0,00653"
"42,58000";"10,24699";"-0,01276"
"42,59000";"10,23199";"-0,01676"
"42,60000";"10,21700";"-0,02224"
"42,61000";"10,20213";"-0,03357"
"42,62000";"10,18701";"-0,03528"
"42,63000";"10,17190";"-0,03093"
"42,64000";"10,15691";"-0,02900"
"42,65000";"10,14204";"-0,02600"
"42,66000";"10,12692";"-0,02104"
"42,67000";"10,11181";"-0,01524"
"42,68000";"10,09670";"-0,01540"
"42,69000";"10,08183";"-0,01382"
"42,70000";"10,06671";"-0,01125"
"42,71000";"10,05172";"-0,00897"
"42,72000";"10,03673";"-0,01417"
"42,73000";"10,02197";"-0,01527"
"42,74000";"10,00698";"-0,00660"
"42,75000";"9,99175";"-0,01106"
"42,76000";"9,97676";"-0,01804"
"42,77000";"9,96188";"-0,01873"
"42,78000";"9,94689";"-0,01187"
"42,79000";"9,93178";"-0,02055"
"42,80000";"9,91690";"-0,02935"
"42,81000";"9,90215";"-0,02016"
"42,82000";"9,88715";"-0,00558"
"42,83000";"9,87192";"-0,00626"
"42,84000";"9,85693";"-0,00923"
"42,85000";"9,84206";"-0,00770"
"42,86000";"9,82695";"-0,01219"
"42,87000";"9,81183";"-0,01415"
"42,88000";"9,79684";"-0,01333"
"42,89000";"9,78208";"-0,01047"
"42,90000";"9,76709";"-0,00413"
"42,91000";"9,75198";"-0,00558"
"42,92000";"9,73699";"-0,01072"
"42,93000";"9,72211";"-0,02183"
"42,94000";"9,70712";"-0,02587"
"42,95000";"9,69213";"-0,02633"
"42,96000";"9,67701";"-0,02617"
"42,97000";"9,66214";"-0,02209"
"42,98000";"9,64726";"-0,02340"
"42,99000";"9,63215";"-0,02456"
"43,00000";"9,61692";"-0,02354"
"43,01000";"9,60205";"-0,02023"
"43,02000";"9,58706";"-0,01824"
"43,03000";"9,57218";"-0,01865"
"43,04000";"9,55707";"-0,02110"
"43,05000";"9,54220";"-0,01734"
"43,06000";"9,52720";"-0,00717"
"43,07000";"9,51221";"0,00434"
"43,08000";"9,49710";"0,00567"
"43,09000";"9,48199";"-0,00195"
"43,10000";"9,46711";"-0,00747"
"43,11000";"9,45212";"-0,00390"
"43,12000";"9,43713";"-0,00079"
"43,13000";"9,42213";"-0,00822"
"43,14000";"9,40726";"-0,00838"
"43,15000";"9,39226";"-0,00873"
"43,16000";"9,37704";"-0,00491"
"43,17000";"9,36192";"-0,00542"
"43,18000";"9,34693";"-0,00501"
"43,19000";"9,33206";"0,00166"
"43,20000";"9,31694";"0,00971"
"43,21000";"9,30195";"0,00663"
"43,22000";"9,28708";"0,00571"
"43,23000";"9,27220";"0,00400"
"43,24000";"9,25709";"0,00431"
"43,25000";"9,24198";"-0,00462"
"43,26000";"9,22699";"-0,01190"
"43,27000";"9,21211";"-0,01401"
"43,28000";"9,19712";"-0,01301"
"43,29000";"9,18201";"-0,00846"
"43,30000";"9,16701";"-0,00223"
"43,31000";"9,15202";"0,00455"
"43,32000";"9,13703";"0,00934"
"43,33000";"9,12192";"0,01362"
"43,34000";"9,10692";"0,00591"
"43,35000";"9,09205";"0,00012"
"43,36000";"9,07717";"-0,00329"
"43,37000";"9,06206";"-0,00658"
"43,38000";"9,04683";"-0,00886"
"43,39000";"9,03184";"-0,00775"
"43,40000";"9,01696";"-0,00598"
"43,41000";"9,00174";"-0,01380"
"43,42000";"8,98662";"-0,01732"
"43,43000";"8,97187";"-0,02011"
"43,44000";"8,95699";"-0,01833"
"43,45000";"8,94200";"-0,00543"
"43,46000";"8,92689";"-0,00174"
"43,47000";"8,91190";"-0,00508"
"43,48000";"8,89702";"0,00116"
"43,49000";"8,88191";"0,00467"
"43,50000";"8,86680";"-0,00072"
"43,51000";"8,85204";"-0,00659"
"43,52000";"8,83717";"-0,00048"
"43,53000";"8,82217";"0,00035"
"43,54000";"8,80706";"0,00436"
"43,55000";"8,79207";"0,00344"
"43,56000";"8,77708";"-0,00131"
"43,57000";"8,76208";"-0,00613"
"43,58000";"8,74709";"0,00121"
"43,59000";"8,73222";"0,00909"
"43,60000";"8,71746";"0,01767"
"43,61000";"8,70247";"0,01696"
"43,62000";"8,68724";"0,00904"
"43,63000";"8,67213";"0,00229"
"43,64000";"8,65713";"0,00355"
"43,65000";"8,64214";"0,00777"
"43,66000";"8,62703";"0,00739"
"43,67000";"8,61203";"0,00564"
"43,68000";"8,59728";"0,00782"
"43,69000";"8,58228";"0,00547"
"43,70000";"8,56717";"0,00795"
"43,71000";"8,55206";"0,01617"
"43,72000";"8,53695";"0,01748"
"43,73000";"8,52196";"0,01453"
"43,74000";"8,50697";"0,01600"
"43,75000";"8,49185";"0,01588"
"43,76000";"8,47698";"0,01093"
"43,77000";"8,46199";"0,00812"
"43,78000";"8,44687";"0,00903"
"43,79000";"8,43165";"0,01348"
"43,80000";"8,41665";"0,00618"
"43,81000";"8,40166";"0,00280"
"43,82000";"8,38679";"0,00658"
"43,83000";"8,37179";"0,01020"
"43,84000";"8,35692";"0,01249"
"43,85000";"8,34204";"0,01538"
"43,86000";"8,32705";"0,01540"
"43,87000";"8,31194";"0,01414"
"43,88000";"8,29683";"0,00549"
"43,89000";"8,28183";"-0,00684"
"43,90000";"8,26684";"-0,00159"
"43,91000";"8,25185";"0,00006"
"43,92000";"8,23685";"-0,00209"
"43,93000";"8,22186";"0,00429"
"43,94000";"8,20687";"0,01047"
"43,95000";"8,19176";"0,00931"
"43,96000";"8,17665";"0,00768"
"43,97000";"8,16177";"0,01073"
"43,98000";"8,14690";"0,01402"
"43,99000";"8,13202";"0,01568"
"44,00000";"8,11703";"0,01627"
"44,01000";"8,10192";"0,01827"
"44,02000";"8,08692";"0,02009"
"44,03000";"8,07193";"0,01489"
"44,04000";"8,05682";"0,01248"
"44,05000";"8,04183";"0,00679"
"44,06000";"8,02707";"0,00191"
"44,07000";"8,01220";"-0,00024"
"44,08000";"7,99708";"0,00304"
"44,09000";"7,98197";"0,01325"
"44,10000";"7,96698";"0,02525"
"44,11000";"7,95199";"0,03399"
"44,12000";"7,93688";"0,02358"
"44,13000";"7,92188";"0,01110"
"44,14000";"7,90701";"0,00122"
"44,15000";"7,89213";"-0,00184"
"44,16000";"7,87714";"-0,00225"
"44,17000";"7,86203";"-0,00335"
"44,18000";"7,84692";"0,00157"
"44,19000";"7,83192";"0,01265"
"44,20000";"7,81681";"0,01534"
"44,21000";"7,80182";"0,01193"
"44,22000";"7,78694";"0,01761"
"44,23000";"7,77219";"0,01929"
"44,24000";"7,75719";"0,01653"
"44,25000";"7,74208";"0,00746"
"44,26000";"7,72709";"-0,00148"
"44,27000";"7,71210";"-0,00463"
"44,28000";"7,69710";"-0,00258"
"44,29000";"7,68199";"0,00139"
"44,30000";"7,66712";"-0,00142"
"44,31000";"7,65224";"-0,00526"
"44,32000";"7,63725";"0,00287"
"44,33000";"7,62202";"-0,00031"
"44,34000";"7,60691";"-0,00912"
"44,35000";"7,59192";"-0,01137"
"44,36000";"7,57692";"-0,00025"
"44,37000";"7,56169";"0,00346"
"44,38000";"7,54682";"0,00579"
"44,39000";"7,53194";"0,00321"
"44,40000";"7,51695";"-0,00205"
"44,41000";"7,50172";"-0,00674"
"44,42000";"7,48673";"-0,00648"
"44,43000";"7,47174";"-0,01036"
"44,44000";"7,45686";"-0,00795"
"44,45000";"7,44187";"-0,00931"
"44,46000";"7,42687";"-0,00799"
"44,47000";"7,41200";"-0,00412"
"44,48000";"7,39701";"0,00303"
"44,49000";"7,38190";"0,00592"
"44,50000";"7,36679";"0,00934"
"44,51000";"7,35191";"0,00654"
"44,52000";"7,33680";"0,00661"
"44,53000";"7,32181";"0,01337"
"44,54000";"7,30693";"0,02119"
"44,55000";"7,29194";"0,01800"
"44,56000";"7,27694";"0,00907"
"44,57000";"7,26195";"-0,00018"
"44,58000";"7,24684";"-0,00558"
"44,59000";"7,23173";"-0,00036"
"44,60000";"7,21674";"0,01369"
"44,61000";"7,20186";"0,02149"
"44,62000";"7,18687";"0,02119"
"44,63000";"7,17199";"0,01497"
"44,64000";"7,15700";"0,01429"
"44,65000";"7,14201";"0,01629"
"44,66000";"7,12701";"0,00919"
"44,67000";"7,11190";"0,00006"
"44,68000";"7,09703";"-0,00484"
"44,69000";"7,08204";"-0,00285"
"44,70000";"7,06704";"0,00117"
"44,71000";"7,05193";"0,00284"
"44,72000";"7,03694";"0,00227"
"44,73000";"7,02194";"0,00433"
"44,74000";"7,00695";"0,00954"
"44,75000";"6,99184";"0,01107"
"44,76000";"6,97697";"0,01779"
"44,77000";"6,96209";"0,01627"
"44,78000";"6,94722";"0,01249"
"44,79000";"6,93222";"0,01275"
"44,80000";"6,91711";"0,01460"
"44,81000";"6,90224";"0,01544"
"44,82000";"6,88724";"0,01162"
"44,83000";"6,87213";"0,01120"
"44,84000";"6,85702";"0,00788"
"44,85000";"6,84215";"0,00657"
"44,86000";"6,82715";"0,01033"
"44,87000";"6,81216";"0,02459"
"44,88000";"6,79705";"0,02957"
"44,89000";"6,78206";"0,03199"
"44,90000";"6,76694";"0,03639"
"44,91000";"6,75183";"0,04009"
"44,92000";"6,73684";"0,03487"
"44,93000";"6,72197";"0,03178"
"44,94000";"6,70721";"0,02865"
"44,95000";"6,69210";"0,03153"
"44,96000";"6,67687";"0,03094"
"44,97000";"6,66188";"0,02741"
"44,98000";"6,64688";"0,02654"
"44,99000";"6,63177";"0,03093"
"45,00000";"6,61678";"0,04157"
"45,01000";"6,60178";"0,03981"
"45,02000";"6,58703";"0,03429"
"45,03000";"6,57215";"0,03037"
"45,04000";"6,55692";"0,02316"
"45,05000";"6,54193";"0,01648"
"45,06000";"6,52694";"0,01501"
"45,07000";"6,51183";"0,01485"
"45,08000";"6,49683";"0,00804"
"45,09000";"6,48184";"-0,00167"
"45,10000";"6,46696";"0,00059"
"45,11000";"6,45209";"0,02021"
"45,12000";"6,43710";"0,03229"
"45,13000";"6,42210";"0,02682"
"45,14000";"6,40723";"0,01607"
"45,15000";"6,39224";"0,01973"
"45,16000";"6,37712";"0,02541"
"45,17000";"6,36213";"0,02207"
"45,18000";"6,34726";"0,01998"
"45,19000";"6,33215";"0,02549"
"45,20000";"6,31715";"0,01963"
"45,21000";"6,30216";"0,01740"
"45,22000";"6,28717";"0,01417"
"45,23000";"6,27217";"0,00961"
"45,24000";"6,25706";"0,01256"
"45,25000";"6,24195";"0,01788"
"45,26000";"6,22684";"0,01112"
"45,27000";"6,21185";"0,00177"
"45,28000";"6,19685";"0,00498"
"45,29000";"6,18174";"0,00958"
"45,30000";"6,16663";"0,01432"
"45,31000";"6,15164";"0,01171"
"45,32000";"6,13676";"0,01799"
"45,33000";"6,12177";"0,01920"
"45,34000";"6,10690";"0,01979"
"45,35000";"6,09202";"0,00629"
"45,36000";"6,07703";"0,00693"
"45,37000";"6,06192";"0,01095"
"45,38000";"6,04681";"0,01685"
"45,39000";"6,03181";"0,01716"
"45,40000";"6,01706";"0,01714"
"45,41000";"6,00206";"0,01661"
"45,42000";"5,98707";"0,01368"
"45,43000";"5,97196";"0,01301"
"45,44000";"5,95708";"0,00573"
"45,45000";"5,94209";"0,00212"
"45,46000";"5,92698";"-0,00146"
"45,47000";"5,91199";"-0,00156"
"45,48000";"5,89711";"0,00975"
"45,49000";"5,88224";"0,02333"
"45,50000";"5,86713";"0,03547"
"45,51000";"5,85213";"0,04392"
"45,52000";"5,83714";"0,04258"
"45,53000";"5,82203";"0,02956"
"45,54000";"5,80692";"0,02396"
"45,55000";"5,79192";"0,01387"
"45,56000";"5,77705";"0,01197"
"45,57000";"5,76217";"0,01314"
"45,58000";"5,74706";"0,01198"
"45,59000";"5,73195";"0,00993"
"45,60000";"5,71708";"0,01533"
"45,61000";"5,70220";"0,02344"
"45,62000";"5,68709";"0,02547"
"45,63000";"5,67198";"0,02413"
"45,64000";"5,65710";"0,01747"
"45,65000";"5,64223";"0,01121"
"45,66000";"5,62712";"0,00994"
"45,67000";"5,61189";"0,00554"
"45,68000";"5,59690";"0,00464"
"45,69000";"5,58190";"0,00301"
"45,70000";"5,56691";"0,00847"
"45,71000";"5,55192";"0,01564"
"45,72000";"5,53704";"0,01719"
"45,73000";"5,52217";"0,02300"
"45,74000";"5,50706";"0,02657"
"45,75000";"5,49194";"0,02425"
"45,76000";"5,47695";"0,02728"
"45,77000";"5,46196";"0,03251"
"45,78000";"5,44685";"0,03365"
"45,79000";"5,43174";"0,02932"
"45,80000";"5,41698";"0,01642"
"45,81000";"5,40210";"0,01538"
"45,82000";"5,38723";"0,02089"
"45,83000";"5,37212";"0,03028"
"45,84000";"5,35713";"0,03085"
"45,85000";"5,34201";"0,02476"
"45,86000";"5,32702";"0,02082"
"45,87000";"5,31215";"0,02125"
"45,88000";"5,29715";"0,02128"
"45,89000";"5,28216";"0,02041"
"45,90000";"5,26717";"0,01901"
"45,91000";"5,25217";"0,01485"
"45,92000";"5,23706";"0,00879"
"45,93000";"5,22207";"0,00659"
"45,94000";"5,20708";"0,00609"
"45,95000";"5,19208";"0,01207"
"45,96000";"5,17697";"0,01725"
"45,97000";"5,16210";"0,02179"
"45,98000";"5,14722";"0,03264"
"45,99000";"5,13211";"0,03969"
"46,00000";"5,11700";"0,03790"
"46,01000";"5,10201";"0,03221"
"46,02000";"5,08701";"0,03228"
"46,03000";"5,07202";"0,03271"
"46,04000";"5,05715";"0,03029"
"46,05000";"5,04204";"0,02361"
"46,06000";"5,02716";"0,01595"
"46,07000";"5,01217";"0,01758"
"46,08000";"4,99694";"0,01729"
"46,09000";"4,98183";"0,00980"
"46,10000";"4,96695";"0,00784"
"46,11000";"4,95196";"0,00507"
"46,12000";"4,93685";"0,00664"
"46,13000";"4,92185";"0,00758"
"46,14000";"4,90686";"0,00323"
"46,15000";"4,89187";"0,00733"
"46,16000";"4,87676";"0,01729"
"46,17000";"4,86165";"0,01706"
"46,18000";"4,84677";"0,01775"
"46,19000";"4,83201";"0,01894"
"46,20000";"4,81702";"0,01810"
"46,21000";"4,80203";"0,01431"
"46,22000";"4,78703";"0,01061"
"46,23000";"4,77216";"0,01203"
"46,24000";"4,75717";"0,01607"
"46,25000";"4,74206";"0,02091"
"46,26000";"4,72706";"0,02531"
"46,27000";"4,71219";"0,02560"
"46,28000";"4,69743";"0,01906"
"46,29000";"4,68220";"0,00742"
"46,30000";"4,66709";"0,00460"
"46,31000";"4,65210";"0,01148"
"46,32000";"4,63710";"0,01338"
"46,33000";"4,62187";"0,01674"
"46,34000";"4,60688";"0,01901"
"46,35000";"4,59189";"0,02127"
"46,36000";"4,57701";"0,02799"
"46,37000";"4,56202";"0,03048"
"46,38000";"4,54703";"0,02086"
"46,39000";"4,53215";"0,01682"
"46,40000";"4,51740";"0,02139"
"46,41000";"4,50228";"0,02383"
"46,42000";"4,48729";"0,02017"
"46,43000";"4,47242";"0,01690"
"46,44000";"4,45754";"0,02122"
"46,45000";"4,44243";"0,02520"
"46,46000";"4,42720";"0,02642"
"46,47000";"4,41209";"0,03051"
"46,48000";"4,39710";"0,03947"
"46,49000";"4,38199";"0,04168"
"46,50000";"4,36699";"0,03297"
"46,51000";"4,35200";"0,02141"
"46,52000";"4,33712";"0,01127"
"46,53000";"4,32213";"0,00853"
"46,54000";"4,30702";"0,00610"
"46,55000";"4,29203";"0,00621"
"46,56000";"4,27715";"0,00423"
"46,57000";"4,26228";"0,00594"
"46,58000";"4,24717";"0,00714"
"46,59000";"4,23217";"0,00842"
"46,60000";"4,21742";"0,00663"
"46,61000";"4,20254";"0,01063"
"46,62000";"4,18731";"0,01553"
"46,63000";"4,17208";"0,01846"
"46,64000";"4,15709";"0,02509"
"46,65000";"4,14222";"0,03700"
"46,66000";"4,12710";"0,03695"
"46,67000";"4,11199";"0,02822"
"46,68000";"4,09712";"0,02160"
"46,69000";"4,08213";"0,01626"
"46,70000";"4,06713";"0,00928"
"46,71000";"4,05190";"0,00647"
"46,72000";"4,03691";"0,00874"
"46,73000";"4,02203";"0,00906"
"46,74000";"4,00716";"0,00919"
"46,75000";"3,99193";"0,00062"
"46,76000";"3,97694";"0,00030"
"46,77000";"3,96183";"0,01007"
"46,78000";"3,94683";"0,02801"
"46,79000";"3,93160";"0,03788"
"46,80000";"3,91661";"0,03560"
"46,81000";"3,90185";"0,03131"
"46,82000";"3,88710";"0,03120"
"46,83000";"3,87187";"0,03808"
"46,84000";"3,85676";"0,03534"
"46,85000";"3,84176";"0,02284"
"46,86000";"3,82677";"0,02067"
"46,87000";"3,81166";"0,02374"
"46,88000";"3,79667";"0,02241"
"46,89000";"3,78179";"0,02166"
"46,90000";"3,76692";"0,02006"
"46,91000";"3,75181";"0,00727"
"46,92000";"3,73669";"0,00404"
"46,93000";"3,72170";"0,00507"
"46,94000";"3,70671";"0,01619"
"46,95000";"3,69160";"0,02273"
"46,96000";"3,67649";"0,02626"
"46,97000";"3,66161";"0,02845"
"46,98000";"3,64697";"0,03482"
"46,99000";"3,63210";"0,03636"
"47,00000";"3,61699";"0,02752"
"47,01000";"3,60211";"0,01625"
"47,02000";"3,58724";"0,00830"
"47,03000";"3,57212";"0,00273"
"47,04000";"3,55701";"-0,00167"
"47,05000";"3,54214";"0,00745"
"47,06000";"3,52726";"0,01901"
"47,07000";"3,51227";"0,02336"
"47,08000";"3,49704";"0,02442"
"47,09000";"3,48193";"0,02479"
"47,10000";"3,46706";"0,02503"
"47,11000";"3,45194";"0,02363"
"47,12000";"3,43695";"0,02254"
"47,13000";"3,42208";"0,02164"
"47,14000";"3,40732";"0,02636"
"47,15000";"3,39244";"0,03283"
"47,16000";"3,37722";"0,03055"
"47,17000";"3,36210";"0,01715"
"47,18000";"3,34711";"0,00194"
"47,19000";"3,33200";"-0,00589"
"47,20000";"3,31689";"-0,00923"
"47,21000";"3,30190";"-0,00802"
"47,22000";"3,28702";"-0,00284"
"47,23000";"3,27203";"0,00202"
"47,24000";"3,25703";"0,00185"
"47,25000";"3,24192";"-0,00071"
"47,26000";"3,22693";"0,00116"
"47,27000";"3,21194";"0,00953"
"47,28000";"3,19706";"0,01766"
"47,29000";"3,18195";"0,02216"
"47,30000";"3,16696";"0,02605"
"47,31000";"3,15197";"0,02349"
"47,32000";"3,13697";"0,01631"
"47,33000";"3,12174";"0,01023"
"47,34000";"3,10687";"0,01532"
"47,35000";"3,09187";"0,01433"
"47,36000";"3,07700";"0,01076"
"47,37000";"3,06201";"0,00740"
"47,38000";"3,04701";"0,01330"
"47,39000";"3,03214";"0,01309"
"47,40000";"3,01703";"0,01915"
"47,41000";"3,00192";"0,02455"
"47,42000";"2,98681";"0,02191"
"47,43000";"2,97193";"0,02046"
"47,44000";"2,95706";"0,01722"
"47,45000";"2,94218";"0,01422"
"47,46000";"2,92707";"0,02155"
"47,47000";"2,91208";"0,02485"
"47,48000";"2,89708";"0,02642"
"47,49000";"2,88197";"0,02372"
"47,50000";"2,86686";"0,02139"
"47,51000";"2,85187";"0,02372"
"47,52000";"2,83699";"0,01801"
"47,53000";"2,82200";"0,01551"
"47,54000";"2,80701";"0,01245"
"47,55000";"2,79213";"0,00679"
"47,56000";"2,77702";"0,00324"
"47,57000";"2,76191";"0,00733"
"47,58000";"2,74680";"0,01213"
"47,59000";"2,73181";"0,02024"
"47,60000";"2,71693";"0,02372"
"47,61000";"2,70206";"0,01624"
"47,62000";"2,68694";"0,01516"
"47,63000";"2,67183";"0,02626"
"47,64000";"2,65696";"0,03825"
"47,65000";"2,64185";"0,03126"
"47,66000";"2,62674";"0,01913"
"47,67000";"2,61174";"0,01498"
"47,68000";"2,59687";"0,01487"
"47,69000";"2,58199";"0,01826"
"47,70000";"2,56700";"0,01803"
"47,71000";"2,55189";"0,01897"
"47,72000";"2,53690";"0,02295"
"47,73000";"2,52190";"0,02498"
"47,74000";"2,50679";"0,02465"
"47,75000";"2,49180";"0,01778"
"47,76000";"2,47704";"0,00775"
"47,77000";"2,46217";"0,00905"
"47,78000";"2,44717";"0,01462"
"47,79000";"2,43194";"0,01822"
"47,80000";"2,41695";"0,02351"
"47,81000";"2,40196";"0,03316"
"47,82000";"2,38685";"0,03503"
"47,83000";"2,37174";"0,03621"
"47,84000";"2,35686";"0,03182"
"47,85000";"2,34210";"0,02519"
"47,86000";"2,32711";"0,02146"
"47,87000";"2,31200";"0,01959"
"47,88000";"2,29701";"0,01156"
"47,89000";"2,28201";"0,01382"
"47,90000";"2,26702";"0,01976"
"47,91000";"2,25203";"0,02823"
"47,92000";"2,23703";"0,02868"
"47,93000";"2,22216";"0,02688"
"47,94000";"2,20717";"0,02617"
"47,95000";"2,19206";"0,03128"
"47,96000";"2,17706";"0,03228"
"47,97000";"2,16207";"0,02786"
"47,98000";"2,14708";"0,02745"
"47,99000";"2,13208";"0,02993"
"48,00000";"2,11709";"0,02970"
"48,01000";"2,10210";"0,02201"
"48,02000";"2,08699";"0,01635"
"48,03000";"2,07188";"0,01635"
"48,04000";"2,05676";"0,01903"
"48,05000";"2,04177";"0,01829"
"48,06000";"2,02678";"0,02176"
"48,07000";"2,01190";"0,03142"
"48,08000";"1,99703";"0,03713"
"48,09000";"1,98215";"0,03515"
"48,10000";"1,96704";"0,03039"
"48,11000";"1,95205";"0,02843"
"48,12000";"1,93694";"0,02431"
"48,13000";"1,92194";"0,01525"
"48,14000";"1,90695";"0,01390"
"48,15000";"1,89208";"0,01832"
"48,16000";"1,87708";"0,02663"
"48,17000";"1,86209";"0,02982"
"48,18000";"1,84710";"0,02924"
"48,19000";"1,83199";"0,02707"
"48,20000";"1,81699";"0,03713"
"48,21000";"1,80188";"0,03822"
"48,22000";"1,78689";"0,03347"
"48,23000";"1,77201";"0,02803"
"48,24000";"1,75714";"0,02151"
"48,25000";"1,74203";"0,01437"
"48,26000";"1,72703";"0,01017"
"48,27000";"1,71204";"0,01773"
"48,28000";"1,69705";"0,01944"
"48,29000";"1,68194";"0,01443"
"48,30000";"1,66683";"0,00798"
"48,31000";"1,65195";"0,01102"
"48,32000";"1,63696";"0,01441"
"48,33000";"1,62197";"0,01139"
"48,34000";"1,60685";"0,00120"
"48,35000";"1,59198";"-0,00278"
"48,36000";"1,57687";"-0,00293"
"48,37000";"1,56187";"0,00519"
"48,38000";"1,54676";"0,01593"
"48,39000";"1,53201";"0,02376"
"48,40000";"1,51713";"0,02748"
"48,41000";"1,50202";"0,02818"
"48,42000";"1,48691";"0,02289"
"48,43000";"1,47192";"0,01276"
"48,44000";"1,45692";"-0,00535"
"48,45000";"1,44193";"-0,00798"
"48,46000";"1,42682";"-0,00593"
"48,47000";"1,41194";"0,00357"
"48,48000";"1,39707";"0,01264"
"48,49000";"1,38196";"0,01743"
"48,50000";"1,36685";"0,01746"
"48,51000";"1,35185";"0,01471"
"48,52000";"1,33686";"0,00956"
"48,53000";"1,32175";"0,00132"
"48,54000";"1,30676";"0,00055"
"48,55000";"1,29188";"-0,00001"
"48,56000";"1,27701";"0,00607"
"48,57000";"1,26213";"0,01512"
"48,58000";"1,24714";"0,02212"
"48,59000";"1,23215";"0,02095"
"48,60000";"1,21715";"0,01416"
"48,61000";"1,20216";"0,01942"
"48,62000";"1,18705";"0,03303"
"48,63000";"1,17206";"0,03667"
"48,64000";"1,15718";"0,02834"
"48,65000";"1,14219";"0,02185"
"48,66000";"1,12708";"0,02199"
"48,67000";"1,11208";"0,02260"
"48,68000";"1,09709";"0,01566"
"48,69000";"1,08210";"0,00996"
"48,70000";"1,06710";"0,01041"
"48,71000";"1,05211";"0,00555"
"48,72000";"1,03700";"0,00389"
"48,73000";"1,02201";"0,00632"
"48,74000";"1,00690";"0,02119"
"48,75000";"0,99190";"0,02631"
"48,76000";"0,97691";"0,01968"
"48,77000";"0,96203";"0,01629"
"48,78000";"0,94704";"0,02475"
"48,79000";"0,93205";"0,03179"
"48,80000";"0,91706";"0,03348"
"48,81000";"0,90206";"0,02905"
"48,82000";"0,88695";"0,02855"
"48,83000";"0,87196";"0,02510"
"48,84000";"0,85685";"0,02076"
"48,85000";"0,84185";"0,01607"
"48,86000";"0,82698";"0,01510"
"48,87000";"0,81210";"0,01554"
"48,88000";"0,79699";"0,01479"
"48,89000";"0,78212";"0,01280"
"48,90000";"0,76724";"0,00748"
"48,91000";"0,75225";"0,01068"
"48,92000";"0,73714";"0,01028"
"48,93000";"0,72226";"0,01136"
"48,94000";"0,70727";"0,01196"
"48,95000";"0,69228";"0,01177"
"48,96000";"0,67717";"0,01034"
"48,97000";"0,66217";"0,00912"
"48,98000";"0,64718";"0,00927"
"48,99000";"0,63219";"0,01193"
"49,00000";"0,61696";"0,01229"
"49,01000";"0,60197";"0,00866"
"49,02000";"0,58697";"0,00500"
"49,03000";"0,57198";"0,00331"
"49,04000";"0,55687";"0,00584"
"49,05000";"0,54176";"0,00689"
"49,06000";"0,52676";"0,00210"
"49,07000";"0,51177";"0,00099"
"49,08000";"0,49666";"0,00866"
"49,09000";"0,48167";"0,00901"
"49,10000";"0,46679";"0,01014"
"49,11000";"0,45203";"0,01318"
"49,12000";"0,43704";"0,01595"
"49,13000";"0,42181";"0,01231"
"49,14000";"0,40694";"0,01039"
"49,15000";"0,39194";"0,01322"
"49,16000";"0,37683";"0,02124"
"49,17000";"0,36184";"0,02462"
"49,18000";"0,34697";"0,02343"
"49,19000";"0,33221";"0,01709"
"49,20000";"0,31722";"0,01067"
"49,21000";"0,30199";"0,01206"
"49,22000";"0,28711";"0,01136"
"49,23000";"0,27224";"0,01744"
"49,24000";"0,25713";"0,02464"
"49,25000";"0,24201";"0,02137"
"49,26000";"0,22714";"0,01379"
"49,27000";"0,21226";"0,01280"
"49,28000";"0,19715";"0,01406"
"49,29000";"0,18192";"0,01701"
"49,30000";"0,16681";"0,01031"
"49,31000";"0,15182";"0,00860"
"49,32000";"0,13694";"0,00858"
"49,33000";"0,12195";"0,00936"
"49,34000";"0,10708";"0,01482"
"49,35000";"0,09232";"0,01799"
"49,36000";"0,07744";"0,01458"
"49,37000";"0,06233";"0,00985"
"49,38000";"0,04722";"0,00777"
"49,39000";"0,03223";"0,00720"
"49,40000";"0,01724";"0,00878"
"49,41000";"0,00224";"0,01009"
"49,41200";"-0,00083";"0,01098"
