Hardness 1 : Kraftbei  Hardness 1;"362,96576";N
A1 : A1;"0,93588";J
A2 : A2;"0,11790";J
Springiness : Springiness;"0,00066";m
Cohesiveness : Cohesiveness;"0,12597";
Chewiness : Chewiness;"0,02997";J

Zeit;Traversenweg;Kraft
(s);(mm);(N)
"0,00000";"0,00578";"0,02194"
"0,01000";"0,01641";"0,04340"
"0,02000";"0,03164";"0,05958"
"0,03000";"0,04935";"0,06192"
"0,04000";"0,06824";"0,05467"
"0,05000";"0,08736";"0,04317"
"0,06000";"0,10625";"0,03467"
"0,07000";"0,12455";"0,02705"
"0,08000";"0,14238";"0,01434"
"0,09000";"0,15961";"0,00037"
"0,10000";"0,17638";"-0,00896"
"0,11000";"0,19278";"-0,01040"
"0,12000";"0,20896";"-0,00721"
"0,13000";"0,22478";"-0,00803"
"0,14000";"0,24048";"-0,01039"
"0,15000";"0,25594";"-0,01088"
"0,16000";"0,27141";"-0,01595"
"0,17000";"0,28664";"-0,01591"
"0,18000";"0,30199";"-0,00468"
"0,19000";"0,31733";"0,00475"
"0,20000";"0,33244";"0,00649"
"0,21000";"0,34756";"0,00882"
"0,22000";"0,36267";"0,00872"
"0,23000";"0,37766";"0,00827"
"0,24000";"0,39265";"0,00934"
"0,25000";"0,40765";"0,01241"
"0,26000";"0,42276";"0,01324"
"0,27000";"0,43787";"0,00488"
"0,28000";"0,45298";"0,00490"
"0,29000";"0,46809";"0,00797"
"0,30000";"0,48308";"0,00545"
"0,31000";"0,49808";"0,00326"
"0,32000";"0,51295";"0,00232"
"0,33000";"0,52794";"0,00530"
"0,34000";"0,54306";"0,00869"
"0,35000";"0,55805";"0,01483"
"0,36000";"0,57304";"0,01578"
"0,37000";"0,58803";"0,01018"
"0,38000";"0,60315";"0,00763"
"0,39000";"0,61814";"0,01238"
"0,40000";"0,63313";"0,01291"
"0,41000";"0,64812";"0,01367"
"0,42000";"0,66324";"0,01916"
"0,43000";"0,67823";"0,01896"
"0,44000";"0,69310";"0,01625"
"0,45000";"0,70798";"0,01718"
"0,46000";"0,72297";"0,01687"
"0,47000";"0,73808";"0,01567"
"0,48000";"0,75296";"0,02014"
"0,49000";"0,76807";"0,02011"
"0,50000";"0,78318";"0,01894"
"0,51000";"0,79817";"0,01650"
"0,52000";"0,81328";"0,02358"
"0,53000";"0,82816";"0,02323"
"0,54000";"0,84303";"0,01792"
"0,55000";"0,85803";"0,01792"
"0,56000";"0,87290";"0,01828"
"0,57000";"0,88778";"0,01115"
"0,58000";"0,90289";"-0,00073"
"0,59000";"0,91788";"-0,00726"
"0,60000";"0,93299";"-0,00081"
"0,61000";"0,94799";"0,01048"
"0,62000";"0,96298";"0,01430"
"0,63000";"0,97797";"0,01911"
"0,64000";"0,99285";"0,02598"
"0,65000";"1,00784";"0,02620"
"0,66000";"1,02295";"0,02537"
"0,67000";"1,03794";"0,01691"
"0,68000";"1,05306";"0,01480"
"0,69000";"1,06805";"0,01847"
"0,70000";"1,08304";"0,01873"
"0,71000";"1,09815";"0,01119"
"0,72000";"1,11303";"0,00289"
"0,73000";"1,12814";"-0,00269"
"0,74000";"1,14313";"0,00037"
"0,75000";"1,15813";"0,00702"
"0,76000";"1,17312";"0,01011"
"0,77000";"1,18799";"0,01336"
"0,78000";"1,20310";"0,01392"
"0,79000";"1,21810";"0,01090"
"0,80000";"1,23297";"0,00507"
"0,81000";"1,24808";"0,00029"
"0,82000";"1,26308";"0,00122"
"0,83000";"1,27819";"-0,00013"
"0,84000";"1,29306";"-0,00313"
"0,85000";"1,30806";"0,00180"
"0,86000";"1,32293";"-0,00090"
"0,87000";"1,33792";"-0,00176"
"0,88000";"1,35280";"0,00266"
"0,89000";"1,36791";"0,00879"
"0,90000";"1,38302";"0,01710"
"0,91000";"1,39813";"0,02454"
"0,92000";"1,41313";"0,02695"
"0,93000";"1,42812";"0,02872"
"0,94000";"1,44311";"0,03504"
"0,95000";"1,45799";"0,04253"
"0,96000";"1,47298";"0,03393"
"0,97000";"1,48797";"0,02028"
"0,98000";"1,50308";"0,00689"
"0,99000";"1,51808";"0,00278"
"1,00000";"1,53307";"-0,00156"
"1,01000";"1,54806";"0,00051"
"1,02000";"1,56306";"0,00382"
"1,03000";"1,57805";"0,00386"
"1,04000";"1,59304";"0,01010"
"1,05000";"1,60815";"0,01772"
"1,06000";"1,62315";"0,02267"
"1,07000";"1,63814";"0,02104"
"1,08000";"1,65313";"0,01104"
"1,09000";"1,66813";"0,00448"
"1,10000";"1,68312";"-0,00099"
"1,11000";"1,69811";"-0,00269"
"1,12000";"1,71310";"-0,00379"
"1,13000";"1,72810";"0,00072"
"1,14000";"1,74309";"0,00509"
"1,15000";"1,75808";"0,01050"
"1,16000";"1,77308";"0,02086"
"1,17000";"1,78807";"0,03451"
"1,18000";"1,80294";"0,03275"
"1,19000";"1,81782";"0,02286"
"1,20000";"1,83281";"0,01926"
"1,21000";"1,84792";"0,02759"
"1,22000";"1,86292";"0,03166"
"1,23000";"1,87803";"0,03035"
"1,24000";"1,89302";"0,02235"
"1,25000";"1,90801";"0,02029"
"1,26000";"1,92301";"0,01524"
"1,27000";"1,93788";"0,01066"
"1,28000";"1,95288";"0,01069"
"1,29000";"1,96787";"0,01673"
"1,30000";"1,98286";"0,01474"
"1,31000";"1,99785";"0,00672"
"1,32000";"2,01285";"0,00810"
"1,33000";"2,02784";"0,01184"
"1,34000";"2,04283";"0,01820"
"1,35000";"2,05771";"0,02273"
"1,36000";"2,07258";"0,02040"
"1,37000";"2,08769";"0,02070"
"1,38000";"2,10281";"0,02562"
"1,39000";"2,11792";"0,02684"
"1,40000";"2,13303";"0,02797"
"1,41000";"2,14802";"0,01973"
"1,42000";"2,16313";"0,01317"
"1,43000";"2,17801";"0,01302"
"1,44000";"2,19312";"0,01258"
"1,45000";"2,20823";"0,02091"
"1,46000";"2,22334";"0,02831"
"1,47000";"2,23833";"0,02681"
"1,48000";"2,25333";"0,03144"
"1,49000";"2,26832";"0,02781"
"1,50000";"2,28308";"0,01586"
"1,51000";"2,29795";"0,00428"
"1,52000";"2,31294";"0,00164"
"1,53000";"2,32794";"-0,00087"
"1,54000";"2,34293";"0,00132"
"1,55000";"2,35781";"0,00559"
"1,56000";"2,37280";"0,01142"
"1,57000";"2,38791";"0,01443"
"1,58000";"2,40267";"0,02105"
"1,59000";"2,41754";"0,02166"
"1,60000";"2,43253";"0,01555"
"1,61000";"2,44753";"0,01690"
"1,62000";"2,46252";"0,01604"
"1,63000";"2,47763";"0,00626"
"1,64000";"2,49274";"-0,00476"
"1,65000";"2,50774";"-0,00803"
"1,66000";"2,52261";"-0,00330"
"1,67000";"2,53760";"0,00647"
"1,68000";"2,55272";"0,00793"
"1,69000";"2,56771";"0,00665"
"1,70000";"2,58282";"0,01339"
"1,71000";"2,59793";"0,02011"
"1,72000";"2,61304";"0,02395"
"1,73000";"2,62815";"0,02227"
"1,74000";"2,64315";"0,01963"
"1,75000";"2,65826";"0,01365"
"1,76000";"2,67325";"0,01142"
"1,77000";"2,68836";"0,00869"
"1,78000";"2,70335";"0,00338"
"1,79000";"2,71823";"0,00134"
"1,80000";"2,73322";"0,00291"
"1,81000";"2,74810";"0,00310"
"1,82000";"2,76297";"0,00744"
"1,83000";"2,77797";"0,01039"
"1,84000";"2,79296";"0,00806"
"1,85000";"2,80795";"0,01339"
"1,86000";"2,82294";"0,02401"
"1,87000";"2,83782";"0,02692"
"1,88000";"2,85281";"0,02346"
"1,89000";"2,86757";"0,02755"
"1,90000";"2,88244";"0,03066"
"1,91000";"2,89732";"0,03339"
"1,92000";"2,91243";"0,03606"
"1,93000";"2,92754";"0,03241"
"1,94000";"2,94265";"0,02533"
"1,95000";"2,95788";"0,02131"
"1,96000";"2,97311";"0,01808"
"1,97000";"2,98822";"0,01825"
"1,98000";"3,00322";"0,01883"
"1,99000";"3,01821";"0,02208"
"2,00000";"3,03320";"0,02677"
"2,01000";"3,04819";"0,02535"
"2,02000";"3,06319";"0,01847"
"2,03000";"3,07830";"0,01826"
"2,04000";"3,09341";"0,01994"
"2,05000";"3,10840";"0,01837"
"2,06000";"3,12340";"0,01505"
"2,07000";"3,13839";"0,01221"
"2,08000";"3,15326";"0,00435"
"2,09000";"3,16826";"0,00289"
"2,10000";"3,18325";"0,00701"
"2,11000";"3,19824";"0,01726"
"2,12000";"3,21324";"0,02306"
"2,13000";"3,22811";"0,02246"
"2,14000";"3,24310";"0,02417"
"2,15000";"3,25810";"0,02463"
"2,16000";"3,27309";"0,02757"
"2,17000";"3,28797";"0,02677"
"2,18000";"3,30284";"0,01905"
"2,19000";"3,31760";"0,01503"
"2,20000";"3,33247";"0,01546"
"2,21000";"3,34735";"0,01702"
"2,22000";"3,36222";"0,01123"
"2,23000";"3,37745";"0,01767"
"2,24000";"3,39280";"0,02154"
"2,25000";"3,40803";"0,02319"
"2,26000";"3,42326";"0,02489"
"2,27000";"3,43837";"0,02843"
"2,28000";"3,45336";"0,03243"
"2,29000";"3,46835";"0,04081"
"2,30000";"3,48335";"0,03916"
"2,31000";"3,49846";"0,03598"
"2,32000";"3,51333";"0,03188"
"2,33000";"3,52833";"0,02474"
"2,34000";"3,54320";"0,00809"
"2,35000";"3,55819";"-0,00177"
"2,36000";"3,57307";"-0,00065"
"2,37000";"3,58794";"-0,00100"
"2,38000";"3,60282";"0,00187"
"2,39000";"3,61793";"0,00560"
"2,40000";"3,63292";"0,01256"
"2,41000";"3,64803";"0,01661"
"2,42000";"3,66303";"0,02008"
"2,43000";"3,67802";"0,02296"
"2,44000";"3,69301";"0,01906"
"2,45000";"3,70789";"0,00895"
"2,46000";"3,72288";"0,00950"
"2,47000";"3,73776";"0,00854"
"2,48000";"3,75275";"0,01127"
"2,49000";"3,76762";"0,01670"
"2,50000";"3,78262";"0,02332"
"2,51000";"3,79749";"0,01925"
"2,52000";"3,81249";"0,01222"
"2,53000";"3,82760";"0,01663"
"2,54000";"3,84283";"0,02491"
"2,55000";"3,85806";"0,02948"
"2,56000";"3,87317";"0,03236"
"2,57000";"3,88828";"0,02861"
"2,58000";"3,90339";"0,02710"
"2,59000";"3,91850";"0,01483"
"2,60000";"3,93361";"0,00138"
"2,61000";"3,94860";"0,00077"
"2,62000";"3,96360";"0,00711"
"2,63000";"3,97847";"0,01019"
"2,64000";"3,99335";"0,00781"
"2,65000";"4,00822";"0,00251"
"2,66000";"4,02322";"0,00410"
"2,67000";"4,03809";"0,00944"
"2,68000";"4,05308";"0,00310"
"2,69000";"4,06808";"-0,00256"
"2,70000";"4,08319";"0,00116"
"2,71000";"4,09818";"0,00448"
"2,72000";"4,11329";"0,00653"
"2,73000";"4,12828";"0,00839"
"2,74000";"4,14328";"0,00722"
"2,75000";"4,15827";"0,00902"
"2,76000";"4,17315";"0,01283"
"2,77000";"4,18790";"0,01899"
"2,78000";"4,20290";"0,02497"
"2,79000";"4,21789";"0,02491"
"2,80000";"4,23276";"0,02337"
"2,81000";"4,24764";"0,02343"
"2,82000";"4,26251";"0,01947"
"2,83000";"4,27763";"0,01947"
"2,84000";"4,29262";"0,02527"
"2,85000";"4,30761";"0,02441"
"2,86000";"4,32272";"0,02110"
"2,87000";"4,33795";"0,01698"
"2,88000";"4,35330";"0,01344"
"2,89000";"4,36853";"0,01037"
"2,90000";"4,38352";"0,00896"
"2,91000";"4,39851";"0,01038"
"2,92000";"4,41351";"0,01683"
"2,93000";"4,42850";"0,02138"
"2,94000";"4,44349";"0,01965"
"2,95000";"4,45837";"0,01464"
"2,96000";"4,47336";"0,00437"
"2,97000";"4,48835";"-0,00134"
"2,98000";"4,50323";"-0,00072"
"2,99000";"4,51822";"0,00498"
"3,00000";"4,53298";"0,00810"
"3,01000";"4,54797";"0,00673"
"3,02000";"4,56297";"0,00539"
"3,03000";"4,57808";"0,00584"
"3,04000";"4,59295";"0,00378"
"3,05000";"4,60783";"0,01056"
"3,06000";"4,62270";"0,01518"
"3,07000";"4,63758";"0,01949"
"3,08000";"4,65233";"0,02243"
"3,09000";"4,66733";"0,02592"
"3,10000";"4,68244";"0,02848"
"3,11000";"4,69767";"0,02406"
"3,12000";"4,71278";"0,01836"
"3,13000";"4,72777";"0,01625"
"3,14000";"4,74288";"0,01644"
"3,15000";"4,75799";"0,01332"
"3,16000";"4,77299";"0,01011"
"3,17000";"4,78810";"0,01570"
"3,18000";"4,80321";"0,02560"
"3,19000";"4,81832";"0,02592"
"3,20000";"4,83343";"0,02582"
"3,21000";"4,84842";"0,02202"
"3,22000";"4,86342";"0,01974"
"3,23000";"4,87829";"0,01626"
"3,24000";"4,89305";"0,01271"
"3,25000";"4,90804";"0,01259"
"3,26000";"4,92315";"0,01615"
"3,27000";"4,93815";"0,01452"
"3,28000";"4,95314";"0,01665"
"3,29000";"4,96813";"0,01247"
"3,30000";"4,98313";"0,00747"
"3,31000";"4,99812";"-0,00080"
"3,32000";"5,01299";"-0,00480"
"3,33000";"5,02799";"0,00184"
"3,34000";"5,04298";"0,01167"
"3,35000";"5,05797";"0,02088"
"3,36000";"5,07297";"0,02832"
"3,37000";"5,08784";"0,02833"
"3,38000";"5,10283";"0,02503"
"3,39000";"5,11771";"0,01991"
"3,40000";"5,13282";"0,01578"
"3,41000";"5,14781";"0,01156"
"3,42000";"5,16292";"0,00265"
"3,43000";"5,17803";"0,00400"
"3,44000";"5,19315";"0,00613"
"3,45000";"5,20814";"0,01431"
"3,46000";"5,22325";"0,01414"
"3,47000";"5,23824";"0,01707"
"3,48000";"5,25312";"0,02522"
"3,49000";"5,26823";"0,03708"
"3,50000";"5,28322";"0,03781"
"3,51000";"5,29833";"0,03031"
"3,52000";"5,31321";"0,02252"
"3,53000";"5,32820";"0,02054"
"3,54000";"5,34308";"0,02155"
"3,55000";"5,35807";"0,02006"
"3,56000";"5,37306";"0,01830"
"3,57000";"5,38806";"0,02242"
"3,58000";"5,40305";"0,03235"
"3,59000";"5,41804";"0,05957"
"3,60000";"5,43303";"0,10024"
"3,61000";"5,44803";"0,14521"
"3,62000";"5,46302";"0,20773"
"3,63000";"5,47790";"0,27699"
"3,64000";"5,49277";"0,34465"
"3,65000";"5,50788";"0,41150"
"3,66000";"5,52276";"0,48605"
"3,67000";"5,53775";"0,56242"
"3,68000";"5,55286";"0,64474"
"3,69000";"5,56797";"0,72970"
"3,70000";"5,58297";"0,82081"
"3,71000";"5,59784";"0,91760"
"3,72000";"5,61283";"1,01851"
"3,73000";"5,62794";"1,12073"
"3,74000";"5,64294";"1,22411"
"3,75000";"5,65805";"1,32818"
"3,76000";"5,67304";"1,43602"
"3,77000";"5,68815";"1,53672"
"3,78000";"5,70315";"1,62911"
"3,79000";"5,71814";"1,72689"
"3,80000";"5,73313";"1,83097"
"3,81000";"5,74824";"1,92729"
"3,82000";"5,76324";"2,03251"
"3,83000";"5,77823";"2,13481"
"3,84000";"5,79322";"2,23219"
"3,85000";"5,80822";"2,33203"
"3,86000";"5,82309";"2,42261"
"3,87000";"5,83797";"2,52394"
"3,88000";"5,85308";"2,63352"
"3,89000";"5,86807";"2,73429"
"3,90000";"5,88306";"2,83138"
"3,91000";"5,89794";"2,92945"
"3,92000";"5,91293";"3,02881"
"3,93000";"5,92781";"3,12770"
"3,94000";"5,94280";"3,22570"
"3,95000";"5,95767";"3,32273"
"3,96000";"5,97267";"3,42621"
"3,97000";"5,98790";"3,52395"
"3,98000";"6,00301";"3,61425"
"3,99000";"6,01812";"3,71105"
"4,00000";"6,03311";"3,80616"
"4,01000";"6,04810";"3,90659"
"4,02000";"6,06310";"4,00238"
"4,03000";"6,07809";"4,09534"
"4,04000";"6,09320";"4,19209"
"4,05000";"6,10819";"4,29276"
"4,06000";"6,12319";"4,39230"
"4,07000";"6,13818";"4,48916"
"4,08000";"6,15306";"4,58417"
"4,09000";"6,16805";"4,66979"
"4,10000";"6,18292";"4,75717"
"4,11000";"6,19792";"4,84256"
"4,12000";"6,21291";"4,92932"
"4,13000";"6,22802";"5,02567"
"4,14000";"6,24313";"5,12510"
"4,15000";"6,25812";"5,22057"
"4,16000";"6,27312";"5,31788"
"4,17000";"6,28799";"5,41495"
"4,18000";"6,30299";"5,50917"
"4,19000";"6,31798";"5,60611"
"4,20000";"6,33297";"5,69761"
"4,21000";"6,34796";"5,79049"
"4,22000";"6,36296";"5,87536"
"4,23000";"6,37795";"5,96384"
"4,24000";"6,39283";"6,05508"
"4,25000";"6,40782";"6,15353"
"4,26000";"6,42281";"6,24726"
"4,27000";"6,43781";"6,34119"
"4,28000";"6,45292";"6,43160"
"4,29000";"6,46791";"6,52543"
"4,30000";"6,48290";"6,62259"
"4,31000";"6,49790";"6,71206"
"4,32000";"6,51289";"6,80304"
"4,33000";"6,52788";"6,89578"
"4,34000";"6,54287";"6,98399"
"4,35000";"6,55787";"7,07003"
"4,36000";"6,57298";"7,16320"
"4,37000";"6,58797";"7,25699"
"4,38000";"6,60297";"7,34776"
"4,39000";"6,61796";"7,44262"
"4,40000";"6,63295";"7,54316"
"4,41000";"6,64783";"7,64516"
"4,42000";"6,66270";"7,74262"
"4,43000";"6,67769";"7,82830"
"4,44000";"6,69281";"7,91345"
"4,45000";"6,70780";"8,00054"
"4,46000";"6,72291";"8,09368"
"4,47000";"6,73802";"8,19382"
"4,48000";"6,75301";"8,29336"
"4,49000";"6,76789";"8,39086"
"4,50000";"6,78288";"8,48229"
"4,51000";"6,79799";"8,58012"
"4,52000";"6,81299";"8,68544"
"4,53000";"6,82810";"8,78878"
"4,54000";"6,84309";"8,88450"
"4,55000";"6,85808";"8,98340"
"4,56000";"6,87296";"9,08624"
"4,57000";"6,88795";"9,19114"
"4,58000";"6,90294";"9,29306"
"4,59000";"6,91794";"9,38690"
"4,60000";"6,93293";"9,48390"
"4,61000";"6,94804";"9,58569"
"4,62000";"6,96303";"9,68041"
"4,63000";"6,97803";"9,77147"
"4,64000";"6,99302";"9,86672"
"4,65000";"7,00801";"9,96408"
"4,66000";"7,02289";"10,06311"
"4,67000";"7,03788";"10,17070"
"4,68000";"7,05288";"10,27230"
"4,69000";"7,06787";"10,37597"
"4,70000";"7,08298";"10,47852"
"4,71000";"7,09797";"10,57189"
"4,72000";"7,11297";"10,66340"
"4,73000";"7,12784";"10,76383"
"4,74000";"7,14283";"10,87924"
"4,75000";"7,15794";"10,99772"
"4,76000";"7,17294";"11,11007"
"4,77000";"7,18793";"11,21429"
"4,78000";"7,20304";"11,31427"
"4,79000";"7,21803";"11,42010"
"4,80000";"7,23291";"11,52391"
"4,81000";"7,24790";"11,62251"
"4,82000";"7,26290";"11,73063"
"4,83000";"7,27801";"11,83744"
"4,84000";"7,29312";"11,94322"
"4,85000";"7,30811";"12,04392"
"4,86000";"7,32310";"12,15140"
"4,87000";"7,33810";"12,26097"
"4,88000";"7,35309";"12,37612"
"4,89000";"7,36797";"12,48409"
"4,90000";"7,38296";"12,59526"
"4,91000";"7,39807";"12,70905"
"4,92000";"7,41306";"12,81605"
"4,93000";"7,42817";"12,91899"
"4,94000";"7,44305";"13,02070"
"4,95000";"7,45804";"13,13610"
"4,96000";"7,47292";"13,24671"
"4,97000";"7,48779";"13,35537"
"4,98000";"7,50278";"13,46174"
"4,99000";"7,51790";"13,57227"
"5,00000";"7,53301";"13,68860"
"5,01000";"7,54800";"13,80295"
"5,02000";"7,56299";"13,91490"
"5,03000";"7,57799";"14,01994"
"5,04000";"7,59286";"14,13398"
"5,05000";"7,60774";"14,24620"
"5,06000";"7,62285";"14,36160"
"5,07000";"7,63784";"14,47116"
"5,08000";"7,65295";"14,58118"
"5,09000";"7,66794";"14,69377"
"5,10000";"7,68294";"14,80940"
"5,11000";"7,69793";"14,92901"
"5,12000";"7,71292";"15,04060"
"5,13000";"7,72780";"15,15221"
"5,14000";"7,74291";"15,26443"
"5,15000";"7,75790";"15,37018"
"5,16000";"7,77278";"15,48409"
"5,17000";"7,78789";"15,60289"
"5,18000";"7,80276";"15,71894"
"5,19000";"7,81776";"15,83753"
"5,20000";"7,83275";"15,95552"
"5,21000";"7,84774";"16,06718"
"5,22000";"7,86285";"16,18570"
"5,23000";"7,87785";"16,30099"
"5,24000";"7,89296";"16,41333"
"5,25000";"7,90795";"16,52759"
"5,26000";"7,92294";"16,63905"
"5,27000";"7,93794";"16,76163"
"5,28000";"7,95281";"16,88919"
"5,29000";"7,96781";"17,01386"
"5,30000";"7,98280";"17,13589"
"5,31000";"7,99791";"17,26212"
"5,32000";"8,01290";"17,38016"
"5,33000";"8,02801";"17,49250"
"5,34000";"8,04301";"17,60888"
"5,35000";"8,05812";"17,73500"
"5,36000";"8,07299";"17,86165"
"5,37000";"8,08799";"17,97808"
"5,38000";"8,10298";"18,09969"
"5,39000";"8,11797";"18,22707"
"5,40000";"8,13297";"18,35580"
"5,41000";"8,14796";"18,48363"
"5,42000";"8,16307";"18,60427"
"5,43000";"8,17806";"18,72436"
"5,44000";"8,19306";"18,84760"
"5,45000";"8,20805";"18,96689"
"5,46000";"8,22304";"19,08839"
"5,47000";"8,23815";"19,21406"
"5,48000";"8,25326";"19,34131"
"5,49000";"8,26826";"19,46844"
"5,50000";"8,28325";"19,59561"
"5,51000";"8,29824";"19,72493"
"5,52000";"8,31312";"19,84664"
"5,53000";"8,32811";"19,96981"
"5,54000";"8,34322";"20,09855"
"5,55000";"8,35822";"20,21965"
"5,56000";"8,37321";"20,34825"
"5,57000";"8,38808";"20,48028"
"5,58000";"8,40296";"20,61094"
"5,59000";"8,41783";"20,74327"
"5,60000";"8,43283";"20,87517"
"5,61000";"8,44782";"21,00174"
"5,62000";"8,46281";"21,13425"
"5,63000";"8,47792";"21,26755"
"5,64000";"8,49315";"21,39753"
"5,65000";"8,50826";"21,51958"
"5,66000";"8,52314";"21,64405"
"5,67000";"8,53801";"21,78620"
"5,68000";"8,55301";"21,92551"
"5,69000";"8,56800";"22,06091"
"5,70000";"8,58299";"22,19376"
"5,71000";"8,59799";"22,32396"
"5,72000";"8,61310";"22,46446"
"5,73000";"8,62821";"22,60193"
"5,74000";"8,64308";"22,74193"
"5,75000";"8,65796";"22,87000"
"5,76000";"8,67283";"22,99832"
"5,77000";"8,68795";"23,13404"
"5,78000";"8,70306";"23,27572"
"5,79000";"8,71793";"23,41637"
"5,80000";"8,73292";"23,55733"
"5,81000";"8,74803";"23,70079"
"5,82000";"8,76303";"23,84457"
"5,83000";"8,77790";"23,98304"
"5,84000";"8,79290";"24,12373"
"5,85000";"8,80801";"24,26187"
"5,86000";"8,82300";"24,39863"
"5,87000";"8,83799";"24,53973"
"5,88000";"8,85299";"24,67917"
"5,89000";"8,86798";"24,82462"
"5,90000";"8,88297";"24,97590"
"5,91000";"8,89785";"25,12465"
"5,92000";"8,91272";"25,27072"
"5,93000";"8,92783";"25,41653"
"5,94000";"8,94283";"25,56380"
"5,95000";"8,95782";"25,72073"
"5,96000";"8,97281";"25,86809"
"5,97000";"8,98780";"26,01186"
"5,98000";"9,00280";"26,15812"
"5,99000";"9,01779";"26,30696"
"6,00000";"9,03279";"26,46128"
"6,01000";"9,04778";"26,62322"
"6,02000";"9,06301";"26,78216"
"6,03000";"9,07800";"26,94440"
"6,04000";"9,09299";"27,10862"
"6,05000";"9,10810";"27,26697"
"6,06000";"9,12310";"27,42310"
"6,07000";"9,13809";"27,57584"
"6,08000";"9,15308";"27,72890"
"6,09000";"9,16808";"27,87794"
"6,10000";"9,18307";"28,02868"
"6,11000";"9,19818";"28,17943"
"6,12000";"9,21317";"28,33767"
"6,13000";"9,22817";"28,50238"
"6,14000";"9,24316";"28,67188"
"6,15000";"9,25815";"28,83630"
"6,16000";"9,27303";"29,00296"
"6,17000";"9,28814";"29,16700"
"6,18000";"9,30313";"29,33296"
"6,19000";"9,31824";"29,49923"
"6,20000";"9,33324";"29,66490"
"6,21000";"9,34811";"29,83295"
"6,22000";"9,36310";"30,00122"
"6,23000";"9,37810";"30,16830"
"6,24000";"9,39309";"30,33442"
"6,25000";"9,40808";"30,50057"
"6,26000";"9,42308";"30,67294"
"6,27000";"9,43819";"30,84213"
"6,28000";"9,45330";"31,01518"
"6,29000";"9,46829";"31,19109"
"6,30000";"9,48317";"31,36830"
"6,31000";"9,49804";"31,55099"
"6,32000";"9,51304";"31,73869"
"6,33000";"9,52803";"31,92126"
"6,34000";"9,54302";"32,09721"
"6,35000";"9,55801";"32,27188"
"6,36000";"9,57312";"32,45084"
"6,37000";"9,58812";"32,62709"
"6,38000";"9,60299";"32,80608"
"6,39000";"9,61799";"32,98610"
"6,40000";"9,63310";"33,17355"
"6,41000";"9,64797";"33,36416"
"6,42000";"9,66297";"33,55657"
"6,43000";"9,67796";"33,75066"
"6,44000";"9,69307";"33,93740"
"6,45000";"9,70806";"34,12064"
"6,46000";"9,72294";"34,30862"
"6,47000";"9,73805";"34,49628"
"6,48000";"9,75304";"34,68199"
"6,49000";"9,76803";"34,87478"
"6,50000";"9,78303";"35,07830"
"6,51000";"9,79802";"35,27953"
"6,52000";"9,81301";"35,47840"
"6,53000";"9,82801";"35,67646"
"6,54000";"9,84276";"35,87151"
"6,55000";"9,85776";"36,06314"
"6,56000";"9,87287";"36,26368"
"6,57000";"9,88798";"36,47020"
"6,58000";"9,90309";"36,68246"
"6,59000";"9,91808";"36,88230"
"6,60000";"9,93308";"37,09191"
"6,61000";"9,94807";"37,31277"
"6,62000";"9,96294";"37,53295"
"6,63000";"9,97782";"37,74075"
"6,64000";"9,99293";"37,94715"
"6,65000";"10,00804";"38,15485"
"6,66000";"10,02304";"38,36657"
"6,67000";"10,03803";"38,57479"
"6,68000";"10,05302";"38,78850"
"6,69000";"10,06801";"39,00020"
"6,70000";"10,08301";"39,21324"
"6,71000";"10,09788";"39,42381"
"6,72000";"10,11299";"39,63861"
"6,73000";"10,12799";"39,86647"
"6,74000";"10,14298";"40,08859"
"6,75000";"10,15809";"40,30749"
"6,76000";"10,17308";"40,53038"
"6,77000";"10,18820";"40,75840"
"6,78000";"10,20319";"40,99131"
"6,79000";"10,21830";"41,22542"
"6,80000";"10,23329";"41,45916"
"6,81000";"10,24840";"41,69521"
"6,82000";"10,26340";"41,93443"
"6,83000";"10,27839";"42,17133"
"6,84000";"10,29326";"42,40152"
"6,85000";"10,30826";"42,63291"
"6,86000";"10,32313";"42,86207"
"6,87000";"10,33813";"43,09377"
"6,88000";"10,35312";"43,33023"
"6,89000";"10,36823";"43,57023"
"6,90000";"10,38322";"43,81989"
"6,91000";"10,39822";"44,07092"
"6,92000";"10,41309";"44,31257"
"6,93000";"10,42808";"44,55402"
"6,94000";"10,44296";"44,79737"
"6,95000";"10,45807";"45,04258"
"6,96000";"10,47306";"45,29134"
"6,97000";"10,48817";"45,54464"
"6,98000";"10,50317";"45,80516"
"6,99000";"10,51828";"46,06820"
"7,00000";"10,53315";"46,33240"
"7,01000";"10,54803";"46,59282"
"7,02000";"10,56302";"46,85348"
"7,03000";"10,57801";"47,10868"
"7,04000";"10,59301";"47,36224"
"7,05000";"10,60788";"47,61945"
"7,06000";"10,62288";"47,87524"
"7,07000";"10,63787";"48,13943"
"7,08000";"10,65286";"48,40565"
"7,09000";"10,66774";"48,66962"
"7,10000";"10,68285";"48,92788"
"7,11000";"10,69784";"49,19577"
"7,12000";"10,71283";"49,46912"
"7,13000";"10,72783";"49,74509"
"7,14000";"10,74282";"50,02637"
"7,15000";"10,75770";"50,30619"
"7,16000";"10,77281";"50,58829"
"7,17000";"10,78780";"50,87033"
"7,18000";"10,80267";"51,15986"
"7,19000";"10,81790";"51,45333"
"7,20000";"10,83290";"51,74655"
"7,21000";"10,84801";"52,04138"
"7,22000";"10,86300";"52,33990"
"7,23000";"10,87799";"52,63590"
"7,24000";"10,89299";"52,92464"
"7,25000";"10,90786";"53,20236"
"7,26000";"10,92285";"53,48527"
"7,27000";"10,93785";"53,77685"
"7,28000";"10,95296";"54,07017"
"7,29000";"10,96807";"54,36010"
"7,30000";"10,98306";"54,64930"
"7,31000";"10,99817";"54,94357"
"7,32000";"11,01305";"55,24907"
"7,33000";"11,02792";"55,54807"
"7,34000";"11,04292";"55,84257"
"7,35000";"11,05803";"56,13667"
"7,36000";"11,07302";"56,43180"
"7,37000";"11,08801";"56,73684"
"7,38000";"11,10301";"57,05435"
"7,39000";"11,11800";"57,37738"
"7,40000";"11,13311";"57,69839"
"7,41000";"11,14799";"58,01949"
"7,42000";"11,16310";"58,33589"
"7,43000";"11,17821";"58,65723"
"7,44000";"11,19320";"58,97611"
"7,45000";"11,20820";"59,29676"
"7,46000";"11,22307";"59,61456"
"7,47000";"11,23806";"59,93327"
"7,48000";"11,25306";"60,24963"
"7,49000";"11,26805";"60,56252"
"7,50000";"11,28304";"60,87663"
"7,51000";"11,29803";"61,20218"
"7,52000";"11,31303";"61,52973"
"7,53000";"11,32802";"61,86311"
"7,54000";"11,34301";"62,19551"
"7,55000";"11,35789";"62,52635"
"7,56000";"11,37288";"62,85313"
"7,57000";"11,38788";"63,17520"
"7,58000";"11,40287";"63,50259"
"7,59000";"11,41798";"63,83700"
"7,60000";"11,43309";"64,18023"
"7,61000";"11,44820";"64,52978"
"7,62000";"11,46319";"64,87733"
"7,63000";"11,47819";"65,22488"
"7,64000";"11,49306";"65,56181"
"7,65000";"11,50806";"65,89458"
"7,66000";"11,52305";"66,23821"
"7,67000";"11,53816";"66,58409"
"7,68000";"11,55315";"66,93229"
"7,69000";"11,56815";"67,27927"
"7,70000";"11,58314";"67,62999"
"7,71000";"11,59813";"67,97661"
"7,72000";"11,61301";"68,32771"
"7,73000";"11,62800";"68,67560"
"7,74000";"11,64311";"69,01915"
"7,75000";"11,65810";"69,36919"
"7,76000";"11,67310";"69,71691"
"7,77000";"11,68809";"70,06900"
"7,78000";"11,70296";"70,42260"
"7,79000";"11,71796";"70,76501"
"7,80000";"11,73295";"71,10674"
"7,81000";"11,74794";"71,44690"
"7,82000";"11,76306";"71,78159"
"7,83000";"11,77805";"72,12946"
"7,84000";"11,79304";"72,48444"
"7,85000";"11,80803";"72,83938"
"7,86000";"11,82303";"73,19717"
"7,87000";"11,83802";"73,55412"
"7,88000";"11,85290";"73,91649"
"7,89000";"11,86777";"74,27020"
"7,90000";"11,88288";"74,62044"
"7,91000";"11,89787";"74,97472"
"7,92000";"11,91299";"75,32871"
"7,93000";"11,92798";"75,69366"
"7,94000";"11,94297";"76,05753"
"7,95000";"11,95797";"76,42241"
"7,96000";"11,97284";"76,78059"
"7,97000";"11,98795";"77,12929"
"7,98000";"12,00294";"77,47327"
"7,99000";"12,01806";"77,82750"
"8,00000";"12,03293";"78,19007"
"8,01000";"12,04804";"78,55982"
"8,02000";"12,06304";"78,92466"
"8,03000";"12,07803";"79,28385"
"8,04000";"12,09290";"79,64130"
"8,05000";"12,10790";"79,98805"
"8,06000";"12,12289";"80,33409"
"8,07000";"12,13788";"80,68006"
"8,08000";"12,15287";"81,02390"
"8,09000";"12,16787";"81,36668"
"8,10000";"12,18274";"81,70350"
"8,11000";"12,19762";"82,04248"
"8,12000";"12,21261";"82,37880"
"8,13000";"12,22772";"82,71286"
"8,14000";"12,24283";"83,05219"
"8,15000";"12,25795";"83,38367"
"8,16000";"12,27294";"83,70901"
"8,17000";"12,28793";"84,02950"
"8,18000";"12,30292";"84,33735"
"8,19000";"12,31780";"84,63429"
"8,20000";"12,33279";"84,91795"
"8,21000";"12,34778";"85,20418"
"8,22000";"12,36278";"85,49673"
"8,23000";"12,37789";"85,80570"
"8,24000";"12,39300";"86,11284"
"8,25000";"12,40799";"86,41700"
"8,26000";"12,42299";"86,71884"
"8,27000";"12,43798";"87,01153"
"8,28000";"12,45286";"87,29116"
"8,29000";"12,46785";"87,55792"
"8,30000";"12,48296";"87,82207"
"8,31000";"12,49795";"88,08661"
"8,32000";"12,51294";"88,36161"
"8,33000";"12,52794";"88,62914"
"8,34000";"12,54293";"88,88198"
"8,35000";"12,55781";"89,12336"
"8,36000";"12,57280";"89,34991"
"8,37000";"12,58791";"89,55820"
"8,38000";"12,60278";"89,75787"
"8,39000";"12,61790";"89,95787"
"8,40000";"12,63289";"90,14839"
"8,41000";"12,64788";"90,32616"
"8,42000";"12,66288";"90,48849"
"8,43000";"12,67775";"90,63316"
"8,44000";"12,69286";"90,76759"
"8,45000";"12,70797";"90,89865"
"8,46000";"12,72308";"91,02038"
"8,47000";"12,73819";"91,14480"
"8,48000";"12,75331";"91,25990"
"8,49000";"12,76830";"91,34812"
"8,50000";"12,78317";"91,40261"
"8,51000";"12,79805";"91,41774"
"8,52000";"12,81304";"91,39175"
"8,53000";"12,82804";"91,34119"
"8,54000";"12,84303";"91,28216"
"8,55000";"12,85802";"91,20052"
"8,56000";"12,87313";"91,08276"
"8,57000";"12,88813";"90,93698"
"8,58000";"12,90312";"90,75836"
"8,59000";"12,91787";"90,54654"
"8,60000";"12,93287";"90,27917"
"8,61000";"12,94786";"89,97709"
"8,62000";"12,96285";"89,64597"
"8,63000";"12,97785";"89,28030"
"8,64000";"12,99284";"88,86768"
"8,65000";"13,00795";"88,42673"
"8,66000";"13,02294";"87,98618"
"8,67000";"13,03794";"87,56332"
"8,68000";"13,05305";"87,14147"
"8,69000";"13,06816";"86,70853"
"8,70000";"13,08315";"86,25671"
"8,71000";"13,09814";"85,77583"
"8,72000";"13,11302";"85,24571"
"8,73000";"13,12801";"84,66402"
"8,74000";"13,14289";"84,03736"
"8,75000";"13,15788";"83,36710"
"8,76000";"13,17287";"82,67838"
"8,77000";"13,18798";"81,98756"
"8,78000";"13,20298";"81,29350"
"8,79000";"13,21809";"80,57479"
"8,80000";"13,23308";"79,85441"
"8,81000";"13,24808";"79,14995"
"8,82000";"13,26295";"78,48231"
"8,83000";"13,27783";"77,83727"
"8,84000";"13,29282";"77,22211"
"8,85000";"13,30793";"76,62926"
"8,86000";"13,32292";"76,05423"
"8,87000";"13,33792";"75,48163"
"8,88000";"13,35291";"74,89561"
"8,89000";"13,36790";"74,28776"
"8,90000";"13,38290";"73,66074"
"8,91000";"13,39789";"73,02920"
"8,92000";"13,41288";"72,40269"
"8,93000";"13,42799";"71,80547"
"8,94000";"13,44299";"71,24646"
"8,95000";"13,45798";"70,71684"
"8,96000";"13,47297";"70,20401"
"8,97000";"13,48808";"69,69145"
"8,98000";"13,50308";"69,18727"
"8,99000";"13,51807";"68,68407"
"9,00000";"13,53306";"68,19508"
"9,01000";"13,54806";"67,72509"
"9,02000";"13,56317";"67,28881"
"9,03000";"13,57816";"66,89222"
"9,04000";"13,59315";"66,53092"
"9,05000";"13,60803";"66,20446"
"9,06000";"13,62302";"65,90159"
"9,07000";"13,63790";"65,62079"
"9,08000";"13,65289";"65,35440"
"9,09000";"13,66800";"65,12136"
"9,10000";"13,68299";"64,92200"
"9,11000";"13,69799";"64,74605"
"9,12000";"13,71298";"64,58539"
"9,13000";"13,72797";"64,44229"
"9,14000";"13,74296";"64,31363"
"9,15000";"13,75796";"64,19818"
"9,16000";"13,77307";"64,09967"
"9,17000";"13,78794";"64,01242"
"9,18000";"13,80306";"63,92572"
"9,19000";"13,81817";"63,83706"
"9,20000";"13,83316";"63,75296"
"9,21000";"13,84815";"63,67006"
"9,22000";"13,86315";"63,57946"
"9,23000";"13,87814";"63,48309"
"9,24000";"13,89313";"63,39805"
"9,25000";"13,90813";"63,33521"
"9,26000";"13,92300";"63,27607"
"9,27000";"13,93811";"63,21886"
"9,28000";"13,95322";"63,17844"
"9,29000";"13,96810";"63,14954"
"9,30000";"13,98309";"63,12320"
"9,31000";"13,99808";"63,08811"
"9,32000";"14,01308";"63,06042"
"9,33000";"14,02819";"63,04863"
"9,34000";"14,04318";"63,06100"
"9,35000";"14,05817";"63,10594"
"9,36000";"14,07305";"63,18848"
"9,37000";"14,08792";"63,30560"
"9,38000";"14,10280";"63,44189"
"9,39000";"14,11779";"63,58651"
"9,40000";"14,13278";"63,73809"
"9,41000";"14,14778";"63,89792"
"9,42000";"14,16289";"64,04980"
"9,43000";"14,17788";"64,18665"
"9,44000";"14,19299";"64,32311"
"9,45000";"14,20787";"64,45683"
"9,46000";"14,22274";"64,58579"
"9,47000";"14,23785";"64,71412"
"9,48000";"14,25285";"64,84393"
"9,49000";"14,26796";"64,99409"
"9,50000";"14,28307";"65,18543"
"9,51000";"14,29818";"65,38122"
"9,52000";"14,31317";"65,55443"
"9,53000";"14,32817";"65,71905"
"9,54000";"14,34304";"65,86375"
"9,55000";"14,35815";"66,01636"
"9,56000";"14,37315";"66,18844"
"9,57000";"14,38814";"66,38096"
"9,58000";"14,40313";"66,58367"
"9,59000";"14,41813";"66,78732"
"9,60000";"14,43324";"66,99608"
"9,61000";"14,44811";"67,21133"
"9,62000";"14,46310";"67,40829"
"9,63000";"14,47810";"67,59038"
"9,64000";"14,49321";"67,78922"
"9,65000";"14,50820";"67,99345"
"9,66000";"14,52319";"68,20773"
"9,67000";"14,53819";"68,40876"
"9,68000";"14,55306";"68,60285"
"9,69000";"14,56794";"68,79072"
"9,70000";"14,58293";"68,96481"
"9,71000";"14,59804";"69,12911"
"9,72000";"14,61303";"69,30010"
"9,73000";"14,62815";"69,46606"
"9,74000";"14,64314";"69,61906"
"9,75000";"14,65825";"69,75364"
"9,76000";"14,67313";"69,89715"
"9,77000";"14,68800";"70,04441"
"9,78000";"14,70287";"70,18172"
"9,79000";"14,71799";"70,29690"
"9,80000";"14,73310";"70,41196"
"9,81000";"14,74821";"70,53580"
"9,82000";"14,76320";"70,66471"
"9,83000";"14,77820";"70,77952"
"9,84000";"14,79319";"70,88921"
"9,85000";"14,80818";"70,99117"
"9,86000";"14,82317";"71,08707"
"9,87000";"14,83817";"71,18652"
"9,88000";"14,85304";"71,29890"
"9,89000";"14,86804";"71,43110"
"9,90000";"14,88291";"71,57469"
"9,91000";"14,89790";"71,73362"
"9,92000";"14,91301";"71,90994"
"9,93000";"14,92801";"72,11414"
"9,94000";"14,94300";"72,32993"
"9,95000";"14,95799";"72,53158"
"9,96000";"14,97322";"72,72234"
"9,97000";"14,98822";"72,92178"
"9,98000";"15,00309";"73,12645"
"9,99000";"15,01808";"73,32166"
"10,00000";"15,03308";"73,50659"
"10,01000";"15,04795";"73,69931"
"10,02000";"15,06306";"73,88662"
"10,03000";"15,07806";"74,07230"
"10,04000";"15,09305";"74,24698"
"10,05000";"15,10816";"74,42462"
"10,06000";"15,12315";"74,62168"
"10,07000";"15,13815";"74,83908"
"10,08000";"15,15302";"75,06126"
"10,09000";"15,16790";"75,27747"
"10,10000";"15,18289";"75,51672"
"10,11000";"15,19788";"75,78806"
"10,12000";"15,21287";"76,07797"
"10,13000";"15,22787";"76,38907"
"10,14000";"15,24286";"76,72578"
"10,15000";"15,25785";"77,07352"
"10,16000";"15,27273";"77,43005"
"10,17000";"15,28772";"77,78590"
"10,18000";"15,30283";"78,16379"
"10,19000";"15,31783";"78,57524"
"10,20000";"15,33294";"79,01275"
"10,21000";"15,34793";"79,44632"
"10,22000";"15,36292";"79,87903"
"10,23000";"15,37792";"80,32372"
"10,24000";"15,39291";"80,76392"
"10,25000";"15,40790";"81,19675"
"10,26000";"15,42290";"81,63728"
"10,27000";"15,43801";"82,07735"
"10,28000";"15,45300";"82,51846"
"10,29000";"15,46799";"82,95385"
"10,30000";"15,48287";"83,38041"
"10,31000";"15,49786";"83,79899"
"10,32000";"15,51274";"84,22158"
"10,33000";"15,52773";"84,64793"
"10,34000";"15,54284";"85,09335"
"10,35000";"15,55807";"85,56497"
"10,36000";"15,57318";"86,05311"
"10,37000";"15,58817";"86,51492"
"10,38000";"15,60317";"86,96226"
"10,39000";"15,61816";"87,40203"
"10,40000";"15,63304";"87,82259"
"10,41000";"15,64803";"88,23264"
"10,42000";"15,66302";"88,64526"
"10,43000";"15,67801";"89,06052"
"10,44000";"15,69312";"89,48019"
"10,45000";"15,70812";"89,90561"
"10,46000";"15,72311";"90,32550"
"10,47000";"15,73799";"90,73573"
"10,48000";"15,75298";"91,13501"
"10,49000";"15,76797";"91,52393"
"10,50000";"15,78297";"91,90294"
"10,51000";"15,79784";"92,29536"
"10,52000";"15,81283";"92,69883"
"10,53000";"15,82794";"93,11064"
"10,54000";"15,84282";"93,51020"
"10,55000";"15,85781";"93,89890"
"10,56000";"15,87281";"94,29062"
"10,57000";"15,88780";"94,70534"
"10,58000";"15,90291";"95,14650"
"10,59000";"15,91802";"95,61874"
"10,60000";"15,93301";"96,12225"
"10,61000";"15,94801";"96,62173"
"10,62000";"15,96300";"97,09682"
"10,63000";"15,97799";"97,56358"
"10,64000";"15,99310";"98,03661"
"10,65000";"16,00810";"98,51311"
"10,66000";"16,02309";"98,97139"
"10,67000";"16,03808";"99,39761"
"10,68000";"16,05308";"99,81033"
"10,69000";"16,06807";"100,22215"
"10,70000";"16,08306";"100,63893"
"10,71000";"16,09794";"101,05744"
"10,72000";"16,11293";"101,49088"
"10,73000";"16,12804";"101,92403"
"10,74000";"16,14304";"102,37010"
"10,75000";"16,15815";"102,81071"
"10,76000";"16,17314";"103,27136"
"10,77000";"16,18813";"103,74158"
"10,78000";"16,20312";"104,22766"
"10,79000";"16,21812";"104,70345"
"10,80000";"16,23299";"105,16158"
"10,81000";"16,24799";"105,59436"
"10,82000";"16,26298";"106,02343"
"10,83000";"16,27785";"106,44133"
"10,84000";"16,29285";"106,86506"
"10,85000";"16,30784";"107,30237"
"10,86000";"16,32283";"107,76393"
"10,87000";"16,33783";"108,24267"
"10,88000";"16,35282";"108,73503"
"10,89000";"16,36781";"109,25617"
"10,90000";"16,38292";"109,81303"
"10,91000";"16,39804";"110,40781"
"10,92000";"16,41303";"111,02342"
"10,93000";"16,42802";"111,65131"
"10,94000";"16,44301";"112,25893"
"10,95000";"16,45801";"112,84583"
"10,96000";"16,47312";"113,41695"
"10,97000";"16,48811";"114,00569"
"10,98000";"16,50322";"114,61379"
"10,99000";"16,51822";"115,21236"
"11,00000";"16,53309";"115,79612"
"11,01000";"16,54808";"116,38631"
"11,02000";"16,56296";"116,98325"
"11,03000";"16,57784";"117,57725"
"11,04000";"16,59283";"118,17773"
"11,05000";"16,60782";"118,80430"
"11,06000";"16,62293";"119,46567"
"11,07000";"16,63804";"120,13637"
"11,08000";"16,65315";"120,79662"
"11,09000";"16,66814";"121,44499"
"11,10000";"16,68314";"122,07898"
"11,11000";"16,69801";"122,67194"
"11,12000";"16,71301";"123,23291"
"11,13000";"16,72800";"123,80331"
"11,14000";"16,74299";"124,41888"
"11,15000";"16,75787";"125,04826"
"11,16000";"16,77286";"125,67009"
"11,17000";"16,78786";"126,28529"
"11,18000";"16,80285";"126,92139"
"11,19000";"16,81784";"127,55117"
"11,20000";"16,83295";"128,15559"
"11,21000";"16,84806";"128,77979"
"11,22000";"16,86317";"129,44933"
"11,23000";"16,87817";"130,14571"
"11,24000";"16,89316";"130,82747"
"11,25000";"16,90815";"131,48380"
"11,26000";"16,92291";"132,12119"
"11,27000";"16,93790";"132,75661"
"11,28000";"16,95301";"133,46255"
"11,29000";"16,96801";"134,27122"
"11,30000";"16,98312";"135,18819"
"11,31000";"16,99811";"136,15340"
"11,32000";"17,01311";"137,14790"
"11,33000";"17,02810";"138,15678"
"11,34000";"17,04297";"139,17902"
"11,35000";"17,05785";"140,17358"
"11,36000";"17,07284";"141,14075"
"11,37000";"17,08783";"142,13150"
"11,38000";"17,10283";"143,15974"
"11,39000";"17,11782";"144,18575"
"11,40000";"17,13293";"145,16859"
"11,41000";"17,14792";"146,14462"
"11,42000";"17,16280";"147,09868"
"11,43000";"17,17779";"147,96834"
"11,44000";"17,19290";"148,87427"
"11,45000";"17,20790";"149,86212"
"11,46000";"17,22289";"150,91745"
"11,47000";"17,23788";"152,01483"
"11,48000";"17,25288";"153,12318"
"11,49000";"17,26787";"154,25169"
"11,50000";"17,28274";"155,41391"
"11,51000";"17,29774";"156,59721"
"11,52000";"17,31285";"157,83791"
"11,53000";"17,32784";"159,13519"
"11,54000";"17,34295";"160,44879"
"11,55000";"17,35783";"161,76636"
"11,56000";"17,37282";"163,05309"
"11,57000";"17,38781";"164,31798"
"11,58000";"17,40281";"165,58319"
"11,59000";"17,41780";"166,86201"
"11,60000";"17,43291";"168,16415"
"11,61000";"17,44802";"169,49306"
"11,62000";"17,46313";"170,80644"
"11,63000";"17,47812";"172,09991"
"11,64000";"17,49300";"173,34262"
"11,65000";"17,50799";"174,54378"
"11,66000";"17,52287";"175,76898"
"11,67000";"17,53786";"177,07797"
"11,68000";"17,55274";"178,50650"
"11,69000";"17,56785";"180,02597"
"11,70000";"17,58284";"181,62134"
"11,71000";"17,59772";"183,24478"
"11,72000";"17,61259";"184,89618"
"11,73000";"17,62758";"186,55885"
"11,74000";"17,64246";"188,24318"
"11,75000";"17,65745";"189,93088"
"11,76000";"17,67245";"191,67947"
"11,77000";"17,68744";"193,46721"
"11,78000";"17,70267";"195,30496"
"11,79000";"17,71802";"197,23650"
"11,80000";"17,73313";"199,24512"
"11,81000";"17,74812";"201,21898"
"11,82000";"17,76323";"203,12222"
"11,83000";"17,77834";"204,97044"
"11,84000";"17,79322";"206,78587"
"11,85000";"17,80832";"208,56215"
"11,86000";"17,82332";"210,37550"
"11,87000";"17,83820";"212,21951"
"11,88000";"17,85307";"214,13084"
"11,89000";"17,86806";"216,08630"
"11,90000";"17,88305";"218,04517"
"11,91000";"17,89817";"220,02751"
"11,92000";"17,91304";"222,05148"
"11,93000";"17,92815";"224,08841"
"11,94000";"17,94314";"226,12845"
"11,95000";"17,95802";"228,17825"
"11,96000";"17,97290";"230,27524"
"11,97000";"17,98777";"232,50380"
"11,98000";"18,00265";"234,84515"
"11,99000";"18,01764";"237,29099"
"12,00000";"18,03251";"239,85747"
"12,01000";"18,04751";"242,57306"
"12,02000";"18,06250";"245,39751"
"12,03000";"18,07761";"248,35741"
"12,04000";"18,09249";"251,39835"
"12,05000";"18,10748";"254,40707"
"12,06000";"18,12247";"257,35760"
"12,07000";"18,13770";"260,35730"
"12,08000";"18,15293";"263,52417"
"12,09000";"18,16804";"266,82928"
"12,10000";"18,18327";"270,25674"
"12,11000";"18,19827";"273,78323"
"12,12000";"18,21326";"277,32623"
"12,13000";"18,22813";"280,88120"
"12,14000";"18,24301";"284,41641"
"12,15000";"18,25812";"288,06754"
"12,16000";"18,27299";"291,96310"
"12,17000";"18,28810";"296,05078"
"12,18000";"18,30298";"300,24973"
"12,19000";"18,31797";"304,57950"
"12,20000";"18,33285";"308,92661"
"12,21000";"18,34772";"313,21634"
"12,22000";"18,36272";"317,49252"
"12,23000";"18,37771";"321,79889"
"12,24000";"18,39270";"326,21823"
"12,25000";"18,40770";"330,70477"
"12,26000";"18,42269";"335,40179"
"12,27000";"18,43756";"340,28833"
"12,28000";"18,45244";"345,34805"
"12,29000";"18,46731";"350,56644"
"12,30000";"18,48254";"356,00369"
"12,31000";"18,49765";"361,78787"
"12,31200";"18,50072";"362,96576"
"12,31400";"18,50367";"364,14471"
"12,32400";"18,51678";"369,99603"
"12,33400";"18,52433";"374,05710"
"12,34400";"18,52658";"371,99411"
"12,34600";"18,52670";"370,54364"
"12,35600";"18,52528";"357,70074"
"12,36600";"18,51973";"336,61923"
"12,37600";"18,50769";"305,10071"
"12,38600";"18,49033";"255,56471"
"12,39600";"18,47003";"186,90373"
"12,40600";"18,44842";"111,21374"
"12,41600";"18,42658";"44,39683"
"12,42600";"18,40533";"-3,75923"
"12,43600";"18,38503";"-31,26646"
"12,44600";"18,36543";"-41,84232"
"12,45600";"18,34666";"-41,36352"
"12,46600";"18,32836";"-34,13571"
"12,47600";"18,31089";"-24,74906"
"12,48600";"18,29389";"-16,34613"
"12,49600";"18,27748";"-10,06928"
"12,50600";"18,26142";"-6,13834"
"12,51600";"18,24549";"-4,11533"
"12,52600";"18,22990";"-3,42972"
"12,53600";"18,21479";"-3,49532"
"12,54600";"18,19956";"-3,88650"
"12,55600";"18,18422";"-4,37195"
"12,56600";"18,16887";"-4,85239"
"12,57600";"18,15329";"-5,27381"
"12,58600";"18,13794";"-5,61526"
"12,59600";"18,12247";"-5,88412"
"12,60600";"18,10724";"-6,07443"
"12,61600";"18,09201";"-6,18398"
"12,62600";"18,07690";"-6,23052"
"12,63600";"18,06191";"-6,23973"
"12,64600";"18,04692";"-6,17901"
"12,65600";"18,03204";"-6,03596"
"12,66600";"18,01705";"-5,87685"
"12,67600";"18,00194";"-5,74297"
"12,68600";"17,98695";"-5,64212"
"12,69600";"17,97195";"-5,57074"
"12,70600";"17,95684";"-5,50447"
"12,71600";"17,94185";"-5,43718"
"12,72600";"17,92697";"-5,36934"
"12,73600";"17,91198";"-5,30202"
"12,74600";"17,89699";"-5,22220"
"12,75600";"17,88199";"-5,13828"
"12,76600";"17,86688";"-5,06653"
"12,77600";"17,85177";"-4,99788"
"12,78600";"17,83690";"-4,93303"
"12,79600";"17,82190";"-4,86413"
"12,80600";"17,80703";"-4,78481"
"12,81600";"17,79215";"-4,70038"
"12,82600";"17,77716";"-4,61212"
"12,83600";"17,76229";"-4,52293"
"12,84600";"17,74741";"-4,43692"
"12,85600";"17,73218";"-4,34688"
"12,86600";"17,71707";"-4,26525"
"12,87600";"17,70196";"-4,17675"
"12,88600";"17,68685";"-4,08889"
"12,89600";"17,67186";"-3,99552"
"12,90600";"17,65686";"-3,90817"
"12,91600";"17,64187";"-3,82101"
"12,92600";"17,62675";"-3,73220"
"12,93600";"17,61165";"-3,64333"
"12,94600";"17,59689";"-3,55107"
"12,95600";"17,58201";"-3,45697"
"12,96600";"17,56714";"-3,36961"
"12,97600";"17,55202";"-3,28419"
"12,98600";"17,53703";"-3,20467"
"12,99600";"17,52204";"-3,13340"
"13,00600";"17,50693";"-3,06397"
"13,01600";"17,49182";"-3,00900"
"13,02600";"17,47694";"-2,96025"
"13,03600";"17,46207";"-2,90857"
"13,04600";"17,44719";"-2,85677"
"13,05600";"17,43220";"-2,79654"
"13,06600";"17,41709";"-2,72471"
"13,07600";"17,40210";"-2,65312"
"13,08600";"17,38711";"-2,58803"
"13,09600";"17,37199";"-2,52286"
"13,10600";"17,35700";"-2,45959"
"13,11600";"17,34212";"-2,40109"
"13,12600";"17,32713";"-2,34194"
"13,13600";"17,31202";"-2,27832"
"13,14600";"17,29703";"-2,21049"
"13,15600";"17,28204";"-2,14549"
"13,16600";"17,26704";"-2,07968"
"13,17600";"17,25193";"-2,01210"
"13,18600";"17,23694";"-1,94900"
"13,19600";"17,22206";"-1,89422"
"13,20600";"17,20719";"-1,84386"
"13,21600";"17,19208";"-1,80517"
"13,22600";"17,17708";"-1,76958"
"13,23600";"17,16209";"-1,72344"
"13,24600";"17,14698";"-1,67103"
"13,25600";"17,13199";"-1,62435"
"13,26600";"17,11699";"-1,58017"
"13,27600";"17,10200";"-1,54715"
"13,28600";"17,08701";"-1,52229"
"13,29600";"17,07201";"-1,49324"
"13,30600";"17,05702";"-1,46093"
"13,31600";"17,04203";"-1,43678"
"13,32600";"17,02703";"-1,40810"
"13,33600";"17,01192";"-1,39396"
"13,34600";"16,99693";"-1,38243"
"13,35600";"16,98206";"-1,36815"
"13,36600";"16,96706";"-1,35149"
"13,37600";"16,95219";"-1,32979"
"13,38600";"16,93696";"-1,30632"
"13,39600";"16,92196";"-1,28285"
"13,40600";"16,90697";"-1,25989"
"13,41600";"16,89186";"-1,23518"
"13,42600";"16,87687";"-1,21872"
"13,43600";"16,86188";"-1,20233"
"13,44600";"16,84688";"-1,18405"
"13,45600";"16,83201";"-1,16857"
"13,46600";"16,81701";"-1,14962"
"13,47600";"16,80190";"-1,13902"
"13,48600";"16,78691";"-1,12925"
"13,49600";"16,77192";"-1,11533"
"13,50600";"16,75692";"-1,09253"
"13,51600";"16,74193";"-1,07242"
"13,52600";"16,72706";"-1,05439"
"13,53600";"16,71206";"-1,04064"
"13,54600";"16,69707";"-1,03006"
"13,55600";"16,68208";"-1,01655"
"13,56600";"16,66697";"-1,00696"
"13,57600";"16,65197";"-0,99310"
"13,58600";"16,63710";"-0,98542"
"13,59600";"16,62199";"-0,97400"
"13,60600";"16,60687";"-0,96196"
"13,61600";"16,59188";"-0,94789"
"13,62600";"16,57689";"-0,93275"
"13,63600";"16,56166";"-0,92470"
"13,64600";"16,54667";"-0,91609"
"13,65600";"16,53167";"-0,90646"
"13,66600";"16,51692";"-0,89914"
"13,67600";"16,50204";"-0,89157"
"13,68600";"16,48693";"-0,88130"
"13,69600";"16,47194";"-0,87580"
"13,70600";"16,45706";"-0,86351"
"13,71600";"16,44195";"-0,85602"
"13,72600";"16,42684";"-0,84705"
"13,73600";"16,41197";"-0,83224"
"13,74600";"16,39709";"-0,81852"
"13,75600";"16,38210";"-0,80770"
"13,76600";"16,36710";"-0,79755"
"13,77600";"16,35223";"-0,78988"
"13,78600";"16,33724";"-0,78361"
"13,79600";"16,32224";"-0,77427"
"13,80600";"16,30713";"-0,76458"
"13,81600";"16,29214";"-0,75222"
"13,82600";"16,27715";"-0,74666"
"13,83600";"16,26227";"-0,74156"
"13,84600";"16,24716";"-0,73059"
"13,85600";"16,23205";"-0,72431"
"13,86600";"16,21706";"-0,71324"
"13,87600";"16,20206";"-0,70147"
"13,88600";"16,18707";"-0,69272"
"13,89600";"16,17208";"-0,68712"
"13,90600";"16,15720";"-0,67515"
"13,91600";"16,14233";"-0,66664"
"13,92600";"16,12710";"-0,65388"
"13,93600";"16,11187";"-0,64781"
"13,94600";"16,09687";"-0,64482"
"13,95600";"16,08177";"-0,63992"
"13,96600";"16,06677";"-0,62654"
"13,97600";"16,05178";"-0,61669"
"13,98600";"16,03679";"-0,61254"
"13,99600";"16,02203";"-0,60577"
"14,00600";"16,00704";"-0,59586"
"14,01600";"15,99192";"-0,58453"
"14,02600";"15,97693";"-0,57130"
"14,03600";"15,96206";"-0,55037"
"14,04600";"15,94706";"-0,53521"
"14,05600";"15,93207";"-0,52492"
"14,06600";"15,91708";"-0,52670"
"14,07600";"15,90220";"-0,52805"
"14,08600";"15,88721";"-0,51769"
"14,09600";"15,87222";"-0,50813"
"14,10600";"15,85710";"-0,50112"
"14,11600";"15,84211";"-0,49746"
"14,12600";"15,82712";"-0,49591"
"14,13600";"15,81213";"-0,49406"
"14,14600";"15,79713";"-0,49711"
"14,15600";"15,78214";"-0,49496"
"14,16600";"15,76715";"-0,49426"
"14,17600";"15,75215";"-0,49404"
"14,18600";"15,73704";"-0,48883"
"14,19600";"15,72205";"-0,49097"
"14,20600";"15,70706";"-0,49521"
"14,21600";"15,69218";"-0,49978"
"14,22600";"15,67719";"-0,50134"
"14,23600";"15,66220";"-0,50076"
"14,24600";"15,64720";"-0,49659"
"14,25600";"15,63209";"-0,49519"
"14,26600";"15,61698";"-0,49570"
"14,27600";"15,60175";"-0,49698"
"14,28600";"15,58687";"-0,50377"
"14,29600";"15,57176";"-0,50727"
"14,30600";"15,55677";"-0,51111"
"14,31600";"15,54190";"-0,52069"
"14,32600";"15,52702";"-0,51657"
"14,33600";"15,51203";"-0,50824"
"14,34600";"15,49692";"-0,49922"
"14,35600";"15,48180";"-0,49412"
"14,36600";"15,46681";"-0,48789"
"14,37600";"15,45205";"-0,48223"
"14,38600";"15,43694";"-0,48483"
"14,39600";"15,42195";"-0,48805"
"14,40600";"15,40707";"-0,49449"
"14,41600";"15,39220";"-0,50532"
"14,42600";"15,37709";"-0,50711"
"14,43600";"15,36198";"-0,49556"
"14,44600";"15,34699";"-0,48966"
"14,45600";"15,33211";"-0,48962"
"14,46600";"15,31712";"-0,48141"
"14,47600";"15,30201";"-0,47709"
"14,48600";"15,28713";"-0,47794"
"14,49600";"15,27214";"-0,47577"
"14,50600";"15,25715";"-0,47534"
"14,51600";"15,24203";"-0,46727"
"14,52600";"15,22704";"-0,46990"
"14,53600";"15,21205";"-0,47622"
"14,54600";"15,19717";"-0,47923"
"14,55600";"15,18206";"-0,47521"
"14,56600";"15,16707";"-0,47104"
"14,57600";"15,15219";"-0,46466"
"14,58600";"15,13720";"-0,46223"
"14,59600";"15,12209";"-0,46555"
"14,60600";"15,10698";"-0,46828"
"14,61600";"15,09210";"-0,46675"
"14,62600";"15,07723";"-0,45951"
"14,63600";"15,06223";"-0,45109"
"14,64600";"15,04701";"-0,45108"
"14,65600";"15,03201";"-0,45603"
"14,66600";"15,01702";"-0,45704"
"14,67600";"15,00203";"-0,45931"
"14,68600";"14,98703";"-0,45506"
"14,69600";"14,97216";"-0,44233"
"14,70600";"14,95728";"-0,43946"
"14,71600";"14,94241";"-0,44140"
"14,72600";"14,92730";"-0,43852"
"14,73600";"14,91231";"-0,43319"
"14,74600";"14,89731";"-0,42792"
"14,75600";"14,88232";"-0,42223"
"14,76600";"14,86709";"-0,41957"
"14,77600";"14,85210";"-0,42461"
"14,78600";"14,83722";"-0,42229"
"14,79600";"14,82223";"-0,41221"
"14,80600";"14,80712";"-0,40102"
"14,81600";"14,79212";"-0,39872"
"14,82600";"14,77713";"-0,40278"
"14,83600";"14,76226";"-0,40489"
"14,84600";"14,74714";"-0,41036"
"14,85600";"14,73203";"-0,41586"
"14,86600";"14,71716";"-0,41779"
"14,87600";"14,70217";"-0,41562"
"14,88600";"14,68706";"-0,41129"
"14,89600";"14,67194";"-0,40700"
"14,90600";"14,65707";"-0,40311"
"14,91600";"14,64219";"-0,40498"
"14,92600";"14,62708";"-0,40926"
"14,93600";"14,61197";"-0,41425"
"14,94600";"14,59698";"-0,41287"
"14,95600";"14,58199";"-0,41413"
"14,96600";"14,56687";"-0,41672"
"14,97600";"14,55165";"-0,41759"
"14,98600";"14,53665";"-0,41992"
"14,99600";"14,52190";"-0,40766"
"15,00600";"14,50690";"-0,39770"
"15,01600";"14,49179";"-0,39808"
"15,02600";"14,47680";"-0,40639"
"15,03600";"14,46192";"-0,40205"
"15,04600";"14,44681";"-0,39835"
"15,05600";"14,43170";"-0,40353"
"15,06600";"14,41671";"-0,40946"
"15,07600";"14,40183";"-0,40692"
"15,08600";"14,38696";"-0,39864"
"15,09600";"14,37197";"-0,38813"
"15,10600";"14,35685";"-0,38921"
"15,11600";"14,34186";"-0,38886"
"15,12600";"14,32687";"-0,38782"
"15,13600";"14,31164";"-0,38480"
"15,14600";"14,29665";"-0,38294"
"15,15600";"14,28189";"-0,38529"
"15,16600";"14,26701";"-0,38922"
"15,17600";"14,25202";"-0,39094"
"15,18600";"14,23679";"-0,38292"
"15,19600";"14,22180";"-0,37093"
"15,20600";"14,20681";"-0,36708"
"15,21600";"14,19169";"-0,36337"
"15,22600";"14,17670";"-0,35851"
"15,23600";"14,16194";"-0,35480"
"15,24600";"14,14719";"-0,35229"
"15,25600";"14,13219";"-0,35146"
"15,26600";"14,11697";"-0,35056"
"15,27600";"14,10197";"-0,35279"
"15,28600";"14,08710";"-0,34899"
"15,29600";"14,07199";"-0,33775"
"15,30600";"14,05688";"-0,32180"
"15,31600";"14,04200";"-0,30690"
"15,32600";"14,02724";"-0,29255"
"15,33600";"14,01225";"-0,27326"
"15,34600";"13,99714";"-0,25783"
"15,35600";"13,98215";"-0,25194"
"15,36600";"13,96727";"-0,23889"
"15,37600";"13,95228";"-0,22741"
"15,38600";"13,93717";"-0,22667"
"15,39600";"13,92229";"-0,22973"
"15,40600";"13,90730";"-0,22393"
"15,41600";"13,89231";"-0,21446"
"15,42600";"13,87719";"-0,20684"
"15,43600";"13,86208";"-0,19505"
"15,44600";"13,84709";"-0,18252"
"15,45600";"13,83210";"-0,16865"
"15,46600";"13,81699";"-0,16442"
"15,47600";"13,80211";"-0,16290"
"15,48600";"13,78724";"-0,16707"
"15,49600";"13,77224";"-0,16768"
"15,50600";"13,75701";"-0,16818"
"15,51600";"13,74179";"-0,16898"
"15,52600";"13,72679";"-0,17235"
"15,53600";"13,71180";"-0,17560"
"15,54600";"13,69681";"-0,17564"
"15,55600";"13,68181";"-0,17461"
"15,56600";"13,66706";"-0,16820"
"15,57600";"13,65218";"-0,15559"
"15,58600";"13,63707";"-0,15015"
"15,59600";"13,62196";"-0,14876"
"15,60600";"13,60697";"-0,15212"
"15,61600";"13,59197";"-0,14608"
"15,62600";"13,57710";"-0,14690"
"15,63600";"13,56199";"-0,14613"
"15,64600";"13,54688";"-0,14654"
"15,65600";"13,53212";"-0,13978"
"15,66600";"13,51712";"-0,12733"
"15,67600";"13,50190";"-0,12853"
"15,68600";"13,48690";"-0,13908"
"15,69600";"13,47203";"-0,14669"
"15,70600";"13,45704";"-0,14720"
"15,71600";"13,44204";"-0,14340"
"15,72600";"13,42705";"-0,14220"
"15,73600";"13,41206";"-0,14921"
"15,74600";"13,39706";"-0,14887"
"15,75600";"13,38195";"-0,14870"
"15,76600";"13,36672";"-0,15443"
"15,77600";"13,35185";"-0,15715"
"15,78600";"13,33709";"-0,15092"
"15,79600";"13,32210";"-0,14490"
"15,80600";"13,30699";"-0,14672"
"15,81600";"13,29199";"-0,14989"
"15,82600";"13,27700";"-0,14898"
"15,83600";"13,26189";"-0,14928"
"15,84600";"13,24666";"-0,15375"
"15,85600";"13,23178";"-0,16107"
"15,86600";"13,21703";"-0,16163"
"15,87600";"13,20215";"-0,15799"
"15,88600";"13,18704";"-0,15922"
"15,89600";"13,17205";"-0,16190"
"15,90600";"13,15706";"-0,15549"
"15,91600";"13,14194";"-0,14641"
"15,92600";"13,12683";"-0,14214"
"15,93600";"13,11172";"-0,13598"
"15,94600";"13,09697";"-0,14046"
"15,95600";"13,08209";"-0,14425"
"15,96600";"13,06698";"-0,15075"
"15,97600";"13,05199";"-0,14967"
"15,98600";"13,03699";"-0,14733"
"15,99600";"13,02200";"-0,14149"
"16,00600";"13,00689";"-0,13662"
"16,01600";"12,99178";"-0,13471"
"16,02600";"12,97690";"-0,14069"
"16,03600";"12,96215";"-0,14518"
"16,04600";"12,94703";"-0,14839"
"16,05600";"12,93204";"-0,14256"
"16,06600";"12,91705";"-0,13532"
"16,07600";"12,90205";"-0,12889"
"16,08600";"12,88706";"-0,12485"
"16,09600";"12,87207";"-0,12146"
"16,10600";"12,85708";"-0,12730"
"16,11600";"12,84220";"-0,12684"
"16,12600";"12,82709";"-0,12828"
"16,13600";"12,81198";"-0,13160"
"16,14600";"12,79699";"-0,13449"
"16,15600";"12,78199";"-0,14011"
"16,16600";"12,76700";"-0,14083"
"16,17600";"12,75189";"-0,14392"
"16,18600";"12,73701";"-0,14361"
"16,19600";"12,72214";"-0,14690"
"16,20600";"12,70715";"-0,15134"
"16,21600";"12,69192";"-0,15020"
"16,22600";"12,67681";"-0,14722"
"16,23600";"12,66181";"-0,14182"
"16,24600";"12,64682";"-0,13933"
"16,25600";"12,63183";"-0,13295"
"16,26600";"12,61683";"-0,12637"
"16,27600";"12,60196";"-0,12813"
"16,28600";"12,58697";"-0,12958"
"16,29600";"12,57197";"-0,13099"
"16,30600";"12,55698";"-0,13127"
"16,31600";"12,54187";"-0,13306"
"16,32600";"12,52688";"-0,13072"
"16,33600";"12,51176";"-0,13358"
"16,34600";"12,49677";"-0,14624"
"16,35600";"12,48178";"-0,15425"
"16,36600";"12,46690";"-0,14958"
"16,37600";"12,45191";"-0,14505"
"16,38600";"12,43680";"-0,13708"
"16,39600";"12,42180";"-0,13246"
"16,40600";"12,40693";"-0,13519"
"16,41600";"12,39206";"-0,14008"
"16,42600";"12,37706";"-0,13956"
"16,43600";"12,36195";"-0,13442"
"16,44600";"12,34696";"-0,13607"
"16,45600";"12,33196";"-0,13558"
"16,46600";"12,31697";"-0,13342"
"16,47600";"12,30186";"-0,14038"
"16,48600";"12,28687";"-0,14692"
"16,49600";"12,27199";"-0,15281"
"16,50600";"12,25700";"-0,15756"
"16,51600";"12,24201";"-0,16829"
"16,52600";"12,22701";"-0,17127"
"16,53600";"12,21202";"-0,16130"
"16,54600";"12,19691";"-0,14615"
"16,55600";"12,18180";"-0,14297"
"16,56600";"12,16681";"-0,14305"
"16,57600";"12,15193";"-0,14308"
"16,58600";"12,13694";"-0,14360"
"16,59600";"12,12194";"-0,14102"
"16,60600";"12,10707";"-0,13918"
"16,61600";"12,09208";"-0,14000"
"16,62600";"12,07720";"-0,13969"
"16,63600";"12,06209";"-0,13726"
"16,64600";"12,04710";"-0,14349"
"16,65600";"12,03222";"-0,14830"
"16,66600";"12,01723";"-0,14788"
"16,67600";"12,00212";"-0,14118"
"16,68600";"11,98701";"-0,13598"
"16,69600";"11,97190";"-0,13438"
"16,70600";"11,95690";"-0,14324"
"16,71600";"11,94191";"-0,14979"
"16,72600";"11,92680";"-0,15017"
"16,73600";"11,91192";"-0,15275"
"16,74600";"11,89705";"-0,15257"
"16,75600";"11,88194";"-0,14978"
"16,76600";"11,86695";"-0,14948"
"16,77600";"11,85195";"-0,14190"
"16,78600";"11,83684";"-0,13328"
"16,79600";"11,82185";"-0,13333"
"16,80600";"11,80685";"-0,13632"
"16,81600";"11,79186";"-0,14057"
"16,82600";"11,77699";"-0,14035"
"16,83600";"11,76211";"-0,13866"
"16,84600";"11,74700";"-0,13827"
"16,85600";"11,73201";"-0,14383"
"16,86600";"11,71701";"-0,14696"
"16,87600";"11,70202";"-0,14722"
"16,88600";"11,68703";"-0,14133"
"16,89600";"11,67192";"-0,14385"
"16,90600";"11,65693";"-0,15084"
"16,91600";"11,64205";"-0,15991"
"16,92600";"11,62706";"-0,16206"
"16,93600";"11,61195";"-0,16495"
"16,94600";"11,59683";"-0,16356"
"16,95600";"11,58196";"-0,15771"
"16,96600";"11,56697";"-0,15190"
"16,97600";"11,55197";"-0,14849"
"16,98600";"11,53698";"-0,13985"
"16,99600";"11,52199";"-0,12864"
"17,00600";"11,50699";"-0,12807"
"17,01600";"11,49200";"-0,13473"
"17,02600";"11,47689";"-0,13945"
"17,03600";"11,46201";"-0,14251"
"17,04600";"11,44714";"-0,14048"
"17,05600";"11,43215";"-0,14505"
"17,06600";"11,41715";"-0,14956"
"17,07600";"11,40216";"-0,14492"
"17,08600";"11,38705";"-0,13501"
"17,09600";"11,37194";"-0,12919"
"17,10600";"11,35683";"-0,13294"
"17,11600";"11,34183";"-0,13869"
"17,12600";"11,32684";"-0,14216"
"17,13600";"11,31185";"-0,14802"
"17,14600";"11,29685";"-0,14485"
"17,15600";"11,28198";"-0,14408"
"17,16600";"11,26710";"-0,14077"
"17,17600";"11,25211";"-0,12952"
"17,18600";"11,23712";"-0,11991"
"17,19600";"11,22213";"-0,10994"
"17,20600";"11,20725";"-0,10738"
"17,21600";"11,19214";"-0,11464"
"17,22600";"11,17703";"-0,11683"
"17,23600";"11,16192";"-0,11728"
"17,24600";"11,14704";"-0,11976"
"17,25600";"11,13217";"-0,12351"
"17,26600";"11,11694";"-0,12318"
"17,27600";"11,10206";"-0,12452"
"17,28600";"11,08719";"-0,12430"
"17,29600";"11,07219";"-0,12646"
"17,30600";"11,05708";"-0,12542"
"17,31600";"11,04197";"-0,12731"
"17,32600";"11,02698";"-0,12874"
"17,33600";"11,01187";"-0,13024"
"17,34600";"10,99676";"-0,12634"
"17,35600";"10,98176";"-0,13438"
"17,36600";"10,96701";"-0,13556"
"17,37600";"10,95213";"-0,12993"
"17,38600";"10,93702";"-0,12344"
"17,39600";"10,92191";"-0,12058"
"17,40600";"10,90692";"-0,12226"
"17,41600";"10,89192";"-0,12179"
"17,42600";"10,87693";"-0,11850"
"17,43600";"10,86182";"-0,12034"
"17,44600";"10,84694";"-0,12053"
"17,45600";"10,83195";"-0,11970"
"17,46600";"10,81696";"-0,12409"
"17,47600";"10,80185";"-0,13451"
"17,48600";"10,78686";"-0,13319"
"17,49600";"10,77186";"-0,12958"
"17,50600";"10,75687";"-0,13100"
"17,51600";"10,74188";"-0,12684"
"17,52600";"10,72700";"-0,12811"
"17,53600";"10,71213";"-0,12591"
"17,54600";"10,69725";"-0,12165"
"17,55600";"10,68214";"-0,11827"
"17,56600";"10,66703";"-0,12209"
"17,57600";"10,65215";"-0,12807"
"17,58600";"10,63716";"-0,13504"
"17,59600";"10,62217";"-0,14122"
"17,60600";"10,60717";"-0,13634"
"17,61600";"10,59230";"-0,13021"
"17,62600";"10,57742";"-0,12453"
"17,63600";"10,56231";"-0,12099"
"17,64600";"10,54720";"-0,11689"
"17,65600";"10,53221";"-0,11555"
"17,66600";"10,51722";"-0,12204"
"17,67600";"10,50234";"-0,12495"
"17,68600";"10,48723";"-0,12211"
"17,69600";"10,47235";"-0,11808"
"17,70600";"10,45736";"-0,11430"
"17,71600";"10,44225";"-0,11504"
"17,72600";"10,42714";"-0,11772"
"17,73600";"10,41215";"-0,12014"
"17,74600";"10,39715";"-0,12067"
"17,75600";"10,38204";"-0,11484"
"17,76600";"10,36705";"-0,11174"
"17,77600";"10,35206";"-0,11372"
"17,78600";"10,33706";"-0,10882"
"17,79600";"10,32207";"-0,10480"
"17,80600";"10,30696";"-0,10964"
"17,81600";"10,29197";"-0,12125"
"17,82600";"10,27709";"-0,12678"
"17,83600";"10,26210";"-0,12250"
"17,84600";"10,24699";"-0,12414"
"17,85600";"10,23199";"-0,13687"
"17,86600";"10,21724";"-0,14006"
"17,87600";"10,20224";"-0,13474"
"17,88600";"10,18725";"-0,12723"
"17,89600";"10,17202";"-0,12288"
"17,90600";"10,15703";"-0,12297"
"17,91600";"10,14192";"-0,12036"
"17,92600";"10,12681";"-0,11724"
"17,93600";"10,11169";"-0,11356"
"17,94600";"10,09670";"-0,11672"
"17,95600";"10,08183";"-0,12278"
"17,96600";"10,06671";"-0,12293"
"17,97600";"10,05160";"-0,12109"
"17,98600";"10,03673";"-0,12181"
"17,99600";"10,02197";"-0,11569"
"18,00600";"10,00698";"-0,11829"
"18,01600";"9,99187";"-0,12423"
"18,02600";"9,97688";"-0,12395"
"18,03600";"9,96200";"-0,12141"
"18,04600";"9,94689";"-0,11381"
"18,05600";"9,93178";"-0,11014"
"18,06600";"9,91690";"-0,10991"
"18,07600";"9,90203";"-0,10634"
"18,08600";"9,88715";"-0,10880"
"18,09600";"9,87192";"-0,10788"
"18,10600";"9,85693";"-0,11769"
"18,11600";"9,84194";"-0,13077"
"18,12600";"9,82695";"-0,13703"
"18,13600";"9,81183";"-0,13936"
"18,14600";"9,79684";"-0,13898"
"18,15600";"9,78197";"-0,13313"
"18,16600";"9,76709";"-0,12722"
"18,17600";"9,75210";"-0,11844"
"18,18600";"9,73699";"-0,11106"
"18,19600";"9,72211";"-0,11270"
"18,20600";"9,70724";"-0,11234"
"18,21600";"9,69213";"-0,10940"
"18,22600";"9,67701";"-0,10819"
"18,23600";"9,66202";"-0,11028"
"18,24600";"9,64715";"-0,11733"
"18,25600";"9,63215";"-0,12280"
"18,26600";"9,61692";"-0,12023"
"18,27600";"9,60193";"-0,11812"
"18,28600";"9,58706";"-0,11893"
"18,29600";"9,57206";"-0,12002"
"18,30600";"9,55707";"-0,11308"
"18,31600";"9,54208";"-0,11471"
"18,32600";"9,52732";"-0,11073"
"18,33600";"9,51221";"-0,11136"
"18,34600";"9,49710";"-0,11436"
"18,35600";"9,48199";"-0,11760"
"18,36600";"9,46711";"-0,12678"
"18,37600";"9,45212";"-0,13457"
"18,38600";"9,43713";"-0,14135"
"18,39600";"9,42213";"-0,14298"
"18,40600";"9,40726";"-0,13938"
"18,41600";"9,39226";"-0,13835"
"18,42600";"9,37704";"-0,14264"
"18,43600";"9,36192";"-0,13688"
"18,44600";"9,34693";"-0,13528"
"18,45600";"9,33206";"-0,13517"
"18,46600";"9,31706";"-0,13510"
"18,47600";"9,30195";"-0,13703"
"18,48600";"9,28708";"-0,13895"
"18,49600";"9,27220";"-0,13505"
"18,50600";"9,25709";"-0,13062"
"18,51600";"9,24198";"-0,13450"
"18,52600";"9,22699";"-0,13957"
"18,53600";"9,21211";"-0,13577"
"18,54600";"9,19700";"-0,13442"
"18,55600";"9,18189";"-0,13528"
"18,56600";"9,16690";"-0,13644"
"18,57600";"9,15202";"-0,13793"
"18,58600";"9,13703";"-0,13603"
"18,59600";"9,12192";"-0,13894"
"18,60600";"9,10692";"-0,13622"
"18,61600";"9,09205";"-0,13617"
"18,62600";"9,07717";"-0,13600"
"18,63600";"9,06206";"-0,13597"
"18,64600";"9,04695";"-0,13951"
"18,65600";"9,03196";"-0,13959"
"18,66600";"9,01708";"-0,13820"
"18,67600";"9,00185";"-0,13186"
"18,68600";"8,98674";"-0,13497"
"18,69600";"8,97175";"-0,13586"
"18,70600";"8,95699";"-0,14156"
"18,71600";"8,94188";"-0,13674"
"18,72600";"8,92677";"-0,12904"
"18,73600";"8,91190";"-0,12890"
"18,74600";"8,89690";"-0,12123"
"18,75600";"8,88191";"-0,12185"
"18,76600";"8,86680";"-0,12783"
"18,77600";"8,85192";"-0,13242"
"18,78600";"8,83717";"-0,12294"
"18,79600";"8,82217";"-0,11759"
"18,80600";"8,80694";"-0,11142"
"18,81600";"8,79195";"-0,11398"
"18,82600";"8,77708";"-0,12207"
"18,83600";"8,76197";"-0,12225"
"18,84600";"8,74685";"-0,13065"
"18,85600";"8,73198";"-0,13741"
"18,86600";"8,71722";"-0,12411"
"18,87600";"8,70235";"-0,11285"
"18,88600";"8,68712";"-0,11449"
"18,89600";"8,67213";"-0,12383"
"18,90600";"8,65713";"-0,12593"
"18,91600";"8,64214";"-0,12108"
"18,92600";"8,62703";"-0,12723"
"18,93600";"8,61203";"-0,13332"
"18,94600";"8,59716";"-0,12651"
"18,95600";"8,58240";"-0,11583"
"18,96600";"8,56717";"-0,11102"
"18,97600";"8,55206";"-0,11267"
"18,98600";"8,53707";"-0,12328"
"18,99600";"8,52196";"-0,12536"
"19,00600";"8,50685";"-0,11788"
"19,01600";"8,49185";"-0,10961"
"19,02600";"8,47686";"-0,10519"
"19,03600";"8,46199";"-0,09804"
"19,04600";"8,44687";"-0,09728"
"19,05600";"8,43176";"-0,10125"
"19,06600";"8,41665";"-0,10042"
"19,07600";"8,40166";"-0,09153"
"19,08600";"8,38679";"-0,08558"
"19,09600";"8,37179";"-0,08880"
"19,10600";"8,35680";"-0,09374"
"19,11600";"8,34204";"-0,09145"
"19,12600";"8,32705";"-0,08966"
"19,13600";"8,31194";"-0,09225"
"19,14600";"8,29683";"-0,09400"
"19,15600";"8,28183";"-0,09055"
"19,16600";"8,26684";"-0,07891"
"19,17600";"8,25185";"-0,07668"
"19,18600";"8,23685";"-0,07879"
"19,19600";"8,22186";"-0,08461"
"19,20600";"8,20699";"-0,09006"
"19,21600";"8,19188";"-0,08869"
"19,22600";"8,17676";"-0,09065"
"19,23600";"8,16189";"-0,10211"
"19,24600";"8,14701";"-0,11109"
"19,25600";"8,13214";"-0,10413"
"19,26600";"8,11691";"-0,09425"
"19,27600";"8,10192";"-0,09757"
"19,28600";"8,08704";"-0,10503"
"19,29600";"8,07193";"-0,10747"
"19,30600";"8,05682";"-0,10332"
"19,31600";"8,04183";"-0,09656"
"19,32600";"8,02695";"-0,08863"
"19,33600";"8,01208";"-0,08556"
"19,34600";"7,99708";"-0,09760"
"19,35600";"7,98197";"-0,10927"
"19,36600";"7,96698";"-0,12014"
"19,37600";"7,95199";"-0,12626"
"19,38600";"7,93688";"-0,12376"
"19,39600";"7,92188";"-0,12168"
"19,40600";"7,90712";"-0,11964"
"19,41600";"7,89225";"-0,11812"
"19,42600";"7,87726";"-0,12022"
"19,43600";"7,86203";"-0,12172"
"19,44600";"7,84704";"-0,11609"
"19,45600";"7,83204";"-0,10714"
"19,46600";"7,81693";"-0,10264"
"19,47600";"7,80194";"-0,10509"
"19,48600";"7,78694";"-0,10488"
"19,49600";"7,77219";"-0,10872"
"19,50600";"7,75719";"-0,10912"
"19,51600";"7,74208";"-0,11058"
"19,52600";"7,72709";"-0,11077"
"19,53600";"7,71210";"-0,10684"
"19,54600";"7,69710";"-0,10457"
"19,55600";"7,68199";"-0,10220"
"19,56600";"7,66700";"-0,09537"
"19,57600";"7,65212";"-0,08851"
"19,58600";"7,63713";"-0,08595"
"19,59600";"7,62202";"-0,08490"
"19,60600";"7,60703";"-0,08437"
"19,61600";"7,59192";"-0,08422"
"19,62600";"7,57681";"-0,09152"
"19,63600";"7,56169";"-0,09611"
"19,64600";"7,54682";"-0,10605"
"19,65600";"7,53183";"-0,11313"
"19,66600";"7,51695";"-0,10745"
"19,67600";"7,50184";"-0,09085"
"19,68600";"7,48685";"-0,08547"
"19,69600";"7,47185";"-0,08386"
"19,70600";"7,45686";"-0,08823"
"19,71600";"7,44187";"-0,09534"
"19,72600";"7,42687";"-0,10390"
"19,73600";"7,41200";"-0,10687"
"19,74600";"7,39701";"-0,09976"
"19,75600";"7,38190";"-0,09466"
"19,76600";"7,36679";"-0,08510"
"19,77600";"7,35191";"-0,08496"
"19,78600";"7,33680";"-0,09168"
"19,79600";"7,32181";"-0,10020"
"19,80600";"7,30681";"-0,09689"
"19,81600";"7,29194";"-0,09517"
"19,82600";"7,27694";"-0,10030"
"19,83600";"7,26195";"-0,10960"
"19,84600";"7,24696";"-0,11295"
"19,85600";"7,23185";"-0,11134"
"19,86600";"7,21685";"-0,10413"
"19,87600";"7,20186";"-0,10095"
"19,88600";"7,18687";"-0,10013"
"19,89600";"7,17188";"-0,10004"
"19,90600";"7,15700";"-0,09618"
"19,91600";"7,14201";"-0,09833"
"19,92600";"7,12701";"-0,10444"
"19,93600";"7,11190";"-0,10385"
"19,94600";"7,09691";"-0,10366"
"19,95600";"7,08192";"-0,09816"
"19,96600";"7,06692";"-0,09092"
"19,97600";"7,05193";"-0,08923"
"19,98600";"7,03694";"-0,09013"
"19,99600";"7,02194";"-0,08935"
"20,00600";"7,00683";"-0,08353"
"20,01600";"6,99184";"-0,08724"
"20,02600";"6,97697";"-0,10409"
"20,03600";"6,96209";"-0,10993"
"20,04600";"6,94722";"-0,10517"
"20,05600";"6,93222";"-0,09958"
"20,06600";"6,91723";"-0,09453"
"20,07600";"6,90235";"-0,08698"
"20,08600";"6,88724";"-0,08143"
"20,09600";"6,87201";"-0,08326"
"20,10600";"6,85690";"-0,09176"
"20,11600";"6,84203";"-0,09450"
"20,12600";"6,82715";"-0,09507"
"20,13600";"6,81228";"-0,09322"
"20,14600";"6,79717";"-0,09422"
"20,15600";"6,78217";"-0,08849"
"20,16600";"6,76706";"-0,08993"
"20,17600";"6,75183";"-0,09303"
"20,18600";"6,73684";"-0,08898"
"20,19600";"6,72185";"-0,08333"
"20,20600";"6,70697";"-0,08344"
"20,21600";"6,69198";"-0,08647"
"20,22600";"6,67687";"-0,08986"
"20,23600";"6,66188";"-0,09030"
"20,24600";"6,64688";"-0,09027"
"20,25600";"6,63177";"-0,08437"
"20,26600";"6,61678";"-0,08128"
"20,27600";"6,60178";"-0,07760"
"20,28600";"6,58703";"-0,07459"
"20,29600";"6,57203";"-0,07271"
"20,30600";"6,55704";"-0,06919"
"20,31600";"6,54193";"-0,06789"
"20,32600";"6,52694";"-0,06582"
"20,33600";"6,51183";"-0,06632"
"20,34600";"6,49683";"-0,06718"
"20,35600";"6,48184";"-0,07276"
"20,36600";"6,46696";"-0,07586"
"20,37600";"6,45209";"-0,07495"
"20,38600";"6,43710";"-0,07498"
"20,39600";"6,42222";"-0,07437"
"20,40600";"6,40746";"-0,06886"
"20,41600";"6,39259";"-0,07189"
"20,42600";"6,37748";"-0,07173"
"20,43600";"6,36225";"-0,07979"
"20,44600";"6,34714";"-0,08250"
"20,45600";"6,33203";"-0,08346"
"20,46600";"6,31692";"-0,07459"
"20,47600";"6,30181";"-0,06821"
"20,48600";"6,28669";"-0,07465"
"20,49600";"6,27182";"-0,07552"
"20,50600";"6,25671";"-0,07039"
"20,51600";"6,24183";"-0,07189"
"20,52600";"6,22684";"-0,06788"
"20,53600";"6,21197";"-0,07171"
"20,54600";"6,19685";"-0,07645"
"20,55600";"6,18174";"-0,07409"
"20,56600";"6,16675";"-0,07189"
"20,57600";"6,15176";"-0,07187"
"20,58600";"6,13676";"-0,07111"
"20,59600";"6,12177";"-0,06537"
"20,60600";"6,10690";"-0,06268"
"20,61600";"6,09202";"-0,06365"
"20,62600";"6,07703";"-0,06688"
"20,63600";"6,06204";"-0,06834"
"20,64600";"6,04704";"-0,07106"
"20,65600";"6,03205";"-0,06917"
"20,66600";"6,01706";"-0,06260"
"20,67600";"6,00206";"-0,05003"
"20,68600";"5,98707";"-0,04562"
"20,69600";"5,97219";"-0,05269"
"20,70600";"5,95720";"-0,05727"
"20,71600";"5,94209";"-0,06131"
"20,72600";"5,92686";"-0,06520"
"20,73600";"5,91187";"-0,06032"
"20,74600";"5,89699";"-0,06961"
"20,75600";"5,88212";"-0,07662"
"20,76600";"5,86701";"-0,07952"
"20,77600";"5,85201";"-0,08493"
"20,78600";"5,83702";"-0,08036"
"20,79600";"5,82203";"-0,06742"
"20,80600";"5,80692";"-0,06239"
"20,81600";"5,79192";"-0,05724"
"20,82600";"5,77717";"-0,05558"
"20,83600";"5,76229";"-0,05381"
"20,84600";"5,74718";"-0,05843"
"20,85600";"5,73207";"-0,06507"
"20,86600";"5,71719";"-0,07187"
"20,87600";"5,70220";"-0,07299"
"20,88600";"5,68709";"-0,06269"
"20,89600";"5,67186";"-0,06379"
"20,90600";"5,65699";"-0,06835"
"20,91600";"5,64211";"-0,06703"
"20,92600";"5,62700";"-0,06507"
"20,93600";"5,61189";"-0,05992"
"20,94600";"5,59690";"-0,06165"
"20,95600";"5,58190";"-0,06397"
"20,96600";"5,56691";"-0,06165"
"20,97600";"5,55180";"-0,05801"
"20,98600";"5,53704";"-0,06022"
"20,99600";"5,52217";"-0,06488"
"21,00600";"5,50717";"-0,06641"
"21,01600";"5,49206";"-0,07271"
"21,02600";"5,47695";"-0,08336"
"21,03600";"5,46208";"-0,08388"
"21,04600";"5,44697";"-0,06800"
"21,05600";"5,43185";"-0,06009"
"21,06600";"5,41698";"-0,06030"
"21,07600";"5,40210";"-0,06218"
"21,08600";"5,38711";"-0,06468"
"21,09600";"5,37200";"-0,06835"
"21,10600";"5,35701";"-0,07441"
"21,11600";"5,34201";"-0,07881"
"21,12600";"5,32702";"-0,07461"
"21,13600";"5,31203";"-0,06007"
"21,14600";"5,29715";"-0,05760"
"21,15600";"5,28216";"-0,06064"
"21,16600";"5,26728";"-0,06223"
"21,17600";"5,25217";"-0,06680"
"21,18600";"5,23706";"-0,06973"
"21,19600";"5,22207";"-0,06562"
"21,20600";"5,20708";"-0,05593"
"21,21600";"5,19208";"-0,05164"
"21,22600";"5,17697";"-0,04933"
"21,23600";"5,16221";"-0,04560"
"21,24600";"5,14722";"-0,04632"
"21,25600";"5,13223";"-0,04986"
"21,26600";"5,11700";"-0,05356"
"21,27600";"5,10189";"-0,05726"
"21,28600";"5,08701";"-0,05865"
"21,29600";"5,07202";"-0,05379"
"21,30600";"5,05703";"-0,04926"
"21,31600";"5,04204";"-0,04410"
"21,32600";"5,02716";"-0,03709"
"21,33600";"5,01217";"-0,03817"
"21,34600";"4,99694";"-0,04845"
"21,35600";"4,98183";"-0,05680"
"21,36600";"4,96683";"-0,05882"
"21,37600";"4,95184";"-0,05825"
"21,38600";"4,93673";"-0,05253"
"21,39600";"4,92174";"-0,04409"
"21,40600";"4,90686";"-0,03890"
"21,41600";"4,89199";"-0,04028"
"21,42600";"4,87688";"-0,04853"
"21,43600";"4,86165";"-0,05398"
"21,44600";"4,84677";"-0,05664"
"21,45600";"4,83201";"-0,05272"
"21,46600";"4,81714";"-0,04569"
"21,47600";"4,80203";"-0,03973"
"21,48600";"4,78715";"-0,03902"
"21,49600";"4,77216";"-0,04819"
"21,50600";"4,75717";"-0,04885"
"21,51600";"4,74194";"-0,05137"
"21,52600";"4,72694";"-0,05721"
"21,53600";"4,71207";"-0,05927"
"21,54600";"4,69719";"-0,06154"
"21,55600";"4,68208";"-0,06262"
"21,56600";"4,66697";"-0,06254"
"21,57600";"4,65210";"-0,06154"
"21,58600";"4,63710";"-0,06207"
"21,59600";"4,62199";"-0,06049"
"21,60600";"4,60688";"-0,06030"
"21,61600";"4,59201";"-0,05675"
"21,62600";"4,57713";"-0,04608"
"21,63600";"4,56214";"-0,03141"
"21,64600";"4,54715";"-0,02756"
"21,65600";"4,53227";"-0,03535"
"21,66600";"4,51740";"-0,03532"
"21,67600";"4,50228";"-0,03917"
"21,68600";"4,48717";"-0,03975"
"21,69600";"4,47230";"-0,04539"
"21,70600";"4,45742";"-0,05176"
"21,71600";"4,44231";"-0,05682"
"21,72600";"4,42720";"-0,05285"
"21,73600";"4,41209";"-0,05120"
"21,74600";"4,39710";"-0,04471"
"21,75600";"4,38210";"-0,04141"
"21,76600";"4,36699";"-0,04315"
"21,77600";"4,35200";"-0,04594"
"21,78600";"4,33724";"-0,04289"
"21,79600";"4,32225";"-0,04318"
"21,80600";"4,30714";"-0,04414"
"21,81600";"4,29215";"-0,04856"
"21,82600";"4,27715";"-0,04419"
"21,83600";"4,26216";"-0,04052"
"21,84600";"4,24705";"-0,03862"
"21,85600";"4,23206";"-0,04356"
"21,86600";"4,21730";"-0,04464"
"21,87600";"4,20242";"-0,04777"
"21,88600";"4,18719";"-0,05329"
"21,89600";"4,17197";"-0,05843"
"21,90600";"4,15709";"-0,05957"
"21,91600";"4,14210";"-0,05058"
"21,92600";"4,12710";"-0,04298"
"21,93600";"4,11199";"-0,04063"
"21,94600";"4,09712";"-0,04497"
"21,95600";"4,08224";"-0,04401"
"21,96600";"4,06713";"-0,03670"
"21,97600";"4,05190";"-0,03666"
"21,98600";"4,03691";"-0,04354"
"21,99600";"4,02203";"-0,04657"
"22,00600";"4,00704";"-0,04549"
"22,01600";"3,99193";"-0,04208"
"22,02600";"3,97682";"-0,03729"
"22,03600";"3,96194";"-0,03722"
"22,04600";"3,94695";"-0,03473"
"22,05600";"3,93172";"-0,03284"
"22,06600";"3,91673";"-0,02419"
"22,07600";"3,90185";"-0,01587"
"22,08600";"3,88710";"-0,01281"
"22,09600";"3,87187";"-0,01242"
"22,10600";"3,85676";"-0,01699"
"22,11600";"3,84176";"-0,02084"
"22,12600";"3,82677";"-0,01911"
"22,13600";"3,81154";"-0,01894"
"22,14600";"3,79655";"-0,02284"
"22,15600";"3,78167";"-0,02806"
"22,16600";"3,76692";"-0,02928"
"22,17600";"3,75192";"-0,02750"
"22,18600";"3,73681";"-0,03085"
"22,19600";"3,72182";"-0,03208"
"22,20600";"3,70683";"-0,03426"
"22,21600";"3,69160";"-0,03228"
"22,22600";"3,67649";"-0,03639"
"22,23600";"3,66161";"-0,04378"
"22,24600";"3,64685";"-0,03971"
"22,25600";"3,63186";"-0,04026"
"22,26600";"3,61687";"-0,04108"
"22,27600";"3,60187";"-0,03531"
"22,28600";"3,58712";"-0,02245"
"22,29600";"3,57201";"-0,01802"
"22,30600";"3,55690";"-0,01788"
"22,31600";"3,54202";"-0,01822"
"22,32600";"3,52715";"-0,01492"
"22,33600";"3,51227";"-0,01291"
"22,34600";"3,49716";"-0,01773"
"22,35600";"3,48205";"-0,02148"
"22,36600";"3,46717";"-0,02526"
"22,37600";"3,45218";"-0,02803"
"22,38600";"3,43707";"-0,03458"
"22,39600";"3,42219";"-0,03192"
"22,40600";"3,40732";"-0,02598"
"22,41600";"3,39244";"-0,02480"
"22,42600";"3,37722";"-0,02444"
"22,43600";"3,36210";"-0,02978"
"22,44600";"3,34699";"-0,03726"
"22,45600";"3,33200";"-0,03629"
"22,46600";"3,31689";"-0,02981"
"22,47600";"3,30190";"-0,02713"
"22,48600";"3,28702";"-0,02419"
"22,49600";"3,27215";"-0,02017"
"22,50600";"3,25715";"-0,01564"
"22,51600";"3,24204";"-0,02283"
"22,52600";"3,22693";"-0,03388"
"22,53600";"3,21194";"-0,03478"
"22,54600";"3,19694";"-0,03648"
"22,55600";"3,18183";"-0,04162"
"22,56600";"3,16684";"-0,04341"
"22,57600";"3,15197";"-0,03956"
"22,58600";"3,13685";"-0,03242"
"22,59600";"3,12186";"-0,02623"
"22,60600";"3,10687";"-0,02437"
"22,61600";"3,09187";"-0,02893"
"22,62600";"3,07700";"-0,02878"
"22,63600";"3,06201";"-0,02451"
"22,64600";"3,04701";"-0,02045"
"22,65600";"3,03214";"-0,02221"
"22,66600";"3,01715";"-0,02309"
"22,67600";"3,00192";"-0,02800"
"22,68600";"2,98692";"-0,03197"
"22,69600";"2,97193";"-0,03527"
"22,70600";"2,95706";"-0,03200"
"22,71600";"2,94206";"-0,02683"
"22,72600";"2,92707";"-0,02148"
"22,73600";"2,91208";"-0,02523"
"22,74600";"2,89708";"-0,02356"
"22,75600";"2,88197";"-0,02191"
"22,76600";"2,86686";"-0,02617"
"22,77600";"2,85187";"-0,03156"
"22,78600";"2,83699";"-0,03425"
"22,79600";"2,82188";"-0,03600"
"22,80600";"2,80689";"-0,02832"
"22,81600";"2,79201";"-0,02149"
"22,82600";"2,77690";"-0,01900"
"22,83600";"2,76191";"-0,01614"
"22,84600";"2,74668";"-0,01689"
"22,85600";"2,73169";"-0,02545"
"22,86600";"2,71693";"-0,02714"
"22,87600";"2,70194";"-0,02228"
"22,88600";"2,68694";"-0,02038"
"22,89600";"2,67183";"-0,02511"
"22,90600";"2,65696";"-0,03489"
"22,91600";"2,64185";"-0,03908"
"22,92600";"2,62674";"-0,04583"
"22,93600";"2,61174";"-0,04061"
"22,94600";"2,59687";"-0,02746"
"22,95600";"2,58199";"-0,01146"
"22,96600";"2,56700";"-0,00981"
"22,97600";"2,55201";"-0,01971"
"22,98600";"2,53701";"-0,02845"
"22,99600";"2,52202";"-0,02837"
"23,00600";"2,50691";"-0,02342"
"23,01600";"2,49192";"-0,02744"
"23,02600";"2,47704";"-0,03318"
"23,03600";"2,46217";"-0,03586"
"23,04600";"2,44717";"-0,03799"
"23,05600";"2,43206";"-0,03207"
"23,06600";"2,41695";"-0,03270"
"23,07600";"2,40196";"-0,03081"
"23,08600";"2,38685";"-0,03039"
"23,09600";"2,37174";"-0,03581"
"23,10600";"2,35674";"-0,04413"
"23,11600";"2,34199";"-0,04262"
"23,12600";"2,32699";"-0,03724"
"23,13600";"2,31200";"-0,03646"
"23,14600";"2,29701";"-0,04046"
"23,15600";"2,28201";"-0,04680"
"23,16600";"2,26702";"-0,03927"
"23,17600";"2,25203";"-0,03331"
"23,18600";"2,23703";"-0,02960"
"23,19600";"2,22204";"-0,02671"
"23,20600";"2,20717";"-0,02483"
"23,21600";"2,19206";"-0,02576"
"23,22600";"2,17706";"-0,02688"
"23,23600";"2,16207";"-0,02559"
"23,24600";"2,14696";"-0,02516"
"23,25600";"2,13197";"-0,02632"
"23,26600";"2,11697";"-0,03627"
"23,27600";"2,10210";"-0,04414"
"23,28600";"2,08710";"-0,04341"
"23,29600";"2,07199";"-0,03826"
"23,30600";"2,05688";"-0,03803"
"23,31600";"2,04189";"-0,04249"
"23,32600";"2,02690";"-0,04225"
"23,33600";"2,01190";"-0,04137"
"23,34600";"1,99703";"-0,04458"
"23,35600";"1,98215";"-0,05236"
"23,36600";"1,96716";"-0,04738"
"23,37600";"1,95205";"-0,04120"
"23,38600";"1,93706";"-0,04048"
"23,39600";"1,92194";"-0,04656"
"23,40600";"1,90683";"-0,04729"
"23,41600";"1,89184";"-0,04541"
"23,42600";"1,87673";"-0,04146"
"23,43600";"1,86185";"-0,04062"
"23,44600";"1,84698";"-0,04241"
"23,45600";"1,83199";"-0,04157"
"23,46600";"1,81688";"-0,03838"
"23,47600";"1,80176";"-0,03796"
"23,48600";"1,78677";"-0,03387"
"23,49600";"1,77190";"-0,03502"
"23,50600";"1,75702";"-0,04463"
"23,51600";"1,74203";"-0,05186"
"23,52600";"1,72703";"-0,05492"
"23,53600";"1,71216";"-0,05395"
"23,54600";"1,69705";"-0,05545"
"23,55600";"1,68206";"-0,05325"
"23,56600";"1,66694";"-0,05190"
"23,57600";"1,65207";"-0,04802"
"23,58600";"1,63708";"-0,05573"
"23,59600";"1,62208";"-0,06031"
"23,60600";"1,60709";"-0,06090"
"23,61600";"1,59210";"-0,05896"
"23,62600";"1,57710";"-0,05622"
"23,63600";"1,56199";"-0,05759"
"23,64600";"1,54700";"-0,05270"
"23,65600";"1,53201";"-0,04819"
"23,66600";"1,51701";"-0,04359"
"23,67600";"1,50202";"-0,04606"
"23,68600";"1,48691";"-0,04256"
"23,69600";"1,47192";"-0,03880"
"23,70600";"1,45692";"-0,04324"
"23,71600";"1,44193";"-0,05303"
"23,72600";"1,42682";"-0,04866"
"23,73600";"1,41194";"-0,03800"
"23,74600";"1,39695";"-0,02825"
"23,75600";"1,38196";"-0,02648"
"23,76600";"1,36697";"-0,02791"
"23,77600";"1,35185";"-0,03586"
"23,78600";"1,33686";"-0,04764"
"23,79600";"1,32175";"-0,05423"
"23,80600";"1,30676";"-0,06065"
"23,81600";"1,29188";"-0,06742"
"23,82600";"1,27701";"-0,07095"
"23,83600";"1,26213";"-0,07154"
"23,84600";"1,24702";"-0,06286"
"23,85600";"1,23203";"-0,05563"
"23,86600";"1,21715";"-0,05328"
"23,87600";"1,20216";"-0,05101"
"23,88600";"1,18705";"-0,05254"
"23,89600";"1,17206";"-0,05512"
"23,90600";"1,15706";"-0,06244"
"23,91600";"1,14219";"-0,06294"
"23,92600";"1,12708";"-0,05734"
"23,93600";"1,11197";"-0,05834"
"23,94600";"1,09697";"-0,06050"
"23,95600";"1,08210";"-0,06382"
"23,96600";"1,06710";"-0,05769"
"23,97600";"1,05211";"-0,04988"
"23,98600";"1,03712";"-0,04846"
"23,99600";"1,02213";"-0,04078"
"24,00600";"1,00701";"-0,03756"
"24,01600";"0,99202";"-0,03844"
"24,02600";"0,97691";"-0,04186"
"24,03600";"0,96192";"-0,05672"
"24,04600";"0,94692";"-0,06252"
"24,05600";"0,93193";"-0,06594"
"24,06600";"0,91706";"-0,07152"
"24,07600";"0,90206";"-0,07147"
"24,08600";"0,88707";"-0,05845"
"24,09600";"0,87208";"-0,05048"
"24,10600";"0,85697";"-0,04321"
"24,11600";"0,84185";"-0,04198"
"24,12600";"0,82698";"-0,04254"
"24,13600";"0,81199";"-0,05064"
"24,14600";"0,79699";"-0,05294"
"24,15600";"0,78212";"-0,05759"
"24,16600";"0,76724";"-0,05885"
"24,17600";"0,75225";"-0,05729"
"24,18600";"0,73714";"-0,05423"
"24,19600";"0,72215";"-0,04998"
"24,20600";"0,70727";"-0,04707"
"24,21600";"0,69216";"-0,04353"
"24,22600";"0,67705";"-0,05141"
"24,23600";"0,66206";"-0,04880"
"24,24600";"0,64718";"-0,04326"
"24,25600";"0,63207";"-0,04269"
"24,26600";"0,61696";"-0,04533"
"24,27600";"0,60197";"-0,05991"
"24,28600";"0,58697";"-0,07045"
"24,29600";"0,57198";"-0,07723"
"24,30600";"0,55687";"-0,07124"
"24,31600";"0,54176";"-0,07468"
"24,32600";"0,52688";"-0,07359"
"24,33600";"0,51189";"-0,06282"
"24,34600";"0,49678";"-0,05385"
"24,35600";"0,48167";"-0,04891"
"24,36600";"0,46691";"-0,05628"
"24,37600";"0,45203";"-0,06135"
"24,38600";"0,43692";"-0,06152"
"24,39600";"0,42193";"-0,05803"
"24,40600";"0,40694";"-0,06031"
"24,41600";"0,39194";"-0,06426"
"24,42600";"0,37683";"-0,07024"
"24,43600";"0,36172";"-0,07389"
"24,44600";"0,34685";"-0,07073"
"24,45600";"0,33197";"-0,06292"
"24,46600";"0,31698";"-0,05409"
"24,47600";"0,30199";"-0,05427"
"24,48600";"0,28711";"-0,05436"
"24,49600";"0,27224";"-0,05245"
"24,50600";"0,25701";"-0,05062"
"24,51600";"0,24190";"-0,04402"
"24,52600";"0,22690";"-0,03665"
"24,53600";"0,21203";"-0,03240"
"24,54600";"0,19703";"-0,04163"
"24,55600";"0,18192";"-0,05538"
"24,56600";"0,16681";"-0,07128"
"24,57600";"0,15182";"-0,07782"
"24,58600";"0,13694";"-0,07166"
"24,59600";"0,12195";"-0,06664"
"24,60600";"0,10696";"-0,06290"
"24,61600";"0,09220";"-0,05199"
"24,62600";"0,07733";"-0,04606"
"24,63600";"0,06222";"-0,04674"
"24,64600";"0,04722";"-0,04565"
"24,65600";"0,03211";"-0,04694"
"24,66600";"0,01724";"-0,04232"
"24,67600";"0,00224";"-0,04355"
"24,67800";"-0,00083";"-0,04562"
"24,68000";"-0,00378";"-0,04734"
"24,69000";"-0,01676";"-0,05515"
"24,70000";"-0,02397";"-0,04954"
"24,70600";"-0,02562";"-0,03918"
"24,71600";"-0,02479";"-0,02205"
"24,72600";"-0,01948";"-0,01127"
"24,73600";"-0,00767";"0,00246"
"24,74600";"0,00944";"0,01575"
"24,75600";"0,02975";"0,01592"
"24,76600";"0,05124";"0,00744"
"24,77600";"0,07308";"-0,00973"
"24,78600";"0,09444";"-0,02244"
"24,79600";"0,11487";"-0,03005"
"24,80600";"0,13458";"-0,03999"
"24,81600";"0,15335";"-0,05124"
"24,82600";"0,17130";"-0,06052"
"24,83600";"0,18865";"-0,05784"
"24,84600";"0,20565";"-0,05026"
"24,85600";"0,22218";"-0,04848"
"24,86600";"0,23847";"-0,05034"
"24,87600";"0,25429";"-0,05403"
"24,88600";"0,27011";"-0,05149"
"24,89600";"0,28558";"-0,04621"
"24,90600";"0,30104";"-0,04598"
"24,91600";"0,31651";"-0,05585"
"24,92600";"0,33185";"-0,05211"
"24,93600";"0,34708";"-0,04508"
"24,94600";"0,36219";"-0,04077"
"24,95600";"0,37731";"-0,03555"
"24,96600";"0,39230";"-0,03179"
"24,97600";"0,40741";"-0,03026"
"24,98600";"0,42252";"-0,02060"
"24,99600";"0,43763";"-0,02122"
"25,00600";"0,45274";"-0,03410"
"25,01600";"0,46785";"-0,04822"
"25,02600";"0,48285";"-0,06202"
"25,03600";"0,49796";"-0,05989"
"25,04600";"0,51283";"-0,05014"
"25,05600";"0,52783";"-0,03894"
"25,06600";"0,54282";"-0,03459"
"25,07600";"0,55793";"-0,02845"
"25,08600";"0,57292";"-0,02827"
"25,09600";"0,58792";"-0,03382"
"25,10600";"0,60291";"-0,03808"
"25,11600";"0,61790";"-0,04379"
"25,12600";"0,63290";"-0,05226"
"25,13600";"0,64789";"-0,05702"
"25,14600";"0,66300";"-0,05061"
"25,15600";"0,67799";"-0,04167"
"25,16600";"0,69287";"-0,02794"
"25,17600";"0,70786";"-0,01670"
"25,18600";"0,72285";"-0,01316"
"25,19600";"0,73797";"-0,01169"
"25,20600";"0,75296";"-0,02258"
"25,21600";"0,76795";"-0,02678"
"25,22600";"0,78306";"-0,02996"
"25,23600";"0,79806";"-0,03338"
"25,24600";"0,81305";"-0,04078"
"25,25600";"0,82804";"-0,04020"
"25,26600";"0,84292";"-0,03178"
"25,27600";"0,85791";"-0,03072"
"25,28600";"0,87290";"-0,03085"
"25,29600";"0,88778";"-0,03394"
"25,30600";"0,90289";"-0,03682"
"25,31600";"0,91788";"-0,03842"
"25,32600";"0,93299";"-0,04378"
"25,33600";"0,94799";"-0,04421"
"25,34600";"0,96298";"-0,04190"
"25,35600";"0,97797";"-0,03507"
"25,36600";"0,99297";"-0,02860"
"25,37600";"1,00796";"-0,02386"
"25,38600";"1,02295";"-0,02199"
"25,39600";"1,03806";"-0,03099"
"25,40600";"1,05306";"-0,03121"
"25,41600";"1,06805";"-0,02121"
"25,42600";"1,08316";"-0,01804"
"25,43600";"1,09815";"-0,01835"
"25,44600";"1,11303";"-0,02106"
"25,45600";"1,12802";"-0,02505"
"25,46600";"1,14313";"-0,02604"
"25,47600";"1,15801";"-0,02603"
"25,48600";"1,17288";"-0,02452"
"25,49600";"1,18788";"-0,01586"
"25,50600";"1,20299";"-0,00774"
"25,51600";"1,21798";"-0,00558"
"25,52600";"1,23285";"-0,01318"
"25,53600";"1,24797";"-0,01467"
"25,54600";"1,26308";"-0,01742"
"25,55600";"1,27807";"-0,02444"
"25,56600";"1,29306";"-0,02752"
"25,57600";"1,30806";"-0,02848"
"25,58600";"1,32305";"-0,03139"
"25,59600";"1,33792";"-0,03296"
"25,60600";"1,35292";"-0,03482"
"25,61600";"1,36791";"-0,02937"
"25,62600";"1,38302";"-0,02334"
"25,63600";"1,39813";"-0,01751"
"25,64600";"1,41313";"-0,01677"
"25,65600";"1,42812";"-0,01790"
"25,66600";"1,44311";"-0,02194"
"25,67600";"1,45799";"-0,01775"
"25,68600";"1,47298";"-0,01547"
"25,69600";"1,48797";"-0,01500"
"25,70600";"1,50297";"-0,01216"
"25,71600";"1,51808";"-0,00818"
"25,72600";"1,53307";"-0,00897"
"25,73600";"1,54806";"-0,01404"
"25,74600";"1,56294";"-0,01453"
"25,75600";"1,57793";"-0,01482"
"25,76600";"1,59292";"-0,01771"
"25,77600";"1,60803";"-0,01942"
"25,78600";"1,62303";"-0,01799"
"25,79600";"1,63802";"-0,00844"
"25,80600";"1,65301";"-0,00333"
"25,81600";"1,66801";"-0,00303"
"25,82600";"1,68312";"-0,00535"
"25,83600";"1,69811";"-0,01257"
"25,84600";"1,71310";"-0,01246"
"25,85600";"1,72810";"-0,00490"
"25,86600";"1,74321";"-0,00562"
"25,87600";"1,75820";"-0,02110"
"25,88600";"1,77319";"-0,03067"
"25,89600";"1,78819";"-0,02727"
"25,90600";"1,80306";"-0,02820"
"25,91600";"1,81794";"-0,02968"
"25,92600";"1,83293";"-0,02624"
"25,93600";"1,84792";"-0,02076"
"25,94600";"1,86292";"-0,01316"
"25,95600";"1,87791";"-0,00975"
"25,96600";"1,89290";"-0,01443"
"25,97600";"1,90790";"-0,02699"
"25,98600";"1,92277";"-0,03047"
"25,99600";"1,93765";"-0,02955"
"26,00600";"1,95252";"-0,03514"
"26,01600";"1,96751";"-0,03447"
"26,02600";"1,98263";"-0,03183"
"26,03600";"1,99762";"-0,02898"
"26,04600";"2,01273";"-0,01941"
"26,05600";"2,02772";"-0,00524"
"26,06600";"2,04283";"0,00168"
"26,07600";"2,05783";"-0,00123"
"26,08600";"2,07294";"-0,00449"
"26,09600";"2,08793";"-0,01236"
"26,10600";"2,10292";"-0,01161"
"26,11600";"2,11792";"-0,00981"
"26,12600";"2,13303";"-0,01125"
"26,13600";"2,14802";"-0,01760"
"26,14600";"2,16301";"-0,01134"
"26,15600";"2,17813";"-0,00106"
"26,16600";"2,19324";"0,00594"
"26,17600";"2,20835";"0,01172"
"26,18600";"2,22334";"0,01735"
"26,19600";"2,23833";"0,01429"
"26,20600";"2,25333";"0,00823"
"26,21600";"2,26820";"-0,00331"
"26,22600";"2,28308";"-0,00643"
"26,23600";"2,29783";"-0,00275"
"26,24600";"2,31283";"-0,00461"
"26,25600";"2,32770";"-0,00753"
"26,26600";"2,34269";"-0,01200"
"26,27600";"2,35769";"-0,00837"
"26,28600";"2,37256";"-0,00783"
"26,29600";"2,38756";"-0,01485"
"26,30600";"2,40243";"-0,00963"
"26,31600";"2,41742";"-0,01212"
"26,32600";"2,43253";"-0,00868"
"26,33600";"2,44765";"-0,00653"
"26,34600";"2,46276";"-0,00530"
"26,35600";"2,47787";"-0,00419"
"26,36600";"2,49298";"0,00011"
"26,37600";"2,50809";"0,00418"
"26,38600";"2,52297";"0,00486"
"26,39600";"2,53796";"-0,00490"
"26,40600";"2,55307";"-0,01574"
"26,41600";"2,56818";"-0,01777"
"26,42600";"2,58329";"-0,01254"
"26,43600";"2,59828";"-0,01058"
"26,44600";"2,61328";"-0,01049"
"26,45600";"2,62827";"-0,00273"
"26,46600";"2,64315";"-0,00079"
"26,47600";"2,65814";"-0,00017"
"26,48600";"2,67313";"0,00192"
"26,49600";"2,68812";"0,00729"
"26,50600";"2,70312";"0,00878"
"26,51600";"2,71811";"0,00231"
"26,52600";"2,73299";"-0,00264"
"26,53600";"2,74798";"-0,00451"
"26,54600";"2,76274";"-0,00383"
"26,55600";"2,77749";"-0,00330"
"26,56600";"2,79249";"-0,00687"
"26,57600";"2,80736";"-0,01301"
"26,58600";"2,82235";"-0,00668"
"26,59600";"2,83747";"0,00123"
"26,60600";"2,85258";"0,00676"
"26,61600";"2,86757";"-0,00285"
"26,62600";"2,88280";"-0,00605"
"26,63600";"2,89791";"-0,00387"
"26,64600";"2,91314";"-0,00538"
"26,65600";"2,92825";"-0,00493"
"26,66600";"2,94336";"-0,00128"
"26,67600";"2,95835";"-0,00225"
"26,68600";"2,97335";"-0,00783"
"26,69600";"2,98834";"-0,00658"
"26,70600";"3,00333";"-0,00182"
"26,71600";"3,01844";"0,00442"
"26,72600";"3,03344";"0,00210"
"26,73600";"3,04831";"0,00472"
"26,74600";"3,06331";"0,00707"
"26,75600";"3,07818";"0,00430"
"26,76600";"3,09317";"0,00313"
"26,77600";"3,10817";"0,00062"
"26,78600";"3,12304";"0,00135"
"26,79600";"3,13803";"0,00755"
"26,80600";"3,15303";"0,01032"
"26,81600";"3,16814";"0,00689"
"26,82600";"3,18313";"-0,00288"
"26,83600";"3,19812";"-0,01316"
"26,84600";"3,21312";"-0,01738"
"26,85600";"3,22787";"-0,01469"
"26,86600";"3,24251";"-0,01117"
"26,87600";"3,25739";"-0,00803"
"26,88600";"3,27238";"-0,00059"
"26,89600";"3,28737";"-0,00051"
"26,90600";"3,30237";"-0,00541"
"26,91600";"3,31760";"-0,00005"
"26,92600";"3,33294";"0,00400"
"26,93600";"3,34806";"0,00390"
"26,94600";"3,36305";"0,00012"
"26,95600";"3,37816";"-0,00333"
"26,96600";"3,39327";"0,00024"
"26,97600";"3,40826";"0,00833"
"26,98600";"3,42338";"0,02251"
"26,99600";"3,43860";"0,02530"
"27,00600";"3,45360";"0,01412"
"27,01600";"3,46847";"0,00295"
"27,02600";"3,48347";"-0,00024"
"27,03600";"3,49834";"-0,00324"
"27,04600";"3,51333";"-0,00031"
"27,05600";"3,52821";"0,00274"
"27,06600";"3,54320";"-0,00063"
"27,07600";"3,55819";"0,00020"
"27,08600";"3,57307";"0,00066"
"27,09600";"3,58794";"0,00158"
"27,10600";"3,60282";"0,00509"
"27,11600";"3,61793";"0,00006"
"27,12600";"3,63281";"-0,00523"
"27,13600";"3,64780";"-0,00125"
"27,14600";"3,66279";"0,00417"
"27,15600";"3,67767";"0,01644"
"27,16600";"3,69254";"0,02140"
"27,17600";"3,70730";"0,02221"
"27,18600";"3,72229";"0,01792"
"27,19600";"3,73752";"0,01284"
"27,20600";"3,75251";"0,01122"
"27,21600";"3,76774";"0,00910"
"27,22600";"3,78285";"0,00142"
"27,23600";"3,79785";"-0,00604"
"27,24600";"3,81284";"-0,01054"
"27,25600";"3,82772";"-0,00612"
"27,26600";"3,84283";"0,00445"
"27,27600";"3,85806";"0,01006"
"27,28600";"3,87328";"0,01179"
"27,29600";"3,88863";"0,01077"
"27,30600";"3,90374";"0,00695"
"27,31600";"3,91874";"0,00016"
"27,32600";"3,93373";"-0,00188"
"27,33600";"3,94860";"0,00049"
"27,34600";"3,96348";"0,00682"
"27,35600";"3,97847";"0,01124"
"27,36600";"3,99335";"0,01700"
"27,37600";"4,00822";"0,01452"
"27,38600";"4,02322";"0,00437"
"27,39600";"4,03821";"-0,00278"
"27,40600";"4,05308";"0,00152"
"27,41600";"4,06796";"0,00641"
"27,42600";"4,08295";"0,01157"
"27,43600";"4,09794";"0,00758"
"27,44600";"4,11294";"0,00301"
"27,45600";"4,12781";"-0,00075"
"27,46600";"4,14281";"-0,00740"
"27,47600";"4,15780";"-0,00366"
"27,48600";"4,17267";"-0,00148"
"27,49600";"4,18767";"0,00539"
"27,50600";"4,20266";"0,00802"
"27,51600";"4,21765";"0,00559"
"27,52600";"4,23276";"0,01021"
"27,53600";"4,24776";"0,01102"
"27,54600";"4,26275";"0,00004"
"27,55600";"4,27798";"-0,00778"
"27,56600";"4,29309";"-0,01075"
"27,57600";"4,30820";"-0,00695"
"27,58600";"4,32331";"-0,00389"
"27,59600";"4,33842";"0,00275"
"27,60600";"4,35365";"0,00817"
"27,61600";"4,36865";"0,01175"
"27,62600";"4,38352";"0,01959"
"27,63600";"4,39840";"0,01597"
"27,64600";"4,41327";"0,00695"
"27,65600";"4,42815";"0,00429"
"27,66600";"4,44326";"0,00738"
"27,67600";"4,45825";"0,00639"
"27,68600";"4,47312";"0,00196"
"27,69600";"4,48812";"0,00204"
"27,70600";"4,50311";"0,00191"
"27,71600";"4,51799";"0,00209"
"27,72600";"4,53286";"0,00041"
"27,73600";"4,54762";"0,00628"
"27,74600";"4,56261";"0,01437"
"27,75600";"4,57772";"0,00991"
"27,76600";"4,59272";"0,00033"
"27,77600";"4,60771";"-0,00372"
"27,78600";"4,62270";"-0,00161"
"27,79600";"4,63769";"0,00628"
"27,80600";"4,65257";"0,00753"
"27,81600";"4,66768";"0,00750"
"27,82600";"4,68279";"0,00397"
"27,83600";"4,69790";"-0,00187"
"27,84600";"4,71313";"-0,00316"
"27,85600";"4,72824";"0,00502"
"27,86600";"4,74347";"0,00609"
"27,87600";"4,75835";"-0,00479"
"27,88600";"4,77334";"-0,00841"
"27,89600";"4,78822";"-0,00979"
"27,90600";"4,80321";"-0,00823"
"27,91600";"4,81820";"-0,00258"
"27,92600";"4,83319";"-0,00613"
"27,93600";"4,84819";"-0,00350"
"27,94600";"4,86306";"0,00011"
"27,95600";"4,87806";"0,00155"
"27,96600";"4,89293";"-0,00398"
"27,97600";"4,90792";"-0,01151"
"27,98600";"4,92292";"-0,00616"
"27,99600";"4,93791";"0,00223"
"28,00600";"4,95290";"0,00915"
"28,01600";"4,96790";"0,01187"
"28,02600";"4,98289";"0,01647"
"28,03600";"4,99788";"0,01483"
"28,04600";"5,01276";"0,01034"
"28,05600";"5,02787";"0,00276"
"28,06600";"5,04286";"-0,00671"
"28,07600";"5,05797";"-0,01523"
"28,08600";"5,07308";"-0,01006"
"28,09600";"5,08808";"-0,00239"
"28,10600";"5,10307";"0,00272"
"28,11600";"5,11794";"0,00200"
"28,12600";"5,13294";"0,00079"
"28,13600";"5,14805";"0,00289"
"28,14600";"5,16316";"0,00821"
"28,15600";"5,17827";"0,01166"
"28,16600";"5,19338";"0,00620"
"28,17600";"5,20837";"0,00680"
"28,18600";"5,22325";"0,01533"
"28,19600";"5,23813";"0,02088"
"28,20600";"5,25312";"0,01851"
"28,21600";"5,26811";"0,00608"
"28,22600";"5,28310";"0,00156"
"28,23600";"5,29822";"-0,00350"
"28,24600";"5,31321";"-0,00318"
"28,25600";"5,32808";"-0,00561"
"28,26600";"5,34308";"-0,01040"
"28,27600";"5,35807";"-0,00717"
"28,28600";"5,37306";"-0,00760"
"28,29600";"5,38794";"-0,00302"
"28,30600";"5,40293";"0,00109"
"28,31600";"5,41792";"0,00608"
"28,32600";"5,43292";"0,00874"
"28,33600";"5,44779";"0,00986"
"28,34600";"5,46278";"0,00904"
"28,35600";"5,47778";"0,00847"
"28,36600";"5,49289";"0,00882"
"28,37600";"5,50800";"0,00366"
"28,38600";"5,52299";"0,00128"
"28,39600";"5,53799";"-0,00235"
"28,40600";"5,55310";"0,00096"
"28,41600";"5,56809";"0,00586"
"28,42600";"5,58308";"0,00005"
"28,43600";"5,59808";"0,00138"
"28,44600";"5,61307";"0,00469"
"28,45600";"5,62806";"0,00839"
"28,46600";"5,64317";"0,00616"
"28,47600";"5,65817";"0,00529"
"28,48600";"5,67316";"0,00821"
"28,49600";"5,68827";"0,01264"
"28,50600";"5,70326";"0,00660"
"28,51600";"5,71814";"-0,00390"
"28,52600";"5,73325";"-0,00464"
"28,53600";"5,74824";"-0,00450"
"28,54600";"5,76324";"-0,00163"
"28,55600";"5,77823";"0,01077"
"28,56600";"5,79322";"0,02102"
"28,57600";"5,80810";"0,02760"
"28,58600";"5,82297";"0,03365"
"28,59600";"5,83785";"0,03010"
"28,60600";"5,85284";"0,01817"
"28,61600";"5,86795";"0,00963"
"28,62600";"5,88294";"0,00264"
"28,63600";"5,89782";"0,00630"
"28,64600";"5,91281";"0,01547"
"28,65600";"5,92792";"0,01415"
"28,66600";"5,94303";"0,00846"
"28,67600";"5,95803";"0,00491"
"28,68600";"5,97302";"0,00097"
"28,69600";"5,98813";"0,00332"
"28,70600";"6,00312";"0,00485"
"28,71600";"6,01824";"0,00679"
"28,72600";"6,03311";"0,00763"
"28,73600";"6,04810";"0,01114"
"28,74600";"6,06310";"0,00823"
"28,75600";"6,07809";"0,00702"
"28,76600";"6,09308";"0,00186"
"28,77600";"6,10808";"0,00169"
"28,78600";"6,12307";"0,00309"
"28,79600";"6,13806";"0,00545"
"28,80600";"6,15306";"0,00502"
"28,81600";"6,16805";"0,00015"
"28,82600";"6,18292";"0,00291"
"28,83600";"6,19792";"0,00606"
"28,84600";"6,21291";"0,00115"
"28,85600";"6,22802";"-0,00398"
"28,86600";"6,24301";"-0,00615"
"28,87600";"6,25801";"-0,00985"
"28,88600";"6,27300";"-0,01673"
"28,89600";"6,28788";"-0,01178"
"28,90600";"6,30275";"-0,00938"
"28,91600";"6,31774";"-0,00365"
"28,92600";"6,33285";"0,00298"
"28,93600";"6,34785";"0,00469"
"28,94600";"6,36296";"0,00678"
"28,95600";"6,37807";"0,00169"
"28,96600";"6,39306";"0,01361"
"28,97600";"6,40806";"0,01898"
"28,98600";"6,42305";"0,01328"
"28,99600";"6,43804";"0,01274"
"29,00600";"6,45303";"0,01381"
"29,01600";"6,46803";"0,00872"
"29,02600";"6,48302";"0,00159"
"29,03600";"6,49801";"-0,00420"
"29,04600";"6,51289";"-0,00136"
"29,05600";"6,52788";"0,00403"
"29,06600";"6,54287";"0,00906"
"29,07600";"6,55775";"0,00388"
"29,08600";"6,57286";"-0,00167"
"29,09600";"6,58785";"0,00299"
"29,10600";"6,60285";"0,00894"
"29,11600";"6,61796";"0,00879"
"29,12600";"6,63295";"0,00953"
"29,13600";"6,64783";"0,00241"
"29,14600";"6,66282";"-0,00046"
"29,15600";"6,67781";"0,00918"
"29,16600";"6,69281";"0,01528"
"29,17600";"6,70792";"0,02187"
"29,18600";"6,72291";"0,02297"
"29,19600";"6,73790";"0,02113"
"29,20600";"6,75290";"0,01881"
"29,21600";"6,76789";"0,01249"
"29,22600";"6,78288";"0,00523"
"29,23600";"6,79799";"-0,00167"
"29,24600";"6,81310";"-0,00289"
"29,25600";"6,82810";"-0,00175"
"29,26600";"6,84321";"-0,00202"
"29,27600";"6,85808";"0,00175"
"29,28600";"6,87308";"0,00545"
"29,29600";"6,88807";"0,00732"
"29,30600";"6,90306";"0,01173"
"29,31600";"6,91806";"0,00951"
"29,32600";"6,93305";"0,01118"
"29,33600";"6,94804";"0,01737"
"29,34600";"6,96315";"0,01923"
"29,35600";"6,97803";"0,01860"
"29,36600";"6,99302";"0,01353"
"29,37600";"7,00801";"0,01810"
"29,38600";"7,02289";"0,01585"
"29,39600";"7,03788";"0,01004"
"29,40600";"7,05288";"0,00879"
"29,41600";"7,06787";"0,00914"
"29,42600";"7,08298";"0,01348"
"29,43600";"7,09797";"0,01119"
"29,44600";"7,11297";"0,00899"
"29,45600";"7,12784";"0,00578"
"29,46600";"7,14283";"-0,00845"
"29,47600";"7,15794";"-0,00873"
"29,48600";"7,17294";"-0,00276"
"29,49600";"7,18793";"0,00893"
"29,50600";"7,20304";"0,01610"
"29,51600";"7,21803";"0,01624"
"29,52600";"7,23303";"0,01170"
"29,53600";"7,24802";"0,01406"
"29,54600";"7,26301";"0,01288"
"29,55600";"7,27813";"0,01059"
"29,56600";"7,29312";"0,01097"
"29,57600";"7,30811";"0,01270"
"29,58600";"7,32310";"0,01804"
"29,59600";"7,33810";"0,01917"
"29,60600";"7,35309";"0,02044"
"29,61600";"7,36797";"0,02347"
"29,62600";"7,38296";"0,02475"
"29,63600";"7,39807";"0,02051"
"29,64600";"7,41306";"0,02176"
"29,65600";"7,42806";"0,02077"
"29,66600";"7,44305";"0,01721"
"29,67600";"7,45792";"0,00524"
"29,68600";"7,47292";"-0,00135"
"29,69600";"7,48779";"0,00235"
"29,70600";"7,50278";"0,01474"
"29,71600";"7,51790";"0,01859"
"29,72600";"7,53301";"0,01865"
"29,73600";"7,54812";"0,01471"
"29,74600";"7,56311";"0,01152"
"29,75600";"7,57810";"0,00610"
"29,76600";"7,59298";"0,00284"
"29,77600";"7,60785";"0,00926"
"29,78600";"7,62285";"0,01956"
"29,79600";"7,63796";"0,02510"
"29,80600";"7,65307";"0,01998"
"29,81600";"7,66806";"0,01448"
"29,82600";"7,68306";"0,01332"
"29,83600";"7,69805";"0,01425"
"29,84600";"7,71292";"0,01354"
"29,85600";"7,72792";"0,01091"
"29,86600";"7,74291";"0,00779"
"29,87600";"7,75790";"0,00396"
"29,88600";"7,77278";"0,00994"
"29,89600";"7,78777";"0,01454"
"29,90600";"7,80276";"0,01763"
"29,91600";"7,81764";"0,01090"
"29,92600";"7,83263";"0,00310"
"29,93600";"7,84774";"0,00340"
"29,94600";"7,86285";"0,01363"
"29,95600";"7,87785";"0,01745"
"29,96600";"7,89284";"0,01400"
"29,97600";"7,90783";"0,01084"
"29,98600";"7,92294";"0,01722"
"29,99600";"7,93794";"0,01375"
"30,00600";"7,95281";"0,00839"
"30,01600";"7,96781";"0,00353"
"30,02600";"7,98292";"0,00193"
"30,03600";"7,99803";"0,00170"
"30,04600";"8,01302";"0,00400"
"30,05600";"8,02813";"0,00978"
"30,06600";"8,04313";"0,01209"
"30,07600";"8,05812";"0,01543"
"30,08600";"8,07299";"0,01507"
"30,09600";"8,08799";"0,00948"
"30,10600";"8,10298";"0,00872"
"30,11600";"8,11797";"0,01636"
"30,12600";"8,13308";"0,02507"
"30,13600";"8,14808";"0,02803"
"30,14600";"8,16307";"0,02936"
"30,15600";"8,17818";"0,02479"
"30,16600";"8,19317";"0,01236"
"30,17600";"8,20817";"0,00051"
"30,18600";"8,22316";"-0,00160"
"30,19600";"8,23815";"0,00005"
"30,20600";"8,25326";"0,00968"
"30,21600";"8,26814";"0,01023"
"30,22600";"8,28325";"0,01107"
"30,23600";"8,29813";"0,00802"
"30,24600";"8,31312";"0,00655"
"30,25600";"8,32811";"0,00924"
"30,26600";"8,34322";"0,01423"
"30,27600";"8,35822";"0,01502"
"30,28600";"8,37321";"0,01850"
"30,29600";"8,38808";"0,02573"
"30,30600";"8,40296";"0,02898"
"30,31600";"8,41783";"0,02284"
"30,32600";"8,43283";"0,01677"
"30,33600";"8,44782";"0,00863"
"30,34600";"8,46281";"0,00590"
"30,35600";"8,47792";"0,00455"
"30,36600";"8,49304";"0,00851"
"30,37600";"8,50826";"0,01172"
"30,38600";"8,52314";"0,01212"
"30,39600";"8,53801";"0,01721"
"30,40600";"8,55301";"0,02162"
"30,41600";"8,56812";"0,01876"
"30,42600";"8,58311";"0,01099"
"30,43600";"8,59822";"0,00321"
"30,44600";"8,61322";"0,00156"
"30,45600";"8,62833";"0,00297"
"30,46600";"8,64320";"0,00752"
"30,47600";"8,65808";"0,01096"
"30,48600";"8,67283";"0,00694"
"30,49600";"8,68806";"0,00688"
"30,50600";"8,70306";"0,00099"
"30,51600";"8,71805";"0,00626"
"30,52600";"8,73304";"0,00588"
"30,53600";"8,74803";"0,00312"
"30,54600";"8,76303";"-0,00392"
"30,55600";"8,77790";"-0,00379"
"30,56600";"8,79290";"-0,00339"
"30,57600";"8,80801";"-0,00044"
"30,58600";"8,82300";"0,00691"
"30,59600";"8,83799";"0,00978"
"30,60600";"8,85287";"0,00882"
"30,61600";"8,86786";"0,00848"
"30,62600";"8,88297";"0,00747"
"30,63600";"8,89773";"0,00857"
"30,64600";"8,91272";"0,00441"
"30,65600";"8,92783";"-0,00004"
"30,66600";"8,94283";"-0,00457"
"30,67600";"8,95782";"0,00013"
"30,68600";"8,97281";"0,01375"
"30,69600";"8,98780";"0,01774"
"30,70600";"9,00280";"0,01575"
"30,71600";"9,01779";"0,01185"
"30,72600";"9,03279";"0,00257"
"30,73600";"9,04790";"0,00591"
"30,74600";"9,06301";"0,01871"
"30,75600";"9,07812";"0,03139"
"30,76600";"9,09311";"0,03554"
"30,77600";"9,10822";"0,03913"
"30,78600";"9,12322";"0,03593"
"30,79600";"9,13809";"0,02680"
"30,80600";"9,15308";"0,02173"
"30,81600";"9,16808";"0,01694"
"30,82600";"9,18307";"0,01203"
"30,83600";"9,19818";"0,01098"
"30,84600";"9,21317";"0,00674"
"30,85600";"9,22817";"0,00779"
"30,86600";"9,24316";"0,01307"
"30,87600";"9,25803";"0,01947"
"30,88600";"9,27303";"0,01766"
"30,89600";"9,28802";"0,00910"
"30,90600";"9,30301";"0,00462"
"30,91600";"9,31813";"0,01105"
"30,92600";"9,33312";"0,01388"
"30,93600";"9,34811";"0,01075"
"30,94600";"9,36310";"0,00925"
"30,95600";"9,37810";"0,01345"
"30,96600";"9,39309";"0,02509"
"30,97600";"9,40808";"0,03195"
"30,98600";"9,42308";"0,03794"
"30,99600";"9,43819";"0,03565"
"31,00600";"9,45318";"0,02380"
"31,01600";"9,46829";"0,01785"
"31,02600";"9,48317";"0,01626"
"31,03600";"9,49804";"0,01609"
"31,04600";"9,51304";"0,01362"
"31,05600";"9,52803";"0,01202"
"31,06600";"9,54302";"0,00555"
"31,07600";"9,55813";"0,00014"
"31,08600";"9,57312";"0,00158"
"31,09600";"9,58812";"0,00554"
"31,10600";"9,60299";"0,00651"
"31,11600";"9,61799";"0,00575"
"31,12600";"9,63310";"0,00969"
"31,13600";"9,64809";"0,00754"
"31,14600";"9,66297";"0,01730"
"31,15600";"9,67796";"0,02552"
"31,16600";"9,69307";"0,03097"
"31,17600";"9,70806";"0,02953"
"31,18600";"9,72306";"0,02055"
"31,19600";"9,73805";"0,01683"
"31,20600";"9,75304";"0,02322"
"31,21600";"9,76803";"0,02270"
"31,22600";"9,78303";"0,01718"
"31,23600";"9,79802";"0,01346"
"31,24600";"9,81301";"0,00953"
"31,25600";"9,82801";"0,00770"
"31,26600";"9,84276";"0,01172"
"31,27600";"9,85776";"0,01386"
"31,28600";"9,87287";"0,01627"
"31,29600";"9,88798";"0,02240"
"31,30600";"9,90297";"0,02653"
"31,31600";"9,91796";"0,02524"
"31,32600";"9,93296";"0,02264"
"31,33600";"9,94795";"0,02950"
"31,34600";"9,96294";"0,03108"
"31,35600";"9,97794";"0,02631"
"31,36600";"9,99293";"0,02135"
"31,37600";"10,00804";"0,01616"
"31,38600";"10,02304";"0,01528"
"31,39600";"10,03815";"0,01965"
"31,40600";"10,05314";"0,02134"
"31,41600";"10,06813";"0,03138"
"31,42600";"10,08301";"0,03464"
"31,43600";"10,09800";"0,03721"
"31,44600";"10,11299";"0,03836"
"31,45600";"10,12799";"0,04079"
"31,46600";"10,14310";"0,03981"
"31,47600";"10,15797";"0,03462"
"31,48600";"10,17308";"0,03258"
"31,49600";"10,18808";"0,03143"
"31,50600";"10,20319";"0,02442"
"31,51600";"10,21818";"0,02140"
"31,52600";"10,23329";"0,01881"
"31,53600";"10,24840";"0,01694"
"31,54600";"10,26340";"0,02077"
"31,55600";"10,27827";"0,02662"
"31,56600";"10,29326";"0,02868"
"31,57600";"10,30814";"0,02633"
"31,58600";"10,32313";"0,02537"
"31,59600";"10,33813";"0,02563"
"31,60600";"10,35300";"0,02024"
"31,61600";"10,36811";"0,01764"
"31,62600";"10,38310";"0,01771"
"31,63600";"10,39810";"0,02401"
"31,64600";"10,41309";"0,01935"
"31,65600";"10,42808";"0,01345"
"31,66600";"10,44308";"0,01015"
"31,67600";"10,45819";"0,01085"
"31,68600";"10,47318";"0,01322"
"31,69600";"10,48829";"0,01655"
"31,70600";"10,50328";"0,01162"
"31,71600";"10,51828";"0,01189"
"31,72600";"10,53327";"0,01840"
"31,73600";"10,54815";"0,03057"
"31,74600";"10,56302";"0,03479"
"31,75600";"10,57801";"0,03415"
"31,76600";"10,59301";"0,02957"
"31,77600";"10,60788";"0,02714"
"31,78600";"10,62288";"0,02444"
"31,79600";"10,63787";"0,02844"
"31,80600";"10,65298";"0,03672"
"31,81600";"10,66785";"0,03955"
"31,82600";"10,68285";"0,04721"
"31,83600";"10,69784";"0,04816"
"31,84600";"10,71283";"0,04839"
"31,85600";"10,72783";"0,04627"
"31,86600";"10,74282";"0,04338"
"31,87600";"10,75781";"0,04211"
"31,88600";"10,77281";"0,04355"
"31,89600";"10,78780";"0,04778"
"31,90600";"10,80267";"0,05224"
"31,91600";"10,81779";"0,05451"
"31,92600";"10,83290";"0,05103"
"31,93600";"10,84801";"0,04855"
"31,94600";"10,86300";"0,04507"
"31,95600";"10,87799";"0,03974"
"31,96600";"10,89310";"0,02955"
"31,97600";"10,90798";"0,02230"
"31,98600";"10,92285";"0,02498"
"31,99600";"10,93797";"0,03075"
"32,00600";"10,95308";"0,02938"
"32,01600";"10,96807";"0,02972"
"32,02600";"10,98306";"0,02940"
"32,03600";"10,99806";"0,03540"
"32,04600";"11,01305";"0,04246"
"32,05600";"11,02792";"0,04743"
"32,06600";"11,04303";"0,05121"
"32,07600";"11,05803";"0,05488"
"32,08600";"11,07302";"0,05521"
"32,09600";"11,08813";"0,05777"
"32,10600";"11,10301";"0,04795"
"32,11600";"11,11800";"0,03970"
"32,12600";"11,13299";"0,03548"
"32,13600";"11,14799";"0,03124"
"32,14600";"11,16310";"0,03138"
"32,15600";"11,17809";"0,03639"
"32,16600";"11,19320";"0,03817"
"32,17600";"11,20808";"0,04863"
"32,18600";"11,22307";"0,05643"
"32,19600";"11,23806";"0,06207"
"32,20600";"11,25306";"0,06125"
"32,21600";"11,26793";"0,06199"
"32,22600";"11,28304";"0,06346"
"32,23600";"11,29803";"0,05957"
"32,24600";"11,31303";"0,06168"
"32,25600";"11,32802";"0,06224"
"32,26600";"11,34290";"0,05956"
"32,27600";"11,35789";"0,05902"
"32,28600";"11,37288";"0,06638"
"32,29600";"11,38788";"0,05984"
"32,30600";"11,40298";"0,05871"
"32,31600";"11,41810";"0,05569"
"32,32600";"11,43321";"0,05387"
"32,33600";"11,44832";"0,05610"
"32,34600";"11,46331";"0,05778"
"32,35600";"11,47831";"0,05164"
"32,36600";"11,49318";"0,04580"
"32,37600";"11,50806";"0,05187"
"32,38600";"11,52305";"0,05555"
"32,39600";"11,53804";"0,05606"
"32,40600";"11,55304";"0,05542"
"32,41600";"11,56803";"0,05574"
"32,42600";"11,58314";"0,05296"
"32,43600";"11,59813";"0,05619"
"32,44600";"11,61301";"0,05734"
"32,45600";"11,62800";"0,06003"
"32,46600";"11,64299";"0,05269"
"32,47600";"11,65799";"0,05158"
"32,48600";"11,67298";"0,05586"
"32,49600";"11,68797";"0,06100"
"32,50600";"11,70296";"0,06569"
"32,51600";"11,71808";"0,07211"
"32,52600";"11,73295";"0,07470"
"32,53600";"11,74806";"0,07575"
"32,54600";"11,76317";"0,07132"
"32,55600";"11,77817";"0,06663"
"32,56600";"11,79304";"0,07158"
"32,57600";"11,80803";"0,06946"
"32,58600";"11,82303";"0,07234"
"32,59600";"11,83802";"0,07563"
"32,60600";"11,85290";"0,08012"
"32,61600";"11,86777";"0,08517"
"32,62600";"11,88288";"0,08816"
"32,63600";"11,89799";"0,09371"
"32,64600";"11,91299";"0,10172"
"32,65600";"11,92810";"0,10396"
"32,66600";"11,94309";"0,09792"
"32,67600";"11,95797";"0,09646"
"32,68600";"11,97296";"0,09523"
"32,69600";"11,98795";"0,08952"
"32,70600";"12,00294";"0,08556"
"32,71600";"12,01794";"0,08744"
"32,72600";"12,03293";"0,09490"
"32,73600";"12,04792";"0,09198"
"32,74600";"12,06292";"0,09097"
"32,75600";"12,07803";"0,08849"
"32,76600";"12,09290";"0,08387"
"32,77600";"12,10790";"0,07970"
"32,78600";"12,12289";"0,08083"
"32,79600";"12,13800";"0,08623"
"32,80600";"12,15287";"0,08727"
"32,81600";"12,16787";"0,08526"
"32,82600";"12,18274";"0,08496"
"32,83600";"12,19774";"0,08720"
"32,84600";"12,21273";"0,08539"
"32,85600";"12,22772";"0,08808"
"32,86600";"12,24283";"0,08891"
"32,87600";"12,25783";"0,09261"
"32,88600";"12,27294";"0,09910"
"32,89600";"12,28793";"0,10215"
"32,90600";"12,30280";"0,10394"
"32,91600";"12,31768";"0,10795"
"32,92600";"12,33267";"0,11266"
"32,93600";"12,34778";"0,10820"
"32,94600";"12,36290";"0,10044"
"32,95600";"12,37801";"0,10514"
"32,96600";"12,39312";"0,12094"
"32,97600";"12,40811";"0,12823"
"32,98600";"12,42310";"0,12460"
"32,99600";"12,43810";"0,12651"
"33,00600";"12,45309";"0,12681"
"33,01600";"12,46808";"0,12774"
"33,02600";"12,48308";"0,12445"
"33,03600";"12,49807";"0,12709"
"33,04600";"12,51306";"0,13102"
"33,05600";"12,52805";"0,13514"
"33,06600";"12,54317";"0,13401"
"33,07600";"12,55792";"0,12703"
"33,08600";"12,57292";"0,12067"
"33,09600";"12,58791";"0,12270"
"33,10600";"12,60290";"0,13427"
"33,11600";"12,61790";"0,13418"
"33,12600";"12,63289";"0,13788"
"33,13600";"12,64788";"0,14296"
"33,14600";"12,66288";"0,14993"
"33,15600";"12,67775";"0,15834"
"33,16600";"12,69286";"0,16005"
"33,17600";"12,70797";"0,16452"
"33,18600";"12,72297";"0,16919"
"33,19600";"12,73808";"0,16890"
"33,20600";"12,75319";"0,16628"
"33,21600";"12,76818";"0,16309"
"33,22600";"12,78306";"0,15591"
"33,23600";"12,79793";"0,14639"
"33,24600";"12,81292";"0,13540"
"33,25600";"12,82815";"0,13409"
"33,26600";"12,84315";"0,14277"
"33,27600";"12,85826";"0,14938"
"33,28600";"12,87325";"0,15563"
"33,29600";"12,88824";"0,16245"
"33,30600";"12,90324";"0,16240"
"33,31600";"12,91799";"0,15184"
"33,32600";"12,93287";"0,14060"
"33,33600";"12,94786";"0,14803"
"33,34600";"12,96285";"0,15740"
"33,35600";"12,97773";"0,15940"
"33,36600";"12,99284";"0,15278"
"33,37600";"13,00795";"0,14813"
"33,38600";"13,02294";"0,15133"
"33,39600";"13,03782";"0,16117"
"33,40600";"13,05293";"0,17403"
"33,41600";"13,06804";"0,17978"
"33,42600";"13,08315";"0,18689"
"33,43600";"13,09814";"0,18806"
"33,44600";"13,11314";"0,19204"
"33,45600";"13,12801";"0,19132"
"33,46600";"13,14289";"0,19011"
"33,47600";"13,15776";"0,18612"
"33,48600";"13,17276";"0,17243"
"33,49600";"13,18775";"0,16964"
"33,50600";"13,20286";"0,17465"
"33,51600";"13,21785";"0,18143"
"33,52600";"13,23297";"0,19454"
"33,53600";"13,24796";"0,21363"
"33,54600";"13,26295";"0,22322"
"33,55600";"13,27783";"0,22080"
"33,56600";"13,29294";"0,22035"
"33,57600";"13,30793";"0,21763"
"33,58600";"13,32292";"0,21286"
"33,59600";"13,33803";"0,21072"
"33,60600";"13,35291";"0,21464"
"33,61600";"13,36790";"0,22344"
"33,62600";"13,38278";"0,23003"
"33,63600";"13,39777";"0,23502"
"33,64600";"13,41288";"0,23238"
"33,65600";"13,42787";"0,22660"
"33,66600";"13,44299";"0,22422"
"33,67600";"13,45798";"0,22728"
"33,68600";"13,47297";"0,23105"
"33,69600";"13,48808";"0,23591"
"33,70600";"13,50308";"0,24307"
"33,71600";"13,51807";"0,24376"
"33,72600";"13,53306";"0,24422"
"33,73600";"13,54806";"0,24149"
"33,74600";"13,56305";"0,23401"
"33,75600";"13,57804";"0,22978"
"33,76600";"13,59303";"0,23400"
"33,77600";"13,60803";"0,24406"
"33,78600";"13,62290";"0,25758"
"33,79600";"13,63778";"0,26224"
"33,80600";"13,65289";"0,26852"
"33,81600";"13,66800";"0,27088"
"33,82600";"13,68299";"0,28127"
"33,83600";"13,69810";"0,28857"
"33,84600";"13,71310";"0,28201"
"33,85600";"13,72809";"0,26863"
"33,86600";"13,74308";"0,26218"
"33,87600";"13,75808";"0,26089"
"33,88600";"13,77307";"0,26906"
"33,89600";"13,78806";"0,27706"
"33,90600";"13,80317";"0,26934"
"33,91600";"13,81828";"0,26724"
"33,92600";"13,83328";"0,27055"
"33,93600";"13,84827";"0,27440"
"33,94600";"13,86315";"0,28876"
"33,95600";"13,87826";"0,29663"
"33,96600";"13,89313";"0,29925"
"33,97600";"13,90813";"0,30053"
"33,98600";"13,92312";"0,29323"
"33,99600";"13,93811";"0,29280"
"34,00600";"13,95310";"0,29994"
"34,01600";"13,96810";"0,31484"
"34,02600";"13,98297";"0,32984"
"34,03600";"13,99808";"0,33716"
"34,04600";"14,01308";"0,34259"
"34,05600";"14,02807";"0,34683"
"34,06600";"14,04294";"0,34614"
"34,07600";"14,05794";"0,34542"
"34,08600";"14,07293";"0,34883"
"34,09600";"14,08781";"0,35395"
"34,10600";"14,10280";"0,35313"
"34,11600";"14,11791";"0,35012"
"34,12600";"14,13290";"0,35199"
"34,13600";"14,14801";"0,35201"
"34,14600";"14,16301";"0,35336"
"34,15600";"14,17812";"0,35737"
"34,16600";"14,19311";"0,36775"
"34,17600";"14,20799";"0,37084"
"34,18600";"14,22298";"0,37629"
"34,19600";"14,23797";"0,37878"
"34,20600";"14,25296";"0,37975"
"34,21600";"14,26808";"0,38379"
"34,22600";"14,28319";"0,39657"
"34,23600";"14,29818";"0,40342"
"34,24600";"14,31317";"0,40654"
"34,25600";"14,32817";"0,40688"
"34,26600";"14,34304";"0,40951"
"34,27600";"14,35803";"0,41248"
"34,28600";"14,37315";"0,41743"
"34,29600";"14,38802";"0,41956"
"34,30600";"14,40301";"0,41665"
"34,31600";"14,41801";"0,41426"
"34,32600";"14,43312";"0,41176"
"34,33600";"14,44799";"0,41270"
"34,34600";"14,46299";"0,41741"
"34,35600";"14,47798";"0,42270"
"34,36600";"14,49309";"0,42912"
"34,37600";"14,50808";"0,43438"
"34,38600";"14,52308";"0,44312"
"34,39600";"14,53819";"0,45323"
"34,40600";"14,55318";"0,46181"
"34,41600";"14,56817";"0,46841"
"34,42600";"14,58305";"0,47453"
"34,43600";"14,59816";"0,47229"
"34,44600";"14,61315";"0,46665"
"34,45600";"14,62815";"0,46382"
"34,46600";"14,64314";"0,46862"
"34,47600";"14,65825";"0,48388"
"34,48600";"14,67313";"0,50004"
"34,49600";"14,68812";"0,51534"
"34,50600";"14,70299";"0,51704"
"34,51600";"14,71810";"0,51547"
"34,52600";"14,73322";"0,51573"
"34,53600";"14,74833";"0,51949"
"34,54600";"14,76332";"0,52557"
"34,55600";"14,77831";"0,52568"
"34,56600";"14,79319";"0,53034"
"34,57600";"14,80818";"0,52930"
"34,58600";"14,82306";"0,52958"
"34,59600";"14,83817";"0,53331"
"34,60600";"14,85304";"0,54094"
"34,61600";"14,86792";"0,55273"
"34,62600";"14,88279";"0,56772"
"34,63600";"14,89790";"0,58717"
"34,64600";"14,91290";"0,60010"
"34,65600";"14,92789";"0,60406"
"34,66600";"14,94300";"0,60358"
"34,67600";"14,95799";"0,59894"
"34,68600";"14,97310";"0,60505"
"34,69600";"14,98810";"0,61390"
"34,70600";"15,00321";"0,62441"
"34,71600";"15,01820";"0,63428"
"34,72600";"15,03308";"0,64668"
"34,73600";"15,04807";"0,66070"
"34,74600";"15,06306";"0,67275"
"34,75600";"15,07806";"0,68911"
"34,76600";"15,09317";"0,70302"
"34,77600";"15,10816";"0,71154"
"34,78600";"15,12315";"0,71941"
"34,79600";"15,13815";"0,72793"
"34,80600";"15,15302";"0,73217"
"34,81600";"15,16790";"0,73569"
"34,82600";"15,18289";"0,74617"
"34,83600";"15,19788";"0,75210"
"34,84600";"15,21299";"0,76013"
"34,85600";"15,22799";"0,76801"
"34,86600";"15,24286";"0,77732"
"34,87600";"15,25785";"0,79319"
"34,88600";"15,27273";"0,80502"
"34,89600";"15,28760";"0,81773"
"34,90600";"15,30272";"0,83676"
"34,91600";"15,31771";"0,85675"
"34,92600";"15,33282";"0,86627"
"34,93600";"15,34769";"0,87745"
"34,94600";"15,36280";"0,88422"
"34,95600";"15,37792";"0,89622"
"34,96600";"15,39291";"0,90752"
"34,97600";"15,40790";"0,91934"
"34,98600";"15,42301";"0,93015"
"34,99600";"15,43813";"0,93868"
"35,00600";"15,45324";"0,94754"
"35,01600";"15,46823";"0,95470"
"35,02600";"15,48322";"0,96453"
"35,03600";"15,49810";"0,97929"
"35,04600";"15,51297";"0,99448"
"35,05600";"15,52797";"1,01560"
"35,06600";"15,54296";"1,03516"
"35,07600";"15,55807";"1,04715"
"35,08600";"15,57318";"1,05994"
"35,09600";"15,58817";"1,07425"
"35,10600";"15,60317";"1,08623"
"35,11600";"15,61816";"1,10015"
"35,12600";"15,63304";"1,12028"
"35,13600";"15,64803";"1,14229"
"35,14600";"15,66302";"1,15962"
"35,15600";"15,67801";"1,18072"
"35,16600";"15,69301";"1,19666"
"35,17600";"15,70800";"1,21228"
"35,18600";"15,72288";"1,23114"
"35,19600";"15,73775";"1,25373"
"35,20600";"15,75262";"1,27506"
"35,21600";"15,76774";"1,29106"
"35,22600";"15,78273";"1,31298"
"35,23600";"15,79784";"1,34464"
"35,24600";"15,81283";"1,37754"
"35,25600";"15,82794";"1,40117"
"35,26600";"15,84306";"1,42062"
"35,27600";"15,85805";"1,44395"
"35,28600";"15,87316";"1,46600"
"35,29600";"15,88827";"1,48947"
"35,30600";"15,90326";"1,51500"
"35,31600";"15,91837";"1,54018"
"35,32600";"15,93337";"1,57133"
"35,33600";"15,94824";"1,60224"
"35,34600";"15,96312";"1,62701"
"35,35600";"15,97811";"1,65082"
"35,36600";"15,99299";"1,68195"
"35,37600";"16,00798";"1,71616"
"35,38600";"16,02297";"1,75713"
"35,39600";"16,03797";"1,79508"
"35,40600";"16,05308";"1,83641"
"35,41600";"16,06807";"1,87496"
"35,42600";"16,08294";"1,91105"
"35,43600";"16,09782";"1,94983"
"35,44600";"16,11269";"1,99083"
"35,45600";"16,12781";"2,03005"
"35,46600";"16,14280";"2,06591"
"35,47600";"16,15779";"2,10808"
"35,48600";"16,17290";"2,15439"
"35,49600";"16,18790";"2,20880"
"35,50600";"16,20300";"2,25659"
"35,51600";"16,21788";"2,30280"
"35,52600";"16,23288";"2,35040"
"35,53600";"16,24787";"2,40215"
"35,54600";"16,26286";"2,45567"
"35,55600";"16,27797";"2,51770"
"35,56600";"16,29308";"2,57114"
"35,57600";"16,30820";"2,62583"
"35,58600";"16,32331";"2,67729"
"35,59600";"16,33818";"2,73668"
"35,60600";"16,35317";"2,79976"
"35,61600";"16,36817";"2,86982"
"35,62600";"16,38316";"2,94244"
"35,63600";"16,39815";"3,01354"
"35,64600";"16,41315";"3,08494"
"35,65600";"16,42802";"3,15543"
"35,66600";"16,44301";"3,22980"
"35,67600";"16,45789";"3,30967"
"35,68600";"16,47288";"3,39120"
"35,69600";"16,48799";"3,47201"
"35,70600";"16,50311";"3,55485"
"35,71600";"16,51810";"3,63952"
"35,72600";"16,53297";"3,72603"
"35,73600";"16,54797";"3,80875"
"35,74600";"16,56284";"3,90016"
"35,75600";"16,57771";"3,99704"
"35,76600";"16,59271";"4,09406"
"35,77600";"16,60770";"4,18340"
"35,78600";"16,62281";"4,28086"
"35,79600";"16,63792";"4,38528"
"35,80600";"16,65303";"4,50297"
"35,81600";"16,66803";"4,61641"
"35,82600";"16,68314";"4,72952"
"35,83600";"16,69813";"4,83874"
"35,84600";"16,71313";"4,95594"
"35,85600";"16,72812";"5,08493"
"35,86600";"16,74311";"5,22025"
"35,87600";"16,75810";"5,35300"
"35,88600";"16,77298";"5,48912"
"35,89600";"16,78797";"5,62973"
"35,90600";"16,80297";"5,77055"
"35,91600";"16,81796";"5,91149"
"35,92600";"16,83307";"6,05904"
"35,93600";"16,84806";"6,21346"
"35,94600";"16,86306";"6,37820"
"35,95600";"16,87817";"6,54980"
"35,96600";"16,89304";"6,72057"
"35,97600";"16,90804";"6,89558"
"35,98600";"16,92291";"7,06486"
"35,99600";"16,93790";"7,24231"
"36,00600";"16,95301";"7,43294"
"36,01600";"16,96812";"7,63172"
"36,02600";"16,98312";"7,83220"
"36,03600";"16,99811";"8,03946"
"36,04600";"17,01311";"8,25293"
"36,05600";"17,02810";"8,46459"
"36,06600";"17,04297";"8,69028"
"36,07600";"17,05785";"8,92001"
"36,08600";"17,07284";"9,15641"
"36,09600";"17,08783";"9,40064"
"36,10600";"17,10283";"9,65625"
"36,11600";"17,11782";"9,92196"
"36,12600";"17,13281";"10,19994"
"36,13600";"17,14781";"10,48410"
"36,14600";"17,16280";"10,77846"
"36,15600";"17,17791";"11,07907"
"36,16600";"17,19290";"11,39286"
"36,17600";"17,20801";"11,72906"
"36,18600";"17,22301";"12,08421"
"36,19600";"17,23800";"12,44762"
"36,20600";"17,25299";"12,82476"
"36,21600";"17,26799";"13,21729"
"36,22600";"17,28286";"13,62157"
"36,23600";"17,29786";"14,04311"
"36,24600";"17,31297";"14,47364"
"36,25600";"17,32796";"14,92324"
"36,26600";"17,34295";"15,38865"
"36,27600";"17,35794";"15,87161"
"36,28600";"17,37294";"16,37413"
"36,29600";"17,38781";"16,89639"
"36,30600";"17,40281";"17,43521"
"36,31600";"17,41780";"17,99578"
"36,32600";"17,43279";"18,57650"
"36,33600";"17,44778";"19,18685"
"36,34600";"17,46278";"19,81590"
"36,35600";"17,47777";"20,46930"
"36,36600";"17,49265";"21,15048"
"36,37600";"17,50752";"21,85486"
"36,38600";"17,52251";"22,57961"
"36,39600";"17,53751";"23,33553"
"36,40600";"17,55250";"24,13737"
"36,41600";"17,56773";"24,97398"
"36,42600";"17,58296";"25,85577"
"36,43600";"17,59807";"26,78772"
"36,44600";"17,61306";"27,76037"
"36,45600";"17,62817";"28,77309"
"36,46600";"17,64317";"29,81674"
"36,47600";"17,65804";"30,89606"
"36,48600";"17,67304";"32,01515"
"36,49600";"17,68803";"33,19356"
"36,50600";"17,70314";"34,43839"
"36,51600";"17,71813";"35,75085"
"36,52600";"17,73313";"37,12193"
"36,53600";"17,74812";"38,55937"
"36,54600";"17,76311";"40,06887"
"36,55600";"17,77822";"41,66034"
"36,56600";"17,79322";"43,34455"
"36,57600";"17,80821";"45,11986"
"36,58600";"17,82308";"46,97165"
"36,59600";"17,83808";"48,89066"
"36,60600";"17,85295";"50,89127"
"36,61600";"17,86771";"52,98491"
"36,62600";"17,88247";"55,15703"
"36,63600";"17,89758";"57,44498"
"36,64600";"17,91257";"59,91817"
"36,65600";"17,92768";"62,58115"
"36,66600";"17,94267";"65,44223"
"36,67600";"17,95767";"68,48678"
"36,68600";"17,97266";"71,69810"
"36,69600";"17,98765";"75,05357"
"36,70600";"18,00277";"78,58427"
"36,71600";"18,01787";"82,30779"
"36,72600";"18,03299";"86,25242"
"36,73600";"18,04810";"90,37221"
"36,74600";"18,06309";"94,61909"
"36,75600";"18,07808";"99,05106"
"36,76600";"18,09308";"103,68626"
"36,77600";"18,10795";"108,52756"
"36,78600";"18,12295";"113,55367"
"36,79600";"18,13806";"118,73557"
"36,80600";"18,15305";"124,11988"
"36,81600";"18,16804";"129,71027"
"36,82600";"18,18303";"135,46199"
"36,83600";"18,19814";"141,33650"
"36,84600";"18,21314";"147,35484"
"36,85600";"18,22790";"153,48935"
"36,86600";"18,24289";"159,71275"
"36,87600";"18,25776";"166,02592"
"36,88600";"18,27287";"172,40994"
"36,89600";"18,28787";"178,92426"
"36,90600";"18,30274";"185,49590"
"36,91600";"18,31762";"192,06020"
"36,92600";"18,33237";"198,61206"
"36,93600";"18,34725";"205,10841"
"36,94600";"18,36224";"211,61880"
"36,95600";"18,37724";"218,30962"
"36,96600";"18,39235";"225,27583"
"36,97600";"18,40734";"232,49489"
"36,98600";"18,42245";"240,04646"
"36,99600";"18,43744";"247,93921"
"37,00600";"18,45244";"256,00159"
"37,01600";"18,46755";"264,11389"
"37,02600";"18,48266";"272,25980"
"37,03600";"18,49789";"280,62454"
"37,03800";"18,50096";"282,33200"
"37,04000";"18,50391";"284,04736"
"37,05000";"18,51701";"292,66086"
"37,06000";"18,52445";"300,12222"
"37,06600";"18,52634";"302,57858"
"37,07600";"18,52551";"301,07504"
"37,08600";"18,52044";"291,46091"
"37,09600";"18,50875";"272,78271"
"37,10600";"18,49175";"242,82742"
"37,11600";"18,47133";"201,38231"
"37,12600";"18,44960";"152,94221"
"37,13600";"18,42776";"104,34310"
"37,14600";"18,40651";"61,62921"
"37,15600";"18,38621";"29,29723"
"37,16600";"18,36637";"9,05658"
"37,17600";"18,34737";"-0,11117"
"37,18600";"18,32895";"-1,70918"
"37,19600";"18,31124";"0,02020"
"37,20600";"18,29413";"2,31365"
"37,21600";"18,27772";"3,93547"
"37,22600";"18,26154";"4,59963"
"37,23600";"18,24560";"4,48231"
"37,24600";"18,22990";"3,89338"
"37,25600";"18,21432";"3,10031"
"37,26600";"18,19885";"2,26759"
"37,27600";"18,18351";"1,48750"
"37,28600";"18,16840";"0,81360"
"37,29600";"18,15329";"0,25645"
"37,30600";"18,13806";"-0,21446"
"37,31600";"18,12283";"-0,60809"
"37,32600";"18,10748";"-0,94449"
"37,33600";"18,09249";"-1,23692"
"37,34600";"18,07761";"-1,48876"
"37,35600";"18,06285";"-1,69842"
"37,36600";"18,04810";"-1,86487"
"37,37600";"18,03287";"-1,99866"
"37,38600";"18,01752";"-2,12758"
"37,39600";"18,00217";"-2,26285"
"37,40600";"17,98683";"-2,39886"
"37,41600";"17,97171";"-2,51385"
"37,42600";"17,95672";"-2,60647"
"37,43600";"17,94173";"-2,67519"
"37,44600";"17,92673";"-2,72636"
"37,45600";"17,91198";"-2,75799"
"37,46600";"17,89710";"-2,77666"
"37,47600";"17,88211";"-2,78732"
"37,48600";"17,86688";"-2,79690"
"37,49600";"17,85165";"-2,80917"
"37,50600";"17,83666";"-2,81918"
"37,51600";"17,82178";"-2,82880"
"37,52600";"17,80679";"-2,82890"
"37,53600";"17,79192";"-2,81241"
"37,54600";"17,77704";"-2,78723"
"37,55600";"17,76217";"-2,75542"
"37,56600";"17,74706";"-2,72155"
"37,57600";"17,73206";"-2,68409"
"37,58600";"17,71707";"-2,63910"
"37,59600";"17,70208";"-2,59412"
"37,60600";"17,68696";"-2,55167"
"37,61600";"17,67197";"-2,50868"
"37,62600";"17,65686";"-2,47512"
"37,63600";"17,64187";"-2,42898"
"37,64600";"17,62675";"-2,36952"
"37,65600";"17,61176";"-2,30806"
"37,66600";"17,59677";"-2,25081"
"37,67600";"17,58201";"-2,20025"
"37,68600";"17,56714";"-2,15015"
"37,69600";"17,55215";"-2,10182"
"37,70600";"17,53703";"-2,05155"
"37,71600";"17,52216";"-1,99941"
"37,72600";"17,50705";"-1,94705"
"37,73600";"17,49194";"-1,89920"
"37,74600";"17,47694";"-1,84159"
"37,75600";"17,46207";"-1,77970"
"37,76600";"17,44719";"-1,72176"
"37,77600";"17,43220";"-1,66423"
"37,78600";"17,41709";"-1,60851"
"37,79600";"17,40221";"-1,56201"
"37,80600";"17,38711";"-1,51604"
"37,81600";"17,37188";"-1,47384"
"37,82600";"17,35688";"-1,42724"
"37,83600";"17,34201";"-1,38079"
"37,84600";"17,32701";"-1,33482"
"37,85600";"17,31202";"-1,29039"
"37,86600";"17,29703";"-1,24797"
"37,87600";"17,28215";"-1,20844"
"37,88600";"17,26728";"-1,16411"
"37,89600";"17,25217";"-1,12672"
"37,90600";"17,23706";"-1,09698"
"37,91600";"17,22206";"-1,07373"
"37,92600";"17,20719";"-1,05018"
"37,93600";"17,19208";"-1,01832"
"37,94600";"17,17696";"-0,99019"
"37,95600";"17,16197";"-0,96602"
"37,96600";"17,14698";"-0,94768"
"37,97600";"17,13187";"-0,93323"
"37,98600";"17,11687";"-0,92005"
"37,99600";"17,10188";"-0,91053"
"38,00600";"17,08701";"-0,89990"
"38,01600";"17,07201";"-0,87913"
"38,02600";"17,05690";"-0,85675"
"38,03600";"17,04191";"-0,83420"
"38,04600";"17,02703";"-0,81054"
"38,05600";"17,01192";"-0,78918"
"38,06600";"16,99693";"-0,77390"
"38,07600";"16,98206";"-0,75485"
"38,08600";"16,96718";"-0,73687"
"38,09600";"16,95219";"-0,72033"
"38,10600";"16,93708";"-0,71541"
"38,11600";"16,92196";"-0,70892"
"38,12600";"16,90697";"-0,70481"
"38,13600";"16,89198";"-0,69424"
"38,14600";"16,87687";"-0,67485"
"38,15600";"16,86188";"-0,65911"
"38,16600";"16,84700";"-0,64298"
"38,17600";"16,83201";"-0,62941"
"38,18600";"16,81689";"-0,62056"
"38,19600";"16,80190";"-0,61320"
"38,20600";"16,78679";"-0,60198"
"38,21600";"16,77180";"-0,58706"
"38,22600";"16,75692";"-0,56575"
"38,23600";"16,74181";"-0,55962"
"38,24600";"16,72694";"-0,56097"
"38,25600";"16,71194";"-0,55754"
"38,26600";"16,69695";"-0,55299"
"38,27600";"16,68196";"-0,54867"
"38,28600";"16,66685";"-0,54037"
"38,29600";"16,65197";"-0,52598"
"38,30600";"16,63710";"-0,51102"
"38,31600";"16,62211";"-0,50054"
"38,32600";"16,60699";"-0,48729"
"38,33600";"16,59200";"-0,47473"
"38,34600";"16,57689";"-0,46757"
"38,35600";"16,56178";"-0,45271"
"38,36600";"16,54667";"-0,44175"
"38,37600";"16,53179";"-0,43445"
"38,38600";"16,51692";"-0,43143"
"38,39600";"16,50204";"-0,42863"
"38,40600";"16,48705";"-0,42692"
"38,41600";"16,47206";"-0,41725"
"38,42600";"16,45706";"-0,40619"
"38,43600";"16,44195";"-0,39092"
"38,44600";"16,42696";"-0,37073"
"38,45600";"16,41197";"-0,35716"
"38,46600";"16,39709";"-0,34692"
"38,47600";"16,38222";"-0,33778"
"38,48600";"16,36710";"-0,32692"
"38,49600";"16,35223";"-0,32575"
"38,50600";"16,33724";"-0,32426"
"38,51600";"16,32224";"-0,31633"
"38,52600";"16,30701";"-0,31346"
"38,53600";"16,29202";"-0,31669"
"38,54600";"16,27715";"-0,30838"
"38,55600";"16,26215";"-0,29588"
"38,56600";"16,24704";"-0,28805"
"38,57600";"16,23205";"-0,29268"
"38,58600";"16,21706";"-0,30093"
"38,59600";"16,20206";"-0,30491"
"38,60600";"16,18707";"-0,30530"
"38,61600";"16,17208";"-0,30378"
"38,62600";"16,15720";"-0,30032"
"38,63600";"16,14233";"-0,29087"
"38,64600";"16,12721";"-0,28617"
"38,65600";"16,11199";"-0,27975"
"38,66600";"16,09699";"-0,27599"
"38,67600";"16,08188";"-0,27675"
"38,68600";"16,06677";"-0,28127"
"38,69600";"16,05178";"-0,28829"
"38,70600";"16,03690";"-0,29624"
"38,71600";"16,02203";"-0,29215"
"38,72600";"16,00704";"-0,27872"
"38,73600";"15,99192";"-0,26816"
"38,74600";"15,97693";"-0,26785"
"38,75600";"15,96194";"-0,26412"
"38,76600";"15,94706";"-0,26285"
"38,77600";"15,93195";"-0,26576"
"38,78600";"15,91696";"-0,27636"
"38,79600";"15,90208";"-0,27427"
"38,80600";"15,88733";"-0,27013"
"38,81600";"15,87233";"-0,27080"
"38,82600";"15,85722";"-0,27193"
"38,83600";"15,84211";"-0,27095"
"38,84600";"15,82712";"-0,26495"
"38,85600";"15,81213";"-0,25273"
"38,86600";"15,79702";"-0,24813"
"38,87600";"15,78214";"-0,25249"
"38,88600";"15,76727";"-0,25570"
"38,89600";"15,75215";"-0,25464"
"38,90600";"15,73704";"-0,25537"
"38,91600";"15,72193";"-0,25005"
"38,92600";"15,70706";"-0,23973"
"38,93600";"15,69218";"-0,23006"
"38,94600";"15,67707";"-0,22988"
"38,95600";"15,66220";"-0,23982"
"38,96600";"15,64720";"-0,24435"
"38,97600";"15,63209";"-0,24636"
"38,98600";"15,61686";"-0,24621"
"38,99600";"15,60175";"-0,24400"
"39,00600";"15,58676";"-0,24023"
"39,01600";"15,57176";"-0,24175"
"39,02600";"15,55677";"-0,23663"
"39,03600";"15,54190";"-0,23749"
"39,04600";"15,52702";"-0,23932"
"39,05600";"15,51203";"-0,24115"
"39,06600";"15,49692";"-0,24013"
"39,07600";"15,48180";"-0,23251"
"39,08600";"15,46693";"-0,22377"
"39,09600";"15,45194";"-0,22141"
"39,10600";"15,43694";"-0,21891"
"39,11600";"15,42195";"-0,22159"
"39,12600";"15,40707";"-0,22150"
"39,13600";"15,39208";"-0,22132"
"39,14600";"15,37697";"-0,22312"
"39,15600";"15,36186";"-0,22093"
"39,16600";"15,34699";"-0,22580"
"39,17600";"15,33199";"-0,22936"
"39,18600";"15,31712";"-0,22903"
"39,19600";"15,30201";"-0,23314"
"39,20600";"15,28701";"-0,23742"
"39,21600";"15,27214";"-0,23796"
"39,22600";"15,25715";"-0,23423"
"39,23600";"15,24203";"-0,23089"
"39,24600";"15,22704";"-0,22973"
"39,25600";"15,21217";"-0,22219"
"39,26600";"15,19717";"-0,22050"
"39,27600";"15,18206";"-0,22937"
"39,28600";"15,16707";"-0,23459"
"39,29600";"15,15219";"-0,24206"
"39,30600";"15,13720";"-0,23534"
"39,31600";"15,12197";"-0,23133"
"39,32600";"15,10698";"-0,23086"
"39,33600";"15,09210";"-0,23236"
"39,34600";"15,07723";"-0,22632"
"39,35600";"15,06223";"-0,22186"
"39,36600";"15,04713";"-0,22147"
"39,37600";"15,03213";"-0,21956"
"39,38600";"15,01714";"-0,21392"
"39,39600";"15,00203";"-0,21158"
"39,40600";"14,98703";"-0,21928"
"39,41600";"14,97216";"-0,22452"
"39,42600";"14,95728";"-0,22734"
"39,43600";"14,94241";"-0,21931"
"39,44600";"14,92718";"-0,22038"
"39,45600";"14,91231";"-0,23072"
"39,46600";"14,89731";"-0,22794"
"39,47600";"14,88232";"-0,22233"
"39,48600";"14,86721";"-0,21562"
"39,49600";"14,85210";"-0,21889"
"39,50600";"14,83722";"-0,22297"
"39,51600";"14,82223";"-0,21728"
"39,52600";"14,80700";"-0,21766"
"39,53600";"14,79189";"-0,21519"
"39,54600";"14,77701";"-0,21631"
"39,55600";"14,76214";"-0,21705"
"39,56600";"14,74703";"-0,21896"
"39,57600";"14,73203";"-0,22003"
"39,58600";"14,71716";"-0,22292"
"39,59600";"14,70217";"-0,22375"
"39,60600";"14,68706";"-0,22033"
"39,61600";"14,67194";"-0,21222"
"39,62600";"14,65695";"-0,20378"
"39,63600";"14,64219";"-0,19951"
"39,64600";"14,62708";"-0,19315"
"39,65600";"14,61197";"-0,18651"
"39,66600";"14,59698";"-0,18668"
"39,67600";"14,58199";"-0,18182"
"39,68600";"14,56687";"-0,18023"
"39,69600";"14,55176";"-0,17942"
"39,70600";"14,53677";"-0,18085"
"39,71600";"14,52190";"-0,17943"
"39,72600";"14,50690";"-0,17730"
"39,73600";"14,49179";"-0,17982"
"39,74600";"14,47680";"-0,18593"
"39,75600";"14,46192";"-0,19069"
"39,76600";"14,44693";"-0,18638"
"39,77600";"14,43182";"-0,18368"
"39,78600";"14,41683";"-0,17907"
"39,79600";"14,40195";"-0,17007"
"39,80600";"14,38708";"-0,16261"
"39,81600";"14,37185";"-0,15427"
"39,82600";"14,35685";"-0,14673"
"39,83600";"14,34186";"-0,14635"
"39,84600";"14,32675";"-0,14471"
"39,85600";"14,31152";"-0,13857"
"39,86600";"14,29653";"-0,13710"
"39,87600";"14,28189";"-0,14162"
"39,88600";"14,26701";"-0,14572"
"39,89600";"14,25190";"-0,15479"
"39,90600";"14,23679";"-0,16048"
"39,91600";"14,22180";"-0,15582"
"39,92600";"14,20681";"-0,14689"
"39,93600";"14,19169";"-0,14470"
"39,94600";"14,17670";"-0,14260"
"39,95600";"14,16194";"-0,13911"
"39,96600";"14,14719";"-0,13288"
"39,97600";"14,13219";"-0,13246"
"39,98600";"14,11697";"-0,13062"
"39,99600";"14,10197";"-0,13204"
"40,00600";"14,08710";"-0,12904"
"40,01600";"14,07199";"-0,12428"
"40,02600";"14,05699";"-0,12997"
"40,03600";"14,04200";"-0,14355"
"40,04600";"14,02724";"-0,14585"
"40,05600";"14,01237";"-0,13975"
"40,06600";"13,99714";"-0,14203"
"40,07600";"13,98226";"-0,14849"
"40,08600";"13,96739";"-0,14958"
"40,09600";"13,95228";"-0,14375"
"40,10600";"13,93717";"-0,14239"
"40,11600";"13,92217";"-0,14116"
"40,12600";"13,90730";"-0,14031"
"40,13600";"13,89231";"-0,14063"
"40,14600";"13,87719";"-0,13767"
"40,15600";"13,86196";"-0,13422"
"40,16600";"13,84709";"-0,13420"
"40,17600";"13,83210";"-0,13938"
"40,18600";"13,81710";"-0,14452"
"40,19600";"13,80211";"-0,15143"
"40,20600";"13,78712";"-0,16046"
"40,21600";"13,77212";"-0,16652"
"40,22600";"13,75701";"-0,15867"
"40,23600";"13,74190";"-0,14893"
"40,24600";"13,72679";"-0,13556"
"40,25600";"13,71192";"-0,13918"
"40,26600";"13,69681";"-0,14101"
"40,27600";"13,68181";"-0,13949"
"40,28600";"13,66694";"-0,13784"
"40,29600";"13,65206";"-0,14250"
"40,30600";"13,63707";"-0,14251"
"40,31600";"13,62184";"-0,13238"
"40,32600";"13,60685";"-0,12796"
"40,33600";"13,59197";"-0,12308"
"40,34600";"13,57698";"-0,11967"
"40,35600";"13,56199";"-0,11730"
"40,36600";"13,54699";"-0,11910"
"40,37600";"13,53212";"-0,11927"
"40,38600";"13,51712";"-0,11715"
"40,39600";"13,50201";"-0,11637"
"40,40600";"13,48690";"-0,11981"
"40,41600";"13,47191";"-0,12558"
"40,42600";"13,45704";"-0,13088"
"40,43600";"13,44204";"-0,13340"
"40,44600";"13,42705";"-0,13756"
"40,45600";"13,41206";"-0,13559"
"40,46600";"13,39706";"-0,12895"
"40,47600";"13,38195";"-0,11761"
"40,48600";"13,36672";"-0,10582"
"40,49600";"13,35185";"-0,09581"
"40,50600";"13,33709";"-0,09325"
"40,51600";"13,32198";"-0,09127"
"40,52600";"13,30699";"-0,08969"
"40,53600";"13,29199";"-0,08877"
"40,54600";"13,27700";"-0,09079"
"40,55600";"13,26189";"-0,09233"
"40,56600";"13,24678";"-0,09045"
"40,57600";"13,23167";"-0,08974"
"40,58600";"13,21691";"-0,08846"
"40,59600";"13,20203";"-0,08483"
"40,60600";"13,18692";"-0,08256"
"40,61600";"13,17193";"-0,08682"
"40,62600";"13,15706";"-0,08803"
"40,63600";"13,14194";"-0,08491"
"40,64600";"13,12683";"-0,07962"
"40,65600";"13,11184";"-0,07493"
"40,66600";"13,09697";"-0,07433"
"40,67600";"13,08209";"-0,07873"
"40,68600";"13,06710";"-0,09325"
"40,69600";"13,05199";"-0,10189"
"40,70600";"13,03699";"-0,10023"
"40,71600";"13,02200";"-0,10216"
"40,72600";"13,00689";"-0,09238"
"40,73600";"12,99178";"-0,08104"
"40,74600";"12,97690";"-0,07530"
"40,75600";"12,96215";"-0,07568"
"40,76600";"12,94703";"-0,07489"
"40,77600";"12,93204";"-0,08028"
"40,78600";"12,91705";"-0,08847"
"40,79600";"12,90205";"-0,09344"
"40,80600";"12,88706";"-0,09868"
"40,81600";"12,87195";"-0,10153"
"40,82600";"12,85719";"-0,09840"
"40,83600";"12,84232";"-0,09157"
"40,84600";"12,82721";"-0,08883"
"40,85600";"12,81198";"-0,08361"
"40,86600";"12,79699";"-0,08418"
"40,87600";"12,78199";"-0,08564"
"40,88600";"12,76700";"-0,08269"
"40,89600";"12,75189";"-0,08237"
"40,90600";"12,73690";"-0,08223"
"40,91600";"12,72202";"-0,07458"
"40,92600";"12,70703";"-0,07171"
"40,93600";"12,69192";"-0,07654"
"40,94600";"12,67681";"-0,08985"
"40,95600";"12,66181";"-0,09167"
"40,96600";"12,64682";"-0,09166"
"40,97600";"12,63183";"-0,09280"
"40,98600";"12,61683";"-0,08597"
"40,99600";"12,60184";"-0,07720"
"41,00600";"12,58697";"-0,07019"
"41,01600";"12,57185";"-0,06814"
"41,02600";"12,55686";"-0,07579"
"41,03600";"12,54187";"-0,07989"
"41,04600";"12,52688";"-0,08129"
"41,05600";"12,51188";"-0,07119"
"41,06600";"12,49689";"-0,06666"
"41,07600";"12,48190";"-0,07145"
"41,08600";"12,46702";"-0,07342"
"41,09600";"12,45203";"-0,06827"
"41,10600";"12,43692";"-0,05845"
"41,11600";"12,42180";"-0,05014"
"41,12600";"12,40693";"-0,04791"
"41,13600";"12,39206";"-0,04649"
"41,14600";"12,37706";"-0,05335"
"41,15600";"12,36195";"-0,05724"
"41,16600";"12,34696";"-0,05320"
"41,17600";"12,33196";"-0,04878"
"41,18600";"12,31685";"-0,05116"
"41,19600";"12,30174";"-0,06307"
"41,20600";"12,28675";"-0,07351"
"41,21600";"12,27188";"-0,07742"
"41,22600";"12,25700";"-0,07947"
"41,23600";"12,24201";"-0,08582"
"41,24600";"12,22701";"-0,09054"
"41,25600";"12,21202";"-0,08919"
"41,26600";"12,19703";"-0,08629"
"41,27600";"12,18192";"-0,08083"
"41,28600";"12,16692";"-0,07318"
"41,29600";"12,15193";"-0,07024"
"41,30600";"12,13694";"-0,07203"
"41,31600";"12,12194";"-0,07362"
"41,32600";"12,10695";"-0,07777"
"41,33600";"12,09208";"-0,08008"
"41,34600";"12,07720";"-0,08035"
"41,35600";"12,06209";"-0,07905"
"41,36600";"12,04710";"-0,08153"
"41,37600";"12,03222";"-0,07642"
"41,38600";"12,01723";"-0,06847"
"41,39600";"12,00212";"-0,06295"
"41,40600";"11,98713";"-0,07114"
"41,41600";"11,97201";"-0,07699"
"41,42600";"11,95702";"-0,07900"
"41,43600";"11,94179";"-0,07867"
"41,44600";"11,92680";"-0,07358"
"41,45600";"11,91192";"-0,06534"
"41,46600";"11,89705";"-0,06144"
"41,47600";"11,88194";"-0,06069"
"41,48600";"11,86683";"-0,06474"
"41,49600";"11,85183";"-0,07622"
"41,50600";"11,83684";"-0,07692"
"41,51600";"11,82185";"-0,07384"
"41,52600";"11,80674";"-0,07101"
"41,53600";"11,79186";"-0,07023"
"41,54600";"11,77699";"-0,07157"
"41,55600";"11,76199";"-0,07106"
"41,56600";"11,74700";"-0,06780"
"41,57600";"11,73201";"-0,06126"
"41,58600";"11,71701";"-0,05338"
"41,59600";"11,70214";"-0,05426"
"41,60600";"11,68703";"-0,05081"
"41,61600";"11,67204";"-0,05525"
"41,62600";"11,65704";"-0,05870"
"41,63600";"11,64205";"-0,05683"
"41,64600";"11,62706";"-0,05361"
"41,65600";"11,61195";"-0,05288"
"41,66600";"11,59695";"-0,06213"
"41,67600";"11,58196";"-0,06857"
"41,68600";"11,56697";"-0,07025"
"41,69600";"11,55197";"-0,07278"
"41,70600";"11,53698";"-0,07942"
"41,71600";"11,52199";"-0,08157"
"41,72600";"11,50699";"-0,07506"
"41,73600";"11,49188";"-0,07282"
"41,74600";"11,47689";"-0,07851"
"41,75600";"11,46201";"-0,07978"
"41,76600";"11,44714";"-0,07894"
"41,77600";"11,43203";"-0,07654"
"41,78600";"11,41715";"-0,06660"
"41,79600";"11,40216";"-0,05161"
"41,80600";"11,38717";"-0,04821"
"41,81600";"11,37206";"-0,05718"
"41,82600";"11,35694";"-0,06614"
"41,83600";"11,34195";"-0,06872"
"41,84600";"11,32696";"-0,06605"
"41,85600";"11,31196";"-0,07121"
"41,86600";"11,29685";"-0,07631"
"41,87600";"11,28198";"-0,07733"
"41,88600";"11,26710";"-0,07694"
"41,89600";"11,25199";"-0,07378"
"41,90600";"11,23700";"-0,06924"
"41,91600";"11,22201";"-0,06364"
"41,92600";"11,20701";"-0,05395"
"41,93600";"11,19202";"-0,04711"
"41,94600";"11,17691";"-0,04220"
"41,95600";"11,16192";"-0,04565"
"41,96600";"11,14704";"-0,06537"
"41,97600";"11,13205";"-0,07239"
"41,98600";"11,11694";"-0,06836"
"41,99600";"11,10194";"-0,06696"
"42,00600";"11,08719";"-0,06223"
"42,01600";"11,07219";"-0,05717"
"42,02600";"11,05708";"-0,05483"
"42,03600";"11,04197";"-0,05381"
"42,04600";"11,02710";"-0,05435"
"42,05600";"11,01199";"-0,05511"
"42,06600";"10,99688";"-0,05593"
"42,07600";"10,98188";"-0,06490"
"42,08600";"10,96701";"-0,07248"
"42,09600";"10,95213";"-0,06732"
"42,10600";"10,93702";"-0,06594"
"42,11600";"10,92191";"-0,06580"
"42,12600";"10,90692";"-0,05860"
"42,13600";"10,89192";"-0,05799"
"42,14600";"10,87681";"-0,05734"
"42,15600";"10,86170";"-0,05790"
"42,16600";"10,84683";"-0,05651"
"42,17600";"10,83195";"-0,05826"
"42,18600";"10,81696";"-0,05852"
"42,19600";"10,80185";"-0,05512"
"42,20600";"10,78686";"-0,05755"
"42,21600";"10,77198";"-0,05896"
"42,22600";"10,75699";"-0,05927"
"42,23600";"10,74199";"-0,05876"
"42,24600";"10,72700";"-0,05915"
"42,25600";"10,71213";"-0,05644"
"42,26600";"10,69713";"-0,05277"
"42,27600";"10,68214";"-0,05822"
"42,28600";"10,66703";"-0,06239"
"42,29600";"10,65215";"-0,06595"
"42,30600";"10,63716";"-0,07042"
"42,31600";"10,62217";"-0,07438"
"42,32600";"10,60717";"-0,08051"
"42,33600";"10,59230";"-0,08520"
"42,34600";"10,57742";"-0,08101"
"42,35600";"10,56231";"-0,07851"
"42,36600";"10,54720";"-0,07174"
"42,37600";"10,53221";"-0,06167"
"42,38600";"10,51722";"-0,05632"
"42,39600";"10,50234";"-0,05332"
"42,40600";"10,48735";"-0,05991"
"42,41600";"10,47235";"-0,06644"
"42,42600";"10,45736";"-0,06368"
"42,43600";"10,44225";"-0,06135"
"42,44600";"10,42714";"-0,06363"
"42,45600";"10,41215";"-0,06797"
"42,46600";"10,39715";"-0,07232"
"42,47600";"10,38204";"-0,06740"
"42,48600";"10,36705";"-0,06582"
"42,49600";"10,35206";"-0,06201"
"42,50600";"10,33706";"-0,06026"
"42,51600";"10,32207";"-0,05653"
"42,52600";"10,30696";"-0,06295"
"42,53600";"10,29197";"-0,06957"
"42,54600";"10,27709";"-0,06882"
"42,55600";"10,26210";"-0,06949"
"42,56600";"10,24699";"-0,07055"
"42,57600";"10,23199";"-0,06775"
"42,58600";"10,21712";"-0,06449"
"42,59600";"10,20224";"-0,06480"
"42,60600";"10,18725";"-0,06925"
"42,61600";"10,17202";"-0,07612"
"42,62600";"10,15703";"-0,07358"
"42,63600";"10,14192";"-0,06575"
"42,64600";"10,12681";"-0,06745"
"42,65600";"10,11169";"-0,07500"
"42,66600";"10,09670";"-0,07568"
"42,67600";"10,08171";"-0,07657"
"42,68600";"10,06671";"-0,07200"
"42,69600";"10,05160";"-0,06366"
"42,70600";"10,03685";"-0,05592"
"42,71600";"10,02197";"-0,05149"
"42,72600";"10,00698";"-0,04542"
"42,73600";"9,99199";"-0,04720"
"42,74600";"9,97688";"-0,05785"
"42,75600";"9,96200";"-0,05904"
"42,76600";"9,94701";"-0,05384"
"42,77600";"9,93190";"-0,05071"
"42,78600";"9,91690";"-0,05015"
"42,79600";"9,90203";"-0,05069"
"42,80600";"9,88703";"-0,04572"
"42,81600";"9,87192";"-0,04513"
"42,82600";"9,85693";"-0,05162"
"42,83600";"9,84194";"-0,05550"
"42,84600";"9,82695";"-0,05003"
"42,85600";"9,81183";"-0,04911"
"42,86600";"9,79684";"-0,05114"
"42,87600";"9,78197";"-0,05906"
"42,88600";"9,76709";"-0,06587"
"42,89600";"9,75198";"-0,07353"
"42,90600";"9,73699";"-0,07633"
"42,91600";"9,72211";"-0,06637"
"42,92600";"9,70712";"-0,05317"
"42,93600";"9,69213";"-0,04347"
"42,94600";"9,67701";"-0,04081"
"42,95600";"9,66214";"-0,04810"
"42,96600";"9,64726";"-0,04988"
"42,97600";"9,63215";"-0,05023"
"42,98600";"9,61704";"-0,05336"
"42,99600";"9,60205";"-0,05925"
"43,00600";"9,58717";"-0,06166"
"43,01600";"9,57218";"-0,05948"
"43,02600";"9,55719";"-0,05846"
"43,03600";"9,54208";"-0,06459"
"43,04600";"9,52720";"-0,06078"
"43,05600";"9,51221";"-0,05259"
"43,06600";"9,49710";"-0,05346"
"43,07600";"9,48199";"-0,05395"
"43,08600";"9,46699";"-0,06139"
"43,09600";"9,45212";"-0,06168"
"43,10600";"9,43701";"-0,06129"
"43,11600";"9,42201";"-0,05462"
"43,12600";"9,40714";"-0,04860"
"43,13600";"9,39226";"-0,04942"
"43,14600";"9,37704";"-0,05386"
"43,15600";"9,36192";"-0,05606"
"43,16600";"9,34693";"-0,05897"
"43,17600";"9,33206";"-0,05375"
"43,18600";"9,31694";"-0,05004"
"43,19600";"9,30195";"-0,05060"
"43,20600";"9,28708";"-0,05910"
"43,21600";"9,27220";"-0,06234"
"43,22600";"9,25709";"-0,06872"
"43,23600";"9,24198";"-0,07363"
"43,24600";"9,22699";"-0,06808"
"43,25600";"9,21211";"-0,06798"
"43,26600";"9,19712";"-0,07370"
"43,27600";"9,18189";"-0,07466"
"43,28600";"9,16701";"-0,07438"
"43,29600";"9,15214";"-0,06908"
"43,30600";"9,13703";"-0,06480"
"43,31600";"9,12192";"-0,06776"
"43,32600";"9,10692";"-0,07448"
"43,33600";"9,09205";"-0,07374"
"43,34600";"9,07717";"-0,07406"
"43,35600";"9,06206";"-0,06869"
"43,36600";"9,04695";"-0,06269"
"43,37600";"9,03196";"-0,06114"
"43,38600";"9,01708";"-0,05516"
"43,39600";"9,00185";"-0,05434"
"43,40600";"8,98674";"-0,05846"
"43,41600";"8,97187";"-0,06309"
"43,42600";"8,95699";"-0,05875"
"43,43600";"8,94200";"-0,05485"
"43,44600";"8,92677";"-0,05297"
"43,45600";"8,91178";"-0,05869"
"43,46600";"8,89690";"-0,06078"
"43,47600";"8,88179";"-0,06441"
"43,48600";"8,86680";"-0,06086"
"43,49600";"8,85192";"-0,05716"
"43,50600";"8,83717";"-0,05739"
"43,51600";"8,82217";"-0,05938"
"43,52600";"8,80694";"-0,06952"
"43,53600";"8,79195";"-0,07886"
"43,54600";"8,77708";"-0,08059"
"43,55600";"8,76197";"-0,08026"
"43,56600";"8,74697";"-0,07201"
"43,57600";"8,73198";"-0,06262"
"43,58600";"8,71722";"-0,04817"
"43,59600";"8,70235";"-0,04110"
"43,60600";"8,68712";"-0,04156"
"43,61600";"8,67213";"-0,05300"
"43,62600";"8,65713";"-0,05992"
"43,63600";"8,64214";"-0,06034"
"43,64600";"8,62703";"-0,05770"
"43,65600";"8,61203";"-0,05841"
"43,66600";"8,59716";"-0,05941"
"43,67600";"8,58228";"-0,05814"
"43,68600";"8,56717";"-0,05717"
"43,69600";"8,55206";"-0,05559"
"43,70600";"8,53695";"-0,05805"
"43,71600";"8,52196";"-0,05907"
"43,72600";"8,50685";"-0,05506"
"43,73600";"8,49174";"-0,05083"
"43,74600";"8,47686";"-0,04306"
"43,75600";"8,46199";"-0,03771"
"43,76600";"8,44687";"-0,04100"
"43,77600";"8,43176";"-0,04580"
"43,78600";"8,41665";"-0,05084"
"43,79600";"8,40166";"-0,05360"
"43,80600";"8,38679";"-0,05441"
"43,81600";"8,37167";"-0,05914"
"43,82600";"8,35680";"-0,06509"
"43,83600";"8,34192";"-0,06115"
"43,84600";"8,32705";"-0,04863"
"43,85600";"8,31194";"-0,04719"
"43,86600";"8,29683";"-0,05192"
"43,87600";"8,28183";"-0,05399"
"43,88600";"8,26684";"-0,05367"
"43,89600";"8,25185";"-0,05692"
"43,90600";"8,23685";"-0,07106"
"43,91600";"8,22198";"-0,06869"
"43,92600";"8,20699";"-0,06447"
"43,93600";"8,19188";"-0,06026"
"43,94600";"8,17676";"-0,05568"
"43,95600";"8,16189";"-0,05200"
"43,96600";"8,14701";"-0,04782"
"43,97600";"8,13202";"-0,04356"
"43,98600";"8,11703";"-0,04857"
"43,99600";"8,10204";"-0,05064"
"44,00600";"8,08692";"-0,04500"
"44,01600";"8,07193";"-0,04115"
"44,02600";"8,05670";"-0,04579"
"44,03600";"8,04171";"-0,04346"
"44,04600";"8,02695";"-0,03844"
"44,05600";"8,01208";"-0,04243"
"44,06600";"7,99708";"-0,04638"
"44,07600";"7,98209";"-0,05110"
"44,08600";"7,96710";"-0,05959"
"44,09600";"7,95210";"-0,06281"
"44,10600";"7,93699";"-0,05733"
"44,11600";"7,92200";"-0,04864"
"44,12600";"7,90712";"-0,04345"
"44,13600";"7,89225";"-0,03421"
"44,14600";"7,87714";"-0,03043"
"44,15600";"7,86203";"-0,04243"
"44,16600";"7,84704";"-0,05087"
"44,17600";"7,83204";"-0,04753"
"44,18600";"7,81693";"-0,04610"
"44,19600";"7,80194";"-0,05135"
"44,20600";"7,78694";"-0,05440"
"44,21600";"7,77207";"-0,05236"
"44,22600";"7,75719";"-0,04250"
"44,23600";"7,74220";"-0,03906"
"44,24600";"7,72709";"-0,04163"
"44,25600";"7,71222";"-0,04047"
"44,26600";"7,69710";"-0,03631"
"44,27600";"7,68199";"-0,03622"
"44,28600";"7,66712";"-0,04116"
"44,29600";"7,65224";"-0,04637"
"44,30600";"7,63713";"-0,05315"
"44,31600";"7,62202";"-0,05344"
"44,32600";"7,60691";"-0,05222"
"44,33600";"7,59192";"-0,05235"
"44,34600";"7,57681";"-0,05007"
"44,35600";"7,56169";"-0,04728"
"44,36600";"7,54682";"-0,04787"
"44,37600";"7,53194";"-0,05082"
"44,38600";"7,51695";"-0,05026"
"44,39600";"7,50196";"-0,04791"
"44,40600";"7,48685";"-0,05697"
"44,41600";"7,47185";"-0,06292"
"44,42600";"7,45686";"-0,06152"
"44,43600";"7,44187";"-0,05880"
"44,44600";"7,42687";"-0,04639"
"44,45600";"7,41188";"-0,03319"
"44,46600";"7,39701";"-0,02963"
"44,47600";"7,38190";"-0,03199"
"44,48600";"7,36690";"-0,04460"
"44,49600";"7,35179";"-0,05036"
"44,50600";"7,33680";"-0,05424"
"44,51600";"7,32181";"-0,06119"
"44,52600";"7,30681";"-0,05769"
"44,53600";"7,29194";"-0,05539"
"44,54600";"7,27706";"-0,04912"
"44,55600";"7,26207";"-0,04535"
"44,56600";"7,24696";"-0,05309"
"44,57600";"7,23185";"-0,05185"
"44,58600";"7,21685";"-0,04885"
"44,59600";"7,20198";"-0,04616"
"44,60600";"7,18687";"-0,04486"
"44,61600";"7,17199";"-0,04853"
"44,62600";"7,15700";"-0,04710"
"44,63600";"7,14201";"-0,03974"
"44,64600";"7,12690";"-0,03079"
"44,65600";"7,11190";"-0,02241"
"44,66600";"7,09691";"-0,02477"
"44,67600";"7,08192";"-0,03841"
"44,68600";"7,06692";"-0,04347"
"44,69600";"7,05193";"-0,03374"
"44,70600";"7,03706";"-0,03132"
"44,71600";"7,02194";"-0,02917"
"44,72600";"7,00695";"-0,02850"
"44,73600";"6,99184";"-0,03395"
"44,74600";"6,97685";"-0,03547"
"44,75600";"6,96209";"-0,03392"
"44,76600";"6,94710";"-0,03441"
"44,77600";"6,93210";"-0,03663"
"44,78600";"6,91723";"-0,03499"
"44,79600";"6,90235";"-0,03763"
"44,80600";"6,88724";"-0,03884"
"44,81600";"6,87201";"-0,03448"
"44,82600";"6,85690";"-0,03154"
"44,83600";"6,84203";"-0,03153"
"44,84600";"6,82703";"-0,03025"
"44,85600";"6,81204";"-0,02513"
"44,86600";"6,79693";"-0,02941"
"44,87600";"6,78206";"-0,04083"
"44,88600";"6,76706";"-0,04645"
"44,89600";"6,75183";"-0,04120"
"44,90600";"6,73684";"-0,03044"
"44,91600";"6,72197";"-0,02785"
"44,92600";"6,70709";"-0,02464"
"44,93600";"6,69210";"-0,01337"
"44,94600";"6,67699";"-0,01282"
"44,95600";"6,66199";"-0,02385"
"44,96600";"6,64712";"-0,03172"
"44,97600";"6,63212";"-0,03638"
"44,98600";"6,61701";"-0,04108"
"44,99600";"6,60202";"-0,04096"
"45,00600";"6,58715";"-0,04099"
"45,01600";"6,57215";"-0,04245"
"45,02600";"6,55692";"-0,03980"
"45,03600";"6,54193";"-0,02823"
"45,04600";"6,52694";"-0,02005"
"45,05600";"6,51183";"-0,01457"
"45,06600";"6,49672";"-0,01895"
"45,07600";"6,48172";"-0,02518"
"45,08600";"6,46685";"-0,03488"
"45,09600";"6,45197";"-0,03993"
"45,10600";"6,43698";"-0,04164"
"45,11600";"6,42210";"-0,04688"
"45,12600";"6,40723";"-0,05420"
"45,13600";"6,39212";"-0,05607"
"45,14600";"6,37712";"-0,04443"
"45,15600";"6,36201";"-0,03576"
"45,16600";"6,34714";"-0,03438"
"45,17600";"6,33215";"-0,03045"
"45,18600";"6,31703";"-0,02913"
"45,19600";"6,30204";"-0,03195"
"45,20600";"6,28693";"-0,03580"
"45,21600";"6,27194";"-0,04345"
"45,22600";"6,25694";"-0,04818"
"45,23600";"6,24195";"-0,04987"
"45,24600";"6,22708";"-0,04056"
"45,25600";"6,21220";"-0,03489"
"45,26600";"6,19721";"-0,03132"
"45,27600";"6,18198";"-0,02989"
"45,28600";"6,16675";"-0,03482"
"45,29600";"6,15176";"-0,04007"
"45,30600";"6,13676";"-0,03631"
"45,31600";"6,12177";"-0,03449"
"45,32600";"6,10690";"-0,02973"
"45,33600";"6,09202";"-0,02901"
"45,34600";"6,07703";"-0,02533"
"45,35600";"6,06192";"-0,03225"
"45,36600";"6,04681";"-0,04121"
"45,37600";"6,03193";"-0,04645"
"45,38600";"6,01694";"-0,04594"
"45,39600";"6,00206";"-0,04433"
"45,40600";"5,98695";"-0,04454"
"45,41600";"5,97208";"-0,04999"
"45,42600";"5,95708";"-0,04861"
"45,43600";"5,94197";"-0,04523"
"45,44600";"5,92686";"-0,04677"
"45,45600";"5,91187";"-0,05321"
"45,46600";"5,89711";"-0,05145"
"45,47600";"5,88212";"-0,05145"
"45,48600";"5,86713";"-0,05312"
"45,49600";"5,85201";"-0,04231"
"45,50600";"5,83714";"-0,03637"
"45,51600";"5,82203";"-0,03298"
"45,52600";"5,80692";"-0,03346"
"45,53600";"5,79204";"-0,03714"
"45,54600";"5,77729";"-0,02864"
"45,55600";"5,76241";"-0,01887"
"45,56600";"5,74730";"-0,01541"
"45,57600";"5,73219";"-0,01335"
"45,58600";"5,71719";"-0,01317"
"45,59600";"5,70220";"-0,00838"
"45,60600";"5,68709";"-0,00461"
"45,61600";"5,67186";"-0,00695"
"45,62600";"5,65687";"-0,01236"
"45,63600";"5,64199";"-0,01849"
"45,64600";"5,62688";"-0,02319"
"45,65600";"5,61177";"-0,02873"
"45,66600";"5,59678";"-0,02526"
"45,67600";"5,58190";"-0,02475"
"45,68600";"5,56679";"-0,02633"
"45,69600";"5,55192";"-0,03061"
"45,70600";"5,53704";"-0,03730"
"45,71600";"5,52217";"-0,04159"
"45,72600";"5,50717";"-0,03086"
"45,73600";"5,49206";"-0,01869"
"45,74600";"5,47695";"-0,01189"
"45,75600";"5,46208";"-0,00764"
"45,76600";"5,44697";"-0,01126"
"45,77600";"5,43185";"-0,01643"
"45,78600";"5,41698";"-0,02347"
"45,79600";"5,40210";"-0,02629"
"45,80600";"5,38711";"-0,02090"
"45,81600";"5,37200";"-0,02502"
"45,82600";"5,35701";"-0,02862"
"45,83600";"5,34201";"-0,01972"
"45,84600";"5,32714";"-0,02130"
"45,85600";"5,31215";"-0,02211"
"45,86600";"5,29715";"-0,02742"
"45,87600";"5,28228";"-0,02851"
"45,88600";"5,26728";"-0,02543"
"45,89600";"5,25217";"-0,02583"
"45,90600";"5,23706";"-0,03058"
"45,91600";"5,22207";"-0,03681"
"45,92600";"5,20708";"-0,03573"
"45,93600";"5,19197";"-0,03925"
"45,94600";"5,17697";"-0,03763"
"45,95600";"5,16210";"-0,03290"
"45,96600";"5,14722";"-0,02106"
"45,97600";"5,13211";"-0,01283"
"45,98600";"5,11700";"-0,01401"
"45,99600";"5,10189";"-0,02023"
"46,00600";"5,08701";"-0,02726"
"46,01600";"5,07202";"-0,03320"
"46,02600";"5,05703";"-0,03365"
"46,03600";"5,04215";"-0,03304"
"46,04600";"5,02716";"-0,03352"
"46,05600";"5,01217";"-0,03990"
"46,06600";"4,99706";"-0,04116"
"46,07600";"4,98183";"-0,03535"
"46,08600";"4,96683";"-0,03087"
"46,09600";"4,95184";"-0,02484"
"46,10600";"4,93685";"-0,02222"
"46,11600";"4,92185";"-0,02689"
"46,12600";"4,90686";"-0,03082"
"46,13600";"4,89199";"-0,03824"
"46,14600";"4,87688";"-0,04767"
"46,15600";"4,86176";"-0,05414"
"46,16600";"4,84677";"-0,05483"
"46,17600";"4,83201";"-0,04421"
"46,18600";"4,81702";"-0,03561"
"46,19600";"4,80203";"-0,02518"
"46,20600";"4,78703";"-0,01937"
"46,21600";"4,77216";"-0,02000"
"46,22600";"4,75705";"-0,02538"
"46,23600";"4,74194";"-0,02699"
"46,24600";"4,72683";"-0,03055"
"46,25600";"4,71207";"-0,03458"
"46,26600";"4,69719";"-0,02631"
"46,27600";"4,68220";"-0,02339"
"46,28600";"4,66709";"-0,02656"
"46,29600";"4,65222";"-0,03428"
"46,30600";"4,63722";"-0,04337"
"46,31600";"4,62199";"-0,04556"
"46,32600";"4,60688";"-0,04094"
"46,33600";"4,59201";"-0,03559"
"46,34600";"4,57701";"-0,03390"
"46,35600";"4,56202";"-0,03351"
"46,36600";"4,54703";"-0,03491"
"46,37600";"4,53227";"-0,03870"
"46,38600";"4,51740";"-0,04187"
"46,39600";"4,50228";"-0,04377"
"46,40600";"4,48717";"-0,04398"
"46,41600";"4,47230";"-0,04022"
"46,42600";"4,45742";"-0,03489"
"46,43600";"4,44243";"-0,03590"
"46,44600";"4,42732";"-0,03920"
"46,45600";"4,41233";"-0,04334"
"46,46600";"4,39722";"-0,04385"
"46,47600";"4,38210";"-0,03708"
"46,48600";"4,36699";"-0,03207"
"46,49600";"4,35200";"-0,03368"
"46,50600";"4,33724";"-0,02933"
"46,51600";"4,32225";"-0,03275"
"46,52600";"4,30702";"-0,03644"
"46,53600";"4,29203";"-0,03920"
"46,54600";"4,27703";"-0,04296"
"46,55600";"4,26204";"-0,04308"
"46,56600";"4,24705";"-0,04269"
"46,57600";"4,23217";"-0,04535"
"46,58600";"4,21730";"-0,05083"
"46,59600";"4,20242";"-0,04230"
"46,60600";"4,18731";"-0,03485"
"46,61600";"4,17208";"-0,03327"
"46,62600";"4,15709";"-0,04003"
"46,63600";"4,14222";"-0,04042"
"46,64600";"4,12722";"-0,03890"
"46,65600";"4,11199";"-0,03794"
"46,66600";"4,09712";"-0,03439"
"46,67600";"4,08213";"-0,03187"
"46,68600";"4,06701";"-0,03281"
"46,69600";"4,05190";"-0,02932"
"46,70600";"4,03691";"-0,02838"
"46,71600";"4,02203";"-0,02811"
"46,72600";"4,00704";"-0,02620"
"46,73600";"3,99193";"-0,03869"
"46,74600";"3,97694";"-0,05734"
"46,75600";"3,96194";"-0,06487"
"46,76600";"3,94683";"-0,06241"
"46,77600";"3,93160";"-0,05406"
"46,78600";"3,91661";"-0,04939"
"46,79600";"3,90174";"-0,04107"
"46,80600";"3,88698";"-0,02942"
"46,81600";"3,87175";"-0,01966"
"46,82600";"3,85664";"-0,01881"
"46,83600";"3,84176";"-0,02564"
"46,84600";"3,82677";"-0,02749"
"46,85600";"3,81166";"-0,03268"
"46,86600";"3,79667";"-0,04559"
"46,87600";"3,78191";"-0,04911"
"46,88600";"3,76715";"-0,04919"
"46,89600";"3,75192";"-0,04880"
"46,90600";"3,73681";"-0,04994"
"46,91600";"3,72182";"-0,05033"
"46,92600";"3,70683";"-0,05035"
"46,93600";"3,69160";"-0,05560"
"46,94600";"3,67649";"-0,05853"
"46,95600";"3,66161";"-0,04946"
"46,96600";"3,64685";"-0,03197"
"46,97600";"3,63186";"-0,02230"
"46,98600";"3,61687";"-0,02449"
"46,99600";"3,60199";"-0,03254"
"47,00600";"3,58700";"-0,04546"
"47,01600";"3,57201";"-0,05083"
"47,02600";"3,55690";"-0,05208"
"47,03600";"3,54202";"-0,05557"
"47,04600";"3,52726";"-0,05835"
"47,05600";"3,51227";"-0,05036"
"47,06600";"3,49704";"-0,04140"
"47,07600";"3,48193";"-0,03305"
"47,08600";"3,46706";"-0,01976"
"47,09600";"3,45194";"-0,01708"
"47,10600";"3,43695";"-0,02531"
"47,11600";"3,42208";"-0,02930"
"47,12600";"3,40720";"-0,03438"
"47,13600";"3,39233";"-0,03059"
"47,14600";"3,37722";"-0,03452"
"47,15600";"3,36210";"-0,03774"
"47,16600";"3,34711";"-0,03190"
"47,17600";"3,33212";"-0,02477"
"47,18600";"3,31689";"-0,02168"
"47,19600";"3,30190";"-0,02988"
"47,20600";"3,28690";"-0,03494"
"47,21600";"3,27215";"-0,03509"
"47,22600";"3,25703";"-0,02849"
"47,23600";"3,24204";"-0,02087"
"47,24600";"3,22693";"-0,01867"
"47,25600";"3,21206";"-0,01911"
"47,26600";"3,19706";"-0,02594"
"47,27600";"3,18207";"-0,03432"
"47,28600";"3,16708";"-0,03854"
"47,29600";"3,15208";"-0,03506"
"47,30600";"3,13697";"-0,03507"
"47,31600";"3,12198";"-0,03682"
"47,32600";"3,10687";"-0,04893"
"47,33600";"3,09199";"-0,05490"
"47,34600";"3,07700";"-0,04508"
"47,35600";"3,06189";"-0,03348"
"47,36600";"3,04690";"-0,03807"
"47,37600";"3,03202";"-0,04331"
"47,38600";"3,01703";"-0,03936"
"47,39600";"3,00192";"-0,03856"
"47,40600";"2,98681";"-0,03409"
"47,41600";"2,97193";"-0,02960"
"47,42600";"2,95706";"-0,02696"
"47,43600";"2,94206";"-0,02580"
"47,44600";"2,92707";"-0,02341"
"47,45600";"2,91208";"-0,01968"
"47,46600";"2,89708";"-0,01656"
"47,47600";"2,88197";"-0,01479"
"47,48600";"2,86686";"-0,01649"
"47,49600";"2,85187";"-0,02384"
"47,50600";"2,83699";"-0,03247"
"47,51600";"2,82200";"-0,03340"
"47,52600";"2,80701";"-0,02942"
"47,53600";"2,79201";"-0,02633"
"47,54600";"2,77702";"-0,02603"
"47,55600";"2,76191";"-0,02065"
"47,56600";"2,74680";"-0,01768"
"47,57600";"2,73181";"-0,02082"
"47,58600";"2,71693";"-0,02562"
"47,59600";"2,70206";"-0,02655"
"47,60600";"2,68694";"-0,03092"
"47,61600";"2,67195";"-0,03837"
"47,62600";"2,65696";"-0,04378"
"47,63600";"2,64197";"-0,04411"
"47,64600";"2,62674";"-0,03923"
"47,65600";"2,61174";"-0,03547"
"47,66600";"2,59687";"-0,02632"
"47,67600";"2,58199";"-0,02065"
"47,68600";"2,56700";"-0,01214"
"47,69600";"2,55189";"-0,00973"
"47,70600";"2,53690";"-0,01217"
"47,71600";"2,52190";"-0,01882"
"47,72600";"2,50679";"-0,01713"
"47,73600";"2,49180";"-0,02080"
"47,74600";"2,47704";"-0,02718"
"47,75600";"2,46217";"-0,02736"
"47,76600";"2,44717";"-0,01895"
"47,77600";"2,43194";"-0,01915"
"47,78600";"2,41695";"-0,02623"
"47,79600";"2,40196";"-0,02907"
"47,80600";"2,38673";"-0,02410"
"47,81600";"2,37162";"-0,02020"
"47,82600";"2,35674";"-0,02136"
"47,83600";"2,34199";"-0,02215"
"47,84600";"2,32699";"-0,02039"
"47,85600";"2,31200";"-0,02565"
"47,86600";"2,29701";"-0,02896"
"47,87600";"2,28201";"-0,03275"
"47,88600";"2,26702";"-0,03538"
"47,89600";"2,25203";"-0,02859"
"47,90600";"2,23703";"-0,02140"
"47,91600";"2,22216";"-0,02369"
"47,92600";"2,20717";"-0,02355"
"47,93600";"2,19217";"-0,02359"
"47,94600";"2,17706";"-0,02908"
"47,95600";"2,16207";"-0,03450"
"47,96600";"2,14696";"-0,03148"
"47,97600";"2,13197";"-0,03298"
"47,98600";"2,11697";"-0,03283"
"47,99600";"2,10198";"-0,03386"
"48,00600";"2,08710";"-0,02843"
"48,01600";"2,07199";"-0,02147"
"48,02600";"2,05688";"-0,01336"
"48,03600";"2,04189";"-0,01818"
"48,04600";"2,02690";"-0,02006"
"48,05600";"2,01190";"-0,02171"
"48,06600";"1,99691";"-0,02627"
"48,07600";"1,98203";"-0,02986"
"48,08600";"1,96704";"-0,03658"
"48,09600";"1,95205";"-0,03740"
"48,10600";"1,93694";"-0,04378"
"48,11600";"1,92194";"-0,03950"
"48,12600";"1,90695";"-0,03701"
"48,13600";"1,89196";"-0,03761"
"48,14600";"1,87697";"-0,04362"
"48,15600";"1,86209";"-0,04266"
"48,16600";"1,84710";"-0,04531"
"48,17600";"1,83199";"-0,04381"
"48,18600";"1,81688";"-0,04213"
"48,19600";"1,80188";"-0,04610"
"48,20600";"1,78677";"-0,04673"
"48,21600";"1,77190";"-0,04675"
"48,22600";"1,75690";"-0,04140"
"48,23600";"1,74191";"-0,03597"
"48,24600";"1,72692";"-0,03809"
"48,25600";"1,71204";"-0,03927"
"48,26600";"1,69705";"-0,04073"
"48,27600";"1,68194";"-0,03918"
"48,28600";"1,66694";"-0,03665"
"48,29600";"1,65207";"-0,03308"
"48,30600";"1,63708";"-0,02826"
"48,31600";"1,62208";"-0,02530"
"48,32600";"1,60697";"-0,01940"
"48,33600";"1,59210";"-0,02328"
"48,34600";"1,57710";"-0,02568"
"48,35600";"1,56199";"-0,02324"
"48,36600";"1,54688";"-0,02478"
"48,37600";"1,53201";"-0,02725"
"48,38600";"1,51713";"-0,03125"
"48,39600";"1,50202";"-0,04228"
"48,40600";"1,48691";"-0,05001"
"48,41600";"1,47192";"-0,05581"
"48,42600";"1,45692";"-0,05812"
"48,43600";"1,44193";"-0,05160"
"48,44600";"1,42682";"-0,04738"
"48,45600";"1,41194";"-0,04177"
"48,46600";"1,39707";"-0,04363"
"48,47600";"1,38208";"-0,03596"
"48,48600";"1,36697";"-0,03193"
"48,49600";"1,35197";"-0,03122"
"48,50600";"1,33698";"-0,03249"
"48,51600";"1,32187";"-0,03312"
"48,52600";"1,30687";"-0,03316"
"48,53600";"1,29188";"-0,03936"
"48,54600";"1,27701";"-0,04144"
"48,55600";"1,26213";"-0,04488"
"48,56600";"1,24714";"-0,04778"
"48,57600";"1,23203";"-0,04876"
"48,58600";"1,21715";"-0,03883"
"48,59600";"1,20216";"-0,02106"
"48,60600";"1,18705";"-0,01486"
"48,61600";"1,17206";"-0,02532"
"48,62600";"1,15706";"-0,03421"
"48,63600";"1,14207";"-0,03826"
"48,64600";"1,12708";"-0,03827"
"48,65600";"1,11197";"-0,03548"
"48,66600";"1,09697";"-0,03665"
"48,67600";"1,08210";"-0,03449"
"48,68600";"1,06710";"-0,02438"
"48,69600";"1,05211";"-0,02183"
"48,70600";"1,03700";"-0,02907"
"48,71600";"1,02201";"-0,03554"
"48,72600";"1,00701";"-0,04099"
"48,73600";"0,99190";"-0,04959"
"48,74600";"0,97691";"-0,05291"
"48,75600";"0,96192";"-0,05013"
"48,76600";"0,94692";"-0,04350"
"48,77600";"0,93193";"-0,03680"
"48,78600";"0,91706";"-0,03905"
"48,79600";"0,90218";"-0,03825"
"48,80600";"0,88707";"-0,03445"
"48,81600";"0,87196";"-0,02907"
"48,82600";"0,85685";"-0,02618"
"48,83600";"0,84185";"-0,02591"
"48,84600";"0,82698";"-0,03132"
"48,85600";"0,81199";"-0,03719"
"48,86600";"0,79699";"-0,03909"
"48,87600";"0,78224";"-0,03799"
"48,88600";"0,76736";"-0,04043"
"48,89600";"0,75225";"-0,04426"
"48,90600";"0,73726";"-0,05168"
"48,91600";"0,72215";"-0,05475"
"48,92600";"0,70727";"-0,05413"
"48,93600";"0,69216";"-0,04785"
"48,94600";"0,67693";"-0,04977"
"48,95600";"0,66194";"-0,04911"
"48,96600";"0,64706";"-0,04492"
"48,97600";"0,63207";"-0,03686"
"48,98600";"0,61696";"-0,03647"
"48,99600";"0,60197";"-0,03669"
"49,00600";"0,58697";"-0,04487"
"49,01600";"0,57198";"-0,04895"
"49,02600";"0,55687";"-0,05416"
"49,03600";"0,54176";"-0,05862"
"49,04600";"0,52688";"-0,05931"
"49,05600";"0,51189";"-0,05629"
"49,06600";"0,49678";"-0,04940"
"49,07600";"0,48167";"-0,04784"
"49,08600";"0,46679";"-0,04702"
"49,09600";"0,45203";"-0,04363"
"49,10600";"0,43692";"-0,04553"
"49,11600";"0,42181";"-0,05389"
"49,12600";"0,40694";"-0,05351"
"49,13600";"0,39194";"-0,04491"
"49,14600";"0,37683";"-0,04098"
"49,15600";"0,36172";"-0,03788"
"49,16600";"0,34685";"-0,04879"
"49,17600";"0,33209";"-0,05023"
"49,18600";"0,31710";"-0,04392"
"49,19600";"0,30210";"-0,03614"
"49,20600";"0,28711";"-0,03504"
"49,21600";"0,27212";"-0,03086"
"49,22600";"0,25701";"-0,03106"
"49,23600";"0,24190";"-0,03648"
"49,24600";"0,22690";"-0,04509"
"49,25600";"0,21203";"-0,05382"
"49,26600";"0,19703";"-0,05378"
"49,27600";"0,18192";"-0,04863"
"49,28600";"0,16693";"-0,05003"
"49,29600";"0,15194";"-0,05818"
"49,30600";"0,13694";"-0,05709"
"49,31600";"0,12195";"-0,05019"
"49,32600";"0,10708";"-0,05157"
"49,33600";"0,09232";"-0,05724"
"49,34600";"0,07733";"-0,05433"
"49,35600";"0,06222";"-0,06210"
"49,36600";"0,04722";"-0,07252"
"49,37600";"0,03211";"-0,06888"
"49,38600";"0,01724";"-0,05840"
"49,39600";"0,00213";"-0,05244"
"49,39800";"-0,00094";"-0,05091"
