Hardness 1 : Kraftbei  Hardness 1;"371,41214";N
A1 : A1;"0,87942";J
A2 : A2;"0,10083";J
Springiness : Springiness;"0,00066";m
Cohesiveness : Cohesiveness;"0,11465";
Chewiness : Chewiness;"0,02791";J

Zeit;Traversenweg;Kraft
(s);(mm);(N)
"0,00000";"0,00000";"0,01230"
"0,01000";"0,00094";"0,01175"
"0,02000";"0,00578";"0,02132"
"0,03000";"0,01653";"0,04224"
"0,04000";"0,03164";"0,05695"
"0,05000";"0,04935";"0,05622"
"0,06000";"0,06835";"0,04347"
"0,07000";"0,08748";"0,02721"
"0,08000";"0,10625";"0,01853"
"0,09000";"0,12467";"0,00876"
"0,10000";"0,14249";"0,00092"
"0,11000";"0,15961";"-0,00238"
"0,12000";"0,17638";"-0,00015"
"0,13000";"0,19278";"0,00064"
"0,14000";"0,20896";"-0,00021"
"0,15000";"0,22478";"0,00040"
"0,16000";"0,24048";"0,00182"
"0,17000";"0,25594";"0,00269"
"0,18000";"0,27141";"-0,00139"
"0,19000";"0,28664";"0,00135"
"0,20000";"0,30199";"0,00523"
"0,21000";"0,31733";"0,01019"
"0,22000";"0,33256";"0,01195"
"0,23000";"0,34756";"0,00625"
"0,24000";"0,36267";"-0,00436"
"0,25000";"0,37766";"-0,01668"
"0,26000";"0,39265";"-0,01795"
"0,27000";"0,40776";"-0,00763"
"0,28000";"0,42276";"-0,00263"
"0,29000";"0,43787";"-0,00068"
"0,30000";"0,45298";"-0,00454"
"0,31000";"0,46809";"-0,00147"
"0,32000";"0,48308";"0,00079"
"0,33000";"0,49808";"-0,00082"
"0,34000";"0,51295";"-0,00620"
"0,35000";"0,52794";"-0,00151"
"0,36000";"0,54306";"-0,00279"
"0,37000";"0,55817";"-0,00601"
"0,38000";"0,57316";"0,00032"
"0,39000";"0,58815";"0,00593"
"0,40000";"0,60315";"0,01067"
"0,41000";"0,61814";"0,01003"
"0,42000";"0,63313";"0,01025"
"0,43000";"0,64812";"0,01270"
"0,44000";"0,66312";"0,01090"
"0,45000";"0,67823";"0,01056"
"0,46000";"0,69310";"0,00722"
"0,47000";"0,70798";"0,01423"
"0,48000";"0,72297";"0,02551"
"0,49000";"0,73808";"0,02881"
"0,50000";"0,75308";"0,03013"
"0,51000";"0,76807";"0,02376"
"0,52000";"0,78318";"0,01733"
"0,53000";"0,79817";"0,01144"
"0,54000";"0,81328";"0,00879"
"0,55000";"0,82816";"0,01387"
"0,56000";"0,84303";"0,01674"
"0,57000";"0,85803";"0,01589"
"0,58000";"0,87290";"0,01343"
"0,59000";"0,88778";"0,00955"
"0,60000";"0,90289";"0,00526"
"0,61000";"0,91788";"0,01118"
"0,62000";"0,93288";"0,01797"
"0,63000";"0,94799";"0,01716"
"0,64000";"0,96298";"0,01703"
"0,65000";"0,97785";"0,01491"
"0,66000";"0,99285";"0,02243"
"0,67000";"1,00784";"0,02265"
"0,68000";"1,02295";"0,02057"
"0,69000";"1,03794";"0,00980"
"0,70000";"1,05306";"0,00573"
"0,71000";"1,06805";"0,00960"
"0,72000";"1,08316";"0,01669"
"0,73000";"1,09815";"0,01637"
"0,74000";"1,11303";"0,02597"
"0,75000";"1,12814";"0,03300"
"0,76000";"1,14313";"0,02686"
"0,77000";"1,15813";"0,01883"
"0,78000";"1,17300";"0,01347"
"0,79000";"1,18799";"0,00938"
"0,80000";"1,20299";"0,01048"
"0,81000";"1,21798";"0,02190"
"0,82000";"1,23297";"0,02527"
"0,83000";"1,24808";"0,01880"
"0,84000";"1,26308";"0,01662"
"0,85000";"1,27819";"0,00244"
"0,86000";"1,29306";"-0,01087"
"0,87000";"1,30794";"-0,01653"
"0,88000";"1,32293";"-0,00775"
"0,89000";"1,33781";"-0,00005"
"0,90000";"1,35280";"0,01126"
"0,91000";"1,36791";"0,02197"
"0,92000";"1,38302";"0,02435"
"0,93000";"1,39801";"0,02052"
"0,94000";"1,41313";"0,01705"
"0,95000";"1,42812";"0,01325"
"0,96000";"1,44311";"0,00846"
"0,97000";"1,45810";"0,01706"
"0,98000";"1,47298";"0,02292"
"0,99000";"1,48809";"0,02198"
"1,00000";"1,50308";"0,02274"
"1,01000";"1,51808";"0,02713"
"1,02000";"1,53319";"0,03329"
"1,03000";"1,54806";"0,03064"
"1,04000";"1,56306";"0,02838"
"1,05000";"1,57805";"0,02209"
"1,06000";"1,59304";"0,01800"
"1,07000";"1,60803";"0,01483"
"1,08000";"1,62303";"0,01489"
"1,09000";"1,63814";"0,00740"
"1,10000";"1,65313";"0,00937"
"1,11000";"1,66813";"0,01412"
"1,12000";"1,68312";"0,01366"
"1,13000";"1,69811";"0,01101"
"1,14000";"1,71310";"0,01338"
"1,15000";"1,72822";"0,00993"
"1,16000";"1,74321";"0,00497"
"1,17000";"1,75808";"0,00952"
"1,18000";"1,77308";"0,00914"
"1,19000";"1,78795";"0,01168"
"1,20000";"1,80294";"0,01137"
"1,21000";"1,81782";"0,00715"
"1,22000";"1,83281";"0,00443"
"1,23000";"1,84792";"-0,00015"
"1,24000";"1,86292";"0,00206"
"1,25000";"1,87791";"0,00272"
"1,26000";"1,89278";"0,00727"
"1,27000";"1,90778";"0,01478"
"1,28000";"1,92277";"0,00343"
"1,29000";"1,93765";"-0,01330"
"1,30000";"1,95264";"-0,02473"
"1,31000";"1,96763";"-0,02636"
"1,32000";"1,98274";"-0,01191"
"1,33000";"1,99785";"-0,00241"
"1,34000";"2,01297";"0,00277"
"1,35000";"2,02796";"0,00979"
"1,36000";"2,04295";"0,00719"
"1,37000";"2,05794";"0,00413"
"1,38000";"2,07306";"0,00759"
"1,39000";"2,08805";"0,02230"
"1,40000";"2,10304";"0,03274"
"1,41000";"2,11815";"0,02784"
"1,42000";"2,13326";"0,01960"
"1,43000";"2,14826";"0,01520"
"1,44000";"2,16325";"0,01395"
"1,45000";"2,17824";"0,00209"
"1,46000";"2,19324";"-0,00109"
"1,47000";"2,20823";"-0,00238"
"1,48000";"2,22322";"-0,00204"
"1,49000";"2,23810";"-0,00999"
"1,50000";"2,25309";"-0,00995"
"1,51000";"2,26797";"-0,01234"
"1,52000";"2,28284";"-0,01120"
"1,53000";"2,29772";"-0,01314"
"1,54000";"2,31271";"-0,01303"
"1,55000";"2,32758";"-0,01437"
"1,56000";"2,34246";"-0,00624"
"1,57000";"2,35745";"0,00079"
"1,58000";"2,37256";"0,00419"
"1,59000";"2,38767";"0,00473"
"1,60000";"2,40267";"0,00593"
"1,61000";"2,41766";"0,01174"
"1,62000";"2,43289";"0,01670"
"1,63000";"2,44800";"0,02003"
"1,64000";"2,46311";"0,00884"
"1,65000";"2,47822";"0,00023"
"1,66000";"2,49333";"-0,00818"
"1,67000";"2,50821";"-0,00877"
"1,68000";"2,52320";"-0,00271"
"1,69000";"2,53819";"0,00306"
"1,70000";"2,55307";"0,00728"
"1,71000";"2,56806";"0,01107"
"1,72000";"2,58306";"0,01540"
"1,73000";"2,59817";"0,01659"
"1,74000";"2,61316";"0,00839"
"1,75000";"2,62815";"0,00107"
"1,76000";"2,64303";"0,00310"
"1,77000";"2,65802";"0,01105"
"1,78000";"2,67301";"0,00878"
"1,79000";"2,68801";"0,00927"
"1,80000";"2,70300";"0,01336"
"1,81000";"2,71788";"0,01495"
"1,82000";"2,73275";"0,01714"
"1,83000";"2,74763";"0,01511"
"1,84000";"2,76250";"0,01285"
"1,85000";"2,77737";"0,01544"
"1,86000";"2,79237";"0,01054"
"1,87000";"2,80748";"0,00063"
"1,88000";"2,82259";"0,00624"
"1,89000";"2,83770";"0,01694"
"1,90000";"2,85293";"0,01943"
"1,91000";"2,86804";"0,02190"
"1,92000";"2,88315";"0,01818"
"1,93000";"2,89826";"0,01166"
"1,94000";"2,91314";"0,00578"
"1,95000";"2,92825";"0,00506"
"1,96000";"2,94336";"0,00918"
"1,97000";"2,95847";"0,01318"
"1,98000";"2,97347";"0,01751"
"1,99000";"2,98846";"0,00928"
"2,00000";"3,00333";"0,00183"
"2,01000";"3,01833";"0,00519"
"2,02000";"3,03320";"0,00324"
"2,03000";"3,04819";"0,00682"
"2,04000";"3,06307";"0,00143"
"2,05000";"3,07806";"-0,00220"
"2,06000";"3,09306";"-0,00750"
"2,07000";"3,10805";"-0,00634"
"2,08000";"3,12304";"-0,00871"
"2,09000";"3,13803";"-0,00286"
"2,10000";"3,15291";"0,00716"
"2,11000";"3,16790";"0,01700"
"2,12000";"3,18278";"0,02206"
"2,13000";"3,19777";"0,03219"
"2,14000";"3,21265";"0,03824"
"2,15000";"3,22752";"0,03490"
"2,16000";"3,24251";"0,02268"
"2,17000";"3,25751";"0,01298"
"2,18000";"3,27262";"0,01474"
"2,19000";"3,28773";"0,01684"
"2,20000";"3,30308";"0,01312"
"2,21000";"3,31819";"0,01011"
"2,22000";"3,33330";"0,00855"
"2,23000";"3,34817";"-0,00069"
"2,24000";"3,36317";"-0,00106"
"2,25000";"3,37828";"0,00525"
"2,26000";"3,39339";"0,00820"
"2,27000";"3,40862";"0,00516"
"2,28000";"3,42361";"0,00090"
"2,29000";"3,43860";"0,00206"
"2,30000";"3,45348";"0,00719"
"2,31000";"3,46835";"0,00874"
"2,32000";"3,48323";"0,00870"
"2,33000";"3,49810";"0,01095"
"2,34000";"3,51298";"0,00962"
"2,35000";"3,52785";"0,00101"
"2,36000";"3,54285";"-0,00588"
"2,37000";"3,55784";"-0,00219"
"2,38000";"3,57283";"0,00304"
"2,39000";"3,58771";"0,00516"
"2,40000";"3,60258";"0,01060"
"2,41000";"3,61769";"0,02116"
"2,42000";"3,63257";"0,02039"
"2,43000";"3,64756";"0,01498"
"2,44000";"3,66256";"0,00587"
"2,45000";"3,67755";"-0,00380"
"2,46000";"3,69254";"-0,00387"
"2,47000";"3,70742";"-0,00218"
"2,48000";"3,72253";"0,00287"
"2,49000";"3,73776";"0,00793"
"2,50000";"3,75287";"0,01102"
"2,51000";"3,76798";"0,01604"
"2,52000";"3,78321";"0,01230"
"2,53000";"3,79832";"0,01039"
"2,54000";"3,81331";"0,00871"
"2,55000";"3,82842";"0,00310"
"2,56000";"3,84353";"0,00520"
"2,57000";"3,85865";"0,01018"
"2,58000";"3,87364";"0,01581"
"2,59000";"3,88875";"0,01282"
"2,60000";"3,90362";"0,01129"
"2,61000";"3,91862";"0,01350"
"2,62000";"3,93349";"0,00806"
"2,63000";"3,94825";"-0,00011"
"2,64000";"3,96312";"-0,00163"
"2,65000";"3,97812";"-0,00010"
"2,66000";"3,99299";"0,00254"
"2,67000";"4,00787";"0,00994"
"2,68000";"4,02286";"0,01323"
"2,69000";"4,03797";"0,01358"
"2,70000";"4,05297";"0,01575"
"2,71000";"4,06784";"0,00909"
"2,72000";"4,08283";"-0,00167"
"2,73000";"4,09771";"-0,00742"
"2,74000";"4,11270";"-0,00368"
"2,75000";"4,12769";"0,00457"
"2,76000";"4,14269";"0,00202"
"2,77000";"4,15780";"0,00331"
"2,78000";"4,17279";"0,00528"
"2,79000";"4,18779";"0,00640"
"2,80000";"4,20290";"0,01268"
"2,81000";"4,21801";"0,02187"
"2,82000";"4,23312";"0,02547"
"2,83000";"4,24811";"0,02260"
"2,84000";"4,26322";"0,01053"
"2,85000";"4,27845";"0,00043"
"2,86000";"4,29344";"-0,00220"
"2,87000";"4,30844";"0,00192"
"2,88000";"4,32331";"0,00178"
"2,89000";"4,33831";"0,00443"
"2,90000";"4,35342";"0,01085"
"2,91000";"4,36841";"0,01618"
"2,92000";"4,38340";"0,01541"
"2,93000";"4,39828";"0,01023"
"2,94000";"4,41315";"0,00929"
"2,95000";"4,42815";"0,01709"
"2,96000";"4,44326";"0,02116"
"2,97000";"4,45825";"0,01461"
"2,98000";"4,47324";"0,01961"
"2,99000";"4,48824";"0,01797"
"3,00000";"4,50311";"0,01644"
"3,01000";"4,51787";"0,01399"
"3,02000";"4,53274";"0,00684"
"3,03000";"4,54762";"-0,00240"
"3,04000";"4,56273";"-0,00477"
"3,05000";"4,57760";"-0,00323"
"3,06000";"4,59272";"0,00440"
"3,07000";"4,60771";"0,00451"
"3,08000";"4,62258";"0,00783"
"3,09000";"4,63758";"0,01111"
"3,10000";"4,65257";"0,01104"
"3,11000";"4,66768";"0,01872"
"3,12000";"4,68291";"0,02021"
"3,13000";"4,69814";"0,01808"
"3,14000";"4,71337";"0,01015"
"3,15000";"4,72848";"0,00628"
"3,16000";"4,74347";"0,00511"
"3,17000";"4,75847";"0,00378"
"3,18000";"4,77322";"0,00305"
"3,19000";"4,78810";"0,00214"
"3,20000";"4,80309";"0,00018"
"3,21000";"4,81820";"0,00105"
"3,22000";"4,83319";"0,00480"
"3,23000";"4,84807";"0,01112"
"3,24000";"4,86318";"0,01488"
"3,25000";"4,87806";"0,01229"
"3,26000";"4,89293";"0,01131"
"3,27000";"4,90792";"0,00874"
"3,28000";"4,92292";"0,00076"
"3,29000";"4,93791";"0,00367"
"3,30000";"4,95290";"0,01027"
"3,31000";"4,96790";"0,01461"
"3,32000";"4,98289";"0,01832"
"3,33000";"4,99788";"0,01618"
"3,34000";"5,01288";"0,00794"
"3,35000";"5,02787";"-0,00784"
"3,36000";"5,04298";"-0,00757"
"3,37000";"5,05809";"-0,00010"
"3,38000";"5,07297";"0,00438"
"3,39000";"5,08808";"0,00000"
"3,40000";"5,10307";"-0,00065"
"3,41000";"5,11806";"-0,00131"
"3,42000";"5,13317";"0,00054"
"3,43000";"5,14817";"0,00536"
"3,44000";"5,16328";"0,01157"
"3,45000";"5,17839";"0,01879"
"3,46000";"5,19338";"0,01456"
"3,47000";"5,20837";"0,01307"
"3,48000";"5,22325";"0,01542"
"3,49000";"5,23813";"0,01424"
"3,50000";"5,25300";"0,01298"
"3,51000";"5,26799";"0,01460"
"3,52000";"5,28299";"0,01479"
"3,53000";"5,29810";"0,01151"
"3,54000";"5,31309";"0,01593"
"3,55000";"5,32808";"0,03155"
"3,56000";"5,34308";"0,05342"
"3,57000";"5,35795";"0,08566"
"3,58000";"5,37294";"0,12154"
"3,59000";"5,38794";"0,16060"
"3,60000";"5,40281";"0,20314"
"3,61000";"5,41781";"0,25033"
"3,62000";"5,43280";"0,30290"
"3,63000";"5,44779";"0,36611"
"3,64000";"5,46278";"0,42835"
"3,65000";"5,47778";"0,49806"
"3,66000";"5,49277";"0,57542"
"3,67000";"5,50788";"0,65945"
"3,68000";"5,52288";"0,74006"
"3,69000";"5,53799";"0,82232"
"3,70000";"5,55310";"0,90674"
"3,71000";"5,56821";"0,99074"
"3,72000";"5,58320";"1,08013"
"3,73000";"5,59819";"1,17507"
"3,74000";"5,61307";"1,26731"
"3,75000";"5,62818";"1,36420"
"3,76000";"5,64306";"1,45813"
"3,77000";"5,65805";"1,55747"
"3,78000";"5,67316";"1,66007"
"3,79000";"5,68827";"1,75842"
"3,80000";"5,70315";"1,86250"
"3,81000";"5,71814";"1,96395"
"3,82000";"5,73313";"2,07293"
"3,83000";"5,74824";"2,18222"
"3,84000";"5,76324";"2,28144"
"3,85000";"5,77823";"2,37608"
"3,86000";"5,79310";"2,47327"
"3,87000";"5,80810";"2,57447"
"3,88000";"5,82297";"2,68141"
"3,89000";"5,83785";"2,78345"
"3,90000";"5,85284";"2,88219"
"3,91000";"5,86795";"2,98032"
"3,92000";"5,88294";"3,06562"
"3,93000";"5,89806";"3,15204"
"3,94000";"5,91305";"3,25395"
"3,95000";"5,92804";"3,36210"
"3,96000";"5,94292";"3,46796"
"3,97000";"5,95791";"3,56208"
"3,98000";"5,97290";"3,65255"
"3,99000";"5,98801";"3,74778"
"4,00000";"6,00312";"3,85076"
"4,01000";"6,01812";"3,95262"
"4,02000";"6,03311";"4,05569"
"4,03000";"6,04822";"4,15373"
"4,04000";"6,06310";"4,25175"
"4,05000";"6,07809";"4,35245"
"4,06000";"6,09308";"4,44377"
"4,07000";"6,10808";"4,53576"
"4,08000";"6,12307";"4,63424"
"4,09000";"6,13806";"4,73239"
"4,10000";"6,15306";"4,83006"
"4,11000";"6,16805";"4,92477"
"4,12000";"6,18292";"5,01745"
"4,13000";"6,19792";"5,10924"
"4,14000";"6,21291";"5,20606"
"4,15000";"6,22802";"5,30430"
"4,16000";"6,24301";"5,39784"
"4,17000";"6,25801";"5,48756"
"4,18000";"6,27300";"5,58134"
"4,19000";"6,28788";"5,67156"
"4,20000";"6,30275";"5,76552"
"4,21000";"6,31774";"5,86170"
"4,22000";"6,33285";"5,95769"
"4,23000";"6,34796";"6,05316"
"4,24000";"6,36296";"6,14729"
"4,25000";"6,37795";"6,24777"
"4,26000";"6,39294";"6,34584"
"4,27000";"6,40794";"6,43552"
"4,28000";"6,42293";"6,52518"
"4,29000";"6,43804";"6,62023"
"4,30000";"6,45303";"6,71985"
"4,31000";"6,46803";"6,81484"
"4,32000";"6,48302";"6,91655"
"4,33000";"6,49801";"7,02122"
"4,34000";"6,51289";"7,11899"
"4,35000";"6,52788";"7,21290"
"4,36000";"6,54276";"7,30335"
"4,37000";"6,55775";"7,39515"
"4,38000";"6,57274";"7,48472"
"4,39000";"6,58785";"7,57303"
"4,40000";"6,60297";"7,66700"
"4,41000";"6,61796";"7,76828"
"4,42000";"6,63295";"7,88009"
"4,43000";"6,64783";"7,98520"
"4,44000";"6,66270";"8,07553"
"4,45000";"6,67769";"8,15403"
"4,46000";"6,69281";"8,24551"
"4,47000";"6,70780";"8,34876"
"4,48000";"6,72291";"8,45149"
"4,49000";"6,73790";"8,56056"
"4,50000";"6,75301";"8,66157"
"4,51000";"6,76801";"8,76431"
"4,52000";"6,78300";"8,86889"
"4,53000";"6,79811";"8,97077"
"4,54000";"6,81310";"9,07197"
"4,55000";"6,82822";"9,16301"
"4,56000";"6,84321";"9,26061"
"4,57000";"6,85808";"9,36189"
"4,58000";"6,87319";"9,46073"
"4,59000";"6,88807";"9,56102"
"4,60000";"6,90294";"9,65980"
"4,61000";"6,91794";"9,74786"
"4,62000";"6,93293";"9,84381"
"4,63000";"6,94792";"9,95660"
"4,64000";"6,96303";"10,06081"
"4,65000";"6,97803";"10,16414"
"4,66000";"6,99302";"10,26758"
"4,67000";"7,00790";"10,37297"
"4,68000";"7,02289";"10,47395"
"4,69000";"7,03788";"10,57813"
"4,70000";"7,05288";"10,69053"
"4,71000";"7,06787";"10,80861"
"4,72000";"7,08298";"10,92279"
"4,73000";"7,09797";"11,03004"
"4,74000";"7,11297";"11,13767"
"4,75000";"7,12796";"11,23702"
"4,76000";"7,14283";"11,33948"
"4,77000";"7,15794";"11,44586"
"4,78000";"7,17294";"11,55803"
"4,79000";"7,18805";"11,66855"
"4,80000";"7,20304";"11,78278"
"4,81000";"7,21803";"11,88389"
"4,82000";"7,23291";"11,98918"
"4,83000";"7,24790";"12,09873"
"4,84000";"7,26290";"12,20608"
"4,85000";"7,27801";"12,31170"
"4,86000";"7,29300";"12,42010"
"4,87000";"7,30811";"12,53519"
"4,88000";"7,32310";"12,65429"
"4,89000";"7,33810";"12,77382"
"4,90000";"7,35297";"12,88952"
"4,91000";"7,36797";"13,00615"
"4,92000";"7,38296";"13,12485"
"4,93000";"7,39807";"13,24247"
"4,94000";"7,41318";"13,36075"
"4,95000";"7,42817";"13,47421"
"4,96000";"7,44305";"13,59088"
"4,97000";"7,45804";"13,70392"
"4,98000";"7,47292";"13,81689"
"4,99000";"7,48779";"13,92985"
"5,00000";"7,50278";"14,03991"
"5,01000";"7,51790";"14,15571"
"5,02000";"7,53301";"14,27270"
"5,03000";"7,54800";"14,39571"
"5,04000";"7,56299";"14,51877"
"5,05000";"7,57810";"14,64171"
"5,06000";"7,59298";"14,76358"
"5,07000";"7,60785";"14,88223"
"5,08000";"7,62285";"15,00014"
"5,09000";"7,63796";"15,11949"
"5,10000";"7,65307";"15,23138"
"5,11000";"7,66806";"15,34785"
"5,12000";"7,68306";"15,46603"
"5,13000";"7,69793";"15,58917"
"5,14000";"7,71292";"15,70314"
"5,15000";"7,72792";"15,82160"
"5,16000";"7,74291";"15,94896"
"5,17000";"7,75790";"16,08257"
"5,18000";"7,77278";"16,20964"
"5,19000";"7,78777";"16,33421"
"5,20000";"7,80265";"16,45349"
"5,21000";"7,81764";"16,56853"
"5,22000";"7,83251";"16,68921"
"5,23000";"7,84762";"16,81005"
"5,24000";"7,86274";"16,93338"
"5,25000";"7,87785";"17,06003"
"5,26000";"7,89296";"17,19637"
"5,27000";"7,90795";"17,33082"
"5,28000";"7,92294";"17,46514"
"5,29000";"7,93794";"17,59338"
"5,30000";"7,95281";"17,71824"
"5,31000";"7,96781";"17,84180"
"5,32000";"7,98292";"17,96149"
"5,33000";"7,99791";"18,08799"
"5,34000";"8,01302";"18,21510"
"5,35000";"8,02801";"18,35124"
"5,36000";"8,04313";"18,48226"
"5,37000";"8,05812";"18,61513"
"5,38000";"8,07311";"18,74663"
"5,39000";"8,08799";"18,88123"
"5,40000";"8,10298";"19,01994"
"5,41000";"8,11809";"19,15121"
"5,42000";"8,13308";"19,27691"
"5,43000";"8,14808";"19,40215"
"5,44000";"8,16307";"19,53182"
"5,45000";"8,17806";"19,65940"
"5,46000";"8,19317";"19,79104"
"5,47000";"8,20805";"19,92271"
"5,48000";"8,22316";"20,05132"
"5,49000";"8,23815";"20,18350"
"5,50000";"8,25315";"20,31968"
"5,51000";"8,26826";"20,45655"
"5,52000";"8,28325";"20,59103"
"5,53000";"8,29824";"20,73087"
"5,54000";"8,31312";"20,87309"
"5,55000";"8,32811";"21,01297"
"5,56000";"8,34322";"21,14973"
"5,57000";"8,35810";"21,28949"
"5,58000";"8,37321";"21,43200"
"5,59000";"8,38808";"21,57087"
"5,60000";"8,40296";"21,70893"
"5,61000";"8,41783";"21,84987"
"5,62000";"8,43283";"21,99173"
"5,63000";"8,44782";"22,12943"
"5,64000";"8,46281";"22,26653"
"5,65000";"8,47792";"22,40903"
"5,66000";"8,49315";"22,55527"
"5,67000";"8,50826";"22,70318"
"5,68000";"8,52326";"22,84865"
"5,69000";"8,53813";"22,99545"
"5,70000";"8,55313";"23,13976"
"5,71000";"8,56812";"23,28559"
"5,72000";"8,58311";"23,42786"
"5,73000";"8,59810";"23,57522"
"5,74000";"8,61322";"23,72335"
"5,75000";"8,62821";"23,87213"
"5,76000";"8,64320";"24,02083"
"5,77000";"8,65796";"24,16948"
"5,78000";"8,67283";"24,31957"
"5,79000";"8,68783";"24,46245"
"5,80000";"8,70294";"24,60434"
"5,81000";"8,71781";"24,76054"
"5,82000";"8,73281";"24,91689"
"5,83000";"8,74792";"25,07218"
"5,84000";"8,76291";"25,22850"
"5,85000";"8,77779";"25,38527"
"5,86000";"8,79290";"25,53971"
"5,87000";"8,80789";"25,69448"
"5,88000";"8,82300";"25,84888"
"5,89000";"8,83799";"26,00376"
"5,90000";"8,85299";"26,16192"
"5,91000";"8,86798";"26,32689"
"5,92000";"8,88297";"26,50084"
"5,93000";"8,89797";"26,66516"
"5,94000";"8,91284";"26,81227"
"5,95000";"8,92795";"26,96562"
"5,96000";"8,94294";"27,12727"
"5,97000";"8,95794";"27,28884"
"5,98000";"8,97281";"27,45587"
"5,99000";"8,98780";"27,62071"
"6,00000";"9,00280";"27,78374"
"6,01000";"9,01779";"27,94563"
"6,02000";"9,03267";"28,10851"
"6,03000";"9,04778";"28,27427"
"6,04000";"9,06289";"28,44614"
"6,05000";"9,07800";"28,62252"
"6,06000";"9,09299";"28,80323"
"6,07000";"9,10810";"28,98654"
"6,08000";"9,12310";"29,16587"
"6,09000";"9,13809";"29,34418"
"6,10000";"9,15308";"29,51669"
"6,11000";"9,16796";"29,68967"
"6,12000";"9,18307";"29,86294"
"6,13000";"9,19806";"30,03081"
"6,14000";"9,21305";"30,20335"
"6,15000";"9,22817";"30,38231"
"6,16000";"9,24316";"30,56158"
"6,17000";"9,25815";"30,73789"
"6,18000";"9,27315";"30,92478"
"6,19000";"9,28814";"31,10971"
"6,20000";"9,30313";"31,28732"
"6,21000";"9,31813";"31,46432"
"6,22000";"9,33312";"31,64571"
"6,23000";"9,34811";"31,83504"
"6,24000";"9,36310";"32,02259"
"6,25000";"9,37810";"32,20503"
"6,26000";"9,39309";"32,39738"
"6,27000";"9,40808";"32,58989"
"6,28000";"9,42308";"32,78339"
"6,29000";"9,43819";"32,96371"
"6,30000";"9,45330";"33,14826"
"6,31000";"9,46829";"33,34781"
"6,32000";"9,48305";"33,54898"
"6,33000";"9,49804";"33,75036"
"6,34000";"9,51304";"33,95497"
"6,35000";"9,52803";"34,15066"
"6,36000";"9,54290";"34,34961"
"6,37000";"9,55801";"34,55067"
"6,38000";"9,57312";"34,75166"
"6,39000";"9,58812";"34,95209"
"6,40000";"9,60299";"35,16040"
"6,41000";"9,61799";"35,36408"
"6,42000";"9,63298";"35,56489"
"6,43000";"9,64797";"35,76536"
"6,44000";"9,66297";"35,97372"
"6,45000";"9,67796";"36,18843"
"6,46000";"9,69307";"36,40244"
"6,47000";"9,70806";"36,61380"
"6,48000";"9,72306";"36,83154"
"6,49000";"9,73805";"37,04743"
"6,50000";"9,75316";"37,25549"
"6,51000";"9,76815";"37,46765"
"6,52000";"9,78314";"37,67488"
"6,53000";"9,79802";"37,88168"
"6,54000";"9,81301";"38,09632"
"6,55000";"9,82801";"38,31224"
"6,56000";"9,84288";"38,53669"
"6,57000";"9,85787";"38,76009"
"6,58000";"9,87287";"38,98668"
"6,59000";"9,88798";"39,21252"
"6,60000";"9,90297";"39,43931"
"6,61000";"9,91808";"39,67713"
"6,62000";"9,93308";"39,91553"
"6,63000";"9,94807";"40,15619"
"6,64000";"9,96294";"40,39033"
"6,65000";"9,97794";"40,61089"
"6,66000";"9,99293";"40,84638"
"6,67000";"10,00804";"41,08556"
"6,68000";"10,02315";"41,32988"
"6,69000";"10,03803";"41,57323"
"6,70000";"10,05314";"41,81322"
"6,71000";"10,06813";"42,05377"
"6,72000";"10,08301";"42,28641"
"6,73000";"10,09800";"42,52816"
"6,74000";"10,11299";"42,77044"
"6,75000";"10,12799";"43,01864"
"6,76000";"10,14298";"43,27185"
"6,77000";"10,15809";"43,52728"
"6,78000";"10,17308";"43,78236"
"6,79000";"10,18820";"44,03346"
"6,80000";"10,20319";"44,28349"
"6,81000";"10,21818";"44,53744"
"6,82000";"10,23329";"44,79425"
"6,83000";"10,24840";"45,05489"
"6,84000";"10,26328";"45,32134"
"6,85000";"10,27827";"45,57870"
"6,86000";"10,29315";"45,83486"
"6,87000";"10,30814";"46,09348"
"6,88000";"10,32313";"46,35043"
"6,89000";"10,33813";"46,60936"
"6,90000";"10,35312";"46,86821"
"6,91000";"10,36823";"47,13499"
"6,92000";"10,38322";"47,40657"
"6,93000";"10,39822";"47,67634"
"6,94000";"10,41321";"47,94633"
"6,95000";"10,42808";"48,21866"
"6,96000";"10,44308";"48,48707"
"6,97000";"10,45807";"48,75539"
"6,98000";"10,47306";"49,03037"
"6,99000";"10,48817";"49,31049"
"7,00000";"10,50317";"49,59452"
"7,01000";"10,51828";"49,87829"
"7,02000";"10,53315";"50,16677"
"7,03000";"10,54803";"50,45275"
"7,04000";"10,56290";"50,73222"
"7,05000";"10,57790";"51,01618"
"7,06000";"10,59289";"51,30299"
"7,07000";"10,60788";"51,58165"
"7,08000";"10,62288";"51,85927"
"7,09000";"10,63787";"52,14384"
"7,10000";"10,65286";"52,42854"
"7,11000";"10,66785";"52,72075"
"7,12000";"10,68285";"53,01161"
"7,13000";"10,69784";"53,30487"
"7,14000";"10,71283";"53,61003"
"7,15000";"10,72783";"53,91722"
"7,16000";"10,74282";"54,22147"
"7,17000";"10,75781";"54,51868"
"7,18000";"10,77281";"54,81661"
"7,19000";"10,78780";"55,12613"
"7,20000";"10,80279";"55,43355"
"7,21000";"10,81779";"55,74879"
"7,22000";"10,83278";"56,06326"
"7,23000";"10,84789";"56,37579"
"7,24000";"10,86300";"56,68799"
"7,25000";"10,87799";"57,00212"
"7,26000";"10,89299";"57,31982"
"7,27000";"10,90786";"57,63843"
"7,28000";"10,92285";"57,95506"
"7,29000";"10,93785";"58,26138"
"7,30000";"10,95296";"58,56563"
"7,31000";"10,96807";"58,88002"
"7,32000";"10,98306";"59,19909"
"7,33000";"10,99817";"59,52203"
"7,34000";"11,01305";"59,85332"
"7,35000";"11,02792";"60,19094"
"7,36000";"11,04292";"60,51546"
"7,37000";"11,05803";"60,82449"
"7,38000";"11,07302";"61,13612"
"7,39000";"11,08801";"61,44921"
"7,40000";"11,10301";"61,76984"
"7,41000";"11,11800";"62,09749"
"7,42000";"11,13299";"62,42744"
"7,43000";"11,14799";"62,75362"
"7,44000";"11,16310";"63,07539"
"7,45000";"11,17821";"63,39797"
"7,46000";"11,19320";"63,72960"
"7,47000";"11,20808";"64,06544"
"7,48000";"11,22307";"64,39545"
"7,49000";"11,23806";"64,72301"
"7,50000";"11,25306";"65,04510"
"7,51000";"11,26793";"65,36678"
"7,52000";"11,28304";"65,68696"
"7,53000";"11,29803";"66,00997"
"7,54000";"11,31303";"66,33488"
"7,55000";"11,32802";"66,66843"
"7,56000";"11,34290";"67,00895"
"7,57000";"11,35789";"67,33491"
"7,58000";"11,37288";"67,65501"
"7,59000";"11,38788";"67,96597"
"7,60000";"11,40298";"68,27464"
"7,61000";"11,41798";"68,58641"
"7,62000";"11,43309";"68,91146"
"7,63000";"11,44820";"69,24327"
"7,64000";"11,46319";"69,57338"
"7,65000";"11,47819";"69,89996"
"7,66000";"11,49306";"70,21761"
"7,67000";"11,50806";"70,51385"
"7,68000";"11,52305";"70,81201"
"7,69000";"11,53804";"71,11517"
"7,70000";"11,55315";"71,42622"
"7,71000";"11,56815";"71,73856"
"7,72000";"11,58326";"72,05160"
"7,73000";"11,59813";"72,36261"
"7,74000";"11,61312";"72,67106"
"7,75000";"11,62800";"72,96705"
"7,76000";"11,64299";"73,25670"
"7,77000";"11,65799";"73,55230"
"7,78000";"11,67298";"73,84333"
"7,79000";"11,68797";"74,12766"
"7,80000";"11,70296";"74,41830"
"7,81000";"11,71796";"74,71605"
"7,82000";"11,73295";"75,01380"
"7,83000";"11,74794";"75,31806"
"7,84000";"11,76306";"75,62585"
"7,85000";"11,77805";"75,94810"
"7,86000";"11,79304";"76,26659"
"7,87000";"11,80803";"76,56986"
"7,88000";"11,82303";"76,85836"
"7,89000";"11,83802";"77,14277"
"7,90000";"11,85290";"77,42042"
"7,91000";"11,86777";"77,68328"
"7,92000";"11,88288";"77,94884"
"7,93000";"11,89799";"78,22556"
"7,94000";"11,91299";"78,51270"
"7,95000";"11,92798";"78,80364"
"7,96000";"11,94297";"79,09241"
"7,97000";"11,95797";"79,37192"
"7,98000";"11,97284";"79,64666"
"7,99000";"11,98783";"79,91271"
"8,00000";"12,00294";"80,17233"
"8,01000";"12,01794";"80,43404"
"8,02000";"12,03293";"80,68707"
"8,03000";"12,04792";"80,94041"
"8,04000";"12,06304";"81,18749"
"8,05000";"12,07803";"81,43535"
"8,06000";"12,09290";"81,67270"
"8,07000";"12,10790";"81,88088"
"8,08000";"12,12301";"82,07976"
"8,09000";"12,13800";"82,27864"
"8,10000";"12,15299";"82,47376"
"8,11000";"12,16787";"82,68043"
"8,12000";"12,18274";"82,88274"
"8,13000";"12,19762";"83,07457"
"8,14000";"12,21273";"83,26239"
"8,15000";"12,22772";"83,45073"
"8,16000";"12,24283";"83,63216"
"8,17000";"12,25795";"83,79538"
"8,18000";"12,27294";"83,95632"
"8,19000";"12,28793";"84,11060"
"8,20000";"12,30280";"84,24500"
"8,21000";"12,31780";"84,35992"
"8,22000";"12,33279";"84,45388"
"8,23000";"12,34778";"84,53977"
"8,24000";"12,36290";"84,62881"
"8,25000";"12,37801";"84,71847"
"8,26000";"12,39300";"84,80805"
"8,27000";"12,40799";"84,88383"
"8,28000";"12,42299";"84,94657"
"8,29000";"12,43798";"84,98093"
"8,30000";"12,45297";"84,98206"
"8,31000";"12,46797";"84,96563"
"8,32000";"12,48296";"84,93301"
"8,33000";"12,49795";"84,88131"
"8,34000";"12,51294";"84,80608"
"8,35000";"12,52794";"84,70789"
"8,36000";"12,54305";"84,58482"
"8,37000";"12,55792";"84,43385"
"8,38000";"12,57280";"84,26344"
"8,39000";"12,58779";"84,07231"
"8,40000";"12,60278";"83,85803"
"8,41000";"12,61790";"83,63819"
"8,42000";"12,63289";"83,42410"
"8,43000";"12,64788";"83,20879"
"8,44000";"12,66288";"82,99271"
"8,45000";"12,67787";"82,76665"
"8,46000";"12,69286";"82,54004"
"8,47000";"12,70797";"82,31239"
"8,48000";"12,72308";"82,07630"
"8,49000";"12,73819";"81,83128"
"8,50000";"12,75331";"81,56921"
"8,51000";"12,76830";"81,28006"
"8,52000";"12,78317";"80,95420"
"8,53000";"12,79805";"80,59062"
"8,54000";"12,81304";"80,18277"
"8,55000";"12,82815";"79,75937"
"8,56000";"12,84315";"79,33896"
"8,57000";"12,85814";"78,92352"
"8,58000";"12,87313";"78,49705"
"8,59000";"12,88824";"78,03751"
"8,60000";"12,90312";"77,56045"
"8,61000";"12,91787";"77,05623"
"8,62000";"12,93287";"76,52542"
"8,63000";"12,94798";"76,00465"
"8,64000";"12,96285";"75,52546"
"8,65000";"12,97785";"75,09386"
"8,66000";"12,99284";"74,69749"
"8,67000";"13,00795";"74,33727"
"8,68000";"13,02294";"74,01042"
"8,69000";"13,03794";"73,69950"
"8,70000";"13,05293";"73,37849"
"8,71000";"13,06804";"73,05108"
"8,72000";"13,08315";"72,71632"
"8,73000";"13,09814";"72,37224"
"8,74000";"13,11314";"72,00133"
"8,75000";"13,12801";"71,58610"
"8,76000";"13,14301";"71,12958"
"8,77000";"13,15776";"70,64417"
"8,78000";"13,17287";"70,15298"
"8,79000";"13,18787";"69,68559"
"8,80000";"13,20286";"69,23125"
"8,81000";"13,21797";"68,80497"
"8,82000";"13,23297";"68,40855"
"8,83000";"13,24808";"68,04404"
"8,84000";"13,26295";"67,69498"
"8,85000";"13,27783";"67,36045"
"8,86000";"13,29282";"67,03267"
"8,87000";"13,30793";"66,72027"
"8,88000";"13,32292";"66,42861"
"8,89000";"13,33792";"66,14297"
"8,90000";"13,35291";"65,86429"
"8,91000";"13,36790";"65,59901"
"8,92000";"13,38290";"65,34685"
"8,93000";"13,39789";"65,09651"
"8,94000";"13,41288";"64,85375"
"8,95000";"13,42787";"64,62783"
"8,96000";"13,44299";"64,41422"
"8,97000";"13,45798";"64,20894"
"8,98000";"13,47297";"64,00879"
"8,99000";"13,48808";"63,82214"
"9,00000";"13,50308";"63,63485"
"9,01000";"13,51807";"63,44484"
"9,02000";"13,53294";"63,25293"
"9,03000";"13,54794";"63,05941"
"9,04000";"13,56305";"62,87442"
"9,05000";"13,57804";"62,69211"
"9,06000";"13,59315";"62,51185"
"9,07000";"13,60803";"62,33177"
"9,08000";"13,62302";"62,14953"
"9,09000";"13,63790";"61,95996"
"9,10000";"13,65301";"61,75699"
"9,11000";"13,66800";"61,56008"
"9,12000";"13,68299";"61,37658"
"9,13000";"13,69810";"61,19884"
"9,14000";"13,71310";"61,02925"
"9,15000";"13,72797";"60,85777"
"9,16000";"13,74296";"60,66972"
"9,17000";"13,75796";"60,45995"
"9,18000";"13,77307";"60,23206"
"9,19000";"13,78806";"59,98285"
"9,20000";"13,80306";"59,71138"
"9,21000";"13,81817";"59,43878"
"9,22000";"13,83316";"59,18180"
"9,23000";"13,84815";"58,94822"
"9,24000";"13,86315";"58,71236"
"9,25000";"13,87814";"58,47791"
"9,26000";"13,89313";"58,24228"
"9,27000";"13,90801";"57,99580"
"9,28000";"13,92300";"57,73705"
"9,29000";"13,93811";"57,46993"
"9,30000";"13,95322";"57,21101"
"9,31000";"13,96821";"56,97027"
"9,32000";"13,98309";"56,72974"
"9,33000";"13,99820";"56,47211"
"9,34000";"14,01331";"56,21695"
"9,35000";"14,02819";"55,97811"
"9,36000";"14,04318";"55,74112"
"9,37000";"14,05817";"55,51517"
"9,38000";"14,07305";"55,31527"
"9,39000";"14,08792";"55,14637"
"9,40000";"14,10292";"55,00029"
"9,41000";"14,11791";"54,86015"
"9,42000";"14,13290";"54,72401"
"9,43000";"14,14790";"54,58242"
"9,44000";"14,16289";"54,43103"
"9,45000";"14,17800";"54,27202"
"9,46000";"14,19299";"54,09052"
"9,47000";"14,20787";"53,87209"
"9,48000";"14,22274";"53,62552"
"9,49000";"14,23785";"53,36916"
"9,50000";"14,25285";"53,12755"
"9,51000";"14,26796";"52,89587"
"9,52000";"14,28307";"52,66654"
"9,53000";"14,29818";"52,45229"
"9,54000";"14,31317";"52,25561"
"9,55000";"14,32817";"52,08255"
"9,56000";"14,34304";"51,92379"
"9,57000";"14,35803";"51,77180"
"9,58000";"14,37315";"51,63036"
"9,59000";"14,38814";"51,47634"
"9,60000";"14,40313";"51,28337"
"9,61000";"14,41813";"51,06500"
"9,62000";"14,43324";"50,84559"
"9,63000";"14,44811";"50,62511"
"9,64000";"14,46310";"50,41448"
"9,65000";"14,47810";"50,22380"
"9,66000";"14,49309";"50,08953"
"9,67000";"14,50820";"49,98287"
"9,68000";"14,52319";"49,86044"
"9,69000";"14,53819";"49,72591"
"9,70000";"14,55318";"49,59196"
"9,71000";"14,56806";"49,47232"
"9,72000";"14,58293";"49,37009"
"9,73000";"14,59792";"49,27752"
"9,74000";"14,61303";"49,20929"
"9,75000";"14,62815";"49,18772"
"9,76000";"14,64314";"49,20866"
"9,77000";"14,65825";"49,24109"
"9,78000";"14,67313";"49,28156"
"9,79000";"14,68800";"49,32268"
"9,80000";"14,70299";"49,36651"
"9,81000";"14,71810";"49,41742"
"9,82000";"14,73310";"49,48161"
"9,83000";"14,74821";"49,57995"
"9,84000";"14,76332";"49,69590"
"9,85000";"14,77831";"49,79921"
"9,86000";"14,79319";"49,89724"
"9,87000";"14,80818";"50,00577"
"9,88000";"14,82317";"50,13842"
"9,89000";"14,83817";"50,29142"
"9,90000";"14,85304";"50,47110"
"9,91000";"14,86792";"50,67059"
"9,92000";"14,88291";"50,87753"
"9,93000";"14,89790";"51,09058"
"9,94000";"14,91290";"51,30990"
"9,95000";"14,92789";"51,53386"
"9,96000";"14,94300";"51,74160"
"9,97000";"14,95799";"51,93261"
"9,98000";"14,97310";"52,11589"
"9,99000";"14,98810";"52,31159"
"10,00000";"15,00309";"52,52225"
"10,01000";"15,01808";"52,73474"
"10,02000";"15,03296";"52,94834"
"10,03000";"15,04795";"53,13012"
"10,04000";"15,06295";"53,28294"
"10,05000";"15,07806";"53,43657"
"10,06000";"15,09317";"53,61513"
"10,07000";"15,10816";"53,82437"
"10,08000";"15,12315";"54,05420"
"10,09000";"15,13803";"54,28577"
"10,10000";"15,15290";"54,49947"
"10,11000";"15,16778";"54,69972"
"10,12000";"15,18277";"54,89992"
"10,13000";"15,19776";"55,10217"
"10,14000";"15,21276";"55,30864"
"10,15000";"15,22787";"55,52953"
"10,16000";"15,24298";"55,79048"
"10,17000";"15,25797";"56,08343"
"10,18000";"15,27296";"56,38619"
"10,19000";"15,28784";"56,69258"
"10,20000";"15,30295";"57,00764"
"10,21000";"15,31794";"57,34020"
"10,22000";"15,33294";"57,67691"
"10,23000";"15,34793";"58,00879"
"10,24000";"15,36292";"58,33615"
"10,25000";"15,37803";"58,65248"
"10,26000";"15,39303";"58,96240"
"10,27000";"15,40802";"59,26044"
"10,28000";"15,42301";"59,54667"
"10,29000";"15,43813";"59,82624"
"10,30000";"15,45312";"60,11492"
"10,31000";"15,46811";"60,39829"
"10,32000";"15,48299";"60,67116"
"10,33000";"15,49786";"60,94157"
"10,34000";"15,51274";"61,20964"
"10,35000";"15,52773";"61,48946"
"10,36000";"15,54272";"61,79358"
"10,37000";"15,55783";"62,11432"
"10,38000";"15,57294";"62,44502"
"10,39000";"15,58794";"62,77467"
"10,40000";"15,60293";"63,09218"
"10,41000";"15,61792";"63,38658"
"10,42000";"15,63292";"63,65714"
"10,43000";"15,64791";"63,91222"
"10,44000";"15,66302";"64,18482"
"10,45000";"15,67813";"64,45447"
"10,46000";"15,69324";"64,73293"
"10,47000";"15,70824";"65,00480"
"10,48000";"15,72323";"65,25853"
"10,49000";"15,73811";"65,49866"
"10,50000";"15,75298";"65,73283"
"10,51000";"15,76797";"65,97075"
"10,52000";"15,78297";"66,21967"
"10,53000";"15,79796";"66,49248"
"10,54000";"15,81295";"66,79661"
"10,55000";"15,82806";"67,12168"
"10,56000";"15,84306";"67,46033"
"10,57000";"15,85805";"67,83649"
"10,58000";"15,87304";"68,25725"
"10,59000";"15,88803";"68,70993"
"10,60000";"15,90303";"69,17860"
"10,61000";"15,91802";"69,66587"
"10,62000";"15,93301";"70,17416"
"10,63000";"15,94789";"70,70770"
"10,64000";"15,96288";"71,24003"
"10,65000";"15,97776";"71,77046"
"10,66000";"15,99275";"72,30930"
"10,67000";"16,00774";"72,85841"
"10,68000";"16,02286";"73,40810"
"10,69000";"16,03785";"73,96561"
"10,70000";"16,05284";"74,53688"
"10,71000";"16,06795";"75,11847"
"10,72000";"16,08294";"75,72637"
"10,73000";"16,09794";"76,34898"
"10,74000";"16,11293";"76,96534"
"10,75000";"16,12804";"77,56312"
"10,76000";"16,14315";"78,16175"
"10,77000";"16,15815";"78,74717"
"10,78000";"16,17314";"79,32742"
"10,79000";"16,18825";"79,91357"
"10,80000";"16,20312";"80,50568"
"10,81000";"16,21812";"81,07659"
"10,82000";"16,23311";"81,63853"
"10,83000";"16,24811";"82,21433"
"10,84000";"16,26298";"82,81757"
"10,85000";"16,27797";"83,42988"
"10,86000";"16,29296";"84,05189"
"10,87000";"16,30808";"84,69346"
"10,88000";"16,32319";"85,36382"
"10,89000";"16,33806";"86,04864"
"10,90000";"16,35294";"86,71103"
"10,91000";"16,36793";"87,36477"
"10,92000";"16,38292";"88,03249"
"10,93000";"16,39804";"88,70576"
"10,94000";"16,41291";"89,38617"
"10,95000";"16,42790";"90,09928"
"10,96000";"16,44289";"90,83965"
"10,97000";"16,45777";"91,58323"
"10,98000";"16,47276";"92,31946"
"10,99000";"16,48788";"93,07516"
"11,00000";"16,50299";"93,85244"
"11,01000";"16,51810";"94,65756"
"11,02000";"16,53309";"95,49626"
"11,03000";"16,54808";"96,33836"
"11,04000";"16,56296";"97,16718"
"11,05000";"16,57784";"97,99496"
"11,06000";"16,59283";"98,83209"
"11,07000";"16,60782";"99,68860"
"11,08000";"16,62293";"100,56856"
"11,09000";"16,63804";"101,46466"
"11,10000";"16,65303";"102,36822"
"11,11000";"16,66803";"103,28763"
"11,12000";"16,68314";"104,22745"
"11,13000";"16,69801";"105,17194"
"11,14000";"16,71301";"106,11474"
"11,15000";"16,72812";"107,07211"
"11,16000";"16,74311";"108,06152"
"11,17000";"16,75799";"109,05701"
"11,18000";"16,77298";"110,03841"
"11,19000";"16,78797";"111,02433"
"11,20000";"16,80285";"112,04849"
"11,21000";"16,81784";"113,10549"
"11,22000";"16,83295";"114,19363"
"11,23000";"16,84795";"115,29202"
"11,24000";"16,86306";"116,38768"
"11,25000";"16,87805";"117,46055"
"11,26000";"16,89304";"118,50589"
"11,27000";"16,90792";"119,53728"
"11,28000";"16,92279";"120,58681"
"11,29000";"16,93778";"121,63686"
"11,30000";"16,95290";"122,71126"
"11,31000";"16,96801";"123,83198"
"11,32000";"16,98312";"124,98598"
"11,33000";"16,99811";"126,14100"
"11,34000";"17,01311";"127,28098"
"11,35000";"17,02798";"128,43336"
"11,36000";"17,04285";"129,59673"
"11,37000";"17,05773";"130,73898"
"11,38000";"17,07284";"131,90120"
"11,39000";"17,08783";"133,10811"
"11,40000";"17,10283";"134,32707"
"11,41000";"17,11782";"135,56551"
"11,42000";"17,13293";"136,79425"
"11,43000";"17,14792";"138,01588"
"11,44000";"17,16292";"139,21275"
"11,45000";"17,17791";"140,38580"
"11,46000";"17,19302";"141,52908"
"11,47000";"17,20801";"142,69568"
"11,48000";"17,22289";"143,86475"
"11,49000";"17,23788";"145,07730"
"11,50000";"17,25288";"146,34442"
"11,51000";"17,26787";"147,66724"
"11,52000";"17,28263";"149,04678"
"11,53000";"17,29762";"150,47844"
"11,54000";"17,31249";"151,94411"
"11,55000";"17,32749";"153,43631"
"11,56000";"17,34260";"154,96725"
"11,57000";"17,35759";"156,54901"
"11,58000";"17,37258";"158,12082"
"11,59000";"17,38781";"159,65547"
"11,60000";"17,40293";"161,21117"
"11,61000";"17,41803";"162,81619"
"11,62000";"17,43326";"164,46925"
"11,63000";"17,44826";"166,13608"
"11,64000";"17,46337";"167,81105"
"11,65000";"17,47824";"169,51662"
"11,66000";"17,49312";"171,22522"
"11,67000";"17,50799";"172,90637"
"11,68000";"17,52287";"174,56094"
"11,69000";"17,53774";"176,21178"
"11,70000";"17,55274";"177,93884"
"11,71000";"17,56773";"179,72548"
"11,72000";"17,58284";"181,55739"
"11,73000";"17,59783";"183,39124"
"11,74000";"17,61283";"185,17029"
"11,75000";"17,62794";"186,86551"
"11,76000";"17,64281";"188,56442"
"11,77000";"17,65769";"190,25336"
"11,78000";"17,67268";"191,96454"
"11,79000";"17,68756";"193,73743"
"11,80000";"17,70255";"195,59940"
"11,81000";"17,71766";"197,58171"
"11,82000";"17,73277";"199,71086"
"11,83000";"17,74765";"201,89563"
"11,84000";"17,76276";"204,06653"
"11,85000";"17,77787";"206,27190"
"11,86000";"17,79298";"208,51265"
"11,87000";"17,80809";"210,75862"
"11,88000";"17,82320";"213,00502"
"11,89000";"17,83820";"215,26448"
"11,90000";"17,85319";"217,56638"
"11,91000";"17,86806";"219,89571"
"11,92000";"17,88305";"222,24530"
"11,93000";"17,89817";"224,63731"
"11,94000";"17,91316";"227,07819"
"11,95000";"17,92815";"229,58044"
"11,96000";"17,94314";"232,11858"
"11,97000";"17,95802";"234,63368"
"11,98000";"17,97290";"237,17047"
"11,99000";"17,98789";"239,82988"
"12,00000";"18,00277";"242,57222"
"12,01000";"18,01787";"245,39204"
"12,02000";"18,03299";"248,30754"
"12,03000";"18,04798";"251,26634"
"12,04000";"18,06297";"254,22073"
"12,05000";"18,07797";"257,20078"
"12,06000";"18,09284";"260,20688"
"12,07000";"18,10760";"263,22839"
"12,08000";"18,12247";"266,23254"
"12,09000";"18,13747";"269,26846"
"12,10000";"18,15246";"272,41162"
"12,11000";"18,16757";"275,70813"
"12,12000";"18,18256";"279,09445"
"12,13000";"18,19767";"282,49271"
"12,14000";"18,21279";"285,85226"
"12,15000";"18,22766";"289,21817"
"12,16000";"18,24277";"292,64624"
"12,17000";"18,25800";"296,27222"
"12,18000";"18,27311";"300,17578"
"12,19000";"18,28810";"304,22043"
"12,20000";"18,30322";"308,33755"
"12,21000";"18,31809";"312,48566"
"12,22000";"18,33297";"316,65189"
"12,23000";"18,34784";"320,85898"
"12,24000";"18,36283";"325,18130"
"12,25000";"18,37771";"329,68036"
"12,26000";"18,39270";"334,35928"
"12,27000";"18,40770";"339,17200"
"12,28000";"18,42269";"344,19171"
"12,29000";"18,43768";"349,33575"
"12,30000";"18,45256";"354,49387"
"12,31000";"18,46755";"359,65475"
"12,32000";"18,48266";"364,87271"
"12,33000";"18,49765";"370,30264"
"12,33200";"18,50072";"371,41214"
"12,33400";"18,50379";"372,52582"
"12,34400";"18,51690";"378,10611"
"12,35400";"18,52433";"382,07437"
"12,36000";"18,52622";"381,89896"
"12,37000";"18,52540";"374,91357"
"12,38000";"18,52044";"358,12323"
"12,39000";"18,50899";"329,04871"
"12,40000";"18,49199";"282,13797"
"12,41000";"18,47180";"216,47214"
"12,42000";"18,45008";"141,90637"
"12,43000";"18,42800";"72,06590"
"12,44000";"18,40663";"17,33662"
"12,45000";"18,38597";"-16,60468"
"12,46000";"18,36626";"-29,61293"
"12,47000";"18,34749";"-29,00706"
"12,48000";"18,32931";"-22,87966"
"12,49000";"18,31160";"-15,89509"
"12,50000";"18,29460";"-10,04355"
"12,51000";"18,27795";"-5,90550"
"12,52000";"18,26166";"-3,45953"
"12,53000";"18,24560";"-2,24201"
"12,54000";"18,22990";"-1,87313"
"12,55000";"18,21432";"-2,04498"
"12,56000";"18,19874";"-2,52396"
"12,57000";"18,18339";"-3,11507"
"12,58000";"18,16828";"-3,66562"
"12,59000";"18,15317";"-4,09525"
"12,60000";"18,13794";"-4,40804"
"12,61000";"18,12271";"-4,65781"
"12,62000";"18,10760";"-4,86737"
"12,63000";"18,09260";"-5,03953"
"12,64000";"18,07749";"-5,17883"
"12,65000";"18,06250";"-5,30376"
"12,66000";"18,04739";"-5,39944"
"12,67000";"18,03240";"-5,46206"
"12,68000";"18,01728";"-5,50624"
"12,69000";"18,00217";"-5,51270"
"12,70000";"17,98706";"-5,50093"
"12,71000";"17,97195";"-5,48732"
"12,72000";"17,95696";"-5,46343"
"12,73000";"17,94185";"-5,44171"
"12,74000";"17,92686";"-5,40616"
"12,75000";"17,91186";"-5,35756"
"12,76000";"17,89699";"-5,29717"
"12,77000";"17,88211";"-5,23019"
"12,78000";"17,86700";"-5,15653"
"12,79000";"17,85201";"-5,06823"
"12,80000";"17,83701";"-4,97496"
"12,81000";"17,82202";"-4,88432"
"12,82000";"17,80703";"-4,79810"
"12,83000";"17,79203";"-4,71369"
"12,84000";"17,77716";"-4,63146"
"12,85000";"17,76217";"-4,55007"
"12,86000";"17,74718";"-4,47248"
"12,87000";"17,73195";"-4,39569"
"12,88000";"17,71683";"-4,31964"
"12,89000";"17,70196";"-4,24374"
"12,90000";"17,68696";"-4,15916"
"12,91000";"17,67186";"-4,06949"
"12,92000";"17,65698";"-3,98139"
"12,93000";"17,64198";"-3,89479"
"12,94000";"17,62688";"-3,79493"
"12,95000";"17,61176";"-3,70243"
"12,96000";"17,59677";"-3,60471"
"12,97000";"17,58201";"-3,50588"
"12,98000";"17,56714";"-3,41258"
"12,99000";"17,55202";"-3,33948"
"13,00000";"17,53703";"-3,27565"
"13,01000";"17,52204";"-3,21211"
"13,02000";"17,50693";"-3,15262"
"13,03000";"17,49182";"-3,09270"
"13,04000";"17,47694";"-3,03055"
"13,05000";"17,46207";"-2,96105"
"13,06000";"17,44719";"-2,88625"
"13,07000";"17,43220";"-2,80584"
"13,08000";"17,41721";"-2,72130"
"13,09000";"17,40221";"-2,63193"
"13,10000";"17,38711";"-2,53156"
"13,11000";"17,37188";"-2,44103"
"13,12000";"17,35700";"-2,35759"
"13,13000";"17,34212";"-2,28346"
"13,14000";"17,32713";"-2,22212"
"13,15000";"17,31202";"-2,16285"
"13,16000";"17,29703";"-2,11495"
"13,17000";"17,28204";"-2,06420"
"13,18000";"17,26704";"-2,01520"
"13,19000";"17,25193";"-1,96401"
"13,20000";"17,23682";"-1,90821"
"13,21000";"17,22194";"-1,85982"
"13,22000";"17,20707";"-1,81744"
"13,23000";"17,19208";"-1,77374"
"13,24000";"17,17708";"-1,72946"
"13,25000";"17,16209";"-1,68873"
"13,26000";"17,14710";"-1,64565"
"13,27000";"17,13210";"-1,59364"
"13,28000";"17,11699";"-1,54040"
"13,29000";"17,10200";"-1,49907"
"13,30000";"17,08713";"-1,45605"
"13,31000";"17,07201";"-1,40730"
"13,32000";"17,05690";"-1,36885"
"13,33000";"17,04191";"-1,34576"
"13,34000";"17,02692";"-1,32805"
"13,35000";"17,01181";"-1,30413"
"13,36000";"16,99693";"-1,27701"
"13,37000";"16,98194";"-1,25724"
"13,38000";"16,96706";"-1,23692"
"13,39000";"16,95207";"-1,21023"
"13,40000";"16,93708";"-1,18025"
"13,41000";"16,92196";"-1,16004"
"13,42000";"16,90697";"-1,14518"
"13,43000";"16,89198";"-1,12940"
"13,44000";"16,87687";"-1,11717"
"13,45000";"16,86188";"-1,11075"
"13,46000";"16,84688";"-1,10850"
"13,47000";"16,83201";"-1,09835"
"13,48000";"16,81689";"-1,08475"
"13,49000";"16,80190";"-1,07983"
"13,50000";"16,78691";"-1,06762"
"13,51000";"16,77192";"-1,05544"
"13,52000";"16,75704";"-1,05245"
"13,53000";"16,74193";"-1,04660"
"13,54000";"16,72706";"-1,04407"
"13,55000";"16,71206";"-1,03843"
"13,56000";"16,69707";"-1,03173"
"13,57000";"16,68196";"-1,02471"
"13,58000";"16,66685";"-1,02231"
"13,59000";"16,65197";"-1,01432"
"13,60000";"16,63710";"-1,00164"
"13,61000";"16,62199";"-0,98553"
"13,62000";"16,60699";"-0,98501"
"13,63000";"16,59200";"-0,98699"
"13,64000";"16,57689";"-0,98646"
"13,65000";"16,56178";"-0,98258"
"13,66000";"16,54667";"-0,98500"
"13,67000";"16,53179";"-0,99099"
"13,68000";"16,51692";"-0,98433"
"13,69000";"16,50204";"-0,97400"
"13,70000";"16,48705";"-0,95758"
"13,71000";"16,47206";"-0,94426"
"13,72000";"16,45706";"-0,93794"
"13,73000";"16,44207";"-0,93716"
"13,74000";"16,42684";"-0,94793"
"13,75000";"16,41197";"-0,95361"
"13,76000";"16,39709";"-0,95064"
"13,77000";"16,38210";"-0,93792"
"13,78000";"16,36699";"-0,93160"
"13,79000";"16,35211";"-0,93034"
"13,80000";"16,33724";"-0,92214"
"13,81000";"16,32224";"-0,91097"
"13,82000";"16,30713";"-0,90200"
"13,83000";"16,29226";"-0,90316"
"13,84000";"16,27738";"-0,90340"
"13,85000";"16,26227";"-0,89413"
"13,86000";"16,24716";"-0,88632"
"13,87000";"16,23193";"-0,88115"
"13,88000";"16,21706";"-0,86673"
"13,89000";"16,20206";"-0,84915"
"13,90000";"16,18695";"-0,84047"
"13,91000";"16,17208";"-0,83107"
"13,92000";"16,15720";"-0,81377"
"13,93000";"16,14233";"-0,80067"
"13,94000";"16,12721";"-0,78550"
"13,95000";"16,11199";"-0,77006"
"13,96000";"16,09687";"-0,75565"
"13,97000";"16,08188";"-0,74324"
"13,98000";"16,06677";"-0,73332"
"13,99000";"16,05178";"-0,72806"
"14,00000";"16,03690";"-0,72719"
"14,01000";"16,02203";"-0,72520"
"14,02000";"16,00715";"-0,71299"
"14,03000";"15,99192";"-0,69919"
"14,04000";"15,97693";"-0,69285"
"14,05000";"15,96194";"-0,69221"
"14,06000";"15,94695";"-0,68789"
"14,07000";"15,93195";"-0,68905"
"14,08000";"15,91696";"-0,69432"
"14,09000";"15,90208";"-0,70273"
"14,10000";"15,88709";"-0,69798"
"14,11000";"15,87210";"-0,68785"
"14,12000";"15,85699";"-0,68219"
"14,13000";"15,84199";"-0,67249"
"14,14000";"15,82700";"-0,65941"
"14,15000";"15,81201";"-0,65100"
"14,16000";"15,79702";"-0,64795"
"14,17000";"15,78214";"-0,64843"
"14,18000";"15,76727";"-0,63815"
"14,19000";"15,75215";"-0,62986"
"14,20000";"15,73704";"-0,62718"
"14,21000";"15,72205";"-0,62234"
"14,22000";"15,70706";"-0,62303"
"14,23000";"15,69218";"-0,61602"
"14,24000";"15,67719";"-0,61646"
"14,25000";"15,66220";"-0,61738"
"14,26000";"15,64732";"-0,61371"
"14,27000";"15,63221";"-0,60673"
"14,28000";"15,61698";"-0,60030"
"14,29000";"15,60187";"-0,58988"
"14,30000";"15,58687";"-0,57553"
"14,31000";"15,57176";"-0,56273"
"14,32000";"15,55689";"-0,55404"
"14,33000";"15,54190";"-0,55178"
"14,34000";"15,52702";"-0,54712"
"14,35000";"15,51203";"-0,54700"
"14,36000";"15,49692";"-0,54504"
"14,37000";"15,48180";"-0,54808"
"14,38000";"15,46681";"-0,54472"
"14,39000";"15,45205";"-0,53759"
"14,40000";"15,43706";"-0,53148"
"14,41000";"15,42195";"-0,52630"
"14,42000";"15,40707";"-0,51998"
"14,43000";"15,39208";"-0,52057"
"14,44000";"15,37709";"-0,52100"
"14,45000";"15,36198";"-0,52695"
"14,46000";"15,34699";"-0,53216"
"14,47000";"15,33211";"-0,53216"
"14,48000";"15,31712";"-0,52614"
"14,49000";"15,30201";"-0,52557"
"14,50000";"15,28701";"-0,52688"
"14,51000";"15,27214";"-0,52079"
"14,52000";"15,25715";"-0,52335"
"14,53000";"15,24203";"-0,52659"
"14,54000";"15,22704";"-0,53083"
"14,55000";"15,21217";"-0,52986"
"14,56000";"15,19717";"-0,52281"
"14,57000";"15,18206";"-0,51220"
"14,58000";"15,16707";"-0,50970"
"14,59000";"15,15208";"-0,51076"
"14,60000";"15,13720";"-0,50642"
"14,61000";"15,12197";"-0,49689"
"14,62000";"15,10698";"-0,49453"
"14,63000";"15,09210";"-0,49248"
"14,64000";"15,07735";"-0,48851"
"14,65000";"15,06223";"-0,48776"
"14,66000";"15,04724";"-0,48415"
"14,67000";"15,03213";"-0,48308"
"14,68000";"15,01714";"-0,47785"
"14,69000";"15,00215";"-0,47163"
"14,70000";"14,98703";"-0,46081"
"14,71000";"14,97216";"-0,45336"
"14,72000";"14,95728";"-0,44519"
"14,73000";"14,94229";"-0,43295"
"14,74000";"14,92730";"-0,41767"
"14,75000";"14,91219";"-0,40796"
"14,76000";"14,89719";"-0,39249"
"14,77000";"14,88220";"-0,38421"
"14,78000";"14,86709";"-0,37669"
"14,79000";"14,85210";"-0,38391"
"14,80000";"14,83722";"-0,39006"
"14,81000";"14,82223";"-0,39528"
"14,82000";"14,80700";"-0,39728"
"14,83000";"14,79201";"-0,39443"
"14,84000";"14,77713";"-0,39433"
"14,85000";"14,76214";"-0,38566"
"14,86000";"14,74714";"-0,38481"
"14,87000";"14,73215";"-0,39475"
"14,88000";"14,71728";"-0,40183"
"14,89000";"14,70228";"-0,40143"
"14,90000";"14,68717";"-0,39782"
"14,91000";"14,67206";"-0,39537"
"14,92000";"14,65707";"-0,38599"
"14,93000";"14,64219";"-0,37252"
"14,94000";"14,62708";"-0,36471"
"14,95000";"14,61197";"-0,35792"
"14,96000";"14,59698";"-0,34903"
"14,97000";"14,58199";"-0,33928"
"14,98000";"14,56687";"-0,33002"
"14,99000";"14,55176";"-0,32217"
"15,00000";"14,53677";"-0,31919"
"15,01000";"14,52190";"-0,31490"
"15,02000";"14,50690";"-0,29897"
"15,03000";"14,49179";"-0,28715"
"15,04000";"14,47680";"-0,28015"
"15,05000";"14,46181";"-0,28231"
"15,06000";"14,44693";"-0,28659"
"15,07000";"14,43170";"-0,27912"
"15,08000";"14,41671";"-0,26943"
"15,09000";"14,40183";"-0,25882"
"15,10000";"14,38696";"-0,25129"
"15,11000";"14,37185";"-0,25196"
"15,12000";"14,35685";"-0,25425"
"15,13000";"14,34186";"-0,25702"
"15,14000";"14,32687";"-0,24583"
"15,15000";"14,31164";"-0,22936"
"15,16000";"14,29665";"-0,21673"
"15,17000";"14,28189";"-0,19728"
"15,18000";"14,26701";"-0,18718"
"15,19000";"14,25190";"-0,18585"
"15,20000";"14,23679";"-0,19674"
"15,21000";"14,22180";"-0,20226"
"15,22000";"14,20681";"-0,19873"
"15,23000";"14,19169";"-0,19001"
"15,24000";"14,17670";"-0,18810"
"15,25000";"14,16194";"-0,18744"
"15,26000";"14,14707";"-0,18492"
"15,27000";"14,13208";"-0,18544"
"15,28000";"14,11697";"-0,19590"
"15,29000";"14,10197";"-0,20750"
"15,30000";"14,08698";"-0,20563"
"15,31000";"14,07187";"-0,20573"
"15,32000";"14,05688";"-0,19433"
"15,33000";"14,04188";"-0,18423"
"15,34000";"14,02713";"-0,18116"
"15,35000";"14,01225";"-0,17248"
"15,36000";"13,99714";"-0,15939"
"15,37000";"13,98226";"-0,15799"
"15,38000";"13,96739";"-0,15923"
"15,39000";"13,95240";"-0,15706"
"15,40000";"13,93729";"-0,16201"
"15,41000";"13,92229";"-0,15962"
"15,42000";"13,90742";"-0,15749"
"15,43000";"13,89242";"-0,15785"
"15,44000";"13,87719";"-0,15251"
"15,45000";"13,86208";"-0,14679"
"15,46000";"13,84709";"-0,14346"
"15,47000";"13,83210";"-0,14390"
"15,48000";"13,81710";"-0,14574"
"15,49000";"13,80211";"-0,14869"
"15,50000";"13,78712";"-0,15612"
"15,51000";"13,77212";"-0,15945"
"15,52000";"13,75690";"-0,15340"
"15,53000";"13,74179";"-0,15245"
"15,54000";"13,72679";"-0,15241"
"15,55000";"13,71180";"-0,14605"
"15,56000";"13,69681";"-0,14105"
"15,57000";"13,68181";"-0,13289"
"15,58000";"13,66694";"-0,13494"
"15,59000";"13,65218";"-0,13883"
"15,60000";"13,63707";"-0,13573"
"15,61000";"13,62196";"-0,12887"
"15,62000";"13,60697";"-0,12938"
"15,63000";"13,59197";"-0,12069"
"15,64000";"13,57710";"-0,11329"
"15,65000";"13,56199";"-0,10750"
"15,66000";"13,54699";"-0,10616"
"15,67000";"13,53212";"-0,10383"
"15,68000";"13,51712";"-0,10392"
"15,69000";"13,50190";"-0,10246"
"15,70000";"13,48690";"-0,10157"
"15,71000";"13,47191";"-0,09902"
"15,72000";"13,45704";"-0,09517"
"15,73000";"13,44204";"-0,09283"
"15,74000";"13,42705";"-0,08487"
"15,75000";"13,41206";"-0,08410"
"15,76000";"13,39718";"-0,09214"
"15,77000";"13,38195";"-0,09948"
"15,78000";"13,36684";"-0,10461"
"15,79000";"13,35185";"-0,10624"
"15,80000";"13,33709";"-0,10903"
"15,81000";"13,32210";"-0,10755"
"15,82000";"13,30699";"-0,10556"
"15,83000";"13,29199";"-0,10681"
"15,84000";"13,27700";"-0,09939"
"15,85000";"13,26189";"-0,09037"
"15,86000";"13,24678";"-0,09283"
"15,87000";"13,23178";"-0,10192"
"15,88000";"13,21703";"-0,10797"
"15,89000";"13,20203";"-0,11352"
"15,90000";"13,18704";"-0,11383"
"15,91000";"13,17205";"-0,10250"
"15,92000";"13,15706";"-0,09377"
"15,93000";"13,14194";"-0,08864"
"15,94000";"13,12671";"-0,08430"
"15,95000";"13,11184";"-0,08065"
"15,96000";"13,09697";"-0,08284"
"15,97000";"13,08209";"-0,08688"
"15,98000";"13,06698";"-0,09043"
"15,99000";"13,05187";"-0,08810"
"16,00000";"13,03687";"-0,07905"
"16,01000";"13,02200";"-0,07521"
"16,02000";"13,00677";"-0,07117"
"16,03000";"12,99178";"-0,06698"
"16,04000";"12,97690";"-0,06889"
"16,05000";"12,96203";"-0,07404"
"16,06000";"12,94703";"-0,07166"
"16,07000";"12,93204";"-0,06756"
"16,08000";"12,91705";"-0,06994"
"16,09000";"12,90205";"-0,07382"
"16,10000";"12,88706";"-0,07623"
"16,11000";"12,87195";"-0,07779"
"16,12000";"12,85708";"-0,07921"
"16,13000";"12,84220";"-0,09015"
"16,14000";"12,82709";"-0,09678"
"16,15000";"12,81198";"-0,10222"
"16,16000";"12,79699";"-0,10911"
"16,17000";"12,78199";"-0,10720"
"16,18000";"12,76700";"-0,08842"
"16,19000";"12,75189";"-0,06682"
"16,20000";"12,73701";"-0,06625"
"16,21000";"12,72214";"-0,06448"
"16,22000";"12,70703";"-0,05472"
"16,23000";"12,69192";"-0,05136"
"16,24000";"12,67681";"-0,05485"
"16,25000";"12,66181";"-0,06465"
"16,26000";"12,64682";"-0,07125"
"16,27000";"12,63183";"-0,07418"
"16,28000";"12,61683";"-0,07570"
"16,29000";"12,60184";"-0,07431"
"16,30000";"12,58697";"-0,07083"
"16,31000";"12,57197";"-0,06705"
"16,32000";"12,55686";"-0,06434"
"16,33000";"12,54175";"-0,06702"
"16,34000";"12,52688";"-0,06516"
"16,35000";"12,51188";"-0,05679"
"16,36000";"12,49689";"-0,05642"
"16,37000";"12,48190";"-0,06107"
"16,38000";"12,46690";"-0,06044"
"16,39000";"12,45191";"-0,05660"
"16,40000";"12,43692";"-0,05222"
"16,41000";"12,42180";"-0,05624"
"16,42000";"12,40693";"-0,05747"
"16,43000";"12,39206";"-0,05529"
"16,44000";"12,37706";"-0,05330"
"16,45000";"12,36207";"-0,05871"
"16,46000";"12,34696";"-0,06685"
"16,47000";"12,33196";"-0,07810"
"16,48000";"12,31697";"-0,07898"
"16,49000";"12,30186";"-0,07466"
"16,50000";"12,28687";"-0,07140"
"16,51000";"12,27188";"-0,07222"
"16,52000";"12,25700";"-0,07303"
"16,53000";"12,24201";"-0,06747"
"16,54000";"12,22701";"-0,06551"
"16,55000";"12,21202";"-0,06630"
"16,56000";"12,19691";"-0,06324"
"16,57000";"12,18180";"-0,05677"
"16,58000";"12,16681";"-0,05490"
"16,59000";"12,15193";"-0,05611"
"16,60000";"12,13694";"-0,05767"
"16,61000";"12,12206";"-0,06461"
"16,62000";"12,10707";"-0,07128"
"16,63000";"12,09219";"-0,07278"
"16,64000";"12,07720";"-0,07313"
"16,65000";"12,06221";"-0,07812"
"16,66000";"12,04710";"-0,07755"
"16,67000";"12,03222";"-0,07011"
"16,68000";"12,01723";"-0,05920"
"16,69000";"12,00212";"-0,05749"
"16,70000";"11,98689";"-0,05705"
"16,71000";"11,97190";"-0,06295"
"16,72000";"11,95679";"-0,06584"
"16,73000";"11,94179";"-0,06759"
"16,74000";"11,92680";"-0,06592"
"16,75000";"11,91192";"-0,06349"
"16,76000";"11,89705";"-0,06118"
"16,77000";"11,88206";"-0,06181"
"16,78000";"11,86695";"-0,06879"
"16,79000";"11,85195";"-0,08014"
"16,80000";"11,83696";"-0,08551"
"16,81000";"11,82185";"-0,07853"
"16,82000";"11,80685";"-0,07405"
"16,83000";"11,79186";"-0,06712"
"16,84000";"11,77710";"-0,06819"
"16,85000";"11,76211";"-0,07085"
"16,86000";"11,74700";"-0,07007"
"16,87000";"11,73201";"-0,06532"
"16,88000";"11,71701";"-0,06440"
"16,89000";"11,70214";"-0,06015"
"16,90000";"11,68703";"-0,06179"
"16,91000";"11,67204";"-0,06637"
"16,92000";"11,65693";"-0,06961"
"16,93000";"11,64193";"-0,07112"
"16,94000";"11,62694";"-0,07053"
"16,95000";"11,61195";"-0,07074"
"16,96000";"11,59683";"-0,06963"
"16,97000";"11,58196";"-0,06108"
"16,98000";"11,56697";"-0,04881"
"16,99000";"11,55197";"-0,05023"
"17,00000";"11,53698";"-0,06022"
"17,01000";"11,52199";"-0,06553"
"17,02000";"11,50699";"-0,06176"
"17,03000";"11,49200";"-0,05594"
"17,04000";"11,47689";"-0,05508"
"17,05000";"11,46201";"-0,05468"
"17,06000";"11,44714";"-0,05241"
"17,07000";"11,43215";"-0,05483"
"17,08000";"11,41715";"-0,06172"
"17,09000";"11,40216";"-0,07596"
"17,10000";"11,38717";"-0,08256"
"17,11000";"11,37206";"-0,08282"
"17,12000";"11,35683";"-0,08086"
"17,13000";"11,34183";"-0,08052"
"17,14000";"11,32684";"-0,07529"
"17,15000";"11,31185";"-0,06915"
"17,16000";"11,29685";"-0,07072"
"17,17000";"11,28186";"-0,07325"
"17,18000";"11,26710";"-0,07917"
"17,19000";"11,25211";"-0,07955"
"17,20000";"11,23700";"-0,07474"
"17,21000";"11,22213";"-0,07335"
"17,22000";"11,20713";"-0,06977"
"17,23000";"11,19214";"-0,05850"
"17,24000";"11,17703";"-0,05517"
"17,25000";"11,16203";"-0,05672"
"17,26000";"11,14716";"-0,05758"
"17,27000";"11,13217";"-0,05895"
"17,28000";"11,11694";"-0,06572"
"17,29000";"11,10194";"-0,06226"
"17,30000";"11,08707";"-0,06499"
"17,31000";"11,07208";"-0,06672"
"17,32000";"11,05696";"-0,06023"
"17,33000";"11,04197";"-0,05531"
"17,34000";"11,02698";"-0,05333"
"17,35000";"11,01187";"-0,04395"
"17,36000";"10,99688";"-0,04305"
"17,37000";"10,98176";"-0,04557"
"17,38000";"10,96701";"-0,04913"
"17,39000";"10,95213";"-0,05195"
"17,40000";"10,93702";"-0,05396"
"17,41000";"10,92191";"-0,06245"
"17,42000";"10,90692";"-0,06693"
"17,43000";"10,89192";"-0,07496"
"17,44000";"10,87681";"-0,07666"
"17,45000";"10,86182";"-0,08391"
"17,46000";"10,84683";"-0,08503"
"17,47000";"10,83195";"-0,08057"
"17,48000";"10,81696";"-0,07786"
"17,49000";"10,80185";"-0,07755"
"17,50000";"10,78686";"-0,07878"
"17,51000";"10,77186";"-0,08146"
"17,52000";"10,75699";"-0,07867"
"17,53000";"10,74199";"-0,07414"
"17,54000";"10,72700";"-0,07362"
"17,55000";"10,71213";"-0,07211"
"17,56000";"10,69725";"-0,07202"
"17,57000";"10,68214";"-0,07091"
"17,58000";"10,66715";"-0,07567"
"17,59000";"10,65215";"-0,07854"
"17,60000";"10,63716";"-0,07097"
"17,61000";"10,62217";"-0,06591"
"17,62000";"10,60717";"-0,06128"
"17,63000";"10,59230";"-0,05991"
"17,64000";"10,57742";"-0,05741"
"17,65000";"10,56231";"-0,05698"
"17,66000";"10,54720";"-0,05538"
"17,67000";"10,53221";"-0,05394"
"17,68000";"10,51722";"-0,06125"
"17,69000";"10,50234";"-0,06777"
"17,70000";"10,48735";"-0,07537"
"17,71000";"10,47235";"-0,08024"
"17,72000";"10,45736";"-0,08021"
"17,73000";"10,44237";"-0,07353"
"17,74000";"10,42714";"-0,06650"
"17,75000";"10,41215";"-0,06647"
"17,76000";"10,39715";"-0,06851"
"17,77000";"10,38216";"-0,06416"
"17,78000";"10,36705";"-0,05843"
"17,79000";"10,35206";"-0,05355"
"17,80000";"10,33718";"-0,05214"
"17,81000";"10,32219";"-0,04854"
"17,82000";"10,30696";"-0,04294"
"17,83000";"10,29197";"-0,04721"
"17,84000";"10,27697";"-0,05265"
"17,85000";"10,26210";"-0,05876"
"17,86000";"10,24699";"-0,05305"
"17,87000";"10,23199";"-0,04655"
"17,88000";"10,21712";"-0,04487"
"17,89000";"10,20224";"-0,04460"
"17,90000";"10,18713";"-0,04793"
"17,91000";"10,17202";"-0,05600"
"17,92000";"10,15715";"-0,05946"
"17,93000";"10,14204";"-0,05465"
"17,94000";"10,12692";"-0,05528"
"17,95000";"10,11181";"-0,05436"
"17,96000";"10,09670";"-0,05254"
"17,97000";"10,08171";"-0,04825"
"17,98000";"10,06660";"-0,04588"
"17,99000";"10,05160";"-0,04382"
"18,00000";"10,03673";"-0,03840"
"18,01000";"10,02197";"-0,03481"
"18,02000";"10,00698";"-0,03339"
"18,03000";"9,99187";"-0,03289"
"18,04000";"9,97688";"-0,04079"
"18,05000";"9,96200";"-0,03717"
"18,06000";"9,94701";"-0,03136"
"18,07000";"9,93178";"-0,02885"
"18,08000";"9,91690";"-0,03113"
"18,09000";"9,90203";"-0,03411"
"18,10000";"9,88703";"-0,03547"
"18,11000";"9,87192";"-0,03459"
"18,12000";"9,85693";"-0,03000"
"18,13000";"9,84194";"-0,01622"
"18,14000";"9,82683";"-0,00810"
"18,15000";"9,81183";"-0,00982"
"18,16000";"9,79684";"-0,01646"
"18,17000";"9,78197";"-0,01659"
"18,18000";"9,76709";"-0,01446"
"18,19000";"9,75210";"-0,01749"
"18,20000";"9,73699";"-0,02322"
"18,21000";"9,72211";"-0,02324"
"18,22000";"9,70724";"-0,02541"
"18,23000";"9,69213";"-0,02862"
"18,24000";"9,67701";"-0,03012"
"18,25000";"9,66214";"-0,03596"
"18,26000";"9,64726";"-0,03946"
"18,27000";"9,63215";"-0,04642"
"18,28000";"9,61704";"-0,04528"
"18,29000";"9,60205";"-0,03988"
"18,30000";"9,58717";"-0,03176"
"18,31000";"9,57206";"-0,01520"
"18,32000";"9,55707";"-0,01362"
"18,33000";"9,54220";"-0,02214"
"18,34000";"9,52732";"-0,03157"
"18,35000";"9,51221";"-0,03037"
"18,36000";"9,49710";"-0,02667"
"18,37000";"9,48199";"-0,02619"
"18,38000";"9,46711";"-0,02521"
"18,39000";"9,45212";"-0,02093"
"18,40000";"9,43701";"-0,01585"
"18,41000";"9,42213";"-0,01616"
"18,42000";"9,40726";"-0,01391"
"18,43000";"9,39226";"-0,01198"
"18,44000";"9,37704";"-0,01893"
"18,45000";"9,36192";"-0,02875"
"18,46000";"9,34693";"-0,04149"
"18,47000";"9,33206";"-0,03774"
"18,48000";"9,31694";"-0,03510"
"18,49000";"9,30195";"-0,03346"
"18,50000";"9,28708";"-0,03069"
"18,51000";"9,27220";"-0,02774"
"18,52000";"9,25709";"-0,02540"
"18,53000";"9,24198";"-0,02409"
"18,54000";"9,22699";"-0,03762"
"18,55000";"9,21211";"-0,03722"
"18,56000";"9,19712";"-0,03053"
"18,57000";"9,18189";"-0,02849"
"18,58000";"9,16690";"-0,02819"
"18,59000";"9,15202";"-0,03069"
"18,60000";"9,13703";"-0,02904"
"18,61000";"9,12192";"-0,02199"
"18,62000";"9,10692";"-0,02034"
"18,63000";"9,09205";"-0,02420"
"18,64000";"9,07717";"-0,02235"
"18,65000";"9,06206";"-0,02954"
"18,66000";"9,04695";"-0,03957"
"18,67000";"9,03196";"-0,03629"
"18,68000";"9,01708";"-0,02159"
"18,69000";"9,00185";"-0,01475"
"18,70000";"8,98674";"-0,01680"
"18,71000";"8,97187";"-0,02569"
"18,72000";"8,95699";"-0,03186"
"18,73000";"8,94188";"-0,03244"
"18,74000";"8,92677";"-0,03151"
"18,75000";"8,91190";"-0,02894"
"18,76000";"8,89690";"-0,02516"
"18,77000";"8,88191";"-0,02136"
"18,78000";"8,86680";"-0,01311"
"18,79000";"8,85192";"-0,01451"
"18,80000";"8,83717";"-0,02106"
"18,81000";"8,82217";"-0,01889"
"18,82000";"8,80694";"-0,02066"
"18,83000";"8,79195";"-0,02403"
"18,84000";"8,77696";"-0,02981"
"18,85000";"8,76197";"-0,02807"
"18,86000";"8,74685";"-0,03298"
"18,87000";"8,73198";"-0,03769"
"18,88000";"8,71722";"-0,04048"
"18,89000";"8,70223";"-0,03915"
"18,90000";"8,68712";"-0,04295"
"18,91000";"8,67213";"-0,04416"
"18,92000";"8,65713";"-0,04404"
"18,93000";"8,64214";"-0,04758"
"18,94000";"8,62703";"-0,05290"
"18,95000";"8,61203";"-0,05806"
"18,96000";"8,59728";"-0,06202"
"18,97000";"8,58228";"-0,05376"
"18,98000";"8,56729";"-0,05188"
"18,99000";"8,55206";"-0,04942"
"19,00000";"8,53707";"-0,04588"
"19,01000";"8,52196";"-0,04392"
"19,02000";"8,50685";"-0,03946"
"19,03000";"8,49185";"-0,03867"
"19,04000";"8,47698";"-0,04419"
"19,05000";"8,46199";"-0,04427"
"19,06000";"8,44687";"-0,04206"
"19,07000";"8,43176";"-0,04522"
"19,08000";"8,41665";"-0,04227"
"19,09000";"8,40166";"-0,04148"
"19,10000";"8,38679";"-0,03753"
"19,11000";"8,37167";"-0,04603"
"19,12000";"8,35680";"-0,04815"
"19,13000";"8,34192";"-0,04702"
"19,14000";"8,32705";"-0,05035"
"19,15000";"8,31194";"-0,04635"
"19,16000";"8,29695";"-0,03892"
"19,17000";"8,28195";"-0,03112"
"19,18000";"8,26696";"-0,03234"
"19,19000";"8,25185";"-0,03455"
"19,20000";"8,23685";"-0,03949"
"19,21000";"8,22198";"-0,04465"
"19,22000";"8,20699";"-0,04600"
"19,23000";"8,19188";"-0,04640"
"19,24000";"8,17676";"-0,04677"
"19,25000";"8,16189";"-0,04534"
"19,26000";"8,14701";"-0,04326"
"19,27000";"8,13202";"-0,03938"
"19,28000";"8,11703";"-0,04446"
"19,29000";"8,10192";"-0,04828"
"19,30000";"8,08692";"-0,05422"
"19,31000";"8,07193";"-0,05277"
"19,32000";"8,05682";"-0,04476"
"19,33000";"8,04183";"-0,04865"
"19,34000";"8,02695";"-0,05217"
"19,35000";"8,01208";"-0,04598"
"19,36000";"7,99708";"-0,04178"
"19,37000";"7,98197";"-0,04222"
"19,38000";"7,96698";"-0,04453"
"19,39000";"7,95199";"-0,05002"
"19,40000";"7,93688";"-0,06086"
"19,41000";"7,92188";"-0,06814"
"19,42000";"7,90712";"-0,06591"
"19,43000";"7,89225";"-0,05792"
"19,44000";"7,87726";"-0,05757"
"19,45000";"7,86203";"-0,06359"
"19,46000";"7,84704";"-0,06709"
"19,47000";"7,83204";"-0,06743"
"19,48000";"7,81693";"-0,06338"
"19,49000";"7,80182";"-0,05893"
"19,50000";"7,78694";"-0,05442"
"19,51000";"7,77207";"-0,04945"
"19,52000";"7,75708";"-0,05848"
"19,53000";"7,74208";"-0,05879"
"19,54000";"7,72709";"-0,05852"
"19,55000";"7,71210";"-0,06205"
"19,56000";"7,69710";"-0,05464"
"19,57000";"7,68199";"-0,05622"
"19,58000";"7,66712";"-0,05552"
"19,59000";"7,65224";"-0,05698"
"19,60000";"7,63725";"-0,05468"
"19,61000";"7,62214";"-0,05250"
"19,62000";"7,60703";"-0,05069"
"19,63000";"7,59203";"-0,04680"
"19,64000";"7,57692";"-0,04296"
"19,65000";"7,56169";"-0,04309"
"19,66000";"7,54670";"-0,04316"
"19,67000";"7,53183";"-0,04941"
"19,68000";"7,51695";"-0,05777"
"19,69000";"7,50184";"-0,06517"
"19,70000";"7,48685";"-0,06700"
"19,71000";"7,47185";"-0,06973"
"19,72000";"7,45686";"-0,06169"
"19,73000";"7,44187";"-0,06366"
"19,74000";"7,42687";"-0,06442"
"19,75000";"7,41200";"-0,07256"
"19,76000";"7,39713";"-0,07713"
"19,77000";"7,38201";"-0,06740"
"19,78000";"7,36702";"-0,05910"
"19,79000";"7,35191";"-0,05360"
"19,80000";"7,33692";"-0,05408"
"19,81000";"7,32181";"-0,05938"
"19,82000";"7,30681";"-0,05658"
"19,83000";"7,29194";"-0,05276"
"19,84000";"7,27694";"-0,04345"
"19,85000";"7,26195";"-0,04243"
"19,86000";"7,24684";"-0,04688"
"19,87000";"7,23185";"-0,05278"
"19,88000";"7,21685";"-0,04959"
"19,89000";"7,20186";"-0,04302"
"19,90000";"7,18699";"-0,04408"
"19,91000";"7,17199";"-0,04982"
"19,92000";"7,15712";"-0,04964"
"19,93000";"7,14212";"-0,05161"
"19,94000";"7,12690";"-0,04937"
"19,95000";"7,11178";"-0,05137"
"19,96000";"7,09679";"-0,05595"
"19,97000";"7,08192";"-0,04959"
"19,98000";"7,06692";"-0,04767"
"19,99000";"7,05193";"-0,05336"
"20,00000";"7,03694";"-0,06321"
"20,01000";"7,02194";"-0,06900"
"20,02000";"7,00695";"-0,06361"
"20,03000";"6,99184";"-0,05887"
"20,04000";"6,97697";"-0,05241"
"20,05000";"6,96209";"-0,04962"
"20,06000";"6,94722";"-0,04184"
"20,07000";"6,93222";"-0,03732"
"20,08000";"6,91723";"-0,04104"
"20,09000";"6,90235";"-0,04720"
"20,10000";"6,88724";"-0,05229"
"20,11000";"6,87201";"-0,05102"
"20,12000";"6,85702";"-0,05156"
"20,13000";"6,84203";"-0,05113"
"20,14000";"6,82715";"-0,05014"
"20,15000";"6,81204";"-0,04625"
"20,16000";"6,79705";"-0,04570"
"20,17000";"6,78206";"-0,04861"
"20,18000";"6,76706";"-0,05151"
"20,19000";"6,75195";"-0,05353"
"20,20000";"6,73684";"-0,05319"
"20,21000";"6,72208";"-0,04933"
"20,22000";"6,70721";"-0,04607"
"20,23000";"6,69210";"-0,04812"
"20,24000";"6,67699";"-0,04958"
"20,25000";"6,66188";"-0,05370"
"20,26000";"6,64676";"-0,05769"
"20,27000";"6,63177";"-0,05884"
"20,28000";"6,61666";"-0,06168"
"20,29000";"6,60178";"-0,07179"
"20,30000";"6,58703";"-0,07799"
"20,31000";"6,57215";"-0,07231"
"20,32000";"6,55704";"-0,07037"
"20,33000";"6,54205";"-0,07485"
"20,34000";"6,52706";"-0,06907"
"20,35000";"6,51194";"-0,05848"
"20,36000";"6,49695";"-0,04580"
"20,37000";"6,48196";"-0,04502"
"20,38000";"6,46708";"-0,04115"
"20,39000";"6,45209";"-0,03595"
"20,40000";"6,43710";"-0,04148"
"20,41000";"6,42210";"-0,05002"
"20,42000";"6,40711";"-0,05606"
"20,43000";"6,39212";"-0,04758"
"20,44000";"6,37724";"-0,04629"
"20,45000";"6,36225";"-0,05047"
"20,46000";"6,34714";"-0,06387"
"20,47000";"6,33215";"-0,06612"
"20,48000";"6,31715";"-0,07098"
"20,49000";"6,30216";"-0,07011"
"20,50000";"6,28705";"-0,07044"
"20,51000";"6,27206";"-0,06900"
"20,52000";"6,25694";"-0,06849"
"20,53000";"6,24183";"-0,06035"
"20,54000";"6,22684";"-0,05785"
"20,55000";"6,21185";"-0,05900"
"20,56000";"6,19685";"-0,05630"
"20,57000";"6,18174";"-0,05188"
"20,58000";"6,16663";"-0,04619"
"20,59000";"6,15164";"-0,04679"
"20,60000";"6,13676";"-0,05210"
"20,61000";"6,12177";"-0,06110"
"20,62000";"6,10690";"-0,06725"
"20,63000";"6,09202";"-0,06814"
"20,64000";"6,07703";"-0,06057"
"20,65000";"6,06204";"-0,05744"
"20,66000";"6,04692";"-0,06165"
"20,67000";"6,03193";"-0,06782"
"20,68000";"6,01706";"-0,07102"
"20,69000";"6,00194";"-0,07241"
"20,70000";"5,98695";"-0,06570"
"20,71000";"5,97196";"-0,05664"
"20,72000";"5,95708";"-0,05437"
"20,73000";"5,94209";"-0,06064"
"20,74000";"5,92698";"-0,05930"
"20,75000";"5,91199";"-0,05031"
"20,76000";"5,89711";"-0,05101"
"20,77000";"5,88224";"-0,05449"
"20,78000";"5,86713";"-0,05355"
"20,79000";"5,85213";"-0,05565"
"20,80000";"5,83702";"-0,05979"
"20,81000";"5,82203";"-0,05154"
"20,82000";"5,80692";"-0,04745"
"20,83000";"5,79204";"-0,05111"
"20,84000";"5,77717";"-0,05027"
"20,85000";"5,76229";"-0,05116"
"20,86000";"5,74706";"-0,04770"
"20,87000";"5,73207";"-0,04954"
"20,88000";"5,71719";"-0,05205"
"20,89000";"5,70220";"-0,04694"
"20,90000";"5,68709";"-0,04996"
"20,91000";"5,67186";"-0,05605"
"20,92000";"5,65699";"-0,06079"
"20,93000";"5,64211";"-0,05828"
"20,94000";"5,62700";"-0,05072"
"20,95000";"5,61189";"-0,04733"
"20,96000";"5,59690";"-0,04603"
"20,97000";"5,58190";"-0,03380"
"20,98000";"5,56679";"-0,02833"
"20,99000";"5,55180";"-0,03662"
"21,00000";"5,53692";"-0,05019"
"21,01000";"5,52217";"-0,05348"
"21,02000";"5,50717";"-0,04982"
"21,03000";"5,49206";"-0,04578"
"21,04000";"5,47695";"-0,04717"
"21,05000";"5,46208";"-0,04783"
"21,06000";"5,44697";"-0,05398"
"21,07000";"5,43185";"-0,06559"
"21,08000";"5,41698";"-0,06826"
"21,09000";"5,40210";"-0,06803"
"21,10000";"5,38711";"-0,06365"
"21,11000";"5,37200";"-0,06345"
"21,12000";"5,35701";"-0,06079"
"21,13000";"5,34201";"-0,05723"
"21,14000";"5,32702";"-0,05251"
"21,15000";"5,31203";"-0,05598"
"21,16000";"5,29715";"-0,06279"
"21,17000";"5,28228";"-0,06468"
"21,18000";"5,26728";"-0,06188"
"21,19000";"5,25217";"-0,06388"
"21,20000";"5,23706";"-0,06266"
"21,21000";"5,22207";"-0,05854"
"21,22000";"5,20708";"-0,05381"
"21,23000";"5,19208";"-0,05240"
"21,24000";"5,17697";"-0,04796"
"21,25000";"5,16210";"-0,05697"
"21,26000";"5,14722";"-0,06126"
"21,27000";"5,13211";"-0,06045"
"21,28000";"5,11700";"-0,06122"
"21,29000";"5,10189";"-0,06058"
"21,30000";"5,08690";"-0,05378"
"21,31000";"5,07202";"-0,05205"
"21,32000";"5,05703";"-0,05812"
"21,33000";"5,04215";"-0,06481"
"21,34000";"5,02728";"-0,05882"
"21,35000";"5,01228";"-0,05265"
"21,36000";"4,99706";"-0,05847"
"21,37000";"4,98194";"-0,06593"
"21,38000";"4,96683";"-0,06490"
"21,39000";"4,95184";"-0,06798"
"21,40000";"4,93673";"-0,07368"
"21,41000";"4,92185";"-0,08009"
"21,42000";"4,90686";"-0,07668"
"21,43000";"4,89187";"-0,07144"
"21,44000";"4,87676";"-0,06374"
"21,45000";"4,86165";"-0,05510"
"21,46000";"4,84677";"-0,05198"
"21,47000";"4,83201";"-0,05383"
"21,48000";"4,81714";"-0,05349"
"21,49000";"4,80203";"-0,05679"
"21,50000";"4,78715";"-0,05883"
"21,51000";"4,77228";"-0,05420"
"21,52000";"4,75717";"-0,05361"
"21,53000";"4,74194";"-0,05503"
"21,54000";"4,72694";"-0,05794"
"21,55000";"4,71207";"-0,06011"
"21,56000";"4,69719";"-0,05517"
"21,57000";"4,68208";"-0,05279"
"21,58000";"4,66697";"-0,05729"
"21,59000";"4,65210";"-0,05294"
"21,60000";"4,63710";"-0,05046"
"21,61000";"4,62199";"-0,05061"
"21,62000";"4,60688";"-0,05334"
"21,63000";"4,59201";"-0,05826"
"21,64000";"4,57713";"-0,05440"
"21,65000";"4,56214";"-0,05340"
"21,66000";"4,54715";"-0,05668"
"21,67000";"4,53227";"-0,05957"
"21,68000";"4,51740";"-0,05745"
"21,69000";"4,50228";"-0,05275"
"21,70000";"4,48717";"-0,05144"
"21,71000";"4,47230";"-0,04913"
"21,72000";"4,45742";"-0,04513"
"21,73000";"4,44243";"-0,04802"
"21,74000";"4,42720";"-0,04958"
"21,75000";"4,41221";"-0,05330"
"21,76000";"4,39722";"-0,05077"
"21,77000";"4,38210";"-0,04087"
"21,78000";"4,36699";"-0,03250"
"21,79000";"4,35200";"-0,02875"
"21,80000";"4,33724";"-0,02675"
"21,81000";"4,32225";"-0,02765"
"21,82000";"4,30702";"-0,04055"
"21,83000";"4,29203";"-0,04642"
"21,84000";"4,27703";"-0,05494"
"21,85000";"4,26216";"-0,05642"
"21,86000";"4,24705";"-0,05801"
"21,87000";"4,23206";"-0,05757"
"21,88000";"4,21730";"-0,05291"
"21,89000";"4,20242";"-0,04153"
"21,90000";"4,18719";"-0,02936"
"21,91000";"4,17208";"-0,03687"
"21,92000";"4,15721";"-0,04713"
"21,93000";"4,14233";"-0,04942"
"21,94000";"4,12722";"-0,04666"
"21,95000";"4,11211";"-0,04228"
"21,96000";"4,09724";"-0,04612"
"21,97000";"4,08224";"-0,04426"
"21,98000";"4,06713";"-0,03958"
"21,99000";"4,05190";"-0,03426"
"22,00000";"4,03691";"-0,02700"
"22,01000";"4,02203";"-0,02768"
"22,02000";"4,00692";"-0,03121"
"22,03000";"3,99181";"-0,04339"
"22,04000";"3,97682";"-0,05885"
"22,05000";"3,96194";"-0,06035"
"22,06000";"3,94683";"-0,06020"
"22,07000";"3,93172";"-0,05442"
"22,08000";"3,91661";"-0,05043"
"22,09000";"3,90197";"-0,05107"
"22,10000";"3,88710";"-0,04013"
"22,11000";"3,87187";"-0,02783"
"22,12000";"3,85676";"-0,02024"
"22,13000";"3,84176";"-0,02523"
"22,14000";"3,82677";"-0,02874"
"22,15000";"3,81166";"-0,03403"
"22,16000";"3,79655";"-0,03928"
"22,17000";"3,78167";"-0,04804"
"22,18000";"3,76692";"-0,05813"
"22,19000";"3,75181";"-0,06227"
"22,20000";"3,73669";"-0,06433"
"22,21000";"3,72170";"-0,06587"
"22,22000";"3,70683";"-0,06608"
"22,23000";"3,69172";"-0,06312"
"22,24000";"3,67649";"-0,06085"
"22,25000";"3,66173";"-0,05267"
"22,26000";"3,64685";"-0,04385"
"22,27000";"3,63186";"-0,03064"
"22,28000";"3,61687";"-0,02393"
"22,29000";"3,60187";"-0,02285"
"22,30000";"3,58712";"-0,02421"
"22,31000";"3,57201";"-0,02199"
"22,32000";"3,55690";"-0,02600"
"22,33000";"3,54202";"-0,03139"
"22,34000";"3,52726";"-0,03397"
"22,35000";"3,51239";"-0,03273"
"22,36000";"3,49716";"-0,02941"
"22,37000";"3,48205";"-0,02815"
"22,38000";"3,46706";"-0,02939"
"22,39000";"3,45206";"-0,02666"
"22,40000";"3,43707";"-0,02651"
"22,41000";"3,42208";"-0,03323"
"22,42000";"3,40732";"-0,04046"
"22,43000";"3,39233";"-0,04208"
"22,44000";"3,37722";"-0,03700"
"22,45000";"3,36210";"-0,03121"
"22,46000";"3,34699";"-0,03546"
"22,47000";"3,33200";"-0,03956"
"22,48000";"3,31689";"-0,04045"
"22,49000";"3,30178";"-0,04844"
"22,50000";"3,28690";"-0,04765"
"22,51000";"3,27215";"-0,03735"
"22,52000";"3,25703";"-0,02783"
"22,53000";"3,24192";"-0,02285"
"22,54000";"3,22693";"-0,02396"
"22,55000";"3,21206";"-0,02621"
"22,56000";"3,19694";"-0,02648"
"22,57000";"3,18195";"-0,03328"
"22,58000";"3,16696";"-0,03511"
"22,59000";"3,15197";"-0,03518"
"22,60000";"3,13697";"-0,02844"
"22,61000";"3,12186";"-0,02613"
"22,62000";"3,10687";"-0,03103"
"22,63000";"3,09187";"-0,02357"
"22,64000";"3,07688";"-0,01514"
"22,65000";"3,06189";"-0,01504"
"22,66000";"3,04701";"-0,02342"
"22,67000";"3,03214";"-0,03165"
"22,68000";"3,01715";"-0,03668"
"22,69000";"3,00203";"-0,04696"
"22,70000";"2,98692";"-0,04890"
"22,71000";"2,97205";"-0,04502"
"22,72000";"2,95717";"-0,04479"
"22,73000";"2,94218";"-0,03974"
"22,74000";"2,92707";"-0,03188"
"22,75000";"2,91208";"-0,02873"
"22,76000";"2,89708";"-0,01731"
"22,77000";"2,88197";"-0,00816"
"22,78000";"2,86686";"0,00405"
"22,79000";"2,85175";"0,00559"
"22,80000";"2,83688";"-0,00247"
"22,81000";"2,82200";"-0,01203"
"22,82000";"2,80701";"-0,01169"
"22,83000";"2,79213";"-0,01363"
"22,84000";"2,77714";"-0,01649"
"22,85000";"2,76203";"-0,02051"
"22,86000";"2,74692";"-0,02602"
"22,87000";"2,73181";"-0,02658"
"22,88000";"2,71693";"-0,01727"
"22,89000";"2,70206";"-0,00990"
"22,90000";"2,68694";"-0,00650"
"22,91000";"2,67195";"-0,00212"
"22,92000";"2,65696";"0,00098"
"22,93000";"2,64197";"0,00083"
"22,94000";"2,62685";"0,00105"
"22,95000";"2,61174";"-0,00097"
"22,96000";"2,59687";"-0,01118"
"22,97000";"2,58199";"-0,01229"
"22,98000";"2,56700";"-0,01018"
"22,99000";"2,55189";"-0,01296"
"23,00000";"2,53690";"-0,01318"
"23,01000";"2,52190";"-0,01306"
"23,02000";"2,50679";"-0,01433"
"23,03000";"2,49180";"-0,00870"
"23,04000";"2,47692";"-0,00799"
"23,05000";"2,46217";"-0,00003"
"23,06000";"2,44717";"0,00301"
"23,07000";"2,43194";"0,00759"
"23,08000";"2,41683";"0,00871"
"23,09000";"2,40184";"0,00409"
"23,10000";"2,38673";"0,00893"
"23,11000";"2,37162";"0,01403"
"23,12000";"2,35674";"0,01058"
"23,13000";"2,34199";"0,00385"
"23,14000";"2,32711";"0,00476"
"23,15000";"2,31212";"0,01135"
"23,16000";"2,29701";"0,01673"
"23,17000";"2,28213";"0,01801"
"23,18000";"2,26714";"0,01542"
"23,19000";"2,25203";"0,01090"
"23,20000";"2,23703";"-0,00155"
"23,21000";"2,22216";"-0,01238"
"23,22000";"2,20717";"-0,01440"
"23,23000";"2,19206";"-0,00350"
"23,24000";"2,17706";"0,00041"
"23,25000";"2,16195";"-0,00512"
"23,26000";"2,14696";"-0,00800"
"23,27000";"2,13185";"-0,00523"
"23,28000";"2,11697";"0,00023"
"23,29000";"2,10198";"0,00688"
"23,30000";"2,08699";"0,00720"
"23,31000";"2,07199";"0,00578"
"23,32000";"2,05688";"-0,00138"
"23,33000";"2,04189";"-0,00839"
"23,34000";"2,02690";"-0,00564"
"23,35000";"2,01190";"-0,00914"
"23,36000";"1,99691";"-0,00112"
"23,37000";"1,98203";"0,00036"
"23,38000";"1,96704";"-0,00607"
"23,39000";"1,95205";"-0,00761"
"23,40000";"1,93694";"-0,01692"
"23,41000";"1,92183";"-0,01944"
"23,42000";"1,90683";"-0,01756"
"23,43000";"1,89184";"-0,00711"
"23,44000";"1,87685";"-0,00054"
"23,45000";"1,86197";"0,00444"
"23,46000";"1,84698";"0,00915"
"23,47000";"1,83199";"0,01437"
"23,48000";"1,81699";"0,01212"
"23,49000";"1,80188";"0,00167"
"23,50000";"1,78689";"-0,00829"
"23,51000";"1,77201";"-0,01282"
"23,52000";"1,75702";"-0,01547"
"23,53000";"1,74203";"-0,01295"
"23,54000";"1,72703";"-0,01400"
"23,55000";"1,71204";"-0,01229"
"23,56000";"1,69705";"-0,00404"
"23,57000";"1,68194";"0,00913"
"23,58000";"1,66694";"0,01085"
"23,59000";"1,65207";"0,00988"
"23,60000";"1,63708";"0,01143"
"23,61000";"1,62208";"0,01363"
"23,62000";"1,60709";"-0,00596"
"23,63000";"1,59210";"-0,01558"
"23,64000";"1,57710";"-0,01035"
"23,65000";"1,56199";"-0,00637"
"23,66000";"1,54688";"-0,00337"
"23,67000";"1,53201";"-0,00927"
"23,68000";"1,51701";"-0,01630"
"23,69000";"1,50202";"-0,02821"
"23,70000";"1,48691";"-0,03274"
"23,71000";"1,47192";"-0,02448"
"23,72000";"1,45704";"-0,00994"
"23,73000";"1,44193";"0,00759"
"23,74000";"1,42682";"0,01576"
"23,75000";"1,41194";"0,00877"
"23,76000";"1,39707";"0,00113"
"23,77000";"1,38196";"-0,00550"
"23,78000";"1,36697";"-0,00353"
"23,79000";"1,35185";"-0,00150"
"23,80000";"1,33698";"-0,00054"
"23,81000";"1,32187";"0,00435"
"23,82000";"1,30676";"0,00277"
"23,83000";"1,29188";"-0,00336"
"23,84000";"1,27701";"-0,00633"
"23,85000";"1,26201";"-0,00203"
"23,86000";"1,24702";"-0,00483"
"23,87000";"1,23203";"-0,00684"
"23,88000";"1,21703";"-0,01083"
"23,89000";"1,20216";"-0,01354"
"23,90000";"1,18705";"-0,01749"
"23,91000";"1,17206";"-0,01320"
"23,92000";"1,15718";"-0,00028"
"23,93000";"1,14219";"0,00418"
"23,94000";"1,12708";"0,00746"
"23,95000";"1,11197";"0,00511"
"23,96000";"1,09697";"0,00706"
"23,97000";"1,08210";"0,00449"
"23,98000";"1,06710";"0,00183"
"23,99000";"1,05211";"-0,00312"
"24,00000";"1,03712";"-0,01130"
"24,01000";"1,02201";"-0,01383"
"24,02000";"1,00701";"-0,01093"
"24,03000";"0,99190";"-0,01412"
"24,04000";"0,97679";"-0,01337"
"24,05000";"0,96192";"-0,00801"
"24,06000";"0,94692";"-0,00616"
"24,07000";"0,93193";"-0,00370"
"24,08000";"0,91694";"-0,00565"
"24,09000";"0,90206";"-0,00713"
"24,10000";"0,88707";"-0,00572"
"24,11000";"0,87196";"-0,00444"
"24,12000";"0,85685";"-0,00213"
"24,13000";"0,84185";"-0,00374"
"24,14000";"0,82698";"-0,00114"
"24,15000";"0,81199";"0,00987"
"24,16000";"0,79699";"0,01493"
"24,17000";"0,78212";"0,01292"
"24,18000";"0,76724";"-0,00018"
"24,19000";"0,75225";"-0,00066"
"24,20000";"0,73714";"0,00462"
"24,21000";"0,72215";"0,00492"
"24,22000";"0,70727";"0,00346"
"24,23000";"0,69216";"0,00362"
"24,24000";"0,67705";"0,00402"
"24,25000";"0,66206";"0,00440"
"24,26000";"0,64718";"-0,00038"
"24,27000";"0,63219";"0,00682"
"24,28000";"0,61696";"0,01480"
"24,29000";"0,60197";"0,01470"
"24,30000";"0,58709";"0,01179"
"24,31000";"0,57198";"0,01662"
"24,32000";"0,55687";"0,01564"
"24,33000";"0,54176";"0,00993"
"24,34000";"0,52676";"0,00106"
"24,35000";"0,51189";"-0,00906"
"24,36000";"0,49666";"-0,01254"
"24,37000";"0,48167";"-0,01600"
"24,38000";"0,46679";"-0,01557"
"24,39000";"0,45203";"-0,01599"
"24,40000";"0,43692";"-0,00712"
"24,41000";"0,42181";"0,00494"
"24,42000";"0,40694";"0,00836"
"24,43000";"0,39194";"0,01277"
"24,44000";"0,37683";"0,01531"
"24,45000";"0,36172";"0,01083"
"24,46000";"0,34685";"0,01094"
"24,47000";"0,33209";"0,00851"
"24,48000";"0,31710";"0,00505"
"24,49000";"0,30199";"-0,00261"
"24,50000";"0,28711";"-0,00576"
"24,51000";"0,27224";"-0,00308"
"24,52000";"0,25713";"0,00481"
"24,53000";"0,24190";"0,01463"
"24,54000";"0,22690";"0,01074"
"24,55000";"0,21203";"0,00290"
"24,56000";"0,19715";"-0,00339"
"24,57000";"0,18192";"-0,00797"
"24,58000";"0,16681";"-0,01014"
"24,59000";"0,15194";"-0,01467"
"24,60000";"0,13694";"-0,00959"
"24,61000";"0,12195";"-0,00235"
"24,62000";"0,10696";"0,00110"
"24,63000";"0,09208";"0,00663"
"24,64000";"0,07721";"0,01280"
"24,65000";"0,06222";"0,01193"
"24,66000";"0,04710";"0,00736"
"24,67000";"0,03211";"0,00515"
"24,68000";"0,01724";"0,00151"
"24,69000";"0,00224";"-0,00094"
"24,69200";"-0,00083";"-0,00182"
"24,69400";"-0,00378";"-0,00212"
"24,70400";"-0,01676";"0,00301"
"24,71400";"-0,02385";"0,01602"
"24,72000";"-0,02562";"0,02913"
"24,73000";"-0,02467";"0,04586"
"24,74000";"-0,01948";"0,05612"
"24,75000";"-0,00767";"0,06017"
"24,76000";"0,00956";"0,06195"
"24,77000";"0,02975";"0,05870"
"24,78000";"0,05135";"0,04626"
"24,79000";"0,07308";"0,02571"
"24,80000";"0,09444";"0,00793"
"24,81000";"0,11487";"0,00016"
"24,82000";"0,13447";"-0,00754"
"24,83000";"0,15324";"-0,01754"
"24,84000";"0,17118";"-0,02131"
"24,85000";"0,18877";"-0,02231"
"24,86000";"0,20565";"-0,01983"
"24,87000";"0,22218";"-0,01408"
"24,88000";"0,23847";"-0,00693"
"24,89000";"0,25441";"0,00370"
"24,90000";"0,27011";"0,00708"
"24,91000";"0,28558";"0,00668"
"24,92000";"0,30104";"0,00830"
"24,93000";"0,31651";"0,00429"
"24,94000";"0,33197";"-0,00107"
"24,95000";"0,34708";"-0,00613"
"24,96000";"0,36219";"-0,00448"
"24,97000";"0,37731";"0,00297"
"24,98000";"0,39242";"0,00583"
"24,99000";"0,40741";"0,01274"
"25,00000";"0,42252";"0,02099"
"25,01000";"0,43763";"0,01452"
"25,02000";"0,45286";"0,01015"
"25,03000";"0,46797";"0,00316"
"25,04000";"0,48285";"-0,00735"
"25,05000";"0,49784";"-0,00613"
"25,06000";"0,51283";"-0,00144"
"25,07000";"0,52771";"0,00864"
"25,08000";"0,54282";"0,01364"
"25,09000";"0,55793";"0,00537"
"25,10000";"0,57292";"-0,00146"
"25,11000";"0,58792";"-0,00355"
"25,12000";"0,60291";"0,00049"
"25,13000";"0,61790";"0,00517"
"25,14000";"0,63290";"0,01062"
"25,15000";"0,64801";"0,00542"
"25,16000";"0,66300";"0,00298"
"25,17000";"0,67799";"-0,00457"
"25,18000";"0,69299";"-0,01366"
"25,19000";"0,70786";"-0,01444"
"25,20000";"0,72285";"-0,01299"
"25,21000";"0,73797";"-0,00014"
"25,22000";"0,75296";"0,01037"
"25,23000";"0,76795";"0,00927"
"25,24000";"0,78306";"0,00810"
"25,25000";"0,79806";"0,00184"
"25,26000";"0,81305";"0,00543"
"25,27000";"0,82804";"0,01189"
"25,28000";"0,84292";"0,01111"
"25,29000";"0,85791";"-0,00190"
"25,30000";"0,87278";"-0,00903"
"25,31000";"0,88778";"-0,01015"
"25,32000";"0,90289";"-0,00556"
"25,33000";"0,91788";"-0,00627"
"25,34000";"0,93299";"-0,00192"
"25,35000";"0,94810";"0,00233"
"25,36000";"0,96310";"0,00212"
"25,37000";"0,97797";"-0,00134"
"25,38000";"0,99297";"-0,01059"
"25,39000";"1,00796";"-0,02138"
"25,40000";"1,02295";"-0,02812"
"25,41000";"1,03806";"-0,01837"
"25,42000";"1,05306";"0,00068"
"25,43000";"1,06805";"0,00998"
"25,44000";"1,08304";"0,01054"
"25,45000";"1,09803";"0,00716"
"25,46000";"1,11303";"0,00200"
"25,47000";"1,12814";"-0,00451"
"25,48000";"1,14313";"-0,00375"
"25,49000";"1,15813";"-0,00842"
"25,50000";"1,17300";"-0,00978"
"25,51000";"1,18799";"-0,00748"
"25,52000";"1,20299";"-0,00554"
"25,53000";"1,21798";"0,00184"
"25,54000";"1,23297";"0,00872"
"25,55000";"1,24797";"0,01995"
"25,56000";"1,26296";"0,02141"
"25,57000";"1,27807";"0,02210"
"25,58000";"1,29294";"0,01136"
"25,59000";"1,30794";"0,00000"
"25,60000";"1,32293";"0,00038"
"25,61000";"1,33781";"0,00268"
"25,62000";"1,35280";"0,00067"
"25,63000";"1,36791";"-0,00183"
"25,64000";"1,38302";"-0,00519"
"25,65000";"1,39801";"-0,00141"
"25,66000";"1,41313";"0,00847"
"25,67000";"1,42812";"0,00600"
"25,68000";"1,44311";"0,00264"
"25,69000";"1,45799";"-0,00468"
"25,70000";"1,47298";"-0,00742"
"25,71000";"1,48797";"-0,00772"
"25,72000";"1,50308";"-0,00072"
"25,73000";"1,51808";"0,00634"
"25,74000";"1,53307";"0,01476"
"25,75000";"1,54806";"0,01875"
"25,76000";"1,56306";"0,02267"
"25,77000";"1,57793";"0,01893"
"25,78000";"1,59292";"0,01380"
"25,79000";"1,60803";"0,01135"
"25,80000";"1,62303";"0,00600"
"25,81000";"1,63802";"0,00824"
"25,82000";"1,65301";"0,00849"
"25,83000";"1,66801";"0,00719"
"25,84000";"1,68312";"0,01037"
"25,85000";"1,69799";"0,00811"
"25,86000";"1,71310";"0,00465"
"25,87000";"1,72810";"0,00786"
"25,88000";"1,74309";"0,00712"
"25,89000";"1,75808";"0,00020"
"25,90000";"1,77308";"0,00353"
"25,91000";"1,78807";"0,00711"
"25,92000";"1,80306";"0,00746"
"25,93000";"1,81794";"0,00824"
"25,94000";"1,83293";"0,00776"
"25,95000";"1,84792";"0,00859"
"25,96000";"1,86303";"0,00589"
"25,97000";"1,87803";"0,00146"
"25,98000";"1,89302";"-0,00171"
"25,99000";"1,90801";"0,00250"
"26,00000";"1,92301";"0,00319"
"26,01000";"1,93788";"-0,00303"
"26,02000";"1,95288";"-0,00546"
"26,03000";"1,96787";"-0,00529"
"26,04000";"1,98286";"-0,00444"
"26,05000";"1,99797";"0,00915"
"26,06000";"2,01297";"0,02284"
"26,07000";"2,02796";"0,03615"
"26,08000";"2,04283";"0,03434"
"26,09000";"2,05783";"0,02488"
"26,10000";"2,07282";"0,02203"
"26,11000";"2,08793";"0,01528"
"26,12000";"2,10292";"0,00966"
"26,13000";"2,11792";"0,00863"
"26,14000";"2,13303";"0,00653"
"26,15000";"2,14790";"0,00410"
"26,16000";"2,16290";"0,00093"
"26,17000";"2,17789";"0,00683"
"26,18000";"2,19288";"0,00862"
"26,19000";"2,20788";"0,00852"
"26,20000";"2,22287";"0,01009"
"26,21000";"2,23786";"0,01139"
"26,22000";"2,25285";"0,01371"
"26,23000";"2,26785";"0,01608"
"26,24000";"2,28272";"0,01360"
"26,25000";"2,29772";"0,01806"
"26,26000";"2,31283";"0,03155"
"26,27000";"2,32782";"0,03588"
"26,28000";"2,34293";"0,02605"
"26,29000";"2,35804";"0,02011"
"26,30000";"2,37315";"0,01128"
"26,31000";"2,38815";"0,00449"
"26,32000";"2,40302";"0,00002"
"26,33000";"2,41801";"0,00043"
"26,34000";"2,43301";"0,00597"
"26,35000";"2,44812";"0,01426"
"26,36000";"2,46323";"0,02019"
"26,37000";"2,47822";"0,01563"
"26,38000";"2,49333";"0,01419"
"26,39000";"2,50821";"0,01531"
"26,40000";"2,52308";"0,01652"
"26,41000";"2,53796";"0,01945"
"26,42000";"2,55283";"0,01459"
"26,43000";"2,56783";"0,00480"
"26,44000";"2,58282";"0,00550"
"26,45000";"2,59781";"0,01238"
"26,46000";"2,61281";"0,01720"
"26,47000";"2,62792";"0,01948"
"26,48000";"2,64267";"0,01570"
"26,49000";"2,65755";"0,01077"
"26,50000";"2,67242";"0,00464"
"26,51000";"2,68742";"0,00510"
"26,52000";"2,70241";"0,00899"
"26,53000";"2,71740";"0,00842"
"26,54000";"2,73251";"0,00470"
"26,55000";"2,74751";"-0,00171"
"26,56000";"2,76250";"-0,00125"
"26,57000";"2,77773";"0,00769"
"26,58000";"2,79284";"0,01030"
"26,59000";"2,80807";"0,01395"
"26,60000";"2,82318";"0,01587"
"26,61000";"2,83817";"0,00784"
"26,62000";"2,85328";"0,00712"
"26,63000";"2,86828";"0,01063"
"26,64000";"2,88327";"0,01813"
"26,65000";"2,89826";"0,02546"
"26,66000";"2,91326";"0,02310"
"26,67000";"2,92813";"0,01401"
"26,68000";"2,94324";"0,01650"
"26,69000";"2,95824";"0,01230"
"26,70000";"2,97323";"0,00628"
"26,71000";"2,98822";"0,01178"
"26,72000";"3,00310";"0,01687"
"26,73000";"3,01809";"0,01703"
"26,74000";"3,03308";"0,01651"
"26,75000";"3,04808";"0,01768"
"26,76000";"3,06307";"0,01666"
"26,77000";"3,07794";"0,01964"
"26,78000";"3,09294";"0,01791"
"26,79000";"3,10793";"0,01799"
"26,80000";"3,12281";"0,01769"
"26,81000";"3,13756";"0,01014"
"26,82000";"3,15244";"0,00762"
"26,83000";"3,16743";"0,00773"
"26,84000";"3,18242";"0,01073"
"26,85000";"3,19765";"0,00679"
"26,86000";"3,21288";"0,00761"
"26,87000";"3,22811";"0,00620"
"26,88000";"3,24322";"0,00377"
"26,89000";"3,25833";"0,00579"
"26,90000";"3,27333";"0,00864"
"26,91000";"3,28832";"0,00838"
"26,92000";"3,30331";"0,01300"
"26,93000";"3,31842";"0,01666"
"26,94000";"3,33342";"0,02265"
"26,95000";"3,34817";"0,01815"
"26,96000";"3,36317";"0,02174"
"26,97000";"3,37816";"0,02415"
"26,98000";"3,39315";"0,02314"
"26,99000";"3,40826";"0,02575"
"27,00000";"3,42326";"0,02149"
"27,01000";"3,43837";"0,02115"
"27,02000";"3,45336";"0,01188"
"27,03000";"3,46824";"0,00712"
"27,04000";"3,48323";"0,00979"
"27,05000";"3,49810";"0,00592"
"27,06000";"3,51298";"0,00676"
"27,07000";"3,52785";"0,01026"
"27,08000";"3,54285";"0,01757"
"27,09000";"3,55760";"0,01728"
"27,10000";"3,57260";"0,00746"
"27,11000";"3,58735";"0,00668"
"27,12000";"3,60235";"0,00274"
"27,13000";"3,61746";"-0,00322"
"27,14000";"3,63245";"-0,00062"
"27,15000";"3,64768";"0,00602"
"27,16000";"3,66291";"0,01369"
"27,17000";"3,67790";"0,02369"
"27,18000";"3,69290";"0,02578"
"27,19000";"3,70789";"0,02374"
"27,20000";"3,72288";"0,01655"
"27,21000";"3,73811";"0,01621"
"27,22000";"3,75310";"0,01878"
"27,23000";"3,76833";"0,02904"
"27,24000";"3,78333";"0,03804"
"27,25000";"3,79820";"0,03395"
"27,26000";"3,81319";"0,01842"
"27,27000";"3,82807";"0,00134"
"27,28000";"3,84318";"-0,00069"
"27,29000";"3,85829";"0,00738"
"27,30000";"3,87340";"0,01408"
"27,31000";"3,88840";"0,01300"
"27,32000";"3,90339";"0,00719"
"27,33000";"3,91850";"-0,00077"
"27,34000";"3,93338";"-0,00265"
"27,35000";"3,94825";"0,00090"
"27,36000";"3,96324";"0,00101"
"27,37000";"3,97812";"0,00330"
"27,38000";"3,99299";"0,00983"
"27,39000";"4,00775";"0,01869"
"27,40000";"4,02274";"0,03062"
"27,41000";"4,03762";"0,03777"
"27,42000";"4,05261";"0,03549"
"27,43000";"4,06749";"0,02843"
"27,44000";"4,08260";"0,02407"
"27,45000";"4,09771";"0,01757"
"27,46000";"4,11294";"0,01437"
"27,47000";"4,12805";"0,01541"
"27,48000";"4,14316";"0,01269"
"27,49000";"4,15827";"0,00724"
"27,50000";"4,17338";"0,01014"
"27,51000";"4,18849";"0,01287"
"27,52000";"4,20349";"0,01789"
"27,53000";"4,21848";"0,02323"
"27,54000";"4,23347";"0,02156"
"27,55000";"4,24835";"0,01826"
"27,56000";"4,26322";"0,01652"
"27,57000";"4,27822";"0,01844"
"27,58000";"4,29309";"0,01864"
"27,59000";"4,30797";"0,01475"
"27,60000";"4,32308";"0,01015"
"27,61000";"4,33819";"0,01382"
"27,62000";"4,35330";"0,01182"
"27,63000";"4,36829";"0,01694"
"27,64000";"4,38328";"0,01626"
"27,65000";"4,39816";"0,00909"
"27,66000";"4,41303";"0,01002"
"27,67000";"4,42791";"0,01815"
"27,68000";"4,44290";"0,01885"
"27,69000";"4,45778";"0,01313"
"27,70000";"4,47289";"0,01070"
"27,71000";"4,48776";"0,01485"
"27,72000";"4,50276";"0,01265"
"27,73000";"4,51775";"0,01487"
"27,74000";"4,53274";"0,01791"
"27,75000";"4,54774";"0,02627"
"27,76000";"4,56285";"0,03045"
"27,77000";"4,57796";"0,03103"
"27,78000";"4,59307";"0,03527"
"27,79000";"4,60806";"0,03283"
"27,80000";"4,62317";"0,03075"
"27,81000";"4,63805";"0,02928"
"27,82000";"4,65304";"0,02004"
"27,83000";"4,66804";"0,01542"
"27,84000";"4,68315";"0,01398"
"27,85000";"4,69814";"0,01726"
"27,86000";"4,71325";"0,02768"
"27,87000";"4,72824";"0,03953"
"27,88000";"4,74324";"0,04086"
"27,89000";"4,75823";"0,03607"
"27,90000";"4,77310";"0,02662"
"27,91000";"4,78810";"0,02014"
"27,92000";"4,80309";"0,01153"
"27,93000";"4,81808";"0,01038"
"27,94000";"4,83308";"0,01188"
"27,95000";"4,84807";"0,01481"
"27,96000";"4,86294";"0,01896"
"27,97000";"4,87770";"0,02417"
"27,98000";"4,89258";"0,01830"
"27,99000";"4,90769";"0,01330"
"28,00000";"4,92268";"0,00927"
"28,01000";"4,93779";"0,00837"
"28,02000";"4,95278";"0,00810"
"28,03000";"4,96790";"0,01104"
"28,04000";"4,98289";"0,01150"
"28,05000";"4,99800";"0,00896"
"28,06000";"5,01311";"0,00522"
"28,07000";"5,02810";"0,00483"
"28,08000";"5,04333";"0,00172"
"28,09000";"5,05844";"-0,00067"
"28,10000";"5,07356";"0,00069"
"28,11000";"5,08843";"0,00457"
"28,12000";"5,10331";"0,00431"
"28,13000";"5,11830";"0,00366"
"28,14000";"5,13317";"0,00075"
"28,15000";"5,14805";"0,00254"
"28,16000";"5,16304";"0,00962"
"28,17000";"5,17815";"0,01024"
"28,18000";"5,19315";"0,00485"
"28,19000";"5,20814";"0,00165"
"28,20000";"5,22313";"-0,00049"
"28,21000";"5,23801";"0,00685"
"28,22000";"5,25300";"0,01404"
"28,23000";"5,26799";"0,01756"
"28,24000";"5,28299";"0,02553"
"28,25000";"5,29798";"0,02882"
"28,26000";"5,31297";"0,01840"
"28,27000";"5,32785";"0,00616"
"28,28000";"5,34284";"-0,00050"
"28,29000";"5,35772";"-0,00358"
"28,30000";"5,37283";"-0,00332"
"28,31000";"5,38794";"-0,00316"
"28,32000";"5,40293";"-0,00174"
"28,33000";"5,41804";"-0,00038"
"28,34000";"5,43303";"0,00400"
"28,35000";"5,44803";"0,00372"
"28,36000";"5,46314";"-0,00236"
"28,37000";"5,47813";"-0,00674"
"28,38000";"5,49312";"-0,00428"
"28,39000";"5,50812";"0,00935"
"28,40000";"5,52323";"0,02276"
"28,41000";"5,53810";"0,02376"
"28,42000";"5,55310";"0,02641"
"28,43000";"5,56809";"0,02796"
"28,44000";"5,58308";"0,02342"
"28,45000";"5,59796";"0,02134"
"28,46000";"5,61295";"0,01743"
"28,47000";"5,62794";"0,00787"
"28,48000";"5,64306";"0,00359"
"28,49000";"5,65805";"0,00840"
"28,50000";"5,67304";"0,01414"
"28,51000";"5,68815";"0,01448"
"28,52000";"5,70303";"0,02114"
"28,53000";"5,71802";"0,02404"
"28,54000";"5,73313";"0,02183"
"28,55000";"5,74813";"0,00905"
"28,56000";"5,76312";"-0,00086"
"28,57000";"5,77811";"0,00226"
"28,58000";"5,79299";"0,01013"
"28,59000";"5,80810";"0,01826"
"28,60000";"5,82309";"0,02426"
"28,61000";"5,83808";"0,02763"
"28,62000";"5,85308";"0,03074"
"28,63000";"5,86807";"0,03062"
"28,64000";"5,88306";"0,02723"
"28,65000";"5,89817";"0,02084"
"28,66000";"5,91317";"0,01264"
"28,67000";"5,92816";"0,01020"
"28,68000";"5,94303";"0,01317"
"28,69000";"5,95803";"0,01127"
"28,70000";"5,97302";"0,02152"
"28,71000";"5,98813";"0,03340"
"28,72000";"6,00312";"0,02982"
"28,73000";"6,01824";"0,02198"
"28,74000";"6,03311";"0,00852"
"28,75000";"6,04810";"0,00203"
"28,76000";"6,06310";"0,00499"
"28,77000";"6,07797";"0,01377"
"28,78000";"6,09308";"0,01573"
"28,79000";"6,10808";"0,02066"
"28,80000";"6,12295";"0,01863"
"28,81000";"6,13794";"0,02226"
"28,82000";"6,15294";"0,02418"
"28,83000";"6,16781";"0,02066"
"28,84000";"6,18281";"0,01485"
"28,85000";"6,19780";"0,00618"
"28,86000";"6,21291";"0,00560"
"28,87000";"6,22802";"0,00647"
"28,88000";"6,24313";"0,00980"
"28,89000";"6,25812";"0,00824"
"28,90000";"6,27324";"0,01053"
"28,91000";"6,28811";"0,01528"
"28,92000";"6,30299";"0,02109"
"28,93000";"6,31798";"0,02391"
"28,94000";"6,33297";"0,02336"
"28,95000";"6,34808";"0,02288"
"28,96000";"6,36296";"0,01596"
"28,97000";"6,37795";"0,01228"
"28,98000";"6,39294";"0,01575"
"28,99000";"6,40806";"0,01612"
"29,00000";"6,42293";"0,01793"
"29,01000";"6,43792";"0,01776"
"29,02000";"6,45303";"0,01613"
"29,03000";"6,46803";"0,01156"
"29,04000";"6,48302";"0,00834"
"29,05000";"6,49801";"0,00615"
"29,06000";"6,51289";"0,00166"
"29,07000";"6,52788";"0,00143"
"29,08000";"6,54287";"0,00867"
"29,09000";"6,55775";"0,02430"
"29,10000";"6,57274";"0,04039"
"29,11000";"6,58785";"0,04137"
"29,12000";"6,60285";"0,03749"
"29,13000";"6,61784";"0,03589"
"29,14000";"6,63283";"0,04066"
"29,15000";"6,64771";"0,04211"
"29,16000";"6,66270";"0,03664"
"29,17000";"6,67781";"0,03578"
"29,18000";"6,69292";"0,03436"
"29,19000";"6,70803";"0,03519"
"29,20000";"6,72303";"0,03512"
"29,21000";"6,73802";"0,02425"
"29,22000";"6,75301";"0,02095"
"29,23000";"6,76813";"0,01949"
"29,24000";"6,78300";"0,01848"
"29,25000";"6,79811";"0,01910"
"29,26000";"6,81310";"0,02462"
"29,27000";"6,82810";"0,02516"
"29,28000";"6,84309";"0,02860"
"29,29000";"6,85796";"0,03249"
"29,30000";"6,87296";"0,02969"
"29,31000";"6,88795";"0,02848"
"29,32000";"6,90294";"0,03084"
"29,33000";"6,91794";"0,02489"
"29,34000";"6,93305";"0,01498"
"29,35000";"6,94804";"0,00181"
"29,36000";"6,96303";"0,00486"
"29,37000";"6,97803";"0,01148"
"29,38000";"6,99302";"0,01475"
"29,39000";"7,00790";"0,00757"
"29,40000";"7,02289";"0,00288"
"29,41000";"7,03788";"0,00565"
"29,42000";"7,05288";"0,00911"
"29,43000";"7,06787";"0,01733"
"29,44000";"7,08298";"0,02665"
"29,45000";"7,09797";"0,02736"
"29,46000";"7,11308";"0,03284"
"29,47000";"7,12796";"0,02648"
"29,48000";"7,14295";"0,01840"
"29,49000";"7,15794";"0,01962"
"29,50000";"7,17306";"0,01806"
"29,51000";"7,18805";"0,01548"
"29,52000";"7,20304";"0,02157"
"29,53000";"7,21803";"0,02477"
"29,54000";"7,23303";"0,02502"
"29,55000";"7,24790";"0,02427"
"29,56000";"7,26301";"0,02320"
"29,57000";"7,27813";"0,02406"
"29,58000";"7,29312";"0,02226"
"29,59000";"7,30811";"0,01997"
"29,60000";"7,32310";"0,01917"
"29,61000";"7,33810";"0,01998"
"29,62000";"7,35309";"0,01883"
"29,63000";"7,36797";"0,01739"
"29,64000";"7,38308";"0,01250"
"29,65000";"7,39807";"0,00609"
"29,66000";"7,41318";"0,00011"
"29,67000";"7,42817";"0,00294"
"29,68000";"7,44317";"0,00468"
"29,69000";"7,45804";"0,01006"
"29,70000";"7,47292";"0,01221"
"29,71000";"7,48791";"0,01443"
"29,72000";"7,50290";"0,01638"
"29,73000";"7,51790";"0,01650"
"29,74000";"7,53301";"0,02278"
"29,75000";"7,54800";"0,02767"
"29,76000";"7,56299";"0,03287"
"29,77000";"7,57799";"0,03387"
"29,78000";"7,59298";"0,03503"
"29,79000";"7,60774";"0,02791"
"29,80000";"7,62273";"0,03023"
"29,81000";"7,63784";"0,03365"
"29,82000";"7,65295";"0,03479"
"29,83000";"7,66806";"0,03577"
"29,84000";"7,68306";"0,03222"
"29,85000";"7,69793";"0,02682"
"29,86000";"7,71292";"0,02537"
"29,87000";"7,72792";"0,02755"
"29,88000";"7,74291";"0,02696"
"29,89000";"7,75790";"0,03125"
"29,90000";"7,77278";"0,03373"
"29,91000";"7,78777";"0,03122"
"29,92000";"7,80276";"0,03125"
"29,93000";"7,81776";"0,03836"
"29,94000";"7,83263";"0,03970"
"29,95000";"7,84762";"0,03086"
"29,96000";"7,86274";"0,02824"
"29,97000";"7,87773";"0,02960"
"29,98000";"7,89296";"0,03167"
"29,99000";"7,90795";"0,02905"
"30,00000";"7,92294";"0,02778"
"30,01000";"7,93794";"0,02897"
"30,02000";"7,95293";"0,02575"
"30,03000";"7,96792";"0,02070"
"30,04000";"7,98292";"0,02032"
"30,05000";"7,99803";"0,02325"
"30,06000";"8,01302";"0,02630"
"30,07000";"8,02813";"0,02565"
"30,08000";"8,04313";"0,02417"
"30,09000";"8,05812";"0,02898"
"30,10000";"8,07311";"0,03350"
"30,11000";"8,08799";"0,02302"
"30,12000";"8,10298";"0,01404"
"30,13000";"8,11797";"0,01221"
"30,14000";"8,13297";"0,01734"
"30,15000";"8,14808";"0,01929"
"30,16000";"8,16307";"0,02044"
"30,17000";"8,17818";"0,02232"
"30,18000";"8,19306";"0,02600"
"30,19000";"8,20805";"0,02492"
"30,20000";"8,22304";"0,02512"
"30,21000";"8,23815";"0,02178"
"30,22000";"8,25315";"0,02063"
"30,23000";"8,26826";"0,02080"
"30,24000";"8,28325";"0,02375"
"30,25000";"8,29824";"0,02424"
"30,26000";"8,31312";"0,02916"
"30,27000";"8,32811";"0,03801"
"30,28000";"8,34310";"0,03974"
"30,29000";"8,35822";"0,04133"
"30,30000";"8,37321";"0,04267"
"30,31000";"8,38808";"0,04199"
"30,32000";"8,40296";"0,03932"
"30,33000";"8,41795";"0,03994"
"30,34000";"8,43283";"0,03886"
"30,35000";"8,44782";"0,03881"
"30,36000";"8,46281";"0,02966"
"30,37000";"8,47792";"0,01625"
"30,38000";"8,49315";"0,00973"
"30,39000";"8,50815";"0,00662"
"30,40000";"8,52314";"0,01257"
"30,41000";"8,53801";"0,01912"
"30,42000";"8,55301";"0,02210"
"30,43000";"8,56800";"0,02832"
"30,44000";"8,58311";"0,03116"
"30,45000";"8,59810";"0,03104"
"30,46000";"8,61322";"0,02698"
"30,47000";"8,62821";"0,02386"
"30,48000";"8,64320";"0,01992"
"30,49000";"8,65808";"0,02156"
"30,50000";"8,67295";"0,02352"
"30,51000";"8,68806";"0,02834"
"30,52000";"8,70306";"0,02461"
"30,53000";"8,71805";"0,02253"
"30,54000";"8,73304";"0,02454"
"30,55000";"8,74803";"0,03405"
"30,56000";"8,76303";"0,04098"
"30,57000";"8,77790";"0,04020"
"30,58000";"8,79290";"0,02891"
"30,59000";"8,80789";"0,02199"
"30,60000";"8,82300";"0,01610"
"30,61000";"8,83799";"0,01520"
"30,62000";"8,85299";"0,02101"
"30,63000";"8,86798";"0,02505"
"30,64000";"8,88297";"0,01972"
"30,65000";"8,89785";"0,01589"
"30,66000";"8,91284";"0,01544"
"30,67000";"8,92795";"0,01571"
"30,68000";"8,94283";"0,01109"
"30,69000";"8,95782";"0,01806"
"30,70000";"8,97281";"0,02632"
"30,71000";"8,98780";"0,03313"
"30,72000";"9,00280";"0,03470"
"30,73000";"9,01779";"0,02663"
"30,74000";"9,03279";"0,02061"
"30,75000";"9,04778";"0,01938"
"30,76000";"9,06301";"0,01727"
"30,77000";"9,07800";"0,01491"
"30,78000";"9,09299";"0,01719"
"30,79000";"9,10810";"0,02135"
"30,80000";"9,12310";"0,02931"
"30,81000";"9,13809";"0,03605"
"30,82000";"9,15308";"0,03082"
"30,83000";"9,16808";"0,02226"
"30,84000";"9,18307";"0,02157"
"30,85000";"9,19818";"0,02287"
"30,86000";"9,21329";"0,02635"
"30,87000";"9,22817";"0,02867"
"30,88000";"9,24316";"0,03006"
"30,89000";"9,25815";"0,03494"
"30,90000";"9,27303";"0,03792"
"30,91000";"9,28802";"0,03258"
"30,92000";"9,30313";"0,03090"
"30,93000";"9,31813";"0,01988"
"30,94000";"9,33324";"0,01390"
"30,95000";"9,34811";"0,00934"
"30,96000";"9,36310";"0,00927"
"30,97000";"9,37810";"0,01251"
"30,98000";"9,39309";"0,01935"
"30,99000";"9,40808";"0,02873"
"31,00000";"9,42308";"0,03089"
"31,01000";"9,43819";"0,03093"
"31,02000";"9,45318";"0,02996"
"31,03000";"9,46817";"0,03217"
"31,04000";"9,48305";"0,03052"
"31,05000";"9,49804";"0,03084"
"31,06000";"9,51304";"0,03245"
"31,07000";"9,52803";"0,03729"
"31,08000";"9,54302";"0,03889"
"31,09000";"9,55813";"0,04283"
"31,10000";"9,57312";"0,04150"
"31,11000";"9,58800";"0,03735"
"31,12000";"9,60299";"0,03033"
"31,13000";"9,61799";"0,02623"
"31,14000";"9,63310";"0,02622"
"31,15000";"9,64809";"0,02663"
"31,16000";"9,66297";"0,03120"
"31,17000";"9,67808";"0,02885"
"31,18000";"9,69307";"0,02598"
"31,19000";"9,70806";"0,02006"
"31,20000";"9,72306";"0,01766"
"31,21000";"9,73805";"0,00725"
"31,22000";"9,75316";"0,00833"
"31,23000";"9,76815";"0,01472"
"31,24000";"9,78303";"0,02151"
"31,25000";"9,79802";"0,02509"
"31,26000";"9,81301";"0,02730"
"31,27000";"9,82801";"0,02727"
"31,28000";"9,84288";"0,02048"
"31,29000";"9,85787";"0,01106"
"31,30000";"9,87287";"0,01059"
"31,31000";"9,88798";"0,01023"
"31,32000";"9,90297";"0,01208"
"31,33000";"9,91796";"0,00810"
"31,34000";"9,93296";"0,00786"
"31,35000";"9,94807";"0,00931"
"31,36000";"9,96294";"0,01063"
"31,37000";"9,97782";"0,01205"
"31,38000";"9,99293";"0,01773"
"31,39000";"10,00804";"0,02292"
"31,40000";"10,02304";"0,02365"
"31,41000";"10,03803";"0,01421"
"31,42000";"10,05302";"0,00775"
"31,43000";"10,06813";"0,00645"
"31,44000";"10,08301";"0,01589"
"31,45000";"10,09800";"0,02375"
"31,46000";"10,11299";"0,02729"
"31,47000";"10,12799";"0,03002"
"31,48000";"10,14310";"0,03872"
"31,49000";"10,15809";"0,03808"
"31,50000";"10,17308";"0,03532"
"31,51000";"10,18820";"0,03352"
"31,52000";"10,20319";"0,03025"
"31,53000";"10,21818";"0,02818"
"31,54000";"10,23329";"0,03097"
"31,55000";"10,24828";"0,04518"
"31,56000";"10,26328";"0,04464"
"31,57000";"10,27827";"0,03399"
"31,58000";"10,29315";"0,02460"
"31,59000";"10,30826";"0,01717"
"31,60000";"10,32313";"0,01252"
"31,61000";"10,33813";"0,01762"
"31,62000";"10,35312";"0,02017"
"31,63000";"10,36823";"0,01900"
"31,64000";"10,38322";"0,02065"
"31,65000";"10,39822";"0,02458"
"31,66000";"10,41321";"0,03210"
"31,67000";"10,42808";"0,02929"
"31,68000";"10,44296";"0,02770"
"31,69000";"10,45807";"0,02289"
"31,70000";"10,47306";"0,01892"
"31,71000";"10,48817";"0,01735"
"31,72000";"10,50317";"0,01384"
"31,73000";"10,51828";"0,00775"
"31,74000";"10,53327";"0,00764"
"31,75000";"10,54815";"0,00825"
"31,76000";"10,56302";"0,01106"
"31,77000";"10,57813";"0,02124"
"31,78000";"10,59301";"0,02449"
"31,79000";"10,60800";"0,01998"
"31,80000";"10,62299";"0,01461"
"31,81000";"10,63799";"0,01467"
"31,82000";"10,65298";"0,02104"
"31,83000";"10,66785";"0,02503"
"31,84000";"10,68285";"0,02310"
"31,85000";"10,69784";"0,01957"
"31,86000";"10,71295";"0,02110"
"31,87000";"10,72794";"0,01898"
"31,88000";"10,74282";"0,01854"
"31,89000";"10,75781";"0,02141"
"31,90000";"10,77281";"0,02638"
"31,91000";"10,78780";"0,02281"
"31,92000";"10,80279";"0,01835"
"31,93000";"10,81790";"0,01420"
"31,94000";"10,83290";"0,02374"
"31,95000";"10,84789";"0,02747"
"31,96000";"10,86300";"0,02504"
"31,97000";"10,87799";"0,01991"
"31,98000";"10,89299";"0,01791"
"31,99000";"10,90786";"0,01476"
"32,00000";"10,92285";"0,01616"
"32,01000";"10,93785";"0,01287"
"32,02000";"10,95296";"0,00291"
"32,03000";"10,96807";"0,00353"
"32,04000";"10,98306";"0,01459"
"32,05000";"10,99806";"0,02107"
"32,06000";"11,01305";"0,02574"
"32,07000";"11,02792";"0,02601"
"32,08000";"11,04292";"0,02108"
"32,09000";"11,05803";"0,01855"
"32,10000";"11,07314";"0,02117"
"32,11000";"11,08801";"0,02476"
"32,12000";"11,10301";"0,03121"
"32,13000";"11,11800";"0,02846"
"32,14000";"11,13299";"0,03246"
"32,15000";"11,14799";"0,03465"
"32,16000";"11,16298";"0,03063"
"32,17000";"11,17809";"0,02185"
"32,18000";"11,19308";"0,00829"
"32,19000";"11,20808";"0,00611"
"32,20000";"11,22307";"0,01527"
"32,21000";"11,23806";"0,02309"
"32,22000";"11,25306";"0,02956"
"32,23000";"11,26805";"0,02434"
"32,24000";"11,28304";"0,01946"
"32,25000";"11,29803";"0,02234"
"32,26000";"11,31315";"0,02776"
"32,27000";"11,32814";"0,03519"
"32,28000";"11,34290";"0,03056"
"32,29000";"11,35789";"0,02244"
"32,30000";"11,37288";"0,01634"
"32,31000";"11,38788";"0,01310"
"32,32000";"11,40298";"0,02184"
"32,33000";"11,41798";"0,02770"
"32,34000";"11,43309";"0,03334"
"32,35000";"11,44820";"0,03392"
"32,36000";"11,46319";"0,03304"
"32,37000";"11,47819";"0,03006"
"32,38000";"11,49306";"0,03277"
"32,39000";"11,50806";"0,03588"
"32,40000";"11,52305";"0,03662"
"32,41000";"11,53804";"0,03567"
"32,42000";"11,55315";"0,03902"
"32,43000";"11,56815";"0,03976"
"32,44000";"11,58314";"0,03170"
"32,45000";"11,59813";"0,01995"
"32,46000";"11,61312";"0,01398"
"32,47000";"11,62800";"0,01616"
"32,48000";"11,64299";"0,01439"
"32,49000";"11,65799";"0,01403"
"32,50000";"11,67298";"0,02279"
"32,51000";"11,68797";"0,03048"
"32,52000";"11,70296";"0,03578"
"32,53000";"11,71796";"0,03881"
"32,54000";"11,73295";"0,04232"
"32,55000";"11,74806";"0,03711"
"32,56000";"11,76317";"0,03849"
"32,57000";"11,77817";"0,04580"
"32,58000";"11,79304";"0,04797"
"32,59000";"11,80803";"0,04456"
"32,60000";"11,82291";"0,04147"
"32,61000";"11,83790";"0,04170"
"32,62000";"11,85278";"0,04238"
"32,63000";"11,86777";"0,04529"
"32,64000";"11,88288";"0,04614"
"32,65000";"11,89799";"0,04822"
"32,66000";"11,91299";"0,04806"
"32,67000";"11,92798";"0,04459"
"32,68000";"11,94309";"0,03156"
"32,69000";"11,95797";"0,02579"
"32,70000";"11,97296";"0,02893"
"32,71000";"11,98795";"0,03772"
"32,72000";"12,00294";"0,04233"
"32,73000";"12,01806";"0,04286"
"32,74000";"12,03293";"0,04992"
"32,75000";"12,04804";"0,05178"
"32,76000";"12,06304";"0,05205"
"32,77000";"12,07803";"0,05199"
"32,78000";"12,09302";"0,04777"
"32,79000";"12,10790";"0,04624"
"32,80000";"12,12301";"0,03768"
"32,81000";"12,13800";"0,03121"
"32,82000";"12,15299";"0,02916"
"32,83000";"12,16787";"0,02740"
"32,84000";"12,18286";"0,03605"
"32,85000";"12,19774";"0,04870"
"32,86000";"12,21273";"0,05843"
"32,87000";"12,22772";"0,06488"
"32,88000";"12,24283";"0,06365"
"32,89000";"12,25783";"0,05457"
"32,90000";"12,27294";"0,04248"
"32,91000";"12,28793";"0,03664"
"32,92000";"12,30280";"0,03996"
"32,93000";"12,31780";"0,04410"
"32,94000";"12,33267";"0,04871"
"32,95000";"12,34778";"0,05220"
"32,96000";"12,36278";"0,05601"
"32,97000";"12,37789";"0,05979"
"32,98000";"12,39300";"0,06141"
"32,99000";"12,40799";"0,06217"
"33,00000";"12,42299";"0,06380"
"33,01000";"12,43798";"0,06194"
"33,02000";"12,45309";"0,06006"
"33,03000";"12,46808";"0,05886"
"33,04000";"12,48308";"0,05863"
"33,05000";"12,49807";"0,06348"
"33,06000";"12,51306";"0,06322"
"33,07000";"12,52805";"0,06449"
"33,08000";"12,54305";"0,06308"
"33,09000";"12,55792";"0,05585"
"33,10000";"12,57280";"0,05771"
"33,11000";"12,58791";"0,05973"
"33,12000";"12,60290";"0,05501"
"33,13000";"12,61790";"0,04979"
"33,14000";"12,63289";"0,04606"
"33,15000";"12,64788";"0,04396"
"33,16000";"12,66288";"0,05127"
"33,17000";"12,67787";"0,06124"
"33,18000";"12,69286";"0,06767"
"33,19000";"12,70797";"0,06806"
"33,20000";"12,72308";"0,06823"
"33,21000";"12,73808";"0,07087"
"33,22000";"12,75319";"0,06382"
"33,23000";"12,76818";"0,06576"
"33,24000";"12,78317";"0,06582"
"33,25000";"12,79805";"0,06809"
"33,26000";"12,81304";"0,07361"
"33,27000";"12,82815";"0,08088"
"33,28000";"12,84315";"0,08491"
"33,29000";"12,85814";"0,08533"
"33,30000";"12,87313";"0,08009"
"33,31000";"12,88824";"0,07128"
"33,32000";"12,90312";"0,06828"
"33,33000";"12,91787";"0,07733"
"33,34000";"12,93287";"0,08299"
"33,35000";"12,94786";"0,08446"
"33,36000";"12,96285";"0,08084"
"33,37000";"12,97785";"0,06790"
"33,38000";"12,99284";"0,06011"
"33,39000";"13,00783";"0,06245"
"33,40000";"13,02294";"0,06618"
"33,41000";"13,03782";"0,06876"
"33,42000";"13,05293";"0,06804"
"33,43000";"13,06804";"0,06704"
"33,44000";"13,08315";"0,07509"
"33,45000";"13,09814";"0,07866"
"33,46000";"13,11314";"0,07320"
"33,47000";"13,12801";"0,06438"
"33,48000";"13,14289";"0,06713"
"33,49000";"13,15776";"0,06999"
"33,50000";"13,17276";"0,07553"
"33,51000";"13,18787";"0,07489"
"33,52000";"13,20286";"0,06713"
"33,53000";"13,21797";"0,05844"
"33,54000";"13,23297";"0,05579"
"33,55000";"13,24808";"0,05795"
"33,56000";"13,26295";"0,06516"
"33,57000";"13,27783";"0,06305"
"33,58000";"13,29294";"0,05571"
"33,59000";"13,30793";"0,05346"
"33,60000";"13,32292";"0,06035"
"33,61000";"13,33792";"0,06747"
"33,62000";"13,35291";"0,07108"
"33,63000";"13,36790";"0,07077"
"33,64000";"13,38290";"0,07017"
"33,65000";"13,39777";"0,07378"
"33,66000";"13,41288";"0,07544"
"33,67000";"13,42787";"0,07838"
"33,68000";"13,44287";"0,08534"
"33,69000";"13,45786";"0,09129"
"33,70000";"13,47297";"0,09261"
"33,71000";"13,48808";"0,08774"
"33,72000";"13,50296";"0,08502"
"33,73000";"13,51807";"0,08156"
"33,74000";"13,53306";"0,08782"
"33,75000";"13,54806";"0,08611"
"33,76000";"13,56305";"0,08132"
"33,77000";"13,57816";"0,08259"
"33,78000";"13,59315";"0,08836"
"33,79000";"13,60803";"0,08498"
"33,80000";"13,62290";"0,07853"
"33,81000";"13,63790";"0,07995"
"33,82000";"13,65289";"0,08431"
"33,83000";"13,66800";"0,08528"
"33,84000";"13,68299";"0,08140"
"33,85000";"13,69810";"0,07339"
"33,86000";"13,71310";"0,06269"
"33,87000";"13,72809";"0,05884"
"33,88000";"13,74308";"0,05792"
"33,89000";"13,75808";"0,05835"
"33,90000";"13,77307";"0,06313"
"33,91000";"13,78806";"0,06544"
"33,92000";"13,80306";"0,06922"
"33,93000";"13,81817";"0,07133"
"33,94000";"13,83328";"0,07949"
"33,95000";"13,84827";"0,08925"
"33,96000";"13,86315";"0,09139"
"33,97000";"13,87814";"0,08597"
"33,98000";"13,89313";"0,08689"
"33,99000";"13,90813";"0,08849"
"34,00000";"13,92312";"0,09180"
"34,01000";"13,93811";"0,09394"
"34,02000";"13,95322";"0,09469"
"34,03000";"13,96821";"0,08942"
"34,04000";"13,98309";"0,08499"
"34,05000";"13,99808";"0,08268"
"34,06000";"14,01319";"0,07242"
"34,07000";"14,02807";"0,07182"
"34,08000";"14,04306";"0,07814"
"34,09000";"14,05805";"0,08185"
"34,10000";"14,07305";"0,08792"
"34,11000";"14,08792";"0,08974"
"34,12000";"14,10280";"0,08921"
"34,13000";"14,11779";"0,08801"
"34,14000";"14,13278";"0,09068"
"34,15000";"14,14790";"0,09171"
"34,16000";"14,16289";"0,09398"
"34,17000";"14,17800";"0,09423"
"34,18000";"14,19299";"0,09593"
"34,19000";"14,20799";"0,09716"
"34,20000";"14,22286";"0,10078"
"34,21000";"14,23785";"0,10042"
"34,22000";"14,25296";"0,09833"
"34,23000";"14,26808";"0,10256"
"34,24000";"14,28307";"0,10289"
"34,25000";"14,29818";"0,09576"
"34,26000";"14,31317";"0,09009"
"34,27000";"14,32817";"0,09038"
"34,28000";"14,34304";"0,09516"
"34,29000";"14,35803";"0,10033"
"34,30000";"14,37303";"0,10697"
"34,31000";"14,38802";"0,11250"
"34,32000";"14,40313";"0,11293"
"34,33000";"14,41813";"0,11355"
"34,34000";"14,43324";"0,11667"
"34,35000";"14,44811";"0,11909"
"34,36000";"14,46310";"0,11503"
"34,37000";"14,47810";"0,11325"
"34,38000";"14,49309";"0,11322"
"34,39000";"14,50808";"0,11374"
"34,40000";"14,52308";"0,11342"
"34,41000";"14,53819";"0,11375"
"34,42000";"14,55318";"0,11185"
"34,43000";"14,56806";"0,12048"
"34,44000";"14,58305";"0,13263"
"34,45000";"14,59804";"0,13377"
"34,46000";"14,61315";"0,13371"
"34,47000";"14,62826";"0,13659"
"34,48000";"14,64326";"0,14167"
"34,49000";"14,65825";"0,14501"
"34,50000";"14,67324";"0,13880"
"34,51000";"14,68812";"0,13889"
"34,52000";"14,70299";"0,14099"
"34,53000";"14,71799";"0,14365"
"34,54000";"14,73310";"0,14681"
"34,55000";"14,74821";"0,15118"
"34,56000";"14,76320";"0,15924"
"34,57000";"14,77820";"0,16052"
"34,58000";"14,79319";"0,15661"
"34,59000";"14,80806";"0,15673"
"34,60000";"14,82317";"0,15264"
"34,61000";"14,83817";"0,15189"
"34,62000";"14,85304";"0,15541"
"34,63000";"14,86804";"0,15840"
"34,64000";"14,88291";"0,16978"
"34,65000";"14,89790";"0,18253"
"34,66000";"14,91290";"0,18956"
"34,67000";"14,92789";"0,19560"
"34,68000";"14,94288";"0,19211"
"34,69000";"14,95799";"0,19466"
"34,70000";"14,97310";"0,20485"
"34,71000";"14,98810";"0,21844"
"34,72000";"15,00309";"0,22529"
"34,73000";"15,01808";"0,23233"
"34,74000";"15,03308";"0,24051"
"34,75000";"15,04807";"0,24202"
"34,76000";"15,06306";"0,24348"
"34,77000";"15,07806";"0,24133"
"34,78000";"15,09317";"0,24302"
"34,79000";"15,10816";"0,25258"
"34,80000";"15,12327";"0,26055"
"34,81000";"15,13815";"0,26697"
"34,82000";"15,15302";"0,27398"
"34,83000";"15,16790";"0,28562"
"34,84000";"15,18289";"0,29439"
"34,85000";"15,19776";"0,30173"
"34,86000";"15,21287";"0,31253"
"34,87000";"15,22787";"0,31349"
"34,88000";"15,24286";"0,31902"
"34,89000";"15,25785";"0,32811"
"34,90000";"15,27285";"0,34084"
"34,91000";"15,28784";"0,35287"
"34,92000";"15,30283";"0,35805"
"34,93000";"15,31794";"0,36017"
"34,94000";"15,33294";"0,36148"
"34,95000";"15,34793";"0,37128"
"34,96000";"15,36292";"0,38632"
"34,97000";"15,37803";"0,40056"
"34,98000";"15,39291";"0,41307"
"34,99000";"15,40778";"0,42796"
"35,00000";"15,42290";"0,44017"
"35,01000";"15,43789";"0,45188"
"35,02000";"15,45288";"0,45924"
"35,03000";"15,46787";"0,46618"
"35,04000";"15,48287";"0,46765"
"35,05000";"15,49774";"0,47826"
"35,06000";"15,51274";"0,48925"
"35,07000";"15,52785";"0,49260"
"35,08000";"15,54296";"0,50369"
"35,09000";"15,55807";"0,51331"
"35,10000";"15,57318";"0,52784"
"35,11000";"15,58829";"0,53781"
"35,12000";"15,60317";"0,54663"
"35,13000";"15,61816";"0,56668"
"35,14000";"15,63304";"0,58792"
"35,15000";"15,64803";"0,60451"
"35,16000";"15,66302";"0,61575"
"35,17000";"15,67801";"0,62533"
"35,18000";"15,69312";"0,63261"
"35,19000";"15,70812";"0,64454"
"35,20000";"15,72311";"0,66080"
"35,21000";"15,73799";"0,67722"
"35,22000";"15,75298";"0,69011"
"35,23000";"15,76797";"0,70544"
"35,24000";"15,78297";"0,72617"
"35,25000";"15,79784";"0,73884"
"35,26000";"15,81283";"0,74798"
"35,27000";"15,82783";"0,75201"
"35,28000";"15,84282";"0,76569"
"35,29000";"15,85781";"0,78928"
"35,30000";"15,87281";"0,81484"
"35,31000";"15,88792";"0,83497"
"35,32000";"15,90303";"0,84851"
"35,33000";"15,91802";"0,86306"
"35,34000";"15,93301";"0,87497"
"35,35000";"15,94813";"0,89161"
"35,36000";"15,96324";"0,90910"
"35,37000";"15,97811";"0,93154"
"35,38000";"15,99322";"0,95636"
"35,39000";"16,00821";"0,97491"
"35,40000";"16,02309";"0,99395"
"35,41000";"16,03808";"1,01644"
"35,42000";"16,05308";"1,03857"
"35,43000";"16,06807";"1,04870"
"35,44000";"16,08306";"1,06444"
"35,45000";"16,09794";"1,08975"
"35,46000";"16,11281";"1,12180"
"35,47000";"16,12792";"1,16208"
"35,48000";"16,14292";"1,19640"
"35,49000";"16,15803";"1,22636"
"35,50000";"16,17314";"1,25350"
"35,51000";"16,18813";"1,27161"
"35,52000";"16,20312";"1,29004"
"35,53000";"16,21800";"1,31038"
"35,54000";"16,23311";"1,33877"
"35,55000";"16,24799";"1,37183"
"35,56000";"16,26298";"1,40868"
"35,57000";"16,27797";"1,44442"
"35,58000";"16,29296";"1,47948"
"35,59000";"16,30796";"1,51151"
"35,60000";"16,32307";"1,54102"
"35,61000";"16,33806";"1,57728"
"35,62000";"16,35306";"1,61261"
"35,63000";"16,36817";"1,65446"
"35,64000";"16,38316";"1,69006"
"35,65000";"16,39815";"1,73184"
"35,66000";"16,41315";"1,77120"
"35,67000";"16,42814";"1,81523"
"35,68000";"16,44313";"1,86978"
"35,69000";"16,45801";"1,91724"
"35,70000";"16,47288";"1,96135"
"35,71000";"16,48799";"2,00667"
"35,72000";"16,50299";"2,05741"
"35,73000";"16,51810";"2,11150"
"35,74000";"16,53297";"2,16627"
"35,75000";"16,54797";"2,22834"
"35,76000";"16,56284";"2,29263"
"35,77000";"16,57771";"2,36216"
"35,78000";"16,59271";"2,42630"
"35,79000";"16,60782";"2,48971"
"35,80000";"16,62293";"2,55309"
"35,81000";"16,63804";"2,61498"
"35,82000";"16,65303";"2,67835"
"35,83000";"16,66803";"2,75065"
"35,84000";"16,68314";"2,82783"
"35,85000";"16,69790";"2,91673"
"35,86000";"16,71289";"3,00592"
"35,87000";"16,72788";"3,10453"
"35,88000";"16,74287";"3,19787"
"35,89000";"16,75787";"3,29054"
"35,90000";"16,77286";"3,38473"
"35,91000";"16,78797";"3,48330"
"35,92000";"16,80297";"3,58846"
"35,93000";"16,81796";"3,69250"
"35,94000";"16,83307";"3,79655"
"35,95000";"16,84806";"3,91247"
"35,96000";"16,86317";"4,03623"
"35,97000";"16,87817";"4,15770"
"35,98000";"16,89316";"4,28146"
"35,99000";"16,90804";"4,41432"
"36,00000";"16,92291";"4,55348"
"36,01000";"16,93790";"4,69301"
"36,02000";"16,95301";"4,83879"
"36,03000";"16,96801";"5,00087"
"36,04000";"16,98312";"5,17174"
"36,05000";"16,99811";"5,33573"
"36,06000";"17,01311";"5,50539"
"36,07000";"17,02810";"5,67686"
"36,08000";"17,04297";"5,85214"
"36,09000";"17,05785";"6,03913"
"36,10000";"17,07284";"6,23713"
"36,11000";"17,08783";"6,45641"
"36,12000";"17,10283";"6,68292"
"36,13000";"17,11782";"6,91338"
"36,14000";"17,13281";"7,14626"
"36,15000";"17,14781";"7,39119"
"36,16000";"17,16280";"7,64565"
"36,17000";"17,17768";"7,90720"
"36,18000";"17,19267";"8,18741"
"36,19000";"17,20778";"8,48002"
"36,20000";"17,22277";"8,78071"
"36,21000";"17,23776";"9,08528"
"36,22000";"17,25288";"9,41230"
"36,23000";"17,26799";"9,76060"
"36,24000";"17,28310";"10,12518"
"36,25000";"17,29809";"10,49865"
"36,26000";"17,31308";"10,88119"
"36,27000";"17,32808";"11,26529"
"36,28000";"17,34307";"11,67627"
"36,29000";"17,35806";"12,11292"
"36,30000";"17,37294";"12,56510"
"36,31000";"17,38793";"13,03471"
"36,32000";"17,40281";"13,52329"
"36,33000";"17,41792";"14,03525"
"36,34000";"17,43291";"14,58023"
"36,35000";"17,44802";"15,14682"
"36,36000";"17,46313";"15,72376"
"36,37000";"17,47801";"16,32490"
"36,38000";"17,49300";"16,95358"
"36,39000";"17,50799";"17,59250"
"36,40000";"17,52287";"18,25341"
"36,41000";"17,53774";"18,93856"
"36,42000";"17,55262";"19,65513"
"36,43000";"17,56761";"20,40097"
"36,44000";"17,58272";"21,18211"
"36,45000";"17,59760";"22,00723"
"36,46000";"17,61259";"22,86176"
"36,47000";"17,62758";"23,75552"
"36,48000";"17,64258";"24,68206"
"36,49000";"17,65757";"25,63699"
"36,50000";"17,67268";"26,63179"
"36,51000";"17,68779";"27,67516"
"36,52000";"17,70302";"28,75724"
"36,53000";"17,71825";"29,88333"
"36,54000";"17,73324";"31,06503"
"36,55000";"17,74835";"32,30268"
"36,56000";"17,76335";"33,57774"
"36,57000";"17,77834";"34,89938"
"36,58000";"17,79333";"36,26527"
"36,59000";"17,80832";"37,69759"
"36,60000";"17,82320";"39,19307"
"36,61000";"17,83820";"40,74251"
"36,62000";"17,85307";"42,35159"
"36,63000";"17,86783";"44,02904"
"36,64000";"17,88282";"45,77866"
"36,65000";"17,89793";"47,61291"
"36,66000";"17,91292";"49,54190"
"36,67000";"17,92804";"51,59129"
"36,68000";"17,94291";"53,73331"
"36,69000";"17,95790";"55,94396"
"36,70000";"17,97278";"58,25270"
"36,71000";"17,98753";"60,66941"
"36,72000";"18,00241";"63,19719"
"36,73000";"18,01740";"65,85835"
"36,74000";"18,03240";"68,67551"
"36,75000";"18,04751";"71,65908"
"36,76000";"18,06274";"74,81004"
"36,77000";"18,07773";"78,16010"
"36,78000";"18,09272";"81,73435"
"36,79000";"18,10772";"85,47988"
"36,80000";"18,12295";"89,41322"
"36,81000";"18,13806";"93,57030"
"36,82000";"18,15317";"97,97062"
"36,83000";"18,16828";"102,62830"
"36,84000";"18,18327";"107,51669"
"36,85000";"18,19827";"112,67163"
"36,86000";"18,21326";"118,20358"
"36,87000";"18,22801";"124,12635"
"36,88000";"18,24289";"130,51709"
"36,89000";"18,25800";"137,44328"
"36,90000";"18,27287";"145,00575"
"36,91000";"18,28787";"153,13383"
"36,92000";"18,30274";"161,72977"
"36,93000";"18,31762";"170,71352"
"36,94000";"18,33261";"179,95709"
"36,95000";"18,34749";"189,28421"
"36,96000";"18,36236";"198,52319"
"36,97000";"18,37747";"207,67754"
"36,98000";"18,39247";"216,92274"
"36,99000";"18,40746";"226,21828"
"37,00000";"18,42245";"235,53807"
"37,01000";"18,43733";"244,78615"
"37,02000";"18,45220";"254,05161"
"37,03000";"18,46731";"263,42642"
"37,04000";"18,48242";"272,97137"
"37,05000";"18,49765";"282,80490"
"37,05200";"18,50061";"284,80698"
"37,05400";"18,50367";"286,81693"
"37,06400";"18,51678";"296,88922"
"37,07400";"18,52433";"305,66147"
"37,08000";"18,52622";"308,66772"
"37,09000";"18,52540";"307,80988"
"37,10000";"18,52032";"298,59842"
"37,11000";"18,50875";"279,82199"
"37,12000";"18,49163";"248,98836"
"37,13000";"18,47133";"205,99286"
"37,14000";"18,44960";"155,88977"
"37,15000";"18,42753";"106,45560"
"37,16000";"18,40628";"64,70804"
"37,17000";"18,38574";"34,90659"
"37,18000";"18,36614";"17,07833"
"37,19000";"18,34725";"8,56759"
"37,20000";"18,32895";"5,78641"
"37,21000";"18,31136";"5,66318"
"37,22000";"18,29436";"6,24194"
"37,23000";"18,27795";"6,57326"
"37,24000";"18,26178";"6,41493"
"37,25000";"18,24572";"5,82373"
"37,26000";"18,23002";"4,98852"
"37,27000";"18,21444";"4,06640"
"37,28000";"18,19909";"3,16741"
"37,29000";"18,18410";"2,35328"
"37,30000";"18,16911";"1,64685"
"37,31000";"18,15399";"1,04134"
"37,32000";"18,13841";"0,50852"
"37,33000";"18,12283";"0,02571"
"37,34000";"18,10748";"-0,41627"
"37,35000";"18,09213";"-0,79334"
"37,36000";"18,07702";"-1,11753"
"37,37000";"18,06191";"-1,39681"
"37,38000";"18,04704";"-1,62840"
"37,39000";"18,03216";"-1,81867"
"37,40000";"18,01717";"-1,97995"
"37,41000";"18,00206";"-2,11432"
"37,42000";"17,98695";"-2,24957"
"37,43000";"17,97195";"-2,37965"
"37,44000";"17,95696";"-2,48908"
"37,45000";"17,94208";"-2,57746"
"37,46000";"17,92721";"-2,64374"
"37,47000";"17,91222";"-2,68387"
"37,48000";"17,89710";"-2,71668"
"37,49000";"17,88199";"-2,75052"
"37,50000";"17,86688";"-2,77380"
"37,51000";"17,85165";"-2,79153"
"37,52000";"17,83666";"-2,80810"
"37,53000";"17,82178";"-2,81090"
"37,54000";"17,80679";"-2,80816"
"37,55000";"17,79192";"-2,80012"
"37,56000";"17,77704";"-2,78201"
"37,57000";"17,76217";"-2,76209"
"37,58000";"17,74706";"-2,73514"
"37,59000";"17,73206";"-2,71107"
"37,60000";"17,71707";"-2,68800"
"37,61000";"17,70208";"-2,64908"
"37,62000";"17,68708";"-2,60430"
"37,63000";"17,67197";"-2,55984"
"37,64000";"17,65698";"-2,50905"
"37,65000";"17,64187";"-2,45798"
"37,66000";"17,62688";"-2,40116"
"37,67000";"17,61176";"-2,34433"
"37,68000";"17,59689";"-2,28168"
"37,69000";"17,58213";"-2,22194"
"37,70000";"17,56714";"-2,16571"
"37,71000";"17,55215";"-2,11307"
"37,72000";"17,53703";"-2,06444"
"37,73000";"17,52204";"-2,02288"
"37,74000";"17,50693";"-1,97218"
"37,75000";"17,49182";"-1,92281"
"37,76000";"17,47683";"-1,87115"
"37,77000";"17,46207";"-1,81353"
"37,78000";"17,44719";"-1,74973"
"37,79000";"17,43220";"-1,69058"
"37,80000";"17,41709";"-1,63567"
"37,81000";"17,40210";"-1,58505"
"37,82000";"17,38711";"-1,52765"
"37,83000";"17,37188";"-1,47200"
"37,84000";"17,35700";"-1,42036"
"37,85000";"17,34201";"-1,36809"
"37,86000";"17,32701";"-1,32163"
"37,87000";"17,31202";"-1,27373"
"37,88000";"17,29703";"-1,23342"
"37,89000";"17,28204";"-1,19826"
"37,90000";"17,26716";"-1,16002"
"37,91000";"17,25205";"-1,11833"
"37,92000";"17,23694";"-1,08095"
"37,93000";"17,22206";"-1,04146"
"37,94000";"17,20719";"-0,99998"
"37,95000";"17,19208";"-0,96343"
"37,96000";"17,17708";"-0,93580"
"37,97000";"17,16197";"-0,91185"
"37,98000";"17,14698";"-0,88695"
"37,99000";"17,13199";"-0,85001"
"38,00000";"17,11687";"-0,81291"
"38,01000";"17,10200";"-0,77283"
"38,02000";"17,08713";"-0,73163"
"38,03000";"17,07201";"-0,69231"
"38,04000";"17,05690";"-0,65791"
"38,05000";"17,04203";"-0,63200"
"38,06000";"17,02692";"-0,61144"
"38,07000";"17,01192";"-0,59675"
"38,08000";"16,99693";"-0,58349"
"38,09000";"16,98206";"-0,57325"
"38,10000";"16,96718";"-0,56311"
"38,11000";"16,95207";"-0,54961"
"38,12000";"16,93708";"-0,54552"
"38,13000";"16,92196";"-0,54873"
"38,14000";"16,90697";"-0,54197"
"38,15000";"16,89198";"-0,54286"
"38,16000";"16,87687";"-0,54108"
"38,17000";"16,86188";"-0,53989"
"38,18000";"16,84700";"-0,53058"
"38,19000";"16,83201";"-0,50964"
"38,20000";"16,81689";"-0,49566"
"38,21000";"16,80190";"-0,48685"
"38,22000";"16,78679";"-0,48331"
"38,23000";"16,77192";"-0,47421"
"38,24000";"16,75692";"-0,47235"
"38,25000";"16,74193";"-0,47193"
"38,26000";"16,72694";"-0,46886"
"38,27000";"16,71206";"-0,46484"
"38,28000";"16,69707";"-0,46112"
"38,29000";"16,68196";"-0,45914"
"38,30000";"16,66685";"-0,45388"
"38,31000";"16,65185";"-0,45004"
"38,32000";"16,63710";"-0,44696"
"38,33000";"16,62199";"-0,43765"
"38,34000";"16,60687";"-0,42504"
"38,35000";"16,59188";"-0,41876"
"38,36000";"16,57689";"-0,42006"
"38,37000";"16,56166";"-0,41076"
"38,38000";"16,54667";"-0,40327"
"38,39000";"16,53167";"-0,39979"
"38,40000";"16,51692";"-0,39009"
"38,41000";"16,50204";"-0,38080"
"38,42000";"16,48705";"-0,37612"
"38,43000";"16,47194";"-0,38660"
"38,44000";"16,45706";"-0,39608"
"38,45000";"16,44195";"-0,40338"
"38,46000";"16,42684";"-0,41125"
"38,47000";"16,41185";"-0,40837"
"38,48000";"16,39709";"-0,40147"
"38,49000";"16,38222";"-0,39417"
"38,50000";"16,36722";"-0,38393"
"38,51000";"16,35223";"-0,38518"
"38,52000";"16,33724";"-0,38121"
"38,53000";"16,32212";"-0,38579"
"38,54000";"16,30701";"-0,38768"
"38,55000";"16,29202";"-0,38103"
"38,56000";"16,27715";"-0,37623"
"38,57000";"16,26227";"-0,37148"
"38,58000";"16,24716";"-0,37110"
"38,59000";"16,23205";"-0,37431"
"38,60000";"16,21717";"-0,38038"
"38,61000";"16,20218";"-0,38371"
"38,62000";"16,18707";"-0,37588"
"38,63000";"16,17208";"-0,37049"
"38,64000";"16,15720";"-0,36087"
"38,65000";"16,14233";"-0,35866"
"38,66000";"16,12710";"-0,35294"
"38,67000";"16,11199";"-0,34549"
"38,68000";"16,09687";"-0,33922"
"38,69000";"16,08188";"-0,33011"
"38,70000";"16,06677";"-0,32663"
"38,71000";"16,05178";"-0,31955"
"38,72000";"16,03690";"-0,32270"
"38,73000";"16,02203";"-0,33337"
"38,74000";"16,00704";"-0,33407"
"38,75000";"15,99192";"-0,32873"
"38,76000";"15,97693";"-0,32327"
"38,77000";"15,96194";"-0,31636"
"38,78000";"15,94695";"-0,31843"
"38,79000";"15,93195";"-0,32047"
"38,80000";"15,91696";"-0,31942"
"38,81000";"15,90208";"-0,32049"
"38,82000";"15,88721";"-0,31092"
"38,83000";"15,87222";"-0,30212"
"38,84000";"15,85710";"-0,29437"
"38,85000";"15,84211";"-0,29607"
"38,86000";"15,82712";"-0,29760"
"38,87000";"15,81213";"-0,30215"
"38,88000";"15,79713";"-0,29840"
"38,89000";"15,78214";"-0,29089"
"38,90000";"15,76715";"-0,27922"
"38,91000";"15,75215";"-0,27132"
"38,92000";"15,73704";"-0,27508"
"38,93000";"15,72193";"-0,27857"
"38,94000";"15,70706";"-0,27671"
"38,95000";"15,69206";"-0,27307"
"38,96000";"15,67707";"-0,26730"
"38,97000";"15,66220";"-0,25555"
"38,98000";"15,64720";"-0,24945"
"38,99000";"15,63221";"-0,23937"
"39,00000";"15,61698";"-0,22791"
"39,01000";"15,60187";"-0,22360"
"39,02000";"15,58687";"-0,22471"
"39,03000";"15,57188";"-0,22786"
"39,04000";"15,55689";"-0,22829"
"39,05000";"15,54190";"-0,22076"
"39,06000";"15,52690";"-0,20823"
"39,07000";"15,51203";"-0,20034"
"39,08000";"15,49692";"-0,19855"
"39,09000";"15,48180";"-0,20266"
"39,10000";"15,46693";"-0,20794"
"39,11000";"15,45205";"-0,20421"
"39,12000";"15,43694";"-0,19713"
"39,13000";"15,42195";"-0,19833"
"39,14000";"15,40696";"-0,19472"
"39,15000";"15,39208";"-0,18200"
"39,16000";"15,37697";"-0,17254"
"39,17000";"15,36186";"-0,17422"
"39,18000";"15,34687";"-0,17801"
"39,19000";"15,33199";"-0,17336"
"39,20000";"15,31700";"-0,16710"
"39,21000";"15,30201";"-0,16492"
"39,22000";"15,28701";"-0,16484"
"39,23000";"15,27214";"-0,16203"
"39,24000";"15,25703";"-0,15808"
"39,25000";"15,24203";"-0,14887"
"39,26000";"15,22704";"-0,15015"
"39,27000";"15,21217";"-0,14923"
"39,28000";"15,19717";"-0,15080"
"39,29000";"15,18206";"-0,15295"
"39,30000";"15,16707";"-0,14922"
"39,31000";"15,15219";"-0,14348"
"39,32000";"15,13720";"-0,13402"
"39,33000";"15,12197";"-0,13115"
"39,34000";"15,10698";"-0,13416"
"39,35000";"15,09210";"-0,13351"
"39,36000";"15,07723";"-0,12944"
"39,37000";"15,06223";"-0,12320"
"39,38000";"15,04713";"-0,12189"
"39,39000";"15,03213";"-0,11451"
"39,40000";"15,01714";"-0,10033"
"39,41000";"15,00203";"-0,09847"
"39,42000";"14,98703";"-0,10412"
"39,43000";"14,97204";"-0,10280"
"39,44000";"14,95728";"-0,10156"
"39,45000";"14,94229";"-0,09800"
"39,46000";"14,92730";"-0,09235"
"39,47000";"14,91219";"-0,08585"
"39,48000";"14,89731";"-0,08666"
"39,49000";"14,88232";"-0,08198"
"39,50000";"14,86721";"-0,07894"
"39,51000";"14,85210";"-0,07153"
"39,52000";"14,83722";"-0,06813"
"39,53000";"14,82223";"-0,07541"
"39,54000";"14,80712";"-0,08118"
"39,55000";"14,79201";"-0,07936"
"39,56000";"14,77713";"-0,08418"
"39,57000";"14,76226";"-0,08656"
"39,58000";"14,74714";"-0,08656"
"39,59000";"14,73215";"-0,08570"
"39,60000";"14,71728";"-0,08040"
"39,61000";"14,70217";"-0,07928"
"39,62000";"14,68717";"-0,08084"
"39,63000";"14,67194";"-0,07923"
"39,64000";"14,65695";"-0,06990"
"39,65000";"14,64208";"-0,06213"
"39,66000";"14,62708";"-0,06046"
"39,67000";"14,61197";"-0,05422"
"39,68000";"14,59698";"-0,05052"
"39,69000";"14,58199";"-0,05541"
"39,70000";"14,56687";"-0,07255"
"39,71000";"14,55165";"-0,08422"
"39,72000";"14,53677";"-0,08864"
"39,73000";"14,52190";"-0,08785"
"39,74000";"14,50690";"-0,07492"
"39,75000";"14,49179";"-0,06272"
"39,76000";"14,47680";"-0,05410"
"39,77000";"14,46192";"-0,05860"
"39,78000";"14,44705";"-0,07040"
"39,79000";"14,43182";"-0,07586"
"39,80000";"14,41683";"-0,07481"
"39,81000";"14,40195";"-0,07252"
"39,82000";"14,38696";"-0,06895"
"39,83000";"14,37185";"-0,06266"
"39,84000";"14,35685";"-0,05685"
"39,85000";"14,34186";"-0,05568"
"39,86000";"14,32687";"-0,05048"
"39,87000";"14,31152";"-0,04450"
"39,88000";"14,29653";"-0,04391"
"39,89000";"14,28177";"-0,04652"
"39,90000";"14,26701";"-0,04910"
"39,91000";"14,25190";"-0,04518"
"39,92000";"14,23679";"-0,04132"
"39,93000";"14,22180";"-0,03258"
"39,94000";"14,20681";"-0,03393"
"39,95000";"14,19169";"-0,03906"
"39,96000";"14,17670";"-0,04621"
"39,97000";"14,16194";"-0,05417"
"39,98000";"14,14719";"-0,05852"
"39,99000";"14,13219";"-0,05224"
"40,00000";"14,11697";"-0,04391"
"40,01000";"14,10197";"-0,04826"
"40,02000";"14,08698";"-0,05120"
"40,03000";"14,07199";"-0,05037"
"40,04000";"14,05688";"-0,04532"
"40,05000";"14,04200";"-0,03512"
"40,06000";"14,02724";"-0,03275"
"40,07000";"14,01225";"-0,02440"
"40,08000";"13,99714";"-0,01943"
"40,09000";"13,98215";"-0,01990"
"40,10000";"13,96727";"-0,02174"
"40,11000";"13,95228";"-0,02384"
"40,12000";"13,93717";"-0,02813"
"40,13000";"13,92217";"-0,02692"
"40,14000";"13,90730";"-0,02229"
"40,15000";"13,89231";"-0,01642"
"40,16000";"13,87719";"-0,01466"
"40,17000";"13,86208";"-0,01110"
"40,18000";"13,84709";"-0,00967"
"40,19000";"13,83210";"-0,01183"
"40,20000";"13,81710";"-0,00997"
"40,21000";"13,80211";"-0,01231"
"40,22000";"13,78712";"-0,01487"
"40,23000";"13,77212";"-0,01417"
"40,24000";"13,75690";"-0,00803"
"40,25000";"13,74179";"-0,01068"
"40,26000";"13,72679";"-0,01659"
"40,27000";"13,71180";"-0,02538"
"40,28000";"13,69681";"-0,02533"
"40,29000";"13,68181";"-0,02383"
"40,30000";"13,66694";"-0,01924"
"40,31000";"13,65218";"-0,00955"
"40,32000";"13,63707";"-0,00974"
"40,33000";"13,62184";"-0,01292"
"40,34000";"13,60685";"-0,01406"
"40,35000";"13,59197";"-0,01196"
"40,36000";"13,57710";"-0,00706"
"40,37000";"13,56199";"-0,00952"
"40,38000";"13,54699";"-0,01913"
"40,39000";"13,53212";"-0,02497"
"40,40000";"13,51712";"-0,02429"
"40,41000";"13,50201";"-0,02394"
"40,42000";"13,48690";"-0,02794"
"40,43000";"13,47191";"-0,02820"
"40,44000";"13,45704";"-0,02052"
"40,45000";"13,44204";"-0,01363"
"40,46000";"13,42705";"-0,00863"
"40,47000";"13,41206";"-0,00118"
"40,48000";"13,39718";"0,00019"
"40,49000";"13,38195";"-0,00095"
"40,50000";"13,36684";"-0,00486"
"40,51000";"13,35185";"-0,00302"
"40,52000";"13,33709";"-0,00810"
"40,53000";"13,32210";"-0,00960"
"40,54000";"13,30699";"-0,01319"
"40,55000";"13,29199";"-0,01947"
"40,56000";"13,27700";"-0,01936"
"40,57000";"13,26189";"-0,01408"
"40,58000";"13,24678";"-0,01287"
"40,59000";"13,23167";"-0,01172"
"40,60000";"13,21691";"-0,00224"
"40,61000";"13,20203";"0,00566"
"40,62000";"13,18692";"0,00149"
"40,63000";"13,17193";"-0,01138"
"40,64000";"13,15706";"-0,02048"
"40,65000";"13,14194";"-0,02334"
"40,66000";"13,12683";"-0,02008"
"40,67000";"13,11172";"-0,01326"
"40,68000";"13,09685";"-0,00737"
"40,69000";"13,08209";"-0,00808"
"40,70000";"13,06698";"-0,00970"
"40,71000";"13,05187";"-0,00863"
"40,72000";"13,03687";"-0,01384"
"40,73000";"13,02188";"-0,01899"
"40,74000";"13,00677";"-0,01774"
"40,75000";"12,99178";"-0,01058"
"40,76000";"12,97702";"-0,01178"
"40,77000";"12,96215";"-0,02087"
"40,78000";"12,94715";"-0,02480"
"40,79000";"12,93204";"-0,02860"
"40,80000";"12,91705";"-0,03126"
"40,81000";"12,90205";"-0,02393"
"40,82000";"12,88706";"-0,01414"
"40,83000";"12,87195";"-0,00929"
"40,84000";"12,85708";"-0,01038"
"40,85000";"12,84220";"-0,01173"
"40,86000";"12,82709";"-0,00906"
"40,87000";"12,81198";"-0,00728"
"40,88000";"12,79699";"-0,00841"
"40,89000";"12,78199";"-0,01214"
"40,90000";"12,76700";"-0,01035"
"40,91000";"12,75189";"-0,00863"
"40,92000";"12,73690";"-0,00834"
"40,93000";"12,72214";"-0,00722"
"40,94000";"12,70703";"-0,00114"
"40,95000";"12,69192";"0,00328"
"40,96000";"12,67681";"0,00643"
"40,97000";"12,66181";"0,00846"
"40,98000";"12,64682";"0,00891"
"40,99000";"12,63171";"0,00564"
"41,00000";"12,61683";"0,00281"
"41,01000";"12,60196";"0,00086"
"41,02000";"12,58697";"-0,00109"
"41,03000";"12,57197";"-0,00268"
"41,04000";"12,55686";"0,00100"
"41,05000";"12,54187";"-0,00017"
"41,06000";"12,52688";"-0,00516"
"41,07000";"12,51188";"0,00055"
"41,08000";"12,49689";"0,00106"
"41,09000";"12,48190";"-0,00250"
"41,10000";"12,46690";"0,00194"
"41,11000";"12,45191";"0,00151"
"41,12000";"12,43692";"-0,00041"
"41,13000";"12,42180";"-0,00643"
"41,14000";"12,40693";"-0,00819"
"41,15000";"12,39206";"-0,01248"
"41,16000";"12,37706";"-0,01713"
"41,17000";"12,36207";"-0,01497"
"41,18000";"12,34708";"-0,01426"
"41,19000";"12,33208";"-0,01046"
"41,20000";"12,31697";"-0,00911"
"41,21000";"12,30186";"-0,00299"
"41,22000";"12,28687";"-0,00968"
"41,23000";"12,27188";"-0,01574"
"41,24000";"12,25700";"-0,01130"
"41,25000";"12,24212";"-0,00888"
"41,26000";"12,22701";"-0,00757"
"41,27000";"12,21202";"-0,00986"
"41,28000";"12,19691";"-0,00581"
"41,29000";"12,18180";"0,00040"
"41,30000";"12,16681";"0,00332"
"41,31000";"12,15193";"0,01179"
"41,32000";"12,13706";"0,00749"
"41,33000";"12,12206";"-0,00182"
"41,34000";"12,10707";"-0,00090"
"41,35000";"12,09219";"-0,00037"
"41,36000";"12,07720";"0,00120"
"41,37000";"12,06209";"-0,00361"
"41,38000";"12,04710";"-0,01122"
"41,39000";"12,03222";"-0,01924"
"41,40000";"12,01723";"-0,01616"
"41,41000";"12,00212";"-0,01825"
"41,42000";"11,98701";"-0,01733"
"41,43000";"11,97190";"-0,01767"
"41,44000";"11,95690";"-0,01414"
"41,45000";"11,94179";"-0,00331"
"41,46000";"11,92680";"0,00172"
"41,47000";"11,91192";"0,00164"
"41,48000";"11,89705";"0,00446"
"41,49000";"11,88206";"-0,00136"
"41,50000";"11,86695";"-0,00981"
"41,51000";"11,85195";"-0,01101"
"41,52000";"11,83696";"-0,00980"
"41,53000";"11,82185";"-0,01552"
"41,54000";"11,80685";"-0,01045"
"41,55000";"11,79186";"-0,01313"
"41,56000";"11,77699";"-0,00700"
"41,57000";"11,76199";"-0,00583"
"41,58000";"11,74688";"-0,00618"
"41,59000";"11,73189";"-0,00393"
"41,60000";"11,71701";"-0,00549"
"41,61000";"11,70202";"-0,00835"
"41,62000";"11,68703";"-0,00550"
"41,63000";"11,67204";"-0,00388"
"41,64000";"11,65693";"-0,00392"
"41,65000";"11,64205";"-0,00386"
"41,66000";"11,62694";"-0,01199"
"41,67000";"11,61195";"-0,02050"
"41,68000";"11,59683";"-0,02266"
"41,69000";"11,58196";"-0,02956"
"41,70000";"11,56697";"-0,03484"
"41,71000";"11,55197";"-0,03676"
"41,72000";"11,53698";"-0,04090"
"41,73000";"11,52199";"-0,04018"
"41,74000";"11,50699";"-0,02641"
"41,75000";"11,49188";"-0,01261"
"41,76000";"11,47689";"-0,00586"
"41,77000";"11,46201";"-0,00437"
"41,78000";"11,44714";"-0,00479"
"41,79000";"11,43203";"-0,00193"
"41,80000";"11,41704";"-0,00011"
"41,81000";"11,40216";"-0,00500"
"41,82000";"11,38717";"-0,00635"
"41,83000";"11,37194";"-0,01210"
"41,84000";"11,35694";"-0,02306"
"41,85000";"11,34195";"-0,03179"
"41,86000";"11,32696";"-0,03494"
"41,87000";"11,31185";"-0,03371"
"41,88000";"11,29685";"-0,03110"
"41,89000";"11,28198";"-0,02885"
"41,90000";"11,26710";"-0,02350"
"41,91000";"11,25211";"-0,02564"
"41,92000";"11,23700";"-0,02515"
"41,93000";"11,22213";"-0,01083"
"41,94000";"11,20725";"-0,00907"
"41,95000";"11,19226";"-0,00466"
"41,96000";"11,17703";"-0,00240"
"41,97000";"11,16192";"-0,00325"
"41,98000";"11,14704";"-0,00657"
"41,99000";"11,13205";"-0,00630"
"42,00000";"11,11694";"-0,01318"
"42,01000";"11,10194";"-0,01799"
"42,02000";"11,08707";"-0,02437"
"42,03000";"11,07208";"-0,02170"
"42,04000";"11,05696";"-0,01159"
"42,05000";"11,04197";"-0,01128"
"42,06000";"11,02686";"-0,01132"
"42,07000";"11,01187";"-0,01304"
"42,08000";"10,99688";"-0,01550"
"42,09000";"10,98188";"-0,00794"
"42,10000";"10,96701";"-0,00318"
"42,11000";"10,95213";"0,00001"
"42,12000";"10,93702";"-0,00280"
"42,13000";"10,92191";"-0,00844"
"42,14000";"10,90692";"-0,01101"
"42,15000";"10,89192";"-0,01030"
"42,16000";"10,87681";"-0,00739"
"42,17000";"10,86182";"-0,01259"
"42,18000";"10,84683";"-0,01508"
"42,19000";"10,83195";"-0,01333"
"42,20000";"10,81696";"-0,01680"
"42,21000";"10,80185";"-0,01908"
"42,22000";"10,78686";"-0,02111"
"42,23000";"10,77198";"-0,02351"
"42,24000";"10,75699";"-0,01961"
"42,25000";"10,74199";"-0,01355"
"42,26000";"10,72700";"-0,01003"
"42,27000";"10,71213";"-0,00325"
"42,28000";"10,69713";"-0,00100"
"42,29000";"10,68214";"-0,00902"
"42,30000";"10,66703";"-0,01537"
"42,31000";"10,65215";"-0,01592"
"42,32000";"10,63716";"-0,01493"
"42,33000";"10,62217";"-0,01436"
"42,34000";"10,60717";"-0,01511"
"42,35000";"10,59230";"-0,01863"
"42,36000";"10,57742";"-0,01777"
"42,37000";"10,56231";"-0,01434"
"42,38000";"10,54720";"-0,01196"
"42,39000";"10,53209";"-0,01147"
"42,40000";"10,51722";"-0,00637"
"42,41000";"10,50234";"-0,00555"
"42,42000";"10,48735";"-0,01190"
"42,43000";"10,47235";"-0,01705"
"42,44000";"10,45736";"-0,01329"
"42,45000";"10,44225";"-0,01127"
"42,46000";"10,42714";"-0,01552"
"42,47000";"10,41215";"-0,02451"
"42,48000";"10,39715";"-0,03531"
"42,49000";"10,38216";"-0,03749"
"42,50000";"10,36705";"-0,03069"
"42,51000";"10,35206";"-0,02717"
"42,52000";"10,33706";"-0,02277"
"42,53000";"10,32207";"-0,02714"
"42,54000";"10,30696";"-0,02854"
"42,55000";"10,29197";"-0,02665"
"42,56000";"10,27709";"-0,02714"
"42,57000";"10,26210";"-0,02691"
"42,58000";"10,24699";"-0,02486"
"42,59000";"10,23199";"-0,02354"
"42,60000";"10,21712";"-0,02585"
"42,61000";"10,20224";"-0,02550"
"42,62000";"10,18713";"-0,02558"
"42,63000";"10,17190";"-0,02762"
"42,64000";"10,15691";"-0,02143"
"42,65000";"10,14192";"-0,01331"
"42,66000";"10,12681";"-0,01347"
"42,67000";"10,11169";"-0,01591"
"42,68000";"10,09670";"-0,01492"
"42,69000";"10,08183";"-0,01791"
"42,70000";"10,06671";"-0,02021"
"42,71000";"10,05172";"-0,02921"
"42,72000";"10,03673";"-0,03393"
"42,73000";"10,02197";"-0,03772"
"42,74000";"10,00698";"-0,02390"
"42,75000";"9,99187";"-0,01465"
"42,76000";"9,97688";"-0,00175"
"42,77000";"9,96200";"0,00527"
"42,78000";"9,94689";"0,00614"
"42,79000";"9,93178";"-0,00140"
"42,80000";"9,91690";"-0,01185"
"42,81000";"9,90203";"-0,01408"
"42,82000";"9,88703";"-0,01321"
"42,83000";"9,87192";"-0,01072"
"42,84000";"9,85681";"-0,01164"
"42,85000";"9,84194";"-0,01559"
"42,86000";"9,82683";"-0,02066"
"42,87000";"9,81183";"-0,02235"
"42,88000";"9,79684";"-0,02616"
"42,89000";"9,78197";"-0,02682"
"42,90000";"9,76721";"-0,02523"
"42,91000";"9,75210";"-0,02286"
"42,92000";"9,73699";"-0,01326"
"42,93000";"9,72211";"-0,00398"
"42,94000";"9,70712";"-0,00898"
"42,95000";"9,69213";"-0,01568"
"42,96000";"9,67701";"-0,01893"
"42,97000";"9,66214";"-0,01892"
"42,98000";"9,64726";"-0,01520"
"42,99000";"9,63215";"-0,01044"
"43,00000";"9,61704";"-0,00929"
"43,01000";"9,60205";"-0,01261"
"43,02000";"9,58717";"-0,02105"
"43,03000";"9,57218";"-0,03024"
"43,04000";"9,55719";"-0,02576"
"43,05000";"9,54220";"-0,02183"
"43,06000";"9,52732";"-0,01333"
"43,07000";"9,51221";"-0,01647"
"43,08000";"9,49698";"-0,02116"
"43,09000";"9,48187";"-0,02208"
"43,10000";"9,46699";"-0,01737"
"43,11000";"9,45200";"-0,00792"
"43,12000";"9,43689";"-0,00651"
"43,13000";"9,42201";"-0,00614"
"43,14000";"9,40714";"-0,01274"
"43,15000";"9,39215";"-0,01297"
"43,16000";"9,37704";"-0,00546"
"43,17000";"9,36192";"-0,00380"
"43,18000";"9,34693";"-0,00449"
"43,19000";"9,33206";"-0,00881"
"43,20000";"9,31694";"-0,00898"
"43,21000";"9,30195";"-0,01461"
"43,22000";"9,28708";"-0,01838"
"43,23000";"9,27220";"-0,01864"
"43,24000";"9,25709";"-0,01666"
"43,25000";"9,24198";"-0,01239"
"43,26000";"9,22699";"-0,01464"
"43,27000";"9,21199";"-0,01894"
"43,28000";"9,19712";"-0,02133"
"43,29000";"9,18189";"-0,01974"
"43,30000";"9,16701";"-0,02249"
"43,31000";"9,15214";"-0,02149"
"43,32000";"9,13715";"-0,01540"
"43,33000";"9,12192";"-0,02015"
"43,34000";"9,10704";"-0,02234"
"43,35000";"9,09217";"-0,01968"
"43,36000";"9,07717";"-0,01410"
"43,37000";"9,06206";"-0,01313"
"43,38000";"9,04695";"-0,01405"
"43,39000";"9,03196";"-0,01471"
"43,40000";"9,01696";"-0,01433"
"43,41000";"9,00174";"-0,01999"
"43,42000";"8,98662";"-0,02789"
"43,43000";"8,97175";"-0,02888"
"43,44000";"8,95688";"-0,02382"
"43,45000";"8,94188";"-0,01233"
"43,46000";"8,92689";"-0,00313"
"43,47000";"8,91190";"-0,00449"
"43,48000";"8,89690";"-0,01164"
"43,49000";"8,88191";"-0,01866"
"43,50000";"8,86680";"-0,01718"
"43,51000";"8,85192";"-0,01216"
"43,52000";"8,83717";"-0,01208"
"43,53000";"8,82217";"-0,00936"
"43,54000";"8,80694";"-0,01096"
"43,55000";"8,79195";"-0,01421"
"43,56000";"8,77708";"-0,01095"
"43,57000";"8,76208";"-0,00185"
"43,58000";"8,74697";"-0,00295"
"43,59000";"8,73198";"-0,00518"
"43,60000";"8,71722";"-0,00922"
"43,61000";"8,70235";"-0,00852"
"43,62000";"8,68712";"-0,02009"
"43,63000";"8,67213";"-0,03800"
"43,64000";"8,65713";"-0,03936"
"43,65000";"8,64214";"-0,03687"
"43,66000";"8,62703";"-0,03336"
"43,67000";"8,61203";"-0,02098"
"43,68000";"8,59716";"-0,00821"
"43,69000";"8,58228";"-0,00531"
"43,70000";"8,56717";"-0,00461"
"43,71000";"8,55206";"-0,00276"
"43,72000";"8,53707";"-0,00575"
"43,73000";"8,52196";"-0,00892"
"43,74000";"8,50685";"-0,00522"
"43,75000";"8,49185";"-0,00290"
"43,76000";"8,47698";"-0,00331"
"43,77000";"8,46199";"-0,00686"
"43,78000";"8,44687";"-0,00822"
"43,79000";"8,43165";"-0,00551"
"43,80000";"8,41665";"-0,00277"
"43,81000";"8,40166";"0,00505"
"43,82000";"8,38679";"0,01216"
"43,83000";"8,37179";"0,01260"
"43,84000";"8,35680";"0,00139"
"43,85000";"8,34192";"-0,00200"
"43,86000";"8,32705";"-0,00515"
"43,87000";"8,31194";"-0,01016"
"43,88000";"8,29683";"-0,01841"
"43,89000";"8,28183";"-0,02003"
"43,90000";"8,26696";"-0,01449"
"43,91000";"8,25185";"-0,01105"
"43,92000";"8,23685";"-0,01729"
"43,93000";"8,22198";"-0,01996"
"43,94000";"8,20699";"-0,01941"
"43,95000";"8,19188";"-0,02074"
"43,96000";"8,17676";"-0,02459"
"43,97000";"8,16189";"-0,03427"
"43,98000";"8,14701";"-0,03872"
"43,99000";"8,13202";"-0,03927"
"44,00000";"8,11703";"-0,03661"
"44,01000";"8,10204";"-0,03218"
"44,02000";"8,08704";"-0,03177"
"44,03000";"8,07193";"-0,02874"
"44,04000";"8,05682";"-0,03239"
"44,05000";"8,04183";"-0,03252"
"44,06000";"8,02695";"-0,02874"
"44,07000";"8,01208";"-0,02541"
"44,08000";"7,99708";"-0,02293"
"44,09000";"7,98209";"-0,02139"
"44,10000";"7,96710";"-0,02123"
"44,11000";"7,95210";"-0,01245"
"44,12000";"7,93699";"-0,00658"
"44,13000";"7,92188";"-0,01205"
"44,14000";"7,90712";"-0,02439"
"44,15000";"7,89225";"-0,03316"
"44,16000";"7,87714";"-0,03401"
"44,17000";"7,86203";"-0,03590"
"44,18000";"7,84704";"-0,03882"
"44,19000";"7,83204";"-0,03366"
"44,20000";"7,81693";"-0,02955"
"44,21000";"7,80182";"-0,02471"
"44,22000";"7,78694";"-0,01755"
"44,23000";"7,77219";"-0,00677"
"44,24000";"7,75719";"0,00128"
"44,25000";"7,74208";"-0,00376"
"44,26000";"7,72709";"-0,00478"
"44,27000";"7,71222";"0,00278"
"44,28000";"7,69710";"0,00268"
"44,29000";"7,68199";"-0,00479"
"44,30000";"7,66712";"-0,00547"
"44,31000";"7,65212";"-0,00737"
"44,32000";"7,63713";"-0,01118"
"44,33000";"7,62202";"-0,01833"
"44,34000";"7,60703";"-0,02081"
"44,35000";"7,59192";"-0,02240"
"44,36000";"7,57692";"-0,02373"
"44,37000";"7,56181";"-0,02295"
"44,38000";"7,54670";"-0,02698"
"44,39000";"7,53194";"-0,02934"
"44,40000";"7,51695";"-0,02538"
"44,41000";"7,50196";"-0,02205"
"44,42000";"7,48685";"-0,02110"
"44,43000";"7,47185";"-0,02705"
"44,44000";"7,45686";"-0,02803"
"44,45000";"7,44187";"-0,02497"
"44,46000";"7,42687";"-0,02548"
"44,47000";"7,41188";"-0,02414"
"44,48000";"7,39701";"-0,02486"
"44,49000";"7,38190";"-0,02359"
"44,50000";"7,36679";"-0,02114"
"44,51000";"7,35191";"-0,01973"
"44,52000";"7,33680";"-0,02251"
"44,53000";"7,32181";"-0,02704"
"44,54000";"7,30681";"-0,03743"
"44,55000";"7,29194";"-0,04477"
"44,56000";"7,27706";"-0,05292"
"44,57000";"7,26207";"-0,05403"
"44,58000";"7,24696";"-0,04588"
"44,59000";"7,23185";"-0,03178"
"44,60000";"7,21685";"-0,02105"
"44,61000";"7,20186";"-0,01917"
"44,62000";"7,18687";"-0,01323"
"44,63000";"7,17188";"-0,01559"
"44,64000";"7,15700";"-0,02137"
"44,65000";"7,14201";"-0,01258"
"44,66000";"7,12690";"-0,00436"
"44,67000";"7,11190";"-0,00965"
"44,68000";"7,09691";"-0,01539"
"44,69000";"7,08192";"-0,01517"
"44,70000";"7,06692";"-0,00807"
"44,71000";"7,05193";"-0,00960"
"44,72000";"7,03694";"-0,01905"
"44,73000";"7,02194";"-0,03294"
"44,74000";"7,00695";"-0,03416"
"44,75000";"6,99184";"-0,03365"
"44,76000";"6,97697";"-0,03586"
"44,77000";"6,96209";"-0,03231"
"44,78000";"6,94722";"-0,03261"
"44,79000";"6,93222";"-0,03417"
"44,80000";"6,91723";"-0,03743"
"44,81000";"6,90224";"-0,03593"
"44,82000";"6,88724";"-0,03391"
"44,83000";"6,87201";"-0,03280"
"44,84000";"6,85690";"-0,03370"
"44,85000";"6,84203";"-0,03579"
"44,86000";"6,82703";"-0,03686"
"44,87000";"6,81204";"-0,03206"
"44,88000";"6,79705";"-0,03379"
"44,89000";"6,78206";"-0,03012"
"44,90000";"6,76706";"-0,02640"
"44,91000";"6,75183";"-0,01694"
"44,92000";"6,73684";"-0,01324"
"44,93000";"6,72208";"-0,01932"
"44,94000";"6,70721";"-0,02933"
"44,95000";"6,69210";"-0,03198"
"44,96000";"6,67699";"-0,02931"
"44,97000";"6,66199";"-0,02566"
"44,98000";"6,64700";"-0,02777"
"44,99000";"6,63189";"-0,03041"
"45,00000";"6,61678";"-0,02851"
"45,01000";"6,60178";"-0,02725"
"45,02000";"6,58703";"-0,03226"
"45,03000";"6,57227";"-0,03365"
"45,04000";"6,55728";"-0,03397"
"45,05000";"6,54228";"-0,03149"
"45,06000";"6,52729";"-0,03170"
"45,07000";"6,51206";"-0,02694"
"45,08000";"6,49683";"-0,02247"
"45,09000";"6,48172";"-0,02060"
"45,10000";"6,46685";"-0,02197"
"45,11000";"6,45197";"-0,02514"
"45,12000";"6,43698";"-0,02966"
"45,13000";"6,42199";"-0,04306"
"45,14000";"6,40699";"-0,05136"
"45,15000";"6,39200";"-0,05788"
"45,16000";"6,37701";"-0,05538"
"45,17000";"6,36201";"-0,05234"
"45,18000";"6,34702";"-0,04700"
"45,19000";"6,33215";"-0,04207"
"45,20000";"6,31703";"-0,03522"
"45,21000";"6,30204";"-0,03185"
"45,22000";"6,28693";"-0,03697"
"45,23000";"6,27194";"-0,03854"
"45,24000";"6,25694";"-0,03268"
"45,25000";"6,24183";"-0,02953"
"45,26000";"6,22696";"-0,02930"
"45,27000";"6,21197";"-0,03193"
"45,28000";"6,19697";"-0,02901"
"45,29000";"6,18186";"-0,02659"
"45,30000";"6,16675";"-0,02033"
"45,31000";"6,15176";"-0,01378"
"45,32000";"6,13700";"-0,01444"
"45,33000";"6,12201";"-0,02439"
"45,34000";"6,10701";"-0,03864"
"45,35000";"6,09214";"-0,05068"
"45,36000";"6,07703";"-0,04970"
"45,37000";"6,06192";"-0,04332"
"45,38000";"6,04681";"-0,03116"
"45,39000";"6,03181";"-0,02027"
"45,40000";"6,01706";"-0,01911"
"45,41000";"6,00206";"-0,02287"
"45,42000";"5,98695";"-0,02489"
"45,43000";"5,97196";"-0,02775"
"45,44000";"5,95708";"-0,03047"
"45,45000";"5,94197";"-0,02797"
"45,46000";"5,92686";"-0,01876"
"45,47000";"5,91199";"-0,01707"
"45,48000";"5,89711";"-0,02489"
"45,49000";"5,88224";"-0,02662"
"45,50000";"5,86724";"-0,02519"
"45,51000";"5,85213";"-0,02679"
"45,52000";"5,83714";"-0,03028"
"45,53000";"5,82203";"-0,02898"
"45,54000";"5,80692";"-0,03365"
"45,55000";"5,79192";"-0,04650"
"45,56000";"5,77705";"-0,04729"
"45,57000";"5,76217";"-0,04222"
"45,58000";"5,74706";"-0,03615"
"45,59000";"5,73207";"-0,02859"
"45,60000";"5,71708";"-0,02738"
"45,61000";"5,70220";"-0,02750"
"45,62000";"5,68697";"-0,03392"
"45,63000";"5,67186";"-0,03511"
"45,64000";"5,65699";"-0,03890"
"45,65000";"5,64211";"-0,03663"
"45,66000";"5,62700";"-0,04269"
"45,67000";"5,61189";"-0,04407"
"45,68000";"5,59690";"-0,03168"
"45,69000";"5,58190";"-0,02701"
"45,70000";"5,56691";"-0,02619"
"45,71000";"5,55192";"-0,02451"
"45,72000";"5,53704";"-0,02685"
"45,73000";"5,52217";"-0,03199"
"45,74000";"5,50717";"-0,03062"
"45,75000";"5,49206";"-0,02702"
"45,76000";"5,47695";"-0,02315"
"45,77000";"5,46208";"-0,02160"
"45,78000";"5,44697";"-0,02996"
"45,79000";"5,43197";"-0,03623"
"45,80000";"5,41698";"-0,03272"
"45,81000";"5,40210";"-0,03504"
"45,82000";"5,38711";"-0,03867"
"45,83000";"5,37200";"-0,04364"
"45,84000";"5,35701";"-0,04784"
"45,85000";"5,34201";"-0,04878"
"45,86000";"5,32714";"-0,04749"
"45,87000";"5,31215";"-0,04699"
"45,88000";"5,29715";"-0,04684"
"45,89000";"5,28228";"-0,03796"
"45,90000";"5,26728";"-0,02792"
"45,91000";"5,25217";"-0,02422"
"45,92000";"5,23706";"-0,03606"
"45,93000";"5,22207";"-0,04249"
"45,94000";"5,20708";"-0,04409"
"45,95000";"5,19197";"-0,04669"
"45,96000";"5,17697";"-0,04680"
"45,97000";"5,16210";"-0,04402"
"45,98000";"5,14722";"-0,04154"
"45,99000";"5,13223";"-0,03895"
"46,00000";"5,11700";"-0,04266"
"46,01000";"5,10189";"-0,04429"
"46,02000";"5,08690";"-0,04614"
"46,03000";"5,07202";"-0,04187"
"46,04000";"5,05703";"-0,03221"
"46,05000";"5,04204";"-0,02197"
"46,06000";"5,02716";"-0,01223"
"46,07000";"5,01217";"-0,00741"
"46,08000";"4,99694";"-0,01291"
"46,09000";"4,98183";"-0,02151"
"46,10000";"4,96683";"-0,02696"
"46,11000";"4,95184";"-0,02717"
"46,12000";"4,93685";"-0,02760"
"46,13000";"4,92185";"-0,03008"
"46,14000";"4,90698";"-0,02988"
"46,15000";"4,89199";"-0,02845"
"46,16000";"4,87688";"-0,02739"
"46,17000";"4,86176";"-0,03472"
"46,18000";"4,84677";"-0,04060"
"46,19000";"4,83201";"-0,04147"
"46,20000";"4,81702";"-0,03931"
"46,21000";"4,80203";"-0,03343"
"46,22000";"4,78703";"-0,02802"
"46,23000";"4,77216";"-0,02955"
"46,24000";"4,75705";"-0,02987"
"46,25000";"4,74182";"-0,03897"
"46,26000";"4,72694";"-0,04430"
"46,27000";"4,71207";"-0,05220"
"46,28000";"4,69731";"-0,04898"
"46,29000";"4,68220";"-0,05115"
"46,30000";"4,66709";"-0,04964"
"46,31000";"4,65222";"-0,04303"
"46,32000";"4,63722";"-0,03288"
"46,33000";"4,62199";"-0,03057"
"46,34000";"4,60688";"-0,03205"
"46,35000";"4,59189";"-0,03384"
"46,36000";"4,57701";"-0,03567"
"46,37000";"4,56202";"-0,03535"
"46,38000";"4,54703";"-0,02780"
"46,39000";"4,53215";"-0,02588"
"46,40000";"4,51728";"-0,02126"
"46,41000";"4,50228";"-0,02369"
"46,42000";"4,48717";"-0,03030"
"46,43000";"4,47230";"-0,03243"
"46,44000";"4,45754";"-0,03256"
"46,45000";"4,44243";"-0,03427"
"46,46000";"4,42732";"-0,03163"
"46,47000";"4,41221";"-0,02992"
"46,48000";"4,39722";"-0,03047"
"46,49000";"4,38210";"-0,03421"
"46,50000";"4,36699";"-0,03888"
"46,51000";"4,35200";"-0,04829"
"46,52000";"4,33712";"-0,05055"
"46,53000";"4,32213";"-0,04933"
"46,54000";"4,30702";"-0,04248"
"46,55000";"4,29203";"-0,03872"
"46,56000";"4,27715";"-0,04435"
"46,57000";"4,26216";"-0,04564"
"46,58000";"4,24705";"-0,05256"
"46,59000";"4,23217";"-0,05659"
"46,60000";"4,21730";"-0,06065"
"46,61000";"4,20242";"-0,06267"
"46,62000";"4,18719";"-0,05299"
"46,63000";"4,17208";"-0,03857"
"46,64000";"4,15709";"-0,03351"
"46,65000";"4,14222";"-0,03033"
"46,66000";"4,12710";"-0,02811"
"46,67000";"4,11199";"-0,02907"
"46,68000";"4,09712";"-0,03728"
"46,69000";"4,08224";"-0,04444"
"46,70000";"4,06701";"-0,04919"
"46,71000";"4,05190";"-0,04668"
"46,72000";"4,03691";"-0,04506"
"46,73000";"4,02203";"-0,04353"
"46,74000";"4,00704";"-0,04168"
"46,75000";"3,99193";"-0,04265"
"46,76000";"3,97694";"-0,04506"
"46,77000";"3,96206";"-0,04296"
"46,78000";"3,94695";"-0,04397"
"46,79000";"3,93172";"-0,04327"
"46,80000";"3,91661";"-0,03959"
"46,81000";"3,90185";"-0,03216"
"46,82000";"3,88698";"-0,01970"
"46,83000";"3,87175";"-0,01165"
"46,84000";"3,85676";"-0,01558"
"46,85000";"3,84176";"-0,02820"
"46,86000";"3,82677";"-0,03818"
"46,87000";"3,81166";"-0,03998"
"46,88000";"3,79655";"-0,03932"
"46,89000";"3,78179";"-0,03573"
"46,90000";"3,76692";"-0,03628"
"46,91000";"3,75192";"-0,03886"
"46,92000";"3,73681";"-0,03895"
"46,93000";"3,72182";"-0,04134"
"46,94000";"3,70683";"-0,04209"
"46,95000";"3,69160";"-0,03995"
"46,96000";"3,67649";"-0,03633"
"46,97000";"3,66161";"-0,03099"
"46,98000";"3,64685";"-0,03062"
"46,99000";"3,63186";"-0,02464"
"47,00000";"3,61687";"-0,02273"
"47,01000";"3,60187";"-0,02525"
"47,02000";"3,58712";"-0,02664"
"47,03000";"3,57212";"-0,03294"
"47,04000";"3,55701";"-0,04147"
"47,05000";"3,54202";"-0,04256"
"47,06000";"3,52726";"-0,03980"
"47,07000";"3,51227";"-0,03652"
"47,08000";"3,49716";"-0,03300"
"47,09000";"3,48205";"-0,03519"
"47,10000";"3,46706";"-0,03529"
"47,11000";"3,45194";"-0,03433"
"47,12000";"3,43695";"-0,02749"
"47,13000";"3,42208";"-0,02617"
"47,14000";"3,40720";"-0,02758"
"47,15000";"3,39244";"-0,03094"
"47,16000";"3,37722";"-0,03541"
"47,17000";"3,36210";"-0,04110"
"47,18000";"3,34711";"-0,04069"
"47,19000";"3,33200";"-0,03332"
"47,20000";"3,31689";"-0,03128"
"47,21000";"3,30190";"-0,03483"
"47,22000";"3,28702";"-0,04026"
"47,23000";"3,27215";"-0,04600"
"47,24000";"3,25703";"-0,05086"
"47,25000";"3,24192";"-0,05171"
"47,26000";"3,22693";"-0,04635"
"47,27000";"3,21206";"-0,03684"
"47,28000";"3,19706";"-0,03049"
"47,29000";"3,18195";"-0,03269"
"47,30000";"3,16696";"-0,03396"
"47,31000";"3,15197";"-0,03322"
"47,32000";"3,13697";"-0,01763"
"47,33000";"3,12186";"0,00153"
"47,34000";"3,10687";"-0,00206"
"47,35000";"3,09187";"-0,01605"
"47,36000";"3,07688";"-0,02513"
"47,37000";"3,06189";"-0,03283"
"47,38000";"3,04690";"-0,03791"
"47,39000";"3,03202";"-0,03813"
"47,40000";"3,01703";"-0,03017"
"47,41000";"3,00192";"-0,02596"
"47,42000";"2,98681";"-0,02342"
"47,43000";"2,97193";"-0,02212"
"47,44000";"2,95706";"-0,01961"
"47,45000";"2,94206";"-0,01568"
"47,46000";"2,92719";"-0,01473"
"47,47000";"2,91219";"-0,01129"
"47,48000";"2,89720";"-0,01317"
"47,49000";"2,88209";"-0,01360"
"47,50000";"2,86698";"-0,01213"
"47,51000";"2,85187";"-0,01106"
"47,52000";"2,83699";"-0,01024"
"47,53000";"2,82200";"-0,00541"
"47,54000";"2,80689";"-0,00272"
"47,55000";"2,79201";"-0,01102"
"47,56000";"2,77702";"-0,01456"
"47,57000";"2,76191";"-0,01628"
"47,58000";"2,74680";"-0,01421"
"47,59000";"2,73181";"-0,01487"
"47,60000";"2,71693";"-0,00893"
"47,61000";"2,70206";"-0,00184"
"47,62000";"2,68694";"-0,00303"
"47,63000";"2,67195";"-0,00621"
"47,64000";"2,65696";"-0,00924"
"47,65000";"2,64197";"-0,00624"
"47,66000";"2,62685";"-0,00474"
"47,67000";"2,61174";"-0,00577"
"47,68000";"2,59687";"-0,00187"
"47,69000";"2,58199";"0,00548"
"47,70000";"2,56700";"0,00530"
"47,71000";"2,55189";"0,00210"
"47,72000";"2,53690";"0,00173"
"47,73000";"2,52190";"0,00079"
"47,74000";"2,50679";"-0,00311"
"47,75000";"2,49180";"-0,00703"
"47,76000";"2,47692";"-0,00880"
"47,77000";"2,46217";"-0,01027"
"47,78000";"2,44729";"-0,00469"
"47,79000";"2,43206";"0,00412"
"47,80000";"2,41707";"0,00579"
"47,81000";"2,40196";"0,00444"
"47,82000";"2,38685";"0,00537"
"47,83000";"2,37174";"0,00353"
"47,84000";"2,35674";"-0,00249"
"47,85000";"2,34199";"-0,00044"
"47,86000";"2,32711";"0,00549"
"47,87000";"2,31200";"-0,00105"
"47,88000";"2,29701";"0,00389"
"47,89000";"2,28201";"0,01152"
"47,90000";"2,26702";"0,00730"
"47,91000";"2,25203";"-0,00039"
"47,92000";"2,23703";"-0,00475"
"47,93000";"2,22216";"-0,00717"
"47,94000";"2,20717";"-0,00132"
"47,95000";"2,19206";"0,01332"
"47,96000";"2,17706";"0,02065"
"47,97000";"2,16207";"0,01734"
"47,98000";"2,14696";"0,01452"
"47,99000";"2,13197";"0,00555"
"48,00000";"2,11697";"-0,00569"
"48,01000";"2,10198";"-0,01003"
"48,02000";"2,08699";"-0,00551"
"48,03000";"2,07188";"-0,00335"
"48,04000";"2,05676";"-0,00152"
"48,05000";"2,04177";"-0,00260"
"48,06000";"2,02678";"-0,00817"
"48,07000";"2,01178";"-0,00944"
"48,08000";"1,99691";"-0,00122"
"48,09000";"1,98203";"-0,00254"
"48,10000";"1,96704";"-0,01269"
"48,11000";"1,95205";"-0,00836"
"48,12000";"1,93694";"-0,00019"
"48,13000";"1,92194";"-0,00497"
"48,14000";"1,90695";"-0,00827"
"48,15000";"1,89196";"-0,00185"
"48,16000";"1,87685";"-0,00370"
"48,17000";"1,86197";"-0,00457"
"48,18000";"1,84698";"0,00482"
"48,19000";"1,83199";"0,00773"
"48,20000";"1,81699";"0,00493"
"48,21000";"1,80188";"0,00500"
"48,22000";"1,78689";"0,00069"
"48,23000";"1,77201";"-0,00219"
"48,24000";"1,75702";"-0,00938"
"48,25000";"1,74203";"-0,01325"
"48,26000";"1,72703";"-0,01770"
"48,27000";"1,71204";"-0,01603"
"48,28000";"1,69705";"-0,01200"
"48,29000";"1,68194";"-0,00307"
"48,30000";"1,66694";"0,00127"
"48,31000";"1,65207";"0,00159"
"48,32000";"1,63708";"-0,00699"
"48,33000";"1,62208";"-0,01744"
"48,34000";"1,60697";"-0,02413"
"48,35000";"1,59210";"-0,02817"
"48,36000";"1,57710";"-0,01930"
"48,37000";"1,56187";"-0,00788"
"48,38000";"1,54688";"-0,00327"
"48,39000";"1,53201";"-0,00412"
"48,40000";"1,51701";"-0,00439"
"48,41000";"1,50214";"-0,00477"
"48,42000";"1,48703";"-0,00478"
"48,43000";"1,47203";"-0,00481"
"48,44000";"1,45704";"-0,00408"
"48,45000";"1,44193";"0,00184"
"48,46000";"1,42682";"0,00647"
"48,47000";"1,41194";"0,01150"
"48,48000";"1,39695";"0,01781"
"48,49000";"1,38208";"0,01824"
"48,50000";"1,36685";"0,01477"
"48,51000";"1,35185";"0,00576"
"48,52000";"1,33686";"-0,00287"
"48,53000";"1,32187";"-0,00297"
"48,54000";"1,30687";"0,00237"
"48,55000";"1,29188";"0,00293"
"48,56000";"1,27701";"0,00481"
"48,57000";"1,26213";"-0,00022"
"48,58000";"1,24702";"-0,00527"
"48,59000";"1,23203";"-0,00695"
"48,60000";"1,21715";"-0,00422"
"48,61000";"1,20204";"-0,00359"
"48,62000";"1,18705";"-0,00208"
"48,63000";"1,17206";"-0,00653"
"48,64000";"1,15706";"-0,00774"
"48,65000";"1,14219";"-0,00028"
"48,66000";"1,12708";"0,00012"
"48,67000";"1,11185";"-0,00422"
"48,68000";"1,09697";"-0,00860"
"48,69000";"1,08198";"-0,00706"
"48,70000";"1,06710";"-0,00393"
"48,71000";"1,05211";"-0,00795"
"48,72000";"1,03712";"-0,00345"
"48,73000";"1,02213";"0,00554"
"48,74000";"1,00701";"0,01033"
"48,75000";"0,99190";"0,00190"
"48,76000";"0,97691";"-0,00461"
"48,77000";"0,96192";"-0,00699"
"48,78000";"0,94692";"-0,00637"
"48,79000";"0,93193";"-0,00085"
"48,80000";"0,91694";"0,00223"
"48,81000";"0,90206";"0,00323"
"48,82000";"0,88695";"0,00725"
"48,83000";"0,87196";"0,00742"
"48,84000";"0,85685";"0,00454"
"48,85000";"0,84185";"0,00274"
"48,86000";"0,82698";"0,00438"
"48,87000";"0,81199";"0,00674"
"48,88000";"0,79699";"0,00754"
"48,89000";"0,78212";"0,00650"
"48,90000";"0,76724";"0,00502"
"48,91000";"0,75225";"-0,00264"
"48,92000";"0,73714";"-0,00457"
"48,93000";"0,72215";"-0,00566"
"48,94000";"0,70715";"-0,00277"
"48,95000";"0,69216";"0,00678"
"48,96000";"0,67705";"0,01157"
"48,97000";"0,66194";"0,00747"
"48,98000";"0,64706";"-0,00057"
"48,99000";"0,63207";"-0,00698"
"49,00000";"0,61696";"-0,01247"
"49,01000";"0,60208";"-0,01636"
"49,02000";"0,58721";"-0,01728"
"49,03000";"0,57210";"-0,01563"
"49,04000";"0,55699";"-0,01450"
"49,05000";"0,54188";"-0,01451"
"49,06000";"0,52688";"-0,01460"
"49,07000";"0,51189";"-0,01797"
"49,08000";"0,49678";"-0,00999"
"49,09000";"0,48167";"-0,00174"
"49,10000";"0,46691";"0,00501"
"49,11000";"0,45203";"0,01458"
"49,12000";"0,43692";"0,01518"
"49,13000";"0,42181";"0,00557"
"49,14000";"0,40682";"-0,00019"
"49,15000";"0,39183";"0,00459"
"49,16000";"0,37672";"0,01437"
"49,17000";"0,36172";"0,02241"
"49,18000";"0,34685";"0,02181"
"49,19000";"0,33209";"0,01747"
"49,20000";"0,31710";"0,01050"
"49,21000";"0,30210";"0,00212"
"49,22000";"0,28711";"-0,00619"
"49,23000";"0,27224";"-0,00918"
"49,24000";"0,25701";"-0,00837"
"49,25000";"0,24201";"-0,00573"
"49,26000";"0,22690";"-0,00756"
"49,27000";"0,21203";"-0,01025"
"49,28000";"0,19703";"-0,00681"
"49,29000";"0,18192";"-0,00548"
"49,30000";"0,16681";"-0,00452"
"49,31000";"0,15206";"-0,00297"
"49,32000";"0,13694";"-0,00538"
"49,33000";"0,12195";"-0,00345"
"49,34000";"0,10708";"-0,00173"
"49,35000";"0,09220";"-0,00001"
"49,36000";"0,07733";"-0,00109"
"49,37000";"0,06222";"-0,01038"
"49,38000";"0,04710";"-0,02296"
"49,39000";"0,03211";"-0,02954"
"49,40000";"0,01712";"-0,02817"
"49,41000";"0,00213";"-0,02564"
"49,41200";"-0,00083";"-0,02351"
