Hardness 1 : Kraftbei  Hardness 1;"372,77023";N
A1 : A1;"0,96579";J
A2 : A2;"0,10273";J
Springiness : Springiness;"0,00066";m
Cohesiveness : Cohesiveness;"0,10637";
Chewiness : Chewiness;"0,02599";J

Zeit;Traversenweg;Kraft
(s);(mm);(N)
"0,00000";"0,00000";"0,00557"
"0,01000";"0,00094";"0,01024"
"0,02000";"0,00578";"0,01955"
"0,03000";"0,01629";"0,03686"
"0,04000";"0,03140";"0,05284"
"0,05000";"0,04911";"0,06189"
"0,06000";"0,06800";"0,05826"
"0,07000";"0,08724";"0,04620"
"0,08000";"0,10601";"0,03301"
"0,09000";"0,12443";"0,02314"
"0,10000";"0,14226";"0,01299"
"0,11000";"0,15949";"-0,00137"
"0,12000";"0,17626";"-0,00715"
"0,13000";"0,19267";"-0,00201"
"0,14000";"0,20884";"0,00387"
"0,15000";"0,22478";"0,00310"
"0,16000";"0,24048";"0,00703"
"0,17000";"0,25594";"0,00375"
"0,18000";"0,27141";"0,00495"
"0,19000";"0,28664";"0,01225"
"0,20000";"0,30199";"0,01701"
"0,21000";"0,31733";"0,01794"
"0,22000";"0,33256";"0,01459"
"0,23000";"0,34767";"0,00195"
"0,24000";"0,36278";"-0,01246"
"0,25000";"0,37778";"-0,02014"
"0,26000";"0,39277";"-0,01586"
"0,27000";"0,40776";"-0,00842"
"0,28000";"0,42288";"0,00517"
"0,29000";"0,43799";"0,00968"
"0,30000";"0,45298";"0,01223"
"0,31000";"0,46809";"0,01377"
"0,32000";"0,48308";"0,02212"
"0,33000";"0,49808";"0,01517"
"0,34000";"0,51295";"-0,00052"
"0,35000";"0,52794";"-0,00908"
"0,36000";"0,54306";"-0,00729"
"0,37000";"0,55805";"-0,00629"
"0,38000";"0,57304";"-0,00440"
"0,39000";"0,58815";"-0,00299"
"0,40000";"0,60315";"-0,00633"
"0,41000";"0,61814";"-0,00510"
"0,42000";"0,63313";"0,00162"
"0,43000";"0,64812";"0,00607"
"0,44000";"0,66324";"0,00659"
"0,45000";"0,67823";"0,00675"
"0,46000";"0,69322";"0,00232"
"0,47000";"0,70810";"0,00148"
"0,48000";"0,72297";"0,00040"
"0,49000";"0,73797";"-0,00544"
"0,50000";"0,75296";"0,00392"
"0,51000";"0,76795";"0,01370"
"0,52000";"0,78306";"0,01848"
"0,53000";"0,79817";"0,01596"
"0,54000";"0,81328";"0,01073"
"0,55000";"0,82816";"0,00922"
"0,56000";"0,84303";"0,00637"
"0,57000";"0,85803";"-0,00121"
"0,58000";"0,87290";"0,00169"
"0,59000";"0,88790";"0,00487"
"0,60000";"0,90289";"0,00858"
"0,61000";"0,91800";"0,00820"
"0,62000";"0,93311";"0,00418"
"0,63000";"0,94810";"0,00550"
"0,64000";"0,96310";"0,01157"
"0,65000";"0,97797";"0,01383"
"0,66000";"0,99297";"0,01403"
"0,67000";"1,00796";"0,01081"
"0,68000";"1,02307";"0,01713"
"0,69000";"1,03806";"0,02322"
"0,70000";"1,05306";"0,01756"
"0,71000";"1,06805";"0,00712"
"0,72000";"1,08304";"0,00183"
"0,73000";"1,09815";"0,00203"
"0,74000";"1,11303";"0,00163"
"0,75000";"1,12814";"0,00484"
"0,76000";"1,14313";"0,00929"
"0,77000";"1,15813";"0,00942"
"0,78000";"1,17300";"-0,00001"
"0,79000";"1,18799";"-0,00628"
"0,80000";"1,20299";"-0,00110"
"0,81000";"1,21798";"0,00156"
"0,82000";"1,23297";"0,00257"
"0,83000";"1,24808";"0,00382"
"0,84000";"1,26319";"0,00246"
"0,85000";"1,27819";"0,00140"
"0,86000";"1,29306";"0,00731"
"0,87000";"1,30806";"0,01049"
"0,88000";"1,32305";"0,01398"
"0,89000";"1,33792";"0,01932"
"0,90000";"1,35280";"0,02410"
"0,91000";"1,36791";"0,01714"
"0,92000";"1,38302";"0,00348"
"0,93000";"1,39813";"0,00375"
"0,94000";"1,41313";"0,00862"
"0,95000";"1,42812";"0,00382"
"0,96000";"1,44311";"-0,00072"
"0,97000";"1,45799";"0,00604"
"0,98000";"1,47298";"0,00819"
"0,99000";"1,48797";"0,00428"
"1,00000";"1,50308";"0,00098"
"1,01000";"1,51808";"-0,00464"
"1,02000";"1,53307";"-0,00699"
"1,03000";"1,54806";"-0,00460"
"1,04000";"1,56294";"-0,00242"
"1,05000";"1,57793";"0,00044"
"1,06000";"1,59304";"-0,00336"
"1,07000";"1,60803";"-0,01193"
"1,08000";"1,62315";"-0,00904"
"1,09000";"1,63814";"-0,00382"
"1,10000";"1,65301";"0,00343"
"1,11000";"1,66813";"0,00507"
"1,12000";"1,68312";"0,00574"
"1,13000";"1,69811";"0,00704"
"1,14000";"1,71310";"0,01032"
"1,15000";"1,72810";"0,00672"
"1,16000";"1,74309";"0,00369"
"1,17000";"1,75808";"0,00545"
"1,18000";"1,77308";"0,00834"
"1,19000";"1,78795";"0,00784"
"1,20000";"1,80294";"0,00737"
"1,21000";"1,81782";"0,00454"
"1,22000";"1,83281";"0,00359"
"1,23000";"1,84792";"0,00494"
"1,24000";"1,86292";"0,00444"
"1,25000";"1,87803";"0,01083"
"1,26000";"1,89302";"0,01274"
"1,27000";"1,90801";"0,01460"
"1,28000";"1,92301";"0,00949"
"1,29000";"1,93788";"0,01395"
"1,30000";"1,95288";"0,01659"
"1,31000";"1,96775";"0,00357"
"1,32000";"1,98286";"-0,00362"
"1,33000";"1,99785";"0,00325"
"1,34000";"2,01285";"0,00615"
"1,35000";"2,02772";"0,01380"
"1,36000";"2,04260";"0,01307"
"1,37000";"2,05759";"0,00680"
"1,38000";"2,07270";"-0,00022"
"1,39000";"2,08769";"-0,00219"
"1,40000";"2,10281";"0,00051"
"1,41000";"2,11780";"0,00161"
"1,42000";"2,13291";"0,00547"
"1,43000";"2,14802";"0,00415"
"1,44000";"2,16313";"-0,00114"
"1,45000";"2,17813";"0,00670"
"1,46000";"2,19324";"0,01429"
"1,47000";"2,20835";"0,01742"
"1,48000";"2,22334";"0,02018"
"1,49000";"2,23845";"0,02067"
"1,50000";"2,25344";"0,01899"
"1,51000";"2,26832";"0,01648"
"1,52000";"2,28319";"0,01992"
"1,53000";"2,29807";"0,01831"
"1,54000";"2,31306";"0,01240"
"1,55000";"2,32806";"0,00655"
"1,56000";"2,34305";"0,00686"
"1,57000";"2,35804";"0,00849"
"1,58000";"2,37303";"0,01307"
"1,59000";"2,38803";"0,01770"
"1,60000";"2,40290";"0,01794"
"1,61000";"2,41778";"0,01141"
"1,62000";"2,43277";"0,00175"
"1,63000";"2,44776";"0,00046"
"1,64000";"2,46276";"-0,00255"
"1,65000";"2,47775";"-0,00411"
"1,66000";"2,49274";"-0,00181"
"1,67000";"2,50762";"0,00087"
"1,68000";"2,52261";"-0,00566"
"1,69000";"2,53749";"-0,00445"
"1,70000";"2,55248";"-0,00193"
"1,71000";"2,56759";"0,00367"
"1,72000";"2,58282";"0,01067"
"1,73000";"2,59793";"0,01270"
"1,74000";"2,61292";"0,00805"
"1,75000";"2,62803";"0,01065"
"1,76000";"2,64303";"0,00933"
"1,77000";"2,65802";"0,01154"
"1,78000";"2,67313";"0,00868"
"1,79000";"2,68824";"0,00363"
"1,80000";"2,70324";"0,00394"
"1,81000";"2,71835";"0,00346"
"1,82000";"2,73322";"0,00490"
"1,83000";"2,74822";"0,00108"
"1,84000";"2,76309";"0,00160"
"1,85000";"2,77808";"0,00572"
"1,86000";"2,79308";"0,00551"
"1,87000";"2,80807";"0,00461"
"1,88000";"2,82306";"0,00602"
"1,89000";"2,83806";"0,00984"
"1,90000";"2,85305";"0,01282"
"1,91000";"2,86792";"0,01638"
"1,92000";"2,88268";"0,01493"
"1,93000";"2,89756";"0,00794"
"1,94000";"2,91243";"0,00087"
"1,95000";"2,92742";"-0,00072"
"1,96000";"2,94242";"-0,00170"
"1,97000";"2,95753";"-0,00208"
"1,98000";"2,97264";"-0,00819"
"1,99000";"2,98775";"-0,00636"
"2,00000";"3,00286";"0,00147"
"2,01000";"3,01797";"0,01262"
"2,02000";"3,03308";"0,01671"
"2,03000";"3,04808";"0,01816"
"2,04000";"3,06307";"0,01884"
"2,05000";"3,07818";"0,01732"
"2,06000";"3,09317";"0,00610"
"2,07000";"3,10840";"-0,00430"
"2,08000";"3,12351";"-0,00414"
"2,09000";"3,13851";"0,00107"
"2,10000";"3,15338";"-0,00020"
"2,11000";"3,16849";"0,00065"
"2,12000";"3,18337";"0,00650"
"2,13000";"3,19848";"0,00874"
"2,14000";"3,21347";"0,00519"
"2,15000";"3,22835";"-0,00183"
"2,16000";"3,24322";"-0,00876"
"2,17000";"3,25822";"-0,01474"
"2,18000";"3,27321";"-0,01611"
"2,19000";"3,28820";"-0,00617"
"2,20000";"3,30308";"-0,00526"
"2,21000";"3,31807";"-0,00461"
"2,22000";"3,33294";"-0,00288"
"2,23000";"3,34770";"0,00129"
"2,24000";"3,36246";"0,00959"
"2,25000";"3,37733";"0,02231"
"2,26000";"3,39244";"0,02910"
"2,27000";"3,40744";"0,02719"
"2,28000";"3,42267";"0,02302"
"2,29000";"3,43790";"0,02461"
"2,30000";"3,45301";"0,02130"
"2,31000";"3,46800";"0,01471"
"2,32000";"3,48299";"0,00524"
"2,33000";"3,49787";"-0,00620"
"2,34000";"3,51286";"-0,01127"
"2,35000";"3,52797";"-0,00944"
"2,36000";"3,54308";"-0,00791"
"2,37000";"3,55819";"-0,00823"
"2,38000";"3,57331";"-0,00811"
"2,39000";"3,58830";"-0,00205"
"2,40000";"3,60329";"0,00399"
"2,41000";"3,61840";"0,01218"
"2,42000";"3,63340";"0,02082"
"2,43000";"3,64839";"0,01655"
"2,44000";"3,66338";"0,01461"
"2,45000";"3,67826";"0,01372"
"2,46000";"3,69313";"0,00992"
"2,47000";"3,70801";"0,00492"
"2,48000";"3,72288";"0,00603"
"2,49000";"3,73787";"0,00750"
"2,50000";"3,75287";"0,00789"
"2,51000";"3,76786";"0,00558"
"2,52000";"3,78285";"-0,00430"
"2,53000";"3,79773";"-0,01781"
"2,54000";"3,81260";"-0,01653"
"2,55000";"3,82736";"-0,00766"
"2,56000";"3,84224";"-0,00032"
"2,57000";"3,85747";"0,00394"
"2,58000";"3,87293";"0,00927"
"2,59000";"3,88816";"0,01089"
"2,60000";"3,90327";"0,01272"
"2,61000";"3,91838";"0,01140"
"2,62000";"3,93338";"0,01015"
"2,63000";"3,94825";"0,00948"
"2,64000";"3,96324";"0,01321"
"2,65000";"3,97824";"0,01697"
"2,66000";"3,99323";"0,01297"
"2,67000";"4,00834";"0,00576"
"2,68000";"4,02333";"0,00366"
"2,69000";"4,03844";"0,01289"
"2,70000";"4,05332";"0,01197"
"2,71000";"4,06831";"0,00167"
"2,72000";"4,08331";"0,00197"
"2,73000";"4,09830";"0,00879"
"2,74000";"4,11341";"0,00829"
"2,75000";"4,12840";"0,00188"
"2,76000";"4,14340";"0,00107"
"2,77000";"4,15827";"0,00116"
"2,78000";"4,17315";"0,00013"
"2,79000";"4,18802";"-0,00215"
"2,80000";"4,20301";"0,00194"
"2,81000";"4,21801";"0,00077"
"2,82000";"4,23288";"0,00493"
"2,83000";"4,24776";"0,01582"
"2,84000";"4,26263";"0,02153"
"2,85000";"4,27751";"0,01937"
"2,86000";"4,29250";"0,01414"
"2,87000";"4,30738";"0,01015"
"2,88000";"4,32249";"0,00809"
"2,89000";"4,33760";"0,00763"
"2,90000";"4,35283";"0,00490"
"2,91000";"4,36806";"0,00525"
"2,92000";"4,38317";"0,01470"
"2,93000";"4,39828";"0,01581"
"2,94000";"4,41339";"0,00657"
"2,95000";"4,42850";"-0,00630"
"2,96000";"4,44349";"-0,00193"
"2,97000";"4,45849";"-0,00036"
"2,98000";"4,47348";"-0,00287"
"2,99000";"4,48847";"-0,00531"
"3,00000";"4,50335";"0,00445"
"3,01000";"4,51822";"0,01142"
"3,02000";"4,53310";"0,01035"
"3,03000";"4,54809";"0,01457"
"3,04000";"4,56308";"0,01584"
"3,05000";"4,57808";"0,00766"
"3,06000";"4,59307";"0,00074"
"3,07000";"4,60794";"-0,00409"
"3,08000";"4,62282";"-0,00046"
"3,09000";"4,63758";"0,00702"
"3,10000";"4,65245";"0,01029"
"3,11000";"4,66744";"0,01429"
"3,12000";"4,68256";"0,01658"
"3,13000";"4,69767";"0,01810"
"3,14000";"4,71266";"0,01380"
"3,15000";"4,72777";"0,00199"
"3,16000";"4,74288";"-0,00654"
"3,17000";"4,75787";"-0,00914"
"3,18000";"4,77287";"-0,01008"
"3,19000";"4,78786";"-0,01014"
"3,20000";"4,80297";"0,00236"
"3,21000";"4,81808";"0,01495"
"3,22000";"4,83331";"0,01607"
"3,23000";"4,84831";"0,01671"
"3,24000";"4,86330";"0,02225"
"3,25000";"4,87829";"0,03186"
"3,26000";"4,89317";"0,04069"
"3,27000";"4,90816";"0,05209"
"3,28000";"4,92315";"0,06070"
"3,29000";"4,93815";"0,07684"
"3,30000";"4,95314";"0,09387"
"3,31000";"4,96813";"0,10522"
"3,32000";"4,98324";"0,12058"
"3,33000";"4,99824";"0,13216"
"3,34000";"5,01311";"0,14439"
"3,35000";"5,02810";"0,15671"
"3,36000";"5,04310";"0,16645"
"3,37000";"5,05809";"0,17641"
"3,38000";"5,07308";"0,18972"
"3,39000";"5,08796";"0,20302"
"3,40000";"5,10295";"0,20572"
"3,41000";"5,11783";"0,21627"
"3,42000";"5,13270";"0,24555"
"3,43000";"5,14769";"0,27858"
"3,44000";"5,16281";"0,30742"
"3,45000";"5,17792";"0,33066"
"3,46000";"5,19315";"0,35290"
"3,47000";"5,20814";"0,37896"
"3,48000";"5,22313";"0,39606"
"3,49000";"5,23801";"0,41624"
"3,50000";"5,25300";"0,44207"
"3,51000";"5,26811";"0,46573"
"3,52000";"5,28322";"0,49936"
"3,53000";"5,29833";"0,53174"
"3,54000";"5,31333";"0,56735"
"3,55000";"5,32832";"0,59881"
"3,56000";"5,34319";"0,62662"
"3,57000";"5,35819";"0,65963"
"3,58000";"5,37318";"0,70234"
"3,59000";"5,38817";"0,75028"
"3,60000";"5,40305";"0,79624"
"3,61000";"5,41804";"0,83951"
"3,62000";"5,43303";"0,87809"
"3,63000";"5,44803";"0,92218"
"3,64000";"5,46290";"0,96378"
"3,65000";"5,47778";"1,01089"
"3,66000";"5,49289";"1,06221"
"3,67000";"5,50788";"1,11784"
"3,68000";"5,52288";"1,16615"
"3,69000";"5,53787";"1,21088"
"3,70000";"5,55286";"1,26290"
"3,71000";"5,56785";"1,32048"
"3,72000";"5,58273";"1,37487"
"3,73000";"5,59772";"1,42879"
"3,74000";"5,61283";"1,48895"
"3,75000";"5,62806";"1,55809"
"3,76000";"5,64306";"1,62240"
"3,77000";"5,65805";"1,68269"
"3,78000";"5,67316";"1,74349"
"3,79000";"5,68827";"1,81052"
"3,80000";"5,70326";"1,87835"
"3,81000";"5,71826";"1,94482"
"3,82000";"5,73325";"2,00888"
"3,83000";"5,74836";"2,07531"
"3,84000";"5,76324";"2,14494"
"3,85000";"5,77823";"2,21769"
"3,86000";"5,79322";"2,28997"
"3,87000";"5,80810";"2,36137"
"3,88000";"5,82309";"2,44003"
"3,89000";"5,83797";"2,51900"
"3,90000";"5,85296";"2,59566"
"3,91000";"5,86807";"2,67980"
"3,92000";"5,88306";"2,76605"
"3,93000";"5,89806";"2,85241"
"3,94000";"5,91293";"2,93504"
"3,95000";"5,92792";"3,01425"
"3,96000";"5,94280";"3,10318"
"3,97000";"5,95779";"3,19398"
"3,98000";"5,97278";"3,28557"
"3,99000";"5,98778";"3,37957"
"4,00000";"6,00289";"3,47575"
"4,01000";"6,01800";"3,56622"
"4,02000";"6,03299";"3,65404"
"4,03000";"6,04810";"3,74967"
"4,04000";"6,06310";"3,84763"
"4,05000";"6,07797";"3,94765"
"4,06000";"6,09308";"4,03997"
"4,07000";"6,10808";"4,13303"
"4,08000";"6,12307";"4,23067"
"4,09000";"6,13818";"4,32604"
"4,10000";"6,15317";"4,42303"
"4,11000";"6,16817";"4,52414"
"4,12000";"6,18316";"4,62579"
"4,13000";"6,19803";"4,71896"
"4,14000";"6,21315";"4,80781"
"4,15000";"6,22826";"4,89926"
"4,16000";"6,24325";"4,99333"
"4,17000";"6,25824";"5,08795"
"4,18000";"6,27324";"5,18758"
"4,19000";"6,28811";"5,28958"
"4,20000";"6,30299";"5,38810"
"4,21000";"6,31798";"5,48645"
"4,22000";"6,33309";"5,58061"
"4,23000";"6,34796";"5,67728"
"4,24000";"6,36296";"5,77362"
"4,25000";"6,37783";"5,86973"
"4,26000";"6,39283";"5,97263"
"4,27000";"6,40782";"6,07435"
"4,28000";"6,42269";"6,16698"
"4,29000";"6,43769";"6,26149"
"4,30000";"6,45280";"6,35945"
"4,31000";"6,46791";"6,45774"
"4,32000";"6,48290";"6,55827"
"4,33000";"6,49790";"6,65338"
"4,34000";"6,51289";"6,75206"
"4,35000";"6,52788";"6,85058"
"4,36000";"6,54287";"6,94394"
"4,37000";"6,55787";"7,03495"
"4,38000";"6,57286";"7,11975"
"4,39000";"6,58797";"7,20954"
"4,40000";"6,60297";"7,30400"
"4,41000";"6,61808";"7,39913"
"4,42000";"6,63307";"7,49693"
"4,43000";"6,64794";"7,59902"
"4,44000";"6,66282";"7,69039"
"4,45000";"6,67781";"7,79052"
"4,46000";"6,69281";"7,88990"
"4,47000";"6,70792";"7,98402"
"4,48000";"6,72291";"8,08486"
"4,49000";"6,73790";"8,18552"
"4,50000";"6,75290";"8,28700"
"4,51000";"6,76789";"8,39154"
"4,52000";"6,78288";"8,49706"
"4,53000";"6,79788";"8,59399"
"4,54000";"6,81287";"8,69678"
"4,55000";"6,82798";"8,80022"
"4,56000";"6,84297";"8,90294"
"4,57000";"6,85785";"8,99824"
"4,58000";"6,87284";"9,09144"
"4,59000";"6,88795";"9,17984"
"4,60000";"6,90294";"9,28010"
"4,61000";"6,91806";"9,38489"
"4,62000";"6,93305";"9,48619"
"4,63000";"6,94816";"9,58749"
"4,64000";"6,96315";"9,69684"
"4,65000";"6,97803";"9,80271"
"4,66000";"6,99302";"9,90240"
"4,67000";"7,00790";"9,99975"
"4,68000";"7,02289";"10,10338"
"4,69000";"7,03788";"10,21180"
"4,70000";"7,05276";"10,31399"
"4,71000";"7,06787";"10,40841"
"4,72000";"7,08298";"10,50500"
"4,73000";"7,09797";"10,60878"
"4,74000";"7,11297";"10,72300"
"4,75000";"7,12784";"10,82783"
"4,76000";"7,14283";"10,93415"
"4,77000";"7,15794";"11,03595"
"4,78000";"7,17306";"11,13477"
"4,79000";"7,18805";"11,23479"
"4,80000";"7,20304";"11,34561"
"4,81000";"7,21803";"11,45437"
"4,82000";"7,23303";"11,56774"
"4,83000";"7,24790";"11,67719"
"4,84000";"7,26290";"11,78108"
"4,85000";"7,27801";"11,88743"
"4,86000";"7,29300";"11,99416"
"4,87000";"7,30811";"12,10191"
"4,88000";"7,32299";"12,21066"
"4,89000";"7,33810";"12,31498"
"4,90000";"7,35309";"12,41736"
"4,91000";"7,36808";"12,52014"
"4,92000";"7,38308";"12,62014"
"4,93000";"7,39807";"12,72828"
"4,94000";"7,41318";"12,84858"
"4,95000";"7,42817";"12,96933"
"4,96000";"7,44305";"13,09253"
"4,97000";"7,45804";"13,20564"
"4,98000";"7,47292";"13,31536"
"4,99000";"7,48779";"13,42153"
"5,00000";"7,50278";"13,52752"
"5,01000";"7,51790";"13,64062"
"5,02000";"7,53301";"13,75751"
"5,03000";"7,54800";"13,86629"
"5,04000";"7,56299";"13,97739"
"5,05000";"7,57799";"14,09007"
"5,06000";"7,59286";"14,20836"
"5,07000";"7,60774";"14,32344"
"5,08000";"7,62285";"14,44255"
"5,09000";"7,63784";"14,56112"
"5,10000";"7,65295";"14,67354"
"5,11000";"7,66806";"14,78391"
"5,12000";"7,68306";"14,90182"
"5,13000";"7,69793";"15,02086"
"5,14000";"7,71292";"15,13253"
"5,15000";"7,72792";"15,24101"
"5,16000";"7,74291";"15,35141"
"5,17000";"7,75790";"15,47099"
"5,18000";"7,77290";"15,59556"
"5,19000";"7,78777";"15,71829"
"5,20000";"7,80276";"15,82904"
"5,21000";"7,81776";"15,94021"
"5,22000";"7,83275";"16,05061"
"5,23000";"7,84774";"16,16513"
"5,24000";"7,86274";"16,28502"
"5,25000";"7,87785";"16,41620"
"5,26000";"7,89284";"16,55303"
"5,27000";"7,90795";"16,68650"
"5,28000";"7,92294";"16,81019"
"5,29000";"7,93794";"16,92911"
"5,30000";"7,95281";"17,04555"
"5,31000";"7,96781";"17,16135"
"5,32000";"7,98292";"17,28105"
"5,33000";"7,99791";"17,41043"
"5,34000";"8,01302";"17,53993"
"5,35000";"8,02813";"17,66284"
"5,36000";"8,04313";"17,78249"
"5,37000";"8,05812";"17,90368"
"5,38000";"8,07299";"18,02670"
"5,39000";"8,08799";"18,15365"
"5,40000";"8,10298";"18,27965"
"5,41000";"8,11809";"18,39438"
"5,42000";"8,13308";"18,52213"
"5,43000";"8,14796";"18,65090"
"5,44000";"8,16307";"18,77647"
"5,45000";"8,17806";"18,90639"
"5,46000";"8,19306";"19,04316"
"5,47000";"8,20817";"19,17070"
"5,48000";"8,22316";"19,29581"
"5,49000";"8,23815";"19,41941"
"5,50000";"8,25326";"19,54718"
"5,51000";"8,26826";"19,68433"
"5,52000";"8,28325";"19,82365"
"5,53000";"8,29824";"19,95617"
"5,54000";"8,31312";"20,08013"
"5,55000";"8,32811";"20,20640"
"5,56000";"8,34322";"20,33036"
"5,57000";"8,35822";"20,45830"
"5,58000";"8,37321";"20,59016"
"5,59000";"8,38808";"20,72213"
"5,60000";"8,40296";"20,86378"
"5,61000";"8,41795";"20,99732"
"5,62000";"8,43283";"21,12434"
"5,63000";"8,44782";"21,25376"
"5,64000";"8,46281";"21,38492"
"5,65000";"8,47792";"21,52065"
"5,66000";"8,49315";"21,66232"
"5,67000";"8,50815";"21,80988"
"5,68000";"8,52314";"21,96054"
"5,69000";"8,53801";"22,09970"
"5,70000";"8,55301";"22,24050"
"5,71000";"8,56800";"22,38016"
"5,72000";"8,58299";"22,51641"
"5,73000";"8,59799";"22,65370"
"5,74000";"8,61310";"22,79008"
"5,75000";"8,62821";"22,93154"
"5,76000";"8,64320";"23,07616"
"5,77000";"8,65808";"23,22755"
"5,78000";"8,67295";"23,37415"
"5,79000";"8,68806";"23,50954"
"5,80000";"8,70306";"23,64358"
"5,81000";"8,71805";"23,78487"
"5,82000";"8,73292";"23,92852"
"5,83000";"8,74803";"24,07488"
"5,84000";"8,76303";"24,22696"
"5,85000";"8,77790";"24,37411"
"5,86000";"8,79290";"24,51356"
"5,87000";"8,80789";"24,65615"
"5,88000";"8,82300";"24,80052"
"5,89000";"8,83799";"24,95138"
"5,90000";"8,85299";"25,10253"
"5,91000";"8,86798";"25,25087"
"5,92000";"8,88297";"25,40306"
"5,93000";"8,89785";"25,55130"
"5,94000";"8,91284";"25,70196"
"5,95000";"8,92783";"25,85415"
"5,96000";"8,94283";"26,00489"
"5,97000";"8,95794";"26,15689"
"5,98000";"8,97281";"26,30832"
"5,99000";"8,98780";"26,45928"
"6,00000";"9,00280";"26,61920"
"6,01000";"9,01779";"26,78355"
"6,02000";"9,03267";"26,94429"
"6,03000";"9,04778";"27,10674"
"6,04000";"9,06289";"27,27032"
"6,05000";"9,07800";"27,43382"
"6,06000";"9,09299";"27,59507"
"6,07000";"9,10810";"27,75680"
"6,08000";"9,12310";"27,91501"
"6,09000";"9,13809";"28,08056"
"6,10000";"9,15308";"28,24077"
"6,11000";"9,16808";"28,40685"
"6,12000";"9,18319";"28,56711"
"6,13000";"9,19818";"28,73809"
"6,14000";"9,21329";"28,91247"
"6,15000";"9,22829";"29,07746"
"6,16000";"9,24328";"29,24489"
"6,17000";"9,25815";"29,41697"
"6,18000";"9,27315";"29,58372"
"6,19000";"9,28802";"29,75200"
"6,20000";"9,30301";"29,91713"
"6,21000";"9,31813";"30,08634"
"6,22000";"9,33312";"30,25079"
"6,23000";"9,34811";"30,42588"
"6,24000";"9,36310";"30,60040"
"6,25000";"9,37810";"30,77941"
"6,26000";"9,39309";"30,95469"
"6,27000";"9,40808";"31,12953"
"6,28000";"9,42308";"31,30274"
"6,29000";"9,43819";"31,48406"
"6,30000";"9,45330";"31,67103"
"6,31000";"9,46817";"31,85883"
"6,32000";"9,48305";"32,04596"
"6,33000";"9,49804";"32,22586"
"6,34000";"9,51304";"32,40062"
"6,35000";"9,52803";"32,57429"
"6,36000";"9,54302";"32,75306"
"6,37000";"9,55813";"32,94014"
"6,38000";"9,57312";"33,13435"
"6,39000";"9,58812";"33,32718"
"6,40000";"9,60299";"33,52094"
"6,41000";"9,61799";"33,71005"
"6,42000";"9,63310";"33,89990"
"6,43000";"9,64809";"34,09335"
"6,44000";"9,66297";"34,28857"
"6,45000";"9,67796";"34,48391"
"6,46000";"9,69307";"34,67709"
"6,47000";"9,70806";"34,87626"
"6,48000";"9,72294";"35,06861"
"6,49000";"9,73793";"35,26105"
"6,50000";"9,75304";"35,45788"
"6,51000";"9,76803";"35,66591"
"6,52000";"9,78303";"35,87070"
"6,53000";"9,79802";"36,07540"
"6,54000";"9,81301";"36,27657"
"6,55000";"9,82801";"36,47685"
"6,56000";"9,84288";"36,67953"
"6,57000";"9,85776";"36,88402"
"6,58000";"9,87299";"37,09348"
"6,59000";"9,88798";"37,30919"
"6,60000";"9,90297";"37,52216"
"6,61000";"9,91796";"37,74250"
"6,62000";"9,93296";"37,95908"
"6,63000";"9,94807";"38,17345"
"6,64000";"9,96294";"38,38873"
"6,65000";"9,97794";"38,59686"
"6,66000";"9,99293";"38,80804"
"6,67000";"10,00804";"39,02895"
"6,68000";"10,02304";"39,25666"
"6,69000";"10,03803";"39,48948"
"6,70000";"10,05314";"39,71815"
"6,71000";"10,06813";"39,93954"
"6,72000";"10,08301";"40,15329"
"6,73000";"10,09800";"40,36721"
"6,74000";"10,11299";"40,58401"
"6,75000";"10,12799";"40,81211"
"6,76000";"10,14310";"41,05424"
"6,77000";"10,15809";"41,29610"
"6,78000";"10,17308";"41,53779"
"6,79000";"10,18820";"41,78281"
"6,80000";"10,20319";"42,02393"
"6,81000";"10,21818";"42,26318"
"6,82000";"10,23329";"42,50517"
"6,83000";"10,24840";"42,74805"
"6,84000";"10,26340";"42,99667"
"6,85000";"10,27827";"43,24358"
"6,86000";"10,29326";"43,48512"
"6,87000";"10,30814";"43,72435"
"6,88000";"10,32313";"43,96238"
"6,89000";"10,33813";"44,20235"
"6,90000";"10,35312";"44,44168"
"6,91000";"10,36811";"44,69161"
"6,92000";"10,38322";"44,94378"
"6,93000";"10,39822";"45,19777"
"6,94000";"10,41321";"45,45073"
"6,95000";"10,42808";"45,71099"
"6,96000";"10,44308";"45,97574"
"6,97000";"10,45807";"46,24415"
"6,98000";"10,47306";"46,51323"
"6,99000";"10,48817";"46,78167"
"7,00000";"10,50317";"47,04525"
"7,01000";"10,51828";"47,31007"
"7,02000";"10,53315";"47,57164"
"7,03000";"10,54803";"47,83856"
"7,04000";"10,56290";"48,10760"
"7,05000";"10,57790";"48,37823"
"7,06000";"10,59289";"48,64743"
"7,07000";"10,60788";"48,93022"
"7,08000";"10,62288";"49,21190"
"7,09000";"10,63787";"49,48588"
"7,10000";"10,65286";"49,76371"
"7,11000";"10,66774";"50,04222"
"7,12000";"10,68273";"50,31162"
"7,13000";"10,69784";"50,59264"
"7,14000";"10,71283";"50,88983"
"7,15000";"10,72783";"51,18739"
"7,16000";"10,74282";"51,48784"
"7,17000";"10,75781";"51,78664"
"7,18000";"10,77281";"52,08285"
"7,19000";"10,78768";"52,37875"
"7,20000";"10,80267";"52,66882"
"7,21000";"10,81779";"52,96197"
"7,22000";"10,83278";"53,25773"
"7,23000";"10,84789";"53,55025"
"7,24000";"10,86300";"53,85733"
"7,25000";"10,87799";"54,16748"
"7,26000";"10,89299";"54,48289"
"7,27000";"10,90798";"54,79781"
"7,28000";"10,92285";"55,11322"
"7,29000";"10,93797";"55,42454"
"7,30000";"10,95308";"55,73544"
"7,31000";"10,96807";"56,05461"
"7,32000";"10,98318";"56,37389"
"7,33000";"10,99817";"56,69365"
"7,34000";"11,01305";"57,01305"
"7,35000";"11,02804";"57,33013"
"7,36000";"11,04292";"57,65485"
"7,37000";"11,05803";"57,98084"
"7,38000";"11,07302";"58,31472"
"7,39000";"11,08801";"58,65369"
"7,40000";"11,10301";"58,98790"
"7,41000";"11,11800";"59,32074"
"7,42000";"11,13299";"59,64938"
"7,43000";"11,14799";"59,97757"
"7,44000";"11,16310";"60,30387"
"7,45000";"11,17809";"60,64386"
"7,46000";"11,19320";"60,99649"
"7,47000";"11,20808";"61,34335"
"7,48000";"11,22307";"61,69094"
"7,49000";"11,23806";"62,03675"
"7,50000";"11,25306";"62,37695"
"7,51000";"11,26805";"62,71929"
"7,52000";"11,28304";"63,06628"
"7,53000";"11,29803";"63,42627"
"7,54000";"11,31315";"63,79819"
"7,55000";"11,32814";"64,17115"
"7,56000";"11,34301";"64,54116"
"7,57000";"11,35789";"64,89813"
"7,58000";"11,37288";"65,24646"
"7,59000";"11,38788";"65,59312"
"7,60000";"11,40298";"65,95206"
"7,61000";"11,41798";"66,31734"
"7,62000";"11,43309";"66,69012"
"7,63000";"11,44820";"67,06568"
"7,64000";"11,46319";"67,44444"
"7,65000";"11,47807";"67,82541"
"7,66000";"11,49306";"68,20840"
"7,67000";"11,50806";"68,58439"
"7,68000";"11,52305";"68,95469"
"7,69000";"11,53804";"69,32973"
"7,70000";"11,55315";"69,71941"
"7,71000";"11,56815";"70,11429"
"7,72000";"11,58314";"70,51180"
"7,73000";"11,59813";"70,90502"
"7,74000";"11,61312";"71,29668"
"7,75000";"11,62800";"71,68520"
"7,76000";"11,64311";"72,06448"
"7,77000";"11,65810";"72,44972"
"7,78000";"11,67310";"72,83370"
"7,79000";"11,68797";"73,22624"
"7,80000";"11,70296";"73,61639"
"7,81000";"11,71796";"74,01076"
"7,82000";"11,73295";"74,41442"
"7,83000";"11,74794";"74,82390"
"7,84000";"11,76306";"75,23033"
"7,85000";"11,77805";"75,63598"
"7,86000";"11,79304";"76,04958"
"7,87000";"11,80803";"76,46001"
"7,88000";"11,82303";"76,86067"
"7,89000";"11,83802";"77,25934"
"7,90000";"11,85290";"77,67081"
"7,91000";"11,86777";"78,07868"
"7,92000";"11,88288";"78,49095"
"7,93000";"11,89799";"78,90749"
"7,94000";"11,91299";"79,33258"
"7,95000";"11,92798";"79,75404"
"7,96000";"11,94297";"80,17743"
"7,97000";"11,95797";"80,59906"
"7,98000";"11,97284";"81,01876"
"7,99000";"11,98783";"81,43395"
"8,00000";"12,00294";"81,84876"
"8,01000";"12,01794";"82,28072"
"8,02000";"12,03293";"82,70994"
"8,03000";"12,04792";"83,13857"
"8,04000";"12,06304";"83,56674"
"8,05000";"12,07803";"83,99951"
"8,06000";"12,09302";"84,43184"
"8,07000";"12,10801";"84,85764"
"8,08000";"12,12301";"85,28268"
"8,09000";"12,13800";"85,71609"
"8,10000";"12,15299";"86,14478"
"8,11000";"12,16787";"86,57108"
"8,12000";"12,18274";"86,98856"
"8,13000";"12,19774";"87,40846"
"8,14000";"12,21273";"87,82612"
"8,15000";"12,22772";"88,25523"
"8,16000";"12,24283";"88,68744"
"8,17000";"12,25783";"89,12257"
"8,18000";"12,27294";"89,55737"
"8,19000";"12,28781";"90,00027"
"8,20000";"12,30280";"90,44518"
"8,21000";"12,31768";"90,87865"
"8,22000";"12,33267";"91,29870"
"8,23000";"12,34778";"91,71648"
"8,24000";"12,36278";"92,14304"
"8,25000";"12,37789";"92,57643"
"8,26000";"12,39312";"93,01882"
"8,27000";"12,40811";"93,46202"
"8,28000";"12,42310";"93,89516"
"8,29000";"12,43798";"94,31509"
"8,30000";"12,45297";"94,71882"
"8,31000";"12,46797";"95,11009"
"8,32000";"12,48296";"95,50694"
"8,33000";"12,49795";"95,90837"
"8,34000";"12,51294";"96,31466"
"8,35000";"12,52794";"96,73100"
"8,36000";"12,54305";"97,14549"
"8,37000";"12,55792";"97,57157"
"8,38000";"12,57280";"97,98026"
"8,39000";"12,58779";"98,36833"
"8,40000";"12,60278";"98,75077"
"8,41000";"12,61778";"99,12659"
"8,42000";"12,63277";"99,50761"
"8,43000";"12,64788";"99,89250"
"8,44000";"12,66288";"100,27072"
"8,45000";"12,67787";"100,64593"
"8,46000";"12,69298";"101,01602"
"8,47000";"12,70809";"101,38749"
"8,48000";"12,72308";"101,76521"
"8,49000";"12,73808";"102,14527"
"8,50000";"12,75319";"102,52409"
"8,51000";"12,76818";"102,89025"
"8,52000";"12,78306";"103,23163"
"8,53000";"12,79805";"103,56305"
"8,54000";"12,81304";"103,87286"
"8,55000";"12,82815";"104,16930"
"8,56000";"12,84315";"104,47324"
"8,57000";"12,85814";"104,78200"
"8,58000";"12,87313";"105,07190"
"8,59000";"12,88813";"105,34490"
"8,60000";"12,90300";"105,60723"
"8,61000";"12,91787";"105,85235"
"8,62000";"12,93287";"106,07522"
"8,63000";"12,94786";"106,29524"
"8,64000";"12,96285";"106,53030"
"8,65000";"12,97785";"106,76721"
"8,66000";"12,99284";"106,98694"
"8,67000";"13,00795";"107,19185"
"8,68000";"13,02306";"107,38237"
"8,69000";"13,03794";"107,56045"
"8,70000";"13,05293";"107,70647"
"8,71000";"13,06804";"107,82523"
"8,72000";"13,08315";"107,93543"
"8,73000";"13,09814";"108,04397"
"8,74000";"13,11314";"108,14026"
"8,75000";"13,12813";"108,21857"
"8,76000";"13,14301";"108,27773"
"8,77000";"13,15776";"108,31573"
"8,78000";"13,17276";"108,32812"
"8,79000";"13,18775";"108,33022"
"8,80000";"13,20286";"108,33501"
"8,81000";"13,21785";"108,33353"
"8,82000";"13,23297";"108,30856"
"8,83000";"13,24796";"108,26806"
"8,84000";"13,26295";"108,19719"
"8,85000";"13,27783";"108,07285"
"8,86000";"13,29282";"107,88919"
"8,87000";"13,30781";"107,66734"
"8,88000";"13,32292";"107,40350"
"8,89000";"13,33792";"107,08483"
"8,90000";"13,35291";"106,72000"
"8,91000";"13,36790";"106,31225"
"8,92000";"13,38290";"105,86504"
"8,93000";"13,39789";"105,36823"
"8,94000";"13,41300";"104,83498"
"8,95000";"13,42799";"104,26340"
"8,96000";"13,44299";"103,63971"
"8,97000";"13,45798";"102,95149"
"8,98000";"13,47297";"102,20535"
"8,99000";"13,48808";"101,40186"
"9,00000";"13,50308";"100,55482"
"9,01000";"13,51807";"99,67033"
"9,02000";"13,53306";"98,74200"
"9,03000";"13,54794";"97,78143"
"9,04000";"13,56305";"96,81638"
"9,05000";"13,57804";"95,87798"
"9,06000";"13,59303";"94,96419"
"9,07000";"13,60803";"94,08356"
"9,08000";"13,62290";"93,25071"
"9,09000";"13,63790";"92,45692"
"9,10000";"13,65301";"91,69640"
"9,11000";"13,66800";"90,98132"
"9,12000";"13,68311";"90,31184"
"9,13000";"13,69810";"89,68888"
"9,14000";"13,71321";"89,10387"
"9,15000";"13,72809";"88,55138"
"9,16000";"13,74296";"87,99636"
"9,17000";"13,75808";"87,42739"
"9,18000";"13,77307";"86,87433"
"9,19000";"13,78806";"86,34378"
"9,20000";"13,80306";"85,81768"
"9,21000";"13,81817";"85,28634"
"9,22000";"13,83328";"84,76569"
"9,23000";"13,84827";"84,26722"
"9,24000";"13,86315";"83,79852"
"9,25000";"13,87826";"83,34316"
"9,26000";"13,89325";"82,91510"
"9,27000";"13,90813";"82,52599"
"9,28000";"13,92312";"82,15768"
"9,29000";"13,93811";"81,80035"
"9,30000";"13,95322";"81,46008"
"9,31000";"13,96821";"81,13264"
"9,32000";"13,98309";"80,81221"
"9,33000";"13,99808";"80,48190"
"9,34000";"14,01308";"80,15038"
"9,35000";"14,02819";"79,82150"
"9,36000";"14,04306";"79,50451"
"9,37000";"14,05805";"79,20945"
"9,38000";"14,07293";"78,92322"
"9,39000";"14,08781";"78,63263"
"9,40000";"14,10268";"78,31886"
"9,41000";"14,11779";"77,99181"
"9,42000";"14,13278";"77,66946"
"9,43000";"14,14790";"77,33765"
"9,44000";"14,16301";"76,99248"
"9,45000";"14,17800";"76,64416"
"9,46000";"14,19299";"76,29913"
"9,47000";"14,20799";"75,94270"
"9,48000";"14,22286";"75,56446"
"9,49000";"14,23797";"75,15769"
"9,50000";"14,25308";"74,72204"
"9,51000";"14,26808";"74,25990"
"9,52000";"14,28319";"73,78345"
"9,53000";"14,29818";"73,31213"
"9,54000";"14,31317";"72,85043"
"9,55000";"14,32817";"72,40154"
"9,56000";"14,34316";"71,96428"
"9,57000";"14,35815";"71,56156"
"9,58000";"14,37315";"71,20940"
"9,59000";"14,38814";"70,89697"
"9,60000";"14,40313";"70,61843"
"9,61000";"14,41813";"70,38708"
"9,62000";"14,43324";"70,19864"
"9,63000";"14,44811";"70,04745"
"9,64000";"14,46310";"69,90966"
"9,65000";"14,47810";"69,76763"
"9,66000";"14,49309";"69,63191"
"9,67000";"14,50820";"69,51386"
"9,68000";"14,52319";"69,38569"
"9,69000";"14,53819";"69,22826"
"9,70000";"14,55318";"69,06026"
"9,71000";"14,56806";"68,89438"
"9,72000";"14,58305";"68,73458"
"9,73000";"14,59804";"68,58820"
"9,74000";"14,61315";"68,47958"
"9,75000";"14,62826";"68,39777"
"9,76000";"14,64326";"68,33756"
"9,77000";"14,65825";"68,28292"
"9,78000";"14,67313";"68,23663"
"9,79000";"14,68800";"68,21043"
"9,80000";"14,70299";"68,20090"
"9,81000";"14,71799";"68,19545"
"9,82000";"14,73310";"68,22963"
"9,83000";"14,74809";"68,30257"
"9,84000";"14,76320";"68,39980"
"9,85000";"14,77820";"68,51483"
"9,86000";"14,79319";"68,64138"
"9,87000";"14,80818";"68,78785"
"9,88000";"14,82317";"68,94878"
"9,89000";"14,83817";"69,11255"
"9,90000";"14,85304";"69,28770"
"9,91000";"14,86804";"69,47453"
"9,92000";"14,88291";"69,67307"
"9,93000";"14,89790";"69,87809"
"9,94000";"14,91290";"70,09782"
"9,95000";"14,92789";"70,34727"
"9,96000";"14,94300";"70,61089"
"9,97000";"14,95799";"70,87804"
"9,98000";"14,97310";"71,14260"
"9,99000";"14,98810";"71,41487"
"10,00000";"15,00309";"71,68849"
"10,01000";"15,01797";"71,95011"
"10,02000";"15,03296";"72,20016"
"10,03000";"15,04795";"72,44680"
"10,04000";"15,06306";"72,68851"
"10,05000";"15,07817";"72,94811"
"10,06000";"15,09317";"73,21183"
"10,07000";"15,10828";"73,46777"
"10,08000";"15,12327";"73,70960"
"10,09000";"15,13815";"73,91991"
"10,10000";"15,15290";"74,09311"
"10,11000";"15,16778";"74,24235"
"10,12000";"15,18277";"74,39487"
"10,13000";"15,19788";"74,56216"
"10,14000";"15,21287";"74,75983"
"10,15000";"15,22799";"74,97645"
"10,16000";"15,24298";"75,21622"
"10,17000";"15,25785";"75,45327"
"10,18000";"15,27285";"75,67401"
"10,19000";"15,28772";"75,86893"
"10,20000";"15,30283";"76,04214"
"10,21000";"15,31794";"76,21371"
"10,22000";"15,33282";"76,38891"
"10,23000";"15,34781";"76,55124"
"10,24000";"15,36292";"76,71246"
"10,25000";"15,37792";"76,85672"
"10,26000";"15,39279";"76,94345"
"10,27000";"15,40778";"76,96763"
"10,28000";"15,42278";"76,98876"
"10,29000";"15,43789";"77,04678"
"10,30000";"15,45288";"77,14285"
"10,31000";"15,46787";"77,28590"
"10,32000";"15,48299";"77,47594"
"10,33000";"15,49810";"77,69635"
"10,34000";"15,51309";"77,94929"
"10,35000";"15,52808";"78,20695"
"10,36000";"15,54308";"78,46313"
"10,37000";"15,55819";"78,73724"
"10,38000";"15,57318";"79,01968"
"10,39000";"15,58817";"79,30377"
"10,40000";"15,60317";"79,58358"
"10,41000";"15,61804";"79,87406"
"10,42000";"15,63304";"80,17117"
"10,43000";"15,64803";"80,46992"
"10,44000";"15,66302";"80,78592"
"10,45000";"15,67813";"81,12343"
"10,46000";"15,69324";"81,47948"
"10,47000";"15,70824";"81,84269"
"10,48000";"15,72323";"82,18933"
"10,49000";"15,73811";"82,51488"
"10,50000";"15,75286";"82,81017"
"10,51000";"15,76785";"83,06878"
"10,52000";"15,78285";"83,32861"
"10,53000";"15,79772";"83,60332"
"10,54000";"15,81272";"83,88039"
"10,55000";"15,82783";"84,16048"
"10,56000";"15,84282";"84,45817"
"10,57000";"15,85781";"84,77581"
"10,58000";"15,87292";"85,09774"
"10,59000";"15,88792";"85,43085"
"10,60000";"15,90303";"85,77786"
"10,61000";"15,91814";"86,16022"
"10,62000";"15,93325";"86,56939"
"10,63000";"15,94824";"86,98566"
"10,64000";"15,96324";"87,37484"
"10,65000";"15,97811";"87,73948"
"10,66000";"15,99310";"88,08701"
"10,67000";"16,00810";"88,43197"
"10,68000";"16,02309";"88,78521"
"10,69000";"16,03808";"89,15288"
"10,70000";"16,05308";"89,54130"
"10,71000";"16,06807";"89,94246"
"10,72000";"16,08306";"90,34068"
"10,73000";"16,09794";"90,72948"
"10,74000";"16,11293";"91,13313"
"10,75000";"16,12792";"91,55325"
"10,76000";"16,14304";"91,99796"
"10,77000";"16,15803";"92,44992"
"10,78000";"16,17302";"92,90263"
"10,79000";"16,18813";"93,37040"
"10,80000";"16,20300";"93,85173"
"10,81000";"16,21800";"94,30296"
"10,82000";"16,23288";"94,72696"
"10,83000";"16,24799";"95,16216"
"10,84000";"16,26298";"95,61784"
"10,85000";"16,27785";"96,07831"
"10,86000";"16,29285";"96,54176"
"10,87000";"16,30784";"97,03608"
"10,88000";"16,32283";"97,55460"
"10,89000";"16,33794";"98,08553"
"10,90000";"16,35306";"98,62810"
"10,91000";"16,36817";"99,18592"
"10,92000";"16,38316";"99,74187"
"10,93000";"16,39815";"100,24483"
"10,94000";"16,41315";"100,68377"
"10,95000";"16,42802";"101,10261"
"10,96000";"16,44301";"101,52110"
"10,97000";"16,45789";"101,95276"
"10,98000";"16,47288";"102,40765"
"10,99000";"16,48799";"102,92558"
"11,00000";"16,50299";"103,49932"
"11,01000";"16,51810";"104,10220"
"11,02000";"16,53309";"104,73070"
"11,03000";"16,54808";"105,37453"
"11,04000";"16,56296";"106,01241"
"11,05000";"16,57784";"106,62455"
"11,06000";"16,59283";"107,21810"
"11,07000";"16,60794";"107,83442"
"11,08000";"16,62293";"108,47361"
"11,09000";"16,63804";"109,10715"
"11,10000";"16,65303";"109,74488"
"11,11000";"16,66803";"110,37173"
"11,12000";"16,68302";"111,00935"
"11,13000";"16,69790";"111,65624"
"11,14000";"16,71289";"112,29607"
"11,15000";"16,72788";"112,95264"
"11,16000";"16,74287";"113,63786"
"11,17000";"16,75775";"114,30927"
"11,18000";"16,77274";"114,98876"
"11,19000";"16,78762";"115,67541"
"11,20000";"16,80273";"116,38622"
"11,21000";"16,81784";"117,10868"
"11,22000";"16,83295";"117,81036"
"11,23000";"16,84818";"118,48950"
"11,24000";"16,86329";"119,18996"
"11,25000";"16,87817";"119,89875"
"11,26000";"16,89316";"120,61015"
"11,27000";"16,90815";"121,33999"
"11,28000";"16,92291";"122,10619"
"11,29000";"16,93790";"122,89327"
"11,30000";"16,95301";"123,71606"
"11,31000";"16,96801";"124,58932"
"11,32000";"16,98300";"125,52017"
"11,33000";"16,99811";"126,49465"
"11,34000";"17,01311";"127,48432"
"11,35000";"17,02810";"128,46275"
"11,36000";"17,04285";"129,43839"
"11,37000";"17,05785";"130,38171"
"11,38000";"17,07284";"131,32150"
"11,39000";"17,08783";"132,30150"
"11,40000";"17,10283";"133,33815"
"11,41000";"17,11782";"134,43539"
"11,42000";"17,13281";"135,56560"
"11,43000";"17,14769";"136,70267"
"11,44000";"17,16268";"137,82704"
"11,45000";"17,17768";"138,96297"
"11,46000";"17,19255";"140,09395"
"11,47000";"17,20754";"141,22301"
"11,48000";"17,22265";"142,38135"
"11,49000";"17,23765";"143,61856"
"11,50000";"17,25288";"144,89970"
"11,51000";"17,26799";"146,20166"
"11,52000";"17,28310";"147,50262"
"11,53000";"17,29809";"148,76248"
"11,54000";"17,31320";"149,98512"
"11,55000";"17,32820";"151,21774"
"11,56000";"17,34319";"152,46924"
"11,57000";"17,35806";"153,76854"
"11,58000";"17,37294";"155,10591"
"11,59000";"17,38793";"156,47830"
"11,60000";"17,40293";"157,89651"
"11,61000";"17,41792";"159,34244"
"11,62000";"17,43303";"160,83144"
"11,63000";"17,44802";"162,34590"
"11,64000";"17,46313";"163,86827"
"11,65000";"17,47812";"165,42117"
"11,66000";"17,49300";"166,95232"
"11,67000";"17,50788";"168,42201"
"11,68000";"17,52275";"169,86870"
"11,69000";"17,53751";"171,35509"
"11,70000";"17,55238";"172,93469"
"11,71000";"17,56737";"174,63441"
"11,72000";"17,58249";"176,44151"
"11,73000";"17,59748";"178,32632"
"11,74000";"17,61247";"180,21634"
"11,75000";"17,62758";"182,06146"
"11,76000";"17,64270";"183,92902"
"11,77000";"17,65780";"185,86035"
"11,78000";"17,67292";"187,88684"
"11,79000";"17,68803";"189,93184"
"11,80000";"17,70314";"191,98660"
"11,81000";"17,71825";"194,08516"
"11,82000";"17,73324";"196,24953"
"11,83000";"17,74824";"198,46205"
"11,84000";"17,76323";"200,72025"
"11,85000";"17,77822";"203,04315"
"11,86000";"17,79322";"205,48836"
"11,87000";"17,80821";"208,02188"
"11,88000";"17,82320";"210,62491"
"11,89000";"17,83808";"213,28178"
"11,90000";"17,85307";"215,98915"
"11,91000";"17,86794";"218,68568"
"11,92000";"17,88282";"221,33852"
"11,93000";"17,89793";"223,96516"
"11,94000";"17,91292";"226,61246"
"11,95000";"17,92792";"229,28781"
"11,96000";"17,94279";"231,96196"
"11,97000";"17,95767";"234,59308"
"11,98000";"17,97254";"237,23267"
"11,99000";"17,98742";"240,00380"
"12,00000";"18,00241";"242,90146"
"12,01000";"18,01752";"245,93675"
"12,02000";"18,03263";"249,17102"
"12,03000";"18,04762";"252,52646"
"12,04000";"18,06274";"255,89917"
"12,05000";"18,07785";"259,34421"
"12,06000";"18,09284";"262,85330"
"12,07000";"18,10783";"266,40714"
"12,08000";"18,12295";"269,97360"
"12,09000";"18,13817";"273,61856"
"12,10000";"18,15317";"277,34634"
"12,11000";"18,16816";"281,09711"
"12,12000";"18,18327";"284,87799"
"12,13000";"18,19827";"288,69830"
"12,14000";"18,21326";"292,52609"
"12,15000";"18,22801";"296,33902"
"12,16000";"18,24301";"300,07965"
"12,17000";"18,25800";"303,88373"
"12,18000";"18,27299";"307,78140"
"12,19000";"18,28799";"311,64270"
"12,20000";"18,30298";"315,49048"
"12,21000";"18,31785";"319,32111"
"12,22000";"18,33273";"323,14212"
"12,23000";"18,34760";"327,00467"
"12,24000";"18,36260";"331,01843"
"12,25000";"18,37759";"335,19254"
"12,26000";"18,39258";"339,47510"
"12,27000";"18,40758";"343,78290"
"12,28000";"18,42257";"348,25760"
"12,29000";"18,43744";"352,84430"
"12,30000";"18,45244";"357,44394"
"12,31000";"18,46731";"362,04449"
"12,32000";"18,48242";"366,71698"
"12,33000";"18,49754";"371,72717"
"12,33200";"18,50061";"372,77023"
"12,33400";"18,50356";"373,82205"
"12,34400";"18,51678";"379,11240"
"12,35400";"18,52433";"382,73819"
"12,36000";"18,52634";"382,26962"
"12,37000";"18,52551";"374,69913"
"12,38000";"18,52056";"357,14413"
"12,39000";"18,50911";"326,74686"
"12,40000";"18,49210";"277,03094"
"12,41000";"18,47192";"206,70708"
"12,42000";"18,45031";"127,24803"
"12,43000";"18,42824";"54,91449"
"12,44000";"18,40675";"0,56126"
"12,45000";"18,38609";"-32,37468"
"12,46000";"18,36626";"-45,52077"
"12,47000";"18,34737";"-45,10233"
"12,48000";"18,32895";"-37,03628"
"12,49000";"18,31124";"-26,48146"
"12,50000";"18,29436";"-17,11295"
"12,51000";"18,27783";"-10,48221"
"12,52000";"18,26154";"-6,45040"
"12,53000";"18,24560";"-4,57387"
"12,54000";"18,22990";"-4,09212"
"12,55000";"18,21444";"-4,34457"
"12,56000";"18,19897";"-4,88497"
"12,57000";"18,18363";"-5,43400"
"12,58000";"18,16851";"-5,82860"
"12,59000";"18,15364";"-6,05007"
"12,60000";"18,13865";"-6,17763"
"12,61000";"18,12342";"-6,27142"
"12,62000";"18,10795";"-6,38349"
"12,63000";"18,09249";"-6,50892"
"12,64000";"18,07726";"-6,60988"
"12,65000";"18,06203";"-6,66737"
"12,66000";"18,04704";"-6,68380"
"12,67000";"18,03204";"-6,66135"
"12,68000";"18,01693";"-6,62155"
"12,69000";"18,00182";"-6,57043"
"12,70000";"17,98683";"-6,51319"
"12,71000";"17,97183";"-6,44384"
"12,72000";"17,95684";"-6,36768"
"12,73000";"17,94185";"-6,27994"
"12,74000";"17,92697";"-6,18131"
"12,75000";"17,91210";"-6,07912"
"12,76000";"17,89710";"-5,97851"
"12,77000";"17,88211";"-5,88413"
"12,78000";"17,86700";"-5,78354"
"12,79000";"17,85189";"-5,68115"
"12,80000";"17,83678";"-5,58050"
"12,81000";"17,82190";"-5,47861"
"12,82000";"17,80691";"-5,36988"
"12,83000";"17,79203";"-5,25768"
"12,84000";"17,77716";"-5,14916"
"12,85000";"17,76217";"-5,04267"
"12,86000";"17,74706";"-4,92746"
"12,87000";"17,73195";"-4,80641"
"12,88000";"17,71683";"-4,69199"
"12,89000";"17,70196";"-4,58980"
"12,90000";"17,68685";"-4,49123"
"12,91000";"17,67186";"-4,40172"
"12,92000";"17,65686";"-4,31769"
"12,93000";"17,64187";"-4,22801"
"12,94000";"17,62675";"-4,13687"
"12,95000";"17,61176";"-4,05100"
"12,96000";"17,59689";"-3,95797"
"12,97000";"17,58213";"-3,86102"
"12,98000";"17,56714";"-3,76804"
"12,99000";"17,55202";"-3,67675"
"13,00000";"17,53703";"-3,59119"
"13,01000";"17,52204";"-3,50943"
"13,02000";"17,50705";"-3,42825"
"13,03000";"17,49194";"-3,34526"
"13,04000";"17,47718";"-3,26570"
"13,05000";"17,46231";"-3,18450"
"13,06000";"17,44743";"-3,09953"
"13,07000";"17,43232";"-3,01420"
"13,08000";"17,41709";"-2,92856"
"13,09000";"17,40210";"-2,85543"
"13,10000";"17,38699";"-2,77288"
"13,11000";"17,37176";"-2,69058"
"13,12000";"17,35688";"-2,61749"
"13,13000";"17,34201";"-2,54906"
"13,14000";"17,32701";"-2,47777"
"13,15000";"17,31202";"-2,40690"
"13,16000";"17,29691";"-2,34660"
"13,17000";"17,28204";"-2,28244"
"13,18000";"17,26704";"-2,21699"
"13,19000";"17,25193";"-2,15432"
"13,20000";"17,23694";"-2,09554"
"13,21000";"17,22194";"-2,04333"
"13,22000";"17,20719";"-1,99889"
"13,23000";"17,19208";"-1,95525"
"13,24000";"17,17708";"-1,91496"
"13,25000";"17,16209";"-1,88084"
"13,26000";"17,14710";"-1,83162"
"13,27000";"17,13199";"-1,78595"
"13,28000";"17,11699";"-1,74109"
"13,29000";"17,10200";"-1,70145"
"13,30000";"17,08713";"-1,66101"
"13,31000";"17,07201";"-1,61860"
"13,32000";"17,05702";"-1,57648"
"13,33000";"17,04203";"-1,54297"
"13,34000";"17,02703";"-1,51072"
"13,35000";"17,01192";"-1,47600"
"13,36000";"16,99693";"-1,43890"
"13,37000";"16,98194";"-1,40838"
"13,38000";"16,96706";"-1,37866"
"13,39000";"16,95207";"-1,35159"
"13,40000";"16,93696";"-1,32627"
"13,41000";"16,92185";"-1,29857"
"13,42000";"16,90686";"-1,26869"
"13,43000";"16,89186";"-1,24103"
"13,44000";"16,87687";"-1,21353"
"13,45000";"16,86176";"-1,19039"
"13,46000";"16,84688";"-1,17998"
"13,47000";"16,83201";"-1,16875"
"13,48000";"16,81701";"-1,15117"
"13,49000";"16,80190";"-1,13499"
"13,50000";"16,78691";"-1,10915"
"13,51000";"16,77192";"-1,08448"
"13,52000";"16,75692";"-1,06997"
"13,53000";"16,74193";"-1,05337"
"13,54000";"16,72706";"-1,02712"
"13,55000";"16,71206";"-0,99239"
"13,56000";"16,69707";"-0,95662"
"13,57000";"16,68196";"-0,93606"
"13,58000";"16,66685";"-0,91446"
"13,59000";"16,65185";"-0,89833"
"13,60000";"16,63710";"-0,88847"
"13,61000";"16,62199";"-0,88370"
"13,62000";"16,60687";"-0,87599"
"13,63000";"16,59188";"-0,86199"
"13,64000";"16,57689";"-0,85336"
"13,65000";"16,56178";"-0,84475"
"13,66000";"16,54667";"-0,83801"
"13,67000";"16,53179";"-0,83060"
"13,68000";"16,51692";"-0,81871"
"13,69000";"16,50204";"-0,80178"
"13,70000";"16,48705";"-0,79367"
"13,71000";"16,47194";"-0,78424"
"13,72000";"16,45695";"-0,77764"
"13,73000";"16,44195";"-0,77862"
"13,74000";"16,42672";"-0,77271"
"13,75000";"16,41185";"-0,76462"
"13,76000";"16,39697";"-0,75749"
"13,77000";"16,38210";"-0,74881"
"13,78000";"16,36699";"-0,73507"
"13,79000";"16,35211";"-0,72895"
"13,80000";"16,33724";"-0,71637"
"13,81000";"16,32224";"-0,70425"
"13,82000";"16,30713";"-0,70198"
"13,83000";"16,29214";"-0,70253"
"13,84000";"16,27727";"-0,70091"
"13,85000";"16,26227";"-0,68881"
"13,86000";"16,24716";"-0,67256"
"13,87000";"16,23205";"-0,66396"
"13,88000";"16,21717";"-0,65346"
"13,89000";"16,20218";"-0,63884"
"13,90000";"16,18707";"-0,62653"
"13,91000";"16,17208";"-0,62080"
"13,92000";"16,15720";"-0,61714"
"13,93000";"16,14221";"-0,61135"
"13,94000";"16,12710";"-0,59539"
"13,95000";"16,11199";"-0,58869"
"13,96000";"16,09687";"-0,57420"
"13,97000";"16,08177";"-0,54879"
"13,98000";"16,06665";"-0,53114"
"13,99000";"16,05166";"-0,52297"
"14,00000";"16,03679";"-0,52041"
"14,01000";"16,02203";"-0,51887"
"14,02000";"16,00704";"-0,51661"
"14,03000";"15,99192";"-0,51852"
"14,04000";"15,97693";"-0,52022"
"14,05000";"15,96194";"-0,52032"
"14,06000";"15,94695";"-0,51970"
"14,07000";"15,93195";"-0,52052"
"14,08000";"15,91696";"-0,52153"
"14,09000";"15,90208";"-0,51256"
"14,10000";"15,88721";"-0,50714"
"14,11000";"15,87210";"-0,50048"
"14,12000";"15,85710";"-0,50040"
"14,13000";"15,84211";"-0,50323"
"14,14000";"15,82712";"-0,49640"
"14,15000";"15,81213";"-0,48972"
"14,16000";"15,79713";"-0,49155"
"14,17000";"15,78214";"-0,49278"
"14,18000";"15,76727";"-0,48687"
"14,19000";"15,75215";"-0,48048"
"14,20000";"15,73704";"-0,48346"
"14,21000";"15,72205";"-0,48334"
"14,22000";"15,70706";"-0,47982"
"14,23000";"15,69218";"-0,46655"
"14,24000";"15,67719";"-0,45829"
"14,25000";"15,66220";"-0,45431"
"14,26000";"15,64732";"-0,45977"
"14,27000";"15,63221";"-0,46393"
"14,28000";"15,61698";"-0,46358"
"14,29000";"15,60187";"-0,47103"
"14,30000";"15,58687";"-0,47245"
"14,31000";"15,57176";"-0,47270"
"14,32000";"15,55689";"-0,47088"
"14,33000";"15,54190";"-0,46867"
"14,34000";"15,52702";"-0,46330"
"14,35000";"15,51203";"-0,46224"
"14,36000";"15,49692";"-0,46311"
"14,37000";"15,48180";"-0,46446"
"14,38000";"15,46693";"-0,46147"
"14,39000";"15,45205";"-0,45655"
"14,40000";"15,43706";"-0,45292"
"14,41000";"15,42195";"-0,45319"
"14,42000";"15,40707";"-0,45573"
"14,43000";"15,39208";"-0,45656"
"14,44000";"15,37697";"-0,45880"
"14,45000";"15,36198";"-0,46452"
"14,46000";"15,34699";"-0,46568"
"14,47000";"15,33211";"-0,45578"
"14,48000";"15,31712";"-0,44188"
"14,49000";"15,30189";"-0,43391"
"14,50000";"15,28701";"-0,43507"
"14,51000";"15,27214";"-0,43012"
"14,52000";"15,25703";"-0,42603"
"14,53000";"15,24203";"-0,42522"
"14,54000";"15,22704";"-0,43030"
"14,55000";"15,21217";"-0,43080"
"14,56000";"15,19717";"-0,42805"
"14,57000";"15,18218";"-0,43078"
"14,58000";"15,16707";"-0,43487"
"14,59000";"15,15219";"-0,44101"
"14,60000";"15,13720";"-0,44116"
"14,61000";"15,12197";"-0,42776"
"14,62000";"15,10686";"-0,41687"
"14,63000";"15,09199";"-0,41542"
"14,64000";"15,07723";"-0,41564"
"14,65000";"15,06223";"-0,41282"
"14,66000";"15,04713";"-0,41495"
"14,67000";"15,03213";"-0,41840"
"14,68000";"15,01714";"-0,41638"
"14,69000";"15,00203";"-0,41298"
"14,70000";"14,98703";"-0,41297"
"14,71000";"14,97216";"-0,41421"
"14,72000";"14,95728";"-0,40816"
"14,73000";"14,94241";"-0,40694"
"14,74000";"14,92742";"-0,40694"
"14,75000";"14,91231";"-0,40652"
"14,76000";"14,89731";"-0,40602"
"14,77000";"14,88220";"-0,40132"
"14,78000";"14,86709";"-0,39720"
"14,79000";"14,85198";"-0,39339"
"14,80000";"14,83710";"-0,38790"
"14,81000";"14,82223";"-0,37953"
"14,82000";"14,80700";"-0,37607"
"14,83000";"14,79201";"-0,37773"
"14,84000";"14,77701";"-0,37110"
"14,85000";"14,76226";"-0,37260"
"14,86000";"14,74714";"-0,38377"
"14,87000";"14,73215";"-0,38501"
"14,88000";"14,71716";"-0,38273"
"14,89000";"14,70217";"-0,37972"
"14,90000";"14,68706";"-0,36989"
"14,91000";"14,67194";"-0,37036"
"14,92000";"14,65695";"-0,37444"
"14,93000";"14,64208";"-0,37772"
"14,94000";"14,62697";"-0,37298"
"14,95000";"14,61197";"-0,37001"
"14,96000";"14,59698";"-0,36984"
"14,97000";"14,58199";"-0,36467"
"14,98000";"14,56687";"-0,35549"
"14,99000";"14,55176";"-0,35474"
"15,00000";"14,53677";"-0,35465"
"15,01000";"14,52190";"-0,34614"
"15,02000";"14,50702";"-0,34160"
"15,03000";"14,49179";"-0,34350"
"15,04000";"14,47680";"-0,34754"
"15,05000";"14,46192";"-0,35516"
"15,06000";"14,44693";"-0,36373"
"15,07000";"14,43182";"-0,36585"
"15,08000";"14,41671";"-0,36638"
"15,09000";"14,40183";"-0,36689"
"15,10000";"14,38696";"-0,36340"
"15,11000";"14,37197";"-0,36245"
"15,12000";"14,35697";"-0,36115"
"15,13000";"14,34198";"-0,36007"
"15,14000";"14,32687";"-0,35774"
"15,15000";"14,31164";"-0,34892"
"15,16000";"14,29665";"-0,34339"
"15,17000";"14,28189";"-0,34485"
"15,18000";"14,26701";"-0,34934"
"15,19000";"14,25190";"-0,34898"
"15,20000";"14,23679";"-0,34502"
"15,21000";"14,22180";"-0,33177"
"15,22000";"14,20681";"-0,32106"
"15,23000";"14,19169";"-0,31966"
"15,24000";"14,17658";"-0,32100"
"15,25000";"14,16183";"-0,31704"
"15,26000";"14,14707";"-0,31118"
"15,27000";"14,13208";"-0,30563"
"15,28000";"14,11697";"-0,30725"
"15,29000";"14,10197";"-0,31231"
"15,30000";"14,08698";"-0,30747"
"15,31000";"14,07199";"-0,29824"
"15,32000";"14,05688";"-0,28241"
"15,33000";"14,04200";"-0,27616"
"15,34000";"14,02713";"-0,27122"
"15,35000";"14,01225";"-0,26606"
"15,36000";"13,99714";"-0,26071"
"15,37000";"13,98215";"-0,26065"
"15,38000";"13,96727";"-0,26845"
"15,39000";"13,95228";"-0,27122"
"15,40000";"13,93717";"-0,27588"
"15,41000";"13,92217";"-0,28109"
"15,42000";"13,90730";"-0,28152"
"15,43000";"13,89231";"-0,27294"
"15,44000";"13,87719";"-0,26834"
"15,45000";"13,86208";"-0,26810"
"15,46000";"13,84709";"-0,26616"
"15,47000";"13,83222";"-0,26470"
"15,48000";"13,81710";"-0,26184"
"15,49000";"13,80199";"-0,26042"
"15,50000";"13,78712";"-0,25643"
"15,51000";"13,77212";"-0,25195"
"15,52000";"13,75690";"-0,24167"
"15,53000";"13,74179";"-0,23781"
"15,54000";"13,72679";"-0,23953"
"15,55000";"13,71180";"-0,24259"
"15,56000";"13,69692";"-0,24418"
"15,57000";"13,68193";"-0,25267"
"15,58000";"13,66706";"-0,25543"
"15,59000";"13,65230";"-0,25678"
"15,60000";"13,63707";"-0,25140"
"15,61000";"13,62196";"-0,25061"
"15,62000";"13,60697";"-0,25435"
"15,63000";"13,59197";"-0,25821"
"15,64000";"13,57698";"-0,25595"
"15,65000";"13,56199";"-0,25524"
"15,66000";"13,54688";"-0,26258"
"15,67000";"13,53200";"-0,25706"
"15,68000";"13,51701";"-0,25688"
"15,69000";"13,50190";"-0,25921"
"15,70000";"13,48678";"-0,26486"
"15,71000";"13,47179";"-0,26364"
"15,72000";"13,45704";"-0,25615"
"15,73000";"13,44204";"-0,25445"
"15,74000";"13,42705";"-0,25264"
"15,75000";"13,41206";"-0,25147"
"15,76000";"13,39706";"-0,25361"
"15,77000";"13,38195";"-0,25798"
"15,78000";"13,36684";"-0,26303"
"15,79000";"13,35197";"-0,26407"
"15,80000";"13,33709";"-0,25709"
"15,81000";"13,32210";"-0,25504"
"15,82000";"13,30699";"-0,24813"
"15,83000";"13,29211";"-0,24230"
"15,84000";"13,27712";"-0,24398"
"15,85000";"13,26201";"-0,24899"
"15,86000";"13,24690";"-0,24811"
"15,87000";"13,23178";"-0,24399"
"15,88000";"13,21703";"-0,23805"
"15,89000";"13,20215";"-0,23834"
"15,90000";"13,18704";"-0,24188"
"15,91000";"13,17205";"-0,24916"
"15,92000";"13,15706";"-0,25049"
"15,93000";"13,14194";"-0,24798"
"15,94000";"13,12671";"-0,24510"
"15,95000";"13,11172";"-0,24175"
"15,96000";"13,09685";"-0,24524"
"15,97000";"13,08209";"-0,24883"
"15,98000";"13,06698";"-0,24727"
"15,99000";"13,05199";"-0,24488"
"16,00000";"13,03711";"-0,24530"
"16,01000";"13,02212";"-0,24362"
"16,02000";"13,00689";"-0,24371"
"16,03000";"12,99189";"-0,23386"
"16,04000";"12,97702";"-0,22981"
"16,05000";"12,96215";"-0,22421"
"16,06000";"12,94715";"-0,22530"
"16,07000";"12,93204";"-0,23205"
"16,08000";"12,91705";"-0,23301"
"16,09000";"12,90205";"-0,22992"
"16,10000";"12,88706";"-0,22641"
"16,11000";"12,87195";"-0,22839"
"16,12000";"12,85708";"-0,23380"
"16,13000";"12,84220";"-0,23756"
"16,14000";"12,82709";"-0,23056"
"16,15000";"12,81198";"-0,22124"
"16,16000";"12,79699";"-0,20572"
"16,17000";"12,78199";"-0,20028"
"16,18000";"12,76700";"-0,20516"
"16,19000";"12,75201";"-0,21770"
"16,20000";"12,73701";"-0,22830"
"16,21000";"12,72214";"-0,23713"
"16,22000";"12,70715";"-0,23814"
"16,23000";"12,69192";"-0,23424"
"16,24000";"12,67681";"-0,22875"
"16,25000";"12,66181";"-0,22093"
"16,26000";"12,64682";"-0,22083"
"16,27000";"12,63171";"-0,22033"
"16,28000";"12,61672";"-0,22090"
"16,29000";"12,60184";"-0,22543"
"16,30000";"12,58685";"-0,22622"
"16,31000";"12,57197";"-0,22464"
"16,32000";"12,55686";"-0,23005"
"16,33000";"12,54187";"-0,23471"
"16,34000";"12,52688";"-0,23420"
"16,35000";"12,51188";"-0,23053"
"16,36000";"12,49677";"-0,22372"
"16,37000";"12,48190";"-0,21130"
"16,38000";"12,46690";"-0,20378"
"16,39000";"12,45191";"-0,20179"
"16,40000";"12,43680";"-0,20526"
"16,41000";"12,42180";"-0,20903"
"16,42000";"12,40693";"-0,20807"
"16,43000";"12,39206";"-0,20569"
"16,44000";"12,37706";"-0,20327"
"16,45000";"12,36207";"-0,19965"
"16,46000";"12,34708";"-0,19096"
"16,47000";"12,33208";"-0,17580"
"16,48000";"12,31697";"-0,16985"
"16,49000";"12,30186";"-0,17454"
"16,50000";"12,28687";"-0,18424"
"16,51000";"12,27188";"-0,18902"
"16,52000";"12,25688";"-0,18924"
"16,53000";"12,24189";"-0,19532"
"16,54000";"12,22690";"-0,19608"
"16,55000";"12,21202";"-0,19330"
"16,56000";"12,19691";"-0,18556"
"16,57000";"12,18180";"-0,17647"
"16,58000";"12,16681";"-0,17479"
"16,59000";"12,15193";"-0,18515"
"16,60000";"12,13706";"-0,19716"
"16,61000";"12,12194";"-0,20025"
"16,62000";"12,10707";"-0,19925"
"16,63000";"12,09219";"-0,19241"
"16,64000";"12,07720";"-0,18593"
"16,65000";"12,06209";"-0,17615"
"16,66000";"12,04710";"-0,17356"
"16,67000";"12,03222";"-0,17735"
"16,68000";"12,01723";"-0,18303"
"16,69000";"12,00212";"-0,18578"
"16,70000";"11,98701";"-0,18442"
"16,71000";"11,97201";"-0,18312"
"16,72000";"11,95690";"-0,18814"
"16,73000";"11,94179";"-0,18546"
"16,74000";"11,92680";"-0,18660"
"16,75000";"11,91192";"-0,18751"
"16,76000";"11,89705";"-0,19373"
"16,77000";"11,88206";"-0,19301"
"16,78000";"11,86695";"-0,18120"
"16,79000";"11,85183";"-0,17248"
"16,80000";"11,83696";"-0,16793"
"16,81000";"11,82185";"-0,17116"
"16,82000";"11,80685";"-0,17782"
"16,83000";"11,79186";"-0,19421"
"16,84000";"11,77699";"-0,19901"
"16,85000";"11,76199";"-0,19797"
"16,86000";"11,74688";"-0,20216"
"16,87000";"11,73189";"-0,20720"
"16,88000";"11,71690";"-0,20526"
"16,89000";"11,70202";"-0,20478"
"16,90000";"11,68703";"-0,20688"
"16,91000";"11,67192";"-0,21056"
"16,92000";"11,65693";"-0,20856"
"16,93000";"11,64193";"-0,20382"
"16,94000";"11,62706";"-0,19722"
"16,95000";"11,61195";"-0,19853"
"16,96000";"11,59695";"-0,19605"
"16,97000";"11,58196";"-0,19692"
"16,98000";"11,56697";"-0,19401"
"16,99000";"11,55197";"-0,18282"
"17,00000";"11,53710";"-0,18436"
"17,01000";"11,52210";"-0,19370"
"17,02000";"11,50711";"-0,19794"
"17,03000";"11,49200";"-0,19845"
"17,04000";"11,47701";"-0,20276"
"17,05000";"11,46201";"-0,20405"
"17,06000";"11,44714";"-0,19622"
"17,07000";"11,43203";"-0,18759"
"17,08000";"11,41704";"-0,18750"
"17,09000";"11,40216";"-0,18631"
"17,10000";"11,38705";"-0,18054"
"17,11000";"11,37194";"-0,18183"
"17,12000";"11,35683";"-0,18276"
"17,13000";"11,34183";"-0,18469"
"17,14000";"11,32684";"-0,19076"
"17,15000";"11,31185";"-0,18881"
"17,16000";"11,29685";"-0,18279"
"17,17000";"11,28198";"-0,17610"
"17,18000";"11,26722";"-0,17043"
"17,19000";"11,25223";"-0,17385"
"17,20000";"11,23712";"-0,17012"
"17,21000";"11,22213";"-0,17278"
"17,22000";"11,20725";"-0,18269"
"17,23000";"11,19214";"-0,19032"
"17,24000";"11,17703";"-0,18845"
"17,25000";"11,16203";"-0,18873"
"17,26000";"11,14716";"-0,18381"
"17,27000";"11,13217";"-0,17643"
"17,28000";"11,11694";"-0,17393"
"17,29000";"11,10194";"-0,17629"
"17,30000";"11,08719";"-0,17906"
"17,31000";"11,07208";"-0,17488"
"17,32000";"11,05696";"-0,16800"
"17,33000";"11,04197";"-0,16478"
"17,34000";"11,02686";"-0,16309"
"17,35000";"11,01187";"-0,16055"
"17,36000";"10,99676";"-0,16687"
"17,37000";"10,98188";"-0,17352"
"17,38000";"10,96701";"-0,16414"
"17,39000";"10,95213";"-0,16034"
"17,40000";"10,93702";"-0,16269"
"17,41000";"10,92191";"-0,16545"
"17,42000";"10,90703";"-0,17086"
"17,43000";"10,89192";"-0,16882"
"17,44000";"10,87681";"-0,16630"
"17,45000";"10,86182";"-0,16580"
"17,46000";"10,84683";"-0,17201"
"17,47000";"10,83195";"-0,17204"
"17,48000";"10,81696";"-0,16803"
"17,49000";"10,80185";"-0,16300"
"17,50000";"10,78686";"-0,15772"
"17,51000";"10,77186";"-0,15573"
"17,52000";"10,75699";"-0,15537"
"17,53000";"10,74199";"-0,15846"
"17,54000";"10,72700";"-0,16505"
"17,55000";"10,71213";"-0,16814"
"17,56000";"10,69725";"-0,16551"
"17,57000";"10,68214";"-0,16854"
"17,58000";"10,66715";"-0,16657"
"17,59000";"10,65215";"-0,17183"
"17,60000";"10,63728";"-0,17304"
"17,61000";"10,62217";"-0,17343"
"17,62000";"10,60717";"-0,17383"
"17,63000";"10,59230";"-0,17769"
"17,64000";"10,57742";"-0,17980"
"17,65000";"10,56231";"-0,18074"
"17,66000";"10,54720";"-0,18155"
"17,67000";"10,53209";"-0,18150"
"17,68000";"10,51722";"-0,17945"
"17,69000";"10,50234";"-0,16973"
"17,70000";"10,48735";"-0,15801"
"17,71000";"10,47235";"-0,15588"
"17,72000";"10,45736";"-0,15360"
"17,73000";"10,44225";"-0,15410"
"17,74000";"10,42714";"-0,15679"
"17,75000";"10,41215";"-0,15439"
"17,76000";"10,39715";"-0,14950"
"17,77000";"10,38204";"-0,14873"
"17,78000";"10,36705";"-0,15189"
"17,79000";"10,35206";"-0,15120"
"17,80000";"10,33706";"-0,15168"
"17,81000";"10,32207";"-0,15417"
"17,82000";"10,30708";"-0,15573"
"17,83000";"10,29197";"-0,15812"
"17,84000";"10,27709";"-0,16616"
"17,85000";"10,26210";"-0,17201"
"17,86000";"10,24699";"-0,16812"
"17,87000";"10,23211";"-0,15984"
"17,88000";"10,21712";"-0,14816"
"17,89000";"10,20224";"-0,14274"
"17,90000";"10,18713";"-0,13936"
"17,91000";"10,17202";"-0,14001"
"17,92000";"10,15691";"-0,14538"
"17,93000";"10,14192";"-0,15216"
"17,94000";"10,12681";"-0,15909"
"17,95000";"10,11169";"-0,15750"
"17,96000";"10,09670";"-0,15874"
"17,97000";"10,08183";"-0,16716"
"17,98000";"10,06671";"-0,17557"
"17,99000";"10,05172";"-0,17390"
"18,00000";"10,03673";"-0,16719"
"18,01000";"10,02185";"-0,15387"
"18,02000";"10,00686";"-0,15015"
"18,03000";"9,99175";"-0,15157"
"18,04000";"9,97688";"-0,14511"
"18,05000";"9,96200";"-0,13198"
"18,06000";"9,94689";"-0,12434"
"18,07000";"9,93178";"-0,12755"
"18,08000";"9,91690";"-0,14179"
"18,09000";"9,90203";"-0,15555"
"18,10000";"9,88703";"-0,15921"
"18,11000";"9,87192";"-0,15504"
"18,12000";"9,85693";"-0,15219"
"18,13000";"9,84194";"-0,15017"
"18,14000";"9,82695";"-0,14458"
"18,15000";"9,81183";"-0,13356"
"18,16000";"9,79684";"-0,12602"
"18,17000";"9,78208";"-0,12759"
"18,18000";"9,76709";"-0,13402"
"18,19000";"9,75210";"-0,13568"
"18,20000";"9,73699";"-0,13548"
"18,21000";"9,72211";"-0,13491"
"18,22000";"9,70724";"-0,14163"
"18,23000";"9,69213";"-0,14156"
"18,24000";"9,67701";"-0,13974"
"18,25000";"9,66214";"-0,14089"
"18,26000";"9,64726";"-0,14408"
"18,27000";"9,63215";"-0,14454"
"18,28000";"9,61692";"-0,14433"
"18,29000";"9,60193";"-0,14819"
"18,30000";"9,58706";"-0,14535"
"18,31000";"9,57206";"-0,13447"
"18,32000";"9,55707";"-0,11582"
"18,33000";"9,54208";"-0,10870"
"18,34000";"9,52732";"-0,10545"
"18,35000";"9,51221";"-0,10163"
"18,36000";"9,49710";"-0,10184"
"18,37000";"9,48199";"-0,09997"
"18,38000";"9,46711";"-0,09836"
"18,39000";"9,45212";"-0,09156"
"18,40000";"9,43701";"-0,08056"
"18,41000";"9,42213";"-0,07308"
"18,42000";"9,40726";"-0,07510"
"18,43000";"9,39215";"-0,08114"
"18,44000";"9,37704";"-0,08583"
"18,45000";"9,36192";"-0,09850"
"18,46000";"9,34693";"-0,10215"
"18,47000";"9,33217";"-0,10135"
"18,48000";"9,31706";"-0,09388"
"18,49000";"9,30195";"-0,08562"
"18,50000";"9,28708";"-0,08634"
"18,51000";"9,27232";"-0,09241"
"18,52000";"9,25721";"-0,09363"
"18,53000";"9,24198";"-0,09341"
"18,54000";"9,22699";"-0,09433"
"18,55000";"9,21211";"-0,09998"
"18,56000";"9,19700";"-0,09584"
"18,57000";"9,18189";"-0,09297"
"18,58000";"9,16690";"-0,09543"
"18,59000";"9,15202";"-0,09984"
"18,60000";"9,13703";"-0,10020"
"18,61000";"9,12180";"-0,09651"
"18,62000";"9,10692";"-0,09149"
"18,63000";"9,09217";"-0,08982"
"18,64000";"9,07717";"-0,08471"
"18,65000";"9,06206";"-0,08010"
"18,66000";"9,04695";"-0,07826"
"18,67000";"9,03196";"-0,07968"
"18,68000";"9,01696";"-0,07940"
"18,69000";"9,00185";"-0,08117"
"18,70000";"8,98662";"-0,08465"
"18,71000";"8,97175";"-0,08451"
"18,72000";"8,95688";"-0,08026"
"18,73000";"8,94188";"-0,07886"
"18,74000";"8,92689";"-0,08172"
"18,75000";"8,91190";"-0,08575"
"18,76000";"8,89702";"-0,08899"
"18,77000";"8,88191";"-0,08774"
"18,78000";"8,86692";"-0,09276"
"18,79000";"8,85204";"-0,09621"
"18,80000";"8,83728";"-0,09673"
"18,81000";"8,82217";"-0,09071"
"18,82000";"8,80706";"-0,08278"
"18,83000";"8,79195";"-0,09239"
"18,84000";"8,77708";"-0,09552"
"18,85000";"8,76197";"-0,08512"
"18,86000";"8,74685";"-0,08133"
"18,87000";"8,73186";"-0,08134"
"18,88000";"8,71710";"-0,08148"
"18,89000";"8,70223";"-0,08013"
"18,90000";"8,68712";"-0,07756"
"18,91000";"8,67201";"-0,07829"
"18,92000";"8,65713";"-0,08810"
"18,93000";"8,64202";"-0,09987"
"18,94000";"8,62703";"-0,10191"
"18,95000";"8,61203";"-0,10769"
"18,96000";"8,59716";"-0,10600"
"18,97000";"8,58240";"-0,09922"
"18,98000";"8,56717";"-0,09430"
"18,99000";"8,55206";"-0,08581"
"19,00000";"8,53695";"-0,07782"
"19,01000";"8,52196";"-0,07240"
"19,02000";"8,50685";"-0,06286"
"19,03000";"8,49174";"-0,05182"
"19,04000";"8,47686";"-0,05713"
"19,05000";"8,46199";"-0,06958"
"19,06000";"8,44687";"-0,07758"
"19,07000";"8,43176";"-0,07902"
"19,08000";"8,41665";"-0,07979"
"19,09000";"8,40178";"-0,07660"
"19,10000";"8,38679";"-0,07161"
"19,11000";"8,37179";"-0,06184"
"19,12000";"8,35680";"-0,06098"
"19,13000";"8,34204";"-0,05764"
"19,14000";"8,32705";"-0,04838"
"19,15000";"8,31194";"-0,04279"
"19,16000";"8,29683";"-0,04494"
"19,17000";"8,28183";"-0,03922"
"19,18000";"8,26696";"-0,03908"
"19,19000";"8,25185";"-0,03901"
"19,20000";"8,23685";"-0,04083"
"19,21000";"8,22186";"-0,04214"
"19,22000";"8,20687";"-0,04008"
"19,23000";"8,19176";"-0,03754"
"19,24000";"8,17665";"-0,03753"
"19,25000";"8,16189";"-0,03402"
"19,26000";"8,14701";"-0,02988"
"19,27000";"8,13202";"-0,02308"
"19,28000";"8,11691";"-0,02652"
"19,29000";"8,10192";"-0,03056"
"19,30000";"8,08692";"-0,03200"
"19,31000";"8,07193";"-0,03903"
"19,32000";"8,05682";"-0,04553"
"19,33000";"8,04183";"-0,04819"
"19,34000";"8,02695";"-0,04876"
"19,35000";"8,01208";"-0,04565"
"19,36000";"7,99708";"-0,04534"
"19,37000";"7,98209";"-0,04211"
"19,38000";"7,96710";"-0,04008"
"19,39000";"7,95199";"-0,03995"
"19,40000";"7,93699";"-0,04030"
"19,41000";"7,92200";"-0,03954"
"19,42000";"7,90701";"-0,04640"
"19,43000";"7,89213";"-0,04200"
"19,44000";"7,87714";"-0,03382"
"19,45000";"7,86203";"-0,02543"
"19,46000";"7,84704";"-0,02580"
"19,47000";"7,83204";"-0,02793"
"19,48000";"7,81693";"-0,02833"
"19,49000";"7,80182";"-0,03309"
"19,50000";"7,78694";"-0,03956"
"19,51000";"7,77207";"-0,04666"
"19,52000";"7,75719";"-0,04857"
"19,53000";"7,74208";"-0,05226"
"19,54000";"7,72709";"-0,05410"
"19,55000";"7,71222";"-0,05464"
"19,56000";"7,69710";"-0,05889"
"19,57000";"7,68199";"-0,05805"
"19,58000";"7,66712";"-0,05166"
"19,59000";"7,65224";"-0,04507"
"19,60000";"7,63725";"-0,04413"
"19,61000";"7,62214";"-0,03951"
"19,62000";"7,60703";"-0,04117"
"19,63000";"7,59203";"-0,04304"
"19,64000";"7,57692";"-0,03891"
"19,65000";"7,56181";"-0,03422"
"19,66000";"7,54682";"-0,04105"
"19,67000";"7,53194";"-0,04371"
"19,68000";"7,51695";"-0,04289"
"19,69000";"7,50184";"-0,04012"
"19,70000";"7,48685";"-0,03345"
"19,71000";"7,47185";"-0,03251"
"19,72000";"7,45686";"-0,03809"
"19,73000";"7,44175";"-0,04240"
"19,74000";"7,42676";"-0,04894"
"19,75000";"7,41188";"-0,05779"
"19,76000";"7,39701";"-0,06129"
"19,77000";"7,38190";"-0,06282"
"19,78000";"7,36690";"-0,05461"
"19,79000";"7,35179";"-0,05044"
"19,80000";"7,33680";"-0,04746"
"19,81000";"7,32181";"-0,04521"
"19,82000";"7,30681";"-0,05163"
"19,83000";"7,29194";"-0,05276"
"19,84000";"7,27706";"-0,06086"
"19,85000";"7,26207";"-0,06436"
"19,86000";"7,24696";"-0,06552"
"19,87000";"7,23196";"-0,05955"
"19,88000";"7,21697";"-0,05607"
"19,89000";"7,20198";"-0,05798"
"19,90000";"7,18699";"-0,04797"
"19,91000";"7,17199";"-0,04381"
"19,92000";"7,15712";"-0,05032"
"19,93000";"7,14212";"-0,04713"
"19,94000";"7,12701";"-0,04381"
"19,95000";"7,11202";"-0,03981"
"19,96000";"7,09703";"-0,04325"
"19,97000";"7,08215";"-0,04726"
"19,98000";"7,06704";"-0,05109"
"19,99000";"7,05193";"-0,05270"
"20,00000";"7,03694";"-0,04869"
"20,01000";"7,02194";"-0,04193"
"20,02000";"7,00683";"-0,03400"
"20,03000";"6,99184";"-0,03367"
"20,04000";"6,97685";"-0,03961"
"20,05000";"6,96209";"-0,04687"
"20,06000";"6,94710";"-0,04499"
"20,07000";"6,93210";"-0,04501"
"20,08000";"6,91711";"-0,04605"
"20,09000";"6,90224";"-0,05291"
"20,10000";"6,88724";"-0,05339"
"20,11000";"6,87201";"-0,05268"
"20,12000";"6,85702";"-0,05263"
"20,13000";"6,84203";"-0,04585"
"20,14000";"6,82715";"-0,04099"
"20,15000";"6,81216";"-0,04506"
"20,16000";"6,79705";"-0,04684"
"20,17000";"6,78206";"-0,04779"
"20,18000";"6,76706";"-0,05246"
"20,19000";"6,75207";"-0,05754"
"20,20000";"6,73696";"-0,06336"
"20,21000";"6,72208";"-0,06361"
"20,22000";"6,70709";"-0,05353"
"20,23000";"6,69221";"-0,05307"
"20,24000";"6,67722";"-0,06282"
"20,25000";"6,66223";"-0,06352"
"20,26000";"6,64712";"-0,05989"
"20,27000";"6,63189";"-0,06247"
"20,28000";"6,61666";"-0,06501"
"20,29000";"6,60167";"-0,06818"
"20,30000";"6,58679";"-0,06340"
"20,31000";"6,57192";"-0,06565"
"20,32000";"6,55692";"-0,06382"
"20,33000";"6,54193";"-0,06392"
"20,34000";"6,52694";"-0,06018"
"20,35000";"6,51183";"-0,05749"
"20,36000";"6,49683";"-0,05014"
"20,37000";"6,48184";"-0,05438"
"20,38000";"6,46696";"-0,06187"
"20,39000";"6,45209";"-0,06192"
"20,40000";"6,43698";"-0,06102"
"20,41000";"6,42199";"-0,07045"
"20,42000";"6,40711";"-0,08418"
"20,43000";"6,39212";"-0,08521"
"20,44000";"6,37712";"-0,07832"
"20,45000";"6,36213";"-0,06741"
"20,46000";"6,34714";"-0,06832"
"20,47000";"6,33226";"-0,07223"
"20,48000";"6,31715";"-0,07498"
"20,49000";"6,30204";"-0,06685"
"20,50000";"6,28693";"-0,06209"
"20,51000";"6,27206";"-0,06206"
"20,52000";"6,25718";"-0,06084"
"20,53000";"6,24231";"-0,05711"
"20,54000";"6,22731";"-0,05653"
"20,55000";"6,21220";"-0,05529"
"20,56000";"6,19697";"-0,04891"
"20,57000";"6,18174";"-0,05268"
"20,58000";"6,16663";"-0,05256"
"20,59000";"6,15164";"-0,05177"
"20,60000";"6,13665";"-0,04232"
"20,61000";"6,12165";"-0,04205"
"20,62000";"6,10678";"-0,04280"
"20,63000";"6,09202";"-0,04728"
"20,64000";"6,07703";"-0,05215"
"20,65000";"6,06192";"-0,05336"
"20,66000";"6,04692";"-0,05372"
"20,67000";"6,03193";"-0,04838"
"20,68000";"6,01694";"-0,04670"
"20,69000";"6,00194";"-0,04461"
"20,70000";"5,98683";"-0,04727"
"20,71000";"5,97196";"-0,05047"
"20,72000";"5,95697";"-0,05320"
"20,73000";"5,94197";"-0,05094"
"20,74000";"5,92686";"-0,04458"
"20,75000";"5,91187";"-0,03823"
"20,76000";"5,89711";"-0,03604"
"20,77000";"5,88212";"-0,04195"
"20,78000";"5,86713";"-0,04759"
"20,79000";"5,85201";"-0,05593"
"20,80000";"5,83714";"-0,05900"
"20,81000";"5,82215";"-0,05111"
"20,82000";"5,80703";"-0,04674"
"20,83000";"5,79204";"-0,04526"
"20,84000";"5,77717";"-0,03920"
"20,85000";"5,76229";"-0,04266"
"20,86000";"5,74718";"-0,04690"
"20,87000";"5,73207";"-0,04784"
"20,88000";"5,71719";"-0,05256"
"20,89000";"5,70220";"-0,05438"
"20,90000";"5,68709";"-0,05281"
"20,91000";"5,67186";"-0,06228"
"20,92000";"5,65699";"-0,06427"
"20,93000";"5,64211";"-0,05992"
"20,94000";"5,62700";"-0,05089"
"20,95000";"5,61189";"-0,05044"
"20,96000";"5,59690";"-0,04525"
"20,97000";"5,58190";"-0,04536"
"20,98000";"5,56691";"-0,04722"
"20,99000";"5,55180";"-0,04864"
"21,00000";"5,53692";"-0,05562"
"21,01000";"5,52205";"-0,06821"
"21,02000";"5,50717";"-0,07080"
"21,03000";"5,49206";"-0,06525"
"21,04000";"5,47695";"-0,06071"
"21,05000";"5,46196";"-0,06177"
"21,06000";"5,44697";"-0,05513"
"21,07000";"5,43185";"-0,05397"
"21,08000";"5,41686";"-0,05688"
"21,09000";"5,40210";"-0,06273"
"21,10000";"5,38711";"-0,06623"
"21,11000";"5,37200";"-0,06635"
"21,12000";"5,35701";"-0,06529"
"21,13000";"5,34201";"-0,06157"
"21,14000";"5,32714";"-0,05337"
"21,15000";"5,31215";"-0,04240"
"21,16000";"5,29715";"-0,03661"
"21,17000";"5,28216";"-0,04249"
"21,18000";"5,26728";"-0,04592"
"21,19000";"5,25217";"-0,05589"
"21,20000";"5,23706";"-0,06511"
"21,21000";"5,22207";"-0,06037"
"21,22000";"5,20696";"-0,05095"
"21,23000";"5,19197";"-0,04793"
"21,24000";"5,17697";"-0,05115"
"21,25000";"5,16210";"-0,05775"
"21,26000";"5,14722";"-0,05631"
"21,27000";"5,13211";"-0,04847"
"21,28000";"5,11688";"-0,04538"
"21,29000";"5,10189";"-0,04393"
"21,30000";"5,08701";"-0,04035"
"21,31000";"5,07202";"-0,03947"
"21,32000";"5,05715";"-0,03709"
"21,33000";"5,04215";"-0,04152"
"21,34000";"5,02728";"-0,04826"
"21,35000";"5,01228";"-0,05484"
"21,36000";"4,99706";"-0,05601"
"21,37000";"4,98183";"-0,06505"
"21,38000";"4,96683";"-0,07189"
"21,39000";"4,95184";"-0,07452"
"21,40000";"4,93673";"-0,07116"
"21,41000";"4,92174";"-0,06536"
"21,42000";"4,90686";"-0,06671"
"21,43000";"4,89187";"-0,07586"
"21,44000";"4,87676";"-0,07831"
"21,45000";"4,86165";"-0,07284"
"21,46000";"4,84677";"-0,06638"
"21,47000";"4,83201";"-0,06077"
"21,48000";"4,81702";"-0,05587"
"21,49000";"4,80203";"-0,05561"
"21,50000";"4,78715";"-0,05876"
"21,51000";"4,77216";"-0,06690"
"21,52000";"4,75717";"-0,06388"
"21,53000";"4,74206";"-0,06789"
"21,54000";"4,72694";"-0,06732"
"21,55000";"4,71219";"-0,07289"
"21,56000";"4,69731";"-0,07128"
"21,57000";"4,68208";"-0,06693"
"21,58000";"4,66709";"-0,06137"
"21,59000";"4,65222";"-0,05327"
"21,60000";"4,63722";"-0,05535"
"21,61000";"4,62199";"-0,06801"
"21,62000";"4,60688";"-0,07372"
"21,63000";"4,59201";"-0,07798"
"21,64000";"4,57713";"-0,07647"
"21,65000";"4,56214";"-0,06521"
"21,66000";"4,54715";"-0,06401"
"21,67000";"4,53227";"-0,06584"
"21,68000";"4,51728";"-0,06576"
"21,69000";"4,50217";"-0,06053"
"21,70000";"4,48717";"-0,05204"
"21,71000";"4,47230";"-0,05055"
"21,72000";"4,45742";"-0,04836"
"21,73000";"4,44243";"-0,04149"
"21,74000";"4,42720";"-0,04943"
"21,75000";"4,41221";"-0,04981"
"21,76000";"4,39722";"-0,04794"
"21,77000";"4,38210";"-0,03941"
"21,78000";"4,36699";"-0,03342"
"21,79000";"4,35200";"-0,03691"
"21,80000";"4,33724";"-0,04237"
"21,81000";"4,32225";"-0,05022"
"21,82000";"4,30702";"-0,05809"
"21,83000";"4,29203";"-0,07202"
"21,84000";"4,27715";"-0,08112"
"21,85000";"4,26228";"-0,07649"
"21,86000";"4,24717";"-0,07118"
"21,87000";"4,23217";"-0,07631"
"21,88000";"4,21742";"-0,07578"
"21,89000";"4,20242";"-0,06929"
"21,90000";"4,18719";"-0,06103"
"21,91000";"4,17208";"-0,05851"
"21,92000";"4,15709";"-0,05347"
"21,93000";"4,14233";"-0,04950"
"21,94000";"4,12722";"-0,04528"
"21,95000";"4,11211";"-0,05241"
"21,96000";"4,09712";"-0,05600"
"21,97000";"4,08213";"-0,06156"
"21,98000";"4,06701";"-0,06045"
"21,99000";"4,05178";"-0,05705"
"22,00000";"4,03679";"-0,05675"
"22,01000";"4,02192";"-0,05636"
"22,02000";"4,00704";"-0,04700"
"22,03000";"3,99181";"-0,04244"
"22,04000";"3,97682";"-0,03938"
"22,05000";"3,96194";"-0,03489"
"22,06000";"3,94683";"-0,03339"
"22,07000";"3,93172";"-0,03553"
"22,08000";"3,91673";"-0,04603"
"22,09000";"3,90197";"-0,05765"
"22,10000";"3,88698";"-0,05854"
"22,11000";"3,87187";"-0,05163"
"22,12000";"3,85676";"-0,05065"
"22,13000";"3,84176";"-0,05008"
"22,14000";"3,82677";"-0,04965"
"22,15000";"3,81154";"-0,05294"
"22,16000";"3,79655";"-0,05703"
"22,17000";"3,78167";"-0,05445"
"22,18000";"3,76680";"-0,05339"
"22,19000";"3,75181";"-0,05843"
"22,20000";"3,73669";"-0,06324"
"22,21000";"3,72170";"-0,06144"
"22,22000";"3,70694";"-0,06465"
"22,23000";"3,69172";"-0,06176"
"22,24000";"3,67660";"-0,06315"
"22,25000";"3,66173";"-0,06794"
"22,26000";"3,64697";"-0,07629"
"22,27000";"3,63198";"-0,06914"
"22,28000";"3,61687";"-0,06304"
"22,29000";"3,60187";"-0,05987"
"22,30000";"3,58700";"-0,05391"
"22,31000";"3,57201";"-0,04486"
"22,32000";"3,55690";"-0,03746"
"22,33000";"3,54190";"-0,03495"
"22,34000";"3,52715";"-0,04160"
"22,35000";"3,51227";"-0,04573"
"22,36000";"3,49704";"-0,04889"
"22,37000";"3,48193";"-0,05062"
"22,38000";"3,46706";"-0,05779"
"22,39000";"3,45194";"-0,05619"
"22,40000";"3,43695";"-0,05559"
"22,41000";"3,42208";"-0,05104"
"22,42000";"3,40732";"-0,05423"
"22,43000";"3,39233";"-0,05187"
"22,44000";"3,37722";"-0,05270"
"22,45000";"3,36210";"-0,05488"
"22,46000";"3,34711";"-0,05898"
"22,47000";"3,33212";"-0,05318"
"22,48000";"3,31689";"-0,04216"
"22,49000";"3,30190";"-0,03697"
"22,50000";"3,28702";"-0,03800"
"22,51000";"3,27215";"-0,03928"
"22,52000";"3,25715";"-0,04193"
"22,53000";"3,24204";"-0,04332"
"22,54000";"3,22705";"-0,04582"
"22,55000";"3,21206";"-0,05144"
"22,56000";"3,19706";"-0,04834"
"22,57000";"3,18195";"-0,04132"
"22,58000";"3,16696";"-0,04242"
"22,59000";"3,15197";"-0,05374"
"22,60000";"3,13697";"-0,05962"
"22,61000";"3,12186";"-0,05959"
"22,62000";"3,10675";"-0,05792"
"22,63000";"3,09187";"-0,05849"
"22,64000";"3,07688";"-0,05191"
"22,65000";"3,06189";"-0,04178"
"22,66000";"3,04690";"-0,03916"
"22,67000";"3,03214";"-0,03993"
"22,68000";"3,01703";"-0,04873"
"22,69000";"3,00192";"-0,05359"
"22,70000";"2,98692";"-0,05032"
"22,71000";"2,97193";"-0,05690"
"22,72000";"2,95706";"-0,06272"
"22,73000";"2,94218";"-0,05627"
"22,74000";"2,92707";"-0,05184"
"22,75000";"2,91208";"-0,04663"
"22,76000";"2,89708";"-0,03860"
"22,77000";"2,88209";"-0,03172"
"22,78000";"2,86686";"-0,03342"
"22,79000";"2,85187";"-0,03612"
"22,80000";"2,83699";"-0,04247"
"22,81000";"2,82200";"-0,03801"
"22,82000";"2,80701";"-0,03827"
"22,83000";"2,79201";"-0,04279"
"22,84000";"2,77714";"-0,04785"
"22,85000";"2,76203";"-0,04567"
"22,86000";"2,74680";"-0,05189"
"22,87000";"2,73181";"-0,06468"
"22,88000";"2,71693";"-0,06405"
"22,89000";"2,70194";"-0,05373"
"22,90000";"2,68683";"-0,04817"
"22,91000";"2,67183";"-0,04330"
"22,92000";"2,65696";"-0,04078"
"22,93000";"2,64197";"-0,04561"
"22,94000";"2,62674";"-0,05575"
"22,95000";"2,61174";"-0,06018"
"22,96000";"2,59687";"-0,05859"
"22,97000";"2,58199";"-0,05349"
"22,98000";"2,56700";"-0,05009"
"22,99000";"2,55189";"-0,04573"
"23,00000";"2,53701";"-0,04201"
"23,01000";"2,52202";"-0,04856"
"23,02000";"2,50691";"-0,05164"
"23,03000";"2,49180";"-0,05227"
"23,04000";"2,47704";"-0,05211"
"23,05000";"2,46217";"-0,05385"
"23,06000";"2,44717";"-0,04489"
"23,07000";"2,43206";"-0,04230"
"23,08000";"2,41695";"-0,04785"
"23,09000";"2,40196";"-0,05498"
"23,10000";"2,38685";"-0,06700"
"23,11000";"2,37174";"-0,06640"
"23,12000";"2,35674";"-0,06577"
"23,13000";"2,34199";"-0,06060"
"23,14000";"2,32699";"-0,06129"
"23,15000";"2,31200";"-0,06284"
"23,16000";"2,29701";"-0,06646"
"23,17000";"2,28201";"-0,06226"
"23,18000";"2,26702";"-0,05548"
"23,19000";"2,25203";"-0,05272"
"23,20000";"2,23703";"-0,05763"
"23,21000";"2,22204";"-0,05894"
"23,22000";"2,20705";"-0,05699"
"23,23000";"2,19206";"-0,05652"
"23,24000";"2,17694";"-0,05177"
"23,25000";"2,16195";"-0,04418"
"23,26000";"2,14696";"-0,03400"
"23,27000";"2,13197";"-0,02820"
"23,28000";"2,11697";"-0,03452"
"23,29000";"2,10198";"-0,04068"
"23,30000";"2,08699";"-0,04647"
"23,31000";"2,07188";"-0,05237"
"23,32000";"2,05676";"-0,05153"
"23,33000";"2,04177";"-0,05256"
"23,34000";"2,02678";"-0,04838"
"23,35000";"2,01190";"-0,05303"
"23,36000";"1,99691";"-0,05328"
"23,37000";"1,98203";"-0,05332"
"23,38000";"1,96716";"-0,05817"
"23,39000";"1,95205";"-0,05803"
"23,40000";"1,93694";"-0,05974"
"23,41000";"1,92194";"-0,06496"
"23,42000";"1,90695";"-0,05924"
"23,43000";"1,89196";"-0,05134"
"23,44000";"1,87685";"-0,04318"
"23,45000";"1,86197";"-0,04077"
"23,46000";"1,84698";"-0,04489"
"23,47000";"1,83199";"-0,04820"
"23,48000";"1,81688";"-0,04952"
"23,49000";"1,80188";"-0,04829"
"23,50000";"1,78677";"-0,03784"
"23,51000";"1,77190";"-0,03547"
"23,52000";"1,75702";"-0,03784"
"23,53000";"1,74191";"-0,04568"
"23,54000";"1,72692";"-0,05423"
"23,55000";"1,71204";"-0,05979"
"23,56000";"1,69693";"-0,05992"
"23,57000";"1,68194";"-0,06228"
"23,58000";"1,66694";"-0,06568"
"23,59000";"1,65207";"-0,06360"
"23,60000";"1,63708";"-0,05917"
"23,61000";"1,62208";"-0,05643"
"23,62000";"1,60709";"-0,05503"
"23,63000";"1,59210";"-0,05520"
"23,64000";"1,57710";"-0,04994"
"23,65000";"1,56199";"-0,05421"
"23,66000";"1,54688";"-0,06380"
"23,67000";"1,53201";"-0,06565"
"23,68000";"1,51713";"-0,06584"
"23,69000";"1,50202";"-0,06465"
"23,70000";"1,48703";"-0,06216"
"23,71000";"1,47192";"-0,05674"
"23,72000";"1,45692";"-0,05350"
"23,73000";"1,44193";"-0,05108"
"23,74000";"1,42682";"-0,04586"
"23,75000";"1,41183";"-0,04590"
"23,76000";"1,39695";"-0,04649"
"23,77000";"1,38196";"-0,05464"
"23,78000";"1,36685";"-0,05288"
"23,79000";"1,35185";"-0,05354"
"23,80000";"1,33686";"-0,06142"
"23,81000";"1,32175";"-0,06355"
"23,82000";"1,30676";"-0,06385"
"23,83000";"1,29188";"-0,06011"
"23,84000";"1,27701";"-0,05884"
"23,85000";"1,26213";"-0,05251"
"23,86000";"1,24702";"-0,04386"
"23,87000";"1,23215";"-0,03311"
"23,88000";"1,21715";"-0,02729"
"23,89000";"1,20216";"-0,03559"
"23,90000";"1,18705";"-0,04460"
"23,91000";"1,17206";"-0,04991"
"23,92000";"1,15718";"-0,05369"
"23,93000";"1,14219";"-0,05662"
"23,94000";"1,12708";"-0,05375"
"23,95000";"1,11197";"-0,04914"
"23,96000";"1,09697";"-0,04631"
"23,97000";"1,08210";"-0,04769"
"23,98000";"1,06710";"-0,05234"
"23,99000";"1,05211";"-0,06302"
"24,00000";"1,03712";"-0,07569"
"24,01000";"1,02201";"-0,07656"
"24,02000";"1,00701";"-0,07171"
"24,03000";"0,99190";"-0,06462"
"24,04000";"0,97691";"-0,06300"
"24,05000";"0,96192";"-0,05680"
"24,06000";"0,94692";"-0,05170"
"24,07000";"0,93193";"-0,05721"
"24,08000";"0,91706";"-0,05373"
"24,09000";"0,90206";"-0,04966"
"24,10000";"0,88707";"-0,05425"
"24,11000";"0,87208";"-0,05913"
"24,12000";"0,85697";"-0,06156"
"24,13000";"0,84197";"-0,05698"
"24,14000";"0,82698";"-0,05376"
"24,15000";"0,81199";"-0,04727"
"24,16000";"0,79688";"-0,04824"
"24,17000";"0,78200";"-0,05316"
"24,18000";"0,76712";"-0,05086"
"24,19000";"0,75213";"-0,04702"
"24,20000";"0,73714";"-0,04716"
"24,21000";"0,72215";"-0,05179"
"24,22000";"0,70715";"-0,06159"
"24,23000";"0,69216";"-0,06410"
"24,24000";"0,67705";"-0,06329"
"24,25000";"0,66206";"-0,06275"
"24,26000";"0,64718";"-0,05801"
"24,27000";"0,63219";"-0,05588"
"24,28000";"0,61708";"-0,05587"
"24,29000";"0,60197";"-0,05127"
"24,30000";"0,58709";"-0,04659"
"24,31000";"0,57210";"-0,04924"
"24,32000";"0,55687";"-0,04909"
"24,33000";"0,54188";"-0,05309"
"24,34000";"0,52688";"-0,04977"
"24,35000";"0,51189";"-0,04413"
"24,36000";"0,49678";"-0,04318"
"24,37000";"0,48167";"-0,05236"
"24,38000";"0,46691";"-0,05211"
"24,39000";"0,45203";"-0,04729"
"24,40000";"0,43704";"-0,04637"
"24,41000";"0,42193";"-0,06059"
"24,42000";"0,40694";"-0,07854"
"24,43000";"0,39194";"-0,08734"
"24,44000";"0,37683";"-0,08991"
"24,45000";"0,36172";"-0,08541"
"24,46000";"0,34685";"-0,07764"
"24,47000";"0,33197";"-0,06276"
"24,48000";"0,31710";"-0,04533"
"24,49000";"0,30199";"-0,04916"
"24,50000";"0,28699";"-0,05313"
"24,51000";"0,27212";"-0,05224"
"24,52000";"0,25701";"-0,05366"
"24,53000";"0,24190";"-0,05445"
"24,54000";"0,22690";"-0,05867"
"24,55000";"0,21203";"-0,06695"
"24,56000";"0,19703";"-0,06571"
"24,57000";"0,18192";"-0,06976"
"24,58000";"0,16681";"-0,07383"
"24,59000";"0,15194";"-0,07709"
"24,60000";"0,13694";"-0,06982"
"24,61000";"0,12195";"-0,06582"
"24,62000";"0,10708";"-0,06853"
"24,63000";"0,09232";"-0,07062"
"24,64000";"0,07733";"-0,06243"
"24,65000";"0,06222";"-0,05546"
"24,66000";"0,04710";"-0,04543"
"24,67000";"0,03223";"-0,04589"
"24,68000";"0,01724";"-0,04317"
"24,69000";"0,00224";"-0,03746"
"24,69200";"-0,00083";"-0,03755"
"24,69400";"-0,00378";"-0,03806"
"24,70400";"-0,01676";"-0,04145"
"24,71400";"-0,02385";"-0,03360"
"24,71800";"-0,02526";"-0,02908"
"24,72800";"-0,02467";"-0,01842"
"24,73800";"-0,01960";"-0,00819"
"24,74800";"-0,00815";"-0,00615"
"24,75800";"0,00897";"0,00058"
"24,76800";"0,02916";"0,00293"
"24,77800";"0,05076";"-0,00392"
"24,78800";"0,07260";"-0,02224"
"24,79800";"0,09397";"-0,03523"
"24,80800";"0,11451";"-0,04121"
"24,81800";"0,13423";"-0,04974"
"24,82800";"0,15300";"-0,05722"
"24,83800";"0,17106";"-0,06295"
"24,84800";"0,18853";"-0,06398"
"24,85800";"0,20553";"-0,06444"
"24,86800";"0,22206";"-0,06601"
"24,87800";"0,23835";"-0,06279"
"24,88800";"0,25429";"-0,05667"
"24,89800";"0,27011";"-0,05437"
"24,90800";"0,28558";"-0,05071"
"24,91800";"0,30116";"-0,05457"
"24,92800";"0,31662";"-0,05854"
"24,93800";"0,33185";"-0,05921"
"24,94800";"0,34708";"-0,05014"
"24,95800";"0,36219";"-0,04918"
"24,96800";"0,37731";"-0,04402"
"24,97800";"0,39242";"-0,03860"
"24,98800";"0,40741";"-0,03665"
"24,99800";"0,42252";"-0,03637"
"25,00800";"0,43763";"-0,03494"
"25,01800";"0,45274";"-0,03878"
"25,02800";"0,46785";"-0,04257"
"25,03800";"0,48285";"-0,04712"
"25,04800";"0,49784";"-0,05711"
"25,05800";"0,51283";"-0,06536"
"25,06800";"0,52771";"-0,06970"
"25,07800";"0,54282";"-0,07205"
"25,08800";"0,55793";"-0,06266"
"25,09800";"0,57292";"-0,06059"
"25,10800";"0,58792";"-0,05147"
"25,11800";"0,60291";"-0,03557"
"25,12800";"0,61790";"-0,02355"
"25,13800";"0,63290";"-0,02454"
"25,14800";"0,64789";"-0,03028"
"25,15800";"0,66300";"-0,02492"
"25,16800";"0,67811";"-0,02605"
"25,17800";"0,69299";"-0,02539"
"25,18800";"0,70786";"-0,03312"
"25,19800";"0,72285";"-0,04751"
"25,20800";"0,73797";"-0,05391"
"25,21800";"0,75296";"-0,04512"
"25,22800";"0,76795";"-0,03346"
"25,23800";"0,78294";"-0,02838"
"25,24800";"0,79806";"-0,02861"
"25,25800";"0,81305";"-0,02760"
"25,26800";"0,82804";"-0,03462"
"25,27800";"0,84292";"-0,03005"
"25,28800";"0,85791";"-0,02878"
"25,29800";"0,87278";"-0,03057"
"25,30800";"0,88778";"-0,02789"
"25,31800";"0,90289";"-0,02911"
"25,32800";"0,91800";"-0,02625"
"25,33800";"0,93311";"-0,01361"
"25,34800";"0,94810";"-0,01904"
"25,35800";"0,96298";"-0,02177"
"25,36800";"0,97785";"-0,02364"
"25,37800";"0,99285";"-0,02813"
"25,38800";"1,00784";"-0,02215"
"25,39800";"1,02295";"-0,02128"
"25,40800";"1,03794";"-0,02244"
"25,41800";"1,05306";"-0,02730"
"25,42800";"1,06793";"-0,03417"
"25,43800";"1,08304";"-0,04134"
"25,44800";"1,09803";"-0,04604"
"25,45800";"1,11303";"-0,04998"
"25,46800";"1,12802";"-0,04648"
"25,47800";"1,14301";"-0,04011"
"25,48800";"1,15801";"-0,03482"
"25,49800";"1,17300";"-0,02545"
"25,50800";"1,18799";"-0,02584"
"25,51800";"1,20299";"-0,03195"
"25,52800";"1,21798";"-0,02994"
"25,53800";"1,23297";"-0,02889"
"25,54800";"1,24797";"-0,02934"
"25,55800";"1,26308";"-0,03288"
"25,56800";"1,27807";"-0,03198"
"25,57800";"1,29306";"-0,02560"
"25,58800";"1,30794";"-0,02806"
"25,59800";"1,32305";"-0,03587"
"25,60800";"1,33792";"-0,04741"
"25,61800";"1,35280";"-0,04616"
"25,62800";"1,36791";"-0,04397"
"25,63800";"1,38302";"-0,04153"
"25,64800";"1,39801";"-0,03773"
"25,65800";"1,41301";"-0,03273"
"25,66800";"1,42800";"-0,02537"
"25,67800";"1,44299";"-0,01990"
"25,68800";"1,45787";"-0,01553"
"25,69800";"1,47286";"-0,00701"
"25,70800";"1,48785";"-0,00560"
"25,71800";"1,50297";"-0,01060"
"25,72800";"1,51796";"-0,02359"
"25,73800";"1,53295";"-0,03044"
"25,74800";"1,54794";"-0,03152"
"25,75800";"1,56294";"-0,03623"
"25,76800";"1,57781";"-0,03281"
"25,77800";"1,59292";"-0,03326"
"25,78800";"1,60792";"-0,03299"
"25,79800";"1,62303";"-0,03293"
"25,80800";"1,63802";"-0,03309"
"25,81800";"1,65301";"-0,03383"
"25,82800";"1,66801";"-0,03693"
"25,83800";"1,68300";"-0,03774"
"25,84800";"1,69799";"-0,03621"
"25,85800";"1,71299";"-0,03971"
"25,86800";"1,72810";"-0,03834"
"25,87800";"1,74309";"-0,04110"
"25,88800";"1,75808";"-0,04434"
"25,89800";"1,77308";"-0,04656"
"25,90800";"1,78795";"-0,04037"
"25,91800";"1,80294";"-0,02790"
"25,92800";"1,81782";"-0,01650"
"25,93800";"1,83281";"-0,00828"
"25,94800";"1,84792";"-0,01084"
"25,95800";"1,86292";"-0,01853"
"25,96800";"1,87803";"-0,01879"
"25,97800";"1,89290";"-0,01529"
"25,98800";"1,90790";"-0,02348"
"25,99800";"1,92289";"-0,02651"
"26,00800";"1,93788";"-0,02168"
"26,01800";"1,95264";"-0,02092"
"26,02800";"1,96763";"-0,02639"
"26,03800";"1,98263";"-0,03472"
"26,04800";"1,99762";"-0,03185"
"26,05800";"2,01273";"-0,03336"
"26,06800";"2,02784";"-0,03488"
"26,07800";"2,04283";"-0,03389"
"26,08800";"2,05783";"-0,03128"
"26,09800";"2,07294";"-0,03063"
"26,10800";"2,08793";"-0,03743"
"26,11800";"2,10292";"-0,04043"
"26,12800";"2,11792";"-0,03133"
"26,13800";"2,13303";"-0,02034"
"26,14800";"2,14814";"-0,01445"
"26,15800";"2,16325";"-0,01582"
"26,16800";"2,17824";"-0,01785"
"26,17800";"2,19335";"-0,02444"
"26,18800";"2,20835";"-0,03616"
"26,19800";"2,22346";"-0,03702"
"26,20800";"2,23833";"-0,03488"
"26,21800";"2,25333";"-0,02815"
"26,22800";"2,26820";"-0,02385"
"26,23800";"2,28308";"-0,02188"
"26,24800";"2,29795";"-0,02107"
"26,25800";"2,31294";"-0,02133"
"26,26800";"2,32782";"-0,01636"
"26,27800";"2,34281";"-0,01223"
"26,28800";"2,35769";"-0,00960"
"26,29800";"2,37268";"-0,01272"
"26,30800";"2,38767";"-0,01632"
"26,31800";"2,40243";"-0,02484"
"26,32800";"2,41731";"-0,02968"
"26,33800";"2,43230";"-0,02639"
"26,34800";"2,44753";"-0,03057"
"26,35800";"2,46252";"-0,03263"
"26,36800";"2,47763";"-0,02947"
"26,37800";"2,49286";"-0,02976"
"26,38800";"2,50797";"-0,03380"
"26,39800";"2,52308";"-0,03933"
"26,40800";"2,53796";"-0,04416"
"26,41800";"2,55295";"-0,04066"
"26,42800";"2,56794";"-0,03755"
"26,43800";"2,58306";"-0,03255"
"26,44800";"2,59805";"-0,02244"
"26,45800";"2,61316";"-0,01401"
"26,46800";"2,62827";"-0,00971"
"26,47800";"2,64315";"-0,01077"
"26,48800";"2,65814";"-0,01229"
"26,49800";"2,67325";"-0,01360"
"26,50800";"2,68812";"-0,00775"
"26,51800";"2,70324";"-0,00493"
"26,52800";"2,71811";"-0,00633"
"26,53800";"2,73310";"-0,00794"
"26,54800";"2,74798";"-0,01071"
"26,55800";"2,76297";"-0,00493"
"26,56800";"2,77785";"0,00007"
"26,57800";"2,79284";"-0,00233"
"26,58800";"2,80772";"-0,01715"
"26,59800";"2,82259";"-0,02251"
"26,60800";"2,83758";"-0,02254"
"26,61800";"2,85246";"-0,02356"
"26,62800";"2,86745";"-0,02472"
"26,63800";"2,88244";"-0,02108"
"26,64800";"2,89744";"-0,01971"
"26,65800";"2,91267";"-0,01957"
"26,66800";"2,92790";"-0,01574"
"26,67800";"2,94313";"-0,01015"
"26,68800";"2,95824";"-0,00661"
"26,69800";"2,97335";"-0,00506"
"26,70800";"2,98834";"-0,00379"
"26,71800";"3,00322";"-0,00954"
"26,72800";"3,01821";"-0,01137"
"26,73800";"3,03332";"-0,01334"
"26,74800";"3,04843";"-0,02086"
"26,75800";"3,06342";"-0,01949"
"26,76800";"3,07842";"-0,01924"
"26,77800";"3,09341";"-0,02447"
"26,78800";"3,10828";"-0,03010"
"26,79800";"3,12316";"-0,02217"
"26,80800";"3,13815";"-0,01693"
"26,81800";"3,15315";"-0,01837"
"26,82800";"3,16814";"-0,02143"
"26,83800";"3,18313";"-0,02133"
"26,84800";"3,19824";"-0,01496"
"26,85800";"3,21324";"-0,01315"
"26,86800";"3,22811";"-0,02012"
"26,87800";"3,24299";"-0,02663"
"26,88800";"3,25786";"-0,02706"
"26,89800";"3,27262";"-0,02950"
"26,90800";"3,28737";"-0,02922"
"26,91800";"3,30225";"-0,02701"
"26,92800";"3,31724";"-0,01914"
"26,93800";"3,33224";"-0,01352"
"26,94800";"3,34735";"-0,01433"
"26,95800";"3,36258";"-0,01705"
"26,96800";"3,37792";"-0,02151"
"26,97800";"3,39327";"-0,02056"
"26,98800";"3,40850";"-0,02468"
"26,99800";"3,42361";"-0,02579"
"27,00800";"3,43860";"-0,01879"
"27,01800";"3,45360";"-0,01538"
"27,02800";"3,46859";"-0,01370"
"27,03800";"3,48347";"-0,01577"
"27,04800";"3,49846";"-0,01682"
"27,05800";"3,51333";"-0,01522"
"27,06800";"3,52821";"-0,01500"
"27,07800";"3,54320";"-0,01290"
"27,08800";"3,55819";"-0,01196"
"27,09800";"3,57307";"-0,00924"
"27,10800";"3,58794";"-0,00761"
"27,11800";"3,60294";"-0,01740"
"27,12800";"3,61793";"-0,02342"
"27,13800";"3,63292";"-0,02532"
"27,14800";"3,64792";"-0,02818"
"27,15800";"3,66291";"-0,02767"
"27,16800";"3,67778";"-0,01848"
"27,17800";"3,69278";"-0,01151"
"27,18800";"3,70753";"-0,01368"
"27,19800";"3,72241";"-0,01214"
"27,20800";"3,73728";"-0,01630"
"27,21800";"3,75240";"-0,01702"
"27,22800";"3,76739";"-0,02131"
"27,23800";"3,78238";"-0,01727"
"27,24800";"3,79749";"-0,01795"
"27,25800";"3,81272";"-0,01658"
"27,26800";"3,82783";"-0,00976"
"27,27800";"3,84294";"-0,00530"
"27,28800";"3,85806";"-0,00294"
"27,29800";"3,87328";"-0,00041"
"27,30800";"3,88851";"0,00225"
"27,31800";"3,90374";"0,00369"
"27,32800";"3,91874";"0,00405"
"27,33800";"3,93373";"-0,00659"
"27,34800";"3,94872";"-0,02143"
"27,35800";"3,96360";"-0,01917"
"27,36800";"3,97859";"-0,00967"
"27,37800";"3,99347";"-0,01080"
"27,38800";"4,00834";"-0,01255"
"27,39800";"4,02322";"-0,01729"
"27,40800";"4,03821";"-0,02230"
"27,41800";"4,05308";"-0,02573"
"27,42800";"4,06808";"-0,02816"
"27,43800";"4,08307";"-0,02664"
"27,44800";"4,09806";"-0,02976"
"27,45800";"4,11306";"-0,02587"
"27,46800";"4,12805";"-0,02914"
"27,47800";"4,14304";"-0,02473"
"27,48800";"4,15792";"-0,02667"
"27,49800";"4,17279";"-0,03566"
"27,50800";"4,18767";"-0,03698"
"27,51800";"4,20254";"-0,03053"
"27,52800";"4,21754";"-0,02259"
"27,53800";"4,23265";"-0,01028"
"27,54800";"4,24764";"-0,00481"
"27,55800";"4,26263";"-0,00130"
"27,56800";"4,27774";"-0,00193"
"27,57800";"4,29285";"-0,00447"
"27,58800";"4,30785";"-0,00560"
"27,59800";"4,32308";"-0,00704"
"27,60800";"4,33842";"-0,01512"
"27,61800";"4,35365";"-0,02734"
"27,62800";"4,36876";"-0,03113"
"27,63800";"4,38364";"-0,03172"
"27,64800";"4,39851";"-0,03394"
"27,65800";"4,41351";"-0,02758"
"27,66800";"4,42838";"-0,01332"
"27,67800";"4,44338";"-0,00103"
"27,68800";"4,45837";"0,00514"
"27,69800";"4,47336";"-0,00198"
"27,70800";"4,48824";"-0,00723"
"27,71800";"4,50323";"-0,00411"
"27,72800";"4,51810";"-0,00842"
"27,73800";"4,53298";"-0,02092"
"27,74800";"4,54797";"-0,03065"
"27,75800";"4,56297";"-0,03230"
"27,76800";"4,57784";"-0,02942"
"27,77800";"4,59272";"-0,02927"
"27,78800";"4,60759";"-0,02607"
"27,79800";"4,62247";"-0,01758"
"27,80800";"4,63746";"-0,00972"
"27,81800";"4,65233";"-0,00602"
"27,82800";"4,66733";"-0,00783"
"27,83800";"4,68256";"-0,01176"
"27,84800";"4,69767";"-0,01644"
"27,85800";"4,71278";"-0,01974"
"27,86800";"4,72801";"-0,01995"
"27,87800";"4,74312";"-0,02330"
"27,88800";"4,75835";"-0,02546"
"27,89800";"4,77334";"-0,02440"
"27,90800";"4,78833";"-0,02570"
"27,91800";"4,80344";"-0,02443"
"27,92800";"4,81844";"-0,01441"
"27,93800";"4,83343";"-0,01070"
"27,94800";"4,84842";"-0,01248"
"27,95800";"4,86330";"-0,01984"
"27,96800";"4,87817";"-0,02449"
"27,97800";"4,89293";"-0,02802"
"27,98800";"4,90792";"-0,02861"
"27,99800";"4,92292";"-0,02089"
"28,00800";"4,93803";"-0,02026"
"28,01800";"4,95302";"-0,01864"
"28,02800";"4,96801";"-0,01704"
"28,03800";"4,98289";"-0,01853"
"28,04800";"4,99788";"-0,02177"
"28,05800";"5,01288";"-0,01727"
"28,06800";"5,02775";"-0,00837"
"28,07800";"5,04286";"-0,00097"
"28,08800";"5,05785";"-0,00401"
"28,09800";"5,07297";"-0,00919"
"28,10800";"5,08796";"-0,01397"
"28,11800";"5,10295";"-0,01899"
"28,12800";"5,11794";"-0,02533"
"28,13800";"5,13294";"-0,02511"
"28,14800";"5,14793";"-0,02214"
"28,15800";"5,16304";"-0,01516"
"28,16800";"5,17815";"-0,01140"
"28,17800";"5,19326";"-0,01558"
"28,18800";"5,20826";"-0,01776"
"28,19800";"5,22325";"-0,01810"
"28,20800";"5,23813";"-0,01323"
"28,21800";"5,25312";"-0,00871"
"28,22800";"5,26811";"-0,01382"
"28,23800";"5,28322";"-0,02148"
"28,24800";"5,29822";"-0,01603"
"28,25800";"5,31321";"-0,00701"
"28,26800";"5,32820";"-0,00888"
"28,27800";"5,34308";"-0,01216"
"28,28800";"5,35807";"-0,02348"
"28,29800";"5,37306";"-0,02864"
"28,30800";"5,38806";"-0,02611"
"28,31800";"5,40305";"-0,02149"
"28,32800";"5,41792";"-0,01830"
"28,33800";"5,43292";"-0,01542"
"28,34800";"5,44791";"-0,00889"
"28,35800";"5,46290";"-0,00603"
"28,36800";"5,47778";"-0,01160"
"28,37800";"5,49277";"-0,02042"
"28,38800";"5,50776";"-0,02513"
"28,39800";"5,52276";"-0,03065"
"28,40800";"5,53787";"-0,02524"
"28,41800";"5,55298";"-0,02115"
"28,42800";"5,56797";"-0,01787"
"28,43800";"5,58297";"-0,01398"
"28,44800";"5,59796";"-0,00668"
"28,45800";"5,61295";"-0,00727"
"28,46800";"5,62806";"-0,00918"
"28,47800";"5,64306";"-0,01481"
"28,48800";"5,65817";"-0,01896"
"28,49800";"5,67316";"-0,01858"
"28,50800";"5,68827";"-0,02341"
"28,51800";"5,70326";"-0,03399"
"28,52800";"5,71814";"-0,03911"
"28,53800";"5,73325";"-0,03509"
"28,54800";"5,74824";"-0,03024"
"28,55800";"5,76324";"-0,02893"
"28,56800";"5,77823";"-0,03194"
"28,57800";"5,79322";"-0,03901"
"28,58800";"5,80810";"-0,04031"
"28,59800";"5,82309";"-0,03118"
"28,60800";"5,83797";"-0,02505"
"28,61800";"5,85296";"-0,01830"
"28,62800";"5,86795";"-0,01925"
"28,63800";"5,88294";"-0,02091"
"28,64800";"5,89794";"-0,02604"
"28,65800";"5,91293";"-0,02722"
"28,66800";"5,92781";"-0,03125"
"28,67800";"5,94280";"-0,02827"
"28,68800";"5,95779";"-0,02494"
"28,69800";"5,97290";"-0,02560"
"28,70800";"5,98813";"-0,02911"
"28,71800";"6,00312";"-0,02972"
"28,72800";"6,01812";"-0,03221"
"28,73800";"6,03311";"-0,02612"
"28,74800";"6,04822";"-0,02198"
"28,75800";"6,06310";"-0,01726"
"28,76800";"6,07809";"-0,01534"
"28,77800";"6,09308";"-0,01737"
"28,78800";"6,10808";"-0,02009"
"28,79800";"6,12307";"-0,02221"
"28,80800";"6,13806";"-0,02227"
"28,81800";"6,15306";"-0,02050"
"28,82800";"6,16805";"-0,01873"
"28,83800";"6,18304";"-0,02669"
"28,84800";"6,19792";"-0,04082"
"28,85800";"6,21303";"-0,04582"
"28,86800";"6,22814";"-0,04076"
"28,87800";"6,24313";"-0,02329"
"28,88800";"6,25824";"-0,00844"
"28,89800";"6,27312";"-0,00341"
"28,90800";"6,28799";"-0,00449"
"28,91800";"6,30299";"-0,01435"
"28,92800";"6,31786";"-0,02336"
"28,93800";"6,33297";"-0,02519"
"28,94800";"6,34785";"-0,02167"
"28,95800";"6,36284";"-0,02153"
"28,96800";"6,37783";"-0,02064"
"28,97800";"6,39283";"-0,01493"
"28,98800";"6,40794";"-0,01094"
"28,99800";"6,42293";"-0,01089"
"29,00800";"6,43792";"-0,00892"
"29,01800";"6,45303";"-0,01086"
"29,02800";"6,46803";"-0,01060"
"29,03800";"6,48302";"-0,01413"
"29,04800";"6,49801";"-0,01649"
"29,05800";"6,51301";"-0,01400"
"29,06800";"6,52788";"-0,01079"
"29,07800";"6,54287";"-0,01208"
"29,08800";"6,55787";"-0,01334"
"29,09800";"6,57286";"-0,01787"
"29,10800";"6,58797";"-0,01710"
"29,11800";"6,60297";"-0,01401"
"29,12800";"6,61796";"-0,01300"
"29,13800";"6,63295";"-0,01258"
"29,14800";"6,64783";"-0,01299"
"29,15800";"6,66270";"-0,01014"
"29,16800";"6,67769";"-0,00571"
"29,17800";"6,69269";"-0,00352"
"29,18800";"6,70780";"-0,00271"
"29,19800";"6,72279";"-0,00476"
"29,20800";"6,73778";"-0,00651"
"29,21800";"6,75290";"-0,00080"
"29,22800";"6,76789";"0,00282"
"29,23800";"6,78300";"-0,00217"
"29,24800";"6,79799";"-0,00537"
"29,25800";"6,81299";"-0,00770"
"29,26800";"6,82810";"-0,00585"
"29,27800";"6,84309";"-0,00196"
"29,28800";"6,85808";"-0,00044"
"29,29800";"6,87308";"-0,00019"
"29,30800";"6,88807";"0,00662"
"29,31800";"6,90306";"0,00836"
"29,32800";"6,91806";"0,00662"
"29,33800";"6,93305";"-0,00629"
"29,34800";"6,94804";"-0,01846"
"29,35800";"6,96303";"-0,02670"
"29,36800";"6,97803";"-0,02494"
"29,37800";"6,99302";"-0,02333"
"29,38800";"7,00801";"-0,02324"
"29,39800";"7,02289";"-0,01811"
"29,40800";"7,03788";"-0,01741"
"29,41800";"7,05288";"-0,01167"
"29,42800";"7,06787";"-0,00671"
"29,43800";"7,08298";"-0,00333"
"29,44800";"7,09797";"-0,00332"
"29,45800";"7,11297";"-0,00224"
"29,46800";"7,12784";"-0,00466"
"29,47800";"7,14283";"-0,01130"
"29,48800";"7,15794";"-0,01898"
"29,49800";"7,17306";"-0,02428"
"29,50800";"7,18805";"-0,02261"
"29,51800";"7,20304";"-0,01594"
"29,52800";"7,21803";"-0,01732"
"29,53800";"7,23303";"-0,01822"
"29,54800";"7,24790";"-0,01801"
"29,55800";"7,26301";"-0,01672"
"29,56800";"7,27813";"-0,00833"
"29,57800";"7,29312";"-0,00149"
"29,58800";"7,30811";"-0,00185"
"29,59800";"7,32310";"-0,00053"
"29,60800";"7,33810";"-0,00092"
"29,61800";"7,35309";"-0,00577"
"29,62800";"7,36797";"-0,01196"
"29,63800";"7,38296";"-0,02057"
"29,64800";"7,39807";"-0,02220"
"29,65800";"7,41306";"-0,01852"
"29,66800";"7,42806";"-0,01733"
"29,67800";"7,44305";"-0,02452"
"29,68800";"7,45804";"-0,02360"
"29,69800";"7,47292";"-0,02213"
"29,70800";"7,48779";"-0,01057"
"29,71800";"7,50278";"-0,00033"
"29,72800";"7,51790";"0,00482"
"29,73800";"7,53289";"0,00118"
"29,74800";"7,54788";"-0,00640"
"29,75800";"7,56299";"-0,01149"
"29,76800";"7,57799";"-0,01121"
"29,77800";"7,59286";"-0,00298"
"29,78800";"7,60785";"0,00170"
"29,79800";"7,62285";"0,00396"
"29,80800";"7,63796";"0,00326"
"29,81800";"7,65295";"-0,00380"
"29,82800";"7,66806";"-0,01621"
"29,83800";"7,68294";"-0,02145"
"29,84800";"7,69793";"-0,01868"
"29,85800";"7,71292";"-0,01499"
"29,86800";"7,72792";"-0,01481"
"29,87800";"7,74291";"-0,01426"
"29,88800";"7,75790";"-0,02146"
"29,89800";"7,77290";"-0,02542"
"29,90800";"7,78777";"-0,02610"
"29,91800";"7,80276";"-0,02883"
"29,92800";"7,81776";"-0,02874"
"29,93800";"7,83263";"-0,02433"
"29,94800";"7,84774";"-0,01643"
"29,95800";"7,86274";"-0,01067"
"29,96800";"7,87785";"-0,01220"
"29,97800";"7,89296";"-0,01154"
"29,98800";"7,90795";"-0,01194"
"29,99800";"7,92294";"-0,01280"
"30,00800";"7,93794";"-0,01511"
"30,01800";"7,95281";"-0,01683"
"30,02800";"7,96781";"-0,01626"
"30,03800";"7,98292";"-0,01884"
"30,04800";"7,99779";"-0,01831"
"30,05800";"8,01290";"-0,00436"
"30,06800";"8,02801";"0,00631"
"30,07800";"8,04301";"0,00916"
"30,08800";"8,05812";"0,00144"
"30,09800";"8,07299";"-0,00591"
"30,10800";"8,08799";"0,00508"
"30,11800";"8,10298";"0,01042"
"30,12800";"8,11797";"0,00302"
"30,13800";"8,13308";"-0,00493"
"30,14800";"8,14808";"-0,00231"
"30,15800";"8,16319";"-0,00054"
"30,16800";"8,17818";"-0,00608"
"30,17800";"8,19317";"-0,01841"
"30,18800";"8,20817";"-0,01977"
"30,19800";"8,22316";"-0,01355"
"30,20800";"8,23815";"-0,00944"
"30,21800";"8,25315";"-0,00391"
"30,22800";"8,26826";"-0,00464"
"30,23800";"8,28325";"-0,00662"
"30,24800";"8,29824";"-0,01303"
"30,25800";"8,31312";"-0,01079"
"30,26800";"8,32811";"-0,00064"
"30,27800";"8,34322";"0,00690"
"30,28800";"8,35822";"0,00833"
"30,29800";"8,37321";"-0,00543"
"30,30800";"8,38808";"-0,01693"
"30,31800";"8,40296";"-0,02341"
"30,32800";"8,41783";"-0,02828"
"30,33800";"8,43271";"-0,03389"
"30,34800";"8,44770";"-0,03596"
"30,35800";"8,46281";"-0,02734"
"30,36800";"8,47781";"-0,02069"
"30,37800";"8,49304";"-0,01484"
"30,38800";"8,50826";"-0,01113"
"30,39800";"8,52326";"-0,01089"
"30,40800";"8,53813";"-0,01257"
"30,41800";"8,55313";"-0,01224"
"30,42800";"8,56812";"-0,00869"
"30,43800";"8,58311";"-0,00900"
"30,44800";"8,59822";"-0,00427"
"30,45800";"8,61322";"-0,00491"
"30,46800";"8,62833";"-0,00369"
"30,47800";"8,64320";"-0,00467"
"30,48800";"8,65808";"-0,00613"
"30,49800";"8,67295";"-0,00241"
"30,50800";"8,68795";"-0,00238"
"30,51800";"8,70294";"-0,00374"
"30,52800";"8,71793";"-0,00836"
"30,53800";"8,73292";"-0,02010"
"30,54800";"8,74803";"-0,02893"
"30,55800";"8,76303";"-0,02567"
"30,56800";"8,77790";"-0,01855"
"30,57800";"8,79278";"-0,01088"
"30,58800";"8,80789";"-0,00542"
"30,59800";"8,82288";"0,00049"
"30,60800";"8,83788";"-0,00335"
"30,61800";"8,85287";"-0,00757"
"30,62800";"8,86786";"-0,01558"
"30,63800";"8,88285";"-0,02213"
"30,64800";"8,89785";"-0,02431"
"30,65800";"8,91284";"-0,02291"
"30,66800";"8,92795";"-0,02101"
"30,67800";"8,94294";"-0,02599"
"30,68800";"8,95794";"-0,02609"
"30,69800";"8,97293";"-0,02180"
"30,70800";"8,98792";"-0,02119"
"30,71800";"9,00292";"-0,02288"
"30,72800";"9,01779";"-0,01760"
"30,73800";"9,03279";"-0,01003"
"30,74800";"9,04778";"-0,01639"
"30,75800";"9,06289";"-0,01261"
"30,76800";"9,07800";"-0,00568"
"30,77800";"9,09299";"-0,00207"
"30,78800";"9,10810";"-0,00994"
"30,79800";"9,12310";"-0,01433"
"30,80800";"9,13809";"-0,01529"
"30,81800";"9,15308";"-0,01652"
"30,82800";"9,16808";"-0,02273"
"30,83800";"9,18307";"-0,02006"
"30,84800";"9,19818";"-0,01487"
"30,85800";"9,21317";"-0,01851"
"30,86800";"9,22817";"-0,02310"
"30,87800";"9,24316";"-0,01823"
"30,88800";"9,25803";"-0,01315"
"30,89800";"9,27303";"-0,00624"
"30,90800";"9,28802";"-0,00389"
"30,91800";"9,30301";"-0,00617"
"30,92800";"9,31813";"-0,00271"
"30,93800";"9,33312";"0,00132"
"30,94800";"9,34811";"0,00422"
"30,95800";"9,36310";"0,00691"
"30,96800";"9,37810";"0,00252"
"30,97800";"9,39309";"-0,00945"
"30,98800";"9,40808";"-0,01493"
"30,99800";"9,42319";"-0,02537"
"31,00800";"9,43831";"-0,02898"
"31,01800";"9,45330";"-0,02684"
"31,02800";"9,46829";"-0,02017"
"31,03800";"9,48317";"-0,01779"
"31,04800";"9,49804";"-0,02098"
"31,05800";"9,51304";"-0,01725"
"31,06800";"9,52803";"-0,01577"
"31,07800";"9,54302";"-0,01305"
"31,08800";"9,55813";"-0,01313"
"31,09800";"9,57312";"-0,01161"
"31,10800";"9,58812";"-0,00603"
"31,11800";"9,60299";"0,00453"
"31,12800";"9,61799";"0,00422"
"31,13800";"9,63298";"0,00918"
"31,14800";"9,64797";"0,00542"
"31,15800";"9,66297";"-0,00041"
"31,16800";"9,67796";"-0,01257"
"31,17800";"9,69295";"-0,01493"
"31,18800";"9,70794";"-0,01143"
"31,19800";"9,72294";"-0,00634"
"31,20800";"9,73793";"-0,00883"
"31,21800";"9,75304";"-0,01097"
"31,22800";"9,76803";"-0,01887"
"31,23800";"9,78303";"-0,01731"
"31,24800";"9,79790";"-0,01508"
"31,25800";"9,81290";"-0,01047"
"31,26800";"9,82789";"-0,00843"
"31,27800";"9,84265";"-0,01107"
"31,28800";"9,85776";"-0,01628"
"31,29800";"9,87287";"-0,01791"
"31,30800";"9,88798";"-0,01216"
"31,31800";"9,90309";"-0,01062"
"31,32800";"9,91820";"-0,01511"
"31,33800";"9,93320";"-0,01474"
"31,34800";"9,94819";"-0,00714"
"31,35800";"9,96306";"-0,00501"
"31,36800";"9,97794";"-0,00999"
"31,37800";"9,99305";"-0,01410"
"31,38800";"10,00804";"-0,01573"
"31,39800";"10,02315";"-0,01609"
"31,40800";"10,03815";"-0,01744"
"31,41800";"10,05314";"-0,02526"
"31,42800";"10,06813";"-0,02936"
"31,43800";"10,08301";"-0,02516"
"31,44800";"10,09800";"-0,01590"
"31,45800";"10,11299";"-0,00940"
"31,46800";"10,12799";"-0,00157"
"31,47800";"10,14310";"0,00084"
"31,48800";"10,15797";"0,00168"
"31,49800";"10,17308";"0,00300"
"31,50800";"10,18808";"0,00176"
"31,51800";"10,20307";"-0,00469"
"31,52800";"10,21818";"-0,01300"
"31,53800";"10,23318";"-0,01297"
"31,54800";"10,24828";"-0,01287"
"31,55800";"10,26328";"-0,01491"
"31,56800";"10,27827";"-0,00890"
"31,57800";"10,29326";"-0,00703"
"31,58800";"10,30826";"-0,00693"
"31,59800";"10,32325";"0,00044"
"31,60800";"10,33824";"-0,00423"
"31,61800";"10,35312";"-0,01139"
"31,62800";"10,36823";"-0,00528"
"31,63800";"10,38322";"0,00111"
"31,64800";"10,39822";"0,00258"
"31,65800";"10,41321";"-0,00812"
"31,66800";"10,42808";"-0,01466"
"31,67800";"10,44308";"-0,00837"
"31,68800";"10,45807";"0,00240"
"31,69800";"10,47306";"0,00174"
"31,70800";"10,48817";"0,00003"
"31,71800";"10,50317";"-0,00253"
"31,72800";"10,51828";"-0,00195"
"31,73800";"10,53315";"0,00576"
"31,74800";"10,54803";"0,01471"
"31,75800";"10,56290";"0,01728"
"31,76800";"10,57801";"0,01850"
"31,77800";"10,59289";"0,01851"
"31,78800";"10,60788";"0,01044"
"31,79800";"10,62288";"0,00160"
"31,80800";"10,63787";"-0,00618"
"31,81800";"10,65286";"-0,01201"
"31,82800";"10,66785";"-0,01106"
"31,83800";"10,68285";"-0,00558"
"31,84800";"10,69784";"0,00357"
"31,85800";"10,71283";"0,00750"
"31,86800";"10,72783";"0,00597"
"31,87800";"10,74270";"0,00164"
"31,88800";"10,75770";"-0,00909"
"31,89800";"10,77281";"-0,01529"
"31,90800";"10,78780";"-0,01300"
"31,91800";"10,80279";"-0,00695"
"31,92800";"10,81790";"-0,01221"
"31,93800";"10,83290";"-0,01504"
"31,94800";"10,84801";"-0,01099"
"31,95800";"10,86300";"0,00253"
"31,96800";"10,87799";"0,00784"
"31,97800";"10,89299";"-0,00321"
"31,98800";"10,90786";"-0,01373"
"31,99800";"10,92285";"-0,01600"
"32,00800";"10,93797";"-0,01495"
"32,01800";"10,95296";"-0,01153"
"32,02800";"10,96807";"-0,01436"
"32,03800";"10,98306";"-0,02456"
"32,04800";"10,99806";"-0,02538"
"32,05800";"11,01305";"-0,02036"
"32,06800";"11,02804";"-0,01552"
"32,07800";"11,04303";"-0,00898"
"32,08800";"11,05803";"0,00327"
"32,09800";"11,07314";"0,01095"
"32,10800";"11,08801";"0,01811"
"32,11800";"11,10301";"0,01823"
"32,12800";"11,11800";"0,01474"
"32,13800";"11,13311";"0,01139"
"32,14800";"11,14799";"0,01353"
"32,15800";"11,16310";"0,01113"
"32,16800";"11,17821";"0,00465"
"32,17800";"11,19320";"-0,00257"
"32,18800";"11,20820";"-0,00308"
"32,19800";"11,22307";"-0,00333"
"32,20800";"11,23806";"-0,00036"
"32,21800";"11,25306";"0,00247"
"32,22800";"11,26805";"0,00790"
"32,23800";"11,28304";"0,00479"
"32,24800";"11,29803";"-0,00127"
"32,25800";"11,31303";"-0,00693"
"32,26800";"11,32802";"-0,00720"
"32,27800";"11,34301";"0,00045"
"32,28800";"11,35801";"-0,00399"
"32,29800";"11,37288";"-0,00834"
"32,30800";"11,38788";"-0,00843"
"32,31800";"11,40298";"-0,00536"
"32,32800";"11,41798";"0,00218"
"32,33800";"11,43309";"0,00319"
"32,34800";"11,44820";"0,00233"
"32,35800";"11,46319";"0,00900"
"32,36800";"11,47819";"0,01411"
"32,37800";"11,49306";"0,01442"
"32,38800";"11,50806";"0,02095"
"32,39800";"11,52305";"0,03239"
"32,40800";"11,53804";"0,03319"
"32,41800";"11,55315";"0,03449"
"32,42800";"11,56815";"0,02719"
"32,43800";"11,58314";"0,01816"
"32,44800";"11,59825";"0,00391"
"32,45800";"11,61312";"-0,00791"
"32,46800";"11,62812";"-0,00933"
"32,47800";"11,64311";"-0,00425"
"32,48800";"11,65810";"-0,00656"
"32,49800";"11,67310";"-0,00802"
"32,50800";"11,68809";"-0,00549"
"32,51800";"11,70296";"0,00280"
"32,52800";"11,71796";"0,00561"
"32,53800";"11,73295";"0,00690"
"32,54800";"11,74806";"0,00664"
"32,55800";"11,76306";"0,00942"
"32,56800";"11,77805";"0,01097"
"32,57800";"11,79304";"0,00549"
"32,58800";"11,80803";"0,00452"
"32,59800";"11,82303";"0,00964"
"32,60800";"11,83790";"0,01529"
"32,61800";"11,85290";"0,01248"
"32,62800";"11,86777";"0,01106"
"32,63800";"11,88288";"0,00667"
"32,64800";"11,89799";"0,00722"
"32,65800";"11,91299";"0,01166"
"32,66800";"11,92798";"0,01748"
"32,67800";"11,94309";"0,02260"
"32,68800";"11,95797";"0,02507"
"32,69800";"11,97284";"0,02302"
"32,70800";"11,98795";"0,01803"
"32,71800";"12,00294";"0,00909"
"32,72800";"12,01794";"0,00569"
"32,73800";"12,03293";"0,00369"
"32,74800";"12,04792";"0,00584"
"32,75800";"12,06304";"0,01495"
"32,76800";"12,07803";"0,01744"
"32,77800";"12,09290";"0,01708"
"32,78800";"12,10790";"0,01046"
"32,79800";"12,12301";"0,00917"
"32,80800";"12,13800";"0,00960"
"32,81800";"12,15299";"0,00619"
"32,82800";"12,16787";"0,00600"
"32,83800";"12,18286";"0,00826"
"32,84800";"12,19774";"0,01268"
"32,85800";"12,21273";"0,01628"
"32,86800";"12,22772";"0,01572"
"32,87800";"12,24283";"0,01620"
"32,88800";"12,25783";"0,01950"
"32,89800";"12,27294";"0,02260"
"32,90800";"12,28781";"0,02105"
"32,91800";"12,30280";"0,02655"
"32,92800";"12,31768";"0,02947"
"32,93800";"12,33279";"0,03782"
"32,94800";"12,34778";"0,04608"
"32,95800";"12,36278";"0,04008"
"32,96800";"12,37801";"0,02701"
"32,97800";"12,39312";"0,01998"
"32,98800";"12,40811";"0,02147"
"32,99800";"12,42310";"0,02417"
"33,00800";"12,43810";"0,03303"
"33,01800";"12,45309";"0,03577"
"33,02800";"12,46797";"0,03829"
"33,03800";"12,48296";"0,03904"
"33,04800";"12,49807";"0,04024"
"33,05800";"12,51306";"0,04168"
"33,06800";"12,52805";"0,04396"
"33,07800";"12,54305";"0,04879"
"33,08800";"12,55792";"0,04015"
"33,09800";"12,57292";"0,03144"
"33,10800";"12,58791";"0,02335"
"33,11800";"12,60290";"0,02174"
"33,12800";"12,61790";"0,02174"
"33,13800";"12,63289";"0,02700"
"33,14800";"12,64788";"0,02501"
"33,15800";"12,66288";"0,02293"
"33,16800";"12,67787";"0,01835"
"33,17800";"12,69286";"0,02163"
"33,18800";"12,70797";"0,03198"
"33,19800";"12,72308";"0,03945"
"33,20800";"12,73819";"0,03977"
"33,21800";"12,75319";"0,04287"
"33,22800";"12,76818";"0,04218"
"33,23800";"12,78306";"0,03509"
"33,24800";"12,79793";"0,02383"
"33,25800";"12,81304";"0,01436"
"33,26800";"12,82815";"0,01476"
"33,27800";"12,84315";"0,01540"
"33,28800";"12,85814";"0,01127"
"33,29800";"12,87313";"0,01691"
"33,30800";"12,88813";"0,02190"
"33,31800";"12,90312";"0,03218"
"33,32800";"12,91787";"0,04120"
"33,33800";"12,93299";"0,04805"
"33,34800";"12,94798";"0,05136"
"33,35800";"12,96285";"0,04747"
"33,36800";"12,97785";"0,04679"
"33,37800";"12,99284";"0,05103"
"33,38800";"13,00795";"0,05532"
"33,39800";"13,02294";"0,05672"
"33,40800";"13,03794";"0,04938"
"33,41800";"13,05293";"0,03573"
"33,42800";"13,06804";"0,02983"
"33,43800";"13,08315";"0,02585"
"33,44800";"13,09814";"0,02494"
"33,45800";"13,11314";"0,02740"
"33,46800";"13,12801";"0,03115"
"33,47800";"13,14289";"0,04284"
"33,48800";"13,15765";"0,05018"
"33,49800";"13,17264";"0,05441"
"33,50800";"13,18775";"0,05261"
"33,51800";"13,20286";"0,04805"
"33,52800";"13,21797";"0,04436"
"33,53800";"13,23297";"0,04161"
"33,54800";"13,24796";"0,04025"
"33,55800";"13,26295";"0,03804"
"33,56800";"13,27783";"0,03546"
"33,57800";"13,29282";"0,03911"
"33,58800";"13,30781";"0,04791"
"33,59800";"13,32292";"0,05649"
"33,60800";"13,33792";"0,05168"
"33,61800";"13,35303";"0,04271"
"33,62800";"13,36790";"0,02961"
"33,63800";"13,38301";"0,02996"
"33,64800";"13,39789";"0,03965"
"33,65800";"13,41300";"0,04675"
"33,66800";"13,42799";"0,05430"
"33,67800";"13,44299";"0,06281"
"33,68800";"13,45798";"0,06489"
"33,69800";"13,47297";"0,07022"
"33,70800";"13,48808";"0,06372"
"33,71800";"13,50308";"0,06225"
"33,72800";"13,51807";"0,06032"
"33,73800";"13,53306";"0,06595"
"33,74800";"13,54806";"0,06567"
"33,75800";"13,56305";"0,07013"
"33,76800";"13,57804";"0,07804"
"33,77800";"13,59303";"0,07422"
"33,78800";"13,60803";"0,06165"
"33,79800";"13,62290";"0,05108"
"33,80800";"13,63790";"0,04852"
"33,81800";"13,65301";"0,04961"
"33,82800";"13,66800";"0,06154"
"33,83800";"13,68311";"0,06229"
"33,84800";"13,69810";"0,06411"
"33,85800";"13,71310";"0,06561"
"33,86800";"13,72797";"0,06173"
"33,87800";"13,74296";"0,05574"
"33,88800";"13,75796";"0,04754"
"33,89800";"13,77295";"0,05096"
"33,90800";"13,78794";"0,06358"
"33,91800";"13,80306";"0,06546"
"33,92800";"13,81817";"0,06986"
"33,93800";"13,83328";"0,07985"
"33,94800";"13,84827";"0,08082"
"33,95800";"13,86315";"0,07802"
"33,96800";"13,87826";"0,08531"
"33,97800";"13,89325";"0,08504"
"33,98800";"13,90813";"0,08907"
"33,99800";"13,92300";"0,08871"
"34,00800";"13,93811";"0,08565"
"34,01800";"13,95322";"0,08103"
"34,02800";"13,96810";"0,07451"
"34,03800";"13,98309";"0,07492"
"34,04800";"13,99808";"0,07108"
"34,05800";"14,01308";"0,06916"
"34,06800";"14,02807";"0,06949"
"34,07800";"14,04306";"0,07245"
"34,08800";"14,05805";"0,07315"
"34,09800";"14,07305";"0,07397"
"34,10800";"14,08792";"0,07499"
"34,11800";"14,10292";"0,07585"
"34,12800";"14,11791";"0,08222"
"34,13800";"14,13290";"0,08470"
"34,14800";"14,14790";"0,08905"
"34,15800";"14,16301";"0,09066"
"34,16800";"14,17800";"0,09460"
"34,17800";"14,19299";"0,10064"
"34,18800";"14,20787";"0,09304"
"34,19800";"14,22274";"0,08724"
"34,20800";"14,23785";"0,08594"
"34,21800";"14,25296";"0,08818"
"34,22800";"14,26796";"0,09279"
"34,23800";"14,28307";"0,09547"
"34,24800";"14,29818";"0,09935"
"34,25800";"14,31317";"0,09966"
"34,26800";"14,32817";"0,09849"
"34,27800";"14,34304";"0,10802"
"34,28800";"14,35803";"0,11096"
"34,29800";"14,37303";"0,10537"
"34,30800";"14,38802";"0,10219"
"34,31800";"14,40301";"0,10003"
"34,32800";"14,41813";"0,09740"
"34,33800";"14,43324";"0,09819"
"34,34800";"14,44811";"0,09614"
"34,35800";"14,46310";"0,09662"
"34,36800";"14,47810";"0,10169"
"34,37800";"14,49309";"0,10541"
"34,38800";"14,50808";"0,10647"
"34,39800";"14,52319";"0,10609"
"34,40800";"14,53819";"0,10258"
"34,41800";"14,55318";"0,10533"
"34,42800";"14,56806";"0,11784"
"34,43800";"14,58305";"0,12753"
"34,44800";"14,59804";"0,13020"
"34,45800";"14,61315";"0,13021"
"34,46800";"14,62815";"0,12899"
"34,47800";"14,64314";"0,12739"
"34,48800";"14,65813";"0,12407"
"34,49800";"14,67313";"0,11631"
"34,50800";"14,68800";"0,12015"
"34,51800";"14,70299";"0,13304"
"34,52800";"14,71799";"0,14186"
"34,53800";"14,73310";"0,14064"
"34,54800";"14,74833";"0,13520"
"34,55800";"14,76332";"0,13853"
"34,56800";"14,77831";"0,14355"
"34,57800";"14,79319";"0,15006"
"34,58800";"14,80818";"0,15664"
"34,59800";"14,82317";"0,15997"
"34,60800";"14,83817";"0,16618"
"34,61800";"14,85304";"0,17242"
"34,62800";"14,86792";"0,17170"
"34,63800";"14,88291";"0,17541"
"34,64800";"14,89790";"0,17369"
"34,65800";"14,91290";"0,17769"
"34,66800";"14,92789";"0,17828"
"34,67800";"14,94300";"0,18117"
"34,68800";"14,95799";"0,18580"
"34,69800";"14,97310";"0,18329"
"34,70800";"14,98810";"0,18010"
"34,71800";"15,00309";"0,18075"
"34,72800";"15,01820";"0,18576"
"34,73800";"15,03308";"0,19733"
"34,74800";"15,04807";"0,20989"
"34,75800";"15,06306";"0,21898"
"34,76800";"15,07806";"0,22555"
"34,77800";"15,09317";"0,22258"
"34,78800";"15,10816";"0,21454"
"34,79800";"15,12315";"0,21288"
"34,80800";"15,13815";"0,21599"
"34,81800";"15,15302";"0,22376"
"34,82800";"15,16790";"0,22809"
"34,83800";"15,18289";"0,23272"
"34,84800";"15,19788";"0,23854"
"34,85800";"15,21287";"0,25484"
"34,86800";"15,22787";"0,25635"
"34,87800";"15,24286";"0,25174"
"34,88800";"15,25774";"0,25332"
"34,89800";"15,27261";"0,25650"
"34,90800";"15,28760";"0,26848"
"34,91800";"15,30260";"0,27613"
"34,92800";"15,31771";"0,28090"
"34,93800";"15,33282";"0,28143"
"34,94800";"15,34793";"0,28351"
"34,95800";"15,36292";"0,28706"
"34,96800";"15,37803";"0,29157"
"34,97800";"15,39303";"0,29274"
"34,98800";"15,40802";"0,29236"
"34,99800";"15,42301";"0,29285"
"35,00800";"15,43824";"0,30109"
"35,01800";"15,45324";"0,30325"
"35,02800";"15,46823";"0,30904"
"35,03800";"15,48310";"0,30657"
"35,04800";"15,49810";"0,31400"
"35,05800";"15,51297";"0,31996"
"35,06800";"15,52797";"0,32408"
"35,07800";"15,54296";"0,33271"
"35,08800";"15,55795";"0,33902"
"35,09800";"15,57306";"0,35263"
"35,10800";"15,58817";"0,36150"
"35,11800";"15,60317";"0,36885"
"35,12800";"15,61804";"0,37068"
"35,13800";"15,63304";"0,37460"
"35,14800";"15,64791";"0,37554"
"35,15800";"15,66290";"0,38279"
"35,16800";"15,67790";"0,39565"
"35,17800";"15,69301";"0,41161"
"35,18800";"15,70788";"0,41777"
"35,19800";"15,72288";"0,42348"
"35,20800";"15,73787";"0,42776"
"35,21800";"15,75286";"0,43640"
"35,22800";"15,76785";"0,44633"
"35,23800";"15,78285";"0,45677"
"35,24800";"15,79796";"0,46820"
"35,25800";"15,81295";"0,47751"
"35,26800";"15,82806";"0,48985"
"35,27800";"15,84306";"0,49931"
"35,28800";"15,85805";"0,50601"
"35,29800";"15,87316";"0,50984"
"35,30800";"15,88815";"0,50913"
"35,31800";"15,90326";"0,51139"
"35,32800";"15,91826";"0,51565"
"35,33800";"15,93325";"0,52181"
"35,34800";"15,94824";"0,53365"
"35,35800";"15,96312";"0,55003"
"35,36800";"15,97811";"0,57216"
"35,37800";"15,99299";"0,59099"
"35,38800";"16,00798";"0,61544"
"35,39800";"16,02297";"0,64376"
"35,40800";"16,03797";"0,67095"
"35,41800";"16,05296";"0,68605"
"35,42800";"16,06795";"0,69987"
"35,43800";"16,08283";"0,71394"
"35,44800";"16,09759";"0,72692"
"35,45800";"16,11258";"0,73679"
"35,46800";"16,12757";"0,74665"
"35,47800";"16,14268";"0,76252"
"35,48800";"16,15779";"0,78689"
"35,49800";"16,17290";"0,81946"
"35,50800";"16,18801";"0,84548"
"35,51800";"16,20312";"0,87097"
"35,52800";"16,21812";"0,90071"
"35,53800";"16,23323";"0,92879"
"35,54800";"16,24822";"0,94981"
"35,55800";"16,26322";"0,97590"
"35,56800";"16,27821";"1,00471"
"35,57800";"16,29308";"1,03569"
"35,58800";"16,30820";"1,07189"
"35,59800";"16,32319";"1,10931"
"35,60800";"16,33818";"1,15063"
"35,61800";"16,35317";"1,18779"
"35,62800";"16,36828";"1,22789"
"35,63800";"16,38328";"1,26726"
"35,64800";"16,39827";"1,30755"
"35,65800";"16,41315";"1,34726"
"35,66800";"16,42802";"1,38634"
"35,67800";"16,44301";"1,43273"
"35,68800";"16,45789";"1,48533"
"35,69800";"16,47288";"1,53992"
"35,70800";"16,48788";"1,59643"
"35,71800";"16,50299";"1,65678"
"35,72800";"16,51798";"1,71491"
"35,73800";"16,53297";"1,77376"
"35,74800";"16,54797";"1,83064"
"35,75800";"16,56284";"1,88896"
"35,76800";"16,57771";"1,94533"
"35,77800";"16,59271";"2,00795"
"35,78800";"16,60770";"2,06979"
"35,79800";"16,62281";"2,14226"
"35,80800";"16,63804";"2,21930"
"35,81800";"16,65315";"2,29269"
"35,82800";"16,66814";"2,36842"
"35,83800";"16,68314";"2,44324"
"35,84800";"16,69801";"2,52314"
"35,85800";"16,71313";"2,60602"
"35,86800";"16,72812";"2,69248"
"35,87800";"16,74299";"2,78418"
"35,88800";"16,75799";"2,87385"
"35,89800";"16,77310";"2,96548"
"35,90800";"16,78809";"3,05702"
"35,91800";"16,80297";"3,15106"
"35,92800";"16,81808";"3,25455"
"35,93800";"16,83307";"3,36199"
"35,94800";"16,84818";"3,46932"
"35,95800";"16,86317";"3,59388"
"35,96800";"16,87805";"3,72100"
"35,97800";"16,89304";"3,84452"
"35,98800";"16,90804";"3,97581"
"35,99800";"16,92291";"4,11772"
"36,00800";"16,93790";"4,26600"
"36,01800";"16,95301";"4,42418"
"36,02800";"16,96801";"4,58385"
"36,03800";"16,98300";"4,74259"
"36,04800";"16,99799";"4,90495"
"36,05800";"17,01287";"5,06828"
"36,06800";"17,02786";"5,24330"
"36,07800";"17,04274";"5,43402"
"36,08800";"17,05773";"5,62100"
"36,09800";"17,07284";"5,81170"
"36,10800";"17,08795";"6,01454"
"36,11800";"17,10295";"6,22426"
"36,12800";"17,11794";"6,44397"
"36,13800";"17,13293";"6,67044"
"36,14800";"17,14792";"6,90901"
"36,15800";"17,16292";"7,16577"
"36,16800";"17,17791";"7,43628"
"36,17800";"17,19290";"7,70965"
"36,18800";"17,20790";"7,98703"
"36,19800";"17,22301";"8,27308"
"36,20800";"17,23788";"8,58347"
"36,21800";"17,25299";"8,91494"
"36,22800";"17,26799";"9,24892"
"36,23800";"17,28286";"9,59736"
"36,24800";"17,29786";"9,95563"
"36,25800";"17,31285";"10,32750"
"36,26800";"17,32796";"10,73474"
"36,27800";"17,34295";"11,15771"
"36,28800";"17,35783";"11,59213"
"36,29800";"17,37282";"12,02835"
"36,30800";"17,38770";"12,47806"
"36,31800";"17,40257";"12,94811"
"36,32800";"17,41756";"13,43804"
"36,33800";"17,43256";"13,95194"
"36,34800";"17,44767";"14,48765"
"36,35800";"17,46278";"15,04616"
"36,36800";"17,47777";"15,62737"
"36,37800";"17,49288";"16,23261"
"36,38800";"17,50788";"16,86473"
"36,39800";"17,52299";"17,51949"
"36,40800";"17,53798";"18,21036"
"36,41800";"17,55297";"18,92253"
"36,42800";"17,56808";"19,66258"
"36,43800";"17,58308";"20,43469"
"36,44800";"17,59807";"21,23324"
"36,45800";"17,61295";"22,06773"
"36,46800";"17,62794";"22,93151"
"36,47800";"17,64293";"23,82701"
"36,48800";"17,65792";"24,76623"
"36,49800";"17,67292";"25,75080"
"36,50800";"17,68791";"26,77428"
"36,51800";"17,70302";"27,84178"
"36,52800";"17,71813";"28,96462"
"36,53800";"17,73313";"30,14559"
"36,54800";"17,74812";"31,38247"
"36,55800";"17,76311";"32,67294"
"36,56800";"17,77810";"34,01444"
"36,57800";"17,79310";"35,42435"
"36,58800";"17,80797";"36,88900"
"36,59800";"17,82285";"38,41896"
"36,60800";"17,83772";"40,01241"
"36,61800";"17,85260";"41,66640"
"36,62800";"17,86747";"43,39851"
"36,63800";"17,88247";"45,21998"
"36,64800";"17,89770";"47,14343"
"36,65800";"17,91269";"49,16818"
"36,66800";"17,92792";"51,30430"
"36,67800";"17,94303";"53,56643"
"36,68800";"17,95802";"55,94958"
"36,69800";"17,97313";"58,45385"
"36,70800";"17,98812";"61,08423"
"36,71800";"18,00300";"63,83597"
"36,72800";"18,01811";"66,72776"
"36,73800";"18,03310";"69,77267"
"36,74800";"18,04810";"72,98486"
"36,75800";"18,06309";"76,35710"
"36,76800";"18,07808";"79,89799"
"36,77800";"18,09308";"83,59779"
"36,78800";"18,10795";"87,46091"
"36,79800";"18,12295";"91,52166"
"36,80800";"18,13806";"95,86195"
"36,81800";"18,15305";"100,51842"
"36,82800";"18,16804";"105,55017"
"36,83800";"18,18303";"111,02010"
"36,84800";"18,19803";"116,98515"
"36,85800";"18,21302";"123,49084"
"36,86800";"18,22778";"130,61441"
"36,87800";"18,24265";"138,35155"
"36,88800";"18,25765";"146,67145"
"36,89800";"18,27264";"155,47513"
"36,90800";"18,28775";"164,58704"
"36,91800";"18,30263";"173,91296"
"36,92800";"18,31762";"183,30780"
"36,93800";"18,33249";"192,62772"
"36,94800";"18,34737";"201,76530"
"36,95800";"18,36236";"210,69579"
"36,96800";"18,37747";"219,49237"
"36,97800";"18,39258";"228,30623"
"36,98800";"18,40758";"237,19009"
"36,99800";"18,42257";"246,18796"
"37,00800";"18,43756";"255,27406"
"37,01800";"18,45244";"264,39621"
"37,02800";"18,46731";"273,46756"
"37,03800";"18,48254";"282,56464"
"37,04800";"18,49765";"291,92221"
"37,05000";"18,50072";"293,81985"
"37,05200";"18,50367";"295,72226"
"37,06200";"18,51678";"305,22409"
"37,07200";"18,52433";"313,44577"
"37,07600";"18,52575";"315,57333"
"37,08600";"18,52540";"316,00357"
"37,09600";"18,52044";"307,83179"
"37,10600";"18,50911";"289,60452"
"37,11600";"18,49222";"259,25174"
"37,12600";"18,47203";"216,51825"
"37,13600";"18,45019";"166,01973"
"37,14600";"18,42812";"115,01824"
"37,15600";"18,40675";"69,93815"
"37,16600";"18,38621";"35,50343"
"37,17600";"18,36661";"13,66621"
"37,18600";"18,34760";"3,06661"
"37,19600";"18,32931";"-0,03077"
"37,20600";"18,31160";"0,61975"
"37,21600";"18,29460";"2,47393"
"37,22600";"18,27795";"4,09164"
"37,23600";"18,26178";"4,92665"
"37,24600";"18,24572";"4,98771"
"37,25600";"18,23002";"4,51081"
"37,26600";"18,21444";"3,75833"
"37,27600";"18,19897";"2,92117"
"37,28600";"18,18363";"2,10137"
"37,29600";"18,16840";"1,37357"
"37,30600";"18,15329";"0,75761"
"37,31600";"18,13806";"0,21381"
"37,32600";"18,12283";"-0,25966"
"37,33600";"18,10760";"-0,65145"
"37,34600";"18,09237";"-0,98666"
"37,35600";"18,07726";"-1,26936"
"37,36600";"18,06226";"-1,52771"
"37,37600";"18,04727";"-1,74461"
"37,38600";"18,03228";"-1,92720"
"37,39600";"18,01740";"-2,08770"
"37,40600";"18,00253";"-2,23994"
"37,41600";"17,98753";"-2,36705"
"37,42600";"17,97231";"-2,46862"
"37,43600";"17,95708";"-2,56294"
"37,44600";"17,94197";"-2,65299"
"37,45600";"17,92686";"-2,72950"
"37,46600";"17,91186";"-2,78632"
"37,47600";"17,89687";"-2,81842"
"37,48600";"17,88188";"-2,84263"
"37,49600";"17,86676";"-2,85850"
"37,50600";"17,85165";"-2,87075"
"37,51600";"17,83678";"-2,87958"
"37,52600";"17,82178";"-2,88591"
"37,53600";"17,80691";"-2,87810"
"37,54600";"17,79192";"-2,86151"
"37,55600";"17,77704";"-2,84652"
"37,56600";"17,76217";"-2,82318"
"37,57600";"17,74706";"-2,78637"
"37,58600";"17,73195";"-2,74533"
"37,59600";"17,71707";"-2,71224"
"37,60600";"17,70208";"-2,67583"
"37,61600";"17,68708";"-2,64208"
"37,62600";"17,67197";"-2,60834"
"37,63600";"17,65686";"-2,56923"
"37,64600";"17,64187";"-2,52911"
"37,65600";"17,62675";"-2,49311"
"37,66600";"17,61176";"-2,44921"
"37,67600";"17,59689";"-2,40860"
"37,68600";"17,58201";"-2,36637"
"37,69600";"17,56714";"-2,32464"
"37,70600";"17,55215";"-2,27974"
"37,71600";"17,53703";"-2,23572"
"37,72600";"17,52204";"-2,18584"
"37,73600";"17,50705";"-2,13452"
"37,74600";"17,49194";"-2,07947"
"37,75600";"17,47694";"-2,02289"
"37,76600";"17,46207";"-1,96322"
"37,77600";"17,44731";"-1,90424"
"37,78600";"17,43232";"-1,85962"
"37,79600";"17,41721";"-1,81705"
"37,80600";"17,40233";"-1,76207"
"37,81600";"17,38722";"-1,70980"
"37,82600";"17,37199";"-1,65871"
"37,83600";"17,35700";"-1,60806"
"37,84600";"17,34201";"-1,55714"
"37,85600";"17,32701";"-1,50724"
"37,86600";"17,31190";"-1,46491"
"37,87600";"17,29691";"-1,42278"
"37,88600";"17,28204";"-1,36994"
"37,89600";"17,26704";"-1,31546"
"37,90600";"17,25193";"-1,26875"
"37,91600";"17,23682";"-1,22349"
"37,92600";"17,22194";"-1,18614"
"37,93600";"17,20707";"-1,15709"
"37,94600";"17,19208";"-1,12054"
"37,95600";"17,17696";"-1,09105"
"37,96600";"17,16197";"-1,06633"
"37,97600";"17,14698";"-1,05406"
"37,98600";"17,13199";"-1,02611"
"37,99600";"17,11687";"-0,99757"
"38,00600";"17,10200";"-0,96712"
"38,01600";"17,08701";"-0,93009"
"38,02600";"17,07201";"-0,89518"
"38,03600";"17,05702";"-0,86877"
"38,04600";"17,04203";"-0,85062"
"38,05600";"17,02703";"-0,82550"
"38,06600";"17,01192";"-0,80840"
"38,07600";"16,99693";"-0,78789"
"38,08600";"16,98206";"-0,76983"
"38,09600";"16,96718";"-0,74993"
"38,10600";"16,95219";"-0,73299"
"38,11600";"16,93708";"-0,71883"
"38,12600";"16,92196";"-0,70010"
"38,13600";"16,90697";"-0,68528"
"38,14600";"16,89186";"-0,67127"
"38,15600";"16,87687";"-0,65577"
"38,16600";"16,86176";"-0,65077"
"38,17600";"16,84688";"-0,64066"
"38,18600";"16,83201";"-0,61942"
"38,19600";"16,81701";"-0,60426"
"38,20600";"16,80190";"-0,58938"
"38,21600";"16,78691";"-0,57059"
"38,22600";"16,77192";"-0,55985"
"38,23600";"16,75692";"-0,55081"
"38,24600";"16,74193";"-0,53389"
"38,25600";"16,72706";"-0,51652"
"38,26600";"16,71206";"-0,51050"
"38,27600";"16,69695";"-0,50837"
"38,28600";"16,68196";"-0,51227"
"38,29600";"16,66685";"-0,50676"
"38,30600";"16,65185";"-0,50025"
"38,31600";"16,63710";"-0,48988"
"38,32600";"16,62199";"-0,48343"
"38,33600";"16,60687";"-0,47404"
"38,34600";"16,59188";"-0,46774"
"38,35600";"16,57689";"-0,45944"
"38,36600";"16,56178";"-0,45540"
"38,37600";"16,54667";"-0,44666"
"38,38600";"16,53179";"-0,44008"
"38,39600";"16,51704";"-0,42674"
"38,40600";"16,50204";"-0,41648"
"38,41600";"16,48705";"-0,40417"
"38,42600";"16,47206";"-0,39182"
"38,43600";"16,45706";"-0,37895"
"38,44600";"16,44207";"-0,36957"
"38,45600";"16,42696";"-0,37195"
"38,46600";"16,41197";"-0,36701"
"38,47600";"16,39709";"-0,35778"
"38,48600";"16,38210";"-0,34043"
"38,49600";"16,36699";"-0,33024"
"38,50600";"16,35211";"-0,32990"
"38,51600";"16,33724";"-0,32283"
"38,52600";"16,32212";"-0,30346"
"38,53600";"16,30701";"-0,28886"
"38,54600";"16,29202";"-0,27907"
"38,55600";"16,27715";"-0,27225"
"38,56600";"16,26227";"-0,27210"
"38,57600";"16,24716";"-0,27505"
"38,58600";"16,23205";"-0,27562"
"38,59600";"16,21717";"-0,27495"
"38,60600";"16,20218";"-0,28334"
"38,61600";"16,18707";"-0,28432"
"38,62600";"16,17220";"-0,28627"
"38,63600";"16,15732";"-0,28243"
"38,64600";"16,14244";"-0,27589"
"38,65600";"16,12721";"-0,26398"
"38,66600";"16,11199";"-0,25494"
"38,67600";"16,09687";"-0,25663"
"38,68600";"16,08188";"-0,25976"
"38,69600";"16,06677";"-0,25876"
"38,70600";"16,05178";"-0,25735"
"38,71600";"16,03679";"-0,26068"
"38,72600";"16,02203";"-0,26043"
"38,73600";"16,00692";"-0,25359"
"38,74600";"15,99192";"-0,25456"
"38,75600";"15,97681";"-0,25242"
"38,76600";"15,96194";"-0,24961"
"38,77600";"15,94695";"-0,24124"
"38,78600";"15,93195";"-0,24190"
"38,79600";"15,91696";"-0,24241"
"38,80600";"15,90208";"-0,23498"
"38,81600";"15,88721";"-0,22119"
"38,82600";"15,87210";"-0,21071"
"38,83600";"15,85710";"-0,21262"
"38,84600";"15,84211";"-0,21187"
"38,85600";"15,82712";"-0,20927"
"38,86600";"15,81213";"-0,20782"
"38,87600";"15,79713";"-0,21891"
"38,88600";"15,78214";"-0,22452"
"38,89600";"15,76727";"-0,21847"
"38,90600";"15,75227";"-0,21268"
"38,91600";"15,73704";"-0,21579"
"38,92600";"15,72205";"-0,22127"
"38,93600";"15,70706";"-0,22317"
"38,94600";"15,69206";"-0,22115"
"38,95600";"15,67707";"-0,21810"
"38,96600";"15,66220";"-0,21246"
"38,97600";"15,64720";"-0,20646"
"38,98600";"15,63221";"-0,19808"
"38,99600";"15,61698";"-0,19495"
"39,00600";"15,60187";"-0,19941"
"39,01600";"15,58687";"-0,20063"
"39,02600";"15,57176";"-0,19968"
"39,03600";"15,55677";"-0,20034"
"39,04600";"15,54190";"-0,20257"
"39,05600";"15,52690";"-0,19409"
"39,06600";"15,51203";"-0,18643"
"39,07600";"15,49680";"-0,18371"
"39,08600";"15,48180";"-0,19137"
"39,09600";"15,46681";"-0,19194"
"39,10600";"15,45205";"-0,18876"
"39,11600";"15,43706";"-0,18750"
"39,12600";"15,42207";"-0,19245"
"39,13600";"15,40707";"-0,19248"
"39,14600";"15,39220";"-0,18985"
"39,15600";"15,37709";"-0,18229"
"39,16600";"15,36198";"-0,17749"
"39,17600";"15,34699";"-0,17905"
"39,18600";"15,33211";"-0,18379"
"39,19600";"15,31723";"-0,18458"
"39,20600";"15,30201";"-0,18428"
"39,21600";"15,28713";"-0,18379"
"39,22600";"15,27214";"-0,18389"
"39,23600";"15,25715";"-0,18330"
"39,24600";"15,24192";"-0,17888"
"39,25600";"15,22692";"-0,17598"
"39,26600";"15,21205";"-0,17336"
"39,27600";"15,19706";"-0,16877"
"39,28600";"15,18206";"-0,16907"
"39,29600";"15,16707";"-0,17412"
"39,30600";"15,15231";"-0,17496"
"39,31600";"15,13720";"-0,17513"
"39,32600";"15,12197";"-0,17197"
"39,33600";"15,10698";"-0,17009"
"39,34600";"15,09210";"-0,17029"
"39,35600";"15,07723";"-0,16710"
"39,36600";"15,06223";"-0,16707"
"39,37600";"15,04713";"-0,17153"
"39,38600";"15,03213";"-0,17256"
"39,39600";"15,01714";"-0,16451"
"39,40600";"15,00215";"-0,15046"
"39,41600";"14,98703";"-0,14367"
"39,42600";"14,97216";"-0,15075"
"39,43600";"14,95728";"-0,14980"
"39,44600";"14,94229";"-0,14774"
"39,45600";"14,92718";"-0,14455"
"39,46600";"14,91219";"-0,14766"
"39,47600";"14,89719";"-0,15509"
"39,48600";"14,88220";"-0,16496"
"39,49600";"14,86709";"-0,17036"
"39,50600";"14,85210";"-0,17618"
"39,51600";"14,83722";"-0,17534"
"39,52600";"14,82223";"-0,16820"
"39,53600";"14,80700";"-0,15265"
"39,54600";"14,79201";"-0,14126"
"39,55600";"14,77713";"-0,13991"
"39,56600";"14,76226";"-0,13741"
"39,57600";"14,74726";"-0,13648"
"39,58600";"14,73227";"-0,14055"
"39,59600";"14,71728";"-0,14730"
"39,60600";"14,70228";"-0,15657"
"39,61600";"14,68717";"-0,15847"
"39,62600";"14,67194";"-0,15828"
"39,63600";"14,65695";"-0,16022"
"39,64600";"14,64208";"-0,15908"
"39,65600";"14,62697";"-0,15321"
"39,66600";"14,61197";"-0,15327"
"39,67600";"14,59698";"-0,14827"
"39,68600";"14,58199";"-0,14286"
"39,69600";"14,56687";"-0,14011"
"39,70600";"14,55165";"-0,13898"
"39,71600";"14,53665";"-0,13853"
"39,72600";"14,52190";"-0,13481"
"39,73600";"14,50690";"-0,13402"
"39,74600";"14,49179";"-0,12962"
"39,75600";"14,47680";"-0,12844"
"39,76600";"14,46192";"-0,12763"
"39,77600";"14,44693";"-0,13157"
"39,78600";"14,43170";"-0,12312"
"39,79600";"14,41671";"-0,11442"
"39,80600";"14,40195";"-0,10961"
"39,81600";"14,38708";"-0,11038"
"39,82600";"14,37197";"-0,10572"
"39,83600";"14,35697";"-0,10919"
"39,84600";"14,34198";"-0,10818"
"39,85600";"14,32687";"-0,11482"
"39,86600";"14,31164";"-0,12054"
"39,87600";"14,29653";"-0,12561"
"39,88600";"14,28189";"-0,13160"
"39,89600";"14,26701";"-0,12977"
"39,90600";"14,25202";"-0,12335"
"39,91600";"14,23691";"-0,12032"
"39,92600";"14,22180";"-0,11532"
"39,93600";"14,20681";"-0,10848"
"39,94600";"14,19169";"-0,10839"
"39,95600";"14,17658";"-0,10221"
"39,96600";"14,16183";"-0,10190"
"39,97600";"14,14707";"-0,09743"
"39,98600";"14,13208";"-0,09876"
"39,99600";"14,11697";"-0,09731"
"40,00600";"14,10197";"-0,09927"
"40,01600";"14,08698";"-0,09667"
"40,02600";"14,07187";"-0,09041"
"40,03600";"14,05676";"-0,08863"
"40,04600";"14,04188";"-0,08819"
"40,05600";"14,02713";"-0,08962"
"40,06600";"14,01225";"-0,09893"
"40,07600";"13,99714";"-0,10931"
"40,08600";"13,98215";"-0,11399"
"40,09600";"13,96739";"-0,11459"
"40,10600";"13,95228";"-0,11272"
"40,11600";"13,93717";"-0,11087"
"40,12600";"13,92217";"-0,11202"
"40,13600";"13,90730";"-0,11051"
"40,14600";"13,89231";"-0,11276"
"40,15600";"13,87719";"-0,10975"
"40,16600";"13,86196";"-0,10492"
"40,17600";"13,84709";"-0,09852"
"40,18600";"13,83222";"-0,08926"
"40,19600";"13,81722";"-0,08005"
"40,20600";"13,80211";"-0,07629"
"40,21600";"13,78712";"-0,07674"
"40,22600";"13,77212";"-0,08531"
"40,23600";"13,75701";"-0,09770"
"40,24600";"13,74179";"-0,10495"
"40,25600";"13,72679";"-0,10770"
"40,26600";"13,71180";"-0,11035"
"40,27600";"13,69681";"-0,10358"
"40,28600";"13,68181";"-0,09347"
"40,29600";"13,66694";"-0,08517"
"40,30600";"13,65218";"-0,08233"
"40,31600";"13,63707";"-0,08695"
"40,32600";"13,62196";"-0,08956"
"40,33600";"13,60685";"-0,08948"
"40,34600";"13,59197";"-0,09328"
"40,35600";"13,57710";"-0,08319"
"40,36600";"13,56199";"-0,07551"
"40,37600";"13,54699";"-0,07138"
"40,38600";"13,53212";"-0,06676"
"40,39600";"13,51712";"-0,06337"
"40,40600";"13,50201";"-0,06800"
"40,41600";"13,48690";"-0,08065"
"40,42600";"13,47191";"-0,08995"
"40,43600";"13,45704";"-0,09065"
"40,44600";"13,44192";"-0,09077"
"40,45600";"13,42693";"-0,08916"
"40,46600";"13,41206";"-0,08503"
"40,47600";"13,39706";"-0,07726"
"40,48600";"13,38195";"-0,06585"
"40,49600";"13,36684";"-0,06262"
"40,50600";"13,35197";"-0,06405"
"40,51600";"13,33709";"-0,06660"
"40,52600";"13,32222";"-0,07282"
"40,53600";"13,30699";"-0,07952"
"40,54600";"13,29199";"-0,08588"
"40,55600";"13,27712";"-0,08855"
"40,56600";"13,26201";"-0,09218"
"40,57600";"13,24678";"-0,09068"
"40,58600";"13,23178";"-0,08000"
"40,59600";"13,21703";"-0,07247"
"40,60600";"13,20215";"-0,07137"
"40,61600";"13,18704";"-0,06876"
"40,62600";"13,17205";"-0,06833"
"40,63600";"13,15706";"-0,07088"
"40,64600";"13,14206";"-0,06538"
"40,65600";"13,12683";"-0,06741"
"40,66600";"13,11172";"-0,07392"
"40,67600";"13,09697";"-0,07928"
"40,68600";"13,08209";"-0,07714"
"40,69600";"13,06710";"-0,07291"
"40,70600";"13,05199";"-0,07330"
"40,71600";"13,03699";"-0,07561"
"40,72600";"13,02200";"-0,07854"
"40,73600";"13,00677";"-0,07332"
"40,74600";"12,99178";"-0,07753"
"40,75600";"12,97690";"-0,08333"
"40,76600";"12,96203";"-0,07721"
"40,77600";"12,94703";"-0,07504"
"40,78600";"12,93204";"-0,07751"
"40,79600";"12,91705";"-0,08092"
"40,80600";"12,90205";"-0,08103"
"40,81600";"12,88706";"-0,07768"
"40,82600";"12,87207";"-0,07420"
"40,83600";"12,85719";"-0,07349"
"40,84600";"12,84220";"-0,07231"
"40,85600";"12,82721";"-0,07383"
"40,86600";"12,81210";"-0,08051"
"40,87600";"12,79710";"-0,08579"
"40,88600";"12,78211";"-0,08944"
"40,89600";"12,76700";"-0,08331"
"40,90600";"12,75201";"-0,07891"
"40,91600";"12,73701";"-0,07803"
"40,92600";"12,72214";"-0,07983"
"40,93600";"12,70715";"-0,08094"
"40,94600";"12,69192";"-0,07797"
"40,95600";"12,67681";"-0,07521"
"40,96600";"12,66181";"-0,06967"
"40,97600";"12,64682";"-0,06747"
"40,98600";"12,63171";"-0,06633"
"40,99600";"12,61672";"-0,06371"
"41,00600";"12,60184";"-0,06737"
"41,01600";"12,58685";"-0,07375"
"41,02600";"12,57185";"-0,07893"
"41,03600";"12,55686";"-0,07832"
"41,04600";"12,54175";"-0,07334"
"41,05600";"12,52688";"-0,07851"
"41,06600";"12,51188";"-0,08354"
"41,07600";"12,49689";"-0,08525"
"41,08600";"12,48190";"-0,09037"
"41,09600";"12,46690";"-0,09101"
"41,10600";"12,45191";"-0,07842"
"41,11600";"12,43692";"-0,07134"
"41,12600";"12,42180";"-0,06980"
"41,13600";"12,40693";"-0,07576"
"41,14600";"12,39206";"-0,07439"
"41,15600";"12,37706";"-0,07338"
"41,16600";"12,36207";"-0,07572"
"41,17600";"12,34708";"-0,07151"
"41,18600";"12,33208";"-0,06957"
"41,19600";"12,31697";"-0,07005"
"41,20600";"12,30186";"-0,06595"
"41,21600";"12,28687";"-0,06502"
"41,22600";"12,27188";"-0,06728"
"41,23600";"12,25700";"-0,06781"
"41,24600";"12,24189";"-0,07533"
"41,25600";"12,22701";"-0,07295"
"41,26600";"12,21190";"-0,06824"
"41,27600";"12,19691";"-0,06426"
"41,28600";"12,18180";"-0,06505"
"41,29600";"12,16681";"-0,06757"
"41,30600";"12,15193";"-0,07311"
"41,31600";"12,13706";"-0,06996"
"41,32600";"12,12206";"-0,06716"
"41,33600";"12,10707";"-0,06476"
"41,34600";"12,09219";"-0,07059"
"41,35600";"12,07720";"-0,07155"
"41,36600";"12,06209";"-0,06914"
"41,37600";"12,04710";"-0,06937"
"41,38600";"12,03222";"-0,07263"
"41,39600";"12,01711";"-0,07833"
"41,40600";"12,00212";"-0,07055"
"41,41600";"11,98701";"-0,07204"
"41,42600";"11,97190";"-0,07523"
"41,43600";"11,95690";"-0,07335"
"41,44600";"11,94179";"-0,07817"
"41,45600";"11,92680";"-0,08034"
"41,46600";"11,91204";"-0,07671"
"41,47600";"11,89717";"-0,07347"
"41,48600";"11,88206";"-0,06718"
"41,49600";"11,86695";"-0,06582"
"41,50600";"11,85195";"-0,06398"
"41,51600";"11,83696";"-0,05194"
"41,52600";"11,82197";"-0,04668"
"41,53600";"11,80685";"-0,04934"
"41,54600";"11,79186";"-0,05476"
"41,55600";"11,77710";"-0,06147"
"41,56600";"11,76211";"-0,06397"
"41,57600";"11,74688";"-0,06405"
"41,58600";"11,73189";"-0,06679"
"41,59600";"11,71701";"-0,07147"
"41,60600";"11,70202";"-0,06757"
"41,61600";"11,68691";"-0,06810"
"41,62600";"11,67192";"-0,07052"
"41,63600";"11,65693";"-0,07772"
"41,64600";"11,64193";"-0,07725"
"41,65600";"11,62694";"-0,07279"
"41,66600";"11,61195";"-0,06539"
"41,67600";"11,59683";"-0,06956"
"41,68600";"11,58184";"-0,07084"
"41,69600";"11,56697";"-0,06622"
"41,70600";"11,55197";"-0,06054"
"41,71600";"11,53698";"-0,05411"
"41,72600";"11,52199";"-0,05144"
"41,73600";"11,50699";"-0,04755"
"41,74600";"11,49200";"-0,04183"
"41,75600";"11,47701";"-0,04163"
"41,76600";"11,46201";"-0,04560"
"41,77600";"11,44714";"-0,03801"
"41,78600";"11,43215";"-0,03581"
"41,79600";"11,41715";"-0,04028"
"41,80600";"11,40216";"-0,04543"
"41,81600";"11,38717";"-0,05492"
"41,82600";"11,37206";"-0,05614"
"41,83600";"11,35694";"-0,05598"
"41,84600";"11,34195";"-0,06028"
"41,85600";"11,32696";"-0,05766"
"41,86600";"11,31185";"-0,05319"
"41,87600";"11,29685";"-0,05244"
"41,88600";"11,28198";"-0,05586"
"41,89600";"11,26699";"-0,05166"
"41,90600";"11,25211";"-0,05133"
"41,91600";"11,23700";"-0,05401"
"41,92600";"11,22201";"-0,05601"
"41,93600";"11,20713";"-0,06009"
"41,94600";"11,19202";"-0,06542"
"41,95600";"11,17691";"-0,07207"
"41,96600";"11,16192";"-0,07094"
"41,97600";"11,14704";"-0,06889"
"41,98600";"11,13193";"-0,06331"
"41,99600";"11,11694";"-0,05815"
"42,00600";"11,10194";"-0,05329"
"42,01600";"11,08707";"-0,05060"
"42,02600";"11,07208";"-0,05729"
"42,03600";"11,05696";"-0,05392"
"42,04600";"11,04197";"-0,05454"
"42,05600";"11,02698";"-0,05390"
"42,06600";"11,01199";"-0,05135"
"42,07600";"10,99688";"-0,05515"
"42,08600";"10,98188";"-0,05932"
"42,09600";"10,96701";"-0,05792"
"42,10600";"10,95213";"-0,05945"
"42,11600";"10,93714";"-0,05781"
"42,12600";"10,92203";"-0,05607"
"42,13600";"10,90703";"-0,05777"
"42,14600";"10,89192";"-0,05506"
"42,15600";"10,87681";"-0,05306"
"42,16600";"10,86182";"-0,05608"
"42,17600";"10,84683";"-0,05757"
"42,18600";"10,83195";"-0,05548"
"42,19600";"10,81696";"-0,05621"
"42,20600";"10,80185";"-0,06082"
"42,21600";"10,78686";"-0,06575"
"42,22600";"10,77186";"-0,06687"
"42,23600";"10,75687";"-0,06585"
"42,24600";"10,74188";"-0,06912"
"42,25600";"10,72700";"-0,06713"
"42,26600";"10,71213";"-0,06505"
"42,27600";"10,69713";"-0,05587"
"42,28600";"10,68214";"-0,04797"
"42,29600";"10,66715";"-0,04049"
"42,30600";"10,65215";"-0,04303"
"42,31600";"10,63716";"-0,05069"
"42,32600";"10,62217";"-0,06342"
"42,33600";"10,60717";"-0,06470"
"42,34600";"10,59230";"-0,06694"
"42,35600";"10,57742";"-0,05595"
"42,36600";"10,56231";"-0,04351"
"42,37600";"10,54720";"-0,04525"
"42,38600";"10,53221";"-0,04542"
"42,39600";"10,51722";"-0,04586"
"42,40600";"10,50234";"-0,04703"
"42,41600";"10,48735";"-0,04457"
"42,42600";"10,47235";"-0,04030"
"42,43600";"10,45736";"-0,03455"
"42,44600";"10,44225";"-0,02935"
"42,45600";"10,42714";"-0,03689"
"42,46600";"10,41215";"-0,03868"
"42,47600";"10,39715";"-0,03873"
"42,48600";"10,38216";"-0,04006"
"42,49600";"10,36717";"-0,04423"
"42,50600";"10,35206";"-0,03981"
"42,51600";"10,33718";"-0,03596"
"42,52600";"10,32207";"-0,04636"
"42,53600";"10,30696";"-0,05099"
"42,54600";"10,29197";"-0,04624"
"42,55600";"10,27709";"-0,04017"
"42,56600";"10,26210";"-0,03172"
"42,57600";"10,24699";"-0,03024"
"42,58600";"10,23199";"-0,03324"
"42,59600";"10,21712";"-0,03147"
"42,60600";"10,20224";"-0,03307"
"42,61600";"10,18713";"-0,03462"
"42,62600";"10,17190";"-0,04289"
"42,63600";"10,15691";"-0,04173"
"42,64600";"10,14192";"-0,03876"
"42,65600";"10,12681";"-0,03238"
"42,66600";"10,11169";"-0,02983"
"42,67600";"10,09670";"-0,02968"
"42,68600";"10,08183";"-0,03067"
"42,69600";"10,06671";"-0,02926"
"42,70600";"10,05160";"-0,03104"
"42,71600";"10,03673";"-0,03370"
"42,72600";"10,02197";"-0,02982"
"42,73600";"10,00698";"-0,03069"
"42,74600";"9,99187";"-0,03583"
"42,75600";"9,97688";"-0,04357"
"42,76600";"9,96200";"-0,04347"
"42,77600";"9,94689";"-0,04016"
"42,78600";"9,93178";"-0,03849"
"42,79600";"9,91690";"-0,04514"
"42,80600";"9,90203";"-0,05809"
"42,81600";"9,88703";"-0,05749"
"42,82600";"9,87192";"-0,05141"
"42,83600";"9,85693";"-0,04696"
"42,84600";"9,84194";"-0,04081"
"42,85600";"9,82695";"-0,02859"
"42,86600";"9,81183";"-0,02474"
"42,87600";"9,79684";"-0,02861"
"42,88600";"9,78197";"-0,02992"
"42,89600";"9,76709";"-0,03037"
"42,90600";"9,75210";"-0,03592"
"42,91600";"9,73699";"-0,04260"
"42,92600";"9,72211";"-0,04636"
"42,93600";"9,70724";"-0,04530"
"42,94600";"9,69213";"-0,03354"
"42,95600";"9,67701";"-0,02753"
"42,96600";"9,66214";"-0,02546"
"42,97600";"9,64726";"-0,02154"
"42,98600";"9,63215";"-0,02604"
"42,99600";"9,61692";"-0,02566"
"43,00600";"9,60205";"-0,02058"
"43,01600";"9,58706";"-0,01793"
"43,02600";"9,57218";"-0,02137"
"43,03600";"9,55707";"-0,02752"
"43,04600";"9,54220";"-0,03019"
"43,05600";"9,52732";"-0,02603"
"43,06600";"9,51233";"-0,01820"
"43,07600";"9,49710";"-0,01644"
"43,08600";"9,48199";"-0,01070"
"43,09600";"9,46711";"-0,00468"
"43,10600";"9,45212";"-0,00186"
"43,11600";"9,43713";"-0,00909"
"43,12600";"9,42213";"-0,02207"
"43,13600";"9,40726";"-0,03558"
"43,14600";"9,39226";"-0,04553"
"43,15600";"9,37704";"-0,05234"
"43,16600";"9,36192";"-0,04897"
"43,17600";"9,34693";"-0,04145"
"43,18600";"9,33206";"-0,03934"
"43,19600";"9,31694";"-0,03513"
"43,20600";"9,30195";"-0,03156"
"43,21600";"9,28708";"-0,03162"
"43,22600";"9,27220";"-0,02952"
"43,23600";"9,25709";"-0,02925"
"43,24600";"9,24198";"-0,02692"
"43,25600";"9,22687";"-0,01934"
"43,26600";"9,21199";"-0,01483"
"43,27600";"9,19712";"-0,02045"
"43,28600";"9,18189";"-0,02234"
"43,29600";"9,16701";"-0,02216"
"43,30600";"9,15214";"-0,02554"
"43,31600";"9,13703";"-0,02356"
"43,32600";"9,12192";"-0,02578"
"43,33600";"9,10692";"-0,02767"
"43,34600";"9,09217";"-0,02345"
"43,35600";"9,07717";"-0,02092"
"43,36600";"9,06206";"-0,01816"
"43,37600";"9,04695";"-0,02251"
"43,38600";"9,03196";"-0,01664"
"43,39600";"9,01696";"-0,00787"
"43,40600";"9,00185";"-0,00726"
"43,41600";"8,98674";"-0,01507"
"43,42600";"8,97187";"-0,02458"
"43,43600";"8,95699";"-0,02530"
"43,44600";"8,94188";"-0,02871"
"43,45600";"8,92677";"-0,03578"
"43,46600";"8,91190";"-0,03999"
"43,47600";"8,89690";"-0,04043"
"43,48600";"8,88191";"-0,04125"
"43,49600";"8,86680";"-0,03487"
"43,50600";"8,85192";"-0,02919"
"43,51600";"8,83717";"-0,03254"
"43,52600";"8,82217";"-0,03996"
"43,53600";"8,80694";"-0,04885"
"43,54600";"8,79195";"-0,05229"
"43,55600";"8,77696";"-0,04810"
"43,56600";"8,76185";"-0,04506"
"43,57600";"8,74685";"-0,03245"
"43,58600";"8,73186";"-0,02491"
"43,59600";"8,71710";"-0,02781"
"43,60600";"8,70235";"-0,02337"
"43,61600";"8,68724";"-0,02243"
"43,62600";"8,67213";"-0,03135"
"43,63600";"8,65725";"-0,03479"
"43,64600";"8,64214";"-0,02933"
"43,65600";"8,62703";"-0,02604"
"43,66600";"8,61203";"-0,02957"
"43,67600";"8,59716";"-0,03073"
"43,68600";"8,58228";"-0,02762"
"43,69600";"8,56717";"-0,03240"
"43,70600";"8,55206";"-0,03784"
"43,71600";"8,53707";"-0,03964"
"43,72600";"8,52196";"-0,03040"
"43,73600";"8,50685";"-0,01743"
"43,74600";"8,49174";"-0,01838"
"43,75600";"8,47686";"-0,01628"
"43,76600";"8,46199";"-0,01019"
"43,77600";"8,44687";"-0,00775"
"43,78600";"8,43165";"-0,00594"
"43,79600";"8,41665";"-0,01169"
"43,80600";"8,40178";"-0,01488"
"43,81600";"8,38679";"-0,01716"
"43,82600";"8,37179";"-0,01866"
"43,83600";"8,35680";"-0,01761"
"43,84600";"8,34204";"-0,02482"
"43,85600";"8,32705";"-0,03448"
"43,86600";"8,31194";"-0,03782"
"43,87600";"8,29683";"-0,03319"
"43,88600";"8,28183";"-0,02589"
"43,89600";"8,26696";"-0,01802"
"43,90600";"8,25185";"-0,01812"
"43,91600";"8,23685";"-0,01905"
"43,92600";"8,22198";"-0,02882"
"43,93600";"8,20699";"-0,03765"
"43,94600";"8,19188";"-0,03490"
"43,95600";"8,17676";"-0,03236"
"43,96600";"8,16189";"-0,02704"
"43,97600";"8,14701";"-0,02317"
"43,98600";"8,13202";"-0,02371"
"43,99600";"8,11691";"-0,02405"
"44,00600";"8,10192";"-0,02060"
"44,01600";"8,08704";"-0,01576"
"44,02600";"8,07193";"-0,01978"
"44,03600";"8,05670";"-0,02585"
"44,04600";"8,04171";"-0,03031"
"44,05600";"8,02695";"-0,03257"
"44,06600";"8,01208";"-0,03369"
"44,07600";"7,99708";"-0,03208"
"44,08600";"7,98197";"-0,02962"
"44,09600";"7,96710";"-0,02897"
"44,10600";"7,95210";"-0,02345"
"44,11600";"7,93699";"-0,01947"
"44,12600";"7,92200";"-0,01880"
"44,13600";"7,90712";"-0,02048"
"44,14600";"7,89225";"-0,02315"
"44,15600";"7,87714";"-0,02344"
"44,16600";"7,86203";"-0,02147"
"44,17600";"7,84704";"-0,01957"
"44,18600";"7,83204";"-0,02368"
"44,19600";"7,81693";"-0,02806"
"44,20600";"7,80182";"-0,03220"
"44,21600";"7,78694";"-0,03192"
"44,22600";"7,77219";"-0,03298"
"44,23600";"7,75719";"-0,02865"
"44,24600";"7,74208";"-0,03208"
"44,25600";"7,72709";"-0,03475"
"44,26600";"7,71210";"-0,02436"
"44,27600";"7,69710";"-0,02021"
"44,28600";"7,68199";"-0,01651"
"44,29600";"7,66700";"-0,01299"
"44,30600";"7,65212";"-0,02518"
"44,31600";"7,63725";"-0,03809"
"44,32600";"7,62202";"-0,04330"
"44,33600";"7,60691";"-0,04475"
"44,34600";"7,59192";"-0,04407"
"44,35600";"7,57681";"-0,03494"
"44,36600";"7,56169";"-0,02951"
"44,37600";"7,54670";"-0,02981"
"44,38600";"7,53183";"-0,03114"
"44,39600";"7,51695";"-0,03186"
"44,40600";"7,50184";"-0,02921"
"44,41600";"7,48685";"-0,02578"
"44,42600";"7,47185";"-0,02241"
"44,43600";"7,45686";"-0,02411"
"44,44600";"7,44187";"-0,02672"
"44,45600";"7,42687";"-0,02667"
"44,46600";"7,41200";"-0,02957"
"44,47600";"7,39701";"-0,02766"
"44,48600";"7,38201";"-0,03320"
"44,49600";"7,36690";"-0,03278"
"44,50600";"7,35191";"-0,03369"
"44,51600";"7,33692";"-0,03447"
"44,52600";"7,32181";"-0,03553"
"44,53600";"7,30681";"-0,03878"
"44,54600";"7,29194";"-0,04231"
"44,55600";"7,27694";"-0,04428"
"44,56600";"7,26195";"-0,04024"
"44,57600";"7,24684";"-0,02842"
"44,58600";"7,23173";"-0,02421"
"44,59600";"7,21685";"-0,02383"
"44,60600";"7,20186";"-0,02020"
"44,61600";"7,18699";"-0,01638"
"44,62600";"7,17199";"-0,01585"
"44,63600";"7,15700";"-0,01171"
"44,64600";"7,14201";"-0,01379"
"44,65600";"7,12701";"-0,01864"
"44,66600";"7,11190";"-0,02714"
"44,67600";"7,09691";"-0,03119"
"44,68600";"7,08204";"-0,03164"
"44,69600";"7,06704";"-0,02560"
"44,70600";"7,05205";"-0,02123"
"44,71600";"7,03706";"-0,01994"
"44,72600";"7,02206";"-0,02014"
"44,73600";"7,00695";"-0,02073"
"44,74600";"6,99184";"-0,02080"
"44,75600";"6,97697";"-0,02492"
"44,76600";"6,96209";"-0,02642"
"44,77600";"6,94722";"-0,02880"
"44,78600";"6,93222";"-0,03283"
"44,79600";"6,91723";"-0,03631"
"44,80600";"6,90235";"-0,03577"
"44,81600";"6,88736";"-0,03128"
"44,82600";"6,87201";"-0,03017"
"44,83600";"6,85690";"-0,02976"
"44,84600";"6,84203";"-0,03247"
"44,85600";"6,82703";"-0,03380"
"44,86600";"6,81204";"-0,02757"
"44,87600";"6,79705";"-0,02168"
"44,88600";"6,78206";"-0,02354"
"44,89600";"6,76706";"-0,01885"
"44,90600";"6,75183";"-0,01146"
"44,91600";"6,73684";"-0,00886"
"44,92600";"6,72197";"-0,00302"
"44,93600";"6,70709";"-0,00891"
"44,94600";"6,69210";"-0,01889"
"44,95600";"6,67687";"-0,02958"
"44,96600";"6,66188";"-0,04439"
"44,97600";"6,64688";"-0,03823"
"44,98600";"6,63177";"-0,02737"
"44,99600";"6,61678";"-0,01840"
"45,00600";"6,60178";"-0,01408"
"45,01600";"6,58703";"-0,01387"
"45,02600";"6,57215";"-0,01273"
"45,03600";"6,55692";"-0,01477"
"45,04600";"6,54193";"-0,01477"
"45,05600";"6,52694";"-0,01727"
"45,06600";"6,51206";"-0,02191"
"45,07600";"6,49719";"-0,02018"
"45,08600";"6,48231";"-0,02100"
"45,09600";"6,46732";"-0,02855"
"45,10600";"6,45233";"-0,03386"
"45,11600";"6,43733";"-0,03266"
"45,12600";"6,42210";"-0,02995"
"45,13600";"6,40711";"-0,02835"
"45,14600";"6,39200";"-0,02816"
"45,15600";"6,37689";"-0,02521"
"45,16600";"6,36190";"-0,02410"
"45,17600";"6,34690";"-0,01888"
"45,18600";"6,33191";"-0,02052"
"45,19600";"6,31692";"-0,01774"
"45,20600";"6,30181";"-0,01159"
"45,21600";"6,28681";"-0,02093"
"45,22600";"6,27182";"-0,03349"
"45,23600";"6,25683";"-0,03887"
"45,24600";"6,24183";"-0,03723"
"45,25600";"6,22684";"-0,03157"
"45,26600";"6,21197";"-0,02801"
"45,27600";"6,19697";"-0,02659"
"45,28600";"6,18186";"-0,02630"
"45,29600";"6,16675";"-0,02655"
"45,30600";"6,15176";"-0,02870"
"45,31600";"6,13676";"-0,02938"
"45,32600";"6,12177";"-0,02630"
"45,33600";"6,10690";"-0,02353"
"45,34600";"6,09214";"-0,02844"
"45,35600";"6,07726";"-0,02171"
"45,36600";"6,06215";"-0,01839"
"45,37600";"6,04704";"-0,01639"
"45,38600";"6,03193";"-0,01334"
"45,39600";"6,01706";"-0,01266"
"45,40600";"6,00206";"-0,01026"
"45,41600";"5,98707";"-0,01351"
"45,42600";"5,97196";"-0,02274"
"45,43600";"5,95708";"-0,02981"
"45,44600";"5,94197";"-0,03197"
"45,45600";"5,92686";"-0,02980"
"45,46600";"5,91187";"-0,02927"
"45,47600";"5,89711";"-0,03098"
"45,48600";"5,88212";"-0,03162"
"45,49600";"5,86701";"-0,03027"
"45,50600";"5,85201";"-0,02750"
"45,51600";"5,83714";"-0,02544"
"45,52600";"5,82203";"-0,01864"
"45,53600";"5,80692";"-0,01983"
"45,54600";"5,79192";"-0,02849"
"45,55600";"5,77717";"-0,03434"
"45,56600";"5,76229";"-0,03887"
"45,57600";"5,74718";"-0,03734"
"45,58600";"5,73207";"-0,02894"
"45,59600";"5,71719";"-0,01507"
"45,60600";"5,70220";"-0,00645"
"45,61600";"5,68709";"-0,00011"
"45,62600";"5,67186";"-0,00690"
"45,63600";"5,65687";"-0,00758"
"45,64600";"5,64199";"-0,00718"
"45,65600";"5,62688";"-0,00993"
"45,66600";"5,61177";"-0,02528"
"45,67600";"5,59678";"-0,03179"
"45,68600";"5,58190";"-0,03301"
"45,69600";"5,56679";"-0,02935"
"45,70600";"5,55192";"-0,02080"
"45,71600";"5,53704";"-0,01782"
"45,72600";"5,52217";"-0,02152"
"45,73600";"5,50717";"-0,02340"
"45,74600";"5,49218";"-0,02606"
"45,75600";"5,47707";"-0,03193"
"45,76600";"5,46196";"-0,03468"
"45,77600";"5,44685";"-0,03347"
"45,78600";"5,43185";"-0,02427"
"45,79600";"5,41686";"-0,02079"
"45,80600";"5,40199";"-0,01681"
"45,81600";"5,38711";"-0,01793"
"45,82600";"5,37200";"-0,02404"
"45,83600";"5,35701";"-0,03079"
"45,84600";"5,34201";"-0,03533"
"45,85600";"5,32714";"-0,03382"
"45,86600";"5,31215";"-0,02759"
"45,87600";"5,29715";"-0,01995"
"45,88600";"5,28228";"-0,01915"
"45,89600";"5,26728";"-0,01900"
"45,90600";"5,25217";"-0,01179"
"45,91600";"5,23706";"-0,01012"
"45,92600";"5,22195";"-0,02050"
"45,93600";"5,20696";"-0,02783"
"45,94600";"5,19185";"-0,02940"
"45,95600";"5,17697";"-0,02598"
"45,96600";"5,16210";"-0,01996"
"45,97600";"5,14722";"-0,01982"
"45,98600";"5,13223";"-0,02026"
"45,99600";"5,11700";"-0,02181"
"46,00600";"5,10189";"-0,02857"
"46,01600";"5,08701";"-0,02007"
"46,02600";"5,07202";"-0,01367"
"46,03600";"5,05703";"-0,01091"
"46,04600";"5,04204";"-0,00642"
"46,05600";"5,02716";"-0,00707"
"46,06600";"5,01205";"-0,01112"
"46,07600";"4,99694";"-0,01430"
"46,08600";"4,98183";"-0,02227"
"46,09600";"4,96683";"-0,02756"
"46,10600";"4,95184";"-0,03195"
"46,11600";"4,93673";"-0,02246"
"46,12600";"4,92185";"-0,02345"
"46,13600";"4,90698";"-0,02720"
"46,14600";"4,89199";"-0,02964"
"46,15600";"4,87688";"-0,02914"
"46,16600";"4,86165";"-0,02484"
"46,17600";"4,84677";"-0,01924"
"46,18600";"4,83201";"-0,01866"
"46,19600";"4,81702";"-0,02727"
"46,20600";"4,80203";"-0,03349"
"46,21600";"4,78703";"-0,03826"
"46,22600";"4,77216";"-0,03538"
"46,23600";"4,75705";"-0,02523"
"46,24600";"4,74194";"-0,01293"
"46,25600";"4,72706";"-0,01608"
"46,26600";"4,71219";"-0,02211"
"46,27600";"4,69731";"-0,01865"
"46,28600";"4,68220";"-0,01900"
"46,29600";"4,66721";"-0,02051"
"46,30600";"4,65222";"-0,02151"
"46,31600";"4,63722";"-0,02196"
"46,32600";"4,62199";"-0,01986"
"46,33600";"4,60688";"-0,02247"
"46,34600";"4,59201";"-0,01970"
"46,35600";"4,57701";"-0,01810"
"46,36600";"4,56202";"-0,01839"
"46,37600";"4,54703";"-0,01632"
"46,38600";"4,53215";"-0,01829"
"46,39600";"4,51728";"-0,01882"
"46,40600";"4,50217";"-0,02922"
"46,41600";"4,48717";"-0,03496"
"46,42600";"4,47230";"-0,03992"
"46,43600";"4,45742";"-0,03979"
"46,44600";"4,44243";"-0,03705"
"46,45600";"4,42720";"-0,04403"
"46,46600";"4,41221";"-0,04587"
"46,47600";"4,39722";"-0,03986"
"46,48600";"4,38210";"-0,03230"
"46,49600";"4,36699";"-0,02719"
"46,50600";"4,35212";"-0,02649"
"46,51600";"4,33724";"-0,02237"
"46,52600";"4,32213";"-0,02030"
"46,53600";"4,30702";"-0,02648"
"46,54600";"4,29203";"-0,03161"
"46,55600";"4,27703";"-0,03693"
"46,56600";"4,26216";"-0,03917"
"46,57600";"4,24705";"-0,04041"
"46,58600";"4,23206";"-0,04078"
"46,59600";"4,21742";"-0,03778"
"46,60600";"4,20254";"-0,03205"
"46,61600";"4,18731";"-0,02912"
"46,62600";"4,17220";"-0,03031"
"46,63600";"4,15721";"-0,03228"
"46,64600";"4,14233";"-0,03145"
"46,65600";"4,12722";"-0,02998"
"46,66600";"4,11199";"-0,03002"
"46,67600";"4,09712";"-0,03301"
"46,68600";"4,08213";"-0,03010"
"46,69600";"4,06701";"-0,03386"
"46,70600";"4,05178";"-0,03485"
"46,71600";"4,03679";"-0,03994"
"46,72600";"4,02203";"-0,03842"
"46,73600";"4,00704";"-0,03352"
"46,74600";"3,99181";"-0,02855"
"46,75600";"3,97682";"-0,03080"
"46,76600";"3,96194";"-0,03440"
"46,77600";"3,94683";"-0,03413"
"46,78600";"3,93172";"-0,02869"
"46,79600";"3,91661";"-0,01619"
"46,80600";"3,90185";"-0,01201"
"46,81600";"3,88698";"-0,01807"
"46,82600";"3,87187";"-0,02429"
"46,83600";"3,85676";"-0,03290"
"46,84600";"3,84176";"-0,03049"
"46,85600";"3,82677";"-0,02899"
"46,86600";"3,81166";"-0,03204"
"46,87600";"3,79655";"-0,03860"
"46,88600";"3,78179";"-0,03908"
"46,89600";"3,76703";"-0,03346"
"46,90600";"3,75192";"-0,03313"
"46,91600";"3,73681";"-0,03301"
"46,92600";"3,72182";"-0,03888"
"46,93600";"3,70683";"-0,03978"
"46,94600";"3,69160";"-0,04015"
"46,95600";"3,67649";"-0,04323"
"46,96600";"3,66161";"-0,04395"
"46,97600";"3,64685";"-0,03763"
"46,98600";"3,63186";"-0,03664"
"46,99600";"3,61675";"-0,03843"
"47,00600";"3,60187";"-0,03928"
"47,01600";"3,58700";"-0,03979"
"47,02600";"3,57201";"-0,03011"
"47,03600";"3,55690";"-0,02939"
"47,04600";"3,54202";"-0,03340"
"47,05600";"3,52726";"-0,02227"
"47,06600";"3,51227";"-0,01568"
"47,07600";"3,49704";"-0,01493"
"47,08600";"3,48205";"-0,02389"
"47,09600";"3,46706";"-0,02970"
"47,10600";"3,45194";"-0,03355"
"47,11600";"3,43683";"-0,03244"
"47,12600";"3,42196";"-0,03267"
"47,13600";"3,40720";"-0,03604"
"47,14600";"3,39233";"-0,04007"
"47,15600";"3,37710";"-0,04325"
"47,16600";"3,36199";"-0,03929"
"47,17600";"3,34711";"-0,03870"
"47,18600";"3,33212";"-0,03360"
"47,19600";"3,31689";"-0,03106"
"47,20600";"3,30190";"-0,02760"
"47,21600";"3,28690";"-0,02902"
"47,22600";"3,27215";"-0,03176"
"47,23600";"3,25703";"-0,03955"
"47,24600";"3,24192";"-0,04627"
"47,25600";"3,22693";"-0,04459"
"47,26600";"3,21194";"-0,04358"
"47,27600";"3,19706";"-0,03939"
"47,28600";"3,18195";"-0,02751"
"47,29600";"3,16696";"-0,01994"
"47,30600";"3,15208";"-0,02090"
"47,31600";"3,13697";"-0,03131"
"47,32600";"3,12186";"-0,03504"
"47,33600";"3,10687";"-0,04186"
"47,34600";"3,09187";"-0,04605"
"47,35600";"3,07700";"-0,04927"
"47,36600";"3,06201";"-0,04868"
"47,37600";"3,04701";"-0,05094"
"47,38600";"3,03214";"-0,04914"
"47,39600";"3,01715";"-0,04929"
"47,40600";"3,00192";"-0,04850"
"47,41600";"2,98692";"-0,04916"
"47,42600";"2,97193";"-0,04703"
"47,43600";"2,95706";"-0,04288"
"47,44600";"2,94206";"-0,04132"
"47,45600";"2,92707";"-0,03917"
"47,46600";"2,91208";"-0,03257"
"47,47600";"2,89708";"-0,02739"
"47,48600";"2,88197";"-0,02180"
"47,49600";"2,86686";"-0,01605"
"47,50600";"2,85187";"-0,01530"
"47,51600";"2,83688";"-0,01563"
"47,52600";"2,82188";"-0,02900"
"47,53600";"2,80689";"-0,03671"
"47,54600";"2,79201";"-0,03733"
"47,55600";"2,77702";"-0,04128"
"47,56600";"2,76191";"-0,04589"
"47,57600";"2,74680";"-0,04032"
"47,58600";"2,73181";"-0,03756"
"47,59600";"2,71693";"-0,03347"
"47,60600";"2,70206";"-0,03110"
"47,61600";"2,68694";"-0,03049"
"47,62600";"2,67195";"-0,03367"
"47,63600";"2,65696";"-0,03944"
"47,64600";"2,64197";"-0,04209"
"47,65600";"2,62685";"-0,03981"
"47,66600";"2,61174";"-0,03473"
"47,67600";"2,59687";"-0,02348"
"47,68600";"2,58199";"-0,02416"
"47,69600";"2,56700";"-0,02574"
"47,70600";"2,55189";"-0,03095"
"47,71600";"2,53690";"-0,03602"
"47,72600";"2,52190";"-0,03635"
"47,73600";"2,50679";"-0,03916"
"47,74600";"2,49180";"-0,04563"
"47,75600";"2,47692";"-0,05321"
"47,76600";"2,46217";"-0,04939"
"47,77600";"2,44717";"-0,04420"
"47,78600";"2,43206";"-0,03465"
"47,79600";"2,41695";"-0,03193"
"47,80600";"2,40196";"-0,03008"
"47,81600";"2,38685";"-0,03504"
"47,82600";"2,37162";"-0,04502"
"47,83600";"2,35674";"-0,04783"
"47,84600";"2,34199";"-0,03984"
"47,85600";"2,32699";"-0,03473"
"47,86600";"2,31200";"-0,03627"
"47,87600";"2,29701";"-0,03458"
"47,88600";"2,28201";"-0,04013"
"47,89600";"2,26702";"-0,03565"
"47,90600";"2,25203";"-0,03518"
"47,91600";"2,23703";"-0,03695"
"47,92600";"2,22216";"-0,04037"
"47,93600";"2,20717";"-0,03507"
"47,94600";"2,19217";"-0,02955"
"47,95600";"2,17706";"-0,03338"
"47,96600";"2,16207";"-0,03795"
"47,97600";"2,14708";"-0,04262"
"47,98600";"2,13208";"-0,03341"
"47,99600";"2,11697";"-0,03282"
"48,00600";"2,10210";"-0,03684"
"48,01600";"2,08710";"-0,04317"
"48,02600";"2,07188";"-0,03908"
"48,03600";"2,05688";"-0,03512"
"48,04600";"2,04189";"-0,03271"
"48,05600";"2,02690";"-0,03842"
"48,06600";"2,01190";"-0,04543"
"48,07600";"1,99691";"-0,04527"
"48,08600";"1,98192";"-0,04130"
"48,09600";"1,96704";"-0,03880"
"48,10600";"1,95193";"-0,04211"
"48,11600";"1,93694";"-0,04179"
"48,12600";"1,92183";"-0,03822"
"48,13600";"1,90683";"-0,02599"
"48,14600";"1,89184";"-0,01210"
"48,15600";"1,87697";"-0,00990"
"48,16600";"1,86197";"-0,02250"
"48,17600";"1,84698";"-0,03991"
"48,18600";"1,83199";"-0,04815"
"48,19600";"1,81688";"-0,05529"
"48,20600";"1,80188";"-0,05962"
"48,21600";"1,78689";"-0,06156"
"48,22600";"1,77201";"-0,05900"
"48,23600";"1,75702";"-0,05132"
"48,24600";"1,74203";"-0,04010"
"48,25600";"1,72703";"-0,03171"
"48,26600";"1,71204";"-0,02763"
"48,27600";"1,69705";"-0,02247"
"48,28600";"1,68194";"-0,03044"
"48,29600";"1,66694";"-0,03326"
"48,30600";"1,65195";"-0,03471"
"48,31600";"1,63708";"-0,04038"
"48,32600";"1,62197";"-0,05143"
"48,33600";"1,60697";"-0,06030"
"48,34600";"1,59198";"-0,05978"
"48,35600";"1,57699";"-0,05591"
"48,36600";"1,56187";"-0,05731"
"48,37600";"1,54688";"-0,06113"
"48,38600";"1,53201";"-0,06523"
"48,39600";"1,51713";"-0,06249"
"48,40600";"1,50202";"-0,05263"
"48,41600";"1,48691";"-0,04514"
"48,42600";"1,47192";"-0,04009"
"48,43600";"1,45692";"-0,04309"
"48,44600";"1,44193";"-0,04853"
"48,45600";"1,42682";"-0,05294"
"48,46600";"1,41194";"-0,05203"
"48,47600";"1,39707";"-0,06168"
"48,48600";"1,38208";"-0,06237"
"48,49600";"1,36697";"-0,05975"
"48,50600";"1,35185";"-0,06065"
"48,51600";"1,33686";"-0,05608"
"48,52600";"1,32175";"-0,04940"
"48,53600";"1,30676";"-0,04697"
"48,54600";"1,29188";"-0,04403"
"48,55600";"1,27701";"-0,03923"
"48,56600";"1,26213";"-0,02794"
"48,57600";"1,24702";"-0,01643"
"48,58600";"1,23203";"-0,01427"
"48,59600";"1,21715";"-0,01685"
"48,60600";"1,20216";"-0,02362"
"48,61600";"1,18705";"-0,03766"
"48,62600";"1,17206";"-0,04350"
"48,63600";"1,15718";"-0,04661"
"48,64600";"1,14219";"-0,04831"
"48,65600";"1,12708";"-0,04494"
"48,66600";"1,11185";"-0,04205"
"48,67600";"1,09697";"-0,04113"
"48,68600";"1,08210";"-0,04140"
"48,69600";"1,06710";"-0,04314"
"48,70600";"1,05211";"-0,04531"
"48,71600";"1,03700";"-0,04714"
"48,72600";"1,02213";"-0,04635"
"48,73600";"1,00701";"-0,04767"
"48,74600";"0,99190";"-0,04043"
"48,75600";"0,97691";"-0,03620"
"48,76600";"0,96192";"-0,03458"
"48,77600";"0,94692";"-0,03336"
"48,78600";"0,93193";"-0,02918"
"48,79600";"0,91694";"-0,02080"
"48,80600";"0,90206";"-0,01009"
"48,81600";"0,88707";"-0,01004"
"48,82600";"0,87196";"-0,01457"
"48,83600";"0,85685";"-0,02199"
"48,84600";"0,84185";"-0,02875"
"48,85600";"0,82698";"-0,03187"
"48,86600";"0,81199";"-0,03872"
"48,87600";"0,79699";"-0,05119"
"48,88600";"0,78212";"-0,06005"
"48,89600";"0,76724";"-0,05602"
"48,90600";"0,75225";"-0,05499"
"48,91600";"0,73726";"-0,05986"
"48,92600";"0,72215";"-0,06550"
"48,93600";"0,70715";"-0,06112"
"48,94600";"0,69216";"-0,05218"
"48,95600";"0,67693";"-0,04534"
"48,96600";"0,66194";"-0,03974"
"48,97600";"0,64706";"-0,03074"
"48,98600";"0,63207";"-0,02802"
"48,99600";"0,61696";"-0,03790"
"49,00600";"0,60197";"-0,04567"
"49,01600";"0,58709";"-0,04707"
"49,02600";"0,57198";"-0,04721"
"49,03600";"0,55687";"-0,04858"
"49,04600";"0,54188";"-0,04513"
"49,05600";"0,52688";"-0,03668"
"49,06600";"0,51177";"-0,03219"
"49,07600";"0,49666";"-0,03430"
"49,08600";"0,48167";"-0,03256"
"49,09600";"0,46679";"-0,03556"
"49,10600";"0,45203";"-0,03515"
"49,11600";"0,43692";"-0,03043"
"49,12600";"0,42181";"-0,03421"
"49,13600";"0,40694";"-0,04297"
"49,14600";"0,39194";"-0,04007"
"49,15600";"0,37683";"-0,03671"
"49,16600";"0,36184";"-0,03442"
"49,17600";"0,34685";"-0,02728"
"49,18600";"0,33209";"-0,02421"
"49,19600";"0,31710";"-0,02084"
"49,20600";"0,30210";"-0,01699"
"49,21600";"0,28711";"-0,02235"
"49,22600";"0,27224";"-0,02582"
"49,23600";"0,25701";"-0,02914"
"49,24600";"0,24190";"-0,03226"
"49,25600";"0,22690";"-0,03747"
"49,26600";"0,21203";"-0,03490"
"49,27600";"0,19703";"-0,03165"
"49,28600";"0,18181";"-0,02711"
"49,29600";"0,16681";"-0,03028"
"49,30600";"0,15182";"-0,03350"
"49,31600";"0,13683";"-0,02924"
"49,32600";"0,12195";"-0,02160"
"49,33600";"0,10708";"-0,02845"
"49,34600";"0,09232";"-0,03113"
"49,35600";"0,07744";"-0,03179"
"49,36600";"0,06233";"-0,03383"
"49,37600";"0,04722";"-0,03445"
"49,38600";"0,03223";"-0,03458"
"49,39600";"0,01724";"-0,02980"
"49,40600";"0,00213";"-0,02233"
"49,40800";"-0,00083";"-0,02147"
