Hardness 1 : Kraftbei  Hardness 1;"365,64954";N
A1 : A1;"0,91415";J
A2 : A2;"0,10199";J
Springiness : Springiness;"0,00066";m
Cohesiveness : Cohesiveness;"0,11156";
Chewiness : Chewiness;"0,02674";J

Zeit;Traversenweg;Kraft
(s);(mm);(N)
"0,00000";"0,00000";"0,03414"
"0,01000";"0,00094";"0,03425"
"0,02000";"0,00578";"0,03842"
"0,03000";"0,01653";"0,04650"
"0,04000";"0,03164";"0,05455"
"0,05000";"0,04935";"0,06498"
"0,06000";"0,06824";"0,06626"
"0,07000";"0,08736";"0,05428"
"0,08000";"0,10625";"0,04474"
"0,09000";"0,12467";"0,03491"
"0,10000";"0,14249";"0,02380"
"0,11000";"0,15973";"0,02280"
"0,12000";"0,17638";"0,02864"
"0,13000";"0,19290";"0,03280"
"0,14000";"0,20896";"0,02787"
"0,15000";"0,22478";"0,02890"
"0,16000";"0,24048";"0,02591"
"0,17000";"0,25606";"0,02789"
"0,18000";"0,27141";"0,02287"
"0,19000";"0,28664";"0,01904"
"0,20000";"0,30199";"0,02141"
"0,21000";"0,31722";"0,02038"
"0,22000";"0,33244";"0,01892"
"0,23000";"0,34756";"0,01689"
"0,24000";"0,36267";"0,01406"
"0,25000";"0,37766";"0,01218"
"0,26000";"0,39265";"0,01083"
"0,27000";"0,40765";"0,01169"
"0,28000";"0,42276";"0,00752"
"0,29000";"0,43787";"0,01239"
"0,30000";"0,45298";"0,01703"
"0,31000";"0,46809";"0,02446"
"0,32000";"0,48308";"0,02811"
"0,33000";"0,49808";"0,03040"
"0,34000";"0,51295";"0,02935"
"0,35000";"0,52794";"0,02742"
"0,36000";"0,54306";"0,03001"
"0,37000";"0,55805";"0,02826"
"0,38000";"0,57304";"0,02541"
"0,39000";"0,58815";"0,02813"
"0,40000";"0,60315";"0,03210"
"0,41000";"0,61814";"0,03355"
"0,42000";"0,63313";"0,02931"
"0,43000";"0,64812";"0,02506"
"0,44000";"0,66312";"0,02424"
"0,45000";"0,67823";"0,02553"
"0,46000";"0,69310";"0,02465"
"0,47000";"0,70810";"0,02293"
"0,48000";"0,72297";"0,02616"
"0,49000";"0,73808";"0,03543"
"0,50000";"0,75308";"0,03983"
"0,51000";"0,76807";"0,03511"
"0,52000";"0,78318";"0,02422"
"0,53000";"0,79817";"0,01244"
"0,54000";"0,81328";"0,00885"
"0,55000";"0,82816";"0,01240"
"0,56000";"0,84303";"0,01737"
"0,57000";"0,85791";"0,02435"
"0,58000";"0,87290";"0,02945"
"0,59000";"0,88778";"0,02544"
"0,60000";"0,90277";"0,01988"
"0,61000";"0,91788";"0,02758"
"0,62000";"0,93299";"0,02780"
"0,63000";"0,94799";"0,02298"
"0,64000";"0,96298";"0,02311"
"0,65000";"0,97797";"0,02187"
"0,66000";"0,99297";"0,02035"
"0,67000";"1,00808";"0,01847"
"0,68000";"1,02307";"0,02542"
"0,69000";"1,03818";"0,02973"
"0,70000";"1,05317";"0,02409"
"0,71000";"1,06817";"0,02044"
"0,72000";"1,08316";"0,02025"
"0,73000";"1,09815";"0,02003"
"0,74000";"1,11303";"0,01863"
"0,75000";"1,12814";"0,02076"
"0,76000";"1,14313";"0,02335"
"0,77000";"1,15801";"0,02745"
"0,78000";"1,17300";"0,02939"
"0,79000";"1,18799";"0,01791"
"0,80000";"1,20299";"0,00816"
"0,81000";"1,21798";"0,01205"
"0,82000";"1,23285";"0,02214"
"0,83000";"1,24797";"0,02274"
"0,84000";"1,26296";"0,02017"
"0,85000";"1,27807";"0,02875"
"0,86000";"1,29306";"0,03408"
"0,87000";"1,30806";"0,03160"
"0,88000";"1,32293";"0,02115"
"0,89000";"1,33792";"0,01417"
"0,90000";"1,35280";"0,01823"
"0,91000";"1,36791";"0,02351"
"0,92000";"1,38302";"0,02577"
"0,93000";"1,39801";"0,02484"
"0,94000";"1,41313";"0,02194"
"0,95000";"1,42788";"0,01573"
"0,96000";"1,44288";"0,01727"
"0,97000";"1,45787";"0,01920"
"0,98000";"1,47286";"0,02268"
"0,99000";"1,48797";"0,02090"
"1,00000";"1,50308";"0,02610"
"1,01000";"1,51819";"0,02971"
"1,02000";"1,53307";"0,03276"
"1,03000";"1,54806";"0,02678"
"1,04000";"1,56306";"0,02299"
"1,05000";"1,57793";"0,01709"
"1,06000";"1,59292";"0,01178"
"1,07000";"1,60803";"0,01673"
"1,08000";"1,62303";"0,02917"
"1,09000";"1,63802";"0,03934"
"1,10000";"1,65301";"0,03709"
"1,11000";"1,66801";"0,03459"
"1,12000";"1,68312";"0,03055"
"1,13000";"1,69799";"0,02605"
"1,14000";"1,71299";"0,02449"
"1,15000";"1,72810";"0,02982"
"1,16000";"1,74309";"0,02523"
"1,17000";"1,75808";"0,01971"
"1,18000";"1,77308";"0,01640"
"1,19000";"1,78807";"0,02377"
"1,20000";"1,80306";"0,03015"
"1,21000";"1,81794";"0,03245"
"1,22000";"1,83293";"0,02918"
"1,23000";"1,84792";"0,02589"
"1,24000";"1,86292";"0,01893"
"1,25000";"1,87779";"0,01099"
"1,26000";"1,89278";"0,00847"
"1,27000";"1,90778";"0,01464"
"1,28000";"1,92277";"0,01873"
"1,29000";"1,93765";"0,02514"
"1,30000";"1,95264";"0,02336"
"1,31000";"1,96775";"0,01652"
"1,32000";"1,98286";"0,01047"
"1,33000";"1,99797";"0,01381"
"1,34000";"2,01297";"0,01592"
"1,35000";"2,02796";"0,01627"
"1,36000";"2,04295";"0,01839"
"1,37000";"2,05783";"0,01940"
"1,38000";"2,07294";"0,02357"
"1,39000";"2,08793";"0,02296"
"1,40000";"2,10292";"0,01660"
"1,41000";"2,11792";"0,01427"
"1,42000";"2,13303";"0,01845"
"1,43000";"2,14802";"0,01389"
"1,44000";"2,16301";"0,01246"
"1,45000";"2,17813";"0,01439"
"1,46000";"2,19312";"0,01718"
"1,47000";"2,20823";"0,01796"
"1,48000";"2,22322";"0,01947"
"1,49000";"2,23822";"0,01160"
"1,50000";"2,25309";"0,00225"
"1,51000";"2,26808";"0,00831"
"1,52000";"2,28284";"0,01614"
"1,53000";"2,29760";"0,02266"
"1,54000";"2,31259";"0,02406"
"1,55000";"2,32758";"0,02126"
"1,56000";"2,34269";"0,02274"
"1,57000";"2,35769";"0,02839"
"1,58000";"2,37280";"0,03551"
"1,59000";"2,38791";"0,04159"
"1,60000";"2,40290";"0,03836"
"1,61000";"2,41790";"0,03605"
"1,62000";"2,43301";"0,02727"
"1,63000";"2,44812";"0,02333"
"1,64000";"2,46323";"0,02592"
"1,65000";"2,47834";"0,02776"
"1,66000";"2,49345";"0,02862"
"1,67000";"2,50844";"0,03307"
"1,68000";"2,52344";"0,03744"
"1,69000";"2,53819";"0,03287"
"1,70000";"2,55319";"0,03018"
"1,71000";"2,56806";"0,02556"
"1,72000";"2,58306";"0,02864"
"1,73000";"2,59805";"0,03332"
"1,74000";"2,61304";"0,02957"
"1,75000";"2,62792";"0,01891"
"1,76000";"2,64279";"0,01502"
"1,77000";"2,65778";"0,01434"
"1,78000";"2,67278";"0,01756"
"1,79000";"2,68765";"0,01617"
"1,80000";"2,70241";"0,02222"
"1,81000";"2,71740";"0,02706"
"1,82000";"2,73228";"0,02583"
"1,83000";"2,74727";"0,01795"
"1,84000";"2,76226";"0,01525"
"1,85000";"2,77737";"0,01180"
"1,86000";"2,79249";"0,01164"
"1,87000";"2,80760";"0,01662"
"1,88000";"2,82294";"0,01619"
"1,89000";"2,83829";"0,01349"
"1,90000";"2,85352";"0,00652"
"1,91000";"2,86840";"0,00900"
"1,92000";"2,88339";"0,01473"
"1,93000";"2,89838";"0,01759"
"1,94000";"2,91338";"0,02005"
"1,95000";"2,92837";"0,02394"
"1,96000";"2,94348";"0,02120"
"1,97000";"2,95835";"0,02115"
"1,98000";"2,97335";"0,02725"
"1,99000";"2,98822";"0,03376"
"2,00000";"3,00310";"0,03876"
"2,01000";"3,01809";"0,03998"
"2,02000";"3,03308";"0,03380"
"2,03000";"3,04796";"0,02938"
"2,04000";"3,06295";"0,03146"
"2,05000";"3,07794";"0,03052"
"2,06000";"3,09306";"0,03073"
"2,07000";"3,10805";"0,02817"
"2,08000";"3,12292";"0,02568"
"2,09000";"3,13792";"0,02335"
"2,10000";"3,15279";"0,01872"
"2,11000";"3,16755";"0,00849"
"2,12000";"3,18242";"0,00065"
"2,13000";"3,19742";"0,00655"
"2,14000";"3,21241";"0,01745"
"2,15000";"3,22740";"0,02339"
"2,16000";"3,24263";"0,02074"
"2,17000";"3,25786";"0,01870"
"2,18000";"3,27309";"0,02250"
"2,19000";"3,28820";"0,03054"
"2,20000";"3,30331";"0,02506"
"2,21000";"3,31842";"0,02449"
"2,22000";"3,33342";"0,02819"
"2,23000";"3,34841";"0,03485"
"2,24000";"3,36340";"0,04012"
"2,25000";"3,37851";"0,03826"
"2,26000";"3,39363";"0,02538"
"2,27000";"3,40862";"0,01934"
"2,28000";"3,42361";"0,01265"
"2,29000";"3,43849";"0,01176"
"2,30000";"3,45336";"0,01706"
"2,31000";"3,46824";"0,01946"
"2,32000";"3,48323";"0,02171"
"2,33000";"3,49810";"0,01998"
"2,34000";"3,51298";"0,01911"
"2,35000";"3,52797";"0,02223"
"2,36000";"3,54285";"0,03038"
"2,37000";"3,55784";"0,03801"
"2,38000";"3,57272";"0,03040"
"2,39000";"3,58747";"0,02286"
"2,40000";"3,60235";"0,02085"
"2,41000";"3,61722";"0,02185"
"2,42000";"3,63222";"0,02756"
"2,43000";"3,64721";"0,03042"
"2,44000";"3,66232";"0,02935"
"2,45000";"3,67755";"0,02804"
"2,46000";"3,69266";"0,02909"
"2,47000";"3,70777";"0,02730"
"2,48000";"3,72276";"0,02619"
"2,49000";"3,73787";"0,02419"
"2,50000";"3,75310";"0,02374"
"2,51000";"3,76833";"0,01968"
"2,52000";"3,78356";"0,01839"
"2,53000";"3,79879";"0,01551"
"2,54000";"3,81378";"0,01647"
"2,55000";"3,82866";"0,01715"
"2,56000";"3,84353";"0,01438"
"2,57000";"3,85841";"0,01162"
"2,58000";"3,87340";"0,01106"
"2,59000";"3,88840";"0,00787"
"2,60000";"3,90339";"0,00454"
"2,61000";"3,91838";"0,00644"
"2,62000";"3,93338";"0,01389"
"2,63000";"3,94825";"0,02263"
"2,64000";"3,96312";"0,01903"
"2,65000";"3,97812";"0,01270"
"2,66000";"3,99311";"0,02043"
"2,67000";"4,00810";"0,02954"
"2,68000";"4,02298";"0,02920"
"2,69000";"4,03785";"0,02561"
"2,70000";"4,05261";"0,02800"
"2,71000";"4,06737";"0,03311"
"2,72000";"4,08236";"0,03618"
"2,73000";"4,09747";"0,03301"
"2,74000";"4,11258";"0,03334"
"2,75000";"4,12781";"0,02506"
"2,76000";"4,14292";"0,01561"
"2,77000";"4,15792";"0,00771"
"2,78000";"4,17303";"0,01662"
"2,79000";"4,18814";"0,02093"
"2,80000";"4,20325";"0,02602"
"2,81000";"4,21848";"0,03563"
"2,82000";"4,23359";"0,04049"
"2,83000";"4,24858";"0,04358"
"2,84000";"4,26358";"0,04368"
"2,85000";"4,27845";"0,03390"
"2,86000";"4,29333";"0,03167"
"2,87000";"4,30820";"0,03129"
"2,88000";"4,32319";"0,02509"
"2,89000";"4,33819";"0,02148"
"2,90000";"4,35330";"0,02054"
"2,91000";"4,36829";"0,01535"
"2,92000";"4,38328";"0,01097"
"2,93000";"4,39816";"0,01338"
"2,94000";"4,41303";"0,01907"
"2,95000";"4,42803";"0,03085"
"2,96000";"4,44302";"0,02929"
"2,97000";"4,45801";"0,03005"
"2,98000";"4,47289";"0,02830"
"2,99000";"4,48788";"0,02397"
"3,00000";"4,50276";"0,02327"
"3,01000";"4,51775";"0,02459"
"3,02000";"4,53263";"0,03352"
"3,03000";"4,54762";"0,04024"
"3,04000";"4,56273";"0,03863"
"3,05000";"4,57772";"0,02974"
"3,06000";"4,59283";"0,02356"
"3,07000";"4,60783";"0,02426"
"3,08000";"4,62282";"0,02609"
"3,09000";"4,63793";"0,02819"
"3,10000";"4,65292";"0,02729"
"3,11000";"4,66804";"0,02646"
"3,12000";"4,68315";"0,02713"
"3,13000";"4,69826";"0,02346"
"3,14000";"4,71325";"0,02163"
"3,15000";"4,72836";"0,02452"
"3,16000";"4,74335";"0,02040"
"3,17000";"4,75823";"0,01579"
"3,18000";"4,77310";"0,00735"
"3,19000";"4,78798";"0,00344"
"3,20000";"4,80297";"0,00783"
"3,21000";"4,81808";"0,01432"
"3,22000";"4,83319";"0,01611"
"3,23000";"4,84819";"0,01219"
"3,24000";"4,86306";"0,00867"
"3,25000";"4,87794";"0,00868"
"3,26000";"4,89281";"0,00828"
"3,27000";"4,90769";"0,01571"
"3,28000";"4,92280";"0,01580"
"3,29000";"4,93779";"0,01921"
"3,30000";"4,95278";"0,02528"
"3,31000";"4,96790";"0,02484"
"3,32000";"4,98289";"0,02301"
"3,33000";"4,99800";"0,02136"
"3,34000";"5,01299";"0,01545"
"3,35000";"5,02799";"0,01639"
"3,36000";"5,04310";"0,02315"
"3,37000";"5,05821";"0,02884"
"3,38000";"5,07320";"0,03104"
"3,39000";"5,08831";"0,02700"
"3,40000";"5,10331";"0,02130"
"3,41000";"5,11818";"0,02199"
"3,42000";"5,13317";"0,02563"
"3,43000";"5,14817";"0,03087"
"3,44000";"5,16316";"0,03282"
"3,45000";"5,17827";"0,02484"
"3,46000";"5,19326";"0,01313"
"3,47000";"5,20826";"0,01012"
"3,48000";"5,22313";"0,01138"
"3,49000";"5,23813";"0,01085"
"3,50000";"5,25300";"0,01200"
"3,51000";"5,26811";"0,01508"
"3,52000";"5,28310";"0,01722"
"3,53000";"5,29798";"0,02358"
"3,54000";"5,31297";"0,03605"
"3,55000";"5,32797";"0,05734"
"3,56000";"5,34284";"0,09118"
"3,57000";"5,35783";"0,12865"
"3,58000";"5,37271";"0,17350"
"3,59000";"5,38770";"0,22872"
"3,60000";"5,40281";"0,29208"
"3,61000";"5,41792";"0,35006"
"3,62000";"5,43303";"0,40797"
"3,63000";"5,44803";"0,46039"
"3,64000";"5,46302";"0,51683"
"3,65000";"5,47801";"0,58223"
"3,66000";"5,49301";"0,65535"
"3,67000";"5,50812";"0,72730"
"3,68000";"5,52323";"0,79875"
"3,69000";"5,53822";"0,87063"
"3,70000";"5,55322";"0,94434"
"3,71000";"5,56809";"1,01761"
"3,72000";"5,58308";"1,09605"
"3,73000";"5,59796";"1,18350"
"3,74000";"5,61295";"1,27428"
"3,75000";"5,62794";"1,36009"
"3,76000";"5,64294";"1,44866"
"3,77000";"5,65793";"1,54454"
"3,78000";"5,67304";"1,64672"
"3,79000";"5,68815";"1,73754"
"3,80000";"5,70315";"1,82526"
"3,81000";"5,71802";"1,91642"
"3,82000";"5,73301";"2,01739"
"3,83000";"5,74813";"2,11845"
"3,84000";"5,76312";"2,21724"
"3,85000";"5,77811";"2,32159"
"3,86000";"5,79310";"2,43098"
"3,87000";"5,80810";"2,54050"
"3,88000";"5,82297";"2,64297"
"3,89000";"5,83797";"2,74084"
"3,90000";"5,85308";"2,83923"
"3,91000";"5,86807";"2,94016"
"3,92000";"5,88318";"3,03954"
"3,93000";"5,89806";"3,14201"
"3,94000";"5,91305";"3,24465"
"3,95000";"5,92804";"3,33559"
"3,96000";"5,94303";"3,43083"
"3,97000";"5,95803";"3,52801"
"3,98000";"5,97302";"3,63142"
"3,99000";"5,98801";"3,72695"
"4,00000";"6,00312";"3,81391"
"4,01000";"6,01824";"3,90589"
"4,02000";"6,03323";"4,00585"
"4,03000";"6,04822";"4,09999"
"4,04000";"6,06310";"4,19804"
"4,05000";"6,07809";"4,29635"
"4,06000";"6,09308";"4,39404"
"4,07000";"6,10808";"4,48609"
"4,08000";"6,12307";"4,58128"
"4,09000";"6,13806";"4,67311"
"4,10000";"6,15306";"4,75837"
"4,11000";"6,16793";"4,84244"
"4,12000";"6,18281";"4,93086"
"4,13000";"6,19780";"5,02610"
"4,14000";"6,21267";"5,12286"
"4,15000";"6,22778";"5,21252"
"4,16000";"6,24290";"5,29836"
"4,17000";"6,25789";"5,39562"
"4,18000";"6,27300";"5,49191"
"4,19000";"6,28788";"5,57906"
"4,20000";"6,30299";"5,66187"
"4,21000";"6,31798";"5,75108"
"4,22000";"6,33297";"5,83620"
"4,23000";"6,34808";"5,92355"
"4,24000";"6,36308";"6,01295"
"4,25000";"6,37807";"6,09803"
"4,26000";"6,39318";"6,19310"
"4,27000";"6,40817";"6,28691"
"4,28000";"6,42305";"6,37535"
"4,29000";"6,43804";"6,46525"
"4,30000";"6,45303";"6,56232"
"4,31000";"6,46803";"6,66290"
"4,32000";"6,48302";"6,75756"
"4,33000";"6,49801";"6,84305"
"4,34000";"6,51289";"6,93116"
"4,35000";"6,52788";"7,02309"
"4,36000";"6,54276";"7,11636"
"4,37000";"6,55787";"7,20192"
"4,38000";"6,57286";"7,28761"
"4,39000";"6,58785";"7,37574"
"4,40000";"6,60285";"7,47450"
"4,41000";"6,61796";"7,56591"
"4,42000";"6,63283";"7,65658"
"4,43000";"6,64771";"7,75107"
"4,44000";"6,66258";"7,84195"
"4,45000";"6,67758";"7,94522"
"4,46000";"6,69269";"8,04319"
"4,47000";"6,70780";"8,13686"
"4,48000";"6,72291";"8,23179"
"4,49000";"6,73802";"8,32352"
"4,50000";"6,75301";"8,41249"
"4,51000";"6,76813";"8,50494"
"4,52000";"6,78300";"8,59451"
"4,53000";"6,79811";"8,68312"
"4,54000";"6,81310";"8,77530"
"4,55000";"6,82822";"8,87343"
"4,56000";"6,84309";"8,96861"
"4,57000";"6,85808";"9,06134"
"4,58000";"6,87308";"9,15777"
"4,59000";"6,88807";"9,25042"
"4,60000";"6,90306";"9,34773"
"4,61000";"6,91806";"9,44786"
"4,62000";"6,93305";"9,55166"
"4,63000";"6,94816";"9,64789"
"4,64000";"6,96315";"9,74373"
"4,65000";"6,97815";"9,84004"
"4,66000";"6,99314";"9,93853"
"4,67000";"7,00801";"10,04477"
"4,68000";"7,02289";"10,15824"
"4,69000";"7,03788";"10,26357"
"4,70000";"7,05288";"10,35484"
"4,71000";"7,06787";"10,45024"
"4,72000";"7,08298";"10,55406"
"4,73000";"7,09797";"10,65641"
"4,74000";"7,11297";"10,75673"
"4,75000";"7,12784";"10,85899"
"4,76000";"7,14283";"10,97259"
"4,77000";"7,15794";"11,08383"
"4,78000";"7,17294";"11,19820"
"4,79000";"7,18805";"11,29639"
"4,80000";"7,20304";"11,39948"
"4,81000";"7,21815";"11,49996"
"4,82000";"7,23303";"11,60221"
"4,83000";"7,24802";"11,70273"
"4,84000";"7,26313";"11,80576"
"4,85000";"7,27813";"11,91076"
"4,86000";"7,29324";"12,00767"
"4,87000";"7,30823";"12,11005"
"4,88000";"7,32322";"12,21667"
"4,89000";"7,33810";"12,32835"
"4,90000";"7,35309";"12,43657"
"4,91000";"7,36797";"12,55154"
"4,92000";"7,38296";"12,65779"
"4,93000";"7,39807";"12,77073"
"4,94000";"7,41306";"12,88319"
"4,95000";"7,42806";"13,00087"
"4,96000";"7,44305";"13,11673"
"4,97000";"7,45792";"13,22791"
"4,98000";"7,47292";"13,34077"
"4,99000";"7,48779";"13,44839"
"5,00000";"7,50278";"13,55739"
"5,01000";"7,51778";"13,66685"
"5,02000";"7,53289";"13,77907"
"5,03000";"7,54788";"13,88998"
"5,04000";"7,56288";"14,00658"
"5,05000";"7,57799";"14,12476"
"5,06000";"7,59286";"14,23783"
"5,07000";"7,60774";"14,35013"
"5,08000";"7,62285";"14,46640"
"5,09000";"7,63796";"14,57642"
"5,10000";"7,65307";"14,69184"
"5,11000";"7,66818";"14,80917"
"5,12000";"7,68306";"14,93241"
"5,13000";"7,69793";"15,05379"
"5,14000";"7,71292";"15,17076"
"5,15000";"7,72792";"15,29047"
"5,16000";"7,74291";"15,39808"
"5,17000";"7,75790";"15,51004"
"5,18000";"7,77290";"15,62294"
"5,19000";"7,78789";"15,73100"
"5,20000";"7,80276";"15,84791"
"5,21000";"7,81776";"15,96236"
"5,22000";"7,83263";"16,07682"
"5,23000";"7,84774";"16,19637"
"5,24000";"7,86285";"16,31594"
"5,25000";"7,87785";"16,42798"
"5,26000";"7,89296";"16,53620"
"5,27000";"7,90795";"16,64645"
"5,28000";"7,92294";"16,76450"
"5,29000";"7,93794";"16,87980"
"5,30000";"7,95269";"17,00425"
"5,31000";"7,96769";"17,12659"
"5,32000";"7,98268";"17,24283"
"5,33000";"7,99779";"17,36260"
"5,34000";"8,01278";"17,48623"
"5,35000";"8,02801";"17,60414"
"5,36000";"8,04301";"17,72752"
"5,37000";"8,05812";"17,85172"
"5,38000";"8,07311";"17,97892"
"5,39000";"8,08810";"18,10755"
"5,40000";"8,10310";"18,23343"
"5,41000";"8,11821";"18,35530"
"5,42000";"8,13320";"18,47966"
"5,43000";"8,14819";"18,60662"
"5,44000";"8,16319";"18,72686"
"5,45000";"8,17818";"18,84258"
"5,46000";"8,19317";"18,96538"
"5,47000";"8,20817";"19,09168"
"5,48000";"8,22304";"19,21990"
"5,49000";"8,23803";"19,33380"
"5,50000";"8,25315";"19,45152"
"5,51000";"8,26814";"19,57593"
"5,52000";"8,28313";"19,70405"
"5,53000";"8,29813";"19,83221"
"5,54000";"8,31312";"19,95763"
"5,55000";"8,32811";"20,07491"
"5,56000";"8,34322";"20,19736"
"5,57000";"8,35822";"20,31754"
"5,58000";"8,37321";"20,44472"
"5,59000";"8,38808";"20,57426"
"5,60000";"8,40284";"20,69973"
"5,61000";"8,41771";"20,82642"
"5,62000";"8,43271";"20,95527"
"5,63000";"8,44782";"21,08168"
"5,64000";"8,46293";"21,21244"
"5,65000";"8,47804";"21,34596"
"5,66000";"8,49315";"21,47858"
"5,67000";"8,50826";"21,60482"
"5,68000";"8,52338";"21,73823"
"5,69000";"8,53813";"21,87682"
"5,70000";"8,55313";"22,01385"
"5,71000";"8,56812";"22,15468"
"5,72000";"8,58311";"22,28615"
"5,73000";"8,59810";"22,41072"
"5,74000";"8,61322";"22,53043"
"5,75000";"8,62821";"22,65966"
"5,76000";"8,64308";"22,80098"
"5,77000";"8,65796";"22,94513"
"5,78000";"8,67283";"23,08349"
"5,79000";"8,68795";"23,21879"
"5,80000";"8,70306";"23,35364"
"5,81000";"8,71793";"23,48366"
"5,82000";"8,73292";"23,61727"
"5,83000";"8,74803";"23,75775"
"5,84000";"8,76303";"23,89981"
"5,85000";"8,77790";"24,03482"
"5,86000";"8,79278";"24,17754"
"5,87000";"8,80789";"24,31902"
"5,88000";"8,82288";"24,45923"
"5,89000";"8,83788";"24,60770"
"5,90000";"8,85275";"24,74175"
"5,91000";"8,86786";"24,87712"
"5,92000";"8,88297";"25,02516"
"5,93000";"8,89785";"25,17350"
"5,94000";"8,91284";"25,30970"
"5,95000";"8,92795";"25,44742"
"5,96000";"8,94294";"25,59896"
"5,97000";"8,95794";"25,75650"
"5,98000";"8,97293";"25,91350"
"5,99000";"8,98792";"26,06579"
"6,00000";"9,00292";"26,20798"
"6,01000";"9,01779";"26,34956"
"6,02000";"9,03279";"26,49745"
"6,03000";"9,04790";"26,64391"
"6,04000";"9,06301";"26,79508"
"6,05000";"9,07800";"26,94326"
"6,06000";"9,09299";"27,09727"
"6,07000";"9,10810";"27,25418"
"6,08000";"9,12310";"27,41268"
"6,09000";"9,13797";"27,56160"
"6,10000";"9,15297";"27,71115"
"6,11000";"9,16796";"27,87204"
"6,12000";"9,18295";"28,03221"
"6,13000";"9,19806";"28,19414"
"6,14000";"9,21317";"28,36168"
"6,15000";"9,22817";"28,52534"
"6,16000";"9,24316";"28,68759"
"6,17000";"9,25815";"28,84381"
"6,18000";"9,27315";"29,00253"
"6,19000";"9,28814";"29,16044"
"6,20000";"9,30313";"29,32644"
"6,21000";"9,31824";"29,49606"
"6,22000";"9,33324";"29,66814"
"6,23000";"9,34823";"29,83518"
"6,24000";"9,36322";"29,99630"
"6,25000";"9,37821";"30,16056"
"6,26000";"9,39321";"30,32440"
"6,27000";"9,40808";"30,49149"
"6,28000";"9,42308";"30,66327"
"6,29000";"9,43807";"30,82868"
"6,30000";"9,45318";"30,99514"
"6,31000";"9,46817";"31,17176"
"6,32000";"9,48305";"31,35377"
"6,33000";"9,49792";"31,53621"
"6,34000";"9,51292";"31,70798"
"6,35000";"9,52791";"31,88235"
"6,36000";"9,54290";"32,06016"
"6,37000";"9,55801";"32,23225"
"6,38000";"9,57312";"32,40724"
"6,39000";"9,58812";"32,59542"
"6,40000";"9,60299";"32,78386"
"6,41000";"9,61799";"32,97541"
"6,42000";"9,63298";"33,15545"
"6,43000";"9,64797";"33,33504"
"6,44000";"9,66297";"33,51602"
"6,45000";"9,67796";"33,70440"
"6,46000";"9,69295";"33,88802"
"6,47000";"9,70783";"34,06575"
"6,48000";"9,72270";"34,25100"
"6,49000";"9,73781";"34,43296"
"6,50000";"9,75304";"34,61669"
"6,51000";"9,76803";"34,81641"
"6,52000";"9,78303";"35,02110"
"6,53000";"9,79802";"35,22747"
"6,54000";"9,81301";"35,42891"
"6,55000";"9,82789";"35,62891"
"6,56000";"9,84276";"35,82703"
"6,57000";"9,85776";"36,02357"
"6,58000";"9,87287";"36,21389"
"6,59000";"9,88798";"36,41093"
"6,60000";"9,90309";"36,61383"
"6,61000";"9,91808";"36,82916"
"6,62000";"9,93320";"37,04131"
"6,63000";"9,94819";"37,24920"
"6,64000";"9,96306";"37,46432"
"6,65000";"9,97794";"37,67408"
"6,66000";"9,99293";"37,86914"
"6,67000";"10,00804";"38,06115"
"6,68000";"10,02304";"38,26602"
"6,69000";"10,03803";"38,47929"
"6,70000";"10,05302";"38,70281"
"6,71000";"10,06801";"38,92516"
"6,72000";"10,08301";"39,13647"
"6,73000";"10,09788";"39,34855"
"6,74000";"10,11299";"39,56519"
"6,75000";"10,12787";"39,78783"
"6,76000";"10,14298";"40,01926"
"6,77000";"10,15797";"40,24683"
"6,78000";"10,17308";"40,47618"
"6,79000";"10,18820";"40,70329"
"6,80000";"10,20319";"40,92494"
"6,81000";"10,21818";"41,14963"
"6,82000";"10,23329";"41,38361"
"6,83000";"10,24840";"41,62635"
"6,84000";"10,26340";"41,87369"
"6,85000";"10,27827";"42,10960"
"6,86000";"10,29326";"42,34452"
"6,87000";"10,30814";"42,57082"
"6,88000";"10,32313";"42,79763"
"6,89000";"10,33813";"43,02542"
"6,90000";"10,35312";"43,26447"
"6,91000";"10,36823";"43,50283"
"6,92000";"10,38322";"43,74199"
"6,93000";"10,39822";"43,99339"
"6,94000";"10,41321";"44,24383"
"6,95000";"10,42808";"44,48843"
"6,96000";"10,44308";"44,73795"
"6,97000";"10,45807";"44,99517"
"6,98000";"10,47318";"45,25975"
"6,99000";"10,48817";"45,52149"
"7,00000";"10,50317";"45,78660"
"7,01000";"10,51828";"46,04896"
"7,02000";"10,53315";"46,30630"
"7,03000";"10,54803";"46,57076"
"7,04000";"10,56302";"46,83484"
"7,05000";"10,57790";"47,09256"
"7,06000";"10,59289";"47,34498"
"7,07000";"10,60788";"47,59522"
"7,08000";"10,62288";"47,84618"
"7,09000";"10,63787";"48,10972"
"7,10000";"10,65286";"48,38477"
"7,11000";"10,66785";"48,65812"
"7,12000";"10,68285";"48,92216"
"7,13000";"10,69784";"49,18940"
"7,14000";"10,71283";"49,46822"
"7,15000";"10,72783";"49,75289"
"7,16000";"10,74282";"50,04098"
"7,17000";"10,75781";"50,32634"
"7,18000";"10,77292";"50,60879"
"7,19000";"10,78780";"50,89625"
"7,20000";"10,80267";"51,18309"
"7,21000";"10,81779";"51,47086"
"7,22000";"10,83290";"51,76366"
"7,23000";"10,84789";"52,05862"
"7,24000";"10,86300";"52,35596"
"7,25000";"10,87799";"52,65420"
"7,26000";"10,89299";"52,94749"
"7,27000";"10,90786";"53,24438"
"7,28000";"10,92285";"53,54455"
"7,29000";"10,93797";"53,85036"
"7,30000";"10,95296";"54,16199"
"7,31000";"10,96807";"54,47047"
"7,32000";"10,98306";"54,77739"
"7,33000";"10,99806";"55,08309"
"7,34000";"11,01305";"55,39239"
"7,35000";"11,02792";"55,69849"
"7,36000";"11,04292";"55,99895"
"7,37000";"11,05803";"56,30579"
"7,38000";"11,07302";"56,61402"
"7,39000";"11,08801";"56,92751"
"7,40000";"11,10301";"57,25343"
"7,41000";"11,11800";"57,58085"
"7,42000";"11,13299";"57,90271"
"7,43000";"11,14799";"58,22099"
"7,44000";"11,16310";"58,54403"
"7,45000";"11,17809";"58,87834"
"7,46000";"11,19320";"59,21014"
"7,47000";"11,20820";"59,54029"
"7,48000";"11,22307";"59,86672"
"7,49000";"11,23806";"60,19336"
"7,50000";"11,25306";"60,51992"
"7,51000";"11,26793";"60,84884"
"7,52000";"11,28304";"61,17863"
"7,53000";"11,29803";"61,51890"
"7,54000";"11,31303";"61,86364"
"7,55000";"11,32802";"62,21880"
"7,56000";"11,34301";"62,56954"
"7,57000";"11,35801";"62,91845"
"7,58000";"11,37288";"63,26625"
"7,59000";"11,38788";"63,61117"
"7,60000";"11,40298";"63,95742"
"7,61000";"11,41810";"64,31625"
"7,62000";"11,43309";"64,68520"
"7,63000";"11,44820";"65,05614"
"7,64000";"11,46319";"65,42587"
"7,65000";"11,47807";"65,78419"
"7,66000";"11,49294";"66,14034"
"7,67000";"11,50782";"66,48250"
"7,68000";"11,52293";"66,82337"
"7,69000";"11,53804";"67,18373"
"7,70000";"11,55304";"67,55672"
"7,71000";"11,56815";"67,93510"
"7,72000";"11,58314";"68,31181"
"7,73000";"11,59825";"68,69861"
"7,74000";"11,61312";"69,08128"
"7,75000";"11,62812";"69,44786"
"7,76000";"11,64311";"69,80357"
"7,77000";"11,65810";"70,15790"
"7,78000";"11,67310";"70,52944"
"7,79000";"11,68809";"70,91141"
"7,80000";"11,70296";"71,28591"
"7,81000";"11,71808";"71,65317"
"7,82000";"11,73307";"72,02116"
"7,83000";"11,74806";"72,39697"
"7,84000";"11,76317";"72,77622"
"7,85000";"11,77805";"73,16008"
"7,86000";"11,79304";"73,54406"
"7,87000";"11,80803";"73,92742"
"7,88000";"11,82291";"74,30345"
"7,89000";"11,83790";"74,68440"
"7,90000";"11,85290";"75,06490"
"7,91000";"11,86777";"75,44430"
"7,92000";"11,88288";"75,82582"
"7,93000";"11,89787";"76,21270"
"7,94000";"11,91299";"76,60764"
"7,95000";"11,92798";"77,00828"
"7,96000";"11,94297";"77,40456"
"7,97000";"11,95797";"77,79524"
"7,98000";"11,97284";"78,17978"
"7,99000";"11,98783";"78,55899"
"8,00000";"12,00294";"78,94112"
"8,01000";"12,01794";"79,32504"
"8,02000";"12,03305";"79,71211"
"8,03000";"12,04792";"80,10497"
"8,04000";"12,06304";"80,50220"
"8,05000";"12,07803";"80,89364"
"8,06000";"12,09290";"81,27524"
"8,07000";"12,10790";"81,64748"
"8,08000";"12,12301";"82,01469"
"8,09000";"12,13800";"82,39500"
"8,10000";"12,15287";"82,77826"
"8,11000";"12,16787";"83,15792"
"8,12000";"12,18274";"83,53654"
"8,13000";"12,19774";"83,91958"
"8,14000";"12,21273";"84,29142"
"8,15000";"12,22772";"84,67071"
"8,16000";"12,24283";"85,05706"
"8,17000";"12,25783";"85,43904"
"8,18000";"12,27294";"85,81322"
"8,19000";"12,28793";"86,18776"
"8,20000";"12,30292";"86,56201"
"8,21000";"12,31780";"86,93179"
"8,22000";"12,33279";"87,28640"
"8,23000";"12,34778";"87,63207"
"8,24000";"12,36290";"87,98425"
"8,25000";"12,37801";"88,34625"
"8,26000";"12,39300";"88,71770"
"8,27000";"12,40799";"89,09186"
"8,28000";"12,42299";"89,46621"
"8,29000";"12,43786";"89,81530"
"8,30000";"12,45286";"90,14690"
"8,31000";"12,46785";"90,47281"
"8,32000";"12,48284";"90,80379"
"8,33000";"12,49795";"91,13432"
"8,34000";"12,51294";"91,46538"
"8,35000";"12,52805";"91,79699"
"8,36000";"12,54305";"92,12627"
"8,37000";"12,55804";"92,44836"
"8,38000";"12,57292";"92,75356"
"8,39000";"12,58791";"93,04767"
"8,40000";"12,60290";"93,34285"
"8,41000";"12,61790";"93,63251"
"8,42000";"12,63289";"93,92353"
"8,43000";"12,64788";"94,20506"
"8,44000";"12,66288";"94,47755"
"8,45000";"12,67787";"94,74716"
"8,46000";"12,69286";"95,01432"
"8,47000";"12,70797";"95,27779"
"8,48000";"12,72308";"95,53052"
"8,49000";"12,73808";"95,76746"
"8,50000";"12,75319";"95,99886"
"8,51000";"12,76818";"96,22147"
"8,52000";"12,78317";"96,42812"
"8,53000";"12,79805";"96,61234"
"8,54000";"12,81316";"96,78371"
"8,55000";"12,82815";"96,95074"
"8,56000";"12,84315";"97,11436"
"8,57000";"12,85814";"97,26550"
"8,58000";"12,87313";"97,41002"
"8,59000";"12,88813";"97,54082"
"8,60000";"12,90300";"97,65321"
"8,61000";"12,91776";"97,74892"
"8,62000";"12,93275";"97,82468"
"8,63000";"12,94786";"97,89489"
"8,64000";"12,96285";"97,97742"
"8,65000";"12,97785";"98,06080"
"8,66000";"12,99284";"98,13480"
"8,67000";"13,00807";"98,19703"
"8,68000";"13,02306";"98,25195"
"8,69000";"13,03794";"98,29169"
"8,70000";"13,05305";"98,30269"
"8,71000";"13,06816";"98,28494"
"8,72000";"13,08315";"98,24204"
"8,73000";"13,09814";"98,18685"
"8,74000";"13,11314";"98,12175"
"8,75000";"13,12813";"98,03250"
"8,76000";"13,14301";"97,91476"
"8,77000";"13,15776";"97,76699"
"8,78000";"13,17276";"97,59295"
"8,79000";"13,18775";"97,41075"
"8,80000";"13,20286";"97,22201"
"8,81000";"13,21797";"97,02632"
"8,82000";"13,23297";"96,82764"
"8,83000";"13,24796";"96,62127"
"8,84000";"13,26283";"96,39111"
"8,85000";"13,27783";"96,11936"
"8,86000";"13,29270";"95,80170"
"8,87000";"13,30781";"95,44854"
"8,88000";"13,32281";"95,05967"
"8,89000";"13,33792";"94,63117"
"8,90000";"13,35291";"94,14120"
"8,91000";"13,36790";"93,57270"
"8,92000";"13,38290";"92,94410"
"8,93000";"13,39789";"92,28291"
"8,94000";"13,41300";"91,62055"
"8,95000";"13,42799";"90,97995"
"8,96000";"13,44310";"90,37511"
"8,97000";"13,45810";"89,80545"
"8,98000";"13,47309";"89,25806"
"8,99000";"13,48820";"88,73602"
"9,00000";"13,50319";"88,23147"
"9,01000";"13,51819";"87,74825"
"9,02000";"13,53306";"87,27307"
"9,03000";"13,54806";"86,78812"
"9,04000";"13,56305";"86,31306"
"9,05000";"13,57804";"85,87243"
"9,06000";"13,59303";"85,46519"
"9,07000";"13,60803";"85,07814"
"9,08000";"13,62290";"84,69587"
"9,09000";"13,63790";"84,29681"
"9,10000";"13,65289";"83,86993"
"9,11000";"13,66800";"83,42911"
"9,12000";"13,68311";"82,98253"
"9,13000";"13,69810";"82,54427"
"9,14000";"13,71310";"82,10894"
"9,15000";"13,72809";"81,65613"
"9,16000";"13,74296";"81,16332"
"9,17000";"13,75808";"80,63203"
"9,18000";"13,77307";"80,08243"
"9,19000";"13,78806";"79,53249"
"9,20000";"13,80306";"78,97525"
"9,21000";"13,81817";"78,43628"
"9,22000";"13,83340";"77,93014"
"9,23000";"13,84827";"77,45922"
"9,24000";"13,86326";"77,00778"
"9,25000";"13,87826";"76,57428"
"9,26000";"13,89313";"76,15848"
"9,27000";"13,90801";"75,74371"
"9,28000";"13,92300";"75,31577"
"9,29000";"13,93799";"74,87781"
"9,30000";"13,95310";"74,46046"
"9,31000";"13,96810";"74,07027"
"9,32000";"13,98297";"73,69602"
"9,33000";"13,99808";"73,33362"
"9,34000";"14,01319";"72,99139"
"9,35000";"14,02819";"72,64872"
"9,36000";"14,04306";"72,28791"
"9,37000";"14,05817";"71,91386"
"9,38000";"14,07305";"71,52703"
"9,39000";"14,08804";"71,13040"
"9,40000";"14,10280";"70,72832"
"9,41000";"14,11791";"70,31028"
"9,42000";"14,13290";"69,87240"
"9,43000";"14,14790";"69,41740"
"9,44000";"14,16301";"68,94936"
"9,45000";"14,17800";"68,45644"
"9,46000";"14,19299";"67,92605"
"9,47000";"14,20799";"67,37744"
"9,48000";"14,22286";"66,83992"
"9,49000";"14,23797";"66,32391"
"9,50000";"14,25296";"65,84782"
"9,51000";"14,26808";"65,42029"
"9,52000";"14,28319";"65,01393"
"9,53000";"14,29818";"64,65344"
"9,54000";"14,31329";"64,35292"
"9,55000";"14,32817";"64,11610"
"9,56000";"14,34316";"63,92696"
"9,57000";"14,35815";"63,78406"
"9,58000";"14,37303";"63,69378"
"9,59000";"14,38802";"63,65044"
"9,60000";"14,40301";"63,62629"
"9,61000";"14,41813";"63,62152"
"9,62000";"14,43324";"63,63281"
"9,63000";"14,44811";"63,64703"
"9,64000";"14,46310";"63,65879"
"9,65000";"14,47810";"63,66772"
"9,66000";"14,49309";"63,68333"
"9,67000";"14,50808";"63,71479"
"9,68000";"14,52319";"63,75419"
"9,69000";"14,53819";"63,78979"
"9,70000";"14,55306";"63,81340"
"9,71000";"14,56806";"63,84790"
"9,72000";"14,58305";"63,89419"
"9,73000";"14,59804";"63,95184"
"9,74000";"14,61315";"64,03351"
"9,75000";"14,62815";"64,11712"
"9,76000";"14,64326";"64,18042"
"9,77000";"14,65825";"64,21970"
"9,78000";"14,67324";"64,24580"
"9,79000";"14,68812";"64,26096"
"9,80000";"14,70299";"64,25994"
"9,81000";"14,71799";"64,24105"
"9,82000";"14,73310";"64,22434"
"9,83000";"14,74821";"64,19513"
"9,84000";"14,76320";"64,15057"
"9,85000";"14,77820";"64,08025"
"9,86000";"14,79319";"64,01797"
"9,87000";"14,80806";"63,97608"
"9,88000";"14,82317";"63,96411"
"9,89000";"14,83805";"63,98560"
"9,90000";"14,85292";"64,03384"
"9,91000";"14,86792";"64,10589"
"9,92000";"14,88291";"64,19400"
"9,93000";"14,89790";"64,26978"
"9,94000";"14,91301";"64,33797"
"9,95000";"14,92801";"64,40021"
"9,96000";"14,94312";"64,44957"
"9,97000";"14,95811";"64,51454"
"9,98000";"14,97322";"64,60017"
"9,99000";"14,98822";"64,71112"
"10,00000";"15,00309";"64,82294"
"10,01000";"15,01820";"64,92834"
"10,02000";"15,03308";"65,02134"
"10,03000";"15,04807";"65,09159"
"10,04000";"15,06306";"65,16178"
"10,05000";"15,07806";"65,24216"
"10,06000";"15,09317";"65,31516"
"10,07000";"15,10828";"65,39479"
"10,08000";"15,12315";"65,49727"
"10,09000";"15,13815";"65,60441"
"10,10000";"15,15290";"65,70403"
"10,11000";"15,16778";"65,79224"
"10,12000";"15,18277";"65,89716"
"10,13000";"15,19776";"66,03071"
"10,14000";"15,21276";"66,17471"
"10,15000";"15,22775";"66,32020"
"10,16000";"15,24274";"66,47137"
"10,17000";"15,25774";"66,60910"
"10,18000";"15,27273";"66,72124"
"10,19000";"15,28772";"66,81388"
"10,20000";"15,30283";"66,90608"
"10,21000";"15,31783";"67,03144"
"10,22000";"15,33294";"67,19395"
"10,23000";"15,34805";"67,39024"
"10,24000";"15,36304";"67,62337"
"10,25000";"15,37815";"67,87344"
"10,26000";"15,39315";"68,14242"
"10,27000";"15,40814";"68,40698"
"10,28000";"15,42313";"68,66093"
"10,29000";"15,43813";"68,91844"
"10,30000";"15,45324";"69,19717"
"10,31000";"15,46823";"69,48331"
"10,32000";"15,48310";"69,77224"
"10,33000";"15,49810";"70,05315"
"10,34000";"15,51297";"70,33968"
"10,35000";"15,52797";"70,62470"
"10,36000";"15,54296";"70,92561"
"10,37000";"15,55807";"71,25889"
"10,38000";"15,57306";"71,62614"
"10,39000";"15,58805";"72,01403"
"10,40000";"15,60305";"72,40805"
"10,41000";"15,61804";"72,80614"
"10,42000";"15,63292";"73,20049"
"10,43000";"15,64779";"73,58078"
"10,44000";"15,66279";"73,97808"
"10,45000";"15,67778";"74,40027"
"10,46000";"15,69289";"74,82722"
"10,47000";"15,70788";"75,26200"
"10,48000";"15,72288";"75,70890"
"10,49000";"15,73787";"76,16937"
"10,50000";"15,75286";"76,63246"
"10,51000";"15,76797";"77,10538"
"10,52000";"15,78308";"77,57595"
"10,53000";"15,79808";"78,03626"
"10,54000";"15,81319";"78,48415"
"10,55000";"15,82818";"78,92984"
"10,56000";"15,84317";"79,37237"
"10,57000";"15,85817";"79,82081"
"10,58000";"15,87316";"80,26148"
"10,59000";"15,88803";"80,68823"
"10,60000";"15,90315";"81,10828"
"10,61000";"15,91814";"81,53243"
"10,62000";"15,93325";"81,95543"
"10,63000";"15,94813";"82,37411"
"10,64000";"15,96312";"82,76244"
"10,65000";"15,97799";"83,12397"
"10,66000";"15,99287";"83,47161"
"10,67000";"16,00786";"83,82487"
"10,68000";"16,02274";"84,19539"
"10,69000";"16,03785";"84,58514"
"10,70000";"16,05272";"84,99130"
"10,71000";"16,06771";"85,39047"
"10,72000";"16,08271";"85,78477"
"10,73000";"16,09770";"86,15969"
"10,74000";"16,11269";"86,53578"
"10,75000";"16,12781";"86,92215"
"10,76000";"16,14292";"87,33669"
"10,77000";"16,15791";"87,75217"
"10,78000";"16,17302";"88,14892"
"10,79000";"16,18825";"88,52303"
"10,80000";"16,20324";"88,86835"
"10,81000";"16,21824";"89,18158"
"10,82000";"16,23323";"89,49770"
"10,83000";"16,24822";"89,84225"
"10,84000";"16,26310";"90,22313"
"10,85000";"16,27809";"90,62080"
"10,86000";"16,29296";"91,04139"
"10,87000";"16,30808";"91,47502"
"10,88000";"16,32307";"91,91799"
"10,89000";"16,33806";"92,36340"
"10,90000";"16,35317";"92,78318"
"10,91000";"16,36828";"93,21545"
"10,92000";"16,38328";"93,65179"
"10,93000";"16,39827";"94,09158"
"10,94000";"16,41315";"94,53964"
"10,95000";"16,42814";"95,00578"
"10,96000";"16,44301";"95,49108"
"10,97000";"16,45789";"95,99284"
"10,98000";"16,47288";"96,50844"
"10,99000";"16,48788";"97,07825"
"11,00000";"16,50287";"97,68114"
"11,01000";"16,51798";"98,29368"
"11,02000";"16,53286";"98,89748"
"11,03000";"16,54785";"99,50533"
"11,04000";"16,56272";"100,11271"
"11,05000";"16,57771";"100,72610"
"11,06000";"16,59271";"101,36111"
"11,07000";"16,60770";"102,03609"
"11,08000";"16,62281";"102,74955"
"11,09000";"16,63804";"103,50834"
"11,10000";"16,65315";"104,28185"
"11,11000";"16,66826";"105,06420"
"11,12000";"16,68326";"105,83693"
"11,13000";"16,69813";"106,57128"
"11,14000";"16,71313";"107,25845"
"11,15000";"16,72812";"107,94213"
"11,16000";"16,74311";"108,65749"
"11,17000";"16,75799";"109,36873"
"11,18000";"16,77298";"110,09528"
"11,19000";"16,78797";"110,85043"
"11,20000";"16,80297";"111,64923"
"11,21000";"16,81796";"112,47289"
"11,22000";"16,83295";"113,30813"
"11,23000";"16,84806";"114,16587"
"11,24000";"16,86306";"115,07391"
"11,25000";"16,87805";"116,01248"
"11,26000";"16,89304";"116,95668"
"11,27000";"16,90804";"117,89700"
"11,28000";"16,92291";"118,84187"
"11,29000";"16,93790";"119,77757"
"11,30000";"16,95301";"120,72300"
"11,31000";"16,96801";"121,69880"
"11,32000";"16,98288";"122,70823"
"11,33000";"16,99788";"123,71899"
"11,34000";"17,01287";"124,72666"
"11,35000";"17,02786";"125,75032"
"11,36000";"17,04285";"126,81824"
"11,37000";"17,05773";"127,89845"
"11,38000";"17,07284";"128,97983"
"11,39000";"17,08795";"130,07486"
"11,40000";"17,10295";"131,16325"
"11,41000";"17,11782";"132,21608"
"11,42000";"17,13293";"133,23593"
"11,43000";"17,14781";"134,26700"
"11,44000";"17,16280";"135,32365"
"11,45000";"17,17768";"136,41692"
"11,46000";"17,19279";"137,52545"
"11,47000";"17,20790";"138,68076"
"11,48000";"17,22301";"139,84198"
"11,49000";"17,23788";"141,02844"
"11,50000";"17,25299";"142,21191"
"11,51000";"17,26799";"143,40550"
"11,52000";"17,28286";"144,61279"
"11,53000";"17,29786";"145,80518"
"11,54000";"17,31285";"146,98819"
"11,55000";"17,32784";"148,14679"
"11,56000";"17,34283";"149,27481"
"11,57000";"17,35759";"150,37944"
"11,58000";"17,37247";"151,46056"
"11,59000";"17,38746";"152,59418"
"11,60000";"17,40245";"153,80899"
"11,61000";"17,41745";"155,11029"
"11,62000";"17,43256";"156,50415"
"11,63000";"17,44767";"157,95996"
"11,64000";"17,46290";"159,41115"
"11,65000";"17,47801";"160,84302"
"11,66000";"17,49312";"162,24677"
"11,67000";"17,50823";"163,61269"
"11,68000";"17,52322";"164,97131"
"11,69000";"17,53810";"166,33644"
"11,70000";"17,55309";"167,76285"
"11,71000";"17,56808";"169,24141"
"11,72000";"17,58308";"170,76584"
"11,73000";"17,59807";"172,31866"
"11,74000";"17,61295";"173,88257"
"11,75000";"17,62794";"175,41922"
"11,76000";"17,64293";"176,96274"
"11,77000";"17,65792";"178,55157"
"11,78000";"17,67280";"180,23122"
"11,79000";"17,68779";"181,97070"
"11,80000";"17,70290";"183,78099"
"11,81000";"17,71789";"185,68977"
"11,82000";"17,73289";"187,66290"
"11,83000";"17,74788";"189,63161"
"11,84000";"17,76287";"191,58179"
"11,85000";"17,77787";"193,50482"
"11,86000";"17,79274";"195,41721"
"11,87000";"17,80774";"197,32396"
"11,88000";"17,82273";"199,25110"
"11,89000";"17,83772";"201,27937"
"11,90000";"17,85272";"203,45331"
"11,91000";"17,86759";"205,73868"
"11,92000";"17,88258";"208,09747"
"11,93000";"17,89781";"210,55070"
"11,94000";"17,91292";"213,12657"
"11,95000";"17,92815";"215,75403"
"11,96000";"17,94314";"218,37668"
"11,97000";"17,95826";"220,95509"
"11,98000";"17,97313";"223,49507"
"11,99000";"17,98801";"226,06427"
"12,00000";"18,00288";"228,64491"
"12,01000";"18,01799";"231,29073"
"12,02000";"18,03299";"234,07767"
"12,03000";"18,04798";"236,98820"
"12,04000";"18,06309";"239,93312"
"12,05000";"18,07808";"242,91306"
"12,06000";"18,09296";"245,96011"
"12,07000";"18,10783";"249,06094"
"12,08000";"18,12283";"252,24857"
"12,09000";"18,13794";"255,58028"
"12,10000";"18,15293";"259,03766"
"12,11000";"18,16792";"262,51028"
"12,12000";"18,18292";"265,99969"
"12,13000";"18,19791";"269,54034"
"12,14000";"18,21279";"273,10461"
"12,15000";"18,22754";"276,68503"
"12,16000";"18,24241";"280,29190"
"12,17000";"18,25741";"284,06088"
"12,18000";"18,27252";"288,13498"
"12,19000";"18,28752";"292,48749"
"12,20000";"18,30263";"297,08688"
"12,21000";"18,31750";"301,84265"
"12,22000";"18,33261";"306,68591"
"12,23000";"18,34760";"311,54453"
"12,24000";"18,36272";"316,41138"
"12,25000";"18,37783";"321,27673"
"12,26000";"18,39293";"326,21396"
"12,27000";"18,40793";"331,21652"
"12,28000";"18,42292";"336,36459"
"12,29000";"18,43792";"341,64478"
"12,30000";"18,45267";"347,04565"
"12,31000";"18,46766";"352,55573"
"12,32000";"18,48278";"358,31293"
"12,33000";"18,49789";"364,40186"
"12,33200";"18,50096";"365,64954"
"12,33400";"18,50391";"366,90262"
"12,34400";"18,51701";"373,19623"
"12,35400";"18,52445";"377,88290"
"12,35600";"18,52528";"378,24130"
"12,36600";"18,52551";"375,26477"
"12,37600";"18,52067";"361,89206"
"12,38600";"18,50970";"334,55969"
"12,39600";"18,49293";"287,97131"
"12,40600";"18,47274";"221,41927"
"12,41600";"18,45102";"145,65303"
"12,42600";"18,42894";"75,64371"
"12,43600";"18,40746";"22,13011"
"12,44600";"18,38680";"-10,78753"
"12,45600";"18,36697";"-24,49228"
"12,46600";"18,34796";"-24,21482"
"12,47600";"18,32966";"-17,71897"
"12,48600";"18,31183";"-10,37393"
"12,49600";"18,29483";"-4,73245"
"12,50600";"18,27819";"-1,43604"
"12,51600";"18,26190";"-0,19591"
"12,52600";"18,24572";"-0,28091"
"12,53600";"18,22990";"-0,99228"
"12,54600";"18,21444";"-1,89258"
"12,55600";"18,19885";"-2,69858"
"12,56600";"18,18351";"-3,33506"
"12,57600";"18,16828";"-3,80317"
"12,58600";"18,15317";"-4,10970"
"12,59600";"18,13782";"-4,30594"
"12,60600";"18,12271";"-4,42746"
"12,61600";"18,10748";"-4,51215"
"12,62600";"18,09237";"-4,58346"
"12,63600";"18,07726";"-4,64726"
"12,64600";"18,06226";"-4,71372"
"12,65600";"18,04727";"-4,77420"
"12,66600";"18,03228";"-4,80419"
"12,67600";"18,01717";"-4,80958"
"12,68600";"18,00206";"-4,80424"
"12,69600";"17,98718";"-4,80520"
"12,70600";"17,97231";"-4,79629"
"12,71600";"17,95755";"-4,76143"
"12,72600";"17,94255";"-4,73064"
"12,73600";"17,92733";"-4,70181"
"12,74600";"17,91222";"-4,67930"
"12,75600";"17,89710";"-4,66907"
"12,76600";"17,88199";"-4,65335"
"12,77600";"17,86676";"-4,61356"
"12,78600";"17,85165";"-4,55124"
"12,79600";"17,83666";"-4,47419"
"12,80600";"17,82167";"-4,39446"
"12,81600";"17,80679";"-4,31062"
"12,82600";"17,79192";"-4,23364"
"12,83600";"17,77704";"-4,15374"
"12,84600";"17,76217";"-4,07571"
"12,85600";"17,74718";"-3,99839"
"12,86600";"17,73206";"-3,92730"
"12,87600";"17,71707";"-3,85554"
"12,88600";"17,70208";"-3,78309"
"12,89600";"17,68708";"-3,71734"
"12,90600";"17,67197";"-3,63852"
"12,91600";"17,65686";"-3,55850"
"12,92600";"17,64187";"-3,47665"
"12,93600";"17,62675";"-3,40046"
"12,94600";"17,61176";"-3,32883"
"12,95600";"17,59689";"-3,26187"
"12,96600";"17,58201";"-3,19404"
"12,97600";"17,56714";"-3,11834"
"12,98600";"17,55202";"-3,04878"
"12,99600";"17,53703";"-2,98552"
"13,00600";"17,52204";"-2,91998"
"13,01600";"17,50705";"-2,85655"
"13,02600";"17,49194";"-2,79618"
"13,03600";"17,47694";"-2,73996"
"13,04600";"17,46219";"-2,67983"
"13,05600";"17,44719";"-2,62267"
"13,06600";"17,43220";"-2,57607"
"13,07600";"17,41709";"-2,53076"
"13,08600";"17,40210";"-2,49067"
"13,09600";"17,38711";"-2,45724"
"13,10600";"17,37199";"-2,42258"
"13,11600";"17,35688";"-2,38787"
"13,12600";"17,34201";"-2,34827"
"13,13600";"17,32701";"-2,30942"
"13,14600";"17,31202";"-2,27667"
"13,15600";"17,29703";"-2,23848"
"13,16600";"17,28215";"-2,18942"
"13,17600";"17,26704";"-2,13575"
"13,18600";"17,25205";"-2,09093"
"13,19600";"17,23694";"-2,04502"
"13,20600";"17,22206";"-1,99844"
"13,21600";"17,20719";"-1,95891"
"13,22600";"17,19208";"-1,91291"
"13,23600";"17,17696";"-1,86757"
"13,24600";"17,16197";"-1,81818"
"13,25600";"17,14698";"-1,78099"
"13,26600";"17,13187";"-1,75167"
"13,27600";"17,11687";"-1,72709"
"13,28600";"17,10200";"-1,70175"
"13,29600";"17,08701";"-1,67281"
"13,30600";"17,07201";"-1,63983"
"13,31600";"17,05690";"-1,60815"
"13,32600";"17,04203";"-1,57734"
"13,33600";"17,02703";"-1,54184"
"13,34600";"17,01192";"-1,50280"
"13,35600";"16,99693";"-1,46542"
"13,36600";"16,98194";"-1,43163"
"13,37600";"16,96706";"-1,40250"
"13,38600";"16,95207";"-1,38124"
"13,39600";"16,93708";"-1,35880"
"13,40600";"16,92196";"-1,33552"
"13,41600";"16,90697";"-1,31012"
"13,42600";"16,89198";"-1,27711"
"13,43600";"16,87687";"-1,24648"
"13,44600";"16,86188";"-1,21505"
"13,45600";"16,84688";"-1,18986"
"13,46600";"16,83201";"-1,16818"
"13,47600";"16,81701";"-1,13949"
"13,48600";"16,80190";"-1,10751"
"13,49600";"16,78691";"-1,08514"
"13,50600";"16,77192";"-1,05934"
"13,51600";"16,75692";"-1,03657"
"13,52600";"16,74193";"-1,01044"
"13,53600";"16,72694";"-0,98233"
"13,54600";"16,71206";"-0,95309"
"13,55600";"16,69695";"-0,92992"
"13,56600";"16,68184";"-0,91057"
"13,57600";"16,66685";"-0,89547"
"13,58600";"16,65197";"-0,88583"
"13,59600";"16,63710";"-0,88026"
"13,60600";"16,62199";"-0,87112"
"13,61600";"16,60699";"-0,86593"
"13,62600";"16,59200";"-0,86220"
"13,63600";"16,57689";"-0,84450"
"13,64600";"16,56178";"-0,82426"
"13,65600";"16,54667";"-0,81278"
"13,66600";"16,53167";"-0,80871"
"13,67600";"16,51692";"-0,80029"
"13,68600";"16,50192";"-0,79092"
"13,69600";"16,48705";"-0,78560"
"13,70600";"16,47206";"-0,77970"
"13,71600";"16,45706";"-0,76888"
"13,72600";"16,44207";"-0,76380"
"13,73600";"16,42696";"-0,76494"
"13,74600";"16,41208";"-0,75803"
"13,75600";"16,39721";"-0,75668"
"13,76600";"16,38222";"-0,74899"
"13,77600";"16,36722";"-0,74537"
"13,78600";"16,35223";"-0,74672"
"13,79600";"16,33735";"-0,74445"
"13,80600";"16,32224";"-0,74395"
"13,81600";"16,30701";"-0,73561"
"13,82600";"16,29202";"-0,72925"
"13,83600";"16,27703";"-0,72291"
"13,84600";"16,26204";"-0,71810"
"13,85600";"16,24692";"-0,71095"
"13,86600";"16,23193";"-0,70881"
"13,87600";"16,21706";"-0,70401"
"13,88600";"16,20206";"-0,69451"
"13,89600";"16,18695";"-0,68933"
"13,90600";"16,17208";"-0,68207"
"13,91600";"16,15720";"-0,68692"
"13,92600";"16,14221";"-0,70123"
"13,93600";"16,12710";"-0,69962"
"13,94600";"16,11199";"-0,69369"
"13,95600";"16,09699";"-0,69706"
"13,96600";"16,08188";"-0,70024"
"13,97600";"16,06677";"-0,69635"
"13,98600";"16,05178";"-0,69081"
"13,99600";"16,03690";"-0,68743"
"14,00600";"16,02203";"-0,68228"
"14,01600";"16,00704";"-0,67230"
"14,02600";"15,99192";"-0,66059"
"14,03600";"15,97693";"-0,65232"
"14,04600";"15,96194";"-0,63947"
"14,05600";"15,94695";"-0,63223"
"14,06600";"15,93195";"-0,62769"
"14,07600";"15,91696";"-0,61612"
"14,08600";"15,90208";"-0,60023"
"14,09600";"15,88709";"-0,58355"
"14,10600";"15,87210";"-0,56995"
"14,11600";"15,85710";"-0,55503"
"14,12600";"15,84211";"-0,54420"
"14,13600";"15,82712";"-0,53742"
"14,14600";"15,81213";"-0,52773"
"14,15600";"15,79713";"-0,51944"
"14,16600";"15,78226";"-0,51712"
"14,17600";"15,76727";"-0,51031"
"14,18600";"15,75227";"-0,50429"
"14,19600";"15,73716";"-0,50322"
"14,20600";"15,72205";"-0,50050"
"14,21600";"15,70706";"-0,49591"
"14,22600";"15,69206";"-0,48910"
"14,23600";"15,67707";"-0,48106"
"14,24600";"15,66220";"-0,47221"
"14,25600";"15,64720";"-0,46442"
"14,26600";"15,63209";"-0,46385"
"14,27600";"15,61698";"-0,45986"
"14,28600";"15,60175";"-0,46257"
"14,29600";"15,58687";"-0,47123"
"14,30600";"15,57188";"-0,47020"
"14,31600";"15,55677";"-0,46673"
"14,32600";"15,54190";"-0,45854"
"14,33600";"15,52702";"-0,45204"
"14,34600";"15,51203";"-0,44433"
"14,35600";"15,49692";"-0,44106"
"14,36600";"15,48180";"-0,43735"
"14,37600";"15,46681";"-0,42874"
"14,38600";"15,45205";"-0,42608"
"14,39600";"15,43694";"-0,41923"
"14,40600";"15,42195";"-0,41605"
"14,41600";"15,40707";"-0,41584"
"14,42600";"15,39208";"-0,41432"
"14,43600";"15,37709";"-0,41140"
"14,44600";"15,36186";"-0,40769"
"14,45600";"15,34699";"-0,40423"
"14,46600";"15,33211";"-0,40449"
"14,47600";"15,31712";"-0,40751"
"14,48600";"15,30201";"-0,41149"
"14,49600";"15,28701";"-0,41109"
"14,50600";"15,27214";"-0,40762"
"14,51600";"15,25703";"-0,39816"
"14,52600";"15,24203";"-0,38906"
"14,53600";"15,22692";"-0,39067"
"14,54600";"15,21205";"-0,39358"
"14,55600";"15,19717";"-0,39500"
"14,56600";"15,18206";"-0,39486"
"14,57600";"15,16707";"-0,39679"
"14,58600";"15,15231";"-0,39467"
"14,59600";"15,13732";"-0,38664"
"14,60600";"15,12209";"-0,37954"
"14,61600";"15,10710";"-0,37777"
"14,62600";"15,09210";"-0,37821"
"14,63600";"15,07723";"-0,37754"
"14,64600";"15,06223";"-0,37319"
"14,65600";"15,04724";"-0,37064"
"14,66600";"15,03213";"-0,36584"
"14,67600";"15,01702";"-0,36119"
"14,68600";"15,00203";"-0,35425"
"14,69600";"14,98703";"-0,34821"
"14,70600";"14,97204";"-0,34957"
"14,71600";"14,95728";"-0,35281"
"14,72600";"14,94229";"-0,35808"
"14,73600";"14,92730";"-0,35939"
"14,74600";"14,91231";"-0,35774"
"14,75600";"14,89731";"-0,35799"
"14,76600";"14,88220";"-0,35965"
"14,77600";"14,86709";"-0,36146"
"14,78600";"14,85210";"-0,36173"
"14,79600";"14,83722";"-0,35596"
"14,80600";"14,82223";"-0,34665"
"14,81600";"14,80700";"-0,33722"
"14,82600";"14,79201";"-0,33723"
"14,83600";"14,77713";"-0,32892"
"14,84600";"14,76214";"-0,31948"
"14,85600";"14,74714";"-0,31504"
"14,86600";"14,73215";"-0,31961"
"14,87600";"14,71728";"-0,32261"
"14,88600";"14,70217";"-0,32213"
"14,89600";"14,68706";"-0,31814"
"14,90600";"14,67194";"-0,32102"
"14,91600";"14,65695";"-0,33308"
"14,92600";"14,64208";"-0,33706"
"14,93600";"14,62708";"-0,33611"
"14,94600";"14,61209";"-0,32930"
"14,95600";"14,59698";"-0,32536"
"14,96600";"14,58199";"-0,32239"
"14,97600";"14,56687";"-0,31891"
"14,98600";"14,55165";"-0,31642"
"14,99600";"14,53665";"-0,31292"
"15,00600";"14,52190";"-0,31305"
"15,01600";"14,50690";"-0,30246"
"15,02600";"14,49167";"-0,30076"
"15,03600";"14,47668";"-0,30152"
"15,04600";"14,46181";"-0,30224"
"15,05600";"14,44693";"-0,30606"
"15,06600";"14,43182";"-0,31011"
"15,07600";"14,41683";"-0,31524"
"15,08600";"14,40183";"-0,31560"
"15,09600";"14,38696";"-0,32053"
"15,10600";"14,37185";"-0,31586"
"15,11600";"14,35685";"-0,30725"
"15,12600";"14,34198";"-0,30115"
"15,13600";"14,32699";"-0,28985"
"15,14600";"14,31176";"-0,27952"
"15,15600";"14,29665";"-0,28454"
"15,16600";"14,28201";"-0,29105"
"15,17600";"14,26713";"-0,29557"
"15,18600";"14,25202";"-0,30044"
"15,19600";"14,23691";"-0,29587"
"15,20600";"14,22180";"-0,28369"
"15,21600";"14,20692";"-0,26882"
"15,22600";"14,19169";"-0,25370"
"15,23600";"14,17670";"-0,24609"
"15,24600";"14,16194";"-0,24263"
"15,25600";"14,14707";"-0,23978"
"15,26600";"14,13208";"-0,23610"
"15,27600";"14,11697";"-0,23671"
"15,28600";"14,10197";"-0,23365"
"15,29600";"14,08698";"-0,23090"
"15,30600";"14,07199";"-0,23261"
"15,31600";"14,05688";"-0,22910"
"15,32600";"14,04188";"-0,22979"
"15,33600";"14,02713";"-0,23078"
"15,34600";"14,01225";"-0,22840"
"15,35600";"13,99714";"-0,22929"
"15,36600";"13,98226";"-0,23661"
"15,37600";"13,96739";"-0,24254"
"15,38600";"13,95228";"-0,24609"
"15,39600";"13,93717";"-0,24147"
"15,40600";"13,92217";"-0,23790"
"15,41600";"13,90718";"-0,22981"
"15,42600";"13,89231";"-0,22448"
"15,43600";"13,87719";"-0,22752"
"15,44600";"13,86208";"-0,23275"
"15,45600";"13,84709";"-0,23003"
"15,46600";"13,83210";"-0,23166"
"15,47600";"13,81710";"-0,23350"
"15,48600";"13,80211";"-0,23723"
"15,49600";"13,78724";"-0,23974"
"15,50600";"13,77212";"-0,24136"
"15,51600";"13,75701";"-0,24617"
"15,52600";"13,74190";"-0,24914"
"15,53600";"13,72691";"-0,23807"
"15,54600";"13,71192";"-0,22374"
"15,55600";"13,69681";"-0,21598"
"15,56600";"13,68181";"-0,21788"
"15,57600";"13,66694";"-0,22329"
"15,58600";"13,65206";"-0,22151"
"15,59600";"13,63695";"-0,21990"
"15,60600";"13,62184";"-0,22209"
"15,61600";"13,60685";"-0,22104"
"15,62600";"13,59185";"-0,22028"
"15,63600";"13,57698";"-0,21116"
"15,64600";"13,56199";"-0,20997"
"15,65600";"13,54699";"-0,20612"
"15,66600";"13,53212";"-0,20480"
"15,67600";"13,51712";"-0,20069"
"15,68600";"13,50201";"-0,19802"
"15,69600";"13,48678";"-0,19211"
"15,70600";"13,47191";"-0,18725"
"15,71600";"13,45704";"-0,18443"
"15,72600";"13,44204";"-0,18674"
"15,73600";"13,42705";"-0,18682"
"15,74600";"13,41217";"-0,18552"
"15,75600";"13,39718";"-0,18885"
"15,76600";"13,38207";"-0,18448"
"15,77600";"13,36684";"-0,17767"
"15,78600";"13,35185";"-0,18161"
"15,79600";"13,33709";"-0,18983"
"15,80600";"13,32210";"-0,19174"
"15,81600";"13,30699";"-0,19207"
"15,82600";"13,29199";"-0,19123"
"15,83600";"13,27700";"-0,19231"
"15,84600";"13,26189";"-0,19004"
"15,85600";"13,24666";"-0,18542"
"15,86600";"13,23167";"-0,17780"
"15,87600";"13,21691";"-0,17394"
"15,88600";"13,20192";"-0,17389"
"15,89600";"13,18692";"-0,18100"
"15,90600";"13,17181";"-0,18289"
"15,91600";"13,15694";"-0,18532"
"15,92600";"13,14183";"-0,18184"
"15,93600";"13,12671";"-0,18331"
"15,94600";"13,11184";"-0,18040"
"15,95600";"13,09697";"-0,18327"
"15,96600";"13,08209";"-0,18629"
"15,97600";"13,06698";"-0,18269"
"15,98600";"13,05187";"-0,17301"
"15,99600";"13,03687";"-0,17312"
"16,00600";"13,02188";"-0,17306"
"16,01600";"13,00677";"-0,16930"
"16,02600";"12,99178";"-0,17037"
"16,03600";"12,97690";"-0,17196"
"16,04600";"12,96215";"-0,17477"
"16,05600";"12,94715";"-0,17369"
"16,06600";"12,93204";"-0,17419"
"16,07600";"12,91705";"-0,17271"
"16,08600";"12,90205";"-0,16926"
"16,09600";"12,88706";"-0,17320"
"16,10600";"12,87207";"-0,17682"
"16,11600";"12,85719";"-0,18086"
"16,12600";"12,84220";"-0,18841"
"16,13600";"12,82721";"-0,18934"
"16,14600";"12,81198";"-0,18202"
"16,15600";"12,79699";"-0,17738"
"16,16600";"12,78199";"-0,17653"
"16,17600";"12,76700";"-0,17596"
"16,18600";"12,75189";"-0,17297"
"16,19600";"12,73690";"-0,17426"
"16,20600";"12,72202";"-0,17716"
"16,21600";"12,70703";"-0,17021"
"16,22600";"12,69180";"-0,16558"
"16,23600";"12,67681";"-0,16805"
"16,24600";"12,66181";"-0,17425"
"16,25600";"12,64694";"-0,17902"
"16,26600";"12,63183";"-0,17426"
"16,27600";"12,61683";"-0,17203"
"16,28600";"12,60184";"-0,17093"
"16,29600";"12,58697";"-0,16452"
"16,30600";"12,57197";"-0,16125"
"16,31600";"12,55686";"-0,16049"
"16,32600";"12,54187";"-0,15989"
"16,33600";"12,52699";"-0,16503"
"16,34600";"12,51200";"-0,17477"
"16,35600";"12,49689";"-0,18353"
"16,36600";"12,48201";"-0,18354"
"16,37600";"12,46702";"-0,18357"
"16,38600";"12,45203";"-0,17831"
"16,39600";"12,43692";"-0,17609"
"16,40600";"12,42180";"-0,17470"
"16,41600";"12,40693";"-0,17725"
"16,42600";"12,39206";"-0,17734"
"16,43600";"12,37706";"-0,16732"
"16,44600";"12,36207";"-0,15859"
"16,45600";"12,34708";"-0,15634"
"16,46600";"12,33208";"-0,15275"
"16,47600";"12,31697";"-0,14707"
"16,48600";"12,30186";"-0,15279"
"16,49600";"12,28687";"-0,16010"
"16,50600";"12,27188";"-0,16063"
"16,51600";"12,25700";"-0,15597"
"16,52600";"12,24201";"-0,15056"
"16,53600";"12,22701";"-0,15155"
"16,54600";"12,21202";"-0,15325"
"16,55600";"12,19691";"-0,15188"
"16,56600";"12,18180";"-0,15197"
"16,57600";"12,16681";"-0,14829"
"16,58600";"12,15193";"-0,14798"
"16,59600";"12,13694";"-0,14693"
"16,60600";"12,12194";"-0,15129"
"16,61600";"12,10695";"-0,15978"
"16,62600";"12,09208";"-0,16060"
"16,63600";"12,07720";"-0,14914"
"16,64600";"12,06209";"-0,14833"
"16,65600";"12,04722";"-0,14824"
"16,66600";"12,03234";"-0,14183"
"16,67600";"12,01735";"-0,13397"
"16,68600";"12,00224";"-0,13041"
"16,69600";"11,98701";"-0,13359"
"16,70600";"11,97201";"-0,13407"
"16,71600";"11,95690";"-0,14016"
"16,72600";"11,94179";"-0,14609"
"16,73600";"11,92680";"-0,14430"
"16,74600";"11,91192";"-0,13922"
"16,75600";"11,89705";"-0,13779"
"16,76600";"11,88194";"-0,13149"
"16,77600";"11,86683";"-0,13220"
"16,78600";"11,85183";"-0,13537"
"16,79600";"11,83684";"-0,13232"
"16,80600";"11,82173";"-0,12884"
"16,81600";"11,80674";"-0,13402"
"16,82600";"11,79174";"-0,14172"
"16,83600";"11,77687";"-0,13879"
"16,84600";"11,76199";"-0,13608"
"16,85600";"11,74688";"-0,13315"
"16,86600";"11,73189";"-0,12440"
"16,87600";"11,71701";"-0,12121"
"16,88600";"11,70202";"-0,11643"
"16,89600";"11,68703";"-0,10300"
"16,90600";"11,67192";"-0,09776"
"16,91600";"11,65704";"-0,10727"
"16,92600";"11,64205";"-0,12430"
"16,93600";"11,62706";"-0,12852"
"16,94600";"11,61206";"-0,12880"
"16,95600";"11,59695";"-0,12376"
"16,96600";"11,58196";"-0,11545"
"16,97600";"11,56697";"-0,10992"
"16,98600";"11,55197";"-0,10904"
"16,99600";"11,53698";"-0,12043"
"17,00600";"11,52199";"-0,12609"
"17,01600";"11,50699";"-0,12826"
"17,02600";"11,49188";"-0,13634"
"17,03600";"11,47689";"-0,13243"
"17,04600";"11,46201";"-0,12846"
"17,05600";"11,44702";"-0,13053"
"17,06600";"11,43203";"-0,13654"
"17,07600";"11,41704";"-0,14495"
"17,08600";"11,40216";"-0,14310"
"17,09600";"11,38717";"-0,13578"
"17,10600";"11,37206";"-0,12745"
"17,11600";"11,35694";"-0,12619"
"17,12600";"11,34183";"-0,12451"
"17,13600";"11,32696";"-0,11311"
"17,14600";"11,31185";"-0,10650"
"17,15600";"11,29697";"-0,11449"
"17,16600";"11,28198";"-0,12597"
"17,17600";"11,26710";"-0,12822"
"17,18600";"11,25211";"-0,12876"
"17,19600";"11,23700";"-0,12390"
"17,20600";"11,22213";"-0,11960"
"17,21600";"11,20713";"-0,12013"
"17,22600";"11,19202";"-0,12005"
"17,23600";"11,17703";"-0,11439"
"17,24600";"11,16192";"-0,10969"
"17,25600";"11,14704";"-0,10218"
"17,26600";"11,13205";"-0,10335"
"17,27600";"11,11694";"-0,10852"
"17,28600";"11,10194";"-0,11563"
"17,29600";"11,08719";"-0,10878"
"17,30600";"11,07208";"-0,10565"
"17,31600";"11,05696";"-0,10065"
"17,32600";"11,04197";"-0,09840"
"17,33600";"11,02686";"-0,10073"
"17,34600";"11,01187";"-0,09749"
"17,35600";"10,99688";"-0,09304"
"17,36600";"10,98188";"-0,09506"
"17,37600";"10,96701";"-0,10111"
"17,38600";"10,95213";"-0,10716"
"17,39600";"10,93702";"-0,10334"
"17,40600";"10,92191";"-0,10036"
"17,41600";"10,90692";"-0,10841"
"17,42600";"10,89192";"-0,10398"
"17,43600";"10,87681";"-0,09562"
"17,44600";"10,86182";"-0,08914"
"17,45600";"10,84683";"-0,08497"
"17,46600";"10,83195";"-0,08257"
"17,47600";"10,81684";"-0,07770"
"17,48600";"10,80173";"-0,08206"
"17,49600";"10,78686";"-0,09169"
"17,50600";"10,77186";"-0,09108"
"17,51600";"10,75699";"-0,08576"
"17,52600";"10,74199";"-0,08894"
"17,53600";"10,72700";"-0,10016"
"17,54600";"10,71213";"-0,09925"
"17,55600";"10,69725";"-0,09739"
"17,56600";"10,68214";"-0,09835"
"17,57600";"10,66715";"-0,10283"
"17,58600";"10,65215";"-0,09885"
"17,59600";"10,63716";"-0,09266"
"17,60600";"10,62217";"-0,09458"
"17,61600";"10,60717";"-0,10241"
"17,62600";"10,59230";"-0,11145"
"17,63600";"10,57731";"-0,11075"
"17,64600";"10,56231";"-0,10429"
"17,65600";"10,54720";"-0,09861"
"17,66600";"10,53221";"-0,09371"
"17,67600";"10,51722";"-0,08434"
"17,68600";"10,50234";"-0,08109"
"17,69600";"10,48735";"-0,08309"
"17,70600";"10,47235";"-0,08767"
"17,71600";"10,45748";"-0,09323"
"17,72600";"10,44237";"-0,09622"
"17,73600";"10,42726";"-0,08758"
"17,74600";"10,41215";"-0,08608"
"17,75600";"10,39715";"-0,09160"
"17,76600";"10,38216";"-0,09272"
"17,77600";"10,36717";"-0,08907"
"17,78600";"10,35217";"-0,08709"
"17,79600";"10,33706";"-0,09064"
"17,80600";"10,32207";"-0,08521"
"17,81600";"10,30696";"-0,07912"
"17,82600";"10,29185";"-0,07672"
"17,83600";"10,27697";"-0,08284"
"17,84600";"10,26198";"-0,08729"
"17,85600";"10,24699";"-0,09490"
"17,86600";"10,23199";"-0,09150"
"17,87600";"10,21712";"-0,08679"
"17,88600";"10,20224";"-0,08337"
"17,89600";"10,18713";"-0,07602"
"17,90600";"10,17202";"-0,07570"
"17,91600";"10,15703";"-0,07931"
"17,92600";"10,14204";"-0,08111"
"17,93600";"10,12692";"-0,08166"
"17,94600";"10,11181";"-0,08245"
"17,95600";"10,09682";"-0,08914"
"17,96600";"10,08183";"-0,08707"
"17,97600";"10,06660";"-0,07930"
"17,98600";"10,05160";"-0,07217"
"17,99600";"10,03661";"-0,07313"
"18,00600";"10,02185";"-0,07392"
"18,01600";"10,00686";"-0,07450"
"18,02600";"9,99175";"-0,07983"
"18,03600";"9,97688";"-0,07569"
"18,04600";"9,96200";"-0,06519"
"18,05600";"9,94689";"-0,05992"
"18,06600";"9,93178";"-0,06187"
"18,07600";"9,91690";"-0,06760"
"18,08600";"9,90203";"-0,07294"
"18,09600";"9,88703";"-0,06901"
"18,10600";"9,87192";"-0,06506"
"18,11600";"9,85693";"-0,07029"
"18,12600";"9,84194";"-0,07571"
"18,13600";"9,82695";"-0,07208"
"18,14600";"9,81183";"-0,07269"
"18,15600";"9,79684";"-0,07435"
"18,16600";"9,78197";"-0,07159"
"18,17600";"9,76709";"-0,06734"
"18,18600";"9,75198";"-0,06416"
"18,19600";"9,73699";"-0,07190"
"18,20600";"9,72211";"-0,08093"
"18,21600";"9,70712";"-0,08255"
"18,22600";"9,69213";"-0,08162"
"18,23600";"9,67701";"-0,07931"
"18,24600";"9,66214";"-0,08087"
"18,25600";"9,64726";"-0,07977"
"18,26600";"9,63215";"-0,06892"
"18,27600";"9,61704";"-0,06584"
"18,28600";"9,60205";"-0,06762"
"18,29600";"9,58706";"-0,07019"
"18,30600";"9,57218";"-0,06693"
"18,31600";"9,55719";"-0,06676"
"18,32600";"9,54220";"-0,06040"
"18,33600";"9,52732";"-0,05368"
"18,34600";"9,51233";"-0,05500"
"18,35600";"9,49710";"-0,05977"
"18,36600";"9,48199";"-0,06262"
"18,37600";"9,46699";"-0,06463"
"18,38600";"9,45200";"-0,06297"
"18,39600";"9,43689";"-0,06047"
"18,40600";"9,42201";"-0,05917"
"18,41600";"9,40714";"-0,05531"
"18,42600";"9,39215";"-0,05998"
"18,43600";"9,37704";"-0,05880"
"18,44600";"9,36192";"-0,05600"
"18,45600";"9,34693";"-0,05128"
"18,46600";"9,33206";"-0,04653"
"18,47600";"9,31694";"-0,04732"
"18,48600";"9,30195";"-0,05027"
"18,49600";"9,28708";"-0,05337"
"18,50600";"9,27220";"-0,05198"
"18,51600";"9,25709";"-0,04705"
"18,52600";"9,24198";"-0,04503"
"18,53600";"9,22699";"-0,05076"
"18,54600";"9,21211";"-0,05312"
"18,55600";"9,19712";"-0,04385"
"18,56600";"9,18201";"-0,03992"
"18,57600";"9,16701";"-0,04359"
"18,58600";"9,15202";"-0,04147"
"18,59600";"9,13703";"-0,03439"
"18,60600";"9,12192";"-0,03184"
"18,61600";"9,10692";"-0,03690"
"18,62600";"9,09217";"-0,04405"
"18,63600";"9,07717";"-0,04573"
"18,64600";"9,06206";"-0,05221"
"18,65600";"9,04695";"-0,05850"
"18,66600";"9,03196";"-0,05563"
"18,67600";"9,01708";"-0,05179"
"18,68600";"9,00185";"-0,05140"
"18,69600";"8,98674";"-0,05427"
"18,70600";"8,97175";"-0,04967"
"18,71600";"8,95688";"-0,04605"
"18,72600";"8,94188";"-0,05124"
"18,73600";"8,92689";"-0,05517"
"18,74600";"8,91190";"-0,05991"
"18,75600";"8,89690";"-0,06028"
"18,76600";"8,88179";"-0,05109"
"18,77600";"8,86680";"-0,05174"
"18,78600";"8,85192";"-0,04933"
"18,79600";"8,83717";"-0,04728"
"18,80600";"8,82217";"-0,04453"
"18,81600";"8,80706";"-0,04220"
"18,82600";"8,79207";"-0,03335"
"18,83600";"8,77708";"-0,03234"
"18,84600";"8,76208";"-0,02417"
"18,85600";"8,74697";"-0,01681"
"18,86600";"8,73198";"-0,01962"
"18,87600";"8,71722";"-0,02610"
"18,88600";"8,70235";"-0,02507"
"18,89600";"8,68712";"-0,03025"
"18,90600";"8,67213";"-0,04550"
"18,91600";"8,65725";"-0,05556"
"18,92600";"8,64214";"-0,05239"
"18,93600";"8,62703";"-0,04204"
"18,94600";"8,61203";"-0,03979"
"18,95600";"8,59716";"-0,04111"
"18,96600";"8,58228";"-0,04386"
"18,97600";"8,56717";"-0,04589"
"18,98600";"8,55194";"-0,04829"
"18,99600";"8,53695";"-0,04580"
"19,00600";"8,52184";"-0,04624"
"19,01600";"8,50673";"-0,05069"
"19,02600";"8,49174";"-0,05212"
"19,03600";"8,47686";"-0,05652"
"19,04600";"8,46199";"-0,05766"
"19,05600";"8,44676";"-0,05593"
"19,06600";"8,43165";"-0,05853"
"19,07600";"8,41665";"-0,06791"
"19,08600";"8,40178";"-0,06825"
"19,09600";"8,38679";"-0,06365"
"19,10600";"8,37179";"-0,05515"
"19,11600";"8,35680";"-0,05524"
"19,12600";"8,34204";"-0,04830"
"19,13600";"8,32705";"-0,04465"
"19,14600";"8,31194";"-0,04306"
"19,15600";"8,29683";"-0,04260"
"19,16600";"8,28183";"-0,04403"
"19,17600";"8,26684";"-0,04158"
"19,18600";"8,25185";"-0,04506"
"19,19600";"8,23685";"-0,05005"
"19,20600";"8,22198";"-0,05421"
"19,21600";"8,20710";"-0,05397"
"19,22600";"8,19188";"-0,04705"
"19,23600";"8,17676";"-0,04071"
"19,24600";"8,16189";"-0,04914"
"19,25600";"8,14701";"-0,05629"
"19,26600";"8,13202";"-0,04929"
"19,27600";"8,11691";"-0,04034"
"19,28600";"8,10192";"-0,02919"
"19,29600";"8,08692";"-0,01922"
"19,30600";"8,07193";"-0,02140"
"19,31600";"8,05682";"-0,02771"
"19,32600";"8,04183";"-0,03277"
"19,33600";"8,02695";"-0,03374"
"19,34600";"8,01196";"-0,03714"
"19,35600";"7,99697";"-0,04097"
"19,36600";"7,98197";"-0,03667"
"19,37600";"7,96698";"-0,03473"
"19,38600";"7,95199";"-0,03147"
"19,39600";"7,93688";"-0,02853"
"19,40600";"7,92188";"-0,03806"
"19,41600";"7,90701";"-0,04144"
"19,42600";"7,89225";"-0,04121"
"19,43600";"7,87714";"-0,04292"
"19,44600";"7,86203";"-0,04734"
"19,45600";"7,84704";"-0,04907"
"19,46600";"7,83204";"-0,04723"
"19,47600";"7,81693";"-0,03573"
"19,48600";"7,80194";"-0,03096"
"19,49600";"7,78706";"-0,03565"
"19,50600";"7,77219";"-0,04152"
"19,51600";"7,75719";"-0,03981"
"19,52600";"7,74220";"-0,03230"
"19,53600";"7,72709";"-0,02539"
"19,54600";"7,71222";"-0,02310"
"19,55600";"7,69710";"-0,02641"
"19,56600";"7,68199";"-0,04435"
"19,57600";"7,66700";"-0,04940"
"19,58600";"7,65212";"-0,04596"
"19,59600";"7,63713";"-0,04348"
"19,60600";"7,62202";"-0,04944"
"19,61600";"7,60703";"-0,05227"
"19,62600";"7,59192";"-0,05449"
"19,63600";"7,57692";"-0,05842"
"19,64600";"7,56169";"-0,05914"
"19,65600";"7,54682";"-0,05233"
"19,66600";"7,53194";"-0,04742"
"19,67600";"7,51695";"-0,04155"
"19,68600";"7,50196";"-0,04416"
"19,69600";"7,48685";"-0,04261"
"19,70600";"7,47185";"-0,03921"
"19,71600";"7,45686";"-0,03528"
"19,72600";"7,44187";"-0,03231"
"19,73600";"7,42687";"-0,02935"
"19,74600";"7,41188";"-0,03352"
"19,75600";"7,39689";"-0,03522"
"19,76600";"7,38190";"-0,03809"
"19,77600";"7,36690";"-0,04041"
"19,78600";"7,35179";"-0,04241"
"19,79600";"7,33680";"-0,04125"
"19,80600";"7,32181";"-0,04313"
"19,81600";"7,30681";"-0,03603"
"19,82600";"7,29194";"-0,02909"
"19,83600";"7,27706";"-0,01941"
"19,84600";"7,26207";"-0,01443"
"19,85600";"7,24696";"-0,01188"
"19,86600";"7,23185";"-0,01441"
"19,87600";"7,21685";"-0,01533"
"19,88600";"7,20198";"-0,00330"
"19,89600";"7,18699";"0,00069"
"19,90600";"7,17199";"-0,00249"
"19,91600";"7,15700";"-0,00617"
"19,92600";"7,14201";"-0,00205"
"19,93600";"7,12690";"-0,00599"
"19,94600";"7,11190";"-0,01420"
"19,95600";"7,09679";"-0,02059"
"19,96600";"7,08192";"-0,01896"
"19,97600";"7,06692";"-0,01219"
"19,98600";"7,05193";"-0,01050"
"19,99600";"7,03694";"-0,01192"
"20,00600";"7,02194";"-0,01618"
"20,01600";"7,00695";"-0,01940"
"20,02600";"6,99184";"-0,02110"
"20,03600";"6,97697";"-0,02397"
"20,04600";"6,96221";"-0,02275"
"20,05600";"6,94722";"-0,02591"
"20,06600";"6,93222";"-0,02110"
"20,07600";"6,91723";"-0,01651"
"20,08600";"6,90235";"-0,01609"
"20,09600";"6,88724";"-0,01375"
"20,10600";"6,87201";"-0,01153"
"20,11600";"6,85690";"-0,00634"
"20,12600";"6,84203";"0,00219"
"20,13600";"6,82703";"0,00691"
"20,14600";"6,81204";"0,00456"
"20,15600";"6,79693";"0,00523"
"20,16600";"6,78206";"-0,00275"
"20,17600";"6,76706";"-0,01185"
"20,18600";"6,75195";"-0,00900"
"20,19600";"6,73684";"-0,01360"
"20,20600";"6,72197";"-0,01314"
"20,21600";"6,70697";"-0,01019"
"20,22600";"6,69198";"-0,01328"
"20,23600";"6,67687";"-0,00976"
"20,24600";"6,66188";"-0,00355"
"20,25600";"6,64688";"-0,00587"
"20,26600";"6,63177";"-0,00467"
"20,27600";"6,61678";"-0,00208"
"20,28600";"6,60190";"-0,00481"
"20,29600";"6,58715";"-0,00907"
"20,30600";"6,57227";"-0,00640"
"20,31600";"6,55728";"-0,00334"
"20,32600";"6,54228";"-0,00369"
"20,33600";"6,52717";"0,00344"
"20,34600";"6,51194";"0,00918"
"20,35600";"6,49672";"0,01068"
"20,36600";"6,48172";"0,00409"
"20,37600";"6,46685";"-0,00277"
"20,38600";"6,45197";"-0,00677"
"20,39600";"6,43698";"-0,01058"
"20,40600";"6,42199";"-0,01240"
"20,41600";"6,40711";"-0,01058"
"20,42600";"6,39212";"0,00100"
"20,43600";"6,37712";"0,01125"
"20,44600";"6,36213";"0,01320"
"20,45600";"6,34714";"0,01118"
"20,46600";"6,33226";"0,00704"
"20,47600";"6,31727";"0,00430"
"20,48600";"6,30216";"0,00065"
"20,49600";"6,28705";"0,00008"
"20,50600";"6,27194";"0,00083"
"20,51600";"6,25694";"0,00306"
"20,52600";"6,24183";"-0,00494"
"20,53600";"6,22684";"-0,01331"
"20,54600";"6,21197";"-0,01644"
"20,55600";"6,19685";"-0,00915"
"20,56600";"6,18174";"-0,00412"
"20,57600";"6,16675";"-0,00945"
"20,58600";"6,15188";"-0,01373"
"20,59600";"6,13700";"-0,01084"
"20,60600";"6,12201";"-0,00657"
"20,61600";"6,10701";"-0,01313"
"20,62600";"6,09202";"-0,01783"
"20,63600";"6,07703";"-0,02011"
"20,64600";"6,06192";"-0,01600"
"20,65600";"6,04681";"-0,00828"
"20,66600";"6,03193";"-0,00410"
"20,67600";"6,01706";"-0,00049"
"20,68600";"6,00206";"-0,00327"
"20,69600";"5,98707";"-0,01029"
"20,70600";"5,97208";"-0,01489"
"20,71600";"5,95708";"-0,01250"
"20,72600";"5,94197";"-0,00589"
"20,73600";"5,92674";"-0,00945"
"20,74600";"5,91187";"-0,00979"
"20,75600";"5,89711";"-0,00294"
"20,76600";"5,88224";"0,00941"
"20,77600";"5,86713";"0,01059"
"20,78600";"5,85213";"0,00930"
"20,79600";"5,83714";"0,00553"
"20,80600";"5,82203";"-0,00138"
"20,81600";"5,80692";"-0,00621"
"20,82600";"5,79192";"-0,00594"
"20,83600";"5,77717";"-0,00680"
"20,84600";"5,76217";"-0,00892"
"20,85600";"5,74706";"-0,01188"
"20,86600";"5,73207";"-0,01458"
"20,87600";"5,71731";"-0,01093"
"20,88600";"5,70232";"-0,01128"
"20,89600";"5,68709";"-0,01276"
"20,90600";"5,67198";"-0,01480"
"20,91600";"5,65699";"-0,01304"
"20,92600";"5,64211";"-0,01172"
"20,93600";"5,62700";"-0,00619"
"20,94600";"5,61177";"-0,00648"
"20,95600";"5,59678";"-0,00895"
"20,96600";"5,58190";"-0,00509"
"20,97600";"5,56679";"-0,00113"
"20,98600";"5,55192";"-0,00319"
"20,99600";"5,53692";"-0,01294"
"21,00600";"5,52205";"-0,01251"
"21,01600";"5,50706";"-0,00047"
"21,02600";"5,49206";"0,00200"
"21,03600";"5,47695";"-0,00145"
"21,04600";"5,46208";"-0,00521"
"21,05600";"5,44697";"-0,00533"
"21,06600";"5,43185";"-0,00253"
"21,07600";"5,41686";"-0,00550"
"21,08600";"5,40210";"-0,00637"
"21,09600";"5,38723";"-0,01077"
"21,10600";"5,37212";"-0,02011"
"21,11600";"5,35701";"-0,02560"
"21,12600";"5,34201";"-0,02584"
"21,13600";"5,32702";"-0,02302"
"21,14600";"5,31203";"-0,02457"
"21,15600";"5,29704";"-0,02404"
"21,16600";"5,28216";"-0,01797"
"21,17600";"5,26728";"-0,00916"
"21,18600";"5,25217";"-0,00453"
"21,19600";"5,23706";"0,00297"
"21,20600";"5,22207";"0,00214"
"21,21600";"5,20708";"-0,00068"
"21,22600";"5,19208";"-0,00011"
"21,23600";"5,17697";"-0,00279"
"21,24600";"5,16210";"-0,00624"
"21,25600";"5,14734";"-0,00985"
"21,26600";"5,13223";"-0,00929"
"21,27600";"5,11712";"-0,00585"
"21,28600";"5,10189";"-0,00401"
"21,29600";"5,08701";"-0,00441"
"21,30600";"5,07202";"-0,00142"
"21,31600";"5,05703";"0,00363"
"21,32600";"5,04204";"0,00392"
"21,33600";"5,02716";"-0,00301"
"21,34600";"5,01205";"-0,00048"
"21,35600";"4,99694";"0,00791"
"21,36600";"4,98183";"0,00504"
"21,37600";"4,96683";"-0,00626"
"21,38600";"4,95184";"-0,01253"
"21,39600";"4,93685";"-0,02084"
"21,40600";"4,92185";"-0,01967"
"21,41600";"4,90698";"-0,02071"
"21,42600";"4,89199";"-0,02132"
"21,43600";"4,87688";"-0,01648"
"21,44600";"4,86165";"-0,01487"
"21,45600";"4,84677";"-0,01469"
"21,46600";"4,83201";"-0,01052"
"21,47600";"4,81714";"-0,00560"
"21,48600";"4,80203";"-0,00620"
"21,49600";"4,78715";"-0,00241"
"21,50600";"4,77216";"-0,00220"
"21,51600";"4,75717";"-0,00370"
"21,52600";"4,74194";"-0,00647"
"21,53600";"4,72706";"-0,00807"
"21,54600";"4,71219";"-0,00270"
"21,55600";"4,69731";"-0,00277"
"21,56600";"4,68220";"0,00065"
"21,57600";"4,66709";"-0,00359"
"21,58600";"4,65222";"-0,00826"
"21,59600";"4,63722";"-0,00593"
"21,60600";"4,62199";"-0,00486"
"21,61600";"4,60688";"-0,00514"
"21,62600";"4,59201";"-0,00122"
"21,63600";"4,57701";"-0,00061"
"21,64600";"4,56202";"-0,00324"
"21,65600";"4,54703";"-0,01034"
"21,66600";"4,53215";"-0,00986"
"21,67600";"4,51740";"-0,00903"
"21,68600";"4,50228";"-0,01094"
"21,69600";"4,48717";"-0,01043"
"21,70600";"4,47218";"-0,00435"
"21,71600";"4,45742";"-0,00038"
"21,72600";"4,44231";"0,00079"
"21,73600";"4,42720";"-0,00432"
"21,74600";"4,41209";"-0,01739"
"21,75600";"4,39722";"-0,02576"
"21,76600";"4,38210";"-0,02051"
"21,77600";"4,36699";"-0,01564"
"21,78600";"4,35200";"-0,01240"
"21,79600";"4,33712";"-0,00992"
"21,80600";"4,32225";"-0,00673"
"21,81600";"4,30714";"-0,01329"
"21,82600";"4,29215";"-0,02333"
"21,83600";"4,27727";"-0,01848"
"21,84600";"4,26228";"-0,00860"
"21,85600";"4,24717";"-0,00138"
"21,86600";"4,23217";"-0,00512"
"21,87600";"4,21742";"-0,00870"
"21,88600";"4,20242";"-0,01114"
"21,89600";"4,18731";"-0,01667"
"21,90600";"4,17197";"-0,01862"
"21,91600";"4,15709";"-0,01978"
"21,92600";"4,14210";"-0,01651"
"21,93600";"4,12699";"-0,01712"
"21,94600";"4,11188";"-0,01960"
"21,95600";"4,09700";"-0,01027"
"21,96600";"4,08213";"-0,00061"
"21,97600";"4,06713";"0,00002"
"21,98600";"4,05190";"-0,00840"
"21,99600";"4,03691";"-0,01416"
"22,00600";"4,02203";"-0,02019"
"22,01600";"4,00704";"-0,01818"
"22,02600";"3,99181";"-0,01281"
"22,03600";"3,97694";"-0,01049"
"22,04600";"3,96194";"-0,00800"
"22,05600";"3,94683";"-0,00246"
"22,06600";"3,93172";"-0,00302"
"22,07600";"3,91661";"-0,00322"
"22,08600";"3,90185";"0,00073"
"22,09600";"3,88698";"0,00501"
"22,10600";"3,87187";"0,00127"
"22,11600";"3,85664";"-0,00660"
"22,12600";"3,84176";"-0,00772"
"22,13600";"3,82677";"0,00071"
"22,14600";"3,81166";"0,00464"
"22,15600";"3,79655";"0,00118"
"22,16600";"3,78179";"-0,00508"
"22,17600";"3,76692";"-0,00196"
"22,18600";"3,75181";"0,00232"
"22,19600";"3,73669";"-0,00151"
"22,20600";"3,72170";"-0,00334"
"22,21600";"3,70683";"-0,00434"
"22,22600";"3,69172";"-0,00782"
"22,23600";"3,67649";"-0,01233"
"22,24600";"3,66173";"-0,01739"
"22,25600";"3,64697";"-0,01265"
"22,26600";"3,63198";"-0,00726"
"22,27600";"3,61699";"-0,01085"
"22,28600";"3,60199";"-0,01131"
"22,29600";"3,58700";"-0,01079"
"22,30600";"3,57189";"-0,00558"
"22,31600";"3,55678";"-0,00057"
"22,32600";"3,54190";"-0,00204"
"22,33600";"3,52726";"-0,00385"
"22,34600";"3,51239";"-0,00715"
"22,35600";"3,49728";"-0,01081"
"22,36600";"3,48217";"-0,01730"
"22,37600";"3,46717";"-0,01530"
"22,38600";"3,45206";"-0,01010"
"22,39600";"3,43695";"-0,00606"
"22,40600";"3,42208";"-0,01346"
"22,41600";"3,40732";"-0,01454"
"22,42600";"3,39233";"-0,01179"
"22,43600";"3,37722";"-0,01427"
"22,44600";"3,36210";"-0,01488"
"22,45600";"3,34711";"-0,02409"
"22,46600";"3,33200";"-0,03296"
"22,47600";"3,31689";"-0,03501"
"22,48600";"3,30178";"-0,02627"
"22,49600";"3,28690";"-0,01048"
"22,50600";"3,27203";"-0,00357"
"22,51600";"3,25703";"-0,00191"
"22,52600";"3,24192";"-0,00579"
"22,53600";"3,22693";"-0,00016"
"22,54600";"3,21194";"-0,00224"
"22,55600";"3,19694";"-0,00823"
"22,56600";"3,18195";"-0,01660"
"22,57600";"3,16696";"-0,02652"
"22,58600";"3,15197";"-0,02681"
"22,59600";"3,13685";"-0,01735"
"22,60600";"3,12174";"-0,01953"
"22,61600";"3,10687";"-0,01600"
"22,62600";"3,09187";"-0,00981"
"22,63600";"3,07700";"-0,00245"
"22,64600";"3,06201";"0,00051"
"22,65600";"3,04701";"-0,00566"
"22,66600";"3,03214";"-0,00715"
"22,67600";"3,01715";"-0,00815"
"22,68600";"3,00203";"-0,01413"
"22,69600";"2,98692";"-0,01781"
"22,70600";"2,97205";"-0,01170"
"22,71600";"2,95717";"-0,01162"
"22,72600";"2,94218";"-0,00837"
"22,73600";"2,92719";"-0,01132"
"22,74600";"2,91219";"-0,01611"
"22,75600";"2,89720";"-0,01453"
"22,76600";"2,88197";"-0,01585"
"22,77600";"2,86686";"-0,02041"
"22,78600";"2,85187";"-0,02010"
"22,79600";"2,83699";"-0,01308"
"22,80600";"2,82200";"-0,01082"
"22,81600";"2,80701";"-0,01926"
"22,82600";"2,79201";"-0,02427"
"22,83600";"2,77702";"-0,02064"
"22,84600";"2,76191";"-0,02304"
"22,85600";"2,74680";"-0,01700"
"22,86600";"2,73169";"-0,01289"
"22,87600";"2,71693";"-0,00771"
"22,88600";"2,70194";"-0,00367"
"22,89600";"2,68683";"-0,00248"
"22,90600";"2,67183";"-0,00476"
"22,91600";"2,65684";"-0,00897"
"22,92600";"2,64185";"-0,00244"
"22,93600";"2,62674";"0,00348"
"22,94600";"2,61174";"0,00102"
"22,95600";"2,59687";"-0,00454"
"22,96600";"2,58199";"-0,01431"
"22,97600";"2,56700";"-0,01701"
"22,98600";"2,55201";"-0,01791"
"22,99600";"2,53701";"-0,02303"
"23,00600";"2,52202";"-0,02916"
"23,01600";"2,50691";"-0,02773"
"23,02600";"2,49192";"-0,02419"
"23,03600";"2,47704";"-0,01995"
"23,04600";"2,46228";"-0,01298"
"23,05600";"2,44729";"-0,00240"
"23,06600";"2,43206";"-0,00122"
"23,07600";"2,41695";"-0,00266"
"23,08600";"2,40196";"-0,00666"
"23,09600";"2,38685";"-0,00934"
"23,10600";"2,37162";"-0,01611"
"23,11600";"2,35674";"-0,01980"
"23,12600";"2,34199";"-0,02050"
"23,13600";"2,32699";"-0,01976"
"23,14600";"2,31200";"-0,01268"
"23,15600";"2,29689";"-0,00989"
"23,16600";"2,28201";"-0,00732"
"23,17600";"2,26702";"-0,00659"
"23,18600";"2,25203";"0,00091"
"23,19600";"2,23703";"0,00223"
"23,20600";"2,22204";"-0,00156"
"23,21600";"2,20717";"-0,00280"
"23,22600";"2,19206";"-0,00257"
"23,23600";"2,17706";"-0,00411"
"23,24600";"2,16207";"-0,00536"
"23,25600";"2,14719";"-0,00512"
"23,26600";"2,13208";"-0,00626"
"23,27600";"2,11697";"-0,00607"
"23,28600";"2,10198";"-0,00652"
"23,29600";"2,08699";"-0,01278"
"23,30600";"2,07188";"-0,00895"
"23,31600";"2,05676";"-0,00675"
"23,32600";"2,04177";"-0,00418"
"23,33600";"2,02678";"-0,01069"
"23,34600";"2,01190";"-0,00542"
"23,35600";"1,99691";"-0,00531"
"23,36600";"1,98203";"-0,00924"
"23,37600";"1,96704";"-0,01259"
"23,38600";"1,95205";"-0,02183"
"23,39600";"1,93694";"-0,02622"
"23,40600";"1,92194";"-0,02397"
"23,41600";"1,90683";"-0,02224"
"23,42600";"1,89184";"-0,02458"
"23,43600";"1,87685";"-0,02120"
"23,44600";"1,86185";"-0,02052"
"23,45600";"1,84698";"-0,02388"
"23,46600";"1,83199";"-0,02198"
"23,47600";"1,81688";"-0,02146"
"23,48600";"1,80176";"-0,01917"
"23,49600";"1,78677";"-0,01702"
"23,50600";"1,77190";"-0,01873"
"23,51600";"1,75702";"-0,01906"
"23,52600";"1,74203";"-0,02212"
"23,53600";"1,72703";"-0,02474"
"23,54600";"1,71216";"-0,02143"
"23,55600";"1,69705";"-0,00836"
"23,56600";"1,68194";"-0,00389"
"23,57600";"1,66694";"-0,00075"
"23,58600";"1,65195";"-0,00206"
"23,59600";"1,63708";"-0,00618"
"23,60600";"1,62208";"-0,00157"
"23,61600";"1,60709";"-0,00943"
"23,62600";"1,59210";"-0,00976"
"23,63600";"1,57710";"-0,00551"
"23,64600";"1,56199";"-0,00491"
"23,65600";"1,54700";"-0,01064"
"23,66600";"1,53201";"-0,01434"
"23,67600";"1,51713";"-0,01937"
"23,68600";"1,50202";"-0,01789"
"23,69600";"1,48691";"-0,00990"
"23,70600";"1,47192";"-0,00737"
"23,71600";"1,45704";"-0,01345"
"23,72600";"1,44193";"-0,01078"
"23,73600";"1,42682";"-0,00502"
"23,74600";"1,41194";"-0,00723"
"23,75600";"1,39707";"-0,01097"
"23,76600";"1,38208";"-0,01139"
"23,77600";"1,36697";"-0,01909"
"23,78600";"1,35185";"-0,02297"
"23,79600";"1,33686";"-0,01922"
"23,80600";"1,32187";"-0,01447"
"23,81600";"1,30687";"-0,01250"
"23,82600";"1,29188";"-0,01352"
"23,83600";"1,27701";"-0,01410"
"23,84600";"1,26213";"-0,01250"
"23,85600";"1,24702";"-0,01474"
"23,86600";"1,23203";"-0,02180"
"23,87600";"1,21715";"-0,02686"
"23,88600";"1,20204";"-0,03002"
"23,89600";"1,18705";"-0,02940"
"23,90600";"1,17206";"-0,02987"
"23,91600";"1,15706";"-0,02918"
"23,92600";"1,14219";"-0,02560"
"23,93600";"1,12708";"-0,02057"
"23,94600";"1,11197";"-0,01640"
"23,95600";"1,09697";"-0,01636"
"23,96600";"1,08210";"-0,01542"
"23,97600";"1,06710";"-0,01785"
"23,98600";"1,05223";"-0,02280"
"23,99600";"1,03712";"-0,02649"
"24,00600";"1,02213";"-0,02449"
"24,01600";"1,00713";"-0,02372"
"24,02600";"0,99202";"-0,01863"
"24,03600";"0,97703";"-0,01689"
"24,04600";"0,96192";"-0,01614"
"24,05600";"0,94692";"-0,02095"
"24,06600";"0,93193";"-0,02643"
"24,07600";"0,91694";"-0,02881"
"24,08600";"0,90206";"-0,02876"
"24,09600";"0,88707";"-0,03175"
"24,10600";"0,87196";"-0,03356"
"24,11600";"0,85685";"-0,02741"
"24,12600";"0,84185";"-0,01552"
"24,13600";"0,82698";"-0,01196"
"24,14600";"0,81199";"-0,00358"
"24,15600";"0,79699";"-0,00088"
"24,16600";"0,78212";"-0,00284"
"24,17600";"0,76724";"-0,00602"
"24,18600";"0,75225";"-0,02050"
"24,19600";"0,73714";"-0,03379"
"24,20600";"0,72215";"-0,03768"
"24,21600";"0,70715";"-0,03604"
"24,22600";"0,69204";"-0,03355"
"24,23600";"0,67705";"-0,03451"
"24,24600";"0,66206";"-0,03593"
"24,25600";"0,64718";"-0,03600"
"24,26600";"0,63219";"-0,03090"
"24,27600";"0,61696";"-0,02683"
"24,28600";"0,60197";"-0,02457"
"24,29600";"0,58697";"-0,02783"
"24,30600";"0,57198";"-0,03220"
"24,31600";"0,55687";"-0,02927"
"24,32600";"0,54176";"-0,02694"
"24,33600";"0,52688";"-0,01479"
"24,34600";"0,51189";"-0,01074"
"24,35600";"0,49678";"-0,01532"
"24,36600";"0,48167";"-0,01985"
"24,37600";"0,46691";"-0,02635"
"24,38600";"0,45203";"-0,02744"
"24,39600";"0,43704";"-0,02945"
"24,40600";"0,42193";"-0,02771"
"24,41600";"0,40694";"-0,02668"
"24,42600";"0,39206";"-0,02374"
"24,43600";"0,37683";"-0,02001"
"24,44600";"0,36184";"-0,02000"
"24,45600";"0,34697";"-0,01834"
"24,46600";"0,33209";"-0,01923"
"24,47600";"0,31710";"-0,01408"
"24,48600";"0,30199";"-0,01241"
"24,49600";"0,28699";"-0,01319"
"24,50600";"0,27200";"-0,01084"
"24,51600";"0,25701";"-0,00336"
"24,52600";"0,24190";"-0,00376"
"24,53600";"0,22690";"-0,00822"
"24,54600";"0,21203";"-0,01831"
"24,55600";"0,19715";"-0,02648"
"24,56600";"0,18192";"-0,03038"
"24,57600";"0,16693";"-0,03208"
"24,58600";"0,15194";"-0,02413"
"24,59600";"0,13694";"-0,02186"
"24,60600";"0,12195";"-0,02384"
"24,61600";"0,10708";"-0,03467"
"24,62600";"0,09220";"-0,03957"
"24,63600";"0,07733";"-0,03917"
"24,64600";"0,06222";"-0,03468"
"24,65600";"0,04722";"-0,03136"
"24,66600";"0,03211";"-0,02958"
"24,67600";"0,01712";"-0,03187"
"24,68600";"0,00213";"-0,03076"
"24,68800";"-0,00083";"-0,02955"
"24,69000";"-0,00390";"-0,02878"
"24,70000";"-0,01676";"-0,02893"
"24,71000";"-0,02385";"-0,01925"
"24,71600";"-0,02562";"-0,00832"
"24,72600";"-0,02467";"0,00813"
"24,73600";"-0,01948";"0,01672"
"24,74600";"-0,00767";"0,02864"
"24,75600";"0,00944";"0,04073"
"24,76600";"0,02975";"0,04306"
"24,77600";"0,05135";"0,03576"
"24,78600";"0,07319";"0,02159"
"24,79600";"0,09444";"0,00144"
"24,80600";"0,11499";"-0,02085"
"24,81600";"0,13458";"-0,03893"
"24,82600";"0,15335";"-0,04241"
"24,83600";"0,17130";"-0,03873"
"24,84600";"0,18877";"-0,03219"
"24,85600";"0,20565";"-0,02692"
"24,86600";"0,22218";"-0,02043"
"24,87600";"0,23847";"-0,01495"
"24,88600";"0,25441";"-0,01528"
"24,89600";"0,27011";"-0,01893"
"24,90600";"0,28558";"-0,02031"
"24,91600";"0,30104";"-0,01716"
"24,92600";"0,31651";"-0,01646"
"24,93600";"0,33185";"-0,01960"
"24,94600";"0,34708";"-0,01804"
"24,95600";"0,36219";"-0,01576"
"24,96600";"0,37731";"-0,01976"
"24,97600";"0,39230";"-0,02279"
"24,98600";"0,40741";"-0,01903"
"24,99600";"0,42252";"-0,01917"
"25,00600";"0,43763";"-0,02083"
"25,01600";"0,45286";"-0,01760"
"25,02600";"0,46785";"-0,00975"
"25,03600";"0,48297";"-0,00691"
"25,04600";"0,49796";"-0,00159"
"25,05600";"0,51283";"-0,00906"
"25,06600";"0,52783";"-0,01656"
"25,07600";"0,54282";"-0,01859"
"25,08600";"0,55793";"-0,02964"
"25,09600";"0,57292";"-0,03078"
"25,10600";"0,58792";"-0,02846"
"25,11600";"0,60291";"-0,02884"
"25,12600";"0,61790";"-0,01968"
"25,13600";"0,63290";"-0,01034"
"25,14600";"0,64789";"-0,00319"
"25,15600";"0,66288";"-0,00045"
"25,16600";"0,67799";"-0,00638"
"25,17600";"0,69299";"-0,01517"
"25,18600";"0,70798";"-0,02367"
"25,19600";"0,72297";"-0,02229"
"25,20600";"0,73797";"-0,01990"
"25,21600";"0,75296";"-0,01813"
"25,22600";"0,76795";"-0,01759"
"25,23600";"0,78306";"-0,01670"
"25,24600";"0,79806";"-0,01740"
"25,25600";"0,81305";"-0,01936"
"25,26600";"0,82804";"-0,01032"
"25,27600";"0,84292";"-0,00197"
"25,28600";"0,85791";"-0,00055"
"25,29600";"0,87278";"-0,00117"
"25,30600";"0,88778";"-0,00989"
"25,31600";"0,90289";"-0,02055"
"25,32600";"0,91788";"-0,02592"
"25,33600";"0,93299";"-0,01855"
"25,34600";"0,94799";"-0,01375"
"25,35600";"0,96298";"-0,01208"
"25,36600";"0,97785";"-0,00479"
"25,37600";"0,99285";"0,00172"
"25,38600";"1,00784";"-0,00154"
"25,39600";"1,02295";"-0,01331"
"25,40600";"1,03806";"-0,01875"
"25,41600";"1,05306";"-0,01886"
"25,42600";"1,06817";"-0,01855"
"25,43600";"1,08316";"-0,01348"
"25,44600";"1,09815";"-0,00334"
"25,45600";"1,11303";"0,00715"
"25,46600";"1,12802";"0,00548"
"25,47600";"1,14301";"-0,00251"
"25,48600";"1,15801";"-0,00869"
"25,49600";"1,17300";"-0,00906"
"25,50600";"1,18799";"-0,00533"
"25,51600";"1,20299";"-0,00191"
"25,52600";"1,21798";"0,00216"
"25,53600";"1,23297";"-0,00238"
"25,54600";"1,24797";"-0,01247"
"25,55600";"1,26296";"-0,01002"
"25,56600";"1,27807";"-0,00286"
"25,57600";"1,29306";"-0,00922"
"25,58600";"1,30806";"-0,01749"
"25,59600";"1,32305";"-0,01678"
"25,60600";"1,33792";"-0,01812"
"25,61600";"1,35292";"-0,02416"
"25,62600";"1,36791";"-0,02882"
"25,63600";"1,38302";"-0,02600"
"25,64600";"1,39801";"-0,02604"
"25,65600";"1,41313";"-0,02569"
"25,66600";"1,42800";"-0,01946"
"25,67600";"1,44299";"-0,00350"
"25,68600";"1,45799";"0,00230"
"25,69600";"1,47286";"-0,00128"
"25,70600";"1,48797";"-0,00927"
"25,71600";"1,50297";"-0,01413"
"25,72600";"1,51808";"-0,00664"
"25,73600";"1,53307";"-0,00653"
"25,74600";"1,54806";"-0,01560"
"25,75600";"1,56306";"-0,02046"
"25,76600";"1,57805";"-0,01562"
"25,77600";"1,59304";"-0,01387"
"25,78600";"1,60815";"-0,01415"
"25,79600";"1,62315";"-0,01509"
"25,80600";"1,63814";"-0,01842"
"25,81600";"1,65313";"-0,01737"
"25,82600";"1,66813";"-0,01441"
"25,83600";"1,68312";"-0,01668"
"25,84600";"1,69811";"-0,01601"
"25,85600";"1,71299";"-0,01877"
"25,86600";"1,72810";"-0,01742"
"25,87600";"1,74309";"-0,01951"
"25,88600";"1,75808";"-0,01951"
"25,89600";"1,77319";"-0,01851"
"25,90600";"1,78807";"-0,01569"
"25,91600";"1,80306";"-0,00803"
"25,92600";"1,81794";"0,00298"
"25,93600";"1,83293";"0,00587"
"25,94600";"1,84792";"-0,00080"
"25,95600";"1,86292";"-0,00273"
"25,96600";"1,87791";"-0,00062"
"25,97600";"1,89302";"0,00475"
"25,98600";"1,90801";"0,00543"
"25,99600";"1,92301";"0,00697"
"26,00600";"1,93788";"0,00175"
"26,01600";"1,95288";"-0,01345"
"26,02600";"1,96787";"-0,02499"
"26,03600";"1,98298";"-0,02569"
"26,04600";"1,99797";"-0,01990"
"26,05600";"2,01297";"-0,00994"
"26,06600";"2,02784";"-0,00405"
"26,07600";"2,04283";"-0,00978"
"26,08600";"2,05783";"-0,01931"
"26,09600";"2,07282";"-0,02554"
"26,10600";"2,08793";"-0,02233"
"26,11600";"2,10292";"-0,01117"
"26,12600";"2,11792";"-0,01215"
"26,13600";"2,13303";"-0,01083"
"26,14600";"2,14790";"-0,01142"
"26,15600";"2,16290";"-0,01015"
"26,16600";"2,17777";"-0,00750"
"26,17600";"2,19288";"-0,00959"
"26,18600";"2,20799";"-0,00998"
"26,19600";"2,22299";"-0,01161"
"26,20600";"2,23798";"-0,00988"
"26,21600";"2,25297";"-0,01104"
"26,22600";"2,26797";"-0,01114"
"26,23600";"2,28296";"-0,00923"
"26,24600";"2,29783";"-0,00502"
"26,25600";"2,31294";"-0,00778"
"26,26600";"2,32794";"-0,01253"
"26,27600";"2,34305";"-0,02235"
"26,28600";"2,35792";"-0,01957"
"26,29600";"2,37292";"-0,01031"
"26,30600";"2,38803";"-0,00461"
"26,31600";"2,40302";"-0,00417"
"26,32600";"2,41790";"-0,01092"
"26,33600";"2,43289";"-0,02355"
"26,34600";"2,44800";"-0,02354"
"26,35600";"2,46311";"-0,01865"
"26,36600";"2,47822";"-0,01227"
"26,37600";"2,49322";"-0,01068"
"26,38600";"2,50821";"-0,01234"
"26,39600";"2,52308";"-0,01651"
"26,40600";"2,53796";"-0,01829"
"26,41600";"2,55295";"-0,02150"
"26,42600";"2,56783";"-0,02335"
"26,43600";"2,58282";"-0,02426"
"26,44600";"2,59769";"-0,01999"
"26,45600";"2,61257";"-0,00922"
"26,46600";"2,62744";"-0,00383"
"26,47600";"2,64220";"-0,00164"
"26,48600";"2,65731";"0,00384"
"26,49600";"2,67231";"-0,00303"
"26,50600";"2,68742";"-0,01179"
"26,51600";"2,70253";"-0,01552"
"26,52600";"2,71764";"-0,02146"
"26,53600";"2,73263";"-0,02686"
"26,54600";"2,74786";"-0,02556"
"26,55600";"2,76309";"-0,01515"
"26,56600";"2,77832";"-0,00951"
"26,57600";"2,79331";"-0,01253"
"26,58600";"2,80831";"-0,01394"
"26,59600";"2,82330";"-0,01466"
"26,60600";"2,83829";"-0,00044"
"26,61600";"2,85340";"0,00523"
"26,62600";"2,86828";"-0,00067"
"26,63600";"2,88315";"-0,00511"
"26,64600";"2,89815";"-0,00334"
"26,65600";"2,91314";"-0,00050"
"26,66600";"2,92813";"0,00334"
"26,67600";"2,94324";"0,00468"
"26,68600";"2,95824";"0,00306"
"26,69600";"2,97323";"-0,00337"
"26,70600";"2,98810";"-0,00792"
"26,71600";"3,00298";"-0,01006"
"26,72600";"3,01797";"-0,01460"
"26,73600";"3,03297";"-0,01287"
"26,74600";"3,04796";"-0,00920"
"26,75600";"3,06283";"-0,00784"
"26,76600";"3,07771";"-0,00517"
"26,77600";"3,09258";"-0,00001"
"26,78600";"3,10746";"-0,00147"
"26,79600";"3,12233";"-0,00765"
"26,80600";"3,13733";"-0,01547"
"26,81600";"3,15244";"-0,02161"
"26,82600";"3,16767";"-0,01851"
"26,83600";"3,18290";"-0,00937"
"26,84600";"3,19812";"-0,00470"
"26,85600";"3,21324";"-0,00055"
"26,86600";"3,22823";"-0,00808"
"26,87600";"3,24334";"-0,01642"
"26,88600";"3,25833";"-0,01510"
"26,89600";"3,27333";"-0,01401"
"26,90600";"3,28844";"-0,01653"
"26,91600";"3,30343";"-0,01157"
"26,92600";"3,31854";"-0,01089"
"26,93600";"3,33342";"-0,01069"
"26,94600";"3,34817";"-0,00174"
"26,95600";"3,36305";"0,00821"
"26,96600";"3,37804";"0,00715"
"26,97600";"3,39303";"0,00563"
"26,98600";"3,40803";"0,00183"
"26,99600";"3,42302";"0,00298"
"27,00600";"3,43813";"0,00676"
"27,01600";"3,45301";"0,00813"
"27,02600";"3,46800";"0,00623"
"27,03600";"3,48287";"0,00219"
"27,04600";"3,49787";"0,00035"
"27,05600";"3,51274";"0,00392"
"27,06600";"3,52762";"0,00306"
"27,07600";"3,54249";"-0,00451"
"27,08600";"3,55760";"-0,00696"
"27,09600";"3,57260";"-0,00379"
"27,10600";"3,58747";"0,00119"
"27,11600";"3,60258";"0,00015"
"27,12600";"3,61769";"-0,00153"
"27,13600";"3,63281";"0,00043"
"27,14600";"3,64792";"0,00045"
"27,15600";"3,66303";"-0,00327"
"27,16600";"3,67814";"-0,01091"
"27,17600";"3,69313";"-0,00792"
"27,18600";"3,70824";"-0,00821"
"27,19600";"3,72335";"-0,01068"
"27,20600";"3,73835";"-0,01330"
"27,21600";"3,75346";"-0,00954"
"27,22600";"3,76845";"-0,00677"
"27,23600";"3,78344";"0,00671"
"27,24600";"3,79832";"0,01629"
"27,25600";"3,81319";"0,01579"
"27,26600";"3,82807";"0,00225"
"27,27600";"3,84294";"-0,00529"
"27,28600";"3,85782";"-0,01391"
"27,29600";"3,87281";"-0,01773"
"27,30600";"3,88792";"-0,01454"
"27,31600";"3,90303";"-0,01040"
"27,32600";"3,91815";"-0,00366"
"27,33600";"3,93314";"-0,00044"
"27,34600";"3,94801";"-0,00125"
"27,35600";"3,96301";"-0,00520"
"27,36600";"3,97776";"-0,00134"
"27,37600";"3,99288";"-0,00156"
"27,38600";"4,00787";"0,00319"
"27,39600";"4,02274";"0,00692"
"27,40600";"4,03785";"0,00703"
"27,41600";"4,05285";"0,01234"
"27,42600";"4,06784";"0,01722"
"27,43600";"4,08283";"0,02298"
"27,44600";"4,09794";"0,02635"
"27,45600";"4,11317";"0,02372"
"27,46600";"4,12828";"0,00623"
"27,47600";"4,14351";"-0,01343"
"27,48600";"4,15863";"-0,02340"
"27,49600";"4,17350";"-0,02017"
"27,50600";"4,18849";"-0,01261"
"27,51600";"4,20349";"-0,01296"
"27,52600";"4,21836";"-0,01507"
"27,53600";"4,23335";"-0,01842"
"27,54600";"4,24823";"-0,02148"
"27,55600";"4,26310";"-0,02653"
"27,56600";"4,27798";"-0,02050"
"27,57600";"4,29297";"-0,01689"
"27,58600";"4,30785";"-0,01530"
"27,59600";"4,32284";"-0,01319"
"27,60600";"4,33807";"-0,01151"
"27,61600";"4,35318";"-0,00344"
"27,62600";"4,36817";"0,00118"
"27,63600";"4,38305";"0,00132"
"27,64600";"4,39792";"-0,00342"
"27,65600";"4,41280";"-0,00852"
"27,66600";"4,42779";"-0,00327"
"27,67600";"4,44278";"0,00186"
"27,68600";"4,45778";"0,00506"
"27,69600";"4,47277";"0,00952"
"27,70600";"4,48788";"0,00947"
"27,71600";"4,50288";"0,00312"
"27,72600";"4,51775";"-0,00571"
"27,73600";"4,53274";"-0,01105"
"27,74600";"4,54785";"-0,01540"
"27,75600";"4,56308";"-0,01734"
"27,76600";"4,57831";"-0,01515"
"27,77600";"4,59342";"-0,01020"
"27,78600";"4,60830";"-0,00773"
"27,79600";"4,62329";"-0,00145"
"27,80600";"4,63817";"0,00201"
"27,81600";"4,65292";"0,00414"
"27,82600";"4,66792";"0,00948"
"27,83600";"4,68303";"0,01792"
"27,84600";"4,69802";"0,02124"
"27,85600";"4,71301";"0,01576"
"27,86600";"4,72813";"0,00160"
"27,87600";"4,74312";"-0,00575"
"27,88600";"4,75799";"-0,00481"
"27,89600";"4,77299";"-0,00058"
"27,90600";"4,78786";"-0,00117"
"27,91600";"4,80297";"-0,01130"
"27,92600";"4,81797";"-0,01628"
"27,93600";"4,83296";"-0,01593"
"27,94600";"4,84795";"-0,01967"
"27,95600";"4,86283";"-0,01967"
"27,96600";"4,87770";"-0,01440"
"27,97600";"4,89258";"-0,00980"
"27,98600";"4,90769";"-0,00192"
"27,99600";"4,92280";"0,00987"
"28,00600";"4,93779";"0,01206"
"28,01600";"4,95290";"0,00717"
"28,02600";"4,96790";"0,00406"
"28,03600";"4,98301";"-0,00299"
"28,04600";"4,99812";"-0,00419"
"28,05600";"5,01335";"-0,00698"
"28,06600";"5,02834";"-0,01931"
"28,07600";"5,04333";"-0,01968"
"28,08600";"5,05844";"-0,01277"
"28,09600";"5,07344";"-0,00543"
"28,10600";"5,08831";"-0,00213"
"28,11600";"5,10331";"-0,00176"
"28,12600";"5,11818";"0,00565"
"28,13600";"5,13306";"0,00872"
"28,14600";"5,14805";"0,00729"
"28,15600";"5,16316";"0,00266"
"28,16600";"5,17815";"0,00204"
"28,17600";"5,19326";"0,00160"
"28,18600";"5,20826";"0,00089"
"28,19600";"5,22313";"0,00629"
"28,20600";"5,23789";"0,00523"
"28,21600";"5,25276";"0,00095"
"28,22600";"5,26776";"0,00347"
"28,23600";"5,28287";"0,00020"
"28,24600";"5,29786";"-0,01677"
"28,25600";"5,31285";"-0,02028"
"28,26600";"5,32785";"-0,01707"
"28,27600";"5,34296";"-0,01481"
"28,28600";"5,35795";"-0,00419"
"28,29600";"5,37294";"0,00674"
"28,30600";"5,38794";"0,00846"
"28,31600";"5,40293";"0,00389"
"28,32600";"5,41804";"-0,00231"
"28,33600";"5,43303";"-0,01050"
"28,34600";"5,44815";"-0,00847"
"28,35600";"5,46326";"-0,00830"
"28,36600";"5,47813";"-0,01196"
"28,37600";"5,49312";"-0,01452"
"28,38600";"5,50824";"-0,00813"
"28,39600";"5,52311";"-0,00982"
"28,40600";"5,53810";"-0,00849"
"28,41600";"5,55310";"-0,00673"
"28,42600";"5,56809";"-0,00215"
"28,43600";"5,58297";"0,00352"
"28,44600";"5,59796";"0,00073"
"28,45600";"5,61283";"-0,00543"
"28,46600";"5,62783";"-0,00493"
"28,47600";"5,64282";"-0,00366"
"28,48600";"5,65781";"-0,00121"
"28,49600";"5,67292";"0,00529"
"28,50600";"5,68792";"0,00758"
"28,51600";"5,70303";"-0,00377"
"28,52600";"5,71790";"-0,00429"
"28,53600";"5,73301";"-0,00896"
"28,54600";"5,74801";"-0,00999"
"28,55600";"5,76312";"-0,00794"
"28,56600";"5,77823";"-0,01131"
"28,57600";"5,79322";"-0,01062"
"28,58600";"5,80822";"-0,00590"
"28,59600";"5,82321";"-0,00394"
"28,60600";"5,83808";"-0,00546"
"28,61600";"5,85308";"-0,00452"
"28,62600";"5,86807";"0,00268"
"28,63600";"5,88318";"0,00372"
"28,64600";"5,89817";"0,00596"
"28,65600";"5,91317";"0,00176"
"28,66600";"5,92816";"-0,00011"
"28,67600";"5,94303";"-0,00922"
"28,68600";"5,95803";"-0,01209"
"28,69600";"5,97302";"-0,00831"
"28,70600";"5,98801";"-0,00143"
"28,71600";"6,00312";"0,00603"
"28,72600";"6,01812";"0,00565"
"28,73600";"6,03311";"0,00701"
"28,74600";"6,04810";"0,01199"
"28,75600";"6,06310";"0,01103"
"28,76600";"6,07809";"0,00679"
"28,77600";"6,09297";"0,00267"
"28,78600";"6,10796";"-0,00068"
"28,79600";"6,12283";"-0,00506"
"28,80600";"6,13783";"-0,00112"
"28,81600";"6,15282";"0,01055"
"28,82600";"6,16769";"0,01469"
"28,83600";"6,18269";"0,01571"
"28,84600";"6,19780";"0,01510"
"28,85600";"6,21291";"0,00986"
"28,86600";"6,22814";"-0,00339"
"28,87600";"6,24313";"-0,00665"
"28,88600";"6,25812";"0,00170"
"28,89600";"6,27324";"0,00939"
"28,90600";"6,28811";"0,00832"
"28,91600";"6,30310";"0,00102"
"28,92600";"6,31810";"-0,00137"
"28,93600";"6,33321";"-0,00815"
"28,94600";"6,34820";"-0,01593"
"28,95600";"6,36319";"-0,01961"
"28,96600";"6,37807";"-0,01794"
"28,97600";"6,39306";"-0,00538"
"28,98600";"6,40806";"-0,00184"
"28,99600";"6,42305";"-0,00120"
"29,00600";"6,43804";"-0,00290"
"29,01600";"6,45303";"-0,00801"
"29,02600";"6,46803";"-0,00669"
"29,03600";"6,48302";"0,00129"
"29,04600";"6,49790";"0,00621"
"29,05600";"6,51289";"0,00199"
"29,06600";"6,52788";"0,00323"
"29,07600";"6,54276";"0,00669"
"29,08600";"6,55775";"0,00672"
"29,09600";"6,57274";"-0,00165"
"29,10600";"6,58785";"-0,00634"
"29,11600";"6,60285";"0,00042"
"29,12600";"6,61784";"0,00692"
"29,13600";"6,63295";"0,00632"
"29,14600";"6,64794";"0,00437"
"29,15600";"6,66294";"-0,00487"
"29,16600";"6,67793";"-0,00421"
"29,17600";"6,69292";"0,00071"
"29,18600";"6,70803";"0,00108"
"29,19600";"6,72303";"-0,00595"
"29,20600";"6,73802";"-0,01147"
"29,21600";"6,75301";"-0,00904"
"29,22600";"6,76801";"-0,00899"
"29,23600";"6,78300";"-0,01130"
"29,24600";"6,79799";"-0,01670"
"29,25600";"6,81299";"-0,01558"
"29,26600";"6,82810";"-0,01127"
"29,27600";"6,84309";"-0,01027"
"29,28600";"6,85796";"-0,02008"
"29,29600";"6,87296";"-0,02467"
"29,30600";"6,88795";"-0,02169"
"29,31600";"6,90294";"-0,01822"
"29,32600";"6,91806";"-0,01831"
"29,33600";"6,93305";"-0,01084"
"29,34600";"6,94804";"-0,00063"
"29,35600";"6,96303";"0,00685"
"29,36600";"6,97791";"0,00991"
"29,37600";"6,99302";"0,01291"
"29,38600";"7,00790";"0,00882"
"29,39600";"7,02289";"0,00688"
"29,40600";"7,03788";"0,00593"
"29,41600";"7,05288";"0,01017"
"29,42600";"7,06787";"0,01274"
"29,43600";"7,08298";"0,00748"
"29,44600";"7,09797";"-0,00037"
"29,45600";"7,11297";"-0,00368"
"29,46600";"7,12796";"-0,00263"
"29,47600";"7,14295";"-0,00562"
"29,48600";"7,15794";"-0,01435"
"29,49600";"7,17294";"-0,01527"
"29,50600";"7,18805";"-0,01303"
"29,51600";"7,20304";"-0,01689"
"29,52600";"7,21803";"-0,01053"
"29,53600";"7,23303";"-0,00483"
"29,54600";"7,24802";"0,00101"
"29,55600";"7,26301";"0,00580"
"29,56600";"7,27813";"0,00531"
"29,57600";"7,29312";"0,00612"
"29,58600";"7,30811";"0,00378"
"29,59600";"7,32299";"-0,00347"
"29,60600";"7,33810";"-0,00993"
"29,61600";"7,35297";"-0,01613"
"29,62600";"7,36797";"-0,02085"
"29,63600";"7,38296";"-0,02443"
"29,64600";"7,39807";"-0,01871"
"29,65600";"7,41306";"-0,01292"
"29,66600";"7,42806";"-0,00967"
"29,67600";"7,44305";"-0,00961"
"29,68600";"7,45792";"-0,01001"
"29,69600";"7,47292";"-0,00657"
"29,70600";"7,48791";"-0,01137"
"29,71600";"7,50278";"-0,01527"
"29,72600";"7,51790";"-0,02209"
"29,73600";"7,53289";"-0,02043"
"29,74600";"7,54800";"-0,01656"
"29,75600";"7,56299";"-0,01181"
"29,76600";"7,57799";"-0,00873"
"29,77600";"7,59298";"-0,00787"
"29,78600";"7,60785";"-0,00653"
"29,79600";"7,62285";"-0,00590"
"29,80600";"7,63784";"-0,00422"
"29,81600";"7,65295";"-0,00072"
"29,82600";"7,66806";"0,00646"
"29,83600";"7,68306";"0,01508"
"29,84600";"7,69793";"0,02051"
"29,85600";"7,71292";"0,01445"
"29,86600";"7,72780";"0,00787"
"29,87600";"7,74291";"0,00049"
"29,88600";"7,75778";"-0,00372"
"29,89600";"7,77278";"0,00266"
"29,90600";"7,78777";"0,01346"
"29,91600";"7,80276";"0,01045"
"29,92600";"7,81776";"0,00474"
"29,93600";"7,83263";"0,00360"
"29,94600";"7,84762";"-0,00091"
"29,95600";"7,86274";"-0,00275"
"29,96600";"7,87785";"-0,00022"
"29,97600";"7,89296";"0,00662"
"29,98600";"7,90795";"0,01298"
"29,99600";"7,92294";"0,01615"
"30,00600";"7,93794";"0,00777"
"30,01600";"7,95281";"-0,00069"
"30,02600";"7,96781";"-0,00258"
"30,03600";"7,98292";"0,00402"
"30,04600";"7,99791";"0,00934"
"30,05600";"8,01302";"0,00797"
"30,06600";"8,02801";"0,00582"
"30,07600";"8,04313";"0,00953"
"30,08600";"8,05812";"0,01220"
"30,09600";"8,07311";"0,00958"
"30,10600";"8,08799";"0,00282"
"30,11600";"8,10298";"-0,00428"
"30,12600";"8,11809";"-0,01543"
"30,13600";"8,13308";"-0,02243"
"30,14600";"8,14808";"-0,01624"
"30,15600";"8,16307";"-0,01718"
"30,16600";"8,17818";"-0,02033"
"30,17600";"8,19317";"-0,01473"
"30,18600";"8,20817";"-0,00348"
"30,19600";"8,22316";"-0,00416"
"30,20600";"8,23815";"-0,00561"
"30,21600";"8,25315";"-0,00666"
"30,22600";"8,26826";"-0,00634"
"30,23600";"8,28313";"-0,00883"
"30,24600";"8,29801";"-0,00769"
"30,25600";"8,31300";"-0,00340"
"30,26600";"8,32811";"-0,00327"
"30,27600";"8,34310";"-0,00528"
"30,28600";"8,35822";"-0,00475"
"30,29600";"8,37321";"-0,00163"
"30,30600";"8,38820";"-0,00502"
"30,31600";"8,40308";"-0,00749"
"30,32600";"8,41795";"-0,00774"
"30,33600";"8,43294";"-0,00211"
"30,34600";"8,44794";"-0,00777"
"30,35600";"8,46293";"-0,00761"
"30,36600";"8,47804";"-0,00392"
"30,37600";"8,49315";"0,00312"
"30,38600";"8,50826";"0,01104"
"30,39600";"8,52326";"0,00449"
"30,40600";"8,53801";"-0,00325"
"30,41600";"8,55301";"-0,00632"
"30,42600";"8,56800";"-0,00470"
"30,43600";"8,58299";"0,00185"
"30,44600";"8,59799";"0,00665"
"30,45600";"8,61310";"0,00323"
"30,46600";"8,62821";"-0,00457"
"30,47600";"8,64308";"-0,01308"
"30,48600";"8,65796";"-0,01090"
"30,49600";"8,67295";"-0,00862"
"30,50600";"8,68795";"-0,00394"
"30,51600";"8,70306";"-0,00222"
"30,52600";"8,71793";"-0,00391"
"30,53600";"8,73304";"-0,00944"
"30,54600";"8,74803";"-0,01506"
"30,55600";"8,76303";"-0,01520"
"30,56600";"8,77790";"-0,01243"
"30,57600";"8,79290";"-0,01151"
"30,58600";"8,80789";"-0,01052"
"30,59600";"8,82300";"-0,01073"
"30,60600";"8,83799";"-0,01175"
"30,61600";"8,85299";"-0,01654"
"30,62600";"8,86798";"-0,00523"
"30,63600";"8,88297";"0,00049"
"30,64600";"8,89797";"0,00111"
"30,65600";"8,91284";"0,00478"
"30,66600";"8,92783";"0,00550"
"30,67600";"8,94294";"0,00262"
"30,68600";"8,95782";"0,00067"
"30,69600";"8,97281";"0,00227"
"30,70600";"8,98780";"0,00443"
"30,71600";"9,00292";"0,00422"
"30,72600";"9,01779";"0,00309"
"30,73600";"9,03279";"0,00667"
"30,74600";"9,04790";"0,00991"
"30,75600";"9,06301";"0,00531"
"30,76600";"9,07800";"-0,00196"
"30,77600";"9,09299";"-0,00737"
"30,78600";"9,10810";"-0,00727"
"30,79600";"9,12310";"-0,00175"
"30,80600";"9,13809";"0,00306"
"30,81600";"9,15297";"0,00056"
"30,82600";"9,16796";"-0,00728"
"30,83600";"9,18307";"-0,01463"
"30,84600";"9,19818";"-0,01551"
"30,85600";"9,21317";"-0,01018"
"30,86600";"9,22817";"-0,00651"
"30,87600";"9,24316";"-0,00142"
"30,88600";"9,25815";"0,00007"
"30,89600";"9,27315";"-0,00249"
"30,90600";"9,28814";"-0,00092"
"30,91600";"9,30313";"-0,00764"
"30,92600";"9,31824";"-0,00931"
"30,93600";"9,33324";"-0,01190"
"30,94600";"9,34823";"-0,01208"
"30,95600";"9,36310";"-0,01176"
"30,96600";"9,37810";"-0,00568"
"30,97600";"9,39309";"0,00091"
"30,98600";"9,40808";"0,00816"
"30,99600";"9,42308";"0,01771"
"31,00600";"9,43807";"0,01759"
"31,01600";"9,45318";"0,00617"
"31,02600";"9,46817";"0,00028"
"31,03600";"9,48305";"-0,00029"
"31,04600";"9,49804";"-0,00121"
"31,05600";"9,51304";"-0,00182"
"31,06600";"9,52803";"-0,00248"
"31,07600";"9,54302";"-0,00803"
"31,08600";"9,55813";"-0,00799"
"31,09600";"9,57312";"-0,01102"
"31,10600";"9,58812";"-0,00466"
"31,11600";"9,60299";"-0,00407"
"31,12600";"9,61799";"-0,00703"
"31,13600";"9,63310";"-0,00044"
"31,14600";"9,64809";"0,00205"
"31,15600";"9,66297";"-0,00027"
"31,16600";"9,67796";"-0,00660"
"31,17600";"9,69307";"-0,00827"
"31,18600";"9,70794";"-0,00798"
"31,19600";"9,72294";"0,00517"
"31,20600";"9,73793";"0,01411"
"31,21600";"9,75304";"0,02227"
"31,22600";"9,76803";"0,03127"
"31,23600";"9,78291";"0,03302"
"31,24600";"9,79790";"0,02656"
"31,25600";"9,81290";"0,02138"
"31,26600";"9,82789";"0,01524"
"31,27600";"9,84276";"0,01286"
"31,28600";"9,85776";"0,01102"
"31,29600";"9,87287";"0,01119"
"31,30600";"9,88798";"0,01539"
"31,31600";"9,90297";"0,01499"
"31,32600";"9,91808";"0,01637"
"31,33600";"9,93308";"0,01334"
"31,34600";"9,94807";"0,01056"
"31,35600";"9,96294";"0,01523"
"31,36600";"9,97782";"0,02530"
"31,37600";"9,99293";"0,03344"
"31,38600";"10,00804";"0,04492"
"31,39600";"10,02304";"0,05433"
"31,40600";"10,03803";"0,05226"
"31,41600";"10,05302";"0,04343"
"31,42600";"10,06813";"0,03565"
"31,43600";"10,08301";"0,03449"
"31,44600";"10,09800";"0,03456"
"31,45600";"10,11299";"0,03313"
"31,46600";"10,12799";"0,03391"
"31,47600";"10,14310";"0,03383"
"31,48600";"10,15809";"0,02514"
"31,49600";"10,17320";"0,02219"
"31,50600";"10,18820";"0,02679"
"31,51600";"10,20319";"0,02787"
"31,52600";"10,21818";"0,02649"
"31,53600";"10,23329";"0,02865"
"31,54600";"10,24840";"0,02162"
"31,55600";"10,26328";"0,02791"
"31,56600";"10,27827";"0,03284"
"31,57600";"10,29315";"0,02874"
"31,58600";"10,30814";"0,01953"
"31,59600";"10,32313";"0,02439"
"31,60600";"10,33813";"0,03664"
"31,61600";"10,35312";"0,03777"
"31,62600";"10,36811";"0,03448"
"31,63600";"10,38322";"0,04012"
"31,64600";"10,39822";"0,05630"
"31,65600";"10,41321";"0,06643"
"31,66600";"10,42808";"0,06854"
"31,67600";"10,44308";"0,06318"
"31,68600";"10,45807";"0,05471"
"31,69600";"10,47318";"0,05103"
"31,70600";"10,48817";"0,05140"
"31,71600";"10,50328";"0,05685"
"31,72600";"10,51828";"0,05889"
"31,73600";"10,53315";"0,05579"
"31,74600";"10,54815";"0,05391"
"31,75600";"10,56302";"0,06258"
"31,76600";"10,57790";"0,07241"
"31,77600";"10,59289";"0,07101"
"31,78600";"10,60788";"0,06426"
"31,79600";"10,62288";"0,05560"
"31,80600";"10,63787";"0,05000"
"31,81600";"10,65286";"0,04991"
"31,82600";"10,66785";"0,05236"
"31,83600";"10,68285";"0,05676"
"31,84600";"10,69784";"0,05926"
"31,85600";"10,71295";"0,06179"
"31,86600";"10,72794";"0,06916"
"31,87600";"10,74294";"0,07333"
"31,88600";"10,75793";"0,07238"
"31,89600";"10,77292";"0,07291"
"31,90600";"10,78780";"0,07189"
"31,91600";"10,80279";"0,06964"
"31,92600";"10,81790";"0,07113"
"31,93600";"10,83290";"0,07231"
"31,94600";"10,84789";"0,07248"
"31,95600";"10,86300";"0,07485"
"31,96600";"10,87799";"0,07883"
"31,97600";"10,89287";"0,07898"
"31,98600";"10,90786";"0,08398"
"31,99600";"10,92274";"0,08765"
"32,00600";"10,93785";"0,08839"
"32,01600";"10,95296";"0,08558"
"32,02600";"10,96807";"0,08074"
"32,03600";"10,98306";"0,07765"
"32,04600";"10,99806";"0,07155"
"32,05600";"11,01305";"0,07305"
"32,06600";"11,02804";"0,07700"
"32,07600";"11,04303";"0,08249"
"32,08600";"11,05815";"0,07992"
"32,09600";"11,07314";"0,07715"
"32,10600";"11,08813";"0,08256"
"32,11600";"11,10301";"0,08817"
"32,12600";"11,11800";"0,09803"
"32,13600";"11,13299";"0,10295"
"32,14600";"11,14799";"0,10484"
"32,15600";"11,16310";"0,11021"
"32,16600";"11,17821";"0,10455"
"32,17600";"11,19320";"0,10212"
"32,18600";"11,20820";"0,09602"
"32,19600";"11,22307";"0,09723"
"32,20600";"11,23806";"0,10566"
"32,21600";"11,25306";"0,11349"
"32,22600";"11,26793";"0,12083"
"32,23600";"11,28304";"0,12770"
"32,24600";"11,29803";"0,12558"
"32,25600";"11,31303";"0,11484"
"32,26600";"11,32802";"0,11224"
"32,27600";"11,34290";"0,10732"
"32,28600";"11,35789";"0,10131"
"32,29600";"11,37288";"0,09910"
"32,30600";"11,38788";"0,10368"
"32,31600";"11,40298";"0,10358"
"32,32600";"11,41810";"0,10512"
"32,33600";"11,43309";"0,10289"
"32,34600";"11,44820";"0,10550"
"32,35600";"11,46319";"0,10190"
"32,36600";"11,47819";"0,09456"
"32,37600";"11,49306";"0,08761"
"32,38600";"11,50806";"0,09051"
"32,39600";"11,52305";"0,10183"
"32,40600";"11,53804";"0,10550"
"32,41600";"11,55315";"0,11393"
"32,42600";"11,56815";"0,11023"
"32,43600";"11,58314";"0,11018"
"32,44600";"11,59813";"0,11576"
"32,45600";"11,61312";"0,12161"
"32,46600";"11,62800";"0,12368"
"32,47600";"11,64299";"0,12694"
"32,48600";"11,65799";"0,12458"
"32,49600";"11,67298";"0,13004"
"32,50600";"11,68797";"0,13357"
"32,51600";"11,70296";"0,13241"
"32,52600";"11,71808";"0,13047"
"32,53600";"11,73307";"0,12783"
"32,54600";"11,74806";"0,12318"
"32,55600";"11,76306";"0,11577"
"32,56600";"11,77817";"0,11416"
"32,57600";"11,79304";"0,11958"
"32,58600";"11,80803";"0,12208"
"32,59600";"11,82303";"0,12537"
"32,60600";"11,83802";"0,12459"
"32,61600";"11,85290";"0,12694"
"32,62600";"11,86777";"0,12913"
"32,63600";"11,88288";"0,13355"
"32,64600";"11,89799";"0,13282"
"32,65600";"11,91310";"0,12867"
"32,66600";"11,92810";"0,12479"
"32,67600";"11,94309";"0,12174"
"32,68600";"11,95808";"0,11892"
"32,69600";"11,97296";"0,12182"
"32,70600";"11,98795";"0,13351"
"32,71600";"12,00306";"0,13940"
"32,72600";"12,01806";"0,13728"
"32,73600";"12,03305";"0,13368"
"32,74600";"12,04804";"0,12366"
"32,75600";"12,06304";"0,12486"
"32,76600";"12,07803";"0,12886"
"32,77600";"12,09290";"0,13193"
"32,78600";"12,10790";"0,13091"
"32,79600";"12,12289";"0,12353"
"32,80600";"12,13800";"0,12054"
"32,81600";"12,15299";"0,11645"
"32,82600";"12,16787";"0,11337"
"32,83600";"12,18274";"0,11278"
"32,84600";"12,19774";"0,10659"
"32,85600";"12,21273";"0,10564"
"32,86600";"12,22784";"0,11216"
"32,87600";"12,24283";"0,12325"
"32,88600";"12,25795";"0,12543"
"32,89600";"12,27305";"0,12005"
"32,90600";"12,28793";"0,11907"
"32,91600";"12,30292";"0,12275"
"32,92600";"12,31768";"0,12414"
"32,93600";"12,33267";"0,12263"
"32,94600";"12,34778";"0,12757"
"32,95600";"12,36290";"0,12747"
"32,96600";"12,37801";"0,12647"
"32,97600";"12,39300";"0,12820"
"32,98600";"12,40799";"0,13538"
"32,99600";"12,42299";"0,14178"
"33,00600";"12,43798";"0,14161"
"33,01600";"12,45297";"0,13433"
"33,02600";"12,46797";"0,12325"
"33,03600";"12,48296";"0,11631"
"33,04600";"12,49795";"0,11507"
"33,05600";"12,51306";"0,12587"
"33,06600";"12,52805";"0,12910"
"33,07600";"12,54305";"0,12738"
"33,08600";"12,55792";"0,13000"
"33,09600";"12,57292";"0,13263"
"33,10600";"12,58791";"0,13423"
"33,11600";"12,60290";"0,14076"
"33,12600";"12,61790";"0,15151"
"33,13600";"12,63289";"0,14915"
"33,14600";"12,64776";"0,15370"
"33,15600";"12,66288";"0,15470"
"33,16600";"12,67775";"0,15237"
"33,17600";"12,69286";"0,14863"
"33,18600";"12,70797";"0,14841"
"33,19600";"12,72308";"0,14741"
"33,20600";"12,73819";"0,15045"
"33,21600";"12,75319";"0,14635"
"33,22600";"12,76830";"0,14162"
"33,23600";"12,78317";"0,14528"
"33,24600";"12,79805";"0,15080"
"33,25600";"12,81304";"0,15348"
"33,26600";"12,82815";"0,14923"
"33,27600";"12,84315";"0,14191"
"33,28600";"12,85814";"0,13424"
"33,29600";"12,87313";"0,12952"
"33,30600";"12,88824";"0,13024"
"33,31600";"12,90312";"0,13367"
"33,32600";"12,91787";"0,12971"
"33,33600";"12,93287";"0,13258"
"33,34600";"12,94786";"0,14203"
"33,35600";"12,96285";"0,15244"
"33,36600";"12,97785";"0,16138"
"33,37600";"12,99284";"0,16261"
"33,38600";"13,00795";"0,16146"
"33,39600";"13,02283";"0,16083"
"33,40600";"13,03782";"0,15996"
"33,41600";"13,05281";"0,15778"
"33,42600";"13,06804";"0,15246"
"33,43600";"13,08315";"0,14385"
"33,44600";"13,09814";"0,14450"
"33,45600";"13,11314";"0,15015"
"33,46600";"13,12813";"0,14935"
"33,47600";"13,14301";"0,14801"
"33,48600";"13,15788";"0,15183"
"33,49600";"13,17276";"0,15813"
"33,50600";"13,18787";"0,16395"
"33,51600";"13,20286";"0,16661"
"33,52600";"13,21797";"0,15851"
"33,53600";"13,23297";"0,14369"
"33,54600";"13,24796";"0,13893"
"33,55600";"13,26283";"0,14791"
"33,56600";"13,27783";"0,15930"
"33,57600";"13,29270";"0,16396"
"33,58600";"13,30781";"0,15739"
"33,59600";"13,32281";"0,15271"
"33,60600";"13,33792";"0,15853"
"33,61600";"13,35291";"0,16205"
"33,62600";"13,36790";"0,16052"
"33,63600";"13,38290";"0,15497"
"33,64600";"13,39789";"0,14832"
"33,65600";"13,41300";"0,15067"
"33,66600";"13,42799";"0,15642"
"33,67600";"13,44299";"0,16287"
"33,68600";"13,45798";"0,16835"
"33,69600";"13,47297";"0,16735"
"33,70600";"13,48808";"0,16317"
"33,71600";"13,50308";"0,16195"
"33,72600";"13,51807";"0,16562"
"33,73600";"13,53294";"0,16679"
"33,74600";"13,54794";"0,17204"
"33,75600";"13,56293";"0,17581"
"33,76600";"13,57804";"0,17121"
"33,77600";"13,59303";"0,16981"
"33,78600";"13,60791";"0,16593"
"33,79600";"13,62290";"0,16564"
"33,80600";"13,63778";"0,17531"
"33,81600";"13,65289";"0,18526"
"33,82600";"13,66800";"0,18773"
"33,83600";"13,68299";"0,18691"
"33,84600";"13,69810";"0,19757"
"33,85600";"13,71310";"0,20982"
"33,86600";"13,72809";"0,20584"
"33,87600";"13,74308";"0,19566"
"33,88600";"13,75796";"0,18425"
"33,89600";"13,77307";"0,18045"
"33,90600";"13,78806";"0,17930"
"33,91600";"13,80306";"0,17220"
"33,92600";"13,81817";"0,17807"
"33,93600";"13,83316";"0,18580"
"33,94600";"13,84815";"0,18907"
"33,95600";"13,86315";"0,19243"
"33,96600";"13,87814";"0,19894"
"33,97600";"13,89313";"0,19975"
"33,98600";"13,90801";"0,20218"
"33,99600";"13,92300";"0,20584"
"34,00600";"13,93811";"0,20743"
"34,01600";"13,95322";"0,20828"
"34,02600";"13,96810";"0,20608"
"34,03600";"13,98309";"0,20032"
"34,04600";"13,99820";"0,19807"
"34,05600";"14,01319";"0,20433"
"34,06600";"14,02819";"0,21046"
"34,07600";"14,04306";"0,20544"
"34,08600";"14,05805";"0,20055"
"34,09600";"14,07305";"0,19581"
"34,10600";"14,08804";"0,20144"
"34,11600";"14,10292";"0,20716"
"34,12600";"14,11791";"0,21147"
"34,13600";"14,13290";"0,21773"
"34,14600";"14,14790";"0,21985"
"34,15600";"14,16289";"0,22604"
"34,16600";"14,17788";"0,23478"
"34,17600";"14,19299";"0,23289"
"34,18600";"14,20787";"0,22996"
"34,19600";"14,22274";"0,22999"
"34,20600";"14,23785";"0,23100"
"34,21600";"14,25285";"0,23291"
"34,22600";"14,26796";"0,23075"
"34,23600";"14,28307";"0,23249"
"34,24600";"14,29818";"0,22896"
"34,25600";"14,31317";"0,22317"
"34,26600";"14,32817";"0,23184"
"34,27600";"14,34304";"0,24064"
"34,28600";"14,35803";"0,24620"
"34,29600";"14,37303";"0,24685"
"34,30600";"14,38802";"0,24593"
"34,31600";"14,40301";"0,25199"
"34,32600";"14,41813";"0,25541"
"34,33600";"14,43324";"0,25918"
"34,34600";"14,44811";"0,25552"
"34,35600";"14,46310";"0,24908"
"34,36600";"14,47810";"0,25558"
"34,37600";"14,49309";"0,26435"
"34,38600";"14,50820";"0,27174"
"34,39600";"14,52319";"0,27355"
"34,40600";"14,53819";"0,27915"
"34,41600";"14,55318";"0,28273"
"34,42600";"14,56817";"0,28679"
"34,43600";"14,58305";"0,29188"
"34,44600";"14,59804";"0,29913"
"34,45600";"14,61315";"0,29965"
"34,46600";"14,62815";"0,30493"
"34,47600";"14,64326";"0,30432"
"34,48600";"14,65825";"0,30244"
"34,49600";"14,67313";"0,30642"
"34,50600";"14,68812";"0,30790"
"34,51600";"14,70299";"0,30845"
"34,52600";"14,71799";"0,30624"
"34,53600";"14,73310";"0,31260"
"34,54600";"14,74821";"0,31932"
"34,55600";"14,76320";"0,32781"
"34,56600";"14,77820";"0,34137"
"34,57600";"14,79319";"0,34878"
"34,58600";"14,80818";"0,35335"
"34,59600";"14,82317";"0,35879"
"34,60600";"14,83817";"0,36403"
"34,61600";"14,85304";"0,37084"
"34,62600";"14,86804";"0,36823"
"34,63600";"14,88291";"0,36335"
"34,64600";"14,89790";"0,36591"
"34,65600";"14,91290";"0,37022"
"34,66600";"14,92801";"0,37078"
"34,67600";"14,94300";"0,37203"
"34,68600";"14,95811";"0,37882"
"34,69600";"14,97322";"0,39128"
"34,70600";"14,98822";"0,40081"
"34,71600";"15,00321";"0,41181"
"34,72600";"15,01820";"0,42103"
"34,73600";"15,03308";"0,43333"
"34,74600";"15,04795";"0,43528"
"34,75600";"15,06306";"0,44211"
"34,76600";"15,07806";"0,45521"
"34,77600";"15,09317";"0,46726"
"34,78600";"15,10816";"0,47419"
"34,79600";"15,12315";"0,47961"
"34,80600";"15,13803";"0,48816"
"34,81600";"15,15290";"0,48860"
"34,82600";"15,16766";"0,48158"
"34,83600";"15,18277";"0,48630"
"34,84600";"15,19788";"0,49695"
"34,85600";"15,21299";"0,51328"
"34,86600";"15,22799";"0,52327"
"34,87600";"15,24298";"0,52997"
"34,88600";"15,25797";"0,54051"
"34,89600";"15,27285";"0,54028"
"34,90600";"15,28784";"0,53708"
"34,91600";"15,30283";"0,54638"
"34,92600";"15,31794";"0,56298"
"34,93600";"15,33294";"0,57828"
"34,94600";"15,34781";"0,59162"
"34,95600";"15,36292";"0,60549"
"34,96600";"15,37792";"0,61455"
"34,97600";"15,39291";"0,61864"
"34,98600";"15,40790";"0,62123"
"34,99600";"15,42301";"0,63079"
"35,00600";"15,43801";"0,64499"
"35,01600";"15,45312";"0,65900"
"35,02600";"15,46811";"0,66937"
"35,03600";"15,48310";"0,67960"
"35,04600";"15,49798";"0,68972"
"35,05600";"15,51274";"0,70036"
"35,06600";"15,52773";"0,71134"
"35,07600";"15,54272";"0,72505"
"35,08600";"15,55783";"0,73040"
"35,09600";"15,57294";"0,73818"
"35,10600";"15,58805";"0,75175"
"35,11600";"15,60317";"0,76500"
"35,12600";"15,61816";"0,78631"
"35,13600";"15,63315";"0,80172"
"35,14600";"15,64815";"0,82062"
"35,15600";"15,66314";"0,84077"
"35,16600";"15,67813";"0,85953"
"35,17600";"15,69324";"0,88066"
"35,18600";"15,70824";"0,90015"
"35,19600";"15,72311";"0,91197"
"35,20600";"15,73811";"0,91705"
"35,21600";"15,75286";"0,92806"
"35,22600";"15,76785";"0,94545"
"35,23600";"15,78285";"0,97309"
"35,24600";"15,79784";"0,99323"
"35,25600";"15,81295";"1,01408"
"35,26600";"15,82794";"1,03706"
"35,27600";"15,84306";"1,05425"
"35,28600";"15,85805";"1,06251"
"35,29600";"15,87304";"1,07949"
"35,30600";"15,88803";"1,10099"
"35,31600";"15,90303";"1,12592"
"35,32600";"15,91802";"1,15070"
"35,33600";"15,93290";"1,18164"
"35,34600";"15,94789";"1,21290"
"35,35600";"15,96276";"1,23339"
"35,36600";"15,97776";"1,24576"
"35,37600";"15,99275";"1,25787"
"35,38600";"16,00786";"1,28238"
"35,39600";"16,02286";"1,30706"
"35,40600";"16,03797";"1,33366"
"35,41600";"16,05308";"1,36102"
"35,42600";"16,06819";"1,39214"
"35,43600";"16,08318";"1,41473"
"35,44600";"16,09806";"1,43713"
"35,45600";"16,11305";"1,47387"
"35,46600";"16,12804";"1,50216"
"35,47600";"16,14304";"1,52442"
"35,48600";"16,15815";"1,54785"
"35,49600";"16,17314";"1,58060"
"35,50600";"16,18813";"1,61693"
"35,51600";"16,20300";"1,65729"
"35,52600";"16,21800";"1,68545"
"35,53600";"16,23288";"1,71867"
"35,54600";"16,24787";"1,75088"
"35,55600";"16,26298";"1,78341"
"35,56600";"16,27797";"1,81931"
"35,57600";"16,29296";"1,85697"
"35,58600";"16,30808";"1,89438"
"35,59600";"16,32319";"1,93271"
"35,60600";"16,33818";"1,96364"
"35,61600";"16,35317";"1,99887"
"35,62600";"16,36817";"2,03987"
"35,63600";"16,38316";"2,08049"
"35,64600";"16,39804";"2,11396"
"35,65600";"16,41303";"2,15387"
"35,66600";"16,42802";"2,19838"
"35,67600";"16,44289";"2,24428"
"35,68600";"16,45789";"2,29117"
"35,69600";"16,47300";"2,33976"
"35,70600";"16,48799";"2,39475"
"35,71600";"16,50311";"2,44810"
"35,72600";"16,51810";"2,50478"
"35,73600";"16,53321";"2,55740"
"35,74600";"16,54808";"2,61936"
"35,75600";"16,56296";"2,68474"
"35,76600";"16,57784";"2,74945"
"35,77600";"16,59283";"2,80748"
"35,78600";"16,60782";"2,86665"
"35,79600";"16,62293";"2,93927"
"35,80600";"16,63792";"3,01009"
"35,81600";"16,65292";"3,08185"
"35,82600";"16,66791";"3,15578"
"35,83600";"16,68302";"3,22423"
"35,84600";"16,69801";"3,29620"
"35,85600";"16,71313";"3,37406"
"35,86600";"16,72824";"3,45606"
"35,87600";"16,74323";"3,54812"
"35,88600";"16,75810";"3,64335"
"35,89600";"16,77310";"3,74676"
"35,90600";"16,78809";"3,84618"
"35,91600";"16,80308";"3,95463"
"35,92600";"16,81808";"4,05607"
"35,93600";"16,83307";"4,16599"
"35,94600";"16,84806";"4,27268"
"35,95600";"16,86306";"4,38529"
"35,96600";"16,87805";"4,50929"
"35,97600";"16,89304";"4,62689"
"35,98600";"16,90804";"4,74641"
"35,99600";"16,92303";"4,87427"
"36,00600";"16,93790";"5,00953"
"36,01600";"16,95301";"5,15313"
"36,02600";"16,96812";"5,30041"
"36,03600";"16,98312";"5,45106"
"36,04600";"16,99811";"5,60905"
"36,05600";"17,01311";"5,78218"
"36,06600";"17,02810";"5,96501"
"36,07600";"17,04285";"6,14880"
"36,08600";"17,05773";"6,34002"
"36,09600";"17,07272";"6,53555"
"36,10600";"17,08783";"6,74336"
"36,11600";"17,10283";"6,95885"
"36,12600";"17,11782";"7,18020"
"36,13600";"17,13293";"7,41016"
"36,14600";"17,14792";"7,65645"
"36,15600";"17,16292";"7,90950"
"36,16600";"17,17791";"8,17198"
"36,17600";"17,19302";"8,44037"
"36,18600";"17,20801";"8,71969"
"36,19600";"17,22301";"9,00094"
"36,20600";"17,23800";"9,30414"
"36,21600";"17,25299";"9,61911"
"36,22600";"17,26799";"9,94381"
"36,23600";"17,28274";"10,28603"
"36,24600";"17,29762";"10,64146"
"36,25600";"17,31273";"11,01000"
"36,26600";"17,32784";"11,38792"
"36,27600";"17,34295";"11,78152"
"36,28600";"17,35794";"12,19124"
"36,29600";"17,37294";"12,61272"
"36,30600";"17,38793";"13,05917"
"36,31600";"17,40293";"13,52272"
"36,32600";"17,41792";"13,99601"
"36,33600";"17,43291";"14,48273"
"36,34600";"17,44802";"14,99232"
"36,35600";"17,46301";"15,52630"
"36,36600";"17,47801";"16,08773"
"36,37600";"17,49300";"16,67421"
"36,38600";"17,50788";"17,27707"
"36,39600";"17,52287";"17,89331"
"36,40600";"17,53774";"18,53764"
"36,41600";"17,55274";"19,21916"
"36,42600";"17,56785";"19,93908"
"36,43600";"17,58296";"20,69668"
"36,44600";"17,59795";"21,48892"
"36,45600";"17,61283";"22,30453"
"36,46600";"17,62782";"23,14456"
"36,47600";"17,64270";"24,01453"
"36,48600";"17,65757";"24,91098"
"36,49600";"17,67245";"25,84255"
"36,50600";"17,68744";"26,81715"
"36,51600";"17,70255";"27,83946"
"36,52600";"17,71766";"28,92183"
"36,53600";"17,73277";"30,06235"
"36,54600";"17,74776";"31,26241"
"36,55600";"17,76287";"32,51817"
"36,56600";"17,77810";"33,82617"
"36,57600";"17,79322";"35,19029"
"36,58600";"17,80832";"36,61296"
"36,59600";"17,82344";"38,10537"
"36,60600";"17,83843";"39,68023"
"36,61600";"17,85331";"41,35698"
"36,62600";"17,86818";"43,12643"
"36,63600";"17,88305";"44,97899"
"36,64600";"17,89817";"46,95348"
"36,65600";"17,91316";"49,08606"
"36,66600";"17,92815";"51,38860"
"36,67600";"17,94303";"53,83358"
"36,68600";"17,95802";"56,38900"
"36,69600";"17,97301";"59,05377"
"36,70600";"17,98789";"61,84867"
"36,71600";"18,00277";"64,75324"
"36,72600";"18,01787";"67,79074"
"36,73600";"18,03287";"70,96677"
"36,74600";"18,04786";"74,24684"
"36,75600";"18,06274";"77,63866"
"36,76600";"18,07761";"81,16367"
"36,77600";"18,09249";"84,76755"
"36,78600";"18,10724";"88,44231"
"36,79600";"18,12224";"92,24126"
"36,80600";"18,13747";"96,24743"
"36,81600";"18,15258";"100,48684"
"36,82600";"18,16757";"104,93645"
"36,83600";"18,18268";"109,60858"
"36,84600";"18,19791";"114,72382"
"36,85600";"18,21302";"120,36306"
"36,86600";"18,22813";"126,48778"
"36,87600";"18,24312";"133,00897"
"36,88600";"18,25824";"139,84485"
"36,89600";"18,27323";"146,95598"
"36,90600";"18,28810";"154,28603"
"36,91600";"18,30310";"161,88699"
"36,92600";"18,31797";"169,71051"
"36,93600";"18,33285";"177,78786"
"36,94600";"18,34760";"186,28090"
"36,95600";"18,36248";"195,17973"
"36,96600";"18,37759";"204,50861"
"36,97600";"18,39258";"214,23720"
"36,98600";"18,40758";"224,22194"
"36,99600";"18,42257";"234,41222"
"37,00600";"18,43756";"244,71933"
"37,01600";"18,45232";"255,15070"
"37,02600";"18,46731";"265,57001"
"37,03600";"18,48242";"275,94678"
"37,04600";"18,49765";"286,36142"
"37,04800";"18,50061";"288,44247"
"37,05000";"18,50356";"290,51904"
"37,06000";"18,51678";"300,82147"
"37,07000";"18,52410";"309,85193"
"37,07800";"18,52634";"313,71658"
"37,08800";"18,52516";"311,74557"
"37,09800";"18,52008";"301,39285"
"37,10800";"18,50828";"281,95721"
"37,11800";"18,49104";"250,92731"
"37,12800";"18,47062";"208,07428"
"37,13800";"18,44890";"158,09668"
"37,14800";"18,42694";"108,28509"
"37,15800";"18,40569";"64,83723"
"37,16800";"18,38538";"31,94587"
"37,17800";"18,36579";"11,19500"
"37,18800";"18,34701";"1,07387"
"37,19800";"18,32871";"-1,66761"
"37,20800";"18,31113";"-0,52979"
"37,21800";"18,29436";"1,85885"
"37,22800";"18,27819";"3,97220"
"37,23800";"18,26225";"5,20814"
"37,24800";"18,24619";"5,53963"
"37,25800";"18,23026";"5,18121"
"37,26800";"18,21456";"4,42950"
"37,27800";"18,19885";"3,54046"
"37,28800";"18,18339";"2,67051"
"37,29800";"18,16816";"1,91089"
"37,30800";"18,15293";"1,29085"
"37,31800";"18,13782";"0,78685"
"37,32800";"18,12259";"0,36864"
"37,33800";"18,10736";"0,00353"
"37,34800";"18,09237";"-0,31904"
"37,35800";"18,07738";"-0,60545"
"37,36800";"18,06226";"-0,85423"
"37,37800";"18,04727";"-1,07768"
"37,38800";"18,03228";"-1,27703"
"37,39800";"18,01717";"-1,45522"
"37,40800";"18,00206";"-1,61853"
"37,41800";"17,98695";"-1,76623"
"37,42800";"17,97195";"-1,88820"
"37,43800";"17,95684";"-1,98461"
"37,44800";"17,94185";"-2,06576"
"37,45800";"17,92697";"-2,13497"
"37,46800";"17,91198";"-2,18529"
"37,47800";"17,89710";"-2,23547"
"37,48800";"17,88211";"-2,28510"
"37,49800";"17,86712";"-2,32613"
"37,50800";"17,85201";"-2,35745"
"37,51800";"17,83713";"-2,37719"
"37,52800";"17,82238";"-2,38685"
"37,53800";"17,80750";"-2,39066"
"37,54800";"17,79239";"-2,39136"
"37,55800";"17,77728";"-2,38244"
"37,56800";"17,76217";"-2,37103"
"37,57800";"17,74694";"-2,35354"
"37,58800";"17,73171";"-2,33598"
"37,59800";"17,71671";"-2,31576"
"37,60800";"17,70184";"-2,30479"
"37,61800";"17,68685";"-2,28901"
"37,62800";"17,67186";"-2,26108"
"37,63800";"17,65674";"-2,23116"
"37,64800";"17,64187";"-2,20547"
"37,65800";"17,62688";"-2,16632"
"37,66800";"17,61188";"-2,12238"
"37,67800";"17,59689";"-2,07636"
"37,68800";"17,58213";"-2,02921"
"37,69800";"17,56702";"-1,97856"
"37,70800";"17,55202";"-1,93439"
"37,71800";"17,53692";"-1,88637"
"37,72800";"17,52204";"-1,83066"
"37,73800";"17,50693";"-1,77331"
"37,74800";"17,49182";"-1,71908"
"37,75800";"17,47683";"-1,67214"
"37,76800";"17,46207";"-1,62512"
"37,77800";"17,44719";"-1,57382"
"37,78800";"17,43220";"-1,52333"
"37,79800";"17,41709";"-1,48118"
"37,80800";"17,40210";"-1,43930"
"37,81800";"17,38711";"-1,39858"
"37,82800";"17,37188";"-1,35914"
"37,83800";"17,35688";"-1,33182"
"37,84800";"17,34201";"-1,30236"
"37,85800";"17,32701";"-1,27343"
"37,86800";"17,31190";"-1,23868"
"37,87800";"17,29691";"-1,20890"
"37,88800";"17,28204";"-1,18381"
"37,89800";"17,26704";"-1,15645"
"37,90800";"17,25193";"-1,13015"
"37,91800";"17,23694";"-1,10762"
"37,92800";"17,22206";"-1,08416"
"37,93800";"17,20719";"-1,05644"
"37,94800";"17,19208";"-1,01628"
"37,95800";"17,17708";"-0,97734"
"37,96800";"17,16209";"-0,94603"
"37,97800";"17,14698";"-0,91624"
"37,98800";"17,13199";"-0,89510"
"37,99800";"17,11687";"-0,87963"
"38,00800";"17,10200";"-0,85992"
"38,01800";"17,08701";"-0,83655"
"38,02800";"17,07201";"-0,80990"
"38,03800";"17,05690";"-0,78638"
"38,04800";"17,04191";"-0,77025"
"38,05800";"17,02703";"-0,75669"
"38,06800";"17,01192";"-0,73823"
"38,07800";"16,99693";"-0,71995"
"38,08800";"16,98206";"-0,70492"
"38,09800";"16,96706";"-0,69622"
"38,10800";"16,95207";"-0,68888"
"38,11800";"16,93708";"-0,67626"
"38,12800";"16,92196";"-0,66066"
"38,13800";"16,90697";"-0,63705"
"38,14800";"16,89198";"-0,61755"
"38,15800";"16,87687";"-0,61221"
"38,16800";"16,86188";"-0,60426"
"38,17800";"16,84688";"-0,60151"
"38,18800";"16,83189";"-0,58825"
"38,19800";"16,81689";"-0,56447"
"38,20800";"16,80179";"-0,54319"
"38,21800";"16,78679";"-0,51471"
"38,22800";"16,77192";"-0,50328"
"38,23800";"16,75692";"-0,50075"
"38,24800";"16,74205";"-0,49734"
"38,25800";"16,72717";"-0,49184"
"38,26800";"16,71218";"-0,48771"
"38,27800";"16,69707";"-0,47538"
"38,28800";"16,68196";"-0,46057"
"38,29800";"16,66697";"-0,44730"
"38,30800";"16,65197";"-0,43688"
"38,31800";"16,63710";"-0,42159"
"38,32800";"16,62199";"-0,41071"
"38,33800";"16,60699";"-0,40539"
"38,34800";"16,59188";"-0,40885"
"38,35800";"16,57689";"-0,40964"
"38,36800";"16,56166";"-0,41127"
"38,37800";"16,54655";"-0,41336"
"38,38800";"16,53167";"-0,40511"
"38,39800";"16,51692";"-0,38889"
"38,40800";"16,50192";"-0,37636"
"38,41800";"16,48693";"-0,37193"
"38,42800";"16,47194";"-0,36796"
"38,43800";"16,45706";"-0,36636"
"38,44800";"16,44207";"-0,35282"
"38,45800";"16,42696";"-0,35289"
"38,46800";"16,41197";"-0,36148"
"38,47800";"16,39709";"-0,36713"
"38,48800";"16,38210";"-0,37564"
"38,49800";"16,36710";"-0,37842"
"38,50800";"16,35211";"-0,37837"
"38,51800";"16,33724";"-0,37436"
"38,52800";"16,32224";"-0,37237"
"38,53800";"16,30725";"-0,36698"
"38,54800";"16,29214";"-0,36068"
"38,55800";"16,27727";"-0,35797"
"38,56800";"16,26227";"-0,35558"
"38,57800";"16,24704";"-0,34959"
"38,58800";"16,23193";"-0,34897"
"38,59800";"16,21706";"-0,35003"
"38,60800";"16,20206";"-0,33900"
"38,61800";"16,18695";"-0,33170"
"38,62800";"16,17208";"-0,32092"
"38,63800";"16,15720";"-0,30800"
"38,64800";"16,14221";"-0,29800"
"38,65800";"16,12710";"-0,28933"
"38,66800";"16,11199";"-0,28107"
"38,67800";"16,09687";"-0,28005"
"38,68800";"16,08188";"-0,28385"
"38,69800";"16,06677";"-0,28059"
"38,70800";"16,05178";"-0,27298"
"38,71800";"16,03690";"-0,27575"
"38,72800";"16,02203";"-0,28070"
"38,73800";"16,00715";"-0,28373"
"38,74800";"15,99204";"-0,28402"
"38,75800";"15,97693";"-0,28800"
"38,76800";"15,96206";"-0,28267"
"38,77800";"15,94706";"-0,27192"
"38,78800";"15,93195";"-0,26055"
"38,79800";"15,91696";"-0,25859"
"38,80800";"15,90208";"-0,26060"
"38,81800";"15,88721";"-0,25796"
"38,82800";"15,87222";"-0,25194"
"38,83800";"15,85710";"-0,24512"
"38,84800";"15,84211";"-0,23443"
"38,85800";"15,82712";"-0,22426"
"38,86800";"15,81213";"-0,21731"
"38,87800";"15,79702";"-0,22161"
"38,88800";"15,78214";"-0,22291"
"38,89800";"15,76727";"-0,21852"
"38,90800";"15,75215";"-0,21482"
"38,91800";"15,73704";"-0,21531"
"38,92800";"15,72205";"-0,21860"
"38,93800";"15,70706";"-0,21488"
"38,94800";"15,69206";"-0,21495"
"38,95800";"15,67707";"-0,21331"
"38,96800";"15,66220";"-0,21546"
"38,97800";"15,64720";"-0,21303"
"38,98800";"15,63209";"-0,20111"
"38,99800";"15,61686";"-0,19145"
"39,00800";"15,60175";"-0,18997"
"39,01800";"15,58687";"-0,19476"
"39,02800";"15,57188";"-0,19490"
"39,03800";"15,55689";"-0,18878"
"39,04800";"15,54190";"-0,17867"
"39,05800";"15,52714";"-0,17813"
"39,06800";"15,51215";"-0,18284"
"39,07800";"15,49703";"-0,18063"
"39,08800";"15,48192";"-0,18127"
"39,09800";"15,46693";"-0,17933"
"39,10800";"15,45205";"-0,17856"
"39,11800";"15,43706";"-0,17987"
"39,12800";"15,42207";"-0,17723"
"39,13800";"15,40719";"-0,17024"
"39,14800";"15,39220";"-0,16202"
"39,15800";"15,37697";"-0,15776"
"39,16800";"15,36186";"-0,15475"
"39,17800";"15,34687";"-0,15351"
"39,18800";"15,33199";"-0,15272"
"39,19800";"15,31700";"-0,15787"
"39,20800";"15,30189";"-0,15467"
"39,21800";"15,28701";"-0,15618"
"39,22800";"15,27214";"-0,15822"
"39,23800";"15,25703";"-0,15536"
"39,24800";"15,24192";"-0,15667"
"39,25800";"15,22692";"-0,15892"
"39,26800";"15,21205";"-0,15648"
"39,27800";"15,19717";"-0,14706"
"39,28800";"15,18206";"-0,13289"
"39,29800";"15,16707";"-0,12604"
"39,30800";"15,15219";"-0,12116"
"39,31800";"15,13720";"-0,11709"
"39,32800";"15,12197";"-0,11654"
"39,33800";"15,10698";"-0,12237"
"39,34800";"15,09199";"-0,12664"
"39,35800";"15,07711";"-0,12699"
"39,36800";"15,06212";"-0,12076"
"39,37800";"15,04713";"-0,11535"
"39,38800";"15,03201";"-0,10779"
"39,39800";"15,01714";"-0,10638"
"39,40800";"15,00203";"-0,10883"
"39,41800";"14,98703";"-0,10623"
"39,42800";"14,97216";"-0,10624"
"39,43800";"14,95740";"-0,10145"
"39,44800";"14,94253";"-0,10011"
"39,45800";"14,92730";"-0,10283"
"39,46800";"14,91231";"-0,10302"
"39,47800";"14,89743";"-0,10452"
"39,48800";"14,88244";"-0,10153"
"39,49800";"14,86721";"-0,10066"
"39,50800";"14,85210";"-0,09521"
"39,51800";"14,83722";"-0,09645"
"39,52800";"14,82223";"-0,09305"
"39,53800";"14,80700";"-0,08604"
"39,54800";"14,79201";"-0,08257"
"39,55800";"14,77713";"-0,07922"
"39,56800";"14,76214";"-0,07707"
"39,57800";"14,74714";"-0,07767"
"39,58800";"14,73203";"-0,08306"
"39,59800";"14,71716";"-0,09304"
"39,60800";"14,70217";"-0,09658"
"39,61800";"14,68706";"-0,08565"
"39,62800";"14,67194";"-0,08393"
"39,63800";"14,65695";"-0,08529"
"39,64800";"14,64208";"-0,09064"
"39,65800";"14,62697";"-0,08947"
"39,66800";"14,61197";"-0,08952"
"39,67800";"14,59698";"-0,09367"
"39,68800";"14,58199";"-0,08346"
"39,69800";"14,56687";"-0,06068"
"39,70800";"14,55165";"-0,05339"
"39,71800";"14,53677";"-0,05881"
"39,72800";"14,52190";"-0,06802"
"39,73800";"14,50690";"-0,07676"
"39,74800";"14,49179";"-0,08727"
"39,75800";"14,47680";"-0,09498"
"39,76800";"14,46192";"-0,09455"
"39,77800";"14,44681";"-0,09102"
"39,78800";"14,43170";"-0,08807"
"39,79800";"14,41671";"-0,08858"
"39,80800";"14,40183";"-0,08330"
"39,81800";"14,38696";"-0,08183"
"39,82800";"14,37197";"-0,08072"
"39,83800";"14,35685";"-0,08104"
"39,84800";"14,34198";"-0,08676"
"39,85800";"14,32710";"-0,08478"
"39,86800";"14,31188";"-0,08721"
"39,87800";"14,29676";"-0,08426"
"39,88800";"14,28201";"-0,07967"
"39,89800";"14,26701";"-0,06731"
"39,90800";"14,25190";"-0,06078"
"39,91800";"14,23679";"-0,06198"
"39,92800";"14,22180";"-0,06332"
"39,93800";"14,20681";"-0,06350"
"39,94800";"14,19169";"-0,06462"
"39,95800";"14,17670";"-0,06386"
"39,96800";"14,16183";"-0,06235"
"39,97800";"14,14707";"-0,05421"
"39,98800";"14,13208";"-0,04876"
"39,99800";"14,11697";"-0,04873"
"40,00800";"14,10197";"-0,05609"
"40,01800";"14,08698";"-0,07223"
"40,02800";"14,07187";"-0,07017"
"40,03800";"14,05688";"-0,06208"
"40,04800";"14,04200";"-0,05405"
"40,05800";"14,02724";"-0,05166"
"40,06800";"14,01225";"-0,05188"
"40,07800";"13,99726";"-0,05429"
"40,08800";"13,98226";"-0,06056"
"40,09800";"13,96739";"-0,05820"
"40,10800";"13,95240";"-0,04977"
"40,11800";"13,93717";"-0,05030"
"40,12800";"13,92217";"-0,05231"
"40,13800";"13,90730";"-0,05505"
"40,14800";"13,89231";"-0,05024"
"40,15800";"13,87708";"-0,04981"
"40,16800";"13,86196";"-0,05549"
"40,17800";"13,84697";"-0,05505"
"40,18800";"13,83210";"-0,05189"
"40,19800";"13,81699";"-0,04555"
"40,20800";"13,80199";"-0,05229"
"40,21800";"13,78712";"-0,06220"
"40,22800";"13,77212";"-0,06623"
"40,23800";"13,75690";"-0,06786"
"40,24800";"13,74179";"-0,06497"
"40,25800";"13,72679";"-0,06035"
"40,26800";"13,71180";"-0,05467"
"40,27800";"13,69681";"-0,04507"
"40,28800";"13,68181";"-0,04251"
"40,29800";"13,66694";"-0,04325"
"40,30800";"13,65218";"-0,04047"
"40,31800";"13,63707";"-0,04227"
"40,32800";"13,62196";"-0,04629"
"40,33800";"13,60685";"-0,04983"
"40,34800";"13,59185";"-0,05372"
"40,35800";"13,57698";"-0,05572"
"40,36800";"13,56187";"-0,05118"
"40,37800";"13,54688";"-0,04195"
"40,38800";"13,53200";"-0,03380"
"40,39800";"13,51701";"-0,03053"
"40,40800";"13,50190";"-0,03275"
"40,41800";"13,48678";"-0,04000"
"40,42800";"13,47191";"-0,04786"
"40,43800";"13,45704";"-0,04428"
"40,44800";"13,44204";"-0,04129"
"40,45800";"13,42705";"-0,04085"
"40,46800";"13,41217";"-0,04559"
"40,47800";"13,39718";"-0,04430"
"40,48800";"13,38195";"-0,04187"
"40,49800";"13,36684";"-0,05211"
"40,50800";"13,35185";"-0,06225"
"40,51800";"13,33709";"-0,05949"
"40,52800";"13,32210";"-0,06175"
"40,53800";"13,30699";"-0,06408"
"40,54800";"13,29211";"-0,06408"
"40,55800";"13,27712";"-0,05579"
"40,56800";"13,26201";"-0,05390"
"40,57800";"13,24678";"-0,05295"
"40,58800";"13,23178";"-0,05936"
"40,59800";"13,21703";"-0,05680"
"40,60800";"13,20215";"-0,04588"
"40,61800";"13,18704";"-0,04815"
"40,62800";"13,17193";"-0,05846"
"40,63800";"13,15694";"-0,06162"
"40,64800";"13,14194";"-0,05670"
"40,65800";"13,12671";"-0,05152"
"40,66800";"13,11172";"-0,04262"
"40,67800";"13,09697";"-0,04334"
"40,68800";"13,08209";"-0,04871"
"40,69800";"13,06698";"-0,05484"
"40,70800";"13,05199";"-0,06155"
"40,71800";"13,03699";"-0,07511"
"40,72800";"13,02200";"-0,07727"
"40,73800";"13,00677";"-0,07360"
"40,74800";"12,99178";"-0,06623"
"40,75800";"12,97690";"-0,06004"
"40,76800";"12,96215";"-0,04629"
"40,77800";"12,94715";"-0,04429"
"40,78800";"12,93204";"-0,04068"
"40,79800";"12,91693";"-0,04508"
"40,80800";"12,90205";"-0,05203"
"40,81800";"12,88706";"-0,05783"
"40,82800";"12,87207";"-0,06065"
"40,83800";"12,85719";"-0,05932"
"40,84800";"12,84232";"-0,05528"
"40,85800";"12,82721";"-0,05162"
"40,86800";"12,81210";"-0,05033"
"40,87800";"12,79699";"-0,05657"
"40,88800";"12,78199";"-0,06540"
"40,89800";"12,76700";"-0,06258"
"40,90800";"12,75189";"-0,05754"
"40,91800";"12,73690";"-0,06134"
"40,92800";"12,72202";"-0,06917"
"40,93800";"12,70703";"-0,06596"
"40,94800";"12,69180";"-0,06020"
"40,95800";"12,67681";"-0,05734"
"40,96800";"12,66181";"-0,05321"
"40,97800";"12,64682";"-0,05430"
"40,98800";"12,63183";"-0,05699"
"40,99800";"12,61683";"-0,05834"
"41,00800";"12,60196";"-0,06124"
"41,01800";"12,58708";"-0,05777"
"41,02800";"12,57197";"-0,06004"
"41,03800";"12,55698";"-0,06538"
"41,04800";"12,54187";"-0,06689"
"41,05800";"12,52688";"-0,06537"
"41,06800";"12,51188";"-0,06641"
"41,07800";"12,49689";"-0,06149"
"41,08800";"12,48190";"-0,06326"
"41,09800";"12,46690";"-0,06665"
"41,10800";"12,45191";"-0,06856"
"41,11800";"12,43692";"-0,07445"
"41,12800";"12,42180";"-0,07844"
"41,13800";"12,40693";"-0,07548"
"41,14800";"12,39206";"-0,06916"
"41,15800";"12,37706";"-0,06930"
"41,16800";"12,36195";"-0,07307"
"41,17800";"12,34696";"-0,07091"
"41,18800";"12,33196";"-0,07567"
"41,19800";"12,31685";"-0,07619"
"41,20800";"12,30186";"-0,07630"
"41,21800";"12,28687";"-0,07725"
"41,22800";"12,27199";"-0,08513"
"41,23800";"12,25700";"-0,08510"
"41,24800";"12,24189";"-0,08035"
"41,25800";"12,22690";"-0,07633"
"41,26800";"12,21190";"-0,07193"
"41,27800";"12,19679";"-0,06680"
"41,28800";"12,18180";"-0,05868"
"41,29800";"12,16681";"-0,05750"
"41,30800";"12,15193";"-0,06319"
"41,31800";"12,13706";"-0,06180"
"41,32800";"12,12206";"-0,06503"
"41,33800";"12,10695";"-0,07210"
"41,34800";"12,09208";"-0,07284"
"41,35800";"12,07720";"-0,07750"
"41,36800";"12,06209";"-0,08037"
"41,37800";"12,04710";"-0,07750"
"41,38800";"12,03222";"-0,07368"
"41,39800";"12,01723";"-0,06854"
"41,40800";"12,00224";"-0,06985"
"41,41800";"11,98713";"-0,06681"
"41,42800";"11,97213";"-0,06429"
"41,43800";"11,95702";"-0,06144"
"41,44800";"11,94191";"-0,06616"
"41,45800";"11,92692";"-0,07028"
"41,46800";"11,91204";"-0,07706"
"41,47800";"11,89717";"-0,08881"
"41,48800";"11,88206";"-0,09670"
"41,49800";"11,86695";"-0,08695"
"41,50800";"11,85195";"-0,07124"
"41,51800";"11,83684";"-0,05905"
"41,52800";"11,82173";"-0,05506"
"41,53800";"11,80674";"-0,05690"
"41,54800";"11,79174";"-0,06680"
"41,55800";"11,77699";"-0,06998"
"41,56800";"11,76199";"-0,07039"
"41,57800";"11,74688";"-0,07339"
"41,58800";"11,73189";"-0,07782"
"41,59800";"11,71701";"-0,07096"
"41,60800";"11,70202";"-0,06757"
"41,61800";"11,68691";"-0,07199"
"41,62800";"11,67192";"-0,07629"
"41,63800";"11,65693";"-0,07961"
"41,64800";"11,64193";"-0,07949"
"41,65800";"11,62694";"-0,08011"
"41,66800";"11,61195";"-0,08433"
"41,67800";"11,59683";"-0,09314"
"41,68800";"11,58196";"-0,09664"
"41,69800";"11,56697";"-0,09353"
"41,70800";"11,55197";"-0,09137"
"41,71800";"11,53698";"-0,09262"
"41,72800";"11,52199";"-0,09059"
"41,73800";"11,50699";"-0,08504"
"41,74800";"11,49188";"-0,08105"
"41,75800";"11,47689";"-0,07533"
"41,76800";"11,46201";"-0,06942"
"41,77800";"11,44702";"-0,07041"
"41,78800";"11,43203";"-0,07063"
"41,79800";"11,41715";"-0,07635"
"41,80800";"11,40216";"-0,08037"
"41,81800";"11,38717";"-0,08023"
"41,82800";"11,37206";"-0,08060"
"41,83800";"11,35694";"-0,08136"
"41,84800";"11,34183";"-0,07741"
"41,85800";"11,32696";"-0,07004"
"41,86800";"11,31185";"-0,06773"
"41,87800";"11,29685";"-0,06826"
"41,88800";"11,28198";"-0,06827"
"41,89800";"11,26710";"-0,07204"
"41,90800";"11,25211";"-0,07323"
"41,91800";"11,23700";"-0,07149"
"41,92800";"11,22213";"-0,06770"
"41,93800";"11,20713";"-0,06326"
"41,94800";"11,19202";"-0,06483"
"41,95800";"11,17703";"-0,06318"
"41,96800";"11,16192";"-0,06384"
"41,97800";"11,14704";"-0,06050"
"41,98800";"11,13217";"-0,05798"
"41,99800";"11,11706";"-0,05916"
"42,00800";"11,10206";"-0,06063"
"42,01800";"11,08719";"-0,05942"
"42,02800";"11,07219";"-0,05741"
"42,03800";"11,05708";"-0,05773"
"42,04800";"11,04197";"-0,05506"
"42,05800";"11,02698";"-0,05250"
"42,06800";"11,01187";"-0,05081"
"42,07800";"10,99676";"-0,05055"
"42,08800";"10,98176";"-0,05331"
"42,09800";"10,96701";"-0,05219"
"42,10800";"10,95213";"-0,05475"
"42,11800";"10,93702";"-0,06498"
"42,12800";"10,92191";"-0,07891"
"42,13800";"10,90692";"-0,07563"
"42,14800";"10,89192";"-0,07093"
"42,15800";"10,87681";"-0,06276"
"42,16800";"10,86170";"-0,05326"
"42,17800";"10,84683";"-0,04799"
"42,18800";"10,83207";"-0,04991"
"42,19800";"10,81696";"-0,05363"
"42,20800";"10,80185";"-0,05734"
"42,21800";"10,78686";"-0,06118"
"42,22800";"10,77198";"-0,07330"
"42,23800";"10,75699";"-0,08234"
"42,24800";"10,74211";"-0,07288"
"42,25800";"10,72712";"-0,06803"
"42,26800";"10,71224";"-0,05680"
"42,27800";"10,69725";"-0,04538"
"42,28800";"10,68214";"-0,03691"
"42,29800";"10,66715";"-0,04057"
"42,30800";"10,65215";"-0,05507"
"42,31800";"10,63716";"-0,05733"
"42,32800";"10,62217";"-0,04174"
"42,33800";"10,60717";"-0,04136"
"42,34800";"10,59230";"-0,04756"
"42,35800";"10,57731";"-0,05317"
"42,36800";"10,56219";"-0,04651"
"42,37800";"10,54708";"-0,04260"
"42,38800";"10,53209";"-0,03785"
"42,39800";"10,51722";"-0,03786"
"42,40800";"10,50234";"-0,03382"
"42,41800";"10,48735";"-0,02953"
"42,42800";"10,47235";"-0,02601"
"42,43800";"10,45736";"-0,03071"
"42,44800";"10,44225";"-0,03883"
"42,45800";"10,42714";"-0,04742"
"42,46800";"10,41215";"-0,04912"
"42,47800";"10,39715";"-0,05052"
"42,48800";"10,38216";"-0,05059"
"42,49800";"10,36705";"-0,04781"
"42,50800";"10,35206";"-0,04635"
"42,51800";"10,33706";"-0,03681"
"42,52800";"10,32207";"-0,03008"
"42,53800";"10,30696";"-0,03038"
"42,54800";"10,29197";"-0,03606"
"42,55800";"10,27697";"-0,04210"
"42,56800";"10,26210";"-0,03313"
"42,57800";"10,24699";"-0,03313"
"42,58800";"10,23199";"-0,03551"
"42,59800";"10,21712";"-0,03813"
"42,60800";"10,20236";"-0,03525"
"42,61800";"10,18725";"-0,03486"
"42,62800";"10,17202";"-0,03208"
"42,63800";"10,15703";"-0,02101"
"42,64800";"10,14192";"-0,01633"
"42,65800";"10,12681";"-0,02080"
"42,66800";"10,11169";"-0,02570"
"42,67800";"10,09670";"-0,02514"
"42,68800";"10,08171";"-0,02279"
"42,69800";"10,06660";"-0,01674"
"42,70800";"10,05160";"-0,01309"
"42,71800";"10,03673";"-0,01218"
"42,72800";"10,02197";"-0,00771"
"42,73800";"10,00698";"-0,00321"
"42,74800";"9,99199";"-0,00651"
"42,75800";"9,97699";"-0,01496"
"42,76800";"9,96200";"-0,01635"
"42,77800";"9,94689";"-0,01034"
"42,78800";"9,93178";"-0,00667"
"42,79800";"9,91690";"0,00008"
"42,80800";"9,90203";"0,00249"
"42,81800";"9,88703";"-0,00276"
"42,82800";"9,87192";"-0,01185"
"42,83800";"9,85693";"-0,02261"
"42,84800";"9,84194";"-0,03397"
"42,85800";"9,82695";"-0,04030"
"42,86800";"9,81183";"-0,03887"
"42,87800";"9,79684";"-0,03105"
"42,88800";"9,78197";"-0,02561"
"42,89800";"9,76709";"-0,02161"
"42,90800";"9,75198";"-0,02180"
"42,91800";"9,73699";"-0,02322"
"42,92800";"9,72211";"-0,02337"
"42,93800";"9,70712";"-0,02553"
"42,94800";"9,69201";"-0,02909"
"42,95800";"9,67690";"-0,03129"
"42,96800";"9,66202";"-0,02952"
"42,97800";"9,64715";"-0,02894"
"42,98800";"9,63204";"-0,01929"
"42,99800";"9,61704";"-0,00656"
"43,00800";"9,60205";"0,00113"
"43,01800";"9,58717";"0,00057"
"43,02800";"9,57218";"-0,01061"
"43,03800";"9,55719";"-0,01719"
"43,04800";"9,54220";"-0,01799"
"43,05800";"9,52732";"-0,01237"
"43,06800";"9,51233";"-0,00978"
"43,07800";"9,49710";"-0,01378"
"43,08800";"9,48199";"-0,01386"
"43,09800";"9,46699";"-0,01384"
"43,10800";"9,45200";"-0,00832"
"43,11800";"9,43701";"-0,00476"
"43,12800";"9,42201";"-0,00814"
"43,13800";"9,40714";"-0,01176"
"43,14800";"9,39215";"-0,02029"
"43,15800";"9,37704";"-0,02678"
"43,16800";"9,36192";"-0,03100"
"43,17800";"9,34705";"-0,02521"
"43,18800";"9,33217";"-0,02084"
"43,19800";"9,31706";"-0,01588"
"43,20800";"9,30195";"-0,00844"
"43,21800";"9,28719";"0,00271"
"43,22800";"9,27220";"0,01093"
"43,23800";"9,25709";"0,00986"
"43,24800";"9,24198";"0,00300"
"43,25800";"9,22699";"-0,00081"
"43,26800";"9,21199";"0,00008"
"43,27800";"9,19700";"0,00323"
"43,28800";"9,18189";"0,00512"
"43,29800";"9,16690";"0,00400"
"43,30800";"9,15202";"-0,00407"
"43,31800";"9,13691";"-0,00372"
"43,32800";"9,12192";"0,00305"
"43,33800";"9,10692";"0,00443"
"43,34800";"9,09205";"0,00029"
"43,35800";"9,07717";"-0,00557"
"43,36800";"9,06218";"-0,00303"
"43,37800";"9,04707";"-0,00704"
"43,38800";"9,03208";"-0,00326"
"43,39800";"9,01708";"0,00583"
"43,40800";"9,00185";"0,00578"
"43,41800";"8,98674";"-0,00076"
"43,42800";"8,97187";"-0,00432"
"43,43800";"8,95688";"-0,00535"
"43,44800";"8,94188";"-0,00642"
"43,45800";"8,92677";"-0,00438"
"43,46800";"8,91178";"-0,00514"
"43,47800";"8,89690";"-0,01006"
"43,48800";"8,88191";"-0,01078"
"43,49800";"8,86680";"-0,00774"
"43,50800";"8,85192";"-0,01483"
"43,51800";"8,83717";"-0,01054"
"43,52800";"8,82217";"-0,01134"
"43,53800";"8,80694";"-0,01397"
"43,54800";"8,79195";"-0,00807"
"43,55800";"8,77696";"-0,01307"
"43,56800";"8,76197";"-0,02351"
"43,57800";"8,74685";"-0,03351"
"43,58800";"8,73198";"-0,03083"
"43,59800";"8,71722";"-0,02579"
"43,60800";"8,70223";"-0,01835"
"43,61800";"8,68712";"-0,00901"
"43,62800";"8,67201";"-0,00001"
"43,63800";"8,65713";"0,00812"
"43,64800";"8,64214";"0,01499"
"43,65800";"8,62703";"0,01524"
"43,66800";"8,61203";"0,01245"
"43,67800";"8,59716";"0,01138"
"43,68800";"8,58240";"0,00973"
"43,69800";"8,56717";"0,00610"
"43,70800";"8,55206";"-0,00152"
"43,71800";"8,53695";"-0,01446"
"43,72800";"8,52196";"-0,01399"
"43,73800";"8,50685";"-0,00957"
"43,74800";"8,49174";"-0,00492"
"43,75800";"8,47686";"-0,00637"
"43,76800";"8,46199";"-0,01097"
"43,77800";"8,44687";"-0,00877"
"43,78800";"8,43176";"-0,00915"
"43,79800";"8,41677";"-0,01618"
"43,80800";"8,40178";"-0,02372"
"43,81800";"8,38679";"-0,02408"
"43,82800";"8,37179";"-0,02317"
"43,83800";"8,35680";"-0,01589"
"43,84800";"8,34192";"-0,00554"
"43,85800";"8,32705";"0,01403"
"43,86800";"8,31194";"0,01470"
"43,87800";"8,29683";"0,00978"
"43,88800";"8,28183";"0,00872"
"43,89800";"8,26684";"0,00602"
"43,90800";"8,25185";"-0,00061"
"43,91800";"8,23674";"-0,00008"
"43,92800";"8,22186";"0,00309"
"43,93800";"8,20699";"-0,00474"
"43,94800";"8,19188";"-0,00980"
"43,95800";"8,17676";"-0,01126"
"43,96800";"8,16189";"-0,01212"
"43,97800";"8,14713";"-0,01381"
"43,98800";"8,13214";"-0,01462"
"43,99800";"8,11703";"-0,01686"
"44,00800";"8,10204";"-0,01949"
"44,01800";"8,08704";"-0,01651"
"44,02800";"8,07193";"-0,00988"
"44,03800";"8,05682";"-0,00800"
"44,04800";"8,04183";"-0,00995"
"44,05800";"8,02695";"-0,01206"
"44,06800";"8,01208";"-0,01200"
"44,07800";"7,99708";"-0,01369"
"44,08800";"7,98209";"-0,00945"
"44,09800";"7,96710";"-0,00320"
"44,10800";"7,95199";"0,00543"
"44,11800";"7,93699";"0,01025"
"44,12800";"7,92188";"0,00553"
"44,13800";"7,90712";"-0,00158"
"44,14800";"7,89225";"-0,00475"
"44,15800";"7,87714";"-0,00028"
"44,16800";"7,86203";"0,00453"
"44,17800";"7,84704";"-0,00042"
"44,18800";"7,83204";"-0,00140"
"44,19800";"7,81693";"-0,00504"
"44,20800";"7,80194";"-0,01198"
"44,21800";"7,78694";"-0,00973"
"44,22800";"7,77207";"-0,00829"
"44,23800";"7,75719";"-0,00570"
"44,24800";"7,74208";"-0,01090"
"44,25800";"7,72709";"-0,01040"
"44,26800";"7,71222";"-0,00571"
"44,27800";"7,69710";"0,00005"
"44,28800";"7,68199";"0,00325"
"44,29800";"7,66700";"0,00846"
"44,30800";"7,65224";"0,01209"
"44,31800";"7,63713";"0,01487"
"44,32800";"7,62202";"0,00581"
"44,33800";"7,60703";"-0,01010"
"44,34800";"7,59203";"-0,01148"
"44,35800";"7,57692";"-0,01010"
"44,36800";"7,56181";"-0,00729"
"44,37800";"7,54682";"-0,00888"
"44,38800";"7,53194";"-0,00822"
"44,39800";"7,51695";"-0,00995"
"44,40800";"7,50184";"-0,01312"
"44,41800";"7,48685";"-0,00419"
"44,42800";"7,47185";"-0,00055"
"44,43800";"7,45686";"0,00126"
"44,44800";"7,44187";"0,00754"
"44,45800";"7,42687";"0,01160"
"44,46800";"7,41200";"0,00789"
"44,47800";"7,39701";"0,00313"
"44,48800";"7,38190";"0,00217"
"44,49800";"7,36690";"-0,00186"
"44,50800";"7,35191";"-0,00598"
"44,51800";"7,33680";"-0,00327"
"44,52800";"7,32181";"-0,00532"
"44,53800";"7,30681";"-0,00914"
"44,54800";"7,29194";"-0,00893"
"44,55800";"7,27706";"-0,00067"
"44,56800";"7,26207";"0,00215"
"44,57800";"7,24696";"-0,00465"
"44,58800";"7,23185";"-0,02204"
"44,59800";"7,21685";"-0,03644"
"44,60800";"7,20186";"-0,03309"
"44,61800";"7,18687";"-0,02657"
"44,62800";"7,17199";"-0,02100"
"44,63800";"7,15700";"-0,00614"
"44,64800";"7,14201";"-0,00050"
"44,65800";"7,12701";"0,00085"
"44,66800";"7,11190";"-0,00075"
"44,67800";"7,09691";"-0,01285"
"44,68800";"7,08192";"-0,01589"
"44,69800";"7,06692";"-0,01126"
"44,70800";"7,05193";"-0,00782"
"44,71800";"7,03694";"-0,00881"
"44,72800";"7,02194";"-0,01039"
"44,73800";"7,00683";"-0,01371"
"44,74800";"6,99184";"-0,01906"
"44,75800";"6,97697";"-0,01810"
"44,76800";"6,96209";"-0,01793"
"44,77800";"6,94722";"-0,01953"
"44,78800";"6,93222";"-0,02012"
"44,79800";"6,91723";"-0,02152"
"44,80800";"6,90224";"-0,02165"
"44,81800";"6,88724";"-0,01911"
"44,82800";"6,87201";"-0,01765"
"44,83800";"6,85702";"-0,01968"
"44,84800";"6,84203";"-0,02263"
"44,85800";"6,82703";"-0,02218"
"44,86800";"6,81204";"-0,01954"
"44,87800";"6,79693";"-0,02486"
"44,88800";"6,78206";"-0,03074"
"44,89800";"6,76706";"-0,02241"
"44,90800";"6,75195";"-0,00905"
"44,91800";"6,73684";"-0,00615"
"44,92800";"6,72197";"-0,00961"
"44,93800";"6,70709";"-0,01925"
"44,94800";"6,69233";"-0,01770"
"44,95800";"6,67722";"-0,01522"
"44,96800";"6,66211";"-0,00840"
"44,97800";"6,64700";"-0,00825"
"44,98800";"6,63189";"-0,01189"
"44,99800";"6,61666";"-0,01024"
"45,00800";"6,60178";"-0,01450"
"45,01800";"6,58691";"-0,02685"
"45,02800";"6,57203";"-0,03056"
"45,03800";"6,55692";"-0,02995"
"45,04800";"6,54193";"-0,03067"
"45,05800";"6,52694";"-0,02622"
"45,06800";"6,51183";"-0,02404"
"45,07800";"6,49672";"-0,01647"
"45,08800";"6,48184";"-0,01075"
"45,09800";"6,46685";"-0,01000"
"45,10800";"6,45209";"-0,00969"
"45,11800";"6,43710";"-0,00661"
"45,12800";"6,42210";"-0,00858"
"45,13800";"6,40711";"-0,01564"
"45,14800";"6,39224";"-0,02351"
"45,15800";"6,37724";"-0,02518"
"45,16800";"6,36225";"-0,02931"
"45,17800";"6,34737";"-0,02185"
"45,18800";"6,33226";"-0,01306"
"45,19800";"6,31715";"-0,00318"
"45,20800";"6,30192";"-0,00116"
"45,21800";"6,28693";"-0,00828"
"45,22800";"6,27194";"-0,00783"
"45,23800";"6,25694";"-0,00993"
"45,24800";"6,24195";"-0,01513"
"45,25800";"6,22696";"-0,01952"
"45,26800";"6,21197";"-0,02604"
"45,27800";"6,19685";"-0,02268"
"45,28800";"6,18174";"-0,01111"
"45,29800";"6,16663";"0,00182"
"45,30800";"6,15164";"0,00867"
"45,31800";"6,13676";"0,00596"
"45,32800";"6,12177";"-0,00012"
"45,33800";"6,10690";"-0,00595"
"45,34800";"6,09202";"-0,00768"
"45,35800";"6,07703";"-0,01286"
"45,36800";"6,06192";"-0,01285"
"45,37800";"6,04692";"-0,01272"
"45,38800";"6,03193";"-0,01133"
"45,39800";"6,01706";"-0,00538"
"45,40800";"6,00206";"-0,00409"
"45,41800";"5,98695";"-0,00394"
"45,42800";"5,97196";"-0,00885"
"45,43800";"5,95708";"-0,00885"
"45,44800";"5,94209";"-0,00864"
"45,45800";"5,92698";"-0,00702"
"45,46800";"5,91199";"-0,00078"
"45,47800";"5,89711";"-0,00049"
"45,48800";"5,88212";"-0,00441"
"45,49800";"5,86701";"-0,00624"
"45,50800";"5,85201";"-0,00385"
"45,51800";"5,83714";"-0,00160"
"45,52800";"5,82215";"-0,00781"
"45,53800";"5,80703";"-0,00828"
"45,54800";"5,79204";"-0,00414"
"45,55800";"5,77717";"-0,00638"
"45,56800";"5,76229";"-0,00059"
"45,57800";"5,74718";"-0,00038"
"45,58800";"5,73219";"-0,00564"
"45,59800";"5,71719";"-0,00822"
"45,60800";"5,70232";"-0,00536"
"45,61800";"5,68709";"-0,01031"
"45,62800";"5,67198";"-0,01084"
"45,63800";"5,65699";"-0,01594"
"45,64800";"5,64211";"-0,01732"
"45,65800";"5,62700";"-0,01838"
"45,66800";"5,61177";"-0,01513"
"45,67800";"5,59678";"-0,01693"
"45,68800";"5,58190";"-0,02123"
"45,69800";"5,56679";"-0,02540"
"45,70800";"5,55180";"-0,02633"
"45,71800";"5,53692";"-0,02482"
"45,72800";"5,52217";"-0,01780"
"45,73800";"5,50717";"-0,01157"
"45,74800";"5,49206";"-0,00922"
"45,75800";"5,47707";"-0,00789"
"45,76800";"5,46208";"-0,01148"
"45,77800";"5,44697";"-0,01124"
"45,78800";"5,43185";"-0,01346"
"45,79800";"5,41698";"-0,01746"
"45,80800";"5,40222";"-0,02190"
"45,81800";"5,38723";"-0,02334"
"45,82800";"5,37200";"-0,02768"
"45,83800";"5,35701";"-0,02687"
"45,84800";"5,34201";"-0,01907"
"45,85800";"5,32714";"-0,01616"
"45,86800";"5,31215";"-0,01372"
"45,87800";"5,29704";"-0,01285"
"45,88800";"5,28216";"-0,01420"
"45,89800";"5,26717";"-0,01388"
"45,90800";"5,25217";"-0,01521"
"45,91800";"5,23706";"-0,01820"
"45,92800";"5,22207";"-0,02499"
"45,93800";"5,20708";"-0,02052"
"45,94800";"5,19197";"-0,01366"
"45,95800";"5,17697";"-0,01606"
"45,96800";"5,16210";"-0,01912"
"45,97800";"5,14734";"-0,01846"
"45,98800";"5,13223";"-0,01483"
"45,99800";"5,11700";"-0,00541"
"46,00800";"5,10189";"-0,00174"
"46,01800";"5,08690";"0,00288"
"46,02800";"5,07202";"0,00995"
"46,03800";"5,05703";"0,00594"
"46,04800";"5,04204";"0,00044"
"46,05800";"5,02716";"-0,00062"
"46,06800";"5,01205";"-0,00203"
"46,07800";"4,99694";"-0,00629"
"46,08800";"4,98171";"-0,01015"
"46,09800";"4,96683";"-0,00532"
"46,10800";"4,95184";"-0,00709"
"46,11800";"4,93673";"-0,00319"
"46,12800";"4,92174";"-0,00903"
"46,13800";"4,90698";"-0,01339"
"46,14800";"4,89199";"-0,01375"
"46,15800";"4,87688";"-0,01530"
"46,16800";"4,86176";"-0,02622"
"46,17800";"4,84689";"-0,02534"
"46,18800";"4,83213";"-0,01662"
"46,19800";"4,81726";"-0,00836"
"46,20800";"4,80215";"-0,00157"
"46,21800";"4,78715";"0,00041"
"46,22800";"4,77216";"-0,00731"
"46,23800";"4,75705";"-0,01470"
"46,24800";"4,74182";"-0,01718"
"46,25800";"4,72683";"-0,01664"
"46,26800";"4,71207";"-0,01090"
"46,27800";"4,69719";"-0,01505"
"46,28800";"4,68208";"-0,01974"
"46,29800";"4,66697";"-0,01782"
"46,30800";"4,65210";"-0,01803"
"46,31800";"4,63710";"-0,02385"
"46,32800";"4,62199";"-0,03106"
"46,33800";"4,60688";"-0,03758"
"46,34800";"4,59201";"-0,03536"
"46,35800";"4,57701";"-0,02619"
"46,36800";"4,56202";"-0,01732"
"46,37800";"4,54715";"-0,01973"
"46,38800";"4,53239";"-0,02005"
"46,39800";"4,51751";"-0,02087"
"46,40800";"4,50240";"-0,01763"
"46,41800";"4,48717";"-0,01463"
"46,42800";"4,47218";"-0,01393"
"46,43800";"4,45742";"-0,00889"
"46,44800";"4,44231";"-0,00732"
"46,45800";"4,42720";"-0,01387"
"46,46800";"4,41209";"-0,02196"
"46,47800";"4,39722";"-0,01713"
"46,48800";"4,38210";"-0,00447"
"46,49800";"4,36699";"-0,00377"
"46,50800";"4,35200";"-0,00235"
"46,51800";"4,33712";"-0,00465"
"46,52800";"4,32225";"-0,00784"
"46,53800";"4,30702";"-0,01111"
"46,54800";"4,29203";"-0,01272"
"46,55800";"4,27715";"-0,01447"
"46,56800";"4,26228";"-0,01274"
"46,57800";"4,24717";"-0,01319"
"46,58800";"4,23206";"-0,01882"
"46,59800";"4,21730";"-0,02265"
"46,60800";"4,20242";"-0,02677"
"46,61800";"4,18719";"-0,03123"
"46,62800";"4,17208";"-0,02790"
"46,63800";"4,15709";"-0,02381"
"46,64800";"4,14210";"-0,01893"
"46,65800";"4,12710";"-0,02050"
"46,66800";"4,11199";"-0,02561"
"46,67800";"4,09712";"-0,02886"
"46,68800";"4,08213";"-0,03407"
"46,69800";"4,06701";"-0,02722"
"46,70800";"4,05190";"-0,02408"
"46,71800";"4,03679";"-0,02624"
"46,72800";"4,02203";"-0,02842"
"46,73800";"4,00716";"-0,02803"
"46,74800";"3,99193";"-0,03030"
"46,75800";"3,97706";"-0,02777"
"46,76800";"3,96206";"-0,02325"
"46,77800";"3,94707";"-0,02000"
"46,78800";"3,93184";"-0,01925"
"46,79800";"3,91673";"-0,02909"
"46,80800";"3,90197";"-0,02880"
"46,81800";"3,88698";"-0,02773"
"46,82800";"3,87175";"-0,02813"
"46,83800";"3,85664";"-0,02916"
"46,84800";"3,84176";"-0,01910"
"46,85800";"3,82677";"-0,00874"
"46,86800";"3,81154";"-0,00195"
"46,87800";"3,79643";"-0,00557"
"46,88800";"3,78167";"-0,00243"
"46,89800";"3,76680";"-0,00581"
"46,90800";"3,75181";"-0,01236"
"46,91800";"3,73681";"-0,02331"
"46,92800";"3,72182";"-0,02403"
"46,93800";"3,70683";"-0,01768"
"46,94800";"3,69172";"-0,01445"
"46,95800";"3,67649";"-0,01874"
"46,96800";"3,66173";"-0,02108"
"46,97800";"3,64697";"-0,02457"
"46,98800";"3,63198";"-0,02622"
"46,99800";"3,61699";"-0,02550"
"47,00800";"3,60199";"-0,02400"
"47,01800";"3,58712";"-0,01685"
"47,02800";"3,57212";"-0,00896"
"47,03800";"3,55701";"0,00119"
"47,04800";"3,54202";"0,00140"
"47,05800";"3,52715";"-0,00506"
"47,06800";"3,51227";"-0,01002"
"47,07800";"3,49704";"-0,01464"
"47,08800";"3,48205";"-0,01271"
"47,09800";"3,46706";"-0,01372"
"47,10800";"3,45206";"-0,01665"
"47,11800";"3,43695";"-0,01803"
"47,12800";"3,42208";"-0,01810"
"47,13800";"3,40732";"-0,02066"
"47,14800";"3,39244";"-0,01904"
"47,15800";"3,37722";"-0,01257"
"47,16800";"3,36210";"-0,01351"
"47,17800";"3,34711";"-0,01345"
"47,18800";"3,33200";"-0,01646"
"47,19800";"3,31689";"-0,01886"
"47,20800";"3,30178";"-0,01920"
"47,21800";"3,28690";"-0,01501"
"47,22800";"3,27203";"-0,01588"
"47,23800";"3,25703";"-0,01833"
"47,24800";"3,24192";"-0,02855"
"47,25800";"3,22693";"-0,02664"
"47,26800";"3,21194";"-0,02314"
"47,27800";"3,19694";"-0,01697"
"47,28800";"3,18183";"-0,00769"
"47,29800";"3,16696";"-0,00561"
"47,30800";"3,15208";"-0,00523"
"47,31800";"3,13709";"-0,00619"
"47,32800";"3,12198";"-0,01294"
"47,33800";"3,10699";"-0,02297"
"47,34800";"3,09199";"-0,02219"
"47,35800";"3,07700";"-0,02067"
"47,36800";"3,06201";"-0,01278"
"47,37800";"3,04701";"-0,00630"
"47,38800";"3,03214";"-0,00235"
"47,39800";"3,01703";"-0,00929"
"47,40800";"3,00192";"-0,01430"
"47,41800";"2,98681";"-0,01899"
"47,42800";"2,97193";"-0,02078"
"47,43800";"2,95694";"-0,02135"
"47,44800";"2,94206";"-0,02220"
"47,45800";"2,92707";"-0,02283"
"47,46800";"2,91208";"-0,02134"
"47,47800";"2,89708";"-0,01940"
"47,48800";"2,88197";"-0,01738"
"47,49800";"2,86686";"-0,01917"
"47,50800";"2,85187";"-0,01667"
"47,51800";"2,83699";"-0,01827"
"47,52800";"2,82200";"-0,02490"
"47,53800";"2,80701";"-0,02619"
"47,54800";"2,79201";"-0,02931"
"47,55800";"2,77714";"-0,02615"
"47,56800";"2,76203";"-0,01853"
"47,57800";"2,74692";"-0,01571"
"47,58800";"2,73181";"-0,01448"
"47,59800";"2,71705";"-0,01793"
"47,60800";"2,70206";"-0,01503"
"47,61800";"2,68694";"-0,01761"
"47,62800";"2,67195";"-0,01514"
"47,63800";"2,65696";"-0,01477"
"47,64800";"2,64197";"-0,01648"
"47,65800";"2,62674";"-0,01951"
"47,66800";"2,61174";"-0,02570"
"47,67800";"2,59687";"-0,02284"
"47,68800";"2,58199";"-0,01939"
"47,69800";"2,56700";"-0,01579"
"47,70800";"2,55189";"-0,01788"
"47,71800";"2,53701";"-0,02406"
"47,72800";"2,52202";"-0,02599"
"47,73800";"2,50679";"-0,02336"
"47,74800";"2,49180";"-0,01903"
"47,75800";"2,47704";"-0,01738"
"47,76800";"2,46217";"-0,02537"
"47,77800";"2,44729";"-0,03038"
"47,78800";"2,43206";"-0,03554"
"47,79800";"2,41695";"-0,04373"
"47,80800";"2,40196";"-0,04118"
"47,81800";"2,38685";"-0,02982"
"47,82800";"2,37162";"-0,02378"
"47,83800";"2,35674";"-0,02662"
"47,84800";"2,34199";"-0,02536"
"47,85800";"2,32711";"-0,02782"
"47,86800";"2,31200";"-0,03420"
"47,87800";"2,29701";"-0,04308"
"47,88800";"2,28213";"-0,04911"
"47,89800";"2,26702";"-0,04184"
"47,90800";"2,25203";"-0,02936"
"47,91800";"2,23703";"-0,01832"
"47,92800";"2,22216";"-0,02066"
"47,93800";"2,20717";"-0,02192"
"47,94800";"2,19206";"-0,02786"
"47,95800";"2,17706";"-0,03380"
"47,96800";"2,16195";"-0,03810"
"47,97800";"2,14696";"-0,04088"
"47,98800";"2,13197";"-0,04089"
"47,99800";"2,11697";"-0,04195"
"48,00800";"2,10198";"-0,04478"
"48,01800";"2,08699";"-0,03815"
"48,02800";"2,07188";"-0,02996"
"48,03800";"2,05676";"-0,03090"
"48,04800";"2,04177";"-0,02809"
"48,05800";"2,02678";"-0,02551"
"48,06800";"2,01178";"-0,01756"
"48,07800";"1,99691";"-0,01056"
"48,08800";"1,98203";"-0,00895"
"48,09800";"1,96704";"-0,00328"
"48,10800";"1,95205";"-0,00956"
"48,11800";"1,93694";"-0,01871"
"48,12800";"1,92194";"-0,02129"
"48,13800";"1,90695";"-0,02423"
"48,14800";"1,89196";"-0,02700"
"48,15800";"1,87697";"-0,02984"
"48,16800";"1,86197";"-0,02446"
"48,17800";"1,84698";"-0,01932"
"48,18800";"1,83199";"-0,01825"
"48,19800";"1,81699";"-0,01337"
"48,20800";"1,80176";"-0,01815"
"48,21800";"1,78677";"-0,02971"
"48,22800";"1,77190";"-0,03361"
"48,23800";"1,75690";"-0,03882"
"48,24800";"1,74191";"-0,04240"
"48,25800";"1,72703";"-0,04139"
"48,26800";"1,71204";"-0,03461"
"48,27800";"1,69705";"-0,03010"
"48,28800";"1,68194";"-0,02577"
"48,29800";"1,66694";"-0,02257"
"48,30800";"1,65207";"-0,02726"
"48,31800";"1,63708";"-0,03135"
"48,32800";"1,62208";"-0,03975"
"48,33800";"1,60709";"-0,04676"
"48,34800";"1,59210";"-0,04337"
"48,35800";"1,57710";"-0,03372"
"48,36800";"1,56199";"-0,03191"
"48,37800";"1,54700";"-0,03454"
"48,38800";"1,53201";"-0,03536"
"48,39800";"1,51713";"-0,03641"
"48,40800";"1,50202";"-0,02464"
"48,41800";"1,48691";"-0,01314"
"48,42800";"1,47192";"-0,00929"
"48,43800";"1,45692";"-0,01405"
"48,44800";"1,44181";"-0,03222"
"48,45800";"1,42682";"-0,04638"
"48,46800";"1,41194";"-0,04846"
"48,47800";"1,39695";"-0,05037"
"48,48800";"1,38196";"-0,04753"
"48,49800";"1,36685";"-0,03870"
"48,50800";"1,35185";"-0,03563"
"48,51800";"1,33686";"-0,04052"
"48,52800";"1,32187";"-0,03835"
"48,53800";"1,30687";"-0,03542"
"48,54800";"1,29188";"-0,03774"
"48,55800";"1,27701";"-0,04555"
"48,56800";"1,26225";"-0,05089"
"48,57800";"1,24714";"-0,05118"
"48,58800";"1,23215";"-0,04193"
"48,59800";"1,21727";"-0,03275"
"48,60800";"1,20216";"-0,02172"
"48,61800";"1,18705";"-0,01927"
"48,62800";"1,17206";"-0,02788"
"48,63800";"1,15706";"-0,02597"
"48,64800";"1,14219";"-0,02334"
"48,65800";"1,12708";"-0,02282"
"48,66800";"1,11185";"-0,02625"
"48,67800";"1,09697";"-0,03329"
"48,68800";"1,08198";"-0,04055"
"48,69800";"1,06710";"-0,04451"
"48,70800";"1,05211";"-0,04479"
"48,71800";"1,03700";"-0,05074"
"48,72800";"1,02213";"-0,05081"
"48,73800";"1,00701";"-0,04346"
"48,74800";"0,99190";"-0,03935"
"48,75800";"0,97691";"-0,03888"
"48,76800";"0,96192";"-0,03506"
"48,77800";"0,94692";"-0,03281"
"48,78800";"0,93193";"-0,03153"
"48,79800";"0,91694";"-0,03846"
"48,80800";"0,90194";"-0,03600"
"48,81800";"0,88695";"-0,03428"
"48,82800";"0,87196";"-0,03135"
"48,83800";"0,85685";"-0,03321"
"48,84800";"0,84185";"-0,03285"
"48,85800";"0,82686";"-0,03689"
"48,86800";"0,81199";"-0,03624"
"48,87800";"0,79699";"-0,03757"
"48,88800";"0,78212";"-0,03816"
"48,89800";"0,76736";"-0,03550"
"48,90800";"0,75237";"-0,03762"
"48,91800";"0,73726";"-0,04308"
"48,92800";"0,72215";"-0,04472"
"48,93800";"0,70727";"-0,04204"
"48,94800";"0,69216";"-0,03792"
"48,95800";"0,67705";"-0,04043"
"48,96800";"0,66206";"-0,04802"
"48,97800";"0,64706";"-0,05091"
"48,98800";"0,63207";"-0,05276"
"48,99800";"0,61696";"-0,05828"
"49,00800";"0,60197";"-0,05337"
"49,01800";"0,58697";"-0,04325"
"49,02800";"0,57198";"-0,03696"
"49,03800";"0,55687";"-0,03596"
"49,04800";"0,54176";"-0,02939"
"49,05800";"0,52676";"-0,02584"
"49,06800";"0,51189";"-0,02686"
"49,07800";"0,49678";"-0,03737"
"49,08800";"0,48167";"-0,05187"
"49,09800";"0,46691";"-0,05857"
"49,10800";"0,45203";"-0,06268"
"49,11800";"0,43704";"-0,06100"
"49,12800";"0,42193";"-0,05625"
"49,13800";"0,40694";"-0,04697"
"49,14800";"0,39194";"-0,04236"
"49,15800";"0,37683";"-0,03967"
"49,16800";"0,36172";"-0,04206"
"49,17800";"0,34685";"-0,03924"
"49,18800";"0,33197";"-0,03427"
"49,19800";"0,31710";"-0,03506"
"49,20800";"0,30199";"-0,03553"
"49,21800";"0,28699";"-0,03777"
"49,22800";"0,27212";"-0,04045"
"49,23800";"0,25701";"-0,04413"
"49,24800";"0,24190";"-0,04670"
"49,25800";"0,22690";"-0,05415"
"49,26800";"0,21203";"-0,05784"
"49,27800";"0,19703";"-0,05628"
"49,28800";"0,18192";"-0,05105"
"49,29800";"0,16681";"-0,04519"
"49,30800";"0,15194";"-0,04615"
"49,31800";"0,13694";"-0,04558"
"49,32800";"0,12195";"-0,04795"
"49,33800";"0,10708";"-0,05203"
"49,34800";"0,09232";"-0,04986"
"49,35800";"0,07744";"-0,05177"
"49,36800";"0,06233";"-0,05012"
"49,37800";"0,04722";"-0,05084"
"49,38800";"0,03211";"-0,05218"
"49,39800";"0,01724";"-0,05052"
"49,40800";"0,00213";"-0,04297"
"49,41000";"-0,00094";"-0,04129"
