20.69	-2.3256
20.69	-2.3254
20.69	-2.3252
20.70	-2.3252
20.70	-2.3255
20.70	-2.3260
20.70	-2.3268
20.69	-2.3275
20.69	-2.3284
20.70	-2.3294
20.70	-2.3305
20.70	-2.3319
20.70	-2.3333
20.70	-2.3351
20.70	-2.3368
20.70	-2.3388
20.70	-2.3408
20.69	-2.3429
20.70	-2.3452
20.70	-2.3473
20.70	-2.3499
20.70	-2.3523
20.70	-2.3550
20.70	-2.3578
20.70	-2.3605
20.70	-2.3635
20.70	-2.3667
20.69	-2.3697
20.69	-2.3731
20.69	-2.3762
20.69	-2.3798
20.70	-2.3830
20.70	-2.3868
20.70	-2.3902
20.70	-2.3940
20.70	-2.3979
20.70	-2.4016
20.70	-2.4055
20.70	-2.4096
20.70	-2.4138
20.70	-2.4180
20.70	-2.4220
20.70	-2.4262
20.70	-2.4306
20.70	-2.4346
20.70	-2.4393
20.70	-2.4435
20.70	-2.4481
20.70	-2.4526
20.70	-2.4571
20.70	-2.4617
20.70	-2.4663
20.70	-2.4711
20.70	-2.4756
20.70	-2.4805
20.70	-2.4852
20.70	-2.4900
20.70	-2.4949
20.70	-2.4998
20.70	-2.5048
20.70	-2.5097
20.70	-2.5143
20.70	-2.5193
20.70	-2.5245
20.70	-2.5294
20.70	-2.5344
20.70	-2.5395
20.70	-2.5446
20.70	-2.5497
20.70	-2.5546
20.70	-2.5597
20.71	-2.5648
20.71	-2.5697
20.70	-2.5751
20.71	-2.5801
20.70	-2.5852
20.70	-2.5904
20.70	-2.5955
20.70	-2.6006
20.70	-2.6058
20.70	-2.6110
20.70	-2.6161
20.71	-2.6211
20.71	-2.6264
20.71	-2.6314
20.71	-2.6367
20.71	-2.6418
20.71	-2.6468
20.71	-2.6521
20.71	-2.6571
20.71	-2.6621
20.71	-2.6673
20.71	-2.6724
20.70	-2.6775
20.70	-2.6825
20.70	-2.6877
20.70	-2.6928
20.70	-2.6978
20.70	-2.7027
20.70	-2.7081
20.70	-2.7128
20.70	-2.7178
20.70	-2.7229
20.70	-2.7279
20.70	-2.7327
20.70	-2.7377
20.71	-2.7429
20.71	-2.7477
20.71	-2.7525
20.71	-2.7575
20.71	-2.7621
20.71	-2.7671
20.71	-2.7721
20.71	-2.7770
20.71	-2.7820
20.71	-2.7865
20.71	-2.7913
20.71	-2.7960
20.71	-2.8007
20.71	-2.8055
20.70	-2.8104
20.70	-2.8148
20.70	-2.8194
20.71	-2.8242
20.71	-2.8289
20.70	-2.8335
20.70	-2.8382
20.70	-2.8425
20.70	-2.8474
20.70	-2.8517
20.70	-2.8562
20.70	-2.8608
20.71	-2.8650
20.71	-2.8695
20.71	-2.8739
20.71	-2.8785
20.71	-2.8826
20.71	-2.8870
20.71	-2.8913
20.71	-2.8957
20.70	-2.9000
20.70	-2.9040
20.70	-2.9084
20.70	-2.9124
20.70	-2.9165
20.70	-2.9206
20.71	-2.9248
20.71	-2.9290
20.72	-2.9330
20.71	-2.9370
20.71	-2.9412
20.71	-2.9450
20.70	-2.9490
20.70	-2.9532
20.71	-2.9570
20.71	-2.9610
20.70	-2.9648
20.70	-2.9688
20.71	-2.9727
20.71	-2.9765
20.71	-2.9802
20.71	-2.9840
20.71	-2.9880
20.71	-2.9917
20.71	-2.9954
20.71	-2.9991
20.70	-3.0029
20.70	-3.0065
20.70	-3.0102
20.71	-3.0135
20.70	-3.0172
20.71	-3.0207
20.71	-3.0242
20.71	-3.0278
20.71	-3.0309
20.71	-3.0345
20.72	-3.0381
20.71	-3.0414
20.71	-3.0448
20.71	-3.0482
20.71	-3.0514
20.71	-3.0550
20.71	-3.0581
20.71	-3.0612
20.71	-3.0644
20.71	-3.0677
20.71	-3.0709
20.71	-3.0741
20.71	-3.0774
20.71	-3.0804
20.71	-3.0837
20.71	-3.0867
20.71	-3.0898
20.71	-3.0928
20.71	-3.0960
20.71	-3.0987
20.71	-3.1019
20.71	-3.1048
20.71	-3.1078
20.71	-3.1107
20.71	-3.1136
20.71	-3.1166
20.71	-3.1194
20.71	-3.1224
20.71	-3.1253
20.71	-3.1279
20.71	-3.1307
20.71	-3.1334
20.70	-3.1363
20.71	-3.1389
20.71	-3.1417
20.72	-3.1442
20.72	-3.1470
20.72	-3.1495
20.72	-3.1522
20.71	-3.1548
20.72	-3.1575
20.72	-3.1598
20.72	-3.1624
20.71	-3.1650
20.71	-3.1675
20.71	-3.1700
20.71	-3.1722
20.71	-3.1747
20.71	-3.1772
20.71	-3.1796
20.71	-3.1819
20.71	-3.1842
20.71	-3.1866
20.71	-3.1889
20.71	-3.1914
20.71	-3.1934
20.71	-3.1956
20.71	-3.1979
20.71	-3.2002
20.71	-3.2024
20.71	-3.2045
20.71	-3.2067
20.71	-3.2089
20.71	-3.2111
20.71	-3.2132
20.70	-3.2153
20.70	-3.2173
20.71	-3.2195
20.71	-3.2214
20.71	-3.2234
20.71	-3.2255
20.71	-3.2276
20.71	-3.2297
20.71	-3.2313
20.71	-3.2334
20.71	-3.2352
20.70	-3.2373
20.70	-3.2392
20.70	-3.2408
20.70	-3.2428
20.70	-3.2446
20.71	-3.2465
20.71	-3.2483
20.72	-3.2499
20.72	-3.2517
20.72	-3.2535
20.71	-3.2552
20.71	-3.2569
20.71	-3.2586
20.71	-3.2605
20.71	-3.2619
20.71	-3.2636
20.71	-3.2653
20.71	-3.2669
20.71	-3.2686
20.71	-3.2703
20.71	-3.2719
20.71	-3.2735
20.71	-3.2749
20.71	-3.2767
20.71	-3.2781
20.72	-3.2798
20.71	-3.2811
20.71	-3.2826
20.71	-3.2839
20.71	-3.2855
20.71	-3.2871
20.72	-3.2885
20.72	-3.2899
20.72	-3.2914
20.71	-3.2927
20.71	-3.2940
20.71	-3.2956
20.71	-3.2969
20.72	-3.2985
20.72	-3.2997
20.72	-3.3010
20.71	-3.3023
20.71	-3.3035
20.71	-3.3046
20.71	-3.3061
20.71	-3.3074
20.71	-3.3087
20.71	-3.3099
20.72	-3.3112
20.72	-3.3123
20.72	-3.3133
20.71	-3.3146
20.71	-3.3159
20.71	-3.3171
20.71	-3.3182
20.71	-3.3195
20.71	-3.3206
20.71	-3.3218
20.71	-3.3229
20.70	-3.3240
20.71	-3.3251
20.71	-3.3262
20.71	-3.3274
20.71	-3.3286
20.71	-3.3296
20.71	-3.3306
20.71	-3.3316
20.71	-3.3328
20.70	-3.3337
20.71	-3.3349
20.71	-3.3359
20.71	-3.3370
20.71	-3.3380
20.71	-3.3388
20.71	-3.3398
20.71	-3.3408
20.71	-3.3416
20.71	-3.3426
20.70	-3.3437
20.70	-3.3447
20.71	-3.3454
20.71	-3.3465
20.72	-3.3472
20.72	-3.3481
20.72	-3.3490
20.72	-3.3500
20.72	-3.3508
20.72	-3.3517
20.71	-3.3524
20.72	-3.3533
20.71	-3.3543
20.71	-3.3550
20.71	-3.3560
20.71	-3.3566
20.71	-3.3574
20.71	-3.3582
20.71	-3.3591
20.71	-3.3598
20.71	-3.3607
20.71	-3.3614
20.71	-3.3620
20.71	-3.3628
20.71	-3.3636
20.71	-3.3644
20.71	-3.3650
20.71	-3.3656
20.71	-3.3667
20.71	-3.3673
20.71	-3.3680
20.71	-3.3686
20.71	-3.3693
20.71	-3.3698
20.71	-3.3707
20.71	-3.3712
20.71	-3.3721
20.71	-3.3727
20.71	-3.3733
20.71	-3.3740
20.71	-3.3745
20.71	-3.3754
20.71	-3.3759
20.71	-3.3765
20.71	-3.3771
20.71	-3.3780
20.71	-3.3783
20.71	-3.3789
20.71	-3.3794
20.71	-3.3799
20.71	-3.3807
20.72	-3.3811
20.72	-3.3818
20.71	-3.3823
20.71	-3.3828
20.71	-3.3835
20.71	-3.3841
20.72	-3.3845
20.71	-3.3849
20.71	-3.3855
20.71	-3.3860
20.71	-3.3866
20.71	-3.3870
20.71	-3.3875
20.71	-3.3881
20.71	-3.3884
20.71	-3.3888
20.71	-3.3895
20.71	-3.3899
20.71	-3.3905
20.71	-3.3908
20.71	-3.3913
20.71	-3.3918
20.71	-3.3920
20.72	-3.3925
20.71	-3.3932
20.71	-3.3934
20.71	-3.3938
20.71	-3.3941
20.71	-3.3944
20.71	-3.3952
20.71	-3.3955
20.71	-3.3960
20.71	-3.3965
20.71	-3.3967
20.71	-3.3970
20.71	-3.3975
20.71	-3.3979
20.71	-3.3981
20.71	-3.3984
20.71	-3.3989
20.71	-3.3995
20.71	-3.3997
20.71	-3.4001
20.71	-3.4004
20.71	-3.4009
20.71	-3.4012
20.71	-3.4015
20.71	-3.4019
20.71	-3.4025
20.71	-3.4027
20.70	-3.4028
20.70	-3.4033
20.70	-3.4035
20.70	-3.4040
20.70	-3.4042
20.71	-3.4043
20.71	-3.4046
20.71	-3.4051
20.71	-3.4054
20.71	-3.4056
20.71	-3.4060
20.71	-3.4064
20.71	-3.4065
20.71	-3.4067
20.71	-3.4073
20.71	-3.4075
20.71	-3.4076
20.71	-3.4080
20.71	-3.4083
20.71	-3.4085
20.71	-3.4088
20.71	-3.4092
20.71	-3.4093
20.70	-3.4095
20.70	-3.4099
20.71	-3.4100
20.71	-3.4103
20.71	-3.4106
20.71	-3.4108
20.70	-3.4110
20.71	-3.4113
20.71	-3.4114
20.71	-3.4120
20.71	-3.4122
20.70	-3.4121
20.70	-3.4125
20.71	-3.4126
20.71	-3.4127
20.71	-3.4131
20.71	-3.4133
20.71	-3.4136
20.71	-3.4138
20.71	-3.4138
20.71	-3.4141
20.71	-3.4144
20.71	-3.4144
20.71	-3.4145
20.71	-3.4147
20.71	-3.4151
20.71	-3.4150
20.70	-3.4153
20.71	-3.4154
20.71	-3.4158
20.71	-3.4159
20.71	-3.4160
20.71	-3.4163
20.71	-3.4163
20.71	-3.4166
20.71	-3.4165
20.71	-3.4168
20.70	-3.4170
20.70	-3.4170
20.70	-3.4172
20.70	-3.4174
20.71	-3.4177
20.71	-3.4180
20.71	-3.4181
20.71	-3.4184
20.71	-3.4185
20.71	-3.4186
20.71	-3.4188
20.71	-3.4189
20.71	-3.4192
20.71	-3.4191
20.70	-3.4193
20.70	-3.4194
20.71	-3.4196
20.71	-3.4198
20.71	-3.4200
20.71	-3.4202
20.71	-3.4202
20.71	-3.4203
20.71	-3.4205
20.70	-3.4207
20.70	-3.4209
20.70	-3.4210
20.70	-3.4210
20.70	-3.4211
20.70	-3.4213
20.71	-3.4213
20.71	-3.4215
20.71	-3.4213
20.71	-3.4214
20.71	-3.4217
20.71	-3.4218
20.70	-3.4218
20.70	-3.4220
20.70	-3.4220
20.71	-3.4222
20.71	-3.4222
20.71	-3.4223
20.70	-3.4224
20.71	-3.4227
20.70	-3.4227
20.70	-3.4230
20.70	-3.4229
20.70	-3.4230
20.70	-3.4230
20.70	-3.4235
20.70	-3.4235
20.70	-3.4236
20.70	-3.4238
20.70	-3.4239
20.70	-3.4239
20.71	-3.4241
20.71	-3.4241
20.70	-3.4242
20.70	-3.4244
20.70	-3.4245
20.70	-3.4246
20.71	-3.4245
20.70	-3.4247
20.70	-3.4248
20.70	-3.4248
20.70	-3.4249
20.70	-3.4250
20.70	-3.4249
20.70	-3.4252
20.70	-3.4252
20.71	-3.4253
20.71	-3.4253
20.71	-3.4255
20.71	-3.4254
20.71	-3.4256
20.71	-3.4257
20.71	-3.4257
20.71	-3.4257
20.71	-3.4257
20.70	-3.4260
20.71	-3.4260
20.71	-3.4260
20.71	-3.4261
20.71	-3.4261
20.71	-3.4261
20.71	-3.4262
20.71	-3.4262
20.71	-3.4265
20.70	-3.4264
20.70	-3.4265
20.70	-3.4264
20.70	-3.4266
20.70	-3.4267
20.71	-3.4266
20.71	-3.4267
20.71	-3.4266
20.71	-3.4268
20.70	-3.4270
20.71	-3.4270
20.71	-3.4269
20.71	-3.4269
20.71	-3.4270
20.71	-3.4271
20.70	-3.4272
20.71	-3.4271
20.71	-3.4272
20.71	-3.4272
20.70	-3.4273
20.70	-3.4273
20.70	-3.4275
20.70	-3.4275
20.71	-3.4275
20.71	-3.4273
20.71	-3.4276
20.71	-3.4276
20.71	-3.4276
20.71	-3.4276
20.71	-3.4277
20.71	-3.4276
20.71	-3.4278
20.71	-3.4278
20.70	-3.4276
20.70	-3.4276
20.71	-3.4277
20.71	-3.4277
20.70	-3.4278
20.70	-3.4280
20.70	-3.4278
20.71	-3.4280
20.71	-3.4281
20.71	-3.4279
20.70	-3.4280
20.70	-3.4280
20.70	-3.4282
20.70	-3.4281
20.70	-3.4282
20.70	-3.4281
20.71	-3.4282
20.71	-3.4282
20.71	-3.4281
20.71	-3.4281
20.71	-3.4280
20.71	-3.4280
20.71	-3.4280
20.71	-3.4279
20.71	-3.4278
20.71	-3.4279
20.70	-3.4280
20.70	-3.4280
20.70	-3.4281
20.71	-3.4281
20.71	-3.4279
20.71	-3.4280
20.71	-3.4280
20.71	-3.4279
20.71	-3.4281
20.70	-3.4280
20.70	-3.4280
20.70	-3.4277
20.71	-3.4278
20.70	-3.4280
20.70	-3.4278
20.70	-3.4278
20.70	-3.4276
20.70	-3.4278
20.70	-3.4276
20.70	-3.4276
20.70	-3.4275
20.70	-3.4277
20.70	-3.4275
20.70	-3.4273
20.70	-3.4273
20.71	-3.4273
20.70	-3.4272
20.70	-3.4273
20.70	-3.4271
20.70	-3.4272
20.70	-3.4273
20.70	-3.4271
20.70	-3.4271
20.70	-3.4272
20.70	-3.4270
20.70	-3.4272
20.70	-3.4270
20.70	-3.4269
20.70	-3.4271
20.70	-3.4270
20.70	-3.4269
20.70	-3.4269
20.70	-3.4268
20.70	-3.4269
20.70	-3.4269
20.70	-3.4267
20.70	-3.4268
20.70	-3.4266
20.70	-3.4267
20.70	-3.4266
20.70	-3.4268
20.70	-3.4267
20.70	-3.4268
20.70	-3.4268
20.70	-3.4269
20.71	-3.4267
20.70	-3.4268
20.70	-3.4266
20.70	-3.4268
20.70	-3.4266
20.70	-3.4267
20.70	-3.4268
20.70	-3.4267
20.70	-3.4268
20.70	-3.4266
20.71	-3.4266
20.71	-3.4268
20.71	-3.4269
20.70	-3.4266
20.70	-3.4268
20.70	-3.4266
20.70	-3.4268
20.70	-3.4266
20.70	-3.4266
20.70	-3.4266
20.71	-3.4265
20.71	-3.4264
20.71	-3.4265
20.70	-3.4264
20.70	-3.4264
20.70	-3.4263
20.70	-3.4262
20.70	-3.4262
20.70	-3.4263
20.70	-3.4263
20.70	-3.4262
20.70	-3.4263
20.70	-3.4260
20.70	-3.4261
20.70	-3.4260
20.71	-3.4260
20.71	-3.4263
20.71	-3.4262
20.71	-3.4262
20.71	-3.4261
20.70	-3.4261
20.70	-3.4261
20.70	-3.4260
20.70	-3.4260
20.70	-3.4260
20.70	-3.4260
20.70	-3.4261
20.70	-3.4259
20.70	-3.4260
20.70	-3.4261
20.71	-3.4260
20.70	-3.4258
20.70	-3.4260
20.70	-3.4259
20.70	-3.4258
20.70	-3.4257
20.70	-3.4259
20.70	-3.4257
20.71	-3.4259
20.71	-3.4257
20.70	-3.4258
20.70	-3.4258
20.70	-3.4256
20.70	-3.4256
20.70	-3.4255
20.70	-3.4258
20.70	-3.4255
20.70	-3.4257
20.70	-3.4255
20.70	-3.4256
20.70	-3.4255
20.70	-3.4255
20.70	-3.4254
20.70	-3.4255
20.70	-3.4255
20.70	-3.4252
20.70	-3.4253
20.70	-3.4252
20.70	-3.4251
20.70	-3.4251
20.70	-3.4251
20.70	-3.4252
20.70	-3.4251
20.70	-3.4250
20.70	-3.4251
20.71	-3.4254
20.71	-3.4253
20.70	-3.4252
20.70	-3.4252
20.70	-3.4253
20.70	-3.4253
20.70	-3.4250
20.70	-3.4251
20.70	-3.4252
20.70	-3.4249
20.70	-3.4253
20.70	-3.4252
20.70	-3.4252
20.70	-3.4253
20.70	-3.4252
20.70	-3.4251
20.70	-3.4252
20.70	-3.4250
20.70	-3.4252
20.70	-3.4249
20.70	-3.4250
20.70	-3.4249
20.70	-3.4249
20.70	-3.4248
20.70	-3.4249
20.70	-3.4248
20.70	-3.4248
20.70	-3.4248
20.70	-3.4247
20.70	-3.4247
20.70	-3.4246
20.70	-3.4248
20.70	-3.4246
20.70	-3.4246
20.70	-3.4245
20.70	-3.4245
20.70	-3.4244
20.70	-3.4244
20.71	-3.4243
20.70	-3.4243
20.70	-3.4244
20.70	-3.4242
20.70	-3.4243
20.70	-3.4240
20.70	-3.4241
20.70	-3.4242
20.70	-3.4242
20.70	-3.4240
20.70	-3.4240
20.70	-3.4239
20.70	-3.4240
20.70	-3.4241
20.70	-3.4241
20.70	-3.4240
20.70	-3.4239
20.70	-3.4239
20.70	-3.4238
20.70	-3.4240
20.70	-3.4238
20.70	-3.4239
20.70	-3.4237
20.70	-3.4238
20.70	-3.4237
20.70	-3.4236
20.70	-3.4236
20.70	-3.4235
20.70	-3.4236
20.70	-3.4236
20.70	-3.4235
20.70	-3.4234
20.70	-3.4236
20.70	-3.4233
20.70	-3.4234
20.70	-3.4235
20.70	-3.4234
20.70	-3.4234
20.70	-3.4234
20.70	-3.4233
20.70	-3.4233
20.70	-3.4231
20.70	-3.4231
20.70	-3.4230
20.70	-3.4230
20.70	-3.4227
20.70	-3.4229
20.70	-3.4226
20.70	-3.4226
20.70	-3.4224
20.70	-3.4224
20.70	-3.4224
20.70	-3.4222
20.70	-3.4222
20.70	-3.4223
20.70	-3.4224
20.70	-3.4221
20.70	-3.4223
20.70	-3.4223
20.69	-3.4221
20.69	-3.4220
20.70	-3.4218
20.70	-3.4220
20.70	-3.4218
20.70	-3.4219
20.70	-3.4218
20.70	-3.4218
20.70	-3.4217
20.70	-3.4217
20.70	-3.4216
20.70	-3.4216
20.70	-3.4216
20.70	-3.4216
20.70	-3.4215
20.70	-3.4216
20.70	-3.4217
20.70	-3.4216
20.70	-3.4216
20.70	-3.4215
20.70	-3.4214
20.70	-3.4213
20.70	-3.4213
20.70	-3.4214
20.70	-3.4212
20.70	-3.4213
20.70	-3.4215
20.70	-3.4211
20.70	-3.4212
20.70	-3.4210
20.70	-3.4211
20.70	-3.4210
20.70	-3.4209
20.70	-3.4210
20.70	-3.4210
20.70	-3.4210
20.70	-3.4209
20.70	-3.4208
20.70	-3.4208
20.70	-3.4207
20.70	-3.4206
20.70	-3.4208
20.70	-3.4207
20.70	-3.4207
20.70	-3.4205
20.70	-3.4205
20.70	-3.4205
20.70	-3.4205
20.70	-3.4203
20.70	-3.4202
20.70	-3.4203
20.70	-3.4203
20.70	-3.4202
20.70	-3.4202
20.70	-3.4202
20.70	-3.4201
20.70	-3.4199
20.70	-3.4201
20.70	-3.4198
20.70	-3.4197
20.70	-3.4198
20.70	-3.4198
20.70	-3.4194
20.70	-3.4195
20.70	-3.4196
20.70	-3.4194
20.70	-3.4194
20.70	-3.4195
20.70	-3.4194
20.70	-3.4194
20.70	-3.4191
20.70	-3.4193
20.70	-3.4191
20.70	-3.4193
20.70	-3.4194
20.70	-3.4192
20.70	-3.4192
20.70	-3.4193
20.70	-3.4191
20.70	-3.4191
20.69	-3.4191
20.70	-3.4190
20.70	-3.4192
20.70	-3.4189
20.70	-3.4190
20.70	-3.4191
20.70	-3.4188
20.70	-3.4188
20.70	-3.4188
20.70	-3.4189
20.70	-3.4187
20.70	-3.4188
20.70	-3.4187
20.69	-3.4186
20.69	-3.4186
20.70	-3.4185
20.70	-3.4186
20.70	-3.4185
20.70	-3.4183
20.70	-3.4182
20.70	-3.4184
20.70	-3.4183
20.70	-3.4182
20.70	-3.4182
20.70	-3.4181
20.70	-3.4182
20.70	-3.4181
20.70	-3.4181
20.70	-3.4180
20.70	-3.4178
20.70	-3.4181
20.70	-3.4179
20.70	-3.4180
20.70	-3.4179
20.70	-3.4178
20.70	-3.4181
20.70	-3.4177
20.70	-3.4179
20.70	-3.4178
20.70	-3.4175
20.70	-3.4175
20.70	-3.4175
20.70	-3.4174
20.70	-3.4176
20.70	-3.4176
20.70	-3.4178
20.70	-3.4172
20.70	-3.4174
20.69	-3.4174
20.69	-3.4174
20.69	-3.4172
20.70	-3.4173
20.70	-3.4173
20.69	-3.4171
20.69	-3.4172
20.69	-3.4172
20.69	-3.4171
20.69	-3.4171
20.69	-3.4170
20.69	-3.4170
20.70	-3.4171
20.70	-3.4171
20.70	-3.4169
20.70	-3.4170
20.69	-3.4170
20.69	-3.4167
20.69	-3.4167
20.70	-3.4168
20.70	-3.4167
20.70	-3.4168
20.70	-3.4167
20.70	-3.4165
20.70	-3.4164
20.70	-3.4165
20.70	-3.4163
20.70	-3.4162
20.70	-3.4164
20.70	-3.4164
20.70	-3.4162
20.70	-3.4163
20.70	-3.4161
20.70	-3.4160
20.70	-3.4159
20.70	-3.4160
20.70	-3.4160
20.70	-3.4158
20.70	-3.4158
20.69	-3.4158
20.70	-3.4158
20.70	-3.4158
20.70	-3.4158
20.70	-3.4158
20.70	-3.4159
20.69	-3.4157
20.69	-3.4157
20.69	-3.4156
20.69	-3.4157
20.70	-3.4155
20.70	-3.4154
20.70	-3.4154
20.70	-3.4152
20.70	-3.4154
20.70	-3.4154
20.70	-3.4151
20.70	-3.4151
20.70	-3.4150
20.70	-3.4150
20.70	-3.4150
20.70	-3.4150
20.70	-3.4151
20.70	-3.4147
20.70	-3.4147
20.70	-3.4147
20.70	-3.4148
20.70	-3.4147
20.70	-3.4147
20.70	-3.4145
20.70	-3.4146
20.70	-3.4146
20.70	-3.4145
20.70	-3.4146
20.70	-3.4145
20.70	-3.4146
20.70	-3.4143
20.70	-3.4142
20.70	-3.4142
20.70	-3.4143
20.70	-3.4142
20.70	-3.4141
20.70	-3.4142
20.70	-3.4141
20.69	-3.4140
20.69	-3.4140
20.69	-3.4142
20.69	-3.4140
20.70	-3.4138
20.70	-3.4137
20.70	-3.4135
20.70	-3.4137
20.70	-3.4134
20.70	-3.4135
20.70	-3.4134
20.70	-3.4132
20.70	-3.4132
20.70	-3.4133
20.70	-3.4133
20.70	-3.4131
20.70	-3.4131
20.70	-3.4131
20.70	-3.4130
20.70	-3.4130
20.70	-3.4129
20.70	-3.4129
20.70	-3.4130
20.70	-3.4127
20.70	-3.4129
20.70	-3.4127
20.70	-3.4126
20.70	-3.4127
20.70	-3.4127
20.70	-3.4126
20.70	-3.4126
20.70	-3.4126
20.70	-3.4126
20.70	-3.4124
20.70	-3.4126
20.70	-3.4124
20.70	-3.4123
20.70	-3.4125
20.70	-3.4125
20.70	-3.4124
20.70	-3.4123
20.70	-3.4121
20.70	-3.4123
20.69	-3.4122
20.69	-3.4121
20.69	-3.4119
20.69	-3.4118
20.69	-3.4118
20.69	-3.4117
20.69	-3.4116
20.69	-3.4116
20.69	-3.4118
20.69	-3.4116
20.70	-3.4115
20.70	-3.4116
20.70	-3.4116
20.70	-3.4116
20.70	-3.4115
20.70	-3.4115
20.70	-3.4116
20.70	-3.4115
20.70	-3.4114
20.69	-3.4114
20.69	-3.4113
20.69	-3.4114
20.69	-3.4112
20.70	-3.4114
20.69	-3.4112
20.70	-3.4111
20.70	-3.4113
20.70	-3.4110
20.69	-3.4110
20.69	-3.4112
20.70	-3.4109
20.70	-3.4112
20.70	-3.4108
20.70	-3.4110
20.70	-3.4108
20.69	-3.4111
20.69	-3.4108
20.70	-3.4107
20.69	-3.4107
20.70	-3.4103
20.69	-3.4107
20.69	-3.4107
20.69	-3.4105
20.70	-3.4104
20.70	-3.4103
20.70	-3.4104
20.70	-3.4103
20.70	-3.4101
20.70	-3.4102
20.70	-3.4101
20.70	-3.4101
20.70	-3.4100
20.70	-3.4100
20.70	-3.4100
20.70	-3.4098
20.70	-3.4099
20.70	-3.4097
20.70	-3.4097
20.70	-3.4095
20.69	-3.4095
20.69	-3.4094
20.69	-3.4093
20.69	-3.4090
20.69	-3.4092
20.69	-3.4092
20.69	-3.4090
20.69	-3.4090
20.69	-3.4090
20.69	-3.4092
20.70	-3.4089
20.70	-3.4089
20.70	-3.4089
20.70	-3.4088
20.69	-3.4088
20.69	-3.4088
20.70	-3.4088
20.70	-3.4088
20.70	-3.4087
20.70	-3.4087
20.70	-3.4087
20.70	-3.4084
20.70	-3.4084
20.70	-3.4085
20.69	-3.4084
20.69	-3.4083
20.69	-3.4082
20.69	-3.4082
20.69	-3.4082
20.69	-3.4081
20.69	-3.4082
20.69	-3.4080
20.69	-3.4081
20.69	-3.4078
20.69	-3.4076
20.69	-3.4079
20.69	-3.4077
20.69	-3.4077
20.69	-3.4074
20.69	-3.4075
20.69	-3.4077
20.69	-3.4075
20.69	-3.4075
20.69	-3.4074
20.69	-3.4074
20.69	-3.4075
20.69	-3.4074
20.69	-3.4075
20.69	-3.4074
20.69	-3.4074
20.69	-3.4073
20.69	-3.4074
20.69	-3.4072
20.69	-3.4073
20.69	-3.4072
20.69	-3.4073
20.69	-3.4072
20.69	-3.4073
20.69	-3.4072
20.69	-3.4073
20.69	-3.4072
20.69	-3.4070
20.69	-3.4069
20.70	-3.4069
20.70	-3.4068
20.69	-3.4067
20.69	-3.4066
20.70	-3.4067
20.70	-3.4067
20.70	-3.4065
20.70	-3.4065
20.70	-3.4065
20.70	-3.4067
20.70	-3.4064
20.70	-3.4061
20.70	-3.4064
20.69	-3.4061
20.69	-3.4062
20.69	-3.4061
20.69	-3.4060
20.69	-3.4059
20.69	-3.4060
20.68	-3.4059
20.69	-3.4057
20.69	-3.4058
20.69	-3.4058
20.69	-3.4058
20.69	-3.4059
20.69	-3.4058
20.69	-3.4058
20.69	-3.4056
20.69	-3.4058
20.69	-3.4056
20.69	-3.4057
20.69	-3.4055
20.69	-3.4057
20.70	-3.4055
20.70	-3.4054
20.70	-3.4055
20.70	-3.4054
20.69	-3.4053
20.69	-3.4052
20.69	-3.4051
20.69	-3.4052
20.69	-3.4051
20.69	-3.4049
20.69	-3.4049
20.70	-3.4048
20.70	-3.4048
20.70	-3.4047
20.70	-3.4048
20.70	-3.4045
20.70	-3.4046
20.70	-3.4044
20.69	-3.4045
20.70	-3.4045
20.70	-3.4044
20.70	-3.4043
20.69	-3.4043
20.69	-3.4043
20.69	-3.4044
20.70	-3.4042
20.70	-3.4042
20.69	-3.4042
20.69	-3.4042
20.69	-3.4042
20.69	-3.4041
20.69	-3.4040
20.69	-3.4039
20.69	-3.4041
20.69	-3.4038
20.69	-3.4040
20.69	-3.4038
20.69	-3.4039
20.69	-3.4038
20.69	-3.4039
20.69	-3.4036
20.69	-3.4038
20.70	-3.4035
20.70	-3.4036
20.70	-3.4036
20.70	-3.4035
20.70	-3.4035
20.69	-3.4033
20.69	-3.4033
20.69	-3.4033
20.69	-3.4034
20.69	-3.4033
20.68	-3.4032
20.68	-3.4032
20.68	-3.4032
20.68	-3.4031
20.69	-3.4032
20.69	-3.4029
20.69	-3.4029
20.70	-3.4030
20.70	-3.4030
20.69	-3.4028
20.69	-3.4027
20.69	-3.4028
20.69	-3.4028
20.69	-3.4028
20.69	-3.4027
20.69	-3.4026
20.69	-3.4027
20.69	-3.4026
20.69	-3.4025
20.69	-3.4026
20.69	-3.4024
20.69	-3.4024
20.69	-3.4023
20.69	-3.4021
20.69	-3.4023
20.69	-3.4022
20.69	-3.4021
20.69	-3.4020
20.69	-3.4020
20.68	-3.4021
20.68	-3.4019
20.69	-3.4018
20.69	-3.4017
20.69	-3.4017
20.69	-3.4017
20.70	-3.4016
20.70	-3.4015
20.69	-3.4015
20.69	-3.4015
20.69	-3.4013
20.69	-3.4014
20.69	-3.4015
20.69	-3.4012
20.69	-3.4012
20.68	-3.4011
20.69	-3.4013
20.69	-3.4011
20.69	-3.4011
20.69	-3.4011
20.69	-3.4011
20.69	-3.4009
20.69	-3.4010
20.69	-3.4009
20.69	-3.4008
20.69	-3.4008
20.69	-3.4005
20.69	-3.4008
20.69	-3.4007
20.69	-3.4004
20.69	-3.4004
20.69	-3.4005
20.68	-3.4004
20.68	-3.4003
20.69	-3.4003
20.69	-3.4003
20.69	-3.4002
20.70	-3.4004
20.69	-3.4003
20.69	-3.4005
20.69	-3.4002
20.69	-3.4003
20.69	-3.4004
20.69	-3.4002
20.69	-3.4002
20.69	-3.4001
20.69	-3.4002
20.69	-3.4002
20.69	-3.4001
20.69	-3.4001
20.69	-3.4003
20.69	-3.3999
20.69	-3.4000
20.69	-3.4002
20.69	-3.3997
20.69	-3.3998
20.69	-3.3998
20.69	-3.3998
20.69	-3.3999
20.69	-3.3998
20.69	-3.3997
20.69	-3.3998
20.69	-3.3997
20.69	-3.3997
20.69	-3.3996
20.69	-3.3995
20.69	-3.3996
20.69	-3.3993
20.69	-3.3993
20.69	-3.3993
20.69	-3.3991
20.69	-3.3992
20.69	-3.3991
20.69	-3.3990
20.69	-3.3991
20.69	-3.3989
20.69	-3.3989
20.69	-3.3989
20.69	-3.3988
20.69	-3.3988
20.69	-3.3987
20.69	-3.3986
20.69	-3.3987
20.69	-3.3984
20.69	-3.3987
20.69	-3.3985
20.69	-3.3986
20.69	-3.3984
20.69	-3.3984
20.69	-3.3984
20.69	-3.3984
20.69	-3.3984
20.69	-3.3982
20.69	-3.3984
20.69	-3.3982
20.69	-3.3981
20.69	-3.3982
20.69	-3.3983
20.69	-3.3982
20.69	-3.3980
20.69	-3.3980
20.69	-3.3980
20.69	-3.3979
20.69	-3.3978
20.69	-3.3976
20.69	-3.3976
20.69	-3.3976
20.69	-3.3976
20.69	-3.3975
20.69	-3.3974
20.69	-3.3972
20.68	-3.3971
20.69	-3.3970
20.69	-3.3969
20.69	-3.3970
20.69	-3.3970
20.69	-3.3968
20.69	-3.3969
20.69	-3.3967
20.69	-3.3966
20.69	-3.3966
20.69	-3.3965
20.69	-3.3966
20.69	-3.3964
20.69	-3.3965
20.69	-3.3963
20.69	-3.3963
20.69	-3.3964
20.69	-3.3962
20.69	-3.3963
20.69	-3.3961
20.69	-3.3962
20.69	-3.3962
20.69	-3.3960
20.69	-3.3961
20.69	-3.3959
20.69	-3.3958
20.69	-3.3958
20.70	-3.3959
20.69	-3.3958
20.69	-3.3955
20.69	-3.3956
20.69	-3.3957
20.69	-3.3957
20.69	-3.3955
20.69	-3.3956
20.69	-3.3954
20.69	-3.3954
20.69	-3.3954
20.68	-3.3953
20.68	-3.3952
20.68	-3.3954
20.68	-3.3953
20.69	-3.3952
20.69	-3.3952
20.69	-3.3953
20.69	-3.3952
20.69	-3.3952
20.69	-3.3951
20.69	-3.3948
20.69	-3.3948
20.69	-3.3951
20.69	-3.3945
20.69	-3.3947
20.69	-3.3946
20.69	-3.3945
20.69	-3.3945
20.69	-3.3945
20.69	-3.3944
20.69	-3.3942
20.69	-3.3942
20.69	-3.3941
20.69	-3.3940
20.68	-3.3939
20.68	-3.3941
20.68	-3.3937
20.69	-3.3938
20.69	-3.3939
20.69	-3.3936
20.69	-3.3936
20.69	-3.3935
20.69	-3.3937
20.69	-3.3934
20.69	-3.3934
20.69	-3.3934
20.69	-3.3932
20.70	-3.3934
20.70	-3.3931
20.69	-3.3932
20.69	-3.3930
20.69	-3.3930
20.69	-3.3930
20.68	-3.3928
20.69	-3.3927
20.69	-3.3926
20.69	-3.3927
20.69	-3.3925
20.69	-3.3924
20.69	-3.3925
20.69	-3.3923
20.69	-3.3924
20.69	-3.3922
20.69	-3.3923
20.69	-3.3922
20.69	-3.3920
20.69	-3.3922
20.69	-3.3918
20.69	-3.3919
20.68	-3.3917
20.68	-3.3917
20.68	-3.3916
20.68	-3.3915
20.69	-3.3916
20.69	-3.3914
20.69	-3.3913
20.68	-3.3913
20.68	-3.3911
20.68	-3.3911
20.69	-3.3912
20.69	-3.3910
20.69	-3.3912
20.69	-3.3909
20.69	-3.3909
20.69	-3.3907
20.69	-3.3909
20.69	-3.3907
20.69	-3.3908
20.69	-3.3907
20.69	-3.3905
20.69	-3.3906
20.69	-3.3905
20.69	-3.3904
20.69	-3.3904
20.69	-3.3904
20.69	-3.3904
20.69	-3.3903
20.69	-3.3904
20.69	-3.3903
20.69	-3.3902
20.69	-3.3902
20.69	-3.3902
20.69	-3.3903
20.69	-3.3903
20.69	-3.3901
20.69	-3.3903
20.69	-3.3903
20.69	-3.3902
20.69	-3.3902
20.69	-3.3903
20.69	-3.3902
20.69	-3.3903
20.69	-3.3902
20.69	-3.3903
20.69	-3.3905
20.69	-3.3901
20.68	-3.3901
20.68	-3.3900
20.68	-3.3903
20.68	-3.3902
20.68	-3.3902
20.68	-3.3901
20.68	-3.3903
20.68	-3.3901
20.69	-3.3899
20.69	-3.3900
20.69	-3.3901
20.68	-3.3900
20.68	-3.3900
20.68	-3.3898
20.68	-3.3899
20.68	-3.3896
20.68	-3.3899
20.68	-3.3897
20.68	-3.3897
20.68	-3.3896
20.68	-3.3896
20.68	-3.3893
20.68	-3.3892
20.68	-3.3893
20.68	-3.3893
20.69	-3.3894
20.69	-3.3891
20.69	-3.3891
20.69	-3.3892
20.69	-3.3892
20.69	-3.3891
20.69	-3.3889
20.69	-3.3889
20.69	-3.3888
20.68	-3.3889
20.69	-3.3887
20.69	-3.3886
20.69	-3.3885
20.69	-3.3884
20.69	-3.3885
20.69	-3.3886
20.69	-3.3883
20.69	-3.3881
20.68	-3.3882
20.68	-3.3882
20.68	-3.3880
20.68	-3.3880
20.68	-3.3878
20.68	-3.3877
20.68	-3.3877
20.68	-3.3877
20.68	-3.3876
20.68	-3.3874
20.68	-3.3875
20.68	-3.3875
20.68	-3.3873
20.68	-3.3872
20.68	-3.3871
20.68	-3.3872
20.68	-3.3871
20.69	-3.3870
20.68	-3.3871
20.69	-3.3869
20.69	-3.3871
20.69	-3.3870
20.68	-3.3870
20.68	-3.3868
20.68	-3.3868
20.68	-3.3868
20.68	-3.3867
20.68	-3.3868
20.69	-3.3865
20.69	-3.3866
20.69	-3.3865
20.69	-3.3864
20.69	-3.3864
20.69	-3.3863
20.69	-3.3862
20.69	-3.3862
20.69	-3.3860
20.69	-3.3858
20.69	-3.3859
20.69	-3.3860
20.69	-3.3857
20.69	-3.3859
20.69	-3.3857
20.69	-3.3855
20.68	-3.3856
20.68	-3.3855
20.68	-3.3855
20.68	-3.3854
20.68	-3.3854
20.68	-3.3853
20.68	-3.3852
20.68	-3.3852
20.68	-3.3852
20.68	-3.3852
20.68	-3.3851
20.68	-3.3851
20.68	-3.3850
20.68	-3.3851
20.68	-3.3851
20.68	-3.3850
20.68	-3.3851
20.68	-3.3852
20.68	-3.3850
20.68	-3.3851
20.68	-3.3850
20.68	-3.3850
20.68	-3.3851
20.68	-3.3849
20.68	-3.3850
20.68	-3.3850
20.68	-3.3851
20.68	-3.3849
20.68	-3.3848
20.68	-3.3849
20.68	-3.3847
20.68	-3.3850
20.68	-3.3849
20.69	-3.3850
20.68	-3.3848
20.69	-3.3848
20.69	-3.3848
20.69	-3.3848
20.69	-3.3848
20.69	-3.3847
20.68	-3.3847
20.68	-3.3848
20.68	-3.3845
20.68	-3.3846
20.68	-3.3846
20.69	-3.3846
20.68	-3.3846
20.68	-3.3844
20.69	-3.3846
20.69	-3.3844
20.69	-3.3845
20.68	-3.3845
20.68	-3.3844
20.68	-3.3844
20.68	-3.3843
20.68	-3.3845
20.68	-3.3843
20.68	-3.3844
20.68	-3.3843
20.68	-3.3840
20.68	-3.3841
20.68	-3.3840
20.68	-3.3840
20.68	-3.3841
20.68	-3.3839
20.68	-3.3838
20.68	-3.3839
20.68	-3.3838
20.68	-3.3838
20.68	-3.3834
20.68	-3.3835
20.68	-3.3834
20.68	-3.3834
20.68	-3.3833
20.68	-3.3833
20.68	-3.3832
20.68	-3.3831
20.68	-3.3831
20.68	-3.3830
20.68	-3.3829
20.68	-3.3830
20.68	-3.3828
20.68	-3.3828
20.68	-3.3826
20.68	-3.3826
20.68	-3.3825
20.68	-3.3824
20.68	-3.3824
20.68	-3.3825
20.68	-3.3824
20.68	-3.3823
20.68	-3.3823
20.68	-3.3822
20.68	-3.3820
20.68	-3.3820
20.68	-3.3816
20.68	-3.3817
20.68	-3.3818
20.68	-3.3816
20.68	-3.3816
20.68	-3.3814
20.68	-3.3813
20.68	-3.3813
20.68	-3.3809
20.68	-3.3811
20.68	-3.3812
20.68	-3.3811
20.68	-3.3807
20.68	-3.3808
20.68	-3.3807
20.68	-3.3806
20.68	-3.3805
20.68	-3.3804
20.69	-3.3803
20.69	-3.3804
20.69	-3.3802
20.69	-3.3801
20.68	-3.3801
20.68	-3.3799
20.68	-3.3798
20.68	-3.3797
20.68	-3.3797
20.68	-3.3795
20.68	-3.3795
20.68	-3.3794
20.68	-3.3793
20.68	-3.3793
20.68	-3.3792
20.68	-3.3792
20.68	-3.3790
20.68	-3.3791
20.68	-3.3789
20.68	-3.3788
20.68	-3.3786
20.68	-3.3786
20.68	-3.3787
20.68	-3.3786
20.68	-3.3784
20.68	-3.3786
20.68	-3.3782
20.68	-3.3780
20.68	-3.3779
20.68	-3.3779
20.68	-3.3780
20.68	-3.3777
20.68	-3.3777
20.68	-3.3776
20.68	-3.3775
20.68	-3.3773
20.68	-3.3773
20.68	-3.3773
20.68	-3.3773
20.68	-3.3769
20.68	-3.3772
20.68	-3.3769
20.68	-3.3770
20.68	-3.3768
20.68	-3.3766
20.68	-3.3766
20.68	-3.3765
20.68	-3.3764
20.68	-3.3765
20.68	-3.3764
20.68	-3.3762
20.68	-3.3761
20.68	-3.3759
20.68	-3.3760
20.68	-3.3758
20.68	-3.3758
20.68	-3.3757
20.68	-3.3756
20.68	-3.3754
20.68	-3.3754
20.68	-3.3753
20.68	-3.3754
20.68	-3.3751
20.68	-3.3752
20.68	-3.3749
20.68	-3.3749
20.68	-3.3747
20.68	-3.3749
20.68	-3.3748
20.68	-3.3746
20.68	-3.3746
20.68	-3.3747
20.68	-3.3743
20.68	-3.3744
20.68	-3.3743
20.68	-3.3743
20.68	-3.3743
20.68	-3.3739
20.68	-3.3741
20.68	-3.3738
20.68	-3.3738
20.68	-3.3739
20.68	-3.3737
20.68	-3.3736
20.68	-3.3735
20.68	-3.3734
20.68	-3.3734
20.68	-3.3733
20.68	-3.3732
20.68	-3.3732
20.68	-3.3730
20.68	-3.3730
20.68	-3.3729
20.68	-3.3727
20.68	-3.3727
20.68	-3.3726
20.68	-3.3724
20.68	-3.3724
20.68	-3.3723
20.68	-3.3721
20.68	-3.3720
20.68	-3.3720
20.68	-3.3719
20.68	-3.3716
20.68	-3.3715
20.68	-3.3715
20.68	-3.3712
20.68	-3.3712
20.68	-3.3712
20.69	-3.3712
20.69	-3.3709
20.68	-3.3708
20.68	-3.3706
20.68	-3.3705
20.68	-3.3705
20.68	-3.3703
20.68	-3.3702
20.68	-3.3701
20.68	-3.3700
20.68	-3.3697
20.68	-3.3699
20.67	-3.3698
20.68	-3.3695
20.68	-3.3695
20.68	-3.3694
20.68	-3.3693
20.68	-3.3692
20.68	-3.3691
20.68	-3.3689
20.68	-3.3690
20.68	-3.3688
20.68	-3.3687
20.68	-3.3685
20.68	-3.3685
20.68	-3.3681
20.68	-3.3682
20.68	-3.3681
20.68	-3.3681
20.68	-3.3678
20.68	-3.3679
20.68	-3.3676
20.68	-3.3675
20.68	-3.3673
20.68	-3.3673
20.68	-3.3671
20.68	-3.3670
20.68	-3.3672
20.67	-3.3669
20.68	-3.3666
20.68	-3.3665
20.68	-3.3665
20.68	-3.3663
20.68	-3.3662
20.68	-3.3661
20.68	-3.3662
20.68	-3.3658
20.68	-3.3657
20.68	-3.3658
20.68	-3.3655
20.68	-3.3655
20.68	-3.3654
20.68	-3.3652
20.68	-3.3648
20.68	-3.3647
20.68	-3.3648
20.68	-3.3646
20.68	-3.3645
20.68	-3.3642
20.68	-3.3640
20.68	-3.3640
20.68	-3.3639
20.68	-3.3637
20.68	-3.3637
20.68	-3.3632
20.68	-3.3633
20.68	-3.3631
20.68	-3.3628
20.68	-3.3628
20.68	-3.3626
20.68	-3.3624
20.68	-3.3623
20.68	-3.3622
20.68	-3.3622
20.68	-3.3619
20.68	-3.3617
20.68	-3.3617
20.68	-3.3615
20.68	-3.3613
20.68	-3.3613
20.68	-3.3609
20.68	-3.3607
20.68	-3.3607
20.68	-3.3605
20.68	-3.3604
20.68	-3.3604
20.68	-3.3600
20.68	-3.3599
20.68	-3.3599
20.68	-3.3595
20.68	-3.3595
20.68	-3.3594
20.68	-3.3593
20.68	-3.3592
20.68	-3.3590
20.68	-3.3588
20.68	-3.3588
20.68	-3.3585
20.68	-3.3585
20.68	-3.3583
20.68	-3.3581
20.68	-3.3579
20.68	-3.3577
20.68	-3.3577
20.68	-3.3575
20.68	-3.3573
20.68	-3.3571
20.68	-3.3568
20.68	-3.3567
20.68	-3.3566
20.68	-3.3564
20.68	-3.3562
20.68	-3.3561
20.68	-3.3558
20.68	-3.3558
20.68	-3.3556
20.68	-3.3552
20.68	-3.3551
20.68	-3.3551
20.68	-3.3548
20.68	-3.3546
20.68	-3.3546
20.68	-3.3543
20.68	-3.3539
20.68	-3.3538
20.68	-3.3536
20.68	-3.3534
20.68	-3.3532
20.68	-3.3529
20.68	-3.3529
20.68	-3.3527
20.68	-3.3525
20.68	-3.3522
20.68	-3.3520
20.68	-3.3519
20.68	-3.3519
20.68	-3.3514
20.68	-3.3514
20.68	-3.3512
20.68	-3.3510
20.67	-3.3509
20.67	-3.3507
20.68	-3.3505
20.68	-3.3503
20.68	-3.3499
20.67	-3.3497
20.67	-3.3496
20.68	-3.3495
20.68	-3.3493
20.68	-3.3491
20.68	-3.3490
20.68	-3.3489
20.68	-3.3487
20.68	-3.3484
20.68	-3.3483
20.68	-3.3482
20.68	-3.3479
20.68	-3.3476
20.68	-3.3476
20.68	-3.3472
20.68	-3.3472
20.68	-3.3471
20.68	-3.3467
20.68	-3.3467
20.68	-3.3464
20.68	-3.3463
20.68	-3.3460
20.68	-3.3460
20.68	-3.3456
20.68	-3.3453
20.68	-3.3452
20.68	-3.3450
20.68	-3.3450
20.68	-3.3446
20.68	-3.3445
20.68	-3.3442
20.68	-3.3441
20.68	-3.3439
20.68	-3.3437
20.68	-3.3434
20.68	-3.3429
20.68	-3.3429
20.68	-3.3427
20.68	-3.3426
20.68	-3.3423
20.68	-3.3421
20.67	-3.3419
20.67	-3.3416
20.67	-3.3414
20.67	-3.3412
20.68	-3.3411
20.68	-3.3407
20.68	-3.3407
20.68	-3.3403
20.68	-3.3402
20.68	-3.3399
20.68	-3.3397
20.68	-3.3394
20.68	-3.3392
20.68	-3.3388
20.68	-3.3388
20.68	-3.3384
20.68	-3.3380
20.68	-3.3380
20.68	-3.3377
20.68	-3.3372
20.68	-3.3371
20.68	-3.3367
20.68	-3.3369
20.68	-3.3363
20.68	-3.3361
20.68	-3.3361
20.68	-3.3356
20.68	-3.3355
20.68	-3.3352
20.68	-3.3350
20.68	-3.3347
20.68	-3.3346
20.68	-3.3343
20.68	-3.3340
20.68	-3.3338
20.68	-3.3336
20.68	-3.3334
20.68	-3.3330
20.68	-3.3326
20.68	-3.3323
20.68	-3.3320
20.68	-3.3321
20.68	-3.3317
20.68	-3.3314
20.68	-3.3311
20.68	-3.3310
20.68	-3.3306
20.68	-3.3304
20.68	-3.3302
20.68	-3.3299
20.67	-3.3296
20.68	-3.3294
20.68	-3.3292
20.68	-3.3289
20.68	-3.3286
20.68	-3.3285
20.68	-3.3283
20.68	-3.3279
20.68	-3.3277
20.68	-3.3274
20.68	-3.3272
20.68	-3.3270
20.68	-3.3265
20.68	-3.3264
20.68	-3.3259
20.68	-3.3256
20.68	-3.3255
20.68	-3.3252
20.68	-3.3250
20.68	-3.3247
20.67	-3.3245
20.67	-3.3240
20.68	-3.3239
20.67	-3.3237
20.67	-3.3236
20.67	-3.3233
20.67	-3.3230
20.67	-3.3226
20.68	-3.3225
20.68	-3.3222
20.68	-3.3221
20.68	-3.3218
20.68	-3.3215
20.68	-3.3210
20.68	-3.3210
20.68	-3.3207
20.68	-3.3204
20.68	-3.3202
20.68	-3.3197
20.68	-3.3196
20.68	-3.3193
20.68	-3.3190
20.68	-3.3188
20.68	-3.3183
20.68	-3.3181
20.68	-3.3179
20.68	-3.3176
20.68	-3.3174
20.67	-3.3172
20.67	-3.3168
20.67	-3.3164
20.67	-3.3161
20.67	-3.3160
20.67	-3.3154
20.67	-3.3151
20.67	-3.3149
20.67	-3.3144
20.67	-3.3142
20.67	-3.3141
20.67	-3.3137
20.68	-3.3133
20.68	-3.3131
20.68	-3.3129
20.68	-3.3125
20.68	-3.3123
20.68	-3.3119
20.67	-3.3118
20.67	-3.3115
20.68	-3.3110
20.67	-3.3108
20.67	-3.3106
20.68	-3.3101
20.68	-3.3100
20.68	-3.3097
20.68	-3.3093
20.68	-3.3091
20.68	-3.3089
20.68	-3.3086
20.67	-3.3081
20.67	-3.3078
20.67	-3.3077
20.67	-3.3072
20.67	-3.3071
20.67	-3.3068
20.67	-3.3064
20.67	-3.3062
20.67	-3.3060
20.67	-3.3056
20.68	-3.3054
20.68	-3.3051
20.68	-3.3047
20.68	-3.3043
20.68	-3.3040
20.68	-3.3037
20.67	-3.3034
20.67	-3.3035
20.67	-3.3030
20.67	-3.3026
20.67	-3.3023
20.67	-3.3021
20.67	-3.3018
20.68	-3.3014
20.67	-3.3012
20.67	-3.3009
20.67	-3.3008
20.67	-3.3003
20.67	-3.3002
20.67	-3.2999
20.67	-3.2997
20.67	-3.2994
20.68	-3.2991
20.68	-3.2988
20.68	-3.2982
20.67	-3.2983
20.67	-3.2979
20.68	-3.2975
20.68	-3.2971
20.68	-3.2971
20.67	-3.2966
20.68	-3.2964
20.68	-3.2961
20.68	-3.2956
20.68	-3.2954
20.68	-3.2952
20.67	-3.2949
20.67	-3.2944
20.67	-3.2943
20.68	-3.2939
20.68	-3.2936
20.67	-3.2933
20.67	-3.2930
20.68	-3.2927
20.68	-3.2925
20.68	-3.2920
20.67	-3.2919
20.67	-3.2917
20.67	-3.2912
20.67	-3.2910
20.67	-3.2906
20.68	-3.2902
20.67	-3.2900
20.68	-3.2898
20.68	-3.2895
20.67	-3.2891
20.68	-3.2887
20.68	-3.2887
20.68	-3.2881
20.67	-3.2878
20.67	-3.2875
20.67	-3.2872
20.67	-3.2868
20.67	-3.2864
20.67	-3.2861
20.67	-3.2858
20.67	-3.2855
20.67	-3.2853
20.68	-3.2848
20.68	-3.2843
20.67	-3.2841
20.67	-3.2838
20.67	-3.2835
20.68	-3.2833
20.68	-3.2829
20.67	-3.2826
20.67	-3.2821
20.67	-3.2821
20.68	-3.2816
20.68	-3.2810
20.68	-3.2807
20.67	-3.2805
20.68	-3.2799
20.68	-3.2797
20.68	-3.2792
20.68	-3.2788
20.68	-3.2789
20.67	-3.2784
20.67	-3.2778
20.67	-3.2774
20.68	-3.2773
20.68	-3.2770
20.68	-3.2765
20.68	-3.2762
20.68	-3.2759
20.67	-3.2754
20.67	-3.2752
20.68	-3.2748
20.68	-3.2745
20.68	-3.2741
20.68	-3.2738
20.68	-3.2735
20.68	-3.2730
20.68	-3.2729
20.68	-3.2724
20.68	-3.2723
20.67	-3.2718
20.67	-3.2716
20.67	-3.2712
20.67	-3.2707
20.67	-3.2706
20.67	-3.2699
20.67	-3.2696
20.67	-3.2694
20.67	-3.2688
20.67	-3.2685
20.67	-3.2683
20.68	-3.2678
20.68	-3.2676
20.67	-3.2672
20.67	-3.2670
20.68	-3.2664
20.67	-3.2661
20.68	-3.2656
20.68	-3.2654
20.67	-3.2652
20.67	-3.2650
20.67	-3.2644
20.67	-3.2639
20.67	-3.2638
20.67	-3.2634
20.67	-3.2631
20.67	-3.2627
20.67	-3.2624
20.67	-3.2621
20.67	-3.2617
20.67	-3.2615
20.67	-3.2610
20.67	-3.2607
20.67	-3.2605
20.67	-3.2601
20.67	-3.2598
20.67	-3.2594
20.67	-3.2591
20.68	-3.2585
20.68	-3.2583
20.67	-3.2580
20.67	-3.2577
20.67	-3.2572
20.67	-3.2569
20.67	-3.2565
20.67	-3.2562
20.67	-3.2560
20.67	-3.2557
20.67	-3.2553
20.67	-3.2550
20.67	-3.2545
20.67	-3.2542
20.67	-3.2538
20.67	-3.2535
20.67	-3.2531
20.67	-3.2528
20.67	-3.2522
20.67	-3.2520
20.67	-3.2516
20.67	-3.2513
20.67	-3.2508
20.67	-3.2506
20.67	-3.2501
20.67	-3.2500
20.67	-3.2494
20.67	-3.2492
20.67	-3.2488
20.68	-3.2484
20.68	-3.2481
20.68	-3.2477
20.68	-3.2475
20.68	-3.2469
20.67	-3.2466
20.67	-3.2463
20.67	-3.2458
20.67	-3.2456
20.67	-3.2452
20.67	-3.2448
20.66	-3.2443
20.67	-3.2442
20.67	-3.2438
20.67	-3.2434
20.67	-3.2430
20.67	-3.2427
20.67	-3.2423
20.67	-3.2422
20.67	-3.2416
20.67	-3.2412
20.68	-3.2409
20.67	-3.2407
20.67	-3.2401
20.67	-3.2398
20.67	-3.2396
20.67	-3.2392
20.67	-3.2388
20.67	-3.2384
20.67	-3.2380
20.67	-3.2377
20.67	-3.2375
20.68	-3.2373
20.68	-3.2367
20.68	-3.2365
20.67	-3.2358
20.67	-3.2356
20.67	-3.2352
20.68	-3.2349
20.67	-3.2345
20.67	-3.2339
20.67	-3.2336
20.67	-3.2333
20.68	-3.2329
20.67	-3.2326
20.67	-3.2322
20.67	-3.2318
20.67	-3.2316
20.67	-3.2311
20.67	-3.2308
20.67	-3.2303
20.68	-3.2299
20.68	-3.2297
20.67	-3.2290
20.67	-3.2287
20.67	-3.2284
20.67	-3.2281
20.67	-3.2275
20.67	-3.2274
20.67	-3.2270
20.67	-3.2265
20.67	-3.2262
20.67	-3.2258
20.67	-3.2254
20.67	-3.2251
20.67	-3.2247
20.67	-3.2243
20.67	-3.2239
20.67	-3.2237
20.67	-3.2233
20.67	-3.2230
20.67	-3.2227
20.67	-3.2222
20.67	-3.2219
20.67	-3.2214
20.67	-3.2212
20.67	-3.2208
20.67	-3.2203
20.67	-3.2200
20.67	-3.2196
20.67	-3.2192
20.67	-3.2189
20.67	-3.2185
20.67	-3.2181
20.67	-3.2177
20.67	-3.2174
20.68	-3.2170
20.67	-3.2165
20.67	-3.2163
20.67	-3.2159
20.68	-3.2156
20.68	-3.2152
20.67	-3.2148
20.67	-3.2144
20.67	-3.2140
20.67	-3.2138
20.68	-3.2132
20.68	-3.2127
20.67	-3.2124
20.67	-3.2121
20.67	-3.2117
20.67	-3.2114
20.67	-3.2110
20.67	-3.2108
20.67	-3.2102
20.67	-3.2100
20.67	-3.2095
20.67	-3.2091
20.67	-3.2088
20.67	-3.2085
20.67	-3.2079
20.68	-3.2078
20.67	-3.2074
20.67	-3.2067
20.68	-3.2064
20.67	-3.2062
20.67	-3.2056
20.67	-3.2054
20.67	-3.2050
20.67	-3.2046
20.67	-3.2042
20.67	-3.2037
20.67	-3.2035
20.67	-3.2030
20.67	-3.2028
20.67	-3.2023
20.67	-3.2020
20.67	-3.2015
20.67	-3.2011
20.67	-3.2007
20.67	-3.2001
20.67	-3.2000
20.67	-3.1994
20.67	-3.1991
20.67	-3.1988
20.67	-3.1983
20.67	-3.1978
20.67	-3.1976
20.67	-3.1969
20.67	-3.1966
20.67	-3.1961
20.67	-3.1958
20.67	-3.1954
20.67	-3.1951
20.67	-3.1948
20.67	-3.1945
20.67	-3.1939
20.67	-3.1936
20.67	-3.1932
20.67	-3.1929
20.67	-3.1924
20.67	-3.1921
20.67	-3.1918
20.67	-3.1914
20.67	-3.1909
20.67	-3.1904
20.67	-3.1901
20.67	-3.1898
20.67	-3.1894
20.67	-3.1891
20.67	-3.1888
20.68	-3.1884
20.67	-3.1879
20.67	-3.1875
20.67	-3.1873
20.67	-3.1869
20.67	-3.1866
20.67	-3.1863
20.67	-3.1858
20.67	-3.1855
20.67	-3.1851
20.67	-3.1845
20.67	-3.1843
20.67	-3.1841
20.67	-3.1836
20.67	-3.1833
20.67	-3.1828
20.67	-3.1825
20.67	-3.1819
20.67	-3.1817
20.67	-3.1814
20.67	-3.1809
20.67	-3.1808
20.67	-3.1801
20.67	-3.1799
20.67	-3.1795
20.67	-3.1790
20.67	-3.1785
20.67	-3.1782
20.67	-3.1779
20.67	-3.1774
20.67	-3.1772
20.67	-3.1768
20.66	-3.1763
20.66	-3.1759
20.66	-3.1757
20.67	-3.1752
20.67	-3.1747
20.67	-3.1745
20.67	-3.1741
20.67	-3.1736
20.67	-3.1732
20.67	-3.1726
20.67	-3.1725
20.67	-3.1721
20.67	-3.1718
20.67	-3.1713
20.67	-3.1709
20.67	-3.1704
20.67	-3.1701
20.67	-3.1697
20.67	-3.1694
20.67	-3.1689
20.67	-3.1684
20.67	-3.1682
20.67	-3.1678
20.67	-3.1675
20.67	-3.1672
20.67	-3.1667
20.67	-3.1662
20.67	-3.1660
20.67	-3.1657
20.67	-3.1651
20.68	-3.1648
20.67	-3.1644
20.67	-3.1641
20.67	-3.1638
20.67	-3.1634
20.67	-3.1630
20.67	-3.1626
20.67	-3.1625
20.66	-3.1617
20.66	-3.1614
20.66	-3.1611
20.66	-3.1606
20.67	-3.1603
20.66	-3.1599
20.66	-3.1595
20.66	-3.1591
20.67	-3.1587
20.67	-3.1583
20.66	-3.1580
20.66	-3.1575
20.66	-3.1572
20.66	-3.1570
20.66	-3.1562
20.67	-3.1560
20.67	-3.1557
20.67	-3.1554
20.67	-3.1549
20.67	-3.1548
20.67	-3.1542
20.67	-3.1538
20.67	-3.1534
20.67	-3.1531
20.67	-3.1529
20.67	-3.1525
20.67	-3.1520
20.68	-3.1517
20.67	-3.1512
20.67	-3.1508
20.67	-3.1504
20.67	-3.1501
20.67	-3.1498
20.67	-3.1494
20.67	-3.1489
20.67	-3.1486
20.67	-3.1483
20.67	-3.1479
20.67	-3.1475
20.67	-3.1473
20.67	-3.1467
20.67	-3.1465
20.67	-3.1462
20.67	-3.1458
20.67	-3.1454
20.67	-3.1450
20.67	-3.1445
20.67	-3.1444
20.67	-3.1437
20.67	-3.1435
20.67	-3.1430
20.67	-3.1426
20.67	-3.1425
20.67	-3.1420
20.67	-3.1417
20.67	-3.1413
20.67	-3.1410
20.67	-3.1407
20.66	-3.1404
20.67	-3.1399
20.67	-3.1394
20.67	-3.1391
20.67	-3.1386
20.66	-3.1382
20.66	-3.1378
20.66	-3.1374
20.67	-3.1370
20.67	-3.1366
20.67	-3.1364
20.67	-3.1359
20.67	-3.1355
20.66	-3.1352
20.66	-3.1347
20.67	-3.1346
20.67	-3.1340
20.67	-3.1337
20.67	-3.1334
20.67	-3.1330
20.67	-3.1326
20.67	-3.1325
20.66	-3.1319
20.66	-3.1317
20.66	-3.1312
20.66	-3.1309
20.66	-3.1305
20.66	-3.1301
20.67	-3.1299
20.67	-3.1293
20.67	-3.1291
20.67	-3.1288
20.66	-3.1282
20.66	-3.1280
20.66	-3.1276
20.66	-3.1272
20.67	-3.1269
20.67	-3.1265
20.67	-3.1262
20.67	-3.1257
20.66	-3.1255
20.67	-3.1252
20.67	-3.1248
20.66	-3.1245
20.67	-3.1241
20.67	-3.1236
20.67	-3.1234
20.67	-3.1228
20.67	-3.1227
20.67	-3.1221
20.67	-3.1218
20.67	-3.1214
20.66	-3.1211
20.66	-3.1207
20.67	-3.1204
20.67	-3.1200
20.67	-3.1197
20.67	-3.1193
20.67	-3.1188
20.67	-3.1185
20.67	-3.1181
20.67	-3.1178
20.67	-3.1174
20.67	-3.1171
20.67	-3.1165
20.67	-3.1162
20.67	-3.1157
20.67	-3.1154
20.67	-3.1151
20.67	-3.1146
20.67	-3.1143
20.67	-3.1141
20.67	-3.1137
20.66	-3.1133
20.66	-3.1130
20.66	-3.1125
20.67	-3.1123
20.66	-3.1120
20.66	-3.1115
20.66	-3.1110
20.66	-3.1104
20.66	-3.1104
20.66	-3.1099
20.67	-3.1094
20.67	-3.1091
20.67	-3.1089
20.67	-3.1084
20.67	-3.1080
20.67	-3.1076
20.67	-3.1073
20.67	-3.1069
20.67	-3.1066
20.67	-3.1061
20.67	-3.1058
20.66	-3.1054
20.67	-3.1050
20.67	-3.1047
20.67	-3.1041
20.67	-3.1040
20.66	-3.1035
20.66	-3.1033
20.66	-3.1029
20.66	-3.1026
20.66	-3.1021
20.66	-3.1017
20.66	-3.1012
20.66	-3.1011
20.67	-3.1005
20.67	-3.1001
20.67	-3.0997
20.67	-3.0994
20.67	-3.0991
20.67	-3.0986
20.67	-3.0982
20.67	-3.0980
20.67	-3.0977
20.67	-3.0974
20.67	-3.0970
20.67	-3.0966
20.66	-3.0962
20.67	-3.0960
20.66	-3.0955
20.66	-3.0952
20.66	-3.0950
20.67	-3.0946
20.66	-3.0943
20.66	-3.0939
20.66	-3.0936
20.66	-3.0932
20.65	-3.0928
20.65	-3.0925
20.66	-3.0921
20.66	-3.0917
20.66	-3.0915
20.66	-3.0909
20.66	-3.0909
20.66	-3.0902
20.66	-3.0901
20.67	-3.0897
20.67	-3.0894
20.66	-3.0891
20.67	-3.0886
20.67	-3.0882
20.67	-3.0878
20.67	-3.0875
20.67	-3.0871
20.66	-3.0869
20.67	-3.0864
20.67	-3.0861
20.67	-3.0859
20.67	-3.0855
20.67	-3.0853
20.67	-3.0847
20.67	-3.0846
20.66	-3.0843
20.66	-3.0839
20.66	-3.0833
20.66	-3.0832
20.66	-3.0826
20.66	-3.0824
20.66	-3.0819
20.67	-3.0816
20.67	-3.0813
20.67	-3.0809
20.67	-3.0807
20.67	-3.0802
20.67	-3.0798
20.67	-3.0794
20.67	-3.0790
20.66	-3.0786
20.66	-3.0783
20.66	-3.0779
20.66	-3.0779
20.67	-3.0774
20.67	-3.0774
20.67	-3.0764
20.67	-3.0762
20.67	-3.0758
20.67	-3.0755
20.66	-3.0754
20.66	-3.0751
20.67	-3.0746
20.67	-3.0742
20.67	-3.0740
20.66	-3.0735
20.66	-3.0732
20.66	-3.0728
20.67	-3.0726
20.67	-3.0721
20.67	-3.0718
20.67	-3.0716
20.66	-3.0711
20.66	-3.0706
20.66	-3.0703
20.66	-3.0701
20.66	-3.0697
20.66	-3.0695
20.67	-3.0692
20.67	-3.0686
20.67	-3.0683
20.67	-3.0680
20.67	-3.0678
20.66	-3.0675
20.66	-3.0672
20.66	-3.0668
20.66	-3.0664
20.66	-3.0663
20.66	-3.0660
20.66	-3.0655
20.66	-3.0652
20.66	-3.0649
20.67	-3.0645
20.67	-3.0641
20.67	-3.0640
20.67	-3.0635
20.67	-3.0633
20.66	-3.0629
20.66	-3.0627
20.67	-3.0623
20.66	-3.0619
20.65	-3.0615
20.66	-3.0614
20.66	-3.0611
20.67	-3.0607
20.67	-3.0602
20.67	-3.0599
20.67	-3.0595
20.66	-3.0591
20.66	-3.0587
20.66	-3.0585
20.66	-3.0581
20.66	-3.0578
20.66	-3.0575
20.66	-3.0573
20.66	-3.0568
20.66	-3.0565
20.66	-3.0562
20.66	-3.0558
20.66	-3.0555
20.66	-3.0551
20.66	-3.0550
20.66	-3.0541
20.66	-3.0541
20.66	-3.0538
20.66	-3.0531
20.65	-3.0531
20.66	-3.0526
20.66	-3.0525
20.66	-3.0522
20.66	-3.0518
20.66	-3.0515
20.67	-3.0512
20.67	-3.0508
20.67	-3.0507
20.66	-3.0502
20.66	-3.0499
20.66	-3.0494
20.66	-3.0493
20.66	-3.0491
20.66	-3.0486
20.67	-3.0484
20.67	-3.0479
20.67	-3.0477
20.67	-3.0473
20.67	-3.0468
20.66	-3.0466
20.66	-3.0462
20.66	-3.0460
20.66	-3.0456
20.66	-3.0452
20.66	-3.0450
20.66	-3.0447
20.66	-3.0441
20.66	-3.0439
20.66	-3.0437
20.66	-3.0433
20.66	-3.0431
20.66	-3.0427
20.66	-3.0421
20.66	-3.0418
20.66	-3.0416
20.67	-3.0413
20.67	-3.0409
20.66	-3.0406
20.66	-3.0401
20.66	-3.0399
20.66	-3.0396
20.66	-3.0392
20.66	-3.0389
20.66	-3.0386
20.66	-3.0384
20.66	-3.0380
20.67	-3.0377
20.67	-3.0372
20.67	-3.0368
20.67	-3.0364
20.67	-3.0362
20.67	-3.0360
20.67	-3.0357
20.67	-3.0352
20.67	-3.0350
20.67	-3.0346
20.66	-3.0344
20.66	-3.0339
20.66	-3.0337
20.66	-3.0334
20.66	-3.0329
20.66	-3.0328
20.66	-3.0324
20.66	-3.0321
20.66	-3.0318
20.66	-3.0314
20.66	-3.0312
20.67	-3.0308
20.67	-3.0302
20.66	-3.0302
20.66	-3.0298
20.66	-3.0295
20.66	-3.0292
20.65	-3.0287
20.66	-3.0283
20.65	-3.0280
20.65	-3.0278
20.66	-3.0275
20.66	-3.0272
20.66	-3.0269
20.66	-3.0266
20.66	-3.0262
20.66	-3.0258
20.67	-3.0254
20.67	-3.0252
20.67	-3.0249
20.66	-3.0245
20.67	-3.0243
20.67	-3.0239
20.66	-3.0236
20.66	-3.0232
20.66	-3.0229
20.66	-3.0228
20.66	-3.0224
20.66	-3.0219
20.66	-3.0217
20.66	-3.0212
20.66	-3.0210
20.66	-3.0206
20.66	-3.0204
20.66	-3.0199
20.66	-3.0195
20.66	-3.0193
20.66	-3.0189
20.67	-3.0184
20.67	-3.0183
20.67	-3.0180
20.67	-3.0176
20.66	-3.0174
20.66	-3.0170
20.66	-3.0165
20.66	-3.0165
20.66	-3.0159
20.66	-3.0159
20.66	-3.0154
20.66	-3.0151
20.66	-3.0148
20.66	-3.0144
20.66	-3.0142
20.66	-3.0137
20.66	-3.0134
20.66	-3.0132
20.66	-3.0129
20.66	-3.0124
20.67	-3.0121
20.66	-3.0118
20.66	-3.0116
20.66	-3.0114
20.66	-3.0109
20.66	-3.0108
20.66	-3.0103
20.66	-3.0100
20.66	-3.0099
20.66	-3.0095
20.66	-3.0090
20.66	-3.0088
20.66	-3.0084
20.66	-3.0081
20.66	-3.0079
20.66	-3.0076
20.66	-3.0073
20.66	-3.0069
20.66	-3.0065
20.66	-3.0065
20.66	-3.0059
20.66	-3.0056
20.66	-3.0053
20.66	-3.0052
20.66	-3.0048
20.66	-3.0044
20.66	-3.0040
20.66	-3.0041
20.66	-3.0035
20.66	-3.0031
20.67	-3.0028
20.67	-3.0027
20.66	-3.0026
20.66	-3.0020
20.66	-3.0019
20.66	-3.0015
20.67	-3.0012
20.67	-3.0008
20.66	-3.0006
20.66	-3.0003
20.66	-2.9999
20.66	-2.9997
20.66	-2.9993
20.66	-2.9989
20.66	-2.9987
20.66	-2.9982
20.66	-2.9983
20.66	-2.9977
20.66	-2.9975
20.66	-2.9970
20.66	-2.9968
20.66	-2.9964
20.66	-2.9961
20.66	-2.9959
20.66	-2.9955
20.67	-2.9954
20.67	-2.9950
20.67	-2.9948
20.67	-2.9942
20.67	-2.9942
20.67	-2.9937
20.67	-2.9934
20.66	-2.9933
20.66	-2.9929
20.66	-2.9927
20.66	-2.9923
20.66	-2.9921
20.66	-2.9916
20.66	-2.9913
20.66	-2.9911
20.67	-2.9906
20.67	-2.9905
20.67	-2.9902
20.67	-2.9899
20.67	-2.9897
20.67	-2.9894
20.66	-2.9889
20.66	-2.9889
20.66	-2.9886
20.67	-2.9882
20.67	-2.9880
20.67	-2.9877
20.66	-2.9876
20.66	-2.9871
20.66	-2.9870
20.66	-2.9865
20.66	-2.9864
20.66	-2.9860
20.66	-2.9856
20.66	-2.9852
20.66	-2.9848
20.66	-2.9845
20.66	-2.9844
20.66	-2.9840
20.66	-2.9837
20.66	-2.9836
20.66	-2.9832
20.65	-2.9829
20.65	-2.9827
20.65	-2.9825
20.66	-2.9820
20.66	-2.9818
20.66	-2.9814
20.65	-2.9812
20.65	-2.9810
20.65	-2.9805
20.65	-2.9803
20.66	-2.9799
20.66	-2.9797
20.66	-2.9794
20.66	-2.9791
20.66	-2.9789
20.66	-2.9785
20.66	-2.9782
20.66	-2.9778
20.66	-2.9776
20.66	-2.9774
20.66	-2.9770
20.66	-2.9768
20.66	-2.9765
20.66	-2.9763
20.66	-2.9759
20.66	-2.9757
20.66	-2.9754
20.66	-2.9750
20.66	-2.9746
20.66	-2.9744
20.66	-2.9742
20.66	-2.9738
20.66	-2.9736
20.66	-2.9732
20.66	-2.9729
20.66	-2.9727
20.66	-2.9723
20.67	-2.9722
20.66	-2.9719
20.66	-2.9716
20.66	-2.9713
20.66	-2.9711
20.66	-2.9707
20.66	-2.9705
20.66	-2.9702
20.66	-2.9699
20.66	-2.9695
20.66	-2.9693
20.66	-2.9690
20.66	-2.9689
20.66	-2.9684
20.66	-2.9681
20.66	-2.9678
20.66	-2.9675
20.66	-2.9674
20.66	-2.9670
20.66	-2.9668
20.66	-2.9665
20.66	-2.9662
20.66	-2.9658
20.66	-2.9657
20.66	-2.9653
20.66	-2.9650
20.66	-2.9648
20.66	-2.9645
20.66	-2.9641
20.66	-2.9636
20.66	-2.9634
20.66	-2.9634
20.66	-2.9629
20.66	-2.9625
20.66	-2.9622
20.66	-2.9620
20.66	-2.9618
20.66	-2.9614
20.66	-2.9611
20.66	-2.9609
20.66	-2.9606
20.66	-2.9604
20.66	-2.9600
20.66	-2.9598
20.66	-2.9596
20.66	-2.9592
20.66	-2.9590
20.66	-2.9587
20.66	-2.9583
20.66	-2.9582
20.66	-2.9580
20.66	-2.9576
20.66	-2.9573
20.66	-2.9572
20.66	-2.9566
20.66	-2.9565
20.66	-2.9563
20.65	-2.9560
20.65	-2.9557
20.66	-2.9555
20.66	-2.9551
20.66	-2.9548
20.66	-2.9544
20.66	-2.9542
20.66	-2.9540
20.66	-2.9538
20.66	-2.9536
20.66	-2.9532
20.66	-2.9529
20.66	-2.9526
20.65	-2.9524
20.65	-2.9519
20.66	-2.9514
20.66	-2.9513
20.66	-2.9510
20.66	-2.9508
20.66	-2.9506
20.66	-2.9503
20.66	-2.9498
20.66	-2.9497
20.66	-2.9492
20.65	-2.9491
20.65	-2.9488
20.66	-2.9486
20.66	-2.9482
20.66	-2.9480
20.65	-2.9479
20.66	-2.9474
20.66	-2.9474
20.66	-2.9470
20.66	-2.9467
20.66	-2.9465
20.66	-2.9461
20.66	-2.9459
20.66	-2.9456
20.66	-2.9453
20.66	-2.9452
20.66	-2.9447
20.66	-2.9445
20.66	-2.9441
20.66	-2.9441
20.66	-2.9436
20.66	-2.9436
20.66	-2.9432
20.66	-2.9429
20.66	-2.9425
20.66	-2.9422
20.66	-2.9420
20.66	-2.9417
20.66	-2.9414
20.66	-2.9411
20.66	-2.9409
20.66	-2.9405
20.66	-2.9404
20.66	-2.9400
20.66	-2.9398
20.66	-2.9396
20.66	-2.9392
20.66	-2.9391
20.66	-2.9388
20.66	-2.9384
20.66	-2.9384
20.65	-2.9380
20.66	-2.9377
20.66	-2.9375
20.66	-2.9371
20.66	-2.9369
20.66	-2.9365
20.66	-2.9362
20.66	-2.9361
20.66	-2.9361
20.66	-2.9357
20.66	-2.9353
20.66	-2.9349
20.66	-2.9347
20.66	-2.9345
20.66	-2.9343
20.66	-2.9340
20.66	-2.9338
20.65	-2.9333
20.65	-2.9332
20.65	-2.9330
20.65	-2.9328
20.66	-2.9325
20.65	-2.9321
20.65	-2.9319
20.66	-2.9313
20.66	-2.9316
20.66	-2.9311
20.66	-2.9308
20.66	-2.9306
20.66	-2.9304
20.66	-2.9302
20.66	-2.9298
20.66	-2.9295
20.65	-2.9293
20.65	-2.9289
20.66	-2.9286
20.66	-2.9284
20.66	-2.9282
20.66	-2.9280
20.66	-2.9278
20.66	-2.9274
20.66	-2.9273
20.66	-2.9269
20.66	-2.9268
20.66	-2.9265
20.66	-2.9263
20.66	-2.9260
20.66	-2.9257
20.66	-2.9254
20.66	-2.9251
20.66	-2.9249
20.66	-2.9247
20.66	-2.9244
20.66	-2.9242
20.66	-2.9241
20.66	-2.9239
20.66	-2.9233
20.66	-2.9232
20.66	-2.9231
20.66	-2.9227
20.66	-2.9224
20.66	-2.9222
20.66	-2.9222
20.66	-2.9219
20.66	-2.9215
20.66	-2.9214
20.66	-2.9209
20.66	-2.9208
20.65	-2.9205
20.66	-2.9204
20.66	-2.9200
20.66	-2.9198
20.66	-2.9195
20.66	-2.9192
20.66	-2.9189
20.66	-2.9186
20.66	-2.9184
20.66	-2.9179
20.65	-2.9176
20.66	-2.9174
20.65	-2.9171
20.65	-2.9172
20.65	-2.9167
20.66	-2.9164
20.66	-2.9161
20.66	-2.9160
20.66	-2.9156
20.66	-2.9155
20.65	-2.9152
20.65	-2.9149
20.66	-2.9145
20.66	-2.9142
20.66	-2.9142
20.66	-2.9139
20.65	-2.9135
20.65	-2.9134
20.65	-2.9130
20.65	-2.9128
20.65	-2.9125
20.65	-2.9122
20.66	-2.9121
20.66	-2.9119
20.66	-2.9116
20.66	-2.9113
20.65	-2.9112
20.66	-2.9107
20.66	-2.9107
20.66	-2.9104
20.66	-2.9101
20.66	-2.9100
20.66	-2.9097
20.66	-2.9096
20.65	-2.9093
20.65	-2.9092
20.65	-2.9087
20.65	-2.9085
20.66	-2.9086
20.66	-2.9081
20.66	-2.9080
20.66	-2.9077
20.65	-2.9074
20.66	-2.9071
20.66	-2.9069
20.66	-2.9068
20.66	-2.9065
20.66	-2.9062
20.66	-2.9061
20.66	-2.9058
20.66	-2.9055
20.66	-2.9054
20.66	-2.9051
20.65	-2.9048
20.65	-2.9045
20.65	-2.9044
20.65	-2.9040
20.66	-2.9038
20.66	-2.9035
20.66	-2.9033
20.66	-2.9031
20.66	-2.9028
20.66	-2.9027
20.66	-2.9022
20.66	-2.9023
20.66	-2.9018
20.66	-2.9017
20.66	-2.9014
20.66	-2.9013
20.66	-2.9011
20.66	-2.9006
20.66	-2.9005
20.66	-2.9000
20.66	-2.8998
20.66	-2.8995
20.66	-2.8993
20.66	-2.8992
20.66	-2.8989
20.66	-2.8985
20.66	-2.8986
20.66	-2.8980
20.66	-2.8981
20.66	-2.8978
20.65	-2.8977
20.65	-2.8973
20.65	-2.8972
20.66	-2.8968
20.65	-2.8966
20.65	-2.8966
20.65	-2.8963
20.65	-2.8958
20.66	-2.8957
20.66	-2.8954
20.66	-2.8951
20.66	-2.8948
20.66	-2.8946
20.66	-2.8944
20.66	-2.8941
20.65	-2.8939
20.65	-2.8937
20.65	-2.8935
20.65	-2.8932
20.65	-2.8930
20.65	-2.8929
20.66	-2.8925
20.66	-2.8924
20.66	-2.8923
20.65	-2.8920
20.65	-2.8917
20.66	-2.8914
20.66	-2.8911
20.66	-2.8909
20.66	-2.8907
20.66	-2.8905
20.66	-2.8901
20.66	-2.8901
20.66	-2.8897
20.66	-2.8895
20.66	-2.8892
20.66	-2.8891
20.65	-2.8887
20.66	-2.8884
20.66	-2.8882
20.66	-2.8882
20.66	-2.8877
20.66	-2.8874
20.66	-2.8872
20.65	-2.8871
20.65	-2.8867
20.65	-2.8866
20.65	-2.8862
20.65	-2.8860
20.66	-2.8857
20.66	-2.8857
20.66	-2.8854
20.66	-2.8853
20.66	-2.8851
20.66	-2.8848
20.65	-2.8846
20.66	-2.8844
20.66	-2.8842
20.66	-2.8842
20.66	-2.8839
20.66	-2.8834
20.66	-2.8833
20.65	-2.8832
20.65	-2.8827
20.65	-2.8826
20.65	-2.8823
20.65	-2.8821
20.65	-2.8818
20.66	-2.8817
20.66	-2.8813
20.66	-2.8812
20.65	-2.8809
20.65	-2.8808
20.66	-2.8806
20.66	-2.8803
20.66	-2.8803
20.66	-2.8797
20.66	-2.8796
20.66	-2.8794
20.66	-2.8792
20.66	-2.8790
20.66	-2.8788
20.66	-2.8786
20.66	-2.8783
20.66	-2.8780
20.66	-2.8778
20.66	-2.8776
20.66	-2.8776
20.66	-2.8772
20.66	-2.8770
20.66	-2.8768
20.66	-2.8766
20.66	-2.8763
20.66	-2.8762
20.66	-2.8758
20.66	-2.8756
20.66	-2.8754
20.66	-2.8751
20.66	-2.8750
20.66	-2.8747
20.66	-2.8744
20.66	-2.8741
20.66	-2.8739
20.66	-2.8737
20.66	-2.8734
20.66	-2.8732
20.66	-2.8730
20.66	-2.8727
20.66	-2.8724
20.66	-2.8721
20.66	-2.8720
20.66	-2.8719
20.66	-2.8716
20.66	-2.8713
20.65	-2.8712
20.65	-2.8709
20.65	-2.8708
20.65	-2.8707
20.65	-2.8704
20.65	-2.8702
20.65	-2.8700
20.65	-2.8697
20.65	-2.8696
20.65	-2.8694
20.65	-2.8692
20.65	-2.8689
20.65	-2.8688
20.65	-2.8686
20.65	-2.8685
20.65	-2.8680
20.66	-2.8679
20.66	-2.8677
20.66	-2.8674
20.65	-2.8674
20.65	-2.8671
20.66	-2.8666
20.66	-2.8666
20.66	-2.8664
20.66	-2.8662
20.65	-2.8660
20.65	-2.8659
20.65	-2.8657
20.65	-2.8653
20.66	-2.8651
20.65	-2.8650
20.65	-2.8646
20.65	-2.8646
20.65	-2.8642
20.65	-2.8642
20.65	-2.8638
20.65	-2.8637
20.65	-2.8633
20.66	-2.8631
20.66	-2.8630
20.66	-2.8626
20.66	-2.8627
20.65	-2.8623
20.66	-2.8620
20.66	-2.8618
20.66	-2.8617
20.66	-2.8613
20.66	-2.8611
20.66	-2.8607
20.65	-2.8607
20.65	-2.8603
20.65	-2.8602
20.65	-2.8599
20.65	-2.8595
20.65	-2.8595
20.66	-2.8594
20.66	-2.8590
20.66	-2.8589
20.66	-2.8586
20.66	-2.8584
20.65	-2.8581
20.65	-2.8581
20.66	-2.8577
20.66	-2.8576
20.66	-2.8573
20.66	-2.8570
20.66	-2.8570
20.66	-2.8568
20.66	-2.8565
20.66	-2.8562
20.66	-2.8561
20.66	-2.8559
20.66	-2.8556
20.66	-2.8554
20.65	-2.8552
20.65	-2.8550
20.66	-2.8548
20.66	-2.8544
20.66	-2.8542
20.66	-2.8539
20.66	-2.8540
20.66	-2.8536
20.65	-2.8536
20.65	-2.8534
20.66	-2.8531
20.66	-2.8529
20.66	-2.8528
20.66	-2.8523
20.66	-2.8523
20.66	-2.8521
20.66	-2.8520
20.66	-2.8516
20.66	-2.8516
20.66	-2.8513
20.65	-2.8512
20.65	-2.8510
20.65	-2.8507
20.65	-2.8506
20.66	-2.8503
20.66	-2.8500
20.65	-2.8498
20.66	-2.8496
20.66	-2.8495
20.66	-2.8492
20.66	-2.8489
20.65	-2.8487
20.65	-2.8485
20.65	-2.8484
20.65	-2.8482
20.65	-2.8481
20.65	-2.8478
20.65	-2.8477
20.65	-2.8475
20.65	-2.8471
20.65	-2.8470
20.65	-2.8466
20.65	-2.8465
20.65	-2.8463
20.65	-2.8462
20.65	-2.8459
20.66	-2.8457
20.66	-2.8455
20.65	-2.8452
20.65	-2.8452
20.65	-2.8449
20.65	-2.8449
20.65	-2.8446
20.65	-2.8444
20.65	-2.8441
20.65	-2.8438
20.65	-2.8437
20.65	-2.8434
20.65	-2.8433
20.65	-2.8431
20.66	-2.8428
20.65	-2.8427
20.65	-2.8426
20.65	-2.8424
20.66	-2.8421
20.66	-2.8419
20.65	-2.8417
20.65	-2.8416
20.66	-2.8414
20.66	-2.8412
20.65	-2.8410
20.65	-2.8408
20.65	-2.8406
20.66	-2.8405
20.65	-2.8403
20.66	-2.8401
20.66	-2.8399
20.66	-2.8399
20.65	-2.8394
20.65	-2.8395
20.65	-2.8392
20.65	-2.8389
20.65	-2.8388
20.65	-2.8386
20.65	-2.8382
20.65	-2.8380
20.65	-2.8380
20.65	-2.8378
20.65	-2.8377
20.65	-2.8373
20.65	-2.8373
20.65	-2.8369
20.65	-2.8370
20.65	-2.8366
20.65	-2.8365
20.65	-2.8364
20.65	-2.8362
20.65	-2.8359
20.65	-2.8356
20.65	-2.8356
20.65	-2.8353
20.66	-2.8351
20.66	-2.8348
20.66	-2.8347
20.66	-2.8345
20.66	-2.8344
20.66	-2.8342
20.66	-2.8339
20.65	-2.8336
20.65	-2.8336
20.65	-2.8334
20.65	-2.8332
20.65	-2.8330
20.65	-2.8330
20.65	-2.8327
20.65	-2.8324
20.65	-2.8323
20.65	-2.8322
20.65	-2.8319
20.65	-2.8318
20.65	-2.8314
20.65	-2.8313
20.65	-2.8310
20.65	-2.8309
20.65	-2.8308
20.65	-2.8306
20.65	-2.8304
20.66	-2.8302
20.65	-2.8297
20.65	-2.8296
20.65	-2.8295
20.65	-2.8293
20.65	-2.8291
20.65	-2.8289
20.65	-2.8288
20.65	-2.8285
20.65	-2.8283
20.65	-2.8281
20.65	-2.8278
20.65	-2.8276
20.65	-2.8276
20.65	-2.8273
20.65	-2.8269
20.65	-2.8270
20.65	-2.8267
20.65	-2.8266
20.66	-2.8263
20.66	-2.8261
20.65	-2.8260
20.65	-2.8257
20.65	-2.8258
20.65	-2.8255
20.65	-2.8252
20.66	-2.8251
20.65	-2.8249
20.65	-2.8248
20.65	-2.8245
20.65	-2.8244
20.65	-2.8244
20.65	-2.8241
20.65	-2.8238
20.65	-2.8237
20.65	-2.8236
20.65	-2.8233
20.65	-2.8232
20.65	-2.8230
20.65	-2.8228
20.65	-2.8225
20.65	-2.8223
20.65	-2.8224
20.65	-2.8219
20.65	-2.8218
20.65	-2.8217
20.65	-2.8214
20.65	-2.8211
20.65	-2.8210
20.65	-2.8209
20.65	-2.8206
20.65	-2.8204
20.65	-2.8202
20.65	-2.8199
20.65	-2.8197
20.65	-2.8196
20.65	-2.8193
20.65	-2.8193
20.65	-2.8189
20.65	-2.8189
20.65	-2.8186
20.65	-2.8184
20.65	-2.8183
20.65	-2.8181
20.65	-2.8179
20.65	-2.8178
20.65	-2.8175
20.65	-2.8173
20.66	-2.8172
20.66	-2.8168
20.66	-2.8169
20.66	-2.8166
20.66	-2.8164
20.66	-2.8162
20.66	-2.8160
20.65	-2.8157
20.65	-2.8155
20.65	-2.8154
20.65	-2.8151
20.65	-2.8150
20.66	-2.8148
20.65	-2.8147
20.65	-2.8145
20.65	-2.8143
20.65	-2.8142
20.65	-2.8140
20.65	-2.8139
20.65	-2.8137
20.65	-2.8135
20.65	-2.8133
20.65	-2.8131
20.65	-2.8130
20.65	-2.8128
20.65	-2.8125
20.65	-2.8124
20.65	-2.8123
20.65	-2.8121
20.65	-2.8120
20.65	-2.8116
20.65	-2.8114
20.65	-2.8113
20.65	-2.8109
20.65	-2.8108
20.65	-2.8107
20.66	-2.8105
20.65	-2.8104
20.65	-2.8100
20.65	-2.8099
20.65	-2.8098
20.65	-2.8094
20.65	-2.8094
20.65	-2.8092
20.65	-2.8090
20.65	-2.8090
20.65	-2.8088
20.65	-2.8084
20.65	-2.8084
20.65	-2.8083
20.65	-2.8081
20.65	-2.8078
20.65	-2.8078
20.65	-2.8075
20.65	-2.8074
20.65	-2.8073
20.65	-2.8071
20.65	-2.8069
20.65	-2.8066
20.65	-2.8066
20.65	-2.8063
20.65	-2.8063
20.65	-2.8059
20.65	-2.8057
20.65	-2.8056
20.65	-2.8053
20.65	-2.8053
20.65	-2.8049
20.65	-2.8050
20.65	-2.8047
20.65	-2.8043
20.65	-2.8042
20.65	-2.8041
20.65	-2.8039
20.65	-2.8037
20.66	-2.8035
20.66	-2.8034
20.66	-2.8032
20.66	-2.8029
20.65	-2.8027
20.66	-2.8027
20.66	-2.8023
20.65	-2.8023
20.65	-2.8021
20.65	-2.8019
20.65	-2.8018
20.65	-2.8019
20.65	-2.8015
20.65	-2.8012
20.65	-2.8011
20.65	-2.8009
20.65	-2.8007
20.65	-2.8004
20.65	-2.8005
20.65	-2.8002
20.65	-2.8001
20.65	-2.7998
20.65	-2.7997
20.65	-2.7997
20.65	-2.7995
20.65	-2.7992
20.65	-2.7990
20.65	-2.7989
20.65	-2.7986
20.65	-2.7984
20.65	-2.7982
20.65	-2.7980
20.65	-2.7981
20.65	-2.7977
20.65	-2.7977
20.65	-2.7976
20.65	-2.7972
20.65	-2.7972
20.65	-2.7970
20.65	-2.7967
20.65	-2.7965
20.65	-2.7966
20.65	-2.7962
20.65	-2.7960
20.65	-2.7958
20.65	-2.7955
20.65	-2.7955
20.65	-2.7952
20.65	-2.7951
20.65	-2.7949
20.65	-2.7948
20.65	-2.7946
20.65	-2.7944
20.65	-2.7942
20.65	-2.7940
20.65	-2.7941
20.65	-2.7939
20.65	-2.7937
20.65	-2.7934
20.65	-2.7934
20.65	-2.7932
20.65	-2.7930
20.65	-2.7928
20.65	-2.7925
20.66	-2.7923
20.66	-2.7922
20.65	-2.7919
20.65	-2.7918
20.65	-2.7916
20.66	-2.7918
20.65	-2.7913
20.65	-2.7912
20.65	-2.7909
20.65	-2.7908
20.65	-2.7907
20.65	-2.7904
20.65	-2.7903
20.65	-2.7901
20.65	-2.7899
20.65	-2.7897
20.65	-2.7895
20.65	-2.7895
20.65	-2.7893
20.65	-2.7890
20.65	-2.7889
20.65	-2.7886
20.65	-2.7885
20.65	-2.7884
20.65	-2.7881
20.65	-2.7879
20.65	-2.7878
20.65	-2.7877
20.65	-2.7875
20.65	-2.7872
20.65	-2.7869
20.65	-2.7868
20.65	-2.7867
20.65	-2.7864
20.65	-2.7862
20.65	-2.7862
20.65	-2.7861
20.65	-2.7857
20.65	-2.7857
20.65	-2.7854
20.65	-2.7852
20.65	-2.7853
20.65	-2.7850
20.65	-2.7849
20.65	-2.7848
20.65	-2.7844
20.65	-2.7843
20.65	-2.7841
20.65	-2.7840
20.65	-2.7839
20.65	-2.7836
20.65	-2.7834
20.65	-2.7833
20.65	-2.7832
20.65	-2.7830
20.65	-2.7828
20.65	-2.7827
20.65	-2.7825
20.65	-2.7824
20.65	-2.7821
20.65	-2.7821
20.65	-2.7818
20.65	-2.7816
20.65	-2.7815
20.65	-2.7812
20.65	-2.7812
20.65	-2.7810
20.65	-2.7810
20.65	-2.7806
20.65	-2.7807
20.65	-2.7805
20.65	-2.7803
20.65	-2.7800
20.65	-2.7798
20.65	-2.7797
20.65	-2.7797
20.65	-2.7795
20.65	-2.7793
20.65	-2.7792
20.65	-2.7790
20.65	-2.7788
20.65	-2.7787
20.65	-2.7785
20.65	-2.7782
20.65	-2.7782
20.65	-2.7781
20.65	-2.7779
20.65	-2.7778
20.65	-2.7776
20.65	-2.7774
20.65	-2.7774
20.65	-2.7769
20.65	-2.7770
20.65	-2.7767
20.65	-2.7766
20.65	-2.7764
20.65	-2.7764
20.65	-2.7760
20.65	-2.7758
20.65	-2.7757
20.65	-2.7757
20.65	-2.7754
20.65	-2.7753
20.65	-2.7751
20.65	-2.7748
20.65	-2.7748
20.65	-2.7746
20.65	-2.7744
20.65	-2.7743
20.65	-2.7742
20.65	-2.7739
20.65	-2.7738
20.65	-2.7735
20.65	-2.7733
20.65	-2.7732
20.65	-2.7731
20.65	-2.7730
20.65	-2.7728
20.65	-2.7727
20.65	-2.7725
20.65	-2.7721
20.65	-2.7720
20.65	-2.7720
20.65	-2.7715
20.65	-2.7716
20.65	-2.7715
20.65	-2.7711
20.65	-2.7709
20.65	-2.7708
20.65	-2.7707
20.65	-2.7705
20.65	-2.7703
20.65	-2.7701
20.65	-2.7700
20.65	-2.7697
20.65	-2.7696
20.65	-2.7694
20.65	-2.7693
20.65	-2.7690
20.65	-2.7689
20.65	-2.7687
20.65	-2.7686
20.65	-2.7685
20.65	-2.7682
20.65	-2.7680
20.65	-2.7681
20.65	-2.7677
20.64	-2.7676
20.65	-2.7675
20.65	-2.7673
20.65	-2.7671
20.65	-2.7670
20.65	-2.7668
20.65	-2.7666
20.65	-2.7662
20.65	-2.7662
20.65	-2.7660
20.65	-2.7660
20.65	-2.7657
20.65	-2.7657
20.65	-2.7654
20.65	-2.7652
20.65	-2.7650
20.65	-2.7649
20.65	-2.7646
20.65	-2.7646
20.65	-2.7645
20.65	-2.7643
20.65	-2.7641
20.65	-2.7641
20.64	-2.7640
20.64	-2.7637
20.64	-2.7637
20.65	-2.7634
20.65	-2.7634
20.65	-2.7633
20.65	-2.7632
20.65	-2.7629
20.65	-2.7630
20.65	-2.7625
20.65	-2.7626
20.65	-2.7625
20.65	-2.7622
20.65	-2.7623
20.65	-2.7620
20.65	-2.7618
20.65	-2.7616
20.65	-2.7613
20.65	-2.7614
20.65	-2.7610
20.65	-2.7610
20.65	-2.7607
20.65	-2.7604
20.65	-2.7606
20.65	-2.7601
20.65	-2.7601
20.65	-2.7600
20.65	-2.7597
20.65	-2.7597
20.65	-2.7595
20.65	-2.7593
20.65	-2.7592
20.65	-2.7589
20.65	-2.7587
20.65	-2.7585
20.65	-2.7583
20.65	-2.7582
20.65	-2.7582
20.65	-2.7579
20.65	-2.7578
20.65	-2.7578
20.65	-2.7576
20.65	-2.7574
20.65	-2.7574
20.65	-2.7570
20.65	-2.7570
20.65	-2.7568
20.65	-2.7568
20.65	-2.7564
20.65	-2.7564
20.65	-2.7563
20.65	-2.7561
20.65	-2.7558
20.65	-2.7559
20.65	-2.7558
20.65	-2.7555
20.65	-2.7553
20.65	-2.7552
20.65	-2.7552
20.65	-2.7547
20.65	-2.7549
20.65	-2.7548
20.65	-2.7546
20.65	-2.7546
20.65	-2.7544
20.65	-2.7542
20.65	-2.7541
20.65	-2.7540
20.65	-2.7539
20.65	-2.7537
20.65	-2.7535
20.65	-2.7533
20.65	-2.7529
20.65	-2.7531
20.65	-2.7528
20.65	-2.7526
20.65	-2.7524
20.65	-2.7524
20.65	-2.7522
20.65	-2.7519
20.65	-2.7518
20.65	-2.7519
20.65	-2.7517
20.65	-2.7516
20.65	-2.7513
20.65	-2.7511
20.65	-2.7511
20.65	-2.7509
20.65	-2.7508
20.65	-2.7506
20.65	-2.7505
20.65	-2.7504
20.65	-2.7502
20.65	-2.7500
20.65	-2.7498
20.65	-2.7496
20.65	-2.7494
20.65	-2.7495
20.65	-2.7492
20.65	-2.7491
20.65	-2.7490
20.65	-2.7488
20.65	-2.7488
20.65	-2.7484
20.65	-2.7483
20.65	-2.7481
20.65	-2.7482
20.65	-2.7479
20.65	-2.7478
20.65	-2.7473
20.65	-2.7473
20.65	-2.7473
20.65	-2.7470
20.65	-2.7469
20.65	-2.7469
20.65	-2.7468
20.65	-2.7465
20.65	-2.7464
20.65	-2.7462
20.65	-2.7461
20.65	-2.7460
20.65	-2.7459
20.65	-2.7456
20.65	-2.7456
20.65	-2.7454
20.65	-2.7452
20.65	-2.7451
20.65	-2.7450
20.65	-2.7449
20.65	-2.7444
20.65	-2.7445
20.65	-2.7442
20.65	-2.7440
20.65	-2.7437
20.65	-2.7438
20.65	-2.7436
20.65	-2.7436
20.65	-2.7434
20.65	-2.7433
20.65	-2.7431
20.65	-2.7429
20.65	-2.7428
20.65	-2.7426
20.65	-2.7424
20.65	-2.7424
20.65	-2.7423
20.65	-2.7420
20.65	-2.7420
20.65	-2.7417
20.65	-2.7414
20.65	-2.7413
20.65	-2.7412
20.65	-2.7409
20.65	-2.7408
20.65	-2.7406
20.65	-2.7404
20.65	-2.7402
20.65	-2.7401
20.65	-2.7400
20.65	-2.7398
20.65	-2.7399
20.65	-2.7396
20.65	-2.7393
20.65	-2.7392
20.65	-2.7392
20.65	-2.7390
20.65	-2.7388
20.65	-2.7387
20.65	-2.7384
20.65	-2.7383
20.65	-2.7379
20.65	-2.7379
20.65	-2.7378
20.65	-2.7376
20.65	-2.7375
20.65	-2.7375
20.65	-2.7371
20.65	-2.7372
20.65	-2.7368
20.65	-2.7368
20.65	-2.7367
20.65	-2.7367
20.65	-2.7364
20.65	-2.7363
20.65	-2.7361
20.65	-2.7361
20.65	-2.7357
20.65	-2.7358
20.64	-2.7353
20.65	-2.7352
20.64	-2.7352
20.65	-2.7350
20.65	-2.7348
20.65	-2.7348
20.65	-2.7346
20.65	-2.7344
20.65	-2.7343
20.65	-2.7342
20.65	-2.7339
20.65	-2.7338
20.65	-2.7337
20.65	-2.7337
20.65	-2.7335
20.65	-2.7332
20.65	-2.7332
20.65	-2.7331
20.65	-2.7328
20.65	-2.7328
20.65	-2.7326
20.65	-2.7323
20.65	-2.7325
20.65	-2.7322
20.65	-2.7321
20.65	-2.7319
20.65	-2.7320
20.65	-2.7316
20.65	-2.7315
20.65	-2.7311
20.65	-2.7312
20.65	-2.7309
20.65	-2.7308
20.65	-2.7308
20.65	-2.7303
20.65	-2.7303
20.65	-2.7302
20.65	-2.7299
20.65	-2.7299
20.65	-2.7295
20.65	-2.7295
20.65	-2.7293
20.65	-2.7291
20.65	-2.7292
20.65	-2.7289
20.65	-2.7286
20.65	-2.7285
20.65	-2.7284
20.65	-2.7283
20.65	-2.7281
20.65	-2.7279
20.65	-2.7280
20.65	-2.7277
20.65	-2.7276
20.65	-2.7274
20.65	-2.7275
20.65	-2.7272
20.65	-2.7271
20.65	-2.7271
20.65	-2.7270
20.65	-2.7268
20.65	-2.7269
20.65	-2.7266
20.65	-2.7264
20.65	-2.7263
20.65	-2.7262
20.65	-2.7260
20.65	-2.7257
20.65	-2.7256
20.65	-2.7255
20.65	-2.7253
20.65	-2.7252
20.65	-2.7251
20.65	-2.7251
20.65	-2.7248
20.65	-2.7246
20.65	-2.7245
20.65	-2.7242
20.65	-2.7241
20.65	-2.7241
20.65	-2.7238
20.65	-2.7237
20.65	-2.7234
20.65	-2.7234
20.65	-2.7232
20.65	-2.7229
20.65	-2.7230
20.65	-2.7229
20.65	-2.7225
20.65	-2.7227
20.65	-2.7224
20.65	-2.7224
20.65	-2.7220
20.65	-2.7219
20.65	-2.7219
20.65	-2.7216
20.65	-2.7215
20.65	-2.7216
20.65	-2.7214
20.65	-2.7212
20.65	-2.7212
20.65	-2.7208
20.65	-2.7209
20.65	-2.7206
20.65	-2.7205
20.65	-2.7203
20.65	-2.7203
20.65	-2.7200
20.65	-2.7198
20.65	-2.7198
20.65	-2.7196
20.65	-2.7195
20.65	-2.7194
20.65	-2.7191
20.65	-2.7193
20.65	-2.7188
20.65	-2.7188
20.65	-2.7184
20.65	-2.7184
20.65	-2.7181
20.65	-2.7181
20.65	-2.7180
20.65	-2.7177
20.65	-2.7176
20.65	-2.7174
20.65	-2.7175
20.65	-2.7173
20.65	-2.7170
20.65	-2.7171
20.65	-2.7169
20.65	-2.7167
20.65	-2.7166
20.65	-2.7163
20.65	-2.7163
20.65	-2.7162
20.65	-2.7159
20.65	-2.7159
20.65	-2.7157
20.65	-2.7156
20.65	-2.7154
20.65	-2.7152
20.65	-2.7152
20.65	-2.7149
20.65	-2.7148
20.65	-2.7146
20.65	-2.7145
20.65	-2.7145
20.65	-2.7142
20.65	-2.7142
20.65	-2.7139
20.65	-2.7138
20.65	-2.7137
20.65	-2.7134
20.65	-2.7132
20.65	-2.7130
20.65	-2.7129
20.65	-2.7127
20.65	-2.7128
20.65	-2.7123
20.65	-2.7122
20.65	-2.7120
20.65	-2.7119
20.65	-2.7118
20.65	-2.7116
20.65	-2.7115
20.65	-2.7115
20.65	-2.7113
20.65	-2.7110
20.65	-2.7112
20.65	-2.7110
20.65	-2.7107
20.65	-2.7106
20.65	-2.7107
20.65	-2.7104
20.65	-2.7102
20.65	-2.7100
20.65	-2.7100
20.65	-2.7098
20.64	-2.7096
20.64	-2.7095
20.64	-2.7095
20.64	-2.7092
20.65	-2.7090
20.65	-2.7090
20.65	-2.7088
20.65	-2.7087
20.65	-2.7086
20.65	-2.7083
20.65	-2.7083
20.65	-2.7082
20.65	-2.7078
20.65	-2.7080
20.65	-2.7077
20.65	-2.7075
20.65	-2.7076
20.65	-2.7075
20.65	-2.7071
20.65	-2.7072
20.64	-2.7073
20.65	-2.7068
20.65	-2.7068
20.65	-2.7067
20.65	-2.7066
20.65	-2.7063
20.65	-2.7061
20.65	-2.7060
20.65	-2.7059
20.65	-2.7058
20.65	-2.7056
20.65	-2.7055
20.65	-2.7053
20.65	-2.7052
20.65	-2.7049
20.65	-2.7049
20.65	-2.7048
20.65	-2.7046
20.65	-2.7047
20.65	-2.7043
20.65	-2.7043
20.65	-2.7041
20.65	-2.7041
20.65	-2.7038
20.65	-2.7036
20.65	-2.7035
20.65	-2.7034
20.65	-2.7032
20.65	-2.7031
20.65	-2.7030
20.65	-2.7029
20.65	-2.7027
20.65	-2.7024
20.65	-2.7021
20.65	-2.7020
20.65	-2.7020
20.65	-2.7017
20.65	-2.7014
20.65	-2.7015
20.65	-2.7011
20.65	-2.7011
20.65	-2.7011
20.65	-2.7006
20.65	-2.7008
20.65	-2.7005
20.65	-2.7004
20.65	-2.7002
20.65	-2.7000
20.64	-2.6998
20.65	-2.6997
20.65	-2.6994
20.65	-2.6993
20.65	-2.6992
20.65	-2.6991
20.65	-2.6991
20.65	-2.6988
20.65	-2.6987
20.65	-2.6985
20.65	-2.6982
20.65	-2.6984
20.65	-2.6981
20.65	-2.6980
20.65	-2.6978
20.65	-2.6978
20.65	-2.6977
20.65	-2.6975
20.65	-2.6974
20.65	-2.6974
20.65	-2.6971
20.65	-2.6970
20.64	-2.6969
20.64	-2.6967
20.64	-2.6965
20.64	-2.6963
20.64	-2.6960
20.64	-2.6962
20.64	-2.6960
20.64	-2.6957
20.65	-2.6956
20.65	-2.6954
20.65	-2.6953
20.65	-2.6953
20.65	-2.6952
20.65	-2.6948
20.65	-2.6946
20.65	-2.6946
20.65	-2.6944
20.65	-2.6944
20.65	-2.6943
20.65	-2.6940
20.65	-2.6939
20.65	-2.6937
20.65	-2.6936
20.65	-2.6934
20.65	-2.6934
20.65	-2.6933
20.65	-2.6931
20.65	-2.6931
20.65	-2.6929
20.65	-2.6928
20.65	-2.6926
20.65	-2.6925
20.65	-2.6922
20.65	-2.6923
20.65	-2.6921
20.65	-2.6920
20.65	-2.6918
20.65	-2.6915
20.65	-2.6916
20.65	-2.6912
20.65	-2.6913
20.65	-2.6910
20.65	-2.6909
20.65	-2.6906
20.65	-2.6905
20.65	-2.6905
20.65	-2.6903
20.65	-2.6903
20.65	-2.6902
20.65	-2.6898
20.65	-2.6898
20.65	-2.6895
20.65	-2.6895
20.65	-2.6893
20.65	-2.6891
20.65	-2.6891
20.65	-2.6890
20.65	-2.6889
20.65	-2.6887
20.65	-2.6885
20.65	-2.6884
20.65	-2.6882
20.65	-2.6881
20.65	-2.6880
20.65	-2.6879
20.65	-2.6877
20.65	-2.6875
20.65	-2.6874
20.65	-2.6874
20.65	-2.6871
20.64	-2.6873
20.65	-2.6869
20.65	-2.6868
20.65	-2.6866
20.65	-2.6865
20.65	-2.6864
20.65	-2.6863
20.65	-2.6861
20.65	-2.6859
20.65	-2.6859
20.65	-2.6856
20.65	-2.6855
20.65	-2.6853
20.64	-2.6854
20.64	-2.6848
20.65	-2.6849
20.65	-2.6845
20.65	-2.6845
20.65	-2.6843
20.65	-2.6840
20.65	-2.6841
20.65	-2.6838
20.65	-2.6837
20.65	-2.6836
20.65	-2.6835
20.65	-2.6834
20.65	-2.6832
20.65	-2.6829
20.65	-2.6830
20.65	-2.6826
20.65	-2.6826
20.65	-2.6824
20.65	-2.6824
20.64	-2.6822
20.64	-2.6822
20.64	-2.6819
20.65	-2.6819
20.64	-2.6818
20.64	-2.6816
20.64	-2.6816
20.64	-2.6814
20.65	-2.6811
20.65	-2.6811
20.65	-2.6810
20.65	-2.6810
20.65	-2.6808
20.65	-2.6807
20.65	-2.6807
20.64	-2.6804
20.65	-2.6803
20.65	-2.6803
20.65	-2.6802
20.65	-2.6802
20.65	-2.6797
20.65	-2.6797
20.65	-2.6793
20.64	-2.6792
20.64	-2.6792
20.64	-2.6790
20.65	-2.6790
20.65	-2.6787
20.65	-2.6787
20.65	-2.6787
20.65	-2.6784
20.65	-2.6784
20.65	-2.6781
20.65	-2.6780
20.65	-2.6779
20.65	-2.6778
20.64	-2.6777
20.64	-2.6778
20.64	-2.6774
20.65	-2.6774
20.65	-2.6773
20.64	-2.6772
20.64	-2.6770
20.64	-2.6769
20.65	-2.6769
20.65	-2.6767
20.65	-2.6766
20.65	-2.6765
20.65	-2.6763
20.65	-2.6762
20.64	-2.6761
20.65	-2.6758
20.65	-2.6757
20.65	-2.6754
20.65	-2.6754
20.65	-2.6752
20.65	-2.6753
20.65	-2.6751
20.65	-2.6750
20.65	-2.6747
20.65	-2.6747
20.64	-2.6745
20.64	-2.6745
20.64	-2.6742
20.64	-2.6741
20.64	-2.6740
20.65	-2.6739
20.65	-2.6736
20.65	-2.6736
20.65	-2.6733
20.65	-2.6734
20.65	-2.6730
20.65	-2.6728
20.65	-2.6730
20.65	-2.6725
20.65	-2.6725
20.65	-2.6725
20.65	-2.6724
20.65	-2.6722
20.65	-2.6721
20.64	-2.6721
20.64	-2.6719
20.64	-2.6717
20.64	-2.6716
20.65	-2.6715
20.65	-2.6715
20.64	-2.6711
20.64	-2.6711
20.65	-2.6710
20.65	-2.6708
20.65	-2.6707
20.65	-2.6706
20.65	-2.6705
20.65	-2.6703
20.65	-2.6702
20.65	-2.6701
20.65	-2.6701
20.65	-2.6698
20.65	-2.6697
20.65	-2.6696
20.65	-2.6692
20.64	-2.6694
20.64	-2.6691
20.64	-2.6690
20.64	-2.6691
20.64	-2.6688
20.64	-2.6687
20.64	-2.6687
20.65	-2.6684
20.65	-2.6683
20.65	-2.6681
20.65	-2.6680
20.65	-2.6679
20.65	-2.6676
20.65	-2.6675
20.65	-2.6674
20.65	-2.6675
20.65	-2.6672
20.65	-2.6671
20.65	-2.6670
20.65	-2.6669
20.65	-2.6667
20.65	-2.6666
20.65	-2.6665
20.64	-2.6663
20.64	-2.6662
20.64	-2.6660
20.64	-2.6661
20.65	-2.6658
20.65	-2.6657
20.65	-2.6655
20.65	-2.6653
20.65	-2.6653
20.65	-2.6652
20.64	-2.6652
20.65	-2.6651
20.65	-2.6649
20.65	-2.6649
20.65	-2.6647
20.65	-2.6645
20.65	-2.6644
20.65	-2.6643
20.65	-2.6640
20.65	-2.6641
20.65	-2.6637
20.64	-2.6635
20.64	-2.6635
20.64	-2.6634
20.64	-2.6632
20.65	-2.6633
20.65	-2.6631
20.65	-2.6628
20.65	-2.6627
20.65	-2.6627
20.65	-2.6627
20.65	-2.6624
20.65	-2.6622
20.65	-2.6620
20.65	-2.6620
20.65	-2.6619
20.65	-2.6618
20.65	-2.6618
20.65	-2.6615
20.65	-2.6614
20.65	-2.6613
20.65	-2.6611
20.65	-2.6611
20.65	-2.6610
20.65	-2.6608
20.65	-2.6605
20.65	-2.6607
20.65	-2.6603
20.65	-2.6602
20.65	-2.6603
20.65	-2.6600
20.65	-2.6598
20.65	-2.6596
20.65	-2.6596
20.65	-2.6595
20.65	-2.6592
20.65	-2.6592
20.65	-2.6589
20.65	-2.6588
20.65	-2.6586
20.65	-2.6587
20.64	-2.6585
20.64	-2.6583
20.65	-2.6582
20.64	-2.6581
20.64	-2.6579
20.64	-2.6578
20.64	-2.6576
20.64	-2.6575
20.64	-2.6575
20.65	-2.6573
20.65	-2.6573
20.65	-2.6571
20.65	-2.6572
20.64	-2.6569
20.64	-2.6567
20.64	-2.6565
20.65	-2.6564
20.65	-2.6563
20.65	-2.6563
20.65	-2.6562
20.65	-2.6562
20.65	-2.6559
20.65	-2.6556
20.65	-2.6557
20.65	-2.6555
20.65	-2.6554
20.64	-2.6552
20.64	-2.6551
20.65	-2.6551
20.65	-2.6549
20.65	-2.6547
20.65	-2.6547
20.64	-2.6546
20.64	-2.6544
20.65	-2.6544
20.65	-2.6542
20.65	-2.6541
20.65	-2.6539
20.65	-2.6538
20.65	-2.6537
20.65	-2.6536
20.65	-2.6537
20.64	-2.6533
20.64	-2.6531
20.64	-2.6531
20.65	-2.6530
20.64	-2.6529
20.65	-2.6527
20.65	-2.6525
20.65	-2.6524
20.64	-2.6523
20.64	-2.6521
20.64	-2.6519
20.65	-2.6520
20.65	-2.6519
20.64	-2.6517
20.65	-2.6516
20.65	-2.6515
20.65	-2.6514
20.65	-2.6512
20.65	-2.6510
20.65	-2.6509
20.65	-2.6509
20.65	-2.6507
20.65	-2.6507
20.65	-2.6506
20.65	-2.6504
20.65	-2.6504
20.65	-2.6502
20.64	-2.6500
20.65	-2.6501
20.65	-2.6497
20.65	-2.6498
20.65	-2.6494
20.64	-2.6495
20.64	-2.6495
20.64	-2.6491
20.65	-2.6490
20.65	-2.6490
20.65	-2.6488
20.64	-2.6486
20.64	-2.6486
20.64	-2.6485
20.64	-2.6483
20.64	-2.6482
20.65	-2.6480
20.64	-2.6479
20.64	-2.6479
20.65	-2.6476
20.65	-2.6477
20.65	-2.6474
20.65	-2.6471
20.65	-2.6472
20.65	-2.6470
20.65	-2.6467
20.65	-2.6468
20.65	-2.6467
20.64	-2.6467
20.64	-2.6465
20.64	-2.6465
20.64	-2.6461
20.64	-2.6462
20.65	-2.6459
20.65	-2.6458
20.65	-2.6456
20.64	-2.6454
20.64	-2.6454
20.64	-2.6452
20.64	-2.6450
20.64	-2.6450
20.64	-2.6448
20.64	-2.6447
20.64	-2.6448
20.65	-2.6446
20.65	-2.6445
20.64	-2.6443
20.64	-2.6442
20.64	-2.6441
20.65	-2.6441
20.65	-2.6440
20.64	-2.6439
20.64	-2.6437
20.64	-2.6439
20.64	-2.6436
20.64	-2.6436
20.64	-2.6434
20.64	-2.6432
20.64	-2.6435
20.64	-2.6431
20.64	-2.6430
20.64	-2.6429
20.64	-2.6429
20.64	-2.6427
20.64	-2.6427
20.64	-2.6424
20.64	-2.6425
20.64	-2.6422
20.64	-2.6421
20.64	-2.6421
20.65	-2.6420
20.65	-2.6419
20.65	-2.6417
20.65	-2.6416
20.65	-2.6415
20.64	-2.6414
20.65	-2.6412
20.65	-2.6413
20.65	-2.6410
20.65	-2.6411
20.65	-2.6409
20.65	-2.6407
20.65	-2.6406
20.65	-2.6404
20.64	-2.6403
20.64	-2.6403
20.64	-2.6401
20.65	-2.6397
20.64	-2.6399
20.64	-2.6396
20.64	-2.6394
20.64	-2.6392
20.64	-2.6392
20.64	-2.6390
20.64	-2.6391
20.64	-2.6389
20.64	-2.6387
20.64	-2.6386
20.64	-2.6386
20.64	-2.6383
20.64	-2.6381
20.64	-2.6382
20.64	-2.6380
20.65	-2.6380
20.65	-2.6378
20.65	-2.6377
20.64	-2.6377
20.65	-2.6375
20.65	-2.6375
20.65	-2.6373
20.65	-2.6372
20.65	-2.6372
20.65	-2.6371
20.65	-2.6370
20.64	-2.6370
20.64	-2.6367
20.64	-2.6368
20.64	-2.6365
20.64	-2.6364
20.64	-2.6363
20.64	-2.6362
20.64	-2.6362
20.64	-2.6361
20.64	-2.6359
20.64	-2.6358
20.64	-2.6357
20.64	-2.6355
20.65	-2.6354
20.65	-2.6354
20.65	-2.6351
20.64	-2.6350
20.64	-2.6348
20.65	-2.6348
20.65	-2.6348
20.65	-2.6347
20.65	-2.6347
20.64	-2.6345
20.65	-2.6344
20.65	-2.6342
20.65	-2.6342
20.65	-2.6339
20.65	-2.6339
20.64	-2.6337
20.65	-2.6337
20.65	-2.6337
20.65	-2.6334
20.65	-2.6334
20.65	-2.6333
20.64	-2.6332
20.65	-2.6331
20.64	-2.6329
20.65	-2.6329
20.65	-2.6326
20.65	-2.6328
20.64	-2.6324
20.64	-2.6325
20.64	-2.6322
20.65	-2.6320
20.64	-2.6322
20.64	-2.6320
20.65	-2.6319
20.65	-2.6320
20.65	-2.6318
20.65	-2.6314
20.65	-2.6315
20.65	-2.6313
20.65	-2.6312
20.65	-2.6310
20.65	-2.6309
20.65	-2.6309
20.65	-2.6306
20.65	-2.6306
20.64	-2.6304
20.64	-2.6304
20.65	-2.6303
20.64	-2.6301
20.64	-2.6300
20.64	-2.6299
20.64	-2.6299
20.64	-2.6297
20.64	-2.6297
20.65	-2.6294
20.65	-2.6293
20.65	-2.6293
20.65	-2.6291
20.65	-2.6292
20.65	-2.6288
20.65	-2.6288
20.65	-2.6288
20.65	-2.6287
20.65	-2.6285
20.65	-2.6285
20.65	-2.6283
20.65	-2.6280
20.65	-2.6279
20.65	-2.6278
20.65	-2.6276
20.65	-2.6276
20.65	-2.6275
20.65	-2.6275
20.64	-2.6273
20.64	-2.6271
20.64	-2.6270
20.64	-2.6270
20.64	-2.6268
20.65	-2.6267
20.65	-2.6265
20.64	-2.6265
20.65	-2.6264
20.65	-2.6261
20.65	-2.6261
20.65	-2.6261
20.64	-2.6260
20.64	-2.6258
20.64	-2.6256
20.64	-2.6256
20.64	-2.6255
20.64	-2.6254
20.64	-2.6253
20.65	-2.6251
20.64	-2.6251
20.65	-2.6249
20.64	-2.6248
20.64	-2.6246
20.64	-2.6247
20.64	-2.6245
20.64	-2.6244
20.64	-2.6243
20.63	-2.6243
20.64	-2.6241
20.64	-2.6237
20.64	-2.6238
20.64	-2.6237
20.64	-2.6236
20.64	-2.6236
20.64	-2.6234
20.64	-2.6233
20.64	-2.6232
20.64	-2.6233
20.64	-2.6230
20.64	-2.6228
20.65	-2.6230
20.65	-2.6228
20.65	-2.6224
20.65	-2.6223
20.65	-2.6224
20.65	-2.6220
20.65	-2.6221
20.65	-2.6221
20.65	-2.6218
20.65	-2.6219
20.65	-2.6216
20.65	-2.6216
20.65	-2.6214
20.65	-2.6213
20.65	-2.6212
20.65	-2.6210
20.65	-2.6211
20.65	-2.6208
20.65	-2.6208
20.65	-2.6207
20.65	-2.6206
20.65	-2.6205
20.65	-2.6205
20.65	-2.6203
20.65	-2.6200
20.65	-2.6200
20.65	-2.6200
20.64	-2.6199
20.64	-2.6197
20.64	-2.6198
20.64	-2.6195
20.64	-2.6194
20.64	-2.6192
20.65	-2.6192
20.65	-2.6191
20.65	-2.6191
20.65	-2.6190
20.65	-2.6187
20.65	-2.6189
20.65	-2.6188
20.65	-2.6186
20.65	-2.6187
20.65	-2.6185
20.65	-2.6183
20.65	-2.6183
20.64	-2.6181
20.64	-2.6183
20.64	-2.6180
20.65	-2.6179
20.65	-2.6176
20.65	-2.6176
20.65	-2.6176
20.65	-2.6174
20.65	-2.6174
20.65	-2.6173
20.64	-2.6172
20.64	-2.6169
20.65	-2.6169
20.65	-2.6168
20.65	-2.6167
20.65	-2.6164
20.65	-2.6162
20.65	-2.6162
20.65	-2.6162
20.64	-2.6159
20.64	-2.6160
20.64	-2.6156
20.64	-2.6156
20.65	-2.6152
20.65	-2.6153
20.65	-2.6154
20.64	-2.6152
20.64	-2.6150
20.64	-2.6149
20.64	-2.6150
20.64	-2.6148
20.64	-2.6148
20.65	-2.6145
20.64	-2.6147
20.65	-2.6144
20.65	-2.6143
20.65	-2.6141
20.65	-2.6142
20.65	-2.6140
20.64	-2.6139
20.64	-2.6140
20.64	-2.6138
20.64	-2.6136
20.64	-2.6135
20.64	-2.6135
20.64	-2.6134
20.64	-2.6133
20.64	-2.6130
20.64	-2.6130
20.64	-2.6129
20.64	-2.6128
20.64	-2.6129
20.64	-2.6126
20.64	-2.6126
20.64	-2.6124
20.64	-2.6123
20.64	-2.6123
20.64	-2.6122
20.64	-2.6121
20.63	-2.6119
20.64	-2.6118
20.64	-2.6116
20.64	-2.6113
20.64	-2.6113
20.65	-2.6112
20.65	-2.6111
20.65	-2.6110
20.65	-2.6109
20.64	-2.6109
20.65	-2.6108
20.65	-2.6106
20.65	-2.6106
20.65	-2.6103
20.65	-2.6102
20.65	-2.6101
20.64	-2.6099
20.64	-2.6101
20.65	-2.6097
20.64	-2.6097
20.64	-2.6095
20.64	-2.6094
20.64	-2.6093
20.64	-2.6092
20.64	-2.6090
20.64	-2.6091
20.64	-2.6088
20.64	-2.6087
20.64	-2.6086
20.64	-2.6085
20.64	-2.6083
20.64	-2.6082
20.64	-2.6081
20.64	-2.6081
20.64	-2.6080
20.65	-2.6078
20.65	-2.6078
20.64	-2.6076
20.65	-2.6076
20.65	-2.6075
20.65	-2.6074
20.65	-2.6072
20.65	-2.6070
20.64	-2.6070
20.65	-2.6069
20.65	-2.6068
20.64	-2.6069
20.64	-2.6068
20.64	-2.6067
20.64	-2.6065
20.64	-2.6066
20.65	-2.6063
20.65	-2.6062
20.65	-2.6060
20.65	-2.6061
20.65	-2.6061
20.65	-2.6059
20.65	-2.6057
20.65	-2.6055
20.64	-2.6056
20.64	-2.6053
20.64	-2.6051
20.64	-2.6052
20.64	-2.6050
20.65	-2.6049
20.65	-2.6048
20.65	-2.6047
20.65	-2.6046
20.65	-2.6045
20.65	-2.6043
20.65	-2.6043
20.65	-2.6043
20.65	-2.6042
20.65	-2.6043
20.65	-2.6041
20.65	-2.6041
20.65	-2.6039
20.64	-2.6037
20.64	-2.6040
20.64	-2.6038
20.64	-2.6035
20.65	-2.6035
20.64	-2.6033
20.64	-2.6032
20.64	-2.6032
20.64	-2.6032
20.64	-2.6030
20.64	-2.6029
20.64	-2.6027
20.64	-2.6026
20.64	-2.6027
20.64	-2.6025
20.64	-2.6026
20.64	-2.6024
20.64	-2.6021
20.64	-2.6023
20.64	-2.6020
20.64	-2.6020
20.64	-2.6020
20.65	-2.6019
20.65	-2.6016
20.65	-2.6017
20.64	-2.6015
20.64	-2.6014
20.64	-2.6012
20.64	-2.6012
20.64	-2.6011
20.64	-2.6011
20.64	-2.6009
20.64	-2.6009
20.64	-2.6007
20.64	-2.6007
20.64	-2.6005
20.64	-2.6005
20.64	-2.6004
20.64	-2.6004
20.64	-2.6002
20.64	-2.5998
20.64	-2.5999
20.64	-2.5997
20.64	-2.5996
20.64	-2.5996
20.64	-2.5995
20.64	-2.5993
20.64	-2.5992
20.64	-2.5993
20.64	-2.5991
20.65	-2.5989
20.65	-2.5988
20.65	-2.5989
20.65	-2.5985
20.65	-2.5987
20.64	-2.5985
20.65	-2.5982
20.65	-2.5982
20.64	-2.5982
20.64	-2.5983
20.64	-2.5980
20.64	-2.5980
20.64	-2.5979
20.64	-2.5978
20.63	-2.5976
20.64	-2.5975
20.64	-2.5973
20.64	-2.5973
20.65	-2.5970
20.64	-2.5972
20.65	-2.5972
20.65	-2.5969
20.64	-2.5968
20.64	-2.5969
20.64	-2.5968
20.64	-2.5965
20.64	-2.5964
20.64	-2.5965
20.65	-2.5962
20.65	-2.5961
20.65	-2.5960
20.65	-2.5960
20.65	-2.5959
20.65	-2.5959
20.65	-2.5956
20.65	-2.5958
20.64	-2.5953
20.64	-2.5954
20.65	-2.5952
20.65	-2.5952
20.65	-2.5949
20.65	-2.5949
20.64	-2.5947
20.64	-2.5946
20.64	-2.5945
20.64	-2.5944
20.64	-2.5945
20.64	-2.5941
20.64	-2.5941
20.64	-2.5939
20.64	-2.5940
20.64	-2.5939
20.65	-2.5938
20.64	-2.5936
20.64	-2.5937
20.64	-2.5936
20.65	-2.5934
20.65	-2.5933
20.65	-2.5932
20.65	-2.5929
20.65	-2.5930
20.65	-2.5930
20.64	-2.5927
20.64	-2.5927
20.64	-2.5927
20.64	-2.5925
20.64	-2.5925
20.64	-2.5924
20.64	-2.5923
20.64	-2.5922
20.64	-2.5920
20.64	-2.5921
20.64	-2.5919
20.64	-2.5918
20.63	-2.5916
20.64	-2.5916
20.64	-2.5914
20.64	-2.5913
20.64	-2.5911
20.64	-2.5911
20.65	-2.5910
20.65	-2.5907
20.65	-2.5907
20.64	-2.5906
20.64	-2.5905
20.64	-2.5903
20.64	-2.5903
20.64	-2.5902
20.64	-2.5902
20.64	-2.5899
20.64	-2.5900
20.64	-2.5898
20.64	-2.5897
20.64	-2.5897
20.64	-2.5895
20.64	-2.5894
20.64	-2.5894
20.64	-2.5894
20.64	-2.5891
20.64	-2.5891
20.64	-2.5890
20.64	-2.5890
20.64	-2.5889
20.64	-2.5885
20.64	-2.5885
20.65	-2.5883
20.64	-2.5884
20.64	-2.5883
20.64	-2.5882
20.64	-2.5880
20.64	-2.5878
20.64	-2.5878
20.64	-2.5877
20.64	-2.5876
20.64	-2.5875
20.64	-2.5872
20.64	-2.5873
20.64	-2.5871
20.64	-2.5871
20.64	-2.5871
20.64	-2.5870
20.64	-2.5869
20.64	-2.5867
20.64	-2.5866
20.64	-2.5864
20.64	-2.5863
20.64	-2.5863
20.64	-2.5863
20.64	-2.5861
20.64	-2.5860
20.64	-2.5858
20.64	-2.5859
20.64	-2.5857
20.64	-2.5855
20.63	-2.5853
20.64	-2.5853
20.64	-2.5852
20.64	-2.5852
20.64	-2.5851
20.64	-2.5849
20.64	-2.5848
20.64	-2.5848
20.64	-2.5846
20.64	-2.5847
20.64	-2.5845
20.63	-2.5844
20.63	-2.5843
20.63	-2.5842
20.63	-2.5843
20.63	-2.5841
20.64	-2.5841
20.65	-2.5839
20.65	-2.5839
20.65	-2.5836
20.65	-2.5838
20.65	-2.5836
20.65	-2.5832
20.65	-2.5834
20.65	-2.5834
20.65	-2.5833
20.64	-2.5831
20.64	-2.5829
20.64	-2.5828
20.64	-2.5827
20.64	-2.5826
20.65	-2.5826
20.65	-2.5826
20.64	-2.5824
20.65	-2.5823
20.65	-2.5824
20.65	-2.5824
20.65	-2.5821
20.65	-2.5820
20.65	-2.5819
20.65	-2.5818
20.65	-2.5818
20.64	-2.5817
20.64	-2.5817
20.64	-2.5818
20.64	-2.5815
20.64	-2.5815
20.64	-2.5813
20.64	-2.5812
20.64	-2.5812
20.64	-2.5809
20.64	-2.5808
20.64	-2.5807
20.64	-2.5807
20.64	-2.5804
20.64	-2.5803
20.64	-2.5802
20.64	-2.5802
20.64	-2.5800
20.64	-2.5800
20.65	-2.5798
20.65	-2.5796
20.65	-2.5798
20.65	-2.5797
20.65	-2.5795
20.65	-2.5793
20.65	-2.5792
20.65	-2.5789
20.65	-2.5791
20.64	-2.5791
20.64	-2.5789
20.65	-2.5790
20.65	-2.5787
20.64	-2.5785
20.64	-2.5784
20.64	-2.5783
20.64	-2.5783
20.64	-2.5784
20.64	-2.5782
20.64	-2.5780
20.64	-2.5779
20.64	-2.5778
20.64	-2.5777
20.64	-2.5776
20.64	-2.5775
20.64	-2.5775
20.64	-2.5772
20.64	-2.5771
20.64	-2.5772
20.64	-2.5770
20.64	-2.5769
20.64	-2.5768
20.65	-2.5767
20.65	-2.5767
20.65	-2.5766
20.65	-2.5765
20.65	-2.5766
20.65	-2.5765
20.65	-2.5762
20.64	-2.5762
20.64	-2.5761
20.64	-2.5760
20.64	-2.5758
20.64	-2.5757
20.64	-2.5756
20.64	-2.5756
20.64	-2.5753
20.64	-2.5754
20.65	-2.5754
20.65	-2.5752
20.65	-2.5754
20.65	-2.5750
20.64	-2.5751
20.64	-2.5750
20.64	-2.5748
20.65	-2.5748
20.65	-2.5747
20.65	-2.5747
20.65	-2.5745
20.65	-2.5744
20.65	-2.5743
20.64	-2.5743
20.64	-2.5739
20.64	-2.5740
20.65	-2.5740
20.65	-2.5738
20.64	-2.5738
20.64	-2.5736
20.64	-2.5735
20.64	-2.5735
20.64	-2.5734
20.64	-2.5733
20.63	-2.5732
20.63	-2.5729
20.64	-2.5731
20.64	-2.5729
20.64	-2.5729
20.64	-2.5727
20.64	-2.5727
20.65	-2.5724
20.65	-2.5725
20.64	-2.5724
20.64	-2.5723
20.64	-2.5720
20.64	-2.5719
20.64	-2.5718
20.64	-2.5718
20.64	-2.5717
20.64	-2.5717
20.64	-2.5715
20.64	-2.5714
20.65	-2.5714
20.64	-2.5713
20.64	-2.5712
20.64	-2.5710
20.64	-2.5709
20.64	-2.5709
20.64	-2.5710
20.64	-2.5708
20.64	-2.5707
20.65	-2.5707
20.65	-2.5706
20.65	-2.5704
20.65	-2.5703
20.64	-2.5702
20.64	-2.5703
20.64	-2.5702
20.64	-2.5700
20.64	-2.5700
20.65	-2.5699
20.65	-2.5697
20.64	-2.5695
20.64	-2.5696
20.64	-2.5694
20.64	-2.5694
20.64	-2.5694
20.64	-2.5692
20.64	-2.5692
20.64	-2.5691
20.64	-2.5690
20.64	-2.5689
20.64	-2.5689
20.65	-2.5686
20.65	-2.5686
20.64	-2.5684
20.64	-2.5683
20.64	-2.5683
20.64	-2.5681
20.64	-2.5680
20.64	-2.5680
20.64	-2.5678
20.64	-2.5678
20.64	-2.5678
20.64	-2.5675
20.64	-2.5675
20.64	-2.5674
20.64	-2.5674
20.64	-2.5671
20.64	-2.5671
20.64	-2.5671
20.64	-2.5671
20.64	-2.5670
20.64	-2.5670
20.64	-2.5667
20.64	-2.5665
20.65	-2.5667
20.65	-2.5663
20.64	-2.5664
20.64	-2.5664
20.64	-2.5662
20.64	-2.5661
20.64	-2.5659
20.64	-2.5658
20.64	-2.5656
20.64	-2.5657
20.64	-2.5656
20.64	-2.5654
20.64	-2.5653
20.64	-2.5650
20.64	-2.5652
20.64	-2.5651
20.64	-2.5649
20.64	-2.5649
20.64	-2.5646
20.64	-2.5645
20.64	-2.5645
20.64	-2.5644
20.64	-2.5644
20.64	-2.5642
20.64	-2.5642
20.64	-2.5642
20.64	-2.5639
20.64	-2.5637
20.64	-2.5639
20.64	-2.5635
20.64	-2.5635
20.64	-2.5634
20.64	-2.5635
20.64	-2.5633
20.64	-2.5632
20.64	-2.5631
20.64	-2.5633
20.64	-2.5630
20.64	-2.5628
20.65	-2.5630
20.65	-2.5626
20.64	-2.5625
20.64	-2.5626
20.64	-2.5624
20.63	-2.5623
20.63	-2.5623
20.63	-2.5621
20.63	-2.5623
20.63	-2.5620
20.64	-2.5619
20.64	-2.5616
20.63	-2.5619
20.63	-2.5615
20.63	-2.5616
20.64	-2.5614
20.64	-2.5613
20.64	-2.5612
20.64	-2.5611
20.64	-2.5613
20.64	-2.5610
20.64	-2.5609
20.65	-2.5608
20.65	-2.5607
20.65	-2.5607
20.65	-2.5605
20.65	-2.5605
20.65	-2.5603
20.64	-2.5605
20.64	-2.5601
20.64	-2.5601
20.64	-2.5599
20.64	-2.5598
20.64	-2.5599
20.64	-2.5597
20.64	-2.5596
20.64	-2.5596
20.64	-2.5595
20.64	-2.5593
20.64	-2.5593
20.64	-2.5592
20.64	-2.5592
20.64	-2.5590
20.64	-2.5589
20.64	-2.5588
20.65	-2.5588
20.64	-2.5585
20.64	-2.5587
20.64	-2.5582
20.64	-2.5585
20.64	-2.5583
20.64	-2.5582
20.64	-2.5579
20.64	-2.5580
20.64	-2.5579
20.64	-2.5578
20.64	-2.5579
20.64	-2.5576
20.64	-2.5575
20.64	-2.5575
20.64	-2.5576
20.64	-2.5573
20.64	-2.5573
20.64	-2.5572
20.64	-2.5570
20.64	-2.5569
20.64	-2.5568
20.64	-2.5569
20.64	-2.5567
20.64	-2.5568
20.64	-2.5564
20.64	-2.5565
20.64	-2.5564
20.64	-2.5564
20.64	-2.5561
20.64	-2.5564
20.64	-2.5559
20.65	-2.5562
20.65	-2.5561
20.64	-2.5560
20.64	-2.5558
20.64	-2.5558
20.64	-2.5556
20.64	-2.5557
20.64	-2.5554
20.64	-2.5555
20.64	-2.5554
20.64	-2.5553
20.64	-2.5550
20.64	-2.5551
20.64	-2.5549
20.64	-2.5549
20.64	-2.5550
20.64	-2.5547
20.64	-2.5548
20.64	-2.5546
20.65	-2.5546
20.65	-2.5543
20.65	-2.5542
20.65	-2.5543
20.65	-2.5541
20.65	-2.5541
20.64	-2.5540
20.64	-2.5541
20.64	-2.5539
20.64	-2.5537
20.64	-2.5538
20.65	-2.5535
20.65	-2.5536
20.65	-2.5535
20.65	-2.5535
20.64	-2.5534
20.64	-2.5535
20.64	-2.5533
20.64	-2.5534
20.64	-2.5531
20.64	-2.5533
20.64	-2.5530
20.64	-2.5530
20.64	-2.5528
20.64	-2.5528
20.64	-2.5528
20.64	-2.5528
20.64	-2.5526
20.64	-2.5523
20.64	-2.5523
20.64	-2.5524
20.64	-2.5521
20.64	-2.5522
20.64	-2.5521
20.64	-2.5520
20.64	-2.5518
20.64	-2.5518
20.64	-2.5518
20.64	-2.5515
20.64	-2.5515
20.64	-2.5513
20.64	-2.5513
20.65	-2.5512
20.65	-2.5511
20.65	-2.5511
20.65	-2.5509
20.64	-2.5509
20.64	-2.5506
20.64	-2.5507
20.64	-2.5504
20.64	-2.5504
20.64	-2.5502
20.64	-2.5504
20.64	-2.5502
20.64	-2.5501
20.64	-2.5501
20.64	-2.5500
20.64	-2.5499
20.64	-2.5498
20.64	-2.5497
20.64	-2.5498
20.64	-2.5495
20.64	-2.5496
20.64	-2.5495
20.64	-2.5494
20.64	-2.5493
20.64	-2.5495
20.64	-2.5500
20.64	-2.5503
20.64	-2.5510
20.64	-2.5519
20.64	-2.5530
20.64	-2.5538
20.65	-2.5553
20.65	-2.5566
20.65	-2.5579
20.65	-2.5591
20.65	-2.5608
20.64	-2.5621
20.64	-2.5633
20.64	-2.5647
20.64	-2.5662
20.64	-2.5673
20.64	-2.5684
20.64	-2.5691
20.64	-2.5701
20.64	-2.5710
20.65	-2.5717
20.65	-2.5723
20.65	-2.5726
20.65	-2.5729
20.65	-2.5729
20.65	-2.5732
20.65	-2.5729
20.65	-2.5725
20.65	-2.5724
20.65	-2.5719
20.65	-2.5712
20.65	-2.5704
20.65	-2.5697
20.65	-2.5688
20.65	-2.5679
20.66	-2.5667
20.66	-2.5653
20.66	-2.5644
20.66	-2.5629
20.65	-2.5618
20.65	-2.5603
20.66	-2.5590
20.66	-2.5575
20.66	-2.5561
20.67	-2.5545
20.67	-2.5530
20.67	-2.5517
20.67	-2.5503
20.67	-2.5488
20.67	-2.5475
20.67	-2.5460
20.68	-2.5448
20.68	-2.5437
20.68	-2.5422
20.68	-2.5412
20.68	-2.5399
20.68	-2.5389
20.68	-2.5378
20.68	-2.5368
20.68	-2.5361
20.69	-2.5352
20.69	-2.5343
20.69	-2.5338
20.69	-2.5333
20.69	-2.5329
20.70	-2.5325
20.70	-2.5319
20.70	-2.5317
20.70	-2.5315
20.70	-2.5314
20.71	-2.5314
20.71	-2.5315
20.72	-2.5318
20.72	-2.5319
20.72	-2.5320
20.72	-2.5325
20.72	-2.5329
20.72	-2.5332
20.73	-2.5341
20.73	-2.5348
20.73	-2.5352
20.73	-2.5362
20.73	-2.5370
20.73	-2.5379
20.73	-2.5388
20.73	-2.5400
20.74	-2.5410
20.74	-2.5420
20.74	-2.5434
20.74	-2.5444
20.74	-2.5459
20.75	-2.5470
20.75	-2.5484
20.75	-2.5499
20.75	-2.5511
20.75	-2.5527
20.75	-2.5543
20.75	-2.5557
20.76	-2.5574
20.76	-2.5589
20.76	-2.5607
20.76	-2.5625
20.76	-2.5639
20.77	-2.5658
20.77	-2.5674
20.77	-2.5691
20.77	-2.5709
20.78	-2.5728
20.78	-2.5744
20.78	-2.5765
20.78	-2.5781
20.78	-2.5798
20.78	-2.5813
20.79	-2.5833
20.79	-2.5850
20.79	-2.5867
20.80	-2.5885
20.80	-2.5901
20.80	-2.5920
20.80	-2.5938
20.81	-2.5952
20.81	-2.5970
20.81	-2.5987
20.81	-2.6000
20.81	-2.6018
20.82	-2.6032
20.82	-2.6048
20.82	-2.6064
20.82	-2.6081
20.83	-2.6091
20.83	-2.6107
20.83	-2.6120
20.83	-2.6134
20.84	-2.6147
20.84	-2.6162
20.84	-2.6171
20.84	-2.6184
20.85	-2.6197
20.85	-2.6209
20.85	-2.6222
20.85	-2.6231
20.85	-2.6240
20.86	-2.6251
20.86	-2.6261
20.86	-2.6271
20.87	-2.6280
20.87	-2.6287
20.87	-2.6295
20.87	-2.6303
20.88	-2.6310
20.88	-2.6318
20.88	-2.6325
20.89	-2.6331
20.89	-2.6335
20.90	-2.6341
20.90	-2.6347
20.90	-2.6353
20.90	-2.6355
20.90	-2.6359
20.90	-2.6364
20.90	-2.6366
20.91	-2.6369
20.91	-2.6371
20.91	-2.6374
20.91	-2.6374
20.91	-2.6378
20.92	-2.6379
20.92	-2.6379
20.92	-2.6379
20.93	-2.6377
20.93	-2.6377
20.93	-2.6377
20.93	-2.6374
20.93	-2.6374
20.94	-2.6374
20.94	-2.6370
20.94	-2.6366
20.95	-2.6363
20.95	-2.6362
20.95	-2.6357
20.95	-2.6355
20.95	-2.6348
20.95	-2.6345
20.96	-2.6337
20.96	-2.6332
20.96	-2.6330
20.97	-2.6324
20.97	-2.6318
20.97	-2.6311
20.97	-2.6301
20.98	-2.6297
20.98	-2.6289
20.98	-2.6282
20.98	-2.6276
20.99	-2.6266
20.99	-2.6262
20.99	-2.6252
20.99	-2.6242
21.00	-2.6235
21.00	-2.6226
21.00	-2.6215
21.00	-2.6206
21.00	-2.6198
21.00	-2.6189
21.01	-2.6178
21.01	-2.6169
21.01	-2.6157
21.01	-2.6146
21.01	-2.6136
21.02	-2.6124
21.02	-2.6113
21.03	-2.6102
21.03	-2.6090
21.03	-2.6080
21.03	-2.6067
21.03	-2.6055
21.04	-2.6044
21.04	-2.6032
21.05	-2.6021
21.05	-2.6009
21.05	-2.5995
21.05	-2.5983
21.05	-2.5969
21.05	-2.5959
21.05	-2.5943
21.06	-2.5931
21.06	-2.5918
21.07	-2.5906
21.07	-2.5891
21.07	-2.5878
21.07	-2.5863
21.07	-2.5851
21.08	-2.5837
21.08	-2.5823
21.09	-2.5807
21.09	-2.5797
21.09	-2.5778
21.09	-2.5765
21.09	-2.5750
21.09	-2.5737
21.09	-2.5723
21.10	-2.5707
21.10	-2.5694
21.10	-2.5679
21.11	-2.5664
21.11	-2.5650
21.11	-2.5638
21.11	-2.5621
21.12	-2.5606
21.12	-2.5593
21.12	-2.5577
21.13	-2.5565
21.13	-2.5548
21.13	-2.5534
21.13	-2.5521
21.13	-2.5506
21.14	-2.5489
21.14	-2.5475
21.15	-2.5462
21.15	-2.5449
21.15	-2.5430
21.15	-2.5417
21.15	-2.5404
21.15	-2.5388
21.15	-2.5375
21.15	-2.5360
21.16	-2.5345
21.16	-2.5334
21.17	-2.5315
21.17	-2.5300
21.17	-2.5288
21.17	-2.5274
21.18	-2.5258
21.18	-2.5244
21.19	-2.5229
21.19	-2.5214
21.19	-2.5200
21.20	-2.5186
21.20	-2.5172
21.20	-2.5159
21.20	-2.5145
21.20	-2.5130
21.20	-2.5115
21.20	-2.5102
21.20	-2.5087
21.21	-2.5073
21.21	-2.5061
21.22	-2.5046
21.22	-2.5032
21.22	-2.5018
21.22	-2.5005
21.23	-2.4989
21.23	-2.4976
21.23	-2.4963
21.23	-2.4949
21.23	-2.4934
21.23	-2.4922
21.23	-2.4907
21.24	-2.4894
21.24	-2.4881
21.24	-2.4867
21.24	-2.4854
21.25	-2.4840
21.25	-2.4827
21.25	-2.4813
21.26	-2.4803
21.26	-2.4789
21.26	-2.4776
21.27	-2.4762
21.27	-2.4753
21.27	-2.4739
21.28	-2.4728
21.28	-2.4715
21.28	-2.4705
21.28	-2.4689
21.28	-2.4679
21.28	-2.4667
21.29	-2.4654
21.29	-2.4643
21.29	-2.4630
21.30	-2.4618
21.30	-2.4606
21.30	-2.4595
21.30	-2.4585
21.31	-2.4571
21.31	-2.4558
21.31	-2.4547
21.31	-2.4536
21.32	-2.4526
21.32	-2.4513
21.32	-2.4501
21.32	-2.4489
21.32	-2.4477
21.32	-2.4467
21.33	-2.4456
21.33	-2.4443
21.34	-2.4432
21.34	-2.4423
21.34	-2.4411
21.34	-2.4401
21.35	-2.4390
21.35	-2.4377
21.35	-2.4369
21.35	-2.4358
21.36	-2.4347
21.35	-2.4338
21.36	-2.4325
21.36	-2.4317
21.36	-2.4305
21.37	-2.4295
21.37	-2.4285
21.38	-2.4273
21.38	-2.4264
21.38	-2.4255
21.38	-2.4243
21.38	-2.4236
21.38	-2.4223
21.39	-2.4215
21.39	-2.4204
21.39	-2.4195
21.39	-2.4185
21.39	-2.4177
21.40	-2.4168
21.40	-2.4157
21.40	-2.4149
21.40	-2.4139
21.41	-2.4131
21.41	-2.4120
21.41	-2.4112
21.42	-2.4104
21.42	-2.4096
21.43	-2.4085
21.43	-2.4078
21.43	-2.4068
21.43	-2.4061
21.43	-2.4053
21.43	-2.4046
21.44	-2.4037
21.44	-2.4027
21.44	-2.4020
21.44	-2.4011
21.44	-2.4004
21.45	-2.3996
21.45	-2.3990
21.46	-2.3981
21.45	-2.3973
21.45	-2.3967
21.46	-2.3959
21.46	-2.3949
21.46	-2.3943
21.46	-2.3936
21.47	-2.3929
21.47	-2.3921
21.48	-2.3914
21.48	-2.3906
21.48	-2.3900
21.48	-2.3893
21.48	-2.3884
21.49	-2.3880
21.50	-2.3873
21.50	-2.3865
21.50	-2.3859
21.50	-2.3852
21.50	-2.3845
21.50	-2.3840
21.51	-2.3833
21.51	-2.3825
21.51	-2.3820
21.51	-2.3816
21.52	-2.3808
21.52	-2.3801
21.52	-2.3795
21.53	-2.3789
21.53	-2.3783
21.53	-2.3777
21.53	-2.3770
21.53	-2.3766
21.53	-2.3761
21.53	-2.3754
21.54	-2.3746
21.54	-2.3740
21.55	-2.3736
21.55	-2.3729
21.55	-2.3724
21.55	-2.3718
21.55	-2.3713
21.56	-2.3708
21.56	-2.3702
21.56	-2.3698
21.56	-2.3693
21.57	-2.3687
21.57	-2.3680
21.57	-2.3675
21.58	-2.3670
21.58	-2.3666
21.58	-2.3659
21.58	-2.3655
21.59	-2.3652
21.59	-2.3646
21.59	-2.3638
21.59	-2.3637
21.59	-2.3629
21.59	-2.3624
21.60	-2.3618
21.60	-2.3614
21.60	-2.3610
21.61	-2.3604
21.61	-2.3598
21.61	-2.3594
21.61	-2.3590
21.62	-2.3586
21.62	-2.3580
21.62	-2.3578
21.63	-2.3571
21.63	-2.3567
21.63	-2.3562
21.63	-2.3560
21.63	-2.3555
21.64	-2.3551
21.64	-2.3547
21.65	-2.3543
21.65	-2.3538
21.65	-2.3536
21.65	-2.3530
21.65	-2.3528
21.65	-2.3521
21.66	-2.3519
21.66	-2.3515
21.66	-2.3512
21.66	-2.3506
21.67	-2.3504
21.67	-2.3500
21.67	-2.3497
21.67	-2.3492
21.68	-2.3489
21.68	-2.3485
21.68	-2.3482
21.68	-2.3478
21.68	-2.3474
21.68	-2.3470
21.68	-2.3467
21.69	-2.3463
21.70	-2.3460
21.70	-2.3457
21.70	-2.3451
21.70	-2.3449
21.70	-2.3445
21.71	-2.3442
21.71	-2.3439
21.71	-2.3435
21.72	-2.3433
21.72	-2.3430
21.72	-2.3424
21.73	-2.3423
21.73	-2.3420
21.73	-2.3413
21.73	-2.3413
21.74	-2.3409
21.74	-2.3406
21.74	-2.3403
21.74	-2.3398
21.74	-2.3397
21.75	-2.3394
21.75	-2.3393
21.75	-2.3389
21.75	-2.3384
21.75	-2.3382
21.76	-2.3378
21.76	-2.3375
21.76	-2.3374
21.76	-2.3370
21.76	-2.3366
21.76	-2.3365
21.77	-2.3361
21.77	-2.3361
21.78	-2.3356
21.78	-2.3353
21.78	-2.3352
21.78	-2.3350
21.79	-2.3346
21.79	-2.3343
21.80	-2.3342
21.80	-2.3337
21.80	-2.3335
21.80	-2.3334
21.80	-2.3333
21.81	-2.3327
21.81	-2.3326
21.81	-2.3321
21.82	-2.3320
21.82	-2.3319
21.82	-2.3315
21.82	-2.3313
21.82	-2.3311
21.82	-2.3310
21.83	-2.3306
21.83	-2.3304
21.83	-2.3301
21.84	-2.3299
21.84	-2.3299
21.84	-2.3296
21.84	-2.3293
21.84	-2.3291
21.85	-2.3289
21.85	-2.3286
21.85	-2.3282
21.85	-2.3281
21.86	-2.3280
21.86	-2.3277
21.86	-2.3275
21.86	-2.3273
21.86	-2.3271
21.87	-2.3269
21.87	-2.3268
21.87	-2.3263
21.88	-2.3261
21.88	-2.3259
21.88	-2.3257
21.88	-2.3255
21.89	-2.3253
21.89	-2.3253
21.90	-2.3251
21.90	-2.3246
21.90	-2.3247
21.90	-2.3244
21.90	-2.3243
21.90	-2.3241
21.91	-2.3239
21.91	-2.3237
21.91	-2.3235
21.91	-2.3235
21.92	-2.3233
21.92	-2.3231
21.92	-2.3230
21.92	-2.3227
21.93	-2.3226
21.93	-2.3223
21.93	-2.3223
21.93	-2.3220
21.94	-2.3220
21.94	-2.3217
21.94	-2.3216
21.94	-2.3214
21.95	-2.3211
21.95	-2.3211
21.95	-2.3210
21.95	-2.3208
21.95	-2.3205
21.96	-2.3205
21.96	-2.3202
21.96	-2.3199
21.96	-2.3197
21.97	-2.3196
21.97	-2.3196
21.97	-2.3193
21.98	-2.3192
21.98	-2.3190
21.98	-2.3188
21.99	-2.3187
21.99	-2.3184
22.00	-2.3185
22.00	-2.3183
22.00	-2.3180
22.00	-2.3181
22.00	-2.3179
22.00	-2.3176
22.00	-2.3175
22.00	-2.3172
22.01	-2.3173
22.01	-2.3171
22.01	-2.3170
22.01	-2.3169
22.02	-2.3167
22.02	-2.3166
22.02	-2.3164
22.02	-2.3163
22.03	-2.3159
22.03	-2.3162
22.03	-2.3161
22.03	-2.3158
22.04	-2.3156
22.04	-2.3155
22.04	-2.3155
22.05	-2.3154
22.05	-2.3153
22.05	-2.3149
22.05	-2.3151
22.05	-2.3150
22.06	-2.3149
22.06	-2.3149
22.06	-2.3146
22.06	-2.3146
22.07	-2.3146
22.07	-2.3144
22.07	-2.3142
22.08	-2.3141
22.08	-2.3140
22.09	-2.3139
22.09	-2.3137
22.09	-2.3137
22.09	-2.3136
22.09	-2.3135
22.09	-2.3135
22.09	-2.3133
22.09	-2.3134
22.10	-2.3130
22.10	-2.3128
22.10	-2.3128
22.11	-2.3127
22.11	-2.3127
22.11	-2.3125
22.11	-2.3125
22.12	-2.3124
22.12	-2.3123
22.13	-2.3122
22.13	-2.3118
22.13	-2.3121
22.13	-2.3118
22.13	-2.3119
22.14	-2.3115
22.14	-2.3115
22.14	-2.3113
22.14	-2.3113
22.15	-2.3114
22.15	-2.3113
22.15	-2.3113
22.15	-2.3110
22.15	-2.3110
22.16	-2.3109
22.16	-2.3107
22.17	-2.3107
22.16	-2.3106
22.16	-2.3105
22.17	-2.3105
22.18	-2.3106
22.18	-2.3104
22.18	-2.3104
22.18	-2.3103
22.18	-2.3102
22.19	-2.3101
22.19	-2.3101
22.20	-2.3100
22.20	-2.3100
22.20	-2.3099
22.20	-2.3099
22.20	-2.3099
22.20	-2.3098
22.20	-2.3098
22.21	-2.3097
22.21	-2.3095
22.22	-2.3094
22.22	-2.3094
22.22	-2.3094
22.23	-2.3090
22.23	-2.3094
22.23	-2.3093
22.23	-2.3090
22.23	-2.3089
22.23	-2.3091
22.23	-2.3090
22.24	-2.3087
22.24	-2.3088
22.24	-2.3086
22.25	-2.3087
22.25	-2.3087
22.25	-2.3086
22.25	-2.3085
22.25	-2.3084
22.25	-2.3084
22.26	-2.3084
22.26	-2.3082
22.27	-2.3082
22.27	-2.3084
22.27	-2.3080
22.28	-2.3081
22.28	-2.3081
22.28	-2.3081
22.28	-2.3083
22.29	-2.3078
22.29	-2.3081
22.29	-2.3078
22.29	-2.3077
22.29	-2.3077
22.30	-2.3078
22.30	-2.3077
22.30	-2.3076
22.30	-2.3076
22.30	-2.3076
22.31	-2.3072
22.31	-2.3075
22.31	-2.3074
22.32	-2.3073
22.32	-2.3072
22.32	-2.3073
22.32	-2.3072
22.33	-2.3072
22.33	-2.3070
22.33	-2.3070
22.33	-2.3069
22.34	-2.3068
22.34	-2.3069
22.34	-2.3066
22.34	-2.3066
22.34	-2.3066
22.34	-2.3065
22.34	-2.3065
22.35	-2.3064
22.35	-2.3064
22.35	-2.3063
22.35	-2.3063
22.36	-2.3063
22.37	-2.3062
22.37	-2.3061
22.37	-2.3061
22.37	-2.3061
22.37	-2.3060
22.37	-2.3058
22.38	-2.3061
22.38	-2.3059
22.38	-2.3059
22.39	-2.3059
22.39	-2.3059
22.39	-2.3057
22.39	-2.3057
22.40	-2.3056
22.40	-2.3058
22.40	-2.3056
22.41	-2.3056
22.41	-2.3056
22.41	-2.3056
22.42	-2.3054
22.42	-2.3054
22.42	-2.3055
22.43	-2.3055
22.43	-2.3053
22.43	-2.3055
22.44	-2.3053
22.44	-2.3052
22.44	-2.3055
22.44	-2.3054
22.44	-2.3052
22.45	-2.3053
22.45	-2.3054
22.45	-2.3051
22.45	-2.3053
22.45	-2.3051
22.45	-2.3051
22.45	-2.3051
22.45	-2.3053
22.46	-2.3051
22.46	-2.3051
22.47	-2.3053
22.47	-2.3051
22.47	-2.3051
22.47	-2.3051
22.48	-2.3051
22.48	-2.3051
22.48	-2.3050
22.48	-2.3049
22.48	-2.3049
22.48	-2.3049
22.49	-2.3048
22.49	-2.3049
22.49	-2.3047
22.50	-2.3049
22.50	-2.3046
22.50	-2.3047
22.50	-2.3046
22.51	-2.3044
22.51	-2.3045
22.51	-2.3045
22.51	-2.3044
22.52	-2.3043
22.52	-2.3043
22.53	-2.3042
22.53	-2.3043
22.53	-2.3040
22.53	-2.3039
22.53	-2.3038
22.53	-2.3039
22.53	-2.3038
22.54	-2.3038
22.54	-2.3038
22.54	-2.3037
22.55	-2.3037
22.55	-2.3035
22.55	-2.3035
22.55	-2.3035
22.55	-2.3032
22.55	-2.3036
22.56	-2.3032
22.56	-2.3032
22.56	-2.3032
22.57	-2.3031
22.57	-2.3034
22.57	-2.3032
22.57	-2.3030
22.57	-2.3032
22.57	-2.3028
22.58	-2.3029
22.58	-2.3027
22.59	-2.3028
22.59	-2.3029
22.59	-2.3026
22.59	-2.3026
22.60	-2.3025
22.60	-2.3027
22.60	-2.3027
22.60	-2.3027
22.61	-2.3026
22.61	-2.3027
22.61	-2.3024
22.61	-2.3024
22.62	-2.3026
22.62	-2.3022
22.62	-2.3027
22.62	-2.3023
22.62	-2.3023
22.63	-2.3025
22.63	-2.3022
22.63	-2.3022
22.64	-2.3021
22.64	-2.3021
22.64	-2.3022
22.64	-2.3024
22.64	-2.3021
22.64	-2.3023
22.65	-2.3019
22.65	-2.3018
22.65	-2.3020
22.65	-2.3020
22.66	-2.3018
22.66	-2.3017
22.67	-2.3018
22.67	-2.3018
22.67	-2.3018
22.67	-2.3018
22.68	-2.3016
22.68	-2.3017
22.69	-2.3017
22.69	-2.3019
22.69	-2.3021
22.69	-2.3017
22.69	-2.3020
22.70	-2.3018
22.70	-2.3018
22.70	-2.3019
22.70	-2.3018
22.70	-2.3018
22.70	-2.3018
22.71	-2.3015
22.71	-2.3015
22.71	-2.3014
22.72	-2.3014
22.72	-2.3016
22.72	-2.3013
22.73	-2.3013
22.73	-2.3013
22.73	-2.3012
22.73	-2.3013
22.74	-2.3010
22.74	-2.3011
22.75	-2.3011
22.75	-2.3011
22.75	-2.3010
22.75	-2.3009
22.75	-2.3008
22.75	-2.3009
22.76	-2.3007
22.76	-2.3008
22.76	-2.3007
22.77	-2.3007
22.77	-2.3007
22.77	-2.3005
22.77	-2.3008
22.78	-2.3007
22.78	-2.3006
22.78	-2.3005
22.78	-2.3006
22.78	-2.3007
22.78	-2.3004
22.78	-2.3004
22.79	-2.3004
22.79	-2.3004
22.79	-2.3003
22.79	-2.3005
22.80	-2.3002
22.80	-2.3001
22.81	-2.3001
22.81	-2.3001
22.81	-2.3003
22.81	-2.3001
22.81	-2.3002
22.81	-2.3001
22.82	-2.3001
22.82	-2.2999
22.82	-2.3000
22.82	-2.2999
22.83	-2.3001
22.83	-2.2998
22.84	-2.3000
22.84	-2.2998
22.84	-2.3000
22.84	-2.2999
22.84	-2.3000
22.84	-2.2998
22.84	-2.2999
22.84	-2.2999
22.85	-2.2999
22.85	-2.2999
22.86	-2.2998
22.86	-2.2999
22.86	-2.3000
22.87	-2.2998
22.87	-2.3000
22.87	-2.3001
22.88	-2.2999
22.88	-2.2998
22.88	-2.2999
22.88	-2.3001
22.88	-2.3000
22.88	-2.3000
22.89	-2.3000
22.89	-2.2999
22.89	-2.3001
22.90	-2.3001
22.90	-2.3001
22.90	-2.2999
22.90	-2.3001
22.91	-2.2996
22.91	-2.2999
22.91	-2.2998
22.92	-2.2998
22.92	-2.3001
22.92	-2.2998
22.93	-2.3000
22.93	-2.2998
22.93	-2.2997
22.93	-2.2998
22.93	-2.2996
22.93	-2.2998
22.94	-2.2996
22.94	-2.2997
22.94	-2.2998
22.95	-2.2998
22.95	-2.2995
22.95	-2.2997
22.95	-2.2995
22.95	-2.2997
22.95	-2.2995
22.96	-2.2996
22.96	-2.2998
22.97	-2.2995
22.97	-2.2996
22.97	-2.2996
22.98	-2.2997
22.98	-2.2996
22.98	-2.2995
22.98	-2.2997
22.98	-2.2996
22.98	-2.2997
22.99	-2.2995
22.99	-2.2996
22.99	-2.2995
23.00	-2.2994
23.00	-2.2996
23.00	-2.2995
23.00	-2.2995
23.00	-2.2994
23.00	-2.2995
23.01	-2.2993
23.01	-2.2995
23.02	-2.2995
23.02	-2.2995
23.02	-2.2994
23.02	-2.2994
23.02	-2.2993
23.03	-2.2995
23.03	-2.2994
23.03	-2.2995
23.03	-2.2993
23.04	-2.2994
23.04	-2.2992
23.04	-2.2992
23.04	-2.2992
23.05	-2.2991
23.05	-2.2990
23.05	-2.2991
23.05	-2.2990
23.06	-2.2987
23.05	-2.2988
23.06	-2.2990
23.06	-2.2988
23.07	-2.2989
23.07	-2.2988
23.07	-2.2989
23.07	-2.2987
23.08	-2.2987
23.08	-2.2988
23.08	-2.2985
23.09	-2.2986
23.09	-2.2986
23.09	-2.2986
23.09	-2.2986
23.09	-2.2985
23.09	-2.2986
23.10	-2.2985
23.10	-2.2986
23.10	-2.2986
23.10	-2.2984
23.10	-2.2983
23.10	-2.2983
23.11	-2.2982
23.12	-2.2982
23.12	-2.2983
23.12	-2.2982
23.13	-2.2979
23.13	-2.2980
23.13	-2.2979
23.13	-2.2979
23.13	-2.2977
23.13	-2.2978
23.14	-2.2977
23.14	-2.2978
23.14	-2.2976
23.15	-2.2977
23.15	-2.2976
23.15	-2.2976
23.15	-2.2976
23.15	-2.2975
23.15	-2.2975
23.16	-2.2974
23.16	-2.2977
23.17	-2.2971
23.17	-2.2973
23.17	-2.2974
23.17	-2.2971
23.18	-2.2970
23.18	-2.2970
23.18	-2.2970
23.19	-2.2969
23.19	-2.2969
23.19	-2.2968
23.19	-2.2968
23.19	-2.2968
23.20	-2.2970
23.20	-2.2968
23.20	-2.2968
23.20	-2.2968
23.21	-2.2969
23.21	-2.2969
23.21	-2.2969
23.21	-2.2967
23.22	-2.2966
23.22	-2.2968
23.22	-2.2968
23.23	-2.2969
23.23	-2.2968
23.23	-2.2965
23.23	-2.2967
23.24	-2.2966
23.24	-2.2967
23.25	-2.2966
23.25	-2.2964
23.25	-2.2963
23.25	-2.2966
23.25	-2.2966
23.25	-2.2966
23.25	-2.2966
23.26	-2.2966
23.26	-2.2966
23.26	-2.2964
23.26	-2.2965
23.27	-2.2964
23.27	-2.2961
23.27	-2.2963
23.28	-2.2963
23.28	-2.2964
23.28	-2.2960
23.28	-2.2963
23.29	-2.2963
23.29	-2.2962
23.30	-2.2959
23.30	-2.2961
23.30	-2.2962
23.30	-2.2962
23.30	-2.2963
23.30	-2.2962
23.30	-2.2961
23.30	-2.2962
23.31	-2.2960
23.31	-2.2960
23.32	-2.2959
23.32	-2.2959
23.32	-2.2958
23.32	-2.2959
23.32	-2.2959
23.32	-2.2956
23.33	-2.2959
23.33	-2.2957
23.34	-2.2958
23.34	-2.2957
23.34	-2.2956
23.34	-2.2957
23.34	-2.2958
23.34	-2.2956
23.35	-2.2956
23.35	-2.2957
23.35	-2.2956
23.35	-2.2955
23.35	-2.2955
23.36	-2.2956
23.36	-2.2957
23.36	-2.2958
23.37	-2.2956
23.37	-2.2957
23.38	-2.2959
23.38	-2.2956
23.38	-2.2957
23.38	-2.2956
23.38	-2.2955
23.38	-2.2955
23.39	-2.2955
23.39	-2.2954
23.39	-2.2954
23.40	-2.2954
23.40	-2.2952
23.40	-2.2953
23.40	-2.2954
23.41	-2.2953
23.41	-2.2954
23.41	-2.2953
23.41	-2.2952
23.42	-2.2951
23.42	-2.2950
23.42	-2.2951
23.42	-2.2951
23.42	-2.2954
23.43	-2.2953
23.43	-2.2951
23.43	-2.2952
23.43	-2.2950
23.43	-2.2953
23.44	-2.2953
23.44	-2.2951
23.44	-2.2952
23.44	-2.2949
23.45	-2.2952
23.45	-2.2951
23.45	-2.2953
23.45	-2.2951
23.45	-2.2951
23.46	-2.2949
23.46	-2.2951
23.47	-2.2953
23.48	-2.2951
23.48	-2.2951
23.48	-2.2951
23.48	-2.2951
23.48	-2.2950
23.48	-2.2950
23.48	-2.2949
23.48	-2.2952
23.49	-2.2948
23.49	-2.2951
23.50	-2.2948
23.50	-2.2949
23.50	-2.2948
23.50	-2.2948
23.50	-2.2947
23.51	-2.2948
23.50	-2.2948
23.50	-2.2947
23.51	-2.2948
23.51	-2.2946
23.52	-2.2948
23.52	-2.2945
23.52	-2.2945
23.53	-2.2945
23.53	-2.2944
23.53	-2.2945
23.53	-2.2943
23.53	-2.2944
23.54	-2.2945
23.54	-2.2943
23.54	-2.2942
23.55	-2.2941
23.55	-2.2942
23.55	-2.2941
23.55	-2.2942
23.56	-2.2940
23.56	-2.2941
23.56	-2.2942
23.56	-2.2942
23.56	-2.2941
23.57	-2.2941
23.57	-2.2941
23.57	-2.2940
23.57	-2.2940
23.57	-2.2941
23.57	-2.2941
23.58	-2.2941
23.58	-2.2940
23.58	-2.2941
23.59	-2.2939
23.59	-2.2941
23.59	-2.2938
23.59	-2.2939
23.60	-2.2940
23.60	-2.2940
23.60	-2.2938
23.60	-2.2938
23.61	-2.2939
23.61	-2.2940
23.61	-2.2938
23.62	-2.2938
23.62	-2.2937
23.62	-2.2938
23.63	-2.2936
23.63	-2.2937
23.63	-2.2936
23.63	-2.2936
23.64	-2.2937
23.64	-2.2936
23.64	-2.2937
23.64	-2.2936
23.64	-2.2938
23.65	-2.2936
23.65	-2.2938
23.65	-2.2938
23.65	-2.2937
23.65	-2.2937
23.66	-2.2936
23.66	-2.2936
23.67	-2.2937
23.67	-2.2937
23.67	-2.2936
23.67	-2.2937
23.68	-2.2935
23.68	-2.2938
23.68	-2.2936
23.68	-2.2935
23.68	-2.2935
23.68	-2.2935
23.69	-2.2936
23.69	-2.2936
23.69	-2.2935
23.70	-2.2936
23.70	-2.2938
23.70	-2.2937
23.70	-2.2935
23.70	-2.2933
23.71	-2.2936
23.71	-2.2936
23.71	-2.2937
23.72	-2.2936
23.72	-2.2936
23.73	-2.2935
23.73	-2.2934
23.73	-2.2936
23.73	-2.2937
23.73	-2.2935
23.74	-2.2936
23.74	-2.2936
23.74	-2.2935
23.74	-2.2936
23.74	-2.2935
23.75	-2.2934
23.75	-2.2934
23.75	-2.2937
23.75	-2.2937
23.76	-2.2938
23.76	-2.2935
23.76	-2.2936
23.77	-2.2935
23.77	-2.2935
23.78	-2.2934
23.78	-2.2936
23.78	-2.2936
23.78	-2.2934
23.78	-2.2935
23.78	-2.2934
23.78	-2.2935
23.79	-2.2936
23.79	-2.2935
23.79	-2.2934
23.80	-2.2935
23.80	-2.2933
23.80	-2.2933
23.80	-2.2934
23.80	-2.2936
23.80	-2.2933
23.80	-2.2935
23.81	-2.2934
23.81	-2.2933
23.81	-2.2933
23.81	-2.2933
23.82	-2.2935
23.83	-2.2932
23.83	-2.2936
23.83	-2.2933
23.84	-2.2933
23.83	-2.2934
23.84	-2.2933
23.84	-2.2934
23.84	-2.2934
23.84	-2.2935
23.85	-2.2934
23.85	-2.2933
23.85	-2.2934
23.86	-2.2934
23.86	-2.2935
23.86	-2.2935
23.86	-2.2934
23.86	-2.2933
23.87	-2.2935
23.87	-2.2935
23.87	-2.2934
23.87	-2.2935
23.87	-2.2936
23.87	-2.2936
23.88	-2.2935
23.88	-2.2937
23.88	-2.2935
23.89	-2.2937
23.89	-2.2937
23.89	-2.2938
23.90	-2.2937
23.90	-2.2937
23.90	-2.2936
23.90	-2.2939
23.90	-2.2939
23.91	-2.2937
23.91	-2.2939
23.92	-2.2938
23.92	-2.2940
23.92	-2.2939
23.92	-2.2939
23.92	-2.2938
23.93	-2.2939
23.93	-2.2939
23.93	-2.2937
23.93	-2.2941
23.93	-2.2939
23.94	-2.2940
23.94	-2.2940
23.95	-2.2941
23.95	-2.2939
23.95	-2.2938
23.95	-2.2941
23.95	-2.2940
23.95	-2.2940
23.96	-2.2941
23.96	-2.2941
23.97	-2.2941
23.97	-2.2941
23.97	-2.2941
23.97	-2.2940
23.97	-2.2941
23.98	-2.2941
23.98	-2.2940
23.98	-2.2941
23.98	-2.2941
23.99	-2.2941
23.99	-2.2943
23.99	-2.2943
24.00	-2.2942
24.00	-2.2943
24.00	-2.2942
24.00	-2.2945
24.01	-2.2943
24.01	-2.2942
24.01	-2.2943
24.01	-2.2943
24.01	-2.2943
24.01	-2.2942
24.01	-2.2943
24.02	-2.2943
24.02	-2.2942
24.03	-2.2943
24.03	-2.2942
24.03	-2.2942
24.03	-2.2944
24.04	-2.2946
24.04	-2.2941
24.04	-2.2943
24.05	-2.2942
24.05	-2.2943
24.05	-2.2943
24.05	-2.2942
24.05	-2.2942
24.05	-2.2945
24.06	-2.2942
24.06	-2.2944
24.06	-2.2942
24.07	-2.2944
24.07	-2.2944
24.07	-2.2943
24.07	-2.2943
24.08	-2.2945
24.08	-2.2943
24.08	-2.2944
24.08	-2.2943
24.09	-2.2944
24.09	-2.2945
24.09	-2.2946
24.09	-2.2948
24.09	-2.2947
24.10	-2.2947
24.10	-2.2947
24.10	-2.2947
24.10	-2.2948
24.11	-2.2948
24.11	-2.2948
24.11	-2.2948
24.11	-2.2947
24.11	-2.2950
24.12	-2.2949
24.12	-2.2949
24.13	-2.2949
24.13	-2.2948
24.13	-2.2948
24.13	-2.2947
24.13	-2.2949
24.14	-2.2949
24.14	-2.2947
24.14	-2.2947
24.15	-2.2946
24.15	-2.2947
24.15	-2.2945
24.15	-2.2948
24.15	-2.2945
24.15	-2.2945
24.16	-2.2947
24.16	-2.2945
24.16	-2.2946
24.17	-2.2945
24.17	-2.2944
24.17	-2.2945
24.18	-2.2944
24.18	-2.2944
24.18	-2.2945
24.18	-2.2947
24.18	-2.2945
24.19	-2.2943
24.19	-2.2944
24.19	-2.2943
24.19	-2.2945
24.20	-2.2942
24.20	-2.2944
24.20	-2.2941
24.20	-2.2943
24.21	-2.2942
24.21	-2.2943
24.21	-2.2942
24.22	-2.2942
24.22	-2.2943
24.22	-2.2943
24.22	-2.2942
24.23	-2.2944
24.23	-2.2943
24.23	-2.2944
24.24	-2.2943
24.24	-2.2944
24.24	-2.2943
24.24	-2.2944
24.25	-2.2944
24.25	-2.2945
24.25	-2.2943
24.25	-2.2943
24.25	-2.2944
24.25	-2.2944
24.26	-2.2943
24.26	-2.2946
24.26	-2.2945
24.27	-2.2945
24.28	-2.2946
24.27	-2.2945
24.28	-2.2946
24.28	-2.2946
24.28	-2.2948
24.28	-2.2946
24.28	-2.2948
24.29	-2.2944
24.29	-2.2945
24.29	-2.2945
24.29	-2.2945
24.30	-2.2947
24.30	-2.2948
24.30	-2.2946
24.30	-2.2947
24.31	-2.2946
24.31	-2.2948
24.31	-2.2948
24.31	-2.2947
24.32	-2.2949
24.32	-2.2949
24.32	-2.2949
24.32	-2.2949
24.32	-2.2951
24.32	-2.2952
24.32	-2.2950
24.32	-2.2950
24.33	-2.2953
24.33	-2.2952
24.33	-2.2954
24.34	-2.2954
24.34	-2.2953
24.34	-2.2955
24.34	-2.2954
24.35	-2.2954
24.35	-2.2955
24.35	-2.2955
24.36	-2.2955
24.36	-2.2956
24.36	-2.2958
24.37	-2.2957
24.37	-2.2954
24.37	-2.2958
24.38	-2.2956
24.38	-2.2959
24.38	-2.2957
24.38	-2.2960
24.38	-2.2959
24.38	-2.2960
24.39	-2.2961
24.39	-2.2960
24.40	-2.2961
24.40	-2.2960
24.40	-2.2961
24.40	-2.2962
24.40	-2.2961
24.40	-2.2962
24.40	-2.2961
24.41	-2.2962
24.41	-2.2962
24.41	-2.2963
24.42	-2.2961
24.42	-2.2962
24.42	-2.2963
24.42	-2.2964
24.43	-2.2962
24.43	-2.2963
24.43	-2.2964
24.43	-2.2965
24.44	-2.2962
24.44	-2.2965
24.44	-2.2965
24.45	-2.2964
24.45	-2.2965
24.45	-2.2961
24.45	-2.2964
24.45	-2.2964
24.46	-2.2964
24.46	-2.2964
24.46	-2.2965
24.46	-2.2963
24.47	-2.2964
24.47	-2.2963
24.47	-2.2963
24.48	-2.2964
24.48	-2.2964
24.48	-2.2962
24.48	-2.2964
24.49	-2.2965
24.49	-2.2965
24.49	-2.2964
24.49	-2.2965
24.50	-2.2962
24.49	-2.2963
24.50	-2.2966
24.50	-2.2963
24.50	-2.2963
24.51	-2.2964
24.51	-2.2965
24.51	-2.2965
24.52	-2.2964
24.52	-2.2967
24.52	-2.2967
24.52	-2.2964
24.52	-2.2968
24.52	-2.2964
24.52	-2.2966
24.53	-2.2967
24.53	-2.2965
24.53	-2.2967
24.54	-2.2966
24.55	-2.2966
24.55	-2.2967
24.55	-2.2965
24.55	-2.2966
24.56	-2.2964
24.56	-2.2966
24.56	-2.2965
24.56	-2.2966
24.57	-2.2966
24.57	-2.2966
24.57	-2.2965
24.57	-2.2966
24.57	-2.2965
24.57	-2.2964
24.57	-2.2964
24.58	-2.2966
24.58	-2.2965
24.58	-2.2966
24.58	-2.2964
24.58	-2.2964
24.59	-2.2965
24.59	-2.2965
24.59	-2.2963
24.60	-2.2963
24.60	-2.2962
24.61	-2.2963
24.61	-2.2963
24.61	-2.2961
24.61	-2.2961
24.62	-2.2962
24.62	-2.2962
24.62	-2.2960
24.62	-2.2960
24.63	-2.2962
24.63	-2.2959
24.63	-2.2960
24.63	-2.2959
24.63	-2.2959
24.64	-2.2960
24.64	-2.2960
24.64	-2.2961
24.64	-2.2959
24.65	-2.2959
24.65	-2.2959
24.65	-2.2958
24.65	-2.2961
24.65	-2.2959
24.66	-2.2960
24.66	-2.2959
24.67	-2.2959
24.67	-2.2959
24.67	-2.2958
24.67	-2.2958
24.67	-2.2958
24.68	-2.2956
24.68	-2.2957
24.68	-2.2957
24.68	-2.2956
24.69	-2.2958
24.69	-2.2957
24.69	-2.2959
24.69	-2.2957
24.69	-2.2957
24.70	-2.2958
24.70	-2.2958
24.70	-2.2957
24.70	-2.2959
24.71	-2.2958
24.71	-2.2955
24.71	-2.2959
24.71	-2.2957
24.71	-2.2958
24.72	-2.2958
24.72	-2.2959
24.72	-2.2957
24.73	-2.2958
24.73	-2.2957
24.73	-2.2956
24.73	-2.2956
24.73	-2.2957
24.74	-2.2957
24.74	-2.2956
24.75	-2.2957
24.75	-2.2957
24.75	-2.2955
24.75	-2.2955
24.75	-2.2955
24.75	-2.2956
24.76	-2.2956
24.76	-2.2956
24.77	-2.2957
24.77	-2.2955
24.77	-2.2955
24.78	-2.2955
24.78	-2.2955
24.78	-2.2956
24.78	-2.2954
24.79	-2.2955
24.79	-2.2955
24.79	-2.2955
24.80	-2.2953
24.80	-2.2955
24.80	-2.2954
24.80	-2.2954
24.80	-2.2955
24.80	-2.2956
24.81	-2.2955
24.81	-2.2956
24.81	-2.2955
24.82	-2.2955
24.82	-2.2954
24.82	-2.2954
24.82	-2.2953
24.82	-2.2951
24.82	-2.2953
24.83	-2.2953
24.83	-2.2953
24.84	-2.2953
24.84	-2.2951
24.84	-2.2953
24.84	-2.2952
24.84	-2.2953
24.84	-2.2952
24.85	-2.2955
24.85	-2.2952
24.85	-2.2953
24.86	-2.2952
24.86	-2.2954
24.86	-2.2951
24.86	-2.2952
24.87	-2.2952
24.87	-2.2951
24.87	-2.2949
24.88	-2.2950
24.88	-2.2950
24.88	-2.2952
24.88	-2.2952
24.88	-2.2952
24.89	-2.2951
24.89	-2.2951
24.89	-2.2953
24.89	-2.2952
24.90	-2.2953
24.90	-2.2952
24.90	-2.2952
24.90	-2.2951
24.90	-2.2950
24.91	-2.2951
24.91	-2.2951
24.92	-2.2948
24.92	-2.2950
24.92	-2.2951
24.92	-2.2951
24.93	-2.2950
24.93	-2.2952
24.93	-2.2950
24.93	-2.2953
24.93	-2.2950
24.93	-2.2950
24.94	-2.2952
24.94	-2.2951
24.94	-2.2951
24.94	-2.2952
24.95	-2.2950
24.95	-2.2949
24.95	-2.2953
24.95	-2.2951
24.95	-2.2953
24.96	-2.2951
24.96	-2.2952
24.96	-2.2953
24.97	-2.2950
24.98	-2.2951
24.98	-2.2952
24.98	-2.2952
24.98	-2.2951
24.98	-2.2950
24.98	-2.2951
24.99	-2.2952
24.99	-2.2952
24.99	-2.2952
25.00	-2.2950
25.00	-2.2951
25.00	-2.2951
25.00	-2.2952
25.00	-2.2951
25.00	-2.2950
25.01	-2.2952
25.01	-2.2951
25.01	-2.2951
25.01	-2.2952
25.01	-2.2952
25.02	-2.2951
25.02	-2.2952
25.03	-2.2950
25.03	-2.2951
25.03	-2.2951
25.03	-2.2951
25.03	-2.2952
25.03	-2.2951
25.03	-2.2949
25.04	-2.2950
25.04	-2.2951
25.04	-2.2950
25.04	-2.2951
25.05	-2.2951
25.05	-2.2951
25.05	-2.2951
25.06	-2.2949
25.06	-2.2952
25.06	-2.2949
25.07	-2.2950
25.07	-2.2950
25.07	-2.2950
25.08	-2.2951
25.08	-2.2951
25.08	-2.2951
25.08	-2.2950
25.08	-2.2951
25.09	-2.2951
25.09	-2.2952
25.10	-2.2951
25.10	-2.2951
25.10	-2.2953
25.11	-2.2952
25.11	-2.2951
25.11	-2.2953
25.11	-2.2951
25.12	-2.2951
25.12	-2.2954
25.12	-2.2951
25.13	-2.2952
25.13	-2.2952
25.13	-2.2955
25.13	-2.2951
25.13	-2.2951
25.13	-2.2950
25.13	-2.2950
25.14	-2.2950
25.14	-2.2950
25.14	-2.2951
25.15	-2.2951
25.15	-2.2950
25.15	-2.2950
25.15	-2.2953
25.15	-2.2950
25.16	-2.2950
25.16	-2.2949
25.16	-2.2949
25.16	-2.2950
25.17	-2.2947
25.17	-2.2949
25.17	-2.2952
25.18	-2.2948
25.18	-2.2948
25.18	-2.2952
25.18	-2.2953
25.18	-2.2951
25.19	-2.2950
25.19	-2.2951
25.19	-2.2950
25.20	-2.2952
25.20	-2.2951
25.20	-2.2952
25.20	-2.2950
25.20	-2.2953
25.20	-2.2951
25.20	-2.2952
25.21	-2.2953
25.21	-2.2952
25.21	-2.2952
25.21	-2.2951
25.22	-2.2952
25.22	-2.2951
25.22	-2.2952
25.22	-2.2953
25.23	-2.2954
25.23	-2.2954
25.23	-2.2955
25.23	-2.2955
25.23	-2.2954
25.24	-2.2954
25.25	-2.2954
25.25	-2.2954
25.25	-2.2955
25.25	-2.2955
25.25	-2.2955
25.25	-2.2956
25.26	-2.2955
25.26	-2.2954
25.26	-2.2956
25.27	-2.2955
25.27	-2.2956
25.27	-2.2954
25.28	-2.2957
25.28	-2.2954
25.28	-2.2956
25.28	-2.2955
25.28	-2.2955
25.28	-2.2954
25.28	-2.2954
25.29	-2.2954
25.29	-2.2956
25.29	-2.2955
25.30	-2.2955
25.30	-2.2955
25.30	-2.2957
25.30	-2.2957
25.31	-2.2958
25.31	-2.2956
25.31	-2.2957
25.31	-2.2958
25.32	-2.2957
25.32	-2.2955
25.32	-2.2958
25.32	-2.2959
25.32	-2.2957
25.32	-2.2959
25.33	-2.2958
25.33	-2.2958
25.34	-2.2959
25.34	-2.2958
25.34	-2.2958
25.34	-2.2961
25.34	-2.2957
25.34	-2.2958
25.35	-2.2959
25.35	-2.2960
25.35	-2.2960
25.36	-2.2960
25.36	-2.2958
25.37	-2.2961
25.37	-2.2959
25.37	-2.2960
25.37	-2.2960
25.38	-2.2961
25.38	-2.2961
25.38	-2.2959
25.38	-2.2962
25.38	-2.2963
25.39	-2.2960
25.39	-2.2961
25.39	-2.2961
25.39	-2.2962
25.40	-2.2962
25.40	-2.2963
25.40	-2.2962
25.41	-2.2961
25.41	-2.2963
25.41	-2.2963
25.41	-2.2964
25.42	-2.2963
25.42	-2.2963
25.42	-2.2963
25.42	-2.2963
25.43	-2.2965
25.43	-2.2965
25.43	-2.2965
25.44	-2.2965
25.44	-2.2963
25.44	-2.2963
25.44	-2.2963
25.44	-2.2965
25.44	-2.2964
25.45	-2.2966
25.45	-2.2964
25.45	-2.2966
25.45	-2.2966
25.46	-2.2967
25.46	-2.2966
25.46	-2.2966
25.47	-2.2966
25.47	-2.2968
25.47	-2.2968
25.48	-2.2968
25.48	-2.2969
25.48	-2.2967
25.48	-2.2969
25.48	-2.2969
25.49	-2.2970
25.49	-2.2971
25.49	-2.2973
25.49	-2.2971
25.49	-2.2972
25.50	-2.2971
25.50	-2.2976
25.50	-2.2972
25.50	-2.2972
25.51	-2.2972
25.51	-2.2973
25.51	-2.2975
25.51	-2.2975
25.52	-2.2974
25.52	-2.2974
25.52	-2.2974
25.52	-2.2972
25.53	-2.2974
25.53	-2.2973
25.53	-2.2976
25.53	-2.2976
25.53	-2.2976
25.54	-2.2976
25.54	-2.2977
25.54	-2.2979
25.54	-2.2977
25.55	-2.2976
25.55	-2.2978
25.55	-2.2979
25.55	-2.2979
25.56	-2.2978
25.56	-2.2980
25.57	-2.2978
25.57	-2.2977
25.57	-2.2980
25.57	-2.2979
25.57	-2.2979
25.57	-2.2981
25.58	-2.2978
25.58	-2.2977
25.59	-2.2980
25.59	-2.2981
25.59	-2.2979
25.59	-2.2980
25.59	-2.2977
25.59	-2.2980
25.60	-2.2977
25.60	-2.2978
25.61	-2.2977
25.61	-2.2977
25.61	-2.2977
25.61	-2.2974
25.61	-2.2975
25.61	-2.2975
25.61	-2.2977
25.61	-2.2978
25.62	-2.2975
25.63	-2.2975
25.63	-2.2974
25.63	-2.2974
25.64	-2.2973
25.64	-2.2974
25.64	-2.2973
25.65	-2.2973
25.65	-2.2973
25.65	-2.2972
25.65	-2.2971
25.65	-2.2972
25.65	-2.2972
25.66	-2.2971
25.66	-2.2971
25.66	-2.2972
25.66	-2.2971
25.67	-2.2971
25.67	-2.2971
25.67	-2.2971
25.68	-2.2973
25.68	-2.2971
25.68	-2.2972
25.68	-2.2973
25.68	-2.2973
25.69	-2.2972
25.69	-2.2972
25.70	-2.2973
25.70	-2.2974
25.70	-2.2973
25.70	-2.2972
25.70	-2.2975
25.70	-2.2974
25.70	-2.2974
25.71	-2.2973
25.71	-2.2975
25.71	-2.2974
25.72	-2.2976
25.72	-2.2973
25.72	-2.2974
25.73	-2.2975
25.73	-2.2975
25.73	-2.2972
25.73	-2.2974
25.73	-2.2975
25.73	-2.2975
25.74	-2.2972
25.74	-2.2977
25.75	-2.2976
25.75	-2.2974
25.75	-2.2975
25.75	-2.2976
25.76	-2.2976
25.76	-2.2977
25.76	-2.2979
25.76	-2.2978
25.76	-2.2980
25.77	-2.2980
25.77	-2.2978
25.78	-2.2979
25.78	-2.2980
25.78	-2.2980
25.78	-2.2981
25.78	-2.2984
25.79	-2.2982
25.79	-2.2983
25.79	-2.2985
25.79	-2.2986
25.80	-2.2987
25.80	-2.2987
25.80	-2.2987
25.80	-2.2987
25.81	-2.2988
25.81	-2.2990
25.80	-2.2988
25.81	-2.2990
25.82	-2.2989
25.82	-2.2988
25.82	-2.2990
25.82	-2.2990
25.82	-2.2993
25.82	-2.2991
25.82	-2.2992
25.83	-2.2992
25.83	-2.2994
25.84	-2.2993
25.84	-2.2993
25.84	-2.2995
25.84	-2.2994
25.85	-2.2995
25.84	-2.2994
25.85	-2.2994
25.85	-2.2995
25.86	-2.2996
25.85	-2.2996
25.85	-2.2996
25.86	-2.2996
25.86	-2.3000
25.86	-2.2998
25.87	-2.3001
25.87	-2.3001
25.88	-2.3000
25.88	-2.3001
25.88	-2.3002
25.88	-2.3001
25.89	-2.3004
25.89	-2.3005
25.89	-2.3004
25.90	-2.3004
25.90	-2.3004
25.90	-2.3005
25.90	-2.3004
25.90	-2.3006
25.90	-2.3006
25.90	-2.3004
25.91	-2.3005
25.91	-2.3004
25.92	-2.3005
25.92	-2.3006
25.92	-2.3008
25.93	-2.3007
25.93	-2.3007
25.93	-2.3007
25.93	-2.3008
25.93	-2.3008
25.93	-2.3008
25.94	-2.3009
25.94	-2.3010
25.95	-2.3009
25.95	-2.3011
25.95	-2.3009
25.95	-2.3011
25.96	-2.3009
25.96	-2.3010
25.96	-2.3011
25.96	-2.3010
25.97	-2.3011
25.97	-2.3011
25.97	-2.3010
25.98	-2.3010
25.98	-2.3010
25.98	-2.3011
25.98	-2.3011
25.98	-2.3010
25.98	-2.3009
25.98	-2.3009
25.99	-2.3009
25.99	-2.3009
25.99	-2.3011
25.99	-2.3010
26.00	-2.3008
26.00	-2.3011
26.00	-2.3010
26.01	-2.3010
26.01	-2.3012
26.01	-2.3011
26.02	-2.3009
26.02	-2.3009
26.03	-2.3011
26.03	-2.3008
26.03	-2.3010
26.03	-2.3010
26.03	-2.3010
26.03	-2.3009
26.03	-2.3010
26.03	-2.3010
26.04	-2.3009
26.04	-2.3009
26.04	-2.3008
26.05	-2.3009
26.05	-2.3007
26.05	-2.3009
26.05	-2.3010
26.05	-2.3009
26.06	-2.3007
26.06	-2.3010
26.06	-2.3009
26.07	-2.3008
26.07	-2.3008
26.07	-2.3008
26.07	-2.3007
26.07	-2.3008
26.08	-2.3009
26.08	-2.3008
26.08	-2.3008
26.08	-2.3008
26.09	-2.3010
26.09	-2.3008
26.09	-2.3007
26.09	-2.3007
26.09	-2.3008
26.09	-2.3007
26.10	-2.3007
26.10	-2.3006
26.11	-2.3006
26.10	-2.3008
26.10	-2.3007
26.11	-2.3007
26.11	-2.3009
26.11	-2.3007
26.12	-2.3007
26.12	-2.3005
26.13	-2.3007
26.13	-2.3007
26.13	-2.3007
26.13	-2.3006
26.14	-2.3006
26.14	-2.3003
26.14	-2.3004
26.14	-2.3006
26.15	-2.3005
26.15	-2.3005
26.15	-2.3006
26.15	-2.3007
26.15	-2.3006
26.15	-2.3007
26.16	-2.3006
26.17	-2.3006
26.17	-2.3006
26.17	-2.3005
26.17	-2.3007
26.18	-2.3005
26.18	-2.3005
26.18	-2.3004
26.18	-2.3005
26.18	-2.3005
26.19	-2.3006
26.19	-2.3006
26.19	-2.3005
26.20	-2.3003
26.20	-2.3005
26.20	-2.3002
26.20	-2.3004
26.20	-2.3004
26.20	-2.3002
26.20	-2.3000
26.20	-2.3004
26.21	-2.3003
26.21	-2.3001
26.22	-2.3002
26.22	-2.3002
26.22	-2.3003
26.23	-2.3002
26.22	-2.3001
26.22	-2.3002
26.23	-2.3001
26.23	-2.3002
26.23	-2.3002
26.24	-2.3002
26.24	-2.2999
26.24	-2.3002
26.25	-2.3002
26.25	-2.3001
26.25	-2.3002
26.25	-2.3000
26.26	-2.3002
26.26	-2.3000
26.27	-2.3000
26.26	-2.3001
26.27	-2.3003
26.27	-2.3001
26.27	-2.3001
26.28	-2.3002
26.28	-2.3001
26.28	-2.3002
26.28	-2.3000
26.28	-2.3001
26.29	-2.3001
26.29	-2.3003
26.29	-2.3001
26.29	-2.3002
26.29	-2.3001
26.30	-2.3002
26.30	-2.3000
26.30	-2.3002
26.30	-2.3002
26.30	-2.3002
26.31	-2.3003
26.31	-2.3003
26.32	-2.3004
26.32	-2.3004
26.32	-2.3004
26.32	-2.3004
26.32	-2.3003
26.33	-2.3003
26.33	-2.3004
26.34	-2.3002
26.34	-2.3005
26.34	-2.3004
26.34	-2.3004
26.34	-2.3004
26.35	-2.3004
26.35	-2.3007
26.35	-2.3004
26.36	-2.3007
26.35	-2.3006
26.36	-2.3007
26.36	-2.3007
26.36	-2.3008
26.37	-2.3006
26.37	-2.3008
26.37	-2.3006
26.38	-2.3007
26.38	-2.3008
26.38	-2.3010
26.38	-2.3010
26.39	-2.3009
26.39	-2.3007
26.39	-2.3011
26.40	-2.3011
26.40	-2.3010
26.40	-2.3010
26.40	-2.3012
26.40	-2.3010
26.40	-2.3013
26.40	-2.3012
26.40	-2.3013
26.41	-2.3015
26.41	-2.3014
26.42	-2.3013
26.42	-2.3015
26.42	-2.3014
26.42	-2.3016
26.43	-2.3015
26.43	-2.3015
26.43	-2.3017
26.43	-2.3017
26.44	-2.3015
26.44	-2.3015
26.44	-2.3017
26.44	-2.3020
26.45	-2.3019
26.45	-2.3020
26.45	-2.3019
26.45	-2.3022
26.45	-2.3019
26.46	-2.3020
26.46	-2.3021
26.46	-2.3021
26.47	-2.3021
26.47	-2.3022
26.47	-2.3022
26.48	-2.3022
26.48	-2.3024
26.49	-2.3023
26.49	-2.3024
26.49	-2.3024
26.49	-2.3024
26.50	-2.3022
26.50	-2.3024
26.50	-2.3024
26.50	-2.3023
26.50	-2.3024
26.50	-2.3024
26.50	-2.3026
26.50	-2.3025
26.51	-2.3025
26.51	-2.3025
26.52	-2.3026
26.52	-2.3025
26.52	-2.3026
26.52	-2.3025
26.52	-2.3026
26.52	-2.3025
26.53	-2.3026
26.53	-2.3025
26.53	-2.3026
26.53	-2.3026
26.54	-2.3025
26.54	-2.3023
26.54	-2.3027
26.55	-2.3023
26.55	-2.3026
26.55	-2.3024
26.55	-2.3028
26.56	-2.3027
26.56	-2.3026
26.57	-2.3026
26.57	-2.3027
26.57	-2.3026
26.57	-2.3026
26.57	-2.3027
26.57	-2.3028
26.58	-2.3026
26.58	-2.3027
26.58	-2.3027
26.58	-2.3029
26.59	-2.3028
26.59	-2.3031
26.59	-2.3030
26.59	-2.3031
26.59	-2.3030
26.60	-2.3032
26.60	-2.3031
26.61	-2.3033
26.61	-2.3030
26.61	-2.3033
26.61	-2.3031
26.61	-2.3031
26.62	-2.3032
26.62	-2.3033
26.62	-2.3031
26.62	-2.3032
26.62	-2.3032
26.63	-2.3032
26.63	-2.3037
26.63	-2.3032
26.63	-2.3033
26.64	-2.3035
26.64	-2.3032
26.65	-2.3035
26.65	-2.3035
26.65	-2.3036
26.65	-2.3036
26.65	-2.3036
26.66	-2.3036
26.66	-2.3035
26.66	-2.3036
26.66	-2.3038
26.67	-2.3036
26.67	-2.3036
26.67	-2.3036
26.67	-2.3036
26.68	-2.3037
26.68	-2.3036
26.68	-2.3037
26.68	-2.3036
26.68	-2.3036
26.69	-2.3035
26.69	-2.3034
26.69	-2.3037
26.70	-2.3037
26.70	-2.3037
26.70	-2.3036
26.70	-2.3036
26.70	-2.3037
26.70	-2.3035
26.71	-2.3038
26.71	-2.3037
26.71	-2.3037
26.72	-2.3036
26.72	-2.3036
26.72	-2.3036
26.73	-2.3037
26.73	-2.3036
26.73	-2.3036
26.74	-2.3035
26.74	-2.3036
26.74	-2.3039
26.74	-2.3036
26.74	-2.3035
26.75	-2.3037
26.75	-2.3037
26.75	-2.3036
26.75	-2.3035
26.76	-2.3036
26.76	-2.3036
26.76	-2.3037
26.76	-2.3036
26.76	-2.3036
26.77	-2.3037
26.77	-2.3037
26.78	-2.3038
26.78	-2.3038
26.78	-2.3039
26.78	-2.3038
26.78	-2.3038
26.79	-2.3038
26.79	-2.3038
26.79	-2.3038
26.80	-2.3038
26.80	-2.3039
26.80	-2.3039
26.80	-2.3039
26.80	-2.3039
26.80	-2.3039
26.81	-2.3040
26.81	-2.3038
26.81	-2.3039
26.82	-2.3040
26.82	-2.3039
26.82	-2.3038
26.82	-2.3039
26.83	-2.3040
26.83	-2.3040
26.84	-2.3040
26.84	-2.3040
26.84	-2.3042
26.84	-2.3038
26.84	-2.3040
26.84	-2.3040
26.85	-2.3039
26.85	-2.3040
26.85	-2.3041
26.85	-2.3041
26.86	-2.3042
26.86	-2.3042
26.86	-2.3041
26.86	-2.3043
26.86	-2.3042
26.86	-2.3042
26.87	-2.3042
26.88	-2.3043
26.88	-2.3043
26.88	-2.3044
26.88	-2.3044
26.89	-2.3044
26.89	-2.3044
26.89	-2.3043
26.90	-2.3045
26.90	-2.3043
26.90	-2.3044
26.90	-2.3044
26.90	-2.3047
26.90	-2.3045
26.90	-2.3046
26.91	-2.3046
26.91	-2.3044
26.92	-2.3046
26.92	-2.3046
26.92	-2.3046
26.93	-2.3045
26.93	-2.3045
26.93	-2.3045
26.93	-2.3048
26.93	-2.3046
26.93	-2.3047
26.93	-2.3047
26.94	-2.3048
26.94	-2.3048
26.95	-2.3048
26.95	-2.3050
26.95	-2.3049
26.95	-2.3050
26.95	-2.3052
26.96	-2.3051
26.96	-2.3051
26.96	-2.3051
26.96	-2.3052
26.96	-2.3053
26.97	-2.3051
26.97	-2.3053
26.97	-2.3052
26.98	-2.3052
26.98	-2.3053
26.98	-2.3053
26.98	-2.3052
26.99	-2.3055
26.99	-2.3055
26.99	-2.3054
26.99	-2.3057
27.00	-2.3055
27.00	-2.3058
27.00	-2.3057
27.00	-2.3058
27.00	-2.3058
27.00	-2.3060
27.00	-2.3058
27.00	-2.3060
27.01	-2.3061
27.01	-2.3060
27.01	-2.3061
27.02	-2.3059
27.02	-2.3061
27.02	-2.3061
27.03	-2.3062
27.03	-2.3063
27.03	-2.3062
27.03	-2.3062
27.04	-2.3062
27.04	-2.3063
27.04	-2.3064
27.04	-2.3063
27.05	-2.3062
27.05	-2.3063
27.05	-2.3063
27.05	-2.3062
27.06	-2.3065
27.06	-2.3062
27.06	-2.3063
27.07	-2.3065
27.07	-2.3062
27.07	-2.3062
27.07	-2.3062
27.07	-2.3062
27.07	-2.3063
27.07	-2.3063
27.08	-2.3063
27.08	-2.3062
27.09	-2.3062
27.09	-2.3061
27.09	-2.3062
27.09	-2.3062
27.10	-2.3059
27.10	-2.3061
27.10	-2.3062
27.10	-2.3060
27.11	-2.3062
27.11	-2.3062
27.11	-2.3059
27.11	-2.3061
27.12	-2.3059
27.12	-2.3060
27.12	-2.3061
27.13	-2.3061
27.13	-2.3059
27.13	-2.3061
27.13	-2.3059
27.14	-2.3061
27.14	-2.3062
27.14	-2.3062
27.15	-2.3062
27.15	-2.3062
27.15	-2.3064
27.15	-2.3063
27.15	-2.3064
27.16	-2.3064
27.16	-2.3063
27.16	-2.3066
27.16	-2.3066
27.17	-2.3064
27.17	-2.3069
27.17	-2.3066
27.17	-2.3070
27.17	-2.3068
27.18	-2.3069
27.18	-2.3069
27.18	-2.3069
27.19	-2.3070
27.19	-2.3071
27.19	-2.3071
27.20	-2.3072
27.20	-2.3072
27.20	-2.3074
27.20	-2.3074
27.20	-2.3076
27.20	-2.3074
27.21	-2.3075
27.21	-2.3074
27.21	-2.3075
27.22	-2.3078
27.22	-2.3078
27.22	-2.3078
27.23	-2.3077
27.23	-2.3077
27.23	-2.3079
27.23	-2.3079
27.23	-2.3080
27.23	-2.3079
27.24	-2.3081
27.24	-2.3082
27.25	-2.3080
27.25	-2.3080
27.25	-2.3083
27.25	-2.3082
27.25	-2.3084
27.25	-2.3082
27.25	-2.3085
27.26	-2.3084
27.26	-2.3087
27.26	-2.3085
27.26	-2.3087
27.27	-2.3088
27.28	-2.3087
27.28	-2.3087
27.28	-2.3087
27.28	-2.3088
27.28	-2.3088
27.29	-2.3089
27.29	-2.3088
27.29	-2.3090
27.29	-2.3090
27.29	-2.3089
27.30	-2.3090
27.30	-2.3090
27.30	-2.3089
27.30	-2.3091
27.31	-2.3092
27.31	-2.3091
27.31	-2.3088
27.31	-2.3090
27.32	-2.3091
27.32	-2.3089
27.32	-2.3093
27.32	-2.3092
27.32	-2.3092
27.33	-2.3091
27.33	-2.3088
27.33	-2.3092
27.34	-2.3093
27.34	-2.3093
27.34	-2.3091
27.34	-2.3093
27.34	-2.3091
27.35	-2.3093
27.35	-2.3090
27.35	-2.3094
27.36	-2.3093
27.36	-2.3093
27.36	-2.3092
27.37	-2.3093
27.37	-2.3094
27.37	-2.3094
27.38	-2.3095
27.38	-2.3092
27.38	-2.3093
27.38	-2.3094
27.38	-2.3095
27.38	-2.3094
27.39	-2.3095
27.39	-2.3095
27.39	-2.3096
27.39	-2.3095
27.40	-2.3095
27.40	-2.3095
27.40	-2.3092
27.40	-2.3095
27.41	-2.3096
27.41	-2.3094
27.41	-2.3096
27.42	-2.3096
27.42	-2.3096
27.42	-2.3097
27.43	-2.3098
27.43	-2.3097
27.43	-2.3098
27.43	-2.3098
27.43	-2.3097
27.44	-2.3096
27.44	-2.3096
27.44	-2.3097
27.44	-2.3099
27.44	-2.3095
27.45	-2.3097
27.45	-2.3096
27.45	-2.3096
27.45	-2.3096
27.46	-2.3094
27.46	-2.3095
27.46	-2.3095
27.47	-2.3095
27.47	-2.3094
27.47	-2.3094
27.47	-2.3093
27.47	-2.3093
27.48	-2.3095
27.48	-2.3093
27.48	-2.3094
27.49	-2.3094
27.49	-2.3095
27.50	-2.3094
27.50	-2.3094
27.50	-2.3093
27.50	-2.3092
27.50	-2.3092
27.50	-2.3093
27.51	-2.3094
27.51	-2.3092
27.51	-2.3092
27.51	-2.3094
27.52	-2.3093
27.52	-2.3092
27.52	-2.3093
27.53	-2.3093
27.53	-2.3094
27.53	-2.3094
27.53	-2.3094
27.53	-2.3094
27.53	-2.3094
27.53	-2.3093
27.54	-2.3094
27.54	-2.3095
27.54	-2.3093
27.55	-2.3095
27.55	-2.3094
27.56	-2.3093
27.56	-2.3095
27.56	-2.3093
27.56	-2.3094
27.57	-2.3095
27.57	-2.3094
27.57	-2.3094
27.57	-2.3094
27.57	-2.3095
27.57	-2.3096
27.57	-2.3094
27.58	-2.3094
27.58	-2.3095
27.59	-2.3095
27.59	-2.3096
27.59	-2.3096
27.59	-2.3095
27.59	-2.3096
27.60	-2.3096
27.60	-2.3096
27.60	-2.3095
27.61	-2.3096
27.61	-2.3097
27.61	-2.3096
27.60	-2.3096
27.61	-2.3095
27.61	-2.3097
27.62	-2.3098
27.63	-2.3098
27.63	-2.3097
27.63	-2.3096
27.63	-2.3096
27.63	-2.3097
27.64	-2.3095
27.64	-2.3096
27.65	-2.3097
27.65	-2.3094
27.65	-2.3096
27.65	-2.3095
27.65	-2.3096
27.65	-2.3096
27.66	-2.3097
27.66	-2.3094
27.67	-2.3095
27.67	-2.3095
27.67	-2.3094
27.67	-2.3096
27.67	-2.3094
27.68	-2.3095
27.68	-2.3094
27.68	-2.3097
27.68	-2.3093
27.68	-2.3095
27.69	-2.3096
27.69	-2.3095
27.69	-2.3097
27.69	-2.3095
27.70	-2.3095
27.70	-2.3096
27.70	-2.3096
27.71	-2.3095
27.71	-2.3096
27.71	-2.3096
27.71	-2.3095
27.72	-2.3096
27.72	-2.3097
27.72	-2.3097
27.72	-2.3097
27.72	-2.3096
27.73	-2.3099
27.73	-2.3097
27.73	-2.3100
27.73	-2.3100
27.74	-2.3099
27.74	-2.3100
27.74	-2.3098
27.75	-2.3100
27.75	-2.3100
27.75	-2.3100
27.75	-2.3102
27.75	-2.3101
27.75	-2.3101
27.76	-2.3101
27.76	-2.3102
27.76	-2.3103
27.76	-2.3103
27.76	-2.3103
27.77	-2.3103
27.77	-2.3105
27.77	-2.3104
27.78	-2.3102
27.78	-2.3104
27.78	-2.3104
27.78	-2.3104
27.79	-2.3104
27.79	-2.3104
27.80	-2.3104
27.80	-2.3103
27.80	-2.3103
27.80	-2.3104
27.80	-2.3104
27.81	-2.3103
27.81	-2.3103
27.82	-2.3102
27.82	-2.3105
27.82	-2.3102
27.82	-2.3103
27.82	-2.3103
27.82	-2.3102
27.82	-2.3104
27.82	-2.3101
27.82	-2.3103
27.83	-2.3099
27.83	-2.3101
27.84	-2.3099
27.84	-2.3100
27.84	-2.3099
27.84	-2.3102
27.85	-2.3099
27.86	-2.3101
27.86	-2.3100
27.86	-2.3098
27.87	-2.3100
27.87	-2.3100
27.87	-2.3101
27.87	-2.3100
27.87	-2.3098
27.87	-2.3102
27.87	-2.3100
27.88	-2.3101
27.88	-2.3102
27.88	-2.3100
27.89	-2.3101
27.89	-2.3101
27.89	-2.3101
27.89	-2.3100
27.89	-2.3102
27.89	-2.3101
27.89	-2.3100
27.90	-2.3103
27.90	-2.3101
27.90	-2.3102
27.91	-2.3101
27.91	-2.3101
27.91	-2.3104
27.91	-2.3102
27.92	-2.3102
27.92	-2.3102
27.92	-2.3102
27.93	-2.3103
27.93	-2.3105
27.93	-2.3103
27.93	-2.3105
27.93	-2.3102
27.94	-2.3104
27.94	-2.3105
27.94	-2.3105
27.94	-2.3106
27.95	-2.3104
27.95	-2.3103
27.95	-2.3105
27.95	-2.3105
27.95	-2.3107
27.95	-2.3105
27.96	-2.3104
27.96	-2.3107
27.96	-2.3107
27.97	-2.3105
27.97	-2.3105
27.98	-2.3107
27.98	-2.3107
27.98	-2.3105
27.98	-2.3106
27.98	-2.3107
27.99	-2.3108
27.99	-2.3107
27.99	-2.3108
28.00	-2.3106
28.00	-2.3107
28.00	-2.3108
28.00	-2.3108
28.00	-2.3109
28.00	-2.3109
28.01	-2.3110
28.01	-2.3108
28.01	-2.3112
28.01	-2.3110
28.02	-2.3112
28.02	-2.3110
28.02	-2.3112
28.03	-2.3113
28.03	-2.3112
28.03	-2.3113
28.03	-2.3113
28.03	-2.3112
28.03	-2.3112
28.04	-2.3112
28.04	-2.3112
28.05	-2.3113
28.05	-2.3113
28.05	-2.3114
28.05	-2.3115
28.05	-2.3115
28.05	-2.3116
28.05	-2.3116
28.06	-2.3114
28.07	-2.3116
28.07	-2.3116
28.07	-2.3115
28.07	-2.3116
28.08	-2.3116
28.08	-2.3118
28.08	-2.3117
28.08	-2.3116
28.08	-2.3117
28.08	-2.3118
28.09	-2.3121
28.09	-2.3120
28.09	-2.3120
28.09	-2.3119
28.10	-2.3120
28.10	-2.3120
28.10	-2.3121
28.11	-2.3120
28.11	-2.3120
28.11	-2.3119
28.11	-2.3122
28.11	-2.3121
28.12	-2.3121
28.12	-2.3121
28.12	-2.3121
28.13	-2.3122
28.13	-2.3122
28.13	-2.3121
28.14	-2.3121
28.14	-2.3123
28.14	-2.3124
28.15	-2.3123
28.15	-2.3123
28.15	-2.3125
28.15	-2.3125
28.15	-2.3126
28.16	-2.3125
28.16	-2.3124
28.17	-2.3126
28.17	-2.3126
28.17	-2.3128
28.17	-2.3127
28.18	-2.3127
28.18	-2.3129
28.18	-2.3129
28.18	-2.3129
28.18	-2.3128
28.19	-2.3129
28.19	-2.3129
28.19	-2.3127
28.19	-2.3129
28.19	-2.3130
28.19	-2.3131
28.20	-2.3130
28.20	-2.3131
28.20	-2.3130
28.20	-2.3132
28.21	-2.3130
28.21	-2.3130
28.21	-2.3131
28.22	-2.3131
28.22	-2.3130
28.22	-2.3130
28.23	-2.3130
28.23	-2.3132
28.23	-2.3128
28.23	-2.3129
28.24	-2.3131
28.23	-2.3129
28.24	-2.3129
28.24	-2.3130
28.24	-2.3130
28.25	-2.3130
28.25	-2.3131
28.25	-2.3133
28.26	-2.3130
28.26	-2.3132
28.26	-2.3131
28.26	-2.3133
28.26	-2.3132
28.27	-2.3131
28.27	-2.3133
28.27	-2.3134
28.27	-2.3132
28.28	-2.3134
28.28	-2.3135
28.28	-2.3137
28.28	-2.3138
28.28	-2.3135
28.29	-2.3136
28.29	-2.3137
28.30	-2.3138
28.30	-2.3137
28.30	-2.3139
28.30	-2.3138
28.30	-2.3138
28.31	-2.3139
28.31	-2.3140
28.31	-2.3139
28.31	-2.3141
28.32	-2.3141
28.32	-2.3141
28.32	-2.3141
28.32	-2.3141
28.32	-2.3141
28.33	-2.3141
28.34	-2.3139
28.34	-2.3139
28.34	-2.3142
28.34	-2.3142
28.34	-2.3143
28.34	-2.3141
28.34	-2.3142
28.35	-2.3142
28.35	-2.3144
28.35	-2.3143
28.35	-2.3143
28.35	-2.3143
28.36	-2.3143
28.36	-2.3144
28.36	-2.3145
28.37	-2.3145
28.37	-2.3143
28.37	-2.3145
28.38	-2.3144
28.38	-2.3144
28.38	-2.3145
28.38	-2.3145
28.38	-2.3145
28.39	-2.3145
28.39	-2.3146
28.40	-2.3147
28.40	-2.3148
28.40	-2.3147
28.40	-2.3146
28.40	-2.3148
28.40	-2.3149
28.41	-2.3147
28.41	-2.3149
28.41	-2.3147
28.41	-2.3148
28.41	-2.3148
28.42	-2.3149
28.42	-2.3150
28.42	-2.3149
28.42	-2.3148
28.43	-2.3152
28.43	-2.3150
28.44	-2.3151
28.44	-2.3152
28.45	-2.3150
28.45	-2.3154
28.45	-2.3151
28.45	-2.3152
28.45	-2.3152
28.45	-2.3151
28.45	-2.3153
28.45	-2.3152
28.45	-2.3153
28.45	-2.3151
28.46	-2.3153
28.47	-2.3153
28.47	-2.3154
28.47	-2.3152
28.48	-2.3154
28.48	-2.3152
28.48	-2.3152
28.48	-2.3152
28.48	-2.3154
28.48	-2.3152
28.49	-2.3153
28.49	-2.3154
28.49	-2.3153
28.50	-2.3153
28.50	-2.3156
28.50	-2.3154
28.50	-2.3155
28.50	-2.3155
28.50	-2.3156
28.51	-2.3157
28.51	-2.3158
28.51	-2.3157
28.51	-2.3157
28.52	-2.3156
28.52	-2.3158
28.53	-2.3159
28.52	-2.3158
28.53	-2.3157
28.53	-2.3159
28.53	-2.3159
28.54	-2.3159
28.54	-2.3158
28.55	-2.3159
28.55	-2.3159
28.55	-2.3159
28.56	-2.3159
28.56	-2.3158
28.56	-2.3158
28.56	-2.3161
28.56	-2.3160
28.56	-2.3159
28.57	-2.3160
28.57	-2.3160
28.57	-2.3161
28.58	-2.3160
28.58	-2.3159
28.58	-2.3161
28.58	-2.3158
28.59	-2.3160
28.59	-2.3159
28.59	-2.3160
28.59	-2.3159
28.59	-2.3160
28.60	-2.3161
28.60	-2.3159
28.60	-2.3160
28.61	-2.3162
28.61	-2.3162
28.61	-2.3162
28.61	-2.3163
28.62	-2.3166
28.62	-2.3163
28.62	-2.3161
28.62	-2.3163
28.63	-2.3163
28.63	-2.3161
28.63	-2.3162
28.63	-2.3162
28.63	-2.3164
28.64	-2.3162
28.64	-2.3163
28.65	-2.3164
28.65	-2.3164
28.65	-2.3166
28.65	-2.3165
28.65	-2.3165
28.65	-2.3164
28.66	-2.3164
28.66	-2.3165
28.66	-2.3165
28.67	-2.3166
28.67	-2.3164
28.67	-2.3164
28.68	-2.3166
28.68	-2.3166
28.68	-2.3166
28.68	-2.3167
28.69	-2.3167
28.69	-2.3168
28.69	-2.3168
28.70	-2.3169
28.70	-2.3169
28.70	-2.3169
28.70	-2.3172
28.70	-2.3172
28.70	-2.3168
28.70	-2.3173
28.70	-2.3170
28.70	-2.3170
28.71	-2.3173
28.71	-2.3173
28.71	-2.3173
28.72	-2.3174
28.73	-2.3174
28.73	-2.3174
28.73	-2.3177
28.73	-2.3175
28.73	-2.3175
28.73	-2.3177
28.73	-2.3174
28.74	-2.3175
28.74	-2.3175
28.75	-2.3179
28.75	-2.3180
28.75	-2.3178
28.75	-2.3180
28.76	-2.3178
28.76	-2.3181
28.76	-2.3181
28.76	-2.3181
28.76	-2.3181
28.77	-2.3182
28.77	-2.3183
28.77	-2.3181
28.78	-2.3181
28.78	-2.3182
28.78	-2.3183
28.78	-2.3183
28.78	-2.3182
28.78	-2.3185
28.79	-2.3184
28.79	-2.3184
28.79	-2.3184
28.80	-2.3184
28.80	-2.3182
28.80	-2.3187
28.80	-2.3187
28.80	-2.3187
28.80	-2.3187
28.81	-2.3186
28.81	-2.3186
28.82	-2.3186
28.82	-2.3186
28.82	-2.3186
28.82	-2.3188
28.82	-2.3189
28.82	-2.3187
28.82	-2.3188
28.82	-2.3188
28.83	-2.3190
28.83	-2.3188
28.84	-2.3189
28.84	-2.3190
28.84	-2.3190
28.84	-2.3189
28.85	-2.3191
28.85	-2.3191
28.86	-2.3191
28.86	-2.3192
28.86	-2.3192
28.86	-2.3191
28.86	-2.3191
28.87	-2.3192
28.87	-2.3192
28.87	-2.3192
28.88	-2.3191
28.88	-2.3191
28.88	-2.3193
28.88	-2.3192
28.89	-2.3192
28.89	-2.3193
28.89	-2.3193
28.90	-2.3192
28.90	-2.3191
28.90	-2.3192
28.90	-2.3192
28.90	-2.3195
28.90	-2.3191
28.91	-2.3191
28.91	-2.3191
28.91	-2.3192
28.92	-2.3191
28.92	-2.3191
28.93	-2.3192
28.93	-2.3191
28.93	-2.3191
28.93	-2.3192
28.93	-2.3191
28.94	-2.3190
28.94	-2.3191
28.94	-2.3190
28.94	-2.3189
28.95	-2.3189
28.95	-2.3189
28.95	-2.3190
28.95	-2.3189
28.95	-2.3187
28.95	-2.3187
28.95	-2.3191
28.96	-2.3188
28.96	-2.3189
28.96	-2.3191
28.97	-2.3189
28.98	-2.3188
28.98	-2.3189
28.98	-2.3188
28.98	-2.3186
28.98	-2.3190
28.98	-2.3187
28.99	-2.3189
28.99	-2.3187
28.99	-2.3188
29.00	-2.3188
29.00	-2.3189
29.00	-2.3189
29.00	-2.3188
29.00	-2.3187
29.01	-2.3189
29.01	-2.3188
29.01	-2.3188
29.01	-2.3188
29.01	-2.3186
29.02	-2.3188
29.02	-2.3189
29.02	-2.3187
29.03	-2.3187
29.03	-2.3188
29.03	-2.3188
29.03	-2.3189
29.03	-2.3188
29.04	-2.3190
29.04	-2.3189
29.05	-2.3188
29.05	-2.3190
29.05	-2.3189
29.05	-2.3190
29.05	-2.3190
29.06	-2.3191
29.06	-2.3188
29.06	-2.3189
29.07	-2.3190
29.07	-2.3189
29.07	-2.3188
29.07	-2.3191
29.07	-2.3189
29.07	-2.3192
29.07	-2.3189
29.08	-2.3189
29.08	-2.3192
29.08	-2.3194
29.08	-2.3192
29.09	-2.3193
29.09	-2.3194
29.09	-2.3190
29.10	-2.3193
29.10	-2.3192
29.10	-2.3195
29.11	-2.3193
29.11	-2.3195
29.11	-2.3195
29.12	-2.3193
29.12	-2.3194
29.12	-2.3192
29.12	-2.3195
29.13	-2.3195
29.13	-2.3194
29.13	-2.3194
29.13	-2.3195
29.14	-2.3192
29.14	-2.3195
29.14	-2.3196
29.15	-2.3194
29.15	-2.3194
29.15	-2.3196
29.15	-2.3196
29.15	-2.3196
29.16	-2.3196
29.16	-2.3198
29.16	-2.3199
29.16	-2.3198
29.17	-2.3198
29.17	-2.3197
29.17	-2.3197
29.18	-2.3198
29.18	-2.3198
29.18	-2.3198
29.18	-2.3199
29.18	-2.3199
29.18	-2.3200
29.18	-2.3200
29.19	-2.3200
29.19	-2.3200
29.20	-2.3200
29.20	-2.3200
29.20	-2.3201
29.21	-2.3201
29.21	-2.3203
29.21	-2.3202
29.21	-2.3203
29.22	-2.3202
29.22	-2.3203
29.22	-2.3203
29.22	-2.3203
29.22	-2.3205
29.23	-2.3204
29.23	-2.3204
29.23	-2.3204
29.23	-2.3205
29.23	-2.3205
29.24	-2.3205
29.24	-2.3205
29.24	-2.3204
29.25	-2.3204
29.25	-2.3204
29.25	-2.3206
29.25	-2.3206
29.25	-2.3206
29.25	-2.3206
29.26	-2.3204
29.26	-2.3205
29.26	-2.3206
29.27	-2.3204
29.27	-2.3205
29.28	-2.3207
29.28	-2.3206
29.28	-2.3207
29.28	-2.3207
29.29	-2.3206
29.29	-2.3206
29.29	-2.3206
29.29	-2.3205
29.30	-2.3207
29.30	-2.3208
29.30	-2.3207
29.30	-2.3206
29.30	-2.3209
29.31	-2.3208
29.31	-2.3209
29.31	-2.3210
29.31	-2.3208
29.31	-2.3209
29.32	-2.3209
29.32	-2.3209
29.32	-2.3208
29.32	-2.3211
29.33	-2.3208
29.33	-2.3209
29.33	-2.3211
29.33	-2.3210
29.33	-2.3210
29.33	-2.3211
29.34	-2.3210
29.34	-2.3211
29.34	-2.3210
29.35	-2.3212
29.35	-2.3211
29.35	-2.3211
29.36	-2.3211
29.36	-2.3211
29.36	-2.3212
29.36	-2.3211
29.37	-2.3210
29.37	-2.3210
29.38	-2.3212
29.38	-2.3210
29.38	-2.3211
29.38	-2.3213
29.38	-2.3211
29.38	-2.3210
29.39	-2.3211
29.39	-2.3212
29.39	-2.3213
29.39	-2.3211
29.40	-2.3212
29.40	-2.3215
29.40	-2.3213
29.40	-2.3213
29.40	-2.3214
29.41	-2.3216
29.42	-2.3216
29.42	-2.3213
29.43	-2.3215
29.43	-2.3214
29.43	-2.3215
29.43	-2.3211
29.43	-2.3217
29.43	-2.3214
29.43	-2.3214
29.44	-2.3215
29.44	-2.3215
29.44	-2.3214
29.44	-2.3217
29.44	-2.3215
29.45	-2.3214
29.45	-2.3216
29.45	-2.3217
29.45	-2.3215
29.45	-2.3217
29.46	-2.3217
29.46	-2.3216
29.46	-2.3217
29.46	-2.3219
29.47	-2.3218
29.47	-2.3218
29.48	-2.3219
29.48	-2.3218
29.48	-2.3217
29.48	-2.3220
29.48	-2.3218
29.49	-2.3220
29.49	-2.3220
29.50	-2.3219
29.50	-2.3219
29.50	-2.3221
29.50	-2.3219
29.50	-2.3220
29.50	-2.3221
29.51	-2.3221
29.51	-2.3219
29.51	-2.3221
29.51	-2.3221
29.51	-2.3219
29.52	-2.3221
29.53	-2.3219
29.53	-2.3221
29.53	-2.3221
29.53	-2.3221
29.53	-2.3218
29.53	-2.3219
29.54	-2.3221
29.54	-2.3222
29.54	-2.3220
29.55	-2.3221
29.55	-2.3222
29.55	-2.3220
29.55	-2.3222
29.55	-2.3221
29.56	-2.3222
29.56	-2.3221
29.56	-2.3222
29.56	-2.3222
29.56	-2.3224
29.57	-2.3221
29.57	-2.3222
29.57	-2.3222
29.58	-2.3223
29.58	-2.3225
29.58	-2.3226
29.59	-2.3223
29.59	-2.3225
29.59	-2.3226
29.60	-2.3226
29.60	-2.3227
29.60	-2.3227
29.60	-2.3226
29.60	-2.3226
29.60	-2.3227
29.60	-2.3226
29.61	-2.3228
29.61	-2.3230
29.61	-2.3228
29.62	-2.3228
29.62	-2.3230
29.62	-2.3229
29.62	-2.3229
29.63	-2.3229
29.63	-2.3229
29.63	-2.3230
29.64	-2.3229
29.64	-2.3227
29.64	-2.3228
29.64	-2.3230
29.65	-2.3230
29.65	-2.3231
29.65	-2.3229
29.65	-2.3230
29.65	-2.3229
29.66	-2.3232
29.66	-2.3231
29.67	-2.3228
29.67	-2.3230
29.67	-2.3229
29.67	-2.3231
29.68	-2.3229
29.68	-2.3231
29.68	-2.3231
29.68	-2.3231
29.68	-2.3229
29.68	-2.3233
29.69	-2.3233
29.69	-2.3232
29.69	-2.3232
29.69	-2.3232
29.70	-2.3234
29.70	-2.3234
29.70	-2.3233
29.70	-2.3237
29.70	-2.3236
29.70	-2.3236
29.71	-2.3238
29.71	-2.3237
29.72	-2.3237
29.72	-2.3241
29.72	-2.3241
29.72	-2.3241
29.72	-2.3242
29.73	-2.3239
29.73	-2.3242
29.73	-2.3242
29.74	-2.3244
29.74	-2.3242
29.74	-2.3241
29.74	-2.3243
29.74	-2.3243
29.74	-2.3244
29.75	-2.3245
29.75	-2.3245
29.75	-2.3245
29.75	-2.3246
29.75	-2.3246
29.76	-2.3245
29.76	-2.3244
29.76	-2.3246
29.77	-2.3247
29.77	-2.3246
29.78	-2.3247
29.78	-2.3249
29.78	-2.3249
29.78	-2.3247
29.79	-2.3249
29.79	-2.3247
29.79	-2.3247
29.79	-2.3249
29.80	-2.3249
29.80	-2.3249
29.80	-2.3248
29.80	-2.3250
29.80	-2.3250
29.80	-2.3249
29.80	-2.3251
29.81	-2.3250
29.81	-2.3251
29.82	-2.3251
29.82	-2.3252
29.82	-2.3251
29.82	-2.3253
29.82	-2.3251
29.83	-2.3248
29.83	-2.3250
29.83	-2.3252
29.84	-2.3253
29.84	-2.3253
29.84	-2.3252
29.84	-2.3254
29.84	-2.3253
29.85	-2.3254
29.85	-2.3254
29.85	-2.3253
29.85	-2.3254
29.85	-2.3256
29.85	-2.3254
29.86	-2.3254
29.86	-2.3253
29.87	-2.3254
29.87	-2.3255
29.87	-2.3257
29.88	-2.3257
29.88	-2.3253
29.88	-2.3258
29.89	-2.3256
29.89	-2.3256
29.89	-2.3258
29.89	-2.3256
29.90	-2.3258
29.90	-2.3256
29.90	-2.3259
29.90	-2.3258
29.90	-2.3255
29.91	-2.3259
29.91	-2.3259
29.91	-2.3260
29.91	-2.3259
29.92	-2.3259
29.92	-2.3261
29.92	-2.3258
29.93	-2.3261
29.93	-2.3258
29.93	-2.3260
29.93	-2.3262
29.93	-2.3262
29.94	-2.3261
29.94	-2.3259
29.94	-2.3261
29.95	-2.3262
29.95	-2.3261
29.95	-2.3261
29.95	-2.3260
29.95	-2.3260
29.95	-2.3263
29.96	-2.3262
29.96	-2.3261
29.97	-2.3261
29.97	-2.3262
29.97	-2.3264
29.97	-2.3263
29.98	-2.3262
29.98	-2.3262
29.98	-2.3263
29.98	-2.3264
29.98	-2.3264
29.99	-2.3265
29.99	-2.3264
29.99	-2.3266
29.99	-2.3266
30.00	-2.3265
30.00	-2.3266
30.00	-2.3266
30.01	-2.3265
30.01	-2.3269
30.01	-2.3266
30.01	-2.3269
30.02	-2.3269
30.02	-2.3269
30.02	-2.3268
30.03	-2.3270
30.03	-2.3268
30.03	-2.3268
30.03	-2.3269
30.04	-2.3268
30.04	-2.3269
30.04	-2.3268
30.05	-2.3270
30.05	-2.3267
30.05	-2.3269
30.05	-2.3268
30.05	-2.3269
30.05	-2.3268
30.05	-2.3267
30.06	-2.3267
30.06	-2.3266
30.06	-2.3267
30.06	-2.3266
30.07	-2.3266
30.07	-2.3265
30.07	-2.3266
30.07	-2.3266
30.07	-2.3266
30.08	-2.3265
30.08	-2.3266
30.08	-2.3266
30.09	-2.3267
30.09	-2.3267
30.09	-2.3266
30.09	-2.3266
30.09	-2.3266
30.10	-2.3265
30.10	-2.3267
30.10	-2.3267
30.11	-2.3268
30.11	-2.3266
30.11	-2.3269
30.11	-2.3270
30.12	-2.3266
30.12	-2.3267
30.12	-2.3268
30.13	-2.3266
30.13	-2.3267
30.13	-2.3268
30.13	-2.3268
30.13	-2.3269
30.14	-2.3269
30.14	-2.3270
30.14	-2.3270
30.14	-2.3271
30.15	-2.3273
30.15	-2.3271
30.15	-2.3273
30.15	-2.3273
30.16	-2.3274
30.16	-2.3272
30.16	-2.3274
30.16	-2.3274
30.17	-2.3276
30.17	-2.3277
30.18	-2.3277
30.18	-2.3277
30.18	-2.3279
30.18	-2.3276
30.19	-2.3280
30.19	-2.3278
30.19	-2.3281
30.19	-2.3280
30.19	-2.3282
30.20	-2.3281
30.20	-2.3283
30.20	-2.3283
30.20	-2.3285
30.20	-2.3285
30.20	-2.3285
30.20	-2.3286
30.21	-2.3286
30.21	-2.3286
30.22	-2.3289
30.22	-2.3290
30.22	-2.3286
30.23	-2.3291
30.23	-2.3290
30.23	-2.3290
30.23	-2.3290
30.23	-2.3292
30.24	-2.3291
30.24	-2.3293
30.25	-2.3292
30.25	-2.3295
30.25	-2.3294
30.25	-2.3295
30.25	-2.3296
30.26	-2.3297
30.26	-2.3295
30.26	-2.3297
30.27	-2.3300
30.27	-2.3297
30.27	-2.3299
30.27	-2.3299
30.27	-2.3300
30.28	-2.3299
30.28	-2.3300
30.28	-2.3301
30.28	-2.3301
30.28	-2.3301
30.29	-2.3301
30.29	-2.3304
30.29	-2.3303
30.29	-2.3305
30.30	-2.3305
30.30	-2.3306
30.30	-2.3307
30.31	-2.3307
30.31	-2.3307
30.31	-2.3307
30.31	-2.3310
30.32	-2.3309
30.32	-2.3310
30.32	-2.3310
30.32	-2.3311
30.32	-2.3310
30.33	-2.3310
30.33	-2.3310
30.34	-2.3311
30.34	-2.3312
30.34	-2.3310
30.34	-2.3310
30.34	-2.3311
30.34	-2.3311
30.34	-2.3311
30.35	-2.3311
30.35	-2.3310
30.35	-2.3311
30.36	-2.3313
30.36	-2.3313
30.36	-2.3314
30.37	-2.3313
30.37	-2.3312
30.37	-2.3313
30.38	-2.3313
30.38	-2.3311
30.38	-2.3316
30.38	-2.3313
30.38	-2.3315
30.38	-2.3315
30.38	-2.3315
30.39	-2.3315
30.39	-2.3313
30.40	-2.3315
30.40	-2.3315
30.40	-2.3315
30.40	-2.3315
30.41	-2.3314
30.41	-2.3316
30.41	-2.3315
30.42	-2.3315
30.42	-2.3314
30.42	-2.3316
30.43	-2.3315
30.43	-2.3316
30.43	-2.3314
30.43	-2.3314
30.43	-2.3314
30.44	-2.3314
30.44	-2.3313
30.44	-2.3314
30.44	-2.3314
30.44	-2.3315
30.45	-2.3316
30.45	-2.3310
30.45	-2.3315
30.45	-2.3314
30.46	-2.3312
30.46	-2.3312
30.46	-2.3312
30.46	-2.3314
30.46	-2.3312
30.47	-2.3310
30.47	-2.3312
30.48	-2.3310
30.48	-2.3311
30.48	-2.3314
30.48	-2.3309
30.48	-2.3311
30.48	-2.3310
30.49	-2.3310
30.49	-2.3311
30.49	-2.3310
30.49	-2.3312
30.50	-2.3310
30.50	-2.3309
30.50	-2.3310
30.51	-2.3310
30.51	-2.3312
30.51	-2.3310
30.51	-2.3310
30.52	-2.3312
30.52	-2.3312
30.52	-2.3313
30.52	-2.3311
30.53	-2.3312
30.53	-2.3311
30.53	-2.3312
30.53	-2.3311
30.54	-2.3312
30.54	-2.3311
30.55	-2.3310
30.55	-2.3310
30.55	-2.3310
30.55	-2.3312
30.55	-2.3309
30.55	-2.3309
30.55	-2.3310
30.56	-2.3311
30.56	-2.3309
30.56	-2.3311
30.56	-2.3311
30.57	-2.3311
30.57	-2.3311
30.57	-2.3312
30.57	-2.3311
30.57	-2.3311
30.58	-2.3311
30.58	-2.3311
30.58	-2.3310
30.59	-2.3310
30.59	-2.3310
30.59	-2.3311
30.59	-2.3310
30.59	-2.3309
30.59	-2.3311
30.60	-2.3310
30.60	-2.3309
30.61	-2.3310
30.61	-2.3311
30.61	-2.3310
30.62	-2.3311
30.62	-2.3311
30.62	-2.3311
30.62	-2.3310
30.63	-2.3311
30.63	-2.3309
30.63	-2.3313
30.63	-2.3309
30.63	-2.3311
30.63	-2.3311
30.63	-2.3312
30.64	-2.3315
30.64	-2.3313
30.64	-2.3314
30.65	-2.3312
30.65	-2.3314
30.65	-2.3313
30.65	-2.3313
30.66	-2.3313
30.66	-2.3315
30.66	-2.3314
30.67	-2.3317
30.67	-2.3314
30.67	-2.3313
30.67	-2.3316
30.67	-2.3316
30.68	-2.3314
30.68	-2.3317
30.68	-2.3316
30.68	-2.3316
30.68	-2.3316
30.69	-2.3317
30.70	-2.3320
30.70	-2.3318
30.70	-2.3318
30.70	-2.3318
30.70	-2.3321
30.70	-2.3321
30.71	-2.3318
30.71	-2.3321
30.71	-2.3320
30.71	-2.3322
30.72	-2.3321
30.72	-2.3323
30.72	-2.3322
30.73	-2.3323
30.73	-2.3324
30.73	-2.3324
30.73	-2.3322
30.74	-2.3322
30.74	-2.3326
30.74	-2.3324
30.75	-2.3326
30.75	-2.3325
30.75	-2.3326
30.75	-2.3326
30.76	-2.3326
30.76	-2.3326
30.76	-2.3326
30.76	-2.3325
30.77	-2.3326
30.77	-2.3325
30.77	-2.3327
30.77	-2.3326
30.78	-2.3326
30.78	-2.3327
30.78	-2.3326
30.78	-2.3327
30.78	-2.3326
30.78	-2.3325
30.79	-2.3327
30.79	-2.3329
30.79	-2.3328
30.79	-2.3327
30.80	-2.3329
30.80	-2.3328
30.80	-2.3329
30.80	-2.3329
30.80	-2.3327
30.81	-2.3330
30.81	-2.3328
30.81	-2.3329
30.82	-2.3330
30.82	-2.3329
30.82	-2.3329
30.82	-2.3331
30.83	-2.3331
30.83	-2.3332
30.83	-2.3333
30.84	-2.3334
30.84	-2.3332
30.84	-2.3332
30.85	-2.3334
30.85	-2.3332
30.85	-2.3332
30.85	-2.3334
30.85	-2.3334
30.86	-2.3335
30.86	-2.3335
30.86	-2.3335
30.86	-2.3336
30.86	-2.3335
30.87	-2.3338
30.87	-2.3336
30.87	-2.3335
30.87	-2.3337
30.88	-2.3337
30.88	-2.3337
30.88	-2.3337
30.88	-2.3339
30.89	-2.3337
30.89	-2.3337
30.90	-2.3338
30.90	-2.3338
30.90	-2.3337
30.90	-2.3338
30.90	-2.3339
30.90	-2.3339
30.90	-2.3338
30.91	-2.3338
30.91	-2.3339
30.91	-2.3340
30.92	-2.3339
30.92	-2.3341
30.92	-2.3339
30.93	-2.3342
30.93	-2.3341
30.93	-2.3342
30.93	-2.3342
30.93	-2.3343
30.94	-2.3343
30.94	-2.3343
30.94	-2.3345
30.94	-2.3345
30.95	-2.3346
30.95	-2.3343
30.95	-2.3346
30.95	-2.3347
30.95	-2.3348
30.95	-2.3348
30.96	-2.3349
30.96	-2.3349
30.97	-2.3351
30.97	-2.3350
30.97	-2.3350
30.97	-2.3349
30.97	-2.3352
30.98	-2.3350
30.98	-2.3351
30.98	-2.3350
30.99	-2.3350
30.99	-2.3353
30.99	-2.3350
30.99	-2.3353
31.00	-2.3352
31.00	-2.3353
31.00	-2.3353
31.01	-2.3352
31.01	-2.3354
31.01	-2.3353
31.01	-2.3352
31.01	-2.3354
31.02	-2.3353
31.02	-2.3356
31.03	-2.3352
31.03	-2.3355
31.03	-2.3356
31.03	-2.3355
31.03	-2.3357
31.03	-2.3359
31.03	-2.3357
31.04	-2.3357
31.04	-2.3358
31.05	-2.3358
31.05	-2.3359
31.05	-2.3357
31.05	-2.3358
31.06	-2.3358
31.06	-2.3358
31.06	-2.3359
31.07	-2.3357
31.06	-2.3360
31.07	-2.3360
31.07	-2.3359
31.07	-2.3360
31.07	-2.3359
31.08	-2.3361
31.08	-2.3361
31.08	-2.3362
31.08	-2.3360
31.08	-2.3362
31.09	-2.3364
31.09	-2.3363
31.09	-2.3363
31.10	-2.3363
31.10	-2.3364
31.10	-2.3362
31.10	-2.3363
31.10	-2.3363
31.11	-2.3364
31.11	-2.3366
31.11	-2.3365
31.11	-2.3366
31.12	-2.3366
31.12	-2.3366
31.13	-2.3367
31.13	-2.3365
31.13	-2.3368
31.13	-2.3366
31.13	-2.3365
31.14	-2.3367
31.14	-2.3368
31.15	-2.3367
31.15	-2.3369
31.15	-2.3368
31.15	-2.3366
31.16	-2.3366
31.16	-2.3370
31.16	-2.3368
31.16	-2.3369
31.16	-2.3369
31.16	-2.3369
31.17	-2.3368
31.17	-2.3371
31.17	-2.3371
31.17	-2.3370
31.18	-2.3369
31.18	-2.3369
31.18	-2.3369
31.18	-2.3371
31.19	-2.3370
31.19	-2.3369
31.19	-2.3371
31.19	-2.3371
31.20	-2.3372
31.20	-2.3373
31.20	-2.3376
31.21	-2.3376
31.21	-2.3375
31.21	-2.3375
31.21	-2.3375
31.22	-2.3375
31.22	-2.3376
31.22	-2.3376
31.23	-2.3376
31.23	-2.3377
31.23	-2.3378
31.23	-2.3377
31.23	-2.3377
31.24	-2.3378
31.24	-2.3379
31.24	-2.3379
31.24	-2.3380
31.24	-2.3379
31.25	-2.3380
31.25	-2.3381
31.25	-2.3380
31.25	-2.3383
31.26	-2.3383
31.26	-2.3381
31.26	-2.3382
31.27	-2.3382
31.27	-2.3381
31.27	-2.3384
31.27	-2.3384
31.27	-2.3385
31.28	-2.3384
31.28	-2.3385
31.28	-2.3385
31.28	-2.3386
31.29	-2.3385
31.29	-2.3388
31.29	-2.3385
31.30	-2.3388
31.30	-2.3386
31.30	-2.3388
31.30	-2.3388
31.30	-2.3389
31.31	-2.3387
31.31	-2.3389
31.31	-2.3386
31.31	-2.3387
31.32	-2.3389
31.32	-2.3387
31.32	-2.3389
31.32	-2.3389
31.32	-2.3389
31.32	-2.3389
31.32	-2.3389
31.33	-2.3390
31.34	-2.3390
31.34	-2.3391
31.34	-2.3393
31.34	-2.3391
31.35	-2.3392
31.35	-2.3394
31.35	-2.3393
31.35	-2.3391
31.35	-2.3392
31.36	-2.3392
31.36	-2.3393
31.37	-2.3396
31.37	-2.3395
31.37	-2.3393
31.38	-2.3395
31.38	-2.3395
31.38	-2.3396
31.38	-2.3396
31.38	-2.3396
31.39	-2.3398
31.39	-2.3398
31.39	-2.3396
31.39	-2.3397
31.40	-2.3398
31.40	-2.3399
31.40	-2.3399
31.40	-2.3399
31.40	-2.3401
31.40	-2.3399
31.41	-2.3400
31.41	-2.3401
31.42	-2.3403
31.42	-2.3402
31.42	-2.3403
31.42	-2.3403
31.42	-2.3404
31.43	-2.3404
31.43	-2.3404
31.43	-2.3403
31.44	-2.3406
31.44	-2.3402
31.44	-2.3405
31.45	-2.3405
31.45	-2.3405
31.45	-2.3404
31.45	-2.3409
31.45	-2.3407
31.45	-2.3406
31.45	-2.3407
31.46	-2.3408
31.46	-2.3408
31.46	-2.3408
31.46	-2.3408
31.47	-2.3410
31.47	-2.3408
31.48	-2.3409
31.48	-2.3411
31.48	-2.3409
31.48	-2.3410
31.48	-2.3410
31.49	-2.3409
31.49	-2.3411
31.50	-2.3410
31.50	-2.3411
31.50	-2.3411
31.50	-2.3410
31.50	-2.3410
31.51	-2.3413
31.51	-2.3412
31.51	-2.3412
31.51	-2.3416
31.51	-2.3413
31.52	-2.3415
31.52	-2.3415
31.52	-2.3415
31.52	-2.3415
31.53	-2.3416
31.53	-2.3417
31.53	-2.3414
31.53	-2.3417
31.53	-2.3417
31.54	-2.3418
31.54	-2.3417
31.54	-2.3416
31.55	-2.3419
31.55	-2.3418
31.55	-2.3417
31.55	-2.3417
31.55	-2.3419
31.55	-2.3419
31.55	-2.3419
31.56	-2.3419
31.56	-2.3419
31.56	-2.3418
31.57	-2.3419
31.57	-2.3418
31.57	-2.3417
31.57	-2.3419
31.58	-2.3419
31.58	-2.3418
31.58	-2.3418
31.58	-2.3419
31.59	-2.3417
31.59	-2.3417
31.59	-2.3417
31.60	-2.3416
31.60	-2.3417
31.60	-2.3416
31.60	-2.3416
31.60	-2.3418
31.61	-2.3419
31.60	-2.3417
31.60	-2.3418
31.61	-2.3418
31.61	-2.3418
31.62	-2.3417
31.62	-2.3418
31.63	-2.3418
31.63	-2.3418
31.63	-2.3417
31.63	-2.3415
31.63	-2.3417
31.63	-2.3420
31.64	-2.3417
31.64	-2.3417
31.65	-2.3418
31.65	-2.3420
31.65	-2.3420
31.65	-2.3419
31.65	-2.3421
31.66	-2.3420
31.66	-2.3420
31.66	-2.3422
31.67	-2.3421
31.67	-2.3424
31.67	-2.3422
31.68	-2.3423
31.68	-2.3422
31.68	-2.3424
31.68	-2.3424
31.68	-2.3425
31.68	-2.3423
31.68	-2.3425
31.68	-2.3426
31.69	-2.3425
31.70	-2.3425
31.70	-2.3428
31.70	-2.3429
31.70	-2.3429
31.70	-2.3430
31.71	-2.3430
31.71	-2.3429
31.72	-2.3430
31.72	-2.3432
31.72	-2.3431
31.72	-2.3431
31.73	-2.3432
31.73	-2.3433
31.73	-2.3434
31.74	-2.3434
31.74	-2.3436
31.74	-2.3436
31.75	-2.3437
31.75	-2.3436
31.75	-2.3438
31.75	-2.3438
31.75	-2.3439
31.75	-2.3441
31.75	-2.3442
31.75	-2.3440
31.76	-2.3441
31.76	-2.3443
31.76	-2.3443
31.77	-2.3446
31.77	-2.3445
31.77	-2.3444
31.78	-2.3447
31.78	-2.3447
31.78	-2.3446
31.78	-2.3447
31.78	-2.3445
31.79	-2.3450
31.79	-2.3449
31.79	-2.3451
31.79	-2.3452
31.80	-2.3452
31.80	-2.3451
31.80	-2.3453
31.80	-2.3453
31.81	-2.3451
31.81	-2.3452
31.81	-2.3452
31.82	-2.3452
31.82	-2.3454
31.82	-2.3453
31.82	-2.3454
31.83	-2.3454
31.83	-2.3458
31.83	-2.3455
31.83	-2.3457
31.83	-2.3457
31.84	-2.3457
31.84	-2.3456
31.84	-2.3457
31.85	-2.3457
31.85	-2.3458
31.85	-2.3459
31.85	-2.3458
31.85	-2.3460
31.85	-2.3461
31.86	-2.3460
31.86	-2.3460
31.86	-2.3460
31.87	-2.3460
31.87	-2.3461
31.88	-2.3461
31.88	-2.3462
31.88	-2.3461
31.88	-2.3462
31.88	-2.3462
31.88	-2.3464
31.89	-2.3462
31.89	-2.3464
31.89	-2.3464
31.89	-2.3463
31.90	-2.3464
31.90	-2.3464
31.90	-2.3464
31.91	-2.3466
31.91	-2.3465
31.91	-2.3463
31.92	-2.3466
31.92	-2.3464
31.92	-2.3466
31.93	-2.3466
31.93	-2.3465
31.93	-2.3465
31.93	-2.3464
31.93	-2.3465
31.93	-2.3467
31.93	-2.3465
31.93	-2.3465
31.94	-2.3466
31.94	-2.3467
31.94	-2.3465
31.95	-2.3463
31.95	-2.3468
31.95	-2.3465
31.95	-2.3465
31.95	-2.3466
31.96	-2.3468
31.96	-2.3467
31.97	-2.3464
31.97	-2.3466
31.97	-2.3467
31.97	-2.3468
31.97	-2.3467
31.98	-2.3467
31.98	-2.3468
31.98	-2.3468
31.98	-2.3468
31.99	-2.3468
31.99	-2.3467
31.99	-2.3469
32.00	-2.3469
32.00	-2.3469
32.00	-2.3469
32.00	-2.3468
32.01	-2.3468
32.01	-2.3469
32.01	-2.3467
32.01	-2.3469
32.02	-2.3469
32.02	-2.3469
32.02	-2.3470
32.02	-2.3469
32.03	-2.3468
32.03	-2.3469
32.03	-2.3469
32.04	-2.3470
32.04	-2.3470
32.05	-2.3470
32.05	-2.3469
32.05	-2.3471
32.05	-2.3469
32.05	-2.3471
32.05	-2.3470
32.06	-2.3469
32.06	-2.3470
32.06	-2.3469
32.06	-2.3471
32.07	-2.3471
32.07	-2.3468
32.07	-2.3469
32.07	-2.3468
32.08	-2.3469
32.08	-2.3469
32.08	-2.3469
32.08	-2.3470
32.09	-2.3469
32.09	-2.3468
32.09	-2.3469
32.09	-2.3470
32.09	-2.3469
32.09	-2.3470
32.10	-2.3469
32.10	-2.3468
32.11	-2.3468
32.11	-2.3467
32.11	-2.3467
32.12	-2.3467
32.12	-2.3468
32.12	-2.3468
32.12	-2.3470
32.12	-2.3466
32.13	-2.3466
32.13	-2.3469
32.13	-2.3465
32.13	-2.3469
32.14	-2.3468
32.14	-2.3469
32.14	-2.3468
32.14	-2.3469
32.14	-2.3468
32.15	-2.3470
32.15	-2.3470
32.15	-2.3471
32.15	-2.3469
32.15	-2.3470
32.16	-2.3471
32.16	-2.3471
32.17	-2.3471
32.17	-2.3470
32.17	-2.3470
32.17	-2.3472
32.17	-2.3470
32.17	-2.3470
32.17	-2.3469
32.18	-2.3472
32.19	-2.3470
32.19	-2.3470
32.20	-2.3471
32.20	-2.3472
32.20	-2.3469
32.20	-2.3470
32.20	-2.3470
32.20	-2.3470
32.20	-2.3472
32.21	-2.3472
32.21	-2.3471
32.21	-2.3468
32.21	-2.3470
32.22	-2.3469
32.22	-2.3470
32.22	-2.3470
32.22	-2.3472
32.23	-2.3470
32.23	-2.3471
32.23	-2.3471
32.23	-2.3472
32.24	-2.3470
32.24	-2.3470
32.24	-2.3471
32.24	-2.3470
32.25	-2.3471
32.25	-2.3472
32.25	-2.3470
32.25	-2.3471
32.26	-2.3473
32.26	-2.3471
32.27	-2.3472
32.27	-2.3473
32.27	-2.3472
32.27	-2.3470
32.27	-2.3472
32.27	-2.3471
32.28	-2.3471
32.28	-2.3471
32.28	-2.3471
32.28	-2.3472
32.28	-2.3472
32.29	-2.3471
32.29	-2.3474
32.29	-2.3475
32.30	-2.3474
32.30	-2.3474
32.30	-2.3474
32.30	-2.3475
32.30	-2.3474
32.30	-2.3476
32.30	-2.3476
32.31	-2.3475
32.31	-2.3478
32.32	-2.3476
32.32	-2.3476
32.32	-2.3476
32.33	-2.3477
32.33	-2.3478
32.33	-2.3477
32.33	-2.3477
32.33	-2.3479
32.34	-2.3477
32.34	-2.3478
32.34	-2.3478
32.34	-2.3479
32.34	-2.3479
32.34	-2.3478
32.35	-2.3478
32.35	-2.3478
32.35	-2.3479
32.35	-2.3479
32.36	-2.3480
32.36	-2.3479
32.36	-2.3479
32.37	-2.3481
32.37	-2.3481
32.37	-2.3480
32.38	-2.3481
32.38	-2.3483
32.38	-2.3484
32.38	-2.3483
32.38	-2.3483
32.39	-2.3484
32.39	-2.3484
32.39	-2.3486
32.40	-2.3484
32.40	-2.3485
32.40	-2.3487
32.40	-2.3485
32.40	-2.3489
32.41	-2.3487
32.41	-2.3487
32.42	-2.3485
32.42	-2.3486
32.42	-2.3486
32.42	-2.3488
32.42	-2.3487
32.42	-2.3487
32.42	-2.3487
32.43	-2.3486
32.43	-2.3488
32.43	-2.3489
32.44	-2.3486
32.44	-2.3491
32.44	-2.3491
32.45	-2.3490
32.45	-2.3492
32.45	-2.3491
32.45	-2.3490
32.45	-2.3491
32.45	-2.3493
32.46	-2.3492
32.46	-2.3492
32.46	-2.3491
32.47	-2.3493
32.47	-2.3493
32.48	-2.3495
32.48	-2.3493
32.48	-2.3492
32.48	-2.3495
32.48	-2.3495
32.49	-2.3494
32.49	-2.3493
32.49	-2.3496
32.49	-2.3496
32.49	-2.3496
32.49	-2.3497
32.50	-2.3495
32.50	-2.3496
32.50	-2.3498
32.50	-2.3500
32.51	-2.3498
32.51	-2.3500
32.52	-2.3501
32.51	-2.3499
32.52	-2.3501
32.52	-2.3498
32.52	-2.3500
32.53	-2.3499
32.53	-2.3500
32.53	-2.3501
32.53	-2.3501
32.53	-2.3501
32.53	-2.3502
32.54	-2.3502
32.54	-2.3503
32.55	-2.3502
32.55	-2.3503
32.55	-2.3504
32.56	-2.3505
32.56	-2.3504
32.56	-2.3504
32.57	-2.3504
32.57	-2.3505
32.57	-2.3506
32.58	-2.3504
32.58	-2.3506
32.58	-2.3505
32.58	-2.3505
32.58	-2.3507
32.58	-2.3506
32.58	-2.3508
32.59	-2.3506
32.59	-2.3507
32.59	-2.3508
32.59	-2.3507
32.59	-2.3506
32.60	-2.3506
32.60	-2.3506
32.60	-2.3507
32.60	-2.3507
32.61	-2.3506
32.61	-2.3507
32.61	-2.3507
32.62	-2.3508
32.62	-2.3508
32.62	-2.3507
32.63	-2.3507
32.63	-2.3508
32.63	-2.3509
32.63	-2.3509
32.63	-2.3509
32.64	-2.3509
32.64	-2.3509
32.64	-2.3508
32.65	-2.3512
32.65	-2.3514
32.65	-2.3512
32.65	-2.3513
32.66	-2.3511
32.66	-2.3513
32.66	-2.3515
32.67	-2.3514
32.67	-2.3513
32.67	-2.3514
32.67	-2.3514
32.67	-2.3514
32.67	-2.3515
32.67	-2.3516
32.68	-2.3514
32.68	-2.3515
32.68	-2.3516
32.69	-2.3516
32.69	-2.3515
32.69	-2.3515
32.69	-2.3516
32.70	-2.3516
32.70	-2.3517
32.71	-2.3515
32.71	-2.3517
32.71	-2.3519
32.71	-2.3518
32.71	-2.3517
32.72	-2.3517
32.72	-2.3518
32.72	-2.3520
32.73	-2.3520
32.73	-2.3522
32.73	-2.3520
32.73	-2.3521
32.73	-2.3520
32.73	-2.3520
32.74	-2.3522
32.74	-2.3520
32.74	-2.3521
32.74	-2.3523
32.75	-2.3523
32.75	-2.3521
32.75	-2.3522
32.76	-2.3524
32.76	-2.3523
32.76	-2.3524
32.77	-2.3524
32.77	-2.3524
32.77	-2.3525
32.77	-2.3526
32.78	-2.3526
32.78	-2.3525
32.78	-2.3524
32.78	-2.3526
32.79	-2.3527
32.79	-2.3528
32.79	-2.3528
32.79	-2.3530
32.79	-2.3528
32.79	-2.3528
32.80	-2.3530
32.80	-2.3531
32.80	-2.3531
32.80	-2.3532
32.81	-2.3531
32.81	-2.3533
32.81	-2.3533
32.82	-2.3534
32.82	-2.3531
32.82	-2.3531
32.83	-2.3533
32.83	-2.3534
32.83	-2.3533
32.83	-2.3534
32.83	-2.3533
32.83	-2.3535
32.84	-2.3532
32.84	-2.3536
32.84	-2.3536
32.84	-2.3534
32.85	-2.3536
32.85	-2.3537
32.85	-2.3537
32.85	-2.3537
32.85	-2.3537
32.85	-2.3539
32.86	-2.3540
32.86	-2.3541
32.87	-2.3540
32.87	-2.3541
32.88	-2.3541
32.88	-2.3541
32.88	-2.3541
32.88	-2.3541
32.88	-2.3541
32.88	-2.3543
32.89	-2.3544
32.89	-2.3544
32.89	-2.3545
32.90	-2.3544
32.90	-2.3546
32.90	-2.3543
32.90	-2.3546
32.90	-2.3546
32.90	-2.3546
32.90	-2.3546
32.91	-2.3546
32.92	-2.3546
32.92	-2.3544
32.92	-2.3545
32.93	-2.3545
32.93	-2.3547
32.93	-2.3545
32.93	-2.3546
32.93	-2.3549
32.94	-2.3546
32.94	-2.3548
32.94	-2.3549
32.95	-2.3550
32.95	-2.3548
32.95	-2.3548
32.95	-2.3550
32.95	-2.3549
32.95	-2.3549
32.96	-2.3551
32.96	-2.3551
32.96	-2.3550
32.96	-2.3551
32.96	-2.3551
32.97	-2.3550
32.97	-2.3551
32.98	-2.3550
32.98	-2.3550
32.98	-2.3551
32.98	-2.3551
32.98	-2.3552
32.98	-2.3553
32.99	-2.3553
32.99	-2.3553
32.99	-2.3553
33.00	-2.3555
33.00	-2.3555
33.00	-2.3555
33.00	-2.3556
33.01	-2.3555
33.01	-2.3557
33.01	-2.3557
33.01	-2.3557
33.01	-2.3559
33.02	-2.3559
33.02	-2.3560
33.03	-2.3559
33.03	-2.3560
33.03	-2.3560
33.03	-2.3559
33.04	-2.3563
33.04	-2.3561
33.04	-2.3563
33.04	-2.3561
33.05	-2.3564
33.05	-2.3562
33.05	-2.3562
33.05	-2.3563
33.06	-2.3563
33.06	-2.3563
33.06	-2.3564
33.07	-2.3563
33.07	-2.3565
33.07	-2.3564
33.07	-2.3568
33.08	-2.3567
33.08	-2.3566
33.08	-2.3567
33.08	-2.3566
33.08	-2.3567
33.09	-2.3568
33.09	-2.3569
33.09	-2.3568
33.09	-2.3569
33.09	-2.3568
33.10	-2.3569
33.10	-2.3568
33.10	-2.3569
33.10	-2.3569
33.11	-2.3570
33.11	-2.3568
33.11	-2.3569
33.12	-2.3570
33.12	-2.3571
33.13	-2.3572
33.13	-2.3572
33.13	-2.3570
33.13	-2.3571
33.13	-2.3571
33.13	-2.3569
33.13	-2.3571
33.14	-2.3571
33.14	-2.3569
33.14	-2.3571
33.15	-2.3568
33.15	-2.3568
33.15	-2.3570
33.15	-2.3569
33.15	-2.3569
33.16	-2.3571
33.16	-2.3567
33.17	-2.3568
33.17	-2.3570
33.17	-2.3567
33.17	-2.3570
33.17	-2.3568
33.17	-2.3568
33.17	-2.3571
33.18	-2.3567
33.18	-2.3569
33.18	-2.3571
33.18	-2.3570
33.19	-2.3569
33.19	-2.3570
33.19	-2.3570
33.20	-2.3570
33.20	-2.3571
33.20	-2.3570
33.21	-2.3572
33.21	-2.3570
33.21	-2.3572
33.21	-2.3571
33.22	-2.3572
33.22	-2.3571
33.23	-2.3572
33.23	-2.3574
33.23	-2.3572
33.23	-2.3572
33.23	-2.3574
33.23	-2.3574
33.23	-2.3575
33.23	-2.3574
33.24	-2.3573
33.23	-2.3574
33.23	-2.3575
33.24	-2.3576
33.24	-2.3576
33.24	-2.3577
33.25	-2.3578
33.25	-2.3575
33.26	-2.3577
33.26	-2.3579
33.26	-2.3580
33.26	-2.3581
33.27	-2.3582
33.26	-2.3581
33.27	-2.3583
33.27	-2.3582
33.27	-2.3583
33.27	-2.3585
33.28	-2.3585
33.28	-2.3586
33.29	-2.3585
33.29	-2.3586
33.30	-2.3587
33.30	-2.3588
33.30	-2.3589
33.30	-2.3589
33.30	-2.3592
33.31	-2.3589
33.31	-2.3590
33.31	-2.3592
33.31	-2.3591
33.31	-2.3593
33.32	-2.3595
33.32	-2.3593
33.33	-2.3595
33.33	-2.3594
33.33	-2.3595
33.33	-2.3596
33.33	-2.3597
33.33	-2.3597
33.33	-2.3597
33.33	-2.3599
33.34	-2.3598
33.34	-2.3598
33.34	-2.3599
33.35	-2.3601
33.35	-2.3601
33.36	-2.3601
33.36	-2.3600
33.36	-2.3601
33.36	-2.3602
33.37	-2.3602
33.37	-2.3602
33.37	-2.3602
33.38	-2.3605
33.38	-2.3605
33.38	-2.3603
33.38	-2.3605
33.38	-2.3605
33.38	-2.3606
33.39	-2.3606
33.39	-2.3608
33.39	-2.3606
33.40	-2.3608
33.40	-2.3608
33.40	-2.3607
33.40	-2.3609
33.40	-2.3607
33.41	-2.3610
33.40	-2.3609
33.41	-2.3609
33.41	-2.3609
33.41	-2.3609
33.42	-2.3609
33.42	-2.3608
33.42	-2.3610
33.42	-2.3610
33.43	-2.3610
33.43	-2.3611
33.44	-2.3611
33.44	-2.3611
33.45	-2.3611
33.45	-2.3610
33.45	-2.3611
33.45	-2.3611
33.45	-2.3612
33.45	-2.3611
33.45	-2.3611
33.46	-2.3611
33.46	-2.3612
33.46	-2.3613
33.47	-2.3613
33.47	-2.3611
33.47	-2.3614
33.47	-2.3613
33.48	-2.3614
33.48	-2.3614
33.48	-2.3615
33.48	-2.3615
33.48	-2.3614
33.48	-2.3615
33.49	-2.3614
33.49	-2.3612
33.49	-2.3613
33.50	-2.3615
33.50	-2.3615
33.51	-2.3617
33.51	-2.3612
33.51	-2.3614
33.51	-2.3614
33.52	-2.3614
33.52	-2.3614
33.52	-2.3614
33.52	-2.3614
33.52	-2.3615
33.53	-2.3614
33.53	-2.3613
33.53	-2.3614
33.53	-2.3614
33.53	-2.3613
33.53	-2.3613
33.54	-2.3613
33.54	-2.3614
33.54	-2.3615
33.55	-2.3616
33.55	-2.3614
33.55	-2.3615
33.55	-2.3616
33.56	-2.3615
33.56	-2.3616
33.56	-2.3616
33.56	-2.3615
33.57	-2.3613
33.57	-2.3615
33.58	-2.3614
33.58	-2.3612
33.58	-2.3613
33.58	-2.3611
33.59	-2.3613
33.59	-2.3611
33.59	-2.3614
33.59	-2.3608
33.59	-2.3612
33.60	-2.3612
33.60	-2.3611
33.60	-2.3611
33.60	-2.3610
33.60	-2.3611
33.60	-2.3612
33.61	-2.3611
33.61	-2.3610
33.62	-2.3611
33.62	-2.3613
33.63	-2.3612
33.63	-2.3614
33.63	-2.3612
33.63	-2.3613
33.63	-2.3612
33.63	-2.3611
33.64	-2.3612
33.64	-2.3611
33.64	-2.3610
33.65	-2.3610
33.65	-2.3612
33.65	-2.3611
33.65	-2.3612
33.65	-2.3612
33.65	-2.3611
33.65	-2.3612
33.66	-2.3611
33.67	-2.3610
33.66	-2.3610
33.67	-2.3612
33.67	-2.3610
33.68	-2.3610
33.68	-2.3609
33.68	-2.3609
33.68	-2.3611
33.68	-2.3610
33.69	-2.3611
33.69	-2.3609
33.69	-2.3609
33.70	-2.3609
33.70	-2.3610
33.70	-2.3611
33.70	-2.3610
33.70	-2.3608
33.71	-2.3611
33.71	-2.3610
33.71	-2.3609
33.72	-2.3611
33.72	-2.3612
33.72	-2.3611
33.73	-2.3611
33.73	-2.3612
33.73	-2.3611
33.73	-2.3611
33.73	-2.3611
33.73	-2.3610
33.74	-2.3613
33.74	-2.3612
33.74	-2.3611
33.74	-2.3612
33.74	-2.3611
33.75	-2.3612
33.75	-2.3612
33.75	-2.3614
33.75	-2.3611
33.76	-2.3613
33.76	-2.3612
33.76	-2.3611
33.77	-2.3613
33.77	-2.3612
33.77	-2.3614
33.77	-2.3614
33.77	-2.3613
33.77	-2.3614
33.78	-2.3613
33.78	-2.3614
33.78	-2.3614
33.78	-2.3614
33.79	-2.3614
33.79	-2.3613
33.80	-2.3612
33.80	-2.3615
33.80	-2.3613
33.80	-2.3612
33.80	-2.3613
33.81	-2.3614
33.81	-2.3613
33.81	-2.3615
33.82	-2.3612
33.82	-2.3614
33.82	-2.3617
33.83	-2.3615
33.83	-2.3615
33.83	-2.3617
33.83	-2.3616
33.83	-2.3616
33.83	-2.3616
33.84	-2.3619
33.84	-2.3619
33.84	-2.3617
33.84	-2.3618
33.85	-2.3617
33.85	-2.3617
33.85	-2.3617
33.85	-2.3620
33.86	-2.3619
33.86	-2.3619
33.86	-2.3620
33.86	-2.3619
33.86	-2.3618
33.87	-2.3622
33.87	-2.3622
33.87	-2.3621
33.88	-2.3622
33.88	-2.3621
33.88	-2.3620
33.88	-2.3620
33.88	-2.3622
33.89	-2.3623
33.89	-2.3623
33.89	-2.3623
33.90	-2.3622
33.90	-2.3623
33.90	-2.3623
33.90	-2.3623
33.90	-2.3622
33.91	-2.3624
33.91	-2.3624
33.92	-2.3623
33.92	-2.3624
33.92	-2.3624
33.92	-2.3624
33.92	-2.3626
33.93	-2.3625
33.93	-2.3626
33.93	-2.3626
33.94	-2.3627
33.94	-2.3626
33.94	-2.3626
33.95	-2.3628
33.95	-2.3626
33.95	-2.3628
33.95	-2.3628
33.95	-2.3629
33.95	-2.3627
33.96	-2.3628
33.96	-2.3630
33.96	-2.3630
33.97	-2.3629
33.97	-2.3629
33.97	-2.3630
33.98	-2.3629
33.98	-2.3629
33.98	-2.3630
33.98	-2.3631
33.99	-2.3632
33.99	-2.3629
33.99	-2.3631
33.99	-2.3632
33.99	-2.3630
33.99	-2.3631
33.99	-2.3632
34.00	-2.3630
34.00	-2.3633
34.00	-2.3633
34.01	-2.3630
34.01	-2.3632
34.01	-2.3633
34.02	-2.3632
34.02	-2.3634
34.02	-2.3634
34.02	-2.3633
34.02	-2.3634
34.02	-2.3636
34.03	-2.3632
34.03	-2.3634
34.04	-2.3636
34.04	-2.3635
34.05	-2.3635
34.05	-2.3635
34.05	-2.3634
34.05	-2.3636
34.05	-2.3636
34.05	-2.3638
34.05	-2.3635
34.05	-2.3637
34.06	-2.3638
34.05	-2.3638
34.06	-2.3638
34.07	-2.3641
34.07	-2.3636
34.08	-2.3640
34.08	-2.3640
34.08	-2.3640
34.09	-2.3643
34.09	-2.3640
34.09	-2.3642
34.09	-2.3644
34.09	-2.3642
34.09	-2.3643
34.09	-2.3643
34.09	-2.3641
34.10	-2.3643
34.10	-2.3645
34.11	-2.3644
34.11	-2.3642
34.11	-2.3645
34.11	-2.3644
34.12	-2.3645
34.12	-2.3645
34.13	-2.3646
34.13	-2.3645
34.13	-2.3647
34.13	-2.3646
34.13	-2.3646
34.13	-2.3649
34.13	-2.3649
34.13	-2.3647
34.13	-2.3648
34.14	-2.3649
34.14	-2.3648
34.15	-2.3649
34.15	-2.3647
34.15	-2.3650
34.15	-2.3648
34.15	-2.3649
34.15	-2.3651
34.16	-2.3649
34.16	-2.3649
34.17	-2.3651
34.17	-2.3650
34.17	-2.3651
34.17	-2.3650
34.17	-2.3651
34.18	-2.3650
34.18	-2.3652
34.18	-2.3651
34.18	-2.3652
34.19	-2.3652
34.19	-2.3652
34.19	-2.3653
34.19	-2.3654
34.20	-2.3653
34.20	-2.3653
34.20	-2.3655
34.20	-2.3654
34.21	-2.3652
34.21	-2.3653
34.21	-2.3654
34.21	-2.3654
34.21	-2.3653
34.22	-2.3654
34.22	-2.3654
34.22	-2.3654
34.23	-2.3655
34.23	-2.3655
34.23	-2.3655
34.23	-2.3655
34.24	-2.3657
34.24	-2.3656
34.24	-2.3655
34.24	-2.3657
34.25	-2.3657
34.25	-2.3658
34.25	-2.3658
34.25	-2.3657
34.25	-2.3659
34.26	-2.3660
34.26	-2.3661
34.26	-2.3658
34.27	-2.3659
34.27	-2.3661
34.27	-2.3662
34.27	-2.3661
34.28	-2.3660
34.28	-2.3662
34.28	-2.3663
34.28	-2.3662
34.28	-2.3661
34.28	-2.3662
34.29	-2.3662
34.29	-2.3662
34.29	-2.3663
34.30	-2.3663
34.30	-2.3664
34.30	-2.3663
34.30	-2.3664
34.31	-2.3663
34.31	-2.3664
34.31	-2.3664
34.31	-2.3664
34.32	-2.3664
34.33	-2.3666
34.33	-2.3667
34.33	-2.3664
34.33	-2.3665
34.34	-2.3666
34.34	-2.3664
34.34	-2.3667
34.34	-2.3668
34.34	-2.3669
34.34	-2.3670
34.34	-2.3669
34.35	-2.3668
34.35	-2.3668
34.36	-2.3668
34.36	-2.3669
34.36	-2.3671
34.36	-2.3669
34.37	-2.3670
34.37	-2.3672
34.37	-2.3672
34.37	-2.3671
34.38	-2.3673
34.38	-2.3671
34.38	-2.3674
34.38	-2.3674
34.38	-2.3673
34.39	-2.3673
34.39	-2.3673
34.39	-2.3673
34.39	-2.3674
34.40	-2.3674
34.40	-2.3676
34.40	-2.3674
34.40	-2.3676
34.41	-2.3674
34.41	-2.3676
34.41	-2.3677
34.42	-2.3678
34.42	-2.3679
34.42	-2.3677
34.42	-2.3680
34.43	-2.3680
34.43	-2.3680
34.43	-2.3680
34.43	-2.3679
34.43	-2.3681
34.44	-2.3678
34.44	-2.3681
34.44	-2.3682
34.44	-2.3682
34.45	-2.3682
34.45	-2.3683
34.45	-2.3685
34.45	-2.3685
34.45	-2.3683
34.46	-2.3685
34.46	-2.3684
34.47	-2.3686
34.47	-2.3686
34.47	-2.3686
34.47	-2.3687
34.48	-2.3689
34.48	-2.3689
34.48	-2.3687
34.48	-2.3689
34.49	-2.3691
34.49	-2.3689
34.49	-2.3690
34.49	-2.3690
34.49	-2.3691
34.49	-2.3691
34.50	-2.3690
34.50	-2.3693
34.50	-2.3693
34.51	-2.3693
34.51	-2.3692
34.51	-2.3695
34.51	-2.3693
34.52	-2.3694
34.52	-2.3695
34.52	-2.3694
34.52	-2.3692
34.52	-2.3693
34.53	-2.3695
34.53	-2.3694
34.53	-2.3694
34.53	-2.3694
34.53	-2.3696
34.54	-2.3694
34.55	-2.3695
34.55	-2.3697
34.55	-2.3695
34.55	-2.3696
34.55	-2.3696
34.55	-2.3697
34.56	-2.3694
34.56	-2.3694
34.56	-2.3694
34.57	-2.3696
34.57	-2.3697
34.57	-2.3696
34.58	-2.3697
34.58	-2.3696
34.58	-2.3697
34.58	-2.3696
34.58	-2.3696
34.58	-2.3697
34.59	-2.3696
34.59	-2.3697
34.59	-2.3696
34.59	-2.3696
34.60	-2.3696
34.60	-2.3697
34.61	-2.3697
34.61	-2.3697
34.61	-2.3698
34.61	-2.3698
34.62	-2.3698
34.62	-2.3699
34.62	-2.3700
34.62	-2.3699
34.62	-2.3700
34.63	-2.3703
34.63	-2.3701
34.63	-2.3702
34.64	-2.3704
34.64	-2.3704
34.65	-2.3703
34.65	-2.3704
34.65	-2.3705
34.65	-2.3706
34.65	-2.3705
34.65	-2.3706
34.65	-2.3706
34.66	-2.3707
34.66	-2.3707
34.66	-2.3707
34.66	-2.3705
34.67	-2.3707
34.67	-2.3707
34.67	-2.3707
34.67	-2.3707
34.68	-2.3709
34.68	-2.3710
34.68	-2.3707
34.68	-2.3710
34.68	-2.3710
34.69	-2.3709
34.69	-2.3709
34.69	-2.3708
34.70	-2.3711
34.70	-2.3710
34.70	-2.3711
34.71	-2.3710
34.71	-2.3710
34.71	-2.3713
34.72	-2.3712
34.72	-2.3711
34.73	-2.3711
34.73	-2.3712
34.73	-2.3713
34.73	-2.3712
34.73	-2.3712
34.73	-2.3713
34.73	-2.3713
34.73	-2.3714
34.73	-2.3713
34.73	-2.3713
34.74	-2.3715
34.74	-2.3714
34.74	-2.3715
34.75	-2.3713
34.75	-2.3717
34.75	-2.3715
34.76	-2.3716
34.76	-2.3715
34.76	-2.3715
34.76	-2.3717
34.77	-2.3713
34.77	-2.3716
34.78	-2.3716
34.78	-2.3718
34.78	-2.3714
34.79	-2.3714
34.79	-2.3716
34.79	-2.3715
34.79	-2.3718
34.79	-2.3717
34.79	-2.3717
34.80	-2.3718
34.80	-2.3719
34.80	-2.3719
34.81	-2.3719
34.81	-2.3722
34.81	-2.3721
34.81	-2.3721
34.81	-2.3721
34.82	-2.3722
34.82	-2.3722
34.82	-2.3723
34.82	-2.3723
34.82	-2.3724
34.83	-2.3724
34.83	-2.3725
34.84	-2.3724
34.84	-2.3723
34.83	-2.3725
34.83	-2.3725
34.84	-2.3725
34.84	-2.3726
34.84	-2.3728
34.84	-2.3726
34.85	-2.3727
34.85	-2.3728
34.86	-2.3727
34.86	-2.3728
34.86	-2.3729
34.87	-2.3730
34.87	-2.3730
34.87	-2.3731
34.88	-2.3731
34.88	-2.3734
34.88	-2.3731
34.88	-2.3735
34.88	-2.3734
34.88	-2.3734
34.89	-2.3735
34.89	-2.3735
34.89	-2.3736
34.89	-2.3735
34.90	-2.3736
34.90	-2.3740
34.90	-2.3738
34.90	-2.3740
34.90	-2.3738
34.90	-2.3741
34.91	-2.3739
34.91	-2.3741
34.92	-2.3742
34.92	-2.3742
34.93	-2.3741
34.93	-2.3743
34.93	-2.3741
34.93	-2.3743
34.93	-2.3744
34.93	-2.3745
34.94	-2.3744
34.94	-2.3747
34.94	-2.3746
34.95	-2.3746
34.95	-2.3746
34.95	-2.3744
34.95	-2.3747
34.95	-2.3747
34.95	-2.3747
34.96	-2.3750
34.96	-2.3748
34.96	-2.3749
34.96	-2.3749
34.97	-2.3750
34.97	-2.3752
34.98	-2.3751
34.98	-2.3751
34.98	-2.3753
34.98	-2.3752
34.99	-2.3753
34.99	-2.3753
34.99	-2.3755
34.99	-2.3754
34.99	-2.3752
34.99	-2.3754
34.99	-2.3754
34.99	-2.3752
35.00	-2.3753
35.00	-2.3756
35.01	-2.3754
35.01	-2.3753
35.02	-2.3755
35.02	-2.3757
35.02	-2.3754
35.02	-2.3755
35.02	-2.3754
35.02	-2.3755
35.03	-2.3757
35.03	-2.3758
35.03	-2.3758
35.03	-2.3758
35.04	-2.3757
35.04	-2.3759
35.04	-2.3758
35.05	-2.3758
35.05	-2.3759
35.05	-2.3759
35.05	-2.3761
35.05	-2.3761
35.06	-2.3760
35.06	-2.3760
35.06	-2.3760
35.06	-2.3760
35.06	-2.3761
35.06	-2.3761
35.07	-2.3761
35.08	-2.3760
35.08	-2.3761
35.08	-2.3762
35.08	-2.3762
35.08	-2.3760
35.09	-2.3763
35.09	-2.3763
35.09	-2.3762
35.09	-2.3762
35.09	-2.3761
35.10	-2.3762
35.10	-2.3763
35.10	-2.3762
35.10	-2.3763
35.10	-2.3762
35.11	-2.3767
35.11	-2.3763
35.12	-2.3764
35.12	-2.3764
35.12	-2.3764
35.12	-2.3764
35.13	-2.3765
35.13	-2.3764
35.13	-2.3766
35.14	-2.3763
35.14	-2.3765
35.14	-2.3764
35.14	-2.3766
35.15	-2.3764
35.15	-2.3764
35.15	-2.3765
35.15	-2.3766
35.15	-2.3765
35.16	-2.3766
35.16	-2.3765
35.16	-2.3764
35.17	-2.3766
35.17	-2.3764
35.18	-2.3765
35.18	-2.3765
35.18	-2.3766
35.18	-2.3767
35.18	-2.3767
35.18	-2.3768
35.19	-2.3766
35.19	-2.3768
35.19	-2.3767
35.19	-2.3767
35.19	-2.3765
35.20	-2.3766
35.20	-2.3766
35.20	-2.3768
35.20	-2.3766
35.20	-2.3766
35.21	-2.3766
35.21	-2.3766
35.21	-2.3765
35.22	-2.3765
35.22	-2.3767
35.23	-2.3767
35.23	-2.3767
35.23	-2.3765
35.23	-2.3766
35.24	-2.3764
35.24	-2.3768
35.24	-2.3766
35.24	-2.3765
35.24	-2.3766
35.24	-2.3766
35.24	-2.3765
35.25	-2.3766
35.25	-2.3764
35.25	-2.3766
35.26	-2.3766
35.26	-2.3765
35.26	-2.3764
35.26	-2.3764
35.27	-2.3765
35.27	-2.3764
35.27	-2.3767
35.27	-2.3763
35.27	-2.3764
35.28	-2.3765
35.29	-2.3764
35.29	-2.3765
35.29	-2.3764
35.30	-2.3765
35.30	-2.3765
35.30	-2.3764
35.30	-2.3764
35.30	-2.3764
35.30	-2.3765
35.31	-2.3763
35.31	-2.3764
35.31	-2.3763
35.31	-2.3765
35.32	-2.3764
35.32	-2.3764
35.32	-2.3765
35.33	-2.3765
35.33	-2.3765
35.33	-2.3765
35.33	-2.3765
35.34	-2.3766
35.34	-2.3766
35.34	-2.3768
35.34	-2.3767
35.34	-2.3769
35.34	-2.3769
35.34	-2.3770
35.35	-2.3766
35.35	-2.3768
35.35	-2.3769
35.36	-2.3767
35.36	-2.3770
35.36	-2.3769
35.36	-2.3771
35.37	-2.3771
35.37	-2.3770
35.37	-2.3770
35.38	-2.3770
35.38	-2.3771
35.38	-2.3772
35.38	-2.3772
35.38	-2.3774
35.39	-2.3772
35.39	-2.3774
35.40	-2.3772
35.40	-2.3773
35.40	-2.3775
35.40	-2.3772
35.40	-2.3773
35.41	-2.3774
35.41	-2.3774
35.42	-2.3775
35.42	-2.3775
35.42	-2.3775
35.42	-2.3774
35.42	-2.3774
35.43	-2.3773
35.43	-2.3776
35.43	-2.3776
35.43	-2.3775
35.43	-2.3776
35.43	-2.3775
35.44	-2.3775
35.44	-2.3776
35.44	-2.3776
35.44	-2.3776
35.45	-2.3776
35.45	-2.3776
35.45	-2.3776
35.45	-2.3776
35.46	-2.3778
35.46	-2.3777
35.47	-2.3778
35.47	-2.3778
35.47	-2.3777
35.48	-2.3776
35.48	-2.3779
35.48	-2.3778
35.48	-2.3779
35.48	-2.3779
35.49	-2.3777
35.49	-2.3779
35.49	-2.3779
35.49	-2.3782
35.49	-2.3780
35.50	-2.3780
35.50	-2.3782
35.50	-2.3782
35.50	-2.3783
35.50	-2.3782
35.51	-2.3784
35.51	-2.3782
35.52	-2.3784
35.52	-2.3783
35.52	-2.3785
35.52	-2.3784
35.53	-2.3784
35.53	-2.3784
35.53	-2.3785
35.53	-2.3786
35.53	-2.3786
35.53	-2.3788
35.54	-2.3788
35.54	-2.3788
35.54	-2.3787
35.54	-2.3788
35.55	-2.3788
35.55	-2.3789
35.55	-2.3789
35.55	-2.3791
35.56	-2.3790
35.56	-2.3791
35.56	-2.3790
35.56	-2.3791
35.57	-2.3791
35.57	-2.3790
35.57	-2.3791
35.58	-2.3792
35.58	-2.3794
35.58	-2.3793
35.58	-2.3793
35.58	-2.3795
35.58	-2.3795
35.58	-2.3795
35.59	-2.3796
35.59	-2.3794
35.60	-2.3795
35.60	-2.3797
35.60	-2.3795
35.60	-2.3795
35.61	-2.3796
35.61	-2.3796
35.61	-2.3796
35.62	-2.3797
35.62	-2.3796
35.62	-2.3798
35.62	-2.3799
35.63	-2.3799
35.63	-2.3798
35.63	-2.3797
35.63	-2.3799
35.63	-2.3797
35.64	-2.3800
35.64	-2.3799
35.64	-2.3801
35.65	-2.3800
35.65	-2.3800
35.65	-2.3800
35.65	-2.3801
35.65	-2.3800
35.65	-2.3803
35.66	-2.3803
35.66	-2.3802
35.67	-2.3804
35.67	-2.3804
35.67	-2.3803
35.67	-2.3804
35.68	-2.3803
35.68	-2.3805
35.68	-2.3805
35.68	-2.3804
35.69	-2.3806
35.69	-2.3806
35.69	-2.3806
35.69	-2.3805
35.69	-2.3807
35.70	-2.3807
35.70	-2.3807
35.70	-2.3806
35.70	-2.3806
35.71	-2.3809
35.71	-2.3807
35.71	-2.3806
35.71	-2.3807
35.72	-2.3809
35.72	-2.3808
35.72	-2.3808
35.72	-2.3810
35.73	-2.3809
35.73	-2.3810
35.73	-2.3811
35.73	-2.3811
35.74	-2.3813
35.74	-2.3813
35.74	-2.3813
35.75	-2.3812
35.75	-2.3812
35.75	-2.3812
35.75	-2.3813
35.76	-2.3812
35.76	-2.3814
35.76	-2.3813
35.76	-2.3814
35.76	-2.3812
35.77	-2.3815
35.77	-2.3815
35.77	-2.3815
35.77	-2.3814
35.77	-2.3815
35.78	-2.3813
35.78	-2.3813
35.78	-2.3814
35.79	-2.3816
35.79	-2.3815
35.79	-2.3815
35.80	-2.3814
35.80	-2.3815
35.80	-2.3815
35.81	-2.3814
35.81	-2.3816
35.81	-2.3816
35.81	-2.3818
35.81	-2.3818
35.81	-2.3817
35.82	-2.3817
35.82	-2.3817
35.83	-2.3818
35.83	-2.3818
35.83	-2.3818
35.83	-2.3817
35.83	-2.3819
35.83	-2.3819
35.84	-2.3819
35.84	-2.3818
35.84	-2.3820
35.85	-2.3821
35.85	-2.3819
35.85	-2.3820
35.85	-2.3820
35.86	-2.3820
35.86	-2.3820
35.86	-2.3819
35.86	-2.3822
35.86	-2.3820
35.87	-2.3821
35.87	-2.3822
35.87	-2.3820
35.87	-2.3822
35.87	-2.3822
35.88	-2.3821
35.88	-2.3820
35.88	-2.3823
35.88	-2.3821
35.88	-2.3824
35.89	-2.3823
35.89	-2.3822
35.90	-2.3823
35.90	-2.3822
35.90	-2.3825
35.90	-2.3824
35.91	-2.3824
35.91	-2.3824
35.91	-2.3826
35.92	-2.3825
35.92	-2.3826
35.92	-2.3826
35.92	-2.3827
35.92	-2.3824
35.92	-2.3826
35.93	-2.3826
35.93	-2.3827
35.93	-2.3828
35.93	-2.3827
35.93	-2.3828
35.93	-2.3827
35.94	-2.3828
35.94	-2.3828
35.95	-2.3826
35.95	-2.3828
35.95	-2.3829
35.95	-2.3829
35.96	-2.3827
35.96	-2.3829
35.96	-2.3831
35.96	-2.3830
35.97	-2.3829
35.97	-2.3830
35.97	-2.3831
35.98	-2.3830
35.98	-2.3830
35.98	-2.3833
35.98	-2.3832
35.98	-2.3831
35.98	-2.3833
35.99	-2.3833
35.99	-2.3834
35.99	-2.3832
35.99	-2.3831
35.99	-2.3835
35.99	-2.3833
35.99	-2.3835
36.00	-2.3836
36.00	-2.3837
36.00	-2.3835
36.01	-2.3837
36.02	-2.3838
36.02	-2.3837
36.02	-2.3840
36.02	-2.3840
36.02	-2.3840
36.02	-2.3841
36.03	-2.3841
36.03	-2.3841
36.04	-2.3842
36.04	-2.3840
36.04	-2.3844
36.04	-2.3843
36.04	-2.3841
36.05	-2.3843
36.05	-2.3842
36.05	-2.3844
36.06	-2.3843
36.06	-2.3845
36.06	-2.3845
36.06	-2.3847
36.07	-2.3847
36.07	-2.3846
36.08	-2.3846
36.08	-2.3847
36.08	-2.3848
36.08	-2.3849
36.08	-2.3848
36.08	-2.3848
36.09	-2.3849
36.09	-2.3849
36.09	-2.3849
36.09	-2.3849
36.09	-2.3850
36.10	-2.3848
36.10	-2.3849
36.10	-2.3850
36.11	-2.3848
36.11	-2.3850
36.11	-2.3852
36.11	-2.3849
36.11	-2.3852
36.12	-2.3852
36.12	-2.3854
36.12	-2.3850
36.12	-2.3854
36.13	-2.3853
36.13	-2.3853
36.13	-2.3851
36.13	-2.3855
36.14	-2.3855
36.14	-2.3855
36.15	-2.3856
36.15	-2.3855
36.15	-2.3855
36.15	-2.3857
36.15	-2.3856
36.15	-2.3854
36.16	-2.3858
36.16	-2.3857
36.16	-2.3859
36.17	-2.3859
36.17	-2.3860
36.17	-2.3861
36.17	-2.3859
36.18	-2.3860
36.18	-2.3860
36.18	-2.3861
36.19	-2.3861
36.19	-2.3862
36.19	-2.3862
36.20	-2.3862
36.20	-2.3860
36.20	-2.3863
36.20	-2.3863
36.20	-2.3864
36.20	-2.3864
36.21	-2.3864
36.21	-2.3863
36.22	-2.3863
36.22	-2.3865
36.22	-2.3864
36.22	-2.3866
36.23	-2.3865
36.23	-2.3866
36.23	-2.3866
36.23	-2.3866
36.23	-2.3868
36.24	-2.3864
36.24	-2.3865
36.24	-2.3867
36.24	-2.3868
36.24	-2.3866
36.24	-2.3867
36.24	-2.3868
36.25	-2.3865
36.25	-2.3866
36.25	-2.3868
36.25	-2.3867
36.25	-2.3866
36.26	-2.3868
36.27	-2.3866
36.27	-2.3866
36.27	-2.3867
36.27	-2.3865
36.27	-2.3869
36.28	-2.3869
36.28	-2.3867
36.29	-2.3868
36.29	-2.3868
36.29	-2.3868
36.29	-2.3869
36.29	-2.3866
36.30	-2.3868
36.30	-2.3865
36.30	-2.3868
36.30	-2.3868
36.30	-2.3868
36.31	-2.3869
36.31	-2.3869
36.31	-2.3870
36.31	-2.3868
36.32	-2.3869
36.32	-2.3868
36.33	-2.3868
36.33	-2.3868
36.33	-2.3869
36.33	-2.3868
36.33	-2.3867
36.34	-2.3869
36.34	-2.3870
36.34	-2.3870
36.34	-2.3870
36.34	-2.3873
36.35	-2.3869
36.35	-2.3872
36.36	-2.3872
36.36	-2.3871
36.36	-2.3872
36.36	-2.3874
36.37	-2.3876
36.37	-2.3874
36.37	-2.3874
36.37	-2.3875
36.38	-2.3876
36.38	-2.3875
36.38	-2.3878
36.38	-2.3877
36.38	-2.3879
36.39	-2.3879
36.39	-2.3880
36.39	-2.3879
36.40	-2.3881
36.40	-2.3882
36.40	-2.3884
36.40	-2.3883
36.40	-2.3883
36.41	-2.3886
36.41	-2.3883
36.42	-2.3886
36.42	-2.3884
36.42	-2.3887
36.42	-2.3889
36.43	-2.3889
36.43	-2.3887
36.43	-2.3890
36.43	-2.3891
36.43	-2.3891
36.43	-2.3892
36.44	-2.3893
36.44	-2.3892
36.44	-2.3892
36.44	-2.3894
36.45	-2.3896
36.45	-2.3896
36.45	-2.3897
36.45	-2.3897
36.45	-2.3897
36.46	-2.3898
36.46	-2.3898
36.47	-2.3900
36.47	-2.3901
36.47	-2.3900
36.48	-2.3902
36.48	-2.3904
36.48	-2.3906
36.48	-2.3905
36.48	-2.3905
36.49	-2.3906
36.49	-2.3906
36.49	-2.3905
36.49	-2.3907
36.49	-2.3908
36.50	-2.3908
36.50	-2.3909
36.51	-2.3910
36.51	-2.3910
36.51	-2.3910
36.51	-2.3911
36.51	-2.3910
36.51	-2.3913
36.52	-2.3913
36.52	-2.3914
36.52	-2.3913
36.52	-2.3915
36.53	-2.3916
36.53	-2.3916
36.54	-2.3918
36.54	-2.3919
36.54	-2.3920
36.54	-2.3920
36.55	-2.3920
36.55	-2.3920
36.55	-2.3921
36.55	-2.3922
36.56	-2.3920
36.56	-2.3923
36.56	-2.3924
36.56	-2.3924
36.56	-2.3922
36.57	-2.3924
36.57	-2.3925
36.57	-2.3926
36.58	-2.3925
36.58	-2.3926
36.58	-2.3926
36.58	-2.3927
36.58	-2.3928
36.59	-2.3928
36.59	-2.3930
36.59	-2.3929
36.59	-2.3928
36.59	-2.3931
36.59	-2.3929
36.59	-2.3930
36.60	-2.3930
36.60	-2.3930
36.61	-2.3931
36.61	-2.3930
36.61	-2.3930
36.62	-2.3931
36.62	-2.3930
36.62	-2.3932
36.62	-2.3931
36.63	-2.3933
36.63	-2.3930
36.63	-2.3930
36.64	-2.3933
36.64	-2.3931
36.64	-2.3932
36.64	-2.3932
36.64	-2.3932
36.64	-2.3933
36.65	-2.3932
36.65	-2.3932
36.65	-2.3932
36.66	-2.3934
36.66	-2.3932
36.66	-2.3933
36.67	-2.3931
36.67	-2.3933
36.67	-2.3934
36.67	-2.3933
36.68	-2.3933
36.68	-2.3936
36.68	-2.3936
36.68	-2.3933
36.68	-2.3935
36.68	-2.3934
36.69	-2.3934
36.69	-2.3933
36.70	-2.3934
36.70	-2.3934
36.70	-2.3934
36.70	-2.3936
36.71	-2.3935
36.71	-2.3935
36.71	-2.3933
36.71	-2.3933
36.71	-2.3936
36.72	-2.3935
36.72	-2.3936
36.73	-2.3936
36.73	-2.3936
36.73	-2.3935
36.73	-2.3934
36.73	-2.3934
36.73	-2.3934
36.73	-2.3935
36.74	-2.3935
36.74	-2.3936
36.74	-2.3935
36.75	-2.3934
36.75	-2.3936
36.75	-2.3936
36.75	-2.3934
36.76	-2.3937
36.76	-2.3936
36.76	-2.3938
36.77	-2.3937
36.77	-2.3938
36.77	-2.3938
36.77	-2.3938
36.77	-2.3937
36.78	-2.3937
36.78	-2.3939
36.78	-2.3938
36.78	-2.3938
36.79	-2.3938
36.79	-2.3938
36.79	-2.3940
36.80	-2.3940
36.80	-2.3940
36.80	-2.3941
36.80	-2.3941
36.80	-2.3941
36.80	-2.3941
36.81	-2.3940
36.81	-2.3941
36.81	-2.3942
36.81	-2.3941
36.81	-2.3941
36.82	-2.3942
36.82	-2.3940
36.82	-2.3943
36.83	-2.3942
36.83	-2.3942
36.83	-2.3942
36.83	-2.3941
36.84	-2.3942
36.84	-2.3942
36.84	-2.3942
36.84	-2.3942
36.84	-2.3941
36.84	-2.3942
36.84	-2.3940
36.85	-2.3941
36.85	-2.3939
36.85	-2.3940
36.86	-2.3941
36.86	-2.3940
36.87	-2.3939
36.87	-2.3939
36.87	-2.3939
36.88	-2.3938
36.88	-2.3937
36.88	-2.3940
36.88	-2.3939
36.89	-2.3939
36.89	-2.3939
36.89	-2.3937
36.89	-2.3938
36.89	-2.3937
36.90	-2.3938
36.90	-2.3937
36.90	-2.3937
36.91	-2.3938
36.91	-2.3938
36.91	-2.3937
36.92	-2.3938
36.92	-2.3938
36.92	-2.3940
36.92	-2.3939
36.93	-2.3940
36.93	-2.3939
36.93	-2.3939
36.93	-2.3938
36.93	-2.3940
36.93	-2.3940
36.94	-2.3938
36.94	-2.3939
36.94	-2.3939
36.95	-2.3938
36.95	-2.3938
36.95	-2.3939
36.95	-2.3940
36.95	-2.3939
36.95	-2.3941
36.95	-2.3940
36.96	-2.3937
36.96	-2.3938
36.96	-2.3940
36.97	-2.3939
36.97	-2.3941
36.97	-2.3940
36.98	-2.3942
36.98	-2.3943
36.98	-2.3940
36.98	-2.3943
36.99	-2.3943
36.99	-2.3942
36.99	-2.3942
36.99	-2.3942
36.99	-2.3945
36.99	-2.3941
36.99	-2.3942
37.00	-2.3944
37.00	-2.3942
37.00	-2.3943
37.01	-2.3944
37.01	-2.3943
37.01	-2.3943
37.02	-2.3944
37.02	-2.3945
37.02	-2.3944
37.02	-2.3946
37.02	-2.3945
37.02	-2.3945
37.03	-2.3947
37.03	-2.3947
37.03	-2.3948
37.04	-2.3946
37.04	-2.3948
37.04	-2.3946
37.05	-2.3949
37.05	-2.3948
37.05	-2.3948
37.05	-2.3948
37.06	-2.3948
37.06	-2.3949
37.07	-2.3947
37.07	-2.3950
37.07	-2.3949
37.08	-2.3949
37.08	-2.3950
37.08	-2.3949
37.08	-2.3952
37.08	-2.3951
37.08	-2.3953
37.09	-2.3954
37.09	-2.3954
37.09	-2.3955
37.09	-2.3956
37.10	-2.3953
37.10	-2.3955
37.10	-2.3955
37.11	-2.3957
37.11	-2.3955
37.11	-2.3956
37.12	-2.3958
37.12	-2.3956
37.12	-2.3958
37.12	-2.3954
37.13	-2.3958
37.13	-2.3957
37.13	-2.3956
37.13	-2.3958
37.13	-2.3958
37.13	-2.3957
37.13	-2.3957
37.14	-2.3958
37.14	-2.3956
37.15	-2.3958
37.15	-2.3958
37.15	-2.3958
37.15	-2.3960
37.15	-2.3960
37.15	-2.3959
37.16	-2.3959
37.16	-2.3959
37.16	-2.3961
37.17	-2.3959
37.17	-2.3959
37.18	-2.3961
37.18	-2.3960
37.18	-2.3961
37.18	-2.3961
37.18	-2.3962
37.18	-2.3961
37.19	-2.3962
37.19	-2.3963
37.20	-2.3963
37.20	-2.3962
37.20	-2.3965
37.20	-2.3963
37.20	-2.3963
37.20	-2.3964
37.20	-2.3966
37.20	-2.3966
37.21	-2.3965
37.21	-2.3966
37.22	-2.3966
37.22	-2.3966
37.22	-2.3969
37.22	-2.3966
37.23	-2.3966
37.23	-2.3967
37.23	-2.3967
37.23	-2.3966
37.23	-2.3970
37.24	-2.3968
37.24	-2.3967
37.24	-2.3969
37.24	-2.3967
37.25	-2.3970
37.25	-2.3970
37.25	-2.3969
37.26	-2.3970
37.26	-2.3970
37.26	-2.3969
37.27	-2.3969
37.27	-2.3969
37.27	-2.3970
37.27	-2.3971
37.27	-2.3971
37.27	-2.3971
37.27	-2.3970
37.28	-2.3972
37.28	-2.3971
37.29	-2.3973
37.29	-2.3974
37.29	-2.3973
37.29	-2.3974
37.30	-2.3974
37.30	-2.3974
37.30	-2.3972
37.30	-2.3974
37.31	-2.3974
37.31	-2.3974
37.31	-2.3975
37.31	-2.3977
37.32	-2.3976
37.32	-2.3977
37.32	-2.3978
37.33	-2.3978
37.33	-2.3978
37.33	-2.3979
37.33	-2.3977
37.33	-2.3980
37.34	-2.3980
37.34	-2.3983
37.34	-2.3982
37.34	-2.3983
37.34	-2.3983
37.34	-2.3984
37.35	-2.3984
37.35	-2.3982
37.35	-2.3986
37.36	-2.3985
37.36	-2.3985
37.36	-2.3984
37.37	-2.3985
37.37	-2.3984
37.37	-2.3986
37.38	-2.3985
37.38	-2.3986
37.38	-2.3986
37.38	-2.3986
37.38	-2.3987
37.38	-2.3986
37.39	-2.3987
37.40	-2.3989
37.40	-2.3990
37.40	-2.3989
37.40	-2.3989
37.40	-2.3989
37.40	-2.3990
37.41	-2.3991
37.41	-2.3992
37.41	-2.3991
37.42	-2.3992
37.42	-2.3991
37.43	-2.3992
37.43	-2.3993
37.43	-2.3993
37.43	-2.3993
37.43	-2.3992
37.44	-2.3996
37.44	-2.3993
37.44	-2.3993
37.44	-2.3994
37.44	-2.3994
37.44	-2.3992
37.44	-2.3996
37.44	-2.3995
37.45	-2.3995
37.45	-2.3995
37.45	-2.3995
37.45	-2.3996
37.46	-2.3995
37.46	-2.3997
37.46	-2.3996
37.46	-2.3997
37.47	-2.3999
37.47	-2.3997
37.47	-2.3997
37.48	-2.3998
37.48	-2.3998
37.48	-2.3998
37.49	-2.3998
37.49	-2.3999
37.49	-2.3997
37.49	-2.3999
37.49	-2.3998
37.50	-2.4001
37.50	-2.4001
37.50	-2.4000
37.51	-2.4000
37.51	-2.4000
37.52	-2.4001
37.52	-2.3999
37.52	-2.4000
37.52	-2.4003
37.52	-2.4001
37.52	-2.4001
37.52	-2.4002
37.53	-2.4004
37.53	-2.4004
37.53	-2.4003
37.53	-2.4004
37.54	-2.4005
37.54	-2.4003
37.54	-2.4006
37.55	-2.4006
37.55	-2.4006
37.55	-2.4005
37.56	-2.4006
37.56	-2.4005
37.56	-2.4006
37.57	-2.4006
37.57	-2.4007
37.57	-2.4006
37.57	-2.4008
37.58	-2.4007
37.58	-2.4008
37.58	-2.4009
37.58	-2.4011
37.58	-2.4011
37.58	-2.4010
37.59	-2.4012
37.59	-2.4014
37.59	-2.4012
37.59	-2.4012
37.59	-2.4013
37.60	-2.4013
37.60	-2.4014
37.60	-2.4013
37.61	-2.4014
37.61	-2.4014
37.61	-2.4015
37.62	-2.4014
37.62	-2.4017
37.62	-2.4014
37.62	-2.4017
37.63	-2.4017
37.63	-2.4018
37.63	-2.4018
37.63	-2.4018
37.63	-2.4018
37.63	-2.4018
37.64	-2.4018
37.64	-2.4018
37.64	-2.4018
37.65	-2.4019
37.65	-2.4017
37.65	-2.4017
37.65	-2.4020
37.66	-2.4019
37.66	-2.4019
37.66	-2.4019
37.66	-2.4019
37.67	-2.4019
37.67	-2.4020
37.68	-2.4021
37.68	-2.4021
37.68	-2.4020
37.68	-2.4020
37.68	-2.4020
37.68	-2.4022
37.69	-2.4020
37.69	-2.4022
37.69	-2.4022
37.69	-2.4024
37.69	-2.4026
37.70	-2.4023
37.70	-2.4022
37.70	-2.4027
37.71	-2.4025
37.71	-2.4025
37.71	-2.4028
37.71	-2.4025
37.72	-2.4027
37.72	-2.4028
37.72	-2.4029
37.72	-2.4029
37.72	-2.4028
37.73	-2.4030
37.73	-2.4029
37.73	-2.4031
37.73	-2.4030
37.74	-2.4031
37.74	-2.4032
37.74	-2.4033
37.74	-2.4033
37.74	-2.4031
37.74	-2.4032
37.75	-2.4034
37.75	-2.4034
37.76	-2.4035
37.76	-2.4034
37.76	-2.4035
37.77	-2.4035
37.77	-2.4036
37.77	-2.4036
37.77	-2.4036
37.77	-2.4039
37.78	-2.4036
37.78	-2.4036
37.78	-2.4036
37.78	-2.4039
37.79	-2.4038
37.79	-2.4039
37.79	-2.4041
37.80	-2.4039
37.80	-2.4037
37.80	-2.4038
37.80	-2.4038
37.80	-2.4040
37.80	-2.4039
37.81	-2.4038
37.81	-2.4038
37.81	-2.4040
37.82	-2.4041
37.83	-2.4041
37.83	-2.4041
37.83	-2.4043
37.83	-2.4043
37.83	-2.4042
37.83	-2.4043
37.84	-2.4042
37.84	-2.4043
37.84	-2.4043
37.84	-2.4045
37.84	-2.4044
37.84	-2.4045
37.84	-2.4045
37.85	-2.4043
37.85	-2.4043
37.85	-2.4045
37.85	-2.4046
37.85	-2.4045
37.86	-2.4045
37.86	-2.4046
37.87	-2.4045
37.87	-2.4046
37.87	-2.4050
37.88	-2.4045
37.88	-2.4046
37.88	-2.4048
37.89	-2.4048
37.89	-2.4046
37.89	-2.4047
37.90	-2.4048
37.90	-2.4047
37.90	-2.4046
37.90	-2.4047
37.90	-2.4047
37.90	-2.4048
37.91	-2.4045
37.91	-2.4046
37.91	-2.4044
37.91	-2.4046
37.92	-2.4044
37.92	-2.4044
37.92	-2.4045
37.92	-2.4046
37.92	-2.4045
37.93	-2.4045
37.93	-2.4043
37.93	-2.4045
37.93	-2.4044
37.94	-2.4044
37.94	-2.4042
37.95	-2.4043
37.95	-2.4045
37.95	-2.4043
37.95	-2.4045
37.96	-2.4045
37.96	-2.4048
37.96	-2.4044
37.97	-2.4044
37.97	-2.4048
37.98	-2.4046
37.98	-2.4044
37.98	-2.4047
37.98	-2.4048
37.98	-2.4048
37.98	-2.4047
37.98	-2.4050
37.98	-2.4048
37.99	-2.4051
37.99	-2.4051
37.99	-2.4051
37.99	-2.4050
37.99	-2.4050
38.00	-2.4053
38.00	-2.4051
38.00	-2.4052
38.01	-2.4053
38.01	-2.4053
38.01	-2.4055
38.02	-2.4055
38.02	-2.4054
38.02	-2.4055
38.02	-2.4056
38.03	-2.4056
38.03	-2.4056
38.03	-2.4056
38.03	-2.4056
38.03	-2.4058
38.03	-2.4058
38.04	-2.4058
38.04	-2.4059
38.05	-2.4060
38.05	-2.4059
38.05	-2.4061
38.05	-2.4061
38.06	-2.4063
38.06	-2.4061
38.06	-2.4064
38.06	-2.4064
38.06	-2.4064
38.07	-2.4066
38.07	-2.4066
38.07	-2.4065
38.08	-2.4066
38.08	-2.4066
38.08	-2.4065
38.09	-2.4067
38.09	-2.4068
38.09	-2.4069
38.09	-2.4070
38.09	-2.4068
38.09	-2.4069
38.09	-2.4072
38.09	-2.4071
38.10	-2.4072
38.10	-2.4073
38.11	-2.4073
38.11	-2.4074
38.11	-2.4073
38.12	-2.4075
38.12	-2.4076
38.12	-2.4076
38.12	-2.4076
38.12	-2.4074
38.13	-2.4074
38.13	-2.4077
38.13	-2.4078
38.14	-2.4078
38.14	-2.4078
38.14	-2.4078
38.14	-2.4079
38.15	-2.4078
38.15	-2.4079
38.15	-2.4080
38.15	-2.4081
38.16	-2.4082
38.16	-2.4082
38.16	-2.4083
38.16	-2.4081
38.17	-2.4081
38.17	-2.4082
38.17	-2.4084
38.18	-2.4084
38.18	-2.4085
38.18	-2.4084
38.18	-2.4085
38.19	-2.4085
38.19	-2.4085
38.19	-2.4085
38.19	-2.4088
38.20	-2.4087
38.20	-2.4088
38.20	-2.4087
38.20	-2.4088
38.20	-2.4088
38.20	-2.4089
38.21	-2.4088
38.21	-2.4088
38.21	-2.4088
38.21	-2.4090
38.22	-2.4090
38.22	-2.4090
38.23	-2.4090
38.23	-2.4091
38.23	-2.4089
38.23	-2.4090
38.23	-2.4090
38.23	-2.4088
38.24	-2.4090
38.24	-2.4090
38.24	-2.4090
38.25	-2.4090
38.25	-2.4090
38.25	-2.4090
38.26	-2.4091
38.26	-2.4091
38.26	-2.4091
38.26	-2.4093
38.27	-2.4091
38.27	-2.4091
38.27	-2.4093
38.27	-2.4093
38.27	-2.4091
38.28	-2.4093
38.28	-2.4091
38.28	-2.4093
38.29	-2.4092
38.29	-2.4093
38.29	-2.4093
38.30	-2.4093
38.30	-2.4092
38.30	-2.4094
38.30	-2.4094
38.30	-2.4094
38.30	-2.4092
38.30	-2.4092
38.31	-2.4093
38.31	-2.4094
38.31	-2.4092
38.31	-2.4093
38.32	-2.4094
38.32	-2.4093
38.32	-2.4096
38.33	-2.4095
38.33	-2.4095
38.33	-2.4094
38.33	-2.4094
38.34	-2.4094
38.34	-2.4092
38.34	-2.4093
38.34	-2.4094
38.35	-2.4094
38.35	-2.4094
38.35	-2.4093
38.35	-2.4093
38.36	-2.4095
38.36	-2.4094
38.36	-2.4095
38.37	-2.4095
38.37	-2.4095
38.37	-2.4095
38.37	-2.4094
38.37	-2.4095
38.37	-2.4094
38.38	-2.4094
38.38	-2.4099
38.38	-2.4099
38.39	-2.4096
38.39	-2.4098
38.39	-2.4098
38.40	-2.4100
38.40	-2.4097
38.40	-2.4100
38.40	-2.4098
38.40	-2.4100
38.41	-2.4099
38.41	-2.4100
38.42	-2.4100
38.42	-2.4100
38.42	-2.4101
38.42	-2.4098
38.43	-2.4098
38.43	-2.4100
38.43	-2.4099
38.43	-2.4099
38.43	-2.4101
38.43	-2.4099
38.44	-2.4099
38.44	-2.4100
38.44	-2.4098
38.45	-2.4099
38.45	-2.4099
38.45	-2.4100
38.46	-2.4100
38.46	-2.4101
38.46	-2.4101
38.46	-2.4101
38.46	-2.4102
38.47	-2.4103
38.47	-2.4102
38.47	-2.4101
38.47	-2.4103
38.48	-2.4102
38.48	-2.4104
38.48	-2.4103
38.48	-2.4103
38.49	-2.4102
38.49	-2.4103
38.49	-2.4102
38.49	-2.4104
38.49	-2.4105
38.50	-2.4104
38.50	-2.4102
38.50	-2.4102
38.50	-2.4104
38.51	-2.4101
38.51	-2.4104
38.51	-2.4102
38.51	-2.4103
38.52	-2.4103
38.52	-2.4102
38.52	-2.4104
38.52	-2.4103
38.52	-2.4102
38.53	-2.4103
38.53	-2.4103
38.53	-2.4103
38.54	-2.4104
38.54	-2.4104
38.54	-2.4103
38.55	-2.4105
38.55	-2.4104
38.55	-2.4104
38.55	-2.4105
38.55	-2.4105
38.55	-2.4104
38.56	-2.4103
38.56	-2.4105
38.56	-2.4103
38.57	-2.4104
38.57	-2.4105
38.57	-2.4107
38.57	-2.4104
38.58	-2.4106
38.58	-2.4105
38.58	-2.4106
38.59	-2.4104
38.59	-2.4108
38.59	-2.4106
38.59	-2.4107
38.59	-2.4106
38.59	-2.4108
38.59	-2.4109
38.60	-2.4107
38.60	-2.4108
38.60	-2.4108
38.61	-2.4107
38.61	-2.4110
38.61	-2.4111
38.61	-2.4110
38.62	-2.4110
38.62	-2.4110
38.63	-2.4110
38.63	-2.4110
38.63	-2.4111
38.63	-2.4112
38.64	-2.4112
38.64	-2.4112
38.64	-2.4111
38.64	-2.4111
38.65	-2.4112
38.65	-2.4113
38.65	-2.4113
38.65	-2.4114
38.65	-2.4114
38.65	-2.4114
38.65	-2.4113
38.65	-2.4113
38.66	-2.4115
38.66	-2.4115
38.66	-2.4116
38.67	-2.4116
38.67	-2.4117
38.67	-2.4117
38.67	-2.4120
38.68	-2.4118
38.68	-2.4119
38.68	-2.4121
38.69	-2.4118
38.69	-2.4119
38.70	-2.4121
38.70	-2.4120
38.70	-2.4120
38.70	-2.4120
38.70	-2.4122
38.70	-2.4120
38.71	-2.4119
38.71	-2.4121
38.71	-2.4121
38.72	-2.4123
38.72	-2.4122
38.72	-2.4122
38.72	-2.4124
38.73	-2.4124
38.73	-2.4125
38.73	-2.4123
38.73	-2.4124
38.73	-2.4124
38.74	-2.4125
38.74	-2.4126
38.74	-2.4126
38.75	-2.4126
38.74	-2.4127
38.75	-2.4126
38.75	-2.4128
38.75	-2.4127
38.76	-2.4130
38.76	-2.4128
38.76	-2.4129
38.77	-2.4130
38.77	-2.4130
38.77	-2.4132
38.77	-2.4133
38.77	-2.4133
38.78	-2.4132
38.78	-2.4132
38.78	-2.4134
38.78	-2.4134
38.78	-2.4134
38.79	-2.4135
38.79	-2.4136
38.80	-2.4136
38.80	-2.4137
38.80	-2.4138
38.80	-2.4139
38.80	-2.4140
38.80	-2.4139
38.81	-2.4139
38.81	-2.4140
38.81	-2.4138
38.82	-2.4140
38.82	-2.4142
38.82	-2.4140
38.82	-2.4141
38.83	-2.4141
38.83	-2.4141
38.83	-2.4143
38.84	-2.4143
38.84	-2.4143
38.84	-2.4143
38.84	-2.4144
38.84	-2.4146
38.84	-2.4144
38.85	-2.4145
38.85	-2.4145
38.85	-2.4145
38.86	-2.4145
38.86	-2.4147
38.86	-2.4146
38.86	-2.4146
38.87	-2.4146
38.87	-2.4146
38.88	-2.4145
38.88	-2.4147
38.89	-2.4147
38.89	-2.4150
38.89	-2.4149
38.89	-2.4147
38.89	-2.4148
38.90	-2.4150
38.90	-2.4149
38.90	-2.4150
38.90	-2.4149
38.91	-2.4150
38.91	-2.4153
38.91	-2.4150
38.91	-2.4150
38.91	-2.4151
38.91	-2.4153
38.92	-2.4153
38.92	-2.4154
38.92	-2.4152
38.92	-2.4152
38.93	-2.4153
38.93	-2.4154
38.93	-2.4152
38.93	-2.4155
38.93	-2.4155
38.94	-2.4157
38.94	-2.4157
38.94	-2.4158
38.94	-2.4157
38.95	-2.4158
38.95	-2.4160
38.95	-2.4157
38.96	-2.4160
38.96	-2.4159
38.96	-2.4159
38.97	-2.4160
38.97	-2.4162
38.97	-2.4160
38.98	-2.4159
38.98	-2.4160
38.98	-2.4161
38.98	-2.4159
38.98	-2.4161
38.99	-2.4161
38.99	-2.4162
38.99	-2.4161
38.99	-2.4161
38.99	-2.4163
39.00	-2.4160
38.99	-2.4164
39.00	-2.4163
39.00	-2.4163
39.00	-2.4164
39.00	-2.4164
39.01	-2.4164
39.01	-2.4164
39.01	-2.4165
39.01	-2.4165
39.02	-2.4165
39.02	-2.4165
39.02	-2.4166
39.03	-2.4164
39.03	-2.4167
39.03	-2.4166
39.03	-2.4165
39.04	-2.4164
39.04	-2.4166
39.04	-2.4167
39.05	-2.4169
39.05	-2.4166
39.05	-2.4167
39.05	-2.4167
39.06	-2.4167
39.05	-2.4170
39.06	-2.4168
39.06	-2.4167
39.07	-2.4169
39.07	-2.4169
39.07	-2.4171
39.07	-2.4171
39.08	-2.4171
39.08	-2.4171
39.08	-2.4174
39.08	-2.4172
39.08	-2.4172
39.09	-2.4172
39.09	-2.4174
39.09	-2.4174
39.09	-2.4173
39.09	-2.4175
39.09	-2.4176
39.10	-2.4174
39.10	-2.4175
39.11	-2.4176
39.11	-2.4176
39.12	-2.4176
39.12	-2.4176
39.12	-2.4177
39.13	-2.4179
39.13	-2.4177
39.13	-2.4178
39.13	-2.4180
39.13	-2.4179
39.13	-2.4180
39.14	-2.4180
39.14	-2.4181
39.14	-2.4181
39.14	-2.4182
39.15	-2.4181
39.15	-2.4184
39.15	-2.4186
39.15	-2.4184
39.16	-2.4185
39.16	-2.4188
39.16	-2.4187
39.16	-2.4188
39.17	-2.4188
39.17	-2.4187
39.17	-2.4188
39.18	-2.4189
39.18	-2.4189
39.18	-2.4191
39.18	-2.4190
39.18	-2.4191
39.19	-2.4191
39.19	-2.4192
39.19	-2.4192
39.19	-2.4192
39.20	-2.4192
39.20	-2.4192
39.20	-2.4194
39.20	-2.4194
39.21	-2.4196
39.21	-2.4194
39.21	-2.4195
39.21	-2.4197
39.22	-2.4196
39.22	-2.4196
39.22	-2.4197
39.22	-2.4195
39.22	-2.4196
39.23	-2.4197
39.23	-2.4199
39.23	-2.4197
39.24	-2.4198
39.24	-2.4197
39.24	-2.4199
39.24	-2.4200
39.24	-2.4198
39.25	-2.4200
39.25	-2.4201
39.25	-2.4199
39.26	-2.4200
39.26	-2.4202
39.26	-2.4202
39.27	-2.4202
39.27	-2.4203
39.27	-2.4202
39.27	-2.4203
39.27	-2.4202
39.28	-2.4205
39.28	-2.4204
39.28	-2.4204
39.28	-2.4203
39.28	-2.4205
39.29	-2.4204
39.29	-2.4205
39.30	-2.4205
39.30	-2.4204
39.30	-2.4207
39.30	-2.4205
39.30	-2.4206
39.30	-2.4206
39.30	-2.4206
39.31	-2.4206
39.31	-2.4206
39.31	-2.4207
39.31	-2.4205
39.32	-2.4209
39.32	-2.4207
39.33	-2.4208
39.33	-2.4206
39.34	-2.4208
39.34	-2.4209
39.34	-2.4208
39.34	-2.4209
39.34	-2.4210
39.34	-2.4209
39.34	-2.4210
39.34	-2.4209
39.34	-2.4210
39.35	-2.4211
39.35	-2.4211
39.35	-2.4211
39.36	-2.4214
39.36	-2.4212
39.37	-2.4211
39.37	-2.4213
39.37	-2.4215
39.38	-2.4212
39.38	-2.4215
39.38	-2.4216
39.38	-2.4217
39.38	-2.4215
39.38	-2.4218
39.39	-2.4217
39.39	-2.4215
39.39	-2.4218
39.39	-2.4218
39.40	-2.4218
39.40	-2.4220
39.40	-2.4221
39.41	-2.4217
39.41	-2.4219
39.41	-2.4219
39.42	-2.4220
39.42	-2.4219
39.42	-2.4219
39.42	-2.4220
39.42	-2.4220
39.43	-2.4222
39.43	-2.4220
39.43	-2.4222
39.43	-2.4225
39.43	-2.4224
39.43	-2.4222
39.44	-2.4225
39.44	-2.4222
39.44	-2.4226
39.45	-2.4223
39.45	-2.4225
39.45	-2.4225
39.45	-2.4227
39.46	-2.4227
39.46	-2.4228
39.46	-2.4230
39.47	-2.4228
39.47	-2.4229
39.47	-2.4232
39.48	-2.4234
39.48	-2.4233
39.48	-2.4235
39.48	-2.4234
39.48	-2.4235
39.48	-2.4235
39.48	-2.4235
39.48	-2.4235
39.49	-2.4236
39.49	-2.4236
39.49	-2.4236
39.49	-2.4235
39.50	-2.4236
39.50	-2.4234
39.50	-2.4239
39.51	-2.4235
39.51	-2.4236
39.51	-2.4236
39.51	-2.4235
39.52	-2.4234
39.52	-2.4236
39.52	-2.4235
39.52	-2.4236
39.52	-2.4237
39.53	-2.4237
39.53	-2.4235
39.54	-2.4237
39.54	-2.4237
39.54	-2.4237
39.55	-2.4236
39.55	-2.4235
39.55	-2.4235
39.55	-2.4238
39.55	-2.4235
39.55	-2.4237
39.55	-2.4239
39.55	-2.4237
39.55	-2.4238
39.56	-2.4239
39.56	-2.4241
39.57	-2.4240
39.57	-2.4238
39.57	-2.4237
39.57	-2.4238
39.58	-2.4237
39.58	-2.4239
39.58	-2.4239
39.58	-2.4239
39.59	-2.4243
39.59	-2.4241
39.59	-2.4243
39.60	-2.4242
39.60	-2.4243
39.60	-2.4241
39.60	-2.4244
39.61	-2.4246
39.61	-2.4244
39.61	-2.4246
39.62	-2.4246
39.62	-2.4245
39.62	-2.4246
39.62	-2.4245
39.62	-2.4246
39.63	-2.4247
39.63	-2.4248
39.63	-2.4249
39.63	-2.4248
39.63	-2.4248
39.64	-2.4249
39.64	-2.4251
39.64	-2.4250
39.64	-2.4248
39.65	-2.4251
39.65	-2.4252
39.66	-2.4252
39.66	-2.4253
39.66	-2.4255
39.66	-2.4254
39.67	-2.4254
39.67	-2.4254
39.68	-2.4257
39.68	-2.4255
39.68	-2.4258
39.68	-2.4259
39.68	-2.4258
39.68	-2.4258
39.68	-2.4259
39.68	-2.4258
39.68	-2.4260
39.69	-2.4260
39.69	-2.4261
39.70	-2.4262
39.70	-2.4262
39.71	-2.4263
39.71	-2.4262
39.71	-2.4263
39.71	-2.4266
39.72	-2.4266
39.72	-2.4263
39.72	-2.4265
39.73	-2.4265
39.73	-2.4267
39.73	-2.4267
39.73	-2.4267
39.73	-2.4269
39.74	-2.4267
39.74	-2.4267
39.74	-2.4270
39.74	-2.4270
39.74	-2.4271
39.74	-2.4269
39.74	-2.4271
39.75	-2.4273
39.75	-2.4271
39.75	-2.4274
39.76	-2.4275
39.76	-2.4273
39.77	-2.4275
39.77	-2.4275
39.77	-2.4276
39.77	-2.4277
39.77	-2.4278
39.78	-2.4279
39.78	-2.4280
39.79	-2.4277
39.79	-2.4279
39.79	-2.4281
39.79	-2.4281
39.79	-2.4281
39.80	-2.4279
39.80	-2.4282
39.80	-2.4281
39.80	-2.4281
39.80	-2.4280
39.81	-2.4280
39.81	-2.4283
39.81	-2.4281
39.81	-2.4284
39.82	-2.4281
39.82	-2.4281
39.82	-2.4279
39.82	-2.4281
39.83	-2.4282
39.83	-2.4283
39.83	-2.4283
39.84	-2.4283
39.84	-2.4282
39.84	-2.4281
39.84	-2.4284
39.84	-2.4284
39.84	-2.4282
39.85	-2.4283
39.85	-2.4282
39.85	-2.4283
39.85	-2.4284
39.86	-2.4284
39.86	-2.4284
39.86	-2.4283
39.87	-2.4286
39.87	-2.4286
39.88	-2.4284
39.88	-2.4285
39.88	-2.4286
39.88	-2.4283
39.88	-2.4285
39.88	-2.4287
39.89	-2.4285
39.89	-2.4286
39.90	-2.4285
39.90	-2.4285
39.90	-2.4285
39.90	-2.4284
39.90	-2.4284
39.90	-2.4287
39.90	-2.4286
39.91	-2.4286
39.91	-2.4286
39.92	-2.4285
39.92	-2.4285
39.93	-2.4284
39.93	-2.4285
39.93	-2.4285
39.93	-2.4284
39.93	-2.4284
39.93	-2.4284
39.94	-2.4286
39.94	-2.4284
39.94	-2.4283
39.94	-2.4286
39.94	-2.4284
39.95	-2.4283
39.95	-2.4286
39.95	-2.4285
39.96	-2.4284
39.96	-2.4285
39.96	-2.4284
39.96	-2.4284
39.97	-2.4286
39.97	-2.4284
39.97	-2.4286
39.98	-2.4286
39.98	-2.4285
39.98	-2.4284
39.98	-2.4285
39.98	-2.4286
39.99	-2.4286
39.99	-2.4288
39.99	-2.4285
39.99	-2.4288
39.99	-2.4288
39.99	-2.4287
40.00	-2.4286
40.00	-2.4286
40.00	-2.4287
40.00	-2.4287
40.00	-2.4283
40.01	-2.4286
40.02	-2.4288
40.02	-2.4287
40.02	-2.4288
40.02	-2.4286
40.02	-2.4288
40.03	-2.4289
40.03	-2.4287
40.03	-2.4287
40.03	-2.4287
40.04	-2.4285
40.04	-2.4288
40.04	-2.4288
40.05	-2.4285
40.05	-2.4288
40.05	-2.4285
40.05	-2.4288
40.05	-2.4287
40.05	-2.4288
40.06	-2.4287
40.06	-2.4286
40.06	-2.4285
40.07	-2.4286
40.07	-2.4289
40.07	-2.4287
40.08	-2.4286
40.08	-2.4290
40.08	-2.4288
40.08	-2.4289
40.08	-2.4290
40.08	-2.4288
40.09	-2.4291
40.09	-2.4288
40.09	-2.4289
40.10	-2.4289
40.11	-2.4291
40.11	-2.4289
40.11	-2.4288
40.11	-2.4290
40.11	-2.4290
40.11	-2.4290
40.12	-2.4289
40.12	-2.4292
40.12	-2.4290
40.13	-2.4291
40.13	-2.4291
40.13	-2.4292
40.13	-2.4289
40.14	-2.4292
40.14	-2.4291
40.13	-2.4291
40.14	-2.4290
40.14	-2.4292
40.14	-2.4291
40.14	-2.4293
40.15	-2.4293
40.15	-2.4291
40.15	-2.4294
40.15	-2.4293
40.15	-2.4294
40.16	-2.4294
40.17	-2.4291
40.17	-2.4292
40.17	-2.4293
40.17	-2.4292
40.18	-2.4295
40.18	-2.4293
40.18	-2.4293
40.18	-2.4295
40.19	-2.4292
40.19	-2.4293
40.20	-2.4293
40.20	-2.4292
40.20	-2.4292
40.20	-2.4292
40.20	-2.4293
40.21	-2.4291
40.21	-2.4291
40.21	-2.4292
40.21	-2.4296
40.21	-2.4295
40.21	-2.4294
40.21	-2.4292
40.22	-2.4292
40.22	-2.4293
40.22	-2.4291
40.22	-2.4293
40.23	-2.4293
40.23	-2.4293
40.23	-2.4294
40.23	-2.4293
40.24	-2.4295
40.24	-2.4295
40.24	-2.4295
40.24	-2.4295
40.25	-2.4297
40.25	-2.4296
40.25	-2.4295
40.26	-2.4297
40.26	-2.4297
40.26	-2.4297
40.27	-2.4298
40.27	-2.4297
40.27	-2.4300
40.27	-2.4299
40.27	-2.4299
40.28	-2.4299
40.28	-2.4298
40.28	-2.4299
40.29	-2.4300
40.28	-2.4302
40.29	-2.4300
40.29	-2.4301
40.29	-2.4303
40.29	-2.4302
40.30	-2.4303
40.30	-2.4303
40.30	-2.4303
40.31	-2.4300
40.31	-2.4303
40.31	-2.4304
40.31	-2.4303
40.32	-2.4305
40.32	-2.4305
40.33	-2.4307
40.33	-2.4304
40.33	-2.4306
40.33	-2.4306
40.33	-2.4306
40.34	-2.4306
40.34	-2.4306
40.34	-2.4304
40.34	-2.4306
40.34	-2.4306
40.35	-2.4305
40.35	-2.4307
40.35	-2.4306
40.35	-2.4306
40.35	-2.4307
40.36	-2.4307
40.36	-2.4305
40.36	-2.4306
40.36	-2.4307
40.36	-2.4307
40.37	-2.4307
40.37	-2.4309
40.37	-2.4308
40.38	-2.4308
40.38	-2.4308
40.38	-2.4307
40.39	-2.4310
40.39	-2.4310
40.39	-2.4308
40.39	-2.4310
40.39	-2.4311
40.39	-2.4310
40.40	-2.4311
40.40	-2.4311
40.40	-2.4311
40.40	-2.4311
40.41	-2.4312
40.41	-2.4311
40.41	-2.4313
40.41	-2.4314
40.42	-2.4314
40.42	-2.4314
40.42	-2.4315
40.43	-2.4314
40.43	-2.4317
40.43	-2.4315
40.43	-2.4317
40.43	-2.4317
40.43	-2.4318
40.43	-2.4317
40.44	-2.4318
40.44	-2.4319
40.45	-2.4321
40.45	-2.4317
40.45	-2.4318
40.46	-2.4319
40.46	-2.4319
40.46	-2.4323
40.47	-2.4321
40.47	-2.4323
40.47	-2.4324
40.47	-2.4320
40.48	-2.4324
40.48	-2.4323
40.48	-2.4325
40.48	-2.4323
40.48	-2.4324
40.48	-2.4323
40.49	-2.4325
40.49	-2.4325
40.49	-2.4326
40.49	-2.4325
40.49	-2.4325
40.50	-2.4328
40.50	-2.4327
40.50	-2.4328
40.51	-2.4325
40.51	-2.4327
40.51	-2.4328
40.52	-2.4327
40.52	-2.4328
40.52	-2.4326
40.52	-2.4327
40.52	-2.4329
40.52	-2.4328
40.53	-2.4330
40.53	-2.4327
40.54	-2.4329
40.54	-2.4329
40.55	-2.4330
40.55	-2.4329
40.55	-2.4328
40.55	-2.4327
40.55	-2.4330
40.55	-2.4328
40.55	-2.4327
40.55	-2.4329
40.55	-2.4329
40.56	-2.4327
40.57	-2.4330
40.57	-2.4330
40.57	-2.4329
40.58	-2.4331
40.58	-2.4330
40.59	-2.4329
40.59	-2.4329
40.59	-2.4330
40.59	-2.4330
40.59	-2.4331
40.59	-2.4333
40.59	-2.4329
40.59	-2.4331
40.60	-2.4332
40.60	-2.4331
40.60	-2.4333
40.60	-2.4332
40.61	-2.4333
40.61	-2.4334
40.61	-2.4332
40.62	-2.4332
40.62	-2.4332
40.63	-2.4334
40.63	-2.4334
40.63	-2.4333
40.63	-2.4332
40.63	-2.4333
40.63	-2.4335
40.63	-2.4335
40.63	-2.4335
40.64	-2.4335
40.64	-2.4333
40.65	-2.4336
40.65	-2.4335
40.65	-2.4337
40.65	-2.4335
40.66	-2.4336
40.66	-2.4336
40.66	-2.4335
40.66	-2.4337
40.67	-2.4337
40.67	-2.4335
40.67	-2.4337
40.68	-2.4338
40.68	-2.4337
40.68	-2.4338
40.68	-2.4337
40.68	-2.4338
40.69	-2.4339
40.69	-2.4340
40.70	-2.4338
40.70	-2.4338
40.70	-2.4337
40.70	-2.4339
40.70	-2.4341
40.70	-2.4341
40.71	-2.4341
40.71	-2.4342
40.71	-2.4341
40.72	-2.4342
40.72	-2.4343
40.72	-2.4341
40.73	-2.4344
40.73	-2.4343
40.73	-2.4346
40.73	-2.4346
40.73	-2.4344
40.73	-2.4345
40.74	-2.4346
40.74	-2.4346
40.74	-2.4347
40.74	-2.4347
40.75	-2.4345
40.75	-2.4346
40.76	-2.4349
40.76	-2.4350
40.76	-2.4350
40.76	-2.4347
40.76	-2.4350
40.77	-2.4348
40.77	-2.4350
40.77	-2.4349
40.77	-2.4349
40.78	-2.4350
40.78	-2.4350
40.78	-2.4350
40.79	-2.4350
40.79	-2.4350
40.79	-2.4350
40.79	-2.4349
40.79	-2.4351
40.80	-2.4349
40.80	-2.4351
40.80	-2.4350
40.80	-2.4349
40.80	-2.4349
40.80	-2.4351
40.81	-2.4350
40.81	-2.4351
40.81	-2.4352
40.82	-2.4351
40.82	-2.4351
40.82	-2.4354
40.82	-2.4355
40.82	-2.4353
40.83	-2.4353
40.83	-2.4354
40.83	-2.4354
40.83	-2.4353
40.84	-2.4356
40.84	-2.4356
40.84	-2.4354
40.84	-2.4356
40.85	-2.4358
40.85	-2.4355
40.85	-2.4356
40.85	-2.4356
40.86	-2.4357
40.86	-2.4356
40.86	-2.4357
40.87	-2.4358
40.88	-2.4358
40.88	-2.4359
40.88	-2.4358
40.88	-2.4358
40.88	-2.4359
40.88	-2.4359
40.89	-2.4362
40.89	-2.4360
40.90	-2.4361
40.90	-2.4361
40.90	-2.4363
40.90	-2.4363
40.90	-2.4363
40.90	-2.4362
40.90	-2.4363
40.91	-2.4365
40.91	-2.4364
40.91	-2.4364
40.91	-2.4366
40.92	-2.4368
40.92	-2.4368
40.93	-2.4370
40.93	-2.4368
40.93	-2.4370
40.93	-2.4371
40.93	-2.4369
40.94	-2.4371
40.94	-2.4371
40.95	-2.4372
40.94	-2.4370
40.95	-2.4373
40.95	-2.4371
40.95	-2.4373
40.95	-2.4374
40.95	-2.4373
40.96	-2.4372
40.96	-2.4375
40.96	-2.4374
40.97	-2.4373
40.97	-2.4375
40.97	-2.4375
40.97	-2.4376
40.97	-2.4374
40.98	-2.4377
40.98	-2.4377
40.98	-2.4376
40.98	-2.4379
40.99	-2.4380
40.99	-2.4380
40.99	-2.4379
40.99	-2.4380
40.99	-2.4378
41.00	-2.4380
41.00	-2.4379
41.00	-2.4380
41.01	-2.4379
41.01	-2.4381
41.01	-2.4381
41.02	-2.4379
41.02	-2.4379
41.02	-2.4381
41.02	-2.4381
41.02	-2.4381
41.02	-2.4383
41.02	-2.4381
41.03	-2.4383
41.03	-2.4383
41.04	-2.4383
41.04	-2.4384
41.05	-2.4384
41.05	-2.4384
41.05	-2.4384
41.05	-2.4384
41.05	-2.4382
41.05	-2.4385
41.06	-2.4385
41.06	-2.4385
41.06	-2.4382
41.07	-2.4387
41.07	-2.4386
41.07	-2.4388
41.07	-2.4386
41.08	-2.4387
41.08	-2.4387
41.08	-2.4386
41.08	-2.4387
41.08	-2.4388
41.08	-2.4389
41.09	-2.4389
41.09	-2.4390
41.09	-2.4389
41.09	-2.4392
41.10	-2.4391
41.10	-2.4392
41.10	-2.4393
41.11	-2.4391
41.11	-2.4394
41.12	-2.4390
41.12	-2.4394
41.12	-2.4395
41.12	-2.4392
41.12	-2.4394
41.13	-2.4395
41.13	-2.4395
41.13	-2.4394
41.13	-2.4398
41.13	-2.4395
41.13	-2.4396
41.14	-2.4394
41.14	-2.4396
41.14	-2.4394
41.15	-2.4396
41.15	-2.4396
41.15	-2.4394
41.15	-2.4394
41.16	-2.4395
41.16	-2.4397
41.16	-2.4396
41.16	-2.4396
41.16	-2.4394
41.17	-2.4396
41.17	-2.4396
41.18	-2.4397
41.18	-2.4393
41.18	-2.4398
41.18	-2.4396
41.19	-2.4395
41.19	-2.4395
41.19	-2.4396
41.19	-2.4396
41.19	-2.4396
41.20	-2.4394
41.20	-2.4395
41.20	-2.4393
41.20	-2.4393
41.21	-2.4395
41.21	-2.4393
41.21	-2.4396
41.21	-2.4394
41.22	-2.4394
41.22	-2.4394
41.23	-2.4393
41.23	-2.4395
41.23	-2.4394
41.23	-2.4397
41.23	-2.4392
41.23	-2.4396
41.24	-2.4396
41.24	-2.4396
41.24	-2.4397
41.24	-2.4397
41.24	-2.4396
41.24	-2.4399
41.25	-2.4398
41.25	-2.4398
41.26	-2.4399
41.26	-2.4398
41.26	-2.4400
41.26	-2.4400
41.26	-2.4401
41.27	-2.4401
41.27	-2.4401
41.27	-2.4400
41.27	-2.4401
41.28	-2.4399
41.28	-2.4402
41.28	-2.4401
41.28	-2.4402
41.28	-2.4403
41.29	-2.4405
41.30	-2.4404
41.30	-2.4405
41.30	-2.4404
41.30	-2.4404
41.30	-2.4404
41.30	-2.4405
41.31	-2.4405
41.31	-2.4404
41.31	-2.4404
41.32	-2.4405
41.32	-2.4406
41.32	-2.4406
41.32	-2.4405
41.33	-2.4407
41.33	-2.4407
41.33	-2.4405
41.33	-2.4409
41.33	-2.4408
41.34	-2.4410
41.34	-2.4410
41.34	-2.4412
41.34	-2.4411
41.34	-2.4412
41.34	-2.4413
41.34	-2.4414
41.35	-2.4414
41.35	-2.4414
41.35	-2.4414
41.36	-2.4414
41.36	-2.4414
41.37	-2.4415
41.37	-2.4416
41.37	-2.4418
41.37	-2.4417
41.38	-2.4418
41.38	-2.4418
41.38	-2.4419
41.38	-2.4420
41.38	-2.4419
41.39	-2.4422
41.39	-2.4421
41.40	-2.4420
41.40	-2.4421
41.40	-2.4420
41.40	-2.4422
41.40	-2.4421
41.41	-2.4421
41.41	-2.4424
41.41	-2.4423
41.42	-2.4423
41.42	-2.4421
41.43	-2.4424
41.43	-2.4426
41.43	-2.4424
41.43	-2.4424
41.43	-2.4423
41.43	-2.4426
41.44	-2.4425
41.44	-2.4425
41.44	-2.4426
41.44	-2.4427
41.44	-2.4425
41.45	-2.4425
41.45	-2.4427
41.45	-2.4426
41.45	-2.4426
41.46	-2.4427
41.46	-2.4427
41.46	-2.4427
41.46	-2.4428
41.47	-2.4429
41.47	-2.4428
41.47	-2.4428
41.48	-2.4430
41.48	-2.4430
41.48	-2.4428
41.48	-2.4431
41.48	-2.4430
41.48	-2.4432
41.49	-2.4432
41.49	-2.4433
41.49	-2.4430
41.50	-2.4433
41.50	-2.4433
41.51	-2.4435
41.51	-2.4434
41.51	-2.4430
41.51	-2.4431
41.51	-2.4431
41.52	-2.4431
41.52	-2.4434
41.52	-2.4430
41.52	-2.4431
41.53	-2.4433
41.53	-2.4433
41.53	-2.4433
41.54	-2.4433
41.54	-2.4433
41.54	-2.4433
41.55	-2.4433
41.55	-2.4433
41.55	-2.4432
41.55	-2.4432
41.55	-2.4432
41.55	-2.4432
41.56	-2.4432
41.56	-2.4432
41.56	-2.4432
41.56	-2.4432
41.57	-2.4432
41.57	-2.4432
41.57	-2.4434
41.57	-2.4432
41.57	-2.4433
41.58	-2.4433
41.58	-2.4433
41.58	-2.4433
41.58	-2.4431
41.58	-2.4434
41.59	-2.4434
41.59	-2.4436
41.59	-2.4434
41.59	-2.4434
41.59	-2.4434
41.60	-2.4435
41.60	-2.4433
41.60	-2.4435
41.61	-2.4436
41.61	-2.4435
41.62	-2.4436
41.62	-2.4436
41.62	-2.4436
41.62	-2.4436
41.63	-2.4436
41.63	-2.4436
41.63	-2.4437
41.63	-2.4437
41.63	-2.4437
41.63	-2.4435
41.64	-2.4436
41.65	-2.4436
41.65	-2.4437
41.65	-2.4437
41.65	-2.4437
41.65	-2.4437
41.65	-2.4436
41.66	-2.4437
41.66	-2.4436
41.67	-2.4439
41.67	-2.4437
41.67	-2.4438
41.68	-2.4437
41.68	-2.4436
41.68	-2.4435
41.68	-2.4436
41.68	-2.4436
41.68	-2.4434
41.69	-2.4434
41.69	-2.4435
41.69	-2.4435
41.69	-2.4436
41.70	-2.4436
41.70	-2.4435
41.70	-2.4436
41.70	-2.4436
41.70	-2.4436
41.71	-2.4434
41.71	-2.4437
41.71	-2.4435
41.71	-2.4437
41.72	-2.4438
41.72	-2.4437
41.73	-2.4437
41.73	-2.4436
41.74	-2.4436
41.74	-2.4435
41.74	-2.4437
41.74	-2.4436
41.74	-2.4436
41.74	-2.4439
41.74	-2.4436
41.74	-2.4438
41.74	-2.4436
41.75	-2.4438
41.75	-2.4439
41.76	-2.4438
41.76	-2.4437
41.76	-2.4437
41.76	-2.4439
41.76	-2.4437
41.76	-2.4438
41.77	-2.4440
41.77	-2.4438
41.77	-2.4439
41.78	-2.4439
41.78	-2.4439
41.79	-2.4439
41.79	-2.4441
41.79	-2.4437
41.79	-2.4439
41.80	-2.4439
41.80	-2.4442
41.80	-2.4439
41.80	-2.4441
41.80	-2.4438
41.81	-2.4439
41.81	-2.4440
41.81	-2.4440
41.82	-2.4440
41.82	-2.4440
41.82	-2.4440
41.82	-2.4439
41.82	-2.4440
41.83	-2.4441
41.83	-2.4439
41.83	-2.4438
41.83	-2.4439
41.83	-2.4441
41.84	-2.4442
41.84	-2.4443
41.84	-2.4442
41.84	-2.4441
41.85	-2.4442
41.85	-2.4441
41.85	-2.4444
41.86	-2.4442
41.86	-2.4444
41.87	-2.4443
41.87	-2.4444
41.87	-2.4443
41.87	-2.4445
41.88	-2.4444
41.88	-2.4443
41.88	-2.4446
41.88	-2.4446
41.89	-2.4447
41.89	-2.4445
41.89	-2.4447
41.89	-2.4446
41.90	-2.4446
41.90	-2.4446
41.90	-2.4447
41.90	-2.4450
41.90	-2.4447
41.91	-2.4449
41.91	-2.4449
41.91	-2.4451
41.91	-2.4447
41.91	-2.4452
41.91	-2.4449
41.91	-2.4449
41.91	-2.4450
41.92	-2.4449
41.93	-2.4449
41.93	-2.4450
41.93	-2.4449
41.93	-2.4452
41.93	-2.4451
41.94	-2.4452
41.94	-2.4451
41.95	-2.4454
41.95	-2.4453
41.95	-2.4453
41.95	-2.4453
41.95	-2.4453
41.95	-2.4454
41.96	-2.4453
41.96	-2.4454
41.96	-2.4454
41.97	-2.4455
41.97	-2.4454
41.98	-2.4457
41.98	-2.4457
41.98	-2.4456
41.98	-2.4456
41.98	-2.4456
41.98	-2.4458
41.98	-2.4457
41.99	-2.4458
41.99	-2.4460
41.99	-2.4458
41.99	-2.4460
41.99	-2.4459
42.00	-2.4460
42.00	-2.4459
42.01	-2.4461
42.01	-2.4459
42.01	-2.4459
42.01	-2.4460
42.02	-2.4461
42.02	-2.4460
42.02	-2.4461
42.02	-2.4459
42.03	-2.4461
42.03	-2.4461
42.03	-2.4461
42.04	-2.4462
42.04	-2.4461
42.04	-2.4463
42.04	-2.4463
42.05	-2.4462
42.05	-2.4463
42.05	-2.4463
42.05	-2.4462
42.05	-2.4464
42.05	-2.4465
42.05	-2.4464
42.06	-2.4465
42.06	-2.4466
42.07	-2.4467
42.07	-2.4465
42.07	-2.4466
42.07	-2.4465
42.07	-2.4466
42.08	-2.4466
42.08	-2.4466
42.09	-2.4467
42.09	-2.4466
42.09	-2.4467
42.09	-2.4466
42.09	-2.4464
42.10	-2.4466
42.10	-2.4468
42.10	-2.4468
42.11	-2.4467
42.11	-2.4468
42.11	-2.4467
42.11	-2.4469
42.12	-2.4469
42.12	-2.4468
42.12	-2.4469
42.13	-2.4468
42.13	-2.4470
42.13	-2.4469
42.13	-2.4471
42.13	-2.4471
42.13	-2.4471
42.13	-2.4473
42.13	-2.4472
42.14	-2.4472
42.14	-2.4474
42.14	-2.4473
42.15	-2.4474
42.15	-2.4474
42.15	-2.4477
42.15	-2.4474
42.15	-2.4476
42.16	-2.4476
42.16	-2.4475
42.16	-2.4477
42.17	-2.4478
42.17	-2.4477
42.17	-2.4478
42.17	-2.4478
42.17	-2.4479
42.18	-2.4479
42.18	-2.4481
42.18	-2.4479
42.18	-2.4480
42.18	-2.4481
42.19	-2.4480
42.19	-2.4481
42.19	-2.4481
42.20	-2.4482
42.20	-2.4481
42.20	-2.4482
42.20	-2.4483
42.20	-2.4482
42.20	-2.4484
42.21	-2.4483
42.21	-2.4484
42.22	-2.4483
42.22	-2.4482
42.23	-2.4483
42.23	-2.4483
42.23	-2.4483
42.23	-2.4484
42.24	-2.4483
42.24	-2.4487
42.24	-2.4483
42.24	-2.4485
42.24	-2.4485
42.25	-2.4486
42.25	-2.4487
42.25	-2.4485
42.25	-2.4486
42.25	-2.4488
42.26	-2.4487
42.26	-2.4489
42.27	-2.4488
42.27	-2.4488
42.27	-2.4488
42.27	-2.4491
42.27	-2.4490
42.27	-2.4490
42.28	-2.4493
42.28	-2.4492
42.28	-2.4491
42.29	-2.4491
42.29	-2.4491
42.29	-2.4491
42.29	-2.4490
42.30	-2.4491
42.30	-2.4492
42.30	-2.4493
42.30	-2.4494
42.31	-2.4494
42.31	-2.4494
42.32	-2.4493
42.32	-2.4494
42.32	-2.4496
42.32	-2.4494
42.32	-2.4493
42.32	-2.4496
42.33	-2.4494
42.33	-2.4497
42.33	-2.4494
42.34	-2.4495
42.34	-2.4499
42.34	-2.4497
42.34	-2.4497
42.34	-2.4495
42.34	-2.4497
42.35	-2.4498
42.35	-2.4498
42.35	-2.4498
42.36	-2.4498
42.36	-2.4500
42.37	-2.4498
42.37	-2.4501
42.37	-2.4500
42.37	-2.4500
42.37	-2.4502
42.38	-2.4502
42.38	-2.4501
42.38	-2.4502
42.39	-2.4501
42.39	-2.4504
42.39	-2.4502
42.39	-2.4504
42.40	-2.4505
42.40	-2.4507
42.40	-2.4505
42.40	-2.4505
42.40	-2.4504
42.40	-2.4504
42.40	-2.4505
42.41	-2.4507
42.41	-2.4506
42.42	-2.4508
42.42	-2.4508
42.42	-2.4508
42.42	-2.4508
42.43	-2.4508
42.43	-2.4509
42.43	-2.4509
42.43	-2.4510
42.43	-2.4509
42.44	-2.4508
42.44	-2.4510
42.44	-2.4508
42.45	-2.4508
42.45	-2.4509
42.45	-2.4510
42.45	-2.4509
42.45	-2.4510
42.46	-2.4509
42.46	-2.4512
42.46	-2.4510
42.46	-2.4511
42.46	-2.4511
42.47	-2.4512
42.47	-2.4512
42.47	-2.4511
42.48	-2.4513
42.48	-2.4514
42.48	-2.4513
42.48	-2.4514
42.48	-2.4516
42.49	-2.4515
42.49	-2.4515
42.49	-2.4516
42.49	-2.4517
42.50	-2.4518
42.50	-2.4515
42.51	-2.4516
42.51	-2.4517
42.51	-2.4518
42.51	-2.4520
42.52	-2.4519
42.52	-2.4519
42.52	-2.4522
42.52	-2.4522
42.52	-2.4523
42.52	-2.4521
42.53	-2.4523
42.53	-2.4520
42.53	-2.4522
42.53	-2.4524
42.53	-2.4523
42.54	-2.4521
42.54	-2.4523
42.54	-2.4523
42.55	-2.4525
42.55	-2.4524
42.55	-2.4523
42.56	-2.4523
42.56	-2.4523
42.56	-2.4524
42.56	-2.4524
42.57	-2.4525
42.57	-2.4525
42.57	-2.4526
42.57	-2.4524
42.57	-2.4525
42.58	-2.4526
42.58	-2.4527
42.58	-2.4526
42.58	-2.4527
42.58	-2.4527
42.58	-2.4526
42.59	-2.4529
42.59	-2.4528
42.59	-2.4529
42.59	-2.4530
42.59	-2.4530
42.60	-2.4531
42.60	-2.4530
42.61	-2.4531
42.62	-2.4531
42.62	-2.4531
42.62	-2.4531
42.63	-2.4532
42.63	-2.4533
42.63	-2.4533
42.63	-2.4535
42.63	-2.4534
42.63	-2.4534
42.63	-2.4535
42.64	-2.4535
42.64	-2.4535
42.64	-2.4534
42.65	-2.4536
42.65	-2.4534
42.65	-2.4535
42.65	-2.4539
42.65	-2.4538
42.66	-2.4537
42.66	-2.4538
42.67	-2.4537
42.67	-2.4539
42.67	-2.4539
42.68	-2.4538
42.68	-2.4539
42.68	-2.4540
42.68	-2.4539
42.68	-2.4539
42.68	-2.4539
42.69	-2.4541
42.69	-2.4542
42.70	-2.4541
42.70	-2.4542
42.70	-2.4542
42.70	-2.4542
42.70	-2.4543
42.70	-2.4541
42.71	-2.4542
42.71	-2.4542
42.71	-2.4541
42.71	-2.4544
42.71	-2.4543
42.72	-2.4544
42.73	-2.4544
42.73	-2.4545
42.73	-2.4546
42.73	-2.4548
42.73	-2.4548
42.73	-2.4550
42.74	-2.4547
42.74	-2.4548
42.74	-2.4550
42.74	-2.4549
42.74	-2.4549
42.74	-2.4548
42.75	-2.4552
42.75	-2.4551
42.75	-2.4551
42.75	-2.4551
42.76	-2.4551
42.76	-2.4553
42.77	-2.4550
42.77	-2.4551
42.77	-2.4551
42.77	-2.4553
42.77	-2.4551
42.77	-2.4553
42.78	-2.4553
42.78	-2.4554
42.79	-2.4555
42.79	-2.4555
42.79	-2.4556
42.80	-2.4556
42.80	-2.4556
42.80	-2.4555
42.80	-2.4556
42.81	-2.4556
42.82	-2.4556
42.82	-2.4557
42.81	-2.4559
42.81	-2.4556
42.81	-2.4561
42.82	-2.4558
42.82	-2.4559
42.83	-2.4560
42.83	-2.4561
42.83	-2.4558
42.83	-2.4561
42.83	-2.4562
42.83	-2.4562
42.84	-2.4559
42.84	-2.4561
42.84	-2.4560
42.85	-2.4561
42.85	-2.4560
42.85	-2.4559
42.85	-2.4559
42.85	-2.4560
42.85	-2.4560
42.86	-2.4559
42.86	-2.4558
42.86	-2.4560
42.87	-2.4560
42.87	-2.4559
42.88	-2.4560
42.88	-2.4561
42.88	-2.4561
42.88	-2.4559
42.89	-2.4560
42.89	-2.4561
42.89	-2.4559
42.89	-2.4561
42.89	-2.4562
42.90	-2.4561
42.90	-2.4559
42.90	-2.4561
42.90	-2.4564
42.90	-2.4564
42.91	-2.4563
42.91	-2.4566
42.92	-2.4565
42.92	-2.4564
42.92	-2.4562
42.93	-2.4563
42.93	-2.4567
42.93	-2.4567
42.93	-2.4565
42.93	-2.4567
42.93	-2.4569
42.94	-2.4566
42.94	-2.4567
42.94	-2.4569
42.94	-2.4569
42.95	-2.4569
42.95	-2.4569
42.95	-2.4571
42.95	-2.4570
42.96	-2.4573
42.96	-2.4570
42.96	-2.4572
42.97	-2.4571
42.97	-2.4572
42.97	-2.4572
42.97	-2.4573
42.98	-2.4575
42.98	-2.4575
42.98	-2.4575
42.98	-2.4575
42.98	-2.4575
42.98	-2.4575
42.99	-2.4577
42.99	-2.4578
42.99	-2.4579
42.99	-2.4579
42.99	-2.4579
43.00	-2.4580
43.00	-2.4580
43.01	-2.4581
43.01	-2.4582
43.01	-2.4582
43.02	-2.4582
43.02	-2.4583
43.02	-2.4586
43.02	-2.4584
43.02	-2.4585
43.03	-2.4586
43.03	-2.4587
43.03	-2.4588
43.04	-2.4587
43.04	-2.4590
43.04	-2.4588
43.04	-2.4590
43.05	-2.4590
43.05	-2.4591
43.05	-2.4590
43.05	-2.4590
43.05	-2.4593
43.05	-2.4591
43.06	-2.4592
43.06	-2.4590
43.06	-2.4592
43.06	-2.4594
43.06	-2.4593
43.07	-2.4593
43.07	-2.4593
43.08	-2.4594
43.08	-2.4594
43.08	-2.4595
43.09	-2.4596
43.09	-2.4595
43.09	-2.4596
43.09	-2.4594
43.09	-2.4595
43.09	-2.4598
43.09	-2.4599
43.10	-2.4598
43.10	-2.4598
43.10	-2.4599
43.10	-2.4599
43.11	-2.4600
43.11	-2.4599
43.11	-2.4600
43.12	-2.4602
43.12	-2.4604
43.12	-2.4601
43.13	-2.4603
43.13	-2.4601
43.13	-2.4604
43.13	-2.4602
43.13	-2.4606
43.14	-2.4604
43.15	-2.4605
43.15	-2.4605
43.15	-2.4605
43.15	-2.4606
43.15	-2.4603
43.15	-2.4605
43.16	-2.4606
43.16	-2.4606
43.17	-2.4606
43.17	-2.4607
43.17	-2.4608
43.17	-2.4610
43.18	-2.4609
43.18	-2.4609
43.18	-2.4607
43.18	-2.4607
43.19	-2.4608
43.19	-2.4609
43.19	-2.4609
43.19	-2.4609
43.19	-2.4610
43.19	-2.4609
43.20	-2.4607
43.20	-2.4608
43.20	-2.4608
43.20	-2.4610
43.21	-2.4608
43.21	-2.4609
43.21	-2.4611
43.21	-2.4612
43.21	-2.4611
43.22	-2.4610
43.22	-2.4612
43.22	-2.4610
43.23	-2.4612
43.23	-2.4609
43.23	-2.4611
43.23	-2.4612
43.24	-2.4610
43.24	-2.4609
43.24	-2.4611
43.24	-2.4610
43.24	-2.4610
43.25	-2.4610
43.25	-2.4611
43.25	-2.4610
43.25	-2.4609
43.26	-2.4610
43.26	-2.4609
43.26	-2.4609
43.27	-2.4609
43.27	-2.4609
43.27	-2.4610
43.27	-2.4610
43.28	-2.4609
43.28	-2.4608
43.28	-2.4610
43.28	-2.4611
43.28	-2.4612
43.29	-2.4609
43.29	-2.4612
43.30	-2.4610
43.30	-2.4612
43.30	-2.4610
43.30	-2.4612
43.31	-2.4610
43.31	-2.4610
43.31	-2.4611
43.31	-2.4611
43.31	-2.4612
43.32	-2.4614
43.32	-2.4614
43.33	-2.4614
43.33	-2.4612
43.33	-2.4612
43.33	-2.4615
43.33	-2.4612
43.33	-2.4615
43.33	-2.4613
43.33	-2.4615
43.34	-2.4616
43.34	-2.4615
43.34	-2.4615
43.34	-2.4616
43.35	-2.4613
43.35	-2.4615
43.35	-2.4616
43.36	-2.4615
43.36	-2.4613
43.36	-2.4615
43.36	-2.4615
43.37	-2.4616
43.37	-2.4614
43.37	-2.4615
43.38	-2.4615
43.38	-2.4615
43.38	-2.4616
43.38	-2.4614
43.38	-2.4617
43.38	-2.4616
43.39	-2.4616
43.39	-2.4616
43.39	-2.4617
43.39	-2.4617
43.40	-2.4617
43.40	-2.4616
43.40	-2.4616
43.40	-2.4618
43.41	-2.4614
43.41	-2.4618
43.41	-2.4617
43.42	-2.4618
43.42	-2.4616
43.42	-2.4615
43.43	-2.4616
43.43	-2.4617
43.43	-2.4619
43.43	-2.4620
43.44	-2.4616
43.44	-2.4618
43.45	-2.4619
43.45	-2.4619
43.45	-2.4619
43.45	-2.4618
43.45	-2.4619
43.45	-2.4620
43.45	-2.4614
43.46	-2.4618
43.46	-2.4617
43.46	-2.4620
43.46	-2.4621
43.47	-2.4619
43.47	-2.4622
43.47	-2.4620
43.47	-2.4620
43.48	-2.4622
43.48	-2.4621
43.48	-2.4622
43.48	-2.4621
43.49	-2.4621
43.49	-2.4622
43.49	-2.4622
43.49	-2.4624
43.49	-2.4623
43.50	-2.4623
43.50	-2.4620
43.50	-2.4622
43.51	-2.4622
43.51	-2.4623
43.51	-2.4623
43.51	-2.4622
43.52	-2.4622
43.52	-2.4625
43.52	-2.4622
43.52	-2.4624
43.53	-2.4623
43.53	-2.4625
43.53	-2.4626
43.53	-2.4624
43.54	-2.4625
43.54	-2.4625
43.55	-2.4628
43.55	-2.4625
43.55	-2.4627
43.55	-2.4625
43.55	-2.4627
43.55	-2.4628
43.55	-2.4628
43.56	-2.4626
43.56	-2.4628
43.56	-2.4629
43.56	-2.4629
43.57	-2.4627
43.58	-2.4629
43.58	-2.4629
43.58	-2.4629
43.58	-2.4630
43.58	-2.4629
43.59	-2.4631
43.59	-2.4631
43.59	-2.4632
43.59	-2.4634
43.59	-2.4630
43.60	-2.4631
43.60	-2.4632
43.60	-2.4633
43.60	-2.4633
43.60	-2.4633
43.61	-2.4633
43.61	-2.4634
43.62	-2.4634
43.62	-2.4635
43.62	-2.4633
43.63	-2.4635
43.63	-2.4634
43.63	-2.4633
43.63	-2.4633
43.63	-2.4635
43.64	-2.4634
43.64	-2.4635
43.65	-2.4637
43.65	-2.4636
43.65	-2.4636
43.65	-2.4635
43.65	-2.4637
43.66	-2.4637
43.66	-2.4638
43.66	-2.4637
43.66	-2.4634
43.66	-2.4637
43.67	-2.4635
43.67	-2.4637
43.67	-2.4636
43.67	-2.4637
43.68	-2.4636
43.68	-2.4638
43.68	-2.4639
43.68	-2.4638
43.68	-2.4637
43.68	-2.4639
43.69	-2.4640
43.69	-2.4639
43.70	-2.4638
43.70	-2.4638
43.70	-2.4641
43.70	-2.4641
43.70	-2.4642
43.71	-2.4640
43.71	-2.4640
43.71	-2.4642
43.72	-2.4643
43.72	-2.4641
43.73	-2.4643
43.73	-2.4644
43.73	-2.4643
43.73	-2.4644
43.73	-2.4643
43.74	-2.4643
43.74	-2.4644
43.74	-2.4644
43.74	-2.4644
43.74	-2.4644
43.74	-2.4644
43.74	-2.4643
43.75	-2.4643
43.75	-2.4643
43.75	-2.4645
43.76	-2.4644
43.76	-2.4644
43.76	-2.4643
43.76	-2.4643
43.76	-2.4645
43.77	-2.4644
43.77	-2.4644
43.77	-2.4645
43.78	-2.4645
43.78	-2.4643
43.78	-2.4646
43.79	-2.4646
43.79	-2.4646
43.79	-2.4647
43.79	-2.4646
43.79	-2.4647
43.80	-2.4647
43.80	-2.4649
43.80	-2.4647
43.80	-2.4650
43.81	-2.4648
43.81	-2.4649
43.81	-2.4648
43.82	-2.4651
43.82	-2.4648
43.82	-2.4649
43.82	-2.4648
43.83	-2.4649
43.83	-2.4651
43.83	-2.4651
43.83	-2.4650
43.84	-2.4652
43.84	-2.4652
43.84	-2.4651
43.84	-2.4650
43.84	-2.4652
43.85	-2.4652
43.85	-2.4651
43.85	-2.4652
43.86	-2.4650
43.86	-2.4652
43.86	-2.4651
43.87	-2.4653
43.88	-2.4652
43.88	-2.4651
43.88	-2.4650
43.88	-2.4653
43.88	-2.4652
43.88	-2.4653
43.88	-2.4653
43.88	-2.4653
43.89	-2.4654
43.89	-2.4652
43.89	-2.4654
43.90	-2.4654
43.90	-2.4655
43.90	-2.4655
43.90	-2.4655
43.90	-2.4657
43.91	-2.4656
43.91	-2.4655
43.91	-2.4658
43.91	-2.4658
43.92	-2.4659
43.92	-2.4656
43.92	-2.4660
43.92	-2.4660
43.93	-2.4660
43.93	-2.4662
43.93	-2.4661
43.93	-2.4660
43.93	-2.4662
43.93	-2.4663
43.94	-2.4663
43.94	-2.4662
43.95	-2.4664
43.95	-2.4663
43.95	-2.4663
43.95	-2.4665
43.95	-2.4663
43.95	-2.4664
43.96	-2.4663
43.96	-2.4666
43.97	-2.4665
43.97	-2.4665
43.97	-2.4664
43.97	-2.4666
43.97	-2.4667
43.97	-2.4667
43.98	-2.4665
43.98	-2.4666
43.98	-2.4667
43.99	-2.4667
43.99	-2.4668
43.99	-2.4667
43.99	-2.4669
43.99	-2.4671
43.99	-2.4667
44.00	-2.4669
44.00	-2.4669
44.00	-2.4669
44.01	-2.4670
44.01	-2.4669
44.02	-2.4671
44.02	-2.4668
44.02	-2.4671
44.02	-2.4670
44.02	-2.4671
44.02	-2.4670
44.02	-2.4670
44.03	-2.4671
44.03	-2.4672
44.03	-2.4670
44.03	-2.4672
44.04	-2.4671
44.04	-2.4673
44.05	-2.4671
44.05	-2.4672
44.05	-2.4673
44.05	-2.4673
44.05	-2.4673
44.05	-2.4674
44.06	-2.4672
44.06	-2.4674
44.06	-2.4675
44.07	-2.4674
44.07	-2.4674
44.08	-2.4674
44.08	-2.4673
44.08	-2.4675
44.08	-2.4674
44.09	-2.4675
44.09	-2.4675
44.09	-2.4674
44.09	-2.4675
44.09	-2.4676
44.09	-2.4676
44.09	-2.4676
44.09	-2.4678
44.09	-2.4677
44.10	-2.4676
44.10	-2.4676
44.11	-2.4677
44.11	-2.4676
44.11	-2.4675
44.12	-2.4678
44.12	-2.4676
44.12	-2.4677
44.13	-2.4676
44.13	-2.4678
44.13	-2.4676
44.13	-2.4676
44.13	-2.4677
44.13	-2.4678
44.14	-2.4679
44.14	-2.4680
44.15	-2.4680
44.15	-2.4679
44.15	-2.4679
44.15	-2.4680
44.15	-2.4681
44.16	-2.4679
44.16	-2.4680
44.16	-2.4682
44.17	-2.4682
44.17	-2.4681
44.17	-2.4681
44.18	-2.4684
44.18	-2.4682
44.18	-2.4685
44.19	-2.4682
44.19	-2.4682
44.19	-2.4685
44.19	-2.4684
44.19	-2.4684
44.20	-2.4684
44.20	-2.4684
44.20	-2.4685
44.20	-2.4687
44.20	-2.4685
44.21	-2.4685
44.21	-2.4686
44.21	-2.4685
44.21	-2.4687
44.21	-2.4685
44.22	-2.4686
44.22	-2.4685
44.23	-2.4686
44.23	-2.4687
44.23	-2.4687
44.23	-2.4688
44.23	-2.4685
44.23	-2.4686
44.24	-2.4687
44.24	-2.4687
44.24	-2.4687
44.24	-2.4687
44.24	-2.4688
44.25	-2.4688
44.25	-2.4688
44.25	-2.4688
44.25	-2.4690
44.26	-2.4689
44.26	-2.4689
44.26	-2.4687
44.26	-2.4690
44.27	-2.4688
44.27	-2.4689
44.27	-2.4689
44.27	-2.4690
44.28	-2.4689
44.28	-2.4690
44.29	-2.4690
44.29	-2.4689
44.29	-2.4691
44.30	-2.4689
44.30	-2.4692
44.30	-2.4690
44.30	-2.4690
44.30	-2.4690
44.30	-2.4692
44.31	-2.4693
44.31	-2.4691
44.32	-2.4694
44.32	-2.4691
44.32	-2.4693
44.32	-2.4693
44.32	-2.4693
44.33	-2.4693
44.33	-2.4691
44.33	-2.4692
44.33	-2.4693
44.33	-2.4692
44.33	-2.4694
44.34	-2.4695
44.34	-2.4694
44.34	-2.4695
44.34	-2.4692
44.35	-2.4695
44.35	-2.4695
44.36	-2.4694
44.36	-2.4694
44.36	-2.4694
44.36	-2.4695
44.36	-2.4696
44.37	-2.4695
44.37	-2.4697
44.37	-2.4696
44.38	-2.4696
44.38	-2.4697
44.38	-2.4698
44.38	-2.4696
44.38	-2.4700
44.39	-2.4700
44.39	-2.4700
44.40	-2.4701
44.40	-2.4701
44.40	-2.4700
44.40	-2.4701
44.41	-2.4702
44.41	-2.4703
44.40	-2.4703
44.41	-2.4702
44.41	-2.4704
44.41	-2.4702
44.42	-2.4701
44.42	-2.4703
44.43	-2.4704
44.43	-2.4706
44.43	-2.4706
44.43	-2.4705
44.43	-2.4705
44.43	-2.4703
44.44	-2.4704
44.44	-2.4707
44.44	-2.4708
44.44	-2.4706
44.45	-2.4706
44.45	-2.4706
44.45	-2.4708
44.45	-2.4708
44.45	-2.4709
44.46	-2.4709
44.46	-2.4710
44.47	-2.4709
44.47	-2.4710
44.47	-2.4708
44.47	-2.4710
44.48	-2.4709
44.48	-2.4710
44.48	-2.4711
44.48	-2.4713
44.48	-2.4714
44.48	-2.4714
44.49	-2.4715
44.49	-2.4713
44.49	-2.4714
44.49	-2.4718
44.49	-2.4715
44.50	-2.4714
44.50	-2.4715
44.51	-2.4715
44.51	-2.4715
44.51	-2.4717
44.52	-2.4717
44.52	-2.4717
44.52	-2.4720
44.52	-2.4717
44.52	-2.4717
44.52	-2.4716
44.53	-2.4717
44.53	-2.4719
44.53	-2.4718
44.54	-2.4719
44.54	-2.4717
44.54	-2.4718
44.55	-2.4717
44.55	-2.4717
44.55	-2.4719
44.55	-2.4720
44.55	-2.4720
44.56	-2.4720
44.56	-2.4723
44.56	-2.4720
44.57	-2.4719
44.57	-2.4721
44.57	-2.4722
44.57	-2.4722
44.58	-2.4723
44.58	-2.4721
44.58	-2.4723
44.58	-2.4721
44.59	-2.4722
44.59	-2.4720
44.59	-2.4724
44.59	-2.4722
44.59	-2.4721
44.60	-2.4725
44.60	-2.4723
44.60	-2.4722
44.60	-2.4722
44.61	-2.4725
44.61	-2.4725
44.61	-2.4726
44.62	-2.4728
44.62	-2.4724
44.62	-2.4725
44.62	-2.4725
44.63	-2.4724
44.63	-2.4728
44.64	-2.4728
44.64	-2.4729
44.63	-2.4728
44.64	-2.4729
44.64	-2.4729
44.64	-2.4730
44.64	-2.4729
44.65	-2.4730
44.65	-2.4729
44.65	-2.4732
44.65	-2.4731
44.65	-2.4731
44.66	-2.4732
44.66	-2.4733
44.66	-2.4733
44.67	-2.4734
44.67	-2.4735
44.67	-2.4735
44.68	-2.4735
44.68	-2.4735
44.68	-2.4737
44.68	-2.4736
44.68	-2.4738
44.69	-2.4739
44.69	-2.4738
44.69	-2.4739
44.69	-2.4740
44.70	-2.4742
44.70	-2.4743
44.71	-2.4742
44.71	-2.4744
44.71	-2.4745
44.72	-2.4746
44.72	-2.4747
44.72	-2.4745
44.73	-2.4747
44.73	-2.4748
44.73	-2.4749
44.73	-2.4749
44.73	-2.4749
44.73	-2.4751
44.73	-2.4752
44.74	-2.4751
44.74	-2.4752
44.74	-2.4752
44.74	-2.4756
44.74	-2.4755
44.74	-2.4759
44.75	-2.4758
44.75	-2.4759
44.75	-2.4757
44.76	-2.4759
44.76	-2.4760
44.76	-2.4763
44.76	-2.4761
44.77	-2.4761
44.77	-2.4760
44.77	-2.4762
44.77	-2.4763
44.78	-2.4762
44.78	-2.4763
44.78	-2.4763
44.79	-2.4764
44.79	-2.4763
44.79	-2.4763
44.79	-2.4765
44.80	-2.4765
44.80	-2.4767
44.80	-2.4766
44.80	-2.4766
44.80	-2.4767
44.80	-2.4768
44.81	-2.4767
44.81	-2.4770
44.81	-2.4769
44.82	-2.4769
44.82	-2.4771
44.83	-2.4773
44.83	-2.4771
44.83	-2.4771
44.83	-2.4772
44.83	-2.4772
44.83	-2.4772
44.83	-2.4773
44.84	-2.4774
44.84	-2.4775
44.84	-2.4773
44.85	-2.4772
44.85	-2.4773
44.84	-2.4773
44.85	-2.4773
44.85	-2.4774
44.85	-2.4775
44.86	-2.4775
44.86	-2.4775
44.86	-2.4775
44.87	-2.4777
44.87	-2.4775
44.88	-2.4777
44.88	-2.4776
44.88	-2.4778
44.88	-2.4778
44.88	-2.4777
44.88	-2.4778
44.88	-2.4779
44.89	-2.4777
44.89	-2.4779
44.90	-2.4778
44.90	-2.4778
44.90	-2.4778
44.90	-2.4777
44.91	-2.4776
44.91	-2.4779
44.91	-2.4777
44.91	-2.4777
44.92	-2.4778
44.92	-2.4777
44.92	-2.4778
44.92	-2.4777
44.92	-2.4776
44.93	-2.4775
44.93	-2.4778
44.93	-2.4775
44.94	-2.4779
44.94	-2.4777
44.95	-2.4777
44.95	-2.4779
44.95	-2.4777
44.95	-2.4779
44.95	-2.4779
44.96	-2.4777
44.96	-2.4778
44.96	-2.4776
44.96	-2.4777
44.96	-2.4778
44.96	-2.4777
44.96	-2.4777
44.97	-2.4778
44.97	-2.4779
44.98	-2.4777
44.98	-2.4776
44.98	-2.4777
44.98	-2.4778
44.99	-2.4777
44.99	-2.4777
44.99	-2.4779
44.99	-2.4777
44.99	-2.4777
44.99	-2.4778
45.00	-2.4779
45.00	-2.4776
45.00	-2.4779
45.01	-2.4778
45.01	-2.4777
45.01	-2.4778
45.02	-2.4777
45.02	-2.4780
45.02	-2.4779
45.02	-2.4779
45.02	-2.4779
45.03	-2.4779
45.03	-2.4781
45.03	-2.4778
45.03	-2.4780
45.03	-2.4779
45.04	-2.4778
45.05	-2.4782
45.05	-2.4778
45.05	-2.4779
45.05	-2.4779
45.05	-2.4779
45.05	-2.4778
45.06	-2.4780
45.07	-2.4779
45.07	-2.4778
45.07	-2.4779
45.08	-2.4778
45.08	-2.4777
45.08	-2.4779
45.08	-2.4779
45.08	-2.4778
45.08	-2.4778
45.09	-2.4779
45.09	-2.4777
45.09	-2.4778
45.09	-2.4777
45.09	-2.4778
45.09	-2.4779
45.09	-2.4779
45.10	-2.4780
45.10	-2.4780
45.10	-2.4780
45.10	-2.4779
45.11	-2.4778
45.11	-2.4779
45.12	-2.4777
45.12	-2.4777
45.12	-2.4777
45.13	-2.4777
45.13	-2.4778
45.13	-2.4778
45.13	-2.4778
45.14	-2.4778
45.14	-2.4779
45.14	-2.4777
45.14	-2.4777
45.15	-2.4777
45.15	-2.4779
45.15	-2.4778
45.15	-2.4781
45.15	-2.4779
45.15	-2.4779
45.16	-2.4778
45.16	-2.4778
45.16	-2.4778
45.17	-2.4778
45.17	-2.4780
45.18	-2.4779
45.18	-2.4780
45.18	-2.4781
45.18	-2.4779
45.18	-2.4779
45.18	-2.4780
45.18	-2.4779
45.19	-2.4779
45.19	-2.4780
45.19	-2.4780
45.19	-2.4781
45.20	-2.4778
45.20	-2.4781
45.20	-2.4780
45.21	-2.4782
45.21	-2.4783
45.22	-2.4783
45.22	-2.4782
45.23	-2.4782
45.23	-2.4781
45.23	-2.4782
45.23	-2.4783
45.23	-2.4785
45.23	-2.4784
45.23	-2.4783
45.23	-2.4785
45.24	-2.4784
45.24	-2.4784
45.24	-2.4785
45.24	-2.4786
45.24	-2.4783
45.25	-2.4785
45.25	-2.4783
45.25	-2.4784
45.26	-2.4786
45.26	-2.4783
45.27	-2.4785
45.27	-2.4785
45.27	-2.4782
45.27	-2.4786
45.27	-2.4786
45.28	-2.4788
45.28	-2.4787
45.29	-2.4786
45.29	-2.4786
45.29	-2.4785
45.29	-2.4787
45.29	-2.4786
45.29	-2.4787
45.30	-2.4788
45.30	-2.4786
45.30	-2.4789
45.30	-2.4788
45.30	-2.4789
45.30	-2.4789
45.31	-2.4789
45.31	-2.4789
45.31	-2.4790
45.31	-2.4790
45.32	-2.4791
45.32	-2.4792
45.32	-2.4794
45.33	-2.4793
45.33	-2.4794
45.33	-2.4795
45.33	-2.4794
45.33	-2.4795
45.34	-2.4793
45.34	-2.4796
45.34	-2.4795
45.34	-2.4796
45.35	-2.4795
45.35	-2.4796
45.35	-2.4795
45.36	-2.4796
45.37	-2.4795
45.37	-2.4796
45.37	-2.4794
45.37	-2.4798
45.37	-2.4795
45.37	-2.4796
45.38	-2.4797
45.38	-2.4797
45.38	-2.4798
45.39	-2.4797
45.39	-2.4798
45.39	-2.4797
45.40	-2.4798
45.40	-2.4800
45.40	-2.4798
45.40	-2.4796
45.40	-2.4799
45.40	-2.4798
45.41	-2.4797
45.41	-2.4798
45.41	-2.4799
45.41	-2.4798
45.42	-2.4800
45.42	-2.4800
45.42	-2.4800
45.42	-2.4799
45.42	-2.4800
45.43	-2.4800
45.43	-2.4800
45.43	-2.4800
45.43	-2.4800
45.44	-2.4800
45.44	-2.4801
45.45	-2.4800
45.45	-2.4801
45.45	-2.4800
45.45	-2.4800
45.45	-2.4800
45.46	-2.4803
45.46	-2.4802
45.46	-2.4800
45.47	-2.4801
45.47	-2.4802
45.47	-2.4801
45.47	-2.4804
45.47	-2.4803
45.47	-2.4803
45.48	-2.4805
45.48	-2.4804
45.48	-2.4805
45.48	-2.4805
45.49	-2.4804
45.49	-2.4804
45.49	-2.4804
45.49	-2.4805
45.50	-2.4805
45.50	-2.4807
45.50	-2.4806
45.50	-2.4807
45.51	-2.4807
45.51	-2.4806
45.51	-2.4806
45.51	-2.4807
45.51	-2.4808
45.52	-2.4808
45.52	-2.4807
45.52	-2.4808
45.52	-2.4808
45.53	-2.4810
45.54	-2.4810
45.54	-2.4811
45.54	-2.4812
45.54	-2.4811
45.54	-2.4810
45.55	-2.4810
45.55	-2.4811
45.55	-2.4811
45.55	-2.4812
45.55	-2.4811
45.56	-2.4813
45.56	-2.4812
45.56	-2.4812
45.57	-2.4813
45.57	-2.4814
45.58	-2.4812
45.58	-2.4814
45.58	-2.4814
45.58	-2.4816
45.59	-2.4818
45.59	-2.4817
45.59	-2.4818
45.59	-2.4817
45.59	-2.4819
45.59	-2.4821
45.59	-2.4819
45.59	-2.4819
45.59	-2.4822
45.60	-2.4820
45.61	-2.4821
45.61	-2.4821
45.61	-2.4820
45.61	-2.4823
45.61	-2.4825
45.62	-2.4822
45.62	-2.4823
45.62	-2.4822
45.63	-2.4825
45.63	-2.4826
45.63	-2.4827
45.63	-2.4823
45.64	-2.4827
45.64	-2.4829
45.64	-2.4828
45.64	-2.4828
45.64	-2.4829
45.65	-2.4829
45.65	-2.4829
45.65	-2.4829
45.65	-2.4830
45.65	-2.4831
45.65	-2.4832
45.65	-2.4831
45.66	-2.4831
45.66	-2.4832
45.67	-2.4832
45.67	-2.4833
45.67	-2.4834
45.68	-2.4833
45.68	-2.4834
45.68	-2.4831
45.68	-2.4833
45.68	-2.4833
45.69	-2.4834
45.69	-2.4834
45.70	-2.4835
45.70	-2.4836
45.70	-2.4833
45.70	-2.4834
45.70	-2.4835
45.70	-2.4836
45.70	-2.4836
45.71	-2.4835
45.71	-2.4834
45.71	-2.4837
45.71	-2.4836
45.72	-2.4836
45.73	-2.4835
45.73	-2.4836
45.73	-2.4835
45.73	-2.4837
45.73	-2.4836
45.73	-2.4837
45.74	-2.4838
45.74	-2.4836
45.74	-2.4837
45.74	-2.4839
45.74	-2.4837
45.75	-2.4840
45.75	-2.4839
45.76	-2.4839
45.76	-2.4841
45.76	-2.4839
45.76	-2.4840
45.76	-2.4841
45.76	-2.4842
45.77	-2.4841
45.77	-2.4839
45.77	-2.4841
45.77	-2.4840
45.77	-2.4841
45.78	-2.4841
45.78	-2.4842
45.79	-2.4840
45.79	-2.4842
45.79	-2.4842
45.79	-2.4843
45.80	-2.4843
45.80	-2.4844
45.80	-2.4843
45.80	-2.4844
45.80	-2.4844
45.81	-2.4845
45.81	-2.4843
45.81	-2.4844
45.82	-2.4844
45.82	-2.4842
45.83	-2.4844
45.83	-2.4844
45.83	-2.4844
45.83	-2.4843
45.83	-2.4846
45.83	-2.4844
45.84	-2.4845
45.84	-2.4845
45.84	-2.4846
45.84	-2.4845
45.84	-2.4846
45.85	-2.4846
45.85	-2.4848
45.85	-2.4846
45.86	-2.4847
45.86	-2.4847
45.86	-2.4849
45.87	-2.4847
45.87	-2.4850
45.87	-2.4850
45.87	-2.4850
45.87	-2.4850
45.87	-2.4851
45.88	-2.4851
45.88	-2.4851
45.89	-2.4854
45.89	-2.4850
45.89	-2.4852
45.89	-2.4853
45.89	-2.4855
45.89	-2.4856
45.89	-2.4856
45.90	-2.4854
45.90	-2.4853
45.90	-2.4856
45.91	-2.4855
45.91	-2.4858
45.91	-2.4856
45.92	-2.4857
45.92	-2.4857
45.92	-2.4857
45.93	-2.4857
45.93	-2.4858
45.93	-2.4860
45.93	-2.4859
45.94	-2.4859
45.94	-2.4858
45.94	-2.4860
45.94	-2.4859
45.94	-2.4860
45.95	-2.4859
45.95	-2.4861
45.95	-2.4862
45.95	-2.4861
45.96	-2.4862
45.96	-2.4863
45.96	-2.4863
45.96	-2.4862
45.96	-2.4861
45.97	-2.4864
45.97	-2.4861
45.98	-2.4864
45.98	-2.4862
45.98	-2.4863
45.98	-2.4866
45.98	-2.4863
45.98	-2.4863
45.99	-2.4864
45.99	-2.4865
45.99	-2.4865
45.99	-2.4865
45.99	-2.4865
46.00	-2.4865
46.00	-2.4866
46.01	-2.4864
46.01	-2.4865
46.01	-2.4865
46.02	-2.4865
46.02	-2.4866
46.02	-2.4867
46.02	-2.4865
46.02	-2.4867
46.02	-2.4868
46.03	-2.4868
46.04	-2.4868
46.04	-2.4867
46.04	-2.4870
46.04	-2.4869
46.05	-2.4870
46.05	-2.4869
46.05	-2.4870
46.05	-2.4869
46.05	-2.4869
46.05	-2.4870
46.06	-2.4873
46.06	-2.4872
46.07	-2.4870
46.07	-2.4872
46.07	-2.4873
46.07	-2.4871
46.08	-2.4871
46.08	-2.4872
46.08	-2.4873
46.08	-2.4873
46.08	-2.4872
46.08	-2.4872
46.08	-2.4871
46.08	-2.4874
46.09	-2.4873
46.09	-2.4873
46.09	-2.4874
46.10	-2.4874
46.10	-2.4873
46.11	-2.4872
46.11	-2.4873
46.12	-2.4872
46.12	-2.4875
46.12	-2.4873
46.12	-2.4872
46.12	-2.4872
46.13	-2.4872
46.13	-2.4873
46.13	-2.4874
46.13	-2.4872
46.13	-2.4874
46.13	-2.4874
46.13	-2.4876
46.14	-2.4874
46.14	-2.4874
46.14	-2.4875
46.15	-2.4873
46.15	-2.4875
46.16	-2.4875
46.16	-2.4875
46.15	-2.4875
46.15	-2.4876
46.16	-2.4876
46.16	-2.4879
46.16	-2.4878
46.17	-2.4878
46.17	-2.4877
46.18	-2.4879
46.18	-2.4880
46.18	-2.4878
46.18	-2.4880
46.19	-2.4881
46.19	-2.4880
46.19	-2.4881
46.20	-2.4881
46.20	-2.4881
46.20	-2.4882
46.20	-2.4881
46.20	-2.4884
46.21	-2.4882
46.21	-2.4885
46.21	-2.4886
46.21	-2.4884
46.21	-2.4883
46.21	-2.4886
46.22	-2.4886
46.22	-2.4887
46.23	-2.4887
46.23	-2.4891
46.24	-2.4888
46.24	-2.4889
46.24	-2.4887
46.24	-2.4889
46.24	-2.4891
46.24	-2.4890
46.24	-2.4889
46.25	-2.4889
46.25	-2.4892
46.25	-2.4890
46.25	-2.4891
46.26	-2.4889
46.26	-2.4890
46.26	-2.4892
46.26	-2.4892
46.27	-2.4893
46.27	-2.4891
46.27	-2.4890
46.27	-2.4890
46.27	-2.4891
46.28	-2.4891
46.28	-2.4890
46.28	-2.4891
46.29	-2.4890
46.29	-2.4889
46.30	-2.4890
46.30	-2.4890
46.30	-2.4891
46.30	-2.4890
46.30	-2.4892
46.30	-2.4892
46.30	-2.4892
46.31	-2.4892
46.31	-2.4890
46.32	-2.4892
46.32	-2.4891
46.33	-2.4892
46.33	-2.4894
46.33	-2.4892
46.33	-2.4891
46.33	-2.4892
46.34	-2.4892
46.34	-2.4893
46.34	-2.4892
46.34	-2.4892
46.34	-2.4892
46.34	-2.4892
46.34	-2.4893
46.35	-2.4895
46.35	-2.4895
46.35	-2.4894
46.35	-2.4895
46.36	-2.4896
46.36	-2.4895
46.36	-2.4899
46.37	-2.4896
46.37	-2.4898
46.38	-2.4901
46.38	-2.4897
46.38	-2.4900
46.38	-2.4900
46.39	-2.4902
46.39	-2.4903
46.39	-2.4901
46.39	-2.4903
46.40	-2.4907
46.40	-2.4905
46.40	-2.4901
46.40	-2.4904
46.40	-2.4906
46.41	-2.4904
46.41	-2.4907
46.41	-2.4909
46.42	-2.4908
46.42	-2.4907
46.42	-2.4908
46.43	-2.4907
46.43	-2.4910
46.43	-2.4910
46.43	-2.4909
46.43	-2.4911
46.43	-2.4912
46.43	-2.4911
46.44	-2.4913
46.44	-2.4912
46.45	-2.4911
46.45	-2.4913
46.45	-2.4915
46.45	-2.4913
46.45	-2.4916
46.46	-2.4916
46.46	-2.4913
46.46	-2.4918
46.46	-2.4913
46.47	-2.4917
46.47	-2.4917
46.48	-2.4916
46.48	-2.4919
46.48	-2.4917
46.48	-2.4919
46.48	-2.4920
46.48	-2.4919
46.49	-2.4921
46.49	-2.4920
46.49	-2.4921
46.49	-2.4920
46.50	-2.4922
46.50	-2.4922
46.51	-2.4923
46.51	-2.4924
46.51	-2.4922
46.51	-2.4922
46.52	-2.4923
46.52	-2.4922
46.52	-2.4921
46.52	-2.4921
46.52	-2.4925
46.53	-2.4925
46.53	-2.4924
46.53	-2.4923
46.53	-2.4924
46.53	-2.4924
46.53	-2.4925
46.54	-2.4922
46.54	-2.4925
46.54	-2.4925
46.55	-2.4928
46.55	-2.4926
46.55	-2.4926
46.55	-2.4928
46.55	-2.4929
46.56	-2.4929
46.56	-2.4928
46.56	-2.4930
46.57	-2.4929
46.57	-2.4929
46.57	-2.4927
46.58	-2.4930
46.58	-2.4930
46.58	-2.4932
46.58	-2.4932
46.58	-2.4932
46.59	-2.4932
46.59	-2.4932
46.59	-2.4935
46.59	-2.4933
46.59	-2.4934
46.59	-2.4935
46.59	-2.4935
46.60	-2.4934
46.60	-2.4935
46.60	-2.4935
46.61	-2.4935
46.61	-2.4936
46.61	-2.4933
46.62	-2.4938
46.62	-2.4938
46.62	-2.4938
46.63	-2.4938
46.63	-2.4939
46.63	-2.4940
46.63	-2.4941
46.64	-2.4941
46.64	-2.4940
46.64	-2.4941
46.65	-2.4940
46.65	-2.4940
46.65	-2.4941
46.65	-2.4942
46.65	-2.4942
46.66	-2.4942
46.66	-2.4945
46.66	-2.4943
46.67	-2.4941
46.67	-2.4943
46.67	-2.4944
46.67	-2.4944
46.68	-2.4943
46.68	-2.4944
46.68	-2.4945
46.68	-2.4943
46.68	-2.4942
46.68	-2.4944
46.69	-2.4943
46.69	-2.4943
46.69	-2.4943
46.69	-2.4944
46.70	-2.4944
46.70	-2.4944
46.70	-2.4945
46.70	-2.4943
46.71	-2.4944
46.71	-2.4943
46.72	-2.4946
46.72	-2.4946
46.72	-2.4945
46.73	-2.4943
46.73	-2.4947
46.73	-2.4946
46.73	-2.4945
46.73	-2.4946
46.73	-2.4948
46.74	-2.4945
46.74	-2.4945
46.74	-2.4947
46.74	-2.4947
46.74	-2.4946
46.74	-2.4946
46.74	-2.4946
46.75	-2.4946
46.75	-2.4947
46.75	-2.4945
46.76	-2.4947
46.76	-2.4945
46.76	-2.4947
46.77	-2.4948
46.77	-2.4946
46.77	-2.4945
46.77	-2.4946
46.77	-2.4946
46.78	-2.4945
46.78	-2.4945
46.78	-2.4945
46.79	-2.4945
46.79	-2.4944
46.80	-2.4944
46.80	-2.4944
46.80	-2.4941
46.80	-2.4943
46.80	-2.4944
46.80	-2.4943
46.80	-2.4944
46.81	-2.4944
46.81	-2.4943
46.82	-2.4943
46.82	-2.4940
46.82	-2.4943
46.82	-2.4941
46.83	-2.4940
46.83	-2.4942
46.83	-2.4941
46.84	-2.4941
46.84	-2.4942
46.84	-2.4940
46.84	-2.4942
46.84	-2.4941
46.84	-2.4943
46.84	-2.4942
46.85	-2.4942
46.86	-2.4943
46.86	-2.4943
46.86	-2.4943
46.86	-2.4942
46.87	-2.4942
46.87	-2.4944
46.87	-2.4941
46.88	-2.4944
46.88	-2.4943
46.88	-2.4940
46.88	-2.4943
46.88	-2.4944
46.88	-2.4942
46.89	-2.4943
46.89	-2.4944
46.89	-2.4941
46.89	-2.4944
46.89	-2.4943
46.90	-2.4943
46.90	-2.4944
46.90	-2.4943
46.90	-2.4942
46.91	-2.4942
46.91	-2.4941
46.91	-2.4944
46.92	-2.4943
46.92	-2.4941
46.92	-2.4944
46.93	-2.4943
46.93	-2.4945
46.93	-2.4942
46.93	-2.4944
46.93	-2.4944
46.93	-2.4945
46.94	-2.4945
46.94	-2.4945
46.94	-2.4945
46.94	-2.4944
46.94	-2.4945
46.94	-2.4945
46.95	-2.4947
46.95	-2.4945
46.95	-2.4946
46.96	-2.4945
46.96	-2.4949
46.97	-2.4949
46.97	-2.4947
46.97	-2.4948
46.98	-2.4947
46.98	-2.4948
46.98	-2.4949
46.98	-2.4948
46.99	-2.4948
46.99	-2.4948
46.99	-2.4948
46.99	-2.4948
46.99	-2.4948
47.00	-2.4948
47.00	-2.4949
47.00	-2.4946
47.01	-2.4948
47.01	-2.4948
47.01	-2.4948
47.01	-2.4948
47.01	-2.4948
47.02	-2.4949
47.02	-2.4952
47.02	-2.4951
47.02	-2.4951
47.02	-2.4952
47.03	-2.4952
47.03	-2.4952
47.03	-2.4951
47.04	-2.4954
47.04	-2.4952
47.04	-2.4952
47.04	-2.4953
47.05	-2.4953
47.05	-2.4952
47.05	-2.4954
47.06	-2.4952
47.06	-2.4953
47.06	-2.4953
47.06	-2.4953
47.07	-2.4953
47.07	-2.4954
47.07	-2.4953
47.07	-2.4954
47.07	-2.4955
47.08	-2.4954
47.08	-2.4954
47.08	-2.4954
47.08	-2.4953
47.08	-2.4955
47.09	-2.4953
47.09	-2.4954
47.09	-2.4954
47.10	-2.4954
47.09	-2.4956
47.10	-2.4957
47.10	-2.4956
47.10	-2.4959
47.11	-2.4958
47.11	-2.4959
47.12	-2.4958
47.12	-2.4960
47.13	-2.4960
47.13	-2.4961
47.13	-2.4960
47.13	-2.4960
47.13	-2.4961
47.13	-2.4960
47.13	-2.4962
47.14	-2.4960
47.14	-2.4962
47.14	-2.4963
47.15	-2.4964
47.15	-2.4963
47.15	-2.4963
47.15	-2.4964
47.15	-2.4962
47.15	-2.4964
47.16	-2.4964
47.16	-2.4967
47.16	-2.4967
47.16	-2.4965
47.17	-2.4968
47.17	-2.4968
47.18	-2.4967
47.18	-2.4967
47.18	-2.4970
47.18	-2.4968
47.18	-2.4969
47.19	-2.4968
47.19	-2.4969
47.20	-2.4970
47.20	-2.4970
47.20	-2.4970
47.20	-2.4970
47.20	-2.4971
47.20	-2.4971
47.21	-2.4970
47.21	-2.4970
47.21	-2.4974
47.21	-2.4970
47.22	-2.4973
47.22	-2.4973
47.22	-2.4973
47.23	-2.4972
47.23	-2.4975
47.23	-2.4975
47.23	-2.4972
47.23	-2.4975
47.24	-2.4975
47.24	-2.4975
47.24	-2.4976
47.24	-2.4973
47.24	-2.4975
47.25	-2.4976
47.25	-2.4974
47.25	-2.4976
47.26	-2.4974
47.26	-2.4975
47.27	-2.4977
47.27	-2.4976
47.27	-2.4976
47.27	-2.4977
47.27	-2.4979
47.27	-2.4979
47.27	-2.4978
47.28	-2.4979
47.28	-2.4978
47.28	-2.4980
47.29	-2.4981
47.29	-2.4979
47.29	-2.4981
47.29	-2.4981
47.30	-2.4978
47.30	-2.4982
47.30	-2.4981
47.30	-2.4981
47.30	-2.4983
47.31	-2.4983
47.31	-2.4984
47.32	-2.4985
47.32	-2.4986
47.32	-2.4986
47.32	-2.4987
47.33	-2.4986
47.33	-2.4988
47.33	-2.4987
47.33	-2.4990
47.33	-2.4989
47.34	-2.4992
47.34	-2.4990
47.34	-2.4993
47.34	-2.4992
47.34	-2.4993
47.35	-2.4994
47.35	-2.4992
47.35	-2.4993
47.35	-2.4993
47.36	-2.4994
47.36	-2.4994
47.37	-2.4994
47.37	-2.4997
47.37	-2.4996
47.37	-2.4997
47.38	-2.4997
47.38	-2.4997
47.38	-2.4996
47.38	-2.4996
47.38	-2.4997
47.38	-2.4998
47.39	-2.4998
47.39	-2.4998
47.40	-2.4999
47.40	-2.5000
47.40	-2.5001
47.40	-2.5000
47.40	-2.5001
47.41	-2.5001
47.41	-2.5002
47.41	-2.5002
47.41	-2.5002
47.42	-2.5002
47.42	-2.5000
47.42	-2.5004
47.43	-2.5002
47.43	-2.5005
47.43	-2.5005
47.43	-2.5003
47.43	-2.5003
47.43	-2.5003
47.43	-2.5005
47.44	-2.5005
47.44	-2.5003
47.44	-2.5005
47.45	-2.5003
47.44	-2.5004
47.45	-2.5003
47.45	-2.5006
47.46	-2.5006
47.46	-2.5008
47.46	-2.5004
47.47	-2.5005
47.47	-2.5006
47.47	-2.5007
47.48	-2.5005
47.48	-2.5008
47.48	-2.5007
47.48	-2.5010
47.48	-2.5008
47.48	-2.5008
47.48	-2.5008
47.48	-2.5008
47.49	-2.5010
47.49	-2.5011
47.49	-2.5011
47.49	-2.5011
47.50	-2.5010
47.50	-2.5008
47.50	-2.5009
47.51	-2.5010
47.51	-2.5010
47.51	-2.5010
47.51	-2.5010
47.52	-2.5010
47.52	-2.5009
47.52	-2.5011
47.52	-2.5011
47.53	-2.5011
47.53	-2.5010
47.53	-2.5009
47.54	-2.5012
47.54	-2.5010
47.54	-2.5010
47.54	-2.5009
47.55	-2.5011
47.55	-2.5014
47.55	-2.5013
47.55	-2.5012
47.55	-2.5012
47.56	-2.5012
47.56	-2.5013
47.56	-2.5011
47.56	-2.5012
47.57	-2.5014
47.57	-2.5013
47.57	-2.5012
47.57	-2.5014
47.58	-2.5013
47.58	-2.5012
47.58	-2.5015
47.58	-2.5015
47.59	-2.5012
47.59	-2.5015
47.59	-2.5015
47.59	-2.5015
47.59	-2.5016
47.60	-2.5017
47.61	-2.5017
47.61	-2.5015
47.61	-2.5016
47.61	-2.5017
47.62	-2.5018
47.62	-2.5015
47.62	-2.5015
47.62	-2.5015
47.62	-2.5018
47.63	-2.5017
47.63	-2.5016
47.63	-2.5017
47.63	-2.5018
47.63	-2.5019
47.63	-2.5017
47.63	-2.5018
47.64	-2.5017
47.64	-2.5018
47.65	-2.5018
47.65	-2.5019
47.65	-2.5017
47.66	-2.5020
47.65	-2.5017
47.66	-2.5018
47.66	-2.5021
47.67	-2.5019
47.66	-2.5020
47.67	-2.5020
47.67	-2.5020
47.68	-2.5020
47.68	-2.5021
47.68	-2.5022
47.68	-2.5024
47.69	-2.5024
47.69	-2.5021
47.69	-2.5025
47.69	-2.5024
47.70	-2.5024
47.70	-2.5024
47.70	-2.5028
47.70	-2.5027
47.71	-2.5027
47.71	-2.5027
47.72	-2.5027
47.72	-2.5030
47.72	-2.5028
47.72	-2.5028
47.72	-2.5030
47.73	-2.5031
47.73	-2.5029
47.73	-2.5029
47.74	-2.5030
47.74	-2.5030
47.74	-2.5031
47.74	-2.5031
47.74	-2.5031
47.74	-2.5031
47.74	-2.5032
47.74	-2.5032
47.75	-2.5032
47.75	-2.5036
47.75	-2.5035
47.76	-2.5035
47.76	-2.5033
47.76	-2.5032
47.76	-2.5032
47.76	-2.5033
47.76	-2.5033
47.77	-2.5035
47.77	-2.5036
47.77	-2.5037
47.78	-2.5036
47.78	-2.5033
47.78	-2.5038
47.79	-2.5036
47.79	-2.5037
47.80	-2.5036
47.80	-2.5037
47.80	-2.5037
47.80	-2.5036
47.80	-2.5036
47.81	-2.5038
47.81	-2.5039
47.81	-2.5039
47.82	-2.5038
47.82	-2.5037
47.82	-2.5037
47.82	-2.5036
47.83	-2.5037
47.83	-2.5039
47.83	-2.5039
47.83	-2.5038
47.83	-2.5039
47.83	-2.5039
47.84	-2.5038
47.84	-2.5039
47.84	-2.5039
47.84	-2.5040
47.85	-2.5038
47.85	-2.5038
47.85	-2.5039
47.85	-2.5039
47.85	-2.5040
47.86	-2.5041
47.86	-2.5041
47.86	-2.5041
47.87	-2.5041
47.88	-2.5042
47.88	-2.5040
47.88	-2.5044
47.88	-2.5040
47.89	-2.5041
47.90	-2.5041
47.90	-2.5040
47.90	-2.5041
47.90	-2.5040
47.90	-2.5041
47.90	-2.5039
47.91	-2.5041
47.91	-2.5042
47.91	-2.5041
47.91	-2.5042
47.91	-2.5042
47.91	-2.5043
47.92	-2.5044
47.92	-2.5043
47.92	-2.5044
47.93	-2.5045
47.93	-2.5046
47.93	-2.5045
47.93	-2.5046
47.93	-2.5047
47.93	-2.5049
47.94	-2.5048
47.94	-2.5050
47.95	-2.5048
47.95	-2.5050
47.95	-2.5048
47.95	-2.5050
47.95	-2.5051
47.95	-2.5051
47.95	-2.5052
47.96	-2.5052
47.96	-2.5051
47.97	-2.5051
47.97	-2.5052
47.97	-2.5052
47.97	-2.5052
47.98	-2.5051
47.98	-2.5052
47.98	-2.5053
47.98	-2.5050
47.98	-2.5052
47.98	-2.5055
47.99	-2.5052
47.99	-2.5051
47.99	-2.5052
47.99	-2.5051
47.99	-2.5050
48.00	-2.5049
48.00	-2.5050
48.01	-2.5051
48.01	-2.5050
48.01	-2.5050
48.01	-2.5049
48.02	-2.5049
48.02	-2.5051
48.02	-2.5047
48.03	-2.5047
48.03	-2.5049
48.03	-2.5051
48.03	-2.5049
48.03	-2.5048
48.03	-2.5048
48.04	-2.5050
48.04	-2.5049
48.05	-2.5049
48.05	-2.5049
48.05	-2.5049
48.05	-2.5050
48.05	-2.5048
48.05	-2.5050
48.05	-2.5052
48.06	-2.5052
48.06	-2.5052
48.07	-2.5051
48.07	-2.5050
48.07	-2.5052
48.08	-2.5052
48.08	-2.5052
48.08	-2.5052
48.08	-2.5053
48.08	-2.5056
48.09	-2.5053
48.09	-2.5052
48.09	-2.5057
48.09	-2.5058
48.09	-2.5057
48.10	-2.5058
48.10	-2.5058
48.11	-2.5060
48.11	-2.5059
48.11	-2.5060
48.11	-2.5062
48.11	-2.5063
48.12	-2.5062
48.12	-2.5062
48.12	-2.5064
48.12	-2.5065
48.13	-2.5064
48.13	-2.5065
48.13	-2.5066
48.14	-2.5067
48.14	-2.5065
48.14	-2.5069
48.15	-2.5068
48.15	-2.5071
48.15	-2.5068
48.15	-2.5071
48.15	-2.5071
48.16	-2.5073
48.16	-2.5074
48.17	-2.5074
48.17	-2.5075
48.17	-2.5073
48.17	-2.5074
48.18	-2.5077
48.18	-2.5076
48.18	-2.5075
48.18	-2.5076
48.18	-2.5080
48.18	-2.5079
48.19	-2.5079
48.19	-2.5079
48.19	-2.5079
48.20	-2.5081
48.20	-2.5080
48.20	-2.5081
48.20	-2.5082
48.20	-2.5082
48.20	-2.5083
48.21	-2.5083
48.21	-2.5083
48.22	-2.5084
48.22	-2.5084
48.22	-2.5085
48.22	-2.5084
48.23	-2.5087
48.23	-2.5087
48.23	-2.5087
48.23	-2.5090
48.23	-2.5087
48.23	-2.5090
48.24	-2.5086
48.24	-2.5092
48.24	-2.5093
48.25	-2.5092
48.25	-2.5091
48.25	-2.5093
48.25	-2.5095
48.26	-2.5093
48.26	-2.5093
48.27	-2.5095
48.27	-2.5096
48.27	-2.5097
48.27	-2.5096
48.27	-2.5096
48.28	-2.5096
48.28	-2.5097
48.28	-2.5098
48.28	-2.5099
48.29	-2.5100
48.29	-2.5100
48.29	-2.5101
48.30	-2.5098
48.30	-2.5099
48.30	-2.5101
48.30	-2.5100
48.30	-2.5100
48.30	-2.5101
48.30	-2.5102
48.31	-2.5101
48.31	-2.5102
48.31	-2.5101
48.32	-2.5103
48.32	-2.5102
48.32	-2.5102
48.33	-2.5102
48.33	-2.5103
48.33	-2.5107
48.33	-2.5105
48.34	-2.5104
48.34	-2.5105
48.34	-2.5105
48.34	-2.5107
48.34	-2.5106
48.35	-2.5108
48.35	-2.5106
48.36	-2.5108
48.36	-2.5107
48.36	-2.5108
48.36	-2.5109
48.36	-2.5110
48.37	-2.5107
48.37	-2.5109
48.37	-2.5108
48.37	-2.5109
48.37	-2.5109
48.37	-2.5108
48.38	-2.5110
48.38	-2.5111
48.38	-2.5111
48.38	-2.5112
48.38	-2.5112
48.39	-2.5111
48.39	-2.5111
48.40	-2.5111
48.40	-2.5112
48.40	-2.5111
48.40	-2.5111
48.41	-2.5111
48.41	-2.5110
48.41	-2.5112
48.42	-2.5112
48.42	-2.5112
48.42	-2.5112
48.43	-2.5112
48.43	-2.5114
48.43	-2.5113
48.43	-2.5114
48.43	-2.5113
48.43	-2.5113
48.43	-2.5114
48.44	-2.5112
48.44	-2.5114
48.44	-2.5112
48.44	-2.5113
48.45	-2.5112
48.45	-2.5110
48.45	-2.5114
48.46	-2.5112
48.46	-2.5111
48.46	-2.5112
48.46	-2.5112
48.47	-2.5113
48.47	-2.5114
48.47	-2.5113
48.47	-2.5111
48.48	-2.5111
48.48	-2.5113
48.48	-2.5114
48.48	-2.5117
48.49	-2.5114
48.49	-2.5114
48.50	-2.5114
48.50	-2.5114
48.50	-2.5115
48.50	-2.5114
48.50	-2.5114
48.50	-2.5115
48.50	-2.5115
48.51	-2.5113
48.51	-2.5115
48.51	-2.5114
48.51	-2.5114
48.51	-2.5117
48.52	-2.5117
48.52	-2.5117
48.52	-2.5119
48.52	-2.5117
48.52	-2.5121
48.53	-2.5118
48.53	-2.5120
48.53	-2.5119
48.53	-2.5119
48.54	-2.5120
48.55	-2.5121
48.55	-2.5120
48.55	-2.5121
48.55	-2.5121
48.55	-2.5121
48.56	-2.5121
48.56	-2.5120
48.56	-2.5121
48.57	-2.5121
48.57	-2.5120
48.57	-2.5121
48.57	-2.5121
48.57	-2.5120
48.58	-2.5121
48.58	-2.5120
48.58	-2.5120
48.59	-2.5122
48.59	-2.5121
48.59	-2.5121
48.59	-2.5123
48.59	-2.5121
48.60	-2.5123
48.60	-2.5121
48.60	-2.5124
48.61	-2.5122
48.61	-2.5123
48.61	-2.5122
48.62	-2.5123
48.62	-2.5123
48.62	-2.5123
48.62	-2.5122
48.63	-2.5123
48.63	-2.5121
48.63	-2.5123
48.63	-2.5125
48.63	-2.5126
48.63	-2.5126
48.64	-2.5124
48.64	-2.5125
48.65	-2.5124
48.65	-2.5126
48.65	-2.5125
48.65	-2.5127
48.65	-2.5128
48.65	-2.5126
48.66	-2.5126
48.66	-2.5127
48.66	-2.5127
48.66	-2.5128
48.67	-2.5125
48.67	-2.5129
48.67	-2.5129
48.68	-2.5129
48.68	-2.5128
48.68	-2.5130
48.68	-2.5129
48.68	-2.5130
48.69	-2.5128
48.69	-2.5129
48.69	-2.5131
48.70	-2.5130
48.70	-2.5129
48.70	-2.5130
48.70	-2.5131
48.71	-2.5131
48.71	-2.5132
48.71	-2.5131
48.71	-2.5131
48.72	-2.5132
48.72	-2.5131
48.72	-2.5132
48.73	-2.5130
48.73	-2.5131
48.73	-2.5131
48.73	-2.5132
48.73	-2.5131
48.73	-2.5132
48.73	-2.5132
48.74	-2.5134
48.74	-2.5132
48.75	-2.5131
48.75	-2.5132
48.75	-2.5132
48.75	-2.5133
48.76	-2.5132
48.76	-2.5133
48.76	-2.5135
48.77	-2.5134
48.77	-2.5132
48.77	-2.5133
48.77	-2.5134
48.77	-2.5133
48.78	-2.5132
48.78	-2.5133
48.79	-2.5135
48.79	-2.5134
48.79	-2.5135
48.79	-2.5135
48.79	-2.5137
48.80	-2.5139
48.80	-2.5136
48.80	-2.5136
48.80	-2.5137
48.80	-2.5138
48.81	-2.5143
48.81	-2.5140
48.81	-2.5143
48.81	-2.5138
48.82	-2.5141
48.82	-2.5140
48.82	-2.5142
48.82	-2.5143
48.82	-2.5143
48.83	-2.5146
48.83	-2.5143
48.83	-2.5145
48.84	-2.5145
48.84	-2.5145
48.84	-2.5147
48.84	-2.5141
48.84	-2.5145
48.85	-2.5145
48.85	-2.5147
48.85	-2.5149
48.86	-2.5145
48.86	-2.5147
48.86	-2.5147
48.86	-2.5148
48.87	-2.5149
48.87	-2.5148
48.87	-2.5150
48.87	-2.5150
48.87	-2.5149
48.88	-2.5147
48.88	-2.5149
48.88	-2.5151
48.88	-2.5150
48.89	-2.5151
48.89	-2.5151
48.89	-2.5150
48.90	-2.5151
48.90	-2.5152
48.90	-2.5152
48.90	-2.5150
48.91	-2.5152
48.91	-2.5152
48.91	-2.5153
48.91	-2.5155
48.92	-2.5153
48.92	-2.5151
48.93	-2.5154
48.93	-2.5152
48.93	-2.5153
48.93	-2.5155
48.93	-2.5155
48.93	-2.5151
48.94	-2.5154
48.94	-2.5153
48.94	-2.5155
48.94	-2.5155
48.95	-2.5153
48.95	-2.5156
48.95	-2.5153
48.95	-2.5154
48.95	-2.5153
48.95	-2.5153
48.96	-2.5155
48.96	-2.5155
48.96	-2.5156
48.97	-2.5153
48.97	-2.5154
48.98	-2.5154
48.98	-2.5154
48.98	-2.5154
48.98	-2.5156
48.99	-2.5155
48.99	-2.5156
48.99	-2.5155
48.99	-2.5156
49.00	-2.5158
49.00	-2.5156
49.00	-2.5154
49.00	-2.5156
49.00	-2.5156
49.00	-2.5157
49.00	-2.5156
49.01	-2.5156
49.01	-2.5157
49.01	-2.5157
49.02	-2.5157
49.02	-2.5160
49.02	-2.5157
49.02	-2.5158
49.02	-2.5156
49.03	-2.5157
49.03	-2.5157
49.03	-2.5157
49.04	-2.5156
49.04	-2.5158
49.05	-2.5160
49.05	-2.5160
49.05	-2.5157
49.05	-2.5159
49.05	-2.5159
49.06	-2.5161
49.06	-2.5163
49.06	-2.5162
49.06	-2.5160
49.06	-2.5161
49.07	-2.5162
49.07	-2.5160
49.08	-2.5160
49.08	-2.5161
49.08	-2.5159
49.08	-2.5161
49.09	-2.5162
49.09	-2.5160
49.09	-2.5162
49.09	-2.5159
49.09	-2.5165
49.10	-2.5165
49.10	-2.5162
49.10	-2.5165
49.10	-2.5165
49.10	-2.5166
49.11	-2.5167
49.11	-2.5165
49.12	-2.5166
49.12	-2.5164
49.12	-2.5167
49.12	-2.5168
49.12	-2.5163
49.13	-2.5166
49.13	-2.5169
49.13	-2.5168
49.13	-2.5166
49.14	-2.5168
49.14	-2.5168
49.14	-2.5168
49.14	-2.5169
49.15	-2.5169
49.15	-2.5168
49.15	-2.5169
49.15	-2.5170
49.16	-2.5170
49.16	-2.5170
49.17	-2.5171
49.17	-2.5172
49.17	-2.5172
49.17	-2.5172
49.18	-2.5173
49.18	-2.5172
49.18	-2.5174
49.18	-2.5174
49.18	-2.5173
49.18	-2.5177
49.19	-2.5173
49.19	-2.5177
49.19	-2.5177
49.19	-2.5178
49.20	-2.5178
49.20	-2.5177
49.20	-2.5178
49.21	-2.5178
49.21	-2.5177
49.21	-2.5178
49.21	-2.5180
49.21	-2.5179
49.21	-2.5181
49.22	-2.5179
49.22	-2.5181
49.23	-2.5181
49.23	-2.5180
49.23	-2.5181
49.23	-2.5182
49.23	-2.5181
49.23	-2.5182
49.24	-2.5184
49.24	-2.5184
49.24	-2.5183
49.25	-2.5184
49.25	-2.5184
49.25	-2.5183
49.25	-2.5184
49.26	-2.5185
49.26	-2.5187
49.26	-2.5184
49.26	-2.5184
49.26	-2.5187
49.26	-2.5185
49.27	-2.5188
49.27	-2.5187
49.27	-2.5186
49.27	-2.5185
49.28	-2.5187
49.28	-2.5189
49.29	-2.5187
49.29	-2.5190
49.29	-2.5187
49.30	-2.5189
49.30	-2.5188
49.30	-2.5190
49.30	-2.5189
49.30	-2.5190
49.31	-2.5191
49.30	-2.5191
49.31	-2.5193
49.31	-2.5192
49.31	-2.5191
49.31	-2.5194
49.32	-2.5194
49.32	-2.5194
49.32	-2.5197
49.33	-2.5195
49.33	-2.5196
49.33	-2.5195
49.33	-2.5196
49.33	-2.5196
49.34	-2.5198
49.34	-2.5195
49.34	-2.5197
49.34	-2.5198
49.35	-2.5196
49.35	-2.5197
49.35	-2.5199
49.35	-2.5199
49.36	-2.5202
49.36	-2.5200
49.36	-2.5197
49.37	-2.5200
49.37	-2.5198
49.37	-2.5201
49.38	-2.5202
49.38	-2.5200
49.38	-2.5202
49.38	-2.5202
49.38	-2.5203
49.39	-2.5204
49.39	-2.5201
49.39	-2.5204
49.39	-2.5204
49.40	-2.5205
49.40	-2.5205
49.40	-2.5204
49.40	-2.5207
49.40	-2.5206
49.40	-2.5207
49.40	-2.5209
49.41	-2.5207
49.41	-2.5210
49.42	-2.5209
49.42	-2.5211
49.42	-2.5210
49.43	-2.5211
49.43	-2.5210
49.43	-2.5213
49.43	-2.5211
49.43	-2.5213
49.44	-2.5214
49.44	-2.5213
49.45	-2.5214
49.45	-2.5214
49.45	-2.5214
49.45	-2.5215
49.45	-2.5213
49.45	-2.5217
49.46	-2.5216
49.46	-2.5216
49.46	-2.5216
49.47	-2.5215
49.47	-2.5217
49.47	-2.5216
49.47	-2.5216
49.48	-2.5219
49.48	-2.5218
49.48	-2.5217
49.48	-2.5220
49.49	-2.5221
49.49	-2.5218
49.49	-2.5219
49.49	-2.5221
49.50	-2.5220
49.50	-2.5220
49.50	-2.5221
49.51	-2.5220
49.51	-2.5220
49.51	-2.5223
49.51	-2.5222
49.52	-2.5223
49.52	-2.5223
49.52	-2.5222
49.52	-2.5221
49.52	-2.5222
49.52	-2.5222
49.53	-2.5221
49.53	-2.5223
49.53	-2.5224
49.53	-2.5224
49.53	-2.5225
49.54	-2.5222
49.54	-2.5222
49.55	-2.5226
49.55	-2.5224
49.55	-2.5225
49.55	-2.5226
49.56	-2.5225
49.56	-2.5227
49.56	-2.5226
49.57	-2.5227
49.57	-2.5226
49.57	-2.5227
49.58	-2.5228
49.58	-2.5227
49.58	-2.5228
49.58	-2.5227
49.58	-2.5227
49.58	-2.5228
49.59	-2.5228
49.59	-2.5230
49.59	-2.5232
49.60	-2.5233
49.60	-2.5232
49.60	-2.5232
49.60	-2.5232
49.61	-2.5232
49.61	-2.5234
49.61	-2.5232
49.61	-2.5233
49.62	-2.5236
49.62	-2.5234
49.62	-2.5233
49.63	-2.5235
49.63	-2.5234
49.63	-2.5236
49.63	-2.5236
49.63	-2.5235
49.64	-2.5235
49.64	-2.5235
49.64	-2.5235
49.64	-2.5236
49.64	-2.5236
49.65	-2.5237
49.65	-2.5236
49.65	-2.5239
49.66	-2.5239
49.66	-2.5238
49.66	-2.5239
49.67	-2.5238
49.67	-2.5239
49.67	-2.5240
49.68	-2.5239
49.68	-2.5240
49.68	-2.5240
49.68	-2.5241
49.68	-2.5240
49.69	-2.5239
49.69	-2.5240
49.69	-2.5241
49.70	-2.5242
49.70	-2.5242
49.70	-2.5241
49.70	-2.5242
49.70	-2.5240
49.71	-2.5243
49.71	-2.5242
49.71	-2.5244
49.71	-2.5242
49.71	-2.5243
49.72	-2.5243
49.72	-2.5245
49.72	-2.5242
49.72	-2.5244
49.73	-2.5245
49.73	-2.5246
49.73	-2.5246
49.73	-2.5247
49.74	-2.5248
49.74	-2.5249
49.74	-2.5246
49.74	-2.5248
49.74	-2.5247
49.75	-2.5248
49.75	-2.5249
49.75	-2.5248
49.76	-2.5248
49.76	-2.5247
49.76	-2.5247
49.77	-2.5244
49.77	-2.5246
49.77	-2.5247
49.77	-2.5246
49.77	-2.5246
49.77	-2.5247
49.78	-2.5246
49.78	-2.5247
49.78	-2.5245
49.79	-2.5245
49.79	-2.5247
49.80	-2.5244
49.80	-2.5245
49.80	-2.5243
49.80	-2.5244
49.80	-2.5246
49.80	-2.5244
49.81	-2.5242
49.81	-2.5244
49.81	-2.5243
49.81	-2.5244
49.81	-2.5243
49.82	-2.5244
49.82	-2.5243
49.83	-2.5245
49.83	-2.5245
49.83	-2.5243
49.83	-2.5245
49.83	-2.5244
49.84	-2.5243
49.84	-2.5243
49.84	-2.5243
49.84	-2.5244
49.84	-2.5244
49.84	-2.5247
49.85	-2.5246
49.85	-2.5246
49.86	-2.5246
49.86	-2.5247
49.86	-2.5247
49.87	-2.5248
49.87	-2.5249
49.87	-2.5248
49.87	-2.5248
49.87	-2.5248
49.88	-2.5250
49.88	-2.5248
49.88	-2.5252
49.88	-2.5252
49.88	-2.5251
49.89	-2.5251
49.89	-2.5252
49.89	-2.5252
49.90	-2.5252
49.90	-2.5251
49.90	-2.5255
49.90	-2.5254
49.90	-2.5256
49.91	-2.5253
49.91	-2.5253
49.91	-2.5255
49.92	-2.5256
49.92	-2.5254
49.93	-2.5256
49.93	-2.5254
49.93	-2.5255
49.93	-2.5258
49.93	-2.5256
49.93	-2.5257
49.94	-2.5258
49.94	-2.5258
49.94	-2.5260
49.94	-2.5258
49.94	-2.5261
49.95	-2.5259
49.95	-2.5260
49.95	-2.5260
49.95	-2.5261
49.95	-2.5260
49.96	-2.5263
49.96	-2.5264
49.97	-2.5263
49.97	-2.5263
49.97	-2.5265
49.98	-2.5268
49.98	-2.5267
49.98	-2.5266
49.98	-2.5267
49.99	-2.5269
49.99	-2.5267
49.99	-2.5267
49.99	-2.5267
50.00	-2.5267
50.00	-2.5268
50.00	-2.5269
50.00	-2.5269
50.00	-2.5269
50.00	-2.5269
50.01	-2.5270
50.01	-2.5269
50.01	-2.5272
50.02	-2.5270
50.02	-2.5272
50.02	-2.5271
50.02	-2.5274
50.03	-2.5273
50.03	-2.5273
50.03	-2.5272
50.03	-2.5275
50.04	-2.5274
50.04	-2.5276
50.04	-2.5275
50.04	-2.5278
50.04	-2.5276
50.05	-2.5275
50.05	-2.5279
50.05	-2.5277
50.06	-2.5276
50.06	-2.5278
50.06	-2.5278
50.07	-2.5278
50.07	-2.5280
50.08	-2.5281
50.08	-2.5279
50.08	-2.5279
50.08	-2.5277
50.08	-2.5282
50.08	-2.5281
50.08	-2.5281
50.08	-2.5280
50.09	-2.5282
50.09	-2.5280
50.09	-2.5282
50.10	-2.5281
50.10	-2.5283
50.11	-2.5284
50.11	-2.5283
50.11	-2.5284
50.11	-2.5284
50.12	-2.5286
50.12	-2.5284
50.12	-2.5285
50.12	-2.5284
50.12	-2.5286
50.13	-2.5286
50.13	-2.5286
50.13	-2.5285
50.14	-2.5284
50.14	-2.5286
50.14	-2.5286
50.14	-2.5284
50.14	-2.5289
50.15	-2.5288
50.15	-2.5286
50.15	-2.5287
50.15	-2.5288
50.15	-2.5285
50.15	-2.5288
50.15	-2.5285
50.16	-2.5288
50.16	-2.5287
50.16	-2.5287
50.17	-2.5286
50.17	-2.5287
50.18	-2.5285
50.18	-2.5286
50.18	-2.5285
50.18	-2.5284
50.18	-2.5285
50.19	-2.5285
50.19	-2.5285
50.19	-2.5285
50.19	-2.5285
50.20	-2.5285
50.20	-2.5284
50.20	-2.5284
50.20	-2.5284
50.21	-2.5283
50.21	-2.5284
50.21	-2.5285
50.21	-2.5284
50.21	-2.5285
50.21	-2.5284
50.22	-2.5283
50.22	-2.5283
50.22	-2.5282
50.23	-2.5285
50.23	-2.5282
50.23	-2.5284
50.23	-2.5285
50.24	-2.5285
50.24	-2.5283
50.25	-2.5282
50.25	-2.5285
50.25	-2.5284
50.25	-2.5283
50.25	-2.5285
50.25	-2.5285
50.26	-2.5283
50.26	-2.5285
50.26	-2.5284
50.27	-2.5283
50.27	-2.5284
50.27	-2.5284
50.27	-2.5285
50.28	-2.5284
50.28	-2.5283
50.28	-2.5286
50.28	-2.5284
50.28	-2.5285
50.29	-2.5283
50.29	-2.5284
50.29	-2.5283
50.30	-2.5284
50.30	-2.5284
50.30	-2.5282
50.30	-2.5285
50.30	-2.5284
50.30	-2.5285
50.30	-2.5285
50.31	-2.5284
50.31	-2.5285
50.32	-2.5284
50.32	-2.5283
50.33	-2.5285
50.33	-2.5285
50.33	-2.5284
50.33	-2.5284
50.33	-2.5285
50.34	-2.5286
50.34	-2.5285
50.34	-2.5288
50.34	-2.5286
50.34	-2.5285
50.35	-2.5289
50.35	-2.5286
50.35	-2.5289
50.36	-2.5288
50.36	-2.5290
50.36	-2.5289
50.36	-2.5291
50.36	-2.5288
50.36	-2.5289
50.37	-2.5290
50.37	-2.5288
50.38	-2.5289
50.38	-2.5291
50.38	-2.5291
50.39	-2.5293
50.39	-2.5291
50.39	-2.5291
50.39	-2.5292
50.39	-2.5291
50.40	-2.5291
50.40	-2.5293
50.40	-2.5289
50.41	-2.5292
50.41	-2.5292
50.41	-2.5294
50.41	-2.5295
50.41	-2.5291
50.42	-2.5294
50.42	-2.5293
50.42	-2.5293
50.42	-2.5293
50.43	-2.5290
50.43	-2.5293
50.43	-2.5292
50.43	-2.5293
50.43	-2.5293
50.43	-2.5293
50.44	-2.5293
50.44	-2.5294
50.44	-2.5294
50.45	-2.5294
50.45	-2.5294
50.45	-2.5295
50.45	-2.5294
50.46	-2.5294
50.46	-2.5296
50.46	-2.5295
50.46	-2.5294
50.47	-2.5293
50.47	-2.5295
50.48	-2.5297
50.48	-2.5296
50.48	-2.5296
50.48	-2.5296
50.48	-2.5296
50.48	-2.5296
50.49	-2.5299
50.50	-2.5296
50.50	-2.5298
50.50	-2.5298
50.50	-2.5298
50.50	-2.5300
50.50	-2.5298
50.50	-2.5298
50.51	-2.5300
50.51	-2.5300
50.52	-2.5300
50.52	-2.5300
50.52	-2.5299
50.52	-2.5300
50.53	-2.5299
50.53	-2.5299
50.53	-2.5302
50.53	-2.5301
50.54	-2.5301
50.54	-2.5302
50.54	-2.5301
50.54	-2.5301
50.55	-2.5301
50.55	-2.5302
50.55	-2.5301
50.55	-2.5303
50.55	-2.5305
50.55	-2.5303
50.55	-2.5303
50.56	-2.5303
50.56	-2.5303
50.56	-2.5305
50.57	-2.5304
50.57	-2.5306
50.58	-2.5306
50.58	-2.5307
50.58	-2.5306
50.58	-2.5306
50.58	-2.5307
50.58	-2.5307
50.59	-2.5306
50.59	-2.5307
50.60	-2.5307
50.60	-2.5309
50.60	-2.5307
50.60	-2.5309
50.60	-2.5307
50.60	-2.5306
50.61	-2.5310
50.61	-2.5308
50.61	-2.5309
50.61	-2.5308
50.62	-2.5310
50.62	-2.5311
50.62	-2.5308
50.63	-2.5310
50.63	-2.5309
50.63	-2.5309
50.63	-2.5309
50.63	-2.5310
50.63	-2.5308
50.64	-2.5310
50.65	-2.5311
50.65	-2.5310
50.65	-2.5311
50.65	-2.5310
50.65	-2.5314
50.65	-2.5313
50.66	-2.5315
50.66	-2.5313
50.67	-2.5314
50.67	-2.5314
50.67	-2.5314
50.68	-2.5314
50.68	-2.5316
50.68	-2.5313
50.68	-2.5315
50.68	-2.5316
50.68	-2.5315
50.69	-2.5314
50.69	-2.5316
50.69	-2.5315
50.70	-2.5316
50.70	-2.5315
50.70	-2.5318
50.70	-2.5318
50.70	-2.5319
50.71	-2.5317
50.71	-2.5318
50.71	-2.5320
50.71	-2.5319
50.72	-2.5318
50.72	-2.5318
50.72	-2.5318
50.73	-2.5319
50.73	-2.5321
50.73	-2.5319
50.73	-2.5321
50.74	-2.5321
50.74	-2.5322
50.74	-2.5323
50.74	-2.5323
50.75	-2.5321
50.75	-2.5323
50.75	-2.5323
50.75	-2.5323
50.75	-2.5323
50.76	-2.5323
50.76	-2.5324
50.76	-2.5323
50.76	-2.5324
50.77	-2.5324
50.77	-2.5325
50.77	-2.5326
50.77	-2.5325
50.77	-2.5326
50.78	-2.5326
50.78	-2.5325
50.79	-2.5328
50.79	-2.5325
50.79	-2.5328
50.79	-2.5327
50.79	-2.5329
50.80	-2.5328
50.80	-2.5326
50.80	-2.5327
50.80	-2.5328
50.81	-2.5326
50.81	-2.5328
50.81	-2.5329
50.81	-2.5328
50.82	-2.5328
50.82	-2.5328
50.82	-2.5328
50.82	-2.5329
50.83	-2.5328
50.83	-2.5330
50.83	-2.5331
50.83	-2.5330
50.83	-2.5329
50.84	-2.5329
50.84	-2.5331
50.85	-2.5329
50.85	-2.5330
50.85	-2.5331
50.85	-2.5330
50.86	-2.5330
50.86	-2.5330
50.86	-2.5333
50.86	-2.5329
50.87	-2.5331
50.87	-2.5329
50.87	-2.5330
50.87	-2.5332
50.88	-2.5331
50.88	-2.5330
50.88	-2.5330
50.88	-2.5331
50.88	-2.5332
50.89	-2.5329
50.89	-2.5331
50.89	-2.5331
50.89	-2.5332
50.90	-2.5331
50.90	-2.5329
50.90	-2.5332
50.90	-2.5331
50.91	-2.5330
50.91	-2.5332
50.91	-2.5333
50.91	-2.5333
50.91	-2.5332
50.91	-2.5332
50.92	-2.5331
50.92	-2.5332
50.92	-2.5332
50.93	-2.5332
50.93	-2.5333
50.93	-2.5334
50.94	-2.5333
50.95	-2.5334
50.95	-2.5334
50.95	-2.5333
50.95	-2.5335
50.95	-2.5336
50.95	-2.5337
50.95	-2.5337
50.96	-2.5338
50.96	-2.5335
50.97	-2.5337
50.97	-2.5337
50.97	-2.5337
50.98	-2.5339
50.98	-2.5339
50.98	-2.5343
50.98	-2.5341
50.98	-2.5344
50.98	-2.5339
50.99	-2.5342
50.99	-2.5344
50.99	-2.5346
51.00	-2.5345
51.00	-2.5343
51.00	-2.5345
51.00	-2.5345
51.00	-2.5345
51.01	-2.5347
51.01	-2.5345
51.01	-2.5345
51.01	-2.5347
51.02	-2.5345
51.02	-2.5346
51.02	-2.5347
51.02	-2.5349
51.02	-2.5348
51.02	-2.5348
51.03	-2.5348
51.03	-2.5352
51.03	-2.5350
51.03	-2.5351
51.04	-2.5350
51.04	-2.5350
51.04	-2.5351
51.05	-2.5352
51.05	-2.5353
51.05	-2.5354
51.05	-2.5352
51.05	-2.5355
51.06	-2.5355
51.06	-2.5353
51.06	-2.5355
51.07	-2.5356
51.07	-2.5353
51.07	-2.5355
51.08	-2.5356
51.08	-2.5353
51.08	-2.5355
51.08	-2.5355
51.08	-2.5357
51.08	-2.5356
51.09	-2.5357
51.09	-2.5358
51.09	-2.5356
51.09	-2.5355
51.09	-2.5356
51.09	-2.5356
51.10	-2.5357
51.10	-2.5359
51.10	-2.5357
51.10	-2.5359
51.11	-2.5360
51.11	-2.5359
51.11	-2.5359
51.12	-2.5358
51.12	-2.5359
51.13	-2.5361
51.13	-2.5360
51.13	-2.5360
51.13	-2.5360
51.13	-2.5361
51.13	-2.5362
51.14	-2.5361
51.14	-2.5361
51.15	-2.5363
51.15	-2.5361
51.15	-2.5363
51.15	-2.5363
51.15	-2.5360
51.16	-2.5362
51.16	-2.5364
51.16	-2.5363
51.16	-2.5366
51.16	-2.5365
51.17	-2.5365
51.17	-2.5364
51.17	-2.5365
51.18	-2.5365
51.18	-2.5365
51.18	-2.5365
51.18	-2.5365
51.18	-2.5367
51.18	-2.5363
51.19	-2.5366
51.19	-2.5364
51.20	-2.5363
51.20	-2.5364
51.20	-2.5363
51.21	-2.5364
51.21	-2.5363
51.21	-2.5364
51.21	-2.5365
51.21	-2.5364
51.22	-2.5363
51.22	-2.5364
51.22	-2.5366
51.23	-2.5363
51.23	-2.5364
51.23	-2.5364
51.23	-2.5362
51.23	-2.5362
51.23	-2.5363
51.24	-2.5363
51.24	-2.5364
51.24	-2.5361
51.24	-2.5362
51.25	-2.5362
51.25	-2.5362
51.25	-2.5362
51.25	-2.5362
51.26	-2.5363
51.26	-2.5362
51.26	-2.5361
51.27	-2.5362
51.27	-2.5362
51.27	-2.5360
51.27	-2.5361
51.28	-2.5364
51.28	-2.5361
51.29	-2.5361
51.29	-2.5361
51.29	-2.5361
51.29	-2.5360
51.29	-2.5362
51.30	-2.5360
51.30	-2.5362
51.30	-2.5360
51.30	-2.5362
51.30	-2.5358
51.31	-2.5359
51.31	-2.5361
51.31	-2.5361
51.31	-2.5357
51.32	-2.5362
51.32	-2.5361
51.33	-2.5363
51.33	-2.5360
51.33	-2.5360
51.33	-2.5360
51.33	-2.5362
51.33	-2.5363
51.34	-2.5359
51.34	-2.5360
51.34	-2.5361
51.34	-2.5361
51.34	-2.5360
51.35	-2.5359
51.35	-2.5364
51.35	-2.5361
51.35	-2.5364
51.36	-2.5362
51.36	-2.5360
51.36	-2.5363
51.37	-2.5361
51.37	-2.5362
51.37	-2.5363
51.37	-2.5364
51.38	-2.5361
51.38	-2.5362
51.38	-2.5360
51.38	-2.5364
51.38	-2.5363
51.38	-2.5363
51.39	-2.5365
51.39	-2.5363
51.39	-2.5362
51.40	-2.5362
51.40	-2.5362
51.40	-2.5365
51.40	-2.5364
51.41	-2.5365
51.41	-2.5365
51.41	-2.5365
51.42	-2.5364
51.42	-2.5366
51.42	-2.5367
51.42	-2.5367
51.43	-2.5367
51.43	-2.5368
51.43	-2.5367
51.43	-2.5368
51.44	-2.5368
51.44	-2.5367
51.44	-2.5367
51.45	-2.5369
51.45	-2.5371
51.45	-2.5369
51.45	-2.5370
51.45	-2.5369
51.45	-2.5372
51.45	-2.5373
51.46	-2.5373
51.46	-2.5374
51.47	-2.5374
51.47	-2.5373
51.47	-2.5372
51.47	-2.5376
51.48	-2.5376
51.48	-2.5373
51.48	-2.5375
51.48	-2.5376
51.48	-2.5378
51.49	-2.5378
51.49	-2.5379
51.50	-2.5378
51.50	-2.5377
51.50	-2.5379
51.50	-2.5377
51.50	-2.5379
51.50	-2.5379
51.51	-2.5379
51.51	-2.5382
51.51	-2.5382
51.52	-2.5385
51.52	-2.5383
51.52	-2.5383
51.52	-2.5382
51.53	-2.5383
51.53	-2.5383
51.53	-2.5385
51.53	-2.5387
51.54	-2.5386
51.54	-2.5386
51.55	-2.5385
51.55	-2.5388
51.55	-2.5388
51.55	-2.5390
51.55	-2.5386
51.55	-2.5388
51.55	-2.5386
51.56	-2.5385
51.57	-2.5389
51.57	-2.5385
51.57	-2.5389
51.57	-2.5389
51.57	-2.5388
51.57	-2.5389
51.58	-2.5389
51.58	-2.5389
51.58	-2.5390
51.58	-2.5389
51.59	-2.5391
51.59	-2.5391
51.59	-2.5391
51.59	-2.5390
51.59	-2.5390
51.60	-2.5391
51.60	-2.5391
51.61	-2.5389
51.60	-2.5392
51.61	-2.5392
51.61	-2.5392
51.61	-2.5392
51.61	-2.5392
51.62	-2.5391
51.62	-2.5393
51.63	-2.5392
51.63	-2.5391
51.63	-2.5390
51.63	-2.5390
51.63	-2.5393
51.64	-2.5392
51.64	-2.5393
51.64	-2.5393
51.65	-2.5395
51.65	-2.5396
51.65	-2.5397
51.65	-2.5394
51.65	-2.5396
51.65	-2.5397
51.66	-2.5399
51.66	-2.5399
51.67	-2.5398
51.67	-2.5399
51.68	-2.5398
51.68	-2.5396
51.68	-2.5400
51.68	-2.5399
51.68	-2.5400
51.68	-2.5401
51.69	-2.5402
51.69	-2.5402
51.69	-2.5401
51.69	-2.5402
51.70	-2.5402
51.70	-2.5403
51.70	-2.5404
51.70	-2.5405
51.70	-2.5403
51.70	-2.5404
51.70	-2.5404
51.70	-2.5405
51.71	-2.5406
51.71	-2.5405
51.72	-2.5407
51.73	-2.5406
51.73	-2.5409
51.73	-2.5409
51.73	-2.5409
51.73	-2.5410
51.73	-2.5408
51.74	-2.5410
51.74	-2.5411
51.74	-2.5410
51.75	-2.5411
51.75	-2.5413
51.75	-2.5413
51.75	-2.5410
51.76	-2.5413
51.76	-2.5412
51.76	-2.5411
51.77	-2.5412
51.76	-2.5415
51.77	-2.5414
51.77	-2.5414
51.77	-2.5415
51.77	-2.5415
51.78	-2.5419
51.78	-2.5418
51.78	-2.5418
51.79	-2.5419
51.79	-2.5419
51.79	-2.5419
51.80	-2.5420
51.80	-2.5419
51.80	-2.5417
51.80	-2.5419
51.80	-2.5418
51.80	-2.5421
51.81	-2.5420
51.81	-2.5420
51.81	-2.5422
51.82	-2.5422
51.82	-2.5420
51.83	-2.5420
51.83	-2.5421
51.83	-2.5421
51.84	-2.5423
51.84	-2.5421
51.84	-2.5420
51.84	-2.5424
51.84	-2.5422
51.84	-2.5423
51.84	-2.5424
51.84	-2.5422
51.84	-2.5423
51.84	-2.5427
51.85	-2.5425
51.85	-2.5424
51.85	-2.5427
51.85	-2.5426
51.85	-2.5427
51.86	-2.5424
51.87	-2.5426
51.87	-2.5427
51.87	-2.5427
51.88	-2.5429
51.88	-2.5427
51.88	-2.5426
51.88	-2.5429
51.89	-2.5427
51.89	-2.5427
51.89	-2.5426
51.90	-2.5429
51.90	-2.5427
51.90	-2.5430
51.90	-2.5428
51.91	-2.5429
51.91	-2.5428
51.92	-2.5426
51.92	-2.5428
51.92	-2.5427
51.92	-2.5426
51.92	-2.5426
51.92	-2.5427
51.92	-2.5426
51.93	-2.5426
51.93	-2.5426
51.93	-2.5426
51.93	-2.5425
51.93	-2.5426
51.93	-2.5427
51.93	-2.5427
51.94	-2.5426
51.94	-2.5427
51.95	-2.5425
51.95	-2.5427
51.95	-2.5427
51.96	-2.5429
51.96	-2.5428
51.97	-2.5428
51.96	-2.5428
51.96	-2.5426
51.97	-2.5426
51.97	-2.5427
51.97	-2.5428
51.97	-2.5428
51.98	-2.5428
51.98	-2.5431
51.98	-2.5428
51.98	-2.5428
51.98	-2.5429
51.99	-2.5430
51.99	-2.5430
51.99	-2.5428
52.00	-2.5432
52.00	-2.5430
52.00	-2.5431
52.00	-2.5431
52.00	-2.5432
52.00	-2.5432
52.01	-2.5430
52.01	-2.5432
52.01	-2.5430
52.02	-2.5433
52.02	-2.5431
52.02	-2.5431
52.02	-2.5432
52.02	-2.5433
52.03	-2.5433
52.03	-2.5433
52.03	-2.5431
52.04	-2.5432
52.04	-2.5432
52.04	-2.5432
52.05	-2.5433
52.05	-2.5434
52.05	-2.5432
52.05	-2.5434
52.05	-2.5435
52.05	-2.5433
52.06	-2.5433
52.06	-2.5432
52.06	-2.5434
52.07	-2.5434
52.07	-2.5433
52.08	-2.5436
52.08	-2.5433
52.08	-2.5435
52.08	-2.5434
52.09	-2.5435
52.09	-2.5433
52.09	-2.5436
52.09	-2.5434
52.09	-2.5433
52.10	-2.5433
52.10	-2.5433
52.10	-2.5437
52.10	-2.5435
52.10	-2.5435
52.10	-2.5434
52.11	-2.5434
52.11	-2.5434
52.12	-2.5432
52.12	-2.5434
52.12	-2.5434
52.12	-2.5434
52.13	-2.5433
52.13	-2.5435
52.13	-2.5431
52.13	-2.5435
52.13	-2.5434
52.14	-2.5435
52.14	-2.5435
52.14	-2.5435
52.14	-2.5435
52.15	-2.5436
52.15	-2.5437
52.15	-2.5437
52.16	-2.5436
52.16	-2.5436
52.16	-2.5437
52.17	-2.5438
52.17	-2.5439
52.17	-2.5439
52.18	-2.5440
52.18	-2.5440
52.18	-2.5438
52.18	-2.5439
52.19	-2.5436
52.19	-2.5438
52.19	-2.5439
52.19	-2.5438
52.19	-2.5437
52.20	-2.5437
52.20	-2.5438
52.20	-2.5438
52.20	-2.5437
52.20	-2.5438
52.20	-2.5437
52.20	-2.5437
52.20	-2.5440
52.21	-2.5438
52.21	-2.5438
52.22	-2.5441
52.23	-2.5440
52.23	-2.5440
52.23	-2.5442
52.23	-2.5443
52.23	-2.5441
52.23	-2.5440
52.24	-2.5440
52.24	-2.5440
52.24	-2.5443
52.25	-2.5441
52.25	-2.5443
52.25	-2.5444
52.25	-2.5441
52.25	-2.5443
52.25	-2.5442
52.26	-2.5444
52.26	-2.5443
52.26	-2.5443
52.26	-2.5445
52.27	-2.5444
52.27	-2.5445
52.27	-2.5444
52.27	-2.5443
52.28	-2.5447
52.28	-2.5443
52.28	-2.5445
52.28	-2.5446
52.29	-2.5446
52.29	-2.5445
52.29	-2.5445
52.30	-2.5448
52.30	-2.5449
52.30	-2.5447
52.30	-2.5447
52.31	-2.5448
52.31	-2.5448
52.31	-2.5450
52.31	-2.5450
52.32	-2.5448
52.32	-2.5448
52.32	-2.5447
52.32	-2.5448
52.33	-2.5448
52.33	-2.5450
52.33	-2.5449
52.33	-2.5447
52.33	-2.5449
52.34	-2.5450
52.34	-2.5449
52.34	-2.5449
52.34	-2.5447
52.35	-2.5448
52.35	-2.5449
52.36	-2.5448
52.36	-2.5449
52.36	-2.5450
52.36	-2.5450
52.36	-2.5450
52.37	-2.5451
52.37	-2.5449
52.37	-2.5452
52.38	-2.5449
52.38	-2.5452
52.38	-2.5451
52.38	-2.5452
52.38	-2.5453
52.39	-2.5453
52.39	-2.5453
52.39	-2.5453
52.39	-2.5454
52.40	-2.5454
52.40	-2.5453
52.40	-2.5455
52.40	-2.5457
52.41	-2.5455
52.40	-2.5456
52.41	-2.5459
52.41	-2.5456
52.42	-2.5459
52.42	-2.5456
52.42	-2.5458
52.42	-2.5459
52.43	-2.5459
52.43	-2.5459
52.43	-2.5460
52.43	-2.5459
52.44	-2.5458
52.44	-2.5458
52.44	-2.5459
52.44	-2.5460
52.45	-2.5461
52.45	-2.5461
52.45	-2.5461
52.45	-2.5462
52.45	-2.5462
52.46	-2.5463
52.46	-2.5461
52.46	-2.5463
52.47	-2.5463
52.47	-2.5463
52.47	-2.5465
52.48	-2.5463
52.48	-2.5466
52.48	-2.5466
52.48	-2.5463
52.49	-2.5466
52.49	-2.5466
52.49	-2.5466
52.50	-2.5465
52.50	-2.5466
52.50	-2.5467
52.50	-2.5468
52.50	-2.5468
52.50	-2.5468
52.51	-2.5469
52.51	-2.5467
52.51	-2.5469
52.52	-2.5468
52.52	-2.5469
52.51	-2.5468
52.51	-2.5467
52.52	-2.5469
52.52	-2.5470
52.52	-2.5469
52.52	-2.5467
52.52	-2.5468
52.53	-2.5468
52.53	-2.5469
52.54	-2.5471
52.54	-2.5471
52.55	-2.5469
52.55	-2.5470
52.55	-2.5470
52.55	-2.5471
52.56	-2.5471
52.56	-2.5473
52.57	-2.5472
52.57	-2.5474
52.57	-2.5470
52.57	-2.5472
52.58	-2.5472
52.58	-2.5474
52.58	-2.5475
52.58	-2.5475
52.58	-2.5473
52.58	-2.5474
52.59	-2.5474
52.59	-2.5477
52.59	-2.5475
52.59	-2.5476
52.60	-2.5477
52.60	-2.5477
52.61	-2.5476
52.61	-2.5477
52.61	-2.5475
52.61	-2.5477
52.61	-2.5477
52.62	-2.5478
52.62	-2.5478
52.62	-2.5479
52.63	-2.5478
52.63	-2.5478
52.63	-2.5480
52.63	-2.5479
52.63	-2.5480
52.63	-2.5480
52.64	-2.5478
52.64	-2.5477
52.64	-2.5481
52.65	-2.5481
52.65	-2.5480
52.65	-2.5481
52.65	-2.5482
52.65	-2.5484
52.66	-2.5483
52.66	-2.5486
52.66	-2.5486
52.67	-2.5485
52.67	-2.5485
52.67	-2.5487
52.68	-2.5488
52.68	-2.5488
52.68	-2.5490
52.68	-2.5489
52.68	-2.5488
52.68	-2.5490
52.68	-2.5489
52.68	-2.5490
52.69	-2.5493
52.69	-2.5491
52.69	-2.5492
52.70	-2.5492
52.70	-2.5493
52.70	-2.5492
52.71	-2.5495
52.71	-2.5495
52.71	-2.5495
52.72	-2.5497
52.72	-2.5497
52.72	-2.5497
52.72	-2.5496
52.73	-2.5498
52.73	-2.5499
52.73	-2.5497
52.73	-2.5497
52.73	-2.5500
52.73	-2.5498
52.73	-2.5500
52.74	-2.5500
52.74	-2.5501
52.75	-2.5502
52.75	-2.5502
52.75	-2.5502
52.75	-2.5502
52.75	-2.5502
52.76	-2.5504
52.76	-2.5506
52.76	-2.5503
52.77	-2.5504
52.77	-2.5505
52.77	-2.5505
52.78	-2.5505
52.78	-2.5504
52.78	-2.5507
52.78	-2.5507
52.78	-2.5506
52.78	-2.5507
52.79	-2.5510
52.80	-2.5508
52.80	-2.5509
52.80	-2.5508
52.80	-2.5509
52.80	-2.5510
52.80	-2.5510
52.80	-2.5510
52.81	-2.5510
52.81	-2.5510
52.81	-2.5509
52.81	-2.5509
52.82	-2.5511
52.82	-2.5512
52.82	-2.5512
52.83	-2.5511
52.83	-2.5511
52.83	-2.5511
52.83	-2.5513
52.83	-2.5513
52.83	-2.5515
52.84	-2.5512
52.84	-2.5514
52.84	-2.5510
52.84	-2.5514
52.85	-2.5515
52.85	-2.5517
52.85	-2.5517
52.86	-2.5518
52.86	-2.5517
52.86	-2.5517
52.86	-2.5517
52.87	-2.5517
52.87	-2.5514
52.87	-2.5518
52.87	-2.5517
52.88	-2.5517
52.88	-2.5520
52.88	-2.5519
52.89	-2.5521
52.89	-2.5519
52.89	-2.5520
52.89	-2.5521
52.90	-2.5519
52.90	-2.5521
52.90	-2.5522
52.90	-2.5521
52.90	-2.5521
52.91	-2.5520
52.91	-2.5522
52.91	-2.5521
52.91	-2.5523
52.92	-2.5523
52.92	-2.5524
52.92	-2.5524
52.92	-2.5525
52.93	-2.5525
52.93	-2.5524
52.93	-2.5525
52.93	-2.5525
52.93	-2.5527
52.94	-2.5524
52.94	-2.5526
52.95	-2.5527
52.95	-2.5525
52.95	-2.5526
52.95	-2.5526
52.95	-2.5527
52.96	-2.5527
52.96	-2.5529
52.96	-2.5527
52.96	-2.5529
52.97	-2.5530
52.97	-2.5530
52.98	-2.5530
52.98	-2.5530
52.98	-2.5530
52.98	-2.5532
52.98	-2.5529
52.98	-2.5531
52.99	-2.5531
52.99	-2.5531
53.00	-2.5532
53.00	-2.5532
53.00	-2.5533
53.00	-2.5534
53.00	-2.5533
53.00	-2.5532
53.00	-2.5531
53.01	-2.5531
53.01	-2.5534
53.01	-2.5532
53.02	-2.5531
53.02	-2.5535
53.02	-2.5532
53.02	-2.5533
53.02	-2.5534
53.02	-2.5535
53.03	-2.5535
53.03	-2.5535
53.03	-2.5536
53.04	-2.5535
53.04	-2.5535
53.04	-2.5538
53.05	-2.5536
53.05	-2.5538
53.05	-2.5538
53.05	-2.5537
53.05	-2.5538
53.06	-2.5538
53.06	-2.5537
53.06	-2.5542
53.06	-2.5539
53.07	-2.5541
53.07	-2.5540
53.07	-2.5541
53.08	-2.5543
53.08	-2.5540
53.08	-2.5541
53.08	-2.5544
53.08	-2.5544
53.08	-2.5543
53.09	-2.5543
53.09	-2.5546
53.09	-2.5546
53.10	-2.5547
53.10	-2.5546
53.11	-2.5547
53.11	-2.5549
53.11	-2.5548
53.12	-2.5549
53.12	-2.5550
53.12	-2.5550
53.12	-2.5550
53.12	-2.5550
53.13	-2.5551
53.13	-2.5550
53.13	-2.5551
53.13	-2.5552
53.14	-2.5552
53.14	-2.5553
53.14	-2.5552
53.14	-2.5551
53.14	-2.5552
53.15	-2.5553
53.15	-2.5551
53.15	-2.5554
53.16	-2.5553
53.16	-2.5553
53.16	-2.5554
53.16	-2.5554
53.15	-2.5554
53.16	-2.5554
53.17	-2.5555
53.17	-2.5556
53.18	-2.5556
53.18	-2.5554
53.18	-2.5555
53.19	-2.5556
53.19	-2.5556
53.19	-2.5555
53.20	-2.5558
53.20	-2.5556
53.20	-2.5556
53.20	-2.5557
53.20	-2.5556
53.20	-2.5557
53.20	-2.5557
53.21	-2.5557
53.21	-2.5557
53.21	-2.5556
53.21	-2.5557
53.21	-2.5556
53.22	-2.5556
53.22	-2.5558
53.22	-2.5557
53.23	-2.5559
53.23	-2.5557
53.23	-2.5559
53.23	-2.5557
53.24	-2.5560
53.24	-2.5558
53.24	-2.5558
53.24	-2.5559
53.25	-2.5559
53.25	-2.5558
53.25	-2.5560
53.25	-2.5560
53.26	-2.5562
53.26	-2.5561
53.26	-2.5561
53.27	-2.5561
53.27	-2.5562
53.27	-2.5560
53.27	-2.5560
53.27	-2.5563
53.28	-2.5562
53.28	-2.5563
53.28	-2.5561
53.28	-2.5565
53.28	-2.5564
53.28	-2.5564
53.29	-2.5563
53.29	-2.5563
53.30	-2.5565
53.30	-2.5565
53.30	-2.5565
53.30	-2.5564
53.31	-2.5564
53.31	-2.5565
53.31	-2.5568
53.32	-2.5566
53.32	-2.5567
53.33	-2.5567
53.33	-2.5566
53.33	-2.5568
53.33	-2.5565
53.33	-2.5569
53.33	-2.5569
53.33	-2.5567
53.34	-2.5568
53.34	-2.5569
53.34	-2.5569
53.34	-2.5569
53.34	-2.5568
53.35	-2.5568
53.35	-2.5568
53.35	-2.5570
53.35	-2.5570
53.36	-2.5568
53.36	-2.5568
53.36	-2.5570
53.36	-2.5570
53.37	-2.5569
53.37	-2.5569
53.38	-2.5569
53.38	-2.5568
53.38	-2.5566
53.38	-2.5568
53.38	-2.5566
53.38	-2.5569
53.39	-2.5567
53.39	-2.5569
53.39	-2.5568
53.40	-2.5567
53.40	-2.5567
53.40	-2.5568
53.40	-2.5568
53.40	-2.5567
53.41	-2.5567
53.41	-2.5569
53.42	-2.5567
53.42	-2.5570
53.42	-2.5568
53.42	-2.5569
53.42	-2.5568
53.43	-2.5567
53.43	-2.5569
53.43	-2.5569
53.44	-2.5569
53.44	-2.5569
53.44	-2.5569
53.45	-2.5572
53.45	-2.5571
53.45	-2.5572
53.45	-2.5569
53.45	-2.5572
53.46	-2.5570
53.46	-2.5571
53.46	-2.5574
53.46	-2.5573
53.46	-2.5573
53.47	-2.5573
53.47	-2.5574
53.47	-2.5574
53.47	-2.5573
53.48	-2.5577
53.48	-2.5573
53.48	-2.5576
53.48	-2.5575
53.49	-2.5576
53.49	-2.5577
53.50	-2.5576
53.50	-2.5577
53.50	-2.5580
53.50	-2.5580
53.50	-2.5579
53.50	-2.5581
53.51	-2.5580
53.51	-2.5584
53.52	-2.5582
53.52	-2.5584
53.52	-2.5581
53.52	-2.5586
53.52	-2.5583
53.52	-2.5585
53.53	-2.5585
53.53	-2.5586
53.53	-2.5588
53.54	-2.5587
53.54	-2.5586
53.54	-2.5589
53.55	-2.5589
53.55	-2.5588
53.55	-2.5589
53.55	-2.5590
53.56	-2.5591
53.56	-2.5591
53.56	-2.5592
53.56	-2.5593
53.56	-2.5595
53.57	-2.5594
53.57	-2.5595
53.57	-2.5595
53.57	-2.5598
53.58	-2.5594
53.58	-2.5599
53.58	-2.5596
53.58	-2.5601
53.59	-2.5599
53.59	-2.5601
53.59	-2.5601
53.59	-2.5601
53.59	-2.5601
53.60	-2.5601
53.60	-2.5602
53.60	-2.5604
53.61	-2.5604
53.61	-2.5605
53.61	-2.5605
53.61	-2.5604
53.61	-2.5607
53.62	-2.5608
53.62	-2.5604
53.62	-2.5607
53.63	-2.5608
53.63	-2.5608
53.63	-2.5608
53.63	-2.5609
53.64	-2.5607
53.64	-2.5609
53.64	-2.5609
53.65	-2.5609
53.65	-2.5612
53.65	-2.5609
53.65	-2.5611
53.65	-2.5611
53.66	-2.5610
53.66	-2.5612
53.67	-2.5612
53.67	-2.5610
53.67	-2.5612
53.67	-2.5611
53.68	-2.5612
53.68	-2.5614
53.68	-2.5612
53.68	-2.5613
53.68	-2.5614
53.68	-2.5616
53.68	-2.5614
53.69	-2.5615
53.69	-2.5617
53.69	-2.5618
53.70	-2.5617
53.70	-2.5620
53.70	-2.5616
53.70	-2.5618
53.71	-2.5617
53.71	-2.5619
53.71	-2.5618
53.72	-2.5619
53.72	-2.5620
53.72	-2.5619
53.72	-2.5618
53.72	-2.5618
53.73	-2.5619
53.73	-2.5620
53.73	-2.5618
53.73	-2.5622
53.73	-2.5620
53.73	-2.5618
53.74	-2.5621
53.74	-2.5618
53.74	-2.5619
53.75	-2.5620
53.75	-2.5619
53.75	-2.5617
53.75	-2.5618
53.76	-2.5618
53.76	-2.5620
53.76	-2.5619
53.76	-2.5617
53.77	-2.5616
53.77	-2.5619
53.77	-2.5617
53.77	-2.5616
53.77	-2.5618
53.77	-2.5618
53.78	-2.5618
53.79	-2.5619
53.79	-2.5618
53.79	-2.5617
53.79	-2.5616
53.80	-2.5617
53.80	-2.5619
53.80	-2.5618
53.80	-2.5616
53.81	-2.5618
53.81	-2.5616
53.81	-2.5616
53.81	-2.5616
53.82	-2.5617
53.82	-2.5617
53.82	-2.5613
53.82	-2.5616
53.82	-2.5614
53.83	-2.5616
53.83	-2.5614
53.83	-2.5616
53.84	-2.5616
53.84	-2.5615
53.84	-2.5614
53.84	-2.5612
53.84	-2.5614
53.85	-2.5613
53.85	-2.5614
53.85	-2.5614
53.85	-2.5615
53.86	-2.5614
53.86	-2.5613
53.86	-2.5614
53.86	-2.5614
53.87	-2.5612
53.87	-2.5615
53.88	-2.5615
53.88	-2.5612
53.88	-2.5616
53.88	-2.5616
53.88	-2.5615
53.88	-2.5615
53.88	-2.5617
53.89	-2.5616
53.89	-2.5614
53.90	-2.5615
53.90	-2.5615
53.90	-2.5615
53.90	-2.5616
53.90	-2.5619
53.90	-2.5614
53.91	-2.5615
53.92	-2.5618
53.92	-2.5617
53.92	-2.5615
53.92	-2.5617
53.92	-2.5617
53.92	-2.5617
53.92	-2.5619
53.93	-2.5620
53.93	-2.5620
53.93	-2.5620
53.94	-2.5618
53.94	-2.5618
53.94	-2.5618
53.94	-2.5617
53.95	-2.5620
53.95	-2.5621
53.95	-2.5620
53.95	-2.5621
53.95	-2.5620
53.96	-2.5621
53.96	-2.5620
53.96	-2.5622
53.97	-2.5620
53.96	-2.5620
53.97	-2.5620
53.97	-2.5619
53.97	-2.5619
53.98	-2.5620
53.98	-2.5621
53.98	-2.5620
53.99	-2.5619
53.99	-2.5617
54.00	-2.5619
54.00	-2.5620
54.00	-2.5618
54.00	-2.5620
54.00	-2.5619
54.01	-2.5618
54.01	-2.5618
54.01	-2.5620
54.01	-2.5619
54.01	-2.5618
54.02	-2.5619
54.02	-2.5618
54.02	-2.5618
54.02	-2.5619
54.03	-2.5619
54.03	-2.5618
54.03	-2.5618
54.03	-2.5618
54.03	-2.5619
54.03	-2.5618
54.04	-2.5617
54.05	-2.5617
54.05	-2.5619
54.05	-2.5618
54.06	-2.5620
54.06	-2.5617
54.06	-2.5618
54.06	-2.5618
54.07	-2.5620
54.07	-2.5621
54.07	-2.5620
54.07	-2.5620
54.07	-2.5621
54.08	-2.5619
54.08	-2.5621
54.08	-2.5622
54.08	-2.5622
54.09	-2.5623
54.09	-2.5621
54.09	-2.5620
54.09	-2.5620
54.09	-2.5621
54.09	-2.5620
54.10	-2.5620
54.10	-2.5620
54.11	-2.5620
54.10	-2.5619
54.11	-2.5619
54.11	-2.5620
54.12	-2.5618
54.12	-2.5621
54.12	-2.5619
54.13	-2.5619
54.13	-2.5619
54.13	-2.5619
54.13	-2.5621
54.13	-2.5621
54.14	-2.5620
54.14	-2.5621
54.14	-2.5618
54.14	-2.5621
54.14	-2.5621
54.15	-2.5622
54.15	-2.5622
54.15	-2.5624
54.15	-2.5623
54.15	-2.5623
54.16	-2.5625
54.16	-2.5624
54.16	-2.5625
54.17	-2.5623
54.17	-2.5624
54.17	-2.5623
54.18	-2.5624
54.18	-2.5625
54.18	-2.5625
54.18	-2.5624
54.18	-2.5626
54.18	-2.5625
54.18	-2.5626
54.18	-2.5624
54.19	-2.5625
54.19	-2.5626
54.20	-2.5626
54.20	-2.5626
54.20	-2.5625
54.20	-2.5627
54.21	-2.5628
54.21	-2.5629
54.21	-2.5628
54.22	-2.5628
54.22	-2.5629
54.22	-2.5629
54.23	-2.5629
54.23	-2.5629
54.23	-2.5630
54.23	-2.5630
54.24	-2.5629
54.24	-2.5631
54.24	-2.5632
54.24	-2.5630
54.25	-2.5630
54.25	-2.5633
54.25	-2.5633
54.25	-2.5633
54.25	-2.5635
54.25	-2.5633
54.26	-2.5633
54.27	-2.5636
54.27	-2.5634
54.27	-2.5634
54.27	-2.5632
54.27	-2.5635
54.28	-2.5634
54.28	-2.5636
54.28	-2.5636
54.28	-2.5636
54.28	-2.5637
54.28	-2.5636
54.29	-2.5637
54.29	-2.5636
54.30	-2.5635
54.30	-2.5638
54.30	-2.5637
54.30	-2.5639
54.30	-2.5637
54.31	-2.5638
54.31	-2.5639
54.31	-2.5637
54.32	-2.5638
54.32	-2.5639
54.32	-2.5640
54.33	-2.5640
54.32	-2.5640
54.33	-2.5638
54.33	-2.5639
54.33	-2.5639
54.33	-2.5639
54.34	-2.5641
54.34	-2.5640
54.34	-2.5641
54.34	-2.5640
54.34	-2.5639
54.35	-2.5637
54.35	-2.5640
54.35	-2.5639
54.35	-2.5639
54.36	-2.5640
54.36	-2.5640
54.36	-2.5641
54.37	-2.5642
54.37	-2.5641
54.37	-2.5640
54.38	-2.5643
54.38	-2.5641
54.38	-2.5643
54.38	-2.5645
54.39	-2.5644
54.39	-2.5646
54.40	-2.5644
54.40	-2.5644
54.40	-2.5643
54.40	-2.5646
54.40	-2.5646
54.40	-2.5647
54.40	-2.5645
54.40	-2.5647
54.41	-2.5646
54.41	-2.5647
54.41	-2.5647
54.42	-2.5647
54.43	-2.5646
54.43	-2.5649
54.43	-2.5648
54.43	-2.5650
54.43	-2.5649
54.44	-2.5648
54.44	-2.5647
54.44	-2.5649
54.44	-2.5649
54.44	-2.5649
54.45	-2.5650
54.45	-2.5651
54.45	-2.5650
54.45	-2.5650
54.46	-2.5650
54.46	-2.5650
54.47	-2.5650
54.47	-2.5650
54.47	-2.5650
54.47	-2.5652
54.47	-2.5652
54.47	-2.5652
54.48	-2.5653
54.48	-2.5652
54.48	-2.5655
54.48	-2.5652
54.49	-2.5654
54.49	-2.5655
54.49	-2.5653
54.49	-2.5653
54.49	-2.5655
54.49	-2.5655
54.50	-2.5653
54.50	-2.5655
54.50	-2.5656
54.50	-2.5656
54.51	-2.5654
54.51	-2.5657
54.52	-2.5655
54.52	-2.5657
54.52	-2.5656
54.52	-2.5655
54.53	-2.5654
54.53	-2.5656
54.53	-2.5657
54.53	-2.5657
54.54	-2.5659
54.54	-2.5659
54.54	-2.5659
54.54	-2.5658
54.55	-2.5658
54.55	-2.5658
54.55	-2.5659
54.55	-2.5659
54.55	-2.5660
54.56	-2.5662
54.56	-2.5660
54.57	-2.5662
54.57	-2.5659
54.57	-2.5662
54.57	-2.5661
54.58	-2.5661
54.58	-2.5661
54.58	-2.5665
54.58	-2.5661
54.58	-2.5662
54.59	-2.5663
54.59	-2.5663
54.59	-2.5664
54.59	-2.5663
54.59	-2.5664
54.59	-2.5664
54.60	-2.5665
54.60	-2.5667
54.60	-2.5665
54.61	-2.5665
54.61	-2.5664
54.61	-2.5664
54.62	-2.5665
54.62	-2.5664
54.62	-2.5667
54.62	-2.5665
54.62	-2.5666
54.63	-2.5666
54.63	-2.5664
54.63	-2.5667
54.63	-2.5668
54.63	-2.5666
54.64	-2.5666
54.64	-2.5668
54.65	-2.5667
54.65	-2.5669
54.65	-2.5668
54.65	-2.5670
54.65	-2.5668
54.65	-2.5669
54.65	-2.5669
54.65	-2.5668
54.66	-2.5671
54.66	-2.5669
54.67	-2.5670
54.67	-2.5668
54.67	-2.5669
54.68	-2.5669
54.68	-2.5670
54.68	-2.5669
54.68	-2.5669
54.68	-2.5671
54.69	-2.5670
54.69	-2.5672
54.69	-2.5670
54.69	-2.5672
54.70	-2.5673
54.70	-2.5672
54.70	-2.5674
54.70	-2.5674
54.70	-2.5673
54.71	-2.5671
54.71	-2.5673
54.71	-2.5672
54.71	-2.5672
54.72	-2.5674
54.72	-2.5675
54.73	-2.5674
54.73	-2.5676
54.73	-2.5675
54.73	-2.5676
54.74	-2.5675
54.74	-2.5678
54.74	-2.5678
54.74	-2.5679
54.74	-2.5677
54.75	-2.5679
54.75	-2.5679
54.75	-2.5679
54.75	-2.5682
54.76	-2.5680
54.76	-2.5683
54.76	-2.5682
54.76	-2.5683
54.77	-2.5682
54.77	-2.5683
54.77	-2.5682
54.77	-2.5682
54.77	-2.5683
54.78	-2.5683
54.78	-2.5683
54.79	-2.5683
54.79	-2.5683
54.79	-2.5685
54.80	-2.5686
54.80	-2.5685
54.80	-2.5685
54.80	-2.5685
54.80	-2.5682
54.80	-2.5688
54.80	-2.5686
54.81	-2.5685
54.81	-2.5686
54.81	-2.5684
54.82	-2.5687
54.82	-2.5686
54.82	-2.5687
54.83	-2.5688
54.83	-2.5688
54.83	-2.5688
54.83	-2.5688
54.83	-2.5686
54.83	-2.5689
54.84	-2.5688
54.84	-2.5688
54.84	-2.5691
54.85	-2.5689
54.85	-2.5688
54.85	-2.5691
54.86	-2.5690
54.86	-2.5689
54.86	-2.5692
54.86	-2.5690
54.87	-2.5692
54.87	-2.5693
54.87	-2.5691
54.88	-2.5693
54.88	-2.5692
54.88	-2.5694
54.88	-2.5694
54.88	-2.5695
54.88	-2.5693
54.89	-2.5696
54.89	-2.5695
54.90	-2.5693
54.90	-2.5695
54.90	-2.5696
54.90	-2.5695
54.90	-2.5694
54.90	-2.5695
54.90	-2.5695
54.91	-2.5693
54.91	-2.5695
54.92	-2.5695
54.92	-2.5695
54.92	-2.5696
54.93	-2.5694
54.93	-2.5694
54.93	-2.5697
54.93	-2.5693
54.93	-2.5696
54.93	-2.5695
54.94	-2.5695
54.94	-2.5694
54.94	-2.5696
54.94	-2.5696
54.95	-2.5694
54.95	-2.5697
54.95	-2.5696
54.96	-2.5694
54.96	-2.5697
54.96	-2.5694
54.96	-2.5695
54.97	-2.5694
54.97	-2.5697
54.97	-2.5695
54.98	-2.5697
54.98	-2.5697
54.98	-2.5700
54.98	-2.5697
54.98	-2.5697
54.98	-2.5698
54.99	-2.5699
54.99	-2.5700
54.99	-2.5698
55.00	-2.5700
55.00	-2.5699
55.00	-2.5700
55.00	-2.5700
55.00	-2.5701
55.01	-2.5701
55.01	-2.5702
55.01	-2.5703
55.02	-2.5704
55.02	-2.5703
55.02	-2.5703
55.02	-2.5705
55.02	-2.5703
55.03	-2.5707
55.03	-2.5705
55.03	-2.5707
55.03	-2.5709
55.04	-2.5706
55.04	-2.5705
55.04	-2.5706
55.05	-2.5706
55.05	-2.5706
55.05	-2.5707
55.05	-2.5706
55.06	-2.5709
55.06	-2.5710
55.06	-2.5706
55.06	-2.5709
55.06	-2.5709
55.07	-2.5710
55.07	-2.5710
55.08	-2.5711
55.08	-2.5709
55.08	-2.5709
55.08	-2.5710
55.08	-2.5711
55.09	-2.5710
55.09	-2.5712
55.09	-2.5710
55.09	-2.5710
55.09	-2.5712
55.10	-2.5713
55.10	-2.5713
55.10	-2.5711
55.11	-2.5712
55.11	-2.5711
55.11	-2.5713
55.11	-2.5712
55.12	-2.5715
55.12	-2.5713
55.13	-2.5713
55.13	-2.5714
55.13	-2.5714
55.13	-2.5715
55.13	-2.5716
55.13	-2.5716
55.14	-2.5716
55.14	-2.5717
55.15	-2.5714
55.15	-2.5714
55.15	-2.5716
55.15	-2.5716
55.15	-2.5716
55.15	-2.5716
55.16	-2.5717
55.16	-2.5717
55.16	-2.5717
55.16	-2.5719
55.17	-2.5718
55.17	-2.5720
55.17	-2.5719
55.17	-2.5718
55.18	-2.5718
55.18	-2.5719
55.18	-2.5717
55.18	-2.5717
55.18	-2.5719
55.19	-2.5721
55.20	-2.5720
55.20	-2.5722
55.20	-2.5721
55.20	-2.5721
55.20	-2.5720
55.21	-2.5721
55.21	-2.5721
55.21	-2.5722
55.22	-2.5723
55.22	-2.5722
55.22	-2.5724
55.22	-2.5723
55.23	-2.5724
55.23	-2.5726
55.23	-2.5724
55.23	-2.5725
55.24	-2.5725
55.24	-2.5726
55.24	-2.5724
55.24	-2.5730
55.24	-2.5725
55.24	-2.5727
55.25	-2.5727
55.25	-2.5727
55.25	-2.5728
55.25	-2.5728
55.26	-2.5727
55.26	-2.5729
55.26	-2.5730
55.27	-2.5729
55.27	-2.5730
55.27	-2.5727
55.27	-2.5731
55.27	-2.5731
55.27	-2.5730
55.28	-2.5732
55.28	-2.5730
55.28	-2.5731
55.28	-2.5731
55.29	-2.5732
55.29	-2.5731
55.30	-2.5731
55.30	-2.5733
55.30	-2.5732
55.30	-2.5732
55.30	-2.5733
55.31	-2.5734
55.31	-2.5736
55.31	-2.5736
55.32	-2.5738
55.32	-2.5737
55.32	-2.5736
55.32	-2.5736
55.32	-2.5739
55.33	-2.5737
55.33	-2.5738
55.33	-2.5738
55.34	-2.5738
55.34	-2.5740
55.34	-2.5739
55.34	-2.5741
55.34	-2.5742
55.34	-2.5742
55.35	-2.5743
55.35	-2.5740
55.35	-2.5741
55.35	-2.5740
55.36	-2.5741
55.36	-2.5741
55.37	-2.5742
55.37	-2.5742
55.37	-2.5741
55.38	-2.5740
55.38	-2.5741
55.38	-2.5742
55.38	-2.5741
55.39	-2.5741
55.39	-2.5741
55.39	-2.5742
55.40	-2.5742
55.39	-2.5742
55.40	-2.5743
55.40	-2.5742
55.40	-2.5742
55.40	-2.5742
55.41	-2.5742
55.41	-2.5741
55.41	-2.5744
55.41	-2.5743
55.42	-2.5743
55.42	-2.5742
55.42	-2.5742
55.43	-2.5744
55.43	-2.5742
55.43	-2.5743
55.43	-2.5743
55.43	-2.5743
55.43	-2.5745
55.44	-2.5742
55.44	-2.5744
55.44	-2.5743
55.44	-2.5745
55.45	-2.5744
55.45	-2.5744
55.45	-2.5745
55.45	-2.5744
55.46	-2.5745
55.46	-2.5744
55.46	-2.5743
55.46	-2.5745
55.47	-2.5746
55.47	-2.5747
55.47	-2.5746
55.48	-2.5747
55.48	-2.5746
55.48	-2.5746
55.48	-2.5747
55.48	-2.5746
55.48	-2.5747
55.49	-2.5746
55.49	-2.5744
55.49	-2.5743
55.50	-2.5746
55.50	-2.5746
55.50	-2.5746
55.50	-2.5745
55.50	-2.5746
55.51	-2.5745
55.51	-2.5744
55.51	-2.5747
55.52	-2.5745
55.52	-2.5746
55.52	-2.5743
55.52	-2.5743
55.52	-2.5743
55.53	-2.5745
55.52	-2.5746
55.53	-2.5745
55.53	-2.5744
55.54	-2.5746
55.54	-2.5744
55.54	-2.5746
55.54	-2.5743
55.55	-2.5745
55.55	-2.5747
55.55	-2.5746
55.55	-2.5745
55.55	-2.5748
55.56	-2.5746
55.56	-2.5746
55.56	-2.5747
55.57	-2.5747
55.56	-2.5749
55.57	-2.5750
55.58	-2.5751
55.58	-2.5750
55.58	-2.5748
55.59	-2.5752
55.59	-2.5749
55.59	-2.5752
55.59	-2.5750
55.59	-2.5751
55.59	-2.5752
55.59	-2.5752
55.59	-2.5751
55.60	-2.5755
55.60	-2.5753
55.60	-2.5754
55.60	-2.5753
55.61	-2.5753
55.61	-2.5754
55.61	-2.5755
55.62	-2.5754
55.62	-2.5756
55.62	-2.5757
55.63	-2.5755
55.63	-2.5756
55.63	-2.5757
55.63	-2.5758
55.64	-2.5756
55.64	-2.5757
55.64	-2.5758
55.64	-2.5756
55.65	-2.5758
55.65	-2.5758
55.65	-2.5758
55.65	-2.5759
55.66	-2.5759
55.66	-2.5758
55.66	-2.5757
55.67	-2.5758
55.67	-2.5761
55.67	-2.5760
55.67	-2.5759
55.68	-2.5759
55.68	-2.5759
55.68	-2.5758
55.68	-2.5759
55.69	-2.5759
55.69	-2.5762
55.69	-2.5761
55.69	-2.5759
55.70	-2.5761
55.70	-2.5762
55.70	-2.5763
55.70	-2.5763
55.70	-2.5763
55.71	-2.5765
55.71	-2.5763
55.71	-2.5765
55.71	-2.5762
55.72	-2.5764
55.73	-2.5766
55.73	-2.5766
55.73	-2.5765
55.73	-2.5766
55.73	-2.5766
55.74	-2.5768
55.74	-2.5769
55.73	-2.5766
55.73	-2.5770
55.74	-2.5767
55.75	-2.5769
55.75	-2.5769
55.75	-2.5767
55.75	-2.5770
55.75	-2.5769
55.75	-2.5769
55.76	-2.5769
55.76	-2.5772
55.77	-2.5770
55.76	-2.5772
55.76	-2.5772
55.77	-2.5771
55.78	-2.5770
55.78	-2.5772
55.78	-2.5773
55.77	-2.5772
55.77	-2.5773
55.78	-2.5773
55.79	-2.5772
55.80	-2.5772
55.80	-2.5773
55.80	-2.5774
55.80	-2.5771
55.80	-2.5773
55.80	-2.5773
55.80	-2.5775
55.81	-2.5774
55.82	-2.5775
55.82	-2.5774
55.82	-2.5777
55.82	-2.5774
55.81	-2.5775
55.81	-2.5775
55.82	-2.5777
55.83	-2.5776
55.83	-2.5775
55.84	-2.5775
55.84	-2.5775
55.84	-2.5777
55.84	-2.5777
55.84	-2.5777
55.84	-2.5777
55.84	-2.5777
55.84	-2.5776
55.85	-2.5777
55.85	-2.5777
55.86	-2.5777
55.87	-2.5778
55.88	-2.5778
55.88	-2.5776
55.88	-2.5777
55.88	-2.5777
55.88	-2.5778
55.88	-2.5778
55.88	-2.5779
55.88	-2.5778
55.88	-2.5778
55.88	-2.5776
55.88	-2.5778
55.88	-2.5777
55.88	-2.5777
55.89	-2.5780
55.90	-2.5782
55.90	-2.5779
55.91	-2.5778
55.91	-2.5779
55.92	-2.5779
55.92	-2.5780
55.93	-2.5781
55.93	-2.5780
55.93	-2.5780
55.94	-2.5780
55.94	-2.5782
55.94	-2.5781
55.95	-2.5783
55.95	-2.5782
55.95	-2.5781
55.95	-2.5783
55.95	-2.5781
55.95	-2.5782
55.95	-2.5784
55.95	-2.5785
55.96	-2.5785
55.96	-2.5785
55.96	-2.5785
55.96	-2.5786
55.96	-2.5784
55.96	-2.5783
55.96	-2.5784
55.96	-2.5786
55.96	-2.5784
55.96	-2.5787
55.97	-2.5786
55.97	-2.5787
55.97	-2.5787
55.97	-2.5790
55.97	-2.5788
55.98	-2.5787
55.98	-2.5789
55.98	-2.5787
55.98	-2.5791
55.98	-2.5788
55.99	-2.5788
56.00	-2.5789
56.00	-2.5788
56.00	-2.5788
56.02	-2.5788
56.02	-2.5787
56.02	-2.5786
56.02	-2.5789
56.02	-2.5788
56.02	-2.5790
56.02	-2.5789
56.02	-2.5788
56.02	-2.5789
56.02	-2.5787
56.02	-2.5789
56.02	-2.5788
56.03	-2.5789
56.04	-2.5789
56.05	-2.5790
56.05	-2.5790
56.05	-2.5789
56.05	-2.5792
56.05	-2.5792
56.05	-2.5790
56.05	-2.5791
56.06	-2.5792
56.07	-2.5794
56.08	-2.5793
56.08	-2.5794
56.08	-2.5793
56.07	-2.5795
56.07	-2.5793
56.07	-2.5795
56.08	-2.5796
56.09	-2.5795
56.09	-2.5797
56.09	-2.5796
56.09	-2.5798
56.09	-2.5798
56.09	-2.5800
56.09	-2.5798
56.10	-2.5799
56.11	-2.5799
56.11	-2.5801
56.10	-2.5800
56.11	-2.5802
56.11	-2.5801
56.12	-2.5802
56.13	-2.5800
56.13	-2.5798
56.12	-2.5801
56.12	-2.5802
56.13	-2.5802
56.13	-2.5801
56.14	-2.5802
56.14	-2.5803
56.14	-2.5801
56.14	-2.5802
56.15	-2.5801
56.15	-2.5803
56.15	-2.5803
56.15	-2.5805
56.16	-2.5803
56.16	-2.5805
56.17	-2.5806
56.16	-2.5801
56.16	-2.5805
56.17	-2.5805
56.17	-2.5805
56.18	-2.5806
56.17	-2.5807
56.17	-2.5806
56.18	-2.5806
56.18	-2.5807
56.18	-2.5806
56.18	-2.5807
56.18	-2.5807
56.19	-2.5809
56.19	-2.5810
56.19	-2.5808
56.19	-2.5807
56.20	-2.5808
56.20	-2.5808
56.20	-2.5807
56.20	-2.5808
56.21	-2.5810
56.21	-2.5810
56.21	-2.5809
56.21	-2.5810
56.22	-2.5809
56.22	-2.5810
56.22	-2.5809
56.23	-2.5811
56.23	-2.5810
56.23	-2.5810
56.23	-2.5811
56.24	-2.5811
56.24	-2.5810
56.24	-2.5811
56.25	-2.5811
56.25	-2.5812
56.25	-2.5811
56.25	-2.5814
56.26	-2.5812
56.26	-2.5810
56.26	-2.5811
56.26	-2.5814
56.27	-2.5813
56.27	-2.5814
56.27	-2.5814
56.28	-2.5812
56.27	-2.5815
56.27	-2.5816
56.28	-2.5814
56.28	-2.5815
56.29	-2.5815
56.29	-2.5815
56.29	-2.5816
56.29	-2.5816
56.30	-2.5817
56.30	-2.5817
56.30	-2.5818
56.31	-2.5817
56.31	-2.5818
56.31	-2.5818
56.32	-2.5819
56.32	-2.5819
56.32	-2.5820
56.33	-2.5820
56.33	-2.5823
56.33	-2.5820
56.33	-2.5821
56.33	-2.5823
56.34	-2.5823
56.33	-2.5821
56.33	-2.5822
56.34	-2.5823
56.34	-2.5824
56.34	-2.5823
56.34	-2.5822
56.34	-2.5823
56.35	-2.5822
56.35	-2.5824
56.35	-2.5823
56.36	-2.5821
56.35	-2.5823
56.36	-2.5822
56.36	-2.5824
56.36	-2.5824
56.37	-2.5823
56.38	-2.5824
56.38	-2.5823
56.38	-2.5824
56.38	-2.5823
56.39	-2.5824
56.39	-2.5824
56.39	-2.5824
56.39	-2.5825
56.39	-2.5825
56.39	-2.5824
56.40	-2.5823
56.40	-2.5827
56.40	-2.5826
56.40	-2.5826
56.40	-2.5825
56.41	-2.5828
56.41	-2.5826
56.41	-2.5827
56.41	-2.5826
56.42	-2.5827
56.42	-2.5829
56.43	-2.5830
56.43	-2.5829
56.43	-2.5830
56.43	-2.5829
56.43	-2.5827
56.43	-2.5830
56.43	-2.5831
56.44	-2.5831
56.44	-2.5829
56.45	-2.5830
56.45	-2.5834
56.45	-2.5833
56.45	-2.5832
56.45	-2.5831
56.45	-2.5831
56.46	-2.5833
56.47	-2.5836
56.47	-2.5834
56.47	-2.5835
56.47	-2.5835
56.47	-2.5834
56.48	-2.5835
56.48	-2.5838
56.48	-2.5835
56.48	-2.5838
56.48	-2.5837
56.48	-2.5838
56.49	-2.5836
56.49	-2.5837
56.50	-2.5836
56.50	-2.5837
56.50	-2.5837
56.50	-2.5836
56.51	-2.5836
56.51	-2.5837
56.51	-2.5838
56.51	-2.5838
56.51	-2.5838
56.52	-2.5836
56.52	-2.5838
56.52	-2.5838
56.52	-2.5838
56.53	-2.5840
56.53	-2.5840
56.53	-2.5839
56.53	-2.5838
56.54	-2.5839
56.54	-2.5838
56.54	-2.5839
56.55	-2.5838
56.55	-2.5838
56.55	-2.5839
56.55	-2.5838
56.55	-2.5837
56.56	-2.5840
56.56	-2.5839
56.56	-2.5840
56.56	-2.5839
56.57	-2.5839
56.57	-2.5841
56.57	-2.5843
56.58	-2.5839
56.58	-2.5841
56.58	-2.5843
56.58	-2.5841
56.58	-2.5842
56.59	-2.5842
56.59	-2.5844
56.59	-2.5842
56.59	-2.5844
56.60	-2.5842
56.60	-2.5841
56.60	-2.5844
56.60	-2.5844
56.60	-2.5843
56.61	-2.5844
56.61	-2.5844
56.61	-2.5844
56.62	-2.5843
56.62	-2.5845
56.63	-2.5845
56.63	-2.5844
56.63	-2.5844
56.64	-2.5844
56.64	-2.5843
56.64	-2.5841
56.64	-2.5843
56.64	-2.5843
56.64	-2.5844
56.65	-2.5844
56.65	-2.5845
56.65	-2.5844
56.65	-2.5845
56.65	-2.5844
56.66	-2.5842
56.66	-2.5843
56.66	-2.5844
56.67	-2.5844
56.67	-2.5846
56.68	-2.5844
56.67	-2.5845
56.68	-2.5842
56.68	-2.5845
56.68	-2.5845
56.68	-2.5847
56.69	-2.5845
56.69	-2.5845
56.69	-2.5848
56.69	-2.5846
56.70	-2.5846
56.70	-2.5846
56.70	-2.5847
56.70	-2.5847
56.70	-2.5846
56.71	-2.5849
56.71	-2.5845
56.71	-2.5849
56.72	-2.5847
56.72	-2.5848
56.72	-2.5848
56.72	-2.5849
56.73	-2.5850
56.73	-2.5852
56.73	-2.5851
56.73	-2.5850
56.73	-2.5851
56.74	-2.5851
56.74	-2.5853
56.75	-2.5854
56.75	-2.5853
56.75	-2.5854
56.75	-2.5854
56.75	-2.5854
56.76	-2.5855
56.76	-2.5856
56.76	-2.5856
56.77	-2.5856
56.77	-2.5857
56.77	-2.5855
56.77	-2.5857
56.77	-2.5857
56.78	-2.5857
56.78	-2.5858
56.78	-2.5857
56.78	-2.5857
56.79	-2.5860
56.79	-2.5860
56.80	-2.5861
56.80	-2.5859
56.80	-2.5860
56.80	-2.5859
56.80	-2.5860
56.80	-2.5859
56.81	-2.5860
56.81	-2.5860
56.81	-2.5860
56.82	-2.5861
56.82	-2.5862
56.82	-2.5861
56.82	-2.5862
56.83	-2.5863
56.83	-2.5863
56.83	-2.5864
56.83	-2.5863
56.83	-2.5861
56.84	-2.5864
56.84	-2.5864
56.84	-2.5864
56.84	-2.5866
56.85	-2.5866
56.85	-2.5866
56.85	-2.5866
56.86	-2.5865
56.86	-2.5866
56.86	-2.5867
56.86	-2.5867
56.86	-2.5867
56.87	-2.5866
56.87	-2.5866
56.87	-2.5868
56.88	-2.5867
56.88	-2.5867
56.88	-2.5868
56.89	-2.5867
56.89	-2.5868
56.89	-2.5870
56.90	-2.5867
56.90	-2.5869
56.90	-2.5868
56.90	-2.5868
56.90	-2.5870
56.90	-2.5869
56.90	-2.5868
56.91	-2.5870
56.91	-2.5871
56.91	-2.5871
56.92	-2.5871
56.92	-2.5871
56.92	-2.5870
56.93	-2.5871
56.93	-2.5873
56.93	-2.5870
56.93	-2.5874
56.93	-2.5873
56.94	-2.5871
56.94	-2.5872
56.94	-2.5870
56.94	-2.5872
56.95	-2.5873
56.95	-2.5875
56.95	-2.5874
56.95	-2.5875
56.95	-2.5873
56.96	-2.5875
56.96	-2.5877
56.96	-2.5877
56.96	-2.5877
56.97	-2.5878
56.97	-2.5877
56.97	-2.5877
56.98	-2.5874
56.98	-2.5877
56.98	-2.5877
56.98	-2.5878
56.98	-2.5879
56.98	-2.5878
56.99	-2.5877
56.99	-2.5880
57.00	-2.5879
57.00	-2.5878
57.00	-2.5878
57.01	-2.5883
57.01	-2.5879
57.01	-2.5881
57.01	-2.5880
57.01	-2.5880
57.01	-2.5880
57.02	-2.5880
57.02	-2.5882
57.02	-2.5882
57.02	-2.5881
57.02	-2.5880
57.02	-2.5881
57.02	-2.5881
57.03	-2.5882
57.03	-2.5883
57.03	-2.5881
57.04	-2.5882
57.04	-2.5882
57.04	-2.5885
57.05	-2.5885
57.05	-2.5883
57.05	-2.5884
57.05	-2.5885
57.06	-2.5886
57.06	-2.5884
57.06	-2.5885
57.06	-2.5887
57.07	-2.5885
57.07	-2.5886
57.07	-2.5886
57.08	-2.5884
57.08	-2.5885
57.08	-2.5887
57.08	-2.5887
57.09	-2.5886
57.09	-2.5887
57.09	-2.5886
57.09	-2.5885
57.09	-2.5887
57.10	-2.5885
57.10	-2.5888
57.11	-2.5888
57.11	-2.5887
57.11	-2.5888
57.11	-2.5888
57.11	-2.5889
57.11	-2.5887
57.12	-2.5887
57.12	-2.5888
57.12	-2.5888
57.13	-2.5888
57.13	-2.5887
57.13	-2.5888
57.14	-2.5890
57.14	-2.5892
57.14	-2.5888
57.14	-2.5890
57.14	-2.5890
57.15	-2.5891
57.15	-2.5888
57.16	-2.5889
57.16	-2.5890
57.16	-2.5889
57.16	-2.5888
57.17	-2.5889
57.17	-2.5890
57.17	-2.5890
57.17	-2.5891
57.18	-2.5890
57.18	-2.5891
57.18	-2.5891
57.18	-2.5889
57.18	-2.5892
57.18	-2.5895
57.19	-2.5890
57.19	-2.5893
57.19	-2.5891
57.20	-2.5891
57.20	-2.5891
57.20	-2.5894
57.20	-2.5893
57.21	-2.5894
57.21	-2.5892
57.21	-2.5894
57.21	-2.5893
57.21	-2.5895
57.22	-2.5891
57.23	-2.5893
57.23	-2.5891
57.23	-2.5893
57.23	-2.5892
57.23	-2.5894
57.23	-2.5890
57.24	-2.5893
57.24	-2.5893
57.24	-2.5892
57.24	-2.5893
57.25	-2.5891
57.25	-2.5893
57.25	-2.5894
57.25	-2.5892
57.25	-2.5894
57.25	-2.5891
57.26	-2.5893
57.26	-2.5893
57.26	-2.5892
57.26	-2.5894
57.27	-2.5893
57.27	-2.5892
57.27	-2.5894
57.27	-2.5895
57.28	-2.5894
57.28	-2.5895
57.28	-2.5894
57.28	-2.5895
57.28	-2.5895
57.28	-2.5894
57.29	-2.5897
57.30	-2.5897
57.30	-2.5896
57.30	-2.5897
57.30	-2.5896
57.30	-2.5897
57.30	-2.5897
57.31	-2.5898
57.31	-2.5896
57.31	-2.5897
57.31	-2.5898
57.32	-2.5896
57.32	-2.5896
57.32	-2.5898
57.33	-2.5898
57.33	-2.5898
57.33	-2.5897
57.33	-2.5898
57.33	-2.5898
57.34	-2.5899
57.34	-2.5899
57.34	-2.5899
57.34	-2.5899
57.35	-2.5899
57.35	-2.5901
57.35	-2.5898
57.35	-2.5901
57.36	-2.5898
57.36	-2.5900
57.36	-2.5901
57.37	-2.5901
57.37	-2.5902
57.37	-2.5902
57.38	-2.5900
57.38	-2.5902
57.38	-2.5901
57.38	-2.5902
57.38	-2.5902
57.39	-2.5903
57.39	-2.5903
57.39	-2.5902
57.39	-2.5903
57.40	-2.5902
57.40	-2.5901
57.40	-2.5902
57.40	-2.5904
57.41	-2.5903
57.41	-2.5904
57.41	-2.5903
57.41	-2.5905
57.41	-2.5904
57.42	-2.5905
57.42	-2.5904
57.42	-2.5906
57.43	-2.5905
57.43	-2.5906
57.43	-2.5906
57.43	-2.5905
57.44	-2.5906
57.44	-2.5906
57.44	-2.5905
57.44	-2.5907
57.44	-2.5903
57.45	-2.5907
57.45	-2.5909
57.45	-2.5907
57.45	-2.5906
57.45	-2.5906
57.46	-2.5906
57.46	-2.5907
57.47	-2.5905
57.47	-2.5909
57.47	-2.5906
57.48	-2.5907
57.48	-2.5907
57.48	-2.5906
57.48	-2.5906
57.49	-2.5907
57.49	-2.5905
57.49	-2.5907
57.49	-2.5904
57.50	-2.5907
57.50	-2.5904
57.50	-2.5908
57.50	-2.5906
57.50	-2.5907
57.50	-2.5905
57.51	-2.5906
57.51	-2.5904
57.51	-2.5905
57.51	-2.5905
57.52	-2.5904
57.52	-2.5905
57.52	-2.5904
57.52	-2.5903
57.52	-2.5906
57.52	-2.5905
57.52	-2.5904
57.53	-2.5904
57.53	-2.5905
57.54	-2.5907
57.54	-2.5906
57.54	-2.5907
57.55	-2.5905
57.55	-2.5907
57.55	-2.5905
57.55	-2.5907
57.56	-2.5904
57.56	-2.5907
57.56	-2.5907
57.57	-2.5909
57.57	-2.5907
57.57	-2.5907
57.58	-2.5908
57.58	-2.5908
57.58	-2.5907
57.58	-2.5908
57.58	-2.5907
57.59	-2.5907
57.59	-2.5909
57.59	-2.5907
57.59	-2.5907
57.59	-2.5907
57.59	-2.5908
57.60	-2.5907
57.60	-2.5908
57.60	-2.5907
57.61	-2.5907
57.61	-2.5907
57.62	-2.5907
57.62	-2.5906
57.62	-2.5908
57.63	-2.5906
57.63	-2.5906
57.63	-2.5907
57.63	-2.5907
57.64	-2.5908
57.64	-2.5908
57.64	-2.5908
57.64	-2.5907
57.64	-2.5907
57.65	-2.5907
57.65	-2.5909
57.65	-2.5908
57.65	-2.5907
57.65	-2.5908
57.65	-2.5911
57.66	-2.5909
57.66	-2.5912
57.66	-2.5911
57.67	-2.5913
57.67	-2.5910
57.67	-2.5910
57.67	-2.5912
57.67	-2.5913
57.68	-2.5912
57.68	-2.5914
57.68	-2.5912
57.68	-2.5913
57.69	-2.5912
57.69	-2.5915
57.69	-2.5915
57.69	-2.5915
57.70	-2.5913
57.70	-2.5914
57.70	-2.5913
57.70	-2.5914
57.70	-2.5914
57.71	-2.5915
57.71	-2.5913
57.72	-2.5915
57.72	-2.5913
57.72	-2.5912
57.73	-2.5914
57.73	-2.5913
57.73	-2.5912
57.74	-2.5913
57.74	-2.5914
57.74	-2.5914
57.74	-2.5916
57.74	-2.5914
57.74	-2.5914
57.74	-2.5915
57.75	-2.5916
57.75	-2.5916
57.75	-2.5916
57.75	-2.5915
57.76	-2.5915
57.76	-2.5916
57.76	-2.5916
57.76	-2.5917
57.77	-2.5919
57.77	-2.5919
57.77	-2.5916
57.77	-2.5917
57.78	-2.5919
57.78	-2.5922
57.79	-2.5918
57.78	-2.5920
57.79	-2.5920
57.79	-2.5921
57.80	-2.5920
57.80	-2.5920
57.80	-2.5922
57.80	-2.5921
57.80	-2.5920
57.80	-2.5919
57.80	-2.5919
57.80	-2.5922
57.81	-2.5922
57.81	-2.5921
57.81	-2.5924
57.82	-2.5921
57.82	-2.5921
57.83	-2.5922
57.83	-2.5921
57.83	-2.5925
57.83	-2.5922
57.84	-2.5925
57.84	-2.5922
57.84	-2.5924
57.84	-2.5922
57.84	-2.5924
57.84	-2.5925
57.84	-2.5923
57.85	-2.5924
57.85	-2.5924
57.85	-2.5924
57.86	-2.5925
57.86	-2.5923
57.87	-2.5925
57.87	-2.5924
57.87	-2.5925
57.88	-2.5925
57.88	-2.5924
57.88	-2.5923
57.88	-2.5926
57.88	-2.5924
57.88	-2.5923
57.89	-2.5926
57.90	-2.5926
57.90	-2.5928
57.90	-2.5925
57.90	-2.5925
57.90	-2.5925
57.90	-2.5926
57.91	-2.5926
57.91	-2.5926
57.91	-2.5928
57.92	-2.5925
57.92	-2.5927
57.92	-2.5925
57.92	-2.5928
57.92	-2.5927
57.93	-2.5928
57.93	-2.5928
57.93	-2.5928
57.93	-2.5930
57.93	-2.5930
57.94	-2.5930
57.94	-2.5930
57.94	-2.5930
57.95	-2.5929
57.95	-2.5931
57.95	-2.5933
57.95	-2.5930
57.96	-2.5930
57.96	-2.5935
57.96	-2.5934
57.96	-2.5932
57.97	-2.5933
57.97	-2.5932
57.97	-2.5932
57.97	-2.5934
57.98	-2.5933
57.98	-2.5936
57.98	-2.5934
57.98	-2.5933
57.98	-2.5934
57.99	-2.5935
57.99	-2.5935
57.99	-2.5936
57.99	-2.5934
58.00	-2.5936
58.00	-2.5936
58.00	-2.5936
58.01	-2.5937
58.01	-2.5937
58.01	-2.5936
58.02	-2.5937
58.02	-2.5936
58.02	-2.5937
58.02	-2.5936
58.02	-2.5935
58.02	-2.5937
58.03	-2.5939
58.03	-2.5935
58.03	-2.5938
58.03	-2.5938
58.04	-2.5938
58.04	-2.5937
58.04	-2.5935
58.05	-2.5938
58.05	-2.5939
58.05	-2.5938
58.05	-2.5939
58.06	-2.5938
58.06	-2.5937
58.07	-2.5939
58.07	-2.5939
58.07	-2.5940
58.08	-2.5941
58.08	-2.5942
58.08	-2.5941
58.08	-2.5944
58.08	-2.5942
58.08	-2.5941
58.09	-2.5943
58.09	-2.5942
58.09	-2.5941
58.09	-2.5942
58.09	-2.5943
58.09	-2.5942
58.09	-2.5942
58.10	-2.5944
58.10	-2.5942
58.10	-2.5943
58.11	-2.5942
58.11	-2.5943
58.11	-2.5944
58.11	-2.5944
58.12	-2.5942
58.12	-2.5943
58.12	-2.5943
58.13	-2.5942
58.13	-2.5942
58.13	-2.5943
58.13	-2.5941
58.13	-2.5942
58.14	-2.5942
58.14	-2.5941
58.14	-2.5941
58.15	-2.5940
58.15	-2.5941
58.15	-2.5941
58.15	-2.5942
58.15	-2.5942
58.15	-2.5943
58.16	-2.5943
58.16	-2.5945
58.16	-2.5942
58.17	-2.5945
58.17	-2.5941
58.17	-2.5943
58.17	-2.5942
58.18	-2.5943
58.18	-2.5943
58.18	-2.5941
58.18	-2.5942
58.18	-2.5940
58.18	-2.5941
58.18	-2.5941
58.19	-2.5942
58.19	-2.5939
58.20	-2.5941
58.20	-2.5942
58.21	-2.5941
58.21	-2.5942
58.21	-2.5941
58.21	-2.5941
58.22	-2.5941
58.22	-2.5941
58.22	-2.5942
58.22	-2.5941
58.22	-2.5941
58.23	-2.5940
58.23	-2.5944
58.23	-2.5940
58.24	-2.5941
58.24	-2.5943
58.24	-2.5942
58.24	-2.5941
58.24	-2.5942
58.25	-2.5941
58.25	-2.5942
58.25	-2.5943
58.25	-2.5945
58.25	-2.5942
58.25	-2.5943
58.26	-2.5943
58.26	-2.5944
58.27	-2.5943
58.27	-2.5943
58.27	-2.5943
58.27	-2.5943
58.27	-2.5942
58.28	-2.5943
58.28	-2.5945
58.28	-2.5944
58.29	-2.5942
58.29	-2.5942
58.29	-2.5944
58.29	-2.5940
58.29	-2.5943
58.30	-2.5943
58.30	-2.5943
58.30	-2.5944
58.30	-2.5945
58.31	-2.5945
58.31	-2.5944
58.31	-2.5946
58.32	-2.5945
58.32	-2.5943
58.32	-2.5947
58.32	-2.5947
58.33	-2.5947
58.33	-2.5946
58.33	-2.5947
58.33	-2.5948
58.33	-2.5949
58.33	-2.5950
58.34	-2.5948
58.34	-2.5949
58.34	-2.5948
58.34	-2.5951
58.35	-2.5951
58.35	-2.5951
58.36	-2.5950
58.36	-2.5948
58.36	-2.5951
58.36	-2.5950
58.36	-2.5952
58.37	-2.5950
58.37	-2.5950
58.37	-2.5951
58.37	-2.5950
58.37	-2.5950
58.38	-2.5952
58.38	-2.5951
58.38	-2.5950
58.39	-2.5952
58.39	-2.5950
58.39	-2.5950
58.39	-2.5953
58.40	-2.5951
58.40	-2.5951
58.40	-2.5952
58.40	-2.5951
58.40	-2.5951
58.41	-2.5952
58.41	-2.5951
58.41	-2.5952
58.42	-2.5952
58.42	-2.5952
58.42	-2.5951
58.43	-2.5951
58.43	-2.5949
58.43	-2.5952
58.43	-2.5951
58.43	-2.5951
58.44	-2.5952
58.44	-2.5950
58.45	-2.5952
58.45	-2.5952
58.45	-2.5951
58.45	-2.5952
58.45	-2.5954
58.45	-2.5953
58.46	-2.5951
58.46	-2.5953
58.47	-2.5952
58.47	-2.5953
58.47	-2.5955
58.47	-2.5953
58.47	-2.5951
58.48	-2.5952
58.48	-2.5951
58.48	-2.5951
58.48	-2.5949
58.49	-2.5951
58.49	-2.5950
58.49	-2.5951
58.49	-2.5950
58.49	-2.5952
58.50	-2.5951
58.50	-2.5952
58.50	-2.5952
58.51	-2.5951
58.51	-2.5951
58.51	-2.5951
58.52	-2.5953
58.52	-2.5952
58.52	-2.5953
58.52	-2.5955
58.52	-2.5954
58.53	-2.5953
58.53	-2.5953
58.53	-2.5955
58.53	-2.5955
58.54	-2.5953
58.54	-2.5956
58.54	-2.5955
58.55	-2.5956
58.55	-2.5956
58.55	-2.5956
58.55	-2.5956
58.56	-2.5957
58.56	-2.5955
58.56	-2.5956
58.56	-2.5958
58.56	-2.5957
58.57	-2.5959
58.57	-2.5955
58.57	-2.5956
58.57	-2.5955
58.58	-2.5954
58.58	-2.5956
58.58	-2.5955
58.58	-2.5955
58.59	-2.5958
58.59	-2.5956
58.59	-2.5958
58.59	-2.5954
58.60	-2.5954
58.60	-2.5957
58.60	-2.5955
58.60	-2.5958
58.61	-2.5957
58.61	-2.5957
58.61	-2.5956
58.62	-2.5956
58.62	-2.5956
58.62	-2.5956
58.62	-2.5956
58.62	-2.5954
58.63	-2.5956
58.63	-2.5957
58.63	-2.5954
58.63	-2.5957
58.64	-2.5957
58.64	-2.5955
58.64	-2.5953
58.65	-2.5956
58.65	-2.5955
58.65	-2.5956
58.65	-2.5957
58.65	-2.5957
58.65	-2.5956
58.66	-2.5955
58.66	-2.5956
58.67	-2.5957
58.67	-2.5958
58.67	-2.5956
58.67	-2.5958
58.68	-2.5958
58.68	-2.5956
58.68	-2.5958
58.68	-2.5957
58.69	-2.5957
58.69	-2.5958
58.69	-2.5956
58.69	-2.5958
58.69	-2.5958
58.69	-2.5957
58.70	-2.5957
58.70	-2.5958
58.70	-2.5957
58.71	-2.5957
58.71	-2.5957
58.71	-2.5956
58.72	-2.5956
58.72	-2.5957
58.72	-2.5956
58.73	-2.5959
58.73	-2.5959
58.73	-2.5958
58.73	-2.5959
58.73	-2.5955
58.74	-2.5959
58.74	-2.5957
58.74	-2.5961
58.75	-2.5960
58.75	-2.5958
58.75	-2.5959
58.75	-2.5961
58.75	-2.5959
58.75	-2.5960
58.75	-2.5962
58.75	-2.5960
58.76	-2.5958
58.76	-2.5960
58.77	-2.5960
58.77	-2.5957
58.77	-2.5959
58.77	-2.5958
58.77	-2.5958
58.78	-2.5957
58.78	-2.5957
58.78	-2.5958
58.79	-2.5956
58.79	-2.5956
58.80	-2.5956
58.80	-2.5955
58.80	-2.5955
58.80	-2.5957
58.80	-2.5955
58.80	-2.5957
58.81	-2.5955
58.81	-2.5955
58.82	-2.5954
58.82	-2.5955
58.82	-2.5955
58.82	-2.5958
58.82	-2.5954
58.82	-2.5957
58.83	-2.5955
58.83	-2.5956
58.83	-2.5957
58.83	-2.5959
58.83	-2.5958
58.84	-2.5959
58.84	-2.5959
58.84	-2.5959
58.84	-2.5959
58.84	-2.5959
58.84	-2.5958
58.85	-2.5960
58.85	-2.5961
58.85	-2.5958
58.85	-2.5958
58.86	-2.5959
58.87	-2.5959
58.87	-2.5959
58.88	-2.5959
58.88	-2.5959
58.88	-2.5961
58.88	-2.5960
58.88	-2.5960
58.88	-2.5960
58.89	-2.5961
58.89	-2.5960
58.89	-2.5960
58.89	-2.5962
58.90	-2.5961
58.90	-2.5963
58.90	-2.5961
58.90	-2.5963
58.90	-2.5964
58.91	-2.5963
58.91	-2.5964
58.91	-2.5961
58.91	-2.5965
58.92	-2.5964
58.92	-2.5964
58.93	-2.5963
58.93	-2.5964
58.93	-2.5964
58.93	-2.5963
58.93	-2.5963
58.94	-2.5965
58.94	-2.5964
58.94	-2.5965
58.95	-2.5966
58.95	-2.5965
58.95	-2.5967
58.96	-2.5966
58.96	-2.5965
58.96	-2.5966
58.96	-2.5967
58.96	-2.5967
58.97	-2.5965
58.97	-2.5965
58.97	-2.5966
58.97	-2.5965
58.97	-2.5967
58.98	-2.5967
58.98	-2.5966
58.98	-2.5967
58.98	-2.5968
58.98	-2.5967
58.99	-2.5966
58.99	-2.5965
59.00	-2.5964
59.00	-2.5965
59.00	-2.5967
59.00	-2.5966
59.00	-2.5967
59.01	-2.5966
59.01	-2.5964
59.02	-2.5964
59.02	-2.5965
59.02	-2.5965
59.02	-2.5965
59.02	-2.5965
59.03	-2.5965
59.03	-2.5964
59.03	-2.5964
59.04	-2.5965
59.04	-2.5964
59.04	-2.5966
59.04	-2.5966
59.04	-2.5967
59.05	-2.5966
59.05	-2.5968
59.05	-2.5968
59.05	-2.5968
59.05	-2.5971
59.05	-2.5969
59.05	-2.5969
59.06	-2.5967
59.06	-2.5970
59.07	-2.5972
59.07	-2.5969
59.08	-2.5971
59.08	-2.5971
59.08	-2.5969
59.08	-2.5969
59.08	-2.5971
59.08	-2.5974
59.08	-2.5971
59.09	-2.5972
59.09	-2.5971
59.09	-2.5971
59.09	-2.5970
59.09	-2.5974
59.09	-2.5971
59.10	-2.5974
59.10	-2.5976
59.10	-2.5973
59.10	-2.5973
59.11	-2.5975
59.11	-2.5974
59.12	-2.5974
59.12	-2.5975
59.13	-2.5974
59.13	-2.5976
59.13	-2.5975
59.13	-2.5975
59.13	-2.5976
59.13	-2.5978
59.13	-2.5975
59.14	-2.5978
59.14	-2.5976
59.15	-2.5979
59.15	-2.5978
59.15	-2.5979
59.15	-2.5980
59.15	-2.5978
59.15	-2.5981
59.16	-2.5979
59.16	-2.5981
59.16	-2.5981
59.16	-2.5982
59.17	-2.5981
59.17	-2.5982
59.18	-2.5980
59.18	-2.5982
59.18	-2.5983
59.18	-2.5982
59.18	-2.5983
59.19	-2.5985
59.19	-2.5984
59.19	-2.5981
59.20	-2.5983
59.20	-2.5983
59.20	-2.5982
59.20	-2.5982
59.20	-2.5982
59.20	-2.5981
59.20	-2.5982
59.21	-2.5981
59.21	-2.5982
59.22	-2.5982
59.22	-2.5982
59.22	-2.5981
59.23	-2.5980
59.23	-2.5980
59.23	-2.5981
59.23	-2.5979
59.23	-2.5978
59.23	-2.5981
59.24	-2.5978
59.24	-2.5979
59.24	-2.5979
59.25	-2.5977
59.25	-2.5980
59.25	-2.5979
59.25	-2.5979
59.26	-2.5981
59.26	-2.5978
59.26	-2.5981
59.26	-2.5978
59.26	-2.5979
59.27	-2.5979
59.27	-2.5979
59.27	-2.5978
59.27	-2.5978
59.28	-2.5979
59.28	-2.5977
59.28	-2.5977
59.28	-2.5980
59.29	-2.5979
59.30	-2.5979
59.30	-2.5979
59.30	-2.5977
59.30	-2.5977
59.30	-2.5981
59.30	-2.5981
59.30	-2.5978
59.30	-2.5980
59.31	-2.5980
59.31	-2.5977
59.31	-2.5982
59.32	-2.5980
59.32	-2.5979
59.33	-2.5979
59.33	-2.5980
59.33	-2.5977
59.33	-2.5979
59.33	-2.5977
59.33	-2.5980
59.34	-2.5980
59.34	-2.5979
59.34	-2.5979
59.34	-2.5979
59.34	-2.5980
59.35	-2.5978
59.35	-2.5980
59.35	-2.5981
59.35	-2.5983
59.36	-2.5980
59.36	-2.5982
59.36	-2.5980
59.37	-2.5981
59.37	-2.5981
59.37	-2.5982
59.37	-2.5983
59.37	-2.5983
59.38	-2.5983
59.38	-2.5985
59.38	-2.5985
59.39	-2.5985
59.39	-2.5983
59.39	-2.5983
59.40	-2.5983
59.40	-2.5983
59.40	-2.5986
59.40	-2.5985
59.40	-2.5982
59.41	-2.5984
59.41	-2.5984
59.42	-2.5983
59.42	-2.5984
59.42	-2.5983
59.42	-2.5983
59.43	-2.5983
59.43	-2.5984
59.43	-2.5984
59.43	-2.5984
59.43	-2.5983
59.43	-2.5983
59.43	-2.5985
59.44	-2.5983
59.44	-2.5984
59.45	-2.5985
59.45	-2.5984
59.45	-2.5986
59.46	-2.5985
59.46	-2.5984
59.46	-2.5985
59.46	-2.5985
59.47	-2.5988
59.47	-2.5987
59.47	-2.5984
59.47	-2.5989
59.47	-2.5988
59.48	-2.5988
59.48	-2.5987
59.48	-2.5987
59.48	-2.5989
59.49	-2.5987
59.49	-2.5989
59.49	-2.5988
59.49	-2.5988
59.50	-2.5988
59.50	-2.5991
59.50	-2.5989
59.50	-2.5990
59.51	-2.5988
59.51	-2.5988
59.51	-2.5989
59.51	-2.5990
59.52	-2.5990
59.52	-2.5987
59.52	-2.5989
59.52	-2.5987
59.53	-2.5989
59.53	-2.5988
59.54	-2.5988
59.54	-2.5989
59.54	-2.5988
59.54	-2.5990
59.54	-2.5988
59.54	-2.5988
59.55	-2.5987
59.55	-2.5988
59.55	-2.5988
59.55	-2.5988
59.56	-2.5988
59.56	-2.5987
59.56	-2.5986
59.57	-2.5986
59.57	-2.5989
59.57	-2.5986
59.58	-2.5987
59.58	-2.5988
59.58	-2.5988
59.58	-2.5989
59.58	-2.5988
59.59	-2.5989
59.59	-2.5988
59.59	-2.5988
59.59	-2.5988
59.59	-2.5989
59.60	-2.5987
59.60	-2.5987
59.61	-2.5988
59.61	-2.5988
59.61	-2.5989
59.61	-2.5990
59.61	-2.5988
59.61	-2.5991
59.61	-2.5990
59.62	-2.5991
59.62	-2.5989
59.62	-2.5989
59.63	-2.5989
59.63	-2.5989
59.63	-2.5991
59.63	-2.5989
59.63	-2.5991
59.64	-2.5990
59.64	-2.5991
59.64	-2.5990
59.65	-2.5991
59.65	-2.5991
59.65	-2.5990
59.65	-2.5991
59.65	-2.5990
59.66	-2.5990
59.66	-2.5990
59.67	-2.5989
59.67	-2.5991
59.67	-2.5991
59.67	-2.5992
59.68	-2.5992
59.68	-2.5992
59.68	-2.5990
59.68	-2.5991
59.68	-2.5990
59.68	-2.5990
59.69	-2.5989
59.69	-2.5991
59.70	-2.5989
59.70	-2.5990
59.70	-2.5991
59.70	-2.5989
59.71	-2.5990
59.71	-2.5991
59.71	-2.5993
59.72	-2.5994
59.72	-2.5993
59.72	-2.5992
59.72	-2.5994
59.73	-2.5993
59.73	-2.5992
59.73	-2.5991
59.73	-2.5994
59.73	-2.5991
59.73	-2.5995
59.74	-2.5994
59.74	-2.5991
59.74	-2.5993
59.74	-2.5992
59.75	-2.5991
59.75	-2.5994
59.75	-2.5991
59.75	-2.5992
59.76	-2.5992
59.76	-2.5992
59.76	-2.5993
59.76	-2.5990
59.77	-2.5994
59.77	-2.5994
59.77	-2.5993
59.78	-2.5992
59.78	-2.5994
59.78	-2.5991
59.79	-2.5991
59.78	-2.5994
59.79	-2.5991
59.79	-2.5993
59.80	-2.5992
59.80	-2.5991
59.80	-2.5990
59.80	-2.5990
59.80	-2.5990
59.80	-2.5990
59.81	-2.5992
59.81	-2.5992
59.81	-2.5993
59.82	-2.5993
59.82	-2.5991
59.82	-2.5993
59.82	-2.5994
59.83	-2.5994
59.83	-2.5993
59.83	-2.5992
59.84	-2.5991
59.84	-2.5993
59.84	-2.5992
59.84	-2.5992
59.84	-2.5994
59.84	-2.5992
59.85	-2.5992
59.85	-2.5993
59.86	-2.5993
59.86	-2.5992
59.86	-2.5994
59.86	-2.5993
59.86	-2.5994
59.87	-2.5995
59.87	-2.5992
59.87	-2.5994
59.88	-2.5993
59.88	-2.5995
59.88	-2.5993
59.88	-2.5993
59.88	-2.5993
59.88	-2.5992
59.89	-2.5992
59.89	-2.5993
59.90	-2.5994
59.90	-2.5992
59.90	-2.5997
59.90	-2.5991
59.90	-2.5992
59.91	-2.5991
59.91	-2.5993
59.91	-2.5992
59.92	-2.5994
59.92	-2.5992
59.92	-2.5990
59.92	-2.5991
59.92	-2.5991
59.93	-2.5991
59.93	-2.5993
59.93	-2.5991
59.93	-2.5991
59.93	-2.5991
59.93	-2.5991
59.94	-2.5993
59.94	-2.5994
59.94	-2.5992
59.95	-2.5993
59.95	-2.5993
59.95	-2.5994
59.95	-2.5994
59.95	-2.5993
59.96	-2.5994
59.96	-2.5995
59.96	-2.5997
59.96	-2.5994
59.96	-2.5996
59.97	-2.5994
59.97	-2.5996
59.97	-2.5996
59.98	-2.5997
59.98	-2.5996
59.98	-2.5998
59.99	-2.5997
59.99	-2.5998
59.99	-2.5998
59.99	-2.5998
59.99	-2.5998
59.99	-2.5997
60.00	-2.5999
60.00	-2.5997
60.00	-2.5999
60.01	-2.5998
60.01	-2.5997
60.01	-2.5996
60.01	-2.5998
60.01	-2.5997
60.01	-2.5998
60.02	-2.5997
60.02	-2.5996
60.02	-2.5997
60.02	-2.5998
60.03	-2.5997
60.03	-2.5998
60.03	-2.5998
60.03	-2.5999
60.04	-2.5996
60.04	-2.5998
60.04	-2.5998
60.05	-2.5998
60.05	-2.5998
60.05	-2.5997
60.05	-2.5997
60.06	-2.5995
60.06	-2.5999
60.06	-2.5998
60.07	-2.5999
60.07	-2.6000
60.07	-2.5999
60.08	-2.5999
60.08	-2.6000
60.08	-2.5998
60.08	-2.5999
60.08	-2.5999
60.08	-2.6001
60.09	-2.6000
60.09	-2.6000
60.09	-2.5999
60.09	-2.6001
60.10	-2.6000
60.10	-2.6000
60.10	-2.6001
60.10	-2.6001
60.10	-2.6000
60.11	-2.6000
60.11	-2.6000
60.12	-2.6001
60.12	-2.6000
60.12	-2.6002
60.13	-2.6000
60.13	-2.6002
60.13	-2.6001
60.13	-2.6001
60.14	-2.6001
60.14	-2.6002
60.14	-2.6001
60.14	-2.6000
60.14	-2.6002
60.15	-2.6000
60.15	-2.6001
60.15	-2.6003
60.15	-2.5998
60.15	-2.5999
60.15	-2.6001
60.16	-2.5998
60.16	-2.6002
60.17	-2.5999
60.17	-2.5997
60.17	-2.5997
60.18	-2.6001
60.18	-2.5998
60.18	-2.5997
60.18	-2.6000
60.19	-2.5999
60.19	-2.5998
60.19	-2.5998
60.19	-2.6000
60.19	-2.6000
60.20	-2.5999
60.20	-2.5998
60.20	-2.6000
60.20	-2.5997
60.21	-2.5999
60.21	-2.6000
60.21	-2.6000
60.21	-2.6000
60.21	-2.6000
60.22	-2.6000
60.22	-2.6001
60.23	-2.5999
60.23	-2.6001
60.23	-2.6001
60.23	-2.6000
60.23	-2.5999
60.23	-2.5998
60.24	-2.5997
60.24	-2.5999
60.25	-2.5998
60.25	-2.5998
60.25	-2.5998
60.25	-2.5999
60.25	-2.5998
60.26	-2.5998
60.26	-2.5997
60.27	-2.5997
60.27	-2.5995
60.27	-2.5998
60.27	-2.5996
60.27	-2.5997
60.27	-2.5997
60.27	-2.5997
60.27	-2.5995
60.27	-2.5998
60.28	-2.5995
60.28	-2.5996
60.28	-2.5993
60.29	-2.5994
60.29	-2.5994
60.29	-2.5992
60.30	-2.5995
60.30	-2.5995
60.30	-2.5994
60.31	-2.5994
60.31	-2.5993
60.32	-2.5994
60.32	-2.5996
60.32	-2.5992
60.32	-2.5994
60.32	-2.5995
60.33	-2.5995
60.33	-2.5994
60.33	-2.5993
60.33	-2.5993
60.34	-2.5995
60.34	-2.5993
60.34	-2.5993
60.34	-2.5994
60.34	-2.5994
60.34	-2.5994
60.35	-2.5994
60.35	-2.5993
60.35	-2.5992
60.35	-2.5995
60.36	-2.5994
60.36	-2.5994
60.37	-2.5995
60.37	-2.5995
60.37	-2.5996
60.38	-2.5994
60.38	-2.5994
60.38	-2.5996
60.38	-2.5997
60.38	-2.5996
60.39	-2.5997
60.39	-2.5996
60.39	-2.5995
60.39	-2.5995
60.40	-2.5996
60.40	-2.5998
60.40	-2.5999
60.40	-2.5999
60.40	-2.5996
60.40	-2.6000
60.40	-2.6000
60.41	-2.5998
60.41	-2.5998
60.41	-2.6000
60.42	-2.6002
60.42	-2.6002
60.43	-2.6003
60.43	-2.6001
60.43	-2.6002
60.43	-2.6001
60.43	-2.6000
60.43	-2.6002
60.43	-2.6002
60.43	-2.6004
60.44	-2.6003
60.45	-2.6003
60.45	-2.6003
60.45	-2.6003
60.46	-2.6003
60.46	-2.6003
60.46	-2.6004
60.46	-2.6001
60.46	-2.6006
60.47	-2.6002
60.47	-2.6003
60.48	-2.6002
60.48	-2.6003
60.48	-2.6000
60.48	-2.6004
60.48	-2.6003
60.48	-2.6003
60.49	-2.6000
60.49	-2.6001
60.49	-2.6002
60.49	-2.6001
60.49	-2.6001
60.50	-2.6003
60.50	-2.6002
60.50	-2.6002
60.50	-2.6000
60.51	-2.6001
60.51	-2.6000
60.51	-2.6001
60.52	-2.6000
60.52	-2.6002
60.52	-2.6001
60.52	-2.6001
60.52	-2.6000
60.53	-2.6000
60.53	-2.6002
60.53	-2.6000
60.54	-2.6001
60.54	-2.6003
60.55	-2.6001
60.55	-2.6003
60.55	-2.6003
60.55	-2.6003
60.56	-2.6005
60.56	-2.6003
60.56	-2.6004
60.56	-2.6004
60.56	-2.6003
60.56	-2.6004
60.57	-2.6003
60.57	-2.6005
60.57	-2.6004
60.57	-2.6004
60.58	-2.6004
60.58	-2.6003
60.58	-2.6003
60.58	-2.6006
60.59	-2.6005
60.59	-2.6005
60.59	-2.6005
60.59	-2.6004
60.60	-2.6003
60.60	-2.6001
60.60	-2.6004
60.60	-2.6002
60.61	-2.6001
60.61	-2.6004
60.61	-2.6004
60.62	-2.6006
60.62	-2.6003
60.62	-2.6004
60.63	-2.6004
60.63	-2.6004
60.63	-2.6004
60.63	-2.6003
60.63	-2.6003
60.63	-2.6004
60.64	-2.6001
60.64	-2.6003
60.65	-2.6004
60.65	-2.6003
60.65	-2.6002
60.65	-2.6002
60.65	-2.6002
60.65	-2.6001
60.65	-2.6001
60.66	-2.6001
60.66	-2.6001
60.67	-2.6001
60.67	-2.6003
60.67	-2.6002
60.67	-2.6001
60.67	-2.6002
60.68	-2.6002
60.68	-2.6002
60.68	-2.6002
60.68	-2.6002
60.68	-2.6004
60.69	-2.6002
60.69	-2.6002
60.70	-2.6001
60.70	-2.6003
60.70	-2.6002
60.70	-2.6001
60.70	-2.6002
60.70	-2.6002
60.70	-2.6002
60.71	-2.6002
60.71	-2.6002
60.71	-2.6000
60.72	-2.6000
60.72	-2.6002
60.73	-2.6002
60.73	-2.6002
60.73	-2.6003
60.73	-2.6003
60.73	-2.6003
60.74	-2.6001
60.74	-2.6004
60.74	-2.6003
60.74	-2.6000
60.75	-2.6003
60.75	-2.6001
60.75	-2.6003
60.75	-2.6000
60.75	-2.6002
60.76	-2.6002
60.76	-2.6003
60.76	-2.6001
60.77	-2.6003
60.77	-2.6004
60.77	-2.6001
60.77	-2.6001
60.78	-2.6001
60.78	-2.6001
60.78	-2.6001
60.78	-2.6002
60.79	-2.5999
60.79	-2.6001
60.79	-2.5999
60.80	-2.5999
60.80	-2.6000
60.80	-2.5998
60.80	-2.5999
60.81	-2.5999
60.81	-2.5998
60.81	-2.5999
60.81	-2.5999
60.82	-2.6000
60.82	-2.6000
60.82	-2.5999
60.83	-2.6001
60.82	-2.5997
60.82	-2.5999
60.83	-2.5996
60.83	-2.5999
60.83	-2.5995
60.84	-2.5996
60.84	-2.5996
60.84	-2.5996
60.84	-2.5995
60.84	-2.5997
60.84	-2.5997
60.85	-2.5997
60.85	-2.5996
60.85	-2.5996
60.86	-2.5999
60.86	-2.5996
60.86	-2.5998
60.87	-2.5996
60.87	-2.5998
60.87	-2.5995
60.87	-2.5996
60.87	-2.5996
60.88	-2.5996
60.88	-2.5996
60.88	-2.5995
60.88	-2.5997
60.88	-2.5996
60.89	-2.5996
60.89	-2.5995
60.90	-2.5996
60.90	-2.5996
60.90	-2.5999
60.90	-2.5998
60.90	-2.5996
60.90	-2.5997
60.91	-2.5996
60.91	-2.5995
60.91	-2.5999
60.92	-2.5995
60.92	-2.6000
60.92	-2.5995
60.92	-2.5999
60.92	-2.5998
60.93	-2.5995
60.93	-2.5997
60.94	-2.5998
60.94	-2.6000
60.94	-2.5998
60.94	-2.5998
60.94	-2.5998
60.94	-2.5997
60.95	-2.5999
60.95	-2.5998
60.95	-2.6001
60.95	-2.5997
60.96	-2.5998
60.96	-2.5998
60.96	-2.5999
60.96	-2.5998
60.97	-2.5999
60.97	-2.6000
60.98	-2.6000
60.98	-2.5999
60.98	-2.5999
60.98	-2.5996
60.98	-2.5998
60.99	-2.5998
60.99	-2.5997
60.99	-2.5999
61.00	-2.5998
61.00	-2.6001
61.00	-2.5998
61.00	-2.5999
61.01	-2.5998
61.01	-2.5998
61.01	-2.6000
61.01	-2.6000
61.01	-2.5999
61.01	-2.5999
61.01	-2.5999
61.02	-2.5999
61.02	-2.5999
61.02	-2.5998
61.02	-2.5999
61.03	-2.6000
61.03	-2.6000
61.04	-2.5998
61.04	-2.5998
61.05	-2.5999
61.05	-2.5998
61.05	-2.5999
61.05	-2.6000
61.05	-2.6000
61.05	-2.5998
61.05	-2.5998
61.05	-2.6000
61.06	-2.5997
61.06	-2.6000
61.06	-2.5997
61.07	-2.6001
61.07	-2.5997
61.07	-2.6000
61.08	-2.6000
61.08	-2.5999
61.08	-2.6001
61.08	-2.5999
61.08	-2.6001
61.09	-2.5998
61.09	-2.5999
61.09	-2.5999
61.09	-2.5998
61.10	-2.5998
61.10	-2.5999
61.10	-2.6000
61.10	-2.5999
61.11	-2.6000
61.11	-2.6000
61.11	-2.6001
61.11	-2.5999
61.12	-2.5997
61.12	-2.6000
61.12	-2.5999
61.12	-2.6000
61.12	-2.6001
61.13	-2.6000
61.13	-2.6001
61.13	-2.5999
61.13	-2.6001
61.14	-2.6001
61.14	-2.5997
61.15	-2.6000
61.15	-2.5999
61.15	-2.5999
61.16	-2.5999
61.16	-2.6000
61.16	-2.6000
61.16	-2.5998
61.16	-2.6000
61.17	-2.5998
61.17	-2.6000
61.17	-2.6001
61.18	-2.6000
61.18	-2.6002
61.18	-2.6000
61.18	-2.6001
61.18	-2.6001
61.19	-2.5999
61.19	-2.6002
61.19	-2.6000
61.19	-2.6003
61.20	-2.6000
61.20	-2.6001
61.20	-2.6001
61.20	-2.6001
61.20	-2.6001
61.21	-2.6001
61.21	-2.6001
61.21	-2.6001
61.22	-2.6000
61.22	-2.6003
61.22	-2.6002
61.23	-2.6002
61.23	-2.6001
61.23	-2.6003
61.23	-2.6001
61.23	-2.5999
61.24	-2.6001
61.24	-2.6002
61.24	-2.6001
61.24	-2.6001
61.25	-2.6000
61.25	-2.6003
61.25	-2.6001
61.25	-2.6001
61.26	-2.6003
61.26	-2.5999
61.26	-2.6001
61.26	-2.6000
61.27	-2.6001
61.27	-2.6000
61.27	-2.6000
61.27	-2.5999
61.27	-2.6000
61.28	-2.6000
61.28	-2.5999
61.29	-2.6000
61.29	-2.5998
61.29	-2.5997
61.29	-2.5997
61.30	-2.5999
61.30	-2.5997
61.30	-2.5999
61.30	-2.5997
61.30	-2.5999
61.31	-2.5998
61.31	-2.5996
61.31	-2.5998
61.32	-2.5996
61.32	-2.5998
61.32	-2.5998
61.32	-2.5998
61.32	-2.5996
61.33	-2.5996
61.33	-2.5996
61.33	-2.5994
61.33	-2.6000
61.34	-2.6000
61.34	-2.5998
61.34	-2.5998
61.34	-2.5996
61.34	-2.5998
61.35	-2.5996
61.35	-2.5997
61.36	-2.5998
61.36	-2.5995
61.36	-2.5997
61.37	-2.5994
61.37	-2.5996
61.37	-2.5996
61.37	-2.5995
61.38	-2.5995
61.38	-2.5996
61.38	-2.5995
61.38	-2.5996
61.38	-2.5995
61.38	-2.5995
61.38	-2.5997
61.39	-2.5995
61.39	-2.5996
61.39	-2.5994
61.39	-2.5996
61.40	-2.5994
61.40	-2.5993
61.40	-2.5996
61.40	-2.5995
61.41	-2.5996
61.41	-2.5993
61.42	-2.5996
61.42	-2.5994
61.42	-2.5994
61.42	-2.5997
61.43	-2.5995
61.43	-2.5993
61.43	-2.5994
61.43	-2.5995
61.43	-2.5994
61.44	-2.5994
61.44	-2.5995
61.44	-2.5994
61.44	-2.5994
61.44	-2.5995
61.45	-2.5993
61.45	-2.5993
61.45	-2.5992
61.45	-2.5994
61.46	-2.5993
61.46	-2.5993
61.46	-2.5993
61.46	-2.5992
61.47	-2.5994
61.47	-2.5993
61.47	-2.5991
61.48	-2.5989
61.48	-2.5990
61.48	-2.5990
61.49	-2.5991
61.49	-2.5991
61.49	-2.5989
61.49	-2.5990
61.49	-2.5991
61.50	-2.5989
61.50	-2.5987
61.50	-2.5989
61.50	-2.5987
61.50	-2.5989
61.51	-2.5988
61.51	-2.5989
61.52	-2.5989
61.52	-2.5986
61.52	-2.5989
61.52	-2.5989
61.52	-2.5988
61.52	-2.5987
61.53	-2.5987
61.53	-2.5987
61.53	-2.5987
61.53	-2.5987
61.54	-2.5986
61.54	-2.5989
61.54	-2.5989
61.55	-2.5991
61.55	-2.5990
61.55	-2.5986
61.55	-2.5990
61.56	-2.5989
61.56	-2.5990
61.56	-2.5989
61.57	-2.5989
61.57	-2.5988
61.57	-2.5989
61.57	-2.5990
61.58	-2.5989
61.58	-2.5991
61.58	-2.5989
61.58	-2.5991
61.58	-2.5989
61.58	-2.5990
61.59	-2.5990
61.59	-2.5989
61.59	-2.5989
61.59	-2.5991
61.60	-2.5992
61.60	-2.5991
61.60	-2.5991
61.61	-2.5990
61.61	-2.5993
61.61	-2.5989
61.61	-2.5990
61.62	-2.5991
61.62	-2.5991
61.62	-2.5991
61.62	-2.5993
61.63	-2.5991
61.63	-2.5991
61.63	-2.5994
61.63	-2.5993
61.64	-2.5991
61.64	-2.5994
61.64	-2.5990
61.64	-2.5994
61.65	-2.5993
61.65	-2.5995
61.65	-2.5992
61.65	-2.5992
61.65	-2.5991
61.66	-2.5993
61.66	-2.5992
61.67	-2.5994
61.67	-2.5991
61.67	-2.5992
61.67	-2.5991
61.68	-2.5992
61.68	-2.5990
61.68	-2.5992
61.68	-2.5991
61.69	-2.5993
61.69	-2.5992
61.70	-2.5990
61.70	-2.5992
61.70	-2.5991
61.70	-2.5989
61.70	-2.5991
61.71	-2.5990
61.71	-2.5989
61.71	-2.5989
61.71	-2.5987
61.71	-2.5990
61.72	-2.5989
61.72	-2.5987
61.72	-2.5989
61.72	-2.5988
61.72	-2.5989
61.73	-2.5987
61.73	-2.5988
61.73	-2.5988
61.73	-2.5986
61.73	-2.5989
61.73	-2.5990
61.74	-2.5986
61.74	-2.5987
61.75	-2.5988
61.75	-2.5989
61.75	-2.5988
61.75	-2.5988
61.75	-2.5988
61.76	-2.5988
61.76	-2.5988
61.76	-2.5989
61.76	-2.5988
61.77	-2.5989
61.77	-2.5988
61.77	-2.5989
61.77	-2.5987
61.78	-2.5986
61.78	-2.5988
61.78	-2.5988
61.78	-2.5987
61.79	-2.5986
61.79	-2.5985
61.80	-2.5987
61.80	-2.5985
61.80	-2.5988
61.80	-2.5986
61.80	-2.5987
61.80	-2.5989
61.80	-2.5988
61.80	-2.5986
61.81	-2.5988
61.81	-2.5987
61.82	-2.5986
61.82	-2.5986
61.82	-2.5987
61.83	-2.5986
61.83	-2.5985
61.83	-2.5986
61.83	-2.5986
61.83	-2.5987
61.83	-2.5986
61.84	-2.5988
61.84	-2.5989
61.84	-2.5988
61.84	-2.5987
61.85	-2.5985
61.85	-2.5986
61.85	-2.5987
61.85	-2.5987
61.86	-2.5988
61.86	-2.5989
61.87	-2.5988
61.87	-2.5986
61.87	-2.5987
61.87	-2.5986
61.87	-2.5988
61.88	-2.5989
61.88	-2.5989
61.88	-2.5986
61.88	-2.5988
61.89	-2.5986
61.88	-2.5985
61.89	-2.5987
61.89	-2.5986
61.90	-2.5986
61.90	-2.5984
61.90	-2.5985
61.90	-2.5984
61.91	-2.5985
61.91	-2.5985
61.91	-2.5985
61.91	-2.5985
61.92	-2.5983
61.92	-2.5984
61.92	-2.5986
61.93	-2.5984
61.93	-2.5986
61.93	-2.5986
61.93	-2.5986
61.93	-2.5984
61.93	-2.5987
61.94	-2.5983
61.95	-2.5985
61.95	-2.5983
61.95	-2.5986
61.95	-2.5985
61.95	-2.5984
61.96	-2.5984
61.96	-2.5986
61.96	-2.5984
61.96	-2.5984
61.97	-2.5985
61.97	-2.5985
61.97	-2.5984
61.97	-2.5984
61.98	-2.5983
61.98	-2.5983
61.98	-2.5985
61.98	-2.5983
61.98	-2.5983
61.98	-2.5982
61.99	-2.5981
61.99	-2.5982
61.99	-2.5980
61.99	-2.5980
62.00	-2.5980
62.00	-2.5981
62.00	-2.5981
62.01	-2.5978
62.01	-2.5980
62.01	-2.5978
62.01	-2.5978
62.02	-2.5979
62.02	-2.5981
62.02	-2.5977
62.02	-2.5980
62.03	-2.5978
62.03	-2.5980
62.04	-2.5979
62.04	-2.5980
62.04	-2.5980
62.04	-2.5979
62.04	-2.5979
62.05	-2.5981
62.05	-2.5979
62.05	-2.5980
62.05	-2.5979
62.06	-2.5980
62.06	-2.5980
62.06	-2.5981
62.06	-2.5979
62.07	-2.5980
62.07	-2.5979
62.07	-2.5980
62.07	-2.5980
62.08	-2.5979
62.08	-2.5981
62.08	-2.5981
62.08	-2.5978
62.09	-2.5980
62.08	-2.5980
62.08	-2.5980
62.09	-2.5981
62.09	-2.5979
62.09	-2.5980
62.09	-2.5979
62.10	-2.5978
62.10	-2.5980
62.11	-2.5978
62.11	-2.5980
62.11	-2.5978
62.11	-2.5980
62.12	-2.5979
62.12	-2.5978
62.12	-2.5978
62.12	-2.5978
62.13	-2.5979
62.13	-2.5979
62.13	-2.5979
62.13	-2.5980
62.14	-2.5978
62.14	-2.5979
62.14	-2.5979
62.15	-2.5982
62.15	-2.5982
62.15	-2.5979
62.15	-2.5979
62.15	-2.5981
62.16	-2.5983
62.16	-2.5981
62.16	-2.5981
62.16	-2.5981
62.17	-2.5982
62.17	-2.5981
62.17	-2.5982
62.17	-2.5981
62.18	-2.5984
62.18	-2.5983
62.18	-2.5983
62.18	-2.5985
62.18	-2.5984
62.19	-2.5983
62.19	-2.5982
62.20	-2.5984
62.20	-2.5985
62.20	-2.5986
62.20	-2.5986
62.21	-2.5984
62.21	-2.5985
62.21	-2.5984
62.21	-2.5987
62.22	-2.5986
62.22	-2.5987
62.22	-2.5985
62.22	-2.5983
62.22	-2.5984
62.23	-2.5983
62.23	-2.5985
62.23	-2.5984
62.23	-2.5985
62.24	-2.5984
62.24	-2.5984
62.24	-2.5984
62.24	-2.5982
62.25	-2.5982
62.25	-2.5982
62.25	-2.5982
62.25	-2.5980
62.25	-2.5980
62.25	-2.5981
62.26	-2.5980
62.26	-2.5981
62.27	-2.5981
62.27	-2.5982
62.27	-2.5981
62.27	-2.5980
62.28	-2.5980
62.28	-2.5979
62.28	-2.5979
62.28	-2.5980
62.28	-2.5978
62.28	-2.5979
62.28	-2.5980
62.29	-2.5980
62.30	-2.5981
62.30	-2.5979
62.30	-2.5980
62.30	-2.5980
62.31	-2.5981
62.31	-2.5978
62.31	-2.5979
62.31	-2.5980
62.32	-2.5980
62.32	-2.5979
62.33	-2.5982
62.33	-2.5982
62.33	-2.5981
62.33	-2.5982
62.33	-2.5979
62.34	-2.5982
62.34	-2.5980
62.34	-2.5980
62.34	-2.5982
62.34	-2.5982
62.34	-2.5982
62.34	-2.5985
62.34	-2.5981
62.35	-2.5981
62.35	-2.5981
62.36	-2.5981
62.36	-2.5982
62.36	-2.5983
62.36	-2.5983
62.37	-2.5984
62.37	-2.5983
62.37	-2.5985
62.38	-2.5984
62.38	-2.5984
62.38	-2.5984
62.38	-2.5983
62.38	-2.5984
62.38	-2.5984
62.38	-2.5983
62.39	-2.5983
62.39	-2.5986
62.40	-2.5984
62.40	-2.5986
62.40	-2.5986
62.40	-2.5987
62.40	-2.5984
62.41	-2.5983
62.41	-2.5983
62.42	-2.5986
62.42	-2.5983
62.42	-2.5984
62.42	-2.5986
62.43	-2.5987
62.43	-2.5984
62.43	-2.5982
62.43	-2.5985
62.44	-2.5984
62.44	-2.5984
62.44	-2.5985
62.44	-2.5984
62.45	-2.5985
62.45	-2.5984
62.45	-2.5983
62.45	-2.5983
62.45	-2.5982
62.45	-2.5983
62.45	-2.5981
62.46	-2.5984
62.46	-2.5982
62.46	-2.5983
62.47	-2.5982
62.47	-2.5982
62.47	-2.5981
62.48	-2.5982
62.48	-2.5982
62.48	-2.5981
62.48	-2.5983
62.49	-2.5981
62.49	-2.5982
62.49	-2.5981
62.50	-2.5980
62.50	-2.5980
62.50	-2.5981
62.50	-2.5980
62.50	-2.5982
62.51	-2.5981
62.51	-2.5980
62.51	-2.5980
62.51	-2.5980
62.51	-2.5980
62.52	-2.5981
62.52	-2.5979
62.53	-2.5981
62.53	-2.5979
62.53	-2.5980
62.54	-2.5981
62.54	-2.5980
62.54	-2.5980
62.54	-2.5978
62.55	-2.5979
62.55	-2.5980
62.55	-2.5979
62.55	-2.5979
62.56	-2.5979
62.56	-2.5980
62.56	-2.5980
62.56	-2.5980
62.56	-2.5978
62.56	-2.5978
62.57	-2.5980
62.57	-2.5979
62.57	-2.5979
62.57	-2.5979
62.58	-2.5979
62.58	-2.5979
62.59	-2.5978
62.59	-2.5978
62.59	-2.5978
62.59	-2.5978
62.59	-2.5981
62.59	-2.5979
62.59	-2.5978
62.59	-2.5981
62.60	-2.5981
62.60	-2.5982
62.61	-2.5981
62.61	-2.5982
62.61	-2.5980
62.62	-2.5980
62.62	-2.5983
62.62	-2.5982
62.62	-2.5980
62.63	-2.5980
62.63	-2.5982
62.63	-2.5981
62.63	-2.5980
62.63	-2.5982
62.63	-2.5979
62.64	-2.5982
62.64	-2.5982
62.65	-2.5982
62.65	-2.5984
62.65	-2.5979
62.65	-2.5980
62.65	-2.5981
62.65	-2.5979
62.66	-2.5981
62.66	-2.5980
62.66	-2.5983
62.67	-2.5980
62.68	-2.5982
62.68	-2.5982
62.68	-2.5982
62.68	-2.5983
62.68	-2.5986
62.68	-2.5982
62.68	-2.5981
62.69	-2.5980
62.69	-2.5980
62.69	-2.5981
62.69	-2.5980
62.70	-2.5980
62.70	-2.5981
62.70	-2.5982
62.70	-2.5982
62.70	-2.5980
62.70	-2.5981
62.70	-2.5981
62.71	-2.5981
62.71	-2.5982
62.72	-2.5981
62.72	-2.5981
62.73	-2.5982
62.73	-2.5981
62.73	-2.5981
62.73	-2.5981
62.73	-2.5983
62.73	-2.5982
62.73	-2.5981
62.74	-2.5979
62.74	-2.5979
62.75	-2.5982
62.75	-2.5981
62.75	-2.5981
62.75	-2.5980
62.75	-2.5980
62.75	-2.5978
62.76	-2.5979
62.76	-2.5977
62.77	-2.5980
62.77	-2.5978
62.77	-2.5977
62.77	-2.5979
62.77	-2.5976
62.77	-2.5978
62.78	-2.5979
62.78	-2.5979
62.78	-2.5978
62.79	-2.5979
62.79	-2.5980
62.79	-2.5979
62.79	-2.5978
62.80	-2.5980
62.80	-2.5978
62.79	-2.5980
62.80	-2.5981
62.80	-2.5979
62.81	-2.5980
62.81	-2.5981
62.81	-2.5980
62.81	-2.5979
62.82	-2.5982
62.82	-2.5981
62.82	-2.5982
62.83	-2.5982
62.83	-2.5980
62.83	-2.5982
62.83	-2.5985
62.84	-2.5983
62.84	-2.5983
62.84	-2.5984
62.84	-2.5983
62.85	-2.5985
62.85	-2.5986
62.85	-2.5984
62.86	-2.5985
62.86	-2.5986
62.86	-2.5986
62.86	-2.5985
62.86	-2.5984
62.87	-2.5985
62.88	-2.5983
62.88	-2.5988
62.88	-2.5985
62.88	-2.5984
62.88	-2.5984
62.88	-2.5984
62.88	-2.5982
62.88	-2.5982
62.89	-2.5983
62.89	-2.5984
62.90	-2.5983
62.90	-2.5984
62.90	-2.5983
62.90	-2.5985
62.91	-2.5984
62.91	-2.5983
62.91	-2.5984
62.92	-2.5984
62.92	-2.5984
62.92	-2.5984
62.92	-2.5982
62.92	-2.5985
62.93	-2.5982
62.92	-2.5985
62.93	-2.5984
62.93	-2.5983
62.93	-2.5985
62.94	-2.5982
62.94	-2.5982
62.95	-2.5985
62.94	-2.5982
62.95	-2.5983
62.95	-2.5983
62.95	-2.5985
62.95	-2.5985
62.96	-2.5986
62.96	-2.5985
62.96	-2.5987
62.97	-2.5985
62.97	-2.5988
62.97	-2.5984
62.97	-2.5988
62.98	-2.5986
62.98	-2.5990
62.98	-2.5987
62.98	-2.5988
62.98	-2.5988
62.98	-2.5986
62.98	-2.5988
62.99	-2.5988
62.99	-2.5987
63.00	-2.5990
63.00	-2.5988
63.00	-2.5987
63.01	-2.5989
63.01	-2.5986
63.01	-2.5988
63.01	-2.5986
63.01	-2.5989
63.02	-2.5986
63.02	-2.5988
63.02	-2.5986
63.02	-2.5986
63.02	-2.5986
63.02	-2.5988
63.03	-2.5986
63.03	-2.5985
63.03	-2.5985
63.04	-2.5983
63.04	-2.5985
63.05	-2.5986
63.05	-2.5984
63.05	-2.5985
63.05	-2.5986
63.06	-2.5984
63.06	-2.5984
63.06	-2.5985
63.06	-2.5985
63.07	-2.5986
63.07	-2.5987
63.07	-2.5989
63.08	-2.5987
63.08	-2.5988
63.08	-2.5987
63.08	-2.5987
63.09	-2.5988
63.09	-2.5988
63.09	-2.5986
63.09	-2.5989
63.09	-2.5988
63.09	-2.5988
63.10	-2.5987
63.10	-2.5988
63.10	-2.5990
63.10	-2.5987
63.11	-2.5987
63.11	-2.5986
63.11	-2.5988
63.11	-2.5990
63.12	-2.5989
63.12	-2.5986
63.12	-2.5989
63.13	-2.5988
63.13	-2.5988
63.13	-2.5989
63.13	-2.5986
63.14	-2.5985
63.14	-2.5989
63.14	-2.5987
63.15	-2.5987
63.14	-2.5989
63.14	-2.5987
63.15	-2.5987
63.15	-2.5989
63.15	-2.5988
63.15	-2.5986
63.16	-2.5987
63.16	-2.5985
63.16	-2.5987
63.17	-2.5989
63.17	-2.5988
63.17	-2.5988
63.17	-2.5986
63.18	-2.5988
63.18	-2.5988
63.18	-2.5988
63.18	-2.5989
63.19	-2.5987
63.19	-2.5987
63.19	-2.5989
63.20	-2.5990
63.20	-2.5989
63.20	-2.5989
63.20	-2.5989
63.21	-2.5991
63.21	-2.5988
63.21	-2.5992
63.21	-2.5991
63.22	-2.5991
63.22	-2.5992
63.22	-2.5991
63.23	-2.5991
63.23	-2.5990
63.23	-2.5989
63.23	-2.5993
63.23	-2.5990
63.23	-2.5991
63.24	-2.5990
63.24	-2.5991
63.24	-2.5990
63.24	-2.5991
63.24	-2.5991
63.25	-2.5993
63.25	-2.5993
63.25	-2.5993
63.26	-2.5991
63.26	-2.5991
63.27	-2.5991
63.27	-2.5992
63.27	-2.5992
63.27	-2.5994
63.27	-2.5993
63.28	-2.5990
63.28	-2.5991
63.28	-2.5992
63.28	-2.5993
63.28	-2.5994
63.28	-2.5992
63.29	-2.5994
63.29	-2.5993
63.29	-2.5992
63.30	-2.5994
63.30	-2.5996
63.30	-2.5995
63.30	-2.5996
63.30	-2.5994
63.31	-2.5996
63.31	-2.5994
63.32	-2.5996
63.32	-2.5995
63.32	-2.5997
63.33	-2.5994
63.33	-2.5996
63.33	-2.5996
63.33	-2.5996
63.33	-2.5996
63.33	-2.5999
63.34	-2.6000
63.34	-2.5997
63.34	-2.5996
63.34	-2.5997
63.35	-2.5997
63.35	-2.5997
63.35	-2.5996
63.36	-2.6000
63.36	-2.5999
63.36	-2.6000
63.36	-2.5998
63.37	-2.5998
63.37	-2.5998
63.37	-2.5996
63.38	-2.5998
63.38	-2.5999
63.38	-2.5997
63.38	-2.5999
63.38	-2.6001
63.39	-2.6001
63.39	-2.5998
63.40	-2.5999
63.40	-2.5998
63.40	-2.6000
63.40	-2.5999
63.40	-2.6000
63.40	-2.5999
63.41	-2.5999
63.41	-2.5998
63.41	-2.5999
63.42	-2.5999
63.42	-2.5999
63.42	-2.5997
63.42	-2.6001
63.43	-2.5999
63.43	-2.6002
63.43	-2.6001
63.43	-2.6000
63.43	-2.6002
63.44	-2.5999
63.44	-2.6000
63.44	-2.6000
63.44	-2.6000
63.45	-2.5998
63.45	-2.6000
63.45	-2.5999
63.45	-2.6000
63.46	-2.6000
63.46	-2.6000
63.46	-2.6000
63.47	-2.6001
63.47	-2.6000
63.47	-2.6001
63.48	-2.6001
63.48	-2.5999
63.48	-2.6000
63.48	-2.6001
63.48	-2.6002
63.48	-2.6004
63.49	-2.6004
63.49	-2.6004
63.49	-2.6003
63.49	-2.6004
63.49	-2.6005
63.50	-2.6005
63.50	-2.6004
63.50	-2.6007
63.50	-2.6004
63.51	-2.6006
63.51	-2.6004
63.51	-2.6006
63.51	-2.6005
63.51	-2.6006
63.52	-2.6005
63.52	-2.6007
63.52	-2.6007
63.52	-2.6008
63.52	-2.6007
63.53	-2.6008
63.53	-2.6009
63.53	-2.6010
63.54	-2.6008
63.54	-2.6007
63.55	-2.6011
63.55	-2.6008
63.55	-2.6008
63.55	-2.6010
63.55	-2.6012
63.55	-2.6010
63.55	-2.6012
63.56	-2.6012
63.56	-2.6010
63.56	-2.6012
63.56	-2.6010
63.57	-2.6011
63.57	-2.6011
63.57	-2.6013
63.58	-2.6012
63.58	-2.6014
63.58	-2.6012
63.59	-2.6011
63.59	-2.6014
63.59	-2.6016
63.59	-2.6013
63.59	-2.6014
63.59	-2.6016
63.59	-2.6014
63.60	-2.6016
63.60	-2.6016
63.60	-2.6017
63.61	-2.6013
63.61	-2.6016
63.61	-2.6016
63.61	-2.6017
63.61	-2.6019
63.61	-2.6017
63.62	-2.6017
63.62	-2.6018
63.63	-2.6021
63.63	-2.6018
63.63	-2.6021
63.63	-2.6020
63.64	-2.6021
63.64	-2.6020
63.65	-2.6024
63.65	-2.6020
63.65	-2.6023
63.65	-2.6022
63.65	-2.6021
63.66	-2.6023
63.66	-2.6023
63.66	-2.6023
63.67	-2.6022
63.67	-2.6025
63.67	-2.6024
63.67	-2.6025
63.67	-2.6026
63.67	-2.6025
63.68	-2.6026
63.68	-2.6025
63.68	-2.6026
63.68	-2.6025
63.69	-2.6027
63.69	-2.6029
63.69	-2.6028
63.70	-2.6028
63.70	-2.6028
63.70	-2.6029
63.70	-2.6029
63.70	-2.6028
63.70	-2.6028
63.71	-2.6028
63.71	-2.6032
63.72	-2.6031
63.72	-2.6028
63.73	-2.6030
63.73	-2.6031
63.73	-2.6033
63.73	-2.6030
63.73	-2.6029
63.74	-2.6032
63.74	-2.6030
63.74	-2.6031
63.74	-2.6033
63.74	-2.6031
63.75	-2.6032
63.75	-2.6031
63.75	-2.6035
63.75	-2.6034
63.75	-2.6034
63.76	-2.6036
63.76	-2.6034
63.76	-2.6035
63.77	-2.6034
63.77	-2.6034
63.77	-2.6035
63.77	-2.6036
63.77	-2.6038
63.78	-2.6038
63.78	-2.6037
63.78	-2.6036
63.79	-2.6039
63.79	-2.6037
63.79	-2.6038
63.80	-2.6039
63.80	-2.6039
63.80	-2.6040
63.80	-2.6038
63.80	-2.6038
63.81	-2.6040
63.81	-2.6040
63.81	-2.6040
63.81	-2.6040
63.81	-2.6040
63.82	-2.6040
63.82	-2.6042
63.82	-2.6040
63.83	-2.6040
63.83	-2.6044
63.83	-2.6041
63.83	-2.6042
63.84	-2.6043
63.84	-2.6040
63.84	-2.6043
63.84	-2.6043
63.84	-2.6043
63.85	-2.6043
63.85	-2.6043
63.86	-2.6043
63.86	-2.6046
63.86	-2.6044
63.86	-2.6046
63.86	-2.6045
63.86	-2.6046
63.87	-2.6047
63.87	-2.6044
63.88	-2.6047
63.88	-2.6048
63.88	-2.6048
63.88	-2.6050
63.88	-2.6049
63.88	-2.6049
63.88	-2.6049
63.88	-2.6049
63.88	-2.6048
63.89	-2.6051
63.89	-2.6052
63.90	-2.6051
63.90	-2.6051
63.90	-2.6051
63.90	-2.6053
63.91	-2.6053
63.91	-2.6052
63.92	-2.6052
63.92	-2.6053
63.92	-2.6054
63.92	-2.6053
63.93	-2.6054
63.93	-2.6054
63.93	-2.6055
63.94	-2.6056
63.94	-2.6056
63.95	-2.6058
63.95	-2.6060
63.95	-2.6057
63.95	-2.6059
63.96	-2.6057
63.96	-2.6059
63.96	-2.6059
63.97	-2.6057
63.96	-2.6060
63.97	-2.6059
63.97	-2.6056
63.97	-2.6060
63.97	-2.6058
63.98	-2.6059
63.98	-2.6058
63.98	-2.6060
63.98	-2.6062
63.98	-2.6060
63.98	-2.6061
63.99	-2.6060
63.99	-2.6062
63.99	-2.6060
63.99	-2.6061
64.00	-2.6064
64.00	-2.6063
64.00	-2.6064
64.00	-2.6063
64.01	-2.6063
64.01	-2.6063
64.01	-2.6065
64.01	-2.6062
64.02	-2.6066
64.02	-2.6066
64.02	-2.6066
64.03	-2.6067
64.03	-2.6067
64.04	-2.6069
64.04	-2.6066
64.04	-2.6070
64.04	-2.6067
64.04	-2.6070
64.05	-2.6070
64.05	-2.6071
64.05	-2.6069
64.05	-2.6071
64.05	-2.6071
64.05	-2.6073
64.05	-2.6072
64.06	-2.6074
64.06	-2.6069
64.06	-2.6074
64.06	-2.6074
64.07	-2.6077
64.07	-2.6074
64.07	-2.6076
64.08	-2.6077
64.08	-2.6078
64.09	-2.6077
64.09	-2.6077
64.09	-2.6078
64.09	-2.6081
64.09	-2.6080
64.09	-2.6078
64.09	-2.6080
64.10	-2.6081
64.10	-2.6081
64.10	-2.6081
64.11	-2.6081
64.11	-2.6084
64.11	-2.6081
64.11	-2.6082
64.12	-2.6083
64.12	-2.6084
64.12	-2.6082
64.13	-2.6086
64.13	-2.6084
64.13	-2.6085
64.13	-2.6086
64.14	-2.6088
64.14	-2.6090
64.14	-2.6091
64.14	-2.6091
64.14	-2.6091
64.14	-2.6092
64.15	-2.6091
64.15	-2.6092
64.15	-2.6093
64.15	-2.6094
64.16	-2.6093
64.16	-2.6092
64.17	-2.6093
64.17	-2.6094
64.17	-2.6095
64.17	-2.6094
64.18	-2.6097
64.18	-2.6097
64.18	-2.6095
64.18	-2.6096
64.19	-2.6098
64.19	-2.6098
64.19	-2.6097
64.19	-2.6098
64.20	-2.6099
64.20	-2.6099
64.20	-2.6098
64.20	-2.6100
64.20	-2.6100
64.21	-2.6098
64.21	-2.6101
64.21	-2.6101
64.21	-2.6100
64.22	-2.6101
64.22	-2.6103
64.22	-2.6103
64.23	-2.6103
64.23	-2.6101
64.23	-2.6105
64.23	-2.6103
64.23	-2.6105
64.23	-2.6106
64.24	-2.6107
64.24	-2.6108
64.25	-2.6106
64.25	-2.6107
64.25	-2.6107
64.25	-2.6109
64.25	-2.6107
64.25	-2.6110
64.25	-2.6110
64.26	-2.6110
64.27	-2.6109
64.27	-2.6111
64.27	-2.6111
64.28	-2.6113
64.28	-2.6111
64.28	-2.6113
64.28	-2.6112
64.28	-2.6114
64.28	-2.6113
64.29	-2.6114
64.29	-2.6113
64.29	-2.6115
64.30	-2.6118
64.30	-2.6115
64.30	-2.6118
64.30	-2.6117
64.30	-2.6114
64.30	-2.6116
64.31	-2.6118
64.31	-2.6116
64.32	-2.6120
64.32	-2.6120
64.33	-2.6121
64.33	-2.6119
64.33	-2.6119
64.33	-2.6120
64.33	-2.6120
64.33	-2.6122
64.34	-2.6121
64.34	-2.6123
64.34	-2.6126
64.34	-2.6122
64.35	-2.6125
64.35	-2.6125
64.35	-2.6126
64.35	-2.6125
64.36	-2.6128
64.36	-2.6127
64.36	-2.6128
64.37	-2.6129
64.37	-2.6127
64.37	-2.6129
64.37	-2.6128
64.38	-2.6131
64.38	-2.6132
64.38	-2.6133
64.38	-2.6133
64.38	-2.6133
64.38	-2.6133
64.39	-2.6136
64.39	-2.6135
64.39	-2.6135
64.39	-2.6134
64.39	-2.6134
64.40	-2.6134
64.41	-2.6138
64.41	-2.6137
64.41	-2.6139
64.41	-2.6139
64.42	-2.6140
64.42	-2.6138
64.42	-2.6141
64.42	-2.6142
64.42	-2.6140
64.42	-2.6142
64.42	-2.6140
64.42	-2.6143
64.43	-2.6142
64.43	-2.6143
64.44	-2.6144
64.44	-2.6145
64.44	-2.6145
64.44	-2.6146
64.45	-2.6145
64.45	-2.6147
64.45	-2.6148
64.45	-2.6148
64.46	-2.6148
64.46	-2.6150
64.46	-2.6151
64.46	-2.6151
64.46	-2.6151
64.47	-2.6152
64.47	-2.6151
64.47	-2.6155
64.47	-2.6155
64.48	-2.6157
64.48	-2.6157
64.48	-2.6158
64.48	-2.6158
64.49	-2.6159
64.50	-2.6160
64.50	-2.6161
64.50	-2.6162
64.50	-2.6162
64.50	-2.6163
64.50	-2.6164
64.50	-2.6164
64.50	-2.6166
64.51	-2.6167
64.51	-2.6168
64.51	-2.6168
64.52	-2.6168
64.52	-2.6167
64.52	-2.6171
64.52	-2.6170
64.53	-2.6170
64.53	-2.6171
64.54	-2.6170
64.54	-2.6172
64.54	-2.6173
64.54	-2.6175
64.55	-2.6176
64.55	-2.6176
64.55	-2.6178
64.55	-2.6176
64.55	-2.6177
64.55	-2.6178
64.56	-2.6180
64.56	-2.6179
64.57	-2.6179
64.57	-2.6181
64.57	-2.6181
64.57	-2.6179
64.58	-2.6181
64.58	-2.6184
64.58	-2.6184
64.58	-2.6183
64.58	-2.6186
64.58	-2.6185
64.59	-2.6183
64.59	-2.6187
64.59	-2.6184
64.60	-2.6186
64.60	-2.6187
64.60	-2.6190
64.61	-2.6190
64.61	-2.6190
64.61	-2.6191
64.61	-2.6190
64.61	-2.6193
64.61	-2.6192
64.62	-2.6193
64.62	-2.6194
64.62	-2.6192
64.63	-2.6193
64.63	-2.6193
64.63	-2.6196
64.63	-2.6194
64.63	-2.6195
64.64	-2.6195
64.64	-2.6195
64.64	-2.6196
64.64	-2.6197
64.64	-2.6199
64.65	-2.6200
64.65	-2.6199
64.65	-2.6199
64.66	-2.6199
64.66	-2.6201
64.66	-2.6203
64.67	-2.6202
64.67	-2.6201
64.67	-2.6201
64.67	-2.6203
64.67	-2.6205
64.68	-2.6205
64.68	-2.6205
64.68	-2.6206
64.68	-2.6208
64.68	-2.6208
64.69	-2.6208
64.70	-2.6208
64.70	-2.6211
64.70	-2.6210
64.70	-2.6212
64.70	-2.6211
64.71	-2.6215
64.71	-2.6213
64.71	-2.6213
64.71	-2.6216
64.72	-2.6217
64.72	-2.6215
64.72	-2.6215
64.72	-2.6217
64.73	-2.6218
64.73	-2.6217
64.73	-2.6221
64.73	-2.6218
64.73	-2.6222
64.74	-2.6221
64.74	-2.6222
64.75	-2.6226
64.75	-2.6224
64.75	-2.6228
64.75	-2.6228
64.75	-2.6227
64.75	-2.6228
64.76	-2.6229
64.76	-2.6231
64.76	-2.6230
64.76	-2.6232
64.76	-2.6234
64.77	-2.6235
64.77	-2.6233
64.77	-2.6236
64.78	-2.6235
64.78	-2.6235
64.78	-2.6238
64.78	-2.6236
64.79	-2.6236
64.79	-2.6237
64.79	-2.6239
64.80	-2.6240
64.80	-2.6242
64.80	-2.6240
64.80	-2.6242
64.80	-2.6241
64.80	-2.6242
64.81	-2.6243
64.81	-2.6242
64.81	-2.6244
64.82	-2.6242
64.82	-2.6245
64.82	-2.6245
64.83	-2.6242
64.83	-2.6245
64.83	-2.6245
64.83	-2.6246
64.84	-2.6248
64.84	-2.6247
64.84	-2.6244
64.84	-2.6248
64.84	-2.6248
64.85	-2.6248
64.85	-2.6249
64.86	-2.6248
64.86	-2.6250
64.86	-2.6249
64.87	-2.6249
64.86	-2.6250
64.87	-2.6252
64.87	-2.6252
64.87	-2.6254
64.87	-2.6251
64.88	-2.6255
64.88	-2.6254
64.88	-2.6254
64.89	-2.6259
64.89	-2.6256
64.89	-2.6257
64.89	-2.6259
64.89	-2.6260
64.90	-2.6262
64.90	-2.6263
64.90	-2.6262
64.90	-2.6265
64.90	-2.6265
64.91	-2.6268
64.91	-2.6268
64.91	-2.6271
64.92	-2.6272
64.92	-2.6273
64.92	-2.6272
64.92	-2.6275
64.92	-2.6275
64.93	-2.6277
64.93	-2.6278
64.93	-2.6278
64.93	-2.6278
64.93	-2.6280
64.94	-2.6281
64.94	-2.6281
64.94	-2.6284
64.95	-2.6285
64.95	-2.6285
64.95	-2.6288
64.95	-2.6289
64.96	-2.6289
64.96	-2.6291
64.97	-2.6292
64.97	-2.6293
64.97	-2.6293
64.97	-2.6295
64.97	-2.6295
64.98	-2.6299
64.98	-2.6299
64.98	-2.6302
64.98	-2.6303
64.99	-2.6304
64.99	-2.6304
65.00	-2.6308
65.00	-2.6307
65.00	-2.6308
65.00	-2.6310
65.00	-2.6310
65.01	-2.6311
65.02	-2.6314
65.02	-2.6316
65.02	-2.6317
65.02	-2.6317
65.02	-2.6320
65.02	-2.6321
65.02	-2.6320
65.02	-2.6323
65.03	-2.6324
65.03	-2.6326
65.03	-2.6325
65.03	-2.6326
65.04	-2.6328
65.04	-2.6329
65.04	-2.6332
65.04	-2.6330
65.04	-2.6330
65.05	-2.6330
65.05	-2.6332
65.05	-2.6333
65.06	-2.6332
65.06	-2.6334
65.06	-2.6335
65.07	-2.6336
65.07	-2.6336
65.08	-2.6339
65.08	-2.6341
65.08	-2.6340
65.08	-2.6343
65.08	-2.6345
65.08	-2.6344
65.09	-2.6345
65.09	-2.6346
65.09	-2.6346
65.09	-2.6346
65.09	-2.6348
65.09	-2.6345
65.10	-2.6349
65.10	-2.6350
65.11	-2.6353
65.11	-2.6352
65.11	-2.6352
65.11	-2.6354
65.11	-2.6353
65.12	-2.6355
65.12	-2.6356
65.13	-2.6354
65.13	-2.6358
65.13	-2.6358
65.13	-2.6358
65.13	-2.6359
65.13	-2.6360
65.14	-2.6360
65.14	-2.6361
65.14	-2.6360
65.14	-2.6363
65.14	-2.6365
65.15	-2.6364
65.15	-2.6366
65.16	-2.6366
65.16	-2.6366
65.16	-2.6369
65.17	-2.6368
65.17	-2.6369
65.17	-2.6368
65.17	-2.6371
65.18	-2.6369
65.18	-2.6373
65.18	-2.6374
65.18	-2.6375
65.19	-2.6377
65.19	-2.6379
65.19	-2.6379
65.20	-2.6380
65.20	-2.6381
65.20	-2.6382
65.20	-2.6382
65.20	-2.6385
65.21	-2.6385
65.21	-2.6385
65.21	-2.6388
65.22	-2.6387
65.22	-2.6388
65.22	-2.6390
65.22	-2.6388
65.22	-2.6391
65.23	-2.6390
65.23	-2.6393
65.23	-2.6394
65.23	-2.6395
65.23	-2.6397
65.24	-2.6396
65.24	-2.6395
65.24	-2.6395
65.25	-2.6398
65.25	-2.6398
65.25	-2.6398
65.25	-2.6401
65.26	-2.6398
65.26	-2.6400
65.26	-2.6402
65.26	-2.6402
65.27	-2.6403
65.27	-2.6403
65.27	-2.6402
65.28	-2.6404
65.28	-2.6405
65.28	-2.6406
65.28	-2.6407
65.28	-2.6408
65.28	-2.6408
65.29	-2.6408
65.29	-2.6409
65.29	-2.6410
65.29	-2.6411
65.29	-2.6414
65.30	-2.6414
65.30	-2.6414
65.30	-2.6413
65.30	-2.6415
65.30	-2.6415
65.31	-2.6416
65.31	-2.6418
65.32	-2.6417
65.32	-2.6419
65.32	-2.6419
65.33	-2.6419
65.33	-2.6422
65.33	-2.6421
65.33	-2.6423
65.33	-2.6422
65.33	-2.6421
65.33	-2.6422
65.34	-2.6425
65.34	-2.6426
65.34	-2.6425
65.35	-2.6426
65.35	-2.6427
65.36	-2.6429
65.36	-2.6429
65.36	-2.6430
65.36	-2.6430
65.36	-2.6430
65.36	-2.6431
65.37	-2.6432
65.37	-2.6432
65.38	-2.6434
65.38	-2.6434
65.38	-2.6436
65.38	-2.6434
65.38	-2.6438
65.39	-2.6436
65.39	-2.6439
65.39	-2.6437
65.39	-2.6440
65.39	-2.6441
65.40	-2.6441
65.40	-2.6442
65.41	-2.6443
65.41	-2.6443
65.41	-2.6445
65.41	-2.6446
65.42	-2.6447
65.42	-2.6448
65.41	-2.6448
65.41	-2.6450
65.42	-2.6451
65.42	-2.6452
65.42	-2.6453
65.43	-2.6453
65.43	-2.6456
65.43	-2.6455
65.44	-2.6457
65.44	-2.6458
65.45	-2.6459
65.45	-2.6461
65.45	-2.6461
65.45	-2.6462
65.46	-2.6462
65.46	-2.6465
65.46	-2.6467
65.47	-2.6464
65.47	-2.6466
65.47	-2.6468
65.47	-2.6468
65.47	-2.6470
65.47	-2.6472
65.48	-2.6471
65.48	-2.6474
65.48	-2.6474
65.49	-2.6475
65.49	-2.6476
65.49	-2.6477
65.49	-2.6478
65.50	-2.6477
65.50	-2.6480
65.50	-2.6480
65.50	-2.6483
65.50	-2.6484
65.50	-2.6484
65.51	-2.6487
65.51	-2.6485
65.51	-2.6487
65.51	-2.6487
65.52	-2.6493
65.52	-2.6491
65.53	-2.6492
65.53	-2.6494
65.53	-2.6494
65.53	-2.6498
65.54	-2.6496
65.54	-2.6496
65.54	-2.6500
65.55	-2.6498
65.55	-2.6500
65.55	-2.6501
65.55	-2.6504
65.56	-2.6501
65.56	-2.6504
65.56	-2.6505
65.56	-2.6508
65.56	-2.6504
65.56	-2.6505
65.57	-2.6508
65.57	-2.6510
65.57	-2.6513
65.58	-2.6512
65.58	-2.6513
65.58	-2.6512
65.58	-2.6514
65.58	-2.6516
65.59	-2.6517
65.59	-2.6518
65.59	-2.6521
65.59	-2.6520
65.60	-2.6521
65.60	-2.6521
65.60	-2.6523
65.60	-2.6524
65.60	-2.6525
65.61	-2.6525
65.61	-2.6523
65.62	-2.6528
65.62	-2.6529
65.62	-2.6528
65.62	-2.6531
65.62	-2.6532
65.63	-2.6533
65.63	-2.6534
65.63	-2.6536
65.64	-2.6536
65.63	-2.6540
65.64	-2.6538
65.64	-2.6539
65.64	-2.6542
65.64	-2.6542
65.64	-2.6545
65.65	-2.6545
65.66	-2.6544
65.66	-2.6547
65.66	-2.6548
65.67	-2.6549
65.67	-2.6552
65.67	-2.6551
65.67	-2.6551
65.67	-2.6553
65.67	-2.6555
65.68	-2.6555
65.68	-2.6556
65.68	-2.6557
65.68	-2.6557
65.69	-2.6559
65.69	-2.6559
65.69	-2.6561
65.70	-2.6561
65.70	-2.6562
65.70	-2.6561
65.70	-2.6567
65.71	-2.6567
65.71	-2.6566
65.71	-2.6568
65.72	-2.6570
65.72	-2.6569
65.72	-2.6573
65.72	-2.6570
65.72	-2.6574
65.72	-2.6573
65.73	-2.6575
65.73	-2.6575
65.73	-2.6577
65.74	-2.6578
65.74	-2.6580
65.74	-2.6579
65.75	-2.6582
65.75	-2.6581
65.75	-2.6582
65.75	-2.6582
65.75	-2.6586
65.76	-2.6587
65.76	-2.6587
65.76	-2.6590
65.76	-2.6591
65.77	-2.6592
65.77	-2.6593
65.78	-2.6593
65.78	-2.6592
65.78	-2.6596
65.78	-2.6596
65.78	-2.6599
65.78	-2.6598
65.79	-2.6598
65.79	-2.6598
65.79	-2.6601
65.80	-2.6601
65.80	-2.6605
65.80	-2.6602
65.80	-2.6605
65.80	-2.6607
65.81	-2.6606
65.81	-2.6609
65.81	-2.6609
65.81	-2.6610
65.82	-2.6610
65.82	-2.6612
65.82	-2.6613
65.82	-2.6614
65.83	-2.6616
65.83	-2.6618
65.83	-2.6619
65.83	-2.6619
65.83	-2.6620
65.84	-2.6619
65.84	-2.6622
65.84	-2.6622
65.84	-2.6623
65.85	-2.6625
65.85	-2.6624
65.85	-2.6626
65.86	-2.6628
65.86	-2.6628
65.86	-2.6629
65.86	-2.6629
65.87	-2.6630
65.87	-2.6632
65.87	-2.6632
65.88	-2.6633
65.88	-2.6637
65.88	-2.6635
65.88	-2.6637
65.88	-2.6640
65.88	-2.6639
65.89	-2.6640
65.89	-2.6642
65.89	-2.6644
65.89	-2.6641
65.90	-2.6644
65.90	-2.6647
65.91	-2.6648
65.91	-2.6649
65.91	-2.6651
65.91	-2.6651
65.91	-2.6655
65.91	-2.6654
65.92	-2.6656
65.92	-2.6657
65.92	-2.6659
65.93	-2.6658
65.93	-2.6659
65.93	-2.6663
65.93	-2.6665
65.93	-2.6665
65.93	-2.6667
65.94	-2.6668
65.94	-2.6669
65.95	-2.6673
65.95	-2.6672
65.95	-2.6674
65.95	-2.6673
65.95	-2.6674
65.96	-2.6677
65.97	-2.6678
65.97	-2.6678
65.97	-2.6679
65.97	-2.6682
65.97	-2.6681
65.97	-2.6682
65.97	-2.6681
65.97	-2.6685
65.98	-2.6689
65.98	-2.6689
65.99	-2.6687
65.99	-2.6692
65.99	-2.6692
66.00	-2.6693
66.00	-2.6694
66.00	-2.6694
66.00	-2.6697
66.00	-2.6698
66.00	-2.6698
66.01	-2.6698
66.01	-2.6700
66.01	-2.6704
66.02	-2.6704
66.02	-2.6706
66.02	-2.6706
66.03	-2.6707
66.03	-2.6709
66.03	-2.6711
66.03	-2.6711
66.03	-2.6715
66.04	-2.6715
66.04	-2.6714
66.04	-2.6717
66.05	-2.6717
66.05	-2.6719
66.05	-2.6719
66.05	-2.6721
66.05	-2.6721
66.06	-2.6725
66.06	-2.6725
66.06	-2.6724
66.06	-2.6727
66.06	-2.6727
66.07	-2.6728
66.07	-2.6732
66.08	-2.6733
66.08	-2.6733
66.08	-2.6736
66.08	-2.6737
66.08	-2.6738
66.08	-2.6741
66.08	-2.6742
66.09	-2.6741
66.09	-2.6743
66.09	-2.6746
66.10	-2.6745
66.10	-2.6748
66.11	-2.6747
66.11	-2.6749
66.11	-2.6749
66.12	-2.6751
66.12	-2.6752
66.13	-2.6754
66.12	-2.6753
66.12	-2.6756
66.12	-2.6757
66.13	-2.6758
66.13	-2.6758
66.13	-2.6762
66.13	-2.6763
66.14	-2.6763
66.14	-2.6767
66.14	-2.6767
66.14	-2.6769
66.14	-2.6770
66.15	-2.6770
66.15	-2.6775
66.16	-2.6774
66.16	-2.6776
66.16	-2.6774
66.16	-2.6778
66.17	-2.6778
66.17	-2.6779
66.17	-2.6778
66.17	-2.6781
66.17	-2.6782
66.17	-2.6785
66.17	-2.6786
66.18	-2.6787
66.18	-2.6787
66.18	-2.6788
66.18	-2.6790
66.18	-2.6792
66.19	-2.6792
66.19	-2.6793
66.19	-2.6794
66.20	-2.6794
66.20	-2.6796
66.20	-2.6798
66.21	-2.6796
66.21	-2.6800
66.21	-2.6801
66.22	-2.6801
66.22	-2.6800
66.22	-2.6805
66.22	-2.6802
66.22	-2.6802
66.22	-2.6804
66.23	-2.6807
66.23	-2.6807
66.23	-2.6808
66.23	-2.6805
66.24	-2.6811
66.24	-2.6812
66.24	-2.6812
66.24	-2.6813
66.25	-2.6816
66.25	-2.6815
66.25	-2.6816
66.26	-2.6819
66.26	-2.6819
66.27	-2.6820
66.27	-2.6820
66.27	-2.6821
66.27	-2.6822
66.27	-2.6825
66.27	-2.6823
66.27	-2.6825
66.28	-2.6827
66.28	-2.6828
66.28	-2.6831
66.29	-2.6829
66.29	-2.6830
66.29	-2.6831
66.29	-2.6833
66.30	-2.6833
66.30	-2.6835
66.30	-2.6835
66.30	-2.6836
66.30	-2.6839
66.30	-2.6838
66.31	-2.6839
66.31	-2.6842
66.31	-2.6844
66.32	-2.6845
66.32	-2.6844
66.32	-2.6846
66.33	-2.6849
66.33	-2.6848
66.33	-2.6850
66.33	-2.6852
66.34	-2.6851
66.34	-2.6851
66.34	-2.6856
66.34	-2.6856
66.34	-2.6858
66.34	-2.6859
66.35	-2.6861
66.35	-2.6860
66.35	-2.6864
66.36	-2.6863
66.37	-2.6866
66.37	-2.6867
66.37	-2.6870
66.37	-2.6869
66.37	-2.6871
66.38	-2.6872
66.38	-2.6874
66.38	-2.6874
66.38	-2.6876
66.38	-2.6876
66.38	-2.6878
66.38	-2.6880
66.39	-2.6880
66.39	-2.6882
66.39	-2.6881
66.40	-2.6883
66.40	-2.6885
66.41	-2.6889
66.41	-2.6888
66.41	-2.6888
66.41	-2.6891
66.42	-2.6890
66.42	-2.6893
66.42	-2.6892
66.42	-2.6895
66.42	-2.6895
66.43	-2.6897
66.43	-2.6898
66.43	-2.6898
66.43	-2.6900
66.43	-2.6903
66.44	-2.6899
66.44	-2.6903
66.44	-2.6904
66.45	-2.6907
66.45	-2.6906
66.45	-2.6908
66.45	-2.6908
66.46	-2.6910
66.46	-2.6911
66.46	-2.6913
66.47	-2.6914
66.47	-2.6915
66.47	-2.6914
66.47	-2.6917
66.47	-2.6917
66.47	-2.6919
66.48	-2.6920
66.48	-2.6923
66.49	-2.6925
66.49	-2.6927
66.49	-2.6926
66.49	-2.6927
66.49	-2.6927
66.49	-2.6930
66.50	-2.6930
66.50	-2.6932
66.50	-2.6934
66.50	-2.6937
66.50	-2.6935
66.51	-2.6937
66.51	-2.6937
66.51	-2.6939
66.52	-2.6941
66.53	-2.6940
66.53	-2.6944
66.53	-2.6943
66.53	-2.6944
66.54	-2.6944
66.54	-2.6945
66.54	-2.6947
66.54	-2.6949
66.54	-2.6950
66.55	-2.6951
66.55	-2.6950
66.55	-2.6952
66.55	-2.6955
66.55	-2.6957
66.55	-2.6960
66.56	-2.6959
66.56	-2.6959
66.57	-2.6963
66.57	-2.6963
66.58	-2.6966
66.58	-2.6964
66.58	-2.6967
66.58	-2.6967
66.58	-2.6968
66.58	-2.6970
66.58	-2.6971
66.58	-2.6973
66.59	-2.6973
66.59	-2.6974
66.59	-2.6975
66.59	-2.6976
66.60	-2.6977
66.60	-2.6978
66.60	-2.6981
66.61	-2.6979
66.61	-2.6981
66.61	-2.6981
66.61	-2.6982
66.62	-2.6983
66.62	-2.6983
66.62	-2.6986
66.62	-2.6985
66.63	-2.6986
66.63	-2.6985
66.63	-2.6987
66.63	-2.6988
66.64	-2.6989
66.64	-2.6991
66.64	-2.6991
66.64	-2.6994
66.64	-2.6992
66.65	-2.6996
66.65	-2.6996
66.65	-2.6997
66.66	-2.6996
66.66	-2.6999
66.66	-2.6997
66.66	-2.7000
66.67	-2.7002
66.67	-2.7004
66.67	-2.7008
66.67	-2.7007
66.67	-2.7007
66.68	-2.7011
66.68	-2.7012
66.68	-2.7012
66.69	-2.7012
66.69	-2.7014
66.69	-2.7016
66.70	-2.7014
66.70	-2.7015
66.70	-2.7018
66.70	-2.7017
66.70	-2.7018
66.71	-2.7020
66.71	-2.7021
66.71	-2.7022
66.71	-2.7023
66.71	-2.7025
66.72	-2.7023
66.72	-2.7024
66.72	-2.7025
66.72	-2.7028
66.72	-2.7028
66.73	-2.7029
66.73	-2.7030
66.74	-2.7030
66.74	-2.7034
66.74	-2.7034
66.75	-2.7035
66.75	-2.7036
66.75	-2.7037
66.75	-2.7038
66.75	-2.7036
66.75	-2.7041
66.75	-2.7042
66.76	-2.7040
66.76	-2.7040
66.76	-2.7040
66.77	-2.7042
66.77	-2.7042
66.77	-2.7044
66.77	-2.7044
66.78	-2.7046
66.78	-2.7046
66.79	-2.7048
66.79	-2.7047
66.79	-2.7050
66.80	-2.7050
66.80	-2.7053
66.80	-2.7054
66.80	-2.7055
66.80	-2.7053
66.81	-2.7054
66.81	-2.7057
66.81	-2.7057
66.82	-2.7059
66.82	-2.7060
66.82	-2.7060
66.82	-2.7062
66.82	-2.7062
66.83	-2.7063
66.83	-2.7065
66.83	-2.7064
66.84	-2.7066
66.84	-2.7068
66.84	-2.7068
66.84	-2.7066
66.84	-2.7069
66.84	-2.7072
66.85	-2.7072
66.85	-2.7072
66.85	-2.7073
66.85	-2.7075
66.86	-2.7073
66.86	-2.7079
66.86	-2.7078
66.87	-2.7079
66.87	-2.7082
66.87	-2.7081
66.88	-2.7083
66.88	-2.7082
66.88	-2.7084
66.88	-2.7084
66.88	-2.7086
66.88	-2.7087
66.89	-2.7088
66.89	-2.7089
66.89	-2.7091
66.90	-2.7092
66.90	-2.7091
66.90	-2.7095
66.90	-2.7097
66.90	-2.7097
66.91	-2.7097
66.91	-2.7096
66.92	-2.7098
66.92	-2.7098
66.92	-2.7102
66.92	-2.7099
66.92	-2.7103
66.93	-2.7103
66.93	-2.7105
66.93	-2.7104
66.94	-2.7106
66.94	-2.7108
66.94	-2.7108
66.94	-2.7108
66.95	-2.7109
66.95	-2.7113
66.95	-2.7114
66.95	-2.7113
66.95	-2.7114
66.96	-2.7114
66.96	-2.7115
66.96	-2.7118
66.96	-2.7118
66.96	-2.7120
66.97	-2.7122
66.97	-2.7124
66.97	-2.7124
66.97	-2.7127
66.97	-2.7126
66.98	-2.7129
66.98	-2.7132
66.99	-2.7132
66.99	-2.7133
66.99	-2.7134
66.99	-2.7136
67.00	-2.7137
67.00	-2.7139
67.00	-2.7141
67.00	-2.7141
67.01	-2.7142
67.01	-2.7145
67.01	-2.7143
67.01	-2.7145
67.01	-2.7146
67.01	-2.7148
67.02	-2.7148
67.02	-2.7150
67.02	-2.7147
67.03	-2.7151
67.03	-2.7151
67.03	-2.7154
67.03	-2.7155
67.04	-2.7155
67.04	-2.7157
67.05	-2.7158
67.05	-2.7158
67.05	-2.7161
67.05	-2.7160
67.05	-2.7163
67.05	-2.7162
67.05	-2.7161
67.06	-2.7162
67.06	-2.7163
67.07	-2.7167
67.07	-2.7167
67.07	-2.7169
67.07	-2.7168
67.07	-2.7168
67.07	-2.7169
67.08	-2.7172
67.08	-2.7172
67.08	-2.7173
67.08	-2.7172
67.08	-2.7176
67.09	-2.7175
67.09	-2.7177
67.09	-2.7176
67.10	-2.7179
67.10	-2.7178
67.10	-2.7179
67.10	-2.7182
67.10	-2.7183
67.11	-2.7182
67.11	-2.7185
67.12	-2.7184
67.12	-2.7186
67.12	-2.7186
67.12	-2.7186
67.12	-2.7188
67.13	-2.7191
67.13	-2.7190
67.13	-2.7193
67.14	-2.7195
67.14	-2.7195
67.14	-2.7195
67.14	-2.7196
67.14	-2.7198
67.14	-2.7201
67.15	-2.7200
67.15	-2.7201
67.15	-2.7202
67.16	-2.7204
67.16	-2.7203
67.16	-2.7207
67.17	-2.7207
67.17	-2.7209
67.17	-2.7210
67.17	-2.7210
67.17	-2.7213
67.17	-2.7213
67.18	-2.7212
67.18	-2.7214
67.18	-2.7219
67.19	-2.7217
67.19	-2.7219
67.20	-2.7218
67.19	-2.7219
67.20	-2.7222
67.20	-2.7221
67.20	-2.7222
67.20	-2.7226
67.20	-2.7222
67.20	-2.7225
67.21	-2.7226
67.22	-2.7228
67.22	-2.7228
67.22	-2.7229
67.22	-2.7229
67.22	-2.7234
67.23	-2.7232
67.23	-2.7233
67.23	-2.7234
67.24	-2.7235
67.24	-2.7236
67.24	-2.7238
67.24	-2.7239
67.25	-2.7237
67.25	-2.7241
67.25	-2.7238
67.25	-2.7242
67.25	-2.7240
67.25	-2.7244
67.26	-2.7242
67.26	-2.7244
67.27	-2.7247
67.27	-2.7247
67.27	-2.7248
67.27	-2.7250
67.28	-2.7249
67.28	-2.7254
67.28	-2.7254
67.28	-2.7256
67.28	-2.7257
67.29	-2.7258
67.29	-2.7258
67.29	-2.7259
67.30	-2.7263
67.30	-2.7261
67.30	-2.7264
67.30	-2.7264
67.30	-2.7266
67.31	-2.7267
67.31	-2.7267
67.31	-2.7267
67.32	-2.7269
67.32	-2.7271
67.32	-2.7273
67.32	-2.7274
67.32	-2.7276
67.33	-2.7277
67.33	-2.7278
67.33	-2.7278
67.33	-2.7280
67.33	-2.7281
67.34	-2.7280
67.34	-2.7281
67.35	-2.7283
67.35	-2.7284
67.35	-2.7282
67.35	-2.7284
67.35	-2.7287
67.36	-2.7286
67.36	-2.7288
67.37	-2.7289
67.37	-2.7289
67.37	-2.7289
67.37	-2.7293
67.38	-2.7293
67.38	-2.7293
67.38	-2.7293
67.38	-2.7297
67.39	-2.7297
67.39	-2.7296
67.39	-2.7299
67.39	-2.7297
67.39	-2.7299
67.39	-2.7303
67.39	-2.7301
67.39	-2.7303
67.40	-2.7304
67.40	-2.7306
67.41	-2.7307
67.41	-2.7307
67.41	-2.7311
67.42	-2.7311
67.42	-2.7313
67.42	-2.7313
67.42	-2.7315
67.43	-2.7315
67.43	-2.7316
67.43	-2.7316
67.43	-2.7318
67.43	-2.7319
67.44	-2.7318
67.44	-2.7320
67.45	-2.7319
67.45	-2.7322
67.45	-2.7322
67.45	-2.7324
67.45	-2.7323
67.46	-2.7328
67.46	-2.7325
67.47	-2.7328
67.47	-2.7329
67.47	-2.7330
67.47	-2.7329
67.47	-2.7333
67.47	-2.7332
67.47	-2.7332
67.48	-2.7333
67.48	-2.7335
67.48	-2.7335
67.49	-2.7335
67.49	-2.7338
67.50	-2.7337
67.50	-2.7339
67.50	-2.7335
67.50	-2.7340
67.51	-2.7338
67.51	-2.7342
67.51	-2.7342
67.51	-2.7345
67.51	-2.7343
67.51	-2.7347
67.51	-2.7344
67.52	-2.7347
67.52	-2.7347
67.52	-2.7350
67.53	-2.7351
67.53	-2.7352
67.53	-2.7354
67.53	-2.7355
67.54	-2.7354
67.54	-2.7356
67.54	-2.7356
67.54	-2.7357
67.55	-2.7358
67.55	-2.7357
67.55	-2.7358
67.55	-2.7362
67.55	-2.7360
67.55	-2.7363
67.56	-2.7362
67.56	-2.7363
67.56	-2.7363
67.57	-2.7365
67.57	-2.7363
67.57	-2.7367
67.57	-2.7367
67.58	-2.7365
67.58	-2.7366
67.58	-2.7369
67.58	-2.7368
67.58	-2.7370
67.58	-2.7370
67.59	-2.7370
67.59	-2.7370
67.59	-2.7372
67.60	-2.7374
67.60	-2.7374
67.60	-2.7374
67.61	-2.7376
67.61	-2.7377
67.61	-2.7377
67.61	-2.7377
67.62	-2.7380
67.62	-2.7380
67.63	-2.7381
67.63	-2.7384
67.63	-2.7384
67.63	-2.7384
67.63	-2.7386
67.63	-2.7387
67.64	-2.7387
67.64	-2.7387
67.64	-2.7391
67.64	-2.7390
67.64	-2.7391
67.65	-2.7391
67.65	-2.7391
67.66	-2.7393
67.66	-2.7394
67.66	-2.7394
67.66	-2.7396
67.67	-2.7395
67.67	-2.7397
67.67	-2.7396
67.68	-2.7399
67.68	-2.7399
67.68	-2.7397
67.68	-2.7402
67.68	-2.7400
67.68	-2.7402
67.69	-2.7403
67.70	-2.7403
67.70	-2.7404
67.70	-2.7406
67.70	-2.7405
67.70	-2.7406
67.70	-2.7406
67.70	-2.7410
67.70	-2.7412
67.70	-2.7409
67.71	-2.7411
67.71	-2.7410
67.72	-2.7411
67.72	-2.7414
67.72	-2.7412
67.73	-2.7415
67.73	-2.7414
67.74	-2.7413
67.74	-2.7417
67.74	-2.7418
67.74	-2.7418
67.75	-2.7422
67.75	-2.7422
67.75	-2.7420
67.75	-2.7422
67.75	-2.7421
67.75	-2.7424
67.75	-2.7427
67.76	-2.7424
67.76	-2.7426
67.77	-2.7425
67.77	-2.7427
67.77	-2.7426
67.77	-2.7428
67.78	-2.7429
67.78	-2.7429
67.78	-2.7430
67.78	-2.7430
67.78	-2.7431
67.78	-2.7431
67.79	-2.7432
67.79	-2.7434
67.80	-2.7432
67.80	-2.7434
67.80	-2.7435
67.80	-2.7436
67.80	-2.7439
67.80	-2.7436
67.81	-2.7438
67.81	-2.7440
67.82	-2.7441
67.82	-2.7441
67.82	-2.7443
67.82	-2.7441
67.82	-2.7444
67.83	-2.7443
67.83	-2.7448
67.83	-2.7446
67.83	-2.7447
67.83	-2.7448
67.84	-2.7450
67.84	-2.7451
67.84	-2.7451
67.85	-2.7452
67.85	-2.7452
67.85	-2.7453
67.85	-2.7452
67.85	-2.7455
67.85	-2.7457
67.86	-2.7457
67.86	-2.7460
67.86	-2.7457
67.87	-2.7459
67.87	-2.7461
67.88	-2.7460
67.88	-2.7463
67.88	-2.7461
67.88	-2.7463
67.88	-2.7464
67.89	-2.7464
67.89	-2.7465
67.89	-2.7465
67.89	-2.7465
67.89	-2.7467
67.89	-2.7465
67.89	-2.7469
67.90	-2.7468
67.91	-2.7471
67.91	-2.7467
67.91	-2.7471
67.92	-2.7472
67.92	-2.7471
67.92	-2.7474
67.92	-2.7471
67.92	-2.7474
67.93	-2.7473
67.93	-2.7475
67.93	-2.7474
67.94	-2.7475
67.95	-2.7477
67.95	-2.7475
67.95	-2.7474
67.95	-2.7476
67.95	-2.7478
67.95	-2.7477
67.95	-2.7478
67.95	-2.7478
67.95	-2.7478
67.95	-2.7480
67.96	-2.7479
67.96	-2.7480
67.96	-2.7483
67.97	-2.7481
67.97	-2.7482
67.97	-2.7483
67.98	-2.7485
67.98	-2.7484
67.98	-2.7486
67.98	-2.7486
67.99	-2.7486
67.99	-2.7484
67.99	-2.7489
67.99	-2.7486
68.00	-2.7488
68.00	-2.7489
68.00	-2.7488
68.00	-2.7489
68.00	-2.7493
68.00	-2.7489
68.01	-2.7493
68.01	-2.7490
68.01	-2.7492
68.01	-2.7492
68.02	-2.7496
68.02	-2.7491
68.02	-2.7493
68.03	-2.7492
68.03	-2.7495
68.03	-2.7494
68.03	-2.7496
68.03	-2.7498
68.04	-2.7493
68.04	-2.7496
68.05	-2.7498
68.05	-2.7500
68.05	-2.7498
68.05	-2.7498
68.06	-2.7499
68.06	-2.7499
68.06	-2.7499
68.07	-2.7501
68.07	-2.7500
68.07	-2.7502
68.07	-2.7503
68.07	-2.7502
68.07	-2.7505
68.07	-2.7505
68.08	-2.7506
68.08	-2.7506
68.08	-2.7507
68.08	-2.7508
68.08	-2.7507
68.08	-2.7508
68.09	-2.7510
68.09	-2.7511
68.09	-2.7511
68.10	-2.7510
68.10	-2.7511
68.10	-2.7511
68.11	-2.7511
68.11	-2.7512
68.11	-2.7514
68.12	-2.7514
68.12	-2.7515
68.12	-2.7514
68.12	-2.7517
68.13	-2.7516
68.13	-2.7518
68.13	-2.7518
68.13	-2.7519
68.14	-2.7519
68.14	-2.7521
68.14	-2.7522
68.14	-2.7523
68.14	-2.7522
68.14	-2.7521
68.15	-2.7523
68.16	-2.7522
68.16	-2.7522
68.16	-2.7527
68.17	-2.7526
68.17	-2.7527
68.17	-2.7526
68.17	-2.7526
68.17	-2.7528
68.17	-2.7530
68.17	-2.7532
68.18	-2.7530
68.18	-2.7531
68.18	-2.7531
68.19	-2.7531
68.19	-2.7534
68.19	-2.7533
68.19	-2.7534
68.19	-2.7533
68.20	-2.7534
68.20	-2.7537
68.20	-2.7536
68.20	-2.7539
68.21	-2.7538
68.21	-2.7539
68.21	-2.7538
68.21	-2.7537
68.22	-2.7540
68.22	-2.7539
68.22	-2.7541
68.22	-2.7542
68.23	-2.7541
68.23	-2.7542
68.24	-2.7542
68.24	-2.7542
68.25	-2.7544
68.25	-2.7544
68.25	-2.7543
68.25	-2.7548
68.25	-2.7545
68.25	-2.7545
68.25	-2.7547
68.26	-2.7545
68.26	-2.7548
68.26	-2.7546
68.26	-2.7548
68.26	-2.7549
68.26	-2.7550
68.27	-2.7551
68.27	-2.7550
68.28	-2.7552
68.28	-2.7551
68.28	-2.7552
68.29	-2.7551
68.29	-2.7552
68.29	-2.7550
68.29	-2.7553
68.30	-2.7553
68.30	-2.7553
68.30	-2.7554
68.31	-2.7552
68.31	-2.7556
68.31	-2.7555
68.31	-2.7558
68.31	-2.7556
68.32	-2.7559
68.32	-2.7557
68.32	-2.7559
68.32	-2.7560
68.33	-2.7560
68.33	-2.7561
68.33	-2.7562
68.33	-2.7562
68.33	-2.7562
68.33	-2.7561
68.34	-2.7564
68.34	-2.7562
68.34	-2.7563
68.35	-2.7565
68.35	-2.7565
68.36	-2.7563
68.36	-2.7566
68.36	-2.7565
68.36	-2.7567
68.36	-2.7565
68.37	-2.7565
68.37	-2.7566
68.37	-2.7567
68.38	-2.7568
68.38	-2.7567
68.38	-2.7570
68.38	-2.7568
68.38	-2.7569
68.38	-2.7571
68.38	-2.7570
68.38	-2.7572
68.39	-2.7570
68.39	-2.7571
68.39	-2.7571
68.39	-2.7573
68.40	-2.7574
68.41	-2.7574
68.41	-2.7574
68.41	-2.7574
68.42	-2.7574
68.42	-2.7572
68.42	-2.7572
68.42	-2.7575
68.42	-2.7573
68.42	-2.7574
68.42	-2.7575
68.42	-2.7577
68.43	-2.7575
68.43	-2.7576
68.44	-2.7575
68.44	-2.7577
68.44	-2.7577
68.45	-2.7578
68.45	-2.7577
68.45	-2.7578
68.45	-2.7577
68.46	-2.7579
68.46	-2.7580
68.46	-2.7579
68.46	-2.7581
68.47	-2.7579
68.47	-2.7580
68.48	-2.7581
68.48	-2.7581
68.48	-2.7581
68.48	-2.7582
68.48	-2.7583
68.49	-2.7583
68.49	-2.7585
68.49	-2.7585
68.49	-2.7585
68.50	-2.7585
68.50	-2.7584
68.50	-2.7587
68.50	-2.7587
68.50	-2.7589
68.50	-2.7587
68.51	-2.7588
68.51	-2.7587
68.51	-2.7588
68.52	-2.7587
68.52	-2.7589
68.52	-2.7588
68.53	-2.7589
68.53	-2.7588
68.53	-2.7591
68.53	-2.7590
68.53	-2.7589
68.54	-2.7592
68.54	-2.7591
68.54	-2.7594
68.54	-2.7592
68.55	-2.7593
68.55	-2.7594
68.55	-2.7596
68.55	-2.7597
68.55	-2.7597
68.56	-2.7595
68.56	-2.7598
68.56	-2.7599
68.57	-2.7599
68.57	-2.7599
68.57	-2.7601
68.57	-2.7601
68.58	-2.7604
68.58	-2.7603
68.58	-2.7604
68.58	-2.7603
68.58	-2.7606
68.58	-2.7605
68.58	-2.7604
68.59	-2.7605
68.59	-2.7606
68.59	-2.7608
68.60	-2.7607
68.60	-2.7611
68.60	-2.7608
68.61	-2.7613
68.62	-2.7610
68.62	-2.7611
68.62	-2.7612
68.62	-2.7613
68.62	-2.7612
68.63	-2.7613
68.63	-2.7612
68.63	-2.7614
68.63	-2.7615
68.63	-2.7617
68.63	-2.7616
68.63	-2.7616
68.64	-2.7615
68.64	-2.7617
68.64	-2.7616
68.64	-2.7616
68.65	-2.7617
68.65	-2.7618
68.65	-2.7621
68.66	-2.7620
68.66	-2.7620
68.67	-2.7622
68.66	-2.7621
68.67	-2.7624
68.67	-2.7622
68.67	-2.7624
68.67	-2.7624
68.68	-2.7625
68.68	-2.7625
68.69	-2.7625
68.69	-2.7626
68.69	-2.7625
68.69	-2.7626
68.69	-2.7626
68.70	-2.7626
68.70	-2.7627
68.70	-2.7627
68.70	-2.7629
68.70	-2.7628
68.70	-2.7629
68.71	-2.7628
68.71	-2.7630
68.72	-2.7629
68.72	-2.7631
68.72	-2.7630
68.73	-2.7632
68.73	-2.7632
68.73	-2.7633
68.73	-2.7633
68.73	-2.7635
68.73	-2.7635
68.73	-2.7638
68.74	-2.7635
68.74	-2.7638
68.74	-2.7638
68.75	-2.7640
68.75	-2.7640
68.75	-2.7640
68.75	-2.7641
68.76	-2.7639
68.76	-2.7641
68.76	-2.7639
68.77	-2.7643
68.77	-2.7643
68.77	-2.7643
68.77	-2.7642
68.78	-2.7644
68.78	-2.7642
68.78	-2.7644
68.78	-2.7646
68.78	-2.7645
68.79	-2.7644
68.79	-2.7647
68.80	-2.7644
68.80	-2.7645
68.80	-2.7646
68.80	-2.7645
68.81	-2.7646
68.81	-2.7648
68.81	-2.7647
68.81	-2.7648
68.82	-2.7652
68.82	-2.7648
68.82	-2.7653
68.82	-2.7652
68.82	-2.7654
68.83	-2.7652
68.83	-2.7653
68.83	-2.7655
68.83	-2.7654
68.83	-2.7655
68.84	-2.7655
68.84	-2.7653
68.84	-2.7654
68.84	-2.7654
68.85	-2.7655
68.85	-2.7655
68.85	-2.7657
68.85	-2.7655
68.86	-2.7657
68.86	-2.7655
68.86	-2.7658
68.86	-2.7656
68.86	-2.7658
68.86	-2.7656
68.86	-2.7659
68.86	-2.7659
68.87	-2.7658
68.88	-2.7661
68.88	-2.7661
68.88	-2.7661
68.89	-2.7659
68.89	-2.7661
68.89	-2.7660
68.89	-2.7659
68.89	-2.7660
68.90	-2.7663
68.90	-2.7663
68.90	-2.7664
68.91	-2.7664
68.91	-2.7665
68.91	-2.7664
68.91	-2.7664
68.91	-2.7667
68.91	-2.7665
68.92	-2.7665
68.92	-2.7666
68.92	-2.7668
68.93	-2.7665
68.93	-2.7668
68.93	-2.7668
68.93	-2.7669
68.94	-2.7671
68.94	-2.7671
68.94	-2.7670
68.95	-2.7669
68.95	-2.7671
68.95	-2.7672
68.95	-2.7671
68.95	-2.7670
68.96	-2.7672
68.96	-2.7674
68.96	-2.7673
68.97	-2.7672
68.97	-2.7674
68.97	-2.7673
68.98	-2.7677
68.98	-2.7676
68.98	-2.7674
68.98	-2.7675
68.98	-2.7676
68.98	-2.7677
68.99	-2.7678
68.99	-2.7677
68.99	-2.7679
68.99	-2.7680
69.00	-2.7684
69.00	-2.7681
69.00	-2.7683
69.00	-2.7683
69.01	-2.7682
69.01	-2.7684
69.01	-2.7684
69.01	-2.7685
69.02	-2.7687
69.02	-2.7687
69.02	-2.7687
69.02	-2.7688
69.03	-2.7687
69.03	-2.7688
69.04	-2.7688
69.04	-2.7692
69.04	-2.7691
69.04	-2.7690
69.04	-2.7692
69.04	-2.7691
69.05	-2.7691
69.05	-2.7692
69.05	-2.7695
69.06	-2.7693
69.06	-2.7693
69.06	-2.7693
69.07	-2.7694
69.07	-2.7696
69.07	-2.7697
69.07	-2.7696
69.08	-2.7697
69.08	-2.7695
69.08	-2.7694
69.08	-2.7697
69.08	-2.7697
69.09	-2.7699
69.09	-2.7698
69.09	-2.7698
69.09	-2.7699
69.09	-2.7698
69.10	-2.7698
69.10	-2.7698
69.10	-2.7699
69.10	-2.7699
69.10	-2.7701
69.11	-2.7701
69.11	-2.7701
69.11	-2.7702
69.12	-2.7702
69.12	-2.7704
69.13	-2.7702
69.13	-2.7703
69.13	-2.7702
69.13	-2.7704
69.13	-2.7703
69.13	-2.7704
69.14	-2.7705
69.14	-2.7705
69.14	-2.7705
69.14	-2.7705
69.14	-2.7708
69.15	-2.7707
69.15	-2.7706
69.15	-2.7708
69.15	-2.7709
69.16	-2.7706
69.16	-2.7710
69.16	-2.7708
69.17	-2.7708
69.17	-2.7710
69.17	-2.7710
69.17	-2.7713
69.18	-2.7712
69.19	-2.7712
69.19	-2.7713
69.19	-2.7712
69.19	-2.7713
69.19	-2.7715
69.20	-2.7715
69.20	-2.7715
69.20	-2.7716
69.20	-2.7715
69.20	-2.7720
69.20	-2.7716
69.20	-2.7716
69.20	-2.7718
69.21	-2.7720
69.22	-2.7720
69.22	-2.7719
69.23	-2.7720
69.23	-2.7721
69.23	-2.7719
69.23	-2.7720
69.23	-2.7722
69.23	-2.7720
69.24	-2.7720
69.24	-2.7720
69.24	-2.7722
69.24	-2.7723
69.24	-2.7722
69.25	-2.7723
69.25	-2.7722
69.25	-2.7722
69.25	-2.7722
69.25	-2.7722
69.26	-2.7721
69.26	-2.7722
69.27	-2.7725
69.27	-2.7725
69.27	-2.7722
69.27	-2.7723
69.28	-2.7725
69.28	-2.7727
69.28	-2.7723
69.28	-2.7727
69.28	-2.7727
69.28	-2.7727
69.29	-2.7727
69.29	-2.7727
69.29	-2.7727
69.30	-2.7725
69.30	-2.7728
69.30	-2.7726
69.30	-2.7726
69.30	-2.7728
69.31	-2.7728
69.31	-2.7729
69.31	-2.7729
69.32	-2.7727
69.32	-2.7730
69.32	-2.7730
69.33	-2.7729
69.33	-2.7731
69.33	-2.7730
69.33	-2.7731
69.33	-2.7732
69.34	-2.7732
69.34	-2.7731
69.34	-2.7731
69.34	-2.7733
69.35	-2.7736
69.35	-2.7736
69.35	-2.7736
69.36	-2.7733
69.36	-2.7736
69.37	-2.7734
69.37	-2.7736
69.37	-2.7737
69.37	-2.7737
69.37	-2.7736
69.38	-2.7738
69.38	-2.7737
69.38	-2.7740
69.38	-2.7740
69.39	-2.7740
69.39	-2.7740
69.39	-2.7740
69.39	-2.7740
69.39	-2.7741
69.39	-2.7743
69.40	-2.7742
69.40	-2.7741
69.40	-2.7742
69.41	-2.7742
69.41	-2.7742
69.42	-2.7742
69.42	-2.7743
69.42	-2.7745
69.42	-2.7745
69.42	-2.7745
69.43	-2.7745
69.43	-2.7746
69.43	-2.7747
69.43	-2.7748
69.44	-2.7748
69.44	-2.7751
69.44	-2.7748
69.44	-2.7749
69.45	-2.7749
69.45	-2.7753
69.45	-2.7752
69.45	-2.7752
69.46	-2.7752
69.46	-2.7753
69.46	-2.7752
69.46	-2.7752
69.46	-2.7752
69.46	-2.7754
69.46	-2.7754
69.47	-2.7754
69.48	-2.7754
69.48	-2.7754
69.48	-2.7756
69.48	-2.7756
69.48	-2.7756
69.49	-2.7757
69.49	-2.7760
69.49	-2.7758
69.50	-2.7759
69.50	-2.7760
69.50	-2.7760
69.50	-2.7760
69.50	-2.7762
69.51	-2.7762
69.51	-2.7762
69.51	-2.7764
69.52	-2.7764
69.52	-2.7763
69.52	-2.7764
69.52	-2.7763
69.53	-2.7766
69.53	-2.7764
69.53	-2.7766
69.53	-2.7766
69.53	-2.7764
69.54	-2.7765
69.54	-2.7765
69.55	-2.7766
69.55	-2.7765
69.55	-2.7767
69.55	-2.7771
69.55	-2.7767
69.55	-2.7770
69.55	-2.7767
69.56	-2.7770
69.56	-2.7766
69.56	-2.7769
69.57	-2.7766
69.57	-2.7771
69.57	-2.7771
69.57	-2.7772
69.57	-2.7772
69.58	-2.7771
69.58	-2.7772
69.58	-2.7773
69.58	-2.7773
69.59	-2.7772
69.59	-2.7771
69.59	-2.7773
69.60	-2.7776
69.60	-2.7775
69.60	-2.7774
69.60	-2.7773
69.60	-2.7773
69.61	-2.7772
69.61	-2.7773
69.62	-2.7774
69.62	-2.7774
69.62	-2.7774
69.63	-2.7776
69.63	-2.7775
69.63	-2.7776
69.63	-2.7775
69.63	-2.7775
69.63	-2.7778
69.64	-2.7777
69.64	-2.7778
69.64	-2.7778
69.64	-2.7777
69.64	-2.7779
69.65	-2.7778
69.65	-2.7779
69.65	-2.7780
69.66	-2.7781
69.66	-2.7781
69.66	-2.7781
69.67	-2.7780
69.67	-2.7782
69.67	-2.7782
69.67	-2.7781
69.67	-2.7784
69.68	-2.7782
69.68	-2.7783
69.68	-2.7784
69.69	-2.7785
69.69	-2.7785
69.69	-2.7785
69.69	-2.7785
69.69	-2.7786
69.70	-2.7785
69.70	-2.7788
69.70	-2.7787
69.70	-2.7788
69.70	-2.7787
69.71	-2.7789
69.71	-2.7788
69.71	-2.7790
69.72	-2.7789
69.73	-2.7790
69.73	-2.7789
69.73	-2.7791
69.73	-2.7790
69.73	-2.7790
69.73	-2.7788
69.74	-2.7788
69.74	-2.7789
69.74	-2.7789
69.74	-2.7791
69.74	-2.7790
69.75	-2.7792
69.75	-2.7791
69.75	-2.7790
69.75	-2.7793
69.75	-2.7793
69.75	-2.7794
69.76	-2.7793
69.76	-2.7792
69.76	-2.7794
69.76	-2.7795
69.77	-2.7797
69.77	-2.7798
69.77	-2.7796
69.77	-2.7797
69.78	-2.7798
69.78	-2.7800
69.78	-2.7800
69.78	-2.7799
69.79	-2.7800
69.79	-2.7798
69.80	-2.7801
69.80	-2.7799
69.80	-2.7801
69.80	-2.7801
69.80	-2.7802
69.80	-2.7801
69.81	-2.7801
69.81	-2.7801
69.81	-2.7804
69.81	-2.7802
69.82	-2.7805
69.82	-2.7804
69.82	-2.7804
69.83	-2.7807
69.83	-2.7805
69.83	-2.7807
69.83	-2.7808
69.84	-2.7807
69.84	-2.7806
69.84	-2.7806
69.84	-2.7808
69.84	-2.7807
69.85	-2.7809
69.85	-2.7808
69.85	-2.7808
69.86	-2.7807
69.86	-2.7811
69.86	-2.7808
69.86	-2.7808
69.87	-2.7809
69.87	-2.7806
69.87	-2.7811
69.88	-2.7807
69.88	-2.7806
69.88	-2.7807
69.88	-2.7809
69.88	-2.7809
69.89	-2.7810
69.89	-2.7810
69.89	-2.7811
69.89	-2.7811
69.89	-2.7812
69.90	-2.7810
69.90	-2.7810
69.90	-2.7812
69.91	-2.7811
69.91	-2.7813
69.91	-2.7814
69.91	-2.7812
69.92	-2.7814
69.92	-2.7816
69.92	-2.7815
69.92	-2.7814
69.92	-2.7814
69.93	-2.7814
69.93	-2.7814
69.93	-2.7818
69.93	-2.7817
69.94	-2.7816
69.94	-2.7816
69.95	-2.7818
69.95	-2.7817
69.95	-2.7819
69.95	-2.7816
69.96	-2.7817
69.95	-2.7817
69.95	-2.7819
69.96	-2.7819
69.96	-2.7819
69.97	-2.7820
69.97	-2.7822
69.97	-2.7822
69.98	-2.7821
69.98	-2.7823
69.98	-2.7823
69.98	-2.7820
69.99	-2.7824
69.99	-2.7823
69.99	-2.7824
69.99	-2.7824
70.00	-2.7826
70.00	-2.7826
70.00	-2.7826
70.00	-2.7829
70.01	-2.7828
70.01	-2.7829
70.01	-2.7828
70.02	-2.7828
70.02	-2.7830
70.02	-2.7829
70.02	-2.7830
70.02	-2.7829
70.03	-2.7832
70.03	-2.7829
70.03	-2.7831
70.03	-2.7832
70.03	-2.7831
70.04	-2.7829
70.04	-2.7831
70.05	-2.7832
70.04	-2.7830
70.05	-2.7831
70.05	-2.7832
70.05	-2.7830
70.06	-2.7833
70.06	-2.7832
70.06	-2.7832
70.06	-2.7831
70.06	-2.7833
70.07	-2.7831
70.07	-2.7832
70.07	-2.7830
70.07	-2.7834
70.08	-2.7834
70.08	-2.7832
70.08	-2.7831
70.09	-2.7833
70.09	-2.7833
70.09	-2.7833
70.09	-2.7833
70.09	-2.7831
70.10	-2.7832
70.10	-2.7833
70.10	-2.7831
70.10	-2.7834
70.10	-2.7830
70.11	-2.7832
70.11	-2.7831
70.11	-2.7835
70.11	-2.7833
70.12	-2.7833
70.12	-2.7833
70.13	-2.7834
70.13	-2.7834
70.13	-2.7836
70.13	-2.7834
70.14	-2.7833
70.14	-2.7834
70.14	-2.7833
70.14	-2.7835
70.14	-2.7833
70.14	-2.7833
70.15	-2.7836
70.15	-2.7836
70.16	-2.7836
70.16	-2.7835
70.16	-2.7836
70.16	-2.7834
70.17	-2.7834
70.17	-2.7834
70.17	-2.7835
70.17	-2.7836
70.17	-2.7836
70.17	-2.7838
70.18	-2.7836
70.18	-2.7836
70.19	-2.7836
70.19	-2.7838
70.19	-2.7836
70.19	-2.7836
70.20	-2.7838
70.20	-2.7838
70.20	-2.7838
70.20	-2.7838
70.20	-2.7839
70.20	-2.7839
70.20	-2.7840
70.20	-2.7839
70.21	-2.7840
70.21	-2.7841
70.22	-2.7837
70.22	-2.7839
70.23	-2.7841
70.23	-2.7841
70.23	-2.7840
70.23	-2.7842
70.23	-2.7840
70.24	-2.7842
70.24	-2.7843
70.24	-2.7840
70.25	-2.7841
70.25	-2.7843
70.25	-2.7841
70.25	-2.7840
70.25	-2.7842
70.25	-2.7839
70.26	-2.7841
70.26	-2.7843
70.27	-2.7841
70.27	-2.7840
70.27	-2.7840
70.27	-2.7843
70.28	-2.7843
70.28	-2.7840
70.28	-2.7844
70.28	-2.7843
70.28	-2.7842
70.28	-2.7841
70.29	-2.7843
70.29	-2.7842
70.29	-2.7844
70.30	-2.7844
70.30	-2.7842
70.30	-2.7844
70.30	-2.7842
70.31	-2.7843
70.31	-2.7846
70.31	-2.7844
70.31	-2.7844
70.32	-2.7846
70.32	-2.7846
70.33	-2.7844
70.33	-2.7846
70.33	-2.7847
70.33	-2.7847
70.34	-2.7848
70.34	-2.7846
70.34	-2.7848
70.34	-2.7848
70.34	-2.7847
70.34	-2.7848
70.35	-2.7847
70.35	-2.7850
70.35	-2.7851
70.35	-2.7849
70.35	-2.7851
70.36	-2.7852
70.36	-2.7853
70.36	-2.7852
70.37	-2.7851
70.37	-2.7851
70.37	-2.7854
70.38	-2.7853
70.38	-2.7854
70.38	-2.7855
70.38	-2.7854
70.39	-2.7854
70.39	-2.7856
70.39	-2.7853
70.39	-2.7853
70.39	-2.7855
70.40	-2.7854
70.40	-2.7854
70.40	-2.7855
70.41	-2.7857
70.41	-2.7856
70.41	-2.7856
70.42	-2.7856
70.42	-2.7858
70.42	-2.7860
70.42	-2.7860
70.42	-2.7858
70.43	-2.7858
70.43	-2.7859
70.43	-2.7858
70.43	-2.7861
70.44	-2.7860
70.44	-2.7861
70.44	-2.7859
70.45	-2.7863
70.45	-2.7862
70.45	-2.7864
70.45	-2.7862
70.45	-2.7864
70.45	-2.7865
70.45	-2.7865
70.46	-2.7866
70.46	-2.7867
70.47	-2.7868
70.47	-2.7871
70.48	-2.7867
70.48	-2.7867
70.48	-2.7866
70.48	-2.7871
70.48	-2.7867
70.49	-2.7870
70.49	-2.7870
70.49	-2.7870
70.50	-2.7871
70.50	-2.7870
70.50	-2.7870
70.50	-2.7871
70.50	-2.7874
70.50	-2.7871
70.50	-2.7872
70.51	-2.7873
70.51	-2.7872
70.51	-2.7872
70.51	-2.7870
70.52	-2.7875
70.52	-2.7873
70.52	-2.7874
70.52	-2.7876
70.53	-2.7875
70.53	-2.7875
70.53	-2.7875
70.53	-2.7878
70.54	-2.7876
70.54	-2.7877
70.55	-2.7878
70.55	-2.7881
70.55	-2.7879
70.55	-2.7882
70.56	-2.7882
70.56	-2.7882
70.56	-2.7884
70.56	-2.7883
70.56	-2.7886
70.56	-2.7886
70.57	-2.7888
70.57	-2.7887
70.57	-2.7888
70.58	-2.7890
70.58	-2.7889
70.58	-2.7891
70.58	-2.7892
70.59	-2.7892
70.59	-2.7894
70.59	-2.7894
70.59	-2.7896
70.59	-2.7896
70.59	-2.7896
70.60	-2.7895
70.60	-2.7897
70.60	-2.7898
70.61	-2.7899
70.61	-2.7897
70.62	-2.7900
70.62	-2.7901
70.62	-2.7904
70.62	-2.7901
70.62	-2.7903
70.63	-2.7904
70.63	-2.7905
70.63	-2.7903
70.63	-2.7907
70.63	-2.7906
70.63	-2.7908
70.64	-2.7908
70.64	-2.7906
70.64	-2.7909
70.64	-2.7907
70.64	-2.7908
70.65	-2.7908
70.65	-2.7908
70.65	-2.7911
70.65	-2.7912
70.66	-2.7912
70.66	-2.7912
70.66	-2.7912
70.66	-2.7913
70.67	-2.7911
70.67	-2.7915
70.67	-2.7914
70.67	-2.7915
70.67	-2.7916
70.68	-2.7916
70.68	-2.7917
70.69	-2.7916
70.69	-2.7916
70.70	-2.7917
70.70	-2.7916
70.70	-2.7917
70.70	-2.7917
70.70	-2.7918
70.71	-2.7918
70.71	-2.7920
70.71	-2.7920
70.71	-2.7920
70.72	-2.7920
70.72	-2.7922
70.72	-2.7920
70.72	-2.7922
70.73	-2.7922
70.73	-2.7923
70.73	-2.7923
70.74	-2.7923
70.74	-2.7923
70.74	-2.7925
70.74	-2.7926
70.74	-2.7927
70.75	-2.7924
70.75	-2.7925
70.75	-2.7924
70.76	-2.7927
70.76	-2.7927
70.76	-2.7928
70.76	-2.7928
70.76	-2.7929
70.77	-2.7928
70.77	-2.7929
70.77	-2.7927
70.77	-2.7929
70.77	-2.7930
70.78	-2.7931
70.78	-2.7932
70.78	-2.7932
70.78	-2.7932
70.78	-2.7934
70.79	-2.7934
70.79	-2.7934
70.80	-2.7935
70.80	-2.7938
70.80	-2.7937
70.80	-2.7936
70.81	-2.7938
70.81	-2.7939
70.82	-2.7938
70.82	-2.7940
70.82	-2.7939
70.82	-2.7941
70.82	-2.7940
70.82	-2.7940
70.83	-2.7939
70.83	-2.7941
70.83	-2.7939
70.83	-2.7942
70.84	-2.7943
70.84	-2.7940
70.84	-2.7943
70.84	-2.7942
70.84	-2.7942
70.85	-2.7942
70.85	-2.7942
70.85	-2.7944
70.85	-2.7942
70.85	-2.7943
70.86	-2.7943
70.86	-2.7942
70.86	-2.7943
70.87	-2.7943
70.87	-2.7944
70.87	-2.7947
70.88	-2.7944
70.88	-2.7944
70.88	-2.7946
70.89	-2.7944
70.89	-2.7946
70.89	-2.7948
70.89	-2.7949
70.89	-2.7949
70.89	-2.7948
70.89	-2.7949
70.90	-2.7951
70.90	-2.7951
70.90	-2.7951
70.91	-2.7951
70.91	-2.7952
70.92	-2.7951
70.92	-2.7953
70.92	-2.7954
70.92	-2.7954
70.92	-2.7956
70.93	-2.7955
70.93	-2.7956
70.94	-2.7956
70.94	-2.7957
70.94	-2.7957
70.95	-2.7957
70.95	-2.7959
70.95	-2.7961
70.95	-2.7960
70.95	-2.7963
70.95	-2.7961
70.95	-2.7960
70.95	-2.7962
70.96	-2.7964
70.96	-2.7965
70.97	-2.7965
70.97	-2.7966
70.97	-2.7966
70.97	-2.7965
70.97	-2.7967
70.98	-2.7968
70.98	-2.7967
70.98	-2.7968
70.98	-2.7968
70.98	-2.7967
70.99	-2.7966
70.99	-2.7969
70.99	-2.7969
70.99	-2.7972
71.00	-2.7971
71.00	-2.7972
71.00	-2.7974
71.00	-2.7972
71.01	-2.7974
71.01	-2.7974
71.01	-2.7973
71.02	-2.7974
71.02	-2.7975
71.02	-2.7974
71.03	-2.7974
71.03	-2.7975
71.03	-2.7976
71.03	-2.7976
71.04	-2.7977
71.04	-2.7978
71.04	-2.7977
71.05	-2.7979
71.05	-2.7980
71.05	-2.7981
71.05	-2.7980
71.05	-2.7984
71.05	-2.7983
71.05	-2.7982
71.06	-2.7982
71.06	-2.7984
71.06	-2.7985
71.06	-2.7984
71.07	-2.7984
71.07	-2.7985
71.07	-2.7986
71.07	-2.7987
71.08	-2.7987
71.08	-2.7989
71.08	-2.7988
71.08	-2.7989
71.09	-2.7992
71.09	-2.7989
71.09	-2.7989
71.09	-2.7989
71.09	-2.7993
71.10	-2.7992
71.10	-2.7990
71.10	-2.7990
71.10	-2.7993
71.11	-2.7992
71.11	-2.7994
71.12	-2.7992
71.12	-2.7997
71.12	-2.7994
71.12	-2.7993
71.13	-2.7995
71.13	-2.7997
71.13	-2.7997
71.13	-2.7997
71.14	-2.8000
71.14	-2.7998
71.15	-2.7998
71.15	-2.8001
71.15	-2.8000
71.15	-2.8001
71.15	-2.7999
71.15	-2.8001
71.15	-2.8002
71.15	-2.8001
71.15	-2.8004
71.16	-2.8003
71.16	-2.8004
71.17	-2.8003
71.17	-2.8005
71.17	-2.8005
71.17	-2.8005
71.17	-2.8004
71.18	-2.8005
71.18	-2.8006
71.19	-2.8008
71.19	-2.8007
71.19	-2.8007
71.20	-2.8007
71.20	-2.8008
71.20	-2.8008
71.20	-2.8009
71.20	-2.8010
71.20	-2.8011
71.21	-2.8011
71.21	-2.8012
71.21	-2.8014
71.22	-2.8013
71.22	-2.8013
71.23	-2.8010
71.23	-2.8014
71.23	-2.8012
71.23	-2.8014
71.24	-2.8012
71.24	-2.8015
71.24	-2.8016
71.24	-2.8015
71.25	-2.8016
71.25	-2.8016
71.25	-2.8017
71.25	-2.8019
71.25	-2.8015
71.26	-2.8017
71.26	-2.8017
71.26	-2.8017
71.26	-2.8019
71.26	-2.8017
71.26	-2.8019
71.27	-2.8017
71.27	-2.8019
71.27	-2.8020
71.28	-2.8019
71.28	-2.8020
71.28	-2.8021
71.29	-2.8022
71.29	-2.8020
71.29	-2.8022
71.29	-2.8020
71.30	-2.8022
71.29	-2.8023
71.29	-2.8022
71.30	-2.8024
71.30	-2.8023
71.30	-2.8025
71.31	-2.8026
71.31	-2.8026
71.31	-2.8026
71.31	-2.8025
71.32	-2.8027
71.33	-2.8029
71.33	-2.8027
71.33	-2.8028
71.33	-2.8026
71.33	-2.8028
71.33	-2.8027
71.34	-2.8028
71.34	-2.8028
71.34	-2.8028
71.34	-2.8030
71.34	-2.8029
71.34	-2.8027
71.35	-2.8031
71.35	-2.8030
71.35	-2.8030
71.36	-2.8033
71.37	-2.8031
71.37	-2.8032
71.37	-2.8032
71.38	-2.8032
71.38	-2.8033
71.38	-2.8032
71.38	-2.8033
71.38	-2.8033
71.38	-2.8031
71.38	-2.8032
71.39	-2.8034
71.39	-2.8035
71.39	-2.8036
71.39	-2.8034
71.40	-2.8034
71.40	-2.8036
71.40	-2.8035
71.40	-2.8036
71.41	-2.8038
71.41	-2.8037
71.41	-2.8038
71.41	-2.8038
71.42	-2.8038
71.42	-2.8041
71.42	-2.8041
71.42	-2.8041
71.43	-2.8039
71.43	-2.8042
71.43	-2.8039
71.44	-2.8040
71.44	-2.8039
71.44	-2.8041
71.44	-2.8041
71.45	-2.8042
71.45	-2.8043
71.45	-2.8042
71.45	-2.8043
71.46	-2.8043
71.46	-2.8044
71.46	-2.8044
71.47	-2.8047
71.47	-2.8043
71.47	-2.8046
71.47	-2.8047
71.47	-2.8048
71.48	-2.8048
71.48	-2.8050
71.48	-2.8047
71.48	-2.8049
71.48	-2.8050
71.49	-2.8050
71.49	-2.8049
71.49	-2.8049
71.50	-2.8053
71.50	-2.8051
71.50	-2.8050
71.50	-2.8053
71.50	-2.8049
71.51	-2.8053
71.51	-2.8052
71.51	-2.8054
71.52	-2.8054
71.52	-2.8054
71.52	-2.8055
71.52	-2.8055
71.52	-2.8054
71.53	-2.8058
71.53	-2.8055
71.53	-2.8058
71.53	-2.8055
71.54	-2.8057
71.54	-2.8057
71.54	-2.8055
71.54	-2.8057
71.54	-2.8056
71.55	-2.8058
71.55	-2.8056
71.55	-2.8057
71.55	-2.8058
71.55	-2.8057
71.56	-2.8056
71.56	-2.8058
71.56	-2.8057
71.56	-2.8056
71.56	-2.8057
71.57	-2.8057
71.57	-2.8057
71.57	-2.8060
71.58	-2.8059
71.58	-2.8059
71.58	-2.8057
71.59	-2.8058
71.59	-2.8058
71.59	-2.8060
71.59	-2.8059
71.59	-2.8060
71.59	-2.8061
71.60	-2.8060
71.60	-2.8062
71.60	-2.8061
71.60	-2.8061
71.61	-2.8063
71.61	-2.8062
71.61	-2.8064
71.62	-2.8063
71.62	-2.8066
71.62	-2.8063
71.63	-2.8064
71.63	-2.8063
71.63	-2.8064
71.63	-2.8066
71.64	-2.8066
71.64	-2.8066
71.64	-2.8065
71.64	-2.8066
71.64	-2.8066
71.65	-2.8066
71.65	-2.8066
71.66	-2.8067
71.66	-2.8068
71.66	-2.8069
71.66	-2.8068
71.66	-2.8067
71.66	-2.8070
71.67	-2.8069
71.67	-2.8070
71.67	-2.8069
71.67	-2.8070
71.68	-2.8073
71.68	-2.8072
71.68	-2.8071
71.69	-2.8071
71.69	-2.8073
71.69	-2.8072
71.70	-2.8073
71.70	-2.8074
71.70	-2.8073
71.70	-2.8074
71.70	-2.8075
71.71	-2.8076
71.71	-2.8077
71.71	-2.8074
71.71	-2.8080
71.71	-2.8079
71.72	-2.8079
71.72	-2.8082
71.72	-2.8080
71.73	-2.8081
71.73	-2.8079
71.73	-2.8078
71.73	-2.8079
71.73	-2.8081
71.74	-2.8079
71.74	-2.8081
71.75	-2.8080
71.75	-2.8081
71.75	-2.8082
71.75	-2.8084
71.76	-2.8084
71.76	-2.8081
71.76	-2.8082
71.76	-2.8085
71.77	-2.8084
71.77	-2.8084
71.77	-2.8087
71.77	-2.8084
71.78	-2.8085
71.78	-2.8084
71.78	-2.8084
71.78	-2.8085
71.79	-2.8087
71.79	-2.8086
71.79	-2.8089
71.80	-2.8085
71.80	-2.8086
71.80	-2.8087
71.80	-2.8087
71.81	-2.8086
71.81	-2.8088
71.81	-2.8087
71.81	-2.8089
71.82	-2.8090
71.82	-2.8088
71.82	-2.8089
71.82	-2.8089
71.82	-2.8091
71.82	-2.8088
71.83	-2.8088
71.83	-2.8091
71.83	-2.8088
71.83	-2.8089
71.84	-2.8089
71.84	-2.8091
71.84	-2.8092
71.84	-2.8091
71.85	-2.8093
71.85	-2.8092
71.85	-2.8090
71.85	-2.8093
71.85	-2.8090
71.86	-2.8094
71.86	-2.8095
71.86	-2.8093
71.86	-2.8094
71.87	-2.8094
71.87	-2.8095
71.88	-2.8093
71.88	-2.8094
71.88	-2.8094
71.88	-2.8094
71.88	-2.8095
71.89	-2.8094
71.89	-2.8094
71.89	-2.8095
71.89	-2.8097
71.89	-2.8095
71.89	-2.8096
71.90	-2.8097
71.90	-2.8097
71.90	-2.8097
71.90	-2.8097
71.91	-2.8099
71.91	-2.8099
71.91	-2.8098
71.92	-2.8098
71.92	-2.8099
71.92	-2.8097
71.92	-2.8100
71.93	-2.8101
71.93	-2.8101
71.93	-2.8101
71.94	-2.8105
71.94	-2.8102
71.94	-2.8102
71.95	-2.8105
71.95	-2.8106
71.95	-2.8107
71.95	-2.8106
71.95	-2.8106
71.95	-2.8107
71.96	-2.8108
71.96	-2.8107
71.96	-2.8107
71.96	-2.8107
71.97	-2.8108
71.97	-2.8110
71.97	-2.8108
71.97	-2.8109
71.98	-2.8109
71.98	-2.8108
71.98	-2.8111
71.98	-2.8110
71.99	-2.8110
71.99	-2.8111
71.99	-2.8110
72.00	-2.8111
72.00	-2.8110
72.00	-2.8111
72.01	-2.8109
72.01	-2.8113
72.01	-2.8111
72.01	-2.8113
72.02	-2.8114
72.02	-2.8114
72.02	-2.8114
72.03	-2.8115
72.03	-2.8115
72.03	-2.8112
72.03	-2.8116
72.03	-2.8115
72.03	-2.8116
72.04	-2.8117
72.04	-2.8117
72.04	-2.8118
72.05	-2.8116
72.05	-2.8118
72.05	-2.8117
72.05	-2.8116
72.05	-2.8116
72.06	-2.8117
72.06	-2.8119
72.06	-2.8119
72.06	-2.8118
72.07	-2.8121
72.07	-2.8118
72.08	-2.8121
72.08	-2.8118
72.08	-2.8121
72.08	-2.8119
72.09	-2.8120
72.09	-2.8118
72.09	-2.8124
72.09	-2.8122
72.09	-2.8121
72.09	-2.8123
72.09	-2.8122
72.09	-2.8121
72.10	-2.8123
72.10	-2.8122
72.10	-2.8122
72.11	-2.8123
72.11	-2.8121
72.11	-2.8122
72.12	-2.8122
72.12	-2.8123
72.12	-2.8123
72.13	-2.8122
72.13	-2.8124
72.13	-2.8125
72.13	-2.8124
72.14	-2.8125
72.14	-2.8125
72.14	-2.8127
72.14	-2.8125
72.14	-2.8125
72.14	-2.8128
72.15	-2.8128
72.15	-2.8130
72.16	-2.8127
72.16	-2.8130
72.17	-2.8126
72.17	-2.8131
72.17	-2.8130
72.17	-2.8130
72.17	-2.8130
72.17	-2.8132
72.17	-2.8132
72.18	-2.8132
72.18	-2.8133
72.18	-2.8131
72.18	-2.8135
72.19	-2.8133
72.19	-2.8134
72.19	-2.8132
72.20	-2.8133
72.20	-2.8134
72.20	-2.8132
72.20	-2.8135
72.20	-2.8133
72.20	-2.8135
72.20	-2.8136
72.21	-2.8137
72.21	-2.8136
72.22	-2.8135
72.22	-2.8135
72.22	-2.8137
72.22	-2.8136
72.23	-2.8137
72.23	-2.8137
72.23	-2.8137
72.23	-2.8136
72.24	-2.8137
72.24	-2.8137
72.24	-2.8136
72.25	-2.8139
72.25	-2.8139
72.25	-2.8140
72.25	-2.8142
72.25	-2.8139
72.25	-2.8140
72.26	-2.8138
72.26	-2.8140
72.27	-2.8140
72.27	-2.8140
72.27	-2.8138
72.27	-2.8142
72.28	-2.8142
72.28	-2.8142
72.28	-2.8143
72.28	-2.8144
72.28	-2.8141
72.29	-2.8145
72.29	-2.8143
72.30	-2.8143
72.30	-2.8143
72.29	-2.8144
72.29	-2.8145
72.30	-2.8145
72.30	-2.8146
72.31	-2.8146
72.31	-2.8145
72.32	-2.8147
72.32	-2.8146
72.32	-2.8146
72.32	-2.8147
72.33	-2.8146
72.33	-2.8148
72.33	-2.8147
72.33	-2.8147
72.34	-2.8147
72.34	-2.8148
72.34	-2.8148
72.34	-2.8145
72.34	-2.8146
72.34	-2.8149
72.34	-2.8149
72.35	-2.8148
72.35	-2.8150
72.35	-2.8148
72.36	-2.8150
72.36	-2.8149
72.37	-2.8150
72.37	-2.8152
72.38	-2.8149
72.38	-2.8151
72.38	-2.8151
72.38	-2.8150
72.38	-2.8149
72.38	-2.8152
72.39	-2.8150
72.39	-2.8151
72.39	-2.8151
72.39	-2.8152
72.39	-2.8150
72.39	-2.8150
72.40	-2.8154
72.40	-2.8153
72.40	-2.8153
72.40	-2.8154
72.41	-2.8155
72.41	-2.8154
72.41	-2.8151
72.41	-2.8155
72.41	-2.8154
72.41	-2.8153
72.42	-2.8157
72.42	-2.8153
72.42	-2.8156
72.43	-2.8154
72.43	-2.8157
72.43	-2.8156
72.43	-2.8155
72.44	-2.8156
72.44	-2.8155
72.44	-2.8154
72.45	-2.8155
72.45	-2.8159
72.45	-2.8156
72.45	-2.8156
72.45	-2.8156
72.45	-2.8159
72.46	-2.8157
72.46	-2.8157
72.46	-2.8158
72.46	-2.8155
72.47	-2.8157
72.47	-2.8155
72.47	-2.8156
72.47	-2.8156
72.48	-2.8157
72.48	-2.8156
72.48	-2.8158
72.49	-2.8156
72.49	-2.8156
72.49	-2.8157
72.50	-2.8156
72.50	-2.8158
72.50	-2.8158
72.50	-2.8157
72.50	-2.8158
72.51	-2.8157
72.51	-2.8158
72.51	-2.8159
72.52	-2.8160
72.52	-2.8161
72.52	-2.8161
72.52	-2.8159
72.53	-2.8161
72.53	-2.8161
72.53	-2.8162
72.53	-2.8162
72.53	-2.8162
72.53	-2.8165
72.54	-2.8163
72.55	-2.8163
72.55	-2.8163
72.55	-2.8164
72.55	-2.8162
72.55	-2.8163
72.55	-2.8166
72.56	-2.8166
72.56	-2.8165
72.56	-2.8167
72.56	-2.8166
72.57	-2.8168
72.57	-2.8168
72.58	-2.8167
72.57	-2.8166
72.57	-2.8168
72.58	-2.8170
72.58	-2.8171
72.58	-2.8171
72.59	-2.8168
72.59	-2.8169
72.59	-2.8168
72.59	-2.8170
72.59	-2.8170
72.60	-2.8172
72.60	-2.8172
72.61	-2.8173
72.61	-2.8174
72.61	-2.8172
72.62	-2.8173
72.62	-2.8174
72.62	-2.8174
72.63	-2.8176
72.63	-2.8173
72.63	-2.8175
72.63	-2.8174
72.63	-2.8175
72.63	-2.8179
72.63	-2.8176
72.64	-2.8178
72.64	-2.8180
72.64	-2.8177
72.64	-2.8179
72.64	-2.8178
72.65	-2.8179
72.65	-2.8178
72.65	-2.8182
72.65	-2.8181
72.66	-2.8180
72.66	-2.8182
72.66	-2.8183
72.67	-2.8184
72.67	-2.8184
72.67	-2.8185
72.67	-2.8187
72.68	-2.8186
72.68	-2.8187
72.68	-2.8187
72.69	-2.8189
72.69	-2.8189
72.69	-2.8188
72.69	-2.8190
72.70	-2.8190
72.70	-2.8192
72.70	-2.8191
72.70	-2.8193
72.70	-2.8193
72.71	-2.8191
72.71	-2.8194
72.71	-2.8192
72.71	-2.8194
72.72	-2.8194
72.72	-2.8195
72.73	-2.8194
72.73	-2.8197
72.73	-2.8195
72.73	-2.8197
72.73	-2.8198
72.73	-2.8197
72.73	-2.8198
72.74	-2.8197
72.74	-2.8196
72.75	-2.8197
72.75	-2.8199
72.75	-2.8201
72.76	-2.8199
72.76	-2.8198
72.76	-2.8200
72.76	-2.8200
72.76	-2.8198
72.77	-2.8200
72.77	-2.8199
72.77	-2.8202
72.77	-2.8202
72.77	-2.8202
72.78	-2.8204
72.78	-2.8201
72.78	-2.8202
72.78	-2.8203
72.79	-2.8203
72.79	-2.8205
72.79	-2.8204
72.80	-2.8206
72.80	-2.8204
72.80	-2.8208
72.80	-2.8206
72.81	-2.8209
72.81	-2.8208
72.81	-2.8209
72.82	-2.8211
72.82	-2.8210
72.82	-2.8211
72.82	-2.8210
72.82	-2.8211
72.82	-2.8213
72.83	-2.8212
72.83	-2.8214
72.83	-2.8213
72.83	-2.8212
72.84	-2.8213
72.84	-2.8215
72.84	-2.8213
72.84	-2.8213
72.84	-2.8214
72.85	-2.8213
72.85	-2.8216
72.86	-2.8215
72.86	-2.8215
72.86	-2.8218
72.86	-2.8215
72.87	-2.8219
72.87	-2.8218
72.87	-2.8219
72.87	-2.8217
72.87	-2.8218
72.88	-2.8218
72.88	-2.8218
72.88	-2.8217
72.89	-2.8217
72.89	-2.8216
72.89	-2.8216
72.89	-2.8218
72.89	-2.8219
72.89	-2.8221
72.90	-2.8219
72.90	-2.8219
72.90	-2.8215
72.90	-2.8217
72.91	-2.8220
72.91	-2.8219
72.91	-2.8219
72.92	-2.8219
72.92	-2.8220
72.92	-2.8221
72.92	-2.8221
72.93	-2.8222
72.93	-2.8223
72.93	-2.8219
72.94	-2.8222
72.94	-2.8221
72.94	-2.8222
72.94	-2.8225
72.95	-2.8225
72.95	-2.8224
72.95	-2.8225
72.95	-2.8227
72.95	-2.8228
72.96	-2.8228
72.95	-2.8230
72.96	-2.8229
72.96	-2.8231
72.97	-2.8229
72.97	-2.8231
72.98	-2.8231
72.98	-2.8231
72.98	-2.8232
72.98	-2.8230
72.98	-2.8232
72.98	-2.8230
72.99	-2.8234
72.99	-2.8234
72.99	-2.8232
72.99	-2.8232
73.00	-2.8234
73.00	-2.8236
73.00	-2.8236
73.01	-2.8238
73.01	-2.8237
73.01	-2.8238
73.02	-2.8238
73.02	-2.8238
73.02	-2.8241
73.02	-2.8240
73.02	-2.8241
73.03	-2.8239
73.03	-2.8241
73.04	-2.8240
73.04	-2.8241
73.04	-2.8240
73.04	-2.8242
73.04	-2.8241
73.05	-2.8242
73.05	-2.8243
73.05	-2.8242
73.05	-2.8245
73.05	-2.8242
73.06	-2.8243
73.06	-2.8244
73.06	-2.8246
73.07	-2.8245
73.07	-2.8245
73.07	-2.8245
73.07	-2.8245
73.08	-2.8246
73.08	-2.8247
73.08	-2.8247
73.08	-2.8249
73.08	-2.8247
73.09	-2.8248
73.09	-2.8248
73.09	-2.8249
73.09	-2.8248
73.10	-2.8252
73.10	-2.8251
73.10	-2.8250
73.10	-2.8250
73.11	-2.8251
73.11	-2.8253
73.11	-2.8251
73.12	-2.8254
73.12	-2.8254
73.12	-2.8253
73.13	-2.8257
73.13	-2.8256
73.13	-2.8257
73.13	-2.8258
73.13	-2.8257
73.13	-2.8259
73.14	-2.8260
73.14	-2.8262
73.14	-2.8261
73.14	-2.8262
73.14	-2.8263
73.15	-2.8265
73.15	-2.8265
73.15	-2.8265
73.16	-2.8264
73.16	-2.8267
73.16	-2.8267
73.17	-2.8267
73.17	-2.8267
73.17	-2.8269
73.17	-2.8270
73.17	-2.8272
73.17	-2.8271
73.18	-2.8271
73.18	-2.8274
73.18	-2.8273
73.18	-2.8274
73.19	-2.8275
73.19	-2.8274
73.20	-2.8279
73.20	-2.8276
73.20	-2.8278
73.20	-2.8279
73.20	-2.8278
73.21	-2.8279
73.22	-2.8277
73.22	-2.8278
73.22	-2.8280
73.22	-2.8279
73.22	-2.8278
73.22	-2.8278
73.23	-2.8280
73.23	-2.8279
73.23	-2.8280
73.23	-2.8280
73.23	-2.8282
73.23	-2.8281
73.24	-2.8283
73.24	-2.8282
73.25	-2.8282
73.25	-2.8282
73.25	-2.8283
73.25	-2.8283
73.25	-2.8282
73.25	-2.8282
73.26	-2.8284
73.26	-2.8284
73.26	-2.8287
73.27	-2.8285
73.27	-2.8286
73.27	-2.8286
73.28	-2.8287
73.28	-2.8287
73.28	-2.8285
73.28	-2.8289
73.29	-2.8288
73.29	-2.8288
73.29	-2.8288
73.29	-2.8290
73.29	-2.8290
73.30	-2.8291
73.30	-2.8292
73.30	-2.8290
73.30	-2.8292
73.30	-2.8292
73.31	-2.8291
73.31	-2.8292
73.31	-2.8294
73.31	-2.8293
73.31	-2.8292
73.32	-2.8293
73.32	-2.8292
73.33	-2.8294
73.33	-2.8296
73.33	-2.8295
73.33	-2.8295
73.33	-2.8297
73.34	-2.8296
73.34	-2.8297
73.34	-2.8298
73.34	-2.8297
73.34	-2.8298
73.34	-2.8299
73.35	-2.8298
73.36	-2.8299
73.36	-2.8299
73.36	-2.8300
73.36	-2.8301
73.36	-2.8300
73.37	-2.8301
73.37	-2.8302
73.37	-2.8302
73.38	-2.8302
73.38	-2.8302
73.38	-2.8304
73.38	-2.8303
73.38	-2.8305
73.39	-2.8306
73.39	-2.8305
73.39	-2.8305
73.39	-2.8306
73.39	-2.8306
73.40	-2.8306
73.40	-2.8305
73.41	-2.8305
73.41	-2.8305
73.41	-2.8306
73.42	-2.8307
73.42	-2.8307
73.42	-2.8308
73.42	-2.8307
73.42	-2.8305
73.42	-2.8309
73.43	-2.8308
73.43	-2.8310
73.43	-2.8307
73.43	-2.8307
73.43	-2.8308
73.44	-2.8307
73.44	-2.8311
73.44	-2.8309
73.45	-2.8310
73.45	-2.8309
73.45	-2.8312
73.45	-2.8310
73.45	-2.8312
73.45	-2.8314
73.45	-2.8311
73.45	-2.8312
73.46	-2.8311
73.47	-2.8313
73.47	-2.8312
73.48	-2.8310
73.48	-2.8313
73.48	-2.8312
73.49	-2.8312
73.49	-2.8313
73.49	-2.8312
73.49	-2.8312
73.49	-2.8314
73.50	-2.8313
73.50	-2.8313
73.50	-2.8316
73.50	-2.8314
73.50	-2.8314
73.50	-2.8314
73.51	-2.8315
73.51	-2.8316
73.51	-2.8312
73.52	-2.8314
73.53	-2.8315
73.53	-2.8315
73.53	-2.8316
73.53	-2.8314
73.53	-2.8316
73.54	-2.8317
73.54	-2.8317
73.54	-2.8317
73.54	-2.8316
73.54	-2.8315
73.55	-2.8317
73.55	-2.8317
73.55	-2.8319
73.55	-2.8319
73.56	-2.8319
73.56	-2.8319
73.56	-2.8319
73.56	-2.8318
73.56	-2.8321
73.57	-2.8319
73.57	-2.8319
73.57	-2.8322
73.58	-2.8322
73.58	-2.8321
73.58	-2.8321
73.58	-2.8320
73.58	-2.8320
73.59	-2.8320
73.59	-2.8322
73.59	-2.8321
73.59	-2.8321
73.59	-2.8323
73.60	-2.8321
73.60	-2.8323
73.60	-2.8323
73.60	-2.8321
73.60	-2.8323
73.60	-2.8322
73.61	-2.8320
73.61	-2.8322
73.62	-2.8323
73.62	-2.8324
73.62	-2.8326
73.63	-2.8323
73.63	-2.8324
73.63	-2.8324
73.63	-2.8326
73.63	-2.8327
73.64	-2.8328
73.64	-2.8326
73.64	-2.8328
73.65	-2.8328
73.65	-2.8328
73.65	-2.8328
73.65	-2.8331
73.65	-2.8331
73.66	-2.8333
73.66	-2.8331
73.67	-2.8330
73.67	-2.8332
73.67	-2.8333
73.67	-2.8333
73.68	-2.8336
73.68	-2.8332
73.68	-2.8333
73.68	-2.8334
73.69	-2.8334
73.69	-2.8334
73.69	-2.8333
73.69	-2.8333
73.70	-2.8333
73.70	-2.8336
73.70	-2.8335
73.70	-2.8337
73.71	-2.8335
73.71	-2.8335
73.71	-2.8335
73.72	-2.8336
73.72	-2.8335
73.72	-2.8335
73.72	-2.8335
73.72	-2.8337
73.73	-2.8336
73.73	-2.8336
73.73	-2.8336
73.73	-2.8336
73.73	-2.8338
73.73	-2.8336
73.74	-2.8336
73.74	-2.8336
73.74	-2.8337
73.75	-2.8337
73.75	-2.8339
73.75	-2.8337
73.76	-2.8337
73.76	-2.8337
73.76	-2.8338
73.77	-2.8336
73.77	-2.8337
73.78	-2.8338
73.78	-2.8338
73.78	-2.8338
73.78	-2.8340
73.78	-2.8340
73.78	-2.8341
73.79	-2.8338
73.79	-2.8341
73.79	-2.8340
73.79	-2.8339
73.80	-2.8340
73.80	-2.8342
73.80	-2.8341
73.80	-2.8342
73.80	-2.8342
73.80	-2.8344
73.80	-2.8344
73.81	-2.8341
73.81	-2.8344
73.81	-2.8344
73.82	-2.8344
73.82	-2.8346
73.83	-2.8345
73.83	-2.8344
73.84	-2.8346
73.84	-2.8346
73.84	-2.8349
73.84	-2.8346
73.84	-2.8347
73.84	-2.8348
73.84	-2.8351
73.84	-2.8350
73.84	-2.8350
73.85	-2.8351
73.85	-2.8352
73.85	-2.8352
73.85	-2.8353
73.85	-2.8352
73.86	-2.8353
73.87	-2.8354
73.87	-2.8353
73.87	-2.8356
73.87	-2.8353
73.88	-2.8355
73.88	-2.8354
73.88	-2.8353
73.88	-2.8354
73.89	-2.8353
73.89	-2.8355
73.89	-2.8355
73.89	-2.8357
73.89	-2.8357
73.90	-2.8359
73.90	-2.8361
73.90	-2.8360
73.90	-2.8362
73.91	-2.8360
73.91	-2.8363
73.91	-2.8362
73.91	-2.8364
73.92	-2.8364
73.92	-2.8362
73.92	-2.8365
73.93	-2.8366
73.93	-2.8366
73.93	-2.8366
73.94	-2.8365
73.94	-2.8365
73.94	-2.8367
73.94	-2.8366
73.95	-2.8367
73.95	-2.8368
73.95	-2.8368
73.95	-2.8369
73.95	-2.8368
73.96	-2.8369
73.96	-2.8368
73.96	-2.8370
73.96	-2.8369
73.97	-2.8369
73.97	-2.8370
73.97	-2.8371
73.97	-2.8369
73.98	-2.8368
73.98	-2.8370
73.98	-2.8370
73.98	-2.8367
73.99	-2.8370
73.99	-2.8369
74.00	-2.8370
74.00	-2.8369
74.00	-2.8374
74.01	-2.8373
74.01	-2.8375
74.01	-2.8377
74.01	-2.8374
74.01	-2.8373
74.01	-2.8375
74.02	-2.8377
74.02	-2.8376
74.02	-2.8375
74.02	-2.8377
74.03	-2.8376
74.03	-2.8376
74.03	-2.8376
74.04	-2.8377
74.04	-2.8379
74.04	-2.8377
74.04	-2.8376
74.04	-2.8377
74.04	-2.8376
74.05	-2.8380
74.05	-2.8380
74.05	-2.8379
74.06	-2.8379
74.06	-2.8380
74.06	-2.8378
74.07	-2.8383
74.07	-2.8381
74.07	-2.8383
74.07	-2.8383
74.08	-2.8382
74.08	-2.8383
74.08	-2.8386
74.08	-2.8387
74.08	-2.8384
74.09	-2.8387
74.09	-2.8385
74.09	-2.8387
74.09	-2.8385
74.09	-2.8387
74.10	-2.8387
74.10	-2.8388
74.10	-2.8390
74.10	-2.8390
74.10	-2.8390
74.11	-2.8390
74.12	-2.8390
74.12	-2.8389
74.12	-2.8391
74.12	-2.8393
74.13	-2.8395
74.13	-2.8391
74.13	-2.8392
74.13	-2.8394
74.13	-2.8392
74.14	-2.8393
74.14	-2.8392
74.14	-2.8394
74.14	-2.8392
74.15	-2.8399
74.15	-2.8396
74.15	-2.8397
74.15	-2.8398
74.15	-2.8396
74.16	-2.8396
74.16	-2.8399
74.16	-2.8399
74.16	-2.8397
74.16	-2.8400
74.17	-2.8399
74.17	-2.8400
74.17	-2.8400
74.17	-2.8402
74.18	-2.8402
74.18	-2.8402
74.18	-2.8402
74.18	-2.8405
74.19	-2.8403
74.19	-2.8404
74.19	-2.8404
74.20	-2.8404
74.20	-2.8404
74.20	-2.8405
74.20	-2.8404
74.20	-2.8406
74.21	-2.8406
74.21	-2.8407
74.21	-2.8405
74.21	-2.8407
74.21	-2.8406
74.22	-2.8406
74.22	-2.8408
74.22	-2.8407
74.22	-2.8409
74.23	-2.8409
74.23	-2.8409
74.23	-2.8410
74.24	-2.8412
74.24	-2.8412
74.24	-2.8412
74.24	-2.8413
74.25	-2.8412
74.25	-2.8413
74.25	-2.8412
74.25	-2.8413
74.25	-2.8413
74.26	-2.8415
74.26	-2.8416
74.26	-2.8414
74.26	-2.8414
74.27	-2.8415
74.27	-2.8416
74.28	-2.8416
74.28	-2.8418
74.28	-2.8419
74.28	-2.8418
74.28	-2.8418
74.28	-2.8419
74.28	-2.8419
74.29	-2.8421
74.29	-2.8421
74.30	-2.8424
74.30	-2.8425
74.30	-2.8424
74.30	-2.8425
74.30	-2.8426
74.31	-2.8426
74.31	-2.8426
74.31	-2.8423
74.31	-2.8428
74.32	-2.8426
74.32	-2.8429
74.32	-2.8430
74.33	-2.8430
74.33	-2.8431
74.33	-2.8431
74.33	-2.8431
74.33	-2.8433
74.34	-2.8434
74.34	-2.8435
74.34	-2.8434
74.34	-2.8435
74.34	-2.8436
74.34	-2.8437
74.34	-2.8438
74.35	-2.8436
74.36	-2.8436
74.36	-2.8437
74.37	-2.8437
74.37	-2.8438
74.37	-2.8439
74.38	-2.8439
74.38	-2.8441
74.38	-2.8440
74.38	-2.8440
74.38	-2.8441
74.39	-2.8443
74.39	-2.8445
74.39	-2.8442
74.39	-2.8442
74.39	-2.8445
74.40	-2.8444
74.40	-2.8445
74.41	-2.8446
74.41	-2.8445
74.41	-2.8447
74.41	-2.8448
74.41	-2.8449
74.42	-2.8447
74.42	-2.8450
74.42	-2.8452
74.43	-2.8450
74.43	-2.8452
74.43	-2.8453
74.44	-2.8453
74.44	-2.8453
74.44	-2.8452
74.44	-2.8454
74.44	-2.8454
74.44	-2.8455
74.44	-2.8456
74.45	-2.8457
74.45	-2.8457
74.45	-2.8458
74.45	-2.8458
74.45	-2.8458
74.45	-2.8462
74.45	-2.8460
74.46	-2.8460
74.46	-2.8463
74.47	-2.8460
74.47	-2.8463
74.48	-2.8465
74.48	-2.8463
74.48	-2.8463
74.48	-2.8466
74.48	-2.8463
74.48	-2.8466
74.49	-2.8464
74.49	-2.8466
74.50	-2.8466
74.50	-2.8466
74.50	-2.8465
74.50	-2.8466
74.50	-2.8467
74.51	-2.8466
74.51	-2.8468
74.51	-2.8465
74.52	-2.8468
74.52	-2.8469
74.52	-2.8469
74.52	-2.8469
74.53	-2.8468
74.53	-2.8471
74.53	-2.8470
74.53	-2.8472
74.53	-2.8472
74.53	-2.8472
74.53	-2.8473
74.54	-2.8474
74.55	-2.8474
74.55	-2.8476
74.55	-2.8475
74.55	-2.8476
74.56	-2.8476
74.56	-2.8476
74.57	-2.8478
74.57	-2.8477
74.57	-2.8479
74.57	-2.8477
74.57	-2.8477
74.58	-2.8479
74.58	-2.8478
74.58	-2.8481
74.58	-2.8481
74.58	-2.8481
74.59	-2.8482
74.59	-2.8482
74.59	-2.8482
74.59	-2.8485
74.59	-2.8485
74.60	-2.8484
74.60	-2.8486
74.60	-2.8485
74.60	-2.8486
74.61	-2.8487
74.61	-2.8488
74.61	-2.8487
74.61	-2.8489
74.62	-2.8487
74.62	-2.8490
74.63	-2.8490
74.63	-2.8492
74.63	-2.8491
74.63	-2.8491
74.63	-2.8492
74.63	-2.8492
74.64	-2.8490
74.64	-2.8491
74.64	-2.8493
74.64	-2.8493
74.65	-2.8492
74.65	-2.8492
74.65	-2.8496
74.65	-2.8496
74.66	-2.8495
74.66	-2.8495
74.66	-2.8497
74.66	-2.8494
74.66	-2.8497
74.67	-2.8497
74.67	-2.8498
74.67	-2.8500
74.67	-2.8499
74.67	-2.8501
74.68	-2.8500
74.68	-2.8501
74.69	-2.8504
74.69	-2.8502
74.69	-2.8503
74.70	-2.8507
74.70	-2.8504
74.70	-2.8507
74.70	-2.8508
74.70	-2.8507
74.70	-2.8506
74.71	-2.8509
74.71	-2.8508
74.72	-2.8509
74.72	-2.8506
74.72	-2.8509
74.72	-2.8508
74.73	-2.8508
74.73	-2.8511
74.73	-2.8512
74.73	-2.8512
74.73	-2.8511
74.73	-2.8512
74.74	-2.8514
74.74	-2.8515
74.75	-2.8515
74.75	-2.8515
74.75	-2.8516
74.75	-2.8518
74.75	-2.8517
74.75	-2.8519
74.75	-2.8516
74.75	-2.8519
74.76	-2.8521
74.76	-2.8521
74.77	-2.8522
74.77	-2.8520
74.77	-2.8523
74.78	-2.8524
74.78	-2.8524
74.78	-2.8522
74.78	-2.8525
74.79	-2.8525
74.79	-2.8523
74.79	-2.8524
74.79	-2.8529
74.79	-2.8525
74.80	-2.8527
74.80	-2.8524
74.80	-2.8527
74.81	-2.8527
74.81	-2.8529
74.82	-2.8528
74.82	-2.8529
74.82	-2.8530
74.82	-2.8530
74.83	-2.8529
74.83	-2.8531
74.83	-2.8530
74.83	-2.8531
74.83	-2.8532
74.84	-2.8533
74.84	-2.8532
74.84	-2.8531
74.84	-2.8532
74.85	-2.8533
74.85	-2.8534
74.85	-2.8533
74.86	-2.8534
74.86	-2.8532
74.87	-2.8534
74.87	-2.8535
74.86	-2.8535
74.86	-2.8536
74.87	-2.8536
74.87	-2.8536
74.87	-2.8538
74.87	-2.8537
74.88	-2.8538
74.88	-2.8541
74.88	-2.8538
74.88	-2.8539
74.89	-2.8539
74.89	-2.8540
74.89	-2.8540
74.89	-2.8542
74.89	-2.8542
74.90	-2.8541
74.90	-2.8543
74.90	-2.8542
74.90	-2.8544
74.91	-2.8544
74.91	-2.8546
74.91	-2.8547
74.91	-2.8545
74.92	-2.8547
74.92	-2.8546
74.92	-2.8549
74.92	-2.8548
74.93	-2.8549
74.94	-2.8548
74.94	-2.8549
74.94	-2.8551
74.94	-2.8548
74.94	-2.8551
74.95	-2.8548
74.95	-2.8550
74.95	-2.8550
74.95	-2.8550
74.95	-2.8551
74.95	-2.8552
74.95	-2.8551
74.96	-2.8553
74.96	-2.8553
74.96	-2.8554
74.97	-2.8554
74.97	-2.8553
74.98	-2.8557
74.98	-2.8556
74.98	-2.8556
74.98	-2.8559
74.99	-2.8558
74.99	-2.8560
74.99	-2.8558
75.00	-2.8558
75.00	-2.8558
75.00	-2.8558
75.00	-2.8560
75.01	-2.8558
75.01	-2.8560
75.01	-2.8559
75.02	-2.8558
75.02	-2.8561
75.02	-2.8559
75.02	-2.8561
75.03	-2.8560
75.03	-2.8560
75.03	-2.8562
75.03	-2.8562
75.03	-2.8563
75.03	-2.8561
75.04	-2.8563
75.04	-2.8566
75.04	-2.8564
75.05	-2.8563
75.05	-2.8564
75.05	-2.8563
75.05	-2.8563
75.05	-2.8563
75.06	-2.8564
75.06	-2.8567
75.06	-2.8563
75.07	-2.8567
75.07	-2.8567
75.07	-2.8566
75.07	-2.8568
75.07	-2.8566
75.08	-2.8570
75.08	-2.8569
75.08	-2.8568
75.08	-2.8569
75.08	-2.8567
75.09	-2.8569
75.09	-2.8570
75.09	-2.8569
75.09	-2.8571
75.09	-2.8570
75.10	-2.8569
75.10	-2.8574
75.10	-2.8571
75.11	-2.8573
75.11	-2.8570
75.11	-2.8572
75.11	-2.8573
75.11	-2.8574
75.12	-2.8576
75.12	-2.8576
75.12	-2.8574
75.13	-2.8576
75.13	-2.8578
75.13	-2.8579
75.13	-2.8576
75.13	-2.8576
75.13	-2.8576
75.14	-2.8576
75.14	-2.8576
75.14	-2.8573
75.14	-2.8575
75.14	-2.8578
75.15	-2.8575
75.15	-2.8578
75.16	-2.8574
75.16	-2.8578
75.16	-2.8577
75.17	-2.8577
75.17	-2.8578
75.17	-2.8576
75.17	-2.8576
75.17	-2.8576
75.17	-2.8577
75.18	-2.8576
75.19	-2.8577
75.19	-2.8577
75.19	-2.8579
75.19	-2.8576
75.19	-2.8576
75.20	-2.8577
75.20	-2.8576
75.20	-2.8577
75.21	-2.8577
75.21	-2.8577
75.21	-2.8578
75.21	-2.8579
75.22	-2.8576
75.22	-2.8580
75.23	-2.8578
75.23	-2.8576
75.23	-2.8576
75.23	-2.8578
75.23	-2.8578
75.23	-2.8574
75.23	-2.8579
75.23	-2.8577
75.24	-2.8580
75.24	-2.8578
75.24	-2.8579
75.24	-2.8580
75.25	-2.8579
75.25	-2.8581
75.25	-2.8579
75.25	-2.8580
75.26	-2.8582
75.26	-2.8582
75.27	-2.8581
75.27	-2.8582
75.28	-2.8581
75.28	-2.8581
75.28	-2.8581
75.28	-2.8582
75.28	-2.8584
75.28	-2.8583
75.29	-2.8584
75.29	-2.8586
75.30	-2.8585
75.30	-2.8585
75.30	-2.8584
75.30	-2.8586
75.30	-2.8584
75.30	-2.8584
75.30	-2.8587
75.30	-2.8586
75.30	-2.8585
75.31	-2.8585
75.32	-2.8587
75.32	-2.8587
75.32	-2.8586
75.33	-2.8587
75.33	-2.8588
75.33	-2.8589
75.33	-2.8588
75.33	-2.8590
75.33	-2.8590
75.34	-2.8587
75.34	-2.8589
75.34	-2.8590
75.34	-2.8589
75.34	-2.8591
75.34	-2.8592
75.35	-2.8591
75.35	-2.8592
75.35	-2.8592
75.35	-2.8592
75.35	-2.8591
75.36	-2.8592
75.36	-2.8592
75.37	-2.8593
75.37	-2.8591
75.37	-2.8593
75.38	-2.8593
75.38	-2.8593
75.38	-2.8592
75.38	-2.8595
75.38	-2.8593
75.39	-2.8594
75.39	-2.8592
75.39	-2.8595
75.39	-2.8593
75.39	-2.8595
75.39	-2.8596
75.40	-2.8596
75.41	-2.8594
75.41	-2.8597
75.42	-2.8596
75.41	-2.8598
75.41	-2.8597
75.42	-2.8596
75.42	-2.8598
75.42	-2.8596
75.42	-2.8598
75.42	-2.8598
75.43	-2.8597
75.43	-2.8598
75.44	-2.8598
75.44	-2.8597
75.44	-2.8598
75.45	-2.8597
75.45	-2.8600
75.45	-2.8598
75.45	-2.8598
75.46	-2.8598
75.46	-2.8598
75.46	-2.8597
75.46	-2.8598
75.46	-2.8598
75.47	-2.8598
75.47	-2.8598
75.47	-2.8599
75.48	-2.8597
75.48	-2.8603
75.48	-2.8598
75.48	-2.8602
75.48	-2.8601
75.48	-2.8602
75.49	-2.8604
75.49	-2.8602
75.50	-2.8603
75.50	-2.8602
75.50	-2.8602
75.50	-2.8605
75.50	-2.8605
75.50	-2.8604
75.51	-2.8604
75.51	-2.8603
75.51	-2.8605
75.52	-2.8603
75.52	-2.8603
75.53	-2.8604
75.53	-2.8606
75.53	-2.8606
75.53	-2.8603
75.53	-2.8605
75.53	-2.8606
75.54	-2.8607
75.54	-2.8606
75.54	-2.8606
75.54	-2.8605
75.55	-2.8607
75.55	-2.8603
75.55	-2.8608
75.55	-2.8607
75.55	-2.8604
75.55	-2.8606
75.56	-2.8608
75.56	-2.8607
75.56	-2.8607
75.57	-2.8608
75.57	-2.8609
75.58	-2.8606
75.58	-2.8608
75.58	-2.8608
75.58	-2.8609
75.58	-2.8609
75.59	-2.8608
75.59	-2.8611
75.59	-2.8610
75.59	-2.8613
75.59	-2.8612
75.59	-2.8611
75.60	-2.8611
75.60	-2.8612
75.61	-2.8611
75.61	-2.8614
75.61	-2.8614
75.61	-2.8615
75.62	-2.8614
75.62	-2.8614
75.63	-2.8614
75.63	-2.8615
75.63	-2.8615
75.63	-2.8617
75.63	-2.8618
75.63	-2.8619
75.64	-2.8618
75.64	-2.8620
75.64	-2.8620
75.64	-2.8621
75.64	-2.8619
75.64	-2.8622
75.65	-2.8625
75.65	-2.8621
75.65	-2.8623
75.65	-2.8624
75.66	-2.8624
75.66	-2.8625
75.66	-2.8626
75.67	-2.8624
75.67	-2.8628
75.67	-2.8629
75.67	-2.8626
75.68	-2.8629
75.69	-2.8631
75.68	-2.8630
75.69	-2.8631
75.69	-2.8631
75.70	-2.8632
75.70	-2.8631
75.70	-2.8634
75.70	-2.8635
75.70	-2.8635
75.71	-2.8634
75.71	-2.8634
75.71	-2.8635
75.71	-2.8635
75.72	-2.8636
75.72	-2.8637
75.72	-2.8639
75.72	-2.8637
75.72	-2.8639
75.73	-2.8638
75.73	-2.8641
75.73	-2.8639
75.73	-2.8641
75.73	-2.8642
75.74	-2.8643
75.74	-2.8644
75.75	-2.8641
75.75	-2.8643
75.75	-2.8642
75.75	-2.8643
75.75	-2.8642
75.75	-2.8643
75.75	-2.8642
75.76	-2.8642
75.76	-2.8642
75.76	-2.8644
75.76	-2.8646
75.77	-2.8644
75.77	-2.8643
75.78	-2.8644
75.78	-2.8643
75.78	-2.8644
75.79	-2.8645
75.79	-2.8643
75.79	-2.8645
75.79	-2.8647
75.79	-2.8644
75.80	-2.8647
75.80	-2.8646
75.81	-2.8645
75.81	-2.8645
75.81	-2.8646
75.82	-2.8644
75.82	-2.8644
75.82	-2.8645
75.82	-2.8647
75.82	-2.8645
75.83	-2.8647
75.83	-2.8648
75.83	-2.8645
75.83	-2.8647
75.83	-2.8646
75.84	-2.8648
75.84	-2.8647
75.84	-2.8648
75.84	-2.8649
75.84	-2.8649
75.84	-2.8647
75.85	-2.8648
75.85	-2.8649
75.86	-2.8647
75.86	-2.8648
75.86	-2.8650
75.86	-2.8650
75.87	-2.8650
75.87	-2.8652
75.87	-2.8650
75.88	-2.8649
75.88	-2.8650
75.88	-2.8651
75.88	-2.8649
75.88	-2.8651
75.88	-2.8650
75.89	-2.8650
75.89	-2.8652
75.89	-2.8650
75.90	-2.8652
75.90	-2.8653
75.90	-2.8648
75.90	-2.8653
75.90	-2.8653
75.91	-2.8655
75.91	-2.8651
75.92	-2.8656
75.92	-2.8653
75.92	-2.8656
75.92	-2.8655
75.92	-2.8658
75.93	-2.8655
75.93	-2.8657
75.93	-2.8656
75.93	-2.8657
75.93	-2.8657
75.93	-2.8657
75.94	-2.8658
75.94	-2.8656
75.94	-2.8660
75.95	-2.8657
75.95	-2.8659
75.95	-2.8658
75.96	-2.8660
75.96	-2.8658
75.96	-2.8659
75.96	-2.8658
75.97	-2.8659
75.97	-2.8660
75.97	-2.8661
75.97	-2.8662
75.97	-2.8659
75.97	-2.8661
75.97	-2.8660
75.98	-2.8661
75.98	-2.8663
75.98	-2.8662
75.98	-2.8664
75.99	-2.8661
75.99	-2.8661
76.00	-2.8663
76.00	-2.8664
76.00	-2.8665
76.00	-2.8664
76.00	-2.8666
76.01	-2.8664
76.01	-2.8667
76.01	-2.8666
76.02	-2.8666
76.02	-2.8668
76.02	-2.8667
76.03	-2.8667
76.03	-2.8666
76.03	-2.8669
76.03	-2.8666
76.03	-2.8669
76.04	-2.8668
76.04	-2.8671
76.04	-2.8669
76.05	-2.8671
76.05	-2.8670
76.05	-2.8670
76.05	-2.8669
76.06	-2.8670
76.06	-2.8672
76.06	-2.8672
76.06	-2.8671
76.07	-2.8673
76.07	-2.8672
76.07	-2.8674
76.08	-2.8673
76.08	-2.8673
76.08	-2.8672
76.08	-2.8674
76.08	-2.8675
76.09	-2.8675
76.09	-2.8675
76.09	-2.8674
76.09	-2.8676
76.09	-2.8676
76.09	-2.8675
76.09	-2.8674
76.10	-2.8674
76.10	-2.8676
76.11	-2.8678
76.11	-2.8675
76.11	-2.8677
76.12	-2.8674
76.12	-2.8678
76.12	-2.8678
76.12	-2.8676
76.13	-2.8678
76.13	-2.8676
76.13	-2.8677
76.13	-2.8676
76.13	-2.8678
76.13	-2.8676
76.14	-2.8679
76.14	-2.8679
76.14	-2.8678
76.14	-2.8678
76.14	-2.8679
76.15	-2.8678
76.15	-2.8680
76.15	-2.8679
76.16	-2.8681
76.16	-2.8681
76.16	-2.8681
76.16	-2.8684
76.17	-2.8681
76.17	-2.8685
76.17	-2.8684
76.17	-2.8683
76.17	-2.8684
76.18	-2.8685
76.18	-2.8684
76.18	-2.8683
76.19	-2.8684
76.19	-2.8684
76.19	-2.8685
76.19	-2.8684
76.19	-2.8684
76.20	-2.8683
76.20	-2.8685
76.20	-2.8685
76.21	-2.8685
76.21	-2.8688
76.21	-2.8687
76.21	-2.8687
76.22	-2.8686
76.22	-2.8686
76.23	-2.8687
76.23	-2.8688
76.23	-2.8689
76.23	-2.8687
76.23	-2.8689
76.24	-2.8691
76.24	-2.8688
76.24	-2.8690
76.25	-2.8690
76.25	-2.8691
76.25	-2.8694
76.25	-2.8691
76.25	-2.8693
76.25	-2.8692
76.26	-2.8689
76.26	-2.8691
76.26	-2.8691
76.26	-2.8694
76.27	-2.8695
76.27	-2.8693
76.27	-2.8693
76.28	-2.8694
76.28	-2.8691
76.28	-2.8694
76.28	-2.8695
76.28	-2.8695
76.29	-2.8693
76.29	-2.8694
76.29	-2.8696
76.30	-2.8694
76.30	-2.8696
76.30	-2.8696
76.30	-2.8694
76.30	-2.8697
76.30	-2.8696
76.30	-2.8697
76.30	-2.8698
76.31	-2.8697
76.32	-2.8699
76.32	-2.8700
76.32	-2.8700
76.33	-2.8700
76.33	-2.8700
76.33	-2.8701
76.33	-2.8699
76.33	-2.8702
76.33	-2.8704
76.34	-2.8702
76.34	-2.8703
76.34	-2.8703
76.35	-2.8702
76.35	-2.8705
76.35	-2.8707
76.36	-2.8707
76.36	-2.8705
76.36	-2.8705
76.36	-2.8704
76.36	-2.8705
76.37	-2.8706
76.37	-2.8708
76.37	-2.8707
76.37	-2.8709
76.38	-2.8707
76.38	-2.8709
76.39	-2.8706
76.39	-2.8708
76.39	-2.8709
76.39	-2.8709
76.39	-2.8711
76.40	-2.8708
76.40	-2.8710
76.40	-2.8711
76.40	-2.8712
76.40	-2.8709
76.41	-2.8710
76.41	-2.8710
76.42	-2.8711
76.42	-2.8713
76.42	-2.8712
76.42	-2.8713
76.43	-2.8713
76.43	-2.8714
76.43	-2.8712
76.43	-2.8713
76.44	-2.8711
76.44	-2.8714
76.44	-2.8712
76.45	-2.8713
76.45	-2.8712
76.45	-2.8713
76.45	-2.8713
76.45	-2.8713
76.46	-2.8713
76.46	-2.8716
76.46	-2.8716
76.46	-2.8716
76.46	-2.8716
76.47	-2.8717
76.47	-2.8719
76.47	-2.8718
76.48	-2.8718
76.48	-2.8719
76.49	-2.8719
76.49	-2.8720
76.49	-2.8720
76.49	-2.8720
76.49	-2.8719
76.50	-2.8720
76.50	-2.8720
76.50	-2.8717
76.50	-2.8721
76.50	-2.8721
76.50	-2.8721
76.51	-2.8722
76.51	-2.8723
76.51	-2.8722
76.52	-2.8723
76.52	-2.8723
76.52	-2.8724
76.53	-2.8725
76.53	-2.8724
76.53	-2.8724
76.53	-2.8726
76.53	-2.8724
76.53	-2.8727
76.53	-2.8727
76.54	-2.8725
76.54	-2.8725
76.54	-2.8729
76.55	-2.8725
76.55	-2.8730
76.55	-2.8728
76.55	-2.8729
76.55	-2.8729
76.55	-2.8728
76.56	-2.8731
76.56	-2.8730
76.56	-2.8732
76.57	-2.8733
76.57	-2.8732
76.58	-2.8732
76.58	-2.8732
76.58	-2.8731
76.58	-2.8732
76.58	-2.8731
76.59	-2.8730
76.59	-2.8732
76.59	-2.8734
76.59	-2.8732
76.60	-2.8732
76.60	-2.8731
76.60	-2.8733
76.61	-2.8734
76.61	-2.8733
76.61	-2.8734
76.62	-2.8734
76.62	-2.8734
76.62	-2.8736
76.63	-2.8733
76.63	-2.8736
76.63	-2.8735
76.63	-2.8736
76.63	-2.8736
76.64	-2.8736
76.64	-2.8735
76.64	-2.8734
76.64	-2.8737
76.64	-2.8738
76.64	-2.8738
76.65	-2.8738
76.65	-2.8738
76.65	-2.8739
76.66	-2.8740
76.66	-2.8738
76.66	-2.8740
76.66	-2.8740
76.67	-2.8742
76.67	-2.8742
76.67	-2.8740
76.67	-2.8743
76.68	-2.8742
76.68	-2.8743
76.68	-2.8744
76.68	-2.8744
76.68	-2.8744
76.69	-2.8745
76.69	-2.8745
76.69	-2.8743
76.70	-2.8745
76.70	-2.8747
76.70	-2.8744
76.70	-2.8746
76.70	-2.8745
76.70	-2.8747
76.70	-2.8749
76.71	-2.8748
76.72	-2.8750
76.72	-2.8749
76.72	-2.8749
76.73	-2.8750
76.73	-2.8750
76.73	-2.8750
76.73	-2.8748
76.73	-2.8751
76.74	-2.8749
76.74	-2.8752
76.74	-2.8751
76.75	-2.8751
76.75	-2.8752
76.75	-2.8751
76.75	-2.8750
76.75	-2.8750
76.75	-2.8753
76.75	-2.8754
76.76	-2.8751
76.76	-2.8753
76.76	-2.8754
76.77	-2.8752
76.77	-2.8754
76.77	-2.8752
76.78	-2.8753
76.78	-2.8753
76.78	-2.8752
76.78	-2.8752
76.78	-2.8753
76.79	-2.8753
76.79	-2.8754
76.80	-2.8754
76.80	-2.8753
76.80	-2.8752
76.80	-2.8753
76.81	-2.8754
76.81	-2.8754
76.81	-2.8753
76.81	-2.8752
76.81	-2.8754
76.81	-2.8753
76.81	-2.8754
76.82	-2.8754
76.82	-2.8753
76.82	-2.8753
76.83	-2.8756
76.83	-2.8754
76.83	-2.8756
76.83	-2.8758
76.83	-2.8758
76.84	-2.8758
76.84	-2.8757
76.84	-2.8757
76.84	-2.8758
76.85	-2.8760
76.85	-2.8760
76.85	-2.8761
76.86	-2.8758
76.86	-2.8760
76.86	-2.8760
76.87	-2.8759
76.87	-2.8758
76.87	-2.8759
76.88	-2.8759
76.88	-2.8760
76.88	-2.8761
76.88	-2.8761
76.88	-2.8762
76.88	-2.8763
76.88	-2.8760
76.88	-2.8765
76.89	-2.8765
76.89	-2.8763
76.89	-2.8765
76.89	-2.8765
76.89	-2.8765
76.90	-2.8765
76.90	-2.8765
76.90	-2.8766
76.91	-2.8768
76.91	-2.8768
76.91	-2.8765
76.92	-2.8768
76.92	-2.8769
76.92	-2.8771
76.92	-2.8770
76.92	-2.8772
76.92	-2.8770
76.93	-2.8771
76.94	-2.8772
76.94	-2.8772
76.94	-2.8773
76.94	-2.8773
76.94	-2.8774
76.95	-2.8773
76.95	-2.8775
76.95	-2.8772
76.95	-2.8776
76.95	-2.8774
76.96	-2.8773
76.96	-2.8776
76.97	-2.8774
76.97	-2.8778
76.98	-2.8775
76.98	-2.8776
76.98	-2.8778
76.98	-2.8776
76.98	-2.8777
76.98	-2.8779
76.98	-2.8775
76.99	-2.8780
76.99	-2.8779
76.99	-2.8779
76.99	-2.8779
76.99	-2.8780
77.00	-2.8780
77.00	-2.8781
77.00	-2.8781
77.00	-2.8781
77.01	-2.8783
77.01	-2.8782
77.02	-2.8782
77.02	-2.8782
77.02	-2.8783
77.03	-2.8782
77.03	-2.8782
77.03	-2.8782
77.03	-2.8781
77.03	-2.8784
77.03	-2.8784
77.04	-2.8784
77.04	-2.8783
77.05	-2.8784
77.05	-2.8783
77.05	-2.8783
77.05	-2.8784
77.05	-2.8782
77.05	-2.8782
77.05	-2.8782
77.06	-2.8783
77.06	-2.8784
77.06	-2.8782
77.07	-2.8784
77.07	-2.8786
77.07	-2.8785
77.08	-2.8785
77.08	-2.8786
77.08	-2.8785
77.08	-2.8785
77.08	-2.8786
77.09	-2.8786
77.09	-2.8785
77.09	-2.8788
77.09	-2.8788
77.09	-2.8785
77.10	-2.8786
77.10	-2.8786
77.10	-2.8785
77.11	-2.8787
77.11	-2.8787
77.11	-2.8787
77.12	-2.8786
77.12	-2.8787
77.12	-2.8786
77.13	-2.8786
77.13	-2.8786
77.13	-2.8785
77.13	-2.8786
77.13	-2.8787
77.13	-2.8788
77.13	-2.8785
77.14	-2.8786
77.14	-2.8785
77.14	-2.8786
77.15	-2.8786
77.15	-2.8785
77.16	-2.8786
77.16	-2.8785
77.17	-2.8785
77.17	-2.8786
77.17	-2.8786
77.17	-2.8786
77.17	-2.8788
77.17	-2.8787
77.17	-2.8788
77.17	-2.8787
77.17	-2.8786
77.18	-2.8787
77.18	-2.8787
77.18	-2.8788
77.19	-2.8785
77.19	-2.8784
77.19	-2.8787
77.20	-2.8787
77.20	-2.8785
77.20	-2.8786
77.20	-2.8786
77.21	-2.8786
77.21	-2.8783
77.21	-2.8785
77.21	-2.8784
77.21	-2.8784
77.21	-2.8784
77.22	-2.8783
77.22	-2.8785
77.22	-2.8784
77.23	-2.8785
77.23	-2.8783
77.23	-2.8784
77.24	-2.8784
77.24	-2.8785
77.24	-2.8784
77.24	-2.8785
77.25	-2.8787
77.25	-2.8788
77.25	-2.8788
77.25	-2.8789
77.25	-2.8788
77.26	-2.8787
77.26	-2.8788
77.26	-2.8791
77.27	-2.8790
77.27	-2.8793
77.27	-2.8795
77.27	-2.8793
77.27	-2.8791
77.28	-2.8795
77.28	-2.8795
77.28	-2.8795
77.29	-2.8795
77.29	-2.8796
77.29	-2.8799
77.29	-2.8796
77.29	-2.8799
77.30	-2.8798
77.30	-2.8800
77.30	-2.8797
77.30	-2.8799
77.31	-2.8799
77.31	-2.8797
77.31	-2.8800
77.31	-2.8801
77.32	-2.8799
77.32	-2.8801
77.32	-2.8801
77.33	-2.8802
77.33	-2.8801
77.33	-2.8804
77.33	-2.8803
77.34	-2.8801
77.34	-2.8804
77.34	-2.8804
77.34	-2.8806
77.34	-2.8808
77.34	-2.8807
77.35	-2.8807
77.35	-2.8808
77.35	-2.8810
77.35	-2.8811
77.36	-2.8809
77.36	-2.8811
77.36	-2.8812
77.37	-2.8810
77.37	-2.8815
77.37	-2.8816
77.38	-2.8815
77.38	-2.8814
77.39	-2.8817
77.39	-2.8818
77.39	-2.8819
77.39	-2.8817
77.39	-2.8817
77.39	-2.8819
77.39	-2.8816
77.40	-2.8820
77.40	-2.8820
77.40	-2.8820
77.40	-2.8822
77.41	-2.8822
77.41	-2.8822
77.41	-2.8821
77.41	-2.8822
77.41	-2.8822
77.42	-2.8824
77.42	-2.8823
77.42	-2.8827
77.42	-2.8824
77.43	-2.8826
77.43	-2.8825
77.44	-2.8826
77.44	-2.8828
77.44	-2.8830
77.45	-2.8830
77.45	-2.8830
77.45	-2.8831
77.45	-2.8831
77.45	-2.8832
77.45	-2.8832
77.46	-2.8832
77.46	-2.8832
77.46	-2.8833
77.47	-2.8835
77.47	-2.8834
77.47	-2.8836
77.48	-2.8836
77.48	-2.8837
77.48	-2.8836
77.48	-2.8836
77.48	-2.8835
77.48	-2.8837
77.49	-2.8838
77.49	-2.8839
77.49	-2.8839
77.50	-2.8838
77.50	-2.8840
77.50	-2.8841
77.50	-2.8837
77.51	-2.8841
77.51	-2.8839
77.52	-2.8840
77.52	-2.8841
77.52	-2.8842
77.53	-2.8841
77.53	-2.8844
77.53	-2.8842
77.53	-2.8844
77.53	-2.8841
77.53	-2.8842
77.53	-2.8843
77.54	-2.8844
77.54	-2.8846
77.54	-2.8846
77.55	-2.8847
77.55	-2.8846
77.55	-2.8847
77.55	-2.8848
77.55	-2.8849
77.56	-2.8847
77.56	-2.8847
77.56	-2.8849
77.56	-2.8850
77.57	-2.8847
77.57	-2.8848
77.58	-2.8848
77.58	-2.8848
77.58	-2.8850
77.58	-2.8847
77.58	-2.8849
77.58	-2.8849
77.59	-2.8853
77.59	-2.8850
77.59	-2.8851
77.59	-2.8851
77.59	-2.8851
77.59	-2.8851
77.60	-2.8852
77.60	-2.8853
77.60	-2.8850
77.61	-2.8855
77.61	-2.8855
77.62	-2.8854
77.62	-2.8855
77.62	-2.8856
77.63	-2.8858
77.63	-2.8859
77.63	-2.8857
77.63	-2.8856
77.64	-2.8858
77.64	-2.8858
77.64	-2.8859
77.64	-2.8860
77.64	-2.8861
77.64	-2.8862
77.64	-2.8861
77.64	-2.8862
77.65	-2.8862
77.65	-2.8863
77.66	-2.8864
77.66	-2.8865
77.66	-2.8864
77.67	-2.8866
77.67	-2.8868
77.67	-2.8869
77.67	-2.8868
77.67	-2.8866
77.67	-2.8870
77.67	-2.8866
77.68	-2.8867
77.68	-2.8868
77.68	-2.8868
77.68	-2.8870
77.69	-2.8870
77.70	-2.8869
77.70	-2.8870
77.70	-2.8870
77.70	-2.8871
77.70	-2.8872
77.71	-2.8871
77.71	-2.8874
77.71	-2.8872
77.71	-2.8872
77.72	-2.8874
77.72	-2.8874
77.73	-2.8875
77.73	-2.8876
77.73	-2.8873
77.73	-2.8875
77.74	-2.8875
77.73	-2.8877
77.73	-2.8877
77.74	-2.8877
77.74	-2.8878
77.75	-2.8878
77.75	-2.8878
77.75	-2.8878
77.75	-2.8880
77.75	-2.8880
77.76	-2.8881
77.76	-2.8880
77.76	-2.8880
77.76	-2.8882
77.77	-2.8882
77.77	-2.8882
77.77	-2.8882
77.77	-2.8882
77.78	-2.8887
77.78	-2.8887
77.78	-2.8888
77.78	-2.8887
77.78	-2.8890
77.78	-2.8887
77.79	-2.8890
77.79	-2.8890
77.79	-2.8892
77.79	-2.8890
77.80	-2.8892
77.80	-2.8892
77.80	-2.8893
77.80	-2.8893
77.81	-2.8892
77.81	-2.8893
77.81	-2.8895
77.82	-2.8894
77.82	-2.8895
77.82	-2.8895
77.83	-2.8896
77.83	-2.8896
77.83	-2.8895
77.83	-2.8897
77.83	-2.8897
77.83	-2.8897
77.84	-2.8899
77.84	-2.8897
77.84	-2.8898
77.84	-2.8901
77.85	-2.8898
77.85	-2.8900
77.86	-2.8900
77.86	-2.8899
77.86	-2.8900
77.86	-2.8899
77.87	-2.8901
77.87	-2.8902
77.87	-2.8902
77.88	-2.8902
77.88	-2.8903
77.88	-2.8904
77.88	-2.8903
77.88	-2.8904
77.89	-2.8904
77.89	-2.8906
77.89	-2.8904
77.89	-2.8906
77.89	-2.8907
77.89	-2.8906
77.90	-2.8905
77.90	-2.8907
77.90	-2.8906
77.91	-2.8907
77.91	-2.8905
77.91	-2.8906
77.91	-2.8907
77.92	-2.8908
77.92	-2.8908
77.92	-2.8910
77.92	-2.8909
77.92	-2.8908
77.92	-2.8910
77.93	-2.8910
77.93	-2.8910
77.94	-2.8911
77.94	-2.8911
77.94	-2.8910
77.95	-2.8911
77.95	-2.8913
77.95	-2.8913
77.95	-2.8913
77.95	-2.8913
77.96	-2.8915
77.96	-2.8913
77.96	-2.8914
77.96	-2.8915
77.97	-2.8915
77.97	-2.8917
77.97	-2.8915
77.97	-2.8914
77.98	-2.8913
77.98	-2.8917
77.98	-2.8915
77.98	-2.8917
77.98	-2.8913
77.99	-2.8916
77.99	-2.8917
77.99	-2.8915
78.00	-2.8914
78.00	-2.8915
78.00	-2.8916
78.00	-2.8913
78.00	-2.8917
78.01	-2.8919
78.01	-2.8917
78.01	-2.8916
78.02	-2.8918
78.02	-2.8917
78.02	-2.8920
78.03	-2.8918
78.03	-2.8918
78.03	-2.8921
78.03	-2.8918
78.03	-2.8920
78.04	-2.8920
78.04	-2.8921
78.04	-2.8919
78.04	-2.8917
78.05	-2.8920
78.05	-2.8918
78.05	-2.8919
78.05	-2.8921
78.05	-2.8920
78.06	-2.8921
78.06	-2.8923
78.07	-2.8921
78.07	-2.8921
78.07	-2.8924
78.07	-2.8924
78.08	-2.8925
78.08	-2.8926
78.08	-2.8923
78.08	-2.8924
78.09	-2.8926
78.09	-2.8926
78.09	-2.8924
78.09	-2.8924
78.09	-2.8924
78.10	-2.8927
78.10	-2.8926
78.10	-2.8925
78.11	-2.8927
78.11	-2.8927
78.11	-2.8928
78.11	-2.8926
78.12	-2.8928
78.12	-2.8927
78.12	-2.8928
78.12	-2.8926
78.13	-2.8928
78.13	-2.8926
78.13	-2.8927
78.13	-2.8926
78.14	-2.8928
78.14	-2.8927
78.14	-2.8927
78.14	-2.8928
78.14	-2.8929
78.14	-2.8930
78.14	-2.8928
78.15	-2.8929
78.15	-2.8929
78.16	-2.8929
78.16	-2.8929
78.16	-2.8928
78.17	-2.8930
78.17	-2.8931
78.17	-2.8930
78.17	-2.8929
78.18	-2.8931
78.18	-2.8931
78.18	-2.8930
78.18	-2.8930
78.18	-2.8932
78.19	-2.8931
78.19	-2.8930
78.19	-2.8932
78.19	-2.8933
78.20	-2.8937
78.20	-2.8933
78.20	-2.8934
78.21	-2.8936
78.21	-2.8938
78.21	-2.8937
78.21	-2.8936
78.21	-2.8938
78.22	-2.8937
78.23	-2.8938
78.23	-2.8940
78.23	-2.8938
78.23	-2.8938
78.23	-2.8943
78.24	-2.8940
78.24	-2.8940
78.24	-2.8942
78.24	-2.8942
78.24	-2.8942
78.25	-2.8942
78.25	-2.8944
78.25	-2.8943
78.25	-2.8943
78.25	-2.8945
78.26	-2.8943
78.26	-2.8946
78.26	-2.8947
78.27	-2.8949
78.27	-2.8948
78.27	-2.8947
78.27	-2.8950
78.28	-2.8948
78.28	-2.8949
78.28	-2.8948
78.29	-2.8948
78.29	-2.8952
78.29	-2.8950
78.30	-2.8952
78.30	-2.8951
78.30	-2.8950
78.30	-2.8952
78.30	-2.8951
78.30	-2.8951
78.30	-2.8952
78.31	-2.8951
78.31	-2.8953
78.31	-2.8955
78.31	-2.8952
78.32	-2.8955
78.32	-2.8953
78.33	-2.8954
78.33	-2.8955
78.33	-2.8953
78.33	-2.8954
78.33	-2.8953
78.33	-2.8955
78.33	-2.8955
78.33	-2.8956
78.34	-2.8956
78.34	-2.8953
78.35	-2.8955
78.35	-2.8953
78.35	-2.8954
78.35	-2.8957
78.36	-2.8956
78.36	-2.8957
78.37	-2.8956
78.37	-2.8953
78.38	-2.8952
78.38	-2.8954
78.38	-2.8956
78.38	-2.8953
78.38	-2.8954
78.38	-2.8954
78.38	-2.8954
78.39	-2.8953
78.39	-2.8952
78.39	-2.8953
78.39	-2.8953
78.39	-2.8955
78.39	-2.8954
78.39	-2.8954
78.40	-2.8953
78.41	-2.8955
78.41	-2.8950
78.42	-2.8952
78.42	-2.8951
78.41	-2.8952
78.42	-2.8951
78.42	-2.8952
78.42	-2.8952
78.42	-2.8953
78.42	-2.8951
78.42	-2.8953
78.43	-2.8950
78.43	-2.8949
78.43	-2.8949
78.43	-2.8951
78.43	-2.8951
78.44	-2.8954
78.44	-2.8953
78.45	-2.8952
78.45	-2.8951
78.46	-2.8952
78.46	-2.8953
78.46	-2.8955
78.47	-2.8952
78.47	-2.8952
78.47	-2.8955
78.47	-2.8952
78.47	-2.8949
78.48	-2.8949
78.48	-2.8950
78.48	-2.8954
78.48	-2.8955
78.49	-2.8954
78.49	-2.8954
78.49	-2.8954
78.49	-2.8953
78.49	-2.8953
78.50	-2.8953
78.50	-2.8954
78.50	-2.8954
78.50	-2.8955
78.50	-2.8954
78.50	-2.8953
78.51	-2.8956
78.51	-2.8957
78.51	-2.8956
78.51	-2.8957
78.52	-2.8956
78.52	-2.8956
78.52	-2.8958
78.53	-2.8957
78.53	-2.8956
78.53	-2.8957
78.53	-2.8960
78.54	-2.8959
78.54	-2.8958
78.54	-2.8959
78.55	-2.8959
78.55	-2.8959
78.55	-2.8960
78.55	-2.8960
78.55	-2.8959
78.56	-2.8956
78.56	-2.8960
78.56	-2.8960
78.57	-2.8958
78.57	-2.8958
78.57	-2.8960
78.58	-2.8960
78.58	-2.8962
78.58	-2.8960
78.58	-2.8962
78.58	-2.8965
78.58	-2.8965
78.59	-2.8967
78.59	-2.8971
78.59	-2.8967
78.59	-2.8972
78.59	-2.8969
78.60	-2.8971
78.60	-2.8972
78.61	-2.8973
78.61	-2.8974
78.61	-2.8975
78.61	-2.8975
78.62	-2.8975
78.62	-2.8973
78.62	-2.8976
78.63	-2.8974
78.63	-2.8977
78.63	-2.8977
78.63	-2.8979
78.63	-2.8980
78.64	-2.8978
78.64	-2.8980
78.64	-2.8983
78.64	-2.8980
78.64	-2.8980
78.64	-2.8980
78.64	-2.8979
78.64	-2.8981
78.65	-2.8985
78.65	-2.8984
78.66	-2.8985
78.66	-2.8986
78.67	-2.8989
78.67	-2.8989
78.67	-2.8985
78.67	-2.8987
78.67	-2.8990
78.68	-2.8991
78.68	-2.8991
78.68	-2.8994
78.69	-2.8995
78.69	-2.8993
78.69	-2.8994
78.69	-2.8993
78.69	-2.8998
78.69	-2.8995
78.69	-2.8998
78.70	-2.8999
78.70	-2.8998
78.70	-2.8999
78.71	-2.8999
78.71	-2.9000
78.71	-2.9000
78.71	-2.9001
78.72	-2.9001
78.72	-2.9003
78.72	-2.9002
78.73	-2.9002
78.73	-2.9003
78.73	-2.9005
78.73	-2.9005
78.74	-2.9009
78.74	-2.9008
78.74	-2.9008
78.75	-2.9008
78.75	-2.9011
78.75	-2.9011
78.75	-2.9015
78.76	-2.9012
78.76	-2.9013
78.76	-2.9012
78.76	-2.9015
78.77	-2.9015
78.77	-2.9017
78.77	-2.9018
78.77	-2.9015
78.77	-2.9019
78.77	-2.9020
78.78	-2.9018
78.78	-2.9022
78.78	-2.9020
78.79	-2.9020
78.79	-2.9023
78.79	-2.9022
78.80	-2.9025
78.80	-2.9025
78.80	-2.9025
78.80	-2.9025
78.80	-2.9027
78.80	-2.9026
78.81	-2.9026
78.81	-2.9026
78.81	-2.9030
78.81	-2.9028
78.82	-2.9031
78.82	-2.9029
78.82	-2.9028
78.82	-2.9031
78.83	-2.9032
78.83	-2.9033
78.83	-2.9031
78.83	-2.9033
78.84	-2.9034
78.84	-2.9035
78.84	-2.9035
78.84	-2.9036
78.85	-2.9036
78.85	-2.9036
78.85	-2.9036
78.85	-2.9036
78.86	-2.9040
78.86	-2.9039
78.86	-2.9040
78.87	-2.9037
78.87	-2.9039
78.87	-2.9040
78.87	-2.9040
78.88	-2.9041
78.88	-2.9042
78.88	-2.9040
78.88	-2.9042
78.89	-2.9039
78.89	-2.9044
78.89	-2.9042
78.89	-2.9043
78.89	-2.9044
78.90	-2.9045
78.90	-2.9044
78.90	-2.9043
78.91	-2.9044
78.91	-2.9045
78.92	-2.9042
78.92	-2.9045
78.92	-2.9046
78.92	-2.9046
78.92	-2.9046
78.92	-2.9049
78.92	-2.9047
78.93	-2.9047
78.93	-2.9050
78.93	-2.9051
78.94	-2.9047
78.94	-2.9051
78.94	-2.9051
78.94	-2.9051
78.95	-2.9050
78.95	-2.9053
78.95	-2.9054
78.95	-2.9055
78.96	-2.9054
78.96	-2.9057
78.96	-2.9057
78.96	-2.9057
78.97	-2.9058
78.97	-2.9058
78.97	-2.9058
78.98	-2.9060
78.98	-2.9061
78.98	-2.9059
78.98	-2.9060
78.98	-2.9061
78.98	-2.9062
78.99	-2.9064
78.99	-2.9060
78.99	-2.9066
79.00	-2.9063
79.00	-2.9064
79.00	-2.9066
79.00	-2.9064
79.01	-2.9065
79.01	-2.9066
79.01	-2.9065
79.02	-2.9068
79.02	-2.9068
79.02	-2.9065
79.02	-2.9068
79.03	-2.9067
79.03	-2.9067
79.03	-2.9067
79.03	-2.9069
79.03	-2.9066
79.04	-2.9069
79.04	-2.9067
79.04	-2.9067
79.05	-2.9067
79.05	-2.9069
79.05	-2.9067
79.05	-2.9068
79.05	-2.9070
79.06	-2.9069
79.06	-2.9069
79.06	-2.9073
79.06	-2.9069
79.06	-2.9070
79.06	-2.9069
79.07	-2.9071
79.08	-2.9072
79.08	-2.9070
79.08	-2.9072
79.08	-2.9068
79.08	-2.9071
79.09	-2.9070
79.09	-2.9073
79.09	-2.9071
79.09	-2.9072
79.10	-2.9072
79.10	-2.9073
79.10	-2.9076
79.10	-2.9076
79.10	-2.9076
79.11	-2.9075
79.11	-2.9076
79.11	-2.9076
79.12	-2.9078
79.12	-2.9078
79.12	-2.9079
79.13	-2.9080
79.13	-2.9081
79.13	-2.9081
79.13	-2.9080
79.13	-2.9082
79.14	-2.9081
79.14	-2.9083
79.14	-2.9082
79.14	-2.9082
79.15	-2.9082
79.15	-2.9084
79.16	-2.9084
79.16	-2.9084
79.16	-2.9086
79.16	-2.9085
79.16	-2.9088
79.16	-2.9083
79.17	-2.9084
79.17	-2.9085
79.17	-2.9088
79.17	-2.9088
79.17	-2.9088
79.17	-2.9087
79.18	-2.9087
79.18	-2.9086
79.18	-2.9088
79.19	-2.9088
79.19	-2.9089
79.19	-2.9087
79.20	-2.9090
79.20	-2.9089
79.20	-2.9092
79.20	-2.9090
79.20	-2.9089
79.21	-2.9092
79.21	-2.9091
79.22	-2.9092
79.22	-2.9093
79.22	-2.9092
79.22	-2.9094
79.22	-2.9092
79.23	-2.9094
79.23	-2.9093
79.23	-2.9095
79.23	-2.9096
79.24	-2.9094
79.24	-2.9095
79.24	-2.9097
79.25	-2.9096
79.25	-2.9097
79.25	-2.9101
79.25	-2.9099
79.25	-2.9101
79.26	-2.9099
79.26	-2.9103
79.26	-2.9101
79.26	-2.9102
79.27	-2.9103
79.27	-2.9102
79.28	-2.9105
79.28	-2.9105
79.28	-2.9103
79.28	-2.9106
79.28	-2.9106
79.28	-2.9107
79.29	-2.9109
79.29	-2.9109
79.29	-2.9109
79.30	-2.9109
79.30	-2.9111
79.30	-2.9112
79.30	-2.9111
79.30	-2.9111
79.31	-2.9113
79.31	-2.9112
79.31	-2.9112
79.31	-2.9114
79.32	-2.9114
79.32	-2.9114
79.33	-2.9114
79.33	-2.9115
79.33	-2.9116
79.33	-2.9116
79.33	-2.9115
79.33	-2.9114
79.33	-2.9116
79.34	-2.9115
79.34	-2.9115
79.34	-2.9115
79.34	-2.9116
79.34	-2.9115
79.35	-2.9116
79.35	-2.9115
79.36	-2.9116
79.36	-2.9116
79.36	-2.9115
79.36	-2.9118
79.36	-2.9116
79.37	-2.9115
79.37	-2.9117
79.37	-2.9115
79.38	-2.9118
79.38	-2.9119
79.38	-2.9118
79.38	-2.9119
79.39	-2.9119
79.39	-2.9119
79.39	-2.9119
79.39	-2.9119
79.39	-2.9119
79.39	-2.9121
79.40	-2.9122
79.40	-2.9122
79.40	-2.9122
79.40	-2.9123
79.41	-2.9121
79.41	-2.9121
79.41	-2.9123
79.42	-2.9123
79.42	-2.9122
79.42	-2.9124
79.42	-2.9124
79.42	-2.9123
79.43	-2.9123
79.43	-2.9123
79.44	-2.9125
79.44	-2.9127
79.44	-2.9126
79.45	-2.9126
79.45	-2.9125
79.45	-2.9128
79.45	-2.9129
79.46	-2.9129
79.46	-2.9128
79.46	-2.9128
79.46	-2.9127
79.46	-2.9127
79.47	-2.9128
79.47	-2.9128
79.47	-2.9128
79.48	-2.9131
79.48	-2.9131
79.48	-2.9128
79.48	-2.9128
79.49	-2.9132
79.49	-2.9131
79.49	-2.9132
79.49	-2.9132
79.49	-2.9132
79.50	-2.9132
79.50	-2.9134
79.50	-2.9133
79.50	-2.9134
79.51	-2.9134
79.51	-2.9136
79.51	-2.9137
79.52	-2.9135
79.52	-2.9140
79.52	-2.9134
79.52	-2.9137
79.53	-2.9140
79.53	-2.9139
79.53	-2.9137
79.53	-2.9137
79.53	-2.9139
79.54	-2.9140
79.54	-2.9138
79.54	-2.9139
79.55	-2.9138
79.54	-2.9139
79.55	-2.9140
79.55	-2.9140
79.55	-2.9140
79.55	-2.9141
79.55	-2.9140
79.55	-2.9140
79.56	-2.9139
79.56	-2.9141
79.57	-2.9141
79.57	-2.9140
79.57	-2.9140
79.58	-2.9139
79.58	-2.9139
79.58	-2.9143
79.58	-2.9142
79.58	-2.9143
79.58	-2.9142
79.59	-2.9141
79.59	-2.9142
79.59	-2.9141
79.59	-2.9140
79.60	-2.9142
79.60	-2.9143
79.60	-2.9141
79.61	-2.9144
79.61	-2.9144
79.61	-2.9142
79.62	-2.9143
79.62	-2.9143
79.62	-2.9144
79.63	-2.9144
79.63	-2.9144
79.63	-2.9147
79.63	-2.9146
79.63	-2.9147
79.63	-2.9146
79.64	-2.9145
79.64	-2.9148
79.64	-2.9147
79.64	-2.9148
79.64	-2.9146
79.65	-2.9148
79.65	-2.9148
79.65	-2.9151
79.65	-2.9149
79.65	-2.9150
79.66	-2.9149
79.67	-2.9148
79.67	-2.9151
79.67	-2.9150
79.67	-2.9150
79.67	-2.9151
79.67	-2.9151
79.68	-2.9154
79.68	-2.9153
79.68	-2.9154
79.69	-2.9152
79.69	-2.9155
79.69	-2.9157
79.69	-2.9155
79.70	-2.9158
79.70	-2.9155
79.70	-2.9159
79.70	-2.9156
79.70	-2.9156
79.70	-2.9157
79.71	-2.9158
79.71	-2.9159
79.71	-2.9160
79.71	-2.9161
79.72	-2.9158
79.72	-2.9163
79.73	-2.9160
79.73	-2.9162
79.73	-2.9160
79.73	-2.9162
79.73	-2.9160
79.74	-2.9162
79.74	-2.9161
79.74	-2.9164
79.75	-2.9163
79.75	-2.9165
79.75	-2.9166
79.75	-2.9169
79.75	-2.9167
79.76	-2.9167
79.76	-2.9167
79.76	-2.9165
79.76	-2.9169
79.77	-2.9169
79.77	-2.9170
79.78	-2.9169
79.78	-2.9170
79.78	-2.9170
79.78	-2.9168
79.78	-2.9172
79.78	-2.9171
79.79	-2.9171
79.79	-2.9173
79.80	-2.9173
79.80	-2.9172
79.80	-2.9176
79.80	-2.9173
79.80	-2.9175
79.81	-2.9175
79.81	-2.9177
79.81	-2.9177
79.81	-2.9177
79.82	-2.9178
79.82	-2.9177
79.82	-2.9175
79.82	-2.9180
79.83	-2.9178
79.83	-2.9181
79.83	-2.9179
79.83	-2.9181
79.84	-2.9183
79.84	-2.9182
79.84	-2.9180
79.84	-2.9181
79.85	-2.9182
79.85	-2.9185
79.85	-2.9185
79.85	-2.9185
79.85	-2.9185
79.86	-2.9186
79.86	-2.9186
79.86	-2.9185
79.87	-2.9186
79.87	-2.9188
79.87	-2.9187
79.88	-2.9187
79.88	-2.9188
79.88	-2.9188
79.88	-2.9187
79.88	-2.9188
79.89	-2.9189
79.89	-2.9189
79.89	-2.9191
79.89	-2.9190
79.89	-2.9191
79.90	-2.9192
79.90	-2.9193
79.90	-2.9192
79.90	-2.9194
79.91	-2.9193
79.91	-2.9194
79.91	-2.9193
79.92	-2.9194
79.92	-2.9193
79.92	-2.9194
79.93	-2.9195
79.93	-2.9195
79.93	-2.9193
79.94	-2.9194
79.94	-2.9194
79.94	-2.9195
79.94	-2.9196
79.94	-2.9197
79.94	-2.9198
79.95	-2.9197
79.95	-2.9197
79.95	-2.9199
79.95	-2.9197
79.95	-2.9196
79.96	-2.9197
79.96	-2.9197
79.96	-2.9196
79.97	-2.9195
79.97	-2.9194
79.97	-2.9197
79.98	-2.9199
79.98	-2.9195
79.98	-2.9199
79.98	-2.9197
79.98	-2.9197
79.98	-2.9198
79.99	-2.9199
79.99	-2.9198
79.99	-2.9199
80.00	-2.9199
80.00	-2.9200
80.00	-2.9201
80.00	-2.9202
80.01	-2.9202
80.01	-2.9202
80.01	-2.9203
80.01	-2.9201
80.02	-2.9204
80.02	-2.9204
80.02	-2.9204
80.02	-2.9205
80.03	-2.9203
80.03	-2.9205
80.03	-2.9206
80.03	-2.9205
80.03	-2.9207
80.04	-2.9206
80.04	-2.9207
80.05	-2.9204
80.05	-2.9208
80.05	-2.9208
80.05	-2.9208
80.05	-2.9211
80.05	-2.9207
80.06	-2.9212
80.06	-2.9208
80.07	-2.9213
80.07	-2.9208
80.07	-2.9211
80.08	-2.9209
80.08	-2.9210
80.08	-2.9210
80.08	-2.9211
80.08	-2.9210
80.08	-2.9211
80.08	-2.9209
80.09	-2.9212
80.09	-2.9210
80.09	-2.9211
80.10	-2.9210
80.10	-2.9211
80.10	-2.9209
80.10	-2.9212
80.10	-2.9212
80.11	-2.9211
80.11	-2.9212
80.11	-2.9213
80.12	-2.9213
80.12	-2.9212
80.13	-2.9212
80.13	-2.9214
80.13	-2.9214
80.13	-2.9215
80.13	-2.9213
80.13	-2.9215
80.14	-2.9215
80.14	-2.9215
80.14	-2.9218
80.14	-2.9216
80.14	-2.9215
80.14	-2.9216
80.15	-2.9216
80.15	-2.9218
80.15	-2.9219
80.15	-2.9219
80.15	-2.9219
80.16	-2.9221
80.16	-2.9219
80.17	-2.9222
80.17	-2.9222
80.17	-2.9223
80.18	-2.9223
80.18	-2.9222
80.18	-2.9224
80.18	-2.9225
80.19	-2.9225
80.18	-2.9225
80.19	-2.9226
80.19	-2.9224
80.20	-2.9226
80.20	-2.9226
80.20	-2.9227
80.20	-2.9224
80.20	-2.9226
80.21	-2.9226
80.21	-2.9225
80.21	-2.9228
80.22	-2.9225
80.22	-2.9226
80.22	-2.9226
80.22	-2.9225
80.23	-2.9225
80.23	-2.9227
80.23	-2.9226
80.23	-2.9227
80.23	-2.9228
80.24	-2.9227
80.24	-2.9227
80.24	-2.9231
80.25	-2.9227
80.25	-2.9227
80.25	-2.9229
80.25	-2.9230
80.25	-2.9228
80.25	-2.9230
80.26	-2.9231
80.26	-2.9231
80.27	-2.9233
80.28	-2.9232
80.28	-2.9232
80.28	-2.9231
80.28	-2.9233
80.28	-2.9232
80.28	-2.9235
80.28	-2.9235
80.29	-2.9237
80.30	-2.9237
80.30	-2.9237
80.30	-2.9238
80.30	-2.9239
80.30	-2.9240
80.30	-2.9243
80.30	-2.9240
80.30	-2.9239
80.30	-2.9241
80.31	-2.9243
80.31	-2.9242
80.32	-2.9242
80.32	-2.9242
80.32	-2.9244
80.33	-2.9244
80.33	-2.9244
80.33	-2.9246
80.33	-2.9245
80.34	-2.9245
80.34	-2.9244
80.34	-2.9249
80.34	-2.9247
80.35	-2.9245
80.35	-2.9248
80.36	-2.9245
80.35	-2.9247
80.36	-2.9248
80.36	-2.9247
80.36	-2.9249
80.36	-2.9249
80.37	-2.9248
80.37	-2.9248
80.37	-2.9248
80.38	-2.9250
80.38	-2.9247
80.38	-2.9249
80.38	-2.9251
80.38	-2.9249
80.39	-2.9250
80.39	-2.9249
80.39	-2.9250
80.39	-2.9251
80.40	-2.9249
80.39	-2.9252
80.40	-2.9252
80.41	-2.9253
80.41	-2.9254
80.41	-2.9255
80.42	-2.9254
80.42	-2.9256
80.42	-2.9253
80.42	-2.9254
80.42	-2.9256
80.42	-2.9252
80.42	-2.9257
80.42	-2.9255
80.43	-2.9254
80.43	-2.9255
80.43	-2.9256
80.43	-2.9255
80.44	-2.9257
80.44	-2.9258
80.44	-2.9257
80.44	-2.9258
80.45	-2.9258
80.45	-2.9257
80.45	-2.9258
80.45	-2.9257
80.45	-2.9258
80.46	-2.9259
80.46	-2.9259
80.46	-2.9257
80.46	-2.9262
80.47	-2.9262
80.47	-2.9262
80.47	-2.9260
80.48	-2.9261
80.48	-2.9263
80.48	-2.9262
80.48	-2.9262
80.49	-2.9261
80.49	-2.9264
80.49	-2.9262
80.50	-2.9263
80.50	-2.9261
80.50	-2.9264
80.50	-2.9261
80.50	-2.9261
80.51	-2.9263
80.51	-2.9260
80.51	-2.9264
80.51	-2.9264
80.51	-2.9264
80.52	-2.9263
80.53	-2.9264
80.53	-2.9263
80.53	-2.9264
80.53	-2.9265
80.53	-2.9266
80.53	-2.9266
80.54	-2.9269
80.54	-2.9267
80.54	-2.9266
80.55	-2.9267
80.55	-2.9268
80.55	-2.9267
80.55	-2.9267
80.56	-2.9265
80.56	-2.9269
80.56	-2.9267
80.56	-2.9269
80.56	-2.9269
80.57	-2.9268
80.57	-2.9270
80.57	-2.9271
80.58	-2.9269
80.58	-2.9270
80.58	-2.9270
80.58	-2.9270
80.59	-2.9272
80.59	-2.9272
80.59	-2.9269
80.59	-2.9271
80.60	-2.9272
80.60	-2.9274
80.60	-2.9272
80.60	-2.9272
80.61	-2.9274
80.61	-2.9274
80.61	-2.9273
80.62	-2.9275
80.62	-2.9275
80.62	-2.9273
80.62	-2.9276
80.63	-2.9278
80.63	-2.9275
80.63	-2.9277
80.63	-2.9278
80.63	-2.9278
80.63	-2.9279
80.64	-2.9278
80.64	-2.9279
80.64	-2.9278
80.64	-2.9279
80.64	-2.9278
80.65	-2.9279
80.65	-2.9282
80.65	-2.9280
80.65	-2.9279
80.66	-2.9281
80.66	-2.9280
80.66	-2.9282
80.66	-2.9282
80.66	-2.9281
80.67	-2.9282
80.67	-2.9280
80.67	-2.9282
80.68	-2.9280
80.68	-2.9281
80.68	-2.9282
80.68	-2.9284
80.68	-2.9282
80.69	-2.9284
80.70	-2.9283
80.70	-2.9287
80.70	-2.9281
80.70	-2.9287
80.71	-2.9285
80.71	-2.9285
80.71	-2.9285
80.71	-2.9286
80.71	-2.9286
80.72	-2.9287
80.72	-2.9286
80.72	-2.9286
80.73	-2.9286
80.73	-2.9287
80.73	-2.9286
80.73	-2.9287
80.73	-2.9289
80.74	-2.9288
80.74	-2.9289
80.74	-2.9289
80.75	-2.9287
80.75	-2.9288
80.75	-2.9287
80.75	-2.9289
80.75	-2.9287
80.75	-2.9290
80.76	-2.9288
80.76	-2.9290
80.77	-2.9290
80.77	-2.9290
80.78	-2.9289
80.78	-2.9290
80.78	-2.9292
80.78	-2.9288
80.78	-2.9290
80.78	-2.9292
80.78	-2.9293
80.79	-2.9291
80.79	-2.9292
80.80	-2.9292
80.80	-2.9292
80.80	-2.9295
80.80	-2.9295
80.80	-2.9295
80.80	-2.9296
80.81	-2.9294
80.81	-2.9295
80.81	-2.9294
80.82	-2.9295
80.82	-2.9295
80.83	-2.9297
80.83	-2.9297
80.83	-2.9296
80.83	-2.9297
80.83	-2.9296
80.84	-2.9296
80.84	-2.9296
80.84	-2.9297
80.84	-2.9299
80.84	-2.9298
80.84	-2.9297
80.84	-2.9296
80.85	-2.9298
80.85	-2.9298
80.85	-2.9297
80.85	-2.9299
80.85	-2.9299
80.86	-2.9299
80.86	-2.9300
80.86	-2.9301
80.87	-2.9301
80.87	-2.9299
80.88	-2.9300
80.88	-2.9300
80.88	-2.9302
80.88	-2.9303
80.88	-2.9303
80.89	-2.9304
80.89	-2.9301
80.89	-2.9302
80.89	-2.9304
80.90	-2.9304
80.90	-2.9305
80.90	-2.9305
80.90	-2.9304
80.90	-2.9304
80.91	-2.9305
80.91	-2.9306
80.92	-2.9304
80.92	-2.9304
80.92	-2.9305
80.93	-2.9304
80.93	-2.9304
80.93	-2.9309
80.93	-2.9305
80.93	-2.9309
80.94	-2.9307
80.94	-2.9307
80.94	-2.9309
80.94	-2.9307
80.95	-2.9307
80.95	-2.9309
80.95	-2.9310
80.95	-2.9310
80.95	-2.9309
80.96	-2.9309
80.96	-2.9313
80.97	-2.9311
80.97	-2.9310
80.97	-2.9315
80.97	-2.9313
80.98	-2.9312
80.98	-2.9312
80.98	-2.9313
80.98	-2.9315
80.98	-2.9315
80.99	-2.9315
80.99	-2.9317
80.99	-2.9316
81.00	-2.9314
81.00	-2.9316
81.00	-2.9314
81.00	-2.9316
81.01	-2.9320
81.01	-2.9319
81.01	-2.9318
81.01	-2.9317
81.01	-2.9315
81.01	-2.9319
81.02	-2.9317
81.02	-2.9318
81.02	-2.9319
81.03	-2.9317
81.03	-2.9319
81.03	-2.9319
81.04	-2.9319
81.04	-2.9317
81.04	-2.9319
81.04	-2.9319
81.04	-2.9320
81.05	-2.9319
81.05	-2.9321
81.05	-2.9320
81.05	-2.9318
81.05	-2.9319
81.05	-2.9317
81.05	-2.9320
81.06	-2.9319
81.07	-2.9318
81.07	-2.9319
81.07	-2.9321
81.08	-2.9318
81.08	-2.9320
81.08	-2.9319
81.08	-2.9320
81.08	-2.9322
81.09	-2.9318
81.09	-2.9320
81.09	-2.9321
81.09	-2.9321
81.09	-2.9321
81.10	-2.9319
81.11	-2.9319
81.11	-2.9319
81.11	-2.9320
81.11	-2.9322
81.11	-2.9319
81.11	-2.9322
81.12	-2.9323
81.12	-2.9323
81.12	-2.9322
81.12	-2.9323
81.13	-2.9326
81.13	-2.9325
81.13	-2.9324
81.14	-2.9326
81.14	-2.9325
81.14	-2.9328
81.14	-2.9328
81.14	-2.9326
81.14	-2.9327
81.15	-2.9328
81.15	-2.9328
81.15	-2.9329
81.15	-2.9331
81.16	-2.9331
81.16	-2.9331
81.16	-2.9332
81.16	-2.9331
81.17	-2.9332
81.17	-2.9332
81.17	-2.9333
81.17	-2.9336
81.17	-2.9336
81.18	-2.9334
81.18	-2.9334
81.19	-2.9336
81.19	-2.9338
81.20	-2.9336
81.20	-2.9336
81.20	-2.9336
81.20	-2.9337
81.20	-2.9338
81.20	-2.9338
81.20	-2.9337
81.20	-2.9339
81.21	-2.9338
81.22	-2.9338
81.22	-2.9340
81.22	-2.9339
81.22	-2.9338
81.23	-2.9339
81.23	-2.9340
81.23	-2.9340
81.23	-2.9340
81.24	-2.9340
81.24	-2.9343
81.24	-2.9341
81.24	-2.9342
81.25	-2.9341
81.25	-2.9342
81.25	-2.9343
81.25	-2.9343
81.25	-2.9341
81.26	-2.9343
81.26	-2.9344
81.26	-2.9346
81.26	-2.9346
81.27	-2.9345
81.28	-2.9345
81.28	-2.9347
81.28	-2.9344
81.28	-2.9346
81.28	-2.9344
81.28	-2.9347
81.29	-2.9346
81.29	-2.9347
81.29	-2.9349
81.29	-2.9348
81.29	-2.9349
81.30	-2.9349
81.30	-2.9348
81.30	-2.9348
81.30	-2.9349
81.30	-2.9351
81.30	-2.9349
81.31	-2.9349
81.31	-2.9352
81.32	-2.9352
81.32	-2.9353
81.32	-2.9353
81.33	-2.9354
81.33	-2.9354
81.33	-2.9352
81.33	-2.9354
81.33	-2.9355
81.33	-2.9353
81.33	-2.9354
81.33	-2.9357
81.34	-2.9357
81.34	-2.9357
81.34	-2.9355
81.35	-2.9358
81.36	-2.9359
81.36	-2.9359
81.36	-2.9361
81.36	-2.9359
81.36	-2.9360
81.37	-2.9361
81.37	-2.9361
81.37	-2.9360
81.37	-2.9361
81.37	-2.9361
81.38	-2.9361
81.38	-2.9363
81.38	-2.9362
81.38	-2.9363
81.39	-2.9364
81.39	-2.9363
81.39	-2.9365
81.39	-2.9363
81.39	-2.9363
81.39	-2.9364
81.40	-2.9364
81.40	-2.9365
81.40	-2.9366
81.41	-2.9366
81.41	-2.9368
81.41	-2.9366
81.42	-2.9365
81.42	-2.9369
81.42	-2.9368
81.42	-2.9370
81.42	-2.9368
81.43	-2.9369
81.43	-2.9369
81.43	-2.9368
81.44	-2.9369
81.44	-2.9372
81.44	-2.9373
81.45	-2.9371
81.45	-2.9370
81.45	-2.9370
81.45	-2.9372
81.45	-2.9371
81.45	-2.9371
81.45	-2.9372
81.45	-2.9372
81.46	-2.9373
81.46	-2.9375
81.47	-2.9375
81.47	-2.9373
81.47	-2.9375
81.48	-2.9373
81.48	-2.9374
81.48	-2.9375
81.48	-2.9377
81.49	-2.9373
81.49	-2.9376
81.49	-2.9378
81.49	-2.9375
81.50	-2.9379
81.50	-2.9378
81.50	-2.9379
81.50	-2.9378
81.51	-2.9378
81.51	-2.9379
81.51	-2.9380
81.51	-2.9381
81.52	-2.9379
81.52	-2.9381
81.53	-2.9380
81.53	-2.9380
81.53	-2.9382
81.53	-2.9379
81.53	-2.9380
81.53	-2.9380
81.53	-2.9381
81.54	-2.9383
81.54	-2.9385
81.54	-2.9384
81.55	-2.9382
81.55	-2.9384
81.55	-2.9384
81.55	-2.9385
81.56	-2.9383
81.56	-2.9384
81.56	-2.9385
81.56	-2.9385
81.56	-2.9386
81.57	-2.9384
81.57	-2.9384
81.57	-2.9386
81.58	-2.9386
81.58	-2.9388
81.58	-2.9384
81.58	-2.9388
81.58	-2.9387
81.59	-2.9385
81.59	-2.9386
81.59	-2.9388
81.59	-2.9388
81.59	-2.9391
81.60	-2.9387
81.60	-2.9390
81.61	-2.9390
81.61	-2.9390
81.61	-2.9389
81.62	-2.9389
81.62	-2.9391
81.62	-2.9392
81.62	-2.9391
81.62	-2.9392
81.63	-2.9391
81.63	-2.9392
81.63	-2.9391
81.63	-2.9389
81.64	-2.9391
81.63	-2.9390
81.64	-2.9392
81.64	-2.9392
81.64	-2.9392
81.64	-2.9391
81.65	-2.9391
81.65	-2.9392
81.66	-2.9392
81.67	-2.9390
81.67	-2.9392
81.67	-2.9392
81.67	-2.9394
81.67	-2.9394
81.67	-2.9395
81.67	-2.9395
81.67	-2.9394
81.68	-2.9394
81.68	-2.9394
81.68	-2.9395
81.68	-2.9396
81.69	-2.9394
81.69	-2.9395
81.69	-2.9395
81.70	-2.9395
81.70	-2.9396
81.70	-2.9396
81.70	-2.9397
81.70	-2.9396
81.71	-2.9400
81.71	-2.9399
81.72	-2.9400
81.72	-2.9400
81.72	-2.9399
81.73	-2.9400
81.73	-2.9399
81.73	-2.9402
81.73	-2.9402
81.73	-2.9401
81.74	-2.9405
81.74	-2.9404
81.74	-2.9404
81.74	-2.9403
81.74	-2.9407
81.75	-2.9406
81.75	-2.9403
81.75	-2.9405
81.75	-2.9407
81.76	-2.9405
81.76	-2.9409
81.76	-2.9406
81.76	-2.9405
81.76	-2.9410
81.76	-2.9409
81.77	-2.9411
81.77	-2.9410
81.77	-2.9410
81.78	-2.9411
81.78	-2.9409
81.78	-2.9412
81.79	-2.9412
81.79	-2.9414
81.79	-2.9414
81.79	-2.9414
81.80	-2.9415
81.80	-2.9415
81.80	-2.9414
81.80	-2.9417
81.80	-2.9417
81.81	-2.9416
81.81	-2.9416
81.82	-2.9418
81.82	-2.9418
81.82	-2.9419
81.82	-2.9419
81.83	-2.9419
81.83	-2.9417
81.83	-2.9417
81.83	-2.9420
81.83	-2.9419
81.83	-2.9422
81.84	-2.9421
81.84	-2.9423
81.84	-2.9423
81.85	-2.9422
81.85	-2.9424
81.85	-2.9422
81.85	-2.9424
81.86	-2.9426
81.86	-2.9424
81.86	-2.9426
81.86	-2.9425
81.87	-2.9426
81.87	-2.9426
81.88	-2.9427
81.88	-2.9427
81.88	-2.9428
81.88	-2.9428
81.88	-2.9429
81.88	-2.9429
81.89	-2.9427
81.89	-2.9428
81.89	-2.9429
81.89	-2.9429
81.90	-2.9431
81.90	-2.9429
81.91	-2.9429
81.91	-2.9429
81.91	-2.9430
81.91	-2.9430
81.92	-2.9429
81.92	-2.9431
81.92	-2.9434
81.92	-2.9431
81.92	-2.9432
81.92	-2.9433
81.93	-2.9433
81.93	-2.9434
81.93	-2.9433
81.94	-2.9433
81.94	-2.9433
81.94	-2.9432
81.95	-2.9436
81.95	-2.9433
81.95	-2.9436
81.95	-2.9436
81.95	-2.9435
81.95	-2.9436
81.95	-2.9435
81.96	-2.9437
81.96	-2.9437
81.97	-2.9437
81.97	-2.9437
81.97	-2.9439
81.98	-2.9439
81.98	-2.9439
81.98	-2.9439
81.98	-2.9440
81.98	-2.9442
81.98	-2.9442
81.98	-2.9444
81.99	-2.9442
81.99	-2.9440
82.00	-2.9441
82.00	-2.9445
82.00	-2.9443
82.00	-2.9443
82.00	-2.9444
82.01	-2.9440
82.01	-2.9442
82.01	-2.9445
82.01	-2.9445
82.02	-2.9444
82.02	-2.9444
82.03	-2.9443
82.03	-2.9444
82.03	-2.9443
82.03	-2.9443
82.04	-2.9442
82.04	-2.9443
82.04	-2.9442
82.04	-2.9446
82.05	-2.9445
82.05	-2.9445
82.05	-2.9444
82.05	-2.9444
82.05	-2.9445
82.06	-2.9445
82.06	-2.9448
82.06	-2.9446
82.06	-2.9448
82.07	-2.9447
82.07	-2.9449
82.07	-2.9448
82.07	-2.9447
82.08	-2.9448
82.08	-2.9449
82.08	-2.9447
82.08	-2.9448
82.09	-2.9449
82.09	-2.9450
82.09	-2.9451
82.09	-2.9449
82.09	-2.9447
82.09	-2.9449
82.10	-2.9450
82.10	-2.9451
82.10	-2.9449
82.10	-2.9451
82.11	-2.9451
82.11	-2.9452
82.11	-2.9452
82.11	-2.9450
82.12	-2.9451
82.12	-2.9455
82.13	-2.9451
82.13	-2.9452
82.13	-2.9451
82.14	-2.9453
82.14	-2.9453
82.14	-2.9452
82.14	-2.9454
82.14	-2.9453
82.14	-2.9453
82.15	-2.9453
82.15	-2.9453
82.15	-2.9453
82.16	-2.9456
82.16	-2.9453
82.16	-2.9455
82.17	-2.9457
82.17	-2.9457
82.17	-2.9456
82.17	-2.9457
82.17	-2.9459
82.17	-2.9459
82.17	-2.9459
82.18	-2.9459
82.18	-2.9461
82.19	-2.9459
82.19	-2.9461
82.20	-2.9463
82.20	-2.9463
82.20	-2.9463
82.20	-2.9463
82.20	-2.9465
82.20	-2.9464
82.20	-2.9466
82.20	-2.9467
82.21	-2.9468
82.21	-2.9467
82.22	-2.9470
82.22	-2.9470
82.22	-2.9471
82.22	-2.9470
82.22	-2.9472
82.23	-2.9473
82.23	-2.9472
82.23	-2.9475
82.23	-2.9473
82.23	-2.9478
82.23	-2.9476
82.24	-2.9477
82.24	-2.9477
82.24	-2.9475
82.25	-2.9477
82.25	-2.9477
82.25	-2.9475
82.25	-2.9477
82.26	-2.9478
82.26	-2.9478
82.26	-2.9478
82.26	-2.9478
82.27	-2.9478
82.27	-2.9481
82.28	-2.9480
82.28	-2.9482
82.28	-2.9480
82.28	-2.9482
82.28	-2.9480
82.29	-2.9482
82.29	-2.9484
82.29	-2.9483
82.29	-2.9486
82.30	-2.9486
82.30	-2.9485
82.30	-2.9484
82.30	-2.9485
82.30	-2.9483
82.30	-2.9484
82.31	-2.9485
82.31	-2.9484
82.31	-2.9485
82.32	-2.9485
82.32	-2.9486
82.32	-2.9490
82.32	-2.9487
82.33	-2.9489
82.33	-2.9489
82.33	-2.9487
82.33	-2.9490
82.33	-2.9489
82.34	-2.9492
82.34	-2.9488
82.34	-2.9494
82.34	-2.9491
82.34	-2.9492
82.34	-2.9493
82.35	-2.9493
82.36	-2.9495
82.36	-2.9494
82.37	-2.9494
82.37	-2.9495
82.37	-2.9497
82.38	-2.9494
82.38	-2.9496
82.38	-2.9495
82.38	-2.9498
82.38	-2.9498
82.38	-2.9496
82.39	-2.9498
82.39	-2.9498
82.39	-2.9500
82.39	-2.9498
82.39	-2.9499
82.39	-2.9500
82.40	-2.9500
82.40	-2.9501
82.40	-2.9502
82.41	-2.9501
82.41	-2.9503
82.41	-2.9503
82.42	-2.9502
82.42	-2.9502
82.42	-2.9505
82.42	-2.9505
82.43	-2.9504
82.43	-2.9506
82.43	-2.9503
82.43	-2.9504
82.44	-2.9507
82.44	-2.9506
82.45	-2.9507
82.45	-2.9507
82.45	-2.9508
82.45	-2.9507
82.45	-2.9508
82.45	-2.9508
82.46	-2.9509
82.46	-2.9511
82.46	-2.9508
82.47	-2.9507
82.47	-2.9508
82.47	-2.9511
82.47	-2.9510
82.48	-2.9511
82.48	-2.9512
82.48	-2.9512
82.49	-2.9513
82.49	-2.9511
82.49	-2.9512
82.49	-2.9512
82.50	-2.9513
82.50	-2.9513
82.50	-2.9511
82.51	-2.9514
82.51	-2.9512
82.51	-2.9516
82.51	-2.9516
82.51	-2.9514
82.51	-2.9518
82.52	-2.9516
82.52	-2.9514
82.52	-2.9513
82.53	-2.9517
82.53	-2.9517
82.53	-2.9515
82.53	-2.9517
82.54	-2.9515
82.54	-2.9518
82.54	-2.9517
82.54	-2.9519
82.55	-2.9519
82.55	-2.9519
82.55	-2.9518
82.55	-2.9520
82.55	-2.9520
82.55	-2.9519
82.56	-2.9521
82.56	-2.9520
82.56	-2.9522
82.56	-2.9520
82.57	-2.9523
82.57	-2.9522
82.57	-2.9524
82.57	-2.9525
82.58	-2.9525
82.58	-2.9525
82.58	-2.9524
82.59	-2.9528
82.59	-2.9528
82.59	-2.9525
82.59	-2.9528
82.59	-2.9529
82.59	-2.9529
82.60	-2.9531
82.60	-2.9531
82.60	-2.9531
82.60	-2.9532
82.61	-2.9532
82.61	-2.9534
82.62	-2.9534
82.62	-2.9536
82.63	-2.9535
82.63	-2.9534
82.63	-2.9536
82.63	-2.9538
82.63	-2.9538
82.64	-2.9538
82.64	-2.9538
82.64	-2.9540
82.64	-2.9540
82.64	-2.9541
82.64	-2.9541
82.64	-2.9541
82.65	-2.9541
82.65	-2.9542
82.65	-2.9542
82.66	-2.9541
82.66	-2.9545
82.66	-2.9544
82.66	-2.9544
82.67	-2.9542
82.67	-2.9543
82.67	-2.9546
82.67	-2.9543
82.68	-2.9546
82.68	-2.9545
82.68	-2.9545
82.68	-2.9547
82.69	-2.9546
82.69	-2.9547
82.69	-2.9547
82.70	-2.9548
82.70	-2.9546
82.70	-2.9549
82.70	-2.9548
82.70	-2.9549
82.70	-2.9548
82.70	-2.9550
82.71	-2.9550
82.71	-2.9549
82.72	-2.9549
82.72	-2.9552
82.73	-2.9553
82.73	-2.9551
82.73	-2.9550
82.73	-2.9551
82.73	-2.9555
82.74	-2.9553
82.74	-2.9553
82.74	-2.9556
82.75	-2.9555
82.75	-2.9553
82.75	-2.9557
82.75	-2.9556
82.75	-2.9557
82.76	-2.9557
82.76	-2.9559
82.76	-2.9557
82.76	-2.9557
82.76	-2.9558
82.77	-2.9560
82.77	-2.9560
82.77	-2.9560
82.78	-2.9558
82.78	-2.9559
82.78	-2.9562
82.79	-2.9562
82.79	-2.9563
82.79	-2.9559
82.79	-2.9561
82.79	-2.9561
82.80	-2.9563
82.80	-2.9561
82.80	-2.9559
82.80	-2.9563
82.80	-2.9563
82.81	-2.9563
82.81	-2.9564
82.81	-2.9565
82.82	-2.9563
82.82	-2.9563
82.82	-2.9565
82.83	-2.9565
82.83	-2.9563
82.83	-2.9563
82.83	-2.9563
82.83	-2.9565
82.84	-2.9564
82.84	-2.9565
82.84	-2.9564
82.85	-2.9562
82.85	-2.9566
82.85	-2.9565
82.85	-2.9566
82.86	-2.9565
82.86	-2.9567
82.86	-2.9567
82.86	-2.9567
82.87	-2.9568
82.87	-2.9568
82.87	-2.9570
82.87	-2.9568
82.87	-2.9568
82.88	-2.9572
82.88	-2.9571
82.88	-2.9574
82.88	-2.9574
82.89	-2.9572
82.89	-2.9572
82.89	-2.9575
82.89	-2.9573
82.89	-2.9575
82.90	-2.9575
82.90	-2.9574
82.90	-2.9577
82.90	-2.9578
82.91	-2.9578
82.91	-2.9577
82.91	-2.9578
82.92	-2.9578
82.92	-2.9577
82.92	-2.9577
82.92	-2.9579
82.92	-2.9579
82.93	-2.9579
82.93	-2.9578
82.93	-2.9579
82.93	-2.9580
82.93	-2.9580
82.94	-2.9581
82.94	-2.9583
82.94	-2.9580
82.95	-2.9580
82.95	-2.9581
82.95	-2.9586
82.96	-2.9584
82.96	-2.9583
82.96	-2.9583
82.96	-2.9584
82.97	-2.9584
82.97	-2.9585
82.97	-2.9584
82.98	-2.9584
82.98	-2.9584
82.98	-2.9585
82.98	-2.9586
82.98	-2.9584
82.98	-2.9587
82.98	-2.9587
82.99	-2.9589
82.99	-2.9587
83.00	-2.9589
83.00	-2.9587
83.00	-2.9592
83.00	-2.9589
83.01	-2.9589
83.01	-2.9590
83.01	-2.9591
83.01	-2.9590
83.02	-2.9593
83.02	-2.9591
83.02	-2.9593
83.02	-2.9591
83.03	-2.9592
83.03	-2.9594
83.03	-2.9594
83.03	-2.9594
83.03	-2.9594
83.04	-2.9595
83.04	-2.9594
83.04	-2.9597
83.05	-2.9594
83.05	-2.9596
83.05	-2.9597
83.05	-2.9599
83.05	-2.9595
83.06	-2.9596
83.06	-2.9599
83.06	-2.9599
83.07	-2.9599
83.07	-2.9600
83.08	-2.9603
83.08	-2.9600
83.08	-2.9601
83.08	-2.9603
83.09	-2.9602
83.09	-2.9605
83.09	-2.9604
83.09	-2.9603
83.09	-2.9605
83.09	-2.9606
83.10	-2.9608
83.10	-2.9608
83.10	-2.9607
83.10	-2.9610
83.11	-2.9610
83.11	-2.9611
83.11	-2.9611
83.11	-2.9613
83.11	-2.9611
83.12	-2.9614
83.12	-2.9611
83.13	-2.9613
83.13	-2.9612
83.13	-2.9614
83.13	-2.9616
83.13	-2.9617
83.13	-2.9616
83.14	-2.9616
83.14	-2.9619
83.14	-2.9617
83.14	-2.9617
83.14	-2.9618
83.15	-2.9616
83.15	-2.9618
83.15	-2.9615
83.15	-2.9617
83.16	-2.9620
83.16	-2.9618
83.16	-2.9617
83.16	-2.9618
83.17	-2.9615
83.17	-2.9619
83.17	-2.9617
83.17	-2.9616
83.18	-2.9617
83.18	-2.9618
83.18	-2.9619
83.19	-2.9617
83.19	-2.9618
83.19	-2.9618
83.20	-2.9619
83.20	-2.9617
83.20	-2.9619
83.20	-2.9620
83.21	-2.9620
83.21	-2.9621
83.21	-2.9619
83.20	-2.9620
83.21	-2.9622
83.21	-2.9620
83.22	-2.9621
83.22	-2.9622
83.23	-2.9622
83.23	-2.9623
83.23	-2.9621
83.23	-2.9623
83.23	-2.9622
83.24	-2.9622
83.24	-2.9622
83.25	-2.9625
83.25	-2.9626
83.25	-2.9625
83.25	-2.9625
83.25	-2.9627
83.25	-2.9622
83.26	-2.9625
83.26	-2.9626
83.26	-2.9627
83.26	-2.9626
83.26	-2.9628
83.27	-2.9628
83.27	-2.9629
83.28	-2.9629
83.28	-2.9631
83.28	-2.9632
83.28	-2.9633
83.28	-2.9633
83.28	-2.9632
83.29	-2.9631
83.29	-2.9633
83.29	-2.9635
83.29	-2.9632
83.30	-2.9636
83.30	-2.9636
83.30	-2.9634
83.31	-2.9635
83.31	-2.9637
83.31	-2.9636
83.32	-2.9636
83.32	-2.9637
83.32	-2.9636
83.32	-2.9637
83.33	-2.9636
83.33	-2.9635
83.33	-2.9639
83.33	-2.9638
83.33	-2.9639
83.34	-2.9641
83.34	-2.9640
83.34	-2.9639
83.34	-2.9642
83.34	-2.9642
83.34	-2.9640
83.35	-2.9643
83.36	-2.9646
83.36	-2.9641
83.36	-2.9643
83.36	-2.9642
83.36	-2.9646
83.37	-2.9645
83.37	-2.9645
83.38	-2.9647
83.38	-2.9645
83.38	-2.9647
83.38	-2.9647
83.38	-2.9650
83.38	-2.9647
83.38	-2.9649
83.39	-2.9649
83.39	-2.9649
83.39	-2.9648
83.39	-2.9649
83.39	-2.9651
83.40	-2.9649
83.40	-2.9650
83.40	-2.9652
83.41	-2.9654
83.42	-2.9654
83.42	-2.9655
83.42	-2.9651
83.42	-2.9655
83.42	-2.9653
83.42	-2.9655
83.43	-2.9654
83.43	-2.9654
83.43	-2.9656
83.44	-2.9657
83.44	-2.9653
83.44	-2.9656
83.45	-2.9655
83.45	-2.9658
83.45	-2.9656
83.45	-2.9657
83.45	-2.9657
83.45	-2.9656
83.46	-2.9658
83.46	-2.9657
83.46	-2.9659
83.47	-2.9657
83.47	-2.9658
83.48	-2.9658
83.48	-2.9659
83.48	-2.9656
83.48	-2.9656
83.48	-2.9658
83.48	-2.9656
83.48	-2.9656
83.48	-2.9657
83.49	-2.9655
83.49	-2.9656
83.50	-2.9656
83.50	-2.9657
83.50	-2.9658
83.50	-2.9657
83.51	-2.9657
83.51	-2.9658
83.51	-2.9656
83.51	-2.9657
83.51	-2.9655
83.51	-2.9656
83.51	-2.9656
83.52	-2.9661
83.52	-2.9658
83.53	-2.9660
83.53	-2.9658
83.53	-2.9660
83.54	-2.9659
83.54	-2.9663
83.54	-2.9662
83.54	-2.9660
83.54	-2.9663
83.55	-2.9663
83.55	-2.9662
83.55	-2.9665
83.56	-2.9666
83.56	-2.9666
83.56	-2.9668
83.57	-2.9668
83.57	-2.9667
83.57	-2.9667
83.57	-2.9667
83.58	-2.9668
83.58	-2.9668
83.58	-2.9669
83.58	-2.9670
83.58	-2.9670
83.59	-2.9671
83.59	-2.9671
83.59	-2.9673
83.60	-2.9669
83.60	-2.9671
83.60	-2.9670
83.60	-2.9674
83.60	-2.9673
83.61	-2.9671
83.61	-2.9673
83.61	-2.9673
83.61	-2.9674
83.62	-2.9673
83.62	-2.9675
83.62	-2.9674
83.63	-2.9675
83.63	-2.9676
83.63	-2.9677
83.63	-2.9675
83.63	-2.9675
83.64	-2.9679
83.64	-2.9680
83.64	-2.9678
83.64	-2.9679
83.64	-2.9679
83.65	-2.9680
83.65	-2.9678
83.65	-2.9677
83.66	-2.9679
83.66	-2.9680
83.66	-2.9681
83.66	-2.9680
83.67	-2.9680
83.67	-2.9681
83.67	-2.9680
83.67	-2.9680
83.67	-2.9681
83.68	-2.9682
83.68	-2.9683
83.69	-2.9682
83.69	-2.9683
83.69	-2.9683
83.69	-2.9683
83.70	-2.9681
83.70	-2.9684
83.70	-2.9684
83.70	-2.9683
83.70	-2.9685
83.71	-2.9685
83.71	-2.9687
83.71	-2.9686
83.71	-2.9685
83.72	-2.9688
83.72	-2.9689
83.72	-2.9686
83.73	-2.9687
83.73	-2.9686
83.73	-2.9687
83.73	-2.9688
83.74	-2.9689
83.74	-2.9691
83.74	-2.9688
83.74	-2.9688
83.74	-2.9687
83.75	-2.9687
83.75	-2.9688
83.75	-2.9689
83.75	-2.9688
83.76	-2.9689
83.76	-2.9690
83.76	-2.9690
83.77	-2.9691
83.77	-2.9692
83.77	-2.9693
83.78	-2.9692
83.78	-2.9690
83.78	-2.9692
83.78	-2.9693
83.78	-2.9690
83.78	-2.9691
83.78	-2.9694
83.79	-2.9694
83.79	-2.9692
83.80	-2.9695
83.80	-2.9694
83.80	-2.9695
83.80	-2.9696
83.80	-2.9694
83.81	-2.9697
83.81	-2.9695
83.81	-2.9697
83.81	-2.9696
83.81	-2.9698
83.81	-2.9698
83.82	-2.9700
83.82	-2.9700
83.82	-2.9700
83.83	-2.9701
83.83	-2.9701
83.83	-2.9701
83.83	-2.9701
83.84	-2.9702
83.84	-2.9703
83.84	-2.9704
83.84	-2.9703
83.84	-2.9704
83.85	-2.9707
83.85	-2.9705
83.85	-2.9707
83.86	-2.9707
83.86	-2.9707
83.86	-2.9706
83.86	-2.9708
83.87	-2.9710
83.87	-2.9708
83.88	-2.9712
83.88	-2.9711
83.88	-2.9711
83.88	-2.9711
83.89	-2.9714
83.89	-2.9712
83.89	-2.9714
83.89	-2.9714
83.89	-2.9714
83.90	-2.9713
83.90	-2.9715
83.90	-2.9715
83.91	-2.9717
83.91	-2.9716
83.91	-2.9717
83.91	-2.9715
83.92	-2.9718
83.92	-2.9718
83.92	-2.9718
83.92	-2.9718
83.92	-2.9719
83.92	-2.9721
83.93	-2.9717
83.93	-2.9720
83.93	-2.9721
83.94	-2.9722
83.94	-2.9721
83.94	-2.9722
83.95	-2.9721
83.95	-2.9722
83.95	-2.9723
83.95	-2.9722
83.95	-2.9724
83.96	-2.9723
83.96	-2.9725
83.96	-2.9725
83.97	-2.9723
83.97	-2.9725
83.97	-2.9725
83.97	-2.9724
83.98	-2.9725
83.98	-2.9726
83.98	-2.9725
83.98	-2.9726
83.98	-2.9724
83.98	-2.9724
83.99	-2.9725
83.99	-2.9728
83.99	-2.9727
83.99	-2.9728
84.00	-2.9726
84.00	-2.9727
84.00	-2.9728
84.00	-2.9728
84.00	-2.9726
84.01	-2.9731
84.01	-2.9730
84.01	-2.9731
84.02	-2.9731
84.02	-2.9730
84.02	-2.9731
84.02	-2.9731
84.03	-2.9732
84.03	-2.9732
84.03	-2.9733
84.03	-2.9732
84.03	-2.9733
84.03	-2.9730
84.03	-2.9733
84.04	-2.9732
84.04	-2.9734
84.05	-2.9734
84.05	-2.9734
84.05	-2.9734
84.05	-2.9736
84.06	-2.9737
84.06	-2.9736
84.06	-2.9739
84.07	-2.9736
84.07	-2.9737
84.07	-2.9739
84.08	-2.9739
84.08	-2.9741
84.08	-2.9741
84.08	-2.9742
84.09	-2.9744
84.09	-2.9740
84.09	-2.9742
84.09	-2.9741
84.09	-2.9744
84.09	-2.9744
84.09	-2.9745
84.10	-2.9746
84.10	-2.9744
84.10	-2.9746
84.11	-2.9744
84.11	-2.9747
84.11	-2.9745
84.12	-2.9747
84.13	-2.9747
84.13	-2.9744
84.13	-2.9747
84.13	-2.9747
84.13	-2.9748
84.13	-2.9747
84.13	-2.9746
84.14	-2.9746
84.14	-2.9747
84.14	-2.9748
84.14	-2.9749
84.14	-2.9750
84.14	-2.9749
84.15	-2.9748
84.16	-2.9749
84.16	-2.9748
84.16	-2.9751
84.16	-2.9753
84.16	-2.9750
84.17	-2.9752
84.17	-2.9750
84.17	-2.9751
84.17	-2.9752
84.17	-2.9753
84.17	-2.9753
84.18	-2.9754
84.18	-2.9754
84.19	-2.9755
84.19	-2.9757
84.19	-2.9755
84.20	-2.9755
84.20	-2.9755
84.20	-2.9757
84.20	-2.9756
84.21	-2.9756
84.21	-2.9759
84.21	-2.9758
84.21	-2.9757
84.21	-2.9760
84.21	-2.9760
84.21	-2.9760
84.22	-2.9761
84.22	-2.9761
84.22	-2.9761
84.23	-2.9761
84.23	-2.9761
84.24	-2.9761
84.24	-2.9763
84.24	-2.9763
84.24	-2.9764
84.25	-2.9765
84.25	-2.9763
84.25	-2.9763
84.25	-2.9763
84.25	-2.9765
84.26	-2.9766
84.26	-2.9767
84.26	-2.9764
84.27	-2.9765
84.27	-2.9764
84.27	-2.9765
84.28	-2.9766
84.28	-2.9770
84.28	-2.9765
84.28	-2.9769
84.28	-2.9764
84.28	-2.9767
84.29	-2.9767
84.29	-2.9766
84.29	-2.9767
84.30	-2.9768
84.30	-2.9768
84.30	-2.9769
84.30	-2.9769
84.31	-2.9767
84.31	-2.9769
84.31	-2.9769
84.31	-2.9772
84.31	-2.9772
84.32	-2.9772
84.32	-2.9770
84.32	-2.9772
84.33	-2.9772
84.33	-2.9773
84.33	-2.9772
84.33	-2.9776
84.33	-2.9775
84.34	-2.9775
84.34	-2.9775
84.34	-2.9776
84.34	-2.9774
84.34	-2.9774
84.35	-2.9776
84.35	-2.9779
84.36	-2.9776
84.36	-2.9777
84.36	-2.9777
84.36	-2.9777
84.36	-2.9779
84.36	-2.9779
84.37	-2.9779
84.37	-2.9779
84.38	-2.9779
84.38	-2.9780
84.38	-2.9780
84.38	-2.9778
84.38	-2.9779
84.39	-2.9783
84.39	-2.9783
84.39	-2.9783
84.39	-2.9783
84.39	-2.9784
84.40	-2.9785
84.40	-2.9783
84.40	-2.9783
84.41	-2.9784
84.41	-2.9786
84.41	-2.9786
84.41	-2.9785
84.42	-2.9786
84.42	-2.9785
84.42	-2.9786
84.42	-2.9785
84.42	-2.9786
84.43	-2.9787
84.43	-2.9786
84.43	-2.9787
84.43	-2.9788
84.44	-2.9789
84.44	-2.9787
84.45	-2.9790
84.45	-2.9790
84.45	-2.9787
84.45	-2.9789
84.45	-2.9791
84.46	-2.9791
84.46	-2.9787
84.46	-2.9789
84.47	-2.9788
84.47	-2.9790
84.47	-2.9789
84.47	-2.9788
84.48	-2.9793
84.48	-2.9791
84.48	-2.9790
84.48	-2.9790
84.48	-2.9791
84.49	-2.9792
84.49	-2.9791
84.50	-2.9791
84.50	-2.9795
84.50	-2.9794
84.50	-2.9792
84.50	-2.9793
84.51	-2.9794
84.51	-2.9793
84.51	-2.9793
84.52	-2.9795
84.52	-2.9795
84.52	-2.9796
84.52	-2.9795
84.52	-2.9795
84.52	-2.9798
84.52	-2.9799
84.53	-2.9800
84.53	-2.9799
84.54	-2.9801
84.54	-2.9801
84.54	-2.9800
84.55	-2.9802
84.55	-2.9803
84.55	-2.9804
84.55	-2.9803
84.55	-2.9804
84.55	-2.9804
84.56	-2.9805
84.56	-2.9804
84.56	-2.9803
84.57	-2.9805
84.57	-2.9805
84.57	-2.9807
84.57	-2.9810
84.58	-2.9807
84.58	-2.9809
84.58	-2.9809
84.58	-2.9807
84.58	-2.9809
84.59	-2.9809
84.59	-2.9809
84.59	-2.9808
84.59	-2.9810
84.59	-2.9810
84.60	-2.9810
84.60	-2.9812
84.61	-2.9811
84.61	-2.9811
84.61	-2.9811
84.62	-2.9811
84.62	-2.9812
84.62	-2.9812
84.62	-2.9812
84.62	-2.9811
84.63	-2.9810
84.63	-2.9811
84.63	-2.9811
84.63	-2.9812
84.64	-2.9813
84.64	-2.9812
84.64	-2.9816
84.64	-2.9812
84.64	-2.9814
84.64	-2.9812
84.65	-2.9815
84.65	-2.9813
84.65	-2.9814
84.66	-2.9815
84.67	-2.9815
84.67	-2.9816
84.67	-2.9817
84.67	-2.9816
84.67	-2.9816
84.67	-2.9818
84.67	-2.9818
84.68	-2.9818
84.68	-2.9816
84.68	-2.9818
84.69	-2.9817
84.69	-2.9819
84.69	-2.9819
84.69	-2.9819
84.70	-2.9819
84.70	-2.9820
84.70	-2.9817
84.70	-2.9818
84.71	-2.9818
84.71	-2.9821
84.72	-2.9820
84.72	-2.9818
84.72	-2.9819
84.72	-2.9820
84.73	-2.9821
84.73	-2.9820
84.73	-2.9820
84.73	-2.9821
84.74	-2.9821
84.74	-2.9822
84.74	-2.9822
84.74	-2.9824
84.75	-2.9824
84.75	-2.9824
84.75	-2.9822
84.75	-2.9824
84.75	-2.9824
84.75	-2.9824
84.76	-2.9825
84.76	-2.9822
84.77	-2.9825
84.77	-2.9826
84.78	-2.9826
84.78	-2.9825
84.78	-2.9827
84.78	-2.9827
84.78	-2.9827
84.78	-2.9827
84.78	-2.9828
84.79	-2.9827
84.79	-2.9829
84.79	-2.9830
84.79	-2.9830
84.79	-2.9829
84.80	-2.9833
84.80	-2.9833
84.80	-2.9832
84.81	-2.9830
84.81	-2.9832
84.81	-2.9832
84.81	-2.9834
84.81	-2.9835
84.82	-2.9834
84.82	-2.9835
84.82	-2.9837
84.83	-2.9836
84.83	-2.9838
84.83	-2.9837
84.84	-2.9837
84.84	-2.9837
84.84	-2.9838
84.84	-2.9839
84.84	-2.9840
84.84	-2.9840
84.85	-2.9840
84.85	-2.9839
84.86	-2.9839
84.86	-2.9842
84.86	-2.9844
84.87	-2.9843
84.87	-2.9843
84.87	-2.9842
84.87	-2.9841
84.87	-2.9842
84.87	-2.9844
84.87	-2.9843
84.88	-2.9844
84.88	-2.9842
84.88	-2.9844
84.88	-2.9845
84.89	-2.9845
84.89	-2.9845
84.89	-2.9847
84.89	-2.9844
84.89	-2.9844
84.90	-2.9847
84.90	-2.9847
84.90	-2.9847
84.91	-2.9847
84.91	-2.9847
84.91	-2.9849
84.92	-2.9848
84.92	-2.9849
84.92	-2.9849
84.92	-2.9850
84.92	-2.9850
84.92	-2.9851
84.92	-2.9850
84.93	-2.9852
84.93	-2.9852
84.93	-2.9853
84.94	-2.9852
84.95	-2.9853
84.95	-2.9855
84.95	-2.9856
84.95	-2.9854
84.95	-2.9857
84.96	-2.9856
84.96	-2.9858
84.96	-2.9858
84.96	-2.9859
84.97	-2.9859
84.97	-2.9859
84.97	-2.9858
84.98	-2.9860
84.98	-2.9861
84.98	-2.9861
84.98	-2.9862
84.98	-2.9864
84.99	-2.9862
84.99	-2.9861
84.99	-2.9863
84.99	-2.9864
85.00	-2.9862
85.00	-2.9863
85.00	-2.9863
85.00	-2.9865
85.00	-2.9863
85.00	-2.9865
85.01	-2.9865
85.01	-2.9866
85.02	-2.9866
85.02	-2.9863
85.02	-2.9866
85.02	-2.9868
85.03	-2.9868
85.03	-2.9865
85.03	-2.9868
85.03	-2.9870
85.03	-2.9868
85.03	-2.9870
85.03	-2.9868
85.04	-2.9871
85.04	-2.9869
85.04	-2.9870
85.05	-2.9868
85.05	-2.9870
85.05	-2.9869
85.05	-2.9871
85.06	-2.9871
85.06	-2.9871
85.06	-2.9870
85.07	-2.9872
85.07	-2.9873
85.07	-2.9873
85.07	-2.9873
85.07	-2.9874
85.08	-2.9874
85.08	-2.9875
85.08	-2.9875
85.08	-2.9877
85.08	-2.9876
85.08	-2.9875
85.09	-2.9876
85.09	-2.9877
85.09	-2.9877
85.09	-2.9879
85.09	-2.9877
85.10	-2.9878
85.10	-2.9877
85.10	-2.9880
85.11	-2.9879
85.11	-2.9877
85.11	-2.9880
85.12	-2.9881
85.12	-2.9880
85.13	-2.9883
85.13	-2.9882
85.13	-2.9882
85.14	-2.9884
85.14	-2.9883
85.14	-2.9885
85.14	-2.9885
85.14	-2.9886
85.14	-2.9886
85.14	-2.9885
85.14	-2.9891
85.15	-2.9886
85.15	-2.9889
85.16	-2.9889
85.16	-2.9891
85.16	-2.9887
85.16	-2.9891
85.17	-2.9891
85.17	-2.9891
85.17	-2.9889
85.18	-2.9891
85.18	-2.9891
85.18	-2.9890
85.19	-2.9891
85.19	-2.9891
85.20	-2.9891
85.20	-2.9892
85.20	-2.9893
85.20	-2.9893
85.20	-2.9894
85.20	-2.9894
85.20	-2.9894
85.20	-2.9898
85.21	-2.9894
85.21	-2.9898
85.21	-2.9898
85.22	-2.9899
85.22	-2.9898
85.22	-2.9902
85.22	-2.9898
85.23	-2.9900
85.23	-2.9900
85.23	-2.9898
85.23	-2.9900
85.23	-2.9901
85.24	-2.9901
85.25	-2.9903
85.25	-2.9905
85.25	-2.9904
85.25	-2.9903
85.25	-2.9904
85.25	-2.9905
85.26	-2.9906
85.26	-2.9904
85.26	-2.9907
85.27	-2.9906
85.27	-2.9904
85.27	-2.9904
85.27	-2.9908
85.28	-2.9907
85.28	-2.9907
85.28	-2.9909
85.28	-2.9909
85.29	-2.9909
85.29	-2.9907
85.29	-2.9909
85.29	-2.9911
85.30	-2.9912
85.30	-2.9912
85.30	-2.9911
85.30	-2.9911
85.31	-2.9912
85.31	-2.9911
85.31	-2.9911
85.31	-2.9914
85.31	-2.9911
85.32	-2.9913
85.32	-2.9916
85.33	-2.9914
85.33	-2.9916
85.33	-2.9915
85.33	-2.9917
85.33	-2.9917
85.33	-2.9917
85.33	-2.9917
85.34	-2.9916
85.34	-2.9918
85.34	-2.9917
85.34	-2.9917
85.35	-2.9916
85.35	-2.9917
85.35	-2.9919
85.35	-2.9918
85.36	-2.9920
85.36	-2.9919
85.36	-2.9921
85.37	-2.9920
85.37	-2.9919
85.37	-2.9922
85.38	-2.9919
85.38	-2.9922
85.38	-2.9923
85.38	-2.9921
85.38	-2.9922
85.38	-2.9923
85.39	-2.9921
85.39	-2.9922
85.39	-2.9922
85.39	-2.9922
85.39	-2.9924
85.39	-2.9923
85.40	-2.9923
85.40	-2.9924
85.40	-2.9926
85.41	-2.9925
85.41	-2.9927
85.42	-2.9927
85.42	-2.9928
85.42	-2.9926
85.42	-2.9926
85.42	-2.9927
85.43	-2.9926
85.43	-2.9926
85.44	-2.9927
85.44	-2.9925
85.44	-2.9926
85.44	-2.9927
85.44	-2.9927
85.45	-2.9927
85.45	-2.9926
85.45	-2.9926
85.45	-2.9924
85.45	-2.9928
85.46	-2.9926
85.46	-2.9928
85.46	-2.9928
85.47	-2.9927
85.47	-2.9925
85.48	-2.9928
85.48	-2.9928
85.48	-2.9928
85.48	-2.9930
85.49	-2.9929
85.49	-2.9929
85.49	-2.9930
85.49	-2.9932
85.49	-2.9932
85.50	-2.9929
85.50	-2.9932
85.50	-2.9933
85.50	-2.9932
85.50	-2.9934
85.51	-2.9935
85.51	-2.9932
85.51	-2.9935
85.51	-2.9936
85.52	-2.9938
85.52	-2.9939
85.52	-2.9937
85.52	-2.9936
85.52	-2.9942
85.53	-2.9940
85.53	-2.9940
85.53	-2.9937
85.54	-2.9941
85.54	-2.9940
85.54	-2.9942
85.55	-2.9943
85.55	-2.9944
85.55	-2.9943
85.55	-2.9945
85.55	-2.9945
85.55	-2.9946
85.55	-2.9947
85.56	-2.9946
85.56	-2.9948
85.57	-2.9947
85.57	-2.9947
85.57	-2.9948
85.57	-2.9950
85.57	-2.9952
85.58	-2.9949
85.58	-2.9949
85.58	-2.9953
85.58	-2.9951
85.59	-2.9951
85.59	-2.9952
85.59	-2.9950
85.59	-2.9952
85.59	-2.9953
85.60	-2.9955
85.60	-2.9953
85.60	-2.9954
85.61	-2.9954
85.61	-2.9953
85.61	-2.9956
85.61	-2.9955
85.62	-2.9956
85.62	-2.9957
85.63	-2.9958
85.63	-2.9957
85.63	-2.9958
85.64	-2.9961
85.64	-2.9959
85.64	-2.9960
85.64	-2.9960
85.64	-2.9959
85.64	-2.9962
85.64	-2.9961
85.64	-2.9961
85.65	-2.9963
85.65	-2.9961
85.65	-2.9963
85.66	-2.9962
85.66	-2.9963
85.66	-2.9964
85.66	-2.9963
85.67	-2.9964
85.67	-2.9966
85.67	-2.9963
85.67	-2.9967
85.68	-2.9964
85.68	-2.9964
85.68	-2.9962
85.69	-2.9966
85.69	-2.9961
85.69	-2.9965
85.69	-2.9964
85.70	-2.9965
85.70	-2.9964
85.70	-2.9964
85.70	-2.9965
85.71	-2.9965
85.71	-2.9965
85.72	-2.9969
85.72	-2.9966
85.73	-2.9967
85.73	-2.9966
85.73	-2.9968
85.73	-2.9968
85.73	-2.9970
85.73	-2.9969
85.73	-2.9969
85.73	-2.9970
85.74	-2.9969
85.74	-2.9971
85.74	-2.9969
85.74	-2.9970
85.75	-2.9972
85.75	-2.9972
85.75	-2.9969
85.75	-2.9971
85.76	-2.9971
85.76	-2.9971
85.76	-2.9970
85.76	-2.9970
85.77	-2.9970
85.77	-2.9971
85.77	-2.9973
85.77	-2.9971
85.78	-2.9973
85.78	-2.9973
85.78	-2.9972
85.78	-2.9975
85.78	-2.9972
85.79	-2.9975
85.79	-2.9975
85.79	-2.9976
85.79	-2.9977
85.80	-2.9978
85.80	-2.9978
85.80	-2.9979
85.80	-2.9978
85.80	-2.9979
85.80	-2.9979
85.81	-2.9979
85.81	-2.9980
85.81	-2.9979
85.82	-2.9978
85.82	-2.9980
85.83	-2.9981
85.83	-2.9981
85.83	-2.9982
85.83	-2.9983
85.84	-2.9983
85.84	-2.9985
85.84	-2.9985
85.84	-2.9983
85.85	-2.9985
85.85	-2.9986
85.85	-2.9989
85.85	-2.9988
85.85	-2.9989
85.86	-2.9988
85.86	-2.9991
85.86	-2.9988
85.86	-2.9992
85.86	-2.9992
85.87	-2.9992
85.87	-2.9994
85.87	-2.9994
85.88	-2.9996
85.88	-2.9996
85.88	-2.9995
85.88	-2.9997
85.89	-2.9998
85.89	-2.9996
85.89	-2.9999
85.89	-2.9999
85.89	-3.0000
85.90	-2.9998
85.90	-2.9999
85.90	-2.9998
85.90	-3.0001
85.91	-3.0000
85.91	-3.0000
85.92	-2.9998
85.92	-3.0003
85.92	-2.9998
85.92	-3.0002
85.92	-3.0002
85.92	-3.0002
85.93	-3.0003
85.93	-3.0001
85.93	-3.0004
85.93	-3.0005
85.94	-3.0004
85.94	-3.0004
85.95	-3.0003
85.95	-3.0003
85.95	-3.0004
85.95	-3.0002
85.95	-3.0003
85.96	-3.0002
85.96	-3.0004
85.96	-3.0003
85.97	-3.0005
85.97	-3.0003
85.98	-3.0003
85.98	-3.0005
85.98	-3.0003
85.98	-3.0001
85.98	-3.0003
85.98	-3.0003
85.98	-3.0004
85.99	-3.0005
85.99	-3.0003
85.99	-3.0003
85.99	-3.0003
86.00	-3.0004
86.00	-3.0006
86.00	-3.0004
86.00	-3.0005
86.00	-3.0005
86.01	-3.0005
86.01	-3.0004
86.02	-3.0004
86.02	-3.0004
86.02	-3.0006
86.03	-3.0006
86.03	-3.0005
86.03	-3.0008
86.03	-3.0006
86.03	-3.0007
86.04	-3.0006
86.04	-3.0008
86.04	-3.0010
86.05	-3.0010
86.05	-3.0008
86.05	-3.0011
86.05	-3.0010
86.05	-3.0010
86.05	-3.0012
86.06	-3.0011
86.06	-3.0012
86.06	-3.0012
86.06	-3.0012
86.07	-3.0013
86.07	-3.0015
86.08	-3.0012
86.08	-3.0013
86.08	-3.0016
86.08	-3.0016
86.08	-3.0016
86.09	-3.0015
86.09	-3.0015
86.09	-3.0014
86.09	-3.0016
86.09	-3.0016
86.09	-3.0016
86.09	-3.0019
86.10	-3.0021
86.10	-3.0021
86.11	-3.0021
86.11	-3.0023
86.12	-3.0023
86.12	-3.0023
86.12	-3.0026
86.12	-3.0025
86.13	-3.0026
86.13	-3.0028
86.13	-3.0027
86.13	-3.0028
86.13	-3.0027
86.13	-3.0026
86.13	-3.0028
86.14	-3.0029
86.14	-3.0027
86.14	-3.0030
86.14	-3.0030
86.14	-3.0032
86.14	-3.0031
86.15	-3.0030
86.15	-3.0032
86.16	-3.0033
86.16	-3.0034
86.16	-3.0036
86.16	-3.0034
86.17	-3.0034
86.17	-3.0035
86.18	-3.0036
86.18	-3.0039
86.18	-3.0038
86.18	-3.0039
86.18	-3.0039
86.19	-3.0040
86.19	-3.0043
86.20	-3.0041
86.20	-3.0042
86.20	-3.0042
86.20	-3.0045
86.20	-3.0046
86.21	-3.0046
86.21	-3.0046
86.21	-3.0046
86.21	-3.0047
86.21	-3.0047
86.22	-3.0046
86.22	-3.0048
86.23	-3.0048
86.23	-3.0051
86.24	-3.0052
86.24	-3.0050
86.24	-3.0051
86.24	-3.0052
86.24	-3.0051
86.24	-3.0052
86.25	-3.0051
86.25	-3.0055
86.25	-3.0053
86.25	-3.0051
86.25	-3.0052
86.26	-3.0055
86.26	-3.0054
86.26	-3.0052
86.26	-3.0053
86.27	-3.0053
86.27	-3.0054
86.27	-3.0053
86.27	-3.0054
86.28	-3.0054
86.28	-3.0058
86.28	-3.0054
86.28	-3.0055
86.28	-3.0055
86.28	-3.0056
86.29	-3.0056
86.29	-3.0056
86.30	-3.0056
86.30	-3.0057
86.30	-3.0059
86.30	-3.0059
86.31	-3.0058
86.31	-3.0058
86.31	-3.0060
86.32	-3.0059
86.32	-3.0059
86.32	-3.0061
86.32	-3.0061
86.32	-3.0061
86.33	-3.0060
86.33	-3.0062
86.33	-3.0063
86.33	-3.0062
86.34	-3.0064
86.34	-3.0065
86.34	-3.0062
86.34	-3.0064
86.34	-3.0064
86.35	-3.0064
86.35	-3.0064
86.35	-3.0064
86.36	-3.0066
86.36	-3.0065
86.36	-3.0068
86.36	-3.0066
86.37	-3.0067
86.37	-3.0067
86.37	-3.0066
86.37	-3.0068
86.38	-3.0068
86.38	-3.0066
86.38	-3.0067
86.38	-3.0068
86.39	-3.0069
86.39	-3.0069
86.39	-3.0069
86.39	-3.0072
86.39	-3.0071
86.40	-3.0072
86.40	-3.0072
86.40	-3.0074
86.40	-3.0071
86.40	-3.0075
86.41	-3.0073
86.41	-3.0074
86.41	-3.0073
86.42	-3.0075
86.42	-3.0073
86.42	-3.0074
86.42	-3.0076
86.43	-3.0078
86.43	-3.0076
86.43	-3.0080
86.43	-3.0078
86.43	-3.0078
86.44	-3.0079
86.44	-3.0079
86.44	-3.0080
86.45	-3.0080
86.45	-3.0078
86.45	-3.0079
86.45	-3.0080
86.45	-3.0080
86.46	-3.0082
86.46	-3.0081
86.47	-3.0083
86.47	-3.0082
86.48	-3.0081
86.48	-3.0083
86.48	-3.0086
86.48	-3.0084
86.48	-3.0084
86.48	-3.0085
86.49	-3.0084
86.49	-3.0086
86.49	-3.0085
86.50	-3.0089
86.50	-3.0089
86.50	-3.0086
86.50	-3.0088
86.50	-3.0089
86.50	-3.0091
86.51	-3.0090
86.51	-3.0092
86.51	-3.0090
86.51	-3.0091
86.52	-3.0089
86.52	-3.0091
86.52	-3.0092
86.53	-3.0091
86.53	-3.0092
86.53	-3.0094
86.53	-3.0093
86.53	-3.0094
86.54	-3.0092
86.54	-3.0094
86.55	-3.0093
86.55	-3.0093
86.55	-3.0093
86.55	-3.0095
86.55	-3.0092
86.56	-3.0093
86.56	-3.0091
86.57	-3.0094
86.57	-3.0093
86.57	-3.0092
86.57	-3.0095
86.58	-3.0093
86.58	-3.0093
86.58	-3.0092
86.58	-3.0096
86.58	-3.0093
86.58	-3.0093
86.58	-3.0094
86.59	-3.0094
86.59	-3.0092
86.59	-3.0093
86.60	-3.0092
86.60	-3.0094
86.61	-3.0095
86.61	-3.0094
86.61	-3.0094
86.61	-3.0092
86.62	-3.0093
86.62	-3.0095
86.62	-3.0095
86.62	-3.0095
86.62	-3.0095
86.63	-3.0096
86.63	-3.0095
86.63	-3.0096
86.63	-3.0096
86.63	-3.0096
86.64	-3.0097
86.64	-3.0097
86.64	-3.0097
86.64	-3.0100
86.64	-3.0101
86.64	-3.0101
86.65	-3.0100
86.65	-3.0103
86.65	-3.0102
86.65	-3.0104
86.65	-3.0104
86.66	-3.0102
86.66	-3.0103
86.66	-3.0104
86.67	-3.0105
86.67	-3.0106
86.67	-3.0106
86.67	-3.0103
86.67	-3.0106
86.67	-3.0106
86.67	-3.0105
86.68	-3.0108
86.68	-3.0105
86.69	-3.0110
86.69	-3.0107
86.70	-3.0108
86.70	-3.0109
86.70	-3.0109
86.70	-3.0109
86.70	-3.0111
86.71	-3.0111
86.71	-3.0110
86.72	-3.0111
86.72	-3.0113
86.72	-3.0111
86.72	-3.0109
86.73	-3.0113
86.73	-3.0112
86.73	-3.0112
86.73	-3.0114
86.73	-3.0112
86.73	-3.0114
86.74	-3.0114
86.74	-3.0113
86.74	-3.0115
86.74	-3.0114
86.75	-3.0113
86.75	-3.0114
86.75	-3.0115
86.76	-3.0117
86.76	-3.0116
86.76	-3.0116
86.76	-3.0115
86.77	-3.0117
86.77	-3.0118
86.77	-3.0118
86.78	-3.0117
86.78	-3.0119
86.78	-3.0116
86.78	-3.0119
86.78	-3.0120
86.78	-3.0120
86.78	-3.0119
86.79	-3.0119
86.79	-3.0123
86.80	-3.0123
86.80	-3.0121
86.80	-3.0124
86.80	-3.0124
86.80	-3.0121
86.80	-3.0125
86.81	-3.0124
86.81	-3.0125
86.81	-3.0125
86.82	-3.0125
86.82	-3.0127
86.83	-3.0127
86.83	-3.0130
86.83	-3.0128
86.83	-3.0128
86.83	-3.0130
86.84	-3.0129
86.84	-3.0129
86.84	-3.0127
86.84	-3.0133
86.84	-3.0130
86.84	-3.0131
86.85	-3.0129
86.85	-3.0130
86.85	-3.0131
86.86	-3.0131
86.86	-3.0131
86.87	-3.0133
86.87	-3.0133
86.87	-3.0132
86.88	-3.0133
86.88	-3.0132
86.88	-3.0134
86.88	-3.0134
86.88	-3.0137
86.88	-3.0134
86.88	-3.0136
86.89	-3.0137
86.89	-3.0137
86.89	-3.0136
86.90	-3.0136
86.90	-3.0137
86.90	-3.0138
86.90	-3.0139
86.91	-3.0138
86.91	-3.0139
86.91	-3.0139
86.91	-3.0140
86.92	-3.0141
86.92	-3.0140
86.92	-3.0142
86.92	-3.0143
86.92	-3.0143
86.92	-3.0143
86.93	-3.0145
86.93	-3.0143
86.94	-3.0141
86.94	-3.0140
86.94	-3.0140
86.94	-3.0141
86.95	-3.0142
86.95	-3.0141
86.95	-3.0142
86.95	-3.0143
86.95	-3.0144
86.96	-3.0144
86.96	-3.0146
86.96	-3.0146
86.97	-3.0145
86.97	-3.0145
86.97	-3.0149
86.97	-3.0148
86.98	-3.0145
86.98	-3.0150
86.98	-3.0150
86.98	-3.0151
86.99	-3.0150
86.99	-3.0149
87.00	-3.0152
87.00	-3.0152
87.00	-3.0150
87.00	-3.0155
87.00	-3.0153
87.00	-3.0156
87.00	-3.0155
87.01	-3.0156
87.01	-3.0157
87.01	-3.0155
87.01	-3.0154
87.02	-3.0154
87.02	-3.0155
87.02	-3.0158
87.03	-3.0160
87.03	-3.0156
87.03	-3.0157
87.03	-3.0156
87.04	-3.0158
87.04	-3.0159
87.04	-3.0159
87.05	-3.0160
87.05	-3.0159
87.05	-3.0160
87.05	-3.0159
87.06	-3.0159
87.06	-3.0159
87.06	-3.0159
87.07	-3.0159
87.07	-3.0159
87.07	-3.0159
87.07	-3.0157
87.07	-3.0158
87.08	-3.0159
87.08	-3.0158
87.08	-3.0158
87.08	-3.0159
87.08	-3.0161
87.09	-3.0160
87.09	-3.0161
87.09	-3.0161
87.09	-3.0162
87.09	-3.0161
87.10	-3.0162
87.10	-3.0161
87.10	-3.0161
87.11	-3.0164
87.11	-3.0165
87.11	-3.0163
87.11	-3.0164
87.12	-3.0165
87.12	-3.0165
87.12	-3.0165
87.13	-3.0167
87.13	-3.0165
87.13	-3.0165
87.13	-3.0170
87.13	-3.0167
87.14	-3.0169
87.14	-3.0169
87.14	-3.0169
87.15	-3.0169
87.15	-3.0169
87.15	-3.0169
87.15	-3.0171
87.15	-3.0171
87.16	-3.0170
87.16	-3.0172
87.16	-3.0171
87.16	-3.0171
87.17	-3.0174
87.17	-3.0171
87.17	-3.0174
87.17	-3.0174
87.18	-3.0177
87.18	-3.0178
87.18	-3.0177
87.19	-3.0174
87.19	-3.0177
87.19	-3.0180
87.19	-3.0180
87.19	-3.0179
87.20	-3.0181
87.20	-3.0180
87.20	-3.0182
87.21	-3.0181
87.21	-3.0181
87.21	-3.0183
87.21	-3.0183
87.21	-3.0184
87.22	-3.0184
87.22	-3.0184
87.22	-3.0184
87.22	-3.0185
87.23	-3.0184
87.23	-3.0187
87.23	-3.0187
87.23	-3.0187
87.23	-3.0187
87.24	-3.0188
87.24	-3.0190
87.24	-3.0190
87.25	-3.0190
87.25	-3.0188
87.25	-3.0191
87.25	-3.0191
87.26	-3.0192
87.26	-3.0191
87.26	-3.0192
87.27	-3.0190
87.27	-3.0193
87.27	-3.0189
87.28	-3.0191
87.28	-3.0192
87.28	-3.0192
87.28	-3.0193
87.28	-3.0191
87.28	-3.0192
87.29	-3.0194
87.29	-3.0192
87.29	-3.0194
87.30	-3.0193
87.30	-3.0192
87.30	-3.0194
87.30	-3.0194
87.30	-3.0194
87.31	-3.0195
87.31	-3.0197
87.31	-3.0196
87.31	-3.0195
87.32	-3.0198
87.32	-3.0198
87.33	-3.0197
87.33	-3.0199
87.33	-3.0200
87.33	-3.0198
87.33	-3.0202
87.33	-3.0199
87.34	-3.0198
87.34	-3.0201
87.34	-3.0199
87.35	-3.0201
87.35	-3.0201
87.35	-3.0203
87.36	-3.0200
87.36	-3.0203
87.36	-3.0203
87.36	-3.0204
87.37	-3.0203
87.37	-3.0204
87.37	-3.0206
87.37	-3.0204
87.38	-3.0207
87.38	-3.0206
87.38	-3.0207
87.39	-3.0207
87.39	-3.0207
87.39	-3.0209
87.39	-3.0208
87.39	-3.0209
87.39	-3.0207
87.40	-3.0209
87.40	-3.0211
87.40	-3.0210
87.40	-3.0210
87.40	-3.0211
87.41	-3.0210
87.41	-3.0211
87.42	-3.0213
87.42	-3.0213
87.42	-3.0214
87.42	-3.0213
87.42	-3.0212
87.43	-3.0217
87.43	-3.0217
87.43	-3.0215
87.43	-3.0216
87.44	-3.0217
87.44	-3.0216
87.44	-3.0216
87.44	-3.0219
87.45	-3.0217
87.45	-3.0215
87.45	-3.0217
87.45	-3.0217
87.45	-3.0217
87.46	-3.0214
87.46	-3.0219
87.47	-3.0217
87.47	-3.0218
87.47	-3.0218
87.47	-3.0217
87.48	-3.0220
87.48	-3.0219
87.48	-3.0221
87.48	-3.0221
87.49	-3.0224
87.49	-3.0222
87.49	-3.0223
87.49	-3.0222
87.50	-3.0224
87.50	-3.0222
87.50	-3.0225
87.50	-3.0224
87.50	-3.0225
87.50	-3.0222
87.50	-3.0226
87.51	-3.0225
87.51	-3.0223
87.52	-3.0226
87.52	-3.0228
87.52	-3.0227
87.53	-3.0227
87.53	-3.0227
87.53	-3.0226
87.53	-3.0229
87.53	-3.0229
87.54	-3.0230
87.54	-3.0229
87.54	-3.0230
87.54	-3.0230
87.55	-3.0230
87.55	-3.0231
87.55	-3.0231
87.55	-3.0234
87.56	-3.0234
87.56	-3.0234
87.56	-3.0236
87.56	-3.0235
87.56	-3.0235
87.56	-3.0236
87.57	-3.0236
87.57	-3.0237
87.57	-3.0239
87.57	-3.0238
87.58	-3.0236
87.58	-3.0237
87.58	-3.0238
87.58	-3.0238
87.59	-3.0239
87.59	-3.0239
87.59	-3.0240
87.59	-3.0241
87.59	-3.0241
87.60	-3.0241
87.60	-3.0238
87.60	-3.0240
87.60	-3.0242
87.61	-3.0241
87.61	-3.0241
87.62	-3.0239
87.62	-3.0241
87.63	-3.0240
87.62	-3.0243
87.62	-3.0240
87.63	-3.0241
87.63	-3.0242
87.63	-3.0240
87.64	-3.0243
87.64	-3.0243
87.64	-3.0244
87.64	-3.0246
87.64	-3.0247
87.64	-3.0246
87.64	-3.0247
87.65	-3.0250
87.65	-3.0247
87.65	-3.0251
87.66	-3.0248
87.66	-3.0247
87.66	-3.0249
87.67	-3.0250
87.67	-3.0252
87.67	-3.0251
87.67	-3.0252
87.68	-3.0253
87.68	-3.0252
87.68	-3.0251
87.69	-3.0251
87.69	-3.0251
87.69	-3.0252
87.69	-3.0252
87.70	-3.0254
87.70	-3.0254
87.70	-3.0253
87.70	-3.0255
87.71	-3.0256
87.71	-3.0254
87.71	-3.0254
87.71	-3.0256
87.72	-3.0255
87.72	-3.0255
87.72	-3.0256
87.73	-3.0256
87.73	-3.0256
87.73	-3.0260
87.73	-3.0262
87.74	-3.0259
87.74	-3.0260
87.74	-3.0262
87.74	-3.0263
87.74	-3.0262
87.74	-3.0263
87.75	-3.0262
87.75	-3.0263
87.75	-3.0265
87.75	-3.0261
87.76	-3.0266
87.76	-3.0266
87.76	-3.0266
87.77	-3.0269
87.77	-3.0268
87.77	-3.0267
87.78	-3.0269
87.78	-3.0267
87.78	-3.0271
87.78	-3.0267
87.78	-3.0270
87.79	-3.0269
87.79	-3.0271
87.79	-3.0274
87.79	-3.0273
87.79	-3.0273
87.80	-3.0273
87.80	-3.0275
87.80	-3.0273
87.80	-3.0274
87.81	-3.0275
87.81	-3.0275
87.81	-3.0276
87.81	-3.0278
87.82	-3.0278
87.82	-3.0276
87.83	-3.0277
87.83	-3.0277
87.83	-3.0278
87.83	-3.0277
87.83	-3.0278
87.83	-3.0280
87.84	-3.0280
87.84	-3.0280
87.84	-3.0278
87.85	-3.0280
87.85	-3.0280
87.85	-3.0280
87.85	-3.0280
87.86	-3.0280
87.86	-3.0279
87.86	-3.0282
87.86	-3.0283
87.87	-3.0281
87.87	-3.0280
87.87	-3.0281
87.88	-3.0281
87.88	-3.0280
87.88	-3.0281
87.88	-3.0281
87.88	-3.0283
87.89	-3.0281
87.89	-3.0284
87.89	-3.0280
87.89	-3.0282
87.89	-3.0282
87.90	-3.0283
87.90	-3.0282
87.90	-3.0282
87.91	-3.0283
87.91	-3.0283
87.91	-3.0282
87.91	-3.0283
87.91	-3.0286
87.92	-3.0283
87.92	-3.0287
87.92	-3.0286
87.93	-3.0289
87.93	-3.0288
87.93	-3.0288
87.93	-3.0291
87.93	-3.0289
87.94	-3.0291
87.94	-3.0290
87.94	-3.0290
87.95	-3.0292
87.95	-3.0292
87.95	-3.0291
87.95	-3.0291
87.95	-3.0292
87.96	-3.0293
87.96	-3.0292
87.96	-3.0293
87.96	-3.0294
87.97	-3.0294
87.97	-3.0293
87.97	-3.0293
87.98	-3.0296
87.98	-3.0295
87.98	-3.0297
87.98	-3.0295
87.98	-3.0293
87.98	-3.0296
87.99	-3.0296
87.99	-3.0298
88.00	-3.0297
88.00	-3.0296
88.00	-3.0297
88.00	-3.0298
88.01	-3.0298
88.01	-3.0298
88.01	-3.0299
88.01	-3.0301
88.02	-3.0300
88.02	-3.0298
88.02	-3.0300
88.03	-3.0301
88.03	-3.0298
88.03	-3.0300
88.03	-3.0300
88.03	-3.0301
88.04	-3.0299
88.04	-3.0299
88.04	-3.0298
88.05	-3.0301
88.05	-3.0302
88.05	-3.0302
88.05	-3.0303
88.05	-3.0303
88.05	-3.0304
88.06	-3.0304
88.06	-3.0303
88.07	-3.0307
88.07	-3.0302
88.07	-3.0305
88.07	-3.0304
88.07	-3.0306
88.08	-3.0304
88.08	-3.0306
88.08	-3.0304
88.08	-3.0304
88.09	-3.0305
88.09	-3.0304
88.09	-3.0305
88.09	-3.0306
88.09	-3.0307
88.10	-3.0305
88.10	-3.0305
88.10	-3.0306
88.10	-3.0308
88.11	-3.0308
88.11	-3.0309
88.11	-3.0308
88.12	-3.0310
88.12	-3.0310
88.13	-3.0312
88.13	-3.0312
88.13	-3.0313
88.13	-3.0310
88.13	-3.0313
88.14	-3.0312
88.13	-3.0312
88.13	-3.0314
88.14	-3.0313
88.14	-3.0316
88.14	-3.0314
88.14	-3.0315
88.15	-3.0315
88.15	-3.0316
88.15	-3.0314
88.16	-3.0316
88.16	-3.0316
88.17	-3.0318
88.17	-3.0317
88.17	-3.0316
88.17	-3.0317
88.17	-3.0317
88.18	-3.0318
88.18	-3.0319
88.18	-3.0316
88.18	-3.0320
88.18	-3.0320
88.19	-3.0320
88.19	-3.0319
88.20	-3.0322
88.20	-3.0322
88.20	-3.0323
88.20	-3.0323
88.20	-3.0323
88.21	-3.0324
88.21	-3.0325
88.22	-3.0322
88.22	-3.0326
88.22	-3.0324
88.22	-3.0324
88.23	-3.0325
88.23	-3.0324
88.23	-3.0329
88.23	-3.0326
88.23	-3.0328
88.24	-3.0330
88.24	-3.0329
88.24	-3.0331
88.24	-3.0329
88.25	-3.0331
88.25	-3.0330
88.25	-3.0332
88.25	-3.0332
88.25	-3.0332
88.25	-3.0333
88.25	-3.0332
88.26	-3.0334
88.26	-3.0334
88.27	-3.0335
88.27	-3.0335
88.27	-3.0336
88.28	-3.0337
88.28	-3.0339
88.28	-3.0337
88.28	-3.0335
88.29	-3.0340
88.29	-3.0340
88.29	-3.0341
88.30	-3.0342
88.30	-3.0337
88.30	-3.0340
88.30	-3.0340
88.30	-3.0340
88.31	-3.0341
88.31	-3.0341
88.31	-3.0343
88.31	-3.0341
88.31	-3.0341
88.32	-3.0342
88.32	-3.0342
88.33	-3.0343
88.33	-3.0343
88.33	-3.0341
88.33	-3.0345
88.33	-3.0343
88.34	-3.0343
88.34	-3.0345
88.34	-3.0344
88.34	-3.0345
88.35	-3.0346
88.35	-3.0347
88.35	-3.0345
88.35	-3.0345
88.36	-3.0345
88.36	-3.0346
88.36	-3.0345
88.37	-3.0348
88.37	-3.0347
88.37	-3.0348
88.37	-3.0349
88.38	-3.0348
88.38	-3.0348
88.38	-3.0349
88.38	-3.0350
88.39	-3.0353
88.39	-3.0352
88.39	-3.0352
88.40	-3.0352
88.40	-3.0349
88.39	-3.0353
88.40	-3.0351
88.40	-3.0353
88.40	-3.0351
88.40	-3.0353
88.41	-3.0352
88.41	-3.0353
88.41	-3.0354
88.42	-3.0353
88.42	-3.0353
88.42	-3.0356
88.42	-3.0354
88.42	-3.0355
88.42	-3.0355
88.43	-3.0355
88.43	-3.0357
88.43	-3.0357
88.43	-3.0358
88.43	-3.0358
88.44	-3.0356
88.44	-3.0358
88.44	-3.0357
88.45	-3.0359
88.45	-3.0359
88.45	-3.0358
88.45	-3.0362
88.45	-3.0358
88.45	-3.0361
88.46	-3.0361
88.46	-3.0362
88.46	-3.0365
88.47	-3.0364
88.47	-3.0365
88.48	-3.0362
88.48	-3.0367
88.48	-3.0365
88.48	-3.0364
88.48	-3.0366
88.48	-3.0365
88.49	-3.0365
88.49	-3.0366
88.49	-3.0366
88.50	-3.0366
88.50	-3.0368
88.50	-3.0367
88.50	-3.0367
88.51	-3.0368
88.51	-3.0366
88.51	-3.0366
88.51	-3.0369
88.52	-3.0369
88.52	-3.0368
88.52	-3.0369
88.52	-3.0368
88.53	-3.0368
88.53	-3.0369
88.53	-3.0368
88.54	-3.0370
88.54	-3.0369
88.54	-3.0370
88.54	-3.0370
88.54	-3.0369
88.54	-3.0369
88.55	-3.0370
88.55	-3.0369
88.55	-3.0371
88.55	-3.0371
88.56	-3.0369
88.56	-3.0373
88.56	-3.0371
88.57	-3.0373
88.57	-3.0373
88.57	-3.0372
88.57	-3.0369
88.58	-3.0373
88.58	-3.0373
88.58	-3.0373
88.58	-3.0372
88.59	-3.0372
88.59	-3.0372
88.59	-3.0370
88.59	-3.0372
88.60	-3.0374
88.60	-3.0373
88.60	-3.0374
88.60	-3.0373
88.61	-3.0375
88.61	-3.0373
88.61	-3.0376
88.61	-3.0375
88.62	-3.0374
88.62	-3.0376
88.63	-3.0375
88.63	-3.0374
88.63	-3.0376
88.63	-3.0376
88.63	-3.0377
88.63	-3.0376
88.63	-3.0378
88.64	-3.0378
88.64	-3.0380
88.64	-3.0379
88.65	-3.0379
88.65	-3.0380
88.65	-3.0380
88.66	-3.0380
88.66	-3.0380
88.66	-3.0382
88.66	-3.0382
88.66	-3.0381
88.67	-3.0383
88.67	-3.0383
88.67	-3.0384
88.67	-3.0383
88.68	-3.0385
88.68	-3.0384
88.68	-3.0385
88.68	-3.0387
88.69	-3.0387
88.70	-3.0388
88.70	-3.0389
88.70	-3.0388
88.70	-3.0388
88.70	-3.0388
88.70	-3.0391
88.71	-3.0391
88.71	-3.0390
88.71	-3.0389
88.71	-3.0392
88.72	-3.0391
88.72	-3.0393
88.72	-3.0394
88.72	-3.0392
88.73	-3.0392
88.73	-3.0395
88.73	-3.0392
88.73	-3.0395
88.73	-3.0395
88.74	-3.0395
88.74	-3.0395
88.75	-3.0396
88.75	-3.0395
88.75	-3.0396
88.75	-3.0398
88.75	-3.0398
88.75	-3.0397
88.76	-3.0400
88.76	-3.0400
88.76	-3.0399
88.76	-3.0399
88.76	-3.0401
88.77	-3.0398
88.77	-3.0399
88.78	-3.0399
88.78	-3.0399
88.78	-3.0400
88.78	-3.0400
88.78	-3.0399
88.79	-3.0400
88.79	-3.0399
88.80	-3.0401
88.80	-3.0403
88.80	-3.0402
88.80	-3.0404
88.80	-3.0403
88.80	-3.0405
88.80	-3.0403
88.81	-3.0403
88.81	-3.0404
88.81	-3.0406
88.82	-3.0406
88.82	-3.0406
88.82	-3.0407
88.83	-3.0405
88.83	-3.0409
88.83	-3.0408
88.83	-3.0407
88.84	-3.0408
88.84	-3.0407
88.84	-3.0411
88.84	-3.0409
88.84	-3.0410
88.85	-3.0410
88.85	-3.0412
88.85	-3.0408
88.85	-3.0412
88.86	-3.0412
88.86	-3.0408
88.87	-3.0412
88.87	-3.0414
88.87	-3.0413
88.88	-3.0414
88.88	-3.0410
88.88	-3.0413
88.88	-3.0413
88.88	-3.0413
88.89	-3.0414
88.89	-3.0415
88.89	-3.0414
88.89	-3.0414
88.89	-3.0414
88.89	-3.0414
88.90	-3.0416
88.90	-3.0417
88.90	-3.0417
88.90	-3.0418
88.91	-3.0418
88.91	-3.0419
88.91	-3.0417
88.92	-3.0420
88.92	-3.0419
88.92	-3.0419
88.92	-3.0422
88.92	-3.0420
88.93	-3.0420
88.93	-3.0422
88.93	-3.0423
88.93	-3.0423
88.94	-3.0425
88.94	-3.0426
88.94	-3.0424
88.94	-3.0425
88.95	-3.0426
88.95	-3.0426
88.95	-3.0426
88.96	-3.0430
88.96	-3.0427
88.96	-3.0431
88.96	-3.0430
88.97	-3.0433
88.97	-3.0430
88.97	-3.0434
88.97	-3.0434
88.98	-3.0434
88.98	-3.0437
88.98	-3.0437
88.98	-3.0437
88.98	-3.0438
88.99	-3.0438
88.99	-3.0439
88.99	-3.0440
89.00	-3.0441
89.00	-3.0442
89.00	-3.0440
89.00	-3.0445
89.00	-3.0440
89.01	-3.0444
89.01	-3.0442
89.01	-3.0446
89.02	-3.0445
89.02	-3.0446
89.02	-3.0444
89.03	-3.0445
89.03	-3.0445
89.03	-3.0447
89.03	-3.0447
89.03	-3.0445
89.04	-3.0446
89.04	-3.0447
89.04	-3.0445
89.04	-3.0447
89.05	-3.0448
89.05	-3.0449
89.05	-3.0448
89.05	-3.0450
89.06	-3.0449
89.06	-3.0449
89.06	-3.0451
89.06	-3.0450
89.07	-3.0451
89.07	-3.0449
89.07	-3.0451
89.08	-3.0449
89.08	-3.0452
89.08	-3.0451
89.08	-3.0448
89.08	-3.0450
89.09	-3.0450
89.09	-3.0449
89.09	-3.0448
89.09	-3.0449
89.09	-3.0451
89.10	-3.0449
89.10	-3.0448
89.10	-3.0452
89.11	-3.0452
89.11	-3.0449
89.11	-3.0452
89.11	-3.0451
89.11	-3.0450
89.12	-3.0450
89.12	-3.0451
89.12	-3.0452
89.13	-3.0450
89.13	-3.0450
89.13	-3.0449
89.13	-3.0448
89.13	-3.0450
89.14	-3.0451
89.14	-3.0449
89.14	-3.0446
89.14	-3.0448
89.15	-3.0446
89.15	-3.0447
89.15	-3.0450
89.15	-3.0447
89.15	-3.0450
89.16	-3.0446
89.16	-3.0447
89.16	-3.0449
89.17	-3.0448
89.17	-3.0449
89.17	-3.0449
89.17	-3.0447
89.17	-3.0449
89.18	-3.0450
89.18	-3.0448
89.18	-3.0450
89.19	-3.0451
89.19	-3.0448
89.20	-3.0450
89.20	-3.0448
89.20	-3.0450
89.20	-3.0449
89.20	-3.0450
89.20	-3.0451
89.21	-3.0450
89.21	-3.0450
89.21	-3.0450
89.22	-3.0454
89.22	-3.0452
89.23	-3.0454
89.23	-3.0452
89.23	-3.0452
89.23	-3.0454
89.23	-3.0455
89.24	-3.0454
89.24	-3.0455
89.24	-3.0456
89.24	-3.0456
89.24	-3.0457
89.25	-3.0457
89.25	-3.0456
89.25	-3.0459
89.25	-3.0459
89.25	-3.0458
89.25	-3.0458
89.26	-3.0459
89.26	-3.0458
89.27	-3.0460
89.27	-3.0459
89.27	-3.0462
89.28	-3.0463
89.28	-3.0465
89.28	-3.0463
89.28	-3.0462
89.28	-3.0464
89.29	-3.0466
89.29	-3.0467
89.29	-3.0465
89.30	-3.0465
89.30	-3.0469
89.30	-3.0467
89.30	-3.0470
89.30	-3.0472
89.30	-3.0473
89.30	-3.0473
89.31	-3.0472
89.31	-3.0472
89.31	-3.0473
89.32	-3.0473
89.32	-3.0476
89.32	-3.0477
89.33	-3.0475
89.33	-3.0477
89.33	-3.0479
89.33	-3.0477
89.33	-3.0479
89.34	-3.0479
89.34	-3.0480
89.34	-3.0481
89.34	-3.0481
89.34	-3.0482
89.34	-3.0482
89.34	-3.0484
89.35	-3.0484
89.35	-3.0485
89.35	-3.0486
89.36	-3.0486
89.36	-3.0486
89.36	-3.0488
89.37	-3.0487
89.37	-3.0488
89.38	-3.0488
89.38	-3.0489
89.38	-3.0491
89.38	-3.0490
89.38	-3.0493
89.39	-3.0495
89.39	-3.0495
89.39	-3.0496
89.39	-3.0496
89.39	-3.0497
89.40	-3.0499
89.40	-3.0497
89.40	-3.0499
89.40	-3.0500
89.40	-3.0501
89.41	-3.0503
89.41	-3.0502
89.42	-3.0503
89.42	-3.0505
89.42	-3.0504
89.42	-3.0504
89.42	-3.0505
89.42	-3.0505
89.42	-3.0508
89.42	-3.0507
89.43	-3.0508
89.43	-3.0510
89.43	-3.0511
89.44	-3.0510
89.44	-3.0514
89.44	-3.0511
89.45	-3.0513
89.45	-3.0514
89.45	-3.0513
89.45	-3.0514
89.45	-3.0515
89.46	-3.0517
89.46	-3.0515
89.46	-3.0515
89.47	-3.0516
89.47	-3.0517
89.48	-3.0518
89.48	-3.0518
89.48	-3.0518
89.48	-3.0519
89.49	-3.0516
89.49	-3.0521
89.49	-3.0519
89.49	-3.0519
89.50	-3.0521
89.50	-3.0520
89.50	-3.0519
89.50	-3.0520
89.50	-3.0522
89.50	-3.0526
89.51	-3.0521
89.51	-3.0523
89.51	-3.0524
89.52	-3.0525
89.52	-3.0526
89.52	-3.0524
89.52	-3.0527
89.53	-3.0526
89.53	-3.0526
89.53	-3.0526
89.53	-3.0529
89.54	-3.0530
89.54	-3.0527
89.54	-3.0529
89.55	-3.0529
89.55	-3.0530
89.55	-3.0533
89.55	-3.0529
89.55	-3.0532
89.55	-3.0529
89.55	-3.0530
89.56	-3.0532
89.56	-3.0531
89.57	-3.0533
89.57	-3.0534
89.57	-3.0533
89.57	-3.0534
89.58	-3.0535
89.58	-3.0537
89.58	-3.0536
89.58	-3.0537
89.59	-3.0535
89.59	-3.0536
89.59	-3.0540
89.59	-3.0536
89.59	-3.0537
89.60	-3.0538
89.60	-3.0538
89.60	-3.0538
89.61	-3.0538
89.61	-3.0537
89.61	-3.0539
89.61	-3.0537
89.62	-3.0536
89.62	-3.0537
89.62	-3.0538
89.63	-3.0538
89.63	-3.0537
89.63	-3.0540
89.63	-3.0541
89.64	-3.0534
89.64	-3.0539
89.64	-3.0539
89.64	-3.0540
89.64	-3.0540
89.64	-3.0541
89.64	-3.0542
89.64	-3.0541
89.65	-3.0542
89.65	-3.0542
89.66	-3.0543
89.66	-3.0543
89.66	-3.0545
89.66	-3.0543
89.67	-3.0543
89.67	-3.0545
89.67	-3.0544
89.67	-3.0544
89.68	-3.0544
89.68	-3.0543
89.68	-3.0543
89.69	-3.0547
89.69	-3.0546
89.69	-3.0546
89.69	-3.0546
89.69	-3.0547
89.70	-3.0546
89.70	-3.0546
89.70	-3.0548
89.70	-3.0548
89.71	-3.0547
89.71	-3.0547
89.71	-3.0548
89.71	-3.0548
89.71	-3.0551
89.72	-3.0548
89.72	-3.0551
89.72	-3.0551
89.72	-3.0553
89.73	-3.0553
89.73	-3.0553
89.73	-3.0553
89.74	-3.0554
89.74	-3.0554
89.74	-3.0555
89.75	-3.0553
89.75	-3.0554
89.75	-3.0556
89.75	-3.0555
89.76	-3.0555
89.76	-3.0555
89.76	-3.0556
89.76	-3.0555
89.77	-3.0556
89.77	-3.0556
89.77	-3.0554
89.78	-3.0556
89.78	-3.0555
89.78	-3.0557
89.78	-3.0557
89.78	-3.0559
89.79	-3.0558
89.79	-3.0557
89.79	-3.0558
89.79	-3.0557
89.79	-3.0558
89.80	-3.0559
89.80	-3.0559
89.80	-3.0558
89.81	-3.0559
89.81	-3.0559
89.81	-3.0559
89.81	-3.0560
89.82	-3.0561
89.82	-3.0561
89.82	-3.0560
89.82	-3.0559
89.83	-3.0560
89.83	-3.0561
89.83	-3.0560
89.83	-3.0560
89.83	-3.0559
89.84	-3.0558
89.84	-3.0559
89.84	-3.0560
89.84	-3.0558
89.85	-3.0561
89.85	-3.0560
89.85	-3.0559
89.86	-3.0560
89.86	-3.0562
89.87	-3.0561
89.86	-3.0563
89.87	-3.0563
89.87	-3.0562
89.87	-3.0565
89.88	-3.0564
89.88	-3.0563
89.88	-3.0566
89.88	-3.0567
89.88	-3.0565
89.89	-3.0565
89.89	-3.0567
89.89	-3.0566
89.89	-3.0568
89.89	-3.0567
89.89	-3.0567
89.90	-3.0565
89.90	-3.0568
89.90	-3.0569
89.91	-3.0567
89.91	-3.0568
89.91	-3.0569
89.91	-3.0571
89.92	-3.0568
89.92	-3.0571
89.92	-3.0569
89.92	-3.0571
89.92	-3.0571
89.93	-3.0574
89.93	-3.0572
89.93	-3.0574
89.94	-3.0574
89.94	-3.0574
89.95	-3.0575
89.95	-3.0576
89.95	-3.0574
89.95	-3.0575
89.95	-3.0575
89.95	-3.0574
89.95	-3.0576
89.96	-3.0580
89.96	-3.0577
89.96	-3.0579
89.97	-3.0579
89.97	-3.0578
89.97	-3.0579
89.98	-3.0579
89.98	-3.0579
89.98	-3.0580
89.98	-3.0579
89.99	-3.0582
89.98	-3.0580
89.99	-3.0584
89.99	-3.0584
90.00	-3.0582
90.00	-3.0582
90.00	-3.0583
90.00	-3.0584
90.00	-3.0584
90.01	-3.0584
90.01	-3.0585
90.01	-3.0583
90.02	-3.0585
90.02	-3.0588
90.02	-3.0587
90.03	-3.0587
90.03	-3.0586
90.03	-3.0588
90.03	-3.0588
90.03	-3.0588
90.04	-3.0592
90.04	-3.0592
90.04	-3.0588
90.05	-3.0591
90.05	-3.0591
90.05	-3.0592
90.05	-3.0590
90.05	-3.0593
90.05	-3.0592
90.06	-3.0590
90.06	-3.0593
90.07	-3.0594
90.07	-3.0593
90.07	-3.0594
90.07	-3.0592
90.07	-3.0593
90.08	-3.0595
90.08	-3.0595
90.08	-3.0596
90.08	-3.0596
90.08	-3.0596
90.09	-3.0594
90.09	-3.0596
90.09	-3.0595
90.09	-3.0596
90.09	-3.0597
90.10	-3.0598
90.10	-3.0596
90.10	-3.0597
90.11	-3.0598
90.11	-3.0598
90.12	-3.0598
90.12	-3.0599
90.12	-3.0599
90.12	-3.0599
90.13	-3.0601
90.13	-3.0599
90.13	-3.0599
90.13	-3.0599
90.14	-3.0598
90.14	-3.0599
90.14	-3.0600
90.14	-3.0600
90.14	-3.0599
90.14	-3.0600
90.15	-3.0598
90.15	-3.0601
90.15	-3.0598
90.15	-3.0600
90.15	-3.0598
90.15	-3.0600
90.16	-3.0601
90.16	-3.0599
90.16	-3.0599
90.17	-3.0601
90.17	-3.0602
90.17	-3.0602
90.17	-3.0601
90.18	-3.0602
90.18	-3.0602
90.18	-3.0602
90.19	-3.0600
90.19	-3.0602
90.19	-3.0603
90.20	-3.0604
90.20	-3.0603
90.20	-3.0604
90.20	-3.0605
90.21	-3.0602
90.21	-3.0604
90.21	-3.0603
90.21	-3.0604
90.21	-3.0604
90.22	-3.0604
90.22	-3.0606
90.22	-3.0604
90.23	-3.0605
90.23	-3.0606
90.23	-3.0606
90.23	-3.0609
90.23	-3.0607
90.23	-3.0609
90.24	-3.0610
90.25	-3.0608
90.25	-3.0609
90.25	-3.0610
90.25	-3.0613
90.25	-3.0611
90.25	-3.0612
90.25	-3.0612
90.25	-3.0611
90.26	-3.0612
90.26	-3.0614
90.27	-3.0613
90.27	-3.0613
90.27	-3.0615
90.28	-3.0614
90.28	-3.0615
90.28	-3.0615
90.28	-3.0618
90.28	-3.0618
90.28	-3.0617
90.29	-3.0621
90.29	-3.0618
90.29	-3.0620
90.30	-3.0618
90.30	-3.0620
90.30	-3.0622
90.30	-3.0622
90.30	-3.0621
90.31	-3.0623
90.31	-3.0623
90.31	-3.0622
90.31	-3.0622
90.31	-3.0626
90.32	-3.0622
90.32	-3.0625
90.32	-3.0625
90.33	-3.0627
90.33	-3.0629
90.33	-3.0629
90.34	-3.0627
90.34	-3.0629
90.34	-3.0629
90.34	-3.0629
90.34	-3.0629
90.35	-3.0630
90.35	-3.0629
90.35	-3.0631
90.35	-3.0633
90.36	-3.0632
90.37	-3.0631
90.37	-3.0634
90.37	-3.0633
90.38	-3.0634
90.37	-3.0635
90.37	-3.0635
90.38	-3.0636
90.38	-3.0635
90.38	-3.0638
90.38	-3.0636
90.38	-3.0636
90.38	-3.0637
90.39	-3.0637
90.40	-3.0639
90.39	-3.0639
90.39	-3.0640
90.40	-3.0639
90.40	-3.0641
90.40	-3.0641
90.41	-3.0643
90.41	-3.0641
90.41	-3.0644
90.42	-3.0642
90.42	-3.0641
90.42	-3.0644
90.42	-3.0643
90.42	-3.0644
90.43	-3.0644
90.43	-3.0644
90.43	-3.0645
90.44	-3.0648
90.44	-3.0650
90.44	-3.0646
90.44	-3.0646
90.44	-3.0648
90.45	-3.0650
90.45	-3.0649
90.45	-3.0647
90.45	-3.0648
90.46	-3.0650
90.46	-3.0648
90.46	-3.0652
90.48	-3.0652
90.48	-3.0643
90.49	-3.0623
90.49	-3.0595
90.50	-3.0566
90.51	-3.0543
90.52	-3.0532
90.53	-3.0538
90.53	-3.0563
90.54	-3.0607
90.54	-3.0665
90.55	-3.0739
90.55	-3.0822
90.55	-3.0909
90.56	-3.0996
90.56	-3.1082
90.56	-3.1161
90.57	-3.1230
90.57	-3.1285
90.58	-3.1327
90.58	-3.1354
90.58	-3.1364
90.58	-3.1358
90.58	-3.1337
90.58	-3.1300
90.58	-3.1251
90.59	-3.1190
90.59	-3.1117
90.59	-3.1037
90.59	-3.0949
90.59	-3.0852
90.59	-3.0754
90.59	-3.0653
90.59	-3.0550
90.59	-3.0450
90.59	-3.0350
90.59	-3.0253
90.59	-3.0158
90.59	-3.0069
90.59	-2.9987
90.59	-2.9910
90.59	-2.9840
90.59	-2.9777
90.59	-2.9722
90.59	-2.9674
90.59	-2.9632
90.59	-2.9597
90.59	-2.9571
90.59	-2.9552
90.59	-2.9541
90.59	-2.9535
90.59	-2.9537
90.60	-2.9546
90.59	-2.9559
90.59	-2.9578
90.59	-2.9605
90.59	-2.9635
90.59	-2.9668
90.59	-2.9707
90.59	-2.9751
90.59	-2.9796
90.59	-2.9845
90.59	-2.9898
90.59	-2.9952
90.59	-3.0008
90.59	-3.0066
90.59	-3.0127
90.59	-3.0188
90.59	-3.0252
90.59	-3.0315
90.59	-3.0380
90.59	-3.0444
90.59	-3.0510
90.59	-3.0576
90.59	-3.0641
90.59	-3.0707
90.59	-3.0771
90.59	-3.0836
90.60	-3.0899
90.59	-3.0964
90.59	-3.1026
90.59	-3.1087
90.59	-3.1148
90.60	-3.1208
90.59	-3.1267
90.59	-3.1326
90.59	-3.1382
90.60	-3.1439
90.59	-3.1494
90.59	-3.1548
90.59	-3.1601
90.59	-3.1654
90.59	-3.1704
90.59	-3.1754
90.59	-3.1803
90.60	-3.1848
90.59	-3.1894
90.59	-3.1938
90.59	-3.1981
90.60	-3.2024
90.59	-3.2066
90.59	-3.2107
90.59	-3.2147
90.60	-3.2185
90.60	-3.2221
90.60	-3.2257
90.60	-3.2291
90.60	-3.2324
90.59	-3.2357
90.59	-3.2389
90.60	-3.2420
90.60	-3.2450
90.60	-3.2478
90.59	-3.2507
90.59	-3.2536
90.59	-3.2562
90.59	-3.2586
90.59	-3.2611
90.59	-3.2634
90.59	-3.2655
90.60	-3.2678
90.60	-3.2698
90.59	-3.2719
90.59	-3.2738
90.59	-3.2759
90.59	-3.2778
90.59	-3.2798
90.60	-3.2815
90.60	-3.2833
90.59	-3.2851
90.60	-3.2868
90.60	-3.2885
90.60	-3.2900
90.60	-3.2914
90.60	-3.2929
90.60	-3.2942
90.60	-3.2956
90.60	-3.2969
90.60	-3.2981
90.60	-3.2993
90.60	-3.3003
90.60	-3.3016
90.60	-3.3027
90.59	-3.3038
90.59	-3.3048
90.60	-3.3058
90.59	-3.3068
90.59	-3.3077
90.59	-3.3085
90.59	-3.3093
90.59	-3.3099
90.60	-3.3108
90.60	-3.3114
90.59	-3.3119
90.59	-3.3125
90.60	-3.3130
90.60	-3.3137
90.60	-3.3143
90.60	-3.3148
90.59	-3.3154
90.59	-3.3160
90.60	-3.3166
90.60	-3.3171
90.60	-3.3175
90.60	-3.3180
90.59	-3.3184
90.59	-3.3187
90.59	-3.3190
90.60	-3.3195
90.60	-3.3199
90.60	-3.3203
90.60	-3.3209
90.60	-3.3213
90.60	-3.3217
90.60	-3.3221
90.60	-3.3226
90.60	-3.3229
90.60	-3.3231
90.60	-3.3234
90.59	-3.3239
90.59	-3.3240
90.60	-3.3243
90.60	-3.3247
90.60	-3.3251
90.59	-3.3255
90.59	-3.3258
90.59	-3.3260
90.60	-3.3263
90.60	-3.3264
90.60	-3.3265
90.60	-3.3267
90.59	-3.3269
90.60	-3.3271
90.60	-3.3274
90.60	-3.3274
90.60	-3.3276
90.60	-3.3277
90.60	-3.3280
90.60	-3.3281
90.60	-3.3280
90.60	-3.3281
90.60	-3.3281
90.60	-3.3281
90.60	-3.3282
90.60	-3.3283
90.60	-3.3283
90.60	-3.3284
90.60	-3.3285
90.60	-3.3285
90.59	-3.3286
90.59	-3.3287
90.59	-3.3287
90.60	-3.3288
90.60	-3.3289
90.60	-3.3291
90.60	-3.3291
90.60	-3.3292
90.59	-3.3294
90.59	-3.3295
90.59	-3.3296
90.60	-3.3298
90.59	-3.3299
90.59	-3.3299
90.60	-3.3300
90.60	-3.3300
90.60	-3.3301
90.60	-3.3302
90.60	-3.3303
90.60	-3.3304
90.59	-3.3305
90.59	-3.3306
90.59	-3.3306
90.60	-3.3307
90.60	-3.3309
90.60	-3.3309
90.59	-3.3309
90.59	-3.3310
90.60	-3.3310
90.60	-3.3310
90.60	-3.3310
90.59	-3.3310
90.60	-3.3311
90.60	-3.3312
90.60	-3.3313
90.60	-3.3313
90.60	-3.3314
90.60	-3.3314
90.59	-3.3314
90.59	-3.3314
90.59	-3.3314
90.59	-3.3314
90.59	-3.3313
90.59	-3.3314
90.59	-3.3314
90.60	-3.3315
90.60	-3.3316
90.60	-3.3316
90.59	-3.3316
90.59	-3.3315
90.59	-3.3317
90.59	-3.3318
90.59	-3.3318
90.60	-3.3318
90.60	-3.3319
90.60	-3.3319
90.60	-3.3320
90.60	-3.3320
90.60	-3.3320
90.60	-3.3320
90.60	-3.3320
90.60	-3.3321
90.60	-3.3321
90.59	-3.3321
90.59	-3.3322
90.59	-3.3324
90.60	-3.3324
90.60	-3.3325
90.60	-3.3326
90.60	-3.3327
90.60	-3.3327
90.59	-3.3327
90.60	-3.3328
90.60	-3.3328
90.60	-3.3327
90.59	-3.3328
90.60	-3.3328
90.60	-3.3330
90.60	-3.3331
90.59	-3.3332
90.59	-3.3331
90.59	-3.3330
90.60	-3.3330
90.60	-3.3331
90.60	-3.3332
90.60	-3.3331
90.60	-3.3331
90.60	-3.3331
90.59	-3.3331
90.59	-3.3330
90.60	-3.3331
90.60	-3.3329
90.60	-3.3328
90.59	-3.3330
90.60	-3.3329
90.59	-3.3330
90.59	-3.3331
90.60	-3.3331
90.60	-3.3332
90.60	-3.3332
90.60	-3.3332
90.60	-3.3333
90.60	-3.3333
90.60	-3.3334
90.60	-3.3334
90.60	-3.3334
90.60	-3.3334
90.60	-3.3335
90.60	-3.3335
90.60	-3.3335
90.60	-3.3335
90.60	-3.3336
90.60	-3.3336
90.60	-3.3336
90.60	-3.3337
90.60	-3.3337
90.60	-3.3337
90.60	-3.3337
90.60	-3.3337
90.60	-3.3337
90.60	-3.3336
90.60	-3.3336
90.60	-3.3336
90.60	-3.3335
90.60	-3.3336
90.60	-3.3337
90.60	-3.3336
90.60	-3.3335
90.60	-3.3336
90.59	-3.3338
90.60	-3.3338
90.60	-3.3339
90.60	-3.3339
90.60	-3.3340
90.60	-3.3338
90.60	-3.3338
90.60	-3.3338
90.60	-3.3337
90.60	-3.3337
90.60	-3.3338
90.60	-3.3338
90.60	-3.3336
90.60	-3.3336
90.60	-3.3336
90.60	-3.3335
90.60	-3.3334
90.60	-3.3334
90.60	-3.3334
90.60	-3.3336
90.60	-3.3336
90.60	-3.3337
90.60	-3.3337
90.60	-3.3338
90.60	-3.3338
90.60	-3.3337
90.60	-3.3336
90.60	-3.3337
90.60	-3.3337
90.60	-3.3338
90.60	-3.3339
90.60	-3.3339
90.60	-3.3340
90.60	-3.3341
90.60	-3.3341
90.60	-3.3341
90.60	-3.3342
90.60	-3.3343
90.59	-3.3344
90.60	-3.3344
90.60	-3.3343
90.60	-3.3343
90.60	-3.3344
90.60	-3.3345
90.60	-3.3346
90.60	-3.3345
90.60	-3.3346
90.60	-3.3346
90.60	-3.3346
90.60	-3.3346
90.60	-3.3346
90.60	-3.3346
90.60	-3.3346
90.60	-3.3346
90.60	-3.3346
90.60	-3.3345
90.60	-3.3344
90.60	-3.3345
90.60	-3.3344
90.60	-3.3343
90.60	-3.3342
90.60	-3.3343
90.60	-3.3342
90.60	-3.3342
90.60	-3.3342
90.60	-3.3342
90.60	-3.3341
90.60	-3.3340
90.60	-3.3338
90.60	-3.3339
90.60	-3.3339
90.60	-3.3339
90.60	-3.3340
90.60	-3.3341
90.60	-3.3342
90.60	-3.3342
90.59	-3.3343
90.60	-3.3344
90.60	-3.3345
90.60	-3.3345
90.60	-3.3347
90.60	-3.3347
90.60	-3.3348
90.60	-3.3348
90.60	-3.3347
90.60	-3.3346
90.60	-3.3346
90.60	-3.3345
90.60	-3.3346
90.60	-3.3346
90.60	-3.3346
90.60	-3.3346
90.59	-3.3346
90.60	-3.3346
90.60	-3.3346
90.60	-3.3346
90.60	-3.3348
90.60	-3.3348
90.60	-3.3349
90.60	-3.3350
90.60	-3.3350
90.60	-3.3348
90.60	-3.3350
90.60	-3.3350
90.60	-3.3351
90.60	-3.3350
90.60	-3.3350
90.60	-3.3351
90.60	-3.3351
90.60	-3.3351
90.59	-3.3352
90.60	-3.3351
90.60	-3.3351
90.60	-3.3353
90.60	-3.3354
90.60	-3.3355
90.60	-3.3355
90.60	-3.3356
90.60	-3.3356
90.60	-3.3355
90.60	-3.3356
90.60	-3.3356
90.60	-3.3355
90.60	-3.3355
90.61	-3.3356
90.60	-3.3356
90.60	-3.3355
90.60	-3.3355
90.60	-3.3354
90.60	-3.3353
90.60	-3.3355
90.60	-3.3354
90.60	-3.3355
90.60	-3.3357
90.60	-3.3357
90.60	-3.3359
90.60	-3.3361
90.60	-3.3362
90.60	-3.3362
90.60	-3.3364
90.60	-3.3363
90.60	-3.3364
90.60	-3.3365
90.60	-3.3365
90.60	-3.3366
90.60	-3.3365
90.60	-3.3364
90.60	-3.3365
90.60	-3.3365
90.60	-3.3365
90.60	-3.3365
90.60	-3.3365
90.60	-3.3365
90.60	-3.3365
90.60	-3.3365
90.60	-3.3365
90.60	-3.3364
90.60	-3.3364
90.60	-3.3363
90.60	-3.3363
90.60	-3.3362
90.60	-3.3362
90.60	-3.3363
90.60	-3.3364
90.60	-3.3364
90.60	-3.3363
90.60	-3.3364
90.60	-3.3366
90.60	-3.3366
90.60	-3.3368
90.60	-3.3365
90.60	-3.3367
90.60	-3.3367
90.60	-3.3368
90.60	-3.3365
90.60	-3.3366
90.60	-3.3367
90.60	-3.3364
90.60	-3.3363
90.60	-3.3363
90.60	-3.3364
90.60	-3.3363
90.60	-3.3363
90.60	-3.3363
90.60	-3.3363
90.60	-3.3364
90.60	-3.3364
90.60	-3.3365
90.60	-3.3365
90.60	-3.3364
90.60	-3.3365
90.60	-3.3365
90.60	-3.3365
90.60	-3.3365
90.60	-3.3367
90.60	-3.3368
90.60	-3.3368
90.60	-3.3368
90.60	-3.3370
90.60	-3.3368
90.60	-3.3366
90.60	-3.3368
90.60	-3.3368
90.60	-3.3368
90.60	-3.3371
90.60	-3.3373
90.60	-3.3373
90.60	-3.3374
90.60	-3.3373
90.60	-3.3373
90.60	-3.3373
90.60	-3.3373
90.60	-3.3372
90.60	-3.3373
90.60	-3.3374
90.60	-3.3375
90.60	-3.3375
90.60	-3.3376
90.60	-3.3377
90.60	-3.3378
90.60	-3.3378
90.60	-3.3379
90.60	-3.3380
90.60	-3.3380
90.60	-3.3382
90.60	-3.3381
90.60	-3.3380
90.60	-3.3380
90.60	-3.3380
90.60	-3.3379
90.60	-3.3379
90.60	-3.3379
90.60	-3.3378
90.60	-3.3378
90.60	-3.3379
90.59	-3.3379
90.60	-3.3379
90.60	-3.3379
90.60	-3.3381
90.60	-3.3381
90.60	-3.3381
90.60	-3.3380
90.60	-3.3380
90.60	-3.3382
90.60	-3.3381
90.60	-3.3382
90.60	-3.3381
90.60	-3.3380
90.60	-3.3380
90.60	-3.3380
90.60	-3.3379
90.60	-3.3380
90.60	-3.3380
90.60	-3.3381
90.60	-3.3381
90.60	-3.3382
90.60	-3.3382
90.60	-3.3382
90.60	-3.3383
90.60	-3.3383
90.60	-3.3383
90.60	-3.3384
90.60	-3.3386
90.60	-3.3387
90.60	-3.3385
90.61	-3.3384
90.61	-3.3384
90.61	-3.3379
90.60	-3.3375
90.61	-3.3370
90.61	-3.3361
90.61	-3.3353
90.60	-3.3343
90.60	-3.3335
90.60	-3.3324
90.60	-3.3314
90.60	-3.3301
90.60	-3.3291
90.60	-3.3281
90.60	-3.3271
90.60	-3.3262
90.60	-3.3249
90.60	-3.3248
90.59	-3.3238
90.60	-3.3232
90.60	-3.3228
90.60	-3.3226
90.60	-3.3227
90.60	-3.3227
90.60	-3.3227
90.59	-3.3232
90.60	-3.3238
90.60	-3.3246
90.60	-3.3253
90.60	-3.3264
90.60	-3.3275
90.60	-3.3290
90.59	-3.3305
90.59	-3.3320
90.59	-3.3339
90.59	-3.3356
90.59	-3.3375
90.59	-3.3397
90.59	-3.3419
90.59	-3.3440
90.59	-3.3464
90.59	-3.3486
90.59	-3.3510
90.58	-3.3534
90.58	-3.3559
90.58	-3.3585
90.58	-3.3609
90.58	-3.3634
90.57	-3.3657
90.57	-3.3681
90.57	-3.3703
90.57	-3.3727
90.57	-3.3748
90.57	-3.3769
90.57	-3.3789
90.57	-3.3811
90.56	-3.3829
90.56	-3.3845
90.56	-3.3864
90.55	-3.3878
90.55	-3.3891
90.55	-3.3905
90.55	-3.3918
90.55	-3.3928
90.54	-3.3938
90.54	-3.3944
90.54	-3.3952
90.54	-3.3956
90.54	-3.3963
90.54	-3.3964
90.54	-3.3966
90.53	-3.3965
90.53	-3.3965
90.53	-3.3962
90.53	-3.3957
90.53	-3.3955
90.52	-3.3945
90.52	-3.3938
90.52	-3.3929
90.52	-3.3919
90.52	-3.3907
90.52	-3.3895
90.52	-3.3882
90.52	-3.3864
90.52	-3.3849
90.51	-3.3834
90.51	-3.3815
90.51	-3.3797
90.50	-3.3775
90.50	-3.3755
90.50	-3.3738
90.50	-3.3712
90.50	-3.3690
90.50	-3.3666
90.50	-3.3644
90.50	-3.3613
90.50	-3.3590
90.50	-3.3562
90.50	-3.3539
90.49	-3.3508
90.48	-3.3482
90.48	-3.3453
90.47	-3.3423
90.47	-3.3400
90.46	-3.3367
90.46	-3.3340
90.46	-3.3310
90.45	-3.3283
90.45	-3.3253
90.45	-3.3225
90.45	-3.3194
90.44	-3.3166
90.44	-3.3136
90.44	-3.3108
90.44	-3.3080
90.44	-3.3051
90.43	-3.3022
90.43	-3.2994
90.43	-3.2965
90.43	-3.2936
90.42	-3.2911
90.42	-3.2882
90.42	-3.2856
90.42	-3.2830
90.42	-3.2802
90.42	-3.2775
90.41	-3.2749
90.41	-3.2723
90.41	-3.2700
90.41	-3.2675
90.40	-3.2651
90.40	-3.2627
90.40	-3.2605
90.39	-3.2583
90.39	-3.2563
90.38	-3.2541
90.38	-3.2521
90.38	-3.2501
90.38	-3.2480
90.38	-3.2461
90.38	-3.2443
90.38	-3.2429
90.37	-3.2411
90.37	-3.2393
90.37	-3.2377
90.36	-3.2363
90.36	-3.2347
90.36	-3.2334
90.36	-3.2321
90.35	-3.2307
90.35	-3.2294
90.35	-3.2283
90.35	-3.2274
90.34	-3.2264
90.34	-3.2254
90.34	-3.2246
90.34	-3.2238
90.34	-3.2227
90.33	-3.2220
90.33	-3.2215
90.33	-3.2206
90.33	-3.2202
90.32	-3.2198
90.32	-3.2193
90.32	-3.2189
90.31	-3.2185
90.31	-3.2185
90.31	-3.2183
90.31	-3.2184
90.30	-3.2181
90.30	-3.2180
90.30	-3.2181
90.30	-3.2184
90.30	-3.2187
90.29	-3.2188
90.29	-3.2192
90.29	-3.2194
90.29	-3.2197
90.28	-3.2202
90.28	-3.2205
90.28	-3.2211
90.28	-3.2218
90.27	-3.2225
90.27	-3.2230
90.27	-3.2236
90.26	-3.2244
90.26	-3.2252
90.26	-3.2261
90.25	-3.2270
90.25	-3.2278
90.25	-3.2286
90.25	-3.2296
90.25	-3.2307
90.25	-3.2319
90.24	-3.2328
90.24	-3.2341
90.24	-3.2351
90.24	-3.2364
90.23	-3.2375
90.23	-3.2387
90.23	-3.2402
90.23	-3.2413
90.23	-3.2426
90.23	-3.2443
90.22	-3.2455
90.22	-3.2470
90.22	-3.2482
90.22	-3.2499
90.21	-3.2513
90.21	-3.2531
90.21	-3.2544
90.20	-3.2559
90.20	-3.2578
90.20	-3.2590
90.20	-3.2604
90.20	-3.2625
90.19	-3.2640
90.19	-3.2655
90.19	-3.2673
90.18	-3.2692
90.18	-3.2704
90.18	-3.2722
90.18	-3.2739
90.18	-3.2759
90.17	-3.2775
90.17	-3.2794
90.17	-3.2812
90.17	-3.2830
90.16	-3.2849
90.16	-3.2865
90.15	-3.2883
90.15	-3.2901
90.15	-3.2919
90.14	-3.2938
90.14	-3.2957
90.14	-3.2976
90.14	-3.2994
90.14	-3.3012
90.13	-3.3031
90.13	-3.3049
90.13	-3.3068
90.13	-3.3088
90.13	-3.3103
90.13	-3.3124
90.13	-3.3144
90.12	-3.3162
90.12	-3.3179
90.12	-3.3200
90.11	-3.3216
90.11	-3.3237
90.11	-3.3258
90.11	-3.3276
90.10	-3.3292
90.10	-3.3312
90.10	-3.3330
90.09	-3.3350
90.09	-3.3368
90.09	-3.3388
90.09	-3.3407
90.08	-3.3424
90.08	-3.3443
90.08	-3.3460
90.08	-3.3480
90.08	-3.3497
90.08	-3.3516
90.08	-3.3536
90.07	-3.3553
90.07	-3.3570
90.07	-3.3591
90.07	-3.3607
90.06	-3.3625
90.06	-3.3641
90.05	-3.3661
90.05	-3.3677
90.05	-3.3695
90.05	-3.3713
90.04	-3.3729
90.04	-3.3747
90.04	-3.3766
90.04	-3.3781
90.04	-3.3798
90.03	-3.3815
90.03	-3.3831
90.03	-3.3851
90.03	-3.3864
90.02	-3.3882
90.02	-3.3899
90.02	-3.3915
90.01	-3.3931
90.01	-3.3949
90.01	-3.3964
90.01	-3.3982
90.00	-3.3996
90.00	-3.4012
90.00	-3.4030
90.00	-3.4044
90.00	-3.4058
89.99	-3.4077
89.99	-3.4090
89.99	-3.4108
89.99	-3.4123
89.98	-3.4137
89.98	-3.4154
89.98	-3.4167
89.98	-3.4181
89.98	-3.4198
89.97	-3.4212
89.97	-3.4225
89.96	-3.4243
89.96	-3.4257
89.96	-3.4271
89.96	-3.4284
89.96	-3.4298
89.95	-3.4314
89.95	-3.4327
89.95	-3.4341
89.95	-3.4356
89.95	-3.4370
89.94	-3.4382
89.94	-3.4397
89.94	-3.4410
89.94	-3.4422
89.93	-3.4438
89.92	-3.4449
89.92	-3.4463
89.92	-3.4477
89.92	-3.4490
89.92	-3.4502
89.92	-3.4515
89.91	-3.4528
89.91	-3.4540
89.91	-3.4552
89.90	-3.4565
89.90	-3.4576
89.90	-3.4585
89.89	-3.4598
89.89	-3.4611
89.89	-3.4622
89.89	-3.4636
89.89	-3.4647
89.88	-3.4658
89.88	-3.4670
89.88	-3.4682
89.88	-3.4692
89.88	-3.4704
89.87	-3.4714
89.87	-3.4726
89.87	-3.4739
89.87	-3.4747
89.86	-3.4758
89.86	-3.4772
89.86	-3.4781
89.85	-3.4789
89.85	-3.4799
89.85	-3.4811
89.84	-3.4822
89.84	-3.4832
89.84	-3.4840
89.84	-3.4851
89.84	-3.4861
89.84	-3.4874
89.83	-3.4881
89.83	-3.4891
89.83	-3.4899
89.83	-3.4910
89.82	-3.4922
89.82	-3.4929
89.82	-3.4939
89.82	-3.4947
89.81	-3.4957
89.81	-3.4965
89.81	-3.4973
89.81	-3.4982
89.81	-3.4990
89.80	-3.4999
89.80	-3.5008
89.80	-3.5015
89.80	-3.5023
89.79	-3.5033
89.79	-3.5038
89.79	-3.5047
89.78	-3.5056
89.78	-3.5061
89.78	-3.5070
89.78	-3.5077
89.78	-3.5085
89.77	-3.5095
89.77	-3.5101
89.77	-3.5107
89.76	-3.5117
89.76	-3.5122
89.76	-3.5131
89.76	-3.5137
89.76	-3.5143
89.76	-3.5150
89.75	-3.5157
89.75	-3.5164
89.74	-3.5171
89.74	-3.5176
89.74	-3.5185
89.73	-3.5190
89.73	-3.5197
89.73	-3.5200
89.73	-3.5207
89.73	-3.5214
89.73	-3.5220
89.73	-3.5226
89.72	-3.5232
89.72	-3.5236
89.72	-3.5247
89.71	-3.5249
89.70	-3.5256
89.70	-3.5261
89.70	-3.5264
89.70	-3.5271
89.69	-3.5277
89.69	-3.5284
89.69	-3.5286
89.69	-3.5292
89.69	-3.5301
89.68	-3.5305
89.68	-3.5310
89.68	-3.5314
89.67	-3.5320
89.67	-3.5323
89.67	-3.5327
89.67	-3.5334
89.67	-3.5339
89.67	-3.5344
89.67	-3.5349
89.66	-3.5352
89.66	-3.5358
89.65	-3.5363
89.65	-3.5369
89.65	-3.5372
89.65	-3.5375
89.65	-3.5377
89.64	-3.5386
89.64	-3.5389
89.64	-3.5397
89.64	-3.5399
89.63	-3.5403
89.63	-3.5406
89.63	-3.5411
89.63	-3.5415
89.62	-3.5419
89.62	-3.5424
89.62	-3.5428
89.62	-3.5431
89.61	-3.5436
89.61	-3.5441
89.61	-3.5444
89.61	-3.5447
89.60	-3.5453
89.60	-3.5455
89.60	-3.5456
89.59	-3.5462
89.59	-3.5466
89.59	-3.5470
89.59	-3.5471
89.59	-3.5477
89.59	-3.5478
89.58	-3.5483
89.58	-3.5485
89.58	-3.5488
89.58	-3.5491
89.57	-3.5494
89.57	-3.5498
89.57	-3.5501
89.56	-3.5501
89.56	-3.5507
89.56	-3.5507
89.55	-3.5510
89.55	-3.5515
89.55	-3.5517
89.55	-3.5519
89.55	-3.5519
89.54	-3.5524
89.54	-3.5526
89.54	-3.5530
89.54	-3.5531
89.54	-3.5534
89.54	-3.5538
89.53	-3.5537
89.53	-3.5542
89.53	-3.5545
89.52	-3.5547
89.52	-3.5550
89.52	-3.5551
89.51	-3.5554
89.51	-3.5555
89.50	-3.5560
89.50	-3.5561
89.50	-3.5566
89.50	-3.5569
89.50	-3.5569
89.50	-3.5571
89.49	-3.5576
89.49	-3.5579
89.49	-3.5577
89.49	-3.5582
89.48	-3.5582
89.48	-3.5587
89.48	-3.5589
89.47	-3.5590
89.48	-3.5593
89.47	-3.5594
89.47	-3.5595
89.47	-3.5600
89.47	-3.5601
89.47	-3.5602
89.46	-3.5606
89.46	-3.5607
89.45	-3.5608
89.45	-3.5612
89.45	-3.5614
89.45	-3.5615
89.45	-3.5618
89.44	-3.5620
89.44	-3.5620
89.44	-3.5622
89.44	-3.5622
89.43	-3.5625
89.43	-3.5624
89.43	-3.5628
89.42	-3.5628
89.42	-3.5631
89.42	-3.5632
89.42	-3.5632
89.41	-3.5635
89.41	-3.5636
89.41	-3.5636
89.40	-3.5638
89.40	-3.5641
89.39	-3.5641
89.39	-3.5643
89.39	-3.5644
89.39	-3.5647
89.39	-3.5647
89.39	-3.5648
89.38	-3.5649
89.38	-3.5652
89.38	-3.5652
89.38	-3.5652
89.38	-3.5654
89.38	-3.5654
89.37	-3.5657
89.37	-3.5659
89.36	-3.5657
89.36	-3.5660
89.36	-3.5659
89.36	-3.5661
89.35	-3.5661
89.35	-3.5663
89.35	-3.5663
89.35	-3.5667
89.34	-3.5665
89.34	-3.5668
89.34	-3.5668
89.34	-3.5669
89.34	-3.5670
89.33	-3.5671
89.33	-3.5673
89.33	-3.5673
89.33	-3.5674
89.33	-3.5674
89.32	-3.5675
89.32	-3.5676
89.32	-3.5679
89.32	-3.5677
89.32	-3.5682
89.31	-3.5682
89.31	-3.5681
89.31	-3.5683
89.30	-3.5683
89.30	-3.5684
89.30	-3.5686
89.30	-3.5686
89.30	-3.5687
89.30	-3.5688
89.29	-3.5690
89.29	-3.5690
89.29	-3.5692
89.28	-3.5692
89.28	-3.5693
89.28	-3.5693
89.27	-3.5694
89.27	-3.5693
89.27	-3.5695
89.27	-3.5697
89.26	-3.5698
89.26	-3.5698
89.26	-3.5700
89.25	-3.5699
89.25	-3.5699
89.25	-3.5700
89.25	-3.5699
89.25	-3.5702
89.24	-3.5703
89.24	-3.5702
89.24	-3.5702
89.24	-3.5704
89.24	-3.5705
89.24	-3.5704
89.23	-3.5706
89.23	-3.5705
89.23	-3.5706
89.22	-3.5703
89.22	-3.5708
89.22	-3.5709
89.22	-3.5706
89.21	-3.5706
89.21	-3.5709
89.21	-3.5707
89.20	-3.5707
89.20	-3.5709
89.20	-3.5708
89.20	-3.5709
89.19	-3.5708
89.20	-3.5711
89.20	-3.5709
89.19	-3.5710
89.19	-3.5709
89.18	-3.5711
89.18	-3.5712
89.18	-3.5711
89.17	-3.5711
89.17	-3.5711
89.17	-3.5713
89.17	-3.5712
89.16	-3.5713
89.16	-3.5711
89.16	-3.5711
89.15	-3.5714
89.15	-3.5715
89.15	-3.5715
89.14	-3.5714
89.14	-3.5715
89.14	-3.5713
89.14	-3.5717
89.14	-3.5716
89.14	-3.5717
89.14	-3.5718
89.13	-3.5716
89.13	-3.5719
89.13	-3.5716
89.13	-3.5716
89.13	-3.5718
89.13	-3.5718
89.12	-3.5720
89.12	-3.5719
89.12	-3.5718
89.11	-3.5720
89.11	-3.5720
89.11	-3.5719
89.10	-3.5721
89.10	-3.5722
89.09	-3.5720
89.09	-3.5719
89.09	-3.5722
89.09	-3.5721
89.09	-3.5722
89.09	-3.5721
89.08	-3.5722
89.08	-3.5721
89.08	-3.5720
89.08	-3.5720
89.08	-3.5722
89.07	-3.5721
89.07	-3.5720
89.07	-3.5721
89.06	-3.5722
89.06	-3.5722
89.06	-3.5718
89.06	-3.5722
89.05	-3.5719
89.05	-3.5721
89.05	-3.5721
89.05	-3.5718
89.04	-3.5721
89.04	-3.5720
89.04	-3.5719
89.04	-3.5720
89.03	-3.5719
89.03	-3.5717
89.03	-3.5717
89.02	-3.5717
89.02	-3.5715
89.02	-3.5715
89.02	-3.5716
89.01	-3.5716
89.01	-3.5715
89.01	-3.5714
89.01	-3.5714
89.01	-3.5714
89.00	-3.5712
89.00	-3.5710
89.00	-3.5712
89.00	-3.5710
89.00	-3.5709
88.99	-3.5710
88.99	-3.5710
88.98	-3.5709
88.98	-3.5706
88.98	-3.5709
88.98	-3.5709
88.98	-3.5709
88.97	-3.5710
88.97	-3.5707
88.97	-3.5707
88.97	-3.5708
88.96	-3.5707
88.96	-3.5711
88.96	-3.5706
88.96	-3.5708
88.95	-3.5706
88.95	-3.5708
88.95	-3.5707
88.95	-3.5710
88.94	-3.5707
88.94	-3.5709
88.94	-3.5710
88.94	-3.5710
88.93	-3.5711
88.93	-3.5712
88.93	-3.5713
88.92	-3.5712
88.92	-3.5713
88.92	-3.5712
88.92	-3.5711
88.92	-3.5712
88.92	-3.5711
88.91	-3.5712
88.91	-3.5714
88.90	-3.5714
88.90	-3.5714
88.90	-3.5715
88.89	-3.5715
88.89	-3.5713
88.89	-3.5713
88.89	-3.5713
88.88	-3.5713
88.88	-3.5715
88.88	-3.5714
88.88	-3.5713
88.88	-3.5714
88.88	-3.5714
88.88	-3.5714
88.88	-3.5716
88.87	-3.5714
88.87	-3.5712
88.86	-3.5713
88.86	-3.5713
88.86	-3.5712
88.85	-3.5713
88.85	-3.5713
88.85	-3.5711
88.85	-3.5711
88.84	-3.5712
88.84	-3.5712
88.84	-3.5710
88.84	-3.5711
88.84	-3.5712
88.83	-3.5710
88.83	-3.5710
88.83	-3.5713
88.83	-3.5711
88.83	-3.5710
88.82	-3.5712
88.82	-3.5709
88.82	-3.5710
88.82	-3.5712
88.81	-3.5708
88.81	-3.5709
88.81	-3.5711
88.81	-3.5711
88.80	-3.5711
88.80	-3.5712
88.80	-3.5714
88.80	-3.5710
88.80	-3.5713
88.79	-3.5710
88.79	-3.5711
88.79	-3.5710
88.79	-3.5711
88.78	-3.5710
88.78	-3.5712
88.78	-3.5711
88.77	-3.5712
88.77	-3.5710
88.77	-3.5710
88.77	-3.5710
88.76	-3.5709
88.76	-3.5710
88.76	-3.5710
88.76	-3.5712
88.75	-3.5713
88.75	-3.5712
88.75	-3.5710
88.74	-3.5713
88.74	-3.5710
88.74	-3.5712
88.73	-3.5711
88.74	-3.5709
88.73	-3.5711
88.73	-3.5711
88.73	-3.5710
88.73	-3.5712
88.72	-3.5710
88.72	-3.5712
88.72	-3.5711
88.72	-3.5709
88.71	-3.5711
88.71	-3.5710
88.71	-3.5710
88.71	-3.5709
88.71	-3.5710
88.70	-3.5708
88.70	-3.5709
88.70	-3.5709
88.70	-3.5707
88.69	-3.5707
88.69	-3.5707
88.68	-3.5707
88.68	-3.5706
88.68	-3.5707
88.67	-3.5706
88.67	-3.5704
88.67	-3.5705
88.67	-3.5707
88.67	-3.5703
88.67	-3.5704
88.67	-3.5705
88.66	-3.5701
88.66	-3.5703
88.66	-3.5698
88.65	-3.5700
88.65	-3.5700
88.64	-3.5698
88.64	-3.5700
88.64	-3.5698
88.64	-3.5696
88.64	-3.5696
88.64	-3.5696
88.63	-3.5694
88.63	-3.5694
88.63	-3.5695
88.63	-3.5694
88.63	-3.5692
88.63	-3.5692
88.62	-3.5691
88.62	-3.5690
88.62	-3.5691
88.61	-3.5689
88.61	-3.5689
88.61	-3.5687
88.60	-3.5688
88.60	-3.5684
88.60	-3.5685
88.59	-3.5683
88.59	-3.5684
88.59	-3.5683
88.58	-3.5683
88.58	-3.5683
88.58	-3.5683
88.58	-3.5684
88.58	-3.5681
88.57	-3.5682
88.57	-3.5679
88.57	-3.5681
88.57	-3.5681
88.57	-3.5681
88.56	-3.5678
88.56	-3.5679
88.56	-3.5681
88.55	-3.5679
88.55	-3.5680
88.55	-3.5678
88.55	-3.5678
88.54	-3.5678
88.54	-3.5677
88.54	-3.5677
88.54	-3.5677
88.53	-3.5676
88.53	-3.5676
88.53	-3.5677
88.53	-3.5674
88.53	-3.5675
88.52	-3.5673
88.52	-3.5676
88.52	-3.5675
88.51	-3.5676
88.51	-3.5675
88.51	-3.5676
88.50	-3.5676
88.50	-3.5670
88.50	-3.5671
88.50	-3.5671
88.50	-3.5671
88.50	-3.5671
88.50	-3.5671
88.49	-3.5670
88.49	-3.5670
88.49	-3.5671
88.49	-3.5670
88.48	-3.5670
88.48	-3.5667
88.48	-3.5670
88.48	-3.5668
88.47	-3.5669
88.47	-3.5669
88.47	-3.5666
88.46	-3.5667
88.46	-3.5665
88.46	-3.5666
88.46	-3.5669
88.46	-3.5665
88.45	-3.5666
88.45	-3.5667
88.45	-3.5667
88.45	-3.5666
88.44	-3.5667
88.44	-3.5666
88.44	-3.5665
88.44	-3.5664
88.44	-3.5664
88.43	-3.5666
88.43	-3.5663
88.43	-3.5664
88.42	-3.5662
88.42	-3.5662
88.42	-3.5662
88.42	-3.5660
88.42	-3.5661
88.42	-3.5661
88.41	-3.5659
88.41	-3.5662
88.40	-3.5660
88.40	-3.5660
88.40	-3.5658
88.39	-3.5660
88.39	-3.5660
88.39	-3.5658
88.39	-3.5658
88.38	-3.5657
88.38	-3.5656
88.38	-3.5659
88.38	-3.5654
88.38	-3.5656
88.38	-3.5657
88.38	-3.5657
88.37	-3.5655
88.37	-3.5654
88.37	-3.5656
88.37	-3.5655
88.36	-3.5654
88.36	-3.5653
88.36	-3.5653
88.35	-3.5653
88.35	-3.5654
88.34	-3.5656
88.34	-3.5652
88.34	-3.5653
88.34	-3.5652
88.34	-3.5652
88.34	-3.5651
88.34	-3.5652
88.33	-3.5652
88.33	-3.5652
88.33	-3.5652
88.33	-3.5650
88.32	-3.5652
88.32	-3.5648
88.32	-3.5650
88.31	-3.5651
88.31	-3.5650
88.31	-3.5651
88.30	-3.5648
88.30	-3.5649
88.30	-3.5650
88.30	-3.5650
88.30	-3.5648
88.29	-3.5649
88.28	-3.5648
88.28	-3.5649
88.28	-3.5649
88.28	-3.5650
88.28	-3.5647
88.28	-3.5649
88.28	-3.5650
88.27	-3.5649
88.27	-3.5647
88.27	-3.5647
88.27	-3.5647
88.26	-3.5647
88.26	-3.5646
88.26	-3.5644
88.26	-3.5645
88.25	-3.5645
88.25	-3.5646
88.25	-3.5644
88.25	-3.5647
88.25	-3.5644
88.24	-3.5645
88.24	-3.5642
88.23	-3.5642
88.23	-3.5642
88.23	-3.5641
88.23	-3.5641
88.22	-3.5640
88.22	-3.5639
88.22	-3.5639
88.22	-3.5638
88.22	-3.5639
88.21	-3.5638
88.21	-3.5640
88.21	-3.5636
88.21	-3.5638
88.21	-3.5638
88.20	-3.5636
88.20	-3.5635
88.20	-3.5636
88.20	-3.5636
88.19	-3.5638
88.19	-3.5635
88.19	-3.5637
88.19	-3.5635
88.18	-3.5637
88.18	-3.5637
88.18	-3.5636
88.17	-3.5634
88.17	-3.5635
88.17	-3.5636
88.17	-3.5637
88.16	-3.5634
88.16	-3.5634
88.16	-3.5634
88.15	-3.5633
88.15	-3.5633
88.15	-3.5634
88.15	-3.5633
88.14	-3.5632
88.14	-3.5632
88.14	-3.5630
88.14	-3.5631
88.13	-3.5628
88.13	-3.5627
88.13	-3.5627
88.13	-3.5627
88.13	-3.5627
88.12	-3.5627
88.12	-3.5627
88.12	-3.5627
88.11	-3.5626
88.11	-3.5627
88.11	-3.5624
88.11	-3.5625
88.10	-3.5622
88.10	-3.5623
88.10	-3.5621
88.10	-3.5621
88.10	-3.5619
88.09	-3.5620
88.09	-3.5620
88.09	-3.5620
88.09	-3.5616
88.09	-3.5618
88.08	-3.5618
88.08	-3.5618
88.08	-3.5617
88.08	-3.5615
88.08	-3.5616
88.07	-3.5611
88.07	-3.5616
88.07	-3.5615
88.07	-3.5615
88.07	-3.5613
88.06	-3.5615
88.06	-3.5616
88.05	-3.5609
88.05	-3.5612
88.05	-3.5611
88.05	-3.5611
88.04	-3.5611
88.04	-3.5612
88.04	-3.5609
88.04	-3.5610
88.03	-3.5609
88.03	-3.5608
88.03	-3.5607
88.03	-3.5608
88.03	-3.5609
88.02	-3.5608
88.02	-3.5611
88.02	-3.5607
88.01	-3.5607
88.01	-3.5606
88.01	-3.5607
88.00	-3.5607
88.00	-3.5606
88.00	-3.5607
88.00	-3.5607
87.99	-3.5606
87.99	-3.5605
87.99	-3.5606
87.98	-3.5607
87.98	-3.5606
87.98	-3.5606
87.98	-3.5607
87.98	-3.5603
87.97	-3.5604
87.97	-3.5604
87.97	-3.5602
87.97	-3.5604
87.97	-3.5604
87.96	-3.5606
87.96	-3.5603
87.96	-3.5602
87.96	-3.5603
87.95	-3.5606
87.95	-3.5603
87.95	-3.5601
87.95	-3.5601
87.94	-3.5601
87.94	-3.5601
87.93	-3.5601
87.93	-3.5601
87.93	-3.5601
87.93	-3.5600
87.92	-3.5601
87.92	-3.5600
87.92	-3.5600
87.92	-3.5601
87.92	-3.5599
87.91	-3.5600
87.91	-3.5600
87.91	-3.5597
87.90	-3.5598
87.90	-3.5597
87.90	-3.5597
87.90	-3.5597
87.89	-3.5597
87.89	-3.5594
87.89	-3.5597
87.89	-3.5596
87.88	-3.5593
87.88	-3.5594
87.88	-3.5596
87.88	-3.5595
87.88	-3.5594
87.88	-3.5592
87.87	-3.5594
87.87	-3.5594
87.87	-3.5593
87.86	-3.5593
87.86	-3.5594
87.86	-3.5594
87.86	-3.5592
87.85	-3.5592
87.85	-3.5592
87.85	-3.5592
87.85	-3.5592
87.84	-3.5589
87.84	-3.5590
87.84	-3.5589
87.83	-3.5589
87.83	-3.5589
87.83	-3.5590
87.83	-3.5587
87.82	-3.5588
87.82	-3.5588
87.82	-3.5586
87.82	-3.5586
87.81	-3.5586
87.81	-3.5587
87.81	-3.5585
87.80	-3.5587
87.80	-3.5584
87.80	-3.5584
87.80	-3.5584
87.80	-3.5584
87.80	-3.5584
87.80	-3.5582
87.79	-3.5584
87.79	-3.5582
87.79	-3.5583
87.79	-3.5585
87.78	-3.5584
87.78	-3.5583
87.78	-3.5582
87.77	-3.5578
87.77	-3.5581
87.76	-3.5579
87.76	-3.5580
87.76	-3.5579
87.76	-3.5579
87.75	-3.5581
87.75	-3.5580
87.75	-3.5579
87.75	-3.5578
87.74	-3.5578
87.74	-3.5576
87.74	-3.5577
87.73	-3.5578
87.73	-3.5578
87.73	-3.5578
87.73	-3.5576
87.73	-3.5575
87.73	-3.5577
87.73	-3.5576
87.73	-3.5576
87.72	-3.5574
87.72	-3.5573
87.72	-3.5572
87.71	-3.5573
87.71	-3.5573
87.71	-3.5569
87.71	-3.5571
87.71	-3.5570
87.70	-3.5569
87.70	-3.5572
87.70	-3.5569
87.70	-3.5569
87.69	-3.5568
87.69	-3.5568
87.69	-3.5566
87.68	-3.5567
87.68	-3.5567
87.67	-3.5566
87.67	-3.5566
87.67	-3.5562
87.67	-3.5565
87.67	-3.5563
87.67	-3.5566
87.67	-3.5564
87.66	-3.5562
87.66	-3.5562
87.65	-3.5561
87.65	-3.5559
87.65	-3.5561
87.64	-3.5560
87.64	-3.5560
87.64	-3.5560
87.64	-3.5558
87.64	-3.5559
87.63	-3.5560
87.63	-3.5560
87.63	-3.5559
87.63	-3.5561
87.63	-3.5559
87.63	-3.5559
87.63	-3.5559
87.62	-3.5559
87.62	-3.5559
87.61	-3.5557
87.61	-3.5554
87.61	-3.5557
87.61	-3.5555
87.60	-3.5554
87.60	-3.5554
87.60	-3.5552
87.59	-3.5553
87.59	-3.5552
87.59	-3.5552
87.59	-3.5553
87.59	-3.5551
87.59	-3.5552
87.58	-3.5551
87.58	-3.5552
87.58	-3.5550
87.58	-3.5549
87.57	-3.5549
87.57	-3.5548
87.57	-3.5548
87.56	-3.5546
87.56	-3.5548
87.56	-3.5548
87.55	-3.5548
87.55	-3.5545
87.55	-3.5547
87.55	-3.5546
87.55	-3.5546
87.55	-3.5545
87.55	-3.5545
87.55	-3.5545
87.54	-3.5546
87.54	-3.5544
87.53	-3.5544
87.53	-3.5546
87.53	-3.5542
87.53	-3.5542
87.53	-3.5543
87.53	-3.5542
87.52	-3.5544
87.52	-3.5543
87.52	-3.5543
87.51	-3.5543
87.51	-3.5543
87.50	-3.5544
87.50	-3.5543
87.50	-3.5541
87.50	-3.5540
87.50	-3.5541
87.50	-3.5541
87.49	-3.5539
87.49	-3.5543
87.49	-3.5541
87.48	-3.5540
87.48	-3.5538
87.48	-3.5540
87.48	-3.5538
87.48	-3.5539
87.47	-3.5539
87.47	-3.5541
87.47	-3.5541
87.47	-3.5540
87.46	-3.5541
87.46	-3.5538
87.45	-3.5541
87.45	-3.5539
87.45	-3.5541
87.45	-3.5540
87.45	-3.5540
87.44	-3.5539
87.44	-3.5541
87.44	-3.5538
87.44	-3.5538
87.44	-3.5538
87.44	-3.5538
87.43	-3.5537
87.43	-3.5535
87.43	-3.5534
87.42	-3.5536
87.42	-3.5535
87.42	-3.5536
87.42	-3.5533
87.42	-3.5532
87.41	-3.5535
87.41	-3.5535
87.41	-3.5531
87.40	-3.5532
87.40	-3.5534
87.40	-3.5530
87.39	-3.5530
87.39	-3.5528
87.39	-3.5530
87.38	-3.5530
87.38	-3.5529
87.38	-3.5527
87.38	-3.5528
87.38	-3.5527
87.38	-3.5529
87.38	-3.5528
87.37	-3.5526
87.37	-3.5528
87.37	-3.5524
87.36	-3.5524
87.36	-3.5525
87.36	-3.5524
87.36	-3.5524
87.36	-3.5523
87.35	-3.5521
87.35	-3.5521
87.35	-3.5522
87.34	-3.5519
87.34	-3.5520
87.34	-3.5519
87.33	-3.5518
87.33	-3.5517
87.33	-3.5519
87.33	-3.5518
87.32	-3.5518
87.32	-3.5517
87.32	-3.5514
87.32	-3.5516
87.31	-3.5514
87.31	-3.5517
87.31	-3.5516
87.31	-3.5513
87.31	-3.5513
87.31	-3.5512
87.30	-3.5513
87.30	-3.5513
87.30	-3.5512
87.29	-3.5512
87.29	-3.5511
87.28	-3.5510
87.28	-3.5510
87.28	-3.5510
87.28	-3.5510
87.28	-3.5508
87.28	-3.5510
87.28	-3.5510
87.27	-3.5509
87.27	-3.5508
87.27	-3.5509
87.26	-3.5508
87.26	-3.5506
87.26	-3.5506
87.25	-3.5507
87.25	-3.5506
87.25	-3.5507
87.25	-3.5505
87.25	-3.5506
87.25	-3.5507
87.24	-3.5505
87.24	-3.5506
87.23	-3.5505
87.23	-3.5505
87.23	-3.5504
87.23	-3.5506
87.23	-3.5504
87.22	-3.5503
87.22	-3.5504
87.22	-3.5500
87.21	-3.5502
87.21	-3.5502
87.21	-3.5499
87.21	-3.5499
87.20	-3.5500
87.20	-3.5499
87.20	-3.5501
87.20	-3.5498
87.20	-3.5499
87.20	-3.5499
87.19	-3.5499
87.19	-3.5498
87.19	-3.5496
87.18	-3.5498
87.18	-3.5497
87.18	-3.5499
87.17	-3.5495
87.17	-3.5496
87.17	-3.5497
87.17	-3.5495
87.17	-3.5494
87.16	-3.5497
87.16	-3.5496
87.16	-3.5496
87.15	-3.5494
87.15	-3.5496
87.15	-3.5495
87.15	-3.5495
87.15	-3.5495
87.14	-3.5494
87.14	-3.5494
87.14	-3.5493
87.14	-3.5493
87.13	-3.5493
87.13	-3.5493
87.13	-3.5490
87.13	-3.5492
87.12	-3.5493
87.13	-3.5491
87.12	-3.5492
87.11	-3.5490
87.11	-3.5488
87.11	-3.5491
87.11	-3.5490
87.11	-3.5490
87.10	-3.5491
87.09	-3.5491
87.09	-3.5491
87.09	-3.5489
87.09	-3.5490
87.09	-3.5492
87.09	-3.5490
87.09	-3.5490
87.08	-3.5490
87.08	-3.5489
87.08	-3.5489
87.08	-3.5490
87.08	-3.5487
87.08	-3.5487
87.07	-3.5487
87.07	-3.5488
87.06	-3.5488
87.06	-3.5488
87.06	-3.5487
87.06	-3.5487
87.05	-3.5486
87.05	-3.5488
87.05	-3.5486
87.05	-3.5483
87.04	-3.5484
87.04	-3.5485
87.04	-3.5486
87.04	-3.5485
87.03	-3.5484
87.03	-3.5483
87.03	-3.5483
87.03	-3.5482
87.03	-3.5483
87.02	-3.5483
87.02	-3.5484
87.02	-3.5482
87.02	-3.5484
87.01	-3.5481
87.01	-3.5482
87.01	-3.5484
87.00	-3.5483
87.00	-3.5481
87.00	-3.5481
87.00	-3.5481
87.00	-3.5480
86.99	-3.5480
86.99	-3.5479
86.98	-3.5480
86.98	-3.5481
86.98	-3.5477
86.98	-3.5480
86.98	-3.5479
86.98	-3.5480
86.97	-3.5479
86.97	-3.5478
86.96	-3.5478
86.96	-3.5479
86.96	-3.5478
86.96	-3.5477
86.95	-3.5478
86.95	-3.5476
86.95	-3.5475
86.95	-3.5475
86.95	-3.5476
86.94	-3.5477
86.94	-3.5476
86.94	-3.5474
86.93	-3.5473
86.93	-3.5473
86.93	-3.5472
86.93	-3.5473
86.92	-3.5474
86.92	-3.5470
86.92	-3.5472
86.92	-3.5471
86.92	-3.5470
86.91	-3.5471
86.91	-3.5469
86.91	-3.5469
86.91	-3.5468
86.91	-3.5470
86.90	-3.5468
86.90	-3.5468
86.90	-3.5469
86.90	-3.5466
86.89	-3.5467
86.89	-3.5467
86.89	-3.5468
86.88	-3.5466
86.88	-3.5467
86.88	-3.5464
86.88	-3.5462
86.88	-3.5464
86.88	-3.5464
86.87	-3.5461
86.87	-3.5462
86.86	-3.5460
86.86	-3.5459
86.86	-3.5461
86.86	-3.5462
86.85	-3.5460
86.84	-3.5459
86.84	-3.5460
86.84	-3.5458
86.84	-3.5460
86.84	-3.5461
86.83	-3.5458
86.83	-3.5458
86.83	-3.5460
86.83	-3.5459
86.83	-3.5457
86.83	-3.5460
86.83	-3.5458
86.82	-3.5458
86.82	-3.5457
86.82	-3.5455
86.81	-3.5458
86.81	-3.5457
86.81	-3.5456
86.80	-3.5455
86.80	-3.5456
86.80	-3.5455
86.80	-3.5456
86.80	-3.5456
86.79	-3.5456
86.79	-3.5456
86.79	-3.5454
86.79	-3.5452
86.79	-3.5455
86.78	-3.5453
86.78	-3.5453
86.78	-3.5454
86.78	-3.5452
86.77	-3.5453
86.77	-3.5452
86.77	-3.5453
86.77	-3.5452
86.76	-3.5455
86.76	-3.5451
86.75	-3.5453
86.75	-3.5452
86.75	-3.5452
86.75	-3.5450
86.74	-3.5449
86.74	-3.5451
86.74	-3.5449
86.74	-3.5450
86.73	-3.5450
86.73	-3.5449
86.73	-3.5451
86.73	-3.5448
86.73	-3.5451
86.73	-3.5450
86.72	-3.5450
86.72	-3.5450
86.72	-3.5448
86.72	-3.5449
86.71	-3.5446
86.71	-3.5447
86.70	-3.5446
86.70	-3.5448
86.70	-3.5449
86.70	-3.5447
86.70	-3.5448
86.69	-3.5446
86.69	-3.5445
86.69	-3.5446
86.69	-3.5446
86.68	-3.5445
86.68	-3.5445
86.68	-3.5446
86.68	-3.5444
86.67	-3.5444
86.67	-3.5441
86.67	-3.5443
86.67	-3.5444
86.66	-3.5442
86.66	-3.5440
86.66	-3.5439
86.66	-3.5437
86.66	-3.5439
86.65	-3.5439
86.65	-3.5437
86.65	-3.5437
86.64	-3.5436
86.64	-3.5436
86.64	-3.5435
86.64	-3.5435
86.63	-3.5436
86.63	-3.5434
86.63	-3.5435
86.63	-3.5436
86.63	-3.5434
86.62	-3.5434
86.62	-3.5433
86.62	-3.5432
86.62	-3.5432
86.62	-3.5431
86.62	-3.5432
86.61	-3.5431
86.61	-3.5431
86.61	-3.5433
86.60	-3.5429
86.60	-3.5431
86.60	-3.5431
86.59	-3.5431
86.59	-3.5431
86.59	-3.5430
86.59	-3.5428
86.58	-3.5428
86.58	-3.5430
86.58	-3.5428
86.58	-3.5431
86.58	-3.5429
86.58	-3.5429
86.57	-3.5428
86.57	-3.5427
86.57	-3.5429
86.56	-3.5425
86.56	-3.5424
86.56	-3.5427
86.55	-3.5425
86.55	-3.5425
86.55	-3.5428
86.55	-3.5427
86.55	-3.5426
86.55	-3.5425
86.54	-3.5427
86.54	-3.5424
86.53	-3.5423
86.53	-3.5423
86.53	-3.5426
86.53	-3.5423
86.52	-3.5422
86.52	-3.5425
86.52	-3.5421
86.52	-3.5422
86.51	-3.5422
86.51	-3.5422
86.51	-3.5422
86.50	-3.5421
86.51	-3.5422
86.50	-3.5421
86.50	-3.5420
86.50	-3.5420
86.49	-3.5419
86.49	-3.5419
86.49	-3.5416
86.49	-3.5419
86.49	-3.5415
86.49	-3.5417
86.48	-3.5415
86.48	-3.5415
86.48	-3.5416
86.48	-3.5415
86.47	-3.5415
86.47	-3.5413
86.46	-3.5414
86.46	-3.5416
86.46	-3.5413
86.46	-3.5414
86.46	-3.5414
86.45	-3.5414
86.45	-3.5412
86.45	-3.5414
86.45	-3.5413
86.45	-3.5411
86.44	-3.5412
86.44	-3.5413
86.43	-3.5412
86.43	-3.5410
86.43	-3.5411
86.43	-3.5410
86.43	-3.5410
86.42	-3.5410
86.42	-3.5409
86.42	-3.5410
86.42	-3.5411
86.42	-3.5412
86.41	-3.5409
86.41	-3.5409
86.40	-3.5409
86.40	-3.5410
86.40	-3.5408
86.39	-3.5409
86.39	-3.5410
86.39	-3.5409
86.39	-3.5410
86.39	-3.5410
86.38	-3.5409
86.38	-3.5407
86.38	-3.5409
86.38	-3.5407
86.38	-3.5407
86.37	-3.5408
86.37	-3.5405
86.37	-3.5405
86.37	-3.5407
86.36	-3.5408
86.36	-3.5406
86.36	-3.5408
86.35	-3.5405
86.35	-3.5405
86.35	-3.5404
86.35	-3.5406
86.35	-3.5404
86.34	-3.5403
86.34	-3.5405
86.34	-3.5402
86.33	-3.5405
86.33	-3.5403
86.33	-3.5405
86.33	-3.5404
86.33	-3.5405
86.33	-3.5404
86.32	-3.5403
86.32	-3.5402
86.32	-3.5405
86.31	-3.5403
86.31	-3.5402
86.31	-3.5402
86.30	-3.5401
86.30	-3.5402
86.30	-3.5400
86.30	-3.5401
86.30	-3.5399
86.29	-3.5400
86.29	-3.5399
86.29	-3.5396
86.29	-3.5396
86.28	-3.5395
86.28	-3.5394
86.28	-3.5395
86.28	-3.5396
86.28	-3.5395
86.27	-3.5394
86.27	-3.5394
86.27	-3.5394
86.26	-3.5393
86.26	-3.5393
86.26	-3.5392
86.25	-3.5392
86.25	-3.5391
86.25	-3.5392
86.25	-3.5390
86.25	-3.5392
86.25	-3.5392
86.24	-3.5390
86.24	-3.5389
86.23	-3.5390
86.23	-3.5390
86.23	-3.5392
86.23	-3.5389
86.22	-3.5388
86.22	-3.5391
86.22	-3.5392
86.22	-3.5392
86.22	-3.5390
86.21	-3.5391
86.21	-3.5390
86.21	-3.5389
86.20	-3.5390
86.20	-3.5390
86.20	-3.5388
86.20	-3.5390
86.20	-3.5390
86.20	-3.5388
86.19	-3.5390
86.19	-3.5389
86.18	-3.5388
86.18	-3.5386
86.18	-3.5387
86.18	-3.5387
86.18	-3.5386
86.17	-3.5385
86.17	-3.5388
86.17	-3.5385
86.16	-3.5386
86.16	-3.5384
86.16	-3.5384
86.15	-3.5385
86.15	-3.5383
86.15	-3.5385
86.15	-3.5383
86.15	-3.5384
86.14	-3.5381
86.14	-3.5383
86.14	-3.5381
86.14	-3.5383
86.14	-3.5382
86.13	-3.5382
86.13	-3.5382
86.13	-3.5380
86.13	-3.5384
86.13	-3.5383
86.13	-3.5380
86.12	-3.5383
86.12	-3.5381
86.11	-3.5383
86.11	-3.5380
86.11	-3.5382
86.10	-3.5382
86.10	-3.5381
86.09	-3.5381
86.09	-3.5381
86.09	-3.5380
86.09	-3.5380
86.09	-3.5381
86.08	-3.5380
86.09	-3.5379
86.08	-3.5382
86.08	-3.5381
86.08	-3.5379
86.08	-3.5379
86.08	-3.5380
86.07	-3.5379
86.07	-3.5377
86.07	-3.5380
86.06	-3.5375
86.06	-3.5377
86.06	-3.5375
86.05	-3.5377
86.05	-3.5375
86.05	-3.5376
86.05	-3.5371
86.05	-3.5374
86.04	-3.5372
86.04	-3.5373
86.04	-3.5371
86.03	-3.5371
86.03	-3.5374
86.03	-3.5372
86.03	-3.5371
86.03	-3.5371
86.02	-3.5370
86.02	-3.5371
86.01	-3.5371
86.01	-3.5370
86.01	-3.5370
86.01	-3.5370
86.01	-3.5372
86.00	-3.5370
86.00	-3.5369
86.00	-3.5368
86.00	-3.5370
85.99	-3.5369
85.99	-3.5369
85.99	-3.5369
85.99	-3.5368
85.98	-3.5368
85.98	-3.5368
85.98	-3.5368
85.98	-3.5368
85.98	-3.5369
85.97	-3.5367
85.97	-3.5368
85.98	-3.5367
85.97	-3.5366
85.97	-3.5368
85.96	-3.5365
85.96	-3.5368
85.96	-3.5363
85.95	-3.5363
85.95	-3.5361
85.95	-3.5363
85.94	-3.5363
85.94	-3.5362
85.94	-3.5361
85.93	-3.5360
85.93	-3.5361
85.93	-3.5360
85.93	-3.5360
85.92	-3.5361
85.92	-3.5358
85.92	-3.5358
85.92	-3.5359
85.92	-3.5359
85.91	-3.5356
85.91	-3.5358
85.90	-3.5357
85.90	-3.5358
85.90	-3.5359
85.90	-3.5358
85.90	-3.5360
85.90	-3.5357
85.89	-3.5357
85.89	-3.5357
85.89	-3.5357
85.89	-3.5355
85.88	-3.5355
85.88	-3.5355
85.88	-3.5355
85.88	-3.5356
85.88	-3.5356
85.87	-3.5353
85.87	-3.5353
85.87	-3.5354
85.87	-3.5354
85.86	-3.5355
85.86	-3.5353
85.86	-3.5354
85.86	-3.5355
85.85	-3.5354
85.85	-3.5351
85.85	-3.5352
85.84	-3.5351
85.84	-3.5351
85.84	-3.5350
85.84	-3.5350
85.84	-3.5351
85.83	-3.5349
85.83	-3.5351
85.83	-3.5350
85.83	-3.5351
85.83	-3.5350
85.82	-3.5350
85.82	-3.5349
85.82	-3.5349
85.81	-3.5350
85.81	-3.5349
85.81	-3.5347
85.80	-3.5346
85.80	-3.5347
85.80	-3.5347
85.80	-3.5348
85.79	-3.5350
85.79	-3.5347
85.79	-3.5347
85.78	-3.5348
85.78	-3.5349
85.78	-3.5347
85.78	-3.5348
85.78	-3.5346
85.78	-3.5348
85.78	-3.5346
85.77	-3.5346
85.77	-3.5346
85.77	-3.5346
85.76	-3.5347
85.76	-3.5347
85.76	-3.5343
85.76	-3.5349
85.76	-3.5347
85.75	-3.5345
85.75	-3.5345
85.75	-3.5346
85.75	-3.5344
85.75	-3.5344
85.75	-3.5346
85.74	-3.5345
85.74	-3.5346
85.74	-3.5345
85.73	-3.5346
85.73	-3.5345
85.73	-3.5343
85.73	-3.5343
85.73	-3.5344
85.72	-3.5342
85.72	-3.5344
85.71	-3.5342
85.71	-3.5342
85.71	-3.5343
85.70	-3.5343
85.70	-3.5339
85.70	-3.5343
85.70	-3.5341
85.70	-3.5341
85.70	-3.5339
85.70	-3.5339
85.69	-3.5338
85.69	-3.5338
85.69	-3.5339
85.68	-3.5339
85.68	-3.5340
85.68	-3.5338
85.68	-3.5337
85.67	-3.5336
85.67	-3.5336
85.67	-3.5337
85.66	-3.5336
85.66	-3.5334
85.65	-3.5334
85.65	-3.5335
85.66	-3.5333
85.65	-3.5332
85.65	-3.5331
85.65	-3.5332
85.64	-3.5333
85.64	-3.5332
85.64	-3.5332
85.64	-3.5329
85.63	-3.5328
85.63	-3.5328
85.63	-3.5328
85.63	-3.5330
85.63	-3.5330
85.62	-3.5329
85.61	-3.5329
85.62	-3.5327
85.61	-3.5329
85.61	-3.5327
85.61	-3.5327
85.61	-3.5327
85.61	-3.5328
85.60	-3.5323
85.60	-3.5329
85.59	-3.5328
85.59	-3.5325
85.59	-3.5324
85.59	-3.5324
85.59	-3.5325
85.59	-3.5326
85.59	-3.5326
85.59	-3.5326
85.58	-3.5325
85.58	-3.5326
85.58	-3.5327
85.58	-3.5324
85.57	-3.5326
85.57	-3.5323
85.56	-3.5324
85.56	-3.5323
85.56	-3.5323
85.55	-3.5324
85.55	-3.5322
85.55	-3.5322
85.55	-3.5322
85.55	-3.5320
85.54	-3.5321
85.54	-3.5320
85.54	-3.5320
85.54	-3.5319
85.53	-3.5321
85.53	-3.5320
85.53	-3.5320
85.53	-3.5320
85.52	-3.5319
85.52	-3.5319
85.51	-3.5320
85.51	-3.5319
85.51	-3.5319
85.51	-3.5322
85.50	-3.5319
85.50	-3.5320
85.50	-3.5321
85.50	-3.5317
85.50	-3.5319
85.50	-3.5321
85.50	-3.5320
85.49	-3.5318
85.49	-3.5319
85.49	-3.5320
85.49	-3.5321
85.49	-3.5317
85.48	-3.5319
85.48	-3.5319
85.48	-3.5320
85.47	-3.5320
85.47	-3.5318
85.47	-3.5319
85.46	-3.5318
85.46	-3.5318
85.46	-3.5319
85.45	-3.5320
85.45	-3.5318
85.45	-3.5318
85.45	-3.5318
85.45	-3.5319
85.45	-3.5316
85.44	-3.5317
85.44	-3.5315
85.44	-3.5314
85.43	-3.5315
85.43	-3.5311
85.42	-3.5312
85.42	-3.5314
85.42	-3.5311
85.42	-3.5311
85.42	-3.5311
85.41	-3.5310
85.41	-3.5310
85.41	-3.5309
85.41	-3.5309
85.40	-3.5308
85.40	-3.5310
85.40	-3.5305
85.39	-3.5310
85.39	-3.5306
85.39	-3.5308
85.39	-3.5307
85.39	-3.5305
85.39	-3.5308
85.39	-3.5306
85.38	-3.5307
85.38	-3.5305
85.38	-3.5305
85.37	-3.5307
85.37	-3.5305
85.37	-3.5306
85.37	-3.5305
85.37	-3.5306
85.36	-3.5308
85.36	-3.5305
85.36	-3.5303
85.35	-3.5303
85.35	-3.5306
85.34	-3.5304
85.34	-3.5306
85.34	-3.5303
85.34	-3.5303
85.34	-3.5304
85.33	-3.5304
85.33	-3.5304
85.33	-3.5303
85.33	-3.5303
85.33	-3.5302
85.33	-3.5303
85.33	-3.5302
85.32	-3.5304
85.32	-3.5304
85.31	-3.5301
85.31	-3.5302
85.30	-3.5301
85.30	-3.5302
85.30	-3.5302
85.30	-3.5303
85.29	-3.5299
85.29	-3.5299
85.29	-3.5300
85.29	-3.5299
85.29	-3.5301
85.28	-3.5298
85.28	-3.5301
85.28	-3.5299
85.28	-3.5298
85.28	-3.5300
85.28	-3.5296
85.28	-3.5299
85.27	-3.5298
85.27	-3.5298
85.26	-3.5297
85.26	-3.5298
85.25	-3.5298
85.26	-3.5296
85.25	-3.5298
85.25	-3.5298
85.25	-3.5297
85.24	-3.5297
85.24	-3.5295
85.24	-3.5295
85.24	-3.5296
85.23	-3.5296
85.23	-3.5292
85.23	-3.5294
85.23	-3.5292
85.23	-3.5291
85.22	-3.5292
85.22	-3.5294
85.22	-3.5290
85.22	-3.5291
85.21	-3.5290
85.21	-3.5289
85.21	-3.5289
85.20	-3.5289
85.20	-3.5290
85.20	-3.5288
85.20	-3.5290
85.20	-3.5289
85.20	-3.5289
85.19	-3.5290
85.19	-3.5287
85.18	-3.5288
85.18	-3.5288
85.17	-3.5289
85.17	-3.5288
85.17	-3.5289
85.17	-3.5290
85.17	-3.5289
85.16	-3.5288
85.16	-3.5288
85.16	-3.5287
85.15	-3.5287
85.15	-3.5287
85.15	-3.5287
85.15	-3.5285
85.15	-3.5284
85.14	-3.5288
85.14	-3.5285
85.14	-3.5285
85.14	-3.5286
85.14	-3.5284
85.14	-3.5286
85.14	-3.5284
85.13	-3.5286
85.13	-3.5284
85.13	-3.5285
85.12	-3.5284
85.12	-3.5285
85.12	-3.5283
85.11	-3.5282
85.11	-3.5283
85.11	-3.5283
85.11	-3.5285
85.10	-3.5282
85.10	-3.5282
85.10	-3.5284
85.10	-3.5282
85.09	-3.5284
85.09	-3.5279
85.09	-3.5281
85.09	-3.5281
85.08	-3.5280
85.08	-3.5280
85.08	-3.5281
85.08	-3.5279
85.08	-3.5279
85.08	-3.5279
85.07	-3.5279
85.07	-3.5278
85.06	-3.5278
85.06	-3.5279
85.06	-3.5276
85.06	-3.5278
85.05	-3.5278
85.05	-3.5278
85.05	-3.5276
85.05	-3.5277
85.05	-3.5275
85.04	-3.5274
85.04	-3.5276
85.04	-3.5276
85.03	-3.5276
85.03	-3.5275
85.03	-3.5273
85.03	-3.5275
85.02	-3.5273
85.02	-3.5271
85.02	-3.5272
85.02	-3.5271
85.02	-3.5271
85.01	-3.5273
85.01	-3.5273
85.00	-3.5272
85.00	-3.5273
85.00	-3.5272
85.00	-3.5271
85.00	-3.5273
84.99	-3.5272
84.99	-3.5272
84.99	-3.5272
84.99	-3.5271
84.99	-3.5273
84.98	-3.5270
84.98	-3.5270
84.98	-3.5270
84.98	-3.5270
84.98	-3.5269
84.98	-3.5269
84.97	-3.5267
84.97	-3.5270
84.96	-3.5269
84.96	-3.5268
84.96	-3.5268
84.96	-3.5269
84.95	-3.5267
84.95	-3.5266
84.95	-3.5267
84.94	-3.5265
84.94	-3.5267
84.94	-3.5267
84.94	-3.5266
84.94	-3.5265
84.93	-3.5266
84.93	-3.5266
84.93	-3.5266
84.92	-3.5267
84.92	-3.5263
84.92	-3.5264
84.92	-3.5263
84.91	-3.5264
84.91	-3.5264
84.91	-3.5262
84.91	-3.5262
84.91	-3.5262
84.91	-3.5260
84.90	-3.5262
84.90	-3.5260
84.90	-3.5263
84.89	-3.5259
84.89	-3.5259
84.89	-3.5260
84.88	-3.5258
84.88	-3.5258
84.88	-3.5256
84.88	-3.5257
84.88	-3.5256
84.87	-3.5258
84.87	-3.5256
84.87	-3.5258
84.86	-3.5257
84.86	-3.5257
84.86	-3.5258
84.86	-3.5256
84.86	-3.5257
84.85	-3.5255
84.85	-3.5257
84.85	-3.5256
84.84	-3.5256
84.84	-3.5258
84.84	-3.5259
84.84	-3.5256
84.84	-3.5255
84.83	-3.5254
84.83	-3.5256
84.83	-3.5255
84.83	-3.5255
84.83	-3.5256
84.82	-3.5254
84.82	-3.5256
84.82	-3.5255
84.82	-3.5253
84.81	-3.5252
84.81	-3.5251
84.81	-3.5257
84.80	-3.5251
84.80	-3.5256
84.80	-3.5251
84.80	-3.5253
84.80	-3.5251
84.79	-3.5252
84.79	-3.5252
84.79	-3.5252
84.79	-3.5252
84.78	-3.5249
84.78	-3.5253
84.78	-3.5252
84.78	-3.5249
84.77	-3.5250
84.77	-3.5249
84.77	-3.5250
84.77	-3.5250
84.76	-3.5250
84.76	-3.5248
84.76	-3.5250
84.76	-3.5249
84.75	-3.5250
84.75	-3.5249
84.75	-3.5248
84.74	-3.5249
84.74	-3.5250
84.74	-3.5250
84.74	-3.5250
84.74	-3.5249
84.73	-3.5250
84.73	-3.5250
84.73	-3.5250
84.72	-3.5250
84.72	-3.5250
84.72	-3.5250
84.72	-3.5251
84.71	-3.5249
84.71	-3.5248
84.71	-3.5251
84.71	-3.5249
84.70	-3.5248
84.70	-3.5250
84.70	-3.5249
84.70	-3.5247
84.70	-3.5250
84.70	-3.5249
84.69	-3.5248
84.69	-3.5249
84.69	-3.5249
84.69	-3.5247
84.68	-3.5247
84.68	-3.5248
84.67	-3.5247
84.67	-3.5249
84.67	-3.5247
84.67	-3.5247
84.67	-3.5247
84.67	-3.5247
84.67	-3.5248
84.66	-3.5246
84.66	-3.5247
84.65	-3.5247
84.65	-3.5245
84.64	-3.5245
84.64	-3.5245
84.64	-3.5244
84.64	-3.5245
84.63	-3.5247
84.63	-3.5245
84.63	-3.5246
84.63	-3.5246
84.62	-3.5246
84.62	-3.5246
84.62	-3.5247
84.62	-3.5245
84.62	-3.5245
84.62	-3.5244
84.61	-3.5243
84.61	-3.5245
84.61	-3.5246
84.61	-3.5243
84.60	-3.5244
84.60	-3.5243
84.59	-3.5243
84.59	-3.5244
84.59	-3.5244
84.59	-3.5243
84.59	-3.5244
84.58	-3.5242
84.58	-3.5241
84.58	-3.5243
84.58	-3.5241
84.58	-3.5243
84.58	-3.5241
84.58	-3.5242
84.57	-3.5242
84.57	-3.5241
84.56	-3.5240
84.56	-3.5240
84.56	-3.5240
84.55	-3.5240
84.55	-3.5238
84.55	-3.5237
84.55	-3.5236
84.55	-3.5237
84.54	-3.5237
84.54	-3.5237
84.53	-3.5234
84.53	-3.5234
84.53	-3.5233
84.53	-3.5232
84.53	-3.5233
84.53	-3.5233
84.53	-3.5235
84.52	-3.5233
84.52	-3.5232
84.52	-3.5231
84.51	-3.5231
84.51	-3.5229
84.51	-3.5229
84.50	-3.5230
84.50	-3.5231
84.50	-3.5230
84.50	-3.5230
84.50	-3.5228
84.49	-3.5229
84.49	-3.5226
84.49	-3.5230
84.49	-3.5227
84.48	-3.5230
84.48	-3.5229
84.48	-3.5226
84.48	-3.5228
84.47	-3.5227
84.47	-3.5226
84.47	-3.5227
84.47	-3.5225
84.46	-3.5225
84.46	-3.5224
84.45	-3.5223
84.45	-3.5226
84.45	-3.5225
84.45	-3.5223
84.45	-3.5224
84.45	-3.5225
84.45	-3.5225
84.44	-3.5223
84.44	-3.5224
84.43	-3.5225
84.43	-3.5224
84.43	-3.5224
84.43	-3.5224
84.43	-3.5226
84.42	-3.5224
84.42	-3.5225
84.42	-3.5225
84.42	-3.5224
84.41	-3.5225
84.41	-3.5225
84.40	-3.5226
84.40	-3.5225
84.40	-3.5224
84.39	-3.5224
84.39	-3.5224
84.39	-3.5224
84.39	-3.5222
84.39	-3.5225
84.38	-3.5224
84.38	-3.5225
84.38	-3.5226
84.38	-3.5225
84.38	-3.5226
84.38	-3.5225
84.38	-3.5226
84.37	-3.5226
84.37	-3.5224
84.37	-3.5224
84.37	-3.5225
84.36	-3.5227
84.36	-3.5226
84.36	-3.5225
84.35	-3.5224
84.35	-3.5225
84.35	-3.5225
84.34	-3.5226
84.34	-3.5223
84.34	-3.5224
84.34	-3.5225
84.34	-3.5225
84.33	-3.5226
84.33	-3.5226
84.33	-3.5226
84.33	-3.5225
84.32	-3.5227
84.32	-3.5224
84.32	-3.5228
84.31	-3.5226
84.31	-3.5225
84.30	-3.5226
84.30	-3.5224
84.30	-3.5223
84.30	-3.5223
84.30	-3.5223
84.30	-3.5222
84.29	-3.5223
84.29	-3.5222
84.29	-3.5223
84.29	-3.5220
84.29	-3.5221
84.28	-3.5219
84.28	-3.5220
84.28	-3.5219
84.28	-3.5220
84.27	-3.5219
84.27	-3.5219
84.27	-3.5217
84.27	-3.5219
84.26	-3.5216
84.26	-3.5216
84.26	-3.5216
84.26	-3.5217
84.26	-3.5215
84.25	-3.5213
84.25	-3.5217
84.25	-3.5215
84.24	-3.5213
84.24	-3.5215
84.24	-3.5213
84.24	-3.5214
84.24	-3.5214
84.23	-3.5213
84.23	-3.5213
84.23	-3.5213
84.23	-3.5212
84.22	-3.5211
84.22	-3.5211
84.22	-3.5211
84.21	-3.5212
84.21	-3.5211
84.21	-3.5215
84.21	-3.5210
84.21	-3.5211
84.20	-3.5210
84.20	-3.5209
84.20	-3.5212
84.19	-3.5211
84.20	-3.5210
84.19	-3.5210
84.18	-3.5211
84.18	-3.5210
84.18	-3.5210
84.18	-3.5211
84.17	-3.5210
84.17	-3.5208
84.17	-3.5207
84.17	-3.5206
84.17	-3.5208
84.16	-3.5207
84.16	-3.5207
84.16	-3.5207
84.16	-3.5209
84.15	-3.5206
84.15	-3.5205
84.14	-3.5207
84.14	-3.5204
84.14	-3.5206
84.14	-3.5204
84.14	-3.5207
84.13	-3.5205
84.13	-3.5206
84.13	-3.5205
84.13	-3.5206
84.13	-3.5205
84.13	-3.5205
84.12	-3.5204
84.12	-3.5204
84.12	-3.5207
84.12	-3.5204
84.11	-3.5204
84.11	-3.5205
84.10	-3.5203
84.10	-3.5204
84.10	-3.5201
84.09	-3.5203
84.09	-3.5203
84.09	-3.5200
84.09	-3.5203
84.09	-3.5200
84.09	-3.5202
84.09	-3.5197
84.08	-3.5201
84.08	-3.5201
84.07	-3.5201
84.07	-3.5202
84.07	-3.5201
84.07	-3.5198
84.06	-3.5200
84.06	-3.5199
84.05	-3.5199
84.05	-3.5198
84.05	-3.5198
84.05	-3.5198
84.05	-3.5198
84.04	-3.5197
84.04	-3.5197
84.04	-3.5197
84.03	-3.5196
84.03	-3.5196
84.03	-3.5196
84.03	-3.5197
84.03	-3.5196
84.03	-3.5196
84.03	-3.5196
84.02	-3.5197
84.02	-3.5195
84.02	-3.5195
84.02	-3.5194
84.01	-3.5195
84.01	-3.5195
84.01	-3.5194
84.00	-3.5192
84.00	-3.5193
84.00	-3.5192
84.00	-3.5191
84.00	-3.5190
84.00	-3.5189
83.99	-3.5190
83.99	-3.5189
83.99	-3.5189
83.99	-3.5190
83.98	-3.5189
83.98	-3.5189
83.98	-3.5190
83.98	-3.5188
83.98	-3.5187
83.98	-3.5190
83.98	-3.5188
83.97	-3.5187
83.97	-3.5188
83.96	-3.5186
83.96	-3.5188
83.95	-3.5187
83.95	-3.5188
83.95	-3.5186
83.95	-3.5186
83.95	-3.5188
83.95	-3.5188
83.95	-3.5186
83.94	-3.5188
83.94	-3.5186
83.93	-3.5185
83.93	-3.5185
83.93	-3.5185
83.92	-3.5185
83.92	-3.5185
83.92	-3.5183
83.92	-3.5185
83.92	-3.5184
83.92	-3.5181
83.91	-3.5184
83.91	-3.5182
83.91	-3.5181
83.91	-3.5181
83.90	-3.5181
83.89	-3.5180
83.89	-3.5183
83.89	-3.5177
83.89	-3.5179
83.89	-3.5176
83.89	-3.5176
83.88	-3.5176
83.88	-3.5175
83.88	-3.5174
83.88	-3.5177
83.88	-3.5175
83.88	-3.5175
83.87	-3.5171
83.86	-3.5171
83.86	-3.5171
83.86	-3.5170
83.86	-3.5170
83.86	-3.5170
83.85	-3.5171
83.85	-3.5168
83.84	-3.5171
83.84	-3.5169
83.84	-3.5168
83.84	-3.5166
83.84	-3.5166
83.84	-3.5167
83.83	-3.5165
83.83	-3.5165
83.83	-3.5164
83.83	-3.5165
83.83	-3.5163
83.83	-3.5164
83.82	-3.5164
83.82	-3.5164
83.82	-3.5160
83.81	-3.5160
83.81	-3.5162
83.80	-3.5161
83.80	-3.5160
83.80	-3.5160
83.80	-3.5159
83.80	-3.5161
83.79	-3.5156
83.79	-3.5160
83.78	-3.5158
83.78	-3.5157
83.78	-3.5157
83.78	-3.5158
83.78	-3.5158
83.78	-3.5158
83.77	-3.5156
83.77	-3.5156
83.77	-3.5155
83.77	-3.5154
83.76	-3.5154
83.76	-3.5155
83.76	-3.5155
83.75	-3.5154
83.75	-3.5154
83.75	-3.5148
83.75	-3.5148
83.75	-3.5148
83.75	-3.5149
83.75	-3.5147
83.75	-3.5149
83.74	-3.5147
83.74	-3.5145
83.73	-3.5148
83.73	-3.5147
83.73	-3.5147
83.73	-3.5147
83.73	-3.5145
83.72	-3.5143
83.72	-3.5146
83.71	-3.5142
83.70	-3.5142
83.70	-3.5140
83.70	-3.5142
83.70	-3.5141
83.70	-3.5140
83.69	-3.5140
83.69	-3.5140
83.69	-3.5142
83.69	-3.5138
83.68	-3.5139
83.68	-3.5138
83.68	-3.5139
83.68	-3.5138
83.68	-3.5137
83.68	-3.5135
83.68	-3.5137
83.67	-3.5137
83.67	-3.5136
83.67	-3.5135
83.66	-3.5136
83.66	-3.5135
83.66	-3.5133
83.65	-3.5133
83.65	-3.5133
83.65	-3.5134
83.64	-3.5133
83.64	-3.5130
83.64	-3.5131
83.64	-3.5128
83.64	-3.5130
83.64	-3.5130
83.64	-3.5129
83.64	-3.5130
83.63	-3.5128
83.63	-3.5127
83.63	-3.5127
83.62	-3.5126
83.62	-3.5128
83.62	-3.5126
83.62	-3.5121
83.61	-3.5126
83.60	-3.5123
83.60	-3.5125
83.60	-3.5122
83.60	-3.5120
83.60	-3.5121
83.59	-3.5122
83.59	-3.5121
83.59	-3.5120
83.59	-3.5120
83.58	-3.5119
83.58	-3.5122
83.58	-3.5118
83.58	-3.5119
83.58	-3.5118
83.57	-3.5117
83.57	-3.5117
83.57	-3.5116
83.57	-3.5118
83.56	-3.5116
83.56	-3.5117
83.56	-3.5118
83.56	-3.5116
83.56	-3.5114
83.55	-3.5115
83.55	-3.5114
83.55	-3.5113
83.54	-3.5113
83.54	-3.5112
83.54	-3.5113
83.54	-3.5112
83.54	-3.5112
83.54	-3.5112
83.53	-3.5111
83.53	-3.5109
83.53	-3.5110
83.52	-3.5110
83.52	-3.5111
83.51	-3.5108
83.51	-3.5108
83.51	-3.5109
83.51	-3.5109
83.50	-3.5108
83.50	-3.5109
83.50	-3.5108
83.50	-3.5108
83.49	-3.5107
83.49	-3.5107
83.49	-3.5106
83.49	-3.5106
83.49	-3.5105
83.48	-3.5104
83.48	-3.5107
83.48	-3.5105
83.48	-3.5104
83.48	-3.5102
83.47	-3.5102
83.46	-3.5103
83.46	-3.5102
83.46	-3.5103
83.46	-3.5103
83.45	-3.5103
83.45	-3.5101
83.45	-3.5101
83.45	-3.5102
83.45	-3.5102
83.45	-3.5101
83.45	-3.5102
83.44	-3.5101
83.44	-3.5100
83.44	-3.5099
83.44	-3.5101
83.43	-3.5100
83.43	-3.5097
83.42	-3.5101
83.42	-3.5098
83.42	-3.5098
83.42	-3.5098
83.42	-3.5098
83.41	-3.5098
83.41	-3.5098
83.40	-3.5098
83.40	-3.5099
83.40	-3.5097
83.40	-3.5099
83.39	-3.5095
83.39	-3.5099
83.39	-3.5097
83.39	-3.5096
83.39	-3.5097
83.39	-3.5096
83.39	-3.5096
83.38	-3.5098
83.38	-3.5096
83.38	-3.5096
83.38	-3.5097
83.38	-3.5095
83.37	-3.5098
83.36	-3.5096
83.36	-3.5094
83.36	-3.5094
83.36	-3.5093
83.35	-3.5093
83.35	-3.5094
83.35	-3.5094
83.34	-3.5094
83.34	-3.5094
83.34	-3.5094
83.34	-3.5095
83.33	-3.5095
83.33	-3.5093
83.33	-3.5092
83.33	-3.5091
83.33	-3.5092
83.32	-3.5090
83.32	-3.5090
83.32	-3.5091
83.32	-3.5090
83.32	-3.5089
83.31	-3.5089
83.31	-3.5088
83.31	-3.5086
83.30	-3.5087
83.30	-3.5087
83.30	-3.5087
83.30	-3.5086
83.29	-3.5086
83.29	-3.5084
83.28	-3.5083
83.28	-3.5083
83.28	-3.5084
83.28	-3.5083
83.28	-3.5084
83.28	-3.5082
83.28	-3.5081
83.28	-3.5081
83.27	-3.5080
83.27	-3.5079
83.27	-3.5078
83.26	-3.5078
83.26	-3.5078
83.25	-3.5078
83.25	-3.5077
83.25	-3.5078
83.25	-3.5077
83.25	-3.5079
83.25	-3.5077
83.25	-3.5075
83.24	-3.5077
83.24	-3.5077
83.24	-3.5076
83.23	-3.5075
83.23	-3.5075
83.23	-3.5074
83.23	-3.5074
83.23	-3.5075
83.22	-3.5073
83.22	-3.5072
83.22	-3.5072
83.21	-3.5074
83.21	-3.5071
83.21	-3.5071
83.20	-3.5070
83.20	-3.5069
83.20	-3.5071
83.20	-3.5070
83.19	-3.5069
83.19	-3.5070
83.19	-3.5068
83.18	-3.5068
83.18	-3.5069
83.18	-3.5071
83.17	-3.5067
83.17	-3.5067
83.17	-3.5067
83.17	-3.5067
83.17	-3.5066
83.17	-3.5065
83.16	-3.5064
83.16	-3.5066
83.16	-3.5062
83.16	-3.5065
83.15	-3.5062
83.15	-3.5062
83.15	-3.5059
83.15	-3.5060
83.14	-3.5063
83.14	-3.5058
83.14	-3.5061
83.14	-3.5061
83.14	-3.5061
83.13	-3.5058
83.13	-3.5058
83.13	-3.5059
83.13	-3.5057
83.12	-3.5060
83.12	-3.5058
83.12	-3.5060
83.12	-3.5060
83.11	-3.5057
83.11	-3.5057
83.11	-3.5058
83.10	-3.5057
83.10	-3.5058
83.10	-3.5056
83.10	-3.5056
83.10	-3.5055
83.09	-3.5055
83.09	-3.5056
83.09	-3.5056
83.09	-3.5051
83.09	-3.5054
83.09	-3.5053
83.08	-3.5052
83.08	-3.5053
83.08	-3.5051
83.08	-3.5049
83.08	-3.5054
83.07	-3.5050
83.07	-3.5053
83.06	-3.5048
83.06	-3.5049
83.06	-3.5049
83.05	-3.5050
83.05	-3.5050
83.05	-3.5047
83.05	-3.5049
83.05	-3.5048
83.04	-3.5046
83.04	-3.5047
83.04	-3.5049
83.03	-3.5047
83.03	-3.5049
83.03	-3.5048
83.03	-3.5047
83.03	-3.5046
83.03	-3.5047
83.03	-3.5045
83.02	-3.5044
83.02	-3.5044
83.01	-3.5045
83.00	-3.5042
83.00	-3.5046
83.00	-3.5045
83.00	-3.5044
83.00	-3.5043
83.00	-3.5041
83.00	-3.5041
82.99	-3.5043
82.99	-3.5039
82.99	-3.5042
82.99	-3.5041
82.99	-3.5040
82.98	-3.5039
82.98	-3.5040
82.98	-3.5038
82.97	-3.5037
82.97	-3.5039
82.97	-3.5036
82.97	-3.5037
82.96	-3.5037
82.96	-3.5037
82.96	-3.5037
82.95	-3.5037
82.95	-3.5036
82.95	-3.5037
82.95	-3.5034
82.95	-3.5035
82.94	-3.5035
82.94	-3.5034
82.94	-3.5034
82.94	-3.5032
82.93	-3.5033
82.93	-3.5033
82.93	-3.5036
82.92	-3.5032
82.92	-3.5032
82.92	-3.5034
82.92	-3.5032
82.92	-3.5031
82.91	-3.5034
82.91	-3.5032
82.91	-3.5033
82.91	-3.5031
82.90	-3.5030
82.90	-3.5030
82.89	-3.5029
82.89	-3.5027
82.89	-3.5027
82.89	-3.5030
82.89	-3.5026
82.88	-3.5028
82.88	-3.5025
82.88	-3.5027
82.88	-3.5027
82.88	-3.5025
82.87	-3.5024
82.87	-3.5025
82.87	-3.5025
82.86	-3.5024
82.86	-3.5025
82.86	-3.5023
82.86	-3.5025
82.86	-3.5023
82.85	-3.5023
82.85	-3.5026
82.85	-3.5021
82.85	-3.5023
82.84	-3.5024
82.84	-3.5022
82.84	-3.5022
82.84	-3.5024
82.83	-3.5024
82.83	-3.5022
82.83	-3.5024
82.83	-3.5023
82.83	-3.5023
82.82	-3.5022
82.81	-3.5024
82.81	-3.5020
82.81	-3.5022
82.81	-3.5025
82.81	-3.5022
82.80	-3.5020
82.80	-3.5020
82.80	-3.5023
82.80	-3.5020
82.80	-3.5021
82.80	-3.5021
82.80	-3.5020
82.79	-3.5022
82.79	-3.5021
82.78	-3.5022
82.78	-3.5023
82.78	-3.5020
82.78	-3.5019
82.77	-3.5020
82.77	-3.5019
82.77	-3.5019
82.77	-3.5019
82.76	-3.5020
82.76	-3.5019
82.76	-3.5019
82.76	-3.5019
82.75	-3.5019
82.75	-3.5020
82.75	-3.5018
82.75	-3.5018
82.75	-3.5015
82.75	-3.5017
82.74	-3.5016
82.74	-3.5015
82.73	-3.5015
82.73	-3.5015
82.73	-3.5015
82.73	-3.5013
82.73	-3.5014
82.73	-3.5013
82.72	-3.5015
82.72	-3.5013
82.72	-3.5012
82.71	-3.5012
82.70	-3.5011
82.70	-3.5012
82.70	-3.5013
82.70	-3.5011
82.70	-3.5010
82.70	-3.5010
82.69	-3.5009
82.69	-3.5009
82.69	-3.5008
82.68	-3.5008
82.68	-3.5008
82.68	-3.5008
82.68	-3.5010
82.67	-3.5008
82.67	-3.5006
82.67	-3.5009
82.67	-3.5005
82.67	-3.5008
82.67	-3.5006
82.66	-3.5006
82.66	-3.5005
82.65	-3.5006
82.65	-3.5006
82.65	-3.5002
82.65	-3.5004
82.64	-3.5003
82.64	-3.5002
82.64	-3.5001
82.64	-3.5000
82.64	-3.5004
82.63	-3.5002
82.63	-3.5002
82.63	-3.4999
82.63	-3.5000
82.63	-3.4999
82.62	-3.5000
82.62	-3.5000
82.62	-3.5000
82.62	-3.4998
82.61	-3.4999
82.61	-3.4998
82.61	-3.4997
82.61	-3.4999
82.60	-3.4999
82.60	-3.4998
82.60	-3.4997
82.59	-3.4998
82.59	-3.4998
82.59	-3.4997
82.59	-3.4998
82.58	-3.4995
82.58	-3.4997
82.58	-3.4996
82.58	-3.4996
82.58	-3.4998
82.57	-3.4997
82.57	-3.4997
82.57	-3.4997
82.56	-3.4996
82.56	-3.4996
82.56	-3.4996
82.56	-3.4998
82.55	-3.4997
82.55	-3.4995
82.55	-3.4996
82.55	-3.4996
82.54	-3.4998
82.54	-3.4995
82.54	-3.5000
82.54	-3.4997
82.54	-3.4996
82.53	-3.4996
82.53	-3.4996
82.53	-3.4998
82.53	-3.4996
82.52	-3.4996
82.52	-3.4995
82.52	-3.4995
82.52	-3.4994
82.52	-3.4996
82.51	-3.4994
82.51	-3.4993
82.50	-3.4995
82.50	-3.4995
82.50	-3.4997
82.50	-3.4994
82.49	-3.4996
82.49	-3.4994
82.48	-3.4994
82.48	-3.4996
82.48	-3.4994
82.48	-3.4994
82.48	-3.4991
82.48	-3.4995
82.48	-3.4992
82.47	-3.4993
82.47	-3.4993
82.47	-3.4995
82.46	-3.4993
82.46	-3.4993
82.45	-3.4993
82.45	-3.4992
82.45	-3.4993
82.45	-3.4993
82.45	-3.4992
82.45	-3.4992
82.45	-3.4993
82.44	-3.4992
82.44	-3.4991
82.44	-3.4993
82.43	-3.4993
82.43	-3.4988
82.42	-3.4992
82.42	-3.4991
82.42	-3.4991
82.42	-3.4992
82.42	-3.4990
82.42	-3.4992
82.41	-3.4992
82.41	-3.4989
82.40	-3.4990
82.40	-3.4988
82.40	-3.4987
82.39	-3.4989
82.39	-3.4988
82.39	-3.4988
82.39	-3.4989
82.39	-3.4987
82.39	-3.4989
82.39	-3.4991
82.38	-3.4991
82.38	-3.4989
82.38	-3.4989
82.38	-3.4989
82.37	-3.4988
82.37	-3.4988
82.37	-3.4988
82.36	-3.4988
82.36	-3.4988
82.36	-3.4989
82.36	-3.4988
82.35	-3.4991
82.35	-3.4989
82.35	-3.4989
82.35	-3.4988
82.34	-3.4990
82.34	-3.4991
82.34	-3.4989
82.34	-3.4988
82.34	-3.4988
82.33	-3.4987
82.33	-3.4988
82.33	-3.4991
82.33	-3.4990
82.32	-3.4990
82.32	-3.4989
82.32	-3.4990
82.32	-3.4990
82.31	-3.4989
82.31	-3.4989
82.30	-3.4989
82.30	-3.4991
82.30	-3.4991
82.30	-3.4991
82.30	-3.4990
82.30	-3.4992
82.29	-3.4991
82.29	-3.4992
82.29	-3.4991
82.28	-3.4991
82.28	-3.4991
82.28	-3.4991
82.28	-3.4993
82.28	-3.4993
82.27	-3.4993
82.27	-3.4994
82.27	-3.4994
82.26	-3.4992
82.26	-3.4992
82.26	-3.4993
82.26	-3.4995
82.25	-3.4991
82.25	-3.4994
82.25	-3.4993
82.25	-3.4995
82.25	-3.4996
82.25	-3.4994
82.24	-3.4995
82.24	-3.4994
82.24	-3.4994
82.23	-3.4995
82.23	-3.4995
82.23	-3.4992
82.23	-3.4995
82.23	-3.4993
82.22	-3.4992
82.22	-3.4995
82.21	-3.4992
82.21	-3.4994
82.21	-3.4994
82.21	-3.4992
82.21	-3.4994
82.20	-3.4992
82.20	-3.4993
82.20	-3.4994
82.20	-3.4993
82.20	-3.4992
82.19	-3.4992
82.20	-3.4992
82.19	-3.4991
82.19	-3.4991
82.18	-3.4991
82.18	-3.4992
82.18	-3.4991
82.18	-3.4990
82.18	-3.4989
82.17	-3.4990
82.17	-3.4990
82.17	-3.4990
82.17	-3.4991
82.17	-3.4990
82.16	-3.4987
82.16	-3.4991
82.16	-3.4989
82.15	-3.4989
82.14	-3.4987
82.14	-3.4987
82.14	-3.4987
82.14	-3.4990
82.13	-3.4987
82.13	-3.4987
82.13	-3.4985
82.13	-3.4985
82.13	-3.4986
82.13	-3.4981
82.13	-3.4982
82.13	-3.4982
82.12	-3.4982
82.12	-3.4982
82.12	-3.4982
82.11	-3.4983
82.11	-3.4979
82.10	-3.4977
82.10	-3.4977
82.10	-3.4977
82.09	-3.4979
82.09	-3.4977
82.09	-3.4977
82.09	-3.4976
82.08	-3.4976
82.08	-3.4974
82.08	-3.4976
82.08	-3.4974
82.08	-3.4976
82.08	-3.4972
82.07	-3.4974
82.07	-3.4973
82.07	-3.4972
82.07	-3.4972
82.07	-3.4974
82.06	-3.4975
82.06	-3.4973
82.06	-3.4973
82.06	-3.4969
82.05	-3.4971
82.05	-3.4971
82.05	-3.4969
82.05	-3.4970
82.04	-3.4970
82.04	-3.4970
82.04	-3.4968
82.03	-3.4969
82.03	-3.4967
82.03	-3.4968
82.03	-3.4967
82.03	-3.4966
82.02	-3.4966
82.02	-3.4964
82.02	-3.4964
82.01	-3.4963
82.01	-3.4964
82.01	-3.4964
82.01	-3.4964
82.00	-3.4962
82.00	-3.4964
82.00	-3.4962
81.99	-3.4961
81.99	-3.4961
81.99	-3.4961
81.99	-3.4962
81.99	-3.4961
81.99	-3.4960
81.98	-3.4961
81.98	-3.4960
81.98	-3.4959
81.98	-3.4959
81.98	-3.4959
81.98	-3.4961
81.97	-3.4959
81.96	-3.4960
81.96	-3.4957
81.95	-3.4957
81.95	-3.4958
81.95	-3.4958
81.95	-3.4960
81.95	-3.4957
81.95	-3.4958
81.94	-3.4958
81.94	-3.4953
81.94	-3.4956
81.94	-3.4955
81.94	-3.4954
81.93	-3.4957
81.93	-3.4952
81.93	-3.4953
81.92	-3.4953
81.92	-3.4952
81.92	-3.4952
81.92	-3.4952
81.92	-3.4949
81.92	-3.4952
81.91	-3.4952
81.91	-3.4950
81.90	-3.4949
81.90	-3.4949
81.89	-3.4948
81.89	-3.4948
81.89	-3.4950
81.89	-3.4946
81.89	-3.4948
81.89	-3.4947
81.88	-3.4945
81.88	-3.4947
81.88	-3.4946
81.88	-3.4945
81.87	-3.4945
81.86	-3.4945
81.86	-3.4945
81.86	-3.4942
81.85	-3.4944
81.84	-3.4940
81.84	-3.4943
81.84	-3.4942
81.83	-3.4945
81.83	-3.4943
81.83	-3.4944
81.83	-3.4944
81.83	-3.4943
81.83	-3.4943
81.83	-3.4944
81.83	-3.4942
81.83	-3.4943
81.83	-3.4945
81.83	-3.4942
81.83	-3.4943
81.83	-3.4944
81.83	-3.4943
81.83	-3.4942
81.82	-3.4942
81.82	-3.4942
81.81	-3.4942
81.81	-3.4943
81.81	-3.4945
81.81	-3.4946
81.80	-3.4944
81.80	-3.4948
81.80	-3.4946
81.80	-3.4947
81.80	-3.4945
81.79	-3.4946
81.79	-3.4946
81.79	-3.4948
81.78	-3.4946
81.78	-3.4946
81.78	-3.4946
81.77	-3.4946
81.77	-3.4949
81.77	-3.4948
81.76	-3.4947
81.76	-3.4947
81.76	-3.4948
81.76	-3.4947
81.76	-3.4947
81.75	-3.4945
81.75	-3.4947
81.75	-3.4948
81.75	-3.4950
81.75	-3.4948
81.74	-3.4950
81.74	-3.4949
81.74	-3.4949
81.73	-3.4948
81.73	-3.4950
81.73	-3.4947
81.72	-3.4949
81.72	-3.4949
81.72	-3.4945
81.72	-3.4945
81.71	-3.4948
81.71	-3.4945
81.71	-3.4946
81.70	-3.4946
81.70	-3.4944
81.70	-3.4943
81.70	-3.4944
81.70	-3.4942
81.70	-3.4945
81.69	-3.4945
81.69	-3.4946
81.69	-3.4942
81.69	-3.4944
81.68	-3.4945
81.68	-3.4944
81.68	-3.4943
81.68	-3.4944
81.67	-3.4945
81.67	-3.4943
81.67	-3.4945
81.67	-3.4941
81.67	-3.4944
81.66	-3.4943
81.66	-3.4945
81.65	-3.4941
81.65	-3.4943
81.65	-3.4940
81.64	-3.4938
81.64	-3.4940
81.64	-3.4938
81.64	-3.4941
81.64	-3.4939
81.63	-3.4939
81.63	-3.4938
81.63	-3.4938
81.63	-3.4937
81.63	-3.4937
81.63	-3.4938
81.62	-3.4936
81.62	-3.4938
81.62	-3.4937
81.62	-3.4937
81.62	-3.4936
81.61	-3.4936
81.61	-3.4936
81.60	-3.4935
81.60	-3.4935
81.59	-3.4935
81.59	-3.4935
81.59	-3.4936
81.59	-3.4933
81.59	-3.4934
81.58	-3.4934
81.58	-3.4934
81.58	-3.4933
81.58	-3.4930
81.58	-3.4933
81.57	-3.4931
81.57	-3.4930
81.57	-3.4932
81.56	-3.4930
81.56	-3.4929
81.56	-3.4930
81.56	-3.4930
81.55	-3.4929
81.55	-3.4927
81.55	-3.4928
81.55	-3.4928
81.54	-3.4927
81.54	-3.4926
81.54	-3.4928
81.54	-3.4926
81.53	-3.4926
81.53	-3.4926
81.53	-3.4926
81.52	-3.4924
81.52	-3.4925
81.52	-3.4922
81.52	-3.4922
81.51	-3.4923
81.51	-3.4924
81.51	-3.4922
81.51	-3.4923
81.51	-3.4921
81.51	-3.4921
81.50	-3.4922
81.50	-3.4920
81.50	-3.4920
81.50	-3.4920
81.50	-3.4919
81.50	-3.4919
81.50	-3.4918
81.49	-3.4916
81.49	-3.4919
81.48	-3.4916
81.48	-3.4915
81.48	-3.4913
81.48	-3.4914
81.47	-3.4915
81.47	-3.4913
81.47	-3.4911
81.46	-3.4914
81.46	-3.4912
81.45	-3.4908
81.45	-3.4910
81.45	-3.4909
81.45	-3.4908
81.45	-3.4908
81.45	-3.4908
81.44	-3.4908
81.44	-3.4906
81.44	-3.4904
81.43	-3.4905
81.43	-3.4905
81.42	-3.4905
81.42	-3.4906
81.42	-3.4904
81.42	-3.4903
81.42	-3.4904
81.41	-3.4903
81.41	-3.4906
81.41	-3.4902
81.41	-3.4903
81.41	-3.4902
81.40	-3.4902
81.40	-3.4902
81.40	-3.4899
81.40	-3.4899
81.39	-3.4900
81.39	-3.4900
81.39	-3.4897
81.39	-3.4899
81.38	-3.4899
81.38	-3.4897
81.38	-3.4896
81.38	-3.4896
81.38	-3.4894
81.37	-3.4894
81.37	-3.4895
81.37	-3.4893
81.37	-3.4892
81.36	-3.4892
81.36	-3.4892
81.36	-3.4891
81.35	-3.4888
81.35	-3.4890
81.35	-3.4887
81.35	-3.4886
81.34	-3.4887
81.34	-3.4885
81.34	-3.4888
81.34	-3.4884
81.34	-3.4885
81.34	-3.4884
81.33	-3.4882
81.33	-3.4884
81.33	-3.4882
81.33	-3.4881
81.33	-3.4880
81.32	-3.4879
81.32	-3.4876
81.32	-3.4879
81.31	-3.4873
81.31	-3.4875
81.31	-3.4875
81.31	-3.4874
81.30	-3.4873
81.30	-3.4873
81.30	-3.4873
81.30	-3.4872
81.30	-3.4871
81.30	-3.4871
81.30	-3.4869
81.29	-3.4866
81.29	-3.4868
81.28	-3.4868
81.28	-3.4867
81.28	-3.4869
81.27	-3.4865
81.27	-3.4864
81.27	-3.4863
81.27	-3.4863
81.27	-3.4864
81.26	-3.4863
81.26	-3.4863
81.26	-3.4864
81.26	-3.4863
81.25	-3.4863
81.25	-3.4861
81.25	-3.4861
81.24	-3.4860
81.24	-3.4860
81.24	-3.4860
81.24	-3.4859
81.23	-3.4857
81.23	-3.4859
81.23	-3.4858
81.23	-3.4860
81.23	-3.4856
81.22	-3.4855
81.22	-3.4855
81.22	-3.4855
81.22	-3.4855
81.22	-3.4857
81.21	-3.4854
81.21	-3.4853
81.21	-3.4855
81.21	-3.4854
81.20	-3.4851
81.20	-3.4851
81.20	-3.4854
81.20	-3.4851
81.19	-3.4850
81.19	-3.4851
81.19	-3.4849
81.18	-3.4850
81.18	-3.4850
81.17	-3.4847
81.17	-3.4848
81.17	-3.4846
81.17	-3.4845
81.17	-3.4846
81.16	-3.4844
81.16	-3.4846
81.15	-3.4844
81.15	-3.4845
81.15	-3.4843
81.15	-3.4842
81.15	-3.4842
81.15	-3.4841
81.14	-3.4840
81.14	-3.4841
81.14	-3.4838
81.14	-3.4838
81.14	-3.4838
81.13	-3.4836
81.13	-3.4837
81.13	-3.4836
81.12	-3.4835
81.12	-3.4835
81.12	-3.4834
81.12	-3.4835
81.11	-3.4834
81.11	-3.4834
81.11	-3.4834
81.11	-3.4833
81.11	-3.4833
81.10	-3.4833
81.10	-3.4830
81.09	-3.4833
81.09	-3.4830
81.09	-3.4831
81.09	-3.4830
81.09	-3.4833
81.09	-3.4833
81.08	-3.4831
81.08	-3.4830
81.08	-3.4828
81.08	-3.4828
81.08	-3.4828
81.07	-3.4831
81.06	-3.4828
81.06	-3.4828
81.06	-3.4829
81.05	-3.4826
81.05	-3.4827
81.05	-3.4826
81.05	-3.4827
81.05	-3.4829
81.05	-3.4825
81.05	-3.4828
81.04	-3.4824
81.04	-3.4826
81.03	-3.4826
81.03	-3.4826
81.03	-3.4825
81.03	-3.4823
81.03	-3.4822
81.03	-3.4824
81.03	-3.4824
81.02	-3.4824
81.02	-3.4823
81.02	-3.4824
81.01	-3.4823
81.01	-3.4822
81.00	-3.4823
81.00	-3.4821
81.00	-3.4822
81.00	-3.4821
81.00	-3.4822
81.00	-3.4819
80.99	-3.4822
80.99	-3.4821
80.99	-3.4822
80.98	-3.4819
80.98	-3.4819
80.98	-3.4818
80.98	-3.4821
80.98	-3.4820
80.98	-3.4820
80.97	-3.4819
80.97	-3.4822
80.97	-3.4821
80.97	-3.4820
80.96	-3.4821
80.96	-3.4819
80.96	-3.4822
80.95	-3.4820
80.95	-3.4820
80.95	-3.4819
80.95	-3.4820
80.95	-3.4820
80.94	-3.4820
80.94	-3.4819
80.93	-3.4818
80.93	-3.4820
80.93	-3.4818
80.92	-3.4818
80.92	-3.4818
80.92	-3.4818
80.92	-3.4818
80.92	-3.4818
80.91	-3.4817
80.91	-3.4818
80.91	-3.4819
80.91	-3.4816
80.91	-3.4817
80.90	-3.4818
80.90	-3.4816
80.89	-3.4817
80.89	-3.4817
80.89	-3.4816
80.89	-3.4818
80.89	-3.4817
80.88	-3.4817
80.88	-3.4817
80.88	-3.4815
80.88	-3.4815
80.87	-3.4816
80.87	-3.4816
80.86	-3.4815
80.86	-3.4816
80.86	-3.4818
80.86	-3.4815
80.86	-3.4814
80.85	-3.4816
80.85	-3.4815
80.85	-3.4815
80.85	-3.4815
80.84	-3.4815
80.84	-3.4817
80.84	-3.4815
80.84	-3.4815
80.83	-3.4816
80.83	-3.4817
80.83	-3.4816
80.83	-3.4815
80.83	-3.4812
80.82	-3.4816
80.82	-3.4813
80.82	-3.4812
80.82	-3.4813
80.81	-3.4812
80.81	-3.4813
80.81	-3.4812
80.80	-3.4813
80.80	-3.4812
80.80	-3.4813
80.80	-3.4812
80.80	-3.4811
80.80	-3.4811
80.80	-3.4812
80.80	-3.4811
80.79	-3.4810
80.79	-3.4810
80.79	-3.4811
80.78	-3.4808
80.78	-3.4809
80.78	-3.4810
80.78	-3.4809
80.78	-3.4809
80.77	-3.4810
80.77	-3.4809
80.77	-3.4807
80.76	-3.4810
80.76	-3.4809
80.76	-3.4808
80.75	-3.4808
80.75	-3.4808
80.75	-3.4809
80.74	-3.4804
80.74	-3.4806
80.74	-3.4807
80.73	-3.4807
80.73	-3.4806
80.73	-3.4806
80.73	-3.4809
80.73	-3.4806
80.73	-3.4806
80.72	-3.4806
80.72	-3.4806
80.72	-3.4807
80.71	-3.4805
80.71	-3.4807
80.71	-3.4804
80.71	-3.4803
80.71	-3.4804
80.70	-3.4806
80.70	-3.4804
80.70	-3.4805
80.70	-3.4805
80.70	-3.4804
80.69	-3.4804
80.69	-3.4804
80.68	-3.4803
80.68	-3.4805
80.68	-3.4805
80.67	-3.4806
80.67	-3.4805
80.67	-3.4805
80.66	-3.4804
80.66	-3.4806
80.66	-3.4806
80.66	-3.4803
80.66	-3.4803
80.65	-3.4802
80.65	-3.4803
80.65	-3.4804
80.65	-3.4804
80.65	-3.4802
80.64	-3.4803
80.64	-3.4802
80.64	-3.4800
80.64	-3.4800
80.64	-3.4800
80.63	-3.4798
80.63	-3.4799
80.63	-3.4801
80.63	-3.4796
80.63	-3.4798
80.62	-3.4798
80.62	-3.4798
80.62	-3.4795
80.62	-3.4796
80.61	-3.4800
80.61	-3.4796
80.60	-3.4796
80.60	-3.4796
80.60	-3.4797
80.60	-3.4795
80.59	-3.4793
80.59	-3.4795
80.59	-3.4795
80.59	-3.4796
80.59	-3.4794
80.58	-3.4792
80.58	-3.4793
80.57	-3.4793
80.57	-3.4791
80.57	-3.4792
80.57	-3.4794
80.57	-3.4792
80.56	-3.4792
80.56	-3.4793
80.56	-3.4792
80.55	-3.4792
80.55	-3.4792
80.55	-3.4790
80.55	-3.4790
80.55	-3.4790
80.55	-3.4792
80.54	-3.4791
80.54	-3.4790
80.54	-3.4791
80.53	-3.4791
80.53	-3.4790
80.53	-3.4789
80.53	-3.4790
80.53	-3.4789
80.52	-3.4788
80.52	-3.4790
80.52	-3.4788
80.52	-3.4788
80.52	-3.4788
80.51	-3.4786
80.51	-3.4788
80.50	-3.4788
80.50	-3.4788
80.50	-3.4787
80.50	-3.4787
80.50	-3.4787
80.50	-3.4786
80.49	-3.4786
80.49	-3.4784
80.49	-3.4785
80.48	-3.4786
80.48	-3.4785
80.48	-3.4784
80.48	-3.4783
80.48	-3.4786
80.47	-3.4783
80.47	-3.4784
80.47	-3.4782
80.47	-3.4783
80.46	-3.4785
80.46	-3.4783
80.45	-3.4783
80.45	-3.4784
80.45	-3.4784
80.45	-3.4782
80.45	-3.4782
80.44	-3.4783
80.44	-3.4782
80.43	-3.4782
80.43	-3.4783
80.43	-3.4780
80.43	-3.4780
80.43	-3.4781
80.43	-3.4780
80.43	-3.4779
80.42	-3.4778
80.42	-3.4778
80.42	-3.4778
80.42	-3.4777
80.42	-3.4779
80.42	-3.4777
80.41	-3.4776
80.41	-3.4777
80.40	-3.4779
80.40	-3.4779
80.40	-3.4779
80.39	-3.4778
80.39	-3.4778
80.39	-3.4779
80.39	-3.4778
80.39	-3.4778
80.38	-3.4778
80.38	-3.4779
80.38	-3.4777
80.38	-3.4780
80.38	-3.4778
80.38	-3.4777
80.37	-3.4777
80.37	-3.4779
80.36	-3.4777
80.36	-3.4777
80.36	-3.4774
80.35	-3.4777
80.34	-3.4775
80.34	-3.4776
80.34	-3.4774
80.34	-3.4775
80.34	-3.4776
80.34	-3.4773
80.34	-3.4774
80.33	-3.4774
80.33	-3.4774
80.33	-3.4775
80.33	-3.4772
80.33	-3.4773
80.33	-3.4772
80.33	-3.4773
80.32	-3.4772
80.32	-3.4770
80.31	-3.4772
80.31	-3.4772
80.31	-3.4770
80.30	-3.4769
80.30	-3.4771
80.30	-3.4771
80.30	-3.4769
80.30	-3.4768
80.29	-3.4771
80.29	-3.4769
80.29	-3.4770
80.29	-3.4771
80.28	-3.4769
80.28	-3.4769
80.28	-3.4768
80.28	-3.4769
80.27	-3.4770
80.27	-3.4770
80.26	-3.4767
80.26	-3.4769
80.26	-3.4769
80.26	-3.4768
80.26	-3.4767
80.25	-3.4767
80.25	-3.4765
80.25	-3.4767
80.25	-3.4767
80.25	-3.4767
80.25	-3.4767
80.24	-3.4767
80.24	-3.4765
80.24	-3.4766
80.23	-3.4765
80.23	-3.4766
80.23	-3.4767
80.23	-3.4766
80.23	-3.4766
80.22	-3.4764
80.22	-3.4764
80.22	-3.4765
80.21	-3.4764
80.21	-3.4767
80.21	-3.4767
80.20	-3.4765
80.20	-3.4765
80.20	-3.4761
80.20	-3.4764
80.20	-3.4765
80.19	-3.4762
80.19	-3.4762
80.18	-3.4763
80.18	-3.4762
80.18	-3.4762
80.18	-3.4762
80.18	-3.4763
80.17	-3.4760
80.17	-3.4760
80.17	-3.4760
80.17	-3.4759
80.17	-3.4760
80.16	-3.4759
80.16	-3.4760
80.16	-3.4759
80.16	-3.4758
80.15	-3.4759
80.15	-3.4756
80.14	-3.4757
80.14	-3.4758
80.14	-3.4756
80.14	-3.4757
80.14	-3.4755
80.14	-3.4758
80.13	-3.4754
80.13	-3.4752
80.13	-3.4753
80.13	-3.4755
80.12	-3.4752
80.12	-3.4753
80.12	-3.4750
80.12	-3.4752
80.11	-3.4750
80.11	-3.4751
80.11	-3.4750
80.11	-3.4750
80.11	-3.4746
80.10	-3.4747
80.10	-3.4746
80.09	-3.4746
80.09	-3.4746
80.09	-3.4746
80.09	-3.4745
80.08	-3.4743
80.08	-3.4743
80.08	-3.4745
80.08	-3.4741
80.08	-3.4741
80.08	-3.4740
80.07	-3.4740
80.07	-3.4742
80.07	-3.4742
80.06	-3.4741
80.06	-3.4741
80.06	-3.4740
80.05	-3.4738
80.05	-3.4739
80.05	-3.4738
80.05	-3.4736
80.05	-3.4737
80.04	-3.4738
80.04	-3.4737
80.04	-3.4740
80.04	-3.4738
80.03	-3.4737
80.03	-3.4736
80.03	-3.4737
80.03	-3.4735
80.02	-3.4735
80.02	-3.4737
80.02	-3.4736
80.02	-3.4736
80.02	-3.4736
80.01	-3.4734
80.01	-3.4737
80.01	-3.4736
80.00	-3.4733
80.00	-3.4736
80.00	-3.4735
80.00	-3.4734
80.00	-3.4736
80.00	-3.4734
79.99	-3.4735
79.99	-3.4736
79.98	-3.4732
79.98	-3.4733
79.98	-3.4734
79.98	-3.4731
79.97	-3.4733
79.97	-3.4731
79.97	-3.4731
79.96	-3.4732
79.96	-3.4730
79.96	-3.4732
79.95	-3.4729
79.96	-3.4730
79.95	-3.4730
79.95	-3.4729
79.95	-3.4728
79.95	-3.4729
79.95	-3.4728
79.94	-3.4727
79.94	-3.4728
79.94	-3.4727
79.93	-3.4727
79.93	-3.4727
79.93	-3.4726
79.93	-3.4726
79.92	-3.4726
79.92	-3.4728
79.92	-3.4724
79.92	-3.4725
79.91	-3.4725
79.91	-3.4724
79.91	-3.4727
79.90	-3.4723
79.90	-3.4722
79.90	-3.4723
79.90	-3.4724
79.89	-3.4723
79.89	-3.4723
79.89	-3.4722
79.89	-3.4722
79.88	-3.4721
79.88	-3.4724
79.88	-3.4721
79.88	-3.4723
79.87	-3.4722
79.87	-3.4721
79.87	-3.4720
79.87	-3.4720
79.87	-3.4722
79.86	-3.4720
79.86	-3.4721
79.86	-3.4721
79.86	-3.4722
79.85	-3.4720
79.85	-3.4721
79.85	-3.4721
79.84	-3.4721
79.84	-3.4721
79.84	-3.4721
79.84	-3.4719
79.84	-3.4721
79.83	-3.4720
79.83	-3.4719
79.83	-3.4720
79.83	-3.4716
79.83	-3.4719
79.82	-3.4717
79.82	-3.4717
79.82	-3.4719
79.82	-3.4716
79.81	-3.4718
79.81	-3.4717
79.80	-3.4718
79.80	-3.4716
79.80	-3.4716
79.80	-3.4717
79.80	-3.4717
79.79	-3.4716
79.79	-3.4718
79.79	-3.4717
79.79	-3.4718
79.78	-3.4714
79.78	-3.4715
79.78	-3.4715
79.78	-3.4715
79.77	-3.4716
79.77	-3.4716
79.77	-3.4716
79.77	-3.4715
79.77	-3.4716
79.76	-3.4714
79.76	-3.4716
79.76	-3.4716
79.75	-3.4714
79.75	-3.4715
79.75	-3.4717
79.75	-3.4716
79.75	-3.4714
79.75	-3.4714
79.74	-3.4715
79.74	-3.4715
79.74	-3.4715
79.73	-3.4715
79.73	-3.4715
79.73	-3.4714
79.73	-3.4714
79.72	-3.4711
79.72	-3.4712
79.72	-3.4712
79.72	-3.4708
79.71	-3.4711
79.71	-3.4713
79.71	-3.4709
79.70	-3.4712
79.70	-3.4709
79.70	-3.4710
79.70	-3.4712
79.70	-3.4709
79.69	-3.4709
79.69	-3.4711
79.69	-3.4709
79.69	-3.4709
79.69	-3.4710
79.69	-3.4709
79.68	-3.4709
79.68	-3.4710
79.67	-3.4709
79.67	-3.4709
79.67	-3.4708
79.66	-3.4705
79.66	-3.4707
79.66	-3.4707
79.66	-3.4705
79.65	-3.4706
79.65	-3.4705
79.65	-3.4706
79.64	-3.4704
79.64	-3.4705
79.64	-3.4706
79.64	-3.4705
79.64	-3.4704
79.63	-3.4705
79.63	-3.4705
79.63	-3.4702
79.63	-3.4704
79.63	-3.4702
79.62	-3.4704
79.62	-3.4704
79.62	-3.4703
79.61	-3.4701
79.61	-3.4701
79.61	-3.4701
79.61	-3.4701
79.61	-3.4702
79.61	-3.4701
79.60	-3.4700
79.60	-3.4700
79.60	-3.4700
79.59	-3.4700
79.59	-3.4700
79.59	-3.4700
79.59	-3.4700
79.58	-3.4698
79.58	-3.4698
79.58	-3.4697
79.58	-3.4696
79.58	-3.4695
79.57	-3.4696
79.57	-3.4693
79.56	-3.4697
79.56	-3.4696
79.56	-3.4695
79.56	-3.4694
79.55	-3.4694
79.55	-3.4694
79.55	-3.4695
79.55	-3.4693
79.55	-3.4693
79.55	-3.4693
79.55	-3.4694
79.54	-3.4692
79.54	-3.4690
79.53	-3.4690
79.53	-3.4691
79.53	-3.4690
79.53	-3.4687
79.53	-3.4688
79.52	-3.4689
79.52	-3.4687
79.52	-3.4687
79.52	-3.4688
79.51	-3.4687
79.51	-3.4686
79.51	-3.4686
79.50	-3.4686
79.50	-3.4686
79.50	-3.4686
79.50	-3.4684
79.49	-3.4683
79.49	-3.4686
79.48	-3.4683
79.48	-3.4684
79.48	-3.4684
79.48	-3.4684
79.48	-3.4682
79.48	-3.4683
79.48	-3.4681
79.47	-3.4682
79.47	-3.4682
79.47	-3.4681
79.47	-3.4680
79.47	-3.4678
79.47	-3.4679
79.46	-3.4677
79.46	-3.4678
79.45	-3.4679
79.45	-3.4678
79.45	-3.4678
79.45	-3.4677
79.44	-3.4678
79.44	-3.4677
79.44	-3.4678
79.43	-3.4677
79.43	-3.4677
79.43	-3.4676
79.43	-3.4675
79.42	-3.4674
79.42	-3.4674
79.42	-3.4674
79.42	-3.4675
79.41	-3.4672
79.41	-3.4674
79.41	-3.4672
79.41	-3.4673
79.40	-3.4671
79.40	-3.4672
79.40	-3.4671
79.39	-3.4670
79.39	-3.4668
79.39	-3.4672
79.39	-3.4668
79.39	-3.4670
79.38	-3.4670
79.38	-3.4670
79.38	-3.4667
79.38	-3.4668
79.38	-3.4666
79.38	-3.4664
79.37	-3.4668
79.37	-3.4666
79.37	-3.4666
79.36	-3.4666
79.36	-3.4665
79.36	-3.4662
79.36	-3.4663
79.35	-3.4662
79.35	-3.4662
79.35	-3.4662
79.34	-3.4661
79.34	-3.4659
79.34	-3.4659
79.33	-3.4660
79.33	-3.4660
79.33	-3.4657
79.33	-3.4656
79.33	-3.4655
79.33	-3.4657
79.33	-3.4657
79.33	-3.4655
79.33	-3.4656
79.32	-3.4656
79.31	-3.4655
79.31	-3.4652
79.31	-3.4654
79.30	-3.4655
79.30	-3.4652
79.30	-3.4653
79.30	-3.4652
79.30	-3.4654
79.29	-3.4651
79.29	-3.4652
79.29	-3.4652
79.29	-3.4651
79.29	-3.4648
79.28	-3.4651
79.28	-3.4648
79.28	-3.4648
79.28	-3.4649
79.28	-3.4646
79.28	-3.4649
79.27	-3.4646
79.27	-3.4649
79.26	-3.4645
79.26	-3.4648
79.25	-3.4648
79.25	-3.4646
79.25	-3.4648
79.25	-3.4647
79.24	-3.4648
79.24	-3.4648
79.24	-3.4647
79.24	-3.4646
79.23	-3.4647
79.23	-3.4647
79.23	-3.4644
79.23	-3.4645
79.23	-3.4647
79.23	-3.4646
79.22	-3.4647
79.22	-3.4646
79.21	-3.4648
79.21	-3.4645
79.20	-3.4645
79.20	-3.4645
79.20	-3.4646
79.20	-3.4643
79.20	-3.4645
79.20	-3.4645
79.20	-3.4644
79.20	-3.4645
79.19	-3.4646
79.19	-3.4645
79.19	-3.4645
79.18	-3.4645
79.18	-3.4643
79.18	-3.4642
79.18	-3.4643
79.18	-3.4641
79.17	-3.4643
79.17	-3.4642
79.17	-3.4642
79.16	-3.4639
79.16	-3.4640
79.16	-3.4640
79.16	-3.4640
79.15	-3.4640
79.15	-3.4640
79.15	-3.4640
79.14	-3.4642
79.14	-3.4639
79.14	-3.4639
79.13	-3.4638
79.13	-3.4639
79.13	-3.4639
79.13	-3.4640
79.13	-3.4639
79.13	-3.4637
79.13	-3.4638
79.12	-3.4639
79.12	-3.4640
79.12	-3.4638
79.11	-3.4638
79.11	-3.4636
79.10	-3.4637
79.10	-3.4637
79.10	-3.4637
79.10	-3.4636
79.10	-3.4633
79.09	-3.4636
79.09	-3.4634
79.09	-3.4637
79.09	-3.4633
79.08	-3.4633
79.08	-3.4634
79.08	-3.4633
79.08	-3.4631
79.07	-3.4632
79.07	-3.4632
79.07	-3.4633
79.07	-3.4633
79.07	-3.4629
79.07	-3.4632
79.06	-3.4632
79.06	-3.4630
79.06	-3.4628
79.06	-3.4630
79.06	-3.4629
79.05	-3.4630
79.05	-3.4629
79.05	-3.4628
79.05	-3.4627
79.04	-3.4625
79.04	-3.4629
79.04	-3.4628
79.04	-3.4628
79.03	-3.4627
79.03	-3.4627
79.03	-3.4624
79.03	-3.4626
79.03	-3.4626
79.02	-3.4626
79.02	-3.4624
79.02	-3.4624
79.01	-3.4622
79.01	-3.4622
79.00	-3.4624
79.00	-3.4621
79.00	-3.4620
79.00	-3.4620
78.99	-3.4622
78.99	-3.4620
78.99	-3.4620
78.98	-3.4619
78.98	-3.4620
78.98	-3.4619
78.98	-3.4618
78.98	-3.4618
78.98	-3.4620
78.97	-3.4620
78.97	-3.4620
78.97	-3.4621
78.97	-3.4622
78.96	-3.4622
78.96	-3.4619
78.96	-3.4618
78.95	-3.4618
78.95	-3.4620
78.95	-3.4620
78.95	-3.4618
78.95	-3.4618
78.95	-3.4619
78.95	-3.4617
78.95	-3.4618
78.94	-3.4616
78.94	-3.4616
78.93	-3.4614
78.92	-3.4615
78.92	-3.4615
78.92	-3.4613
78.92	-3.4613
78.92	-3.4615
78.91	-3.4615
78.91	-3.4616
78.91	-3.4616
78.91	-3.4614
78.90	-3.4617
78.90	-3.4613
78.90	-3.4615
78.89	-3.4615
78.89	-3.4615
78.89	-3.4613
78.89	-3.4615
78.89	-3.4612
78.88	-3.4613
78.88	-3.4613
78.88	-3.4611
78.87	-3.4610
78.87	-3.4612
78.87	-3.4609
78.87	-3.4610
78.86	-3.4609
78.86	-3.4610
78.86	-3.4609
78.86	-3.4606
78.86	-3.4606
78.86	-3.4608
78.85	-3.4608
78.85	-3.4607
78.85	-3.4607
78.84	-3.4607
78.84	-3.4606
78.84	-3.4608
78.84	-3.4605
78.83	-3.4607
78.83	-3.4608
78.83	-3.4604
78.83	-3.4605
78.83	-3.4607
78.82	-3.4604
78.82	-3.4605
78.82	-3.4606
78.81	-3.4604
78.81	-3.4603
78.81	-3.4605
78.81	-3.4603
78.80	-3.4606
78.80	-3.4603
78.80	-3.4605
78.80	-3.4603
78.80	-3.4602
78.79	-3.4602
78.79	-3.4601
78.79	-3.4602
78.78	-3.4602
78.78	-3.4601
78.78	-3.4600
78.78	-3.4602
78.77	-3.4600
78.77	-3.4599
78.77	-3.4600
78.77	-3.4599
78.76	-3.4599
78.76	-3.4600
78.76	-3.4599
78.76	-3.4599
78.75	-3.4602
78.75	-3.4598
78.75	-3.4599
78.75	-3.4598
78.74	-3.4600
78.74	-3.4597
78.74	-3.4599
78.74	-3.4599
78.73	-3.4600
78.73	-3.4597
78.73	-3.4597
78.73	-3.4597
78.72	-3.4599
78.72	-3.4597
78.72	-3.4596
78.72	-3.4598
78.72	-3.4597
78.72	-3.4597
78.71	-3.4596
78.71	-3.4598
78.70	-3.4596
78.70	-3.4597
78.70	-3.4598
78.70	-3.4594
78.70	-3.4597
78.70	-3.4595
78.69	-3.4596
78.69	-3.4596
78.68	-3.4595
78.68	-3.4595
78.68	-3.4594
78.67	-3.4595
78.67	-3.4593
78.67	-3.4593
78.67	-3.4591
78.66	-3.4593
78.66	-3.4590
78.66	-3.4590
78.66	-3.4592
78.65	-3.4590
78.65	-3.4591
78.65	-3.4589
78.65	-3.4589
78.65	-3.4591
78.64	-3.4590
78.64	-3.4591
78.64	-3.4589
78.64	-3.4589
78.64	-3.4588
78.64	-3.4589
78.63	-3.4590
78.63	-3.4589
78.63	-3.4587
78.63	-3.4590
78.62	-3.4589
78.62	-3.4588
78.62	-3.4588
78.62	-3.4590
78.62	-3.4589
78.61	-3.4587
78.61	-3.4589
78.60	-3.4588
78.61	-3.4588
78.60	-3.4586
78.60	-3.4585
78.59	-3.4588
78.59	-3.4585
78.59	-3.4586
78.58	-3.4587
78.58	-3.4586
78.58	-3.4589
78.58	-3.4587
78.58	-3.4585
78.58	-3.4585
78.57	-3.4586
78.57	-3.4585
78.57	-3.4585
78.56	-3.4583
78.56	-3.4584
78.56	-3.4581
78.56	-3.4582
78.55	-3.4581
78.55	-3.4581
78.55	-3.4583
78.55	-3.4582
78.55	-3.4582
78.55	-3.4580
78.54	-3.4580
78.54	-3.4580
78.54	-3.4578
78.54	-3.4579
78.53	-3.4579
78.53	-3.4578
78.53	-3.4580
78.52	-3.4575
78.52	-3.4576
78.52	-3.4577
78.51	-3.4577
78.51	-3.4577
78.51	-3.4577
78.50	-3.4577
78.50	-3.4577
78.50	-3.4575
78.50	-3.4576
78.50	-3.4577
78.50	-3.4576
78.50	-3.4576
78.50	-3.4575
78.49	-3.4576
78.49	-3.4576
78.49	-3.4577
78.49	-3.4577
78.49	-3.4578
78.48	-3.4576
78.48	-3.4578
78.48	-3.4575
78.47	-3.4576
78.47	-3.4575
78.46	-3.4575
78.45	-3.4574
78.45	-3.4576
78.45	-3.4573
78.45	-3.4573
78.45	-3.4574
78.45	-3.4573
78.45	-3.4574
78.44	-3.4573
78.44	-3.4573
78.44	-3.4575
78.44	-3.4573
78.44	-3.4572
78.43	-3.4574
78.43	-3.4574
78.43	-3.4574
78.42	-3.4573
78.42	-3.4574
78.42	-3.4572
78.41	-3.4570
78.41	-3.4572
78.41	-3.4572
78.40	-3.4571
78.40	-3.4570
78.39	-3.4570
78.39	-3.4569
78.39	-3.4570
78.39	-3.4570
78.39	-3.4571
78.39	-3.4570
78.39	-3.4567
78.39	-3.4570
78.39	-3.4568
78.38	-3.4569
78.38	-3.4566
78.38	-3.4569
78.37	-3.4567
78.37	-3.4568
78.37	-3.4568
78.37	-3.4567
78.37	-3.4564
78.36	-3.4564
78.36	-3.4563
78.35	-3.4564
78.35	-3.4560
78.35	-3.4560
78.34	-3.4561
78.34	-3.4559
78.34	-3.4560
78.34	-3.4557
78.34	-3.4561
78.34	-3.4559
78.33	-3.4559
78.33	-3.4555
78.33	-3.4552
78.33	-3.4554
78.33	-3.4554
78.32	-3.4554
78.32	-3.4552
78.31	-3.4555
78.31	-3.4555
78.31	-3.4553
78.31	-3.4551
78.30	-3.4551
78.30	-3.4552
78.30	-3.4549
78.30	-3.4551
78.30	-3.4551
78.30	-3.4549
78.29	-3.4549
78.29	-3.4551
78.29	-3.4549
78.28	-3.4549
78.28	-3.4550
78.28	-3.4546
78.28	-3.4545
78.27	-3.4548
78.27	-3.4549
78.27	-3.4546
78.27	-3.4547
78.26	-3.4546
78.26	-3.4547
78.26	-3.4546
78.25	-3.4546
78.25	-3.4547
78.25	-3.4548
78.25	-3.4545
78.25	-3.4545
78.25	-3.4546
78.24	-3.4544
78.24	-3.4545
78.24	-3.4547
78.23	-3.4544
78.23	-3.4545
78.23	-3.4543
78.23	-3.4545
78.23	-3.4546
78.22	-3.4545
78.22	-3.4546
78.22	-3.4546
78.22	-3.4546
78.21	-3.4546
78.21	-3.4545
78.20	-3.4545
78.20	-3.4546
78.20	-3.4546
78.20	-3.4546
78.20	-3.4545
78.19	-3.4545
78.18	-3.4546
78.19	-3.4546
78.18	-3.4545
78.18	-3.4546
78.18	-3.4547
78.18	-3.4546
78.17	-3.4547
78.17	-3.4544
78.17	-3.4545
78.17	-3.4544
78.17	-3.4545
78.17	-3.4544
78.17	-3.4545
78.17	-3.4548
78.16	-3.4546
78.16	-3.4546
78.15	-3.4546
78.15	-3.4545
78.15	-3.4546
78.14	-3.4545
78.14	-3.4546
78.14	-3.4545
78.14	-3.4546
78.14	-3.4544
78.13	-3.4545
78.13	-3.4545
78.13	-3.4543
78.13	-3.4544
78.13	-3.4545
78.12	-3.4544
78.12	-3.4542
78.12	-3.4543
78.12	-3.4543
78.12	-3.4542
78.12	-3.4544
78.11	-3.4542
78.10	-3.4542
78.10	-3.4542
78.09	-3.4542
78.09	-3.4542
78.09	-3.4543
78.09	-3.4540
78.09	-3.4543
78.08	-3.4542
78.08	-3.4542
78.08	-3.4539
78.08	-3.4541
78.08	-3.4539
78.08	-3.4540
78.07	-3.4539
78.07	-3.4537
78.07	-3.4537
78.06	-3.4537
78.06	-3.4536
78.06	-3.4535
78.05	-3.4536
78.05	-3.4536
78.05	-3.4537
78.05	-3.4536
78.04	-3.4536
78.04	-3.4533
78.04	-3.4533
78.03	-3.4532
78.03	-3.4532
78.03	-3.4531
78.03	-3.4530
78.03	-3.4531
78.02	-3.4533
78.02	-3.4530
78.02	-3.4530
78.02	-3.4530
78.01	-3.4528
78.02	-3.4528
78.01	-3.4529
78.01	-3.4527
78.01	-3.4527
78.01	-3.4529
78.00	-3.4525
78.00	-3.4526
78.00	-3.4525
78.00	-3.4523
78.00	-3.4526
77.99	-3.4522
77.99	-3.4524
77.99	-3.4521
77.98	-3.4524
77.98	-3.4522
77.98	-3.4521
77.98	-3.4521
77.97	-3.4520
77.97	-3.4517
77.96	-3.4520
77.96	-3.4519
77.96	-3.4519
77.96	-3.4519
77.96	-3.4518
77.95	-3.4518
77.95	-3.4517
77.95	-3.4514
77.95	-3.4517
77.95	-3.4515
77.95	-3.4516
77.94	-3.4515
77.94	-3.4515
77.93	-3.4515
77.93	-3.4514
77.93	-3.4515
77.93	-3.4513
77.92	-3.4511
77.92	-3.4509
77.92	-3.4509
77.92	-3.4508
77.92	-3.4511
77.91	-3.4507
77.91	-3.4508
77.91	-3.4504
77.91	-3.4505
77.90	-3.4506
77.89	-3.4505
77.89	-3.4503
77.89	-3.4503
77.89	-3.4503
77.89	-3.4503
77.89	-3.4502
77.89	-3.4501
77.88	-3.4500
77.88	-3.4502
77.88	-3.4501
77.87	-3.4500
77.87	-3.4500
77.87	-3.4499
77.86	-3.4501
77.87	-3.4502
77.87	-3.4499
77.86	-3.4502
77.86	-3.4501
77.85	-3.4497
77.85	-3.4499
77.85	-3.4501
77.84	-3.4498
77.84	-3.4500
77.84	-3.4497
77.84	-3.4498
77.84	-3.4498
77.83	-3.4496
77.83	-3.4496
77.83	-3.4497
77.83	-3.4496
77.82	-3.4495
77.82	-3.4493
77.82	-3.4493
77.81	-3.4494
77.81	-3.4492
77.81	-3.4492
77.80	-3.4491
77.80	-3.4493
77.80	-3.4492
77.80	-3.4492
77.80	-3.4492
77.80	-3.4492
77.79	-3.4493
77.79	-3.4491
77.79	-3.4491
77.78	-3.4492
77.78	-3.4491
77.78	-3.4490
77.78	-3.4492
77.78	-3.4488
77.78	-3.4488
77.78	-3.4489
77.77	-3.4488
77.77	-3.4487
77.77	-3.4488
77.77	-3.4486
77.76	-3.4486
77.76	-3.4485
77.76	-3.4485
77.76	-3.4485
77.75	-3.4482
77.75	-3.4482
77.75	-3.4481
77.75	-3.4481
77.75	-3.4480
77.74	-3.4478
77.74	-3.4480
77.73	-3.4478
77.73	-3.4478
77.73	-3.4477
77.73	-3.4477
77.73	-3.4475
77.72	-3.4477
77.72	-3.4476
77.72	-3.4475
77.72	-3.4476
77.71	-3.4475
77.71	-3.4474
77.71	-3.4475
77.71	-3.4474
77.70	-3.4475
77.70	-3.4473
77.70	-3.4475
77.70	-3.4472
77.70	-3.4473
77.70	-3.4474
77.70	-3.4473
77.69	-3.4474
77.68	-3.4474
77.68	-3.4472
77.67	-3.4473
77.67	-3.4472
77.67	-3.4474
77.67	-3.4474
77.67	-3.4474
77.67	-3.4473
77.66	-3.4473
77.66	-3.4473
77.66	-3.4474
77.65	-3.4474
77.65	-3.4474
77.65	-3.4473
77.64	-3.4473
77.64	-3.4472
77.64	-3.4473
77.64	-3.4471
77.64	-3.4470
77.64	-3.4470
77.63	-3.4469
77.63	-3.4470
77.63	-3.4469
77.63	-3.4469
77.63	-3.4467
77.62	-3.4469
77.62	-3.4470
77.62	-3.4467
77.62	-3.4467
77.61	-3.4467
77.61	-3.4466
77.61	-3.4465
77.60	-3.4465
77.60	-3.4465
77.59	-3.4465
77.59	-3.4466
77.59	-3.4463
77.59	-3.4462
77.59	-3.4464
77.59	-3.4461
77.59	-3.4461
77.58	-3.4461
77.58	-3.4460
77.58	-3.4460
77.58	-3.4459
77.58	-3.4456
77.58	-3.4457
77.57	-3.4457
77.57	-3.4456
77.57	-3.4454
77.57	-3.4456
77.56	-3.4454
77.56	-3.4455
77.55	-3.4452
77.55	-3.4455
77.55	-3.4453
77.55	-3.4454
77.54	-3.4451
77.54	-3.4450
77.54	-3.4451
77.53	-3.4452
77.53	-3.4451
77.53	-3.4450
77.53	-3.4451
77.53	-3.4449
77.52	-3.4451
77.52	-3.4449
77.52	-3.4450
77.51	-3.4449
77.51	-3.4450
77.51	-3.4448
77.51	-3.4450
77.50	-3.4449
77.50	-3.4448
77.50	-3.4449
77.49	-3.4446
77.49	-3.4450
77.49	-3.4448
77.48	-3.4449
77.48	-3.4448
77.48	-3.4448
77.48	-3.4450
77.48	-3.4447
77.48	-3.4449
77.47	-3.4445
77.47	-3.4445
77.47	-3.4445
77.47	-3.4443
77.47	-3.4446
77.47	-3.4445
77.46	-3.4445
77.46	-3.4442
77.46	-3.4445
77.45	-3.4444
77.45	-3.4443
77.45	-3.4443
77.44	-3.4445
77.44	-3.4443
77.44	-3.4444
77.44	-3.4444
77.43	-3.4444
77.43	-3.4444
77.43	-3.4444
77.42	-3.4444
77.42	-3.4445
77.42	-3.4445
77.42	-3.4445
77.41	-3.4445
77.41	-3.4444
77.41	-3.4442
77.41	-3.4444
77.41	-3.4444
77.41	-3.4442
77.40	-3.4443
77.40	-3.4445
77.40	-3.4440
77.40	-3.4444
77.39	-3.4444
77.39	-3.4441
77.39	-3.4445
77.39	-3.4442
77.38	-3.4442
77.38	-3.4443
77.38	-3.4442
77.38	-3.4443
77.37	-3.4441
77.37	-3.4444
77.37	-3.4441
77.37	-3.4443
77.36	-3.4441
77.36	-3.4439
77.35	-3.4440
77.35	-3.4439
77.35	-3.4439
77.35	-3.4440
77.34	-3.4438
77.34	-3.4438
77.34	-3.4436
77.34	-3.4436
77.34	-3.4434
77.34	-3.4435
77.33	-3.4434
77.33	-3.4436
77.33	-3.4436
77.33	-3.4436
77.33	-3.4435
77.32	-3.4433
77.32	-3.4434
77.31	-3.4433
77.31	-3.4431
77.31	-3.4432
77.31	-3.4430
77.31	-3.4432
77.30	-3.4430
77.30	-3.4431
77.30	-3.4432
77.30	-3.4430
77.29	-3.4432
77.29	-3.4429
77.28	-3.4432
77.28	-3.4429
77.28	-3.4431
77.28	-3.4430
77.28	-3.4431
77.28	-3.4430
77.28	-3.4431
77.27	-3.4429
77.27	-3.4429
77.26	-3.4430
77.26	-3.4430
77.25	-3.4430
77.25	-3.4429
77.25	-3.4431
77.25	-3.4429
77.25	-3.4430
77.24	-3.4427
77.24	-3.4427
77.24	-3.4429
77.24	-3.4426
77.23	-3.4427
77.23	-3.4427
77.23	-3.4428
77.23	-3.4425
77.23	-3.4426
77.23	-3.4425
77.23	-3.4426
77.22	-3.4425
77.22	-3.4424
77.21	-3.4423
77.21	-3.4424
77.21	-3.4422
77.21	-3.4423
77.21	-3.4424
77.20	-3.4424
77.20	-3.4424
77.20	-3.4423
77.19	-3.4423
77.19	-3.4422
77.19	-3.4424
77.18	-3.4422
77.18	-3.4423
77.18	-3.4423
77.17	-3.4423
77.17	-3.4420
77.17	-3.4422
77.17	-3.4421
77.17	-3.4420
77.17	-3.4421
77.16	-3.4421
77.16	-3.4421
77.16	-3.4418
77.16	-3.4420
77.16	-3.4421
77.15	-3.4418
77.15	-3.4418
77.15	-3.4418
77.15	-3.4420
77.14	-3.4419
77.14	-3.4419
77.14	-3.4416
77.14	-3.4416
77.13	-3.4415
77.13	-3.4417
77.13	-3.4414
77.13	-3.4414
77.12	-3.4416
77.12	-3.4416
77.12	-3.4416
77.12	-3.4414
77.11	-3.4415
77.11	-3.4414
77.10	-3.4415
77.10	-3.4415
77.10	-3.4415
77.10	-3.4414
77.10	-3.4413
77.09	-3.4413
77.09	-3.4415
77.09	-3.4415
77.09	-3.4414
77.08	-3.4413
77.08	-3.4415
77.08	-3.4414
77.08	-3.4413
77.07	-3.4414
77.07	-3.4414
77.06	-3.4413
77.06	-3.4413
77.06	-3.4410
77.05	-3.4411
77.05	-3.4408
77.05	-3.4412
77.05	-3.4409
77.05	-3.4410
77.05	-3.4409
77.05	-3.4408
77.04	-3.4409
77.04	-3.4408
77.04	-3.4408
77.04	-3.4409
77.03	-3.4407
77.03	-3.4408
77.03	-3.4407
77.03	-3.4406
77.03	-3.4404
77.02	-3.4405
77.02	-3.4405
77.02	-3.4405
77.01	-3.4407
77.01	-3.4406
77.01	-3.4405
77.00	-3.4405
77.00	-3.4403
77.00	-3.4404
77.00	-3.4404
76.99	-3.4402
76.99	-3.4404
76.99	-3.4402
76.99	-3.4400
76.99	-3.4401
76.99	-3.4401
76.98	-3.4402
76.98	-3.4401
76.98	-3.4400
76.98	-3.4401
76.97	-3.4401
76.97	-3.4398
76.96	-3.4400
76.96	-3.4399
76.96	-3.4400
76.96	-3.4400
76.95	-3.4401
76.95	-3.4401
76.95	-3.4401
76.95	-3.4399
76.94	-3.4400
76.94	-3.4399
76.94	-3.4401
76.94	-3.4399
76.93	-3.4400
76.93	-3.4400
76.93	-3.4399
76.92	-3.4399
76.92	-3.4400
76.92	-3.4400
76.92	-3.4394
76.92	-3.4399
76.92	-3.4399
76.91	-3.4396
76.91	-3.4400
76.91	-3.4396
76.91	-3.4398
76.91	-3.4398
76.91	-3.4399
76.90	-3.4396
76.89	-3.4396
76.89	-3.4393
76.89	-3.4396
76.89	-3.4395
76.89	-3.4394
76.88	-3.4393
76.88	-3.4391
76.88	-3.4394
76.88	-3.4393
76.88	-3.4393
76.87	-3.4392
76.87	-3.4392
76.87	-3.4392
76.87	-3.4390
76.86	-3.4390
76.86	-3.4391
76.86	-3.4392
76.86	-3.4389
76.86	-3.4390
76.85	-3.4391
76.85	-3.4391
76.85	-3.4390
76.85	-3.4390
76.84	-3.4391
76.84	-3.4391
76.84	-3.4390
76.83	-3.4391
76.83	-3.4389
76.83	-3.4390
76.83	-3.4390
76.83	-3.4390
76.82	-3.4390
76.82	-3.4391
76.82	-3.4387
76.81	-3.4391
76.81	-3.4387
76.80	-3.4389
76.80	-3.4386
76.80	-3.4388
76.80	-3.4387
76.80	-3.4387
76.80	-3.4387
76.80	-3.4387
76.80	-3.4384
76.79	-3.4387
76.79	-3.4388
76.78	-3.4386
76.78	-3.4387
76.78	-3.4385
76.78	-3.4386
76.78	-3.4386
76.77	-3.4385
76.77	-3.4385
76.77	-3.4385
76.77	-3.4385
76.76	-3.4385
76.76	-3.4385
76.76	-3.4385
76.76	-3.4382
76.75	-3.4384
76.75	-3.4384
76.75	-3.4383
76.75	-3.4381
76.74	-3.4382
76.74	-3.4381
76.73	-3.4381
76.73	-3.4383
76.73	-3.4383
76.73	-3.4382
76.73	-3.4381
76.73	-3.4380
76.73	-3.4383
76.73	-3.4384
76.72	-3.4383
76.72	-3.4383
76.71	-3.4383
76.71	-3.4382
76.70	-3.4382
76.70	-3.4381
76.70	-3.4382
76.70	-3.4381
76.70	-3.4382
76.70	-3.4380
76.70	-3.4382
76.70	-3.4380
76.69	-3.4381
76.69	-3.4380
76.68	-3.4380
76.68	-3.4380
76.68	-3.4380
76.67	-3.4377
76.67	-3.4377
76.67	-3.4375
76.67	-3.4376
76.67	-3.4376
76.66	-3.4379
76.66	-3.4377
76.66	-3.4376
76.65	-3.4376
76.65	-3.4376
76.65	-3.4374
76.65	-3.4376
76.64	-3.4376
76.64	-3.4373
76.64	-3.4374
76.64	-3.4375
76.64	-3.4375
76.63	-3.4374
76.63	-3.4374
76.63	-3.4374
76.62	-3.4373
76.62	-3.4372
76.62	-3.4374
76.62	-3.4371
76.61	-3.4372
76.61	-3.4372
76.61	-3.4373
76.61	-3.4370
76.61	-3.4371
76.61	-3.4372
76.60	-3.4369
76.60	-3.4369
76.60	-3.4369
76.59	-3.4367
76.59	-3.4368
76.59	-3.4368
76.59	-3.4367
76.58	-3.4366
76.58	-3.4367
76.58	-3.4366
76.58	-3.4365
76.57	-3.4365
76.57	-3.4364
76.57	-3.4364
76.57	-3.4365
76.57	-3.4364
76.56	-3.4364
76.56	-3.4363
76.55	-3.4362
76.55	-3.4362
76.55	-3.4363
76.55	-3.4361
76.55	-3.4362
76.55	-3.4360
76.54	-3.4361
76.54	-3.4360
76.53	-3.4361
76.53	-3.4361
76.53	-3.4360
76.53	-3.4362
76.53	-3.4361
76.52	-3.4361
76.52	-3.4360
76.52	-3.4362
76.52	-3.4361
76.51	-3.4359
76.51	-3.4359
76.50	-3.4359
76.50	-3.4358
76.50	-3.4358
76.50	-3.4358
76.50	-3.4360
76.50	-3.4358
76.50	-3.4357
76.49	-3.4357
76.49	-3.4357
76.49	-3.4358
76.49	-3.4356
76.48	-3.4356
76.48	-3.4358
76.48	-3.4357
76.48	-3.4359
76.47	-3.4358
76.47	-3.4359
76.46	-3.4355
76.46	-3.4358
76.46	-3.4358
76.46	-3.4358
76.45	-3.4357
76.45	-3.4355
76.45	-3.4356
76.45	-3.4355
76.45	-3.4354
76.45	-3.4356
76.44	-3.4354
76.44	-3.4354
76.44	-3.4354
76.43	-3.4354
76.43	-3.4354
76.43	-3.4356
76.42	-3.4354
76.42	-3.4353
76.42	-3.4353
76.42	-3.4352
76.42	-3.4352
76.41	-3.4355
76.41	-3.4351
76.41	-3.4351
76.41	-3.4351
76.40	-3.4352
76.40	-3.4350
76.40	-3.4352
76.40	-3.4351
76.39	-3.4350
76.39	-3.4348
76.39	-3.4351
76.39	-3.4350
76.38	-3.4348
76.38	-3.4350
76.38	-3.4348
76.38	-3.4350
76.38	-3.4348
76.38	-3.4349
76.37	-3.4349
76.37	-3.4349
76.37	-3.4348
76.36	-3.4349
76.36	-3.4346
76.35	-3.4348
76.35	-3.4346
76.35	-3.4344
76.35	-3.4346
76.34	-3.4343
76.34	-3.4346
76.33	-3.4343
76.33	-3.4344
76.33	-3.4344
76.33	-3.4344
76.33	-3.4344
76.33	-3.4343
76.33	-3.4344
76.33	-3.4342
76.32	-3.4341
76.32	-3.4342
76.31	-3.4341
76.31	-3.4343
76.31	-3.4343
76.31	-3.4342
76.31	-3.4340
76.30	-3.4341
76.30	-3.4342
76.30	-3.4341
76.30	-3.4340
76.29	-3.4342
76.29	-3.4340
76.29	-3.4341
76.28	-3.4340
76.28	-3.4340
76.28	-3.4339
76.28	-3.4339
76.28	-3.4340
76.27	-3.4339
76.27	-3.4339
76.27	-3.4337
76.26	-3.4338
76.26	-3.4338
76.26	-3.4339
76.25	-3.4336
76.25	-3.4338
76.25	-3.4339
76.25	-3.4337
76.25	-3.4338
76.25	-3.4337
76.25	-3.4335
76.25	-3.4334
76.24	-3.4336
76.23	-3.4336
76.23	-3.4335
76.23	-3.4335
76.23	-3.4335
76.23	-3.4334
76.23	-3.4334
76.22	-3.4334
76.22	-3.4336
76.22	-3.4335
76.21	-3.4334
76.21	-3.4333
76.21	-3.4332
76.21	-3.4333
76.20	-3.4334
76.20	-3.4332
76.20	-3.4333
76.20	-3.4330
76.20	-3.4331
76.19	-3.4331
76.19	-3.4331
76.19	-3.4331
76.19	-3.4330
76.18	-3.4331
76.18	-3.4331
76.18	-3.4328
76.17	-3.4331
76.17	-3.4328
76.17	-3.4328
76.17	-3.4328
76.16	-3.4329
76.16	-3.4329
76.16	-3.4328
76.15	-3.4327
76.15	-3.4329
76.15	-3.4327
76.14	-3.4327
76.14	-3.4326
76.14	-3.4325
76.14	-3.4326
76.14	-3.4326
76.13	-3.4324
76.13	-3.4324
76.13	-3.4324
76.13	-3.4324
76.13	-3.4323
76.13	-3.4323
76.13	-3.4324
76.12	-3.4324
76.12	-3.4324
76.12	-3.4322
76.12	-3.4322
76.11	-3.4322
76.11	-3.4321
76.10	-3.4322
76.10	-3.4319
76.09	-3.4321
76.09	-3.4320
76.09	-3.4319
76.09	-3.4320
76.09	-3.4320
76.09	-3.4318
76.08	-3.4319
76.08	-3.4319
76.08	-3.4320
76.08	-3.4319
76.08	-3.4318
76.07	-3.4321
76.08	-3.4317
76.07	-3.4316
76.07	-3.4318
76.06	-3.4316
76.06	-3.4315
76.05	-3.4316
76.05	-3.4314
76.05	-3.4315
76.05	-3.4314
76.05	-3.4316
76.04	-3.4318
76.04	-3.4315
76.04	-3.4315
76.03	-3.4313
76.03	-3.4312
76.03	-3.4313
76.03	-3.4313
76.03	-3.4311
76.02	-3.4311
76.02	-3.4312
76.01	-3.4311
76.01	-3.4310
76.01	-3.4310
76.01	-3.4309
76.01	-3.4310
76.00	-3.4307
76.00	-3.4307
76.00	-3.4308
76.00	-3.4307
76.00	-3.4306
76.00	-3.4306
75.99	-3.4306
75.99	-3.4306
75.98	-3.4306
75.98	-3.4306
75.98	-3.4303
75.98	-3.4305
75.98	-3.4304
75.98	-3.4305
75.98	-3.4305
75.97	-3.4304
75.97	-3.4302
75.97	-3.4305
75.96	-3.4306
75.96	-3.4304
75.96	-3.4303
75.96	-3.4303
75.96	-3.4302
75.95	-3.4303
75.95	-3.4302
75.95	-3.4304
75.94	-3.4301
75.94	-3.4302
75.94	-3.4300
75.94	-3.4301
75.93	-3.4300
75.93	-3.4301
75.93	-3.4302
75.93	-3.4300
75.92	-3.4300
75.92	-3.4301
75.92	-3.4301
75.92	-3.4300
75.92	-3.4300
75.91	-3.4301
75.91	-3.4301
75.91	-3.4301
75.90	-3.4299
75.90	-3.4301
75.89	-3.4299
75.89	-3.4300
75.89	-3.4300
75.89	-3.4300
75.89	-3.4301
75.89	-3.4300
75.89	-3.4299
75.88	-3.4301
75.88	-3.4301
75.88	-3.4299
75.88	-3.4298
75.88	-3.4300
75.88	-3.4298
75.87	-3.4297
75.87	-3.4298
75.87	-3.4296
75.86	-3.4296
75.86	-3.4295
75.85	-3.4296
75.85	-3.4294
75.85	-3.4296
75.84	-3.4294
75.84	-3.4295
75.84	-3.4294
75.84	-3.4293
75.84	-3.4293
75.84	-3.4294
75.83	-3.4294
75.83	-3.4294
75.83	-3.4291
75.83	-3.4294
75.83	-3.4290
75.83	-3.4293
75.82	-3.4289
75.81	-3.4289
75.81	-3.4290
75.81	-3.4290
75.81	-3.4290
75.80	-3.4291
75.80	-3.4290
75.80	-3.4286
75.80	-3.4290
75.80	-3.4288
75.79	-3.4287
75.79	-3.4289
75.79	-3.4289
75.78	-3.4286
75.78	-3.4288
75.78	-3.4289
75.78	-3.4288
75.78	-3.4286
75.78	-3.4287
75.77	-3.4286
75.76	-3.4286
75.76	-3.4285
75.76	-3.4287
75.76	-3.4283
75.76	-3.4285
75.76	-3.4284
75.75	-3.4285
75.75	-3.4285
75.75	-3.4284
75.74	-3.4285
75.74	-3.4283
75.74	-3.4285
75.74	-3.4284
75.74	-3.4285
75.73	-3.4282
75.73	-3.4282
75.73	-3.4283
75.72	-3.4282
75.72	-3.4281
75.71	-3.4282
75.71	-3.4280
75.71	-3.4281
75.71	-3.4281
75.70	-3.4280
75.70	-3.4282
75.70	-3.4281
75.70	-3.4282
75.70	-3.4282
75.70	-3.4282
75.70	-3.4281
75.69	-3.4280
75.69	-3.4281
75.69	-3.4279
75.69	-3.4278
75.68	-3.4279
75.68	-3.4279
75.67	-3.4278
75.67	-3.4277
75.67	-3.4277
75.67	-3.4278
75.67	-3.4278
75.66	-3.4278
75.66	-3.4277
75.66	-3.4275
75.65	-3.4279
75.65	-3.4276
75.65	-3.4275
75.65	-3.4276
75.65	-3.4274
75.65	-3.4273
75.64	-3.4275
75.64	-3.4274
75.64	-3.4276
75.63	-3.4275
75.63	-3.4276
75.63	-3.4274
75.63	-3.4273
75.63	-3.4274
75.62	-3.4269
75.62	-3.4273
75.62	-3.4272
75.61	-3.4270
75.61	-3.4270
75.61	-3.4273
75.61	-3.4270
75.61	-3.4269
75.61	-3.4270
75.60	-3.4270
75.60	-3.4268
75.59	-3.4270
75.59	-3.4266
75.59	-3.4266
75.59	-3.4265
75.59	-3.4267
75.58	-3.4265
75.58	-3.4265
75.58	-3.4263
75.58	-3.4266
75.58	-3.4263
75.57	-3.4264
75.57	-3.4264
75.57	-3.4263
75.57	-3.4261
75.57	-3.4261
75.56	-3.4261
75.56	-3.4264
75.55	-3.4262
75.55	-3.4263
75.55	-3.4260
75.54	-3.4259
75.54	-3.4259
75.54	-3.4260
75.54	-3.4259
75.53	-3.4259
75.53	-3.4257
75.53	-3.4257
75.53	-3.4258
75.53	-3.4258
75.52	-3.4257
75.52	-3.4257
75.52	-3.4257
75.52	-3.4259
75.51	-3.4257
75.51	-3.4256
75.51	-3.4258
75.50	-3.4257
75.50	-3.4256
75.50	-3.4256
75.50	-3.4255
75.50	-3.4257
75.49	-3.4258
75.49	-3.4258
75.48	-3.4256
75.48	-3.4255
75.48	-3.4255
75.48	-3.4256
75.47	-3.4256
75.47	-3.4255
75.47	-3.4257
75.46	-3.4256
75.46	-3.4255
75.46	-3.4255
75.46	-3.4255
75.46	-3.4256
75.46	-3.4256
75.45	-3.4255
75.45	-3.4253
75.45	-3.4254
75.45	-3.4253
75.45	-3.4252
75.44	-3.4252
75.44	-3.4253
75.43	-3.4250
75.43	-3.4253
75.43	-3.4253
75.43	-3.4252
75.42	-3.4252
75.42	-3.4250
75.42	-3.4251
75.42	-3.4252
75.42	-3.4252
75.42	-3.4252
75.42	-3.4252
75.41	-3.4249
75.41	-3.4249
75.40	-3.4251
75.40	-3.4248
75.40	-3.4248
75.40	-3.4250
75.39	-3.4249
75.39	-3.4248
75.39	-3.4247
75.38	-3.4246
75.38	-3.4246
75.38	-3.4246
75.38	-3.4247
75.38	-3.4246
75.38	-3.4248
75.37	-3.4245
75.37	-3.4245
75.37	-3.4244
75.36	-3.4247
75.36	-3.4247
75.36	-3.4244
75.35	-3.4245
75.35	-3.4243
75.34	-3.4245
75.34	-3.4244
75.34	-3.4244
75.34	-3.4245
75.34	-3.4244
75.34	-3.4244
75.34	-3.4243
75.34	-3.4241
75.33	-3.4241
75.33	-3.4239
75.33	-3.4239
75.33	-3.4241
75.33	-3.4240
75.32	-3.4239
75.32	-3.4239
75.31	-3.4238
75.32	-3.4237
75.31	-3.4239
75.31	-3.4237
75.30	-3.4235
75.30	-3.4234
75.30	-3.4234
75.30	-3.4233
75.29	-3.4236
75.29	-3.4235
75.29	-3.4233
75.29	-3.4234
75.28	-3.4233
75.28	-3.4235
75.28	-3.4230
75.28	-3.4232
75.27	-3.4232
75.27	-3.4230
75.27	-3.4231
75.27	-3.4229
75.26	-3.4230
75.26	-3.4230
75.26	-3.4231
75.26	-3.4231
75.25	-3.4229
75.25	-3.4230
75.25	-3.4227
75.24	-3.4229
75.24	-3.4226
75.24	-3.4227
75.24	-3.4225
75.24	-3.4227
75.24	-3.4227
75.23	-3.4226
75.23	-3.4227
75.23	-3.4225
75.23	-3.4224
75.23	-3.4225
75.22	-3.4223
75.22	-3.4221
75.22	-3.4221
75.21	-3.4224
75.21	-3.4221
75.21	-3.4223
75.20	-3.4219
75.20	-3.4219
75.20	-3.4219
75.20	-3.4218
75.20	-3.4219
75.19	-3.4219
75.18	-3.4220
75.18	-3.4219
75.18	-3.4218
75.18	-3.4215
75.17	-3.4216
75.17	-3.4216
75.17	-3.4214
75.17	-3.4216
75.17	-3.4215
75.17	-3.4215
75.17	-3.4215
75.17	-3.4216
75.17	-3.4215
75.16	-3.4213
75.15	-3.4213
75.15	-3.4213
75.15	-3.4213
75.15	-3.4213
75.14	-3.4213
75.14	-3.4213
75.14	-3.4212
75.14	-3.4212
75.14	-3.4211
75.13	-3.4212
75.13	-3.4212
75.13	-3.4214
75.12	-3.4212
75.12	-3.4211
75.12	-3.4213
75.12	-3.4214
75.11	-3.4211
75.11	-3.4213
75.11	-3.4213
75.10	-3.4213
75.10	-3.4213
75.10	-3.4214
75.10	-3.4213
75.10	-3.4212
75.09	-3.4210
75.09	-3.4213
75.09	-3.4212
75.09	-3.4212
75.09	-3.4213
75.08	-3.4212
75.08	-3.4211
75.08	-3.4212
75.08	-3.4211
75.07	-3.4208
75.07	-3.4211
75.07	-3.4210
75.06	-3.4209
75.06	-3.4209
75.06	-3.4209
75.05	-3.4210
75.06	-3.4208
75.06	-3.4208
75.05	-3.4208
75.05	-3.4209
75.05	-3.4207
75.05	-3.4204
75.05	-3.4209
75.04	-3.4206
75.04	-3.4205
75.03	-3.4207
75.03	-3.4206
75.03	-3.4208
75.03	-3.4207
75.03	-3.4204
75.03	-3.4206
75.03	-3.4206
75.03	-3.4206
75.02	-3.4205
75.02	-3.4204
75.01	-3.4205
75.01	-3.4204
75.00	-3.4204
75.00	-3.4201
75.00	-3.4201
75.00	-3.4200
75.00	-3.4200
75.00	-3.4199
75.00	-3.4199
74.99	-3.4198
74.99	-3.4198
74.99	-3.4197
74.98	-3.4198
74.98	-3.4196
74.98	-3.4196
74.97	-3.4195
74.97	-3.4194
74.97	-3.4195
74.96	-3.4195
74.96	-3.4197
74.95	-3.4193
74.95	-3.4193
74.95	-3.4192
74.95	-3.4194
74.95	-3.4193
74.95	-3.4191
74.95	-3.4191
74.94	-3.4192
74.94	-3.4190
74.94	-3.4191
74.94	-3.4191
74.94	-3.4188
74.94	-3.4188
74.93	-3.4189
74.93	-3.4189
74.92	-3.4188
74.92	-3.4187
74.92	-3.4186
74.92	-3.4186
74.91	-3.4188
74.91	-3.4186
74.91	-3.4187
74.90	-3.4186
74.90	-3.4186
74.90	-3.4185
74.89	-3.4184
74.89	-3.4184
74.89	-3.4185
74.89	-3.4184
74.88	-3.4185
74.88	-3.4183
74.88	-3.4184
74.88	-3.4182
74.88	-3.4184
74.88	-3.4184
74.87	-3.4184
74.87	-3.4182
74.87	-3.4180
74.87	-3.4184
74.87	-3.4182
74.87	-3.4182
74.86	-3.4180
74.86	-3.4181
74.85	-3.4180
74.85	-3.4182
74.85	-3.4180
74.85	-3.4181
74.85	-3.4183
74.84	-3.4181
74.84	-3.4182
74.84	-3.4181
74.83	-3.4179
74.83	-3.4181
74.83	-3.4180
74.83	-3.4180
74.82	-3.4179
74.82	-3.4176
74.82	-3.4179
74.82	-3.4180
74.81	-3.4180
74.81	-3.4177
74.81	-3.4176
74.81	-3.4175
74.80	-3.4177
74.80	-3.4175
74.80	-3.4177
74.80	-3.4177
74.80	-3.4177
74.80	-3.4174
74.79	-3.4174
74.79	-3.4175
74.79	-3.4176
74.78	-3.4175
74.78	-3.4175
74.77	-3.4173
74.76	-3.4173
74.76	-3.4173
74.76	-3.4173
74.76	-3.4173
74.76	-3.4172
74.75	-3.4174
74.75	-3.4173
74.75	-3.4172
74.75	-3.4172
74.75	-3.4172
74.75	-3.4171
74.75	-3.4173
74.75	-3.4171
74.74	-3.4171
74.74	-3.4172
74.74	-3.4169
74.73	-3.4171
74.73	-3.4171
74.73	-3.4170
74.73	-3.4170
74.72	-3.4169
74.72	-3.4170
74.72	-3.4170
74.71	-3.4169
74.71	-3.4168
74.71	-3.4169
74.70	-3.4170
74.70	-3.4167
74.70	-3.4169
74.70	-3.4167
74.70	-3.4168
74.70	-3.4168
74.69	-3.4167
74.69	-3.4167
74.69	-3.4170
74.69	-3.4166
74.68	-3.4167
74.68	-3.4166
74.67	-3.4166
74.67	-3.4166
74.67	-3.4166
74.67	-3.4167
74.67	-3.4164
74.66	-3.4165
74.66	-3.4166
74.66	-3.4164
74.66	-3.4165
74.65	-3.4164
74.65	-3.4163
74.65	-3.4164
74.65	-3.4163
74.65	-3.4163
74.64	-3.4161
74.64	-3.4164
74.64	-3.4163
74.64	-3.4161
74.63	-3.4161
74.63	-3.4162
74.63	-3.4160
74.63	-3.4161
74.63	-3.4162
74.62	-3.4161
74.62	-3.4159
74.62	-3.4160
74.62	-3.4161
74.61	-3.4158
74.61	-3.4159
74.61	-3.4160
74.61	-3.4158
74.60	-3.4159
74.59	-3.4159
74.59	-3.4155
74.59	-3.4156
74.59	-3.4157
74.59	-3.4159
74.58	-3.4156
74.58	-3.4157
74.58	-3.4155
74.58	-3.4157
74.58	-3.4157
74.58	-3.4155
74.58	-3.4157
74.57	-3.4155
74.57	-3.4154
74.57	-3.4154
74.56	-3.4155
74.56	-3.4153
74.55	-3.4153
74.55	-3.4153
74.55	-3.4154
74.55	-3.4151
74.55	-3.4154
74.55	-3.4153
74.54	-3.4151
74.54	-3.4152
74.53	-3.4152
74.53	-3.4150
74.53	-3.4152
74.53	-3.4151
74.53	-3.4150
74.52	-3.4150
74.52	-3.4149
74.52	-3.4151
74.51	-3.4149
74.51	-3.4151
74.51	-3.4149
74.51	-3.4150
74.50	-3.4149
74.50	-3.4149
74.50	-3.4148
74.50	-3.4149
74.50	-3.4148
74.50	-3.4147
74.49	-3.4145
74.49	-3.4147
74.48	-3.4147
74.48	-3.4148
74.48	-3.4147
74.47	-3.4148
74.47	-3.4147
74.47	-3.4148
74.47	-3.4148
74.47	-3.4149
74.47	-3.4149
74.47	-3.4148
74.47	-3.4147
74.46	-3.4147
74.45	-3.4148
74.45	-3.4146
74.45	-3.4147
74.45	-3.4147
74.45	-3.4146
74.45	-3.4148
74.45	-3.4145
74.44	-3.4147
74.44	-3.4147
74.43	-3.4145
74.43	-3.4146
74.43	-3.4147
74.43	-3.4145
74.42	-3.4144
74.42	-3.4144
74.42	-3.4144
74.41	-3.4141
74.41	-3.4143
74.41	-3.4142
74.41	-3.4142
74.40	-3.4141
74.40	-3.4141
74.40	-3.4141
74.39	-3.4140
74.39	-3.4142
74.39	-3.4139
74.39	-3.4138
74.39	-3.4138
74.39	-3.4138
74.39	-3.4137
74.38	-3.4137
74.38	-3.4137
74.37	-3.4139
74.37	-3.4136
74.38	-3.4137
74.38	-3.4137
74.37	-3.4135
74.37	-3.4136
74.36	-3.4133
74.36	-3.4134
74.36	-3.4132
74.35	-3.4132
74.35	-3.4131
74.34	-3.4134
74.34	-3.4134
74.34	-3.4133
74.34	-3.4132
74.34	-3.4131
74.33	-3.4132
74.33	-3.4132
74.33	-3.4131
74.33	-3.4132
74.32	-3.4131
74.32	-3.4132
74.32	-3.4129
74.32	-3.4132
74.31	-3.4131
74.31	-3.4130
74.31	-3.4131
74.31	-3.4133
74.30	-3.4133
74.30	-3.4130
74.30	-3.4132
74.30	-3.4129
74.30	-3.4130
74.29	-3.4128
74.29	-3.4130
74.29	-3.4129
74.28	-3.4129
74.28	-3.4129
74.28	-3.4129
74.28	-3.4127
74.28	-3.4129
74.28	-3.4126
74.27	-3.4127
74.27	-3.4126
74.27	-3.4125
74.27	-3.4123
74.27	-3.4124
74.26	-3.4124
74.26	-3.4126
74.26	-3.4123
74.25	-3.4125
74.25	-3.4124
74.25	-3.4125
74.25	-3.4123
74.24	-3.4124
74.24	-3.4122
74.24	-3.4123
74.23	-3.4124
74.23	-3.4123
74.23	-3.4123
74.22	-3.4123
74.22	-3.4123
74.22	-3.4123
74.21	-3.4121
74.21	-3.4122
74.21	-3.4123
74.20	-3.4120
74.20	-3.4121
74.20	-3.4121
74.20	-3.4120
74.20	-3.4120
74.20	-3.4120
74.20	-3.4117
74.20	-3.4119
74.19	-3.4120
74.19	-3.4119
74.19	-3.4119
74.19	-3.4118
74.19	-3.4118
74.18	-3.4116
74.18	-3.4117
74.18	-3.4118
74.17	-3.4117
74.17	-3.4117
74.17	-3.4115
74.17	-3.4116
74.16	-3.4114
74.16	-3.4111
74.16	-3.4112
74.16	-3.4111
74.15	-3.4111
74.15	-3.4112
74.15	-3.4111
74.15	-3.4111
74.14	-3.4110
74.14	-3.4110
74.14	-3.4109
74.14	-3.4109
74.14	-3.4112
74.13	-3.4109
74.13	-3.4108
74.13	-3.4107
74.13	-3.4109
74.12	-3.4107
74.12	-3.4106
74.11	-3.4106
74.11	-3.4106
74.11	-3.4104
74.10	-3.4104
74.10	-3.4105
74.10	-3.4103
74.10	-3.4103
74.10	-3.4103
74.09	-3.4104
74.09	-3.4102
74.09	-3.4101
74.09	-3.4101
74.09	-3.4099
74.09	-3.4101
74.08	-3.4101
74.08	-3.4101
74.08	-3.4101
74.08	-3.4099
74.07	-3.4099
74.07	-3.4098
74.07	-3.4098
74.07	-3.4100
74.07	-3.4097
74.07	-3.4097
74.07	-3.4098
74.06	-3.4098
74.05	-3.4096
74.05	-3.4097
74.05	-3.4096
74.04	-3.4098
74.04	-3.4097
74.04	-3.4095
74.03	-3.4096
74.03	-3.4094
74.03	-3.4094
74.03	-3.4095
74.03	-3.4093
74.03	-3.4093
74.03	-3.4092
74.03	-3.4091
74.02	-3.4093
74.02	-3.4093
74.02	-3.4090
74.02	-3.4091
74.01	-3.4089
74.01	-3.4089
74.00	-3.4088
74.00	-3.4088
74.00	-3.4089
74.00	-3.4085
74.00	-3.4086
73.99	-3.4086
73.99	-3.4084
73.99	-3.4085
73.98	-3.4084
73.98	-3.4086
73.98	-3.4086
73.98	-3.4087
73.97	-3.4084
73.97	-3.4085
73.97	-3.4086
73.97	-3.4083
73.97	-3.4084
73.96	-3.4085
73.96	-3.4084
73.95	-3.4081
73.95	-3.4082
73.95	-3.4083
73.95	-3.4082
73.94	-3.4082
73.94	-3.4083
73.93	-3.4081
73.93	-3.4080
73.93	-3.4080
73.93	-3.4081
73.93	-3.4081
73.92	-3.4083
73.92	-3.4081
73.92	-3.4080
73.92	-3.4080
73.91	-3.4082
73.91	-3.4079
73.91	-3.4081
73.91	-3.4081
73.91	-3.4082
73.90	-3.4080
73.90	-3.4082
73.90	-3.4082
73.90	-3.4080
73.89	-3.4081
73.89	-3.4082
73.89	-3.4084
73.89	-3.4083
73.88	-3.4083
73.88	-3.4082
73.88	-3.4081
73.87	-3.4079
73.87	-3.4081
73.87	-3.4081
73.87	-3.4079
73.87	-3.4081
73.87	-3.4080
73.86	-3.4078
73.86	-3.4079
73.86	-3.4078
73.86	-3.4079
73.85	-3.4079
73.85	-3.4078
73.85	-3.4077
73.84	-3.4079
73.84	-3.4078
73.84	-3.4079
73.84	-3.4078
73.84	-3.4076
73.84	-3.4077
73.84	-3.4078
73.83	-3.4077
73.83	-3.4077
73.82	-3.4077
73.82	-3.4075
73.81	-3.4076
73.81	-3.4074
73.81	-3.4075
73.81	-3.4077
73.81	-3.4077
73.81	-3.4076
73.80	-3.4077
73.80	-3.4076
73.80	-3.4076
73.80	-3.4078
73.79	-3.4077
73.79	-3.4078
73.78	-3.4076
73.78	-3.4077
73.78	-3.4076
73.78	-3.4075
73.78	-3.4075
73.78	-3.4073
73.78	-3.4073
73.77	-3.4075
73.77	-3.4073
73.76	-3.4072
73.76	-3.4072
73.76	-3.4070
73.75	-3.4068
73.75	-3.4071
73.75	-3.4068
73.75	-3.4069
73.75	-3.4069
73.75	-3.4069
73.74	-3.4068
73.74	-3.4069
73.74	-3.4065
73.73	-3.4064
73.73	-3.4064
73.73	-3.4066
73.73	-3.4065
73.73	-3.4065
73.73	-3.4066
73.72	-3.4064
73.72	-3.4064
73.71	-3.4063
73.71	-3.4063
73.71	-3.4063
73.71	-3.4065
73.71	-3.4062
73.71	-3.4062
73.70	-3.4062
73.70	-3.4060
73.70	-3.4060
73.69	-3.4058
73.69	-3.4058
73.69	-3.4059
73.68	-3.4057
73.68	-3.4056
73.68	-3.4058
73.68	-3.4058
73.67	-3.4057
73.67	-3.4057
73.67	-3.4055
73.67	-3.4054
73.67	-3.4055
73.67	-3.4054
73.66	-3.4053
73.66	-3.4053
73.66	-3.4052
73.65	-3.4054
73.65	-3.4052
73.65	-3.4050
73.65	-3.4051
73.64	-3.4050
73.64	-3.4049
73.64	-3.4052
73.63	-3.4050
73.63	-3.4051
73.63	-3.4052
73.62	-3.4051
73.62	-3.4050
73.62	-3.4050
73.61	-3.4050
73.61	-3.4050
73.61	-3.4048
73.61	-3.4050
73.60	-3.4050
73.60	-3.4048
73.60	-3.4051
73.60	-3.4048
73.60	-3.4049
73.59	-3.4048
73.59	-3.4048
73.59	-3.4049
73.59	-3.4048
73.59	-3.4047
73.59	-3.4048
73.58	-3.4046
73.58	-3.4048
73.58	-3.4046
73.57	-3.4043
73.57	-3.4043
73.56	-3.4043
73.56	-3.4046
73.56	-3.4043
73.56	-3.4043
73.56	-3.4042
73.56	-3.4044
73.55	-3.4043
73.55	-3.4042
73.55	-3.4043
73.55	-3.4043
73.55	-3.4043
73.54	-3.4041
73.54	-3.4042
73.54	-3.4042
73.53	-3.4042
73.53	-3.4042
73.53	-3.4042
73.53	-3.4041
73.52	-3.4041
73.52	-3.4039
73.52	-3.4041
73.52	-3.4040
73.51	-3.4039
73.51	-3.4038
73.51	-3.4040
73.50	-3.4037
73.50	-3.4039
73.50	-3.4038
73.50	-3.4039
73.50	-3.4038
73.50	-3.4037
73.50	-3.4038
73.49	-3.4038
73.49	-3.4037
73.48	-3.4038
73.48	-3.4035
73.48	-3.4035
73.48	-3.4035
73.48	-3.4034
73.47	-3.4035
73.47	-3.4033
73.47	-3.4035
73.47	-3.4034
73.47	-3.4032
73.46	-3.4033
73.46	-3.4034
73.46	-3.4034
73.45	-3.4032
73.45	-3.4032
73.45	-3.4032
73.44	-3.4033
73.44	-3.4032
73.44	-3.4030
73.43	-3.4033
73.43	-3.4031
73.43	-3.4032
73.42	-3.4032
73.42	-3.4032
73.42	-3.4031
73.42	-3.4031
73.42	-3.4032
73.42	-3.4030
73.41	-3.4031
73.41	-3.4030
73.41	-3.4031
73.41	-3.4030
73.41	-3.4031
73.41	-3.4029
73.40	-3.4029
73.40	-3.4029
73.39	-3.4029
73.39	-3.4027
73.39	-3.4030
73.39	-3.4026
73.39	-3.4030
73.38	-3.4027
73.38	-3.4029
73.38	-3.4026
73.37	-3.4027
73.37	-3.4026
73.37	-3.4027
73.36	-3.4026
73.36	-3.4026
73.36	-3.4026
73.36	-3.4024
73.36	-3.4024
73.36	-3.4026
73.35	-3.4023
73.35	-3.4022
73.35	-3.4024
73.34	-3.4022
73.34	-3.4022
73.34	-3.4021
73.34	-3.4022
73.34	-3.4021
73.34	-3.4020
73.33	-3.4021
73.33	-3.4020
73.33	-3.4020
73.33	-3.4020
73.32	-3.4019
73.32	-3.4021
73.32	-3.4019
73.31	-3.4019
73.31	-3.4016
73.31	-3.4017
73.30	-3.4018
73.30	-3.4017
73.30	-3.4018
73.30	-3.4013
73.30	-3.4014
73.30	-3.4016
73.30	-3.4016
73.29	-3.4016
73.29	-3.4014
73.29	-3.4014
73.28	-3.4015
73.28	-3.4013
73.28	-3.4015
73.28	-3.4012
73.27	-3.4015
73.27	-3.4014
73.27	-3.4014
73.27	-3.4015
73.26	-3.4015
73.26	-3.4015
73.26	-3.4014
73.26	-3.4014
73.25	-3.4015
73.25	-3.4014
73.25	-3.4016
73.25	-3.4014
73.24	-3.4015
73.24	-3.4014
73.24	-3.4012
73.24	-3.4014
73.24	-3.4012
73.23	-3.4012
73.23	-3.4013
73.23	-3.4012
73.23	-3.4011
73.23	-3.4010
73.22	-3.4011
73.22	-3.4010
73.21	-3.4008
73.21	-3.4008
73.20	-3.4009
73.20	-3.4008
73.20	-3.4008
73.20	-3.4008
73.20	-3.4008
73.20	-3.4007
73.20	-3.4008
73.19	-3.4006
73.19	-3.4003
73.19	-3.4006
73.18	-3.4006
73.18	-3.4004
73.18	-3.4004
73.17	-3.4004
73.17	-3.4004
73.17	-3.4004
73.17	-3.4004
73.17	-3.4002
73.17	-3.4003
73.16	-3.4003
73.16	-3.4003
73.16	-3.4003
73.15	-3.4002
73.15	-3.4002
73.15	-3.3998
73.14	-3.4002
73.14	-3.4002
73.14	-3.4001
73.14	-3.3998
73.13	-3.3999
73.13	-3.3999
73.13	-3.3998
73.13	-3.3997
73.13	-3.3996
73.13	-3.3996
73.12	-3.3994
73.12	-3.3993
73.12	-3.3995
73.11	-3.3994
73.11	-3.3994
73.10	-3.3995
73.10	-3.3994
73.10	-3.3994
73.10	-3.3992
73.10	-3.3994
73.09	-3.3993
73.09	-3.3994
73.09	-3.3995
73.09	-3.3992
73.08	-3.3994
73.08	-3.3993
73.08	-3.3993
73.08	-3.3992
73.08	-3.3993
73.08	-3.3992
73.07	-3.3993
73.07	-3.3992
73.06	-3.3991
73.06	-3.3989
73.06	-3.3990
73.06	-3.3991
73.05	-3.3991
73.05	-3.3992
73.05	-3.3991
73.05	-3.3991
73.05	-3.3988
73.04	-3.3989
73.04	-3.3987
73.04	-3.3987
73.03	-3.3987
73.03	-3.3988
73.03	-3.3988
73.03	-3.3987
73.03	-3.3987
73.03	-3.3987
73.02	-3.3985
73.02	-3.3988
73.01	-3.3986
73.01	-3.3984
73.01	-3.3985
73.01	-3.3984
73.00	-3.3986
73.00	-3.3984
73.00	-3.3984
73.00	-3.3985
73.00	-3.3983
72.99	-3.3982
72.99	-3.3985
72.99	-3.3984
72.99	-3.3984
72.99	-3.3984
72.98	-3.3983
72.98	-3.3984
72.98	-3.3985
72.98	-3.3984
72.97	-3.3983
72.97	-3.3981
72.97	-3.3981
72.96	-3.3983
72.96	-3.3982
72.95	-3.3983
72.95	-3.3983
72.95	-3.3980
72.95	-3.3980
72.95	-3.3981
72.95	-3.3982
72.95	-3.3982
72.95	-3.3981
72.94	-3.3981
72.94	-3.3984
72.94	-3.3982
72.93	-3.3982
72.93	-3.3982
72.93	-3.3982
72.93	-3.3981
72.92	-3.3981
72.92	-3.3981
72.92	-3.3980
72.92	-3.3981
72.92	-3.3981
72.91	-3.3978
72.91	-3.3978
72.90	-3.3979
72.90	-3.3976
72.90	-3.3978
72.89	-3.3978
72.89	-3.3980
72.89	-3.3979
72.89	-3.3978
72.88	-3.3976
72.88	-3.3978
72.88	-3.3976
72.88	-3.3977
72.88	-3.3976
72.87	-3.3975
72.87	-3.3976
72.87	-3.3977
72.87	-3.3975
72.86	-3.3976
72.86	-3.3975
72.86	-3.3977
72.86	-3.3974
72.86	-3.3976
72.85	-3.3974
72.85	-3.3976
72.84	-3.3973
72.84	-3.3976
72.84	-3.3975
72.84	-3.3974
72.84	-3.3975
72.83	-3.3974
72.83	-3.3975
72.83	-3.3975
72.83	-3.3974
72.82	-3.3973
72.82	-3.3972
72.81	-3.3972
72.81	-3.3973
72.81	-3.3973
72.81	-3.3971
72.81	-3.3971
72.81	-3.3971
72.80	-3.3971
72.80	-3.3970
72.80	-3.3971
72.80	-3.3969
72.80	-3.3969
72.80	-3.3968
72.79	-3.3966
72.79	-3.3968
72.79	-3.3967
72.78	-3.3966
72.78	-3.3967
72.78	-3.3967
72.78	-3.3968
72.77	-3.3967
72.77	-3.3967
72.77	-3.3968
72.76	-3.3966
72.76	-3.3967
72.76	-3.3965
72.76	-3.3965
72.75	-3.3965
72.75	-3.3965
72.75	-3.3964
72.75	-3.3964
72.74	-3.3963
72.74	-3.3962
72.74	-3.3963
72.74	-3.3963
72.74	-3.3962
72.73	-3.3962
72.73	-3.3962
72.73	-3.3960
72.73	-3.3962
72.72	-3.3962
72.72	-3.3961
72.72	-3.3964
72.71	-3.3961
72.71	-3.3962
72.71	-3.3962
72.71	-3.3960
72.71	-3.3963
72.71	-3.3963
72.70	-3.3960
72.70	-3.3959
72.70	-3.3960
72.70	-3.3958
72.69	-3.3956
72.69	-3.3961
72.69	-3.3957
72.68	-3.3956
72.67	-3.3957
72.67	-3.3954
72.67	-3.3956
72.67	-3.3955
72.66	-3.3954
72.66	-3.3954
72.66	-3.3956
72.66	-3.3954
72.65	-3.3953
72.65	-3.3956
72.65	-3.3955
72.64	-3.3953
72.64	-3.3953
72.64	-3.3953
72.64	-3.3952
72.64	-3.3953
72.64	-3.3950
72.63	-3.3953
72.63	-3.3951
72.63	-3.3951
72.63	-3.3952
72.63	-3.3951
72.63	-3.3951
72.62	-3.3950
72.62	-3.3950
72.62	-3.3950
72.62	-3.3950
72.61	-3.3949
72.61	-3.3948
72.60	-3.3948
72.60	-3.3947
72.60	-3.3947
72.60	-3.3947
72.59	-3.3946
72.59	-3.3946
72.59	-3.3944
72.58	-3.3944
72.58	-3.3945
72.58	-3.3944
72.58	-3.3942
72.58	-3.3944
72.58	-3.3943
72.57	-3.3944
72.57	-3.3943
72.57	-3.3943
72.57	-3.3941
72.57	-3.3941
72.56	-3.3940
72.56	-3.3939
72.56	-3.3942
72.55	-3.3940
72.55	-3.3939
72.55	-3.3940
72.55	-3.3939
72.54	-3.3939
72.53	-3.3940
72.53	-3.3938
72.53	-3.3938
72.53	-3.3936
72.53	-3.3937
72.53	-3.3936
72.52	-3.3936
72.52	-3.3936
72.52	-3.3934
72.52	-3.3935
72.52	-3.3936
72.51	-3.3932
72.51	-3.3931
72.51	-3.3933
72.51	-3.3933
72.50	-3.3931
72.50	-3.3933
72.50	-3.3932
72.50	-3.3933
72.50	-3.3929
72.49	-3.3932
72.49	-3.3932
72.48	-3.3929
72.48	-3.3932
72.48	-3.3931
72.48	-3.3928
72.48	-3.3930
72.47	-3.3928
72.47	-3.3928
72.47	-3.3928
72.47	-3.3928
72.46	-3.3928
72.46	-3.3928
72.46	-3.3929
72.45	-3.3930
72.45	-3.3929
72.45	-3.3927
72.44	-3.3929
72.44	-3.3927
72.44	-3.3927
72.44	-3.3927
72.44	-3.3928
72.43	-3.3926
72.43	-3.3927
72.42	-3.3927
72.42	-3.3926
72.42	-3.3924
72.42	-3.3926
72.42	-3.3924
72.42	-3.3925
72.41	-3.3923
72.41	-3.3924
72.41	-3.3923
72.41	-3.3923
72.41	-3.3921
72.40	-3.3922
72.40	-3.3921
72.40	-3.3921
72.40	-3.3920
72.39	-3.3922
72.39	-3.3919
72.39	-3.3921
72.39	-3.3920
72.39	-3.3920
72.39	-3.3920
72.38	-3.3920
72.38	-3.3917
72.38	-3.3918
72.38	-3.3919
72.38	-3.3919
72.38	-3.3920
72.37	-3.3919
72.37	-3.3919
72.36	-3.3919
72.36	-3.3916
72.35	-3.3918
72.35	-3.3918
72.35	-3.3918
72.34	-3.3917
72.34	-3.3917
72.34	-3.3915
72.34	-3.3916
72.34	-3.3915
72.34	-3.3913
72.34	-3.3915
72.33	-3.3914
72.33	-3.3916
72.33	-3.3913
72.33	-3.3914
72.33	-3.3915
72.33	-3.3915
72.32	-3.3914
72.32	-3.3913
72.32	-3.3915
72.31	-3.3913
72.31	-3.3912
72.31	-3.3913
72.30	-3.3910
72.30	-3.3913
72.30	-3.3913
72.30	-3.3911
72.29	-3.3911
72.29	-3.3909
72.29	-3.3910
72.28	-3.3910
72.28	-3.3910
72.28	-3.3910
72.28	-3.3912
72.28	-3.3912
72.27	-3.3910
72.27	-3.3909
72.27	-3.3910
72.27	-3.3908
72.26	-3.3910
72.26	-3.3911
72.26	-3.3910
72.26	-3.3910
72.25	-3.3907
72.25	-3.3908
72.25	-3.3908
72.25	-3.3907
72.25	-3.3907
72.24	-3.3908
72.24	-3.3907
72.23	-3.3907
72.23	-3.3907
72.23	-3.3905
72.23	-3.3907
72.22	-3.3906
72.22	-3.3906
72.22	-3.3907
72.22	-3.3906
72.21	-3.3905
72.21	-3.3906
72.21	-3.3907
72.21	-3.3905
72.20	-3.3906
72.20	-3.3904
72.20	-3.3905
72.20	-3.3904
72.20	-3.3904
72.19	-3.3905
72.19	-3.3905
72.19	-3.3903
72.19	-3.3904
72.18	-3.3905
72.18	-3.3902
72.18	-3.3902
72.18	-3.3904
72.17	-3.3902
72.17	-3.3902
72.17	-3.3901
72.17	-3.3902
72.16	-3.3902
72.16	-3.3902
72.15	-3.3901
72.15	-3.3900
72.15	-3.3900
72.14	-3.3900
72.14	-3.3901
72.14	-3.3902
72.14	-3.3901
72.14	-3.3901
72.14	-3.3901
72.13	-3.3902
72.13	-3.3901
72.13	-3.3902
72.13	-3.3900
72.13	-3.3899
72.13	-3.3901
72.13	-3.3899
72.12	-3.3901
72.12	-3.3900
72.11	-3.3900
72.11	-3.3901
72.11	-3.3900
72.10	-3.3899
72.10	-3.3897
72.10	-3.3899
72.09	-3.3899
72.09	-3.3897
72.09	-3.3898
72.09	-3.3899
72.09	-3.3896
72.09	-3.3897
72.08	-3.3897
72.08	-3.3897
72.08	-3.3895
72.08	-3.3895
72.08	-3.3895
72.07	-3.3894
72.06	-3.3894
72.06	-3.3894
72.07	-3.3897
72.06	-3.3894
72.06	-3.3895
72.05	-3.3894
72.05	-3.3893
72.04	-3.3892
72.04	-3.3891
72.04	-3.3892
72.04	-3.3891
72.04	-3.3890
72.04	-3.3889
72.03	-3.3891
72.03	-3.3890
72.03	-3.3890
72.03	-3.3888
72.03	-3.3888
72.03	-3.3889
72.03	-3.3886
72.02	-3.3887
72.02	-3.3888
72.01	-3.3887
72.01	-3.3885
72.01	-3.3885
72.00	-3.3885
72.00	-3.3886
72.00	-3.3887
72.00	-3.3883
72.00	-3.3885
71.99	-3.3882
71.99	-3.3884
71.99	-3.3882
71.99	-3.3882
71.98	-3.3882
71.98	-3.3880
71.98	-3.3880
71.98	-3.3882
71.97	-3.3879
71.97	-3.3880
71.97	-3.3881
71.96	-3.3880
71.96	-3.3878
71.96	-3.3880
71.96	-3.3880
71.95	-3.3878
71.95	-3.3880
71.95	-3.3879
71.95	-3.3880
71.95	-3.3877
71.95	-3.3879
71.94	-3.3877
71.93	-3.3879
71.93	-3.3879
71.93	-3.3877
71.93	-3.3878
71.93	-3.3878
71.93	-3.3878
71.92	-3.3875
71.92	-3.3877
71.92	-3.3875
71.92	-3.3877
71.92	-3.3875
71.91	-3.3876
71.91	-3.3876
71.90	-3.3873
71.90	-3.3875
71.90	-3.3876
71.90	-3.3874
71.89	-3.3875
71.89	-3.3874
71.89	-3.3873
71.89	-3.3874
71.88	-3.3875
71.88	-3.3873
71.88	-3.3875
71.88	-3.3872
71.88	-3.3872
71.88	-3.3872
71.88	-3.3873
71.88	-3.3873
71.87	-3.3871
71.86	-3.3870
71.86	-3.3868
71.85	-3.3871
71.85	-3.3868
71.85	-3.3872
71.84	-3.3870
71.84	-3.3869
71.84	-3.3873
71.84	-3.3870
71.83	-3.3873
71.84	-3.3869
71.84	-3.3869
71.84	-3.3870
71.83	-3.3871
71.83	-3.3870
71.83	-3.3868
71.82	-3.3869
71.82	-3.3869
71.82	-3.3869
71.81	-3.3867
71.81	-3.3866
71.80	-3.3867
71.80	-3.3868
71.80	-3.3868
71.80	-3.3868
71.80	-3.3866
71.80	-3.3867
71.80	-3.3865
71.79	-3.3866
71.79	-3.3867
71.78	-3.3866
71.78	-3.3865
71.78	-3.3866
71.78	-3.3864
71.78	-3.3864
71.77	-3.3863
71.77	-3.3863
71.77	-3.3863
71.77	-3.3861
71.77	-3.3862
71.76	-3.3862
71.76	-3.3861
71.76	-3.3862
71.76	-3.3863
71.75	-3.3861
71.75	-3.3858
71.75	-3.3860
71.75	-3.3858
71.74	-3.3859
71.74	-3.3861
71.74	-3.3858
71.74	-3.3859
71.73	-3.3860
71.73	-3.3858
71.73	-3.3857
71.73	-3.3857
71.72	-3.3857
71.72	-3.3856
71.72	-3.3857
71.71	-3.3856
71.71	-3.3857
71.70	-3.3857
71.70	-3.3856
71.70	-3.3854
71.70	-3.3854
71.70	-3.3854
71.70	-3.3854
71.69	-3.3854
71.69	-3.3854
71.69	-3.3853
71.69	-3.3852
71.68	-3.3854
71.68	-3.3852
71.68	-3.3851
71.67	-3.3851
71.67	-3.3851
71.67	-3.3851
71.67	-3.3851
71.67	-3.3852
71.67	-3.3852
71.67	-3.3851
71.66	-3.3852
71.65	-3.3851
71.65	-3.3850
71.65	-3.3852
71.65	-3.3851
71.64	-3.3849
71.64	-3.3851
71.64	-3.3852
71.64	-3.3851
71.64	-3.3851
71.63	-3.3851
71.63	-3.3851
71.63	-3.3848
71.63	-3.3845
71.63	-3.3847
71.62	-3.3846
71.62	-3.3848
71.62	-3.3847
71.62	-3.3845
71.61	-3.3844
71.61	-3.3845
71.60	-3.3844
71.60	-3.3843
71.60	-3.3843
71.59	-3.3843
71.59	-3.3842
71.59	-3.3842
71.59	-3.3840
71.59	-3.3837
71.59	-3.3839
71.58	-3.3838
71.58	-3.3839
71.58	-3.3839
71.58	-3.3837
71.58	-3.3837
71.58	-3.3835
71.58	-3.3835
71.57	-3.3835
71.57	-3.3836
71.56	-3.3836
71.56	-3.3834
71.56	-3.3835
71.55	-3.3834
71.55	-3.3833
71.55	-3.3832
71.55	-3.3832
71.55	-3.3832
71.54	-3.3833
71.54	-3.3832
71.54	-3.3831
71.53	-3.3833
71.53	-3.3831
71.53	-3.3832
71.53	-3.3831
71.53	-3.3832
71.53	-3.3831
71.53	-3.3830
71.52	-3.3832
71.52	-3.3832
71.52	-3.3831
71.52	-3.3829
71.51	-3.3833
71.51	-3.3833
71.51	-3.3830
71.50	-3.3830
71.50	-3.3828
71.50	-3.3827
71.50	-3.3829
71.50	-3.3828
71.50	-3.3827
71.50	-3.3828
71.49	-3.3825
71.48	-3.3827
71.48	-3.3827
71.48	-3.3826
71.48	-3.3827
71.48	-3.3825
71.47	-3.3826
71.47	-3.3827
71.47	-3.3825
71.46	-3.3825
71.46	-3.3824
71.46	-3.3827
71.45	-3.3824
71.45	-3.3824
71.45	-3.3824
71.45	-3.3824
71.45	-3.3822
71.45	-3.3826
71.44	-3.3823
71.44	-3.3825
71.44	-3.3825
71.44	-3.3825
71.43	-3.3822
71.43	-3.3823
71.43	-3.3823
71.42	-3.3824
71.42	-3.3823
71.42	-3.3824
71.42	-3.3822
71.41	-3.3820
71.41	-3.3823
71.41	-3.3820
71.41	-3.3821
71.40	-3.3822
71.40	-3.3822
71.40	-3.3821
71.39	-3.3821
71.39	-3.3820
71.39	-3.3819
71.39	-3.3821
71.39	-3.3819
71.39	-3.3820
71.38	-3.3818
71.38	-3.3818
71.38	-3.3816
71.37	-3.3816
71.37	-3.3817
71.37	-3.3817
71.37	-3.3817
71.37	-3.3815
71.36	-3.3816
71.36	-3.3813
71.36	-3.3814
71.36	-3.3814
71.35	-3.3813
71.35	-3.3811
71.34	-3.3812
71.34	-3.3812
71.34	-3.3813
71.34	-3.3811
71.34	-3.3811
71.33	-3.3811
71.33	-3.3811
71.33	-3.3812
71.33	-3.3809
71.33	-3.3808
71.32	-3.3810
71.32	-3.3808
71.32	-3.3808
71.31	-3.3806
71.31	-3.3806
71.31	-3.3805
71.31	-3.3805
71.31	-3.3804
71.30	-3.3805
71.30	-3.3803
71.30	-3.3802
71.30	-3.3803
71.29	-3.3805
71.29	-3.3804
71.29	-3.3802
71.29	-3.3802
71.28	-3.3802
71.28	-3.3801
71.28	-3.3802
71.28	-3.3802
71.28	-3.3801
71.27	-3.3799
71.27	-3.3800
71.27	-3.3801
71.26	-3.3800
71.26	-3.3800
71.26	-3.3799
71.25	-3.3797
71.25	-3.3797
71.25	-3.3800
71.25	-3.3798
71.25	-3.3796
71.24	-3.3795
71.24	-3.3797
71.24	-3.3797
71.24	-3.3796
71.23	-3.3795
71.23	-3.3795
71.23	-3.3795
71.22	-3.3794
71.22	-3.3794
71.22	-3.3795
71.21	-3.3793
71.21	-3.3796
71.21	-3.3793
71.20	-3.3794
71.20	-3.3793
71.20	-3.3791
71.20	-3.3792
71.20	-3.3789
71.20	-3.3789
71.20	-3.3789
71.19	-3.3788
71.19	-3.3789
71.19	-3.3789
71.19	-3.3790
71.18	-3.3788
71.18	-3.3787
71.18	-3.3787
71.18	-3.3787
71.17	-3.3785
71.17	-3.3786
71.17	-3.3786
71.16	-3.3786
71.16	-3.3787
71.16	-3.3785
71.16	-3.3787
71.15	-3.3785
71.15	-3.3786
71.15	-3.3786
71.15	-3.3786
71.14	-3.3787
71.14	-3.3787
71.14	-3.3784
71.14	-3.3786
71.13	-3.3783
71.13	-3.3785
71.13	-3.3784
71.13	-3.3783
71.13	-3.3784
71.12	-3.3786
71.12	-3.3782
71.11	-3.3784
71.11	-3.3784
71.11	-3.3783
71.11	-3.3783
71.11	-3.3782
71.11	-3.3781
71.11	-3.3780
71.10	-3.3780
71.09	-3.3779
71.09	-3.3778
71.09	-3.3777
71.09	-3.3778
71.09	-3.3778
71.08	-3.3777
71.08	-3.3775
71.08	-3.3777
71.08	-3.3775
71.08	-3.3776
71.08	-3.3772
71.08	-3.3771
71.08	-3.3772
71.07	-3.3774
71.07	-3.3772
71.06	-3.3770
71.06	-3.3772
71.06	-3.3771
71.05	-3.3770
71.05	-3.3769
71.05	-3.3773
71.05	-3.3771
71.04	-3.3772
71.04	-3.3768
71.03	-3.3767
71.03	-3.3769
71.03	-3.3768
71.03	-3.3768
71.02	-3.3767
71.02	-3.3766
71.02	-3.3767
71.02	-3.3767
71.02	-3.3767
71.02	-3.3767
71.01	-3.3767
71.01	-3.3767
71.00	-3.3767
71.00	-3.3765
71.00	-3.3766
71.00	-3.3767
71.00	-3.3767
70.99	-3.3769
70.99	-3.3765
70.99	-3.3768
70.98	-3.3765
70.98	-3.3765
70.98	-3.3767
70.98	-3.3767
70.98	-3.3767
70.97	-3.3765
70.97	-3.3765
70.97	-3.3765
70.97	-3.3764
70.96	-3.3764
70.96	-3.3765
70.96	-3.3764
70.96	-3.3763
70.95	-3.3763
70.95	-3.3761
70.95	-3.3762
70.95	-3.3763
70.95	-3.3760
70.94	-3.3762
70.94	-3.3762
70.94	-3.3760
70.93	-3.3762
70.93	-3.3761
70.93	-3.3760
70.93	-3.3759
70.93	-3.3761
70.93	-3.3759
70.92	-3.3760
70.92	-3.3757
70.92	-3.3758
70.91	-3.3759
70.91	-3.3759
70.90	-3.3762
70.90	-3.3758
70.90	-3.3759
70.90	-3.3760
70.90	-3.3759
70.90	-3.3757
70.89	-3.3758
70.89	-3.3757
70.88	-3.3757
70.88	-3.3759
70.88	-3.3759
70.88	-3.3758
70.88	-3.3759
70.88	-3.3759
70.88	-3.3759
70.88	-3.3759
70.87	-3.3760
70.87	-3.3757
70.87	-3.3758
70.86	-3.3758
70.86	-3.3757
70.85	-3.3758
70.85	-3.3758
70.85	-3.3759
70.85	-3.3759
70.84	-3.3761
70.84	-3.3759
70.83	-3.3759
70.83	-3.3760
70.83	-3.3759
70.83	-3.3760
70.83	-3.3762
70.83	-3.3762
70.83	-3.3760
70.83	-3.3761
70.82	-3.3762
70.82	-3.3761
70.81	-3.3763
70.81	-3.3760
70.81	-3.3762
70.81	-3.3760
70.81	-3.3761
70.80	-3.3762
70.80	-3.3760
70.80	-3.3760
70.80	-3.3760
70.80	-3.3761
70.80	-3.3762
70.79	-3.3763
70.79	-3.3761
70.78	-3.3761
70.78	-3.3761
70.78	-3.3762
70.78	-3.3761
70.77	-3.3764
70.77	-3.3763
70.77	-3.3763
70.76	-3.3763
70.76	-3.3760
70.76	-3.3761
70.76	-3.3763
70.75	-3.3762
70.75	-3.3762
70.75	-3.3761
70.75	-3.3761
70.74	-3.3762
70.74	-3.3762
70.74	-3.3760
70.74	-3.3761
70.73	-3.3762
70.73	-3.3760
70.73	-3.3759
70.73	-3.3762
70.73	-3.3761
70.72	-3.3763
70.72	-3.3761
70.72	-3.3762
70.72	-3.3762
70.72	-3.3760
70.72	-3.3760
70.71	-3.3760
70.71	-3.3761
70.70	-3.3760
70.70	-3.3762
70.70	-3.3760
70.70	-3.3761
70.70	-3.3760
70.70	-3.3761
70.69	-3.3759
70.69	-3.3761
70.69	-3.3760
70.68	-3.3760
70.68	-3.3760
70.68	-3.3760
70.67	-3.3759
70.67	-3.3760
70.67	-3.3760
70.66	-3.3759
70.66	-3.3760
70.66	-3.3760
70.65	-3.3761
70.65	-3.3757
70.65	-3.3758
70.64	-3.3758
70.64	-3.3759
70.64	-3.3756
70.64	-3.3757
70.64	-3.3756
70.64	-3.3755
70.63	-3.3755
70.63	-3.3755
70.63	-3.3754
70.63	-3.3752
70.63	-3.3753
70.63	-3.3752
70.63	-3.3754
70.63	-3.3751
70.62	-3.3751
70.62	-3.3753
70.62	-3.3752
70.62	-3.3750
70.61	-3.3750
70.61	-3.3751
70.60	-3.3749
70.60	-3.3750
70.59	-3.3749
70.59	-3.3747
70.59	-3.3748
70.59	-3.3748
70.58	-3.3748
70.58	-3.3748
70.58	-3.3746
70.58	-3.3747
70.58	-3.3746
70.58	-3.3748
70.58	-3.3747
70.57	-3.3746
70.57	-3.3745
70.57	-3.3745
70.56	-3.3744
70.56	-3.3744
70.56	-3.3744
70.56	-3.3744
70.56	-3.3742
70.55	-3.3742
70.55	-3.3742
70.55	-3.3743
70.55	-3.3741
70.54	-3.3739
70.54	-3.3742
70.54	-3.3740
70.53	-3.3739
70.53	-3.3740
70.53	-3.3738
70.53	-3.3737
70.53	-3.3738
70.53	-3.3737
70.52	-3.3737
70.52	-3.3738
70.51	-3.3737
70.51	-3.3739
70.51	-3.3735
70.50	-3.3734
70.50	-3.3735
70.50	-3.3734
70.50	-3.3734
70.50	-3.3732
70.50	-3.3731
70.49	-3.3732
70.49	-3.3730
70.48	-3.3731
70.48	-3.3729
70.48	-3.3728
70.48	-3.3729
70.48	-3.3729
70.48	-3.3727
70.47	-3.3729
70.47	-3.3727
70.47	-3.3726
70.47	-3.3727
70.46	-3.3725
70.46	-3.3726
70.45	-3.3724
70.45	-3.3726
70.45	-3.3726
70.45	-3.3725
70.45	-3.3725
70.44	-3.3725
70.44	-3.3722
70.44	-3.3727
70.44	-3.3724
70.44	-3.3724
70.43	-3.3724
70.43	-3.3722
70.43	-3.3722
70.43	-3.3722
70.42	-3.3723
70.42	-3.3721
70.41	-3.3722
70.41	-3.3719
70.41	-3.3720
70.41	-3.3721
70.41	-3.3717
70.41	-3.3718
70.40	-3.3718
70.40	-3.3718
70.39	-3.3718
70.39	-3.3717
70.39	-3.3716
70.39	-3.3715
70.39	-3.3715
70.38	-3.3715
70.38	-3.3714
70.38	-3.3717
70.38	-3.3715
70.37	-3.3712
70.37	-3.3711
70.37	-3.3714
70.37	-3.3709
70.37	-3.3710
70.37	-3.3710
70.36	-3.3711
70.36	-3.3708
70.35	-3.3707
70.35	-3.3709
70.35	-3.3708
70.34	-3.3706
70.34	-3.3707
70.34	-3.3708
70.34	-3.3707
70.33	-3.3707
70.33	-3.3707
70.33	-3.3705
70.33	-3.3705
70.33	-3.3703
70.33	-3.3704
70.32	-3.3705
70.32	-3.3705
70.32	-3.3702
70.32	-3.3703
70.31	-3.3702
70.31	-3.3702
70.31	-3.3702
70.30	-3.3701
70.30	-3.3702
70.30	-3.3700
70.30	-3.3701
70.30	-3.3700
70.30	-3.3699
70.29	-3.3699
70.29	-3.3698
70.28	-3.3699
70.28	-3.3698
70.28	-3.3698
70.28	-3.3698
70.28	-3.3701
70.28	-3.3697
70.28	-3.3698
70.27	-3.3697
70.27	-3.3695
70.27	-3.3697
70.26	-3.3695
70.26	-3.3696
70.26	-3.3696
70.25	-3.3694
70.25	-3.3693
70.25	-3.3695
70.24	-3.3694
70.24	-3.3694
70.24	-3.3694
70.23	-3.3693
70.23	-3.3691
70.23	-3.3692
70.23	-3.3690
70.23	-3.3692
70.22	-3.3690
70.22	-3.3691
70.22	-3.3691
70.22	-3.3690
70.21	-3.3691
70.21	-3.3690
70.20	-3.3689
70.20	-3.3689
70.20	-3.3687
70.20	-3.3688
70.20	-3.3688
70.20	-3.3688
70.20	-3.3688
70.20	-3.3685
70.19	-3.3688
70.19	-3.3688
70.19	-3.3685
70.18	-3.3686
70.18	-3.3685
70.18	-3.3685
70.18	-3.3685
70.17	-3.3684
70.17	-3.3685
70.17	-3.3684
70.17	-3.3684
70.16	-3.3682
70.16	-3.3682
70.15	-3.3681
70.15	-3.3682
70.15	-3.3679
70.15	-3.3682
70.15	-3.3680
70.14	-3.3680
70.14	-3.3680
70.14	-3.3679
70.13	-3.3679
70.13	-3.3677
70.13	-3.3679
70.13	-3.3679
70.13	-3.3676
70.12	-3.3676
70.12	-3.3679
70.12	-3.3675
70.11	-3.3677
70.11	-3.3677
70.11	-3.3677
70.10	-3.3674
70.10	-3.3676
70.10	-3.3675
70.10	-3.3674
70.10	-3.3673
70.09	-3.3674
70.09	-3.3674
70.09	-3.3674
70.09	-3.3674
70.09	-3.3672
70.08	-3.3674
70.08	-3.3673
70.08	-3.3673
70.08	-3.3672
70.08	-3.3671
70.07	-3.3672
70.07	-3.3670
70.07	-3.3669
70.07	-3.3672
70.06	-3.3669
70.06	-3.3668
70.05	-3.3668
70.05	-3.3668
70.05	-3.3667
70.05	-3.3667
70.05	-3.3666
70.04	-3.3667
70.04	-3.3665
70.04	-3.3666
70.04	-3.3665
70.04	-3.3667
70.04	-3.3667
70.04	-3.3665
70.03	-3.3667
70.03	-3.3664
70.03	-3.3664
70.02	-3.3664
70.02	-3.3664
70.01	-3.3664
70.01	-3.3663
70.01	-3.3660
70.00	-3.3661
70.00	-3.3661
70.00	-3.3660
70.00	-3.3658
70.00	-3.3658
69.99	-3.3657
69.99	-3.3657
69.99	-3.3656
69.99	-3.3657
69.99	-3.3658
69.99	-3.3657
69.99	-3.3656
69.98	-3.3655
69.98	-3.3656
69.98	-3.3655
69.98	-3.3654
69.97	-3.3654
69.97	-3.3653
69.96	-3.3652
69.96	-3.3652
69.95	-3.3651
69.95	-3.3652
69.95	-3.3649
69.95	-3.3651
69.95	-3.3649
69.95	-3.3648
69.95	-3.3646
69.94	-3.3645
69.94	-3.3649
69.93	-3.3646
69.93	-3.3644
69.93	-3.3643
69.93	-3.3645
69.93	-3.3644
69.92	-3.3644
69.92	-3.3644
69.92	-3.3642
69.92	-3.3643
69.91	-3.3640
69.91	-3.3639
69.91	-3.3640
69.90	-3.3639
69.89	-3.3638
69.89	-3.3638
69.90	-3.3638
69.89	-3.3636
69.89	-3.3635
69.89	-3.3635
69.89	-3.3635
69.89	-3.3634
69.88	-3.3633
69.88	-3.3634
69.88	-3.3633
69.88	-3.3635
69.88	-3.3631
69.87	-3.3631
69.87	-3.3631
69.87	-3.3630
69.86	-3.3630
69.86	-3.3628
69.86	-3.3628
69.85	-3.3626
69.85	-3.3626
69.84	-3.3627
69.84	-3.3624
69.84	-3.3623
69.84	-3.3625
69.84	-3.3625
69.84	-3.3624
69.83	-3.3622
69.83	-3.3622
69.83	-3.3622
69.83	-3.3621
69.82	-3.3622
69.82	-3.3620
69.82	-3.3620
69.82	-3.3619
69.81	-3.3618
69.81	-3.3620
69.81	-3.3620
69.81	-3.3617
69.81	-3.3617
69.81	-3.3618
69.80	-3.3618
69.80	-3.3618
69.80	-3.3616
69.79	-3.3617
69.79	-3.3615
69.79	-3.3615
69.79	-3.3617
69.78	-3.3616
69.78	-3.3613
69.78	-3.3617
69.78	-3.3616
69.78	-3.3613
69.77	-3.3614
69.77	-3.3613
69.77	-3.3614
69.76	-3.3611
69.76	-3.3611
69.76	-3.3611
69.76	-3.3612
69.75	-3.3611
69.75	-3.3612
69.75	-3.3609
69.74	-3.3610
69.74	-3.3611
69.74	-3.3611
69.73	-3.3611
69.74	-3.3610
69.74	-3.3611
69.73	-3.3611
69.73	-3.3611
69.73	-3.3610
69.72	-3.3610
69.72	-3.3609
69.72	-3.3610
69.72	-3.3610
69.72	-3.3609
69.71	-3.3610
69.71	-3.3609
69.71	-3.3611
69.71	-3.3609
69.70	-3.3610
69.70	-3.3609
69.70	-3.3610
69.70	-3.3610
69.69	-3.3612
69.69	-3.3610
69.69	-3.3611
69.69	-3.3609
69.68	-3.3611
69.68	-3.3609
69.68	-3.3609
69.67	-3.3610
69.67	-3.3610
69.67	-3.3609
69.67	-3.3610
69.66	-3.3609
69.66	-3.3609
69.66	-3.3606
69.66	-3.3609
69.66	-3.3605
69.65	-3.3606
69.65	-3.3605
69.65	-3.3606
69.65	-3.3605
69.64	-3.3603
69.64	-3.3602
69.64	-3.3604
69.64	-3.3602
69.63	-3.3601
69.63	-3.3602
69.63	-3.3601
69.63	-3.3602
69.63	-3.3601
69.63	-3.3602
69.62	-3.3601
69.62	-3.3602
69.62	-3.3602
69.62	-3.3600
69.61	-3.3599
69.61	-3.3599
69.60	-3.3601
69.60	-3.3599
69.60	-3.3599
69.59	-3.3601
69.59	-3.3599
69.59	-3.3597
69.59	-3.3598
69.59	-3.3598
69.59	-3.3599
69.59	-3.3598
69.58	-3.3599
69.58	-3.3597
69.58	-3.3597
69.57	-3.3597
69.57	-3.3599
69.57	-3.3596
69.56	-3.3598
69.56	-3.3597
69.56	-3.3595
69.56	-3.3596
69.55	-3.3598
69.55	-3.3597
69.55	-3.3598
69.55	-3.3595
69.55	-3.3597
69.54	-3.3597
69.54	-3.3595
69.54	-3.3596
69.53	-3.3596
69.53	-3.3594
69.53	-3.3597
69.53	-3.3594
69.53	-3.3596
69.52	-3.3594
69.52	-3.3596
69.52	-3.3594
69.52	-3.3593
69.51	-3.3596
69.51	-3.3595
69.51	-3.3595
69.50	-3.3591
69.50	-3.3595
69.50	-3.3593
69.50	-3.3595
69.50	-3.3592
69.49	-3.3592
69.49	-3.3593
69.49	-3.3593
69.49	-3.3593
69.48	-3.3593
69.48	-3.3591
69.47	-3.3592
69.47	-3.3593
69.47	-3.3593
69.47	-3.3593
69.46	-3.3594
69.46	-3.3593
69.46	-3.3591
69.46	-3.3591
69.46	-3.3592
69.46	-3.3592
69.45	-3.3590
69.45	-3.3592
69.45	-3.3592
69.45	-3.3592
69.44	-3.3593
69.44	-3.3593
69.44	-3.3592
69.44	-3.3591
69.44	-3.3591
69.43	-3.3591
69.43	-3.3592
69.43	-3.3593
69.42	-3.3591
69.42	-3.3591
69.42	-3.3590
69.41	-3.3594
69.41	-3.3592
69.41	-3.3592
69.40	-3.3589
69.40	-3.3590
69.39	-3.3589
69.39	-3.3590
69.39	-3.3587
69.39	-3.3590
69.39	-3.3588
69.39	-3.3589
69.39	-3.3588
69.38	-3.3589
69.38	-3.3588
69.38	-3.3588
69.38	-3.3589
69.37	-3.3591
69.37	-3.3586
69.37	-3.3591
69.37	-3.3587
69.36	-3.3587
69.36	-3.3589
69.35	-3.3587
69.35	-3.3588
69.35	-3.3587
69.34	-3.3586
69.34	-3.3588
69.34	-3.3587
69.34	-3.3588
69.34	-3.3588
69.33	-3.3587
69.33	-3.3587
69.34	-3.3588
69.33	-3.3589
69.33	-3.3588
69.33	-3.3587
69.33	-3.3588
69.33	-3.3588
69.33	-3.3587
69.32	-3.3588
69.32	-3.3588
69.31	-3.3587
69.31	-3.3586
69.31	-3.3585
69.31	-3.3586
69.30	-3.3586
69.30	-3.3585
69.30	-3.3585
69.30	-3.3584
69.29	-3.3583
69.29	-3.3585
69.28	-3.3582
69.28	-3.3584
69.28	-3.3583
69.28	-3.3583
69.28	-3.3582
69.28	-3.3583
69.27	-3.3583
69.27	-3.3582
69.27	-3.3581
69.27	-3.3583
69.26	-3.3582
69.26	-3.3581
69.26	-3.3582
69.25	-3.3582
69.25	-3.3581
69.25	-3.3582
69.25	-3.3582
69.25	-3.3580
69.25	-3.3583
69.24	-3.3580
69.23	-3.3581
69.23	-3.3581
69.23	-3.3581
69.23	-3.3580
69.23	-3.3582
69.22	-3.3582
69.21	-3.3580
69.21	-3.3581
69.22	-3.3581
69.22	-3.3581
69.21	-3.3580
69.21	-3.3581
69.21	-3.3580
69.20	-3.3579
69.20	-3.3579
69.20	-3.3579
69.20	-3.3580
69.20	-3.3577
69.19	-3.3579
69.19	-3.3578
69.18	-3.3577
69.18	-3.3579
69.18	-3.3578
69.18	-3.3578
69.17	-3.3575
69.17	-3.3577
69.17	-3.3576
69.17	-3.3577
69.17	-3.3575
69.17	-3.3573
69.16	-3.3573
69.16	-3.3573
69.16	-3.3573
69.15	-3.3573
69.15	-3.3569
69.15	-3.3573
69.15	-3.3571
69.14	-3.3574
69.14	-3.3570
69.14	-3.3571
69.14	-3.3571
69.14	-3.3569
69.13	-3.3570
69.13	-3.3570
69.13	-3.3569
69.13	-3.3570
69.13	-3.3570
69.12	-3.3567
69.12	-3.3568
69.11	-3.3568
69.11	-3.3569
69.10	-3.3568
69.10	-3.3570
69.10	-3.3568
69.10	-3.3568
69.10	-3.3567
69.09	-3.3566
69.09	-3.3566
69.09	-3.3566
69.09	-3.3566
69.09	-3.3564
69.08	-3.3565
69.08	-3.3564
69.08	-3.3563
69.08	-3.3563
69.08	-3.3563
69.08	-3.3562
69.07	-3.3560
69.07	-3.3560
69.07	-3.3558
69.06	-3.3558
69.06	-3.3557
69.06	-3.3558
69.06	-3.3558
69.05	-3.3556
69.05	-3.3554
69.05	-3.3556
69.05	-3.3552
69.05	-3.3553
69.05	-3.3555
69.04	-3.3552
69.04	-3.3552
69.03	-3.3552
69.03	-3.3552
69.03	-3.3552
69.02	-3.3549
69.02	-3.3550
69.02	-3.3549
69.02	-3.3549
69.01	-3.3546
69.01	-3.3546
69.01	-3.3545
69.01	-3.3545
69.00	-3.3546
69.00	-3.3544
69.00	-3.3547
69.00	-3.3542
68.99	-3.3543
68.99	-3.3545
68.99	-3.3543
68.99	-3.3541
68.98	-3.3541
68.98	-3.3541
68.98	-3.3542
68.98	-3.3539
68.98	-3.3540
68.97	-3.3542
68.97	-3.3539
68.97	-3.3539
68.96	-3.3538
68.96	-3.3538
68.96	-3.3538
68.96	-3.3537
68.96	-3.3536
68.95	-3.3538
68.95	-3.3535
68.94	-3.3538
68.94	-3.3535
68.94	-3.3533
68.94	-3.3534
68.94	-3.3537
68.93	-3.3535
68.93	-3.3535
68.93	-3.3533
68.92	-3.3532
68.92	-3.3533
68.92	-3.3533
68.92	-3.3532
68.92	-3.3532
68.91	-3.3533
68.91	-3.3531
68.91	-3.3532
68.91	-3.3533
68.91	-3.3532
68.90	-3.3532
68.90	-3.3532
68.90	-3.3533
68.89	-3.3533
68.89	-3.3532
68.89	-3.3532
68.89	-3.3531
68.88	-3.3531
68.88	-3.3532
68.88	-3.3531
68.88	-3.3530
68.87	-3.3530
68.87	-3.3529
68.87	-3.3531
68.86	-3.3532
68.86	-3.3530
68.86	-3.3529
68.86	-3.3528
68.86	-3.3532
68.85	-3.3531
68.85	-3.3529
68.85	-3.3530
68.85	-3.3531
68.84	-3.3530
68.84	-3.3531
68.84	-3.3530
68.84	-3.3530
68.84	-3.3530
68.83	-3.3529
68.83	-3.3528
68.83	-3.3531
68.83	-3.3529
68.83	-3.3529
68.82	-3.3529
68.82	-3.3529
68.82	-3.3529
68.81	-3.3529
68.81	-3.3530
68.81	-3.3530
68.81	-3.3530
68.80	-3.3528
68.80	-3.3528
68.80	-3.3528
68.80	-3.3530
68.80	-3.3528
68.80	-3.3527
68.79	-3.3526
68.79	-3.3528
68.78	-3.3529
68.78	-3.3528
68.78	-3.3528
68.78	-3.3526
68.78	-3.3527
68.78	-3.3527
68.78	-3.3524
68.77	-3.3529
68.77	-3.3527
68.76	-3.3528
68.76	-3.3529
68.76	-3.3525
68.75	-3.3523
68.75	-3.3526
68.75	-3.3526
68.75	-3.3525
68.75	-3.3527
68.75	-3.3524
68.74	-3.3524
68.74	-3.3526
68.74	-3.3526
68.74	-3.3525
68.73	-3.3525
68.73	-3.3523
68.73	-3.3522
68.72	-3.3522
68.72	-3.3523
68.71	-3.3520
68.71	-3.3520
68.71	-3.3521
68.70	-3.3520
68.70	-3.3521
68.70	-3.3519
68.70	-3.3517
68.70	-3.3517
68.70	-3.3517
68.69	-3.3518
68.69	-3.3518
68.69	-3.3517
68.69	-3.3517
68.68	-3.3516
68.68	-3.3515
68.68	-3.3514
68.68	-3.3514
68.68	-3.3513
68.67	-3.3515
68.67	-3.3510
68.67	-3.3512
68.67	-3.3512
68.67	-3.3510
68.66	-3.3512
68.66	-3.3513
68.66	-3.3510
68.65	-3.3510
68.65	-3.3509
68.65	-3.3508
68.65	-3.3510
68.64	-3.3508
68.64	-3.3508
68.64	-3.3505
68.64	-3.3508
68.63	-3.3506
68.63	-3.3506
68.63	-3.3505
68.63	-3.3504
68.63	-3.3505
68.62	-3.3503
68.62	-3.3504
68.62	-3.3505
68.61	-3.3502
68.61	-3.3503
68.61	-3.3502
68.60	-3.3500
68.60	-3.3500
68.60	-3.3499
68.60	-3.3499
68.59	-3.3501
68.59	-3.3500
68.59	-3.3500
68.59	-3.3499
68.58	-3.3497
68.58	-3.3498
68.58	-3.3499
68.58	-3.3496
68.58	-3.3495
68.58	-3.3493
68.57	-3.3495
68.57	-3.3493
68.57	-3.3495
68.56	-3.3494
68.56	-3.3493
68.56	-3.3491
68.56	-3.3492
68.55	-3.3492
68.55	-3.3493
68.55	-3.3491
68.55	-3.3493
68.55	-3.3491
68.54	-3.3490
68.54	-3.3490
68.53	-3.3491
68.53	-3.3489
68.53	-3.3490
68.53	-3.3489
68.53	-3.3492
68.53	-3.3488
68.52	-3.3489
68.52	-3.3488
68.51	-3.3488
68.51	-3.3489
68.51	-3.3488
68.50	-3.3487
68.50	-3.3488
68.50	-3.3488
68.50	-3.3485
68.50	-3.3487
68.50	-3.3486
68.50	-3.3485
68.49	-3.3486
68.49	-3.3484
68.49	-3.3483
68.49	-3.3482
68.48	-3.3482
68.48	-3.3482
68.48	-3.3483
68.47	-3.3482
68.47	-3.3480
68.46	-3.3481
68.46	-3.3481
68.46	-3.3479
68.46	-3.3480
68.46	-3.3480
68.46	-3.3479
68.46	-3.3480
68.45	-3.3478
68.45	-3.3478
68.45	-3.3479
68.45	-3.3478
68.45	-3.3480
68.44	-3.3477
68.44	-3.3479
68.43	-3.3477
68.43	-3.3477
68.42	-3.3478
68.42	-3.3476
68.42	-3.3476
68.42	-3.3478
68.42	-3.3478
68.42	-3.3476
68.42	-3.3477
68.41	-3.3476
68.41	-3.3473
68.41	-3.3474
68.40	-3.3475
68.40	-3.3476
68.40	-3.3477
68.39	-3.3473
68.39	-3.3473
68.39	-3.3476
68.39	-3.3476
68.39	-3.3473
68.38	-3.3475
68.38	-3.3474
68.38	-3.3472
68.38	-3.3470
68.38	-3.3470
68.38	-3.3470
68.37	-3.3467
68.37	-3.3469
68.36	-3.3469
68.36	-3.3467
68.36	-3.3467
68.35	-3.3467
68.35	-3.3466
68.34	-3.3467
68.34	-3.3464
68.34	-3.3464
68.34	-3.3465
68.34	-3.3463
68.33	-3.3463
68.33	-3.3464
68.33	-3.3465
68.33	-3.3463
68.33	-3.3464
68.33	-3.3462
68.32	-3.3464
68.32	-3.3462
68.32	-3.3463
68.32	-3.3462
68.31	-3.3461
68.31	-3.3461
68.31	-3.3461
68.31	-3.3462
68.31	-3.3461
68.30	-3.3461
68.30	-3.3462
68.30	-3.3461
68.30	-3.3460
68.30	-3.3461
68.29	-3.3459
68.29	-3.3460
68.28	-3.3460
68.28	-3.3457
68.28	-3.3458
68.28	-3.3458
68.27	-3.3458
68.27	-3.3458
68.27	-3.3457
68.27	-3.3455
68.26	-3.3456
68.26	-3.3454
68.26	-3.3452
68.26	-3.3455
68.25	-3.3454
68.25	-3.3454
68.25	-3.3453
68.25	-3.3454
68.24	-3.3451
68.24	-3.3451
68.24	-3.3451
68.24	-3.3449
68.24	-3.3450
68.24	-3.3449
68.23	-3.3448
68.23	-3.3446
68.22	-3.3448
68.22	-3.3448
68.22	-3.3447
68.22	-3.3448
68.21	-3.3447
68.21	-3.3444
68.20	-3.3444
68.20	-3.3443
68.20	-3.3440
68.20	-3.3441
68.20	-3.3440
68.20	-3.3441
68.19	-3.3441
68.19	-3.3442
68.19	-3.3439
68.19	-3.3442
68.18	-3.3439
68.18	-3.3439
68.18	-3.3438
68.18	-3.3443
68.17	-3.3440
68.17	-3.3440
68.17	-3.3439
68.17	-3.3441
68.17	-3.3440
68.17	-3.3440
68.16	-3.3439
68.16	-3.3440
68.15	-3.3437
68.15	-3.3438
68.14	-3.3438
68.14	-3.3439
68.14	-3.3438
68.14	-3.3439
68.14	-3.3439
68.14	-3.3438
68.13	-3.3438
68.13	-3.3437
68.13	-3.3436
68.13	-3.3436
68.13	-3.3436
68.13	-3.3437
68.12	-3.3437
68.12	-3.3437
68.12	-3.3436
68.12	-3.3435
68.12	-3.3436
68.11	-3.3437
68.11	-3.3434
68.11	-3.3437
68.10	-3.3435
68.10	-3.3435
68.09	-3.3434
68.09	-3.3436
68.09	-3.3435
68.09	-3.3433
68.09	-3.3434
68.08	-3.3433
68.08	-3.3434
68.08	-3.3431
68.08	-3.3432
68.07	-3.3431
68.07	-3.3431
68.07	-3.3429
68.07	-3.3428
68.06	-3.3428
68.06	-3.3428
68.06	-3.3427
68.05	-3.3427
68.05	-3.3427
68.05	-3.3427
68.05	-3.3426
68.05	-3.3424
68.05	-3.3424
68.04	-3.3426
68.04	-3.3426
68.04	-3.3425
68.03	-3.3425
68.03	-3.3426
68.03	-3.3425
68.03	-3.3425
68.02	-3.3425
68.02	-3.3425
68.01	-3.3425
68.01	-3.3425
68.01	-3.3424
68.01	-3.3422
68.01	-3.3424
68.00	-3.3423
68.00	-3.3422
68.00	-3.3420
68.00	-3.3421
67.99	-3.3422
67.99	-3.3420
67.99	-3.3424
67.99	-3.3421
67.98	-3.3420
67.98	-3.3419
67.98	-3.3421
67.97	-3.3421
67.97	-3.3420
67.97	-3.3420
67.97	-3.3421
67.97	-3.3420
67.96	-3.3420
67.96	-3.3419
67.96	-3.3417
67.96	-3.3421
67.96	-3.3418
67.96	-3.3416
67.96	-3.3417
67.95	-3.3417
67.95	-3.3416
67.95	-3.3416
67.94	-3.3416
67.94	-3.3414
67.93	-3.3413
67.93	-3.3415
67.93	-3.3412
67.93	-3.3413
67.93	-3.3414
67.93	-3.3415
67.92	-3.3413
67.92	-3.3412
67.92	-3.3410
67.92	-3.3412
67.92	-3.3408
67.91	-3.3411
67.91	-3.3410
67.90	-3.3411
67.90	-3.3407
67.90	-3.3408
67.89	-3.3408
67.89	-3.3410
67.89	-3.3409
67.89	-3.3408
67.89	-3.3408
67.89	-3.3407
67.89	-3.3407
67.88	-3.3407
67.88	-3.3406
67.88	-3.3407
67.88	-3.3406
67.88	-3.3407
67.88	-3.3407
67.87	-3.3405
67.87	-3.3406
67.86	-3.3406
67.86	-3.3405
67.86	-3.3406
67.85	-3.3406
67.85	-3.3405
67.84	-3.3405
67.84	-3.3405
67.84	-3.3405
67.84	-3.3404
67.84	-3.3403
67.84	-3.3404
67.83	-3.3403
67.83	-3.3403
67.83	-3.3403
67.83	-3.3402
67.82	-3.3401
67.82	-3.3402
67.82	-3.3401
67.82	-3.3402
67.81	-3.3402
67.81	-3.3401
67.81	-3.3399
67.81	-3.3400
67.81	-3.3399
67.80	-3.3399
67.80	-3.3398
67.80	-3.3400
67.79	-3.3400
67.79	-3.3397
67.79	-3.3397
67.79	-3.3395
67.78	-3.3398
67.78	-3.3395
67.78	-3.3396
67.78	-3.3393
67.77	-3.3394
67.77	-3.3394
67.77	-3.3395
67.77	-3.3395
67.76	-3.3394
67.76	-3.3395
67.76	-3.3393
67.76	-3.3394
67.76	-3.3393
67.75	-3.3391
67.75	-3.3394
67.75	-3.3392
67.75	-3.3394
67.74	-3.3392
67.74	-3.3393
67.74	-3.3392
67.73	-3.3390
67.73	-3.3392
67.72	-3.3391
67.72	-3.3392
67.72	-3.3390
67.72	-3.3390
67.72	-3.3390
67.71	-3.3389
67.71	-3.3391
67.71	-3.3388
67.71	-3.3388
67.70	-3.3388
67.70	-3.3390
67.70	-3.3389
67.70	-3.3388
67.69	-3.3389
67.69	-3.3390
67.69	-3.3387
67.69	-3.3389
67.69	-3.3388
67.68	-3.3388
67.68	-3.3390
67.67	-3.3388
67.67	-3.3386
67.67	-3.3387
67.67	-3.3386
67.67	-3.3388
67.67	-3.3385
67.66	-3.3388
67.66	-3.3387
67.66	-3.3385
67.66	-3.3385
67.65	-3.3386
67.65	-3.3385
67.64	-3.3386
67.64	-3.3387
67.64	-3.3385
67.64	-3.3383
67.64	-3.3385
67.63	-3.3383
67.63	-3.3383
67.63	-3.3383
67.63	-3.3382
67.63	-3.3382
67.63	-3.3381
67.62	-3.3378
67.62	-3.3379
67.62	-3.3380
67.62	-3.3378
67.61	-3.3378
67.61	-3.3378
67.61	-3.3379
67.60	-3.3377
67.60	-3.3376
67.60	-3.3379
67.60	-3.3376
67.60	-3.3376
67.60	-3.3376
67.59	-3.3376
67.59	-3.3371
67.58	-3.3373
67.58	-3.3376
67.58	-3.3373
67.58	-3.3372
67.58	-3.3373
67.57	-3.3373
67.57	-3.3372
67.56	-3.3370
67.56	-3.3370
67.56	-3.3371
67.56	-3.3371
67.56	-3.3369
67.56	-3.3370
67.55	-3.3368
67.55	-3.3368
67.54	-3.3366
67.54	-3.3367
67.54	-3.3368
67.54	-3.3367
67.53	-3.3367
67.53	-3.3368
67.53	-3.3369
67.53	-3.3368
67.53	-3.3368
67.53	-3.3368
67.52	-3.3367
67.52	-3.3365
67.52	-3.3365
67.51	-3.3363
67.51	-3.3364
67.51	-3.3365
67.50	-3.3365
67.50	-3.3364
67.50	-3.3364
67.50	-3.3364
67.50	-3.3363
67.50	-3.3362
67.49	-3.3363
67.49	-3.3362
67.49	-3.3364
67.49	-3.3363
67.48	-3.3363
67.48	-3.3361
67.47	-3.3363
67.47	-3.3359
67.47	-3.3363
67.47	-3.3361
67.46	-3.3362
67.46	-3.3362
67.46	-3.3363
67.46	-3.3362
67.45	-3.3364
67.45	-3.3362
67.45	-3.3364
67.45	-3.3362
67.44	-3.3364
67.44	-3.3364
67.44	-3.3362
67.44	-3.3363
67.44	-3.3365
67.43	-3.3362
67.43	-3.3365
67.43	-3.3363
67.42	-3.3366
67.42	-3.3364
67.42	-3.3364
67.42	-3.3365
67.42	-3.3365
67.42	-3.3364
67.41	-3.3364
67.41	-3.3364
67.41	-3.3364
67.40	-3.3365
67.40	-3.3365
67.39	-3.3364
67.39	-3.3365
67.39	-3.3364
67.39	-3.3365
67.38	-3.3362
67.38	-3.3363
67.38	-3.3363
67.38	-3.3362
67.38	-3.3363
67.38	-3.3362
67.37	-3.3362
67.37	-3.3364
67.37	-3.3360
67.37	-3.3362
67.37	-3.3360
67.36	-3.3359
67.36	-3.3361
67.36	-3.3358
67.35	-3.3357
67.35	-3.3357
67.35	-3.3358
67.35	-3.3357
67.35	-3.3358
67.34	-3.3360
67.34	-3.3355
67.34	-3.3357
67.33	-3.3353
67.33	-3.3353
67.33	-3.3354
67.33	-3.3353
67.32	-3.3352
67.32	-3.3353
67.32	-3.3349
67.32	-3.3351
67.31	-3.3351
67.31	-3.3351
67.31	-3.3348
67.31	-3.3349
67.31	-3.3351
67.30	-3.3349
67.30	-3.3347
67.30	-3.3346
67.30	-3.3347
67.29	-3.3346
67.28	-3.3345
67.28	-3.3344
67.28	-3.3345
67.28	-3.3343
67.28	-3.3344
67.27	-3.3344
67.27	-3.3342
67.27	-3.3343
67.27	-3.3342
67.27	-3.3344
67.26	-3.3343
67.26	-3.3342
67.26	-3.3341
67.25	-3.3341
67.25	-3.3342
67.25	-3.3341
67.25	-3.3342
67.25	-3.3341
67.25	-3.3341
67.25	-3.3342
67.24	-3.3340
67.23	-3.3341
67.23	-3.3339
67.23	-3.3339
67.23	-3.3338
67.22	-3.3338
67.22	-3.3338
67.22	-3.3336
67.22	-3.3338
67.22	-3.3336
67.21	-3.3337
67.21	-3.3335
67.21	-3.3337
67.21	-3.3336
67.20	-3.3335
67.20	-3.3335
67.20	-3.3336
67.20	-3.3336
67.19	-3.3335
67.19	-3.3334
67.19	-3.3335
67.18	-3.3334
67.18	-3.3334
67.18	-3.3336
67.18	-3.3335
67.17	-3.3335
67.17	-3.3334
67.17	-3.3335
67.17	-3.3334
67.17	-3.3333
67.17	-3.3335
67.17	-3.3334
67.16	-3.3335
67.16	-3.3333
67.15	-3.3333
67.15	-3.3332
67.15	-3.3334
67.14	-3.3332
67.14	-3.3331
67.14	-3.3331
67.14	-3.3333
67.14	-3.3333
67.14	-3.3331
67.13	-3.3331
67.13	-3.3330
67.13	-3.3329
67.13	-3.3329
67.12	-3.3328
67.12	-3.3329
67.12	-3.3329
67.11	-3.3328
67.11	-3.3329
67.11	-3.3328
67.10	-3.3328
67.10	-3.3328
67.10	-3.3325
67.10	-3.3326
67.09	-3.3325
67.09	-3.3323
67.09	-3.3325
67.09	-3.3323
67.08	-3.3324
67.08	-3.3324
67.08	-3.3322
67.08	-3.3325
67.08	-3.3325
67.08	-3.3323
67.07	-3.3322
67.07	-3.3323
67.07	-3.3322
67.07	-3.3320
67.06	-3.3324
67.06	-3.3321
67.06	-3.3320
67.06	-3.3321
67.06	-3.3321
67.05	-3.3320
67.05	-3.3319
67.05	-3.3319
67.05	-3.3319
67.04	-3.3317
67.05	-3.3317
67.04	-3.3317
67.04	-3.3317
67.04	-3.3319
67.03	-3.3318
67.03	-3.3318
67.03	-3.3315
67.02	-3.3315
67.02	-3.3315
67.02	-3.3314
67.02	-3.3316
67.01	-3.3315
67.01	-3.3314
67.01	-3.3317
67.00	-3.3313
67.00	-3.3314
67.00	-3.3315
67.00	-3.3314
67.00	-3.3315
67.00	-3.3313
66.99	-3.3312
66.99	-3.3312
66.99	-3.3312
66.99	-3.3312
66.98	-3.3311
66.98	-3.3311
66.98	-3.3311
66.97	-3.3311
66.97	-3.3309
66.97	-3.3310
66.97	-3.3310
66.96	-3.3310
66.96	-3.3310
66.95	-3.3310
66.95	-3.3309
66.95	-3.3308
66.95	-3.3308
66.95	-3.3309
66.94	-3.3309
66.94	-3.3305
66.93	-3.3309
66.93	-3.3306
66.93	-3.3305
66.93	-3.3305
66.93	-3.3303
66.92	-3.3304
66.92	-3.3302
66.92	-3.3304
66.92	-3.3304
66.92	-3.3303
66.91	-3.3302
66.91	-3.3303
66.91	-3.3304
66.91	-3.3302
66.90	-3.3302
66.90	-3.3299
66.90	-3.3300
66.89	-3.3302
66.89	-3.3299
66.89	-3.3298
66.89	-3.3297
66.88	-3.3298
66.88	-3.3298
66.88	-3.3298
66.88	-3.3295
66.88	-3.3297
66.88	-3.3299
66.87	-3.3296
66.87	-3.3298
66.87	-3.3298
66.87	-3.3295
66.87	-3.3294
66.86	-3.3294
66.86	-3.3298
66.86	-3.3295
66.85	-3.3295
66.85	-3.3295
66.85	-3.3296
66.84	-3.3294
66.84	-3.3296
66.84	-3.3295
66.83	-3.3294
66.83	-3.3295
66.83	-3.3292
66.83	-3.3293
66.83	-3.3294
66.83	-3.3293
66.82	-3.3294
66.82	-3.3294
66.82	-3.3291
66.81	-3.3291
66.81	-3.3290
66.81	-3.3293
66.81	-3.3292
66.80	-3.3289
66.80	-3.3290
66.80	-3.3291
66.80	-3.3292
66.80	-3.3289
66.79	-3.3290
66.79	-3.3290
66.79	-3.3290
66.78	-3.3288
66.78	-3.3289
66.78	-3.3288
66.78	-3.3289
66.78	-3.3289
66.78	-3.3289
66.77	-3.3287
66.77	-3.3287
66.77	-3.3287
66.77	-3.3289
66.76	-3.3287
66.76	-3.3288
66.76	-3.3289
66.75	-3.3285
66.75	-3.3287
66.75	-3.3286
66.75	-3.3286
66.74	-3.3286
66.74	-3.3288
66.74	-3.3286
66.74	-3.3286
66.74	-3.3289
66.73	-3.3287
66.73	-3.3288
66.73	-3.3287
66.72	-3.3286
66.72	-3.3288
66.72	-3.3287
66.71	-3.3288
66.71	-3.3287
66.71	-3.3284
66.70	-3.3285
66.70	-3.3283
66.70	-3.3284
66.70	-3.3282
66.70	-3.3284
66.70	-3.3283
66.69	-3.3282
66.69	-3.3282
66.69	-3.3283
66.69	-3.3283
66.69	-3.3282
66.69	-3.3282
66.68	-3.3282
66.68	-3.3281
66.67	-3.3282
66.67	-3.3281
66.67	-3.3280
66.67	-3.3280
66.67	-3.3278
66.67	-3.3277
66.66	-3.3278
66.66	-3.3278
66.66	-3.3277
66.65	-3.3280
66.65	-3.3276
66.65	-3.3276
66.65	-3.3275
66.64	-3.3275
66.64	-3.3276
66.64	-3.3276
66.64	-3.3273
66.63	-3.3272
66.63	-3.3274
66.63	-3.3272
66.63	-3.3274
66.63	-3.3274
66.63	-3.3271
66.63	-3.3272
66.63	-3.3271
66.63	-3.3270
66.63	-3.3271
66.63	-3.3270
66.63	-3.3270
66.62	-3.3269
66.61	-3.3267
66.60	-3.3267
66.60	-3.3266
66.59	-3.3267
66.59	-3.3265
66.58	-3.3266
66.58	-3.3264
66.58	-3.3266
66.58	-3.3265
66.58	-3.3265
66.58	-3.3265
66.58	-3.3264
66.57	-3.3263
66.57	-3.3265
66.56	-3.3265
66.56	-3.3265
66.56	-3.3263
66.56	-3.3262
66.55	-3.3260
66.55	-3.3260
66.55	-3.3260
66.55	-3.3259
66.55	-3.3260
66.54	-3.3258
66.54	-3.3260
66.53	-3.3256
66.53	-3.3258
66.53	-3.3257
66.53	-3.3256
66.53	-3.3255
66.53	-3.3258
66.53	-3.3256
66.52	-3.3256
66.52	-3.3257
66.52	-3.3257
66.51	-3.3256
66.51	-3.3255
66.51	-3.3258
66.51	-3.3255
66.50	-3.3257
66.50	-3.3255
66.50	-3.3256
66.49	-3.3254
66.49	-3.3253
66.49	-3.3254
66.49	-3.3255
66.48	-3.3254
66.48	-3.3254
66.48	-3.3255
66.48	-3.3254
66.48	-3.3252
66.47	-3.3254
66.47	-3.3253
66.46	-3.3252
66.46	-3.3253
66.46	-3.3252
66.46	-3.3251
66.45	-3.3252
66.45	-3.3252
66.45	-3.3250
66.45	-3.3250
66.45	-3.3251
66.44	-3.3248
66.44	-3.3249
66.44	-3.3250
66.43	-3.3248
66.43	-3.3251
66.43	-3.3250
66.43	-3.3249
66.43	-3.3251
66.42	-3.3249
66.42	-3.3251
66.42	-3.3249
66.42	-3.3249
66.42	-3.3248
66.42	-3.3250
66.41	-3.3248
66.41	-3.3250
66.40	-3.3248
66.40	-3.3247
66.39	-3.3246
66.39	-3.3246
66.39	-3.3246
66.39	-3.3247
66.39	-3.3249
66.39	-3.3246
66.39	-3.3246
66.39	-3.3246
66.38	-3.3247
66.38	-3.3246
66.38	-3.3246
66.37	-3.3248
66.37	-3.3245
66.37	-3.3246
66.37	-3.3246
66.36	-3.3246
66.36	-3.3244
66.36	-3.3245
66.35	-3.3245
66.35	-3.3243
66.35	-3.3244
66.34	-3.3243
66.34	-3.3245
66.34	-3.3245
66.34	-3.3245
66.34	-3.3244
66.33	-3.3245
66.33	-3.3244
66.33	-3.3241
66.33	-3.3244
66.32	-3.3244
66.32	-3.3244
66.32	-3.3243
66.31	-3.3241
66.31	-3.3243
66.31	-3.3241
66.31	-3.3243
66.31	-3.3241
66.30	-3.3241
66.30	-3.3242
66.30	-3.3242
66.30	-3.3240
66.30	-3.3241
66.29	-3.3242
66.29	-3.3239
66.29	-3.3241
66.28	-3.3239
66.28	-3.3240
66.28	-3.3238
66.28	-3.3238
66.28	-3.3238
66.27	-3.3237
66.27	-3.3235
66.27	-3.3234
66.26	-3.3234
66.26	-3.3234
66.26	-3.3233
66.25	-3.3234
66.25	-3.3232
66.25	-3.3232
66.25	-3.3231
66.25	-3.3232
66.25	-3.3233
66.24	-3.3231
66.24	-3.3231
66.24	-3.3230
66.23	-3.3231
66.23	-3.3231
66.22	-3.3232
66.22	-3.3229
66.22	-3.3231
66.22	-3.3231
66.22	-3.3231
66.22	-3.3232
66.22	-3.3231
66.21	-3.3231
66.21	-3.3231
66.21	-3.3229
66.20	-3.3230
66.20	-3.3230
66.20	-3.3230
66.20	-3.3228
66.19	-3.3227
66.19	-3.3227
66.19	-3.3226
66.19	-3.3230
66.18	-3.3230
66.18	-3.3227
66.18	-3.3228
66.17	-3.3227
66.17	-3.3227
66.17	-3.3227
66.17	-3.3228
66.17	-3.3228
66.17	-3.3225
66.17	-3.3226
66.16	-3.3226
66.16	-3.3226
66.16	-3.3225
66.15	-3.3225
66.15	-3.3223
66.16	-3.3225
66.15	-3.3225
66.15	-3.3225
66.14	-3.3225
66.14	-3.3221
66.14	-3.3222
66.14	-3.3222
66.14	-3.3222
66.13	-3.3219
66.13	-3.3223
66.13	-3.3221
66.13	-3.3221
66.12	-3.3222
66.12	-3.3222
66.12	-3.3221
66.11	-3.3221
66.11	-3.3220
66.11	-3.3220
66.10	-3.3220
66.10	-3.3220
66.10	-3.3219
66.10	-3.3220
66.10	-3.3218
66.09	-3.3219
66.09	-3.3221
66.09	-3.3219
66.08	-3.3219
66.08	-3.3219
66.08	-3.3219
66.08	-3.3220
66.08	-3.3216
66.08	-3.3219
66.07	-3.3217
66.07	-3.3217
66.07	-3.3216
66.06	-3.3217
66.06	-3.3215
66.06	-3.3216
66.06	-3.3215
66.06	-3.3216
66.05	-3.3214
66.05	-3.3214
66.05	-3.3215
66.05	-3.3214
66.04	-3.3213
66.04	-3.3213
66.03	-3.3214
66.03	-3.3213
66.03	-3.3211
66.03	-3.3213
66.03	-3.3212
66.03	-3.3213
66.02	-3.3211
66.02	-3.3211
66.01	-3.3212
66.01	-3.3211
66.01	-3.3210
66.01	-3.3213
66.01	-3.3210
66.00	-3.3208
66.00	-3.3210
66.00	-3.3211
66.00	-3.3209
65.99	-3.3211
65.99	-3.3208
65.99	-3.3210
65.98	-3.3209
65.98	-3.3210
65.98	-3.3209
65.97	-3.3209
65.97	-3.3208
65.97	-3.3208
65.97	-3.3208
65.97	-3.3208
65.97	-3.3210
65.96	-3.3207
65.96	-3.3208
65.96	-3.3205
65.95	-3.3205
65.95	-3.3209
65.95	-3.3204
65.95	-3.3205
65.95	-3.3202
65.94	-3.3205
65.94	-3.3205
65.94	-3.3203
65.93	-3.3204
65.93	-3.3204
65.93	-3.3203
65.93	-3.3201
65.92	-3.3201
65.92	-3.3203
65.92	-3.3201
65.92	-3.3200
65.91	-3.3200
65.91	-3.3199
65.91	-3.3200
65.90	-3.3200
65.90	-3.3198
65.90	-3.3202
65.90	-3.3200
65.90	-3.3197
65.90	-3.3198
65.89	-3.3197
65.89	-3.3200
65.89	-3.3198
65.88	-3.3197
65.88	-3.3199
65.88	-3.3198
65.88	-3.3197
65.88	-3.3197
65.88	-3.3196
65.87	-3.3198
65.87	-3.3197
65.87	-3.3196
65.86	-3.3196
65.86	-3.3197
65.86	-3.3196
65.86	-3.3197
65.85	-3.3194
65.85	-3.3194
65.85	-3.3193
65.85	-3.3195
65.84	-3.3194
65.84	-3.3194
65.83	-3.3195
65.83	-3.3193
65.83	-3.3192
65.83	-3.3192
65.83	-3.3191
65.82	-3.3193
65.82	-3.3190
65.82	-3.3192
65.82	-3.3189
65.82	-3.3192
65.81	-3.3190
65.81	-3.3192
65.81	-3.3189
65.81	-3.3188
65.80	-3.3190
65.80	-3.3192
65.80	-3.3187
65.80	-3.3186
65.80	-3.3188
65.79	-3.3187
65.79	-3.3185
65.79	-3.3185
65.78	-3.3187
65.78	-3.3186
65.78	-3.3187
65.78	-3.3185
65.78	-3.3186
65.78	-3.3185
65.77	-3.3187
65.77	-3.3185
65.76	-3.3184
65.76	-3.3185
65.76	-3.3183
65.75	-3.3183
65.75	-3.3181
65.75	-3.3182
65.75	-3.3182
65.74	-3.3181
65.74	-3.3181
65.74	-3.3182
65.74	-3.3182
65.74	-3.3180
65.73	-3.3180
65.73	-3.3179
65.73	-3.3180
65.72	-3.3179
65.72	-3.3178
65.72	-3.3175
65.72	-3.3177
65.72	-3.3176
65.72	-3.3175
65.71	-3.3177
65.70	-3.3178
65.70	-3.3176
65.70	-3.3177
65.70	-3.3175
65.70	-3.3176
65.70	-3.3174
65.70	-3.3174
65.69	-3.3176
65.69	-3.3173
65.68	-3.3173
65.68	-3.3175
65.68	-3.3174
65.68	-3.3177
65.67	-3.3175
65.67	-3.3175
65.67	-3.3172
65.67	-3.3173
65.67	-3.3173
65.67	-3.3174
65.67	-3.3172
65.66	-3.3172
65.66	-3.3173
65.65	-3.3172
65.65	-3.3172
65.65	-3.3172
65.64	-3.3170
65.64	-3.3169
65.64	-3.3170
65.63	-3.3169
65.63	-3.3170
65.63	-3.3168
65.63	-3.3166
65.63	-3.3168
65.63	-3.3166
65.62	-3.3167
65.62	-3.3166
65.62	-3.3165
65.62	-3.3165
65.61	-3.3165
65.61	-3.3164
65.61	-3.3163
65.60	-3.3162
65.60	-3.3163
65.60	-3.3162
65.59	-3.3162
65.59	-3.3162
65.59	-3.3163
65.59	-3.3162
65.59	-3.3161
65.58	-3.3163
65.58	-3.3162
65.58	-3.3161
65.58	-3.3161
65.58	-3.3161
65.57	-3.3162
65.57	-3.3160
65.57	-3.3161
65.57	-3.3161
65.56	-3.3162
65.55	-3.3160
65.55	-3.3160
65.55	-3.3161
65.55	-3.3162
65.55	-3.3161
65.55	-3.3162
65.55	-3.3164
65.54	-3.3163
65.54	-3.3162
65.54	-3.3163
65.53	-3.3164
65.53	-3.3162
65.53	-3.3162
65.53	-3.3164
65.53	-3.3163
65.53	-3.3161
65.52	-3.3160
65.52	-3.3161
65.52	-3.3162
65.51	-3.3159
65.51	-3.3161
65.51	-3.3161
65.51	-3.3162
65.51	-3.3160
65.50	-3.3160
65.50	-3.3160
65.50	-3.3159
65.50	-3.3159
65.49	-3.3159
65.49	-3.3159
65.48	-3.3157
65.48	-3.3156
65.48	-3.3156
65.48	-3.3156
65.47	-3.3155
65.47	-3.3155
65.47	-3.3155
65.47	-3.3157
65.47	-3.3155
65.46	-3.3155
65.46	-3.3154
65.45	-3.3153
65.45	-3.3155
65.45	-3.3154
65.45	-3.3152
65.45	-3.3153
65.45	-3.3151
65.44	-3.3152
65.44	-3.3151
65.44	-3.3150
65.44	-3.3149
65.43	-3.3148
65.42	-3.3147
65.42	-3.3147
65.42	-3.3143
65.42	-3.3144
65.42	-3.3144
65.42	-3.3143
65.42	-3.3144
65.42	-3.3143
65.41	-3.3141
65.41	-3.3139
65.41	-3.3142
65.41	-3.3140
65.40	-3.3139
65.40	-3.3139
65.39	-3.3139
65.39	-3.3138
65.39	-3.3138
65.39	-3.3138
65.38	-3.3137
65.38	-3.3136
65.38	-3.3135
65.38	-3.3136
65.38	-3.3135
65.37	-3.3135
65.37	-3.3135
65.37	-3.3135
65.36	-3.3134
65.36	-3.3135
65.36	-3.3133
65.36	-3.3132
65.35	-3.3133
65.35	-3.3134
65.35	-3.3134
65.35	-3.3133
65.34	-3.3134
65.34	-3.3133
65.34	-3.3133
65.34	-3.3133
65.34	-3.3134
65.34	-3.3134
65.34	-3.3132
65.33	-3.3133
65.33	-3.3133
65.33	-3.3133
65.32	-3.3132
65.32	-3.3133
65.32	-3.3133
65.32	-3.3132
65.31	-3.3131
65.31	-3.3132
65.31	-3.3130
65.30	-3.3130
65.30	-3.3129
65.30	-3.3130
65.30	-3.3130
65.30	-3.3129
65.29	-3.3128
65.29	-3.3129
65.29	-3.3127
65.29	-3.3129
65.28	-3.3130
65.28	-3.3128
65.28	-3.3126
65.28	-3.3127
65.28	-3.3127
65.27	-3.3127
65.27	-3.3128
65.27	-3.3128
65.27	-3.3128
65.26	-3.3124
65.26	-3.3124
65.26	-3.3124
65.25	-3.3125
65.25	-3.3126
65.25	-3.3125
65.25	-3.3125
65.24	-3.3125
65.24	-3.3124
65.24	-3.3125
65.24	-3.3124
65.23	-3.3123
65.23	-3.3122
65.23	-3.3122
65.23	-3.3123
65.23	-3.3121
65.22	-3.3121
65.22	-3.3122
65.22	-3.3120
65.22	-3.3120
65.21	-3.3121
65.21	-3.3121
65.20	-3.3121
65.20	-3.3117
65.20	-3.3120
65.20	-3.3119
65.20	-3.3119
65.20	-3.3118
65.19	-3.3119
65.19	-3.3118
65.18	-3.3118
65.18	-3.3117
65.18	-3.3116
65.18	-3.3115
65.18	-3.3118
65.17	-3.3115
65.17	-3.3115
65.17	-3.3117
65.16	-3.3116
65.16	-3.3116
65.16	-3.3115
65.16	-3.3116
65.16	-3.3115
65.16	-3.3115
65.15	-3.3115
65.15	-3.3115
65.14	-3.3114
65.14	-3.3115
65.14	-3.3114
65.14	-3.3114
65.14	-3.3113
65.13	-3.3114
65.13	-3.3115
65.13	-3.3114
65.12	-3.3114
65.12	-3.3113
65.12	-3.3114
65.12	-3.3114
65.12	-3.3113
65.11	-3.3114
65.11	-3.3115
65.11	-3.3113
65.11	-3.3114
65.11	-3.3112
65.11	-3.3111
65.10	-3.3110
65.10	-3.3113
65.10	-3.3112
65.09	-3.3110
65.09	-3.3110
65.09	-3.3108
65.09	-3.3111
65.08	-3.3109
65.08	-3.3109
65.08	-3.3110
65.07	-3.3109
65.07	-3.3107
65.07	-3.3108
65.07	-3.3105
65.06	-3.3106
65.06	-3.3107
65.06	-3.3106
65.06	-3.3105
65.05	-3.3104
65.05	-3.3107
65.05	-3.3105
65.05	-3.3105
65.05	-3.3105
65.04	-3.3105
65.04	-3.3102
65.04	-3.3103
65.03	-3.3105
65.03	-3.3104
65.03	-3.3103
65.03	-3.3102
65.03	-3.3103
65.02	-3.3104
65.02	-3.3102
65.01	-3.3101
65.01	-3.3101
65.01	-3.3103
65.01	-3.3103
65.01	-3.3101
65.01	-3.3103
65.00	-3.3101
65.00	-3.3101
65.00	-3.3102
65.00	-3.3100
65.00	-3.3102
64.99	-3.3101
64.99	-3.3102
64.99	-3.3102
64.98	-3.3102
64.98	-3.3101
64.97	-3.3101
64.97	-3.3100
64.97	-3.3101
64.97	-3.3101
64.97	-3.3100
64.96	-3.3102
64.96	-3.3099
64.96	-3.3101
64.96	-3.3100
64.95	-3.3101
64.95	-3.3101
64.95	-3.3100
64.95	-3.3102
64.94	-3.3100
64.94	-3.3099
64.94	-3.3098
64.94	-3.3100
64.93	-3.3100
64.93	-3.3099
64.92	-3.3099
64.92	-3.3098
64.92	-3.3098
64.92	-3.3100
64.92	-3.3099
64.91	-3.3100
64.91	-3.3098
64.91	-3.3099
64.91	-3.3099
64.91	-3.3098
64.91	-3.3098
64.90	-3.3098
64.90	-3.3097
64.89	-3.3097
64.89	-3.3095
64.89	-3.3095
64.88	-3.3094
64.88	-3.3093
64.88	-3.3095
64.88	-3.3091
64.88	-3.3093
64.88	-3.3092
64.87	-3.3092
64.87	-3.3092
64.87	-3.3092
64.86	-3.3091
64.86	-3.3090
64.86	-3.3089
64.86	-3.3089
64.86	-3.3088
64.85	-3.3090
64.85	-3.3087
64.84	-3.3086
64.84	-3.3084
64.84	-3.3085
64.84	-3.3083
64.84	-3.3083
64.84	-3.3085
64.84	-3.3078
64.83	-3.3082
64.83	-3.3080
64.83	-3.3078
64.83	-3.3078
64.82	-3.3079
64.82	-3.3079
64.82	-3.3075
64.81	-3.3074
64.81	-3.3074
64.80	-3.3073
64.80	-3.3072
64.80	-3.3074
64.80	-3.3073
64.80	-3.3072
64.80	-3.3069
64.79	-3.3069
64.79	-3.3069
64.79	-3.3068
64.79	-3.3070
64.79	-3.3067
64.78	-3.3068
64.78	-3.3065
64.78	-3.3067
64.78	-3.3065
64.78	-3.3066
64.77	-3.3066
64.77	-3.3064
64.76	-3.3064
64.76	-3.3063
64.76	-3.3062
64.75	-3.3062
64.75	-3.3062
64.75	-3.3061
64.75	-3.3063
64.75	-3.3061
64.74	-3.3061
64.74	-3.3060
64.74	-3.3059
64.74	-3.3059
64.74	-3.3060
64.73	-3.3059
64.73	-3.3059
64.72	-3.3057
64.72	-3.3059
64.72	-3.3058
64.71	-3.3057
64.71	-3.3058
64.71	-3.3056
64.71	-3.3057
64.70	-3.3058
64.70	-3.3055
64.70	-3.3056
64.70	-3.3055
64.70	-3.3056
64.70	-3.3058
64.70	-3.3054
64.69	-3.3057
64.69	-3.3055
64.69	-3.3056
64.68	-3.3056
64.68	-3.3057
64.68	-3.3056
64.68	-3.3056
64.67	-3.3057
64.67	-3.3056
64.67	-3.3055
64.67	-3.3055
64.66	-3.3056
64.66	-3.3056
64.66	-3.3055
64.65	-3.3056
64.65	-3.3055
64.65	-3.3054
64.64	-3.3054
64.64	-3.3055
64.64	-3.3056
64.64	-3.3054
64.64	-3.3054
64.64	-3.3053
64.63	-3.3054
64.63	-3.3053
64.63	-3.3054
64.63	-3.3050
64.62	-3.3053
64.62	-3.3055
64.62	-3.3051
64.62	-3.3054
64.62	-3.3054
64.61	-3.3053
64.61	-3.3050
64.61	-3.3050
64.61	-3.3054
64.60	-3.3050
64.60	-3.3052
64.59	-3.3050
64.59	-3.3050
64.59	-3.3048
64.59	-3.3050
64.58	-3.3048
64.58	-3.3047
64.58	-3.3049
64.58	-3.3049
64.57	-3.3047
64.57	-3.3046
64.57	-3.3047
64.56	-3.3049
64.56	-3.3046
64.56	-3.3049
64.56	-3.3049
64.55	-3.3048
64.55	-3.3048
64.55	-3.3047
64.55	-3.3048
64.55	-3.3047
64.55	-3.3046
64.54	-3.3048
64.54	-3.3048
64.53	-3.3048
64.53	-3.3047
64.53	-3.3047
64.53	-3.3047
64.52	-3.3048
64.52	-3.3049
64.52	-3.3048
64.52	-3.3048
64.51	-3.3049
64.51	-3.3048
64.51	-3.3049
64.51	-3.3048
64.50	-3.3049
64.50	-3.3047
64.50	-3.3048
64.50	-3.3050
64.50	-3.3048
64.49	-3.3046
64.49	-3.3048
64.48	-3.3048
64.48	-3.3049
64.48	-3.3047
64.48	-3.3048
64.48	-3.3046
64.47	-3.3047
64.47	-3.3046
64.47	-3.3046
64.47	-3.3046
64.47	-3.3045
64.47	-3.3045
64.46	-3.3045
64.46	-3.3045
64.46	-3.3045
64.45	-3.3046
64.45	-3.3045
64.45	-3.3045
64.44	-3.3047
64.44	-3.3045
64.44	-3.3044
64.44	-3.3045
64.44	-3.3045
64.44	-3.3043
64.43	-3.3043
64.43	-3.3043
64.43	-3.3042
64.42	-3.3043
64.42	-3.3043
64.42	-3.3042
64.42	-3.3043
64.41	-3.3043
64.41	-3.3044
64.41	-3.3047
64.40	-3.3042
64.40	-3.3043
64.40	-3.3041
64.39	-3.3042
64.39	-3.3042
64.39	-3.3042
64.39	-3.3044
64.39	-3.3043
64.39	-3.3041
64.39	-3.3041
64.38	-3.3042
64.38	-3.3042
64.38	-3.3041
64.38	-3.3040
64.38	-3.3040
64.38	-3.3042
64.38	-3.3041
64.37	-3.3040
64.37	-3.3039
64.36	-3.3041
64.36	-3.3039
64.36	-3.3040
64.36	-3.3040
64.35	-3.3039
64.35	-3.3040
64.34	-3.3038
64.34	-3.3039
64.34	-3.3040
64.33	-3.3038
64.33	-3.3040
64.33	-3.3040
64.33	-3.3041
64.33	-3.3040
64.33	-3.3039
64.33	-3.3040
64.32	-3.3040
64.32	-3.3040
64.32	-3.3038
64.32	-3.3038
64.31	-3.3041
64.30	-3.3038
64.30	-3.3041
64.30	-3.3039
64.30	-3.3038
64.30	-3.3038
64.30	-3.3038
64.30	-3.3038
64.30	-3.3037
64.29	-3.3037
64.29	-3.3037
64.29	-3.3037
64.29	-3.3038
64.28	-3.3037
64.28	-3.3035
64.28	-3.3037
64.27	-3.3036
64.27	-3.3037
64.27	-3.3037
64.26	-3.3034
64.26	-3.3036
64.25	-3.3035
64.25	-3.3034
64.25	-3.3034
64.25	-3.3033
64.25	-3.3036
64.25	-3.3035
64.25	-3.3033
64.24	-3.3033
64.24	-3.3034
64.24	-3.3032
64.23	-3.3033
64.23	-3.3030
64.23	-3.3030
64.23	-3.3031
64.23	-3.3029
64.22	-3.3029
64.22	-3.3030
64.22	-3.3031
64.22	-3.3029
64.22	-3.3030
64.22	-3.3028
64.22	-3.3032
64.21	-3.3029
64.21	-3.3026
64.20	-3.3029
64.20	-3.3028
64.20	-3.3028
64.19	-3.3027
64.19	-3.3029
64.18	-3.3026
64.18	-3.3025
64.18	-3.3027
64.18	-3.3027
64.18	-3.3027
64.17	-3.3026
64.17	-3.3026
64.17	-3.3024
64.17	-3.3023
64.17	-3.3023
64.16	-3.3022
64.16	-3.3023
64.16	-3.3021
64.16	-3.3021
64.15	-3.3021
64.15	-3.3019
64.15	-3.3020
64.14	-3.3018
64.14	-3.3019
64.14	-3.3020
64.14	-3.3017
64.14	-3.3018
64.13	-3.3016
64.13	-3.3016
64.13	-3.3019
64.12	-3.3016
64.12	-3.3016
64.12	-3.3013
64.12	-3.3013
64.11	-3.3013
64.11	-3.3015
64.11	-3.3015
64.11	-3.3014
64.10	-3.3010
64.10	-3.3015
64.10	-3.3012
64.10	-3.3010
64.09	-3.3011
64.09	-3.3012
64.09	-3.3011
64.09	-3.3010
64.09	-3.3010
64.08	-3.3012
64.08	-3.3009
64.08	-3.3011
64.07	-3.3010
64.07	-3.3011
64.07	-3.3010
64.07	-3.3009
64.07	-3.3009
64.06	-3.3007
64.06	-3.3008
64.06	-3.3007
64.05	-3.3006
64.05	-3.3007
64.05	-3.3006
64.05	-3.3005
64.05	-3.3007
64.05	-3.3006
64.04	-3.3007
64.04	-3.3003
64.03	-3.3004
64.03	-3.3003
64.03	-3.3004
64.02	-3.3005
64.02	-3.3004
64.02	-3.3004
64.02	-3.3004
64.02	-3.3002
64.02	-3.3004
64.02	-3.3004
64.01	-3.3002
64.01	-3.3001
64.01	-3.3001
64.00	-3.3001
64.00	-3.3001
64.00	-3.3001
64.00	-3.3001
64.00	-3.3000
63.99	-3.3001
63.99	-3.3001
63.98	-3.3000
63.98	-3.3001
63.98	-3.3001
63.98	-3.2999
63.98	-3.3000
63.97	-3.3001
63.97	-3.2999
63.97	-3.3000
63.97	-3.3000
63.97	-3.2998
63.96	-3.2997
63.96	-3.2999
63.95	-3.2999
63.95	-3.2997
63.95	-3.2998
63.95	-3.2998
63.95	-3.2999
63.95	-3.2996
63.94	-3.2999
63.94	-3.2996
63.94	-3.2997
63.93	-3.2996
63.93	-3.2996
63.93	-3.2997
63.92	-3.2996
63.92	-3.2997
63.92	-3.2996
63.93	-3.2997
63.92	-3.2993
63.92	-3.2997
63.91	-3.2994
63.91	-3.2995
63.91	-3.2996
63.90	-3.2994
63.90	-3.2995
63.89	-3.2993
63.89	-3.2993
63.89	-3.2993
63.89	-3.2991
63.89	-3.2994
63.89	-3.2994
63.88	-3.2991
63.88	-3.2991
63.88	-3.2989
63.88	-3.2991
63.88	-3.2991
63.87	-3.2990
63.87	-3.2990
63.87	-3.2988
63.87	-3.2988
63.86	-3.2985
63.86	-3.2986
63.86	-3.2986
63.85	-3.2984
63.85	-3.2984
63.85	-3.2985
63.84	-3.2984
63.84	-3.2984
63.84	-3.2982
63.84	-3.2983
63.84	-3.2982
63.84	-3.2982
63.83	-3.2983
63.83	-3.2980
63.83	-3.2981
63.82	-3.2979
63.82	-3.2983
63.82	-3.2981
63.81	-3.2980
63.81	-3.2979
63.81	-3.2981
63.81	-3.2979
63.80	-3.2979
63.80	-3.2977
63.80	-3.2978
63.80	-3.2975
63.79	-3.2978
63.79	-3.2977
63.79	-3.2977
63.79	-3.2976
63.79	-3.2978
63.78	-3.2976
63.78	-3.2976
63.77	-3.2975
63.77	-3.2975
63.77	-3.2975
63.77	-3.2974
63.77	-3.2977
63.77	-3.2976
63.77	-3.2975
63.76	-3.2975
63.76	-3.2974
63.76	-3.2975
63.75	-3.2973
63.75	-3.2974
63.75	-3.2974
63.75	-3.2972
63.75	-3.2973
63.74	-3.2974
63.74	-3.2971
63.73	-3.2975
63.73	-3.2972
63.73	-3.2972
63.73	-3.2972
63.73	-3.2970
63.73	-3.2970
63.73	-3.2970
63.72	-3.2971
63.71	-3.2972
63.71	-3.2971
63.71	-3.2967
63.71	-3.2969
63.71	-3.2972
63.70	-3.2968
63.70	-3.2968
63.69	-3.2969
63.69	-3.2966
63.69	-3.2965
63.69	-3.2966
63.69	-3.2963
63.68	-3.2963
63.68	-3.2964
63.68	-3.2963
63.68	-3.2964
63.68	-3.2963
63.68	-3.2962
63.68	-3.2962
63.68	-3.2962
63.67	-3.2962
63.67	-3.2963
63.67	-3.2959
63.66	-3.2961
63.65	-3.2960
63.65	-3.2959
63.65	-3.2960
63.65	-3.2958
63.65	-3.2958
63.65	-3.2956
63.64	-3.2959
63.64	-3.2956
63.63	-3.2957
63.63	-3.2956
63.63	-3.2955
63.63	-3.2954
63.63	-3.2954
63.62	-3.2952
63.62	-3.2954
63.62	-3.2954
63.62	-3.2952
63.62	-3.2953
63.61	-3.2950
63.61	-3.2953
63.60	-3.2952
63.60	-3.2950
63.60	-3.2950
63.60	-3.2951
63.59	-3.2952
63.59	-3.2951
63.59	-3.2950
63.59	-3.2949
63.58	-3.2948
63.58	-3.2946
63.58	-3.2949
63.57	-3.2947
63.57	-3.2948
63.57	-3.2947
63.57	-3.2946
63.56	-3.2947
63.56	-3.2945
63.56	-3.2944
63.56	-3.2946
63.55	-3.2943
63.55	-3.2944
63.55	-3.2942
63.55	-3.2942
63.55	-3.2941
63.55	-3.2941
63.54	-3.2942
63.54	-3.2942
63.54	-3.2939
63.53	-3.2942
63.53	-3.2941
63.53	-3.2939
63.53	-3.2940
63.53	-3.2941
63.52	-3.2939
63.52	-3.2942
63.52	-3.2940
63.52	-3.2938
63.52	-3.2940
63.51	-3.2938
63.51	-3.2939
63.51	-3.2938
63.51	-3.2939
63.50	-3.2939
63.50	-3.2936
63.50	-3.2936
63.50	-3.2937
63.50	-3.2937
63.49	-3.2936
63.49	-3.2937
63.48	-3.2936
63.48	-3.2937
63.48	-3.2936
63.48	-3.2935
63.48	-3.2936
63.48	-3.2936
63.48	-3.2935
63.48	-3.2935
63.47	-3.2934
63.47	-3.2933
63.47	-3.2931
63.47	-3.2933
63.46	-3.2933
63.45	-3.2933
63.45	-3.2933
63.45	-3.2933
63.45	-3.2932
63.45	-3.2933
63.44	-3.2933
63.44	-3.2934
63.44	-3.2933
63.43	-3.2931
63.43	-3.2932
63.43	-3.2931
63.43	-3.2932
63.43	-3.2930
63.42	-3.2932
63.42	-3.2931
63.42	-3.2930
63.42	-3.2930
63.41	-3.2927
63.41	-3.2929
63.41	-3.2928
63.41	-3.2928
63.41	-3.2928
63.41	-3.2927
63.40	-3.2926
63.40	-3.2926
63.40	-3.2925
63.39	-3.2926
63.39	-3.2925
63.39	-3.2922
63.38	-3.2923
63.38	-3.2920
63.38	-3.2922
63.38	-3.2921
63.37	-3.2921
63.37	-3.2919
63.37	-3.2921
63.37	-3.2917
63.36	-3.2919
63.36	-3.2918
63.35	-3.2916
63.35	-3.2918
63.35	-3.2916
63.35	-3.2917
63.35	-3.2916
63.35	-3.2915
63.34	-3.2915
63.34	-3.2914
63.34	-3.2916
63.33	-3.2914
63.33	-3.2916
63.33	-3.2914
63.33	-3.2915
63.32	-3.2912
63.32	-3.2912
63.32	-3.2915
63.31	-3.2913
63.31	-3.2914
63.31	-3.2913
63.30	-3.2912
63.30	-3.2912
63.30	-3.2910
63.30	-3.2910
63.30	-3.2913
63.29	-3.2913
63.29	-3.2911
63.29	-3.2911
63.29	-3.2910
63.29	-3.2910
63.29	-3.2909
63.29	-3.2908
63.28	-3.2907
63.28	-3.2906
63.28	-3.2907
63.27	-3.2903
63.27	-3.2907
63.27	-3.2905
63.27	-3.2905
63.27	-3.2905
63.26	-3.2905
63.26	-3.2904
63.26	-3.2905
63.25	-3.2906
63.25	-3.2903
63.25	-3.2903
63.25	-3.2902
63.25	-3.2903
63.24	-3.2903
63.24	-3.2902
63.24	-3.2904
63.23	-3.2902
63.23	-3.2901
63.23	-3.2902
63.22	-3.2901
63.22	-3.2900
63.22	-3.2901
63.22	-3.2902
63.21	-3.2901
63.21	-3.2900
63.21	-3.2898
63.21	-3.2899
63.20	-3.2898
63.20	-3.2897
63.20	-3.2898
63.20	-3.2897
63.20	-3.2898
63.19	-3.2897
63.19	-3.2896
63.18	-3.2897
63.18	-3.2897
63.18	-3.2896
63.18	-3.2895
63.18	-3.2897
63.18	-3.2894
63.17	-3.2896
63.17	-3.2893
63.17	-3.2895
63.17	-3.2895
63.16	-3.2894
63.16	-3.2894
63.16	-3.2894
63.15	-3.2895
63.15	-3.2893
63.15	-3.2893
63.15	-3.2893
63.15	-3.2891
63.14	-3.2892
63.14	-3.2893
63.14	-3.2893
63.14	-3.2895
63.14	-3.2894
63.13	-3.2890
63.13	-3.2894
63.13	-3.2893
63.12	-3.2892
63.12	-3.2891
63.11	-3.2892
63.11	-3.2891
63.11	-3.2891
63.11	-3.2891
63.11	-3.2889
63.10	-3.2889
63.10	-3.2888
63.10	-3.2888
63.09	-3.2887
63.09	-3.2887
63.09	-3.2886
63.09	-3.2888
63.09	-3.2886
63.09	-3.2885
63.08	-3.2886
63.08	-3.2884
63.08	-3.2883
63.08	-3.2882
63.08	-3.2881
63.07	-3.2883
63.07	-3.2881
63.07	-3.2881
63.07	-3.2880
63.07	-3.2879
63.06	-3.2881
63.05	-3.2880
63.05	-3.2879
63.05	-3.2878
63.05	-3.2880
63.05	-3.2877
63.04	-3.2878
63.04	-3.2877
63.04	-3.2875
63.04	-3.2876
63.04	-3.2875
63.03	-3.2876
63.02	-3.2874
63.02	-3.2876
63.02	-3.2874
63.02	-3.2876
63.02	-3.2875
63.02	-3.2874
63.02	-3.2874
63.01	-3.2874
63.01	-3.2873
63.00	-3.2872
63.00	-3.2874
63.00	-3.2874
63.00	-3.2873
63.00	-3.2871
63.00	-3.2872
63.00	-3.2871
62.99	-3.2872
62.99	-3.2871
62.98	-3.2871
62.98	-3.2872
62.98	-3.2871
62.98	-3.2872
62.97	-3.2871
62.97	-3.2871
62.97	-3.2871
62.96	-3.2869
62.96	-3.2870
62.96	-3.2869
62.96	-3.2867
62.96	-3.2869
62.95	-3.2870
62.95	-3.2869
62.95	-3.2869
62.95	-3.2868
62.94	-3.2870
62.94	-3.2867
62.94	-3.2869
62.94	-3.2868
62.93	-3.2867
62.93	-3.2867
62.93	-3.2867
62.93	-3.2866
62.92	-3.2868
62.92	-3.2867
62.92	-3.2865
62.92	-3.2866
62.91	-3.2866
62.91	-3.2864
62.90	-3.2863
62.90	-3.2865
62.90	-3.2864
62.90	-3.2865
62.89	-3.2863
62.90	-3.2862
62.89	-3.2865
62.89	-3.2865
62.89	-3.2865
62.89	-3.2865
62.89	-3.2864
62.88	-3.2865
62.88	-3.2863
62.88	-3.2865
62.87	-3.2863
62.87	-3.2863
62.87	-3.2862
62.87	-3.2863
62.86	-3.2864
62.86	-3.2865
62.86	-3.2861
62.85	-3.2863
62.85	-3.2862
62.85	-3.2863
62.85	-3.2861
62.84	-3.2862
62.84	-3.2860
62.84	-3.2861
62.84	-3.2861
62.84	-3.2864
62.84	-3.2861
62.83	-3.2862
62.83	-3.2862
62.83	-3.2862
62.83	-3.2863
62.83	-3.2863
62.82	-3.2864
62.82	-3.2865
62.82	-3.2863
62.81	-3.2861
62.81	-3.2861
62.81	-3.2862
62.81	-3.2861
62.80	-3.2862
62.80	-3.2859
62.80	-3.2859
62.79	-3.2859
62.79	-3.2860
62.78	-3.2859
62.78	-3.2860
62.78	-3.2858
62.78	-3.2857
62.77	-3.2857
62.77	-3.2857
62.77	-3.2858
62.77	-3.2857
62.77	-3.2857
62.77	-3.2855
62.76	-3.2856
62.76	-3.2855
62.76	-3.2855
62.76	-3.2853
62.75	-3.2854
62.75	-3.2853
62.75	-3.2853
62.75	-3.2853
62.74	-3.2851
62.74	-3.2852
62.73	-3.2851
62.73	-3.2852
62.73	-3.2852
62.73	-3.2851
62.73	-3.2850
62.72	-3.2850
62.72	-3.2850
62.72	-3.2847
62.72	-3.2850
62.71	-3.2851
62.71	-3.2848
62.71	-3.2848
62.71	-3.2847
62.70	-3.2849
62.70	-3.2849
62.70	-3.2849
62.70	-3.2849
62.70	-3.2846
62.69	-3.2847
62.69	-3.2847
62.68	-3.2848
62.68	-3.2848
62.68	-3.2848
62.68	-3.2847
62.68	-3.2846
62.68	-3.2848
62.67	-3.2846
62.67	-3.2846
62.67	-3.2846
62.67	-3.2846
62.66	-3.2847
62.66	-3.2845
62.65	-3.2844
62.65	-3.2845
62.65	-3.2844
62.65	-3.2846
62.65	-3.2845
62.65	-3.2844
62.65	-3.2844
62.64	-3.2842
62.64	-3.2842
62.63	-3.2845
62.63	-3.2843
62.63	-3.2844
62.63	-3.2842
62.63	-3.2841
62.63	-3.2841
62.62	-3.2842
62.62	-3.2840
62.62	-3.2842
62.62	-3.2839
62.61	-3.2841
62.61	-3.2838
62.61	-3.2840
62.61	-3.2841
62.60	-3.2840
62.60	-3.2840
62.60	-3.2841
62.60	-3.2839
62.59	-3.2838
62.59	-3.2838
62.59	-3.2837
62.59	-3.2838
62.59	-3.2839
62.58	-3.2837
62.58	-3.2837
62.58	-3.2837
62.58	-3.2838
62.57	-3.2836
62.57	-3.2836
62.56	-3.2834
62.56	-3.2836
62.56	-3.2835
62.56	-3.2834
62.56	-3.2834
62.55	-3.2835
62.55	-3.2834
62.55	-3.2835
62.55	-3.2834
62.55	-3.2833
62.54	-3.2832
62.53	-3.2835
62.53	-3.2832
62.53	-3.2833
62.52	-3.2832
62.53	-3.2830
62.53	-3.2831
62.53	-3.2832
62.53	-3.2832
62.52	-3.2830
62.52	-3.2830
62.52	-3.2830
62.51	-3.2829
62.51	-3.2828
62.51	-3.2828
62.51	-3.2828
62.50	-3.2829
62.50	-3.2827
62.50	-3.2828
62.50	-3.2827
62.49	-3.2827
62.49	-3.2827
62.48	-3.2826
62.48	-3.2826
62.48	-3.2825
62.48	-3.2824
62.48	-3.2823
62.48	-3.2825
62.48	-3.2823
62.48	-3.2824
62.48	-3.2822
62.47	-3.2822
62.46	-3.2822
62.46	-3.2819
62.46	-3.2818
62.45	-3.2819
62.45	-3.2820
62.45	-3.2818
62.45	-3.2818
62.45	-3.2817
62.44	-3.2817
62.44	-3.2816
62.44	-3.2817
62.43	-3.2816
62.43	-3.2816
62.43	-3.2815
62.43	-3.2815
62.43	-3.2814
62.42	-3.2815
62.42	-3.2813
62.42	-3.2813
62.42	-3.2813
62.41	-3.2811
62.41	-3.2810
62.41	-3.2809
62.40	-3.2810
62.40	-3.2810
62.40	-3.2811
62.40	-3.2809
62.40	-3.2807
62.40	-3.2808
62.39	-3.2808
62.39	-3.2807
62.38	-3.2807
62.38	-3.2806
62.38	-3.2805
62.38	-3.2807
62.38	-3.2806
62.38	-3.2804
62.37	-3.2806
62.37	-3.2803
62.37	-3.2805
62.37	-3.2804
62.37	-3.2804
62.36	-3.2801
62.36	-3.2804
62.36	-3.2803
62.36	-3.2803
62.35	-3.2803
62.35	-3.2801
62.35	-3.2804
62.35	-3.2801
62.34	-3.2801
62.34	-3.2804
62.33	-3.2802
62.33	-3.2803
62.33	-3.2802
62.33	-3.2803
62.32	-3.2803
62.32	-3.2801
62.32	-3.2802
62.32	-3.2804
62.31	-3.2802
62.31	-3.2803
62.31	-3.2805
62.31	-3.2803
62.30	-3.2803
62.30	-3.2803
62.30	-3.2802
62.30	-3.2802
62.30	-3.2801
62.29	-3.2803
62.29	-3.2800
62.29	-3.2803
62.28	-3.2802
62.28	-3.2801
62.28	-3.2802
62.27	-3.2802
62.27	-3.2802
62.27	-3.2801
62.27	-3.2801
62.27	-3.2798
62.26	-3.2800
62.26	-3.2800
62.26	-3.2800
62.25	-3.2799
62.25	-3.2799
62.25	-3.2800
62.25	-3.2799
62.25	-3.2798
62.24	-3.2797
62.24	-3.2797
62.24	-3.2796
62.24	-3.2797
62.23	-3.2796
62.23	-3.2795
62.23	-3.2795
62.23	-3.2798
62.23	-3.2796
62.23	-3.2795
62.23	-3.2797
62.22	-3.2794
62.22	-3.2796
62.22	-3.2796
62.21	-3.2794
62.21	-3.2797
62.20	-3.2793
62.20	-3.2794
62.20	-3.2794
62.20	-3.2793
62.20	-3.2793
62.20	-3.2793
62.19	-3.2794
62.19	-3.2794
62.19	-3.2792
62.18	-3.2792
62.18	-3.2792
62.18	-3.2791
62.18	-3.2793
62.18	-3.2791
62.17	-3.2792
62.17	-3.2790
62.17	-3.2790
62.16	-3.2788
62.16	-3.2789
62.15	-3.2788
62.15	-3.2790
62.15	-3.2788
62.15	-3.2788
62.15	-3.2786
62.15	-3.2786
62.15	-3.2786
62.14	-3.2787
62.14	-3.2786
62.13	-3.2786
62.13	-3.2786
62.13	-3.2787
62.13	-3.2783
62.13	-3.2786
62.12	-3.2785
62.12	-3.2786
62.12	-3.2784
62.12	-3.2784
62.11	-3.2784
62.11	-3.2784
62.11	-3.2785
62.11	-3.2783
62.11	-3.2785
62.10	-3.2782
62.10	-3.2781
62.10	-3.2781
62.09	-3.2781
62.09	-3.2781
62.09	-3.2780
62.08	-3.2781
62.08	-3.2779
62.08	-3.2778
62.08	-3.2779
62.08	-3.2777
62.07	-3.2778
62.07	-3.2775
62.07	-3.2777
62.06	-3.2777
62.06	-3.2778
62.06	-3.2776
62.05	-3.2777
62.05	-3.2777
62.05	-3.2777
62.05	-3.2775
62.04	-3.2775
62.04	-3.2772
62.04	-3.2774
62.04	-3.2774
62.04	-3.2772
62.04	-3.2774
62.03	-3.2772
62.03	-3.2770
62.03	-3.2772
62.02	-3.2772
62.02	-3.2771
62.02	-3.2771
62.02	-3.2770
62.02	-3.2771
62.01	-3.2770
62.01	-3.2769
62.01	-3.2767
62.00	-3.2769
62.00	-3.2770
62.00	-3.2767
62.00	-3.2768
62.00	-3.2766
62.00	-3.2763
61.99	-3.2767
61.99	-3.2765
61.99	-3.2767
61.98	-3.2766
61.98	-3.2762
61.98	-3.2765
61.97	-3.2762
61.97	-3.2765
61.96	-3.2763
61.96	-3.2762
61.96	-3.2764
61.95	-3.2761
61.95	-3.2762
61.95	-3.2761
61.95	-3.2761
61.95	-3.2761
61.95	-3.2763
61.95	-3.2761
61.95	-3.2762
61.95	-3.2758
61.95	-3.2757
61.94	-3.2758
61.94	-3.2757
61.93	-3.2759
61.93	-3.2758
61.93	-3.2758
61.93	-3.2757
61.93	-3.2758
61.92	-3.2757
61.92	-3.2755
61.91	-3.2756
61.91	-3.2756
61.91	-3.2755
61.90	-3.2756
61.90	-3.2757
61.90	-3.2756
61.90	-3.2757
61.90	-3.2755
61.90	-3.2757
61.89	-3.2757
61.89	-3.2755
61.89	-3.2757
61.89	-3.2754
61.89	-3.2756
61.88	-3.2755
61.88	-3.2757
61.88	-3.2757
61.87	-3.2756
61.87	-3.2756
61.87	-3.2757
61.86	-3.2755
61.86	-3.2756
61.86	-3.2755
61.86	-3.2756
61.85	-3.2753
61.85	-3.2754
61.84	-3.2755
61.84	-3.2754
61.84	-3.2754
61.84	-3.2753
61.84	-3.2752
61.84	-3.2755
61.83	-3.2754
61.83	-3.2753
61.83	-3.2753
61.83	-3.2753
61.83	-3.2752
61.82	-3.2751
61.82	-3.2752
61.82	-3.2752
61.82	-3.2749
61.82	-3.2749
61.82	-3.2749
61.81	-3.2747
61.81	-3.2749
61.80	-3.2748
61.80	-3.2749
61.80	-3.2749
61.80	-3.2748
61.80	-3.2748
61.79	-3.2749
61.79	-3.2747
61.79	-3.2748
61.79	-3.2748
61.78	-3.2747
61.78	-3.2749
61.77	-3.2746
61.77	-3.2747
61.77	-3.2746
61.77	-3.2745
61.77	-3.2746
61.77	-3.2747
61.76	-3.2745
61.76	-3.2745
61.76	-3.2744
61.76	-3.2745
61.75	-3.2742
61.75	-3.2743
61.75	-3.2742
61.75	-3.2742
61.75	-3.2743
61.74	-3.2741
61.74	-3.2741
61.74	-3.2739
61.73	-3.2741
61.73	-3.2741
61.73	-3.2740
61.73	-3.2741
61.73	-3.2738
61.72	-3.2738
61.72	-3.2738
61.72	-3.2738
61.71	-3.2738
61.71	-3.2737
61.71	-3.2736
61.71	-3.2737
61.70	-3.2737
61.70	-3.2736
61.70	-3.2738
61.70	-3.2736
61.70	-3.2735
61.70	-3.2736
61.69	-3.2735
61.69	-3.2735
61.68	-3.2733
61.68	-3.2736
61.68	-3.2736
61.68	-3.2735
61.68	-3.2733
61.67	-3.2735
61.67	-3.2735
61.67	-3.2734
61.66	-3.2733
61.66	-3.2733
61.66	-3.2732
61.65	-3.2733
61.65	-3.2733
61.65	-3.2731
61.65	-3.2732
61.65	-3.2729
61.65	-3.2731
61.64	-3.2730
61.64	-3.2731
61.63	-3.2728
61.63	-3.2727
61.63	-3.2727
61.63	-3.2728
61.63	-3.2727
61.63	-3.2726
61.63	-3.2725
61.62	-3.2726
61.62	-3.2724
61.62	-3.2724
61.61	-3.2724
61.60	-3.2722
61.60	-3.2724
61.60	-3.2722
61.60	-3.2722
61.60	-3.2723
61.60	-3.2723
61.59	-3.2722
61.59	-3.2722
61.59	-3.2722
61.59	-3.2721
61.59	-3.2721
61.59	-3.2721
61.58	-3.2721
61.58	-3.2721
61.58	-3.2723
61.57	-3.2721
61.57	-3.2722
61.57	-3.2722
61.57	-3.2722
61.56	-3.2722
61.56	-3.2720
61.55	-3.2722
61.55	-3.2722
61.55	-3.2719
61.55	-3.2722
61.55	-3.2721
61.55	-3.2720
61.55	-3.2718
61.54	-3.2721
61.54	-3.2720
61.53	-3.2718
61.53	-3.2719
61.53	-3.2716
61.53	-3.2717
61.52	-3.2717
61.52	-3.2718
61.52	-3.2717
61.52	-3.2717
61.51	-3.2716
61.51	-3.2714
61.51	-3.2717
61.51	-3.2716
61.50	-3.2715
61.50	-3.2716
61.50	-3.2714
61.50	-3.2716
61.49	-3.2714
61.49	-3.2715
61.49	-3.2715
61.48	-3.2715
61.48	-3.2714
61.48	-3.2713
61.48	-3.2713
61.48	-3.2714
61.47	-3.2712
61.47	-3.2713
61.47	-3.2712
61.46	-3.2714
61.46	-3.2712
61.46	-3.2710
61.46	-3.2712
61.46	-3.2713
61.46	-3.2712
61.45	-3.2712
61.45	-3.2712
61.45	-3.2711
61.45	-3.2711
61.45	-3.2709
61.44	-3.2709
61.44	-3.2708
61.44	-3.2707
61.44	-3.2707
61.43	-3.2708
61.43	-3.2707
61.43	-3.2707
61.43	-3.2708
61.43	-3.2707
61.42	-3.2707
61.42	-3.2708
61.41	-3.2707
61.41	-3.2706
61.40	-3.2705
61.40	-3.2705
61.40	-3.2707
61.40	-3.2707
61.40	-3.2705
61.40	-3.2704
61.39	-3.2704
61.39	-3.2704
61.39	-3.2701
61.39	-3.2704
61.38	-3.2701
61.38	-3.2701
61.38	-3.2701
61.38	-3.2702
61.38	-3.2700
61.37	-3.2699
61.37	-3.2700
61.37	-3.2699
61.37	-3.2700
61.37	-3.2697
61.37	-3.2697
61.36	-3.2697
61.36	-3.2698
61.35	-3.2695
61.35	-3.2696
61.35	-3.2696
61.34	-3.2697
61.34	-3.2693
61.34	-3.2696
61.34	-3.2694
61.33	-3.2693
61.33	-3.2693
61.33	-3.2694
61.33	-3.2694
61.33	-3.2693
61.33	-3.2692
61.32	-3.2694
61.32	-3.2692
61.31	-3.2693
61.31	-3.2693
61.31	-3.2693
61.31	-3.2691
61.31	-3.2693
61.30	-3.2692
61.30	-3.2691
61.30	-3.2692
61.29	-3.2692
61.29	-3.2692
61.29	-3.2689
61.28	-3.2689
61.29	-3.2689
61.28	-3.2691
61.27	-3.2689
61.27	-3.2690
61.27	-3.2689
61.27	-3.2689
61.27	-3.2689
61.27	-3.2688
61.27	-3.2688
61.26	-3.2689
61.26	-3.2687
61.26	-3.2688
61.25	-3.2687
61.25	-3.2688
61.25	-3.2685
61.25	-3.2687
61.25	-3.2684
61.24	-3.2684
61.24	-3.2685
61.24	-3.2683
61.23	-3.2683
61.23	-3.2683
61.23	-3.2681
61.23	-3.2683
61.23	-3.2681
61.23	-3.2682
61.22	-3.2680
61.22	-3.2680
61.22	-3.2679
61.21	-3.2680
61.21	-3.2680
61.21	-3.2679
61.20	-3.2678
61.20	-3.2678
61.20	-3.2676
61.20	-3.2678
61.20	-3.2678
61.19	-3.2677
61.18	-3.2676
61.18	-3.2677
61.18	-3.2676
61.18	-3.2675
61.18	-3.2674
61.18	-3.2675
61.18	-3.2673
61.17	-3.2674
61.17	-3.2674
61.17	-3.2673
61.17	-3.2672
61.16	-3.2674
61.16	-3.2674
61.16	-3.2674
61.15	-3.2671
61.16	-3.2671
61.15	-3.2672
61.15	-3.2671
61.15	-3.2671
61.14	-3.2671
61.14	-3.2672
61.13	-3.2670
61.13	-3.2669
61.13	-3.2671
61.13	-3.2670
61.13	-3.2670
61.13	-3.2669
61.12	-3.2668
61.12	-3.2667
61.12	-3.2667
61.12	-3.2665
61.11	-3.2666
61.11	-3.2665
61.10	-3.2664
61.10	-3.2664
61.10	-3.2663
61.09	-3.2663
61.09	-3.2663
61.09	-3.2663
61.09	-3.2662
61.09	-3.2662
61.09	-3.2665
61.08	-3.2662
61.08	-3.2663
61.08	-3.2662
61.08	-3.2660
61.08	-3.2658
61.07	-3.2661
61.07	-3.2660
61.07	-3.2662
61.06	-3.2660
61.06	-3.2658
61.06	-3.2661
61.06	-3.2658
61.05	-3.2661
61.05	-3.2660
61.05	-3.2661
61.05	-3.2660
61.04	-3.2659
61.04	-3.2659
61.04	-3.2660
61.04	-3.2660
61.04	-3.2658
61.04	-3.2658
61.03	-3.2659
61.03	-3.2658
61.02	-3.2658
61.02	-3.2659
61.02	-3.2658
61.02	-3.2658
61.02	-3.2657
61.02	-3.2657
61.01	-3.2656
61.00	-3.2656
61.00	-3.2655
61.00	-3.2657
61.00	-3.2655
61.00	-3.2654
60.99	-3.2651
60.99	-3.2654
60.99	-3.2653
60.99	-3.2655
60.99	-3.2654
60.98	-3.2654
60.98	-3.2650
60.98	-3.2650
60.98	-3.2650
60.98	-3.2650
60.98	-3.2648
60.97	-3.2651
60.97	-3.2650
60.96	-3.2650
60.96	-3.2649
60.95	-3.2649
60.95	-3.2648
60.95	-3.2648
60.95	-3.2648
60.95	-3.2648
60.95	-3.2649
60.94	-3.2647
60.94	-3.2647
60.94	-3.2647
60.93	-3.2647
60.93	-3.2646
60.93	-3.2646
60.93	-3.2648
60.92	-3.2646
60.92	-3.2645
60.92	-3.2645
60.92	-3.2646
60.92	-3.2645
60.91	-3.2644
60.91	-3.2643
60.91	-3.2646
60.90	-3.2643
60.90	-3.2643
60.90	-3.2645
60.90	-3.2644
60.90	-3.2642
60.89	-3.2645
60.89	-3.2645
60.89	-3.2641
60.88	-3.2642
60.88	-3.2642
60.88	-3.2644
60.88	-3.2643
60.87	-3.2642
60.87	-3.2641
60.87	-3.2639
60.87	-3.2640
60.87	-3.2642
60.87	-3.2640
60.86	-3.2639
60.86	-3.2640
60.86	-3.2637
60.85	-3.2639
60.85	-3.2638
60.85	-3.2637
60.84	-3.2637
60.84	-3.2636
60.84	-3.2635
60.84	-3.2636
60.84	-3.2636
60.84	-3.2635
60.83	-3.2636
60.83	-3.2635
60.83	-3.2635
60.83	-3.2636
60.82	-3.2635
60.82	-3.2636
60.81	-3.2635
60.81	-3.2633
60.80	-3.2634
60.80	-3.2635
60.80	-3.2634
60.80	-3.2633
60.80	-3.2631
60.80	-3.2633
60.80	-3.2634
60.80	-3.2634
60.80	-3.2633
60.80	-3.2632
60.79	-3.2632
60.79	-3.2632
60.79	-3.2633
60.78	-3.2632
60.78	-3.2630
60.77	-3.2628
60.77	-3.2628
60.77	-3.2628
60.77	-3.2627
60.77	-3.2628
60.77	-3.2628
60.76	-3.2628
60.75	-3.2628
60.75	-3.2627
60.75	-3.2623
60.75	-3.2625
60.75	-3.2624
60.75	-3.2624
60.75	-3.2624
60.74	-3.2624
60.74	-3.2626
60.73	-3.2622
60.73	-3.2625
60.73	-3.2623
60.73	-3.2626
60.73	-3.2623
60.73	-3.2625
60.72	-3.2623
60.72	-3.2623
60.72	-3.2623
60.71	-3.2623
60.71	-3.2623
60.71	-3.2623
60.71	-3.2621
60.70	-3.2620
60.70	-3.2621
60.70	-3.2623
60.70	-3.2621
60.70	-3.2623
60.69	-3.2622
60.69	-3.2620
60.68	-3.2623
60.68	-3.2620
60.68	-3.2621
60.68	-3.2619
60.68	-3.2621
60.68	-3.2619
60.67	-3.2621
60.67	-3.2620
60.67	-3.2618
60.66	-3.2619
60.66	-3.2618
60.65	-3.2619
60.65	-3.2621
60.65	-3.2621
60.65	-3.2618
60.65	-3.2620
60.65	-3.2619
60.65	-3.2621
60.64	-3.2619
60.64	-3.2620
60.63	-3.2621
60.63	-3.2617
60.63	-3.2619
60.63	-3.2618
60.62	-3.2619
60.62	-3.2618
60.62	-3.2617
60.61	-3.2618
60.62	-3.2616
60.62	-3.2617
60.61	-3.2616
60.61	-3.2616
60.60	-3.2616
60.60	-3.2615
60.60	-3.2615
60.60	-3.2613
60.59	-3.2613
60.59	-3.2613
60.59	-3.2614
60.59	-3.2614
60.58	-3.2611
60.58	-3.2614
60.58	-3.2612
60.58	-3.2612
60.58	-3.2610
60.58	-3.2612
60.57	-3.2612
60.57	-3.2610
60.57	-3.2611
60.56	-3.2609
60.56	-3.2607
60.56	-3.2608
60.56	-3.2608
60.55	-3.2608
60.55	-3.2608
60.55	-3.2608
60.55	-3.2606
60.54	-3.2603
60.54	-3.2604
60.54	-3.2605
60.54	-3.2604
60.53	-3.2602
60.53	-3.2602
60.52	-3.2605
60.52	-3.2603
60.52	-3.2604
60.52	-3.2604
60.51	-3.2604
60.51	-3.2602
60.51	-3.2602
60.51	-3.2602
60.51	-3.2601
60.51	-3.2602
60.50	-3.2602
60.50	-3.2602
60.50	-3.2602
60.50	-3.2602
60.50	-3.2601
60.50	-3.2603
60.50	-3.2602
60.49	-3.2601
60.49	-3.2599
60.48	-3.2601
60.48	-3.2601
60.48	-3.2600
60.48	-3.2601
60.47	-3.2600
60.47	-3.2600
60.47	-3.2598
60.47	-3.2598
60.46	-3.2599
60.46	-3.2598
60.46	-3.2599
60.46	-3.2596
60.45	-3.2599
60.45	-3.2597
60.45	-3.2598
60.44	-3.2598
60.44	-3.2597
60.44	-3.2597
60.43	-3.2596
60.43	-3.2594
60.43	-3.2595
60.43	-3.2595
60.42	-3.2595
60.42	-3.2595
60.42	-3.2594
60.42	-3.2595
60.41	-3.2592
60.41	-3.2593
60.41	-3.2593
60.41	-3.2592
60.41	-3.2591
60.41	-3.2591
60.40	-3.2589
60.40	-3.2587
60.40	-3.2588
60.39	-3.2589
60.39	-3.2589
60.39	-3.2589
60.38	-3.2587
60.38	-3.2585
60.38	-3.2585
60.38	-3.2583
60.38	-3.2583
60.37	-3.2584
60.37	-3.2584
60.36	-3.2581
60.36	-3.2584
60.36	-3.2581
60.36	-3.2581
60.36	-3.2583
60.35	-3.2583
60.35	-3.2583
60.35	-3.2580
60.35	-3.2580
60.34	-3.2579
60.34	-3.2580
60.34	-3.2580
60.34	-3.2580
60.34	-3.2579
60.33	-3.2578
60.33	-3.2580
60.33	-3.2579
60.33	-3.2577
60.33	-3.2579
60.33	-3.2577
60.33	-3.2578
60.32	-3.2577
60.32	-3.2576
60.32	-3.2577
60.31	-3.2576
60.31	-3.2575
60.31	-3.2576
60.31	-3.2576
60.30	-3.2574
60.30	-3.2574
60.30	-3.2572
60.30	-3.2574
60.29	-3.2570
60.29	-3.2571
60.29	-3.2570
60.28	-3.2569
60.28	-3.2570
60.28	-3.2571
60.27	-3.2567
60.27	-3.2569
60.27	-3.2567
60.27	-3.2567
60.26	-3.2566
60.26	-3.2567
60.26	-3.2566
60.25	-3.2566
60.25	-3.2564
60.25	-3.2566
60.25	-3.2565
60.25	-3.2564
60.25	-3.2564
60.24	-3.2565
60.24	-3.2564
60.23	-3.2564
60.23	-3.2563
60.23	-3.2565
60.23	-3.2565
60.23	-3.2565
60.23	-3.2562
60.23	-3.2563
60.22	-3.2563
60.22	-3.2562
60.22	-3.2563
60.21	-3.2562
60.21	-3.2561
60.21	-3.2561
60.21	-3.2562
60.20	-3.2560
60.20	-3.2560
60.20	-3.2560
60.20	-3.2560
60.19	-3.2562
60.19	-3.2558
60.19	-3.2560
60.18	-3.2559
60.18	-3.2559
60.18	-3.2557
60.18	-3.2560
60.18	-3.2558
60.18	-3.2559
60.17	-3.2558
60.17	-3.2559
60.17	-3.2557
60.16	-3.2557
60.16	-3.2558
60.15	-3.2557
60.15	-3.2558
60.15	-3.2556
60.15	-3.2557
60.15	-3.2557
60.15	-3.2557
60.15	-3.2557
60.14	-3.2558
60.14	-3.2559
60.14	-3.2555
60.13	-3.2555
60.13	-3.2553
60.13	-3.2555
60.13	-3.2554
60.13	-3.2551
60.12	-3.2552
60.12	-3.2553
60.12	-3.2551
60.11	-3.2552
60.11	-3.2551
60.11	-3.2552
60.10	-3.2550
60.10	-3.2553
60.09	-3.2551
60.09	-3.2552
60.09	-3.2549
60.09	-3.2546
60.09	-3.2547
60.08	-3.2546
60.08	-3.2547
60.08	-3.2546
60.08	-3.2545
60.08	-3.2545
60.08	-3.2547
60.07	-3.2546
60.07	-3.2545
60.07	-3.2543
60.06	-3.2545
60.06	-3.2543
60.06	-3.2546
60.06	-3.2544
60.06	-3.2544
60.05	-3.2543
60.05	-3.2545
60.05	-3.2543
60.05	-3.2543
60.04	-3.2543
60.04	-3.2544
60.04	-3.2542
60.04	-3.2542
60.03	-3.2541
60.03	-3.2541
60.03	-3.2540
60.02	-3.2541
60.02	-3.2540
60.02	-3.2541
60.02	-3.2540
60.02	-3.2539
60.01	-3.2540
60.01	-3.2538
60.00	-3.2539
60.00	-3.2539
60.00	-3.2537
60.00	-3.2537
60.00	-3.2539
59.99	-3.2537
59.99	-3.2536
59.99	-3.2537
59.99	-3.2536
59.99	-3.2537
59.99	-3.2534
59.98	-3.2534
59.98	-3.2535
59.98	-3.2536
59.97	-3.2534
59.97	-3.2535
59.97	-3.2534
59.96	-3.2532
59.97	-3.2533
59.96	-3.2533
59.97	-3.2535
59.96	-3.2534
59.96	-3.2536
59.95	-3.2534
59.95	-3.2534
59.95	-3.2534
59.95	-3.2534
59.95	-3.2533
59.94	-3.2535
59.94	-3.2532
59.94	-3.2531
59.93	-3.2531
59.94	-3.2533
59.93	-3.2530
59.93	-3.2529
59.93	-3.2531
59.93	-3.2530
59.92	-3.2528
59.92	-3.2530
59.92	-3.2526
59.91	-3.2530
59.91	-3.2529
59.91	-3.2526
59.90	-3.2527
59.90	-3.2526
59.90	-3.2526
59.90	-3.2527
59.90	-3.2526
59.90	-3.2527
59.90	-3.2525
59.89	-3.2525
59.89	-3.2526
59.88	-3.2524
59.88	-3.2522
59.88	-3.2523
59.88	-3.2522
59.88	-3.2522
59.87	-3.2522
59.87	-3.2522
59.86	-3.2523
59.86	-3.2522
59.86	-3.2521
59.86	-3.2522
59.86	-3.2521
59.86	-3.2521
59.85	-3.2520
59.85	-3.2520
59.84	-3.2520
59.84	-3.2519
59.84	-3.2521
59.84	-3.2520
59.83	-3.2521
59.83	-3.2519
59.83	-3.2518
59.83	-3.2519
59.83	-3.2520
59.83	-3.2518
59.82	-3.2516
59.82	-3.2517
59.81	-3.2517
59.81	-3.2516
59.81	-3.2515
59.81	-3.2517
59.80	-3.2516
59.80	-3.2516
59.80	-3.2514
59.80	-3.2516
59.80	-3.2513
59.79	-3.2512
59.79	-3.2513
59.79	-3.2512
59.79	-3.2511
59.78	-3.2512
59.78	-3.2512
59.77	-3.2511
59.77	-3.2511
59.77	-3.2511
59.77	-3.2509
59.76	-3.2509
59.76	-3.2511
59.76	-3.2508
59.76	-3.2508
59.76	-3.2508
59.76	-3.2507
59.75	-3.2506
59.75	-3.2507
59.75	-3.2507
59.75	-3.2506
59.75	-3.2506
59.75	-3.2504
59.74	-3.2504
59.74	-3.2503
59.73	-3.2504
59.73	-3.2502
59.73	-3.2503
59.73	-3.2502
59.73	-3.2501
59.73	-3.2500
59.73	-3.2501
59.73	-3.2502
59.72	-3.2500
59.71	-3.2501
59.71	-3.2500
59.71	-3.2498
59.70	-3.2499
59.70	-3.2497
59.69	-3.2498
59.69	-3.2498
59.69	-3.2498
59.69	-3.2496
59.69	-3.2497
59.69	-3.2498
59.68	-3.2497
59.68	-3.2496
59.68	-3.2495
59.68	-3.2494
59.67	-3.2494
59.67	-3.2493
59.67	-3.2495
59.66	-3.2493
59.66	-3.2493
59.66	-3.2492
59.65	-3.2491
59.65	-3.2493
59.65	-3.2492
59.65	-3.2490
59.65	-3.2492
59.65	-3.2491
59.65	-3.2490
59.64	-3.2490
59.63	-3.2490
59.63	-3.2491
59.63	-3.2490
59.63	-3.2488
59.63	-3.2491
59.63	-3.2490
59.63	-3.2490
59.62	-3.2489
59.62	-3.2490
59.62	-3.2489
59.62	-3.2489
59.61	-3.2488
59.61	-3.2489
59.61	-3.2488
59.61	-3.2488
59.61	-3.2485
59.60	-3.2489
59.60	-3.2486
59.59	-3.2488
59.59	-3.2488
59.59	-3.2488
59.59	-3.2486
59.59	-3.2486
59.58	-3.2484
59.58	-3.2485
59.58	-3.2486
59.58	-3.2484
59.57	-3.2485
59.56	-3.2486
59.57	-3.2484
59.57	-3.2484
59.56	-3.2486
59.56	-3.2484
59.56	-3.2486
59.56	-3.2485
59.55	-3.2487
59.55	-3.2484
59.55	-3.2486
59.54	-3.2484
59.54	-3.2484
59.54	-3.2485
59.54	-3.2483
59.53	-3.2483
59.53	-3.2482
59.53	-3.2484
59.53	-3.2483
59.52	-3.2483
59.52	-3.2482
59.52	-3.2481
59.51	-3.2480
59.51	-3.2479
59.51	-3.2480
59.50	-3.2480
59.50	-3.2478
59.50	-3.2481
59.50	-3.2478
59.50	-3.2481
59.50	-3.2477
59.49	-3.2478
59.49	-3.2478
59.49	-3.2478
59.49	-3.2477
59.48	-3.2479
59.48	-3.2477
59.48	-3.2477
59.48	-3.2477
59.48	-3.2476
59.47	-3.2476
59.47	-3.2476
59.47	-3.2477
59.47	-3.2476
59.46	-3.2477
59.46	-3.2477
59.46	-3.2475
59.45	-3.2476
59.45	-3.2476
59.45	-3.2475
59.44	-3.2475
59.44	-3.2476
59.44	-3.2476
59.44	-3.2474
59.43	-3.2475
59.43	-3.2475
59.43	-3.2473
59.43	-3.2475
59.43	-3.2477
59.42	-3.2476
59.42	-3.2476
59.42	-3.2473
59.41	-3.2474
59.41	-3.2474
59.41	-3.2473
59.41	-3.2473
59.40	-3.2473
59.40	-3.2472
59.40	-3.2475
59.40	-3.2473
59.40	-3.2473
59.40	-3.2473
59.39	-3.2473
59.39	-3.2471
59.39	-3.2471
59.39	-3.2471
59.38	-3.2472
59.38	-3.2471
59.38	-3.2471
59.38	-3.2471
59.37	-3.2471
59.37	-3.2471
59.37	-3.2470
59.36	-3.2470
59.36	-3.2471
59.36	-3.2469
59.35	-3.2471
59.35	-3.2471
59.35	-3.2469
59.34	-3.2471
59.34	-3.2468
59.34	-3.2467
59.34	-3.2468
59.34	-3.2467
59.33	-3.2469
59.33	-3.2468
59.33	-3.2466
59.33	-3.2465
59.33	-3.2468
59.33	-3.2468
59.33	-3.2466
59.32	-3.2465
59.32	-3.2466
59.31	-3.2465
59.31	-3.2465
59.31	-3.2464
59.31	-3.2467
59.30	-3.2464
59.30	-3.2465
59.30	-3.2463
59.30	-3.2464
59.30	-3.2463
59.29	-3.2462
59.29	-3.2463
59.29	-3.2463
59.28	-3.2464
59.28	-3.2462
59.28	-3.2463
59.27	-3.2461
59.27	-3.2461
59.27	-3.2461
59.27	-3.2460
59.27	-3.2459
59.27	-3.2458
59.26	-3.2459
59.26	-3.2460
59.26	-3.2460
59.25	-3.2459
59.25	-3.2460
59.25	-3.2457
59.25	-3.2457
59.24	-3.2458
59.24	-3.2458
59.24	-3.2458
59.23	-3.2456
59.23	-3.2456
59.23	-3.2454
59.23	-3.2452
59.23	-3.2453
59.23	-3.2453
59.22	-3.2455
59.22	-3.2454
59.22	-3.2452
59.21	-3.2453
59.21	-3.2453
59.21	-3.2452
59.20	-3.2452
59.20	-3.2452
59.20	-3.2452
59.20	-3.2451
59.20	-3.2451
59.20	-3.2449
59.20	-3.2450
59.20	-3.2449
59.19	-3.2449
59.18	-3.2448
59.18	-3.2449
59.18	-3.2449
59.18	-3.2448
59.18	-3.2447
59.17	-3.2449
59.17	-3.2448
59.16	-3.2448
59.16	-3.2449
59.16	-3.2447
59.16	-3.2451
59.16	-3.2447
59.15	-3.2447
59.15	-3.2446
59.15	-3.2448
59.15	-3.2447
59.14	-3.2448
59.14	-3.2447
59.14	-3.2445
59.14	-3.2447
59.13	-3.2446
59.13	-3.2446
59.13	-3.2447
59.13	-3.2445
59.13	-3.2449
59.13	-3.2446
59.13	-3.2447
59.12	-3.2446
59.12	-3.2446
59.11	-3.2445
59.10	-3.2447
59.10	-3.2447
59.10	-3.2447
59.10	-3.2445
59.10	-3.2446
59.10	-3.2445
59.09	-3.2444
59.09	-3.2446
59.09	-3.2444
59.09	-3.2445
59.09	-3.2444
59.08	-3.2444
59.08	-3.2443
59.08	-3.2444
59.08	-3.2444
59.07	-3.2442
59.07	-3.2446
59.07	-3.2442
59.07	-3.2442
59.07	-3.2443
59.07	-3.2441
59.06	-3.2442
59.06	-3.2440
59.06	-3.2441
59.05	-3.2441
59.05	-3.2441
59.05	-3.2441
59.05	-3.2437
59.04	-3.2439
59.04	-3.2438
59.04	-3.2440
59.03	-3.2443
59.03	-3.2439
59.03	-3.2439
59.03	-3.2439
59.03	-3.2440
59.02	-3.2440
59.02	-3.2438
59.02	-3.2439
59.02	-3.2438
59.02	-3.2438
59.01	-3.2437
59.01	-3.2438
59.01	-3.2439
59.01	-3.2436
59.00	-3.2437
59.00	-3.2436
59.00	-3.2435
59.00	-3.2435
58.99	-3.2436
58.99	-3.2436
58.98	-3.2436
58.98	-3.2434
58.98	-3.2434
58.98	-3.2433
58.98	-3.2432
58.98	-3.2435
58.98	-3.2432
58.98	-3.2433
58.97	-3.2433
58.97	-3.2430
58.96	-3.2431
58.96	-3.2430
58.95	-3.2429
58.95	-3.2431
58.95	-3.2430
58.95	-3.2431
58.94	-3.2430
58.94	-3.2430
58.94	-3.2429
58.94	-3.2429
58.94	-3.2429
58.94	-3.2428
58.93	-3.2426
58.93	-3.2428
58.93	-3.2428
58.93	-3.2426
58.93	-3.2426
58.92	-3.2428
58.92	-3.2426
58.91	-3.2425
58.91	-3.2427
58.90	-3.2428
58.90	-3.2427
58.90	-3.2425
58.90	-3.2427
58.90	-3.2424
58.89	-3.2426
58.90	-3.2427
58.89	-3.2427
58.89	-3.2425
58.89	-3.2425
58.89	-3.2426
58.88	-3.2426
58.88	-3.2425
58.88	-3.2427
58.88	-3.2426
58.88	-3.2425
58.88	-3.2425
58.88	-3.2423
58.87	-3.2424
58.87	-3.2424
58.86	-3.2423
58.86	-3.2424
58.86	-3.2424
58.85	-3.2423
58.85	-3.2421
58.84	-3.2422
58.84	-3.2420
58.84	-3.2420
58.84	-3.2419
58.84	-3.2419
58.83	-3.2420
58.83	-3.2418
58.83	-3.2419
58.83	-3.2419
58.83	-3.2418
58.82	-3.2416
58.82	-3.2415
58.82	-3.2414
58.82	-3.2413
58.81	-3.2415
58.80	-3.2413
58.80	-3.2413
58.80	-3.2413
58.80	-3.2414
58.80	-3.2412
58.80	-3.2412
58.80	-3.2411
58.79	-3.2410
58.79	-3.2413
58.78	-3.2411
58.78	-3.2412
58.78	-3.2410
58.77	-3.2409
58.77	-3.2410
58.77	-3.2410
58.77	-3.2409
58.77	-3.2410
58.77	-3.2407
58.76	-3.2408
58.76	-3.2408
58.75	-3.2407
58.76	-3.2405
58.75	-3.2405
58.75	-3.2405
58.75	-3.2404
58.75	-3.2404
58.74	-3.2405
58.74	-3.2404
58.73	-3.2404
58.73	-3.2405
58.73	-3.2404
58.73	-3.2404
58.73	-3.2402
58.73	-3.2402
58.73	-3.2403
58.72	-3.2402
58.72	-3.2401
58.71	-3.2402
58.71	-3.2402
58.71	-3.2402
58.71	-3.2402
58.70	-3.2402
58.70	-3.2402
58.70	-3.2403
58.70	-3.2402
58.70	-3.2400
58.69	-3.2400
58.69	-3.2401
58.69	-3.2401
58.69	-3.2401
58.69	-3.2401
58.68	-3.2401
58.68	-3.2400
58.68	-3.2399
58.68	-3.2398
58.68	-3.2397
58.68	-3.2399
58.67	-3.2398
58.66	-3.2399
58.66	-3.2398
58.66	-3.2398
58.66	-3.2399
58.65	-3.2397
58.65	-3.2399
58.65	-3.2398
58.65	-3.2398
58.65	-3.2399
58.65	-3.2397
58.65	-3.2398
58.64	-3.2399
58.64	-3.2396
58.63	-3.2396
58.63	-3.2399
58.63	-3.2396
58.62	-3.2395
58.62	-3.2395
58.62	-3.2394
58.62	-3.2396
58.62	-3.2393
58.61	-3.2393
58.61	-3.2390
58.61	-3.2390
58.61	-3.2389
58.60	-3.2390
58.60	-3.2389
58.60	-3.2388
58.59	-3.2389
58.59	-3.2388
58.59	-3.2387
58.59	-3.2387
58.58	-3.2389
58.58	-3.2388
58.58	-3.2388
58.58	-3.2387
58.58	-3.2387
58.58	-3.2384
58.57	-3.2384
58.57	-3.2384
58.57	-3.2384
58.57	-3.2384
58.56	-3.2381
58.56	-3.2382
58.55	-3.2383
58.55	-3.2383
58.55	-3.2380
58.55	-3.2380
58.55	-3.2381
58.54	-3.2380
58.54	-3.2381
58.54	-3.2380
58.53	-3.2381
58.53	-3.2380
58.53	-3.2379
58.53	-3.2379
58.52	-3.2380
58.52	-3.2378
58.52	-3.2380
58.52	-3.2379
58.52	-3.2377
58.52	-3.2378
58.51	-3.2380
58.51	-3.2378
58.51	-3.2380
58.50	-3.2378
58.50	-3.2378
58.50	-3.2378
58.49	-3.2379
58.49	-3.2378
58.49	-3.2378
58.49	-3.2378
58.49	-3.2377
58.48	-3.2377
58.48	-3.2378
58.48	-3.2375
58.48	-3.2376
58.48	-3.2377
58.48	-3.2376
58.47	-3.2377
58.47	-3.2376
58.47	-3.2377
58.46	-3.2375
58.45	-3.2376
58.45	-3.2377
58.45	-3.2378
58.45	-3.2377
58.44	-3.2376
58.44	-3.2377
58.44	-3.2376
58.44	-3.2377
58.44	-3.2375
58.43	-3.2377
58.43	-3.2375
58.43	-3.2376
58.43	-3.2375
58.43	-3.2375
58.42	-3.2376
58.42	-3.2374
58.42	-3.2374
58.41	-3.2374
58.41	-3.2375
58.41	-3.2373
58.41	-3.2373
58.41	-3.2373
58.41	-3.2374
58.41	-3.2371
58.40	-3.2372
58.40	-3.2371
58.40	-3.2372
58.39	-3.2372
58.39	-3.2373
58.38	-3.2372
58.38	-3.2369
58.37	-3.2370
58.37	-3.2371
58.37	-3.2370
58.37	-3.2370
58.37	-3.2369
58.36	-3.2370
58.36	-3.2370
58.36	-3.2369
58.36	-3.2371
58.36	-3.2370
58.35	-3.2368
58.35	-3.2369
58.35	-3.2368
58.35	-3.2370
58.34	-3.2370
58.35	-3.2368
58.34	-3.2368
58.33	-3.2368
58.33	-3.2369
58.33	-3.2366
58.33	-3.2369
58.33	-3.2366
58.33	-3.2367
58.33	-3.2368
58.33	-3.2366
58.32	-3.2365
58.32	-3.2366
58.32	-3.2366
58.31	-3.2365
58.31	-3.2364
58.31	-3.2365
58.30	-3.2364
58.30	-3.2364
58.30	-3.2365
58.30	-3.2362
58.29	-3.2363
58.29	-3.2365
58.29	-3.2361
58.29	-3.2362
58.28	-3.2363
58.28	-3.2364
58.28	-3.2362
58.28	-3.2363
58.28	-3.2362
58.27	-3.2362
58.27	-3.2362
58.27	-3.2360
58.26	-3.2361
58.26	-3.2360
58.26	-3.2361
58.25	-3.2360
58.25	-3.2361
58.25	-3.2360
58.25	-3.2360
58.25	-3.2359
58.25	-3.2358
58.24	-3.2358
58.24	-3.2359
58.24	-3.2358
58.23	-3.2358
58.23	-3.2359
58.23	-3.2358
58.23	-3.2358
58.22	-3.2358
58.22	-3.2359
58.22	-3.2358
58.21	-3.2357
58.21	-3.2357
58.20	-3.2358
58.20	-3.2356
58.20	-3.2357
58.20	-3.2355
58.20	-3.2356
58.20	-3.2355
58.20	-3.2354
58.20	-3.2352
58.20	-3.2353
58.19	-3.2352
58.18	-3.2352
58.18	-3.2352
58.18	-3.2353
58.18	-3.2351
58.18	-3.2351
58.18	-3.2352
58.17	-3.2349
58.17	-3.2350
58.17	-3.2350
58.17	-3.2349
58.16	-3.2348
58.16	-3.2349
58.15	-3.2347
58.15	-3.2349
58.15	-3.2344
58.15	-3.2346
58.15	-3.2345
58.15	-3.2344
58.15	-3.2346
58.14	-3.2345
58.14	-3.2344
58.14	-3.2345
58.14	-3.2341
58.13	-3.2345
58.13	-3.2345
58.13	-3.2344
58.13	-3.2344
58.13	-3.2345
58.12	-3.2343
58.11	-3.2344
58.11	-3.2342
58.11	-3.2344
58.11	-3.2342
58.11	-3.2342
58.11	-3.2343
58.10	-3.2342
58.10	-3.2343
58.09	-3.2340
58.09	-3.2342
58.09	-3.2341
58.09	-3.2340
58.09	-3.2341
58.09	-3.2341
58.08	-3.2340
58.08	-3.2341
58.08	-3.2339
58.08	-3.2340
58.08	-3.2339
58.08	-3.2340
58.07	-3.2340
58.07	-3.2340
58.06	-3.2339
58.06	-3.2337
58.05	-3.2339
58.05	-3.2338
58.05	-3.2338
58.05	-3.2338
58.05	-3.2337
58.04	-3.2338
58.04	-3.2338
58.04	-3.2337
58.03	-3.2339
58.03	-3.2338
58.03	-3.2338
58.03	-3.2338
58.03	-3.2337
58.03	-3.2338
58.02	-3.2338
58.02	-3.2337
58.02	-3.2339
58.01	-3.2339
58.01	-3.2339
58.01	-3.2337
58.01	-3.2337
58.00	-3.2339
58.00	-3.2337
58.00	-3.2338
58.00	-3.2337
58.00	-3.2337
57.99	-3.2337
57.99	-3.2337
57.99	-3.2336
57.98	-3.2338
57.98	-3.2337
57.98	-3.2337
57.98	-3.2336
57.98	-3.2336
57.97	-3.2335
57.97	-3.2335
57.97	-3.2337
57.97	-3.2335
57.96	-3.2336
57.96	-3.2335
57.96	-3.2335
57.95	-3.2335
57.95	-3.2335
57.95	-3.2336
57.95	-3.2337
57.94	-3.2335
57.94	-3.2336
57.94	-3.2334
57.94	-3.2335
57.93	-3.2336
57.93	-3.2336
57.93	-3.2335
57.93	-3.2335
57.92	-3.2334
57.92	-3.2334
57.92	-3.2334
57.92	-3.2333
57.91	-3.2335
57.91	-3.2334
57.91	-3.2333
57.91	-3.2332
57.90	-3.2333
57.90	-3.2333
57.90	-3.2332
57.90	-3.2333
57.90	-3.2333
57.89	-3.2331
57.89	-3.2331
57.88	-3.2331
57.88	-3.2330
57.88	-3.2331
57.88	-3.2329
57.88	-3.2329
57.88	-3.2330
57.87	-3.2328
57.87	-3.2330
57.87	-3.2328
57.86	-3.2328
57.86	-3.2327
57.86	-3.2327
57.85	-3.2327
57.85	-3.2327
57.85	-3.2328
57.85	-3.2329
57.85	-3.2325
57.84	-3.2327
57.84	-3.2326
57.84	-3.2325
57.84	-3.2325
57.83	-3.2326
57.83	-3.2325
57.83	-3.2325
57.83	-3.2326
57.83	-3.2324
57.83	-3.2326
57.82	-3.2324
57.82	-3.2326
57.81	-3.2325
57.81	-3.2325
57.80	-3.2325
57.80	-3.2327
57.80	-3.2326
57.80	-3.2325
57.80	-3.2325
57.80	-3.2326
57.80	-3.2326
57.80	-3.2328
57.79	-3.2327
57.79	-3.2327
57.78	-3.2327
57.78	-3.2327
57.78	-3.2328
57.78	-3.2326
57.78	-3.2328
57.77	-3.2327
57.77	-3.2329
57.77	-3.2328
57.77	-3.2325
57.76	-3.2326
57.76	-3.2324
57.76	-3.2325
57.76	-3.2326
57.75	-3.2325
57.75	-3.2324
57.75	-3.2325
57.75	-3.2325
57.75	-3.2323
57.74	-3.2324
57.74	-3.2324
57.73	-3.2324
57.73	-3.2323
57.73	-3.2325
57.73	-3.2322
57.73	-3.2324
57.72	-3.2321
57.72	-3.2323
57.72	-3.2322
57.71	-3.2321
57.71	-3.2322
57.71	-3.2321
57.71	-3.2322
57.70	-3.2321
57.70	-3.2318
57.70	-3.2321
57.70	-3.2320
57.70	-3.2322
57.70	-3.2320
57.70	-3.2320
57.69	-3.2320
57.69	-3.2320
57.69	-3.2319
57.68	-3.2321
57.68	-3.2320
57.68	-3.2320
57.67	-3.2320
57.67	-3.2320
57.67	-3.2321
57.66	-3.2320
57.66	-3.2321
57.66	-3.2321
57.66	-3.2322
57.65	-3.2319
57.65	-3.2321
57.65	-3.2322
57.65	-3.2322
57.65	-3.2322
57.65	-3.2323
57.64	-3.2322
57.64	-3.2322
57.64	-3.2322
57.64	-3.2321
57.63	-3.2322
57.63	-3.2322
57.63	-3.2323
57.63	-3.2324
57.62	-3.2322
57.62	-3.2324
57.62	-3.2323
57.62	-3.2322
57.61	-3.2324
57.61	-3.2325
57.61	-3.2325
57.60	-3.2324
57.60	-3.2325
57.59	-3.2326
57.59	-3.2325
57.59	-3.2327
57.59	-3.2325
57.59	-3.2327
57.59	-3.2326
57.58	-3.2326
57.58	-3.2328
57.58	-3.2328
57.58	-3.2328
57.58	-3.2327
57.57	-3.2325
57.57	-3.2327
57.57	-3.2328
57.57	-3.2328
57.57	-3.2328
57.56	-3.2330
57.56	-3.2327
57.55	-3.2329
57.55	-3.2330
57.55	-3.2332
57.55	-3.2331
57.54	-3.2332
57.54	-3.2332
57.54	-3.2333
57.53	-3.2332
57.53	-3.2333
57.53	-3.2333
57.53	-3.2335
57.52	-3.2336
57.52	-3.2336
57.52	-3.2338
57.52	-3.2339
57.51	-3.2335
57.51	-3.2338
57.51	-3.2337
57.51	-3.2339
57.51	-3.2339
57.50	-3.2338
57.50	-3.2338
57.50	-3.2340
57.50	-3.2338
57.50	-3.2339
57.49	-3.2341
57.49	-3.2340
57.48	-3.2341
57.48	-3.2341
57.48	-3.2338
57.48	-3.2342
57.48	-3.2339
57.48	-3.2345
57.48	-3.2342
57.47	-3.2343
57.47	-3.2344
57.46	-3.2343
57.46	-3.2347
57.46	-3.2344
57.45	-3.2345
57.45	-3.2345
57.45	-3.2346
57.45	-3.2348
57.45	-3.2345
57.44	-3.2346
57.44	-3.2346
57.44	-3.2347
57.44	-3.2349
57.43	-3.2349
57.43	-3.2350
57.43	-3.2348
57.43	-3.2350
57.43	-3.2350
57.42	-3.2353
57.42	-3.2350
57.41	-3.2353
57.41	-3.2351
57.41	-3.2354
57.41	-3.2353
57.40	-3.2353
57.40	-3.2355
57.40	-3.2355
57.40	-3.2356
57.40	-3.2354
57.39	-3.2358
57.39	-3.2358
57.39	-3.2359
57.38	-3.2359
57.38	-3.2360
57.38	-3.2361
57.38	-3.2361
57.38	-3.2360
57.38	-3.2362
57.38	-3.2362
57.37	-3.2363
57.37	-3.2364
57.37	-3.2364
57.37	-3.2364
57.36	-3.2366
57.36	-3.2365
57.36	-3.2367
57.36	-3.2369
57.35	-3.2368
57.35	-3.2369
57.34	-3.2369
57.34	-3.2370
57.34	-3.2370
57.34	-3.2372
57.34	-3.2371
57.33	-3.2370
57.33	-3.2373
57.33	-3.2373
57.33	-3.2373
57.32	-3.2372
57.32	-3.2374
57.32	-3.2375
57.31	-3.2375
57.31	-3.2376
57.31	-3.2377
57.31	-3.2379
57.31	-3.2380
57.31	-3.2378
57.30	-3.2380
57.30	-3.2381
57.30	-3.2379
57.30	-3.2382
57.29	-3.2381
57.29	-3.2384
57.29	-3.2384
57.28	-3.2385
57.28	-3.2385
57.28	-3.2386
57.28	-3.2386
57.27	-3.2388
57.27	-3.2389
57.27	-3.2389
57.27	-3.2390
57.27	-3.2390
57.26	-3.2391
57.26	-3.2392
57.26	-3.2393
57.25	-3.2395
57.25	-3.2392
57.25	-3.2395
57.25	-3.2395
57.25	-3.2396
57.25	-3.2397
57.24	-3.2397
57.24	-3.2398
57.24	-3.2400
57.24	-3.2397
57.23	-3.2398
57.23	-3.2402
57.23	-3.2401
57.23	-3.2402
57.22	-3.2402
57.22	-3.2403
57.22	-3.2404
57.21	-3.2405
57.21	-3.2406
57.20	-3.2407
57.20	-3.2409
57.20	-3.2409
57.20	-3.2410
57.20	-3.2410
57.20	-3.2416
57.20	-3.2414
57.19	-3.2414
57.19	-3.2416
57.19	-3.2418
57.18	-3.2417
57.18	-3.2418
57.18	-3.2420
57.18	-3.2421
57.18	-3.2421
57.17	-3.2421
57.17	-3.2421
57.17	-3.2422
57.17	-3.2424
57.16	-3.2426
57.16	-3.2426
57.16	-3.2427
57.16	-3.2428
57.16	-3.2428
57.15	-3.2431
57.15	-3.2432
57.14	-3.2430
57.14	-3.2433
57.14	-3.2434
57.14	-3.2434
57.14	-3.2435
57.13	-3.2437
57.13	-3.2439
57.13	-3.2437
57.13	-3.2438
57.12	-3.2441
57.12	-3.2439
57.12	-3.2442
57.12	-3.2444
57.11	-3.2445
57.11	-3.2445
57.11	-3.2448
57.11	-3.2449
57.10	-3.2450
57.10	-3.2450
57.09	-3.2452
57.09	-3.2453
57.09	-3.2455
57.08	-3.2454
57.08	-3.2457
57.08	-3.2456
57.08	-3.2459
57.08	-3.2460
57.08	-3.2462
57.08	-3.2463
57.07	-3.2464
57.07	-3.2465
57.07	-3.2466
57.06	-3.2469
57.06	-3.2469
57.06	-3.2471
57.05	-3.2473
57.05	-3.2473
57.05	-3.2473
57.05	-3.2476
57.05	-3.2476
57.05	-3.2476
57.04	-3.2479
57.04	-3.2481
57.04	-3.2482
57.03	-3.2484
57.03	-3.2487
57.03	-3.2488
57.02	-3.2489
57.02	-3.2489
57.02	-3.2492
57.02	-3.2492
57.02	-3.2494
57.01	-3.2496
57.01	-3.2497
57.01	-3.2498
57.01	-3.2500
57.00	-3.2499
57.00	-3.2503
57.00	-3.2501
57.00	-3.2504
57.00	-3.2505
56.99	-3.2507
56.98	-3.2508
56.98	-3.2511
56.98	-3.2512
56.98	-3.2514
56.98	-3.2515
56.98	-3.2516
56.98	-3.2517
56.98	-3.2518
56.98	-3.2522
56.97	-3.2522
56.97	-3.2522
56.96	-3.2525
56.96	-3.2526
56.95	-3.2528
56.95	-3.2529
56.95	-3.2532
56.95	-3.2533
56.95	-3.2534
56.94	-3.2536
56.94	-3.2537
56.94	-3.2538
56.94	-3.2539
56.93	-3.2543
56.93	-3.2544
56.93	-3.2544
56.93	-3.2548
56.92	-3.2549
56.92	-3.2550
56.92	-3.2552
56.91	-3.2552
56.91	-3.2556
56.91	-3.2559
56.91	-3.2558
56.91	-3.2561
56.90	-3.2561
56.90	-3.2565
56.90	-3.2567
56.90	-3.2569
56.90	-3.2570
56.89	-3.2573
56.89	-3.2574
56.89	-3.2574
56.88	-3.2578
56.88	-3.2579
56.88	-3.2582
56.88	-3.2584
56.88	-3.2588
56.88	-3.2589
56.87	-3.2591
56.87	-3.2592
56.87	-3.2594
56.87	-3.2598
56.86	-3.2601
56.86	-3.2600
56.85	-3.2601
56.85	-3.2604
56.85	-3.2604
56.85	-3.2607
56.85	-3.2609
56.84	-3.2612
56.84	-3.2614
56.84	-3.2614
56.84	-3.2617
56.84	-3.2619
56.83	-3.2621
56.83	-3.2623
56.83	-3.2625
56.83	-3.2627
56.82	-3.2629
56.82	-3.2630
56.82	-3.2635
56.81	-3.2637
56.81	-3.2639
56.81	-3.2641
56.80	-3.2642
56.80	-3.2645
56.80	-3.2648
56.80	-3.2650
56.80	-3.2652
56.79	-3.2652
56.79	-3.2657
56.79	-3.2658
56.78	-3.2661
56.78	-3.2663
56.78	-3.2666
56.78	-3.2669
56.77	-3.2671
56.77	-3.2672
56.77	-3.2674
56.77	-3.2676
56.76	-3.2681
56.76	-3.2680
56.76	-3.2683
56.76	-3.2687
56.75	-3.2689
56.75	-3.2690
56.75	-3.2691
56.75	-3.2693
56.75	-3.2698
56.75	-3.2698
56.74	-3.2701
56.74	-3.2704
56.73	-3.2705
56.73	-3.2709
56.73	-3.2713
56.73	-3.2716
56.73	-3.2712
56.72	-3.2720
56.72	-3.2719
56.72	-3.2725
56.72	-3.2726
56.71	-3.2729
56.71	-3.2731
56.71	-3.2735
56.71	-3.2737
56.70	-3.2739
56.70	-3.2742
56.70	-3.2744
56.70	-3.2746
56.70	-3.2749
56.69	-3.2750
56.68	-3.2753
56.68	-3.2756
56.68	-3.2759
56.68	-3.2762
56.68	-3.2764
56.68	-3.2767
56.67	-3.2771
56.67	-3.2774
56.66	-3.2775
56.66	-3.2780
56.66	-3.2782
56.66	-3.2784
56.65	-3.2787
56.65	-3.2790
56.65	-3.2795
56.65	-3.2797
56.65	-3.2801
56.65	-3.2802
56.64	-3.2804
56.64	-3.2808
56.64	-3.2810
56.64	-3.2814
56.63	-3.2817
56.63	-3.2820
56.63	-3.2826
56.62	-3.2829
56.62	-3.2829
56.62	-3.2835
56.62	-3.2837
56.62	-3.2839
56.61	-3.2843
56.61	-3.2844
56.61	-3.2850
56.60	-3.2852
56.60	-3.2855
56.60	-3.2858
56.60	-3.2862
56.60	-3.2865
56.59	-3.2868
56.59	-3.2871
56.59	-3.2872
56.59	-3.2878
56.59	-3.2882
56.59	-3.2883
56.58	-3.2888
56.58	-3.2890
56.58	-3.2894
56.57	-3.2896
56.57	-3.2899
56.57	-3.2904
56.57	-3.2906
56.56	-3.2909
56.56	-3.2912
56.55	-3.2915
56.55	-3.2916
56.55	-3.2921
56.55	-3.2923
56.55	-3.2927
56.55	-3.2931
56.54	-3.2934
56.54	-3.2938
56.54	-3.2940
56.53	-3.2944
56.53	-3.2946
56.53	-3.2949
56.53	-3.2953
56.52	-3.2957
56.52	-3.2960
56.52	-3.2962
56.51	-3.2965
56.51	-3.2970
56.51	-3.2974
56.51	-3.2976
56.51	-3.2979
56.50	-3.2984
56.50	-3.2986
56.50	-3.2990
56.50	-3.2994
56.49	-3.2998
56.49	-3.2999
56.49	-3.3004
56.49	-3.3007
56.49	-3.3010
56.49	-3.3015
56.48	-3.3018
56.48	-3.3022
56.48	-3.3025
56.47	-3.3026
56.47	-3.3031
56.47	-3.3034
56.46	-3.3039
56.46	-3.3042
56.46	-3.3047
56.45	-3.3050
56.45	-3.3055
56.45	-3.3057
56.45	-3.3060
56.45	-3.3064
56.45	-3.3066
56.44	-3.3072
56.44	-3.3074
56.43	-3.3077
56.43	-3.3083
56.43	-3.3084
56.43	-3.3089
56.42	-3.3091
56.42	-3.3094
56.42	-3.3101
56.41	-3.3105
56.41	-3.3108
56.41	-3.3112
56.41	-3.3115
56.41	-3.3120
56.40	-3.3123
56.40	-3.3126
56.40	-3.3130
56.40	-3.3135
56.40	-3.3139
56.40	-3.3143
56.40	-3.3145
56.39	-3.3151
56.39	-3.3154
56.39	-3.3158
56.39	-3.3161
56.38	-3.3165
56.38	-3.3169
56.38	-3.3174
56.38	-3.3179
56.38	-3.3179
56.37	-3.3184
56.37	-3.3187
56.36	-3.3189
56.36	-3.3195
56.36	-3.3200
56.36	-3.3204
56.36	-3.3207
56.35	-3.3210
56.35	-3.3214
56.35	-3.3218
56.34	-3.3219
56.34	-3.3224
56.34	-3.3229
56.33	-3.3230
56.33	-3.3236
56.33	-3.3240
56.33	-3.3241
56.33	-3.3246
56.33	-3.3251
56.32	-3.3253
56.32	-3.3258
56.32	-3.3260
56.31	-3.3266
56.31	-3.3269
56.31	-3.3272
56.30	-3.3277
56.30	-3.3279
56.30	-3.3283
56.30	-3.3288
56.30	-3.3290
56.30	-3.3295
56.29	-3.3299
56.29	-3.3304
56.29	-3.3305
56.28	-3.3313
56.28	-3.3314
56.28	-3.3317
56.27	-3.3323
56.26	-3.3324
56.27	-3.3328
56.26	-3.3332
56.26	-3.3336
56.26	-3.3340
56.26	-3.3341
56.26	-3.3345
56.26	-3.3351
56.26	-3.3353
56.25	-3.3357
56.25	-3.3362
56.25	-3.3368
56.25	-3.3370
56.24	-3.3373
56.23	-3.3375
56.24	-3.3379
56.23	-3.3381
56.23	-3.3384
56.23	-3.3389
56.23	-3.3392
56.23	-3.3396
56.22	-3.3400
56.22	-3.3401
56.22	-3.3406
56.21	-3.3410
56.21	-3.3413
56.22	-3.3415
56.21	-3.3420
56.20	-3.3424
56.20	-3.3426
56.20	-3.3429
56.20	-3.3434
56.20	-3.3437
56.19	-3.3441
56.19	-3.3445
56.19	-3.3447
56.19	-3.3451
56.18	-3.3456
56.17	-3.3458
56.18	-3.3461
56.18	-3.3467
56.17	-3.3472
56.17	-3.3474
56.17	-3.3479
56.17	-3.3481
56.17	-3.3485
56.16	-3.3488
56.15	-3.3494
56.15	-3.3498
56.15	-3.3500
56.15	-3.3504
56.15	-3.3509
56.14	-3.3511
56.14	-3.3516
56.14	-3.3516
56.14	-3.3518
56.14	-3.3523
56.13	-3.3530
56.12	-3.3532
56.12	-3.3536
56.12	-3.3539
56.13	-3.3542
56.12	-3.3545
56.11	-3.3548
56.11	-3.3552
56.11	-3.3557
56.11	-3.3558
56.11	-3.3563
56.11	-3.3565
56.10	-3.3570
56.09	-3.3575
56.09	-3.3577
56.08	-3.3583
56.08	-3.3585
56.08	-3.3590
56.09	-3.3595
56.09	-3.3595
56.08	-3.3600
56.08	-3.3604
56.07	-3.3606
56.07	-3.3611
56.07	-3.3614
56.08	-3.3618
56.08	-3.3622
56.07	-3.3625
56.07	-3.3630
56.06	-3.3633
56.05	-3.3636
56.05	-3.3638
56.05	-3.3643
56.05	-3.3645
56.05	-3.3650
56.05	-3.3653
56.05	-3.3656
56.05	-3.3659
56.05	-3.3661
56.04	-3.3665
56.03	-3.3670
56.02	-3.3673
56.02	-3.3676
56.02	-3.3680
56.02	-3.3682
56.02	-3.3685
56.02	-3.3690
56.01	-3.3693
56.01	-3.3697
56.02	-3.3700
56.02	-3.3705
56.01	-3.3707
56.01	-3.3711
56.00	-3.3714
56.00	-3.3716
56.00	-3.3718
55.99	-3.3724
55.98	-3.3724
55.98	-3.3728
55.97	-3.3731
55.97	-3.3734
55.96	-3.3737
55.96	-3.3742
55.96	-3.3743
55.95	-3.3749
55.95	-3.3750
55.95	-3.3754
55.95	-3.3757
55.95	-3.3760
55.94	-3.3761
55.94	-3.3766
55.93	-3.3767
55.93	-3.3772
55.93	-3.3774
55.93	-3.3779
55.93	-3.3782
55.93	-3.3784
55.93	-3.3788
55.93	-3.3789
55.93	-3.3793
55.92	-3.3797
55.92	-3.3801
55.92	-3.3805
55.92	-3.3807
55.92	-3.3809
55.92	-3.3813
55.92	-3.3815
55.92	-3.3819
55.92	-3.3821
55.92	-3.3824
55.92	-3.3827
55.92	-3.3830
55.92	-3.3832
55.92	-3.3837
55.92	-3.3838
55.92	-3.3841
55.91	-3.3843
55.91	-3.3846
55.90	-3.3850
55.89	-3.3853
55.88	-3.3858
55.88	-3.3860
55.88	-3.3863
55.87	-3.3864
55.86	-3.3868
55.86	-3.3871
55.86	-3.3874
55.86	-3.3878
55.87	-3.3880
55.87	-3.3885
55.88	-3.3886
55.87	-3.3890
55.87	-3.3891
55.86	-3.3895
55.85	-3.3898
55.84	-3.3901
55.84	-3.3903
55.83	-3.3906
55.83	-3.3908
55.84	-3.3913
55.84	-3.3915
55.84	-3.3917
55.84	-3.3919
55.83	-3.3922
55.83	-3.3926
55.82	-3.3927
55.81	-3.3930
55.81	-3.3931
55.81	-3.3936
55.82	-3.3938
55.82	-3.3940
55.82	-3.3943
55.81	-3.3945
55.80	-3.3947
55.80	-3.3950
55.80	-3.3953
55.80	-3.3956
55.80	-3.3956
55.80	-3.3962
55.79	-3.3965
55.78	-3.3969
55.77	-3.3970
55.78	-3.3974
55.78	-3.3978
55.78	-3.3980
55.78	-3.3982
55.77	-3.3987
55.77	-3.3990
55.77	-3.3993
55.77	-3.3996
55.76	-3.3999
55.75	-3.4002
55.75	-3.4003
55.75	-3.4007
55.75	-3.4012
55.76	-3.4014
55.75	-3.4016
55.74	-3.4018
55.74	-3.4023
55.74	-3.4026
55.74	-3.4029
55.73	-3.4032
55.73	-3.4035
55.72	-3.4037
55.73	-3.4041
55.73	-3.4043
55.72	-3.4046
55.71	-3.4049
55.71	-3.4051
55.71	-3.4056
55.71	-3.4058
55.71	-3.4062
55.70	-3.4063
55.70	-3.4065
55.70	-3.4068
55.69	-3.4072
55.69	-3.4077
55.69	-3.4078
55.69	-3.4081
55.68	-3.4084
55.68	-3.4085
55.68	-3.4088
55.68	-3.4092
55.68	-3.4096
55.67	-3.4098
55.67	-3.4101
55.68	-3.4104
55.67	-3.4105
55.66	-3.4111
55.66	-3.4114
55.67	-3.4115
55.66	-3.4118
55.65	-3.4122
55.65	-3.4124
55.65	-3.4128
55.64	-3.4132
55.65	-3.4135
55.65	-3.4139
55.65	-3.4140
55.64	-3.4144
55.64	-3.4149
55.63	-3.4148
55.63	-3.4155
55.63	-3.4158
55.63	-3.4161
55.62	-3.4161
55.62	-3.4166
55.62	-3.4169
55.62	-3.4174
55.61	-3.4177
55.61	-3.4181
55.60	-3.4183
55.60	-3.4188
55.60	-3.4190
55.60	-3.4194
55.59	-3.4197
55.59	-3.4203
55.59	-3.4205
55.59	-3.4208
55.59	-3.4210
55.59	-3.4213
55.58	-3.4216
55.58	-3.4221
55.58	-3.4224
55.57	-3.4226
55.58	-3.4229
55.57	-3.4235
55.57	-3.4237
55.57	-3.4241
55.56	-3.4242
55.56	-3.4246
55.56	-3.4250
55.55	-3.4254
55.55	-3.4256
55.55	-3.4258
55.55	-3.4263
55.55	-3.4267
55.54	-3.4270
55.54	-3.4271
55.53	-3.4275
55.53	-3.4279
55.53	-3.4283
55.53	-3.4286
55.53	-3.4290
55.53	-3.4294
55.52	-3.4297
55.52	-3.4300
55.52	-3.4304
55.52	-3.4306
55.52	-3.4310
55.51	-3.4313
55.51	-3.4317
55.50	-3.4319
55.50	-3.4320
55.50	-3.4323
55.50	-3.4329
55.50	-3.4330
55.49	-3.4333
55.50	-3.4335
55.49	-3.4340
55.49	-3.4343
55.49	-3.4347
55.48	-3.4352
55.48	-3.4356
55.48	-3.4356
55.48	-3.4361
55.48	-3.4364
55.48	-3.4367
55.47	-3.4370
55.47	-3.4374
55.47	-3.4377
55.46	-3.4381
55.46	-3.4383
55.46	-3.4386
55.46	-3.4390
55.45	-3.4393
55.45	-3.4396
55.45	-3.4399
55.45	-3.4402
55.44	-3.4405
55.45	-3.4410
55.44	-3.4411
55.44	-3.4416
55.43	-3.4421
55.43	-3.4423
55.43	-3.4428
55.43	-3.4430
55.42	-3.4433
55.42	-3.4434
55.42	-3.4437
55.42	-3.4442
55.41	-3.4447
55.41	-3.4450
55.41	-3.4452
55.40	-3.4455
55.40	-3.4460
55.40	-3.4464
55.39	-3.4467
55.39	-3.4470
55.39	-3.4474
55.39	-3.4478
55.39	-3.4480
55.38	-3.4483
55.38	-3.4485
55.38	-3.4488
55.38	-3.4491
55.38	-3.4494
55.37	-3.4498
55.37	-3.4502
55.37	-3.4504
55.36	-3.4507
55.36	-3.4511
55.36	-3.4512
55.35	-3.4517
55.35	-3.4520
55.34	-3.4523
55.34	-3.4526
55.34	-3.4528
55.34	-3.4530
55.34	-3.4533
55.34	-3.4535
55.34	-3.4538
55.34	-3.4540
55.34	-3.4544
55.33	-3.4546
55.33	-3.4549
55.32	-3.4549
55.32	-3.4553
55.32	-3.4555
55.32	-3.4558
55.32	-3.4560
55.31	-3.4564
55.31	-3.4564
55.31	-3.4568
55.30	-3.4569
55.30	-3.4573
55.30	-3.4574
55.30	-3.4577
55.30	-3.4580
55.29	-3.4581
55.29	-3.4583
55.29	-3.4588
55.28	-3.4591
55.28	-3.4591
55.28	-3.4594
55.28	-3.4596
55.28	-3.4597
55.27	-3.4601
55.27	-3.4602
55.27	-3.4604
55.27	-3.4607
55.27	-3.4607
55.26	-3.4609
55.26	-3.4613
55.26	-3.4614
55.26	-3.4616
55.25	-3.4618
55.25	-3.4620
55.25	-3.4622
55.24	-3.4624
55.24	-3.4626
55.24	-3.4627
55.24	-3.4632
55.23	-3.4630
55.23	-3.4634
55.23	-3.4635
55.23	-3.4641
55.23	-3.4641
55.23	-3.4642
55.22	-3.4643
55.22	-3.4644
55.21	-3.4645
55.21	-3.4649
55.21	-3.4650
55.20	-3.4649
55.20	-3.4652
55.20	-3.4651
55.20	-3.4656
55.20	-3.4655
55.20	-3.4655
55.19	-3.4657
55.19	-3.4658
55.19	-3.4659
55.18	-3.4659
55.18	-3.4659
55.18	-3.4661
55.18	-3.4661
55.18	-3.4661
55.17	-3.4663
55.17	-3.4663
55.17	-3.4665
55.17	-3.4665
55.16	-3.4666
55.15	-3.4666
55.15	-3.4665
55.15	-3.4667
55.15	-3.4667
55.15	-3.4668
55.14	-3.4667
55.14	-3.4667
55.14	-3.4667
55.14	-3.4668
55.13	-3.4669
55.13	-3.4670
55.13	-3.4669
55.12	-3.4671
55.12	-3.4670
55.12	-3.4671
55.12	-3.4671
55.12	-3.4670
55.12	-3.4669
55.11	-3.4670
55.11	-3.4669
55.11	-3.4670
55.10	-3.4670
55.10	-3.4668
55.09	-3.4667
55.09	-3.4668
55.09	-3.4668
55.09	-3.4667
55.09	-3.4666
55.08	-3.4666
55.08	-3.4666
55.08	-3.4665
55.08	-3.4663
55.08	-3.4663
55.07	-3.4662
55.07	-3.4660
55.07	-3.4660
55.07	-3.4659
55.06	-3.4659
55.06	-3.4658
55.06	-3.4657
55.05	-3.4656
55.05	-3.4655
55.05	-3.4650
55.05	-3.4653
55.05	-3.4649
55.05	-3.4649
55.04	-3.4647
55.04	-3.4645
55.04	-3.4644
55.04	-3.4641
55.03	-3.4641
55.03	-3.4638
55.02	-3.4636
55.02	-3.4635
55.02	-3.4635
55.02	-3.4630
55.02	-3.4629
55.02	-3.4626
55.02	-3.4626
55.01	-3.4623
55.00	-3.4619
55.00	-3.4618
55.00	-3.4617
55.00	-3.4614
54.99	-3.4612
54.99	-3.4610
54.99	-3.4606
54.99	-3.4606
54.99	-3.4602
54.98	-3.4602
54.98	-3.4600
54.98	-3.4597
54.98	-3.4594
54.97	-3.4593
54.97	-3.4590
54.97	-3.4590
54.97	-3.4586
54.96	-3.4583
54.96	-3.4580
54.96	-3.4578
54.96	-3.4574
54.95	-3.4573
54.95	-3.4572
54.95	-3.4567
54.95	-3.4564
54.95	-3.4563
54.94	-3.4560
54.94	-3.4557
54.93	-3.4554
54.93	-3.4553
54.93	-3.4550
54.93	-3.4545
54.93	-3.4543
54.92	-3.4541
54.92	-3.4536
54.92	-3.4534
54.92	-3.4530
54.91	-3.4529
54.91	-3.4529
54.90	-3.4525
54.90	-3.4522
54.90	-3.4519
54.90	-3.4514
54.90	-3.4513
54.90	-3.4508
54.89	-3.4507
54.89	-3.4505
54.89	-3.4503
54.88	-3.4498
54.88	-3.4495
54.88	-3.4491
54.88	-3.4489
54.88	-3.4484
54.88	-3.4484
54.87	-3.4480
54.87	-3.4474
54.87	-3.4472
54.87	-3.4469
54.87	-3.4468
54.86	-3.4463
54.85	-3.4461
54.85	-3.4458
54.85	-3.4455
54.85	-3.4451
54.84	-3.4448
54.84	-3.4445
54.84	-3.4442
54.84	-3.4436
54.83	-3.4436
54.83	-3.4432
54.83	-3.4427
54.83	-3.4424
54.83	-3.4420
54.83	-3.4418
54.82	-3.4415
54.82	-3.4412
54.82	-3.4408
54.82	-3.4403
54.81	-3.4400
54.81	-3.4399
54.81	-3.4393
54.81	-3.4391
54.80	-3.4386
54.80	-3.4379
54.80	-3.4378
54.80	-3.4374
54.80	-3.4372
54.80	-3.4366
54.79	-3.4365
54.79	-3.4359
54.78	-3.4357
54.77	-3.4354
54.77	-3.4350
54.77	-3.4347
54.77	-3.4343
54.77	-3.4338
54.77	-3.4335
54.77	-3.4332
54.76	-3.4327
54.76	-3.4324
54.76	-3.4321
54.75	-3.4316
54.75	-3.4312
54.75	-3.4308
54.75	-3.4305
54.74	-3.4299
54.74	-3.4298
54.74	-3.4295
54.73	-3.4288
54.73	-3.4286
54.73	-3.4281
54.73	-3.4279
54.73	-3.4274
54.73	-3.4270
54.72	-3.4267
54.72	-3.4263
54.72	-3.4259
54.71	-3.4258
54.71	-3.4252
54.71	-3.4248
54.71	-3.4243
54.70	-3.4239
54.70	-3.4235
54.70	-3.4230
54.70	-3.4228
54.70	-3.4225
54.69	-3.4221
54.69	-3.4215
54.69	-3.4213
54.68	-3.4210
54.68	-3.4204
54.68	-3.4203
54.68	-3.4197
54.67	-3.4193
54.67	-3.4188
54.67	-3.4184
54.66	-3.4180
54.66	-3.4178
54.66	-3.4175
54.66	-3.4170
54.66	-3.4165
54.66	-3.4160
54.66	-3.4157
54.65	-3.4151
54.65	-3.4149
54.65	-3.4144
54.65	-3.4141
54.65	-3.4137
54.64	-3.4133
54.64	-3.4128
54.64	-3.4125
54.63	-3.4120
54.63	-3.4117
54.62	-3.4113
54.62	-3.4108
54.62	-3.4105
54.62	-3.4099
54.61	-3.4096
54.61	-3.4091
54.61	-3.4087
54.60	-3.4084
54.60	-3.4081
54.60	-3.4075
54.60	-3.4073
54.60	-3.4068
54.60	-3.4065
54.60	-3.4059
54.59	-3.4057
54.59	-3.4052
54.59	-3.4049
54.59	-3.4045
54.58	-3.4041
54.58	-3.4036
54.58	-3.4033
54.58	-3.4029
54.58	-3.4025
54.58	-3.4021
54.57	-3.4019
54.57	-3.4013
54.56	-3.4010
54.56	-3.4006
54.56	-3.4001
54.55	-3.3997
54.55	-3.3996
54.55	-3.3989
54.55	-3.3987
54.55	-3.3982
54.54	-3.3980
54.54	-3.3975
54.54	-3.3972
54.54	-3.3969
54.54	-3.3965
54.53	-3.3960
54.53	-3.3956
54.53	-3.3954
54.52	-3.3947
54.52	-3.3947
54.52	-3.3941
54.51	-3.3939
54.51	-3.3934
54.51	-3.3930
54.51	-3.3927
54.50	-3.3921
54.50	-3.3918
54.50	-3.3914
54.50	-3.3911
54.50	-3.3906
54.50	-3.3902
54.49	-3.3898
54.49	-3.3895
54.49	-3.3891
54.49	-3.3887
54.48	-3.3882
54.48	-3.3879
54.48	-3.3875
54.48	-3.3873
54.47	-3.3866
54.47	-3.3862
54.47	-3.3859
54.46	-3.3855
54.46	-3.3851
54.46	-3.3848
54.45	-3.3845
54.45	-3.3838
54.45	-3.3837
54.45	-3.3831
54.45	-3.3827
54.44	-3.3826
54.44	-3.3821
54.44	-3.3817
54.44	-3.3812
54.43	-3.3808
54.43	-3.3805
54.43	-3.3802
54.43	-3.3797
54.43	-3.3791
54.42	-3.3788
54.42	-3.3785
54.42	-3.3781
54.41	-3.3776
54.41	-3.3774
54.41	-3.3770
54.41	-3.3767
54.40	-3.3763
54.40	-3.3759
54.39	-3.3755
54.39	-3.3754
54.39	-3.3750
54.39	-3.3745
54.39	-3.3741
54.39	-3.3737
54.38	-3.3735
54.38	-3.3730
54.38	-3.3728
54.38	-3.3724
54.37	-3.3721
54.37	-3.3717
54.37	-3.3714
54.37	-3.3707
54.36	-3.3704
54.36	-3.3700
54.36	-3.3699
54.36	-3.3695
54.35	-3.3691
54.35	-3.3686
54.35	-3.3682
54.34	-3.3680
54.34	-3.3677
54.34	-3.3673
54.34	-3.3669
54.34	-3.3667
54.33	-3.3662
54.33	-3.3658
54.33	-3.3654
54.33	-3.3649
54.33	-3.3645
54.32	-3.3641
54.32	-3.3640
54.32	-3.3635
54.31	-3.3632
54.31	-3.3628
54.31	-3.3624
54.31	-3.3621
54.30	-3.3617
54.30	-3.3613
54.30	-3.3611
54.30	-3.3606
54.29	-3.3603
54.29	-3.3599
54.28	-3.3594
54.28	-3.3589
54.28	-3.3586
54.28	-3.3584
54.28	-3.3579
54.27	-3.3575
54.27	-3.3573
54.27	-3.3567
54.27	-3.3563
54.27	-3.3561
54.27	-3.3558
54.26	-3.3551
54.26	-3.3549
54.26	-3.3545
54.26	-3.3543
54.25	-3.3539
54.25	-3.3535
54.24	-3.3530
54.24	-3.3525
54.23	-3.3523
54.23	-3.3519
54.23	-3.3514
54.23	-3.3509
54.23	-3.3505
54.23	-3.3501
54.23	-3.3498
54.23	-3.3492
54.23	-3.3488
54.22	-3.3486
54.22	-3.3481
54.21	-3.3479
54.21	-3.3475
54.21	-3.3470
54.21	-3.3469
54.20	-3.3464
54.20	-3.3460
54.20	-3.3455
54.20	-3.3450
54.20	-3.3446
54.20	-3.3444
54.19	-3.3440
54.19	-3.3433
54.19	-3.3432
54.18	-3.3429
54.18	-3.3422
54.18	-3.3419
54.18	-3.3418
54.17	-3.3411
54.17	-3.3409
54.16	-3.3406
54.16	-3.3402
54.16	-3.3396
54.15	-3.3392
54.15	-3.3389
54.15	-3.3386
54.15	-3.3380
54.15	-3.3377
54.15	-3.3376
54.15	-3.3369
54.14	-3.3368
54.14	-3.3362
54.14	-3.3358
54.14	-3.3357
54.13	-3.3352
54.13	-3.3349
54.13	-3.3346
54.13	-3.3341
54.12	-3.3337
54.12	-3.3336
54.11	-3.3331
54.11	-3.3326
54.11	-3.3322
54.11	-3.3319
54.10	-3.3315
54.10	-3.3312
54.10	-3.3310
54.09	-3.3305
54.09	-3.3303
54.09	-3.3300
54.09	-3.3295
54.09	-3.3290
54.08	-3.3288
54.08	-3.3281
54.08	-3.3279
54.08	-3.3275
54.08	-3.3273
54.07	-3.3267
54.07	-3.3262
54.06	-3.3260
54.06	-3.3255
54.06	-3.3253
54.06	-3.3250
54.06	-3.3244
54.06	-3.3243
54.05	-3.3236
54.05	-3.3235
54.05	-3.3230
54.05	-3.3227
54.04	-3.3222
54.04	-3.3219
54.04	-3.3216
54.03	-3.3213
54.03	-3.3209
54.03	-3.3205
54.02	-3.3203
54.02	-3.3198
54.02	-3.3195
54.02	-3.3193
54.02	-3.3188
54.02	-3.3183
54.01	-3.3182
54.01	-3.3179
54.01	-3.3174
54.00	-3.3169
54.00	-3.3166
54.00	-3.3161
54.00	-3.3160
53.99	-3.3157
53.99	-3.3154
53.99	-3.3150
53.98	-3.3145
53.98	-3.3144
53.98	-3.3139
53.98	-3.3136
53.98	-3.3135
53.98	-3.3130
53.97	-3.3126
53.97	-3.3124
53.97	-3.3120
53.97	-3.3117
53.96	-3.3116
53.96	-3.3108
53.96	-3.3108
53.95	-3.3102
53.95	-3.3100
53.95	-3.3098
53.95	-3.3092
53.95	-3.3088
53.95	-3.3087
53.95	-3.3080
53.94	-3.3077
53.94	-3.3075
53.93	-3.3072
53.93	-3.3069
53.93	-3.3064
53.93	-3.3062
53.93	-3.3058
53.93	-3.3054
53.92	-3.3051
53.92	-3.3051
53.92	-3.3044
53.91	-3.3042
53.91	-3.3037
53.91	-3.3034
53.90	-3.3032
53.90	-3.3028
53.90	-3.3025
53.90	-3.3021
53.90	-3.3019
53.89	-3.3016
53.89	-3.3012
53.89	-3.3009
53.89	-3.3006
53.88	-3.3004
53.88	-3.2999
53.88	-3.2995
53.88	-3.2992
53.87	-3.2988
53.87	-3.2986
53.87	-3.2985
53.87	-3.2980
53.86	-3.2978
53.86	-3.2976
53.86	-3.2970
53.86	-3.2969
53.85	-3.2965
53.84	-3.2961
53.84	-3.2960
53.84	-3.2956
53.84	-3.2954
53.84	-3.2950
53.83	-3.2946
53.83	-3.2945
53.83	-3.2942
53.83	-3.2938
53.83	-3.2937
53.83	-3.2932
53.83	-3.2929
53.82	-3.2927
53.82	-3.2926
53.82	-3.2923
53.82	-3.2921
53.82	-3.2917
53.81	-3.2916
53.81	-3.2911
53.80	-3.2909
53.80	-3.2906
53.80	-3.2903
53.79	-3.2901
53.79	-3.2897
53.79	-3.2896
53.79	-3.2893
53.79	-3.2892
53.79	-3.2890
53.78	-3.2886
53.78	-3.2880
53.77	-3.2878
53.77	-3.2877
53.77	-3.2874
53.77	-3.2870
53.77	-3.2867
53.76	-3.2863
53.76	-3.2862
53.76	-3.2858
53.76	-3.2856
53.75	-3.2853
53.75	-3.2850
53.75	-3.2846
53.75	-3.2842
53.75	-3.2842
53.74	-3.2839
53.74	-3.2836
53.74	-3.2832
53.73	-3.2831
53.73	-3.2828
53.73	-3.2826
53.73	-3.2824
53.72	-3.2819
53.72	-3.2818
53.72	-3.2814
53.72	-3.2812
53.71	-3.2810
53.71	-3.2807
53.71	-3.2803
53.71	-3.2803
53.70	-3.2799
53.70	-3.2797
53.70	-3.2795
53.70	-3.2792
53.70	-3.2789
53.70	-3.2787
53.69	-3.2784
53.69	-3.2781
53.69	-3.2779
53.69	-3.2774
53.68	-3.2772
53.68	-3.2771
53.68	-3.2767
53.68	-3.2762
53.67	-3.2761
53.67	-3.2759
53.67	-3.2755
53.67	-3.2753
53.67	-3.2751
53.66	-3.2748
53.66	-3.2746
53.66	-3.2743
53.65	-3.2741
53.65	-3.2737
53.65	-3.2733
53.65	-3.2731
53.64	-3.2730
53.64	-3.2728
53.64	-3.2727
53.63	-3.2723
53.63	-3.2721
53.63	-3.2719
53.63	-3.2717
53.62	-3.2717
53.62	-3.2713
53.62	-3.2710
53.62	-3.2709
53.61	-3.2707
53.61	-3.2704
53.61	-3.2702
53.61	-3.2701
53.60	-3.2700
53.60	-3.2697
53.60	-3.2694
53.59	-3.2695
53.59	-3.2691
53.59	-3.2690
53.59	-3.2688
53.59	-3.2685
53.59	-3.2684
53.58	-3.2681
53.58	-3.2680
53.58	-3.2679
53.58	-3.2676
53.57	-3.2673
53.57	-3.2673
53.57	-3.2669
53.57	-3.2669
53.56	-3.2665
53.56	-3.2664
53.56	-3.2662
53.55	-3.2658
53.55	-3.2657
53.55	-3.2655
53.55	-3.2654
53.54	-3.2651
53.54	-3.2648
53.54	-3.2647
53.53	-3.2645
53.53	-3.2641
53.53	-3.2639
53.53	-3.2638
53.53	-3.2637
53.52	-3.2633
53.52	-3.2630
53.52	-3.2629
53.52	-3.2626
53.51	-3.2625
53.51	-3.2621
53.51	-3.2619
53.51	-3.2619
53.51	-3.2616
53.50	-3.2613
53.50	-3.2613
53.49	-3.2610
53.49	-3.2606
53.49	-3.2605
53.49	-3.2601
53.48	-3.2598
53.48	-3.2595
53.48	-3.2593
53.48	-3.2590
53.48	-3.2588
53.47	-3.2588
53.47	-3.2585
53.46	-3.2581
53.46	-3.2580
53.46	-3.2578
53.46	-3.2575
53.46	-3.2571
53.45	-3.2571
53.45	-3.2568
53.45	-3.2567
53.45	-3.2563
53.45	-3.2561
53.45	-3.2559
53.44	-3.2559
53.44	-3.2556
53.43	-3.2553
53.43	-3.2552
53.43	-3.2550
53.43	-3.2546
53.43	-3.2545
53.43	-3.2541
53.43	-3.2540
53.43	-3.2539
53.42	-3.2535
53.42	-3.2534
53.42	-3.2532
53.41	-3.2532
53.41	-3.2528
53.40	-3.2527
53.40	-3.2523
53.40	-3.2522
53.40	-3.2520
53.40	-3.2521
53.39	-3.2517
53.39	-3.2512
53.39	-3.2512
53.39	-3.2512
53.39	-3.2510
53.39	-3.2509
53.38	-3.2506
53.38	-3.2505
53.37	-3.2502
53.37	-3.2502
53.36	-3.2499
53.36	-3.2497
53.36	-3.2495
53.36	-3.2493
53.35	-3.2491
53.35	-3.2491
53.35	-3.2489
53.35	-3.2488
53.34	-3.2486
53.34	-3.2484
53.34	-3.2481
53.34	-3.2479
53.33	-3.2478
53.33	-3.2476
53.33	-3.2475
53.33	-3.2473
53.33	-3.2469
53.32	-3.2470
53.32	-3.2468
53.32	-3.2468
53.32	-3.2465
53.32	-3.2465
53.31	-3.2463
53.31	-3.2461
53.31	-3.2459
53.30	-3.2457
53.30	-3.2456
53.30	-3.2454
53.30	-3.2453
53.30	-3.2451
53.30	-3.2449
53.29	-3.2447
53.29	-3.2445
53.28	-3.2444
53.28	-3.2445
53.28	-3.2442
53.27	-3.2439
53.27	-3.2439
53.27	-3.2436
53.27	-3.2437
53.27	-3.2434
53.27	-3.2433
53.26	-3.2432
53.26	-3.2431
53.26	-3.2428
53.25	-3.2427
53.25	-3.2426
53.25	-3.2424
53.25	-3.2421
53.24	-3.2421
53.24	-3.2420
53.23	-3.2420
53.24	-3.2418
53.23	-3.2416
53.23	-3.2415
53.23	-3.2414
53.23	-3.2414
53.23	-3.2412
53.23	-3.2412
53.23	-3.2408
53.22	-3.2409
53.22	-3.2408
53.21	-3.2404
53.21	-3.2405
53.21	-3.2405
53.20	-3.2401
53.20	-3.2400
53.20	-3.2401
53.20	-3.2398
53.20	-3.2400
53.20	-3.2397
53.19	-3.2398
53.19	-3.2396
53.18	-3.2395
53.18	-3.2394
53.18	-3.2392
53.17	-3.2392
53.17	-3.2389
53.17	-3.2389
53.16	-3.2387
53.16	-3.2387
53.16	-3.2385
53.16	-3.2385
53.16	-3.2383
53.15	-3.2382
53.15	-3.2381
53.15	-3.2380
53.15	-3.2379
53.15	-3.2378
53.14	-3.2377
53.14	-3.2374
53.14	-3.2374
53.14	-3.2372
53.14	-3.2372
53.13	-3.2371
53.13	-3.2369
53.13	-3.2370
53.13	-3.2368
53.12	-3.2367
53.12	-3.2367
53.12	-3.2364
53.12	-3.2365
53.11	-3.2363
53.11	-3.2362
53.10	-3.2362
53.10	-3.2361
53.09	-3.2359
53.09	-3.2358
53.09	-3.2357
53.09	-3.2357
53.09	-3.2355
53.08	-3.2354
53.08	-3.2353
53.08	-3.2352
53.08	-3.2349
53.08	-3.2349
53.08	-3.2346
53.08	-3.2346
53.08	-3.2345
53.08	-3.2344
53.07	-3.2344
53.07	-3.2342
53.06	-3.2342
53.06	-3.2341
53.06	-3.2340
53.06	-3.2341
53.05	-3.2338
53.05	-3.2334
53.05	-3.2336
53.05	-3.2335
53.05	-3.2336
53.04	-3.2333
53.04	-3.2333
53.04	-3.2331
53.03	-3.2331
53.03	-3.2331
53.02	-3.2327
53.02	-3.2328
53.02	-3.2328
53.02	-3.2327
53.02	-3.2327
53.01	-3.2325
53.01	-3.2323
53.00	-3.2324
53.00	-3.2322
53.00	-3.2322
53.00	-3.2322
53.00	-3.2322
53.00	-3.2320
53.00	-3.2319
53.00	-3.2316
53.00	-3.2317
52.99	-3.2314
52.98	-3.2314
52.98	-3.2314
52.98	-3.2313
52.98	-3.2309
52.98	-3.2311
52.97	-3.2308
52.97	-3.2310
52.96	-3.2308
52.96	-3.2305
52.96	-3.2306
52.95	-3.2305
52.95	-3.2304
52.95	-3.2302
52.95	-3.2302
52.95	-3.2301
52.95	-3.2300
52.94	-3.2301
52.94	-3.2298
52.94	-3.2299
52.94	-3.2298
52.94	-3.2297
52.93	-3.2297
52.93	-3.2297
52.93	-3.2295
52.92	-3.2294
52.92	-3.2293
52.92	-3.2292
52.92	-3.2293
52.92	-3.2291
52.91	-3.2291
52.91	-3.2287
52.90	-3.2289
52.90	-3.2289
52.90	-3.2288
52.90	-3.2287
52.90	-3.2287
52.89	-3.2283
52.89	-3.2283
52.88	-3.2283
52.88	-3.2282
52.88	-3.2279
52.88	-3.2278
52.88	-3.2279
52.88	-3.2276
52.88	-3.2275
52.88	-3.2275
52.87	-3.2272
52.87	-3.2270
52.87	-3.2270
52.86	-3.2268
52.86	-3.2269
52.86	-3.2267
52.85	-3.2268
52.85	-3.2266
52.85	-3.2266
52.85	-3.2265
52.84	-3.2265
52.84	-3.2262
52.84	-3.2262
52.84	-3.2262
52.83	-3.2261
52.83	-3.2260
52.83	-3.2260
52.83	-3.2258
52.83	-3.2259
52.82	-3.2256
52.82	-3.2257
52.82	-3.2254
52.82	-3.2254
52.81	-3.2254
52.81	-3.2251
52.81	-3.2252
52.81	-3.2251
52.80	-3.2249
52.80	-3.2248
52.80	-3.2248
52.80	-3.2246
52.80	-3.2248
52.79	-3.2246
52.79	-3.2245
52.79	-3.2246
52.79	-3.2244
52.78	-3.2243
52.78	-3.2241
52.78	-3.2243
52.77	-3.2242
52.77	-3.2241
52.77	-3.2239
52.77	-3.2236
52.77	-3.2239
52.77	-3.2239
52.76	-3.2237
52.76	-3.2239
52.75	-3.2235
52.75	-3.2235
52.74	-3.2233
52.74	-3.2232
52.74	-3.2232
52.74	-3.2230
52.74	-3.2231
52.73	-3.2229
52.73	-3.2228
52.73	-3.2227
52.73	-3.2226
52.73	-3.2226
52.72	-3.2226
52.72	-3.2225
52.72	-3.2225
52.71	-3.2222
52.71	-3.2223
52.71	-3.2222
52.71	-3.2221
52.71	-3.2223
52.71	-3.2220
52.71	-3.2220
52.70	-3.2219
52.70	-3.2220
52.70	-3.2218
52.70	-3.2217
52.70	-3.2216
52.69	-3.2215
52.68	-3.2214
52.68	-3.2214
52.68	-3.2214
52.68	-3.2212
52.68	-3.2211
52.67	-3.2212
52.67	-3.2211
52.67	-3.2209
52.67	-3.2208
52.67	-3.2208
52.66	-3.2206
52.66	-3.2206
52.66	-3.2204
52.66	-3.2206
52.65	-3.2204
52.65	-3.2205
52.65	-3.2205
52.65	-3.2200
52.65	-3.2200
52.64	-3.2198
52.63	-3.2199
52.63	-3.2198
52.63	-3.2199
52.63	-3.2197
52.63	-3.2195
52.63	-3.2198
52.63	-3.2194
52.62	-3.2196
52.62	-3.2193
52.61	-3.2193
52.61	-3.2193
52.61	-3.2193
52.61	-3.2190
52.60	-3.2190
52.60	-3.2192
52.59	-3.2190
52.59	-3.2190
52.59	-3.2189
52.59	-3.2187
52.59	-3.2187
52.58	-3.2185
52.58	-3.2185
52.58	-3.2185
52.58	-3.2184
52.58	-3.2184
52.58	-3.2183
52.57	-3.2183
52.56	-3.2182
52.56	-3.2182
52.56	-3.2179
52.56	-3.2179
52.55	-3.2180
52.55	-3.2178
52.55	-3.2177
52.55	-3.2178
52.55	-3.2178
52.54	-3.2174
52.54	-3.2177
52.54	-3.2174
52.54	-3.2174
52.54	-3.2172
52.53	-3.2170
52.53	-3.2171
52.53	-3.2169
52.52	-3.2170
52.52	-3.2169
52.52	-3.2169
52.52	-3.2166
52.51	-3.2168
52.51	-3.2165
52.51	-3.2164
52.50	-3.2165
52.50	-3.2164
52.50	-3.2165
52.50	-3.2161
52.50	-3.2163
52.50	-3.2163
52.49	-3.2160
52.49	-3.2159
52.49	-3.2160
52.49	-3.2159
52.48	-3.2157
52.48	-3.2156
52.48	-3.2157
52.47	-3.2157
52.47	-3.2154
52.47	-3.2155
52.47	-3.2152
52.47	-3.2151
52.46	-3.2151
52.46	-3.2151
52.46	-3.2150
52.46	-3.2148
52.45	-3.2150
52.45	-3.2147
52.45	-3.2149
52.45	-3.2146
52.44	-3.2145
52.44	-3.2145
52.44	-3.2143
52.43	-3.2143
52.43	-3.2142
52.43	-3.2141
52.43	-3.2140
52.43	-3.2141
52.42	-3.2142
52.42	-3.2141
52.42	-3.2139
52.42	-3.2138
52.41	-3.2136
52.41	-3.2138
52.41	-3.2137
52.40	-3.2138
52.40	-3.2136
52.40	-3.2136
52.40	-3.2135
52.40	-3.2134
52.39	-3.2135
52.39	-3.2133
52.39	-3.2131
52.39	-3.2130
52.39	-3.2129
52.38	-3.2131
52.38	-3.2129
52.38	-3.2128
52.37	-3.2131
52.37	-3.2129
52.36	-3.2129
52.36	-3.2128
52.36	-3.2128
52.36	-3.2128
52.35	-3.2126
52.35	-3.2127
52.35	-3.2125
52.35	-3.2126
52.34	-3.2125
52.34	-3.2125
52.34	-3.2125
52.34	-3.2122
52.33	-3.2123
52.33	-3.2123
52.33	-3.2119
52.33	-3.2121
52.33	-3.2120
52.33	-3.2118
52.33	-3.2117
52.33	-3.2118
52.32	-3.2118
52.32	-3.2116
52.32	-3.2115
52.31	-3.2114
52.31	-3.2114
52.31	-3.2114
52.30	-3.2114
52.30	-3.2114
52.30	-3.2112
52.30	-3.2114
52.29	-3.2111
52.29	-3.2109
52.29	-3.2111
52.29	-3.2109
52.29	-3.2110
52.28	-3.2109
52.28	-3.2109
52.27	-3.2109
52.27	-3.2107
52.27	-3.2108
52.27	-3.2107
52.26	-3.2106
52.26	-3.2104
52.26	-3.2104
52.26	-3.2104
52.25	-3.2102
52.25	-3.2103
52.25	-3.2104
52.25	-3.2104
52.25	-3.2101
52.25	-3.2102
52.24	-3.2103
52.24	-3.2098
52.23	-3.2101
52.23	-3.2099
52.23	-3.2097
52.23	-3.2096
52.23	-3.2097
52.23	-3.2097
52.22	-3.2094
52.22	-3.2094
52.22	-3.2094
52.21	-3.2093
52.21	-3.2094
52.21	-3.2094
52.21	-3.2092
52.20	-3.2092
52.20	-3.2093
52.20	-3.2093
52.20	-3.2091
52.20	-3.2090
52.19	-3.2089
52.19	-3.2090
52.18	-3.2089
52.18	-3.2088
52.18	-3.2087
52.18	-3.2086
52.17	-3.2088
52.17	-3.2086
52.17	-3.2084
52.16	-3.2084
52.16	-3.2084
52.16	-3.2083
52.16	-3.2083
52.16	-3.2083
52.15	-3.2083
52.15	-3.2081
52.15	-3.2081
52.15	-3.2082
52.15	-3.2080
52.15	-3.2079
52.14	-3.2078
52.14	-3.2078
52.13	-3.2078
52.13	-3.2077
52.13	-3.2076
52.13	-3.2076
52.13	-3.2077
52.13	-3.2077
52.12	-3.2074
52.12	-3.2076
52.12	-3.2076
52.12	-3.2074
52.11	-3.2074
52.11	-3.2073
52.10	-3.2072
52.10	-3.2072
52.10	-3.2073
52.10	-3.2070
52.10	-3.2071
52.09	-3.2071
52.09	-3.2068
52.09	-3.2070
52.09	-3.2071
52.08	-3.2068
52.08	-3.2067
52.08	-3.2067
52.08	-3.2071
52.08	-3.2069
52.07	-3.2067
52.07	-3.2066
52.07	-3.2070
52.06	-3.2067
52.06	-3.2066
52.06	-3.2066
52.06	-3.2064
52.05	-3.2064
52.05	-3.2065
52.05	-3.2064
52.05	-3.2065
52.05	-3.2062
52.05	-3.2061
52.04	-3.2062
52.04	-3.2060
52.03	-3.2060
52.03	-3.2060
52.03	-3.2060
52.02	-3.2058
52.02	-3.2060
52.02	-3.2058
52.02	-3.2057
52.02	-3.2055
52.02	-3.2056
52.02	-3.2054
52.01	-3.2055
52.01	-3.2055
52.01	-3.2054
52.00	-3.2052
52.00	-3.2054
52.00	-3.2050
52.00	-3.2053
51.99	-3.2050
51.99	-3.2050
51.99	-3.2051
51.99	-3.2048
51.98	-3.2049
51.98	-3.2049
51.98	-3.2048
51.97	-3.2048
51.97	-3.2046
51.97	-3.2047
51.97	-3.2047
51.97	-3.2044
51.96	-3.2046
51.96	-3.2042
51.96	-3.2043
51.96	-3.2042
51.96	-3.2042
51.95	-3.2042
51.95	-3.2042
51.95	-3.2041
51.95	-3.2039
51.94	-3.2040
51.94	-3.2036
51.94	-3.2038
51.93	-3.2036
51.93	-3.2038
51.93	-3.2036
51.93	-3.2033
51.93	-3.2033
51.93	-3.2034
51.92	-3.2031
51.92	-3.2030
51.92	-3.2031
51.91	-3.2030
51.91	-3.2030
51.91	-3.2029
51.91	-3.2030
51.90	-3.2027
51.90	-3.2027
51.90	-3.2027
51.89	-3.2026
51.89	-3.2025
51.89	-3.2024
51.89	-3.2023
51.89	-3.2023
51.88	-3.2022
51.88	-3.2020
51.88	-3.2020
51.87	-3.2020
51.87	-3.2019
51.87	-3.2018
51.87	-3.2018
51.86	-3.2015
51.86	-3.2014
51.86	-3.2014
51.86	-3.2015
51.86	-3.2012
51.85	-3.2013
51.85	-3.2012
51.84	-3.2012
51.84	-3.2011
51.84	-3.2011
51.84	-3.2010
51.84	-3.2011
51.84	-3.2010
51.84	-3.2010
51.83	-3.2009
51.83	-3.2010
51.83	-3.2009
51.83	-3.2009
51.82	-3.2007
51.82	-3.2005
51.82	-3.2007
51.81	-3.2007
51.81	-3.2006
51.81	-3.2007
51.81	-3.2006
51.80	-3.2006
51.80	-3.2005
51.80	-3.2003
51.80	-3.2003
51.80	-3.2003
51.79	-3.2002
51.79	-3.2003
51.78	-3.2003
51.78	-3.2001
51.78	-3.2002
51.78	-3.2001
51.78	-3.2001
51.77	-3.1999
51.77	-3.2002
51.77	-3.1998
51.77	-3.2001
51.77	-3.2000
51.77	-3.1999
51.76	-3.2000
51.76	-3.1999
51.76	-3.1998
51.75	-3.1998
51.75	-3.1997
51.75	-3.1998
51.75	-3.1998
51.74	-3.1996
51.73	-3.1997
51.73	-3.1997
51.73	-3.1994
51.73	-3.1995
51.73	-3.1994
51.73	-3.1995
51.73	-3.1995
51.73	-3.1993
51.72	-3.1991
51.72	-3.1993
51.71	-3.1991
51.71	-3.1990
51.71	-3.1990
51.71	-3.1989
51.70	-3.1988
51.70	-3.1987
51.70	-3.1989
51.70	-3.1988
51.70	-3.1985
51.69	-3.1987
51.69	-3.1984
51.69	-3.1986
51.69	-3.1983
51.68	-3.1984
51.68	-3.1984
51.68	-3.1982
51.68	-3.1981
51.67	-3.1982
51.67	-3.1979
51.67	-3.1979
51.66	-3.1980
51.66	-3.1979
51.65	-3.1979
51.65	-3.1977
51.65	-3.1977
51.65	-3.1977
51.65	-3.1977
51.65	-3.1976
51.64	-3.1974
51.64	-3.1973
51.63	-3.1973
51.63	-3.1972
51.63	-3.1973
51.63	-3.1972
51.63	-3.1974
51.63	-3.1972
51.63	-3.1969
51.63	-3.1968
51.62	-3.1967
51.62	-3.1967
51.62	-3.1966
51.61	-3.1966
51.61	-3.1965
51.61	-3.1966
51.61	-3.1964
51.60	-3.1965
51.60	-3.1963
51.59	-3.1962
51.59	-3.1962
51.59	-3.1960
51.59	-3.1961
51.59	-3.1960
51.58	-3.1960
51.58	-3.1958
51.58	-3.1958
51.58	-3.1958
51.58	-3.1958
51.57	-3.1959
51.57	-3.1957
51.57	-3.1956
51.56	-3.1954
51.56	-3.1954
51.55	-3.1955
51.55	-3.1953
51.55	-3.1953
51.55	-3.1953
51.55	-3.1954
51.55	-3.1953
51.55	-3.1952
51.55	-3.1951
51.54	-3.1951
51.54	-3.1951
51.53	-3.1949
51.53	-3.1949
51.52	-3.1947
51.52	-3.1948
51.52	-3.1947
51.52	-3.1947
51.52	-3.1948
51.51	-3.1947
51.51	-3.1947
51.50	-3.1946
51.50	-3.1947
51.50	-3.1946
51.50	-3.1946
51.50	-3.1945
51.50	-3.1944
51.50	-3.1943
51.49	-3.1944
51.49	-3.1942
51.49	-3.1942
51.49	-3.1941
51.49	-3.1943
51.48	-3.1943
51.48	-3.1942
51.48	-3.1941
51.47	-3.1943
51.47	-3.1940
51.46	-3.1939
51.46	-3.1937
51.46	-3.1935
51.45	-3.1938
51.45	-3.1936
51.45	-3.1936
51.45	-3.1935
51.45	-3.1935
51.45	-3.1934
51.45	-3.1933
51.44	-3.1933
51.44	-3.1932
51.44	-3.1931
51.43	-3.1932
51.43	-3.1930
51.43	-3.1931
51.43	-3.1931
51.43	-3.1931
51.43	-3.1931
51.42	-3.1929
51.42	-3.1929
51.41	-3.1929
51.41	-3.1929
51.41	-3.1929
51.41	-3.1928
51.40	-3.1927
51.40	-3.1927
51.40	-3.1927
51.40	-3.1927
51.40	-3.1927
51.40	-3.1927
51.39	-3.1926
51.39	-3.1925
51.38	-3.1922
51.38	-3.1925
51.38	-3.1926
51.38	-3.1923
51.38	-3.1923
51.38	-3.1923
51.37	-3.1923
51.37	-3.1924
51.37	-3.1921
51.36	-3.1922
51.36	-3.1920
51.36	-3.1920
51.35	-3.1922
51.35	-3.1921
51.35	-3.1920
51.35	-3.1918
51.35	-3.1920
51.34	-3.1920
51.34	-3.1917
51.34	-3.1920
51.34	-3.1916
51.33	-3.1919
51.33	-3.1916
51.33	-3.1918
51.33	-3.1918
51.33	-3.1917
51.32	-3.1916
51.32	-3.1915
51.32	-3.1916
51.31	-3.1914
51.31	-3.1914
51.31	-3.1914
51.30	-3.1915
51.30	-3.1914
51.30	-3.1916
51.30	-3.1915
51.30	-3.1915
51.29	-3.1914
51.29	-3.1915
51.29	-3.1914
51.28	-3.1913
51.28	-3.1914
51.27	-3.1912
51.27	-3.1913
51.27	-3.1909
51.27	-3.1913
51.27	-3.1911
51.27	-3.1909
51.26	-3.1909
51.26	-3.1909
51.26	-3.1912
51.26	-3.1909
51.25	-3.1908
51.25	-3.1908
51.25	-3.1908
51.25	-3.1907
51.24	-3.1906
51.25	-3.1906
51.25	-3.1905
51.25	-3.1905
51.24	-3.1903
51.24	-3.1903
51.24	-3.1903
51.23	-3.1902
51.23	-3.1902
51.23	-3.1902
51.23	-3.1902
51.22	-3.1901
51.22	-3.1902
51.22	-3.1900
51.21	-3.1899
51.21	-3.1901
51.21	-3.1899
51.20	-3.1900
51.20	-3.1900
51.20	-3.1899
51.20	-3.1899
51.19	-3.1898
51.19	-3.1895
51.19	-3.1896
51.18	-3.1896
51.18	-3.1896
51.18	-3.1895
51.18	-3.1896
51.17	-3.1894
51.17	-3.1894
51.16	-3.1895
51.16	-3.1893
51.16	-3.1894
51.15	-3.1893
51.15	-3.1892
51.15	-3.1893
51.15	-3.1893
51.15	-3.1893
51.15	-3.1893
51.15	-3.1891
51.15	-3.1890
51.15	-3.1891
51.14	-3.1893
51.14	-3.1893
51.14	-3.1891
51.13	-3.1890
51.13	-3.1893
51.13	-3.1893
51.13	-3.1890
51.13	-3.1891
51.12	-3.1890
51.12	-3.1890
51.12	-3.1891
51.11	-3.1889
51.11	-3.1892
51.11	-3.1889
51.11	-3.1891
51.10	-3.1889
51.10	-3.1888
51.09	-3.1888
51.09	-3.1888
51.09	-3.1888
51.09	-3.1888
51.09	-3.1887
51.09	-3.1889
51.08	-3.1888
51.08	-3.1888
51.08	-3.1886
51.08	-3.1884
51.08	-3.1882
51.08	-3.1884
51.07	-3.1883
51.06	-3.1884
51.06	-3.1884
51.06	-3.1882
51.05	-3.1881
51.05	-3.1883
51.05	-3.1881
51.05	-3.1882
51.05	-3.1882
51.05	-3.1881
51.05	-3.1881
51.05	-3.1880
51.04	-3.1880
51.04	-3.1878
51.03	-3.1878
51.03	-3.1876
51.03	-3.1876
51.02	-3.1875
51.02	-3.1876
51.02	-3.1875
51.02	-3.1875
51.02	-3.1875
51.01	-3.1874
51.01	-3.1873
51.01	-3.1874
51.01	-3.1873
51.00	-3.1873
51.00	-3.1873
51.00	-3.1872
51.00	-3.1872
51.00	-3.1871
51.00	-3.1872
50.99	-3.1872
50.99	-3.1870
50.99	-3.1871
50.99	-3.1870
50.99	-3.1870
50.98	-3.1869
50.98	-3.1869
50.98	-3.1867
50.98	-3.1866
50.97	-3.1867
50.97	-3.1868
50.96	-3.1867
50.96	-3.1867
50.96	-3.1865
50.96	-3.1864
50.95	-3.1863
50.95	-3.1864
50.95	-3.1862
50.95	-3.1862
50.95	-3.1861
50.95	-3.1861
50.95	-3.1861
50.94	-3.1862
50.93	-3.1862
50.93	-3.1860
50.93	-3.1860
50.93	-3.1858
50.92	-3.1858
50.92	-3.1859
50.92	-3.1856
50.92	-3.1857
50.91	-3.1856
50.91	-3.1855
50.91	-3.1855
50.91	-3.1856
50.91	-3.1855
50.90	-3.1853
50.90	-3.1853
50.90	-3.1854
50.89	-3.1852
50.89	-3.1851
50.89	-3.1850
50.89	-3.1849
50.88	-3.1849
50.88	-3.1848
50.88	-3.1847
50.88	-3.1850
50.88	-3.1847
50.88	-3.1847
50.88	-3.1845
50.88	-3.1846
50.87	-3.1845
50.87	-3.1848
50.86	-3.1845
50.86	-3.1844
50.85	-3.1842
50.85	-3.1844
50.85	-3.1844
50.85	-3.1843
50.84	-3.1841
50.84	-3.1844
50.84	-3.1842
50.84	-3.1841
50.84	-3.1841
50.83	-3.1841
50.83	-3.1841
50.83	-3.1839
50.83	-3.1838
50.83	-3.1837
50.82	-3.1837
50.82	-3.1836
50.82	-3.1836
50.81	-3.1837
50.81	-3.1836
50.80	-3.1835
50.80	-3.1834
50.80	-3.1834
50.80	-3.1833
50.80	-3.1832
50.80	-3.1830
50.79	-3.1830
50.79	-3.1831
50.79	-3.1830
50.78	-3.1832
50.78	-3.1833
50.78	-3.1831
50.77	-3.1830
50.77	-3.1830
50.77	-3.1830
50.77	-3.1829
50.76	-3.1830
50.76	-3.1828
50.76	-3.1829
50.76	-3.1828
50.76	-3.1827
50.76	-3.1826
50.75	-3.1826
50.75	-3.1826
50.75	-3.1826
50.75	-3.1826
50.75	-3.1826
50.74	-3.1826
50.74	-3.1825
50.74	-3.1825
50.73	-3.1823
50.73	-3.1823
50.73	-3.1823
50.72	-3.1823
50.72	-3.1821
50.72	-3.1822
50.72	-3.1823
50.72	-3.1823
50.71	-3.1820
50.71	-3.1821
50.70	-3.1821
50.70	-3.1819
50.70	-3.1822
50.70	-3.1819
50.70	-3.1820
50.70	-3.1817
50.69	-3.1816
50.69	-3.1817
50.69	-3.1816
50.69	-3.1817
50.68	-3.1815
50.68	-3.1815
50.68	-3.1814
50.68	-3.1814
50.68	-3.1816
50.68	-3.1813
50.67	-3.1812
50.67	-3.1812
50.67	-3.1810
50.66	-3.1811
50.66	-3.1811
50.65	-3.1811
50.65	-3.1810
50.65	-3.1809
50.65	-3.1806
50.64	-3.1806
50.64	-3.1809
50.64	-3.1807
50.64	-3.1807
50.63	-3.1804
50.63	-3.1806
50.63	-3.1805
50.63	-3.1807
50.63	-3.1806
50.63	-3.1805
50.62	-3.1804
50.62	-3.1802
50.61	-3.1803
50.61	-3.1804
50.61	-3.1802
50.61	-3.1803
50.60	-3.1803
50.60	-3.1801
50.60	-3.1801
50.60	-3.1800
50.59	-3.1800
50.59	-3.1799
50.59	-3.1799
50.59	-3.1799
50.59	-3.1798
50.59	-3.1797
50.58	-3.1797
50.58	-3.1797
50.58	-3.1797
50.58	-3.1795
50.57	-3.1796
50.57	-3.1792
50.57	-3.1796
50.56	-3.1793
50.56	-3.1795
50.56	-3.1793
50.55	-3.1794
50.55	-3.1794
50.55	-3.1793
50.55	-3.1793
50.55	-3.1791
50.55	-3.1792
50.55	-3.1791
50.54	-3.1791
50.54	-3.1792
50.53	-3.1790
50.52	-3.1792
50.52	-3.1790
50.52	-3.1789
50.52	-3.1790
50.52	-3.1788
50.52	-3.1787
50.51	-3.1788
50.51	-3.1788
50.51	-3.1789
50.50	-3.1787
50.50	-3.1787
50.50	-3.1788
50.50	-3.1786
50.50	-3.1786
50.49	-3.1785
50.49	-3.1785
50.49	-3.1785
50.49	-3.1784
50.48	-3.1783
50.48	-3.1784
50.48	-3.1784
50.48	-3.1783
50.48	-3.1783
50.48	-3.1781
50.47	-3.1781
50.47	-3.1781
50.47	-3.1780
50.47	-3.1783
50.46	-3.1780
50.46	-3.1780
50.46	-3.1780
50.46	-3.1779
50.45	-3.1778
50.45	-3.1779
50.45	-3.1777
50.45	-3.1776
50.44	-3.1778
50.44	-3.1779
50.44	-3.1776
50.44	-3.1777
50.43	-3.1776
50.43	-3.1774
50.43	-3.1774
50.42	-3.1775
50.42	-3.1773
50.42	-3.1774
50.41	-3.1774
50.41	-3.1773
50.41	-3.1772
50.41	-3.1771
50.40	-3.1773
50.40	-3.1770
50.40	-3.1770
50.40	-3.1769
50.40	-3.1769
50.39	-3.1769
50.39	-3.1769
50.39	-3.1766
50.39	-3.1768
50.39	-3.1767
50.38	-3.1767
50.38	-3.1767
50.37	-3.1767
50.37	-3.1765
50.37	-3.1764
50.36	-3.1765
50.36	-3.1764
50.36	-3.1763
50.36	-3.1763
50.36	-3.1762
50.35	-3.1762
50.35	-3.1761
50.35	-3.1761
50.35	-3.1761
50.35	-3.1758
50.35	-3.1761
50.35	-3.1759
50.34	-3.1758
50.34	-3.1756
50.33	-3.1759
50.33	-3.1758
50.33	-3.1758
50.32	-3.1756
50.32	-3.1756
50.32	-3.1757
50.32	-3.1756
50.32	-3.1755
50.31	-3.1754
50.31	-3.1755
50.30	-3.1753
50.30	-3.1755
50.30	-3.1751
50.30	-3.1755
50.30	-3.1753
50.30	-3.1754
50.29	-3.1753
50.29	-3.1751
50.29	-3.1751
50.28	-3.1751
50.28	-3.1749
50.28	-3.1749
50.27	-3.1748
50.27	-3.1749
50.27	-3.1749
50.27	-3.1748
50.27	-3.1749
50.27	-3.1750
50.27	-3.1747
50.26	-3.1750
50.26	-3.1749
50.26	-3.1748
50.25	-3.1746
50.25	-3.1747
50.25	-3.1744
50.24	-3.1744
50.24	-3.1744
50.24	-3.1744
50.23	-3.1745
50.23	-3.1743
50.23	-3.1742
50.23	-3.1743
50.23	-3.1742
50.23	-3.1742
50.22	-3.1743
50.22	-3.1740
50.22	-3.1742
50.21	-3.1741
50.21	-3.1738
50.21	-3.1739
50.20	-3.1740
50.20	-3.1740
50.20	-3.1739
50.20	-3.1740
50.20	-3.1738
50.20	-3.1740
50.20	-3.1738
50.20	-3.1737
50.20	-3.1737
50.19	-3.1736
50.19	-3.1736
50.18	-3.1734
50.18	-3.1735
50.18	-3.1734
50.18	-3.1733
50.17	-3.1734
50.17	-3.1733
50.17	-3.1735
50.17	-3.1733
50.16	-3.1731
50.16	-3.1732
50.16	-3.1732
50.15	-3.1730
50.15	-3.1730
50.15	-3.1730
50.15	-3.1731
50.15	-3.1729
50.15	-3.1730
50.14	-3.1731
50.14	-3.1730
50.14	-3.1729
50.14	-3.1729
50.14	-3.1729
50.13	-3.1728
50.13	-3.1727
50.13	-3.1728
50.13	-3.1725
50.12	-3.1724
50.12	-3.1724
50.12	-3.1724
50.11	-3.1723
50.11	-3.1723
50.11	-3.1721
50.10	-3.1721
50.10	-3.1720
50.10	-3.1721
50.10	-3.1719
50.09	-3.1718
50.09	-3.1716
50.09	-3.1718
50.09	-3.1716
50.09	-3.1716
50.08	-3.1714
50.08	-3.1714
50.08	-3.1715
50.08	-3.1714
50.07	-3.1713
50.07	-3.1711
50.07	-3.1710
50.06	-3.1713
50.06	-3.1712
50.06	-3.1711
50.06	-3.1712
50.06	-3.1709
50.05	-3.1713
50.05	-3.1710
50.05	-3.1710
50.05	-3.1710
50.04	-3.1709
50.04	-3.1710
50.03	-3.1709
50.03	-3.1709
50.02	-3.1710
50.02	-3.1709
50.02	-3.1709
50.02	-3.1709
50.02	-3.1709
50.02	-3.1708
50.02	-3.1709
50.02	-3.1708
50.02	-3.1705
50.01	-3.1708
50.01	-3.1706
50.01	-3.1705
50.00	-3.1707
50.00	-3.1705
50.00	-3.1705
50.00	-3.1706
50.00	-3.1704
49.99	-3.1704
49.99	-3.1704
49.98	-3.1703
49.98	-3.1702
49.98	-3.1704
49.98	-3.1702
49.98	-3.1703
49.97	-3.1703
49.97	-3.1703
49.97	-3.1701
49.96	-3.1702
49.96	-3.1701
49.96	-3.1702
49.95	-3.1701
49.95	-3.1702
49.95	-3.1701
49.95	-3.1700
49.95	-3.1699
49.95	-3.1697
49.94	-3.1698
49.94	-3.1698
49.94	-3.1697
49.93	-3.1698
49.93	-3.1696
49.93	-3.1696
49.93	-3.1694
49.92	-3.1692
49.92	-3.1692
49.92	-3.1692
49.92	-3.1693
49.92	-3.1691
49.91	-3.1693
49.91	-3.1690
49.91	-3.1689
49.91	-3.1689
49.90	-3.1688
49.90	-3.1688
49.90	-3.1687
49.89	-3.1688
49.89	-3.1687
49.89	-3.1687
49.88	-3.1687
49.88	-3.1685
49.88	-3.1684
49.88	-3.1685
49.88	-3.1684
49.88	-3.1682
49.88	-3.1681
49.88	-3.1681
49.87	-3.1682
49.86	-3.1680
49.86	-3.1681
49.86	-3.1679
49.86	-3.1680
49.85	-3.1678
49.85	-3.1678
49.85	-3.1675
49.84	-3.1675
49.84	-3.1675
49.84	-3.1674
49.84	-3.1674
49.83	-3.1671
49.83	-3.1672
49.83	-3.1671
49.83	-3.1669
49.83	-3.1669
49.82	-3.1667
49.82	-3.1668
49.82	-3.1666
49.82	-3.1666
49.82	-3.1666
49.81	-3.1666
49.80	-3.1665
49.80	-3.1663
49.80	-3.1664
49.80	-3.1662
49.80	-3.1662
49.80	-3.1662
49.79	-3.1662
49.79	-3.1661
49.79	-3.1661
49.78	-3.1661
49.78	-3.1661
49.78	-3.1660
49.78	-3.1659
49.78	-3.1660
49.78	-3.1658
49.77	-3.1657
49.77	-3.1657
49.77	-3.1658
49.77	-3.1658
49.76	-3.1658
49.76	-3.1655
49.76	-3.1656
49.75	-3.1654
49.75	-3.1655
49.75	-3.1654
49.75	-3.1653
49.75	-3.1654
49.74	-3.1652
49.74	-3.1653
49.74	-3.1653
49.73	-3.1654
49.73	-3.1652
49.73	-3.1653
49.73	-3.1652
49.73	-3.1652
49.72	-3.1654
49.72	-3.1651
49.72	-3.1650
49.71	-3.1651
49.71	-3.1651
49.71	-3.1652
49.71	-3.1650
49.70	-3.1651
49.70	-3.1651
49.70	-3.1650
49.70	-3.1650
49.70	-3.1649
49.69	-3.1650
49.69	-3.1649
49.68	-3.1649
49.68	-3.1647
49.68	-3.1649
49.68	-3.1647
49.68	-3.1647
49.67	-3.1649
49.67	-3.1648
49.67	-3.1650
49.67	-3.1646
49.66	-3.1648
49.66	-3.1646
49.66	-3.1645
49.65	-3.1645
49.65	-3.1645
49.65	-3.1646
49.65	-3.1645
49.64	-3.1645
49.64	-3.1644
49.64	-3.1645
49.64	-3.1646
49.64	-3.1643
49.63	-3.1643
49.63	-3.1644
49.63	-3.1644
49.62	-3.1645
49.62	-3.1644
49.62	-3.1643
49.62	-3.1643
49.62	-3.1643
49.62	-3.1644
49.61	-3.1642
49.61	-3.1644
49.60	-3.1644
49.60	-3.1643
49.60	-3.1643
49.60	-3.1644
49.59	-3.1643
49.59	-3.1641
49.59	-3.1645
49.59	-3.1643
49.59	-3.1642
49.58	-3.1643
49.58	-3.1643
49.58	-3.1643
49.58	-3.1640
49.57	-3.1642
49.57	-3.1641
49.57	-3.1642
49.57	-3.1641
49.57	-3.1640
49.57	-3.1641
49.56	-3.1640
49.56	-3.1640
49.55	-3.1641
49.55	-3.1641
49.55	-3.1641
49.54	-3.1640
49.54	-3.1641
49.53	-3.1638
49.53	-3.1640
49.53	-3.1641
49.53	-3.1641
49.53	-3.1642
49.53	-3.1641
49.53	-3.1641
49.52	-3.1640
49.52	-3.1639
49.52	-3.1638
49.52	-3.1639
49.51	-3.1637
49.51	-3.1638
49.51	-3.1638
49.50	-3.1638
49.50	-3.1639
49.50	-3.1638
49.50	-3.1638
49.49	-3.1639
49.49	-3.1637
49.49	-3.1635
49.49	-3.1638
49.48	-3.1637
49.48	-3.1639
49.48	-3.1638
49.48	-3.1637
49.48	-3.1636
49.48	-3.1637
49.47	-3.1636
49.47	-3.1636
49.47	-3.1635
49.46	-3.1634
49.46	-3.1634
49.46	-3.1634
49.46	-3.1634
49.45	-3.1632
49.45	-3.1633
49.45	-3.1633
49.45	-3.1633
49.44	-3.1633
49.44	-3.1634
49.44	-3.1633
49.43	-3.1634
49.43	-3.1633
49.43	-3.1633
49.43	-3.1633
49.43	-3.1633
49.43	-3.1631
49.42	-3.1632
49.42	-3.1632
49.42	-3.1632
49.41	-3.1632
49.41	-3.1630
49.41	-3.1631
49.40	-3.1631
49.40	-3.1629
49.40	-3.1631
49.40	-3.1628
49.39	-3.1629
49.39	-3.1627
49.39	-3.1630
49.39	-3.1627
49.39	-3.1627
49.38	-3.1626
49.38	-3.1627
49.38	-3.1626
49.38	-3.1625
49.38	-3.1625
49.38	-3.1625
49.37	-3.1623
49.37	-3.1626
49.37	-3.1624
49.36	-3.1624
49.36	-3.1626
49.35	-3.1624
49.35	-3.1621
49.35	-3.1623
49.35	-3.1624
49.34	-3.1622
49.34	-3.1624
49.34	-3.1622
49.34	-3.1623
49.33	-3.1623
49.33	-3.1621
49.33	-3.1622
49.33	-3.1621
49.33	-3.1620
49.33	-3.1622
49.33	-3.1621
49.32	-3.1621
49.32	-3.1620
49.32	-3.1619
49.31	-3.1619
49.31	-3.1619
49.31	-3.1618
49.30	-3.1619
49.30	-3.1618
49.30	-3.1618
49.29	-3.1617
49.29	-3.1618
49.29	-3.1617
49.29	-3.1618
49.28	-3.1616
49.28	-3.1617
49.28	-3.1618
49.28	-3.1617
49.27	-3.1618
49.27	-3.1616
49.27	-3.1617
49.27	-3.1616
49.26	-3.1615
49.26	-3.1615
49.26	-3.1616
49.26	-3.1615
49.26	-3.1613
49.26	-3.1615
49.25	-3.1613
49.25	-3.1614
49.25	-3.1612
49.25	-3.1612
49.25	-3.1611
49.25	-3.1611
49.25	-3.1610
49.24	-3.1611
49.23	-3.1611
49.23	-3.1609
49.23	-3.1610
49.23	-3.1609
49.23	-3.1607
49.23	-3.1606
49.22	-3.1609
49.22	-3.1605
49.21	-3.1606
49.21	-3.1607
49.21	-3.1605
49.20	-3.1605
49.20	-3.1606
49.20	-3.1606
49.20	-3.1605
49.20	-3.1605
49.20	-3.1605
49.19	-3.1606
49.19	-3.1606
49.19	-3.1604
49.19	-3.1603
49.18	-3.1604
49.18	-3.1601
49.18	-3.1602
49.18	-3.1600
49.18	-3.1602
49.17	-3.1600
49.17	-3.1601
49.17	-3.1599
49.16	-3.1600
49.16	-3.1599
49.16	-3.1599
49.16	-3.1598
49.15	-3.1598
49.15	-3.1599
49.15	-3.1600
49.15	-3.1598
49.14	-3.1596
49.14	-3.1597
49.13	-3.1597
49.13	-3.1596
49.13	-3.1597
49.13	-3.1598
49.13	-3.1597
49.12	-3.1596
49.12	-3.1597
49.12	-3.1596
49.12	-3.1596
49.11	-3.1594
49.11	-3.1593
49.11	-3.1594
49.11	-3.1591
49.10	-3.1593
49.10	-3.1592
49.09	-3.1592
49.09	-3.1589
49.09	-3.1590
49.09	-3.1591
49.09	-3.1587
49.09	-3.1589
49.08	-3.1587
49.08	-3.1588
49.08	-3.1586
49.07	-3.1587
49.07	-3.1587
49.07	-3.1586
49.07	-3.1587
49.06	-3.1587
49.06	-3.1585
49.06	-3.1586
49.06	-3.1585
49.06	-3.1584
49.05	-3.1582
49.05	-3.1581
49.05	-3.1582
49.05	-3.1582
49.05	-3.1580
49.05	-3.1582
49.04	-3.1580
49.04	-3.1580
49.04	-3.1580
49.04	-3.1579
49.04	-3.1580
49.04	-3.1578
49.03	-3.1578
49.02	-3.1576
49.02	-3.1576
49.02	-3.1578
49.02	-3.1576
49.02	-3.1578
49.01	-3.1576
49.00	-3.1575
49.00	-3.1576
49.00	-3.1574
49.00	-3.1574
49.00	-3.1571
49.00	-3.1572
48.99	-3.1571
48.99	-3.1572
48.98	-3.1571
48.98	-3.1571
48.98	-3.1571
48.98	-3.1569
48.98	-3.1570
48.98	-3.1570
48.98	-3.1568
48.97	-3.1567
48.97	-3.1567
48.97	-3.1566
48.96	-3.1565
48.96	-3.1566
48.96	-3.1564
48.95	-3.1564
48.95	-3.1564
48.95	-3.1564
48.95	-3.1563
48.95	-3.1562
48.94	-3.1561
48.94	-3.1560
48.94	-3.1561
48.93	-3.1560
48.93	-3.1559
48.93	-3.1559
48.93	-3.1558
48.93	-3.1555
48.92	-3.1557
48.92	-3.1556
48.92	-3.1557
48.92	-3.1554
48.91	-3.1554
48.91	-3.1555
48.90	-3.1554
48.90	-3.1554
48.90	-3.1552
48.90	-3.1553
48.90	-3.1552
48.90	-3.1552
48.89	-3.1551
48.89	-3.1552
48.89	-3.1551
48.88	-3.1549
48.88	-3.1547
48.88	-3.1548
48.88	-3.1547
48.88	-3.1547
48.87	-3.1547
48.87	-3.1548
48.87	-3.1548
48.86	-3.1545
48.86	-3.1547
48.85	-3.1545
48.85	-3.1544
48.84	-3.1545
48.84	-3.1544
48.84	-3.1543
48.84	-3.1542
48.84	-3.1543
48.84	-3.1543
48.84	-3.1542
48.83	-3.1539
48.83	-3.1543
48.83	-3.1541
48.83	-3.1540
48.83	-3.1541
48.83	-3.1539
48.83	-3.1540
48.83	-3.1541
48.82	-3.1540
48.82	-3.1540
48.82	-3.1539
48.81	-3.1538
48.81	-3.1536
48.80	-3.1536
48.80	-3.1537
48.80	-3.1534
48.80	-3.1534
48.80	-3.1533
48.79	-3.1533
48.78	-3.1534
48.78	-3.1535
48.78	-3.1533
48.78	-3.1532
48.78	-3.1532
48.77	-3.1531
48.77	-3.1530
48.77	-3.1530
48.77	-3.1529
48.77	-3.1528
48.77	-3.1529
48.77	-3.1527
48.76	-3.1529
48.76	-3.1527
48.75	-3.1527
48.75	-3.1527
48.75	-3.1528
48.75	-3.1526
48.74	-3.1527
48.74	-3.1526
48.74	-3.1525
48.73	-3.1524
48.73	-3.1524
48.73	-3.1525
48.73	-3.1523
48.73	-3.1522
48.73	-3.1524
48.72	-3.1523
48.72	-3.1523
48.72	-3.1523
48.71	-3.1522
48.71	-3.1522
48.71	-3.1521
48.71	-3.1523
48.70	-3.1521
48.70	-3.1520
48.70	-3.1521
48.70	-3.1520
48.69	-3.1523
48.69	-3.1521
48.69	-3.1520
48.69	-3.1522
48.68	-3.1519
48.68	-3.1519
48.68	-3.1519
48.68	-3.1521
48.68	-3.1518
48.67	-3.1517
48.67	-3.1518
48.66	-3.1519
48.66	-3.1518
48.66	-3.1517
48.66	-3.1517
48.66	-3.1517
48.65	-3.1515
48.65	-3.1515
48.65	-3.1514
48.64	-3.1512
48.64	-3.1514
48.64	-3.1511
48.64	-3.1510
48.64	-3.1511
48.64	-3.1510
48.64	-3.1509
48.63	-3.1509
48.63	-3.1508
48.62	-3.1507
48.62	-3.1505
48.62	-3.1506
48.62	-3.1506
48.62	-3.1504
48.62	-3.1504
48.61	-3.1503
48.61	-3.1502
48.60	-3.1503
48.60	-3.1501
48.59	-3.1502
48.59	-3.1503
48.59	-3.1501
48.59	-3.1501
48.59	-3.1501
48.59	-3.1501
48.58	-3.1499
48.58	-3.1499
48.58	-3.1497
48.58	-3.1498
48.58	-3.1500
48.57	-3.1499
48.57	-3.1498
48.57	-3.1497
48.56	-3.1497
48.56	-3.1496
48.56	-3.1496
48.56	-3.1495
48.56	-3.1493
48.55	-3.1495
48.55	-3.1494
48.55	-3.1494
48.54	-3.1493
48.54	-3.1492
48.54	-3.1493
48.53	-3.1492
48.53	-3.1493
48.53	-3.1491
48.53	-3.1491
48.53	-3.1491
48.52	-3.1491
48.52	-3.1491
48.52	-3.1490
48.52	-3.1491
48.51	-3.1490
48.51	-3.1491
48.51	-3.1490
48.51	-3.1490
48.51	-3.1490
48.50	-3.1491
48.50	-3.1491
48.50	-3.1489
48.50	-3.1490
48.49	-3.1489
48.49	-3.1487
48.49	-3.1489
48.49	-3.1487
48.49	-3.1488
48.48	-3.1487
48.48	-3.1487
48.48	-3.1486
48.48	-3.1486
48.47	-3.1486
48.47	-3.1484
48.47	-3.1485
48.46	-3.1485
48.46	-3.1485
48.45	-3.1482
48.45	-3.1482
48.45	-3.1482
48.45	-3.1484
48.45	-3.1482
48.44	-3.1484
48.44	-3.1481
48.44	-3.1481
48.44	-3.1480
48.43	-3.1481
48.43	-3.1480
48.43	-3.1480
48.43	-3.1482
48.43	-3.1476
48.42	-3.1479
48.42	-3.1478
48.42	-3.1479
48.41	-3.1477
48.41	-3.1478
48.40	-3.1477
48.40	-3.1477
48.40	-3.1475
48.40	-3.1476
48.40	-3.1475
48.40	-3.1476
48.40	-3.1475
48.40	-3.1475
48.39	-3.1473
48.39	-3.1473
48.38	-3.1473
48.38	-3.1471
48.38	-3.1471
48.38	-3.1471
48.38	-3.1471
48.38	-3.1473
48.38	-3.1471
48.37	-3.1471
48.37	-3.1471
48.37	-3.1470
48.36	-3.1469
48.36	-3.1469
48.36	-3.1470
48.36	-3.1468
48.35	-3.1468
48.34	-3.1468
48.35	-3.1467
48.35	-3.1465
48.34	-3.1465
48.34	-3.1464
48.34	-3.1466
48.34	-3.1465
48.33	-3.1462
48.33	-3.1460
48.33	-3.1462
48.33	-3.1460
48.33	-3.1458
48.32	-3.1457
48.32	-3.1458
48.32	-3.1459
48.32	-3.1457
48.31	-3.1456
48.31	-3.1456
48.31	-3.1456
48.31	-3.1455
48.30	-3.1453
48.30	-3.1457
48.30	-3.1453
48.29	-3.1454
48.29	-3.1452
48.29	-3.1455
48.29	-3.1452
48.28	-3.1455
48.28	-3.1453
48.28	-3.1453
48.28	-3.1455
48.27	-3.1452
48.27	-3.1451
48.27	-3.1450
48.27	-3.1452
48.26	-3.1452
48.26	-3.1452
48.26	-3.1452
48.26	-3.1449
48.25	-3.1451
48.25	-3.1451
48.25	-3.1452
48.25	-3.1451
48.24	-3.1451
48.24	-3.1450
48.24	-3.1449
48.24	-3.1451
48.24	-3.1449
48.23	-3.1450
48.23	-3.1448
48.23	-3.1449
48.23	-3.1449
48.23	-3.1449
48.22	-3.1448
48.22	-3.1448
48.22	-3.1447
48.22	-3.1447
48.21	-3.1445
48.21	-3.1446
48.20	-3.1446
48.20	-3.1444
48.20	-3.1445
48.20	-3.1444
48.20	-3.1441
48.19	-3.1442
48.19	-3.1442
48.19	-3.1441
48.18	-3.1439
48.18	-3.1440
48.18	-3.1438
48.18	-3.1438
48.18	-3.1439
48.17	-3.1438
48.17	-3.1438
48.17	-3.1435
48.16	-3.1435
48.16	-3.1433
48.16	-3.1432
48.16	-3.1434
48.16	-3.1431
48.15	-3.1432
48.15	-3.1432
48.15	-3.1432
48.14	-3.1430
48.14	-3.1429
48.14	-3.1428
48.13	-3.1430
48.13	-3.1427
48.13	-3.1428
48.13	-3.1427
48.13	-3.1428
48.12	-3.1427
48.12	-3.1426
48.12	-3.1426
48.12	-3.1424
48.11	-3.1426
48.11	-3.1424
48.10	-3.1422
48.10	-3.1421
48.10	-3.1419
48.10	-3.1419
48.09	-3.1419
48.09	-3.1418
48.09	-3.1417
48.09	-3.1417
48.09	-3.1416
48.08	-3.1415
48.08	-3.1415
48.08	-3.1416
48.08	-3.1414
48.07	-3.1413
48.07	-3.1413
48.07	-3.1413
48.08	-3.1412
48.07	-3.1409
48.07	-3.1409
48.06	-3.1411
48.06	-3.1407
48.05	-3.1407
48.05	-3.1407
48.05	-3.1407
48.05	-3.1406
48.05	-3.1405
48.04	-3.1405
48.04	-3.1403
48.03	-3.1404
48.03	-3.1402
48.03	-3.1402
48.03	-3.1402
48.02	-3.1400
48.02	-3.1400
48.02	-3.1401
48.02	-3.1399
48.02	-3.1400
48.02	-3.1399
48.02	-3.1398
48.01	-3.1397
48.01	-3.1397
48.00	-3.1396
48.00	-3.1397
48.00	-3.1395
48.00	-3.1396
48.00	-3.1396
48.00	-3.1395
47.99	-3.1395
47.99	-3.1394
47.98	-3.1395
47.98	-3.1395
47.98	-3.1393
47.98	-3.1392
47.97	-3.1392
47.97	-3.1394
47.97	-3.1392
47.97	-3.1392
47.97	-3.1391
47.96	-3.1391
47.96	-3.1391
47.96	-3.1388
47.96	-3.1388
47.95	-3.1388
47.95	-3.1388
47.95	-3.1387
47.95	-3.1387
47.94	-3.1386
47.94	-3.1387
47.94	-3.1387
47.93	-3.1386
47.93	-3.1387
47.93	-3.1386
47.93	-3.1387
47.93	-3.1385
47.93	-3.1386
47.93	-3.1385
47.92	-3.1385
47.91	-3.1387
47.91	-3.1384
47.91	-3.1385
47.90	-3.1384
47.90	-3.1385
47.90	-3.1384
47.90	-3.1386
47.89	-3.1384
47.89	-3.1385
47.89	-3.1384
47.88	-3.1382
47.88	-3.1383
47.88	-3.1383
47.88	-3.1383
47.88	-3.1384
47.88	-3.1381
47.88	-3.1386
47.87	-3.1384
47.87	-3.1384
47.87	-3.1383
47.87	-3.1384
47.87	-3.1382
47.86	-3.1382
47.86	-3.1383
47.85	-3.1382
47.85	-3.1383
47.85	-3.1383
47.85	-3.1382
47.84	-3.1382
47.84	-3.1383
47.84	-3.1382
47.84	-3.1381
47.83	-3.1383
47.83	-3.1381
47.83	-3.1381
47.83	-3.1381
47.83	-3.1381
47.83	-3.1382
47.82	-3.1381
47.82	-3.1380
47.81	-3.1381
47.81	-3.1382
47.81	-3.1380
47.81	-3.1382
47.81	-3.1380
47.81	-3.1381
47.80	-3.1381
47.80	-3.1382
47.80	-3.1382
47.79	-3.1382
47.79	-3.1381
47.79	-3.1380
47.78	-3.1379
47.78	-3.1378
47.77	-3.1381
47.77	-3.1379
47.77	-3.1379
47.77	-3.1379
47.77	-3.1379
47.77	-3.1380
47.76	-3.1378
47.76	-3.1379
47.76	-3.1378
47.75	-3.1378
47.75	-3.1379
47.75	-3.1378
47.75	-3.1379
47.74	-3.1379
47.74	-3.1378
47.74	-3.1377
47.74	-3.1377
47.74	-3.1377
47.74	-3.1377
47.74	-3.1377
47.73	-3.1377
47.73	-3.1377
47.73	-3.1377
47.73	-3.1377
47.72	-3.1377
47.72	-3.1375
47.72	-3.1377
47.71	-3.1378
47.71	-3.1377
47.70	-3.1375
47.70	-3.1376
47.70	-3.1376
47.70	-3.1375
47.70	-3.1376
47.70	-3.1375
47.69	-3.1374
47.69	-3.1374
47.69	-3.1375
47.69	-3.1373
47.68	-3.1374
47.68	-3.1371
47.68	-3.1371
47.67	-3.1372
47.67	-3.1371
47.67	-3.1371
47.67	-3.1371
47.67	-3.1372
47.67	-3.1370
47.67	-3.1372
47.66	-3.1372
47.66	-3.1370
47.65	-3.1371
47.65	-3.1370
47.65	-3.1371
47.65	-3.1370
47.64	-3.1371
47.64	-3.1371
47.64	-3.1369
47.64	-3.1368
47.63	-3.1370
47.63	-3.1370
47.63	-3.1370
47.63	-3.1369
47.62	-3.1368
47.62	-3.1368
47.62	-3.1368
47.62	-3.1369
47.61	-3.1368
47.61	-3.1366
47.61	-3.1368
47.60	-3.1366
47.60	-3.1366
47.60	-3.1369
47.59	-3.1368
47.59	-3.1367
47.59	-3.1366
47.59	-3.1365
47.59	-3.1365
47.58	-3.1368
47.58	-3.1364
47.58	-3.1363
47.58	-3.1363
47.57	-3.1360
47.57	-3.1361
47.57	-3.1361
47.56	-3.1360
47.56	-3.1360
47.55	-3.1360
47.56	-3.1358
47.55	-3.1358
47.55	-3.1357
47.55	-3.1357
47.55	-3.1357
47.55	-3.1356
47.54	-3.1356
47.53	-3.1356
47.53	-3.1355
47.53	-3.1355
47.53	-3.1354
47.53	-3.1354
47.53	-3.1352
47.52	-3.1352
47.52	-3.1354
47.52	-3.1353
47.52	-3.1353
47.52	-3.1354
47.51	-3.1352
47.51	-3.1351
47.50	-3.1352
47.50	-3.1352
47.50	-3.1354
47.50	-3.1349
47.49	-3.1352
47.49	-3.1349
47.49	-3.1348
47.49	-3.1349
47.49	-3.1347
47.49	-3.1347
47.49	-3.1346
47.48	-3.1345
47.48	-3.1346
47.48	-3.1344
47.48	-3.1344
47.48	-3.1344
47.47	-3.1343
47.47	-3.1344
47.47	-3.1342
47.47	-3.1343
47.47	-3.1341
47.46	-3.1342
47.46	-3.1341
47.45	-3.1340
47.45	-3.1342
47.45	-3.1342
47.45	-3.1342
47.45	-3.1340
47.44	-3.1340
47.44	-3.1340
47.44	-3.1340
47.44	-3.1341
47.44	-3.1339
47.43	-3.1340
47.43	-3.1340
47.43	-3.1341
47.43	-3.1340
47.43	-3.1339
47.42	-3.1339
47.42	-3.1339
47.42	-3.1341
47.42	-3.1338
47.41	-3.1339
47.41	-3.1339
47.40	-3.1339
47.40	-3.1338
47.40	-3.1337
47.40	-3.1336
47.40	-3.1336
47.40	-3.1339
47.39	-3.1335
47.39	-3.1337
47.38	-3.1337
47.38	-3.1336
47.38	-3.1336
47.38	-3.1336
47.37	-3.1334
47.37	-3.1336
47.37	-3.1336
47.36	-3.1336
47.36	-3.1334
47.36	-3.1336
47.36	-3.1336
47.36	-3.1333
47.36	-3.1333
47.35	-3.1334
47.35	-3.1332
47.35	-3.1334
47.34	-3.1332
47.34	-3.1333
47.34	-3.1332
47.34	-3.1332
47.33	-3.1332
47.33	-3.1332
47.33	-3.1331
47.33	-3.1330
47.32	-3.1332
47.32	-3.1331
47.32	-3.1331
47.32	-3.1331
47.32	-3.1332
47.31	-3.1329
47.31	-3.1329
47.31	-3.1328
47.31	-3.1329
47.30	-3.1329
47.30	-3.1327
47.30	-3.1328
47.30	-3.1326
47.30	-3.1327
47.29	-3.1326
47.29	-3.1327
47.28	-3.1325
47.28	-3.1327
47.28	-3.1327
47.28	-3.1325
47.27	-3.1325
47.27	-3.1324
47.27	-3.1326
47.27	-3.1322
47.27	-3.1323
47.26	-3.1320
47.26	-3.1322
47.25	-3.1321
47.25	-3.1321
47.25	-3.1319
47.25	-3.1321
47.25	-3.1319
47.24	-3.1318
47.24	-3.1317
47.24	-3.1319
47.24	-3.1317
47.24	-3.1317
47.24	-3.1317
47.23	-3.1318
47.23	-3.1316
47.23	-3.1316
47.23	-3.1315
47.22	-3.1314
47.22	-3.1317
47.22	-3.1315
47.21	-3.1315
47.21	-3.1313
47.21	-3.1313
47.20	-3.1311
47.20	-3.1313
47.20	-3.1313
47.20	-3.1311
47.19	-3.1312
47.19	-3.1312
47.19	-3.1309
47.18	-3.1311
47.18	-3.1308
47.18	-3.1308
47.18	-3.1308
47.18	-3.1310
47.18	-3.1307
47.18	-3.1306
47.17	-3.1306
47.16	-3.1306
47.16	-3.1307
47.16	-3.1305
47.16	-3.1306
47.15	-3.1305
47.15	-3.1305
47.15	-3.1305
47.15	-3.1304
47.15	-3.1302
47.15	-3.1303
47.14	-3.1300
47.14	-3.1301
47.14	-3.1300
47.14	-3.1300
47.14	-3.1301
47.14	-3.1300
47.13	-3.1299
47.13	-3.1299
47.13	-3.1299
47.12	-3.1297
47.12	-3.1296
47.12	-3.1296
47.11	-3.1297
47.11	-3.1298
47.11	-3.1297
47.11	-3.1293
47.11	-3.1296
47.10	-3.1296
47.10	-3.1293
47.10	-3.1295
47.09	-3.1294
47.09	-3.1294
47.08	-3.1293
47.08	-3.1292
47.08	-3.1293
47.08	-3.1294
47.08	-3.1291
47.07	-3.1292
47.07	-3.1292
47.07	-3.1288
47.07	-3.1289
47.06	-3.1289
47.06	-3.1287
47.06	-3.1287
47.05	-3.1289
47.05	-3.1287
47.05	-3.1287
47.05	-3.1285
47.05	-3.1285
47.05	-3.1283
47.04	-3.1284
47.04	-3.1283
47.04	-3.1284
47.03	-3.1282
47.03	-3.1283
47.03	-3.1280
47.02	-3.1283
47.02	-3.1281
47.02	-3.1278
47.02	-3.1280
47.02	-3.1279
47.02	-3.1279
47.02	-3.1278
47.01	-3.1277
47.01	-3.1278
47.00	-3.1277
47.00	-3.1277
46.99	-3.1277
46.99	-3.1275
46.99	-3.1276
46.99	-3.1274
46.99	-3.1273
46.99	-3.1273
46.99	-3.1275
46.99	-3.1273
46.98	-3.1273
46.98	-3.1274
46.97	-3.1272
46.97	-3.1272
46.97	-3.1272
46.97	-3.1271
46.97	-3.1272
46.96	-3.1272
46.96	-3.1271
46.95	-3.1270
46.95	-3.1272
46.95	-3.1271
46.95	-3.1270
46.95	-3.1271
46.95	-3.1269
46.95	-3.1271
46.94	-3.1270
46.94	-3.1271
46.94	-3.1269
46.93	-3.1270
46.93	-3.1268
46.93	-3.1268
46.93	-3.1269
46.93	-3.1270
46.93	-3.1270
46.93	-3.1269
46.92	-3.1268
46.92	-3.1267
46.91	-3.1268
46.91	-3.1267
46.91	-3.1267
46.90	-3.1266
46.90	-3.1265
46.90	-3.1265
46.90	-3.1266
46.89	-3.1265
46.89	-3.1265
46.89	-3.1264
46.89	-3.1264
46.88	-3.1264
46.88	-3.1263
46.88	-3.1265
46.88	-3.1261
46.87	-3.1264
46.87	-3.1262
46.87	-3.1262
46.87	-3.1265
46.87	-3.1262
46.86	-3.1260
46.85	-3.1262
46.85	-3.1258
46.84	-3.1259
46.84	-3.1259
46.84	-3.1260
46.84	-3.1261
46.84	-3.1258
46.83	-3.1258
46.83	-3.1259
46.83	-3.1258
46.83	-3.1257
46.83	-3.1256
46.83	-3.1257
46.83	-3.1255
46.83	-3.1255
46.82	-3.1255
46.82	-3.1255
46.81	-3.1255
46.81	-3.1255
46.81	-3.1254
46.80	-3.1253
46.80	-3.1252
46.80	-3.1252
46.80	-3.1254
46.80	-3.1250
46.80	-3.1252
46.80	-3.1251
46.79	-3.1252
46.79	-3.1250
46.79	-3.1250
46.78	-3.1250
46.78	-3.1249
46.77	-3.1246
46.77	-3.1248
46.77	-3.1248
46.77	-3.1247
46.77	-3.1247
46.77	-3.1248
46.76	-3.1248
46.76	-3.1246
46.76	-3.1246
46.75	-3.1245
46.75	-3.1246
46.75	-3.1245
46.74	-3.1246
46.74	-3.1245
46.74	-3.1244
46.74	-3.1244
46.74	-3.1243
46.73	-3.1242
46.73	-3.1242
46.73	-3.1242
46.73	-3.1242
46.73	-3.1241
46.73	-3.1241
46.72	-3.1241
46.72	-3.1239
46.71	-3.1240
46.71	-3.1240
46.71	-3.1239
46.71	-3.1238
46.71	-3.1239
46.70	-3.1238
46.70	-3.1237
46.70	-3.1235
46.70	-3.1236
46.70	-3.1236
46.69	-3.1236
46.69	-3.1236
46.69	-3.1238
46.69	-3.1235
46.68	-3.1235
46.68	-3.1233
46.68	-3.1232
46.68	-3.1232
46.68	-3.1232
46.67	-3.1233
46.67	-3.1232
46.67	-3.1233
46.66	-3.1231
46.66	-3.1231
46.66	-3.1229
46.66	-3.1229
46.65	-3.1228
46.65	-3.1230
46.65	-3.1226
46.64	-3.1228
46.64	-3.1225
46.64	-3.1226
46.64	-3.1225
46.63	-3.1225
46.63	-3.1226
46.63	-3.1224
46.63	-3.1222
46.62	-3.1223
46.62	-3.1222
46.62	-3.1220
46.62	-3.1223
46.61	-3.1221
46.61	-3.1219
46.61	-3.1219
46.60	-3.1218
46.60	-3.1218
46.60	-3.1216
46.60	-3.1217
46.60	-3.1215
46.59	-3.1215
46.59	-3.1213
46.59	-3.1212
46.59	-3.1213
46.59	-3.1213
46.59	-3.1213
46.58	-3.1212
46.58	-3.1213
46.58	-3.1211
46.58	-3.1210
46.57	-3.1210
46.57	-3.1210
46.56	-3.1209
46.56	-3.1208
46.56	-3.1207
46.56	-3.1207
46.56	-3.1208
46.55	-3.1207
46.55	-3.1208
46.55	-3.1205
46.55	-3.1207
46.54	-3.1206
46.54	-3.1205
46.54	-3.1207
46.54	-3.1206
46.54	-3.1205
46.53	-3.1205
46.53	-3.1205
46.53	-3.1206
46.52	-3.1203
46.52	-3.1206
46.52	-3.1205
46.52	-3.1206
46.51	-3.1204
46.52	-3.1204
46.51	-3.1204
46.51	-3.1204
46.51	-3.1205
46.50	-3.1206
46.50	-3.1203
46.50	-3.1202
46.50	-3.1202
46.49	-3.1205
46.49	-3.1203
46.49	-3.1202
46.48	-3.1205
46.48	-3.1203
46.48	-3.1202
46.48	-3.1201
46.47	-3.1200
46.47	-3.1200
46.46	-3.1199
46.46	-3.1198
46.46	-3.1200
46.46	-3.1200
46.46	-3.1199
46.46	-3.1198
46.45	-3.1197
46.45	-3.1198
46.45	-3.1197
46.45	-3.1197
46.44	-3.1197
46.44	-3.1195
46.44	-3.1197
46.44	-3.1194
46.44	-3.1195
46.44	-3.1197
46.43	-3.1195
46.43	-3.1195
46.43	-3.1192
46.42	-3.1194
46.42	-3.1191
46.41	-3.1193
46.41	-3.1189
46.41	-3.1189
46.41	-3.1188
46.41	-3.1188
46.40	-3.1188
46.40	-3.1187
46.40	-3.1188
46.39	-3.1186
46.39	-3.1186
46.39	-3.1185
46.39	-3.1186
46.38	-3.1184
46.38	-3.1183
46.38	-3.1181
46.38	-3.1181
46.38	-3.1183
46.37	-3.1181
46.37	-3.1179
46.37	-3.1179
46.36	-3.1179
46.36	-3.1178
46.36	-3.1179
46.35	-3.1176
46.35	-3.1178
46.35	-3.1177
46.35	-3.1177
46.35	-3.1176
46.34	-3.1174
46.34	-3.1175
46.34	-3.1174
46.34	-3.1173
46.34	-3.1171
46.33	-3.1171
46.33	-3.1169
46.33	-3.1170
46.33	-3.1169
46.33	-3.1168
46.32	-3.1169
46.32	-3.1167
46.32	-3.1167
46.31	-3.1167
46.31	-3.1166
46.31	-3.1165
46.31	-3.1165
46.31	-3.1163
46.30	-3.1163
46.30	-3.1163
46.30	-3.1164
46.30	-3.1163
46.29	-3.1163
46.29	-3.1161
46.29	-3.1160
46.29	-3.1161
46.29	-3.1159
46.28	-3.1160
46.28	-3.1158
46.27	-3.1161
46.27	-3.1158
46.27	-3.1159
46.27	-3.1159
46.26	-3.1158
46.26	-3.1156
46.25	-3.1158
46.25	-3.1157
46.25	-3.1157
46.25	-3.1155
46.25	-3.1157
46.24	-3.1155
46.24	-3.1156
46.24	-3.1156
46.24	-3.1154
46.23	-3.1155
46.23	-3.1156
46.23	-3.1154
46.23	-3.1154
46.23	-3.1152
46.23	-3.1154
46.22	-3.1153
46.22	-3.1153
46.22	-3.1153
46.22	-3.1152
46.22	-3.1152
46.21	-3.1152
46.21	-3.1151
46.21	-3.1151
46.20	-3.1151
46.20	-3.1151
46.20	-3.1150
46.20	-3.1150
46.20	-3.1150
46.19	-3.1149
46.19	-3.1147
46.19	-3.1147
46.19	-3.1146
46.19	-3.1149
46.18	-3.1147
46.18	-3.1148
46.18	-3.1145
46.17	-3.1146
46.17	-3.1146
46.17	-3.1146
46.16	-3.1146
46.16	-3.1144
46.16	-3.1145
46.15	-3.1144
46.15	-3.1144
46.15	-3.1145
46.15	-3.1142
46.14	-3.1145
46.14	-3.1146
46.14	-3.1144
46.14	-3.1142
46.13	-3.1140
46.13	-3.1141
46.13	-3.1141
46.13	-3.1142
46.13	-3.1141
46.13	-3.1141
46.12	-3.1143
46.12	-3.1141
46.11	-3.1141
46.11	-3.1142
46.11	-3.1141
46.10	-3.1141
46.10	-3.1143
46.10	-3.1142
46.09	-3.1141
46.09	-3.1141
46.09	-3.1139
46.09	-3.1141
46.09	-3.1140
46.08	-3.1140
46.08	-3.1141
46.08	-3.1139
46.08	-3.1140
46.08	-3.1139
46.08	-3.1139
46.08	-3.1140
46.07	-3.1140
46.07	-3.1140
46.07	-3.1139
46.06	-3.1138
46.06	-3.1139
46.06	-3.1137
46.05	-3.1139
46.06	-3.1138
46.05	-3.1138
46.05	-3.1137
46.05	-3.1136
46.05	-3.1137
46.04	-3.1137
46.04	-3.1136
46.03	-3.1137
46.03	-3.1136
46.03	-3.1136
46.03	-3.1135
46.02	-3.1136
46.02	-3.1137
46.02	-3.1137
46.01	-3.1137
46.01	-3.1135
46.01	-3.1136
46.01	-3.1135
46.00	-3.1135
46.00	-3.1136
46.00	-3.1137
45.99	-3.1136
45.99	-3.1136
45.99	-3.1135
45.99	-3.1135
45.99	-3.1135
45.98	-3.1136
45.98	-3.1135
45.98	-3.1135
45.98	-3.1135
45.98	-3.1133
45.98	-3.1135
45.98	-3.1135
45.97	-3.1134
45.96	-3.1133
45.96	-3.1132
45.96	-3.1134
45.95	-3.1134
45.95	-3.1136
45.95	-3.1133
45.95	-3.1132
45.95	-3.1133
45.94	-3.1132
45.94	-3.1134
45.94	-3.1133
45.94	-3.1133
45.93	-3.1130
45.93	-3.1132
45.93	-3.1132
45.93	-3.1131
45.92	-3.1132
45.92	-3.1132
45.92	-3.1131
45.92	-3.1130
45.92	-3.1132
45.91	-3.1130
45.91	-3.1130
45.91	-3.1130
45.90	-3.1131
45.90	-3.1129
45.90	-3.1130
45.90	-3.1129
45.90	-3.1130
45.90	-3.1129
45.89	-3.1129
45.89	-3.1128
45.88	-3.1130
45.88	-3.1128
45.88	-3.1130
45.88	-3.1130
45.87	-3.1127
45.87	-3.1130
45.87	-3.1128
45.87	-3.1127
45.87	-3.1127
45.87	-3.1129
45.86	-3.1128
45.86	-3.1129
45.85	-3.1125
45.85	-3.1129
45.85	-3.1128
45.85	-3.1128
45.84	-3.1129
45.84	-3.1128
45.84	-3.1128
45.84	-3.1126
45.84	-3.1128
45.84	-3.1127
45.83	-3.1126
45.83	-3.1126
45.83	-3.1128
45.83	-3.1125
45.83	-3.1127
45.82	-3.1124
45.82	-3.1127
45.81	-3.1125
45.81	-3.1125
45.80	-3.1125
45.80	-3.1125
45.80	-3.1125
45.80	-3.1126
45.80	-3.1124
45.79	-3.1126
45.79	-3.1126
45.79	-3.1124
45.79	-3.1126
45.78	-3.1125
45.78	-3.1125
45.78	-3.1123
45.77	-3.1124
45.77	-3.1123
45.77	-3.1124
45.77	-3.1122
45.77	-3.1123
45.76	-3.1122
45.76	-3.1124
45.76	-3.1123
45.76	-3.1122
45.76	-3.1122
45.75	-3.1122
45.75	-3.1121
45.75	-3.1123
45.74	-3.1121
45.74	-3.1120
45.74	-3.1122
45.74	-3.1122
45.74	-3.1120
45.73	-3.1120
45.73	-3.1121
45.73	-3.1120
45.72	-3.1121
45.72	-3.1119
45.72	-3.1120
45.72	-3.1119
45.71	-3.1122
45.71	-3.1119
45.70	-3.1119
45.70	-3.1119
45.70	-3.1121
45.70	-3.1120
45.70	-3.1120
45.70	-3.1121
45.70	-3.1119
45.70	-3.1118
45.69	-3.1119
45.69	-3.1118
45.69	-3.1120
45.69	-3.1118
45.69	-3.1117
45.68	-3.1118
45.68	-3.1117
45.68	-3.1117
45.67	-3.1117
45.67	-3.1116
45.67	-3.1118
45.67	-3.1117
45.67	-3.1117
45.66	-3.1115
45.66	-3.1114
45.65	-3.1116
45.65	-3.1115
45.65	-3.1115
45.65	-3.1116
45.65	-3.1114
45.65	-3.1118
45.65	-3.1116
45.64	-3.1113
45.64	-3.1115
45.64	-3.1115
45.64	-3.1116
45.63	-3.1113
45.63	-3.1115
45.63	-3.1114
45.63	-3.1114
45.62	-3.1113
45.62	-3.1115
45.62	-3.1115
45.61	-3.1114
45.61	-3.1115
45.61	-3.1112
45.60	-3.1115
45.60	-3.1114
45.60	-3.1114
45.60	-3.1115
45.59	-3.1114
45.59	-3.1113
45.59	-3.1114
45.59	-3.1112
45.59	-3.1113
45.58	-3.1113
45.58	-3.1112
45.58	-3.1113
45.58	-3.1112
45.58	-3.1111
45.57	-3.1111
45.57	-3.1111
45.57	-3.1111
45.57	-3.1110
45.56	-3.1111
45.56	-3.1110
45.56	-3.1110
45.55	-3.1108
45.55	-3.1108
45.55	-3.1107
45.55	-3.1107
45.54	-3.1107
45.54	-3.1105
45.54	-3.1108
45.53	-3.1106
45.53	-3.1104
45.53	-3.1105
45.53	-3.1103
45.53	-3.1104
45.52	-3.1103
45.52	-3.1102
45.52	-3.1103
45.52	-3.1101
45.52	-3.1103
45.51	-3.1100
45.51	-3.1102
45.51	-3.1100
45.50	-3.1100
45.50	-3.1101
45.50	-3.1098
45.49	-3.1099
45.49	-3.1099
45.49	-3.1097
45.49	-3.1098
45.48	-3.1097
45.48	-3.1098
45.48	-3.1096
45.48	-3.1096
45.48	-3.1093
45.47	-3.1096
45.47	-3.1096
45.47	-3.1094
45.46	-3.1095
45.46	-3.1095
45.46	-3.1095
45.46	-3.1095
45.45	-3.1093
45.45	-3.1095
45.45	-3.1093
45.45	-3.1094
45.45	-3.1094
45.45	-3.1093
45.44	-3.1091
45.44	-3.1093
45.44	-3.1092
45.44	-3.1093
45.43	-3.1092
45.43	-3.1092
45.43	-3.1090
45.43	-3.1091
45.43	-3.1088
45.42	-3.1091
45.42	-3.1089
45.42	-3.1089
45.42	-3.1088
45.41	-3.1088
45.41	-3.1089
45.41	-3.1088
45.40	-3.1087
45.40	-3.1087
45.40	-3.1086
45.40	-3.1087
45.39	-3.1088
45.39	-3.1085
45.39	-3.1087
45.38	-3.1086
45.38	-3.1086
45.38	-3.1084
45.37	-3.1084
45.37	-3.1085
45.37	-3.1083
45.37	-3.1083
45.37	-3.1082
45.36	-3.1083
45.36	-3.1079
45.36	-3.1080
45.35	-3.1079
45.35	-3.1080
45.35	-3.1080
45.35	-3.1079
45.34	-3.1079
45.34	-3.1078
45.34	-3.1078
45.33	-3.1078
45.33	-3.1078
45.33	-3.1077
45.33	-3.1078
45.33	-3.1075
45.32	-3.1075
45.32	-3.1074
45.32	-3.1074
45.31	-3.1073
45.31	-3.1075
45.31	-3.1075
45.31	-3.1073
45.30	-3.1073
45.30	-3.1071
45.30	-3.1072
45.30	-3.1071
45.30	-3.1069
45.30	-3.1070
45.30	-3.1068
45.30	-3.1070
45.29	-3.1069
45.29	-3.1069
45.29	-3.1069
45.28	-3.1066
45.28	-3.1068
45.28	-3.1068
45.27	-3.1067
45.27	-3.1066
45.27	-3.1065
45.27	-3.1065
45.26	-3.1063
45.26	-3.1063
45.26	-3.1064
45.25	-3.1060
45.25	-3.1062
45.25	-3.1061
45.25	-3.1060
45.24	-3.1060
45.24	-3.1061
45.24	-3.1060
45.23	-3.1060
45.23	-3.1058
45.23	-3.1057
45.23	-3.1057
45.23	-3.1059
45.23	-3.1058
45.23	-3.1057
45.23	-3.1056
45.23	-3.1057
45.22	-3.1058
45.22	-3.1056
45.22	-3.1056
45.21	-3.1057
45.21	-3.1057
45.20	-3.1056
45.20	-3.1057
45.20	-3.1055
45.20	-3.1056
45.20	-3.1056
45.19	-3.1054
45.19	-3.1052
45.19	-3.1054
45.18	-3.1054
45.18	-3.1054
45.18	-3.1053
45.18	-3.1053
45.17	-3.1053
45.17	-3.1051
45.17	-3.1050
45.16	-3.1050
45.16	-3.1049
45.16	-3.1049
45.16	-3.1046
45.16	-3.1049
45.16	-3.1046
45.15	-3.1046
45.15	-3.1047
45.15	-3.1044
45.15	-3.1045
45.15	-3.1045
45.14	-3.1046
45.13	-3.1045
45.13	-3.1045
45.13	-3.1044
45.13	-3.1044
45.12	-3.1044
45.12	-3.1044
45.11	-3.1043
45.11	-3.1041
45.10	-3.1041
45.10	-3.1041
45.10	-3.1041
45.10	-3.1040
45.10	-3.1040
45.10	-3.1039
45.10	-3.1039
45.10	-3.1038
45.10	-3.1038
45.10	-3.1038
45.10	-3.1035
45.09	-3.1035
45.09	-3.1034
45.08	-3.1036
45.08	-3.1035
45.08	-3.1033
45.08	-3.1034
45.08	-3.1032
45.08	-3.1033
45.07	-3.1033
45.07	-3.1031
45.07	-3.1034
45.07	-3.1030
45.06	-3.1031
45.06	-3.1028
45.05	-3.1030
45.05	-3.1027
45.05	-3.1029
45.05	-3.1026
45.05	-3.1027
45.04	-3.1025
45.04	-3.1025
45.04	-3.1025
45.03	-3.1026
45.03	-3.1025
45.03	-3.1023
45.03	-3.1025
45.02	-3.1023
45.02	-3.1023
45.02	-3.1024
45.02	-3.1022
45.01	-3.1022
45.01	-3.1022
45.00	-3.1019
45.00	-3.1021
45.00	-3.1018
44.99	-3.1019
44.99	-3.1019
44.99	-3.1019
44.99	-3.1017
44.99	-3.1018
44.98	-3.1018
44.98	-3.1016
44.98	-3.1018
44.98	-3.1016
44.98	-3.1016
44.97	-3.1018
44.97	-3.1017
44.97	-3.1014
44.97	-3.1016
44.96	-3.1015
44.96	-3.1017
44.95	-3.1014
44.95	-3.1014
44.95	-3.1014
44.95	-3.1012
44.95	-3.1015
44.95	-3.1013
44.95	-3.1013
44.95	-3.1012
44.94	-3.1012
44.94	-3.1013
44.94	-3.1011
44.93	-3.1012
44.93	-3.1012
44.93	-3.1011
44.93	-3.1010
44.93	-3.1009
44.93	-3.1011
44.93	-3.1010
44.92	-3.1009
44.92	-3.1008
44.91	-3.1008
44.91	-3.1006
44.91	-3.1007
44.90	-3.1006
44.90	-3.1005
44.90	-3.1003
44.89	-3.1004
44.89	-3.1003
44.89	-3.1003
44.88	-3.1001
44.88	-3.1002
44.88	-3.1000
44.88	-3.1000
44.88	-3.0998
44.87	-3.0996
44.87	-3.0999
44.87	-3.0997
44.87	-3.0995
44.86	-3.0997
44.86	-3.0997
44.86	-3.0996
44.86	-3.0996
44.85	-3.0996
44.85	-3.0996
44.85	-3.0995
44.84	-3.0994
44.84	-3.0994
44.84	-3.0995
44.84	-3.0993
44.84	-3.0994
44.84	-3.0994
44.83	-3.0995
44.83	-3.0995
44.83	-3.0995
44.83	-3.0994
44.83	-3.0994
44.82	-3.0994
44.82	-3.0995
44.82	-3.0996
44.81	-3.0993
44.81	-3.0994
44.81	-3.0993
44.81	-3.0994
44.81	-3.0994
44.81	-3.0993
44.80	-3.0993
44.80	-3.0994
44.80	-3.0993
44.80	-3.0992
44.80	-3.0991
44.79	-3.0992
44.79	-3.0992
44.79	-3.0992
44.78	-3.0991
44.78	-3.0990
44.77	-3.0993
44.77	-3.0992
44.77	-3.0990
44.77	-3.0991
44.76	-3.0990
44.76	-3.0990
44.75	-3.0990
44.75	-3.0990
44.75	-3.0989
44.75	-3.0989
44.75	-3.0990
44.75	-3.0990
44.75	-3.0989
44.74	-3.0989
44.74	-3.0988
44.74	-3.0989
44.74	-3.0988
44.73	-3.0987
44.73	-3.0989
44.73	-3.0987
44.73	-3.0986
44.73	-3.0986
44.73	-3.0986
44.72	-3.0985
44.72	-3.0984
44.72	-3.0984
44.72	-3.0985
44.72	-3.0983
44.71	-3.0983
44.71	-3.0982
44.70	-3.0982
44.70	-3.0982
44.70	-3.0979
44.70	-3.0979
44.69	-3.0979
44.69	-3.0980
44.68	-3.0979
44.68	-3.0981
44.68	-3.0978
44.68	-3.0977
44.68	-3.0977
44.68	-3.0977
44.68	-3.0977
44.67	-3.0976
44.67	-3.0976
44.66	-3.0976
44.66	-3.0973
44.66	-3.0972
44.65	-3.0972
44.65	-3.0973
44.65	-3.0973
44.65	-3.0972
44.65	-3.0972
44.65	-3.0969
44.64	-3.0969
44.64	-3.0968
44.63	-3.0970
44.63	-3.0970
44.63	-3.0968
44.63	-3.0967
44.63	-3.0968
44.63	-3.0967
44.62	-3.0969
44.62	-3.0965
44.61	-3.0965
44.61	-3.0965
44.61	-3.0964
44.61	-3.0965
44.60	-3.0961
44.60	-3.0962
44.60	-3.0961
44.60	-3.0961
44.59	-3.0960
44.59	-3.0960
44.59	-3.0959
44.59	-3.0957
44.59	-3.0957
44.59	-3.0957
44.58	-3.0957
44.58	-3.0956
44.58	-3.0957
44.58	-3.0955
44.57	-3.0955
44.57	-3.0955
44.57	-3.0953
44.56	-3.0954
44.56	-3.0954
44.56	-3.0952
44.56	-3.0952
44.56	-3.0951
44.55	-3.0954
44.55	-3.0951
44.55	-3.0952
44.55	-3.0951
44.54	-3.0951
44.54	-3.0951
44.53	-3.0951
44.53	-3.0952
44.53	-3.0949
44.53	-3.0951
44.53	-3.0949
44.52	-3.0951
44.52	-3.0949
44.52	-3.0949
44.52	-3.0949
44.52	-3.0948
44.51	-3.0950
44.51	-3.0947
44.50	-3.0948
44.50	-3.0947
44.50	-3.0948
44.50	-3.0948
44.49	-3.0949
44.49	-3.0947
44.49	-3.0947
44.49	-3.0946
44.49	-3.0948
44.48	-3.0947
44.48	-3.0947
44.48	-3.0947
44.47	-3.0947
44.47	-3.0945
44.47	-3.0947
44.47	-3.0945
44.47	-3.0945
44.47	-3.0945
44.46	-3.0944
44.46	-3.0946
44.46	-3.0946
44.46	-3.0947
44.46	-3.0946
44.45	-3.0945
44.45	-3.0945
44.45	-3.0945
44.45	-3.0946
44.44	-3.0947
44.44	-3.0946
44.43	-3.0948
44.43	-3.0946
44.43	-3.0948
44.43	-3.0946
44.43	-3.0945
44.42	-3.0946
44.42	-3.0946
44.42	-3.0944
44.41	-3.0948
44.41	-3.0946
44.41	-3.0947
44.41	-3.0946
44.40	-3.0944
44.40	-3.0945
44.40	-3.0946
44.40	-3.0946
44.40	-3.0945
44.40	-3.0945
44.39	-3.0944
44.39	-3.0944
44.39	-3.0944
44.38	-3.0943
44.38	-3.0944
44.38	-3.0944
44.38	-3.0945
44.38	-3.0945
44.37	-3.0942
44.37	-3.0942
44.37	-3.0942
44.37	-3.0943
44.36	-3.0943
44.36	-3.0942
44.36	-3.0940
44.35	-3.0942
44.35	-3.0940
44.34	-3.0941
44.34	-3.0941
44.34	-3.0940
44.34	-3.0940
44.34	-3.0941
44.34	-3.0940
44.34	-3.0940
44.33	-3.0939
44.33	-3.0938
44.33	-3.0938
44.32	-3.0938
44.32	-3.0939
44.32	-3.0939
44.32	-3.0938
44.32	-3.0938
44.31	-3.0937
44.31	-3.0937
44.31	-3.0937
44.31	-3.0938
44.30	-3.0937
44.30	-3.0936
44.30	-3.0937
44.30	-3.0936
44.30	-3.0937
44.29	-3.0938
44.29	-3.0938
44.29	-3.0938
44.28	-3.0937
44.28	-3.0936
44.27	-3.0939
44.27	-3.0936
44.27	-3.0937
44.27	-3.0936
44.27	-3.0937
44.26	-3.0938
44.26	-3.0936
44.26	-3.0936
44.26	-3.0935
44.25	-3.0936
44.25	-3.0934
44.24	-3.0934
44.24	-3.0933
44.24	-3.0934
44.24	-3.0932
44.24	-3.0932
44.24	-3.0931
44.23	-3.0931
44.23	-3.0931
44.23	-3.0931
44.22	-3.0931
44.23	-3.0930
44.23	-3.0931
44.22	-3.0929
44.22	-3.0928
44.21	-3.0929
44.21	-3.0930
44.21	-3.0929
44.20	-3.0930
44.20	-3.0929
44.20	-3.0928
44.20	-3.0928
44.19	-3.0929
44.19	-3.0928
44.19	-3.0930
44.18	-3.0926
44.18	-3.0928
44.18	-3.0928
44.18	-3.0927
44.18	-3.0925
44.18	-3.0927
44.17	-3.0927
44.17	-3.0925
44.17	-3.0924
44.17	-3.0925
44.17	-3.0924
44.16	-3.0925
44.16	-3.0923
44.15	-3.0925
44.15	-3.0926
44.15	-3.0926
44.15	-3.0925
44.14	-3.0924
44.14	-3.0926
44.14	-3.0925
44.14	-3.0926
44.14	-3.0926
44.13	-3.0924
44.13	-3.0924
44.13	-3.0923
44.13	-3.0925
44.13	-3.0926
44.12	-3.0923
44.12	-3.0923
44.12	-3.0925
44.11	-3.0924
44.11	-3.0924
44.11	-3.0922
44.10	-3.0921
44.10	-3.0921
44.10	-3.0920
44.10	-3.0920
44.10	-3.0921
44.10	-3.0918
44.09	-3.0919
44.09	-3.0916
44.09	-3.0917
44.08	-3.0917
44.08	-3.0917
44.08	-3.0917
44.08	-3.0916
44.08	-3.0914
44.07	-3.0915
44.07	-3.0915
44.07	-3.0914
44.06	-3.0914
44.06	-3.0913
44.06	-3.0912
44.05	-3.0912
44.05	-3.0913
44.05	-3.0912
44.05	-3.0911
44.05	-3.0911
44.05	-3.0913
44.05	-3.0911
44.04	-3.0910
44.04	-3.0910
44.04	-3.0912
44.03	-3.0911
44.03	-3.0909
44.02	-3.0909
44.02	-3.0909
44.02	-3.0911
44.02	-3.0908
44.01	-3.0908
44.01	-3.0909
44.01	-3.0907
44.01	-3.0907
44.01	-3.0908
44.01	-3.0906
44.00	-3.0905
44.00	-3.0906
43.99	-3.0905
43.99	-3.0903
43.99	-3.0905
43.98	-3.0904
43.98	-3.0903
43.98	-3.0902
43.98	-3.0902
43.98	-3.0902
43.98	-3.0901
43.97	-3.0902
43.97	-3.0902
43.97	-3.0900
43.96	-3.0901
43.96	-3.0901
43.96	-3.0901
43.96	-3.0900
43.96	-3.0900
43.96	-3.0899
43.95	-3.0901
43.95	-3.0901
43.95	-3.0899
43.95	-3.0899
43.94	-3.0899
43.94	-3.0899
43.93	-3.0899
43.93	-3.0898
43.93	-3.0897
43.93	-3.0899
43.93	-3.0896
43.93	-3.0897
43.92	-3.0896
43.92	-3.0897
43.92	-3.0895
43.91	-3.0897
43.91	-3.0896
43.91	-3.0896
43.91	-3.0893
43.91	-3.0895
43.91	-3.0894
43.90	-3.0894
43.90	-3.0894
43.90	-3.0894
43.90	-3.0893
43.89	-3.0893
43.89	-3.0891
43.89	-3.0890
43.89	-3.0891
43.89	-3.0891
43.88	-3.0890
43.88	-3.0888
43.88	-3.0887
43.88	-3.0886
43.87	-3.0886
43.87	-3.0887
43.87	-3.0886
43.87	-3.0886
43.86	-3.0885
43.86	-3.0884
43.85	-3.0883
43.85	-3.0884
43.85	-3.0882
43.84	-3.0884
43.84	-3.0882
43.84	-3.0881
43.84	-3.0882
43.84	-3.0882
43.84	-3.0882
43.83	-3.0880
43.83	-3.0880
43.83	-3.0881
43.83	-3.0878
43.83	-3.0878
43.82	-3.0879
43.82	-3.0879
43.81	-3.0879
43.81	-3.0877
43.81	-3.0879
43.80	-3.0878
43.80	-3.0877
43.80	-3.0876
43.80	-3.0877
43.80	-3.0876
43.79	-3.0876
43.79	-3.0876
43.79	-3.0876
43.79	-3.0875
43.78	-3.0876
43.78	-3.0875
43.78	-3.0875
43.78	-3.0874
43.77	-3.0875
43.77	-3.0875
43.77	-3.0874
43.76	-3.0874
43.76	-3.0872
43.76	-3.0874
43.76	-3.0871
43.76	-3.0874
43.75	-3.0870
43.75	-3.0871
43.74	-3.0873
43.74	-3.0873
43.74	-3.0871
43.74	-3.0871
43.74	-3.0871
43.74	-3.0872
43.74	-3.0870
43.74	-3.0872
43.73	-3.0871
43.73	-3.0870
43.73	-3.0868
43.73	-3.0868
43.72	-3.0867
43.71	-3.0866
43.71	-3.0866
43.71	-3.0865
43.71	-3.0865
43.71	-3.0866
43.70	-3.0866
43.70	-3.0865
43.70	-3.0864
43.70	-3.0863
43.70	-3.0863
43.70	-3.0862
43.69	-3.0863
43.69	-3.0861
43.69	-3.0860
43.69	-3.0860
43.68	-3.0859
43.68	-3.0859
43.68	-3.0861
43.67	-3.0858
43.67	-3.0856
43.67	-3.0859
43.67	-3.0856
43.67	-3.0858
43.66	-3.0856
43.66	-3.0856
43.65	-3.0856
43.65	-3.0854
43.65	-3.0854
43.65	-3.0854
43.65	-3.0854
43.65	-3.0854
43.64	-3.0851
43.64	-3.0853
43.63	-3.0851
43.63	-3.0853
43.63	-3.0852
43.63	-3.0850
43.63	-3.0849
43.62	-3.0851
43.62	-3.0851
43.62	-3.0849
43.61	-3.0849
43.61	-3.0847
43.61	-3.0849
43.61	-3.0849
43.61	-3.0849
43.60	-3.0846
43.59	-3.0847
43.59	-3.0847
43.59	-3.0846
43.59	-3.0847
43.59	-3.0848
43.59	-3.0847
43.58	-3.0845
43.58	-3.0849
43.58	-3.0847
43.58	-3.0847
43.58	-3.0847
43.57	-3.0847
43.57	-3.0845
43.57	-3.0847
43.57	-3.0845
43.57	-3.0844
43.57	-3.0845
43.56	-3.0845
43.56	-3.0844
43.55	-3.0844
43.55	-3.0844
43.55	-3.0842
43.55	-3.0844
43.55	-3.0842
43.55	-3.0842
43.54	-3.0842
43.53	-3.0842
43.53	-3.0841
43.53	-3.0841
43.53	-3.0843
43.52	-3.0841
43.52	-3.0841
43.52	-3.0842
43.52	-3.0841
43.52	-3.0841
43.52	-3.0840
43.52	-3.0840
43.51	-3.0839
43.51	-3.0840
43.51	-3.0839
43.50	-3.0842
43.50	-3.0840
43.49	-3.0839
43.49	-3.0839
43.49	-3.0839
43.49	-3.0839
43.49	-3.0839
43.49	-3.0838
43.48	-3.0836
43.48	-3.0839
43.48	-3.0839
43.48	-3.0834
43.47	-3.0837
43.47	-3.0834
43.47	-3.0836
43.47	-3.0835
43.46	-3.0835
43.46	-3.0835
43.45	-3.0833
43.45	-3.0833
43.45	-3.0834
43.45	-3.0831
43.45	-3.0832
43.45	-3.0831
43.44	-3.0830
43.44	-3.0833
43.44	-3.0830
43.44	-3.0830
43.43	-3.0830
43.43	-3.0829
43.43	-3.0827
43.42	-3.0829
43.42	-3.0830
43.42	-3.0828
43.42	-3.0828
43.41	-3.0828
43.41	-3.0826
43.41	-3.0826
43.41	-3.0827
43.40	-3.0825
43.40	-3.0827
43.40	-3.0825
43.40	-3.0825
43.40	-3.0823
43.40	-3.0824
43.39	-3.0823
43.39	-3.0823
43.39	-3.0822
43.38	-3.0823
43.38	-3.0822
43.38	-3.0821
43.38	-3.0821
43.37	-3.0821
43.37	-3.0821
43.37	-3.0820
43.37	-3.0822
43.36	-3.0819
43.36	-3.0821
43.35	-3.0820
43.35	-3.0821
43.35	-3.0822
43.35	-3.0819
43.35	-3.0821
43.35	-3.0820
43.34	-3.0819
43.34	-3.0819
43.34	-3.0820
43.33	-3.0819
43.33	-3.0819
43.33	-3.0817
43.33	-3.0819
43.33	-3.0819
43.32	-3.0818
43.32	-3.0820
43.32	-3.0817
43.31	-3.0820
43.31	-3.0819
43.31	-3.0818
43.31	-3.0819
43.30	-3.0819
43.30	-3.0821
43.30	-3.0820
43.30	-3.0819
43.30	-3.0821
43.30	-3.0820
43.29	-3.0819
43.29	-3.0820
43.29	-3.0821
43.29	-3.0822
43.28	-3.0819
43.28	-3.0820
43.28	-3.0822
43.27	-3.0820
43.27	-3.0822
43.27	-3.0823
43.26	-3.0821
43.26	-3.0821
43.26	-3.0820
43.26	-3.0821
43.25	-3.0823
43.25	-3.0822
43.25	-3.0823
43.24	-3.0823
43.24	-3.0822
43.24	-3.0825
43.24	-3.0823
43.24	-3.0824
43.24	-3.0822
43.23	-3.0823
43.23	-3.0823
43.23	-3.0822
43.23	-3.0824
43.23	-3.0823
43.23	-3.0824
43.22	-3.0823
43.22	-3.0823
43.21	-3.0824
43.21	-3.0823
43.21	-3.0823
43.20	-3.0823
43.20	-3.0823
43.20	-3.0823
43.20	-3.0821
43.19	-3.0821
43.19	-3.0821
43.19	-3.0819
43.19	-3.0822
43.18	-3.0821
43.18	-3.0819
43.18	-3.0819
43.18	-3.0820
43.17	-3.0818
43.17	-3.0817
43.17	-3.0818
43.16	-3.0818
43.16	-3.0820
43.16	-3.0818
43.16	-3.0818
43.16	-3.0817
43.15	-3.0817
43.16	-3.0817
43.15	-3.0816
43.15	-3.0817
43.14	-3.0817
43.14	-3.0818
43.14	-3.0816
43.14	-3.0817
43.14	-3.0817
43.13	-3.0817
43.13	-3.0816
43.13	-3.0817
43.13	-3.0818
43.12	-3.0816
43.12	-3.0818
43.12	-3.0818
43.12	-3.0818
43.11	-3.0820
43.11	-3.0818
43.11	-3.0818
43.10	-3.0819
43.10	-3.0820
43.10	-3.0818
43.10	-3.0819
43.09	-3.0819
43.09	-3.0817
43.09	-3.0820
43.09	-3.0817
43.09	-3.0819
43.08	-3.0818
43.08	-3.0817
43.08	-3.0818
43.08	-3.0816
43.07	-3.0816
43.07	-3.0816
43.06	-3.0817
43.06	-3.0814
43.06	-3.0814
43.07	-3.0816
43.06	-3.0815
43.06	-3.0813
43.05	-3.0814
43.05	-3.0814
43.05	-3.0814
43.04	-3.0813
43.04	-3.0811
43.04	-3.0811
43.03	-3.0809
43.03	-3.0810
43.03	-3.0809
43.03	-3.0811
43.03	-3.0808
43.03	-3.0809
43.02	-3.0808
43.02	-3.0808
43.02	-3.0805
43.02	-3.0807
43.02	-3.0806
43.02	-3.0806
43.01	-3.0804
43.01	-3.0804
43.00	-3.0803
42.99	-3.0801
42.99	-3.0802
42.99	-3.0800
42.99	-3.0800
42.99	-3.0799
42.99	-3.0798
42.99	-3.0797
42.99	-3.0796
42.98	-3.0797
42.98	-3.0796
42.98	-3.0796
42.98	-3.0796
42.98	-3.0793
42.98	-3.0794
42.97	-3.0795
42.97	-3.0792
42.97	-3.0792
42.96	-3.0790
42.95	-3.0789
42.95	-3.0788
42.95	-3.0790
42.95	-3.0789
42.95	-3.0787
42.95	-3.0787
42.95	-3.0786
42.95	-3.0785
42.94	-3.0785
42.94	-3.0785
42.94	-3.0784
42.93	-3.0783
42.93	-3.0783
42.93	-3.0784
42.93	-3.0781
42.92	-3.0783
42.92	-3.0780
42.91	-3.0779
42.91	-3.0779
42.90	-3.0780
42.90	-3.0777
42.90	-3.0779
42.90	-3.0775
42.90	-3.0776
42.90	-3.0775
42.90	-3.0776
42.90	-3.0774
42.90	-3.0775
42.89	-3.0773
42.89	-3.0772
42.89	-3.0774
42.88	-3.0772
42.88	-3.0772
42.88	-3.0769
42.88	-3.0771
42.87	-3.0769
42.87	-3.0771
42.87	-3.0771
42.86	-3.0768
42.86	-3.0769
42.86	-3.0770
42.86	-3.0768
42.86	-3.0769
42.85	-3.0767
42.85	-3.0766
42.84	-3.0765
42.84	-3.0765
42.83	-3.0766
42.83	-3.0766
42.82	-3.0765
42.81	-3.0766
42.81	-3.0763
42.81	-3.0764
42.81	-3.0764
42.80	-3.0764
42.80	-3.0762
42.80	-3.0760
42.80	-3.0762
42.80	-3.0760
42.80	-3.0759
42.80	-3.0760
42.80	-3.0759
42.80	-3.0759
42.80	-3.0758
42.80	-3.0759
42.80	-3.0758
42.80	-3.0758
42.80	-3.0757
42.80	-3.0757
42.80	-3.0757
42.80	-3.0757
42.79	-3.0756
42.78	-3.0757
42.78	-3.0758
42.77	-3.0755
42.77	-3.0754
42.77	-3.0755
42.77	-3.0755
42.76	-3.0755
42.76	-3.0756
42.75	-3.0756
42.75	-3.0757
42.75	-3.0756
42.75	-3.0757
42.75	-3.0755
42.74	-3.0756
42.74	-3.0754
42.74	-3.0757
42.74	-3.0756
42.73	-3.0756
42.73	-3.0755
42.73	-3.0755
42.73	-3.0754
42.73	-3.0754
42.73	-3.0754
42.73	-3.0754
42.72	-3.0755
42.72	-3.0752
42.72	-3.0753
42.71	-3.0754
42.71	-3.0753
42.71	-3.0752
42.71	-3.0752
42.70	-3.0752
42.70	-3.0752
42.70	-3.0751
42.70	-3.0748
42.69	-3.0750
42.69	-3.0749
42.69	-3.0750
42.68	-3.0747
42.68	-3.0750
42.68	-3.0748
42.68	-3.0748
42.68	-3.0749
42.67	-3.0749
42.67	-3.0749
42.67	-3.0749
42.67	-3.0748
42.66	-3.0747
42.66	-3.0748
42.65	-3.0749
42.65	-3.0750
42.65	-3.0748
42.65	-3.0748
42.64	-3.0749
42.64	-3.0749
42.64	-3.0748
42.64	-3.0749
42.63	-3.0747
42.63	-3.0748
42.63	-3.0747
42.63	-3.0746
42.63	-3.0745
42.63	-3.0748
42.62	-3.0744
42.62	-3.0746
42.61	-3.0745
42.61	-3.0744
42.61	-3.0744
42.60	-3.0744
42.60	-3.0742
42.60	-3.0744
42.60	-3.0742
42.60	-3.0743
42.59	-3.0743
42.59	-3.0741
42.59	-3.0741
42.59	-3.0741
42.59	-3.0741
42.59	-3.0741
42.58	-3.0741
42.58	-3.0741
42.58	-3.0742
42.58	-3.0742
42.57	-3.0741
42.57	-3.0740
42.57	-3.0740
42.57	-3.0740
42.57	-3.0740
42.56	-3.0740
42.56	-3.0739
42.55	-3.0739
42.55	-3.0741
42.55	-3.0737
42.55	-3.0737
42.55	-3.0738
42.54	-3.0737
42.54	-3.0736
42.54	-3.0738
42.54	-3.0737
42.53	-3.0738
42.53	-3.0737
42.52	-3.0736
42.52	-3.0736
42.52	-3.0737
42.52	-3.0738
42.52	-3.0736
42.51	-3.0736
42.51	-3.0736
42.51	-3.0736
42.51	-3.0736
42.50	-3.0735
42.51	-3.0736
42.50	-3.0736
42.50	-3.0735
42.49	-3.0736
42.49	-3.0734
42.49	-3.0734
42.49	-3.0733
42.49	-3.0734
42.48	-3.0733
42.48	-3.0733
42.48	-3.0732
42.48	-3.0732
42.48	-3.0731
42.48	-3.0732
42.48	-3.0732
42.47	-3.0732
42.47	-3.0731
42.46	-3.0731
42.45	-3.0731
42.45	-3.0730
42.45	-3.0730
42.45	-3.0729
42.45	-3.0729
42.44	-3.0729
42.44	-3.0728
42.44	-3.0727
42.43	-3.0728
42.43	-3.0725
42.43	-3.0726
42.43	-3.0726
42.43	-3.0726
42.43	-3.0725
42.42	-3.0724
42.42	-3.0726
42.41	-3.0723
42.41	-3.0723
42.40	-3.0722
42.40	-3.0723
42.40	-3.0723
42.40	-3.0723
42.40	-3.0722
42.40	-3.0722
42.40	-3.0721
42.39	-3.0722
42.39	-3.0721
42.39	-3.0718
42.39	-3.0720
42.38	-3.0719
42.38	-3.0720
42.38	-3.0719
42.38	-3.0719
42.38	-3.0718
42.38	-3.0719
42.37	-3.0717
42.37	-3.0719
42.37	-3.0718
42.36	-3.0718
42.36	-3.0717
42.36	-3.0716
42.35	-3.0718
42.35	-3.0717
42.35	-3.0717
42.35	-3.0718
42.34	-3.0717
42.34	-3.0716
42.34	-3.0717
42.34	-3.0716
42.33	-3.0716
42.33	-3.0715
42.33	-3.0716
42.33	-3.0714
42.33	-3.0715
42.32	-3.0716
42.32	-3.0712
42.32	-3.0713
42.31	-3.0712
42.31	-3.0711
42.31	-3.0711
42.31	-3.0709
42.30	-3.0709
42.30	-3.0708
42.30	-3.0708
42.30	-3.0707
42.29	-3.0707
42.29	-3.0708
42.28	-3.0708
42.28	-3.0708
42.28	-3.0708
42.28	-3.0706
42.28	-3.0707
42.28	-3.0707
42.27	-3.0706
42.27	-3.0705
42.27	-3.0706
42.27	-3.0704
42.27	-3.0704
42.26	-3.0704
42.26	-3.0703
42.25	-3.0704
42.25	-3.0702
42.25	-3.0702
42.25	-3.0702
42.24	-3.0701
42.24	-3.0702
42.24	-3.0700
42.24	-3.0701
42.23	-3.0701
42.23	-3.0698
42.23	-3.0700
42.23	-3.0699
42.23	-3.0698
42.23	-3.0699
42.22	-3.0698
42.23	-3.0697
42.22	-3.0700
42.22	-3.0698
42.21	-3.0697
42.21	-3.0699
42.20	-3.0698
42.20	-3.0697
42.20	-3.0697
42.20	-3.0698
42.20	-3.0694
42.20	-3.0694
42.19	-3.0695
42.19	-3.0695
42.19	-3.0694
42.18	-3.0693
42.18	-3.0692
42.18	-3.0692
42.18	-3.0694
42.18	-3.0694
42.17	-3.0692
42.17	-3.0692
42.17	-3.0693
42.17	-3.0691
42.16	-3.0691
42.16	-3.0691
42.16	-3.0690
42.15	-3.0690
42.15	-3.0689
42.15	-3.0691
42.15	-3.0688
42.15	-3.0688
42.14	-3.0688
42.14	-3.0686
42.14	-3.0687
42.14	-3.0686
42.13	-3.0685
42.13	-3.0687
42.13	-3.0686
42.13	-3.0685
42.13	-3.0685
42.13	-3.0685
42.12	-3.0682
42.12	-3.0680
42.12	-3.0681
42.11	-3.0680
42.11	-3.0682
42.11	-3.0681
42.11	-3.0680
42.10	-3.0679
42.09	-3.0677
42.09	-3.0677
42.09	-3.0676
42.09	-3.0675
42.08	-3.0676
42.09	-3.0673
42.09	-3.0674
42.08	-3.0672
42.08	-3.0673
42.08	-3.0673
42.08	-3.0671
42.07	-3.0670
42.07	-3.0670
42.07	-3.0670
42.07	-3.0668
42.07	-3.0669
42.06	-3.0668
42.06	-3.0667
42.06	-3.0665
42.06	-3.0668
42.05	-3.0668
42.05	-3.0667
42.05	-3.0665
42.05	-3.0665
42.04	-3.0666
42.04	-3.0664
42.04	-3.0664
42.04	-3.0663
42.04	-3.0664
42.03	-3.0661
42.03	-3.0663
42.02	-3.0662
42.02	-3.0662
42.02	-3.0661
42.02	-3.0663
42.02	-3.0662
42.01	-3.0660
42.01	-3.0660
42.00	-3.0659
42.00	-3.0659
41.99	-3.0658
41.99	-3.0659
41.99	-3.0660
41.99	-3.0659
41.99	-3.0659
41.99	-3.0657
41.99	-3.0658
41.98	-3.0658
41.98	-3.0658
41.98	-3.0657
41.98	-3.0657
41.98	-3.0658
41.97	-3.0657
41.97	-3.0657
41.97	-3.0657
41.96	-3.0657
41.96	-3.0653
41.96	-3.0657
41.95	-3.0655
41.95	-3.0656
41.95	-3.0654
41.95	-3.0655
41.95	-3.0654
41.94	-3.0653
41.94	-3.0653
41.94	-3.0651
41.93	-3.0651
41.93	-3.0650
41.93	-3.0653
41.93	-3.0652
41.93	-3.0652
41.93	-3.0651
41.92	-3.0650
41.92	-3.0651
41.92	-3.0650
41.92	-3.0650
41.91	-3.0648
41.91	-3.0649
41.91	-3.0647
41.91	-3.0651
41.90	-3.0649
41.90	-3.0648
41.90	-3.0649
41.90	-3.0648
41.90	-3.0647
41.89	-3.0647
41.89	-3.0649
41.89	-3.0646
41.88	-3.0648
41.88	-3.0648
41.88	-3.0647
41.88	-3.0646
41.88	-3.0647
41.87	-3.0645
41.87	-3.0646
41.86	-3.0647
41.86	-3.0645
41.86	-3.0645
41.85	-3.0644
41.85	-3.0644
41.85	-3.0646
41.85	-3.0643
41.85	-3.0643
41.84	-3.0644
41.84	-3.0641
41.84	-3.0642
41.84	-3.0641
41.84	-3.0643
41.84	-3.0640
41.83	-3.0641
41.83	-3.0641
41.83	-3.0639
41.83	-3.0640
41.82	-3.0640
41.82	-3.0640
41.81	-3.0638
41.81	-3.0639
41.81	-3.0638
41.80	-3.0638
41.80	-3.0638
41.80	-3.0637
41.80	-3.0637
41.80	-3.0637
41.80	-3.0637
41.80	-3.0637
41.79	-3.0637
41.79	-3.0636
41.78	-3.0636
41.78	-3.0636
41.78	-3.0634
41.78	-3.0634
41.77	-3.0634
41.77	-3.0633
41.77	-3.0633
41.76	-3.0633
41.76	-3.0632
41.76	-3.0632
41.76	-3.0633
41.76	-3.0631
41.75	-3.0633
41.75	-3.0631
41.75	-3.0632
41.75	-3.0632
41.74	-3.0631
41.74	-3.0630
41.74	-3.0630
41.73	-3.0630
41.73	-3.0629
41.73	-3.0628
41.73	-3.0629
41.73	-3.0629
41.73	-3.0625
41.72	-3.0626
41.72	-3.0625
41.71	-3.0626
41.71	-3.0626
41.71	-3.0625
41.71	-3.0625
41.71	-3.0626
41.71	-3.0624
41.71	-3.0625
41.70	-3.0626
41.70	-3.0625
41.70	-3.0625
41.69	-3.0624
41.69	-3.0624
41.69	-3.0623
41.69	-3.0623
41.68	-3.0621
41.68	-3.0623
41.68	-3.0621
41.68	-3.0621
41.67	-3.0619
41.67	-3.0621
41.66	-3.0621
41.66	-3.0621
41.66	-3.0620
41.66	-3.0619
41.65	-3.0620
41.65	-3.0619
41.65	-3.0619
41.65	-3.0618
41.65	-3.0617
41.65	-3.0616
41.64	-3.0616
41.64	-3.0618
41.64	-3.0618
41.64	-3.0616
41.64	-3.0614
41.63	-3.0617
41.63	-3.0615
41.63	-3.0613
41.63	-3.0615
41.62	-3.0613
41.62	-3.0614
41.62	-3.0613
41.62	-3.0612
41.62	-3.0613
41.61	-3.0612
41.61	-3.0613
41.60	-3.0612
41.60	-3.0613
41.60	-3.0611
41.59	-3.0610
41.59	-3.0612
41.59	-3.0609
41.59	-3.0610
41.59	-3.0609
41.58	-3.0610
41.58	-3.0610
41.58	-3.0609
41.57	-3.0609
41.57	-3.0607
41.57	-3.0608
41.57	-3.0606
41.57	-3.0607
41.56	-3.0608
41.56	-3.0607
41.55	-3.0607
41.55	-3.0606
41.55	-3.0606
41.55	-3.0606
41.55	-3.0605
41.55	-3.0605
41.55	-3.0604
41.54	-3.0604
41.54	-3.0602
41.54	-3.0602
41.54	-3.0601
41.54	-3.0601
41.53	-3.0600
41.53	-3.0599
41.53	-3.0599
41.52	-3.0600
41.51	-3.0597
41.51	-3.0597
41.51	-3.0597
41.51	-3.0595
41.50	-3.0596
41.50	-3.0596
41.50	-3.0595
41.50	-3.0596
41.49	-3.0593
41.49	-3.0594
41.49	-3.0591
41.49	-3.0593
41.49	-3.0592
41.49	-3.0593
41.48	-3.0593
41.48	-3.0592
41.48	-3.0591
41.48	-3.0593
41.48	-3.0591
41.47	-3.0590
41.47	-3.0589
41.47	-3.0590
41.47	-3.0591
41.46	-3.0589
41.46	-3.0590
41.46	-3.0588
41.45	-3.0590
41.45	-3.0588
41.44	-3.0587
41.44	-3.0587
41.44	-3.0587
41.44	-3.0588
41.44	-3.0587
41.43	-3.0587
41.43	-3.0588
41.43	-3.0588
41.43	-3.0587
41.43	-3.0586
41.43	-3.0585
41.42	-3.0587
41.42	-3.0586
41.41	-3.0587
41.41	-3.0585
41.41	-3.0585
41.41	-3.0585
41.40	-3.0587
41.40	-3.0586
41.40	-3.0586
41.40	-3.0586
41.40	-3.0586
41.40	-3.0585
41.39	-3.0585
41.39	-3.0585
41.38	-3.0582
41.38	-3.0585
41.38	-3.0583
41.38	-3.0582
41.38	-3.0583
41.37	-3.0581
41.37	-3.0581
41.37	-3.0579
41.37	-3.0580
41.36	-3.0578
41.36	-3.0579
41.35	-3.0578
41.35	-3.0578
41.35	-3.0577
41.35	-3.0578
41.35	-3.0574
41.34	-3.0577
41.34	-3.0574
41.34	-3.0573
41.34	-3.0572
41.33	-3.0573
41.33	-3.0573
41.33	-3.0571
41.33	-3.0573
41.32	-3.0569
41.32	-3.0571
41.32	-3.0567
41.32	-3.0566
41.31	-3.0567
41.31	-3.0565
41.31	-3.0567
41.30	-3.0566
41.30	-3.0564
41.30	-3.0563
41.30	-3.0563
41.30	-3.0563
41.29	-3.0562
41.29	-3.0561
41.29	-3.0560
41.29	-3.0561
41.29	-3.0561
41.28	-3.0559
41.28	-3.0558
41.28	-3.0559
41.28	-3.0557
41.27	-3.0558
41.27	-3.0558
41.27	-3.0555
41.27	-3.0555
41.27	-3.0556
41.26	-3.0556
41.26	-3.0555
41.25	-3.0554
41.25	-3.0554
41.25	-3.0554
41.25	-3.0552
41.24	-3.0553
41.24	-3.0553
41.24	-3.0553
41.24	-3.0553
41.24	-3.0553
41.23	-3.0550
41.23	-3.0550
41.23	-3.0550
41.23	-3.0551
41.22	-3.0551
41.22	-3.0550
41.21	-3.0550
41.21	-3.0550
41.21	-3.0549
41.21	-3.0549
41.21	-3.0548
41.21	-3.0549
41.21	-3.0547
41.20	-3.0548
41.20	-3.0547
41.20	-3.0547
41.20	-3.0548
41.19	-3.0547
41.19	-3.0546
41.19	-3.0547
41.18	-3.0545
41.18	-3.0546
41.18	-3.0543
41.18	-3.0544
41.18	-3.0544
41.17	-3.0544
41.17	-3.0544
41.17	-3.0543
41.16	-3.0541
41.16	-3.0542
41.16	-3.0542
41.15	-3.0542
41.15	-3.0541
41.15	-3.0540
41.15	-3.0541
41.15	-3.0540
41.14	-3.0540
41.14	-3.0540
41.14	-3.0538
41.14	-3.0538
41.14	-3.0538
41.13	-3.0538
41.13	-3.0538
41.13	-3.0537
41.13	-3.0537
41.13	-3.0538
41.13	-3.0539
41.13	-3.0539
41.12	-3.0537
41.12	-3.0537
41.11	-3.0536
41.11	-3.0537
41.11	-3.0537
41.11	-3.0538
41.11	-3.0537
41.10	-3.0537
41.10	-3.0538
41.09	-3.0538
41.09	-3.0537
41.09	-3.0538
41.09	-3.0538
41.09	-3.0538
41.08	-3.0537
41.08	-3.0539
41.08	-3.0540
41.07	-3.0538
41.07	-3.0538
41.07	-3.0539
41.07	-3.0539
41.07	-3.0540
41.06	-3.0539
41.06	-3.0540
41.05	-3.0539
41.05	-3.0537
41.05	-3.0537
41.05	-3.0538
41.05	-3.0537
41.04	-3.0538
41.04	-3.0537
41.04	-3.0536
41.04	-3.0538
41.03	-3.0539
41.03	-3.0537
41.03	-3.0538
41.02	-3.0537
41.02	-3.0539
41.02	-3.0537
41.01	-3.0537
41.01	-3.0536
41.00	-3.0537
40.99	-3.0537
40.99	-3.0537
41.00	-3.0535
41.00	-3.0535
41.00	-3.0536
41.00	-3.0535
40.99	-3.0535
40.99	-3.0534
40.99	-3.0535
40.99	-3.0535
40.98	-3.0534
40.98	-3.0535
40.98	-3.0533
40.98	-3.0532
40.98	-3.0532
40.98	-3.0533
40.97	-3.0532
40.97	-3.0533
40.97	-3.0534
40.96	-3.0533
40.96	-3.0533
40.96	-3.0533
40.96	-3.0531
40.95	-3.0532
40.95	-3.0532
40.95	-3.0532
40.95	-3.0531
40.94	-3.0530
40.94	-3.0530
40.94	-3.0533
40.94	-3.0530
40.93	-3.0531
40.93	-3.0532
40.93	-3.0532
40.92	-3.0532
40.92	-3.0531
40.92	-3.0532
40.92	-3.0529
40.92	-3.0534
40.91	-3.0532
40.91	-3.0531
40.91	-3.0532
40.90	-3.0530
40.90	-3.0531
40.90	-3.0531
40.90	-3.0532
40.90	-3.0532
40.90	-3.0531
40.90	-3.0531
40.89	-3.0531
40.89	-3.0530
40.88	-3.0530
40.88	-3.0531
40.88	-3.0530
40.88	-3.0530
40.87	-3.0530
40.87	-3.0531
40.87	-3.0530
40.87	-3.0531
40.86	-3.0531
40.86	-3.0529
40.86	-3.0530
40.86	-3.0529
40.85	-3.0532
40.85	-3.0530
40.84	-3.0530
40.84	-3.0531
40.84	-3.0530
40.84	-3.0531
40.84	-3.0528
40.84	-3.0529
40.83	-3.0530
40.83	-3.0528
40.83	-3.0528
40.83	-3.0529
40.83	-3.0528
40.83	-3.0528
40.82	-3.0526
40.82	-3.0529
40.82	-3.0527
40.81	-3.0529
40.81	-3.0524
40.81	-3.0527
40.80	-3.0527
40.80	-3.0524
40.80	-3.0524
40.80	-3.0525
40.80	-3.0524
40.80	-3.0524
40.79	-3.0525
40.79	-3.0523
40.78	-3.0523
40.78	-3.0523
40.78	-3.0523
40.78	-3.0522
40.77	-3.0524
40.77	-3.0522
40.77	-3.0522
40.77	-3.0520
40.77	-3.0522
40.77	-3.0522
40.76	-3.0520
40.76	-3.0521
40.76	-3.0520
40.76	-3.0520
40.76	-3.0519
40.75	-3.0520
40.75	-3.0518
40.74	-3.0516
40.74	-3.0518
40.74	-3.0516
40.73	-3.0516
40.73	-3.0517
40.73	-3.0516
40.73	-3.0512
40.73	-3.0514
40.72	-3.0515
40.72	-3.0515
40.72	-3.0515
40.72	-3.0515
40.72	-3.0513
40.71	-3.0513
40.70	-3.0513
40.70	-3.0511
40.70	-3.0511
40.70	-3.0510
40.70	-3.0508
40.69	-3.0510
40.69	-3.0509
40.69	-3.0509
40.68	-3.0509
40.68	-3.0509
40.68	-3.0509
40.68	-3.0506
40.68	-3.0508
40.68	-3.0511
40.68	-3.0508
40.67	-3.0509
40.67	-3.0509
40.67	-3.0510
40.66	-3.0509
40.66	-3.0508
40.66	-3.0510
40.65	-3.0507
40.65	-3.0509
40.65	-3.0507
40.64	-3.0508
40.64	-3.0509
40.64	-3.0505
40.64	-3.0509
40.63	-3.0506
40.63	-3.0507
40.63	-3.0505
40.63	-3.0507
40.63	-3.0506
40.63	-3.0506
40.63	-3.0506
40.63	-3.0506
40.63	-3.0504
40.62	-3.0506
40.62	-3.0506
40.62	-3.0507
40.61	-3.0506
40.61	-3.0506
40.60	-3.0506
40.60	-3.0507
40.60	-3.0506
40.60	-3.0507
40.59	-3.0506
40.59	-3.0504
40.59	-3.0506
40.59	-3.0505
40.58	-3.0505
40.58	-3.0504
40.58	-3.0505
40.58	-3.0503
40.58	-3.0504
40.58	-3.0503
40.57	-3.0502
40.57	-3.0503
40.56	-3.0501
40.56	-3.0501
40.56	-3.0499
40.55	-3.0500
40.55	-3.0501
40.55	-3.0500
40.55	-3.0501
40.55	-3.0498
40.55	-3.0498
40.55	-3.0499
40.54	-3.0496
40.54	-3.0498
40.53	-3.0497
40.53	-3.0497
40.53	-3.0496
40.53	-3.0496
40.52	-3.0495
40.52	-3.0494
40.52	-3.0495
40.52	-3.0494
40.52	-3.0493
40.51	-3.0493
40.51	-3.0492
40.50	-3.0493
40.50	-3.0491
40.50	-3.0491
40.50	-3.0489
40.49	-3.0491
40.49	-3.0489
40.49	-3.0491
40.49	-3.0489
40.49	-3.0490
40.49	-3.0489
40.49	-3.0489
40.49	-3.0487
40.48	-3.0490
40.48	-3.0486
40.48	-3.0487
40.47	-3.0486
40.47	-3.0487
40.46	-3.0485
40.46	-3.0486
40.45	-3.0486
40.45	-3.0484
40.45	-3.0484
40.45	-3.0485
40.45	-3.0484
40.45	-3.0482
40.45	-3.0484
40.45	-3.0481
40.44	-3.0483
40.44	-3.0483
40.44	-3.0481
40.43	-3.0481
40.43	-3.0481
40.43	-3.0481
40.43	-3.0481
40.42	-3.0478
40.42	-3.0479
40.42	-3.0478
40.42	-3.0478
40.41	-3.0478
40.41	-3.0479
40.41	-3.0477
40.41	-3.0477
40.41	-3.0477
40.40	-3.0475
40.40	-3.0477
40.40	-3.0476
40.39	-3.0476
40.39	-3.0474
40.39	-3.0473
40.39	-3.0473
40.38	-3.0474
40.38	-3.0472
40.38	-3.0473
40.38	-3.0471
40.37	-3.0471
40.37	-3.0469
40.37	-3.0470
40.36	-3.0470
40.36	-3.0468
40.36	-3.0470
40.35	-3.0468
40.35	-3.0469
40.35	-3.0468
40.35	-3.0467
40.35	-3.0468
40.34	-3.0468
40.34	-3.0467
40.34	-3.0467
40.34	-3.0466
40.34	-3.0463
40.33	-3.0466
40.33	-3.0466
40.33	-3.0464
40.33	-3.0466
40.33	-3.0463
40.33	-3.0464
40.33	-3.0462
40.32	-3.0461
40.32	-3.0463
40.32	-3.0463
40.32	-3.0461
40.31	-3.0463
40.31	-3.0459
40.30	-3.0461
40.30	-3.0462
40.29	-3.0462
40.29	-3.0460
40.29	-3.0459
40.29	-3.0462
40.28	-3.0459
40.29	-3.0462
40.28	-3.0460
40.28	-3.0461
40.28	-3.0459
40.27	-3.0459
40.27	-3.0460
40.27	-3.0460
40.27	-3.0461
40.27	-3.0459
40.27	-3.0460
40.27	-3.0458
40.26	-3.0459
40.26	-3.0459
40.25	-3.0458
40.25	-3.0458
40.25	-3.0457
40.24	-3.0457
40.24	-3.0456
40.24	-3.0456
40.24	-3.0455
40.23	-3.0456
40.23	-3.0454
40.23	-3.0455
40.23	-3.0453
40.23	-3.0453
40.23	-3.0453
40.22	-3.0453
40.22	-3.0453
40.22	-3.0451
40.21	-3.0451
40.21	-3.0451
40.20	-3.0450
40.20	-3.0449
40.20	-3.0451
40.20	-3.0451
40.20	-3.0451
40.19	-3.0451
40.19	-3.0450
40.19	-3.0450
40.19	-3.0450
40.19	-3.0450
40.18	-3.0448
40.18	-3.0447
40.18	-3.0448
40.18	-3.0447
40.17	-3.0449
40.17	-3.0447
40.16	-3.0447
40.16	-3.0447
40.15	-3.0448
40.15	-3.0447
40.15	-3.0447
40.15	-3.0445
40.15	-3.0445
40.15	-3.0448
40.15	-3.0444
40.14	-3.0445
40.14	-3.0445
40.13	-3.0445
40.13	-3.0445
40.13	-3.0445
40.13	-3.0444
40.13	-3.0442
40.13	-3.0445
40.13	-3.0443
40.12	-3.0442
40.12	-3.0441
40.12	-3.0440
40.12	-3.0441
40.12	-3.0440
40.11	-3.0442
40.11	-3.0441
40.11	-3.0440
40.10	-3.0441
40.10	-3.0440
40.10	-3.0441
40.09	-3.0439
40.09	-3.0440
40.09	-3.0437
40.09	-3.0437
40.08	-3.0438
40.08	-3.0436
40.08	-3.0436
40.07	-3.0436
40.07	-3.0434
40.07	-3.0435
40.06	-3.0433
40.06	-3.0433
40.06	-3.0434
40.06	-3.0432
40.06	-3.0432
40.06	-3.0431
40.06	-3.0432
40.05	-3.0429
40.05	-3.0430
40.05	-3.0428
40.05	-3.0429
40.05	-3.0429
40.05	-3.0428
40.05	-3.0429
40.04	-3.0427
40.04	-3.0427
40.03	-3.0428
40.03	-3.0427
40.02	-3.0426
40.02	-3.0425
40.02	-3.0425
40.01	-3.0425
40.01	-3.0424
40.01	-3.0423
40.01	-3.0424
40.00	-3.0422
40.00	-3.0422
40.00	-3.0424
40.00	-3.0422
40.00	-3.0422
40.00	-3.0421
39.99	-3.0421
39.99	-3.0421
39.99	-3.0420
39.98	-3.0421
39.98	-3.0420
39.98	-3.0419
39.98	-3.0421
39.98	-3.0420
39.97	-3.0421
39.97	-3.0420
39.97	-3.0419
39.97	-3.0419
39.96	-3.0417
39.96	-3.0417
39.96	-3.0417
39.96	-3.0419
39.95	-3.0418
39.95	-3.0415
39.95	-3.0415
39.95	-3.0418
39.95	-3.0413
39.94	-3.0413
39.94	-3.0412
39.94	-3.0412
39.93	-3.0412
39.93	-3.0413
39.93	-3.0411
39.93	-3.0410
39.93	-3.0410
39.92	-3.0410
39.92	-3.0411
39.92	-3.0410
39.91	-3.0410
39.91	-3.0410
39.91	-3.0411
39.90	-3.0409
39.90	-3.0409
39.90	-3.0409
39.90	-3.0409
39.90	-3.0407
39.90	-3.0407
39.90	-3.0406
39.89	-3.0406
39.89	-3.0405
39.88	-3.0405
39.88	-3.0404
39.88	-3.0404
39.88	-3.0403
39.87	-3.0404
39.87	-3.0403
39.87	-3.0405
39.86	-3.0401
39.86	-3.0402
39.86	-3.0402
39.85	-3.0400
39.85	-3.0401
39.85	-3.0401
39.85	-3.0402
39.85	-3.0399
39.84	-3.0397
39.84	-3.0399
39.84	-3.0399
39.84	-3.0400
39.84	-3.0400
39.83	-3.0398
39.83	-3.0398
39.83	-3.0399
39.83	-3.0398
39.82	-3.0398
39.82	-3.0397
39.82	-3.0397
39.82	-3.0399
39.82	-3.0398
39.81	-3.0396
39.81	-3.0399
39.81	-3.0396
39.80	-3.0397
39.80	-3.0399
39.80	-3.0397
39.79	-3.0397
39.79	-3.0396
39.79	-3.0395
39.78	-3.0397
39.78	-3.0396
39.78	-3.0396
39.78	-3.0396
39.77	-3.0396
39.77	-3.0395
39.77	-3.0395
39.77	-3.0395
39.77	-3.0395
39.77	-3.0393
39.77	-3.0393
39.77	-3.0394
39.76	-3.0393
39.76	-3.0394
39.75	-3.0393
39.75	-3.0391
39.75	-3.0390
39.75	-3.0390
39.74	-3.0391
39.74	-3.0390
39.74	-3.0390
39.73	-3.0389
39.73	-3.0389
39.73	-3.0387
39.73	-3.0388
39.73	-3.0386
39.73	-3.0388
39.72	-3.0387
39.72	-3.0386
39.72	-3.0386
39.71	-3.0386
39.71	-3.0385
39.70	-3.0383
39.70	-3.0384
39.70	-3.0385
39.70	-3.0383
39.70	-3.0382
39.70	-3.0382
39.70	-3.0382
39.69	-3.0381
39.69	-3.0382
39.69	-3.0382
39.69	-3.0380
39.68	-3.0379
39.68	-3.0380
39.67	-3.0379
39.67	-3.0378
39.67	-3.0377
39.67	-3.0377
39.66	-3.0376
39.66	-3.0377
39.66	-3.0377
39.66	-3.0375
39.66	-3.0374
39.65	-3.0376
39.65	-3.0373
39.65	-3.0373
39.64	-3.0373
39.64	-3.0372
39.64	-3.0373
39.64	-3.0372
39.63	-3.0373
39.63	-3.0373
39.63	-3.0370
39.63	-3.0371
39.62	-3.0370
39.62	-3.0369
39.62	-3.0368
39.62	-3.0367
39.62	-3.0366
39.62	-3.0367
39.61	-3.0365
39.61	-3.0365
39.61	-3.0364
39.60	-3.0362
39.60	-3.0363
39.60	-3.0362
39.59	-3.0361
39.59	-3.0361
39.59	-3.0359
39.59	-3.0359
39.59	-3.0358
39.58	-3.0358
39.58	-3.0356
39.58	-3.0354
39.58	-3.0355
39.57	-3.0355
39.57	-3.0355
39.57	-3.0352
39.57	-3.0353
39.57	-3.0353
39.56	-3.0350
39.55	-3.0350
39.55	-3.0352
39.55	-3.0350
39.55	-3.0350
39.55	-3.0350
39.55	-3.0349
39.54	-3.0348
39.54	-3.0349
39.54	-3.0348
39.54	-3.0347
39.53	-3.0346
39.53	-3.0347
39.52	-3.0347
39.52	-3.0348
39.52	-3.0348
39.52	-3.0348
39.52	-3.0349
39.51	-3.0349
39.50	-3.0348
39.50	-3.0347
39.50	-3.0346
39.50	-3.0347
39.50	-3.0348
39.50	-3.0347
39.49	-3.0347
39.49	-3.0348
39.49	-3.0346
39.49	-3.0346
39.48	-3.0347
39.48	-3.0348
39.48	-3.0347
39.48	-3.0346
39.48	-3.0347
39.48	-3.0345
39.47	-3.0346
39.47	-3.0344
39.47	-3.0347
39.47	-3.0346
39.46	-3.0344
39.46	-3.0344
39.46	-3.0346
39.45	-3.0345
39.45	-3.0344
39.45	-3.0344
39.45	-3.0345
39.45	-3.0346
39.45	-3.0345
39.44	-3.0345
39.44	-3.0346
39.43	-3.0343
39.43	-3.0345
39.43	-3.0345
39.43	-3.0345
39.43	-3.0345
39.43	-3.0343
39.43	-3.0344
39.42	-3.0344
39.42	-3.0343
39.42	-3.0345
39.41	-3.0345
39.41	-3.0344
39.41	-3.0345
39.40	-3.0344
39.40	-3.0346
39.40	-3.0345
39.40	-3.0346
39.40	-3.0344
39.40	-3.0343
39.39	-3.0344
39.39	-3.0344
39.38	-3.0341
39.38	-3.0343
39.38	-3.0341
39.38	-3.0341
39.38	-3.0341
39.38	-3.0341
39.37	-3.0340
39.37	-3.0342
39.37	-3.0339
39.37	-3.0340
39.36	-3.0339
39.36	-3.0338
39.36	-3.0339
39.35	-3.0338
39.35	-3.0339
39.35	-3.0339
39.35	-3.0337
39.35	-3.0339
39.34	-3.0339
39.34	-3.0339
39.34	-3.0341
39.33	-3.0338
39.33	-3.0339
39.33	-3.0338
39.33	-3.0339
39.33	-3.0339
39.33	-3.0339
39.32	-3.0339
39.32	-3.0339
39.31	-3.0339
39.30	-3.0340
39.30	-3.0337
39.30	-3.0339
39.30	-3.0338
39.30	-3.0338
39.30	-3.0338
39.30	-3.0337
39.30	-3.0339
39.29	-3.0337
39.29	-3.0335
39.29	-3.0336
39.28	-3.0336
39.28	-3.0335
39.28	-3.0336
39.28	-3.0336
39.28	-3.0334
39.27	-3.0335
39.27	-3.0334
39.26	-3.0334
39.26	-3.0335
39.26	-3.0336
39.26	-3.0334
39.26	-3.0336
39.25	-3.0334
39.25	-3.0334
39.24	-3.0337
39.24	-3.0335
39.25	-3.0336
39.25	-3.0334
39.25	-3.0335
39.25	-3.0336
39.24	-3.0335
39.24	-3.0334
39.23	-3.0335
39.23	-3.0334
39.23	-3.0331
39.23	-3.0333
39.22	-3.0333
39.21	-3.0333
39.21	-3.0332
39.20	-3.0332
39.20	-3.0332
39.20	-3.0332
39.20	-3.0331
39.20	-3.0330
39.20	-3.0331
39.20	-3.0329
39.20	-3.0329
39.20	-3.0329
39.19	-3.0330
39.19	-3.0331
39.18	-3.0332
39.18	-3.0329
39.18	-3.0329
39.18	-3.0330
39.18	-3.0328
39.18	-3.0328
39.17	-3.0329
39.17	-3.0328
39.16	-3.0327
39.16	-3.0328
39.16	-3.0327
39.16	-3.0329
39.16	-3.0327
39.16	-3.0327
39.15	-3.0326
39.15	-3.0327
39.15	-3.0327
39.14	-3.0325
39.14	-3.0326
39.14	-3.0326
39.14	-3.0325
39.14	-3.0323
39.13	-3.0326
39.13	-3.0323
39.13	-3.0324
39.13	-3.0324
39.12	-3.0324
39.12	-3.0321
39.11	-3.0322
39.11	-3.0322
39.11	-3.0322
39.11	-3.0320
39.11	-3.0323
39.10	-3.0321
39.09	-3.0321
39.10	-3.0320
39.09	-3.0320
39.09	-3.0320
39.09	-3.0320
39.09	-3.0320
39.08	-3.0318
39.08	-3.0321
39.08	-3.0318
39.08	-3.0320
39.08	-3.0320
39.08	-3.0318
39.07	-3.0321
39.07	-3.0318
39.07	-3.0319
39.06	-3.0317
39.06	-3.0318
39.06	-3.0318
39.05	-3.0319
39.05	-3.0318
39.05	-3.0318
39.05	-3.0319
39.05	-3.0318
39.05	-3.0318
39.04	-3.0319
39.04	-3.0318
39.04	-3.0319
39.03	-3.0319
39.03	-3.0318
39.02	-3.0318
39.02	-3.0319
39.02	-3.0317
39.02	-3.0318
39.02	-3.0318
39.02	-3.0315
39.01	-3.0315
39.01	-3.0315
39.00	-3.0314
39.00	-3.0314
39.00	-3.0313
39.00	-3.0314
38.99	-3.0313
38.99	-3.0314
38.99	-3.0312
38.99	-3.0310
38.99	-3.0310
38.98	-3.0309
38.98	-3.0309
38.98	-3.0309
38.98	-3.0310
38.98	-3.0307
38.97	-3.0307
38.97	-3.0307
38.97	-3.0308
38.97	-3.0307
38.96	-3.0306
38.96	-3.0307
38.96	-3.0306
38.95	-3.0306
38.95	-3.0306
38.95	-3.0305
38.95	-3.0307
38.95	-3.0305
38.94	-3.0304
38.94	-3.0304
38.94	-3.0303
38.93	-3.0305
38.93	-3.0300
38.93	-3.0300
38.93	-3.0301
38.93	-3.0301
38.93	-3.0300
38.92	-3.0301
38.92	-3.0302
38.92	-3.0301
38.92	-3.0300
38.91	-3.0300
38.91	-3.0300
38.90	-3.0301
38.90	-3.0300
38.90	-3.0299
38.90	-3.0301
38.90	-3.0299
38.89	-3.0300
38.89	-3.0299
38.89	-3.0298
38.88	-3.0298
38.88	-3.0299
38.88	-3.0298
38.88	-3.0298
38.87	-3.0297
38.87	-3.0298
38.87	-3.0297
38.86	-3.0295
38.86	-3.0296
38.86	-3.0295
38.86	-3.0296
38.85	-3.0295
38.85	-3.0296
38.85	-3.0295
38.85	-3.0293
38.85	-3.0295
38.85	-3.0293
38.84	-3.0293
38.84	-3.0291
38.84	-3.0293
38.83	-3.0292
38.83	-3.0292
38.83	-3.0293
38.83	-3.0293
38.83	-3.0289
38.83	-3.0290
38.82	-3.0289
38.82	-3.0290
38.82	-3.0289
38.81	-3.0287
38.81	-3.0289
38.81	-3.0286
38.80	-3.0287
38.80	-3.0286
38.80	-3.0286
38.80	-3.0285
38.79	-3.0285
38.79	-3.0286
38.79	-3.0285
38.79	-3.0284
38.78	-3.0285
38.78	-3.0283
38.78	-3.0283
38.78	-3.0282
38.77	-3.0283
38.77	-3.0281
38.77	-3.0280
38.77	-3.0280
38.77	-3.0280
38.76	-3.0281
38.76	-3.0280
38.76	-3.0280
38.75	-3.0281
38.75	-3.0280
38.74	-3.0280
38.74	-3.0279
38.74	-3.0279
38.74	-3.0279
38.74	-3.0279
38.74	-3.0278
38.74	-3.0279
38.73	-3.0277
38.73	-3.0278
38.73	-3.0276
38.72	-3.0276
38.72	-3.0275
38.72	-3.0275
38.72	-3.0276
38.71	-3.0274
38.70	-3.0273
38.70	-3.0276
38.70	-3.0273
38.70	-3.0272
38.70	-3.0271
38.70	-3.0271
38.70	-3.0272
38.70	-3.0272
38.70	-3.0269
38.69	-3.0269
38.69	-3.0269
38.69	-3.0268
38.69	-3.0268
38.68	-3.0268
38.68	-3.0268
38.68	-3.0266
38.67	-3.0264
38.67	-3.0264
38.67	-3.0263
38.67	-3.0264
38.66	-3.0264
38.66	-3.0264
38.66	-3.0262
38.65	-3.0263
38.65	-3.0262
38.65	-3.0261
38.65	-3.0259
38.65	-3.0261
38.64	-3.0260
38.64	-3.0259
38.64	-3.0260
38.64	-3.0260
38.64	-3.0259
38.63	-3.0259
38.63	-3.0259
38.63	-3.0257
38.63	-3.0255
38.63	-3.0258
38.62	-3.0256
38.62	-3.0255
38.61	-3.0254
38.61	-3.0254
38.61	-3.0255
38.60	-3.0255
38.60	-3.0255
38.59	-3.0253
38.59	-3.0254
38.59	-3.0255
38.59	-3.0254
38.59	-3.0252
38.59	-3.0252
38.58	-3.0253
38.58	-3.0253
38.58	-3.0253
38.58	-3.0252
38.58	-3.0251
38.58	-3.0253
38.57	-3.0251
38.57	-3.0252
38.57	-3.0250
38.57	-3.0251
38.57	-3.0252
38.57	-3.0249
38.56	-3.0250
38.56	-3.0248
38.55	-3.0248
38.55	-3.0249
38.55	-3.0247
38.55	-3.0246
38.54	-3.0246
38.54	-3.0247
38.54	-3.0247
38.53	-3.0245
38.53	-3.0246
38.52	-3.0245
38.52	-3.0245
38.52	-3.0244
38.52	-3.0243
38.51	-3.0244
38.51	-3.0242
38.52	-3.0243
38.51	-3.0243
38.51	-3.0242
38.51	-3.0241
38.50	-3.0241
38.50	-3.0241
38.50	-3.0241
38.50	-3.0240
38.50	-3.0241
38.49	-3.0239
38.49	-3.0237
38.49	-3.0237
38.49	-3.0238
38.49	-3.0238
38.48	-3.0236
38.48	-3.0238
38.48	-3.0236
38.48	-3.0236
38.48	-3.0235
38.47	-3.0235
38.47	-3.0235
38.46	-3.0235
38.46	-3.0233
38.45	-3.0233
38.45	-3.0233
38.45	-3.0232
38.45	-3.0233
38.45	-3.0233
38.45	-3.0232
38.44	-3.0232
38.44	-3.0231
38.44	-3.0232
38.43	-3.0232
38.43	-3.0232
38.43	-3.0232
38.43	-3.0230
38.43	-3.0230
38.43	-3.0230
38.43	-3.0230
38.43	-3.0230
38.42	-3.0230
38.42	-3.0229
38.41	-3.0226
38.41	-3.0227
38.40	-3.0225
38.40	-3.0226
38.40	-3.0225
38.40	-3.0223
38.40	-3.0224
38.40	-3.0222
38.40	-3.0223
38.39	-3.0222
38.39	-3.0222
38.38	-3.0221
38.38	-3.0220
38.38	-3.0220
38.38	-3.0220
38.38	-3.0220
38.37	-3.0217
38.37	-3.0218
38.36	-3.0219
38.36	-3.0217
38.36	-3.0217
38.35	-3.0218
38.36	-3.0216
38.35	-3.0215
38.35	-3.0216
38.34	-3.0215
38.34	-3.0215
38.34	-3.0215
38.34	-3.0214
38.34	-3.0214
38.34	-3.0213
38.33	-3.0213
38.33	-3.0212
38.33	-3.0213
38.33	-3.0213
38.32	-3.0212
38.32	-3.0213
38.31	-3.0211
38.31	-3.0211
38.31	-3.0213
38.31	-3.0213
38.31	-3.0210
38.30	-3.0212
38.30	-3.0211
38.30	-3.0212
38.30	-3.0210
38.30	-3.0211
38.29	-3.0210
38.29	-3.0209
38.29	-3.0208
38.29	-3.0209
38.29	-3.0210
38.28	-3.0209
38.28	-3.0208
38.27	-3.0209
38.27	-3.0208
38.27	-3.0206
38.27	-3.0205
38.27	-3.0204
38.27	-3.0204
38.27	-3.0205
38.26	-3.0202
38.26	-3.0200
38.26	-3.0202
38.25	-3.0201
38.25	-3.0200
38.25	-3.0202
38.24	-3.0200
38.24	-3.0200
38.24	-3.0199
38.23	-3.0199
38.23	-3.0199
38.23	-3.0199
38.23	-3.0199
38.22	-3.0199
38.22	-3.0197
38.22	-3.0197
38.22	-3.0196
38.21	-3.0194
38.21	-3.0195
38.21	-3.0195
38.21	-3.0195
38.21	-3.0197
38.20	-3.0195
38.20	-3.0195
38.20	-3.0196
38.20	-3.0195
38.19	-3.0195
38.19	-3.0196
38.19	-3.0194
38.19	-3.0195
38.19	-3.0196
38.18	-3.0194
38.18	-3.0192
38.18	-3.0195
38.17	-3.0195
38.17	-3.0193
38.17	-3.0194
38.17	-3.0193
38.17	-3.0192
38.16	-3.0193
38.16	-3.0194
38.15	-3.0191
38.15	-3.0191
38.15	-3.0193
38.15	-3.0192
38.15	-3.0192
38.14	-3.0192
38.14	-3.0191
38.14	-3.0192
38.14	-3.0192
38.14	-3.0192
38.13	-3.0191
38.13	-3.0190
38.13	-3.0192
38.13	-3.0192
38.12	-3.0190
38.12	-3.0191
38.11	-3.0191
38.11	-3.0190
38.11	-3.0190
38.11	-3.0189
38.10	-3.0189
38.10	-3.0188
38.10	-3.0188
38.09	-3.0189
38.09	-3.0187
38.09	-3.0187
38.09	-3.0187
38.09	-3.0189
38.09	-3.0185
38.08	-3.0185
38.08	-3.0185
38.08	-3.0185
38.08	-3.0186
38.08	-3.0184
38.08	-3.0185
38.07	-3.0185
38.07	-3.0183
38.07	-3.0182
38.06	-3.0181
38.06	-3.0181
38.06	-3.0180
38.05	-3.0182
38.05	-3.0179
38.05	-3.0179
38.05	-3.0179
38.05	-3.0180
38.04	-3.0178
38.04	-3.0180
38.04	-3.0177
38.03	-3.0177
38.03	-3.0178
38.02	-3.0175
38.02	-3.0175
38.02	-3.0175
38.02	-3.0173
38.02	-3.0174
38.02	-3.0173
38.01	-3.0173
38.01	-3.0171
38.00	-3.0169
38.00	-3.0169
38.00	-3.0169
37.99	-3.0168
37.99	-3.0167
37.99	-3.0166
37.99	-3.0167
37.99	-3.0167
37.99	-3.0166
37.99	-3.0166
37.99	-3.0164
37.98	-3.0163
37.98	-3.0163
37.98	-3.0162
37.98	-3.0161
37.98	-3.0163
37.97	-3.0161
37.97	-3.0160
37.96	-3.0159
37.96	-3.0161
37.96	-3.0160
37.95	-3.0160
37.95	-3.0158
37.95	-3.0157
37.95	-3.0158
37.95	-3.0157
37.95	-3.0156
37.95	-3.0156
37.94	-3.0153
37.94	-3.0154
37.94	-3.0156
37.93	-3.0153
37.93	-3.0156
37.93	-3.0155
37.93	-3.0155
37.93	-3.0156
37.92	-3.0153
37.92	-3.0155
37.92	-3.0155
37.92	-3.0155
37.92	-3.0153
37.91	-3.0152
37.91	-3.0154
37.90	-3.0151
37.90	-3.0153
37.90	-3.0152
37.89	-3.0153
37.89	-3.0151
37.89	-3.0150
37.88	-3.0151
37.88	-3.0151
37.88	-3.0151
37.88	-3.0150
37.88	-3.0149
37.88	-3.0149
37.87	-3.0150
37.87	-3.0148
37.86	-3.0149
37.86	-3.0148
37.86	-3.0149
37.86	-3.0146
37.85	-3.0148
37.85	-3.0147
37.85	-3.0145
37.84	-3.0144
37.84	-3.0146
37.84	-3.0146
37.84	-3.0146
37.84	-3.0146
37.84	-3.0145
37.83	-3.0144
37.83	-3.0144
37.83	-3.0144
37.83	-3.0145
37.83	-3.0144
37.82	-3.0143
37.82	-3.0145
37.81	-3.0143
37.81	-3.0145
37.81	-3.0144
37.80	-3.0143
37.80	-3.0143
37.80	-3.0142
37.80	-3.0143
37.80	-3.0141
37.80	-3.0140
37.80	-3.0140
37.79	-3.0140
37.79	-3.0139
37.79	-3.0139
37.78	-3.0140
37.78	-3.0140
37.78	-3.0139
37.78	-3.0138
37.77	-3.0139
37.77	-3.0138
37.77	-3.0137
37.77	-3.0138
37.76	-3.0139
37.76	-3.0137
37.76	-3.0138
37.76	-3.0137
37.75	-3.0137
37.75	-3.0139
37.75	-3.0137
37.75	-3.0138
37.74	-3.0136
37.74	-3.0136
37.74	-3.0138
37.73	-3.0137
37.73	-3.0136
37.73	-3.0137
37.73	-3.0136
37.72	-3.0138
37.72	-3.0137
37.72	-3.0137
37.72	-3.0137
37.72	-3.0135
37.71	-3.0137
37.71	-3.0140
37.71	-3.0137
37.70	-3.0139
37.70	-3.0137
37.70	-3.0138
37.70	-3.0138
37.70	-3.0139
37.70	-3.0138
37.69	-3.0139
37.69	-3.0138
37.69	-3.0139
37.68	-3.0136
37.68	-3.0137
37.68	-3.0138
37.68	-3.0138
37.68	-3.0139
37.68	-3.0138
37.68	-3.0138
37.68	-3.0138
37.67	-3.0140
37.67	-3.0137
37.67	-3.0139
37.66	-3.0136
37.66	-3.0136
37.65	-3.0137
37.65	-3.0138
37.65	-3.0136
37.65	-3.0137
37.65	-3.0136
37.65	-3.0136
37.64	-3.0136
37.63	-3.0135
37.63	-3.0134
37.63	-3.0136
37.63	-3.0135
37.63	-3.0135
37.63	-3.0135
37.63	-3.0134
37.63	-3.0134
37.62	-3.0133
37.61	-3.0134
37.61	-3.0135
37.60	-3.0134
37.60	-3.0133
37.60	-3.0134
37.60	-3.0134
37.59	-3.0132
37.59	-3.0132
37.59	-3.0133
37.59	-3.0134
37.59	-3.0134
37.59	-3.0132
37.58	-3.0132
37.58	-3.0131
37.58	-3.0131
37.58	-3.0131
37.57	-3.0131
37.57	-3.0130
37.57	-3.0129
37.57	-3.0129
37.56	-3.0130
37.56	-3.0128
37.56	-3.0127
37.56	-3.0127
37.56	-3.0129
37.56	-3.0128
37.55	-3.0127
37.55	-3.0128
37.55	-3.0128
37.54	-3.0129
37.54	-3.0129
37.54	-3.0127
37.54	-3.0125
37.53	-3.0126
37.53	-3.0127
37.52	-3.0125
37.52	-3.0124
37.52	-3.0124
37.51	-3.0126
37.52	-3.0125
37.51	-3.0124
37.51	-3.0125
37.51	-3.0124
37.51	-3.0122
37.50	-3.0122
37.50	-3.0121
37.50	-3.0122
37.50	-3.0122
37.49	-3.0121
37.49	-3.0122
37.49	-3.0122
37.49	-3.0121
37.49	-3.0122
37.48	-3.0122
37.48	-3.0120
37.48	-3.0121
37.48	-3.0120
37.47	-3.0120
37.47	-3.0122
37.47	-3.0122
37.47	-3.0122
37.46	-3.0120
37.46	-3.0120
37.46	-3.0120
37.45	-3.0119
37.45	-3.0120
37.45	-3.0120
37.45	-3.0122
37.45	-3.0120
37.44	-3.0121
37.44	-3.0122
37.44	-3.0120
37.43	-3.0119
37.43	-3.0118
37.43	-3.0120
37.43	-3.0119
37.42	-3.0118
37.42	-3.0118
37.42	-3.0117
37.42	-3.0119
37.42	-3.0118
37.42	-3.0116
37.41	-3.0117
37.41	-3.0116
37.41	-3.0117
37.41	-3.0115
37.40	-3.0116
37.40	-3.0115
37.40	-3.0116
37.39	-3.0116
37.39	-3.0117
37.39	-3.0117
37.39	-3.0116
37.38	-3.0116
37.38	-3.0117
37.38	-3.0116
37.38	-3.0115
37.38	-3.0115
37.38	-3.0114
37.37	-3.0116
37.37	-3.0114
37.37	-3.0114
37.36	-3.0115
37.36	-3.0113
37.36	-3.0114
37.36	-3.0114
37.36	-3.0114
37.35	-3.0111
37.35	-3.0112
37.34	-3.0111
37.34	-3.0110
37.34	-3.0109
37.33	-3.0108
37.33	-3.0109
37.33	-3.0108
37.33	-3.0108
37.33	-3.0108
37.33	-3.0109
37.32	-3.0108
37.32	-3.0107
37.32	-3.0108
37.32	-3.0108
37.31	-3.0107
37.31	-3.0109
37.31	-3.0107
37.30	-3.0107
37.30	-3.0107
37.30	-3.0105
37.30	-3.0106
37.30	-3.0107
37.30	-3.0106
37.29	-3.0105
37.29	-3.0104
37.28	-3.0105
37.28	-3.0106
37.28	-3.0106
37.27	-3.0106
37.27	-3.0105
37.27	-3.0105
37.27	-3.0104
37.27	-3.0103
37.26	-3.0103
37.26	-3.0103
37.26	-3.0102
37.26	-3.0102
37.25	-3.0099
37.25	-3.0099
37.25	-3.0099
37.25	-3.0101
37.24	-3.0099
37.24	-3.0096
37.24	-3.0098
37.24	-3.0097
37.24	-3.0096
37.24	-3.0098
37.23	-3.0095
37.23	-3.0095
37.23	-3.0096
37.23	-3.0093
37.22	-3.0093
37.22	-3.0093
37.21	-3.0093
37.21	-3.0092
37.21	-3.0090
37.21	-3.0092
37.20	-3.0091
37.20	-3.0090
37.20	-3.0090
37.20	-3.0090
37.19	-3.0088
37.19	-3.0088
37.18	-3.0087
37.18	-3.0088
37.18	-3.0087
37.18	-3.0089
37.18	-3.0087
37.18	-3.0085
37.17	-3.0086
37.17	-3.0084
37.17	-3.0086
37.17	-3.0084
37.16	-3.0085
37.16	-3.0083
37.16	-3.0083
37.15	-3.0084
37.15	-3.0084
37.15	-3.0082
37.15	-3.0082
37.15	-3.0082
37.15	-3.0079
37.14	-3.0081
37.14	-3.0081
37.14	-3.0082
37.13	-3.0082
37.13	-3.0080
37.13	-3.0081
37.13	-3.0080
37.13	-3.0079
37.12	-3.0079
37.12	-3.0079
37.12	-3.0078
37.12	-3.0079
37.12	-3.0077
37.11	-3.0078
37.11	-3.0077
37.10	-3.0079
37.10	-3.0078
37.09	-3.0076
37.09	-3.0076
37.09	-3.0075
37.09	-3.0075
37.09	-3.0075
37.09	-3.0074
37.08	-3.0073
37.08	-3.0074
37.08	-3.0072
37.08	-3.0073
37.07	-3.0074
37.07	-3.0073
37.07	-3.0072
37.07	-3.0070
37.06	-3.0070
37.06	-3.0072
37.06	-3.0069
37.05	-3.0068
37.05	-3.0068
37.05	-3.0067
37.05	-3.0067
37.04	-3.0068
37.04	-3.0067
37.04	-3.0067
37.03	-3.0067
37.03	-3.0066
37.03	-3.0065
37.03	-3.0063
37.02	-3.0062
37.02	-3.0063
37.02	-3.0062
37.02	-3.0061
37.02	-3.0062
37.02	-3.0061
37.01	-3.0061
37.01	-3.0061
37.01	-3.0059
37.01	-3.0059
37.01	-3.0059
37.01	-3.0060
37.00	-3.0059
37.00	-3.0059
36.99	-3.0059
36.99	-3.0058
36.99	-3.0057
36.99	-3.0059
36.98	-3.0056
36.98	-3.0057
36.98	-3.0056
36.98	-3.0054
36.98	-3.0055
36.97	-3.0055
36.97	-3.0054
36.96	-3.0053
36.96	-3.0056
36.96	-3.0056
36.96	-3.0055
36.95	-3.0054
36.96	-3.0054
36.95	-3.0054
36.95	-3.0051
36.94	-3.0053
36.94	-3.0053
36.94	-3.0052
36.93	-3.0051
36.93	-3.0051
36.93	-3.0052
36.93	-3.0051
36.93	-3.0050
36.93	-3.0050
36.93	-3.0049
36.92	-3.0048
36.92	-3.0049
36.92	-3.0049
36.92	-3.0048
36.91	-3.0048
36.91	-3.0049
36.91	-3.0049
36.90	-3.0048
36.90	-3.0048
36.90	-3.0047
36.90	-3.0046
36.89	-3.0047
36.89	-3.0046
36.89	-3.0048
36.88	-3.0047
36.88	-3.0047
36.88	-3.0048
36.88	-3.0047
36.88	-3.0045
36.87	-3.0046
36.87	-3.0045
36.87	-3.0045
36.87	-3.0045
36.87	-3.0045
36.86	-3.0043
36.86	-3.0044
36.86	-3.0042
36.85	-3.0040
36.85	-3.0040
36.85	-3.0043
36.84	-3.0040
36.84	-3.0040
36.84	-3.0038
36.84	-3.0040
36.84	-3.0038
36.84	-3.0038
36.83	-3.0038
36.83	-3.0038
36.83	-3.0038
36.82	-3.0036
36.82	-3.0036
36.82	-3.0035
36.82	-3.0038
36.81	-3.0035
36.81	-3.0035
36.81	-3.0035
36.80	-3.0036
36.80	-3.0034
36.80	-3.0035
36.80	-3.0032
36.80	-3.0034
36.80	-3.0031
36.79	-3.0035
36.79	-3.0031
36.79	-3.0033
36.79	-3.0032
36.78	-3.0032
36.78	-3.0031
36.78	-3.0030
36.78	-3.0031
36.78	-3.0029
36.77	-3.0028
36.77	-3.0028
36.77	-3.0027
36.77	-3.0026
36.77	-3.0027
36.76	-3.0026
36.76	-3.0026
36.75	-3.0025
36.75	-3.0025
36.75	-3.0024
36.74	-3.0023
36.75	-3.0025
36.74	-3.0023
36.74	-3.0023
36.74	-3.0021
36.74	-3.0022
36.74	-3.0022
36.73	-3.0022
36.73	-3.0021
36.73	-3.0022
36.73	-3.0021
36.73	-3.0021
36.72	-3.0021
36.72	-3.0020
36.72	-3.0020
36.71	-3.0020
36.71	-3.0021
36.70	-3.0020
36.70	-3.0020
36.70	-3.0020
36.70	-3.0021
36.70	-3.0019
36.69	-3.0020
36.69	-3.0019
36.68	-3.0018
36.68	-3.0017
36.68	-3.0018
36.68	-3.0018
36.68	-3.0018
36.68	-3.0015
36.67	-3.0018
36.67	-3.0014
36.67	-3.0013
36.67	-3.0013
36.66	-3.0012
36.66	-3.0011
36.65	-3.0012
36.65	-3.0013
36.65	-3.0009
36.65	-3.0008
36.65	-3.0009
36.65	-3.0007
36.65	-3.0007
36.65	-3.0008
36.65	-3.0006
36.65	-3.0005
36.65	-3.0004
36.65	-3.0004
36.64	-3.0003
36.63	-3.0003
36.63	-3.0004
36.63	-3.0003
36.63	-3.0003
36.62	-3.0004
36.62	-3.0002
36.61	-3.0003
36.61	-3.0002
36.61	-3.0002
36.61	-3.0000
36.60	-3.0001
36.60	-3.0002
36.59	-3.0002
36.59	-3.0002
36.59	-3.0001
36.59	-3.0002
36.58	-3.0002
36.58	-3.0000
36.58	-3.0002
36.58	-3.0001
36.58	-3.0000
36.57	-3.0000
36.57	-3.0000
36.57	-2.9998
36.56	-3.0001
36.56	-3.0000
36.56	-2.9998
36.56	-2.9998
36.55	-2.9997
36.55	-2.9996
36.55	-2.9996
36.55	-2.9997
36.55	-2.9996
36.55	-2.9996
36.55	-2.9995
36.54	-2.9995
36.53	-2.9994
36.53	-2.9994
36.53	-2.9993
36.53	-2.9995
36.53	-2.9994
36.52	-2.9993
36.52	-2.9992
36.52	-2.9992
36.52	-2.9991
36.52	-2.9991
36.51	-2.9991
36.50	-2.9989
36.50	-2.9989
36.50	-2.9988
36.50	-2.9990
36.50	-2.9989
36.49	-2.9988
36.49	-2.9987
36.49	-2.9989
36.49	-2.9987
36.49	-2.9986
36.49	-2.9987
36.49	-2.9987
36.48	-2.9984
36.48	-2.9985
36.48	-2.9983
36.47	-2.9984
36.47	-2.9983
36.46	-2.9983
36.46	-2.9982
36.45	-2.9979
36.45	-2.9982
36.45	-2.9979
36.45	-2.9979
36.45	-2.9979
36.45	-2.9979
36.44	-2.9977
36.44	-2.9975
36.44	-2.9976
36.44	-2.9976
36.44	-2.9975
36.43	-2.9975
36.43	-2.9973
36.43	-2.9973
36.43	-2.9974
36.43	-2.9971
36.43	-2.9971
36.42	-2.9971
36.42	-2.9970
36.41	-2.9970
36.41	-2.9969
36.41	-2.9968
36.40	-2.9967
36.40	-2.9968
36.40	-2.9967
36.40	-2.9966
36.39	-2.9965
36.39	-2.9965
36.39	-2.9967
36.39	-2.9965
36.38	-2.9963
36.38	-2.9962
36.38	-2.9962
36.38	-2.9962
36.38	-2.9962
36.38	-2.9962
36.38	-2.9961
36.37	-2.9961
36.37	-2.9959
36.36	-2.9960
36.36	-2.9958
36.36	-2.9958
36.36	-2.9958
36.35	-2.9958
36.35	-2.9958
36.34	-2.9956
36.34	-2.9956
36.34	-2.9957
36.34	-2.9957
36.34	-2.9955
36.33	-2.9955
36.33	-2.9954
36.33	-2.9955
36.33	-2.9955
36.32	-2.9953
36.32	-2.9955
36.32	-2.9952
36.32	-2.9953
36.31	-2.9952
36.31	-2.9951
36.30	-2.9950
36.30	-2.9952
36.30	-2.9952
36.30	-2.9951
36.30	-2.9950
36.30	-2.9949
36.30	-2.9951
36.29	-2.9952
36.29	-2.9951
36.29	-2.9949
36.29	-2.9949
36.28	-2.9949
36.28	-2.9949
36.28	-2.9947
36.27	-2.9946
36.27	-2.9947
36.27	-2.9947
36.27	-2.9946
36.27	-2.9948
36.26	-2.9948
36.26	-2.9945
36.26	-2.9944
36.26	-2.9945
36.25	-2.9945
36.25	-2.9946
36.25	-2.9945
36.24	-2.9945
36.24	-2.9945
36.24	-2.9944
36.24	-2.9946
36.24	-2.9944
36.23	-2.9946
36.23	-2.9944
36.23	-2.9945
36.23	-2.9944
36.23	-2.9945
36.22	-2.9944
36.22	-2.9945
36.22	-2.9944
36.21	-2.9944
36.21	-2.9945
36.21	-2.9943
36.21	-2.9945
36.20	-2.9944
36.20	-2.9944
36.20	-2.9944
36.19	-2.9945
36.19	-2.9944
36.19	-2.9944
36.18	-2.9943
36.18	-2.9943
36.18	-2.9943
36.18	-2.9941
36.18	-2.9943
36.18	-2.9941
36.18	-2.9943
36.17	-2.9942
36.17	-2.9940
36.17	-2.9940
36.16	-2.9940
36.16	-2.9940
36.16	-2.9940
36.16	-2.9940
36.15	-2.9939
36.15	-2.9939
36.15	-2.9941
36.15	-2.9940
36.14	-2.9939
36.14	-2.9939
36.14	-2.9938
36.13	-2.9938
36.13	-2.9939
36.13	-2.9938
36.12	-2.9939
36.12	-2.9939
36.12	-2.9937
36.12	-2.9938
36.12	-2.9938
36.11	-2.9938
36.11	-2.9937
36.11	-2.9938
36.11	-2.9938
36.10	-2.9938
36.10	-2.9937
36.10	-2.9937
36.09	-2.9938
36.09	-2.9937
36.09	-2.9937
36.09	-2.9937
36.09	-2.9936
36.09	-2.9937
36.08	-2.9937
36.08	-2.9936
36.08	-2.9934
36.08	-2.9933
36.07	-2.9934
36.07	-2.9934
36.07	-2.9935
36.07	-2.9933
36.06	-2.9932
36.06	-2.9932
36.06	-2.9933
36.06	-2.9932
36.05	-2.9933
36.05	-2.9931
36.05	-2.9933
36.05	-2.9931
36.05	-2.9932
36.04	-2.9932
36.04	-2.9932
36.03	-2.9931
36.03	-2.9932
36.03	-2.9931
36.03	-2.9932
36.03	-2.9930
36.02	-2.9930
36.02	-2.9930
36.02	-2.9929
36.02	-2.9929
36.01	-2.9930
36.01	-2.9930
36.01	-2.9928
36.00	-2.9931
36.00	-2.9930
35.99	-2.9928
35.99	-2.9930
35.99	-2.9928
35.99	-2.9928
35.99	-2.9928
35.99	-2.9928
35.99	-2.9927
35.98	-2.9926
35.98	-2.9925
35.98	-2.9926
35.98	-2.9926
35.98	-2.9926
35.97	-2.9925
35.97	-2.9924
35.96	-2.9924
35.96	-2.9924
35.96	-2.9925
35.96	-2.9922
35.95	-2.9925
35.95	-2.9923
35.95	-2.9924
35.95	-2.9924
35.95	-2.9924
35.94	-2.9924
35.94	-2.9924
35.94	-2.9924
35.94	-2.9924
35.93	-2.9924
35.93	-2.9924
35.93	-2.9923
35.93	-2.9924
35.93	-2.9923
35.92	-2.9920
35.92	-2.9921
35.92	-2.9921
35.92	-2.9921
35.91	-2.9920
35.91	-2.9920
35.91	-2.9920
35.91	-2.9920
35.91	-2.9919
35.90	-2.9918
35.90	-2.9918
35.90	-2.9919
35.90	-2.9918
35.89	-2.9917
35.89	-2.9917
35.89	-2.9918
35.88	-2.9918
35.88	-2.9917
35.88	-2.9919
35.88	-2.9918
35.88	-2.9918
35.87	-2.9916
35.87	-2.9917
35.87	-2.9916
35.87	-2.9917
35.87	-2.9916
35.86	-2.9916
35.86	-2.9917
35.85	-2.9916
35.85	-2.9914
35.85	-2.9917
35.84	-2.9915
35.84	-2.9916
35.84	-2.9916
35.84	-2.9915
35.84	-2.9914
35.83	-2.9915
35.83	-2.9915
35.83	-2.9912
35.83	-2.9914
35.83	-2.9914
35.83	-2.9914
35.83	-2.9913
35.82	-2.9914
35.82	-2.9912
35.82	-2.9913
35.82	-2.9911
35.81	-2.9910
35.80	-2.9913
35.80	-2.9910
35.80	-2.9913
35.80	-2.9911
35.80	-2.9911
35.79	-2.9911
35.79	-2.9910
35.79	-2.9909
35.79	-2.9910
35.78	-2.9911
35.78	-2.9910
35.78	-2.9908
35.77	-2.9909
35.77	-2.9907
35.77	-2.9908
35.77	-2.9908
35.77	-2.9908
35.77	-2.9907
35.76	-2.9908
35.76	-2.9908
35.76	-2.9907
35.76	-2.9907
35.75	-2.9908
35.75	-2.9908
35.74	-2.9907
35.74	-2.9907
35.74	-2.9910
35.73	-2.9907
35.73	-2.9908
35.73	-2.9906
35.73	-2.9905
35.73	-2.9905
35.73	-2.9906
35.73	-2.9904
35.73	-2.9905
35.72	-2.9905
35.72	-2.9904
35.72	-2.9905
35.71	-2.9902
35.71	-2.9903
35.71	-2.9900
35.70	-2.9903
35.70	-2.9900
35.70	-2.9901
35.70	-2.9902
35.69	-2.9899
35.69	-2.9899
35.69	-2.9897
35.68	-2.9899
35.68	-2.9897
35.68	-2.9898
35.68	-2.9896
35.68	-2.9896
35.68	-2.9896
35.68	-2.9895
35.67	-2.9895
35.67	-2.9895
35.67	-2.9895
35.66	-2.9895
35.66	-2.9895
35.65	-2.9893
35.65	-2.9893
35.65	-2.9893
35.65	-2.9892
35.65	-2.9892
35.64	-2.9892
35.64	-2.9892
35.64	-2.9891
35.63	-2.9892
35.63	-2.9891
35.63	-2.9891
35.63	-2.9892
35.63	-2.9889
35.63	-2.9889
35.62	-2.9890
35.62	-2.9889
35.61	-2.9888
35.61	-2.9889
35.61	-2.9887
35.61	-2.9889
35.61	-2.9889
35.60	-2.9889
35.60	-2.9886
35.60	-2.9888
35.59	-2.9885
35.59	-2.9886
35.59	-2.9888
35.59	-2.9886
35.58	-2.9888
35.58	-2.9885
35.58	-2.9885
35.58	-2.9886
35.58	-2.9886
35.57	-2.9885
35.57	-2.9886
35.57	-2.9884
35.57	-2.9884
35.57	-2.9883
35.56	-2.9884
35.56	-2.9885
35.55	-2.9883
35.55	-2.9882
35.55	-2.9881
35.55	-2.9882
35.55	-2.9882
35.54	-2.9882
35.54	-2.9881
35.54	-2.9880
35.54	-2.9879
35.54	-2.9880
35.53	-2.9879
35.53	-2.9881
35.53	-2.9878
35.52	-2.9878
35.52	-2.9876
35.52	-2.9875
35.52	-2.9875
35.52	-2.9875
35.51	-2.9877
35.50	-2.9877
35.50	-2.9876
35.50	-2.9873
35.50	-2.9874
35.49	-2.9875
35.49	-2.9873
35.49	-2.9873
35.49	-2.9872
35.49	-2.9872
35.49	-2.9871
35.49	-2.9869
35.48	-2.9870
35.48	-2.9870
35.48	-2.9870
35.48	-2.9869
35.47	-2.9867
35.47	-2.9867
35.47	-2.9867
35.46	-2.9868
35.46	-2.9867
35.46	-2.9865
35.46	-2.9866
35.45	-2.9864
35.45	-2.9864
35.45	-2.9865
35.45	-2.9864
35.45	-2.9862
35.44	-2.9862
35.44	-2.9863
35.44	-2.9863
35.44	-2.9862
35.43	-2.9863
35.43	-2.9860
35.43	-2.9861
35.43	-2.9860
35.43	-2.9858
35.42	-2.9859
35.42	-2.9861
35.41	-2.9859
35.41	-2.9859
35.41	-2.9858
35.40	-2.9857
35.40	-2.9859
35.40	-2.9857
35.40	-2.9857
35.40	-2.9856
35.40	-2.9858
35.39	-2.9858
35.39	-2.9857
35.39	-2.9857
35.38	-2.9857
35.38	-2.9857
35.38	-2.9856
35.38	-2.9857
35.38	-2.9857
35.38	-2.9856
35.37	-2.9858
35.37	-2.9856
35.36	-2.9857
35.36	-2.9857
35.36	-2.9857
35.36	-2.9856
35.35	-2.9857
35.35	-2.9857
35.35	-2.9855
35.34	-2.9855
35.34	-2.9856
35.34	-2.9855
35.34	-2.9856
35.34	-2.9855
35.33	-2.9855
35.33	-2.9855
35.33	-2.9855
35.33	-2.9856
35.33	-2.9855
35.33	-2.9856
35.32	-2.9854
35.32	-2.9855
35.32	-2.9853
35.32	-2.9853
35.32	-2.9854
35.31	-2.9853
35.31	-2.9853
35.30	-2.9852
35.30	-2.9852
35.30	-2.9851
35.30	-2.9851
35.30	-2.9849
35.30	-2.9847
35.29	-2.9848
35.29	-2.9848
35.28	-2.9848
35.28	-2.9849
35.28	-2.9848
35.27	-2.9847
35.27	-2.9848
35.27	-2.9848
35.27	-2.9846
35.26	-2.9847
35.26	-2.9848
35.26	-2.9846
35.26	-2.9846
35.25	-2.9846
35.25	-2.9845
35.25	-2.9844
35.25	-2.9846
35.24	-2.9843
35.24	-2.9843
35.24	-2.9843
35.24	-2.9844
35.23	-2.9843
35.23	-2.9843
35.23	-2.9841
35.23	-2.9844
35.23	-2.9842
35.22	-2.9842
35.22	-2.9839
35.22	-2.9840
35.22	-2.9841
35.21	-2.9841
35.21	-2.9842
35.20	-2.9842
35.20	-2.9842
35.20	-2.9839
35.20	-2.9840
35.20	-2.9838
35.19	-2.9840
35.19	-2.9837
35.19	-2.9839
35.19	-2.9839
35.19	-2.9836
35.18	-2.9838
35.18	-2.9835
35.18	-2.9837
35.18	-2.9836
35.18	-2.9836
35.18	-2.9835
35.17	-2.9834
35.17	-2.9834
35.16	-2.9832
35.16	-2.9833
35.16	-2.9832
35.16	-2.9829
35.15	-2.9830
35.15	-2.9831
35.15	-2.9830
35.15	-2.9829
35.14	-2.9829
35.14	-2.9828
35.14	-2.9830
35.13	-2.9829
35.13	-2.9829
35.13	-2.9828
35.13	-2.9828
35.13	-2.9829
35.12	-2.9829
35.12	-2.9828
35.12	-2.9826
35.12	-2.9828
35.12	-2.9826
35.11	-2.9829
35.11	-2.9827
35.10	-2.9828
35.10	-2.9826
35.10	-2.9826
35.10	-2.9826
35.10	-2.9826
35.09	-2.9824
35.09	-2.9824
35.09	-2.9823
35.09	-2.9824
35.09	-2.9822
35.08	-2.9820
35.08	-2.9820
35.08	-2.9822
35.08	-2.9818
35.07	-2.9819
35.07	-2.9818
35.06	-2.9816
35.06	-2.9816
35.06	-2.9815
35.06	-2.9816
35.05	-2.9814
35.04	-2.9813
35.04	-2.9814
35.03	-2.9814
35.04	-2.9814
35.04	-2.9811
35.04	-2.9813
35.04	-2.9812
35.04	-2.9812
35.04	-2.9813
35.04	-2.9811
35.03	-2.9813
35.03	-2.9810
35.03	-2.9809
35.02	-2.9811
35.02	-2.9811
35.02	-2.9812
35.02	-2.9811
35.02	-2.9811
35.01	-2.9810
35.01	-2.9812
35.01	-2.9812
35.01	-2.9808
35.00	-2.9810
35.00	-2.9810
34.99	-2.9810
34.99	-2.9809
34.99	-2.9809
34.99	-2.9809
34.99	-2.9810
34.98	-2.9809
34.98	-2.9809
34.98	-2.9811
34.98	-2.9809
34.98	-2.9808
34.98	-2.9808
34.97	-2.9807
34.97	-2.9809
34.97	-2.9807
34.96	-2.9806
34.96	-2.9808
34.96	-2.9806
34.95	-2.9807
34.95	-2.9804
34.95	-2.9805
34.95	-2.9807
34.95	-2.9805
34.95	-2.9806
34.95	-2.9807
34.94	-2.9805
34.94	-2.9805
34.93	-2.9803
34.93	-2.9804
34.93	-2.9804
34.93	-2.9803
34.92	-2.9805
34.92	-2.9805
34.92	-2.9804
34.92	-2.9804
34.91	-2.9803
34.91	-2.9805
34.91	-2.9803
34.91	-2.9804
34.90	-2.9803
34.90	-2.9803
34.90	-2.9802
34.89	-2.9802
34.89	-2.9801
34.89	-2.9801
34.89	-2.9799
34.89	-2.9800
34.88	-2.9800
34.88	-2.9797
34.88	-2.9798
34.88	-2.9797
34.88	-2.9797
34.87	-2.9796
34.87	-2.9793
34.86	-2.9795
34.86	-2.9793
34.86	-2.9792
34.86	-2.9791
34.86	-2.9790
34.85	-2.9790
34.85	-2.9789
34.85	-2.9790
34.84	-2.9788
34.84	-2.9788
34.84	-2.9786
34.84	-2.9786
34.84	-2.9786
34.84	-2.9786
34.84	-2.9784
34.83	-2.9784
34.83	-2.9780
34.83	-2.9782
34.82	-2.9782
34.82	-2.9781
34.81	-2.9781
34.81	-2.9781
34.81	-2.9780
34.81	-2.9780
34.80	-2.9778
34.80	-2.9778
34.80	-2.9780
34.80	-2.9779
34.80	-2.9777
34.80	-2.9777
34.79	-2.9778
34.79	-2.9777
34.79	-2.9775
34.78	-2.9776
34.78	-2.9775
34.78	-2.9776
34.78	-2.9774
34.77	-2.9775
34.77	-2.9775
34.77	-2.9773
34.77	-2.9774
34.76	-2.9774
34.76	-2.9774
34.76	-2.9773
34.75	-2.9773
34.75	-2.9772
34.75	-2.9772
34.75	-2.9772
34.74	-2.9772
34.74	-2.9771
34.74	-2.9769
34.74	-2.9771
34.74	-2.9771
34.74	-2.9771
34.73	-2.9771
34.73	-2.9771
34.72	-2.9772
34.72	-2.9772
34.72	-2.9772
34.72	-2.9771
34.72	-2.9770
34.72	-2.9770
34.71	-2.9767
34.71	-2.9769
34.70	-2.9769
34.70	-2.9769
34.70	-2.9768
34.70	-2.9769
34.70	-2.9768
34.69	-2.9769
34.69	-2.9769
34.69	-2.9769
34.68	-2.9768
34.68	-2.9770
34.68	-2.9770
34.68	-2.9769
34.67	-2.9768
34.67	-2.9769
34.67	-2.9769
34.67	-2.9768
34.67	-2.9768
34.66	-2.9767
34.66	-2.9769
34.66	-2.9767
34.66	-2.9764
34.66	-2.9766
34.65	-2.9766
34.65	-2.9764
34.65	-2.9765
34.64	-2.9765
34.64	-2.9764
34.64	-2.9765
34.64	-2.9765
34.63	-2.9762
34.63	-2.9761
34.63	-2.9762
34.63	-2.9763
34.63	-2.9762
34.62	-2.9762
34.62	-2.9761
34.62	-2.9763
34.61	-2.9763
34.61	-2.9762
34.60	-2.9761
34.60	-2.9761
34.60	-2.9762
34.60	-2.9761
34.60	-2.9761
34.59	-2.9761
34.59	-2.9760
34.59	-2.9760
34.59	-2.9761
34.59	-2.9760
34.58	-2.9762
34.58	-2.9760
34.58	-2.9759
34.58	-2.9760
34.57	-2.9759
34.57	-2.9758
34.57	-2.9759
34.57	-2.9759
34.56	-2.9759
34.56	-2.9757
34.56	-2.9759
34.55	-2.9760
34.55	-2.9756
34.55	-2.9757
34.55	-2.9759
34.55	-2.9758
34.54	-2.9757
34.54	-2.9758
34.53	-2.9759
34.53	-2.9758
34.53	-2.9756
34.53	-2.9756
34.52	-2.9756
34.52	-2.9757
34.52	-2.9755
34.52	-2.9757
34.52	-2.9757
34.52	-2.9757
34.51	-2.9756
34.51	-2.9757
34.50	-2.9757
34.50	-2.9758
34.50	-2.9757
34.50	-2.9756
34.50	-2.9757
34.49	-2.9755
34.49	-2.9756
34.49	-2.9758
34.49	-2.9756
34.49	-2.9757
34.49	-2.9756
34.48	-2.9756
34.48	-2.9755
34.48	-2.9755
34.48	-2.9754
34.48	-2.9756
34.47	-2.9754
34.47	-2.9755
34.46	-2.9754
34.46	-2.9756
34.46	-2.9755
34.45	-2.9756
34.45	-2.9753
34.45	-2.9754
34.45	-2.9754
34.45	-2.9753
34.45	-2.9753
34.44	-2.9754
34.44	-2.9753
34.44	-2.9753
34.43	-2.9753
34.43	-2.9752
34.43	-2.9751
34.43	-2.9750
34.43	-2.9751
34.42	-2.9750
34.42	-2.9749
34.41	-2.9751
34.41	-2.9749
34.41	-2.9748
34.41	-2.9750
34.41	-2.9750
34.40	-2.9748
34.40	-2.9746
34.40	-2.9747
34.40	-2.9749
34.39	-2.9748
34.39	-2.9749
34.39	-2.9748
34.38	-2.9747
34.38	-2.9748
34.38	-2.9747
34.38	-2.9746
34.38	-2.9746
34.37	-2.9747
34.37	-2.9747
34.36	-2.9745
34.36	-2.9744
34.36	-2.9744
34.36	-2.9744
34.36	-2.9745
34.36	-2.9745
34.35	-2.9745
34.35	-2.9744
34.34	-2.9745
34.34	-2.9745
34.34	-2.9747
34.34	-2.9743
34.34	-2.9744
34.34	-2.9745
34.33	-2.9744
34.33	-2.9745
34.33	-2.9743
34.33	-2.9744
34.32	-2.9744
34.32	-2.9742
34.32	-2.9744
34.32	-2.9742
34.32	-2.9744
34.32	-2.9742
34.31	-2.9743
34.31	-2.9741
34.31	-2.9743
34.30	-2.9741
34.30	-2.9742
34.30	-2.9742
34.30	-2.9741
34.30	-2.9742
34.29	-2.9740
34.29	-2.9738
34.28	-2.9741
34.28	-2.9739
34.28	-2.9739
34.27	-2.9738
34.27	-2.9739
34.27	-2.9738
34.27	-2.9737
34.27	-2.9737
34.26	-2.9737
34.26	-2.9736
34.26	-2.9735
34.26	-2.9735
34.26	-2.9734
34.25	-2.9734
34.25	-2.9733
34.25	-2.9734
34.24	-2.9733
34.24	-2.9734
34.24	-2.9734
34.23	-2.9732
34.23	-2.9733
34.23	-2.9732
34.23	-2.9732
34.23	-2.9732
34.23	-2.9731
34.22	-2.9731
34.22	-2.9730
34.22	-2.9732
34.21	-2.9731
34.21	-2.9732
34.21	-2.9730
34.21	-2.9730
34.20	-2.9730
34.20	-2.9729
34.19	-2.9733
34.19	-2.9729
34.19	-2.9730
34.18	-2.9730
34.18	-2.9729
34.18	-2.9729
34.18	-2.9728
34.18	-2.9728
34.18	-2.9730
34.18	-2.9729
34.18	-2.9726
34.17	-2.9728
34.16	-2.9728
34.16	-2.9728
34.16	-2.9726
34.16	-2.9727
34.16	-2.9727
34.16	-2.9725
34.15	-2.9726
34.15	-2.9725
34.15	-2.9724
34.15	-2.9725
34.15	-2.9724
34.14	-2.9722
34.14	-2.9723
34.13	-2.9724
34.13	-2.9722
34.13	-2.9724
34.13	-2.9725
34.12	-2.9723
34.12	-2.9720
34.12	-2.9722
34.12	-2.9723
34.12	-2.9722
34.12	-2.9722
34.11	-2.9720
34.11	-2.9720
34.11	-2.9720
34.11	-2.9721
34.10	-2.9720
34.10	-2.9719
34.10	-2.9719
34.09	-2.9719
34.09	-2.9718
34.09	-2.9718
34.09	-2.9718
34.09	-2.9717
34.09	-2.9719
34.08	-2.9717
34.08	-2.9718
34.08	-2.9719
34.08	-2.9716
34.07	-2.9716
34.07	-2.9715
34.07	-2.9713
34.07	-2.9716
34.07	-2.9716
34.06	-2.9717
34.06	-2.9714
34.06	-2.9712
34.06	-2.9714
34.05	-2.9716
34.05	-2.9715
34.05	-2.9713
34.04	-2.9712
34.04	-2.9714
34.03	-2.9712
34.03	-2.9712
34.02	-2.9710
34.02	-2.9714
34.02	-2.9711
34.02	-2.9712
34.02	-2.9711
34.02	-2.9712
34.02	-2.9709
34.01	-2.9713
34.01	-2.9712
34.01	-2.9711
34.01	-2.9709
34.01	-2.9710
34.00	-2.9710
34.00	-2.9709
34.00	-2.9708
34.00	-2.9709
33.99	-2.9706
33.99	-2.9709
33.99	-2.9708
33.99	-2.9708
33.98	-2.9707
33.98	-2.9706
33.98	-2.9707
33.98	-2.9707
33.98	-2.9707
33.97	-2.9707
33.97	-2.9706
33.97	-2.9706
33.97	-2.9706
33.96	-2.9706
33.96	-2.9704
33.96	-2.9706
33.96	-2.9707
33.95	-2.9704
33.95	-2.9705
33.95	-2.9704
33.95	-2.9705
33.95	-2.9704
33.94	-2.9703
33.94	-2.9703
33.94	-2.9701
33.94	-2.9701
33.93	-2.9700
33.93	-2.9698
33.93	-2.9699
33.92	-2.9699
33.92	-2.9700
33.92	-2.9699
33.91	-2.9698
33.91	-2.9698
33.91	-2.9699
33.91	-2.9695
33.91	-2.9696
33.91	-2.9696
33.90	-2.9695
33.90	-2.9694
33.90	-2.9694
33.89	-2.9695
33.89	-2.9693
33.89	-2.9695
33.89	-2.9693
33.88	-2.9693
33.88	-2.9693
33.88	-2.9692
33.88	-2.9692
33.88	-2.9692
33.87	-2.9690
33.87	-2.9691
33.87	-2.9690
33.86	-2.9691
33.85	-2.9689
33.85	-2.9691
33.85	-2.9690
33.85	-2.9688
33.85	-2.9690
33.85	-2.9689
33.85	-2.9688
33.84	-2.9687
33.84	-2.9688
33.84	-2.9686
33.83	-2.9686
33.83	-2.9685
33.83	-2.9687
33.83	-2.9684
33.83	-2.9686
33.83	-2.9684
33.83	-2.9685
33.83	-2.9683
33.82	-2.9683
33.82	-2.9684
33.81	-2.9681
33.81	-2.9683
33.80	-2.9681
33.80	-2.9681
33.80	-2.9681
33.80	-2.9680
33.80	-2.9681
33.80	-2.9681
33.79	-2.9679
33.79	-2.9682
33.79	-2.9680
33.79	-2.9680
33.78	-2.9680
33.78	-2.9679
33.78	-2.9679
33.77	-2.9679
33.77	-2.9679
33.77	-2.9680
33.76	-2.9677
33.76	-2.9679
33.76	-2.9676
33.76	-2.9678
33.76	-2.9675
33.75	-2.9677
33.75	-2.9677
33.74	-2.9676
33.74	-2.9677
33.74	-2.9674
33.74	-2.9672
33.74	-2.9674
33.74	-2.9673
33.73	-2.9672
33.73	-2.9672
33.73	-2.9670
33.73	-2.9672
33.73	-2.9671
33.72	-2.9670
33.72	-2.9670
33.72	-2.9670
33.72	-2.9670
33.72	-2.9670
33.71	-2.9667
33.71	-2.9668
33.70	-2.9669
33.70	-2.9668
33.70	-2.9669
33.70	-2.9668
33.69	-2.9667
33.69	-2.9666
33.69	-2.9668
33.69	-2.9666
33.69	-2.9666
33.68	-2.9666
33.68	-2.9666
33.68	-2.9664
33.68	-2.9664
33.67	-2.9664
33.67	-2.9664
33.67	-2.9667
33.67	-2.9663
33.66	-2.9664
33.66	-2.9663
33.66	-2.9663
33.65	-2.9663
33.65	-2.9663
33.64	-2.9662
33.65	-2.9660
33.65	-2.9662
33.65	-2.9660
33.64	-2.9662
33.64	-2.9662
33.63	-2.9659
33.63	-2.9659
33.63	-2.9658
33.63	-2.9659
33.62	-2.9657
33.62	-2.9658
33.62	-2.9659
33.62	-2.9656
33.61	-2.9657
33.61	-2.9657
33.61	-2.9655
33.60	-2.9656
33.60	-2.9655
33.60	-2.9654
33.59	-2.9657
33.59	-2.9656
33.59	-2.9655
33.59	-2.9655
33.59	-2.9653
33.59	-2.9653
33.59	-2.9654
33.58	-2.9652
33.58	-2.9654
33.58	-2.9651
33.58	-2.9652
33.57	-2.9654
33.57	-2.9652
33.57	-2.9651
33.56	-2.9652
33.56	-2.9651
33.56	-2.9651
33.56	-2.9650
33.55	-2.9651
33.55	-2.9651
33.55	-2.9651
33.55	-2.9651
33.55	-2.9650
33.54	-2.9651
33.54	-2.9648
33.54	-2.9650
33.53	-2.9648
33.53	-2.9647
33.53	-2.9648
33.53	-2.9647
33.53	-2.9645
33.52	-2.9645
33.52	-2.9644
33.52	-2.9643
33.52	-2.9642
33.51	-2.9643
33.51	-2.9642
33.50	-2.9642
33.50	-2.9640
33.49	-2.9640
33.49	-2.9641
33.49	-2.9640
33.49	-2.9638
33.49	-2.9638
33.49	-2.9635
33.49	-2.9635
33.48	-2.9636
33.48	-2.9635
33.48	-2.9635
33.48	-2.9633
33.47	-2.9634
33.47	-2.9632
33.47	-2.9633
33.47	-2.9633
33.47	-2.9633
33.46	-2.9631
33.46	-2.9631
33.46	-2.9632
33.45	-2.9632
33.45	-2.9631
33.45	-2.9630
33.45	-2.9630
33.45	-2.9631
33.44	-2.9629
33.44	-2.9629
33.44	-2.9631
33.44	-2.9631
33.43	-2.9631
33.43	-2.9630
33.43	-2.9629
33.43	-2.9630
33.42	-2.9631
33.42	-2.9631
33.42	-2.9630
33.42	-2.9630
33.41	-2.9631
33.41	-2.9629
33.41	-2.9629
33.40	-2.9629
33.40	-2.9630
33.40	-2.9628
33.40	-2.9628
33.40	-2.9627
33.39	-2.9627
33.39	-2.9627
33.39	-2.9625
33.39	-2.9625
33.38	-2.9623
33.38	-2.9625
33.38	-2.9625
33.38	-2.9623
33.38	-2.9623
33.37	-2.9622
33.37	-2.9622
33.37	-2.9623
33.36	-2.9621
33.36	-2.9621
33.36	-2.9622
33.35	-2.9620
33.35	-2.9621
33.35	-2.9621
33.34	-2.9619
33.34	-2.9619
33.34	-2.9618
33.34	-2.9619
33.33	-2.9619
33.33	-2.9617
33.33	-2.9617
33.33	-2.9617
33.33	-2.9617
33.33	-2.9615
33.32	-2.9615
33.32	-2.9614
33.31	-2.9615
33.31	-2.9614
33.31	-2.9612
33.30	-2.9612
33.30	-2.9613
33.30	-2.9612
33.30	-2.9611
33.30	-2.9609
33.30	-2.9613
33.30	-2.9609
33.29	-2.9608
33.29	-2.9609
33.29	-2.9609
33.29	-2.9609
33.28	-2.9606
33.28	-2.9606
33.27	-2.9605
33.27	-2.9607
33.27	-2.9606
33.27	-2.9606
33.26	-2.9604
33.26	-2.9603
33.26	-2.9601
33.25	-2.9603
33.25	-2.9601
33.25	-2.9601
33.24	-2.9598
33.25	-2.9600
33.24	-2.9599
33.24	-2.9600
33.24	-2.9599
33.24	-2.9598
33.24	-2.9597
33.23	-2.9596
33.23	-2.9598
33.23	-2.9597
33.23	-2.9597
33.23	-2.9596
33.23	-2.9596
33.22	-2.9594
33.22	-2.9595
33.22	-2.9595
33.22	-2.9595
33.21	-2.9593
33.21	-2.9593
33.21	-2.9592
33.21	-2.9592
33.21	-2.9593
33.20	-2.9591
33.20	-2.9592
33.20	-2.9591
33.19	-2.9592
33.19	-2.9592
33.19	-2.9591
33.18	-2.9590
33.18	-2.9589
33.18	-2.9589
33.18	-2.9590
33.17	-2.9589
33.17	-2.9590
33.17	-2.9589
33.17	-2.9590
33.17	-2.9589
33.17	-2.9588
33.16	-2.9588
33.16	-2.9589
33.15	-2.9587
33.15	-2.9588
33.15	-2.9585
33.15	-2.9587
33.15	-2.9586
33.15	-2.9587
33.15	-2.9586
33.14	-2.9585
33.13	-2.9587
33.13	-2.9587
33.13	-2.9586
33.13	-2.9585
33.12	-2.9586
33.12	-2.9585
33.12	-2.9586
33.12	-2.9584
33.12	-2.9585
33.11	-2.9583
33.11	-2.9584
33.11	-2.9584
33.10	-2.9585
33.10	-2.9586
33.10	-2.9584
33.09	-2.9585
33.09	-2.9584
33.09	-2.9583
33.09	-2.9584
33.09	-2.9584
33.09	-2.9583
33.08	-2.9584
33.08	-2.9584
33.08	-2.9583
33.08	-2.9582
33.08	-2.9584
33.08	-2.9582
33.07	-2.9583
33.07	-2.9583
33.06	-2.9582
33.06	-2.9581
33.06	-2.9581
33.06	-2.9580
33.06	-2.9583
33.05	-2.9582
33.05	-2.9582
33.05	-2.9579
33.04	-2.9580
33.04	-2.9580
33.04	-2.9582
33.04	-2.9581
33.03	-2.9580
33.03	-2.9580
33.03	-2.9581
33.02	-2.9579
33.02	-2.9578
33.02	-2.9579
33.02	-2.9579
33.01	-2.9579
33.01	-2.9579
33.01	-2.9577
33.01	-2.9578
33.01	-2.9577
33.00	-2.9579
33.00	-2.9578
32.99	-2.9577
32.99	-2.9579
32.99	-2.9579
32.99	-2.9578
32.99	-2.9578
32.99	-2.9577
32.98	-2.9578
32.98	-2.9579
32.98	-2.9578
32.97	-2.9578
32.97	-2.9579
32.97	-2.9577
32.97	-2.9578
32.96	-2.9576
32.96	-2.9578
32.96	-2.9579
32.96	-2.9577
32.96	-2.9577
32.96	-2.9576
32.95	-2.9576
32.95	-2.9576
32.95	-2.9576
32.95	-2.9575
32.94	-2.9575
32.94	-2.9573
32.93	-2.9574
32.93	-2.9575
32.93	-2.9575
32.93	-2.9575
32.93	-2.9573
32.92	-2.9574
32.92	-2.9574
32.92	-2.9574
32.91	-2.9573
32.91	-2.9574
32.91	-2.9572
32.91	-2.9572
32.91	-2.9572
32.90	-2.9572
32.90	-2.9574
32.90	-2.9573
32.90	-2.9574
32.89	-2.9573
32.89	-2.9571
32.89	-2.9571
32.88	-2.9572
32.88	-2.9572
32.88	-2.9572
32.88	-2.9570
32.88	-2.9570
32.88	-2.9570
32.87	-2.9570
32.87	-2.9568
32.87	-2.9568
32.86	-2.9569
32.86	-2.9568
32.86	-2.9568
32.85	-2.9569
32.85	-2.9567
32.85	-2.9567
32.84	-2.9567
32.84	-2.9567
32.84	-2.9566
32.84	-2.9567
32.83	-2.9567
32.83	-2.9566
32.83	-2.9568
32.83	-2.9566
32.83	-2.9566
32.83	-2.9566
32.82	-2.9564
32.82	-2.9565
32.82	-2.9565
32.81	-2.9566
32.81	-2.9564
32.81	-2.9565
32.81	-2.9565
32.80	-2.9566
32.80	-2.9566
32.80	-2.9563
32.80	-2.9564
32.80	-2.9565
32.80	-2.9564
32.79	-2.9562
32.79	-2.9563
32.79	-2.9563
32.78	-2.9562
32.78	-2.9561
32.78	-2.9564
32.77	-2.9562
32.77	-2.9561
32.77	-2.9560
32.77	-2.9560
32.76	-2.9560
32.76	-2.9560
32.76	-2.9558
32.76	-2.9559
32.76	-2.9556
32.75	-2.9559
32.75	-2.9557
32.74	-2.9555
32.74	-2.9555
32.74	-2.9555
32.74	-2.9555
32.74	-2.9555
32.74	-2.9555
32.73	-2.9554
32.73	-2.9555
32.73	-2.9555
32.73	-2.9555
32.73	-2.9555
32.73	-2.9555
32.73	-2.9555
32.72	-2.9553
32.72	-2.9554
32.71	-2.9554
32.71	-2.9555
32.71	-2.9554
32.71	-2.9554
32.71	-2.9555
32.70	-2.9554
32.70	-2.9552
32.70	-2.9555
32.70	-2.9554
32.69	-2.9553
32.69	-2.9552
32.68	-2.9553
32.68	-2.9553
32.68	-2.9552
32.68	-2.9551
32.67	-2.9552
32.67	-2.9552
32.67	-2.9548
32.67	-2.9550
32.67	-2.9550
32.66	-2.9548
32.66	-2.9549
32.66	-2.9549
32.65	-2.9549
32.65	-2.9550
32.65	-2.9549
32.65	-2.9551
32.65	-2.9549
32.64	-2.9546
32.64	-2.9548
32.64	-2.9549
32.64	-2.9546
32.64	-2.9548
32.63	-2.9547
32.63	-2.9547
32.63	-2.9547
32.63	-2.9547
32.62	-2.9544
32.61	-2.9547
32.61	-2.9545
32.62	-2.9545
32.61	-2.9546
32.61	-2.9546
32.60	-2.9545
32.60	-2.9546
32.60	-2.9545
32.59	-2.9544
32.59	-2.9543
32.59	-2.9544
32.59	-2.9541
32.58	-2.9542
32.58	-2.9543
32.58	-2.9542
32.58	-2.9541
32.58	-2.9541
32.58	-2.9539
32.58	-2.9539
32.58	-2.9538
32.57	-2.9540
32.57	-2.9538
32.56	-2.9538
32.56	-2.9538
32.56	-2.9538
32.56	-2.9538
32.55	-2.9538
32.55	-2.9535
32.55	-2.9535
32.55	-2.9538
32.54	-2.9536
32.54	-2.9535
32.54	-2.9535
32.54	-2.9534
32.54	-2.9535
32.53	-2.9535
32.53	-2.9533
32.52	-2.9533
32.52	-2.9532
32.52	-2.9532
32.52	-2.9531
32.51	-2.9531
32.51	-2.9531
32.51	-2.9530
32.50	-2.9530
32.50	-2.9530
32.50	-2.9528
32.49	-2.9527
32.49	-2.9527
32.49	-2.9528
32.49	-2.9527
32.48	-2.9525
32.48	-2.9526
32.48	-2.9526
32.48	-2.9526
32.48	-2.9526
32.48	-2.9526
32.48	-2.9526
32.48	-2.9526
32.47	-2.9527
32.47	-2.9527
32.47	-2.9527
32.46	-2.9525
32.46	-2.9526
32.45	-2.9527
32.45	-2.9526
32.45	-2.9526
32.45	-2.9526
32.45	-2.9523
32.44	-2.9525
32.44	-2.9526
32.43	-2.9527
32.43	-2.9525
32.43	-2.9526
32.43	-2.9525
32.43	-2.9525
32.42	-2.9525
32.42	-2.9525
32.42	-2.9524
32.42	-2.9522
32.42	-2.9525
32.42	-2.9523
32.41	-2.9523
32.41	-2.9521
32.41	-2.9521
32.41	-2.9521
32.40	-2.9520
32.40	-2.9520
32.40	-2.9520
32.40	-2.9519
32.39	-2.9519
32.39	-2.9520
32.39	-2.9518
32.38	-2.9519
32.38	-2.9518
32.38	-2.9519
32.38	-2.9517
32.38	-2.9517
32.37	-2.9517
32.37	-2.9516
32.37	-2.9517
32.37	-2.9516
32.37	-2.9515
32.36	-2.9517
32.36	-2.9516
32.36	-2.9515
32.35	-2.9516
32.35	-2.9517
32.35	-2.9516
32.34	-2.9516
32.34	-2.9514
32.34	-2.9516
32.34	-2.9514
32.34	-2.9516
32.34	-2.9516
32.34	-2.9515
32.33	-2.9513
32.33	-2.9514
32.33	-2.9513
32.33	-2.9512
32.33	-2.9512
32.32	-2.9511
32.32	-2.9513
32.32	-2.9511
32.32	-2.9512
32.32	-2.9510
32.31	-2.9509
32.31	-2.9510
32.30	-2.9509
32.30	-2.9509
32.30	-2.9507
32.30	-2.9506
32.30	-2.9508
32.29	-2.9507
32.29	-2.9505
32.29	-2.9505
32.29	-2.9503
32.28	-2.9504
32.28	-2.9502
32.27	-2.9502
32.27	-2.9502
32.27	-2.9501
32.27	-2.9500
32.26	-2.9500
32.26	-2.9500
32.26	-2.9501
32.26	-2.9498
32.25	-2.9499
32.25	-2.9499
32.25	-2.9498
32.25	-2.9499
32.24	-2.9500
32.24	-2.9499
32.24	-2.9498
32.23	-2.9499
32.23	-2.9498
32.23	-2.9496
32.23	-2.9499
32.23	-2.9498
32.23	-2.9497
32.23	-2.9497
32.23	-2.9494
32.23	-2.9494
32.22	-2.9495
32.21	-2.9494
32.21	-2.9496
32.20	-2.9493
32.20	-2.9495
32.20	-2.9493
32.19	-2.9492
32.20	-2.9492
32.20	-2.9492
32.20	-2.9492
32.20	-2.9489
32.19	-2.9490
32.19	-2.9489
32.18	-2.9489
32.18	-2.9490
32.18	-2.9488
32.18	-2.9488
32.18	-2.9488
32.17	-2.9487
32.17	-2.9486
32.16	-2.9487
32.16	-2.9484
32.16	-2.9486
32.16	-2.9484
32.16	-2.9483
32.15	-2.9483
32.15	-2.9482
32.14	-2.9484
32.14	-2.9481
32.14	-2.9482
32.14	-2.9481
32.14	-2.9482
32.13	-2.9480
32.13	-2.9480
32.13	-2.9482
32.13	-2.9483
32.13	-2.9480
32.13	-2.9481
32.12	-2.9482
32.11	-2.9481
32.11	-2.9482
32.11	-2.9479
32.11	-2.9479
32.11	-2.9480
32.11	-2.9480
32.11	-2.9480
32.11	-2.9479
32.10	-2.9479
32.10	-2.9479
32.09	-2.9480
32.09	-2.9476
32.09	-2.9480
32.08	-2.9479
32.08	-2.9478
32.08	-2.9479
32.08	-2.9477
32.08	-2.9477
32.07	-2.9477
32.07	-2.9474
32.07	-2.9475
32.07	-2.9474
32.06	-2.9473
32.06	-2.9475
32.06	-2.9473
32.06	-2.9474
32.05	-2.9472
32.05	-2.9473
32.05	-2.9472
32.05	-2.9472
32.05	-2.9472
32.05	-2.9469
32.04	-2.9472
32.04	-2.9471
32.04	-2.9472
32.04	-2.9472
32.04	-2.9470
32.03	-2.9470
32.02	-2.9469
32.02	-2.9470
32.02	-2.9468
32.02	-2.9469
32.01	-2.9469
32.01	-2.9468
32.01	-2.9469
32.00	-2.9468
32.00	-2.9467
32.00	-2.9465
32.00	-2.9464
32.00	-2.9466
31.99	-2.9465
31.99	-2.9462
31.99	-2.9462
31.98	-2.9462
31.98	-2.9462
31.98	-2.9461
31.98	-2.9459
31.98	-2.9459
31.97	-2.9460
31.97	-2.9457
31.97	-2.9457
31.97	-2.9458
31.97	-2.9456
31.96	-2.9455
31.96	-2.9456
31.96	-2.9454
31.95	-2.9455
31.95	-2.9458
31.95	-2.9455
31.94	-2.9456
31.94	-2.9456
31.94	-2.9455
31.94	-2.9455
31.94	-2.9456
31.94	-2.9454
31.93	-2.9457
31.93	-2.9452
31.93	-2.9455
31.93	-2.9455
31.92	-2.9454
31.92	-2.9453
31.92	-2.9453
31.91	-2.9453
31.91	-2.9454
31.91	-2.9453
31.91	-2.9454
31.91	-2.9452
31.90	-2.9453
31.90	-2.9453
31.90	-2.9451
31.90	-2.9452
31.89	-2.9453
31.89	-2.9449
31.89	-2.9450
31.89	-2.9451
31.88	-2.9450
31.88	-2.9450
31.88	-2.9449
31.88	-2.9451
31.88	-2.9449
31.87	-2.9450
31.87	-2.9451
31.86	-2.9449
31.86	-2.9449
31.86	-2.9448
31.85	-2.9449
31.85	-2.9450
31.85	-2.9449
31.85	-2.9446
31.85	-2.9446
31.85	-2.9449
31.84	-2.9445
31.84	-2.9447
31.83	-2.9446
31.83	-2.9445
31.83	-2.9445
31.83	-2.9446
31.83	-2.9444
31.82	-2.9446
31.82	-2.9444
31.82	-2.9444
31.82	-2.9443
31.82	-2.9443
31.82	-2.9443
31.81	-2.9442
31.81	-2.9441
31.81	-2.9442
31.80	-2.9442
31.80	-2.9441
31.80	-2.9440
31.80	-2.9441
31.79	-2.9439
31.79	-2.9440
31.79	-2.9439
31.78	-2.9439
31.78	-2.9438
31.78	-2.9438
31.78	-2.9439
31.78	-2.9438
31.77	-2.9436
31.77	-2.9436
31.77	-2.9436
31.77	-2.9436
31.76	-2.9434
31.76	-2.9436
31.75	-2.9433
31.75	-2.9434
31.75	-2.9431
31.75	-2.9432
31.75	-2.9432
31.75	-2.9432
31.74	-2.9430
31.74	-2.9431
31.74	-2.9429
31.74	-2.9430
31.74	-2.9428
31.73	-2.9428
31.73	-2.9427
31.73	-2.9427
31.73	-2.9427
31.72	-2.9425
31.72	-2.9424
31.71	-2.9426
31.71	-2.9423
31.71	-2.9424
31.70	-2.9423
31.70	-2.9424
31.70	-2.9424
31.69	-2.9423
31.69	-2.9421
31.69	-2.9423
31.69	-2.9422
31.69	-2.9421
31.68	-2.9420
31.68	-2.9421
31.68	-2.9420
31.68	-2.9419
31.68	-2.9419
31.67	-2.9419
31.67	-2.9418
31.66	-2.9421
31.66	-2.9419
31.66	-2.9418
31.66	-2.9419
31.66	-2.9417
31.66	-2.9415
31.66	-2.9415
31.65	-2.9415
31.65	-2.9415
31.65	-2.9414
31.65	-2.9414
31.65	-2.9414
31.64	-2.9412
31.63	-2.9412
31.63	-2.9411
31.63	-2.9411
31.63	-2.9409
31.63	-2.9408
31.62	-2.9408
31.62	-2.9408
31.62	-2.9409
31.61	-2.9409
31.61	-2.9407
31.61	-2.9408
31.61	-2.9408
31.61	-2.9408
31.60	-2.9409
31.60	-2.9406
31.60	-2.9407
31.60	-2.9406
31.60	-2.9405
31.59	-2.9407
31.59	-2.9408
31.59	-2.9406
31.58	-2.9407
31.58	-2.9405
31.58	-2.9404
31.58	-2.9406
31.57	-2.9405
31.57	-2.9404
31.56	-2.9404
31.57	-2.9404
31.57	-2.9405
31.56	-2.9403
31.55	-2.9404
31.55	-2.9403
31.55	-2.9402
31.55	-2.9404
31.55	-2.9403
31.55	-2.9402
31.54	-2.9403
31.54	-2.9403
31.54	-2.9401
31.54	-2.9400
31.54	-2.9400
31.54	-2.9402
31.53	-2.9400
31.53	-2.9400
31.53	-2.9400
31.53	-2.9399
31.52	-2.9399
31.52	-2.9401
31.52	-2.9399
31.51	-2.9399
31.51	-2.9398
31.51	-2.9396
31.50	-2.9397
31.50	-2.9398
31.50	-2.9398
31.50	-2.9397
31.49	-2.9397
31.49	-2.9396
31.49	-2.9395
31.48	-2.9397
31.48	-2.9396
31.48	-2.9394
31.48	-2.9395
31.48	-2.9395
31.48	-2.9394
31.47	-2.9394
31.47	-2.9394
31.47	-2.9393
31.46	-2.9394
31.46	-2.9395
31.46	-2.9395
31.45	-2.9395
31.46	-2.9394
31.45	-2.9394
31.45	-2.9392
31.45	-2.9393
31.45	-2.9394
31.45	-2.9393
31.45	-2.9392
31.44	-2.9393
31.44	-2.9394
31.44	-2.9393
31.43	-2.9394
31.43	-2.9393
31.43	-2.9393
31.43	-2.9393
31.42	-2.9393
31.42	-2.9392
31.42	-2.9392
31.42	-2.9394
31.41	-2.9391
31.41	-2.9392
31.40	-2.9388
31.40	-2.9390
31.40	-2.9388
31.40	-2.9388
31.40	-2.9390
31.39	-2.9389
31.39	-2.9390
31.39	-2.9390
31.39	-2.9390
31.39	-2.9390
31.38	-2.9390
31.38	-2.9389
31.38	-2.9388
31.38	-2.9387
31.38	-2.9389
31.37	-2.9388
31.37	-2.9390
31.37	-2.9389
31.36	-2.9387
31.37	-2.9388
31.36	-2.9389
31.36	-2.9388
31.35	-2.9387
31.35	-2.9389
31.35	-2.9388
31.34	-2.9389
31.34	-2.9388
31.34	-2.9388
31.34	-2.9387
31.33	-2.9387
31.33	-2.9387
31.32	-2.9387
31.32	-2.9386
31.32	-2.9388
31.32	-2.9386
31.32	-2.9387
31.31	-2.9386
31.31	-2.9386
31.31	-2.9386
31.31	-2.9385
31.31	-2.9384
31.30	-2.9385
31.30	-2.9384
31.30	-2.9383
31.30	-2.9384
31.30	-2.9383
31.29	-2.9383
31.29	-2.9384
31.29	-2.9384
31.28	-2.9383
31.28	-2.9382
31.28	-2.9383
31.28	-2.9384
31.27	-2.9383
31.27	-2.9382
31.27	-2.9382
31.27	-2.9382
31.26	-2.9381
31.26	-2.9381
31.26	-2.9379
31.25	-2.9380
31.25	-2.9379
31.25	-2.9379
31.25	-2.9378
31.25	-2.9378
31.25	-2.9378
31.24	-2.9378
31.24	-2.9378
31.24	-2.9376
31.24	-2.9378
31.23	-2.9378
31.23	-2.9378
31.23	-2.9377
31.23	-2.9379
31.23	-2.9377
31.23	-2.9378
31.22	-2.9376
31.22	-2.9377
31.21	-2.9376
31.20	-2.9376
31.20	-2.9376
31.20	-2.9375
31.20	-2.9375
31.20	-2.9376
31.20	-2.9375
31.20	-2.9375
31.19	-2.9375
31.19	-2.9374
31.19	-2.9374
31.19	-2.9374
31.18	-2.9373
31.18	-2.9374
31.18	-2.9374
31.18	-2.9372
31.18	-2.9371
31.17	-2.9372
31.17	-2.9371
31.16	-2.9372
31.16	-2.9370
31.16	-2.9372
31.16	-2.9369
31.16	-2.9369
31.15	-2.9368
31.15	-2.9368
31.15	-2.9369
31.15	-2.9366
31.15	-2.9368
31.15	-2.9366
31.14	-2.9365
31.14	-2.9363
31.13	-2.9363
31.13	-2.9364
31.13	-2.9362
31.13	-2.9364
31.12	-2.9361
31.12	-2.9363
31.12	-2.9363
31.11	-2.9364
31.11	-2.9363
31.11	-2.9363
31.11	-2.9362
31.11	-2.9362
31.10	-2.9363
31.10	-2.9363
31.10	-2.9361
31.10	-2.9359
31.10	-2.9361
31.09	-2.9361
31.09	-2.9360
31.09	-2.9362
31.09	-2.9361
31.08	-2.9361
31.08	-2.9361
31.07	-2.9361
31.07	-2.9360
31.07	-2.9360
31.07	-2.9360
31.07	-2.9360
31.06	-2.9359
31.06	-2.9360
31.06	-2.9359
31.06	-2.9360
31.05	-2.9358
31.05	-2.9358
31.05	-2.9357
31.05	-2.9358
31.04	-2.9359
31.04	-2.9358
31.04	-2.9357
31.04	-2.9355
31.03	-2.9356
31.03	-2.9356
31.03	-2.9356
31.03	-2.9356
31.03	-2.9356
31.03	-2.9356
31.02	-2.9354
31.02	-2.9354
31.01	-2.9355
31.01	-2.9352
31.01	-2.9353
31.01	-2.9355
31.01	-2.9356
31.00	-2.9354
31.00	-2.9353
31.00	-2.9353
30.99	-2.9353
30.99	-2.9353
30.99	-2.9352
30.99	-2.9351
30.99	-2.9353
30.99	-2.9351
30.98	-2.9353
30.98	-2.9351
30.98	-2.9350
30.97	-2.9351
30.97	-2.9349
30.97	-2.9349
30.96	-2.9348
30.96	-2.9349
30.96	-2.9348
30.95	-2.9348
30.95	-2.9348
30.95	-2.9347
30.95	-2.9345
30.95	-2.9347
30.95	-2.9345
30.94	-2.9347
30.94	-2.9344
30.94	-2.9346
30.93	-2.9345
30.93	-2.9344
30.93	-2.9345
30.93	-2.9343
30.93	-2.9345
30.93	-2.9344
30.93	-2.9342
30.92	-2.9344
30.91	-2.9343
30.91	-2.9341
30.91	-2.9340
30.91	-2.9342
30.90	-2.9339
30.90	-2.9337
30.90	-2.9339
30.89	-2.9340
30.89	-2.9338
30.89	-2.9339
30.89	-2.9337
30.89	-2.9338
30.89	-2.9336
30.88	-2.9337
30.88	-2.9337
30.88	-2.9337
30.88	-2.9335
30.87	-2.9336
30.87	-2.9338
30.87	-2.9335
30.86	-2.9336
30.86	-2.9333
30.86	-2.9335
30.85	-2.9334
30.85	-2.9334
30.85	-2.9333
30.85	-2.9332
30.85	-2.9332
30.85	-2.9331
30.85	-2.9333
30.84	-2.9331
30.84	-2.9332
30.83	-2.9330
30.83	-2.9331
30.83	-2.9328
30.82	-2.9330
30.82	-2.9327
30.82	-2.9329
30.82	-2.9327
30.81	-2.9328
30.81	-2.9327
30.81	-2.9328
30.81	-2.9327
30.80	-2.9326
30.80	-2.9325
30.80	-2.9326
30.80	-2.9324
30.80	-2.9326
30.80	-2.9326
30.80	-2.9325
30.80	-2.9326
30.79	-2.9323
30.79	-2.9325
30.78	-2.9326
30.78	-2.9324
30.78	-2.9325
30.78	-2.9324
30.78	-2.9323
30.77	-2.9322
30.77	-2.9323
30.76	-2.9321
30.76	-2.9321
30.75	-2.9320
30.75	-2.9321
30.75	-2.9321
30.75	-2.9321
30.75	-2.9321
30.75	-2.9320
30.74	-2.9320
30.74	-2.9318
30.74	-2.9318
30.74	-2.9318
30.74	-2.9319
30.73	-2.9318
30.73	-2.9317
30.73	-2.9315
30.73	-2.9316
30.72	-2.9316
30.72	-2.9317
30.72	-2.9314
30.71	-2.9316
30.71	-2.9315
30.71	-2.9315
30.71	-2.9315
30.71	-2.9315
30.70	-2.9311
30.70	-2.9313
30.70	-2.9313
30.70	-2.9313
30.70	-2.9313
30.69	-2.9311
30.69	-2.9311
30.69	-2.9309
30.68	-2.9311
30.68	-2.9309
30.68	-2.9312
30.68	-2.9310
30.67	-2.9312
30.67	-2.9311
30.67	-2.9310
30.67	-2.9310
30.66	-2.9310
30.66	-2.9308
30.66	-2.9309
30.65	-2.9308
30.65	-2.9307
30.65	-2.9307
30.65	-2.9307
30.65	-2.9307
30.65	-2.9306
30.64	-2.9305
30.64	-2.9306
30.63	-2.9305
30.63	-2.9305
30.63	-2.9306
30.63	-2.9302
30.63	-2.9304
30.63	-2.9305
30.63	-2.9302
30.62	-2.9303
30.62	-2.9301
30.62	-2.9302
30.62	-2.9302
30.61	-2.9300
30.60	-2.9300
30.60	-2.9300
30.60	-2.9300
30.59	-2.9301
30.59	-2.9298
30.59	-2.9298
30.59	-2.9297
30.59	-2.9298
30.58	-2.9298
30.58	-2.9295
30.58	-2.9298
30.57	-2.9296
30.57	-2.9296
30.57	-2.9294
30.57	-2.9294
30.57	-2.9294
30.57	-2.9295
30.57	-2.9295
30.56	-2.9294
30.56	-2.9294
30.56	-2.9294
30.56	-2.9294
30.55	-2.9295
30.55	-2.9294
30.55	-2.9293
30.55	-2.9293
30.54	-2.9292
30.54	-2.9294
30.54	-2.9292
30.54	-2.9292
30.54	-2.9292
30.53	-2.9291
30.53	-2.9291
30.53	-2.9290
30.53	-2.9291
30.52	-2.9290
30.52	-2.9291
30.52	-2.9289
30.52	-2.9288
30.51	-2.9291
30.51	-2.9288
30.50	-2.9290
30.50	-2.9289
30.50	-2.9289
30.50	-2.9287
30.50	-2.9287
30.50	-2.9288
30.49	-2.9289
30.49	-2.9288
30.49	-2.9288
30.48	-2.9286
30.48	-2.9285
30.48	-2.9284
30.48	-2.9284
30.48	-2.9282
30.48	-2.9282
30.48	-2.9285
30.47	-2.9282
30.47	-2.9280
30.46	-2.9282
30.46	-2.9280
30.46	-2.9278
30.46	-2.9278
30.45	-2.9278
30.45	-2.9278
30.45	-2.9276
30.45	-2.9277
30.45	-2.9275
30.44	-2.9276
30.44	-2.9275
30.43	-2.9277
30.43	-2.9273
30.43	-2.9274
30.43	-2.9274
30.43	-2.9275
30.43	-2.9275
30.43	-2.9273
30.42	-2.9273
30.42	-2.9273
30.42	-2.9273
30.41	-2.9274
30.41	-2.9271
30.40	-2.9273
30.40	-2.9271
30.40	-2.9273
30.40	-2.9271
30.40	-2.9272
30.40	-2.9270
30.39	-2.9270
30.39	-2.9270
30.39	-2.9269
30.38	-2.9269
30.38	-2.9268
30.38	-2.9270
30.38	-2.9269
30.38	-2.9270
30.37	-2.9267
30.37	-2.9267
30.36	-2.9268
30.36	-2.9267
30.36	-2.9266
30.35	-2.9266
30.35	-2.9266
30.35	-2.9267
30.35	-2.9265
30.34	-2.9264
30.34	-2.9266
30.34	-2.9265
30.34	-2.9265
30.34	-2.9266
30.34	-2.9265
30.34	-2.9264
30.33	-2.9265
30.33	-2.9265
30.33	-2.9264
30.33	-2.9265
30.32	-2.9265
30.32	-2.9263
30.32	-2.9263
30.31	-2.9264
30.31	-2.9263
30.31	-2.9263
30.30	-2.9262
30.30	-2.9261
30.30	-2.9261
30.30	-2.9261
30.30	-2.9260
30.29	-2.9262
30.29	-2.9262
30.29	-2.9261
30.28	-2.9261
30.28	-2.9261
30.28	-2.9260
30.28	-2.9260
30.28	-2.9259
30.28	-2.9259
30.27	-2.9260
30.27	-2.9259
30.27	-2.9258
30.26	-2.9259
30.26	-2.9257
30.26	-2.9258
30.26	-2.9257
30.25	-2.9257
30.25	-2.9257
30.25	-2.9257
30.25	-2.9257
30.25	-2.9257
30.24	-2.9255
30.24	-2.9254
30.24	-2.9254
30.23	-2.9254
30.23	-2.9253
30.23	-2.9253
30.23	-2.9252
30.23	-2.9252
30.22	-2.9251
30.22	-2.9250
30.22	-2.9249
30.22	-2.9248
30.21	-2.9250
30.21	-2.9249
30.21	-2.9248
30.20	-2.9248
30.20	-2.9247
30.20	-2.9247
30.20	-2.9246
30.20	-2.9244
30.19	-2.9243
30.19	-2.9243
30.19	-2.9243
30.19	-2.9241
30.19	-2.9240
30.18	-2.9240
30.18	-2.9241
30.18	-2.9241
30.17	-2.9240
30.17	-2.9237
30.17	-2.9241
30.16	-2.9237
30.16	-2.9238
30.16	-2.9236
30.15	-2.9237
30.15	-2.9236
30.15	-2.9235
30.15	-2.9237
30.14	-2.9236
30.14	-2.9234
30.14	-2.9236
30.14	-2.9234
30.13	-2.9233
30.13	-2.9234
30.13	-2.9233
30.13	-2.9233
30.13	-2.9233
30.12	-2.9232
30.12	-2.9234
30.12	-2.9231
30.12	-2.9232
30.12	-2.9230
30.11	-2.9229
30.11	-2.9229
30.11	-2.9230
30.10	-2.9231
30.10	-2.9229
30.10	-2.9228
30.10	-2.9230
30.09	-2.9229
30.09	-2.9227
30.09	-2.9229
30.08	-2.9228
30.08	-2.9228
30.08	-2.9227
30.07	-2.9229
30.07	-2.9227
30.07	-2.9227
30.07	-2.9226
30.07	-2.9227
30.07	-2.9228
30.06	-2.9226
30.06	-2.9227
30.06	-2.9226
30.06	-2.9228
30.05	-2.9227
30.05	-2.9225
30.05	-2.9226
30.05	-2.9223
30.04	-2.9224
30.04	-2.9224
30.04	-2.9223
30.04	-2.9222
30.04	-2.9224
30.03	-2.9224
30.03	-2.9223
30.03	-2.9222
30.03	-2.9223
30.02	-2.9222
30.02	-2.9222
30.01	-2.9224
30.01	-2.9221
30.01	-2.9222
30.00	-2.9222
30.00	-2.9222
30.00	-2.9221
30.00	-2.9222
30.00	-2.9220
29.99	-2.9221
29.99	-2.9221
29.99	-2.9220
29.99	-2.9219
29.99	-2.9220
29.98	-2.9221
29.98	-2.9220
29.98	-2.9220
29.98	-2.9219
29.98	-2.9219
29.97	-2.9219
29.97	-2.9219
29.97	-2.9221
29.96	-2.9221
29.96	-2.9219
29.96	-2.9220
29.96	-2.9220
29.96	-2.9220
29.95	-2.9219
29.95	-2.9220
29.95	-2.9219
29.95	-2.9218
29.94	-2.9219
29.94	-2.9218
29.93	-2.9219
29.93	-2.9216
29.93	-2.9218
29.93	-2.9218
29.93	-2.9218
29.93	-2.9218
29.92	-2.9217
29.92	-2.9218
29.91	-2.9219
29.91	-2.9216
29.91	-2.9218
29.90	-2.9217
29.90	-2.9217
29.90	-2.9216
29.90	-2.9216
29.90	-2.9215
29.89	-2.9216
29.89	-2.9215
29.89	-2.9214
29.89	-2.9214
29.89	-2.9214
29.88	-2.9215
29.88	-2.9215
29.88	-2.9214
29.88	-2.9214
29.87	-2.9214
29.87	-2.9215
29.87	-2.9214
29.87	-2.9213
29.87	-2.9213
29.87	-2.9214
29.86	-2.9213
29.86	-2.9213
29.85	-2.9212
29.85	-2.9214
29.85	-2.9214
29.84	-2.9211
29.84	-2.9212
29.84	-2.9211
29.84	-2.9212
29.84	-2.9211
29.83	-2.9212
29.83	-2.9211
29.83	-2.9211
29.82	-2.9212
29.82	-2.9211
29.82	-2.9213
29.82	-2.9211
29.82	-2.9212
29.81	-2.9212
29.81	-2.9213
29.81	-2.9212
29.81	-2.9212
29.80	-2.9211
29.80	-2.9211
29.79	-2.9209
29.79	-2.9209
29.79	-2.9210
29.78	-2.9209
29.78	-2.9211
29.79	-2.9209
29.78	-2.9210
29.78	-2.9210
29.78	-2.9210
29.78	-2.9208
29.78	-2.9208
29.77	-2.9208
29.77	-2.9207
29.77	-2.9207
29.77	-2.9204
29.76	-2.9207
29.76	-2.9206
29.76	-2.9205
29.75	-2.9207
29.75	-2.9205
29.75	-2.9206
29.75	-2.9204
29.74	-2.9207
29.74	-2.9203
29.73	-2.9205
29.73	-2.9202
29.73	-2.9203
29.74	-2.9203
29.73	-2.9204
29.73	-2.9203
29.73	-2.9203
29.73	-2.9203
29.72	-2.9201
29.72	-2.9203
29.71	-2.9200
29.71	-2.9201
29.71	-2.9199
29.70	-2.9200
29.70	-2.9200
29.70	-2.9200
29.69	-2.9200
29.69	-2.9200
29.69	-2.9201
29.69	-2.9200
29.69	-2.9200
29.68	-2.9199
29.68	-2.9200
29.68	-2.9199
29.68	-2.9200
29.68	-2.9199
29.68	-2.9198
29.68	-2.9199
29.67	-2.9200
29.67	-2.9199
29.67	-2.9200
29.67	-2.9199
29.67	-2.9200
29.66	-2.9197
29.66	-2.9197
29.65	-2.9198
29.65	-2.9198
29.65	-2.9198
29.65	-2.9196
29.65	-2.9198
29.64	-2.9196
29.64	-2.9196
29.64	-2.9196
29.63	-2.9195
29.63	-2.9195
29.63	-2.9196
29.63	-2.9194
29.62	-2.9193
29.62	-2.9194
29.62	-2.9192
29.62	-2.9193
29.61	-2.9193
29.61	-2.9193
29.61	-2.9192
29.61	-2.9192
29.61	-2.9192
29.60	-2.9193
29.60	-2.9191
29.60	-2.9192
29.60	-2.9191
29.59	-2.9191
29.59	-2.9192
29.59	-2.9191
29.59	-2.9189
29.58	-2.9189
29.58	-2.9189
29.57	-2.9190
29.57	-2.9190
29.57	-2.9187
29.57	-2.9188
29.57	-2.9187
29.57	-2.9189
29.57	-2.9186
29.56	-2.9187
29.56	-2.9184
29.56	-2.9186
29.55	-2.9186
29.55	-2.9185
29.55	-2.9185
29.54	-2.9185
29.54	-2.9185
29.54	-2.9185
29.54	-2.9184
29.54	-2.9183
29.53	-2.9182
29.53	-2.9182
29.53	-2.9182
29.53	-2.9181
29.52	-2.9181
29.52	-2.9182
29.52	-2.9181
29.52	-2.9182
29.51	-2.9180
29.51	-2.9181
29.50	-2.9181
29.50	-2.9178
29.50	-2.9181
29.50	-2.9181
29.50	-2.9179
29.50	-2.9181
29.49	-2.9181
29.49	-2.9182
29.48	-2.9179
29.48	-2.9178
29.48	-2.9179
29.48	-2.9177
29.47	-2.9178
29.47	-2.9177
29.47	-2.9178
29.47	-2.9177
29.47	-2.9177
29.46	-2.9176
29.46	-2.9174
29.46	-2.9175
29.46	-2.9176
29.45	-2.9175
29.45	-2.9176
29.45	-2.9174
29.45	-2.9174
29.45	-2.9175
29.45	-2.9173
29.44	-2.9172
29.44	-2.9172
29.43	-2.9170
29.43	-2.9170
29.43	-2.9171
29.43	-2.9170
29.43	-2.9169
29.43	-2.9169
29.43	-2.9168
29.42	-2.9169
29.42	-2.9168
29.42	-2.9167
29.41	-2.9167
29.41	-2.9167
29.40	-2.9166
29.40	-2.9166
29.40	-2.9167
29.40	-2.9168
29.40	-2.9166
29.39	-2.9166
29.39	-2.9166
29.39	-2.9165
29.39	-2.9166
29.38	-2.9166
29.38	-2.9166
29.38	-2.9165
29.38	-2.9167
29.38	-2.9165
29.37	-2.9165
29.37	-2.9163
29.37	-2.9163
29.37	-2.9164
29.37	-2.9164
29.36	-2.9162
29.36	-2.9163
29.36	-2.9162
29.35	-2.9161
29.35	-2.9161
29.35	-2.9160
29.34	-2.9160
29.34	-2.9161
29.33	-2.9158
29.33	-2.9159
29.32	-2.9159
29.32	-2.9159
29.32	-2.9160
29.32	-2.9158
29.32	-2.9157
29.32	-2.9157
29.32	-2.9156
29.32	-2.9157
29.31	-2.9157
29.31	-2.9158
29.31	-2.9157
29.30	-2.9154
29.30	-2.9156
29.30	-2.9156
29.30	-2.9155
29.30	-2.9155
29.29	-2.9154
29.29	-2.9154
29.29	-2.9155
29.28	-2.9152
29.28	-2.9155
29.28	-2.9154
29.28	-2.9153
29.28	-2.9154
29.28	-2.9152
29.28	-2.9152
29.27	-2.9153
29.26	-2.9151
29.26	-2.9149
29.26	-2.9150
29.25	-2.9148
29.25	-2.9148
29.25	-2.9148
29.25	-2.9148
29.25	-2.9146
29.25	-2.9145
29.24	-2.9147
29.24	-2.9146
29.24	-2.9145
29.24	-2.9146
29.23	-2.9143
29.23	-2.9143
29.23	-2.9143
29.23	-2.9143
29.23	-2.9143
29.23	-2.9144
29.23	-2.9142
29.22	-2.9142
29.22	-2.9141
29.22	-2.9142
29.21	-2.9141
29.21	-2.9141
29.20	-2.9141
29.20	-2.9142
29.20	-2.9141
29.20	-2.9139
29.20	-2.9138
29.20	-2.9139
29.19	-2.9140
29.19	-2.9138
29.18	-2.9138
29.18	-2.9137
29.18	-2.9138
29.18	-2.9137
29.17	-2.9138
29.17	-2.9137
29.17	-2.9138
29.17	-2.9137
29.16	-2.9138
29.16	-2.9137
29.15	-2.9136
29.15	-2.9137
29.15	-2.9136
29.15	-2.9135
29.15	-2.9135
29.15	-2.9135
29.15	-2.9135
29.15	-2.9136
29.14	-2.9134
29.14	-2.9134
29.14	-2.9133
29.13	-2.9133
29.13	-2.9133
29.13	-2.9133
29.13	-2.9132
29.13	-2.9132
29.13	-2.9131
29.12	-2.9133
29.12	-2.9131
29.11	-2.9130
29.11	-2.9131
29.11	-2.9131
29.10	-2.9131
29.10	-2.9130
29.10	-2.9129
29.09	-2.9130
29.09	-2.9130
29.09	-2.9129
29.09	-2.9128
29.08	-2.9130
29.08	-2.9127
29.08	-2.9127
29.08	-2.9126
29.08	-2.9127
29.07	-2.9128
29.07	-2.9126
29.07	-2.9128
29.07	-2.9125
29.06	-2.9127
29.06	-2.9126
29.06	-2.9124
29.05	-2.9125
29.05	-2.9125
29.05	-2.9124
29.05	-2.9123
29.05	-2.9124
29.05	-2.9124
29.04	-2.9122
29.04	-2.9122
29.04	-2.9122
29.03	-2.9121
29.03	-2.9122
29.03	-2.9121
29.03	-2.9121
29.03	-2.9119
29.02	-2.9120
29.02	-2.9119
29.02	-2.9118
29.02	-2.9119
29.02	-2.9116
29.01	-2.9118
29.01	-2.9116
29.01	-2.9117
29.00	-2.9116
29.00	-2.9117
29.00	-2.9115
29.00	-2.9115
28.99	-2.9114
28.99	-2.9114
28.99	-2.9113
28.99	-2.9116
28.99	-2.9113
28.99	-2.9113
28.98	-2.9113
28.98	-2.9112
28.97	-2.9111
28.97	-2.9110
28.97	-2.9111
28.97	-2.9109
28.97	-2.9109
28.96	-2.9108
28.96	-2.9109
28.96	-2.9108
28.95	-2.9106
28.95	-2.9106
28.95	-2.9105
28.95	-2.9104
28.94	-2.9104
28.94	-2.9103
28.93	-2.9104
28.93	-2.9105
28.93	-2.9103
28.93	-2.9102
28.93	-2.9103
28.93	-2.9104
28.92	-2.9104
28.92	-2.9103
28.92	-2.9101
28.91	-2.9102
28.91	-2.9103
28.91	-2.9102
28.90	-2.9103
28.90	-2.9103
28.90	-2.9103
28.90	-2.9103
28.90	-2.9103
28.90	-2.9103
28.89	-2.9103
28.89	-2.9102
28.89	-2.9104
28.89	-2.9101
28.88	-2.9102
28.88	-2.9101
28.88	-2.9101
28.87	-2.9102
28.87	-2.9102
28.87	-2.9100
28.87	-2.9099
28.86	-2.9099
28.86	-2.9099
28.86	-2.9100
28.85	-2.9099
28.85	-2.9098
28.85	-2.9097
28.85	-2.9098
28.85	-2.9099
28.85	-2.9099
28.84	-2.9097
28.84	-2.9099
28.84	-2.9099
28.83	-2.9099
28.83	-2.9098
28.83	-2.9099
28.83	-2.9096
28.83	-2.9097
28.82	-2.9096
28.82	-2.9096
28.82	-2.9095
28.82	-2.9093
28.81	-2.9094
28.81	-2.9095
28.80	-2.9094
28.80	-2.9093
28.80	-2.9091
28.80	-2.9093
28.79	-2.9093
28.79	-2.9091
28.79	-2.9092
28.79	-2.9092
28.79	-2.9090
28.79	-2.9092
28.79	-2.9088
28.78	-2.9090
28.78	-2.9089
28.78	-2.9089
28.78	-2.9087
28.77	-2.9087
28.77	-2.9086
28.77	-2.9085
28.77	-2.9085
28.76	-2.9083
28.76	-2.9082
28.76	-2.9084
28.76	-2.9082
28.75	-2.9081
28.75	-2.9081
28.75	-2.9081
28.75	-2.9079
28.75	-2.9077
28.75	-2.9079
28.74	-2.9079
28.74	-2.9077
28.73	-2.9077
28.73	-2.9080
28.73	-2.9077
28.73	-2.9077
28.72	-2.9076
28.72	-2.9075
28.72	-2.9076
28.72	-2.9074
28.71	-2.9075
28.71	-2.9075
28.70	-2.9074
28.70	-2.9072
28.70	-2.9073
28.70	-2.9072
28.70	-2.9073
28.70	-2.9070
28.69	-2.9070
28.69	-2.9073
28.69	-2.9071
28.69	-2.9069
28.68	-2.9069
28.68	-2.9067
28.67	-2.9068
28.67	-2.9066
28.67	-2.9066
28.67	-2.9067
28.67	-2.9067
28.67	-2.9064
28.66	-2.9064
28.66	-2.9062
28.66	-2.9064
28.66	-2.9062
28.65	-2.9064
28.65	-2.9062
28.65	-2.9061
28.65	-2.9061
28.65	-2.9061
28.64	-2.9058
28.64	-2.9059
28.64	-2.9059
28.63	-2.9061
28.63	-2.9060
28.63	-2.9058
28.63	-2.9060
28.63	-2.9058
28.62	-2.9059
28.62	-2.9059
28.62	-2.9057
28.61	-2.9058
28.61	-2.9055
28.61	-2.9057
28.61	-2.9056
28.61	-2.9056
28.61	-2.9055
28.60	-2.9055
28.60	-2.9054
28.59	-2.9053
28.59	-2.9053
28.59	-2.9052
28.58	-2.9054
28.58	-2.9054
28.58	-2.9053
28.57	-2.9053
28.57	-2.9055
28.57	-2.9052
28.57	-2.9053
28.56	-2.9052
28.56	-2.9052
28.56	-2.9053
28.56	-2.9051
28.55	-2.9051
28.55	-2.9052
28.55	-2.9051
28.55	-2.9050
28.55	-2.9052
28.55	-2.9051
28.55	-2.9050
28.54	-2.9050
28.54	-2.9048
28.54	-2.9050
28.54	-2.9050
28.54	-2.9050
28.53	-2.9050
28.53	-2.9050
28.53	-2.9050
28.53	-2.9049
28.52	-2.9049
28.52	-2.9049
28.52	-2.9048
28.51	-2.9049
28.51	-2.9049
28.51	-2.9049
28.50	-2.9047
28.50	-2.9047
28.50	-2.9049
28.50	-2.9047
28.49	-2.9047
28.49	-2.9046
28.49	-2.9047
28.49	-2.9047
28.49	-2.9044
28.49	-2.9045
28.48	-2.9045
28.48	-2.9046
28.48	-2.9045
28.48	-2.9046
28.47	-2.9045
28.47	-2.9044
28.47	-2.9043
28.47	-2.9044
28.46	-2.9043
28.46	-2.9044
28.46	-2.9044
28.45	-2.9043
28.45	-2.9043
28.45	-2.9043
28.45	-2.9043
28.44	-2.9042
28.44	-2.9041
28.43	-2.9042
28.43	-2.9041
28.43	-2.9042
28.43	-2.9043
28.42	-2.9041
28.42	-2.9042
28.42	-2.9041
28.42	-2.9040
28.42	-2.9040
28.42	-2.9041
28.41	-2.9040
28.41	-2.9040
28.41	-2.9040
28.41	-2.9038
28.40	-2.9040
28.40	-2.9041
28.40	-2.9041
28.40	-2.9041
28.40	-2.9040
28.39	-2.9041
28.39	-2.9040
28.39	-2.9039
28.38	-2.9041
28.38	-2.9040
28.38	-2.9038
28.38	-2.9041
28.38	-2.9036
28.37	-2.9038
28.37	-2.9040
28.36	-2.9039
28.36	-2.9040
28.36	-2.9040
28.36	-2.9038
28.35	-2.9038
28.35	-2.9037
28.35	-2.9037
28.35	-2.9037
28.34	-2.9038
28.34	-2.9038
28.34	-2.9037
28.34	-2.9036
28.33	-2.9036
28.33	-2.9037
28.33	-2.9036
28.32	-2.9036
28.32	-2.9036
28.32	-2.9035
28.32	-2.9036
28.31	-2.9036
28.31	-2.9034
28.31	-2.9034
28.30	-2.9035
28.30	-2.9032
28.30	-2.9033
28.30	-2.9032
28.30	-2.9034
28.30	-2.9033
28.29	-2.9031
28.29	-2.9031
28.29	-2.9032
28.28	-2.9033
28.28	-2.9033
28.28	-2.9032
28.28	-2.9031
28.28	-2.9032
28.27	-2.9032
28.27	-2.9033
28.27	-2.9033
28.26	-2.9032
28.27	-2.9033
28.26	-2.9032
28.26	-2.9033
28.26	-2.9032
28.25	-2.9032
28.25	-2.9032
28.25	-2.9032
28.24	-2.9031
28.24	-2.9031
28.24	-2.9030
28.24	-2.9033
28.24	-2.9033
28.23	-2.9031
28.23	-2.9031
28.23	-2.9030
28.23	-2.9031
28.22	-2.9031
28.22	-2.9032
28.22	-2.9032
28.22	-2.9031
28.21	-2.9030
28.21	-2.9031
28.21	-2.9031
28.21	-2.9029
28.20	-2.9028
28.20	-2.9029
28.20	-2.9028
28.20	-2.9028
28.19	-2.9027
28.19	-2.9029
28.19	-2.9025
28.19	-2.9027
28.18	-2.9025
28.18	-2.9025
28.18	-2.9025
28.18	-2.9025
28.17	-2.9026
28.17	-2.9025
28.17	-2.9023
28.16	-2.9025
28.16	-2.9025
28.16	-2.9023
28.16	-2.9024
28.16	-2.9023
28.16	-2.9023
28.15	-2.9023
28.15	-2.9023
28.14	-2.9023
28.14	-2.9022
28.14	-2.9022
28.14	-2.9023
28.13	-2.9022
28.13	-2.9021
28.13	-2.9021
28.13	-2.9020
28.13	-2.9022
28.13	-2.9022
28.12	-2.9021
28.12	-2.9020
28.12	-2.9019
28.12	-2.9020
28.11	-2.9020
28.11	-2.9020
28.11	-2.9019
28.11	-2.9019
28.10	-2.9017
28.10	-2.9019
28.09	-2.9017
28.09	-2.9016
28.09	-2.9018
28.09	-2.9016
28.09	-2.9015
28.09	-2.9015
28.08	-2.9015
28.08	-2.9013
28.08	-2.9014
28.07	-2.9011
28.07	-2.9012
28.07	-2.9013
28.07	-2.9012
28.07	-2.9011
28.06	-2.9012
28.06	-2.9011
28.06	-2.9012
28.05	-2.9011
28.05	-2.9011
28.05	-2.9011
28.05	-2.9008
28.05	-2.9010
28.05	-2.9010
28.04	-2.9009
28.04	-2.9008
28.04	-2.9008
28.04	-2.9008
28.03	-2.9008
28.03	-2.9008
28.03	-2.9008
28.03	-2.9008
28.03	-2.9006
28.02	-2.9006
28.02	-2.9005
28.02	-2.9004
28.02	-2.9004
28.01	-2.9003
28.01	-2.9003
28.00	-2.9002
28.00	-2.9002
28.00	-2.9001
27.99	-2.9001
27.99	-2.9000
27.99	-2.9001
27.99	-2.9000
27.99	-2.8999
27.98	-2.8999
27.98	-2.8998
27.98	-2.8999
27.98	-2.8997
27.98	-2.8996
27.97	-2.8997
27.97	-2.8997
27.97	-2.8996
27.96	-2.8996
27.96	-2.8997
27.96	-2.8997
27.96	-2.8996
27.95	-2.8995
27.94	-2.8995
27.94	-2.8994
27.93	-2.8994
27.93	-2.8993
27.93	-2.8993
27.93	-2.8993
27.93	-2.8993
27.93	-2.8992
27.93	-2.8991
27.93	-2.8992
27.93	-2.8991
27.93	-2.8992
27.93	-2.8989
27.93	-2.8990
27.93	-2.8990
27.93	-2.8992
27.92	-2.8990
27.92	-2.8990
27.91	-2.8991
27.91	-2.8990
27.91	-2.8987
27.90	-2.8989
27.90	-2.8986
27.89	-2.8988
27.89	-2.8988
27.89	-2.8989
27.89	-2.8989
27.89	-2.8988
27.88	-2.8988
27.88	-2.8988
27.88	-2.8986
27.88	-2.8985
27.88	-2.8987
27.88	-2.8987
27.87	-2.8985
27.87	-2.8985
27.87	-2.8984
27.86	-2.8984
27.85	-2.8984
27.85	-2.8983
27.85	-2.8982
27.85	-2.8980
27.85	-2.8981
27.84	-2.8979
27.84	-2.8981
27.84	-2.8981
27.84	-2.8980
27.83	-2.8977
27.83	-2.8981
27.83	-2.8976
27.83	-2.8976
27.83	-2.8979
27.82	-2.8977
27.82	-2.8977
27.82	-2.8977
27.82	-2.8975
27.81	-2.8976
27.81	-2.8975
27.80	-2.8975
27.80	-2.8973
27.80	-2.8973
27.80	-2.8974
27.80	-2.8972
27.80	-2.8972
27.80	-2.8974
27.80	-2.8973
27.79	-2.8972
27.78	-2.8973
27.78	-2.8970
27.78	-2.8971
27.78	-2.8971
27.78	-2.8972
27.78	-2.8971
27.78	-2.8971
27.77	-2.8969
27.77	-2.8970
27.77	-2.8970
27.77	-2.8970
27.76	-2.8968
27.76	-2.8970
27.76	-2.8967
27.75	-2.8968
27.75	-2.8968
27.75	-2.8967
27.75	-2.8968
27.75	-2.8965
27.74	-2.8965
27.74	-2.8964
27.74	-2.8964
27.74	-2.8964
27.74	-2.8964
27.73	-2.8964
27.73	-2.8964
27.73	-2.8962
27.72	-2.8962
27.71	-2.8962
27.71	-2.8962
27.71	-2.8961
27.71	-2.8961
27.71	-2.8961
27.70	-2.8962
27.70	-2.8961
27.70	-2.8961
27.70	-2.8961
27.69	-2.8959
27.69	-2.8960
27.69	-2.8960
27.69	-2.8959
27.69	-2.8959
27.68	-2.8960
27.68	-2.8959
27.68	-2.8958
27.68	-2.8958
27.68	-2.8958
27.67	-2.8958
27.67	-2.8957
27.67	-2.8956
27.66	-2.8955
27.66	-2.8953
27.66	-2.8953
27.66	-2.8954
27.66	-2.8953
27.65	-2.8954
27.65	-2.8952
27.65	-2.8952
27.65	-2.8950
27.64	-2.8950
27.64	-2.8948
27.63	-2.8949
27.63	-2.8949
27.63	-2.8949
27.63	-2.8948
27.62	-2.8947
27.62	-2.8949
27.62	-2.8947
27.62	-2.8947
27.62	-2.8946
27.61	-2.8946
27.61	-2.8945
27.61	-2.8945
27.60	-2.8945
27.60	-2.8945
27.59	-2.8944
27.59	-2.8945
27.59	-2.8942
27.59	-2.8942
27.59	-2.8943
27.59	-2.8942
27.58	-2.8943
27.58	-2.8942
27.58	-2.8941
27.58	-2.8941
27.58	-2.8940
27.57	-2.8939
27.57	-2.8939
27.57	-2.8939
27.57	-2.8938
27.56	-2.8939
27.56	-2.8938
27.55	-2.8939
27.55	-2.8938
27.55	-2.8936
27.55	-2.8938
27.55	-2.8936
27.55	-2.8935
27.55	-2.8936
27.54	-2.8935
27.54	-2.8935
27.54	-2.8934
27.54	-2.8935
27.53	-2.8935
27.53	-2.8936
27.53	-2.8934
27.52	-2.8933
27.52	-2.8932
27.52	-2.8932
27.52	-2.8933
27.52	-2.8932
27.51	-2.8932
27.51	-2.8931
27.51	-2.8930
27.50	-2.8930
27.50	-2.8929
27.50	-2.8930
27.50	-2.8928
27.49	-2.8928
27.49	-2.8927
27.49	-2.8927
27.49	-2.8926
27.48	-2.8926
27.48	-2.8926
27.48	-2.8924
27.48	-2.8924
27.47	-2.8922
27.47	-2.8922
27.47	-2.8921
27.47	-2.8922
27.46	-2.8919
27.46	-2.8921
27.45	-2.8919
27.45	-2.8918
27.45	-2.8918
27.45	-2.8917
27.45	-2.8917
27.45	-2.8918
27.45	-2.8918
27.45	-2.8917
27.44	-2.8917
27.44	-2.8915
27.44	-2.8917
27.43	-2.8916
27.43	-2.8916
27.43	-2.8915
27.43	-2.8915
27.42	-2.8915
27.42	-2.8914
27.42	-2.8915
27.41	-2.8914
27.41	-2.8913
27.41	-2.8914
27.41	-2.8912
27.41	-2.8912
27.40	-2.8912
27.40	-2.8912
27.40	-2.8912
27.40	-2.8913
27.39	-2.8912
27.39	-2.8911
27.38	-2.8912
27.38	-2.8910
27.38	-2.8909
27.38	-2.8908
27.38	-2.8908
27.38	-2.8909
27.37	-2.8909
27.37	-2.8908
27.37	-2.8909
27.37	-2.8909
27.36	-2.8908
27.36	-2.8910
27.36	-2.8907
27.36	-2.8908
27.35	-2.8907
27.35	-2.8907
27.35	-2.8906
27.34	-2.8907
27.34	-2.8905
27.34	-2.8907
27.34	-2.8905
27.34	-2.8904
27.33	-2.8904
27.33	-2.8904
27.33	-2.8905
27.32	-2.8903
27.32	-2.8904
27.32	-2.8902
27.32	-2.8902
27.31	-2.8902
27.31	-2.8903
27.31	-2.8902
27.31	-2.8902
27.30	-2.8900
27.30	-2.8901
27.30	-2.8900
27.30	-2.8899
27.30	-2.8900
27.30	-2.8898
27.29	-2.8899
27.28	-2.8897
27.28	-2.8898
27.28	-2.8895
27.28	-2.8897
27.28	-2.8897
27.28	-2.8895
27.28	-2.8896
27.27	-2.8894
27.27	-2.8895
27.26	-2.8893
27.26	-2.8892
27.25	-2.8894
27.25	-2.8892
27.25	-2.8892
27.25	-2.8892
27.25	-2.8890
27.24	-2.8888
27.24	-2.8891
27.24	-2.8889
27.24	-2.8888
27.24	-2.8889
27.24	-2.8889
27.23	-2.8887
27.23	-2.8886
27.22	-2.8888
27.22	-2.8886
27.22	-2.8887
27.21	-2.8887
27.21	-2.8886
27.21	-2.8886
27.21	-2.8884
27.21	-2.8884
27.21	-2.8883
27.21	-2.8882
27.20	-2.8882
27.20	-2.8881
27.20	-2.8883
27.20	-2.8879
27.20	-2.8879
27.20	-2.8879
27.19	-2.8880
27.19	-2.8878
27.19	-2.8877
27.18	-2.8877
27.18	-2.8878
27.18	-2.8877
27.17	-2.8877
27.17	-2.8876
27.17	-2.8877
27.17	-2.8876
27.16	-2.8876
27.16	-2.8874
27.16	-2.8875
27.16	-2.8876
27.15	-2.8874
27.15	-2.8875
27.15	-2.8873
27.15	-2.8874
27.15	-2.8874
27.15	-2.8873
27.14	-2.8873
27.13	-2.8873
27.13	-2.8872
27.13	-2.8873
27.13	-2.8871
27.12	-2.8872
27.12	-2.8871
27.12	-2.8870
27.12	-2.8871
27.11	-2.8869
27.11	-2.8869
27.11	-2.8869
27.11	-2.8871
27.10	-2.8870
27.10	-2.8870
27.09	-2.8869
27.09	-2.8870
27.09	-2.8869
27.09	-2.8868
27.09	-2.8868
27.08	-2.8869
27.08	-2.8869
27.08	-2.8867
27.07	-2.8868
27.07	-2.8869
27.07	-2.8868
27.07	-2.8869
27.07	-2.8867
27.07	-2.8868
27.06	-2.8867
27.06	-2.8867
27.06	-2.8867
27.05	-2.8866
27.05	-2.8865
27.05	-2.8865
27.05	-2.8866
27.05	-2.8866
27.04	-2.8866
27.04	-2.8864
27.04	-2.8865
27.04	-2.8865
27.03	-2.8866
27.03	-2.8865
27.03	-2.8866
27.03	-2.8862
27.02	-2.8863
27.02	-2.8864
27.02	-2.8864
27.02	-2.8865
27.01	-2.8862
27.00	-2.8863
27.00	-2.8864
27.00	-2.8861
27.00	-2.8863
27.00	-2.8863
27.00	-2.8862
27.00	-2.8862
27.00	-2.8862
27.00	-2.8862
26.99	-2.8861
26.99	-2.8860
26.99	-2.8860
26.98	-2.8860
26.98	-2.8861
26.98	-2.8860
26.97	-2.8860
26.97	-2.8860
26.98	-2.8859
26.98	-2.8859
26.98	-2.8856
26.97	-2.8857
26.97	-2.8859
26.96	-2.8858
26.96	-2.8859
26.96	-2.8858
26.95	-2.8858
26.95	-2.8858
26.95	-2.8859
26.95	-2.8859
26.94	-2.8858
26.94	-2.8860
26.94	-2.8858
26.93	-2.8858
26.93	-2.8858
26.93	-2.8857
26.93	-2.8857
26.93	-2.8857
26.93	-2.8859
26.92	-2.8857
26.92	-2.8857
26.92	-2.8857
26.91	-2.8857
26.91	-2.8857
26.91	-2.8855
26.91	-2.8857
26.90	-2.8857
26.90	-2.8858
26.90	-2.8856
26.90	-2.8857
26.90	-2.8856
26.89	-2.8856
26.89	-2.8855
26.89	-2.8856
26.88	-2.8856
26.88	-2.8857
26.88	-2.8857
26.88	-2.8856
26.88	-2.8857
26.88	-2.8856
26.87	-2.8856
26.87	-2.8858
26.86	-2.8856
26.86	-2.8857
26.86	-2.8855
26.86	-2.8856
26.85	-2.8857
26.85	-2.8856
26.84	-2.8856
26.84	-2.8856
26.84	-2.8856
26.84	-2.8855
26.84	-2.8857
26.83	-2.8855
26.83	-2.8856
26.83	-2.8855
26.83	-2.8855
26.82	-2.8855
26.82	-2.8855
26.82	-2.8854
26.82	-2.8853
26.82	-2.8852
26.81	-2.8854
26.81	-2.8854
26.80	-2.8854
26.80	-2.8852
26.80	-2.8853
26.80	-2.8854
26.80	-2.8853
26.80	-2.8853
26.79	-2.8854
26.79	-2.8852
26.79	-2.8851
26.78	-2.8850
26.78	-2.8851
26.78	-2.8850
26.78	-2.8851
26.78	-2.8849
26.78	-2.8851
26.78	-2.8849
26.77	-2.8849
26.77	-2.8849
26.76	-2.8847
26.76	-2.8849
26.76	-2.8848
26.76	-2.8848
26.76	-2.8848
26.75	-2.8848
26.75	-2.8848
26.75	-2.8848
26.75	-2.8848
26.74	-2.8848
26.74	-2.8848
26.74	-2.8848
26.73	-2.8846
26.73	-2.8847
26.72	-2.8848
26.72	-2.8848
26.72	-2.8849
26.72	-2.8847
26.72	-2.8847
26.72	-2.8845
26.72	-2.8849
26.71	-2.8845
26.71	-2.8846
26.71	-2.8846
26.70	-2.8848
26.70	-2.8845
26.70	-2.8846
26.70	-2.8846
26.70	-2.8845
26.69	-2.8847
26.69	-2.8845
26.69	-2.8846
26.69	-2.8845
26.69	-2.8845
26.68	-2.8846
26.68	-2.8845
26.67	-2.8846
26.67	-2.8845
26.67	-2.8845
26.67	-2.8846
26.66	-2.8846
26.66	-2.8845
26.66	-2.8846
26.66	-2.8844
26.66	-2.8844
26.65	-2.8845
26.65	-2.8844
26.65	-2.8845
26.65	-2.8844
26.65	-2.8843
26.64	-2.8845
26.64	-2.8845
26.63	-2.8842
26.63	-2.8844
26.63	-2.8843
26.63	-2.8845
26.63	-2.8843
26.63	-2.8843
26.63	-2.8844
26.62	-2.8843
26.62	-2.8843
26.62	-2.8844
26.61	-2.8843
26.61	-2.8843
26.61	-2.8843
26.60	-2.8842
26.60	-2.8842
26.60	-2.8843
26.59	-2.8842
26.59	-2.8842
26.59	-2.8841
26.59	-2.8842
26.59	-2.8841
26.59	-2.8841
26.58	-2.8841
26.58	-2.8839
26.57	-2.8841
26.57	-2.8840
26.57	-2.8840
26.57	-2.8838
26.57	-2.8839
26.56	-2.8838
26.56	-2.8838
26.56	-2.8839
26.56	-2.8837
26.55	-2.8839
26.55	-2.8836
26.55	-2.8838
26.55	-2.8838
26.55	-2.8835
26.54	-2.8838
26.54	-2.8835
26.54	-2.8836
26.54	-2.8837
26.53	-2.8835
26.53	-2.8835
26.53	-2.8834
26.52	-2.8832
26.51	-2.8833
26.51	-2.8834
26.51	-2.8833
26.50	-2.8832
26.50	-2.8834
26.50	-2.8833
26.51	-2.8832
26.51	-2.8833
26.50	-2.8832
26.50	-2.8831
26.50	-2.8830
26.50	-2.8831
26.49	-2.8831
26.49	-2.8831
26.49	-2.8829
26.49	-2.8830
26.49	-2.8829
26.48	-2.8828
26.48	-2.8828
26.48	-2.8828
26.47	-2.8829
26.47	-2.8828
26.46	-2.8827
26.46	-2.8828
26.46	-2.8826
26.46	-2.8826
26.45	-2.8827
26.45	-2.8823
26.45	-2.8825
26.45	-2.8823
26.44	-2.8822
26.44	-2.8821
26.44	-2.8821
26.44	-2.8821
26.44	-2.8821
26.43	-2.8817
26.43	-2.8820
26.43	-2.8819
26.43	-2.8819
26.43	-2.8818
26.43	-2.8818
26.42	-2.8817
26.42	-2.8817
26.42	-2.8816
26.41	-2.8817
26.41	-2.8817
26.41	-2.8813
26.41	-2.8814
26.40	-2.8813
26.40	-2.8813
26.40	-2.8813
26.40	-2.8811
26.39	-2.8808
26.39	-2.8810
26.39	-2.8808
26.39	-2.8808
26.38	-2.8806
26.38	-2.8806
26.38	-2.8805
26.38	-2.8805
26.38	-2.8806
26.38	-2.8804
26.37	-2.8805
26.37	-2.8804
26.36	-2.8804
26.36	-2.8805
26.36	-2.8803
26.36	-2.8802
26.35	-2.8802
26.34	-2.8803
26.34	-2.8803
26.34	-2.8802
26.34	-2.8802
26.34	-2.8801
26.34	-2.8801
26.34	-2.8799
26.34	-2.8800
26.33	-2.8800
26.33	-2.8799
26.32	-2.8799
26.32	-2.8798
26.32	-2.8797
26.32	-2.8796
26.31	-2.8796
26.31	-2.8796
26.31	-2.8794
26.30	-2.8795
26.30	-2.8793
26.30	-2.8792
26.30	-2.8792
26.30	-2.8793
26.30	-2.8792
26.29	-2.8793
26.29	-2.8791
26.29	-2.8793
26.29	-2.8792
26.28	-2.8791
26.28	-2.8791
26.28	-2.8792
26.28	-2.8792
26.27	-2.8790
26.27	-2.8790
26.27	-2.8789
26.26	-2.8789
26.26	-2.8787
26.26	-2.8787
26.26	-2.8786
26.26	-2.8787
26.25	-2.8787
26.25	-2.8786
26.25	-2.8785
26.25	-2.8785
26.25	-2.8784
26.24	-2.8784
26.24	-2.8784
26.23	-2.8783
26.23	-2.8782
26.23	-2.8782
26.23	-2.8781
26.23	-2.8779
26.22	-2.8780
26.22	-2.8780
26.22	-2.8780
26.22	-2.8780
26.22	-2.8779
26.21	-2.8780
26.21	-2.8780
26.21	-2.8777
26.20	-2.8776
26.20	-2.8776
26.20	-2.8776
26.20	-2.8776
26.20	-2.8777
26.19	-2.8775
26.19	-2.8774
26.18	-2.8773
26.18	-2.8773
26.18	-2.8774
26.18	-2.8773
26.17	-2.8773
26.17	-2.8773
26.17	-2.8772
26.17	-2.8771
26.16	-2.8770
26.16	-2.8771
26.16	-2.8771
26.16	-2.8770
26.15	-2.8770
26.15	-2.8769
26.15	-2.8769
26.15	-2.8769
26.15	-2.8768
26.15	-2.8766
26.14	-2.8768
26.14	-2.8766
26.13	-2.8765
26.13	-2.8765
26.13	-2.8766
26.13	-2.8764
26.13	-2.8763
26.13	-2.8763
26.12	-2.8764
26.12	-2.8764
26.12	-2.8763
26.11	-2.8764
26.11	-2.8761
26.11	-2.8762
26.11	-2.8762
26.11	-2.8761
26.10	-2.8761
26.10	-2.8761
26.09	-2.8760
26.09	-2.8759
26.09	-2.8759
26.09	-2.8759
26.09	-2.8759
26.09	-2.8757
26.09	-2.8759
26.08	-2.8756
26.08	-2.8758
26.07	-2.8756
26.07	-2.8757
26.07	-2.8754
26.07	-2.8754
26.07	-2.8751
26.07	-2.8752
26.06	-2.8753
26.06	-2.8752
26.05	-2.8751
26.05	-2.8751
26.05	-2.8751
26.05	-2.8751
26.05	-2.8749
26.05	-2.8750
26.05	-2.8750
26.05	-2.8747
26.04	-2.8748
26.04	-2.8746
26.04	-2.8746
26.04	-2.8745
26.03	-2.8744
26.03	-2.8743
26.03	-2.8743
26.03	-2.8742
26.02	-2.8743
26.02	-2.8741
26.02	-2.8741
26.01	-2.8742
26.01	-2.8739
26.00	-2.8740
26.00	-2.8739
26.00	-2.8739
26.00	-2.8739
26.00	-2.8739
25.99	-2.8738
25.99	-2.8736
25.99	-2.8737
25.99	-2.8738
25.99	-2.8736
25.98	-2.8736
25.98	-2.8737
25.98	-2.8734
25.97	-2.8736
25.97	-2.8734
25.97	-2.8734
25.97	-2.8733
25.97	-2.8733
25.96	-2.8733
25.96	-2.8733
25.96	-2.8734
25.95	-2.8731
25.95	-2.8732
25.95	-2.8731
25.95	-2.8732
25.95	-2.8731
25.94	-2.8731
25.94	-2.8731
25.93	-2.8730
25.93	-2.8730
25.93	-2.8728
25.93	-2.8728
25.93	-2.8731
25.93	-2.8730
25.92	-2.8728
25.92	-2.8728
25.91	-2.8728
25.91	-2.8728
25.91	-2.8728
25.91	-2.8727
25.91	-2.8729
25.90	-2.8726
25.90	-2.8726
25.90	-2.8725
25.90	-2.8725
25.90	-2.8724
25.89	-2.8727
25.89	-2.8724
25.89	-2.8724
25.89	-2.8722
25.88	-2.8724
25.88	-2.8724
25.88	-2.8721
25.87	-2.8721
25.87	-2.8721
25.87	-2.8721
25.87	-2.8721
25.86	-2.8720
25.86	-2.8721
25.86	-2.8720
25.85	-2.8718
25.85	-2.8718
25.85	-2.8716
25.85	-2.8718
25.84	-2.8718
25.84	-2.8716
25.84	-2.8716
25.84	-2.8715
25.83	-2.8713
25.83	-2.8714
25.83	-2.8714
25.83	-2.8712
25.82	-2.8712
25.82	-2.8711
25.82	-2.8711
25.82	-2.8711
25.82	-2.8711
25.81	-2.8711
25.81	-2.8709
25.80	-2.8709
25.80	-2.8707
25.80	-2.8707
25.80	-2.8708
25.80	-2.8707
25.80	-2.8707
25.79	-2.8707
25.79	-2.8707
25.78	-2.8706
25.78	-2.8707
25.78	-2.8704
25.78	-2.8706
25.78	-2.8706
25.77	-2.8703
25.77	-2.8704
25.77	-2.8703
25.77	-2.8703
25.77	-2.8701
25.77	-2.8702
25.76	-2.8700
25.76	-2.8701
25.75	-2.8702
25.75	-2.8701
25.75	-2.8700
25.75	-2.8700
25.75	-2.8699
25.75	-2.8699
25.74	-2.8697
25.74	-2.8699
25.74	-2.8698
25.74	-2.8697
25.73	-2.8697
25.73	-2.8697
25.73	-2.8695
25.73	-2.8695
25.73	-2.8694
25.72	-2.8694
25.72	-2.8694
25.72	-2.8694
25.71	-2.8693
25.71	-2.8693
25.70	-2.8694
25.70	-2.8693
25.70	-2.8691
25.70	-2.8692
25.70	-2.8693
25.70	-2.8692
25.70	-2.8692
25.69	-2.8693
25.69	-2.8693
25.69	-2.8692
25.68	-2.8692
25.68	-2.8689
25.68	-2.8691
25.68	-2.8689
25.67	-2.8689
25.67	-2.8689
25.67	-2.8690
25.67	-2.8689
25.66	-2.8689
25.66	-2.8688
25.66	-2.8688
25.66	-2.8689
25.65	-2.8688
25.65	-2.8687
25.65	-2.8685
25.65	-2.8687
25.64	-2.8686
25.64	-2.8683
25.64	-2.8684
25.64	-2.8685
25.63	-2.8683
25.63	-2.8682
25.63	-2.8683
25.63	-2.8681
25.63	-2.8683
25.62	-2.8681
25.62	-2.8682
25.62	-2.8682
25.61	-2.8681
25.61	-2.8680
25.60	-2.8679
25.60	-2.8681
25.60	-2.8679
25.60	-2.8679
25.59	-2.8681
25.59	-2.8680
25.59	-2.8680
25.59	-2.8679
25.58	-2.8678
25.58	-2.8679
25.58	-2.8678
25.58	-2.8678
25.57	-2.8678
25.57	-2.8677
25.57	-2.8677
25.57	-2.8676
25.57	-2.8677
25.57	-2.8676
25.57	-2.8677
25.57	-2.8675
25.57	-2.8677
25.56	-2.8676
25.56	-2.8676
25.56	-2.8676
25.55	-2.8675
25.55	-2.8676
25.55	-2.8676
25.54	-2.8676
25.54	-2.8674
25.53	-2.8674
25.53	-2.8674
25.53	-2.8675
25.53	-2.8675
25.53	-2.8674
25.53	-2.8674
25.52	-2.8673
25.51	-2.8674
25.51	-2.8675
25.51	-2.8674
25.51	-2.8674
25.51	-2.8674
25.50	-2.8674
25.50	-2.8673
25.50	-2.8672
25.50	-2.8674
25.50	-2.8673
25.50	-2.8673
25.49	-2.8673
25.49	-2.8675
25.49	-2.8674
25.49	-2.8676
25.48	-2.8674
25.48	-2.8674
25.48	-2.8676
25.48	-2.8672
25.47	-2.8675
25.47	-2.8674
25.47	-2.8674
25.47	-2.8675
25.46	-2.8674
25.46	-2.8674
25.46	-2.8674
25.45	-2.8673
25.45	-2.8673
25.45	-2.8675
25.45	-2.8672
25.45	-2.8672
25.44	-2.8671
25.43	-2.8672
25.43	-2.8672
25.43	-2.8672
25.43	-2.8672
25.43	-2.8672
25.43	-2.8671
25.42	-2.8673
25.42	-2.8672
25.42	-2.8673
25.41	-2.8671
25.41	-2.8671
25.41	-2.8669
25.41	-2.8672
25.41	-2.8670
25.40	-2.8670
25.40	-2.8670
25.40	-2.8669
25.40	-2.8667
25.39	-2.8668
25.39	-2.8670
25.39	-2.8670
25.38	-2.8668
25.38	-2.8669
25.38	-2.8669
25.38	-2.8667
25.38	-2.8668
25.37	-2.8667
25.37	-2.8667
25.37	-2.8667
25.37	-2.8667
25.36	-2.8666
25.36	-2.8666
25.36	-2.8667
25.36	-2.8666
25.35	-2.8669
25.35	-2.8666
25.35	-2.8668
25.35	-2.8665
25.34	-2.8667
25.34	-2.8666
25.34	-2.8667
25.34	-2.8667
25.34	-2.8666
25.33	-2.8666
25.33	-2.8666
25.33	-2.8666
25.33	-2.8665
25.32	-2.8667
25.32	-2.8666
25.31	-2.8666
25.31	-2.8664
25.31	-2.8664
25.30	-2.8663
25.30	-2.8663
25.30	-2.8663
25.29	-2.8662
25.29	-2.8661
25.30	-2.8662
25.30	-2.8662
25.29	-2.8662
25.29	-2.8662
25.28	-2.8663
25.28	-2.8661
25.28	-2.8662
25.28	-2.8661
25.28	-2.8660
25.28	-2.8663
25.28	-2.8661
25.27	-2.8662
25.27	-2.8661
25.27	-2.8661
25.27	-2.8662
25.26	-2.8659
25.25	-2.8660
25.25	-2.8659
25.25	-2.8660
25.25	-2.8659
25.25	-2.8658
25.25	-2.8659
25.25	-2.8659
25.24	-2.8657
25.23	-2.8657
25.23	-2.8657
25.23	-2.8657
25.23	-2.8657
25.23	-2.8655
25.23	-2.8657
25.23	-2.8656
25.22	-2.8657
25.22	-2.8657
25.22	-2.8655
25.21	-2.8656
25.21	-2.8657
25.21	-2.8655
25.20	-2.8657
25.20	-2.8658
25.20	-2.8656
25.20	-2.8654
25.20	-2.8657
25.20	-2.8655
25.20	-2.8655
25.19	-2.8655
25.19	-2.8655
25.19	-2.8655
25.18	-2.8653
25.18	-2.8654
25.18	-2.8653
25.18	-2.8654
25.18	-2.8655
25.17	-2.8652
25.17	-2.8652
25.17	-2.8653
25.17	-2.8653
25.16	-2.8652
25.16	-2.8652
25.16	-2.8652
25.15	-2.8651
25.15	-2.8652
25.15	-2.8650
25.15	-2.8652
25.14	-2.8650
25.14	-2.8651
25.14	-2.8648
25.14	-2.8649
25.13	-2.8649
25.13	-2.8649
25.13	-2.8649
25.13	-2.8649
25.13	-2.8649
25.13	-2.8649
25.12	-2.8648
25.12	-2.8647
25.12	-2.8647
25.11	-2.8649
25.11	-2.8647
25.11	-2.8647
25.11	-2.8648
25.11	-2.8645
25.10	-2.8646
25.10	-2.8645
25.09	-2.8647
25.09	-2.8645
25.09	-2.8644
25.09	-2.8642
25.08	-2.8643
25.08	-2.8643
25.08	-2.8640
25.07	-2.8641
25.07	-2.8643
25.07	-2.8641
25.07	-2.8641
25.07	-2.8639
25.06	-2.8639
25.06	-2.8640
25.06	-2.8640
25.05	-2.8640
25.05	-2.8639
25.05	-2.8640
25.05	-2.8637
25.05	-2.8639
25.04	-2.8639
25.04	-2.8636
25.04	-2.8637
25.04	-2.8637
25.03	-2.8637
25.03	-2.8635
25.03	-2.8635
25.03	-2.8636
25.03	-2.8636
25.02	-2.8635
25.02	-2.8633
25.02	-2.8632
25.01	-2.8632
25.01	-2.8632
25.01	-2.8633
25.01	-2.8632
25.01	-2.8633
25.00	-2.8632
25.00	-2.8631
25.00	-2.8631
24.99	-2.8631
24.99	-2.8629
24.99	-2.8629
24.98	-2.8629
24.98	-2.8630
24.98	-2.8629
24.98	-2.8629
24.98	-2.8630
24.98	-2.8629
24.98	-2.8627
24.98	-2.8629
24.97	-2.8628
24.97	-2.8626
24.96	-2.8627
24.96	-2.8628
24.96	-2.8626
24.96	-2.8626
24.95	-2.8626
24.95	-2.8627
24.95	-2.8628
24.95	-2.8625
24.95	-2.8627
24.94	-2.8626
24.94	-2.8626
24.94	-2.8625
24.94	-2.8625
24.93	-2.8624
24.93	-2.8624
24.93	-2.8623
24.93	-2.8623
24.92	-2.8622
24.92	-2.8622
24.92	-2.8621
24.92	-2.8622
24.91	-2.8621
24.91	-2.8621
24.91	-2.8619
24.90	-2.8619
24.90	-2.8618
24.90	-2.8618
24.90	-2.8619
24.89	-2.8619
24.89	-2.8618
24.89	-2.8615
24.89	-2.8615
24.89	-2.8617
24.88	-2.8615
24.88	-2.8615
24.88	-2.8615
24.88	-2.8614
24.87	-2.8614
24.87	-2.8613
24.87	-2.8610
24.87	-2.8613
24.86	-2.8613
24.86	-2.8613
24.86	-2.8611
24.85	-2.8612
24.85	-2.8610
24.85	-2.8611
24.85	-2.8610
24.84	-2.8612
24.84	-2.8611
24.83	-2.8609
24.83	-2.8609
24.83	-2.8607
24.82	-2.8610
24.82	-2.8609
24.82	-2.8608
24.82	-2.8610
24.82	-2.8609
24.82	-2.8607
24.82	-2.8608
24.81	-2.8607
24.81	-2.8606
24.81	-2.8606
24.80	-2.8604
24.80	-2.8606
24.80	-2.8605
24.80	-2.8604
24.80	-2.8605
24.80	-2.8604
24.80	-2.8602
24.79	-2.8602
24.79	-2.8603
24.79	-2.8602
24.79	-2.8602
24.78	-2.8602
24.78	-2.8601
24.78	-2.8600
24.77	-2.8600
24.77	-2.8600
24.77	-2.8600
24.76	-2.8600
24.76	-2.8599
24.75	-2.8599
24.75	-2.8599
24.75	-2.8600
24.75	-2.8599
24.75	-2.8600
24.75	-2.8599
24.75	-2.8598
24.75	-2.8600
24.75	-2.8598
24.74	-2.8598
24.74	-2.8597
24.74	-2.8597
24.73	-2.8597
24.73	-2.8594
24.73	-2.8595
24.73	-2.8595
24.73	-2.8594
24.72	-2.8595
24.72	-2.8594
24.72	-2.8593
24.71	-2.8593
24.71	-2.8593
24.71	-2.8592
24.70	-2.8592
24.70	-2.8592
24.70	-2.8592
24.70	-2.8593
24.70	-2.8592
24.69	-2.8591
24.68	-2.8593
24.68	-2.8592
24.68	-2.8591
24.68	-2.8591
24.68	-2.8591
24.68	-2.8591
24.67	-2.8590
24.67	-2.8589
24.67	-2.8590
24.67	-2.8589
24.67	-2.8590
24.66	-2.8590
24.66	-2.8588
24.66	-2.8590
24.65	-2.8586
24.65	-2.8586
24.65	-2.8586
24.64	-2.8586
24.64	-2.8585
24.64	-2.8584
24.63	-2.8584
24.63	-2.8585
24.63	-2.8583
24.63	-2.8583
24.63	-2.8582
24.63	-2.8582
24.63	-2.8582
24.62	-2.8582
24.62	-2.8582
24.62	-2.8581
24.62	-2.8582
24.61	-2.8578
24.61	-2.8579
24.60	-2.8579
24.60	-2.8577
24.59	-2.8578
24.60	-2.8576
24.59	-2.8577
24.59	-2.8575
24.59	-2.8575
24.59	-2.8574
24.58	-2.8572
24.58	-2.8573
24.58	-2.8570
24.58	-2.8572
24.57	-2.8571
24.57	-2.8568
24.57	-2.8570
24.57	-2.8570
24.57	-2.8567
24.56	-2.8567
24.56	-2.8567
24.56	-2.8567
24.56	-2.8566
24.55	-2.8565
24.55	-2.8566
24.55	-2.8567
24.55	-2.8563
24.55	-2.8564
24.54	-2.8564
24.54	-2.8566
24.54	-2.8565
24.53	-2.8565
24.53	-2.8565
24.53	-2.8566
24.53	-2.8564
24.52	-2.8565
24.52	-2.8565
24.52	-2.8564
24.51	-2.8564
24.51	-2.8565
24.51	-2.8562
24.50	-2.8563
24.50	-2.8562
24.50	-2.8563
24.50	-2.8562
24.50	-2.8561
24.50	-2.8563
24.50	-2.8563
24.49	-2.8561
24.49	-2.8562
24.48	-2.8561
24.48	-2.8560
24.48	-2.8559
24.48	-2.8560
24.48	-2.8562
24.47	-2.8560
24.47	-2.8561
24.47	-2.8559
24.46	-2.8559
24.46	-2.8557
24.45	-2.8558
24.46	-2.8558
24.46	-2.8558
24.45	-2.8555
24.45	-2.8557
24.45	-2.8558
24.45	-2.8556
24.44	-2.8554
24.44	-2.8555
24.43	-2.8554
24.43	-2.8554
24.43	-2.8555
24.43	-2.8554
24.43	-2.8554
24.43	-2.8553
24.43	-2.8551
24.42	-2.8552
24.42	-2.8552
24.42	-2.8552
24.41	-2.8550
24.41	-2.8550
24.41	-2.8551
24.40	-2.8549
24.40	-2.8549
24.40	-2.8548
24.40	-2.8547
24.40	-2.8548
24.39	-2.8546
24.39	-2.8544
24.39	-2.8546
24.39	-2.8546
24.39	-2.8546
24.39	-2.8543
24.38	-2.8544
24.38	-2.8545
24.37	-2.8543
24.37	-2.8541
24.37	-2.8542
24.37	-2.8540
24.36	-2.8542
24.36	-2.8540
24.36	-2.8540
24.36	-2.8538
24.36	-2.8539
24.35	-2.8538
24.35	-2.8536
24.35	-2.8537
24.34	-2.8535
24.34	-2.8533
24.34	-2.8535
24.34	-2.8533
24.33	-2.8531
24.33	-2.8531
24.33	-2.8531
24.33	-2.8529
24.32	-2.8529
24.32	-2.8527
24.32	-2.8528
24.32	-2.8528
24.32	-2.8528
24.31	-2.8526
24.31	-2.8525
24.30	-2.8524
24.30	-2.8525
24.30	-2.8524
24.30	-2.8525
24.30	-2.8524
24.30	-2.8524
24.29	-2.8523
24.29	-2.8523
24.29	-2.8521
24.29	-2.8522
24.29	-2.8522
24.28	-2.8522
24.28	-2.8522
24.28	-2.8522
24.28	-2.8520
24.27	-2.8522
24.27	-2.8521
24.27	-2.8521
24.26	-2.8520
24.26	-2.8518
24.25	-2.8518
24.25	-2.8519
24.25	-2.8517
24.25	-2.8518
24.25	-2.8519
24.24	-2.8517
24.24	-2.8516
24.24	-2.8516
24.23	-2.8517
24.23	-2.8516
24.23	-2.8517
24.23	-2.8517
24.23	-2.8516
24.23	-2.8516
24.22	-2.8516
24.22	-2.8515
24.22	-2.8516
24.22	-2.8516
24.21	-2.8516
24.21	-2.8515
24.21	-2.8515
24.21	-2.8515
24.20	-2.8515
24.20	-2.8514
24.20	-2.8513
24.20	-2.8512
24.20	-2.8511
24.19	-2.8511
24.19	-2.8511
24.19	-2.8511
24.18	-2.8511
24.18	-2.8511
24.18	-2.8511
24.18	-2.8510
24.18	-2.8509
24.18	-2.8510
24.17	-2.8510
24.17	-2.8511
24.17	-2.8511
24.16	-2.8510
24.16	-2.8509
24.15	-2.8509
24.15	-2.8510
24.15	-2.8508
24.15	-2.8510
24.15	-2.8508
24.15	-2.8510
24.14	-2.8509
24.14	-2.8509
24.14	-2.8508
24.13	-2.8506
24.13	-2.8509
24.13	-2.8508
24.13	-2.8509
24.13	-2.8507
24.13	-2.8509
24.13	-2.8507
24.13	-2.8508
24.12	-2.8507
24.12	-2.8507
24.11	-2.8507
24.11	-2.8507
24.11	-2.8507
24.10	-2.8506
24.10	-2.8507
24.09	-2.8506
24.09	-2.8505
24.09	-2.8504
24.09	-2.8505
24.08	-2.8506
24.09	-2.8505
24.09	-2.8505
24.08	-2.8505
24.08	-2.8503
24.07	-2.8505
24.07	-2.8506
24.07	-2.8505
24.06	-2.8505
24.06	-2.8504
24.06	-2.8504
24.06	-2.8504
24.05	-2.8504
24.05	-2.8504
24.05	-2.8504
24.05	-2.8503
24.05	-2.8502
24.05	-2.8502
24.04	-2.8503
24.04	-2.8504
24.04	-2.8502
24.03	-2.8503
24.03	-2.8504
24.03	-2.8504
24.03	-2.8503
24.02	-2.8505
24.02	-2.8503
24.02	-2.8503
24.02	-2.8504
24.02	-2.8504
24.01	-2.8505
24.01	-2.8503
24.01	-2.8503
24.01	-2.8503
24.00	-2.8503
24.00	-2.8504
24.00	-2.8504
23.99	-2.8502
23.99	-2.8502
23.98	-2.8503
23.98	-2.8502
23.98	-2.8503
23.98	-2.8503
23.98	-2.8502
23.97	-2.8502
23.97	-2.8500
23.97	-2.8503
23.97	-2.8500
23.97	-2.8503
23.97	-2.8499
23.96	-2.8500
23.96	-2.8499
23.96	-2.8499
23.95	-2.8499
23.95	-2.8501
23.95	-2.8500
23.95	-2.8500
23.95	-2.8499
23.95	-2.8500
23.94	-2.8501
23.94	-2.8500
23.93	-2.8502
23.93	-2.8501
23.93	-2.8501
23.93	-2.8500
23.93	-2.8502
23.92	-2.8502
23.92	-2.8500
23.92	-2.8501
23.92	-2.8500
23.91	-2.8499
23.91	-2.8500
23.91	-2.8500
23.91	-2.8500
23.91	-2.8499
23.90	-2.8498
23.90	-2.8499
23.90	-2.8498
23.90	-2.8498
23.89	-2.8497
23.89	-2.8496
23.89	-2.8496
23.89	-2.8495
23.88	-2.8495
23.88	-2.8493
23.88	-2.8494
23.88	-2.8495
23.88	-2.8493
23.87	-2.8494
23.87	-2.8494
23.87	-2.8494
23.86	-2.8493
23.85	-2.8492
23.85	-2.8492
23.85	-2.8491
23.85	-2.8493
23.84	-2.8491
23.84	-2.8492
23.84	-2.8490
23.84	-2.8492
23.84	-2.8493
23.84	-2.8490
23.83	-2.8491
23.83	-2.8490
23.83	-2.8490
23.83	-2.8490
23.83	-2.8490
23.82	-2.8490
23.82	-2.8490
23.82	-2.8489
23.82	-2.8489
23.82	-2.8488
23.81	-2.8488
23.81	-2.8487
23.81	-2.8488
23.80	-2.8489
23.80	-2.8487
23.79	-2.8486
23.79	-2.8487
23.79	-2.8486
23.78	-2.8485
23.78	-2.8485
23.78	-2.8483
23.78	-2.8483
23.78	-2.8484
23.78	-2.8483
23.78	-2.8483
23.77	-2.8483
23.77	-2.8482
23.76	-2.8481
23.76	-2.8482
23.76	-2.8481
23.76	-2.8480
23.76	-2.8480
23.75	-2.8477
23.75	-2.8477
23.75	-2.8478
23.75	-2.8478
23.75	-2.8478
23.74	-2.8478
23.74	-2.8478
23.73	-2.8478
23.73	-2.8478
23.73	-2.8476
23.73	-2.8475
23.73	-2.8475
23.73	-2.8476
23.72	-2.8476
23.72	-2.8476
23.72	-2.8476
23.71	-2.8474
23.71	-2.8474
23.71	-2.8472
23.71	-2.8476
23.70	-2.8474
23.71	-2.8474
23.70	-2.8471
23.70	-2.8472
23.70	-2.8472
23.70	-2.8472
23.70	-2.8472
23.69	-2.8472
23.69	-2.8473
23.69	-2.8471
23.68	-2.8472
23.68	-2.8471
23.68	-2.8470
23.68	-2.8470
23.68	-2.8471
23.67	-2.8469
23.67	-2.8469
23.66	-2.8469
23.66	-2.8469
23.65	-2.8468
23.65	-2.8470
23.65	-2.8468
23.65	-2.8468
23.65	-2.8468
23.65	-2.8468
23.65	-2.8469
23.64	-2.8466
23.64	-2.8467
23.63	-2.8466
23.63	-2.8465
23.63	-2.8466
23.63	-2.8466
23.63	-2.8466
23.63	-2.8465
23.63	-2.8465
23.62	-2.8467
23.62	-2.8465
23.61	-2.8465
23.61	-2.8463
23.61	-2.8465
23.60	-2.8464
23.60	-2.8464
23.60	-2.8464
23.60	-2.8464
23.59	-2.8463
23.59	-2.8463
23.59	-2.8462
23.59	-2.8463
23.59	-2.8462
23.58	-2.8461
23.58	-2.8463
23.57	-2.8463
23.57	-2.8462
23.57	-2.8461
23.57	-2.8462
23.57	-2.8462
23.57	-2.8461
23.57	-2.8461
23.56	-2.8461
23.56	-2.8462
23.56	-2.8459
23.55	-2.8459
23.55	-2.8460
23.55	-2.8459
23.55	-2.8459
23.55	-2.8458
23.54	-2.8459
23.54	-2.8460
23.54	-2.8460
23.53	-2.8458
23.53	-2.8458
23.53	-2.8457
23.53	-2.8457
23.53	-2.8456
23.52	-2.8455
23.52	-2.8456
23.52	-2.8454
23.51	-2.8455
23.51	-2.8454
23.50	-2.8454
23.50	-2.8454
23.50	-2.8452
23.50	-2.8452
23.49	-2.8451
23.49	-2.8452
23.50	-2.8451
23.49	-2.8450
23.49	-2.8449
23.49	-2.8449
23.48	-2.8449
23.48	-2.8450
23.48	-2.8449
23.48	-2.8450
23.47	-2.8449
23.47	-2.8449
23.47	-2.8447
23.47	-2.8447
23.47	-2.8445
23.46	-2.8446
23.46	-2.8445
23.46	-2.8444
23.46	-2.8445
23.46	-2.8444
23.45	-2.8445
23.45	-2.8446
23.44	-2.8442
23.44	-2.8441
23.43	-2.8442
23.43	-2.8442
23.43	-2.8441
23.43	-2.8442
23.43	-2.8440
23.43	-2.8441
23.43	-2.8441
23.42	-2.8440
23.42	-2.8441
23.42	-2.8439
23.42	-2.8440
23.42	-2.8439
23.42	-2.8440
23.41	-2.8437
23.41	-2.8437
23.41	-2.8438
23.40	-2.8437
23.40	-2.8437
23.40	-2.8435
23.40	-2.8438
23.39	-2.8437
23.39	-2.8437
23.39	-2.8435
23.39	-2.8436
23.38	-2.8435
23.38	-2.8435
23.38	-2.8436
23.38	-2.8434
23.37	-2.8433
23.37	-2.8434
23.37	-2.8435
23.37	-2.8432
23.36	-2.8433
23.36	-2.8433
23.36	-2.8434
23.35	-2.8432
23.35	-2.8432
23.35	-2.8434
23.35	-2.8433
23.34	-2.8432
23.34	-2.8432
23.34	-2.8431
23.34	-2.8431
23.34	-2.8430
23.34	-2.8429
23.33	-2.8429
23.32	-2.8430
23.32	-2.8431
23.32	-2.8430
23.32	-2.8428
23.32	-2.8430
23.32	-2.8427
23.31	-2.8430
23.31	-2.8427
23.31	-2.8429
23.30	-2.8427
23.30	-2.8426
23.31	-2.8427
23.30	-2.8425
23.30	-2.8426
23.30	-2.8425
23.30	-2.8425
23.30	-2.8424
23.29	-2.8424
23.29	-2.8424
23.28	-2.8424
23.28	-2.8424
23.28	-2.8422
23.27	-2.8422
23.27	-2.8422
23.27	-2.8421
23.27	-2.8421
23.26	-2.8421
23.26	-2.8421
23.26	-2.8420
23.26	-2.8420
23.25	-2.8419
23.25	-2.8420
23.25	-2.8416
23.25	-2.8417
23.24	-2.8416
23.24	-2.8416
23.24	-2.8417
23.24	-2.8416
23.23	-2.8415
23.23	-2.8413
23.23	-2.8414
23.23	-2.8415
23.23	-2.8413
23.23	-2.8413
23.22	-2.8412
23.22	-2.8413
23.22	-2.8411
23.22	-2.8412
23.21	-2.8412
23.21	-2.8411
23.20	-2.8411
23.20	-2.8411
23.20	-2.8410
23.19	-2.8409
23.19	-2.8409
23.19	-2.8409
23.19	-2.8409
23.18	-2.8408
23.18	-2.8407
23.18	-2.8407
23.18	-2.8406
23.17	-2.8404
23.18	-2.8404
23.18	-2.8404
23.18	-2.8403
23.17	-2.8402
23.17	-2.8402
23.16	-2.8400
23.16	-2.8400
23.16	-2.8398
23.15	-2.8400
23.15	-2.8399
23.15	-2.8399
23.15	-2.8397
23.15	-2.8396
23.14	-2.8396
23.14	-2.8395
23.14	-2.8394
23.14	-2.8397
23.14	-2.8397
23.13	-2.8394
23.13	-2.8395
23.13	-2.8394
23.12	-2.8396
23.12	-2.8396
23.12	-2.8395
23.11	-2.8394
23.11	-2.8394
23.10	-2.8394
23.10	-2.8392
23.10	-2.8393
23.09	-2.8393
23.09	-2.8391
23.09	-2.8392
23.09	-2.8390
23.09	-2.8391
23.09	-2.8390
23.09	-2.8391
23.09	-2.8391
23.09	-2.8390
23.08	-2.8390
23.08	-2.8389
23.08	-2.8390
23.07	-2.8389
23.07	-2.8390
23.07	-2.8388
23.07	-2.8388
23.07	-2.8388
23.06	-2.8389
23.06	-2.8387
23.06	-2.8388
23.05	-2.8388
23.05	-2.8387
23.05	-2.8386
23.05	-2.8387
23.04	-2.8384
23.04	-2.8384
23.04	-2.8384
23.03	-2.8383
23.03	-2.8383
23.03	-2.8383
23.03	-2.8383
23.03	-2.8383
23.03	-2.8382
23.02	-2.8383
23.02	-2.8381
23.02	-2.8379
23.01	-2.8380
23.01	-2.8381
23.01	-2.8378
23.00	-2.8380
23.00	-2.8381
23.00	-2.8378
23.00	-2.8377
23.00	-2.8378
22.99	-2.8376
22.99	-2.8376
22.99	-2.8376
22.99	-2.8374
22.99	-2.8377
22.98	-2.8372
22.98	-2.8375
22.98	-2.8373
22.97	-2.8373
22.97	-2.8372
22.96	-2.8373
22.96	-2.8371
22.96	-2.8371
22.96	-2.8371
22.96	-2.8370
22.95	-2.8371
22.95	-2.8369
22.95	-2.8369
22.95	-2.8369
22.95	-2.8368
22.94	-2.8369
22.94	-2.8367
22.94	-2.8366
22.94	-2.8366
22.93	-2.8367
22.93	-2.8365
22.93	-2.8365
22.93	-2.8364
22.93	-2.8362
22.92	-2.8363
22.92	-2.8363
22.91	-2.8361
22.91	-2.8361
22.90	-2.8359
22.90	-2.8361
22.90	-2.8359
22.90	-2.8359
22.90	-2.8356
22.90	-2.8357
22.90	-2.8356
22.89	-2.8356
22.89	-2.8357
22.89	-2.8356
22.89	-2.8356
22.88	-2.8356
22.88	-2.8354
22.88	-2.8353
22.88	-2.8353
22.88	-2.8354
22.88	-2.8353
22.87	-2.8354
22.87	-2.8352
22.86	-2.8352
22.85	-2.8352
22.85	-2.8353
22.85	-2.8352
22.85	-2.8350
22.85	-2.8350
22.85	-2.8349
22.84	-2.8348
22.84	-2.8348
22.84	-2.8347
22.84	-2.8349
22.84	-2.8346
22.83	-2.8348
22.83	-2.8346
22.83	-2.8345
22.82	-2.8345
22.82	-2.8346
22.82	-2.8346
22.82	-2.8346
22.82	-2.8346
22.81	-2.8345
22.81	-2.8345
22.81	-2.8343
22.81	-2.8343
22.80	-2.8343
22.80	-2.8345
22.80	-2.8342
22.80	-2.8343
22.79	-2.8342
22.79	-2.8343
22.79	-2.8344
22.79	-2.8343
22.78	-2.8343
22.78	-2.8342
22.78	-2.8342
22.78	-2.8342
22.78	-2.8339
22.77	-2.8342
22.77	-2.8341
22.77	-2.8343
22.77	-2.8341
22.76	-2.8340
22.76	-2.8340
22.76	-2.8338
22.75	-2.8339
22.75	-2.8341
22.75	-2.8339
22.75	-2.8340
22.74	-2.8340
22.74	-2.8339
22.74	-2.8338
22.74	-2.8338
22.73	-2.8340
22.73	-2.8339
22.73	-2.8338
22.72	-2.8338
22.72	-2.8337
22.72	-2.8340
22.71	-2.8338
22.71	-2.8338
22.71	-2.8337
22.71	-2.8336
22.71	-2.8339
22.70	-2.8338
22.70	-2.8338
22.70	-2.8339
22.70	-2.8337
22.70	-2.8338
22.69	-2.8338
22.69	-2.8338
22.68	-2.8338
22.68	-2.8337
22.68	-2.8337
22.68	-2.8336
22.68	-2.8336
22.68	-2.8335
22.68	-2.8336
22.67	-2.8337
22.67	-2.8336
22.67	-2.8336
22.66	-2.8336
22.66	-2.8336
22.65	-2.8335
22.66	-2.8335
22.66	-2.8333
22.65	-2.8334
22.65	-2.8335
22.65	-2.8334
22.64	-2.8334
22.64	-2.8334
22.64	-2.8333
22.64	-2.8332
22.63	-2.8333
22.63	-2.8332
22.63	-2.8333
22.63	-2.8333
22.63	-2.8332
22.63	-2.8333
22.62	-2.8333
22.62	-2.8333
22.62	-2.8333
22.62	-2.8333
22.61	-2.8331
22.61	-2.8331
22.60	-2.8331
22.60	-2.8331
22.60	-2.8332
22.60	-2.8332
22.59	-2.8332
22.59	-2.8331
22.59	-2.8331
22.59	-2.8330
22.59	-2.8332
22.59	-2.8331
22.58	-2.8331
22.57	-2.8332
22.57	-2.8331
22.57	-2.8331
22.57	-2.8331
22.56	-2.8328
22.56	-2.8330
22.56	-2.8332
22.56	-2.8331
22.56	-2.8329
22.55	-2.8329
22.55	-2.8328
22.55	-2.8328
22.55	-2.8327
22.55	-2.8327
22.55	-2.8328
22.54	-2.8328
22.54	-2.8327
22.54	-2.8327
22.54	-2.8328
22.53	-2.8325
22.53	-2.8326
22.53	-2.8327
22.53	-2.8326
22.53	-2.8326
22.53	-2.8328
22.52	-2.8326
22.52	-2.8326
22.51	-2.8327
22.51	-2.8327
22.51	-2.8329
22.51	-2.8327
22.50	-2.8328
22.50	-2.8329
22.50	-2.8328
22.50	-2.8328
22.50	-2.8328
22.50	-2.8328
22.49	-2.8328
22.49	-2.8328
22.49	-2.8327
22.48	-2.8327
22.48	-2.8327
22.48	-2.8327
22.48	-2.8326
22.47	-2.8325
22.47	-2.8327
22.47	-2.8324
22.46	-2.8326
22.46	-2.8325
22.46	-2.8324
22.46	-2.8326
22.46	-2.8326
22.45	-2.8323
22.45	-2.8324
22.45	-2.8326
22.45	-2.8324
22.44	-2.8324
22.44	-2.8325
22.44	-2.8323
22.44	-2.8323
22.43	-2.8324
22.43	-2.8323
22.43	-2.8321
22.43	-2.8323
22.43	-2.8322
22.42	-2.8321
22.41	-2.8323
22.41	-2.8320
22.40	-2.8322
22.40	-2.8320
22.40	-2.8320
22.40	-2.8319
22.40	-2.8320
22.40	-2.8318
22.40	-2.8318
22.40	-2.8317
22.39	-2.8317
22.39	-2.8315
22.39	-2.8318
22.38	-2.8316
22.38	-2.8317
22.38	-2.8316
22.38	-2.8315
22.38	-2.8315
22.38	-2.8314
22.37	-2.8316
22.37	-2.8314
22.36	-2.8313
22.36	-2.8313
22.36	-2.8313
22.36	-2.8313
22.35	-2.8313
22.35	-2.8312
22.35	-2.8310
22.34	-2.8313
22.34	-2.8313
22.34	-2.8312
22.34	-2.8311
22.34	-2.8314
22.33	-2.8311
22.33	-2.8311
22.33	-2.8312
22.33	-2.8310
22.32	-2.8310
22.32	-2.8311
22.32	-2.8310
22.32	-2.8310
22.32	-2.8311
22.32	-2.8308
22.31	-2.8309
22.31	-2.8308
22.30	-2.8308
22.30	-2.8307
22.30	-2.8307
22.30	-2.8307
22.30	-2.8306
22.29	-2.8304
22.29	-2.8308
22.29	-2.8307
22.29	-2.8306
22.28	-2.8304
22.28	-2.8304
22.28	-2.8303
22.27	-2.8303
22.27	-2.8303
22.27	-2.8302
22.27	-2.8301
22.27	-2.8303
22.26	-2.8302
22.25	-2.8300
22.25	-2.8300
22.25	-2.8299
22.25	-2.8299
22.25	-2.8299
22.24	-2.8297
22.24	-2.8299
22.24	-2.8299
22.24	-2.8298
22.24	-2.8297
22.24	-2.8298
22.24	-2.8297
22.24	-2.8297
22.23	-2.8297
22.23	-2.8297
22.23	-2.8296
22.22	-2.8296
22.22	-2.8297
22.22	-2.8296
22.21	-2.8294
22.21	-2.8293
22.20	-2.8293
22.20	-2.8292
22.20	-2.8293
22.20	-2.8292
22.20	-2.8293
22.20	-2.8291
22.20	-2.8291
22.19	-2.8288
22.19	-2.8291
22.19	-2.8289
22.18	-2.8290
22.18	-2.8288
22.18	-2.8288
22.17	-2.8287
22.17	-2.8288
22.17	-2.8286
22.17	-2.8288
22.16	-2.8286
22.16	-2.8286
22.16	-2.8287
22.16	-2.8286
22.15	-2.8285
22.15	-2.8285
22.15	-2.8285
22.15	-2.8285
22.14	-2.8284
22.14	-2.8284
22.14	-2.8284
22.14	-2.8282
22.14	-2.8283
22.13	-2.8283
22.13	-2.8282
22.13	-2.8283
22.13	-2.8282
22.13	-2.8281
22.13	-2.8282
22.12	-2.8281
22.12	-2.8278
22.12	-2.8280
22.11	-2.8279
22.11	-2.8280
22.10	-2.8279
22.10	-2.8279
22.10	-2.8278
22.10	-2.8279
22.09	-2.8277
22.09	-2.8278
22.09	-2.8276
22.09	-2.8277
22.08	-2.8277
22.08	-2.8276
22.08	-2.8277
22.07	-2.8276
22.07	-2.8273
22.07	-2.8275
22.07	-2.8273
22.07	-2.8273
22.06	-2.8271
22.06	-2.8271
22.06	-2.8271
22.06	-2.8269
22.05	-2.8271
22.05	-2.8270
22.05	-2.8271
22.05	-2.8270
22.05	-2.8269
22.05	-2.8270
22.04	-2.8270
22.04	-2.8269
22.04	-2.8269
22.03	-2.8269
22.03	-2.8267
22.03	-2.8267
22.03	-2.8267
22.02	-2.8267
22.02	-2.8266
22.02	-2.8267
22.02	-2.8266
22.02	-2.8265
22.01	-2.8263
22.01	-2.8264
22.01	-2.8263
22.00	-2.8262
22.00	-2.8262
22.00	-2.8261
22.00	-2.8260
21.99	-2.8261
21.99	-2.8261
21.99	-2.8260
21.98	-2.8261
21.98	-2.8260
21.98	-2.8260
21.98	-2.8259
21.98	-2.8260
21.98	-2.8260
21.98	-2.8259
21.97	-2.8258
21.97	-2.8259
21.97	-2.8258
21.96	-2.8258
21.96	-2.8257
21.95	-2.8257
21.95	-2.8257
21.95	-2.8258
21.95	-2.8256
21.95	-2.8256
21.94	-2.8257
21.94	-2.8255
21.94	-2.8255
21.94	-2.8257
21.93	-2.8255
21.93	-2.8254
21.93	-2.8256
21.93	-2.8255
21.93	-2.8254
21.92	-2.8255
21.92	-2.8255
21.92	-2.8256
21.91	-2.8253
21.91	-2.8254
21.91	-2.8252
21.91	-2.8253
21.91	-2.8253
21.90	-2.8253
21.90	-2.8252
21.90	-2.8252
21.90	-2.8252
21.89	-2.8252
21.89	-2.8250
21.89	-2.8251
21.88	-2.8252
21.88	-2.8251
21.88	-2.8250
21.88	-2.8250
21.88	-2.8248
21.88	-2.8249
21.87	-2.8250
21.87	-2.8249
21.86	-2.8248
21.86	-2.8249
21.85	-2.8246
21.85	-2.8248
21.85	-2.8247
21.85	-2.8247
21.85	-2.8248
21.84	-2.8245
21.84	-2.8246
21.84	-2.8244
21.84	-2.8243
21.84	-2.8243
21.84	-2.8244
21.83	-2.8243
21.83	-2.8244
21.83	-2.8241
21.82	-2.8242
21.82	-2.8242
21.82	-2.8240
21.82	-2.8241
21.82	-2.8241
21.82	-2.8240
21.81	-2.8240
21.81	-2.8240
21.80	-2.8239
21.80	-2.8239
21.80	-2.8238
21.80	-2.8239
21.80	-2.8238
21.79	-2.8238
21.79	-2.8237
21.79	-2.8236
21.79	-2.8236
21.78	-2.8236
21.78	-2.8233
21.78	-2.8233
21.78	-2.8232
21.77	-2.8232
21.77	-2.8231
21.77	-2.8232
21.77	-2.8231
21.77	-2.8230
21.77	-2.8231
21.76	-2.8230
21.76	-2.8231
21.76	-2.8229
21.75	-2.8227
21.75	-2.8226
21.75	-2.8227
21.75	-2.8227
21.75	-2.8227
21.74	-2.8225
21.74	-2.8226
21.74	-2.8225
21.73	-2.8226
21.73	-2.8224
21.73	-2.8222
21.72	-2.8224
21.72	-2.8222
21.72	-2.8224
21.72	-2.8223
21.72	-2.8224
21.71	-2.8221
21.71	-2.8221
21.71	-2.8222
21.70	-2.8221
21.70	-2.8222
21.70	-2.8221
21.70	-2.8220
21.69	-2.8221
21.69	-2.8220
21.69	-2.8220
21.69	-2.8221
21.68	-2.8220
21.68	-2.8219
21.68	-2.8219
21.68	-2.8218
21.68	-2.8218
21.67	-2.8217
21.67	-2.8218
21.67	-2.8219
21.66	-2.8218
21.66	-2.8216
21.66	-2.8217
21.66	-2.8216
21.65	-2.8215
21.65	-2.8214
21.65	-2.8216
21.65	-2.8214
21.65	-2.8215
21.65	-2.8215
21.65	-2.8215
21.65	-2.8212
21.64	-2.8214
21.64	-2.8211
21.63	-2.8212
21.63	-2.8211
21.63	-2.8212
21.62	-2.8210
21.62	-2.8211
21.62	-2.8210
21.62	-2.8210
21.61	-2.8208
21.61	-2.8207
21.61	-2.8208
21.61	-2.8207
21.61	-2.8206
21.60	-2.8206
21.60	-2.8205
21.60	-2.8205
21.59	-2.8204
21.59	-2.8204
21.59	-2.8205
21.59	-2.8202
21.59	-2.8204
21.59	-2.8204
21.58	-2.8202
21.58	-2.8202
21.57	-2.8201
21.57	-2.8201
21.57	-2.8199
21.57	-2.8198
21.56	-2.8198
21.56	-2.8199
21.56	-2.8198
21.55	-2.8199
21.55	-2.8197
21.55	-2.8198
21.55	-2.8196
21.55	-2.8197
21.55	-2.8196
21.55	-2.8196
21.54	-2.8194
21.54	-2.8193
21.54	-2.8194
21.54	-2.8193
21.53	-2.8193
21.53	-2.8192
21.53	-2.8192
21.53	-2.8191
21.52	-2.8192
21.52	-2.8189
21.52	-2.8189
21.51	-2.8191
21.51	-2.8191
21.51	-2.8190
21.50	-2.8189
21.50	-2.8190
21.50	-2.8190
21.50	-2.8190
21.50	-2.8188
21.49	-2.8188
21.49	-2.8187
21.49	-2.8185
21.49	-2.8187
21.48	-2.8187
21.48	-2.8186
21.48	-2.8185
21.48	-2.8185
21.48	-2.8184
21.47	-2.8187
21.47	-2.8185
21.47	-2.8183
21.47	-2.8184
21.46	-2.8183
21.46	-2.8184
21.45	-2.8183
21.45	-2.8182
21.45	-2.8181
21.45	-2.8181
21.45	-2.8182
21.45	-2.8181
21.44	-2.8180
21.44	-2.8182
21.44	-2.8181
21.43	-2.8178
21.43	-2.8181
21.43	-2.8181
21.43	-2.8182
21.43	-2.8178
21.42	-2.8178
21.42	-2.8178
21.41	-2.8178
21.41	-2.8179
21.41	-2.8178
21.40	-2.8178
21.40	-2.8176
21.40	-2.8177
21.40	-2.8176
21.40	-2.8175
21.40	-2.8175
21.40	-2.8176
21.39	-2.8174
21.39	-2.8175
21.39	-2.8173
21.38	-2.8173
21.38	-2.8174
21.38	-2.8173
21.38	-2.8173
21.38	-2.8174
21.37	-2.8172
21.37	-2.8171
21.36	-2.8173
21.36	-2.8173
21.36	-2.8173
21.36	-2.8173
21.35	-2.8175
21.35	-2.8175
21.35	-2.8172
21.35	-2.8173
21.34	-2.8173
21.34	-2.8175
21.34	-2.8174
21.34	-2.8173
21.34	-2.8173
21.33	-2.8174
21.33	-2.8173
21.33	-2.8172
21.32	-2.8172
21.32	-2.8173
21.32	-2.8172
21.32	-2.8174
21.32	-2.8171
21.32	-2.8169
21.31	-2.8170
21.31	-2.8170
21.30	-2.8170
21.30	-2.8169
21.30	-2.8170
21.30	-2.8170
21.30	-2.8170
21.30	-2.8169
21.29	-2.8171
21.29	-2.8169
21.28	-2.8169
21.28	-2.8170
21.28	-2.8170
21.28	-2.8168
21.28	-2.8168
21.28	-2.8168
21.27	-2.8169
21.27	-2.8167
21.27	-2.8166
21.27	-2.8167
21.26	-2.8166
21.26	-2.8167
21.25	-2.8165
21.25	-2.8164
21.25	-2.8166
21.25	-2.8166
21.25	-2.8166
21.25	-2.8165
21.25	-2.8165
21.24	-2.8166
21.24	-2.8165
21.24	-2.8167
21.23	-2.8165
21.23	-2.8165
21.23	-2.8166
21.23	-2.8167
21.23	-2.8165
21.23	-2.8166
21.22	-2.8166
21.21	-2.8165
21.21	-2.8164
21.21	-2.8163
21.21	-2.8165
21.21	-2.8164
21.20	-2.8165
21.20	-2.8167
21.20	-2.8164
21.20	-2.8165
21.20	-2.8165
21.20	-2.8165
21.19	-2.8164
21.19	-2.8164
21.18	-2.8163
21.18	-2.8164
21.18	-2.8164
21.17	-2.8164
21.17	-2.8165
21.17	-2.8164
21.17	-2.8166
21.17	-2.8162
21.16	-2.8164
21.16	-2.8164
21.16	-2.8163
21.15	-2.8164
21.15	-2.8163
21.15	-2.8163
21.15	-2.8162
21.14	-2.8163
21.14	-2.8163
21.14	-2.8162
21.13	-2.8163
21.13	-2.8162
21.13	-2.8161
21.13	-2.8162
21.13	-2.8161
21.12	-2.8162
21.12	-2.8159
21.12	-2.8159
21.12	-2.8157
21.11	-2.8159
21.11	-2.8158
21.11	-2.8158
21.11	-2.8155
21.11	-2.8155
21.10	-2.8156
21.10	-2.8156
21.09	-2.8155
21.09	-2.8156
21.09	-2.8153
21.09	-2.8155
21.09	-2.8155
21.08	-2.8155
21.08	-2.8154
21.07	-2.8154
21.07	-2.8154
21.07	-2.8153
21.07	-2.8153
21.07	-2.8153
21.06	-2.8152
21.06	-2.8153
21.06	-2.8152
21.06	-2.8153
21.06	-2.8154
21.06	-2.8152
21.05	-2.8151
21.05	-2.8152
21.05	-2.8151
21.05	-2.8152
21.05	-2.8151
21.04	-2.8151
21.04	-2.8150
21.03	-2.8150
21.02	-2.8167
21.01	-2.8206
21.00	-2.8261
20.99	-2.8326
20.98	-2.8392
20.98	-2.8452
20.98	-2.8504
20.97	-2.8544
20.97	-2.8569
20.96	-2.8584
20.95	-2.8585
20.95	-2.8577
20.93	-2.8563
20.93	-2.8543
20.93	-2.8520
20.92	-2.8496
20.92	-2.8474
20.91	-2.8453
20.91	-2.8437
20.90	-2.8426
20.90	-2.8420
20.90	-2.8421
20.90	-2.8427
20.90	-2.8438
20.89	-2.8455
20.90	-2.8479
20.89	-2.8508
20.89	-2.8541
20.89	-2.8577
20.88	-2.8616
20.88	-2.8659
20.89	-2.8704
20.89	-2.8750
20.88	-2.8797
20.89	-2.8845
20.89	-2.8893
20.88	-2.8941
20.88	-2.8987
20.88	-2.9030
20.88	-2.9073
20.88	-2.9114
20.88	-2.9151
20.88	-2.9187
20.88	-2.9218
20.88	-2.9247
20.88	-2.9272
20.88	-2.9293
20.88	-2.9312
20.87	-2.9328
20.87	-2.9338
20.87	-2.9346
20.88	-2.9350
20.88	-2.9351
20.87	-2.9349
20.87	-2.9343
20.87	-2.9335
20.87	-2.9322
20.87	-2.9307
20.87	-2.9291
20.87	-2.9271
20.87	-2.9249
20.87	-2.9225
20.87	-2.9198
20.88	-2.9169
20.87	-2.9139
20.87	-2.9106
20.87	-2.9072
20.87	-2.9033
20.87	-2.8995
20.87	-2.8955
20.87	-2.8914
20.87	-2.8874
20.87	-2.8831
20.87	-2.8787
20.87	-2.8744
20.87	-2.8700
20.86	-2.8656
20.86	-2.8610
20.86	-2.8564
20.86	-2.8518
20.87	-2.8473
20.87	-2.8428
20.87	-2.8381
20.87	-2.8335
20.87	-2.8290
20.86	-2.8243
20.86	-2.8198
20.87	-2.8154
20.87	-2.8111
20.86	-2.8066
20.86	-2.8024
20.87	-2.7980
20.87	-2.7937
20.87	-2.7894
20.87	-2.7853
20.87	-2.7812
20.87	-2.7770
20.87	-2.7729
20.86	-2.7689
20.86	-2.7651
20.87	-2.7613
20.87	-2.7576
20.86	-2.7538
20.86	-2.7502
20.87	-2.7467
20.86	-2.7431
20.86	-2.7398
20.86	-2.7363
20.87	-2.7330
20.87	-2.7298
20.87	-2.7266
20.86	-2.7236
20.87	-2.7206
20.87	-2.7176
20.87	-2.7148
20.87	-2.7120
20.86	-2.7090
20.86	-2.7065
20.86	-2.7037
20.86	-2.7012
20.86	-2.6986
20.86	-2.6962
20.86	-2.6936
20.86	-2.6914
20.86	-2.6890
20.87	-2.6867
20.86	-2.6846
20.87	-2.6825
20.87	-2.6805
20.86	-2.6786
20.86	-2.6766
20.86	-2.6747
20.86	-2.6730
20.87	-2.6711
20.87	-2.6694
20.87	-2.6678
20.87	-2.6663
20.86	-2.6647
20.87	-2.6632
20.87	-2.6617
20.87	-2.6603
20.87	-2.6587
20.87	-2.6573
20.87	-2.6560
20.87	-2.6546
20.87	-2.6533
20.87	-2.6521
20.87	-2.6510
20.87	-2.6498
20.86	-2.6485
20.86	-2.6473
20.86	-2.6464
20.87	-2.6453
20.87	-2.6443
20.87	-2.6434
20.87	-2.6424
20.87	-2.6414
20.86	-2.6405
20.86	-2.6396
20.86	-2.6387
20.86	-2.6379
20.86	-2.6371
20.86	-2.6362
20.86	-2.6355
20.86	-2.6348
20.87	-2.6340
20.87	-2.6333
20.87	-2.6327
20.87	-2.6321
20.86	-2.6314
20.86	-2.6308
20.87	-2.6302
20.86	-2.6296
20.86	-2.6290
20.86	-2.6285
20.87	-2.6280
20.87	-2.6276
20.86	-2.6273
20.87	-2.6268
20.86	-2.6264
20.87	-2.6260
20.86	-2.6255
20.86	-2.6251
20.86	-2.6248
20.87	-2.6244
20.87	-2.6240
20.86	-2.6237
20.86	-2.6233
20.87	-2.6230
20.87	-2.6226
20.87	-2.6223
20.87	-2.6220
20.87	-2.6217
20.86	-2.6215
20.86	-2.6211
20.87	-2.6208
20.86	-2.6205
20.87	-2.6202
20.87	-2.6200
20.87	-2.6199
20.86	-2.6196
20.86	-2.6193
20.86	-2.6191
20.87	-2.6188
20.87	-2.6186
20.87	-2.6185
20.87	-2.6185
20.87	-2.6183
20.87	-2.6180
20.86	-2.6179
20.87	-2.6178
20.87	-2.6176
20.87	-2.6175
20.86	-2.6175
20.86	-2.6173
20.87	-2.6172
20.87	-2.6172
20.87	-2.6171
20.87	-2.6171
20.87	-2.6170
20.87	-2.6169
20.87	-2.6168
20.86	-2.6166
20.86	-2.6165
20.87	-2.6163
20.87	-2.6163
20.87	-2.6162
20.86	-2.6161
20.86	-2.6161
20.86	-2.6158
20.86	-2.6157
20.87	-2.6157
20.87	-2.6156
20.87	-2.6156
20.86	-2.6155
20.86	-2.6155
20.87	-2.6154
20.86	-2.6154
20.87	-2.6154
20.87	-2.6153
20.87	-2.6153
20.87	-2.6153
20.87	-2.6152
20.86	-2.6151
20.87	-2.6151
20.87	-2.6150
20.87	-2.6150
20.87	-2.6150
20.87	-2.6150
20.86	-2.6149
20.86	-2.6149
20.87	-2.6149
20.86	-2.6148
20.86	-2.6149
20.86	-2.6149
20.86	-2.6149
20.87	-2.6149
20.87	-2.6149
20.87	-2.6148
20.87	-2.6147
20.87	-2.6145
20.86	-2.6145
20.87	-2.6145
20.86	-2.6145
20.86	-2.6145
20.86	-2.6145
20.87	-2.6144
20.86	-2.6145
20.86	-2.6144
20.86	-2.6144
20.87	-2.6144
20.87	-2.6143
20.87	-2.6143
20.87	-2.6143
20.87	-2.6143
20.87	-2.6143
20.87	-2.6144
20.87	-2.6143
20.87	-2.6143
20.87	-2.6144
20.87	-2.6143
20.86	-2.6143
20.87	-2.6143
20.87	-2.6142
20.87	-2.6141
20.87	-2.6141
20.87	-2.6142
20.86	-2.6143
20.86	-2.6142
20.87	-2.6143
20.87	-2.6143
20.87	-2.6144
20.87	-2.6145
20.86	-2.6144
20.87	-2.6145
20.87	-2.6147
20.87	-2.6147
20.87	-2.6148
20.87	-2.6150
20.87	-2.6149
20.87	-2.6148
20.86	-2.6148
20.87	-2.6149
20.87	-2.6149
20.87	-2.6148
20.87	-2.6148
20.87	-2.6148
20.87	-2.6147
20.87	-2.6147
20.87	-2.6147
20.87	-2.6147
20.87	-2.6147
20.87	-2.6145
20.87	-2.6147
20.87	-2.6147
20.87	-2.6147
20.87	-2.6147
20.87	-2.6149
20.87	-2.6149
20.87	-2.6150
20.87	-2.6150
20.87	-2.6152
20.87	-2.6150
20.87	-2.6151
20.87	-2.6150
20.87	-2.6148
20.88	-2.6148
20.88	-2.6148
20.88	-2.6148
20.87	-2.6147
20.87	-2.6145
20.87	-2.6147
20.87	-2.6147
20.87	-2.6148
20.87	-2.6147
20.87	-2.6147
20.88	-2.6147
20.87	-2.6145
20.87	-2.6145
20.87	-2.6145
20.87	-2.6145
20.87	-2.6144
20.87	-2.6144
20.87	-2.6145
20.87	-2.6145
20.87	-2.6145
20.87	-2.6145
20.87	-2.6144
20.88	-2.6144
20.87	-2.6145
20.87	-2.6147
20.87	-2.6148
20.87	-2.6148
20.87	-2.6148
20.87	-2.6148
20.87	-2.6147
20.87	-2.6147
20.87	-2.6148
20.87	-2.6148
20.87	-2.6147
20.86	-2.6147
20.87	-2.6147
20.87	-2.6147
20.87	-2.6149
20.87	-2.6149
20.87	-2.6149
20.87	-2.6150
20.87	-2.6149
20.88	-2.6151
20.87	-2.6151
20.87	-2.6151
20.86	-2.6151
20.86	-2.6151
20.87	-2.6150
20.87	-2.6150
20.87	-2.6151
20.87	-2.6150
20.87	-2.6149
20.87	-2.6149
20.87	-2.6148
20.87	-2.6148
20.87	-2.6149
20.87	-2.6150
20.87	-2.6152
20.87	-2.6152
20.87	-2.6153
20.87	-2.6152
20.87	-2.6152
20.87	-2.6152
20.87	-2.6152
20.87	-2.6153
20.87	-2.6152
20.87	-2.6153
20.87	-2.6154
20.87	-2.6154
20.87	-2.6155
20.87	-2.6155
20.87	-2.6155
20.87	-2.6154
20.87	-2.6155
20.87	-2.6154
20.87	-2.6153
20.87	-2.6152
20.87	-2.6152
20.87	-2.6153
20.87	-2.6154
20.87	-2.6154
20.87	-2.6155
20.87	-2.6155
20.87	-2.6155
20.87	-2.6156
20.87	-2.6154
20.87	-2.6156
20.87	-2.6156
20.87	-2.6156
20.88	-2.6157
20.87	-2.6157
20.87	-2.6157
20.87	-2.6158
20.87	-2.6159
20.87	-2.6159
20.87	-2.6159
20.87	-2.6159
20.87	-2.6159
20.87	-2.6158
20.87	-2.6158
20.87	-2.6158
20.87	-2.6158
20.87	-2.6158
20.87	-2.6158
20.87	-2.6157
20.87	-2.6157
20.87	-2.6157
20.87	-2.6156
20.87	-2.6157
20.87	-2.6158
20.87	-2.6159
20.88	-2.6159
20.87	-2.6158
20.87	-2.6159
20.87	-2.6159
20.87	-2.6160
20.86	-2.6161
20.87	-2.6160
20.87	-2.6161
20.87	-2.6160
20.88	-2.6160
20.87	-2.6160
20.87	-2.6160
20.87	-2.6159
20.87	-2.6158
20.87	-2.6159
20.87	-2.6159
20.87	-2.6159
20.87	-2.6158
20.87	-2.6159
20.87	-2.6160
20.88	-2.6160
20.88	-2.6160
20.87	-2.6160
20.87	-2.6162
20.87	-2.6162
20.87	-2.6163
20.87	-2.6163
20.87	-2.6164
20.87	-2.6165
20.88	-2.6164
20.87	-2.6164
20.87	-2.6165
20.87	-2.6163
20.87	-2.6164
20.88	-2.6164
20.87	-2.6164
20.87	-2.6165
20.87	-2.6165
20.87	-2.6165
20.87	-2.6166
20.87	-2.6169
20.87	-2.6169
20.87	-2.6169
20.87	-2.6168
20.87	-2.6167
20.87	-2.6167
20.87	-2.6167
20.88	-2.6167
20.88	-2.6167
20.88	-2.6167
20.88	-2.6166
20.87	-2.6166
20.87	-2.6167
20.87	-2.6167
20.87	-2.6168
20.87	-2.6168
20.87	-2.6167
20.87	-2.6167
20.87	-2.6167
20.87	-2.6166
20.87	-2.6166
20.87	-2.6166
20.87	-2.6166
20.87	-2.6166
20.88	-2.6166
20.88	-2.6166
20.88	-2.6168
20.87	-2.6167
20.87	-2.6168
20.87	-2.6168
20.87	-2.6168
20.87	-2.6169
20.87	-2.6168
20.87	-2.6168
20.87	-2.6169
20.87	-2.6170
20.88	-2.6171
20.87	-2.6172
20.87	-2.6171
20.87	-2.6171
20.87	-2.6170
20.87	-2.6170
20.88	-2.6170
20.88	-2.6171
20.87	-2.6171
20.87	-2.6170
20.88	-2.6170
20.88	-2.6171
20.88	-2.6170
20.88	-2.6171
20.88	-2.6170
20.87	-2.6172
20.87	-2.6171
20.87	-2.6171
20.88	-2.6171
20.88	-2.6172
20.87	-2.6171
20.87	-2.6171
20.87	-2.6171
20.87	-2.6171
20.87	-2.6172
20.88	-2.6172
20.87	-2.6172
20.88	-2.6172
20.88	-2.6172
20.88	-2.6172
20.88	-2.6172
20.87	-2.6172
20.87	-2.6173
20.87	-2.6172
20.88	-2.6172
20.87	-2.6173
20.87	-2.6173
20.87	-2.6173
20.87	-2.6172
20.87	-2.6172
20.87	-2.6172
20.87	-2.6173
20.87	-2.6173
20.87	-2.6173
20.88	-2.6174
20.87	-2.6174
20.87	-2.6174
20.87	-2.6175
20.87	-2.6176
20.87	-2.6177
20.87	-2.6177
20.87	-2.6176
20.88	-2.6176
20.88	-2.6177
20.88	-2.6177
20.88	-2.6176
20.88	-2.6176
20.87	-2.6175
20.87	-2.6175
20.88	-2.6174
20.87	-2.6174
20.87	-2.6173
20.87	-2.6174
20.87	-2.6175
20.88	-2.6175
20.88	-2.6175
20.87	-2.6176
20.88	-2.6176
20.87	-2.6177
20.88	-2.6178
20.87	-2.6178
20.87	-2.6178
20.87	-2.6178
20.87	-2.6178
20.87	-2.6179
20.87	-2.6178
20.87	-2.6179
20.88	-2.6180
20.88	-2.6178
20.88	-2.6179
20.88	-2.6179
20.87	-2.6179
20.88	-2.6179
20.87	-2.6178
20.87	-2.6178
20.87	-2.6178
