5.36	-3.3432
5.36	-3.3641
5.38	-3.3854
5.38	-3.4068
5.39	-3.4285
5.39	-3.4503
5.40	-3.4720
5.41	-3.4935
5.42	-3.5149
5.42	-3.5360
5.43	-3.5567
5.44	-3.5766
5.44	-3.5963
5.45	-3.6157
5.45	-3.6342
5.45	-3.6522
5.46	-3.6693
5.46	-3.6859
5.47	-3.7017
5.48	-3.7166
5.48	-3.7308
5.48	-3.7441
5.49	-3.7568
5.50	-3.7684
5.50	-3.7793
5.50	-3.7893
5.50	-3.7983
5.51	-3.8064
5.51	-3.8140
5.52	-3.8205
5.52	-3.8259
5.53	-3.8307
5.53	-3.8347
5.53	-3.8376
5.54	-3.8398
5.54	-3.8413
5.54	-3.8420
5.54	-3.8416
5.54	-3.8407
5.55	-3.8392
5.55	-3.8367
5.55	-3.8336
5.56	-3.8298
5.56	-3.8251
5.56	-3.8200
5.56	-3.8144
5.56	-3.8079
5.56	-3.8008
5.57	-3.7930
5.57	-3.7851
5.58	-3.7761
5.58	-3.7672
5.58	-3.7574
5.59	-3.7473
5.59	-3.7366
5.59	-3.7256
5.59	-3.7140
5.59	-3.7022
5.59	-3.6900
5.59	-3.6773
5.59	-3.6646
5.60	-3.6514
5.60	-3.6381
5.60	-3.6242
5.60	-3.6101
5.60	-3.5960
5.60	-3.5815
5.60	-3.5671
5.60	-3.5523
5.60	-3.5372
5.60	-3.5224
5.61	-3.5069
5.61	-3.4916
5.61	-3.4760
5.61	-3.4607
5.61	-3.4450
5.61	-3.4294
5.61	-3.4137
5.62	-3.3982
5.62	-3.3824
5.62	-3.3669
5.62	-3.3510
5.62	-3.3353
5.62	-3.3197
5.62	-3.3040
5.62	-3.2886
5.62	-3.2732
5.63	-3.2580
5.63	-3.2427
5.63	-3.2273
5.63	-3.2121
5.63	-3.1970
5.63	-3.1824
5.63	-3.1674
5.63	-3.1528
5.63	-3.1383
5.63	-3.1239
5.63	-3.1096
5.63	-3.0955
5.63	-3.0817
5.63	-3.0680
5.63	-3.0541
5.63	-3.0408
5.63	-3.0276
5.63	-3.0145
5.63	-3.0016
5.63	-2.9889
5.63	-2.9763
5.64	-2.9639
5.63	-2.9516
5.63	-2.9398
5.64	-2.9280
5.64	-2.9165
5.64	-2.9050
5.64	-2.8937
5.64	-2.8828
5.64	-2.8722
5.64	-2.8617
5.64	-2.8511
5.64	-2.8411
5.65	-2.8313
5.65	-2.8213
5.65	-2.8119
5.65	-2.8023
5.65	-2.7935
5.65	-2.7843
5.64	-2.7758
5.64	-2.7672
5.64	-2.7590
5.64	-2.7507
5.64	-2.7429
5.65	-2.7352
5.65	-2.7277
5.65	-2.7203
5.65	-2.7132
5.65	-2.7063
5.65	-2.6996
5.65	-2.6929
5.65	-2.6865
5.65	-2.6804
5.65	-2.6745
5.65	-2.6685
5.65	-2.6630
5.65	-2.6575
5.65	-2.6521
5.65	-2.6471
5.65	-2.6423
5.65	-2.6375
5.65	-2.6328
5.65	-2.6283
5.65	-2.6240
5.65	-2.6200
5.65	-2.6161
5.65	-2.6121
5.65	-2.6086
5.65	-2.6051
5.66	-2.6018
5.65	-2.5984
5.65	-2.5955
5.66	-2.5927
5.66	-2.5896
5.66	-2.5873
5.66	-2.5846
5.66	-2.5821
5.66	-2.5798
5.66	-2.5779
5.66	-2.5760
5.66	-2.5742
5.66	-2.5724
5.66	-2.5707
5.66	-2.5695
5.66	-2.5677
5.66	-2.5666
5.66	-2.5654
5.66	-2.5642
5.66	-2.5633
5.66	-2.5622
5.66	-2.5615
5.66	-2.5609
5.67	-2.5602
5.66	-2.5598
5.66	-2.5594
5.66	-2.5591
5.66	-2.5589
5.66	-2.5588
5.66	-2.5587
5.66	-2.5587
5.66	-2.5589
5.66	-2.5590
5.66	-2.5591
5.66	-2.5594
5.66	-2.5600
5.66	-2.5604
5.66	-2.5608
5.67	-2.5617
5.67	-2.5621
5.67	-2.5629
5.66	-2.5637
5.66	-2.5644
5.66	-2.5654
5.66	-2.5663
5.67	-2.5671
5.67	-2.5684
5.66	-2.5695
5.67	-2.5704
5.67	-2.5716
5.67	-2.5729
5.67	-2.5742
5.66	-2.5755
5.66	-2.5771
5.66	-2.5782
5.66	-2.5796
5.66	-2.5811
5.66	-2.5827
5.67	-2.5841
5.67	-2.5857
5.67	-2.5874
5.67	-2.5888
5.67	-2.5905
5.67	-2.5923
5.67	-2.5941
5.67	-2.5958
5.67	-2.5975
5.67	-2.5993
5.67	-2.6012
5.67	-2.6028
5.67	-2.6048
5.67	-2.6067
5.67	-2.6086
5.67	-2.6105
5.67	-2.6125
5.67	-2.6144
5.66	-2.6161
5.67	-2.6184
5.67	-2.6203
5.67	-2.6222
5.67	-2.6243
5.67	-2.6262
5.67	-2.6283
5.67	-2.6304
5.67	-2.6324
5.67	-2.6344
5.67	-2.6366
5.67	-2.6386
5.67	-2.6405
5.67	-2.6428
5.67	-2.6449
5.67	-2.6468
5.67	-2.6488
5.67	-2.6510
5.67	-2.6533
5.67	-2.6552
5.67	-2.6572
5.67	-2.6593
5.67	-2.6614
5.67	-2.6635
5.67	-2.6657
5.67	-2.6676
5.67	-2.6695
5.67	-2.6717
5.67	-2.6740
5.67	-2.6757
5.67	-2.6779
5.67	-2.6800
5.67	-2.6821
5.67	-2.6842
5.67	-2.6862
5.67	-2.6881
5.67	-2.6902
5.67	-2.6923
5.67	-2.6941
5.67	-2.6963
5.67	-2.6981
5.67	-2.7002
5.67	-2.7023
5.67	-2.7041
5.67	-2.7061
5.67	-2.7082
5.67	-2.7101
5.67	-2.7120
5.67	-2.7140
5.67	-2.7159
5.67	-2.7178
5.68	-2.7199
5.67	-2.7216
5.67	-2.7235
5.67	-2.7253
5.67	-2.7272
5.67	-2.7292
5.67	-2.7308
5.67	-2.7329
5.67	-2.7346
5.67	-2.7364
5.67	-2.7382
5.67	-2.7400
5.67	-2.7418
5.67	-2.7437
5.67	-2.7454
5.67	-2.7471
5.67	-2.7489
5.67	-2.7505
5.67	-2.7523
5.67	-2.7540
5.67	-2.7558
5.67	-2.7576
5.67	-2.7591
5.67	-2.7607
5.67	-2.7624
5.67	-2.7642
5.67	-2.7656
5.67	-2.7673
5.67	-2.7690
5.67	-2.7704
5.67	-2.7719
5.67	-2.7735
5.67	-2.7750
5.67	-2.7767
5.67	-2.7782
5.67	-2.7795
5.67	-2.7812
5.67	-2.7825
5.67	-2.7841
5.67	-2.7855
5.68	-2.7871
5.67	-2.7884
5.67	-2.7899
5.67	-2.7913
5.67	-2.7928
5.67	-2.7942
5.68	-2.7955
5.67	-2.7969
5.67	-2.7981
5.67	-2.7995
5.67	-2.8009
5.67	-2.8022
5.67	-2.8035
5.67	-2.8048
5.67	-2.8062
5.67	-2.8073
5.67	-2.8086
5.67	-2.8100
5.67	-2.8112
5.67	-2.8124
5.67	-2.8134
5.67	-2.8147
5.67	-2.8160
5.67	-2.8172
5.67	-2.8184
5.67	-2.8194
5.67	-2.8207
5.67	-2.8217
5.67	-2.8230
5.68	-2.8240
5.68	-2.8252
5.68	-2.8261
5.67	-2.8272
5.67	-2.8282
5.67	-2.8294
5.67	-2.8304
5.67	-2.8315
5.67	-2.8327
5.67	-2.8335
5.67	-2.8345
5.68	-2.8355
5.67	-2.8366
5.67	-2.8376
5.67	-2.8383
5.67	-2.8393
5.68	-2.8402
5.68	-2.8413
5.68	-2.8423
5.67	-2.8431
5.67	-2.8441
5.68	-2.8449
5.68	-2.8456
5.67	-2.8465
5.67	-2.8474
5.67	-2.8484
5.67	-2.8490
5.67	-2.8497
5.67	-2.8506
5.67	-2.8514
5.67	-2.8523
5.67	-2.8531
5.67	-2.8539
5.67	-2.8546
5.67	-2.8553
5.67	-2.8561
5.67	-2.8566
5.67	-2.8576
5.67	-2.8582
5.67	-2.8589
5.67	-2.8597
5.67	-2.8604
5.67	-2.8611
5.67	-2.8615
5.67	-2.8623
5.67	-2.8629
5.67	-2.8634
5.67	-2.8640
5.67	-2.8646
5.67	-2.8654
5.67	-2.8660
5.67	-2.8665
5.67	-2.8671
5.67	-2.8678
5.67	-2.8683
5.67	-2.8689
5.68	-2.8695
5.68	-2.8700
5.67	-2.8705
5.68	-2.8709
5.68	-2.8716
5.68	-2.8722
5.68	-2.8725
5.68	-2.8731
5.67	-2.8736
5.67	-2.8741
5.67	-2.8745
5.67	-2.8749
5.68	-2.8756
5.68	-2.8760
5.68	-2.8764
5.68	-2.8768
5.68	-2.8772
5.68	-2.8778
5.68	-2.8782
5.68	-2.8784
5.67	-2.8787
5.67	-2.8794
5.67	-2.8798
5.67	-2.8801
5.67	-2.8803
5.67	-2.8807
5.67	-2.8811
5.67	-2.8815
5.67	-2.8819
5.67	-2.8820
5.67	-2.8826
5.67	-2.8827
5.67	-2.8832
5.67	-2.8834
5.67	-2.8839
5.67	-2.8842
5.67	-2.8845
5.67	-2.8848
5.67	-2.8849
5.67	-2.8854
5.67	-2.8857
5.67	-2.8858
5.67	-2.8861
5.67	-2.8862
5.67	-2.8865
5.67	-2.8868
5.67	-2.8869
5.67	-2.8873
5.67	-2.8874
5.67	-2.8877
5.67	-2.8878
5.67	-2.8884
5.67	-2.8882
5.67	-2.8884
5.68	-2.8886
5.68	-2.8888
5.68	-2.8891
5.67	-2.8893
5.67	-2.8893
5.67	-2.8895
5.67	-2.8898
5.67	-2.8900
5.67	-2.8903
5.67	-2.8904
5.67	-2.8903
5.67	-2.8906
5.67	-2.8907
5.67	-2.8908
5.67	-2.8908
5.67	-2.8910
5.67	-2.8910
5.67	-2.8912
5.67	-2.8913
5.67	-2.8916
5.67	-2.8916
5.67	-2.8917
5.67	-2.8917
5.67	-2.8918
5.67	-2.8920
5.67	-2.8920
5.67	-2.8922
5.68	-2.8923
5.68	-2.8923
5.68	-2.8925
5.68	-2.8925
5.68	-2.8926
5.68	-2.8924
5.68	-2.8926
5.67	-2.8926
5.67	-2.8926
5.68	-2.8926
5.67	-2.8926
5.67	-2.8926
5.67	-2.8927
5.67	-2.8929
5.67	-2.8927
5.68	-2.8927
5.68	-2.8927
5.68	-2.8928
5.68	-2.8929
5.67	-2.8929
5.67	-2.8927
5.67	-2.8928
5.67	-2.8930
5.67	-2.8928
5.67	-2.8928
5.67	-2.8928
5.67	-2.8927
5.67	-2.8927
5.67	-2.8926
5.67	-2.8926
5.67	-2.8926
5.67	-2.8925
5.67	-2.8925
5.68	-2.8923
5.67	-2.8923
5.67	-2.8922
5.67	-2.8923
5.67	-2.8921
5.67	-2.8921
5.67	-2.8921
5.68	-2.8920
5.67	-2.8920
5.67	-2.8919
5.67	-2.8917
5.67	-2.8917
5.67	-2.8915
5.67	-2.8913
5.67	-2.8914
5.67	-2.8914
5.67	-2.8912
5.67	-2.8910
5.67	-2.8910
5.67	-2.8909
5.67	-2.8907
5.67	-2.8907
5.67	-2.8907
5.67	-2.8905
5.67	-2.8904
5.67	-2.8903
5.67	-2.8900
5.67	-2.8900
5.67	-2.8899
5.67	-2.8898
5.67	-2.8894
5.67	-2.8894
5.67	-2.8891
5.67	-2.8891
5.67	-2.8889
5.67	-2.8888
5.67	-2.8887
5.67	-2.8884
5.67	-2.8884
5.67	-2.8882
5.67	-2.8881
5.67	-2.8878
5.67	-2.8878
5.67	-2.8876
5.67	-2.8874
5.67	-2.8871
5.67	-2.8872
5.67	-2.8869
5.67	-2.8866
5.67	-2.8865
5.67	-2.8864
5.67	-2.8862
5.67	-2.8860
5.68	-2.8859
5.67	-2.8856
5.67	-2.8855
5.67	-2.8850
5.67	-2.8850
5.67	-2.8849
5.67	-2.8846
5.67	-2.8844
5.67	-2.8840
5.67	-2.8840
5.67	-2.8836
5.68	-2.8836
5.68	-2.8833
5.68	-2.8831
5.67	-2.8828
5.67	-2.8826
5.67	-2.8824
5.67	-2.8821
5.67	-2.8819
5.67	-2.8819
5.67	-2.8815
5.67	-2.8814
5.67	-2.8813
5.67	-2.8810
5.67	-2.8809
5.67	-2.8806
5.67	-2.8803
5.68	-2.8800
5.67	-2.8799
5.67	-2.8797
5.67	-2.8794
5.67	-2.8792
5.67	-2.8789
5.67	-2.8787
5.67	-2.8785
5.67	-2.8782
5.67	-2.8778
5.67	-2.8778
5.67	-2.8774
5.67	-2.8771
5.67	-2.8768
5.67	-2.8765
5.67	-2.8765
5.67	-2.8761
5.67	-2.8758
5.67	-2.8756
5.67	-2.8754
5.67	-2.8750
5.67	-2.8748
5.67	-2.8747
5.67	-2.8741
5.67	-2.8740
5.67	-2.8736
5.67	-2.8734
5.67	-2.8731
5.67	-2.8728
5.67	-2.8726
5.67	-2.8723
5.67	-2.8720
5.67	-2.8718
5.67	-2.8713
5.67	-2.8711
5.67	-2.8707
5.67	-2.8704
5.67	-2.8702
5.67	-2.8697
5.67	-2.8695
5.67	-2.8692
5.67	-2.8691
5.67	-2.8686
5.67	-2.8683
5.67	-2.8680
5.67	-2.8678
5.67	-2.8673
5.67	-2.8670
5.67	-2.8667
5.67	-2.8665
5.67	-2.8661
5.67	-2.8660
5.67	-2.8654
5.67	-2.8652
5.67	-2.8649
5.67	-2.8646
5.67	-2.8642
5.67	-2.8639
5.67	-2.8636
5.67	-2.8634
5.67	-2.8631
5.67	-2.8628
5.67	-2.8624
5.67	-2.8622
5.67	-2.8618
5.67	-2.8615
5.67	-2.8612
5.67	-2.8608
5.67	-2.8607
5.67	-2.8603
5.67	-2.8600
5.67	-2.8595
5.67	-2.8592
5.67	-2.8590
5.67	-2.8586
5.67	-2.8583
5.67	-2.8579
5.67	-2.8575
5.67	-2.8571
5.67	-2.8570
5.67	-2.8567
5.67	-2.8564
5.67	-2.8560
5.67	-2.8557
5.67	-2.8555
5.67	-2.8551
5.67	-2.8549
5.67	-2.8544
5.67	-2.8541
5.67	-2.8538
5.67	-2.8535
5.67	-2.8534
5.67	-2.8527
5.67	-2.8524
5.67	-2.8521
5.67	-2.8516
5.68	-2.8514
5.68	-2.8511
5.68	-2.8507
5.68	-2.8506
5.67	-2.8501
5.67	-2.8497
5.67	-2.8494
5.67	-2.8490
5.67	-2.8487
5.67	-2.8483
5.67	-2.8482
5.67	-2.8477
5.67	-2.8471
5.67	-2.8469
5.67	-2.8465
5.68	-2.8462
5.67	-2.8461
5.67	-2.8453
5.67	-2.8452
5.67	-2.8449
5.67	-2.8444
5.67	-2.8442
5.67	-2.8437
5.67	-2.8435
5.67	-2.8432
5.67	-2.8428
5.67	-2.8424
5.67	-2.8420
5.67	-2.8417
5.67	-2.8413
5.67	-2.8409
5.67	-2.8406
5.67	-2.8403
5.67	-2.8398
5.67	-2.8395
5.67	-2.8391
5.67	-2.8388
5.67	-2.8385
5.67	-2.8381
5.67	-2.8377
5.67	-2.8373
5.67	-2.8371
5.67	-2.8367
5.67	-2.8362
5.67	-2.8359
5.67	-2.8357
5.67	-2.8353
5.67	-2.8348
5.67	-2.8344
5.67	-2.8341
5.67	-2.8337
5.67	-2.8335
5.67	-2.8331
5.67	-2.8328
5.67	-2.8324
5.67	-2.8321
5.67	-2.8317
5.67	-2.8313
5.67	-2.8309
5.67	-2.8305
5.67	-2.8301
5.67	-2.8297
5.67	-2.8294
5.67	-2.8288
5.67	-2.8285
5.67	-2.8280
5.67	-2.8277
5.67	-2.8274
5.67	-2.8270
5.67	-2.8266
5.67	-2.8262
5.67	-2.8259
5.67	-2.8255
5.67	-2.8250
5.67	-2.8247
5.67	-2.8242
5.67	-2.8238
5.67	-2.8235
5.67	-2.8230
5.67	-2.8226
5.67	-2.8223
5.67	-2.8219
5.67	-2.8213
5.67	-2.8210
5.67	-2.8205
5.67	-2.8203
5.67	-2.8199
5.67	-2.8196
5.67	-2.8191
5.67	-2.8188
5.67	-2.8183
5.67	-2.8179
5.67	-2.8177
5.66	-2.8172
5.67	-2.8168
5.67	-2.8165
5.67	-2.8161
5.67	-2.8156
5.67	-2.8153
5.67	-2.8150
5.67	-2.8145
5.67	-2.8141
5.67	-2.8139
5.67	-2.8133
5.67	-2.8129
5.67	-2.8125
5.67	-2.8121
5.67	-2.8118
5.67	-2.8112
5.67	-2.8109
5.67	-2.8104
5.67	-2.8099
5.67	-2.8096
5.67	-2.8092
5.67	-2.8088
5.67	-2.8084
5.67	-2.8080
5.67	-2.8077
5.67	-2.8073
5.67	-2.8070
5.67	-2.8065
5.67	-2.8060
5.67	-2.8056
5.67	-2.8051
5.67	-2.8047
5.67	-2.8044
5.67	-2.8040
5.67	-2.8035
5.67	-2.8031
5.67	-2.8026
5.67	-2.8024
5.67	-2.8018
5.67	-2.8015
5.67	-2.8012
5.67	-2.8009
5.67	-2.8002
5.67	-2.7999
5.67	-2.7997
5.67	-2.7993
5.67	-2.7988
5.67	-2.7985
5.67	-2.7980
5.67	-2.7977
5.67	-2.7973
5.67	-2.7971
5.67	-2.7966
5.67	-2.7962
5.66	-2.7959
5.67	-2.7955
5.66	-2.7949
5.67	-2.7945
5.67	-2.7941
5.67	-2.7938
5.67	-2.7934
5.67	-2.7930
5.67	-2.7925
5.67	-2.7920
5.67	-2.7918
5.67	-2.7913
5.67	-2.7910
5.67	-2.7905
5.67	-2.7902
5.67	-2.7898
5.67	-2.7894
5.67	-2.7889
5.67	-2.7887
5.67	-2.7882
5.67	-2.7877
5.67	-2.7873
5.67	-2.7872
5.67	-2.7863
5.67	-2.7861
5.67	-2.7857
5.67	-2.7853
5.67	-2.7849
5.67	-2.7846
5.67	-2.7840
5.67	-2.7838
5.67	-2.7833
5.66	-2.7829
5.67	-2.7826
5.66	-2.7822
5.66	-2.7817
5.67	-2.7814
5.67	-2.7810
5.67	-2.7803
5.67	-2.7801
5.67	-2.7797
5.67	-2.7792
5.67	-2.7789
5.67	-2.7785
5.67	-2.7781
5.67	-2.7777
5.67	-2.7772
5.67	-2.7769
5.67	-2.7764
5.67	-2.7762
5.67	-2.7759
5.67	-2.7753
5.67	-2.7749
5.67	-2.7743
5.67	-2.7741
5.67	-2.7737
5.67	-2.7733
5.67	-2.7729
5.67	-2.7724
5.67	-2.7721
5.67	-2.7715
5.66	-2.7713
5.66	-2.7708
5.67	-2.7706
5.67	-2.7700
5.67	-2.7698
5.67	-2.7694
5.67	-2.7690
5.67	-2.7686
5.67	-2.7681
5.67	-2.7678
5.67	-2.7673
5.67	-2.7670
5.67	-2.7667
5.67	-2.7663
5.67	-2.7658
5.67	-2.7655
5.67	-2.7651
5.67	-2.7647
5.67	-2.7644
5.67	-2.7639
5.67	-2.7634
5.67	-2.7630
5.67	-2.7628
5.67	-2.7624
5.67	-2.7618
5.67	-2.7614
5.67	-2.7609
5.67	-2.7606
5.67	-2.7603
5.67	-2.7598
5.67	-2.7593
5.67	-2.7592
5.67	-2.7587
5.67	-2.7583
5.67	-2.7578
5.67	-2.7574
5.67	-2.7572
5.67	-2.7567
5.67	-2.7563
5.67	-2.7559
5.67	-2.7554
5.67	-2.7549
5.67	-2.7547
5.67	-2.7543
5.67	-2.7541
5.67	-2.7536
5.66	-2.7531
5.66	-2.7527
5.67	-2.7523
5.67	-2.7520
5.67	-2.7516
5.67	-2.7513
5.67	-2.7508
5.67	-2.7505
5.67	-2.7499
5.67	-2.7496
5.67	-2.7492
5.67	-2.7487
5.67	-2.7484
5.67	-2.7480
5.66	-2.7474
5.66	-2.7471
5.67	-2.7467
5.67	-2.7464
5.67	-2.7459
5.67	-2.7454
5.67	-2.7451
5.67	-2.7446
5.67	-2.7442
5.67	-2.7435
5.67	-2.7430
5.67	-2.7427
5.67	-2.7424
5.67	-2.7421
5.67	-2.7415
5.67	-2.7413
5.67	-2.7407
5.67	-2.7403
5.67	-2.7398
5.67	-2.7394
5.67	-2.7391
5.67	-2.7386
5.67	-2.7383
5.67	-2.7379
5.67	-2.7375
5.67	-2.7370
5.67	-2.7367
5.67	-2.7360
5.67	-2.7357
5.67	-2.7353
5.67	-2.7350
5.67	-2.7346
5.67	-2.7342
5.67	-2.7338
5.67	-2.7335
5.67	-2.7330
5.66	-2.7328
5.66	-2.7319
5.66	-2.7317
5.67	-2.7314
5.67	-2.7310
5.67	-2.7306
5.67	-2.7301
5.67	-2.7298
5.67	-2.7293
5.66	-2.7291
5.66	-2.7285
5.66	-2.7282
5.66	-2.7279
5.67	-2.7274
5.67	-2.7270
5.67	-2.7266
5.66	-2.7263
5.66	-2.7257
5.67	-2.7253
5.67	-2.7249
5.67	-2.7245
5.67	-2.7238
5.67	-2.7237
5.67	-2.7232
5.67	-2.7228
5.67	-2.7224
5.66	-2.7221
5.66	-2.7216
5.66	-2.7212
5.67	-2.7208
5.67	-2.7205
5.67	-2.7199
5.67	-2.7194
5.67	-2.7192
5.67	-2.7186
5.66	-2.7182
5.66	-2.7179
5.67	-2.7176
5.67	-2.7171
5.67	-2.7166
5.67	-2.7164
5.66	-2.7159
5.66	-2.7155
5.67	-2.7153
5.67	-2.7148
5.67	-2.7145
5.67	-2.7141
5.67	-2.7135
5.67	-2.7129
5.67	-2.7126
5.67	-2.7123
5.67	-2.7119
5.66	-2.7116
5.66	-2.7111
5.66	-2.7108
5.66	-2.7105
5.67	-2.7101
5.67	-2.7096
5.67	-2.7092
5.67	-2.7089
5.66	-2.7086
5.66	-2.7081
5.66	-2.7077
5.66	-2.7074
5.66	-2.7069
5.66	-2.7066
5.66	-2.7061
5.66	-2.7057
5.67	-2.7054
5.67	-2.7049
5.66	-2.7045
5.66	-2.7043
5.66	-2.7037
5.66	-2.7034
5.67	-2.7031
5.66	-2.7027
5.66	-2.7023
5.66	-2.7019
5.66	-2.7013
5.66	-2.7009
5.67	-2.7006
5.67	-2.7002
5.66	-2.6997
5.66	-2.6994
5.67	-2.6990
5.67	-2.6985
5.67	-2.6983
5.67	-2.6977
5.67	-2.6975
5.67	-2.6970
5.67	-2.6967
5.66	-2.6963
5.66	-2.6958
5.67	-2.6955
5.67	-2.6952
5.66	-2.6948
5.67	-2.6946
5.67	-2.6942
5.66	-2.6937
5.66	-2.6935
5.67	-2.6932
5.67	-2.6927
5.67	-2.6924
5.67	-2.6918
5.67	-2.6917
5.67	-2.6912
5.67	-2.6909
5.67	-2.6905
5.67	-2.6901
5.67	-2.6897
5.67	-2.6894
5.66	-2.6887
5.66	-2.6884
5.67	-2.6882
5.67	-2.6877
5.67	-2.6874
5.67	-2.6871
5.66	-2.6864
5.66	-2.6863
5.66	-2.6858
5.66	-2.6854
5.66	-2.6849
5.66	-2.6845
5.66	-2.6843
5.66	-2.6838
5.66	-2.6834
5.66	-2.6830
5.67	-2.6825
5.67	-2.6821
5.67	-2.6819
5.66	-2.6816
5.67	-2.6812
5.67	-2.6808
5.66	-2.6803
5.66	-2.6800
5.66	-2.6798
5.67	-2.6793
5.67	-2.6790
5.66	-2.6785
5.67	-2.6781
5.67	-2.6778
5.66	-2.6774
5.67	-2.6768
5.67	-2.6766
5.66	-2.6761
5.66	-2.6758
5.66	-2.6755
5.66	-2.6751
5.66	-2.6747
5.66	-2.6742
5.66	-2.6738
5.66	-2.6735
5.67	-2.6730
5.67	-2.6728
5.66	-2.6723
5.66	-2.6719
5.67	-2.6716
5.67	-2.6710
5.67	-2.6707
5.67	-2.6705
5.67	-2.6702
5.67	-2.6695
5.67	-2.6692
5.66	-2.6687
5.66	-2.6684
5.67	-2.6681
5.67	-2.6676
5.67	-2.6675
5.67	-2.6669
5.67	-2.6665
5.67	-2.6661
5.67	-2.6657
5.66	-2.6652
5.66	-2.6649
5.66	-2.6645
5.66	-2.6641
5.67	-2.6638
5.66	-2.6632
5.66	-2.6631
5.66	-2.6626
5.66	-2.6622
5.66	-2.6617
5.66	-2.6615
5.67	-2.6609
5.67	-2.6607
5.67	-2.6604
5.67	-2.6602
5.67	-2.6597
5.67	-2.6594
5.67	-2.6589
5.67	-2.6585
5.67	-2.6582
5.67	-2.6578
5.67	-2.6574
5.67	-2.6569
5.67	-2.6567
5.66	-2.6564
5.66	-2.6559
5.66	-2.6556
5.66	-2.6552
5.66	-2.6549
5.66	-2.6546
5.67	-2.6541
5.67	-2.6538
5.67	-2.6531
5.66	-2.6530
5.66	-2.6525
5.66	-2.6521
5.66	-2.6518
5.66	-2.6514
5.66	-2.6511
5.66	-2.6508
5.66	-2.6504
5.67	-2.6498
5.67	-2.6496
5.67	-2.6492
5.66	-2.6489
5.66	-2.6484
5.66	-2.6480
5.65	-2.6479
5.66	-2.6474
5.66	-2.6468
5.66	-2.6465
5.66	-2.6462
5.66	-2.6460
5.66	-2.6457
5.66	-2.6453
5.66	-2.6448
5.67	-2.6445
5.67	-2.6441
5.67	-2.6438
5.67	-2.6435
5.67	-2.6428
5.66	-2.6427
5.66	-2.6424
5.66	-2.6419
5.66	-2.6416
5.66	-2.6412
5.66	-2.6408
5.66	-2.6404
5.66	-2.6400
5.66	-2.6396
5.66	-2.6393
5.66	-2.6391
5.66	-2.6387
5.66	-2.6383
5.66	-2.6377
5.66	-2.6375
5.66	-2.6371
5.66	-2.6367
5.66	-2.6365
5.66	-2.6360
5.66	-2.6358
5.67	-2.6354
5.67	-2.6348
5.66	-2.6347
5.66	-2.6343
5.66	-2.6339
5.66	-2.6335
5.66	-2.6331
5.66	-2.6330
5.66	-2.6325
5.66	-2.6322
5.67	-2.6318
5.67	-2.6314
5.66	-2.6311
5.66	-2.6309
5.66	-2.6304
5.66	-2.6301
5.66	-2.6299
5.66	-2.6294
5.66	-2.6292
5.66	-2.6287
5.66	-2.6284
5.66	-2.6279
5.66	-2.6275
5.66	-2.6272
5.66	-2.6269
5.66	-2.6266
5.66	-2.6261
5.66	-2.6258
5.66	-2.6256
5.66	-2.6251
5.66	-2.6249
5.66	-2.6246
5.66	-2.6242
5.66	-2.6238
5.66	-2.6237
5.66	-2.6231
5.66	-2.6228
5.66	-2.6222
5.66	-2.6219
5.66	-2.6217
5.66	-2.6212
5.67	-2.6208
5.67	-2.6204
5.66	-2.6203
5.66	-2.6198
5.66	-2.6195
5.66	-2.6192
5.66	-2.6188
5.66	-2.6183
5.67	-2.6181
5.67	-2.6177
5.67	-2.6174
5.66	-2.6170
5.66	-2.6167
5.66	-2.6160
5.66	-2.6158
5.66	-2.6155
5.66	-2.6152
5.67	-2.6148
5.67	-2.6145
5.66	-2.6141
5.66	-2.6138
5.66	-2.6136
5.66	-2.6130
5.66	-2.6128
5.66	-2.6126
5.66	-2.6121
5.66	-2.6119
5.66	-2.6112
5.67	-2.6109
5.67	-2.6105
5.67	-2.6103
5.67	-2.6099
5.67	-2.6096
5.67	-2.6091
5.67	-2.6089
5.66	-2.6085
5.66	-2.6080
5.66	-2.6079
5.66	-2.6074
5.66	-2.6072
5.66	-2.6068
5.66	-2.6066
5.66	-2.6060
5.66	-2.6057
5.66	-2.6057
5.66	-2.6051
5.67	-2.6050
5.66	-2.6045
5.66	-2.6041
5.66	-2.6038
5.66	-2.6035
5.66	-2.6031
5.65	-2.6027
5.66	-2.6026
5.66	-2.6021
5.66	-2.6020
5.66	-2.6014
5.67	-2.6011
5.67	-2.6007
5.67	-2.6006
5.67	-2.6002
5.67	-2.5997
5.67	-2.5995
5.67	-2.5991
5.67	-2.5989
5.67	-2.5983
5.66	-2.5981
5.66	-2.5977
5.66	-2.5974
5.66	-2.5970
5.66	-2.5966
5.66	-2.5963
5.66	-2.5959
5.66	-2.5958
5.66	-2.5954
5.66	-2.5949
5.66	-2.5946
5.66	-2.5943
5.66	-2.5939
5.66	-2.5936
5.66	-2.5933
5.66	-2.5930
5.66	-2.5927
5.66	-2.5924
5.65	-2.5918
5.66	-2.5915
5.66	-2.5912
5.66	-2.5909
5.66	-2.5906
5.66	-2.5902
5.66	-2.5901
5.66	-2.5896
5.67	-2.5894
5.66	-2.5889
5.66	-2.5887
5.66	-2.5884
5.66	-2.5881
5.66	-2.5875
5.67	-2.5873
5.67	-2.5869
5.66	-2.5867
5.66	-2.5864
5.66	-2.5858
5.66	-2.5856
5.66	-2.5854
5.65	-2.5851
5.65	-2.5845
5.65	-2.5843
5.65	-2.5841
5.66	-2.5838
5.66	-2.5835
5.66	-2.5831
5.66	-2.5827
5.66	-2.5824
5.66	-2.5819
5.66	-2.5817
5.66	-2.5814
5.66	-2.5812
5.66	-2.5808
5.66	-2.5804
5.66	-2.5801
5.66	-2.5798
5.66	-2.5793
5.66	-2.5789
5.66	-2.5787
5.66	-2.5785
5.66	-2.5781
5.66	-2.5778
5.66	-2.5775
5.66	-2.5772
5.66	-2.5767
5.66	-2.5766
5.66	-2.5762
5.66	-2.5759
5.66	-2.5757
5.66	-2.5753
5.66	-2.5750
5.66	-2.5746
5.66	-2.5743
5.66	-2.5740
5.66	-2.5736
5.66	-2.5734
5.66	-2.5731
5.66	-2.5727
5.66	-2.5724
5.66	-2.5720
5.66	-2.5719
5.66	-2.5716
5.66	-2.5713
5.66	-2.5710
5.67	-2.5706
5.66	-2.5703
5.66	-2.5699
5.66	-2.5696
5.66	-2.5693
5.66	-2.5689
5.66	-2.5688
5.66	-2.5685
5.66	-2.5680
5.66	-2.5677
5.66	-2.5673
5.66	-2.5669
5.66	-2.5668
5.66	-2.5664
5.66	-2.5661
5.66	-2.5657
5.66	-2.5654
5.66	-2.5651
5.66	-2.5648
5.65	-2.5645
5.66	-2.5644
5.66	-2.5640
5.66	-2.5636
5.66	-2.5632
5.66	-2.5629
5.66	-2.5626
5.66	-2.5622
5.66	-2.5619
5.66	-2.5616
5.66	-2.5611
5.65	-2.5609
5.66	-2.5606
5.66	-2.5602
5.66	-2.5601
5.66	-2.5597
5.66	-2.5595
5.66	-2.5592
5.66	-2.5588
5.66	-2.5586
5.66	-2.5584
5.66	-2.5579
5.66	-2.5577
5.66	-2.5573
5.66	-2.5570
5.66	-2.5568
5.66	-2.5563
5.66	-2.5560
5.66	-2.5557
5.66	-2.5554
5.66	-2.5551
5.66	-2.5548
5.66	-2.5545
5.66	-2.5541
5.66	-2.5540
5.66	-2.5537
5.66	-2.5533
5.66	-2.5530
5.66	-2.5527
5.66	-2.5523
5.66	-2.5520
5.65	-2.5519
5.66	-2.5516
5.66	-2.5512
5.66	-2.5509
5.65	-2.5505
5.65	-2.5501
5.66	-2.5499
5.65	-2.5495
5.65	-2.5492
5.66	-2.5492
5.66	-2.5487
5.66	-2.5484
5.66	-2.5481
5.66	-2.5478
5.66	-2.5477
5.66	-2.5472
5.66	-2.5470
5.66	-2.5466
5.66	-2.5463
5.65	-2.5461
5.65	-2.5458
5.66	-2.5455
5.66	-2.5453
5.66	-2.5450
5.66	-2.5447
5.66	-2.5444
5.66	-2.5440
5.65	-2.5435
5.65	-2.5434
5.65	-2.5430
5.65	-2.5429
5.65	-2.5425
5.65	-2.5423
5.65	-2.5420
5.65	-2.5417
5.65	-2.5413
5.66	-2.5410
5.65	-2.5408
5.66	-2.5405
5.66	-2.5402
5.66	-2.5399
5.66	-2.5394
5.66	-2.5392
5.66	-2.5390
5.66	-2.5388
5.66	-2.5385
5.66	-2.5382
5.66	-2.5378
5.66	-2.5374
5.66	-2.5372
5.66	-2.5370
5.66	-2.5367
5.66	-2.5365
5.66	-2.5361
5.66	-2.5358
5.66	-2.5356
5.65	-2.5353
5.66	-2.5350
5.66	-2.5348
5.66	-2.5345
5.66	-2.5343
5.66	-2.5339
5.66	-2.5336
5.66	-2.5334
5.66	-2.5330
5.66	-2.5330
5.66	-2.5325
5.66	-2.5323
5.66	-2.5321
5.66	-2.5317
5.66	-2.5313
5.66	-2.5312
5.66	-2.5307
5.66	-2.5305
5.66	-2.5301
5.66	-2.5299
5.66	-2.5295
5.66	-2.5294
5.66	-2.5290
5.66	-2.5289
5.66	-2.5284
5.66	-2.5282
5.65	-2.5279
5.65	-2.5274
5.66	-2.5273
5.65	-2.5270
5.66	-2.5267
5.66	-2.5264
5.65	-2.5261
5.65	-2.5256
5.66	-2.5254
5.66	-2.5250
5.66	-2.5249
5.66	-2.5248
5.66	-2.5244
5.66	-2.5241
5.66	-2.5238
5.66	-2.5237
5.66	-2.5233
5.66	-2.5230
5.65	-2.5227
5.65	-2.5225
5.66	-2.5223
5.66	-2.5220
5.65	-2.5217
5.66	-2.5214
5.65	-2.5212
5.66	-2.5209
5.66	-2.5206
5.66	-2.5205
5.66	-2.5200
5.66	-2.5198
5.66	-2.5195
5.65	-2.5193
5.65	-2.5189
5.65	-2.5187
5.66	-2.5183
5.66	-2.5182
5.65	-2.5180
5.65	-2.5178
5.65	-2.5174
5.65	-2.5171
5.65	-2.5169
5.65	-2.5166
5.65	-2.5162
5.65	-2.5160
5.66	-2.5156
5.66	-2.5153
5.66	-2.5151
5.66	-2.5148
5.66	-2.5146
5.66	-2.5145
5.66	-2.5141
5.66	-2.5140
5.66	-2.5133
5.66	-2.5132
5.66	-2.5131
5.66	-2.5127
5.66	-2.5124
5.65	-2.5123
5.66	-2.5119
5.66	-2.5116
5.66	-2.5113
5.66	-2.5110
5.66	-2.5108
5.66	-2.5105
5.66	-2.5104
5.66	-2.5100
5.65	-2.5097
5.65	-2.5092
5.65	-2.5092
5.65	-2.5089
5.65	-2.5087
5.65	-2.5084
5.65	-2.5080
5.66	-2.5080
5.66	-2.5075
5.66	-2.5070
5.66	-2.5069
5.66	-2.5064
5.66	-2.5063
5.66	-2.5060
5.66	-2.5057
5.66	-2.5057
5.66	-2.5052
5.66	-2.5051
5.66	-2.5049
5.66	-2.5044
5.66	-2.5042
5.66	-2.5041
5.66	-2.5036
5.66	-2.5036
5.66	-2.5033
5.65	-2.5031
5.66	-2.5028
5.66	-2.5024
5.66	-2.5024
5.65	-2.5021
5.65	-2.5016
5.65	-2.5013
5.65	-2.5010
5.65	-2.5007
5.66	-2.5005
5.66	-2.5003
5.66	-2.5000
5.66	-2.4996
5.66	-2.4994
5.66	-2.4993
5.66	-2.4990
5.66	-2.4988
5.65	-2.4985
5.65	-2.4981
5.66	-2.4980
5.66	-2.4978
5.66	-2.4974
5.66	-2.4973
5.66	-2.4969
5.66	-2.4967
5.66	-2.4965
5.66	-2.4962
5.66	-2.4959
5.66	-2.4955
5.66	-2.4952
5.65	-2.4950
5.65	-2.4947
5.65	-2.4944
5.65	-2.4941
5.65	-2.4939
5.65	-2.4936
5.65	-2.4933
5.65	-2.4931
5.65	-2.4929
5.66	-2.4926
5.65	-2.4922
5.65	-2.4921
5.65	-2.4918
5.65	-2.4915
5.65	-2.4915
5.65	-2.4911
5.65	-2.4910
5.65	-2.4906
5.66	-2.4904
5.65	-2.4902
5.65	-2.4900
5.65	-2.4897
5.65	-2.4893
5.65	-2.4891
5.65	-2.4889
5.66	-2.4885
5.66	-2.4885
5.66	-2.4881
5.66	-2.4880
5.66	-2.4878
5.66	-2.4874
5.66	-2.4873
5.66	-2.4871
5.66	-2.4869
5.66	-2.4864
5.66	-2.4863
5.66	-2.4859
5.65	-2.4856
5.66	-2.4856
5.65	-2.4853
5.65	-2.4852
5.66	-2.4849
5.65	-2.4846
5.65	-2.4844
5.65	-2.4840
5.65	-2.4841
5.65	-2.4836
5.65	-2.4834
5.65	-2.4831
5.66	-2.4828
5.66	-2.4826
5.66	-2.4823
5.66	-2.4821
5.66	-2.4818
5.66	-2.4816
5.66	-2.4813
5.66	-2.4813
5.66	-2.4808
5.65	-2.4805
5.65	-2.4804
5.65	-2.4799
5.65	-2.4799
5.65	-2.4796
5.66	-2.4794
5.66	-2.4790
5.66	-2.4788
5.66	-2.4785
5.66	-2.4784
5.66	-2.4781
5.66	-2.4778
5.66	-2.4773
5.66	-2.4772
5.66	-2.4770
5.66	-2.4767
5.66	-2.4764
5.66	-2.4762
5.66	-2.4760
5.66	-2.4757
5.66	-2.4755
5.66	-2.4750
5.66	-2.4749
5.66	-2.4747
5.66	-2.4745
5.66	-2.4742
5.66	-2.4741
5.66	-2.4739
5.66	-2.4736
5.66	-2.4733
5.66	-2.4731
5.65	-2.4729
5.65	-2.4727
5.65	-2.4723
5.65	-2.4723
5.66	-2.4719
5.66	-2.4719
5.65	-2.4717
5.66	-2.4712
5.66	-2.4710
5.66	-2.4708
5.66	-2.4706
5.66	-2.4703
5.65	-2.4701
5.65	-2.4699
5.65	-2.4697
5.65	-2.4693
5.65	-2.4693
5.66	-2.4689
5.66	-2.4689
5.66	-2.4685
5.66	-2.4682
5.66	-2.4681
5.66	-2.4678
5.66	-2.4676
5.66	-2.4673
5.66	-2.4672
5.66	-2.4669
5.66	-2.4668
5.66	-2.4665
5.66	-2.4662
5.66	-2.4659
5.66	-2.4656
5.65	-2.4652
5.66	-2.4652
5.66	-2.4649
5.65	-2.4647
5.65	-2.4645
5.65	-2.4642
5.65	-2.4639
5.65	-2.4638
5.65	-2.4636
5.65	-2.4632
5.65	-2.4631
5.65	-2.4628
5.65	-2.4625
5.65	-2.4624
5.65	-2.4621
5.66	-2.4618
5.65	-2.4615
5.65	-2.4617
5.65	-2.4612
5.65	-2.4612
5.66	-2.4608
5.66	-2.4607
5.66	-2.4603
5.66	-2.4601
5.66	-2.4599
5.65	-2.4597
5.65	-2.4595
5.65	-2.4592
5.65	-2.4589
5.65	-2.4587
5.66	-2.4584
5.66	-2.4582
5.66	-2.4581
5.66	-2.4577
5.66	-2.4575
5.66	-2.4572
5.66	-2.4570
5.66	-2.4568
5.65	-2.4566
5.65	-2.4564
5.65	-2.4561
5.66	-2.4560
5.66	-2.4556
5.66	-2.4555
5.66	-2.4553
5.65	-2.4551
5.65	-2.4548
5.66	-2.4545
5.65	-2.4544
5.65	-2.4539
5.65	-2.4539
5.65	-2.4536
5.66	-2.4534
5.66	-2.4533
5.65	-2.4529
5.65	-2.4528
5.65	-2.4524
5.65	-2.4522
5.65	-2.4520
5.65	-2.4517
5.65	-2.4515
5.65	-2.4513
5.66	-2.4511
5.66	-2.4508
5.66	-2.4505
5.66	-2.4504
5.66	-2.4503
5.66	-2.4501
5.66	-2.4498
5.66	-2.4497
5.66	-2.4494
5.66	-2.4491
5.66	-2.4489
5.66	-2.4488
5.66	-2.4486
5.65	-2.4482
5.65	-2.4480
5.65	-2.4479
5.65	-2.4477
5.65	-2.4474
5.65	-2.4472
5.65	-2.4469
5.65	-2.4465
5.65	-2.4464
5.65	-2.4462
5.65	-2.4459
5.65	-2.4458
5.65	-2.4456
5.65	-2.4453
5.65	-2.4453
5.65	-2.4449
5.65	-2.4446
5.65	-2.4444
5.66	-2.4443
5.66	-2.4441
5.66	-2.4437
5.66	-2.4438
5.66	-2.4434
5.66	-2.4432
5.66	-2.4429
5.66	-2.4427
5.66	-2.4426
5.66	-2.4425
5.66	-2.4422
5.66	-2.4420
5.66	-2.4419
5.66	-2.4415
5.66	-2.4413
5.66	-2.4409
5.66	-2.4407
5.66	-2.4407
5.66	-2.4404
5.66	-2.4402
5.66	-2.4400
5.66	-2.4397
5.66	-2.4395
5.66	-2.4394
5.65	-2.4391
5.66	-2.4389
5.66	-2.4385
5.66	-2.4385
5.66	-2.4381
5.66	-2.4380
5.65	-2.4376
5.65	-2.4376
5.65	-2.4372
5.65	-2.4370
5.65	-2.4368
5.65	-2.4367
5.65	-2.4364
5.65	-2.4362
5.65	-2.4359
5.65	-2.4359
5.65	-2.4356
5.65	-2.4353
5.66	-2.4352
5.66	-2.4349
5.65	-2.4347
5.65	-2.4345
5.65	-2.4343
5.65	-2.4342
5.65	-2.4338
5.65	-2.4337
5.65	-2.4335
5.65	-2.4333
5.65	-2.4330
5.65	-2.4329
5.66	-2.4327
5.66	-2.4325
5.66	-2.4322
5.66	-2.4321
5.65	-2.4321
5.65	-2.4316
5.65	-2.4314
5.65	-2.4313
5.65	-2.4309
5.66	-2.4309
5.66	-2.4306
5.66	-2.4305
5.66	-2.4302
5.66	-2.4300
5.65	-2.4297
5.66	-2.4295
5.65	-2.4292
5.65	-2.4291
5.65	-2.4288
5.65	-2.4285
5.65	-2.4285
5.66	-2.4283
5.66	-2.4281
5.66	-2.4278
5.65	-2.4276
5.65	-2.4275
5.65	-2.4267
5.66	-2.4276
5.65	-2.4303
5.66	-2.4344
5.66	-2.4393
5.66	-2.4441
5.65	-2.4484
5.65	-2.4515
5.65	-2.4536
5.66	-2.4543
5.66	-2.4539
5.66	-2.4522
5.67	-2.4499
5.67	-2.4470
5.67	-2.4437
5.68	-2.4401
5.68	-2.4368
5.69	-2.4337
5.70	-2.4310
5.70	-2.4289
5.71	-2.4272
5.71	-2.4263
5.71	-2.4259
5.72	-2.4260
5.73	-2.4267
5.73	-2.4277
5.74	-2.4293
5.75	-2.4312
5.76	-2.4334
5.77	-2.4360
5.78	-2.4387
5.78	-2.4416
5.79	-2.4445
5.79	-2.4476
5.79	-2.4505
5.80	-2.4534
5.81	-2.4559
5.83	-2.4585
5.83	-2.4609
5.83	-2.4628
5.84	-2.4647
5.84	-2.4661
5.86	-2.4673
5.87	-2.4679
5.87	-2.4684
5.88	-2.4685
5.89	-2.4682
5.90	-2.4676
5.91	-2.4667
5.91	-2.4655
5.92	-2.4639
5.93	-2.4618
5.94	-2.4597
5.95	-2.4572
5.96	-2.4542
5.96	-2.4513
5.97	-2.4479
5.98	-2.4444
5.99	-2.4405
5.99	-2.4365
6.00	-2.4324
6.01	-2.4281
6.02	-2.4236
6.03	-2.4192
6.03	-2.4145
6.04	-2.4097
6.04	-2.4048
6.06	-2.3999
6.06	-2.3950
6.08	-2.3900
6.08	-2.3848
6.09	-2.3797
6.10	-2.3746
6.11	-2.3696
6.12	-2.3645
6.13	-2.3594
6.13	-2.3543
6.14	-2.3493
6.15	-2.3443
6.15	-2.3394
6.16	-2.3344
6.17	-2.3296
6.18	-2.3248
6.19	-2.3201
6.20	-2.3155
6.20	-2.3109
6.21	-2.3064
6.22	-2.3021
6.23	-2.2977
6.24	-2.2936
6.25	-2.2893
6.25	-2.2853
6.27	-2.2813
6.28	-2.2774
6.28	-2.2735
6.29	-2.2697
6.29	-2.2660
6.30	-2.2623
6.31	-2.2587
6.32	-2.2553
6.33	-2.2517
6.34	-2.2484
6.34	-2.2451
6.36	-2.2420
6.37	-2.2388
6.38	-2.2360
6.38	-2.2330
6.38	-2.2301
6.39	-2.2272
6.40	-2.2244
6.41	-2.2217
6.42	-2.2189
6.43	-2.2163
6.44	-2.2135
6.45	-2.2110
6.45	-2.2084
6.46	-2.2059
6.47	-2.2035
6.48	-2.2011
6.49	-2.1988
6.50	-2.1966
6.50	-2.1945
6.51	-2.1925
6.52	-2.1905
6.53	-2.1883
6.54	-2.1863
6.54	-2.1845
6.55	-2.1826
6.56	-2.1808
6.57	-2.1790
6.57	-2.1771
6.58	-2.1755
6.59	-2.1738
6.60	-2.1721
6.61	-2.1703
6.62	-2.1686
6.63	-2.1669
6.63	-2.1653
6.64	-2.1637
6.65	-2.1620
6.66	-2.1606
6.67	-2.1591
6.67	-2.1576
6.68	-2.1561
6.69	-2.1547
6.70	-2.1533
6.71	-2.1518
6.72	-2.1504
6.73	-2.1490
6.73	-2.1477
6.73	-2.1464
6.75	-2.1450
6.76	-2.1436
6.76	-2.1422
6.78	-2.1409
6.78	-2.1397
6.79	-2.1383
6.79	-2.1369
6.79	-2.1357
6.80	-2.1345
6.82	-2.1332
6.83	-2.1319
6.84	-2.1306
6.84	-2.1294
6.86	-2.1283
6.87	-2.1270
6.88	-2.1256
6.89	-2.1243
6.89	-2.1232
6.90	-2.1220
6.91	-2.1208
6.92	-2.1195
6.92	-2.1184
6.93	-2.1173
6.94	-2.1161
6.95	-2.1149
6.95	-2.1137
6.96	-2.1125
6.98	-2.1114
6.98	-2.1101
6.99	-2.1089
7.00	-2.1078
7.01	-2.1065
7.01	-2.1053
7.02	-2.1042
7.03	-2.1030
7.04	-2.1018
7.05	-2.1006
7.06	-2.0994
7.06	-2.0983
7.07	-2.0973
7.08	-2.0963
7.09	-2.0954
7.09	-2.0944
7.11	-2.0932
7.12	-2.0921
7.12	-2.0910
7.13	-2.0900
7.14	-2.0888
7.15	-2.0877
7.16	-2.0866
7.17	-2.0855
7.17	-2.0844
7.18	-2.0833
7.19	-2.0822
7.20	-2.0810
7.21	-2.0799
7.22	-2.0789
7.23	-2.0779
7.23	-2.0770
7.24	-2.0762
7.25	-2.0753
7.25	-2.0743
7.26	-2.0735
7.27	-2.0727
7.28	-2.0718
7.29	-2.0709
7.30	-2.0700
7.31	-2.0692
7.32	-2.0683
7.33	-2.0674
7.33	-2.0666
7.34	-2.0657
7.34	-2.0649
7.36	-2.0641
7.36	-2.0633
7.37	-2.0623
7.38	-2.0614
7.39	-2.0606
7.40	-2.0597
7.40	-2.0588
7.41	-2.0580
7.42	-2.0571
7.42	-2.0562
7.44	-2.0554
7.45	-2.0545
7.45	-2.0536
7.46	-2.0528
7.47	-2.0519
7.48	-2.0511
7.49	-2.0503
7.49	-2.0495
7.50	-2.0487
7.51	-2.0481
7.52	-2.0473
7.53	-2.0464
7.53	-2.0457
7.54	-2.0448
7.55	-2.0441
7.56	-2.0433
7.57	-2.0424
7.58	-2.0417
7.58	-2.0408
7.59	-2.0400
7.60	-2.0392
7.61	-2.0384
7.62	-2.0377
7.63	-2.0369
7.63	-2.0362
7.65	-2.0354
7.65	-2.0346
7.66	-2.0339
7.67	-2.0332
7.67	-2.0325
7.68	-2.0316
7.68	-2.0308
7.70	-2.0300
7.71	-2.0294
7.72	-2.0286
7.73	-2.0281
7.74	-2.0273
7.75	-2.0268
7.75	-2.0261
7.76	-2.0254
7.77	-2.0248
7.78	-2.0242
7.79	-2.0236
7.79	-2.0229
7.80	-2.0223
7.81	-2.0217
7.82	-2.0209
7.83	-2.0202
7.83	-2.0195
7.84	-2.0188
7.85	-2.0182
7.86	-2.0175
7.87	-2.0167
7.87	-2.0159
7.88	-2.0153
7.89	-2.0146
7.90	-2.0139
7.91	-2.0133
7.92	-2.0127
7.92	-2.0120
7.93	-2.0115
7.94	-2.0109
7.95	-2.0104
7.96	-2.0098
7.97	-2.0092
7.98	-2.0087
7.99	-2.0082
8.00	-2.0077
8.00	-2.0071
8.01	-2.0065
8.02	-2.0060
8.03	-2.0054
8.03	-2.0049
8.04	-2.0042
8.05	-2.0036
8.06	-2.0031
8.07	-2.0026
8.08	-2.0021
8.09	-2.0014
8.09	-2.0009
8.10	-2.0003
8.11	-1.9997
8.12	-1.9990
8.13	-1.9984
8.13	-1.9979
8.13	-1.9971
8.15	-1.9965
8.16	-1.9959
8.18	-1.9953
8.18	-1.9947
8.19	-1.9942
8.19	-1.9936
8.20	-1.9930
8.21	-1.9924
8.22	-1.9919
8.23	-1.9912
8.24	-1.9906
8.24	-1.9899
8.25	-1.9893
8.26	-1.9886
8.27	-1.9879
8.27	-1.9872
8.28	-1.9863
8.29	-1.9859
8.29	-1.9853
8.30	-1.9846
8.31	-1.9839
8.32	-1.9833
8.33	-1.9827
8.34	-1.9821
8.35	-1.9816
8.36	-1.9809
8.36	-1.9804
8.37	-1.9797
8.38	-1.9789
8.39	-1.9782
8.40	-1.9775
8.40	-1.9770
8.41	-1.9764
8.42	-1.9757
8.43	-1.9752
8.44	-1.9746
8.45	-1.9739
8.45	-1.9731
8.46	-1.9725
8.47	-1.9719
8.48	-1.9714
8.49	-1.9709
8.50	-1.9704
8.50	-1.9698
8.51	-1.9692
8.52	-1.9685
8.53	-1.9678
8.53	-1.9672
8.54	-1.9665
8.55	-1.9658
8.56	-1.9651
8.57	-1.9644
8.58	-1.9639
8.58	-1.9632
8.60	-1.9627
8.60	-1.9620
8.61	-1.9613
8.62	-1.9607
8.63	-1.9602
8.64	-1.9595
8.64	-1.9590
8.65	-1.9584
8.66	-1.9579
8.67	-1.9574
8.68	-1.9569
8.69	-1.9563
8.70	-1.9557
8.70	-1.9551
8.71	-1.9545
8.72	-1.9539
8.72	-1.9534
8.74	-1.9527
8.75	-1.9520
8.76	-1.9515
8.77	-1.9508
8.78	-1.9503
8.78	-1.9498
8.79	-1.9492
8.80	-1.9488
8.80	-1.9482
8.80	-1.9477
8.82	-1.9471
8.83	-1.9466
8.84	-1.9458
8.85	-1.9452
8.85	-1.9446
8.86	-1.9440
8.87	-1.9433
8.88	-1.9426
8.89	-1.9420
8.89	-1.9414
8.90	-1.9408
8.91	-1.9403
8.92	-1.9395
8.93	-1.9390
8.94	-1.9384
8.95	-1.9377
8.95	-1.9371
8.96	-1.9365
8.97	-1.9359
8.98	-1.9353
8.99	-1.9346
8.99	-1.9339
9.00	-1.9334
9.01	-1.9329
9.02	-1.9321
9.03	-1.9315
9.04	-1.9309
9.04	-1.9303
9.05	-1.9296
9.06	-1.9290
9.07	-1.9284
9.08	-1.9278
9.09	-1.9271
9.10	-1.9266
9.10	-1.9260
9.11	-1.9254
9.12	-1.9247
9.13	-1.9241
9.13	-1.9235
9.14	-1.9228
9.15	-1.9223
9.16	-1.9217
9.17	-1.9211
9.18	-1.9206
9.19	-1.9200
9.20	-1.9195
9.20	-1.9188
9.20	-1.9183
9.21	-1.9178
9.22	-1.9174
9.23	-1.9168
9.24	-1.9162
9.25	-1.9157
9.25	-1.9151
9.26	-1.9144
9.27	-1.9137
9.28	-1.9131
9.29	-1.9123
9.29	-1.9117
9.31	-1.9112
9.32	-1.9107
9.33	-1.9101
9.33	-1.9096
9.34	-1.9090
9.35	-1.9085
9.36	-1.9080
9.37	-1.9074
9.38	-1.9069
9.38	-1.9064
9.39	-1.9059
9.40	-1.9054
9.41	-1.9049
9.42	-1.9045
9.43	-1.9040
9.43	-1.9036
9.44	-1.9030
9.45	-1.9026
9.46	-1.9021
9.47	-1.9016
9.47	-1.9011
9.48	-1.9006
9.49	-1.9001
9.50	-1.8997
9.51	-1.8993
9.52	-1.8986
9.52	-1.8981
9.53	-1.8975
9.54	-1.8970
9.55	-1.8964
9.55	-1.8958
9.56	-1.8952
9.56	-1.8948
9.57	-1.8943
9.59	-1.8938
9.60	-1.8932
9.61	-1.8928
9.62	-1.8922
9.63	-1.8916
9.64	-1.8912
9.64	-1.8907
9.65	-1.8902
9.66	-1.8896
9.67	-1.8891
9.68	-1.8886
9.68	-1.8880
9.69	-1.8874
9.70	-1.8869
9.70	-1.8863
9.71	-1.8859
9.72	-1.8854
9.73	-1.8848
9.74	-1.8842
9.75	-1.8837
9.76	-1.8831
9.77	-1.8827
9.78	-1.8820
9.78	-1.8815
9.79	-1.8809
9.80	-1.8804
9.81	-1.8799
9.81	-1.8794
9.82	-1.8790
9.83	-1.8785
9.84	-1.8780
9.85	-1.8775
9.86	-1.8769
9.87	-1.8762
9.88	-1.8756
9.88	-1.8753
9.89	-1.8748
9.89	-1.8743
9.90	-1.8737
9.91	-1.8734
9.92	-1.8729
9.93	-1.8725
9.94	-1.8720
9.95	-1.8714
9.95	-1.8709
9.96	-1.8703
9.97	-1.8699
9.98	-1.8693
9.99	-1.8688
10.00	-1.8683
10.00	-1.8679
10.02	-1.8675
10.03	-1.8669
10.03	-1.8665
10.04	-1.8661
10.05	-1.8658
10.06	-1.8654
10.07	-1.8651
10.07	-1.8647
10.08	-1.8642
10.09	-1.8638
10.10	-1.8634
10.10	-1.8632
10.12	-1.8628
10.12	-1.8625
10.13	-1.8620
10.13	-1.8617
10.15	-1.8614
10.16	-1.8611
10.17	-1.8607
10.18	-1.8606
10.18	-1.8602
10.18	-1.8599
10.19	-1.8594
10.20	-1.8591
10.21	-1.8587
10.22	-1.8584
10.23	-1.8580
10.23	-1.8577
10.25	-1.8574
10.25	-1.8568
10.26	-1.8564
10.27	-1.8561
10.28	-1.8557
10.29	-1.8553
10.30	-1.8549
10.30	-1.8544
10.31	-1.8540
10.32	-1.8535
10.33	-1.8532
10.34	-1.8528
10.35	-1.8525
10.36	-1.8522
10.37	-1.8519
10.38	-1.8515
10.38	-1.8511
10.39	-1.8508
10.40	-1.8504
10.40	-1.8501
10.41	-1.8496
10.42	-1.8493
10.43	-1.8490
10.44	-1.8487
10.45	-1.8484
10.45	-1.8480
10.46	-1.8477
10.47	-1.8473
10.48	-1.8470
10.49	-1.8466
10.50	-1.8463
10.50	-1.8460
10.52	-1.8457
10.53	-1.8454
10.53	-1.8450
10.54	-1.8447
10.54	-1.8443
10.55	-1.8441
10.56	-1.8438
10.57	-1.8436
10.58	-1.8432
10.59	-1.8431
10.60	-1.8428
10.61	-1.8425
10.62	-1.8422
10.62	-1.8419
10.63	-1.8418
10.64	-1.8416
10.65	-1.8414
10.65	-1.8413
10.67	-1.8411
10.68	-1.8407
10.68	-1.8406
10.68	-1.8404
10.70	-1.8402
10.71	-1.8399
10.71	-1.8397
10.72	-1.8394
10.73	-1.8391
10.74	-1.8389
10.75	-1.8387
10.76	-1.8384
10.77	-1.8382
10.77	-1.8380
10.78	-1.8378
10.79	-1.8377
10.80	-1.8376
10.80	-1.8374
10.82	-1.8373
10.83	-1.8372
10.84	-1.8370
10.84	-1.8368
10.85	-1.8368
10.86	-1.8366
10.86	-1.8364
10.87	-1.8363
10.88	-1.8363
10.89	-1.8362
10.90	-1.8360
10.90	-1.8359
10.92	-1.8357
10.92	-1.8355
10.93	-1.8354
10.94	-1.8352
10.95	-1.8350
10.95	-1.8349
10.96	-1.8348
10.97	-1.8347
10.98	-1.8345
10.98	-1.8343
11.00	-1.8340
11.00	-1.8340
11.01	-1.8337
11.02	-1.8336
11.03	-1.8334
11.03	-1.8332
11.04	-1.8330
11.05	-1.8325
11.05	-1.8323
11.06	-1.8321
11.07	-1.8318
11.08	-1.8316
11.09	-1.8314
11.10	-1.8311
11.11	-1.8309
11.12	-1.8308
11.13	-1.8306
11.13	-1.8304
11.14	-1.8303
11.15	-1.8301
11.16	-1.8299
11.18	-1.8297
11.18	-1.8294
11.18	-1.8293
11.20	-1.8290
11.20	-1.8288
11.21	-1.8286
11.22	-1.8284
11.23	-1.8283
11.23	-1.8280
11.25	-1.8279
11.25	-1.8276
11.26	-1.8274
11.27	-1.8271
11.28	-1.8269
11.29	-1.8267
11.30	-1.8265
11.30	-1.8263
11.31	-1.8260
11.32	-1.8257
11.33	-1.8255
11.33	-1.8253
11.35	-1.8252
11.35	-1.8251
11.35	-1.8248
11.36	-1.8247
11.37	-1.8245
11.38	-1.8242
11.40	-1.8239
11.40	-1.8236
11.41	-1.8234
11.42	-1.8232
11.43	-1.8229
11.44	-1.8226
11.45	-1.8222
11.45	-1.8221
11.46	-1.8218
11.47	-1.8216
11.47	-1.8213
11.48	-1.8210
11.49	-1.8208
11.50	-1.8205
11.51	-1.8203
11.52	-1.8201
11.53	-1.8201
11.53	-1.8199
11.54	-1.8198
11.55	-1.8196
11.56	-1.8194
11.57	-1.8192
11.58	-1.8191
11.59	-1.8188
11.60	-1.8186
11.60	-1.8185
11.61	-1.8183
11.62	-1.8181
11.63	-1.8180
11.63	-1.8178
11.64	-1.8177
11.65	-1.8175
11.66	-1.8173
11.67	-1.8171
11.68	-1.8169
11.68	-1.8165
11.70	-1.8163
11.70	-1.8162
11.71	-1.8160
11.73	-1.8159
11.73	-1.8154
11.73	-1.8151
11.75	-1.8149
11.75	-1.8146
11.76	-1.8144
11.77	-1.8141
11.78	-1.8138
11.78	-1.8135
11.80	-1.8132
11.80	-1.8130
11.81	-1.8127
11.82	-1.8125
11.83	-1.8121
11.84	-1.8118
11.85	-1.8115
11.85	-1.8111
11.86	-1.8108
11.87	-1.8105
11.88	-1.8101
11.88	-1.8099
11.89	-1.8095
11.90	-1.8093
11.90	-1.8090
11.91	-1.8086
11.92	-1.8084
11.93	-1.8080
11.94	-1.8076
11.95	-1.8073
11.95	-1.8070
11.96	-1.8067
11.97	-1.8064
11.99	-1.8061
12.00	-1.8059
12.00	-1.8056
12.00	-1.8053
12.01	-1.8051
12.02	-1.8048
12.03	-1.8045
12.03	-1.8042
12.05	-1.8040
12.06	-1.8037
12.07	-1.8035
12.08	-1.8034
12.08	-1.8032
12.09	-1.8030
12.10	-1.8027
12.11	-1.8024
12.12	-1.8021
12.12	-1.8018
12.13	-1.8014
12.14	-1.8011
12.15	-1.8008
12.16	-1.8005
12.17	-1.8000
12.18	-1.7999
12.18	-1.7995
12.19	-1.7992
12.20	-1.7988
12.20	-1.7986
12.22	-1.7983
12.23	-1.7981
12.23	-1.7978
12.24	-1.7976
12.25	-1.7973
12.25	-1.7971
12.26	-1.7969
12.27	-1.7966
12.28	-1.7964
12.29	-1.7962
12.30	-1.7960
12.31	-1.7958
12.32	-1.7955
12.33	-1.7953
12.33	-1.7952
12.34	-1.7949
12.35	-1.7946
12.36	-1.7943
12.37	-1.7940
12.38	-1.7937
12.39	-1.7934
12.40	-1.7932
12.40	-1.7929
12.42	-1.7926
12.42	-1.7921
12.43	-1.7919
12.43	-1.7916
12.44	-1.7914
12.45	-1.7911
12.45	-1.7908
12.47	-1.7905
12.48	-1.7902
12.48	-1.7899
12.49	-1.7895
12.50	-1.7892
12.51	-1.7889
12.52	-1.7885
12.53	-1.7882
12.53	-1.7878
12.54	-1.7875
12.55	-1.7871
12.56	-1.7867
12.57	-1.7863
12.58	-1.7860
12.58	-1.7856
12.59	-1.7852
12.60	-1.7848
12.61	-1.7844
12.62	-1.7840
12.63	-1.7836
12.64	-1.7833
12.65	-1.7829
12.65	-1.7826
12.66	-1.7823
12.67	-1.7820
12.68	-1.7816
12.68	-1.7813
12.69	-1.7808
12.70	-1.7804
12.71	-1.7801
12.72	-1.7797
12.73	-1.7793
12.73	-1.7790
12.74	-1.7786
12.75	-1.7783
12.75	-1.7778
12.76	-1.7776
12.77	-1.7772
12.78	-1.7769
12.79	-1.7766
12.80	-1.7763
12.80	-1.7760
12.81	-1.7758
12.82	-1.7754
12.83	-1.7752
12.84	-1.7749
12.85	-1.7745
12.85	-1.7741
12.86	-1.7737
12.87	-1.7734
12.88	-1.7729
12.89	-1.7726
12.90	-1.7723
12.90	-1.7720
12.91	-1.7716
12.92	-1.7714
12.93	-1.7710
12.94	-1.7706
12.95	-1.7704
12.96	-1.7700
12.97	-1.7697
12.97	-1.7694
12.98	-1.7691
12.99	-1.7688
13.00	-1.7685
13.01	-1.7682
13.02	-1.7680
13.02	-1.7676
13.03	-1.7673
13.04	-1.7671
13.05	-1.7668
13.06	-1.7666
13.07	-1.7663
13.07	-1.7660
13.08	-1.7657
13.08	-1.7654
13.10	-1.7650
13.10	-1.7647
13.11	-1.7644
13.12	-1.7641
13.14	-1.7637
13.14	-1.7635
13.15	-1.7630
13.15	-1.7626
13.16	-1.7623
13.17	-1.7619
13.18	-1.7615
13.19	-1.7612
13.20	-1.7608
13.20	-1.7605
13.21	-1.7601
13.23	-1.7597
13.23	-1.7594
13.24	-1.7591
13.24	-1.7587
13.25	-1.7584
13.26	-1.7579
13.27	-1.7575
13.28	-1.7571
13.29	-1.7568
13.30	-1.7564
13.30	-1.7559
13.31	-1.7556
13.32	-1.7552
13.33	-1.7549
13.34	-1.7545
13.35	-1.7541
13.35	-1.7537
13.36	-1.7533
13.37	-1.7530
13.38	-1.7526
13.39	-1.7522
13.40	-1.7519
13.40	-1.7515
13.41	-1.7511
13.42	-1.7508
13.43	-1.7505
13.43	-1.7501
13.45	-1.7497
13.45	-1.7493
13.46	-1.7489
13.47	-1.7485
13.48	-1.7482
13.49	-1.7477
13.50	-1.7475
13.50	-1.7471
13.52	-1.7467
13.53	-1.7465
13.53	-1.7462
13.54	-1.7458
13.55	-1.7455
13.55	-1.7451
13.56	-1.7446
13.57	-1.7442
13.58	-1.7437
13.59	-1.7432
13.60	-1.7427
13.60	-1.7425
13.61	-1.7419
13.62	-1.7416
13.63	-1.7412
13.63	-1.7410
13.64	-1.7406
13.65	-1.7403
13.66	-1.7400
13.67	-1.7396
13.68	-1.7393
13.69	-1.7390
13.70	-1.7388
13.70	-1.7385
13.71	-1.7382
13.72	-1.7379
13.73	-1.7376
13.74	-1.7373
13.74	-1.7370
13.75	-1.7367
13.76	-1.7365
13.78	-1.7362
13.78	-1.7359
13.78	-1.7357
13.79	-1.7355
13.80	-1.7353
13.81	-1.7349
13.82	-1.7346
13.83	-1.7342
13.84	-1.7339
13.85	-1.7336
13.85	-1.7332
13.86	-1.7328
13.87	-1.7325
13.88	-1.7321
13.89	-1.7317
13.90	-1.7315
13.90	-1.7311
13.91	-1.7308
13.92	-1.7304
13.93	-1.7300
13.93	-1.7297
13.95	-1.7293
13.95	-1.7290
13.96	-1.7287
13.98	-1.7283
13.98	-1.7279
13.99	-1.7275
13.99	-1.7271
14.00	-1.7266
14.01	-1.7262
14.02	-1.7258
14.03	-1.7255
14.03	-1.7251
14.04	-1.7248
14.05	-1.7244
14.06	-1.7239
14.06	-1.7235
14.07	-1.7232
14.08	-1.7228
14.10	-1.7225
14.10	-1.7221
14.12	-1.7218
14.12	-1.7215
14.13	-1.7213
14.14	-1.7208
14.15	-1.7203
14.15	-1.7200
14.16	-1.7197
14.17	-1.7192
14.18	-1.7189
14.19	-1.7184
14.20	-1.7181
14.20	-1.7178
14.21	-1.7174
14.22	-1.7170
14.23	-1.7167
14.24	-1.7163
14.25	-1.7161
14.25	-1.7158
14.26	-1.7155
14.27	-1.7153
14.28	-1.7148
14.28	-1.7145
14.29	-1.7142
14.30	-1.7139
14.32	-1.7134
14.32	-1.7129
14.33	-1.7126
14.34	-1.7121
14.34	-1.7118
14.35	-1.7114
14.36	-1.7110
14.37	-1.7107
14.38	-1.7103
14.39	-1.7099
14.40	-1.7096
14.40	-1.7093
14.41	-1.7091
14.42	-1.7087
14.43	-1.7085
14.44	-1.7083
14.45	-1.7080
14.45	-1.7078
14.46	-1.7075
14.47	-1.7073
14.48	-1.7072
14.48	-1.7068
14.49	-1.7066
14.50	-1.7064
14.51	-1.7060
14.52	-1.7057
14.53	-1.7053
14.54	-1.7051
14.54	-1.7048
14.55	-1.7045
14.56	-1.7042
14.57	-1.7040
14.58	-1.7037
14.58	-1.7034
14.59	-1.7031
14.60	-1.7028
14.61	-1.7025
14.62	-1.7021
14.63	-1.7018
14.64	-1.7015
14.64	-1.7011
14.65	-1.7008
14.66	-1.7004
14.67	-1.7000
14.68	-1.6996
14.69	-1.6992
14.69	-1.6988
14.70	-1.6985
14.71	-1.6982
14.72	-1.6979
14.73	-1.6976
14.73	-1.6974
14.74	-1.6971
14.74	-1.6967
14.75	-1.6964
14.77	-1.6961
14.78	-1.6958
14.79	-1.6953
14.80	-1.6948
14.80	-1.6944
14.81	-1.6939
14.82	-1.6935
14.83	-1.6932
14.84	-1.6928
14.85	-1.6924
14.85	-1.6920
14.86	-1.6916
14.87	-1.6913
14.88	-1.6909
14.88	-1.6906
14.89	-1.6903
14.90	-1.6900
14.91	-1.6896
14.91	-1.6893
14.93	-1.6889
14.93	-1.6886
14.94	-1.6883
14.95	-1.6879
14.96	-1.6877
14.97	-1.6874
14.98	-1.6871
14.98	-1.6869
14.99	-1.6867
15.00	-1.6863
15.01	-1.6861
15.02	-1.6855
15.03	-1.6852
15.03	-1.6848
15.04	-1.6845
15.05	-1.6841
15.06	-1.6837
15.06	-1.6832
15.08	-1.6829
15.09	-1.6825
15.09	-1.6822
15.10	-1.6818
15.11	-1.6814
15.12	-1.6811
15.13	-1.6809
15.13	-1.6805
15.14	-1.6803
15.15	-1.6799
15.16	-1.6797
15.18	-1.6794
15.18	-1.6791
15.18	-1.6789
15.19	-1.6788
15.20	-1.6785
15.21	-1.6782
15.22	-1.6781
15.22	-1.6780
15.23	-1.6778
15.24	-1.6774
15.25	-1.6772
15.26	-1.6770
15.27	-1.6768
15.28	-1.6764
15.29	-1.6762
15.30	-1.6759
15.30	-1.6757
15.30	-1.6755
15.32	-1.6752
15.33	-1.6749
15.34	-1.6747
15.34	-1.6744
15.35	-1.6741
15.35	-1.6738
15.37	-1.6734
15.38	-1.6731
15.39	-1.6727
15.40	-1.6724
15.40	-1.6720
15.41	-1.6716
15.42	-1.6712
15.43	-1.6709
15.43	-1.6705
15.44	-1.6701
15.45	-1.6697
15.45	-1.6693
15.46	-1.6689
15.47	-1.6686
15.48	-1.6684
15.48	-1.6681
15.49	-1.6678
15.50	-1.6675
15.51	-1.6672
15.52	-1.6668
15.53	-1.6665
15.54	-1.6662
15.55	-1.6660
15.56	-1.6657
15.57	-1.6653
15.57	-1.6649
15.58	-1.6645
15.59	-1.6643
15.60	-1.6639
15.61	-1.6635
15.62	-1.6631
15.62	-1.6627
15.63	-1.6624
15.64	-1.6621
15.65	-1.6618
15.65	-1.6615
15.66	-1.6611
15.68	-1.6608
15.68	-1.6606
15.69	-1.6603
15.70	-1.6600
15.70	-1.6597
15.71	-1.6595
15.72	-1.6592
15.73	-1.6589
15.74	-1.6586
15.75	-1.6584
15.76	-1.6581
15.76	-1.6578
15.77	-1.6575
15.78	-1.6572
15.79	-1.6568
15.80	-1.6566
15.80	-1.6562
15.81	-1.6558
15.82	-1.6555
15.83	-1.6551
15.84	-1.6548
15.85	-1.6545
15.86	-1.6543
15.86	-1.6540
15.88	-1.6538
15.88	-1.6536
15.89	-1.6534
15.90	-1.6532
15.91	-1.6530
15.92	-1.6528
15.93	-1.6525
15.93	-1.6522
15.94	-1.6521
15.95	-1.6518
15.95	-1.6517
15.97	-1.6514
15.98	-1.6512
15.98	-1.6510
15.99	-1.6508
16.00	-1.6506
16.01	-1.6503
16.02	-1.6501
16.02	-1.6499
16.03	-1.6497
16.04	-1.6495
16.05	-1.6492
16.06	-1.6488
16.07	-1.6487
16.07	-1.6482
16.08	-1.6480
16.09	-1.6478
16.09	-1.6475
16.10	-1.6472
16.11	-1.6468
16.12	-1.6466
16.13	-1.6463
16.14	-1.6461
16.15	-1.6458
16.15	-1.6455
16.16	-1.6452
16.18	-1.6447
16.18	-1.6445
16.19	-1.6442
16.20	-1.6438
16.21	-1.6435
16.22	-1.6432
16.23	-1.6430
16.23	-1.6428
16.24	-1.6425
16.25	-1.6422
16.25	-1.6420
16.26	-1.6417
16.27	-1.6414
16.28	-1.6410
16.30	-1.6407
16.30	-1.6405
16.30	-1.6402
16.31	-1.6399
16.31	-1.6396
16.32	-1.6393
16.34	-1.6390
16.34	-1.6387
16.35	-1.6384
16.36	-1.6382
16.37	-1.6379
16.38	-1.6375
16.38	-1.6373
16.40	-1.6370
16.40	-1.6367
16.41	-1.6365
16.42	-1.6362
16.42	-1.6360
16.43	-1.6358
16.45	-1.6355
16.45	-1.6354
16.46	-1.6352
16.47	-1.6350
16.48	-1.6348
16.49	-1.6347
16.49	-1.6343
16.50	-1.6340
16.51	-1.6335
16.52	-1.6333
16.53	-1.6328
16.53	-1.6325
16.54	-1.6321
16.55	-1.6319
16.56	-1.6316
16.57	-1.6314
16.58	-1.6311
16.59	-1.6310
16.60	-1.6307
16.60	-1.6304
16.61	-1.6303
16.62	-1.6300
16.63	-1.6299
16.64	-1.6298
16.65	-1.6297
16.65	-1.6295
16.66	-1.6295
16.67	-1.6293
16.68	-1.6291
16.69	-1.6289
16.70	-1.6289
16.70	-1.6287
16.71	-1.6286
16.72	-1.6285
16.73	-1.6283
16.73	-1.6281
16.75	-1.6279
16.75	-1.6278
16.76	-1.6276
16.77	-1.6274
16.78	-1.6273
16.79	-1.6272
16.80	-1.6270
16.81	-1.6269
16.81	-1.6267
16.82	-1.6265
16.83	-1.6264
16.84	-1.6261
16.84	-1.6258
16.86	-1.6255
16.87	-1.6254
16.87	-1.6252
16.88	-1.6249
16.88	-1.6247
16.89	-1.6245
16.90	-1.6244
16.91	-1.6242
16.92	-1.6239
16.93	-1.6237
16.94	-1.6235
16.95	-1.6232
16.95	-1.6230
16.96	-1.6227
16.97	-1.6225
16.98	-1.6224
16.99	-1.6221
17.00	-1.6220
17.01	-1.6217
17.02	-1.6215
17.02	-1.6214
17.03	-1.6213
17.04	-1.6211
17.05	-1.6210
17.05	-1.6209
17.06	-1.6206
17.07	-1.6204
17.08	-1.6203
17.09	-1.6201
17.09	-1.6199
17.10	-1.6197
17.11	-1.6195
17.12	-1.6193
17.13	-1.6192
17.14	-1.6191
17.15	-1.6189
17.15	-1.6187
17.16	-1.6186
17.17	-1.6186
17.18	-1.6184
17.18	-1.6183
17.20	-1.6182
17.20	-1.6181
17.21	-1.6180
17.22	-1.6181
17.23	-1.6180
17.23	-1.6178
17.24	-1.6178
17.25	-1.6177
17.26	-1.6174
17.27	-1.6173
17.28	-1.6171
17.28	-1.6171
17.29	-1.6168
17.30	-1.6166
17.30	-1.6165
17.32	-1.6164
17.32	-1.6163
17.33	-1.6163
17.34	-1.6163
17.35	-1.6162
17.35	-1.6162
17.37	-1.6164
17.38	-1.6164
17.38	-1.6165
17.40	-1.6166
17.41	-1.6165
17.41	-1.6166
17.42	-1.6165
17.43	-1.6166
17.43	-1.6166
17.44	-1.6167
17.45	-1.6168
17.46	-1.6168
17.47	-1.6168
17.48	-1.6170
17.48	-1.6170
17.49	-1.6171
17.50	-1.6170
17.51	-1.6171
17.52	-1.6172
17.53	-1.6174
17.53	-1.6174
17.54	-1.6174
17.55	-1.6173
17.56	-1.6174
17.57	-1.6174
17.57	-1.6174
17.58	-1.6174
17.59	-1.6173
17.60	-1.6174
17.61	-1.6174
17.62	-1.6175
17.62	-1.6175
17.63	-1.6175
17.64	-1.6175
17.65	-1.6175
17.66	-1.6175
17.67	-1.6174
17.68	-1.6174
17.69	-1.6173
17.69	-1.6174
17.70	-1.6174
17.71	-1.6173
17.72	-1.6174
17.73	-1.6174
17.73	-1.6174
17.75	-1.6175
17.75	-1.6177
17.76	-1.6177
17.77	-1.6177
17.78	-1.6178
17.78	-1.6178
17.79	-1.6179
17.81	-1.6180
17.82	-1.6180
17.82	-1.6180
17.83	-1.6180
17.84	-1.6181
17.84	-1.6182
17.85	-1.6183
17.86	-1.6184
17.87	-1.6185
17.88	-1.6188
17.88	-1.6189
17.89	-1.6191
17.90	-1.6192
17.90	-1.6194
17.92	-1.6197
17.93	-1.6198
17.94	-1.6201
17.94	-1.6204
17.95	-1.6206
17.96	-1.6207
17.97	-1.6209
17.98	-1.6211
17.99	-1.6212
18.00	-1.6213
18.00	-1.6215
18.01	-1.6215
18.02	-1.6218
18.03	-1.6221
18.03	-1.6222
18.05	-1.6224
18.05	-1.6226
18.06	-1.6228
18.07	-1.6231
18.08	-1.6234
18.08	-1.6237
18.09	-1.6240
18.09	-1.6243
18.11	-1.6247
18.11	-1.6249
18.12	-1.6253
18.13	-1.6257
18.14	-1.6261
18.15	-1.6264
18.15	-1.6268
18.17	-1.6273
18.17	-1.6276
18.18	-1.6279
18.19	-1.6284
18.20	-1.6287
18.20	-1.6291
18.21	-1.6295
18.22	-1.6299
18.23	-1.6302
18.24	-1.6306
18.25	-1.6309
18.25	-1.6312
18.27	-1.6316
18.28	-1.6319
18.28	-1.6323
18.30	-1.6326
18.30	-1.6331
18.31	-1.6335
18.31	-1.6340
18.32	-1.6343
18.33	-1.6347
18.33	-1.6351
18.34	-1.6356
18.35	-1.6360
18.36	-1.6364
18.37	-1.6367
18.38	-1.6371
18.39	-1.6375
18.40	-1.6378
18.40	-1.6382
18.41	-1.6385
18.42	-1.6388
18.43	-1.6392
18.44	-1.6396
18.45	-1.6399
18.45	-1.6402
18.47	-1.6407
18.48	-1.6410
18.48	-1.6414
18.49	-1.6417
18.50	-1.6422
18.50	-1.6426
18.52	-1.6431
18.53	-1.6435
18.53	-1.6437
18.55	-1.6442
18.55	-1.6445
18.56	-1.6450
18.57	-1.6453
18.57	-1.6458
18.58	-1.6463
18.59	-1.6468
18.60	-1.6471
18.61	-1.6476
18.62	-1.6481
18.63	-1.6487
18.64	-1.6492
18.64	-1.6496
18.65	-1.6501
18.65	-1.6507
18.66	-1.6512
18.67	-1.6518
18.68	-1.6524
18.69	-1.6530
18.70	-1.6535
18.70	-1.6540
18.72	-1.6544
18.73	-1.6548
18.73	-1.6554
18.74	-1.6558
18.75	-1.6562
18.75	-1.6566
18.76	-1.6570
18.77	-1.6574
18.78	-1.6578
18.79	-1.6584
18.80	-1.6589
18.81	-1.6593
18.82	-1.6599
18.82	-1.6603
18.83	-1.6608
18.84	-1.6614
18.85	-1.6619
18.86	-1.6624
18.87	-1.6629
18.88	-1.6637
18.89	-1.6643
18.89	-1.6648
18.90	-1.6655
18.91	-1.6662
18.92	-1.6668
18.93	-1.6673
18.93	-1.6680
18.95	-1.6687
18.95	-1.6692
18.96	-1.6698
18.96	-1.6705
18.97	-1.6711
18.98	-1.6716
18.99	-1.6722
19.00	-1.6728
19.00	-1.6733
19.01	-1.6740
19.03	-1.6744
19.03	-1.6749
19.04	-1.6754
19.05	-1.6759
19.06	-1.6764
19.07	-1.6769
19.07	-1.6775
19.08	-1.6779
19.09	-1.6785
19.09	-1.6790
19.10	-1.6795
19.11	-1.6800
19.12	-1.6805
19.13	-1.6809
19.14	-1.6814
19.15	-1.6819
19.15	-1.6824
19.16	-1.6828
19.17	-1.6831
19.18	-1.6836
19.19	-1.6841
19.20	-1.6845
19.20	-1.6849
19.21	-1.6852
19.22	-1.6857
19.23	-1.6862
19.24	-1.6866
19.25	-1.6871
19.26	-1.6875
19.27	-1.6879
19.27	-1.6883
19.28	-1.6887
19.29	-1.6893
19.30	-1.6897
19.31	-1.6902
19.32	-1.6906
19.32	-1.6911
19.33	-1.6914
19.34	-1.6918
19.34	-1.6922
19.35	-1.6927
19.36	-1.6930
19.37	-1.6933
19.38	-1.6936
19.39	-1.6941
19.40	-1.6944
19.40	-1.6949
19.41	-1.6952
19.42	-1.6956
19.43	-1.6961
19.43	-1.6966
19.45	-1.6971
19.45	-1.6975
19.46	-1.6979
19.48	-1.6982
19.48	-1.6986
19.49	-1.6988
19.50	-1.6991
19.50	-1.6995
19.51	-1.6997
19.52	-1.7001
19.53	-1.7005
19.54	-1.7008
19.55	-1.7012
19.56	-1.7017
19.57	-1.7021
19.57	-1.7024
19.58	-1.7029
19.59	-1.7033
19.60	-1.7037
19.60	-1.7042
19.61	-1.7046
19.63	-1.7050
19.63	-1.7054
19.64	-1.7058
19.65	-1.7062
19.65	-1.7066
19.67	-1.7069
19.68	-1.7073
19.68	-1.7077
19.69	-1.7081
19.70	-1.7085
19.71	-1.7090
19.72	-1.7093
19.73	-1.7095
19.73	-1.7098
19.74	-1.7101
19.75	-1.7103
19.75	-1.7107
19.77	-1.7110
19.78	-1.7113
19.78	-1.7116
19.80	-1.7117
19.80	-1.7120
19.81	-1.7122
19.82	-1.7123
19.82	-1.7126
19.83	-1.7128
19.84	-1.7129
19.85	-1.7131
19.85	-1.7133
19.86	-1.7136
19.87	-1.7138
19.88	-1.7139
19.88	-1.7141
19.89	-1.7143
19.90	-1.7145
19.91	-1.7146
19.92	-1.7148
19.93	-1.7149
19.93	-1.7150
19.95	-1.7152
19.95	-1.7153
19.96	-1.7156
19.97	-1.7158
19.97	-1.7159
19.99	-1.7161
20.00	-1.7162
20.00	-1.7163
20.01	-1.7165
20.02	-1.7166
20.03	-1.7167
20.04	-1.7169
20.05	-1.7171
20.05	-1.7171
20.06	-1.7172
20.07	-1.7173
20.08	-1.7176
20.09	-1.7177
20.09	-1.7178
20.10	-1.7179
20.11	-1.7180
20.13	-1.7182
20.13	-1.7183
20.14	-1.7183
20.15	-1.7185
20.15	-1.7186
20.16	-1.7187
20.17	-1.7189
20.18	-1.7191
20.19	-1.7192
20.20	-1.7194
20.20	-1.7195
20.21	-1.7197
20.22	-1.7199
20.23	-1.7199
20.24	-1.7199
20.25	-1.7200
20.25	-1.7199
20.26	-1.7199
20.28	-1.7199
20.28	-1.7199
20.29	-1.7200
20.30	-1.7200
20.30	-1.7201
20.31	-1.7201
20.32	-1.7203
20.33	-1.7205
20.34	-1.7206
20.34	-1.7208
20.36	-1.7209
20.37	-1.7214
20.37	-1.7216
20.38	-1.7218
20.39	-1.7221
20.40	-1.7223
20.40	-1.7225
20.42	-1.7227
20.42	-1.7229
20.43	-1.7231
20.44	-1.7233
20.45	-1.7234
20.45	-1.7236
20.47	-1.7238
20.48	-1.7240
20.48	-1.7240
20.49	-1.7242
20.50	-1.7245
20.51	-1.7246
20.51	-1.7246
20.52	-1.7248
20.53	-1.7249
20.54	-1.7249
20.55	-1.7252
20.55	-1.7252
20.56	-1.7253
20.57	-1.7255
20.58	-1.7255
20.59	-1.7256
20.60	-1.7257
20.61	-1.7259
20.62	-1.7260
20.62	-1.7262
20.63	-1.7262
20.64	-1.7263
20.65	-1.7264
20.66	-1.7265
20.67	-1.7265
20.67	-1.7265
20.68	-1.7266
20.69	-1.7267
20.70	-1.7268
20.70	-1.7269
20.71	-1.7269
20.73	-1.7271
20.73	-1.7272
20.74	-1.7273
20.75	-1.7273
20.76	-1.7274
20.77	-1.7273
20.78	-1.7275
20.78	-1.7275
20.79	-1.7276
20.80	-1.7279
20.80	-1.7280
20.81	-1.7282
20.82	-1.7283
20.82	-1.7285
20.83	-1.7286
20.84	-1.7287
20.85	-1.7288
20.86	-1.7290
20.87	-1.7291
20.88	-1.7292
20.89	-1.7294
20.90	-1.7295
20.90	-1.7296
20.91	-1.7297
20.92	-1.7299
20.93	-1.7300
20.93	-1.7303
20.95	-1.7306
20.95	-1.7308
20.96	-1.7309
20.97	-1.7312
20.98	-1.7314
20.98	-1.7317
20.99	-1.7318
21.00	-1.7320
21.01	-1.7322
21.01	-1.7325
21.03	-1.7328
21.04	-1.7330
21.04	-1.7334
21.05	-1.7336
21.06	-1.7339
21.07	-1.7342
21.07	-1.7344
21.08	-1.7346
21.09	-1.7349
21.10	-1.7351
21.11	-1.7354
21.12	-1.7357
21.13	-1.7360
21.14	-1.7364
21.15	-1.7367
21.15	-1.7370
21.16	-1.7373
21.17	-1.7375
21.18	-1.7378
21.19	-1.7382
21.20	-1.7385
21.20	-1.7387
21.21	-1.7391
21.22	-1.7394
21.23	-1.7396
21.24	-1.7399
21.25	-1.7401
21.25	-1.7405
21.26	-1.7409
21.27	-1.7413
21.28	-1.7417
21.28	-1.7421
21.29	-1.7425
21.30	-1.7429
21.31	-1.7432
21.32	-1.7435
21.33	-1.7438
21.34	-1.7441
21.34	-1.7443
21.35	-1.7446
21.36	-1.7449
21.38	-1.7452
21.38	-1.7455
21.38	-1.7458
21.39	-1.7461
21.40	-1.7465
21.41	-1.7468
21.42	-1.7473
21.43	-1.7478
21.44	-1.7482
21.45	-1.7487
21.45	-1.7492
21.46	-1.7496
21.47	-1.7502
21.48	-1.7508
21.49	-1.7513
21.50	-1.7518
21.50	-1.7524
21.51	-1.7529
21.52	-1.7534
21.53	-1.7540
21.54	-1.7546
21.55	-1.7551
21.55	-1.7556
21.56	-1.7562
21.57	-1.7567
21.58	-1.7572
21.59	-1.7578
21.60	-1.7583
21.60	-1.7589
21.61	-1.7593
21.62	-1.7598
21.63	-1.7604
21.64	-1.7610
21.65	-1.7615
21.65	-1.7619
21.66	-1.7624
21.67	-1.7630
21.68	-1.7636
21.68	-1.7642
21.70	-1.7647
21.70	-1.7653
21.71	-1.7659
21.72	-1.7664
21.73	-1.7670
21.73	-1.7675
21.74	-1.7682
21.75	-1.7687
21.76	-1.7694
21.77	-1.7700
21.78	-1.7706
21.78	-1.7711
21.79	-1.7719
21.80	-1.7725
21.81	-1.7732
21.82	-1.7739
21.82	-1.7745
21.83	-1.7752
21.84	-1.7759
21.85	-1.7766
21.86	-1.7774
21.87	-1.7780
21.87	-1.7788
21.88	-1.7796
21.89	-1.7804
21.90	-1.7811
21.90	-1.7819
21.92	-1.7826
21.93	-1.7833
21.93	-1.7841
21.94	-1.7849
21.95	-1.7857
21.95	-1.7864
21.96	-1.7873
21.98	-1.7882
21.98	-1.7891
21.99	-1.7899
22.00	-1.7908
22.01	-1.7916
22.02	-1.7926
22.02	-1.7935
22.03	-1.7945
22.04	-1.7954
22.05	-1.7961
22.06	-1.7971
22.07	-1.7980
22.07	-1.7989
22.08	-1.8000
22.09	-1.8008
22.10	-1.8018
22.11	-1.8027
22.11	-1.8037
22.13	-1.8048
22.13	-1.8058
22.14	-1.8068
22.15	-1.8078
22.16	-1.8088
22.17	-1.8098
22.18	-1.8110
22.18	-1.8121
22.19	-1.8132
22.20	-1.8140
22.20	-1.8151
22.22	-1.8162
22.23	-1.8172
22.23	-1.8182
22.24	-1.8192
22.25	-1.8202
22.26	-1.8214
22.27	-1.8225
22.28	-1.8234
22.28	-1.8245
22.29	-1.8254
22.30	-1.8265
22.30	-1.8275
22.31	-1.8285
22.32	-1.8295
22.33	-1.8304
22.34	-1.8315
22.35	-1.8326
22.36	-1.8335
22.37	-1.8344
22.37	-1.8353
22.38	-1.8362
22.39	-1.8372
22.40	-1.8381
22.41	-1.8390
22.42	-1.8398
22.42	-1.8408
22.43	-1.8416
22.44	-1.8428
22.45	-1.8437
22.46	-1.8446
22.47	-1.8455
22.47	-1.8463
22.48	-1.8473
22.49	-1.8481
22.50	-1.8490
22.50	-1.8498
22.52	-1.8505
22.53	-1.8513
22.54	-1.8521
22.54	-1.8530
22.55	-1.8537
22.55	-1.8545
22.55	-1.8553
22.56	-1.8559
22.57	-1.8565
22.59	-1.8572
22.59	-1.8581
22.60	-1.8587
22.61	-1.8594
22.62	-1.8599
22.63	-1.8606
22.63	-1.8612
22.64	-1.8617
22.65	-1.8623
22.66	-1.8630
22.67	-1.8636
22.68	-1.8642
22.68	-1.8647
22.69	-1.8654
22.70	-1.8660
22.71	-1.8665
22.72	-1.8670
22.73	-1.8675
22.74	-1.8680
22.75	-1.8687
22.76	-1.8691
22.77	-1.8696
22.77	-1.8701
22.78	-1.8706
22.78	-1.8711
22.79	-1.8716
22.80	-1.8720
22.81	-1.8724
22.82	-1.8730
22.83	-1.8735
22.84	-1.8741
22.84	-1.8745
22.85	-1.8749
22.86	-1.8753
22.87	-1.8758
22.87	-1.8763
22.88	-1.8767
22.89	-1.8771
22.90	-1.8777
22.91	-1.8781
22.92	-1.8786
22.93	-1.8791
22.93	-1.8794
22.94	-1.8797
22.95	-1.8801
22.96	-1.8804
22.97	-1.8807
22.98	-1.8810
22.98	-1.8813
23.00	-1.8816
23.00	-1.8818
23.02	-1.8821
23.02	-1.8824
23.03	-1.8826
23.04	-1.8828
23.05	-1.8830
23.05	-1.8832
23.07	-1.8834
23.07	-1.8837
23.08	-1.8840
23.09	-1.8842
23.09	-1.8843
23.10	-1.8845
23.11	-1.8847
23.12	-1.8849
23.13	-1.8849
23.14	-1.8851
23.15	-1.8853
23.15	-1.8855
23.16	-1.8857
23.17	-1.8859
23.18	-1.8860
23.19	-1.8863
23.20	-1.8866
23.20	-1.8869
23.21	-1.8872
23.22	-1.8874
23.23	-1.8875
23.24	-1.8878
23.25	-1.8881
23.25	-1.8883
23.26	-1.8885
23.27	-1.8888
23.28	-1.8891
23.29	-1.8894
23.30	-1.8897
23.31	-1.8900
23.31	-1.8904
23.32	-1.8909
23.33	-1.8913
23.34	-1.8917
23.34	-1.8921
23.35	-1.8925
23.37	-1.8928
23.38	-1.8933
23.38	-1.8937
23.39	-1.8942
23.40	-1.8947
23.41	-1.8951
23.42	-1.8956
23.43	-1.8962
23.43	-1.8966
23.44	-1.8970
23.45	-1.8976
23.45	-1.8980
23.46	-1.8984
23.46	-1.8991
23.47	-1.8995
23.48	-1.9000
23.49	-1.9006
23.50	-1.9012
23.51	-1.9017
23.52	-1.9023
23.53	-1.9027
23.54	-1.9033
23.55	-1.9039
23.55	-1.9043
23.56	-1.9049
23.57	-1.9055
23.57	-1.9061
23.58	-1.9068
23.59	-1.9074
23.59	-1.9079
23.61	-1.9085
23.62	-1.9091
23.62	-1.9097
23.63	-1.9103
23.64	-1.9109
23.65	-1.9117
23.66	-1.9123
23.67	-1.9129
23.68	-1.9136
23.69	-1.9142
23.70	-1.9148
23.70	-1.9154
23.71	-1.9160
23.72	-1.9167
23.73	-1.9172
23.73	-1.9178
23.74	-1.9185
23.75	-1.9191
23.76	-1.9198
23.77	-1.9205
23.78	-1.9211
23.78	-1.9218
23.79	-1.9224
23.80	-1.9231
23.81	-1.9237
23.82	-1.9245
23.83	-1.9251
23.84	-1.9259
23.84	-1.9266
23.85	-1.9273
23.86	-1.9280
23.87	-1.9285
23.88	-1.9292
23.88	-1.9298
23.89	-1.9305
23.90	-1.9310
23.91	-1.9317
23.92	-1.9322
23.93	-1.9327
23.93	-1.9333
23.94	-1.9339
23.95	-1.9344
23.95	-1.9351
23.96	-1.9355
23.97	-1.9359
23.98	-1.9366
23.99	-1.9371
24.00	-1.9376
24.01	-1.9381
24.02	-1.9386
24.03	-1.9391
24.03	-1.9395
24.04	-1.9400
24.05	-1.9405
24.05	-1.9410
24.07	-1.9415
24.07	-1.9421
24.08	-1.9426
24.09	-1.9432
24.09	-1.9436
24.10	-1.9441
24.11	-1.9444
24.13	-1.9449
24.13	-1.9452
24.14	-1.9455
24.15	-1.9459
24.16	-1.9461
24.17	-1.9466
24.18	-1.9470
24.18	-1.9472
24.19	-1.9475
24.20	-1.9477
24.21	-1.9480
24.22	-1.9482
24.23	-1.9486
24.23	-1.9489
24.25	-1.9492
24.25	-1.9494
24.26	-1.9497
24.27	-1.9502
24.28	-1.9503
24.28	-1.9506
24.29	-1.9509
24.30	-1.9511
24.31	-1.9514
24.32	-1.9517
24.33	-1.9518
24.34	-1.9520
24.34	-1.9521
24.34	-1.9523
24.35	-1.9525
24.36	-1.9526
24.37	-1.9528
24.38	-1.9528
24.39	-1.9528
24.40	-1.9528
24.40	-1.9528
24.40	-1.9527
24.42	-1.9527
24.43	-1.9526
24.43	-1.9524
24.45	-1.9522
24.46	-1.9521
24.46	-1.9519
24.47	-1.9515
24.48	-1.9512
24.49	-1.9510
24.50	-1.9507
24.51	-1.9504
24.51	-1.9501
24.52	-1.9497
24.53	-1.9492
24.54	-1.9488
24.55	-1.9481
24.56	-1.9476
24.56	-1.9470
24.57	-1.9464
24.58	-1.9458
24.59	-1.9452
24.59	-1.9444
24.60	-1.9438
24.61	-1.9431
24.63	-1.9423
24.63	-1.9416
24.64	-1.9408
24.65	-1.9400
24.66	-1.9392
24.66	-1.9385
24.68	-1.9375
24.68	-1.9367
24.69	-1.9357
24.70	-1.9347
24.70	-1.9337
24.71	-1.9327
24.72	-1.9317
24.73	-1.9307
24.74	-1.9295
24.75	-1.9284
24.75	-1.9273
24.76	-1.9262
24.77	-1.9249
24.78	-1.9236
24.79	-1.9223
24.80	-1.9211
24.80	-1.9198
24.81	-1.9183
24.82	-1.9169
24.83	-1.9156
24.84	-1.9142
24.85	-1.9126
24.86	-1.9111
24.87	-1.9097
24.87	-1.9083
24.88	-1.9068
24.89	-1.9052
24.90	-1.9035
24.90	-1.9020
24.91	-1.9003
24.92	-1.8987
24.93	-1.8971
24.94	-1.8954
24.95	-1.8935
24.95	-1.8919
24.97	-1.8900
24.97	-1.8882
24.98	-1.8864
24.99	-1.8844
25.00	-1.8825
25.01	-1.8806
25.02	-1.8786
25.03	-1.8767
25.03	-1.8747
25.04	-1.8727
25.05	-1.8706
25.05	-1.8686
25.07	-1.8666
25.07	-1.8643
25.08	-1.8622
25.09	-1.8600
25.10	-1.8580
25.11	-1.8559
25.11	-1.8537
25.13	-1.8516
25.14	-1.8494
25.14	-1.8471
25.15	-1.8448
25.15	-1.8425
25.16	-1.8402
25.17	-1.8379
25.18	-1.8356
25.18	-1.8333
25.19	-1.8309
25.20	-1.8285
25.21	-1.8261
25.22	-1.8237
25.23	-1.8214
25.23	-1.8189
25.24	-1.8166
25.25	-1.8141
25.26	-1.8118
25.27	-1.8094
25.28	-1.8071
25.29	-1.8046
25.29	-1.8022
25.30	-1.7998
25.30	-1.7975
25.32	-1.7951
25.32	-1.7928
25.33	-1.7903
25.34	-1.7879
25.35	-1.7855
25.35	-1.7831
25.36	-1.7808
25.38	-1.7783
25.38	-1.7760
25.39	-1.7735
25.40	-1.7713
25.41	-1.7689
25.42	-1.7666
25.43	-1.7641
25.43	-1.7617
25.44	-1.7595
25.45	-1.7570
25.46	-1.7547
25.47	-1.7524
25.47	-1.7499
25.48	-1.7477
25.49	-1.7452
25.50	-1.7430
25.51	-1.7407
25.52	-1.7384
25.53	-1.7362
25.53	-1.7339
25.54	-1.7317
25.55	-1.7294
25.56	-1.7271
25.57	-1.7249
25.57	-1.7225
25.58	-1.7203
25.59	-1.7181
25.59	-1.7157
25.61	-1.7135
25.61	-1.7112
25.62	-1.7090
25.63	-1.7068
25.64	-1.7045
25.65	-1.7024
25.65	-1.7001
25.67	-1.6982
25.67	-1.6961
25.68	-1.6939
25.69	-1.6920
25.70	-1.6901
25.71	-1.6880
25.72	-1.6860
25.73	-1.6841
25.73	-1.6821
25.74	-1.6803
25.75	-1.6785
25.76	-1.6765
25.77	-1.6747
25.78	-1.6730
25.79	-1.6711
25.80	-1.6693
25.80	-1.6675
25.81	-1.6657
25.82	-1.6641
25.82	-1.6625
25.83	-1.6608
25.84	-1.6591
25.85	-1.6573
25.86	-1.6556
25.87	-1.6540
25.88	-1.6524
25.89	-1.6508
25.89	-1.6493
25.90	-1.6478
25.91	-1.6461
25.91	-1.6445
25.92	-1.6429
25.93	-1.6413
25.94	-1.6397
25.95	-1.6381
25.96	-1.6366
25.97	-1.6350
25.98	-1.6335
25.98	-1.6320
25.99	-1.6304
26.00	-1.6289
26.01	-1.6274
26.02	-1.6259
26.03	-1.6243
26.04	-1.6229
26.05	-1.6215
26.05	-1.6202
26.06	-1.6186
26.07	-1.6173
26.07	-1.6159
26.08	-1.6146
26.09	-1.6132
26.10	-1.6118
26.10	-1.6104
26.12	-1.6091
26.12	-1.6078
26.13	-1.6064
26.13	-1.6052
26.14	-1.6040
26.15	-1.6030
26.16	-1.6016
26.17	-1.6004
26.18	-1.5994
26.19	-1.5982
26.20	-1.5972
26.20	-1.5960
26.21	-1.5950
26.23	-1.5939
26.23	-1.5928
26.23	-1.5918
26.24	-1.5908
26.25	-1.5898
26.26	-1.5889
26.28	-1.5879
26.28	-1.5870
26.29	-1.5859
26.30	-1.5848
26.30	-1.5839
26.31	-1.5829
26.32	-1.5821
26.33	-1.5812
26.34	-1.5803
26.34	-1.5794
26.35	-1.5785
26.36	-1.5776
26.37	-1.5767
26.38	-1.5760
26.39	-1.5753
26.39	-1.5746
26.40	-1.5738
26.41	-1.5730
26.42	-1.5722
26.43	-1.5715
26.44	-1.5709
26.45	-1.5702
26.45	-1.5695
26.46	-1.5688
26.47	-1.5681
26.48	-1.5675
26.49	-1.5666
26.50	-1.5661
26.50	-1.5653
26.51	-1.5647
26.52	-1.5641
26.53	-1.5635
26.54	-1.5628
26.55	-1.5621
26.55	-1.5614
26.56	-1.5607
26.57	-1.5601
26.58	-1.5594
26.59	-1.5589
26.59	-1.5582
26.60	-1.5576
26.61	-1.5571
26.62	-1.5565
26.63	-1.5560
26.63	-1.5554
26.65	-1.5548
26.65	-1.5544
26.66	-1.5539
26.67	-1.5532
26.68	-1.5527
26.69	-1.5523
26.70	-1.5517
26.70	-1.5512
26.71	-1.5507
26.72	-1.5501
26.73	-1.5497
26.74	-1.5491
26.75	-1.5485
26.76	-1.5480
26.76	-1.5475
26.77	-1.5471
26.78	-1.5466
26.79	-1.5463
26.80	-1.5457
26.80	-1.5452
26.81	-1.5447
26.82	-1.5441
26.82	-1.5436
26.83	-1.5433
26.84	-1.5428
26.85	-1.5423
26.86	-1.5419
26.87	-1.5415
26.88	-1.5409
26.89	-1.5405
26.90	-1.5401
26.90	-1.5398
26.91	-1.5394
26.92	-1.5390
26.93	-1.5385
26.94	-1.5381
26.95	-1.5377
26.95	-1.5374
26.96	-1.5369
26.97	-1.5365
26.98	-1.5360
26.98	-1.5358
27.00	-1.5355
27.00	-1.5353
27.00	-1.5350
27.01	-1.5346
27.03	-1.5342
27.03	-1.5338
27.04	-1.5334
27.05	-1.5329
27.06	-1.5325
27.06	-1.5322
27.07	-1.5317
27.07	-1.5313
27.08	-1.5308
27.09	-1.5304
27.11	-1.5301
27.12	-1.5296
27.13	-1.5293
27.13	-1.5291
27.14	-1.5287
27.15	-1.5285
27.16	-1.5282
27.17	-1.5278
27.18	-1.5277
27.18	-1.5275
27.19	-1.5272
27.20	-1.5270
27.21	-1.5268
27.22	-1.5265
27.23	-1.5262
27.23	-1.5258
27.25	-1.5255
27.25	-1.5253
27.25	-1.5250
27.26	-1.5247
27.28	-1.5243
27.28	-1.5240
27.29	-1.5237
27.30	-1.5234
27.31	-1.5229
27.32	-1.5227
27.32	-1.5222
27.33	-1.5219
27.34	-1.5215
27.35	-1.5212
27.36	-1.5208
27.37	-1.5204
27.38	-1.5201
27.38	-1.5196
27.39	-1.5192
27.40	-1.5189
27.41	-1.5185
27.42	-1.5182
27.43	-1.5179
27.43	-1.5175
27.44	-1.5173
27.45	-1.5168
27.46	-1.5165
27.47	-1.5161
27.48	-1.5157
27.49	-1.5154
27.50	-1.5152
27.50	-1.5148
27.51	-1.5145
27.52	-1.5142
27.53	-1.5139
27.53	-1.5135
27.55	-1.5133
27.55	-1.5129
27.56	-1.5127
27.57	-1.5123
27.58	-1.5121
27.59	-1.5117
27.59	-1.5114
27.59	-1.5111
27.61	-1.5108
27.62	-1.5104
27.63	-1.5099
27.64	-1.5095
27.65	-1.5092
27.65	-1.5088
27.66	-1.5084
27.67	-1.5080
27.68	-1.5077
27.69	-1.5074
27.70	-1.5071
27.70	-1.5066
27.71	-1.5064
27.72	-1.5060
27.73	-1.5058
27.74	-1.5054
27.75	-1.5051
27.75	-1.5047
27.76	-1.5045
27.77	-1.5042
27.78	-1.5039
27.79	-1.5035
27.80	-1.5032
27.80	-1.5029
27.81	-1.5025
27.82	-1.5021
27.83	-1.5019
27.83	-1.5016
27.84	-1.5013
27.86	-1.5011
27.87	-1.5007
27.88	-1.5004
27.88	-1.5000
27.88	-1.4997
27.89	-1.4993
27.89	-1.4991
27.90	-1.4986
27.92	-1.4983
27.93	-1.4980
27.93	-1.4977
27.94	-1.4975
27.95	-1.4972
27.95	-1.4968
27.96	-1.4965
27.98	-1.4962
27.98	-1.4959
27.99	-1.4957
28.00	-1.4955
28.00	-1.4952
28.01	-1.4948
28.02	-1.4945
28.03	-1.4942
28.04	-1.4940
28.05	-1.4936
28.06	-1.4933
28.07	-1.4930
28.07	-1.4928
28.08	-1.4925
28.09	-1.4922
28.10	-1.4919
28.11	-1.4917
28.12	-1.4914
28.12	-1.4911
28.13	-1.4908
28.14	-1.4905
28.15	-1.4901
28.16	-1.4898
28.17	-1.4895
28.18	-1.4892
28.18	-1.4889
28.19	-1.4886
28.20	-1.4882
28.20	-1.4879
28.22	-1.4875
28.23	-1.4872
28.23	-1.4868
28.24	-1.4866
28.25	-1.4863
28.26	-1.4860
28.27	-1.4856
28.28	-1.4853
28.28	-1.4849
28.29	-1.4844
28.30	-1.4840
28.31	-1.4836
28.32	-1.4832
28.32	-1.4828
28.33	-1.4824
28.34	-1.4820
28.35	-1.4817
28.36	-1.4813
28.36	-1.4809
28.37	-1.4806
28.38	-1.4802
28.39	-1.4798
28.40	-1.4794
28.41	-1.4790
28.42	-1.4786
28.42	-1.4782
28.43	-1.4778
28.44	-1.4773
28.45	-1.4770
28.45	-1.4767
28.46	-1.4762
28.47	-1.4758
28.48	-1.4754
28.49	-1.4750
28.50	-1.4747
28.50	-1.4743
28.51	-1.4738
28.53	-1.4733
28.53	-1.4728
28.54	-1.4723
28.55	-1.4719
28.56	-1.4712
28.57	-1.4707
28.57	-1.4702
28.58	-1.4696
28.59	-1.4692
28.60	-1.4687
28.61	-1.4683
28.62	-1.4679
28.63	-1.4675
28.63	-1.4671
28.64	-1.4667
28.65	-1.4663
28.66	-1.4659
28.66	-1.4656
28.67	-1.4651
28.69	-1.4647
28.70	-1.4643
28.70	-1.4639
28.71	-1.4634
28.72	-1.4631
28.73	-1.4627
28.73	-1.4623
28.74	-1.4619
28.75	-1.4616
28.76	-1.4611
28.77	-1.4606
28.78	-1.4601
28.78	-1.4596
28.79	-1.4591
28.80	-1.4585
28.80	-1.4580
28.81	-1.4575
28.82	-1.4570
28.83	-1.4563
28.84	-1.4557
28.85	-1.4551
28.85	-1.4546
28.86	-1.4540
28.87	-1.4534
28.88	-1.4526
28.89	-1.4521
28.90	-1.4514
28.90	-1.4508
28.91	-1.4501
28.93	-1.4495
28.93	-1.4488
28.94	-1.4482
28.95	-1.4474
28.95	-1.4466
28.96	-1.4460
28.97	-1.4453
28.98	-1.4446
28.99	-1.4439
29.00	-1.4433
29.00	-1.4427
29.01	-1.4420
29.02	-1.4413
29.03	-1.4404
29.04	-1.4397
29.05	-1.4390
29.05	-1.4383
29.06	-1.4376
29.07	-1.4369
29.08	-1.4362
29.09	-1.4355
29.09	-1.4348
29.11	-1.4339
29.12	-1.4332
29.13	-1.4326
29.13	-1.4318
29.14	-1.4311
29.15	-1.4305
29.15	-1.4298
29.16	-1.4290
29.17	-1.4283
29.18	-1.4276
29.19	-1.4269
29.20	-1.4261
29.21	-1.4254
29.21	-1.4246
29.23	-1.4238
29.23	-1.4228
29.24	-1.4222
29.25	-1.4215
29.26	-1.4206
29.27	-1.4200
29.28	-1.4193
29.28	-1.4185
29.29	-1.4178
29.30	-1.4170
29.31	-1.4163
29.32	-1.4155
29.32	-1.4147
29.33	-1.4139
29.34	-1.4131
29.35	-1.4124
29.36	-1.4115
29.37	-1.4107
29.38	-1.4100
29.38	-1.4091
29.39	-1.4084
29.40	-1.4075
29.41	-1.4067
29.42	-1.4057
29.43	-1.4050
29.43	-1.4043
29.44	-1.4035
29.45	-1.4027
29.46	-1.4019
29.46	-1.4011
29.47	-1.4001
29.48	-1.3993
29.49	-1.3985
29.50	-1.3976
29.51	-1.3969
29.52	-1.3961
29.53	-1.3954
29.53	-1.3943
29.54	-1.3936
29.55	-1.3928
29.56	-1.3920
29.57	-1.3912
29.57	-1.3904
29.58	-1.3897
29.59	-1.3889
29.60	-1.3881
29.61	-1.3873
29.62	-1.3864
29.63	-1.3855
29.63	-1.3848
29.64	-1.3839
29.65	-1.3831
29.66	-1.3822
29.66	-1.3813
29.67	-1.3804
29.68	-1.3798
29.68	-1.3790
29.69	-1.3781
29.70	-1.3772
29.72	-1.3762
29.73	-1.3753
29.73	-1.3745
29.73	-1.3735
29.75	-1.3727
29.75	-1.3719
29.76	-1.3709
29.77	-1.3700
29.78	-1.3691
29.79	-1.3681
29.80	-1.3672
29.80	-1.3663
29.81	-1.3653
29.82	-1.3645
29.83	-1.3636
29.84	-1.3626
29.84	-1.3618
29.85	-1.3608
29.86	-1.3598
29.87	-1.3588
29.88	-1.3580
29.89	-1.3570
29.90	-1.3561
29.91	-1.3552
29.91	-1.3542
29.92	-1.3532
29.93	-1.3522
29.94	-1.3513
29.95	-1.3504
29.96	-1.3496
29.97	-1.3486
29.97	-1.3476
29.98	-1.3466
29.98	-1.3457
30.00	-1.3448
30.00	-1.3439
30.01	-1.3429
30.03	-1.3418
30.03	-1.3408
30.04	-1.3398
30.05	-1.3389
30.05	-1.3378
30.06	-1.3368
30.07	-1.3357
30.08	-1.3346
30.09	-1.3338
30.09	-1.3327
30.10	-1.3317
30.12	-1.3306
30.12	-1.3297
30.13	-1.3286
30.13	-1.3277
30.15	-1.3268
30.15	-1.3258
30.16	-1.3249
30.18	-1.3240
30.18	-1.3231
30.19	-1.3222
30.20	-1.3213
30.20	-1.3204
30.21	-1.3193
30.22	-1.3184
30.23	-1.3175
30.24	-1.3166
30.25	-1.3155
30.25	-1.3147
30.26	-1.3136
30.28	-1.3127
30.28	-1.3118
30.29	-1.3109
30.30	-1.3098
30.30	-1.3089
30.31	-1.3078
30.32	-1.3067
30.33	-1.3057
30.34	-1.3047
30.34	-1.3035
30.36	-1.3026
30.37	-1.3015
30.37	-1.3002
30.38	-1.2991
30.38	-1.2980
30.40	-1.2968
30.41	-1.2956
30.42	-1.2946
30.42	-1.2934
30.43	-1.2923
30.44	-1.2913
30.44	-1.2901
30.45	-1.2890
30.46	-1.2879
30.48	-1.2868
30.48	-1.2856
30.49	-1.2845
30.50	-1.2834
30.50	-1.2822
30.51	-1.2810
30.52	-1.2799
30.53	-1.2786
30.54	-1.2775
30.55	-1.2764
30.55	-1.2752
30.56	-1.2741
30.57	-1.2727
30.57	-1.2716
30.58	-1.2703
30.59	-1.2692
30.60	-1.2679
30.61	-1.2668
30.62	-1.2656
30.63	-1.2645
30.64	-1.2633
30.65	-1.2620
30.65	-1.2609
30.67	-1.2598
30.67	-1.2585
30.68	-1.2575
30.69	-1.2562
30.70	-1.2551
30.70	-1.2539
30.71	-1.2526
30.72	-1.2516
30.73	-1.2504
30.73	-1.2492
30.74	-1.2482
30.75	-1.2470
30.76	-1.2459
30.77	-1.2447
30.78	-1.2437
30.79	-1.2425
30.80	-1.2414
30.80	-1.2400
30.81	-1.2387
30.82	-1.2377
30.83	-1.2366
30.83	-1.2353
30.85	-1.2341
30.85	-1.2330
30.86	-1.2317
30.87	-1.2306
30.88	-1.2294
30.88	-1.2281
30.89	-1.2270
30.90	-1.2257
30.91	-1.2246
30.92	-1.2234
30.93	-1.2221
30.93	-1.2210
30.94	-1.2199
30.95	-1.2187
30.96	-1.2176
30.97	-1.2164
30.98	-1.2151
30.99	-1.2141
31.00	-1.2129
31.00	-1.2116
31.01	-1.2104
31.02	-1.2092
31.03	-1.2081
31.03	-1.2069
31.04	-1.2056
31.05	-1.2044
31.06	-1.2033
31.07	-1.2021
31.08	-1.2008
31.09	-1.1996
31.09	-1.1984
31.10	-1.1973
31.11	-1.1960
31.12	-1.1946
31.13	-1.1934
31.14	-1.1923
31.15	-1.1910
31.15	-1.1897
31.16	-1.1885
31.17	-1.1872
31.18	-1.1859
31.18	-1.1848
31.19	-1.1835
31.20	-1.1823
31.21	-1.1811
31.23	-1.1798
31.23	-1.1787
31.24	-1.1773
31.25	-1.1762
31.25	-1.1749
31.26	-1.1737
31.27	-1.1724
31.28	-1.1713
31.28	-1.1700
31.29	-1.1689
31.30	-1.1677
31.31	-1.1664
31.32	-1.1651
31.32	-1.1639
31.34	-1.1626
31.34	-1.1614
31.35	-1.1600
31.36	-1.1587
31.37	-1.1574
31.38	-1.1562
31.39	-1.1549
31.40	-1.1535
31.40	-1.1524
31.41	-1.1512
31.42	-1.1498
31.43	-1.1486
31.43	-1.1473
31.44	-1.1462
31.45	-1.1449
31.46	-1.1435
31.47	-1.1422
31.47	-1.1410
31.48	-1.1397
31.50	-1.1384
31.50	-1.1371
31.51	-1.1359
31.52	-1.1344
31.52	-1.1331
31.53	-1.1318
31.54	-1.1304
31.55	-1.1291
31.55	-1.1276
31.56	-1.1263
31.57	-1.1249
31.58	-1.1237
31.59	-1.1222
31.60	-1.1208
31.61	-1.1193
31.62	-1.1179
31.63	-1.1166
31.63	-1.1152
31.64	-1.1138
31.65	-1.1126
31.66	-1.1113
31.67	-1.1100
31.68	-1.1089
31.69	-1.1078
31.69	-1.1066
31.70	-1.1054
31.71	-1.1042
31.72	-1.1029
31.73	-1.1015
31.73	-1.1003
31.74	-1.0990
31.75	-1.0977
31.76	-1.0964
31.77	-1.0952
31.78	-1.0940
31.78	-1.0926
31.79	-1.0914
31.80	-1.0900
31.81	-1.0888
31.82	-1.0874
31.82	-1.0860
31.83	-1.0847
31.84	-1.0832
31.85	-1.0819
31.86	-1.0804
31.86	-1.0790
31.88	-1.0776
31.88	-1.0761
31.89	-1.0747
31.90	-1.0731
31.91	-1.0716
31.92	-1.0703
31.92	-1.0687
31.93	-1.0674
31.94	-1.0656
31.95	-1.0642
31.96	-1.0628
31.97	-1.0613
31.98	-1.0598
31.98	-1.0583
32.00	-1.0568
32.00	-1.0554
32.01	-1.0538
32.02	-1.0523
32.03	-1.0508
32.04	-1.0492
32.05	-1.0477
32.05	-1.0461
32.06	-1.0446
32.07	-1.0430
32.08	-1.0415
32.08	-1.0400
32.09	-1.0386
32.10	-1.0371
32.11	-1.0355
32.12	-1.0341
32.13	-1.0324
32.14	-1.0309
32.15	-1.0295
32.16	-1.0279
32.16	-1.0263
32.17	-1.0249
32.18	-1.0234
32.19	-1.0219
32.20	-1.0205
32.20	-1.0190
32.21	-1.0176
32.22	-1.0160
32.23	-1.0146
32.24	-1.0132
32.24	-1.0119
32.25	-1.0104
32.26	-1.0090
32.27	-1.0076
32.28	-1.0062
32.28	-1.0047
32.29	-1.0033
32.30	-1.0017
32.31	-1.0004
32.32	-0.9988
32.33	-0.9974
32.33	-0.9958
32.34	-0.9944
32.35	-0.9930
32.36	-0.9915
32.37	-0.9901
32.37	-0.9887
32.38	-0.9871
32.39	-0.9857
32.40	-0.9842
32.40	-0.9826
32.42	-0.9813
32.42	-0.9798
32.43	-0.9784
32.44	-0.9770
32.44	-0.9755
32.45	-0.9741
32.47	-0.9728
32.48	-0.9713
32.48	-0.9698
32.49	-0.9683
32.50	-0.9670
32.51	-0.9655
32.52	-0.9640
32.52	-0.9626
32.53	-0.9613
32.54	-0.9597
32.55	-0.9583
32.56	-0.9569
32.57	-0.9555
32.58	-0.9540
32.58	-0.9526
32.59	-0.9511
32.60	-0.9497
32.61	-0.9482
32.62	-0.9467
32.62	-0.9453
32.63	-0.9437
32.65	-0.9423
32.65	-0.9409
32.65	-0.9394
32.66	-0.9378
32.67	-0.9363
32.68	-0.9348
32.69	-0.9334
32.70	-0.9319
32.71	-0.9305
32.71	-0.9289
32.73	-0.9275
32.73	-0.9260
32.74	-0.9246
32.74	-0.9232
32.75	-0.9217
32.77	-0.9202
32.77	-0.9189
32.79	-0.9176
32.80	-0.9162
32.80	-0.9147
32.80	-0.9133
32.82	-0.9119
32.82	-0.9104
32.83	-0.9090
32.83	-0.9077
32.84	-0.9063
32.85	-0.9048
32.86	-0.9036
32.88	-0.9023
32.88	-0.9009
32.89	-0.8994
32.90	-0.8981
32.90	-0.8968
32.91	-0.8954
32.92	-0.8940
32.93	-0.8926
32.94	-0.8913
32.95	-0.8900
32.95	-0.8885
32.97	-0.8873
32.98	-0.8860
32.98	-0.8846
32.99	-0.8832
33.00	-0.8819
33.01	-0.8806
33.02	-0.8792
33.02	-0.8780
33.03	-0.8766
33.04	-0.8752
33.05	-0.8739
33.06	-0.8726
33.06	-0.8710
33.07	-0.8698
33.08	-0.8684
33.09	-0.8671
33.09	-0.8656
33.10	-0.8642
33.11	-0.8629
33.12	-0.8615
33.13	-0.8599
33.14	-0.8585
33.15	-0.8571
33.16	-0.8556
33.17	-0.8543
33.17	-0.8530
33.18	-0.8515
33.19	-0.8501
33.20	-0.8488
33.20	-0.8476
33.22	-0.8464
33.22	-0.8453
33.23	-0.8440
33.23	-0.8429
33.24	-0.8417
33.25	-0.8407
33.26	-0.8395
33.27	-0.8383
33.28	-0.8371
33.29	-0.8362
33.30	-0.8352
33.31	-0.8341
33.32	-0.8329
33.32	-0.8318
33.33	-0.8307
33.34	-0.8295
33.34	-0.8282
33.36	-0.8271
33.37	-0.8259
33.37	-0.8247
33.38	-0.8236
33.39	-0.8223
33.40	-0.8212
33.41	-0.8201
33.41	-0.8189
33.42	-0.8177
33.43	-0.8166
33.44	-0.8155
33.45	-0.8143
33.45	-0.8133
33.46	-0.8123
33.47	-0.8112
33.48	-0.8101
33.48	-0.8090
33.49	-0.8080
33.50	-0.8070
33.51	-0.8059
33.52	-0.8048
33.53	-0.8038
33.54	-0.8027
33.55	-0.8017
33.55	-0.8005
33.56	-0.7996
33.57	-0.7984
33.58	-0.7975
33.59	-0.7965
33.60	-0.7955
33.61	-0.7944
33.62	-0.7934
33.62	-0.7926
33.63	-0.7918
33.64	-0.7909
33.65	-0.7900
33.66	-0.7891
33.67	-0.7882
33.67	-0.7873
33.68	-0.7867
33.69	-0.7859
33.70	-0.7853
33.70	-0.7846
33.71	-0.7838
33.72	-0.7832
33.73	-0.7825
33.74	-0.7819
33.75	-0.7814
33.76	-0.7808
33.77	-0.7804
33.77	-0.7799
33.78	-0.7794
33.79	-0.7790
33.80	-0.7785
33.80	-0.7780
33.81	-0.7777
33.82	-0.7772
33.83	-0.7769
33.84	-0.7765
33.84	-0.7763
33.85	-0.7760
33.87	-0.7756
33.88	-0.7755
33.88	-0.7753
33.89	-0.7752
33.90	-0.7752
33.91	-0.7751
33.91	-0.7751
33.92	-0.7751
33.93	-0.7751
33.94	-0.7752
33.95	-0.7753
33.96	-0.7755
33.97	-0.7757
33.98	-0.7758
33.98	-0.7762
33.99	-0.7764
34.00	-0.7767
34.00	-0.7770
34.01	-0.7774
34.02	-0.7778
34.03	-0.7782
34.04	-0.7786
34.05	-0.7791
34.06	-0.7798
34.06	-0.7804
34.07	-0.7811
34.08	-0.7818
34.09	-0.7826
34.09	-0.7834
34.10	-0.7842
34.12	-0.7850
34.12	-0.7859
34.13	-0.7868
34.14	-0.7877
34.14	-0.7889
34.15	-0.7898
34.16	-0.7910
34.17	-0.7921
34.18	-0.7935
34.19	-0.7947
34.19	-0.7960
34.20	-0.7972
34.21	-0.7987
34.22	-0.8003
34.23	-0.8018
34.24	-0.8034
34.24	-0.8051
34.25	-0.8069
34.27	-0.8086
34.27	-0.8105
34.27	-0.8123
34.29	-0.8142
34.29	-0.8162
34.30	-0.8183
34.31	-0.8205
34.32	-0.8226
34.33	-0.8249
34.33	-0.8273
34.34	-0.8297
34.34	-0.8321
34.36	-0.8346
34.37	-0.8374
34.38	-0.8401
34.38	-0.8430
34.39	-0.8458
34.40	-0.8488
34.41	-0.8518
34.42	-0.8549
34.43	-0.8581
34.43	-0.8613
34.44	-0.8647
34.45	-0.8680
34.46	-0.8714
34.47	-0.8749
34.48	-0.8784
34.49	-0.8820
34.49	-0.8858
34.50	-0.8898
34.51	-0.8936
34.52	-0.8978
34.52	-0.9020
34.53	-0.9062
34.54	-0.9106
34.55	-0.9149
34.56	-0.9194
34.57	-0.9241
34.58	-0.9289
34.59	-0.9335
34.59	-0.9384
34.60	-0.9433
34.61	-0.9484
34.62	-0.9535
34.63	-0.9588
34.63	-0.9641
34.65	-0.9696
34.65	-0.9750
34.66	-0.9805
34.67	-0.9860
34.68	-0.9918
34.68	-0.9977
34.69	-1.0037
34.70	-1.0096
34.71	-1.0157
34.72	-1.0219
34.73	-1.0283
34.73	-1.0347
34.74	-1.0411
34.75	-1.0479
34.76	-1.0546
34.77	-1.0615
34.78	-1.0684
34.79	-1.0754
34.80	-1.0826
34.81	-1.0900
34.82	-1.0974
34.83	-1.1049
34.83	-1.1123
34.83	-1.1200
34.84	-1.1277
34.85	-1.1355
34.86	-1.1435
34.87	-1.1515
34.88	-1.1595
34.88	-1.1676
34.89	-1.1759
34.90	-1.1843
34.91	-1.1926
34.92	-1.2011
34.93	-1.2097
34.94	-1.2182
34.95	-1.2267
34.96	-1.2354
34.96	-1.2441
34.97	-1.2528
34.98	-1.2615
34.99	-1.2704
34.99	-1.2793
35.00	-1.2882
35.01	-1.2971
35.02	-1.3060
35.03	-1.3149
35.03	-1.3240
35.04	-1.3331
35.05	-1.3421
35.06	-1.3512
35.06	-1.3604
35.08	-1.3695
35.09	-1.3784
35.09	-1.3875
35.10	-1.3968
35.10	-1.4058
35.12	-1.4148
35.13	-1.4240
35.14	-1.4331
35.15	-1.4421
35.15	-1.4510
35.16	-1.4600
35.17	-1.4688
35.18	-1.4777
35.18	-1.4866
35.19	-1.4953
35.20	-1.5039
35.20	-1.5125
35.22	-1.5211
35.23	-1.5296
35.24	-1.5381
35.24	-1.5466
35.25	-1.5547
35.26	-1.5630
35.27	-1.5710
35.27	-1.5791
35.29	-1.5870
35.30	-1.5949
35.30	-1.6025
35.31	-1.6101
35.32	-1.6176
35.33	-1.6250
35.33	-1.6321
35.34	-1.6393
35.35	-1.6464
35.36	-1.6532
35.37	-1.6599
35.38	-1.6665
35.39	-1.6731
35.40	-1.6794
35.40	-1.6856
35.41	-1.6916
35.42	-1.6975
35.43	-1.7034
35.43	-1.7090
35.44	-1.7145
35.45	-1.7199
35.46	-1.7250
35.47	-1.7301
35.48	-1.7350
35.48	-1.7398
35.49	-1.7443
35.50	-1.7487
35.51	-1.7530
35.52	-1.7570
35.52	-1.7610
35.53	-1.7648
35.54	-1.7684
35.55	-1.7718
35.56	-1.7751
35.57	-1.7783
35.58	-1.7814
35.58	-1.7844
35.59	-1.7871
35.60	-1.7898
35.61	-1.7921
35.62	-1.7944
35.63	-1.7964
35.63	-1.7986
35.64	-1.8004
35.65	-1.8021
35.66	-1.8036
35.67	-1.8051
35.68	-1.8064
35.68	-1.8074
35.70	-1.8085
35.70	-1.8093
35.71	-1.8101
35.72	-1.8106
35.73	-1.8111
35.73	-1.8114
35.74	-1.8117
35.75	-1.8118
35.76	-1.8121
35.77	-1.8121
35.78	-1.8120
35.79	-1.8119
35.80	-1.8116
35.80	-1.8112
35.81	-1.8109
35.82	-1.8103
35.83	-1.8098
35.84	-1.8090
35.84	-1.8081
35.85	-1.8074
35.86	-1.8063
35.87	-1.8054
35.88	-1.8043
35.88	-1.8033
35.90	-1.8020
35.90	-1.8009
35.91	-1.7997
35.91	-1.7983
35.92	-1.7969
35.93	-1.7955
35.94	-1.7941
35.95	-1.7926
35.96	-1.7910
35.97	-1.7896
35.98	-1.7881
35.98	-1.7865
35.99	-1.7847
36.00	-1.7832
36.00	-1.7815
36.02	-1.7797
36.02	-1.7780
36.03	-1.7764
36.04	-1.7746
36.05	-1.7729
36.06	-1.7711
36.06	-1.7694
36.08	-1.7677
36.08	-1.7659
36.09	-1.7642
36.09	-1.7623
36.11	-1.7606
36.12	-1.7589
36.12	-1.7572
36.13	-1.7556
36.14	-1.7539
36.15	-1.7521
36.15	-1.7505
36.16	-1.7488
36.17	-1.7472
36.18	-1.7456
36.19	-1.7439
36.20	-1.7426
36.21	-1.7409
36.22	-1.7395
36.22	-1.7379
36.23	-1.7365
36.24	-1.7349
36.24	-1.7334
36.26	-1.7320
36.27	-1.7305
36.27	-1.7291
36.28	-1.7278
36.29	-1.7265
36.30	-1.7251
36.31	-1.7239
36.32	-1.7226
36.32	-1.7214
36.33	-1.7202
36.34	-1.7191
36.35	-1.7182
36.35	-1.7172
36.36	-1.7162
36.38	-1.7153
36.38	-1.7144
36.39	-1.7136
36.40	-1.7129
36.41	-1.7122
36.42	-1.7115
36.43	-1.7110
36.44	-1.7103
36.44	-1.7097
36.45	-1.7092
36.45	-1.7087
36.46	-1.7083
36.47	-1.7078
36.48	-1.7073
36.49	-1.7070
36.49	-1.7066
36.51	-1.7062
36.52	-1.7058
36.52	-1.7054
36.53	-1.7052
36.54	-1.7049
36.55	-1.7048
36.55	-1.7044
36.57	-1.7042
36.57	-1.7041
36.58	-1.7040
36.59	-1.7039
36.60	-1.7039
36.61	-1.7040
36.62	-1.7040
36.63	-1.7043
36.64	-1.7044
36.65	-1.7045
36.65	-1.7048
36.66	-1.7049
36.67	-1.7052
36.68	-1.7055
36.68	-1.7058
36.69	-1.7061
36.70	-1.7065
36.70	-1.7070
36.72	-1.7075
36.73	-1.7080
36.73	-1.7088
36.74	-1.7094
36.75	-1.7101
36.76	-1.7107
36.77	-1.7117
36.77	-1.7125
36.78	-1.7134
36.79	-1.7144
36.80	-1.7155
36.80	-1.7165
36.81	-1.7176
36.82	-1.7188
36.83	-1.7199
36.84	-1.7211
36.85	-1.7224
36.86	-1.7237
36.87	-1.7248
36.88	-1.7262
36.88	-1.7277
36.89	-1.7292
36.90	-1.7307
36.91	-1.7324
36.92	-1.7339
36.93	-1.7354
36.93	-1.7373
36.94	-1.7390
36.95	-1.7409
36.95	-1.7428
36.96	-1.7446
36.98	-1.7464
36.98	-1.7484
36.99	-1.7504
37.00	-1.7524
37.00	-1.7545
37.01	-1.7565
37.02	-1.7586
37.03	-1.7606
37.04	-1.7626
37.05	-1.7648
37.06	-1.7668
37.07	-1.7690
37.08	-1.7711
37.08	-1.7733
37.09	-1.7755
37.10	-1.7776
37.11	-1.7799
37.11	-1.7821
37.12	-1.7844
37.13	-1.7866
37.14	-1.7889
37.15	-1.7910
37.15	-1.7932
37.16	-1.7955
37.18	-1.7977
37.18	-1.7999
37.19	-1.8021
37.20	-1.8042
37.20	-1.8064
37.21	-1.8085
37.22	-1.8107
37.23	-1.8129
37.24	-1.8148
37.24	-1.8169
37.25	-1.8189
37.27	-1.8209
37.27	-1.8229
37.29	-1.8250
37.29	-1.8269
37.30	-1.8288
37.31	-1.8307
37.32	-1.8325
37.32	-1.8344
37.33	-1.8363
37.34	-1.8380
37.34	-1.8397
37.35	-1.8415
37.36	-1.8430
37.37	-1.8447
37.38	-1.8464
37.39	-1.8477
37.40	-1.8493
37.41	-1.8509
37.42	-1.8524
37.43	-1.8536
37.43	-1.8549
37.44	-1.8564
37.45	-1.8577
37.45	-1.8590
37.47	-1.8602
37.48	-1.8617
37.48	-1.8628
37.49	-1.8641
37.50	-1.8650
37.50	-1.8662
37.52	-1.8672
37.52	-1.8682
37.53	-1.8691
37.55	-1.8701
37.55	-1.8711
37.56	-1.8720
37.57	-1.8728
37.58	-1.8737
37.58	-1.8745
37.59	-1.8753
37.59	-1.8761
37.61	-1.8768
37.62	-1.8774
37.62	-1.8780
37.63	-1.8787
37.64	-1.8792
37.65	-1.8797
37.65	-1.8801
37.66	-1.8807
37.67	-1.8811
37.68	-1.8815
37.68	-1.8817
37.69	-1.8821
37.70	-1.8825
37.71	-1.8828
37.72	-1.8830
37.73	-1.8833
37.73	-1.8835
37.74	-1.8835
37.76	-1.8835
37.76	-1.8836
37.77	-1.8836
37.77	-1.8836
37.79	-1.8835
37.80	-1.8834
37.80	-1.8833
37.81	-1.8833
37.82	-1.8830
37.83	-1.8829
37.84	-1.8827
37.84	-1.8825
37.85	-1.8823
37.86	-1.8820
37.87	-1.8816
37.88	-1.8811
37.88	-1.8807
37.90	-1.8803
37.90	-1.8797
37.91	-1.8792
37.92	-1.8786
37.93	-1.8779
37.94	-1.8773
37.95	-1.8766
37.95	-1.8760
37.96	-1.8753
37.97	-1.8747
37.98	-1.8740
37.99	-1.8732
37.99	-1.8724
38.00	-1.8716
38.01	-1.8708
38.02	-1.8700
38.03	-1.8691
38.04	-1.8682
38.05	-1.8674
38.06	-1.8666
38.07	-1.8655
38.07	-1.8645
38.08	-1.8636
38.09	-1.8626
38.09	-1.8617
38.11	-1.8604
38.12	-1.8591
38.12	-1.8579
38.13	-1.8567
38.14	-1.8554
38.15	-1.8541
38.16	-1.8528
38.17	-1.8515
38.18	-1.8500
38.18	-1.8487
38.19	-1.8472
38.20	-1.8458
38.20	-1.8443
38.21	-1.8429
38.23	-1.8413
38.23	-1.8399
38.24	-1.8383
38.24	-1.8367
38.25	-1.8352
38.27	-1.8334
38.27	-1.8317
38.28	-1.8302
38.29	-1.8286
38.30	-1.8267
38.31	-1.8250
38.32	-1.8232
38.33	-1.8214
38.34	-1.8196
38.34	-1.8179
38.35	-1.8162
38.35	-1.8146
38.37	-1.8129
38.37	-1.8111
38.38	-1.8093
38.39	-1.8075
38.40	-1.8056
38.41	-1.8039
38.42	-1.8021
38.42	-1.8003
38.43	-1.7986
38.44	-1.7970
38.45	-1.7952
38.46	-1.7935
38.47	-1.7917
38.48	-1.7901
38.48	-1.7883
38.49	-1.7868
38.50	-1.7851
38.51	-1.7835
38.51	-1.7819
38.52	-1.7803
38.53	-1.7786
38.54	-1.7771
38.55	-1.7756
38.56	-1.7741
38.57	-1.7725
38.57	-1.7711
38.58	-1.7696
38.59	-1.7683
38.60	-1.7666
38.60	-1.7653
38.61	-1.7640
38.62	-1.7625
38.63	-1.7613
38.64	-1.7601
38.65	-1.7589
38.65	-1.7577
38.66	-1.7566
38.67	-1.7554
38.68	-1.7545
38.69	-1.7536
38.70	-1.7526
38.70	-1.7518
38.71	-1.7507
38.72	-1.7500
38.73	-1.7493
38.74	-1.7485
38.74	-1.7478
38.75	-1.7473
38.76	-1.7467
38.77	-1.7461
38.77	-1.7454
38.78	-1.7450
38.79	-1.7446
38.81	-1.7444
38.82	-1.7441
38.83	-1.7439
38.83	-1.7438
38.84	-1.7437
38.84	-1.7437
38.85	-1.7436
38.86	-1.7436
38.87	-1.7438
38.88	-1.7439
38.89	-1.7440
38.90	-1.7442
38.90	-1.7446
38.91	-1.7451
38.92	-1.7456
38.93	-1.7461
38.94	-1.7465
38.95	-1.7469
38.95	-1.7475
38.96	-1.7481
38.98	-1.7487
38.98	-1.7493
38.99	-1.7500
39.00	-1.7506
39.00	-1.7514
39.01	-1.7521
39.02	-1.7531
39.03	-1.7539
39.04	-1.7549
39.05	-1.7558
39.06	-1.7567
39.06	-1.7576
39.08	-1.7586
39.08	-1.7597
39.09	-1.7607
39.09	-1.7618
39.10	-1.7629
39.11	-1.7639
39.12	-1.7651
39.13	-1.7661
39.14	-1.7671
39.15	-1.7682
39.15	-1.7692
39.16	-1.7704
39.17	-1.7713
39.18	-1.7724
39.19	-1.7734
39.20	-1.7745
39.20	-1.7754
39.22	-1.7764
39.23	-1.7773
39.23	-1.7782
39.24	-1.7791
39.25	-1.7801
39.25	-1.7809
39.26	-1.7819
39.27	-1.7827
39.28	-1.7835
39.29	-1.7842
39.30	-1.7850
39.31	-1.7857
39.32	-1.7863
39.32	-1.7869
39.33	-1.7874
39.34	-1.7880
39.34	-1.7884
39.36	-1.7889
39.36	-1.7894
39.37	-1.7899
39.38	-1.7904
39.39	-1.7907
39.40	-1.7911
39.40	-1.7915
39.41	-1.7919
39.43	-1.7920
39.43	-1.7922
39.44	-1.7923
39.45	-1.7924
39.46	-1.7926
39.47	-1.7927
39.47	-1.7927
39.48	-1.7929
39.49	-1.7929
39.49	-1.7927
39.50	-1.7925
39.51	-1.7924
39.52	-1.7923
39.52	-1.7921
39.54	-1.7918
39.55	-1.7916
39.55	-1.7914
39.56	-1.7911
39.57	-1.7907
39.58	-1.7904
39.58	-1.7901
39.59	-1.7898
39.60	-1.7895
39.61	-1.7891
39.62	-1.7889
39.63	-1.7885
39.64	-1.7882
39.64	-1.7879
39.65	-1.7876
39.66	-1.7873
39.67	-1.7867
39.68	-1.7863
39.69	-1.7860
39.70	-1.7856
39.70	-1.7853
39.71	-1.7849
39.72	-1.7844
39.73	-1.7841
39.74	-1.7837
39.74	-1.7833
39.75	-1.7828
39.76	-1.7823
39.77	-1.7819
39.78	-1.7815
39.79	-1.7808
39.79	-1.7803
39.80	-1.7797
39.82	-1.7793
39.82	-1.7788
39.83	-1.7782
39.84	-1.7777
39.85	-1.7772
39.86	-1.7766
39.86	-1.7761
39.87	-1.7757
39.88	-1.7751
39.89	-1.7745
39.90	-1.7741
39.91	-1.7736
39.91	-1.7731
39.93	-1.7726
39.93	-1.7721
39.94	-1.7716
39.95	-1.7712
39.95	-1.7707
39.96	-1.7702
39.97	-1.7697
39.98	-1.7693
39.99	-1.7688
40.00	-1.7684
40.01	-1.7679
40.02	-1.7675
40.02	-1.7672
40.03	-1.7670
40.04	-1.7666
40.05	-1.7663
40.06	-1.7658
40.07	-1.7655
40.07	-1.7651
40.08	-1.7648
40.09	-1.7644
40.10	-1.7641
40.11	-1.7639
40.11	-1.7636
40.13	-1.7632
40.13	-1.7630
40.14	-1.7625
40.15	-1.7622
40.16	-1.7619
40.17	-1.7617
40.18	-1.7616
40.19	-1.7613
40.19	-1.7611
40.20	-1.7609
40.20	-1.7607
40.21	-1.7605
40.23	-1.7603
40.23	-1.7600
40.24	-1.7598
40.25	-1.7596
40.26	-1.7594
40.27	-1.7593
40.28	-1.7592
40.28	-1.7591
40.29	-1.7588
40.30	-1.7586
40.30	-1.7585
40.32	-1.7583
40.33	-1.7582
40.33	-1.7581
40.34	-1.7580
40.34	-1.7577
40.35	-1.7576
40.36	-1.7574
40.37	-1.7573
40.38	-1.7573
40.39	-1.7571
40.40	-1.7569
40.40	-1.7570
40.41	-1.7569
40.42	-1.7568
40.43	-1.7568
40.43	-1.7568
40.45	-1.7567
40.45	-1.7566
40.46	-1.7567
40.48	-1.7566
40.48	-1.7566
40.48	-1.7564
40.49	-1.7563
40.50	-1.7563
40.51	-1.7561
40.52	-1.7560
40.53	-1.7560
40.54	-1.7559
40.55	-1.7559
40.55	-1.7560
40.56	-1.7558
40.57	-1.7558
40.58	-1.7557
40.59	-1.7556
40.59	-1.7555
40.60	-1.7554
40.61	-1.7552
40.62	-1.7549
40.63	-1.7549
40.64	-1.7548
40.65	-1.7548
40.65	-1.7548
40.66	-1.7546
40.67	-1.7545
40.68	-1.7545
40.68	-1.7544
40.69	-1.7544
40.70	-1.7542
40.71	-1.7541
40.72	-1.7541
40.73	-1.7541
40.74	-1.7539
40.74	-1.7538
40.75	-1.7537
40.76	-1.7537
40.77	-1.7535
40.78	-1.7536
40.79	-1.7535
40.80	-1.7536
40.80	-1.7536
40.81	-1.7536
40.82	-1.7535
40.83	-1.7534
40.83	-1.7534
40.84	-1.7533
40.85	-1.7533
40.86	-1.7532
40.87	-1.7532
40.88	-1.7532
40.88	-1.7532
40.89	-1.7531
40.90	-1.7531
40.91	-1.7529
40.92	-1.7530
40.93	-1.7528
40.94	-1.7528
40.95	-1.7527
40.95	-1.7526
40.96	-1.7525
40.97	-1.7525
40.98	-1.7523
40.99	-1.7522
40.99	-1.7520
40.99	-1.7518
41.01	-1.7518
41.02	-1.7517
41.03	-1.7517
41.04	-1.7516
41.05	-1.7516
41.05	-1.7518
41.06	-1.7518
41.07	-1.7516
41.08	-1.7516
41.09	-1.7516
41.09	-1.7517
41.10	-1.7518
41.11	-1.7519
41.12	-1.7520
41.13	-1.7520
41.13	-1.7520
41.14	-1.7520
41.15	-1.7519
41.16	-1.7520
41.17	-1.7518
41.18	-1.7519
41.19	-1.7518
41.20	-1.7518
41.20	-1.7518
41.22	-1.7518
41.22	-1.7518
41.23	-1.7519
41.24	-1.7518
41.24	-1.7519
41.25	-1.7520
41.26	-1.7521
41.27	-1.7522
41.27	-1.7525
41.28	-1.7526
41.30	-1.7528
41.30	-1.7529
41.31	-1.7531
41.32	-1.7533
41.33	-1.7534
41.34	-1.7535
41.34	-1.7536
41.35	-1.7538
41.36	-1.7540
41.37	-1.7541
41.38	-1.7544
41.38	-1.7544
41.39	-1.7546
41.40	-1.7547
41.41	-1.7548
41.42	-1.7549
41.43	-1.7551
41.43	-1.7551
41.44	-1.7551
41.45	-1.7552
41.46	-1.7553
41.47	-1.7556
41.48	-1.7558
41.49	-1.7560
41.49	-1.7561
41.50	-1.7562
41.51	-1.7564
41.52	-1.7567
41.52	-1.7568
41.53	-1.7568
41.54	-1.7571
41.55	-1.7571
41.56	-1.7572
41.57	-1.7573
41.58	-1.7574
41.59	-1.7576
41.59	-1.7578
41.60	-1.7579
41.61	-1.7582
41.62	-1.7583
41.63	-1.7585
41.64	-1.7586
41.64	-1.7589
41.65	-1.7591
41.67	-1.7592
41.67	-1.7595
41.68	-1.7595
41.69	-1.7597
41.69	-1.7599
41.70	-1.7601
41.71	-1.7602
41.72	-1.7603
41.73	-1.7605
41.73	-1.7607
41.74	-1.7609
41.75	-1.7609
41.76	-1.7611
41.77	-1.7615
41.77	-1.7617
41.78	-1.7620
41.79	-1.7621
41.81	-1.7622
41.81	-1.7624
41.82	-1.7626
41.83	-1.7629
41.84	-1.7632
41.84	-1.7634
41.85	-1.7637
41.87	-1.7640
41.88	-1.7642
41.88	-1.7646
41.89	-1.7649
41.90	-1.7653
41.90	-1.7655
41.91	-1.7658
41.92	-1.7661
41.93	-1.7665
41.94	-1.7668
41.95	-1.7670
41.95	-1.7673
41.96	-1.7677
41.97	-1.7681
41.98	-1.7683
41.98	-1.7685
41.99	-1.7687
42.00	-1.7690
42.01	-1.7693
42.02	-1.7696
42.02	-1.7697
42.03	-1.7701
42.04	-1.7704
42.05	-1.7709
42.06	-1.7713
42.07	-1.7717
42.08	-1.7722
42.09	-1.7725
42.10	-1.7729
42.10	-1.7733
42.11	-1.7735
42.12	-1.7740
42.13	-1.7743
42.13	-1.7746
42.15	-1.7750
42.15	-1.7755
42.16	-1.7757
42.17	-1.7760
42.18	-1.7765
42.18	-1.7767
42.19	-1.7770
42.20	-1.7774
42.21	-1.7778
42.22	-1.7781
42.23	-1.7784
42.23	-1.7787
42.24	-1.7790
42.25	-1.7794
42.26	-1.7798
42.27	-1.7802
42.27	-1.7805
42.28	-1.7809
42.29	-1.7814
42.30	-1.7817
42.31	-1.7821
42.32	-1.7824
42.33	-1.7828
42.33	-1.7831
42.34	-1.7834
42.35	-1.7838
42.36	-1.7841
42.37	-1.7844
42.38	-1.7848
42.38	-1.7853
42.39	-1.7855
42.40	-1.7859
42.41	-1.7862
42.42	-1.7865
42.43	-1.7869
42.43	-1.7872
42.44	-1.7876
42.45	-1.7878
42.46	-1.7881
42.47	-1.7884
42.48	-1.7888
42.49	-1.7892
42.49	-1.7896
42.49	-1.7898
42.50	-1.7901
42.52	-1.7906
42.52	-1.7908
42.53	-1.7912
42.54	-1.7915
42.55	-1.7918
42.55	-1.7921
42.56	-1.7925
42.57	-1.7928
42.58	-1.7932
42.59	-1.7935
42.60	-1.7938
42.61	-1.7941
42.62	-1.7944
42.63	-1.7946
42.63	-1.7949
42.64	-1.7952
42.65	-1.7955
42.66	-1.7959
42.67	-1.7962
42.68	-1.7966
42.68	-1.7968
42.70	-1.7971
42.70	-1.7973
42.71	-1.7978
42.72	-1.7981
42.73	-1.7984
42.73	-1.7987
42.74	-1.7991
42.75	-1.7993
42.76	-1.7997
42.77	-1.7999
42.77	-1.8002
42.78	-1.8005
42.79	-1.8007
42.80	-1.8010
42.81	-1.8012
42.82	-1.8016
42.83	-1.8020
42.83	-1.8023
42.84	-1.8024
42.85	-1.8026
42.86	-1.8029
42.87	-1.8031
42.88	-1.8033
42.89	-1.8036
42.90	-1.8039
42.90	-1.8041
42.91	-1.8044
42.92	-1.8048
42.93	-1.8052
42.94	-1.8054
42.95	-1.8058
42.95	-1.8061
42.96	-1.8066
42.97	-1.8069
42.98	-1.8073
42.99	-1.8076
42.99	-1.8080
43.00	-1.8085
43.01	-1.8087
43.02	-1.8091
43.03	-1.8094
43.03	-1.8097
43.04	-1.8099
43.05	-1.8102
43.05	-1.8105
43.07	-1.8108
43.08	-1.8111
43.08	-1.8113
43.09	-1.8116
43.10	-1.8119
43.11	-1.8121
43.12	-1.8124
43.12	-1.8125
43.13	-1.8128
43.14	-1.8131
43.15	-1.8132
43.15	-1.8134
43.17	-1.8136
43.18	-1.8138
43.18	-1.8140
43.19	-1.8142
43.20	-1.8144
43.21	-1.8146
43.22	-1.8148
43.23	-1.8150
43.23	-1.8152
43.24	-1.8154
43.24	-1.8156
43.25	-1.8157
43.26	-1.8159
43.27	-1.8161
43.28	-1.8163
43.29	-1.8163
43.30	-1.8166
43.31	-1.8168
43.32	-1.8169
43.33	-1.8171
43.33	-1.8173
43.34	-1.8175
43.35	-1.8176
43.35	-1.8178
43.37	-1.8180
43.38	-1.8181
43.38	-1.8183
43.39	-1.8186
43.40	-1.8188
43.41	-1.8192
43.42	-1.8193
43.43	-1.8195
43.44	-1.8198
43.44	-1.8201
43.45	-1.8202
43.46	-1.8204
43.47	-1.8206
43.48	-1.8207
43.49	-1.8208
43.49	-1.8211
43.50	-1.8212
43.51	-1.8214
43.52	-1.8217
43.53	-1.8219
43.53	-1.8222
43.54	-1.8226
43.55	-1.8229
43.56	-1.8231
43.56	-1.8234
43.58	-1.8236
43.59	-1.8239
43.59	-1.8241
43.60	-1.8244
43.61	-1.8247
43.61	-1.8250
43.63	-1.8252
43.63	-1.8256
43.64	-1.8258
43.65	-1.8260
43.66	-1.8264
43.67	-1.8266
43.68	-1.8269
43.68	-1.8273
43.69	-1.8275
43.70	-1.8277
43.71	-1.8280
43.72	-1.8282
43.73	-1.8284
43.73	-1.8284
43.74	-1.8288
43.75	-1.8289
43.75	-1.8293
43.77	-1.8294
43.78	-1.8298
43.78	-1.8301
43.80	-1.8304
43.80	-1.8304
43.81	-1.8308
43.82	-1.8310
43.83	-1.8313
43.83	-1.8315
43.84	-1.8318
43.85	-1.8320
43.86	-1.8323
43.87	-1.8326
43.88	-1.8328
43.89	-1.8331
43.90	-1.8334
43.90	-1.8338
43.91	-1.8341
43.92	-1.8344
43.93	-1.8345
43.93	-1.8347
43.94	-1.8349
43.95	-1.8352
43.96	-1.8354
43.97	-1.8357
43.98	-1.8360
43.98	-1.8360
43.99	-1.8364
44.00	-1.8366
44.01	-1.8367
44.02	-1.8370
44.02	-1.8371
44.03	-1.8372
44.04	-1.8374
44.05	-1.8376
44.05	-1.8379
44.06	-1.8380
44.08	-1.8382
44.08	-1.8383
44.09	-1.8386
44.09	-1.8387
44.10	-1.8389
44.12	-1.8391
44.12	-1.8394
44.13	-1.8396
44.14	-1.8397
44.15	-1.8398
44.15	-1.8399
44.16	-1.8401
44.17	-1.8402
44.18	-1.8404
44.19	-1.8404
44.20	-1.8405
44.20	-1.8406
44.21	-1.8407
44.22	-1.8407
44.23	-1.8408
44.24	-1.8409
44.24	-1.8410
44.25	-1.8411
44.26	-1.8410
44.27	-1.8410
44.27	-1.8411
44.29	-1.8412
44.30	-1.8413
44.31	-1.8413
44.31	-1.8413
44.33	-1.8415
44.33	-1.8415
44.34	-1.8416
44.35	-1.8417
44.36	-1.8417
44.37	-1.8419
44.38	-1.8419
44.38	-1.8419
44.39	-1.8420
44.40	-1.8422
44.40	-1.8422
44.41	-1.8422
44.42	-1.8423
44.43	-1.8424
44.44	-1.8424
44.45	-1.8426
44.45	-1.8426
44.47	-1.8427
44.48	-1.8428
44.48	-1.8429
44.49	-1.8430
44.49	-1.8430
44.50	-1.8431
44.52	-1.8430
44.52	-1.8430
44.53	-1.8430
44.54	-1.8428
44.55	-1.8428
44.55	-1.8427
44.56	-1.8427
44.58	-1.8427
44.58	-1.8426
44.59	-1.8426
44.59	-1.8425
44.60	-1.8424
44.61	-1.8424
44.62	-1.8423
44.63	-1.8423
44.64	-1.8424
44.65	-1.8424
44.66	-1.8425
44.67	-1.8425
44.67	-1.8425
44.68	-1.8426
44.69	-1.8426
44.70	-1.8427
44.71	-1.8428
44.72	-1.8429
44.73	-1.8430
44.73	-1.8432
44.74	-1.8433
44.75	-1.8434
44.75	-1.8434
44.76	-1.8435
44.77	-1.8434
44.79	-1.8435
44.79	-1.8434
44.80	-1.8434
44.81	-1.8433
44.81	-1.8431
44.82	-1.8432
44.83	-1.8430
44.83	-1.8429
44.84	-1.8427
44.86	-1.8426
44.86	-1.8425
44.87	-1.8423
44.88	-1.8423
44.89	-1.8422
44.90	-1.8421
44.90	-1.8420
44.91	-1.8418
44.92	-1.8417
44.93	-1.8416
44.93	-1.8414
44.94	-1.8413
44.96	-1.8412
44.97	-1.8411
44.97	-1.8409
44.98	-1.8407
44.99	-1.8406
44.99	-1.8405
45.01	-1.8404
45.02	-1.8402
45.02	-1.8400
45.03	-1.8398
45.03	-1.8397
45.04	-1.8397
45.05	-1.8395
45.06	-1.8394
45.07	-1.8393
45.08	-1.8392
45.09	-1.8391
45.10	-1.8391
45.10	-1.8389
45.11	-1.8388
45.12	-1.8387
45.13	-1.8387
45.14	-1.8386
45.15	-1.8386
45.16	-1.8386
45.17	-1.8387
45.18	-1.8385
45.18	-1.8384
45.19	-1.8384
45.20	-1.8383
45.21	-1.8383
45.22	-1.8383
45.23	-1.8383
45.23	-1.8383
45.24	-1.8384
45.24	-1.8383
45.25	-1.8383
45.26	-1.8382
45.27	-1.8382
45.28	-1.8381
45.29	-1.8381
45.30	-1.8381
45.30	-1.8381
45.31	-1.8381
45.32	-1.8381
45.33	-1.8380
45.34	-1.8381
45.34	-1.8381
45.35	-1.8381
45.37	-1.8381
45.37	-1.8382
45.38	-1.8382
45.38	-1.8381
45.39	-1.8382
45.40	-1.8383
45.41	-1.8382
45.42	-1.8383
45.43	-1.8383
45.45	-1.8383
45.45	-1.8383
45.45	-1.8384
45.46	-1.8384
45.48	-1.8384
45.48	-1.8385
45.49	-1.8386
45.50	-1.8387
45.51	-1.8387
45.51	-1.8390
45.52	-1.8390
45.52	-1.8392
45.54	-1.8393
45.55	-1.8393
45.56	-1.8394
45.56	-1.8394
45.58	-1.8394
45.58	-1.8397
45.59	-1.8398
45.60	-1.8399
45.60	-1.8400
45.61	-1.8400
45.62	-1.8401
45.63	-1.8402
45.64	-1.8404
45.65	-1.8405
45.66	-1.8406
45.67	-1.8407
45.68	-1.8407
45.68	-1.8408
45.70	-1.8408
45.70	-1.8409
45.70	-1.8411
45.71	-1.8412
45.72	-1.8412
45.73	-1.8414
45.73	-1.8414
45.74	-1.8416
45.75	-1.8417
45.76	-1.8418
45.77	-1.8419
45.77	-1.8421
45.78	-1.8422
45.79	-1.8424
45.80	-1.8425
45.81	-1.8425
45.83	-1.8427
45.83	-1.8429
45.84	-1.8429
45.84	-1.8431
45.85	-1.8432
45.86	-1.8433
45.88	-1.8434
45.88	-1.8434
45.88	-1.8434
45.90	-1.8436
45.90	-1.8437
45.92	-1.8438
45.92	-1.8439
45.93	-1.8439
45.94	-1.8440
45.94	-1.8440
45.95	-1.8442
45.96	-1.8441
45.97	-1.8442
45.98	-1.8444
45.99	-1.8445
45.99	-1.8446
46.00	-1.8447
46.01	-1.8448
46.02	-1.8449
46.03	-1.8451
46.04	-1.8452
46.05	-1.8454
46.06	-1.8455
46.07	-1.8456
46.07	-1.8456
46.08	-1.8458
46.09	-1.8459
46.09	-1.8460
46.10	-1.8460
46.11	-1.8464
46.12	-1.8465
46.13	-1.8467
46.14	-1.8467
46.15	-1.8467
46.15	-1.8469
46.16	-1.8470
46.18	-1.8471
46.18	-1.8473
46.19	-1.8474
46.20	-1.8476
46.20	-1.8477
46.21	-1.8478
46.22	-1.8479
46.23	-1.8480
46.24	-1.8481
46.24	-1.8480
46.26	-1.8479
46.26	-1.8479
46.27	-1.8478
46.27	-1.8477
46.29	-1.8476
46.29	-1.8477
46.30	-1.8477
46.32	-1.8477
46.33	-1.8477
46.33	-1.8478
46.34	-1.8479
46.35	-1.8480
46.36	-1.8481
46.37	-1.8482
46.38	-1.8483
46.38	-1.8484
46.39	-1.8484
46.40	-1.8486
46.40	-1.8486
46.41	-1.8486
46.42	-1.8487
46.43	-1.8487
46.43	-1.8488
46.45	-1.8488
46.46	-1.8490
46.47	-1.8490
46.48	-1.8490
46.48	-1.8490
46.49	-1.8489
46.49	-1.8489
46.50	-1.8489
46.52	-1.8489
46.52	-1.8488
46.53	-1.8486
46.54	-1.8486
46.55	-1.8486
46.55	-1.8485
46.56	-1.8486
46.58	-1.8484
46.58	-1.8484
46.59	-1.8485
46.59	-1.8484
46.60	-1.8482
46.61	-1.8482
46.62	-1.8480
46.63	-1.8480
46.63	-1.8479
46.65	-1.8477
46.66	-1.8477
46.66	-1.8478
46.67	-1.8477
46.68	-1.8476
46.68	-1.8476
46.69	-1.8475
46.70	-1.8475
46.71	-1.8473
46.72	-1.8473
46.73	-1.8472
46.74	-1.8471
46.74	-1.8468
46.75	-1.8468
46.76	-1.8467
46.77	-1.8466
46.79	-1.8465
46.79	-1.8465
46.80	-1.8463
46.80	-1.8460
46.81	-1.8459
46.82	-1.8458
46.83	-1.8456
46.83	-1.8455
46.84	-1.8454
46.86	-1.8452
46.87	-1.8451
46.87	-1.8450
46.88	-1.8449
46.89	-1.8448
46.90	-1.8446
46.90	-1.8446
46.92	-1.8446
46.93	-1.8443
46.93	-1.8443
46.94	-1.8442
46.95	-1.8439
46.95	-1.8439
46.96	-1.8438
46.97	-1.8437
46.98	-1.8436
46.99	-1.8436
46.99	-1.8435
47.00	-1.8434
47.01	-1.8433
47.02	-1.8432
47.04	-1.8432
47.05	-1.8431
47.05	-1.8430
47.06	-1.8428
47.07	-1.8428
47.07	-1.8427
47.08	-1.8427
47.09	-1.8426
47.09	-1.8425
47.10	-1.8425
47.11	-1.8424
47.13	-1.8425
47.13	-1.8424
47.14	-1.8424
47.15	-1.8423
47.15	-1.8424
47.16	-1.8422
47.18	-1.8421
47.18	-1.8420
47.19	-1.8419
47.20	-1.8419
47.21	-1.8418
47.22	-1.8416
47.22	-1.8416
47.23	-1.8416
47.24	-1.8416
47.25	-1.8415
47.26	-1.8415
47.27	-1.8414
47.27	-1.8414
47.28	-1.8413
47.29	-1.8413
47.30	-1.8413
47.30	-1.8412
47.32	-1.8414
47.32	-1.8414
47.33	-1.8413
47.34	-1.8413
47.34	-1.8413
47.35	-1.8412
47.36	-1.8410
47.37	-1.8408
47.38	-1.8407
47.40	-1.8405
47.40	-1.8403
47.41	-1.8403
47.42	-1.8402
47.42	-1.8400
47.43	-1.8400
47.44	-1.8399
47.45	-1.8399
47.45	-1.8397
47.47	-1.8396
47.47	-1.8395
47.48	-1.8393
47.49	-1.8393
47.49	-1.8391
47.50	-1.8390
47.51	-1.8389
47.52	-1.8387
47.53	-1.8387
47.54	-1.8386
47.55	-1.8384
47.55	-1.8384
47.56	-1.8383
47.57	-1.8383
47.58	-1.8382
47.59	-1.8381
47.59	-1.8380
47.60	-1.8379
47.61	-1.8377
47.62	-1.8375
47.63	-1.8374
47.63	-1.8373
47.64	-1.8372
47.65	-1.8370
47.66	-1.8369
47.67	-1.8368
47.68	-1.8367
47.68	-1.8366
47.69	-1.8365
47.70	-1.8364
47.71	-1.8364
47.72	-1.8363
47.73	-1.8362
47.73	-1.8361
47.74	-1.8360
47.75	-1.8359
47.76	-1.8358
47.77	-1.8358
47.78	-1.8357
47.78	-1.8356
47.80	-1.8355
47.81	-1.8354
47.81	-1.8353
47.82	-1.8352
47.83	-1.8351
47.83	-1.8349
47.84	-1.8349
47.85	-1.8348
47.86	-1.8347
47.87	-1.8346
47.88	-1.8345
47.89	-1.8344
47.89	-1.8343
47.90	-1.8342
47.91	-1.8342
47.92	-1.8340
47.93	-1.8340
47.94	-1.8339
47.95	-1.8339
47.95	-1.8337
47.96	-1.8336
47.97	-1.8335
47.98	-1.8332
47.98	-1.8331
48.00	-1.8328
48.00	-1.8324
48.01	-1.8322
48.02	-1.8321
48.03	-1.8318
48.04	-1.8317
48.05	-1.8315
48.05	-1.8312
48.06	-1.8311
48.07	-1.8310
48.08	-1.8310
48.09	-1.8310
48.09	-1.8308
48.10	-1.8309
48.11	-1.8309
48.12	-1.8309
48.13	-1.8308
48.14	-1.8306
48.15	-1.8307
48.16	-1.8307
48.17	-1.8306
48.18	-1.8306
48.18	-1.8305
48.19	-1.8304
48.20	-1.8303
48.20	-1.8303
48.21	-1.8303
48.23	-1.8303
48.23	-1.8301
48.24	-1.8300
48.25	-1.8299
48.25	-1.8299
48.27	-1.8298
48.27	-1.8297
48.28	-1.8296
48.29	-1.8297
48.30	-1.8294
48.31	-1.8293
48.32	-1.8293
48.33	-1.8292
48.33	-1.8291
48.34	-1.8289
48.35	-1.8288
48.36	-1.8287
48.36	-1.8286
48.37	-1.8284
48.38	-1.8282
48.38	-1.8282
48.39	-1.8281
48.40	-1.8280
48.42	-1.8279
48.42	-1.8277
48.43	-1.8275
48.44	-1.8273
48.44	-1.8271
48.45	-1.8269
48.46	-1.8269
48.48	-1.8267
48.48	-1.8266
48.49	-1.8264
48.50	-1.8263
48.50	-1.8262
48.51	-1.8262
48.52	-1.8260
48.53	-1.8259
48.54	-1.8258
48.55	-1.8256
48.56	-1.8255
48.57	-1.8255
48.58	-1.8253
48.58	-1.8253
48.59	-1.8251
48.59	-1.8251
48.60	-1.8248
48.61	-1.8246
48.62	-1.8246
48.63	-1.8246
48.64	-1.8245
48.65	-1.8244
48.66	-1.8244
48.67	-1.8244
48.68	-1.8243
48.68	-1.8244
48.69	-1.8244
48.70	-1.8243
48.70	-1.8244
48.71	-1.8243
48.73	-1.8245
48.73	-1.8245
48.74	-1.8246
48.75	-1.8245
48.75	-1.8247
48.76	-1.8246
48.77	-1.8246
48.78	-1.8247
48.79	-1.8248
48.80	-1.8248
48.81	-1.8249
48.83	-1.8251
48.83	-1.8251
48.84	-1.8252
48.84	-1.8254
48.85	-1.8256
48.86	-1.8257
48.86	-1.8257
48.87	-1.8259
48.88	-1.8259
48.89	-1.8261
48.90	-1.8262
48.91	-1.8263
48.92	-1.8264
48.93	-1.8265
48.93	-1.8266
48.94	-1.8269
48.95	-1.8270
48.96	-1.8273
48.97	-1.8273
48.98	-1.8275
48.98	-1.8277
48.99	-1.8279
49.00	-1.8280
49.01	-1.8282
49.02	-1.8284
49.02	-1.8284
49.03	-1.8286
49.05	-1.8287
49.05	-1.8288
49.05	-1.8290
49.07	-1.8291
49.08	-1.8293
49.08	-1.8295
49.09	-1.8297
49.10	-1.8300
49.11	-1.8302
49.12	-1.8305
49.13	-1.8310
49.13	-1.8312
49.14	-1.8315
49.15	-1.8318
49.15	-1.8320
49.17	-1.8323
49.18	-1.8326
49.18	-1.8328
49.19	-1.8331
49.20	-1.8333
49.22	-1.8337
49.22	-1.8341
49.23	-1.8344
49.23	-1.8348
49.24	-1.8352
49.25	-1.8355
49.25	-1.8357
49.27	-1.8360
49.27	-1.8363
49.28	-1.8368
49.29	-1.8371
49.30	-1.8375
49.31	-1.8379
49.32	-1.8382
49.33	-1.8387
49.33	-1.8394
49.34	-1.8396
49.34	-1.8399
49.35	-1.8403
49.36	-1.8406
49.38	-1.8410
49.38	-1.8413
49.39	-1.8419
49.40	-1.8423
49.40	-1.8427
49.41	-1.8431
49.42	-1.8436
49.43	-1.8440
49.43	-1.8445
49.45	-1.8450
49.45	-1.8457
49.46	-1.8462
49.47	-1.8466
49.48	-1.8472
49.49	-1.8477
49.50	-1.8484
49.50	-1.8489
49.51	-1.8495
49.52	-1.8501
49.53	-1.8507
49.54	-1.8512
49.55	-1.8517
49.55	-1.8523
49.56	-1.8531
49.57	-1.8537
49.58	-1.8543
49.59	-1.8549
49.59	-1.8556
49.61	-1.8563
49.61	-1.8569
49.62	-1.8578
49.63	-1.8585
49.64	-1.8592
49.65	-1.8599
49.66	-1.8606
49.66	-1.8612
49.67	-1.8619
49.68	-1.8628
49.69	-1.8635
49.70	-1.8643
49.70	-1.8652
49.71	-1.8659
49.72	-1.8667
49.73	-1.8676
49.74	-1.8685
49.75	-1.8694
49.75	-1.8701
49.77	-1.8708
49.77	-1.8716
49.78	-1.8726
49.79	-1.8733
49.80	-1.8742
49.80	-1.8750
49.81	-1.8759
49.82	-1.8769
49.83	-1.8779
49.84	-1.8789
49.85	-1.8798
49.86	-1.8808
49.87	-1.8820
49.88	-1.8831
49.88	-1.8842
49.89	-1.8853
49.90	-1.8865
49.91	-1.8876
49.91	-1.8888
49.92	-1.8900
49.93	-1.8912
49.94	-1.8925
49.95	-1.8937
49.95	-1.8949
49.96	-1.8963
49.97	-1.8976
49.98	-1.8989
49.99	-1.9001
50.00	-1.9016
50.01	-1.9029
50.02	-1.9041
50.02	-1.9056
50.03	-1.9069
50.04	-1.9081
50.05	-1.9092
50.06	-1.9106
50.07	-1.9118
50.08	-1.9132
50.09	-1.9145
50.09	-1.9160
50.10	-1.9174
50.11	-1.9188
50.12	-1.9202
50.13	-1.9215
50.13	-1.9229
50.14	-1.9244
50.15	-1.9260
50.15	-1.9275
50.16	-1.9289
50.17	-1.9306
50.18	-1.9320
50.19	-1.9336
50.19	-1.9354
50.20	-1.9369
50.21	-1.9384
50.23	-1.9401
50.23	-1.9417
50.24	-1.9432
50.25	-1.9449
50.26	-1.9465
50.27	-1.9481
50.27	-1.9499
50.28	-1.9515
50.29	-1.9533
50.30	-1.9551
50.31	-1.9568
50.32	-1.9585
50.33	-1.9604
50.33	-1.9622
50.34	-1.9641
50.35	-1.9659
50.35	-1.9678
50.36	-1.9698
50.37	-1.9715
50.38	-1.9733
50.39	-1.9753
50.40	-1.9772
50.41	-1.9791
50.42	-1.9809
50.42	-1.9828
50.43	-1.9850
50.44	-1.9869
50.45	-1.9889
50.46	-1.9909
50.47	-1.9929
50.48	-1.9949
50.48	-1.9970
50.49	-1.9992
50.50	-2.0012
50.50	-2.0033
50.52	-2.0053
50.52	-2.0073
50.53	-2.0094
50.54	-2.0114
50.55	-2.0135
50.55	-2.0155
50.56	-2.0173
50.57	-2.0195
50.58	-2.0215
50.59	-2.0234
50.60	-2.0254
50.61	-2.0273
50.61	-2.0293
50.62	-2.0313
50.63	-2.0333
50.64	-2.0352
50.65	-2.0372
50.66	-2.0391
50.67	-2.0412
50.67	-2.0432
50.68	-2.0450
50.69	-2.0468
50.70	-2.0487
50.71	-2.0505
50.72	-2.0524
50.73	-2.0542
50.73	-2.0560
50.74	-2.0580
50.75	-2.0598
50.76	-2.0615
50.77	-2.0636
50.77	-2.0653
50.78	-2.0673
50.80	-2.0691
50.80	-2.0709
50.81	-2.0728
50.81	-2.0745
50.82	-2.0763
50.83	-2.0781
50.84	-2.0797
50.84	-2.0815
50.86	-2.0832
50.87	-2.0848
50.88	-2.0864
50.88	-2.0881
50.89	-2.0898
50.90	-2.0915
50.91	-2.0931
50.91	-2.0947
50.92	-2.0964
50.93	-2.0980
50.95	-2.0994
50.95	-2.1009
50.95	-2.1024
50.97	-2.1040
50.98	-2.1055
50.98	-2.1071
51.00	-2.1085
51.00	-2.1098
51.01	-2.1114
51.02	-2.1127
51.02	-2.1140
51.03	-2.1153
51.04	-2.1166
51.05	-2.1177
51.06	-2.1190
51.07	-2.1202
51.08	-2.1215
51.08	-2.1225
51.09	-2.1236
51.10	-2.1248
51.10	-2.1259
51.11	-2.1270
51.12	-2.1281
51.13	-2.1291
51.14	-2.1303
51.15	-2.1314
51.15	-2.1326
51.16	-2.1334
51.17	-2.1346
51.18	-2.1356
51.19	-2.1365
51.20	-2.1375
51.21	-2.1383
51.21	-2.1391
51.22	-2.1399
51.23	-2.1407
51.24	-2.1415
51.25	-2.1423
51.25	-2.1431
51.27	-2.1440
51.27	-2.1448
51.28	-2.1454
51.29	-2.1461
51.30	-2.1467
51.30	-2.1473
51.31	-2.1480
51.32	-2.1488
51.33	-2.1495
51.34	-2.1501
51.35	-2.1507
51.35	-2.1513
51.36	-2.1518
51.37	-2.1524
51.38	-2.1530
51.39	-2.1535
51.40	-2.1541
51.40	-2.1546
51.41	-2.1551
51.43	-2.1556
51.43	-2.1561
51.44	-2.1565
51.45	-2.1570
51.45	-2.1575
51.46	-2.1580
51.47	-2.1584
51.48	-2.1589
51.49	-2.1594
51.50	-2.1599
51.50	-2.1603
51.51	-2.1607
51.52	-2.1610
51.53	-2.1614
51.54	-2.1618
51.55	-2.1621
51.56	-2.1623
51.56	-2.1626
51.57	-2.1628
51.58	-2.1629
51.59	-2.1631
51.60	-2.1631
51.61	-2.1634
51.61	-2.1637
51.62	-2.1639
51.63	-2.1641
51.64	-2.1643
51.65	-2.1647
51.66	-2.1651
51.67	-2.1656
51.68	-2.1659
51.68	-2.1660
51.69	-2.1663
51.70	-2.1665
51.70	-2.1670
51.71	-2.1672
51.72	-2.1675
51.73	-2.1677
51.74	-2.1678
51.75	-2.1681
51.76	-2.1682
51.77	-2.1684
51.77	-2.1686
51.78	-2.1687
51.79	-2.1689
51.80	-2.1692
51.80	-2.1695
51.82	-2.1697
51.83	-2.1698
51.83	-2.1699
51.84	-2.1700
51.85	-2.1701
51.86	-2.1702
51.87	-2.1703
51.88	-2.1703
51.89	-2.1704
51.89	-2.1704
51.90	-2.1705
51.91	-2.1705
51.92	-2.1707
51.92	-2.1706
51.93	-2.1707
51.94	-2.1708
51.95	-2.1710
51.95	-2.1710
51.96	-2.1711
51.98	-2.1712
51.98	-2.1712
51.99	-2.1713
52.00	-2.1714
52.01	-2.1714
52.01	-2.1715
52.02	-2.1716
52.02	-2.1717
52.04	-2.1719
52.05	-2.1721
52.05	-2.1721
52.06	-2.1721
52.07	-2.1724
52.08	-2.1725
52.09	-2.1726
52.10	-2.1727
52.10	-2.1729
52.11	-2.1730
52.12	-2.1731
52.13	-2.1732
52.14	-2.1733
52.15	-2.1735
52.16	-2.1736
52.17	-2.1737
52.18	-2.1738
52.18	-2.1740
52.19	-2.1741
52.20	-2.1743
52.21	-2.1745
52.21	-2.1747
52.22	-2.1748
52.23	-2.1749
52.24	-2.1751
52.25	-2.1753
52.25	-2.1754
52.26	-2.1755
52.27	-2.1759
52.28	-2.1761
52.29	-2.1762
52.30	-2.1765
52.31	-2.1767
52.32	-2.1771
52.32	-2.1772
52.33	-2.1774
52.34	-2.1775
52.34	-2.1776
52.36	-2.1779
52.37	-2.1780
52.37	-2.1782
52.38	-2.1783
52.39	-2.1785
52.40	-2.1787
52.40	-2.1789
52.42	-2.1791
52.42	-2.1791
52.43	-2.1793
52.44	-2.1796
52.45	-2.1799
52.45	-2.1800
52.46	-2.1801
52.47	-2.1803
52.48	-2.1805
52.49	-2.1808
52.50	-2.1811
52.51	-2.1813
52.52	-2.1813
52.52	-2.1816
52.53	-2.1817
52.54	-2.1820
52.54	-2.1823
52.55	-2.1826
52.56	-2.1829
52.58	-2.1831
52.58	-2.1835
52.59	-2.1839
52.59	-2.1841
52.60	-2.1844
52.61	-2.1846
52.62	-2.1846
52.63	-2.1848
52.64	-2.1851
52.65	-2.1854
52.65	-2.1856
52.66	-2.1858
52.67	-2.1859
52.68	-2.1860
52.69	-2.1861
52.70	-2.1862
52.70	-2.1864
52.72	-2.1865
52.72	-2.1865
52.73	-2.1868
52.74	-2.1871
52.75	-2.1871
52.76	-2.1873
52.76	-2.1877
52.77	-2.1879
52.78	-2.1881
52.79	-2.1884
52.80	-2.1885
52.80	-2.1886
52.81	-2.1888
52.82	-2.1891
52.83	-2.1892
52.84	-2.1894
52.84	-2.1896
52.85	-2.1897
52.86	-2.1899
52.87	-2.1902
52.88	-2.1904
52.89	-2.1905
52.90	-2.1910
52.90	-2.1911
52.91	-2.1912
52.92	-2.1914
52.93	-2.1916
52.93	-2.1918
52.94	-2.1919
52.95	-2.1921
52.96	-2.1922
52.97	-2.1923
52.98	-2.1925
52.99	-2.1926
53.00	-2.1929
53.00	-2.1930
53.02	-2.1932
53.02	-2.1935
53.03	-2.1936
53.04	-2.1938
53.05	-2.1940
53.05	-2.1940
53.06	-2.1943
53.07	-2.1945
53.08	-2.1946
53.09	-2.1949
53.09	-2.1951
53.10	-2.1955
53.11	-2.1957
53.12	-2.1957
53.13	-2.1958
53.14	-2.1959
53.15	-2.1959
53.15	-2.1961
53.16	-2.1962
53.17	-2.1964
53.18	-2.1966
53.18	-2.1967
53.19	-2.1967
53.20	-2.1968
53.21	-2.1970
53.22	-2.1971
53.23	-2.1972
53.24	-2.1972
53.25	-2.1974
53.25	-2.1974
53.26	-2.1974
53.27	-2.1976
53.27	-2.1977
53.28	-2.1979
53.29	-2.1980
53.30	-2.1982
53.31	-2.1983
53.32	-2.1986
53.33	-2.1987
53.33	-2.1989
53.34	-2.1990
53.35	-2.1991
53.36	-2.1990
53.37	-2.1990
53.38	-2.1989
53.39	-2.1987
53.39	-2.1987
53.40	-2.1987
53.41	-2.1987
53.42	-2.1989
53.43	-2.1990
53.44	-2.1991
53.45	-2.1993
53.45	-2.1994
53.46	-2.1996
53.47	-2.1998
53.48	-2.1999
53.49	-2.2001
53.50	-2.2001
53.50	-2.2003
53.51	-2.2004
53.52	-2.2007
53.53	-2.2008
53.54	-2.2008
53.54	-2.2010
53.55	-2.2011
53.56	-2.2011
53.57	-2.2012
53.58	-2.2013
53.59	-2.2014
53.60	-2.2015
53.61	-2.2016
53.61	-2.2018
53.62	-2.2018
53.63	-2.2019
53.64	-2.2020
53.65	-2.2021
53.66	-2.2023
53.66	-2.2024
53.67	-2.2025
53.68	-2.2026
53.69	-2.2026
53.70	-2.2027
53.70	-2.2026
53.71	-2.2027
53.72	-2.2027
53.73	-2.2029
53.74	-2.2029
53.74	-2.2028
53.75	-2.2029
53.76	-2.2029
53.77	-2.2031
53.77	-2.2031
53.78	-2.2032
53.80	-2.2032
53.81	-2.2034
53.81	-2.2034
53.82	-2.2035
53.83	-2.2035
53.84	-2.2034
53.84	-2.2034
53.85	-2.2035
53.86	-2.2034
53.87	-2.2034
53.88	-2.2034
53.88	-2.2034
53.89	-2.2035
53.90	-2.2035
53.91	-2.2035
53.92	-2.2036
53.93	-2.2037
53.93	-2.2037
53.95	-2.2037
53.95	-2.2037
53.96	-2.2037
53.97	-2.2038
53.98	-2.2038
53.99	-2.2038
54.00	-2.2039
54.00	-2.2038
54.01	-2.2040
54.02	-2.2040
54.03	-2.2041
54.04	-2.2041
54.05	-2.2041
54.06	-2.2041
54.06	-2.2041
54.07	-2.2041
54.08	-2.2040
54.09	-2.2040
54.09	-2.2041
54.10	-2.2042
54.11	-2.2044
54.12	-2.2046
54.13	-2.2047
54.14	-2.2048
54.15	-2.2049
54.15	-2.2050
54.16	-2.2051
54.17	-2.2052
54.18	-2.2053
54.19	-2.2054
54.20	-2.2056
54.20	-2.2057
54.21	-2.2057
54.22	-2.2059
54.23	-2.2059
54.24	-2.2059
54.25	-2.2061
54.25	-2.2061
54.26	-2.2061
54.27	-2.2062
54.28	-2.2063
54.29	-2.2064
54.30	-2.2065
54.30	-2.2065
54.31	-2.2066
54.32	-2.2067
54.33	-2.2068
54.34	-2.2069
54.34	-2.2069
54.35	-2.2070
54.36	-2.2070
54.37	-2.2071
54.38	-2.2072
54.39	-2.2072
54.40	-2.2073
54.40	-2.2074
54.41	-2.2074
54.42	-2.2075
54.43	-2.2076
54.44	-2.2077
54.45	-2.2077
54.45	-2.2077
54.47	-2.2078
54.47	-2.2079
54.48	-2.2081
54.48	-2.2081
54.49	-2.2081
54.50	-2.2082
54.52	-2.2083
54.53	-2.2084
54.53	-2.2085
54.54	-2.2085
54.55	-2.2086
54.55	-2.2086
54.56	-2.2089
54.57	-2.2089
54.58	-2.2089
54.58	-2.2089
54.59	-2.2091
54.60	-2.2091
54.61	-2.2092
54.62	-2.2092
54.63	-2.2092
54.64	-2.2092
54.65	-2.2092
54.65	-2.2093
54.66	-2.2094
54.66	-2.2095
54.68	-2.2096
54.68	-2.2096
54.69	-2.2097
54.70	-2.2098
54.71	-2.2100
54.72	-2.2100
54.73	-2.2101
54.74	-2.2102
54.75	-2.2104
54.75	-2.2105
54.76	-2.2107
54.77	-2.2108
54.77	-2.2110
54.78	-2.2111
54.79	-2.2111
54.80	-2.2111
54.81	-2.2110
54.82	-2.2112
54.83	-2.2113
54.83	-2.2115
54.84	-2.2115
54.85	-2.2115
54.86	-2.2116
54.87	-2.2117
54.88	-2.2117
54.89	-2.2118
54.90	-2.2118
54.90	-2.2119
54.91	-2.2119
54.92	-2.2121
54.93	-2.2121
54.94	-2.2121
54.94	-2.2121
54.95	-2.2121
54.96	-2.2123
54.97	-2.2124
54.97	-2.2125
54.98	-2.2127
55.00	-2.2128
55.00	-2.2129
55.01	-2.2130
55.02	-2.2129
55.02	-2.2130
55.03	-2.2130
55.04	-2.2130
55.05	-2.2130
55.06	-2.2132
55.07	-2.2133
55.08	-2.2135
55.08	-2.2136
55.09	-2.2138
55.10	-2.2138
55.11	-2.2139
55.12	-2.2140
55.13	-2.2141
55.14	-2.2142
55.14	-2.2142
55.15	-2.2142
55.16	-2.2143
55.17	-2.2144
55.18	-2.2145
55.18	-2.2145
55.19	-2.2146
55.20	-2.2145
55.21	-2.2146
55.22	-2.2147
55.23	-2.2147
55.24	-2.2149
55.25	-2.2150
55.25	-2.2152
55.26	-2.2152
55.27	-2.2152
55.27	-2.2152
55.29	-2.2154
55.29	-2.2155
55.30	-2.2156
55.31	-2.2157
55.32	-2.2158
55.33	-2.2160
55.34	-2.2160
55.34	-2.2161
55.35	-2.2161
55.36	-2.2162
55.37	-2.2162
55.38	-2.2162
55.38	-2.2163
55.39	-2.2164
55.40	-2.2164
55.41	-2.2165
55.42	-2.2166
55.43	-2.2167
55.43	-2.2168
55.45	-2.2169
55.46	-2.2169
55.46	-2.2170
55.47	-2.2171
55.48	-2.2171
55.48	-2.2173
55.49	-2.2173
55.50	-2.2174
55.50	-2.2175
55.51	-2.2175
55.52	-2.2176
55.53	-2.2175
55.54	-2.2175
55.55	-2.2176
55.56	-2.2178
55.57	-2.2179
55.58	-2.2181
55.58	-2.2181
55.59	-2.2183
55.60	-2.2184
55.61	-2.2185
55.62	-2.2187
55.62	-2.2188
55.63	-2.2189
55.64	-2.2191
55.65	-2.2192
55.66	-2.2193
55.67	-2.2195
55.68	-2.2196
55.68	-2.2198
55.69	-2.2199
55.70	-2.2199
55.71	-2.2200
55.72	-2.2200
55.73	-2.2199
55.73	-2.2199
55.74	-2.2199
55.75	-2.2200
55.76	-2.2200
55.77	-2.2200
55.78	-2.2199
55.79	-2.2201
55.80	-2.2202
55.81	-2.2202
55.81	-2.2203
55.82	-2.2204
55.83	-2.2204
55.83	-2.2206
55.85	-2.2207
55.86	-2.2207
55.85	-2.2208
55.87	-2.2209
55.89	-2.2209
55.90	-2.2211
55.90	-2.2211
55.89	-2.2214
55.90	-2.2212
55.91	-2.2214
55.92	-2.2214
55.93	-2.2215
55.94	-2.2216
55.95	-2.2216
55.95	-2.2216
55.96	-2.2217
55.96	-2.2218
55.97	-2.2219
55.98	-2.2220
56.00	-2.2220
56.01	-2.2219
56.02	-2.2220
56.02	-2.2219
56.03	-2.2220
56.05	-2.2220
56.05	-2.2221
56.05	-2.2222
56.07	-2.2223
56.07	-2.2225
56.08	-2.2226
56.09	-2.2227
56.10	-2.2228
56.11	-2.2228
56.12	-2.2228
56.13	-2.2229
56.14	-2.2230
56.14	-2.2231
56.15	-2.2232
56.16	-2.2233
56.16	-2.2233
56.18	-2.2234
56.19	-2.2233
56.19	-2.2235
56.20	-2.2236
56.21	-2.2239
56.22	-2.2239
56.23	-2.2239
56.23	-2.2240
56.24	-2.2241
56.25	-2.2242
56.26	-2.2243
56.27	-2.2244
56.27	-2.2245
56.28	-2.2246
56.29	-2.2247
56.30	-2.2248
56.30	-2.2249
56.31	-2.2251
56.33	-2.2252
56.33	-2.2253
56.34	-2.2254
56.35	-2.2254
56.36	-2.2254
56.37	-2.2255
56.38	-2.2255
56.38	-2.2254
56.39	-2.2254
56.40	-2.2255
56.40	-2.2255
56.41	-2.2257
56.42	-2.2257
56.43	-2.2258
56.44	-2.2258
56.45	-2.2260
56.46	-2.2259
56.46	-2.2260
56.47	-2.2260
56.48	-2.2262
56.49	-2.2263
56.50	-2.2265
56.51	-2.2265
56.52	-2.2267
56.52	-2.2267
56.53	-2.2267
56.54	-2.2269
56.54	-2.2269
56.55	-2.2270
56.57	-2.2272
56.57	-2.2273
56.58	-2.2274
56.59	-2.2274
56.59	-2.2275
56.60	-2.2276
56.61	-2.2278
56.62	-2.2279
56.63	-2.2280
56.64	-2.2280
56.65	-2.2281
56.65	-2.2281
56.67	-2.2283
56.68	-2.2282
56.68	-2.2283
56.69	-2.2283
56.70	-2.2284
56.71	-2.2284
56.72	-2.2284
56.73	-2.2284
56.73	-2.2284
56.74	-2.2285
56.75	-2.2285
56.75	-2.2286
56.76	-2.2286
56.78	-2.2287
56.78	-2.2287
56.79	-2.2288
56.80	-2.2291
56.81	-2.2292
56.81	-2.2294
56.83	-2.2296
56.83	-2.2297
56.84	-2.2299
56.84	-2.2300
56.85	-2.2300
56.87	-2.2302
56.88	-2.2304
56.89	-2.2305
56.90	-2.2305
56.90	-2.2305
56.91	-2.2307
56.92	-2.2308
56.93	-2.2308
56.93	-2.2309
56.94	-2.2309
56.95	-2.2310
56.96	-2.2310
56.97	-2.2311
56.98	-2.2313
56.98	-2.2313
56.99	-2.2314
57.00	-2.2314
57.00	-2.2314
57.02	-2.2315
57.02	-2.2314
57.03	-2.2315
57.04	-2.2316
57.05	-2.2316
57.05	-2.2316
57.07	-2.2319
57.08	-2.2319
57.08	-2.2319
57.09	-2.2320
57.09	-2.2320
57.11	-2.2321
57.12	-2.2322
57.13	-2.2323
57.13	-2.2322
57.14	-2.2323
57.15	-2.2325
57.16	-2.2325
57.17	-2.2327
57.18	-2.2327
57.18	-2.2327
57.19	-2.2328
57.20	-2.2330
57.21	-2.2329
57.22	-2.2329
57.23	-2.2331
57.24	-2.2333
57.24	-2.2333
57.25	-2.2334
57.26	-2.2334
57.27	-2.2336
57.27	-2.2336
57.28	-2.2337
57.28	-2.2339
57.30	-2.2339
57.30	-2.2341
57.31	-2.2342
57.32	-2.2344
57.33	-2.2346
57.34	-2.2347
57.34	-2.2348
57.35	-2.2348
57.36	-2.2349
57.37	-2.2350
57.38	-2.2350
57.38	-2.2350
57.39	-2.2351
57.41	-2.2353
57.42	-2.2353
57.43	-2.2354
57.43	-2.2355
57.44	-2.2357
57.45	-2.2357
57.45	-2.2358
57.46	-2.2358
57.47	-2.2359
57.48	-2.2360
57.49	-2.2361
57.49	-2.2360
57.50	-2.2360
57.52	-2.2362
57.52	-2.2363
57.53	-2.2364
57.54	-2.2365
57.55	-2.2366
57.56	-2.2367
57.56	-2.2368
57.57	-2.2370
57.58	-2.2369
57.59	-2.2368
57.59	-2.2369
57.60	-2.2369
57.62	-2.2369
57.63	-2.2370
57.63	-2.2372
57.64	-2.2373
57.65	-2.2374
57.65	-2.2376
57.66	-2.2375
57.67	-2.2376
57.68	-2.2377
57.69	-2.2378
57.70	-2.2379
57.71	-2.2380
57.71	-2.2380
57.72	-2.2383
57.73	-2.2382
57.74	-2.2382
57.75	-2.2383
57.76	-2.2384
57.76	-2.2385
57.77	-2.2384
57.78	-2.2386
57.79	-2.2388
57.79	-2.2390
57.80	-2.2391
57.81	-2.2392
57.82	-2.2393
57.83	-2.2394
57.84	-2.2395
57.85	-2.2396
57.86	-2.2396
57.87	-2.2398
57.88	-2.2397
57.88	-2.2397
57.89	-2.2399
57.90	-2.2401
57.90	-2.2402
57.91	-2.2402
57.92	-2.2403
57.93	-2.2405
57.94	-2.2405
57.94	-2.2406
57.95	-2.2408
57.96	-2.2409
57.97	-2.2411
57.98	-2.2412
57.99	-2.2415
58.00	-2.2416
58.00	-2.2417
58.01	-2.2418
58.02	-2.2419
58.03	-2.2420
58.04	-2.2422
58.04	-2.2422
58.05	-2.2422
58.06	-2.2423
58.08	-2.2424
58.08	-2.2424
58.09	-2.2425
58.10	-2.2426
58.11	-2.2427
58.12	-2.2427
58.12	-2.2430
58.13	-2.2431
58.14	-2.2432
58.15	-2.2432
58.15	-2.2433
58.16	-2.2433
58.17	-2.2435
58.18	-2.2435
58.19	-2.2435
58.20	-2.2437
58.20	-2.2437
58.21	-2.2438
58.22	-2.2438
58.23	-2.2438
58.23	-2.2438
58.24	-2.2438
58.25	-2.2440
58.26	-2.2440
58.27	-2.2440
58.28	-2.2443
58.29	-2.2442
58.30	-2.2444
58.30	-2.2445
58.31	-2.2447
58.32	-2.2448
58.33	-2.2449
58.33	-2.2451
58.34	-2.2451
58.36	-2.2453
58.36	-2.2453
58.37	-2.2454
58.38	-2.2455
58.38	-2.2458
58.39	-2.2458
58.40	-2.2460
58.41	-2.2461
58.42	-2.2461
58.43	-2.2462
58.43	-2.2463
58.44	-2.2464
58.45	-2.2465
58.46	-2.2464
58.47	-2.2465
58.48	-2.2465
58.49	-2.2466
58.49	-2.2467
58.50	-2.2468
58.51	-2.2469
58.52	-2.2470
58.52	-2.2471
58.54	-2.2472
58.55	-2.2473
58.55	-2.2473
58.56	-2.2475
58.57	-2.2476
58.58	-2.2477
58.59	-2.2478
58.60	-2.2479
58.60	-2.2481
58.61	-2.2481
58.62	-2.2480
58.63	-2.2482
58.63	-2.2483
58.64	-2.2483
58.65	-2.2484
58.66	-2.2485
58.67	-2.2486
58.68	-2.2486
58.69	-2.2487
58.70	-2.2488
58.70	-2.2488
58.70	-2.2488
58.72	-2.2488
58.73	-2.2488
58.74	-2.2489
58.74	-2.2490
58.75	-2.2491
58.76	-2.2493
58.77	-2.2493
58.77	-2.2495
58.78	-2.2495
58.79	-2.2496
58.80	-2.2498
58.81	-2.2499
58.82	-2.2500
58.83	-2.2501
58.84	-2.2500
58.84	-2.2501
58.85	-2.2502
58.85	-2.2504
58.87	-2.2504
58.88	-2.2506
58.88	-2.2507
58.90	-2.2507
58.90	-2.2508
58.91	-2.2508
58.92	-2.2511
58.93	-2.2512
58.94	-2.2512
58.95	-2.2513
58.95	-2.2514
58.96	-2.2514
58.97	-2.2515
58.98	-2.2517
58.98	-2.2516
59.00	-2.2517
59.01	-2.2516
59.02	-2.2518
59.02	-2.2518
59.02	-2.2518
59.03	-2.2519
59.04	-2.2521
59.05	-2.2521
59.06	-2.2523
59.07	-2.2525
59.08	-2.2525
59.08	-2.2524
59.09	-2.2525
59.10	-2.2527
59.10	-2.2527
59.12	-2.2528
59.13	-2.2528
59.14	-2.2529
59.14	-2.2529
59.15	-2.2530
59.16	-2.2531
59.17	-2.2532
59.17	-2.2530
59.18	-2.2531
59.19	-2.2531
59.20	-2.2533
59.21	-2.2533
59.21	-2.2533
59.23	-2.2535
59.23	-2.2536
59.24	-2.2537
59.25	-2.2537
59.26	-2.2537
59.27	-2.2536
59.27	-2.2537
59.28	-2.2539
59.29	-2.2539
59.30	-2.2539
59.31	-2.2540
59.32	-2.2541
59.33	-2.2542
59.33	-2.2543
59.34	-2.2544
59.34	-2.2544
59.35	-2.2544
59.36	-2.2546
59.38	-2.2548
59.39	-2.2548
59.40	-2.2549
59.40	-2.2550
59.41	-2.2551
59.42	-2.2553
59.43	-2.2553
59.43	-2.2554
59.44	-2.2554
59.45	-2.2556
59.46	-2.2556
59.47	-2.2557
59.47	-2.2558
59.48	-2.2559
59.49	-2.2560
59.50	-2.2565
59.51	-2.2566
59.52	-2.2567
59.52	-2.2568
59.53	-2.2569
59.54	-2.2570
59.55	-2.2571
59.56	-2.2572
59.57	-2.2573
59.58	-2.2574
59.58	-2.2573
59.59	-2.2575
59.60	-2.2575
59.61	-2.2576
59.62	-2.2578
59.62	-2.2578
59.63	-2.2580
59.64	-2.2579
59.65	-2.2581
59.66	-2.2581
59.67	-2.2581
59.67	-2.2581
59.68	-2.2581
59.69	-2.2583
59.70	-2.2583
59.71	-2.2583
59.72	-2.2585
59.73	-2.2585
59.73	-2.2586
59.74	-2.2587
59.75	-2.2588
59.76	-2.2591
59.77	-2.2592
59.77	-2.2593
59.78	-2.2595
59.79	-2.2597
59.80	-2.2597
59.81	-2.2599
59.82	-2.2598
59.83	-2.2599
59.83	-2.2599
59.84	-2.2598
59.85	-2.2600
59.86	-2.2599
59.87	-2.2600
59.88	-2.2600
59.88	-2.2600
59.90	-2.2600
59.90	-2.2602
59.91	-2.2601
59.92	-2.2603
59.93	-2.2603
59.93	-2.2604
59.94	-2.2604
59.95	-2.2604
59.95	-2.2605
59.96	-2.2606
59.98	-2.2608
59.98	-2.2609
59.99	-2.2610
59.99	-2.2610
60.00	-2.2612
60.01	-2.2612
60.02	-2.2613
60.03	-2.2614
60.04	-2.2616
60.05	-2.2617
60.06	-2.2618
60.06	-2.2618
60.07	-2.2618
60.08	-2.2618
60.09	-2.2620
60.09	-2.2620
60.11	-2.2620
60.12	-2.2623
60.13	-2.2624
60.13	-2.2625
60.14	-2.2626
60.15	-2.2628
60.15	-2.2629
60.16	-2.2629
60.17	-2.2630
60.18	-2.2629
60.19	-2.2630
60.20	-2.2630
60.21	-2.2631
60.21	-2.2632
60.22	-2.2633
60.23	-2.2634
60.24	-2.2635
60.25	-2.2637
60.26	-2.2636
60.27	-2.2637
60.27	-2.2638
60.28	-2.2639
60.29	-2.2639
60.30	-2.2639
60.30	-2.2640
60.31	-2.2640
60.32	-2.2640
60.33	-2.2642
60.34	-2.2643
60.34	-2.2643
60.35	-2.2644
60.36	-2.2645
60.38	-2.2645
60.38	-2.2645
60.39	-2.2645
60.40	-2.2647
60.41	-2.2648
60.41	-2.2649
60.42	-2.2649
60.43	-2.2651
60.44	-2.2652
60.45	-2.2654
60.46	-2.2656
60.46	-2.2657
60.47	-2.2658
60.48	-2.2658
60.49	-2.2659
60.50	-2.2659
60.51	-2.2660
60.52	-2.2661
60.52	-2.2662
60.53	-2.2665
60.54	-2.2666
60.55	-2.2666
60.56	-2.2668
60.56	-2.2668
60.58	-2.2668
60.58	-2.2672
60.59	-2.2672
60.59	-2.2673
60.60	-2.2675
60.61	-2.2676
60.62	-2.2676
60.63	-2.2677
60.64	-2.2678
60.65	-2.2680
60.66	-2.2681
60.67	-2.2682
60.67	-2.2682
60.68	-2.2682
60.69	-2.2683
60.70	-2.2683
60.70	-2.2684
60.71	-2.2684
60.72	-2.2685
60.73	-2.2685
60.74	-2.2685
60.75	-2.2686
60.75	-2.2686
60.76	-2.2686
60.77	-2.2687
60.78	-2.2688
60.79	-2.2689
60.80	-2.2690
60.80	-2.2690
60.81	-2.2691
60.83	-2.2693
60.83	-2.2694
60.84	-2.2695
60.84	-2.2697
60.85	-2.2697
60.86	-2.2699
60.87	-2.2698
60.88	-2.2699
60.88	-2.2698
60.89	-2.2699
60.90	-2.2700
60.91	-2.2702
60.91	-2.2703
60.92	-2.2703
60.93	-2.2704
60.94	-2.2705
60.95	-2.2706
60.96	-2.2707
60.97	-2.2707
60.98	-2.2708
60.98	-2.2709
61.00	-2.2711
61.00	-2.2711
61.01	-2.2712
61.02	-2.2713
61.03	-2.2714
61.04	-2.2714
61.05	-2.2715
61.05	-2.2717
61.06	-2.2718
61.07	-2.2718
61.08	-2.2720
61.08	-2.2720
61.09	-2.2721
61.10	-2.2722
61.11	-2.2724
61.12	-2.2722
61.13	-2.2723
61.14	-2.2725
61.15	-2.2726
61.15	-2.2725
61.16	-2.2726
61.17	-2.2726
61.18	-2.2727
61.18	-2.2728
61.19	-2.2729
61.20	-2.2731
61.21	-2.2732
61.23	-2.2732
61.23	-2.2733
61.24	-2.2735
61.25	-2.2736
61.25	-2.2736
61.26	-2.2736
61.27	-2.2737
61.28	-2.2738
61.29	-2.2738
61.30	-2.2739
61.30	-2.2739
61.32	-2.2741
61.32	-2.2741
61.33	-2.2741
61.34	-2.2742
61.35	-2.2742
61.35	-2.2743
61.36	-2.2744
61.37	-2.2743
61.38	-2.2743
61.38	-2.2744
61.39	-2.2745
61.40	-2.2746
61.41	-2.2747
61.42	-2.2749
61.43	-2.2751
61.44	-2.2754
61.45	-2.2754
61.45	-2.2755
61.46	-2.2756
61.47	-2.2758
61.48	-2.2758
61.49	-2.2759
61.50	-2.2760
61.50	-2.2760
61.51	-2.2761
61.52	-2.2761
61.53	-2.2763
61.54	-2.2764
61.54	-2.2764
61.56	-2.2765
61.57	-2.2766
61.58	-2.2766
61.58	-2.2769
61.58	-2.2770
61.59	-2.2772
61.60	-2.2772
61.61	-2.2772
61.62	-2.2773
61.63	-2.2775
61.64	-2.2774
61.65	-2.2776
61.65	-2.2778
61.66	-2.2778
61.67	-2.2779
61.68	-2.2780
61.69	-2.2781
61.70	-2.2780
61.70	-2.2782
61.71	-2.2784
61.72	-2.2786
61.73	-2.2787
61.73	-2.2788
61.74	-2.2790
61.75	-2.2790
61.76	-2.2792
61.77	-2.2793
61.77	-2.2794
61.78	-2.2795
61.79	-2.2795
61.80	-2.2796
61.80	-2.2798
61.81	-2.2799
61.83	-2.2799
61.83	-2.2801
61.84	-2.2803
61.84	-2.2803
61.86	-2.2804
61.87	-2.2805
61.88	-2.2808
61.88	-2.2809
61.90	-2.2810
61.90	-2.2810
61.91	-2.2812
61.91	-2.2812
61.92	-2.2813
61.93	-2.2813
61.94	-2.2813
61.95	-2.2813
61.96	-2.2815
61.96	-2.2816
61.98	-2.2817
61.98	-2.2817
61.99	-2.2818
62.00	-2.2818
62.01	-2.2818
62.02	-2.2818
62.02	-2.2818
62.03	-2.2819
62.05	-2.2821
62.05	-2.2822
62.06	-2.2824
62.06	-2.2825
62.07	-2.2827
62.08	-2.2826
62.09	-2.2828
62.10	-2.2830
62.10	-2.2831
62.12	-2.2831
62.13	-2.2832
62.13	-2.2835
62.14	-2.2836
62.15	-2.2836
62.16	-2.2838
62.17	-2.2839
62.18	-2.2841
62.18	-2.2841
62.19	-2.2841
62.20	-2.2843
62.21	-2.2843
62.22	-2.2844
62.23	-2.2845
62.23	-2.2846
62.24	-2.2846
62.25	-2.2847
62.26	-2.2847
62.27	-2.2850
62.27	-2.2850
62.28	-2.2851
62.29	-2.2852
62.30	-2.2854
62.31	-2.2854
62.32	-2.2854
62.33	-2.2856
62.33	-2.2857
62.34	-2.2857
62.35	-2.2858
62.35	-2.2859
62.37	-2.2861
62.38	-2.2862
62.38	-2.2864
62.40	-2.2863
62.40	-2.2865
62.41	-2.2866
62.42	-2.2866
62.43	-2.2867
62.43	-2.2868
62.44	-2.2870
62.45	-2.2870
62.46	-2.2872
62.47	-2.2874
62.48	-2.2876
62.48	-2.2876
62.49	-2.2877
62.50	-2.2878
62.51	-2.2879
62.52	-2.2879
62.52	-2.2879
62.54	-2.2880
62.55	-2.2881
62.56	-2.2882
62.56	-2.2882
62.57	-2.2882
62.58	-2.2884
62.58	-2.2884
62.59	-2.2884
62.60	-2.2886
62.61	-2.2886
62.62	-2.2887
62.63	-2.2888
62.63	-2.2888
62.64	-2.2891
62.65	-2.2891
62.65	-2.2891
62.66	-2.2891
62.67	-2.2892
62.68	-2.2892
62.69	-2.2893
62.70	-2.2894
62.70	-2.2896
62.71	-2.2896
62.72	-2.2896
62.73	-2.2898
62.74	-2.2898
62.74	-2.2899
62.75	-2.2900
62.76	-2.2901
62.77	-2.2902
62.77	-2.2902
62.79	-2.2904
62.80	-2.2905
62.81	-2.2907
62.81	-2.2908
62.82	-2.2910
62.83	-2.2910
62.84	-2.2912
62.85	-2.2913
62.86	-2.2913
62.87	-2.2914
62.87	-2.2915
62.88	-2.2916
62.89	-2.2917
62.90	-2.2918
62.90	-2.2919
62.91	-2.2919
62.92	-2.2921
62.93	-2.2922
62.94	-2.2923
62.95	-2.2924
62.95	-2.2925
62.96	-2.2925
62.97	-2.2925
62.98	-2.2927
62.99	-2.2928
63.00	-2.2928
63.01	-2.2930
63.01	-2.2930
63.02	-2.2931
63.02	-2.2932
63.04	-2.2933
63.04	-2.2933
63.05	-2.2934
63.06	-2.2934
63.08	-2.2936
63.08	-2.2935
63.09	-2.2937
63.10	-2.2938
63.10	-2.2939
63.11	-2.2939
63.12	-2.2940
63.13	-2.2940
63.14	-2.2941
63.15	-2.2943
63.16	-2.2943
63.16	-2.2945
63.17	-2.2945
63.18	-2.2946
63.19	-2.2946
63.20	-2.2946
63.21	-2.2946
63.21	-2.2948
63.22	-2.2949
63.23	-2.2951
63.24	-2.2951
63.25	-2.2952
63.26	-2.2953
63.27	-2.2953
63.27	-2.2953
63.28	-2.2953
63.29	-2.2953
63.30	-2.2954
63.30	-2.2957
63.31	-2.2957
63.33	-2.2957
63.33	-2.2959
63.34	-2.2960
63.34	-2.2961
63.35	-2.2962
63.36	-2.2964
63.37	-2.2965
63.38	-2.2966
63.39	-2.2966
63.40	-2.2966
63.41	-2.2969
63.41	-2.2970
63.42	-2.2972
63.43	-2.2973
63.44	-2.2973
63.45	-2.2973
63.45	-2.2973
63.46	-2.2974
63.47	-2.2975
63.48	-2.2975
63.49	-2.2976
63.50	-2.2975
63.50	-2.2976
63.51	-2.2977
63.52	-2.2978
63.53	-2.2978
63.54	-2.2979
63.55	-2.2980
63.55	-2.2980
63.56	-2.2982
63.57	-2.2983
63.58	-2.2984
63.59	-2.2986
63.60	-2.2986
63.60	-2.2987
63.61	-2.2988
63.62	-2.2988
63.63	-2.2989
63.64	-2.2990
63.65	-2.2992
63.65	-2.2994
63.66	-2.2994
63.67	-2.2995
63.68	-2.2997
63.69	-2.2999
63.69	-2.3000
63.70	-2.2999
63.71	-2.2999
63.72	-2.3000
63.73	-2.3001
63.74	-2.3002
63.75	-2.3003
63.75	-2.3003
63.76	-2.3003
63.77	-2.3002
63.77	-2.3003
63.79	-2.3003
63.79	-2.3004
63.80	-2.3004
63.81	-2.3004
63.82	-2.3006
63.83	-2.3006
63.83	-2.3007
63.84	-2.3007
63.85	-2.3008
63.86	-2.3009
63.88	-2.3011
63.88	-2.3013
63.89	-2.3013
63.90	-2.3015
63.90	-2.3016
63.92	-2.3016
63.92	-2.3017
63.93	-2.3019
63.93	-2.3019
63.94	-2.3019
63.95	-2.3020
63.96	-2.3021
63.97	-2.3021
63.98	-2.3021
63.99	-2.3023
64.00	-2.3023
64.00	-2.3024
64.01	-2.3023
64.02	-2.3024
64.03	-2.3025
64.04	-2.3024
64.05	-2.3024
64.05	-2.3025
64.07	-2.3026
64.07	-2.3026
64.08	-2.3028
64.09	-2.3029
64.10	-2.3029
64.10	-2.3030
64.11	-2.3031
64.12	-2.3032
64.13	-2.3033
64.14	-2.3034
64.15	-2.3035
64.16	-2.3036
64.16	-2.3037
64.17	-2.3038
64.18	-2.3038
64.19	-2.3039
64.20	-2.3041
64.20	-2.3042
64.21	-2.3043
64.22	-2.3046
64.23	-2.3047
64.23	-2.3047
64.25	-2.3048
64.25	-2.3050
64.26	-2.3052
64.27	-2.3053
64.28	-2.3054
64.28	-2.3053
64.30	-2.3054
64.30	-2.3054
64.31	-2.3054
64.32	-2.3054
64.33	-2.3057
64.34	-2.3056
64.35	-2.3058
64.36	-2.3058
64.36	-2.3058
64.37	-2.3059
64.38	-2.3061
64.39	-2.3060
64.39	-2.3060
64.40	-2.3061
64.41	-2.3062
64.42	-2.3063
64.43	-2.3064
64.43	-2.3064
64.44	-2.3065
64.45	-2.3066
64.46	-2.3067
64.47	-2.3069
64.48	-2.3070
64.49	-2.3070
64.49	-2.3071
64.50	-2.3072
64.51	-2.3072
64.52	-2.3074
64.53	-2.3075
64.53	-2.3075
64.55	-2.3077
64.55	-2.3076
64.56	-2.3078
64.57	-2.3080
64.58	-2.3080
64.58	-2.3080
64.59	-2.3081
64.60	-2.3082
64.61	-2.3082
64.62	-2.3082
64.63	-2.3084
64.63	-2.3085
64.64	-2.3086
64.65	-2.3087
64.67	-2.3087
64.67	-2.3088
64.68	-2.3090
64.69	-2.3091
64.69	-2.3092
64.70	-2.3092
64.71	-2.3091
64.72	-2.3092
64.73	-2.3091
64.73	-2.3091
64.75	-2.3092
64.75	-2.3093
64.76	-2.3093
64.77	-2.3092
64.78	-2.3093
64.79	-2.3094
64.80	-2.3094
64.80	-2.3093
64.81	-2.3093
64.82	-2.3094
64.83	-2.3094
64.84	-2.3093
64.85	-2.3093
64.85	-2.3093
64.86	-2.3094
64.87	-2.3093
64.88	-2.3095
64.89	-2.3095
64.90	-2.3096
64.90	-2.3098
64.91	-2.3099
64.92	-2.3100
64.93	-2.3102
64.93	-2.3103
64.95	-2.3106
64.96	-2.3107
64.97	-2.3109
64.97	-2.3111
64.98	-2.3112
64.99	-2.3114
64.99	-2.3115
65.00	-2.3117
65.01	-2.3118
65.02	-2.3120
65.03	-2.3121
65.04	-2.3122
65.05	-2.3123
65.05	-2.3123
65.06	-2.3125
65.07	-2.3127
65.08	-2.3127
65.09	-2.3128
65.09	-2.3127
65.11	-2.3128
65.12	-2.3127
65.12	-2.3127
65.13	-2.3127
65.14	-2.3127
65.15	-2.3126
65.16	-2.3126
65.16	-2.3126
65.17	-2.3127
65.18	-2.3128
65.19	-2.3128
65.20	-2.3127
65.20	-2.3127
65.22	-2.3128
65.22	-2.3128
65.23	-2.3129
65.24	-2.3130
65.25	-2.3130
65.25	-2.3131
65.26	-2.3132
65.28	-2.3132
65.28	-2.3133
65.29	-2.3133
65.30	-2.3133
65.31	-2.3133
65.31	-2.3134
65.32	-2.3132
65.33	-2.3132
65.34	-2.3130
65.34	-2.3130
65.35	-2.3130
65.36	-2.3130
65.37	-2.3130
65.38	-2.3131
65.39	-2.3133
65.40	-2.3135
65.41	-2.3136
65.41	-2.3137
65.42	-2.3136
65.43	-2.3138
65.44	-2.3138
65.45	-2.3139
65.45	-2.3140
65.47	-2.3140
65.47	-2.3140
65.48	-2.3139
65.49	-2.3140
65.49	-2.3140
65.50	-2.3142
65.51	-2.3143
65.52	-2.3143
65.53	-2.3144
65.53	-2.3146
65.54	-2.3147
65.55	-2.3148
65.56	-2.3151
65.57	-2.3152
65.58	-2.3154
65.59	-2.3155
65.59	-2.3155
65.61	-2.3156
65.61	-2.3157
65.62	-2.3157
65.63	-2.3158
65.64	-2.3158
65.65	-2.3159
65.66	-2.3161
65.67	-2.3162
65.67	-2.3164
65.68	-2.3165
65.69	-2.3164
65.70	-2.3165
65.71	-2.3165
65.72	-2.3166
65.72	-2.3169
65.73	-2.3167
65.74	-2.3169
65.75	-2.3169
65.76	-2.3171
65.76	-2.3171
65.77	-2.3172
65.78	-2.3172
65.79	-2.3173
65.80	-2.3174
65.81	-2.3176
65.81	-2.3178
65.82	-2.3178
65.83	-2.3181
65.84	-2.3183
65.84	-2.3183
65.85	-2.3184
65.86	-2.3184
65.88	-2.3185
65.88	-2.3187
65.89	-2.3188
65.89	-2.3189
65.91	-2.3190
65.92	-2.3192
65.92	-2.3192
65.93	-2.3192
65.94	-2.3192
65.95	-2.3194
65.95	-2.3193
65.96	-2.3195
65.97	-2.3197
65.98	-2.3198
65.99	-2.3199
66.00	-2.3200
66.01	-2.3200
66.02	-2.3201
66.03	-2.3202
66.03	-2.3203
66.04	-2.3204
66.05	-2.3205
66.06	-2.3205
66.07	-2.3205
66.08	-2.3206
66.08	-2.3206
66.09	-2.3207
66.10	-2.3208
66.11	-2.3209
66.12	-2.3210
66.13	-2.3212
66.14	-2.3213
66.14	-2.3213
66.15	-2.3215
66.16	-2.3216
66.17	-2.3217
66.17	-2.3217
66.18	-2.3217
66.19	-2.3219
66.20	-2.3220
66.20	-2.3221
66.22	-2.3221
66.22	-2.3222
66.23	-2.3224
66.24	-2.3225
66.25	-2.3226
66.25	-2.3227
66.26	-2.3227
66.27	-2.3228
66.28	-2.3229
66.29	-2.3230
66.30	-2.3231
66.30	-2.3230
66.32	-2.3231
66.32	-2.3231
66.33	-2.3231
66.34	-2.3231
66.35	-2.3232
66.36	-2.3233
66.36	-2.3234
66.37	-2.3235
66.38	-2.3237
66.39	-2.3238
66.40	-2.3237
66.40	-2.3238
66.41	-2.3238
66.42	-2.3239
66.43	-2.3241
66.44	-2.3242
66.45	-2.3244
66.45	-2.3244
66.46	-2.3245
66.47	-2.3246
66.48	-2.3247
66.49	-2.3247
66.50	-2.3250
66.50	-2.3251
66.51	-2.3252
66.52	-2.3251
66.53	-2.3252
66.54	-2.3253
66.55	-2.3254
66.55	-2.3255
66.56	-2.3255
66.57	-2.3255
66.58	-2.3256
66.59	-2.3256
66.60	-2.3258
66.60	-2.3258
66.61	-2.3259
66.62	-2.3258
66.63	-2.3258
66.64	-2.3260
66.65	-2.3261
66.66	-2.3261
66.67	-2.3263
66.67	-2.3264
66.68	-2.3265
66.69	-2.3266
66.70	-2.3265
66.70	-2.3266
66.71	-2.3266
66.72	-2.3266
66.73	-2.3268
66.74	-2.3268
66.75	-2.3269
66.76	-2.3271
66.76	-2.3272
66.77	-2.3273
66.78	-2.3275
66.79	-2.3275
66.80	-2.3275
66.80	-2.3277
66.81	-2.3278
66.82	-2.3279
66.83	-2.3280
66.84	-2.3280
66.84	-2.3279
66.85	-2.3279
66.87	-2.3280
66.88	-2.3280
66.88	-2.3281
66.89	-2.3281
66.90	-2.3282
66.91	-2.3282
66.92	-2.3282
66.92	-2.3283
66.93	-2.3284
66.94	-2.3284
66.95	-2.3285
66.96	-2.3285
66.96	-2.3286
66.97	-2.3286
66.98	-2.3286
66.99	-2.3288
67.00	-2.3288
67.01	-2.3290
67.01	-2.3291
67.02	-2.3291
67.03	-2.3291
67.04	-2.3292
67.05	-2.3294
67.06	-2.3295
67.07	-2.3295
67.07	-2.3296
67.08	-2.3298
67.09	-2.3301
67.10	-2.3302
67.10	-2.3303
67.11	-2.3304
67.12	-2.3305
67.13	-2.3305
67.14	-2.3307
67.15	-2.3307
67.16	-2.3307
67.17	-2.3308
67.17	-2.3309
67.18	-2.3310
67.19	-2.3310
67.20	-2.3311
67.20	-2.3312
67.21	-2.3314
67.22	-2.3314
67.23	-2.3316
67.24	-2.3318
67.25	-2.3320
67.25	-2.3320
67.26	-2.3320
67.27	-2.3321
67.28	-2.3322
67.29	-2.3322
67.30	-2.3322
67.31	-2.3322
67.31	-2.3323
67.32	-2.3324
67.33	-2.3325
67.34	-2.3324
67.34	-2.3324
67.35	-2.3324
67.36	-2.3325
67.37	-2.3326
67.38	-2.3325
67.39	-2.3327
67.39	-2.3329
67.40	-2.3329
67.42	-2.3331
67.42	-2.3330
67.43	-2.3331
67.44	-2.3332
67.45	-2.3332
67.46	-2.3332
67.47	-2.3333
67.47	-2.3333
67.48	-2.3334
67.49	-2.3336
67.50	-2.3337
67.50	-2.3338
67.51	-2.3339
67.52	-2.3339
67.53	-2.3340
67.54	-2.3341
67.55	-2.3342
67.56	-2.3343
67.57	-2.3344
67.57	-2.3345
67.58	-2.3345
67.59	-2.3346
67.61	-2.3347
67.61	-2.3347
67.62	-2.3349
67.63	-2.3351
67.63	-2.3351
67.64	-2.3351
67.64	-2.3352
67.66	-2.3353
67.67	-2.3353
67.67	-2.3353
67.68	-2.3353
67.69	-2.3354
67.70	-2.3355
67.70	-2.3356
67.71	-2.3358
67.72	-2.3357
67.73	-2.3356
67.74	-2.3358
67.75	-2.3359
67.75	-2.3360
67.77	-2.3361
67.78	-2.3361
67.78	-2.3362
67.79	-2.3361
67.80	-2.3362
67.81	-2.3364
67.82	-2.3365
67.83	-2.3365
67.83	-2.3365
67.83	-2.3367
67.84	-2.3368
67.85	-2.3369
67.87	-2.3371
67.88	-2.3371
67.88	-2.3373
67.89	-2.3375
67.90	-2.3376
67.91	-2.3378
67.92	-2.3378
67.92	-2.3379
67.93	-2.3380
67.94	-2.3381
67.95	-2.3381
67.95	-2.3381
67.96	-2.3382
67.97	-2.3383
67.98	-2.3383
67.99	-2.3384
68.00	-2.3385
68.00	-2.3386
68.01	-2.3386
68.02	-2.3386
68.03	-2.3386
68.04	-2.3388
68.05	-2.3389
68.05	-2.3389
68.06	-2.3391
68.07	-2.3390
68.08	-2.3392
68.09	-2.3392
68.09	-2.3392
68.10	-2.3393
68.11	-2.3394
68.12	-2.3394
68.13	-2.3395
68.14	-2.3396
68.14	-2.3396
68.15	-2.3397
68.16	-2.3398
68.17	-2.3399
68.18	-2.3399
68.18	-2.3400
68.19	-2.3399
68.20	-2.3400
68.21	-2.3400
68.22	-2.3402
68.22	-2.3401
68.24	-2.3402
68.25	-2.3401
68.25	-2.3402
68.26	-2.3402
68.27	-2.3404
68.28	-2.3406
68.29	-2.3405
68.30	-2.3408
68.30	-2.3408
68.31	-2.3410
68.32	-2.3411
68.33	-2.3412
68.34	-2.3413
68.34	-2.3412
68.35	-2.3413
68.36	-2.3413
68.38	-2.3413
68.38	-2.3415
68.39	-2.3416
68.39	-2.3416
68.40	-2.3416
68.41	-2.3418
68.42	-2.3419
68.43	-2.3420
68.44	-2.3421
68.44	-2.3422
68.45	-2.3424
68.46	-2.3424
68.47	-2.3425
68.48	-2.3425
68.49	-2.3427
68.49	-2.3428
68.50	-2.3427
68.51	-2.3428
68.52	-2.3428
68.53	-2.3429
68.54	-2.3430
68.55	-2.3430
68.55	-2.3431
68.56	-2.3432
68.57	-2.3434
68.58	-2.3435
68.59	-2.3435
68.60	-2.3436
68.60	-2.3437
68.61	-2.3439
68.62	-2.3439
68.63	-2.3440
68.64	-2.3441
68.64	-2.3442
68.65	-2.3444
68.66	-2.3445
68.67	-2.3445
68.68	-2.3446
68.69	-2.3445
68.70	-2.3446
68.70	-2.3445
68.71	-2.3448
68.72	-2.3447
68.73	-2.3449
68.74	-2.3450
68.75	-2.3451
68.75	-2.3452
68.76	-2.3453
68.77	-2.3455
68.78	-2.3455
68.79	-2.3456
68.80	-2.3457
68.80	-2.3456
68.81	-2.3457
68.82	-2.3457
68.83	-2.3457
68.84	-2.3458
68.84	-2.3458
68.85	-2.3459
68.86	-2.3461
68.87	-2.3461
68.88	-2.3462
68.89	-2.3464
68.89	-2.3464
68.90	-2.3465
68.91	-2.3467
68.92	-2.3467
68.92	-2.3468
68.93	-2.3469
68.95	-2.3469
68.95	-2.3471
68.97	-2.3472
68.97	-2.3472
68.98	-2.3473
68.99	-2.3473
69.00	-2.3475
69.00	-2.3476
69.01	-2.3477
69.02	-2.3478
69.03	-2.3479
69.03	-2.3480
69.05	-2.3481
69.05	-2.3481
69.06	-2.3482
69.07	-2.3482
69.08	-2.3482
69.08	-2.3482
69.09	-2.3483
69.10	-2.3483
69.11	-2.3484
69.12	-2.3483
69.13	-2.3484
69.13	-2.3486
69.14	-2.3488
69.15	-2.3489
69.16	-2.3490
69.17	-2.3490
69.18	-2.3491
69.19	-2.3493
69.19	-2.3493
69.20	-2.3493
69.21	-2.3493
69.22	-2.3493
69.23	-2.3493
69.24	-2.3494
69.25	-2.3494
69.25	-2.3495
69.26	-2.3496
69.27	-2.3496
69.28	-2.3497
69.28	-2.3498
69.30	-2.3499
69.30	-2.3500
69.31	-2.3500
69.32	-2.3500
69.33	-2.3499
69.33	-2.3502
69.34	-2.3501
69.35	-2.3502
69.36	-2.3504
69.37	-2.3505
69.38	-2.3504
69.38	-2.3504
69.39	-2.3505
69.39	-2.3505
69.41	-2.3505
69.42	-2.3508
69.43	-2.3509
69.44	-2.3509
69.44	-2.3509
69.45	-2.3509
69.46	-2.3511
69.47	-2.3513
69.48	-2.3515
69.49	-2.3516
69.50	-2.3518
69.50	-2.3518
69.51	-2.3520
69.52	-2.3521
69.53	-2.3522
69.54	-2.3524
69.55	-2.3525
69.55	-2.3525
69.56	-2.3525
69.57	-2.3526
69.58	-2.3527
69.59	-2.3527
69.59	-2.3529
69.60	-2.3528
69.61	-2.3528
69.62	-2.3530
69.63	-2.3529
69.64	-2.3530
69.64	-2.3531
69.65	-2.3532
69.66	-2.3533
69.67	-2.3533
69.68	-2.3533
69.69	-2.3534
69.70	-2.3535
69.70	-2.3536
69.71	-2.3536
69.72	-2.3537
69.73	-2.3537
69.73	-2.3537
69.74	-2.3539
69.75	-2.3539
69.76	-2.3539
69.77	-2.3541
69.78	-2.3542
69.78	-2.3543
69.79	-2.3543
69.80	-2.3544
69.81	-2.3544
69.82	-2.3544
69.83	-2.3546
69.83	-2.3546
69.84	-2.3548
69.85	-2.3548
69.86	-2.3548
69.86	-2.3548
69.87	-2.3549
69.88	-2.3551
69.89	-2.3552
69.90	-2.3553
69.91	-2.3553
69.92	-2.3554
69.92	-2.3553
69.93	-2.3555
69.95	-2.3555
69.95	-2.3555
69.96	-2.3554
69.97	-2.3555
69.98	-2.3557
69.98	-2.3556
70.00	-2.3558
70.00	-2.3558
70.01	-2.3560
70.02	-2.3559
70.03	-2.3561
70.03	-2.3560
70.04	-2.3562
70.05	-2.3561
70.06	-2.3563
70.07	-2.3565
70.08	-2.3566
70.09	-2.3567
70.09	-2.3569
70.10	-2.3569
70.11	-2.3570
70.12	-2.3572
70.13	-2.3572
70.14	-2.3574
70.14	-2.3575
70.15	-2.3575
70.16	-2.3576
70.17	-2.3577
70.18	-2.3577
70.19	-2.3578
70.19	-2.3577
70.20	-2.3579
70.21	-2.3579
70.22	-2.3581
70.23	-2.3581
70.24	-2.3583
70.25	-2.3582
70.25	-2.3583
70.26	-2.3583
70.27	-2.3583
70.28	-2.3585
70.28	-2.3586
70.29	-2.3588
70.30	-2.3590
70.31	-2.3590
70.32	-2.3591
70.33	-2.3592
70.34	-2.3592
70.34	-2.3592
70.35	-2.3592
70.36	-2.3593
70.37	-2.3593
70.38	-2.3594
70.39	-2.3595
70.39	-2.3597
70.40	-2.3598
70.41	-2.3599
70.42	-2.3599
70.43	-2.3600
70.44	-2.3601
70.45	-2.3600
70.45	-2.3601
70.46	-2.3601
70.47	-2.3602
70.48	-2.3604
70.48	-2.3605
70.50	-2.3605
70.50	-2.3606
70.51	-2.3607
70.52	-2.3608
70.53	-2.3609
70.54	-2.3611
70.55	-2.3610
70.55	-2.3611
70.56	-2.3612
70.57	-2.3613
70.57	-2.3613
70.59	-2.3614
70.59	-2.3614
70.60	-2.3615
70.61	-2.3614
70.62	-2.3615
70.63	-2.3616
70.63	-2.3618
70.64	-2.3618
70.64	-2.3618
70.66	-2.3620
70.67	-2.3622
70.67	-2.3622
70.68	-2.3622
70.69	-2.3623
70.70	-2.3622
70.71	-2.3623
70.71	-2.3624
70.72	-2.3625
70.73	-2.3625
70.74	-2.3626
70.75	-2.3627
70.76	-2.3628
70.77	-2.3628
70.78	-2.3628
70.78	-2.3630
70.79	-2.3631
70.80	-2.3632
70.81	-2.3632
70.82	-2.3633
70.83	-2.3634
70.83	-2.3634
70.84	-2.3635
70.85	-2.3636
70.86	-2.3637
70.86	-2.3638
70.88	-2.3639
70.88	-2.3640
70.89	-2.3642
70.90	-2.3642
70.91	-2.3643
70.92	-2.3644
70.92	-2.3644
70.93	-2.3644
70.94	-2.3646
70.95	-2.3647
70.95	-2.3648
70.97	-2.3649
70.98	-2.3650
70.98	-2.3649
70.99	-2.3650
71.00	-2.3651
71.01	-2.3651
71.02	-2.3652
71.03	-2.3652
71.03	-2.3654
71.04	-2.3654
71.05	-2.3654
71.06	-2.3654
71.07	-2.3656
71.08	-2.3655
71.08	-2.3656
71.09	-2.3657
71.10	-2.3657
71.11	-2.3657
71.12	-2.3659
71.13	-2.3660
71.13	-2.3660
71.14	-2.3662
71.15	-2.3663
71.16	-2.3665
71.17	-2.3665
71.18	-2.3665
71.19	-2.3666
71.20	-2.3666
71.20	-2.3667
71.21	-2.3669
71.22	-2.3670
71.23	-2.3672
71.23	-2.3672
71.24	-2.3673
71.25	-2.3673
71.26	-2.3672
71.27	-2.3674
71.28	-2.3674
71.29	-2.3675
71.29	-2.3675
71.30	-2.3677
71.31	-2.3678
71.32	-2.3679
71.33	-2.3680
71.33	-2.3681
71.34	-2.3682
71.35	-2.3681
71.36	-2.3682
71.37	-2.3682
71.38	-2.3683
71.39	-2.3683
71.39	-2.3683
71.40	-2.3684
71.41	-2.3685
71.42	-2.3685
71.42	-2.3686
71.44	-2.3685
71.45	-2.3686
71.45	-2.3686
71.46	-2.3687
71.47	-2.3688
71.48	-2.3688
71.49	-2.3687
71.50	-2.3688
71.50	-2.3689
71.51	-2.3691
71.52	-2.3691
71.53	-2.3693
71.54	-2.3693
71.54	-2.3694
71.55	-2.3695
71.56	-2.3695
71.57	-2.3695
71.58	-2.3696
71.58	-2.3696
71.59	-2.3698
71.59	-2.3700
71.60	-2.3701
71.61	-2.3702
71.62	-2.3703
71.63	-2.3704
71.64	-2.3705
71.65	-2.3706
71.66	-2.3707
71.67	-2.3708
71.67	-2.3710
71.68	-2.3712
71.69	-2.3711
71.70	-2.3713
71.70	-2.3714
71.72	-2.3715
71.73	-2.3715
71.73	-2.3716
71.74	-2.3718
71.75	-2.3719
71.76	-2.3722
71.76	-2.3722
71.77	-2.3722
71.78	-2.3723
71.79	-2.3723
71.80	-2.3724
71.81	-2.3724
71.82	-2.3724
71.83	-2.3726
71.83	-2.3726
71.84	-2.3728
71.85	-2.3728
71.86	-2.3729
71.87	-2.3730
71.88	-2.3732
71.88	-2.3733
71.89	-2.3734
71.90	-2.3735
71.90	-2.3735
71.91	-2.3735
71.92	-2.3736
71.93	-2.3736
71.94	-2.3735
71.95	-2.3736
71.96	-2.3738
71.96	-2.3738
71.98	-2.3740
71.99	-2.3741
72.00	-2.3741
72.00	-2.3743
72.01	-2.3743
72.02	-2.3743
72.02	-2.3743
72.03	-2.3744
72.04	-2.3744
72.05	-2.3745
72.06	-2.3746
72.07	-2.3745
72.08	-2.3746
72.08	-2.3747
72.09	-2.3749
72.10	-2.3749
72.10	-2.3750
72.12	-2.3751
72.13	-2.3751
72.13	-2.3751
72.14	-2.3751
72.15	-2.3752
72.16	-2.3753
72.17	-2.3754
72.17	-2.3755
72.18	-2.3757
72.19	-2.3758
72.20	-2.3758
72.21	-2.3759
72.22	-2.3759
72.23	-2.3759
72.24	-2.3761
72.24	-2.3762
72.25	-2.3764
72.26	-2.3764
72.27	-2.3766
72.28	-2.3767
72.28	-2.3769
72.29	-2.3771
72.30	-2.3773
72.31	-2.3774
72.32	-2.3774
72.33	-2.3775
72.33	-2.3775
72.34	-2.3775
72.34	-2.3774
72.35	-2.3775
72.36	-2.3775
72.38	-2.3776
72.38	-2.3777
72.39	-2.3778
72.40	-2.3778
72.40	-2.3778
72.41	-2.3780
72.42	-2.3781
72.43	-2.3780
72.44	-2.3781
72.45	-2.3783
72.46	-2.3784
72.46	-2.3786
72.48	-2.3786
72.48	-2.3786
72.49	-2.3786
72.50	-2.3788
72.51	-2.3789
72.51	-2.3789
72.52	-2.3790
72.53	-2.3790
72.53	-2.3793
72.55	-2.3793
72.55	-2.3795
72.57	-2.3796
72.58	-2.3797
72.58	-2.3797
72.59	-2.3798
72.59	-2.3799
72.60	-2.3800
72.61	-2.3801
72.62	-2.3802
72.63	-2.3802
72.64	-2.3804
72.64	-2.3804
72.66	-2.3805
72.67	-2.3805
72.67	-2.3807
72.68	-2.3807
72.69	-2.3807
72.70	-2.3807
72.70	-2.3807
72.71	-2.3807
72.72	-2.3806
72.73	-2.3807
72.74	-2.3807
72.75	-2.3808
72.75	-2.3809
72.76	-2.3810
72.78	-2.3811
72.78	-2.3811
72.79	-2.3812
72.80	-2.3814
72.81	-2.3816
72.82	-2.3817
72.83	-2.3818
72.83	-2.3820
72.84	-2.3821
72.84	-2.3821
72.86	-2.3823
72.87	-2.3824
72.88	-2.3824
72.88	-2.3825
72.89	-2.3827
72.90	-2.3828
72.91	-2.3830
72.91	-2.3831
72.92	-2.3832
72.93	-2.3832
72.94	-2.3834
72.95	-2.3834
72.96	-2.3835
72.97	-2.3835
72.97	-2.3835
72.98	-2.3836
72.99	-2.3836
73.00	-2.3836
73.01	-2.3836
73.02	-2.3835
73.03	-2.3835
73.03	-2.3836
73.04	-2.3837
73.05	-2.3838
73.06	-2.3839
73.07	-2.3839
73.07	-2.3840
73.08	-2.3840
73.09	-2.3841
73.09	-2.3842
73.10	-2.3844
73.12	-2.3845
73.12	-2.3845
73.13	-2.3846
73.14	-2.3846
73.15	-2.3848
73.15	-2.3849
73.16	-2.3849
73.17	-2.3850
73.18	-2.3852
73.19	-2.3853
73.20	-2.3853
73.21	-2.3854
73.22	-2.3853
73.22	-2.3855
73.23	-2.3856
73.24	-2.3857
73.25	-2.3856
73.25	-2.3857
73.26	-2.3857
73.27	-2.3858
73.28	-2.3859
73.29	-2.3859
73.30	-2.3862
73.31	-2.3862
73.31	-2.3863
73.32	-2.3865
73.33	-2.3866
73.33	-2.3867
73.34	-2.3868
73.35	-2.3868
73.36	-2.3870
73.37	-2.3871
73.38	-2.3872
73.38	-2.3872
73.39	-2.3872
73.40	-2.3872
73.41	-2.3874
73.42	-2.3875
73.42	-2.3875
73.44	-2.3875
73.45	-2.3877
73.45	-2.3878
73.46	-2.3880
73.48	-2.3881
73.48	-2.3881
73.49	-2.3881
73.49	-2.3882
73.50	-2.3882
73.52	-2.3883
73.52	-2.3883
73.53	-2.3884
73.54	-2.3885
73.55	-2.3885
73.55	-2.3886
73.56	-2.3887
73.57	-2.3888
73.58	-2.3889
73.59	-2.3890
73.59	-2.3891
73.60	-2.3892
73.61	-2.3892
73.62	-2.3893
73.63	-2.3893
73.64	-2.3896
73.65	-2.3897
73.65	-2.3897
73.66	-2.3898
73.67	-2.3897
73.68	-2.3897
73.69	-2.3897
73.70	-2.3897
73.71	-2.3898
73.72	-2.3898
73.73	-2.3898
73.73	-2.3900
73.74	-2.3900
73.75	-2.3900
73.76	-2.3901
73.77	-2.3903
73.78	-2.3904
73.78	-2.3904
73.79	-2.3906
73.80	-2.3907
73.81	-2.3906
73.82	-2.3907
73.83	-2.3907
73.83	-2.3908
73.84	-2.3908
73.85	-2.3909
73.86	-2.3909
73.87	-2.3910
73.88	-2.3912
73.88	-2.3913
73.89	-2.3914
73.90	-2.3915
73.91	-2.3915
73.92	-2.3918
73.93	-2.3919
73.93	-2.3920
73.94	-2.3921
73.95	-2.3922
73.96	-2.3923
73.97	-2.3925
73.98	-2.3927
73.98	-2.3928
73.99	-2.3928
74.00	-2.3929
74.00	-2.3931
74.01	-2.3929
74.03	-2.3931
74.03	-2.3930
74.04	-2.3931
74.05	-2.3932
74.06	-2.3933
74.07	-2.3934
74.08	-2.3933
74.09	-2.3933
74.09	-2.3933
74.09	-2.3933
74.10	-2.3933
74.11	-2.3933
74.13	-2.3935
74.14	-2.3935
74.14	-2.3935
74.15	-2.3936
74.16	-2.3937
74.17	-2.3936
74.18	-2.3937
74.18	-2.3939
74.19	-2.3939
74.20	-2.3938
74.21	-2.3940
74.21	-2.3941
74.22	-2.3942
74.23	-2.3942
74.24	-2.3943
74.25	-2.3945
74.25	-2.3944
74.26	-2.3945
74.27	-2.3946
74.28	-2.3948
74.29	-2.3948
74.30	-2.3950
74.31	-2.3951
74.32	-2.3952
74.32	-2.3952
74.33	-2.3955
74.34	-2.3955
74.34	-2.3956
74.35	-2.3957
74.36	-2.3958
74.38	-2.3959
74.38	-2.3960
74.39	-2.3960
74.40	-2.3962
74.40	-2.3964
74.41	-2.3964
74.42	-2.3964
74.43	-2.3965
74.44	-2.3966
74.45	-2.3968
74.45	-2.3969
74.46	-2.3969
74.47	-2.3970
74.48	-2.3972
74.49	-2.3972
74.50	-2.3974
74.51	-2.3974
74.52	-2.3974
74.53	-2.3975
74.53	-2.3975
74.54	-2.3975
74.55	-2.3976
74.55	-2.3976
74.56	-2.3976
74.57	-2.3978
74.58	-2.3977
74.59	-2.3978
74.60	-2.3978
74.60	-2.3978
74.62	-2.3979
74.62	-2.3980
74.63	-2.3981
74.64	-2.3981
74.65	-2.3983
74.66	-2.3984
74.67	-2.3986
74.67	-2.3988
74.68	-2.3989
74.69	-2.3991
74.70	-2.3991
74.70	-2.3994
74.72	-2.3995
74.73	-2.3994
74.73	-2.3994
74.74	-2.3994
74.75	-2.3995
74.76	-2.3995
74.77	-2.3995
74.77	-2.3996
74.78	-2.3997
74.79	-2.3998
74.80	-2.3999
74.81	-2.3999
74.81	-2.4000
74.83	-2.4001
74.84	-2.4002
74.84	-2.4002
74.85	-2.4002
74.86	-2.4003
74.87	-2.4004
74.87	-2.4003
74.88	-2.4005
74.89	-2.4006
74.90	-2.4006
74.90	-2.4007
74.92	-2.4007
74.92	-2.4009
74.93	-2.4009
74.94	-2.4010
74.95	-2.4010
74.95	-2.4010
74.97	-2.4011
74.98	-2.4011
74.99	-2.4012
74.99	-2.4012
75.00	-2.4013
75.01	-2.4015
75.01	-2.4016
75.02	-2.4017
75.04	-2.4017
75.05	-2.4019
75.05	-2.4019
75.06	-2.4018
75.06	-2.4019
75.07	-2.4021
75.08	-2.4021
75.09	-2.4022
75.09	-2.4023
75.10	-2.4023
75.11	-2.4024
75.12	-2.4026
75.13	-2.4028
75.14	-2.4029
75.15	-2.4030
75.16	-2.4030
75.17	-2.4031
75.17	-2.4032
75.18	-2.4034
75.19	-2.4034
75.20	-2.4033
75.20	-2.4033
75.21	-2.4033
75.22	-2.4033
75.23	-2.4035
75.23	-2.4035
75.24	-2.4037
75.25	-2.4037
75.26	-2.4038
75.27	-2.4040
75.28	-2.4041
75.29	-2.4042
75.30	-2.4043
75.31	-2.4044
75.32	-2.4044
75.33	-2.4045
75.33	-2.4046
75.34	-2.4047
75.34	-2.4047
75.35	-2.4047
75.36	-2.4048
75.37	-2.4049
75.38	-2.4050
75.39	-2.4051
75.40	-2.4051
75.41	-2.4052
75.42	-2.4052
75.42	-2.4052
75.43	-2.4052
75.44	-2.4053
75.45	-2.4053
75.46	-2.4054
75.47	-2.4055
75.48	-2.4056
75.48	-2.4056
75.49	-2.4058
75.50	-2.4059
75.50	-2.4059
75.52	-2.4059
75.52	-2.4059
75.53	-2.4061
75.54	-2.4062
75.55	-2.4066
75.55	-2.4067
75.57	-2.4069
75.58	-2.4070
75.58	-2.4070
75.59	-2.4070
75.59	-2.4071
75.60	-2.4072
75.61	-2.4072
75.63	-2.4072
75.63	-2.4073
75.64	-2.4074
75.65	-2.4075
75.66	-2.4075
75.66	-2.4074
75.67	-2.4076
75.68	-2.4077
75.69	-2.4078
75.70	-2.4078
75.71	-2.4080
75.72	-2.4079
75.72	-2.4081
75.73	-2.4080
75.74	-2.4082
75.75	-2.4081
75.76	-2.4082
75.77	-2.4084
75.78	-2.4084
75.78	-2.4084
75.79	-2.4085
75.80	-2.4086
75.81	-2.4088
75.82	-2.4088
75.83	-2.4091
75.84	-2.4090
75.84	-2.4092
75.85	-2.4092
75.85	-2.4093
75.86	-2.4093
75.88	-2.4094
75.88	-2.4096
75.89	-2.4096
75.90	-2.4098
75.91	-2.4099
75.92	-2.4100
75.92	-2.4099
75.93	-2.4099
75.94	-2.4100
75.95	-2.4099
75.96	-2.4100
75.97	-2.4101
75.97	-2.4102
75.98	-2.4102
75.99	-2.4104
76.00	-2.4105
76.00	-2.4106
76.01	-2.4107
76.02	-2.4105
76.03	-2.4107
76.04	-2.4107
76.05	-2.4107
76.06	-2.4108
76.06	-2.4109
76.07	-2.4109
76.08	-2.4110
76.09	-2.4112
76.10	-2.4113
76.10	-2.4114
76.11	-2.4115
76.13	-2.4118
76.13	-2.4120
76.14	-2.4120
76.14	-2.4120
76.15	-2.4121
76.16	-2.4123
76.17	-2.4124
76.18	-2.4125
76.19	-2.4125
76.20	-2.4124
76.20	-2.4126
76.21	-2.4126
76.22	-2.4126
76.23	-2.4125
76.24	-2.4126
76.25	-2.4126
76.25	-2.4126
76.26	-2.4127
76.27	-2.4129
76.28	-2.4131
76.29	-2.4131
76.30	-2.4133
76.30	-2.4135
76.31	-2.4135
76.33	-2.4136
76.33	-2.4136
76.33	-2.4139
76.34	-2.4139
76.35	-2.4139
76.36	-2.4141
76.37	-2.4141
76.38	-2.4143
76.39	-2.4144
76.39	-2.4144
76.40	-2.4144
76.42	-2.4143
76.42	-2.4144
76.43	-2.4144
76.44	-2.4145
76.45	-2.4146
76.45	-2.4147
76.46	-2.4148
76.47	-2.4148
76.48	-2.4149
76.49	-2.4150
76.50	-2.4152
76.50	-2.4153
76.51	-2.4153
76.52	-2.4154
76.53	-2.4156
76.54	-2.4156
76.55	-2.4157
76.56	-2.4160
76.56	-2.4161
76.57	-2.4161
76.58	-2.4163
76.59	-2.4163
76.59	-2.4163
76.61	-2.4163
76.62	-2.4164
76.63	-2.4164
76.63	-2.4165
76.64	-2.4164
76.65	-2.4165
76.66	-2.4167
76.66	-2.4168
76.67	-2.4168
76.68	-2.4169
76.69	-2.4169
76.70	-2.4171
76.71	-2.4172
76.72	-2.4172
76.73	-2.4173
76.73	-2.4173
76.74	-2.4175
76.75	-2.4175
76.75	-2.4176
76.76	-2.4175
76.77	-2.4177
76.78	-2.4177
76.79	-2.4179
76.80	-2.4178
76.81	-2.4178
76.82	-2.4179
76.83	-2.4180
76.83	-2.4182
76.84	-2.4183
76.85	-2.4183
76.86	-2.4183
76.86	-2.4186
76.87	-2.4186
76.88	-2.4183
76.89	-2.4187
76.89	-2.4187
76.90	-2.4186
76.91	-2.4187
76.92	-2.4186
76.94	-2.4187
76.94	-2.4187
76.95	-2.4187
76.95	-2.4188
76.96	-2.4190
76.97	-2.4192
76.98	-2.4193
76.99	-2.4194
77.00	-2.4195
77.00	-2.4196
77.01	-2.4196
77.02	-2.4197
77.03	-2.4197
77.04	-2.4198
77.04	-2.4200
77.05	-2.4200
77.06	-2.4201
77.07	-2.4200
77.08	-2.4202
77.09	-2.4204
77.10	-2.4205
77.11	-2.4205
77.12	-2.4206
77.13	-2.4207
77.13	-2.4211
77.14	-2.4211
77.14	-2.4211
77.15	-2.4213
77.16	-2.4214
77.17	-2.4215
77.18	-2.4215
77.19	-2.4215
77.20	-2.4216
77.21	-2.4216
77.21	-2.4217
77.22	-2.4217
77.23	-2.4218
77.23	-2.4220
77.25	-2.4221
77.25	-2.4221
77.26	-2.4223
77.27	-2.4224
77.28	-2.4225
77.29	-2.4226
77.29	-2.4227
77.31	-2.4229
77.32	-2.4230
77.32	-2.4229
77.33	-2.4230
77.34	-2.4232
77.35	-2.4233
77.35	-2.4234
77.36	-2.4234
77.37	-2.4235
77.38	-2.4237
77.39	-2.4238
77.39	-2.4239
77.40	-2.4240
77.41	-2.4241
77.42	-2.4241
77.43	-2.4243
77.44	-2.4244
77.45	-2.4245
77.46	-2.4245
77.46	-2.4245
77.47	-2.4246
77.48	-2.4245
77.49	-2.4247
77.50	-2.4248
77.51	-2.4248
77.51	-2.4249
77.52	-2.4249
77.53	-2.4248
77.54	-2.4248
77.55	-2.4249
77.56	-2.4250
77.57	-2.4250
77.58	-2.4250
77.58	-2.4251
77.59	-2.4252
77.60	-2.4252
77.61	-2.4252
77.62	-2.4254
77.63	-2.4255
77.63	-2.4256
77.64	-2.4257
77.64	-2.4258
77.65	-2.4261
77.66	-2.4261
77.67	-2.4263
77.68	-2.4262
77.69	-2.4262
77.70	-2.4262
77.71	-2.4263
77.72	-2.4264
77.73	-2.4265
77.73	-2.4266
77.74	-2.4268
77.75	-2.4268
77.75	-2.4269
77.76	-2.4271
77.77	-2.4272
77.78	-2.4271
77.78	-2.4272
77.79	-2.4272
77.80	-2.4273
77.81	-2.4273
77.82	-2.4273
77.83	-2.4274
77.84	-2.4275
77.84	-2.4275
77.85	-2.4276
77.86	-2.4276
77.87	-2.4278
77.88	-2.4278
77.89	-2.4278
77.89	-2.4278
77.90	-2.4278
77.91	-2.4278
77.92	-2.4279
77.93	-2.4279
77.94	-2.4280
77.95	-2.4280
77.95	-2.4282
77.96	-2.4283
77.97	-2.4285
77.98	-2.4286
77.99	-2.4286
78.00	-2.4287
78.00	-2.4288
78.01	-2.4289
78.02	-2.4290
78.03	-2.4291
78.04	-2.4291
78.05	-2.4291
78.05	-2.4292
78.06	-2.4294
78.07	-2.4295
78.08	-2.4295
78.08	-2.4294
78.09	-2.4296
78.10	-2.4297
78.11	-2.4297
78.12	-2.4299
78.13	-2.4300
78.14	-2.4299
78.14	-2.4300
78.15	-2.4300
78.17	-2.4301
78.17	-2.4302
78.18	-2.4302
78.19	-2.4304
78.20	-2.4307
78.20	-2.4307
78.21	-2.4310
78.22	-2.4312
78.23	-2.4313
78.24	-2.4314
78.25	-2.4313
78.25	-2.4315
78.26	-2.4317
78.27	-2.4319
78.28	-2.4319
78.28	-2.4322
78.30	-2.4322
78.30	-2.4324
78.31	-2.4325
78.32	-2.4327
78.33	-2.4328
78.34	-2.4329
78.34	-2.4330
78.35	-2.4331
78.36	-2.4331
78.37	-2.4331
78.38	-2.4331
78.39	-2.4330
78.39	-2.4331
78.40	-2.4331
78.41	-2.4331
78.42	-2.4331
78.43	-2.4328
78.44	-2.4328
78.45	-2.4327
78.45	-2.4327
78.46	-2.4327
78.47	-2.4327
78.48	-2.4327
78.49	-2.4327
78.49	-2.4327
78.50	-2.4330
78.51	-2.4330
78.52	-2.4331
78.53	-2.4333
78.54	-2.4335
78.55	-2.4336
78.55	-2.4337
78.56	-2.4339
78.57	-2.4342
78.58	-2.4342
78.59	-2.4343
78.59	-2.4343
78.60	-2.4344
78.61	-2.4345
78.62	-2.4346
78.63	-2.4348
78.64	-2.4349
78.64	-2.4351
78.65	-2.4352
78.66	-2.4353
78.67	-2.4355
78.67	-2.4355
78.68	-2.4357
78.69	-2.4359
78.70	-2.4361
78.71	-2.4362
78.72	-2.4363
78.73	-2.4364
78.73	-2.4364
78.74	-2.4367
78.75	-2.4367
78.76	-2.4368
78.77	-2.4372
78.78	-2.4373
78.78	-2.4376
78.79	-2.4377
78.80	-2.4378
78.81	-2.4380
78.81	-2.4381
78.82	-2.4380
78.83	-2.4383
78.84	-2.4384
78.85	-2.4383
78.86	-2.4385
78.87	-2.4384
78.88	-2.4385
78.88	-2.4387
78.89	-2.4389
78.90	-2.4391
78.91	-2.4391
78.92	-2.4392
78.93	-2.4392
78.93	-2.4392
78.94	-2.4391
78.95	-2.4392
78.96	-2.4391
78.97	-2.4391
78.98	-2.4390
78.98	-2.4390
78.99	-2.4392
79.00	-2.4393
79.01	-2.4392
79.02	-2.4393
79.03	-2.4391
79.03	-2.4391
79.04	-2.4392
79.05	-2.4392
79.06	-2.4393
79.07	-2.4395
79.08	-2.4394
79.08	-2.4396
79.09	-2.4395
79.09	-2.4395
79.11	-2.4396
79.11	-2.4396
79.12	-2.4399
79.13	-2.4399
79.14	-2.4401
79.15	-2.4402
79.16	-2.4403
79.17	-2.4405
79.17	-2.4406
79.18	-2.4406
79.19	-2.4407
79.20	-2.4408
79.21	-2.4410
79.22	-2.4410
79.23	-2.4411
79.23	-2.4411
79.24	-2.4410
79.25	-2.4410
79.26	-2.4412
79.27	-2.4413
79.28	-2.4414
79.28	-2.4415
79.29	-2.4415
79.30	-2.4415
79.31	-2.4416
79.32	-2.4418
79.33	-2.4419
79.33	-2.4421
79.34	-2.4423
79.35	-2.4423
79.36	-2.4423
79.37	-2.4424
79.38	-2.4425
79.38	-2.4425
79.39	-2.4426
79.40	-2.4427
79.40	-2.4427
79.41	-2.4428
79.42	-2.4428
79.43	-2.4429
79.44	-2.4430
79.45	-2.4430
79.46	-2.4433
79.47	-2.4433
79.47	-2.4430
79.48	-2.4431
79.49	-2.4432
79.50	-2.4432
79.51	-2.4432
79.52	-2.4434
79.53	-2.4436
79.53	-2.4436
79.53	-2.4437
79.54	-2.4438
79.55	-2.4438
79.56	-2.4438
79.57	-2.4440
79.58	-2.4440
79.59	-2.4439
79.59	-2.4439
79.61	-2.4439
79.62	-2.4440
79.63	-2.4439
79.64	-2.4439
79.64	-2.4440
79.64	-2.4440
79.65	-2.4442
79.67	-2.4443
79.67	-2.4443
79.68	-2.4445
79.69	-2.4446
79.70	-2.4446
79.70	-2.4447
79.71	-2.4449
79.72	-2.4449
79.73	-2.4450
79.74	-2.4452
79.75	-2.4455
79.75	-2.4457
79.76	-2.4457
79.78	-2.4457
79.78	-2.4459
79.79	-2.4461
79.80	-2.4461
79.81	-2.4462
79.82	-2.4462
79.82	-2.4463
79.83	-2.4464
79.83	-2.4465
79.84	-2.4466
79.85	-2.4467
79.87	-2.4468
79.88	-2.4469
79.88	-2.4469
79.89	-2.4471
79.90	-2.4473
79.91	-2.4474
79.92	-2.4475
79.92	-2.4475
79.93	-2.4475
79.94	-2.4476
79.95	-2.4476
79.95	-2.4478
79.97	-2.4478
79.97	-2.4478
79.98	-2.4478
79.99	-2.4481
80.00	-2.4482
80.00	-2.4482
80.01	-2.4482
80.03	-2.4482
80.03	-2.4482
80.04	-2.4483
80.05	-2.4483
80.06	-2.4484
80.07	-2.4485
80.07	-2.4485
80.08	-2.4487
80.09	-2.4487
80.10	-2.4487
80.11	-2.4488
80.12	-2.4488
80.13	-2.4489
80.13	-2.4491
80.14	-2.4492
80.14	-2.4492
80.15	-2.4494
80.16	-2.4495
80.17	-2.4494
80.18	-2.4495
80.19	-2.4495
80.20	-2.4496
80.21	-2.4497
80.21	-2.4498
80.22	-2.4500
80.23	-2.4500
80.24	-2.4500
80.25	-2.4501
80.25	-2.4501
80.26	-2.4502
80.27	-2.4502
80.28	-2.4505
80.29	-2.4505
80.30	-2.4505
80.31	-2.4506
80.32	-2.4507
80.32	-2.4507
80.33	-2.4508
80.33	-2.4507
80.35	-2.4507
80.36	-2.4507
80.36	-2.4507
80.38	-2.4508
80.38	-2.4507
80.39	-2.4507
80.40	-2.4509
80.41	-2.4509
80.42	-2.4510
80.42	-2.4511
80.43	-2.4511
80.44	-2.4513
80.44	-2.4515
80.45	-2.4516
80.47	-2.4517
80.48	-2.4519
80.48	-2.4520
80.49	-2.4522
80.50	-2.4523
80.50	-2.4524
80.51	-2.4525
80.53	-2.4525
80.53	-2.4526
80.54	-2.4527
80.55	-2.4528
80.55	-2.4527
80.56	-2.4529
80.58	-2.4529
80.58	-2.4530
80.59	-2.4532
80.59	-2.4532
80.60	-2.4531
80.61	-2.4532
80.62	-2.4532
80.63	-2.4532
80.64	-2.4531
80.65	-2.4531
80.65	-2.4531
80.66	-2.4531
80.67	-2.4533
80.68	-2.4532
80.69	-2.4534
80.70	-2.4534
80.71	-2.4534
80.71	-2.4535
80.72	-2.4535
80.73	-2.4535
80.74	-2.4537
80.75	-2.4536
80.75	-2.4537
80.76	-2.4537
80.77	-2.4539
80.78	-2.4539
80.79	-2.4540
80.79	-2.4542
80.80	-2.4544
80.81	-2.4544
80.83	-2.4546
80.83	-2.4546
80.84	-2.4546
80.85	-2.4549
80.85	-2.4552
80.86	-2.4553
80.87	-2.4554
80.88	-2.4556
80.89	-2.4557
80.90	-2.4557
80.91	-2.4556
80.92	-2.4557
80.92	-2.4557
80.93	-2.4558
80.94	-2.4559
80.95	-2.4560
80.96	-2.4560
80.97	-2.4560
80.98	-2.4562
80.98	-2.4562
80.99	-2.4564
80.99	-2.4564
81.00	-2.4563
81.02	-2.4563
81.02	-2.4563
81.03	-2.4564
81.04	-2.4565
81.05	-2.4565
81.06	-2.4565
81.07	-2.4566
81.08	-2.4569
81.08	-2.4570
81.09	-2.4569
81.10	-2.4569
81.11	-2.4568
81.12	-2.4569
81.12	-2.4571
81.13	-2.4571
81.14	-2.4571
81.15	-2.4572
81.16	-2.4573
81.17	-2.4573
81.17	-2.4574
81.18	-2.4575
81.19	-2.4575
81.20	-2.4576
81.21	-2.4578
81.22	-2.4579
81.22	-2.4580
81.23	-2.4581
81.24	-2.4582
81.25	-2.4583
81.26	-2.4584
81.26	-2.4584
81.27	-2.4586
81.28	-2.4587
81.29	-2.4588
81.30	-2.4590
81.31	-2.4591
81.32	-2.4592
81.33	-2.4593
81.33	-2.4595
81.34	-2.4594
81.34	-2.4598
81.35	-2.4598
81.36	-2.4598
81.37	-2.4599
81.38	-2.4599
81.39	-2.4600
81.39	-2.4601
81.40	-2.4602
81.41	-2.4603
81.42	-2.4604
81.43	-2.4605
81.44	-2.4606
81.45	-2.4606
81.45	-2.4607
81.46	-2.4608
81.47	-2.4609
81.48	-2.4610
81.48	-2.4610
81.50	-2.4611
81.50	-2.4611
81.51	-2.4613
81.52	-2.4614
81.53	-2.4615
81.54	-2.4617
81.55	-2.4616
81.55	-2.4616
81.56	-2.4616
81.57	-2.4617
81.58	-2.4617
81.59	-2.4618
81.59	-2.4618
81.61	-2.4619
81.61	-2.4621
81.62	-2.4620
81.63	-2.4621
81.64	-2.4621
81.64	-2.4622
81.65	-2.4624
81.66	-2.4624
81.67	-2.4625
81.68	-2.4625
81.69	-2.4625
81.69	-2.4627
81.70	-2.4628
81.72	-2.4629
81.72	-2.4630
81.73	-2.4629
81.74	-2.4630
81.75	-2.4631
81.76	-2.4631
81.76	-2.4632
81.77	-2.4633
81.78	-2.4634
81.79	-2.4635
81.80	-2.4636
81.80	-2.4636
81.81	-2.4638
81.82	-2.4638
81.83	-2.4640
81.84	-2.4640
81.85	-2.4641
81.86	-2.4641
81.87	-2.4641
81.87	-2.4643
81.88	-2.4643
81.89	-2.4645
81.90	-2.4645
81.91	-2.4646
81.91	-2.4647
81.92	-2.4648
81.93	-2.4649
81.94	-2.4651
81.95	-2.4651
81.95	-2.4650
81.96	-2.4653
81.98	-2.4654
81.98	-2.4655
81.99	-2.4654
82.00	-2.4655
82.00	-2.4657
82.01	-2.4658
82.03	-2.4658
82.03	-2.4659
82.04	-2.4660
82.05	-2.4660
82.06	-2.4661
82.06	-2.4662
82.07	-2.4663
82.08	-2.4662
82.09	-2.4662
82.10	-2.4663
82.11	-2.4663
82.12	-2.4665
82.13	-2.4666
82.13	-2.4667
82.14	-2.4669
82.14	-2.4670
82.16	-2.4672
82.17	-2.4673
82.17	-2.4673
82.18	-2.4674
82.19	-2.4675
82.20	-2.4674
82.20	-2.4674
82.21	-2.4675
82.22	-2.4677
82.23	-2.4678
82.24	-2.4679
82.25	-2.4680
82.25	-2.4680
82.26	-2.4680
82.27	-2.4681
82.28	-2.4682
82.28	-2.4683
82.30	-2.4684
82.30	-2.4685
82.31	-2.4686
82.33	-2.4687
82.33	-2.4688
82.33	-2.4689
82.34	-2.4689
82.35	-2.4690
82.36	-2.4692
82.37	-2.4691
82.38	-2.4692
82.39	-2.4694
82.39	-2.4693
82.40	-2.4692
82.41	-2.4693
82.42	-2.4694
82.43	-2.4694
82.44	-2.4694
82.45	-2.4694
82.45	-2.4695
82.46	-2.4697
82.47	-2.4696
82.48	-2.4699
82.49	-2.4700
82.50	-2.4702
82.50	-2.4703
82.51	-2.4704
82.52	-2.4706
82.53	-2.4705
82.54	-2.4708
82.55	-2.4708
82.55	-2.4711
82.56	-2.4711
82.57	-2.4712
82.58	-2.4714
82.58	-2.4715
82.59	-2.4716
82.61	-2.4717
82.62	-2.4717
82.63	-2.4719
82.63	-2.4720
82.64	-2.4720
82.64	-2.4721
82.65	-2.4721
82.67	-2.4721
82.67	-2.4721
82.68	-2.4721
82.69	-2.4721
82.70	-2.4722
82.70	-2.4721
82.71	-2.4721
82.72	-2.4721
82.73	-2.4721
82.74	-2.4722
82.75	-2.4722
82.76	-2.4724
82.76	-2.4725
82.77	-2.4725
82.78	-2.4725
82.79	-2.4727
82.80	-2.4728
82.80	-2.4729
82.81	-2.4730
82.82	-2.4730
82.83	-2.4729
82.84	-2.4732
82.85	-2.4733
82.86	-2.4734
82.86	-2.4733
82.87	-2.4735
82.88	-2.4736
82.89	-2.4737
82.90	-2.4739
82.91	-2.4739
82.92	-2.4741
82.92	-2.4741
82.93	-2.4742
82.94	-2.4742
82.95	-2.4743
82.96	-2.4743
82.97	-2.4744
82.98	-2.4744
82.98	-2.4744
82.99	-2.4745
83.00	-2.4747
83.00	-2.4747
83.01	-2.4748
83.03	-2.4749
83.03	-2.4751
83.04	-2.4752
83.05	-2.4754
83.05	-2.4754
83.06	-2.4755
83.08	-2.4756
83.08	-2.4756
83.09	-2.4758
83.09	-2.4760
83.10	-2.4759
83.12	-2.4760
83.12	-2.4761
83.13	-2.4761
83.14	-2.4762
83.14	-2.4763
83.15	-2.4763
83.16	-2.4764
83.17	-2.4763
83.18	-2.4765
83.19	-2.4766
83.20	-2.4767
83.21	-2.4767
83.21	-2.4766
83.22	-2.4767
83.23	-2.4768
83.24	-2.4769
83.25	-2.4769
83.26	-2.4771
83.26	-2.4771
83.27	-2.4773
83.28	-2.4774
83.29	-2.4775
83.30	-2.4776
83.30	-2.4777
83.31	-2.4778
83.32	-2.4778
83.33	-2.4779
83.34	-2.4779
83.34	-2.4780
83.35	-2.4781
83.36	-2.4782
83.37	-2.4782
83.38	-2.4783
83.39	-2.4783
83.39	-2.4785
83.41	-2.4786
83.42	-2.4787
83.42	-2.4787
83.43	-2.4789
83.44	-2.4792
83.45	-2.4792
83.45	-2.4794
83.46	-2.4795
83.47	-2.4796
83.48	-2.4797
83.49	-2.4798
83.50	-2.4799
83.51	-2.4799
83.52	-2.4799
83.52	-2.4800
83.53	-2.4802
83.54	-2.4803
83.55	-2.4804
83.56	-2.4805
83.56	-2.4805
83.57	-2.4806
83.58	-2.4807
83.59	-2.4807
83.59	-2.4808
83.60	-2.4808
83.62	-2.4807
83.63	-2.4807
83.63	-2.4807
83.64	-2.4807
83.65	-2.4808
83.66	-2.4808
83.67	-2.4809
83.67	-2.4810
83.68	-2.4811
83.69	-2.4813
83.70	-2.4813
83.70	-2.4814
83.72	-2.4815
83.73	-2.4814
83.73	-2.4814
83.74	-2.4814
83.75	-2.4816
83.75	-2.4817
83.76	-2.4818
83.78	-2.4818
83.78	-2.4820
83.79	-2.4821
83.80	-2.4821
83.81	-2.4822
83.82	-2.4825
83.83	-2.4826
83.84	-2.4828
83.84	-2.4829
83.84	-2.4829
83.86	-2.4829
83.86	-2.4831
83.87	-2.4831
83.88	-2.4831
83.89	-2.4831
83.89	-2.4830
83.91	-2.4832
83.92	-2.4832
83.92	-2.4833
83.93	-2.4832
83.94	-2.4833
83.95	-2.4834
83.95	-2.4837
83.97	-2.4837
83.98	-2.4837
83.98	-2.4839
83.99	-2.4840
84.00	-2.4839
84.00	-2.4841
84.01	-2.4841
84.02	-2.4840
84.03	-2.4841
84.04	-2.4842
84.05	-2.4841
84.05	-2.4842
84.06	-2.4842
84.07	-2.4842
84.08	-2.4842
84.09	-2.4845
84.09	-2.4844
84.10	-2.4846
84.12	-2.4845
84.12	-2.4846
84.13	-2.4847
84.14	-2.4848
84.14	-2.4849
84.15	-2.4850
84.16	-2.4852
84.17	-2.4852
84.18	-2.4852
84.20	-2.4854
84.20	-2.4857
84.21	-2.4858
84.22	-2.4861
84.22	-2.4862
84.23	-2.4862
84.24	-2.4864
84.25	-2.4865
84.25	-2.4867
84.27	-2.4867
84.27	-2.4868
84.28	-2.4867
84.29	-2.4868
84.29	-2.4871
84.31	-2.4870
84.32	-2.4871
84.33	-2.4872
84.33	-2.4873
84.34	-2.4875
84.35	-2.4874
84.35	-2.4875
84.36	-2.4874
84.37	-2.4875
84.38	-2.4875
84.39	-2.4876
84.39	-2.4878
84.41	-2.4878
84.41	-2.4878
84.42	-2.4879
84.43	-2.4880
84.44	-2.4881
84.45	-2.4882
84.45	-2.4882
84.47	-2.4885
84.48	-2.4885
84.48	-2.4885
84.49	-2.4886
84.50	-2.4885
84.51	-2.4888
84.52	-2.4888
84.53	-2.4889
84.54	-2.4890
84.54	-2.4890
84.55	-2.4891
84.55	-2.4892
84.57	-2.4892
84.58	-2.4894
84.58	-2.4895
84.59	-2.4895
84.60	-2.4895
84.61	-2.4895
84.62	-2.4897
84.63	-2.4898
84.63	-2.4899
84.64	-2.4899
84.65	-2.4901
84.66	-2.4901
84.67	-2.4902
84.67	-2.4902
84.68	-2.4902
84.69	-2.4903
84.70	-2.4903
84.70	-2.4905
84.72	-2.4905
84.73	-2.4906
84.73	-2.4908
84.74	-2.4910
84.75	-2.4912
84.75	-2.4914
84.76	-2.4914
84.78	-2.4916
84.78	-2.4918
84.79	-2.4919
84.80	-2.4920
84.81	-2.4920
84.82	-2.4921
84.82	-2.4921
84.84	-2.4920
84.84	-2.4920
84.85	-2.4923
84.86	-2.4924
84.87	-2.4925
84.88	-2.4924
84.88	-2.4925
84.89	-2.4926
84.89	-2.4926
84.90	-2.4928
84.91	-2.4928
84.92	-2.4928
84.93	-2.4928
84.94	-2.4929
84.95	-2.4929
84.95	-2.4931
84.96	-2.4933
84.98	-2.4934
84.98	-2.4935
84.99	-2.4937
85.00	-2.4937
85.00	-2.4938
85.01	-2.4939
85.02	-2.4939
85.03	-2.4941
85.04	-2.4941
85.05	-2.4943
85.06	-2.4943
85.07	-2.4944
85.08	-2.4944
85.08	-2.4946
85.09	-2.4946
85.09	-2.4946
85.10	-2.4946
85.12	-2.4947
85.13	-2.4947
85.13	-2.4948
85.14	-2.4950
85.14	-2.4950
85.15	-2.4952
85.16	-2.4952
85.17	-2.4954
85.18	-2.4954
85.19	-2.4955
85.20	-2.4955
85.20	-2.4958
85.21	-2.4958
85.22	-2.4960
85.23	-2.4960
85.24	-2.4960
85.25	-2.4961
85.26	-2.4962
85.27	-2.4964
85.27	-2.4964
85.28	-2.4965
85.29	-2.4966
85.30	-2.4967
85.31	-2.4966
85.32	-2.4966
85.33	-2.4968
85.33	-2.4969
85.34	-2.4969
85.34	-2.4970
85.35	-2.4969
85.37	-2.4969
85.38	-2.4967
85.38	-2.4968
85.39	-2.4967
85.39	-2.4968
85.40	-2.4969
85.41	-2.4970
85.42	-2.4971
85.43	-2.4973
85.44	-2.4974
85.45	-2.4975
85.46	-2.4975
85.47	-2.4975
85.48	-2.4976
85.49	-2.4978
85.49	-2.4978
85.50	-2.4980
85.50	-2.4980
85.51	-2.4982
85.53	-2.4982
85.53	-2.4983
85.55	-2.4984
85.55	-2.4985
85.56	-2.4986
85.57	-2.4987
85.58	-2.4988
85.58	-2.4989
85.59	-2.4989
85.60	-2.4989
85.61	-2.4991
85.62	-2.4993
85.63	-2.4993
85.63	-2.4994
85.64	-2.4995
85.65	-2.4996
85.66	-2.4997
85.67	-2.4998
85.67	-2.5000
85.68	-2.5001
85.69	-2.5003
85.70	-2.5003
85.71	-2.5004
85.72	-2.5006
85.73	-2.5006
85.73	-2.5006
85.74	-2.5007
85.75	-2.5008
85.76	-2.5008
85.77	-2.5008
85.77	-2.5010
85.78	-2.5011
85.79	-2.5010
85.80	-2.5012
85.80	-2.5015
85.81	-2.5015
85.83	-2.5016
85.83	-2.5018
85.84	-2.5018
85.84	-2.5020
85.85	-2.5022
85.86	-2.5022
85.87	-2.5022
85.88	-2.5020
85.89	-2.5021
85.90	-2.5022
85.91	-2.5022
85.92	-2.5022
85.92	-2.5021
85.93	-2.5022
85.94	-2.5023
85.95	-2.5023
85.96	-2.5023
85.96	-2.5024
85.97	-2.5025
85.98	-2.5026
85.99	-2.5026
86.00	-2.5028
86.00	-2.5029
86.01	-2.5030
86.03	-2.5032
86.03	-2.5035
86.04	-2.5036
86.05	-2.5036
86.05	-2.5038
86.06	-2.5038
86.08	-2.5039
86.08	-2.5040
86.09	-2.5040
86.09	-2.5042
86.10	-2.5041
86.11	-2.5043
86.12	-2.5044
86.13	-2.5045
86.14	-2.5046
86.14	-2.5046
86.15	-2.5048
86.17	-2.5048
86.18	-2.5047
86.18	-2.5048
86.19	-2.5049
86.20	-2.5050
86.21	-2.5052
86.21	-2.5053
86.22	-2.5054
86.23	-2.5055
86.24	-2.5055
86.25	-2.5055
86.26	-2.5057
86.27	-2.5057
86.27	-2.5058
86.28	-2.5058
86.29	-2.5059
86.30	-2.5060
86.31	-2.5061
86.32	-2.5061
86.32	-2.5064
86.33	-2.5063
86.34	-2.5064
86.34	-2.5065
86.36	-2.5064
86.37	-2.5065
86.37	-2.5066
86.38	-2.5067
86.39	-2.5067
86.40	-2.5068
86.41	-2.5069
86.42	-2.5069
86.42	-2.5070
86.43	-2.5072
86.44	-2.5072
86.45	-2.5073
86.46	-2.5075
86.47	-2.5078
86.48	-2.5078
86.48	-2.5077
86.49	-2.5078
86.50	-2.5078
86.51	-2.5077
86.52	-2.5078
86.53	-2.5079
86.53	-2.5080
86.55	-2.5081
86.55	-2.5082
86.56	-2.5083
86.56	-2.5085
86.57	-2.5086
86.58	-2.5087
86.59	-2.5088
86.60	-2.5088
86.61	-2.5090
86.61	-2.5091
86.62	-2.5093
86.63	-2.5093
86.64	-2.5094
86.65	-2.5095
86.65	-2.5095
86.66	-2.5096
86.67	-2.5095
86.68	-2.5095
86.68	-2.5097
86.70	-2.5097
86.70	-2.5097
86.71	-2.5098
86.72	-2.5099
86.73	-2.5099
86.74	-2.5099
86.75	-2.5101
86.75	-2.5102
86.76	-2.5103
86.77	-2.5103
86.78	-2.5105
86.79	-2.5106
86.80	-2.5106
86.80	-2.5108
86.81	-2.5109
86.82	-2.5109
86.83	-2.5110
86.84	-2.5110
86.84	-2.5112
86.85	-2.5113
86.86	-2.5114
86.88	-2.5116
86.88	-2.5116
86.89	-2.5117
86.89	-2.5118
86.91	-2.5117
86.91	-2.5118
86.92	-2.5118
86.93	-2.5118
86.94	-2.5120
86.95	-2.5119
86.95	-2.5119
86.96	-2.5120
86.97	-2.5122
86.98	-2.5123
86.99	-2.5123
87.00	-2.5126
87.01	-2.5127
87.01	-2.5128
87.02	-2.5127
87.03	-2.5127
87.04	-2.5128
87.05	-2.5129
87.05	-2.5129
87.06	-2.5131
87.07	-2.5130
87.08	-2.5131
87.09	-2.5131
87.09	-2.5131
87.10	-2.5132
87.11	-2.5133
87.12	-2.5132
87.13	-2.5134
87.14	-2.5134
87.14	-2.5135
87.16	-2.5137
87.17	-2.5138
87.17	-2.5139
87.18	-2.5140
87.19	-2.5141
87.20	-2.5141
87.20	-2.5140
87.21	-2.5143
87.22	-2.5144
87.23	-2.5143
87.24	-2.5144
87.25	-2.5146
87.25	-2.5148
87.26	-2.5150
87.28	-2.5150
87.28	-2.5152
87.29	-2.5153
87.30	-2.5153
87.31	-2.5154
87.32	-2.5154
87.32	-2.5154
87.33	-2.5155
87.34	-2.5156
87.34	-2.5157
87.36	-2.5157
87.37	-2.5159
87.37	-2.5161
87.38	-2.5161
87.39	-2.5162
87.39	-2.5163
87.40	-2.5164
87.41	-2.5163
87.42	-2.5164
87.43	-2.5164
87.44	-2.5164
87.45	-2.5164
87.45	-2.5165
87.46	-2.5166
87.47	-2.5165
87.48	-2.5166
87.49	-2.5167
87.50	-2.5168
87.50	-2.5167
87.51	-2.5168
87.53	-2.5171
87.53	-2.5171
87.54	-2.5172
87.55	-2.5172
87.56	-2.5174
87.57	-2.5176
87.57	-2.5177
87.58	-2.5178
87.59	-2.5179
87.59	-2.5180
87.60	-2.5181
87.61	-2.5181
87.62	-2.5183
87.63	-2.5185
87.64	-2.5185
87.64	-2.5186
87.65	-2.5188
87.67	-2.5189
87.67	-2.5189
87.67	-2.5189
87.68	-2.5191
87.69	-2.5192
87.70	-2.5191
87.71	-2.5192
87.72	-2.5193
87.73	-2.5193
87.73	-2.5193
87.74	-2.5194
87.75	-2.5196
87.77	-2.5195
87.77	-2.5196
87.78	-2.5198
87.79	-2.5198
87.80	-2.5198
87.80	-2.5197
87.81	-2.5198
87.82	-2.5200
87.83	-2.5200
87.84	-2.5200
87.84	-2.5202
87.85	-2.5203
87.86	-2.5204
87.87	-2.5206
87.88	-2.5207
87.89	-2.5208
87.89	-2.5210
87.90	-2.5211
87.91	-2.5212
87.92	-2.5213
87.93	-2.5213
87.94	-2.5215
87.95	-2.5215
87.95	-2.5215
87.96	-2.5216
87.97	-2.5217
87.98	-2.5218
87.99	-2.5218
88.00	-2.5219
88.00	-2.5222
88.01	-2.5224
88.02	-2.5225
88.03	-2.5225
88.04	-2.5225
88.05	-2.5225
88.05	-2.5225
88.07	-2.5225
88.07	-2.5226
88.08	-2.5227
88.08	-2.5227
88.09	-2.5228
88.10	-2.5228
88.11	-2.5229
88.12	-2.5230
88.13	-2.5229
88.13	-2.5230
88.14	-2.5230
88.15	-2.5231
88.16	-2.5231
88.17	-2.5234
88.18	-2.5235
88.19	-2.5237
88.20	-2.5237
88.20	-2.5238
88.21	-2.5238
88.22	-2.5240
88.23	-2.5240
88.24	-2.5241
88.25	-2.5241
88.25	-2.5242
88.26	-2.5244
88.27	-2.5245
88.28	-2.5246
88.29	-2.5246
88.30	-2.5247
88.30	-2.5246
88.31	-2.5247
88.33	-2.5248
88.33	-2.5249
88.34	-2.5251
88.34	-2.5252
88.35	-2.5253
88.36	-2.5255
88.37	-2.5257
88.38	-2.5260
88.39	-2.5262
88.40	-2.5263
88.41	-2.5265
88.42	-2.5266
88.42	-2.5266
88.43	-2.5267
88.44	-2.5268
88.44	-2.5268
88.45	-2.5267
88.46	-2.5268
88.47	-2.5270
88.48	-2.5270
88.48	-2.5270
88.49	-2.5272
88.50	-2.5273
88.51	-2.5274
88.52	-2.5275
88.53	-2.5276
88.54	-2.5277
88.55	-2.5276
88.55	-2.5277
88.56	-2.5276
88.57	-2.5276
88.58	-2.5277
88.59	-2.5279
88.59	-2.5280
88.60	-2.5280
88.61	-2.5280
88.62	-2.5282
88.63	-2.5282
88.63	-2.5282
88.64	-2.5283
88.65	-2.5283
88.66	-2.5284
88.67	-2.5284
88.67	-2.5284
88.69	-2.5285
88.70	-2.5285
88.70	-2.5287
88.71	-2.5288
88.72	-2.5289
88.73	-2.5290
88.74	-2.5291
88.75	-2.5290
88.75	-2.5293
88.76	-2.5293
88.77	-2.5293
88.78	-2.5294
88.78	-2.5294
88.79	-2.5294
88.80	-2.5295
88.81	-2.5296
88.82	-2.5295
88.83	-2.5296
88.84	-2.5297
88.85	-2.5298
88.85	-2.5299
88.86	-2.5300
88.87	-2.5300
88.88	-2.5301
88.89	-2.5303
88.89	-2.5304
88.90	-2.5305
88.91	-2.5305
88.92	-2.5308
88.93	-2.5310
88.94	-2.5312
88.95	-2.5314
88.95	-2.5314
88.96	-2.5316
88.97	-2.5319
88.98	-2.5322
88.99	-2.5323
89.00	-2.5324
89.00	-2.5326
89.01	-2.5328
89.02	-2.5328
89.03	-2.5329
89.03	-2.5330
89.05	-2.5330
89.05	-2.5331
89.06	-2.5331
89.07	-2.5329
89.08	-2.5329
89.09	-2.5328
89.09	-2.5327
89.10	-2.5326
89.11	-2.5327
89.12	-2.5326
89.13	-2.5326
89.14	-2.5327
89.14	-2.5326
89.15	-2.5327
89.16	-2.5327
89.17	-2.5327
89.17	-2.5326
89.19	-2.5328
89.19	-2.5328
89.20	-2.5329
89.21	-2.5330
89.22	-2.5332
89.23	-2.5334
89.23	-2.5334
89.24	-2.5337
89.25	-2.5340
89.26	-2.5342
89.27	-2.5344
89.28	-2.5346
89.29	-2.5347
89.30	-2.5347
89.30	-2.5349
89.31	-2.5350
89.32	-2.5350
89.33	-2.5352
89.33	-2.5354
89.34	-2.5354
89.35	-2.5354
89.36	-2.5355
89.37	-2.5357
89.38	-2.5357
89.38	-2.5359
89.39	-2.5360
89.40	-2.5362
89.40	-2.5362
89.42	-2.5364
89.42	-2.5365
89.43	-2.5366
89.44	-2.5368
89.45	-2.5369
89.46	-2.5371
89.46	-2.5372
89.47	-2.5374
89.48	-2.5375
89.49	-2.5378
89.49	-2.5378
89.50	-2.5382
89.52	-2.5383
89.53	-2.5384
89.53	-2.5386
89.54	-2.5387
89.55	-2.5388
89.56	-2.5390
89.57	-2.5390
89.57	-2.5392
89.58	-2.5393
89.59	-2.5394
89.60	-2.5395
89.61	-2.5396
89.62	-2.5399
89.62	-2.5398
89.63	-2.5398
89.64	-2.5398
89.65	-2.5399
89.66	-2.5398
89.67	-2.5398
89.67	-2.5399
89.68	-2.5399
89.69	-2.5397
89.70	-2.5397
89.70	-2.5397
89.71	-2.5398
89.72	-2.5397
89.73	-2.5398
89.73	-2.5399
89.75	-2.5400
89.76	-2.5400
89.77	-2.5401
89.77	-2.5403
89.78	-2.5404
89.79	-2.5405
89.80	-2.5406
89.80	-2.5407
89.81	-2.5408
89.83	-2.5409
89.83	-2.5411
89.84	-2.5411
89.85	-2.5413
89.85	-2.5413
89.87	-2.5412
89.87	-2.5413
89.88	-2.5414
89.89	-2.5414
89.89	-2.5414
89.91	-2.5414
89.91	-2.5413
89.92	-2.5413
89.93	-2.5414
89.94	-2.5416
89.95	-2.5415
89.96	-2.5416
89.97	-2.5418
89.98	-2.5417
89.98	-2.5418
89.99	-2.5420
90.00	-2.5421
90.01	-2.5423
90.02	-2.5423
90.03	-2.5424
90.03	-2.5425
90.04	-2.5425
90.05	-2.5425
90.06	-2.5426
90.07	-2.5427
90.08	-2.5428
90.08	-2.5429
90.09	-2.5431
90.10	-2.5431
90.11	-2.5432
90.12	-2.5432
90.13	-2.5434
90.13	-2.5434
90.14	-2.5435
90.15	-2.5434
90.16	-2.5434
90.17	-2.5435
90.17	-2.5435
90.18	-2.5435
90.19	-2.5435
90.20	-2.5436
90.20	-2.5438
90.22	-2.5438
90.23	-2.5440
90.23	-2.5441
90.24	-2.5442
90.25	-2.5443
90.25	-2.5443
90.26	-2.5444
90.27	-2.5446
90.28	-2.5446
90.29	-2.5445
90.30	-2.5447
90.30	-2.5446
90.31	-2.5447
90.33	-2.5448
90.33	-2.5449
90.34	-2.5449
90.34	-2.5449
90.35	-2.5451
90.36	-2.5452
90.37	-2.5453
90.38	-2.5454
90.38	-2.5454
90.39	-2.5455
90.40	-2.5456
90.41	-2.5456
90.42	-2.5457
90.43	-2.5459
90.44	-2.5459
90.44	-2.5460
90.45	-2.5463
90.48	-2.5465
90.48	-2.5457
90.49	-2.5440
90.50	-2.5418
90.51	-2.5395
90.51	-2.5378
90.52	-2.5374
90.53	-2.5384
90.53	-2.5411
90.54	-2.5456
90.55	-2.5514
90.55	-2.5585
90.56	-2.5663
90.56	-2.5748
90.57	-2.5833
90.57	-2.5914
90.57	-2.5992
90.58	-2.6061
90.58	-2.6120
90.58	-2.6168
90.58	-2.6204
90.58	-2.6228
90.58	-2.6239
90.58	-2.6239
90.58	-2.6228
90.59	-2.6207
90.59	-2.6178
90.59	-2.6140
90.59	-2.6097
90.59	-2.6049
90.59	-2.5998
90.59	-2.5944
90.59	-2.5890
90.59	-2.5835
90.59	-2.5783
90.59	-2.5735
90.59	-2.5690
90.59	-2.5648
90.59	-2.5609
90.59	-2.5576
90.59	-2.5550
90.59	-2.5527
90.59	-2.5510
90.59	-2.5500
90.59	-2.5494
90.59	-2.5494
90.59	-2.5499
90.59	-2.5508
90.59	-2.5525
90.59	-2.5546
90.59	-2.5570
90.59	-2.5599
90.59	-2.5633
90.59	-2.5668
90.60	-2.5707
90.60	-2.5749
90.60	-2.5793
90.59	-2.5840
90.59	-2.5891
90.59	-2.5942
90.59	-2.5993
90.60	-2.6045
90.59	-2.6099
90.59	-2.6154
90.59	-2.6210
90.60	-2.6265
90.60	-2.6320
90.60	-2.6376
90.60	-2.6430
90.60	-2.6484
90.59	-2.6538
90.59	-2.6591
90.59	-2.6645
90.60	-2.6696
90.60	-2.6747
90.59	-2.6798
90.59	-2.6846
90.60	-2.6895
90.60	-2.6941
90.60	-2.6987
90.60	-2.7033
90.60	-2.7077
90.59	-2.7119
90.59	-2.7160
90.59	-2.7199
90.60	-2.7238
90.60	-2.7277
90.60	-2.7314
90.60	-2.7348
90.60	-2.7381
90.60	-2.7413
90.60	-2.7444
90.60	-2.7476
90.60	-2.7506
90.60	-2.7535
90.60	-2.7563
90.59	-2.7590
90.59	-2.7615
90.59	-2.7639
90.59	-2.7665
90.60	-2.7687
90.60	-2.7711
90.60	-2.7731
90.59	-2.7752
90.60	-2.7772
90.60	-2.7794
90.60	-2.7812
90.60	-2.7831
90.60	-2.7848
90.60	-2.7866
90.60	-2.7883
90.60	-2.7899
90.60	-2.7915
90.60	-2.7929
90.60	-2.7942
90.60	-2.7955
90.60	-2.7968
90.60	-2.7980
90.60	-2.7990
90.60	-2.8002
90.60	-2.8012
90.60	-2.8022
90.60	-2.8031
90.60	-2.8039
90.60	-2.8050
90.60	-2.8059
90.60	-2.8067
90.60	-2.8076
90.59	-2.8084
90.60	-2.8091
90.60	-2.8100
90.60	-2.8106
90.60	-2.8113
90.59	-2.8118
90.60	-2.8124
90.60	-2.8131
90.60	-2.8137
90.60	-2.8141
90.60	-2.8147
90.60	-2.8152
90.60	-2.8156
90.60	-2.8162
90.60	-2.8166
90.60	-2.8171
90.60	-2.8174
90.59	-2.8179
90.60	-2.8184
90.60	-2.8189
90.60	-2.8193
90.59	-2.8196
90.60	-2.8200
90.60	-2.8204
90.60	-2.8207
90.60	-2.8210
90.60	-2.8212
90.60	-2.8214
90.60	-2.8216
90.60	-2.8219
90.60	-2.8223
90.60	-2.8226
90.60	-2.8229
90.60	-2.8231
90.60	-2.8233
90.60	-2.8237
90.60	-2.8239
90.60	-2.8241
90.60	-2.8241
90.60	-2.8241
90.60	-2.8243
90.60	-2.8245
90.60	-2.8247
90.60	-2.8249
90.60	-2.8250
90.60	-2.8252
90.60	-2.8254
90.60	-2.8254
90.60	-2.8257
90.60	-2.8257
90.60	-2.8258
90.60	-2.8258
90.60	-2.8258
90.60	-2.8259
90.60	-2.8260
90.60	-2.8261
90.60	-2.8262
90.60	-2.8263
90.60	-2.8265
90.60	-2.8266
90.60	-2.8267
90.60	-2.8267
90.60	-2.8268
90.60	-2.8270
90.60	-2.8270
90.60	-2.8270
90.60	-2.8271
90.60	-2.8273
90.60	-2.8273
90.60	-2.8273
90.60	-2.8273
90.60	-2.8276
90.60	-2.8277
90.60	-2.8278
90.60	-2.8280
90.59	-2.8282
90.59	-2.8284
90.60	-2.8285
90.60	-2.8283
90.60	-2.8286
90.60	-2.8287
90.59	-2.8286
90.59	-2.8288
90.60	-2.8288
90.60	-2.8290
90.60	-2.8291
90.60	-2.8291
90.60	-2.8291
90.60	-2.8291
90.60	-2.8291
90.60	-2.8293
90.60	-2.8293
90.59	-2.8293
90.59	-2.8294
90.60	-2.8295
90.60	-2.8296
90.60	-2.8297
90.59	-2.8297
90.60	-2.8297
90.60	-2.8298
90.60	-2.8299
90.60	-2.8300
90.60	-2.8300
90.60	-2.8302
90.60	-2.8302
90.60	-2.8302
90.60	-2.8301
90.60	-2.8299
90.60	-2.8300
90.60	-2.8299
90.60	-2.8301
90.60	-2.8303
90.60	-2.8303
90.60	-2.8304
90.60	-2.8303
90.60	-2.8305
90.60	-2.8305
90.60	-2.8306
90.60	-2.8306
90.60	-2.8305
90.60	-2.8306
90.60	-2.8306
90.60	-2.8306
90.60	-2.8306
90.60	-2.8308
90.60	-2.8306
90.60	-2.8307
90.60	-2.8309
90.60	-2.8307
90.60	-2.8309
90.60	-2.8309
90.60	-2.8309
90.60	-2.8309
90.60	-2.8311
90.60	-2.8312
90.60	-2.8314
90.60	-2.8314
90.60	-2.8315
90.60	-2.8315
90.60	-2.8315
90.60	-2.8316
90.60	-2.8316
90.60	-2.8317
90.60	-2.8316
90.60	-2.8318
90.60	-2.8316
90.60	-2.8316
90.60	-2.8315
90.60	-2.8315
90.60	-2.8316
90.60	-2.8316
90.60	-2.8316
90.60	-2.8317
90.60	-2.8317
90.60	-2.8317
90.60	-2.8318
90.60	-2.8318
90.60	-2.8317
90.60	-2.8318
90.60	-2.8317
90.60	-2.8316
90.60	-2.8316
90.60	-2.8316
90.60	-2.8316
90.60	-2.8316
90.60	-2.8317
90.60	-2.8317
90.60	-2.8317
90.60	-2.8318
90.60	-2.8317
90.60	-2.8318
90.60	-2.8318
90.60	-2.8319
90.60	-2.8318
90.60	-2.8320
90.60	-2.8321
90.60	-2.8322
90.60	-2.8322
90.60	-2.8322
90.60	-2.8322
90.60	-2.8323
90.60	-2.8323
90.60	-2.8322
90.60	-2.8322
90.60	-2.8322
90.60	-2.8322
90.60	-2.8323
90.60	-2.8323
90.60	-2.8324
90.60	-2.8324
90.60	-2.8324
90.60	-2.8325
90.60	-2.8326
90.60	-2.8326
90.60	-2.8326
90.60	-2.8326
90.60	-2.8325
90.60	-2.8325
90.60	-2.8325
90.60	-2.8326
90.60	-2.8326
90.60	-2.8326
90.60	-2.8328
90.60	-2.8328
90.60	-2.8329
90.61	-2.8330
90.60	-2.8329
90.60	-2.8331
90.60	-2.8330
90.60	-2.8330
90.60	-2.8330
90.60	-2.8330
90.60	-2.8330
90.60	-2.8330
90.60	-2.8331
90.60	-2.8330
90.60	-2.8331
90.60	-2.8331
90.60	-2.8330
90.60	-2.8331
90.60	-2.8330
90.60	-2.8330
90.60	-2.8331
90.60	-2.8331
90.60	-2.8330
90.60	-2.8330
90.60	-2.8330
90.60	-2.8331
90.60	-2.8331
90.61	-2.8331
90.60	-2.8331
90.60	-2.8331
90.60	-2.8332
90.60	-2.8333
90.60	-2.8333
90.60	-2.8333
90.60	-2.8334
90.60	-2.8335
90.60	-2.8335
90.60	-2.8335
90.60	-2.8336
90.60	-2.8336
90.60	-2.8336
90.60	-2.8336
90.60	-2.8336
90.60	-2.8337
90.60	-2.8337
90.60	-2.8336
90.60	-2.8336
90.60	-2.8338
90.60	-2.8336
90.60	-2.8337
90.60	-2.8337
90.60	-2.8337
90.60	-2.8339
90.60	-2.8339
90.60	-2.8341
90.60	-2.8341
90.60	-2.8343
90.60	-2.8344
90.60	-2.8344
90.60	-2.8345
90.60	-2.8345
90.60	-2.8344
90.60	-2.8344
90.60	-2.8344
90.60	-2.8346
90.60	-2.8346
90.60	-2.8345
90.60	-2.8345
90.60	-2.8345
90.61	-2.8345
90.60	-2.8345
90.60	-2.8345
90.60	-2.8346
90.60	-2.8345
90.60	-2.8346
90.60	-2.8347
90.60	-2.8346
90.60	-2.8346
90.60	-2.8346
90.60	-2.8346
90.60	-2.8345
90.61	-2.8345
90.60	-2.8345
90.60	-2.8345
90.60	-2.8346
90.61	-2.8346
90.60	-2.8345
90.60	-2.8347
90.60	-2.8347
90.60	-2.8348
90.60	-2.8348
90.60	-2.8349
90.60	-2.8350
90.60	-2.8352
90.60	-2.8353
90.60	-2.8353
90.60	-2.8354
90.60	-2.8355
90.60	-2.8355
90.60	-2.8355
90.60	-2.8354
90.60	-2.8354
90.60	-2.8354
90.60	-2.8354
90.60	-2.8354
90.60	-2.8355
90.61	-2.8355
90.60	-2.8356
90.60	-2.8355
90.60	-2.8356
90.60	-2.8355
90.60	-2.8355
90.60	-2.8355
90.60	-2.8356
90.60	-2.8357
90.60	-2.8357
90.60	-2.8358
90.60	-2.8358
90.60	-2.8357
90.60	-2.8358
90.60	-2.8358
90.60	-2.8358
90.60	-2.8358
90.60	-2.8358
90.60	-2.8358
90.60	-2.8358
90.61	-2.8359
90.60	-2.8359
90.60	-2.8359
90.61	-2.8359
90.61	-2.8360
90.60	-2.8360
90.60	-2.8361
90.60	-2.8360
90.61	-2.8360
90.61	-2.8360
90.60	-2.8361
90.60	-2.8361
90.61	-2.8362
90.61	-2.8362
90.61	-2.8363
90.60	-2.8363
90.60	-2.8364
90.60	-2.8364
90.60	-2.8365
90.60	-2.8365
90.61	-2.8365
90.61	-2.8367
90.60	-2.8366
90.60	-2.8366
90.60	-2.8368
90.60	-2.8367
90.61	-2.8367
90.61	-2.8367
90.60	-2.8368
90.60	-2.8370
90.61	-2.8370
90.61	-2.8370
90.61	-2.8371
90.61	-2.8370
90.60	-2.8370
90.60	-2.8370
90.60	-2.8370
90.60	-2.8370
90.60	-2.8371
90.60	-2.8370
90.61	-2.8370
90.61	-2.8371
90.60	-2.8372
90.61	-2.8372
90.61	-2.8374
90.61	-2.8376
90.60	-2.8375
90.60	-2.8376
90.60	-2.8376
90.60	-2.8376
90.61	-2.8377
90.61	-2.8375
90.61	-2.8375
90.60	-2.8376
90.60	-2.8377
90.60	-2.8377
90.60	-2.8378
90.60	-2.8378
90.60	-2.8378
90.60	-2.8378
90.60	-2.8378
90.60	-2.8378
90.60	-2.8378
90.60	-2.8378
90.60	-2.8378
90.60	-2.8378
90.60	-2.8379
90.60	-2.8379
90.60	-2.8380
90.60	-2.8381
90.60	-2.8381
90.60	-2.8382
90.61	-2.8382
90.60	-2.8382
90.60	-2.8381
90.60	-2.8381
90.60	-2.8380
90.60	-2.8379
90.60	-2.8379
90.60	-2.8379
90.60	-2.8379
90.60	-2.8381
90.61	-2.8382
90.60	-2.8381
90.60	-2.8383
90.61	-2.8383
90.60	-2.8384
90.60	-2.8385
90.60	-2.8384
90.60	-2.8385
90.60	-2.8386
90.60	-2.8386
90.60	-2.8385
90.60	-2.8387
90.60	-2.8388
90.60	-2.8389
90.60	-2.8391
90.60	-2.8390
90.60	-2.8390
90.61	-2.8391
90.60	-2.8391
90.60	-2.8392
90.60	-2.8394
90.60	-2.8393
90.60	-2.8394
90.60	-2.8394
90.60	-2.8393
90.61	-2.8393
90.61	-2.8394
90.60	-2.8396
90.60	-2.8395
90.60	-2.8396
90.60	-2.8396
90.60	-2.8396
90.60	-2.8395
90.60	-2.8393
90.60	-2.8394
90.60	-2.8396
90.60	-2.8396
90.61	-2.8396
90.61	-2.8396
90.60	-2.8394
90.60	-2.8394
90.61	-2.8394
90.61	-2.8396
90.61	-2.8396
90.60	-2.8394
90.60	-2.8396
90.60	-2.8396
90.60	-2.8397
90.60	-2.8398
90.61	-2.8398
90.61	-2.8400
90.60	-2.8399
90.60	-2.8400
90.60	-2.8400
90.60	-2.8400
90.60	-2.8400
90.60	-2.8399
90.60	-2.8400
90.61	-2.8398
90.60	-2.8398
90.60	-2.8399
90.60	-2.8400
90.60	-2.8400
90.60	-2.8399
90.61	-2.8400
90.61	-2.8400
90.61	-2.8400
90.61	-2.8401
90.60	-2.8403
90.60	-2.8403
90.60	-2.8404
90.60	-2.8404
90.60	-2.8405
90.61	-2.8405
90.61	-2.8405
90.61	-2.8405
90.61	-2.8405
90.61	-2.8407
90.61	-2.8407
90.61	-2.8408
90.61	-2.8407
90.61	-2.8407
90.61	-2.8407
90.60	-2.8407
90.61	-2.8409
90.61	-2.8409
90.60	-2.8408
90.60	-2.8409
90.61	-2.8408
90.60	-2.8410
90.60	-2.8410
90.61	-2.8410
90.61	-2.8411
90.61	-2.8410
90.61	-2.8410
90.61	-2.8411
90.60	-2.8411
90.61	-2.8409
90.61	-2.8410
90.61	-2.8409
90.61	-2.8410
90.60	-2.8410
90.60	-2.8410
90.60	-2.8410
90.60	-2.8410
90.60	-2.8410
90.61	-2.8410
90.60	-2.8411
90.60	-2.8410
90.60	-2.8410
90.60	-2.8411
90.61	-2.8410
90.61	-2.8412
90.61	-2.8411
90.61	-2.8411
90.61	-2.8412
90.61	-2.8413
90.61	-2.8413
90.60	-2.8413
90.61	-2.8414
90.61	-2.8414
90.61	-2.8414
90.60	-2.8416
90.60	-2.8416
90.60	-2.8418
90.60	-2.8418
90.60	-2.8419
90.61	-2.8419
90.61	-2.8418
90.61	-2.8419
90.61	-2.8418
90.60	-2.8419
90.60	-2.8420
90.60	-2.8420
90.61	-2.8419
90.61	-2.8420
90.60	-2.8420
90.60	-2.8421
90.60	-2.8420
90.60	-2.8420
90.61	-2.8422
90.61	-2.8421
90.61	-2.8422
90.61	-2.8423
90.61	-2.8422
90.61	-2.8422
90.61	-2.8423
90.61	-2.8422
90.60	-2.8423
90.60	-2.8423
90.61	-2.8423
90.61	-2.8423
90.61	-2.8423
90.61	-2.8423
90.60	-2.8423
90.60	-2.8423
90.61	-2.8424
90.61	-2.8425
90.60	-2.8426
90.60	-2.8426
90.60	-2.8425
90.61	-2.8426
90.61	-2.8425
90.60	-2.8426
90.60	-2.8425
90.60	-2.8425
90.60	-2.8426
90.61	-2.8426
90.60	-2.8425
90.60	-2.8426
90.60	-2.8426
90.61	-2.8425
90.61	-2.8425
90.61	-2.8426
90.61	-2.8425
90.61	-2.8427
90.61	-2.8427
90.61	-2.8428
90.61	-2.8428
90.61	-2.8429
90.61	-2.8429
90.61	-2.8430
90.61	-2.8431
90.61	-2.8431
90.61	-2.8431
90.61	-2.8432
90.61	-2.8431
90.61	-2.8431
90.61	-2.8433
90.61	-2.8433
90.61	-2.8434
90.61	-2.8435
90.61	-2.8436
90.61	-2.8436
90.61	-2.8436
90.61	-2.8437
90.61	-2.8437
90.61	-2.8437
90.61	-2.8438
90.61	-2.8440
90.61	-2.8440
90.61	-2.8438
90.60	-2.8437
90.61	-2.8438
90.61	-2.8437
90.61	-2.8438
90.61	-2.8440
90.61	-2.8440
90.61	-2.8440
90.61	-2.8442
90.61	-2.8442
90.61	-2.8442
90.61	-2.8441
90.61	-2.8442
90.61	-2.8441
90.61	-2.8442
90.61	-2.8442
90.61	-2.8441
90.61	-2.8442
90.61	-2.8443
90.60	-2.8443
90.60	-2.8442
90.60	-2.8443
90.60	-2.8444
90.60	-2.8444
90.61	-2.8444
90.61	-2.8443
90.61	-2.8444
90.60	-2.8445
90.61	-2.8445
90.61	-2.8445
90.61	-2.8445
90.61	-2.8445
90.61	-2.8444
90.61	-2.8444
90.61	-2.8444
90.61	-2.8444
90.61	-2.8445
90.61	-2.8445
90.61	-2.8445
90.61	-2.8445
90.61	-2.8446
90.61	-2.8446
90.61	-2.8447
90.60	-2.8447
90.61	-2.8448
90.61	-2.8449
90.61	-2.8450
90.61	-2.8450
90.61	-2.8450
90.60	-2.8451
90.60	-2.8451
90.61	-2.8451
90.61	-2.8451
90.61	-2.8451
90.61	-2.8452
90.61	-2.8452
90.61	-2.8453
90.61	-2.8452
90.61	-2.8453
90.61	-2.8453
90.60	-2.8452
90.60	-2.8454
90.61	-2.8454
90.61	-2.8454
90.61	-2.8454
90.60	-2.8454
90.60	-2.8453
90.60	-2.8455
90.61	-2.8456
90.61	-2.8456
90.60	-2.8457
90.60	-2.8457
90.61	-2.8457
90.61	-2.8456
90.61	-2.8457
90.61	-2.8458
90.61	-2.8458
90.61	-2.8458
90.61	-2.8457
90.61	-2.8457
90.61	-2.8456
90.61	-2.8456
90.61	-2.8457
90.61	-2.8457
90.61	-2.8457
90.61	-2.8457
90.61	-2.8458
90.61	-2.8459
90.61	-2.8460
90.61	-2.8460
90.61	-2.8460
90.61	-2.8461
90.61	-2.8461
90.61	-2.8461
90.61	-2.8462
90.61	-2.8463
90.61	-2.8463
90.61	-2.8463
90.61	-2.8463
90.61	-2.8463
90.61	-2.8464
90.61	-2.8463
90.61	-2.8463
90.61	-2.8463
90.61	-2.8463
90.61	-2.8464
90.61	-2.8464
90.61	-2.8462
90.61	-2.8463
90.61	-2.8465
90.61	-2.8465
90.61	-2.8466
90.61	-2.8466
90.61	-2.8466
90.61	-2.8466
90.61	-2.8466
90.61	-2.8468
90.61	-2.8468
90.61	-2.8469
90.61	-2.8470
90.61	-2.8469
90.61	-2.8469
90.61	-2.8468
90.61	-2.8469
90.61	-2.8469
90.61	-2.8469
90.61	-2.8469
90.61	-2.8471
90.61	-2.8471
90.61	-2.8471
90.61	-2.8470
90.61	-2.8470
90.61	-2.8470
90.61	-2.8470
90.61	-2.8470
90.61	-2.8470
90.61	-2.8470
90.61	-2.8472
90.61	-2.8473
90.61	-2.8472
90.61	-2.8473
90.61	-2.8472
90.61	-2.8473
90.61	-2.8473
90.61	-2.8475
90.61	-2.8475
90.61	-2.8474
90.61	-2.8474
90.61	-2.8475
90.61	-2.8474
90.61	-2.8474
90.61	-2.8474
90.61	-2.8474
90.61	-2.8476
90.61	-2.8477
90.61	-2.8477
90.61	-2.8477
90.61	-2.8478
90.61	-2.8479
90.61	-2.8480
90.61	-2.8480
90.61	-2.8479
90.61	-2.8479
90.61	-2.8479
90.61	-2.8478
90.61	-2.8478
90.61	-2.8479
90.61	-2.8478
90.61	-2.8478
90.61	-2.8478
90.61	-2.8479
90.61	-2.8478
90.60	-2.8480
90.61	-2.8480
90.61	-2.8481
90.61	-2.8481
90.62	-2.8481
90.61	-2.8482
90.61	-2.8482
90.61	-2.8482
90.61	-2.8482
90.61	-2.8482
90.61	-2.8482
90.61	-2.8481
90.61	-2.8481
90.61	-2.8481
90.61	-2.8482
90.61	-2.8481
90.61	-2.8482
90.60	-2.8481
90.60	-2.8484
90.61	-2.8482
90.61	-2.8482
90.61	-2.8484
90.61	-2.8484
90.61	-2.8484
90.61	-2.8485
90.61	-2.8486
90.61	-2.8487
90.61	-2.8487
90.61	-2.8488
90.61	-2.8488
90.61	-2.8488
90.61	-2.8489
90.61	-2.8489
90.61	-2.8490
90.61	-2.8488
90.60	-2.8488
90.61	-2.8489
90.61	-2.8488
90.60	-2.8489
90.61	-2.8489
90.61	-2.8489
90.61	-2.8490
90.61	-2.8490
90.61	-2.8492
90.61	-2.8492
90.61	-2.8492
90.61	-2.8493
90.61	-2.8495
90.61	-2.8496
90.61	-2.8496
90.61	-2.8497
90.61	-2.8498
90.61	-2.8498
90.61	-2.8499
90.61	-2.8496
90.61	-2.8496
90.61	-2.8496
90.61	-2.8496
90.61	-2.8496
90.60	-2.8497
90.61	-2.8496
90.61	-2.8496
90.61	-2.8495
90.61	-2.8496
90.61	-2.8496
90.61	-2.8496
90.61	-2.8497
90.61	-2.8497
90.61	-2.8498
90.61	-2.8498
90.61	-2.8497
90.61	-2.8498
90.61	-2.8498
90.61	-2.8498
90.61	-2.8497
90.61	-2.8498
90.61	-2.8499
90.61	-2.8499
90.61	-2.8499
90.61	-2.8500
90.61	-2.8501
90.61	-2.8501
90.62	-2.8501
90.61	-2.8502
90.61	-2.8502
90.61	-2.8502
90.61	-2.8502
90.61	-2.8502
90.61	-2.8503
90.61	-2.8505
90.61	-2.8505
90.61	-2.8506
90.61	-2.8507
90.61	-2.8508
90.61	-2.8508
90.61	-2.8508
90.61	-2.8508
90.61	-2.8508
90.61	-2.8507
90.61	-2.8507
90.61	-2.8508
90.61	-2.8509
90.61	-2.8510
90.62	-2.8509
90.61	-2.8509
90.61	-2.8508
90.61	-2.8508
90.61	-2.8508
90.61	-2.8509
90.61	-2.8509
90.61	-2.8511
90.61	-2.8510
90.61	-2.8511
90.61	-2.8511
90.61	-2.8510
90.61	-2.8509
90.61	-2.8509
90.61	-2.8509
90.61	-2.8509
90.61	-2.8510
90.61	-2.8511
90.61	-2.8511
90.61	-2.8510
90.61	-2.8511
90.62	-2.8510
90.62	-2.8511
90.62	-2.8510
90.61	-2.8510
90.61	-2.8511
90.60	-2.8511
90.61	-2.8512
90.61	-2.8513
90.61	-2.8515
90.61	-2.8515
90.61	-2.8517
90.61	-2.8517
90.61	-2.8516
90.61	-2.8516
90.61	-2.8516
90.61	-2.8516
90.61	-2.8516
90.61	-2.8514
90.61	-2.8514
90.61	-2.8514
90.61	-2.8515
90.61	-2.8516
90.61	-2.8516
90.61	-2.8515
90.61	-2.8516
90.61	-2.8515
90.61	-2.8517
90.61	-2.8515
90.61	-2.8515
90.61	-2.8516
90.61	-2.8516
90.61	-2.8516
90.61	-2.8517
90.61	-2.8518
90.61	-2.8517
90.61	-2.8519
90.62	-2.8519
90.61	-2.8519
90.61	-2.8522
90.61	-2.8521
90.61	-2.8521
90.61	-2.8520
90.62	-2.8520
90.61	-2.8520
90.61	-2.8519
90.61	-2.8521
90.61	-2.8520
90.61	-2.8521
90.61	-2.8521
90.61	-2.8522
90.61	-2.8521
90.61	-2.8523
90.62	-2.8523
90.62	-2.8523
90.61	-2.8523
90.61	-2.8524
90.61	-2.8525
90.61	-2.8525
90.62	-2.8527
90.61	-2.8525
90.62	-2.8527
90.62	-2.8529
90.62	-2.8529
90.62	-2.8529
90.61	-2.8529
90.61	-2.8531
90.62	-2.8530
90.61	-2.8533
90.61	-2.8532
90.61	-2.8533
90.61	-2.8533
90.61	-2.8535
90.61	-2.8534
90.62	-2.8533
90.62	-2.8534
90.61	-2.8533
90.61	-2.8534
90.61	-2.8533
90.61	-2.8534
90.61	-2.8533
90.61	-2.8531
90.61	-2.8531
90.61	-2.8531
90.61	-2.8532
90.62	-2.8530
90.62	-2.8530
90.62	-2.8530
90.62	-2.8532
90.62	-2.8530
90.61	-2.8531
90.61	-2.8530
90.61	-2.8530
90.61	-2.8531
90.62	-2.8532
90.61	-2.8534
90.61	-2.8534
90.61	-2.8534
90.61	-2.8534
90.61	-2.8533
90.61	-2.8537
90.61	-2.8536
90.61	-2.8537
90.61	-2.8539
90.61	-2.8538
90.61	-2.8539
90.61	-2.8539
90.62	-2.8540
90.62	-2.8540
90.62	-2.8541
90.62	-2.8542
90.61	-2.8543
90.62	-2.8541
90.62	-2.8542
90.61	-2.8543
90.61	-2.8542
90.61	-2.8543
90.61	-2.8544
90.61	-2.8543
90.62	-2.8543
90.61	-2.8542
90.62	-2.8542
90.62	-2.8542
90.62	-2.8542
90.62	-2.8540
90.62	-2.8541
90.62	-2.8542
90.61	-2.8541
90.61	-2.8542
90.62	-2.8542
90.61	-2.8544
90.62	-2.8543
90.61	-2.8545
90.61	-2.8546
90.61	-2.8545
90.61	-2.8546
90.61	-2.8547
90.61	-2.8548
90.61	-2.8546
90.61	-2.8548
90.61	-2.8548
90.61	-2.8549
90.61	-2.8546
90.61	-2.8548
90.61	-2.8548
90.61	-2.8548
90.61	-2.8547
90.62	-2.8549
90.62	-2.8550
90.61	-2.8549
90.61	-2.8547
90.61	-2.8547
90.62	-2.8548
90.61	-2.8547
90.61	-2.8545
90.62	-2.8545
90.62	-2.8545
90.62	-2.8546
90.61	-2.8545
90.61	-2.8544
90.62	-2.8546
90.62	-2.8546
90.62	-2.8547
90.61	-2.8548
90.61	-2.8548
90.61	-2.8550
90.62	-2.8550
90.61	-2.8552
90.61	-2.8549
90.61	-2.8550
90.61	-2.8549
90.61	-2.8548
90.61	-2.8543
90.61	-2.8540
90.61	-2.8538
90.61	-2.8530
90.61	-2.8522
90.61	-2.8517
90.61	-2.8505
90.61	-2.8498
90.61	-2.8490
90.61	-2.8479
90.61	-2.8472
90.61	-2.8464
90.61	-2.8454
90.61	-2.8448
90.61	-2.8440
90.61	-2.8438
90.61	-2.8429
90.61	-2.8429
90.61	-2.8422
90.61	-2.8423
90.61	-2.8423
90.61	-2.8424
90.61	-2.8430
90.61	-2.8433
90.61	-2.8440
90.61	-2.8447
90.61	-2.8455
90.60	-2.8465
90.60	-2.8478
90.60	-2.8490
90.60	-2.8503
90.61	-2.8522
90.60	-2.8538
90.60	-2.8556
90.60	-2.8574
90.60	-2.8595
90.60	-2.8615
90.60	-2.8637
90.60	-2.8657
90.60	-2.8681
90.60	-2.8703
90.59	-2.8726
90.59	-2.8751
90.59	-2.8776
90.59	-2.8798
90.59	-2.8820
90.59	-2.8848
90.59	-2.8868
90.59	-2.8891
90.58	-2.8912
90.58	-2.8938
90.58	-2.8957
90.58	-2.8980
90.58	-2.8998
90.58	-2.9018
90.58	-2.9037
90.58	-2.9052
90.57	-2.9074
90.57	-2.9089
90.57	-2.9102
90.57	-2.9117
90.56	-2.9129
90.56	-2.9143
90.56	-2.9156
90.55	-2.9165
90.55	-2.9175
90.55	-2.9183
90.55	-2.9191
90.55	-2.9199
90.55	-2.9203
90.55	-2.9208
90.54	-2.9211
90.54	-2.9212
90.54	-2.9215
90.54	-2.9213
90.54	-2.9213
90.54	-2.9213
90.53	-2.9212
90.53	-2.9209
90.53	-2.9203
90.52	-2.9199
90.52	-2.9192
90.52	-2.9184
90.52	-2.9179
90.51	-2.9171
90.51	-2.9163
90.51	-2.9153
90.50	-2.9146
90.50	-2.9135
90.50	-2.9122
90.50	-2.9113
90.50	-2.9100
90.50	-2.9089
90.49	-2.9077
90.49	-2.9063
90.49	-2.9050
90.49	-2.9037
90.49	-2.9024
90.48	-2.9007
90.48	-2.8997
90.48	-2.8982
90.48	-2.8965
90.47	-2.8954
90.48	-2.8939
90.47	-2.8922
90.47	-2.8907
90.47	-2.8891
90.47	-2.8878
90.46	-2.8866
90.46	-2.8848
90.45	-2.8835
90.45	-2.8820
90.45	-2.8808
90.45	-2.8794
90.44	-2.8781
90.44	-2.8768
90.44	-2.8756
90.44	-2.8741
90.44	-2.8730
90.43	-2.8717
90.43	-2.8707
90.42	-2.8695
90.42	-2.8682
90.42	-2.8672
90.42	-2.8662
90.42	-2.8653
90.42	-2.8643
90.41	-2.8634
90.41	-2.8626
90.41	-2.8617
90.41	-2.8609
90.40	-2.8602
90.40	-2.8594
90.40	-2.8588
90.40	-2.8585
90.39	-2.8578
90.39	-2.8574
90.39	-2.8570
90.39	-2.8566
90.39	-2.8561
90.38	-2.8558
90.38	-2.8557
90.38	-2.8554
90.38	-2.8551
90.38	-2.8551
90.37	-2.8551
90.37	-2.8550
90.37	-2.8547
90.36	-2.8551
90.36	-2.8553
90.36	-2.8552
90.35	-2.8553
90.35	-2.8558
90.35	-2.8557
90.35	-2.8562
90.34	-2.8564
90.34	-2.8569
90.34	-2.8573
90.34	-2.8578
90.34	-2.8582
90.33	-2.8588
90.33	-2.8593
90.33	-2.8601
90.33	-2.8606
90.32	-2.8614
90.32	-2.8621
90.32	-2.8628
90.32	-2.8636
90.31	-2.8645
90.31	-2.8652
90.31	-2.8662
90.31	-2.8671
90.30	-2.8680
90.30	-2.8690
90.30	-2.8700
90.30	-2.8710
90.30	-2.8720
90.30	-2.8734
90.29	-2.8744
90.29	-2.8754
90.29	-2.8766
90.28	-2.8778
90.28	-2.8792
90.28	-2.8803
90.28	-2.8813
90.28	-2.8827
90.27	-2.8840
90.27	-2.8854
90.26	-2.8866
90.26	-2.8881
90.26	-2.8894
90.26	-2.8909
90.25	-2.8924
90.25	-2.8938
90.25	-2.8951
90.25	-2.8966
90.25	-2.8981
90.25	-2.8994
90.25	-2.9009
90.25	-2.9022
90.25	-2.9038
90.24	-2.9052
90.24	-2.9065
90.23	-2.9083
90.23	-2.9096
90.23	-2.9114
90.23	-2.9127
90.22	-2.9142
90.22	-2.9159
90.22	-2.9172
90.22	-2.9192
90.21	-2.9205
90.21	-2.9220
90.21	-2.9233
90.21	-2.9250
90.20	-2.9267
90.20	-2.9283
90.20	-2.9294
90.20	-2.9311
90.20	-2.9327
90.19	-2.9343
90.19	-2.9357
90.19	-2.9374
90.19	-2.9390
90.19	-2.9401
90.18	-2.9419
90.18	-2.9434
90.18	-2.9451
90.17	-2.9464
90.17	-2.9480
90.17	-2.9496
90.16	-2.9510
90.16	-2.9526
90.16	-2.9543
90.15	-2.9556
90.15	-2.9572
90.15	-2.9587
90.14	-2.9602
90.14	-2.9617
90.14	-2.9630
90.14	-2.9649
90.14	-2.9661
90.13	-2.9674
90.13	-2.9692
90.13	-2.9707
90.13	-2.9718
90.13	-2.9736
90.13	-2.9749
90.12	-2.9763
90.12	-2.9778
90.12	-2.9792
90.12	-2.9805
90.11	-2.9821
90.11	-2.9833
90.10	-2.9848
90.10	-2.9862
90.10	-2.9873
90.09	-2.9887
90.09	-2.9901
90.09	-2.9914
90.09	-2.9928
90.09	-2.9942
90.09	-2.9954
90.08	-2.9968
90.08	-2.9980
90.08	-2.9995
90.08	-3.0006
90.08	-3.0018
90.08	-3.0032
90.08	-3.0045
90.07	-3.0055
90.07	-3.0068
90.07	-3.0080
90.06	-3.0093
90.06	-3.0105
90.06	-3.0117
90.05	-3.0130
90.05	-3.0142
90.05	-3.0153
90.05	-3.0163
90.04	-3.0175
90.04	-3.0188
90.04	-3.0197
90.04	-3.0209
90.03	-3.0219
90.03	-3.0229
90.03	-3.0241
90.03	-3.0251
90.03	-3.0261
90.02	-3.0273
90.02	-3.0282
90.01	-3.0292
90.01	-3.0302
90.01	-3.0314
90.01	-3.0322
90.00	-3.0331
90.00	-3.0342
90.00	-3.0353
90.00	-3.0360
90.00	-3.0370
90.00	-3.0379
90.00	-3.0391
89.99	-3.0398
89.99	-3.0409
89.98	-3.0417
89.98	-3.0425
89.98	-3.0433
89.98	-3.0443
89.97	-3.0453
89.97	-3.0458
89.97	-3.0467
89.96	-3.0476
89.96	-3.0486
89.95	-3.0494
89.95	-3.0503
89.95	-3.0512
89.95	-3.0520
89.95	-3.0526
89.95	-3.0536
89.95	-3.0542
89.95	-3.0550
89.94	-3.0556
89.94	-3.0565
89.93	-3.0571
89.93	-3.0579
89.93	-3.0584
89.92	-3.0593
89.92	-3.0599
89.92	-3.0604
89.92	-3.0614
89.92	-3.0621
89.91	-3.0629
89.91	-3.0632
89.90	-3.0640
89.90	-3.0645
89.90	-3.0650
89.90	-3.0658
89.90	-3.0666
89.90	-3.0673
89.89	-3.0677
89.89	-3.0684
89.89	-3.0690
89.89	-3.0696
89.89	-3.0701
89.88	-3.0707
89.88	-3.0713
89.88	-3.0720
89.88	-3.0725
89.87	-3.0730
89.87	-3.0735
89.86	-3.0742
89.86	-3.0747
89.86	-3.0751
89.86	-3.0758
89.86	-3.0763
89.85	-3.0768
89.85	-3.0772
89.85	-3.0777
89.85	-3.0782
89.84	-3.0789
89.84	-3.0793
89.84	-3.0798
89.84	-3.0801
89.84	-3.0807
89.84	-3.0809
89.83	-3.0817
89.83	-3.0820
89.83	-3.0825
89.82	-3.0831
89.82	-3.0833
89.82	-3.0838
89.82	-3.0842
89.81	-3.0846
89.81	-3.0848
89.81	-3.0856
89.81	-3.0859
89.81	-3.0863
89.80	-3.0868
89.80	-3.0870
89.80	-3.0876
89.79	-3.0878
89.79	-3.0881
89.78	-3.0884
89.78	-3.0887
89.78	-3.0892
89.78	-3.0897
89.78	-3.0899
89.78	-3.0903
89.77	-3.0905
89.77	-3.0909
89.77	-3.0913
89.76	-3.0915
89.76	-3.0919
89.76	-3.0922
89.75	-3.0926
89.75	-3.0930
89.75	-3.0932
89.75	-3.0936
89.75	-3.0939
89.74	-3.0940
89.74	-3.0945
89.73	-3.0947
89.73	-3.0950
89.73	-3.0953
89.73	-3.0956
89.72	-3.0957
89.72	-3.0962
89.72	-3.0965
89.72	-3.0968
89.72	-3.0969
89.72	-3.0972
89.71	-3.0974
89.71	-3.0976
89.71	-3.0979
89.71	-3.0982
89.71	-3.0985
89.70	-3.0986
89.70	-3.0986
89.70	-3.0994
89.70	-3.0994
89.70	-3.0995
89.69	-3.0998
89.69	-3.1003
89.68	-3.1002
89.68	-3.1004
89.68	-3.1005
89.68	-3.1008
89.68	-3.1009
89.67	-3.1013
89.67	-3.1015
89.67	-3.1016
89.67	-3.1017
89.67	-3.1020
89.66	-3.1021
89.66	-3.1025
89.66	-3.1024
89.66	-3.1027
89.65	-3.1029
89.65	-3.1029
89.65	-3.1031
89.64	-3.1032
89.64	-3.1034
89.64	-3.1035
89.63	-3.1039
89.63	-3.1039
89.63	-3.1041
89.63	-3.1042
89.63	-3.1047
89.63	-3.1046
89.62	-3.1049
89.62	-3.1050
89.61	-3.1053
89.61	-3.1052
89.61	-3.1055
89.60	-3.1055
89.60	-3.1057
89.60	-3.1061
89.60	-3.1062
89.60	-3.1064
89.60	-3.1064
89.59	-3.1066
89.59	-3.1066
89.59	-3.1069
89.59	-3.1071
89.59	-3.1072
89.58	-3.1072
89.58	-3.1075
89.58	-3.1076
89.57	-3.1077
89.57	-3.1079
89.57	-3.1079
89.57	-3.1083
89.56	-3.1084
89.56	-3.1086
89.56	-3.1087
89.55	-3.1088
89.55	-3.1088
89.55	-3.1089
89.55	-3.1091
89.54	-3.1092
89.54	-3.1092
89.54	-3.1092
89.54	-3.1095
89.53	-3.1096
89.53	-3.1099
89.53	-3.1099
89.53	-3.1101
89.53	-3.1101
89.52	-3.1102
89.52	-3.1101
89.52	-3.1103
89.51	-3.1104
89.51	-3.1106
89.51	-3.1107
89.51	-3.1108
89.50	-3.1108
89.50	-3.1110
89.50	-3.1110
89.50	-3.1112
89.50	-3.1114
89.49	-3.1114
89.49	-3.1115
89.49	-3.1116
89.48	-3.1116
89.48	-3.1117
89.48	-3.1118
89.48	-3.1119
89.48	-3.1119
89.48	-3.1120
89.47	-3.1122
89.47	-3.1123
89.47	-3.1124
89.46	-3.1126
89.46	-3.1125
89.45	-3.1125
89.45	-3.1127
89.45	-3.1126
89.45	-3.1126
89.45	-3.1128
89.44	-3.1128
89.44	-3.1127
89.44	-3.1128
89.44	-3.1129
89.44	-3.1130
89.43	-3.1131
89.43	-3.1132
89.43	-3.1132
89.43	-3.1133
89.42	-3.1133
89.42	-3.1133
89.42	-3.1134
89.42	-3.1136
89.41	-3.1136
89.41	-3.1137
89.41	-3.1139
89.40	-3.1137
89.40	-3.1140
89.40	-3.1137
89.39	-3.1139
89.39	-3.1139
89.39	-3.1139
89.39	-3.1139
89.38	-3.1140
89.38	-3.1139
89.38	-3.1139
89.38	-3.1140
89.38	-3.1140
89.38	-3.1143
89.38	-3.1139
89.37	-3.1140
89.37	-3.1142
89.37	-3.1142
89.36	-3.1143
89.36	-3.1142
89.36	-3.1142
89.36	-3.1143
89.35	-3.1142
89.35	-3.1145
89.34	-3.1144
89.34	-3.1143
89.34	-3.1145
89.34	-3.1144
89.34	-3.1144
89.33	-3.1146
89.33	-3.1144
89.33	-3.1146
89.33	-3.1145
89.33	-3.1145
89.33	-3.1146
89.32	-3.1147
89.32	-3.1144
89.32	-3.1148
89.32	-3.1148
89.32	-3.1149
89.31	-3.1149
89.31	-3.1151
89.31	-3.1149
89.30	-3.1152
89.30	-3.1150
89.30	-3.1153
89.30	-3.1150
89.30	-3.1152
89.30	-3.1151
89.30	-3.1152
89.29	-3.1151
89.29	-3.1152
89.28	-3.1153
89.28	-3.1152
89.28	-3.1152
89.28	-3.1156
89.27	-3.1155
89.27	-3.1153
89.27	-3.1155
89.27	-3.1154
89.27	-3.1154
89.26	-3.1154
89.26	-3.1155
89.25	-3.1153
89.25	-3.1153
89.25	-3.1154
89.25	-3.1154
89.25	-3.1153
89.24	-3.1152
89.24	-3.1156
89.24	-3.1154
89.24	-3.1152
89.23	-3.1153
89.23	-3.1153
89.23	-3.1154
89.22	-3.1153
89.22	-3.1155
89.22	-3.1153
89.21	-3.1155
89.21	-3.1154
89.21	-3.1156
89.21	-3.1157
89.21	-3.1155
89.20	-3.1155
89.20	-3.1156
89.20	-3.1157
89.20	-3.1158
89.20	-3.1154
89.20	-3.1159
89.19	-3.1157
89.19	-3.1158
89.19	-3.1156
89.18	-3.1159
89.18	-3.1156
89.18	-3.1158
89.18	-3.1157
89.18	-3.1160
89.17	-3.1157
89.17	-3.1159
89.17	-3.1157
89.16	-3.1156
89.16	-3.1158
89.16	-3.1158
89.15	-3.1155
89.15	-3.1157
89.15	-3.1158
89.15	-3.1155
89.14	-3.1159
89.14	-3.1157
89.14	-3.1156
89.14	-3.1156
89.14	-3.1159
89.13	-3.1159
89.13	-3.1158
89.13	-3.1159
89.13	-3.1157
89.12	-3.1158
89.12	-3.1159
89.12	-3.1158
89.11	-3.1159
89.11	-3.1160
89.11	-3.1158
89.11	-3.1160
89.10	-3.1159
89.10	-3.1159
89.10	-3.1159
89.09	-3.1159
89.09	-3.1160
89.09	-3.1158
89.09	-3.1160
89.09	-3.1159
89.09	-3.1159
89.09	-3.1161
89.08	-3.1159
89.08	-3.1159
89.08	-3.1160
89.08	-3.1158
89.07	-3.1157
89.07	-3.1158
89.07	-3.1159
89.06	-3.1158
89.06	-3.1157
89.05	-3.1157
89.05	-3.1158
89.05	-3.1155
89.05	-3.1156
89.05	-3.1154
89.05	-3.1156
89.04	-3.1153
89.04	-3.1154
89.04	-3.1152
89.03	-3.1152
89.03	-3.1151
89.03	-3.1151
89.03	-3.1152
89.03	-3.1153
89.03	-3.1151
89.02	-3.1150
89.02	-3.1148
89.02	-3.1151
89.02	-3.1149
89.01	-3.1149
89.01	-3.1152
89.01	-3.1149
89.00	-3.1152
89.00	-3.1147
89.00	-3.1149
89.00	-3.1147
89.00	-3.1149
88.99	-3.1148
88.99	-3.1148
88.99	-3.1148
88.98	-3.1149
88.98	-3.1146
88.98	-3.1149
88.98	-3.1146
88.98	-3.1147
88.97	-3.1147
88.97	-3.1147
88.97	-3.1148
88.97	-3.1148
88.96	-3.1147
88.96	-3.1149
88.95	-3.1145
88.95	-3.1149
88.95	-3.1149
88.95	-3.1150
88.95	-3.1150
88.94	-3.1148
88.94	-3.1152
88.94	-3.1150
88.94	-3.1150
88.94	-3.1149
88.93	-3.1150
88.93	-3.1150
88.93	-3.1149
88.92	-3.1151
88.92	-3.1149
88.92	-3.1148
88.92	-3.1151
88.91	-3.1150
88.91	-3.1150
88.91	-3.1149
88.90	-3.1150
88.90	-3.1148
88.89	-3.1150
88.89	-3.1149
88.89	-3.1150
88.89	-3.1151
88.89	-3.1150
88.89	-3.1150
88.89	-3.1151
88.89	-3.1147
88.89	-3.1149
88.88	-3.1149
88.88	-3.1150
88.88	-3.1151
88.87	-3.1153
88.87	-3.1150
88.87	-3.1151
88.86	-3.1151
88.86	-3.1151
88.86	-3.1150
88.86	-3.1153
88.85	-3.1151
88.85	-3.1152
88.84	-3.1152
88.84	-3.1151
88.84	-3.1153
88.84	-3.1152
88.84	-3.1150
88.84	-3.1152
88.83	-3.1153
88.83	-3.1153
88.83	-3.1153
88.83	-3.1153
88.83	-3.1153
88.83	-3.1154
88.82	-3.1151
88.82	-3.1152
88.82	-3.1150
88.81	-3.1151
88.81	-3.1152
88.80	-3.1153
88.80	-3.1151
88.80	-3.1152
88.80	-3.1153
88.80	-3.1151
88.80	-3.1151
88.79	-3.1152
88.79	-3.1153
88.79	-3.1152
88.78	-3.1153
88.78	-3.1152
88.78	-3.1153
88.78	-3.1151
88.78	-3.1150
88.77	-3.1150
88.77	-3.1151
88.77	-3.1155
88.77	-3.1150
88.76	-3.1150
88.76	-3.1150
88.76	-3.1149
88.75	-3.1151
88.75	-3.1151
88.75	-3.1151
88.75	-3.1151
88.75	-3.1151
88.75	-3.1151
88.75	-3.1150
88.74	-3.1153
88.73	-3.1149
88.73	-3.1148
88.73	-3.1149
88.73	-3.1148
88.73	-3.1150
88.73	-3.1150
88.72	-3.1149
88.72	-3.1148
88.71	-3.1148
88.71	-3.1147
88.71	-3.1147
88.71	-3.1146
88.71	-3.1146
88.71	-3.1147
88.70	-3.1146
88.70	-3.1148
88.70	-3.1147
88.69	-3.1147
88.69	-3.1146
88.68	-3.1144
88.68	-3.1145
88.68	-3.1147
88.68	-3.1145
88.68	-3.1145
88.68	-3.1143
88.67	-3.1143
88.67	-3.1144
88.67	-3.1142
88.67	-3.1145
88.67	-3.1142
88.66	-3.1144
88.66	-3.1142
88.65	-3.1141
88.65	-3.1140
88.65	-3.1139
88.65	-3.1141
88.64	-3.1140
88.64	-3.1138
88.64	-3.1139
88.64	-3.1138
88.63	-3.1138
88.63	-3.1139
88.63	-3.1139
88.63	-3.1138
88.63	-3.1138
88.62	-3.1136
88.62	-3.1138
88.62	-3.1139
88.62	-3.1135
88.62	-3.1134
88.61	-3.1133
88.61	-3.1134
88.61	-3.1134
88.61	-3.1135
88.60	-3.1135
88.60	-3.1132
88.59	-3.1133
88.59	-3.1134
88.59	-3.1134
88.59	-3.1136
88.59	-3.1133
88.59	-3.1133
88.58	-3.1133
88.58	-3.1133
88.58	-3.1135
88.57	-3.1133
88.57	-3.1133
88.57	-3.1133
88.57	-3.1133
88.57	-3.1133
88.56	-3.1131
88.55	-3.1132
88.55	-3.1131
88.55	-3.1130
88.55	-3.1131
88.55	-3.1130
88.54	-3.1131
88.54	-3.1131
88.54	-3.1129
88.54	-3.1129
88.53	-3.1128
88.53	-3.1129
88.53	-3.1128
88.53	-3.1129
88.53	-3.1130
88.52	-3.1129
88.52	-3.1127
88.52	-3.1126
88.51	-3.1127
88.51	-3.1125
88.51	-3.1127
88.51	-3.1126
88.51	-3.1126
88.50	-3.1125
88.50	-3.1124
88.50	-3.1125
88.50	-3.1123
88.50	-3.1123
88.49	-3.1126
88.49	-3.1124
88.49	-3.1123
88.49	-3.1123
88.48	-3.1121
88.48	-3.1124
88.48	-3.1121
88.48	-3.1122
88.47	-3.1121
88.47	-3.1121
88.47	-3.1121
88.47	-3.1122
88.46	-3.1122
88.45	-3.1123
88.45	-3.1120
88.45	-3.1120
88.45	-3.1120
88.45	-3.1122
88.45	-3.1119
88.45	-3.1120
88.44	-3.1118
88.44	-3.1120
88.44	-3.1120
88.44	-3.1120
88.43	-3.1118
88.43	-3.1117
88.43	-3.1118
88.43	-3.1118
88.42	-3.1118
88.42	-3.1117
88.42	-3.1117
88.41	-3.1115
88.41	-3.1116
88.41	-3.1115
88.41	-3.1115
88.41	-3.1113
88.41	-3.1114
88.41	-3.1113
88.40	-3.1114
88.40	-3.1114
88.40	-3.1114
88.39	-3.1114
88.39	-3.1114
88.39	-3.1115
88.39	-3.1114
88.38	-3.1112
88.38	-3.1112
88.38	-3.1112
88.38	-3.1112
88.38	-3.1113
88.38	-3.1113
88.37	-3.1112
88.37	-3.1112
88.37	-3.1111
88.37	-3.1112
88.36	-3.1111
88.36	-3.1112
88.35	-3.1110
88.35	-3.1111
88.34	-3.1110
88.34	-3.1110
88.34	-3.1113
88.34	-3.1111
88.34	-3.1110
88.34	-3.1113
88.34	-3.1110
88.34	-3.1114
88.33	-3.1114
88.33	-3.1114
88.33	-3.1113
88.33	-3.1114
88.32	-3.1114
88.32	-3.1111
88.32	-3.1111
88.32	-3.1111
88.31	-3.1113
88.31	-3.1112
88.30	-3.1112
88.30	-3.1111
88.30	-3.1113
88.30	-3.1112
88.29	-3.1111
88.29	-3.1114
88.28	-3.1113
88.28	-3.1111
88.28	-3.1113
88.28	-3.1112
88.28	-3.1112
88.27	-3.1110
88.27	-3.1110
88.27	-3.1112
88.27	-3.1108
88.26	-3.1110
88.26	-3.1110
88.26	-3.1111
88.26	-3.1111
88.26	-3.1110
88.25	-3.1108
88.25	-3.1111
88.25	-3.1110
88.25	-3.1109
88.25	-3.1109
88.24	-3.1111
88.24	-3.1108
88.24	-3.1110
88.23	-3.1108
88.23	-3.1108
88.23	-3.1109
88.23	-3.1111
88.23	-3.1111
88.22	-3.1110
88.22	-3.1110
88.22	-3.1110
88.22	-3.1112
88.21	-3.1109
88.21	-3.1110
88.21	-3.1111
88.21	-3.1112
88.20	-3.1111
88.20	-3.1110
88.20	-3.1111
88.20	-3.1114
88.19	-3.1111
88.19	-3.1112
88.19	-3.1112
88.18	-3.1110
88.18	-3.1113
88.18	-3.1110
88.18	-3.1112
88.17	-3.1110
88.17	-3.1110
88.17	-3.1111
88.16	-3.1110
88.16	-3.1110
88.16	-3.1111
88.15	-3.1111
88.15	-3.1111
88.15	-3.1111
88.14	-3.1113
88.14	-3.1109
88.14	-3.1110
88.14	-3.1111
88.14	-3.1111
88.13	-3.1110
88.13	-3.1111
88.13	-3.1109
88.13	-3.1110
88.13	-3.1107
88.13	-3.1107
88.13	-3.1108
88.12	-3.1106
88.12	-3.1109
88.12	-3.1108
88.12	-3.1108
88.11	-3.1106
88.11	-3.1106
88.11	-3.1107
88.10	-3.1107
88.10	-3.1107
88.09	-3.1108
88.09	-3.1107
88.09	-3.1106
88.09	-3.1106
88.09	-3.1105
88.09	-3.1106
88.08	-3.1107
88.08	-3.1104
88.08	-3.1105
88.08	-3.1106
88.08	-3.1104
88.07	-3.1103
88.07	-3.1105
88.07	-3.1103
88.07	-3.1103
88.06	-3.1104
88.05	-3.1103
88.05	-3.1103
88.05	-3.1104
88.05	-3.1101
88.05	-3.1104
88.05	-3.1104
88.05	-3.1104
88.04	-3.1102
88.04	-3.1103
88.04	-3.1105
88.03	-3.1103
88.03	-3.1101
88.03	-3.1102
88.03	-3.1102
88.03	-3.1102
88.03	-3.1102
88.02	-3.1102
88.02	-3.1102
88.02	-3.1101
88.01	-3.1101
88.01	-3.1100
88.01	-3.1101
88.00	-3.1104
88.00	-3.1102
88.00	-3.1103
88.00	-3.1100
87.99	-3.1101
87.99	-3.1102
87.98	-3.1102
87.98	-3.1102
87.98	-3.1102
87.98	-3.1102
87.98	-3.1101
87.98	-3.1102
87.97	-3.1103
87.97	-3.1102
87.97	-3.1103
87.96	-3.1100
87.96	-3.1100
87.96	-3.1101
87.96	-3.1100
87.96	-3.1102
87.95	-3.1100
87.95	-3.1101
87.95	-3.1099
87.95	-3.1098
87.94	-3.1101
87.94	-3.1100
87.94	-3.1099
87.94	-3.1100
87.94	-3.1098
87.93	-3.1100
87.93	-3.1097
87.92	-3.1099
87.92	-3.1097
87.92	-3.1097
87.92	-3.1097
87.92	-3.1099
87.92	-3.1098
87.91	-3.1098
87.91	-3.1098
87.91	-3.1100
87.90	-3.1098
87.90	-3.1099
87.90	-3.1101
87.89	-3.1099
87.89	-3.1100
87.89	-3.1100
87.89	-3.1098
87.89	-3.1098
87.88	-3.1100
87.88	-3.1099
87.88	-3.1097
87.87	-3.1098
87.87	-3.1099
87.87	-3.1098
87.87	-3.1099
87.86	-3.1098
87.86	-3.1097
87.86	-3.1100
87.86	-3.1096
87.85	-3.1096
87.85	-3.1097
87.84	-3.1095
87.84	-3.1097
87.84	-3.1097
87.84	-3.1094
87.84	-3.1094
87.84	-3.1096
87.84	-3.1096
87.84	-3.1092
87.83	-3.1094
87.83	-3.1094
87.83	-3.1093
87.83	-3.1094
87.83	-3.1095
87.82	-3.1094
87.82	-3.1094
87.82	-3.1095
87.81	-3.1095
87.81	-3.1091
87.81	-3.1091
87.80	-3.1092
87.80	-3.1092
87.80	-3.1092
87.80	-3.1093
87.80	-3.1092
87.80	-3.1093
87.79	-3.1091
87.79	-3.1097
87.78	-3.1091
87.78	-3.1093
87.78	-3.1092
87.78	-3.1093
87.78	-3.1092
87.77	-3.1095
87.77	-3.1095
87.76	-3.1093
87.76	-3.1091
87.76	-3.1093
87.75	-3.1090
87.75	-3.1093
87.75	-3.1092
87.75	-3.1093
87.75	-3.1092
87.75	-3.1093
87.75	-3.1090
87.75	-3.1093
87.74	-3.1094
87.74	-3.1092
87.74	-3.1090
87.73	-3.1091
87.73	-3.1092
87.73	-3.1091
87.73	-3.1092
87.73	-3.1092
87.72	-3.1091
87.72	-3.1091
87.71	-3.1092
87.71	-3.1092
87.71	-3.1091
87.71	-3.1092
87.71	-3.1090
87.70	-3.1090
87.70	-3.1090
87.70	-3.1091
87.69	-3.1089
87.69	-3.1091
87.69	-3.1089
87.69	-3.1093
87.68	-3.1090
87.68	-3.1089
87.68	-3.1091
87.67	-3.1091
87.67	-3.1091
87.67	-3.1091
87.67	-3.1090
87.67	-3.1090
87.66	-3.1089
87.66	-3.1088
87.66	-3.1089
87.66	-3.1090
87.65	-3.1090
87.65	-3.1091
87.65	-3.1091
87.64	-3.1088
87.64	-3.1091
87.64	-3.1090
87.64	-3.1088
87.64	-3.1089
87.63	-3.1087
87.63	-3.1090
87.63	-3.1087
87.63	-3.1087
87.62	-3.1089
87.62	-3.1088
87.62	-3.1087
87.61	-3.1085
87.61	-3.1088
87.61	-3.1086
87.60	-3.1086
87.60	-3.1087
87.60	-3.1085
87.60	-3.1085
87.60	-3.1086
87.60	-3.1084
87.60	-3.1084
87.59	-3.1084
87.59	-3.1085
87.59	-3.1082
87.59	-3.1083
87.58	-3.1084
87.58	-3.1082
87.58	-3.1083
87.58	-3.1084
87.57	-3.1083
87.57	-3.1082
87.57	-3.1083
87.57	-3.1084
87.56	-3.1082
87.56	-3.1082
87.56	-3.1083
87.56	-3.1084
87.55	-3.1084
87.55	-3.1082
87.55	-3.1084
87.55	-3.1084
87.55	-3.1084
87.55	-3.1084
87.55	-3.1086
87.54	-3.1084
87.54	-3.1084
87.54	-3.1084
87.54	-3.1084
87.53	-3.1083
87.53	-3.1083
87.53	-3.1082
87.53	-3.1082
87.52	-3.1081
87.52	-3.1081
87.51	-3.1082
87.51	-3.1079
87.51	-3.1081
87.50	-3.1078
87.50	-3.1079
87.50	-3.1079
87.50	-3.1079
87.50	-3.1077
87.50	-3.1079
87.49	-3.1077
87.49	-3.1075
87.49	-3.1077
87.48	-3.1076
87.48	-3.1076
87.48	-3.1076
87.48	-3.1075
87.47	-3.1075
87.47	-3.1074
87.47	-3.1074
87.47	-3.1073
87.46	-3.1071
87.45	-3.1072
87.45	-3.1074
87.45	-3.1074
87.45	-3.1072
87.45	-3.1074
87.45	-3.1072
87.44	-3.1073
87.44	-3.1074
87.44	-3.1075
87.44	-3.1073
87.43	-3.1074
87.43	-3.1072
87.43	-3.1073
87.43	-3.1074
87.42	-3.1073
87.42	-3.1074
87.42	-3.1074
87.42	-3.1072
87.42	-3.1075
87.42	-3.1074
87.41	-3.1074
87.41	-3.1072
87.41	-3.1074
87.40	-3.1072
87.40	-3.1071
87.40	-3.1073
87.39	-3.1076
87.39	-3.1074
87.39	-3.1073
87.38	-3.1073
87.38	-3.1071
87.38	-3.1074
87.38	-3.1073
87.38	-3.1072
87.38	-3.1071
87.37	-3.1074
87.37	-3.1073
87.37	-3.1073
87.37	-3.1072
87.37	-3.1071
87.36	-3.1072
87.36	-3.1070
87.36	-3.1070
87.35	-3.1070
87.35	-3.1070
87.35	-3.1069
87.34	-3.1069
87.34	-3.1070
87.34	-3.1070
87.34	-3.1068
87.34	-3.1070
87.33	-3.1068
87.33	-3.1069
87.33	-3.1068
87.33	-3.1069
87.33	-3.1068
87.33	-3.1070
87.33	-3.1069
87.32	-3.1069
87.31	-3.1069
87.31	-3.1067
87.30	-3.1067
87.30	-3.1067
87.30	-3.1067
87.30	-3.1067
87.30	-3.1067
87.30	-3.1065
87.30	-3.1066
87.29	-3.1063
87.29	-3.1065
87.29	-3.1063
87.29	-3.1065
87.28	-3.1065
87.28	-3.1064
87.28	-3.1063
87.28	-3.1065
87.27	-3.1064
87.27	-3.1064
87.27	-3.1062
87.27	-3.1065
87.26	-3.1064
87.26	-3.1063
87.26	-3.1062
87.26	-3.1063
87.25	-3.1064
87.25	-3.1064
87.25	-3.1063
87.25	-3.1061
87.24	-3.1061
87.24	-3.1062
87.23	-3.1061
87.23	-3.1059
87.23	-3.1065
87.23	-3.1063
87.22	-3.1063
87.22	-3.1064
87.22	-3.1061
87.22	-3.1064
87.22	-3.1067
87.22	-3.1066
87.21	-3.1063
87.21	-3.1064
87.21	-3.1062
87.20	-3.1065
87.20	-3.1062
87.20	-3.1061
87.20	-3.1063
87.20	-3.1061
87.19	-3.1062
87.19	-3.1063
87.18	-3.1061
87.18	-3.1062
87.18	-3.1062
87.18	-3.1062
87.17	-3.1062
87.17	-3.1063
87.17	-3.1063
87.17	-3.1062
87.16	-3.1062
87.16	-3.1062
87.16	-3.1061
87.16	-3.1061
87.15	-3.1059
87.15	-3.1062
87.15	-3.1060
87.15	-3.1061
87.14	-3.1062
87.14	-3.1061
87.14	-3.1059
87.14	-3.1060
87.14	-3.1058
87.13	-3.1061
87.13	-3.1059
87.13	-3.1060
87.13	-3.1059
87.13	-3.1057
87.12	-3.1058
87.12	-3.1057
87.11	-3.1058
87.11	-3.1058
87.11	-3.1058
87.11	-3.1057
87.10	-3.1058
87.10	-3.1057
87.10	-3.1060
87.10	-3.1058
87.09	-3.1058
87.09	-3.1057
87.09	-3.1059
87.09	-3.1058
87.09	-3.1056
87.08	-3.1058
87.08	-3.1058
87.08	-3.1056
87.08	-3.1056
87.07	-3.1056
87.07	-3.1055
87.07	-3.1056
87.06	-3.1055
87.06	-3.1057
87.06	-3.1056
87.06	-3.1056
87.06	-3.1057
87.05	-3.1057
87.05	-3.1055
87.05	-3.1056
87.05	-3.1054
87.04	-3.1054
87.04	-3.1056
87.04	-3.1054
87.03	-3.1055
87.03	-3.1055
87.03	-3.1055
87.03	-3.1055
87.03	-3.1055
87.03	-3.1056
87.03	-3.1058
87.02	-3.1055
87.02	-3.1054
87.02	-3.1054
87.01	-3.1054
87.01	-3.1054
87.01	-3.1056
87.01	-3.1056
87.00	-3.1055
87.00	-3.1055
87.00	-3.1054
87.00	-3.1055
87.00	-3.1054
86.99	-3.1054
86.98	-3.1054
86.98	-3.1053
86.98	-3.1052
86.98	-3.1052
86.98	-3.1054
86.97	-3.1052
86.97	-3.1052
86.97	-3.1052
86.97	-3.1054
86.96	-3.1054
86.96	-3.1052
86.96	-3.1051
86.95	-3.1053
86.95	-3.1054
86.95	-3.1054
86.95	-3.1052
86.95	-3.1049
86.95	-3.1050
86.94	-3.1051
86.94	-3.1051
86.93	-3.1048
86.93	-3.1051
86.93	-3.1050
86.93	-3.1048
86.93	-3.1050
86.92	-3.1049
86.92	-3.1049
86.92	-3.1052
86.92	-3.1049
86.91	-3.1049
86.91	-3.1050
86.91	-3.1049
86.90	-3.1047
86.91	-3.1048
86.90	-3.1049
86.90	-3.1047
86.90	-3.1048
86.89	-3.1048
86.89	-3.1047
86.89	-3.1046
86.89	-3.1048
86.89	-3.1046
86.88	-3.1046
86.88	-3.1051
86.88	-3.1049
86.87	-3.1048
86.87	-3.1048
86.87	-3.1047
86.87	-3.1047
86.86	-3.1050
86.86	-3.1047
86.86	-3.1047
86.85	-3.1047
86.85	-3.1045
86.85	-3.1048
86.84	-3.1048
86.84	-3.1047
86.84	-3.1047
86.84	-3.1046
86.84	-3.1044
86.84	-3.1045
86.83	-3.1046
86.83	-3.1045
86.83	-3.1046
86.83	-3.1046
86.82	-3.1046
86.82	-3.1047
86.81	-3.1045
86.81	-3.1047
86.81	-3.1043
86.81	-3.1045
86.81	-3.1044
86.80	-3.1043
86.80	-3.1046
86.80	-3.1045
86.79	-3.1045
86.79	-3.1046
86.79	-3.1044
86.79	-3.1046
86.78	-3.1044
86.78	-3.1045
86.78	-3.1046
86.78	-3.1045
86.78	-3.1046
86.78	-3.1045
86.77	-3.1044
86.77	-3.1045
86.77	-3.1043
86.76	-3.1044
86.76	-3.1041
86.76	-3.1043
86.76	-3.1043
86.76	-3.1043
86.75	-3.1041
86.75	-3.1041
86.75	-3.1042
86.75	-3.1043
86.75	-3.1044
86.74	-3.1042
86.74	-3.1041
86.74	-3.1039
86.73	-3.1041
86.73	-3.1040
86.73	-3.1039
86.73	-3.1040
86.73	-3.1039
86.72	-3.1040
86.72	-3.1041
86.72	-3.1041
86.72	-3.1038
86.72	-3.1038
86.71	-3.1039
86.71	-3.1036
86.70	-3.1037
86.70	-3.1038
86.70	-3.1036
86.70	-3.1038
86.69	-3.1037
86.69	-3.1039
86.69	-3.1038
86.69	-3.1038
86.68	-3.1035
86.68	-3.1039
86.68	-3.1039
86.67	-3.1037
86.67	-3.1040
86.67	-3.1038
86.67	-3.1039
86.67	-3.1040
86.66	-3.1039
86.66	-3.1038
86.66	-3.1039
86.65	-3.1039
86.65	-3.1038
86.65	-3.1038
86.65	-3.1039
86.64	-3.1039
86.64	-3.1039
86.64	-3.1037
86.64	-3.1040
86.63	-3.1038
86.63	-3.1039
86.63	-3.1038
86.63	-3.1041
86.63	-3.1040
86.63	-3.1039
86.63	-3.1040
86.62	-3.1039
86.62	-3.1040
86.61	-3.1038
86.61	-3.1038
86.61	-3.1039
86.61	-3.1036
86.60	-3.1039
86.60	-3.1039
86.60	-3.1036
86.60	-3.1035
86.60	-3.1036
86.59	-3.1035
86.59	-3.1035
86.59	-3.1036
86.58	-3.1034
86.58	-3.1038
86.58	-3.1036
86.58	-3.1035
86.58	-3.1036
86.57	-3.1033
86.57	-3.1035
86.57	-3.1034
86.57	-3.1033
86.57	-3.1035
86.56	-3.1034
86.56	-3.1034
86.56	-3.1035
86.56	-3.1036
86.55	-3.1036
86.55	-3.1038
86.55	-3.1033
86.55	-3.1034
86.55	-3.1035
86.54	-3.1034
86.54	-3.1036
86.53	-3.1037
86.53	-3.1034
86.53	-3.1036
86.53	-3.1033
86.53	-3.1035
86.52	-3.1032
86.52	-3.1035
86.51	-3.1034
86.51	-3.1033
86.51	-3.1034
86.51	-3.1034
86.51	-3.1032
86.50	-3.1032
86.50	-3.1032
86.50	-3.1033
86.50	-3.1033
86.50	-3.1031
86.49	-3.1031
86.49	-3.1030
86.49	-3.1031
86.49	-3.1033
86.49	-3.1031
86.48	-3.1031
86.48	-3.1032
86.48	-3.1029
86.48	-3.1028
86.47	-3.1031
86.47	-3.1029
86.47	-3.1029
86.46	-3.1028
86.46	-3.1031
86.45	-3.1029
86.45	-3.1030
86.45	-3.1027
86.45	-3.1029
86.45	-3.1028
86.44	-3.1026
86.44	-3.1026
86.44	-3.1027
86.44	-3.1026
86.43	-3.1027
86.43	-3.1025
86.43	-3.1026
86.43	-3.1027
86.42	-3.1025
86.42	-3.1026
86.42	-3.1025
86.42	-3.1024
86.42	-3.1024
86.41	-3.1024
86.41	-3.1024
86.41	-3.1023
86.40	-3.1025
86.40	-3.1027
86.39	-3.1024
86.39	-3.1025
86.39	-3.1024
86.39	-3.1025
86.38	-3.1025
86.38	-3.1024
86.38	-3.1022
86.38	-3.1024
86.38	-3.1023
86.38	-3.1024
86.38	-3.1025
86.38	-3.1022
86.38	-3.1025
86.37	-3.1023
86.37	-3.1023
86.37	-3.1022
86.36	-3.1023
86.36	-3.1022
86.36	-3.1024
86.35	-3.1025
86.35	-3.1023
86.35	-3.1021
86.35	-3.1023
86.34	-3.1023
86.34	-3.1022
86.34	-3.1024
86.33	-3.1023
86.33	-3.1022
86.33	-3.1022
86.33	-3.1018
86.33	-3.1020
86.33	-3.1020
86.32	-3.1018
86.32	-3.1020
86.32	-3.1018
86.31	-3.1020
86.31	-3.1019
86.31	-3.1021
86.30	-3.1020
86.30	-3.1020
86.30	-3.1019
86.30	-3.1020
86.30	-3.1019
86.29	-3.1019
86.29	-3.1018
86.29	-3.1018
86.29	-3.1019
86.28	-3.1019
86.28	-3.1019
86.28	-3.1019
86.28	-3.1016
86.28	-3.1017
86.27	-3.1017
86.27	-3.1017
86.27	-3.1017
86.26	-3.1017
86.26	-3.1017
86.25	-3.1018
86.25	-3.1019
86.25	-3.1017
86.25	-3.1017
86.25	-3.1016
86.25	-3.1017
86.25	-3.1018
86.24	-3.1018
86.24	-3.1017
86.24	-3.1016
86.23	-3.1018
86.23	-3.1016
86.23	-3.1017
86.23	-3.1017
86.22	-3.1015
86.22	-3.1015
86.22	-3.1016
86.22	-3.1017
86.21	-3.1016
86.21	-3.1015
86.21	-3.1016
86.20	-3.1015
86.20	-3.1015
86.20	-3.1014
86.20	-3.1017
86.20	-3.1015
86.20	-3.1015
86.19	-3.1013
86.19	-3.1014
86.19	-3.1016
86.18	-3.1014
86.18	-3.1015
86.18	-3.1013
86.17	-3.1014
86.17	-3.1013
86.17	-3.1013
86.17	-3.1013
86.16	-3.1013
86.16	-3.1013
86.16	-3.1011
86.15	-3.1012
86.15	-3.1012
86.15	-3.1010
86.15	-3.1012
86.15	-3.1011
86.14	-3.1012
86.14	-3.1012
86.14	-3.1011
86.14	-3.1012
86.14	-3.1010
86.13	-3.1011
86.13	-3.1009
86.13	-3.1009
86.12	-3.1009
86.12	-3.1009
86.12	-3.1007
86.12	-3.1007
86.11	-3.1007
86.11	-3.1008
86.11	-3.1008
86.11	-3.1008
86.10	-3.1009
86.10	-3.1006
86.10	-3.1008
86.09	-3.1008
86.09	-3.1006
86.09	-3.1005
86.09	-3.1009
86.09	-3.1007
86.08	-3.1007
86.08	-3.1007
86.08	-3.1007
86.08	-3.1004
86.08	-3.1006
86.07	-3.1005
86.07	-3.1005
86.07	-3.1006
86.07	-3.1005
86.06	-3.1004
86.06	-3.1003
86.05	-3.1003
86.05	-3.1006
86.05	-3.1004
86.05	-3.1003
86.04	-3.1003
86.04	-3.1006
86.04	-3.1007
86.04	-3.1004
86.03	-3.1007
86.03	-3.1003
86.03	-3.1005
86.03	-3.1004
86.03	-3.1002
86.03	-3.1005
86.03	-3.1003
86.02	-3.1006
86.02	-3.1006
86.02	-3.1004
86.02	-3.1004
86.02	-3.1003
86.01	-3.1005
86.01	-3.1002
86.00	-3.1004
86.00	-3.1004
86.00	-3.1004
85.99	-3.1006
85.99	-3.1005
85.99	-3.1004
85.99	-3.1004
85.98	-3.1004
85.98	-3.1003
85.98	-3.1004
85.98	-3.1002
85.98	-3.1003
85.97	-3.1002
85.97	-3.1004
85.97	-3.1002
85.96	-3.1003
85.96	-3.1000
85.96	-3.0999
85.96	-3.0999
85.96	-3.0999
85.96	-3.1002
85.95	-3.0998
85.95	-3.0998
85.95	-3.0998
85.95	-3.0998
85.94	-3.0998
85.94	-3.0996
85.93	-3.0998
85.93	-3.0995
85.92	-3.0996
85.92	-3.0994
85.92	-3.0995
85.92	-3.0995
85.92	-3.0995
85.91	-3.0994
85.91	-3.0995
85.91	-3.0994
85.91	-3.0992
85.91	-3.0995
85.91	-3.0995
85.91	-3.0996
85.90	-3.0994
85.89	-3.0993
85.89	-3.0994
85.89	-3.0991
85.89	-3.0995
85.89	-3.0993
85.88	-3.0993
85.88	-3.0991
85.88	-3.0994
85.87	-3.0993
85.87	-3.0992
85.87	-3.0993
85.86	-3.0992
85.86	-3.0992
85.86	-3.0992
85.86	-3.0993
85.86	-3.0992
85.86	-3.0993
85.85	-3.0990
85.85	-3.0993
85.85	-3.0990
85.84	-3.0991
85.84	-3.0993
85.84	-3.0992
85.84	-3.0992
85.83	-3.0991
85.83	-3.0992
85.83	-3.0992
85.83	-3.0992
85.83	-3.0992
85.83	-3.0990
85.82	-3.0991
85.82	-3.0991
85.82	-3.0992
85.82	-3.0991
85.81	-3.0992
85.81	-3.0992
85.81	-3.0992
85.80	-3.0992
85.80	-3.0990
85.80	-3.0992
85.80	-3.0991
85.80	-3.0992
85.80	-3.0994
85.79	-3.0991
85.79	-3.0993
85.78	-3.0990
85.78	-3.0991
85.78	-3.0992
85.78	-3.0990
85.78	-3.0990
85.78	-3.0990
85.78	-3.0990
85.78	-3.0990
85.77	-3.0990
85.77	-3.0988
85.76	-3.0990
85.76	-3.0990
85.76	-3.0987
85.75	-3.0988
85.75	-3.0987
85.75	-3.0986
85.75	-3.0989
85.75	-3.0990
85.74	-3.0986
85.74	-3.0985
85.74	-3.0988
85.74	-3.0985
85.73	-3.0986
85.73	-3.0986
85.73	-3.0986
85.73	-3.0987
85.73	-3.0986
85.73	-3.0985
85.72	-3.0985
85.72	-3.0987
85.71	-3.0987
85.71	-3.0986
85.71	-3.0985
85.70	-3.0985
85.70	-3.0986
85.70	-3.0984
85.70	-3.0985
85.69	-3.0984
85.69	-3.0985
85.69	-3.0983
85.69	-3.0983
85.69	-3.0982
85.69	-3.0981
85.68	-3.0983
85.68	-3.0982
85.67	-3.0982
85.67	-3.0984
85.67	-3.0984
85.67	-3.0982
85.66	-3.0983
85.66	-3.0983
85.66	-3.0981
85.66	-3.0982
85.66	-3.0984
85.65	-3.0985
85.65	-3.0984
85.65	-3.0982
85.65	-3.0985
85.65	-3.0984
85.64	-3.0982
85.64	-3.0981
85.64	-3.0981
85.64	-3.0981
85.63	-3.0982
85.63	-3.0983
85.63	-3.0980
85.63	-3.0982
85.62	-3.0982
85.62	-3.0982
85.62	-3.0981
85.61	-3.0981
85.61	-3.0981
85.61	-3.0983
85.60	-3.0984
85.60	-3.0984
85.60	-3.0984
85.60	-3.0986
85.60	-3.0984
85.59	-3.0987
85.59	-3.0983
85.59	-3.0986
85.59	-3.0981
85.58	-3.0984
85.58	-3.0985
85.58	-3.0983
85.58	-3.0985
85.58	-3.0983
85.58	-3.0983
85.57	-3.0983
85.57	-3.0983
85.57	-3.0982
85.57	-3.0981
85.56	-3.0982
85.56	-3.0983
85.55	-3.0982
85.55	-3.0983
85.55	-3.0982
85.55	-3.0983
85.55	-3.0981
85.55	-3.0983
85.54	-3.0981
85.54	-3.0980
85.54	-3.0980
85.54	-3.0980
85.53	-3.0979
85.53	-3.0981
85.53	-3.0978
85.53	-3.0981
85.52	-3.0980
85.52	-3.0980
85.51	-3.0981
85.51	-3.0978
85.51	-3.0979
85.51	-3.0979
85.50	-3.0981
85.50	-3.0981
85.50	-3.0977
85.50	-3.0978
85.50	-3.0979
85.49	-3.0979
85.49	-3.0978
85.49	-3.0978
85.49	-3.0976
85.49	-3.0975
85.49	-3.0976
85.48	-3.0976
85.48	-3.0977
85.48	-3.0977
85.47	-3.0977
85.47	-3.0977
85.47	-3.0976
85.46	-3.0974
85.46	-3.0976
85.46	-3.0974
85.45	-3.0977
85.45	-3.0977
85.45	-3.0974
85.45	-3.0974
85.45	-3.0975
85.45	-3.0971
85.44	-3.0975
85.44	-3.0973
85.43	-3.0974
85.43	-3.0974
85.42	-3.0973
85.42	-3.0974
85.42	-3.0974
85.42	-3.0973
85.42	-3.0973
85.42	-3.0974
85.42	-3.0974
85.41	-3.0974
85.41	-3.0973
85.41	-3.0973
85.40	-3.0972
85.40	-3.0972
85.39	-3.0971
85.39	-3.0972
85.39	-3.0969
85.39	-3.0970
85.39	-3.0970
85.38	-3.0969
85.38	-3.0972
85.38	-3.0971
85.38	-3.0970
85.38	-3.0969
85.38	-3.0969
85.37	-3.0968
85.37	-3.0970
85.37	-3.0969
85.36	-3.0966
85.36	-3.0969
85.36	-3.0968
85.35	-3.0967
85.35	-3.0968
85.35	-3.0966
85.34	-3.0966
85.34	-3.0966
85.34	-3.0967
85.34	-3.0966
85.34	-3.0966
85.34	-3.0966
85.33	-3.0965
85.33	-3.0966
85.33	-3.0966
85.33	-3.0965
85.33	-3.0965
85.33	-3.0965
85.32	-3.0966
85.32	-3.0966
85.32	-3.0966
85.32	-3.0964
85.32	-3.0964
85.31	-3.0964
85.31	-3.0966
85.30	-3.0963
85.30	-3.0963
85.30	-3.0964
85.30	-3.0964
85.29	-3.0965
85.29	-3.0965
85.29	-3.0962
85.28	-3.0962
85.28	-3.0963
85.28	-3.0962
85.28	-3.0964
85.28	-3.0964
85.27	-3.0963
85.27	-3.0964
85.27	-3.0963
85.27	-3.0964
85.26	-3.0963
85.26	-3.0964
85.26	-3.0962
85.26	-3.0962
85.25	-3.0961
85.25	-3.0962
85.25	-3.0960
85.24	-3.0962
85.24	-3.0961
85.24	-3.0960
85.24	-3.0960
85.23	-3.0960
85.23	-3.0960
85.23	-3.0961
85.23	-3.0961
85.22	-3.0961
85.22	-3.0960
85.21	-3.0959
85.21	-3.0960
85.21	-3.0959
85.21	-3.0958
85.21	-3.0959
85.21	-3.0957
85.21	-3.0959
85.20	-3.0955
85.20	-3.0957
85.20	-3.0955
85.20	-3.0958
85.20	-3.0958
85.19	-3.0959
85.19	-3.0959
85.18	-3.0955
85.18	-3.0956
85.18	-3.0955
85.18	-3.0955
85.18	-3.0955
85.17	-3.0954
85.17	-3.0953
85.17	-3.0952
85.16	-3.0954
85.16	-3.0953
85.16	-3.0953
85.16	-3.0954
85.16	-3.0953
85.16	-3.0954
85.15	-3.0954
85.14	-3.0954
85.14	-3.0952
85.14	-3.0952
85.14	-3.0952
85.14	-3.0953
85.14	-3.0953
85.13	-3.0953
85.13	-3.0953
85.13	-3.0954
85.13	-3.0951
85.12	-3.0954
85.12	-3.0952
85.12	-3.0954
85.11	-3.0953
85.11	-3.0953
85.10	-3.0952
85.10	-3.0952
85.10	-3.0954
85.10	-3.0955
85.10	-3.0950
85.09	-3.0952
85.09	-3.0952
85.09	-3.0952
85.09	-3.0953
85.09	-3.0951
85.09	-3.0950
85.08	-3.0954
85.08	-3.0951
85.08	-3.0951
85.08	-3.0951
85.07	-3.0953
85.07	-3.0951
85.07	-3.0951
85.07	-3.0951
85.06	-3.0951
85.06	-3.0951
85.06	-3.0951
85.06	-3.0949
85.05	-3.0951
85.05	-3.0950
85.05	-3.0949
85.04	-3.0950
85.04	-3.0949
85.04	-3.0950
85.03	-3.0950
85.03	-3.0949
85.03	-3.0949
85.03	-3.0947
85.02	-3.0949
85.03	-3.0947
85.02	-3.0948
85.02	-3.0948
85.02	-3.0945
85.02	-3.0946
85.01	-3.0947
85.01	-3.0946
85.00	-3.0948
85.00	-3.0947
85.00	-3.0947
85.00	-3.0945
85.00	-3.0946
84.99	-3.0947
84.99	-3.0947
84.99	-3.0947
84.98	-3.0947
84.98	-3.0946
84.98	-3.0946
84.98	-3.0947
84.98	-3.0947
84.97	-3.0949
84.97	-3.0947
84.97	-3.0948
84.97	-3.0948
84.97	-3.0948
84.96	-3.0948
84.96	-3.0948
84.96	-3.0948
84.95	-3.0949
84.95	-3.0949
84.95	-3.0947
84.95	-3.0949
84.95	-3.0947
84.94	-3.0948
84.94	-3.0947
84.93	-3.0948
84.93	-3.0946
84.93	-3.0947
84.93	-3.0948
84.92	-3.0950
84.92	-3.0947
84.92	-3.0946
84.92	-3.0946
84.92	-3.0945
84.92	-3.0947
84.92	-3.0948
84.92	-3.0945
84.91	-3.0945
84.91	-3.0945
84.90	-3.0944
84.90	-3.0944
84.90	-3.0945
84.90	-3.0941
84.90	-3.0943
84.89	-3.0946
84.89	-3.0942
84.89	-3.0945
84.88	-3.0943
84.88	-3.0942
84.88	-3.0946
84.88	-3.0945
84.88	-3.0940
84.88	-3.0943
84.87	-3.0943
84.87	-3.0944
84.87	-3.0944
84.86	-3.0943
84.86	-3.0941
84.86	-3.0942
84.86	-3.0943
84.85	-3.0944
84.85	-3.0943
84.85	-3.0942
84.85	-3.0942
84.84	-3.0941
84.84	-3.0942
84.84	-3.0942
84.84	-3.0941
84.83	-3.0943
84.83	-3.0941
84.83	-3.0942
84.83	-3.0940
84.82	-3.0941
84.82	-3.0940
84.82	-3.0940
84.82	-3.0938
84.81	-3.0937
84.81	-3.0937
84.81	-3.0938
84.81	-3.0938
84.80	-3.0938
84.80	-3.0940
84.80	-3.0940
84.80	-3.0941
84.79	-3.0938
84.79	-3.0940
84.79	-3.0938
84.79	-3.0939
84.78	-3.0940
84.78	-3.0938
84.77	-3.0940
84.77	-3.0939
84.77	-3.0939
84.77	-3.0940
84.76	-3.0938
84.76	-3.0938
84.76	-3.0938
84.75	-3.0939
84.75	-3.0938
84.75	-3.0941
84.75	-3.0937
84.75	-3.0939
84.75	-3.0938
84.75	-3.0939
84.75	-3.0939
84.74	-3.0937
84.74	-3.0939
84.74	-3.0940
84.74	-3.0939
84.73	-3.0936
84.73	-3.0940
84.73	-3.0939
84.73	-3.0939
84.72	-3.0939
84.72	-3.0939
84.72	-3.0940
84.72	-3.0942
84.71	-3.0939
84.71	-3.0942
84.70	-3.0939
84.70	-3.0941
84.70	-3.0939
84.70	-3.0939
84.70	-3.0940
84.69	-3.0938
84.69	-3.0938
84.69	-3.0939
84.69	-3.0938
84.69	-3.0939
84.68	-3.0937
84.68	-3.0937
84.68	-3.0936
84.67	-3.0936
84.67	-3.0936
84.67	-3.0936
84.66	-3.0937
84.66	-3.0935
84.66	-3.0936
84.66	-3.0936
84.65	-3.0934
84.65	-3.0933
84.65	-3.0935
84.65	-3.0934
84.64	-3.0935
84.64	-3.0934
84.64	-3.0937
84.64	-3.0935
84.64	-3.0936
84.63	-3.0937
84.63	-3.0935
84.63	-3.0935
84.63	-3.0935
84.62	-3.0933
84.62	-3.0936
84.62	-3.0937
84.61	-3.0937
84.61	-3.0934
84.61	-3.0939
84.61	-3.0933
84.61	-3.0933
84.61	-3.0935
84.60	-3.0934
84.59	-3.0934
84.59	-3.0933
84.59	-3.0932
84.59	-3.0935
84.59	-3.0933
84.58	-3.0934
84.58	-3.0932
84.58	-3.0933
84.58	-3.0934
84.58	-3.0934
84.57	-3.0934
84.57	-3.0933
84.57	-3.0935
84.57	-3.0932
84.57	-3.0932
84.57	-3.0932
84.56	-3.0930
84.56	-3.0931
84.55	-3.0931
84.55	-3.0931
84.55	-3.0930
84.55	-3.0930
84.55	-3.0931
84.54	-3.0931
84.54	-3.0933
84.53	-3.0930
84.53	-3.0931
84.53	-3.0930
84.53	-3.0932
84.52	-3.0931
84.52	-3.0931
84.52	-3.0930
84.52	-3.0929
84.51	-3.0930
84.51	-3.0929
84.51	-3.0929
84.50	-3.0932
84.50	-3.0929
84.50	-3.0928
84.50	-3.0928
84.50	-3.0928
84.50	-3.0929
84.50	-3.0928
84.50	-3.0927
84.50	-3.0927
84.50	-3.0928
84.49	-3.0926
84.49	-3.0927
84.48	-3.0926
84.48	-3.0927
84.48	-3.0926
84.47	-3.0926
84.47	-3.0926
84.46	-3.0926
84.46	-3.0925
84.46	-3.0926
84.46	-3.0925
84.45	-3.0924
84.45	-3.0924
84.45	-3.0925
84.45	-3.0925
84.45	-3.0921
84.45	-3.0922
84.44	-3.0925
84.44	-3.0923
84.44	-3.0924
84.43	-3.0922
84.43	-3.0923
84.43	-3.0924
84.43	-3.0924
84.42	-3.0922
84.42	-3.0924
84.42	-3.0924
84.41	-3.0923
84.41	-3.0923
84.41	-3.0924
84.41	-3.0923
84.41	-3.0922
84.40	-3.0923
84.40	-3.0923
84.40	-3.0923
84.39	-3.0925
84.39	-3.0923
84.39	-3.0925
84.39	-3.0922
84.38	-3.0923
84.38	-3.0923
84.38	-3.0923
84.38	-3.0923
84.38	-3.0924
84.37	-3.0922
84.37	-3.0923
84.37	-3.0921
84.36	-3.0922
84.36	-3.0920
84.36	-3.0921
84.36	-3.0921
84.35	-3.0918
84.35	-3.0920
84.35	-3.0919
84.35	-3.0921
84.35	-3.0919
84.34	-3.0920
84.34	-3.0919
84.34	-3.0917
84.33	-3.0920
84.33	-3.0918
84.33	-3.0920
84.33	-3.0918
84.33	-3.0919
84.32	-3.0919
84.32	-3.0919
84.32	-3.0920
84.31	-3.0918
84.31	-3.0919
84.30	-3.0917
84.30	-3.0918
84.30	-3.0919
84.30	-3.0919
84.30	-3.0918
84.30	-3.0918
84.30	-3.0916
84.30	-3.0917
84.29	-3.0918
84.29	-3.0913
84.29	-3.0917
84.28	-3.0914
84.28	-3.0916
84.28	-3.0913
84.28	-3.0912
84.28	-3.0914
84.27	-3.0914
84.27	-3.0912
84.27	-3.0913
84.26	-3.0911
84.26	-3.0912
84.25	-3.0914
84.25	-3.0911
84.25	-3.0913
84.25	-3.0912
84.25	-3.0913
84.25	-3.0911
84.24	-3.0912
84.24	-3.0912
84.24	-3.0913
84.23	-3.0913
84.23	-3.0912
84.23	-3.0910
84.23	-3.0912
84.23	-3.0911
84.22	-3.0909
84.22	-3.0911
84.22	-3.0912
84.22	-3.0911
84.21	-3.0909
84.21	-3.0912
84.21	-3.0910
84.21	-3.0912
84.20	-3.0912
84.20	-3.0912
84.20	-3.0911
84.19	-3.0912
84.19	-3.0910
84.19	-3.0910
84.19	-3.0911
84.18	-3.0910
84.18	-3.0910
84.17	-3.0912
84.17	-3.0909
84.18	-3.0909
84.17	-3.0909
84.17	-3.0908
84.17	-3.0909
84.17	-3.0910
84.16	-3.0910
84.16	-3.0910
84.16	-3.0909
84.16	-3.0910
84.15	-3.0909
84.15	-3.0908
84.14	-3.0910
84.14	-3.0909
84.14	-3.0909
84.13	-3.0906
84.13	-3.0908
84.13	-3.0909
84.13	-3.0908
84.13	-3.0906
84.13	-3.0910
84.12	-3.0907
84.12	-3.0908
84.12	-3.0909
84.12	-3.0908
84.11	-3.0906
84.11	-3.0908
84.11	-3.0907
84.11	-3.0906
84.10	-3.0908
84.10	-3.0906
84.09	-3.0907
84.09	-3.0909
84.09	-3.0908
84.09	-3.0907
84.09	-3.0908
84.08	-3.0908
84.08	-3.0908
84.08	-3.0907
84.08	-3.0906
84.08	-3.0906
84.08	-3.0907
84.07	-3.0907
84.07	-3.0906
84.07	-3.0905
84.06	-3.0907
84.06	-3.0908
84.06	-3.0906
84.05	-3.0906
84.05	-3.0908
84.05	-3.0906
84.05	-3.0906
84.05	-3.0907
84.05	-3.0906
84.05	-3.0907
84.04	-3.0906
84.04	-3.0906
84.03	-3.0905
84.03	-3.0904
84.03	-3.0903
84.03	-3.0903
84.02	-3.0904
84.02	-3.0905
84.02	-3.0904
84.02	-3.0901
84.01	-3.0903
84.01	-3.0904
84.01	-3.0902
84.00	-3.0903
84.00	-3.0902
84.00	-3.0902
84.00	-3.0905
84.00	-3.0902
84.00	-3.0900
84.00	-3.0901
83.99	-3.0903
83.99	-3.0903
83.99	-3.0902
83.99	-3.0901
83.98	-3.0903
83.98	-3.0902
83.98	-3.0902
83.98	-3.0902
83.98	-3.0897
83.97	-3.0901
83.97	-3.0903
83.97	-3.0899
83.96	-3.0899
83.96	-3.0899
83.96	-3.0899
83.96	-3.0899
83.96	-3.0898
83.95	-3.0899
83.95	-3.0899
83.95	-3.0898
83.95	-3.0896
83.94	-3.0898
83.94	-3.0898
83.93	-3.0897
83.93	-3.0898
83.93	-3.0897
83.93	-3.0897
83.92	-3.0897
83.92	-3.0897
83.92	-3.0896
83.92	-3.0898
83.92	-3.0900
83.92	-3.0898
83.91	-3.0898
83.91	-3.0899
83.91	-3.0896
83.90	-3.0898
83.90	-3.0897
83.90	-3.0900
83.90	-3.0899
83.89	-3.0900
83.89	-3.0898
83.89	-3.0898
83.88	-3.0900
83.88	-3.0898
83.88	-3.0899
83.88	-3.0900
83.88	-3.0899
83.88	-3.0897
83.87	-3.0898
83.87	-3.0898
83.86	-3.0898
83.86	-3.0898
83.86	-3.0898
83.85	-3.0898
83.85	-3.0896
83.86	-3.0896
83.85	-3.0897
83.85	-3.0898
83.85	-3.0896
83.85	-3.0896
83.84	-3.0896
83.84	-3.0897
83.84	-3.0895
83.83	-3.0894
83.83	-3.0896
83.83	-3.0895
83.83	-3.0896
83.83	-3.0894
83.82	-3.0895
83.82	-3.0895
83.82	-3.0893
83.82	-3.0893
83.81	-3.0893
83.81	-3.0893
83.81	-3.0892
83.80	-3.0893
83.80	-3.0891
83.80	-3.0890
83.80	-3.0893
83.80	-3.0892
83.79	-3.0890
83.79	-3.0892
83.79	-3.0889
83.78	-3.0891
83.78	-3.0891
83.78	-3.0891
83.78	-3.0889
83.77	-3.0890
83.77	-3.0888
83.77	-3.0890
83.76	-3.0888
83.76	-3.0891
83.76	-3.0889
83.76	-3.0889
83.75	-3.0888
83.75	-3.0888
83.75	-3.0887
83.75	-3.0889
83.75	-3.0887
83.74	-3.0888
83.74	-3.0887
83.73	-3.0886
83.73	-3.0886
83.73	-3.0886
83.73	-3.0885
83.73	-3.0885
83.73	-3.0885
83.72	-3.0884
83.72	-3.0884
83.71	-3.0884
83.71	-3.0886
83.71	-3.0885
83.71	-3.0882
83.70	-3.0887
83.70	-3.0885
83.70	-3.0885
83.70	-3.0885
83.70	-3.0885
83.70	-3.0884
83.69	-3.0883
83.69	-3.0882
83.68	-3.0883
83.68	-3.0883
83.68	-3.0884
83.67	-3.0885
83.67	-3.0882
83.67	-3.0883
83.67	-3.0880
83.67	-3.0881
83.67	-3.0882
83.66	-3.0883
83.66	-3.0882
83.66	-3.0881
83.66	-3.0881
83.65	-3.0882
83.65	-3.0881
83.65	-3.0880
83.65	-3.0880
83.64	-3.0880
83.64	-3.0880
83.64	-3.0882
83.64	-3.0879
83.63	-3.0883
83.63	-3.0881
83.63	-3.0880
83.63	-3.0880
83.63	-3.0880
83.63	-3.0880
83.62	-3.0880
83.62	-3.0882
83.62	-3.0882
83.61	-3.0881
83.61	-3.0881
83.60	-3.0882
83.60	-3.0880
83.60	-3.0881
83.60	-3.0880
83.60	-3.0881
83.60	-3.0881
83.59	-3.0881
83.59	-3.0881
83.59	-3.0882
83.59	-3.0881
83.59	-3.0880
83.58	-3.0880
83.58	-3.0880
83.58	-3.0881
83.58	-3.0878
83.57	-3.0880
83.57	-3.0878
83.57	-3.0879
83.56	-3.0878
83.56	-3.0877
83.56	-3.0878
83.56	-3.0877
83.55	-3.0878
83.55	-3.0880
83.55	-3.0880
83.55	-3.0876
83.54	-3.0877
83.54	-3.0876
83.54	-3.0875
83.54	-3.0875
83.53	-3.0875
83.53	-3.0877
83.53	-3.0873
83.53	-3.0875
83.52	-3.0874
83.52	-3.0874
83.52	-3.0875
83.51	-3.0876
83.51	-3.0876
83.51	-3.0874
83.51	-3.0875
83.51	-3.0874
83.50	-3.0871
83.50	-3.0872
83.50	-3.0874
83.50	-3.0873
83.50	-3.0872
83.49	-3.0872
83.49	-3.0873
83.49	-3.0873
83.48	-3.0871
83.48	-3.0873
83.48	-3.0871
83.48	-3.0872
83.47	-3.0871
83.47	-3.0871
83.47	-3.0870
83.46	-3.0872
83.46	-3.0870
83.46	-3.0872
83.46	-3.0871
83.46	-3.0872
83.45	-3.0870
83.45	-3.0873
83.45	-3.0868
83.45	-3.0872
83.45	-3.0871
83.44	-3.0870
83.44	-3.0871
83.44	-3.0870
83.43	-3.0871
83.43	-3.0872
83.43	-3.0871
83.42	-3.0872
83.42	-3.0870
83.42	-3.0871
83.42	-3.0871
83.42	-3.0871
83.42	-3.0871
83.41	-3.0869
83.40	-3.0868
83.40	-3.0869
83.40	-3.0867
83.39	-3.0869
83.39	-3.0868
83.39	-3.0867
83.39	-3.0867
83.39	-3.0868
83.39	-3.0866
83.38	-3.0867
83.38	-3.0867
83.38	-3.0867
83.38	-3.0866
83.38	-3.0868
83.38	-3.0866
83.37	-3.0867
83.37	-3.0865
83.36	-3.0865
83.36	-3.0865
83.36	-3.0863
83.36	-3.0864
83.36	-3.0862
83.35	-3.0865
83.35	-3.0862
83.35	-3.0864
83.34	-3.0864
83.34	-3.0862
83.34	-3.0861
83.34	-3.0862
83.33	-3.0863
83.33	-3.0862
83.33	-3.0863
83.33	-3.0861
83.33	-3.0862
83.33	-3.0861
83.32	-3.0864
83.33	-3.0862
83.32	-3.0860
83.32	-3.0861
83.31	-3.0863
83.31	-3.0863
83.30	-3.0863
83.30	-3.0863
83.30	-3.0862
83.30	-3.0861
83.30	-3.0863
83.29	-3.0863
83.29	-3.0862
83.28	-3.0862
83.28	-3.0864
83.28	-3.0863
83.28	-3.0861
83.28	-3.0863
83.28	-3.0861
83.28	-3.0860
83.27	-3.0862
83.27	-3.0861
83.27	-3.0861
83.26	-3.0863
83.26	-3.0862
83.26	-3.0862
83.25	-3.0861
83.25	-3.0860
83.25	-3.0864
83.25	-3.0862
83.25	-3.0863
83.25	-3.0862
83.24	-3.0863
83.24	-3.0861
83.24	-3.0862
83.23	-3.0861
83.23	-3.0861
83.23	-3.0858
83.22	-3.0862
83.22	-3.0860
83.22	-3.0860
83.22	-3.0859
83.21	-3.0860
83.21	-3.0860
83.21	-3.0860
83.21	-3.0860
83.20	-3.0860
83.20	-3.0863
83.20	-3.0859
83.20	-3.0860
83.20	-3.0860
83.20	-3.0858
83.19	-3.0858
83.18	-3.0862
83.18	-3.0859
83.18	-3.0860
83.18	-3.0860
83.18	-3.0860
83.17	-3.0860
83.17	-3.0862
83.17	-3.0861
83.16	-3.0859
83.16	-3.0861
83.16	-3.0861
83.16	-3.0859
83.16	-3.0861
83.15	-3.0859
83.15	-3.0861
83.14	-3.0858
83.14	-3.0860
83.14	-3.0859
83.14	-3.0859
83.14	-3.0858
83.14	-3.0859
83.13	-3.0858
83.13	-3.0856
83.13	-3.0860
83.13	-3.0857
83.13	-3.0858
83.13	-3.0857
83.12	-3.0857
83.12	-3.0857
83.12	-3.0856
83.11	-3.0858
83.11	-3.0857
83.11	-3.0857
83.10	-3.0853
83.10	-3.0856
83.10	-3.0853
83.09	-3.0852
83.09	-3.0853
83.09	-3.0854
83.09	-3.0854
83.09	-3.0853
83.09	-3.0852
83.09	-3.0853
83.08	-3.0852
83.08	-3.0852
83.08	-3.0852
83.08	-3.0852
83.08	-3.0851
83.08	-3.0853
83.08	-3.0850
83.07	-3.0850
83.06	-3.0851
83.06	-3.0853
83.05	-3.0850
83.05	-3.0849
83.05	-3.0852
83.05	-3.0851
83.05	-3.0848
83.05	-3.0850
83.05	-3.0851
83.05	-3.0851
83.04	-3.0851
83.04	-3.0850
83.03	-3.0852
83.03	-3.0849
83.03	-3.0849
83.03	-3.0849
83.03	-3.0851
83.03	-3.0849
83.02	-3.0850
83.02	-3.0850
83.02	-3.0850
83.01	-3.0848
83.01	-3.0850
83.01	-3.0848
83.00	-3.0850
83.00	-3.0851
83.00	-3.0847
83.00	-3.0848
83.00	-3.0847
83.00	-3.0848
82.99	-3.0849
82.99	-3.0846
82.99	-3.0847
82.98	-3.0847
82.98	-3.0848
82.98	-3.0848
82.98	-3.0847
82.97	-3.0846
82.97	-3.0847
82.97	-3.0847
82.96	-3.0847
82.96	-3.0846
82.96	-3.0847
82.96	-3.0850
82.95	-3.0847
82.95	-3.0844
82.95	-3.0846
82.95	-3.0847
82.95	-3.0847
82.94	-3.0847
82.93	-3.0848
82.94	-3.0848
82.93	-3.0847
82.93	-3.0847
82.92	-3.0848
82.92	-3.0847
82.92	-3.0848
82.92	-3.0847
82.92	-3.0849
82.92	-3.0847
82.92	-3.0849
82.91	-3.0850
82.91	-3.0848
82.90	-3.0846
82.90	-3.0847
82.90	-3.0848
82.90	-3.0845
82.89	-3.0848
82.89	-3.0845
82.89	-3.0848
82.89	-3.0846
82.88	-3.0848
82.88	-3.0846
82.88	-3.0846
82.88	-3.0847
82.88	-3.0845
82.88	-3.0845
82.87	-3.0846
82.87	-3.0844
82.87	-3.0846
82.86	-3.0844
82.86	-3.0846
82.86	-3.0844
82.86	-3.0846
82.85	-3.0845
82.85	-3.0844
82.85	-3.0844
82.84	-3.0843
82.84	-3.0843
82.84	-3.0841
82.84	-3.0840
82.83	-3.0842
82.83	-3.0842
82.83	-3.0841
82.83	-3.0843
82.83	-3.0842
82.82	-3.0841
82.82	-3.0838
82.82	-3.0842
82.82	-3.0838
82.81	-3.0840
82.81	-3.0838
82.81	-3.0841
82.81	-3.0840
82.81	-3.0841
82.81	-3.0838
82.80	-3.0838
82.80	-3.0837
82.80	-3.0839
82.80	-3.0837
82.79	-3.0840
82.79	-3.0838
82.79	-3.0837
82.78	-3.0839
82.78	-3.0838
82.78	-3.0838
82.77	-3.0837
82.77	-3.0840
82.77	-3.0840
82.77	-3.0839
82.76	-3.0842
82.76	-3.0840
82.76	-3.0839
82.76	-3.0838
82.75	-3.0839
82.75	-3.0838
82.75	-3.0838
82.75	-3.0838
82.75	-3.0837
82.75	-3.0835
82.74	-3.0839
82.73	-3.0836
82.73	-3.0838
82.73	-3.0838
82.73	-3.0838
82.73	-3.0838
82.72	-3.0836
82.72	-3.0835
82.72	-3.0837
82.71	-3.0835
82.71	-3.0835
82.71	-3.0834
82.71	-3.0836
82.71	-3.0834
82.70	-3.0833
82.70	-3.0833
82.70	-3.0831
82.70	-3.0833
82.70	-3.0832
82.69	-3.0833
82.69	-3.0833
82.69	-3.0833
82.68	-3.0832
82.68	-3.0832
82.68	-3.0831
82.68	-3.0832
82.68	-3.0832
82.67	-3.0833
82.67	-3.0832
82.67	-3.0830
82.67	-3.0831
82.66	-3.0828
82.66	-3.0832
82.65	-3.0831
82.65	-3.0831
82.65	-3.0829
82.65	-3.0830
82.64	-3.0830
82.64	-3.0831
82.64	-3.0831
82.64	-3.0833
82.64	-3.0830
82.63	-3.0832
82.63	-3.0829
82.63	-3.0829
82.63	-3.0830
82.62	-3.0828
82.62	-3.0830
82.62	-3.0830
82.62	-3.0829
82.62	-3.0830
82.61	-3.0830
82.61	-3.0831
82.61	-3.0829
82.60	-3.0829
82.60	-3.0829
82.60	-3.0828
82.59	-3.0831
82.59	-3.0829
82.59	-3.0831
82.59	-3.0830
82.59	-3.0831
82.59	-3.0827
82.58	-3.0828
82.58	-3.0828
82.58	-3.0832
82.58	-3.0829
82.57	-3.0829
82.57	-3.0830
82.57	-3.0830
82.56	-3.0830
82.56	-3.0829
82.56	-3.0829
82.56	-3.0830
82.55	-3.0828
82.55	-3.0829
82.55	-3.0829
82.55	-3.0829
82.54	-3.0827
82.54	-3.0829
82.54	-3.0829
82.54	-3.0828
82.53	-3.0828
82.53	-3.0828
82.53	-3.0830
82.53	-3.0828
82.53	-3.0828
82.53	-3.0827
82.52	-3.0829
82.52	-3.0829
82.52	-3.0827
82.51	-3.0827
82.51	-3.0829
82.51	-3.0827
82.50	-3.0827
82.50	-3.0825
82.50	-3.0827
82.50	-3.0823
82.50	-3.0827
82.50	-3.0825
82.49	-3.0826
82.49	-3.0826
82.48	-3.0825
82.48	-3.0826
82.48	-3.0827
82.48	-3.0825
82.47	-3.0826
82.47	-3.0825
82.47	-3.0824
82.46	-3.0825
82.46	-3.0826
82.46	-3.0824
82.46	-3.0825
82.45	-3.0823
82.45	-3.0824
82.45	-3.0822
82.45	-3.0825
82.44	-3.0824
82.44	-3.0824
82.44	-3.0824
82.44	-3.0823
82.44	-3.0823
82.43	-3.0822
82.43	-3.0822
82.42	-3.0822
82.42	-3.0820
82.42	-3.0821
82.42	-3.0822
82.42	-3.0823
82.42	-3.0821
82.42	-3.0821
82.41	-3.0820
82.41	-3.0820
82.41	-3.0819
82.40	-3.0822
82.40	-3.0820
82.40	-3.0822
82.39	-3.0820
82.39	-3.0820
82.39	-3.0821
82.38	-3.0820
82.38	-3.0821
82.38	-3.0820
82.38	-3.0820
82.38	-3.0820
82.38	-3.0818
82.37	-3.0821
82.37	-3.0821
82.37	-3.0820
82.37	-3.0821
82.37	-3.0820
82.37	-3.0820
82.36	-3.0821
82.36	-3.0819
82.35	-3.0820
82.35	-3.0818
82.35	-3.0819
82.34	-3.0818
82.34	-3.0819
82.34	-3.0819
82.33	-3.0818
82.33	-3.0818
82.33	-3.0821
82.33	-3.0820
82.33	-3.0821
82.33	-3.0819
82.32	-3.0820
82.31	-3.0819
82.31	-3.0821
82.31	-3.0820
82.31	-3.0818
82.31	-3.0818
82.30	-3.0817
82.30	-3.0819
82.30	-3.0818
82.30	-3.0819
82.30	-3.0816
82.30	-3.0817
82.29	-3.0817
82.29	-3.0816
82.29	-3.0816
82.29	-3.0817
82.29	-3.0816
82.28	-3.0817
82.28	-3.0815
82.28	-3.0813
82.28	-3.0817
82.27	-3.0816
82.26	-3.0817
82.25	-3.0814
82.25	-3.0816
82.25	-3.0816
82.25	-3.0814
82.25	-3.0817
82.25	-3.0814
82.25	-3.0816
82.25	-3.0815
82.24	-3.0815
82.24	-3.0816
82.24	-3.0817
82.24	-3.0814
82.24	-3.0815
82.23	-3.0816
82.23	-3.0814
82.23	-3.0813
82.23	-3.0816
82.23	-3.0813
82.23	-3.0814
82.22	-3.0815
82.22	-3.0814
82.22	-3.0816
82.21	-3.0814
82.21	-3.0816
82.21	-3.0814
82.20	-3.0814
82.20	-3.0812
82.20	-3.0815
82.20	-3.0814
82.20	-3.0814
82.20	-3.0810
82.19	-3.0815
82.19	-3.0810
82.19	-3.0810
82.18	-3.0812
82.18	-3.0811
82.18	-3.0811
82.18	-3.0809
82.17	-3.0812
82.17	-3.0809
82.17	-3.0808
82.17	-3.0810
82.17	-3.0812
82.16	-3.0809
82.16	-3.0810
82.16	-3.0809
82.15	-3.0809
82.15	-3.0809
82.15	-3.0808
82.15	-3.0806
82.14	-3.0806
82.14	-3.0807
82.14	-3.0808
82.14	-3.0803
82.13	-3.0805
82.13	-3.0805
82.13	-3.0805
82.13	-3.0806
82.13	-3.0806
82.12	-3.0806
82.12	-3.0805
82.12	-3.0801
82.12	-3.0804
82.11	-3.0807
82.11	-3.0803
82.10	-3.0803
82.10	-3.0804
82.10	-3.0804
82.09	-3.0804
82.09	-3.0803
82.09	-3.0801
82.09	-3.0801
82.09	-3.0802
82.09	-3.0803
82.08	-3.0804
82.08	-3.0802
82.08	-3.0804
82.08	-3.0804
82.07	-3.0805
82.07	-3.0802
82.07	-3.0804
82.06	-3.0803
82.06	-3.0803
82.06	-3.0802
82.06	-3.0803
82.06	-3.0804
82.05	-3.0802
82.05	-3.0804
82.05	-3.0802
82.05	-3.0801
82.05	-3.0805
82.05	-3.0801
82.04	-3.0799
82.04	-3.0801
82.04	-3.0801
82.03	-3.0801
82.03	-3.0800
82.03	-3.0800
82.03	-3.0799
82.03	-3.0802
82.03	-3.0800
82.02	-3.0799
82.02	-3.0801
82.01	-3.0802
82.01	-3.0802
82.00	-3.0803
82.00	-3.0800
82.00	-3.0801
82.00	-3.0800
82.00	-3.0801
82.00	-3.0799
82.00	-3.0801
81.99	-3.0801
81.99	-3.0801
81.98	-3.0801
81.98	-3.0798
81.98	-3.0800
81.98	-3.0801
81.97	-3.0801
81.97	-3.0799
81.97	-3.0800
81.97	-3.0799
81.96	-3.0800
81.96	-3.0799
81.96	-3.0799
81.96	-3.0797
81.95	-3.0797
81.95	-3.0798
81.95	-3.0798
81.95	-3.0798
81.95	-3.0798
81.94	-3.0796
81.94	-3.0796
81.94	-3.0796
81.93	-3.0798
81.93	-3.0796
81.93	-3.0797
81.93	-3.0796
81.93	-3.0796
81.92	-3.0797
81.92	-3.0797
81.92	-3.0797
81.92	-3.0794
81.91	-3.0793
81.91	-3.0795
81.90	-3.0794
81.90	-3.0794
81.90	-3.0793
81.90	-3.0794
81.89	-3.0794
81.89	-3.0793
81.89	-3.0793
81.89	-3.0793
81.88	-3.0792
81.88	-3.0792
81.88	-3.0791
81.88	-3.0792
81.88	-3.0791
81.88	-3.0791
81.88	-3.0793
81.88	-3.0792
81.87	-3.0793
81.87	-3.0790
81.86	-3.0790
81.86	-3.0791
81.86	-3.0789
81.85	-3.0789
81.85	-3.0790
81.85	-3.0787
81.85	-3.0789
81.84	-3.0788
81.84	-3.0788
81.84	-3.0788
81.84	-3.0788
81.83	-3.0789
81.83	-3.0789
81.83	-3.0788
81.83	-3.0788
81.82	-3.0788
81.82	-3.0789
81.82	-3.0789
81.81	-3.0786
81.81	-3.0788
81.81	-3.0786
81.80	-3.0785
81.80	-3.0788
81.80	-3.0786
81.80	-3.0790
81.80	-3.0788
81.80	-3.0787
81.80	-3.0787
81.79	-3.0786
81.79	-3.0786
81.78	-3.0786
81.78	-3.0784
81.78	-3.0787
81.78	-3.0786
81.78	-3.0785
81.78	-3.0786
81.77	-3.0785
81.77	-3.0784
81.76	-3.0784
81.76	-3.0785
81.76	-3.0785
81.76	-3.0784
81.76	-3.0784
81.75	-3.0783
81.75	-3.0785
81.75	-3.0784
81.75	-3.0784
81.74	-3.0785
81.74	-3.0784
81.74	-3.0784
81.73	-3.0784
81.73	-3.0783
81.73	-3.0783
81.73	-3.0781
81.73	-3.0783
81.73	-3.0781
81.73	-3.0783
81.73	-3.0783
81.72	-3.0782
81.72	-3.0781
81.71	-3.0781
81.71	-3.0782
81.71	-3.0782
81.70	-3.0781
81.70	-3.0781
81.69	-3.0781
81.69	-3.0780
81.69	-3.0781
81.69	-3.0781
81.69	-3.0779
81.69	-3.0778
81.69	-3.0780
81.68	-3.0779
81.68	-3.0779
81.67	-3.0778
81.67	-3.0779
81.67	-3.0777
81.67	-3.0779
81.67	-3.0779
81.67	-3.0778
81.66	-3.0778
81.66	-3.0775
81.65	-3.0777
81.65	-3.0775
81.65	-3.0778
81.64	-3.0776
81.64	-3.0775
81.64	-3.0777
81.64	-3.0777
81.64	-3.0776
81.63	-3.0776
81.63	-3.0777
81.63	-3.0774
81.63	-3.0776
81.63	-3.0778
81.62	-3.0778
81.62	-3.0776
81.62	-3.0776
81.62	-3.0776
81.62	-3.0776
81.61	-3.0777
81.61	-3.0776
81.60	-3.0776
81.60	-3.0776
81.60	-3.0776
81.59	-3.0774
81.59	-3.0775
81.59	-3.0773
81.59	-3.0773
81.59	-3.0774
81.58	-3.0773
81.58	-3.0773
81.58	-3.0773
81.58	-3.0774
81.58	-3.0772
81.57	-3.0772
81.57	-3.0770
81.57	-3.0772
81.56	-3.0769
81.56	-3.0771
81.56	-3.0772
81.56	-3.0770
81.55	-3.0771
81.55	-3.0769
81.55	-3.0771
81.55	-3.0769
81.55	-3.0772
81.55	-3.0771
81.54	-3.0770
81.54	-3.0771
81.53	-3.0771
81.53	-3.0770
81.53	-3.0769
81.53	-3.0771
81.53	-3.0771
81.53	-3.0771
81.52	-3.0771
81.52	-3.0771
81.52	-3.0770
81.51	-3.0769
81.51	-3.0771
81.51	-3.0771
81.51	-3.0767
81.51	-3.0769
81.50	-3.0769
81.50	-3.0769
81.50	-3.0768
81.49	-3.0768
81.49	-3.0768
81.49	-3.0767
81.49	-3.0767
81.48	-3.0768
81.48	-3.0768
81.48	-3.0770
81.48	-3.0768
81.47	-3.0768
81.47	-3.0771
81.47	-3.0768
81.46	-3.0770
81.46	-3.0767
81.46	-3.0768
81.46	-3.0769
81.45	-3.0769
81.45	-3.0769
81.45	-3.0768
81.45	-3.0769
81.45	-3.0768
81.44	-3.0767
81.44	-3.0767
81.44	-3.0766
81.43	-3.0769
81.43	-3.0768
81.43	-3.0768
81.42	-3.0768
81.42	-3.0768
81.42	-3.0769
81.42	-3.0767
81.42	-3.0767
81.42	-3.0768
81.42	-3.0768
81.41	-3.0766
81.41	-3.0766
81.41	-3.0768
81.40	-3.0766
81.40	-3.0767
81.39	-3.0765
81.39	-3.0766
81.39	-3.0766
81.39	-3.0767
81.39	-3.0766
81.39	-3.0766
81.38	-3.0767
81.38	-3.0767
81.38	-3.0766
81.38	-3.0769
81.38	-3.0765
81.37	-3.0767
81.37	-3.0768
81.37	-3.0767
81.37	-3.0766
81.36	-3.0767
81.36	-3.0766
81.35	-3.0765
81.35	-3.0766
81.35	-3.0765
81.34	-3.0767
81.34	-3.0765
81.34	-3.0762
81.34	-3.0764
81.34	-3.0762
81.33	-3.0765
81.33	-3.0765
81.33	-3.0765
81.33	-3.0765
81.33	-3.0765
81.33	-3.0764
81.33	-3.0763
81.32	-3.0763
81.32	-3.0764
81.32	-3.0764
81.32	-3.0764
81.31	-3.0761
81.31	-3.0761
81.31	-3.0763
81.30	-3.0763
81.30	-3.0762
81.30	-3.0762
81.30	-3.0759
81.29	-3.0761
81.29	-3.0762
81.29	-3.0760
81.29	-3.0760
81.29	-3.0759
81.28	-3.0760
81.28	-3.0760
81.28	-3.0758
81.28	-3.0759
81.28	-3.0759
81.27	-3.0760
81.27	-3.0757
81.27	-3.0758
81.26	-3.0758
81.26	-3.0758
81.26	-3.0759
81.25	-3.0757
81.25	-3.0758
81.25	-3.0759
81.25	-3.0758
81.25	-3.0758
81.24	-3.0758
81.24	-3.0758
81.24	-3.0757
81.24	-3.0758
81.23	-3.0760
81.23	-3.0760
81.23	-3.0758
81.23	-3.0760
81.22	-3.0757
81.22	-3.0758
81.22	-3.0757
81.22	-3.0757
81.22	-3.0755
81.21	-3.0758
81.21	-3.0754
81.20	-3.0755
81.20	-3.0756
81.20	-3.0756
81.20	-3.0755
81.20	-3.0756
81.20	-3.0753
81.19	-3.0755
81.19	-3.0755
81.18	-3.0754
81.18	-3.0754
81.18	-3.0755
81.18	-3.0754
81.18	-3.0755
81.17	-3.0752
81.17	-3.0753
81.17	-3.0756
81.16	-3.0753
81.16	-3.0753
81.16	-3.0753
81.16	-3.0752
81.16	-3.0753
81.15	-3.0751
81.15	-3.0752
81.14	-3.0753
81.14	-3.0751
81.14	-3.0751
81.14	-3.0751
81.14	-3.0751
81.14	-3.0749
81.13	-3.0751
81.13	-3.0752
81.13	-3.0748
81.13	-3.0752
81.13	-3.0748
81.12	-3.0748
81.12	-3.0749
81.12	-3.0748
81.12	-3.0748
81.11	-3.0748
81.11	-3.0748
81.11	-3.0751
81.11	-3.0748
81.10	-3.0748
81.10	-3.0749
81.09	-3.0749
81.09	-3.0749
81.09	-3.0748
81.09	-3.0747
81.08	-3.0747
81.08	-3.0748
81.08	-3.0746
81.08	-3.0747
81.08	-3.0746
81.08	-3.0746
81.07	-3.0744
81.07	-3.0745
81.07	-3.0743
81.06	-3.0748
81.06	-3.0744
81.06	-3.0744
81.05	-3.0746
81.05	-3.0746
81.05	-3.0744
81.05	-3.0746
81.05	-3.0743
81.04	-3.0746
81.04	-3.0744
81.04	-3.0744
81.04	-3.0744
81.04	-3.0745
81.03	-3.0743
81.03	-3.0744
81.03	-3.0744
81.03	-3.0743
81.02	-3.0743
81.02	-3.0740
81.02	-3.0741
81.01	-3.0742
81.01	-3.0742
81.01	-3.0742
81.01	-3.0741
81.00	-3.0741
81.00	-3.0741
81.00	-3.0741
81.00	-3.0742
80.99	-3.0738
80.99	-3.0740
80.99	-3.0741
80.98	-3.0740
80.98	-3.0739
80.98	-3.0738
80.98	-3.0739
80.98	-3.0739
80.98	-3.0740
80.98	-3.0740
80.97	-3.0739
80.97	-3.0738
80.97	-3.0738
80.97	-3.0737
80.96	-3.0738
80.96	-3.0737
80.95	-3.0737
80.95	-3.0738
80.95	-3.0736
80.95	-3.0736
80.95	-3.0736
80.94	-3.0738
80.94	-3.0737
80.94	-3.0737
80.93	-3.0738
80.93	-3.0738
80.93	-3.0737
80.93	-3.0735
80.92	-3.0736
80.92	-3.0737
80.92	-3.0735
80.92	-3.0736
80.91	-3.0737
80.91	-3.0734
80.91	-3.0737
80.91	-3.0735
80.91	-3.0737
80.90	-3.0735
80.90	-3.0738
80.90	-3.0735
80.89	-3.0734
80.89	-3.0738
80.89	-3.0735
80.88	-3.0738
80.88	-3.0735
80.88	-3.0734
80.88	-3.0736
80.88	-3.0737
80.88	-3.0737
80.87	-3.0737
80.87	-3.0736
80.87	-3.0735
80.86	-3.0735
80.86	-3.0737
80.86	-3.0735
80.85	-3.0735
80.85	-3.0737
80.85	-3.0736
80.85	-3.0736
80.84	-3.0736
80.84	-3.0735
80.84	-3.0734
80.84	-3.0734
80.84	-3.0733
80.83	-3.0737
80.83	-3.0733
80.83	-3.0735
80.83	-3.0734
80.83	-3.0735
80.82	-3.0735
80.82	-3.0736
80.82	-3.0735
80.81	-3.0735
80.81	-3.0733
80.80	-3.0735
80.80	-3.0735
80.80	-3.0736
80.80	-3.0733
80.80	-3.0733
80.80	-3.0734
80.80	-3.0736
80.79	-3.0734
80.78	-3.0734
80.78	-3.0734
80.78	-3.0734
80.78	-3.0733
80.78	-3.0733
80.78	-3.0734
80.78	-3.0732
80.77	-3.0734
80.77	-3.0733
80.77	-3.0733
80.76	-3.0733
80.76	-3.0733
80.75	-3.0733
80.76	-3.0731
80.75	-3.0731
80.75	-3.0731
80.75	-3.0731
80.75	-3.0730
80.74	-3.0730
80.74	-3.0731
80.74	-3.0732
80.74	-3.0730
80.74	-3.0730
80.73	-3.0728
80.73	-3.0730
80.73	-3.0730
80.73	-3.0729
80.73	-3.0728
80.72	-3.0730
80.72	-3.0730
80.72	-3.0731
80.72	-3.0730
80.72	-3.0730
80.71	-3.0727
80.71	-3.0730
80.71	-3.0728
80.71	-3.0729
80.70	-3.0728
80.70	-3.0728
80.69	-3.0727
80.69	-3.0727
80.68	-3.0727
80.68	-3.0728
80.68	-3.0728
80.68	-3.0727
80.67	-3.0727
80.67	-3.0725
80.67	-3.0727
80.67	-3.0728
80.67	-3.0725
80.66	-3.0726
80.66	-3.0725
80.66	-3.0725
80.66	-3.0726
80.65	-3.0724
80.65	-3.0725
80.65	-3.0726
80.64	-3.0724
80.64	-3.0726
80.64	-3.0724
80.64	-3.0724
80.64	-3.0722
80.63	-3.0722
80.63	-3.0724
80.63	-3.0723
80.63	-3.0723
80.62	-3.0723
80.62	-3.0721
80.62	-3.0721
80.62	-3.0720
80.61	-3.0720
80.61	-3.0720
80.60	-3.0720
80.60	-3.0721
80.60	-3.0720
80.60	-3.0720
80.60	-3.0719
80.59	-3.0720
80.59	-3.0717
80.59	-3.0718
80.58	-3.0719
80.58	-3.0719
80.58	-3.0717
80.58	-3.0718
80.58	-3.0716
80.58	-3.0717
80.58	-3.0718
80.58	-3.0719
80.57	-3.0720
80.57	-3.0718
80.57	-3.0719
80.56	-3.0718
80.56	-3.0719
80.56	-3.0718
80.55	-3.0719
80.55	-3.0721
80.55	-3.0719
80.55	-3.0719
80.55	-3.0718
80.54	-3.0719
80.54	-3.0720
80.54	-3.0718
80.54	-3.0718
80.53	-3.0718
80.53	-3.0717
80.53	-3.0718
80.53	-3.0717
80.53	-3.0718
80.52	-3.0716
80.52	-3.0719
80.52	-3.0719
80.51	-3.0719
80.51	-3.0716
80.51	-3.0717
80.50	-3.0717
80.50	-3.0717
80.50	-3.0717
80.50	-3.0717
80.49	-3.0717
80.49	-3.0715
80.48	-3.0716
80.48	-3.0717
80.48	-3.0716
80.48	-3.0717
80.48	-3.0712
80.48	-3.0717
80.47	-3.0714
80.47	-3.0715
80.47	-3.0715
80.47	-3.0717
80.47	-3.0713
80.47	-3.0713
80.47	-3.0714
80.46	-3.0714
80.46	-3.0715
80.45	-3.0714
80.45	-3.0714
80.45	-3.0714
80.44	-3.0714
80.44	-3.0714
80.44	-3.0715
80.43	-3.0713
80.43	-3.0713
80.43	-3.0713
80.43	-3.0715
80.43	-3.0713
80.42	-3.0715
80.42	-3.0711
80.42	-3.0712
80.42	-3.0714
80.42	-3.0713
80.42	-3.0712
80.42	-3.0711
80.41	-3.0712
80.41	-3.0709
80.41	-3.0711
80.41	-3.0709
80.40	-3.0711
80.40	-3.0711
80.39	-3.0712
80.39	-3.0711
80.39	-3.0712
80.39	-3.0711
80.39	-3.0711
80.39	-3.0710
80.38	-3.0709
80.38	-3.0710
80.38	-3.0710
80.38	-3.0709
80.38	-3.0712
80.37	-3.0708
80.37	-3.0708
80.36	-3.0708
80.36	-3.0708
80.36	-3.0709
80.35	-3.0708
80.35	-3.0708
80.35	-3.0710
80.35	-3.0708
80.34	-3.0709
80.34	-3.0707
80.34	-3.0705
80.34	-3.0709
80.34	-3.0708
80.33	-3.0708
80.33	-3.0708
80.33	-3.0707
80.33	-3.0708
80.33	-3.0707
80.32	-3.0706
80.32	-3.0706
80.32	-3.0706
80.32	-3.0706
80.31	-3.0706
80.31	-3.0707
80.31	-3.0706
80.30	-3.0708
80.30	-3.0706
80.30	-3.0705
80.30	-3.0708
80.29	-3.0706
80.29	-3.0707
80.29	-3.0706
80.29	-3.0708
80.28	-3.0706
80.28	-3.0705
80.28	-3.0706
80.28	-3.0707
80.27	-3.0708
80.27	-3.0707
80.27	-3.0706
80.26	-3.0705
80.26	-3.0707
80.26	-3.0708
80.26	-3.0705
80.25	-3.0705
80.25	-3.0708
80.25	-3.0706
80.25	-3.0706
80.25	-3.0706
80.24	-3.0706
80.24	-3.0706
80.24	-3.0705
80.23	-3.0704
80.23	-3.0705
80.23	-3.0703
80.23	-3.0705
80.23	-3.0705
80.22	-3.0705
80.22	-3.0705
80.22	-3.0703
80.22	-3.0706
80.22	-3.0706
80.21	-3.0703
80.20	-3.0703
80.20	-3.0704
80.20	-3.0705
80.20	-3.0706
80.20	-3.0703
80.20	-3.0705
80.20	-3.0705
80.19	-3.0705
80.19	-3.0702
80.18	-3.0702
80.18	-3.0701
80.18	-3.0702
80.18	-3.0701
80.17	-3.0702
80.17	-3.0703
80.17	-3.0704
80.17	-3.0702
80.17	-3.0702
80.16	-3.0699
80.16	-3.0701
80.16	-3.0700
80.15	-3.0700
80.15	-3.0699
80.15	-3.0701
80.14	-3.0701
80.14	-3.0700
80.14	-3.0699
80.14	-3.0699
80.13	-3.0698
80.13	-3.0697
80.13	-3.0697
80.13	-3.0698
80.13	-3.0699
80.12	-3.0697
80.12	-3.0699
80.12	-3.0697
80.12	-3.0697
80.12	-3.0699
80.11	-3.0698
80.11	-3.0698
80.11	-3.0696
80.10	-3.0697
80.10	-3.0697
80.10	-3.0696
80.10	-3.0696
80.09	-3.0697
80.09	-3.0696
80.09	-3.0695
80.09	-3.0697
80.09	-3.0697
80.09	-3.0698
80.08	-3.0695
80.08	-3.0697
80.08	-3.0695
80.07	-3.0697
80.07	-3.0697
80.07	-3.0697
80.06	-3.0697
80.06	-3.0696
80.06	-3.0695
80.05	-3.0695
80.05	-3.0695
80.05	-3.0695
80.05	-3.0693
80.05	-3.0693
80.05	-3.0695
80.05	-3.0694
80.05	-3.0695
80.04	-3.0693
80.04	-3.0693
80.03	-3.0694
80.03	-3.0695
80.03	-3.0694
80.03	-3.0693
80.03	-3.0693
80.02	-3.0693
80.02	-3.0695
80.01	-3.0694
80.01	-3.0695
80.01	-3.0694
80.01	-3.0695
80.00	-3.0694
80.00	-3.0693
80.00	-3.0695
80.00	-3.0691
80.00	-3.0694
80.00	-3.0692
79.99	-3.0692
79.99	-3.0696
79.99	-3.0692
79.99	-3.0694
79.99	-3.0694
79.98	-3.0694
79.98	-3.0692
79.98	-3.0696
79.98	-3.0693
79.97	-3.0693
79.97	-3.0693
79.96	-3.0692
79.96	-3.0691
79.96	-3.0692
79.96	-3.0690
79.95	-3.0690
79.95	-3.0692
79.95	-3.0691
79.95	-3.0690
79.94	-3.0692
79.94	-3.0692
79.94	-3.0691
79.94	-3.0691
79.94	-3.0691
79.93	-3.0692
79.93	-3.0690
79.92	-3.0691
79.92	-3.0692
79.92	-3.0690
79.92	-3.0687
79.92	-3.0689
79.91	-3.0690
79.91	-3.0686
79.90	-3.0689
79.90	-3.0688
79.90	-3.0688
79.90	-3.0688
79.89	-3.0687
79.89	-3.0685
79.89	-3.0688
79.89	-3.0685
79.89	-3.0685
79.88	-3.0682
79.88	-3.0686
79.88	-3.0683
79.88	-3.0683
79.87	-3.0682
79.88	-3.0682
79.87	-3.0683
79.87	-3.0682
79.87	-3.0680
79.86	-3.0680
79.86	-3.0682
79.86	-3.0680
79.85	-3.0677
79.85	-3.0680
79.84	-3.0680
79.84	-3.0678
79.84	-3.0679
79.84	-3.0678
79.84	-3.0678
79.84	-3.0678
79.84	-3.0680
79.83	-3.0679
79.83	-3.0677
79.83	-3.0681
79.82	-3.0680
79.82	-3.0680
79.82	-3.0678
79.82	-3.0678
79.82	-3.0681
79.81	-3.0679
79.81	-3.0679
79.81	-3.0680
79.81	-3.0681
79.80	-3.0680
79.80	-3.0679
79.80	-3.0681
79.80	-3.0679
79.80	-3.0681
79.80	-3.0680
79.79	-3.0678
79.79	-3.0681
79.78	-3.0680
79.78	-3.0680
79.78	-3.0681
79.78	-3.0681
79.77	-3.0680
79.77	-3.0681
79.77	-3.0680
79.77	-3.0679
79.77	-3.0679
79.76	-3.0680
79.76	-3.0680
79.76	-3.0679
79.75	-3.0679
79.75	-3.0679
79.75	-3.0678
79.75	-3.0680
79.75	-3.0681
79.75	-3.0678
79.74	-3.0680
79.74	-3.0679
79.74	-3.0681
79.73	-3.0677
79.73	-3.0681
79.73	-3.0679
79.72	-3.0679
79.72	-3.0680
79.72	-3.0679
79.72	-3.0679
79.72	-3.0680
79.72	-3.0681
79.71	-3.0681
79.71	-3.0679
79.70	-3.0680
79.70	-3.0679
79.70	-3.0679
79.70	-3.0677
79.69	-3.0679
79.69	-3.0678
79.69	-3.0677
79.69	-3.0679
79.69	-3.0678
79.68	-3.0677
79.68	-3.0677
79.67	-3.0677
79.67	-3.0677
79.67	-3.0675
79.67	-3.0675
79.67	-3.0676
79.66	-3.0676
79.66	-3.0675
79.66	-3.0674
79.66	-3.0676
79.65	-3.0675
79.65	-3.0674
79.65	-3.0676
79.64	-3.0675
79.64	-3.0674
79.64	-3.0672
79.64	-3.0674
79.64	-3.0672
79.63	-3.0674
79.63	-3.0674
79.63	-3.0674
79.63	-3.0674
79.63	-3.0673
79.63	-3.0674
79.63	-3.0672
79.62	-3.0674
79.61	-3.0674
79.61	-3.0672
79.60	-3.0670
79.60	-3.0670
79.60	-3.0672
79.59	-3.0672
79.59	-3.0671
79.59	-3.0672
79.59	-3.0671
79.59	-3.0672
79.59	-3.0672
79.58	-3.0669
79.58	-3.0669
79.58	-3.0668
79.58	-3.0671
79.58	-3.0667
79.58	-3.0668
79.58	-3.0668
79.58	-3.0666
79.57	-3.0666
79.57	-3.0668
79.57	-3.0666
79.56	-3.0667
79.56	-3.0667
79.55	-3.0667
79.55	-3.0668
79.55	-3.0667
79.55	-3.0668
79.54	-3.0667
79.54	-3.0666
79.54	-3.0667
79.54	-3.0665
79.53	-3.0667
79.53	-3.0667
79.53	-3.0666
79.53	-3.0667
79.53	-3.0665
79.53	-3.0664
79.52	-3.0666
79.52	-3.0664
79.52	-3.0665
79.52	-3.0665
79.51	-3.0666
79.51	-3.0666
79.51	-3.0665
79.50	-3.0666
79.50	-3.0663
79.50	-3.0662
79.50	-3.0663
79.50	-3.0663
79.50	-3.0662
79.49	-3.0663
79.49	-3.0660
79.49	-3.0661
79.48	-3.0661
79.48	-3.0662
79.48	-3.0661
79.47	-3.0659
79.47	-3.0660
79.47	-3.0660
79.46	-3.0658
79.46	-3.0660
79.46	-3.0659
79.46	-3.0660
79.46	-3.0659
79.45	-3.0661
79.45	-3.0658
79.45	-3.0660
79.45	-3.0660
79.45	-3.0660
79.44	-3.0659
79.44	-3.0659
79.44	-3.0659
79.44	-3.0659
79.44	-3.0661
79.43	-3.0658
79.43	-3.0659
79.42	-3.0658
79.42	-3.0660
79.42	-3.0655
79.42	-3.0658
79.42	-3.0656
79.42	-3.0657
79.41	-3.0656
79.41	-3.0657
79.41	-3.0655
79.41	-3.0654
79.40	-3.0656
79.40	-3.0655
79.40	-3.0653
79.39	-3.0656
79.39	-3.0655
79.39	-3.0655
79.39	-3.0654
79.38	-3.0657
79.38	-3.0656
79.38	-3.0656
79.38	-3.0654
79.38	-3.0654
79.38	-3.0653
79.38	-3.0655
79.37	-3.0653
79.36	-3.0653
79.36	-3.0654
79.36	-3.0653
79.35	-3.0653
79.35	-3.0655
79.35	-3.0654
79.34	-3.0655
79.34	-3.0654
79.34	-3.0654
79.34	-3.0653
79.34	-3.0653
79.34	-3.0653
79.33	-3.0652
79.33	-3.0654
79.33	-3.0653
79.33	-3.0650
79.32	-3.0652
79.32	-3.0650
79.32	-3.0651
79.32	-3.0651
79.31	-3.0650
79.31	-3.0653
79.31	-3.0650
79.31	-3.0651
79.30	-3.0650
79.30	-3.0647
79.30	-3.0649
79.30	-3.0647
79.29	-3.0651
79.29	-3.0649
79.29	-3.0649
79.29	-3.0649
79.29	-3.0649
79.28	-3.0647
79.28	-3.0646
79.28	-3.0648
79.28	-3.0648
79.27	-3.0648
79.27	-3.0648
79.27	-3.0649
79.27	-3.0647
79.26	-3.0647
79.26	-3.0647
79.26	-3.0648
79.25	-3.0646
79.25	-3.0648
79.25	-3.0650
79.25	-3.0647
79.25	-3.0649
79.25	-3.0648
79.24	-3.0648
79.23	-3.0648
79.23	-3.0646
79.23	-3.0648
79.23	-3.0647
79.23	-3.0647
79.22	-3.0646
79.22	-3.0647
79.22	-3.0647
79.22	-3.0646
79.21	-3.0647
79.21	-3.0648
79.21	-3.0650
79.20	-3.0646
79.20	-3.0646
79.20	-3.0644
79.20	-3.0644
79.20	-3.0647
79.20	-3.0646
79.20	-3.0645
79.19	-3.0646
79.18	-3.0646
79.18	-3.0647
79.18	-3.0644
79.17	-3.0646
79.17	-3.0645
79.17	-3.0645
79.17	-3.0644
79.17	-3.0645
79.17	-3.0644
79.16	-3.0644
79.16	-3.0646
79.16	-3.0642
79.16	-3.0644
79.15	-3.0645
79.15	-3.0644
79.15	-3.0644
79.15	-3.0643
79.14	-3.0641
79.14	-3.0643
79.14	-3.0642
79.14	-3.0642
79.14	-3.0643
79.14	-3.0643
79.13	-3.0643
79.13	-3.0642
79.12	-3.0643
79.12	-3.0642
79.12	-3.0643
79.11	-3.0641
79.11	-3.0641
79.11	-3.0642
79.11	-3.0642
79.10	-3.0640
79.10	-3.0640
79.10	-3.0641
79.10	-3.0639
79.09	-3.0643
79.09	-3.0642
79.09	-3.0641
79.09	-3.0642
79.09	-3.0639
79.08	-3.0643
79.09	-3.0641
79.08	-3.0640
79.08	-3.0640
79.07	-3.0641
79.07	-3.0642
79.07	-3.0640
79.06	-3.0638
79.06	-3.0639
79.06	-3.0639
79.06	-3.0638
79.05	-3.0638
79.05	-3.0637
79.05	-3.0636
79.05	-3.0636
79.05	-3.0637
79.05	-3.0636
79.05	-3.0635
79.04	-3.0635
79.04	-3.0635
79.03	-3.0632
79.03	-3.0634
79.03	-3.0631
79.03	-3.0632
79.02	-3.0633
79.02	-3.0630
79.02	-3.0631
79.02	-3.0632
79.01	-3.0631
79.01	-3.0630
79.01	-3.0630
79.00	-3.0631
79.00	-3.0631
79.00	-3.0628
79.00	-3.0630
78.99	-3.0629
78.99	-3.0632
78.99	-3.0629
78.99	-3.0629
78.98	-3.0628
78.98	-3.0630
78.98	-3.0629
78.98	-3.0627
78.98	-3.0629
78.98	-3.0626
78.97	-3.0628
78.97	-3.0626
78.97	-3.0626
78.97	-3.0627
78.96	-3.0626
78.96	-3.0626
78.96	-3.0626
78.95	-3.0626
78.95	-3.0624
78.95	-3.0624
78.95	-3.0626
78.94	-3.0625
78.94	-3.0626
78.93	-3.0625
78.93	-3.0626
78.93	-3.0624
78.92	-3.0626
78.92	-3.0624
78.92	-3.0624
78.92	-3.0624
78.92	-3.0624
78.92	-3.0625
78.92	-3.0626
78.91	-3.0626
78.91	-3.0626
78.90	-3.0625
78.90	-3.0627
78.90	-3.0626
78.90	-3.0625
78.89	-3.0626
78.89	-3.0626
78.89	-3.0626
78.89	-3.0626
78.89	-3.0628
78.88	-3.0625
78.88	-3.0623
78.88	-3.0624
78.88	-3.0624
78.88	-3.0626
78.87	-3.0626
78.87	-3.0625
78.86	-3.0623
78.86	-3.0625
78.86	-3.0625
78.86	-3.0626
78.86	-3.0624
78.86	-3.0623
78.86	-3.0624
78.85	-3.0623
78.85	-3.0622
78.84	-3.0623
78.84	-3.0622
78.83	-3.0623
78.83	-3.0621
78.83	-3.0622
78.83	-3.0623
78.83	-3.0621
78.83	-3.0622
78.83	-3.0621
78.83	-3.0622
78.83	-3.0621
78.82	-3.0622
78.82	-3.0621
78.81	-3.0621
78.81	-3.0621
78.81	-3.0623
78.80	-3.0620
78.80	-3.0620
78.80	-3.0618
78.80	-3.0620
78.80	-3.0620
78.79	-3.0619
78.79	-3.0621
78.78	-3.0619
78.78	-3.0617
78.78	-3.0618
78.78	-3.0620
78.78	-3.0618
78.78	-3.0619
78.78	-3.0618
78.77	-3.0620
78.77	-3.0617
78.76	-3.0618
78.76	-3.0618
78.76	-3.0616
78.76	-3.0616
78.75	-3.0615
78.75	-3.0616
78.75	-3.0616
78.75	-3.0617
78.75	-3.0617
78.74	-3.0616
78.74	-3.0616
78.74	-3.0616
78.74	-3.0616
78.74	-3.0615
78.73	-3.0617
78.73	-3.0616
78.73	-3.0615
78.73	-3.0617
78.72	-3.0616
78.72	-3.0617
78.72	-3.0614
78.71	-3.0617
78.71	-3.0618
78.71	-3.0618
78.70	-3.0616
78.70	-3.0616
78.70	-3.0617
78.69	-3.0617
78.69	-3.0616
78.69	-3.0617
78.69	-3.0618
78.69	-3.0618
78.68	-3.0617
78.67	-3.0615
78.67	-3.0616
78.67	-3.0616
78.67	-3.0616
78.67	-3.0615
78.67	-3.0616
78.67	-3.0618
78.66	-3.0616
78.66	-3.0616
78.66	-3.0617
78.66	-3.0619
78.66	-3.0616
78.65	-3.0617
78.65	-3.0616
78.65	-3.0616
78.64	-3.0616
78.64	-3.0615
78.64	-3.0616
78.64	-3.0615
78.64	-3.0617
78.64	-3.0615
78.63	-3.0615
78.63	-3.0615
78.63	-3.0612
78.63	-3.0614
78.62	-3.0613
78.62	-3.0612
78.62	-3.0612
78.61	-3.0609
78.61	-3.0611
78.61	-3.0611
78.60	-3.0613
78.60	-3.0610
78.60	-3.0610
78.60	-3.0609
78.60	-3.0610
78.59	-3.0610
78.59	-3.0609
78.59	-3.0609
78.58	-3.0606
78.58	-3.0608
78.58	-3.0607
78.58	-3.0608
78.58	-3.0609
78.58	-3.0608
78.57	-3.0609
78.57	-3.0608
78.57	-3.0610
78.57	-3.0608
78.56	-3.0608
78.56	-3.0609
78.56	-3.0609
78.55	-3.0607
78.55	-3.0608
78.55	-3.0607
78.55	-3.0608
78.55	-3.0608
78.54	-3.0607
78.54	-3.0607
78.53	-3.0606
78.53	-3.0607
78.53	-3.0605
78.53	-3.0605
78.53	-3.0606
78.53	-3.0604
78.52	-3.0605
78.52	-3.0604
78.52	-3.0606
78.52	-3.0605
78.51	-3.0607
78.51	-3.0604
78.51	-3.0606
78.51	-3.0603
78.51	-3.0604
78.50	-3.0604
78.50	-3.0605
78.50	-3.0604
78.50	-3.0606
78.49	-3.0604
78.49	-3.0604
78.49	-3.0605
78.49	-3.0604
78.48	-3.0601
78.48	-3.0604
78.48	-3.0605
78.48	-3.0604
78.47	-3.0606
78.47	-3.0605
78.47	-3.0603
78.47	-3.0605
78.47	-3.0605
78.46	-3.0600
78.45	-3.0604
78.45	-3.0606
78.45	-3.0606
78.45	-3.0602
78.45	-3.0605
78.44	-3.0603
78.44	-3.0606
78.44	-3.0606
78.44	-3.0606
78.43	-3.0604
78.43	-3.0604
78.42	-3.0604
78.42	-3.0605
78.42	-3.0604
78.42	-3.0604
78.42	-3.0603
78.42	-3.0605
78.41	-3.0603
78.41	-3.0603
78.41	-3.0602
78.40	-3.0603
78.40	-3.0603
78.40	-3.0603
78.39	-3.0600
78.39	-3.0600
78.39	-3.0600
78.39	-3.0600
78.39	-3.0600
78.39	-3.0597
78.38	-3.0601
78.38	-3.0596
78.38	-3.0597
78.38	-3.0596
78.38	-3.0596
78.38	-3.0595
78.38	-3.0595
78.37	-3.0592
78.37	-3.0594
78.36	-3.0592
78.35	-3.0593
78.35	-3.0593
78.35	-3.0592
78.35	-3.0591
78.35	-3.0590
78.35	-3.0593
78.34	-3.0589
78.34	-3.0593
78.34	-3.0589
78.33	-3.0589
78.33	-3.0590
78.33	-3.0588
78.33	-3.0591
78.32	-3.0589
78.32	-3.0589
78.32	-3.0590
78.33	-3.0590
78.32	-3.0589
78.32	-3.0589
78.31	-3.0587
78.31	-3.0589
78.31	-3.0589
78.30	-3.0586
78.30	-3.0589
78.30	-3.0587
78.30	-3.0586
78.30	-3.0586
78.30	-3.0586
78.29	-3.0587
78.29	-3.0584
78.29	-3.0587
78.28	-3.0585
78.28	-3.0584
78.28	-3.0586
78.27	-3.0585
78.27	-3.0586
78.27	-3.0588
78.26	-3.0587
78.26	-3.0585
78.26	-3.0588
78.26	-3.0587
78.26	-3.0586
78.25	-3.0588
78.25	-3.0587
78.25	-3.0587
78.25	-3.0588
78.25	-3.0586
78.25	-3.0590
78.25	-3.0588
78.24	-3.0589
78.24	-3.0586
78.23	-3.0590
78.23	-3.0588
78.23	-3.0589
78.23	-3.0590
78.23	-3.0589
78.22	-3.0588
78.21	-3.0590
78.21	-3.0591
78.21	-3.0591
78.21	-3.0591
78.20	-3.0589
78.20	-3.0591
78.20	-3.0590
78.20	-3.0592
78.19	-3.0591
78.19	-3.0593
78.19	-3.0591
78.19	-3.0591
78.19	-3.0593
78.19	-3.0593
78.18	-3.0593
78.18	-3.0593
78.18	-3.0593
78.18	-3.0594
78.18	-3.0591
78.17	-3.0595
78.17	-3.0592
78.17	-3.0594
78.16	-3.0595
78.16	-3.0596
78.15	-3.0594
78.15	-3.0595
78.15	-3.0594
78.15	-3.0594
78.15	-3.0594
78.14	-3.0593
78.14	-3.0592
78.14	-3.0593
78.13	-3.0593
78.13	-3.0591
78.13	-3.0590
78.13	-3.0591
78.13	-3.0590
78.13	-3.0588
78.12	-3.0587
78.12	-3.0587
78.12	-3.0590
78.12	-3.0587
78.12	-3.0587
78.11	-3.0586
78.11	-3.0585
78.10	-3.0586
78.10	-3.0585
78.10	-3.0586
78.09	-3.0584
78.09	-3.0583
78.09	-3.0583
78.09	-3.0585
78.09	-3.0581
78.08	-3.0584
78.08	-3.0583
78.08	-3.0580
78.08	-3.0583
78.08	-3.0581
78.08	-3.0583
78.07	-3.0581
78.07	-3.0583
78.06	-3.0579
78.06	-3.0580
78.06	-3.0581
78.06	-3.0581
78.06	-3.0580
78.06	-3.0580
78.05	-3.0582
78.05	-3.0581
78.05	-3.0581
78.04	-3.0580
78.04	-3.0579
78.04	-3.0580
78.03	-3.0583
78.03	-3.0579
78.03	-3.0579
78.03	-3.0579
78.03	-3.0579
78.03	-3.0579
78.02	-3.0580
78.02	-3.0578
78.02	-3.0578
78.01	-3.0579
78.01	-3.0577
78.00	-3.0579
78.00	-3.0577
78.00	-3.0577
78.00	-3.0575
78.00	-3.0575
78.00	-3.0577
78.00	-3.0575
78.00	-3.0574
77.99	-3.0573
77.99	-3.0572
77.99	-3.0573
77.99	-3.0571
77.99	-3.0572
77.98	-3.0572
77.98	-3.0572
77.98	-3.0570
77.97	-3.0573
77.97	-3.0568
77.97	-3.0570
77.96	-3.0570
77.96	-3.0567
77.96	-3.0567
77.95	-3.0566
77.95	-3.0568
77.95	-3.0567
77.95	-3.0566
77.95	-3.0567
77.94	-3.0566
77.94	-3.0566
77.94	-3.0567
77.94	-3.0565
77.93	-3.0563
77.93	-3.0565
77.93	-3.0566
77.93	-3.0564
77.93	-3.0563
77.93	-3.0561
77.92	-3.0561
77.92	-3.0564
77.91	-3.0564
77.91	-3.0561
77.91	-3.0562
77.91	-3.0563
77.90	-3.0560
77.90	-3.0561
77.90	-3.0562
77.89	-3.0561
77.89	-3.0560
77.89	-3.0562
77.89	-3.0560
77.89	-3.0561
77.89	-3.0560
77.88	-3.0561
77.88	-3.0557
77.88	-3.0560
77.88	-3.0559
77.87	-3.0558
77.87	-3.0559
77.87	-3.0558
77.87	-3.0556
77.86	-3.0558
77.86	-3.0557
77.86	-3.0558
77.85	-3.0556
77.85	-3.0556
77.84	-3.0556
77.84	-3.0556
77.84	-3.0556
77.84	-3.0556
77.84	-3.0556
77.84	-3.0557
77.83	-3.0555
77.83	-3.0555
77.83	-3.0556
77.83	-3.0555
77.83	-3.0555
77.82	-3.0555
77.82	-3.0555
77.81	-3.0554
77.81	-3.0554
77.81	-3.0556
77.81	-3.0553
77.80	-3.0554
77.80	-3.0552
77.80	-3.0553
77.80	-3.0552
77.80	-3.0553
77.79	-3.0553
77.79	-3.0553
77.79	-3.0553
77.78	-3.0552
77.78	-3.0554
77.78	-3.0553
77.78	-3.0551
77.78	-3.0553
77.77	-3.0554
77.77	-3.0553
77.77	-3.0551
77.77	-3.0553
77.77	-3.0549
77.77	-3.0551
77.76	-3.0553
77.76	-3.0551
77.76	-3.0549
77.75	-3.0550
77.75	-3.0551
77.75	-3.0549
77.75	-3.0549
77.74	-3.0550
77.74	-3.0548
77.74	-3.0549
77.74	-3.0548
77.73	-3.0549
77.73	-3.0548
77.73	-3.0549
77.73	-3.0547
77.72	-3.0548
77.72	-3.0546
77.72	-3.0547
77.72	-3.0548
77.71	-3.0547
77.71	-3.0549
77.71	-3.0545
77.70	-3.0548
77.70	-3.0546
77.70	-3.0548
77.70	-3.0549
77.70	-3.0548
77.70	-3.0546
77.69	-3.0546
77.69	-3.0545
77.69	-3.0545
77.69	-3.0547
77.68	-3.0545
77.68	-3.0546
77.67	-3.0544
77.67	-3.0543
77.67	-3.0543
77.67	-3.0544
77.67	-3.0545
77.67	-3.0543
77.66	-3.0543
77.66	-3.0543
77.66	-3.0542
77.65	-3.0542
77.65	-3.0543
77.65	-3.0544
77.65	-3.0543
77.64	-3.0542
77.64	-3.0542
77.64	-3.0543
77.64	-3.0543
77.64	-3.0541
77.64	-3.0542
77.63	-3.0544
77.63	-3.0545
77.63	-3.0544
77.63	-3.0543
77.62	-3.0542
77.62	-3.0543
77.61	-3.0542
77.61	-3.0539
77.61	-3.0541
77.61	-3.0540
77.60	-3.0542
77.60	-3.0542
77.60	-3.0543
77.59	-3.0542
77.59	-3.0540
77.59	-3.0540
77.59	-3.0541
77.59	-3.0541
77.59	-3.0540
77.58	-3.0541
77.58	-3.0540
77.58	-3.0541
77.58	-3.0540
77.58	-3.0540
77.57	-3.0541
77.57	-3.0539
77.57	-3.0539
77.56	-3.0536
77.56	-3.0539
77.55	-3.0541
77.55	-3.0541
77.55	-3.0537
77.55	-3.0538
77.55	-3.0539
77.55	-3.0538
77.55	-3.0540
77.54	-3.0538
77.54	-3.0537
77.53	-3.0540
77.53	-3.0537
77.53	-3.0538
77.53	-3.0538
77.53	-3.0536
77.53	-3.0539
77.52	-3.0537
77.52	-3.0539
77.52	-3.0536
77.51	-3.0537
77.51	-3.0537
77.50	-3.0538
77.50	-3.0538
77.50	-3.0537
77.50	-3.0535
77.50	-3.0539
77.50	-3.0538
77.50	-3.0537
77.49	-3.0537
77.49	-3.0535
77.49	-3.0536
77.48	-3.0536
77.48	-3.0536
77.48	-3.0536
77.48	-3.0536
77.48	-3.0536
77.48	-3.0537
77.48	-3.0537
77.48	-3.0537
77.47	-3.0537
77.47	-3.0536
77.47	-3.0536
77.46	-3.0536
77.45	-3.0536
77.45	-3.0537
77.45	-3.0536
77.45	-3.0536
77.45	-3.0535
77.44	-3.0536
77.44	-3.0536
77.44	-3.0537
77.43	-3.0536
77.43	-3.0537
77.43	-3.0536
77.43	-3.0534
77.42	-3.0535
77.42	-3.0537
77.42	-3.0535
77.42	-3.0537
77.41	-3.0534
77.41	-3.0535
77.40	-3.0533
77.40	-3.0535
77.40	-3.0535
77.39	-3.0534
77.39	-3.0534
77.39	-3.0533
77.39	-3.0535
77.39	-3.0533
77.39	-3.0533
77.39	-3.0532
77.38	-3.0535
77.38	-3.0533
77.38	-3.0531
77.38	-3.0534
77.38	-3.0533
77.38	-3.0533
77.37	-3.0532
77.37	-3.0534
77.36	-3.0535
77.36	-3.0533
77.36	-3.0533
77.36	-3.0535
77.35	-3.0531
77.35	-3.0536
77.35	-3.0534
77.34	-3.0534
77.34	-3.0536
77.34	-3.0534
77.34	-3.0536
77.34	-3.0535
77.34	-3.0535
77.34	-3.0530
77.33	-3.0536
77.33	-3.0534
77.33	-3.0536
77.33	-3.0531
77.32	-3.0534
77.32	-3.0532
77.31	-3.0531
77.31	-3.0532
77.31	-3.0531
77.30	-3.0530
77.30	-3.0531
77.30	-3.0531
77.30	-3.0533
77.30	-3.0534
77.29	-3.0533
77.29	-3.0533
77.29	-3.0532
77.29	-3.0532
77.28	-3.0534
77.28	-3.0532
77.28	-3.0533
77.28	-3.0533
77.28	-3.0533
77.28	-3.0534
77.27	-3.0530
77.27	-3.0532
77.27	-3.0530
77.27	-3.0530
77.26	-3.0532
77.26	-3.0530
77.25	-3.0529
77.25	-3.0530
77.25	-3.0530
77.24	-3.0529
77.24	-3.0528
77.24	-3.0529
77.23	-3.0529
77.23	-3.0528
77.23	-3.0527
77.23	-3.0528
77.23	-3.0528
77.23	-3.0528
77.23	-3.0527
77.23	-3.0527
77.22	-3.0529
77.22	-3.0526
77.22	-3.0526
77.22	-3.0528
77.21	-3.0526
77.21	-3.0525
77.21	-3.0527
77.20	-3.0526
77.20	-3.0528
77.20	-3.0525
77.19	-3.0526
77.19	-3.0525
77.18	-3.0526
77.19	-3.0524
77.18	-3.0524
77.18	-3.0526
77.18	-3.0523
77.17	-3.0525
77.17	-3.0526
77.17	-3.0525
77.17	-3.0526
77.17	-3.0524
77.17	-3.0524
77.16	-3.0523
77.16	-3.0524
77.15	-3.0524
77.15	-3.0525
77.15	-3.0524
77.14	-3.0523
77.14	-3.0524
77.14	-3.0524
77.14	-3.0523
77.14	-3.0522
77.14	-3.0524
77.13	-3.0523
77.13	-3.0523
77.13	-3.0522
77.13	-3.0523
77.13	-3.0523
77.12	-3.0521
77.12	-3.0522
77.12	-3.0523
77.11	-3.0523
77.11	-3.0522
77.11	-3.0521
77.10	-3.0522
77.10	-3.0520
77.10	-3.0521
77.10	-3.0521
77.09	-3.0521
77.09	-3.0521
77.09	-3.0522
77.09	-3.0521
77.08	-3.0519
77.08	-3.0521
77.08	-3.0521
77.08	-3.0519
77.08	-3.0521
77.07	-3.0521
77.07	-3.0520
77.07	-3.0519
77.07	-3.0521
77.06	-3.0520
77.06	-3.0522
77.06	-3.0520
77.06	-3.0522
77.05	-3.0522
77.05	-3.0519
77.05	-3.0520
77.05	-3.0521
77.04	-3.0520
77.04	-3.0521
77.04	-3.0522
77.03	-3.0520
77.03	-3.0520
77.03	-3.0520
77.03	-3.0521
77.03	-3.0519
77.02	-3.0517
77.02	-3.0519
77.01	-3.0519
77.01	-3.0519
77.01	-3.0519
77.01	-3.0520
77.01	-3.0518
77.00	-3.0520
77.00	-3.0519
77.00	-3.0518
77.00	-3.0520
77.00	-3.0519
77.00	-3.0521
76.99	-3.0520
76.99	-3.0521
76.99	-3.0519
76.98	-3.0522
76.98	-3.0521
76.98	-3.0520
76.97	-3.0521
76.97	-3.0520
76.97	-3.0520
76.97	-3.0520
76.97	-3.0520
76.97	-3.0521
76.96	-3.0519
76.96	-3.0520
76.96	-3.0522
76.96	-3.0518
76.96	-3.0520
76.95	-3.0519
76.95	-3.0518
76.94	-3.0519
76.94	-3.0518
76.94	-3.0517
76.94	-3.0518
76.94	-3.0515
76.93	-3.0518
76.92	-3.0518
76.92	-3.0515
76.92	-3.0517
76.92	-3.0517
76.92	-3.0515
76.91	-3.0516
76.91	-3.0516
76.91	-3.0516
76.91	-3.0514
76.91	-3.0514
76.90	-3.0514
76.90	-3.0515
76.90	-3.0514
76.89	-3.0515
76.89	-3.0513
76.89	-3.0514
76.89	-3.0515
76.89	-3.0514
76.89	-3.0515
76.88	-3.0514
76.88	-3.0511
76.88	-3.0514
76.88	-3.0512
76.87	-3.0512
76.87	-3.0513
76.87	-3.0512
76.87	-3.0509
76.87	-3.0511
76.86	-3.0509
76.86	-3.0512
76.86	-3.0510
76.86	-3.0511
76.85	-3.0511
76.85	-3.0511
76.85	-3.0510
76.84	-3.0510
76.84	-3.0508
76.84	-3.0509
76.84	-3.0507
76.83	-3.0509
76.83	-3.0507
76.83	-3.0508
76.83	-3.0508
76.82	-3.0506
76.82	-3.0509
76.82	-3.0507
76.81	-3.0507
76.81	-3.0506
76.81	-3.0507
76.80	-3.0505
76.80	-3.0505
76.80	-3.0508
76.80	-3.0506
76.80	-3.0503
76.80	-3.0506
76.80	-3.0505
76.80	-3.0505
76.79	-3.0507
76.79	-3.0507
76.79	-3.0505
76.78	-3.0506
76.78	-3.0505
76.78	-3.0507
76.78	-3.0506
76.77	-3.0508
76.77	-3.0506
76.76	-3.0506
76.76	-3.0507
76.75	-3.0505
76.76	-3.0505
76.76	-3.0505
76.76	-3.0506
76.75	-3.0504
76.75	-3.0506
76.75	-3.0506
76.74	-3.0504
76.74	-3.0505
76.74	-3.0504
76.74	-3.0504
76.73	-3.0503
76.73	-3.0505
76.73	-3.0504
76.73	-3.0501
76.73	-3.0502
76.72	-3.0499
76.73	-3.0503
76.72	-3.0502
76.72	-3.0503
76.71	-3.0501
76.71	-3.0501
76.71	-3.0504
76.70	-3.0502
76.70	-3.0503
76.70	-3.0500
76.70	-3.0503
76.69	-3.0500
76.69	-3.0500
76.69	-3.0502
76.69	-3.0499
76.68	-3.0500
76.68	-3.0499
76.68	-3.0501
76.67	-3.0499
76.68	-3.0500
76.67	-3.0498
76.67	-3.0501
76.67	-3.0500
76.67	-3.0499
76.67	-3.0499
76.66	-3.0501
76.65	-3.0498
76.65	-3.0498
76.64	-3.0500
76.64	-3.0499
76.64	-3.0498
76.64	-3.0499
76.64	-3.0496
76.64	-3.0500
76.63	-3.0499
76.63	-3.0495
76.63	-3.0497
76.63	-3.0495
76.63	-3.0496
76.63	-3.0496
76.62	-3.0495
76.62	-3.0497
76.62	-3.0495
76.62	-3.0495
76.62	-3.0495
76.61	-3.0497
76.61	-3.0495
76.60	-3.0494
76.60	-3.0493
76.60	-3.0495
76.60	-3.0495
76.59	-3.0493
76.59	-3.0493
76.58	-3.0492
76.58	-3.0492
76.58	-3.0493
76.58	-3.0493
76.58	-3.0493
76.58	-3.0492
76.58	-3.0491
76.57	-3.0492
76.57	-3.0491
76.57	-3.0491
76.57	-3.0491
76.57	-3.0492
76.56	-3.0491
76.56	-3.0491
76.56	-3.0492
76.56	-3.0492
76.55	-3.0491
76.55	-3.0491
76.55	-3.0492
76.54	-3.0492
76.54	-3.0491
76.54	-3.0491
76.53	-3.0493
76.53	-3.0492
76.53	-3.0494
76.53	-3.0493
76.52	-3.0490
76.52	-3.0493
76.52	-3.0491
76.52	-3.0491
76.52	-3.0491
76.52	-3.0491
76.51	-3.0493
76.51	-3.0493
76.50	-3.0490
76.50	-3.0492
76.50	-3.0492
76.50	-3.0492
76.49	-3.0493
76.49	-3.0493
76.49	-3.0491
76.48	-3.0492
76.48	-3.0492
76.48	-3.0492
76.48	-3.0492
76.48	-3.0490
76.48	-3.0491
76.48	-3.0491
76.47	-3.0494
76.47	-3.0491
76.47	-3.0491
76.46	-3.0492
76.46	-3.0492
76.45	-3.0491
76.45	-3.0489
76.45	-3.0488
76.45	-3.0491
76.45	-3.0490
76.45	-3.0490
76.44	-3.0489
76.44	-3.0487
76.44	-3.0490
76.43	-3.0488
76.43	-3.0487
76.43	-3.0487
76.43	-3.0485
76.43	-3.0490
76.42	-3.0488
76.42	-3.0487
76.42	-3.0487
76.41	-3.0487
76.41	-3.0488
76.41	-3.0488
76.41	-3.0486
76.41	-3.0485
76.40	-3.0487
76.40	-3.0486
76.40	-3.0486
76.39	-3.0486
76.39	-3.0483
76.39	-3.0484
76.39	-3.0484
76.39	-3.0483
76.38	-3.0485
76.38	-3.0483
76.38	-3.0482
76.38	-3.0481
76.37	-3.0481
76.37	-3.0483
76.37	-3.0482
76.37	-3.0481
76.36	-3.0481
76.36	-3.0481
76.36	-3.0481
76.36	-3.0481
76.36	-3.0482
76.35	-3.0481
76.35	-3.0479
76.34	-3.0481
76.34	-3.0479
76.34	-3.0481
76.34	-3.0479
76.33	-3.0479
76.33	-3.0478
76.33	-3.0479
76.32	-3.0478
76.32	-3.0480
76.32	-3.0479
76.32	-3.0479
76.32	-3.0479
76.32	-3.0480
76.32	-3.0477
76.31	-3.0479
76.31	-3.0477
76.30	-3.0478
76.30	-3.0479
76.30	-3.0479
76.29	-3.0478
76.29	-3.0478
76.29	-3.0477
76.29	-3.0479
76.28	-3.0478
76.28	-3.0480
76.28	-3.0478
76.28	-3.0477
76.28	-3.0477
76.27	-3.0478
76.27	-3.0477
76.27	-3.0477
76.27	-3.0479
76.26	-3.0477
76.26	-3.0478
76.25	-3.0479
76.25	-3.0478
76.25	-3.0477
76.25	-3.0478
76.25	-3.0478
76.25	-3.0479
76.25	-3.0478
76.24	-3.0479
76.24	-3.0478
76.23	-3.0477
76.23	-3.0475
76.23	-3.0477
76.23	-3.0477
76.23	-3.0476
76.23	-3.0477
76.23	-3.0477
76.22	-3.0477
76.22	-3.0476
76.21	-3.0477
76.21	-3.0475
76.21	-3.0475
76.21	-3.0473
76.20	-3.0476
76.20	-3.0475
76.20	-3.0471
76.20	-3.0473
76.19	-3.0473
76.19	-3.0473
76.19	-3.0474
76.19	-3.0472
76.18	-3.0473
76.18	-3.0472
76.18	-3.0472
76.18	-3.0473
76.17	-3.0472
76.17	-3.0471
76.17	-3.0473
76.17	-3.0471
76.16	-3.0473
76.16	-3.0475
76.16	-3.0470
76.15	-3.0472
76.16	-3.0474
76.15	-3.0472
76.15	-3.0473
76.15	-3.0468
76.15	-3.0470
76.14	-3.0469
76.14	-3.0469
76.14	-3.0470
76.13	-3.0471
76.13	-3.0471
76.13	-3.0469
76.13	-3.0468
76.13	-3.0470
76.12	-3.0469
76.12	-3.0470
76.12	-3.0471
76.12	-3.0469
76.11	-3.0470
76.11	-3.0468
76.10	-3.0468
76.10	-3.0468
76.09	-3.0468
76.09	-3.0467
76.09	-3.0468
76.09	-3.0469
76.09	-3.0468
76.09	-3.0466
76.09	-3.0469
76.09	-3.0467
76.08	-3.0467
76.08	-3.0468
76.08	-3.0468
76.08	-3.0466
76.08	-3.0468
76.07	-3.0467
76.07	-3.0466
76.07	-3.0464
76.07	-3.0466
76.06	-3.0466
76.06	-3.0467
76.05	-3.0465
76.05	-3.0464
76.05	-3.0464
76.05	-3.0462
76.04	-3.0465
76.04	-3.0462
76.04	-3.0463
76.03	-3.0464
76.03	-3.0461
76.03	-3.0461
76.03	-3.0460
76.03	-3.0459
76.03	-3.0462
76.03	-3.0460
76.03	-3.0461
76.02	-3.0460
76.02	-3.0460
76.02	-3.0460
76.01	-3.0458
76.01	-3.0456
76.00	-3.0457
76.00	-3.0457
76.00	-3.0458
76.00	-3.0458
76.00	-3.0458
75.99	-3.0457
75.99	-3.0456
75.99	-3.0459
75.99	-3.0456
75.98	-3.0456
75.98	-3.0456
75.98	-3.0457
75.98	-3.0458
75.98	-3.0455
75.98	-3.0458
75.97	-3.0457
75.97	-3.0457
75.97	-3.0456
75.96	-3.0457
75.96	-3.0456
75.96	-3.0456
75.96	-3.0456
75.95	-3.0456
75.95	-3.0456
75.95	-3.0457
75.95	-3.0458
75.95	-3.0456
75.94	-3.0455
75.94	-3.0455
75.93	-3.0455
75.93	-3.0455
75.93	-3.0456
75.92	-3.0455
75.92	-3.0455
75.92	-3.0455
75.92	-3.0456
75.92	-3.0460
75.92	-3.0458
75.91	-3.0459
75.91	-3.0455
75.91	-3.0456
75.91	-3.0458
75.90	-3.0456
75.90	-3.0456
75.90	-3.0456
75.90	-3.0456
75.89	-3.0456
75.89	-3.0453
75.89	-3.0453
75.89	-3.0454
75.88	-3.0455
75.88	-3.0452
75.88	-3.0452
75.88	-3.0454
75.88	-3.0455
75.87	-3.0452
75.87	-3.0454
75.86	-3.0453
75.86	-3.0451
75.86	-3.0453
75.85	-3.0453
75.85	-3.0454
75.85	-3.0453
75.85	-3.0454
75.85	-3.0452
75.84	-3.0452
75.85	-3.0451
75.84	-3.0452
75.84	-3.0450
75.84	-3.0452
75.84	-3.0451
75.83	-3.0451
75.83	-3.0450
75.83	-3.0449
75.82	-3.0451
75.82	-3.0451
75.82	-3.0449
75.82	-3.0450
75.81	-3.0450
75.80	-3.0450
75.80	-3.0451
75.80	-3.0451
75.80	-3.0450
75.80	-3.0449
75.80	-3.0450
75.80	-3.0450
75.80	-3.0450
75.79	-3.0448
75.79	-3.0449
75.79	-3.0450
75.78	-3.0448
75.78	-3.0447
75.78	-3.0450
75.78	-3.0450
75.78	-3.0448
75.77	-3.0449
75.77	-3.0448
75.76	-3.0448
75.76	-3.0449
75.76	-3.0449
75.75	-3.0447
75.75	-3.0450
75.75	-3.0449
75.75	-3.0451
75.75	-3.0448
75.75	-3.0448
75.75	-3.0449
75.74	-3.0446
75.74	-3.0449
75.74	-3.0448
75.73	-3.0448
75.73	-3.0447
75.73	-3.0448
75.73	-3.0446
75.73	-3.0448
75.72	-3.0448
75.72	-3.0445
75.72	-3.0446
75.72	-3.0446
75.71	-3.0447
75.71	-3.0446
75.71	-3.0445
75.70	-3.0443
75.70	-3.0444
75.70	-3.0443
75.70	-3.0445
75.70	-3.0445
75.69	-3.0444
75.69	-3.0445
75.68	-3.0446
75.68	-3.0444
75.68	-3.0443
75.67	-3.0445
75.67	-3.0444
75.67	-3.0444
75.67	-3.0444
75.67	-3.0444
75.67	-3.0442
75.66	-3.0445
75.66	-3.0443
75.66	-3.0442
75.66	-3.0444
75.65	-3.0442
75.65	-3.0443
75.65	-3.0444
75.65	-3.0442
75.64	-3.0442
75.64	-3.0443
75.64	-3.0443
75.64	-3.0445
75.63	-3.0443
75.62	-3.0442
75.62	-3.0444
75.63	-3.0442
75.63	-3.0442
75.62	-3.0441
75.62	-3.0444
75.62	-3.0441
75.61	-3.0442
75.61	-3.0440
75.60	-3.0441
75.61	-3.0444
75.60	-3.0441
75.60	-3.0441
75.59	-3.0440
75.59	-3.0442
75.59	-3.0440
75.59	-3.0442
75.59	-3.0441
75.59	-3.0438
75.58	-3.0441
75.58	-3.0440
75.58	-3.0439
75.58	-3.0440
75.57	-3.0440
75.58	-3.0437
75.58	-3.0437
75.57	-3.0437
75.57	-3.0440
75.56	-3.0436
75.55	-3.0439
75.55	-3.0437
75.55	-3.0437
75.55	-3.0438
75.55	-3.0436
75.55	-3.0436
75.55	-3.0434
75.54	-3.0434
75.54	-3.0435
75.54	-3.0435
75.54	-3.0432
75.53	-3.0434
75.53	-3.0432
75.53	-3.0431
75.52	-3.0433
75.52	-3.0432
75.52	-3.0433
75.51	-3.0430
75.51	-3.0433
75.51	-3.0431
75.51	-3.0433
75.50	-3.0433
75.50	-3.0432
75.50	-3.0431
75.50	-3.0431
75.50	-3.0432
75.49	-3.0431
75.49	-3.0430
75.49	-3.0429
75.48	-3.0432
75.48	-3.0431
75.48	-3.0432
75.48	-3.0431
75.47	-3.0429
75.47	-3.0430
75.47	-3.0431
75.47	-3.0430
75.47	-3.0430
75.47	-3.0431
75.46	-3.0431
75.46	-3.0430
75.46	-3.0429
75.45	-3.0430
75.45	-3.0429
75.45	-3.0429
75.45	-3.0427
75.44	-3.0428
75.44	-3.0428
75.44	-3.0429
75.43	-3.0428
75.43	-3.0430
75.43	-3.0426
75.43	-3.0427
75.42	-3.0428
75.42	-3.0427
75.42	-3.0429
75.42	-3.0428
75.42	-3.0429
75.42	-3.0427
75.41	-3.0429
75.41	-3.0427
75.41	-3.0426
75.40	-3.0427
75.40	-3.0425
75.40	-3.0425
75.40	-3.0426
75.39	-3.0425
75.39	-3.0425
75.39	-3.0425
75.39	-3.0425
75.38	-3.0424
75.38	-3.0424
75.38	-3.0425
75.38	-3.0423
75.38	-3.0423
75.37	-3.0423
75.37	-3.0423
75.37	-3.0422
75.37	-3.0422
75.36	-3.0420
75.36	-3.0421
75.35	-3.0419
75.35	-3.0420
75.35	-3.0419
75.34	-3.0419
75.34	-3.0418
75.34	-3.0421
75.34	-3.0420
75.34	-3.0419
75.33	-3.0416
75.33	-3.0416
75.33	-3.0415
75.33	-3.0416
75.33	-3.0416
75.32	-3.0415
75.32	-3.0418
75.31	-3.0418
75.31	-3.0416
75.31	-3.0414
75.31	-3.0416
75.30	-3.0416
75.30	-3.0416
75.30	-3.0416
75.30	-3.0414
75.30	-3.0416
75.30	-3.0416
75.30	-3.0415
75.29	-3.0416
75.29	-3.0416
75.28	-3.0413
75.28	-3.0416
75.28	-3.0414
75.28	-3.0416
75.28	-3.0415
75.28	-3.0415
75.27	-3.0413
75.27	-3.0416
75.27	-3.0414
75.26	-3.0414
75.26	-3.0416
75.26	-3.0413
75.26	-3.0415
75.25	-3.0413
75.25	-3.0413
75.25	-3.0413
75.25	-3.0412
75.24	-3.0412
75.24	-3.0412
75.24	-3.0410
75.24	-3.0411
75.23	-3.0410
75.23	-3.0410
75.23	-3.0412
75.23	-3.0407
75.23	-3.0411
75.23	-3.0409
75.23	-3.0409
75.22	-3.0408
75.21	-3.0409
75.21	-3.0409
75.20	-3.0407
75.20	-3.0409
75.20	-3.0409
75.20	-3.0407
75.20	-3.0406
75.20	-3.0407
75.19	-3.0405
75.19	-3.0407
75.19	-3.0408
75.19	-3.0407
75.19	-3.0407
75.19	-3.0408
75.18	-3.0408
75.18	-3.0405
75.18	-3.0406
75.17	-3.0407
75.17	-3.0406
75.17	-3.0405
75.17	-3.0404
75.16	-3.0406
75.16	-3.0405
75.16	-3.0407
75.15	-3.0405
75.15	-3.0404
75.15	-3.0406
75.14	-3.0404
75.14	-3.0404
75.14	-3.0403
75.14	-3.0404
75.14	-3.0403
75.13	-3.0403
75.13	-3.0404
75.13	-3.0402
75.13	-3.0404
75.13	-3.0400
75.12	-3.0405
75.12	-3.0403
75.11	-3.0402
75.11	-3.0403
75.11	-3.0402
75.11	-3.0405
75.10	-3.0403
75.10	-3.0404
75.10	-3.0404
75.10	-3.0404
75.10	-3.0404
75.09	-3.0403
75.09	-3.0404
75.09	-3.0402
75.09	-3.0402
75.08	-3.0403
75.08	-3.0403
75.08	-3.0403
75.08	-3.0404
75.08	-3.0403
75.08	-3.0404
75.07	-3.0403
75.07	-3.0403
75.06	-3.0402
75.06	-3.0404
75.06	-3.0403
75.06	-3.0402
75.06	-3.0405
75.05	-3.0405
75.05	-3.0405
75.05	-3.0399
75.05	-3.0404
75.05	-3.0404
75.05	-3.0404
75.05	-3.0403
75.04	-3.0403
75.04	-3.0405
75.04	-3.0403
75.04	-3.0402
75.03	-3.0401
75.03	-3.0401
75.03	-3.0404
75.03	-3.0402
75.02	-3.0401
75.01	-3.0401
75.01	-3.0400
75.01	-3.0399
75.00	-3.0399
75.00	-3.0401
75.00	-3.0400
75.00	-3.0400
75.00	-3.0398
75.00	-3.0399
74.99	-3.0400
74.99	-3.0399
74.99	-3.0400
74.98	-3.0399
74.98	-3.0399
74.98	-3.0399
74.98	-3.0402
74.97	-3.0399
74.97	-3.0399
74.97	-3.0400
74.97	-3.0400
74.96	-3.0398
74.96	-3.0399
74.96	-3.0399
74.96	-3.0399
74.95	-3.0398
74.95	-3.0399
74.95	-3.0397
74.95	-3.0398
74.95	-3.0398
74.94	-3.0397
74.94	-3.0396
74.94	-3.0398
74.93	-3.0396
74.93	-3.0399
74.93	-3.0396
74.93	-3.0396
74.93	-3.0395
74.92	-3.0394
74.92	-3.0393
74.92	-3.0394
74.92	-3.0394
74.92	-3.0394
74.91	-3.0394
74.91	-3.0393
74.90	-3.0395
74.90	-3.0395
74.90	-3.0395
74.89	-3.0394
74.89	-3.0393
74.89	-3.0395
74.89	-3.0394
74.89	-3.0391
74.89	-3.0391
74.88	-3.0393
74.88	-3.0395
74.88	-3.0392
74.88	-3.0392
74.87	-3.0393
74.87	-3.0391
74.87	-3.0394
74.86	-3.0393
74.86	-3.0394
74.86	-3.0391
74.86	-3.0394
74.86	-3.0393
74.85	-3.0391
74.85	-3.0393
74.84	-3.0392
74.84	-3.0391
74.84	-3.0392
74.84	-3.0391
74.84	-3.0390
74.83	-3.0391
74.83	-3.0390
74.83	-3.0390
74.83	-3.0390
74.83	-3.0389
74.83	-3.0388
74.82	-3.0389
74.82	-3.0392
74.82	-3.0387
74.81	-3.0387
74.81	-3.0386
74.81	-3.0387
74.80	-3.0388
74.80	-3.0386
74.80	-3.0388
74.80	-3.0389
74.80	-3.0387
74.80	-3.0388
74.79	-3.0387
74.79	-3.0388
74.79	-3.0386
74.78	-3.0387
74.78	-3.0387
74.78	-3.0386
74.78	-3.0386
74.78	-3.0385
74.77	-3.0386
74.77	-3.0385
74.77	-3.0387
74.76	-3.0388
74.76	-3.0386
74.75	-3.0385
74.75	-3.0383
74.75	-3.0386
74.75	-3.0383
74.75	-3.0384
74.75	-3.0382
74.74	-3.0383
74.74	-3.0383
74.74	-3.0383
74.74	-3.0382
74.73	-3.0382
74.73	-3.0383
74.73	-3.0381
74.73	-3.0383
74.73	-3.0382
74.72	-3.0384
74.72	-3.0383
74.72	-3.0381
74.71	-3.0382
74.71	-3.0382
74.70	-3.0382
74.70	-3.0382
74.70	-3.0380
74.70	-3.0380
74.69	-3.0379
74.69	-3.0378
74.69	-3.0381
74.69	-3.0379
74.69	-3.0379
74.68	-3.0380
74.68	-3.0378
74.67	-3.0379
74.67	-3.0380
74.67	-3.0379
74.67	-3.0379
74.67	-3.0377
74.67	-3.0378
74.67	-3.0379
74.67	-3.0378
74.66	-3.0380
74.66	-3.0380
74.65	-3.0378
74.65	-3.0376
74.64	-3.0378
74.64	-3.0376
74.64	-3.0376
74.64	-3.0376
74.64	-3.0373
74.63	-3.0376
74.63	-3.0375
74.63	-3.0374
74.63	-3.0375
74.63	-3.0377
74.63	-3.0375
74.63	-3.0377
74.62	-3.0377
74.62	-3.0375
74.62	-3.0376
74.62	-3.0375
74.61	-3.0375
74.61	-3.0375
74.60	-3.0374
74.60	-3.0377
74.60	-3.0374
74.60	-3.0374
74.59	-3.0374
74.59	-3.0374
74.59	-3.0375
74.59	-3.0374
74.58	-3.0374
74.58	-3.0373
74.58	-3.0375
74.58	-3.0375
74.58	-3.0376
74.58	-3.0374
74.57	-3.0376
74.57	-3.0374
74.57	-3.0375
74.57	-3.0374
74.56	-3.0374
74.56	-3.0375
74.56	-3.0373
74.56	-3.0374
74.55	-3.0374
74.55	-3.0373
74.55	-3.0373
74.55	-3.0374
74.54	-3.0374
74.54	-3.0375
74.54	-3.0370
74.53	-3.0373
74.53	-3.0371
74.53	-3.0372
74.53	-3.0373
74.53	-3.0373
74.52	-3.0374
74.52	-3.0372
74.52	-3.0372
74.52	-3.0372
74.51	-3.0371
74.51	-3.0372
74.51	-3.0371
74.51	-3.0369
74.50	-3.0373
74.50	-3.0372
74.50	-3.0370
74.50	-3.0371
74.50	-3.0371
74.50	-3.0373
74.49	-3.0370
74.48	-3.0371
74.48	-3.0369
74.48	-3.0370
74.47	-3.0371
74.47	-3.0369
74.47	-3.0370
74.47	-3.0367
74.46	-3.0369
74.46	-3.0369
74.46	-3.0370
74.45	-3.0370
74.45	-3.0368
74.45	-3.0366
74.45	-3.0371
74.45	-3.0368
74.45	-3.0368
74.45	-3.0367
74.44	-3.0366
74.44	-3.0369
74.43	-3.0368
74.43	-3.0368
74.43	-3.0370
74.43	-3.0367
74.43	-3.0368
74.42	-3.0368
74.42	-3.0368
74.42	-3.0367
74.42	-3.0370
74.41	-3.0368
74.41	-3.0369
74.40	-3.0368
74.40	-3.0369
74.40	-3.0368
74.40	-3.0367
74.40	-3.0367
74.39	-3.0369
74.39	-3.0368
74.39	-3.0368
74.39	-3.0366
74.39	-3.0366
74.38	-3.0366
74.38	-3.0365
74.38	-3.0366
74.38	-3.0365
74.38	-3.0364
74.37	-3.0365
74.37	-3.0362
74.37	-3.0362
74.36	-3.0362
74.36	-3.0364
74.35	-3.0363
74.36	-3.0361
74.35	-3.0362
74.35	-3.0361
74.34	-3.0362
74.34	-3.0361
74.34	-3.0362
74.34	-3.0361
74.34	-3.0362
74.34	-3.0363
74.33	-3.0361
74.33	-3.0362
74.33	-3.0362
74.33	-3.0362
74.32	-3.0362
74.32	-3.0361
74.32	-3.0361
74.31	-3.0363
74.31	-3.0362
74.31	-3.0361
74.31	-3.0364
74.31	-3.0361
74.30	-3.0361
74.30	-3.0360
74.30	-3.0363
74.30	-3.0361
74.30	-3.0361
74.29	-3.0359
74.29	-3.0360
74.28	-3.0360
74.28	-3.0359
74.28	-3.0359
74.28	-3.0358
74.28	-3.0359
74.28	-3.0359
74.27	-3.0358
74.27	-3.0359
74.27	-3.0357
74.26	-3.0357
74.26	-3.0357
74.26	-3.0357
74.25	-3.0356
74.25	-3.0358
74.25	-3.0356
74.25	-3.0356
74.25	-3.0357
74.25	-3.0356
74.25	-3.0355
74.24	-3.0355
74.24	-3.0358
74.23	-3.0355
74.23	-3.0354
74.23	-3.0354
74.23	-3.0353
74.23	-3.0354
74.22	-3.0355
74.22	-3.0352
74.22	-3.0353
74.21	-3.0353
74.21	-3.0352
74.20	-3.0352
74.20	-3.0354
74.20	-3.0353
74.20	-3.0353
74.20	-3.0353
74.19	-3.0354
74.19	-3.0352
74.19	-3.0351
74.19	-3.0354
74.18	-3.0353
74.18	-3.0352
74.18	-3.0351
74.18	-3.0350
74.17	-3.0349
74.17	-3.0350
74.17	-3.0350
74.17	-3.0350
74.16	-3.0350
74.16	-3.0349
74.16	-3.0348
74.16	-3.0350
74.16	-3.0349
74.16	-3.0349
74.15	-3.0349
74.15	-3.0348
74.15	-3.0348
74.14	-3.0349
74.14	-3.0347
74.14	-3.0348
74.14	-3.0346
74.14	-3.0345
74.14	-3.0347
74.13	-3.0345
74.13	-3.0344
74.13	-3.0346
74.13	-3.0345
74.13	-3.0347
74.12	-3.0344
74.12	-3.0345
74.11	-3.0345
74.11	-3.0345
74.11	-3.0343
74.10	-3.0346
74.10	-3.0342
74.10	-3.0344
74.10	-3.0344
74.09	-3.0342
74.09	-3.0342
74.09	-3.0344
74.09	-3.0342
74.09	-3.0344
74.08	-3.0342
74.08	-3.0341
74.08	-3.0342
74.07	-3.0341
74.07	-3.0340
74.07	-3.0341
74.07	-3.0340
74.07	-3.0339
74.07	-3.0340
74.07	-3.0340
74.06	-3.0342
74.06	-3.0339
74.05	-3.0341
74.05	-3.0340
74.05	-3.0342
74.05	-3.0340
74.05	-3.0340
74.04	-3.0340
74.04	-3.0342
74.04	-3.0340
74.04	-3.0342
74.03	-3.0339
74.03	-3.0342
74.03	-3.0339
74.02	-3.0339
74.02	-3.0339
74.02	-3.0341
74.02	-3.0340
74.02	-3.0340
74.01	-3.0340
74.01	-3.0341
74.00	-3.0341
74.00	-3.0341
74.00	-3.0341
74.00	-3.0340
74.00	-3.0341
73.99	-3.0341
73.99	-3.0340
73.98	-3.0341
73.98	-3.0341
73.98	-3.0340
73.98	-3.0340
73.98	-3.0340
73.98	-3.0339
73.98	-3.0340
73.98	-3.0339
73.97	-3.0341
73.97	-3.0340
73.97	-3.0342
73.96	-3.0339
73.96	-3.0340
73.96	-3.0339
73.96	-3.0338
73.95	-3.0339
73.95	-3.0338
73.95	-3.0338
73.95	-3.0338
73.94	-3.0339
73.94	-3.0338
73.93	-3.0338
73.93	-3.0338
73.93	-3.0336
73.93	-3.0335
73.93	-3.0336
73.92	-3.0336
73.92	-3.0337
73.92	-3.0335
73.92	-3.0334
73.92	-3.0334
73.91	-3.0335
73.91	-3.0334
73.91	-3.0334
73.90	-3.0336
73.90	-3.0334
73.90	-3.0335
73.90	-3.0335
73.89	-3.0333
73.89	-3.0333
73.89	-3.0333
73.89	-3.0333
73.89	-3.0332
73.88	-3.0333
73.88	-3.0331
73.87	-3.0330
73.87	-3.0331
73.87	-3.0332
73.87	-3.0332
73.86	-3.0332
73.86	-3.0331
73.86	-3.0328
73.85	-3.0332
73.85	-3.0330
73.85	-3.0332
73.85	-3.0329
73.85	-3.0330
73.84	-3.0329
73.84	-3.0330
73.84	-3.0329
73.84	-3.0328
73.83	-3.0330
73.83	-3.0328
73.83	-3.0328
73.83	-3.0329
73.83	-3.0329
73.83	-3.0326
73.82	-3.0328
73.82	-3.0326
73.81	-3.0327
73.81	-3.0324
73.81	-3.0327
73.81	-3.0327
73.81	-3.0328
73.80	-3.0327
73.80	-3.0326
73.80	-3.0328
73.80	-3.0325
73.80	-3.0325
73.80	-3.0325
73.79	-3.0324
73.79	-3.0327
73.78	-3.0325
73.78	-3.0326
73.78	-3.0324
73.78	-3.0324
73.78	-3.0325
73.77	-3.0324
73.77	-3.0325
73.77	-3.0323
73.77	-3.0327
73.76	-3.0326
73.76	-3.0325
73.76	-3.0325
73.76	-3.0325
73.76	-3.0324
73.75	-3.0325
73.75	-3.0325
73.75	-3.0325
73.74	-3.0325
73.74	-3.0326
73.74	-3.0325
73.74	-3.0325
73.73	-3.0324
73.73	-3.0325
73.73	-3.0325
73.73	-3.0324
73.72	-3.0325
73.72	-3.0323
73.72	-3.0323
73.71	-3.0323
73.71	-3.0326
73.71	-3.0323
73.71	-3.0323
73.71	-3.0324
73.70	-3.0324
73.70	-3.0324
73.70	-3.0325
73.70	-3.0322
73.69	-3.0322
73.69	-3.0323
73.69	-3.0321
73.69	-3.0320
73.68	-3.0324
73.68	-3.0322
73.67	-3.0322
73.67	-3.0322
73.67	-3.0322
73.67	-3.0321
73.67	-3.0322
73.66	-3.0322
73.66	-3.0319
73.66	-3.0321
73.66	-3.0320
73.66	-3.0320
73.66	-3.0319
73.65	-3.0321
73.65	-3.0321
73.64	-3.0320
73.64	-3.0320
73.64	-3.0320
73.64	-3.0319
73.64	-3.0318
73.64	-3.0320
73.63	-3.0318
73.63	-3.0317
73.63	-3.0318
73.62	-3.0319
73.62	-3.0315
73.62	-3.0318
73.61	-3.0319
73.61	-3.0315
73.61	-3.0315
73.61	-3.0318
73.60	-3.0315
73.59	-3.0316
73.59	-3.0314
73.59	-3.0314
73.59	-3.0315
73.59	-3.0313
73.59	-3.0314
73.59	-3.0314
73.59	-3.0314
73.58	-3.0314
73.58	-3.0313
73.58	-3.0311
73.57	-3.0313
73.57	-3.0313
73.57	-3.0312
73.56	-3.0313
73.56	-3.0313
73.56	-3.0311
73.56	-3.0310
73.55	-3.0311
73.55	-3.0310
73.55	-3.0311
73.55	-3.0309
73.55	-3.0311
73.55	-3.0310
73.55	-3.0309
73.54	-3.0309
73.54	-3.0306
73.53	-3.0308
73.53	-3.0308
73.53	-3.0308
73.53	-3.0308
73.52	-3.0307
73.52	-3.0307
73.51	-3.0308
73.51	-3.0307
73.51	-3.0307
73.51	-3.0308
73.50	-3.0307
73.50	-3.0308
73.50	-3.0307
73.50	-3.0309
73.50	-3.0308
73.50	-3.0308
73.50	-3.0308
73.50	-3.0308
73.49	-3.0307
73.49	-3.0309
73.48	-3.0310
73.48	-3.0309
73.47	-3.0308
73.47	-3.0308
73.47	-3.0309
73.46	-3.0308
73.46	-3.0310
73.46	-3.0308
73.46	-3.0310
73.46	-3.0310
73.46	-3.0310
73.46	-3.0309
73.45	-3.0311
73.45	-3.0309
73.45	-3.0306
73.45	-3.0308
73.45	-3.0310
73.44	-3.0308
73.44	-3.0309
73.44	-3.0308
73.44	-3.0307
73.43	-3.0308
73.43	-3.0308
73.43	-3.0306
73.42	-3.0309
73.42	-3.0307
73.42	-3.0308
73.42	-3.0307
73.42	-3.0305
73.41	-3.0306
73.41	-3.0306
73.40	-3.0306
73.40	-3.0306
73.39	-3.0307
73.39	-3.0305
73.39	-3.0306
73.39	-3.0307
73.39	-3.0306
73.39	-3.0306
73.38	-3.0303
73.38	-3.0305
73.38	-3.0303
73.38	-3.0306
73.38	-3.0306
73.38	-3.0305
73.37	-3.0305
73.37	-3.0306
73.36	-3.0306
73.36	-3.0306
73.36	-3.0306
73.36	-3.0304
73.35	-3.0305
73.35	-3.0305
73.35	-3.0306
73.35	-3.0304
73.34	-3.0304
73.34	-3.0305
73.34	-3.0303
73.34	-3.0304
73.34	-3.0305
73.34	-3.0305
73.33	-3.0304
73.33	-3.0304
73.33	-3.0305
73.33	-3.0303
73.32	-3.0304
73.32	-3.0303
73.31	-3.0304
73.31	-3.0304
73.31	-3.0302
73.30	-3.0300
73.30	-3.0300
73.30	-3.0300
73.30	-3.0299
73.30	-3.0299
73.30	-3.0298
73.30	-3.0298
73.30	-3.0297
73.30	-3.0298
73.29	-3.0298
73.29	-3.0299
73.29	-3.0299
73.28	-3.0297
73.28	-3.0299
73.28	-3.0297
73.28	-3.0298
73.27	-3.0296
73.27	-3.0296
73.27	-3.0295
73.26	-3.0298
73.27	-3.0295
73.26	-3.0299
73.26	-3.0297
73.26	-3.0297
73.25	-3.0297
73.25	-3.0295
73.25	-3.0296
73.25	-3.0297
73.24	-3.0297
73.24	-3.0297
73.24	-3.0296
73.24	-3.0295
73.24	-3.0296
73.23	-3.0296
73.23	-3.0298
73.23	-3.0296
73.23	-3.0295
73.23	-3.0296
73.23	-3.0294
73.22	-3.0297
73.22	-3.0295
73.21	-3.0297
73.20	-3.0295
73.20	-3.0297
73.20	-3.0296
73.20	-3.0295
73.20	-3.0294
73.20	-3.0297
73.20	-3.0294
73.19	-3.0298
73.19	-3.0292
73.19	-3.0297
73.18	-3.0293
73.18	-3.0294
73.18	-3.0293
73.17	-3.0294
73.17	-3.0292
73.17	-3.0292
73.17	-3.0291
73.17	-3.0292
73.17	-3.0292
73.16	-3.0292
73.16	-3.0293
73.15	-3.0292
73.15	-3.0291
73.15	-3.0289
73.14	-3.0290
73.14	-3.0290
73.14	-3.0289
73.14	-3.0289
73.14	-3.0289
73.13	-3.0292
73.13	-3.0289
73.13	-3.0290
73.13	-3.0287
73.13	-3.0289
73.12	-3.0290
73.12	-3.0289
73.12	-3.0288
73.12	-3.0289
73.11	-3.0288
73.11	-3.0289
73.11	-3.0285
73.10	-3.0287
73.10	-3.0285
73.10	-3.0286
73.09	-3.0287
73.09	-3.0286
73.09	-3.0286
73.09	-3.0288
73.09	-3.0286
73.09	-3.0287
73.08	-3.0287
73.08	-3.0286
73.08	-3.0285
73.08	-3.0285
73.07	-3.0284
73.07	-3.0283
73.07	-3.0286
73.06	-3.0285
73.06	-3.0284
73.06	-3.0285
73.05	-3.0282
73.05	-3.0283
73.05	-3.0282
73.05	-3.0282
73.05	-3.0280
73.05	-3.0280
73.05	-3.0280
73.04	-3.0281
73.04	-3.0283
73.04	-3.0280
73.04	-3.0279
73.03	-3.0281
73.03	-3.0278
73.03	-3.0280
73.03	-3.0280
73.02	-3.0280
73.02	-3.0278
73.02	-3.0278
73.01	-3.0280
73.01	-3.0279
73.01	-3.0279
73.00	-3.0278
73.00	-3.0279
73.00	-3.0278
73.00	-3.0277
73.00	-3.0280
72.99	-3.0278
72.99	-3.0277
72.99	-3.0278
72.99	-3.0276
72.98	-3.0277
72.98	-3.0276
72.98	-3.0276
72.98	-3.0278
72.97	-3.0277
72.97	-3.0277
72.96	-3.0278
72.96	-3.0276
72.96	-3.0276
72.95	-3.0276
72.95	-3.0276
72.95	-3.0275
72.95	-3.0278
72.95	-3.0275
72.95	-3.0276
72.95	-3.0277
72.95	-3.0275
72.94	-3.0276
72.93	-3.0275
72.93	-3.0274
72.93	-3.0275
72.93	-3.0275
72.92	-3.0274
72.92	-3.0275
72.92	-3.0274
72.92	-3.0274
72.92	-3.0276
72.92	-3.0275
72.91	-3.0274
72.91	-3.0274
72.91	-3.0273
72.90	-3.0276
72.89	-3.0275
72.89	-3.0271
72.89	-3.0272
72.89	-3.0275
72.89	-3.0274
72.89	-3.0272
72.89	-3.0274
72.88	-3.0273
72.88	-3.0273
72.88	-3.0274
72.87	-3.0275
72.87	-3.0275
72.87	-3.0275
72.87	-3.0277
72.87	-3.0275
72.87	-3.0276
72.87	-3.0276
72.87	-3.0275
72.86	-3.0276
72.86	-3.0274
72.85	-3.0275
72.85	-3.0273
72.84	-3.0275
72.84	-3.0273
72.84	-3.0274
72.84	-3.0276
72.84	-3.0274
72.83	-3.0273
72.83	-3.0275
72.83	-3.0274
72.83	-3.0273
72.83	-3.0274
72.82	-3.0272
72.82	-3.0272
72.81	-3.0273
72.81	-3.0273
72.81	-3.0272
72.81	-3.0271
72.81	-3.0273
72.80	-3.0273
72.80	-3.0269
72.80	-3.0270
72.80	-3.0272
72.80	-3.0271
72.80	-3.0272
72.79	-3.0269
72.78	-3.0272
72.78	-3.0269
72.78	-3.0269
72.78	-3.0271
72.78	-3.0269
72.77	-3.0269
72.77	-3.0267
72.77	-3.0269
72.77	-3.0268
72.76	-3.0268
72.76	-3.0268
72.76	-3.0265
72.76	-3.0267
72.76	-3.0266
72.75	-3.0268
72.75	-3.0266
72.75	-3.0265
72.75	-3.0263
72.75	-3.0265
72.74	-3.0265
72.74	-3.0263
72.74	-3.0265
72.73	-3.0265
72.73	-3.0263
72.73	-3.0264
72.73	-3.0265
72.73	-3.0263
72.73	-3.0265
72.72	-3.0264
72.72	-3.0265
72.72	-3.0264
72.71	-3.0264
72.71	-3.0261
72.71	-3.0263
72.70	-3.0262
72.70	-3.0264
72.70	-3.0262
72.70	-3.0262
72.69	-3.0262
72.69	-3.0262
72.69	-3.0262
72.69	-3.0262
72.69	-3.0262
72.68	-3.0261
72.68	-3.0261
72.68	-3.0260
72.68	-3.0261
72.67	-3.0262
72.67	-3.0261
72.67	-3.0259
72.66	-3.0260
72.66	-3.0259
72.65	-3.0260
72.65	-3.0258
72.65	-3.0260
72.65	-3.0259
72.65	-3.0259
72.64	-3.0260
72.64	-3.0258
72.64	-3.0258
72.64	-3.0258
72.64	-3.0257
72.63	-3.0260
72.63	-3.0258
72.63	-3.0257
72.63	-3.0259
72.62	-3.0257
72.62	-3.0258
72.62	-3.0257
72.62	-3.0257
72.61	-3.0259
72.61	-3.0258
72.60	-3.0256
72.60	-3.0258
72.60	-3.0257
72.60	-3.0257
72.60	-3.0255
72.59	-3.0255
72.59	-3.0255
72.59	-3.0256
72.58	-3.0255
72.58	-3.0254
72.58	-3.0254
72.58	-3.0255
72.58	-3.0254
72.57	-3.0253
72.57	-3.0252
72.57	-3.0255
72.57	-3.0252
72.57	-3.0251
72.57	-3.0253
72.56	-3.0252
72.56	-3.0251
72.56	-3.0250
72.55	-3.0249
72.55	-3.0249
72.55	-3.0250
72.55	-3.0248
72.54	-3.0248
72.54	-3.0249
72.54	-3.0249
72.53	-3.0248
72.53	-3.0246
72.53	-3.0247
72.53	-3.0248
72.53	-3.0248
72.52	-3.0247
72.52	-3.0247
72.52	-3.0248
72.51	-3.0246
72.51	-3.0248
72.51	-3.0246
72.51	-3.0246
72.51	-3.0246
72.50	-3.0246
72.50	-3.0245
72.50	-3.0244
72.50	-3.0244
72.50	-3.0244
72.49	-3.0245
72.49	-3.0245
72.49	-3.0244
72.49	-3.0245
72.48	-3.0243
72.48	-3.0245
72.48	-3.0244
72.48	-3.0245
72.47	-3.0243
72.46	-3.0245
72.46	-3.0246
72.46	-3.0243
72.46	-3.0244
72.45	-3.0244
72.45	-3.0243
72.45	-3.0243
72.45	-3.0246
72.45	-3.0243
72.45	-3.0244
72.45	-3.0243
72.44	-3.0243
72.44	-3.0244
72.43	-3.0244
72.43	-3.0242
72.43	-3.0245
72.43	-3.0244
72.43	-3.0245
72.42	-3.0244
72.42	-3.0241
72.42	-3.0242
72.42	-3.0244
72.41	-3.0244
72.41	-3.0245
72.41	-3.0243
72.40	-3.0243
72.40	-3.0243
72.40	-3.0243
72.40	-3.0243
72.40	-3.0243
72.39	-3.0243
72.39	-3.0243
72.39	-3.0241
72.39	-3.0241
72.39	-3.0243
72.39	-3.0241
72.39	-3.0242
72.38	-3.0241
72.38	-3.0240
72.38	-3.0242
72.38	-3.0241
72.37	-3.0241
72.37	-3.0240
72.37	-3.0240
72.36	-3.0240
72.36	-3.0241
72.35	-3.0241
72.35	-3.0239
72.35	-3.0242
72.35	-3.0238
72.35	-3.0239
72.34	-3.0240
72.34	-3.0238
72.34	-3.0239
72.34	-3.0240
72.33	-3.0239
72.33	-3.0240
72.33	-3.0239
72.33	-3.0238
72.33	-3.0239
72.32	-3.0239
72.32	-3.0239
72.32	-3.0240
72.32	-3.0238
72.32	-3.0239
72.31	-3.0240
72.31	-3.0239
72.31	-3.0239
72.30	-3.0238
72.30	-3.0238
72.30	-3.0240
72.30	-3.0237
72.29	-3.0240
72.29	-3.0237
72.29	-3.0238
72.29	-3.0238
72.28	-3.0241
72.28	-3.0237
72.28	-3.0238
72.28	-3.0239
72.27	-3.0236
72.27	-3.0239
72.27	-3.0236
72.27	-3.0237
72.26	-3.0236
72.26	-3.0237
72.25	-3.0236
72.25	-3.0235
72.25	-3.0234
72.25	-3.0237
72.25	-3.0237
72.25	-3.0236
72.24	-3.0236
72.24	-3.0232
72.24	-3.0234
72.24	-3.0233
72.23	-3.0233
72.23	-3.0235
72.23	-3.0234
72.22	-3.0234
72.22	-3.0236
72.22	-3.0234
72.22	-3.0234
72.22	-3.0233
72.21	-3.0233
72.21	-3.0233
72.20	-3.0230
72.20	-3.0233
72.20	-3.0232
72.20	-3.0230
72.20	-3.0231
72.19	-3.0232
72.19	-3.0232
72.19	-3.0229
72.19	-3.0232
72.18	-3.0228
72.18	-3.0230
72.17	-3.0230
72.17	-3.0229
72.17	-3.0230
72.17	-3.0230
72.17	-3.0229
72.17	-3.0228
72.16	-3.0229
72.16	-3.0230
72.16	-3.0230
72.15	-3.0231
72.15	-3.0229
72.14	-3.0229
72.14	-3.0227
72.14	-3.0229
72.14	-3.0231
72.14	-3.0229
72.14	-3.0229
72.14	-3.0229
72.13	-3.0227
72.13	-3.0229
72.13	-3.0228
72.13	-3.0227
72.13	-3.0227
72.13	-3.0225
72.12	-3.0226
72.12	-3.0228
72.12	-3.0230
72.11	-3.0225
72.11	-3.0224
72.11	-3.0224
72.11	-3.0226
72.10	-3.0226
72.10	-3.0227
72.09	-3.0223
72.09	-3.0224
72.09	-3.0225
72.09	-3.0224
72.09	-3.0223
72.08	-3.0225
72.08	-3.0222
72.08	-3.0222
72.08	-3.0222
72.08	-3.0224
72.07	-3.0222
72.07	-3.0222
72.07	-3.0223
72.06	-3.0222
72.06	-3.0223
72.06	-3.0222
72.05	-3.0222
72.05	-3.0222
72.05	-3.0219
72.05	-3.0221
72.05	-3.0222
72.04	-3.0221
72.04	-3.0219
72.04	-3.0219
72.04	-3.0220
72.03	-3.0220
72.03	-3.0219
72.03	-3.0218
72.03	-3.0220
72.03	-3.0221
72.02	-3.0220
72.02	-3.0222
72.02	-3.0219
72.01	-3.0218
72.01	-3.0222
72.00	-3.0220
72.00	-3.0220
72.00	-3.0220
72.00	-3.0220
72.00	-3.0221
72.00	-3.0218
72.00	-3.0219
71.99	-3.0219
71.99	-3.0220
71.99	-3.0217
71.98	-3.0218
71.98	-3.0219
71.98	-3.0218
71.98	-3.0219
71.97	-3.0218
71.97	-3.0219
71.97	-3.0217
71.97	-3.0216
71.97	-3.0216
71.97	-3.0218
71.97	-3.0219
71.96	-3.0217
71.96	-3.0216
71.95	-3.0218
71.95	-3.0217
71.95	-3.0216
71.95	-3.0216
71.95	-3.0216
71.94	-3.0214
71.94	-3.0216
71.93	-3.0214
71.93	-3.0213
71.93	-3.0215
71.93	-3.0214
71.92	-3.0214
71.92	-3.0213
71.92	-3.0213
71.92	-3.0214
71.91	-3.0214
71.91	-3.0214
71.91	-3.0211
71.91	-3.0211
71.90	-3.0211
71.90	-3.0211
71.90	-3.0211
71.89	-3.0210
71.89	-3.0212
71.89	-3.0210
71.89	-3.0210
71.89	-3.0209
71.89	-3.0208
71.88	-3.0209
71.88	-3.0208
71.88	-3.0206
71.88	-3.0205
71.88	-3.0206
71.87	-3.0206
71.88	-3.0206
71.87	-3.0207
71.87	-3.0209
71.86	-3.0204
71.86	-3.0207
71.85	-3.0207
71.85	-3.0205
71.85	-3.0206
71.85	-3.0206
71.84	-3.0206
71.84	-3.0206
71.84	-3.0206
71.84	-3.0207
71.84	-3.0204
71.83	-3.0206
71.83	-3.0206
71.83	-3.0204
71.83	-3.0205
71.82	-3.0206
71.82	-3.0206
71.82	-3.0204
71.82	-3.0206
71.82	-3.0206
71.81	-3.0204
71.81	-3.0207
71.81	-3.0205
71.80	-3.0204
71.80	-3.0204
71.80	-3.0206
71.80	-3.0207
71.80	-3.0205
71.79	-3.0206
71.79	-3.0207
71.79	-3.0205
71.79	-3.0208
71.78	-3.0206
71.78	-3.0205
71.78	-3.0205
71.78	-3.0206
71.77	-3.0206
71.76	-3.0205
71.76	-3.0207
71.76	-3.0204
71.76	-3.0204
71.76	-3.0204
71.75	-3.0204
71.75	-3.0202
71.75	-3.0204
71.75	-3.0203
71.75	-3.0205
71.74	-3.0204
71.74	-3.0206
71.74	-3.0204
71.74	-3.0204
71.74	-3.0204
71.74	-3.0203
71.73	-3.0206
71.73	-3.0203
71.72	-3.0204
71.72	-3.0205
71.72	-3.0204
71.71	-3.0205
71.71	-3.0203
71.71	-3.0204
71.71	-3.0205
71.70	-3.0203
71.70	-3.0204
71.70	-3.0204
71.70	-3.0203
71.70	-3.0202
71.69	-3.0204
71.69	-3.0202
71.69	-3.0202
71.69	-3.0203
71.68	-3.0202
71.68	-3.0202
71.68	-3.0200
71.67	-3.0201
71.67	-3.0202
71.67	-3.0201
71.66	-3.0201
71.66	-3.0198
71.66	-3.0201
71.65	-3.0201
71.65	-3.0202
71.65	-3.0201
71.65	-3.0201
71.65	-3.0201
71.64	-3.0199
71.64	-3.0203
71.64	-3.0200
71.64	-3.0202
71.63	-3.0200
71.63	-3.0200
71.63	-3.0201
71.63	-3.0201
71.63	-3.0200
71.63	-3.0200
71.63	-3.0199
71.63	-3.0199
71.62	-3.0199
71.62	-3.0200
71.61	-3.0200
71.61	-3.0198
71.61	-3.0200
71.60	-3.0196
71.60	-3.0197
71.59	-3.0197
71.59	-3.0196
71.59	-3.0199
71.59	-3.0196
71.59	-3.0196
71.59	-3.0195
71.58	-3.0194
71.58	-3.0195
71.58	-3.0196
71.58	-3.0194
71.58	-3.0193
71.58	-3.0193
71.58	-3.0192
71.57	-3.0194
71.57	-3.0194
71.57	-3.0192
71.56	-3.0193
71.56	-3.0193
71.56	-3.0193
71.55	-3.0192
71.55	-3.0192
71.55	-3.0194
71.54	-3.0194
71.54	-3.0192
71.53	-3.0193
71.53	-3.0192
71.53	-3.0192
71.53	-3.0190
71.53	-3.0193
71.53	-3.0192
71.53	-3.0194
71.52	-3.0192
71.52	-3.0194
71.51	-3.0192
71.51	-3.0192
71.51	-3.0193
71.51	-3.0193
71.51	-3.0192
71.51	-3.0194
71.50	-3.0194
71.50	-3.0193
71.50	-3.0193
71.50	-3.0192
71.50	-3.0192
71.49	-3.0192
71.49	-3.0194
71.49	-3.0192
71.49	-3.0193
71.49	-3.0189
71.49	-3.0191
71.48	-3.0188
71.48	-3.0190
71.48	-3.0191
71.48	-3.0190
71.47	-3.0191
71.47	-3.0187
71.47	-3.0189
71.46	-3.0187
71.46	-3.0189
71.45	-3.0188
71.45	-3.0191
71.45	-3.0187
71.45	-3.0188
71.45	-3.0188
71.44	-3.0187
71.44	-3.0190
71.44	-3.0187
71.44	-3.0186
71.43	-3.0186
71.43	-3.0187
71.43	-3.0189
71.42	-3.0186
71.42	-3.0187
71.42	-3.0186
71.42	-3.0186
71.42	-3.0186
71.41	-3.0186
71.41	-3.0186
71.41	-3.0186
71.40	-3.0187
71.40	-3.0185
71.40	-3.0184
71.39	-3.0186
71.39	-3.0186
71.39	-3.0186
71.39	-3.0185
71.39	-3.0185
71.38	-3.0185
71.38	-3.0183
71.38	-3.0184
71.38	-3.0184
71.38	-3.0181
71.38	-3.0184
71.37	-3.0183
71.37	-3.0186
71.37	-3.0182
71.37	-3.0183
71.36	-3.0181
71.36	-3.0181
71.35	-3.0181
71.35	-3.0182
71.35	-3.0183
71.34	-3.0181
71.34	-3.0182
71.34	-3.0183
71.34	-3.0182
71.34	-3.0182
71.34	-3.0179
71.34	-3.0183
71.33	-3.0180
71.33	-3.0180
71.33	-3.0178
71.33	-3.0181
71.33	-3.0180
71.32	-3.0178
71.32	-3.0178
71.32	-3.0181
71.32	-3.0179
71.31	-3.0178
71.31	-3.0177
71.31	-3.0182
71.30	-3.0178
71.30	-3.0178
71.30	-3.0179
71.30	-3.0179
71.30	-3.0180
71.29	-3.0181
71.28	-3.0181
71.28	-3.0180
71.27	-3.0178
71.27	-3.0178
71.27	-3.0177
71.27	-3.0180
71.26	-3.0180
71.26	-3.0180
71.26	-3.0179
71.26	-3.0179
71.26	-3.0180
71.26	-3.0178
71.26	-3.0180
71.26	-3.0179
71.26	-3.0178
71.25	-3.0177
71.25	-3.0177
71.25	-3.0178
71.25	-3.0177
71.24	-3.0178
71.24	-3.0178
71.23	-3.0178
71.23	-3.0180
71.23	-3.0178
71.23	-3.0178
71.22	-3.0176
71.22	-3.0177
71.22	-3.0177
71.22	-3.0175
71.22	-3.0176
71.21	-3.0176
71.21	-3.0174
71.21	-3.0176
71.21	-3.0175
71.20	-3.0175
71.20	-3.0176
71.20	-3.0175
71.20	-3.0176
71.20	-3.0174
71.19	-3.0175
71.19	-3.0178
71.19	-3.0175
71.18	-3.0176
71.18	-3.0176
71.17	-3.0177
71.17	-3.0176
71.17	-3.0175
71.17	-3.0176
71.17	-3.0175
71.16	-3.0173
71.16	-3.0173
71.15	-3.0174
71.15	-3.0174
71.15	-3.0176
71.15	-3.0174
71.14	-3.0177
71.14	-3.0173
71.14	-3.0171
71.14	-3.0175
71.14	-3.0174
71.14	-3.0174
71.14	-3.0176
71.13	-3.0173
71.13	-3.0174
71.13	-3.0175
71.13	-3.0174
71.13	-3.0174
71.12	-3.0174
71.12	-3.0172
71.12	-3.0171
71.12	-3.0174
71.11	-3.0173
71.11	-3.0172
71.11	-3.0172
71.10	-3.0170
71.10	-3.0172
71.10	-3.0173
71.09	-3.0173
71.09	-3.0170
71.09	-3.0171
71.08	-3.0169
71.08	-3.0168
71.08	-3.0168
71.08	-3.0170
71.08	-3.0168
71.08	-3.0168
71.07	-3.0166
71.07	-3.0166
71.07	-3.0166
71.07	-3.0167
71.06	-3.0168
71.06	-3.0167
71.05	-3.0167
71.05	-3.0167
71.05	-3.0168
71.05	-3.0167
71.05	-3.0165
71.05	-3.0165
71.04	-3.0166
71.04	-3.0165
71.03	-3.0166
71.03	-3.0166
71.03	-3.0166
71.03	-3.0164
71.03	-3.0165
71.02	-3.0165
71.02	-3.0166
71.02	-3.0162
71.02	-3.0165
71.02	-3.0163
71.01	-3.0162
71.01	-3.0161
71.00	-3.0163
71.00	-3.0161
71.00	-3.0162
71.00	-3.0161
70.99	-3.0161
70.99	-3.0161
70.99	-3.0162
70.99	-3.0161
70.98	-3.0158
70.98	-3.0160
70.98	-3.0159
70.98	-3.0161
70.98	-3.0160
70.97	-3.0159
70.97	-3.0160
70.97	-3.0160
70.97	-3.0159
70.97	-3.0158
70.96	-3.0158
70.96	-3.0158
70.95	-3.0157
70.95	-3.0159
70.95	-3.0159
70.95	-3.0160
70.95	-3.0157
70.95	-3.0158
70.94	-3.0156
70.94	-3.0157
70.94	-3.0158
70.94	-3.0155
70.94	-3.0157
70.93	-3.0154
70.92	-3.0157
70.92	-3.0156
70.92	-3.0156
70.92	-3.0157
70.91	-3.0156
70.91	-3.0154
70.90	-3.0156
70.91	-3.0154
70.90	-3.0154
70.90	-3.0155
70.90	-3.0153
70.90	-3.0154
70.89	-3.0153
70.89	-3.0152
70.89	-3.0152
70.89	-3.0152
70.88	-3.0152
70.88	-3.0153
70.88	-3.0154
70.88	-3.0153
70.88	-3.0153
70.87	-3.0151
70.87	-3.0151
70.87	-3.0152
70.87	-3.0151
70.87	-3.0151
70.87	-3.0150
70.87	-3.0150
70.86	-3.0150
70.86	-3.0149
70.86	-3.0148
70.85	-3.0150
70.85	-3.0147
70.85	-3.0148
70.84	-3.0148
70.84	-3.0147
70.84	-3.0148
70.83	-3.0148
70.83	-3.0149
70.83	-3.0147
70.83	-3.0147
70.83	-3.0145
70.83	-3.0147
70.83	-3.0148
70.82	-3.0146
70.82	-3.0147
70.82	-3.0146
70.82	-3.0147
70.81	-3.0146
70.81	-3.0148
70.80	-3.0148
70.80	-3.0149
70.80	-3.0149
70.79	-3.0148
70.79	-3.0148
70.79	-3.0147
70.79	-3.0149
70.79	-3.0147
70.78	-3.0147
70.78	-3.0146
70.78	-3.0147
70.77	-3.0147
70.77	-3.0147
70.77	-3.0146
70.77	-3.0144
70.77	-3.0144
70.76	-3.0147
70.76	-3.0143
70.76	-3.0146
70.75	-3.0143
70.75	-3.0144
70.75	-3.0146
70.75	-3.0144
70.75	-3.0143
70.75	-3.0142
70.74	-3.0142
70.74	-3.0142
70.74	-3.0142
70.73	-3.0143
70.73	-3.0142
70.73	-3.0142
70.73	-3.0143
70.72	-3.0141
70.72	-3.0141
70.72	-3.0140
70.71	-3.0142
70.71	-3.0141
70.70	-3.0141
70.70	-3.0142
70.70	-3.0142
70.70	-3.0140
70.70	-3.0139
70.69	-3.0140
70.70	-3.0139
70.70	-3.0141
70.69	-3.0142
70.69	-3.0142
70.68	-3.0142
70.68	-3.0140
70.68	-3.0142
70.67	-3.0139
70.67	-3.0142
70.67	-3.0139
70.67	-3.0141
70.66	-3.0140
70.66	-3.0139
70.66	-3.0140
70.66	-3.0141
70.65	-3.0139
70.65	-3.0139
70.65	-3.0139
70.65	-3.0138
70.64	-3.0138
70.64	-3.0139
70.64	-3.0137
70.64	-3.0136
70.63	-3.0139
70.63	-3.0138
70.63	-3.0137
70.63	-3.0136
70.63	-3.0138
70.63	-3.0138
70.63	-3.0137
70.63	-3.0139
70.62	-3.0138
70.62	-3.0137
70.62	-3.0136
70.61	-3.0137
70.61	-3.0138
70.61	-3.0138
70.60	-3.0136
70.60	-3.0137
70.59	-3.0137
70.59	-3.0137
70.59	-3.0137
70.59	-3.0137
70.59	-3.0136
70.59	-3.0136
70.59	-3.0138
70.58	-3.0137
70.58	-3.0137
70.58	-3.0139
70.58	-3.0135
70.58	-3.0136
70.57	-3.0136
70.57	-3.0135
70.57	-3.0137
70.57	-3.0136
70.56	-3.0135
70.56	-3.0135
70.56	-3.0135
70.55	-3.0134
70.55	-3.0135
70.55	-3.0133
70.54	-3.0135
70.54	-3.0135
70.54	-3.0131
70.54	-3.0133
70.53	-3.0132
70.53	-3.0134
70.53	-3.0133
70.53	-3.0132
70.53	-3.0131
70.52	-3.0133
70.52	-3.0130
70.52	-3.0132
70.52	-3.0132
70.51	-3.0131
70.51	-3.0133
70.51	-3.0130
70.50	-3.0132
70.50	-3.0129
70.50	-3.0131
70.50	-3.0131
70.50	-3.0129
70.49	-3.0130
70.49	-3.0130
70.49	-3.0130
70.49	-3.0128
70.49	-3.0129
70.48	-3.0128
70.48	-3.0129
70.48	-3.0126
70.47	-3.0126
70.47	-3.0126
70.47	-3.0126
70.46	-3.0127
70.47	-3.0128
70.46	-3.0126
70.46	-3.0130
70.46	-3.0126
70.46	-3.0129
70.45	-3.0126
70.45	-3.0127
70.45	-3.0125
70.45	-3.0126
70.44	-3.0126
70.44	-3.0127
70.44	-3.0125
70.43	-3.0127
70.43	-3.0127
70.43	-3.0126
70.43	-3.0126
70.43	-3.0126
70.43	-3.0126
70.43	-3.0126
70.42	-3.0126
70.42	-3.0125
70.42	-3.0124
70.41	-3.0124
70.41	-3.0125
70.41	-3.0124
70.40	-3.0125
70.40	-3.0126
70.40	-3.0124
70.40	-3.0123
70.39	-3.0125
70.39	-3.0125
70.39	-3.0125
70.38	-3.0126
70.38	-3.0125
70.38	-3.0126
70.38	-3.0124
70.38	-3.0126
70.38	-3.0125
70.37	-3.0125
70.37	-3.0124
70.37	-3.0124
70.36	-3.0124
70.36	-3.0123
70.36	-3.0123
70.35	-3.0124
70.35	-3.0125
70.35	-3.0125
70.34	-3.0126
70.34	-3.0123
70.34	-3.0122
70.34	-3.0125
70.34	-3.0122
70.33	-3.0124
70.33	-3.0121
70.33	-3.0122
70.33	-3.0121
70.33	-3.0120
70.33	-3.0121
70.32	-3.0119
70.32	-3.0120
70.32	-3.0121
70.31	-3.0119
70.31	-3.0118
70.31	-3.0119
70.30	-3.0120
70.30	-3.0120
70.30	-3.0118
70.30	-3.0117
70.30	-3.0119
70.30	-3.0118
70.30	-3.0118
70.29	-3.0118
70.29	-3.0117
70.29	-3.0115
70.28	-3.0118
70.28	-3.0117
70.28	-3.0117
70.27	-3.0117
70.27	-3.0117
70.27	-3.0116
70.27	-3.0116
70.27	-3.0118
70.26	-3.0117
70.26	-3.0115
70.25	-3.0114
70.25	-3.0114
70.25	-3.0113
70.25	-3.0113
70.25	-3.0115
70.25	-3.0114
70.24	-3.0114
70.24	-3.0114
70.24	-3.0114
70.23	-3.0113
70.23	-3.0113
70.23	-3.0114
70.23	-3.0113
70.23	-3.0113
70.22	-3.0114
70.22	-3.0113
70.22	-3.0114
70.21	-3.0112
70.21	-3.0112
70.20	-3.0112
70.20	-3.0112
70.20	-3.0113
70.20	-3.0114
70.20	-3.0111
70.20	-3.0110
70.20	-3.0111
70.19	-3.0110
70.18	-3.0113
70.18	-3.0111
70.18	-3.0109
70.18	-3.0111
70.18	-3.0109
70.18	-3.0109
70.17	-3.0112
70.17	-3.0112
70.17	-3.0112
70.17	-3.0110
70.16	-3.0110
70.16	-3.0108
70.16	-3.0108
70.15	-3.0107
70.15	-3.0107
70.15	-3.0107
70.15	-3.0107
70.14	-3.0110
70.14	-3.0108
70.14	-3.0108
70.14	-3.0105
70.14	-3.0108
70.13	-3.0107
70.13	-3.0107
70.13	-3.0106
70.13	-3.0107
70.12	-3.0105
70.12	-3.0105
70.12	-3.0106
70.11	-3.0105
70.11	-3.0105
70.10	-3.0105
70.10	-3.0105
70.10	-3.0105
70.10	-3.0103
70.10	-3.0104
70.10	-3.0104
70.09	-3.0104
70.09	-3.0104
70.09	-3.0103
70.09	-3.0105
70.08	-3.0104
70.08	-3.0103
70.08	-3.0103
70.08	-3.0103
70.07	-3.0102
70.07	-3.0103
70.07	-3.0104
70.07	-3.0102
70.06	-3.0103
70.06	-3.0102
70.06	-3.0103
70.06	-3.0101
70.05	-3.0101
70.05	-3.0101
70.05	-3.0100
70.05	-3.0102
70.04	-3.0102
70.04	-3.0101
70.04	-3.0102
70.03	-3.0102
70.03	-3.0101
70.03	-3.0104
70.03	-3.0100
70.03	-3.0102
70.03	-3.0098
70.02	-3.0101
70.02	-3.0100
70.02	-3.0099
70.02	-3.0100
70.01	-3.0099
70.01	-3.0099
70.01	-3.0100
70.00	-3.0099
70.00	-3.0099
70.00	-3.0099
70.00	-3.0098
70.00	-3.0097
70.00	-3.0099
70.00	-3.0099
69.99	-3.0098
69.99	-3.0098
69.99	-3.0097
69.98	-3.0097
69.98	-3.0098
69.98	-3.0097
69.98	-3.0098
69.97	-3.0097
69.97	-3.0096
69.97	-3.0097
69.96	-3.0095
69.96	-3.0096
69.96	-3.0095
69.95	-3.0096
69.95	-3.0096
69.95	-3.0095
69.95	-3.0094
69.95	-3.0096
69.95	-3.0096
69.94	-3.0096
69.94	-3.0095
69.94	-3.0093
69.93	-3.0095
69.93	-3.0093
69.93	-3.0096
69.93	-3.0097
69.93	-3.0095
69.92	-3.0096
69.91	-3.0093
69.91	-3.0093
69.91	-3.0094
69.91	-3.0093
69.90	-3.0091
69.90	-3.0093
69.89	-3.0094
69.89	-3.0091
69.89	-3.0090
69.89	-3.0089
69.89	-3.0091
69.89	-3.0089
69.89	-3.0092
69.88	-3.0090
69.88	-3.0089
69.88	-3.0088
69.88	-3.0089
69.87	-3.0088
69.87	-3.0090
69.87	-3.0088
69.87	-3.0088
69.86	-3.0086
69.86	-3.0089
69.86	-3.0087
69.85	-3.0089
69.85	-3.0089
69.85	-3.0086
69.85	-3.0088
69.84	-3.0086
69.84	-3.0086
69.84	-3.0087
69.84	-3.0085
69.84	-3.0087
69.84	-3.0087
69.83	-3.0086
69.83	-3.0086
69.83	-3.0086
69.83	-3.0085
69.82	-3.0086
69.82	-3.0084
69.82	-3.0083
69.81	-3.0086
69.81	-3.0087
69.81	-3.0084
69.80	-3.0086
69.80	-3.0083
69.80	-3.0083
69.80	-3.0084
69.80	-3.0083
69.80	-3.0085
69.79	-3.0084
69.79	-3.0083
69.78	-3.0083
69.78	-3.0082
69.78	-3.0086
69.78	-3.0083
69.78	-3.0083
69.77	-3.0082
69.77	-3.0083
69.77	-3.0082
69.76	-3.0081
69.76	-3.0081
69.76	-3.0081
69.76	-3.0080
69.76	-3.0081
69.76	-3.0083
69.75	-3.0081
69.75	-3.0082
69.75	-3.0080
69.75	-3.0079
69.74	-3.0079
69.74	-3.0079
69.73	-3.0076
69.73	-3.0080
69.73	-3.0079
69.73	-3.0077
69.73	-3.0079
69.73	-3.0078
69.73	-3.0078
69.73	-3.0077
69.72	-3.0076
69.72	-3.0078
69.72	-3.0076
69.71	-3.0077
69.71	-3.0077
69.71	-3.0075
69.71	-3.0077
69.71	-3.0076
69.70	-3.0073
69.70	-3.0075
69.70	-3.0075
69.70	-3.0076
69.69	-3.0074
69.69	-3.0076
69.69	-3.0074
69.69	-3.0076
69.68	-3.0075
69.68	-3.0074
69.68	-3.0075
69.68	-3.0073
69.67	-3.0075
69.67	-3.0073
69.67	-3.0073
69.67	-3.0073
69.67	-3.0074
69.66	-3.0073
69.66	-3.0072
69.65	-3.0074
69.65	-3.0072
69.65	-3.0075
69.64	-3.0074
69.64	-3.0074
69.64	-3.0076
69.64	-3.0076
69.64	-3.0073
69.64	-3.0075
69.63	-3.0070
69.63	-3.0075
69.63	-3.0074
69.63	-3.0072
69.62	-3.0073
69.62	-3.0075
69.61	-3.0071
69.61	-3.0074
69.61	-3.0073
69.61	-3.0072
69.60	-3.0072
69.60	-3.0073
69.60	-3.0073
69.59	-3.0075
69.59	-3.0073
69.59	-3.0075
69.59	-3.0074
69.59	-3.0073
69.58	-3.0074
69.58	-3.0073
69.58	-3.0073
69.58	-3.0074
69.58	-3.0073
69.58	-3.0071
69.57	-3.0073
69.57	-3.0074
69.57	-3.0072
69.56	-3.0072
69.56	-3.0071
69.56	-3.0072
69.56	-3.0072
69.56	-3.0071
69.55	-3.0069
69.55	-3.0072
69.55	-3.0071
69.54	-3.0070
69.54	-3.0071
69.54	-3.0071
69.54	-3.0070
69.53	-3.0070
69.53	-3.0069
69.53	-3.0068
69.53	-3.0069
69.53	-3.0070
69.53	-3.0070
69.52	-3.0069
69.51	-3.0068
69.51	-3.0069
69.51	-3.0070
69.51	-3.0070
69.50	-3.0069
69.50	-3.0066
69.50	-3.0067
69.50	-3.0068
69.50	-3.0068
69.49	-3.0070
69.49	-3.0068
69.49	-3.0067
69.49	-3.0067
69.49	-3.0066
69.48	-3.0067
69.48	-3.0067
69.48	-3.0067
69.47	-3.0066
69.47	-3.0067
69.47	-3.0065
69.46	-3.0065
69.46	-3.0066
69.46	-3.0066
69.46	-3.0065
69.46	-3.0065
69.45	-3.0064
69.45	-3.0062
69.45	-3.0065
69.45	-3.0064
69.44	-3.0063
69.44	-3.0064
69.44	-3.0062
69.44	-3.0063
69.43	-3.0063
69.43	-3.0061
69.43	-3.0061
69.43	-3.0062
69.42	-3.0061
69.42	-3.0060
69.42	-3.0060
69.42	-3.0062
69.41	-3.0062
69.41	-3.0061
69.41	-3.0060
69.40	-3.0058
69.40	-3.0060
69.40	-3.0057
69.40	-3.0060
69.39	-3.0059
69.39	-3.0061
69.39	-3.0059
69.39	-3.0059
69.39	-3.0059
69.38	-3.0059
69.38	-3.0056
69.38	-3.0058
69.38	-3.0058
69.37	-3.0056
69.37	-3.0060
69.37	-3.0056
69.37	-3.0058
69.37	-3.0055
69.36	-3.0057
69.36	-3.0058
69.36	-3.0055
69.36	-3.0055
69.35	-3.0052
69.35	-3.0053
69.34	-3.0056
69.34	-3.0053
69.34	-3.0052
69.34	-3.0053
69.34	-3.0053
69.33	-3.0052
69.33	-3.0052
69.33	-3.0050
69.33	-3.0052
69.33	-3.0051
69.32	-3.0053
69.32	-3.0050
69.32	-3.0053
69.32	-3.0051
69.31	-3.0052
69.31	-3.0051
69.30	-3.0053
69.30	-3.0051
69.30	-3.0051
69.30	-3.0052
69.30	-3.0052
69.30	-3.0052
69.30	-3.0052
69.29	-3.0050
69.29	-3.0053
69.28	-3.0051
69.28	-3.0050
69.28	-3.0051
69.28	-3.0050
69.28	-3.0050
69.28	-3.0052
69.28	-3.0051
69.27	-3.0049
69.26	-3.0049
69.26	-3.0050
69.26	-3.0050
69.26	-3.0049
69.25	-3.0049
69.25	-3.0046
69.25	-3.0048
69.25	-3.0047
69.24	-3.0047
69.24	-3.0047
69.24	-3.0048
69.24	-3.0046
69.23	-3.0049
69.23	-3.0048
69.23	-3.0045
69.23	-3.0047
69.23	-3.0045
69.22	-3.0046
69.22	-3.0044
69.21	-3.0045
69.21	-3.0045
69.21	-3.0044
69.21	-3.0047
69.20	-3.0045
69.20	-3.0045
69.20	-3.0044
69.20	-3.0045
69.20	-3.0044
69.19	-3.0045
69.19	-3.0045
69.19	-3.0045
69.19	-3.0043
69.18	-3.0043
69.18	-3.0045
69.17	-3.0043
69.17	-3.0043
69.17	-3.0044
69.17	-3.0044
69.17	-3.0044
69.17	-3.0043
69.17	-3.0044
69.16	-3.0043
69.16	-3.0044
69.15	-3.0044
69.15	-3.0044
69.15	-3.0045
69.15	-3.0045
69.14	-3.0045
69.14	-3.0044
69.14	-3.0046
69.14	-3.0045
69.14	-3.0044
69.13	-3.0044
69.13	-3.0044
69.13	-3.0044
69.13	-3.0043
69.13	-3.0044
69.12	-3.0044
69.12	-3.0044
69.11	-3.0043
69.11	-3.0045
69.11	-3.0045
69.11	-3.0043
69.10	-3.0042
69.10	-3.0044
69.10	-3.0042
69.10	-3.0041
69.09	-3.0041
69.09	-3.0042
69.09	-3.0039
69.08	-3.0039
69.08	-3.0040
69.08	-3.0039
69.08	-3.0041
69.08	-3.0039
69.08	-3.0038
69.07	-3.0040
69.07	-3.0041
69.07	-3.0039
69.07	-3.0040
69.06	-3.0039
69.06	-3.0039
69.06	-3.0037
69.06	-3.0041
69.06	-3.0039
69.05	-3.0037
69.05	-3.0040
69.05	-3.0038
69.05	-3.0040
69.05	-3.0040
69.04	-3.0039
69.03	-3.0036
69.03	-3.0040
69.03	-3.0038
69.03	-3.0039
69.03	-3.0037
69.02	-3.0037
69.02	-3.0036
69.02	-3.0036
69.01	-3.0038
69.01	-3.0036
69.01	-3.0035
69.01	-3.0036
69.01	-3.0036
69.01	-3.0037
69.00	-3.0036
69.00	-3.0035
69.00	-3.0035
69.00	-3.0036
68.99	-3.0035
68.99	-3.0036
68.99	-3.0034
68.98	-3.0036
68.98	-3.0034
68.98	-3.0036
68.98	-3.0034
68.98	-3.0036
68.97	-3.0034
68.97	-3.0035
68.96	-3.0035
68.96	-3.0036
68.95	-3.0035
68.95	-3.0033
68.95	-3.0035
68.95	-3.0034
68.95	-3.0032
68.95	-3.0033
68.95	-3.0033
68.95	-3.0031
68.94	-3.0034
68.94	-3.0032
68.94	-3.0030
68.94	-3.0033
68.94	-3.0032
68.93	-3.0031
68.92	-3.0029
68.92	-3.0031
68.92	-3.0031
68.92	-3.0032
68.92	-3.0031
68.91	-3.0029
68.91	-3.0030
68.91	-3.0031
68.91	-3.0031
68.91	-3.0031
68.90	-3.0028
68.90	-3.0031
68.89	-3.0030
68.89	-3.0030
68.89	-3.0028
68.89	-3.0029
68.89	-3.0029
68.89	-3.0028
68.88	-3.0028
68.88	-3.0025
68.88	-3.0025
68.88	-3.0026
68.87	-3.0027
68.87	-3.0027
68.87	-3.0025
68.87	-3.0025
68.86	-3.0025
68.86	-3.0024
68.86	-3.0023
68.85	-3.0025
68.85	-3.0022
68.84	-3.0023
68.84	-3.0023
68.84	-3.0024
68.84	-3.0020
68.84	-3.0024
68.84	-3.0021
68.84	-3.0022
68.84	-3.0022
68.83	-3.0022
68.83	-3.0023
68.83	-3.0020
68.83	-3.0022
68.83	-3.0022
68.82	-3.0021
68.82	-3.0021
68.81	-3.0020
68.81	-3.0019
68.81	-3.0022
68.81	-3.0018
68.81	-3.0021
68.81	-3.0021
68.80	-3.0019
68.80	-3.0018
68.80	-3.0020
68.80	-3.0017
68.80	-3.0020
68.79	-3.0018
68.79	-3.0018
68.78	-3.0017
68.78	-3.0017
68.78	-3.0019
68.78	-3.0017
68.77	-3.0017
68.77	-3.0016
68.77	-3.0018
68.77	-3.0017
68.76	-3.0017
68.76	-3.0017
68.75	-3.0015
68.75	-3.0017
68.75	-3.0016
68.75	-3.0016
68.75	-3.0016
68.75	-3.0016
68.75	-3.0017
68.74	-3.0015
68.74	-3.0015
68.73	-3.0016
68.73	-3.0016
68.73	-3.0015
68.73	-3.0016
68.73	-3.0016
68.73	-3.0015
68.72	-3.0015
68.72	-3.0015
68.72	-3.0016
68.71	-3.0014
68.71	-3.0015
68.70	-3.0014
68.70	-3.0015
68.70	-3.0015
68.70	-3.0015
68.70	-3.0015
68.70	-3.0013
68.70	-3.0012
68.70	-3.0012
68.69	-3.0014
68.69	-3.0014
68.68	-3.0013
68.68	-3.0013
68.68	-3.0012
68.68	-3.0012
68.68	-3.0013
68.67	-3.0012
68.67	-3.0011
68.66	-3.0011
68.66	-3.0011
68.66	-3.0012
68.66	-3.0009
68.66	-3.0011
68.65	-3.0010
68.65	-3.0008
68.64	-3.0010
68.64	-3.0008
68.64	-3.0011
68.64	-3.0007
68.64	-3.0009
68.63	-3.0010
68.63	-3.0007
68.63	-3.0008
68.63	-3.0008
68.63	-3.0009
68.62	-3.0009
68.62	-3.0007
68.62	-3.0008
68.62	-3.0009
68.61	-3.0009
68.61	-3.0007
68.61	-3.0009
68.61	-3.0006
68.60	-3.0010
68.60	-3.0005
68.59	-3.0006
68.60	-3.0009
68.59	-3.0005
68.59	-3.0010
68.59	-3.0007
68.59	-3.0007
68.59	-3.0009
68.58	-3.0008
68.58	-3.0008
68.58	-3.0007
68.58	-3.0007
68.58	-3.0006
68.57	-3.0008
68.57	-3.0007
68.57	-3.0008
68.56	-3.0007
68.56	-3.0008
68.56	-3.0008
68.55	-3.0005
68.55	-3.0007
68.55	-3.0008
68.55	-3.0004
68.54	-3.0006
68.54	-3.0005
68.54	-3.0005
68.53	-3.0004
68.53	-3.0004
68.53	-3.0004
68.53	-3.0005
68.53	-3.0004
68.53	-3.0004
68.53	-3.0005
68.53	-3.0004
68.52	-3.0004
68.51	-3.0003
68.51	-3.0004
68.51	-3.0004
68.51	-3.0005
68.50	-3.0004
68.50	-3.0003
68.50	-3.0002
68.50	-3.0004
68.50	-3.0003
68.49	-3.0003
68.49	-3.0003
68.49	-3.0000
68.48	-3.0001
68.48	-2.9999
68.48	-3.0002
68.48	-3.0000
68.48	-2.9998
68.47	-3.0000
68.47	-3.0000
68.46	-3.0000
68.46	-2.9999
68.46	-3.0000
68.46	-2.9998
68.46	-2.9998
68.45	-2.9997
68.45	-2.9997
68.45	-2.9998
68.45	-2.9999
68.45	-2.9998
68.44	-2.9997
68.44	-2.9999
68.44	-2.9999
68.43	-2.9999
68.43	-2.9999
68.43	-2.9997
68.43	-2.9998
68.42	-2.9997
68.42	-2.9998
68.42	-2.9996
68.41	-2.9996
68.41	-2.9998
68.41	-2.9998
68.41	-2.9996
68.41	-2.9996
68.40	-2.9995
68.40	-2.9998
68.40	-2.9997
68.39	-2.9998
68.39	-2.9994
68.39	-2.9996
68.39	-2.9996
68.39	-2.9997
68.39	-2.9995
68.38	-2.9995
68.38	-2.9994
68.38	-2.9995
68.38	-2.9993
68.38	-2.9993
68.37	-2.9994
68.37	-2.9994
68.37	-2.9993
68.36	-2.9994
68.36	-2.9994
68.36	-2.9992
68.35	-2.9991
68.35	-2.9990
68.35	-2.9991
68.35	-2.9991
68.34	-2.9989
68.34	-2.9990
68.34	-2.9989
68.34	-2.9987
68.33	-2.9989
68.33	-2.9989
68.33	-2.9986
68.33	-2.9987
68.32	-2.9985
68.32	-2.9985
68.32	-2.9986
68.32	-2.9985
68.31	-2.9984
68.31	-2.9985
68.31	-2.9985
68.31	-2.9985
68.30	-2.9985
68.30	-2.9986
68.30	-2.9984
68.30	-2.9985
68.29	-2.9984
68.29	-2.9986
68.28	-2.9986
68.28	-2.9985
68.28	-2.9986
68.28	-2.9985
68.28	-2.9986
68.28	-2.9983
68.28	-2.9985
68.28	-2.9983
68.27	-2.9985
68.27	-2.9984
68.27	-2.9983
68.26	-2.9985
68.26	-2.9983
68.26	-2.9985
68.25	-2.9984
68.25	-2.9985
68.25	-2.9983
68.25	-2.9983
68.25	-2.9982
68.24	-2.9982
68.24	-2.9983
68.24	-2.9982
68.24	-2.9984
68.23	-2.9983
68.23	-2.9981
68.22	-2.9982
68.22	-2.9982
68.22	-2.9982
68.22	-2.9982
68.22	-2.9981
68.22	-2.9981
68.22	-2.9981
68.21	-2.9980
68.21	-2.9980
68.20	-2.9983
68.20	-2.9980
68.20	-2.9980
68.20	-2.9982
68.20	-2.9981
68.19	-2.9982
68.19	-2.9982
68.19	-2.9980
68.19	-2.9982
68.18	-2.9979
68.18	-2.9978
68.17	-2.9980
68.17	-2.9981
68.17	-2.9982
68.17	-2.9982
68.17	-2.9979
68.17	-2.9978
68.17	-2.9980
68.16	-2.9979
68.16	-2.9980
68.16	-2.9979
68.15	-2.9978
68.14	-2.9980
68.14	-2.9980
68.14	-2.9978
68.14	-2.9980
68.14	-2.9978
68.14	-2.9978
68.13	-2.9978
68.13	-2.9980
68.13	-2.9977
68.13	-2.9977
68.13	-2.9975
68.13	-2.9977
68.12	-2.9978
68.12	-2.9976
68.12	-2.9978
68.12	-2.9977
68.11	-2.9976
68.11	-2.9976
68.10	-2.9977
68.10	-2.9975
68.10	-2.9976
68.10	-2.9976
68.10	-2.9973
68.10	-2.9976
68.09	-2.9976
68.09	-2.9976
68.09	-2.9975
68.08	-2.9975
68.08	-2.9976
68.08	-2.9976
68.08	-2.9976
68.07	-2.9974
68.07	-2.9975
68.07	-2.9975
68.07	-2.9974
68.06	-2.9972
68.06	-2.9974
68.06	-2.9973
68.05	-2.9974
68.05	-2.9974
68.05	-2.9973
68.05	-2.9972
68.05	-2.9973
68.05	-2.9972
68.04	-2.9973
68.04	-2.9972
68.03	-2.9972
68.03	-2.9974
68.03	-2.9972
68.03	-2.9971
68.03	-2.9974
68.02	-2.9972
68.02	-2.9972
68.02	-2.9972
68.02	-2.9973
68.01	-2.9970
68.01	-2.9971
68.01	-2.9972
68.01	-2.9970
68.01	-2.9969
68.00	-2.9970
68.00	-2.9968
68.00	-2.9968
68.00	-2.9968
67.99	-2.9968
67.99	-2.9969
67.99	-2.9967
67.98	-2.9966
67.98	-2.9968
67.98	-2.9967
67.97	-2.9968
67.97	-2.9967
67.97	-2.9967
67.97	-2.9968
67.97	-2.9967
67.96	-2.9967
67.96	-2.9968
67.96	-2.9966
67.95	-2.9966
67.95	-2.9967
67.95	-2.9967
67.95	-2.9968
67.95	-2.9968
67.94	-2.9967
67.94	-2.9967
67.94	-2.9968
67.94	-2.9967
67.93	-2.9965
67.93	-2.9964
67.93	-2.9964
67.93	-2.9964
67.92	-2.9966
67.92	-2.9964
67.92	-2.9964
67.92	-2.9965
67.92	-2.9964
67.92	-2.9964
67.91	-2.9963
67.91	-2.9963
67.91	-2.9964
67.91	-2.9961
67.90	-2.9964
67.90	-2.9962
67.90	-2.9965
67.89	-2.9962
67.89	-2.9962
67.89	-2.9964
67.89	-2.9964
67.88	-2.9961
67.88	-2.9960
67.88	-2.9962
67.88	-2.9961
67.88	-2.9962
67.87	-2.9960
67.87	-2.9962
67.87	-2.9961
67.86	-2.9958
67.86	-2.9960
67.86	-2.9960
67.85	-2.9960
67.85	-2.9960
67.85	-2.9960
67.85	-2.9959
67.84	-2.9959
67.84	-2.9960
67.84	-2.9959
67.84	-2.9960
67.83	-2.9959
67.83	-2.9959
67.83	-2.9959
67.83	-2.9960
67.82	-2.9959
67.82	-2.9959
67.82	-2.9958
67.82	-2.9958
67.81	-2.9958
67.81	-2.9958
67.81	-2.9959
67.81	-2.9957
67.81	-2.9957
67.80	-2.9958
67.80	-2.9958
67.80	-2.9958
67.80	-2.9959
67.80	-2.9956
67.79	-2.9959
67.79	-2.9955
67.79	-2.9957
67.78	-2.9958
67.78	-2.9958
67.78	-2.9956
67.78	-2.9955
67.77	-2.9957
67.77	-2.9955
67.77	-2.9957
67.77	-2.9954
67.77	-2.9955
67.76	-2.9954
67.76	-2.9955
67.75	-2.9956
67.75	-2.9956
67.75	-2.9957
67.75	-2.9954
67.75	-2.9955
67.74	-2.9955
67.74	-2.9956
67.74	-2.9953
67.74	-2.9953
67.74	-2.9954
67.73	-2.9954
67.73	-2.9954
67.72	-2.9954
67.72	-2.9953
67.72	-2.9953
67.72	-2.9952
67.72	-2.9952
67.72	-2.9954
67.72	-2.9955
67.71	-2.9953
67.71	-2.9952
67.71	-2.9951
67.70	-2.9953
67.70	-2.9953
67.70	-2.9951
67.70	-2.9953
67.70	-2.9951
67.69	-2.9952
67.69	-2.9951
67.69	-2.9952
67.68	-2.9950
67.68	-2.9952
67.67	-2.9951
67.67	-2.9950
67.67	-2.9952
67.67	-2.9951
67.67	-2.9951
67.66	-2.9950
67.66	-2.9950
67.66	-2.9949
67.65	-2.9950
67.65	-2.9949
67.65	-2.9947
67.64	-2.9949
67.64	-2.9947
67.64	-2.9948
67.64	-2.9947
67.64	-2.9948
67.63	-2.9946
67.63	-2.9948
67.63	-2.9947
67.63	-2.9946
67.63	-2.9946
67.63	-2.9945
67.62	-2.9945
67.62	-2.9945
67.62	-2.9945
67.61	-2.9945
67.61	-2.9944
67.61	-2.9943
67.60	-2.9944
67.60	-2.9944
67.60	-2.9942
67.60	-2.9944
67.59	-2.9945
67.59	-2.9945
67.59	-2.9944
67.59	-2.9944
67.58	-2.9943
67.58	-2.9942
67.58	-2.9944
67.58	-2.9942
67.58	-2.9941
67.58	-2.9940
67.58	-2.9941
67.58	-2.9942
67.57	-2.9939
67.57	-2.9942
67.56	-2.9942
67.56	-2.9939
67.55	-2.9940
67.55	-2.9940
67.55	-2.9942
67.55	-2.9938
67.55	-2.9941
67.54	-2.9941
67.54	-2.9942
67.53	-2.9940
67.53	-2.9940
67.53	-2.9942
67.53	-2.9939
67.53	-2.9941
67.53	-2.9940
67.53	-2.9939
67.52	-2.9940
67.52	-2.9938
67.52	-2.9938
67.52	-2.9938
67.51	-2.9937
67.51	-2.9937
67.50	-2.9937
67.50	-2.9937
67.50	-2.9934
67.50	-2.9936
67.50	-2.9934
67.49	-2.9936
67.49	-2.9936
67.49	-2.9934
67.49	-2.9937
67.48	-2.9934
67.48	-2.9934
67.48	-2.9935
67.47	-2.9936
67.47	-2.9935
67.47	-2.9936
67.47	-2.9936
67.46	-2.9937
67.46	-2.9936
67.46	-2.9934
67.46	-2.9935
67.46	-2.9936
67.45	-2.9935
67.45	-2.9935
67.45	-2.9937
67.45	-2.9935
67.44	-2.9934
67.44	-2.9931
67.44	-2.9935
67.44	-2.9934
67.43	-2.9933
67.43	-2.9933
67.43	-2.9932
67.43	-2.9933
67.42	-2.9933
67.42	-2.9932
67.42	-2.9931
67.42	-2.9932
67.42	-2.9931
67.42	-2.9931
67.42	-2.9930
67.41	-2.9931
67.41	-2.9930
67.41	-2.9930
67.40	-2.9927
67.40	-2.9929
67.40	-2.9928
67.39	-2.9929
67.39	-2.9925
67.39	-2.9927
67.39	-2.9927
67.38	-2.9926
67.38	-2.9929
67.38	-2.9925
67.38	-2.9926
67.37	-2.9926
67.37	-2.9926
67.37	-2.9926
67.36	-2.9924
67.36	-2.9926
67.36	-2.9925
67.36	-2.9924
67.35	-2.9927
67.35	-2.9926
67.34	-2.9925
67.34	-2.9926
67.34	-2.9925
67.34	-2.9926
67.34	-2.9926
67.34	-2.9926
67.33	-2.9925
67.33	-2.9923
67.33	-2.9924
67.33	-2.9924
67.33	-2.9925
67.32	-2.9927
67.32	-2.9925
67.32	-2.9924
67.32	-2.9926
67.32	-2.9925
67.31	-2.9925
67.31	-2.9927
67.31	-2.9926
67.30	-2.9924
67.30	-2.9924
67.30	-2.9923
67.30	-2.9924
67.30	-2.9923
67.29	-2.9923
67.29	-2.9923
67.28	-2.9923
67.28	-2.9923
67.28	-2.9922
67.28	-2.9922
67.28	-2.9923
67.27	-2.9922
67.27	-2.9923
67.27	-2.9923
67.27	-2.9924
67.26	-2.9923
67.26	-2.9922
67.26	-2.9923
67.26	-2.9922
67.25	-2.9920
67.25	-2.9923
67.25	-2.9922
67.24	-2.9922
67.24	-2.9921
67.24	-2.9921
67.23	-2.9920
67.23	-2.9920
67.23	-2.9922
67.23	-2.9920
67.22	-2.9921
67.22	-2.9919
67.22	-2.9920
67.21	-2.9919
67.21	-2.9918
67.21	-2.9919
67.21	-2.9918
67.21	-2.9918
67.21	-2.9917
67.20	-2.9918
67.20	-2.9917
67.20	-2.9917
67.20	-2.9916
67.20	-2.9915
67.20	-2.9914
67.19	-2.9918
67.18	-2.9916
67.18	-2.9916
67.18	-2.9915
67.17	-2.9914
67.17	-2.9915
67.17	-2.9916
67.17	-2.9914
67.17	-2.9914
67.17	-2.9912
67.17	-2.9913
67.16	-2.9913
67.16	-2.9913
67.16	-2.9914
67.16	-2.9914
67.15	-2.9914
67.15	-2.9913
67.14	-2.9912
67.14	-2.9913
67.14	-2.9912
67.14	-2.9915
67.14	-2.9913
67.13	-2.9914
67.13	-2.9913
67.13	-2.9912
67.13	-2.9913
67.13	-2.9913
67.13	-2.9914
67.12	-2.9911
67.12	-2.9912
67.12	-2.9912
67.11	-2.9913
67.11	-2.9912
67.11	-2.9913
67.11	-2.9912
67.10	-2.9911
67.10	-2.9909
67.09	-2.9909
67.09	-2.9910
67.09	-2.9909
67.08	-2.9911
67.09	-2.9910
67.08	-2.9909
67.09	-2.9913
67.09	-2.9910
67.08	-2.9911
67.08	-2.9911
67.08	-2.9911
67.07	-2.9909
67.07	-2.9912
67.06	-2.9909
67.06	-2.9911
67.06	-2.9910
67.06	-2.9910
67.06	-2.9912
67.06	-2.9910
67.06	-2.9912
67.05	-2.9910
67.05	-2.9909
67.05	-2.9909
67.04	-2.9910
67.04	-2.9909
67.04	-2.9909
67.04	-2.9909
67.04	-2.9910
67.03	-2.9907
67.03	-2.9908
67.03	-2.9907
67.03	-2.9904
67.02	-2.9907
67.02	-2.9908
67.02	-2.9906
67.02	-2.9906
67.01	-2.9906
67.01	-2.9908
67.00	-2.9906
67.00	-2.9907
67.00	-2.9905
67.00	-2.9906
67.00	-2.9905
67.00	-2.9905
67.00	-2.9907
66.99	-2.9906
66.99	-2.9906
66.99	-2.9903
66.98	-2.9907
66.98	-2.9903
66.97	-2.9904
66.97	-2.9906
66.97	-2.9904
66.97	-2.9903
66.97	-2.9904
66.96	-2.9903
66.96	-2.9903
66.96	-2.9904
66.95	-2.9903
66.95	-2.9905
66.95	-2.9902
66.95	-2.9904
66.94	-2.9902
66.94	-2.9903
66.95	-2.9903
66.94	-2.9901
66.94	-2.9901
66.94	-2.9902
66.93	-2.9901
66.93	-2.9903
66.93	-2.9902
66.92	-2.9902
66.92	-2.9902
66.92	-2.9902
66.92	-2.9902
66.92	-2.9901
66.91	-2.9902
66.91	-2.9900
66.90	-2.9900
66.90	-2.9902
66.90	-2.9900
66.90	-2.9901
66.90	-2.9900
66.89	-2.9900
66.89	-2.9899
66.88	-2.9900
66.88	-2.9900
66.88	-2.9900
66.88	-2.9898
66.88	-2.9899
66.88	-2.9900
66.88	-2.9899
66.87	-2.9900
66.87	-2.9898
66.86	-2.9901
66.86	-2.9899
66.86	-2.9900
66.86	-2.9898
66.85	-2.9900
66.85	-2.9899
66.85	-2.9900
66.84	-2.9898
66.84	-2.9900
66.84	-2.9898
66.84	-2.9895
66.84	-2.9898
66.83	-2.9897
66.83	-2.9896
66.83	-2.9897
66.83	-2.9896
66.83	-2.9895
66.82	-2.9895
66.82	-2.9896
66.82	-2.9896
66.81	-2.9896
66.81	-2.9896
66.81	-2.9896
66.81	-2.9895
66.81	-2.9896
66.80	-2.9895
66.80	-2.9893
66.80	-2.9896
66.80	-2.9896
66.79	-2.9894
66.79	-2.9896
66.79	-2.9896
66.79	-2.9896
66.79	-2.9896
66.78	-2.9894
66.78	-2.9891
66.78	-2.9892
66.78	-2.9892
66.77	-2.9893
66.77	-2.9894
66.77	-2.9892
66.77	-2.9893
66.76	-2.9892
66.75	-2.9891
66.75	-2.9890
66.75	-2.9891
66.75	-2.9891
66.75	-2.9891
66.75	-2.9888
66.75	-2.9890
66.74	-2.9891
66.74	-2.9890
66.74	-2.9888
66.73	-2.9890
66.73	-2.9887
66.73	-2.9890
66.72	-2.9888
66.72	-2.9891
66.72	-2.9891
66.72	-2.9892
66.72	-2.9889
66.71	-2.9890
66.71	-2.9890
66.71	-2.9893
66.71	-2.9890
66.70	-2.9890
66.70	-2.9890
66.70	-2.9893
66.70	-2.9889
66.69	-2.9890
66.69	-2.9890
66.68	-2.9890
66.68	-2.9892
66.68	-2.9887
66.67	-2.9889
66.67	-2.9889
66.67	-2.9888
66.67	-2.9887
66.67	-2.9888
66.67	-2.9886
66.67	-2.9886
66.66	-2.9886
66.66	-2.9887
66.66	-2.9885
66.66	-2.9884
66.65	-2.9885
66.65	-2.9884
66.65	-2.9885
66.65	-2.9885
66.64	-2.9885
66.64	-2.9883
66.64	-2.9886
66.64	-2.9883
66.63	-2.9883
66.63	-2.9883
66.63	-2.9884
66.63	-2.9885
66.63	-2.9882
66.63	-2.9883
66.62	-2.9882
66.62	-2.9882
66.62	-2.9881
66.61	-2.9881
66.61	-2.9881
66.61	-2.9881
66.61	-2.9880
66.61	-2.9881
66.60	-2.9881
66.60	-2.9878
66.59	-2.9879
66.59	-2.9878
66.59	-2.9879
66.59	-2.9879
66.58	-2.9877
66.58	-2.9877
66.58	-2.9877
66.58	-2.9878
66.58	-2.9878
66.58	-2.9877
66.57	-2.9879
66.57	-2.9877
66.56	-2.9878
66.56	-2.9876
66.56	-2.9875
66.55	-2.9877
66.55	-2.9876
66.55	-2.9873
66.55	-2.9876
66.55	-2.9874
66.54	-2.9874
66.54	-2.9875
66.54	-2.9873
66.54	-2.9872
66.53	-2.9876
66.53	-2.9873
66.53	-2.9871
66.53	-2.9872
66.53	-2.9872
66.52	-2.9872
66.52	-2.9873
66.52	-2.9871
66.51	-2.9872
66.51	-2.9872
66.51	-2.9871
66.50	-2.9874
66.50	-2.9870
66.50	-2.9871
66.50	-2.9872
66.50	-2.9872
66.50	-2.9873
66.49	-2.9872
66.49	-2.9872
66.48	-2.9870
66.48	-2.9874
66.48	-2.9871
66.48	-2.9871
66.47	-2.9872
66.47	-2.9870
66.47	-2.9871
66.47	-2.9870
66.46	-2.9871
66.46	-2.9870
66.46	-2.9870
66.45	-2.9869
66.46	-2.9870
66.45	-2.9870
66.45	-2.9868
66.45	-2.9869
66.45	-2.9870
66.44	-2.9869
66.44	-2.9870
66.44	-2.9869
66.43	-2.9869
66.43	-2.9869
66.43	-2.9870
66.43	-2.9870
66.43	-2.9870
66.42	-2.9868
66.42	-2.9868
66.42	-2.9868
66.42	-2.9869
66.41	-2.9871
66.41	-2.9870
66.40	-2.9869
66.40	-2.9871
66.40	-2.9869
66.40	-2.9869
66.39	-2.9867
66.39	-2.9868
66.39	-2.9868
66.39	-2.9867
66.39	-2.9868
66.38	-2.9867
66.38	-2.9868
66.38	-2.9867
66.37	-2.9869
66.37	-2.9869
66.37	-2.9868
66.37	-2.9870
66.37	-2.9867
66.37	-2.9869
66.36	-2.9865
66.36	-2.9867
66.36	-2.9866
66.36	-2.9867
66.36	-2.9867
66.35	-2.9867
66.35	-2.9865
66.34	-2.9867
66.34	-2.9862
66.34	-2.9866
66.33	-2.9864
66.33	-2.9865
66.33	-2.9864
66.33	-2.9863
66.33	-2.9866
66.33	-2.9865
66.33	-2.9866
66.32	-2.9866
66.32	-2.9865
66.32	-2.9864
66.32	-2.9864
66.31	-2.9864
66.31	-2.9862
66.31	-2.9863
66.31	-2.9862
66.31	-2.9861
66.30	-2.9863
66.30	-2.9862
66.30	-2.9863
66.30	-2.9864
66.29	-2.9862
66.29	-2.9862
66.28	-2.9862
66.28	-2.9863
66.28	-2.9862
66.28	-2.9863
66.27	-2.9861
66.27	-2.9862
66.27	-2.9862
66.27	-2.9861
66.26	-2.9860
66.26	-2.9859
66.26	-2.9859
66.25	-2.9859
66.25	-2.9859
66.25	-2.9861
66.25	-2.9861
66.25	-2.9860
66.25	-2.9860
66.24	-2.9860
66.24	-2.9859
66.24	-2.9858
66.24	-2.9860
66.23	-2.9860
66.23	-2.9857
66.23	-2.9859
66.22	-2.9856
66.22	-2.9860
66.22	-2.9857
66.22	-2.9858
66.22	-2.9860
66.21	-2.9858
66.21	-2.9858
66.20	-2.9857
66.20	-2.9857
66.20	-2.9858
66.20	-2.9857
66.20	-2.9857
66.19	-2.9857
66.19	-2.9856
66.19	-2.9856
66.18	-2.9856
66.18	-2.9856
66.18	-2.9855
66.18	-2.9856
66.17	-2.9856
66.17	-2.9855
66.17	-2.9857
66.17	-2.9853
66.17	-2.9855
66.17	-2.9854
66.17	-2.9854
66.16	-2.9855
66.16	-2.9854
66.16	-2.9853
66.16	-2.9854
66.15	-2.9853
66.15	-2.9852
66.14	-2.9852
66.14	-2.9852
66.14	-2.9852
66.14	-2.9850
66.14	-2.9849
66.13	-2.9850
66.13	-2.9850
66.13	-2.9849
66.13	-2.9851
66.13	-2.9848
66.13	-2.9851
66.12	-2.9850
66.12	-2.9850
66.12	-2.9850
66.11	-2.9851
66.11	-2.9847
66.10	-2.9849
66.10	-2.9848
66.10	-2.9846
66.10	-2.9848
66.10	-2.9847
66.09	-2.9846
66.09	-2.9846
66.09	-2.9846
66.09	-2.9846
66.08	-2.9847
66.08	-2.9847
66.08	-2.9846
66.08	-2.9846
66.08	-2.9847
66.07	-2.9844
66.07	-2.9846
66.07	-2.9844
66.07	-2.9847
66.07	-2.9845
66.06	-2.9847
66.06	-2.9848
66.06	-2.9845
66.05	-2.9845
66.05	-2.9846
66.05	-2.9846
66.05	-2.9847
66.05	-2.9846
66.04	-2.9845
66.04	-2.9843
66.04	-2.9847
66.03	-2.9844
66.03	-2.9845
66.03	-2.9845
66.03	-2.9843
66.02	-2.9844
66.02	-2.9844
66.02	-2.9845
66.02	-2.9844
66.01	-2.9842
66.01	-2.9844
66.01	-2.9843
66.01	-2.9842
66.00	-2.9843
66.00	-2.9843
66.00	-2.9842
66.00	-2.9842
65.99	-2.9840
65.99	-2.9841
65.98	-2.9841
65.98	-2.9840
65.98	-2.9840
65.98	-2.9841
65.98	-2.9838
65.98	-2.9839
65.97	-2.9840
65.97	-2.9839
65.96	-2.9841
65.96	-2.9837
65.96	-2.9840
65.96	-2.9840
65.96	-2.9839
65.95	-2.9837
65.95	-2.9838
65.95	-2.9837
65.95	-2.9836
65.94	-2.9835
65.94	-2.9837
65.94	-2.9837
65.94	-2.9836
65.93	-2.9838
65.93	-2.9838
65.93	-2.9836
65.93	-2.9836
65.92	-2.9836
65.92	-2.9838
65.92	-2.9836
65.92	-2.9837
65.92	-2.9836
65.91	-2.9837
65.91	-2.9836
65.90	-2.9837
65.90	-2.9837
65.90	-2.9836
65.90	-2.9836
65.89	-2.9835
65.89	-2.9836
65.89	-2.9836
65.89	-2.9836
65.89	-2.9835
65.88	-2.9836
65.88	-2.9834
65.88	-2.9838
65.88	-2.9836
65.88	-2.9836
65.88	-2.9834
65.87	-2.9836
65.87	-2.9834
65.87	-2.9837
65.87	-2.9837
65.86	-2.9834
65.86	-2.9835
65.86	-2.9837
65.86	-2.9836
65.85	-2.9836
65.85	-2.9837
65.84	-2.9836
65.84	-2.9835
65.84	-2.9837
65.84	-2.9836
65.83	-2.9835
65.83	-2.9835
65.83	-2.9834
65.83	-2.9834
65.83	-2.9836
65.82	-2.9834
65.82	-2.9834
65.82	-2.9835
65.82	-2.9834
65.82	-2.9835
65.81	-2.9835
65.81	-2.9834
65.80	-2.9835
65.80	-2.9834
65.80	-2.9831
65.80	-2.9832
65.80	-2.9833
65.80	-2.9834
65.80	-2.9833
65.79	-2.9832
65.79	-2.9832
65.78	-2.9833
65.78	-2.9832
65.78	-2.9832
65.78	-2.9831
65.77	-2.9831
65.77	-2.9831
65.77	-2.9830
65.77	-2.9831
65.76	-2.9829
65.76	-2.9830
65.76	-2.9830
65.76	-2.9830
65.75	-2.9830
65.75	-2.9829
65.75	-2.9828
65.75	-2.9828
65.75	-2.9829
65.74	-2.9828
65.74	-2.9828
65.74	-2.9827
65.74	-2.9827
65.73	-2.9826
65.73	-2.9827
65.72	-2.9826
65.72	-2.9825
65.72	-2.9825
65.72	-2.9825
65.72	-2.9824
65.72	-2.9822
65.71	-2.9822
65.71	-2.9822
65.71	-2.9824
65.70	-2.9823
65.70	-2.9822
65.70	-2.9822
65.70	-2.9821
65.69	-2.9822
65.69	-2.9822
65.69	-2.9820
65.69	-2.9822
65.68	-2.9823
65.68	-2.9822
65.68	-2.9822
65.67	-2.9822
65.67	-2.9821
65.67	-2.9822
65.67	-2.9820
65.67	-2.9820
65.67	-2.9820
65.66	-2.9823
65.66	-2.9820
65.65	-2.9821
65.65	-2.9822
65.64	-2.9820
65.64	-2.9820
65.64	-2.9820
65.64	-2.9820
65.64	-2.9822
65.64	-2.9822
65.63	-2.9820
65.63	-2.9820
65.63	-2.9818
65.63	-2.9820
65.62	-2.9820
65.62	-2.9818
65.62	-2.9818
65.62	-2.9820
65.62	-2.9818
65.62	-2.9819
65.61	-2.9818
65.61	-2.9820
65.61	-2.9818
65.60	-2.9817
65.60	-2.9818
65.59	-2.9816
65.59	-2.9819
65.59	-2.9817
65.59	-2.9816
65.58	-2.9816
65.59	-2.9815
65.59	-2.9817
65.58	-2.9817
65.58	-2.9817
65.58	-2.9817
65.58	-2.9815
65.57	-2.9815
65.57	-2.9816
65.56	-2.9816
65.56	-2.9813
65.56	-2.9815
65.56	-2.9815
65.56	-2.9812
65.56	-2.9815
65.56	-2.9814
65.55	-2.9811
65.55	-2.9813
65.55	-2.9811
65.54	-2.9810
65.54	-2.9811
65.54	-2.9813
65.54	-2.9812
65.53	-2.9811
65.53	-2.9811
65.53	-2.9812
65.52	-2.9812
65.52	-2.9812
65.52	-2.9811
65.52	-2.9812
65.51	-2.9812
65.51	-2.9812
65.50	-2.9813
65.50	-2.9811
65.50	-2.9810
65.50	-2.9809
65.50	-2.9810
65.50	-2.9811
65.49	-2.9813
65.49	-2.9810
65.49	-2.9811
65.48	-2.9811
65.48	-2.9812
65.48	-2.9811
65.48	-2.9810
65.48	-2.9811
65.47	-2.9811
65.47	-2.9813
65.47	-2.9811
65.46	-2.9812
65.46	-2.9810
65.45	-2.9811
65.45	-2.9810
65.45	-2.9812
65.45	-2.9811
65.45	-2.9812
65.45	-2.9812
65.45	-2.9810
65.44	-2.9810
65.44	-2.9808
65.44	-2.9807
65.43	-2.9810
65.43	-2.9808
65.43	-2.9809
65.43	-2.9807
65.42	-2.9808
65.42	-2.9807
65.42	-2.9808
65.42	-2.9807
65.42	-2.9805
65.41	-2.9807
65.41	-2.9806
65.41	-2.9805
65.41	-2.9806
65.40	-2.9804
65.40	-2.9807
65.40	-2.9807
65.40	-2.9805
65.39	-2.9805
65.39	-2.9806
65.39	-2.9804
65.39	-2.9805
65.39	-2.9807
65.38	-2.9805
65.38	-2.9803
65.38	-2.9803
65.38	-2.9806
65.37	-2.9803
65.37	-2.9804
65.37	-2.9806
65.36	-2.9802
65.36	-2.9802
65.36	-2.9802
65.35	-2.9804
65.35	-2.9802
65.35	-2.9803
65.35	-2.9802
65.35	-2.9802
65.34	-2.9802
65.34	-2.9802
65.34	-2.9801
65.34	-2.9802
65.33	-2.9801
65.33	-2.9801
65.33	-2.9801
65.33	-2.9802
65.32	-2.9801
65.32	-2.9800
65.32	-2.9799
65.31	-2.9799
65.31	-2.9800
65.31	-2.9799
65.31	-2.9802
65.30	-2.9801
65.30	-2.9799
65.30	-2.9799
65.30	-2.9799
65.30	-2.9801
65.30	-2.9801
65.29	-2.9800
65.29	-2.9800
65.29	-2.9800
65.29	-2.9800
65.29	-2.9797
65.29	-2.9799
65.28	-2.9797
65.28	-2.9800
65.27	-2.9798
65.27	-2.9798
65.27	-2.9797
65.26	-2.9797
65.26	-2.9795
65.26	-2.9797
65.25	-2.9796
65.25	-2.9799
65.25	-2.9797
65.25	-2.9797
65.25	-2.9796
65.25	-2.9798
65.25	-2.9796
65.24	-2.9797
65.24	-2.9797
65.24	-2.9795
65.24	-2.9795
65.23	-2.9794
65.23	-2.9796
65.22	-2.9795
65.22	-2.9794
65.22	-2.9792
65.22	-2.9795
65.22	-2.9793
65.21	-2.9793
65.21	-2.9792
65.21	-2.9791
65.21	-2.9792
65.20	-2.9791
65.20	-2.9792
65.20	-2.9791
65.20	-2.9791
65.19	-2.9791
65.19	-2.9793
65.19	-2.9791
65.19	-2.9791
65.19	-2.9792
65.18	-2.9790
65.18	-2.9791
65.18	-2.9791
65.18	-2.9791
65.17	-2.9791
65.17	-2.9791
65.17	-2.9791
65.17	-2.9788
65.16	-2.9790
65.16	-2.9789
65.16	-2.9788
65.15	-2.9789
65.15	-2.9789
65.15	-2.9789
65.14	-2.9790
65.14	-2.9786
65.14	-2.9787
65.14	-2.9787
65.14	-2.9786
65.13	-2.9786
65.13	-2.9785
65.13	-2.9785
65.13	-2.9787
65.13	-2.9785
65.13	-2.9786
65.12	-2.9784
65.12	-2.9785
65.11	-2.9785
65.11	-2.9783
65.11	-2.9782
65.11	-2.9782
65.10	-2.9781
65.10	-2.9785
65.10	-2.9780
65.09	-2.9781
65.09	-2.9781
65.09	-2.9781
65.09	-2.9780
65.08	-2.9780
65.09	-2.9779
65.09	-2.9779
65.08	-2.9780
65.08	-2.9781
65.08	-2.9779
65.07	-2.9780
65.07	-2.9778
65.07	-2.9779
65.06	-2.9779
65.06	-2.9779
65.05	-2.9778
65.05	-2.9777
65.05	-2.9779
65.05	-2.9778
65.05	-2.9777
65.05	-2.9777
65.05	-2.9778
65.05	-2.9777
65.04	-2.9778
65.04	-2.9778
65.03	-2.9778
65.03	-2.9780
65.03	-2.9780
65.03	-2.9778
65.03	-2.9780
65.03	-2.9778
65.02	-2.9779
65.02	-2.9781
65.01	-2.9779
65.01	-2.9781
65.01	-2.9780
65.01	-2.9780
65.01	-2.9782
65.00	-2.9779
65.00	-2.9781
65.00	-2.9783
65.00	-2.9779
65.00	-2.9780
64.99	-2.9780
64.99	-2.9781
64.98	-2.9780
64.98	-2.9781
64.98	-2.9780
64.97	-2.9781
64.97	-2.9781
64.97	-2.9782
64.97	-2.9781
64.97	-2.9781
64.96	-2.9780
64.96	-2.9781
64.96	-2.9781
64.96	-2.9780
64.95	-2.9779
64.95	-2.9779
64.95	-2.9779
64.95	-2.9778
64.95	-2.9780
64.94	-2.9778
64.94	-2.9779
64.94	-2.9781
64.93	-2.9777
64.93	-2.9778
64.93	-2.9779
64.92	-2.9779
64.92	-2.9778
64.92	-2.9777
64.92	-2.9776
64.92	-2.9777
64.92	-2.9777
64.92	-2.9776
64.91	-2.9776
64.91	-2.9777
64.91	-2.9775
64.90	-2.9776
64.90	-2.9775
64.90	-2.9777
64.89	-2.9775
64.89	-2.9776
64.89	-2.9777
64.88	-2.9775
64.88	-2.9776
64.88	-2.9775
64.88	-2.9774
64.88	-2.9773
64.88	-2.9771
64.87	-2.9773
64.87	-2.9774
64.87	-2.9773
64.87	-2.9772
64.87	-2.9772
64.86	-2.9771
64.86	-2.9771
64.86	-2.9771
64.85	-2.9772
64.85	-2.9770
64.85	-2.9771
64.84	-2.9769
64.84	-2.9769
64.84	-2.9767
64.84	-2.9769
64.84	-2.9768
64.83	-2.9766
64.83	-2.9767
64.83	-2.9766
64.83	-2.9765
64.82	-2.9765
64.82	-2.9764
64.81	-2.9765
64.81	-2.9765
64.80	-2.9764
64.80	-2.9765
64.80	-2.9765
64.80	-2.9764
64.80	-2.9762
64.80	-2.9761
64.80	-2.9762
64.79	-2.9760
64.79	-2.9762
64.79	-2.9761
64.79	-2.9759
64.78	-2.9761
64.78	-2.9760
64.78	-2.9759
64.77	-2.9760
64.77	-2.9761
64.77	-2.9761
64.77	-2.9758
64.77	-2.9759
64.76	-2.9758
64.76	-2.9759
64.76	-2.9758
64.75	-2.9760
64.75	-2.9759
64.75	-2.9758
64.75	-2.9760
64.75	-2.9760
64.75	-2.9760
64.75	-2.9760
64.74	-2.9757
64.74	-2.9759
64.73	-2.9760
64.73	-2.9759
64.73	-2.9760
64.72	-2.9757
64.72	-2.9758
64.72	-2.9758
64.72	-2.9760
64.72	-2.9760
64.71	-2.9759
64.70	-2.9759
64.70	-2.9758
64.70	-2.9758
64.70	-2.9758
64.70	-2.9757
64.70	-2.9756
64.69	-2.9759
64.69	-2.9758
64.69	-2.9758
64.68	-2.9759
64.68	-2.9759
64.68	-2.9760
64.68	-2.9761
64.68	-2.9759
64.67	-2.9759
64.67	-2.9759
64.67	-2.9758
64.67	-2.9758
64.67	-2.9759
64.66	-2.9758
64.66	-2.9758
64.66	-2.9759
64.66	-2.9758
64.66	-2.9758
64.65	-2.9757
64.65	-2.9760
64.65	-2.9756
64.64	-2.9760
64.64	-2.9758
64.64	-2.9758
64.63	-2.9760
64.63	-2.9760
64.63	-2.9759
64.63	-2.9759
64.62	-2.9760
64.62	-2.9759
64.62	-2.9760
64.62	-2.9759
64.62	-2.9761
64.61	-2.9759
64.61	-2.9760
64.61	-2.9760
64.61	-2.9761
64.61	-2.9759
64.60	-2.9759
64.59	-2.9758
64.59	-2.9759
64.59	-2.9758
64.59	-2.9758
64.59	-2.9759
64.59	-2.9759
64.58	-2.9759
64.58	-2.9761
64.58	-2.9759
64.58	-2.9758
64.57	-2.9758
64.57	-2.9760
64.57	-2.9759
64.56	-2.9762
64.56	-2.9758
64.56	-2.9759
64.55	-2.9758
64.55	-2.9760
64.55	-2.9759
64.55	-2.9761
64.55	-2.9758
64.55	-2.9760
64.54	-2.9759
64.54	-2.9757
64.54	-2.9759
64.53	-2.9759
64.53	-2.9759
64.53	-2.9757
64.53	-2.9758
64.53	-2.9758
64.52	-2.9758
64.52	-2.9758
64.52	-2.9756
64.51	-2.9755
64.51	-2.9757
64.51	-2.9757
64.51	-2.9758
64.50	-2.9758
64.50	-2.9758
64.50	-2.9757
64.50	-2.9758
64.49	-2.9758
64.49	-2.9757
64.49	-2.9757
64.49	-2.9756
64.49	-2.9757
64.49	-2.9757
64.48	-2.9758
64.48	-2.9757
64.47	-2.9757
64.47	-2.9753
64.47	-2.9756
64.47	-2.9757
64.47	-2.9754
64.47	-2.9754
64.46	-2.9755
64.46	-2.9753
64.45	-2.9755
64.45	-2.9755
64.45	-2.9754
64.45	-2.9754
64.44	-2.9757
64.44	-2.9756
64.44	-2.9753
64.44	-2.9755
64.43	-2.9752
64.43	-2.9752
64.42	-2.9752
64.42	-2.9755
64.42	-2.9754
64.42	-2.9752
64.42	-2.9753
64.41	-2.9754
64.41	-2.9753
64.41	-2.9755
64.41	-2.9754
64.41	-2.9755
64.40	-2.9754
64.40	-2.9754
64.40	-2.9752
64.40	-2.9754
64.40	-2.9754
64.39	-2.9752
64.39	-2.9753
64.39	-2.9751
64.39	-2.9752
64.39	-2.9754
64.38	-2.9754
64.38	-2.9752
64.38	-2.9752
64.38	-2.9752
64.38	-2.9752
64.37	-2.9753
64.37	-2.9752
64.37	-2.9752
64.36	-2.9750
64.36	-2.9753
64.36	-2.9750
64.36	-2.9752
64.35	-2.9751
64.35	-2.9751
64.35	-2.9753
64.35	-2.9752
64.35	-2.9751
64.35	-2.9749
64.34	-2.9751
64.34	-2.9750
64.33	-2.9749
64.33	-2.9750
64.33	-2.9750
64.33	-2.9749
64.32	-2.9748
64.32	-2.9748
64.31	-2.9750
64.31	-2.9747
64.32	-2.9748
64.31	-2.9747
64.31	-2.9747
64.31	-2.9747
64.30	-2.9747
64.30	-2.9747
64.30	-2.9748
64.30	-2.9746
64.29	-2.9748
64.29	-2.9746
64.29	-2.9746
64.29	-2.9745
64.28	-2.9746
64.28	-2.9747
64.28	-2.9745
64.28	-2.9747
64.28	-2.9745
64.27	-2.9746
64.27	-2.9746
64.26	-2.9744
64.26	-2.9746
64.26	-2.9744
64.26	-2.9745
64.26	-2.9745
64.26	-2.9743
64.25	-2.9744
64.25	-2.9742
64.25	-2.9744
64.24	-2.9742
64.24	-2.9742
64.24	-2.9742
64.24	-2.9742
64.23	-2.9744
64.23	-2.9742
64.23	-2.9743
64.23	-2.9741
64.22	-2.9743
64.22	-2.9740
64.22	-2.9742
64.22	-2.9742
64.22	-2.9740
64.22	-2.9741
64.21	-2.9741
64.21	-2.9740
64.21	-2.9741
64.20	-2.9740
64.20	-2.9741
64.20	-2.9739
64.19	-2.9738
64.19	-2.9739
64.19	-2.9739
64.19	-2.9739
64.18	-2.9738
64.18	-2.9736
64.17	-2.9736
64.17	-2.9736
64.17	-2.9736
64.17	-2.9736
64.17	-2.9736
64.17	-2.9735
64.17	-2.9736
64.16	-2.9737
64.15	-2.9737
64.15	-2.9735
64.15	-2.9737
64.15	-2.9735
64.15	-2.9738
64.14	-2.9733
64.14	-2.9734
64.14	-2.9734
64.14	-2.9732
64.14	-2.9733
64.14	-2.9732
64.13	-2.9732
64.13	-2.9733
64.13	-2.9733
64.13	-2.9731
64.12	-2.9732
64.12	-2.9730
64.12	-2.9730
64.12	-2.9730
64.11	-2.9730
64.11	-2.9731
64.11	-2.9729
64.11	-2.9730
64.10	-2.9729
64.10	-2.9729
64.09	-2.9728
64.09	-2.9727
64.09	-2.9727
64.09	-2.9728
64.08	-2.9726
64.08	-2.9726
64.08	-2.9726
64.08	-2.9725
64.08	-2.9726
64.08	-2.9724
64.08	-2.9727
64.07	-2.9726
64.07	-2.9725
64.06	-2.9725
64.06	-2.9725
64.05	-2.9726
64.05	-2.9726
64.05	-2.9725
64.05	-2.9724
64.05	-2.9725
64.05	-2.9725
64.05	-2.9724
64.04	-2.9724
64.04	-2.9725
64.04	-2.9724
64.04	-2.9724
64.03	-2.9724
64.03	-2.9723
64.03	-2.9725
64.02	-2.9724
64.02	-2.9724
64.01	-2.9724
64.01	-2.9722
64.01	-2.9723
64.01	-2.9723
64.01	-2.9724
64.01	-2.9723
64.00	-2.9721
64.00	-2.9722
64.00	-2.9722
64.00	-2.9722
64.00	-2.9722
64.00	-2.9722
63.99	-2.9721
63.99	-2.9724
63.98	-2.9722
63.98	-2.9721
63.98	-2.9721
63.98	-2.9722
63.98	-2.9721
63.98	-2.9721
63.98	-2.9722
63.97	-2.9721
63.97	-2.9721
63.96	-2.9719
63.96	-2.9720
63.96	-2.9719
63.95	-2.9719
63.95	-2.9719
63.95	-2.9719
63.95	-2.9717
63.94	-2.9718
63.94	-2.9719
63.94	-2.9717
63.93	-2.9717
63.93	-2.9718
63.93	-2.9717
63.93	-2.9715
63.93	-2.9718
63.92	-2.9715
63.92	-2.9713
63.91	-2.9716
63.91	-2.9713
63.91	-2.9715
63.91	-2.9713
63.91	-2.9712
63.90	-2.9711
63.90	-2.9713
63.90	-2.9713
63.90	-2.9712
63.90	-2.9709
63.89	-2.9712
63.89	-2.9710
63.88	-2.9711
63.88	-2.9712
63.88	-2.9711
63.88	-2.9709
63.88	-2.9710
63.87	-2.9710
63.87	-2.9710
63.87	-2.9708
63.87	-2.9712
63.86	-2.9710
63.86	-2.9709
63.86	-2.9707
63.86	-2.9708
63.85	-2.9709
63.85	-2.9708
63.85	-2.9709
63.85	-2.9708
63.85	-2.9707
63.85	-2.9709
63.84	-2.9709
63.84	-2.9708
63.84	-2.9706
63.83	-2.9707
63.83	-2.9706
63.83	-2.9705
63.83	-2.9706
63.83	-2.9704
63.82	-2.9704
63.82	-2.9704
63.82	-2.9704
63.81	-2.9703
63.81	-2.9704
63.81	-2.9701
63.81	-2.9705
63.80	-2.9702
63.80	-2.9700
63.80	-2.9701
63.80	-2.9702
63.80	-2.9703
63.79	-2.9701
63.79	-2.9700
63.79	-2.9701
63.79	-2.9700
63.78	-2.9700
63.78	-2.9700
63.77	-2.9699
63.77	-2.9699
63.77	-2.9699
63.77	-2.9701
63.77	-2.9696
63.76	-2.9700
63.76	-2.9699
63.75	-2.9700
63.75	-2.9699
63.75	-2.9699
63.75	-2.9700
63.75	-2.9697
63.75	-2.9698
63.75	-2.9696
63.74	-2.9698
63.74	-2.9698
63.74	-2.9697
63.73	-2.9696
63.73	-2.9695
63.73	-2.9697
63.73	-2.9696
63.72	-2.9698
63.72	-2.9695
63.71	-2.9698
63.71	-2.9697
63.71	-2.9696
63.71	-2.9697
63.71	-2.9695
63.70	-2.9696
63.70	-2.9695
63.70	-2.9694
63.70	-2.9694
63.69	-2.9695
63.69	-2.9695
63.69	-2.9694
63.69	-2.9698
63.69	-2.9694
63.69	-2.9694
63.68	-2.9694
63.68	-2.9694
63.68	-2.9694
63.68	-2.9696
63.68	-2.9693
63.67	-2.9695
63.67	-2.9692
63.66	-2.9693
63.66	-2.9693
63.66	-2.9693
63.66	-2.9694
63.65	-2.9694
63.65	-2.9693
63.65	-2.9693
63.65	-2.9693
63.65	-2.9691
63.65	-2.9693
63.64	-2.9691
63.64	-2.9692
63.64	-2.9692
63.63	-2.9692
63.63	-2.9691
63.63	-2.9691
63.63	-2.9691
63.62	-2.9691
63.62	-2.9691
63.61	-2.9690
63.61	-2.9691
63.61	-2.9691
63.61	-2.9691
63.60	-2.9690
63.60	-2.9689
63.59	-2.9691
63.59	-2.9690
63.59	-2.9689
63.59	-2.9690
63.59	-2.9691
63.59	-2.9687
63.59	-2.9689
63.59	-2.9687
63.58	-2.9689
63.58	-2.9688
63.58	-2.9687
63.57	-2.9686
63.57	-2.9687
63.57	-2.9685
63.57	-2.9688
63.56	-2.9685
63.56	-2.9685
63.56	-2.9684
63.55	-2.9684
63.55	-2.9684
63.55	-2.9683
63.55	-2.9682
63.55	-2.9683
63.55	-2.9683
63.54	-2.9684
63.54	-2.9682
63.54	-2.9684
63.53	-2.9683
63.53	-2.9683
63.53	-2.9682
63.53	-2.9683
63.52	-2.9681
63.52	-2.9681
63.52	-2.9681
63.52	-2.9681
63.52	-2.9681
63.51	-2.9679
63.51	-2.9680
63.51	-2.9681
63.51	-2.9680
63.50	-2.9681
63.50	-2.9681
63.50	-2.9680
63.50	-2.9681
63.50	-2.9681
63.50	-2.9680
63.49	-2.9679
63.49	-2.9678
63.49	-2.9678
63.48	-2.9678
63.48	-2.9679
63.48	-2.9677
63.48	-2.9676
63.47	-2.9677
63.47	-2.9677
63.47	-2.9676
63.47	-2.9677
63.46	-2.9677
63.46	-2.9678
63.46	-2.9677
63.46	-2.9679
63.45	-2.9677
63.45	-2.9676
63.45	-2.9676
63.45	-2.9677
63.45	-2.9676
63.44	-2.9676
63.44	-2.9679
63.44	-2.9675
63.43	-2.9677
63.43	-2.9676
63.43	-2.9677
63.43	-2.9676
63.43	-2.9674
63.42	-2.9676
63.42	-2.9675
63.42	-2.9672
63.41	-2.9675
63.41	-2.9673
63.41	-2.9675
63.40	-2.9675
63.40	-2.9675
63.40	-2.9676
63.40	-2.9676
63.39	-2.9676
63.39	-2.9676
63.39	-2.9673
63.39	-2.9674
63.38	-2.9674
63.38	-2.9674
63.38	-2.9674
63.38	-2.9674
63.37	-2.9672
63.37	-2.9673
63.37	-2.9672
63.36	-2.9673
63.36	-2.9671
63.36	-2.9672
63.36	-2.9672
63.36	-2.9672
63.36	-2.9670
63.35	-2.9671
63.35	-2.9672
63.35	-2.9671
63.34	-2.9671
63.34	-2.9669
63.34	-2.9670
63.34	-2.9670
63.33	-2.9670
63.33	-2.9669
63.33	-2.9669
63.33	-2.9670
63.33	-2.9668
63.33	-2.9668
63.33	-2.9670
63.32	-2.9670
63.32	-2.9671
63.32	-2.9669
63.31	-2.9669
63.31	-2.9669
63.31	-2.9668
63.30	-2.9669
63.30	-2.9669
63.30	-2.9669
63.30	-2.9669
63.30	-2.9667
63.30	-2.9667
63.29	-2.9669
63.29	-2.9668
63.28	-2.9668
63.28	-2.9668
63.27	-2.9668
63.27	-2.9667
63.27	-2.9668
63.27	-2.9667
63.26	-2.9668
63.26	-2.9667
63.26	-2.9667
63.26	-2.9667
63.26	-2.9666
63.25	-2.9667
63.25	-2.9667
63.25	-2.9666
63.25	-2.9664
63.24	-2.9665
63.24	-2.9667
63.24	-2.9665
63.24	-2.9666
63.24	-2.9665
63.23	-2.9665
63.23	-2.9667
63.23	-2.9667
63.23	-2.9665
63.22	-2.9667
63.22	-2.9666
63.22	-2.9667
63.22	-2.9665
63.21	-2.9666
63.21	-2.9668
63.21	-2.9665
63.21	-2.9667
63.20	-2.9665
63.20	-2.9664
63.20	-2.9665
63.20	-2.9665
63.20	-2.9664
63.19	-2.9664
63.19	-2.9665
63.19	-2.9664
63.19	-2.9665
63.18	-2.9666
63.18	-2.9663
63.18	-2.9663
63.18	-2.9665
63.17	-2.9663
63.17	-2.9664
63.17	-2.9664
63.17	-2.9663
63.16	-2.9665
63.16	-2.9664
63.15	-2.9662
63.15	-2.9664
63.15	-2.9663
63.15	-2.9661
63.15	-2.9661
63.15	-2.9662
63.14	-2.9663
63.14	-2.9662
63.14	-2.9660
63.14	-2.9662
63.13	-2.9660
63.13	-2.9661
63.13	-2.9661
63.12	-2.9659
63.12	-2.9659
63.12	-2.9659
63.11	-2.9659
63.11	-2.9660
63.11	-2.9659
63.11	-2.9659
63.10	-2.9660
63.10	-2.9657
63.10	-2.9658
63.10	-2.9659
63.10	-2.9657
63.10	-2.9656
63.09	-2.9656
63.09	-2.9657
63.09	-2.9654
63.08	-2.9654
63.08	-2.9655
63.08	-2.9653
63.07	-2.9656
63.07	-2.9653
63.07	-2.9654
63.07	-2.9652
63.06	-2.9651
63.06	-2.9652
63.05	-2.9652
63.05	-2.9652
63.05	-2.9650
63.05	-2.9650
63.05	-2.9650
63.04	-2.9650
63.04	-2.9650
63.04	-2.9648
63.04	-2.9650
63.04	-2.9650
63.04	-2.9649
63.03	-2.9647
63.03	-2.9650
63.02	-2.9647
63.02	-2.9648
63.02	-2.9649
63.02	-2.9649
63.02	-2.9649
63.02	-2.9648
63.02	-2.9647
63.01	-2.9649
63.01	-2.9648
63.00	-2.9646
63.00	-2.9647
63.00	-2.9647
63.00	-2.9647
63.00	-2.9647
62.99	-2.9647
62.99	-2.9648
62.99	-2.9647
62.99	-2.9646
62.98	-2.9649
62.98	-2.9647
62.98	-2.9646
62.97	-2.9647
62.97	-2.9646
62.97	-2.9647
62.97	-2.9646
62.96	-2.9646
62.96	-2.9645
62.96	-2.9645
62.96	-2.9646
62.95	-2.9646
62.95	-2.9645
62.95	-2.9646
62.95	-2.9643
62.95	-2.9645
62.95	-2.9645
62.95	-2.9643
62.94	-2.9643
62.94	-2.9644
62.94	-2.9643
62.93	-2.9644
62.93	-2.9642
62.93	-2.9643
62.93	-2.9644
62.92	-2.9643
62.92	-2.9644
62.92	-2.9644
62.92	-2.9643
62.91	-2.9643
62.91	-2.9642
62.90	-2.9643
62.90	-2.9642
62.90	-2.9642
62.90	-2.9644
62.90	-2.9643
62.90	-2.9643
62.90	-2.9642
62.89	-2.9641
62.89	-2.9641
62.88	-2.9642
62.88	-2.9640
62.88	-2.9640
62.87	-2.9642
62.87	-2.9639
62.87	-2.9642
62.87	-2.9640
62.86	-2.9642
62.86	-2.9640
62.86	-2.9640
62.86	-2.9641
62.86	-2.9639
62.85	-2.9640
62.85	-2.9639
62.85	-2.9640
62.84	-2.9639
62.84	-2.9639
62.84	-2.9640
62.84	-2.9640
62.83	-2.9641
62.83	-2.9640
62.83	-2.9637
62.83	-2.9641
62.83	-2.9639
62.83	-2.9637
62.82	-2.9640
62.82	-2.9635
62.81	-2.9638
62.81	-2.9638
62.81	-2.9637
62.80	-2.9637
62.80	-2.9637
62.80	-2.9638
62.80	-2.9635
62.80	-2.9636
62.80	-2.9636
62.80	-2.9634
62.79	-2.9637
62.79	-2.9637
62.78	-2.9636
62.78	-2.9636
62.78	-2.9635
62.78	-2.9637
62.78	-2.9637
62.77	-2.9633
62.77	-2.9636
62.77	-2.9636
62.77	-2.9636
62.76	-2.9635
62.76	-2.9637
62.76	-2.9635
62.76	-2.9636
62.75	-2.9636
62.75	-2.9634
62.75	-2.9636
62.75	-2.9635
62.74	-2.9633
62.74	-2.9634
62.74	-2.9636
62.74	-2.9634
62.74	-2.9634
62.73	-2.9633
62.73	-2.9633
62.73	-2.9634
62.73	-2.9633
62.72	-2.9634
62.72	-2.9635
62.71	-2.9633
62.71	-2.9634
62.71	-2.9633
62.71	-2.9633
62.71	-2.9634
62.71	-2.9633
62.70	-2.9633
62.70	-2.9634
62.70	-2.9633
62.70	-2.9632
62.70	-2.9632
62.69	-2.9630
62.69	-2.9634
62.68	-2.9632
62.68	-2.9632
62.68	-2.9633
62.68	-2.9631
62.68	-2.9631
62.68	-2.9633
62.67	-2.9631
62.67	-2.9632
62.66	-2.9632
62.66	-2.9631
62.65	-2.9629
62.65	-2.9632
62.65	-2.9630
62.65	-2.9630
62.65	-2.9630
62.65	-2.9631
62.64	-2.9630
62.64	-2.9632
62.64	-2.9630
62.64	-2.9631
62.64	-2.9628
62.63	-2.9630
62.63	-2.9630
62.63	-2.9630
62.63	-2.9628
62.63	-2.9630
62.62	-2.9631
62.62	-2.9630
62.62	-2.9631
62.62	-2.9630
62.61	-2.9629
62.61	-2.9628
62.61	-2.9629
62.61	-2.9628
62.60	-2.9628
62.60	-2.9627
62.60	-2.9626
62.60	-2.9628
62.59	-2.9627
62.59	-2.9625
62.59	-2.9626
62.59	-2.9627
62.58	-2.9627
62.58	-2.9625
62.58	-2.9628
62.58	-2.9626
62.57	-2.9627
62.57	-2.9624
62.57	-2.9626
62.56	-2.9626
62.56	-2.9624
62.56	-2.9624
62.56	-2.9623
62.55	-2.9624
62.55	-2.9623
62.55	-2.9623
62.55	-2.9624
62.54	-2.9621
62.54	-2.9622
62.54	-2.9621
62.53	-2.9622
62.53	-2.9620
62.53	-2.9619
62.53	-2.9620
62.52	-2.9618
62.52	-2.9620
62.52	-2.9617
62.52	-2.9616
62.52	-2.9617
62.51	-2.9617
62.51	-2.9617
62.51	-2.9616
62.51	-2.9615
62.51	-2.9616
62.50	-2.9617
62.50	-2.9616
62.50	-2.9617
62.50	-2.9616
62.49	-2.9616
62.49	-2.9614
62.49	-2.9614
62.49	-2.9616
62.48	-2.9615
62.48	-2.9617
62.48	-2.9615
62.48	-2.9615
62.48	-2.9616
62.47	-2.9616
62.47	-2.9614
62.47	-2.9614
62.47	-2.9614
62.47	-2.9615
62.46	-2.9614
62.46	-2.9616
62.45	-2.9615
62.45	-2.9614
62.45	-2.9617
62.45	-2.9614
62.44	-2.9615
62.44	-2.9616
62.44	-2.9616
62.44	-2.9617
62.43	-2.9616
62.43	-2.9615
62.43	-2.9618
62.43	-2.9616
62.43	-2.9615
62.43	-2.9616
62.42	-2.9614
62.42	-2.9615
62.42	-2.9615
62.41	-2.9616
62.41	-2.9614
62.40	-2.9615
62.40	-2.9614
62.40	-2.9614
62.40	-2.9615
62.40	-2.9615
62.40	-2.9617
62.39	-2.9615
62.39	-2.9613
62.39	-2.9613
62.38	-2.9612
62.38	-2.9612
62.38	-2.9614
62.38	-2.9611
62.38	-2.9614
62.38	-2.9611
62.37	-2.9612
62.37	-2.9612
62.37	-2.9612
62.37	-2.9613
62.36	-2.9611
62.36	-2.9610
62.36	-2.9612
62.35	-2.9611
62.35	-2.9610
62.34	-2.9612
62.34	-2.9612
62.34	-2.9609
62.34	-2.9609
62.34	-2.9609
62.33	-2.9607
62.33	-2.9609
62.33	-2.9607
62.33	-2.9606
62.33	-2.9607
62.33	-2.9606
62.32	-2.9606
62.32	-2.9605
62.32	-2.9604
62.31	-2.9605
62.31	-2.9606
62.31	-2.9604
62.30	-2.9604
62.30	-2.9602
62.30	-2.9603
62.30	-2.9601
62.30	-2.9602
62.30	-2.9603
62.30	-2.9603
62.29	-2.9602
62.29	-2.9602
62.29	-2.9602
62.28	-2.9601
62.28	-2.9603
62.28	-2.9602
62.28	-2.9601
62.27	-2.9601
62.27	-2.9599
62.27	-2.9598
62.26	-2.9600
62.26	-2.9602
62.25	-2.9600
62.25	-2.9597
62.25	-2.9599
62.25	-2.9601
62.25	-2.9599
62.25	-2.9598
62.24	-2.9600
62.24	-2.9597
62.24	-2.9597
62.24	-2.9600
62.23	-2.9597
62.23	-2.9599
62.23	-2.9598
62.23	-2.9598
62.23	-2.9598
62.22	-2.9596
62.22	-2.9597
62.22	-2.9596
62.22	-2.9598
62.21	-2.9599
62.21	-2.9596
62.21	-2.9597
62.20	-2.9599
62.20	-2.9596
62.20	-2.9597
62.20	-2.9596
62.19	-2.9597
62.19	-2.9595
62.19	-2.9598
62.19	-2.9596
62.18	-2.9595
62.18	-2.9595
62.18	-2.9597
62.18	-2.9596
62.18	-2.9596
62.18	-2.9594
62.17	-2.9596
62.17	-2.9593
62.16	-2.9594
62.16	-2.9592
62.16	-2.9593
62.16	-2.9592
62.15	-2.9594
62.15	-2.9594
62.15	-2.9592
62.15	-2.9594
62.14	-2.9594
62.14	-2.9595
62.13	-2.9592
62.13	-2.9595
62.13	-2.9593
62.13	-2.9595
62.13	-2.9594
62.13	-2.9595
62.13	-2.9595
62.12	-2.9594
62.12	-2.9595
62.12	-2.9595
62.12	-2.9594
62.12	-2.9593
62.11	-2.9593
62.11	-2.9593
62.10	-2.9593
62.10	-2.9594
62.10	-2.9592
62.09	-2.9593
62.09	-2.9593
62.09	-2.9593
62.09	-2.9594
62.09	-2.9593
62.08	-2.9591
62.08	-2.9592
62.08	-2.9591
62.08	-2.9591
62.07	-2.9591
62.07	-2.9591
62.07	-2.9591
62.07	-2.9591
62.06	-2.9592
62.06	-2.9593
62.06	-2.9592
62.06	-2.9593
62.06	-2.9591
62.05	-2.9590
62.05	-2.9591
62.05	-2.9589
62.05	-2.9590
62.04	-2.9589
62.04	-2.9588
62.04	-2.9587
62.04	-2.9588
62.03	-2.9588
62.03	-2.9586
62.03	-2.9588
62.02	-2.9587
62.02	-2.9587
62.02	-2.9584
62.02	-2.9587
62.01	-2.9584
62.01	-2.9584
62.00	-2.9583
62.00	-2.9582
62.00	-2.9583
62.00	-2.9583
62.00	-2.9583
62.00	-2.9582
61.99	-2.9580
61.99	-2.9580
61.99	-2.9579
61.99	-2.9577
61.98	-2.9580
61.98	-2.9579
61.98	-2.9579
61.98	-2.9578
61.98	-2.9579
61.97	-2.9577
61.97	-2.9579
61.97	-2.9579
61.97	-2.9578
61.96	-2.9578
61.96	-2.9579
61.96	-2.9578
61.95	-2.9578
61.95	-2.9576
61.95	-2.9578
61.95	-2.9578
61.95	-2.9577
61.94	-2.9577
61.94	-2.9577
61.93	-2.9576
61.93	-2.9576
61.93	-2.9575
61.93	-2.9577
61.93	-2.9575
61.93	-2.9575
61.93	-2.9576
61.92	-2.9576
61.92	-2.9577
61.92	-2.9576
61.91	-2.9575
61.91	-2.9575
61.91	-2.9574
61.90	-2.9573
61.90	-2.9574
61.90	-2.9577
61.90	-2.9575
61.90	-2.9574
61.89	-2.9573
61.89	-2.9573
61.88	-2.9575
61.88	-2.9576
61.88	-2.9573
61.88	-2.9572
61.88	-2.9573
61.87	-2.9572
61.87	-2.9573
61.87	-2.9573
61.86	-2.9573
61.86	-2.9574
61.85	-2.9572
61.85	-2.9572
61.85	-2.9574
61.85	-2.9572
61.84	-2.9573
61.84	-2.9573
61.84	-2.9573
61.84	-2.9574
61.84	-2.9570
61.84	-2.9571
61.84	-2.9572
61.84	-2.9572
61.83	-2.9571
61.83	-2.9573
61.83	-2.9570
61.83	-2.9570
61.82	-2.9571
61.82	-2.9571
61.81	-2.9571
61.81	-2.9569
61.81	-2.9569
61.81	-2.9570
61.80	-2.9569
61.80	-2.9569
61.80	-2.9570
61.80	-2.9570
61.79	-2.9569
61.79	-2.9570
61.79	-2.9568
61.78	-2.9569
61.78	-2.9568
61.78	-2.9570
61.78	-2.9569
61.78	-2.9568
61.77	-2.9570
61.77	-2.9570
61.77	-2.9567
61.77	-2.9566
61.77	-2.9569
61.76	-2.9568
61.76	-2.9569
61.76	-2.9564
61.76	-2.9566
61.76	-2.9565
61.76	-2.9566
61.75	-2.9566
61.75	-2.9565
61.75	-2.9566
61.74	-2.9565
61.74	-2.9565
61.74	-2.9563
61.73	-2.9564
61.73	-2.9566
61.73	-2.9564
61.73	-2.9565
61.73	-2.9564
61.72	-2.9564
61.72	-2.9564
61.72	-2.9563
61.72	-2.9565
61.71	-2.9563
61.71	-2.9564
61.71	-2.9565
61.71	-2.9566
61.70	-2.9566
61.70	-2.9565
61.70	-2.9564
61.70	-2.9564
61.70	-2.9564
61.70	-2.9561
61.69	-2.9563
61.69	-2.9562
61.69	-2.9562
61.68	-2.9560
61.68	-2.9561
61.68	-2.9562
61.68	-2.9562
61.67	-2.9561
61.67	-2.9561
61.67	-2.9562
61.67	-2.9560
61.66	-2.9562
61.66	-2.9561
61.66	-2.9561
61.66	-2.9560
61.65	-2.9560
61.65	-2.9561
61.65	-2.9556
61.65	-2.9558
61.64	-2.9558
61.64	-2.9558
61.64	-2.9559
61.64	-2.9558
61.63	-2.9560
61.63	-2.9556
61.63	-2.9557
61.63	-2.9559
61.62	-2.9558
61.62	-2.9558
61.62	-2.9560
61.62	-2.9557
61.61	-2.9558
61.61	-2.9557
61.61	-2.9557
61.61	-2.9557
61.60	-2.9557
61.60	-2.9559
61.60	-2.9556
61.60	-2.9558
61.59	-2.9558
61.59	-2.9558
61.58	-2.9558
61.58	-2.9557
61.58	-2.9557
61.58	-2.9556
61.58	-2.9558
61.58	-2.9557
61.58	-2.9556
61.58	-2.9556
61.57	-2.9555
61.57	-2.9555
61.57	-2.9555
61.57	-2.9555
61.56	-2.9554
61.56	-2.9555
61.56	-2.9553
61.55	-2.9553
61.55	-2.9554
61.55	-2.9554
61.55	-2.9552
61.54	-2.9552
61.54	-2.9553
61.54	-2.9553
61.53	-2.9552
61.53	-2.9553
61.53	-2.9554
61.52	-2.9552
61.52	-2.9551
61.52	-2.9553
61.52	-2.9551
61.52	-2.9552
61.52	-2.9553
61.52	-2.9551
61.51	-2.9552
61.51	-2.9550
61.50	-2.9549
61.50	-2.9550
61.50	-2.9552
61.50	-2.9551
61.50	-2.9552
61.49	-2.9550
61.49	-2.9549
61.49	-2.9552
61.49	-2.9551
61.48	-2.9548
61.48	-2.9551
61.48	-2.9551
61.48	-2.9550
61.48	-2.9549
61.48	-2.9550
61.47	-2.9550
61.47	-2.9549
61.46	-2.9548
61.46	-2.9549
61.46	-2.9548
61.45	-2.9547
61.45	-2.9549
61.45	-2.9548
61.45	-2.9550
61.44	-2.9548
61.44	-2.9548
61.44	-2.9549
61.44	-2.9548
61.43	-2.9548
61.43	-2.9548
61.43	-2.9548
61.43	-2.9547
61.43	-2.9548
61.43	-2.9547
61.43	-2.9545
61.42	-2.9546
61.41	-2.9544
61.41	-2.9544
61.41	-2.9543
61.41	-2.9546
61.41	-2.9543
61.40	-2.9544
61.40	-2.9543
61.39	-2.9544
61.39	-2.9542
61.39	-2.9544
61.39	-2.9543
61.39	-2.9543
61.38	-2.9543
61.38	-2.9541
61.38	-2.9541
61.38	-2.9542
61.38	-2.9540
61.38	-2.9541
61.38	-2.9538
61.38	-2.9539
61.37	-2.9540
61.37	-2.9541
61.37	-2.9540
61.36	-2.9539
61.36	-2.9538
61.35	-2.9540
61.35	-2.9539
61.34	-2.9539
61.34	-2.9539
61.34	-2.9540
61.34	-2.9539
61.33	-2.9539
61.33	-2.9540
61.33	-2.9537
61.33	-2.9538
61.33	-2.9537
61.33	-2.9537
61.33	-2.9537
61.32	-2.9538
61.32	-2.9537
61.31	-2.9537
61.31	-2.9537
61.31	-2.9538
61.31	-2.9537
61.30	-2.9536
61.30	-2.9538
61.30	-2.9537
61.30	-2.9537
61.30	-2.9536
61.29	-2.9537
61.29	-2.9535
61.29	-2.9537
61.28	-2.9534
61.28	-2.9535
61.28	-2.9535
61.27	-2.9534
61.27	-2.9535
61.27	-2.9535
61.27	-2.9533
61.27	-2.9534
61.26	-2.9533
61.26	-2.9534
61.25	-2.9534
61.25	-2.9533
61.25	-2.9532
61.25	-2.9534
61.25	-2.9532
61.25	-2.9532
61.25	-2.9532
61.24	-2.9534
61.24	-2.9534
61.24	-2.9534
61.24	-2.9535
61.23	-2.9532
61.23	-2.9535
61.23	-2.9534
61.23	-2.9535
61.22	-2.9533
61.22	-2.9534
61.22	-2.9532
61.22	-2.9533
61.22	-2.9531
61.22	-2.9533
61.21	-2.9532
61.20	-2.9532
61.20	-2.9531
61.20	-2.9533
61.20	-2.9533
61.20	-2.9533
61.20	-2.9531
61.20	-2.9531
61.19	-2.9531
61.19	-2.9533
61.19	-2.9530
61.18	-2.9531
61.18	-2.9532
61.18	-2.9530
61.17	-2.9531
61.17	-2.9532
61.17	-2.9531
61.17	-2.9530
61.17	-2.9532
61.16	-2.9532
61.16	-2.9531
61.15	-2.9530
61.15	-2.9532
61.15	-2.9530
61.15	-2.9531
61.15	-2.9530
61.14	-2.9528
61.14	-2.9530
61.14	-2.9530
61.14	-2.9527
61.13	-2.9527
61.13	-2.9528
61.13	-2.9528
61.13	-2.9529
61.12	-2.9528
61.12	-2.9528
61.12	-2.9525
61.12	-2.9526
61.11	-2.9525
61.11	-2.9527
61.11	-2.9525
61.11	-2.9526
61.10	-2.9525
61.10	-2.9523
61.10	-2.9524
61.09	-2.9525
61.09	-2.9524
61.09	-2.9522
61.09	-2.9523
61.08	-2.9524
61.08	-2.9522
61.08	-2.9523
61.08	-2.9520
61.08	-2.9522
61.07	-2.9520
61.07	-2.9523
61.07	-2.9520
61.06	-2.9521
61.06	-2.9524
61.06	-2.9521
61.06	-2.9522
61.06	-2.9520
61.05	-2.9520
61.05	-2.9518
61.05	-2.9517
61.05	-2.9519
61.04	-2.9517
61.04	-2.9517
61.04	-2.9517
61.04	-2.9518
61.03	-2.9518
61.03	-2.9517
61.02	-2.9517
61.02	-2.9517
61.02	-2.9515
61.02	-2.9518
61.02	-2.9517
61.01	-2.9519
61.01	-2.9519
61.01	-2.9519
61.01	-2.9518
61.01	-2.9519
61.00	-2.9518
61.00	-2.9518
61.00	-2.9519
61.00	-2.9518
60.99	-2.9517
60.99	-2.9518
60.99	-2.9519
60.99	-2.9519
60.98	-2.9518
60.98	-2.9518
60.98	-2.9518
60.98	-2.9517
60.97	-2.9518
60.97	-2.9518
60.97	-2.9518
60.97	-2.9518
60.96	-2.9517
60.96	-2.9516
60.95	-2.9517
60.96	-2.9516
60.95	-2.9516
60.95	-2.9516
60.95	-2.9517
60.95	-2.9516
60.95	-2.9515
60.94	-2.9515
60.94	-2.9517
60.94	-2.9514
60.94	-2.9516
60.93	-2.9514
60.93	-2.9514
60.93	-2.9515
60.93	-2.9516
60.92	-2.9514
60.91	-2.9514
60.91	-2.9514
60.90	-2.9514
60.90	-2.9514
60.90	-2.9515
60.90	-2.9513
60.90	-2.9514
60.90	-2.9513
60.90	-2.9512
60.90	-2.9512
60.90	-2.9513
60.89	-2.9514
60.89	-2.9511
60.88	-2.9513
60.88	-2.9511
60.88	-2.9512
60.88	-2.9511
60.87	-2.9513
60.87	-2.9511
60.87	-2.9511
60.87	-2.9512
60.87	-2.9511
60.86	-2.9512
60.86	-2.9511
60.85	-2.9511
60.85	-2.9512
60.85	-2.9512
60.85	-2.9510
60.84	-2.9510
60.84	-2.9510
60.84	-2.9511
60.84	-2.9510
60.84	-2.9510
60.84	-2.9511
60.84	-2.9510
60.83	-2.9509
60.83	-2.9507
60.83	-2.9508
60.83	-2.9507
60.83	-2.9507
60.82	-2.9507
60.82	-2.9506
60.82	-2.9506
60.82	-2.9506
60.81	-2.9506
60.81	-2.9505
60.81	-2.9508
60.80	-2.9504
60.80	-2.9504
60.80	-2.9504
60.80	-2.9505
60.80	-2.9505
60.79	-2.9504
60.79	-2.9506
60.78	-2.9505
60.78	-2.9504
60.78	-2.9505
60.78	-2.9506
60.78	-2.9503
60.77	-2.9504
60.77	-2.9503
60.77	-2.9503
60.76	-2.9504
60.76	-2.9505
60.76	-2.9501
60.76	-2.9503
60.75	-2.9502
60.75	-2.9501
60.75	-2.9504
60.75	-2.9502
60.75	-2.9502
60.74	-2.9501
60.74	-2.9501
60.74	-2.9501
60.74	-2.9502
60.74	-2.9500
60.73	-2.9500
60.73	-2.9501
60.73	-2.9501
60.73	-2.9501
60.73	-2.9500
60.72	-2.9500
60.72	-2.9501
60.72	-2.9498
60.71	-2.9499
60.71	-2.9498
60.71	-2.9498
60.71	-2.9499
60.71	-2.9499
60.70	-2.9500
60.70	-2.9497
60.70	-2.9499
60.70	-2.9498
60.69	-2.9499
60.69	-2.9500
60.68	-2.9500
60.68	-2.9498
60.68	-2.9499
60.68	-2.9497
60.68	-2.9498
60.67	-2.9498
60.67	-2.9498
60.67	-2.9497
60.67	-2.9496
60.67	-2.9497
60.66	-2.9498
60.66	-2.9497
60.65	-2.9498
60.65	-2.9495
60.65	-2.9495
60.65	-2.9497
60.65	-2.9497
60.64	-2.9496
60.64	-2.9497
60.64	-2.9497
60.64	-2.9495
60.63	-2.9496
60.63	-2.9495
60.62	-2.9496
60.62	-2.9496
60.62	-2.9493
60.62	-2.9493
60.62	-2.9493
60.62	-2.9492
60.61	-2.9493
60.61	-2.9492
60.61	-2.9494
60.60	-2.9492
60.60	-2.9492
60.59	-2.9490
60.59	-2.9492
60.59	-2.9491
60.59	-2.9492
60.59	-2.9491
60.59	-2.9492
60.58	-2.9490
60.58	-2.9491
60.58	-2.9490
60.58	-2.9490
60.58	-2.9491
60.58	-2.9489
60.58	-2.9491
60.57	-2.9492
60.56	-2.9490
60.56	-2.9491
60.56	-2.9490
60.56	-2.9487
60.56	-2.9491
60.55	-2.9488
60.55	-2.9491
60.55	-2.9488
60.55	-2.9487
60.55	-2.9489
60.54	-2.9488
60.54	-2.9488
60.54	-2.9490
60.54	-2.9489
60.53	-2.9488
60.53	-2.9487
60.52	-2.9488
60.52	-2.9488
60.52	-2.9488
60.52	-2.9487
60.52	-2.9489
60.51	-2.9488
60.51	-2.9489
60.51	-2.9487
60.51	-2.9488
60.50	-2.9489
60.50	-2.9489
60.50	-2.9487
60.50	-2.9490
60.49	-2.9486
60.49	-2.9488
60.49	-2.9489
60.48	-2.9487
60.48	-2.9487
60.48	-2.9488
60.48	-2.9487
60.48	-2.9488
60.48	-2.9486
60.47	-2.9485
60.47	-2.9487
60.47	-2.9485
60.47	-2.9486
60.47	-2.9484
60.46	-2.9485
60.46	-2.9484
60.46	-2.9483
60.45	-2.9484
60.45	-2.9483
60.44	-2.9481
60.44	-2.9482
60.44	-2.9482
60.43	-2.9481
60.43	-2.9480
60.43	-2.9482
60.43	-2.9479
60.43	-2.9481
60.43	-2.9480
60.43	-2.9481
60.42	-2.9479
60.42	-2.9479
60.41	-2.9479
60.41	-2.9478
60.41	-2.9479
60.41	-2.9477
60.40	-2.9476
60.40	-2.9479
60.40	-2.9475
60.40	-2.9479
60.40	-2.9478
60.39	-2.9477
60.39	-2.9477
60.39	-2.9480
60.38	-2.9476
60.38	-2.9476
60.38	-2.9477
60.38	-2.9477
60.38	-2.9476
60.37	-2.9475
60.38	-2.9476
60.37	-2.9475
60.37	-2.9473
60.36	-2.9476
60.36	-2.9476
60.36	-2.9475
60.35	-2.9476
60.35	-2.9476
60.34	-2.9475
60.34	-2.9475
60.34	-2.9473
60.34	-2.9473
60.34	-2.9476
60.34	-2.9472
60.34	-2.9472
60.34	-2.9473
60.33	-2.9472
60.33	-2.9473
60.33	-2.9472
60.33	-2.9473
60.33	-2.9472
60.32	-2.9470
60.32	-2.9471
60.32	-2.9473
60.31	-2.9470
60.31	-2.9470
60.31	-2.9472
60.30	-2.9470
60.30	-2.9470
60.30	-2.9471
60.30	-2.9470
60.30	-2.9471
60.29	-2.9469
60.28	-2.9470
60.28	-2.9468
60.28	-2.9471
60.28	-2.9470
60.27	-2.9468
60.27	-2.9469
60.27	-2.9469
60.27	-2.9469
60.27	-2.9469
60.27	-2.9469
60.27	-2.9469
60.26	-2.9469
60.26	-2.9468
60.26	-2.9468
60.25	-2.9466
60.25	-2.9467
60.25	-2.9469
60.25	-2.9468
60.25	-2.9470
60.24	-2.9468
60.24	-2.9469
60.24	-2.9469
60.24	-2.9469
60.23	-2.9469
60.23	-2.9467
60.23	-2.9467
60.23	-2.9467
60.23	-2.9468
60.22	-2.9465
60.22	-2.9468
60.22	-2.9466
60.21	-2.9466
60.21	-2.9467
60.21	-2.9465
60.20	-2.9468
60.20	-2.9466
60.20	-2.9465
60.20	-2.9466
60.19	-2.9466
60.19	-2.9465
60.19	-2.9465
60.19	-2.9464
60.18	-2.9467
60.18	-2.9466
60.18	-2.9465
60.18	-2.9467
60.18	-2.9466
60.18	-2.9465
60.17	-2.9465
60.17	-2.9466
60.16	-2.9466
60.16	-2.9466
60.16	-2.9466
60.15	-2.9464
60.15	-2.9465
60.15	-2.9463
60.15	-2.9467
60.15	-2.9465
60.14	-2.9465
60.14	-2.9463
60.14	-2.9464
60.14	-2.9464
60.14	-2.9465
60.13	-2.9462
60.13	-2.9465
60.13	-2.9462
60.13	-2.9463
60.13	-2.9464
60.12	-2.9465
60.12	-2.9464
60.12	-2.9465
60.11	-2.9465
60.11	-2.9463
60.11	-2.9464
60.11	-2.9463
60.10	-2.9463
60.10	-2.9465
60.10	-2.9464
60.09	-2.9464
60.09	-2.9465
60.09	-2.9463
60.09	-2.9464
60.08	-2.9463
60.08	-2.9463
60.08	-2.9462
60.08	-2.9464
60.08	-2.9464
60.07	-2.9461
60.07	-2.9461
60.06	-2.9462
60.06	-2.9462
60.06	-2.9461
60.05	-2.9460
60.05	-2.9460
60.05	-2.9461
60.05	-2.9462
60.05	-2.9461
60.05	-2.9459
60.04	-2.9461
60.04	-2.9460
60.04	-2.9460
60.03	-2.9460
60.03	-2.9459
60.03	-2.9460
60.03	-2.9459
60.03	-2.9460
60.02	-2.9459
60.02	-2.9459
60.01	-2.9460
60.01	-2.9458
60.01	-2.9459
60.01	-2.9458
60.01	-2.9457
60.00	-2.9457
60.00	-2.9458
60.00	-2.9457
60.00	-2.9457
60.00	-2.9458
60.00	-2.9457
59.99	-2.9455
59.99	-2.9457
59.99	-2.9457
59.98	-2.9457
59.98	-2.9455
59.98	-2.9457
59.98	-2.9456
59.97	-2.9456
59.97	-2.9455
59.97	-2.9455
59.96	-2.9457
59.96	-2.9453
59.96	-2.9453
59.96	-2.9456
59.96	-2.9455
59.95	-2.9454
59.95	-2.9453
59.95	-2.9453
59.95	-2.9453
59.95	-2.9453
59.95	-2.9452
59.95	-2.9454
59.94	-2.9452
59.94	-2.9451
59.94	-2.9452
59.94	-2.9452
59.94	-2.9450
59.93	-2.9450
59.93	-2.9450
59.92	-2.9451
59.92	-2.9452
59.92	-2.9450
59.92	-2.9451
59.91	-2.9450
59.91	-2.9451
59.91	-2.9451
59.90	-2.9450
59.90	-2.9450
59.90	-2.9450
59.90	-2.9448
59.90	-2.9450
59.89	-2.9449
59.89	-2.9449
59.89	-2.9447
59.89	-2.9449
59.88	-2.9446
59.88	-2.9447
59.88	-2.9446
59.88	-2.9448
59.88	-2.9448
59.87	-2.9447
59.87	-2.9446
59.86	-2.9446
59.86	-2.9445
59.86	-2.9445
59.86	-2.9445
59.86	-2.9444
59.86	-2.9443
59.85	-2.9442
59.85	-2.9444
59.85	-2.9442
59.84	-2.9442
59.84	-2.9442
59.84	-2.9442
59.83	-2.9442
59.83	-2.9441
59.83	-2.9443
59.83	-2.9441
59.83	-2.9442
59.83	-2.9442
59.83	-2.9443
59.82	-2.9443
59.82	-2.9441
59.82	-2.9442
59.82	-2.9441
59.81	-2.9441
59.81	-2.9442
59.81	-2.9443
59.81	-2.9440
59.80	-2.9441
59.80	-2.9440
59.80	-2.9441
59.79	-2.9441
59.79	-2.9440
59.78	-2.9441
59.78	-2.9441
59.78	-2.9441
59.78	-2.9441
59.78	-2.9441
59.78	-2.9441
59.77	-2.9441
59.77	-2.9439
59.76	-2.9439
59.76	-2.9440
59.76	-2.9440
59.75	-2.9441
59.75	-2.9438
59.75	-2.9439
59.75	-2.9439
59.75	-2.9440
59.75	-2.9438
59.75	-2.9438
59.74	-2.9436
59.74	-2.9437
59.74	-2.9437
59.74	-2.9437
59.73	-2.9435
59.73	-2.9436
59.73	-2.9437
59.73	-2.9436
59.72	-2.9436
59.72	-2.9435
59.72	-2.9436
59.72	-2.9435
59.72	-2.9435
59.71	-2.9434
59.71	-2.9434
59.71	-2.9434
59.71	-2.9434
59.70	-2.9431
59.70	-2.9435
59.70	-2.9435
59.69	-2.9433
59.69	-2.9433
59.68	-2.9433
59.68	-2.9436
59.68	-2.9432
59.68	-2.9434
59.67	-2.9433
59.67	-2.9431
59.67	-2.9433
59.67	-2.9434
59.67	-2.9432
59.67	-2.9434
59.66	-2.9432
59.66	-2.9432
59.65	-2.9432
59.65	-2.9433
59.65	-2.9433
59.65	-2.9432
59.65	-2.9430
59.64	-2.9432
59.64	-2.9432
59.64	-2.9432
59.64	-2.9432
59.63	-2.9432
59.63	-2.9432
59.63	-2.9433
59.63	-2.9432
59.62	-2.9433
59.62	-2.9431
59.62	-2.9431
59.61	-2.9431
59.61	-2.9432
59.61	-2.9431
59.61	-2.9430
59.61	-2.9433
59.60	-2.9430
59.59	-2.9430
59.59	-2.9428
59.59	-2.9430
59.59	-2.9429
59.59	-2.9428
59.58	-2.9430
59.58	-2.9424
59.58	-2.9427
59.58	-2.9425
59.58	-2.9425
59.58	-2.9426
59.58	-2.9426
59.57	-2.9425
59.57	-2.9426
59.57	-2.9424
59.57	-2.9422
59.56	-2.9423
59.56	-2.9424
59.55	-2.9422
59.55	-2.9422
59.55	-2.9422
59.55	-2.9423
59.55	-2.9422
59.55	-2.9422
59.55	-2.9423
59.54	-2.9424
59.54	-2.9422
59.54	-2.9423
59.53	-2.9421
59.53	-2.9421
59.53	-2.9420
59.53	-2.9422
59.53	-2.9422
59.53	-2.9420
59.52	-2.9421
59.52	-2.9424
59.51	-2.9422
59.51	-2.9422
59.50	-2.9425
59.50	-2.9422
59.50	-2.9422
59.50	-2.9422
59.50	-2.9423
59.50	-2.9424
59.50	-2.9423
59.49	-2.9422
59.49	-2.9422
59.49	-2.9422
59.48	-2.9423
59.48	-2.9421
59.48	-2.9423
59.48	-2.9421
59.48	-2.9422
59.47	-2.9421
59.47	-2.9421
59.46	-2.9420
59.46	-2.9422
59.46	-2.9419
59.46	-2.9419
59.46	-2.9419
59.46	-2.9420
59.45	-2.9418
59.45	-2.9421
59.45	-2.9418
59.45	-2.9419
59.44	-2.9418
59.44	-2.9418
59.44	-2.9418
59.43	-2.9417
59.43	-2.9416
59.43	-2.9417
59.43	-2.9418
59.43	-2.9417
59.42	-2.9416
59.42	-2.9415
59.42	-2.9417
59.41	-2.9416
59.41	-2.9415
59.41	-2.9416
59.41	-2.9413
59.41	-2.9414
59.40	-2.9413
59.40	-2.9413
59.40	-2.9414
59.40	-2.9413
59.39	-2.9412
59.39	-2.9412
59.39	-2.9413
59.38	-2.9413
59.38	-2.9413
59.38	-2.9411
59.38	-2.9412
59.38	-2.9412
59.38	-2.9410
59.38	-2.9411
59.37	-2.9411
59.36	-2.9410
59.36	-2.9411
59.36	-2.9410
59.35	-2.9410
59.35	-2.9409
59.35	-2.9410
59.35	-2.9408
59.34	-2.9409
59.34	-2.9408
59.34	-2.9410
59.34	-2.9409
59.34	-2.9407
59.33	-2.9407
59.33	-2.9407
59.33	-2.9408
59.33	-2.9408
59.33	-2.9409
59.32	-2.9407
59.32	-2.9405
59.32	-2.9406
59.32	-2.9406
59.32	-2.9406
59.31	-2.9407
59.31	-2.9407
59.30	-2.9407
59.30	-2.9405
59.30	-2.9406
59.29	-2.9406
59.29	-2.9406
59.29	-2.9404
59.28	-2.9404
59.28	-2.9405
59.28	-2.9404
59.28	-2.9404
59.27	-2.9404
59.27	-2.9403
59.27	-2.9404
59.27	-2.9404
59.27	-2.9403
59.27	-2.9404
59.26	-2.9403
59.26	-2.9404
59.26	-2.9402
59.25	-2.9404
59.25	-2.9404
59.25	-2.9403
59.25	-2.9403
59.25	-2.9402
59.25	-2.9404
59.24	-2.9403
59.24	-2.9404
59.24	-2.9404
59.23	-2.9404
59.23	-2.9402
59.23	-2.9405
59.23	-2.9404
59.22	-2.9403
59.22	-2.9403
59.22	-2.9403
59.22	-2.9404
59.21	-2.9403
59.21	-2.9401
59.21	-2.9402
59.20	-2.9402
59.20	-2.9402
59.20	-2.9401
59.20	-2.9401
59.20	-2.9401
59.19	-2.9401
59.19	-2.9400
59.18	-2.9402
59.18	-2.9401
59.18	-2.9400
59.18	-2.9400
59.18	-2.9400
59.17	-2.9401
59.17	-2.9401
59.17	-2.9402
59.17	-2.9400
59.16	-2.9401
59.16	-2.9401
59.16	-2.9399
59.16	-2.9399
59.15	-2.9400
59.15	-2.9400
59.15	-2.9402
59.15	-2.9400
59.14	-2.9399
59.14	-2.9399
59.14	-2.9400
59.14	-2.9400
59.14	-2.9398
59.14	-2.9398
59.13	-2.9399
59.13	-2.9398
59.13	-2.9398
59.12	-2.9398
59.12	-2.9397
59.12	-2.9395
59.12	-2.9398
59.11	-2.9398
59.11	-2.9398
59.11	-2.9396
59.10	-2.9397
59.10	-2.9397
59.10	-2.9396
59.09	-2.9396
59.09	-2.9397
59.09	-2.9398
59.09	-2.9396
59.09	-2.9395
59.09	-2.9396
59.09	-2.9393
59.08	-2.9393
59.08	-2.9394
59.08	-2.9396
59.08	-2.9394
59.07	-2.9395
59.07	-2.9396
59.07	-2.9393
59.07	-2.9394
59.07	-2.9393
59.06	-2.9393
59.06	-2.9393
59.06	-2.9393
59.06	-2.9394
59.05	-2.9392
59.05	-2.9392
59.05	-2.9394
59.05	-2.9392
59.05	-2.9392
59.04	-2.9392
59.04	-2.9391
59.04	-2.9390
59.03	-2.9389
59.03	-2.9390
59.03	-2.9391
59.02	-2.9389
59.02	-2.9390
59.02	-2.9388
59.02	-2.9389
59.02	-2.9388
59.02	-2.9388
59.01	-2.9388
59.00	-2.9387
59.00	-2.9387
59.00	-2.9388
59.00	-2.9389
59.00	-2.9387
59.00	-2.9388
59.00	-2.9386
58.99	-2.9387
58.99	-2.9386
58.99	-2.9386
58.99	-2.9387
58.98	-2.9384
58.98	-2.9383
58.98	-2.9385
58.98	-2.9384
58.97	-2.9384
58.97	-2.9386
58.97	-2.9386
58.96	-2.9385
58.96	-2.9385
58.96	-2.9383
58.95	-2.9383
58.95	-2.9382
58.95	-2.9382
58.95	-2.9383
58.95	-2.9383
58.95	-2.9382
58.94	-2.9383
58.94	-2.9383
58.94	-2.9382
58.94	-2.9382
58.93	-2.9381
58.93	-2.9382
58.92	-2.9381
58.92	-2.9382
58.92	-2.9382
58.92	-2.9383
58.92	-2.9382
58.91	-2.9381
58.91	-2.9380
58.90	-2.9380
58.90	-2.9382
58.90	-2.9381
58.90	-2.9380
58.90	-2.9379
58.90	-2.9380
58.89	-2.9381
58.89	-2.9380
58.89	-2.9379
58.88	-2.9379
58.88	-2.9379
58.88	-2.9380
58.88	-2.9379
58.87	-2.9378
58.87	-2.9378
58.87	-2.9378
58.87	-2.9380
58.87	-2.9377
58.86	-2.9379
58.86	-2.9376
58.86	-2.9377
58.85	-2.9379
58.85	-2.9378
58.85	-2.9378
58.84	-2.9378
58.84	-2.9377
58.84	-2.9375
58.84	-2.9374
58.84	-2.9378
58.84	-2.9374
58.84	-2.9375
58.83	-2.9374
58.83	-2.9373
58.83	-2.9376
58.83	-2.9375
58.82	-2.9374
58.82	-2.9373
58.82	-2.9372
58.82	-2.9372
58.81	-2.9373
58.81	-2.9373
58.81	-2.9370
58.81	-2.9371
58.80	-2.9372
58.80	-2.9372
58.80	-2.9371
58.79	-2.9372
58.79	-2.9371
58.79	-2.9369
58.78	-2.9368
58.78	-2.9369
58.78	-2.9367
58.77	-2.9370
58.77	-2.9369
58.77	-2.9370
58.77	-2.9368
58.77	-2.9371
58.76	-2.9368
58.76	-2.9370
58.76	-2.9369
58.76	-2.9370
58.75	-2.9370
58.75	-2.9370
58.75	-2.9370
58.75	-2.9368
58.75	-2.9371
58.74	-2.9369
58.74	-2.9371
58.73	-2.9369
58.73	-2.9369
58.73	-2.9369
58.73	-2.9369
58.73	-2.9370
58.73	-2.9369
58.72	-2.9370
58.72	-2.9370
58.71	-2.9367
58.71	-2.9369
58.71	-2.9370
58.71	-2.9369
58.71	-2.9370
58.70	-2.9369
58.70	-2.9371
58.70	-2.9368
58.70	-2.9372
58.69	-2.9369
58.69	-2.9370
58.69	-2.9370
58.68	-2.9370
58.68	-2.9370
58.68	-2.9371
58.68	-2.9369
58.68	-2.9370
58.68	-2.9372
58.68	-2.9370
58.68	-2.9369
58.67	-2.9370
58.67	-2.9370
58.66	-2.9371
58.66	-2.9367
58.66	-2.9368
58.65	-2.9367
58.65	-2.9368
58.65	-2.9366
58.65	-2.9367
58.65	-2.9368
58.65	-2.9369
58.64	-2.9366
58.64	-2.9369
58.64	-2.9367
58.64	-2.9366
58.63	-2.9369
58.63	-2.9367
58.63	-2.9367
58.63	-2.9368
58.63	-2.9366
58.62	-2.9365
58.62	-2.9367
58.61	-2.9366
58.61	-2.9363
58.61	-2.9365
58.61	-2.9365
58.60	-2.9366
58.60	-2.9364
58.59	-2.9363
58.59	-2.9363
58.59	-2.9363
58.59	-2.9364
58.58	-2.9365
58.58	-2.9363
58.58	-2.9364
58.58	-2.9362
58.58	-2.9363
58.58	-2.9364
58.58	-2.9363
58.57	-2.9363
58.56	-2.9363
58.56	-2.9361
58.56	-2.9361
58.56	-2.9361
58.56	-2.9360
58.55	-2.9362
58.55	-2.9363
58.55	-2.9362
58.55	-2.9364
58.55	-2.9363
58.54	-2.9360
58.54	-2.9362
58.54	-2.9361
58.54	-2.9363
58.53	-2.9361
58.53	-2.9362
58.53	-2.9364
58.53	-2.9358
58.52	-2.9360
58.52	-2.9358
58.52	-2.9356
58.51	-2.9356
58.51	-2.9359
58.51	-2.9356
58.51	-2.9356
58.50	-2.9356
58.50	-2.9356
58.50	-2.9355
58.50	-2.9357
58.50	-2.9356
58.50	-2.9355
58.49	-2.9356
58.49	-2.9355
58.49	-2.9357
58.49	-2.9356
58.48	-2.9356
58.48	-2.9354
58.47	-2.9353
58.47	-2.9354
58.47	-2.9355
58.47	-2.9354
58.47	-2.9354
58.46	-2.9353
58.46	-2.9353
58.46	-2.9353
58.46	-2.9352
58.45	-2.9353
58.45	-2.9352
58.45	-2.9353
58.45	-2.9353
58.44	-2.9353
58.44	-2.9352
58.44	-2.9352
58.43	-2.9353
58.43	-2.9352
58.43	-2.9352
58.43	-2.9350
58.42	-2.9351
58.42	-2.9351
58.42	-2.9350
58.42	-2.9351
58.42	-2.9350
58.42	-2.9350
58.41	-2.9350
58.41	-2.9351
58.41	-2.9351
58.40	-2.9351
58.40	-2.9351
58.40	-2.9350
58.39	-2.9349
58.39	-2.9350
58.39	-2.9347
58.38	-2.9349
58.38	-2.9349
58.38	-2.9348
58.38	-2.9346
58.38	-2.9347
58.38	-2.9349
58.38	-2.9348
58.37	-2.9348
58.37	-2.9347
58.36	-2.9347
58.36	-2.9347
58.36	-2.9347
58.36	-2.9347
58.36	-2.9348
58.35	-2.9347
58.35	-2.9347
58.35	-2.9347
58.35	-2.9346
58.34	-2.9346
58.34	-2.9345
58.34	-2.9345
58.34	-2.9344
58.33	-2.9344
58.33	-2.9346
58.33	-2.9345
58.33	-2.9343
58.32	-2.9342
58.32	-2.9342
58.32	-2.9341
58.32	-2.9341
58.31	-2.9341
58.31	-2.9341
58.30	-2.9342
58.30	-2.9340
58.30	-2.9340
58.30	-2.9340
58.30	-2.9341
58.30	-2.9338
58.30	-2.9340
58.30	-2.9337
58.29	-2.9338
58.29	-2.9338
58.29	-2.9336
58.28	-2.9337
58.28	-2.9336
58.28	-2.9334
58.28	-2.9336
58.27	-2.9335
58.27	-2.9335
58.27	-2.9335
58.26	-2.9333
58.25	-2.9334
58.25	-2.9335
58.25	-2.9334
58.25	-2.9333
58.25	-2.9334
58.25	-2.9333
58.25	-2.9334
58.25	-2.9332
58.24	-2.9333
58.24	-2.9331
58.24	-2.9331
58.23	-2.9331
58.23	-2.9333
58.23	-2.9332
58.23	-2.9331
58.23	-2.9330
58.22	-2.9332
58.22	-2.9331
58.22	-2.9332
58.21	-2.9332
58.21	-2.9330
58.21	-2.9330
58.21	-2.9330
58.20	-2.9331
58.20	-2.9332
58.20	-2.9330
58.19	-2.9331
58.19	-2.9329
58.19	-2.9328
58.19	-2.9330
58.19	-2.9329
58.18	-2.9331
58.18	-2.9329
58.18	-2.9330
58.18	-2.9329
58.18	-2.9327
58.17	-2.9330
58.17	-2.9328
58.17	-2.9327
58.17	-2.9330
58.16	-2.9327
58.16	-2.9328
58.16	-2.9329
58.16	-2.9328
58.15	-2.9328
58.15	-2.9329
58.15	-2.9328
58.14	-2.9329
58.14	-2.9327
58.14	-2.9328
58.13	-2.9328
58.13	-2.9326
58.13	-2.9328
58.13	-2.9326
58.13	-2.9326
58.13	-2.9327
58.13	-2.9326
58.13	-2.9326
58.12	-2.9326
58.12	-2.9323
58.12	-2.9325
58.11	-2.9324
58.11	-2.9325
58.10	-2.9324
58.10	-2.9324
58.10	-2.9323
58.10	-2.9324
58.09	-2.9324
58.09	-2.9323
58.09	-2.9323
58.09	-2.9324
58.09	-2.9322
58.09	-2.9322
58.09	-2.9323
58.08	-2.9321
58.08	-2.9322
58.08	-2.9322
58.08	-2.9322
58.07	-2.9322
58.07	-2.9321
58.06	-2.9323
58.06	-2.9321
58.06	-2.9322
58.05	-2.9322
58.05	-2.9322
58.05	-2.9322
58.05	-2.9320
58.05	-2.9321
58.05	-2.9323
58.04	-2.9321
58.04	-2.9320
58.04	-2.9321
58.04	-2.9322
58.04	-2.9321
58.03	-2.9321
58.03	-2.9321
58.03	-2.9322
58.02	-2.9320
58.02	-2.9319
58.02	-2.9319
58.02	-2.9323
58.02	-2.9321
58.01	-2.9322
58.01	-2.9321
58.01	-2.9320
58.01	-2.9320
58.00	-2.9322
58.00	-2.9320
58.00	-2.9321
58.00	-2.9320
57.99	-2.9320
57.99	-2.9319
57.98	-2.9321
57.98	-2.9318
57.98	-2.9318
57.98	-2.9322
57.98	-2.9320
57.97	-2.9318
57.97	-2.9321
57.97	-2.9319
57.96	-2.9321
57.96	-2.9319
57.96	-2.9319
57.96	-2.9318
57.95	-2.9318
57.95	-2.9319
57.95	-2.9317
57.95	-2.9317
57.95	-2.9317
57.95	-2.9318
57.94	-2.9317
57.94	-2.9317
57.94	-2.9318
57.93	-2.9316
57.93	-2.9317
57.93	-2.9317
57.93	-2.9316
57.92	-2.9316
57.92	-2.9316
57.92	-2.9315
57.91	-2.9317
57.91	-2.9314
57.91	-2.9316
57.91	-2.9314
57.90	-2.9314
57.90	-2.9316
57.90	-2.9315
57.90	-2.9315
57.90	-2.9313
57.89	-2.9316
57.89	-2.9315
57.89	-2.9314
57.88	-2.9315
57.88	-2.9315
57.88	-2.9312
57.88	-2.9314
57.88	-2.9314
57.88	-2.9314
57.87	-2.9313
57.87	-2.9314
57.87	-2.9312
57.87	-2.9312
57.86	-2.9313
57.86	-2.9310
57.86	-2.9312
57.86	-2.9311
57.86	-2.9310
57.85	-2.9310
57.85	-2.9311
57.84	-2.9310
57.84	-2.9311
57.83	-2.9310
57.83	-2.9310
57.83	-2.9310
57.83	-2.9309
57.83	-2.9311
57.83	-2.9310
57.83	-2.9308
57.83	-2.9308
57.83	-2.9307
57.82	-2.9308
57.82	-2.9308
57.81	-2.9307
57.81	-2.9307
57.80	-2.9307
57.80	-2.9308
57.80	-2.9306
57.80	-2.9306
57.80	-2.9306
57.80	-2.9304
57.80	-2.9304
57.79	-2.9304
57.79	-2.9304
57.79	-2.9303
57.78	-2.9302
57.78	-2.9303
57.77	-2.9303
57.77	-2.9302
57.77	-2.9302
57.77	-2.9304
57.77	-2.9301
57.77	-2.9302
57.77	-2.9302
57.76	-2.9301
57.75	-2.9301
57.75	-2.9300
57.75	-2.9301
57.75	-2.9300
57.75	-2.9299
57.75	-2.9300
57.75	-2.9299
57.74	-2.9298
57.74	-2.9299
57.73	-2.9300
57.73	-2.9300
57.73	-2.9299
57.73	-2.9300
57.72	-2.9301
57.72	-2.9301
57.72	-2.9298
57.72	-2.9298
57.72	-2.9298
57.71	-2.9301
57.71	-2.9299
57.71	-2.9298
57.71	-2.9298
57.70	-2.9299
57.70	-2.9302
57.70	-2.9299
57.70	-2.9299
57.69	-2.9297
57.69	-2.9298
57.69	-2.9297
57.69	-2.9298
57.68	-2.9297
57.68	-2.9299
57.68	-2.9297
57.68	-2.9297
57.68	-2.9299
57.67	-2.9296
57.67	-2.9298
57.66	-2.9297
57.66	-2.9295
57.66	-2.9296
57.66	-2.9294
57.65	-2.9296
57.65	-2.9295
57.65	-2.9296
57.65	-2.9296
57.65	-2.9295
57.65	-2.9294
57.64	-2.9294
57.64	-2.9293
57.64	-2.9295
57.63	-2.9295
57.63	-2.9294
57.63	-2.9294
57.63	-2.9295
57.63	-2.9294
57.62	-2.9295
57.62	-2.9293
57.61	-2.9293
57.61	-2.9294
57.61	-2.9294
57.60	-2.9292
57.60	-2.9295
57.60	-2.9293
57.60	-2.9293
57.60	-2.9293
57.59	-2.9294
57.59	-2.9292
57.59	-2.9293
57.59	-2.9291
57.58	-2.9292
57.58	-2.9293
57.58	-2.9293
57.58	-2.9292
57.57	-2.9291
57.57	-2.9292
57.57	-2.9293
57.57	-2.9291
57.57	-2.9291
57.56	-2.9292
57.56	-2.9291
57.56	-2.9293
57.55	-2.9291
57.55	-2.9292
57.55	-2.9292
57.55	-2.9292
57.54	-2.9291
57.54	-2.9291
57.54	-2.9291
57.54	-2.9292
57.54	-2.9291
57.53	-2.9292
57.53	-2.9291
57.53	-2.9291
57.52	-2.9289
57.52	-2.9291
57.52	-2.9289
57.52	-2.9292
57.52	-2.9291
57.51	-2.9289
57.51	-2.9291
57.51	-2.9289
57.51	-2.9289
57.50	-2.9288
57.50	-2.9290
57.50	-2.9288
57.50	-2.9288
57.50	-2.9290
57.50	-2.9289
57.50	-2.9288
57.49	-2.9288
57.49	-2.9288
57.48	-2.9288
57.48	-2.9287
57.48	-2.9287
57.48	-2.9286
57.47	-2.9285
57.47	-2.9286
57.46	-2.9286
57.46	-2.9288
57.46	-2.9285
57.46	-2.9285
57.45	-2.9286
57.45	-2.9286
57.45	-2.9285
57.45	-2.9285
57.44	-2.9284
57.44	-2.9284
57.44	-2.9284
57.43	-2.9283
57.43	-2.9284
57.43	-2.9285
57.43	-2.9285
57.43	-2.9284
57.43	-2.9282
57.43	-2.9282
57.43	-2.9283
57.42	-2.9283
57.42	-2.9283
57.42	-2.9284
57.41	-2.9285
57.41	-2.9283
57.40	-2.9284
57.40	-2.9284
57.40	-2.9282
57.40	-2.9282
57.39	-2.9282
57.39	-2.9282
57.39	-2.9281
57.39	-2.9282
57.39	-2.9282
57.38	-2.9280
57.38	-2.9281
57.38	-2.9281
57.38	-2.9281
57.38	-2.9279
57.37	-2.9279
57.37	-2.9278
57.37	-2.9279
57.36	-2.9279
57.36	-2.9280
57.36	-2.9278
57.35	-2.9278
57.35	-2.9278
57.35	-2.9278
57.34	-2.9278
57.34	-2.9279
57.34	-2.9279
57.34	-2.9276
57.34	-2.9277
57.34	-2.9277
57.33	-2.9277
57.33	-2.9275
57.33	-2.9277
57.33	-2.9277
57.33	-2.9277
57.32	-2.9277
57.32	-2.9276
57.32	-2.9275
57.32	-2.9277
57.31	-2.9276
57.31	-2.9276
57.30	-2.9274
57.30	-2.9274
57.30	-2.9276
57.30	-2.9273
57.30	-2.9272
57.30	-2.9273
57.30	-2.9273
57.29	-2.9273
57.29	-2.9274
57.29	-2.9273
57.29	-2.9270
57.28	-2.9272
57.28	-2.9272
57.28	-2.9269
57.27	-2.9271
57.27	-2.9270
57.27	-2.9271
57.27	-2.9269
57.27	-2.9271
57.26	-2.9270
57.26	-2.9270
57.26	-2.9271
57.25	-2.9269
57.25	-2.9269
57.25	-2.9270
57.25	-2.9271
57.25	-2.9270
57.24	-2.9270
57.24	-2.9271
57.24	-2.9268
57.23	-2.9269
57.23	-2.9268
57.23	-2.9269
57.23	-2.9269
57.23	-2.9268
57.22	-2.9271
57.22	-2.9268
57.22	-2.9268
57.22	-2.9270
57.21	-2.9268
57.21	-2.9268
57.21	-2.9267
57.20	-2.9268
57.20	-2.9267
57.20	-2.9270
57.20	-2.9269
57.20	-2.9268
57.20	-2.9268
57.20	-2.9267
57.19	-2.9267
57.19	-2.9267
57.18	-2.9266
57.18	-2.9266
57.18	-2.9266
57.18	-2.9268
57.17	-2.9267
57.17	-2.9266
57.17	-2.9266
57.16	-2.9267
57.16	-2.9267
57.16	-2.9263
57.16	-2.9265
57.16	-2.9267
57.15	-2.9265
57.15	-2.9265
57.15	-2.9264
57.14	-2.9265
57.14	-2.9264
57.14	-2.9263
57.14	-2.9265
57.13	-2.9264
57.13	-2.9261
57.13	-2.9262
57.13	-2.9261
57.12	-2.9259
57.12	-2.9261
57.12	-2.9260
57.12	-2.9262
57.12	-2.9260
57.11	-2.9259
57.11	-2.9261
57.10	-2.9260
57.10	-2.9260
57.10	-2.9261
57.10	-2.9260
57.09	-2.9259
57.10	-2.9259
57.09	-2.9259
57.09	-2.9259
57.08	-2.9259
57.08	-2.9258
57.08	-2.9257
57.08	-2.9258
57.08	-2.9260
57.08	-2.9258
57.08	-2.9259
57.07	-2.9258
57.07	-2.9257
57.06	-2.9259
57.06	-2.9260
57.06	-2.9257
57.06	-2.9259
57.05	-2.9259
57.05	-2.9258
57.05	-2.9259
57.05	-2.9259
57.05	-2.9259
57.05	-2.9258
57.04	-2.9259
57.04	-2.9258
57.04	-2.9257
57.03	-2.9259
57.03	-2.9257
57.03	-2.9258
57.03	-2.9257
57.03	-2.9257
57.02	-2.9256
57.02	-2.9258
57.02	-2.9257
57.01	-2.9257
57.01	-2.9256
57.01	-2.9257
57.00	-2.9256
57.00	-2.9254
57.00	-2.9255
57.00	-2.9254
57.00	-2.9255
57.00	-2.9252
56.99	-2.9252
56.99	-2.9254
56.98	-2.9253
56.98	-2.9252
56.98	-2.9255
56.98	-2.9251
56.98	-2.9253
56.98	-2.9252
56.98	-2.9252
56.98	-2.9252
56.97	-2.9252
56.97	-2.9251
56.97	-2.9251
56.96	-2.9252
56.96	-2.9249
56.96	-2.9250
56.95	-2.9250
56.95	-2.9250
56.95	-2.9251
56.95	-2.9249
56.95	-2.9249
56.94	-2.9250
56.94	-2.9249
56.93	-2.9249
56.93	-2.9249
56.93	-2.9249
56.93	-2.9250
56.92	-2.9247
56.92	-2.9248
56.92	-2.9249
56.91	-2.9248
56.91	-2.9248
56.91	-2.9247
56.91	-2.9248
56.91	-2.9249
56.90	-2.9248
56.90	-2.9247
56.90	-2.9248
56.90	-2.9247
56.89	-2.9248
56.89	-2.9247
56.89	-2.9249
56.89	-2.9248
56.88	-2.9247
56.88	-2.9247
56.88	-2.9247
56.88	-2.9248
56.88	-2.9248
56.87	-2.9247
56.87	-2.9247
56.87	-2.9246
56.86	-2.9245
56.86	-2.9245
56.86	-2.9248
56.86	-2.9246
56.86	-2.9245
56.85	-2.9247
56.85	-2.9247
56.85	-2.9245
56.84	-2.9245
56.84	-2.9242
56.84	-2.9245
56.84	-2.9243
56.84	-2.9243
56.83	-2.9242
56.83	-2.9244
56.83	-2.9244
56.83	-2.9242
56.82	-2.9242
56.82	-2.9244
56.82	-2.9243
56.81	-2.9240
56.81	-2.9242
56.81	-2.9242
56.81	-2.9243
56.80	-2.9242
56.80	-2.9241
56.80	-2.9241
56.80	-2.9240
56.80	-2.9241
56.79	-2.9241
56.79	-2.9240
56.79	-2.9240
56.78	-2.9239
56.78	-2.9239
56.78	-2.9240
56.78	-2.9239
56.77	-2.9239
56.77	-2.9240
56.77	-2.9239
56.77	-2.9238
56.76	-2.9241
56.76	-2.9241
56.76	-2.9240
56.76	-2.9239
56.76	-2.9239
56.75	-2.9238
56.75	-2.9239
56.75	-2.9239
56.74	-2.9239
56.74	-2.9239
56.74	-2.9236
56.74	-2.9238
56.73	-2.9236
56.73	-2.9237
56.73	-2.9237
56.73	-2.9236
56.73	-2.9236
56.73	-2.9237
56.72	-2.9234
56.72	-2.9234
56.72	-2.9234
56.72	-2.9236
56.71	-2.9234
56.71	-2.9234
56.71	-2.9232
56.71	-2.9233
56.71	-2.9234
56.70	-2.9231
56.69	-2.9232
56.69	-2.9233
56.69	-2.9233
56.68	-2.9231
56.68	-2.9232
56.68	-2.9231
56.68	-2.9232
56.67	-2.9233
56.67	-2.9231
56.67	-2.9232
56.67	-2.9231
56.66	-2.9230
56.66	-2.9231
56.66	-2.9230
56.66	-2.9229
56.66	-2.9229
56.65	-2.9230
56.65	-2.9228
56.65	-2.9229
56.65	-2.9228
56.65	-2.9229
56.64	-2.9227
56.64	-2.9229
56.63	-2.9227
56.63	-2.9227
56.63	-2.9227
56.63	-2.9228
56.63	-2.9227
56.63	-2.9228
56.62	-2.9226
56.62	-2.9229
56.62	-2.9226
56.61	-2.9227
56.61	-2.9227
56.61	-2.9227
56.61	-2.9227
56.60	-2.9227
56.60	-2.9226
56.60	-2.9228
56.60	-2.9227
56.59	-2.9226
56.59	-2.9227
56.59	-2.9226
56.59	-2.9227
56.58	-2.9226
56.58	-2.9227
56.58	-2.9228
56.58	-2.9226
56.58	-2.9227
56.58	-2.9228
56.57	-2.9226
56.57	-2.9227
56.57	-2.9226
56.57	-2.9227
56.56	-2.9226
56.56	-2.9227
56.55	-2.9228
56.55	-2.9227
56.55	-2.9228
56.55	-2.9225
56.55	-2.9225
56.54	-2.9225
56.54	-2.9225
56.54	-2.9223
56.54	-2.9223
56.54	-2.9223
56.53	-2.9224
56.53	-2.9223
56.52	-2.9224
56.52	-2.9221
56.52	-2.9223
56.52	-2.9221
56.51	-2.9223
56.51	-2.9221
56.50	-2.9222
56.50	-2.9221
56.50	-2.9223
56.50	-2.9222
56.50	-2.9221
56.50	-2.9221
56.50	-2.9221
56.49	-2.9219
56.49	-2.9222
56.48	-2.9220
56.48	-2.9220
56.48	-2.9221
56.48	-2.9221
56.48	-2.9221
56.48	-2.9220
56.47	-2.9219
56.47	-2.9220
56.47	-2.9221
56.47	-2.9221
56.46	-2.9220
56.45	-2.9221
56.45	-2.9219
56.45	-2.9219
56.45	-2.9221
56.44	-2.9218
56.44	-2.9219
56.44	-2.9219
56.44	-2.9219
56.43	-2.9219
56.44	-2.9219
56.43	-2.9219
56.43	-2.9220
56.43	-2.9220
56.43	-2.9220
56.42	-2.9219
56.42	-2.9217
56.42	-2.9219
56.42	-2.9217
56.42	-2.9218
56.41	-2.9218
56.42	-2.9218
56.41	-2.9218
56.41	-2.9219
56.40	-2.9217
56.40	-2.9215
56.40	-2.9216
56.40	-2.9218
56.40	-2.9217
56.39	-2.9214
56.39	-2.9217
56.39	-2.9216
56.39	-2.9215
56.38	-2.9215
56.38	-2.9214
56.38	-2.9215
56.38	-2.9214
56.37	-2.9215
56.37	-2.9216
56.37	-2.9214
56.36	-2.9214
56.36	-2.9214
56.36	-2.9215
56.36	-2.9212
56.35	-2.9212
56.35	-2.9213
56.35	-2.9212
56.34	-2.9213
56.35	-2.9213
56.34	-2.9210
56.34	-2.9210
56.34	-2.9211
56.33	-2.9210
56.33	-2.9210
56.33	-2.9211
56.33	-2.9210
56.33	-2.9210
56.33	-2.9212
56.32	-2.9210
56.32	-2.9212
56.32	-2.9211
56.32	-2.9211
56.32	-2.9209
56.31	-2.9212
56.30	-2.9211
56.30	-2.9214
56.30	-2.9210
56.30	-2.9212
56.30	-2.9210
56.30	-2.9211
56.29	-2.9210
56.29	-2.9210
56.29	-2.9209
56.28	-2.9209
56.28	-2.9208
56.28	-2.9209
56.27	-2.9209
56.27	-2.9208
56.27	-2.9209
56.27	-2.9207
56.27	-2.9208
56.27	-2.9207
56.27	-2.9205
56.26	-2.9204
56.26	-2.9205
56.26	-2.9206
56.25	-2.9207
56.25	-2.9206
56.25	-2.9203
56.25	-2.9206
56.24	-2.9204
56.24	-2.9204
56.24	-2.9205
56.23	-2.9203
56.23	-2.9204
56.23	-2.9204
56.23	-2.9204
56.22	-2.9202
56.21	-2.9203
56.22	-2.9202
56.22	-2.9202
56.21	-2.9201
56.21	-2.9201
56.21	-2.9202
56.21	-2.9201
56.20	-2.9200
56.20	-2.9200
56.20	-2.9200
56.20	-2.9201
56.20	-2.9200
56.19	-2.9199
56.18	-2.9199
56.18	-2.9200
56.18	-2.9199
56.18	-2.9199
56.18	-2.9197
56.18	-2.9199
56.18	-2.9199
56.18	-2.9198
56.17	-2.9197
56.16	-2.9197
56.16	-2.9197
56.17	-2.9198
56.16	-2.9197
56.15	-2.9198
56.15	-2.9195
56.15	-2.9195
56.15	-2.9196
56.15	-2.9195
56.14	-2.9194
56.14	-2.9195
56.14	-2.9197
56.13	-2.9195
56.13	-2.9195
56.13	-2.9197
56.13	-2.9195
56.12	-2.9195
56.12	-2.9195
56.13	-2.9196
56.13	-2.9194
56.12	-2.9194
56.12	-2.9194
56.11	-2.9195
56.10	-2.9196
56.10	-2.9194
56.11	-2.9194
56.11	-2.9194
56.10	-2.9194
56.09	-2.9196
56.09	-2.9195
56.08	-2.9194
56.08	-2.9193
56.08	-2.9193
56.08	-2.9193
56.08	-2.9193
56.08	-2.9194
56.08	-2.9192
56.07	-2.9192
56.06	-2.9192
56.06	-2.9192
56.06	-2.9191
56.07	-2.9191
56.07	-2.9193
56.07	-2.9190
56.06	-2.9191
56.05	-2.9190
56.05	-2.9190
56.04	-2.9189
56.04	-2.9189
56.04	-2.9187
56.04	-2.9190
56.04	-2.9187
56.04	-2.9188
56.05	-2.9187
56.04	-2.9186
56.04	-2.9185
56.03	-2.9187
56.02	-2.9185
56.02	-2.9184
56.01	-2.9187
56.00	-2.9183
56.00	-2.9184
56.00	-2.9182
56.00	-2.9183
56.00	-2.9183
56.00	-2.9183
56.00	-2.9181
56.00	-2.9182
56.00	-2.9182
56.01	-2.9185
56.00	-2.9185
56.00	-2.9183
56.00	-2.9182
55.99	-2.9182
55.99	-2.9183
55.98	-2.9183
55.98	-2.9184
55.98	-2.9182
55.97	-2.9181
55.96	-2.9182
55.96	-2.9183
55.96	-2.9183
55.95	-2.9183
55.95	-2.9182
55.95	-2.9182
55.95	-2.9180
55.94	-2.9183
55.94	-2.9181
55.94	-2.9182
55.94	-2.9182
55.93	-2.9183
55.93	-2.9182
55.93	-2.9181
55.93	-2.9180
55.93	-2.9182
55.93	-2.9179
55.93	-2.9181
55.93	-2.9181
55.93	-2.9179
55.93	-2.9181
55.93	-2.9181
55.93	-2.9180
55.93	-2.9180
55.93	-2.9179
55.93	-2.9179
55.93	-2.9179
55.93	-2.9179
55.92	-2.9179
55.91	-2.9179
55.91	-2.9178
55.90	-2.9180
55.89	-2.9179
55.89	-2.9179
55.88	-2.9178
55.88	-2.9179
55.87	-2.9177
55.87	-2.9179
55.87	-2.9178
55.87	-2.9178
55.87	-2.9176
55.87	-2.9174
55.87	-2.9177
55.88	-2.9174
55.88	-2.9176
55.87	-2.9173
55.86	-2.9176
55.85	-2.9175
55.84	-2.9175
55.84	-2.9173
55.84	-2.9178
55.84	-2.9173
55.84	-2.9174
55.84	-2.9176
55.84	-2.9175
55.84	-2.9175
55.83	-2.9175
55.83	-2.9175
55.82	-2.9174
55.81	-2.9173
55.81	-2.9175
55.82	-2.9173
55.83	-2.9172
55.83	-2.9172
55.82	-2.9173
55.81	-2.9173
55.80	-2.9173
55.80	-2.9172
55.80	-2.9173
55.80	-2.9174
55.80	-2.9172
55.79	-2.9173
55.79	-2.9171
55.78	-2.9172
55.78	-2.9171
55.78	-2.9171
55.78	-2.9173
55.78	-2.9170
55.78	-2.9174
55.77	-2.9172
55.77	-2.9171
55.77	-2.9172
55.77	-2.9172
55.77	-2.9170
55.76	-2.9170
55.75	-2.9170
55.75	-2.9170
55.75	-2.9172
55.76	-2.9170
55.75	-2.9168
55.75	-2.9168
55.74	-2.9167
55.74	-2.9166
55.74	-2.9167
55.73	-2.9169
55.73	-2.9167
55.73	-2.9167
55.73	-2.9168
55.73	-2.9168
55.72	-2.9167
55.71	-2.9165
55.71	-2.9167
55.72	-2.9166
55.71	-2.9165
55.70	-2.9166
55.70	-2.9165
55.70	-2.9166
55.70	-2.9165
55.70	-2.9166
55.69	-2.9164
55.69	-2.9166
55.70	-2.9165
55.69	-2.9165
55.68	-2.9166
55.68	-2.9165
55.69	-2.9165
55.69	-2.9164
55.68	-2.9164
55.68	-2.9164
55.68	-2.9165
55.67	-2.9163
55.67	-2.9162
55.67	-2.9164
55.67	-2.9161
55.66	-2.9163
55.66	-2.9162
55.66	-2.9161
55.65	-2.9162
55.65	-2.9163
55.65	-2.9162
55.65	-2.9161
55.65	-2.9161
55.64	-2.9161
55.64	-2.9161
55.64	-2.9159
55.63	-2.9162
55.63	-2.9159
55.63	-2.9162
55.63	-2.9159
55.62	-2.9160
55.62	-2.9161
55.62	-2.9161
55.61	-2.9159
55.61	-2.9159
55.61	-2.9160
55.60	-2.9159
55.60	-2.9158
55.60	-2.9159
55.59	-2.9158
55.59	-2.9159
55.59	-2.9157
55.59	-2.9157
55.59	-2.9156
55.59	-2.9158
55.58	-2.9156
55.58	-2.9157
55.58	-2.9155
55.58	-2.9156
55.58	-2.9155
55.57	-2.9154
55.57	-2.9154
55.57	-2.9155
55.57	-2.9154
55.57	-2.9154
55.56	-2.9155
55.56	-2.9153
55.56	-2.9155
55.55	-2.9155
55.55	-2.9155
55.55	-2.9154
55.54	-2.9153
55.54	-2.9152
55.54	-2.9152
55.53	-2.9154
55.54	-2.9152
55.53	-2.9152
55.53	-2.9152
55.53	-2.9153
55.53	-2.9152
55.52	-2.9153
55.52	-2.9150
55.52	-2.9151
55.52	-2.9151
55.51	-2.9151
55.51	-2.9152
55.51	-2.9150
55.50	-2.9150
55.51	-2.9151
55.50	-2.9149
55.50	-2.9150
55.49	-2.9151
55.49	-2.9149
55.49	-2.9148
55.49	-2.9150
55.49	-2.9149
55.48	-2.9150
55.48	-2.9148
55.48	-2.9150
55.48	-2.9148
55.48	-2.9149
55.48	-2.9149
55.48	-2.9150
55.48	-2.9149
55.48	-2.9150
55.47	-2.9147
55.47	-2.9150
55.46	-2.9148
55.46	-2.9148
55.46	-2.9149
55.46	-2.9149
55.45	-2.9149
55.45	-2.9147
55.45	-2.9148
55.44	-2.9148
55.44	-2.9148
55.44	-2.9147
55.43	-2.9148
55.43	-2.9145
55.43	-2.9146
55.43	-2.9148
55.42	-2.9145
55.42	-2.9146
55.42	-2.9145
55.42	-2.9143
55.41	-2.9145
55.41	-2.9144
55.40	-2.9144
55.40	-2.9144
55.40	-2.9141
55.40	-2.9144
55.40	-2.9142
55.40	-2.9143
55.39	-2.9142
55.39	-2.9141
55.39	-2.9141
55.39	-2.9141
55.38	-2.9140
55.38	-2.9143
55.38	-2.9141
55.38	-2.9140
55.38	-2.9141
55.38	-2.9141
55.38	-2.9140
55.37	-2.9142
55.37	-2.9138
55.37	-2.9139
55.36	-2.9139
55.35	-2.9139
55.35	-2.9139
55.35	-2.9139
55.34	-2.9140
55.34	-2.9140
55.34	-2.9139
55.34	-2.9141
55.34	-2.9141
55.34	-2.9141
55.33	-2.9139
55.33	-2.9140
55.33	-2.9140
55.33	-2.9140
55.33	-2.9141
55.33	-2.9141
55.32	-2.9140
55.32	-2.9140
55.31	-2.9140
55.31	-2.9139
55.31	-2.9141
55.31	-2.9138
55.30	-2.9140
55.30	-2.9138
55.30	-2.9139
55.30	-2.9138
55.30	-2.9138
55.30	-2.9138
55.29	-2.9137
55.29	-2.9137
55.29	-2.9136
55.28	-2.9137
55.28	-2.9136
55.28	-2.9137
55.28	-2.9137
55.27	-2.9136
55.27	-2.9136
55.27	-2.9137
55.27	-2.9136
55.26	-2.9135
55.26	-2.9135
55.26	-2.9134
55.26	-2.9136
55.25	-2.9134
55.25	-2.9135
55.25	-2.9134
55.25	-2.9133
55.24	-2.9133
55.24	-2.9134
55.23	-2.9134
55.23	-2.9133
55.23	-2.9133
55.23	-2.9132
55.23	-2.9131
55.23	-2.9133
55.22	-2.9132
55.22	-2.9133
55.22	-2.9134
55.21	-2.9132
55.22	-2.9131
55.21	-2.9132
55.21	-2.9133
55.21	-2.9131
55.21	-2.9134
55.20	-2.9130
55.20	-2.9132
55.20	-2.9131
55.19	-2.9133
55.19	-2.9131
55.18	-2.9131
55.18	-2.9132
55.18	-2.9130
55.18	-2.9131
55.18	-2.9129
55.18	-2.9130
55.18	-2.9131
55.17	-2.9129
55.17	-2.9129
55.16	-2.9129
55.16	-2.9130
55.16	-2.9130
55.16	-2.9129
55.15	-2.9130
55.15	-2.9127
55.15	-2.9125
55.14	-2.9128
55.14	-2.9126
55.14	-2.9127
55.14	-2.9127
55.14	-2.9124
55.13	-2.9126
55.13	-2.9125
55.13	-2.9126
55.13	-2.9126
55.13	-2.9125
55.13	-2.9125
55.12	-2.9125
55.12	-2.9125
55.11	-2.9125
55.11	-2.9125
55.11	-2.9124
55.11	-2.9123
55.10	-2.9125
55.10	-2.9124
55.10	-2.9123
55.09	-2.9126
55.09	-2.9124
55.09	-2.9124
55.09	-2.9124
55.08	-2.9124
55.08	-2.9124
55.08	-2.9124
55.08	-2.9123
55.07	-2.9122
55.07	-2.9123
55.07	-2.9122
55.07	-2.9123
55.07	-2.9122
55.07	-2.9122
55.06	-2.9121
55.06	-2.9122
55.06	-2.9121
55.05	-2.9121
55.05	-2.9120
55.05	-2.9119
55.05	-2.9120
55.04	-2.9118
55.05	-2.9119
55.05	-2.9117
55.05	-2.9118
55.04	-2.9119
55.03	-2.9119
55.03	-2.9118
55.03	-2.9119
55.02	-2.9118
55.02	-2.9118
55.02	-2.9117
55.02	-2.9119
55.02	-2.9118
55.02	-2.9117
55.01	-2.9117
55.00	-2.9116
55.00	-2.9115
55.00	-2.9114
55.00	-2.9115
55.00	-2.9113
54.99	-2.9113
54.99	-2.9114
54.99	-2.9114
54.99	-2.9112
54.99	-2.9112
54.98	-2.9113
54.98	-2.9112
54.98	-2.9112
54.98	-2.9112
54.98	-2.9115
54.97	-2.9113
54.97	-2.9113
54.96	-2.9112
54.96	-2.9113
54.96	-2.9113
54.95	-2.9112
54.95	-2.9111
54.95	-2.9113
54.95	-2.9112
54.95	-2.9111
54.95	-2.9110
54.95	-2.9112
54.95	-2.9112
54.94	-2.9110
54.94	-2.9112
54.94	-2.9109
54.94	-2.9111
54.93	-2.9110
54.93	-2.9110
54.92	-2.9111
54.92	-2.9109
54.92	-2.9110
54.91	-2.9110
54.91	-2.9109
54.91	-2.9110
54.90	-2.9110
54.90	-2.9111
54.90	-2.9109
54.90	-2.9108
54.90	-2.9110
54.89	-2.9110
54.89	-2.9109
54.89	-2.9109
54.89	-2.9109
54.88	-2.9107
54.88	-2.9109
54.88	-2.9107
54.88	-2.9108
54.88	-2.9108
54.87	-2.9108
54.87	-2.9106
54.87	-2.9109
54.86	-2.9108
54.86	-2.9105
54.85	-2.9107
54.86	-2.9105
54.86	-2.9106
54.85	-2.9106
54.85	-2.9107
54.85	-2.9105
54.84	-2.9105
54.84	-2.9106
54.84	-2.9105
54.84	-2.9105
54.84	-2.9105
54.83	-2.9105
54.83	-2.9104
54.83	-2.9105
54.83	-2.9104
54.82	-2.9104
54.82	-2.9103
54.82	-2.9104
54.82	-2.9105
54.82	-2.9103
54.81	-2.9103
54.81	-2.9104
54.81	-2.9102
54.81	-2.9102
54.80	-2.9103
54.80	-2.9102
54.80	-2.9103
54.79	-2.9102
54.79	-2.9102
54.78	-2.9102
54.78	-2.9100
54.78	-2.9102
54.77	-2.9101
54.77	-2.9100
54.77	-2.9101
54.77	-2.9100
54.77	-2.9102
54.77	-2.9101
54.76	-2.9102
54.76	-2.9103
54.76	-2.9102
54.76	-2.9101
54.76	-2.9099
54.76	-2.9100
54.75	-2.9100
54.75	-2.9100
54.75	-2.9099
54.75	-2.9100
54.75	-2.9100
54.74	-2.9098
54.74	-2.9101
54.73	-2.9098
54.73	-2.9098
54.73	-2.9100
54.72	-2.9096
54.72	-2.9096
54.72	-2.9099
54.72	-2.9098
54.72	-2.9096
54.72	-2.9096
54.72	-2.9098
54.71	-2.9098
54.71	-2.9097
54.70	-2.9097
54.70	-2.9096
54.70	-2.9096
54.70	-2.9096
54.70	-2.9095
54.69	-2.9094
54.69	-2.9094
54.69	-2.9096
54.68	-2.9094
54.68	-2.9094
54.68	-2.9093
54.68	-2.9096
54.67	-2.9095
54.67	-2.9095
54.67	-2.9094
54.67	-2.9095
54.66	-2.9092
54.66	-2.9093
54.66	-2.9092
54.66	-2.9092
54.65	-2.9091
54.65	-2.9091
54.65	-2.9091
54.65	-2.9090
54.64	-2.9092
54.64	-2.9091
54.63	-2.9089
54.63	-2.9090
54.63	-2.9089
54.63	-2.9090
54.63	-2.9088
54.62	-2.9090
54.62	-2.9087
54.62	-2.9088
54.62	-2.9088
54.62	-2.9088
54.61	-2.9089
54.62	-2.9088
54.61	-2.9089
54.61	-2.9087
54.61	-2.9088
54.60	-2.9089
54.60	-2.9089
54.59	-2.9088
54.59	-2.9088
54.59	-2.9087
54.59	-2.9088
54.59	-2.9088
54.59	-2.9088
54.59	-2.9086
54.59	-2.9089
54.58	-2.9086
54.58	-2.9085
54.58	-2.9086
54.58	-2.9087
54.57	-2.9086
54.57	-2.9087
54.57	-2.9086
54.57	-2.9087
54.57	-2.9085
54.56	-2.9087
54.56	-2.9086
54.55	-2.9087
54.55	-2.9085
54.55	-2.9086
54.55	-2.9085
54.55	-2.9086
54.54	-2.9085
54.54	-2.9084
54.54	-2.9085
54.53	-2.9085
54.53	-2.9086
54.53	-2.9084
54.52	-2.9085
54.52	-2.9084
54.52	-2.9086
54.51	-2.9084
54.51	-2.9085
54.51	-2.9085
54.51	-2.9086
54.50	-2.9084
54.50	-2.9084
54.50	-2.9086
54.50	-2.9085
54.50	-2.9084
54.49	-2.9085
54.49	-2.9085
54.49	-2.9085
54.49	-2.9084
54.49	-2.9085
54.48	-2.9083
54.48	-2.9085
54.48	-2.9084
54.48	-2.9086
54.47	-2.9082
54.47	-2.9081
54.47	-2.9082
54.47	-2.9083
54.46	-2.9080
54.46	-2.9081
54.46	-2.9081
54.45	-2.9081
54.45	-2.9080
54.45	-2.9081
54.45	-2.9081
54.45	-2.9079
54.44	-2.9079
54.44	-2.9079
54.43	-2.9080
54.43	-2.9081
54.43	-2.9079
54.43	-2.9080
54.43	-2.9079
54.43	-2.9079
54.42	-2.9079
54.42	-2.9076
54.42	-2.9076
54.41	-2.9077
54.41	-2.9080
54.40	-2.9077
54.40	-2.9078
54.40	-2.9079
54.40	-2.9077
54.40	-2.9076
54.40	-2.9077
54.39	-2.9075
54.39	-2.9076
54.39	-2.9075
54.38	-2.9077
54.38	-2.9075
54.38	-2.9076
54.38	-2.9075
54.38	-2.9075
54.38	-2.9075
54.37	-2.9073
54.37	-2.9074
54.37	-2.9073
54.37	-2.9074
54.36	-2.9073
54.36	-2.9072
54.36	-2.9072
54.35	-2.9073
54.35	-2.9072
54.35	-2.9074
54.35	-2.9073
54.34	-2.9073
54.34	-2.9071
54.34	-2.9071
54.33	-2.9071
54.33	-2.9071
54.33	-2.9072
54.33	-2.9071
54.33	-2.9072
54.33	-2.9071
54.32	-2.9071
54.32	-2.9072
54.32	-2.9070
54.31	-2.9071
54.31	-2.9072
54.30	-2.9070
54.30	-2.9072
54.30	-2.9071
54.30	-2.9072
54.30	-2.9069
54.30	-2.9072
54.29	-2.9072
54.29	-2.9073
54.29	-2.9071
54.29	-2.9071
54.28	-2.9071
54.28	-2.9070
54.28	-2.9070
54.28	-2.9068
54.28	-2.9069
54.27	-2.9071
54.27	-2.9068
54.27	-2.9068
54.27	-2.9068
54.26	-2.9069
54.26	-2.9069
54.25	-2.9069
54.25	-2.9068
54.25	-2.9069
54.25	-2.9068
54.25	-2.9069
54.24	-2.9067
54.24	-2.9069
54.24	-2.9068
54.24	-2.9068
54.24	-2.9067
54.23	-2.9068
54.23	-2.9066
54.23	-2.9067
54.23	-2.9067
54.23	-2.9068
54.23	-2.9068
54.22	-2.9067
54.22	-2.9066
54.21	-2.9067
54.21	-2.9068
54.21	-2.9067
54.21	-2.9066
54.20	-2.9064
54.20	-2.9067
54.20	-2.9065
54.20	-2.9066
54.19	-2.9065
54.19	-2.9064
54.18	-2.9065
54.18	-2.9064
54.18	-2.9064
54.18	-2.9064
54.18	-2.9065
54.17	-2.9064
54.17	-2.9064
54.16	-2.9064
54.16	-2.9063
54.16	-2.9064
54.16	-2.9063
54.16	-2.9062
54.16	-2.9062
54.16	-2.9065
54.15	-2.9062
54.15	-2.9060
54.15	-2.9061
54.15	-2.9062
54.14	-2.9062
54.14	-2.9060
54.14	-2.9061
54.13	-2.9060
54.13	-2.9059
54.13	-2.9060
54.13	-2.9059
54.13	-2.9059
54.13	-2.9061
54.12	-2.9059
54.12	-2.9059
54.12	-2.9061
54.11	-2.9059
54.11	-2.9059
54.11	-2.9059
54.11	-2.9059
54.11	-2.9060
54.10	-2.9059
54.10	-2.9060
54.10	-2.9059
54.09	-2.9059
54.09	-2.9060
54.09	-2.9059
54.08	-2.9059
54.08	-2.9060
54.08	-2.9057
54.08	-2.9059
54.08	-2.9057
54.07	-2.9058
54.07	-2.9058
54.07	-2.9057
54.07	-2.9057
54.06	-2.9060
54.06	-2.9057
54.06	-2.9057
54.05	-2.9059
54.05	-2.9056
54.05	-2.9056
54.05	-2.9057
54.05	-2.9056
54.05	-2.9056
54.05	-2.9054
54.04	-2.9054
54.04	-2.9055
54.03	-2.9057
54.03	-2.9056
54.02	-2.9056
54.02	-2.9055
54.02	-2.9054
54.02	-2.9053
54.02	-2.9054
54.02	-2.9053
54.01	-2.9050
54.01	-2.9053
54.01	-2.9051
54.01	-2.9052
54.00	-2.9052
54.00	-2.9052
54.00	-2.9052
54.00	-2.9051
53.99	-2.9052
53.99	-2.9050
53.99	-2.9049
53.99	-2.9047
53.98	-2.9048
53.98	-2.9049
53.98	-2.9048
53.98	-2.9046
53.97	-2.9049
53.97	-2.9048
53.97	-2.9048
53.97	-2.9047
53.97	-2.9047
53.96	-2.9047
53.96	-2.9047
53.95	-2.9049
53.95	-2.9048
53.95	-2.9048
53.95	-2.9046
53.95	-2.9047
53.95	-2.9046
53.95	-2.9046
53.94	-2.9047
53.94	-2.9046
53.94	-2.9046
53.94	-2.9046
53.93	-2.9045
53.93	-2.9046
53.93	-2.9047
53.93	-2.9045
53.92	-2.9044
53.92	-2.9045
53.91	-2.9044
53.91	-2.9044
53.91	-2.9044
53.91	-2.9044
53.90	-2.9045
53.90	-2.9045
53.90	-2.9043
53.89	-2.9042
53.89	-2.9042
53.89	-2.9040
53.89	-2.9042
53.89	-2.9041
53.89	-2.9040
53.88	-2.9039
53.88	-2.9039
53.88	-2.9039
53.87	-2.9039
53.87	-2.9039
53.87	-2.9038
53.87	-2.9039
53.86	-2.9037
53.86	-2.9040
53.86	-2.9038
53.86	-2.9038
53.85	-2.9039
53.85	-2.9039
53.85	-2.9037
53.84	-2.9038
53.84	-2.9036
53.84	-2.9038
53.84	-2.9038
53.84	-2.9037
53.83	-2.9036
53.83	-2.9038
53.83	-2.9037
53.83	-2.9037
53.83	-2.9039
53.83	-2.9036
53.83	-2.9037
53.82	-2.9037
53.82	-2.9038
53.81	-2.9036
53.81	-2.9038
53.80	-2.9035
53.80	-2.9038
53.80	-2.9036
53.80	-2.9036
53.80	-2.9035
53.80	-2.9035
53.79	-2.9035
53.79	-2.9035
53.78	-2.9035
53.78	-2.9035
53.78	-2.9036
53.78	-2.9034
53.78	-2.9034
53.77	-2.9036
53.77	-2.9033
53.77	-2.9033
53.77	-2.9035
53.77	-2.9035
53.76	-2.9034
53.76	-2.9035
53.75	-2.9033
53.75	-2.9037
53.75	-2.9035
53.75	-2.9036
53.75	-2.9035
53.74	-2.9036
53.74	-2.9036
53.74	-2.9035
53.74	-2.9037
53.73	-2.9036
53.73	-2.9037
53.73	-2.9036
53.72	-2.9036
53.72	-2.9036
53.72	-2.9040
53.72	-2.9036
53.72	-2.9036
53.72	-2.9035
53.71	-2.9036
53.71	-2.9036
53.71	-2.9036
53.70	-2.9034
53.70	-2.9033
53.70	-2.9033
53.70	-2.9033
53.70	-2.9031
53.70	-2.9031
53.69	-2.9031
53.69	-2.9032
53.69	-2.9030
53.69	-2.9031
53.68	-2.9029
53.68	-2.9030
53.68	-2.9027
53.68	-2.9026
53.68	-2.9026
53.68	-2.9026
53.68	-2.9024
53.67	-2.9027
53.66	-2.9026
53.66	-2.9025
53.66	-2.9026
53.66	-2.9025
53.65	-2.9025
53.65	-2.9024
53.65	-2.9025
53.65	-2.9026
53.64	-2.9025
53.64	-2.9025
53.64	-2.9026
53.64	-2.9027
53.63	-2.9025
53.63	-2.9027
53.63	-2.9026
53.63	-2.9026
53.63	-2.9025
53.62	-2.9025
53.62	-2.9025
53.62	-2.9025
53.62	-2.9026
53.62	-2.9024
53.61	-2.9025
53.61	-2.9025
53.60	-2.9026
53.60	-2.9026
53.60	-2.9025
53.60	-2.9025
53.60	-2.9025
53.59	-2.9025
53.59	-2.9025
53.59	-2.9024
53.59	-2.9024
53.58	-2.9024
53.58	-2.9024
53.58	-2.9023
53.57	-2.9024
53.57	-2.9024
53.57	-2.9024
53.57	-2.9023
53.56	-2.9023
53.56	-2.9024
53.56	-2.9025
53.56	-2.9024
53.55	-2.9024
53.55	-2.9023
53.55	-2.9021
53.55	-2.9024
53.55	-2.9023
53.55	-2.9022
53.54	-2.9023
53.54	-2.9022
53.53	-2.9023
53.53	-2.9023
53.52	-2.9023
53.52	-2.9023
53.52	-2.9020
53.52	-2.9022
53.52	-2.9020
53.52	-2.9021
53.51	-2.9020
53.51	-2.9021
53.50	-2.9020
53.51	-2.9021
53.50	-2.9019
53.50	-2.9019
53.50	-2.9020
53.50	-2.9017
53.49	-2.9017
53.49	-2.9017
53.49	-2.9017
53.48	-2.9016
53.48	-2.9016
53.48	-2.9017
53.48	-2.9017
53.47	-2.9016
53.47	-2.9014
53.47	-2.9015
53.47	-2.9014
53.46	-2.9014
53.46	-2.9016
53.46	-2.9014
53.46	-2.9012
53.45	-2.9015
53.45	-2.9015
53.45	-2.9010
53.45	-2.9013
53.44	-2.9011
53.44	-2.9013
53.44	-2.9010
53.44	-2.9011
53.43	-2.9012
53.43	-2.9012
53.43	-2.9009
53.43	-2.9010
53.43	-2.9012
53.42	-2.9009
53.42	-2.9008
53.42	-2.9008
53.41	-2.9008
53.41	-2.9010
53.41	-2.9008
53.41	-2.9009
53.41	-2.9009
53.40	-2.9008
53.40	-2.9007
53.40	-2.9009
53.40	-2.9007
53.39	-2.9007
53.39	-2.9006
53.39	-2.9006
53.39	-2.9007
53.38	-2.9005
53.38	-2.9005
53.38	-2.9005
53.38	-2.9005
53.37	-2.9006
53.37	-2.9005
53.37	-2.9006
53.36	-2.9005
53.36	-2.9005
53.35	-2.9005
53.35	-2.9005
53.35	-2.9005
53.35	-2.9005
53.35	-2.9004
53.35	-2.9004
53.35	-2.9005
53.34	-2.9004
53.34	-2.9002
53.34	-2.9005
53.34	-2.9003
53.34	-2.9005
53.33	-2.9002
53.33	-2.9002
53.33	-2.9003
53.32	-2.9001
53.32	-2.9003
53.32	-2.9003
53.32	-2.9003
53.31	-2.9003
53.31	-2.9002
53.31	-2.9003
53.31	-2.9002
53.31	-2.9001
53.30	-2.9002
53.30	-2.9001
53.30	-2.9001
53.29	-2.9003
53.29	-2.9002
53.29	-2.9003
53.29	-2.9002
53.28	-2.9002
53.28	-2.9001
53.27	-2.9001
53.27	-2.9004
53.27	-2.9005
53.27	-2.9003
53.27	-2.9002
53.27	-2.9002
53.26	-2.9004
53.26	-2.9002
53.26	-2.9003
53.26	-2.9003
53.26	-2.9002
53.26	-2.9003
53.25	-2.9003
53.25	-2.9004
53.25	-2.9003
53.24	-2.9002
53.24	-2.9003
53.24	-2.9003
53.23	-2.9003
53.23	-2.9003
53.23	-2.9001
53.23	-2.9002
53.22	-2.9003
53.22	-2.9005
53.22	-2.9004
53.21	-2.9004
53.21	-2.9002
53.21	-2.9003
53.21	-2.9002
53.21	-2.9005
53.20	-2.9004
53.20	-2.9003
53.20	-2.9001
53.20	-2.9002
53.20	-2.9003
53.19	-2.9003
53.19	-2.9003
53.19	-2.9002
53.19	-2.9003
53.18	-2.9004
53.18	-2.9003
53.18	-2.9004
53.17	-2.9004
53.17	-2.9005
53.17	-2.9004
53.16	-2.9002
53.16	-2.9004
53.16	-2.9003
53.15	-2.9002
53.15	-2.9004
53.15	-2.9004
53.15	-2.9004
53.15	-2.9005
53.15	-2.9004
53.14	-2.9004
53.14	-2.9005
53.14	-2.9004
53.14	-2.9003
53.14	-2.9004
53.13	-2.9004
53.13	-2.9004
53.13	-2.9004
53.12	-2.9002
53.12	-2.9003
53.12	-2.9003
53.11	-2.9002
53.11	-2.9001
53.11	-2.9003
53.11	-2.9001
53.10	-2.9001
53.10	-2.9001
53.09	-2.9000
53.09	-2.9000
53.09	-2.8999
53.09	-2.9001
53.09	-2.8998
53.09	-2.8999
53.08	-2.9001
53.08	-2.8997
53.08	-2.9000
53.07	-2.8998
53.07	-2.8997
53.07	-2.8998
53.07	-2.8996
53.06	-2.8997
53.06	-2.8998
53.06	-2.8998
53.06	-2.8996
53.06	-2.8998
53.05	-2.8996
53.05	-2.8995
53.05	-2.8997
53.05	-2.8996
53.05	-2.8998
53.05	-2.8997
53.05	-2.8998
53.04	-2.8997
53.04	-2.8997
53.03	-2.9000
53.03	-2.8998
53.02	-2.8997
53.02	-2.8997
53.02	-2.8999
53.02	-2.8997
53.01	-2.8999
53.01	-2.8999
53.01	-2.8998
53.01	-2.8998
53.01	-2.8996
53.01	-2.8998
53.00	-2.8998
53.00	-2.8997
53.00	-2.8997
53.00	-2.8997
52.99	-2.8997
52.99	-2.8997
52.99	-2.8997
52.98	-2.8997
52.98	-2.8994
52.98	-2.8997
52.98	-2.8995
52.98	-2.8997
52.98	-2.8994
52.98	-2.8997
52.97	-2.8995
52.97	-2.8995
52.96	-2.8996
52.96	-2.8996
52.96	-2.8996
52.95	-2.8994
52.95	-2.8995
52.95	-2.8994
52.95	-2.8996
52.94	-2.8996
52.94	-2.8994
52.94	-2.8994
52.94	-2.8994
52.94	-2.8993
52.93	-2.8992
52.93	-2.8993
52.93	-2.8993
52.93	-2.8993
52.93	-2.8992
52.92	-2.8992
52.92	-2.8991
52.91	-2.8992
52.91	-2.8991
52.91	-2.8989
52.90	-2.8990
52.90	-2.8990
52.90	-2.8990
52.90	-2.8990
52.90	-2.8988
52.90	-2.8988
52.89	-2.8987
52.89	-2.8987
52.89	-2.8987
52.89	-2.8987
52.88	-2.8988
52.88	-2.8987
52.88	-2.8984
52.88	-2.8987
52.88	-2.8985
52.88	-2.8987
52.87	-2.8987
52.87	-2.8987
52.86	-2.8986
52.86	-2.8986
52.86	-2.8985
52.86	-2.8986
52.85	-2.8985
52.85	-2.8985
52.85	-2.8985
52.84	-2.8984
52.84	-2.8984
52.84	-2.8983
52.83	-2.8985
52.83	-2.8983
52.83	-2.8984
52.83	-2.8983
52.83	-2.8982
52.83	-2.8982
52.83	-2.8981
52.82	-2.8981
52.82	-2.8982
52.82	-2.8982
52.82	-2.8980
52.81	-2.8980
52.81	-2.8979
52.81	-2.8980
52.81	-2.8980
52.81	-2.8981
52.80	-2.8981
52.80	-2.8980
52.80	-2.8979
52.80	-2.8981
52.80	-2.8979
52.79	-2.8980
52.79	-2.8978
52.78	-2.8978
52.78	-2.8976
52.77	-2.8978
52.78	-2.8978
52.77	-2.8977
52.77	-2.8978
52.77	-2.8978
52.77	-2.8978
52.77	-2.8976
52.76	-2.8977
52.76	-2.8977
52.76	-2.8975
52.76	-2.8979
52.76	-2.8975
52.75	-2.8977
52.75	-2.8976
52.75	-2.8974
52.74	-2.8975
52.74	-2.8976
52.74	-2.8977
52.73	-2.8975
52.73	-2.8976
52.73	-2.8975
52.73	-2.8974
52.73	-2.8976
52.73	-2.8975
52.72	-2.8974
52.72	-2.8974
52.72	-2.8974
52.71	-2.8976
52.71	-2.8976
52.71	-2.8974
52.70	-2.8975
52.70	-2.8975
52.70	-2.8973
52.70	-2.8976
52.70	-2.8974
52.69	-2.8975
52.69	-2.8974
52.68	-2.8974
52.68	-2.8973
52.68	-2.8973
52.68	-2.8974
52.68	-2.8973
52.68	-2.8971
52.68	-2.8973
52.68	-2.8975
52.67	-2.8972
52.67	-2.8972
52.66	-2.8970
52.66	-2.8972
52.66	-2.8970
52.66	-2.8971
52.66	-2.8971
52.65	-2.8970
52.65	-2.8971
52.65	-2.8971
52.65	-2.8971
52.64	-2.8968
52.64	-2.8970
52.64	-2.8970
52.63	-2.8968
52.63	-2.8970
52.63	-2.8969
52.63	-2.8968
52.63	-2.8966
52.63	-2.8969
52.62	-2.8968
52.62	-2.8968
52.61	-2.8966
52.61	-2.8968
52.61	-2.8967
52.60	-2.8968
52.60	-2.8966
52.59	-2.8964
52.59	-2.8966
52.59	-2.8967
52.59	-2.8965
52.59	-2.8965
52.59	-2.8965
52.58	-2.8967
52.58	-2.8966
52.58	-2.8964
52.58	-2.8967
52.58	-2.8962
52.58	-2.8963
52.58	-2.8962
52.58	-2.8966
52.57	-2.8965
52.57	-2.8964
52.56	-2.8965
52.56	-2.8963
52.56	-2.8964
52.55	-2.8962
52.55	-2.8964
52.55	-2.8964
52.55	-2.8963
52.54	-2.8965
52.54	-2.8962
52.53	-2.8961
52.53	-2.8961
52.53	-2.8963
52.53	-2.8960
52.52	-2.8960
52.52	-2.8961
52.52	-2.8961
52.52	-2.8960
52.52	-2.8960
52.51	-2.8959
52.51	-2.8959
52.51	-2.8959
52.50	-2.8958
52.50	-2.8956
52.50	-2.8957
52.50	-2.8957
52.50	-2.8958
52.49	-2.8957
52.49	-2.8957
52.49	-2.8957
52.49	-2.8956
52.48	-2.8956
52.48	-2.8955
52.48	-2.8958
52.48	-2.8955
52.48	-2.8954
52.48	-2.8955
52.47	-2.8956
52.47	-2.8956
52.47	-2.8956
52.46	-2.8955
52.46	-2.8954
52.46	-2.8953
52.45	-2.8955
52.45	-2.8953
52.45	-2.8952
52.45	-2.8953
52.45	-2.8952
52.44	-2.8953
52.44	-2.8954
52.44	-2.8952
52.44	-2.8950
52.43	-2.8952
52.43	-2.8951
52.43	-2.8952
52.42	-2.8951
52.42	-2.8950
52.42	-2.8950
52.42	-2.8949
52.42	-2.8949
52.41	-2.8951
52.41	-2.8950
52.40	-2.8949
52.40	-2.8948
52.40	-2.8949
52.40	-2.8949
52.40	-2.8948
52.40	-2.8949
52.40	-2.8948
52.39	-2.8948
52.39	-2.8948
52.39	-2.8947
52.38	-2.8947
52.38	-2.8947
52.38	-2.8945
52.38	-2.8948
52.38	-2.8946
52.37	-2.8948
52.37	-2.8948
52.37	-2.8947
52.36	-2.8950
52.36	-2.8946
52.36	-2.8947
52.35	-2.8949
52.35	-2.8946
52.35	-2.8948
52.34	-2.8946
52.34	-2.8946
52.34	-2.8946
52.34	-2.8946
52.34	-2.8947
52.34	-2.8946
52.34	-2.8947
52.33	-2.8947
52.33	-2.8946
52.33	-2.8946
52.33	-2.8945
52.32	-2.8943
52.32	-2.8944
52.32	-2.8944
52.31	-2.8945
52.31	-2.8942
52.31	-2.8943
52.31	-2.8942
52.31	-2.8940
52.30	-2.8942
52.30	-2.8943
52.29	-2.8940
52.29	-2.8943
52.28	-2.8941
52.28	-2.8942
52.28	-2.8941
52.28	-2.8939
52.28	-2.8940
52.27	-2.8940
52.27	-2.8940
52.27	-2.8941
52.27	-2.8940
52.27	-2.8940
52.26	-2.8939
52.26	-2.8940
52.25	-2.8939
52.25	-2.8938
52.25	-2.8938
52.25	-2.8938
52.25	-2.8940
52.25	-2.8940
52.24	-2.8938
52.24	-2.8938
52.24	-2.8936
52.24	-2.8938
52.23	-2.8935
52.23	-2.8936
52.23	-2.8935
52.23	-2.8936
52.23	-2.8935
52.22	-2.8936
52.22	-2.8936
52.22	-2.8935
52.22	-2.8934
52.21	-2.8934
52.21	-2.8934
52.21	-2.8935
52.21	-2.8935
52.20	-2.8934
52.20	-2.8933
52.20	-2.8934
52.20	-2.8934
52.20	-2.8935
52.19	-2.8934
52.19	-2.8934
52.19	-2.8935
52.18	-2.8933
52.18	-2.8933
52.18	-2.8934
52.18	-2.8934
52.18	-2.8933
52.17	-2.8932
52.17	-2.8933
52.17	-2.8932
52.17	-2.8932
52.17	-2.8930
52.16	-2.8932
52.16	-2.8931
52.15	-2.8932
52.15	-2.8929
52.15	-2.8930
52.15	-2.8931
52.14	-2.8931
52.14	-2.8930
52.14	-2.8929
52.13	-2.8930
52.13	-2.8927
52.13	-2.8928
52.13	-2.8927
52.12	-2.8928
52.12	-2.8927
52.12	-2.8928
52.12	-2.8929
52.11	-2.8928
52.11	-2.8927
52.11	-2.8927
52.10	-2.8926
52.10	-2.8927
52.10	-2.8927
52.10	-2.8928
52.10	-2.8927
52.10	-2.8927
52.10	-2.8927
52.09	-2.8928
52.09	-2.8928
52.09	-2.8927
52.08	-2.8927
52.08	-2.8925
52.08	-2.8925
52.07	-2.8925
52.07	-2.8924
52.07	-2.8926
52.07	-2.8925
52.07	-2.8925
52.06	-2.8922
52.06	-2.8924
52.06	-2.8924
52.05	-2.8923
52.05	-2.8922
52.05	-2.8925
52.05	-2.8922
52.04	-2.8923
52.04	-2.8924
52.04	-2.8921
52.04	-2.8922
52.03	-2.8922
52.03	-2.8921
52.03	-2.8919
52.02	-2.8922
52.02	-2.8919
52.02	-2.8918
52.02	-2.8920
52.02	-2.8920
52.02	-2.8919
52.02	-2.8919
52.01	-2.8917
52.01	-2.8919
52.00	-2.8919
52.00	-2.8919
52.00	-2.8916
52.00	-2.8918
52.00	-2.8918
51.99	-2.8918
51.99	-2.8918
51.99	-2.8917
51.98	-2.8918
51.98	-2.8917
51.98	-2.8917
51.98	-2.8918
51.98	-2.8917
51.97	-2.8917
51.97	-2.8917
51.97	-2.8918
51.97	-2.8917
51.97	-2.8914
51.97	-2.8917
51.96	-2.8915
51.95	-2.8916
51.95	-2.8916
51.95	-2.8916
51.94	-2.8915
51.94	-2.8914
51.94	-2.8915
51.94	-2.8914
51.94	-2.8914
51.93	-2.8912
51.93	-2.8913
51.93	-2.8912
51.93	-2.8913
51.93	-2.8912
51.93	-2.8912
51.93	-2.8911
51.93	-2.8911
51.93	-2.8910
51.92	-2.8910
51.91	-2.8911
51.91	-2.8910
51.91	-2.8909
51.91	-2.8909
51.90	-2.8910
51.90	-2.8909
51.90	-2.8909
51.90	-2.8909
51.90	-2.8908
51.90	-2.8905
51.89	-2.8907
51.88	-2.8906
51.88	-2.8906
51.88	-2.8906
51.88	-2.8905
51.88	-2.8904
51.88	-2.8905
51.87	-2.8903
51.87	-2.8905
51.86	-2.8903
51.86	-2.8904
51.86	-2.8904
51.86	-2.8904
51.86	-2.8904
51.85	-2.8903
51.85	-2.8903
51.85	-2.8905
51.84	-2.8904
51.84	-2.8903
51.84	-2.8903
51.84	-2.8904
51.83	-2.8905
51.83	-2.8905
51.83	-2.8906
51.83	-2.8904
51.83	-2.8905
51.83	-2.8905
51.83	-2.8905
51.82	-2.8906
51.82	-2.8906
51.82	-2.8905
51.81	-2.8907
51.81	-2.8905
51.80	-2.8905
51.80	-2.8903
51.80	-2.8904
51.80	-2.8904
51.80	-2.8905
51.80	-2.8904
51.80	-2.8904
51.79	-2.8904
51.79	-2.8904
51.79	-2.8904
51.78	-2.8906
51.78	-2.8905
51.77	-2.8904
51.77	-2.8905
51.77	-2.8903
51.77	-2.8904
51.77	-2.8903
51.77	-2.8903
51.76	-2.8902
51.76	-2.8902
51.76	-2.8904
51.75	-2.8904
51.75	-2.8904
51.75	-2.8904
51.75	-2.8903
51.75	-2.8904
51.74	-2.8903
51.74	-2.8902
51.74	-2.8901
51.74	-2.8903
51.74	-2.8903
51.73	-2.8902
51.73	-2.8902
51.73	-2.8902
51.73	-2.8901
51.73	-2.8900
51.72	-2.8902
51.72	-2.8900
51.71	-2.8901
51.71	-2.8900
51.71	-2.8901
51.70	-2.8898
51.70	-2.8898
51.70	-2.8898
51.69	-2.8897
51.69	-2.8898
51.69	-2.8898
51.69	-2.8899
51.68	-2.8897
51.68	-2.8898
51.68	-2.8897
51.68	-2.8895
51.68	-2.8897
51.68	-2.8896
51.68	-2.8896
51.68	-2.8896
51.67	-2.8894
51.67	-2.8893
51.66	-2.8895
51.66	-2.8895
51.65	-2.8892
51.65	-2.8893
51.65	-2.8893
51.65	-2.8894
51.65	-2.8894
51.65	-2.8894
51.64	-2.8892
51.64	-2.8893
51.64	-2.8891
51.63	-2.8891
51.63	-2.8893
51.63	-2.8891
51.63	-2.8891
51.63	-2.8891
51.63	-2.8890
51.62	-2.8890
51.62	-2.8891
51.62	-2.8890
51.61	-2.8891
51.60	-2.8890
51.60	-2.8889
51.60	-2.8890
51.60	-2.8889
51.59	-2.8891
51.59	-2.8890
51.59	-2.8891
51.59	-2.8888
51.59	-2.8887
51.58	-2.8888
51.58	-2.8888
51.58	-2.8887
51.58	-2.8888
51.58	-2.8888
51.58	-2.8887
51.58	-2.8887
51.57	-2.8886
51.57	-2.8887
51.57	-2.8885
51.57	-2.8887
51.57	-2.8884
51.56	-2.8885
51.56	-2.8884
51.55	-2.8886
51.55	-2.8883
51.55	-2.8886
51.55	-2.8884
51.54	-2.8884
51.54	-2.8886
51.53	-2.8883
51.53	-2.8884
51.53	-2.8883
51.53	-2.8884
51.52	-2.8884
51.52	-2.8882
51.52	-2.8883
51.52	-2.8884
51.51	-2.8886
51.51	-2.8884
51.51	-2.8885
51.51	-2.8885
51.51	-2.8884
51.51	-2.8885
51.50	-2.8885
51.51	-2.8885
51.50	-2.8884
51.50	-2.8884
51.50	-2.8885
51.49	-2.8885
51.49	-2.8885
51.49	-2.8884
51.49	-2.8882
51.48	-2.8882
51.48	-2.8884
51.48	-2.8881
51.47	-2.8883
51.47	-2.8882
51.46	-2.8882
51.46	-2.8883
51.45	-2.8883
51.45	-2.8882
51.45	-2.8885
51.45	-2.8883
51.45	-2.8883
51.45	-2.8882
51.45	-2.8882
51.45	-2.8881
51.44	-2.8880
51.44	-2.8882
51.44	-2.8882
51.44	-2.8882
51.44	-2.8881
51.43	-2.8882
51.43	-2.8881
51.43	-2.8880
51.43	-2.8880
51.43	-2.8881
51.42	-2.8880
51.42	-2.8880
51.42	-2.8879
51.41	-2.8880
51.41	-2.8880
51.41	-2.8879
51.40	-2.8879
51.40	-2.8880
51.39	-2.8879
51.39	-2.8880
51.39	-2.8881
51.39	-2.8880
51.39	-2.8881
51.38	-2.8881
51.38	-2.8881
51.38	-2.8880
51.38	-2.8879
51.38	-2.8877
51.38	-2.8879
51.37	-2.8877
51.37	-2.8878
51.37	-2.8878
51.36	-2.8877
51.36	-2.8879
51.36	-2.8878
51.35	-2.8879
51.35	-2.8876
51.35	-2.8879
51.34	-2.8877
51.34	-2.8878
51.34	-2.8879
51.34	-2.8878
51.33	-2.8877
51.33	-2.8876
51.33	-2.8876
51.33	-2.8878
51.33	-2.8876
51.33	-2.8877
51.32	-2.8876
51.32	-2.8877
51.32	-2.8876
51.31	-2.8875
51.31	-2.8875
51.31	-2.8876
51.31	-2.8876
51.30	-2.8876
51.30	-2.8876
51.30	-2.8877
51.30	-2.8877
51.30	-2.8876
51.29	-2.8876
51.29	-2.8875
51.29	-2.8875
51.29	-2.8876
51.28	-2.8877
51.28	-2.8874
51.27	-2.8876
51.27	-2.8876
51.27	-2.8877
51.27	-2.8876
51.27	-2.8876
51.27	-2.8875
51.26	-2.8875
51.26	-2.8876
51.25	-2.8875
51.25	-2.8875
51.25	-2.8873
51.25	-2.8876
51.24	-2.8875
51.24	-2.8875
51.24	-2.8875
51.24	-2.8876
51.23	-2.8874
51.23	-2.8877
51.23	-2.8874
51.23	-2.8873
51.23	-2.8873
51.23	-2.8874
51.23	-2.8873
51.22	-2.8875
51.22	-2.8873
51.22	-2.8874
51.21	-2.8874
51.21	-2.8873
51.20	-2.8875
51.20	-2.8872
51.20	-2.8876
51.20	-2.8875
51.20	-2.8874
51.19	-2.8874
51.19	-2.8873
51.19	-2.8873
51.19	-2.8873
51.18	-2.8873
51.18	-2.8873
51.18	-2.8873
51.17	-2.8873
51.17	-2.8872
51.17	-2.8872
51.17	-2.8872
51.16	-2.8870
51.16	-2.8873
51.16	-2.8871
51.16	-2.8872
51.16	-2.8871
51.15	-2.8873
51.15	-2.8869
51.15	-2.8871
51.15	-2.8870
51.15	-2.8871
51.15	-2.8871
51.15	-2.8869
51.14	-2.8870
51.14	-2.8869
51.14	-2.8868
51.13	-2.8869
51.13	-2.8869
51.13	-2.8867
51.13	-2.8867
51.12	-2.8867
51.12	-2.8867
51.11	-2.8866
51.11	-2.8866
51.11	-2.8867
51.10	-2.8868
51.10	-2.8864
51.10	-2.8867
51.10	-2.8867
51.09	-2.8866
51.09	-2.8865
51.09	-2.8865
51.09	-2.8865
51.09	-2.8867
51.09	-2.8867
51.08	-2.8867
51.08	-2.8865
51.08	-2.8864
51.08	-2.8865
51.07	-2.8864
51.07	-2.8867
51.07	-2.8865
51.07	-2.8865
51.06	-2.8864
51.06	-2.8863
51.05	-2.8864
51.05	-2.8864
51.05	-2.8861
51.05	-2.8860
51.05	-2.8862
51.05	-2.8864
51.05	-2.8864
51.04	-2.8862
51.04	-2.8860
51.04	-2.8861
51.04	-2.8859
51.03	-2.8859
51.03	-2.8860
51.02	-2.8859
51.02	-2.8860
51.02	-2.8858
51.02	-2.8858
51.02	-2.8859
51.02	-2.8857
51.02	-2.8858
51.01	-2.8857
51.01	-2.8857
51.01	-2.8855
51.01	-2.8857
51.00	-2.8856
51.00	-2.8855
51.00	-2.8856
51.00	-2.8855
50.99	-2.8855
50.99	-2.8855
50.99	-2.8855
50.98	-2.8856
50.98	-2.8856
50.98	-2.8854
50.98	-2.8854
50.97	-2.8854
50.97	-2.8854
50.97	-2.8855
50.97	-2.8854
50.97	-2.8854
50.96	-2.8854
50.96	-2.8854
50.95	-2.8853
50.95	-2.8851
50.95	-2.8852
50.95	-2.8853
50.95	-2.8851
50.95	-2.8852
50.94	-2.8853
50.94	-2.8852
50.94	-2.8853
50.93	-2.8852
50.93	-2.8854
50.93	-2.8854
50.93	-2.8851
50.93	-2.8852
50.93	-2.8852
50.92	-2.8852
50.92	-2.8851
50.91	-2.8852
50.91	-2.8853
50.91	-2.8853
50.90	-2.8850
50.90	-2.8852
50.90	-2.8851
50.90	-2.8849
50.90	-2.8849
50.89	-2.8850
50.89	-2.8849
50.89	-2.8850
50.88	-2.8848
50.88	-2.8849
50.88	-2.8850
50.88	-2.8849
50.88	-2.8848
50.88	-2.8848
50.88	-2.8848
50.88	-2.8849
50.87	-2.8847
50.88	-2.8846
50.87	-2.8845
50.87	-2.8846
50.86	-2.8845
50.86	-2.8845
50.85	-2.8846
50.85	-2.8846
50.84	-2.8846
50.84	-2.8844
50.84	-2.8846
50.84	-2.8845
50.83	-2.8843
50.83	-2.8844
50.83	-2.8842
50.83	-2.8842
50.83	-2.8844
50.83	-2.8841
50.82	-2.8842
50.82	-2.8841
50.82	-2.8840
50.81	-2.8841
50.81	-2.8841
50.81	-2.8840
50.81	-2.8841
50.81	-2.8839
50.80	-2.8840
50.80	-2.8840
50.80	-2.8839
50.79	-2.8838
50.79	-2.8838
50.78	-2.8838
50.78	-2.8838
50.78	-2.8839
50.78	-2.8838
50.78	-2.8839
50.77	-2.8838
50.77	-2.8838
50.77	-2.8838
50.77	-2.8837
50.77	-2.8839
50.76	-2.8838
50.76	-2.8838
50.75	-2.8836
50.75	-2.8837
50.75	-2.8838
50.75	-2.8839
50.75	-2.8835
50.75	-2.8836
50.75	-2.8836
50.74	-2.8835
50.74	-2.8836
50.74	-2.8836
50.74	-2.8837
50.73	-2.8836
50.73	-2.8836
50.73	-2.8835
50.73	-2.8835
50.72	-2.8834
50.72	-2.8836
50.72	-2.8834
50.72	-2.8836
50.71	-2.8835
50.71	-2.8833
50.70	-2.8835
50.70	-2.8833
50.70	-2.8834
50.70	-2.8832
50.70	-2.8833
50.70	-2.8832
50.69	-2.8833
50.69	-2.8832
50.69	-2.8831
50.68	-2.8831
50.68	-2.8832
50.68	-2.8831
50.68	-2.8832
50.67	-2.8831
50.67	-2.8832
50.67	-2.8830
50.67	-2.8832
50.67	-2.8830
50.66	-2.8830
50.66	-2.8831
50.65	-2.8831
50.65	-2.8831
50.65	-2.8829
50.64	-2.8832
50.64	-2.8831
50.64	-2.8830
50.64	-2.8829
50.64	-2.8829
50.64	-2.8829
50.63	-2.8829
50.63	-2.8829
50.63	-2.8829
50.63	-2.8830
50.63	-2.8827
50.62	-2.8828
50.62	-2.8828
50.62	-2.8828
50.61	-2.8829
50.61	-2.8827
50.61	-2.8824
50.61	-2.8825
50.61	-2.8827
50.60	-2.8826
50.60	-2.8825
50.60	-2.8824
50.59	-2.8825
50.59	-2.8824
50.59	-2.8825
50.59	-2.8823
50.59	-2.8824
50.58	-2.8824
50.58	-2.8823
50.58	-2.8826
50.57	-2.8822
50.57	-2.8823
50.57	-2.8822
50.57	-2.8822
50.57	-2.8821
50.56	-2.8821
50.56	-2.8821
50.55	-2.8821
50.55	-2.8822
50.55	-2.8821
50.55	-2.8821
50.55	-2.8821
50.55	-2.8820
50.54	-2.8820
50.54	-2.8820
50.54	-2.8821
50.54	-2.8821
50.54	-2.8820
50.53	-2.8820
50.53	-2.8820
50.53	-2.8819
50.52	-2.8817
50.52	-2.8817
50.52	-2.8819
50.52	-2.8817
50.52	-2.8816
50.51	-2.8817
50.51	-2.8818
50.50	-2.8818
50.50	-2.8817
50.50	-2.8817
50.50	-2.8818
50.50	-2.8818
50.49	-2.8818
50.49	-2.8818
50.49	-2.8817
50.49	-2.8818
50.49	-2.8818
50.48	-2.8817
50.48	-2.8818
50.48	-2.8817
50.48	-2.8818
50.48	-2.8817
50.47	-2.8817
50.47	-2.8818
50.47	-2.8817
50.47	-2.8816
50.46	-2.8815
50.46	-2.8816
50.45	-2.8816
50.45	-2.8816
50.45	-2.8813
50.44	-2.8817
50.44	-2.8816
50.43	-2.8814
50.43	-2.8815
50.43	-2.8814
50.43	-2.8813
50.43	-2.8814
50.43	-2.8811
50.42	-2.8811
50.42	-2.8811
50.42	-2.8813
50.42	-2.8811
50.41	-2.8811
50.41	-2.8811
50.41	-2.8810
50.40	-2.8811
50.40	-2.8811
50.40	-2.8810
50.40	-2.8809
50.40	-2.8810
50.40	-2.8810
50.39	-2.8810
50.39	-2.8810
50.39	-2.8810
50.38	-2.8807
50.38	-2.8808
50.38	-2.8809
50.38	-2.8809
50.38	-2.8807
50.38	-2.8808
50.37	-2.8808
50.37	-2.8807
50.37	-2.8809
50.37	-2.8807
50.36	-2.8807
50.36	-2.8809
50.36	-2.8805
50.35	-2.8808
50.35	-2.8806
50.35	-2.8806
50.34	-2.8805
50.34	-2.8806
50.34	-2.8806
50.34	-2.8804
50.34	-2.8804
50.33	-2.8805
50.33	-2.8803
50.33	-2.8805
50.33	-2.8804
50.32	-2.8802
50.32	-2.8803
50.32	-2.8802
50.32	-2.8802
50.32	-2.8800
50.31	-2.8801
50.31	-2.8801
50.30	-2.8799
50.30	-2.8800
50.30	-2.8799
50.30	-2.8799
50.29	-2.8799
50.29	-2.8798
50.29	-2.8798
50.29	-2.8798
50.29	-2.8800
50.28	-2.8799
50.28	-2.8798
50.27	-2.8798
50.27	-2.8799
50.27	-2.8797
50.27	-2.8797
50.27	-2.8796
50.27	-2.8796
50.26	-2.8794
50.26	-2.8797
50.26	-2.8797
50.25	-2.8797
50.25	-2.8795
50.25	-2.8793
50.25	-2.8797
50.25	-2.8793
50.24	-2.8795
50.24	-2.8794
50.24	-2.8793
50.24	-2.8794
50.24	-2.8793
50.23	-2.8792
50.23	-2.8794
50.23	-2.8795
50.23	-2.8793
50.23	-2.8793
50.22	-2.8793
50.22	-2.8794
50.21	-2.8792
50.21	-2.8793
50.20	-2.8792
50.20	-2.8794
50.20	-2.8791
50.20	-2.8792
50.20	-2.8791
50.20	-2.8793
50.20	-2.8792
50.19	-2.8792
50.19	-2.8792
50.18	-2.8791
50.18	-2.8791
50.18	-2.8791
50.18	-2.8789
50.18	-2.8788
50.18	-2.8791
50.18	-2.8790
50.17	-2.8788
50.17	-2.8793
50.16	-2.8791
50.16	-2.8789
50.15	-2.8789
50.15	-2.8790
50.15	-2.8788
50.15	-2.8790
50.15	-2.8787
50.15	-2.8787
50.14	-2.8786
50.14	-2.8786
50.14	-2.8786
50.14	-2.8786
50.13	-2.8785
50.13	-2.8786
50.13	-2.8785
50.13	-2.8786
50.13	-2.8786
50.13	-2.8785
50.13	-2.8785
50.12	-2.8783
50.12	-2.8784
50.12	-2.8783
50.11	-2.8784
50.11	-2.8783
50.11	-2.8781
50.10	-2.8783
50.10	-2.8782
50.10	-2.8782
50.10	-2.8782
50.09	-2.8781
50.09	-2.8781
50.09	-2.8779
50.09	-2.8780
50.09	-2.8780
50.08	-2.8780
50.08	-2.8778
50.08	-2.8782
50.08	-2.8781
50.08	-2.8781
50.07	-2.8781
50.07	-2.8781
50.07	-2.8782
50.06	-2.8782
50.06	-2.8781
50.06	-2.8781
50.05	-2.8781
50.05	-2.8780
50.05	-2.8780
50.05	-2.8781
50.05	-2.8782
50.04	-2.8782
50.03	-2.8781
50.03	-2.8782
50.03	-2.8782
50.03	-2.8784
50.02	-2.8782
50.02	-2.8783
50.02	-2.8783
50.02	-2.8783
50.02	-2.8783
50.02	-2.8782
50.01	-2.8783
50.01	-2.8782
50.01	-2.8783
50.00	-2.8785
50.00	-2.8785
50.00	-2.8785
50.00	-2.8783
50.00	-2.8785
50.00	-2.8783
49.99	-2.8782
49.99	-2.8782
49.99	-2.8782
49.99	-2.8783
49.98	-2.8784
49.98	-2.8781
49.98	-2.8781
49.98	-2.8781
49.98	-2.8782
49.97	-2.8781
49.97	-2.8781
49.97	-2.8781
49.96	-2.8781
49.96	-2.8781
49.96	-2.8780
49.95	-2.8780
49.95	-2.8777
49.95	-2.8778
49.95	-2.8778
49.94	-2.8777
49.94	-2.8778
49.94	-2.8777
49.94	-2.8777
49.93	-2.8777
49.93	-2.8777
49.93	-2.8775
49.93	-2.8777
49.93	-2.8776
49.93	-2.8775
49.92	-2.8775
49.92	-2.8774
49.92	-2.8775
49.92	-2.8775
49.92	-2.8772
49.91	-2.8772
49.91	-2.8771
49.90	-2.8771
49.90	-2.8772
49.89	-2.8769
49.89	-2.8772
49.89	-2.8770
49.89	-2.8770
49.88	-2.8771
49.88	-2.8769
49.88	-2.8770
49.88	-2.8770
49.88	-2.8771
49.87	-2.8769
49.87	-2.8769
49.87	-2.8767
49.87	-2.8767
49.86	-2.8768
49.86	-2.8768
49.86	-2.8768
49.86	-2.8769
49.86	-2.8767
49.85	-2.8767
49.85	-2.8765
49.85	-2.8766
49.84	-2.8764
49.84	-2.8765
49.84	-2.8765
49.84	-2.8766
49.83	-2.8766
49.83	-2.8767
49.83	-2.8764
49.82	-2.8763
49.82	-2.8765
49.82	-2.8763
49.82	-2.8764
49.81	-2.8763
49.81	-2.8763
49.81	-2.8762
49.81	-2.8762
49.81	-2.8761
49.80	-2.8763
49.80	-2.8760
49.80	-2.8762
49.80	-2.8761
49.80	-2.8761
49.79	-2.8762
49.79	-2.8760
49.78	-2.8762
49.78	-2.8761
49.78	-2.8762
49.78	-2.8761
49.78	-2.8761
49.78	-2.8760
49.77	-2.8759
49.77	-2.8761
49.76	-2.8761
49.76	-2.8762
49.76	-2.8761
49.75	-2.8761
49.75	-2.8761
49.75	-2.8760
49.75	-2.8760
49.75	-2.8760
49.75	-2.8760
49.75	-2.8759
49.74	-2.8760
49.74	-2.8759
49.74	-2.8761
49.74	-2.8760
49.73	-2.8759
49.73	-2.8760
49.73	-2.8761
49.73	-2.8761
49.72	-2.8759
49.72	-2.8761
49.72	-2.8761
49.71	-2.8761
49.71	-2.8761
49.70	-2.8763
49.70	-2.8761
49.70	-2.8761
49.70	-2.8762
49.69	-2.8760
49.69	-2.8761
49.69	-2.8761
49.69	-2.8762
49.69	-2.8761
49.68	-2.8762
49.68	-2.8762
49.68	-2.8761
49.68	-2.8761
49.68	-2.8761
49.68	-2.8761
49.67	-2.8761
49.67	-2.8761
49.67	-2.8760
49.66	-2.8760
49.66	-2.8760
49.66	-2.8761
49.66	-2.8760
49.65	-2.8758
49.65	-2.8758
49.65	-2.8761
49.65	-2.8759
49.64	-2.8759
49.64	-2.8759
49.63	-2.8760
49.63	-2.8759
49.63	-2.8760
49.63	-2.8759
49.63	-2.8758
49.63	-2.8760
49.63	-2.8759
49.62	-2.8758
49.62	-2.8759
49.62	-2.8756
49.62	-2.8757
49.61	-2.8756
49.61	-2.8759
49.60	-2.8757
49.60	-2.8758
49.60	-2.8758
49.59	-2.8757
49.59	-2.8758
49.59	-2.8758
49.59	-2.8755
49.59	-2.8757
49.59	-2.8755
49.59	-2.8755
49.58	-2.8756
49.58	-2.8756
49.58	-2.8755
49.57	-2.8756
49.57	-2.8755
49.57	-2.8754
49.57	-2.8754
49.57	-2.8755
49.56	-2.8755
49.56	-2.8754
49.55	-2.8754
49.55	-2.8755
49.55	-2.8754
49.54	-2.8755
49.54	-2.8755
49.54	-2.8754
49.54	-2.8755
49.53	-2.8754
49.53	-2.8753
49.53	-2.8755
49.53	-2.8756
49.53	-2.8755
49.52	-2.8755
49.52	-2.8756
49.52	-2.8757
49.52	-2.8754
49.51	-2.8755
49.51	-2.8755
49.51	-2.8754
49.51	-2.8755
49.51	-2.8754
49.50	-2.8755
49.50	-2.8755
49.50	-2.8755
49.50	-2.8755
49.50	-2.8755
49.50	-2.8754
49.50	-2.8756
49.49	-2.8756
49.49	-2.8754
49.48	-2.8754
49.48	-2.8752
49.47	-2.8752
49.47	-2.8753
49.47	-2.8753
49.47	-2.8753
49.47	-2.8752
49.46	-2.8752
49.46	-2.8752
49.46	-2.8752
49.45	-2.8754
49.45	-2.8752
49.45	-2.8753
49.45	-2.8751
49.45	-2.8752
49.44	-2.8754
49.44	-2.8751
49.43	-2.8753
49.43	-2.8754
49.43	-2.8752
49.43	-2.8753
49.43	-2.8755
49.42	-2.8754
49.42	-2.8753
49.42	-2.8753
49.42	-2.8752
49.41	-2.8755
49.41	-2.8752
49.41	-2.8753
49.41	-2.8752
49.41	-2.8751
49.40	-2.8752
49.40	-2.8751
49.40	-2.8751
49.39	-2.8751
49.39	-2.8752
49.39	-2.8749
49.39	-2.8752
49.39	-2.8750
49.39	-2.8749
49.38	-2.8749
49.38	-2.8748
49.38	-2.8751
49.38	-2.8748
49.38	-2.8749
49.37	-2.8748
49.36	-2.8748
49.36	-2.8747
49.36	-2.8748
49.36	-2.8747
49.35	-2.8746
49.35	-2.8746
49.35	-2.8745
49.34	-2.8747
49.34	-2.8746
49.34	-2.8745
49.34	-2.8747
49.34	-2.8746
49.33	-2.8745
49.33	-2.8744
49.33	-2.8744
49.33	-2.8743
49.33	-2.8745
49.32	-2.8743
49.32	-2.8742
49.32	-2.8742
49.32	-2.8742
49.31	-2.8742
49.31	-2.8742
49.30	-2.8741
49.30	-2.8743
49.30	-2.8740
49.30	-2.8742
49.30	-2.8741
49.30	-2.8742
49.30	-2.8743
49.29	-2.8743
49.29	-2.8740
49.28	-2.8742
49.27	-2.8740
49.27	-2.8742
49.27	-2.8740
49.27	-2.8741
49.27	-2.8742
49.27	-2.8742
49.27	-2.8742
49.26	-2.8742
49.26	-2.8740
49.26	-2.8739
49.26	-2.8742
49.26	-2.8742
49.25	-2.8741
49.25	-2.8741
49.25	-2.8741
49.25	-2.8740
49.25	-2.8740
49.25	-2.8740
49.24	-2.8738
49.24	-2.8739
49.24	-2.8739
49.23	-2.8739
49.23	-2.8738
49.23	-2.8737
49.23	-2.8737
49.23	-2.8737
49.23	-2.8737
49.23	-2.8737
49.23	-2.8735
49.23	-2.8737
49.22	-2.8735
49.21	-2.8735
49.21	-2.8735
49.21	-2.8735
49.20	-2.8735
49.20	-2.8735
49.20	-2.8735
49.20	-2.8735
49.19	-2.8735
49.19	-2.8734
49.19	-2.8735
49.18	-2.8733
49.18	-2.8734
49.18	-2.8733
49.18	-2.8733
49.18	-2.8732
49.17	-2.8733
49.17	-2.8732
49.17	-2.8734
49.17	-2.8732
49.17	-2.8732
49.16	-2.8733
49.16	-2.8731
49.16	-2.8731
49.15	-2.8732
49.15	-2.8730
49.15	-2.8732
49.14	-2.8730
49.14	-2.8730
49.14	-2.8731
49.14	-2.8730
49.13	-2.8730
49.13	-2.8729
49.13	-2.8728
49.13	-2.8728
49.13	-2.8728
49.12	-2.8728
49.12	-2.8727
49.12	-2.8724
49.11	-2.8726
49.11	-2.8725
49.11	-2.8727
49.11	-2.8724
49.10	-2.8724
49.10	-2.8727
49.10	-2.8726
49.10	-2.8724
49.10	-2.8724
49.09	-2.8724
49.09	-2.8724
49.09	-2.8725
49.09	-2.8724
49.08	-2.8723
49.08	-2.8723
49.08	-2.8724
49.08	-2.8723
49.07	-2.8721
49.07	-2.8724
49.07	-2.8723
49.07	-2.8720
49.06	-2.8722
49.06	-2.8720
49.05	-2.8719
49.05	-2.8719
49.05	-2.8720
49.05	-2.8720
49.05	-2.8719
49.05	-2.8719
49.04	-2.8720
49.04	-2.8717
49.04	-2.8720
49.04	-2.8719
49.04	-2.8719
49.03	-2.8719
49.03	-2.8718
49.02	-2.8718
49.02	-2.8717
49.02	-2.8717
49.02	-2.8717
49.02	-2.8716
49.01	-2.8717
49.01	-2.8718
49.01	-2.8716
49.01	-2.8717
49.00	-2.8716
49.00	-2.8715
49.00	-2.8715
49.00	-2.8716
48.99	-2.8715
48.99	-2.8715
48.98	-2.8715
48.98	-2.8714
48.98	-2.8713
48.98	-2.8714
48.98	-2.8712
48.97	-2.8715
48.97	-2.8712
48.97	-2.8713
48.97	-2.8713
48.97	-2.8711
48.96	-2.8712
48.96	-2.8712
48.95	-2.8711
48.95	-2.8711
48.95	-2.8711
48.95	-2.8710
48.95	-2.8711
48.94	-2.8710
48.94	-2.8710
48.94	-2.8709
48.94	-2.8710
48.93	-2.8710
48.93	-2.8711
48.93	-2.8710
48.93	-2.8710
48.93	-2.8709
48.93	-2.8709
48.93	-2.8707
48.92	-2.8707
48.92	-2.8708
48.91	-2.8709
48.91	-2.8708
48.91	-2.8707
48.91	-2.8708
48.91	-2.8708
48.90	-2.8710
48.90	-2.8707
48.90	-2.8707
48.89	-2.8707
48.89	-2.8708
48.89	-2.8707
48.89	-2.8706
48.89	-2.8707
48.88	-2.8706
48.88	-2.8707
48.88	-2.8707
48.87	-2.8706
48.87	-2.8703
48.87	-2.8706
48.86	-2.8704
48.86	-2.8704
48.86	-2.8704
48.86	-2.8703
48.86	-2.8703
48.85	-2.8704
48.85	-2.8703
48.84	-2.8704
48.84	-2.8703
48.84	-2.8703
48.84	-2.8703
48.84	-2.8702
48.84	-2.8701
48.84	-2.8703
48.83	-2.8703
48.83	-2.8700
48.83	-2.8701
48.83	-2.8702
48.83	-2.8699
48.82	-2.8700
48.82	-2.8699
48.82	-2.8701
48.81	-2.8699
48.81	-2.8700
48.81	-2.8699
48.81	-2.8697
48.80	-2.8700
48.80	-2.8698
48.80	-2.8696
48.80	-2.8698
48.80	-2.8697
48.79	-2.8698
48.79	-2.8699
48.78	-2.8697
48.78	-2.8696
48.78	-2.8697
48.77	-2.8697
48.77	-2.8698
48.77	-2.8697
48.77	-2.8696
48.77	-2.8694
48.77	-2.8693
48.76	-2.8694
48.76	-2.8694
48.75	-2.8695
48.75	-2.8694
48.75	-2.8694
48.75	-2.8694
48.75	-2.8694
48.74	-2.8694
48.74	-2.8695
48.74	-2.8695
48.73	-2.8692
48.73	-2.8695
48.73	-2.8693
48.72	-2.8694
48.72	-2.8693
48.72	-2.8691
48.71	-2.8692
48.72	-2.8691
48.72	-2.8691
48.71	-2.8693
48.71	-2.8692
48.71	-2.8692
48.70	-2.8692
48.70	-2.8690
48.70	-2.8691
48.70	-2.8690
48.70	-2.8691
48.70	-2.8691
48.69	-2.8692
48.69	-2.8689
48.69	-2.8691
48.68	-2.8691
48.68	-2.8689
48.68	-2.8691
48.68	-2.8690
48.68	-2.8689
48.67	-2.8690
48.67	-2.8689
48.67	-2.8688
48.66	-2.8690
48.66	-2.8688
48.66	-2.8690
48.65	-2.8687
48.65	-2.8687
48.65	-2.8687
48.65	-2.8687
48.65	-2.8689
48.64	-2.8687
48.64	-2.8686
48.64	-2.8687
48.63	-2.8686
48.63	-2.8686
48.63	-2.8686
48.63	-2.8686
48.63	-2.8688
48.63	-2.8687
48.62	-2.8686
48.61	-2.8686
48.61	-2.8684
48.61	-2.8687
48.61	-2.8684
48.60	-2.8685
48.60	-2.8685
48.60	-2.8683
48.59	-2.8683
48.59	-2.8684
48.59	-2.8683
48.59	-2.8683
48.59	-2.8683
48.59	-2.8684
48.58	-2.8684
48.58	-2.8684
48.58	-2.8686
48.58	-2.8683
48.58	-2.8683
48.57	-2.8684
48.57	-2.8681
48.57	-2.8683
48.57	-2.8684
48.57	-2.8682
48.56	-2.8684
48.56	-2.8684
48.56	-2.8683
48.55	-2.8682
48.55	-2.8682
48.55	-2.8683
48.55	-2.8681
48.55	-2.8682
48.54	-2.8680
48.54	-2.8682
48.53	-2.8680
48.53	-2.8680
48.53	-2.8680
48.53	-2.8679
48.52	-2.8680
48.52	-2.8680
48.52	-2.8677
48.52	-2.8679
48.51	-2.8677
48.51	-2.8676
48.51	-2.8676
48.50	-2.8676
48.50	-2.8675
48.50	-2.8676
48.50	-2.8676
48.50	-2.8678
48.50	-2.8675
48.49	-2.8675
48.49	-2.8675
48.49	-2.8673
48.48	-2.8675
48.48	-2.8674
48.48	-2.8675
48.48	-2.8673
48.48	-2.8674
48.48	-2.8673
48.47	-2.8672
48.47	-2.8671
48.47	-2.8672
48.46	-2.8672
48.46	-2.8671
48.46	-2.8671
48.45	-2.8672
48.45	-2.8671
48.45	-2.8672
48.45	-2.8671
48.45	-2.8671
48.44	-2.8672
48.44	-2.8672
48.43	-2.8671
48.43	-2.8673
48.43	-2.8672
48.42	-2.8671
48.41	-2.8669
48.41	-2.8671
48.41	-2.8669
48.40	-2.8672
48.40	-2.8671
48.40	-2.8672
48.40	-2.8671
48.40	-2.8670
48.40	-2.8672
48.40	-2.8670
48.40	-2.8670
48.40	-2.8668
48.40	-2.8667
48.39	-2.8669
48.39	-2.8667
48.39	-2.8668
48.38	-2.8667
48.38	-2.8667
48.38	-2.8668
48.38	-2.8669
48.38	-2.8668
48.38	-2.8668
48.38	-2.8667
48.37	-2.8666
48.37	-2.8666
48.37	-2.8666
48.37	-2.8666
48.37	-2.8667
48.37	-2.8665
48.36	-2.8666
48.36	-2.8665
48.35	-2.8665
48.35	-2.8663
48.35	-2.8662
48.34	-2.8664
48.34	-2.8663
48.34	-2.8663
48.34	-2.8662
48.34	-2.8663
48.33	-2.8662
48.33	-2.8662
48.33	-2.8661
48.33	-2.8662
48.33	-2.8663
48.32	-2.8660
48.32	-2.8661
48.32	-2.8661
48.32	-2.8662
48.31	-2.8659
48.31	-2.8661
48.30	-2.8661
48.30	-2.8661
48.30	-2.8659
48.30	-2.8663
48.29	-2.8661
48.29	-2.8661
48.29	-2.8662
48.28	-2.8661
48.29	-2.8660
48.29	-2.8661
48.28	-2.8660
48.28	-2.8662
48.27	-2.8661
48.27	-2.8660
48.27	-2.8661
48.27	-2.8662
48.26	-2.8661
48.26	-2.8661
48.26	-2.8660
48.26	-2.8662
48.26	-2.8660
48.26	-2.8660
48.25	-2.8659
48.25	-2.8661
48.25	-2.8661
48.25	-2.8660
48.24	-2.8661
48.24	-2.8661
48.24	-2.8661
48.23	-2.8661
48.23	-2.8660
48.23	-2.8661
48.23	-2.8661
48.23	-2.8660
48.23	-2.8661
48.23	-2.8661
48.22	-2.8660
48.22	-2.8660
48.21	-2.8659
48.21	-2.8659
48.21	-2.8658
48.21	-2.8658
48.21	-2.8658
48.20	-2.8656
48.20	-2.8657
48.20	-2.8656
48.20	-2.8655
48.19	-2.8657
48.19	-2.8657
48.18	-2.8657
48.18	-2.8658
48.18	-2.8655
48.18	-2.8655
48.18	-2.8655
48.17	-2.8654
48.17	-2.8655
48.17	-2.8653
48.16	-2.8654
48.16	-2.8652
48.16	-2.8653
48.16	-2.8653
48.16	-2.8652
48.16	-2.8652
48.15	-2.8651
48.15	-2.8651
48.15	-2.8652
48.14	-2.8652
48.14	-2.8650
48.13	-2.8650
48.13	-2.8652
48.13	-2.8651
48.13	-2.8650
48.13	-2.8651
48.13	-2.8649
48.12	-2.8650
48.12	-2.8651
48.12	-2.8648
48.11	-2.8649
48.11	-2.8648
48.11	-2.8647
48.10	-2.8649
48.10	-2.8648
48.10	-2.8647
48.09	-2.8647
48.09	-2.8646
48.09	-2.8646
48.09	-2.8645
48.09	-2.8645
48.09	-2.8647
48.09	-2.8644
48.08	-2.8644
48.08	-2.8647
48.08	-2.8645
48.07	-2.8647
48.07	-2.8646
48.07	-2.8646
48.06	-2.8645
48.06	-2.8643
48.06	-2.8644
48.06	-2.8643
48.06	-2.8644
48.05	-2.8644
48.05	-2.8643
48.05	-2.8642
48.04	-2.8642
48.04	-2.8643
48.04	-2.8641
48.04	-2.8642
48.03	-2.8641
48.03	-2.8643
48.03	-2.8641
48.03	-2.8641
48.02	-2.8642
48.02	-2.8643
48.02	-2.8641
48.02	-2.8642
48.02	-2.8641
48.01	-2.8642
48.01	-2.8641
48.01	-2.8640
48.00	-2.8642
48.00	-2.8640
48.00	-2.8640
48.00	-2.8640
47.99	-2.8640
47.99	-2.8640
47.98	-2.8641
47.98	-2.8639
47.98	-2.8639
47.98	-2.8639
47.98	-2.8638
47.98	-2.8638
47.98	-2.8639
47.98	-2.8637
47.97	-2.8638
47.97	-2.8638
47.97	-2.8639
47.97	-2.8639
47.96	-2.8639
47.96	-2.8638
47.96	-2.8639
47.96	-2.8635
47.95	-2.8638
47.95	-2.8636
47.95	-2.8638
47.95	-2.8636
47.94	-2.8637
47.94	-2.8636
47.94	-2.8639
47.93	-2.8637
47.93	-2.8637
47.93	-2.8638
47.93	-2.8637
47.92	-2.8635
47.92	-2.8638
47.92	-2.8636
47.91	-2.8637
47.91	-2.8637
47.91	-2.8637
47.91	-2.8637
47.91	-2.8637
47.91	-2.8639
47.90	-2.8638
47.90	-2.8637
47.90	-2.8637
47.90	-2.8639
47.89	-2.8639
47.89	-2.8638
47.89	-2.8637
47.88	-2.8638
47.88	-2.8637
47.88	-2.8638
47.88	-2.8637
47.87	-2.8637
47.87	-2.8636
47.87	-2.8637
47.87	-2.8636
47.86	-2.8635
47.86	-2.8636
47.86	-2.8636
47.85	-2.8635
47.85	-2.8635
47.85	-2.8634
47.84	-2.8636
47.84	-2.8635
47.84	-2.8635
47.84	-2.8636
47.84	-2.8634
47.83	-2.8635
47.83	-2.8634
47.83	-2.8635
47.83	-2.8635
47.83	-2.8633
47.83	-2.8633
47.83	-2.8632
47.83	-2.8634
47.82	-2.8634
47.81	-2.8634
47.81	-2.8633
47.81	-2.8633
47.81	-2.8635
47.81	-2.8632
47.80	-2.8635
47.80	-2.8634
47.79	-2.8635
47.79	-2.8635
47.78	-2.8634
47.78	-2.8635
47.78	-2.8633
47.78	-2.8634
47.77	-2.8634
47.77	-2.8635
47.77	-2.8635
47.77	-2.8633
47.77	-2.8636
47.76	-2.8634
47.76	-2.8633
47.76	-2.8634
47.76	-2.8633
47.76	-2.8633
47.76	-2.8633
47.75	-2.8632
47.75	-2.8633
47.75	-2.8633
47.75	-2.8632
47.74	-2.8631
47.74	-2.8632
47.74	-2.8633
47.74	-2.8631
47.74	-2.8634
47.74	-2.8631
47.73	-2.8632
47.73	-2.8634
47.73	-2.8633
47.72	-2.8633
47.72	-2.8633
47.72	-2.8632
47.72	-2.8635
47.71	-2.8632
47.71	-2.8634
47.70	-2.8634
47.70	-2.8633
47.70	-2.8633
47.70	-2.8632
47.70	-2.8633
47.69	-2.8632
47.69	-2.8632
47.69	-2.8632
47.68	-2.8632
47.68	-2.8630
47.68	-2.8630
47.68	-2.8628
47.68	-2.8631
47.68	-2.8630
47.67	-2.8631
47.67	-2.8630
47.67	-2.8631
47.67	-2.8630
47.67	-2.8629
47.66	-2.8628
47.66	-2.8627
47.65	-2.8629
47.65	-2.8627
47.65	-2.8629
47.65	-2.8627
47.65	-2.8626
47.64	-2.8627
47.64	-2.8627
47.64	-2.8627
47.64	-2.8625
47.64	-2.8627
47.63	-2.8627
47.63	-2.8624
47.62	-2.8626
47.62	-2.8625
47.62	-2.8625
47.62	-2.8626
47.62	-2.8626
47.61	-2.8624
47.61	-2.8626
47.60	-2.8626
47.60	-2.8624
47.60	-2.8623
47.60	-2.8623
47.59	-2.8626
47.59	-2.8623
47.59	-2.8623
47.59	-2.8624
47.59	-2.8623
47.58	-2.8622
47.58	-2.8626
47.58	-2.8623
47.58	-2.8622
47.57	-2.8622
47.57	-2.8622
47.57	-2.8621
47.56	-2.8622
47.56	-2.8621
47.56	-2.8622
47.56	-2.8621
47.56	-2.8621
47.55	-2.8621
47.55	-2.8620
47.55	-2.8621
47.55	-2.8620
47.54	-2.8623
47.54	-2.8621
47.54	-2.8619
47.54	-2.8620
47.53	-2.8620
47.53	-2.8620
47.53	-2.8621
47.52	-2.8620
47.52	-2.8619
47.52	-2.8619
47.52	-2.8618
47.52	-2.8619
47.52	-2.8619
47.51	-2.8618
47.51	-2.8617
47.50	-2.8616
47.50	-2.8615
47.49	-2.8617
47.49	-2.8616
47.49	-2.8615
47.49	-2.8617
47.49	-2.8615
47.48	-2.8616
47.48	-2.8614
47.48	-2.8616
47.48	-2.8614
47.48	-2.8614
47.48	-2.8616
47.48	-2.8615
47.48	-2.8614
47.48	-2.8614
47.47	-2.8614
47.47	-2.8611
47.47	-2.8615
47.47	-2.8613
47.46	-2.8613
47.46	-2.8614
47.46	-2.8612
47.45	-2.8612
47.45	-2.8612
47.45	-2.8612
47.44	-2.8613
47.44	-2.8614
47.44	-2.8611
47.44	-2.8612
47.43	-2.8611
47.43	-2.8609
47.43	-2.8608
47.43	-2.8609
47.43	-2.8609
47.42	-2.8610
47.42	-2.8608
47.42	-2.8608
47.42	-2.8609
47.41	-2.8609
47.40	-2.8607
47.40	-2.8607
47.40	-2.8607
47.40	-2.8607
47.40	-2.8607
47.40	-2.8608
47.40	-2.8605
47.39	-2.8605
47.39	-2.8606
47.39	-2.8604
47.39	-2.8607
47.39	-2.8604
47.38	-2.8605
47.38	-2.8604
47.38	-2.8605
47.37	-2.8604
47.37	-2.8605
47.37	-2.8606
47.37	-2.8607
47.36	-2.8605
47.35	-2.8605
47.35	-2.8604
47.35	-2.8605
47.35	-2.8606
47.35	-2.8605
47.34	-2.8604
47.34	-2.8604
47.34	-2.8605
47.34	-2.8604
47.34	-2.8604
47.33	-2.8603
47.33	-2.8604
47.33	-2.8603
47.33	-2.8599
47.33	-2.8603
47.33	-2.8600
47.32	-2.8600
47.32	-2.8599
47.31	-2.8602
47.31	-2.8601
47.31	-2.8602
47.30	-2.8599
47.30	-2.8599
47.30	-2.8600
47.30	-2.8599
47.30	-2.8599
47.29	-2.8599
47.29	-2.8597
47.29	-2.8597
47.29	-2.8597
47.28	-2.8599
47.28	-2.8596
47.28	-2.8598
47.27	-2.8598
47.27	-2.8598
47.27	-2.8597
47.27	-2.8597
47.27	-2.8598
47.26	-2.8597
47.26	-2.8598
47.26	-2.8597
47.26	-2.8596
47.25	-2.8598
47.25	-2.8597
47.24	-2.8596
47.24	-2.8598
47.24	-2.8597
47.24	-2.8595
47.23	-2.8595
47.23	-2.8595
47.23	-2.8595
47.23	-2.8594
47.23	-2.8596
47.23	-2.8595
47.23	-2.8595
47.23	-2.8592
47.22	-2.8592
47.22	-2.8594
47.22	-2.8591
47.21	-2.8594
47.21	-2.8593
47.21	-2.8591
47.21	-2.8592
47.21	-2.8592
47.20	-2.8591
47.20	-2.8591
47.20	-2.8591
47.19	-2.8591
47.19	-2.8589
47.19	-2.8588
47.18	-2.8590
47.18	-2.8590
47.18	-2.8588
47.18	-2.8589
47.18	-2.8588
47.17	-2.8588
47.17	-2.8587
47.17	-2.8587
47.16	-2.8589
47.16	-2.8586
47.16	-2.8587
47.15	-2.8586
47.15	-2.8585
47.15	-2.8586
47.15	-2.8586
47.15	-2.8585
47.15	-2.8584
47.14	-2.8585
47.14	-2.8585
47.14	-2.8585
47.14	-2.8585
47.13	-2.8586
47.13	-2.8582
47.13	-2.8583
47.13	-2.8583
47.13	-2.8582
47.12	-2.8582
47.12	-2.8584
47.12	-2.8581
47.11	-2.8582
47.11	-2.8581
47.11	-2.8581
47.10	-2.8581
47.10	-2.8583
47.09	-2.8581
47.09	-2.8580
47.09	-2.8580
47.09	-2.8581
47.09	-2.8578
47.08	-2.8581
47.08	-2.8580
47.08	-2.8576
47.08	-2.8579
47.08	-2.8578
47.07	-2.8576
47.07	-2.8575
47.06	-2.8577
47.06	-2.8575
47.07	-2.8576
47.07	-2.8575
47.07	-2.8574
47.06	-2.8574
47.06	-2.8573
47.05	-2.8575
47.05	-2.8575
47.05	-2.8574
47.05	-2.8576
47.04	-2.8574
47.04	-2.8574
47.04	-2.8574
47.03	-2.8574
47.03	-2.8573
47.03	-2.8573
47.03	-2.8574
47.02	-2.8573
47.02	-2.8573
47.02	-2.8571
47.02	-2.8573
47.02	-2.8572
47.01	-2.8572
47.02	-2.8572
47.01	-2.8573
47.01	-2.8571
47.00	-2.8572
47.00	-2.8570
46.99	-2.8570
46.99	-2.8569
46.99	-2.8569
46.99	-2.8571
46.99	-2.8570
46.99	-2.8570
46.99	-2.8570
46.98	-2.8570
46.98	-2.8570
46.98	-2.8569
46.97	-2.8570
46.97	-2.8570
46.97	-2.8568
46.96	-2.8569
46.96	-2.8569
46.96	-2.8570
46.96	-2.8568
46.96	-2.8568
46.95	-2.8567
46.95	-2.8568
46.95	-2.8569
46.94	-2.8568
46.94	-2.8568
46.94	-2.8569
46.94	-2.8567
46.93	-2.8568
46.93	-2.8568
46.93	-2.8568
46.93	-2.8566
46.92	-2.8565
46.92	-2.8566
46.92	-2.8567
46.92	-2.8568
46.92	-2.8566
46.92	-2.8566
46.92	-2.8566
46.91	-2.8566
46.90	-2.8566
46.90	-2.8567
46.90	-2.8566
46.90	-2.8565
46.90	-2.8565
46.90	-2.8565
46.89	-2.8566
46.89	-2.8563
46.89	-2.8565
46.89	-2.8565
46.88	-2.8563
46.88	-2.8565
46.88	-2.8564
46.88	-2.8565
46.88	-2.8564
46.87	-2.8564
46.87	-2.8563
46.87	-2.8563
46.86	-2.8563
46.86	-2.8562
46.85	-2.8561
46.85	-2.8561
46.85	-2.8561
46.85	-2.8560
46.85	-2.8560
46.84	-2.8560
46.84	-2.8559
46.84	-2.8559
46.83	-2.8561
46.83	-2.8558
46.83	-2.8559
46.83	-2.8560
46.83	-2.8559
46.83	-2.8559
46.83	-2.8559
46.82	-2.8558
46.82	-2.8557
46.81	-2.8560
46.81	-2.8558
46.81	-2.8559
46.81	-2.8558
46.80	-2.8557
46.80	-2.8558
46.80	-2.8557
46.80	-2.8558
46.80	-2.8555
46.79	-2.8555
46.79	-2.8559
46.79	-2.8557
46.79	-2.8555
46.78	-2.8557
46.78	-2.8556
46.78	-2.8556
46.78	-2.8556
46.77	-2.8557
46.77	-2.8556
46.76	-2.8556
46.76	-2.8556
46.76	-2.8556
46.75	-2.8554
46.75	-2.8554
46.75	-2.8555
46.75	-2.8557
46.74	-2.8554
46.74	-2.8554
46.74	-2.8554
46.74	-2.8552
46.73	-2.8554
46.73	-2.8554
46.73	-2.8553
46.73	-2.8554
46.73	-2.8553
46.73	-2.8554
46.72	-2.8556
46.72	-2.8553
46.72	-2.8554
46.71	-2.8554
46.71	-2.8553
46.71	-2.8553
46.70	-2.8551
46.70	-2.8552
46.70	-2.8553
46.70	-2.8551
46.70	-2.8553
46.70	-2.8553
46.69	-2.8552
46.69	-2.8551
46.69	-2.8551
46.68	-2.8552
46.68	-2.8550
46.68	-2.8552
46.68	-2.8548
46.68	-2.8548
46.67	-2.8550
46.67	-2.8548
46.67	-2.8549
46.67	-2.8547
46.66	-2.8547
46.66	-2.8545
46.66	-2.8546
46.66	-2.8547
46.65	-2.8546
46.65	-2.8546
46.65	-2.8545
46.65	-2.8545
46.65	-2.8546
46.64	-2.8545
46.64	-2.8544
46.64	-2.8544
46.64	-2.8544
46.63	-2.8544
46.63	-2.8543
46.63	-2.8543
46.63	-2.8542
46.62	-2.8541
46.62	-2.8540
46.62	-2.8542
46.61	-2.8540
46.61	-2.8540
46.61	-2.8538
46.61	-2.8539
46.60	-2.8540
46.60	-2.8540
46.60	-2.8539
46.59	-2.8539
46.59	-2.8537
46.59	-2.8537
46.59	-2.8539
46.59	-2.8537
46.58	-2.8539
46.58	-2.8536
46.58	-2.8536
46.58	-2.8537
46.58	-2.8535
46.58	-2.8535
46.58	-2.8536
46.57	-2.8536
46.57	-2.8537
46.56	-2.8538
46.56	-2.8538
46.56	-2.8535
46.56	-2.8537
46.56	-2.8538
46.55	-2.8536
46.55	-2.8538
46.55	-2.8537
46.55	-2.8538
46.55	-2.8537
46.54	-2.8538
46.54	-2.8538
46.54	-2.8540
46.53	-2.8537
46.53	-2.8538
46.53	-2.8539
46.53	-2.8538
46.52	-2.8538
46.52	-2.8536
46.52	-2.8537
46.51	-2.8537
46.51	-2.8534
46.50	-2.8536
46.51	-2.8537
46.51	-2.8535
46.50	-2.8538
46.50	-2.8536
46.49	-2.8537
46.49	-2.8537
46.49	-2.8536
46.48	-2.8537
46.48	-2.8538
46.48	-2.8536
46.48	-2.8536
46.48	-2.8536
46.48	-2.8534
46.47	-2.8535
46.47	-2.8534
46.47	-2.8535
46.47	-2.8533
46.46	-2.8533
46.46	-2.8534
46.46	-2.8534
46.46	-2.8534
46.45	-2.8534
46.45	-2.8534
46.45	-2.8531
46.45	-2.8532
46.45	-2.8531
46.44	-2.8532
46.44	-2.8533
46.44	-2.8530
46.44	-2.8530
46.44	-2.8530
46.43	-2.8531
46.43	-2.8531
46.43	-2.8529
46.43	-2.8529
46.42	-2.8528
46.42	-2.8528
46.42	-2.8527
46.41	-2.8527
46.41	-2.8526
46.41	-2.8526
46.40	-2.8526
46.40	-2.8526
46.40	-2.8525
46.40	-2.8525
46.40	-2.8523
46.39	-2.8525
46.39	-2.8522
46.39	-2.8524
46.38	-2.8524
46.38	-2.8525
46.38	-2.8521
46.38	-2.8522
46.38	-2.8521
46.38	-2.8520
46.38	-2.8521
46.37	-2.8521
46.37	-2.8521
46.36	-2.8521
46.36	-2.8520
46.36	-2.8522
46.36	-2.8520
46.35	-2.8521
46.35	-2.8519
46.35	-2.8519
46.35	-2.8519
46.35	-2.8520
46.34	-2.8519
46.34	-2.8519
46.34	-2.8518
46.34	-2.8519
46.33	-2.8517
46.33	-2.8516
46.33	-2.8518
46.33	-2.8516
46.32	-2.8515
46.32	-2.8516
46.32	-2.8516
46.31	-2.8515
46.31	-2.8515
46.31	-2.8516
46.30	-2.8517
46.30	-2.8517
46.30	-2.8516
46.30	-2.8516
46.30	-2.8517
46.29	-2.8517
46.29	-2.8517
46.29	-2.8518
46.28	-2.8518
46.28	-2.8517
46.28	-2.8516
46.28	-2.8517
46.27	-2.8518
46.27	-2.8518
46.27	-2.8518
46.27	-2.8517
46.26	-2.8517
46.26	-2.8518
46.26	-2.8516
46.25	-2.8517
46.25	-2.8517
46.25	-2.8518
46.25	-2.8515
46.25	-2.8516
46.24	-2.8516
46.24	-2.8517
46.24	-2.8516
46.24	-2.8517
46.24	-2.8517
46.23	-2.8518
46.23	-2.8516
46.23	-2.8517
46.23	-2.8518
46.23	-2.8517
46.22	-2.8518
46.22	-2.8518
46.22	-2.8517
46.22	-2.8517
46.21	-2.8514
46.21	-2.8516
46.21	-2.8515
46.21	-2.8516
46.20	-2.8515
46.20	-2.8514
46.19	-2.8515
46.19	-2.8515
46.19	-2.8514
46.19	-2.8515
46.18	-2.8515
46.19	-2.8513
46.18	-2.8514
46.18	-2.8513
46.18	-2.8511
46.17	-2.8513
46.17	-2.8513
46.17	-2.8510
46.17	-2.8512
46.17	-2.8512
46.17	-2.8511
46.16	-2.8509
46.16	-2.8510
46.15	-2.8510
46.15	-2.8509
46.15	-2.8509
46.14	-2.8510
46.14	-2.8509
46.14	-2.8510
46.14	-2.8511
46.13	-2.8508
46.13	-2.8509
46.13	-2.8509
46.13	-2.8510
46.13	-2.8508
46.12	-2.8508
46.12	-2.8508
46.12	-2.8508
46.11	-2.8509
46.11	-2.8511
46.11	-2.8510
46.11	-2.8510
46.10	-2.8509
46.09	-2.8510
46.09	-2.8507
46.09	-2.8507
46.09	-2.8509
46.09	-2.8509
46.09	-2.8508
46.08	-2.8508
46.08	-2.8509
46.08	-2.8507
46.08	-2.8508
46.08	-2.8507
46.08	-2.8507
46.07	-2.8507
46.07	-2.8507
46.07	-2.8507
46.06	-2.8506
46.06	-2.8505
46.06	-2.8506
46.05	-2.8505
46.05	-2.8507
46.05	-2.8505
46.05	-2.8506
46.05	-2.8506
46.05	-2.8506
46.04	-2.8504
46.04	-2.8506
46.03	-2.8505
46.03	-2.8506
46.04	-2.8505
46.03	-2.8507
46.02	-2.8506
46.02	-2.8507
46.02	-2.8507
46.02	-2.8505
46.02	-2.8505
46.01	-2.8504
46.01	-2.8505
46.00	-2.8504
46.00	-2.8506
46.00	-2.8506
46.00	-2.8506
45.99	-2.8506
45.99	-2.8503
45.99	-2.8505
45.99	-2.8505
45.98	-2.8507
45.98	-2.8507
45.98	-2.8505
45.98	-2.8504
45.98	-2.8504
45.98	-2.8505
45.97	-2.8503
45.97	-2.8505
45.96	-2.8505
45.96	-2.8503
45.97	-2.8503
45.96	-2.8505
45.96	-2.8505
45.95	-2.8505
45.95	-2.8505
45.95	-2.8504
45.95	-2.8505
45.95	-2.8503
45.94	-2.8504
45.94	-2.8504
45.94	-2.8504
45.94	-2.8503
45.94	-2.8503
45.93	-2.8504
45.93	-2.8503
45.92	-2.8504
45.92	-2.8502
45.92	-2.8503
45.92	-2.8501
45.91	-2.8503
45.91	-2.8500
45.91	-2.8502
45.91	-2.8499
45.91	-2.8500
45.91	-2.8500
45.90	-2.8500
45.90	-2.8502
45.90	-2.8501
45.90	-2.8499
45.89	-2.8497
45.89	-2.8501
45.88	-2.8499
45.88	-2.8498
45.88	-2.8499
45.88	-2.8498
45.88	-2.8498
45.88	-2.8499
45.87	-2.8497
45.87	-2.8497
45.86	-2.8497
45.86	-2.8496
45.86	-2.8497
45.86	-2.8496
45.85	-2.8497
45.85	-2.8497
45.85	-2.8497
45.85	-2.8497
45.84	-2.8498
45.84	-2.8497
45.83	-2.8496
45.83	-2.8497
45.83	-2.8495
45.83	-2.8496
45.83	-2.8496
45.83	-2.8497
45.83	-2.8497
45.82	-2.8496
45.82	-2.8497
45.82	-2.8497
45.81	-2.8496
45.81	-2.8497
45.81	-2.8496
45.81	-2.8497
45.80	-2.8497
45.80	-2.8495
45.80	-2.8497
45.80	-2.8497
45.79	-2.8495
45.79	-2.8497
45.79	-2.8497
45.79	-2.8496
45.79	-2.8495
45.78	-2.8496
45.78	-2.8496
45.78	-2.8497
45.78	-2.8495
45.77	-2.8496
45.77	-2.8497
45.77	-2.8496
45.77	-2.8495
45.77	-2.8495
45.77	-2.8494
45.76	-2.8496
45.76	-2.8495
45.75	-2.8495
45.75	-2.8495
45.75	-2.8496
45.74	-2.8495
45.74	-2.8493
45.74	-2.8494
45.74	-2.8494
45.74	-2.8494
45.73	-2.8493
45.73	-2.8492
45.73	-2.8493
45.73	-2.8494
45.72	-2.8492
45.72	-2.8493
45.72	-2.8491
45.71	-2.8491
45.71	-2.8491
45.71	-2.8492
45.71	-2.8491
45.70	-2.8491
45.70	-2.8490
45.70	-2.8491
45.70	-2.8491
45.70	-2.8490
45.70	-2.8491
45.70	-2.8490
45.70	-2.8489
45.69	-2.8489
45.68	-2.8491
45.68	-2.8489
45.68	-2.8490
45.68	-2.8488
45.68	-2.8488
45.68	-2.8488
45.68	-2.8486
45.67	-2.8488
45.67	-2.8487
45.67	-2.8488
45.66	-2.8486
45.66	-2.8488
45.66	-2.8488
45.66	-2.8489
45.66	-2.8486
45.65	-2.8486
45.65	-2.8486
45.64	-2.8485
45.64	-2.8486
45.64	-2.8486
45.64	-2.8487
45.63	-2.8485
45.63	-2.8487
45.63	-2.8487
45.63	-2.8484
45.63	-2.8485
45.62	-2.8485
45.62	-2.8482
45.62	-2.8484
45.61	-2.8483
45.61	-2.8482
45.61	-2.8483
45.61	-2.8484
45.61	-2.8483
45.61	-2.8483
45.60	-2.8483
45.59	-2.8483
45.59	-2.8482
45.59	-2.8480
45.59	-2.8482
45.58	-2.8480
45.58	-2.8481
45.58	-2.8479
45.58	-2.8480
45.58	-2.8479
45.58	-2.8480
45.58	-2.8477
45.57	-2.8478
45.57	-2.8478
45.56	-2.8477
45.56	-2.8477
45.56	-2.8476
45.56	-2.8475
45.55	-2.8477
45.55	-2.8476
45.55	-2.8477
45.55	-2.8477
45.54	-2.8475
45.54	-2.8477
45.54	-2.8475
45.53	-2.8475
45.53	-2.8475
45.52	-2.8473
45.52	-2.8474
45.52	-2.8474
45.52	-2.8474
45.52	-2.8473
45.52	-2.8475
45.52	-2.8474
45.52	-2.8475
45.51	-2.8474
45.51	-2.8476
45.51	-2.8473
45.51	-2.8473
45.50	-2.8473
45.50	-2.8475
45.50	-2.8473
45.50	-2.8473
45.49	-2.8472
45.49	-2.8473
45.49	-2.8470
45.49	-2.8471
45.49	-2.8470
45.48	-2.8470
45.48	-2.8470
45.48	-2.8469
45.47	-2.8470
45.47	-2.8467
45.47	-2.8468
45.46	-2.8467
45.46	-2.8467
45.46	-2.8468
45.46	-2.8467
45.45	-2.8467
45.45	-2.8467
45.45	-2.8469
45.45	-2.8468
45.44	-2.8466
45.44	-2.8466
45.44	-2.8469
45.44	-2.8466
45.44	-2.8467
45.43	-2.8466
45.43	-2.8465
45.43	-2.8466
45.43	-2.8465
45.43	-2.8466
45.42	-2.8465
45.42	-2.8463
45.41	-2.8464
45.41	-2.8463
45.40	-2.8464
45.40	-2.8464
45.40	-2.8463
45.40	-2.8463
45.40	-2.8464
45.40	-2.8464
45.40	-2.8465
45.40	-2.8464
45.39	-2.8464
45.39	-2.8464
45.38	-2.8462
45.38	-2.8463
45.38	-2.8460
45.38	-2.8464
45.38	-2.8463
45.38	-2.8461
45.37	-2.8462
45.37	-2.8462
45.37	-2.8462
45.36	-2.8460
45.36	-2.8461
45.36	-2.8460
45.35	-2.8459
45.35	-2.8461
45.34	-2.8460
45.34	-2.8461
45.34	-2.8459
45.34	-2.8461
45.34	-2.8460
45.34	-2.8460
45.34	-2.8459
45.34	-2.8461
45.33	-2.8460
45.33	-2.8460
45.33	-2.8459
45.33	-2.8459
45.32	-2.8456
45.32	-2.8456
45.31	-2.8456
45.31	-2.8456
45.31	-2.8457
45.31	-2.8455
45.30	-2.8456
45.30	-2.8455
45.30	-2.8455
45.30	-2.8456
45.30	-2.8457
45.30	-2.8455
45.29	-2.8456
45.29	-2.8454
45.29	-2.8454
45.28	-2.8454
45.28	-2.8454
45.28	-2.8454
45.28	-2.8455
45.28	-2.8454
45.27	-2.8454
45.27	-2.8452
45.27	-2.8452
45.27	-2.8452
45.26	-2.8452
45.26	-2.8452
45.25	-2.8452
45.25	-2.8452
45.25	-2.8452
45.25	-2.8450
45.24	-2.8452
45.24	-2.8451
45.24	-2.8451
45.23	-2.8453
45.23	-2.8449
45.23	-2.8450
45.23	-2.8448
45.22	-2.8449
45.22	-2.8451
45.22	-2.8450
45.22	-2.8448
45.22	-2.8449
45.21	-2.8449
45.21	-2.8448
45.21	-2.8450
45.21	-2.8447
45.21	-2.8449
45.20	-2.8449
45.20	-2.8448
45.19	-2.8448
45.19	-2.8446
45.19	-2.8447
45.19	-2.8445
45.18	-2.8447
45.18	-2.8446
45.18	-2.8446
45.18	-2.8445
45.18	-2.8445
45.18	-2.8445
45.17	-2.8445
45.17	-2.8445
45.17	-2.8444
45.17	-2.8445
45.17	-2.8445
45.16	-2.8444
45.16	-2.8444
45.15	-2.8444
45.16	-2.8444
45.15	-2.8443
45.15	-2.8442
45.15	-2.8445
45.15	-2.8443
45.14	-2.8442
45.14	-2.8444
45.13	-2.8443
45.13	-2.8443
45.13	-2.8442
45.13	-2.8443
45.13	-2.8441
45.13	-2.8441
45.12	-2.8441
45.12	-2.8441
45.12	-2.8440
45.11	-2.8439
45.11	-2.8442
45.11	-2.8439
45.11	-2.8438
45.11	-2.8439
45.10	-2.8440
45.10	-2.8438
45.09	-2.8438
45.09	-2.8438
45.09	-2.8439
45.09	-2.8438
45.09	-2.8438
45.09	-2.8437
45.09	-2.8438
45.09	-2.8439
45.08	-2.8436
45.08	-2.8438
45.07	-2.8437
45.07	-2.8436
45.07	-2.8437
45.06	-2.8436
45.06	-2.8437
45.06	-2.8436
45.06	-2.8436
45.05	-2.8438
45.05	-2.8437
45.05	-2.8434
45.05	-2.8435
45.04	-2.8434
45.04	-2.8436
45.04	-2.8433
45.03	-2.8435
45.03	-2.8433
45.03	-2.8434
45.03	-2.8434
45.02	-2.8432
45.02	-2.8432
45.02	-2.8432
45.02	-2.8430
45.02	-2.8434
45.01	-2.8432
45.01	-2.8432
45.01	-2.8431
45.00	-2.8431
45.00	-2.8431
45.00	-2.8430
44.99	-2.8431
44.99	-2.8432
44.99	-2.8428
44.99	-2.8432
44.99	-2.8430
44.98	-2.8430
44.98	-2.8428
44.98	-2.8430
44.98	-2.8429
44.98	-2.8430
44.97	-2.8426
44.97	-2.8429
44.97	-2.8427
44.97	-2.8427
44.96	-2.8429
44.96	-2.8426
44.96	-2.8428
44.95	-2.8427
44.95	-2.8427
44.95	-2.8426
44.95	-2.8428
44.95	-2.8427
44.94	-2.8426
44.94	-2.8426
44.94	-2.8429
44.94	-2.8428
44.93	-2.8427
44.93	-2.8429
44.93	-2.8427
44.93	-2.8427
44.92	-2.8427
44.92	-2.8426
44.92	-2.8424
44.92	-2.8425
44.91	-2.8424
44.91	-2.8423
44.91	-2.8425
44.91	-2.8425
44.90	-2.8422
44.90	-2.8422
44.90	-2.8422
44.90	-2.8420
44.89	-2.8421
44.89	-2.8419
44.89	-2.8419
44.89	-2.8419
44.89	-2.8419
44.89	-2.8419
44.88	-2.8418
44.88	-2.8419
44.88	-2.8416
44.88	-2.8419
44.87	-2.8416
44.87	-2.8416
44.86	-2.8416
44.86	-2.8419
44.86	-2.8417
44.86	-2.8417
44.85	-2.8418
44.85	-2.8417
44.85	-2.8417
44.85	-2.8417
44.84	-2.8417
44.84	-2.8417
44.84	-2.8417
44.83	-2.8418
44.83	-2.8418
44.83	-2.8419
44.83	-2.8419
44.83	-2.8419
44.83	-2.8418
44.83	-2.8419
44.82	-2.8418
44.82	-2.8418
44.82	-2.8420
44.81	-2.8419
44.81	-2.8417
44.81	-2.8418
44.81	-2.8419
44.81	-2.8418
44.80	-2.8419
44.80	-2.8418
44.80	-2.8418
44.80	-2.8419
44.80	-2.8417
44.79	-2.8419
44.79	-2.8417
44.79	-2.8416
44.78	-2.8418
44.78	-2.8418
44.77	-2.8418
44.77	-2.8417
44.77	-2.8418
44.77	-2.8417
44.77	-2.8416
44.77	-2.8416
44.76	-2.8415
44.76	-2.8415
44.76	-2.8415
44.76	-2.8415
44.75	-2.8415
44.75	-2.8415
44.74	-2.8414
44.74	-2.8414
44.74	-2.8414
44.74	-2.8414
44.74	-2.8413
44.74	-2.8413
44.74	-2.8414
44.73	-2.8410
44.73	-2.8413
44.73	-2.8412
44.73	-2.8411
44.73	-2.8412
44.72	-2.8411
44.71	-2.8411
44.71	-2.8410
44.71	-2.8409
44.71	-2.8409
44.70	-2.8409
44.70	-2.8408
44.70	-2.8407
44.70	-2.8408
44.70	-2.8408
44.70	-2.8405
44.69	-2.8406
44.69	-2.8407
44.69	-2.8404
44.68	-2.8407
44.68	-2.8406
44.68	-2.8407
44.68	-2.8404
44.67	-2.8403
44.67	-2.8405
44.67	-2.8403
44.67	-2.8404
44.66	-2.8405
44.66	-2.8404
44.66	-2.8405
44.66	-2.8403
44.66	-2.8402
44.65	-2.8404
44.65	-2.8402
44.65	-2.8403
44.65	-2.8403
44.64	-2.8402
44.64	-2.8402
44.64	-2.8402
44.63	-2.8401
44.63	-2.8401
44.62	-2.8401
44.62	-2.8400
44.61	-2.8399
44.61	-2.8399
44.61	-2.8400
44.61	-2.8401
44.61	-2.8401
44.61	-2.8400
44.61	-2.8399
44.60	-2.8398
44.60	-2.8398
44.59	-2.8398
44.59	-2.8397
44.59	-2.8397
44.59	-2.8396
44.59	-2.8397
44.58	-2.8397
44.58	-2.8395
44.58	-2.8395
44.58	-2.8395
44.58	-2.8393
44.58	-2.8395
44.57	-2.8394
44.57	-2.8396
44.57	-2.8395
44.57	-2.8395
44.56	-2.8393
44.56	-2.8394
44.56	-2.8394
44.56	-2.8393
44.55	-2.8395
44.55	-2.8393
44.55	-2.8395
44.55	-2.8394
44.55	-2.8393
44.55	-2.8395
44.54	-2.8393
44.54	-2.8396
44.53	-2.8394
44.53	-2.8393
44.52	-2.8393
44.52	-2.8394
44.52	-2.8395
44.52	-2.8393
44.52	-2.8395
44.52	-2.8395
44.51	-2.8393
44.51	-2.8395
44.51	-2.8395
44.50	-2.8393
44.50	-2.8394
44.49	-2.8396
44.49	-2.8392
44.49	-2.8394
44.49	-2.8392
44.49	-2.8394
44.49	-2.8395
44.48	-2.8396
44.48	-2.8394
44.48	-2.8393
44.48	-2.8393
44.48	-2.8393
44.48	-2.8394
44.47	-2.8392
44.47	-2.8394
44.47	-2.8394
44.47	-2.8394
44.46	-2.8395
44.46	-2.8393
44.45	-2.8396
44.45	-2.8393
44.45	-2.8394
44.45	-2.8394
44.45	-2.8395
44.45	-2.8393
44.44	-2.8395
44.44	-2.8393
44.43	-2.8394
44.43	-2.8393
44.43	-2.8394
44.42	-2.8392
44.42	-2.8393
44.42	-2.8393
44.42	-2.8395
44.42	-2.8394
44.42	-2.8393
44.41	-2.8395
44.41	-2.8392
44.40	-2.8393
44.40	-2.8393
44.40	-2.8393
44.40	-2.8392
44.40	-2.8392
44.40	-2.8392
44.40	-2.8392
44.39	-2.8392
44.39	-2.8391
44.39	-2.8390
44.38	-2.8391
44.38	-2.8391
44.38	-2.8391
44.38	-2.8391
44.38	-2.8390
44.38	-2.8389
44.37	-2.8391
44.37	-2.8391
44.37	-2.8389
44.36	-2.8389
44.36	-2.8390
44.36	-2.8391
44.35	-2.8391
44.35	-2.8390
44.35	-2.8390
44.35	-2.8390
44.34	-2.8390
44.34	-2.8389
44.34	-2.8388
44.34	-2.8390
44.34	-2.8390
44.33	-2.8390
44.33	-2.8387
44.33	-2.8389
44.32	-2.8388
44.32	-2.8389
44.32	-2.8389
44.32	-2.8388
44.31	-2.8389
44.31	-2.8389
44.31	-2.8388
44.31	-2.8388
44.30	-2.8388
44.30	-2.8388
44.30	-2.8389
44.29	-2.8390
44.29	-2.8389
44.29	-2.8390
44.29	-2.8387
44.28	-2.8387
44.28	-2.8389
44.28	-2.8386
44.27	-2.8388
44.27	-2.8386
44.27	-2.8387
44.27	-2.8388
44.27	-2.8388
44.27	-2.8387
44.26	-2.8386
44.26	-2.8388
44.26	-2.8386
44.26	-2.8387
44.25	-2.8388
44.25	-2.8386
44.25	-2.8386
44.25	-2.8384
44.25	-2.8386
44.24	-2.8385
44.24	-2.8385
44.24	-2.8385
44.24	-2.8384
44.23	-2.8385
44.23	-2.8386
44.23	-2.8384
44.22	-2.8385
44.21	-2.8384
44.21	-2.8385
44.21	-2.8382
44.21	-2.8383
44.21	-2.8383
44.20	-2.8384
44.20	-2.8383
44.20	-2.8384
44.20	-2.8383
44.20	-2.8382
44.20	-2.8383
44.19	-2.8384
44.19	-2.8382
44.18	-2.8383
44.18	-2.8382
44.18	-2.8380
44.18	-2.8381
44.18	-2.8381
44.17	-2.8379
44.17	-2.8381
44.17	-2.8381
44.16	-2.8381
44.16	-2.8379
44.16	-2.8379
44.16	-2.8377
44.15	-2.8380
44.15	-2.8376
44.15	-2.8377
44.15	-2.8377
44.15	-2.8378
44.15	-2.8377
44.15	-2.8378
44.14	-2.8377
44.14	-2.8377
44.14	-2.8378
44.13	-2.8378
44.13	-2.8376
44.13	-2.8378
44.13	-2.8378
44.13	-2.8376
44.12	-2.8376
44.12	-2.8378
44.12	-2.8377
44.11	-2.8378
44.10	-2.8379
44.10	-2.8377
44.10	-2.8377
44.09	-2.8375
44.10	-2.8377
44.09	-2.8377
44.09	-2.8377
44.09	-2.8375
44.09	-2.8377
44.09	-2.8376
44.09	-2.8376
44.09	-2.8377
44.09	-2.8376
44.08	-2.8375
44.08	-2.8377
44.07	-2.8375
44.07	-2.8376
44.06	-2.8377
44.06	-2.8376
44.06	-2.8376
44.06	-2.8374
44.05	-2.8374
44.05	-2.8376
44.05	-2.8375
44.05	-2.8375
44.05	-2.8374
44.05	-2.8374
44.04	-2.8373
44.04	-2.8373
44.04	-2.8373
44.04	-2.8373
44.04	-2.8372
44.03	-2.8371
44.03	-2.8373
44.02	-2.8371
44.02	-2.8370
44.02	-2.8371
44.02	-2.8371
44.01	-2.8370
44.01	-2.8371
44.01	-2.8369
44.01	-2.8371
44.01	-2.8370
44.00	-2.8370
44.00	-2.8370
44.00	-2.8369
44.00	-2.8370
43.99	-2.8367
43.99	-2.8369
43.99	-2.8369
43.99	-2.8369
43.98	-2.8367
43.98	-2.8370
43.98	-2.8368
43.98	-2.8367
43.98	-2.8367
43.97	-2.8367
43.96	-2.8366
43.96	-2.8368
43.96	-2.8367
43.95	-2.8366
43.95	-2.8365
43.95	-2.8364
43.95	-2.8366
43.95	-2.8366
43.95	-2.8363
43.95	-2.8365
43.95	-2.8363
43.94	-2.8363
43.94	-2.8364
43.94	-2.8365
43.94	-2.8363
43.93	-2.8363
43.93	-2.8363
43.93	-2.8361
43.93	-2.8363
43.93	-2.8361
43.92	-2.8362
43.92	-2.8361
43.92	-2.8362
43.91	-2.8361
43.91	-2.8359
43.91	-2.8361
43.91	-2.8360
43.90	-2.8361
43.90	-2.8360
43.90	-2.8361
43.90	-2.8360
43.90	-2.8360
43.89	-2.8359
43.89	-2.8359
43.89	-2.8359
43.89	-2.8359
43.88	-2.8359
43.88	-2.8358
43.88	-2.8359
43.88	-2.8357
43.88	-2.8358
43.87	-2.8358
43.87	-2.8354
43.86	-2.8357
43.86	-2.8355
43.85	-2.8356
43.85	-2.8355
43.84	-2.8356
43.84	-2.8355
43.85	-2.8354
43.84	-2.8354
43.84	-2.8354
43.84	-2.8352
43.84	-2.8353
43.84	-2.8353
43.84	-2.8352
43.83	-2.8352
43.83	-2.8353
43.83	-2.8352
43.83	-2.8353
43.83	-2.8351
43.82	-2.8351
43.82	-2.8351
43.82	-2.8351
43.82	-2.8348
43.81	-2.8351
43.81	-2.8350
43.81	-2.8348
43.80	-2.8347
43.80	-2.8350
43.80	-2.8348
43.80	-2.8347
43.80	-2.8347
43.79	-2.8348
43.79	-2.8347
43.79	-2.8345
43.78	-2.8346
43.78	-2.8346
43.78	-2.8346
43.77	-2.8345
43.77	-2.8345
43.77	-2.8345
43.77	-2.8345
43.77	-2.8346
43.77	-2.8346
43.76	-2.8346
43.76	-2.8343
43.76	-2.8344
43.75	-2.8344
43.75	-2.8345
43.75	-2.8343
43.75	-2.8343
43.74	-2.8341
43.74	-2.8344
43.74	-2.8343
43.74	-2.8342
43.74	-2.8342
43.74	-2.8343
43.73	-2.8341
43.73	-2.8342
43.73	-2.8340
43.73	-2.8341
43.73	-2.8341
43.72	-2.8343
43.72	-2.8340
43.71	-2.8340
43.71	-2.8342
43.71	-2.8341
43.70	-2.8341
43.70	-2.8341
43.70	-2.8340
43.70	-2.8340
43.69	-2.8341
43.69	-2.8339
43.69	-2.8340
43.68	-2.8341
43.68	-2.8340
43.68	-2.8339
43.68	-2.8340
43.68	-2.8339
43.68	-2.8339
43.67	-2.8337
43.67	-2.8338
43.66	-2.8337
43.66	-2.8338
43.66	-2.8338
43.66	-2.8339
43.65	-2.8337
43.65	-2.8338
43.65	-2.8337
43.65	-2.8336
43.65	-2.8338
43.64	-2.8336
43.64	-2.8337
43.64	-2.8335
43.64	-2.8335
43.64	-2.8336
43.63	-2.8336
43.63	-2.8335
43.63	-2.8337
43.63	-2.8335
43.62	-2.8334
43.62	-2.8331
43.62	-2.8335
43.62	-2.8336
43.61	-2.8332
43.60	-2.8333
43.60	-2.8333
43.60	-2.8333
43.60	-2.8331
43.60	-2.8329
43.60	-2.8331
43.60	-2.8331
43.59	-2.8329
43.59	-2.8328
43.59	-2.8330
43.59	-2.8329
43.58	-2.8331
43.58	-2.8328
43.58	-2.8329
43.58	-2.8328
43.58	-2.8328
43.57	-2.8326
43.57	-2.8327
43.57	-2.8326
43.56	-2.8326
43.56	-2.8327
43.56	-2.8326
43.55	-2.8325
43.55	-2.8325
43.55	-2.8325
43.55	-2.8325
43.55	-2.8325
43.54	-2.8325
43.54	-2.8325
43.54	-2.8325
43.54	-2.8324
43.53	-2.8324
43.53	-2.8324
43.53	-2.8324
43.53	-2.8324
43.52	-2.8323
43.52	-2.8323
43.52	-2.8324
43.52	-2.8324
43.52	-2.8323
43.51	-2.8323
43.51	-2.8321
43.51	-2.8322
43.50	-2.8321
43.50	-2.8320
43.49	-2.8320
43.49	-2.8320
43.49	-2.8319
43.49	-2.8320
43.49	-2.8319
43.48	-2.8321
43.48	-2.8319
43.48	-2.8321
43.48	-2.8320
43.48	-2.8322
43.47	-2.8319
43.47	-2.8321
43.47	-2.8318
43.47	-2.8320
43.46	-2.8320
43.46	-2.8319
43.46	-2.8321
43.45	-2.8321
43.45	-2.8321
43.45	-2.8321
43.45	-2.8320
43.45	-2.8320
43.44	-2.8321
43.44	-2.8320
43.44	-2.8320
43.44	-2.8319
43.44	-2.8319
43.43	-2.8319
43.43	-2.8320
43.43	-2.8319
43.43	-2.8319
43.43	-2.8317
43.42	-2.8317
43.42	-2.8317
43.41	-2.8317
43.41	-2.8318
43.41	-2.8317
43.41	-2.8316
43.40	-2.8316
43.40	-2.8316
43.40	-2.8316
43.40	-2.8317
43.40	-2.8316
43.39	-2.8316
43.39	-2.8314
43.39	-2.8316
43.39	-2.8314
43.38	-2.8314
43.38	-2.8314
43.38	-2.8314
43.38	-2.8314
43.37	-2.8314
43.37	-2.8314
43.37	-2.8315
43.37	-2.8315
43.36	-2.8315
43.36	-2.8314
43.35	-2.8313
43.35	-2.8313
43.34	-2.8314
43.34	-2.8312
43.34	-2.8313
43.34	-2.8309
43.34	-2.8312
43.34	-2.8311
43.34	-2.8314
43.33	-2.8313
43.33	-2.8311
43.33	-2.8311
43.32	-2.8310
43.32	-2.8310
43.32	-2.8310
43.32	-2.8311
43.32	-2.8309
43.31	-2.8309
43.31	-2.8309
43.31	-2.8307
43.30	-2.8309
43.30	-2.8309
43.30	-2.8308
43.30	-2.8308
43.29	-2.8308
43.30	-2.8306
43.29	-2.8309
43.29	-2.8307
43.29	-2.8306
43.29	-2.8307
43.28	-2.8307
43.28	-2.8306
43.27	-2.8308
43.27	-2.8306
43.27	-2.8305
43.27	-2.8307
43.27	-2.8306
43.26	-2.8307
43.26	-2.8306
43.26	-2.8306
43.25	-2.8308
43.25	-2.8308
43.25	-2.8308
43.24	-2.8306
43.24	-2.8306
43.24	-2.8305
43.24	-2.8306
43.24	-2.8305
43.23	-2.8304
43.23	-2.8306
43.23	-2.8306
43.23	-2.8305
43.23	-2.8305
43.23	-2.8304
43.23	-2.8304
43.23	-2.8303
43.22	-2.8302
43.22	-2.8302
43.21	-2.8302
43.21	-2.8302
43.20	-2.8301
43.20	-2.8302
43.20	-2.8300
43.20	-2.8300
43.20	-2.8300
43.19	-2.8300
43.19	-2.8299
43.18	-2.8299
43.18	-2.8299
43.18	-2.8300
43.18	-2.8299
43.18	-2.8299
43.18	-2.8298
43.18	-2.8298
43.17	-2.8299
43.17	-2.8299
43.16	-2.8298
43.16	-2.8299
43.16	-2.8298
43.16	-2.8297
43.16	-2.8297
43.15	-2.8297
43.15	-2.8298
43.15	-2.8297
43.15	-2.8297
43.15	-2.8298
43.14	-2.8298
43.14	-2.8298
43.14	-2.8298
43.13	-2.8298
43.13	-2.8299
43.13	-2.8298
43.13	-2.8296
43.13	-2.8298
43.12	-2.8297
43.12	-2.8298
43.12	-2.8297
43.11	-2.8297
43.11	-2.8297
43.11	-2.8297
43.11	-2.8297
43.10	-2.8297
43.10	-2.8296
43.10	-2.8296
43.09	-2.8296
43.09	-2.8296
43.09	-2.8296
43.09	-2.8296
43.09	-2.8295
43.09	-2.8295
43.08	-2.8297
43.08	-2.8297
43.08	-2.8295
43.08	-2.8293
43.08	-2.8296
43.07	-2.8296
43.07	-2.8294
43.06	-2.8296
43.06	-2.8296
43.06	-2.8295
43.05	-2.8296
43.05	-2.8295
43.05	-2.8294
43.05	-2.8296
43.05	-2.8295
43.04	-2.8292
43.04	-2.8293
43.03	-2.8293
43.03	-2.8293
43.03	-2.8291
43.03	-2.8291
43.03	-2.8293
43.03	-2.8291
43.02	-2.8291
43.02	-2.8290
43.02	-2.8289
43.02	-2.8290
43.02	-2.8290
43.01	-2.8290
43.01	-2.8289
43.01	-2.8291
43.01	-2.8290
43.01	-2.8290
43.01	-2.8290
43.00	-2.8289
43.00	-2.8289
42.99	-2.8288
42.99	-2.8287
42.99	-2.8287
42.99	-2.8287
42.98	-2.8286
42.98	-2.8286
42.98	-2.8287
42.98	-2.8286
42.97	-2.8287
42.97	-2.8285
42.97	-2.8286
42.97	-2.8286
42.96	-2.8286
42.96	-2.8285
42.96	-2.8284
42.96	-2.8285
42.96	-2.8285
42.96	-2.8284
42.95	-2.8284
42.95	-2.8284
42.95	-2.8281
42.95	-2.8282
42.94	-2.8283
42.94	-2.8282
42.93	-2.8280
42.94	-2.8280
42.93	-2.8281
42.93	-2.8279
42.93	-2.8282
42.92	-2.8279
42.92	-2.8279
42.92	-2.8281
42.91	-2.8280
42.91	-2.8277
42.91	-2.8279
42.90	-2.8277
42.90	-2.8278
42.90	-2.8278
42.90	-2.8277
42.89	-2.8277
42.89	-2.8277
42.89	-2.8277
42.89	-2.8274
42.89	-2.8277
42.89	-2.8275
42.88	-2.8276
42.88	-2.8276
42.88	-2.8276
42.88	-2.8275
42.88	-2.8275
42.87	-2.8274
42.87	-2.8276
42.86	-2.8275
42.86	-2.8275
42.86	-2.8274
42.86	-2.8275
42.86	-2.8275
42.85	-2.8276
42.85	-2.8273
42.84	-2.8274
42.84	-2.8274
42.84	-2.8273
42.83	-2.8274
42.83	-2.8273
42.83	-2.8274
42.83	-2.8274
42.83	-2.8275
42.82	-2.8274
42.81	-2.8273
42.82	-2.8275
42.82	-2.8272
42.82	-2.8274
42.82	-2.8273
42.81	-2.8274
42.81	-2.8273
42.81	-2.8272
42.81	-2.8274
42.80	-2.8274
42.80	-2.8273
42.80	-2.8274
42.79	-2.8274
42.79	-2.8274
42.79	-2.8274
42.79	-2.8273
42.78	-2.8274
42.78	-2.8274
42.77	-2.8274
42.77	-2.8272
42.77	-2.8272
42.77	-2.8272
42.77	-2.8272
42.77	-2.8273
42.77	-2.8273
42.76	-2.8272
42.76	-2.8273
42.75	-2.8272
42.75	-2.8273
42.75	-2.8271
42.75	-2.8273
42.75	-2.8273
42.74	-2.8272
42.74	-2.8272
42.74	-2.8271
42.73	-2.8270
42.73	-2.8270
42.73	-2.8271
42.73	-2.8271
42.73	-2.8270
42.73	-2.8268
42.72	-2.8269
42.72	-2.8269
42.72	-2.8267
42.72	-2.8270
42.71	-2.8270
42.71	-2.8269
42.71	-2.8270
42.70	-2.8269
42.70	-2.8270
42.70	-2.8270
42.70	-2.8268
42.70	-2.8268
42.69	-2.8270
42.69	-2.8267
42.69	-2.8269
42.69	-2.8266
42.68	-2.8268
42.68	-2.8268
42.68	-2.8267
42.68	-2.8268
42.67	-2.8266
42.67	-2.8267
42.67	-2.8267
42.66	-2.8267
42.66	-2.8267
42.66	-2.8268
42.65	-2.8267
42.65	-2.8268
42.65	-2.8267
42.65	-2.8267
42.65	-2.8268
42.64	-2.8268
42.64	-2.8266
42.64	-2.8266
42.64	-2.8267
42.64	-2.8267
42.63	-2.8266
42.63	-2.8266
42.63	-2.8267
42.63	-2.8268
42.63	-2.8268
42.63	-2.8265
42.62	-2.8265
42.62	-2.8265
42.62	-2.8266
42.62	-2.8267
42.61	-2.8265
42.61	-2.8266
42.60	-2.8266
42.60	-2.8265
42.60	-2.8264
42.60	-2.8265
42.59	-2.8265
42.59	-2.8265
42.59	-2.8266
42.59	-2.8266
42.59	-2.8266
42.58	-2.8266
42.58	-2.8265
42.58	-2.8266
42.58	-2.8265
42.57	-2.8265
42.57	-2.8267
42.56	-2.8266
42.56	-2.8267
42.56	-2.8265
42.55	-2.8266
42.55	-2.8266
42.55	-2.8265
42.55	-2.8266
42.55	-2.8264
42.55	-2.8265
42.54	-2.8264
42.54	-2.8265
42.53	-2.8263
42.53	-2.8263
42.53	-2.8262
42.53	-2.8263
42.53	-2.8264
42.52	-2.8264
42.52	-2.8262
42.52	-2.8265
42.52	-2.8264
42.52	-2.8263
42.51	-2.8264
42.51	-2.8263
42.51	-2.8262
42.51	-2.8262
42.50	-2.8262
42.50	-2.8264
42.49	-2.8260
42.49	-2.8263
42.49	-2.8261
42.49	-2.8263
42.49	-2.8263
42.48	-2.8262
42.48	-2.8262
42.48	-2.8262
42.48	-2.8263
42.48	-2.8261
42.48	-2.8260
42.47	-2.8261
42.47	-2.8261
42.47	-2.8259
42.46	-2.8261
42.46	-2.8262
42.46	-2.8261
42.46	-2.8263
42.46	-2.8261
42.45	-2.8261
42.45	-2.8260
42.45	-2.8263
42.44	-2.8260
42.44	-2.8260
42.44	-2.8261
42.44	-2.8261
42.43	-2.8260
42.43	-2.8259
42.43	-2.8258
42.43	-2.8258
42.42	-2.8259
42.42	-2.8259
42.42	-2.8259
42.41	-2.8259
42.41	-2.8259
42.41	-2.8258
42.40	-2.8258
42.40	-2.8258
42.40	-2.8255
42.40	-2.8255
42.40	-2.8258
42.40	-2.8256
42.39	-2.8256
42.39	-2.8258
42.39	-2.8255
42.39	-2.8255
42.39	-2.8256
42.38	-2.8256
42.38	-2.8257
42.38	-2.8257
42.38	-2.8255
42.37	-2.8255
42.37	-2.8255
42.36	-2.8256
42.37	-2.8253
42.36	-2.8256
42.36	-2.8254
42.36	-2.8253
42.35	-2.8254
42.35	-2.8254
42.34	-2.8253
42.34	-2.8254
42.34	-2.8252
42.34	-2.8253
42.34	-2.8254
42.33	-2.8253
42.33	-2.8254
42.33	-2.8253
42.33	-2.8254
42.33	-2.8253
42.33	-2.8253
42.32	-2.8252
42.32	-2.8252
42.31	-2.8251
42.31	-2.8251
42.31	-2.8250
42.31	-2.8250
42.31	-2.8250
42.30	-2.8250
42.30	-2.8250
42.30	-2.8248
42.30	-2.8247
42.29	-2.8250
42.29	-2.8246
42.28	-2.8248
42.28	-2.8248
42.28	-2.8248
42.28	-2.8248
42.28	-2.8248
42.27	-2.8247
42.27	-2.8246
42.27	-2.8247
42.27	-2.8246
42.27	-2.8247
42.26	-2.8247
42.26	-2.8245
42.26	-2.8246
42.25	-2.8245
42.25	-2.8248
42.24	-2.8247
42.24	-2.8247
42.24	-2.8247
42.24	-2.8247
42.24	-2.8246
42.24	-2.8245
42.24	-2.8247
42.23	-2.8246
42.23	-2.8248
42.23	-2.8246
42.23	-2.8247
42.22	-2.8246
42.22	-2.8246
42.22	-2.8246
42.21	-2.8246
42.21	-2.8246
42.21	-2.8244
42.21	-2.8244
42.21	-2.8242
42.20	-2.8243
42.20	-2.8244
42.20	-2.8243
42.20	-2.8242
42.20	-2.8243
42.19	-2.8241
42.18	-2.8241
42.18	-2.8242
42.18	-2.8241
42.18	-2.8239
42.18	-2.8239
42.18	-2.8240
42.17	-2.8240
42.17	-2.8238
42.17	-2.8239
42.17	-2.8238
42.16	-2.8239
42.16	-2.8238
42.16	-2.8238
42.16	-2.8238
42.15	-2.8237
42.15	-2.8237
42.15	-2.8237
42.15	-2.8238
42.14	-2.8236
42.14	-2.8237
42.14	-2.8237
42.14	-2.8238
42.14	-2.8235
42.14	-2.8236
42.13	-2.8236
42.13	-2.8235
42.13	-2.8235
42.13	-2.8235
42.13	-2.8232
42.12	-2.8233
42.12	-2.8234
42.12	-2.8233
42.12	-2.8233
42.11	-2.8231
42.11	-2.8232
42.11	-2.8229
42.11	-2.8231
42.10	-2.8229
42.10	-2.8229
42.09	-2.8230
42.09	-2.8226
42.09	-2.8228
42.09	-2.8229
42.09	-2.8227
42.09	-2.8226
42.08	-2.8227
42.08	-2.8225
42.08	-2.8227
42.08	-2.8227
42.07	-2.8227
42.07	-2.8226
42.06	-2.8224
42.06	-2.8224
42.06	-2.8224
42.06	-2.8223
42.05	-2.8223
42.05	-2.8224
42.05	-2.8223
42.05	-2.8223
42.05	-2.8222
42.05	-2.8222
42.05	-2.8223
42.04	-2.8224
42.04	-2.8222
42.04	-2.8221
42.03	-2.8221
42.03	-2.8221
42.03	-2.8222
42.02	-2.8220
42.02	-2.8222
42.02	-2.8222
42.01	-2.8222
42.01	-2.8222
42.01	-2.8221
42.00	-2.8220
42.00	-2.8220
42.00	-2.8221
42.00	-2.8220
42.00	-2.8222
41.99	-2.8221
41.99	-2.8221
41.99	-2.8221
41.99	-2.8219
41.99	-2.8221
41.98	-2.8219
41.98	-2.8220
41.98	-2.8219
41.98	-2.8219
41.98	-2.8219
41.97	-2.8218
41.97	-2.8218
41.97	-2.8216
41.97	-2.8217
41.96	-2.8218
41.96	-2.8219
41.96	-2.8215
41.96	-2.8215
41.95	-2.8216
41.95	-2.8216
41.95	-2.8217
41.94	-2.8216
41.94	-2.8216
41.94	-2.8216
41.93	-2.8217
41.93	-2.8217
41.93	-2.8215
41.93	-2.8216
41.93	-2.8215
41.93	-2.8216
41.92	-2.8216
41.92	-2.8215
41.91	-2.8216
41.91	-2.8216
41.90	-2.8216
41.90	-2.8214
41.90	-2.8214
41.90	-2.8213
41.90	-2.8215
41.90	-2.8215
41.89	-2.8214
41.89	-2.8214
41.89	-2.8213
41.89	-2.8214
41.89	-2.8214
41.88	-2.8213
41.88	-2.8215
41.88	-2.8212
41.88	-2.8212
41.87	-2.8212
41.87	-2.8213
41.87	-2.8209
41.87	-2.8208
41.87	-2.8211
41.86	-2.8207
41.86	-2.8209
41.85	-2.8208
41.85	-2.8207
41.84	-2.8208
41.84	-2.8207
41.84	-2.8207
41.84	-2.8208
41.84	-2.8208
41.84	-2.8208
41.84	-2.8207
41.84	-2.8208
41.83	-2.8207
41.83	-2.8207
41.83	-2.8206
41.83	-2.8208
41.82	-2.8207
41.82	-2.8207
41.81	-2.8205
41.81	-2.8205
41.81	-2.8206
41.81	-2.8206
41.80	-2.8205
41.80	-2.8206
41.80	-2.8206
41.80	-2.8205
41.79	-2.8203
41.79	-2.8206
41.79	-2.8204
41.79	-2.8205
41.79	-2.8205
41.78	-2.8205
41.78	-2.8201
41.78	-2.8203
41.77	-2.8203
41.77	-2.8204
41.77	-2.8205
41.77	-2.8204
41.77	-2.8204
41.76	-2.8202
41.76	-2.8203
41.76	-2.8202
41.76	-2.8202
41.76	-2.8202
41.75	-2.8202
41.75	-2.8201
41.75	-2.8200
41.74	-2.8201
41.74	-2.8202
41.74	-2.8201
41.74	-2.8201
41.73	-2.8200
41.73	-2.8201
41.73	-2.8202
41.73	-2.8202
41.73	-2.8201
41.72	-2.8200
41.72	-2.8200
41.72	-2.8201
41.71	-2.8201
41.71	-2.8199
41.71	-2.8199
41.70	-2.8199
41.70	-2.8199
41.70	-2.8200
41.70	-2.8201
41.70	-2.8197
41.70	-2.8198
41.69	-2.8197
41.69	-2.8197
41.68	-2.8197
41.68	-2.8197
41.68	-2.8197
41.68	-2.8197
41.68	-2.8196
41.68	-2.8198
41.67	-2.8197
41.67	-2.8196
41.66	-2.8197
41.66	-2.8197
41.66	-2.8194
41.65	-2.8194
41.65	-2.8194
41.65	-2.8193
41.65	-2.8195
41.65	-2.8194
41.65	-2.8196
41.65	-2.8193
41.64	-2.8195
41.64	-2.8194
41.64	-2.8192
41.63	-2.8193
41.63	-2.8194
41.63	-2.8193
41.63	-2.8192
41.63	-2.8192
41.62	-2.8193
41.62	-2.8192
41.62	-2.8193
41.62	-2.8193
41.62	-2.8192
41.61	-2.8191
41.60	-2.8192
41.60	-2.8191
41.60	-2.8190
41.60	-2.8190
41.59	-2.8191
41.59	-2.8193
41.59	-2.8190
41.59	-2.8192
41.58	-2.8191
41.58	-2.8190
41.58	-2.8188
41.58	-2.8190
41.57	-2.8191
41.57	-2.8189
41.57	-2.8192
41.57	-2.8188
41.57	-2.8188
41.56	-2.8188
41.56	-2.8186
41.55	-2.8185
41.55	-2.8185
41.55	-2.8186
41.55	-2.8183
41.55	-2.8184
41.55	-2.8184
41.55	-2.8182
41.54	-2.8184
41.54	-2.8182
41.54	-2.8183
41.54	-2.8181
41.54	-2.8181
41.53	-2.8180
41.53	-2.8180
41.52	-2.8180
41.52	-2.8180
41.52	-2.8179
41.52	-2.8179
41.52	-2.8180
41.51	-2.8176
41.51	-2.8178
41.51	-2.8176
41.50	-2.8178
41.50	-2.8179
41.50	-2.8178
41.49	-2.8177
41.49	-2.8178
41.49	-2.8178
41.49	-2.8177
41.49	-2.8177
41.48	-2.8178
41.48	-2.8178
41.48	-2.8177
41.48	-2.8178
41.47	-2.8177
41.47	-2.8178
41.47	-2.8179
41.47	-2.8179
41.47	-2.8178
41.46	-2.8178
41.46	-2.8178
41.46	-2.8179
41.45	-2.8177
41.45	-2.8177
41.45	-2.8178
41.45	-2.8178
41.45	-2.8178
41.45	-2.8177
41.44	-2.8179
41.44	-2.8177
41.44	-2.8176
41.43	-2.8175
41.43	-2.8177
41.43	-2.8177
41.42	-2.8177
41.42	-2.8175
41.42	-2.8176
41.42	-2.8175
41.42	-2.8176
41.41	-2.8176
41.41	-2.8175
41.41	-2.8174
41.40	-2.8175
41.40	-2.8176
41.40	-2.8176
41.40	-2.8174
41.39	-2.8176
41.39	-2.8174
41.39	-2.8174
41.39	-2.8173
41.38	-2.8173
41.38	-2.8172
41.38	-2.8173
41.38	-2.8173
41.38	-2.8173
41.37	-2.8172
41.37	-2.8172
41.37	-2.8171
41.36	-2.8171
41.36	-2.8170
41.35	-2.8169
41.35	-2.8168
41.35	-2.8169
41.35	-2.8169
41.35	-2.8170
41.34	-2.8169
41.34	-2.8168
41.34	-2.8168
41.34	-2.8169
41.33	-2.8167
41.33	-2.8167
41.33	-2.8165
41.33	-2.8167
41.33	-2.8165
41.32	-2.8165
41.32	-2.8167
41.32	-2.8164
41.32	-2.8163
41.32	-2.8164
41.31	-2.8163
41.31	-2.8164
41.31	-2.8163
41.31	-2.8163
41.30	-2.8160
41.30	-2.8162
41.30	-2.8161
41.30	-2.8161
41.29	-2.8160
41.29	-2.8160
41.29	-2.8159
41.29	-2.8158
41.28	-2.8157
41.28	-2.8158
41.28	-2.8159
41.27	-2.8158
41.27	-2.8160
41.27	-2.8159
41.27	-2.8159
41.27	-2.8159
41.26	-2.8159
41.26	-2.8159
41.26	-2.8157
41.26	-2.8156
41.25	-2.8157
41.25	-2.8157
41.25	-2.8158
41.24	-2.8157
41.24	-2.8157
41.24	-2.8156
41.24	-2.8157
41.23	-2.8156
41.23	-2.8156
41.23	-2.8156
41.23	-2.8155
41.23	-2.8157
41.23	-2.8154
41.22	-2.8156
41.22	-2.8155
41.21	-2.8155
41.21	-2.8154
41.21	-2.8154
41.21	-2.8155
41.20	-2.8155
41.20	-2.8153
41.20	-2.8155
41.20	-2.8154
41.20	-2.8153
41.20	-2.8154
41.20	-2.8152
41.19	-2.8154
41.19	-2.8155
41.18	-2.8154
41.18	-2.8153
41.18	-2.8153
41.18	-2.8151
41.18	-2.8152
41.18	-2.8153
41.17	-2.8153
41.17	-2.8152
41.17	-2.8152
41.17	-2.8152
41.17	-2.8152
41.16	-2.8153
41.16	-2.8151
41.16	-2.8152
41.15	-2.8152
41.15	-2.8151
41.15	-2.8152
41.14	-2.8151
41.14	-2.8151
41.14	-2.8150
41.14	-2.8151
41.13	-2.8151
41.13	-2.8152
41.13	-2.8150
41.13	-2.8151
41.13	-2.8150
41.12	-2.8149
41.12	-2.8150
41.12	-2.8151
41.11	-2.8150
41.11	-2.8150
41.11	-2.8148
41.11	-2.8150
41.10	-2.8149
41.10	-2.8151
41.10	-2.8150
41.09	-2.8150
41.09	-2.8150
41.09	-2.8149
41.09	-2.8149
41.08	-2.8149
41.08	-2.8150
41.08	-2.8148
41.07	-2.8152
41.07	-2.8150
41.07	-2.8149
41.07	-2.8149
41.07	-2.8148
41.06	-2.8149
41.06	-2.8148
41.06	-2.8150
41.06	-2.8150
41.06	-2.8150
41.06	-2.8149
41.05	-2.8150
41.05	-2.8150
41.05	-2.8150
41.05	-2.8150
41.04	-2.8149
41.04	-2.8151
41.04	-2.8151
41.04	-2.8150
41.03	-2.8150
41.03	-2.8151
41.03	-2.8151
41.03	-2.8150
41.02	-2.8151
41.02	-2.8150
41.01	-2.8150
41.01	-2.8150
41.01	-2.8148
41.01	-2.8149
41.01	-2.8148
41.01	-2.8149
41.00	-2.8149
40.99	-2.8148
40.99	-2.8149
40.99	-2.8150
40.99	-2.8150
40.99	-2.8150
40.99	-2.8150
40.98	-2.8148
40.98	-2.8148
40.98	-2.8148
40.98	-2.8148
40.98	-2.8148
40.97	-2.8148
40.97	-2.8147
40.97	-2.8147
40.97	-2.8148
40.96	-2.8148
40.95	-2.8147
40.95	-2.8146
40.95	-2.8147
40.95	-2.8146
40.95	-2.8146
40.94	-2.8146
40.94	-2.8148
40.94	-2.8145
40.93	-2.8147
40.93	-2.8145
40.93	-2.8148
40.93	-2.8146
40.93	-2.8147
40.93	-2.8146
40.93	-2.8147
40.93	-2.8146
40.92	-2.8148
40.91	-2.8146
40.91	-2.8145
40.91	-2.8146
40.91	-2.8145
40.90	-2.8146
40.90	-2.8146
40.90	-2.8146
40.90	-2.8147
40.90	-2.8146
40.90	-2.8147
40.90	-2.8146
40.89	-2.8147
40.89	-2.8146
40.88	-2.8147
40.88	-2.8146
40.88	-2.8147
40.88	-2.8146
40.87	-2.8146
40.87	-2.8146
40.86	-2.8145
40.86	-2.8146
40.86	-2.8146
40.86	-2.8146
40.86	-2.8145
40.85	-2.8146
40.85	-2.8145
40.85	-2.8145
40.84	-2.8144
40.84	-2.8145
40.84	-2.8145
40.84	-2.8143
40.83	-2.8145
40.83	-2.8146
40.83	-2.8145
40.83	-2.8144
40.83	-2.8143
40.83	-2.8144
40.83	-2.8143
40.83	-2.8146
40.82	-2.8144
40.82	-2.8144
40.81	-2.8144
40.81	-2.8144
40.81	-2.8145
40.81	-2.8145
40.80	-2.8146
40.80	-2.8143
40.80	-2.8144
40.79	-2.8144
40.79	-2.8144
40.78	-2.8145
40.78	-2.8144
40.78	-2.8145
40.78	-2.8145
40.78	-2.8144
40.77	-2.8144
40.77	-2.8144
40.77	-2.8143
40.77	-2.8141
40.77	-2.8142
40.77	-2.8141
40.77	-2.8141
40.76	-2.8141
40.76	-2.8141
40.76	-2.8140
40.76	-2.8141
40.75	-2.8140
40.75	-2.8140
40.74	-2.8138
40.74	-2.8139
40.74	-2.8138
40.74	-2.8138
40.73	-2.8138
40.73	-2.8136
40.73	-2.8136
40.73	-2.8135
40.72	-2.8135
40.72	-2.8135
40.71	-2.8135
40.71	-2.8136
40.71	-2.8134
40.71	-2.8136
40.71	-2.8133
40.70	-2.8134
40.70	-2.8134
40.70	-2.8131
40.70	-2.8134
40.70	-2.8133
40.69	-2.8133
40.69	-2.8133
40.69	-2.8131
40.69	-2.8132
40.68	-2.8130
40.68	-2.8132
40.68	-2.8130
40.68	-2.8132
40.68	-2.8128
40.68	-2.8128
40.68	-2.8128
40.67	-2.8127
40.67	-2.8128
40.66	-2.8129
40.66	-2.8125
40.66	-2.8126
40.65	-2.8125
40.65	-2.8126
40.65	-2.8126
40.65	-2.8126
40.64	-2.8125
40.64	-2.8125
40.64	-2.8125
40.64	-2.8124
40.64	-2.8124
40.63	-2.8125
40.63	-2.8125
40.63	-2.8124
40.63	-2.8125
40.63	-2.8124
40.63	-2.8123
40.63	-2.8125
40.62	-2.8123
40.62	-2.8124
40.61	-2.8124
40.61	-2.8124
40.61	-2.8123
40.60	-2.8122
40.60	-2.8123
40.59	-2.8122
40.59	-2.8124
40.59	-2.8121
40.58	-2.8121
40.58	-2.8121
40.58	-2.8121
40.58	-2.8121
40.58	-2.8123
40.58	-2.8121
40.57	-2.8121
40.57	-2.8120
40.57	-2.8119
40.57	-2.8121
40.57	-2.8119
40.57	-2.8121
40.56	-2.8121
40.56	-2.8118
40.56	-2.8121
40.56	-2.8122
40.55	-2.8121
40.55	-2.8120
40.55	-2.8120
40.55	-2.8120
40.54	-2.8119
40.54	-2.8117
40.53	-2.8119
40.53	-2.8119
40.53	-2.8120
40.53	-2.8119
40.52	-2.8120
40.52	-2.8117
40.52	-2.8117
40.52	-2.8117
40.51	-2.8117
40.51	-2.8118
40.50	-2.8118
40.50	-2.8117
40.50	-2.8116
40.50	-2.8118
40.49	-2.8118
40.49	-2.8118
40.49	-2.8117
40.49	-2.8118
40.49	-2.8116
40.49	-2.8116
40.49	-2.8116
40.49	-2.8116
40.48	-2.8115
40.48	-2.8117
40.48	-2.8115
40.48	-2.8116
40.47	-2.8115
40.47	-2.8115
40.47	-2.8115
40.47	-2.8114
40.46	-2.8114
40.46	-2.8116
40.45	-2.8115
40.45	-2.8113
40.45	-2.8114
40.45	-2.8114
40.45	-2.8113
40.44	-2.8114
40.44	-2.8113
40.44	-2.8112
40.43	-2.8111
40.43	-2.8110
40.43	-2.8110
40.43	-2.8111
40.43	-2.8109
40.43	-2.8110
40.42	-2.8110
40.42	-2.8109
40.42	-2.8107
40.41	-2.8109
40.41	-2.8107
40.41	-2.8108
40.40	-2.8106
40.40	-2.8106
40.40	-2.8105
40.40	-2.8105
40.40	-2.8107
40.39	-2.8104
40.39	-2.8104
40.39	-2.8105
40.39	-2.8104
40.38	-2.8103
40.38	-2.8103
40.38	-2.8103
40.38	-2.8104
40.38	-2.8103
40.38	-2.8102
40.38	-2.8104
40.37	-2.8102
40.37	-2.8102
40.36	-2.8101
40.36	-2.8101
40.35	-2.8102
40.35	-2.8101
40.35	-2.8101
40.35	-2.8101
40.35	-2.8100
40.35	-2.8101
40.34	-2.8101
40.34	-2.8102
40.34	-2.8102
40.34	-2.8102
40.33	-2.8100
40.33	-2.8102
40.33	-2.8101
40.33	-2.8099
40.33	-2.8098
40.32	-2.8100
40.32	-2.8101
40.31	-2.8098
40.31	-2.8100
40.31	-2.8099
40.31	-2.8099
40.31	-2.8097
40.30	-2.8098
40.30	-2.8100
40.30	-2.8098
40.30	-2.8098
40.30	-2.8098
40.29	-2.8098
40.29	-2.8098
40.29	-2.8099
40.29	-2.8098
40.29	-2.8099
40.28	-2.8098
40.28	-2.8098
40.27	-2.8098
40.27	-2.8097
40.27	-2.8097
40.27	-2.8096
40.27	-2.8096
40.27	-2.8094
40.26	-2.8096
40.25	-2.8095
40.25	-2.8095
40.25	-2.8096
40.25	-2.8096
40.24	-2.8094
40.24	-2.8094
40.24	-2.8096
40.24	-2.8093
40.24	-2.8094
40.24	-2.8093
40.23	-2.8094
40.23	-2.8094
40.23	-2.8094
40.22	-2.8092
40.22	-2.8092
40.22	-2.8093
40.22	-2.8093
40.22	-2.8092
40.21	-2.8092
40.21	-2.8093
40.21	-2.8092
40.21	-2.8091
40.20	-2.8091
40.20	-2.8092
40.20	-2.8090
40.20	-2.8090
40.20	-2.8091
40.20	-2.8092
40.19	-2.8089
40.19	-2.8090
40.18	-2.8090
40.18	-2.8090
40.18	-2.8090
40.18	-2.8089
40.18	-2.8092
40.18	-2.8091
40.18	-2.8089
40.17	-2.8090
40.16	-2.8091
40.16	-2.8091
40.15	-2.8091
40.15	-2.8091
40.15	-2.8091
40.15	-2.8091
40.15	-2.8090
40.15	-2.8090
40.14	-2.8090
40.14	-2.8091
40.14	-2.8088
40.14	-2.8088
40.13	-2.8089
40.13	-2.8089
40.13	-2.8090
40.13	-2.8089
40.13	-2.8089
40.13	-2.8089
40.12	-2.8088
40.12	-2.8088
40.12	-2.8088
40.11	-2.8088
40.10	-2.8086
40.10	-2.8085
40.10	-2.8084
40.10	-2.8088
40.10	-2.8086
40.10	-2.8086
40.09	-2.8086
40.09	-2.8085
40.09	-2.8082
40.09	-2.8081
40.08	-2.8083
40.08	-2.8083
40.08	-2.8084
40.08	-2.8083
40.07	-2.8082
40.07	-2.8082
40.07	-2.8083
40.06	-2.8082
40.06	-2.8083
40.06	-2.8082
40.05	-2.8082
40.05	-2.8081
40.05	-2.8080
40.05	-2.8080
40.05	-2.8079
40.05	-2.8081
40.04	-2.8080
40.04	-2.8078
40.04	-2.8078
40.04	-2.8077
40.03	-2.8076
40.03	-2.8077
40.03	-2.8076
40.03	-2.8077
40.02	-2.8076
40.02	-2.8077
40.02	-2.8075
40.01	-2.8075
40.01	-2.8075
40.01	-2.8074
40.01	-2.8075
40.00	-2.8075
40.00	-2.8074
39.99	-2.8074
39.99	-2.8073
39.99	-2.8073
39.99	-2.8073
39.99	-2.8073
39.99	-2.8071
39.99	-2.8072
39.98	-2.8071
39.98	-2.8074
39.98	-2.8073
39.97	-2.8072
39.97	-2.8072
39.97	-2.8069
39.97	-2.8070
39.96	-2.8072
39.96	-2.8071
39.96	-2.8071
39.96	-2.8070
39.96	-2.8071
39.96	-2.8073
39.96	-2.8071
39.95	-2.8070
39.95	-2.8071
39.95	-2.8070
39.94	-2.8070
39.94	-2.8070
39.94	-2.8069
39.94	-2.8070
39.93	-2.8068
39.93	-2.8070
39.93	-2.8069
39.92	-2.8070
39.92	-2.8067
39.92	-2.8069
39.92	-2.8067
39.92	-2.8070
39.92	-2.8065
39.91	-2.8068
39.91	-2.8067
39.90	-2.8065
39.90	-2.8065
39.90	-2.8065
39.90	-2.8065
39.90	-2.8063
39.89	-2.8065
39.89	-2.8063
39.89	-2.8061
39.89	-2.8063
39.88	-2.8062
39.88	-2.8061
39.88	-2.8061
39.88	-2.8060
39.88	-2.8062
39.87	-2.8061
39.87	-2.8061
39.86	-2.8058
39.86	-2.8061
39.86	-2.8059
39.86	-2.8059
39.86	-2.8058
39.85	-2.8062
39.85	-2.8060
39.85	-2.8059
39.84	-2.8060
39.84	-2.8059
39.84	-2.8058
39.84	-2.8058
39.84	-2.8059
39.83	-2.8060
39.83	-2.8058
39.83	-2.8058
39.82	-2.8058
39.82	-2.8060
39.82	-2.8058
39.81	-2.8059
39.81	-2.8060
39.81	-2.8059
39.80	-2.8060
39.80	-2.8060
39.80	-2.8059
39.80	-2.8060
39.80	-2.8058
39.80	-2.8059
39.79	-2.8058
39.79	-2.8057
39.79	-2.8058
39.79	-2.8058
39.79	-2.8058
39.78	-2.8056
39.78	-2.8058
39.78	-2.8057
39.77	-2.8056
39.77	-2.8056
39.77	-2.8056
39.77	-2.8056
39.77	-2.8055
39.76	-2.8058
39.76	-2.8056
39.76	-2.8056
39.75	-2.8056
39.75	-2.8056
39.75	-2.8058
39.75	-2.8055
39.74	-2.8058
39.74	-2.8055
39.74	-2.8056
39.73	-2.8056
39.73	-2.8057
39.73	-2.8056
39.73	-2.8056
39.73	-2.8054
39.73	-2.8055
39.72	-2.8053
39.72	-2.8053
39.71	-2.8055
39.71	-2.8053
39.71	-2.8053
39.71	-2.8053
39.70	-2.8053
39.70	-2.8052
39.70	-2.8052
39.70	-2.8051
39.70	-2.8049
39.69	-2.8052
39.69	-2.8051
39.68	-2.8051
39.68	-2.8049
39.68	-2.8049
39.68	-2.8048
39.68	-2.8047
39.68	-2.8049
39.67	-2.8048
39.67	-2.8047
39.67	-2.8046
39.67	-2.8046
39.67	-2.8046
39.67	-2.8046
39.66	-2.8045
39.66	-2.8045
39.65	-2.8044
39.65	-2.8044
39.65	-2.8044
39.65	-2.8044
39.64	-2.8046
39.64	-2.8045
39.64	-2.8044
39.64	-2.8043
39.63	-2.8043
39.63	-2.8043
39.63	-2.8043
39.63	-2.8042
39.63	-2.8042
39.62	-2.8042
39.62	-2.8041
39.62	-2.8043
39.61	-2.8042
39.61	-2.8041
39.61	-2.8040
39.61	-2.8042
39.60	-2.8041
39.60	-2.8038
39.60	-2.8041
39.59	-2.8041
39.59	-2.8039
39.59	-2.8037
39.59	-2.8041
39.58	-2.8036
39.58	-2.8040
39.58	-2.8039
39.58	-2.8037
39.58	-2.8037
39.57	-2.8037
39.57	-2.8037
39.57	-2.8037
39.57	-2.8036
39.56	-2.8038
39.56	-2.8037
39.55	-2.8038
39.55	-2.8035
39.55	-2.8034
39.55	-2.8034
39.55	-2.8035
39.55	-2.8034
39.54	-2.8035
39.54	-2.8036
39.54	-2.8035
39.54	-2.8035
39.53	-2.8034
39.53	-2.8036
39.53	-2.8035
39.52	-2.8034
39.52	-2.8034
39.52	-2.8034
39.52	-2.8035
39.52	-2.8036
39.51	-2.8037
39.51	-2.8035
39.50	-2.8035
39.50	-2.8035
39.50	-2.8036
39.50	-2.8035
39.49	-2.8036
39.49	-2.8035
39.49	-2.8034
39.49	-2.8036
39.49	-2.8036
39.49	-2.8034
39.49	-2.8035
39.48	-2.8035
39.48	-2.8034
39.48	-2.8036
39.47	-2.8035
39.47	-2.8034
39.47	-2.8035
39.47	-2.8034
39.47	-2.8034
39.47	-2.8036
39.46	-2.8037
39.46	-2.8036
39.46	-2.8035
39.45	-2.8034
39.45	-2.8033
39.45	-2.8035
39.45	-2.8034
39.44	-2.8034
39.44	-2.8034
39.44	-2.8033
39.44	-2.8034
39.43	-2.8034
39.43	-2.8034
39.43	-2.8033
39.43	-2.8032
39.43	-2.8032
39.42	-2.8032
39.42	-2.8033
39.42	-2.8033
39.42	-2.8031
39.41	-2.8032
39.41	-2.8033
39.41	-2.8033
39.40	-2.8031
39.40	-2.8032
39.40	-2.8032
39.40	-2.8033
39.39	-2.8031
39.39	-2.8031
39.39	-2.8032
39.39	-2.8031
39.38	-2.8033
39.38	-2.8030
39.38	-2.8032
39.38	-2.8031
39.38	-2.8030
39.37	-2.8030
39.37	-2.8030
39.37	-2.8029
39.37	-2.8030
39.37	-2.8029
39.36	-2.8031
39.36	-2.8031
39.36	-2.8029
39.35	-2.8031
39.34	-2.8030
39.34	-2.8030
39.34	-2.8029
39.34	-2.8030
39.34	-2.8030
39.34	-2.8031
39.33	-2.8031
39.33	-2.8029
39.33	-2.8030
39.33	-2.8029
39.33	-2.8030
39.32	-2.8029
39.32	-2.8029
39.31	-2.8028
39.31	-2.8030
39.31	-2.8030
39.30	-2.8030
39.30	-2.8030
39.30	-2.8029
39.30	-2.8031
39.30	-2.8028
39.30	-2.8030
39.30	-2.8029
39.29	-2.8029
39.29	-2.8029
39.29	-2.8031
39.29	-2.8028
39.28	-2.8031
39.28	-2.8031
39.28	-2.8030
39.28	-2.8030
39.27	-2.8031
39.27	-2.8030
39.27	-2.8030
39.27	-2.8029
39.27	-2.8029
39.26	-2.8029
39.26	-2.8030
39.26	-2.8030
39.26	-2.8030
39.26	-2.8028
39.26	-2.8029
39.25	-2.8029
39.24	-2.8031
39.24	-2.8030
39.24	-2.8029
39.23	-2.8030
39.23	-2.8029
39.23	-2.8028
39.23	-2.8029
39.22	-2.8029
39.22	-2.8029
39.22	-2.8029
39.22	-2.8029
39.21	-2.8028
39.21	-2.8029
39.21	-2.8027
39.21	-2.8027
39.20	-2.8028
39.20	-2.8026
39.20	-2.8026
39.20	-2.8029
39.19	-2.8026
39.19	-2.8026
39.19	-2.8024
39.19	-2.8025
39.19	-2.8025
39.19	-2.8023
39.19	-2.8023
39.18	-2.8023
39.18	-2.8023
39.18	-2.8024
39.18	-2.8023
39.17	-2.8021
39.17	-2.8022
39.16	-2.8021
39.16	-2.8022
39.16	-2.8020
39.15	-2.8020
39.15	-2.8020
39.15	-2.8019
39.15	-2.8019
39.15	-2.8020
39.14	-2.8020
39.14	-2.8019
39.13	-2.8017
39.13	-2.8017
39.13	-2.8015
39.13	-2.8016
39.13	-2.8018
39.13	-2.8017
39.13	-2.8017
39.12	-2.8016
39.12	-2.8016
39.12	-2.8015
39.12	-2.8015
39.11	-2.8015
39.11	-2.8016
39.10	-2.8013
39.10	-2.8016
39.10	-2.8014
39.09	-2.8014
39.09	-2.8016
39.09	-2.8016
39.09	-2.8015
39.09	-2.8014
39.09	-2.8016
39.08	-2.8015
39.08	-2.8014
39.08	-2.8015
39.08	-2.8015
39.07	-2.8016
39.07	-2.8013
39.07	-2.8016
39.07	-2.8015
39.06	-2.8016
39.06	-2.8014
39.05	-2.8015
39.05	-2.8014
39.05	-2.8014
39.05	-2.8012
39.05	-2.8014
39.05	-2.8012
39.05	-2.8012
39.05	-2.8012
39.04	-2.8013
39.04	-2.8012
39.04	-2.8012
39.03	-2.8011
39.03	-2.8013
39.02	-2.8013
39.02	-2.8011
39.02	-2.8012
39.02	-2.8012
39.01	-2.8012
39.01	-2.8011
39.01	-2.8012
39.01	-2.8011
39.00	-2.8011
39.01	-2.8011
39.00	-2.8010
39.00	-2.8009
38.99	-2.8009
38.99	-2.8008
38.99	-2.8009
38.99	-2.8009
38.99	-2.8008
38.99	-2.8008
38.98	-2.8007
38.98	-2.8008
38.98	-2.8006
38.98	-2.8007
38.98	-2.8004
38.98	-2.8006
38.97	-2.8006
38.97	-2.8005
38.97	-2.8005
38.96	-2.8005
38.95	-2.8004
38.95	-2.8005
38.95	-2.8004
38.95	-2.8003
38.95	-2.8004
38.95	-2.8005
38.94	-2.8003
38.94	-2.8002
38.93	-2.8004
38.93	-2.8002
38.93	-2.8001
38.93	-2.8002
38.93	-2.8001
38.93	-2.8003
38.92	-2.8001
38.92	-2.8001
38.91	-2.8002
38.91	-2.8001
38.91	-2.8001
38.91	-2.8001
38.91	-2.7999
38.90	-2.8000
38.90	-2.7999
38.90	-2.8000
38.90	-2.7998
38.89	-2.7997
38.89	-2.7997
38.89	-2.7996
38.88	-2.7997
38.88	-2.7996
38.88	-2.7996
38.88	-2.7996
38.88	-2.7998
38.88	-2.7996
38.88	-2.7997
38.88	-2.7996
38.87	-2.7996
38.86	-2.7996
38.86	-2.7995
38.86	-2.7995
38.86	-2.7995
38.85	-2.7994
38.85	-2.7994
38.85	-2.7994
38.85	-2.7994
38.85	-2.7993
38.84	-2.7992
38.84	-2.7993
38.84	-2.7993
38.84	-2.7992
38.83	-2.7992
38.83	-2.7991
38.83	-2.7992
38.83	-2.7992
38.83	-2.7991
38.83	-2.7990
38.82	-2.7991
38.81	-2.7991
38.81	-2.7991
38.80	-2.7989
38.80	-2.7992
38.80	-2.7991
38.80	-2.7990
38.80	-2.7990
38.80	-2.7990
38.79	-2.7990
38.79	-2.7988
38.79	-2.7990
38.79	-2.7989
38.78	-2.7988
38.78	-2.7988
38.78	-2.7989
38.78	-2.7987
38.77	-2.7988
38.77	-2.7988
38.77	-2.7989
38.77	-2.7988
38.77	-2.7988
38.77	-2.7987
38.76	-2.7988
38.76	-2.7988
38.76	-2.7987
38.75	-2.7987
38.74	-2.7988
38.74	-2.7987
38.74	-2.7988
38.74	-2.7987
38.74	-2.7987
38.74	-2.7986
38.73	-2.7986
38.73	-2.7986
38.73	-2.7986
38.72	-2.7985
38.72	-2.7986
38.72	-2.7985
38.72	-2.7985
38.71	-2.7985
38.71	-2.7984
38.71	-2.7984
38.71	-2.7984
38.71	-2.7982
38.71	-2.7982
38.70	-2.7981
38.70	-2.7982
38.70	-2.7981
38.69	-2.7981
38.69	-2.7983
38.69	-2.7981
38.69	-2.7981
38.68	-2.7981
38.68	-2.7979
38.68	-2.7980
38.68	-2.7979
38.67	-2.7978
38.67	-2.7981
38.67	-2.7978
38.66	-2.7978
38.67	-2.7980
38.67	-2.7977
38.67	-2.7978
38.66	-2.7977
38.65	-2.7978
38.65	-2.7978
38.65	-2.7976
38.65	-2.7977
38.64	-2.7977
38.64	-2.7978
38.64	-2.7975
38.64	-2.7975
38.64	-2.7974
38.63	-2.7976
38.63	-2.7975
38.63	-2.7975
38.63	-2.7974
38.62	-2.7975
38.62	-2.7976
38.62	-2.7975
38.62	-2.7975
38.62	-2.7974
38.61	-2.7975
38.61	-2.7973
38.60	-2.7973
38.60	-2.7973
38.60	-2.7974
38.59	-2.7975
38.59	-2.7971
38.59	-2.7973
38.59	-2.7973
38.59	-2.7973
38.58	-2.7974
38.58	-2.7972
38.58	-2.7973
38.58	-2.7972
38.58	-2.7972
38.58	-2.7973
38.57	-2.7972
38.57	-2.7972
38.57	-2.7972
38.57	-2.7972
38.57	-2.7971
38.56	-2.7970
38.56	-2.7971
38.56	-2.7971
38.55	-2.7969
38.55	-2.7969
38.55	-2.7969
38.55	-2.7968
38.55	-2.7968
38.54	-2.7968
38.54	-2.7968
38.53	-2.7969
38.53	-2.7968
38.53	-2.7967
38.53	-2.7965
38.52	-2.7968
38.52	-2.7967
38.52	-2.7967
38.52	-2.7967
38.52	-2.7967
38.51	-2.7968
38.51	-2.7964
38.51	-2.7965
38.50	-2.7966
38.50	-2.7966
38.50	-2.7963
38.49	-2.7964
38.49	-2.7965
38.49	-2.7965
38.49	-2.7963
38.49	-2.7964
38.49	-2.7964
38.49	-2.7962
38.48	-2.7963
38.48	-2.7961
38.48	-2.7961
38.48	-2.7962
38.47	-2.7961
38.47	-2.7962
38.47	-2.7961
38.46	-2.7961
38.46	-2.7959
38.46	-2.7959
38.46	-2.7958
38.45	-2.7960
38.45	-2.7958
38.45	-2.7956
38.45	-2.7958
38.44	-2.7957
38.44	-2.7956
38.44	-2.7958
38.44	-2.7957
38.44	-2.7955
38.43	-2.7955
38.43	-2.7955
38.43	-2.7956
38.42	-2.7956
38.42	-2.7955
38.42	-2.7956
38.42	-2.7957
38.42	-2.7956
38.41	-2.7956
38.41	-2.7954
38.40	-2.7954
38.40	-2.7952
38.40	-2.7956
38.40	-2.7953
38.40	-2.7953
38.40	-2.7953
38.39	-2.7954
38.39	-2.7954
38.39	-2.7953
38.39	-2.7951
38.38	-2.7953
38.38	-2.7952
38.38	-2.7953
38.38	-2.7953
38.37	-2.7952
38.36	-2.7953
38.36	-2.7952
38.36	-2.7954
38.35	-2.7951
38.35	-2.7952
38.35	-2.7952
38.35	-2.7952
38.34	-2.7951
38.35	-2.7950
38.34	-2.7950
38.34	-2.7950
38.34	-2.7951
38.34	-2.7951
38.34	-2.7950
38.33	-2.7949
38.33	-2.7949
38.33	-2.7948
38.33	-2.7949
38.33	-2.7948
38.32	-2.7949
38.32	-2.7947
38.32	-2.7948
38.31	-2.7947
38.31	-2.7947
38.31	-2.7948
38.31	-2.7947
38.30	-2.7947
38.30	-2.7947
38.30	-2.7946
38.30	-2.7947
38.29	-2.7946
38.29	-2.7948
38.29	-2.7946
38.29	-2.7947
38.29	-2.7944
38.28	-2.7944
38.28	-2.7945
38.28	-2.7944
38.27	-2.7943
38.27	-2.7943
38.27	-2.7940
38.27	-2.7941
38.27	-2.7940
38.27	-2.7940
38.26	-2.7939
38.26	-2.7939
38.25	-2.7939
38.25	-2.7939
38.25	-2.7941
38.25	-2.7940
38.24	-2.7939
38.24	-2.7939
38.24	-2.7938
38.24	-2.7938
38.23	-2.7939
38.23	-2.7940
38.23	-2.7937
38.23	-2.7938
38.23	-2.7938
38.23	-2.7939
38.22	-2.7936
38.22	-2.7937
38.21	-2.7937
38.21	-2.7937
38.21	-2.7936
38.21	-2.7939
38.20	-2.7938
38.20	-2.7937
38.20	-2.7936
38.20	-2.7936
38.20	-2.7936
38.19	-2.7937
38.19	-2.7936
38.19	-2.7936
38.19	-2.7935
38.18	-2.7934
38.18	-2.7934
38.18	-2.7935
38.17	-2.7936
38.17	-2.7935
38.17	-2.7935
38.17	-2.7932
38.16	-2.7934
38.16	-2.7934
38.16	-2.7934
38.16	-2.7935
38.15	-2.7935
38.15	-2.7935
38.15	-2.7934
38.14	-2.7935
38.14	-2.7935
38.14	-2.7937
38.14	-2.7937
38.13	-2.7935
38.13	-2.7935
38.13	-2.7937
38.13	-2.7935
38.13	-2.7935
38.13	-2.7934
38.13	-2.7935
38.12	-2.7935
38.12	-2.7935
38.12	-2.7935
38.11	-2.7932
38.11	-2.7935
38.11	-2.7933
38.10	-2.7934
38.09	-2.7932
38.09	-2.7933
38.09	-2.7931
38.09	-2.7931
38.09	-2.7932
38.09	-2.7930
38.08	-2.7932
38.08	-2.7931
38.08	-2.7931
38.08	-2.7932
38.08	-2.7930
38.08	-2.7930
38.07	-2.7932
38.07	-2.7931
38.06	-2.7930
38.06	-2.7929
38.06	-2.7928
38.06	-2.7928
38.06	-2.7930
38.05	-2.7929
38.05	-2.7927
38.05	-2.7927
38.05	-2.7928
38.04	-2.7927
38.04	-2.7927
38.04	-2.7929
38.04	-2.7926
38.03	-2.7925
38.03	-2.7926
38.03	-2.7926
38.02	-2.7925
38.02	-2.7924
38.02	-2.7925
38.02	-2.7922
38.01	-2.7923
38.01	-2.7924
38.01	-2.7921
38.01	-2.7924
38.01	-2.7923
38.01	-2.7923
38.00	-2.7924
38.00	-2.7921
38.00	-2.7922
37.99	-2.7921
37.99	-2.7921
37.99	-2.7921
37.99	-2.7921
37.98	-2.7921
37.98	-2.7920
37.98	-2.7920
37.98	-2.7919
37.97	-2.7919
37.97	-2.7919
37.97	-2.7918
37.97	-2.7920
37.96	-2.7919
37.96	-2.7919
37.96	-2.7919
37.95	-2.7918
37.95	-2.7919
37.95	-2.7918
37.95	-2.7918
37.94	-2.7919
37.94	-2.7919
37.94	-2.7918
37.94	-2.7918
37.94	-2.7919
37.93	-2.7918
37.93	-2.7918
37.93	-2.7920
37.93	-2.7919
37.93	-2.7918
37.92	-2.7918
37.92	-2.7917
37.91	-2.7918
37.91	-2.7918
37.91	-2.7918
37.91	-2.7919
37.90	-2.7920
37.90	-2.7917
37.90	-2.7918
37.90	-2.7919
37.89	-2.7918
37.89	-2.7917
37.88	-2.7916
37.88	-2.7917
37.88	-2.7916
37.88	-2.7917
37.88	-2.7919
37.88	-2.7917
37.88	-2.7917
37.88	-2.7917
37.87	-2.7919
37.87	-2.7918
37.87	-2.7918
37.86	-2.7919
37.86	-2.7918
37.86	-2.7920
37.85	-2.7916
37.85	-2.7919
37.85	-2.7917
37.85	-2.7917
37.85	-2.7917
37.84	-2.7917
37.84	-2.7917
37.84	-2.7917
37.84	-2.7916
37.84	-2.7917
37.83	-2.7918
37.83	-2.7917
37.83	-2.7918
37.82	-2.7917
37.82	-2.7918
37.82	-2.7917
37.81	-2.7915
37.81	-2.7915
37.81	-2.7916
37.80	-2.7914
37.80	-2.7916
37.80	-2.7914
37.80	-2.7915
37.80	-2.7915
37.79	-2.7915
37.79	-2.7914
37.79	-2.7914
37.79	-2.7913
37.79	-2.7917
37.79	-2.7915
37.79	-2.7914
37.79	-2.7914
37.79	-2.7917
37.79	-2.7915
37.78	-2.7915
37.77	-2.7917
37.77	-2.7915
37.77	-2.7916
37.77	-2.7915
37.76	-2.7916
37.75	-2.7915
37.75	-2.7914
37.75	-2.7915
37.75	-2.7915
37.74	-2.7916
37.74	-2.7916
37.74	-2.7915
37.74	-2.7914
37.73	-2.7914
37.73	-2.7915
37.73	-2.7915
37.73	-2.7914
37.73	-2.7915
37.73	-2.7916
37.72	-2.7916
37.72	-2.7917
37.72	-2.7915
37.71	-2.7917
37.71	-2.7914
37.71	-2.7917
37.70	-2.7916
37.70	-2.7916
37.70	-2.7915
37.70	-2.7916
37.69	-2.7918
37.69	-2.7918
37.69	-2.7917
37.68	-2.7917
37.68	-2.7918
37.68	-2.7916
37.68	-2.7917
37.68	-2.7916
37.68	-2.7916
37.68	-2.7918
37.68	-2.7915
37.67	-2.7915
37.67	-2.7917
37.67	-2.7914
37.66	-2.7916
37.66	-2.7914
37.65	-2.7916
37.65	-2.7915
37.65	-2.7914
37.65	-2.7914
37.65	-2.7914
37.65	-2.7914
37.64	-2.7913
37.64	-2.7913
37.64	-2.7913
37.64	-2.7913
37.63	-2.7911
37.63	-2.7912
37.63	-2.7912
37.63	-2.7910
37.63	-2.7911
37.63	-2.7910
37.62	-2.7912
37.62	-2.7911
37.62	-2.7909
37.62	-2.7910
37.62	-2.7911
37.61	-2.7910
37.61	-2.7910
37.61	-2.7909
37.60	-2.7909
37.59	-2.7909
37.59	-2.7909
37.59	-2.7910
37.59	-2.7909
37.59	-2.7908
37.59	-2.7909
37.58	-2.7907
37.58	-2.7909
37.58	-2.7908
37.58	-2.7908
37.58	-2.7908
37.57	-2.7908
37.56	-2.7910
37.56	-2.7909
37.56	-2.7907
37.55	-2.7909
37.55	-2.7905
37.55	-2.7907
37.55	-2.7907
37.55	-2.7909
37.54	-2.7908
37.55	-2.7907
37.54	-2.7907
37.54	-2.7908
37.53	-2.7907
37.53	-2.7907
37.53	-2.7907
37.52	-2.7907
37.52	-2.7909
37.52	-2.7907
37.52	-2.7906
37.52	-2.7910
37.52	-2.7906
37.51	-2.7907
37.51	-2.7908
37.51	-2.7907
37.51	-2.7906
37.51	-2.7907
37.50	-2.7905
37.50	-2.7906
37.49	-2.7906
37.49	-2.7906
37.49	-2.7905
37.49	-2.7904
37.49	-2.7905
37.48	-2.7904
37.48	-2.7904
37.48	-2.7903
37.47	-2.7903
37.47	-2.7902
37.47	-2.7902
37.47	-2.7903
37.47	-2.7903
37.46	-2.7902
37.46	-2.7903
37.46	-2.7902
37.46	-2.7903
37.46	-2.7902
37.45	-2.7903
37.45	-2.7903
37.45	-2.7902
37.45	-2.7902
37.44	-2.7900
37.44	-2.7900
37.44	-2.7899
37.44	-2.7899
37.43	-2.7897
37.43	-2.7899
37.43	-2.7897
37.43	-2.7898
37.42	-2.7900
37.42	-2.7898
37.42	-2.7898
37.42	-2.7899
37.41	-2.7899
37.41	-2.7897
37.41	-2.7897
37.40	-2.7896
37.40	-2.7896
37.40	-2.7897
37.40	-2.7896
37.40	-2.7897
37.40	-2.7896
37.39	-2.7895
37.39	-2.7894
37.38	-2.7895
37.38	-2.7896
37.38	-2.7893
37.38	-2.7895
37.38	-2.7894
37.37	-2.7895
37.37	-2.7894
37.37	-2.7894
37.37	-2.7894
37.36	-2.7894
37.36	-2.7893
37.35	-2.7892
37.35	-2.7892
37.35	-2.7892
37.35	-2.7892
37.35	-2.7891
37.34	-2.7893
37.34	-2.7891
37.34	-2.7892
37.34	-2.7892
37.34	-2.7891
37.34	-2.7890
37.34	-2.7890
37.33	-2.7889
37.33	-2.7891
37.33	-2.7890
37.32	-2.7888
37.32	-2.7890
37.31	-2.7889
37.31	-2.7887
37.30	-2.7889
37.30	-2.7888
37.30	-2.7889
37.30	-2.7889
37.30	-2.7889
37.30	-2.7888
37.30	-2.7887
37.30	-2.7889
37.29	-2.7887
37.29	-2.7889
37.29	-2.7886
37.28	-2.7886
37.28	-2.7886
37.27	-2.7885
37.27	-2.7883
37.27	-2.7884
37.27	-2.7885
37.27	-2.7884
37.27	-2.7883
37.27	-2.7884
37.27	-2.7883
37.26	-2.7884
37.26	-2.7883
37.26	-2.7882
37.25	-2.7883
37.25	-2.7882
37.25	-2.7881
37.24	-2.7883
37.24	-2.7881
37.24	-2.7880
37.24	-2.7880
37.23	-2.7880
37.23	-2.7880
37.23	-2.7880
37.22	-2.7879
37.22	-2.7878
37.22	-2.7878
37.21	-2.7879
37.21	-2.7879
37.21	-2.7877
37.20	-2.7877
37.20	-2.7878
37.20	-2.7876
37.20	-2.7877
37.20	-2.7877
37.20	-2.7876
37.19	-2.7876
37.19	-2.7876
37.19	-2.7875
37.19	-2.7875
37.19	-2.7877
37.18	-2.7877
37.18	-2.7875
37.18	-2.7875
37.18	-2.7874
37.18	-2.7874
37.17	-2.7875
37.17	-2.7875
37.17	-2.7874
37.16	-2.7873
37.16	-2.7873
37.15	-2.7872
37.15	-2.7873
37.15	-2.7872
37.15	-2.7873
37.15	-2.7870
37.15	-2.7871
37.14	-2.7871
37.14	-2.7871
37.14	-2.7871
37.13	-2.7872
37.13	-2.7870
37.13	-2.7872
37.13	-2.7869
37.13	-2.7869
37.13	-2.7870
37.12	-2.7869
37.12	-2.7871
37.11	-2.7870
37.11	-2.7869
37.11	-2.7869
37.10	-2.7869
37.10	-2.7869
37.10	-2.7868
37.10	-2.7868
37.10	-2.7867
37.09	-2.7868
37.09	-2.7868
37.09	-2.7867
37.09	-2.7867
37.09	-2.7867
37.08	-2.7866
37.08	-2.7865
37.08	-2.7865
37.07	-2.7866
37.07	-2.7866
37.07	-2.7865
37.07	-2.7866
37.07	-2.7865
37.06	-2.7867
37.06	-2.7865
37.06	-2.7863
37.05	-2.7865
37.05	-2.7864
37.05	-2.7864
37.04	-2.7865
37.04	-2.7862
37.04	-2.7864
37.04	-2.7862
37.03	-2.7863
37.03	-2.7863
37.03	-2.7863
37.02	-2.7864
37.02	-2.7864
37.02	-2.7861
37.02	-2.7863
37.02	-2.7864
37.02	-2.7863
37.01	-2.7862
37.01	-2.7861
37.01	-2.7863
37.01	-2.7861
37.00	-2.7862
37.00	-2.7862
37.00	-2.7861
37.00	-2.7862
36.99	-2.7860
36.99	-2.7860
36.99	-2.7860
36.98	-2.7860
36.98	-2.7861
36.98	-2.7860
36.98	-2.7860
36.98	-2.7861
36.98	-2.7860
36.98	-2.7858
36.97	-2.7859
36.97	-2.7859
36.96	-2.7860
36.96	-2.7857
36.96	-2.7858
36.95	-2.7857
36.95	-2.7857
36.95	-2.7859
36.95	-2.7856
36.95	-2.7857
36.94	-2.7856
36.94	-2.7857
36.94	-2.7856
36.94	-2.7858
36.94	-2.7857
36.93	-2.7856
36.94	-2.7857
36.93	-2.7855
36.93	-2.7855
36.93	-2.7855
36.92	-2.7855
36.92	-2.7856
36.92	-2.7854
36.92	-2.7854
36.91	-2.7854
36.91	-2.7855
36.90	-2.7854
36.90	-2.7855
36.90	-2.7852
36.90	-2.7851
36.89	-2.7851
36.89	-2.7851
36.89	-2.7852
36.89	-2.7850
36.88	-2.7849
36.88	-2.7849
36.88	-2.7850
36.88	-2.7849
36.88	-2.7848
36.88	-2.7847
36.87	-2.7848
36.87	-2.7848
36.87	-2.7848
36.86	-2.7847
36.86	-2.7847
36.86	-2.7845
36.85	-2.7846
36.85	-2.7846
36.85	-2.7845
36.85	-2.7847
36.84	-2.7846
36.84	-2.7846
36.84	-2.7844
36.84	-2.7844
36.84	-2.7846
36.83	-2.7845
36.83	-2.7843
36.83	-2.7844
36.82	-2.7844
36.82	-2.7845
36.82	-2.7844
36.82	-2.7844
36.82	-2.7844
36.81	-2.7842
36.81	-2.7844
36.81	-2.7842
36.80	-2.7843
36.80	-2.7843
36.80	-2.7841
36.80	-2.7841
36.80	-2.7842
36.80	-2.7842
36.79	-2.7842
36.79	-2.7841
36.79	-2.7841
36.79	-2.7840
36.79	-2.7840
36.79	-2.7840
36.78	-2.7839
36.78	-2.7840
36.78	-2.7839
36.77	-2.7839
36.77	-2.7839
36.77	-2.7838
36.77	-2.7840
36.76	-2.7837
36.76	-2.7838
36.76	-2.7839
36.76	-2.7838
36.75	-2.7838
36.75	-2.7836
36.75	-2.7836
36.74	-2.7837
36.74	-2.7837
36.74	-2.7837
36.74	-2.7837
36.74	-2.7838
36.73	-2.7837
36.73	-2.7836
36.73	-2.7836
36.73	-2.7836
36.73	-2.7836
36.72	-2.7835
36.72	-2.7834
36.71	-2.7836
36.71	-2.7835
36.71	-2.7834
36.71	-2.7835
36.70	-2.7835
36.70	-2.7833
36.70	-2.7833
36.70	-2.7833
36.70	-2.7834
36.70	-2.7832
36.69	-2.7831
36.69	-2.7831
36.68	-2.7831
36.68	-2.7830
36.67	-2.7829
36.67	-2.7830
36.66	-2.7829
36.66	-2.7829
36.66	-2.7825
36.66	-2.7826
36.66	-2.7825
36.66	-2.7826
36.66	-2.7826
36.66	-2.7826
36.66	-2.7826
36.66	-2.7826
36.65	-2.7826
36.65	-2.7824
36.65	-2.7824
36.65	-2.7824
36.65	-2.7823
36.64	-2.7824
36.64	-2.7824
36.63	-2.7824
36.63	-2.7824
36.63	-2.7824
36.63	-2.7825
36.63	-2.7824
36.62	-2.7825
36.62	-2.7824
36.62	-2.7823
36.61	-2.7824
36.61	-2.7823
36.60	-2.7824
36.60	-2.7824
36.59	-2.7826
36.59	-2.7824
36.59	-2.7825
36.59	-2.7823
36.59	-2.7825
36.59	-2.7825
36.59	-2.7825
36.59	-2.7825
36.58	-2.7824
36.58	-2.7825
36.58	-2.7825
36.58	-2.7826
36.58	-2.7823
36.58	-2.7824
36.57	-2.7825
36.57	-2.7822
36.56	-2.7825
36.56	-2.7824
36.55	-2.7824
36.55	-2.7822
36.55	-2.7820
36.55	-2.7821
36.55	-2.7823
36.55	-2.7821
36.54	-2.7824
36.54	-2.7824
36.53	-2.7821
36.53	-2.7823
36.53	-2.7822
36.53	-2.7822
36.53	-2.7820
36.52	-2.7821
36.52	-2.7821
36.52	-2.7821
36.52	-2.7821
36.51	-2.7820
36.51	-2.7820
36.51	-2.7819
36.51	-2.7818
36.51	-2.7817
36.50	-2.7819
36.50	-2.7818
36.49	-2.7818
36.49	-2.7817
36.49	-2.7815
36.49	-2.7816
36.49	-2.7815
36.49	-2.7813
36.48	-2.7812
36.48	-2.7812
36.48	-2.7812
36.48	-2.7813
36.48	-2.7812
36.47	-2.7811
36.47	-2.7811
36.46	-2.7811
36.46	-2.7809
36.46	-2.7808
36.45	-2.7809
36.45	-2.7808
36.45	-2.7809
36.45	-2.7809
36.45	-2.7808
36.45	-2.7807
36.45	-2.7808
36.44	-2.7808
36.44	-2.7807
36.43	-2.7808
36.43	-2.7806
36.43	-2.7808
36.43	-2.7805
36.42	-2.7806
36.42	-2.7806
36.42	-2.7805
36.42	-2.7804
36.41	-2.7806
36.41	-2.7804
36.40	-2.7806
36.40	-2.7804
36.40	-2.7805
36.40	-2.7803
36.40	-2.7803
36.40	-2.7805
36.40	-2.7803
36.39	-2.7802
36.39	-2.7802
36.39	-2.7802
36.38	-2.7801
36.38	-2.7799
36.38	-2.7800
36.38	-2.7801
36.38	-2.7801
36.38	-2.7802
36.37	-2.7801
36.37	-2.7801
36.37	-2.7798
36.36	-2.7800
36.36	-2.7798
36.36	-2.7799
36.35	-2.7798
36.35	-2.7799
36.35	-2.7798
36.35	-2.7799
36.35	-2.7798
36.34	-2.7797
36.33	-2.7798
36.34	-2.7797
36.34	-2.7798
36.33	-2.7798
36.33	-2.7797
36.33	-2.7798
36.33	-2.7797
36.32	-2.7797
36.32	-2.7797
36.32	-2.7797
36.32	-2.7797
36.32	-2.7798
36.31	-2.7795
36.31	-2.7797
36.30	-2.7797
36.30	-2.7797
36.30	-2.7795
36.30	-2.7797
36.30	-2.7795
36.29	-2.7796
36.29	-2.7794
36.29	-2.7797
36.29	-2.7796
36.28	-2.7797
36.28	-2.7795
36.27	-2.7796
36.27	-2.7797
36.27	-2.7797
36.27	-2.7796
36.27	-2.7796
36.26	-2.7796
36.26	-2.7797
36.26	-2.7797
36.26	-2.7796
36.25	-2.7796
36.25	-2.7795
36.24	-2.7796
36.24	-2.7795
36.24	-2.7796
36.24	-2.7795
36.24	-2.7795
36.24	-2.7797
36.24	-2.7795
36.23	-2.7796
36.23	-2.7796
36.23	-2.7796
36.23	-2.7794
36.23	-2.7796
36.23	-2.7795
36.23	-2.7795
36.22	-2.7794
36.21	-2.7794
36.21	-2.7795
36.21	-2.7795
36.20	-2.7795
36.20	-2.7796
36.20	-2.7795
36.20	-2.7795
36.19	-2.7794
36.19	-2.7795
36.19	-2.7796
36.19	-2.7795
36.19	-2.7795
36.18	-2.7795
36.18	-2.7794
36.18	-2.7796
36.18	-2.7797
36.17	-2.7795
36.17	-2.7797
36.17	-2.7795
36.16	-2.7795
36.16	-2.7795
36.15	-2.7795
36.15	-2.7796
36.15	-2.7795
36.15	-2.7797
36.15	-2.7796
36.15	-2.7796
36.14	-2.7797
36.14	-2.7795
36.14	-2.7795
36.14	-2.7794
36.14	-2.7796
36.14	-2.7795
36.13	-2.7797
36.13	-2.7795
36.12	-2.7795
36.12	-2.7796
36.12	-2.7796
36.12	-2.7795
36.12	-2.7795
36.11	-2.7795
36.11	-2.7793
36.10	-2.7794
36.11	-2.7796
36.10	-2.7795
36.10	-2.7795
36.09	-2.7795
36.09	-2.7795
36.09	-2.7793
36.08	-2.7794
36.08	-2.7793
36.08	-2.7794
36.08	-2.7793
36.08	-2.7792
36.08	-2.7793
36.08	-2.7792
36.08	-2.7792
36.07	-2.7794
36.07	-2.7792
36.07	-2.7792
36.06	-2.7790
36.06	-2.7791
36.06	-2.7791
36.06	-2.7791
36.05	-2.7791
36.05	-2.7790
36.05	-2.7791
36.05	-2.7789
36.04	-2.7790
36.04	-2.7790
36.04	-2.7786
36.03	-2.7788
36.03	-2.7787
36.03	-2.7787
36.03	-2.7787
36.03	-2.7786
36.02	-2.7788
36.02	-2.7786
36.02	-2.7787
36.02	-2.7785
36.02	-2.7785
36.01	-2.7785
36.01	-2.7786
36.00	-2.7787
36.00	-2.7786
36.00	-2.7786
36.00	-2.7787
35.99	-2.7784
35.99	-2.7786
35.99	-2.7785
35.99	-2.7785
35.99	-2.7786
35.99	-2.7785
35.98	-2.7786
35.98	-2.7785
35.98	-2.7787
35.98	-2.7785
35.97	-2.7785
35.97	-2.7784
35.96	-2.7785
35.96	-2.7785
35.96	-2.7783
35.95	-2.7784
35.95	-2.7784
35.96	-2.7784
35.95	-2.7784
35.95	-2.7783
35.95	-2.7783
35.95	-2.7783
35.94	-2.7783
35.94	-2.7783
35.93	-2.7783
35.93	-2.7785
35.93	-2.7783
35.92	-2.7783
35.92	-2.7784
35.92	-2.7782
35.92	-2.7780
35.92	-2.7784
35.92	-2.7783
35.91	-2.7780
35.91	-2.7781
35.91	-2.7781
35.90	-2.7778
35.90	-2.7778
35.90	-2.7780
35.90	-2.7781
35.90	-2.7779
35.90	-2.7779
35.90	-2.7779
35.89	-2.7779
35.89	-2.7779
35.88	-2.7778
35.88	-2.7777
35.88	-2.7778
35.88	-2.7776
35.88	-2.7778
35.87	-2.7778
35.87	-2.7777
35.87	-2.7778
35.87	-2.7777
35.87	-2.7780
35.86	-2.7776
35.86	-2.7777
35.86	-2.7776
35.86	-2.7776
35.86	-2.7773
35.85	-2.7776
35.85	-2.7776
35.85	-2.7776
35.84	-2.7774
35.84	-2.7775
35.84	-2.7775
35.84	-2.7773
35.83	-2.7775
35.83	-2.7774
35.83	-2.7774
35.83	-2.7773
35.82	-2.7774
35.82	-2.7775
35.81	-2.7773
35.81	-2.7773
35.81	-2.7773
35.81	-2.7773
35.81	-2.7772
35.80	-2.7773
35.80	-2.7773
35.80	-2.7772
35.80	-2.7772
35.80	-2.7773
35.79	-2.7773
35.79	-2.7772
35.79	-2.7769
35.78	-2.7770
35.78	-2.7772
35.78	-2.7770
35.77	-2.7771
35.77	-2.7771
35.77	-2.7768
35.76	-2.7768
35.76	-2.7768
35.76	-2.7768
35.76	-2.7767
35.76	-2.7770
35.75	-2.7769
35.75	-2.7768
35.75	-2.7769
35.75	-2.7768
35.74	-2.7768
35.74	-2.7769
35.74	-2.7766
35.74	-2.7765
35.73	-2.7765
35.73	-2.7766
35.73	-2.7766
35.73	-2.7767
35.73	-2.7765
35.73	-2.7765
35.73	-2.7765
35.72	-2.7765
35.72	-2.7766
35.72	-2.7766
35.71	-2.7764
35.71	-2.7763
35.71	-2.7764
35.71	-2.7763
35.71	-2.7764
35.70	-2.7763
35.70	-2.7763
35.70	-2.7763
35.70	-2.7763
35.69	-2.7763
35.69	-2.7760
35.69	-2.7761
35.68	-2.7760
35.68	-2.7760
35.68	-2.7760
35.68	-2.7760
35.68	-2.7760
35.68	-2.7758
35.68	-2.7759
35.67	-2.7758
35.67	-2.7759
35.67	-2.7758
35.66	-2.7757
35.66	-2.7757
35.66	-2.7756
35.65	-2.7755
35.65	-2.7755
35.65	-2.7754
35.65	-2.7755
35.64	-2.7756
35.64	-2.7754
35.64	-2.7754
35.63	-2.7752
35.63	-2.7753
35.63	-2.7755
35.63	-2.7753
35.62	-2.7755
35.62	-2.7755
35.62	-2.7753
35.62	-2.7755
35.61	-2.7754
35.61	-2.7753
35.61	-2.7753
35.61	-2.7754
35.60	-2.7752
35.60	-2.7753
35.60	-2.7753
35.60	-2.7752
35.60	-2.7753
35.59	-2.7752
35.59	-2.7751
35.59	-2.7751
35.59	-2.7751
35.58	-2.7750
35.58	-2.7750
35.58	-2.7751
35.58	-2.7749
35.57	-2.7749
35.57	-2.7750
35.57	-2.7748
35.57	-2.7747
35.56	-2.7750
35.56	-2.7748
35.55	-2.7747
35.55	-2.7749
35.55	-2.7750
35.55	-2.7748
35.55	-2.7748
35.54	-2.7747
35.54	-2.7747
35.53	-2.7748
35.53	-2.7749
35.53	-2.7748
35.53	-2.7747
35.53	-2.7746
35.53	-2.7746
35.52	-2.7746
35.52	-2.7747
35.52	-2.7746
35.52	-2.7747
35.52	-2.7746
35.51	-2.7747
35.51	-2.7747
35.51	-2.7745
35.51	-2.7747
35.50	-2.7746
35.50	-2.7745
35.50	-2.7745
35.49	-2.7746
35.49	-2.7746
35.49	-2.7746
35.49	-2.7744
35.48	-2.7744
35.48	-2.7745
35.48	-2.7745
35.48	-2.7744
35.48	-2.7744
35.48	-2.7745
35.47	-2.7742
35.47	-2.7742
35.47	-2.7742
35.47	-2.7741
35.46	-2.7742
35.46	-2.7741
35.46	-2.7742
35.45	-2.7740
35.45	-2.7740
35.45	-2.7740
35.45	-2.7740
35.44	-2.7740
35.44	-2.7739
35.43	-2.7738
35.43	-2.7738
35.43	-2.7739
35.43	-2.7739
35.43	-2.7738
35.43	-2.7737
35.42	-2.7738
35.42	-2.7737
35.42	-2.7737
35.42	-2.7736
35.41	-2.7736
35.41	-2.7736
35.41	-2.7735
35.41	-2.7737
35.40	-2.7735
35.40	-2.7736
35.40	-2.7735
35.40	-2.7735
35.40	-2.7735
35.39	-2.7735
35.39	-2.7737
35.39	-2.7734
35.38	-2.7735
35.38	-2.7734
35.37	-2.7735
35.37	-2.7733
35.37	-2.7735
35.37	-2.7735
35.37	-2.7735
35.36	-2.7734
35.36	-2.7733
35.35	-2.7734
35.35	-2.7735
35.35	-2.7734
35.35	-2.7732
35.35	-2.7733
35.34	-2.7733
35.34	-2.7733
35.34	-2.7734
35.34	-2.7733
35.34	-2.7732
35.34	-2.7733
35.33	-2.7733
35.33	-2.7733
35.33	-2.7733
35.33	-2.7732
35.33	-2.7731
35.32	-2.7731
35.32	-2.7731
35.31	-2.7731
35.31	-2.7731
35.31	-2.7728
35.31	-2.7730
35.31	-2.7731
35.31	-2.7728
35.30	-2.7732
35.30	-2.7728
35.30	-2.7728
35.29	-2.7729
35.29	-2.7728
35.28	-2.7728
35.28	-2.7727
35.28	-2.7728
35.27	-2.7726
35.27	-2.7727
35.27	-2.7727
35.27	-2.7727
35.27	-2.7726
35.26	-2.7724
35.26	-2.7724
35.26	-2.7726
35.26	-2.7725
35.26	-2.7724
35.25	-2.7724
35.25	-2.7723
35.25	-2.7726
35.25	-2.7725
35.25	-2.7724
35.24	-2.7723
35.24	-2.7723
35.24	-2.7724
35.24	-2.7723
35.23	-2.7724
35.23	-2.7724
35.23	-2.7723
35.23	-2.7722
35.23	-2.7722
35.23	-2.7723
35.22	-2.7723
35.21	-2.7721
35.21	-2.7722
35.21	-2.7723
35.21	-2.7725
35.20	-2.7725
35.20	-2.7726
35.20	-2.7726
35.20	-2.7726
35.20	-2.7725
35.19	-2.7726
35.19	-2.7726
35.19	-2.7726
35.18	-2.7727
35.18	-2.7728
35.18	-2.7728
35.18	-2.7727
35.18	-2.7719
35.18	-2.7719
35.17	-2.7719
35.17	-2.7722
35.17	-2.7721
35.16	-2.7719
35.16	-2.7717
35.16	-2.7719
35.16	-2.7720
35.15	-2.7718
35.15	-2.7716
35.15	-2.7718
35.15	-2.7717
35.15	-2.7716
35.14	-2.7715
35.14	-2.7716
35.13	-2.7715
35.13	-2.7715
35.13	-2.7716
35.13	-2.7715
35.13	-2.7714
35.13	-2.7714
35.13	-2.7715
35.12	-2.7714
35.12	-2.7716
35.11	-2.7712
35.11	-2.7712
35.11	-2.7712
35.11	-2.7712
35.10	-2.7712
35.10	-2.7711
35.10	-2.7710
35.10	-2.7710
35.09	-2.7709
35.09	-2.7710
35.09	-2.7709
35.08	-2.7709
35.08	-2.7710
35.08	-2.7707
35.08	-2.7709
35.08	-2.7708
35.08	-2.7708
35.08	-2.7708
35.08	-2.7708
35.07	-2.7707
35.06	-2.7709
35.05	-2.7708
35.05	-2.7707
35.05	-2.7707
35.05	-2.7706
35.05	-2.7705
35.05	-2.7706
35.04	-2.7704
35.04	-2.7705
35.04	-2.7703
35.04	-2.7704
35.04	-2.7705
35.03	-2.7706
35.03	-2.7705
35.03	-2.7703
35.02	-2.7705
35.02	-2.7704
35.02	-2.7705
35.02	-2.7705
35.02	-2.7704
35.02	-2.7704
35.02	-2.7703
35.01	-2.7704
35.01	-2.7703
35.01	-2.7703
35.01	-2.7704
35.00	-2.7704
35.00	-2.7703
34.99	-2.7704
34.99	-2.7703
34.99	-2.7704
34.99	-2.7703
34.99	-2.7702
34.98	-2.7703
34.98	-2.7704
34.98	-2.7705
34.98	-2.7703
34.98	-2.7704
34.97	-2.7703
34.97	-2.7703
34.97	-2.7703
34.97	-2.7702
34.97	-2.7702
34.96	-2.7702
34.96	-2.7703
34.95	-2.7701
34.95	-2.7702
34.95	-2.7702
34.95	-2.7701
34.95	-2.7700
34.95	-2.7700
34.95	-2.7700
34.94	-2.7699
34.94	-2.7700
34.94	-2.7699
34.93	-2.7699
34.93	-2.7700
34.93	-2.7700
34.93	-2.7699
34.92	-2.7699
34.92	-2.7698
34.92	-2.7699
34.92	-2.7698
34.92	-2.7694
34.91	-2.7695
34.91	-2.7696
34.90	-2.7694
34.90	-2.7694
34.90	-2.7693
34.90	-2.7693
34.89	-2.7692
34.89	-2.7694
34.89	-2.7693
34.88	-2.7692
34.88	-2.7692
34.88	-2.7692
34.88	-2.7693
34.88	-2.7691
34.88	-2.7692
34.87	-2.7691
34.87	-2.7690
34.87	-2.7690
34.87	-2.7690
34.86	-2.7691
34.85	-2.7689
34.85	-2.7690
34.85	-2.7689
34.85	-2.7689
34.84	-2.7689
34.84	-2.7689
34.84	-2.7688
34.84	-2.7687
34.84	-2.7686
34.83	-2.7688
34.83	-2.7688
34.83	-2.7686
34.82	-2.7686
34.82	-2.7686
34.82	-2.7687
34.82	-2.7686
34.82	-2.7685
34.82	-2.7686
34.81	-2.7685
34.81	-2.7684
34.81	-2.7684
34.81	-2.7685
34.80	-2.7683
34.80	-2.7684
34.80	-2.7684
34.80	-2.7683
34.79	-2.7682
34.79	-2.7681
34.79	-2.7681
34.79	-2.7684
34.78	-2.7684
34.78	-2.7681
34.78	-2.7683
34.78	-2.7681
34.77	-2.7681
34.77	-2.7682
34.77	-2.7682
34.77	-2.7683
34.77	-2.7681
34.76	-2.7682
34.76	-2.7682
34.75	-2.7682
34.75	-2.7683
34.74	-2.7682
34.74	-2.7682
34.74	-2.7681
34.74	-2.7682
34.74	-2.7682
34.74	-2.7683
34.73	-2.7681
34.73	-2.7680
34.73	-2.7682
34.73	-2.7682
34.73	-2.7680
34.72	-2.7681
34.72	-2.7680
34.72	-2.7681
34.72	-2.7680
34.71	-2.7681
34.71	-2.7680
34.70	-2.7680
34.70	-2.7679
34.70	-2.7679
34.70	-2.7679
34.70	-2.7677
34.70	-2.7679
34.70	-2.7678
34.69	-2.7678
34.69	-2.7678
34.69	-2.7679
34.69	-2.7678
34.69	-2.7678
34.68	-2.7679
34.68	-2.7676
34.68	-2.7677
34.67	-2.7679
34.67	-2.7679
34.67	-2.7677
34.67	-2.7677
34.66	-2.7676
34.66	-2.7679
34.65	-2.7679
34.65	-2.7678
34.65	-2.7679
34.65	-2.7678
34.65	-2.7679
34.64	-2.7679
34.64	-2.7678
34.64	-2.7678
34.63	-2.7678
34.63	-2.7681
34.63	-2.7679
34.63	-2.7677
34.63	-2.7677
34.63	-2.7679
34.62	-2.7678
34.62	-2.7678
34.61	-2.7679
34.61	-2.7679
34.61	-2.7679
34.60	-2.7681
34.60	-2.7679
34.60	-2.7679
34.60	-2.7681
34.60	-2.7681
34.60	-2.7679
34.59	-2.7679
34.59	-2.7678
34.59	-2.7680
34.58	-2.7680
34.58	-2.7679
34.58	-2.7678
34.58	-2.7676
34.58	-2.7676
34.58	-2.7676
34.58	-2.7677
34.57	-2.7676
34.57	-2.7676
34.57	-2.7676
34.56	-2.7676
34.56	-2.7677
34.55	-2.7677
34.55	-2.7673
34.55	-2.7677
34.55	-2.7677
34.55	-2.7676
34.54	-2.7674
34.54	-2.7675
34.54	-2.7676
34.54	-2.7677
34.53	-2.7676
34.53	-2.7674
34.53	-2.7675
34.53	-2.7673
34.52	-2.7674
34.52	-2.7675
34.52	-2.7673
34.52	-2.7672
34.52	-2.7673
34.51	-2.7672
34.51	-2.7675
34.51	-2.7674
34.50	-2.7673
34.50	-2.7673
34.50	-2.7673
34.50	-2.7674
34.49	-2.7672
34.49	-2.7674
34.49	-2.7674
34.49	-2.7674
34.48	-2.7674
34.48	-2.7674
34.48	-2.7671
34.48	-2.7673
34.48	-2.7672
34.47	-2.7674
34.47	-2.7673
34.46	-2.7675
34.46	-2.7673
34.46	-2.7674
34.46	-2.7673
34.45	-2.7673
34.45	-2.7675
34.45	-2.7673
34.45	-2.7673
34.45	-2.7673
34.44	-2.7672
34.44	-2.7671
34.44	-2.7672
34.44	-2.7671
34.44	-2.7672
34.44	-2.7671
34.43	-2.7671
34.43	-2.7672
34.43	-2.7670
34.42	-2.7671
34.42	-2.7670
34.42	-2.7670
34.42	-2.7669
34.42	-2.7669
34.41	-2.7670
34.41	-2.7669
34.40	-2.7668
34.40	-2.7668
34.40	-2.7669
34.40	-2.7670
34.39	-2.7669
34.39	-2.7667
34.39	-2.7667
34.39	-2.7668
34.38	-2.7668
34.38	-2.7666
34.38	-2.7667
34.37	-2.7668
34.37	-2.7668
34.37	-2.7667
34.37	-2.7666
34.37	-2.7668
34.36	-2.7667
34.36	-2.7667
34.36	-2.7666
34.36	-2.7664
34.35	-2.7667
34.34	-2.7666
34.34	-2.7666
34.34	-2.7664
34.34	-2.7665
34.34	-2.7664
34.34	-2.7665
34.34	-2.7663
34.33	-2.7664
34.33	-2.7661
34.33	-2.7664
34.33	-2.7663
34.33	-2.7666
34.33	-2.7663
34.32	-2.7661
34.32	-2.7663
34.31	-2.7663
34.31	-2.7662
34.30	-2.7663
34.30	-2.7661
34.30	-2.7662
34.29	-2.7661
34.29	-2.7660
34.29	-2.7660
34.29	-2.7660
34.29	-2.7661
34.29	-2.7660
34.28	-2.7659
34.28	-2.7660
34.28	-2.7657
34.28	-2.7660
34.28	-2.7658
34.27	-2.7660
34.27	-2.7659
34.27	-2.7659
34.27	-2.7658
34.27	-2.7658
34.26	-2.7657
34.26	-2.7658
34.25	-2.7657
34.25	-2.7657
34.24	-2.7655
34.24	-2.7655
34.24	-2.7655
34.24	-2.7655
34.24	-2.7656
34.24	-2.7656
34.24	-2.7654
34.23	-2.7655
34.23	-2.7655
34.23	-2.7654
34.23	-2.7653
34.22	-2.7654
34.22	-2.7655
34.22	-2.7654
34.22	-2.7653
34.22	-2.7652
34.22	-2.7652
34.21	-2.7652
34.21	-2.7654
34.20	-2.7654
34.20	-2.7653
34.20	-2.7653
34.19	-2.7652
34.19	-2.7653
34.19	-2.7650
34.19	-2.7651
34.18	-2.7651
34.18	-2.7652
34.18	-2.7652
34.18	-2.7653
34.18	-2.7652
34.18	-2.7652
34.18	-2.7650
34.18	-2.7652
34.17	-2.7651
34.17	-2.7650
34.17	-2.7650
34.16	-2.7651
34.16	-2.7648
34.15	-2.7650
34.15	-2.7650
34.15	-2.7650
34.15	-2.7649
34.15	-2.7649
34.14	-2.7649
34.14	-2.7649
34.14	-2.7650
34.13	-2.7648
34.13	-2.7648
34.13	-2.7647
34.13	-2.7648
34.13	-2.7647
34.12	-2.7647
34.12	-2.7645
34.12	-2.7647
34.11	-2.7646
34.11	-2.7645
34.11	-2.7648
34.10	-2.7645
34.10	-2.7645
34.10	-2.7644
34.09	-2.7646
34.09	-2.7645
34.09	-2.7645
34.09	-2.7643
34.09	-2.7645
34.09	-2.7644
34.09	-2.7644
34.09	-2.7642
34.08	-2.7642
34.08	-2.7643
34.08	-2.7642
34.08	-2.7644
34.07	-2.7643
34.07	-2.7641
34.07	-2.7644
34.06	-2.7640
34.06	-2.7641
34.06	-2.7641
34.06	-2.7641
34.06	-2.7641
34.05	-2.7641
34.05	-2.7640
34.05	-2.7641
34.05	-2.7641
34.05	-2.7640
34.04	-2.7638
34.04	-2.7639
34.04	-2.7639
34.04	-2.7640
34.04	-2.7637
34.04	-2.7638
34.03	-2.7639
34.02	-2.7639
34.02	-2.7637
34.02	-2.7638
34.01	-2.7638
34.01	-2.7639
34.01	-2.7636
34.00	-2.7638
34.00	-2.7637
34.00	-2.7637
34.00	-2.7637
34.00	-2.7634
34.00	-2.7635
33.99	-2.7637
33.99	-2.7634
33.99	-2.7636
33.99	-2.7634
33.99	-2.7635
33.98	-2.7635
33.98	-2.7635
33.98	-2.7635
33.98	-2.7634
33.98	-2.7633
33.97	-2.7635
33.97	-2.7634
33.96	-2.7633
33.96	-2.7634
33.96	-2.7634
33.95	-2.7632
33.95	-2.7634
33.95	-2.7633
33.95	-2.7634
33.95	-2.7632
33.95	-2.7633
33.94	-2.7633
33.94	-2.7633
33.94	-2.7632
33.94	-2.7630
33.93	-2.7630
33.93	-2.7630
33.92	-2.7631
33.92	-2.7630
33.92	-2.7630
33.92	-2.7630
33.92	-2.7630
33.91	-2.7630
33.91	-2.7630
33.91	-2.7630
33.91	-2.7631
33.91	-2.7630
33.90	-2.7629
33.90	-2.7629
33.90	-2.7629
33.90	-2.7631
33.90	-2.7628
33.90	-2.7630
33.89	-2.7629
33.89	-2.7629
33.88	-2.7630
33.88	-2.7630
33.88	-2.7629
33.87	-2.7628
33.87	-2.7628
33.87	-2.7630
33.86	-2.7627
33.86	-2.7626
33.86	-2.7627
33.86	-2.7628
33.86	-2.7627
33.85	-2.7626
33.85	-2.7627
33.85	-2.7627
33.84	-2.7627
33.84	-2.7625
33.84	-2.7627
33.84	-2.7625
33.84	-2.7626
33.83	-2.7625
33.83	-2.7624
33.83	-2.7624
33.83	-2.7625
33.83	-2.7626
33.83	-2.7623
33.82	-2.7624
33.82	-2.7624
33.82	-2.7624
33.81	-2.7623
33.81	-2.7622
33.81	-2.7623
33.80	-2.7623
33.80	-2.7622
33.80	-2.7623
33.80	-2.7622
33.79	-2.7622
33.79	-2.7623
33.79	-2.7622
33.79	-2.7621
33.78	-2.7622
33.78	-2.7621
33.78	-2.7622
33.77	-2.7623
33.77	-2.7621
33.77	-2.7621
33.77	-2.7620
33.77	-2.7621
33.77	-2.7620
33.76	-2.7620
33.76	-2.7621
33.75	-2.7619
33.76	-2.7618
33.75	-2.7619
33.75	-2.7618
33.75	-2.7618
33.75	-2.7617
33.74	-2.7618
33.74	-2.7617
33.74	-2.7617
33.74	-2.7617
33.73	-2.7615
33.73	-2.7615
33.73	-2.7615
33.73	-2.7615
33.73	-2.7615
33.72	-2.7612
33.72	-2.7614
33.72	-2.7612
33.71	-2.7614
33.71	-2.7612
33.71	-2.7612
33.70	-2.7611
33.70	-2.7610
33.70	-2.7609
33.70	-2.7610
33.70	-2.7609
33.70	-2.7609
33.69	-2.7609
33.69	-2.7609
33.68	-2.7609
33.68	-2.7608
33.68	-2.7607
33.68	-2.7607
33.67	-2.7607
33.67	-2.7608
33.67	-2.7606
33.67	-2.7606
33.67	-2.7606
33.67	-2.7605
33.66	-2.7604
33.66	-2.7606
33.66	-2.7604
33.65	-2.7605
33.65	-2.7605
33.65	-2.7606
33.64	-2.7605
33.64	-2.7603
33.64	-2.7603
33.64	-2.7603
33.64	-2.7604
33.63	-2.7601
33.63	-2.7603
33.63	-2.7603
33.63	-2.7602
33.63	-2.7602
33.62	-2.7602
33.62	-2.7601
33.61	-2.7601
33.61	-2.7601
33.61	-2.7602
33.61	-2.7601
33.60	-2.7604
33.60	-2.7602
33.60	-2.7601
33.60	-2.7600
33.59	-2.7601
33.59	-2.7600
33.59	-2.7601
33.59	-2.7601
33.59	-2.7602
33.58	-2.7600
33.58	-2.7600
33.58	-2.7601
33.58	-2.7599
33.58	-2.7599
33.58	-2.7600
33.57	-2.7597
33.57	-2.7598
33.57	-2.7599
33.56	-2.7596
33.56	-2.7597
33.56	-2.7597
33.55	-2.7596
33.55	-2.7596
33.55	-2.7596
33.55	-2.7595
33.55	-2.7593
33.54	-2.7594
33.54	-2.7592
33.54	-2.7594
33.54	-2.7591
33.54	-2.7592
33.53	-2.7592
33.53	-2.7591
33.52	-2.7591
33.52	-2.7590
33.52	-2.7589
33.52	-2.7591
33.52	-2.7590
33.51	-2.7590
33.50	-2.7588
33.50	-2.7589
33.49	-2.7589
33.49	-2.7587
33.49	-2.7588
33.49	-2.7588
33.49	-2.7588
33.49	-2.7587
33.49	-2.7586
33.49	-2.7587
33.48	-2.7588
33.48	-2.7587
33.48	-2.7587
33.48	-2.7588
33.48	-2.7588
33.47	-2.7588
33.47	-2.7587
33.47	-2.7587
33.46	-2.7588
33.46	-2.7585
33.46	-2.7586
33.46	-2.7588
33.46	-2.7588
33.45	-2.7585
33.45	-2.7587
33.45	-2.7589
33.45	-2.7587
33.45	-2.7589
33.45	-2.7587
33.45	-2.7586
33.44	-2.7586
33.43	-2.7587
33.43	-2.7587
33.42	-2.7587
33.42	-2.7588
33.42	-2.7587
33.42	-2.7588
33.42	-2.7586
33.42	-2.7587
33.41	-2.7586
33.41	-2.7586
33.41	-2.7586
33.40	-2.7587
33.40	-2.7586
33.40	-2.7585
33.39	-2.7587
33.39	-2.7584
33.39	-2.7586
33.39	-2.7584
33.38	-2.7585
33.38	-2.7584
33.38	-2.7584
33.38	-2.7583
33.38	-2.7582
33.37	-2.7583
33.37	-2.7584
33.37	-2.7582
33.36	-2.7580
33.36	-2.7582
33.36	-2.7580
33.36	-2.7583
33.36	-2.7580
33.35	-2.7581
33.35	-2.7580
33.35	-2.7581
33.35	-2.7578
33.34	-2.7580
33.34	-2.7578
33.34	-2.7580
33.33	-2.7578
33.33	-2.7579
33.33	-2.7577
33.33	-2.7578
33.33	-2.7580
33.33	-2.7578
33.32	-2.7578
33.32	-2.7578
33.32	-2.7578
33.32	-2.7577
33.31	-2.7577
33.31	-2.7577
33.31	-2.7578
33.30	-2.7576
33.30	-2.7578
33.30	-2.7576
33.30	-2.7578
33.30	-2.7577
33.29	-2.7577
33.29	-2.7576
33.29	-2.7577
33.29	-2.7576
33.28	-2.7576
33.28	-2.7576
33.27	-2.7576
33.27	-2.7575
33.27	-2.7577
33.27	-2.7575
33.27	-2.7575
33.26	-2.7575
33.26	-2.7574
33.26	-2.7574
33.25	-2.7573
33.25	-2.7573
33.25	-2.7575
33.24	-2.7572
33.24	-2.7573
33.24	-2.7573
33.24	-2.7572
33.24	-2.7573
33.24	-2.7572
33.23	-2.7573
33.23	-2.7571
33.23	-2.7573
33.23	-2.7571
33.23	-2.7572
33.23	-2.7572
33.22	-2.7570
33.21	-2.7572
33.21	-2.7571
33.21	-2.7570
33.20	-2.7570
33.20	-2.7571
33.20	-2.7570
33.20	-2.7571
33.20	-2.7571
33.20	-2.7570
33.20	-2.7570
33.19	-2.7569
33.19	-2.7569
33.19	-2.7570
33.18	-2.7568
33.18	-2.7570
33.18	-2.7569
33.18	-2.7570
33.17	-2.7568
33.17	-2.7567
33.17	-2.7567
33.17	-2.7569
33.17	-2.7569
33.17	-2.7570
33.16	-2.7567
33.16	-2.7568
33.16	-2.7567
33.15	-2.7566
33.15	-2.7568
33.15	-2.7568
33.15	-2.7568
33.15	-2.7566
33.15	-2.7569
33.14	-2.7565
33.14	-2.7567
33.14	-2.7568
33.13	-2.7567
33.13	-2.7566
33.13	-2.7565
33.13	-2.7566
33.13	-2.7567
33.13	-2.7567
33.12	-2.7565
33.12	-2.7566
33.12	-2.7565
33.11	-2.7565
33.11	-2.7564
33.10	-2.7566
33.10	-2.7567
33.10	-2.7567
33.09	-2.7566
33.09	-2.7566
33.09	-2.7567
33.09	-2.7567
33.09	-2.7564
33.08	-2.7566
33.08	-2.7567
33.08	-2.7566
33.08	-2.7566
33.07	-2.7566
33.07	-2.7566
33.07	-2.7566
33.07	-2.7566
33.07	-2.7565
33.06	-2.7567
33.06	-2.7564
33.05	-2.7565
33.05	-2.7563
33.05	-2.7565
33.05	-2.7566
33.05	-2.7565
33.05	-2.7564
33.05	-2.7566
33.04	-2.7567
33.04	-2.7564
33.04	-2.7566
33.04	-2.7565
33.03	-2.7566
33.03	-2.7563
33.03	-2.7564
33.02	-2.7563
33.02	-2.7564
33.02	-2.7564
33.02	-2.7565
33.01	-2.7564
33.01	-2.7564
33.00	-2.7562
33.00	-2.7563
33.00	-2.7564
33.00	-2.7565
32.99	-2.7564
32.99	-2.7563
32.99	-2.7562
32.99	-2.7563
32.99	-2.7562
32.99	-2.7563
32.98	-2.7560
32.98	-2.7562
32.98	-2.7561
32.98	-2.7562
32.98	-2.7561
32.97	-2.7562
32.97	-2.7561
32.97	-2.7562
32.97	-2.7561
32.96	-2.7560
32.96	-2.7560
32.96	-2.7560
32.95	-2.7560
32.95	-2.7560
32.95	-2.7559
32.95	-2.7560
32.95	-2.7558
32.94	-2.7560
32.93	-2.7559
32.93	-2.7561
32.93	-2.7559
32.93	-2.7560
32.93	-2.7559
32.92	-2.7559
32.92	-2.7559
32.92	-2.7560
32.92	-2.7560
32.92	-2.7558
32.91	-2.7559
32.91	-2.7558
32.91	-2.7558
32.91	-2.7558
32.90	-2.7559
32.90	-2.7558
32.90	-2.7559
32.89	-2.7558
32.89	-2.7559
32.89	-2.7557
32.89	-2.7557
32.88	-2.7557
32.88	-2.7557
32.88	-2.7557
32.88	-2.7559
32.88	-2.7556
32.88	-2.7554
32.87	-2.7556
32.87	-2.7556
32.87	-2.7556
32.86	-2.7555
32.85	-2.7556
32.85	-2.7555
32.85	-2.7557
32.85	-2.7555
32.85	-2.7554
32.85	-2.7555
32.84	-2.7555
32.84	-2.7553
32.84	-2.7554
32.84	-2.7554
32.84	-2.7553
32.83	-2.7555
32.83	-2.7555
32.83	-2.7555
32.83	-2.7555
32.82	-2.7554
32.82	-2.7555
32.81	-2.7555
32.81	-2.7554
32.81	-2.7554
32.81	-2.7553
32.80	-2.7553
32.80	-2.7553
32.80	-2.7554
32.80	-2.7554
32.80	-2.7554
32.79	-2.7553
32.79	-2.7553
32.79	-2.7551
32.79	-2.7551
32.79	-2.7551
32.78	-2.7550
32.78	-2.7552
32.78	-2.7550
32.78	-2.7555
32.78	-2.7551
32.77	-2.7551
32.77	-2.7550
32.76	-2.7550
32.76	-2.7550
32.76	-2.7550
32.75	-2.7548
32.75	-2.7550
32.75	-2.7549
32.75	-2.7549
32.74	-2.7550
32.74	-2.7549
32.74	-2.7549
32.73	-2.7547
32.73	-2.7547
32.73	-2.7547
32.73	-2.7547
32.73	-2.7547
32.73	-2.7547
32.73	-2.7546
32.73	-2.7547
32.72	-2.7545
32.72	-2.7545
32.72	-2.7544
32.71	-2.7545
32.71	-2.7545
32.71	-2.7544
32.71	-2.7546
32.70	-2.7545
32.70	-2.7547
32.70	-2.7545
32.70	-2.7544
32.69	-2.7544
32.69	-2.7544
32.69	-2.7545
32.69	-2.7546
32.68	-2.7543
32.68	-2.7544
32.68	-2.7545
32.68	-2.7544
32.67	-2.7543
32.67	-2.7544
32.67	-2.7541
32.67	-2.7542
32.67	-2.7543
32.66	-2.7544
32.65	-2.7542
32.65	-2.7541
32.65	-2.7543
32.65	-2.7541
32.65	-2.7543
32.65	-2.7541
32.65	-2.7542
32.64	-2.7542
32.64	-2.7542
32.64	-2.7541
32.64	-2.7539
32.63	-2.7539
32.63	-2.7539
32.63	-2.7539
32.63	-2.7539
32.63	-2.7538
32.63	-2.7541
32.63	-2.7539
32.62	-2.7538
32.62	-2.7540
32.61	-2.7537
32.61	-2.7535
32.61	-2.7538
32.60	-2.7537
32.60	-2.7537
32.59	-2.7536
32.59	-2.7536
32.59	-2.7536
32.59	-2.7535
32.59	-2.7537
32.58	-2.7534
32.58	-2.7536
32.58	-2.7535
32.58	-2.7535
32.58	-2.7535
32.58	-2.7534
32.57	-2.7533
32.57	-2.7533
32.57	-2.7533
32.56	-2.7533
32.56	-2.7532
32.56	-2.7534
32.56	-2.7533
32.55	-2.7531
32.55	-2.7531
32.55	-2.7531
32.55	-2.7531
32.54	-2.7530
32.53	-2.7530
32.53	-2.7531
32.53	-2.7531
32.53	-2.7530
32.53	-2.7530
32.53	-2.7531
32.52	-2.7530
32.52	-2.7530
32.52	-2.7527
32.52	-2.7528
32.52	-2.7528
32.51	-2.7527
32.51	-2.7527
32.51	-2.7528
32.51	-2.7530
32.50	-2.7528
32.50	-2.7528
32.50	-2.7526
32.49	-2.7526
32.49	-2.7526
32.49	-2.7526
32.49	-2.7525
32.48	-2.7525
32.48	-2.7527
32.48	-2.7528
32.48	-2.7527
32.48	-2.7527
32.48	-2.7528
32.48	-2.7526
32.47	-2.7526
32.47	-2.7526
32.46	-2.7525
32.46	-2.7524
32.46	-2.7525
32.45	-2.7524
32.45	-2.7524
32.45	-2.7525
32.45	-2.7523
32.45	-2.7521
32.44	-2.7524
32.44	-2.7522
32.44	-2.7523
32.44	-2.7521
32.43	-2.7523
32.43	-2.7520
32.42	-2.7522
32.42	-2.7522
32.42	-2.7520
32.42	-2.7519
32.42	-2.7520
32.42	-2.7521
32.42	-2.7520
32.41	-2.7520
32.41	-2.7520
32.40	-2.7520
32.40	-2.7518
32.40	-2.7518
32.40	-2.7519
32.40	-2.7519
32.40	-2.7518
32.39	-2.7517
32.39	-2.7520
32.38	-2.7516
32.38	-2.7517
32.38	-2.7517
32.38	-2.7516
32.38	-2.7517
32.38	-2.7517
32.37	-2.7517
32.37	-2.7515
32.36	-2.7516
32.36	-2.7515
32.36	-2.7518
32.36	-2.7515
32.35	-2.7515
32.35	-2.7515
32.35	-2.7514
32.35	-2.7515
32.34	-2.7514
32.34	-2.7514
32.34	-2.7514
32.34	-2.7514
32.34	-2.7513
32.33	-2.7512
32.33	-2.7512
32.33	-2.7513
32.33	-2.7513
32.33	-2.7510
32.33	-2.7512
32.32	-2.7510
32.32	-2.7511
32.32	-2.7510
32.32	-2.7510
32.31	-2.7509
32.31	-2.7509
32.31	-2.7508
32.31	-2.7509
32.30	-2.7510
32.30	-2.7507
32.30	-2.7508
32.30	-2.7508
32.29	-2.7508
32.29	-2.7507
32.29	-2.7507
32.29	-2.7507
32.29	-2.7505
32.29	-2.7507
32.28	-2.7504
32.27	-2.7506
32.27	-2.7505
32.27	-2.7505
32.27	-2.7503
32.26	-2.7504
32.26	-2.7503
32.26	-2.7505
32.25	-2.7504
32.25	-2.7503
32.25	-2.7503
32.24	-2.7501
32.24	-2.7502
32.24	-2.7504
32.24	-2.7500
32.23	-2.7502
32.23	-2.7502
32.23	-2.7502
32.23	-2.7503
32.23	-2.7502
32.23	-2.7502
32.23	-2.7501
32.23	-2.7501
32.22	-2.7500
32.21	-2.7499
32.21	-2.7500
32.21	-2.7498
32.21	-2.7499
32.21	-2.7500
32.21	-2.7497
32.21	-2.7495
32.20	-2.7498
32.20	-2.7497
32.20	-2.7498
32.20	-2.7496
32.20	-2.7497
32.19	-2.7496
32.19	-2.7494
32.19	-2.7495
32.18	-2.7494
32.18	-2.7495
32.17	-2.7495
32.17	-2.7494
32.17	-2.7493
32.16	-2.7494
32.16	-2.7493
32.16	-2.7492
32.16	-2.7494
32.15	-2.7492
32.15	-2.7493
32.15	-2.7493
32.15	-2.7493
32.15	-2.7492
32.15	-2.7492
32.15	-2.7492
32.14	-2.7492
32.14	-2.7493
32.14	-2.7491
32.13	-2.7492
32.13	-2.7491
32.13	-2.7490
32.13	-2.7490
32.12	-2.7490
32.12	-2.7491
32.12	-2.7491
32.12	-2.7490
32.12	-2.7490
32.12	-2.7489
32.11	-2.7490
32.11	-2.7490
32.10	-2.7491
32.10	-2.7489
32.09	-2.7489
32.09	-2.7489
32.09	-2.7490
32.09	-2.7487
32.08	-2.7488
32.08	-2.7489
32.08	-2.7490
32.08	-2.7489
32.08	-2.7489
32.08	-2.7486
32.08	-2.7487
32.07	-2.7488
32.07	-2.7487
32.06	-2.7485
32.06	-2.7487
32.06	-2.7485
32.05	-2.7485
32.05	-2.7485
32.05	-2.7486
32.05	-2.7484
32.04	-2.7483
32.04	-2.7485
32.04	-2.7484
32.04	-2.7484
32.04	-2.7483
32.04	-2.7483
32.03	-2.7483
32.03	-2.7483
32.03	-2.7481
32.03	-2.7482
32.02	-2.7482
32.02	-2.7483
32.02	-2.7481
32.02	-2.7481
32.02	-2.7481
32.01	-2.7481
32.01	-2.7481
32.00	-2.7480
32.00	-2.7478
32.00	-2.7480
32.00	-2.7478
32.00	-2.7478
31.99	-2.7476
31.99	-2.7475
31.99	-2.7476
31.98	-2.7475
31.98	-2.7475
31.98	-2.7474
31.98	-2.7474
31.98	-2.7473
31.98	-2.7473
31.98	-2.7473
31.97	-2.7474
31.97	-2.7473
31.97	-2.7474
31.96	-2.7473
31.96	-2.7473
31.96	-2.7473
31.95	-2.7473
31.95	-2.7472
31.95	-2.7472
31.95	-2.7471
31.95	-2.7472
31.94	-2.7472
31.94	-2.7471
31.94	-2.7471
31.93	-2.7472
31.93	-2.7473
31.93	-2.7470
31.93	-2.7470
31.92	-2.7472
31.92	-2.7471
31.92	-2.7470
31.92	-2.7472
31.91	-2.7471
31.91	-2.7471
31.91	-2.7471
31.91	-2.7469
31.91	-2.7469
31.90	-2.7471
31.90	-2.7470
31.90	-2.7470
31.90	-2.7470
31.89	-2.7470
31.89	-2.7468
31.89	-2.7469
31.88	-2.7471
31.88	-2.7469
31.88	-2.7470
31.88	-2.7469
31.88	-2.7467
31.87	-2.7469
31.87	-2.7469
31.87	-2.7470
31.87	-2.7467
31.87	-2.7468
31.86	-2.7467
31.86	-2.7468
31.85	-2.7466
31.85	-2.7465
31.85	-2.7466
31.85	-2.7464
31.85	-2.7465
31.84	-2.7466
31.84	-2.7465
31.84	-2.7465
31.83	-2.7466
31.83	-2.7465
31.82	-2.7465
31.82	-2.7466
31.82	-2.7464
31.82	-2.7464
31.82	-2.7462
31.82	-2.7465
31.82	-2.7463
31.81	-2.7462
31.80	-2.7464
31.80	-2.7463
31.80	-2.7462
31.80	-2.7461
31.80	-2.7463
31.79	-2.7463
31.79	-2.7462
31.79	-2.7461
31.79	-2.7462
31.79	-2.7460
31.78	-2.7460
31.78	-2.7460
31.78	-2.7461
31.78	-2.7459
31.77	-2.7459
31.77	-2.7458
31.77	-2.7458
31.77	-2.7458
31.76	-2.7457
31.76	-2.7459
31.76	-2.7457
31.76	-2.7456
31.75	-2.7454
31.75	-2.7457
31.75	-2.7454
31.75	-2.7454
31.75	-2.7455
31.74	-2.7454
31.74	-2.7450
31.73	-2.7455
31.73	-2.7451
31.73	-2.7453
31.73	-2.7453
31.73	-2.7450
31.73	-2.7449
31.72	-2.7451
31.72	-2.7450
31.71	-2.7450
31.71	-2.7451
31.71	-2.7451
31.71	-2.7449
31.71	-2.7448
31.70	-2.7449
31.70	-2.7450
31.70	-2.7450
31.69	-2.7448
31.69	-2.7449
31.68	-2.7448
31.68	-2.7449
31.68	-2.7448
31.68	-2.7449
31.68	-2.7450
31.68	-2.7449
31.68	-2.7448
31.68	-2.7449
31.67	-2.7447
31.67	-2.7449
31.66	-2.7447
31.66	-2.7448
31.66	-2.7447
31.66	-2.7447
31.66	-2.7447
31.66	-2.7447
31.65	-2.7448
31.65	-2.7448
31.65	-2.7448
31.64	-2.7447
31.64	-2.7445
31.64	-2.7446
31.64	-2.7445
31.63	-2.7446
31.63	-2.7444
31.63	-2.7444
31.63	-2.7444
31.63	-2.7444
31.62	-2.7444
31.62	-2.7444
31.62	-2.7444
31.62	-2.7443
31.61	-2.7445
31.61	-2.7443
31.61	-2.7443
31.61	-2.7444
31.60	-2.7444
31.60	-2.7443
31.60	-2.7442
31.60	-2.7443
31.59	-2.7444
31.59	-2.7443
31.58	-2.7444
31.58	-2.7443
31.58	-2.7443
31.58	-2.7444
31.57	-2.7444
31.57	-2.7443
31.57	-2.7445
31.57	-2.7444
31.56	-2.7445
31.56	-2.7442
31.56	-2.7445
31.56	-2.7444
31.55	-2.7443
31.55	-2.7443
31.55	-2.7443
31.54	-2.7443
31.54	-2.7442
31.54	-2.7442
31.54	-2.7444
31.54	-2.7443
31.54	-2.7444
31.53	-2.7442
31.53	-2.7443
31.53	-2.7442
31.53	-2.7445
31.52	-2.7443
31.52	-2.7443
31.51	-2.7444
31.51	-2.7444
31.50	-2.7445
31.50	-2.7443
31.51	-2.7444
31.50	-2.7445
31.50	-2.7445
31.50	-2.7443
31.50	-2.7445
31.50	-2.7444
31.50	-2.7446
31.49	-2.7446
31.49	-2.7444
31.49	-2.7445
31.48	-2.7445
31.48	-2.7446
31.48	-2.7445
31.47	-2.7445
31.47	-2.7444
31.47	-2.7445
31.46	-2.7445
31.46	-2.7445
31.46	-2.7446
31.46	-2.7446
31.46	-2.7446
31.45	-2.7446
31.45	-2.7444
31.45	-2.7446
31.45	-2.7445
31.45	-2.7445
31.45	-2.7446
31.45	-2.7446
31.45	-2.7446
31.45	-2.7445
31.45	-2.7445
31.44	-2.7445
31.44	-2.7445
31.43	-2.7443
31.43	-2.7445
31.43	-2.7443
31.43	-2.7444
31.43	-2.7444
31.42	-2.7443
31.42	-2.7442
31.41	-2.7443
31.41	-2.7443
31.41	-2.7443
31.40	-2.7442
31.40	-2.7440
31.40	-2.7442
31.39	-2.7443
31.39	-2.7442
31.40	-2.7442
31.39	-2.7442
31.39	-2.7442
31.39	-2.7441
31.38	-2.7442
31.38	-2.7441
31.38	-2.7442
31.38	-2.7440
31.37	-2.7441
31.37	-2.7441
31.37	-2.7442
31.37	-2.7440
31.36	-2.7443
31.36	-2.7441
31.36	-2.7442
31.36	-2.7441
31.35	-2.7442
31.35	-2.7440
31.35	-2.7440
31.35	-2.7441
31.34	-2.7439
31.34	-2.7440
31.34	-2.7442
31.33	-2.7440
31.33	-2.7440
31.32	-2.7441
31.32	-2.7440
31.32	-2.7439
31.32	-2.7441
31.32	-2.7440
31.32	-2.7440
31.31	-2.7442
31.31	-2.7440
31.31	-2.7441
31.30	-2.7441
31.30	-2.7441
31.30	-2.7440
31.30	-2.7441
31.30	-2.7440
31.30	-2.7441
31.30	-2.7440
31.29	-2.7439
31.29	-2.7440
31.29	-2.7440
31.28	-2.7440
31.28	-2.7441
31.28	-2.7440
31.28	-2.7438
31.28	-2.7440
31.27	-2.7440
31.27	-2.7439
31.27	-2.7438
31.26	-2.7438
31.26	-2.7439
31.26	-2.7438
31.26	-2.7438
31.25	-2.7438
31.25	-2.7438
31.25	-2.7437
31.25	-2.7438
31.25	-2.7438
31.24	-2.7437
31.24	-2.7436
31.24	-2.7437
31.23	-2.7437
31.23	-2.7435
31.23	-2.7435
31.23	-2.7434
31.23	-2.7434
31.22	-2.7435
31.22	-2.7436
31.21	-2.7434
31.21	-2.7433
31.21	-2.7434
31.21	-2.7433
31.20	-2.7433
31.20	-2.7431
31.20	-2.7431
31.20	-2.7431
31.20	-2.7430
31.20	-2.7431
31.19	-2.7432
31.19	-2.7431
31.19	-2.7429
31.18	-2.7430
31.18	-2.7431
31.18	-2.7431
31.18	-2.7430
31.18	-2.7430
31.17	-2.7430
31.17	-2.7428
31.17	-2.7430
31.16	-2.7429
31.16	-2.7429
31.15	-2.7427
31.15	-2.7428
31.15	-2.7427
31.15	-2.7427
31.15	-2.7426
31.15	-2.7427
31.14	-2.7427
31.14	-2.7427
31.14	-2.7427
31.14	-2.7427
31.13	-2.7427
31.13	-2.7426
31.13	-2.7425
31.13	-2.7425
31.12	-2.7424
31.12	-2.7422
31.12	-2.7426
31.12	-2.7423
31.12	-2.7424
31.11	-2.7425
31.11	-2.7424
31.10	-2.7424
31.10	-2.7421
31.10	-2.7424
31.10	-2.7423
31.10	-2.7424
31.10	-2.7422
31.09	-2.7423
31.09	-2.7422
31.09	-2.7422
31.08	-2.7423
31.08	-2.7422
31.07	-2.7422
31.07	-2.7422
31.07	-2.7422
31.07	-2.7423
31.07	-2.7423
31.07	-2.7423
31.06	-2.7421
31.06	-2.7422
31.06	-2.7419
31.06	-2.7421
31.05	-2.7421
31.05	-2.7424
31.05	-2.7420
31.05	-2.7420
31.05	-2.7421
31.04	-2.7423
31.03	-2.7422
31.03	-2.7422
31.03	-2.7422
31.03	-2.7419
31.03	-2.7420
31.02	-2.7418
31.02	-2.7419
31.01	-2.7417
31.01	-2.7418
31.01	-2.7418
31.01	-2.7419
31.01	-2.7417
31.01	-2.7418
31.01	-2.7415
31.00	-2.7416
31.00	-2.7416
31.00	-2.7415
31.00	-2.7415
31.00	-2.7413
30.99	-2.7414
30.99	-2.7414
30.99	-2.7412
30.98	-2.7414
30.98	-2.7414
30.98	-2.7413
30.98	-2.7411
30.97	-2.7412
30.97	-2.7413
30.97	-2.7412
30.97	-2.7411
30.96	-2.7412
30.96	-2.7411
30.95	-2.7411
30.95	-2.7410
30.95	-2.7411
30.95	-2.7410
30.95	-2.7409
30.95	-2.7409
30.95	-2.7409
30.94	-2.7408
30.94	-2.7409
30.93	-2.7408
30.93	-2.7409
30.93	-2.7409
30.93	-2.7408
30.93	-2.7409
30.93	-2.7405
30.92	-2.7406
30.92	-2.7405
30.92	-2.7406
30.91	-2.7405
30.91	-2.7407
30.91	-2.7403
30.91	-2.7404
30.91	-2.7404
30.90	-2.7404
30.90	-2.7402
30.90	-2.7402
30.89	-2.7404
30.89	-2.7402
30.89	-2.7401
30.88	-2.7401
30.88	-2.7401
30.88	-2.7401
30.88	-2.7402
30.88	-2.7398
30.88	-2.7399
30.88	-2.7401
30.87	-2.7400
30.87	-2.7401
30.87	-2.7400
30.87	-2.7401
30.87	-2.7400
30.86	-2.7399
30.86	-2.7399
30.86	-2.7399
30.85	-2.7400
30.85	-2.7400
30.85	-2.7399
30.85	-2.7398
30.84	-2.7398
30.84	-2.7397
30.83	-2.7398
30.83	-2.7398
30.82	-2.7398
30.82	-2.7398
30.82	-2.7396
30.82	-2.7397
30.82	-2.7396
30.81	-2.7397
30.81	-2.7395
30.81	-2.7396
30.81	-2.7398
30.81	-2.7396
30.80	-2.7396
30.80	-2.7399
30.80	-2.7394
30.80	-2.7396
30.80	-2.7395
30.79	-2.7395
30.79	-2.7394
30.79	-2.7392
30.79	-2.7396
30.79	-2.7394
30.78	-2.7395
30.78	-2.7392
30.78	-2.7391
30.78	-2.7392
30.77	-2.7393
30.77	-2.7391
30.76	-2.7392
30.76	-2.7391
30.76	-2.7389
30.76	-2.7390
30.75	-2.7389
30.75	-2.7390
30.75	-2.7390
30.75	-2.7390
30.74	-2.7389
30.74	-2.7388
30.74	-2.7389
30.73	-2.7389
30.73	-2.7387
30.73	-2.7387
30.73	-2.7388
30.73	-2.7386
30.72	-2.7387
30.72	-2.7387
30.72	-2.7386
30.71	-2.7385
30.71	-2.7385
30.71	-2.7385
30.70	-2.7384
30.70	-2.7384
30.71	-2.7383
30.71	-2.7383
30.70	-2.7383
30.70	-2.7383
30.70	-2.7385
30.70	-2.7383
30.70	-2.7383
30.69	-2.7382
30.69	-2.7383
30.68	-2.7383
30.68	-2.7380
30.68	-2.7380
30.68	-2.7381
30.68	-2.7380
30.67	-2.7380
30.67	-2.7379
30.66	-2.7381
30.66	-2.7381
30.66	-2.7379
30.65	-2.7377
30.65	-2.7380
30.65	-2.7379
30.65	-2.7377
30.65	-2.7378
30.65	-2.7377
30.64	-2.7377
30.64	-2.7376
30.64	-2.7377
30.64	-2.7378
30.64	-2.7375
30.64	-2.7375
30.63	-2.7376
30.63	-2.7375
30.63	-2.7376
30.63	-2.7374
30.63	-2.7374
30.62	-2.7374
30.61	-2.7374
30.61	-2.7373
30.60	-2.7373
30.60	-2.7373
30.60	-2.7372
30.60	-2.7373
30.60	-2.7371
30.59	-2.7372
30.59	-2.7371
30.59	-2.7370
30.59	-2.7374
30.59	-2.7370
30.58	-2.7373
30.58	-2.7370
30.58	-2.7373
30.58	-2.7371
30.57	-2.7372
30.57	-2.7371
30.57	-2.7372
30.57	-2.7372
30.57	-2.7371
30.57	-2.7371
30.56	-2.7371
30.56	-2.7370
30.56	-2.7371
30.56	-2.7371
30.55	-2.7369
30.55	-2.7370
30.55	-2.7371
30.55	-2.7372
30.55	-2.7369
30.54	-2.7371
30.54	-2.7369
30.54	-2.7369
30.53	-2.7370
30.53	-2.7371
30.53	-2.7369
30.53	-2.7369
30.52	-2.7369
30.52	-2.7367
30.51	-2.7367
30.51	-2.7367
30.51	-2.7366
30.51	-2.7365
30.51	-2.7367
30.50	-2.7365
30.50	-2.7365
30.50	-2.7366
30.50	-2.7364
30.50	-2.7363
30.49	-2.7364
30.49	-2.7362
30.49	-2.7362
30.48	-2.7362
30.48	-2.7361
30.48	-2.7362
30.48	-2.7359
30.48	-2.7359
30.47	-2.7358
30.47	-2.7358
30.47	-2.7358
30.47	-2.7358
30.46	-2.7356
30.46	-2.7356
30.46	-2.7356
30.46	-2.7356
30.45	-2.7354
30.45	-2.7355
30.45	-2.7354
30.45	-2.7355
30.45	-2.7354
30.44	-2.7354
30.44	-2.7352
30.43	-2.7354
30.43	-2.7351
30.43	-2.7353
30.43	-2.7354
30.43	-2.7353
30.43	-2.7351
30.42	-2.7353
30.42	-2.7353
30.42	-2.7352
30.42	-2.7352
30.41	-2.7352
30.41	-2.7353
30.41	-2.7352
30.40	-2.7354
30.40	-2.7354
30.40	-2.7354
30.40	-2.7352
30.39	-2.7353
30.39	-2.7351
30.39	-2.7353
30.38	-2.7351
30.38	-2.7351
30.38	-2.7352
30.38	-2.7354
30.38	-2.7352
30.38	-2.7354
30.37	-2.7352
30.37	-2.7352
30.37	-2.7353
30.36	-2.7352
30.36	-2.7353
30.36	-2.7352
30.35	-2.7353
30.35	-2.7353
30.34	-2.7351
30.34	-2.7353
30.34	-2.7353
30.34	-2.7351
30.34	-2.7351
30.34	-2.7352
30.34	-2.7351
30.34	-2.7351
30.34	-2.7352
30.33	-2.7353
30.33	-2.7352
30.33	-2.7352
30.32	-2.7352
30.32	-2.7352
30.32	-2.7352
30.31	-2.7353
30.31	-2.7350
30.31	-2.7351
30.31	-2.7350
30.30	-2.7350
30.30	-2.7351
30.30	-2.7349
30.30	-2.7351
30.29	-2.7350
30.29	-2.7349
30.29	-2.7350
30.28	-2.7350
30.28	-2.7346
30.28	-2.7349
30.28	-2.7347
30.28	-2.7347
30.28	-2.7348
30.28	-2.7345
30.27	-2.7347
30.27	-2.7345
30.27	-2.7345
30.26	-2.7345
30.26	-2.7346
30.25	-2.7345
30.25	-2.7345
30.25	-2.7344
30.25	-2.7344
30.25	-2.7342
30.25	-2.7344
30.24	-2.7341
30.24	-2.7345
30.23	-2.7341
30.23	-2.7343
30.23	-2.7342
30.23	-2.7340
30.22	-2.7341
30.22	-2.7338
30.22	-2.7339
30.22	-2.7337
30.22	-2.7338
30.22	-2.7336
30.21	-2.7336
30.21	-2.7337
30.21	-2.7337
30.20	-2.7337
30.20	-2.7336
30.20	-2.7335
30.20	-2.7334
30.19	-2.7335
30.19	-2.7334
30.19	-2.7334
30.19	-2.7334
30.18	-2.7334
30.18	-2.7334
30.18	-2.7332
30.18	-2.7334
30.18	-2.7333
30.18	-2.7333
30.17	-2.7334
30.17	-2.7335
30.16	-2.7330
30.17	-2.7332
30.17	-2.7331
30.16	-2.7331
30.16	-2.7331
30.15	-2.7331
30.15	-2.7330
30.14	-2.7330
30.14	-2.7331
30.14	-2.7329
30.13	-2.7329
30.13	-2.7330
30.13	-2.7329
30.13	-2.7330
30.13	-2.7327
30.13	-2.7330
30.13	-2.7328
30.12	-2.7328
30.12	-2.7331
30.12	-2.7327
30.11	-2.7331
30.11	-2.7328
30.11	-2.7329
30.10	-2.7329
30.10	-2.7329
30.09	-2.7330
30.09	-2.7330
30.09	-2.7331
30.09	-2.7328
30.08	-2.7330
30.09	-2.7329
30.08	-2.7330
30.08	-2.7328
30.07	-2.7329
30.07	-2.7328
30.07	-2.7327
30.07	-2.7331
30.07	-2.7329
30.07	-2.7329
30.06	-2.7329
30.06	-2.7329
30.06	-2.7327
30.05	-2.7327
30.05	-2.7329
30.05	-2.7330
30.05	-2.7330
30.05	-2.7328
30.05	-2.7328
30.04	-2.7329
30.04	-2.7328
30.04	-2.7327
30.04	-2.7329
30.04	-2.7328
30.04	-2.7327
30.03	-2.7328
30.03	-2.7328
30.02	-2.7329
30.02	-2.7329
30.02	-2.7327
30.02	-2.7329
30.01	-2.7326
30.01	-2.7327
30.01	-2.7326
30.01	-2.7327
30.00	-2.7325
30.00	-2.7327
30.00	-2.7329
29.99	-2.7328
29.99	-2.7327
29.99	-2.7329
29.99	-2.7326
29.99	-2.7328
29.98	-2.7327
29.98	-2.7328
29.98	-2.7327
29.98	-2.7328
29.97	-2.7328
29.97	-2.7328
29.97	-2.7329
29.97	-2.7327
29.96	-2.7327
29.96	-2.7329
29.95	-2.7329
29.95	-2.7328
29.95	-2.7328
29.95	-2.7327
29.95	-2.7327
29.95	-2.7327
29.95	-2.7328
29.94	-2.7328
29.94	-2.7326
29.93	-2.7327
29.93	-2.7326
29.93	-2.7326
29.93	-2.7327
29.93	-2.7328
29.92	-2.7327
29.92	-2.7328
29.92	-2.7327
29.92	-2.7327
29.92	-2.7326
29.91	-2.7327
29.91	-2.7328
29.90	-2.7323
29.90	-2.7326
29.90	-2.7325
29.90	-2.7326
29.90	-2.7325
29.90	-2.7325
29.89	-2.7324
29.89	-2.7323
29.89	-2.7324
29.89	-2.7325
29.88	-2.7324
29.88	-2.7326
29.88	-2.7326
29.88	-2.7325
29.87	-2.7325
29.87	-2.7326
29.86	-2.7324
29.86	-2.7325
29.86	-2.7326
29.86	-2.7325
29.85	-2.7326
29.85	-2.7326
29.85	-2.7325
29.85	-2.7323
29.84	-2.7324
29.84	-2.7324
29.84	-2.7324
29.84	-2.7323
29.84	-2.7324
29.83	-2.7324
29.83	-2.7322
29.82	-2.7323
29.82	-2.7323
29.82	-2.7324
29.82	-2.7323
29.82	-2.7321
29.81	-2.7322
29.81	-2.7320
29.81	-2.7322
29.80	-2.7321
29.80	-2.7321
29.80	-2.7319
29.80	-2.7319
29.80	-2.7319
29.80	-2.7319
29.79	-2.7319
29.79	-2.7319
29.79	-2.7320
29.78	-2.7319
29.78	-2.7319
29.78	-2.7318
29.78	-2.7318
29.78	-2.7319
29.78	-2.7318
29.77	-2.7319
29.77	-2.7317
29.76	-2.7320
29.76	-2.7317
29.76	-2.7318
29.76	-2.7319
29.76	-2.7318
29.75	-2.7319
29.75	-2.7318
29.75	-2.7319
29.75	-2.7318
29.75	-2.7318
29.74	-2.7319
29.74	-2.7317
29.74	-2.7318
29.73	-2.7317
29.73	-2.7318
29.73	-2.7318
29.73	-2.7318
29.72	-2.7318
29.72	-2.7317
29.72	-2.7318
29.72	-2.7317
29.72	-2.7319
29.71	-2.7318
29.71	-2.7316
29.71	-2.7317
29.70	-2.7318
29.70	-2.7317
29.70	-2.7317
29.70	-2.7317
29.69	-2.7315
29.69	-2.7316
29.69	-2.7314
29.68	-2.7317
29.68	-2.7315
29.68	-2.7315
29.68	-2.7316
29.68	-2.7314
29.68	-2.7314
29.67	-2.7313
29.67	-2.7313
29.67	-2.7314
29.67	-2.7312
29.66	-2.7314
29.66	-2.7312
29.66	-2.7314
29.65	-2.7313
29.65	-2.7312
29.65	-2.7313
29.65	-2.7312
29.65	-2.7312
29.64	-2.7312
29.64	-2.7312
29.64	-2.7311
29.63	-2.7310
29.63	-2.7312
29.63	-2.7311
29.63	-2.7311
29.63	-2.7310
29.63	-2.7309
29.63	-2.7309
29.62	-2.7309
29.62	-2.7310
29.62	-2.7308
29.61	-2.7310
29.61	-2.7309
29.61	-2.7310
29.60	-2.7307
29.60	-2.7307
29.60	-2.7309
29.59	-2.7307
29.59	-2.7308
29.59	-2.7305
29.59	-2.7307
29.59	-2.7308
29.59	-2.7305
29.58	-2.7304
29.58	-2.7305
29.57	-2.7306
29.57	-2.7305
29.57	-2.7304
29.57	-2.7303
29.57	-2.7302
29.57	-2.7302
29.56	-2.7301
29.56	-2.7302
29.56	-2.7302
29.55	-2.7300
29.55	-2.7302
29.55	-2.7302
29.55	-2.7302
29.55	-2.7302
29.55	-2.7299
29.55	-2.7301
29.54	-2.7300
29.54	-2.7301
29.54	-2.7300
29.53	-2.7302
29.53	-2.7301
29.53	-2.7300
29.52	-2.7299
29.52	-2.7300
29.52	-2.7299
29.52	-2.7300
29.51	-2.7301
29.51	-2.7299
29.51	-2.7300
29.51	-2.7301
29.50	-2.7301
29.50	-2.7300
29.50	-2.7299
29.49	-2.7298
29.49	-2.7299
29.49	-2.7299
29.49	-2.7298
29.48	-2.7297
29.48	-2.7297
29.48	-2.7297
29.48	-2.7297
29.48	-2.7297
29.48	-2.7296
29.47	-2.7297
29.47	-2.7295
29.47	-2.7298
29.47	-2.7298
29.47	-2.7295
29.46	-2.7297
29.46	-2.7296
29.46	-2.7297
29.46	-2.7296
29.45	-2.7297
29.45	-2.7296
29.45	-2.7298
29.44	-2.7296
29.44	-2.7295
29.44	-2.7296
29.44	-2.7297
29.43	-2.7296
29.43	-2.7294
29.43	-2.7297
29.43	-2.7296
29.43	-2.7295
29.42	-2.7296
29.42	-2.7295
29.42	-2.7295
29.41	-2.7294
29.41	-2.7294
29.40	-2.7294
29.40	-2.7294
29.40	-2.7294
29.40	-2.7294
29.40	-2.7295
29.39	-2.7292
29.39	-2.7294
29.39	-2.7294
29.38	-2.7292
29.38	-2.7293
29.38	-2.7292
29.38	-2.7293
29.38	-2.7293
29.38	-2.7293
29.37	-2.7293
29.37	-2.7291
29.37	-2.7290
29.37	-2.7291
29.36	-2.7290
29.36	-2.7290
29.36	-2.7289
29.36	-2.7289
29.35	-2.7289
29.34	-2.7289
29.34	-2.7289
29.34	-2.7287
29.34	-2.7286
29.34	-2.7287
29.34	-2.7287
29.33	-2.7287
29.33	-2.7283
29.33	-2.7286
29.32	-2.7284
29.32	-2.7284
29.32	-2.7284
29.31	-2.7285
29.31	-2.7284
29.31	-2.7281
29.31	-2.7283
29.30	-2.7282
29.30	-2.7282
29.30	-2.7282
29.30	-2.7282
29.30	-2.7280
29.30	-2.7281
29.29	-2.7280
29.29	-2.7280
29.29	-2.7279
29.29	-2.7280
29.28	-2.7282
29.28	-2.7280
29.28	-2.7280
29.28	-2.7279
29.27	-2.7278
29.27	-2.7278
29.27	-2.7279
29.27	-2.7278
29.26	-2.7278
29.26	-2.7277
29.26	-2.7277
29.25	-2.7277
29.25	-2.7277
29.25	-2.7278
29.25	-2.7277
29.24	-2.7277
29.24	-2.7278
29.23	-2.7277
29.23	-2.7275
29.23	-2.7276
29.23	-2.7276
29.23	-2.7276
29.23	-2.7276
29.23	-2.7276
29.23	-2.7275
29.22	-2.7275
29.22	-2.7275
29.22	-2.7273
29.21	-2.7274
29.21	-2.7273
29.21	-2.7272
29.21	-2.7273
29.21	-2.7274
29.21	-2.7273
29.20	-2.7273
29.20	-2.7272
29.19	-2.7271
29.19	-2.7272
29.18	-2.7270
29.18	-2.7271
29.18	-2.7272
29.18	-2.7271
29.18	-2.7270
29.18	-2.7268
29.17	-2.7270
29.17	-2.7269
29.17	-2.7268
29.17	-2.7269
29.17	-2.7270
29.17	-2.7268
29.16	-2.7267
29.16	-2.7267
29.15	-2.7269
29.15	-2.7266
29.15	-2.7267
29.15	-2.7267
29.14	-2.7266
29.14	-2.7266
29.14	-2.7265
29.13	-2.7266
29.13	-2.7265
29.14	-2.7265
29.13	-2.7265
29.13	-2.7266
29.13	-2.7264
29.13	-2.7264
29.12	-2.7263
29.12	-2.7264
29.12	-2.7264
29.12	-2.7263
29.11	-2.7263
29.11	-2.7262
29.10	-2.7261
29.10	-2.7262
29.10	-2.7263
29.09	-2.7263
29.09	-2.7261
29.09	-2.7260
29.09	-2.7261
29.09	-2.7261
29.09	-2.7263
29.08	-2.7261
29.08	-2.7261
29.08	-2.7262
29.07	-2.7262
29.07	-2.7260
29.07	-2.7262
29.07	-2.7261
29.07	-2.7261
29.07	-2.7260
29.06	-2.7258
29.06	-2.7260
29.06	-2.7259
29.05	-2.7257
29.05	-2.7259
29.05	-2.7259
29.04	-2.7259
29.04	-2.7256
29.04	-2.7259
29.04	-2.7258
29.04	-2.7256
29.04	-2.7256
29.03	-2.7260
29.03	-2.7255
29.03	-2.7257
29.03	-2.7256
29.02	-2.7257
29.02	-2.7258
29.01	-2.7258
29.01	-2.7257
29.01	-2.7257
29.01	-2.7255
29.00	-2.7256
29.00	-2.7256
29.00	-2.7258
29.00	-2.7255
29.00	-2.7254
29.00	-2.7254
28.99	-2.7255
28.99	-2.7253
28.99	-2.7253
28.98	-2.7252
28.98	-2.7253
28.98	-2.7251
28.97	-2.7251
28.97	-2.7251
28.97	-2.7250
28.97	-2.7249
28.96	-2.7250
28.96	-2.7250
28.96	-2.7249
28.95	-2.7247
28.95	-2.7247
28.95	-2.7246
28.95	-2.7246
28.95	-2.7247
28.95	-2.7247
28.94	-2.7248
28.94	-2.7246
28.94	-2.7245
28.93	-2.7245
28.93	-2.7246
28.93	-2.7247
28.93	-2.7244
28.93	-2.7247
28.93	-2.7245
28.92	-2.7245
28.92	-2.7245
28.92	-2.7247
28.91	-2.7245
28.91	-2.7247
28.91	-2.7245
28.91	-2.7247
28.91	-2.7246
28.90	-2.7246
28.90	-2.7246
28.89	-2.7246
28.89	-2.7247
28.89	-2.7245
28.88	-2.7247
28.88	-2.7245
28.88	-2.7245
28.88	-2.7246
28.88	-2.7243
28.87	-2.7245
28.87	-2.7245
28.87	-2.7244
28.87	-2.7247
28.87	-2.7245
28.86	-2.7244
28.86	-2.7244
28.85	-2.7244
28.85	-2.7244
28.85	-2.7245
28.85	-2.7246
28.84	-2.7245
28.84	-2.7245
28.84	-2.7243
28.84	-2.7244
28.84	-2.7243
28.84	-2.7244
28.83	-2.7243
28.82	-2.7242
28.82	-2.7243
28.82	-2.7241
28.82	-2.7243
28.82	-2.7241
28.82	-2.7242
28.81	-2.7240
28.81	-2.7241
28.80	-2.7241
28.80	-2.7240
28.80	-2.7242
28.80	-2.7240
28.80	-2.7241
28.79	-2.7240
28.79	-2.7240
28.79	-2.7239
28.79	-2.7240
28.79	-2.7239
28.79	-2.7238
28.78	-2.7238
28.78	-2.7237
28.78	-2.7238
28.78	-2.7240
28.78	-2.7238
28.77	-2.7237
28.77	-2.7237
28.77	-2.7236
28.77	-2.7237
28.77	-2.7236
28.76	-2.7235
28.76	-2.7236
28.76	-2.7234
28.75	-2.7232
28.75	-2.7234
28.75	-2.7232
28.75	-2.7234
28.74	-2.7234
28.74	-2.7233
28.74	-2.7231
28.74	-2.7234
28.73	-2.7232
28.73	-2.7232
28.73	-2.7231
28.73	-2.7231
28.73	-2.7231
28.72	-2.7230
28.72	-2.7230
28.72	-2.7231
28.71	-2.7229
28.71	-2.7230
28.71	-2.7228
28.71	-2.7230
28.71	-2.7228
28.70	-2.7229
28.70	-2.7227
28.70	-2.7228
28.70	-2.7228
28.69	-2.7227
28.69	-2.7225
28.69	-2.7226
28.68	-2.7226
28.68	-2.7226
28.68	-2.7226
28.68	-2.7227
28.68	-2.7225
28.67	-2.7225
28.67	-2.7226
28.67	-2.7224
28.66	-2.7224
28.66	-2.7225
28.65	-2.7225
28.65	-2.7223
28.65	-2.7224
28.65	-2.7222
28.65	-2.7225
28.65	-2.7223
28.64	-2.7224
28.64	-2.7224
28.64	-2.7224
28.64	-2.7223
28.63	-2.7221
28.63	-2.7222
28.63	-2.7221
28.63	-2.7221
28.62	-2.7222
28.62	-2.7221
28.62	-2.7220
28.62	-2.7221
28.61	-2.7222
28.61	-2.7219
28.61	-2.7220
28.61	-2.7221
28.60	-2.7221
28.60	-2.7220
28.59	-2.7220
28.59	-2.7220
28.59	-2.7220
28.58	-2.7219
28.58	-2.7218
28.58	-2.7220
28.58	-2.7219
28.58	-2.7219
28.57	-2.7220
28.57	-2.7219
28.57	-2.7221
28.57	-2.7218
28.57	-2.7219
28.57	-2.7218
28.57	-2.7219
28.56	-2.7219
28.56	-2.7218
28.55	-2.7219
28.55	-2.7220
28.55	-2.7219
28.55	-2.7220
28.55	-2.7218
28.54	-2.7220
28.54	-2.7220
28.54	-2.7220
28.53	-2.7220
28.53	-2.7220
28.53	-2.7219
28.53	-2.7220
28.53	-2.7219
28.53	-2.7218
28.52	-2.7219
28.52	-2.7218
28.51	-2.7218
28.51	-2.7219
28.51	-2.7221
28.51	-2.7219
28.51	-2.7218
28.51	-2.7219
28.50	-2.7218
28.50	-2.7219
28.50	-2.7219
28.50	-2.7220
28.49	-2.7220
28.49	-2.7219
28.49	-2.7220
28.48	-2.7219
28.48	-2.7220
28.48	-2.7218
28.48	-2.7219
28.48	-2.7219
28.47	-2.7219
28.47	-2.7220
28.47	-2.7219
28.47	-2.7219
28.47	-2.7220
28.46	-2.7219
28.46	-2.7219
28.45	-2.7220
28.45	-2.7219
28.45	-2.7217
28.45	-2.7218
28.45	-2.7218
28.44	-2.7219
28.44	-2.7218
28.44	-2.7219
28.43	-2.7218
28.43	-2.7219
28.43	-2.7218
28.43	-2.7218
28.43	-2.7217
28.42	-2.7219
28.42	-2.7217
28.42	-2.7218
28.41	-2.7217
28.41	-2.7217
28.41	-2.7218
28.40	-2.7215
28.40	-2.7216
28.40	-2.7216
28.40	-2.7216
28.40	-2.7217
28.40	-2.7216
28.40	-2.7215
28.40	-2.7215
28.39	-2.7215
28.39	-2.7216
28.38	-2.7216
28.38	-2.7214
28.38	-2.7215
28.38	-2.7215
28.38	-2.7214
28.38	-2.7216
28.37	-2.7214
28.36	-2.7215
28.36	-2.7216
28.36	-2.7213
28.35	-2.7214
28.35	-2.7215
28.35	-2.7213
28.35	-2.7214
28.35	-2.7213
28.35	-2.7214
28.34	-2.7211
28.34	-2.7213
28.33	-2.7212
28.33	-2.7212
28.33	-2.7212
28.33	-2.7213
28.33	-2.7212
28.32	-2.7212
28.32	-2.7214
28.32	-2.7213
28.32	-2.7214
28.32	-2.7212
28.32	-2.7214
28.32	-2.7214
28.31	-2.7213
28.31	-2.7213
28.30	-2.7214
28.30	-2.7212
28.30	-2.7214
28.29	-2.7213
28.29	-2.7212
28.28	-2.7213
28.28	-2.7212
28.28	-2.7212
28.28	-2.7212
28.28	-2.7214
28.28	-2.7213
28.28	-2.7213
28.28	-2.7212
28.28	-2.7212
28.27	-2.7212
28.27	-2.7213
28.27	-2.7213
28.26	-2.7214
28.26	-2.7214
28.25	-2.7213
28.25	-2.7211
28.25	-2.7213
28.25	-2.7213
28.25	-2.7212
28.24	-2.7212
28.24	-2.7211
28.24	-2.7212
28.23	-2.7213
28.23	-2.7212
28.23	-2.7212
28.23	-2.7211
28.23	-2.7209
28.22	-2.7210
28.22	-2.7211
28.22	-2.7210
28.21	-2.7209
28.21	-2.7209
28.20	-2.7211
28.20	-2.7209
28.20	-2.7209
28.20	-2.7210
28.20	-2.7208
28.20	-2.7208
28.20	-2.7208
28.19	-2.7207
28.19	-2.7208
28.19	-2.7207
28.18	-2.7208
28.18	-2.7207
28.18	-2.7207
28.18	-2.7206
28.18	-2.7205
28.17	-2.7206
28.17	-2.7204
28.17	-2.7204
28.17	-2.7205
28.17	-2.7203
28.16	-2.7205
28.16	-2.7203
28.15	-2.7202
28.15	-2.7202
28.15	-2.7203
28.14	-2.7203
28.14	-2.7201
28.14	-2.7201
28.14	-2.7203
28.13	-2.7203
28.13	-2.7202
28.13	-2.7200
28.13	-2.7199
28.13	-2.7200
28.13	-2.7202
28.13	-2.7200
28.12	-2.7200
28.12	-2.7202
28.12	-2.7200
28.11	-2.7200
28.11	-2.7199
28.11	-2.7201
28.11	-2.7200
28.10	-2.7200
28.10	-2.7199
28.10	-2.7199
28.09	-2.7199
28.09	-2.7198
28.09	-2.7198
28.09	-2.7196
28.09	-2.7199
28.09	-2.7198
28.08	-2.7197
28.07	-2.7197
28.07	-2.7196
28.07	-2.7196
28.07	-2.7196
28.07	-2.7196
28.06	-2.7195
28.06	-2.7195
28.06	-2.7195
28.06	-2.7194
28.05	-2.7198
28.05	-2.7196
28.05	-2.7194
28.05	-2.7196
28.05	-2.7196
28.04	-2.7195
28.04	-2.7197
28.04	-2.7195
28.03	-2.7196
28.03	-2.7196
28.03	-2.7196
28.03	-2.7194
28.03	-2.7194
28.03	-2.7194
28.02	-2.7197
28.02	-2.7195
28.02	-2.7194
28.02	-2.7195
28.01	-2.7194
28.00	-2.7194
28.00	-2.7193
28.00	-2.7194
28.00	-2.7194
28.00	-2.7194
28.00	-2.7194
28.00	-2.7194
27.99	-2.7193
27.99	-2.7194
27.99	-2.7191
27.98	-2.7193
27.98	-2.7192
27.98	-2.7192
27.98	-2.7192
27.98	-2.7191
27.98	-2.7192
27.97	-2.7192
27.97	-2.7192
27.97	-2.7192
27.97	-2.7193
27.96	-2.7193
27.96	-2.7192
27.95	-2.7193
27.95	-2.7192
27.95	-2.7191
27.95	-2.7190
27.95	-2.7191
27.94	-2.7191
27.94	-2.7190
27.94	-2.7190
27.93	-2.7189
27.93	-2.7189
27.93	-2.7190
27.93	-2.7188
27.93	-2.7188
27.92	-2.7189
27.92	-2.7187
27.91	-2.7187
27.91	-2.7188
27.91	-2.7187
27.91	-2.7189
27.90	-2.7187
27.90	-2.7188
27.90	-2.7189
27.90	-2.7187
27.90	-2.7187
27.89	-2.7186
27.89	-2.7188
27.89	-2.7186
27.88	-2.7187
27.88	-2.7187
27.88	-2.7187
27.88	-2.7187
27.88	-2.7186
27.88	-2.7187
27.88	-2.7186
27.88	-2.7185
27.88	-2.7186
27.87	-2.7186
27.87	-2.7185
27.86	-2.7185
27.86	-2.7186
27.86	-2.7185
27.85	-2.7185
27.85	-2.7186
27.85	-2.7186
27.85	-2.7184
27.84	-2.7185
27.84	-2.7185
27.84	-2.7185
27.84	-2.7184
27.83	-2.7185
27.83	-2.7183
27.83	-2.7186
27.82	-2.7185
27.82	-2.7185
27.82	-2.7184
27.82	-2.7184
27.81	-2.7186
27.81	-2.7185
27.81	-2.7185
27.81	-2.7185
27.80	-2.7184
27.80	-2.7185
27.80	-2.7182
27.80	-2.7184
27.80	-2.7185
27.80	-2.7184
27.79	-2.7183
27.79	-2.7184
27.79	-2.7184
27.79	-2.7183
27.79	-2.7185
27.78	-2.7184
27.78	-2.7184
27.78	-2.7183
27.78	-2.7184
27.77	-2.7184
27.77	-2.7184
27.76	-2.7183
27.76	-2.7184
27.76	-2.7183
27.76	-2.7185
27.76	-2.7185
27.76	-2.7184
27.75	-2.7184
27.75	-2.7184
27.75	-2.7184
27.74	-2.7184
27.74	-2.7183
27.74	-2.7182
27.74	-2.7182
27.73	-2.7184
27.73	-2.7184
27.73	-2.7183
27.73	-2.7181
27.73	-2.7185
27.73	-2.7183
27.72	-2.7181
27.72	-2.7184
27.72	-2.7185
27.71	-2.7181
27.71	-2.7182
27.70	-2.7181
27.70	-2.7182
27.70	-2.7182
27.70	-2.7183
27.70	-2.7182
27.69	-2.7182
27.69	-2.7179
27.69	-2.7181
27.69	-2.7181
27.68	-2.7182
27.68	-2.7182
27.68	-2.7181
27.68	-2.7182
27.68	-2.7180
27.67	-2.7181
27.67	-2.7181
27.67	-2.7181
27.66	-2.7180
27.66	-2.7180
27.66	-2.7182
27.66	-2.7182
27.65	-2.7182
27.65	-2.7182
27.65	-2.7180
27.64	-2.7180
27.64	-2.7180
27.64	-2.7182
27.64	-2.7181
27.64	-2.7179
27.63	-2.7182
27.63	-2.7181
27.63	-2.7182
27.63	-2.7182
27.63	-2.7182
27.62	-2.7182
27.62	-2.7181
27.62	-2.7182
27.62	-2.7181
27.61	-2.7182
27.61	-2.7182
27.61	-2.7183
27.60	-2.7182
27.60	-2.7182
27.60	-2.7182
27.59	-2.7181
27.59	-2.7181
27.59	-2.7183
27.59	-2.7183
27.59	-2.7182
27.58	-2.7181
27.58	-2.7181
27.58	-2.7182
27.57	-2.7181
27.57	-2.7182
27.57	-2.7182
27.57	-2.7183
27.56	-2.7182
27.56	-2.7181
27.56	-2.7183
27.55	-2.7182
27.55	-2.7182
27.55	-2.7183
27.55	-2.7183
27.54	-2.7182
27.54	-2.7183
27.54	-2.7184
27.54	-2.7184
27.54	-2.7184
27.53	-2.7184
27.53	-2.7185
27.53	-2.7184
27.53	-2.7185
27.53	-2.7184
27.53	-2.7187
27.53	-2.7185
27.52	-2.7185
27.52	-2.7185
27.51	-2.7184
27.51	-2.7185
27.51	-2.7184
27.51	-2.7186
27.51	-2.7185
27.50	-2.7185
27.50	-2.7186
27.50	-2.7185
27.50	-2.7183
27.49	-2.7186
27.49	-2.7185
27.49	-2.7186
27.49	-2.7185
27.48	-2.7185
27.48	-2.7187
27.48	-2.7185
27.47	-2.7185
27.47	-2.7186
27.47	-2.7185
27.47	-2.7186
27.47	-2.7185
27.47	-2.7186
27.46	-2.7187
27.46	-2.7186
27.46	-2.7186
27.45	-2.7187
27.45	-2.7188
27.45	-2.7188
27.45	-2.7188
27.45	-2.7188
27.45	-2.7190
27.44	-2.7189
27.44	-2.7189
27.43	-2.7189
27.43	-2.7190
27.43	-2.7193
27.42	-2.7191
27.42	-2.7192
27.42	-2.7191
27.42	-2.7192
27.41	-2.7193
27.41	-2.7192
27.41	-2.7192
27.41	-2.7193
27.40	-2.7195
27.40	-2.7193
27.40	-2.7194
27.40	-2.7194
27.39	-2.7194
27.39	-2.7194
27.39	-2.7193
27.38	-2.7195
27.38	-2.7195
27.38	-2.7198
27.38	-2.7198
27.38	-2.7198
27.37	-2.7196
27.37	-2.7197
27.37	-2.7200
27.36	-2.7199
27.36	-2.7199
27.36	-2.7200
27.36	-2.7198
27.35	-2.7199
27.35	-2.7200
27.35	-2.7200
27.34	-2.7200
27.34	-2.7201
27.34	-2.7202
27.34	-2.7201
27.34	-2.7203
27.33	-2.7204
27.33	-2.7204
27.33	-2.7206
27.33	-2.7204
27.32	-2.7205
27.32	-2.7205
27.32	-2.7207
27.32	-2.7207
27.31	-2.7207
27.31	-2.7208
27.30	-2.7208
27.30	-2.7209
27.30	-2.7210
27.30	-2.7209
27.30	-2.7210
27.30	-2.7210
27.30	-2.7211
27.29	-2.7212
27.29	-2.7212
27.29	-2.7212
27.29	-2.7212
27.29	-2.7212
27.28	-2.7213
27.28	-2.7214
27.28	-2.7215
27.28	-2.7216
27.27	-2.7215
27.27	-2.7216
27.27	-2.7216
27.27	-2.7217
27.27	-2.7218
27.26	-2.7219
27.26	-2.7221
27.25	-2.7219
27.25	-2.7221
27.25	-2.7220
27.25	-2.7221
27.25	-2.7223
27.24	-2.7223
27.24	-2.7223
27.24	-2.7224
27.23	-2.7224
27.23	-2.7226
27.23	-2.7225
27.23	-2.7227
27.23	-2.7228
27.22	-2.7229
27.22	-2.7228
27.22	-2.7229
27.21	-2.7229
27.21	-2.7228
27.21	-2.7231
27.20	-2.7231
27.20	-2.7231
27.20	-2.7231
27.20	-2.7231
27.20	-2.7233
27.20	-2.7234
27.20	-2.7234
27.20	-2.7236
27.19	-2.7235
27.19	-2.7236
27.18	-2.7237
27.18	-2.7237
27.18	-2.7238
27.17	-2.7238
27.17	-2.7239
27.17	-2.7240
27.17	-2.7239
27.16	-2.7243
27.16	-2.7242
27.16	-2.7243
27.16	-2.7243
27.16	-2.7244
27.15	-2.7247
27.15	-2.7247
27.15	-2.7249
27.14	-2.7249
27.14	-2.7249
27.14	-2.7250
27.14	-2.7252
27.14	-2.7252
27.13	-2.7255
27.13	-2.7255
27.13	-2.7256
27.13	-2.7257
27.13	-2.7258
27.13	-2.7259
27.12	-2.7260
27.12	-2.7261
27.11	-2.7263
27.11	-2.7263
27.10	-2.7263
27.10	-2.7265
27.10	-2.7265
27.10	-2.7267
27.09	-2.7268
27.09	-2.7269
27.09	-2.7270
27.09	-2.7273
27.09	-2.7272
27.08	-2.7273
27.08	-2.7275
27.08	-2.7274
27.07	-2.7277
27.07	-2.7277
27.07	-2.7280
27.07	-2.7281
27.07	-2.7282
27.06	-2.7284
27.06	-2.7286
27.06	-2.7287
27.06	-2.7287
27.06	-2.7288
27.05	-2.7288
27.05	-2.7291
27.05	-2.7291
27.05	-2.7292
27.05	-2.7294
27.05	-2.7295
27.04	-2.7295
27.04	-2.7297
27.03	-2.7297
27.03	-2.7301
27.03	-2.7301
27.03	-2.7302
27.03	-2.7304
27.02	-2.7305
27.02	-2.7303
27.01	-2.7306
27.01	-2.7308
27.01	-2.7309
27.00	-2.7311
27.00	-2.7311
27.00	-2.7313
27.00	-2.7315
27.00	-2.7314
27.00	-2.7317
26.99	-2.7317
26.99	-2.7320
26.99	-2.7320
26.99	-2.7322
26.99	-2.7325
26.98	-2.7325
26.98	-2.7326
26.98	-2.7329
26.98	-2.7330
26.97	-2.7332
26.97	-2.7334
26.97	-2.7335
26.96	-2.7339
26.96	-2.7338
26.96	-2.7340
26.96	-2.7342
26.95	-2.7342
26.95	-2.7344
26.95	-2.7346
26.95	-2.7348
26.95	-2.7348
26.94	-2.7349
26.94	-2.7350
26.94	-2.7353
26.94	-2.7353
26.93	-2.7356
26.93	-2.7357
26.93	-2.7358
26.93	-2.7360
26.93	-2.7362
26.92	-2.7364
26.92	-2.7364
26.92	-2.7365
26.91	-2.7368
26.91	-2.7370
26.91	-2.7371
26.90	-2.7373
26.90	-2.7374
26.90	-2.7375
26.89	-2.7377
26.89	-2.7378
26.89	-2.7382
26.89	-2.7382
26.89	-2.7385
26.88	-2.7387
26.88	-2.7390
26.88	-2.7391
26.88	-2.7391
26.88	-2.7394
26.88	-2.7395
26.87	-2.7398
26.87	-2.7400
26.86	-2.7401
26.86	-2.7402
26.85	-2.7404
26.85	-2.7406
26.85	-2.7407
26.85	-2.7410
26.85	-2.7410
26.85	-2.7412
26.84	-2.7415
26.84	-2.7416
26.84	-2.7418
26.84	-2.7419
26.84	-2.7421
26.83	-2.7422
26.83	-2.7424
26.83	-2.7426
26.83	-2.7429
26.83	-2.7429
26.82	-2.7431
26.82	-2.7434
26.82	-2.7436
26.82	-2.7437
26.82	-2.7438
26.81	-2.7439
26.81	-2.7442
26.80	-2.7443
26.80	-2.7445
26.80	-2.7447
26.80	-2.7450
26.79	-2.7451
26.79	-2.7455
26.79	-2.7457
26.79	-2.7459
26.78	-2.7462
26.78	-2.7464
26.78	-2.7464
26.78	-2.7467
26.78	-2.7468
26.77	-2.7472
26.77	-2.7474
26.76	-2.7474
26.76	-2.7477
26.76	-2.7478
26.76	-2.7481
26.76	-2.7483
26.76	-2.7485
26.76	-2.7487
26.76	-2.7489
26.75	-2.7490
26.75	-2.7493
26.74	-2.7494
26.74	-2.7497
26.74	-2.7499
26.74	-2.7502
26.73	-2.7504
26.73	-2.7506
26.73	-2.7508
26.72	-2.7509
26.72	-2.7513
26.73	-2.7514
26.73	-2.7519
26.73	-2.7520
26.72	-2.7522
26.71	-2.7525
26.71	-2.7526
26.71	-2.7528
26.70	-2.7531
26.70	-2.7531
26.70	-2.7536
26.70	-2.7537
26.70	-2.7540
26.69	-2.7540
26.69	-2.7545
26.68	-2.7546
26.68	-2.7548
26.68	-2.7551
26.68	-2.7552
26.68	-2.7555
26.67	-2.7558
26.67	-2.7560
26.67	-2.7561
26.67	-2.7564
26.66	-2.7567
26.66	-2.7569
26.66	-2.7571
26.66	-2.7572
26.65	-2.7577
26.65	-2.7580
26.65	-2.7582
26.65	-2.7584
26.65	-2.7586
26.64	-2.7588
26.64	-2.7592
26.63	-2.7594
26.63	-2.7597
26.63	-2.7600
26.63	-2.7602
26.62	-2.7605
26.62	-2.7608
26.61	-2.7609
26.61	-2.7613
26.61	-2.7615
26.61	-2.7619
26.60	-2.7620
26.60	-2.7622
26.60	-2.7627
26.60	-2.7627
26.60	-2.7630
26.59	-2.7635
26.59	-2.7636
26.59	-2.7639
26.59	-2.7643
26.59	-2.7646
26.58	-2.7649
26.58	-2.7653
26.57	-2.7653
26.57	-2.7656
26.57	-2.7660
26.57	-2.7663
26.57	-2.7664
26.57	-2.7667
26.57	-2.7670
26.57	-2.7674
26.56	-2.7676
26.56	-2.7678
26.56	-2.7681
26.55	-2.7684
26.55	-2.7688
26.55	-2.7690
26.54	-2.7692
26.54	-2.7695
26.54	-2.7698
26.53	-2.7702
26.53	-2.7706
26.54	-2.7708
26.53	-2.7712
26.53	-2.7715
26.53	-2.7718
26.53	-2.7720
26.53	-2.7723
26.52	-2.7726
26.52	-2.7729
26.52	-2.7732
26.51	-2.7735
26.51	-2.7736
26.51	-2.7740
26.50	-2.7744
26.50	-2.7746
26.50	-2.7750
26.50	-2.7755
26.50	-2.7757
26.49	-2.7760
26.49	-2.7761
26.49	-2.7767
26.49	-2.7769
26.48	-2.7772
26.48	-2.7774
26.48	-2.7779
26.48	-2.7782
26.47	-2.7785
26.47	-2.7788
26.46	-2.7792
26.46	-2.7795
26.46	-2.7798
26.46	-2.7801
26.46	-2.7806
26.45	-2.7807
26.45	-2.7812
26.45	-2.7813
26.45	-2.7817
26.44	-2.7821
26.44	-2.7825
26.44	-2.7829
26.44	-2.7830
26.44	-2.7836
26.43	-2.7838
26.43	-2.7841
26.43	-2.7846
26.42	-2.7848
26.42	-2.7852
26.41	-2.7854
26.41	-2.7856
26.41	-2.7862
26.41	-2.7866
26.41	-2.7870
26.40	-2.7872
26.40	-2.7877
26.40	-2.7879
26.40	-2.7882
26.39	-2.7888
26.39	-2.7891
26.39	-2.7894
26.38	-2.7898
26.38	-2.7901
26.38	-2.7903
26.38	-2.7908
26.38	-2.7910
26.38	-2.7916
26.38	-2.7918
26.37	-2.7921
26.37	-2.7925
26.37	-2.7928
26.37	-2.7933
26.36	-2.7935
26.36	-2.7940
26.36	-2.7941
26.35	-2.7948
26.35	-2.7952
26.35	-2.7955
26.35	-2.7960
26.34	-2.7963
26.34	-2.7966
26.34	-2.7971
26.34	-2.7974
26.33	-2.7979
26.33	-2.7983
26.33	-2.7984
26.33	-2.7989
26.33	-2.7993
26.32	-2.7998
26.32	-2.8001
26.32	-2.8007
26.31	-2.8011
26.31	-2.8014
26.31	-2.8018
26.31	-2.8024
26.30	-2.8027
26.30	-2.8032
26.30	-2.8037
26.30	-2.8040
26.30	-2.8046
26.29	-2.8049
26.29	-2.8052
26.29	-2.8059
26.28	-2.8062
26.28	-2.8067
26.28	-2.8071
26.28	-2.8075
26.28	-2.8080
26.28	-2.8084
26.27	-2.8090
26.27	-2.8094
26.27	-2.8097
26.26	-2.8101
26.26	-2.8106
26.26	-2.8109
26.25	-2.8114
26.25	-2.8119
26.25	-2.8122
26.25	-2.8129
26.25	-2.8133
26.24	-2.8138
26.24	-2.8141
26.24	-2.8145
26.24	-2.8150
26.23	-2.8155
26.23	-2.8160
26.23	-2.8163
26.23	-2.8168
26.23	-2.8174
26.23	-2.8178
26.22	-2.8183
26.22	-2.8189
26.21	-2.8193
26.21	-2.8195
26.21	-2.8201
26.21	-2.8207
26.20	-2.8212
26.20	-2.8217
26.20	-2.8219
26.20	-2.8224
26.20	-2.8229
26.20	-2.8234
26.19	-2.8238
26.19	-2.8246
26.19	-2.8250
26.18	-2.8255
26.18	-2.8259
26.17	-2.8264
26.17	-2.8270
26.17	-2.8273
26.17	-2.8278
26.16	-2.8284
26.16	-2.8290
26.16	-2.8295
26.15	-2.8298
26.15	-2.8301
26.15	-2.8309
26.15	-2.8315
26.15	-2.8319
26.15	-2.8325
26.14	-2.8328
26.14	-2.8336
26.13	-2.8339
26.13	-2.8344
26.13	-2.8350
26.13	-2.8356
26.13	-2.8362
26.13	-2.8365
26.13	-2.8373
26.13	-2.8377
26.12	-2.8381
26.12	-2.8388
26.12	-2.8393
26.12	-2.8397
26.11	-2.8402
26.11	-2.8407
26.11	-2.8412
26.10	-2.8417
26.10	-2.8426
26.10	-2.8430
26.09	-2.8435
26.09	-2.8441
26.09	-2.8446
26.09	-2.8450
26.09	-2.8458
26.09	-2.8463
26.09	-2.8466
26.08	-2.8473
26.07	-2.8480
26.07	-2.8484
26.07	-2.8490
26.07	-2.8498
26.07	-2.8502
26.07	-2.8506
26.07	-2.8512
26.06	-2.8517
26.06	-2.8524
26.06	-2.8528
26.05	-2.8533
26.05	-2.8540
26.05	-2.8547
26.05	-2.8552
26.05	-2.8557
26.04	-2.8562
26.04	-2.8567
26.04	-2.8573
26.04	-2.8578
26.03	-2.8585
26.03	-2.8590
26.03	-2.8595
26.03	-2.8601
26.03	-2.8608
26.02	-2.8614
26.02	-2.8618
26.02	-2.8626
26.02	-2.8629
26.01	-2.8638
26.00	-2.8643
26.00	-2.8648
26.00	-2.8656
26.00	-2.8660
26.00	-2.8667
26.00	-2.8673
25.99	-2.8679
25.99	-2.8685
25.98	-2.8691
25.98	-2.8698
25.98	-2.8705
25.98	-2.8712
25.98	-2.8718
25.97	-2.8723
25.97	-2.8730
25.97	-2.8738
25.97	-2.8745
25.97	-2.8751
25.97	-2.8756
25.97	-2.8763
25.97	-2.8771
25.96	-2.8777
25.96	-2.8785
25.95	-2.8791
25.95	-2.8798
25.95	-2.8803
25.95	-2.8811
25.94	-2.8816
25.94	-2.8822
25.94	-2.8832
25.93	-2.8837
25.93	-2.8844
25.93	-2.8851
25.93	-2.8857
25.93	-2.8863
25.92	-2.8871
25.91	-2.8878
25.91	-2.8882
25.91	-2.8892
25.91	-2.8898
25.91	-2.8906
25.90	-2.8911
25.90	-2.8918
25.90	-2.8925
25.90	-2.8932
25.90	-2.8940
25.89	-2.8947
25.89	-2.8954
25.89	-2.8958
25.88	-2.8967
25.88	-2.8972
25.88	-2.8981
25.88	-2.8987
25.88	-2.8994
25.88	-2.9002
25.87	-2.9010
25.86	-2.9016
25.86	-2.9023
25.86	-2.9031
25.86	-2.9036
25.86	-2.9047
25.85	-2.9051
25.85	-2.9060
25.84	-2.9067
25.84	-2.9075
25.84	-2.9082
25.84	-2.9089
25.84	-2.9095
25.84	-2.9102
25.83	-2.9110
25.83	-2.9118
25.83	-2.9128
25.83	-2.9133
25.82	-2.9140
25.82	-2.9145
25.82	-2.9154
25.82	-2.9163
25.82	-2.9170
25.81	-2.9179
25.81	-2.9185
25.81	-2.9191
25.81	-2.9201
25.80	-2.9206
25.80	-2.9214
25.80	-2.9221
25.80	-2.9228
25.79	-2.9237
25.79	-2.9245
25.78	-2.9253
25.78	-2.9260
25.78	-2.9267
25.78	-2.9276
25.78	-2.9284
25.77	-2.9295
25.77	-2.9302
25.76	-2.9310
25.76	-2.9316
25.76	-2.9326
25.76	-2.9334
25.76	-2.9341
25.75	-2.9353
25.75	-2.9360
25.75	-2.9367
25.75	-2.9375
25.75	-2.9381
25.75	-2.9391
25.75	-2.9400
25.75	-2.9408
25.74	-2.9416
25.74	-2.9425
25.73	-2.9433
25.73	-2.9441
25.73	-2.9448
25.73	-2.9456
25.73	-2.9465
25.73	-2.9473
25.73	-2.9483
25.73	-2.9490
25.72	-2.9498
25.72	-2.9506
25.71	-2.9514
25.71	-2.9525
25.70	-2.9533
25.70	-2.9541
25.70	-2.9548
25.69	-2.9555
25.69	-2.9564
25.69	-2.9572
25.68	-2.9583
25.68	-2.9590
25.68	-2.9600
25.68	-2.9607
25.68	-2.9616
25.68	-2.9624
25.68	-2.9634
25.68	-2.9644
25.67	-2.9651
25.67	-2.9660
25.67	-2.9669
25.67	-2.9679
25.66	-2.9686
25.65	-2.9697
25.65	-2.9705
25.65	-2.9716
25.65	-2.9724
25.65	-2.9731
25.64	-2.9740
25.64	-2.9748
25.63	-2.9758
25.63	-2.9768
25.63	-2.9777
25.63	-2.9785
25.63	-2.9794
25.62	-2.9802
25.62	-2.9813
25.62	-2.9821
25.62	-2.9829
25.61	-2.9840
25.61	-2.9847
25.61	-2.9857
25.61	-2.9867
25.60	-2.9875
25.60	-2.9884
25.60	-2.9895
25.60	-2.9902
25.59	-2.9911
25.59	-2.9920
25.59	-2.9928
25.59	-2.9940
25.59	-2.9948
25.59	-2.9958
25.58	-2.9967
25.58	-2.9976
25.57	-2.9986
25.57	-2.9996
25.57	-3.0005
25.57	-3.0013
25.57	-3.0023
25.56	-3.0032
25.56	-3.0042
25.56	-3.0052
25.56	-3.0061
25.55	-3.0072
25.55	-3.0080
25.55	-3.0090
25.55	-3.0101
25.54	-3.0109
25.54	-3.0119
25.54	-3.0127
25.54	-3.0138
25.53	-3.0146
25.53	-3.0157
25.53	-3.0165
25.53	-3.0174
25.53	-3.0184
25.52	-3.0194
25.52	-3.0201
25.51	-3.0215
25.51	-3.0224
25.50	-3.0234
25.50	-3.0241
25.50	-3.0251
25.50	-3.0260
25.50	-3.0272
25.50	-3.0280
25.50	-3.0290
25.50	-3.0300
25.50	-3.0307
25.49	-3.0319
25.49	-3.0330
25.48	-3.0339
25.48	-3.0350
25.48	-3.0360
25.48	-3.0368
25.48	-3.0378
25.48	-3.0389
25.47	-3.0399
25.47	-3.0409
25.46	-3.0418
25.46	-3.0427
25.46	-3.0438
25.45	-3.0449
25.45	-3.0458
25.45	-3.0468
25.45	-3.0476
25.45	-3.0485
25.45	-3.0496
25.44	-3.0508
25.44	-3.0516
25.44	-3.0527
25.44	-3.0535
25.43	-3.0545
25.43	-3.0554
25.43	-3.0564
25.43	-3.0574
25.42	-3.0584
25.42	-3.0593
25.42	-3.0603
25.42	-3.0613
25.42	-3.0622
25.41	-3.0631
25.40	-3.0642
25.40	-3.0651
25.40	-3.0661
25.40	-3.0671
25.40	-3.0681
25.40	-3.0690
25.40	-3.0700
25.39	-3.0711
25.39	-3.0721
25.39	-3.0732
25.38	-3.0741
25.38	-3.0750
25.38	-3.0759
25.38	-3.0769
25.38	-3.0778
25.37	-3.0791
25.37	-3.0799
25.37	-3.0810
25.36	-3.0821
25.36	-3.0830
25.35	-3.0838
25.35	-3.0849
25.34	-3.0859
25.35	-3.0870
25.34	-3.0879
25.34	-3.0888
25.34	-3.0898
25.34	-3.0908
25.34	-3.0919
25.33	-3.0928
25.33	-3.0939
25.33	-3.0948
25.33	-3.0959
25.33	-3.0967
25.32	-3.0979
25.32	-3.0988
25.32	-3.0998
25.32	-3.1006
25.32	-3.1019
25.31	-3.1029
25.31	-3.1040
25.30	-3.1047
25.30	-3.1058
25.30	-3.1066
25.30	-3.1078
25.29	-3.1087
25.29	-3.1095
25.29	-3.1107
25.29	-3.1116
25.28	-3.1125
25.28	-3.1136
25.28	-3.1146
25.28	-3.1154
25.28	-3.1165
25.27	-3.1173
25.27	-3.1185
25.27	-3.1193
25.26	-3.1204
25.26	-3.1212
25.26	-3.1222
25.26	-3.1231
25.25	-3.1243
25.26	-3.1253
25.25	-3.1261
25.25	-3.1269
25.25	-3.1280
25.24	-3.1289
25.24	-3.1299
25.23	-3.1307
25.23	-3.1317
25.23	-3.1327
25.23	-3.1337
25.23	-3.1346
25.23	-3.1356
25.23	-3.1367
25.22	-3.1375
25.22	-3.1386
25.21	-3.1395
25.21	-3.1404
25.21	-3.1413
25.21	-3.1421
25.20	-3.1433
25.20	-3.1443
25.20	-3.1450
25.20	-3.1461
25.20	-3.1470
25.20	-3.1478
25.20	-3.1491
25.19	-3.1497
25.19	-3.1508
25.19	-3.1517
25.19	-3.1526
25.18	-3.1535
25.18	-3.1546
25.18	-3.1554
25.18	-3.1563
25.18	-3.1572
25.17	-3.1581
25.16	-3.1591
25.16	-3.1602
25.16	-3.1610
25.16	-3.1618
25.16	-3.1627
25.16	-3.1636
25.15	-3.1646
25.15	-3.1656
25.15	-3.1665
25.15	-3.1674
25.15	-3.1683
25.14	-3.1691
25.14	-3.1700
25.13	-3.1708
25.13	-3.1721
25.13	-3.1728
25.13	-3.1738
25.13	-3.1746
25.13	-3.1755
25.12	-3.1763
25.12	-3.1775
25.12	-3.1784
25.12	-3.1792
25.11	-3.1801
25.11	-3.1809
25.10	-3.1818
25.10	-3.1828
25.10	-3.1840
25.09	-3.1845
25.09	-3.1855
25.09	-3.1862
25.09	-3.1874
25.09	-3.1882
25.09	-3.1893
25.09	-3.1901
25.08	-3.1908
25.08	-3.1917
25.08	-3.1926
25.07	-3.1933
25.07	-3.1944
25.07	-3.1953
25.07	-3.1960
25.07	-3.1968
25.06	-3.1978
25.06	-3.1987
25.06	-3.1992
25.05	-3.2004
25.05	-3.2012
25.05	-3.2020
25.05	-3.2027
25.05	-3.2036
25.05	-3.2045
25.04	-3.2051
25.04	-3.2060
25.04	-3.2069
25.03	-3.2078
25.03	-3.2084
25.03	-3.2093
25.03	-3.2100
25.03	-3.2108
25.02	-3.2117
25.02	-3.2127
25.02	-3.2132
25.02	-3.2143
25.01	-3.2148
25.01	-3.2156
25.00	-3.2164
25.00	-3.2170
25.00	-3.2180
25.00	-3.2188
25.00	-3.2196
24.99	-3.2203
24.99	-3.2212
24.98	-3.2219
24.98	-3.2227
24.98	-3.2233
24.98	-3.2244
24.98	-3.2250
24.97	-3.2258
24.97	-3.2266
24.96	-3.2274
24.96	-3.2280
24.96	-3.2288
24.96	-3.2297
24.95	-3.2304
24.95	-3.2313
24.95	-3.2320
24.95	-3.2327
24.95	-3.2334
24.95	-3.2342
24.95	-3.2351
24.94	-3.2358
24.94	-3.2364
24.94	-3.2372
24.93	-3.2379
24.93	-3.2387
24.93	-3.2395
24.93	-3.2401
24.93	-3.2406
24.93	-3.2414
24.92	-3.2422
24.92	-3.2428
24.92	-3.2435
24.91	-3.2443
24.91	-3.2449
24.91	-3.2457
24.90	-3.2463
24.90	-3.2471
24.90	-3.2478
24.90	-3.2485
24.89	-3.2492
24.89	-3.2498
24.89	-3.2505
24.88	-3.2512
24.88	-3.2517
24.87	-3.2524
24.88	-3.2531
24.88	-3.2538
24.88	-3.2545
24.87	-3.2550
24.87	-3.2557
24.87	-3.2565
24.87	-3.2573
24.87	-3.2578
24.86	-3.2582
24.86	-3.2592
24.85	-3.2596
24.85	-3.2603
24.85	-3.2608
24.85	-3.2614
24.85	-3.2621
24.84	-3.2627
24.84	-3.2633
24.83	-3.2639
24.83	-3.2647
24.83	-3.2650
24.83	-3.2657
24.83	-3.2664
24.82	-3.2671
24.82	-3.2674
24.82	-3.2682
24.82	-3.2689
24.81	-3.2695
24.81	-3.2700
24.81	-3.2707
24.81	-3.2713
24.80	-3.2719
24.80	-3.2724
24.80	-3.2729
24.80	-3.2736
24.80	-3.2741
24.80	-3.2747
24.80	-3.2752
24.79	-3.2757
24.78	-3.2766
24.78	-3.2768
24.78	-3.2775
24.78	-3.2781
24.78	-3.2786
24.78	-3.2792
24.77	-3.2796
24.77	-3.2801
24.77	-3.2807
24.76	-3.2813
24.76	-3.2818
24.76	-3.2823
24.76	-3.2829
24.75	-3.2834
24.75	-3.2839
24.75	-3.2844
24.75	-3.2848
24.74	-3.2853
24.75	-3.2857
24.75	-3.2863
24.74	-3.2868
24.73	-3.2874
24.73	-3.2878
24.73	-3.2884
24.73	-3.2887
24.73	-3.2892
24.73	-3.2897
24.72	-3.2901
24.72	-3.2908
24.71	-3.2910
24.71	-3.2915
24.71	-3.2921
24.70	-3.2924
24.70	-3.2928
24.70	-3.2934
24.70	-3.2936
24.70	-3.2941
24.69	-3.2946
24.69	-3.2951
24.68	-3.2954
24.68	-3.2958
24.68	-3.2961
24.68	-3.2966
24.68	-3.2969
24.68	-3.2975
24.67	-3.2979
24.67	-3.2982
24.67	-3.2988
24.67	-3.2992
24.67	-3.2996
24.66	-3.2999
24.66	-3.3004
24.66	-3.3007
24.65	-3.3013
24.65	-3.3017
24.65	-3.3021
24.65	-3.3024
24.64	-3.3028
24.64	-3.3031
24.64	-3.3035
24.63	-3.3038
24.63	-3.3042
24.63	-3.3044
24.63	-3.3046
24.62	-3.3050
24.62	-3.3053
24.62	-3.3056
24.62	-3.3061
24.62	-3.3062
24.62	-3.3066
24.61	-3.3068
24.61	-3.3072
24.61	-3.3074
24.61	-3.3077
24.60	-3.3081
24.59	-3.3082
24.59	-3.3085
24.59	-3.3088
24.59	-3.3090
24.59	-3.3095
24.59	-3.3097
24.58	-3.3098
24.58	-3.3101
24.57	-3.3105
24.57	-3.3107
24.57	-3.3110
24.57	-3.3113
24.57	-3.3115
24.57	-3.3116
24.56	-3.3120
24.56	-3.3122
24.56	-3.3124
24.55	-3.3127
24.55	-3.3131
24.55	-3.3133
24.55	-3.3137
24.55	-3.3138
24.55	-3.3140
24.55	-3.3144
24.54	-3.3146
24.54	-3.3147
24.54	-3.3150
24.53	-3.3153
24.53	-3.3155
24.53	-3.3158
24.52	-3.3159
24.52	-3.3162
24.52	-3.3164
24.52	-3.3167
24.51	-3.3169
24.51	-3.3171
24.51	-3.3174
24.50	-3.3177
24.50	-3.3177
24.50	-3.3181
24.50	-3.3183
24.50	-3.3186
24.50	-3.3187
24.49	-3.3187
24.49	-3.3191
24.49	-3.3192
24.48	-3.3195
24.48	-3.3197
24.48	-3.3197
24.48	-3.3200
24.48	-3.3203
24.47	-3.3203
24.47	-3.3205
24.47	-3.3207
24.47	-3.3210
24.46	-3.3210
24.46	-3.3212
24.46	-3.3213
24.46	-3.3214
24.45	-3.3215
24.45	-3.3217
24.45	-3.3217
24.45	-3.3218
24.44	-3.3219
24.44	-3.3219
24.44	-3.3221
24.43	-3.3222
24.43	-3.3221
24.43	-3.3224
24.43	-3.3223
24.43	-3.3225
24.42	-3.3226
24.42	-3.3226
24.42	-3.3227
24.41	-3.3228
24.41	-3.3229
24.41	-3.3229
24.40	-3.3230
24.40	-3.3232
24.40	-3.3232
24.40	-3.3232
24.39	-3.3232
24.39	-3.3231
24.39	-3.3233
24.39	-3.3233
24.39	-3.3234
24.39	-3.3234
24.38	-3.3234
24.38	-3.3233
24.38	-3.3235
24.37	-3.3233
24.37	-3.3236
24.37	-3.3236
24.37	-3.3235
24.37	-3.3236
24.36	-3.3236
24.36	-3.3236
24.35	-3.3236
24.35	-3.3237
24.34	-3.3237
24.34	-3.3238
24.34	-3.3237
24.34	-3.3236
24.34	-3.3237
24.34	-3.3237
24.34	-3.3238
24.34	-3.3237
24.33	-3.3237
24.33	-3.3235
24.33	-3.3237
24.32	-3.3238
24.32	-3.3236
24.32	-3.3236
24.32	-3.3235
24.32	-3.3236
24.32	-3.3234
24.32	-3.3235
24.31	-3.3234
24.31	-3.3233
24.31	-3.3234
24.30	-3.3232
24.30	-3.3234
24.30	-3.3233
24.30	-3.3231
24.30	-3.3232
24.29	-3.3231
24.29	-3.3230
24.28	-3.3229
24.28	-3.3229
24.28	-3.3227
24.28	-3.3227
24.27	-3.3228
24.27	-3.3226
24.27	-3.3227
24.26	-3.3224
24.26	-3.3223
24.26	-3.3223
24.26	-3.3221
24.26	-3.3219
24.26	-3.3218
24.26	-3.3219
24.25	-3.3217
24.25	-3.3217
24.25	-3.3216
24.25	-3.3214
24.25	-3.3212
24.24	-3.3212
24.24	-3.3210
24.24	-3.3210
24.24	-3.3208
24.23	-3.3208
24.23	-3.3206
24.23	-3.3204
24.23	-3.3203
24.22	-3.3203
24.22	-3.3201
24.21	-3.3201
24.21	-3.3200
24.20	-3.3198
24.20	-3.3196
24.20	-3.3194
24.20	-3.3192
24.20	-3.3191
24.20	-3.3190
24.19	-3.3189
24.19	-3.3187
24.19	-3.3185
24.19	-3.3184
24.18	-3.3183
24.18	-3.3181
24.18	-3.3179
24.18	-3.3177
24.18	-3.3177
24.18	-3.3175
24.17	-3.3173
24.17	-3.3171
24.17	-3.3170
24.16	-3.3167
24.16	-3.3165
24.16	-3.3164
24.15	-3.3162
24.15	-3.3158
24.15	-3.3156
24.15	-3.3156
24.15	-3.3151
24.14	-3.3150
24.14	-3.3147
24.13	-3.3146
24.13	-3.3144
24.13	-3.3142
24.13	-3.3140
24.13	-3.3138
24.12	-3.3135
24.12	-3.3134
24.12	-3.3131
24.11	-3.3128
24.11	-3.3126
24.11	-3.3123
24.11	-3.3120
24.10	-3.3119
24.10	-3.3115
24.10	-3.3113
24.10	-3.3110
24.10	-3.3107
24.09	-3.3105
24.09	-3.3104
24.09	-3.3100
24.09	-3.3100
24.09	-3.3096
24.08	-3.3094
24.08	-3.3091
24.08	-3.3088
24.08	-3.3086
24.07	-3.3084
24.07	-3.3079
24.07	-3.3078
24.07	-3.3075
24.06	-3.3070
24.06	-3.3069
24.05	-3.3066
24.05	-3.3063
24.05	-3.3059
24.05	-3.3056
24.05	-3.3055
24.04	-3.3051
24.04	-3.3049
24.04	-3.3046
24.04	-3.3043
24.04	-3.3040
24.03	-3.3038
24.03	-3.3035
24.03	-3.3030
24.03	-3.3027
24.03	-3.3023
24.02	-3.3022
24.02	-3.3019
24.02	-3.3015
24.01	-3.3012
24.01	-3.3008
24.01	-3.3007
24.00	-3.3002
24.00	-3.2999
24.00	-3.2996
24.00	-3.2993
24.00	-3.2991
23.99	-3.2988
23.99	-3.2983
23.98	-3.2977
23.98	-3.2974
23.98	-3.2972
23.98	-3.2967
23.98	-3.2965
23.98	-3.2962
23.97	-3.2959
23.97	-3.2955
23.97	-3.2952
23.97	-3.2948
23.96	-3.2944
23.96	-3.2940
23.95	-3.2938
23.95	-3.2934
23.95	-3.2929
23.95	-3.2926
23.94	-3.2922
23.94	-3.2918
23.94	-3.2915
23.94	-3.2909
23.94	-3.2906
23.93	-3.2904
23.93	-3.2899
23.93	-3.2897
23.93	-3.2893
23.93	-3.2889
23.93	-3.2886
23.92	-3.2881
23.92	-3.2877
23.92	-3.2873
23.91	-3.2868
23.91	-3.2866
23.91	-3.2862
23.91	-3.2858
23.91	-3.2852
23.90	-3.2848
23.90	-3.2846
23.90	-3.2841
23.89	-3.2837
23.89	-3.2832
23.88	-3.2829
23.88	-3.2823
23.88	-3.2820
23.88	-3.2815
23.87	-3.2811
23.87	-3.2809
23.87	-3.2803
23.87	-3.2798
23.87	-3.2793
23.87	-3.2789
23.86	-3.2785
23.86	-3.2781
23.86	-3.2778
23.85	-3.2771
23.85	-3.2767
23.85	-3.2762
23.85	-3.2758
23.84	-3.2755
23.84	-3.2750
23.84	-3.2747
23.84	-3.2740
23.84	-3.2737
23.84	-3.2732
23.83	-3.2727
23.83	-3.2722
23.82	-3.2719
23.82	-3.2715
23.82	-3.2711
23.82	-3.2704
23.82	-3.2699
23.82	-3.2697
23.81	-3.2692
23.81	-3.2688
23.81	-3.2683
23.81	-3.2679
23.80	-3.2674
23.80	-3.2669
23.80	-3.2664
23.80	-3.2660
23.79	-3.2655
23.79	-3.2651
23.79	-3.2647
23.78	-3.2642
23.78	-3.2637
23.78	-3.2633
23.78	-3.2628
23.78	-3.2623
23.77	-3.2616
23.77	-3.2611
23.77	-3.2608
23.76	-3.2602
23.76	-3.2598
23.76	-3.2593
23.76	-3.2588
23.75	-3.2584
23.75	-3.2580
23.75	-3.2573
23.74	-3.2570
23.74	-3.2562
23.74	-3.2556
23.74	-3.2553
23.74	-3.2549
23.73	-3.2544
23.73	-3.2537
23.73	-3.2533
23.73	-3.2529
23.72	-3.2521
23.72	-3.2518
23.72	-3.2512
23.72	-3.2507
23.71	-3.2502
23.71	-3.2497
23.71	-3.2492
23.71	-3.2487
23.70	-3.2482
23.70	-3.2478
23.70	-3.2472
23.70	-3.2467
23.70	-3.2463
23.69	-3.2457
23.69	-3.2450
23.69	-3.2446
23.69	-3.2442
23.68	-3.2436
23.68	-3.2432
23.68	-3.2427
23.68	-3.2421
23.68	-3.2416
23.68	-3.2412
23.67	-3.2404
23.67	-3.2401
23.66	-3.2395
23.66	-3.2391
23.66	-3.2385
23.65	-3.2380
23.65	-3.2375
23.65	-3.2370
23.65	-3.2364
23.64	-3.2359
23.64	-3.2353
23.64	-3.2346
23.64	-3.2341
23.63	-3.2336
23.63	-3.2329
23.63	-3.2325
23.63	-3.2320
23.63	-3.2314
23.63	-3.2309
23.62	-3.2304
23.62	-3.2297
23.61	-3.2292
23.61	-3.2287
23.61	-3.2280
23.61	-3.2276
23.60	-3.2268
23.60	-3.2264
23.59	-3.2260
23.59	-3.2254
23.59	-3.2249
23.59	-3.2242
23.59	-3.2237
23.59	-3.2233
23.59	-3.2228
23.58	-3.2222
23.58	-3.2217
23.57	-3.2212
23.57	-3.2207
23.57	-3.2203
23.56	-3.2195
23.56	-3.2189
23.56	-3.2184
23.56	-3.2180
23.56	-3.2174
23.55	-3.2169
23.55	-3.2164
23.55	-3.2157
23.55	-3.2151
23.55	-3.2145
23.55	-3.2139
23.54	-3.2133
23.54	-3.2129
23.54	-3.2124
23.54	-3.2117
23.53	-3.2111
23.53	-3.2106
23.53	-3.2100
23.53	-3.2093
23.52	-3.2088
23.52	-3.2083
23.52	-3.2077
23.52	-3.2070
23.51	-3.2065
23.51	-3.2060
23.50	-3.2055
23.50	-3.2047
23.50	-3.2045
23.50	-3.2037
23.50	-3.2029
23.49	-3.2024
23.49	-3.2020
23.49	-3.2014
23.48	-3.2009
23.49	-3.2005
23.48	-3.1999
23.48	-3.1994
23.48	-3.1988
23.48	-3.1981
23.47	-3.1976
23.47	-3.1972
23.46	-3.1965
23.46	-3.1961
23.46	-3.1956
23.46	-3.1948
23.45	-3.1945
23.45	-3.1939
23.45	-3.1933
23.45	-3.1927
23.45	-3.1921
23.44	-3.1917
23.44	-3.1910
23.44	-3.1904
23.44	-3.1900
23.44	-3.1892
23.44	-3.1888
23.43	-3.1882
23.43	-3.1875
23.43	-3.1869
23.43	-3.1865
23.43	-3.1858
23.42	-3.1852
23.42	-3.1847
23.42	-3.1843
23.41	-3.1836
23.41	-3.1830
23.41	-3.1823
23.41	-3.1818
23.41	-3.1813
23.41	-3.1806
23.40	-3.1801
23.40	-3.1795
23.40	-3.1791
23.39	-3.1784
23.39	-3.1782
23.39	-3.1774
23.39	-3.1768
23.38	-3.1763
23.38	-3.1758
23.38	-3.1751
23.38	-3.1745
23.38	-3.1740
23.37	-3.1733
23.37	-3.1730
23.37	-3.1723
23.37	-3.1716
23.36	-3.1711
23.36	-3.1705
23.35	-3.1700
23.35	-3.1694
23.35	-3.1689
23.34	-3.1682
23.34	-3.1677
23.34	-3.1671
23.34	-3.1665
23.34	-3.1658
23.33	-3.1654
23.33	-3.1648
23.33	-3.1641
23.32	-3.1636
23.32	-3.1630
23.32	-3.1624
23.32	-3.1619
23.32	-3.1611
23.32	-3.1606
23.31	-3.1599
23.31	-3.1594
23.30	-3.1590
23.30	-3.1584
23.30	-3.1578
23.30	-3.1571
23.30	-3.1566
23.30	-3.1558
23.30	-3.1553
23.29	-3.1546
23.29	-3.1541
23.29	-3.1537
23.28	-3.1531
23.28	-3.1525
23.28	-3.1520
23.28	-3.1515
23.27	-3.1508
23.27	-3.1503
23.27	-3.1497
23.26	-3.1491
23.26	-3.1485
23.26	-3.1479
23.26	-3.1474
23.25	-3.1469
23.25	-3.1461
23.25	-3.1456
23.25	-3.1448
23.25	-3.1443
23.25	-3.1440
23.24	-3.1432
23.24	-3.1427
23.24	-3.1422
23.23	-3.1416
23.23	-3.1410
23.23	-3.1405
23.23	-3.1398
23.23	-3.1393
23.23	-3.1388
23.22	-3.1382
23.22	-3.1377
23.22	-3.1371
23.21	-3.1366
23.21	-3.1360
23.21	-3.1354
23.20	-3.1349
23.20	-3.1342
23.20	-3.1334
23.20	-3.1331
23.19	-3.1324
23.19	-3.1319
23.19	-3.1310
23.19	-3.1306
23.19	-3.1300
23.19	-3.1296
23.18	-3.1288
23.18	-3.1282
23.18	-3.1277
23.18	-3.1271
23.17	-3.1265
23.17	-3.1260
23.17	-3.1253
23.17	-3.1249
23.16	-3.1244
23.16	-3.1236
23.15	-3.1231
23.15	-3.1225
23.15	-3.1220
23.15	-3.1214
23.15	-3.1208
23.14	-3.1205
23.14	-3.1197
23.14	-3.1194
23.13	-3.1186
23.13	-3.1180
23.13	-3.1175
23.13	-3.1172
23.12	-3.1164
23.12	-3.1161
23.12	-3.1154
23.12	-3.1150
23.11	-3.1144
23.11	-3.1138
23.11	-3.1132
23.11	-3.1126
23.10	-3.1121
23.10	-3.1115
23.10	-3.1110
23.10	-3.1105
23.09	-3.1099
23.09	-3.1092
23.09	-3.1089
23.08	-3.1082
23.08	-3.1079
23.08	-3.1073
23.08	-3.1067
23.08	-3.1064
23.07	-3.1056
23.07	-3.1052
23.07	-3.1046
23.07	-3.1043
23.07	-3.1036
23.07	-3.1031
23.06	-3.1025
23.06	-3.1020
23.05	-3.1014
23.05	-3.1007
23.05	-3.1004
23.05	-3.0999
23.05	-3.0994
23.05	-3.0986
23.04	-3.0982
23.04	-3.0977
23.03	-3.0970
23.03	-3.0965
23.03	-3.0960
23.03	-3.0955
23.03	-3.0949
23.03	-3.0944
23.02	-3.0939
23.02	-3.0932
23.02	-3.0927
23.02	-3.0922
23.01	-3.0915
23.01	-3.0911
23.00	-3.0908
23.00	-3.0901
23.00	-3.0895
23.00	-3.0890
23.00	-3.0884
22.99	-3.0879
22.99	-3.0874
22.99	-3.0867
22.98	-3.0863
22.98	-3.0857
22.98	-3.0852
22.98	-3.0847
22.98	-3.0840
22.97	-3.0835
22.97	-3.0831
22.97	-3.0826
22.97	-3.0820
22.96	-3.0816
22.96	-3.0809
22.96	-3.0804
22.95	-3.0798
22.95	-3.0794
22.95	-3.0788
22.95	-3.0783
22.95	-3.0777
22.95	-3.0772
22.94	-3.0766
22.94	-3.0761
22.94	-3.0757
22.93	-3.0751
22.93	-3.0744
22.93	-3.0741
22.92	-3.0735
22.92	-3.0731
22.92	-3.0726
22.91	-3.0721
22.92	-3.0716
22.91	-3.0712
22.91	-3.0706
22.90	-3.0701
22.90	-3.0697
22.90	-3.0692
22.90	-3.0689
22.90	-3.0682
22.90	-3.0679
22.89	-3.0675
22.89	-3.0670
22.88	-3.0663
22.88	-3.0661
22.88	-3.0656
22.88	-3.0649
22.88	-3.0644
22.88	-3.0639
22.88	-3.0636
22.87	-3.0631
22.87	-3.0625
22.87	-3.0622
22.87	-3.0617
22.86	-3.0612
22.86	-3.0607
22.86	-3.0604
22.85	-3.0596
22.85	-3.0593
22.85	-3.0590
22.84	-3.0585
22.84	-3.0580
22.84	-3.0575
22.84	-3.0572
22.84	-3.0565
22.84	-3.0562
22.83	-3.0559
22.82	-3.0555
22.82	-3.0551
22.82	-3.0544
22.82	-3.0539
22.81	-3.0534
22.81	-3.0531
22.81	-3.0528
22.80	-3.0522
22.80	-3.0519
22.80	-3.0515
22.80	-3.0509
22.79	-3.0505
22.79	-3.0502
22.79	-3.0497
22.78	-3.0491
22.79	-3.0488
22.79	-3.0482
22.79	-3.0479
22.79	-3.0475
22.78	-3.0469
22.78	-3.0466
22.78	-3.0462
22.78	-3.0459
22.77	-3.0454
22.77	-3.0450
22.77	-3.0444
22.76	-3.0440
22.76	-3.0436
22.75	-3.0433
22.75	-3.0429
22.75	-3.0423
22.75	-3.0420
22.75	-3.0417
22.75	-3.0413
22.74	-3.0408
22.74	-3.0403
22.73	-3.0401
22.73	-3.0397
22.73	-3.0393
22.73	-3.0388
22.73	-3.0385
22.73	-3.0380
22.73	-3.0375
22.72	-3.0373
22.72	-3.0370
22.71	-3.0365
22.71	-3.0363
22.71	-3.0357
22.70	-3.0354
22.70	-3.0351
22.70	-3.0347
22.70	-3.0343
22.70	-3.0340
22.70	-3.0337
22.70	-3.0331
22.69	-3.0330
22.69	-3.0324
22.69	-3.0322
22.69	-3.0317
22.69	-3.0314
22.68	-3.0311
22.68	-3.0306
22.68	-3.0303
22.68	-3.0300
22.67	-3.0297
22.67	-3.0295
22.66	-3.0289
22.66	-3.0285
22.66	-3.0282
22.66	-3.0278
22.65	-3.0275
22.65	-3.0273
22.65	-3.0270
22.64	-3.0266
22.64	-3.0262
22.64	-3.0257
22.64	-3.0256
22.64	-3.0253
22.63	-3.0250
22.63	-3.0248
22.63	-3.0242
22.63	-3.0242
22.63	-3.0236
22.62	-3.0233
22.62	-3.0229
22.62	-3.0227
22.62	-3.0225
22.61	-3.0221
22.61	-3.0219
22.60	-3.0215
22.60	-3.0212
22.60	-3.0211
22.60	-3.0208
22.59	-3.0205
22.59	-3.0203
22.59	-3.0199
22.59	-3.0196
22.59	-3.0192
22.59	-3.0191
22.59	-3.0186
22.58	-3.0182
22.57	-3.0180
22.57	-3.0178
22.57	-3.0173
22.57	-3.0171
22.56	-3.0168
22.56	-3.0166
22.56	-3.0163
22.56	-3.0159
22.56	-3.0158
22.55	-3.0156
22.55	-3.0155
22.55	-3.0150
22.55	-3.0148
22.55	-3.0147
22.54	-3.0143
22.54	-3.0141
22.54	-3.0140
22.54	-3.0137
22.53	-3.0135
22.53	-3.0131
22.53	-3.0130
22.53	-3.0128
22.53	-3.0127
22.52	-3.0122
22.52	-3.0121
22.51	-3.0118
22.51	-3.0115
22.51	-3.0113
22.51	-3.0114
22.51	-3.0111
22.50	-3.0109
22.50	-3.0106
22.50	-3.0106
22.50	-3.0104
22.50	-3.0102
22.49	-3.0099
22.49	-3.0098
22.49	-3.0095
22.48	-3.0094
22.48	-3.0093
22.48	-3.0091
22.48	-3.0089
22.47	-3.0086
22.48	-3.0084
22.47	-3.0083
22.47	-3.0082
22.47	-3.0080
22.46	-3.0078
22.46	-3.0077
22.46	-3.0075
22.45	-3.0074
22.45	-3.0074
22.45	-3.0071
22.45	-3.0069
22.45	-3.0070
22.45	-3.0069
22.44	-3.0067
22.44	-3.0066
22.44	-3.0065
22.43	-3.0064
22.43	-3.0062
22.43	-3.0061
22.42	-3.0059
22.42	-3.0059
22.42	-3.0058
22.42	-3.0057
22.42	-3.0056
22.41	-3.0055
22.41	-3.0054
22.40	-3.0054
22.40	-3.0053
22.40	-3.0053
22.40	-3.0050
22.40	-3.0050
22.39	-3.0049
22.39	-3.0050
22.39	-3.0050
22.39	-3.0051
22.39	-3.0049
22.39	-3.0048
22.38	-3.0050
22.38	-3.0048
22.38	-3.0048
22.38	-3.0048
22.37	-3.0048
22.37	-3.0048
22.37	-3.0047
22.37	-3.0046
22.37	-3.0047
22.37	-3.0044
22.37	-3.0048
22.36	-3.0047
22.35	-3.0046
22.34	-3.0047
22.34	-3.0046
22.34	-3.0047
22.34	-3.0048
22.34	-3.0047
22.34	-3.0051
22.33	-3.0050
22.33	-3.0051
22.33	-3.0051
22.32	-3.0052
22.32	-3.0053
22.32	-3.0055
22.32	-3.0055
22.32	-3.0055
22.32	-3.0057
22.31	-3.0058
22.30	-3.0058
22.30	-3.0060
22.30	-3.0062
22.30	-3.0063
22.30	-3.0063
22.30	-3.0064
22.30	-3.0066
22.29	-3.0068
22.29	-3.0068
22.29	-3.0071
22.28	-3.0071
22.28	-3.0074
22.28	-3.0075
22.28	-3.0076
22.27	-3.0078
22.26	-3.0080
22.26	-3.0083
22.26	-3.0085
22.26	-3.0087
22.26	-3.0088
22.25	-3.0092
22.25	-3.0093
22.25	-3.0095
22.25	-3.0096
22.25	-3.0100
22.25	-3.0103
22.24	-3.0105
22.24	-3.0107
22.24	-3.0110
22.24	-3.0113
22.24	-3.0116
22.24	-3.0120
22.23	-3.0121
22.23	-3.0123
22.23	-3.0128
22.22	-3.0130
22.22	-3.0133
22.22	-3.0136
22.22	-3.0138
22.21	-3.0142
22.21	-3.0145
22.21	-3.0148
22.20	-3.0153
22.20	-3.0155
22.20	-3.0157
22.20	-3.0161
22.20	-3.0165
22.19	-3.0169
22.19	-3.0175
22.19	-3.0179
22.19	-3.0182
22.18	-3.0186
22.18	-3.0190
22.18	-3.0194
22.18	-3.0198
22.17	-3.0204
22.17	-3.0209
22.16	-3.0213
22.16	-3.0218
22.16	-3.0222
22.16	-3.0226
22.15	-3.0231
22.15	-3.0237
22.15	-3.0244
22.15	-3.0249
22.15	-3.0255
22.14	-3.0258
22.14	-3.0264
22.14	-3.0270
22.14	-3.0275
22.14	-3.0281
22.13	-3.0286
22.13	-3.0292
22.13	-3.0298
22.13	-3.0304
22.13	-3.0312
22.13	-3.0315
22.12	-3.0322
22.12	-3.0327
22.11	-3.0335
22.11	-3.0342
22.10	-3.0348
22.10	-3.0352
22.10	-3.0362
22.09	-3.0369
22.09	-3.0376
22.09	-3.0383
22.09	-3.0391
22.09	-3.0397
22.08	-3.0404
22.08	-3.0412
22.08	-3.0420
22.08	-3.0427
22.07	-3.0436
22.07	-3.0441
22.07	-3.0449
22.07	-3.0457
22.07	-3.0465
22.06	-3.0473
22.06	-3.0481
22.06	-3.0492
22.06	-3.0499
22.05	-3.0506
22.05	-3.0513
22.05	-3.0522
22.05	-3.0532
22.05	-3.0542
22.04	-3.0549
22.04	-3.0559
22.04	-3.0566
22.03	-3.0575
22.03	-3.0584
22.03	-3.0592
22.03	-3.0602
22.03	-3.0611
22.02	-3.0622
22.02	-3.0632
22.02	-3.0642
22.02	-3.0652
22.01	-3.0662
22.01	-3.0674
22.01	-3.0682
22.00	-3.0693
22.00	-3.0703
22.00	-3.0715
22.00	-3.0725
22.00	-3.0735
22.00	-3.0748
22.00	-3.0758
21.99	-3.0771
21.99	-3.0781
21.99	-3.0791
21.98	-3.0803
21.98	-3.0815
21.98	-3.0827
21.98	-3.0838
21.98	-3.0850
21.97	-3.0863
21.97	-3.0876
21.96	-3.0888
21.96	-3.0899
21.96	-3.0911
21.96	-3.0924
21.95	-3.0936
21.95	-3.0952
21.95	-3.0963
21.95	-3.0976
21.94	-3.0990
21.94	-3.1001
21.94	-3.1017
21.94	-3.1030
21.94	-3.1043
21.93	-3.1057
21.93	-3.1071
21.93	-3.1085
21.93	-3.1099
21.93	-3.1112
21.92	-3.1129
21.92	-3.1143
21.91	-3.1158
21.91	-3.1172
21.91	-3.1186
21.91	-3.1200
21.90	-3.1216
21.90	-3.1231
21.90	-3.1248
21.90	-3.1263
21.90	-3.1278
21.90	-3.1293
21.89	-3.1309
21.89	-3.1325
21.89	-3.1342
21.88	-3.1359
21.88	-3.1376
21.88	-3.1391
21.88	-3.1407
21.88	-3.1425
21.87	-3.1442
21.87	-3.1459
21.87	-3.1477
21.87	-3.1494
21.86	-3.1512
21.85	-3.1528
21.85	-3.1548
21.85	-3.1565
21.85	-3.1584
21.84	-3.1603
21.84	-3.1619
21.84	-3.1639
21.84	-3.1659
21.84	-3.1677
21.84	-3.1697
21.84	-3.1715
21.84	-3.1734
21.83	-3.1754
21.83	-3.1775
21.82	-3.1793
21.82	-3.1815
21.82	-3.1834
21.82	-3.1855
21.81	-3.1875
21.81	-3.1894
21.81	-3.1915
21.81	-3.1935
21.80	-3.1956
21.80	-3.1977
21.80	-3.1997
21.80	-3.2018
21.79	-3.2043
21.79	-3.2063
21.79	-3.2083
21.78	-3.2106
21.78	-3.2128
21.78	-3.2149
21.78	-3.2173
21.78	-3.2194
21.77	-3.2220
21.77	-3.2242
21.77	-3.2263
21.76	-3.2287
21.76	-3.2311
21.75	-3.2335
21.75	-3.2358
21.75	-3.2381
21.75	-3.2406
21.75	-3.2430
21.75	-3.2456
21.75	-3.2479
21.74	-3.2505
21.74	-3.2529
21.74	-3.2557
21.74	-3.2581
21.74	-3.2606
21.74	-3.2634
21.74	-3.2658
21.74	-3.2686
21.74	-3.2711
21.74	-3.2739
21.74	-3.2765
21.73	-3.2793
21.73	-3.2820
21.72	-3.2847
21.71	-3.2874
21.71	-3.2902
21.70	-3.2928
21.70	-3.2956
21.70	-3.2987
21.70	-3.3013
21.69	-3.3045
21.69	-3.3071
21.69	-3.3100
21.69	-3.3128
21.68	-3.3158
21.68	-3.3189
21.68	-3.3217
21.68	-3.3249
21.68	-3.3278
21.67	-3.3309
21.67	-3.3338
21.66	-3.3369
21.66	-3.3401
21.66	-3.3430
21.65	-3.3462
21.65	-3.3494
21.65	-3.3523
21.65	-3.3556
21.65	-3.3587
21.65	-3.3618
21.65	-3.3653
21.65	-3.3683
21.65	-3.3717
21.64	-3.3748
21.64	-3.3781
21.64	-3.3818
21.63	-3.3849
21.63	-3.3882
21.63	-3.3914
21.63	-3.3949
21.63	-3.3983
21.62	-3.4017
21.61	-3.4052
21.61	-3.4086
21.61	-3.4121
21.61	-3.4159
21.61	-3.4192
21.61	-3.4229
21.60	-3.4264
21.60	-3.4299
21.60	-3.4336
21.59	-3.4371
21.59	-3.4409
21.59	-3.4448
21.59	-3.4481
21.59	-3.4520
21.59	-3.4557
21.58	-3.4595
21.58	-3.4633
21.57	-3.4670
21.57	-3.4710
21.57	-3.4749
21.57	-3.4789
21.57	-3.4826
21.57	-3.4865
21.56	-3.4906
21.56	-3.4944
21.55	-3.4984
21.55	-3.5024
21.55	-3.5063
21.55	-3.5103
21.55	-3.5145
21.55	-3.5184
21.54	-3.5224
21.54	-3.5266
21.54	-3.5309
21.54	-3.5351
21.53	-3.5392
21.53	-3.5435
21.53	-3.5478
21.53	-3.5519
21.52	-3.5563
21.52	-3.5605
21.52	-3.5648
21.52	-3.5691
21.51	-3.5736
21.51	-3.5780
21.51	-3.5824
21.51	-3.5869
21.50	-3.5913
21.50	-3.5959
21.50	-3.6003
21.50	-3.6049
21.49	-3.6093
21.49	-3.6141
21.49	-3.6186
21.49	-3.6231
21.49	-3.6278
21.48	-3.6324
21.48	-3.6371
21.48	-3.6418
21.48	-3.6464
21.48	-3.6512
21.47	-3.6559
21.46	-3.6607
21.46	-3.6658
21.46	-3.6705
21.45	-3.6756
21.45	-3.6803
21.45	-3.6853
21.45	-3.6902
21.45	-3.6951
21.45	-3.7001
21.44	-3.7050
21.44	-3.7102
21.44	-3.7153
21.44	-3.7203
21.43	-3.7254
21.43	-3.7306
21.43	-3.7356
21.43	-3.7410
21.42	-3.7461
21.42	-3.7512
21.42	-3.7563
21.42	-3.7616
21.41	-3.7669
21.41	-3.7723
21.40	-3.7777
21.40	-3.7830
21.40	-3.7885
21.40	-3.7937
21.39	-3.7994
21.39	-3.8047
21.39	-3.8102
21.39	-3.8155
21.38	-3.8211
21.38	-3.8268
21.38	-3.8322
21.38	-3.8380
21.38	-3.8434
21.38	-3.8491
21.37	-3.8548
21.37	-3.8604
21.37	-3.8662
21.36	-3.8718
21.36	-3.8777
21.36	-3.8834
21.36	-3.8892
21.36	-3.8950
21.35	-3.9009
21.35	-3.9068
21.34	-3.9129
21.34	-3.9188
21.34	-3.9246
21.33	-3.9309
21.34	-3.9368
21.34	-3.9427
21.33	-3.9487
21.33	-3.9549
21.33	-3.9608
21.32	-3.9670
21.32	-3.9731
21.32	-3.9795
21.32	-3.9854
21.31	-3.9917
21.31	-3.9979
21.31	-4.0041
21.31	-4.0106
21.31	-4.0167
21.31	-4.0232
21.30	-4.0294
21.30	-4.0359
21.30	-4.0422
21.30	-4.0487
21.30	-4.0552
21.29	-4.0616
21.29	-4.0680
21.28	-4.0747
21.28	-4.0812
21.28	-4.0875
21.28	-4.0943
21.28	-4.1011
21.28	-4.1077
21.28	-4.1142
21.27	-4.1207
21.27	-4.1275
21.26	-4.1340
21.26	-4.1409
21.26	-4.1478
21.25	-4.1546
21.25	-4.1614
21.25	-4.1680
21.25	-4.1749
21.24	-4.1818
21.24	-4.1884
21.24	-4.1954
21.23	-4.2023
21.23	-4.2095
21.23	-4.2163
21.23	-4.2233
21.23	-4.2304
21.23	-4.2373
21.22	-4.2446
21.21	-4.2518
21.20	-4.2585
21.20	-4.2658
21.21	-4.2731
21.21	-4.2802
21.20	-4.2874
21.20	-4.2949
21.20	-4.3019
21.20	-4.3093
21.20	-4.3165
21.20	-4.3238
21.19	-4.3312
21.19	-4.3387
21.19	-4.3459
21.19	-4.3535
21.19	-4.3608
21.18	-4.3682
21.18	-4.3757
21.17	-4.3832
21.17	-4.3907
21.17	-4.3984
21.16	-4.4058
21.16	-4.4135
21.16	-4.4211
21.16	-4.4287
21.15	-4.4363
21.15	-4.4440
21.15	-4.4514
21.15	-4.4592
21.14	-4.4669
21.14	-4.4747
21.14	-4.4823
21.14	-4.4902
21.13	-4.4977
21.13	-4.5057
21.13	-4.5136
21.13	-4.5214
21.13	-4.5292
21.13	-4.5370
21.12	-4.5448
21.12	-4.5528
21.12	-4.5609
21.12	-4.5686
21.12	-4.5768
21.11	-4.5845
21.11	-4.5927
21.10	-4.6007
21.10	-4.6087
21.10	-4.6167
21.10	-4.6245
21.09	-4.6329
21.09	-4.6407
21.09	-4.6489
21.09	-4.6570
21.08	-4.6652
21.08	-4.6733
21.08	-4.6816
21.08	-4.6897
21.08	-4.6979
21.07	-4.7062
21.07	-4.7143
21.07	-4.7224
21.06	-4.7307
21.06	-4.7391
21.06	-4.7475
21.06	-4.7558
21.06	-4.7641
21.05	-4.7725
21.05	-4.7808
21.05	-4.7892
21.05	-4.7975
21.05	-4.8059
21.04	-4.8144
21.04	-4.8227
21.04	-4.8309
21.03	-4.8395
21.03	-4.8478
21.03	-4.8563
21.03	-4.8647
21.03	-4.8735
21.02	-4.8818
21.02	-4.8905
21.02	-4.8988
21.02	-4.9074
21.01	-4.9161
21.01	-4.9247
21.01	-4.9332
21.00	-4.9417
21.00	-4.9503
21.00	-4.9590
21.00	-4.9675
20.99	-4.9762
20.99	-4.9847
20.99	-4.9935
20.99	-5.0021
20.98	-5.0109
20.98	-5.0191
20.98	-5.0280
20.98	-5.0368
20.98	-5.0454
20.97	-5.0544
20.96	-5.0629
20.96	-5.0716
20.96	-5.0802
20.96	-5.0891
20.95	-5.0977
20.95	-5.1063
20.95	-5.1153
20.95	-5.1240
20.95	-5.1325
20.95	-5.1415
20.95	-5.1502
20.95	-5.1590
20.94	-5.1680
20.94	-5.1766
20.94	-5.1855
20.93	-5.1943
20.93	-5.2032
20.93	-5.2119
20.93	-5.2207
20.93	-5.2295
20.93	-5.2385
20.92	-5.2470
20.92	-5.2561
20.91	-5.2647
20.91	-5.2737
20.91	-5.2824
20.90	-5.2913
20.90	-5.3001
20.90	-5.3090
20.90	-5.3177
20.90	-5.3266
20.90	-5.3355
20.90	-5.3444
20.89	-5.3531
20.89	-5.3617
20.88	-5.3708
20.88	-5.3797
20.88	-5.3884
20.88	-5.3973
20.88	-5.4060
20.88	-5.4148
20.87	-5.4238
20.86	-5.4328
20.86	-5.4413
20.85	-5.4502
20.85	-5.4589
20.85	-5.4679
20.85	-5.4766
20.85	-5.4854
20.84	-5.4943
20.85	-5.5031
20.84	-5.5119
20.84	-5.5207
20.84	-5.5294
20.84	-5.5382
20.83	-5.5470
20.83	-5.5557
20.82	-5.5646
20.82	-5.5733
20.82	-5.5820
20.82	-5.5906
20.82	-5.5995
20.82	-5.6081
20.81	-5.6169
20.81	-5.6256
20.81	-5.6343
20.81	-5.6429
20.81	-5.6517
20.80	-5.6604
20.80	-5.6685
20.80	-5.6776
20.80	-5.6860
20.80	-5.6946
20.80	-5.7034
20.79	-5.7119
20.79	-5.7205
20.78	-5.7292
20.78	-5.7376
20.78	-5.7462
20.78	-5.7545
20.77	-5.7632
20.77	-5.7717
20.77	-5.7801
20.77	-5.7885
20.76	-5.7970
20.76	-5.8054
20.76	-5.8137
20.75	-5.8221
20.75	-5.8304
20.75	-5.8389
20.75	-5.8470
20.75	-5.8555
20.75	-5.8637
20.75	-5.8719
20.74	-5.8800
20.74	-5.8882
20.74	-5.8966
20.74	-5.9046
20.74	-5.9128
20.73	-5.9207
20.73	-5.9291
20.73	-5.9373
20.73	-5.9453
20.73	-5.9535
20.72	-5.9613
20.72	-5.9694
20.71	-5.9777
20.71	-5.9853
20.71	-5.9937
20.70	-6.0016
20.70	-6.0095
20.69	-6.0173
20.69	-6.0253
20.69	-6.0333
20.69	-6.0411
20.68	-6.0491
20.68	-6.0569
20.68	-6.0646
20.68	-6.0725
20.68	-6.0800
20.68	-6.0879
20.67	-6.0956
20.67	-6.1032
20.67	-6.1107
20.67	-6.1184
20.66	-6.1260
20.66	-6.1336
20.66	-6.1413
20.66	-6.1488
20.65	-6.1562
20.65	-6.1639
20.65	-6.1713
20.65	-6.1783
20.65	-6.1860
20.64	-6.1932
20.64	-6.2007
20.64	-6.2078
20.63	-6.2154
20.63	-6.2224
20.63	-6.2299
20.63	-6.2370
20.63	-6.2444
20.63	-6.2514
20.62	-6.2585
20.62	-6.2654
20.62	-6.2727
20.62	-6.2799
20.61	-6.2867
20.61	-6.2938
20.60	-6.3005
20.60	-6.3074
20.59	-6.3142
20.59	-6.3212
20.59	-6.3278
20.59	-6.3346
20.59	-6.3412
20.59	-6.3480
20.59	-6.3547
20.59	-6.3615
20.58	-6.3679
20.57	-6.3744
20.57	-6.3807
20.57	-6.3876
20.57	-6.3938
20.56	-6.4001
20.56	-6.4065
20.56	-6.4127
20.56	-6.4190
20.56	-6.4252
20.55	-6.4312
20.55	-6.4376
20.55	-6.4436
20.55	-6.4498
20.55	-6.4558
20.55	-6.4617
20.55	-6.4677
20.54	-6.4734
20.54	-6.4796
20.53	-6.4853
20.53	-6.4910
20.53	-6.4969
20.53	-6.5025
20.53	-6.5081
20.52	-6.5140
20.52	-6.5195
20.52	-6.5252
20.51	-6.5305
20.51	-6.5359
20.51	-6.5418
20.51	-6.5467
20.50	-6.5525
20.50	-6.5578
20.50	-6.5631
20.50	-6.5683
20.50	-6.5735
20.49	-6.5786
20.49	-6.5837
20.49	-6.5886
20.49	-6.5937
20.48	-6.5988
20.48	-6.6036
20.47	-6.6084
20.47	-6.6134
20.47	-6.6181
20.47	-6.6229
20.47	-6.6275
20.47	-6.6322
20.46	-6.6368
20.45	-6.6415
20.45	-6.6460
20.45	-6.6502
20.45	-6.6548
20.45	-6.6595
20.45	-6.6636
20.45	-6.6678
20.44	-6.6721
20.45	-6.6763
20.44	-6.6808
20.44	-6.6846
20.43	-6.6887
20.43	-6.6929
20.43	-6.6967
20.43	-6.7007
20.43	-6.7049
20.42	-6.7084
20.42	-6.7122
20.42	-6.7161
20.41	-6.7198
20.41	-6.7235
20.40	-6.7270
20.40	-6.7305
20.40	-6.7342
20.40	-6.7373
20.39	-6.7408
20.39	-6.7442
20.39	-6.7476
20.39	-6.7510
20.39	-6.7542
20.38	-6.7573
20.38	-6.7604
20.38	-6.7635
20.38	-6.7668
20.37	-6.7697
20.37	-6.7726
20.37	-6.7754
20.37	-6.7784
20.37	-6.7811
20.36	-6.7838
20.36	-6.7865
20.35	-6.7893
20.35	-6.7920
20.35	-6.7943
20.35	-6.7970
20.35	-6.7993
20.35	-6.8016
20.34	-6.8041
20.34	-6.8063
20.34	-6.8087
20.34	-6.8107
20.33	-6.8129
20.33	-6.8150
20.33	-6.8170
20.32	-6.8190
20.32	-6.8209
20.32	-6.8228
20.32	-6.8245
20.32	-6.8267
20.31	-6.8284
20.31	-6.8301
20.30	-6.8314
20.30	-6.8334
20.30	-6.8348
20.30	-6.8365
20.30	-6.8378
20.30	-6.8393
20.30	-6.8407
20.29	-6.8420
20.29	-6.8429
20.29	-6.8443
20.28	-6.8453
20.28	-6.8465
20.28	-6.8478
20.28	-6.8488
20.28	-6.8498
20.27	-6.8508
20.27	-6.8515
20.26	-6.8525
20.26	-6.8531
20.26	-6.8539
20.26	-6.8546
20.26	-6.8552
20.25	-6.8557
20.25	-6.8561
20.25	-6.8567
20.25	-6.8570
20.24	-6.8576
20.24	-6.8579
20.24	-6.8581
20.23	-6.8583
20.23	-6.8583
20.23	-6.8587
20.23	-6.8588
20.23	-6.8588
20.22	-6.8586
20.22	-6.8586
20.22	-6.8585
20.21	-6.8582
20.21	-6.8579
20.21	-6.8574
20.21	-6.8575
20.20	-6.8569
20.20	-6.8565
20.20	-6.8561
20.20	-6.8552
20.20	-6.8548
20.19	-6.8543
20.19	-6.8536
20.19	-6.8528
20.19	-6.8520
20.19	-6.8514
20.18	-6.8505
20.18	-6.8497
20.18	-6.8485
20.18	-6.8475
20.17	-6.8464
20.17	-6.8453
20.17	-6.8442
20.16	-6.8431
20.16	-6.8418
20.15	-6.8404
20.15	-6.8389
20.15	-6.8377
20.15	-6.8362
20.15	-6.8347
20.14	-6.8330
20.14	-6.8317
20.14	-6.8298
20.13	-6.8283
20.13	-6.8267
20.13	-6.8247
20.13	-6.8228
20.13	-6.8213
20.12	-6.8190
20.12	-6.8171
20.12	-6.8153
20.12	-6.8132
20.12	-6.8111
20.11	-6.8088
20.11	-6.8066
20.11	-6.8044
20.10	-6.8021
20.10	-6.7999
20.10	-6.7973
20.10	-6.7951
20.09	-6.7927
20.09	-6.7902
20.09	-6.7875
20.08	-6.7850
20.08	-6.7824
20.08	-6.7798
20.08	-6.7771
20.07	-6.7743
20.07	-6.7715
20.07	-6.7685
20.07	-6.7657
20.07	-6.7628
20.07	-6.7599
20.06	-6.7569
20.06	-6.7541
20.06	-6.7511
20.05	-6.7477
20.05	-6.7444
20.05	-6.7413
20.05	-6.7382
20.04	-6.7349
20.04	-6.7317
20.04	-6.7280
20.04	-6.7246
20.03	-6.7212
20.03	-6.7177
20.03	-6.7143
20.03	-6.7106
20.02	-6.7072
20.02	-6.7032
20.02	-6.6997
20.01	-6.6959
20.01	-6.6921
20.01	-6.6883
20.01	-6.6845
20.01	-6.6802
20.00	-6.6762
20.00	-6.6724
20.00	-6.6681
19.99	-6.6639
19.99	-6.6600
19.99	-6.6555
19.99	-6.6515
19.99	-6.6472
19.98	-6.6429
19.98	-6.6384
19.98	-6.6340
19.97	-6.6298
19.97	-6.6251
19.98	-6.6208
19.97	-6.6164
19.97	-6.6118
19.97	-6.6073
19.96	-6.6024
19.96	-6.5983
19.96	-6.5934
19.96	-6.5888
19.95	-6.5839
19.95	-6.5791
19.95	-6.5744
19.95	-6.5696
19.94	-6.5649
19.94	-6.5598
19.94	-6.5549
19.94	-6.5500
19.93	-6.5450
19.93	-6.5401
19.93	-6.5349
19.93	-6.5302
19.92	-6.5248
19.92	-6.5196
19.92	-6.5147
19.91	-6.5095
19.91	-6.5040
19.91	-6.4987
19.90	-6.4937
19.90	-6.4885
19.90	-6.4829
19.90	-6.4775
19.90	-6.4722
19.89	-6.4667
19.89	-6.4612
19.89	-6.4557
19.88	-6.4501
19.88	-6.4449
19.88	-6.4390
19.88	-6.4335
19.88	-6.4277
19.88	-6.4221
19.88	-6.4164
19.88	-6.4108
19.87	-6.4051
19.87	-6.3994
19.87	-6.3937
19.86	-6.3879
19.86	-6.3821
19.85	-6.3763
19.85	-6.3705
19.85	-6.3646
19.85	-6.3587
19.85	-6.3530
19.85	-6.3469
19.85	-6.3408
19.84	-6.3350
19.84	-6.3290
19.84	-6.3228
19.83	-6.3168
19.83	-6.3107
19.83	-6.3046
19.83	-6.2987
19.83	-6.2923
19.82	-6.2860
19.82	-6.2798
19.82	-6.2737
19.82	-6.2674
19.82	-6.2611
19.81	-6.2549
19.81	-6.2486
19.81	-6.2422
19.80	-6.2358
19.80	-6.2293
19.80	-6.2232
19.80	-6.2166
19.80	-6.2101
19.79	-6.2037
19.79	-6.1972
19.79	-6.1906
19.78	-6.1842
19.78	-6.1775
19.78	-6.1711
19.78	-6.1646
19.77	-6.1580
19.77	-6.1514
19.77	-6.1448
19.76	-6.1381
19.76	-6.1315
19.75	-6.1249
19.75	-6.1181
19.75	-6.1113
19.75	-6.1045
19.75	-6.0978
19.75	-6.0911
19.75	-6.0842
19.74	-6.0774
19.74	-6.0708
19.74	-6.0638
19.73	-6.0571
19.73	-6.0503
19.73	-6.0434
19.73	-6.0366
19.73	-6.0297
19.72	-6.0226
19.72	-6.0157
19.72	-6.0087
19.71	-6.0018
19.71	-5.9947
19.71	-5.9877
19.70	-5.9809
19.70	-5.9741
19.70	-5.9670
19.70	-5.9601
19.69	-5.9530
19.69	-5.9460
19.69	-5.9389
19.68	-5.9319
19.68	-5.9249
19.68	-5.9177
19.68	-5.9108
19.68	-5.9035
19.68	-5.8967
19.67	-5.8895
19.67	-5.8824
19.67	-5.8757
19.66	-5.8682
19.66	-5.8612
19.66	-5.8540
19.66	-5.8468
19.66	-5.8394
19.65	-5.8324
19.65	-5.8252
19.65	-5.8180
19.65	-5.8107
19.65	-5.8036
19.64	-5.7965
19.64	-5.7891
19.64	-5.7819
19.63	-5.7746
19.63	-5.7676
19.63	-5.7601
19.63	-5.7530
19.62	-5.7459
19.62	-5.7387
19.61	-5.7312
19.61	-5.7241
19.61	-5.7170
19.61	-5.7095
19.61	-5.7027
19.60	-5.6954
19.59	-5.6879
19.59	-5.6807
19.59	-5.6734
19.59	-5.6662
19.59	-5.6587
19.59	-5.6516
19.59	-5.6442
19.59	-5.6369
19.58	-5.6297
19.58	-5.6221
19.58	-5.6151
19.57	-5.6076
19.57	-5.6004
19.57	-5.5931
19.57	-5.5855
19.57	-5.5785
19.57	-5.5713
19.56	-5.5638
19.56	-5.5565
19.55	-5.5493
19.55	-5.5419
19.55	-5.5344
19.55	-5.5275
19.54	-5.5202
19.54	-5.5127
19.54	-5.5053
19.53	-5.4984
19.53	-5.4911
19.53	-5.4837
19.53	-5.4764
19.53	-5.4692
19.52	-5.4619
19.52	-5.4547
19.52	-5.4475
19.51	-5.4402
19.51	-5.4328
19.51	-5.4256
19.51	-5.4184
19.50	-5.4111
19.50	-5.4039
19.50	-5.3967
19.50	-5.3895
19.50	-5.3825
19.49	-5.3749
19.49	-5.3675
19.49	-5.3606
19.49	-5.3533
19.49	-5.3460
19.48	-5.3389
19.48	-5.3317
19.48	-5.3243
19.47	-5.3172
19.47	-5.3100
19.47	-5.3030
19.47	-5.2959
19.46	-5.2885
19.46	-5.2811
19.45	-5.2741
19.45	-5.2669
19.45	-5.2598
19.45	-5.2526
19.44	-5.2455
19.44	-5.2384
19.44	-5.2312
19.44	-5.2242
19.43	-5.2170
19.43	-5.2099
19.43	-5.2028
19.43	-5.1956
19.43	-5.1884
19.43	-5.1814
19.42	-5.1744
19.42	-5.1673
19.42	-5.1602
19.42	-5.1531
19.41	-5.1461
19.41	-5.1390
19.41	-5.1318
19.40	-5.1250
19.40	-5.1180
19.40	-5.1112
19.40	-5.1039
19.39	-5.0972
19.39	-5.0901
19.38	-5.0831
19.38	-5.0763
19.38	-5.0694
19.38	-5.0624
19.38	-5.0555
19.38	-5.0487
19.38	-5.0417
19.38	-5.0348
19.37	-5.0277
19.37	-5.0210
19.37	-5.0142
19.36	-5.0072
19.36	-5.0004
19.36	-4.9936
19.35	-4.9867
19.35	-4.9798
19.35	-4.9729
19.34	-4.9662
19.34	-4.9595
19.34	-4.9529
19.34	-4.9461
19.34	-4.9394
19.34	-4.9325
19.34	-4.9259
19.34	-4.9192
19.33	-4.9125
19.32	-4.9058
19.32	-4.8992
19.31	-4.8924
19.31	-4.8858
19.31	-4.8791
19.31	-4.8724
19.31	-4.8657
19.31	-4.8593
19.30	-4.8525
19.30	-4.8459
19.30	-4.8396
19.30	-4.8329
19.30	-4.8263
19.29	-4.8198
19.29	-4.8132
19.29	-4.8067
19.28	-4.8003
19.28	-4.7937
19.28	-4.7873
19.28	-4.7806
19.28	-4.7743
19.28	-4.7680
19.27	-4.7614
19.27	-4.7553
19.26	-4.7489
19.26	-4.7424
19.26	-4.7357
19.26	-4.7295
19.26	-4.7233
19.25	-4.7170
19.25	-4.7105
19.25	-4.7043
19.24	-4.6980
19.24	-4.6915
19.24	-4.6854
19.23	-4.6788
19.23	-4.6727
19.23	-4.6664
19.23	-4.6602
19.23	-4.6538
19.22	-4.6474
19.22	-4.6414
19.22	-4.6353
19.22	-4.6291
19.22	-4.6229
19.22	-4.6166
19.21	-4.6105
19.21	-4.6047
19.21	-4.5984
19.21	-4.5924
19.20	-4.5862
19.20	-4.5802
19.20	-4.5744
19.19	-4.5684
19.19	-4.5623
19.19	-4.5565
19.19	-4.5505
19.18	-4.5446
19.18	-4.5388
19.18	-4.5328
19.18	-4.5270
19.18	-4.5213
19.18	-4.5154
19.17	-4.5096
19.16	-4.5036
19.16	-4.4980
19.16	-4.4924
19.16	-4.4862
19.15	-4.4809
19.15	-4.4751
19.15	-4.4694
19.15	-4.4635
19.14	-4.4578
19.14	-4.4522
19.14	-4.4466
19.14	-4.4410
19.14	-4.4354
19.13	-4.4297
19.13	-4.4242
19.13	-4.4186
19.13	-4.4132
19.13	-4.4075
19.12	-4.4021
19.12	-4.3966
19.12	-4.3908
19.11	-4.3856
19.11	-4.3800
19.11	-4.3747
19.11	-4.3691
19.10	-4.3636
19.10	-4.3580
19.10	-4.3527
19.10	-4.3473
19.09	-4.3420
19.09	-4.3367
19.09	-4.3311
19.08	-4.3260
19.08	-4.3207
19.08	-4.3154
19.08	-4.3103
19.08	-4.3051
19.07	-4.2997
19.07	-4.2944
19.07	-4.2892
19.06	-4.2841
19.06	-4.2788
19.06	-4.2738
19.06	-4.2685
19.06	-4.2633
19.05	-4.2582
19.05	-4.2534
19.05	-4.2480
19.04	-4.2430
19.04	-4.2382
19.04	-4.2329
19.04	-4.2281
19.04	-4.2230
19.03	-4.2179
19.03	-4.2129
19.03	-4.2080
19.03	-4.2030
19.02	-4.1980
19.02	-4.1931
19.02	-4.1882
19.02	-4.1834
19.02	-4.1785
19.01	-4.1736
19.01	-4.1689
19.00	-4.1641
19.00	-4.1593
19.00	-4.1546
18.99	-4.1498
18.99	-4.1451
18.99	-4.1402
18.99	-4.1356
18.99	-4.1309
18.99	-4.1263
18.98	-4.1215
18.98	-4.1171
18.98	-4.1124
18.98	-4.1076
18.98	-4.1030
18.97	-4.0985
18.97	-4.0937
18.97	-4.0894
18.97	-4.0848
18.96	-4.0803
18.96	-4.0759
18.96	-4.0715
18.96	-4.0669
18.96	-4.0624
18.96	-4.0579
18.95	-4.0534
18.95	-4.0489
18.95	-4.0445
18.95	-4.0401
18.94	-4.0358
18.94	-4.0313
18.94	-4.0272
18.93	-4.0228
18.93	-4.0183
18.93	-4.0141
18.93	-4.0098
18.93	-4.0056
18.93	-4.0013
18.92	-3.9972
18.92	-3.9930
18.92	-3.9887
18.91	-3.9845
18.91	-3.9802
18.90	-3.9764
18.90	-3.9720
18.90	-3.9678
18.90	-3.9636
18.90	-3.9597
18.90	-3.9556
18.89	-3.9514
18.89	-3.9474
18.88	-3.9434
18.88	-3.9393
18.88	-3.9355
18.88	-3.9313
18.88	-3.9275
18.88	-3.9235
18.87	-3.9197
18.87	-3.9156
18.87	-3.9117
18.87	-3.9079
18.87	-3.9039
18.86	-3.8999
18.86	-3.8960
18.85	-3.8922
18.85	-3.8884
18.85	-3.8846
18.84	-3.8807
18.84	-3.8770
18.84	-3.8731
18.84	-3.8694
18.83	-3.8655
18.83	-3.8618
18.83	-3.8582
18.82	-3.8545
18.82	-3.8506
18.82	-3.8471
18.82	-3.8433
18.82	-3.8396
18.81	-3.8362
18.81	-3.8324
18.80	-3.8291
18.80	-3.8255
18.80	-3.8217
18.80	-3.8181
18.80	-3.8146
18.80	-3.8110
18.80	-3.8077
18.79	-3.8041
18.79	-3.8007
18.79	-3.7971
18.79	-3.7935
18.78	-3.7901
18.78	-3.7865
18.78	-3.7831
18.78	-3.7798
18.78	-3.7762
18.77	-3.7728
18.77	-3.7695
18.77	-3.7660
18.76	-3.7627
18.76	-3.7594
18.75	-3.7561
18.75	-3.7527
18.75	-3.7494
18.75	-3.7462
18.75	-3.7429
18.74	-3.7396
18.74	-3.7363
18.73	-3.7332
18.73	-3.7298
18.73	-3.7265
18.73	-3.7235
18.73	-3.7201
18.73	-3.7170
18.73	-3.7138
18.72	-3.7109
18.72	-3.7076
18.72	-3.7047
18.71	-3.7014
18.71	-3.6981
18.71	-3.6950
18.71	-3.6920
18.71	-3.6890
18.70	-3.6859
18.70	-3.6828
18.70	-3.6797
18.70	-3.6769
18.69	-3.6738
18.69	-3.6709
18.69	-3.6678
18.68	-3.6648
18.68	-3.6618
18.68	-3.6587
18.68	-3.6559
18.68	-3.6530
18.67	-3.6501
18.67	-3.6472
18.67	-3.6443
18.67	-3.6414
18.66	-3.6386
18.66	-3.6357
18.65	-3.6327
18.65	-3.6297
18.65	-3.6270
18.65	-3.6242
18.64	-3.6216
18.64	-3.6186
18.64	-3.6157
18.64	-3.6130
18.63	-3.6103
18.63	-3.6075
18.63	-3.6047
18.63	-3.6021
18.63	-3.5993
18.63	-3.5968
18.62	-3.5939
18.62	-3.5913
18.62	-3.5886
18.62	-3.5861
18.61	-3.5832
18.61	-3.5807
18.61	-3.5781
18.60	-3.5755
18.60	-3.5728
18.59	-3.5703
18.59	-3.5675
18.59	-3.5651
18.59	-3.5626
18.59	-3.5600
18.58	-3.5574
18.58	-3.5550
18.58	-3.5524
18.57	-3.5499
18.57	-3.5473
18.57	-3.5447
18.57	-3.5424
18.57	-3.5398
18.57	-3.5374
18.56	-3.5349
18.56	-3.5326
18.55	-3.5300
18.55	-3.5277
18.55	-3.5252
18.55	-3.5227
18.54	-3.5205
18.54	-3.5180
18.54	-3.5154
18.54	-3.5131
18.54	-3.5108
18.53	-3.5085
18.53	-3.5060
18.53	-3.5038
18.53	-3.5014
18.53	-3.4989
18.52	-3.4967
18.52	-3.4945
18.52	-3.4921
18.52	-3.4900
18.51	-3.4874
18.51	-3.4852
18.51	-3.4829
18.50	-3.4806
18.50	-3.4782
18.50	-3.4759
18.50	-3.4738
18.50	-3.4714
18.50	-3.4691
18.49	-3.4670
18.49	-3.4647
18.49	-3.4625
18.48	-3.4601
18.48	-3.4580
18.48	-3.4559
18.48	-3.4535
18.48	-3.4515
18.47	-3.4492
18.47	-3.4469
18.47	-3.4450
18.46	-3.4428
18.45	-3.4408
18.45	-3.4388
18.45	-3.4365
18.45	-3.4344
18.45	-3.4322
18.45	-3.4302
18.45	-3.4282
18.44	-3.4263
18.44	-3.4241
18.44	-3.4221
18.44	-3.4200
18.43	-3.4180
18.43	-3.4161
18.43	-3.4140
18.43	-3.4121
18.43	-3.4100
18.42	-3.4082
18.42	-3.4061
18.42	-3.4043
18.42	-3.4023
18.42	-3.4004
18.41	-3.3984
18.41	-3.3967
18.40	-3.3948
18.40	-3.3927
18.40	-3.3910
18.40	-3.3892
18.40	-3.3873
18.39	-3.3854
18.39	-3.3835
18.39	-3.3814
18.38	-3.3797
18.38	-3.3779
18.38	-3.3760
18.38	-3.3744
18.38	-3.3727
18.38	-3.3707
18.37	-3.3688
18.37	-3.3672
18.36	-3.3654
18.36	-3.3635
18.36	-3.3618
18.35	-3.3601
18.35	-3.3582
18.35	-3.3564
18.35	-3.3546
18.34	-3.3530
18.34	-3.3511
18.34	-3.3495
18.34	-3.3477
18.34	-3.3459
18.33	-3.3444
18.33	-3.3426
18.33	-3.3409
18.32	-3.3391
18.32	-3.3375
18.32	-3.3356
18.32	-3.3340
18.32	-3.3324
18.31	-3.3307
18.31	-3.3291
18.31	-3.3274
18.31	-3.3261
18.31	-3.3241
18.30	-3.3225
18.30	-3.3210
18.30	-3.3193
18.29	-3.3177
18.29	-3.3163
18.28	-3.3145
18.28	-3.3129
18.28	-3.3115
18.28	-3.3099
18.28	-3.3082
18.28	-3.3067
18.28	-3.3052
18.27	-3.3036
18.27	-3.3021
18.26	-3.3004
18.26	-3.2991
18.26	-3.2973
18.25	-3.2958
18.25	-3.2942
18.25	-3.2928
18.25	-3.2912
18.25	-3.2898
18.25	-3.2882
18.24	-3.2868
18.24	-3.2854
18.24	-3.2838
18.24	-3.2823
18.23	-3.2809
18.23	-3.2793
18.23	-3.2779
18.23	-3.2763
18.23	-3.2747
18.23	-3.2734
18.22	-3.2719
18.21	-3.2706
18.21	-3.2691
18.21	-3.2676
18.21	-3.2664
18.20	-3.2647
18.20	-3.2635
18.20	-3.2621
18.20	-3.2607
18.20	-3.2593
18.20	-3.2577
18.20	-3.2565
18.19	-3.2552
18.18	-3.2540
18.18	-3.2525
18.18	-3.2512
18.18	-3.2497
18.18	-3.2484
18.17	-3.2470
18.17	-3.2458
18.17	-3.2444
18.17	-3.2433
18.17	-3.2419
18.16	-3.2406
18.16	-3.2394
18.16	-3.2380
18.15	-3.2367
18.15	-3.2354
18.15	-3.2342
18.15	-3.2330
18.15	-3.2318
18.14	-3.2303
18.14	-3.2292
18.14	-3.2279
18.14	-3.2268
18.13	-3.2254
18.14	-3.2242
18.13	-3.2229
18.13	-3.2217
18.12	-3.2207
18.12	-3.2192
18.12	-3.2180
18.12	-3.2168
18.12	-3.2157
18.11	-3.2145
18.10	-3.2132
18.10	-3.2120
18.09	-3.2111
18.09	-3.2098
18.09	-3.2084
18.09	-3.2074
18.09	-3.2062
18.09	-3.2051
18.09	-3.2040
18.08	-3.2028
18.08	-3.2016
18.08	-3.2004
18.07	-3.1992
18.07	-3.1981
18.07	-3.1969
18.07	-3.1958
18.07	-3.1947
18.07	-3.1936
18.07	-3.1925
18.06	-3.1914
18.06	-3.1902
18.06	-3.1891
18.06	-3.1882
18.06	-3.1870
18.05	-3.1860
18.05	-3.1845
18.05	-3.1834
18.04	-3.1823
18.04	-3.1813
18.04	-3.1805
18.03	-3.1793
18.03	-3.1782
18.03	-3.1773
18.03	-3.1761
18.02	-3.1751
18.02	-3.1740
18.02	-3.1729
18.02	-3.1720
18.01	-3.1709
18.01	-3.1700
18.01	-3.1688
18.01	-3.1678
18.00	-3.1669
18.00	-3.1660
18.00	-3.1648
18.00	-3.1639
17.99	-3.1628
17.99	-3.1618
17.99	-3.1608
17.99	-3.1598
17.99	-3.1590
17.99	-3.1578
17.98	-3.1568
17.98	-3.1558
17.98	-3.1549
17.98	-3.1539
17.97	-3.1529
17.97	-3.1518
17.97	-3.1510
17.97	-3.1502
17.96	-3.1491
17.96	-3.1482
17.96	-3.1473
17.96	-3.1462
17.95	-3.1453
17.95	-3.1444
17.95	-3.1435
17.94	-3.1425
17.94	-3.1417
17.93	-3.1407
17.93	-3.1398
17.93	-3.1388
17.93	-3.1379
17.93	-3.1371
17.92	-3.1361
17.92	-3.1352
17.92	-3.1343
17.91	-3.1333
17.91	-3.1325
17.91	-3.1316
17.91	-3.1308
17.91	-3.1297
17.91	-3.1290
17.91	-3.1280
17.90	-3.1272
17.90	-3.1262
17.90	-3.1254
17.89	-3.1243
17.89	-3.1236
17.89	-3.1225
17.88	-3.1216
17.88	-3.1208
17.88	-3.1200
17.88	-3.1191
17.88	-3.1184
17.87	-3.1175
17.87	-3.1167
17.87	-3.1158
17.87	-3.1151
17.86	-3.1142
17.86	-3.1132
17.86	-3.1123
17.87	-3.1115
17.86	-3.1109
17.86	-3.1101
17.85	-3.1091
17.85	-3.1085
17.84	-3.1076
17.84	-3.1066
17.84	-3.1060
17.84	-3.1050
17.83	-3.1045
17.83	-3.1035
17.83	-3.1028
17.83	-3.1018
17.83	-3.1010
17.82	-3.1002
17.82	-3.0995
17.82	-3.0988
17.82	-3.0981
17.81	-3.0973
17.81	-3.0964
17.81	-3.0954
17.81	-3.0948
17.81	-3.0939
17.80	-3.0931
17.80	-3.0924
17.80	-3.0917
17.80	-3.0907
17.79	-3.0900
17.79	-3.0893
17.79	-3.0884
17.78	-3.0877
17.78	-3.0870
17.78	-3.0862
17.78	-3.0853
17.77	-3.0846
17.77	-3.0838
17.77	-3.0830
17.76	-3.0822
17.76	-3.0814
17.76	-3.0807
17.76	-3.0799
17.76	-3.0792
17.75	-3.0784
17.75	-3.0777
17.75	-3.0769
17.75	-3.0760
17.75	-3.0754
17.75	-3.0747
17.74	-3.0738
17.74	-3.0733
17.73	-3.0723
17.73	-3.0717
17.73	-3.0711
17.73	-3.0702
17.73	-3.0696
17.72	-3.0688
17.72	-3.0682
17.72	-3.0675
17.72	-3.0667
17.71	-3.0660
17.71	-3.0653
17.70	-3.0648
17.70	-3.0641
17.70	-3.0633
17.70	-3.0626
17.70	-3.0621
17.70	-3.0612
17.70	-3.0607
17.69	-3.0600
17.69	-3.0594
17.68	-3.0587
17.68	-3.0582
17.68	-3.0574
17.68	-3.0567
17.67	-3.0562
17.67	-3.0555
17.67	-3.0548
17.66	-3.0542
17.66	-3.0536
17.66	-3.0527
17.65	-3.0521
17.65	-3.0517
17.65	-3.0509
17.65	-3.0504
17.65	-3.0496
17.64	-3.0491
17.64	-3.0486
17.64	-3.0479
17.64	-3.0471
17.64	-3.0464
17.63	-3.0459
17.63	-3.0453
17.63	-3.0448
17.63	-3.0442
17.63	-3.0435
17.62	-3.0431
17.62	-3.0424
17.62	-3.0416
17.61	-3.0411
17.61	-3.0405
17.61	-3.0399
17.60	-3.0392
17.60	-3.0388
17.60	-3.0381
17.59	-3.0376
17.59	-3.0371
17.59	-3.0363
17.59	-3.0358
17.58	-3.0351
17.58	-3.0346
17.58	-3.0341
17.58	-3.0334
17.58	-3.0328
17.58	-3.0323
17.57	-3.0317
17.57	-3.0310
17.57	-3.0305
17.57	-3.0299
17.57	-3.0292
17.56	-3.0287
17.56	-3.0283
17.55	-3.0276
17.55	-3.0271
17.55	-3.0264
17.55	-3.0259
17.55	-3.0253
17.54	-3.0246
17.54	-3.0241
17.54	-3.0235
17.53	-3.0229
17.53	-3.0223
17.53	-3.0218
17.53	-3.0213
17.52	-3.0207
17.53	-3.0201
17.52	-3.0196
17.52	-3.0191
17.52	-3.0186
17.51	-3.0181
17.51	-3.0174
17.51	-3.0167
17.51	-3.0164
17.50	-3.0158
17.50	-3.0153
17.50	-3.0147
17.50	-3.0142
17.49	-3.0137
17.49	-3.0131
17.49	-3.0126
17.49	-3.0120
17.48	-3.0115
17.48	-3.0109
17.48	-3.0106
17.48	-3.0099
17.48	-3.0093
17.48	-3.0089
17.47	-3.0084
17.47	-3.0079
17.47	-3.0073
17.47	-3.0071
17.46	-3.0065
17.46	-3.0058
17.46	-3.0053
17.45	-3.0049
17.45	-3.0046
17.45	-3.0039
17.45	-3.0035
17.45	-3.0029
17.44	-3.0023
17.44	-3.0019
17.43	-3.0013
17.43	-3.0009
17.43	-3.0005
17.43	-3.0000
17.43	-2.9995
17.42	-2.9989
17.42	-2.9983
17.42	-2.9979
17.41	-2.9975
17.41	-2.9970
17.41	-2.9966
17.41	-2.9961
17.40	-2.9957
17.40	-2.9952
17.40	-2.9947
17.40	-2.9943
17.39	-2.9938
17.39	-2.9934
17.39	-2.9926
17.38	-2.9923
17.38	-2.9919
17.38	-2.9915
17.38	-2.9910
17.38	-2.9904
17.37	-2.9901
17.37	-2.9895
17.37	-2.9892
17.37	-2.9884
17.36	-2.9882
17.36	-2.9877
17.36	-2.9872
17.36	-2.9868
17.35	-2.9862
17.35	-2.9859
17.35	-2.9853
17.35	-2.9851
17.34	-2.9844
17.34	-2.9841
17.34	-2.9838
17.34	-2.9832
17.33	-2.9827
17.33	-2.9823
17.33	-2.9819
17.33	-2.9815
17.33	-2.9810
17.32	-2.9806
17.32	-2.9803
17.32	-2.9798
17.31	-2.9792
17.31	-2.9790
17.31	-2.9785
17.30	-2.9781
17.30	-2.9777
17.30	-2.9772
17.30	-2.9766
17.29	-2.9763
17.29	-2.9759
17.29	-2.9755
17.29	-2.9750
17.28	-2.9746
17.28	-2.9742
17.28	-2.9739
17.28	-2.9734
17.28	-2.9729
17.27	-2.9725
17.27	-2.9721
17.26	-2.9717
17.26	-2.9713
17.26	-2.9710
17.26	-2.9704
17.26	-2.9701
17.26	-2.9698
17.26	-2.9693
17.25	-2.9688
17.25	-2.9684
17.25	-2.9681
17.25	-2.9677
17.25	-2.9673
17.25	-2.9670
17.24	-2.9665
17.24	-2.9660
17.24	-2.9656
17.24	-2.9653
17.23	-2.9648
17.23	-2.9646
17.22	-2.9643
17.22	-2.9636
17.22	-2.9634
17.21	-2.9630
17.21	-2.9627
17.21	-2.9622
17.21	-2.9619
17.21	-2.9616
17.20	-2.9612
17.20	-2.9606
17.20	-2.9604
17.20	-2.9599
17.20	-2.9597
17.19	-2.9592
17.19	-2.9588
17.18	-2.9586
17.19	-2.9584
17.18	-2.9578
17.18	-2.9575
17.18	-2.9572
17.18	-2.9569
17.18	-2.9565
17.17	-2.9561
17.17	-2.9557
17.17	-2.9552
17.17	-2.9550
17.17	-2.9546
17.16	-2.9544
17.16	-2.9540
17.16	-2.9536
17.16	-2.9532
17.15	-2.9527
17.15	-2.9526
17.15	-2.9522
17.15	-2.9517
17.14	-2.9515
17.14	-2.9511
17.13	-2.9507
17.13	-2.9502
17.13	-2.9499
17.13	-2.9494
17.13	-2.9492
17.13	-2.9489
17.12	-2.9485
17.12	-2.9481
17.11	-2.9477
17.11	-2.9474
17.11	-2.9472
17.10	-2.9467
17.10	-2.9465
17.10	-2.9459
17.10	-2.9457
17.09	-2.9453
17.09	-2.9451
17.09	-2.9448
17.09	-2.9442
17.09	-2.9439
17.08	-2.9436
17.08	-2.9432
17.08	-2.9429
17.08	-2.9426
17.07	-2.9422
17.07	-2.9417
17.07	-2.9417
17.07	-2.9411
17.06	-2.9409
17.06	-2.9406
17.06	-2.9402
17.05	-2.9399
17.05	-2.9395
17.05	-2.9391
17.05	-2.9387
17.04	-2.9384
17.04	-2.9382
17.04	-2.9377
17.03	-2.9374
17.03	-2.9371
17.03	-2.9367
17.03	-2.9363
17.02	-2.9360
17.02	-2.9357
17.02	-2.9352
17.02	-2.9350
17.02	-2.9346
17.01	-2.9340
17.01	-2.9337
17.01	-2.9334
17.00	-2.9329
17.00	-2.9328
17.00	-2.9323
17.00	-2.9320
17.00	-2.9316
17.00	-2.9314
17.00	-2.9310
17.00	-2.9307
16.99	-2.9302
16.98	-2.9298
16.98	-2.9296
16.98	-2.9295
16.98	-2.9291
16.98	-2.9286
16.97	-2.9284
16.97	-2.9280
16.97	-2.9275
16.97	-2.9274
16.96	-2.9270
16.96	-2.9267
16.96	-2.9267
16.96	-2.9262
16.95	-2.9260
16.95	-2.9256
16.95	-2.9251
16.95	-2.9250
16.94	-2.9248
16.94	-2.9245
16.94	-2.9241
16.94	-2.9240
16.94	-2.9236
16.93	-2.9232
16.93	-2.9230
16.92	-2.9226
16.92	-2.9225
16.92	-2.9221
16.92	-2.9218
16.92	-2.9216
16.92	-2.9213
16.92	-2.9211
16.92	-2.9207
16.91	-2.9204
16.91	-2.9201
16.90	-2.9198
16.90	-2.9196
16.90	-2.9193
16.90	-2.9188
16.89	-2.9185
16.89	-2.9182
16.88	-2.9180
16.88	-2.9176
16.88	-2.9174
16.88	-2.9171
16.88	-2.9168
16.88	-2.9165
16.87	-2.9162
16.87	-2.9160
16.87	-2.9157
16.87	-2.9154
16.86	-2.9150
16.86	-2.9149
16.86	-2.9146
16.85	-2.9142
16.85	-2.9139
16.85	-2.9136
16.85	-2.9133
16.85	-2.9131
16.84	-2.9127
16.84	-2.9125
16.84	-2.9121
16.84	-2.9118
16.83	-2.9115
16.83	-2.9112
16.83	-2.9110
16.83	-2.9109
16.83	-2.9106
16.82	-2.9103
16.82	-2.9100
16.82	-2.9095
16.82	-2.9094
16.81	-2.9091
16.81	-2.9089
16.80	-2.9086
16.80	-2.9081
16.80	-2.9076
16.80	-2.9077
16.79	-2.9073
16.79	-2.9071
16.79	-2.9068
16.79	-2.9065
16.79	-2.9063
16.79	-2.9060
16.78	-2.9058
16.78	-2.9055
16.78	-2.9052
16.77	-2.9050
16.77	-2.9048
16.77	-2.9045
16.77	-2.9042
16.77	-2.9041
16.76	-2.9037
16.76	-2.9035
16.76	-2.9029
16.75	-2.9027
16.75	-2.9023
16.75	-2.9021
16.75	-2.9019
16.74	-2.9016
16.74	-2.9013
16.74	-2.9010
16.73	-2.9008
16.73	-2.9005
16.73	-2.9003
16.73	-2.9002
16.73	-2.8998
16.73	-2.8994
16.72	-2.8991
16.72	-2.8991
16.72	-2.8987
16.72	-2.8985
16.71	-2.8983
16.71	-2.8981
16.70	-2.8977
16.70	-2.8975
16.70	-2.8971
16.69	-2.8968
16.69	-2.8967
16.69	-2.8965
16.69	-2.8961
16.69	-2.8960
16.69	-2.8956
16.68	-2.8953
16.68	-2.8951
16.68	-2.8949
16.67	-2.8947
16.67	-2.8945
16.66	-2.8942
16.66	-2.8938
16.67	-2.8936
16.67	-2.8934
16.66	-2.8931
16.65	-2.8930
16.65	-2.8925
16.65	-2.8923
16.65	-2.8920
16.65	-2.8918
16.65	-2.8916
16.64	-2.8914
16.64	-2.8912
16.64	-2.8910
16.64	-2.8907
16.63	-2.8907
16.63	-2.8904
16.63	-2.8900
16.63	-2.8897
16.63	-2.8897
16.62	-2.8895
16.62	-2.8892
16.62	-2.8889
16.62	-2.8888
16.61	-2.8887
16.61	-2.8885
16.61	-2.8883
16.60	-2.8879
16.60	-2.8875
16.60	-2.8873
16.60	-2.8871
16.59	-2.8871
16.59	-2.8868
16.59	-2.8866
16.59	-2.8863
16.58	-2.8861
16.58	-2.8860
16.58	-2.8857
16.58	-2.8854
16.57	-2.8852
16.57	-2.8850
16.57	-2.8846
16.57	-2.8846
16.56	-2.8843
16.56	-2.8841
16.56	-2.8837
16.56	-2.8836
16.55	-2.8833
16.55	-2.8831
16.55	-2.8828
16.55	-2.8827
16.54	-2.8825
16.54	-2.8820
16.54	-2.8820
16.54	-2.8816
16.54	-2.8816
16.53	-2.8813
16.53	-2.8810
16.52	-2.8808
16.52	-2.8806
16.52	-2.8804
16.52	-2.8800
16.52	-2.8801
16.51	-2.8798
16.51	-2.8796
16.51	-2.8794
16.51	-2.8793
16.50	-2.8790
16.50	-2.8788
16.50	-2.8784
16.50	-2.8782
16.50	-2.8780
16.49	-2.8779
16.49	-2.8778
16.49	-2.8777
16.48	-2.8773
16.48	-2.8771
16.48	-2.8769
16.48	-2.8767
16.48	-2.8764
16.47	-2.8765
16.47	-2.8761
16.47	-2.8758
16.47	-2.8756
16.46	-2.8756
16.46	-2.8753
16.46	-2.8750
16.45	-2.8749
16.45	-2.8747
16.44	-2.8744
16.44	-2.8742
16.44	-2.8741
16.44	-2.8739
16.43	-2.8736
16.43	-2.8735
16.43	-2.8732
16.43	-2.8730
16.43	-2.8728
16.43	-2.8726
16.43	-2.8723
16.43	-2.8720
16.43	-2.8719
16.43	-2.8717
16.42	-2.8715
16.42	-2.8712
16.41	-2.8712
16.41	-2.8708
16.40	-2.8707
16.40	-2.8706
16.40	-2.8703
16.39	-2.8702
16.39	-2.8698
16.39	-2.8698
16.39	-2.8696
16.39	-2.8695
16.38	-2.8692
16.38	-2.8691
16.38	-2.8689
16.38	-2.8687
16.38	-2.8686
16.38	-2.8683
16.38	-2.8682
16.37	-2.8680
16.37	-2.8678
16.36	-2.8676
16.36	-2.8673
16.36	-2.8670
16.36	-2.8669
16.35	-2.8666
16.35	-2.8665
16.34	-2.8665
16.34	-2.8661
16.34	-2.8659
16.34	-2.8657
16.33	-2.8657
16.33	-2.8652
16.32	-2.8652
16.32	-2.8649
16.32	-2.8649
16.32	-2.8645
16.32	-2.8643
16.32	-2.8641
16.32	-2.8640
16.32	-2.8637
16.31	-2.8635
16.31	-2.8634
16.31	-2.8632
16.30	-2.8629
16.30	-2.8627
16.30	-2.8625
16.30	-2.8621
16.30	-2.8620
16.30	-2.8617
16.30	-2.8616
16.29	-2.8611
16.29	-2.8610
16.29	-2.8607
16.28	-2.8604
16.28	-2.8603
16.28	-2.8601
16.27	-2.8598
16.27	-2.8596
16.27	-2.8594
16.27	-2.8590
16.27	-2.8591
16.27	-2.8587
16.26	-2.8585
16.26	-2.8585
16.26	-2.8581
16.25	-2.8578
16.25	-2.8577
16.25	-2.8574
16.25	-2.8575
16.25	-2.8572
16.24	-2.8568
16.24	-2.8567
16.23	-2.8566
16.23	-2.8563
16.23	-2.8563
16.23	-2.8560
16.23	-2.8558
16.23	-2.8556
16.22	-2.8555
16.22	-2.8553
16.22	-2.8552
16.21	-2.8551
16.21	-2.8549
16.21	-2.8546
16.21	-2.8546
16.20	-2.8544
16.20	-2.8542
16.20	-2.8540
16.20	-2.8539
16.20	-2.8537
16.20	-2.8534
16.20	-2.8534
16.20	-2.8532
16.19	-2.8531
16.19	-2.8529
16.18	-2.8527
16.18	-2.8526
16.17	-2.8522
16.17	-2.8521
16.17	-2.8521
16.17	-2.8516
16.16	-2.8516
16.16	-2.8514
16.16	-2.8512
16.15	-2.8511
16.15	-2.8508
16.15	-2.8507
16.15	-2.8505
16.14	-2.8504
16.14	-2.8503
16.14	-2.8500
16.14	-2.8499
16.13	-2.8498
16.13	-2.8496
16.13	-2.8493
16.13	-2.8492
16.13	-2.8492
16.13	-2.8490
16.12	-2.8487
16.12	-2.8485
16.12	-2.8484
16.11	-2.8482
16.11	-2.8480
16.11	-2.8480
16.11	-2.8477
16.10	-2.8475
16.10	-2.8472
16.10	-2.8469
16.10	-2.8467
16.09	-2.8465
16.09	-2.8462
16.09	-2.8463
16.09	-2.8461
16.09	-2.8459
16.09	-2.8458
16.08	-2.8457
16.07	-2.8453
16.07	-2.8452
16.07	-2.8449
16.07	-2.8448
16.06	-2.8445
16.06	-2.8444
16.06	-2.8441
16.06	-2.8442
16.06	-2.8438
16.05	-2.8436
16.05	-2.8437
16.05	-2.8432
16.05	-2.8432
16.05	-2.8430
16.05	-2.8429
16.04	-2.8427
16.04	-2.8422
16.03	-2.8423
16.03	-2.8422
16.02	-2.8420
16.02	-2.8420
16.02	-2.8417
16.02	-2.8415
16.02	-2.8415
16.02	-2.8412
16.02	-2.8410
16.02	-2.8408
16.01	-2.8407
16.00	-2.8406
16.00	-2.8403
16.00	-2.8402
16.00	-2.8400
16.00	-2.8400
16.00	-2.8398
16.00	-2.8395
15.99	-2.8395
15.99	-2.8393
15.98	-2.8391
15.98	-2.8389
15.98	-2.8387
15.98	-2.8385
15.98	-2.8382
15.97	-2.8381
15.97	-2.8379
15.97	-2.8378
15.96	-2.8375
15.96	-2.8375
15.95	-2.8372
15.95	-2.8371
15.95	-2.8370
15.95	-2.8367
15.95	-2.8366
15.95	-2.8364
15.95	-2.8361
15.95	-2.8361
15.94	-2.8359
15.94	-2.8358
15.93	-2.8356
15.93	-2.8356
15.93	-2.8353
15.93	-2.8352
15.93	-2.8350
15.92	-2.8349
15.92	-2.8347
15.92	-2.8346
15.91	-2.8345
15.91	-2.8343
15.91	-2.8341
15.91	-2.8340
15.90	-2.8338
15.90	-2.8336
15.90	-2.8336
15.90	-2.8333
15.89	-2.8333
15.89	-2.8331
15.89	-2.8328
15.89	-2.8328
15.89	-2.8325
15.88	-2.8323
15.88	-2.8323
15.88	-2.8322
15.88	-2.8319
15.88	-2.8318
15.87	-2.8317
15.87	-2.8316
15.86	-2.8315
15.86	-2.8313
15.86	-2.8311
15.85	-2.8311
15.85	-2.8309
15.86	-2.8309
15.85	-2.8308
15.85	-2.8305
15.85	-2.8304
15.84	-2.8303
15.84	-2.8302
15.83	-2.8300
15.83	-2.8300
15.83	-2.8298
15.83	-2.8297
15.83	-2.8295
15.83	-2.8295
15.82	-2.8295
15.82	-2.8293
15.82	-2.8290
15.82	-2.8289
15.82	-2.8286
15.82	-2.8286
15.81	-2.8284
15.81	-2.8284
15.80	-2.8283
15.80	-2.8280
15.80	-2.8277
15.80	-2.8276
15.79	-2.8275
15.79	-2.8274
15.79	-2.8273
15.79	-2.8273
15.79	-2.8269
15.78	-2.8267
15.78	-2.8267
15.78	-2.8265
15.78	-2.8263
15.78	-2.8263
15.77	-2.8262
15.77	-2.8261
15.77	-2.8258
15.77	-2.8257
15.76	-2.8256
15.76	-2.8255
15.75	-2.8254
15.75	-2.8253
15.75	-2.8251
15.74	-2.8250
15.74	-2.8249
15.73	-2.8248
15.73	-2.8246
15.73	-2.8246
15.73	-2.8243
15.73	-2.8243
15.72	-2.8242
15.72	-2.8241
15.72	-2.8238
15.72	-2.8238
15.72	-2.8236
15.71	-2.8234
15.71	-2.8233
15.71	-2.8231
15.71	-2.8229
15.70	-2.8230
15.70	-2.8228
15.70	-2.8226
15.70	-2.8226
15.70	-2.8224
15.70	-2.8221
15.70	-2.8221
15.69	-2.8219
15.69	-2.8218
15.68	-2.8218
15.68	-2.8216
15.68	-2.8213
15.68	-2.8215
15.68	-2.8212
15.67	-2.8210
15.67	-2.8209
15.66	-2.8209
15.66	-2.8207
15.67	-2.8205
15.66	-2.8205
15.66	-2.8202
15.65	-2.8202
15.65	-2.8201
15.65	-2.8199
15.65	-2.8197
15.65	-2.8196
15.64	-2.8194
15.64	-2.8194
15.64	-2.8192
15.64	-2.8190
15.63	-2.8191
15.63	-2.8189
15.63	-2.8187
15.63	-2.8187
15.63	-2.8184
15.62	-2.8181
15.61	-2.8181
15.61	-2.8181
15.61	-2.8179
15.61	-2.8177
15.60	-2.8176
15.60	-2.8175
15.60	-2.8174
15.59	-2.8173
15.59	-2.8173
15.59	-2.8171
15.58	-2.8168
15.59	-2.8166
15.59	-2.8166
15.59	-2.8165
15.59	-2.8163
15.59	-2.8163
15.58	-2.8160
15.58	-2.8158
15.58	-2.8157
15.58	-2.8156
15.57	-2.8154
15.57	-2.8151
15.56	-2.8150
15.56	-2.8149
15.56	-2.8148
15.56	-2.8145
15.55	-2.8144
15.55	-2.8142
15.55	-2.8140
15.55	-2.8138
15.55	-2.8138
15.54	-2.8136
15.54	-2.8134
15.54	-2.8133
15.53	-2.8130
15.53	-2.8129
15.53	-2.8127
15.52	-2.8126
15.52	-2.8125
15.52	-2.8125
15.51	-2.8123
15.51	-2.8122
15.51	-2.8120
15.51	-2.8118
15.51	-2.8117
15.51	-2.8115
15.50	-2.8112
15.50	-2.8113
15.50	-2.8112
15.50	-2.8111
15.50	-2.8108
15.49	-2.8107
15.48	-2.8109
15.48	-2.8105
15.48	-2.8103
15.48	-2.8103
15.48	-2.8102
15.48	-2.8099
15.48	-2.8099
15.47	-2.8098
15.47	-2.8097
15.46	-2.8095
15.46	-2.8095
15.46	-2.8093
15.45	-2.8092
15.45	-2.8090
15.45	-2.8087
15.45	-2.8088
15.45	-2.8085
15.45	-2.8085
15.44	-2.8084
15.44	-2.8081
15.44	-2.8081
15.44	-2.8079
15.43	-2.8079
15.43	-2.8077
15.43	-2.8076
15.43	-2.8076
15.43	-2.8074
15.43	-2.8071
15.42	-2.8070
15.42	-2.8070
15.41	-2.8067
15.41	-2.8066
15.41	-2.8066
15.41	-2.8063
15.41	-2.8062
15.40	-2.8060
15.40	-2.8059
15.40	-2.8058
15.40	-2.8057
15.40	-2.8058
15.40	-2.8055
15.39	-2.8054
15.39	-2.8052
15.39	-2.8051
15.38	-2.8049
15.38	-2.8048
15.38	-2.8047
15.38	-2.8045
15.38	-2.8045
15.37	-2.8043
15.37	-2.8041
15.36	-2.8039
15.36	-2.8038
15.36	-2.8037
15.36	-2.8034
15.35	-2.8034
15.35	-2.8032
15.35	-2.8032
15.34	-2.8031
15.34	-2.8028
15.34	-2.8029
15.34	-2.8027
15.33	-2.8025
15.33	-2.8024
15.33	-2.8023
15.33	-2.8020
15.32	-2.8020
15.32	-2.8019
15.32	-2.8018
15.32	-2.8017
15.32	-2.8016
15.31	-2.8015
15.31	-2.8014
15.31	-2.8014
15.31	-2.8011
15.30	-2.8011
15.30	-2.8007
15.30	-2.8009
15.30	-2.8007
15.30	-2.8004
15.29	-2.8003
15.29	-2.8002
15.29	-2.8001
15.29	-2.7998
15.29	-2.7999
15.29	-2.7997
15.28	-2.7996
15.28	-2.7996
15.27	-2.7994
15.27	-2.7993
15.26	-2.7992
15.26	-2.7990
15.26	-2.7989
15.26	-2.7987
15.25	-2.7986
15.25	-2.7985
15.25	-2.7985
15.25	-2.7984
15.25	-2.7981
15.25	-2.7982
15.24	-2.7980
15.24	-2.7980
15.23	-2.7976
15.23	-2.7976
15.23	-2.7976
15.23	-2.7974
15.23	-2.7973
15.23	-2.7973
15.22	-2.7971
15.22	-2.7970
15.22	-2.7970
15.21	-2.7970
15.21	-2.7969
15.21	-2.7966
15.20	-2.7966
15.20	-2.7965
15.20	-2.7963
15.20	-2.7962
15.20	-2.7961
15.19	-2.7959
15.19	-2.7958
15.18	-2.7956
15.18	-2.7956
15.18	-2.7955
15.18	-2.7954
15.18	-2.7953
15.18	-2.7950
15.18	-2.7952
15.18	-2.7951
15.17	-2.7950
15.17	-2.7950
15.17	-2.7946
15.17	-2.7946
15.16	-2.7945
15.16	-2.7944
15.16	-2.7943
15.15	-2.7943
15.15	-2.7942
15.15	-2.7941
15.14	-2.7939
15.14	-2.7937
15.14	-2.7938
15.14	-2.7936
15.14	-2.7934
15.13	-2.7933
15.13	-2.7933
15.13	-2.7930
15.12	-2.7930
15.12	-2.7930
15.12	-2.7928
15.12	-2.7928
15.12	-2.7928
15.12	-2.7925
15.11	-2.7926
15.11	-2.7922
15.10	-2.7923
15.10	-2.7922
15.10	-2.7921
15.10	-2.7919
15.09	-2.7919
15.09	-2.7918
15.09	-2.7917
15.08	-2.7917
15.08	-2.7914
15.08	-2.7914
15.08	-2.7912
15.08	-2.7912
15.08	-2.7910
15.08	-2.7909
15.08	-2.7909
15.07	-2.7908
15.07	-2.7906
15.06	-2.7905
15.06	-2.7905
15.05	-2.7903
15.05	-2.7902
15.05	-2.7901
15.05	-2.7900
15.05	-2.7899
15.05	-2.7897
15.04	-2.7897
15.04	-2.7896
15.04	-2.7894
15.03	-2.7894
15.03	-2.7893
15.03	-2.7890
15.03	-2.7890
15.03	-2.7890
15.03	-2.7889
15.02	-2.7887
15.02	-2.7887
15.02	-2.7887
15.02	-2.7885
15.01	-2.7885
15.01	-2.7885
15.00	-2.7882
15.00	-2.7882
15.00	-2.7882
15.00	-2.7881
15.00	-2.7879
14.99	-2.7877
14.99	-2.7879
14.99	-2.7877
14.99	-2.7876
14.98	-2.7875
14.98	-2.7874
14.98	-2.7873
14.98	-2.7871
14.98	-2.7872
14.97	-2.7870
14.97	-2.7870
14.97	-2.7868
14.96	-2.7867
14.96	-2.7868
14.96	-2.7867
14.95	-2.7865
14.95	-2.7865
14.95	-2.7862
14.95	-2.7862
14.95	-2.7861
14.94	-2.7859
14.94	-2.7857
14.94	-2.7855
14.94	-2.7856
14.94	-2.7854
14.93	-2.7853
14.93	-2.7851
14.93	-2.7850
14.93	-2.7850
14.93	-2.7850
14.92	-2.7848
14.92	-2.7848
14.91	-2.7846
14.91	-2.7846
14.91	-2.7845
14.91	-2.7844
14.90	-2.7842
14.90	-2.7840
14.90	-2.7841
14.90	-2.7841
14.90	-2.7839
14.90	-2.7838
14.89	-2.7837
14.89	-2.7837
14.89	-2.7836
14.88	-2.7834
14.88	-2.7835
14.88	-2.7833
14.88	-2.7831
14.87	-2.7830
14.87	-2.7831
14.87	-2.7829
14.87	-2.7827
14.86	-2.7828
14.86	-2.7825
14.85	-2.7825
14.85	-2.7824
14.85	-2.7823
14.85	-2.7821
14.85	-2.7819
14.85	-2.7818
14.85	-2.7817
14.85	-2.7815
14.85	-2.7814
14.84	-2.7812
14.83	-2.7811
14.83	-2.7808
14.83	-2.7808
14.83	-2.7806
14.82	-2.7804
14.82	-2.7804
14.82	-2.7802
14.81	-2.7800
14.81	-2.7801
14.81	-2.7798
14.80	-2.7797
14.80	-2.7796
14.80	-2.7795
14.80	-2.7795
14.80	-2.7793
14.80	-2.7792
14.80	-2.7791
14.79	-2.7787
14.79	-2.7788
14.79	-2.7788
14.78	-2.7786
14.78	-2.7785
14.78	-2.7783
14.78	-2.7784
14.77	-2.7783
14.77	-2.7781
14.77	-2.7780
14.76	-2.7778
14.76	-2.7778
14.76	-2.7777
14.76	-2.7776
14.75	-2.7776
14.75	-2.7776
14.75	-2.7775
14.75	-2.7773
14.75	-2.7772
14.74	-2.7772
14.74	-2.7770
14.74	-2.7769
14.73	-2.7769
14.73	-2.7768
14.73	-2.7764
14.72	-2.7765
14.72	-2.7765
14.72	-2.7764
14.72	-2.7764
14.72	-2.7762
14.71	-2.7763
14.71	-2.7760
14.71	-2.7761
14.71	-2.7758
14.71	-2.7758
14.70	-2.7758
14.70	-2.7755
14.70	-2.7755
14.70	-2.7755
14.69	-2.7753
14.69	-2.7752
14.68	-2.7750
14.68	-2.7750
14.68	-2.7749
14.68	-2.7748
14.68	-2.7748
14.68	-2.7746
14.67	-2.7746
14.67	-2.7744
14.66	-2.7743
14.66	-2.7742
14.66	-2.7741
14.66	-2.7740
14.66	-2.7739
14.65	-2.7739
14.65	-2.7738
14.65	-2.7736
14.65	-2.7736
14.64	-2.7734
14.64	-2.7734
14.63	-2.7733
14.63	-2.7731
14.63	-2.7731
14.63	-2.7730
14.63	-2.7728
14.63	-2.7727
14.63	-2.7724
14.63	-2.7724
14.62	-2.7723
14.62	-2.7722
14.62	-2.7720
14.61	-2.7719
14.61	-2.7717
14.61	-2.7718
14.60	-2.7717
14.60	-2.7715
14.60	-2.7714
14.60	-2.7713
14.59	-2.7712
14.59	-2.7712
14.59	-2.7710
14.58	-2.7710
14.58	-2.7707
14.58	-2.7707
14.58	-2.7705
14.57	-2.7705
14.57	-2.7703
14.57	-2.7702
14.56	-2.7702
14.56	-2.7701
14.56	-2.7700
14.56	-2.7698
14.56	-2.7699
14.56	-2.7697
14.55	-2.7696
14.55	-2.7695
14.55	-2.7694
14.55	-2.7694
14.54	-2.7693
14.54	-2.7692
14.54	-2.7690
14.54	-2.7690
14.54	-2.7688
14.54	-2.7688
14.54	-2.7688
14.53	-2.7687
14.53	-2.7685
14.53	-2.7686
14.53	-2.7685
14.52	-2.7684
14.52	-2.7682
14.52	-2.7682
14.51	-2.7682
14.51	-2.7680
14.50	-2.7677
14.50	-2.7678
14.50	-2.7676
14.50	-2.7677
14.50	-2.7676
14.49	-2.7674
14.49	-2.7672
14.49	-2.7674
14.49	-2.7672
14.48	-2.7672
14.48	-2.7672
14.48	-2.7672
14.48	-2.7668
14.48	-2.7668
14.47	-2.7667
14.47	-2.7667
14.47	-2.7666
14.47	-2.7664
14.46	-2.7665
14.46	-2.7664
14.46	-2.7662
14.45	-2.7663
14.45	-2.7661
14.45	-2.7660
14.44	-2.7660
14.44	-2.7661
14.44	-2.7659
14.44	-2.7658
14.44	-2.7657
14.43	-2.7657
14.43	-2.7656
14.43	-2.7655
14.43	-2.7655
14.43	-2.7655
14.43	-2.7652
14.42	-2.7652
14.42	-2.7651
14.41	-2.7652
14.41	-2.7650
14.41	-2.7648
14.41	-2.7648
14.40	-2.7650
14.40	-2.7648
14.40	-2.7645
14.40	-2.7646
14.40	-2.7645
14.39	-2.7644
14.39	-2.7644
14.39	-2.7643
14.39	-2.7642
14.38	-2.7641
14.38	-2.7639
14.38	-2.7639
14.38	-2.7638
14.38	-2.7638
14.37	-2.7634
14.37	-2.7636
14.37	-2.7634
14.37	-2.7634
14.37	-2.7633
14.36	-2.7632
14.36	-2.7630
14.35	-2.7631
14.35	-2.7628
14.35	-2.7629
14.35	-2.7627
14.35	-2.7627
14.34	-2.7626
14.34	-2.7625
14.34	-2.7625
14.33	-2.7623
14.33	-2.7622
14.33	-2.7622
14.33	-2.7622
14.33	-2.7621
14.33	-2.7621
14.33	-2.7620
14.32	-2.7618
14.32	-2.7618
14.32	-2.7618
14.31	-2.7617
14.31	-2.7616
14.30	-2.7616
14.30	-2.7616
14.30	-2.7613
14.30	-2.7612
14.30	-2.7613
14.30	-2.7613
14.29	-2.7612
14.29	-2.7611
14.29	-2.7609
14.28	-2.7609
14.28	-2.7609
14.28	-2.7608
14.28	-2.7607
14.27	-2.7606
14.27	-2.7606
14.26	-2.7605
14.26	-2.7603
14.26	-2.7604
14.26	-2.7603
14.26	-2.7603
14.25	-2.7602
14.25	-2.7600
14.25	-2.7602
14.25	-2.7600
14.25	-2.7599
14.24	-2.7600
14.24	-2.7597
14.24	-2.7597
14.23	-2.7597
14.23	-2.7597
14.23	-2.7593
14.23	-2.7593
14.23	-2.7592
14.22	-2.7592
14.22	-2.7590
14.22	-2.7588
14.21	-2.7589
14.21	-2.7588
14.21	-2.7588
14.20	-2.7589
14.20	-2.7587
14.20	-2.7586
14.20	-2.7585
14.20	-2.7584
14.20	-2.7584
14.19	-2.7583
14.19	-2.7581
14.19	-2.7581
14.18	-2.7580
14.18	-2.7578
14.18	-2.7578
14.18	-2.7578
14.18	-2.7577
14.18	-2.7575
14.17	-2.7574
14.17	-2.7575
14.17	-2.7574
14.17	-2.7574
14.16	-2.7573
14.16	-2.7574
14.15	-2.7572
14.15	-2.7572
14.15	-2.7570
14.15	-2.7569
14.15	-2.7568
14.14	-2.7568
14.14	-2.7568
14.14	-2.7569
14.14	-2.7564
14.14	-2.7564
14.13	-2.7563
14.13	-2.7563
14.13	-2.7560
14.13	-2.7559
14.12	-2.7558
14.12	-2.7557
14.12	-2.7557
14.11	-2.7555
14.11	-2.7554
14.11	-2.7553
14.11	-2.7549
14.10	-2.7550
14.10	-2.7548
14.10	-2.7550
14.10	-2.7547
14.09	-2.7546
14.09	-2.7545
14.09	-2.7545
14.09	-2.7545
14.08	-2.7542
14.08	-2.7542
14.08	-2.7540
14.08	-2.7539
14.07	-2.7539
14.07	-2.7538
14.07	-2.7538
14.06	-2.7536
14.06	-2.7535
14.06	-2.7534
14.06	-2.7533
14.05	-2.7532
14.05	-2.7531
14.05	-2.7531
14.05	-2.7530
14.05	-2.7529
14.04	-2.7529
14.04	-2.7528
14.04	-2.7528
14.03	-2.7526
14.03	-2.7526
14.03	-2.7525
14.03	-2.7525
14.03	-2.7524
14.02	-2.7522
14.02	-2.7523
14.02	-2.7520
14.02	-2.7520
14.02	-2.7519
14.01	-2.7518
14.01	-2.7517
14.01	-2.7515
14.00	-2.7517
14.00	-2.7515
14.00	-2.7513
14.00	-2.7514
14.00	-2.7513
13.99	-2.7512
13.98	-2.7513
13.98	-2.7510
13.98	-2.7507
13.98	-2.7509
13.98	-2.7506
13.98	-2.7509
13.98	-2.7505
13.97	-2.7506
13.97	-2.7505
13.96	-2.7503
13.96	-2.7503
13.96	-2.7501
13.95	-2.7501
13.95	-2.7500
13.95	-2.7501
13.95	-2.7499
13.95	-2.7501
13.95	-2.7499
13.94	-2.7498
13.94	-2.7497
13.94	-2.7498
13.93	-2.7498
13.93	-2.7496
13.93	-2.7496
13.93	-2.7494
13.93	-2.7494
13.92	-2.7491
13.92	-2.7490
13.91	-2.7490
13.91	-2.7490
13.91	-2.7488
13.91	-2.7489
13.90	-2.7487
13.90	-2.7486
13.90	-2.7485
13.90	-2.7485
13.90	-2.7483
13.90	-2.7483
13.89	-2.7482
13.89	-2.7482
13.89	-2.7481
13.89	-2.7480
13.89	-2.7479
13.88	-2.7478
13.88	-2.7477
13.88	-2.7475
13.88	-2.7475
13.88	-2.7474
13.87	-2.7474
13.87	-2.7474
13.86	-2.7472
13.86	-2.7470
13.85	-2.7472
13.85	-2.7471
13.85	-2.7469
13.84	-2.7468
13.84	-2.7468
13.84	-2.7467
13.84	-2.7465
13.84	-2.7464
13.83	-2.7464
13.83	-2.7463
13.83	-2.7462
13.83	-2.7462
13.83	-2.7462
13.83	-2.7461
13.82	-2.7460
13.82	-2.7460
13.82	-2.7459
13.82	-2.7459
13.81	-2.7458
13.81	-2.7458
13.81	-2.7456
13.80	-2.7455
13.80	-2.7456
13.80	-2.7454
13.80	-2.7455
13.79	-2.7452
13.79	-2.7452
13.79	-2.7450
13.79	-2.7450
13.79	-2.7449
13.78	-2.7449
13.78	-2.7448
13.78	-2.7448
13.77	-2.7447
13.77	-2.7446
13.77	-2.7446
13.77	-2.7445
13.77	-2.7444
13.76	-2.7444
13.76	-2.7443
13.75	-2.7442
13.75	-2.7441
13.75	-2.7440
13.75	-2.7442
13.75	-2.7440
13.75	-2.7439
13.75	-2.7439
13.74	-2.7437
13.74	-2.7437
13.74	-2.7436
13.74	-2.7435
13.73	-2.7435
13.73	-2.7436
13.73	-2.7433
13.72	-2.7431
13.72	-2.7433
13.72	-2.7433
13.72	-2.7431
13.72	-2.7429
13.72	-2.7428
13.71	-2.7426
13.71	-2.7427
13.71	-2.7427
13.70	-2.7426
13.70	-2.7425
13.70	-2.7423
13.69	-2.7424
13.69	-2.7422
13.69	-2.7421
13.68	-2.7421
13.68	-2.7420
13.68	-2.7419
13.68	-2.7419
13.67	-2.7417
13.67	-2.7418
13.66	-2.7418
13.66	-2.7416
13.66	-2.7418
13.66	-2.7416
13.66	-2.7415
13.66	-2.7414
13.66	-2.7413
13.66	-2.7416
13.65	-2.7413
13.65	-2.7412
13.65	-2.7413
13.65	-2.7411
13.64	-2.7411
13.64	-2.7411
13.64	-2.7411
13.63	-2.7410
13.63	-2.7408
13.63	-2.7408
13.63	-2.7408
13.63	-2.7408
13.63	-2.7407
13.62	-2.7405
13.62	-2.7406
13.62	-2.7405
13.62	-2.7403
13.61	-2.7403
13.61	-2.7403
13.61	-2.7401
13.61	-2.7400
13.60	-2.7399
13.60	-2.7400
13.60	-2.7398
13.60	-2.7397
13.60	-2.7397
13.59	-2.7397
13.59	-2.7396
13.58	-2.7397
13.58	-2.7395
13.58	-2.7395
13.58	-2.7396
13.58	-2.7395
13.58	-2.7394
13.57	-2.7393
13.57	-2.7394
13.57	-2.7392
13.56	-2.7394
13.56	-2.7392
13.56	-2.7392
13.55	-2.7389
13.55	-2.7390
13.55	-2.7390
13.55	-2.7390
13.55	-2.7389
13.55	-2.7389
13.55	-2.7387
13.54	-2.7386
13.53	-2.7386
13.53	-2.7384
13.53	-2.7384
13.53	-2.7383
13.53	-2.7384
13.52	-2.7382
13.52	-2.7382
13.52	-2.7379
13.52	-2.7380
13.51	-2.7379
13.51	-2.7379
13.51	-2.7378
13.50	-2.7376
13.50	-2.7376
13.50	-2.7376
13.50	-2.7376
13.50	-2.7374
13.50	-2.7373
13.49	-2.7372
13.49	-2.7371
13.49	-2.7372
13.49	-2.7371
13.49	-2.7370
13.48	-2.7370
13.48	-2.7369
13.48	-2.7368
13.48	-2.7369
13.47	-2.7368
13.47	-2.7367
13.46	-2.7367
13.46	-2.7366
13.46	-2.7367
13.46	-2.7365
13.46	-2.7364
13.46	-2.7364
13.45	-2.7364
13.45	-2.7363
13.45	-2.7363
13.44	-2.7362
13.43	-2.7361
13.43	-2.7363
13.43	-2.7360
13.43	-2.7360
13.43	-2.7360
13.43	-2.7360
13.42	-2.7359
13.42	-2.7358
13.42	-2.7358
13.42	-2.7357
13.41	-2.7357
13.41	-2.7356
13.41	-2.7355
13.40	-2.7355
13.40	-2.7353
13.40	-2.7354
13.40	-2.7351
13.40	-2.7350
13.40	-2.7349
13.40	-2.7348
13.39	-2.7347
13.39	-2.7345
13.39	-2.7345
13.38	-2.7343
13.38	-2.7342
13.38	-2.7341
13.38	-2.7340
13.37	-2.7338
13.37	-2.7338
13.37	-2.7337
13.37	-2.7334
13.37	-2.7336
13.36	-2.7335
13.36	-2.7332
13.36	-2.7333
13.36	-2.7331
13.35	-2.7329
13.35	-2.7328
13.35	-2.7329
13.34	-2.7330
13.34	-2.7328
13.33	-2.7328
13.33	-2.7327
13.33	-2.7327
13.33	-2.7326
13.33	-2.7325
13.33	-2.7326
13.33	-2.7325
13.33	-2.7325
13.32	-2.7325
13.32	-2.7323
13.31	-2.7323
13.31	-2.7322
13.31	-2.7322
13.30	-2.7320
13.30	-2.7320
13.30	-2.7318
13.30	-2.7319
13.30	-2.7319
13.30	-2.7318
13.30	-2.7317
13.29	-2.7317
13.29	-2.7317
13.29	-2.7316
13.28	-2.7315
13.28	-2.7315
13.28	-2.7314
13.27	-2.7313
13.27	-2.7311
13.27	-2.7312
13.27	-2.7311
13.26	-2.7310
13.26	-2.7309
13.25	-2.7310
13.25	-2.7309
13.25	-2.7308
13.25	-2.7308
13.25	-2.7306
13.25	-2.7306
13.25	-2.7305
13.24	-2.7305
13.24	-2.7305
13.23	-2.7303
13.23	-2.7301
13.23	-2.7302
13.23	-2.7301
13.23	-2.7300
13.22	-2.7300
13.22	-2.7300
13.22	-2.7299
13.23	-2.7298
13.22	-2.7299
13.21	-2.7296
13.21	-2.7297
13.20	-2.7295
13.20	-2.7295
13.20	-2.7294
13.20	-2.7294
13.19	-2.7294
13.19	-2.7292
13.19	-2.7291
13.19	-2.7290
13.19	-2.7288
13.19	-2.7289
13.18	-2.7289
13.18	-2.7288
13.18	-2.7286
13.17	-2.7286
13.17	-2.7285
13.17	-2.7285
13.16	-2.7283
13.16	-2.7283
13.16	-2.7282
13.16	-2.7283
13.15	-2.7280
13.15	-2.7279
13.15	-2.7279
13.15	-2.7278
13.15	-2.7280
13.14	-2.7278
13.14	-2.7277
13.13	-2.7277
13.14	-2.7276
13.14	-2.7275
13.14	-2.7274
13.13	-2.7272
13.13	-2.7272
13.13	-2.7272
13.12	-2.7271
13.12	-2.7271
13.12	-2.7269
13.11	-2.7271
13.11	-2.7268
13.10	-2.7268
13.10	-2.7267
13.10	-2.7266
13.10	-2.7265
13.10	-2.7265
13.09	-2.7263
13.09	-2.7263
13.09	-2.7259
13.08	-2.7259
13.08	-2.7258
13.08	-2.7258
13.08	-2.7258
13.08	-2.7257
13.08	-2.7257
13.08	-2.7255
13.07	-2.7254
13.07	-2.7255
13.07	-2.7252
13.07	-2.7253
13.06	-2.7253
13.06	-2.7253
13.06	-2.7252
13.05	-2.7251
13.05	-2.7251
13.05	-2.7252
13.05	-2.7251
13.05	-2.7248
13.04	-2.7249
13.04	-2.7248
13.04	-2.7248
13.03	-2.7248
13.03	-2.7247
13.03	-2.7248
13.02	-2.7245
13.02	-2.7245
13.02	-2.7244
13.01	-2.7243
13.02	-2.7245
13.01	-2.7243
13.01	-2.7242
13.01	-2.7241
13.00	-2.7242
13.00	-2.7239
13.00	-2.7240
13.00	-2.7238
13.00	-2.7240
12.99	-2.7239
12.99	-2.7239
12.99	-2.7237
12.98	-2.7236
12.98	-2.7238
12.98	-2.7237
12.98	-2.7238
12.98	-2.7235
12.97	-2.7235
12.97	-2.7236
12.97	-2.7235
12.97	-2.7234
12.96	-2.7232
12.96	-2.7234
12.97	-2.7234
12.96	-2.7231
12.96	-2.7231
12.95	-2.7231
12.95	-2.7229
12.94	-2.7230
12.94	-2.7227
12.94	-2.7228
12.93	-2.7228
12.93	-2.7226
12.93	-2.7226
12.93	-2.7225
12.93	-2.7224
12.93	-2.7222
12.92	-2.7221
12.92	-2.7222
12.92	-2.7220
12.92	-2.7221
12.92	-2.7221
12.91	-2.7220
12.91	-2.7219
12.91	-2.7219
12.90	-2.7218
12.90	-2.7219
12.90	-2.7218
12.90	-2.7217
12.90	-2.7217
12.89	-2.7216
12.89	-2.7215
12.88	-2.7215
12.88	-2.7214
12.88	-2.7214
12.88	-2.7212
12.87	-2.7212
12.87	-2.7213
12.87	-2.7212
12.86	-2.7209
12.86	-2.7210
12.86	-2.7209
12.86	-2.7210
12.86	-2.7208
12.86	-2.7208
12.85	-2.7208
12.85	-2.7206
12.85	-2.7208
12.85	-2.7205
12.85	-2.7205
12.85	-2.7205
12.84	-2.7204
12.84	-2.7203
12.84	-2.7203
12.84	-2.7203
12.83	-2.7202
12.83	-2.7201
12.83	-2.7200
12.82	-2.7201
12.81	-2.7199
12.81	-2.7199
12.81	-2.7197
12.81	-2.7197
12.81	-2.7197
12.80	-2.7196
12.80	-2.7196
12.80	-2.7194
12.80	-2.7194
12.80	-2.7194
12.80	-2.7194
12.79	-2.7193
12.79	-2.7193
12.79	-2.7193
12.78	-2.7191
12.78	-2.7191
12.78	-2.7191
12.78	-2.7189
12.77	-2.7190
12.77	-2.7189
12.77	-2.7189
12.77	-2.7189
12.76	-2.7189
12.76	-2.7188
12.76	-2.7187
12.76	-2.7185
12.75	-2.7183
12.75	-2.7185
12.75	-2.7183
12.75	-2.7182
12.75	-2.7182
12.75	-2.7182
12.74	-2.7182
12.74	-2.7181
12.74	-2.7179
12.74	-2.7181
12.74	-2.7179
12.73	-2.7180
12.73	-2.7178
12.73	-2.7179
12.72	-2.7178
12.72	-2.7178
12.72	-2.7178
12.71	-2.7176
12.71	-2.7176
12.71	-2.7176
12.71	-2.7176
12.70	-2.7175
12.70	-2.7175
12.70	-2.7173
12.70	-2.7172
12.70	-2.7172
12.69	-2.7173
12.69	-2.7171
12.69	-2.7169
12.69	-2.7169
12.69	-2.7169
12.68	-2.7167
12.68	-2.7168
12.68	-2.7166
12.68	-2.7164
12.67	-2.7164
12.67	-2.7164
12.67	-2.7163
12.66	-2.7161
12.66	-2.7161
12.66	-2.7160
12.66	-2.7157
12.65	-2.7159
12.65	-2.7157
12.65	-2.7157
12.65	-2.7156
12.64	-2.7154
12.64	-2.7154
12.64	-2.7154
12.64	-2.7153
12.64	-2.7154
12.63	-2.7151
12.63	-2.7151
12.62	-2.7150
12.62	-2.7150
12.62	-2.7151
12.62	-2.7150
12.62	-2.7149
12.61	-2.7149
12.61	-2.7148
12.61	-2.7149
12.60	-2.7147
12.60	-2.7146
12.60	-2.7147
12.60	-2.7146
12.60	-2.7146
12.60	-2.7145
12.59	-2.7147
12.59	-2.7143
12.59	-2.7143
12.59	-2.7143
12.59	-2.7141
12.58	-2.7142
12.58	-2.7142
12.58	-2.7141
12.58	-2.7141
12.57	-2.7141
12.56	-2.7140
12.57	-2.7139
12.57	-2.7137
12.56	-2.7138
12.56	-2.7138
12.55	-2.7138
12.55	-2.7138
12.55	-2.7136
12.55	-2.7134
12.54	-2.7135
12.54	-2.7136
12.54	-2.7136
12.53	-2.7135
12.53	-2.7134
12.53	-2.7133
12.53	-2.7133
12.53	-2.7134
12.53	-2.7131
12.53	-2.7132
12.52	-2.7130
12.52	-2.7131
12.51	-2.7129
12.51	-2.7130
12.51	-2.7128
12.51	-2.7127
12.51	-2.7127
12.50	-2.7127
12.50	-2.7125
12.50	-2.7125
12.49	-2.7125
12.49	-2.7124
12.49	-2.7124
12.49	-2.7124
12.49	-2.7120
12.49	-2.7121
12.48	-2.7119
12.48	-2.7120
12.48	-2.7119
12.48	-2.7118
12.47	-2.7118
12.47	-2.7117
12.47	-2.7116
12.46	-2.7116
12.46	-2.7115
12.45	-2.7115
12.45	-2.7115
12.45	-2.7113
12.45	-2.7113
12.45	-2.7111
12.44	-2.7112
12.44	-2.7111
12.44	-2.7110
12.43	-2.7110
12.43	-2.7108
12.43	-2.7109
12.43	-2.7108
12.43	-2.7108
12.43	-2.7107
12.43	-2.7107
12.42	-2.7104
12.41	-2.7104
12.41	-2.7103
12.40	-2.7104
12.40	-2.7103
12.40	-2.7102
12.40	-2.7102
12.40	-2.7103
12.40	-2.7102
12.39	-2.7101
12.39	-2.7100
12.39	-2.7099
12.39	-2.7100
12.38	-2.7098
12.38	-2.7099
12.38	-2.7097
12.38	-2.7097
12.37	-2.7097
12.37	-2.7096
12.37	-2.7095
12.37	-2.7094
12.36	-2.7095
12.36	-2.7094
12.36	-2.7094
12.36	-2.7093
12.36	-2.7094
12.36	-2.7093
12.35	-2.7093
12.35	-2.7091
12.35	-2.7091
12.35	-2.7089
12.34	-2.7090
12.34	-2.7089
12.33	-2.7088
12.33	-2.7088
12.33	-2.7087
12.33	-2.7086
12.33	-2.7085
12.33	-2.7087
12.33	-2.7086
12.33	-2.7086
12.33	-2.7085
12.32	-2.7085
12.32	-2.7082
12.31	-2.7082
12.31	-2.7083
12.31	-2.7081
12.31	-2.7082
12.31	-2.7081
12.30	-2.7080
12.30	-2.7080
12.30	-2.7079
12.29	-2.7079
12.29	-2.7080
12.28	-2.7077
12.28	-2.7078
12.28	-2.7076
12.28	-2.7077
12.28	-2.7077
12.27	-2.7075
12.27	-2.7076
12.27	-2.7074
12.27	-2.7074
12.26	-2.7073
12.26	-2.7075
12.26	-2.7074
12.25	-2.7073
12.25	-2.7073
12.25	-2.7072
12.25	-2.7073
12.24	-2.7073
12.25	-2.7073
12.24	-2.7071
12.24	-2.7072
12.24	-2.7072
12.23	-2.7071
12.23	-2.7072
12.23	-2.7069
12.23	-2.7069
12.22	-2.7067
12.22	-2.7069
12.21	-2.7066
12.21	-2.7067
12.21	-2.7067
12.21	-2.7068
12.21	-2.7066
12.20	-2.7066
12.20	-2.7064
12.20	-2.7063
12.19	-2.7064
12.19	-2.7063
12.19	-2.7063
12.18	-2.7061
12.18	-2.7061
12.18	-2.7060
12.18	-2.7060
12.18	-2.7059
12.18	-2.7059
12.18	-2.7058
12.18	-2.7061
12.17	-2.7058
12.17	-2.7059
12.17	-2.7057
12.16	-2.7057
12.16	-2.7058
12.15	-2.7057
12.15	-2.7056
12.15	-2.7057
12.15	-2.7055
12.15	-2.7055
12.15	-2.7055
12.15	-2.7055
12.15	-2.7054
12.14	-2.7053
12.13	-2.7053
12.13	-2.7052
12.13	-2.7052
12.13	-2.7053
12.12	-2.7052
12.12	-2.7052
12.12	-2.7051
12.12	-2.7051
12.12	-2.7051
12.11	-2.7050
12.11	-2.7048
12.10	-2.7047
12.10	-2.7048
12.10	-2.7046
12.10	-2.7047
12.10	-2.7047
12.10	-2.7046
12.10	-2.7047
12.09	-2.7046
12.09	-2.7044
12.09	-2.7045
12.08	-2.7043
12.08	-2.7043
12.08	-2.7041
12.08	-2.7042
12.08	-2.7043
12.07	-2.7041
12.07	-2.7042
12.06	-2.7042
12.06	-2.7040
12.06	-2.7040
12.05	-2.7040
12.05	-2.7039
12.05	-2.7038
12.05	-2.7038
12.05	-2.7039
12.05	-2.7037
12.05	-2.7036
12.04	-2.7036
12.04	-2.7037
12.03	-2.7035
12.03	-2.7033
12.03	-2.7033
12.03	-2.7035
12.03	-2.7032
12.03	-2.7033
12.02	-2.7031
12.02	-2.7032
12.01	-2.7033
12.01	-2.7031
12.00	-2.7031
12.00	-2.7029
12.00	-2.7028
12.00	-2.7029
12.00	-2.7028
12.00	-2.7027
12.00	-2.7029
12.00	-2.7028
12.00	-2.7028
11.99	-2.7026
11.99	-2.7025
11.98	-2.7024
11.98	-2.7024
11.98	-2.7024
11.98	-2.7023
11.98	-2.7023
11.98	-2.7023
11.97	-2.7023
11.97	-2.7022
11.97	-2.7021
11.96	-2.7020
11.96	-2.7019
11.95	-2.7020
11.95	-2.7018
11.95	-2.7016
11.95	-2.7015
11.95	-2.7015
11.95	-2.7013
11.94	-2.7013
11.94	-2.7012
11.94	-2.7011
11.94	-2.7010
11.93	-2.7009
11.93	-2.7009
11.93	-2.7007
11.93	-2.7007
11.93	-2.7004
11.92	-2.7007
11.92	-2.7006
11.91	-2.7003
11.91	-2.7003
11.91	-2.7001
11.90	-2.7001
11.90	-2.7000
11.90	-2.7001
11.90	-2.6999
11.89	-2.6999
11.89	-2.6999
11.89	-2.6998
11.89	-2.6997
11.89	-2.6997
11.89	-2.6997
11.88	-2.6995
11.88	-2.6995
11.88	-2.6994
11.88	-2.6995
11.88	-2.6994
11.87	-2.6995
11.87	-2.6992
11.87	-2.6991
11.87	-2.6991
11.86	-2.6992
11.86	-2.6990
11.85	-2.6990
11.85	-2.6990
11.85	-2.6989
11.85	-2.6989
11.85	-2.6987
11.84	-2.6987
11.84	-2.6987
11.84	-2.6987
11.84	-2.6984
11.83	-2.6986
11.83	-2.6984
11.83	-2.6983
11.83	-2.6983
11.83	-2.6983
11.82	-2.6984
11.82	-2.6983
11.82	-2.6983
11.82	-2.6983
11.82	-2.6981
11.81	-2.6982
11.81	-2.6981
11.81	-2.6981
11.80	-2.6981
11.80	-2.6981
11.80	-2.6979
11.80	-2.6979
11.79	-2.6978
11.79	-2.6977
11.79	-2.6978
11.79	-2.6977
11.78	-2.6977
11.78	-2.6976
11.78	-2.6975
11.78	-2.6974
11.77	-2.6975
11.77	-2.6974
11.77	-2.6970
11.77	-2.6972
11.77	-2.6972
11.76	-2.6970
11.76	-2.6970
11.76	-2.6969
11.75	-2.6968
11.75	-2.6969
11.75	-2.6968
11.75	-2.6966
11.74	-2.6966
11.74	-2.6965
11.74	-2.6964
11.74	-2.6963
11.74	-2.6964
11.74	-2.6964
11.73	-2.6961
11.73	-2.6963
11.73	-2.6961
11.72	-2.6962
11.72	-2.6961
11.72	-2.6960
11.71	-2.6959
11.71	-2.6960
11.70	-2.6957
11.70	-2.6958
11.70	-2.6956
11.70	-2.6956
11.70	-2.6956
11.70	-2.6956
11.69	-2.6953
11.69	-2.6953
11.69	-2.6954
11.69	-2.6953
11.68	-2.6953
11.68	-2.6952
11.68	-2.6952
11.68	-2.6951
11.68	-2.6949
11.67	-2.6949
11.68	-2.6948
11.67	-2.6947
11.67	-2.6948
11.66	-2.6946
11.66	-2.6945
11.66	-2.6946
11.65	-2.6946
11.65	-2.6946
11.65	-2.6945
11.65	-2.6946
11.65	-2.6944
11.64	-2.6944
11.64	-2.6943
11.64	-2.6943
11.63	-2.6944
11.63	-2.6943
11.63	-2.6942
11.63	-2.6941
11.62	-2.6938
11.62	-2.6940
11.62	-2.6939
11.61	-2.6938
11.61	-2.6937
11.61	-2.6937
11.61	-2.6936
11.61	-2.6935
11.60	-2.6935
11.60	-2.6934
11.60	-2.6933
11.60	-2.6933
11.59	-2.6932
11.60	-2.6932
11.59	-2.6930
11.59	-2.6929
11.59	-2.6931
11.59	-2.6930
11.58	-2.6929
11.58	-2.6930
11.58	-2.6930
11.58	-2.6928
11.58	-2.6926
11.57	-2.6927
11.56	-2.6927
11.56	-2.6925
11.56	-2.6926
11.56	-2.6926
11.55	-2.6924
11.55	-2.6926
11.55	-2.6923
11.55	-2.6926
11.55	-2.6924
11.54	-2.6925
11.54	-2.6924
11.54	-2.6923
11.54	-2.6922
11.53	-2.6923
11.53	-2.6922
11.53	-2.6923
11.52	-2.6922
11.52	-2.6920
11.52	-2.6921
11.52	-2.6921
11.51	-2.6921
11.51	-2.6920
11.50	-2.6920
11.51	-2.6919
11.50	-2.6917
11.50	-2.6917
11.50	-2.6917
11.50	-2.6915
11.50	-2.6917
11.49	-2.6915
11.49	-2.6915
11.49	-2.6914
11.48	-2.6915
11.48	-2.6914
11.48	-2.6913
11.48	-2.6913
11.48	-2.6912
11.48	-2.6912
11.47	-2.6913
11.47	-2.6912
11.47	-2.6912
11.46	-2.6910
11.46	-2.6911
11.46	-2.6910
11.45	-2.6911
11.45	-2.6911
11.45	-2.6910
11.45	-2.6909
11.44	-2.6909
11.44	-2.6908
11.44	-2.6909
11.44	-2.6909
11.43	-2.6909
11.43	-2.6908
11.43	-2.6906
11.43	-2.6907
11.43	-2.6906
11.43	-2.6906
11.42	-2.6906
11.42	-2.6905
11.41	-2.6906
11.41	-2.6905
11.41	-2.6904
11.41	-2.6903
11.40	-2.6904
11.40	-2.6902
11.40	-2.6903
11.39	-2.6903
11.39	-2.6902
11.39	-2.6902
11.38	-2.6902
11.38	-2.6900
11.38	-2.6899
11.38	-2.6900
11.38	-2.6901
11.38	-2.6899
11.38	-2.6900
11.38	-2.6900
11.37	-2.6897
11.37	-2.6898
11.37	-2.6899
11.36	-2.6897
11.36	-2.6897
11.36	-2.6897
11.35	-2.6896
11.35	-2.6895
11.35	-2.6894
11.35	-2.6895
11.35	-2.6895
11.35	-2.6895
11.35	-2.6893
11.35	-2.6894
11.34	-2.6893
11.34	-2.6894
11.33	-2.6892
11.33	-2.6893
11.33	-2.6892
11.33	-2.6891
11.33	-2.6891
11.32	-2.6891
11.31	-2.6890
11.31	-2.6890
11.31	-2.6890
11.30	-2.6891
11.30	-2.6888
11.30	-2.6889
11.30	-2.6887
11.30	-2.6888
11.30	-2.6887
11.29	-2.6886
11.29	-2.6886
11.29	-2.6886
11.29	-2.6883
11.28	-2.6885
11.28	-2.6883
11.28	-2.6882
11.28	-2.6883
11.28	-2.6882
11.28	-2.6882
11.27	-2.6880
11.27	-2.6880
11.27	-2.6880
11.26	-2.6880
11.26	-2.6880
11.26	-2.6879
11.25	-2.6878
11.25	-2.6877
11.25	-2.6878
11.25	-2.6877
11.24	-2.6876
11.24	-2.6877
11.24	-2.6876
11.23	-2.6876
11.23	-2.6873
11.23	-2.6874
11.23	-2.6872
11.23	-2.6870
11.23	-2.6870
11.22	-2.6869
11.22	-2.6868
11.22	-2.6867
11.21	-2.6866
11.21	-2.6866
11.21	-2.6866
11.20	-2.6862
11.20	-2.6864
11.20	-2.6863
11.20	-2.6864
11.20	-2.6862
11.20	-2.6861
11.19	-2.6860
11.19	-2.6860
11.19	-2.6860
11.18	-2.6859
11.18	-2.6859
11.18	-2.6858
11.18	-2.6858
11.17	-2.6859
11.17	-2.6858
11.17	-2.6857
11.16	-2.6857
11.16	-2.6856
11.16	-2.6856
11.16	-2.6854
11.16	-2.6855
11.15	-2.6853
11.15	-2.6855
11.15	-2.6853
11.15	-2.6852
11.14	-2.6852
11.14	-2.6852
11.14	-2.6852
11.14	-2.6852
11.13	-2.6850
11.13	-2.6850
11.13	-2.6851
11.13	-2.6850
11.13	-2.6849
11.12	-2.6849
11.11	-2.6846
11.11	-2.6848
11.11	-2.6845
11.11	-2.6848
11.10	-2.6846
11.10	-2.6844
11.10	-2.6843
11.10	-2.6843
11.10	-2.6843
11.10	-2.6843
11.09	-2.6844
11.09	-2.6842
11.09	-2.6842
11.09	-2.6841
11.09	-2.6842
11.08	-2.6841
11.08	-2.6839
11.07	-2.6840
11.07	-2.6841
11.07	-2.6838
11.07	-2.6839
11.07	-2.6837
11.07	-2.6838
11.07	-2.6839
11.07	-2.6839
11.06	-2.6838
11.05	-2.6837
11.05	-2.6835
11.05	-2.6836
11.05	-2.6833
11.05	-2.6833
11.04	-2.6833
11.04	-2.6833
11.03	-2.6833
11.03	-2.6832
11.03	-2.6833
11.03	-2.6830
11.03	-2.6831
11.03	-2.6832
11.03	-2.6830
11.02	-2.6829
11.02	-2.6830
11.02	-2.6828
11.02	-2.6829
11.01	-2.6829
11.01	-2.6829
11.00	-2.6828
11.00	-2.6827
11.00	-2.6828
11.00	-2.6827
11.00	-2.6827
11.00	-2.6826
10.99	-2.6826
10.99	-2.6826
10.99	-2.6825
10.99	-2.6824
10.98	-2.6823
10.98	-2.6824
10.98	-2.6823
10.97	-2.6822
10.97	-2.6823
10.97	-2.6822
10.97	-2.6821
10.97	-2.6821
10.96	-2.6820
10.96	-2.6822
10.96	-2.6819
10.96	-2.6819
10.96	-2.6818
10.95	-2.6818
10.95	-2.6818
10.95	-2.6817
10.95	-2.6816
10.95	-2.6816
10.94	-2.6816
10.94	-2.6816
10.93	-2.6814
10.93	-2.6814
10.93	-2.6814
10.93	-2.6814
10.93	-2.6814
10.92	-2.6813
10.92	-2.6812
10.92	-2.6812
10.92	-2.6811
10.91	-2.6810
10.91	-2.6809
10.91	-2.6808
10.90	-2.6809
10.90	-2.6809
10.90	-2.6808
10.89	-2.6807
10.89	-2.6808
10.89	-2.6807
10.88	-2.6806
10.88	-2.6806
10.88	-2.6805
10.88	-2.6804
10.88	-2.6806
10.88	-2.6806
10.88	-2.6804
10.87	-2.6804
10.87	-2.6804
10.87	-2.6803
10.86	-2.6804
10.86	-2.6803
10.85	-2.6803
10.85	-2.6804
10.85	-2.6802
10.85	-2.6802
10.85	-2.6802
10.85	-2.6802
10.85	-2.6801
10.85	-2.6801
10.84	-2.6799
10.84	-2.6802
10.84	-2.6799
10.84	-2.6799
10.83	-2.6798
10.83	-2.6798
10.83	-2.6798
10.82	-2.6796
10.82	-2.6796
10.82	-2.6796
10.81	-2.6795
10.81	-2.6794
10.81	-2.6795
10.81	-2.6794
10.80	-2.6794
10.80	-2.6794
10.80	-2.6793
10.80	-2.6794
10.79	-2.6794
10.79	-2.6792
10.79	-2.6793
10.79	-2.6792
10.78	-2.6793
10.78	-2.6791
10.78	-2.6791
10.78	-2.6790
10.78	-2.6791
10.77	-2.6789
10.77	-2.6790
10.77	-2.6789
10.77	-2.6789
10.76	-2.6787
10.76	-2.6787
10.76	-2.6785
10.76	-2.6788
10.75	-2.6787
10.75	-2.6787
10.75	-2.6787
10.75	-2.6787
10.75	-2.6786
10.74	-2.6786
10.73	-2.6785
10.73	-2.6785
10.73	-2.6785
10.73	-2.6783
10.73	-2.6785
10.72	-2.6784
10.72	-2.6784
10.72	-2.6783
10.71	-2.6783
10.72	-2.6783
10.72	-2.6781
10.72	-2.6782
10.72	-2.6782
10.71	-2.6782
10.71	-2.6780
10.70	-2.6781
10.70	-2.6779
10.70	-2.6779
10.69	-2.6779
10.69	-2.6779
10.68	-2.6776
10.68	-2.6776
10.68	-2.6777
10.68	-2.6779
10.68	-2.6776
10.68	-2.6776
10.68	-2.6775
10.67	-2.6775
10.67	-2.6775
10.66	-2.6775
10.66	-2.6774
10.65	-2.6775
10.65	-2.6773
10.65	-2.6775
10.65	-2.6774
10.65	-2.6773
10.65	-2.6773
10.64	-2.6773
10.64	-2.6771
10.64	-2.6772
10.64	-2.6771
10.64	-2.6771
10.63	-2.6772
10.63	-2.6769
10.63	-2.6770
10.62	-2.6769
10.62	-2.6768
10.62	-2.6769
10.62	-2.6767
10.61	-2.6769
10.61	-2.6769
10.60	-2.6769
10.60	-2.6769
10.60	-2.6768
10.60	-2.6768
10.60	-2.6768
10.60	-2.6767
10.60	-2.6767
10.60	-2.6765
10.59	-2.6763
10.59	-2.6764
10.59	-2.6764
10.58	-2.6763
10.58	-2.6765
10.58	-2.6764
10.57	-2.6763
10.57	-2.6764
10.57	-2.6761
10.57	-2.6762
10.57	-2.6762
10.56	-2.6761
10.56	-2.6759
10.56	-2.6760
10.55	-2.6759
10.55	-2.6759
10.55	-2.6760
10.55	-2.6758
10.54	-2.6757
10.54	-2.6757
10.54	-2.6758
10.53	-2.6757
10.53	-2.6756
10.53	-2.6755
10.53	-2.6757
10.53	-2.6755
10.53	-2.6755
10.53	-2.6753
10.52	-2.6752
10.52	-2.6752
10.52	-2.6749
10.52	-2.6751
10.51	-2.6750
10.51	-2.6748
10.51	-2.6750
10.50	-2.6749
10.50	-2.6747
10.50	-2.6746
10.49	-2.6746
10.49	-2.6745
10.49	-2.6745
10.48	-2.6744
10.48	-2.6744
10.48	-2.6744
10.48	-2.6744
10.48	-2.6742
10.48	-2.6742
10.47	-2.6741
10.47	-2.6741
10.47	-2.6741
10.46	-2.6740
10.46	-2.6740
10.46	-2.6739
10.45	-2.6739
10.45	-2.6739
10.45	-2.6739
10.45	-2.6739
10.45	-2.6738
10.45	-2.6738
10.44	-2.6737
10.44	-2.6738
10.43	-2.6736
10.43	-2.6737
10.43	-2.6735
10.43	-2.6735
10.43	-2.6736
10.43	-2.6735
10.42	-2.6734
10.42	-2.6736
10.42	-2.6734
10.42	-2.6735
10.41	-2.6733
10.41	-2.6733
10.41	-2.6733
10.40	-2.6733
10.40	-2.6732
10.40	-2.6733
10.40	-2.6732
10.40	-2.6729
10.39	-2.6729
10.39	-2.6729
10.39	-2.6727
10.38	-2.6730
10.38	-2.6728
10.38	-2.6728
10.38	-2.6728
10.38	-2.6727
10.37	-2.6727
10.37	-2.6727
10.37	-2.6727
10.37	-2.6727
10.37	-2.6726
10.36	-2.6726
10.36	-2.6724
10.35	-2.6725
10.35	-2.6723
10.35	-2.6724
10.35	-2.6723
10.34	-2.6722
10.34	-2.6722
10.34	-2.6721
10.34	-2.6721
10.34	-2.6720
10.33	-2.6722
10.33	-2.6720
10.33	-2.6718
10.33	-2.6720
10.33	-2.6719
10.33	-2.6720
10.32	-2.6718
10.32	-2.6719
10.32	-2.6717
10.31	-2.6716
10.31	-2.6717
10.30	-2.6716
10.30	-2.6716
10.30	-2.6715
10.30	-2.6713
10.30	-2.6714
10.30	-2.6713
10.29	-2.6713
10.29	-2.6714
10.29	-2.6712
10.28	-2.6713
10.28	-2.6713
10.28	-2.6712
10.28	-2.6710
10.28	-2.6711
10.27	-2.6709
10.27	-2.6706
10.27	-2.6707
10.27	-2.6706
10.26	-2.6706
10.25	-2.6704
10.25	-2.6707
10.25	-2.6707
10.25	-2.6703
10.25	-2.6703
10.25	-2.6703
10.24	-2.6704
10.24	-2.6704
10.24	-2.6702
10.23	-2.6702
10.23	-2.6702
10.23	-2.6704
10.23	-2.6703
10.23	-2.6703
10.22	-2.6701
10.22	-2.6700
10.22	-2.6700
10.21	-2.6701
10.21	-2.6700
10.21	-2.6701
10.21	-2.6702
10.20	-2.6700
10.20	-2.6700
10.20	-2.6697
10.20	-2.6697
10.19	-2.6696
10.19	-2.6696
10.19	-2.6697
10.19	-2.6697
10.18	-2.6697
10.18	-2.6697
10.18	-2.6696
10.18	-2.6696
10.18	-2.6695
10.18	-2.6696
10.17	-2.6695
10.17	-2.6694
10.17	-2.6695
10.17	-2.6693
10.16	-2.6691
10.16	-2.6693
10.15	-2.6690
10.15	-2.6692
10.15	-2.6690
10.15	-2.6691
10.15	-2.6691
10.14	-2.6692
10.14	-2.6691
10.14	-2.6693
10.14	-2.6693
10.14	-2.6691
10.13	-2.6690
10.13	-2.6689
10.13	-2.6689
10.12	-2.6689
10.12	-2.6688
10.12	-2.6690
10.11	-2.6690
10.11	-2.6689
10.11	-2.6686
10.11	-2.6687
10.11	-2.6688
10.11	-2.6688
10.10	-2.6686
10.10	-2.6686
10.10	-2.6686
10.10	-2.6686
10.09	-2.6686
10.09	-2.6684
10.09	-2.6684
10.09	-2.6686
10.08	-2.6685
10.08	-2.6684
10.08	-2.6683
10.08	-2.6684
10.07	-2.6682
10.07	-2.6682
10.07	-2.6684
10.07	-2.6682
10.06	-2.6682
10.06	-2.6683
10.06	-2.6682
10.05	-2.6681
10.05	-2.6681
10.05	-2.6679
10.05	-2.6681
10.04	-2.6680
10.04	-2.6680
10.04	-2.6681
10.04	-2.6678
10.04	-2.6679
10.03	-2.6678
10.03	-2.6679
10.03	-2.6679
10.03	-2.6678
10.02	-2.6679
10.02	-2.6679
10.02	-2.6680
10.01	-2.6676
10.01	-2.6677
10.01	-2.6676
10.01	-2.6678
10.00	-2.6676
10.00	-2.6675
10.00	-2.6674
10.00	-2.6676
10.00	-2.6676
10.00	-2.6675
9.99	-2.6675
9.99	-2.6674
9.98	-2.6674
9.98	-2.6674
9.98	-2.6674
9.97	-2.6673
9.97	-2.6674
9.97	-2.6672
9.97	-2.6673
9.97	-2.6672
9.97	-2.6670
9.97	-2.6672
9.96	-2.6670
9.96	-2.6671
9.95	-2.6672
9.95	-2.6670
9.95	-2.6669
9.95	-2.6671
9.95	-2.6670
9.95	-2.6670
9.94	-2.6670
9.94	-2.6670
9.94	-2.6670
9.94	-2.6669
9.93	-2.6669
9.93	-2.6669
9.93	-2.6669
9.93	-2.6668
9.93	-2.6667
9.92	-2.6667
9.92	-2.6666
9.91	-2.6666
9.91	-2.6667
9.91	-2.6668
9.90	-2.6666
9.90	-2.6665
9.90	-2.6665
9.90	-2.6666
9.90	-2.6665
9.89	-2.6664
9.89	-2.6664
9.89	-2.6664
9.89	-2.6664
9.89	-2.6664
9.88	-2.6663
9.88	-2.6664
9.88	-2.6663
9.88	-2.6663
9.88	-2.6663
9.87	-2.6663
9.87	-2.6662
9.87	-2.6662
9.87	-2.6662
9.87	-2.6661
9.86	-2.6661
9.86	-2.6659
9.85	-2.6660
9.85	-2.6659
9.85	-2.6659
9.85	-2.6658
9.84	-2.6658
9.84	-2.6657
9.84	-2.6658
9.83	-2.6657
9.83	-2.6657
9.83	-2.6657
9.83	-2.6657
9.83	-2.6656
9.83	-2.6656
9.82	-2.6654
9.82	-2.6654
9.81	-2.6653
9.81	-2.6652
9.81	-2.6651
9.81	-2.6649
9.80	-2.6649
9.80	-2.6649
9.80	-2.6647
9.79	-2.6648
9.79	-2.6648
9.79	-2.6646
9.79	-2.6644
9.79	-2.6644
9.79	-2.6643
9.78	-2.6642
9.78	-2.6642
9.78	-2.6641
9.78	-2.6641
9.78	-2.6640
9.78	-2.6639
9.77	-2.6639
9.76	-2.6637
9.76	-2.6639
9.76	-2.6638
9.76	-2.6637
9.75	-2.6636
9.76	-2.6637
9.76	-2.6637
9.75	-2.6634
9.75	-2.6636
9.75	-2.6634
9.75	-2.6635
9.74	-2.6636
9.74	-2.6634
9.74	-2.6633
9.73	-2.6634
9.73	-2.6633
9.73	-2.6633
9.72	-2.6632
9.72	-2.6632
9.72	-2.6632
9.72	-2.6632
9.71	-2.6631
9.71	-2.6631
9.71	-2.6630
9.70	-2.6631
9.70	-2.6630
9.70	-2.6628
9.70	-2.6628
9.70	-2.6628
9.70	-2.6629
9.70	-2.6628
9.70	-2.6627
9.69	-2.6627
9.69	-2.6627
9.69	-2.6626
9.68	-2.6626
9.68	-2.6627
9.68	-2.6624
9.68	-2.6628
9.67	-2.6626
9.67	-2.6626
9.67	-2.6625
9.67	-2.6626
9.66	-2.6625
9.66	-2.6626
9.65	-2.6625
9.65	-2.6625
9.65	-2.6625
9.64	-2.6624
9.64	-2.6626
9.64	-2.6624
9.64	-2.6624
9.63	-2.6624
9.63	-2.6623
9.63	-2.6624
9.63	-2.6621
9.63	-2.6621
9.63	-2.6621
9.62	-2.6620
9.62	-2.6621
9.62	-2.6620
9.61	-2.6620
9.61	-2.6620
9.61	-2.6619
9.60	-2.6619
9.60	-2.6618
9.60	-2.6618
9.60	-2.6616
9.59	-2.6616
9.59	-2.6618
9.59	-2.6615
9.59	-2.6616
9.59	-2.6616
9.59	-2.6615
9.58	-2.6615
9.58	-2.6615
9.58	-2.6614
9.57	-2.6614
9.57	-2.6614
9.57	-2.6613
9.57	-2.6611
9.57	-2.6610
9.56	-2.6611
9.56	-2.6610
9.56	-2.6610
9.56	-2.6609
9.55	-2.6608
9.55	-2.6609
9.55	-2.6608
9.54	-2.6608
9.54	-2.6607
9.54	-2.6607
9.54	-2.6606
9.54	-2.6606
9.53	-2.6605
9.54	-2.6605
9.54	-2.6606
9.53	-2.6605
9.53	-2.6606
9.53	-2.6604
9.52	-2.6605
9.52	-2.6604
9.52	-2.6605
9.51	-2.6604
9.51	-2.6602
9.50	-2.6603
9.50	-2.6602
9.50	-2.6603
9.50	-2.6603
9.49	-2.6601
9.49	-2.6602
9.49	-2.6601
9.48	-2.6601
9.48	-2.6599
9.47	-2.6600
9.47	-2.6598
9.47	-2.6598
9.47	-2.6598
9.47	-2.6599
9.47	-2.6597
9.46	-2.6597
9.46	-2.6597
9.46	-2.6596
9.46	-2.6595
9.46	-2.6596
9.45	-2.6596
9.45	-2.6595
9.45	-2.6595
9.45	-2.6595
9.45	-2.6595
9.45	-2.6595
9.44	-2.6594
9.44	-2.6593
9.43	-2.6593
9.43	-2.6593
9.43	-2.6592
9.43	-2.6591
9.43	-2.6592
9.43	-2.6591
9.42	-2.6593
9.41	-2.6590
9.42	-2.6590
9.41	-2.6590
9.41	-2.6589
9.41	-2.6590
9.41	-2.6588
9.40	-2.6590
9.40	-2.6589
9.40	-2.6588
9.40	-2.6588
9.39	-2.6589
9.39	-2.6588
9.39	-2.6588
9.39	-2.6588
9.39	-2.6587
9.38	-2.6587
9.38	-2.6589
9.37	-2.6587
9.38	-2.6589
9.37	-2.6588
9.37	-2.6588
9.37	-2.6589
9.36	-2.6587
9.36	-2.6586
9.36	-2.6588
9.36	-2.6588
9.35	-2.6587
9.35	-2.6587
9.35	-2.6585
9.35	-2.6586
9.35	-2.6586
9.34	-2.6585
9.34	-2.6584
9.34	-2.6586
9.33	-2.6585
9.33	-2.6585
9.33	-2.6585
9.33	-2.6585
9.33	-2.6585
9.32	-2.6583
9.32	-2.6584
9.31	-2.6584
9.31	-2.6584
9.31	-2.6584
9.30	-2.6584
9.30	-2.6582
9.30	-2.6583
9.30	-2.6581
9.29	-2.6581
9.29	-2.6581
9.29	-2.6581
9.29	-2.6579
9.28	-2.6581
9.28	-2.6581
9.28	-2.6581
9.28	-2.6579
9.28	-2.6581
9.28	-2.6581
9.27	-2.6581
9.27	-2.6580
9.27	-2.6579
9.27	-2.6581
9.27	-2.6579
9.27	-2.6580
9.26	-2.6580
9.26	-2.6578
9.25	-2.6579
9.25	-2.6579
9.25	-2.6578
9.25	-2.6577
9.25	-2.6577
9.24	-2.6577
9.24	-2.6578
9.24	-2.6577
9.23	-2.6576
9.23	-2.6576
9.23	-2.6577
9.23	-2.6578
9.22	-2.6577
9.22	-2.6577
9.22	-2.6576
9.22	-2.6576
9.22	-2.6576
9.22	-2.6575
9.22	-2.6576
9.21	-2.6576
9.21	-2.6574
9.20	-2.6575
9.20	-2.6575
9.20	-2.6575
9.19	-2.6575
9.19	-2.6573
9.19	-2.6572
9.19	-2.6573
9.19	-2.6574
9.18	-2.6573
9.18	-2.6573
9.18	-2.6573
9.18	-2.6572
9.18	-2.6572
9.17	-2.6570
9.17	-2.6571
9.17	-2.6570
9.16	-2.6571
9.16	-2.6568
9.16	-2.6570
9.16	-2.6569
9.15	-2.6572
9.15	-2.6569
9.15	-2.6569
9.15	-2.6567
9.14	-2.6569
9.14	-2.6568
9.14	-2.6568
9.14	-2.6568
9.14	-2.6568
9.14	-2.6566
9.13	-2.6566
9.13	-2.6567
9.13	-2.6566
9.13	-2.6567
9.13	-2.6564
9.12	-2.6566
9.12	-2.6565
9.11	-2.6563
9.11	-2.6564
9.10	-2.6564
9.10	-2.6564
9.10	-2.6562
9.10	-2.6562
9.10	-2.6561
9.09	-2.6559
9.09	-2.6559
9.08	-2.6558
9.09	-2.6558
9.08	-2.6558
9.08	-2.6557
9.08	-2.6556
9.08	-2.6556
9.08	-2.6555
9.07	-2.6555
9.07	-2.6555
9.07	-2.6554
9.07	-2.6554
9.06	-2.6551
9.06	-2.6551
9.05	-2.6551
9.05	-2.6549
9.05	-2.6549
9.05	-2.6548
9.04	-2.6547
9.04	-2.6548
9.04	-2.6547
9.04	-2.6546
9.04	-2.6546
9.04	-2.6545
9.04	-2.6545
9.03	-2.6545
9.03	-2.6545
9.03	-2.6546
9.02	-2.6545
9.02	-2.6545
9.02	-2.6545
9.02	-2.6544
9.02	-2.6542
9.02	-2.6541
9.01	-2.6543
9.01	-2.6541
9.01	-2.6541
9.00	-2.6542
9.00	-2.6542
9.00	-2.6542
8.99	-2.6541
8.98	-2.6541
8.98	-2.6541
8.98	-2.6540
8.98	-2.6540
8.97	-2.6540
8.97	-2.6541
8.97	-2.6541
8.97	-2.6539
8.97	-2.6539
8.97	-2.6539
8.97	-2.6538
8.97	-2.6537
8.96	-2.6538
8.96	-2.6539
8.96	-2.6539
8.96	-2.6538
8.95	-2.6539
8.95	-2.6538
8.95	-2.6538
8.94	-2.6537
8.94	-2.6538
8.94	-2.6537
8.94	-2.6538
8.93	-2.6537
8.93	-2.6535
8.93	-2.6537
8.93	-2.6535
8.93	-2.6535
8.93	-2.6535
8.92	-2.6535
8.92	-2.6535
8.92	-2.6535
8.91	-2.6534
8.91	-2.6534
8.91	-2.6534
8.91	-2.6534
8.90	-2.6534
8.90	-2.6533
8.89	-2.6533
8.89	-2.6532
8.89	-2.6532
8.89	-2.6532
8.89	-2.6531
8.89	-2.6531
8.89	-2.6530
8.88	-2.6529
8.88	-2.6530
8.88	-2.6530
8.88	-2.6530
8.87	-2.6528
8.87	-2.6528
8.87	-2.6527
8.86	-2.6528
8.86	-2.6528
8.86	-2.6526
8.86	-2.6525
8.85	-2.6527
8.85	-2.6525
8.85	-2.6525
8.85	-2.6525
8.84	-2.6525
8.84	-2.6524
8.84	-2.6525
8.83	-2.6523
8.83	-2.6523
8.83	-2.6524
8.83	-2.6522
8.83	-2.6523
8.82	-2.6523
8.82	-2.6523
8.82	-2.6525
8.82	-2.6523
8.81	-2.6523
8.81	-2.6521
8.81	-2.6521
8.80	-2.6520
8.80	-2.6520
8.80	-2.6520
8.80	-2.6519
8.79	-2.6520
8.79	-2.6521
8.79	-2.6518
8.79	-2.6519
8.78	-2.6519
8.78	-2.6517
8.78	-2.6516
8.78	-2.6517
8.77	-2.6517
8.77	-2.6516
8.77	-2.6516
8.77	-2.6515
8.77	-2.6515
8.77	-2.6514
8.77	-2.6514
8.76	-2.6514
8.76	-2.6513
8.76	-2.6512
8.75	-2.6511
8.75	-2.6513
8.75	-2.6511
8.75	-2.6511
8.75	-2.6513
8.74	-2.6511
8.73	-2.6511
8.73	-2.6511
8.72	-2.6511
8.72	-2.6511
8.72	-2.6510
8.72	-2.6511
8.72	-2.6510
8.72	-2.6512
8.71	-2.6510
8.71	-2.6510
8.71	-2.6509
8.71	-2.6510
8.70	-2.6510
8.70	-2.6507
8.70	-2.6507
8.70	-2.6506
8.70	-2.6507
8.69	-2.6507
8.69	-2.6507
8.69	-2.6505
8.69	-2.6506
8.68	-2.6507
8.68	-2.6506
8.68	-2.6505
8.68	-2.6503
8.68	-2.6505
8.68	-2.6504
8.67	-2.6504
8.67	-2.6503
8.67	-2.6503
8.66	-2.6503
8.66	-2.6504
8.65	-2.6504
8.65	-2.6502
8.65	-2.6502
8.65	-2.6503
8.64	-2.6503
8.64	-2.6504
8.64	-2.6503
8.64	-2.6502
8.64	-2.6502
8.64	-2.6502
8.63	-2.6502
8.63	-2.6502
8.63	-2.6501
8.63	-2.6501
8.63	-2.6501
8.62	-2.6502
8.62	-2.6500
8.62	-2.6501
8.62	-2.6499
8.61	-2.6500
8.61	-2.6499
8.60	-2.6498
8.60	-2.6501
8.60	-2.6500
8.60	-2.6500
8.59	-2.6500
8.59	-2.6499
8.59	-2.6498
8.58	-2.6498
8.58	-2.6498
8.58	-2.6497
8.58	-2.6498
8.58	-2.6497
8.58	-2.6498
8.57	-2.6497
8.57	-2.6497
8.57	-2.6498
8.56	-2.6496
8.56	-2.6496
8.55	-2.6497
8.55	-2.6497
8.55	-2.6497
8.55	-2.6497
8.54	-2.6497
8.54	-2.6497
8.54	-2.6497
8.54	-2.6497
8.53	-2.6495
8.54	-2.6495
8.54	-2.6495
8.53	-2.6496
8.53	-2.6494
8.53	-2.6494
8.53	-2.6493
8.53	-2.6494
8.52	-2.6493
8.52	-2.6493
8.52	-2.6493
8.52	-2.6493
8.51	-2.6491
8.50	-2.6492
8.51	-2.6491
8.51	-2.6491
8.50	-2.6490
8.50	-2.6490
8.50	-2.6490
8.50	-2.6489
8.50	-2.6490
8.49	-2.6489
8.49	-2.6490
8.48	-2.6489
8.48	-2.6488
8.47	-2.6489
8.47	-2.6489
8.47	-2.6487
8.47	-2.6487
8.47	-2.6487
8.47	-2.6486
8.46	-2.6486
8.46	-2.6488
8.46	-2.6485
8.46	-2.6485
8.45	-2.6487
8.45	-2.6485
8.45	-2.6485
8.44	-2.6485
8.44	-2.6484
8.44	-2.6484
8.43	-2.6484
8.43	-2.6484
8.43	-2.6483
8.43	-2.6483
8.43	-2.6483
8.43	-2.6482
8.43	-2.6481
8.42	-2.6482
8.42	-2.6483
8.41	-2.6482
8.41	-2.6481
8.41	-2.6482
8.41	-2.6480
8.40	-2.6479
8.40	-2.6481
8.40	-2.6479
8.39	-2.6480
8.39	-2.6479
8.39	-2.6478
8.39	-2.6477
8.38	-2.6475
8.38	-2.6477
8.38	-2.6473
8.38	-2.6473
8.38	-2.6473
8.38	-2.6471
8.37	-2.6471
8.37	-2.6472
8.37	-2.6472
8.36	-2.6471
8.36	-2.6468
8.36	-2.6470
8.36	-2.6469
8.36	-2.6467
8.35	-2.6467
8.35	-2.6467
8.35	-2.6467
8.35	-2.6466
8.34	-2.6466
8.34	-2.6466
8.34	-2.6466
8.34	-2.6465
8.34	-2.6467
8.33	-2.6464
8.33	-2.6464
8.33	-2.6465
8.32	-2.6465
8.32	-2.6465
8.32	-2.6464
8.32	-2.6464
8.32	-2.6462
8.31	-2.6463
8.31	-2.6460
8.30	-2.6462
8.30	-2.6463
8.30	-2.6463
8.30	-2.6463
8.30	-2.6460
8.29	-2.6459
8.29	-2.6458
8.29	-2.6458
8.29	-2.6460
8.28	-2.6459
8.28	-2.6459
8.28	-2.6458
8.28	-2.6460
8.28	-2.6458
8.28	-2.6459
8.27	-2.6458
8.27	-2.6458
8.27	-2.6457
8.27	-2.6459
8.27	-2.6457
8.26	-2.6457
8.26	-2.6457
8.26	-2.6456
8.25	-2.6456
8.25	-2.6457
8.25	-2.6458
8.25	-2.6458
8.24	-2.6456
8.24	-2.6454
8.24	-2.6454
8.24	-2.6454
8.23	-2.6455
8.23	-2.6454
8.23	-2.6453
8.23	-2.6451
8.23	-2.6452
8.22	-2.6451
8.22	-2.6452
8.21	-2.6452
8.21	-2.6452
8.21	-2.6452
8.20	-2.6451
8.20	-2.6450
8.20	-2.6450
8.20	-2.6450
8.20	-2.6449
8.20	-2.6449
8.19	-2.6450
8.19	-2.6450
8.19	-2.6449
8.18	-2.6448
8.18	-2.6448
8.18	-2.6449
8.18	-2.6447
8.18	-2.6447
8.18	-2.6448
8.18	-2.6448
8.17	-2.6447
8.17	-2.6445
8.17	-2.6446
8.16	-2.6447
8.16	-2.6446
8.16	-2.6446
8.15	-2.6445
8.15	-2.6445
8.15	-2.6445
8.15	-2.6445
8.15	-2.6445
8.14	-2.6444
8.14	-2.6445
8.13	-2.6443
8.13	-2.6444
8.13	-2.6442
8.13	-2.6443
8.13	-2.6443
8.13	-2.6441
8.13	-2.6441
8.12	-2.6441
8.12	-2.6441
8.12	-2.6443
8.11	-2.6439
8.11	-2.6439
8.11	-2.6440
8.10	-2.6439
8.10	-2.6438
8.10	-2.6440
8.10	-2.6440
8.10	-2.6440
8.09	-2.6438
8.09	-2.6438
8.09	-2.6438
8.09	-2.6438
8.08	-2.6440
8.08	-2.6440
8.08	-2.6439
8.07	-2.6438
8.07	-2.6438
8.07	-2.6439
8.07	-2.6438
8.07	-2.6437
8.07	-2.6438
8.06	-2.6437
8.05	-2.6438
8.05	-2.6437
8.05	-2.6438
8.04	-2.6436
8.04	-2.6437
8.04	-2.6436
8.04	-2.6437
8.03	-2.6435
8.03	-2.6438
8.03	-2.6436
8.03	-2.6435
8.03	-2.6433
8.03	-2.6432
8.03	-2.6432
8.02	-2.6432
8.02	-2.6432
8.02	-2.6433
8.02	-2.6433
8.01	-2.6433
8.01	-2.6432
8.00	-2.6432
8.00	-2.6432
8.00	-2.6431
8.00	-2.6431
8.00	-2.6431
7.99	-2.6431
7.99	-2.6430
7.99	-2.6429
7.99	-2.6428
7.98	-2.6429
7.98	-2.6428
7.98	-2.6428
7.98	-2.6427
7.98	-2.6429
7.98	-2.6429
7.98	-2.6430
7.97	-2.6429
7.97	-2.6429
7.96	-2.6427
7.96	-2.6428
7.96	-2.6430
7.96	-2.6428
7.95	-2.6429
7.95	-2.6427
7.95	-2.6427
7.95	-2.6428
7.94	-2.6427
7.94	-2.6429
7.93	-2.6427
7.93	-2.6428
7.93	-2.6428
7.93	-2.6426
7.93	-2.6426
7.92	-2.6426
7.92	-2.6427
7.92	-2.6426
7.92	-2.6424
7.91	-2.6425
7.91	-2.6425
7.91	-2.6426
7.90	-2.6425
7.90	-2.6427
7.90	-2.6426
7.90	-2.6424
7.90	-2.6425
7.90	-2.6424
7.90	-2.6425
7.90	-2.6425
7.89	-2.6423
7.88	-2.6423
7.88	-2.6424
7.88	-2.6424
7.88	-2.6423
7.88	-2.6423
7.88	-2.6423
7.87	-2.6423
7.87	-2.6421
7.87	-2.6422
7.86	-2.6421
7.86	-2.6421
7.86	-2.6421
7.86	-2.6420
7.85	-2.6422
7.85	-2.6420
7.84	-2.6421
7.84	-2.6421
7.84	-2.6421
7.84	-2.6419
7.84	-2.6420
7.84	-2.6419
7.84	-2.6419
7.83	-2.6419
7.83	-2.6420
7.83	-2.6418
7.83	-2.6417
7.82	-2.6418
7.82	-2.6419
7.82	-2.6419
7.81	-2.6418
7.81	-2.6417
7.80	-2.6417
7.80	-2.6417
7.80	-2.6418
7.80	-2.6416
7.79	-2.6416
7.79	-2.6417
7.79	-2.6417
7.79	-2.6416
7.79	-2.6415
7.79	-2.6414
7.78	-2.6415
7.78	-2.6414
7.78	-2.6414
7.77	-2.6413
7.77	-2.6413
7.77	-2.6413
7.77	-2.6412
7.77	-2.6414
7.76	-2.6412
7.76	-2.6412
7.76	-2.6411
7.76	-2.6412
7.76	-2.6410
7.75	-2.6412
7.75	-2.6410
7.75	-2.6410
7.75	-2.6410
7.75	-2.6410
7.74	-2.6409
7.73	-2.6410
7.73	-2.6407
7.73	-2.6407
7.73	-2.6406
7.72	-2.6407
7.72	-2.6407
7.72	-2.6406
7.72	-2.6407
7.71	-2.6407
7.71	-2.6407
7.71	-2.6405
7.70	-2.6407
7.70	-2.6405
7.70	-2.6404
7.70	-2.6404
7.70	-2.6404
7.70	-2.6405
7.69	-2.6403
7.69	-2.6403
7.69	-2.6402
7.69	-2.6403
7.68	-2.6402
7.68	-2.6401
7.68	-2.6400
7.67	-2.6401
7.67	-2.6400
7.67	-2.6399
7.67	-2.6400
7.67	-2.6399
7.67	-2.6398
7.67	-2.6398
7.66	-2.6396
7.66	-2.6396
7.65	-2.6396
7.65	-2.6395
7.65	-2.6394
7.65	-2.6395
7.65	-2.6394
7.64	-2.6393
7.64	-2.6393
7.64	-2.6394
7.63	-2.6393
7.63	-2.6392
7.63	-2.6391
7.63	-2.6390
7.63	-2.6391
7.62	-2.6391
7.62	-2.6393
7.61	-2.6390
7.61	-2.6392
7.61	-2.6390
7.61	-2.6390
7.61	-2.6389
7.60	-2.6391
7.60	-2.6390
7.60	-2.6389
7.59	-2.6389
7.59	-2.6388
7.59	-2.6390
7.58	-2.6390
7.58	-2.6389
7.58	-2.6390
7.58	-2.6390
7.58	-2.6388
7.58	-2.6389
7.58	-2.6390
7.58	-2.6388
7.57	-2.6388
7.57	-2.6388
7.57	-2.6387
7.56	-2.6387
7.56	-2.6387
7.56	-2.6387
7.56	-2.6385
7.56	-2.6386
7.55	-2.6385
7.55	-2.6384
7.54	-2.6385
7.54	-2.6385
7.54	-2.6384
7.54	-2.6384
7.54	-2.6383
7.53	-2.6382
7.53	-2.6384
7.53	-2.6383
7.52	-2.6382
7.52	-2.6383
7.52	-2.6382
7.52	-2.6380
7.52	-2.6381
7.51	-2.6380
7.50	-2.6379
7.50	-2.6381
7.50	-2.6380
7.50	-2.6380
7.50	-2.6379
7.50	-2.6379
7.50	-2.6378
7.49	-2.6376
7.49	-2.6378
7.49	-2.6378
7.49	-2.6376
7.48	-2.6377
7.48	-2.6375
7.48	-2.6379
7.48	-2.6376
7.48	-2.6377
7.47	-2.6376
7.47	-2.6376
7.47	-2.6375
7.46	-2.6375
7.46	-2.6375
7.45	-2.6374
7.45	-2.6375
7.45	-2.6373
7.45	-2.6372
7.44	-2.6374
7.44	-2.6373
7.44	-2.6372
7.44	-2.6374
7.44	-2.6374
7.43	-2.6373
7.43	-2.6373
7.42	-2.6372
7.42	-2.6373
7.42	-2.6372
7.42	-2.6373
7.42	-2.6373
7.42	-2.6372
7.41	-2.6371
7.41	-2.6371
7.41	-2.6372
7.41	-2.6371
7.41	-2.6372
7.40	-2.6369
7.40	-2.6370
7.40	-2.6367
7.40	-2.6370
7.40	-2.6368
7.39	-2.6367
7.39	-2.6368
7.38	-2.6370
7.38	-2.6369
7.38	-2.6369
7.38	-2.6369
7.38	-2.6369
7.37	-2.6369
7.37	-2.6370
7.36	-2.6368
7.36	-2.6369
7.36	-2.6369
7.36	-2.6368
7.36	-2.6368
7.35	-2.6368
7.35	-2.6369
7.35	-2.6368
7.35	-2.6368
7.35	-2.6366
7.35	-2.6367
7.35	-2.6367
7.34	-2.6366
7.34	-2.6367
7.34	-2.6366
7.34	-2.6366
7.33	-2.6364
7.33	-2.6364
7.33	-2.6363
7.32	-2.6363
7.32	-2.6363
7.32	-2.6363
7.32	-2.6363
7.32	-2.6363
7.32	-2.6363
7.32	-2.6363
7.32	-2.6364
7.31	-2.6362
7.31	-2.6362
7.30	-2.6363
7.30	-2.6361
7.29	-2.6360
7.29	-2.6362
7.29	-2.6361
7.29	-2.6360
7.28	-2.6360
7.28	-2.6361
7.28	-2.6360
7.28	-2.6359
7.28	-2.6358
7.27	-2.6359
7.27	-2.6360
7.27	-2.6359
7.26	-2.6358
7.26	-2.6359
7.26	-2.6360
7.25	-2.6360
7.25	-2.6360
7.25	-2.6360
7.25	-2.6357
7.25	-2.6358
7.25	-2.6358
7.25	-2.6358
7.24	-2.6357
7.24	-2.6358
7.24	-2.6358
7.23	-2.6359
7.23	-2.6358
7.23	-2.6357
7.23	-2.6357
7.23	-2.6356
7.22	-2.6356
7.22	-2.6357
7.21	-2.6356
7.21	-2.6357
7.20	-2.6356
7.20	-2.6355
7.20	-2.6355
7.20	-2.6355
7.20	-2.6355
7.20	-2.6354
7.20	-2.6356
7.20	-2.6356
7.19	-2.6355
7.19	-2.6355
7.18	-2.6355
7.18	-2.6352
7.17	-2.6353
7.17	-2.6353
7.17	-2.6355
7.17	-2.6352
7.17	-2.6352
7.17	-2.6353
7.16	-2.6351
7.16	-2.6352
7.16	-2.6351
7.16	-2.6350
7.16	-2.6353
7.16	-2.6351
7.15	-2.6352
7.15	-2.6353
7.15	-2.6352
7.15	-2.6351
7.14	-2.6353
7.14	-2.6352
7.13	-2.6351
7.13	-2.6351
7.13	-2.6352
7.13	-2.6350
7.12	-2.6351
7.12	-2.6352
7.12	-2.6351
7.12	-2.6351
7.12	-2.6351
7.11	-2.6351
7.11	-2.6352
7.11	-2.6353
7.10	-2.6352
7.10	-2.6351
7.10	-2.6352
7.10	-2.6351
7.09	-2.6352
7.09	-2.6353
7.09	-2.6350
7.09	-2.6351
7.09	-2.6351
7.08	-2.6351
7.08	-2.6352
7.08	-2.6350
7.08	-2.6352
7.08	-2.6352
7.07	-2.6351
7.07	-2.6351
7.06	-2.6352
7.06	-2.6350
7.06	-2.6350
7.06	-2.6350
7.06	-2.6350
7.05	-2.6350
7.05	-2.6350
7.05	-2.6350
7.04	-2.6350
7.04	-2.6349
7.04	-2.6348
7.04	-2.6349
7.04	-2.6348
7.04	-2.6348
7.03	-2.6349
7.03	-2.6348
7.03	-2.6348
7.03	-2.6349
7.02	-2.6348
7.02	-2.6348
7.02	-2.6347
7.01	-2.6347
7.01	-2.6346
7.01	-2.6344
7.01	-2.6346
7.00	-2.6344
7.00	-2.6343
7.00	-2.6342
7.00	-2.6343
7.00	-2.6343
6.99	-2.6341
6.99	-2.6342
6.99	-2.6340
6.98	-2.6340
6.98	-2.6338
6.98	-2.6339
6.98	-2.6339
6.98	-2.6338
6.98	-2.6339
6.98	-2.6338
6.97	-2.6340
6.97	-2.6337
6.96	-2.6338
6.96	-2.6337
6.96	-2.6336
6.96	-2.6336
6.95	-2.6336
6.95	-2.6336
6.95	-2.6335
6.95	-2.6335
6.94	-2.6335
6.94	-2.6335
6.94	-2.6335
6.94	-2.6335
6.93	-2.6337
6.93	-2.6334
6.93	-2.6334
6.93	-2.6334
6.92	-2.6334
6.92	-2.6334
6.92	-2.6334
6.91	-2.6333
6.91	-2.6334
6.91	-2.6334
6.91	-2.6333
6.91	-2.6334
6.90	-2.6334
6.90	-2.6333
6.90	-2.6334
6.90	-2.6334
6.90	-2.6334
6.89	-2.6333
6.89	-2.6334
6.88	-2.6334
6.88	-2.6332
6.88	-2.6334
6.88	-2.6334
6.88	-2.6334
6.88	-2.6334
6.88	-2.6333
6.87	-2.6333
6.87	-2.6332
6.86	-2.6332
6.86	-2.6332
6.85	-2.6332
6.85	-2.6330
6.85	-2.6332
6.85	-2.6332
6.84	-2.6329
6.84	-2.6329
6.84	-2.6331
6.84	-2.6328
6.84	-2.6330
6.83	-2.6329
6.83	-2.6328
6.83	-2.6329
6.83	-2.6330
6.83	-2.6330
6.83	-2.6329
6.82	-2.6329
6.82	-2.6330
6.82	-2.6329
6.81	-2.6329
6.81	-2.6328
6.81	-2.6327
6.81	-2.6326
6.80	-2.6326
6.80	-2.6327
6.80	-2.6329
6.80	-2.6327
6.80	-2.6326
6.79	-2.6327
6.79	-2.6327
6.79	-2.6327
6.79	-2.6327
6.78	-2.6327
6.78	-2.6327
6.78	-2.6327
6.78	-2.6326
6.78	-2.6326
6.78	-2.6327
6.77	-2.6326
6.77	-2.6327
6.76	-2.6326
6.76	-2.6326
6.76	-2.6326
6.75	-2.6325
6.75	-2.6325
6.75	-2.6323
6.75	-2.6324
6.75	-2.6324
6.74	-2.6325
6.74	-2.6323
6.74	-2.6323
6.73	-2.6325
6.73	-2.6324
6.73	-2.6324
6.73	-2.6323
6.73	-2.6323
6.72	-2.6323
6.72	-2.6324
6.72	-2.6321
6.72	-2.6322
6.71	-2.6322
6.71	-2.6321
6.70	-2.6321
6.70	-2.6321
6.70	-2.6320
6.70	-2.6322
6.70	-2.6320
6.70	-2.6320
6.70	-2.6321
6.69	-2.6321
6.69	-2.6319
6.69	-2.6320
6.68	-2.6319
6.68	-2.6321
6.67	-2.6320
6.67	-2.6319
6.67	-2.6317
6.67	-2.6319
6.66	-2.6319
6.66	-2.6319
6.66	-2.6316
6.65	-2.6317
6.65	-2.6318
6.65	-2.6316
6.65	-2.6317
6.65	-2.6318
6.65	-2.6318
6.65	-2.6318
6.64	-2.6318
6.64	-2.6318
6.63	-2.6318
6.63	-2.6318
6.63	-2.6318
6.63	-2.6319
6.63	-2.6318
6.63	-2.6319
6.62	-2.6317
6.62	-2.6318
6.61	-2.6317
6.61	-2.6318
6.61	-2.6317
6.61	-2.6317
6.61	-2.6317
6.60	-2.6317
6.60	-2.6317
6.60	-2.6318
6.59	-2.6317
6.59	-2.6317
6.59	-2.6317
6.58	-2.6316
6.58	-2.6318
6.58	-2.6318
6.58	-2.6318
6.58	-2.6318
6.58	-2.6317
6.58	-2.6317
6.57	-2.6318
6.57	-2.6317
6.57	-2.6318
6.56	-2.6319
6.56	-2.6319
6.56	-2.6319
6.56	-2.6318
6.55	-2.6317
6.55	-2.6318
6.55	-2.6319
6.54	-2.6318
6.54	-2.6317
6.54	-2.6319
6.54	-2.6317
6.54	-2.6317
6.54	-2.6317
6.53	-2.6318
6.53	-2.6318
6.53	-2.6317
6.52	-2.6317
6.52	-2.6317
6.52	-2.6316
6.52	-2.6317
6.52	-2.6317
6.51	-2.6316
6.51	-2.6316
6.51	-2.6318
6.51	-2.6316
6.50	-2.6316
6.50	-2.6316
6.50	-2.6317
6.50	-2.6317
6.50	-2.6317
6.49	-2.6316
6.49	-2.6316
6.49	-2.6317
6.49	-2.6316
6.49	-2.6316
6.49	-2.6317
6.48	-2.6318
6.48	-2.6317
6.48	-2.6318
6.48	-2.6316
6.47	-2.6317
6.47	-2.6317
6.47	-2.6317
6.47	-2.6318
6.46	-2.6316
6.46	-2.6318
6.45	-2.6317
6.45	-2.6317
6.45	-2.6316
6.44	-2.6316
6.44	-2.6316
6.44	-2.6316
6.44	-2.6316
6.43	-2.6316
6.43	-2.6317
6.43	-2.6316
6.43	-2.6315
6.42	-2.6316
6.42	-2.6316
6.42	-2.6315
6.42	-2.6316
6.41	-2.6314
6.41	-2.6315
6.41	-2.6314
6.41	-2.6316
6.41	-2.6317
6.40	-2.6315
6.40	-2.6316
6.40	-2.6315
6.40	-2.6316
6.39	-2.6316
6.39	-2.6316
6.39	-2.6316
6.39	-2.6318
6.38	-2.6317
6.38	-2.6316
6.38	-2.6316
6.38	-2.6316
6.37	-2.6316
6.37	-2.6316
6.37	-2.6316
6.37	-2.6318
6.37	-2.6317
6.37	-2.6317
6.36	-2.6317
6.36	-2.6317
6.36	-2.6318
6.36	-2.6316
6.35	-2.6318
6.35	-2.6317
6.34	-2.6317
6.34	-2.6318
6.34	-2.6317
6.34	-2.6317
6.33	-2.6319
6.33	-2.6318
6.33	-2.6319
6.33	-2.6317
6.33	-2.6316
6.32	-2.6318
6.32	-2.6317
6.31	-2.6318
6.31	-2.6317
6.31	-2.6318
6.31	-2.6316
6.31	-2.6316
6.30	-2.6316
6.30	-2.6315
6.30	-2.6315
6.30	-2.6313
6.29	-2.6313
6.29	-2.6312
6.29	-2.6312
6.29	-2.6311
6.29	-2.6311
6.28	-2.6311
6.28	-2.6310
6.28	-2.6311
6.28	-2.6310
6.28	-2.6310
6.28	-2.6307
6.27	-2.6308
6.27	-2.6308
6.26	-2.6308
6.26	-2.6307
6.26	-2.6306
6.25	-2.6306
6.25	-2.6305
6.25	-2.6305
6.25	-2.6307
6.25	-2.6304
6.25	-2.6303
6.24	-2.6304
6.24	-2.6304
6.24	-2.6304
6.23	-2.6303
6.23	-2.6301
6.23	-2.6302
6.22	-2.6304
6.22	-2.6303
6.22	-2.6303
6.22	-2.6303
6.22	-2.6303
6.21	-2.6303
6.21	-2.6302
6.21	-2.6302
6.21	-2.6303
6.20	-2.6303
6.20	-2.6304
6.20	-2.6303
6.20	-2.6303
6.20	-2.6302
6.20	-2.6302
6.20	-2.6302
6.19	-2.6303
6.18	-2.6303
6.18	-2.6303
6.18	-2.6303
6.18	-2.6303
6.17	-2.6304
6.17	-2.6303
6.17	-2.6303
6.17	-2.6303
6.17	-2.6303
6.15	-2.6306
6.14	-2.6326
6.14	-2.6373
6.13	-2.6440
6.12	-2.6519
6.12	-2.6604
6.10	-2.6685
6.10	-2.6761
6.09	-2.6827
6.09	-2.6884
6.08	-2.6930
6.07	-2.6965
6.07	-2.6992
6.06	-2.7011
6.05	-2.7024
6.05	-2.7033
6.04	-2.7037
6.04	-2.7040
6.04	-2.7043
6.03	-2.7045
6.03	-2.7047
6.03	-2.7051
6.03	-2.7057
6.02	-2.7062
6.02	-2.7070
6.02	-2.7078
6.02	-2.7088
6.01	-2.7100
6.01	-2.7114
6.01	-2.7126
6.00	-2.7140
6.00	-2.7154
6.00	-2.7168
6.00	-2.7182
6.00	-2.7194
6.00	-2.7206
5.99	-2.7215
6.00	-2.7224
6.00	-2.7232
6.00	-2.7236
5.99	-2.7240
5.99	-2.7241
5.99	-2.7241
5.99	-2.7236
5.99	-2.7231
5.99	-2.7222
5.99	-2.7210
5.98	-2.7196
5.98	-2.7179
5.98	-2.7159
5.98	-2.7139
5.98	-2.7115
5.98	-2.7088
5.98	-2.7060
5.98	-2.7029
5.98	-2.6998
5.98	-2.6964
5.98	-2.6930
5.98	-2.6892
5.98	-2.6853
5.98	-2.6813
5.98	-2.6772
5.98	-2.6729
5.98	-2.6686
5.98	-2.6641
5.97	-2.6596
5.97	-2.6550
5.97	-2.6505
5.97	-2.6456
5.97	-2.6409
5.97	-2.6359
5.97	-2.6311
5.97	-2.6263
5.97	-2.6214
5.97	-2.6165
5.97	-2.6115
5.97	-2.6065
5.97	-2.6017
5.97	-2.5970
5.97	-2.5922
5.97	-2.5875
5.97	-2.5827
5.97	-2.5780
5.97	-2.5732
5.97	-2.5687
5.97	-2.5640
5.97	-2.5596
5.97	-2.5551
5.96	-2.5507
5.97	-2.5463
5.97	-2.5422
5.97	-2.5379
5.97	-2.5338
5.97	-2.5298
5.97	-2.5257
5.97	-2.5217
5.97	-2.5179
5.97	-2.5140
5.96	-2.5103
5.97	-2.5068
5.97	-2.5032
5.97	-2.4997
5.97	-2.4963
5.96	-2.4930
5.96	-2.4896
5.96	-2.4863
5.97	-2.4832
5.97	-2.4801
5.96	-2.4771
5.96	-2.4742
5.97	-2.4713
5.97	-2.4685
5.96	-2.4655
5.97	-2.4628
5.97	-2.4600
5.97	-2.4575
5.97	-2.4548
5.97	-2.4523
5.97	-2.4500
5.97	-2.4475
5.97	-2.4452
5.97	-2.4429
5.97	-2.4408
5.96	-2.4386
5.97	-2.4365
5.97	-2.4346
5.97	-2.4326
5.97	-2.4306
5.97	-2.4287
5.96	-2.4269
5.97	-2.4250
5.97	-2.4232
5.97	-2.4216
5.97	-2.4200
5.97	-2.4182
5.97	-2.4166
5.97	-2.4151
5.97	-2.4137
5.97	-2.4121
5.97	-2.4107
5.97	-2.4092
5.97	-2.4078
5.97	-2.4064
5.97	-2.4052
5.96	-2.4039
5.97	-2.4028
5.97	-2.4016
5.97	-2.4005
5.96	-2.3993
5.96	-2.3983
5.96	-2.3972
5.96	-2.3962
5.97	-2.3952
5.97	-2.3942
5.96	-2.3932
5.97	-2.3923
5.97	-2.3914
5.96	-2.3906
5.96	-2.3897
5.97	-2.3889
5.97	-2.3881
5.97	-2.3872
5.97	-2.3865
5.97	-2.3858
5.97	-2.3851
5.97	-2.3843
5.96	-2.3837
5.97	-2.3828
5.97	-2.3823
5.97	-2.3817
5.97	-2.3810
5.96	-2.3804
5.96	-2.3799
5.96	-2.3793
5.97	-2.3787
5.97	-2.3782
5.97	-2.3777
5.96	-2.3770
5.97	-2.3765
5.97	-2.3760
5.96	-2.3755
5.96	-2.3750
5.97	-2.3746
5.96	-2.3742
5.97	-2.3738
5.97	-2.3733
5.97	-2.3729
5.97	-2.3726
5.97	-2.3721
5.97	-2.3718
5.97	-2.3715
5.97	-2.3711
5.96	-2.3707
5.97	-2.3705
5.96	-2.3702
5.96	-2.3699
5.96	-2.3696
5.96	-2.3694
5.97	-2.3690
5.97	-2.3687
5.97	-2.3684
5.97	-2.3680
5.97	-2.3678
5.97	-2.3675
5.97	-2.3673
5.97	-2.3670
5.97	-2.3667
5.97	-2.3666
5.97	-2.3664
5.97	-2.3662
5.97	-2.3659
5.97	-2.3657
5.97	-2.3655
5.96	-2.3653
5.96	-2.3651
5.97	-2.3647
5.97	-2.3645
5.98	-2.3644
5.97	-2.3643
5.97	-2.3641
5.97	-2.3638
5.97	-2.3636
5.97	-2.3634
5.97	-2.3633
5.97	-2.3632
5.97	-2.3630
5.96	-2.3630
5.97	-2.3628
5.97	-2.3626
5.97	-2.3625
5.97	-2.3625
5.97	-2.3623
5.97	-2.3621
5.97	-2.3620
5.97	-2.3619
5.97	-2.3618
5.97	-2.3617
5.97	-2.3616
5.97	-2.3615
5.97	-2.3614
5.97	-2.3613
5.97	-2.3611
5.97	-2.3610
5.97	-2.3610
5.97	-2.3609
5.97	-2.3608
5.97	-2.3607
5.97	-2.3605
5.97	-2.3604
5.98	-2.3603
5.97	-2.3602
5.97	-2.3601
5.97	-2.3599
5.97	-2.3597
5.97	-2.3596
5.97	-2.3596
5.97	-2.3595
5.97	-2.3594
5.97	-2.3594
5.97	-2.3593
5.97	-2.3592
5.97	-2.3591
5.97	-2.3591
5.97	-2.3590
5.96	-2.3588
5.96	-2.3588
5.96	-2.3587
5.96	-2.3587
5.97	-2.3586
5.97	-2.3585
5.97	-2.3584
5.97	-2.3583
5.97	-2.3582
5.97	-2.3582
5.97	-2.3582
5.97	-2.3580
5.97	-2.3580
5.97	-2.3580
5.97	-2.3580
5.97	-2.3579
5.97	-2.3579
5.97	-2.3579
5.97	-2.3579
5.97	-2.3580
5.97	-2.3579
5.97	-2.3578
5.97	-2.3578
5.97	-2.3578
5.97	-2.3577
5.97	-2.3577
5.97	-2.3577
5.96	-2.3577
5.96	-2.3576
5.96	-2.3575
5.97	-2.3575
5.97	-2.3575
5.97	-2.3576
5.97	-2.3576
5.97	-2.3574
5.97	-2.3575
5.97	-2.3575
5.97	-2.3575
5.97	-2.3575
5.96	-2.3575
5.96	-2.3575
5.97	-2.3575
5.97	-2.3574
5.97	-2.3574
5.97	-2.3574
5.97	-2.3574
5.97	-2.3573
5.97	-2.3573
5.97	-2.3573
5.97	-2.3572
5.97	-2.3571
5.97	-2.3571
5.97	-2.3571
5.97	-2.3570
5.97	-2.3571
5.97	-2.3570
5.97	-2.3570
5.97	-2.3570
5.97	-2.3570
5.97	-2.3569
5.97	-2.3569
5.97	-2.3569
5.97	-2.3569
5.97	-2.3570
5.97	-2.3570
5.97	-2.3571
5.97	-2.3571
5.97	-2.3571
5.97	-2.3571
5.97	-2.3571
5.97	-2.3570
5.96	-2.3570
5.97	-2.3570
5.97	-2.3570
5.97	-2.3570
5.97	-2.3570
5.97	-2.3569
5.98	-2.3570
5.98	-2.3568
5.97	-2.3569
5.97	-2.3569
5.97	-2.3569
5.97	-2.3569
5.97	-2.3569
5.97	-2.3569
5.97	-2.3568
5.98	-2.3568
5.97	-2.3568
5.97	-2.3568
5.97	-2.3569
5.97	-2.3569
5.97	-2.3569
5.97	-2.3569
5.97	-2.3569
5.97	-2.3568
5.97	-2.3569
5.97	-2.3569
5.97	-2.3568
5.97	-2.3569
5.97	-2.3568
5.97	-2.3569
5.97	-2.3569
5.97	-2.3568
5.97	-2.3569
5.97	-2.3569
5.97	-2.3569
5.97	-2.3570
5.97	-2.3570
5.97	-2.3570
5.97	-2.3571
5.98	-2.3571
5.97	-2.3571
5.97	-2.3571
5.97	-2.3570
5.97	-2.3570
5.98	-2.3570
5.98	-2.3570
5.97	-2.3570
5.97	-2.3572
5.97	-2.3572
5.97	-2.3573
5.97	-2.3572
5.97	-2.3572
5.97	-2.3572
5.97	-2.3573
5.97	-2.3573
5.97	-2.3573
5.97	-2.3573
5.97	-2.3572
5.97	-2.3573
5.97	-2.3573
5.97	-2.3574
5.97	-2.3575
5.97	-2.3575
5.97	-2.3576
5.97	-2.3576
5.98	-2.3577
5.97	-2.3578
5.97	-2.3578
5.97	-2.3579
5.97	-2.3578
5.97	-2.3578
5.97	-2.3578
5.98	-2.3579
5.97	-2.3578
5.97	-2.3578
5.98	-2.3578
5.97	-2.3579
5.97	-2.3578
5.98	-2.3578
5.97	-2.3578
5.97	-2.3577
5.97	-2.3577
5.97	-2.3575
5.98	-2.3575
5.98	-2.3576
5.98	-2.3575
5.98	-2.3576
5.98	-2.3575
5.97	-2.3575
5.97	-2.3575
5.97	-2.3575
5.97	-2.3575
5.97	-2.3575
5.98	-2.3574
5.97	-2.3575
5.97	-2.3575
5.97	-2.3576
5.97	-2.3576
5.97	-2.3575
5.97	-2.3575
5.97	-2.3574
5.97	-2.3574
5.97	-2.3575
5.97	-2.3575
5.97	-2.3576
5.97	-2.3575
5.97	-2.3574
5.97	-2.3573
5.98	-2.3574
5.98	-2.3574
5.97	-2.3574
5.97	-2.3574
5.97	-2.3574
5.97	-2.3575
5.97	-2.3575
5.97	-2.3574
5.97	-2.3574
5.97	-2.3574
5.97	-2.3574
5.97	-2.3574
5.97	-2.3573
5.97	-2.3573
5.97	-2.3573
5.98	-2.3573
5.97	-2.3573
5.97	-2.3574
5.98	-2.3573
5.97	-2.3574
5.97	-2.3574
5.97	-2.3574
5.97	-2.3575
5.97	-2.3576
5.97	-2.3576
5.97	-2.3577
5.98	-2.3577
5.98	-2.3577
5.97	-2.3576
5.97	-2.3576
5.97	-2.3577
5.97	-2.3576
5.97	-2.3577
5.97	-2.3576
5.97	-2.3576
5.97	-2.3576
5.97	-2.3576
5.97	-2.3576
5.97	-2.3577
5.97	-2.3577
5.97	-2.3578
5.97	-2.3579
5.97	-2.3579
5.97	-2.3578
5.97	-2.3579
5.97	-2.3578
5.97	-2.3578
5.97	-2.3579
5.97	-2.3579
5.97	-2.3579
5.97	-2.3579
5.97	-2.3579
5.97	-2.3579
5.97	-2.3579
5.97	-2.3579
5.98	-2.3579
5.98	-2.3579
5.98	-2.3580
5.97	-2.3580
5.98	-2.3581
5.97	-2.3581
5.97	-2.3580
5.97	-2.3581
5.97	-2.3582
5.97	-2.3582
5.97	-2.3582
5.97	-2.3582
5.97	-2.3582
5.98	-2.3582
5.97	-2.3581
5.98	-2.3581
5.98	-2.3583
5.97	-2.3583
5.97	-2.3583
5.97	-2.3582
5.97	-2.3582
5.97	-2.3583
5.97	-2.3582
5.98	-2.3582
5.97	-2.3583
5.97	-2.3583
5.98	-2.3583
5.98	-2.3584
5.97	-2.3584
5.97	-2.3584
5.98	-2.3582
5.98	-2.3583
5.97	-2.3583
5.97	-2.3583
5.97	-2.3584
5.98	-2.3584
5.98	-2.3584
5.98	-2.3584
5.98	-2.3585
5.97	-2.3584
5.98	-2.3584
5.97	-2.3585
5.97	-2.3586
5.98	-2.3586
5.98	-2.3586
5.98	-2.3587
5.97	-2.3588
5.98	-2.3589
5.98	-2.3590
5.97	-2.3592
5.97	-2.3592
5.97	-2.3592
5.98	-2.3593
5.97	-2.3593
5.97	-2.3593
5.97	-2.3594
5.97	-2.3594
5.97	-2.3594
5.97	-2.3594
5.97	-2.3594
5.98	-2.3594
5.97	-2.3594
5.98	-2.3594
5.97	-2.3594
5.97	-2.3595
5.97	-2.3595
5.97	-2.3595
5.97	-2.3595
5.97	-2.3595
5.97	-2.3595
5.98	-2.3595
5.98	-2.3595
5.98	-2.3595
5.97	-2.3596
5.97	-2.3596
5.98	-2.3597
5.98	-2.3597
5.97	-2.3598
5.97	-2.3598
5.97	-2.3598
5.97	-2.3598
5.97	-2.3598
5.98	-2.3599
5.97	-2.3599
5.97	-2.3600
5.97	-2.3599
5.98	-2.3599
5.98	-2.3599
5.97	-2.3599
5.98	-2.3600
5.98	-2.3600
5.97	-2.3599
5.97	-2.3599
5.98	-2.3600
5.98	-2.3600
5.98	-2.3600
5.97	-2.3600
5.97	-2.3600
5.97	-2.3601
5.98	-2.3601
5.98	-2.3602
5.98	-2.3603
