90.61	-2.8552
90.61	-2.8549
90.61	-2.8550
90.61	-2.8549
90.61	-2.8548
90.61	-2.8543
90.61	-2.8540
90.61	-2.8538
90.61	-2.8530
90.61	-2.8522
90.61	-2.8517
90.61	-2.8505
90.61	-2.8498
90.61	-2.8490
90.61	-2.8479
90.61	-2.8472
90.61	-2.8464
90.61	-2.8454
90.61	-2.8448
90.61	-2.8440
90.61	-2.8438
90.61	-2.8429
90.61	-2.8429
90.61	-2.8422
90.61	-2.8423
90.61	-2.8423
90.61	-2.8424
90.61	-2.8430
90.61	-2.8433
90.61	-2.8440
90.61	-2.8447
90.61	-2.8455
90.60	-2.8465
90.60	-2.8478
90.60	-2.8490
90.60	-2.8503
90.61	-2.8522
90.60	-2.8538
90.60	-2.8556
90.60	-2.8574
90.60	-2.8595
90.60	-2.8615
90.60	-2.8637
90.60	-2.8657
90.60	-2.8681
90.60	-2.8703
90.59	-2.8726
90.59	-2.8751
90.59	-2.8776
90.59	-2.8798
90.59	-2.8820
90.59	-2.8848
90.59	-2.8868
90.59	-2.8891
90.58	-2.8912
90.58	-2.8938
90.58	-2.8957
90.58	-2.8980
90.58	-2.8998
90.58	-2.9018
90.58	-2.9037
90.58	-2.9052
90.57	-2.9074
90.57	-2.9089
90.57	-2.9102
90.57	-2.9117
90.56	-2.9129
90.56	-2.9143
90.56	-2.9156
90.55	-2.9165
90.55	-2.9175
90.55	-2.9183
90.55	-2.9191
90.55	-2.9199
90.55	-2.9203
90.55	-2.9208
90.54	-2.9211
90.54	-2.9212
90.54	-2.9215
90.54	-2.9213
90.54	-2.9213
90.54	-2.9213
90.53	-2.9212
90.53	-2.9209
90.53	-2.9203
90.52	-2.9199
90.52	-2.9192
90.52	-2.9184
90.52	-2.9179
90.51	-2.9171
90.51	-2.9163
90.51	-2.9153
90.50	-2.9146
90.50	-2.9135
90.50	-2.9122
90.50	-2.9113
90.50	-2.9100
90.50	-2.9089
90.49	-2.9077
90.49	-2.9063
90.49	-2.9050
90.49	-2.9037
90.49	-2.9024
90.48	-2.9007
90.48	-2.8997
90.48	-2.8982
90.48	-2.8965
90.47	-2.8954
90.48	-2.8939
90.47	-2.8922
90.47	-2.8907
90.47	-2.8891
90.47	-2.8878
90.46	-2.8866
90.46	-2.8848
90.45	-2.8835
90.45	-2.8820
90.45	-2.8808
90.45	-2.8794
90.44	-2.8781
90.44	-2.8768
90.44	-2.8756
90.44	-2.8741
90.44	-2.8730
90.43	-2.8717
90.43	-2.8707
90.42	-2.8695
90.42	-2.8682
90.42	-2.8672
90.42	-2.8662
90.42	-2.8653
90.42	-2.8643
90.41	-2.8634
90.41	-2.8626
90.41	-2.8617
90.41	-2.8609
90.40	-2.8602
90.40	-2.8594
90.40	-2.8588
90.40	-2.8585
90.39	-2.8578
90.39	-2.8574
90.39	-2.8570
90.39	-2.8566
90.39	-2.8561
90.38	-2.8558
90.38	-2.8557
90.38	-2.8554
90.38	-2.8551
90.38	-2.8551
90.37	-2.8551
90.37	-2.8550
90.37	-2.8547
90.36	-2.8551
90.36	-2.8553
90.36	-2.8552
90.35	-2.8553
90.35	-2.8558
90.35	-2.8557
90.35	-2.8562
90.34	-2.8564
90.34	-2.8569
90.34	-2.8573
90.34	-2.8578
90.34	-2.8582
90.33	-2.8588
90.33	-2.8593
90.33	-2.8601
90.33	-2.8606
90.32	-2.8614
90.32	-2.8621
90.32	-2.8628
90.32	-2.8636
90.31	-2.8645
90.31	-2.8652
90.31	-2.8662
90.31	-2.8671
90.30	-2.8680
90.30	-2.8690
90.30	-2.8700
90.30	-2.8710
90.30	-2.8720
90.30	-2.8734
90.29	-2.8744
90.29	-2.8754
90.29	-2.8766
90.28	-2.8778
90.28	-2.8792
90.28	-2.8803
90.28	-2.8813
90.28	-2.8827
90.27	-2.8840
90.27	-2.8854
90.26	-2.8866
90.26	-2.8881
90.26	-2.8894
90.26	-2.8909
90.25	-2.8924
90.25	-2.8938
90.25	-2.8951
90.25	-2.8966
90.25	-2.8981
90.25	-2.8994
90.25	-2.9009
90.25	-2.9022
90.25	-2.9038
90.24	-2.9052
90.24	-2.9065
90.23	-2.9083
90.23	-2.9096
90.23	-2.9114
90.23	-2.9127
90.22	-2.9142
90.22	-2.9159
90.22	-2.9172
90.22	-2.9192
90.21	-2.9205
90.21	-2.9220
90.21	-2.9233
90.21	-2.9250
90.20	-2.9267
90.20	-2.9283
90.20	-2.9294
90.20	-2.9311
90.20	-2.9327
90.19	-2.9343
90.19	-2.9357
90.19	-2.9374
90.19	-2.9390
90.19	-2.9401
90.18	-2.9419
90.18	-2.9434
90.18	-2.9451
90.17	-2.9464
90.17	-2.9480
90.17	-2.9496
90.16	-2.9510
90.16	-2.9526
90.16	-2.9543
90.15	-2.9556
90.15	-2.9572
90.15	-2.9587
90.14	-2.9602
90.14	-2.9617
90.14	-2.9630
90.14	-2.9649
90.14	-2.9661
90.13	-2.9674
90.13	-2.9692
90.13	-2.9707
90.13	-2.9718
90.13	-2.9736
90.13	-2.9749
90.12	-2.9763
90.12	-2.9778
90.12	-2.9792
90.12	-2.9805
90.11	-2.9821
90.11	-2.9833
90.10	-2.9848
90.10	-2.9862
90.10	-2.9873
90.09	-2.9887
90.09	-2.9901
90.09	-2.9914
90.09	-2.9928
90.09	-2.9942
90.09	-2.9954
90.08	-2.9968
90.08	-2.9980
90.08	-2.9995
90.08	-3.0006
90.08	-3.0018
90.08	-3.0032
90.08	-3.0045
90.07	-3.0055
90.07	-3.0068
90.07	-3.0080
90.06	-3.0093
90.06	-3.0105
90.06	-3.0117
90.05	-3.0130
90.05	-3.0142
90.05	-3.0153
90.05	-3.0163
90.04	-3.0175
90.04	-3.0188
90.04	-3.0197
90.04	-3.0209
90.03	-3.0219
90.03	-3.0229
90.03	-3.0241
90.03	-3.0251
90.03	-3.0261
90.02	-3.0273
90.02	-3.0282
90.01	-3.0292
90.01	-3.0302
90.01	-3.0314
90.01	-3.0322
90.00	-3.0331
90.00	-3.0342
90.00	-3.0353
90.00	-3.0360
90.00	-3.0370
90.00	-3.0379
90.00	-3.0391
89.99	-3.0398
89.99	-3.0409
89.98	-3.0417
89.98	-3.0425
89.98	-3.0433
89.98	-3.0443
89.97	-3.0453
89.97	-3.0458
89.97	-3.0467
89.96	-3.0476
89.96	-3.0486
89.95	-3.0494
89.95	-3.0503
89.95	-3.0512
89.95	-3.0520
89.95	-3.0526
89.95	-3.0536
89.95	-3.0542
89.95	-3.0550
89.94	-3.0556
89.94	-3.0565
89.93	-3.0571
89.93	-3.0579
89.93	-3.0584
89.92	-3.0593
89.92	-3.0599
89.92	-3.0604
89.92	-3.0614
89.92	-3.0621
89.91	-3.0629
89.91	-3.0632
89.90	-3.0640
89.90	-3.0645
89.90	-3.0650
89.90	-3.0658
89.90	-3.0666
89.90	-3.0673
89.89	-3.0677
89.89	-3.0684
89.89	-3.0690
89.89	-3.0696
89.89	-3.0701
89.88	-3.0707
89.88	-3.0713
89.88	-3.0720
89.88	-3.0725
89.87	-3.0730
89.87	-3.0735
89.86	-3.0742
89.86	-3.0747
89.86	-3.0751
89.86	-3.0758
89.86	-3.0763
89.85	-3.0768
89.85	-3.0772
89.85	-3.0777
89.85	-3.0782
89.84	-3.0789
89.84	-3.0793
89.84	-3.0798
89.84	-3.0801
89.84	-3.0807
89.84	-3.0809
89.83	-3.0817
89.83	-3.0820
89.83	-3.0825
89.82	-3.0831
89.82	-3.0833
89.82	-3.0838
89.82	-3.0842
89.81	-3.0846
89.81	-3.0848
89.81	-3.0856
89.81	-3.0859
89.81	-3.0863
89.80	-3.0868
89.80	-3.0870
89.80	-3.0876
89.79	-3.0878
89.79	-3.0881
89.78	-3.0884
89.78	-3.0887
89.78	-3.0892
89.78	-3.0897
89.78	-3.0899
89.78	-3.0903
89.77	-3.0905
89.77	-3.0909
89.77	-3.0913
89.76	-3.0915
89.76	-3.0919
89.76	-3.0922
89.75	-3.0926
89.75	-3.0930
89.75	-3.0932
89.75	-3.0936
89.75	-3.0939
89.74	-3.0940
89.74	-3.0945
89.73	-3.0947
89.73	-3.0950
89.73	-3.0953
89.73	-3.0956
89.72	-3.0957
89.72	-3.0962
89.72	-3.0965
89.72	-3.0968
89.72	-3.0969
89.72	-3.0972
89.71	-3.0974
89.71	-3.0976
89.71	-3.0979
89.71	-3.0982
89.71	-3.0985
89.70	-3.0986
89.70	-3.0986
89.70	-3.0994
89.70	-3.0994
89.70	-3.0995
89.69	-3.0998
89.69	-3.1003
89.68	-3.1002
89.68	-3.1004
89.68	-3.1005
89.68	-3.1008
89.68	-3.1009
89.67	-3.1013
89.67	-3.1015
89.67	-3.1016
89.67	-3.1017
89.67	-3.1020
89.66	-3.1021
89.66	-3.1025
89.66	-3.1024
89.66	-3.1027
89.65	-3.1029
89.65	-3.1029
89.65	-3.1031
89.64	-3.1032
89.64	-3.1034
89.64	-3.1035
89.63	-3.1039
89.63	-3.1039
89.63	-3.1041
89.63	-3.1042
89.63	-3.1047
89.63	-3.1046
89.62	-3.1049
89.62	-3.1050
89.61	-3.1053
89.61	-3.1052
89.61	-3.1055
89.60	-3.1055
89.60	-3.1057
89.60	-3.1061
89.60	-3.1062
89.60	-3.1064
89.60	-3.1064
89.59	-3.1066
89.59	-3.1066
89.59	-3.1069
89.59	-3.1071
89.59	-3.1072
89.58	-3.1072
89.58	-3.1075
89.58	-3.1076
89.57	-3.1077
89.57	-3.1079
89.57	-3.1079
89.57	-3.1083
89.56	-3.1084
89.56	-3.1086
89.56	-3.1087
89.55	-3.1088
89.55	-3.1088
89.55	-3.1089
89.55	-3.1091
89.54	-3.1092
89.54	-3.1092
89.54	-3.1092
89.54	-3.1095
89.53	-3.1096
89.53	-3.1099
89.53	-3.1099
89.53	-3.1101
89.53	-3.1101
89.52	-3.1102
89.52	-3.1101
89.52	-3.1103
89.51	-3.1104
89.51	-3.1106
89.51	-3.1107
89.51	-3.1108
89.50	-3.1108
89.50	-3.1110
89.50	-3.1110
89.50	-3.1112
89.50	-3.1114
89.49	-3.1114
89.49	-3.1115
89.49	-3.1116
89.48	-3.1116
89.48	-3.1117
89.48	-3.1118
89.48	-3.1119
89.48	-3.1119
89.48	-3.1120
89.47	-3.1122
89.47	-3.1123
89.47	-3.1124
89.46	-3.1126
89.46	-3.1125
89.45	-3.1125
89.45	-3.1127
89.45	-3.1126
89.45	-3.1126
89.45	-3.1128
89.44	-3.1128
89.44	-3.1127
89.44	-3.1128
89.44	-3.1129
89.44	-3.1130
89.43	-3.1131
89.43	-3.1132
89.43	-3.1132
89.43	-3.1133
89.42	-3.1133
89.42	-3.1133
89.42	-3.1134
89.42	-3.1136
89.41	-3.1136
89.41	-3.1137
89.41	-3.1139
89.40	-3.1137
89.40	-3.1140
89.40	-3.1137
89.39	-3.1139
89.39	-3.1139
89.39	-3.1139
89.39	-3.1139
89.38	-3.1140
89.38	-3.1139
89.38	-3.1139
89.38	-3.1140
89.38	-3.1140
89.38	-3.1143
89.38	-3.1139
89.37	-3.1140
89.37	-3.1142
89.37	-3.1142
89.36	-3.1143
89.36	-3.1142
89.36	-3.1142
89.36	-3.1143
89.35	-3.1142
89.35	-3.1145
89.34	-3.1144
89.34	-3.1143
89.34	-3.1145
89.34	-3.1144
89.34	-3.1144
89.33	-3.1146
89.33	-3.1144
89.33	-3.1146
89.33	-3.1145
89.33	-3.1145
89.33	-3.1146
89.32	-3.1147
89.32	-3.1144
89.32	-3.1148
89.32	-3.1148
89.32	-3.1149
89.31	-3.1149
89.31	-3.1151
89.31	-3.1149
89.30	-3.1152
89.30	-3.1150
89.30	-3.1153
89.30	-3.1150
89.30	-3.1152
89.30	-3.1151
89.30	-3.1152
89.29	-3.1151
89.29	-3.1152
89.28	-3.1153
89.28	-3.1152
89.28	-3.1152
89.28	-3.1156
89.27	-3.1155
89.27	-3.1153
89.27	-3.1155
89.27	-3.1154
89.27	-3.1154
89.26	-3.1154
89.26	-3.1155
89.25	-3.1153
89.25	-3.1153
89.25	-3.1154
89.25	-3.1154
89.25	-3.1153
89.24	-3.1152
89.24	-3.1156
89.24	-3.1154
89.24	-3.1152
89.23	-3.1153
89.23	-3.1153
89.23	-3.1154
89.22	-3.1153
89.22	-3.1155
89.22	-3.1153
89.21	-3.1155
89.21	-3.1154
89.21	-3.1156
89.21	-3.1157
89.21	-3.1155
89.20	-3.1155
89.20	-3.1156
89.20	-3.1157
89.20	-3.1158
89.20	-3.1154
89.20	-3.1159
89.19	-3.1157
89.19	-3.1158
89.19	-3.1156
89.18	-3.1159
89.18	-3.1156
89.18	-3.1158
89.18	-3.1157
89.18	-3.1160
89.17	-3.1157
89.17	-3.1159
89.17	-3.1157
89.16	-3.1156
89.16	-3.1158
89.16	-3.1158
89.15	-3.1155
89.15	-3.1157
89.15	-3.1158
89.15	-3.1155
89.14	-3.1159
89.14	-3.1157
89.14	-3.1156
89.14	-3.1156
89.14	-3.1159
89.13	-3.1159
89.13	-3.1158
89.13	-3.1159
89.13	-3.1157
89.12	-3.1158
89.12	-3.1159
89.12	-3.1158
89.11	-3.1159
89.11	-3.1160
89.11	-3.1158
89.11	-3.1160
89.10	-3.1159
89.10	-3.1159
89.10	-3.1159
89.09	-3.1159
89.09	-3.1160
89.09	-3.1158
89.09	-3.1160
89.09	-3.1159
89.09	-3.1159
89.09	-3.1161
89.08	-3.1159
89.08	-3.1159
89.08	-3.1160
89.08	-3.1158
89.07	-3.1157
89.07	-3.1158
89.07	-3.1159
89.06	-3.1158
89.06	-3.1157
89.05	-3.1157
89.05	-3.1158
89.05	-3.1155
89.05	-3.1156
89.05	-3.1154
89.05	-3.1156
89.04	-3.1153
89.04	-3.1154
89.04	-3.1152
89.03	-3.1152
89.03	-3.1151
89.03	-3.1151
89.03	-3.1152
89.03	-3.1153
89.03	-3.1151
89.02	-3.1150
89.02	-3.1148
89.02	-3.1151
89.02	-3.1149
89.01	-3.1149
89.01	-3.1152
89.01	-3.1149
89.00	-3.1152
89.00	-3.1147
89.00	-3.1149
89.00	-3.1147
89.00	-3.1149
88.99	-3.1148
88.99	-3.1148
88.99	-3.1148
88.98	-3.1149
88.98	-3.1146
88.98	-3.1149
88.98	-3.1146
88.98	-3.1147
88.97	-3.1147
88.97	-3.1147
88.97	-3.1148
88.97	-3.1148
88.96	-3.1147
88.96	-3.1149
88.95	-3.1145
88.95	-3.1149
88.95	-3.1149
88.95	-3.1150
88.95	-3.1150
88.94	-3.1148
88.94	-3.1152
88.94	-3.1150
88.94	-3.1150
88.94	-3.1149
88.93	-3.1150
88.93	-3.1150
88.93	-3.1149
88.92	-3.1151
88.92	-3.1149
88.92	-3.1148
88.92	-3.1151
88.91	-3.1150
88.91	-3.1150
88.91	-3.1149
88.90	-3.1150
88.90	-3.1148
88.89	-3.1150
88.89	-3.1149
88.89	-3.1150
88.89	-3.1151
88.89	-3.1150
88.89	-3.1150
88.89	-3.1151
88.89	-3.1147
88.89	-3.1149
88.88	-3.1149
88.88	-3.1150
88.88	-3.1151
88.87	-3.1153
88.87	-3.1150
88.87	-3.1151
88.86	-3.1151
88.86	-3.1151
88.86	-3.1150
88.86	-3.1153
88.85	-3.1151
88.85	-3.1152
88.84	-3.1152
88.84	-3.1151
88.84	-3.1153
88.84	-3.1152
88.84	-3.1150
88.84	-3.1152
88.83	-3.1153
88.83	-3.1153
88.83	-3.1153
88.83	-3.1153
88.83	-3.1153
88.83	-3.1154
88.82	-3.1151
88.82	-3.1152
88.82	-3.1150
88.81	-3.1151
88.81	-3.1152
88.80	-3.1153
88.80	-3.1151
88.80	-3.1152
88.80	-3.1153
88.80	-3.1151
88.80	-3.1151
88.79	-3.1152
88.79	-3.1153
88.79	-3.1152
88.78	-3.1153
88.78	-3.1152
88.78	-3.1153
88.78	-3.1151
88.78	-3.1150
88.77	-3.1150
88.77	-3.1151
88.77	-3.1155
88.77	-3.1150
88.76	-3.1150
88.76	-3.1150
88.76	-3.1149
88.75	-3.1151
88.75	-3.1151
88.75	-3.1151
88.75	-3.1151
88.75	-3.1151
88.75	-3.1151
88.75	-3.1150
88.74	-3.1153
88.73	-3.1149
88.73	-3.1148
88.73	-3.1149
88.73	-3.1148
88.73	-3.1150
88.73	-3.1150
88.72	-3.1149
88.72	-3.1148
88.71	-3.1148
88.71	-3.1147
88.71	-3.1147
88.71	-3.1146
88.71	-3.1146
88.71	-3.1147
88.70	-3.1146
88.70	-3.1148
88.70	-3.1147
88.69	-3.1147
88.69	-3.1146
88.68	-3.1144
88.68	-3.1145
88.68	-3.1147
88.68	-3.1145
88.68	-3.1145
88.68	-3.1143
88.67	-3.1143
88.67	-3.1144
88.67	-3.1142
88.67	-3.1145
88.67	-3.1142
88.66	-3.1144
88.66	-3.1142
88.65	-3.1141
88.65	-3.1140
88.65	-3.1139
88.65	-3.1141
88.64	-3.1140
88.64	-3.1138
88.64	-3.1139
88.64	-3.1138
88.63	-3.1138
88.63	-3.1139
88.63	-3.1139
88.63	-3.1138
88.63	-3.1138
88.62	-3.1136
88.62	-3.1138
88.62	-3.1139
88.62	-3.1135
88.62	-3.1134
88.61	-3.1133
88.61	-3.1134
88.61	-3.1134
88.61	-3.1135
88.60	-3.1135
88.60	-3.1132
88.59	-3.1133
88.59	-3.1134
88.59	-3.1134
88.59	-3.1136
88.59	-3.1133
88.59	-3.1133
88.58	-3.1133
88.58	-3.1133
88.58	-3.1135
88.57	-3.1133
88.57	-3.1133
88.57	-3.1133
88.57	-3.1133
88.57	-3.1133
88.56	-3.1131
88.55	-3.1132
88.55	-3.1131
88.55	-3.1130
88.55	-3.1131
88.55	-3.1130
88.54	-3.1131
88.54	-3.1131
88.54	-3.1129
88.54	-3.1129
88.53	-3.1128
88.53	-3.1129
88.53	-3.1128
88.53	-3.1129
88.53	-3.1130
88.52	-3.1129
88.52	-3.1127
88.52	-3.1126
88.51	-3.1127
88.51	-3.1125
88.51	-3.1127
88.51	-3.1126
88.51	-3.1126
88.50	-3.1125
88.50	-3.1124
88.50	-3.1125
88.50	-3.1123
88.50	-3.1123
88.49	-3.1126
88.49	-3.1124
88.49	-3.1123
88.49	-3.1123
88.48	-3.1121
88.48	-3.1124
88.48	-3.1121
88.48	-3.1122
88.47	-3.1121
88.47	-3.1121
88.47	-3.1121
88.47	-3.1122
88.46	-3.1122
88.45	-3.1123
88.45	-3.1120
88.45	-3.1120
88.45	-3.1120
88.45	-3.1122
88.45	-3.1119
88.45	-3.1120
88.44	-3.1118
88.44	-3.1120
88.44	-3.1120
88.44	-3.1120
88.43	-3.1118
88.43	-3.1117
88.43	-3.1118
88.43	-3.1118
88.42	-3.1118
88.42	-3.1117
88.42	-3.1117
88.41	-3.1115
88.41	-3.1116
88.41	-3.1115
88.41	-3.1115
88.41	-3.1113
88.41	-3.1114
88.41	-3.1113
88.40	-3.1114
88.40	-3.1114
88.40	-3.1114
88.39	-3.1114
88.39	-3.1114
88.39	-3.1115
88.39	-3.1114
88.38	-3.1112
88.38	-3.1112
88.38	-3.1112
88.38	-3.1112
88.38	-3.1113
88.38	-3.1113
88.37	-3.1112
88.37	-3.1112
88.37	-3.1111
88.37	-3.1112
88.36	-3.1111
88.36	-3.1112
88.35	-3.1110
88.35	-3.1111
88.34	-3.1110
88.34	-3.1110
88.34	-3.1113
88.34	-3.1111
88.34	-3.1110
88.34	-3.1113
88.34	-3.1110
88.34	-3.1114
88.33	-3.1114
88.33	-3.1114
88.33	-3.1113
88.33	-3.1114
88.32	-3.1114
88.32	-3.1111
88.32	-3.1111
88.32	-3.1111
88.31	-3.1113
88.31	-3.1112
88.30	-3.1112
88.30	-3.1111
88.30	-3.1113
88.30	-3.1112
88.29	-3.1111
88.29	-3.1114
88.28	-3.1113
88.28	-3.1111
88.28	-3.1113
88.28	-3.1112
88.28	-3.1112
88.27	-3.1110
88.27	-3.1110
88.27	-3.1112
88.27	-3.1108
88.26	-3.1110
88.26	-3.1110
88.26	-3.1111
88.26	-3.1111
88.26	-3.1110
88.25	-3.1108
88.25	-3.1111
88.25	-3.1110
88.25	-3.1109
88.25	-3.1109
88.24	-3.1111
88.24	-3.1108
88.24	-3.1110
88.23	-3.1108
88.23	-3.1108
88.23	-3.1109
88.23	-3.1111
88.23	-3.1111
88.22	-3.1110
88.22	-3.1110
88.22	-3.1110
88.22	-3.1112
88.21	-3.1109
88.21	-3.1110
88.21	-3.1111
88.21	-3.1112
88.20	-3.1111
88.20	-3.1110
88.20	-3.1111
88.20	-3.1114
88.19	-3.1111
88.19	-3.1112
88.19	-3.1112
88.18	-3.1110
88.18	-3.1113
88.18	-3.1110
88.18	-3.1112
88.17	-3.1110
88.17	-3.1110
88.17	-3.1111
88.16	-3.1110
88.16	-3.1110
88.16	-3.1111
88.15	-3.1111
88.15	-3.1111
88.15	-3.1111
88.14	-3.1113
88.14	-3.1109
88.14	-3.1110
88.14	-3.1111
88.14	-3.1111
88.13	-3.1110
88.13	-3.1111
88.13	-3.1109
88.13	-3.1110
88.13	-3.1107
88.13	-3.1107
88.13	-3.1108
88.12	-3.1106
88.12	-3.1109
88.12	-3.1108
88.12	-3.1108
88.11	-3.1106
88.11	-3.1106
88.11	-3.1107
88.10	-3.1107
88.10	-3.1107
88.09	-3.1108
88.09	-3.1107
88.09	-3.1106
88.09	-3.1106
88.09	-3.1105
88.09	-3.1106
88.08	-3.1107
88.08	-3.1104
88.08	-3.1105
88.08	-3.1106
88.08	-3.1104
88.07	-3.1103
88.07	-3.1105
88.07	-3.1103
88.07	-3.1103
88.06	-3.1104
88.05	-3.1103
88.05	-3.1103
88.05	-3.1104
88.05	-3.1101
88.05	-3.1104
88.05	-3.1104
88.05	-3.1104
88.04	-3.1102
88.04	-3.1103
88.04	-3.1105
88.03	-3.1103
88.03	-3.1101
88.03	-3.1102
88.03	-3.1102
88.03	-3.1102
88.03	-3.1102
88.02	-3.1102
88.02	-3.1102
88.02	-3.1101
88.01	-3.1101
88.01	-3.1100
88.01	-3.1101
88.00	-3.1104
88.00	-3.1102
88.00	-3.1103
88.00	-3.1100
87.99	-3.1101
87.99	-3.1102
87.98	-3.1102
87.98	-3.1102
87.98	-3.1102
87.98	-3.1102
87.98	-3.1101
87.98	-3.1102
87.97	-3.1103
87.97	-3.1102
87.97	-3.1103
87.96	-3.1100
87.96	-3.1100
87.96	-3.1101
87.96	-3.1100
87.96	-3.1102
87.95	-3.1100
87.95	-3.1101
87.95	-3.1099
87.95	-3.1098
87.94	-3.1101
87.94	-3.1100
87.94	-3.1099
87.94	-3.1100
87.94	-3.1098
87.93	-3.1100
87.93	-3.1097
87.92	-3.1099
87.92	-3.1097
87.92	-3.1097
87.92	-3.1097
87.92	-3.1099
87.92	-3.1098
87.91	-3.1098
87.91	-3.1098
87.91	-3.1100
87.90	-3.1098
87.90	-3.1099
87.90	-3.1101
87.89	-3.1099
87.89	-3.1100
87.89	-3.1100
87.89	-3.1098
87.89	-3.1098
87.88	-3.1100
87.88	-3.1099
87.88	-3.1097
87.87	-3.1098
87.87	-3.1099
87.87	-3.1098
87.87	-3.1099
87.86	-3.1098
87.86	-3.1097
87.86	-3.1100
87.86	-3.1096
87.85	-3.1096
87.85	-3.1097
87.84	-3.1095
87.84	-3.1097
87.84	-3.1097
87.84	-3.1094
87.84	-3.1094
87.84	-3.1096
87.84	-3.1096
87.84	-3.1092
87.83	-3.1094
87.83	-3.1094
87.83	-3.1093
87.83	-3.1094
87.83	-3.1095
87.82	-3.1094
87.82	-3.1094
87.82	-3.1095
87.81	-3.1095
87.81	-3.1091
87.81	-3.1091
87.80	-3.1092
87.80	-3.1092
87.80	-3.1092
87.80	-3.1093
87.80	-3.1092
87.80	-3.1093
87.79	-3.1091
87.79	-3.1097
87.78	-3.1091
87.78	-3.1093
87.78	-3.1092
87.78	-3.1093
87.78	-3.1092
87.77	-3.1095
87.77	-3.1095
87.76	-3.1093
87.76	-3.1091
87.76	-3.1093
87.75	-3.1090
87.75	-3.1093
87.75	-3.1092
87.75	-3.1093
87.75	-3.1092
87.75	-3.1093
87.75	-3.1090
87.75	-3.1093
87.74	-3.1094
87.74	-3.1092
87.74	-3.1090
87.73	-3.1091
87.73	-3.1092
87.73	-3.1091
87.73	-3.1092
87.73	-3.1092
87.72	-3.1091
87.72	-3.1091
87.71	-3.1092
87.71	-3.1092
87.71	-3.1091
87.71	-3.1092
87.71	-3.1090
87.70	-3.1090
87.70	-3.1090
87.70	-3.1091
87.69	-3.1089
87.69	-3.1091
87.69	-3.1089
87.69	-3.1093
87.68	-3.1090
87.68	-3.1089
87.68	-3.1091
87.67	-3.1091
87.67	-3.1091
87.67	-3.1091
87.67	-3.1090
87.67	-3.1090
87.66	-3.1089
87.66	-3.1088
87.66	-3.1089
87.66	-3.1090
87.65	-3.1090
87.65	-3.1091
87.65	-3.1091
87.64	-3.1088
87.64	-3.1091
87.64	-3.1090
87.64	-3.1088
87.64	-3.1089
87.63	-3.1087
87.63	-3.1090
87.63	-3.1087
87.63	-3.1087
87.62	-3.1089
87.62	-3.1088
87.62	-3.1087
87.61	-3.1085
87.61	-3.1088
87.61	-3.1086
87.60	-3.1086
87.60	-3.1087
87.60	-3.1085
87.60	-3.1085
87.60	-3.1086
87.60	-3.1084
87.60	-3.1084
87.59	-3.1084
87.59	-3.1085
87.59	-3.1082
87.59	-3.1083
87.58	-3.1084
87.58	-3.1082
87.58	-3.1083
87.58	-3.1084
87.57	-3.1083
87.57	-3.1082
87.57	-3.1083
87.57	-3.1084
87.56	-3.1082
87.56	-3.1082
87.56	-3.1083
87.56	-3.1084
87.55	-3.1084
87.55	-3.1082
87.55	-3.1084
87.55	-3.1084
87.55	-3.1084
87.55	-3.1084
87.55	-3.1086
87.54	-3.1084
87.54	-3.1084
87.54	-3.1084
87.54	-3.1084
87.53	-3.1083
87.53	-3.1083
87.53	-3.1082
87.53	-3.1082
87.52	-3.1081
87.52	-3.1081
87.51	-3.1082
87.51	-3.1079
87.51	-3.1081
87.50	-3.1078
87.50	-3.1079
87.50	-3.1079
87.50	-3.1079
87.50	-3.1077
87.50	-3.1079
87.49	-3.1077
87.49	-3.1075
87.49	-3.1077
87.48	-3.1076
87.48	-3.1076
87.48	-3.1076
87.48	-3.1075
87.47	-3.1075
87.47	-3.1074
87.47	-3.1074
87.47	-3.1073
87.46	-3.1071
87.45	-3.1072
87.45	-3.1074
87.45	-3.1074
87.45	-3.1072
87.45	-3.1074
87.45	-3.1072
87.44	-3.1073
87.44	-3.1074
87.44	-3.1075
87.44	-3.1073
87.43	-3.1074
87.43	-3.1072
87.43	-3.1073
87.43	-3.1074
87.42	-3.1073
87.42	-3.1074
87.42	-3.1074
87.42	-3.1072
87.42	-3.1075
87.42	-3.1074
87.41	-3.1074
87.41	-3.1072
87.41	-3.1074
87.40	-3.1072
87.40	-3.1071
87.40	-3.1073
87.39	-3.1076
87.39	-3.1074
87.39	-3.1073
87.38	-3.1073
87.38	-3.1071
87.38	-3.1074
87.38	-3.1073
87.38	-3.1072
87.38	-3.1071
87.37	-3.1074
87.37	-3.1073
87.37	-3.1073
87.37	-3.1072
87.37	-3.1071
87.36	-3.1072
87.36	-3.1070
87.36	-3.1070
87.35	-3.1070
87.35	-3.1070
87.35	-3.1069
87.34	-3.1069
87.34	-3.1070
87.34	-3.1070
87.34	-3.1068
87.34	-3.1070
87.33	-3.1068
87.33	-3.1069
87.33	-3.1068
87.33	-3.1069
87.33	-3.1068
87.33	-3.1070
87.33	-3.1069
87.32	-3.1069
87.31	-3.1069
87.31	-3.1067
87.30	-3.1067
87.30	-3.1067
87.30	-3.1067
87.30	-3.1067
87.30	-3.1067
87.30	-3.1065
87.30	-3.1066
87.29	-3.1063
87.29	-3.1065
87.29	-3.1063
87.29	-3.1065
87.28	-3.1065
87.28	-3.1064
87.28	-3.1063
87.28	-3.1065
87.27	-3.1064
87.27	-3.1064
87.27	-3.1062
87.27	-3.1065
87.26	-3.1064
87.26	-3.1063
87.26	-3.1062
87.26	-3.1063
87.25	-3.1064
87.25	-3.1064
87.25	-3.1063
87.25	-3.1061
87.24	-3.1061
87.24	-3.1062
87.23	-3.1061
87.23	-3.1059
87.23	-3.1065
87.23	-3.1063
87.22	-3.1063
87.22	-3.1064
87.22	-3.1061
87.22	-3.1064
87.22	-3.1067
87.22	-3.1066
87.21	-3.1063
87.21	-3.1064
87.21	-3.1062
87.20	-3.1065
87.20	-3.1062
87.20	-3.1061
87.20	-3.1063
87.20	-3.1061
87.19	-3.1062
87.19	-3.1063
87.18	-3.1061
87.18	-3.1062
87.18	-3.1062
87.18	-3.1062
87.17	-3.1062
87.17	-3.1063
87.17	-3.1063
87.17	-3.1062
87.16	-3.1062
87.16	-3.1062
87.16	-3.1061
87.16	-3.1061
87.15	-3.1059
87.15	-3.1062
87.15	-3.1060
87.15	-3.1061
87.14	-3.1062
87.14	-3.1061
87.14	-3.1059
87.14	-3.1060
87.14	-3.1058
87.13	-3.1061
87.13	-3.1059
87.13	-3.1060
87.13	-3.1059
87.13	-3.1057
87.12	-3.1058
87.12	-3.1057
87.11	-3.1058
87.11	-3.1058
87.11	-3.1058
87.11	-3.1057
87.10	-3.1058
87.10	-3.1057
87.10	-3.1060
87.10	-3.1058
87.09	-3.1058
87.09	-3.1057
87.09	-3.1059
87.09	-3.1058
87.09	-3.1056
87.08	-3.1058
87.08	-3.1058
87.08	-3.1056
87.08	-3.1056
87.07	-3.1056
87.07	-3.1055
87.07	-3.1056
87.06	-3.1055
87.06	-3.1057
87.06	-3.1056
87.06	-3.1056
87.06	-3.1057
87.05	-3.1057
87.05	-3.1055
87.05	-3.1056
87.05	-3.1054
87.04	-3.1054
87.04	-3.1056
87.04	-3.1054
87.03	-3.1055
87.03	-3.1055
87.03	-3.1055
87.03	-3.1055
87.03	-3.1055
87.03	-3.1056
87.03	-3.1058
87.02	-3.1055
87.02	-3.1054
87.02	-3.1054
87.01	-3.1054
87.01	-3.1054
87.01	-3.1056
87.01	-3.1056
87.00	-3.1055
87.00	-3.1055
87.00	-3.1054
87.00	-3.1055
87.00	-3.1054
86.99	-3.1054
86.98	-3.1054
86.98	-3.1053
86.98	-3.1052
86.98	-3.1052
86.98	-3.1054
86.97	-3.1052
86.97	-3.1052
86.97	-3.1052
86.97	-3.1054
86.96	-3.1054
86.96	-3.1052
86.96	-3.1051
86.95	-3.1053
86.95	-3.1054
86.95	-3.1054
86.95	-3.1052
86.95	-3.1049
86.95	-3.1050
86.94	-3.1051
86.94	-3.1051
86.93	-3.1048
86.93	-3.1051
86.93	-3.1050
86.93	-3.1048
86.93	-3.1050
86.92	-3.1049
86.92	-3.1049
86.92	-3.1052
86.92	-3.1049
86.91	-3.1049
86.91	-3.1050
86.91	-3.1049
86.90	-3.1047
86.91	-3.1048
86.90	-3.1049
86.90	-3.1047
86.90	-3.1048
86.89	-3.1048
86.89	-3.1047
86.89	-3.1046
86.89	-3.1048
86.89	-3.1046
86.88	-3.1046
86.88	-3.1051
86.88	-3.1049
86.87	-3.1048
86.87	-3.1048
86.87	-3.1047
86.87	-3.1047
86.86	-3.1050
86.86	-3.1047
86.86	-3.1047
86.85	-3.1047
86.85	-3.1045
86.85	-3.1048
86.84	-3.1048
86.84	-3.1047
86.84	-3.1047
86.84	-3.1046
86.84	-3.1044
86.84	-3.1045
86.83	-3.1046
86.83	-3.1045
86.83	-3.1046
86.83	-3.1046
86.82	-3.1046
86.82	-3.1047
86.81	-3.1045
86.81	-3.1047
86.81	-3.1043
86.81	-3.1045
86.81	-3.1044
86.80	-3.1043
86.80	-3.1046
86.80	-3.1045
86.79	-3.1045
86.79	-3.1046
86.79	-3.1044
86.79	-3.1046
86.78	-3.1044
86.78	-3.1045
86.78	-3.1046
86.78	-3.1045
86.78	-3.1046
86.78	-3.1045
86.77	-3.1044
86.77	-3.1045
86.77	-3.1043
86.76	-3.1044
86.76	-3.1041
86.76	-3.1043
86.76	-3.1043
86.76	-3.1043
86.75	-3.1041
86.75	-3.1041
86.75	-3.1042
86.75	-3.1043
86.75	-3.1044
86.74	-3.1042
86.74	-3.1041
86.74	-3.1039
86.73	-3.1041
86.73	-3.1040
86.73	-3.1039
86.73	-3.1040
86.73	-3.1039
86.72	-3.1040
86.72	-3.1041
86.72	-3.1041
86.72	-3.1038
86.72	-3.1038
86.71	-3.1039
86.71	-3.1036
86.70	-3.1037
86.70	-3.1038
86.70	-3.1036
86.70	-3.1038
86.69	-3.1037
86.69	-3.1039
86.69	-3.1038
86.69	-3.1038
86.68	-3.1035
86.68	-3.1039
86.68	-3.1039
86.67	-3.1037
86.67	-3.1040
86.67	-3.1038
86.67	-3.1039
86.67	-3.1040
86.66	-3.1039
86.66	-3.1038
86.66	-3.1039
86.65	-3.1039
86.65	-3.1038
86.65	-3.1038
86.65	-3.1039
86.64	-3.1039
86.64	-3.1039
86.64	-3.1037
86.64	-3.1040
86.63	-3.1038
86.63	-3.1039
86.63	-3.1038
86.63	-3.1041
86.63	-3.1040
86.63	-3.1039
86.63	-3.1040
86.62	-3.1039
86.62	-3.1040
86.61	-3.1038
86.61	-3.1038
86.61	-3.1039
86.61	-3.1036
86.60	-3.1039
86.60	-3.1039
86.60	-3.1036
86.60	-3.1035
86.60	-3.1036
86.59	-3.1035
86.59	-3.1035
86.59	-3.1036
86.58	-3.1034
86.58	-3.1038
86.58	-3.1036
86.58	-3.1035
86.58	-3.1036
86.57	-3.1033
86.57	-3.1035
86.57	-3.1034
86.57	-3.1033
86.57	-3.1035
86.56	-3.1034
86.56	-3.1034
86.56	-3.1035
86.56	-3.1036
86.55	-3.1036
86.55	-3.1038
86.55	-3.1033
86.55	-3.1034
86.55	-3.1035
86.54	-3.1034
86.54	-3.1036
86.53	-3.1037
86.53	-3.1034
86.53	-3.1036
86.53	-3.1033
86.53	-3.1035
86.52	-3.1032
86.52	-3.1035
86.51	-3.1034
86.51	-3.1033
86.51	-3.1034
86.51	-3.1034
86.51	-3.1032
86.50	-3.1032
86.50	-3.1032
86.50	-3.1033
86.50	-3.1033
86.50	-3.1031
86.49	-3.1031
86.49	-3.1030
86.49	-3.1031
86.49	-3.1033
86.49	-3.1031
86.48	-3.1031
86.48	-3.1032
86.48	-3.1029
86.48	-3.1028
86.47	-3.1031
86.47	-3.1029
86.47	-3.1029
86.46	-3.1028
86.46	-3.1031
86.45	-3.1029
86.45	-3.1030
86.45	-3.1027
86.45	-3.1029
86.45	-3.1028
86.44	-3.1026
86.44	-3.1026
86.44	-3.1027
86.44	-3.1026
86.43	-3.1027
86.43	-3.1025
86.43	-3.1026
86.43	-3.1027
86.42	-3.1025
86.42	-3.1026
86.42	-3.1025
86.42	-3.1024
86.42	-3.1024
86.41	-3.1024
86.41	-3.1024
86.41	-3.1023
86.40	-3.1025
86.40	-3.1027
86.39	-3.1024
86.39	-3.1025
86.39	-3.1024
86.39	-3.1025
86.38	-3.1025
86.38	-3.1024
86.38	-3.1022
86.38	-3.1024
86.38	-3.1023
86.38	-3.1024
86.38	-3.1025
86.38	-3.1022
86.38	-3.1025
86.37	-3.1023
86.37	-3.1023
86.37	-3.1022
86.36	-3.1023
86.36	-3.1022
86.36	-3.1024
86.35	-3.1025
86.35	-3.1023
86.35	-3.1021
86.35	-3.1023
86.34	-3.1023
86.34	-3.1022
86.34	-3.1024
86.33	-3.1023
86.33	-3.1022
86.33	-3.1022
86.33	-3.1018
86.33	-3.1020
86.33	-3.1020
86.32	-3.1018
86.32	-3.1020
86.32	-3.1018
86.31	-3.1020
86.31	-3.1019
86.31	-3.1021
86.30	-3.1020
86.30	-3.1020
86.30	-3.1019
86.30	-3.1020
86.30	-3.1019
86.29	-3.1019
86.29	-3.1018
86.29	-3.1018
86.29	-3.1019
86.28	-3.1019
86.28	-3.1019
86.28	-3.1019
86.28	-3.1016
86.28	-3.1017
86.27	-3.1017
86.27	-3.1017
86.27	-3.1017
86.26	-3.1017
86.26	-3.1017
86.25	-3.1018
86.25	-3.1019
86.25	-3.1017
86.25	-3.1017
86.25	-3.1016
86.25	-3.1017
86.25	-3.1018
86.24	-3.1018
86.24	-3.1017
86.24	-3.1016
86.23	-3.1018
86.23	-3.1016
86.23	-3.1017
86.23	-3.1017
86.22	-3.1015
86.22	-3.1015
86.22	-3.1016
86.22	-3.1017
86.21	-3.1016
86.21	-3.1015
86.21	-3.1016
86.20	-3.1015
86.20	-3.1015
86.20	-3.1014
86.20	-3.1017
86.20	-3.1015
86.20	-3.1015
86.19	-3.1013
86.19	-3.1014
86.19	-3.1016
86.18	-3.1014
86.18	-3.1015
86.18	-3.1013
86.17	-3.1014
86.17	-3.1013
86.17	-3.1013
86.17	-3.1013
86.16	-3.1013
86.16	-3.1013
86.16	-3.1011
86.15	-3.1012
86.15	-3.1012
86.15	-3.1010
86.15	-3.1012
86.15	-3.1011
86.14	-3.1012
86.14	-3.1012
86.14	-3.1011
86.14	-3.1012
86.14	-3.1010
86.13	-3.1011
86.13	-3.1009
86.13	-3.1009
86.12	-3.1009
86.12	-3.1009
86.12	-3.1007
86.12	-3.1007
86.11	-3.1007
86.11	-3.1008
86.11	-3.1008
86.11	-3.1008
86.10	-3.1009
86.10	-3.1006
86.10	-3.1008
86.09	-3.1008
86.09	-3.1006
86.09	-3.1005
86.09	-3.1009
86.09	-3.1007
86.08	-3.1007
86.08	-3.1007
86.08	-3.1007
86.08	-3.1004
86.08	-3.1006
86.07	-3.1005
86.07	-3.1005
86.07	-3.1006
86.07	-3.1005
86.06	-3.1004
86.06	-3.1003
86.05	-3.1003
86.05	-3.1006
86.05	-3.1004
86.05	-3.1003
86.04	-3.1003
86.04	-3.1006
86.04	-3.1007
86.04	-3.1004
86.03	-3.1007
86.03	-3.1003
86.03	-3.1005
86.03	-3.1004
86.03	-3.1002
86.03	-3.1005
86.03	-3.1003
86.02	-3.1006
86.02	-3.1006
86.02	-3.1004
86.02	-3.1004
86.02	-3.1003
86.01	-3.1005
86.01	-3.1002
86.00	-3.1004
86.00	-3.1004
86.00	-3.1004
85.99	-3.1006
85.99	-3.1005
85.99	-3.1004
85.99	-3.1004
85.98	-3.1004
85.98	-3.1003
85.98	-3.1004
85.98	-3.1002
85.98	-3.1003
85.97	-3.1002
85.97	-3.1004
85.97	-3.1002
85.96	-3.1003
85.96	-3.1000
85.96	-3.0999
85.96	-3.0999
85.96	-3.0999
85.96	-3.1002
85.95	-3.0998
85.95	-3.0998
85.95	-3.0998
85.95	-3.0998
85.94	-3.0998
85.94	-3.0996
85.93	-3.0998
85.93	-3.0995
85.92	-3.0996
85.92	-3.0994
85.92	-3.0995
85.92	-3.0995
85.92	-3.0995
85.91	-3.0994
85.91	-3.0995
85.91	-3.0994
85.91	-3.0992
85.91	-3.0995
85.91	-3.0995
85.91	-3.0996
85.90	-3.0994
85.89	-3.0993
85.89	-3.0994
85.89	-3.0991
85.89	-3.0995
85.89	-3.0993
85.88	-3.0993
85.88	-3.0991
85.88	-3.0994
85.87	-3.0993
85.87	-3.0992
85.87	-3.0993
85.86	-3.0992
85.86	-3.0992
85.86	-3.0992
85.86	-3.0993
85.86	-3.0992
85.86	-3.0993
85.85	-3.0990
85.85	-3.0993
85.85	-3.0990
85.84	-3.0991
85.84	-3.0993
85.84	-3.0992
85.84	-3.0992
85.83	-3.0991
85.83	-3.0992
85.83	-3.0992
85.83	-3.0992
85.83	-3.0992
85.83	-3.0990
85.82	-3.0991
85.82	-3.0991
85.82	-3.0992
85.82	-3.0991
85.81	-3.0992
85.81	-3.0992
85.81	-3.0992
85.80	-3.0992
85.80	-3.0990
85.80	-3.0992
85.80	-3.0991
85.80	-3.0992
85.80	-3.0994
85.79	-3.0991
85.79	-3.0993
85.78	-3.0990
85.78	-3.0991
85.78	-3.0992
85.78	-3.0990
85.78	-3.0990
85.78	-3.0990
85.78	-3.0990
85.78	-3.0990
85.77	-3.0990
85.77	-3.0988
85.76	-3.0990
85.76	-3.0990
85.76	-3.0987
85.75	-3.0988
85.75	-3.0987
85.75	-3.0986
85.75	-3.0989
85.75	-3.0990
85.74	-3.0986
85.74	-3.0985
85.74	-3.0988
85.74	-3.0985
85.73	-3.0986
85.73	-3.0986
85.73	-3.0986
85.73	-3.0987
85.73	-3.0986
85.73	-3.0985
85.72	-3.0985
85.72	-3.0987
85.71	-3.0987
85.71	-3.0986
85.71	-3.0985
85.70	-3.0985
85.70	-3.0986
85.70	-3.0984
85.70	-3.0985
85.69	-3.0984
85.69	-3.0985
85.69	-3.0983
85.69	-3.0983
85.69	-3.0982
85.69	-3.0981
85.68	-3.0983
85.68	-3.0982
85.67	-3.0982
85.67	-3.0984
85.67	-3.0984
85.67	-3.0982
85.66	-3.0983
85.66	-3.0983
85.66	-3.0981
85.66	-3.0982
85.66	-3.0984
85.65	-3.0985
85.65	-3.0984
85.65	-3.0982
85.65	-3.0985
85.65	-3.0984
85.64	-3.0982
85.64	-3.0981
85.64	-3.0981
85.64	-3.0981
85.63	-3.0982
85.63	-3.0983
85.63	-3.0980
85.63	-3.0982
85.62	-3.0982
85.62	-3.0982
85.62	-3.0981
85.61	-3.0981
85.61	-3.0981
85.61	-3.0983
85.60	-3.0984
85.60	-3.0984
85.60	-3.0984
85.60	-3.0986
85.60	-3.0984
85.59	-3.0987
85.59	-3.0983
85.59	-3.0986
85.59	-3.0981
85.58	-3.0984
85.58	-3.0985
85.58	-3.0983
85.58	-3.0985
85.58	-3.0983
85.58	-3.0983
85.57	-3.0983
85.57	-3.0983
85.57	-3.0982
85.57	-3.0981
85.56	-3.0982
85.56	-3.0983
85.55	-3.0982
85.55	-3.0983
85.55	-3.0982
85.55	-3.0983
85.55	-3.0981
85.55	-3.0983
85.54	-3.0981
85.54	-3.0980
85.54	-3.0980
85.54	-3.0980
85.53	-3.0979
85.53	-3.0981
85.53	-3.0978
85.53	-3.0981
85.52	-3.0980
85.52	-3.0980
85.51	-3.0981
85.51	-3.0978
85.51	-3.0979
85.51	-3.0979
85.50	-3.0981
85.50	-3.0981
85.50	-3.0977
85.50	-3.0978
85.50	-3.0979
85.49	-3.0979
85.49	-3.0978
85.49	-3.0978
85.49	-3.0976
85.49	-3.0975
85.49	-3.0976
85.48	-3.0976
85.48	-3.0977
85.48	-3.0977
85.47	-3.0977
85.47	-3.0977
85.47	-3.0976
85.46	-3.0974
85.46	-3.0976
85.46	-3.0974
85.45	-3.0977
85.45	-3.0977
85.45	-3.0974
85.45	-3.0974
85.45	-3.0975
85.45	-3.0971
85.44	-3.0975
85.44	-3.0973
85.43	-3.0974
85.43	-3.0974
85.42	-3.0973
85.42	-3.0974
85.42	-3.0974
85.42	-3.0973
85.42	-3.0973
85.42	-3.0974
85.42	-3.0974
85.41	-3.0974
85.41	-3.0973
85.41	-3.0973
85.40	-3.0972
85.40	-3.0972
85.39	-3.0971
85.39	-3.0972
85.39	-3.0969
85.39	-3.0970
85.39	-3.0970
85.38	-3.0969
85.38	-3.0972
85.38	-3.0971
85.38	-3.0970
85.38	-3.0969
85.38	-3.0969
85.37	-3.0968
85.37	-3.0970
85.37	-3.0969
85.36	-3.0966
85.36	-3.0969
85.36	-3.0968
85.35	-3.0967
85.35	-3.0968
85.35	-3.0966
85.34	-3.0966
85.34	-3.0966
85.34	-3.0967
85.34	-3.0966
85.34	-3.0966
85.34	-3.0966
85.33	-3.0965
85.33	-3.0966
85.33	-3.0966
85.33	-3.0965
85.33	-3.0965
85.33	-3.0965
85.32	-3.0966
85.32	-3.0966
85.32	-3.0966
85.32	-3.0964
85.32	-3.0964
85.31	-3.0964
85.31	-3.0966
85.30	-3.0963
85.30	-3.0963
85.30	-3.0964
85.30	-3.0964
85.29	-3.0965
85.29	-3.0965
85.29	-3.0962
85.28	-3.0962
85.28	-3.0963
85.28	-3.0962
85.28	-3.0964
85.28	-3.0964
85.27	-3.0963
85.27	-3.0964
85.27	-3.0963
85.27	-3.0964
85.26	-3.0963
85.26	-3.0964
85.26	-3.0962
85.26	-3.0962
85.25	-3.0961
85.25	-3.0962
85.25	-3.0960
85.24	-3.0962
85.24	-3.0961
85.24	-3.0960
85.24	-3.0960
85.23	-3.0960
85.23	-3.0960
85.23	-3.0961
85.23	-3.0961
85.22	-3.0961
85.22	-3.0960
85.21	-3.0959
85.21	-3.0960
85.21	-3.0959
85.21	-3.0958
85.21	-3.0959
85.21	-3.0957
85.21	-3.0959
85.20	-3.0955
85.20	-3.0957
85.20	-3.0955
85.20	-3.0958
85.20	-3.0958
85.19	-3.0959
85.19	-3.0959
85.18	-3.0955
85.18	-3.0956
85.18	-3.0955
85.18	-3.0955
85.18	-3.0955
85.17	-3.0954
85.17	-3.0953
85.17	-3.0952
85.16	-3.0954
85.16	-3.0953
85.16	-3.0953
85.16	-3.0954
85.16	-3.0953
85.16	-3.0954
85.15	-3.0954
85.14	-3.0954
85.14	-3.0952
85.14	-3.0952
85.14	-3.0952
85.14	-3.0953
85.14	-3.0953
85.13	-3.0953
85.13	-3.0953
85.13	-3.0954
85.13	-3.0951
85.12	-3.0954
85.12	-3.0952
85.12	-3.0954
85.11	-3.0953
85.11	-3.0953
85.10	-3.0952
85.10	-3.0952
85.10	-3.0954
85.10	-3.0955
85.10	-3.0950
85.09	-3.0952
85.09	-3.0952
85.09	-3.0952
85.09	-3.0953
85.09	-3.0951
85.09	-3.0950
85.08	-3.0954
85.08	-3.0951
85.08	-3.0951
85.08	-3.0951
85.07	-3.0953
85.07	-3.0951
85.07	-3.0951
85.07	-3.0951
85.06	-3.0951
85.06	-3.0951
85.06	-3.0951
85.06	-3.0949
85.05	-3.0951
85.05	-3.0950
85.05	-3.0949
85.04	-3.0950
85.04	-3.0949
85.04	-3.0950
85.03	-3.0950
85.03	-3.0949
85.03	-3.0949
85.03	-3.0947
85.02	-3.0949
85.03	-3.0947
85.02	-3.0948
85.02	-3.0948
85.02	-3.0945
85.02	-3.0946
85.01	-3.0947
85.01	-3.0946
85.00	-3.0948
85.00	-3.0947
85.00	-3.0947
85.00	-3.0945
85.00	-3.0946
84.99	-3.0947
84.99	-3.0947
84.99	-3.0947
84.98	-3.0947
84.98	-3.0946
84.98	-3.0946
84.98	-3.0947
84.98	-3.0947
84.97	-3.0949
84.97	-3.0947
84.97	-3.0948
84.97	-3.0948
84.97	-3.0948
84.96	-3.0948
84.96	-3.0948
84.96	-3.0948
84.95	-3.0949
84.95	-3.0949
84.95	-3.0947
84.95	-3.0949
84.95	-3.0947
84.94	-3.0948
84.94	-3.0947
84.93	-3.0948
84.93	-3.0946
84.93	-3.0947
84.93	-3.0948
84.92	-3.0950
84.92	-3.0947
84.92	-3.0946
84.92	-3.0946
84.92	-3.0945
84.92	-3.0947
84.92	-3.0948
84.92	-3.0945
84.91	-3.0945
84.91	-3.0945
84.90	-3.0944
84.90	-3.0944
84.90	-3.0945
84.90	-3.0941
84.90	-3.0943
84.89	-3.0946
84.89	-3.0942
84.89	-3.0945
84.88	-3.0943
84.88	-3.0942
84.88	-3.0946
84.88	-3.0945
84.88	-3.0940
84.88	-3.0943
84.87	-3.0943
84.87	-3.0944
84.87	-3.0944
84.86	-3.0943
84.86	-3.0941
84.86	-3.0942
84.86	-3.0943
84.85	-3.0944
84.85	-3.0943
84.85	-3.0942
84.85	-3.0942
84.84	-3.0941
84.84	-3.0942
84.84	-3.0942
84.84	-3.0941
84.83	-3.0943
84.83	-3.0941
84.83	-3.0942
84.83	-3.0940
84.82	-3.0941
84.82	-3.0940
84.82	-3.0940
84.82	-3.0938
84.81	-3.0937
84.81	-3.0937
84.81	-3.0938
84.81	-3.0938
84.80	-3.0938
84.80	-3.0940
84.80	-3.0940
84.80	-3.0941
84.79	-3.0938
84.79	-3.0940
84.79	-3.0938
84.79	-3.0939
84.78	-3.0940
84.78	-3.0938
84.77	-3.0940
84.77	-3.0939
84.77	-3.0939
84.77	-3.0940
84.76	-3.0938
84.76	-3.0938
84.76	-3.0938
84.75	-3.0939
84.75	-3.0938
84.75	-3.0941
84.75	-3.0937
84.75	-3.0939
84.75	-3.0938
84.75	-3.0939
84.75	-3.0939
84.74	-3.0937
84.74	-3.0939
84.74	-3.0940
84.74	-3.0939
84.73	-3.0936
84.73	-3.0940
84.73	-3.0939
84.73	-3.0939
84.72	-3.0939
84.72	-3.0939
84.72	-3.0940
84.72	-3.0942
84.71	-3.0939
84.71	-3.0942
84.70	-3.0939
84.70	-3.0941
84.70	-3.0939
84.70	-3.0939
84.70	-3.0940
84.69	-3.0938
84.69	-3.0938
84.69	-3.0939
84.69	-3.0938
84.69	-3.0939
84.68	-3.0937
84.68	-3.0937
84.68	-3.0936
84.67	-3.0936
84.67	-3.0936
84.67	-3.0936
84.66	-3.0937
84.66	-3.0935
84.66	-3.0936
84.66	-3.0936
84.65	-3.0934
84.65	-3.0933
84.65	-3.0935
84.65	-3.0934
84.64	-3.0935
84.64	-3.0934
84.64	-3.0937
84.64	-3.0935
84.64	-3.0936
84.63	-3.0937
84.63	-3.0935
84.63	-3.0935
84.63	-3.0935
84.62	-3.0933
84.62	-3.0936
84.62	-3.0937
84.61	-3.0937
84.61	-3.0934
84.61	-3.0939
84.61	-3.0933
84.61	-3.0933
84.61	-3.0935
84.60	-3.0934
84.59	-3.0934
84.59	-3.0933
84.59	-3.0932
84.59	-3.0935
84.59	-3.0933
84.58	-3.0934
84.58	-3.0932
84.58	-3.0933
84.58	-3.0934
84.58	-3.0934
84.57	-3.0934
84.57	-3.0933
84.57	-3.0935
84.57	-3.0932
84.57	-3.0932
84.57	-3.0932
84.56	-3.0930
84.56	-3.0931
84.55	-3.0931
84.55	-3.0931
84.55	-3.0930
84.55	-3.0930
84.55	-3.0931
84.54	-3.0931
84.54	-3.0933
84.53	-3.0930
84.53	-3.0931
84.53	-3.0930
84.53	-3.0932
84.52	-3.0931
84.52	-3.0931
84.52	-3.0930
84.52	-3.0929
84.51	-3.0930
84.51	-3.0929
84.51	-3.0929
84.50	-3.0932
84.50	-3.0929
84.50	-3.0928
84.50	-3.0928
84.50	-3.0928
84.50	-3.0929
84.50	-3.0928
84.50	-3.0927
84.50	-3.0927
84.50	-3.0928
84.49	-3.0926
84.49	-3.0927
84.48	-3.0926
84.48	-3.0927
84.48	-3.0926
84.47	-3.0926
84.47	-3.0926
84.46	-3.0926
84.46	-3.0925
84.46	-3.0926
84.46	-3.0925
84.45	-3.0924
84.45	-3.0924
84.45	-3.0925
84.45	-3.0925
84.45	-3.0921
84.45	-3.0922
84.44	-3.0925
84.44	-3.0923
84.44	-3.0924
84.43	-3.0922
84.43	-3.0923
84.43	-3.0924
84.43	-3.0924
84.42	-3.0922
84.42	-3.0924
84.42	-3.0924
84.41	-3.0923
84.41	-3.0923
84.41	-3.0924
84.41	-3.0923
84.41	-3.0922
84.40	-3.0923
84.40	-3.0923
84.40	-3.0923
84.39	-3.0925
84.39	-3.0923
84.39	-3.0925
84.39	-3.0922
84.38	-3.0923
84.38	-3.0923
84.38	-3.0923
84.38	-3.0923
84.38	-3.0924
84.37	-3.0922
84.37	-3.0923
84.37	-3.0921
84.36	-3.0922
84.36	-3.0920
84.36	-3.0921
84.36	-3.0921
84.35	-3.0918
84.35	-3.0920
84.35	-3.0919
84.35	-3.0921
84.35	-3.0919
84.34	-3.0920
84.34	-3.0919
84.34	-3.0917
84.33	-3.0920
84.33	-3.0918
84.33	-3.0920
84.33	-3.0918
84.33	-3.0919
84.32	-3.0919
84.32	-3.0919
84.32	-3.0920
84.31	-3.0918
84.31	-3.0919
84.30	-3.0917
84.30	-3.0918
84.30	-3.0919
84.30	-3.0919
84.30	-3.0918
84.30	-3.0918
84.30	-3.0916
84.30	-3.0917
84.29	-3.0918
84.29	-3.0913
84.29	-3.0917
84.28	-3.0914
84.28	-3.0916
84.28	-3.0913
84.28	-3.0912
84.28	-3.0914
84.27	-3.0914
84.27	-3.0912
84.27	-3.0913
84.26	-3.0911
84.26	-3.0912
84.25	-3.0914
84.25	-3.0911
84.25	-3.0913
84.25	-3.0912
84.25	-3.0913
84.25	-3.0911
84.24	-3.0912
84.24	-3.0912
84.24	-3.0913
84.23	-3.0913
84.23	-3.0912
84.23	-3.0910
84.23	-3.0912
84.23	-3.0911
84.22	-3.0909
84.22	-3.0911
84.22	-3.0912
84.22	-3.0911
84.21	-3.0909
84.21	-3.0912
84.21	-3.0910
84.21	-3.0912
84.20	-3.0912
84.20	-3.0912
84.20	-3.0911
84.19	-3.0912
84.19	-3.0910
84.19	-3.0910
84.19	-3.0911
84.18	-3.0910
84.18	-3.0910
84.17	-3.0912
84.17	-3.0909
84.18	-3.0909
84.17	-3.0909
84.17	-3.0908
84.17	-3.0909
84.17	-3.0910
84.16	-3.0910
84.16	-3.0910
84.16	-3.0909
84.16	-3.0910
84.15	-3.0909
84.15	-3.0908
84.14	-3.0910
84.14	-3.0909
84.14	-3.0909
84.13	-3.0906
84.13	-3.0908
84.13	-3.0909
84.13	-3.0908
84.13	-3.0906
84.13	-3.0910
84.12	-3.0907
84.12	-3.0908
84.12	-3.0909
84.12	-3.0908
84.11	-3.0906
84.11	-3.0908
84.11	-3.0907
84.11	-3.0906
84.10	-3.0908
84.10	-3.0906
84.09	-3.0907
84.09	-3.0909
84.09	-3.0908
84.09	-3.0907
84.09	-3.0908
84.08	-3.0908
84.08	-3.0908
84.08	-3.0907
84.08	-3.0906
84.08	-3.0906
84.08	-3.0907
84.07	-3.0907
84.07	-3.0906
84.07	-3.0905
84.06	-3.0907
84.06	-3.0908
84.06	-3.0906
84.05	-3.0906
84.05	-3.0908
84.05	-3.0906
84.05	-3.0906
84.05	-3.0907
84.05	-3.0906
84.05	-3.0907
84.04	-3.0906
84.04	-3.0906
84.03	-3.0905
84.03	-3.0904
84.03	-3.0903
84.03	-3.0903
84.02	-3.0904
84.02	-3.0905
84.02	-3.0904
84.02	-3.0901
84.01	-3.0903
84.01	-3.0904
84.01	-3.0902
84.00	-3.0903
84.00	-3.0902
84.00	-3.0902
84.00	-3.0905
84.00	-3.0902
84.00	-3.0900
84.00	-3.0901
83.99	-3.0903
83.99	-3.0903
83.99	-3.0902
83.99	-3.0901
83.98	-3.0903
83.98	-3.0902
83.98	-3.0902
83.98	-3.0902
83.98	-3.0897
83.97	-3.0901
83.97	-3.0903
83.97	-3.0899
83.96	-3.0899
83.96	-3.0899
83.96	-3.0899
83.96	-3.0899
83.96	-3.0898
83.95	-3.0899
83.95	-3.0899
83.95	-3.0898
83.95	-3.0896
83.94	-3.0898
83.94	-3.0898
83.93	-3.0897
83.93	-3.0898
83.93	-3.0897
83.93	-3.0897
83.92	-3.0897
83.92	-3.0897
83.92	-3.0896
83.92	-3.0898
83.92	-3.0900
83.92	-3.0898
83.91	-3.0898
83.91	-3.0899
83.91	-3.0896
83.90	-3.0898
83.90	-3.0897
83.90	-3.0900
83.90	-3.0899
83.89	-3.0900
83.89	-3.0898
83.89	-3.0898
83.88	-3.0900
83.88	-3.0898
83.88	-3.0899
83.88	-3.0900
83.88	-3.0899
83.88	-3.0897
83.87	-3.0898
83.87	-3.0898
83.86	-3.0898
83.86	-3.0898
83.86	-3.0898
83.85	-3.0898
83.85	-3.0896
83.86	-3.0896
83.85	-3.0897
83.85	-3.0898
83.85	-3.0896
83.85	-3.0896
83.84	-3.0896
83.84	-3.0897
83.84	-3.0895
83.83	-3.0894
83.83	-3.0896
83.83	-3.0895
83.83	-3.0896
83.83	-3.0894
83.82	-3.0895
83.82	-3.0895
83.82	-3.0893
83.82	-3.0893
83.81	-3.0893
83.81	-3.0893
83.81	-3.0892
83.80	-3.0893
83.80	-3.0891
83.80	-3.0890
83.80	-3.0893
83.80	-3.0892
83.79	-3.0890
83.79	-3.0892
83.79	-3.0889
83.78	-3.0891
83.78	-3.0891
83.78	-3.0891
83.78	-3.0889
83.77	-3.0890
83.77	-3.0888
83.77	-3.0890
83.76	-3.0888
83.76	-3.0891
83.76	-3.0889
83.76	-3.0889
83.75	-3.0888
83.75	-3.0888
83.75	-3.0887
83.75	-3.0889
83.75	-3.0887
83.74	-3.0888
83.74	-3.0887
83.73	-3.0886
83.73	-3.0886
83.73	-3.0886
83.73	-3.0885
83.73	-3.0885
83.73	-3.0885
83.72	-3.0884
83.72	-3.0884
83.71	-3.0884
83.71	-3.0886
83.71	-3.0885
83.71	-3.0882
83.70	-3.0887
83.70	-3.0885
83.70	-3.0885
83.70	-3.0885
83.70	-3.0885
83.70	-3.0884
83.69	-3.0883
83.69	-3.0882
83.68	-3.0883
83.68	-3.0883
83.68	-3.0884
83.67	-3.0885
83.67	-3.0882
83.67	-3.0883
83.67	-3.0880
83.67	-3.0881
83.67	-3.0882
83.66	-3.0883
83.66	-3.0882
83.66	-3.0881
83.66	-3.0881
83.65	-3.0882
83.65	-3.0881
83.65	-3.0880
83.65	-3.0880
83.64	-3.0880
83.64	-3.0880
83.64	-3.0882
83.64	-3.0879
83.63	-3.0883
83.63	-3.0881
83.63	-3.0880
83.63	-3.0880
83.63	-3.0880
83.63	-3.0880
83.62	-3.0880
83.62	-3.0882
83.62	-3.0882
83.61	-3.0881
83.61	-3.0881
83.60	-3.0882
83.60	-3.0880
83.60	-3.0881
83.60	-3.0880
83.60	-3.0881
83.60	-3.0881
83.59	-3.0881
83.59	-3.0881
83.59	-3.0882
83.59	-3.0881
83.59	-3.0880
83.58	-3.0880
83.58	-3.0880
83.58	-3.0881
83.58	-3.0878
83.57	-3.0880
83.57	-3.0878
83.57	-3.0879
83.56	-3.0878
83.56	-3.0877
83.56	-3.0878
83.56	-3.0877
83.55	-3.0878
83.55	-3.0880
83.55	-3.0880
83.55	-3.0876
83.54	-3.0877
83.54	-3.0876
83.54	-3.0875
83.54	-3.0875
83.53	-3.0875
83.53	-3.0877
83.53	-3.0873
83.53	-3.0875
83.52	-3.0874
83.52	-3.0874
83.52	-3.0875
83.51	-3.0876
83.51	-3.0876
83.51	-3.0874
83.51	-3.0875
83.51	-3.0874
83.50	-3.0871
83.50	-3.0872
83.50	-3.0874
83.50	-3.0873
83.50	-3.0872
83.49	-3.0872
83.49	-3.0873
83.49	-3.0873
83.48	-3.0871
83.48	-3.0873
83.48	-3.0871
83.48	-3.0872
83.47	-3.0871
83.47	-3.0871
83.47	-3.0870
83.46	-3.0872
83.46	-3.0870
83.46	-3.0872
83.46	-3.0871
83.46	-3.0872
83.45	-3.0870
83.45	-3.0873
83.45	-3.0868
83.45	-3.0872
83.45	-3.0871
83.44	-3.0870
83.44	-3.0871
83.44	-3.0870
83.43	-3.0871
83.43	-3.0872
83.43	-3.0871
83.42	-3.0872
83.42	-3.0870
83.42	-3.0871
83.42	-3.0871
83.42	-3.0871
83.42	-3.0871
83.41	-3.0869
83.40	-3.0868
83.40	-3.0869
83.40	-3.0867
83.39	-3.0869
83.39	-3.0868
83.39	-3.0867
83.39	-3.0867
83.39	-3.0868
83.39	-3.0866
83.38	-3.0867
83.38	-3.0867
83.38	-3.0867
83.38	-3.0866
83.38	-3.0868
83.38	-3.0866
83.37	-3.0867
83.37	-3.0865
83.36	-3.0865
83.36	-3.0865
83.36	-3.0863
83.36	-3.0864
83.36	-3.0862
83.35	-3.0865
83.35	-3.0862
83.35	-3.0864
83.34	-3.0864
83.34	-3.0862
83.34	-3.0861
83.34	-3.0862
83.33	-3.0863
83.33	-3.0862
83.33	-3.0863
83.33	-3.0861
83.33	-3.0862
83.33	-3.0861
83.32	-3.0864
83.33	-3.0862
83.32	-3.0860
83.32	-3.0861
83.31	-3.0863
83.31	-3.0863
83.30	-3.0863
83.30	-3.0863
83.30	-3.0862
83.30	-3.0861
83.30	-3.0863
83.29	-3.0863
83.29	-3.0862
83.28	-3.0862
83.28	-3.0864
83.28	-3.0863
83.28	-3.0861
83.28	-3.0863
83.28	-3.0861
83.28	-3.0860
83.27	-3.0862
83.27	-3.0861
83.27	-3.0861
83.26	-3.0863
83.26	-3.0862
83.26	-3.0862
83.25	-3.0861
83.25	-3.0860
83.25	-3.0864
83.25	-3.0862
83.25	-3.0863
83.25	-3.0862
83.24	-3.0863
83.24	-3.0861
83.24	-3.0862
83.23	-3.0861
83.23	-3.0861
83.23	-3.0858
83.22	-3.0862
83.22	-3.0860
83.22	-3.0860
83.22	-3.0859
83.21	-3.0860
83.21	-3.0860
83.21	-3.0860
83.21	-3.0860
83.20	-3.0860
83.20	-3.0863
83.20	-3.0859
83.20	-3.0860
83.20	-3.0860
83.20	-3.0858
83.19	-3.0858
83.18	-3.0862
83.18	-3.0859
83.18	-3.0860
83.18	-3.0860
83.18	-3.0860
83.17	-3.0860
83.17	-3.0862
83.17	-3.0861
83.16	-3.0859
83.16	-3.0861
83.16	-3.0861
83.16	-3.0859
83.16	-3.0861
83.15	-3.0859
83.15	-3.0861
83.14	-3.0858
83.14	-3.0860
83.14	-3.0859
83.14	-3.0859
83.14	-3.0858
83.14	-3.0859
83.13	-3.0858
83.13	-3.0856
83.13	-3.0860
83.13	-3.0857
83.13	-3.0858
83.13	-3.0857
83.12	-3.0857
83.12	-3.0857
83.12	-3.0856
83.11	-3.0858
83.11	-3.0857
83.11	-3.0857
83.10	-3.0853
83.10	-3.0856
83.10	-3.0853
83.09	-3.0852
83.09	-3.0853
83.09	-3.0854
83.09	-3.0854
83.09	-3.0853
83.09	-3.0852
83.09	-3.0853
83.08	-3.0852
83.08	-3.0852
83.08	-3.0852
83.08	-3.0852
83.08	-3.0851
83.08	-3.0853
83.08	-3.0850
83.07	-3.0850
83.06	-3.0851
83.06	-3.0853
83.05	-3.0850
83.05	-3.0849
83.05	-3.0852
83.05	-3.0851
83.05	-3.0848
83.05	-3.0850
83.05	-3.0851
83.05	-3.0851
83.04	-3.0851
83.04	-3.0850
83.03	-3.0852
83.03	-3.0849
83.03	-3.0849
83.03	-3.0849
83.03	-3.0851
83.03	-3.0849
83.02	-3.0850
83.02	-3.0850
83.02	-3.0850
83.01	-3.0848
83.01	-3.0850
83.01	-3.0848
83.00	-3.0850
83.00	-3.0851
83.00	-3.0847
83.00	-3.0848
83.00	-3.0847
83.00	-3.0848
82.99	-3.0849
82.99	-3.0846
82.99	-3.0847
82.98	-3.0847
82.98	-3.0848
82.98	-3.0848
82.98	-3.0847
82.97	-3.0846
82.97	-3.0847
82.97	-3.0847
82.96	-3.0847
82.96	-3.0846
82.96	-3.0847
82.96	-3.0850
82.95	-3.0847
82.95	-3.0844
82.95	-3.0846
82.95	-3.0847
82.95	-3.0847
82.94	-3.0847
82.93	-3.0848
82.94	-3.0848
82.93	-3.0847
82.93	-3.0847
82.92	-3.0848
82.92	-3.0847
82.92	-3.0848
82.92	-3.0847
82.92	-3.0849
82.92	-3.0847
82.92	-3.0849
82.91	-3.0850
82.91	-3.0848
82.90	-3.0846
82.90	-3.0847
82.90	-3.0848
82.90	-3.0845
82.89	-3.0848
82.89	-3.0845
82.89	-3.0848
82.89	-3.0846
82.88	-3.0848
82.88	-3.0846
82.88	-3.0846
82.88	-3.0847
82.88	-3.0845
82.88	-3.0845
82.87	-3.0846
82.87	-3.0844
82.87	-3.0846
82.86	-3.0844
82.86	-3.0846
82.86	-3.0844
82.86	-3.0846
82.85	-3.0845
82.85	-3.0844
82.85	-3.0844
82.84	-3.0843
82.84	-3.0843
82.84	-3.0841
82.84	-3.0840
82.83	-3.0842
82.83	-3.0842
82.83	-3.0841
82.83	-3.0843
82.83	-3.0842
82.82	-3.0841
82.82	-3.0838
82.82	-3.0842
82.82	-3.0838
82.81	-3.0840
82.81	-3.0838
82.81	-3.0841
82.81	-3.0840
82.81	-3.0841
82.81	-3.0838
82.80	-3.0838
82.80	-3.0837
82.80	-3.0839
82.80	-3.0837
82.79	-3.0840
82.79	-3.0838
82.79	-3.0837
82.78	-3.0839
82.78	-3.0838
82.78	-3.0838
82.77	-3.0837
82.77	-3.0840
82.77	-3.0840
82.77	-3.0839
82.76	-3.0842
82.76	-3.0840
82.76	-3.0839
82.76	-3.0838
82.75	-3.0839
82.75	-3.0838
82.75	-3.0838
82.75	-3.0838
82.75	-3.0837
82.75	-3.0835
82.74	-3.0839
82.73	-3.0836
82.73	-3.0838
82.73	-3.0838
82.73	-3.0838
82.73	-3.0838
82.72	-3.0836
82.72	-3.0835
82.72	-3.0837
82.71	-3.0835
82.71	-3.0835
82.71	-3.0834
82.71	-3.0836
82.71	-3.0834
82.70	-3.0833
82.70	-3.0833
82.70	-3.0831
82.70	-3.0833
82.70	-3.0832
82.69	-3.0833
82.69	-3.0833
82.69	-3.0833
82.68	-3.0832
82.68	-3.0832
82.68	-3.0831
82.68	-3.0832
82.68	-3.0832
82.67	-3.0833
82.67	-3.0832
82.67	-3.0830
82.67	-3.0831
82.66	-3.0828
82.66	-3.0832
82.65	-3.0831
82.65	-3.0831
82.65	-3.0829
82.65	-3.0830
82.64	-3.0830
82.64	-3.0831
82.64	-3.0831
82.64	-3.0833
82.64	-3.0830
82.63	-3.0832
82.63	-3.0829
82.63	-3.0829
82.63	-3.0830
82.62	-3.0828
82.62	-3.0830
82.62	-3.0830
82.62	-3.0829
82.62	-3.0830
82.61	-3.0830
82.61	-3.0831
82.61	-3.0829
82.60	-3.0829
82.60	-3.0829
82.60	-3.0828
82.59	-3.0831
82.59	-3.0829
82.59	-3.0831
82.59	-3.0830
82.59	-3.0831
82.59	-3.0827
82.58	-3.0828
82.58	-3.0828
82.58	-3.0832
82.58	-3.0829
82.57	-3.0829
82.57	-3.0830
82.57	-3.0830
82.56	-3.0830
82.56	-3.0829
82.56	-3.0829
82.56	-3.0830
82.55	-3.0828
82.55	-3.0829
82.55	-3.0829
82.55	-3.0829
82.54	-3.0827
82.54	-3.0829
82.54	-3.0829
82.54	-3.0828
82.53	-3.0828
82.53	-3.0828
82.53	-3.0830
82.53	-3.0828
82.53	-3.0828
82.53	-3.0827
82.52	-3.0829
82.52	-3.0829
82.52	-3.0827
82.51	-3.0827
82.51	-3.0829
82.51	-3.0827
82.50	-3.0827
82.50	-3.0825
82.50	-3.0827
82.50	-3.0823
82.50	-3.0827
82.50	-3.0825
82.49	-3.0826
82.49	-3.0826
82.48	-3.0825
82.48	-3.0826
82.48	-3.0827
82.48	-3.0825
82.47	-3.0826
82.47	-3.0825
82.47	-3.0824
82.46	-3.0825
82.46	-3.0826
82.46	-3.0824
82.46	-3.0825
82.45	-3.0823
82.45	-3.0824
82.45	-3.0822
82.45	-3.0825
82.44	-3.0824
82.44	-3.0824
82.44	-3.0824
82.44	-3.0823
82.44	-3.0823
82.43	-3.0822
82.43	-3.0822
82.42	-3.0822
82.42	-3.0820
82.42	-3.0821
82.42	-3.0822
82.42	-3.0823
82.42	-3.0821
82.42	-3.0821
82.41	-3.0820
82.41	-3.0820
82.41	-3.0819
82.40	-3.0822
82.40	-3.0820
82.40	-3.0822
82.39	-3.0820
82.39	-3.0820
82.39	-3.0821
82.38	-3.0820
82.38	-3.0821
82.38	-3.0820
82.38	-3.0820
82.38	-3.0820
82.38	-3.0818
82.37	-3.0821
82.37	-3.0821
82.37	-3.0820
82.37	-3.0821
82.37	-3.0820
82.37	-3.0820
82.36	-3.0821
82.36	-3.0819
82.35	-3.0820
82.35	-3.0818
82.35	-3.0819
82.34	-3.0818
82.34	-3.0819
82.34	-3.0819
82.33	-3.0818
82.33	-3.0818
82.33	-3.0821
82.33	-3.0820
82.33	-3.0821
82.33	-3.0819
82.32	-3.0820
82.31	-3.0819
82.31	-3.0821
82.31	-3.0820
82.31	-3.0818
82.31	-3.0818
82.30	-3.0817
82.30	-3.0819
82.30	-3.0818
82.30	-3.0819
82.30	-3.0816
82.30	-3.0817
82.29	-3.0817
82.29	-3.0816
82.29	-3.0816
82.29	-3.0817
82.29	-3.0816
82.28	-3.0817
82.28	-3.0815
82.28	-3.0813
82.28	-3.0817
82.27	-3.0816
82.26	-3.0817
82.25	-3.0814
82.25	-3.0816
82.25	-3.0816
82.25	-3.0814
82.25	-3.0817
82.25	-3.0814
82.25	-3.0816
82.25	-3.0815
82.24	-3.0815
82.24	-3.0816
82.24	-3.0817
82.24	-3.0814
82.24	-3.0815
82.23	-3.0816
82.23	-3.0814
82.23	-3.0813
82.23	-3.0816
82.23	-3.0813
82.23	-3.0814
82.22	-3.0815
82.22	-3.0814
82.22	-3.0816
82.21	-3.0814
82.21	-3.0816
82.21	-3.0814
82.20	-3.0814
82.20	-3.0812
82.20	-3.0815
82.20	-3.0814
82.20	-3.0814
82.20	-3.0810
82.19	-3.0815
82.19	-3.0810
82.19	-3.0810
82.18	-3.0812
82.18	-3.0811
82.18	-3.0811
82.18	-3.0809
82.17	-3.0812
82.17	-3.0809
82.17	-3.0808
82.17	-3.0810
82.17	-3.0812
82.16	-3.0809
82.16	-3.0810
82.16	-3.0809
82.15	-3.0809
82.15	-3.0809
82.15	-3.0808
82.15	-3.0806
82.14	-3.0806
82.14	-3.0807
82.14	-3.0808
82.14	-3.0803
82.13	-3.0805
82.13	-3.0805
82.13	-3.0805
82.13	-3.0806
82.13	-3.0806
82.12	-3.0806
82.12	-3.0805
82.12	-3.0801
82.12	-3.0804
82.11	-3.0807
82.11	-3.0803
82.10	-3.0803
82.10	-3.0804
82.10	-3.0804
82.09	-3.0804
82.09	-3.0803
82.09	-3.0801
82.09	-3.0801
82.09	-3.0802
82.09	-3.0803
82.08	-3.0804
82.08	-3.0802
82.08	-3.0804
82.08	-3.0804
82.07	-3.0805
82.07	-3.0802
82.07	-3.0804
82.06	-3.0803
82.06	-3.0803
82.06	-3.0802
82.06	-3.0803
82.06	-3.0804
82.05	-3.0802
82.05	-3.0804
82.05	-3.0802
82.05	-3.0801
82.05	-3.0805
82.05	-3.0801
82.04	-3.0799
82.04	-3.0801
82.04	-3.0801
82.03	-3.0801
82.03	-3.0800
82.03	-3.0800
82.03	-3.0799
82.03	-3.0802
82.03	-3.0800
82.02	-3.0799
82.02	-3.0801
82.01	-3.0802
82.01	-3.0802
82.00	-3.0803
82.00	-3.0800
82.00	-3.0801
82.00	-3.0800
82.00	-3.0801
82.00	-3.0799
82.00	-3.0801
81.99	-3.0801
81.99	-3.0801
81.98	-3.0801
81.98	-3.0798
81.98	-3.0800
81.98	-3.0801
81.97	-3.0801
81.97	-3.0799
81.97	-3.0800
81.97	-3.0799
81.96	-3.0800
81.96	-3.0799
81.96	-3.0799
81.96	-3.0797
81.95	-3.0797
81.95	-3.0798
81.95	-3.0798
81.95	-3.0798
81.95	-3.0798
81.94	-3.0796
81.94	-3.0796
81.94	-3.0796
81.93	-3.0798
81.93	-3.0796
81.93	-3.0797
81.93	-3.0796
81.93	-3.0796
81.92	-3.0797
81.92	-3.0797
81.92	-3.0797
81.92	-3.0794
81.91	-3.0793
81.91	-3.0795
81.90	-3.0794
81.90	-3.0794
81.90	-3.0793
81.90	-3.0794
81.89	-3.0794
81.89	-3.0793
81.89	-3.0793
81.89	-3.0793
81.88	-3.0792
81.88	-3.0792
81.88	-3.0791
81.88	-3.0792
81.88	-3.0791
81.88	-3.0791
81.88	-3.0793
81.88	-3.0792
81.87	-3.0793
81.87	-3.0790
81.86	-3.0790
81.86	-3.0791
81.86	-3.0789
81.85	-3.0789
81.85	-3.0790
81.85	-3.0787
81.85	-3.0789
81.84	-3.0788
81.84	-3.0788
81.84	-3.0788
81.84	-3.0788
81.83	-3.0789
81.83	-3.0789
81.83	-3.0788
81.83	-3.0788
81.82	-3.0788
81.82	-3.0789
81.82	-3.0789
81.81	-3.0786
81.81	-3.0788
81.81	-3.0786
81.80	-3.0785
81.80	-3.0788
81.80	-3.0786
81.80	-3.0790
81.80	-3.0788
81.80	-3.0787
81.80	-3.0787
81.79	-3.0786
81.79	-3.0786
81.78	-3.0786
81.78	-3.0784
81.78	-3.0787
81.78	-3.0786
81.78	-3.0785
81.78	-3.0786
81.77	-3.0785
81.77	-3.0784
81.76	-3.0784
81.76	-3.0785
81.76	-3.0785
81.76	-3.0784
81.76	-3.0784
81.75	-3.0783
81.75	-3.0785
81.75	-3.0784
81.75	-3.0784
81.74	-3.0785
81.74	-3.0784
81.74	-3.0784
81.73	-3.0784
81.73	-3.0783
81.73	-3.0783
81.73	-3.0781
81.73	-3.0783
81.73	-3.0781
81.73	-3.0783
81.73	-3.0783
81.72	-3.0782
81.72	-3.0781
81.71	-3.0781
81.71	-3.0782
81.71	-3.0782
81.70	-3.0781
81.70	-3.0781
81.69	-3.0781
81.69	-3.0780
81.69	-3.0781
81.69	-3.0781
81.69	-3.0779
81.69	-3.0778
81.69	-3.0780
81.68	-3.0779
81.68	-3.0779
81.67	-3.0778
81.67	-3.0779
81.67	-3.0777
81.67	-3.0779
81.67	-3.0779
81.67	-3.0778
81.66	-3.0778
81.66	-3.0775
81.65	-3.0777
81.65	-3.0775
81.65	-3.0778
81.64	-3.0776
81.64	-3.0775
81.64	-3.0777
81.64	-3.0777
81.64	-3.0776
81.63	-3.0776
81.63	-3.0777
81.63	-3.0774
81.63	-3.0776
81.63	-3.0778
81.62	-3.0778
81.62	-3.0776
81.62	-3.0776
81.62	-3.0776
81.62	-3.0776
81.61	-3.0777
81.61	-3.0776
81.60	-3.0776
81.60	-3.0776
81.60	-3.0776
81.59	-3.0774
81.59	-3.0775
81.59	-3.0773
81.59	-3.0773
81.59	-3.0774
81.58	-3.0773
81.58	-3.0773
81.58	-3.0773
81.58	-3.0774
81.58	-3.0772
81.57	-3.0772
81.57	-3.0770
81.57	-3.0772
81.56	-3.0769
81.56	-3.0771
81.56	-3.0772
81.56	-3.0770
81.55	-3.0771
81.55	-3.0769
81.55	-3.0771
81.55	-3.0769
81.55	-3.0772
81.55	-3.0771
81.54	-3.0770
81.54	-3.0771
81.53	-3.0771
81.53	-3.0770
81.53	-3.0769
81.53	-3.0771
81.53	-3.0771
81.53	-3.0771
81.52	-3.0771
81.52	-3.0771
81.52	-3.0770
81.51	-3.0769
81.51	-3.0771
81.51	-3.0771
81.51	-3.0767
81.51	-3.0769
81.50	-3.0769
81.50	-3.0769
81.50	-3.0768
81.49	-3.0768
81.49	-3.0768
81.49	-3.0767
81.49	-3.0767
81.48	-3.0768
81.48	-3.0768
81.48	-3.0770
81.48	-3.0768
81.47	-3.0768
81.47	-3.0771
81.47	-3.0768
81.46	-3.0770
81.46	-3.0767
81.46	-3.0768
81.46	-3.0769
81.45	-3.0769
81.45	-3.0769
81.45	-3.0768
81.45	-3.0769
81.45	-3.0768
81.44	-3.0767
81.44	-3.0767
81.44	-3.0766
81.43	-3.0769
81.43	-3.0768
81.43	-3.0768
81.42	-3.0768
81.42	-3.0768
81.42	-3.0769
81.42	-3.0767
81.42	-3.0767
81.42	-3.0768
81.42	-3.0768
81.41	-3.0766
81.41	-3.0766
81.41	-3.0768
81.40	-3.0766
81.40	-3.0767
81.39	-3.0765
81.39	-3.0766
81.39	-3.0766
81.39	-3.0767
81.39	-3.0766
81.39	-3.0766
81.38	-3.0767
81.38	-3.0767
81.38	-3.0766
81.38	-3.0769
81.38	-3.0765
81.37	-3.0767
81.37	-3.0768
81.37	-3.0767
81.37	-3.0766
81.36	-3.0767
81.36	-3.0766
81.35	-3.0765
81.35	-3.0766
81.35	-3.0765
81.34	-3.0767
81.34	-3.0765
81.34	-3.0762
81.34	-3.0764
81.34	-3.0762
81.33	-3.0765
81.33	-3.0765
81.33	-3.0765
81.33	-3.0765
81.33	-3.0765
81.33	-3.0764
81.33	-3.0763
81.32	-3.0763
81.32	-3.0764
81.32	-3.0764
81.32	-3.0764
81.31	-3.0761
81.31	-3.0761
81.31	-3.0763
81.30	-3.0763
81.30	-3.0762
81.30	-3.0762
81.30	-3.0759
81.29	-3.0761
81.29	-3.0762
81.29	-3.0760
81.29	-3.0760
81.29	-3.0759
81.28	-3.0760
81.28	-3.0760
81.28	-3.0758
81.28	-3.0759
81.28	-3.0759
81.27	-3.0760
81.27	-3.0757
81.27	-3.0758
81.26	-3.0758
81.26	-3.0758
81.26	-3.0759
81.25	-3.0757
81.25	-3.0758
81.25	-3.0759
81.25	-3.0758
81.25	-3.0758
81.24	-3.0758
81.24	-3.0758
81.24	-3.0757
81.24	-3.0758
81.23	-3.0760
81.23	-3.0760
81.23	-3.0758
81.23	-3.0760
81.22	-3.0757
81.22	-3.0758
81.22	-3.0757
81.22	-3.0757
81.22	-3.0755
81.21	-3.0758
81.21	-3.0754
81.20	-3.0755
81.20	-3.0756
81.20	-3.0756
81.20	-3.0755
81.20	-3.0756
81.20	-3.0753
81.19	-3.0755
81.19	-3.0755
81.18	-3.0754
81.18	-3.0754
81.18	-3.0755
81.18	-3.0754
81.18	-3.0755
81.17	-3.0752
81.17	-3.0753
81.17	-3.0756
81.16	-3.0753
81.16	-3.0753
81.16	-3.0753
81.16	-3.0752
81.16	-3.0753
81.15	-3.0751
81.15	-3.0752
81.14	-3.0753
81.14	-3.0751
81.14	-3.0751
81.14	-3.0751
81.14	-3.0751
81.14	-3.0749
81.13	-3.0751
81.13	-3.0752
81.13	-3.0748
81.13	-3.0752
81.13	-3.0748
81.12	-3.0748
81.12	-3.0749
81.12	-3.0748
81.12	-3.0748
81.11	-3.0748
81.11	-3.0748
81.11	-3.0751
81.11	-3.0748
81.10	-3.0748
81.10	-3.0749
81.09	-3.0749
81.09	-3.0749
81.09	-3.0748
81.09	-3.0747
81.08	-3.0747
81.08	-3.0748
81.08	-3.0746
81.08	-3.0747
81.08	-3.0746
81.08	-3.0746
81.07	-3.0744
81.07	-3.0745
81.07	-3.0743
81.06	-3.0748
81.06	-3.0744
81.06	-3.0744
81.05	-3.0746
81.05	-3.0746
81.05	-3.0744
81.05	-3.0746
81.05	-3.0743
81.04	-3.0746
81.04	-3.0744
81.04	-3.0744
81.04	-3.0744
81.04	-3.0745
81.03	-3.0743
81.03	-3.0744
81.03	-3.0744
81.03	-3.0743
81.02	-3.0743
81.02	-3.0740
81.02	-3.0741
81.01	-3.0742
81.01	-3.0742
81.01	-3.0742
81.01	-3.0741
81.00	-3.0741
81.00	-3.0741
81.00	-3.0741
81.00	-3.0742
80.99	-3.0738
80.99	-3.0740
80.99	-3.0741
80.98	-3.0740
80.98	-3.0739
80.98	-3.0738
80.98	-3.0739
80.98	-3.0739
80.98	-3.0740
80.98	-3.0740
80.97	-3.0739
80.97	-3.0738
80.97	-3.0738
80.97	-3.0737
80.96	-3.0738
80.96	-3.0737
80.95	-3.0737
80.95	-3.0738
80.95	-3.0736
80.95	-3.0736
80.95	-3.0736
80.94	-3.0738
80.94	-3.0737
80.94	-3.0737
80.93	-3.0738
80.93	-3.0738
80.93	-3.0737
80.93	-3.0735
80.92	-3.0736
80.92	-3.0737
80.92	-3.0735
80.92	-3.0736
80.91	-3.0737
80.91	-3.0734
80.91	-3.0737
80.91	-3.0735
80.91	-3.0737
80.90	-3.0735
80.90	-3.0738
80.90	-3.0735
80.89	-3.0734
80.89	-3.0738
80.89	-3.0735
80.88	-3.0738
80.88	-3.0735
80.88	-3.0734
80.88	-3.0736
80.88	-3.0737
80.88	-3.0737
80.87	-3.0737
80.87	-3.0736
80.87	-3.0735
80.86	-3.0735
80.86	-3.0737
80.86	-3.0735
80.85	-3.0735
80.85	-3.0737
80.85	-3.0736
80.85	-3.0736
80.84	-3.0736
80.84	-3.0735
80.84	-3.0734
80.84	-3.0734
80.84	-3.0733
80.83	-3.0737
80.83	-3.0733
80.83	-3.0735
80.83	-3.0734
80.83	-3.0735
80.82	-3.0735
80.82	-3.0736
80.82	-3.0735
80.81	-3.0735
80.81	-3.0733
80.80	-3.0735
80.80	-3.0735
80.80	-3.0736
80.80	-3.0733
80.80	-3.0733
80.80	-3.0734
80.80	-3.0736
80.79	-3.0734
80.78	-3.0734
80.78	-3.0734
80.78	-3.0734
80.78	-3.0733
80.78	-3.0733
80.78	-3.0734
80.78	-3.0732
80.77	-3.0734
80.77	-3.0733
80.77	-3.0733
80.76	-3.0733
80.76	-3.0733
80.75	-3.0733
80.76	-3.0731
80.75	-3.0731
80.75	-3.0731
80.75	-3.0731
80.75	-3.0730
80.74	-3.0730
80.74	-3.0731
80.74	-3.0732
80.74	-3.0730
80.74	-3.0730
80.73	-3.0728
80.73	-3.0730
80.73	-3.0730
80.73	-3.0729
80.73	-3.0728
80.72	-3.0730
80.72	-3.0730
80.72	-3.0731
80.72	-3.0730
80.72	-3.0730
80.71	-3.0727
80.71	-3.0730
80.71	-3.0728
80.71	-3.0729
80.70	-3.0728
80.70	-3.0728
80.69	-3.0727
80.69	-3.0727
80.68	-3.0727
80.68	-3.0728
80.68	-3.0728
80.68	-3.0727
80.67	-3.0727
80.67	-3.0725
80.67	-3.0727
80.67	-3.0728
80.67	-3.0725
80.66	-3.0726
80.66	-3.0725
80.66	-3.0725
80.66	-3.0726
80.65	-3.0724
80.65	-3.0725
80.65	-3.0726
80.64	-3.0724
80.64	-3.0726
80.64	-3.0724
80.64	-3.0724
80.64	-3.0722
80.63	-3.0722
80.63	-3.0724
80.63	-3.0723
80.63	-3.0723
80.62	-3.0723
80.62	-3.0721
80.62	-3.0721
80.62	-3.0720
80.61	-3.0720
80.61	-3.0720
80.60	-3.0720
80.60	-3.0721
80.60	-3.0720
80.60	-3.0720
80.60	-3.0719
80.59	-3.0720
80.59	-3.0717
80.59	-3.0718
80.58	-3.0719
80.58	-3.0719
80.58	-3.0717
80.58	-3.0718
80.58	-3.0716
80.58	-3.0717
80.58	-3.0718
80.58	-3.0719
80.57	-3.0720
80.57	-3.0718
80.57	-3.0719
80.56	-3.0718
80.56	-3.0719
80.56	-3.0718
80.55	-3.0719
80.55	-3.0721
80.55	-3.0719
80.55	-3.0719
80.55	-3.0718
80.54	-3.0719
80.54	-3.0720
80.54	-3.0718
80.54	-3.0718
80.53	-3.0718
80.53	-3.0717
80.53	-3.0718
80.53	-3.0717
80.53	-3.0718
80.52	-3.0716
80.52	-3.0719
80.52	-3.0719
80.51	-3.0719
80.51	-3.0716
80.51	-3.0717
80.50	-3.0717
80.50	-3.0717
80.50	-3.0717
80.50	-3.0717
80.49	-3.0717
80.49	-3.0715
80.48	-3.0716
80.48	-3.0717
80.48	-3.0716
80.48	-3.0717
80.48	-3.0712
80.48	-3.0717
80.47	-3.0714
80.47	-3.0715
80.47	-3.0715
80.47	-3.0717
80.47	-3.0713
80.47	-3.0713
80.47	-3.0714
80.46	-3.0714
80.46	-3.0715
80.45	-3.0714
80.45	-3.0714
80.45	-3.0714
80.44	-3.0714
80.44	-3.0714
80.44	-3.0715
80.43	-3.0713
80.43	-3.0713
80.43	-3.0713
80.43	-3.0715
80.43	-3.0713
80.42	-3.0715
80.42	-3.0711
80.42	-3.0712
80.42	-3.0714
80.42	-3.0713
80.42	-3.0712
80.42	-3.0711
80.41	-3.0712
80.41	-3.0709
80.41	-3.0711
80.41	-3.0709
80.40	-3.0711
80.40	-3.0711
80.39	-3.0712
80.39	-3.0711
80.39	-3.0712
80.39	-3.0711
80.39	-3.0711
80.39	-3.0710
80.38	-3.0709
80.38	-3.0710
80.38	-3.0710
80.38	-3.0709
80.38	-3.0712
80.37	-3.0708
80.37	-3.0708
80.36	-3.0708
80.36	-3.0708
80.36	-3.0709
80.35	-3.0708
80.35	-3.0708
80.35	-3.0710
80.35	-3.0708
80.34	-3.0709
80.34	-3.0707
80.34	-3.0705
80.34	-3.0709
80.34	-3.0708
80.33	-3.0708
80.33	-3.0708
80.33	-3.0707
80.33	-3.0708
80.33	-3.0707
80.32	-3.0706
80.32	-3.0706
80.32	-3.0706
80.32	-3.0706
80.31	-3.0706
80.31	-3.0707
80.31	-3.0706
80.30	-3.0708
80.30	-3.0706
80.30	-3.0705
80.30	-3.0708
80.29	-3.0706
80.29	-3.0707
80.29	-3.0706
80.29	-3.0708
80.28	-3.0706
80.28	-3.0705
80.28	-3.0706
80.28	-3.0707
80.27	-3.0708
80.27	-3.0707
80.27	-3.0706
80.26	-3.0705
80.26	-3.0707
80.26	-3.0708
80.26	-3.0705
80.25	-3.0705
80.25	-3.0708
80.25	-3.0706
80.25	-3.0706
80.25	-3.0706
80.24	-3.0706
80.24	-3.0706
80.24	-3.0705
80.23	-3.0704
80.23	-3.0705
80.23	-3.0703
80.23	-3.0705
80.23	-3.0705
80.22	-3.0705
80.22	-3.0705
80.22	-3.0703
80.22	-3.0706
80.22	-3.0706
80.21	-3.0703
80.20	-3.0703
80.20	-3.0704
80.20	-3.0705
80.20	-3.0706
80.20	-3.0703
80.20	-3.0705
80.20	-3.0705
80.19	-3.0705
80.19	-3.0702
80.18	-3.0702
80.18	-3.0701
80.18	-3.0702
80.18	-3.0701
80.17	-3.0702
80.17	-3.0703
80.17	-3.0704
80.17	-3.0702
80.17	-3.0702
80.16	-3.0699
80.16	-3.0701
80.16	-3.0700
80.15	-3.0700
80.15	-3.0699
80.15	-3.0701
80.14	-3.0701
80.14	-3.0700
80.14	-3.0699
80.14	-3.0699
80.13	-3.0698
80.13	-3.0697
80.13	-3.0697
80.13	-3.0698
80.13	-3.0699
80.12	-3.0697
80.12	-3.0699
80.12	-3.0697
80.12	-3.0697
80.12	-3.0699
80.11	-3.0698
80.11	-3.0698
80.11	-3.0696
80.10	-3.0697
80.10	-3.0697
80.10	-3.0696
80.10	-3.0696
80.09	-3.0697
80.09	-3.0696
80.09	-3.0695
80.09	-3.0697
80.09	-3.0697
80.09	-3.0698
80.08	-3.0695
80.08	-3.0697
80.08	-3.0695
80.07	-3.0697
80.07	-3.0697
80.07	-3.0697
80.06	-3.0697
80.06	-3.0696
80.06	-3.0695
80.05	-3.0695
80.05	-3.0695
80.05	-3.0695
80.05	-3.0693
80.05	-3.0693
80.05	-3.0695
80.05	-3.0694
80.05	-3.0695
80.04	-3.0693
80.04	-3.0693
80.03	-3.0694
80.03	-3.0695
80.03	-3.0694
80.03	-3.0693
80.03	-3.0693
80.02	-3.0693
80.02	-3.0695
80.01	-3.0694
80.01	-3.0695
80.01	-3.0694
80.01	-3.0695
80.00	-3.0694
80.00	-3.0693
80.00	-3.0695
80.00	-3.0691
80.00	-3.0694
80.00	-3.0692
79.99	-3.0692
79.99	-3.0696
79.99	-3.0692
79.99	-3.0694
79.99	-3.0694
79.98	-3.0694
79.98	-3.0692
79.98	-3.0696
79.98	-3.0693
79.97	-3.0693
79.97	-3.0693
79.96	-3.0692
79.96	-3.0691
79.96	-3.0692
79.96	-3.0690
79.95	-3.0690
79.95	-3.0692
79.95	-3.0691
79.95	-3.0690
79.94	-3.0692
79.94	-3.0692
79.94	-3.0691
79.94	-3.0691
79.94	-3.0691
79.93	-3.0692
79.93	-3.0690
79.92	-3.0691
79.92	-3.0692
79.92	-3.0690
79.92	-3.0687
79.92	-3.0689
79.91	-3.0690
79.91	-3.0686
79.90	-3.0689
79.90	-3.0688
79.90	-3.0688
79.90	-3.0688
79.89	-3.0687
79.89	-3.0685
79.89	-3.0688
79.89	-3.0685
79.89	-3.0685
79.88	-3.0682
79.88	-3.0686
79.88	-3.0683
79.88	-3.0683
79.87	-3.0682
79.88	-3.0682
79.87	-3.0683
79.87	-3.0682
79.87	-3.0680
79.86	-3.0680
79.86	-3.0682
79.86	-3.0680
79.85	-3.0677
79.85	-3.0680
79.84	-3.0680
79.84	-3.0678
79.84	-3.0679
79.84	-3.0678
79.84	-3.0678
79.84	-3.0678
79.84	-3.0680
79.83	-3.0679
79.83	-3.0677
79.83	-3.0681
79.82	-3.0680
79.82	-3.0680
79.82	-3.0678
79.82	-3.0678
79.82	-3.0681
79.81	-3.0679
79.81	-3.0679
79.81	-3.0680
79.81	-3.0681
79.80	-3.0680
79.80	-3.0679
79.80	-3.0681
79.80	-3.0679
79.80	-3.0681
79.80	-3.0680
79.79	-3.0678
79.79	-3.0681
79.78	-3.0680
79.78	-3.0680
79.78	-3.0681
79.78	-3.0681
79.77	-3.0680
79.77	-3.0681
79.77	-3.0680
79.77	-3.0679
79.77	-3.0679
79.76	-3.0680
79.76	-3.0680
79.76	-3.0679
79.75	-3.0679
79.75	-3.0679
79.75	-3.0678
79.75	-3.0680
79.75	-3.0681
79.75	-3.0678
79.74	-3.0680
79.74	-3.0679
79.74	-3.0681
79.73	-3.0677
79.73	-3.0681
79.73	-3.0679
79.72	-3.0679
79.72	-3.0680
79.72	-3.0679
79.72	-3.0679
79.72	-3.0680
79.72	-3.0681
79.71	-3.0681
79.71	-3.0679
79.70	-3.0680
79.70	-3.0679
79.70	-3.0679
79.70	-3.0677
79.69	-3.0679
79.69	-3.0678
79.69	-3.0677
79.69	-3.0679
79.69	-3.0678
79.68	-3.0677
79.68	-3.0677
79.67	-3.0677
79.67	-3.0677
79.67	-3.0675
79.67	-3.0675
79.67	-3.0676
79.66	-3.0676
79.66	-3.0675
79.66	-3.0674
79.66	-3.0676
79.65	-3.0675
79.65	-3.0674
79.65	-3.0676
79.64	-3.0675
79.64	-3.0674
79.64	-3.0672
79.64	-3.0674
79.64	-3.0672
79.63	-3.0674
79.63	-3.0674
79.63	-3.0674
79.63	-3.0674
79.63	-3.0673
79.63	-3.0674
79.63	-3.0672
79.62	-3.0674
79.61	-3.0674
79.61	-3.0672
79.60	-3.0670
79.60	-3.0670
79.60	-3.0672
79.59	-3.0672
79.59	-3.0671
79.59	-3.0672
79.59	-3.0671
79.59	-3.0672
79.59	-3.0672
79.58	-3.0669
79.58	-3.0669
79.58	-3.0668
79.58	-3.0671
79.58	-3.0667
79.58	-3.0668
79.58	-3.0668
79.58	-3.0666
79.57	-3.0666
79.57	-3.0668
79.57	-3.0666
79.56	-3.0667
79.56	-3.0667
79.55	-3.0667
79.55	-3.0668
79.55	-3.0667
79.55	-3.0668
79.54	-3.0667
79.54	-3.0666
79.54	-3.0667
79.54	-3.0665
79.53	-3.0667
79.53	-3.0667
79.53	-3.0666
79.53	-3.0667
79.53	-3.0665
79.53	-3.0664
79.52	-3.0666
79.52	-3.0664
79.52	-3.0665
79.52	-3.0665
79.51	-3.0666
79.51	-3.0666
79.51	-3.0665
79.50	-3.0666
79.50	-3.0663
79.50	-3.0662
79.50	-3.0663
79.50	-3.0663
79.50	-3.0662
79.49	-3.0663
79.49	-3.0660
79.49	-3.0661
79.48	-3.0661
79.48	-3.0662
79.48	-3.0661
79.47	-3.0659
79.47	-3.0660
79.47	-3.0660
79.46	-3.0658
79.46	-3.0660
79.46	-3.0659
79.46	-3.0660
79.46	-3.0659
79.45	-3.0661
79.45	-3.0658
79.45	-3.0660
79.45	-3.0660
79.45	-3.0660
79.44	-3.0659
79.44	-3.0659
79.44	-3.0659
79.44	-3.0659
79.44	-3.0661
79.43	-3.0658
79.43	-3.0659
79.42	-3.0658
79.42	-3.0660
79.42	-3.0655
79.42	-3.0658
79.42	-3.0656
79.42	-3.0657
79.41	-3.0656
79.41	-3.0657
79.41	-3.0655
79.41	-3.0654
79.40	-3.0656
79.40	-3.0655
79.40	-3.0653
79.39	-3.0656
79.39	-3.0655
79.39	-3.0655
79.39	-3.0654
79.38	-3.0657
79.38	-3.0656
79.38	-3.0656
79.38	-3.0654
79.38	-3.0654
79.38	-3.0653
79.38	-3.0655
79.37	-3.0653
79.36	-3.0653
79.36	-3.0654
79.36	-3.0653
79.35	-3.0653
79.35	-3.0655
79.35	-3.0654
79.34	-3.0655
79.34	-3.0654
79.34	-3.0654
79.34	-3.0653
79.34	-3.0653
79.34	-3.0653
79.33	-3.0652
79.33	-3.0654
79.33	-3.0653
79.33	-3.0650
79.32	-3.0652
79.32	-3.0650
79.32	-3.0651
79.32	-3.0651
79.31	-3.0650
79.31	-3.0653
79.31	-3.0650
79.31	-3.0651
79.30	-3.0650
79.30	-3.0647
79.30	-3.0649
79.30	-3.0647
79.29	-3.0651
79.29	-3.0649
79.29	-3.0649
79.29	-3.0649
79.29	-3.0649
79.28	-3.0647
79.28	-3.0646
79.28	-3.0648
79.28	-3.0648
79.27	-3.0648
79.27	-3.0648
79.27	-3.0649
79.27	-3.0647
79.26	-3.0647
79.26	-3.0647
79.26	-3.0648
79.25	-3.0646
79.25	-3.0648
79.25	-3.0650
79.25	-3.0647
79.25	-3.0649
79.25	-3.0648
79.24	-3.0648
79.23	-3.0648
79.23	-3.0646
79.23	-3.0648
79.23	-3.0647
79.23	-3.0647
79.22	-3.0646
79.22	-3.0647
79.22	-3.0647
79.22	-3.0646
79.21	-3.0647
79.21	-3.0648
79.21	-3.0650
79.20	-3.0646
79.20	-3.0646
79.20	-3.0644
79.20	-3.0644
79.20	-3.0647
79.20	-3.0646
79.20	-3.0645
79.19	-3.0646
79.18	-3.0646
79.18	-3.0647
79.18	-3.0644
79.17	-3.0646
79.17	-3.0645
79.17	-3.0645
79.17	-3.0644
79.17	-3.0645
79.17	-3.0644
79.16	-3.0644
79.16	-3.0646
79.16	-3.0642
79.16	-3.0644
79.15	-3.0645
79.15	-3.0644
79.15	-3.0644
79.15	-3.0643
79.14	-3.0641
79.14	-3.0643
79.14	-3.0642
79.14	-3.0642
79.14	-3.0643
79.14	-3.0643
79.13	-3.0643
79.13	-3.0642
79.12	-3.0643
79.12	-3.0642
79.12	-3.0643
79.11	-3.0641
79.11	-3.0641
79.11	-3.0642
79.11	-3.0642
79.10	-3.0640
79.10	-3.0640
79.10	-3.0641
79.10	-3.0639
79.09	-3.0643
79.09	-3.0642
79.09	-3.0641
79.09	-3.0642
79.09	-3.0639
79.08	-3.0643
79.09	-3.0641
79.08	-3.0640
79.08	-3.0640
79.07	-3.0641
79.07	-3.0642
79.07	-3.0640
79.06	-3.0638
79.06	-3.0639
79.06	-3.0639
79.06	-3.0638
79.05	-3.0638
79.05	-3.0637
79.05	-3.0636
79.05	-3.0636
79.05	-3.0637
79.05	-3.0636
79.05	-3.0635
79.04	-3.0635
79.04	-3.0635
79.03	-3.0632
79.03	-3.0634
79.03	-3.0631
79.03	-3.0632
79.02	-3.0633
79.02	-3.0630
79.02	-3.0631
79.02	-3.0632
79.01	-3.0631
79.01	-3.0630
79.01	-3.0630
79.00	-3.0631
79.00	-3.0631
79.00	-3.0628
79.00	-3.0630
78.99	-3.0629
78.99	-3.0632
78.99	-3.0629
78.99	-3.0629
78.98	-3.0628
78.98	-3.0630
78.98	-3.0629
78.98	-3.0627
78.98	-3.0629
78.98	-3.0626
78.97	-3.0628
78.97	-3.0626
78.97	-3.0626
78.97	-3.0627
78.96	-3.0626
78.96	-3.0626
78.96	-3.0626
78.95	-3.0626
78.95	-3.0624
78.95	-3.0624
78.95	-3.0626
78.94	-3.0625
78.94	-3.0626
78.93	-3.0625
78.93	-3.0626
78.93	-3.0624
78.92	-3.0626
78.92	-3.0624
78.92	-3.0624
78.92	-3.0624
78.92	-3.0624
78.92	-3.0625
78.92	-3.0626
78.91	-3.0626
78.91	-3.0626
78.90	-3.0625
78.90	-3.0627
78.90	-3.0626
78.90	-3.0625
78.89	-3.0626
78.89	-3.0626
78.89	-3.0626
78.89	-3.0626
78.89	-3.0628
78.88	-3.0625
78.88	-3.0623
78.88	-3.0624
78.88	-3.0624
78.88	-3.0626
78.87	-3.0626
78.87	-3.0625
78.86	-3.0623
78.86	-3.0625
78.86	-3.0625
78.86	-3.0626
78.86	-3.0624
78.86	-3.0623
78.86	-3.0624
78.85	-3.0623
78.85	-3.0622
78.84	-3.0623
78.84	-3.0622
78.83	-3.0623
78.83	-3.0621
78.83	-3.0622
78.83	-3.0623
78.83	-3.0621
78.83	-3.0622
78.83	-3.0621
78.83	-3.0622
78.83	-3.0621
78.82	-3.0622
78.82	-3.0621
78.81	-3.0621
78.81	-3.0621
78.81	-3.0623
78.80	-3.0620
78.80	-3.0620
78.80	-3.0618
78.80	-3.0620
78.80	-3.0620
78.79	-3.0619
78.79	-3.0621
78.78	-3.0619
78.78	-3.0617
78.78	-3.0618
78.78	-3.0620
78.78	-3.0618
78.78	-3.0619
78.78	-3.0618
78.77	-3.0620
78.77	-3.0617
78.76	-3.0618
78.76	-3.0618
78.76	-3.0616
78.76	-3.0616
78.75	-3.0615
78.75	-3.0616
78.75	-3.0616
78.75	-3.0617
78.75	-3.0617
78.74	-3.0616
78.74	-3.0616
78.74	-3.0616
78.74	-3.0616
78.74	-3.0615
78.73	-3.0617
78.73	-3.0616
78.73	-3.0615
78.73	-3.0617
78.72	-3.0616
78.72	-3.0617
78.72	-3.0614
78.71	-3.0617
78.71	-3.0618
78.71	-3.0618
78.70	-3.0616
78.70	-3.0616
78.70	-3.0617
78.69	-3.0617
78.69	-3.0616
78.69	-3.0617
78.69	-3.0618
78.69	-3.0618
78.68	-3.0617
78.67	-3.0615
78.67	-3.0616
78.67	-3.0616
78.67	-3.0616
78.67	-3.0615
78.67	-3.0616
78.67	-3.0618
78.66	-3.0616
78.66	-3.0616
78.66	-3.0617
78.66	-3.0619
78.66	-3.0616
78.65	-3.0617
78.65	-3.0616
78.65	-3.0616
78.64	-3.0616
78.64	-3.0615
78.64	-3.0616
78.64	-3.0615
78.64	-3.0617
78.64	-3.0615
78.63	-3.0615
78.63	-3.0615
78.63	-3.0612
78.63	-3.0614
78.62	-3.0613
78.62	-3.0612
78.62	-3.0612
78.61	-3.0609
78.61	-3.0611
78.61	-3.0611
78.60	-3.0613
78.60	-3.0610
78.60	-3.0610
78.60	-3.0609
78.60	-3.0610
78.59	-3.0610
78.59	-3.0609
78.59	-3.0609
78.58	-3.0606
78.58	-3.0608
78.58	-3.0607
78.58	-3.0608
78.58	-3.0609
78.58	-3.0608
78.57	-3.0609
78.57	-3.0608
78.57	-3.0610
78.57	-3.0608
78.56	-3.0608
78.56	-3.0609
78.56	-3.0609
78.55	-3.0607
78.55	-3.0608
78.55	-3.0607
78.55	-3.0608
78.55	-3.0608
78.54	-3.0607
78.54	-3.0607
78.53	-3.0606
78.53	-3.0607
78.53	-3.0605
78.53	-3.0605
78.53	-3.0606
78.53	-3.0604
78.52	-3.0605
78.52	-3.0604
78.52	-3.0606
78.52	-3.0605
78.51	-3.0607
78.51	-3.0604
78.51	-3.0606
78.51	-3.0603
78.51	-3.0604
78.50	-3.0604
78.50	-3.0605
78.50	-3.0604
78.50	-3.0606
78.49	-3.0604
78.49	-3.0604
78.49	-3.0605
78.49	-3.0604
78.48	-3.0601
78.48	-3.0604
78.48	-3.0605
78.48	-3.0604
78.47	-3.0606
78.47	-3.0605
78.47	-3.0603
78.47	-3.0605
78.47	-3.0605
78.46	-3.0600
78.45	-3.0604
78.45	-3.0606
78.45	-3.0606
78.45	-3.0602
78.45	-3.0605
78.44	-3.0603
78.44	-3.0606
78.44	-3.0606
78.44	-3.0606
78.43	-3.0604
78.43	-3.0604
78.42	-3.0604
78.42	-3.0605
78.42	-3.0604
78.42	-3.0604
78.42	-3.0603
78.42	-3.0605
78.41	-3.0603
78.41	-3.0603
78.41	-3.0602
78.40	-3.0603
78.40	-3.0603
78.40	-3.0603
78.39	-3.0600
78.39	-3.0600
78.39	-3.0600
78.39	-3.0600
78.39	-3.0600
78.39	-3.0597
78.38	-3.0601
78.38	-3.0596
78.38	-3.0597
78.38	-3.0596
78.38	-3.0596
78.38	-3.0595
78.38	-3.0595
78.37	-3.0592
78.37	-3.0594
78.36	-3.0592
78.35	-3.0593
78.35	-3.0593
78.35	-3.0592
78.35	-3.0591
78.35	-3.0590
78.35	-3.0593
78.34	-3.0589
78.34	-3.0593
78.34	-3.0589
78.33	-3.0589
78.33	-3.0590
78.33	-3.0588
78.33	-3.0591
78.32	-3.0589
78.32	-3.0589
78.32	-3.0590
78.33	-3.0590
78.32	-3.0589
78.32	-3.0589
78.31	-3.0587
78.31	-3.0589
78.31	-3.0589
78.30	-3.0586
78.30	-3.0589
78.30	-3.0587
78.30	-3.0586
78.30	-3.0586
78.30	-3.0586
78.29	-3.0587
78.29	-3.0584
78.29	-3.0587
78.28	-3.0585
78.28	-3.0584
78.28	-3.0586
78.27	-3.0585
78.27	-3.0586
78.27	-3.0588
78.26	-3.0587
78.26	-3.0585
78.26	-3.0588
78.26	-3.0587
78.26	-3.0586
78.25	-3.0588
78.25	-3.0587
78.25	-3.0587
78.25	-3.0588
78.25	-3.0586
78.25	-3.0590
78.25	-3.0588
78.24	-3.0589
78.24	-3.0586
78.23	-3.0590
78.23	-3.0588
78.23	-3.0589
78.23	-3.0590
78.23	-3.0589
78.22	-3.0588
78.21	-3.0590
78.21	-3.0591
78.21	-3.0591
78.21	-3.0591
78.20	-3.0589
78.20	-3.0591
78.20	-3.0590
78.20	-3.0592
78.19	-3.0591
78.19	-3.0593
78.19	-3.0591
78.19	-3.0591
78.19	-3.0593
78.19	-3.0593
78.18	-3.0593
78.18	-3.0593
78.18	-3.0593
78.18	-3.0594
78.18	-3.0591
78.17	-3.0595
78.17	-3.0592
78.17	-3.0594
78.16	-3.0595
78.16	-3.0596
78.15	-3.0594
78.15	-3.0595
78.15	-3.0594
78.15	-3.0594
78.15	-3.0594
78.14	-3.0593
78.14	-3.0592
78.14	-3.0593
78.13	-3.0593
78.13	-3.0591
78.13	-3.0590
78.13	-3.0591
78.13	-3.0590
78.13	-3.0588
78.12	-3.0587
78.12	-3.0587
78.12	-3.0590
78.12	-3.0587
78.12	-3.0587
78.11	-3.0586
78.11	-3.0585
78.10	-3.0586
78.10	-3.0585
78.10	-3.0586
78.09	-3.0584
78.09	-3.0583
78.09	-3.0583
78.09	-3.0585
78.09	-3.0581
78.08	-3.0584
78.08	-3.0583
78.08	-3.0580
78.08	-3.0583
78.08	-3.0581
78.08	-3.0583
78.07	-3.0581
78.07	-3.0583
78.06	-3.0579
78.06	-3.0580
78.06	-3.0581
78.06	-3.0581
78.06	-3.0580
78.06	-3.0580
78.05	-3.0582
78.05	-3.0581
78.05	-3.0581
78.04	-3.0580
78.04	-3.0579
78.04	-3.0580
78.03	-3.0583
78.03	-3.0579
78.03	-3.0579
78.03	-3.0579
78.03	-3.0579
78.03	-3.0579
78.02	-3.0580
78.02	-3.0578
78.02	-3.0578
78.01	-3.0579
78.01	-3.0577
78.00	-3.0579
78.00	-3.0577
78.00	-3.0577
78.00	-3.0575
78.00	-3.0575
78.00	-3.0577
78.00	-3.0575
78.00	-3.0574
77.99	-3.0573
77.99	-3.0572
77.99	-3.0573
77.99	-3.0571
77.99	-3.0572
77.98	-3.0572
77.98	-3.0572
77.98	-3.0570
77.97	-3.0573
77.97	-3.0568
77.97	-3.0570
77.96	-3.0570
77.96	-3.0567
77.96	-3.0567
77.95	-3.0566
77.95	-3.0568
77.95	-3.0567
77.95	-3.0566
77.95	-3.0567
77.94	-3.0566
77.94	-3.0566
77.94	-3.0567
77.94	-3.0565
77.93	-3.0563
77.93	-3.0565
77.93	-3.0566
77.93	-3.0564
77.93	-3.0563
77.93	-3.0561
77.92	-3.0561
77.92	-3.0564
77.91	-3.0564
77.91	-3.0561
77.91	-3.0562
77.91	-3.0563
77.90	-3.0560
77.90	-3.0561
77.90	-3.0562
77.89	-3.0561
77.89	-3.0560
77.89	-3.0562
77.89	-3.0560
77.89	-3.0561
77.89	-3.0560
77.88	-3.0561
77.88	-3.0557
77.88	-3.0560
77.88	-3.0559
77.87	-3.0558
77.87	-3.0559
77.87	-3.0558
77.87	-3.0556
77.86	-3.0558
77.86	-3.0557
77.86	-3.0558
77.85	-3.0556
77.85	-3.0556
77.84	-3.0556
77.84	-3.0556
77.84	-3.0556
77.84	-3.0556
77.84	-3.0556
77.84	-3.0557
77.83	-3.0555
77.83	-3.0555
77.83	-3.0556
77.83	-3.0555
77.83	-3.0555
77.82	-3.0555
77.82	-3.0555
77.81	-3.0554
77.81	-3.0554
77.81	-3.0556
77.81	-3.0553
77.80	-3.0554
77.80	-3.0552
77.80	-3.0553
77.80	-3.0552
77.80	-3.0553
77.79	-3.0553
77.79	-3.0553
77.79	-3.0553
77.78	-3.0552
77.78	-3.0554
77.78	-3.0553
77.78	-3.0551
77.78	-3.0553
77.77	-3.0554
77.77	-3.0553
77.77	-3.0551
77.77	-3.0553
77.77	-3.0549
77.77	-3.0551
77.76	-3.0553
77.76	-3.0551
77.76	-3.0549
77.75	-3.0550
77.75	-3.0551
77.75	-3.0549
77.75	-3.0549
77.74	-3.0550
77.74	-3.0548
77.74	-3.0549
77.74	-3.0548
77.73	-3.0549
77.73	-3.0548
77.73	-3.0549
77.73	-3.0547
77.72	-3.0548
77.72	-3.0546
77.72	-3.0547
77.72	-3.0548
77.71	-3.0547
77.71	-3.0549
77.71	-3.0545
77.70	-3.0548
77.70	-3.0546
77.70	-3.0548
77.70	-3.0549
77.70	-3.0548
77.70	-3.0546
77.69	-3.0546
77.69	-3.0545
77.69	-3.0545
77.69	-3.0547
77.68	-3.0545
77.68	-3.0546
77.67	-3.0544
77.67	-3.0543
77.67	-3.0543
77.67	-3.0544
77.67	-3.0545
77.67	-3.0543
77.66	-3.0543
77.66	-3.0543
77.66	-3.0542
77.65	-3.0542
77.65	-3.0543
77.65	-3.0544
77.65	-3.0543
77.64	-3.0542
77.64	-3.0542
77.64	-3.0543
77.64	-3.0543
77.64	-3.0541
77.64	-3.0542
77.63	-3.0544
77.63	-3.0545
77.63	-3.0544
77.63	-3.0543
77.62	-3.0542
77.62	-3.0543
77.61	-3.0542
77.61	-3.0539
77.61	-3.0541
77.61	-3.0540
77.60	-3.0542
77.60	-3.0542
77.60	-3.0543
77.59	-3.0542
77.59	-3.0540
77.59	-3.0540
77.59	-3.0541
77.59	-3.0541
77.59	-3.0540
77.58	-3.0541
77.58	-3.0540
77.58	-3.0541
77.58	-3.0540
77.58	-3.0540
77.57	-3.0541
77.57	-3.0539
77.57	-3.0539
77.56	-3.0536
77.56	-3.0539
77.55	-3.0541
77.55	-3.0541
77.55	-3.0537
77.55	-3.0538
77.55	-3.0539
77.55	-3.0538
77.55	-3.0540
77.54	-3.0538
77.54	-3.0537
77.53	-3.0540
77.53	-3.0537
77.53	-3.0538
77.53	-3.0538
77.53	-3.0536
77.53	-3.0539
77.52	-3.0537
77.52	-3.0539
77.52	-3.0536
77.51	-3.0537
77.51	-3.0537
77.50	-3.0538
77.50	-3.0538
77.50	-3.0537
77.50	-3.0535
77.50	-3.0539
77.50	-3.0538
77.50	-3.0537
77.49	-3.0537
77.49	-3.0535
77.49	-3.0536
77.48	-3.0536
77.48	-3.0536
77.48	-3.0536
77.48	-3.0536
77.48	-3.0536
77.48	-3.0537
77.48	-3.0537
77.48	-3.0537
77.47	-3.0537
77.47	-3.0536
77.47	-3.0536
77.46	-3.0536
77.45	-3.0536
77.45	-3.0537
77.45	-3.0536
77.45	-3.0536
77.45	-3.0535
77.44	-3.0536
77.44	-3.0536
77.44	-3.0537
77.43	-3.0536
77.43	-3.0537
77.43	-3.0536
77.43	-3.0534
77.42	-3.0535
77.42	-3.0537
77.42	-3.0535
77.42	-3.0537
77.41	-3.0534
77.41	-3.0535
77.40	-3.0533
77.40	-3.0535
77.40	-3.0535
77.39	-3.0534
77.39	-3.0534
77.39	-3.0533
77.39	-3.0535
77.39	-3.0533
77.39	-3.0533
77.39	-3.0532
77.38	-3.0535
77.38	-3.0533
77.38	-3.0531
77.38	-3.0534
77.38	-3.0533
77.38	-3.0533
77.37	-3.0532
77.37	-3.0534
77.36	-3.0535
77.36	-3.0533
77.36	-3.0533
77.36	-3.0535
77.35	-3.0531
77.35	-3.0536
77.35	-3.0534
77.34	-3.0534
77.34	-3.0536
77.34	-3.0534
77.34	-3.0536
77.34	-3.0535
77.34	-3.0535
77.34	-3.0530
77.33	-3.0536
77.33	-3.0534
77.33	-3.0536
77.33	-3.0531
77.32	-3.0534
77.32	-3.0532
77.31	-3.0531
77.31	-3.0532
77.31	-3.0531
77.30	-3.0530
77.30	-3.0531
77.30	-3.0531
77.30	-3.0533
77.30	-3.0534
77.29	-3.0533
77.29	-3.0533
77.29	-3.0532
77.29	-3.0532
77.28	-3.0534
77.28	-3.0532
77.28	-3.0533
77.28	-3.0533
77.28	-3.0533
77.28	-3.0534
77.27	-3.0530
77.27	-3.0532
77.27	-3.0530
77.27	-3.0530
77.26	-3.0532
77.26	-3.0530
77.25	-3.0529
77.25	-3.0530
77.25	-3.0530
77.24	-3.0529
77.24	-3.0528
77.24	-3.0529
77.23	-3.0529
77.23	-3.0528
77.23	-3.0527
77.23	-3.0528
77.23	-3.0528
77.23	-3.0528
77.23	-3.0527
77.23	-3.0527
77.22	-3.0529
77.22	-3.0526
77.22	-3.0526
77.22	-3.0528
77.21	-3.0526
77.21	-3.0525
77.21	-3.0527
77.20	-3.0526
77.20	-3.0528
77.20	-3.0525
77.19	-3.0526
77.19	-3.0525
77.18	-3.0526
77.19	-3.0524
77.18	-3.0524
77.18	-3.0526
77.18	-3.0523
77.17	-3.0525
77.17	-3.0526
77.17	-3.0525
77.17	-3.0526
77.17	-3.0524
77.17	-3.0524
77.16	-3.0523
77.16	-3.0524
77.15	-3.0524
77.15	-3.0525
77.15	-3.0524
77.14	-3.0523
77.14	-3.0524
77.14	-3.0524
77.14	-3.0523
77.14	-3.0522
77.14	-3.0524
77.13	-3.0523
77.13	-3.0523
77.13	-3.0522
77.13	-3.0523
77.13	-3.0523
77.12	-3.0521
77.12	-3.0522
77.12	-3.0523
77.11	-3.0523
77.11	-3.0522
77.11	-3.0521
77.10	-3.0522
77.10	-3.0520
77.10	-3.0521
77.10	-3.0521
77.09	-3.0521
77.09	-3.0521
77.09	-3.0522
77.09	-3.0521
77.08	-3.0519
77.08	-3.0521
77.08	-3.0521
77.08	-3.0519
77.08	-3.0521
77.07	-3.0521
77.07	-3.0520
77.07	-3.0519
77.07	-3.0521
77.06	-3.0520
77.06	-3.0522
77.06	-3.0520
77.06	-3.0522
77.05	-3.0522
77.05	-3.0519
77.05	-3.0520
77.05	-3.0521
77.04	-3.0520
77.04	-3.0521
77.04	-3.0522
77.03	-3.0520
77.03	-3.0520
77.03	-3.0520
77.03	-3.0521
77.03	-3.0519
77.02	-3.0517
77.02	-3.0519
77.01	-3.0519
77.01	-3.0519
77.01	-3.0519
77.01	-3.0520
77.01	-3.0518
77.00	-3.0520
77.00	-3.0519
77.00	-3.0518
77.00	-3.0520
77.00	-3.0519
77.00	-3.0521
76.99	-3.0520
76.99	-3.0521
76.99	-3.0519
76.98	-3.0522
76.98	-3.0521
76.98	-3.0520
76.97	-3.0521
76.97	-3.0520
76.97	-3.0520
76.97	-3.0520
76.97	-3.0520
76.97	-3.0521
76.96	-3.0519
76.96	-3.0520
76.96	-3.0522
76.96	-3.0518
76.96	-3.0520
76.95	-3.0519
76.95	-3.0518
76.94	-3.0519
76.94	-3.0518
76.94	-3.0517
76.94	-3.0518
76.94	-3.0515
76.93	-3.0518
76.92	-3.0518
76.92	-3.0515
76.92	-3.0517
76.92	-3.0517
76.92	-3.0515
76.91	-3.0516
76.91	-3.0516
76.91	-3.0516
76.91	-3.0514
76.91	-3.0514
76.90	-3.0514
76.90	-3.0515
76.90	-3.0514
76.89	-3.0515
76.89	-3.0513
76.89	-3.0514
76.89	-3.0515
76.89	-3.0514
76.89	-3.0515
76.88	-3.0514
76.88	-3.0511
76.88	-3.0514
76.88	-3.0512
76.87	-3.0512
76.87	-3.0513
76.87	-3.0512
76.87	-3.0509
76.87	-3.0511
76.86	-3.0509
76.86	-3.0512
76.86	-3.0510
76.86	-3.0511
76.85	-3.0511
76.85	-3.0511
76.85	-3.0510
76.84	-3.0510
76.84	-3.0508
76.84	-3.0509
76.84	-3.0507
76.83	-3.0509
76.83	-3.0507
76.83	-3.0508
76.83	-3.0508
76.82	-3.0506
76.82	-3.0509
76.82	-3.0507
76.81	-3.0507
76.81	-3.0506
76.81	-3.0507
76.80	-3.0505
76.80	-3.0505
76.80	-3.0508
76.80	-3.0506
76.80	-3.0503
76.80	-3.0506
76.80	-3.0505
76.80	-3.0505
76.79	-3.0507
76.79	-3.0507
76.79	-3.0505
76.78	-3.0506
76.78	-3.0505
76.78	-3.0507
76.78	-3.0506
76.77	-3.0508
76.77	-3.0506
76.76	-3.0506
76.76	-3.0507
76.75	-3.0505
76.76	-3.0505
76.76	-3.0505
76.76	-3.0506
76.75	-3.0504
76.75	-3.0506
76.75	-3.0506
76.74	-3.0504
76.74	-3.0505
76.74	-3.0504
76.74	-3.0504
76.73	-3.0503
76.73	-3.0505
76.73	-3.0504
76.73	-3.0501
76.73	-3.0502
76.72	-3.0499
76.73	-3.0503
76.72	-3.0502
76.72	-3.0503
76.71	-3.0501
76.71	-3.0501
76.71	-3.0504
76.70	-3.0502
76.70	-3.0503
76.70	-3.0500
76.70	-3.0503
76.69	-3.0500
76.69	-3.0500
76.69	-3.0502
76.69	-3.0499
76.68	-3.0500
76.68	-3.0499
76.68	-3.0501
76.67	-3.0499
76.68	-3.0500
76.67	-3.0498
76.67	-3.0501
76.67	-3.0500
76.67	-3.0499
76.67	-3.0499
76.66	-3.0501
76.65	-3.0498
76.65	-3.0498
76.64	-3.0500
76.64	-3.0499
76.64	-3.0498
76.64	-3.0499
76.64	-3.0496
76.64	-3.0500
76.63	-3.0499
76.63	-3.0495
76.63	-3.0497
76.63	-3.0495
76.63	-3.0496
76.63	-3.0496
76.62	-3.0495
76.62	-3.0497
76.62	-3.0495
76.62	-3.0495
76.62	-3.0495
76.61	-3.0497
76.61	-3.0495
76.60	-3.0494
76.60	-3.0493
76.60	-3.0495
76.60	-3.0495
76.59	-3.0493
76.59	-3.0493
76.58	-3.0492
76.58	-3.0492
76.58	-3.0493
76.58	-3.0493
76.58	-3.0493
76.58	-3.0492
76.58	-3.0491
76.57	-3.0492
76.57	-3.0491
76.57	-3.0491
76.57	-3.0491
76.57	-3.0492
76.56	-3.0491
76.56	-3.0491
76.56	-3.0492
76.56	-3.0492
76.55	-3.0491
76.55	-3.0491
76.55	-3.0492
76.54	-3.0492
76.54	-3.0491
76.54	-3.0491
76.53	-3.0493
76.53	-3.0492
76.53	-3.0494
76.53	-3.0493
76.52	-3.0490
76.52	-3.0493
76.52	-3.0491
76.52	-3.0491
76.52	-3.0491
76.52	-3.0491
76.51	-3.0493
76.51	-3.0493
76.50	-3.0490
76.50	-3.0492
76.50	-3.0492
76.50	-3.0492
76.49	-3.0493
76.49	-3.0493
76.49	-3.0491
76.48	-3.0492
76.48	-3.0492
76.48	-3.0492
76.48	-3.0492
76.48	-3.0490
76.48	-3.0491
76.48	-3.0491
76.47	-3.0494
76.47	-3.0491
76.47	-3.0491
76.46	-3.0492
76.46	-3.0492
76.45	-3.0491
76.45	-3.0489
76.45	-3.0488
76.45	-3.0491
76.45	-3.0490
76.45	-3.0490
76.44	-3.0489
76.44	-3.0487
76.44	-3.0490
76.43	-3.0488
76.43	-3.0487
76.43	-3.0487
76.43	-3.0485
76.43	-3.0490
76.42	-3.0488
76.42	-3.0487
76.42	-3.0487
76.41	-3.0487
76.41	-3.0488
76.41	-3.0488
76.41	-3.0486
76.41	-3.0485
76.40	-3.0487
76.40	-3.0486
76.40	-3.0486
76.39	-3.0486
76.39	-3.0483
76.39	-3.0484
76.39	-3.0484
76.39	-3.0483
76.38	-3.0485
76.38	-3.0483
76.38	-3.0482
76.38	-3.0481
76.37	-3.0481
76.37	-3.0483
76.37	-3.0482
76.37	-3.0481
76.36	-3.0481
76.36	-3.0481
76.36	-3.0481
76.36	-3.0481
76.36	-3.0482
76.35	-3.0481
76.35	-3.0479
76.34	-3.0481
76.34	-3.0479
76.34	-3.0481
76.34	-3.0479
76.33	-3.0479
76.33	-3.0478
76.33	-3.0479
76.32	-3.0478
76.32	-3.0480
76.32	-3.0479
76.32	-3.0479
76.32	-3.0479
76.32	-3.0480
76.32	-3.0477
76.31	-3.0479
76.31	-3.0477
76.30	-3.0478
76.30	-3.0479
76.30	-3.0479
76.29	-3.0478
76.29	-3.0478
76.29	-3.0477
76.29	-3.0479
76.28	-3.0478
76.28	-3.0480
76.28	-3.0478
76.28	-3.0477
76.28	-3.0477
76.27	-3.0478
76.27	-3.0477
76.27	-3.0477
76.27	-3.0479
76.26	-3.0477
76.26	-3.0478
76.25	-3.0479
76.25	-3.0478
76.25	-3.0477
76.25	-3.0478
76.25	-3.0478
76.25	-3.0479
76.25	-3.0478
76.24	-3.0479
76.24	-3.0478
76.23	-3.0477
76.23	-3.0475
76.23	-3.0477
76.23	-3.0477
76.23	-3.0476
76.23	-3.0477
76.23	-3.0477
76.22	-3.0477
76.22	-3.0476
76.21	-3.0477
76.21	-3.0475
76.21	-3.0475
76.21	-3.0473
76.20	-3.0476
76.20	-3.0475
76.20	-3.0471
76.20	-3.0473
76.19	-3.0473
76.19	-3.0473
76.19	-3.0474
76.19	-3.0472
76.18	-3.0473
76.18	-3.0472
76.18	-3.0472
76.18	-3.0473
76.17	-3.0472
76.17	-3.0471
76.17	-3.0473
76.17	-3.0471
76.16	-3.0473
76.16	-3.0475
76.16	-3.0470
76.15	-3.0472
76.16	-3.0474
76.15	-3.0472
76.15	-3.0473
76.15	-3.0468
76.15	-3.0470
76.14	-3.0469
76.14	-3.0469
76.14	-3.0470
76.13	-3.0471
76.13	-3.0471
76.13	-3.0469
76.13	-3.0468
76.13	-3.0470
76.12	-3.0469
76.12	-3.0470
76.12	-3.0471
76.12	-3.0469
76.11	-3.0470
76.11	-3.0468
76.10	-3.0468
76.10	-3.0468
76.09	-3.0468
76.09	-3.0467
76.09	-3.0468
76.09	-3.0469
76.09	-3.0468
76.09	-3.0466
76.09	-3.0469
76.09	-3.0467
76.08	-3.0467
76.08	-3.0468
76.08	-3.0468
76.08	-3.0466
76.08	-3.0468
76.07	-3.0467
76.07	-3.0466
76.07	-3.0464
76.07	-3.0466
76.06	-3.0466
76.06	-3.0467
76.05	-3.0465
76.05	-3.0464
76.05	-3.0464
76.05	-3.0462
76.04	-3.0465
76.04	-3.0462
76.04	-3.0463
76.03	-3.0464
76.03	-3.0461
76.03	-3.0461
76.03	-3.0460
76.03	-3.0459
76.03	-3.0462
76.03	-3.0460
76.03	-3.0461
76.02	-3.0460
76.02	-3.0460
76.02	-3.0460
76.01	-3.0458
76.01	-3.0456
76.00	-3.0457
76.00	-3.0457
76.00	-3.0458
76.00	-3.0458
76.00	-3.0458
75.99	-3.0457
75.99	-3.0456
75.99	-3.0459
75.99	-3.0456
75.98	-3.0456
75.98	-3.0456
75.98	-3.0457
75.98	-3.0458
75.98	-3.0455
75.98	-3.0458
75.97	-3.0457
75.97	-3.0457
75.97	-3.0456
75.96	-3.0457
75.96	-3.0456
75.96	-3.0456
75.96	-3.0456
75.95	-3.0456
75.95	-3.0456
75.95	-3.0457
75.95	-3.0458
75.95	-3.0456
75.94	-3.0455
75.94	-3.0455
75.93	-3.0455
75.93	-3.0455
75.93	-3.0456
75.92	-3.0455
75.92	-3.0455
75.92	-3.0455
75.92	-3.0456
75.92	-3.0460
75.92	-3.0458
75.91	-3.0459
75.91	-3.0455
75.91	-3.0456
75.91	-3.0458
75.90	-3.0456
75.90	-3.0456
75.90	-3.0456
75.90	-3.0456
75.89	-3.0456
75.89	-3.0453
75.89	-3.0453
75.89	-3.0454
75.88	-3.0455
75.88	-3.0452
75.88	-3.0452
75.88	-3.0454
75.88	-3.0455
75.87	-3.0452
75.87	-3.0454
75.86	-3.0453
75.86	-3.0451
75.86	-3.0453
75.85	-3.0453
75.85	-3.0454
75.85	-3.0453
75.85	-3.0454
75.85	-3.0452
75.84	-3.0452
75.85	-3.0451
75.84	-3.0452
75.84	-3.0450
75.84	-3.0452
75.84	-3.0451
75.83	-3.0451
75.83	-3.0450
75.83	-3.0449
75.82	-3.0451
75.82	-3.0451
75.82	-3.0449
75.82	-3.0450
75.81	-3.0450
75.80	-3.0450
75.80	-3.0451
75.80	-3.0451
75.80	-3.0450
75.80	-3.0449
75.80	-3.0450
75.80	-3.0450
75.80	-3.0450
75.79	-3.0448
75.79	-3.0449
75.79	-3.0450
75.78	-3.0448
75.78	-3.0447
75.78	-3.0450
75.78	-3.0450
75.78	-3.0448
75.77	-3.0449
75.77	-3.0448
75.76	-3.0448
75.76	-3.0449
75.76	-3.0449
75.75	-3.0447
75.75	-3.0450
75.75	-3.0449
75.75	-3.0451
75.75	-3.0448
75.75	-3.0448
75.75	-3.0449
75.74	-3.0446
75.74	-3.0449
75.74	-3.0448
75.73	-3.0448
75.73	-3.0447
75.73	-3.0448
75.73	-3.0446
75.73	-3.0448
75.72	-3.0448
75.72	-3.0445
75.72	-3.0446
75.72	-3.0446
75.71	-3.0447
75.71	-3.0446
75.71	-3.0445
75.70	-3.0443
75.70	-3.0444
75.70	-3.0443
75.70	-3.0445
75.70	-3.0445
75.69	-3.0444
75.69	-3.0445
75.68	-3.0446
75.68	-3.0444
75.68	-3.0443
75.67	-3.0445
75.67	-3.0444
75.67	-3.0444
75.67	-3.0444
75.67	-3.0444
75.67	-3.0442
75.66	-3.0445
75.66	-3.0443
75.66	-3.0442
75.66	-3.0444
75.65	-3.0442
75.65	-3.0443
75.65	-3.0444
75.65	-3.0442
75.64	-3.0442
75.64	-3.0443
75.64	-3.0443
75.64	-3.0445
75.63	-3.0443
75.62	-3.0442
75.62	-3.0444
75.63	-3.0442
75.63	-3.0442
75.62	-3.0441
75.62	-3.0444
75.62	-3.0441
75.61	-3.0442
75.61	-3.0440
75.60	-3.0441
75.61	-3.0444
75.60	-3.0441
75.60	-3.0441
75.59	-3.0440
75.59	-3.0442
75.59	-3.0440
75.59	-3.0442
75.59	-3.0441
75.59	-3.0438
75.58	-3.0441
75.58	-3.0440
75.58	-3.0439
75.58	-3.0440
75.57	-3.0440
75.58	-3.0437
75.58	-3.0437
75.57	-3.0437
75.57	-3.0440
75.56	-3.0436
75.55	-3.0439
75.55	-3.0437
75.55	-3.0437
75.55	-3.0438
75.55	-3.0436
75.55	-3.0436
75.55	-3.0434
75.54	-3.0434
75.54	-3.0435
75.54	-3.0435
75.54	-3.0432
75.53	-3.0434
75.53	-3.0432
75.53	-3.0431
75.52	-3.0433
75.52	-3.0432
75.52	-3.0433
75.51	-3.0430
75.51	-3.0433
75.51	-3.0431
75.51	-3.0433
75.50	-3.0433
75.50	-3.0432
75.50	-3.0431
75.50	-3.0431
75.50	-3.0432
75.49	-3.0431
75.49	-3.0430
75.49	-3.0429
75.48	-3.0432
75.48	-3.0431
75.48	-3.0432
75.48	-3.0431
75.47	-3.0429
75.47	-3.0430
75.47	-3.0431
75.47	-3.0430
75.47	-3.0430
75.47	-3.0431
75.46	-3.0431
75.46	-3.0430
75.46	-3.0429
75.45	-3.0430
75.45	-3.0429
75.45	-3.0429
75.45	-3.0427
75.44	-3.0428
75.44	-3.0428
75.44	-3.0429
75.43	-3.0428
75.43	-3.0430
75.43	-3.0426
75.43	-3.0427
75.42	-3.0428
75.42	-3.0427
75.42	-3.0429
75.42	-3.0428
75.42	-3.0429
75.42	-3.0427
75.41	-3.0429
75.41	-3.0427
75.41	-3.0426
75.40	-3.0427
75.40	-3.0425
75.40	-3.0425
75.40	-3.0426
75.39	-3.0425
75.39	-3.0425
75.39	-3.0425
75.39	-3.0425
75.38	-3.0424
75.38	-3.0424
75.38	-3.0425
75.38	-3.0423
75.38	-3.0423
75.37	-3.0423
75.37	-3.0423
75.37	-3.0422
75.37	-3.0422
75.36	-3.0420
75.36	-3.0421
75.35	-3.0419
75.35	-3.0420
75.35	-3.0419
75.34	-3.0419
75.34	-3.0418
75.34	-3.0421
75.34	-3.0420
75.34	-3.0419
75.33	-3.0416
75.33	-3.0416
75.33	-3.0415
75.33	-3.0416
75.33	-3.0416
75.32	-3.0415
75.32	-3.0418
75.31	-3.0418
75.31	-3.0416
75.31	-3.0414
75.31	-3.0416
75.30	-3.0416
75.30	-3.0416
75.30	-3.0416
75.30	-3.0414
75.30	-3.0416
75.30	-3.0416
75.30	-3.0415
75.29	-3.0416
75.29	-3.0416
75.28	-3.0413
75.28	-3.0416
75.28	-3.0414
75.28	-3.0416
75.28	-3.0415
75.28	-3.0415
75.27	-3.0413
75.27	-3.0416
75.27	-3.0414
75.26	-3.0414
75.26	-3.0416
75.26	-3.0413
75.26	-3.0415
75.25	-3.0413
75.25	-3.0413
75.25	-3.0413
75.25	-3.0412
75.24	-3.0412
75.24	-3.0412
75.24	-3.0410
75.24	-3.0411
75.23	-3.0410
75.23	-3.0410
75.23	-3.0412
75.23	-3.0407
75.23	-3.0411
75.23	-3.0409
75.23	-3.0409
75.22	-3.0408
75.21	-3.0409
75.21	-3.0409
75.20	-3.0407
75.20	-3.0409
75.20	-3.0409
75.20	-3.0407
75.20	-3.0406
75.20	-3.0407
75.19	-3.0405
75.19	-3.0407
75.19	-3.0408
75.19	-3.0407
75.19	-3.0407
75.19	-3.0408
75.18	-3.0408
75.18	-3.0405
75.18	-3.0406
75.17	-3.0407
75.17	-3.0406
75.17	-3.0405
75.17	-3.0404
75.16	-3.0406
75.16	-3.0405
75.16	-3.0407
75.15	-3.0405
75.15	-3.0404
75.15	-3.0406
75.14	-3.0404
75.14	-3.0404
75.14	-3.0403
75.14	-3.0404
75.14	-3.0403
75.13	-3.0403
75.13	-3.0404
75.13	-3.0402
75.13	-3.0404
75.13	-3.0400
75.12	-3.0405
75.12	-3.0403
75.11	-3.0402
75.11	-3.0403
75.11	-3.0402
75.11	-3.0405
75.10	-3.0403
75.10	-3.0404
75.10	-3.0404
75.10	-3.0404
75.10	-3.0404
75.09	-3.0403
75.09	-3.0404
75.09	-3.0402
75.09	-3.0402
75.08	-3.0403
75.08	-3.0403
75.08	-3.0403
75.08	-3.0404
75.08	-3.0403
75.08	-3.0404
75.07	-3.0403
75.07	-3.0403
75.06	-3.0402
75.06	-3.0404
75.06	-3.0403
75.06	-3.0402
75.06	-3.0405
75.05	-3.0405
75.05	-3.0405
75.05	-3.0399
75.05	-3.0404
75.05	-3.0404
75.05	-3.0404
75.05	-3.0403
75.04	-3.0403
75.04	-3.0405
75.04	-3.0403
75.04	-3.0402
75.03	-3.0401
75.03	-3.0401
75.03	-3.0404
75.03	-3.0402
75.02	-3.0401
75.01	-3.0401
75.01	-3.0400
75.01	-3.0399
75.00	-3.0399
75.00	-3.0401
75.00	-3.0400
75.00	-3.0400
75.00	-3.0398
75.00	-3.0399
74.99	-3.0400
74.99	-3.0399
74.99	-3.0400
74.98	-3.0399
74.98	-3.0399
74.98	-3.0399
74.98	-3.0402
74.97	-3.0399
74.97	-3.0399
74.97	-3.0400
74.97	-3.0400
74.96	-3.0398
74.96	-3.0399
74.96	-3.0399
74.96	-3.0399
74.95	-3.0398
74.95	-3.0399
74.95	-3.0397
74.95	-3.0398
74.95	-3.0398
74.94	-3.0397
74.94	-3.0396
74.94	-3.0398
74.93	-3.0396
74.93	-3.0399
74.93	-3.0396
74.93	-3.0396
74.93	-3.0395
74.92	-3.0394
74.92	-3.0393
74.92	-3.0394
74.92	-3.0394
74.92	-3.0394
74.91	-3.0394
74.91	-3.0393
74.90	-3.0395
74.90	-3.0395
74.90	-3.0395
74.89	-3.0394
74.89	-3.0393
74.89	-3.0395
74.89	-3.0394
74.89	-3.0391
74.89	-3.0391
74.88	-3.0393
74.88	-3.0395
74.88	-3.0392
74.88	-3.0392
74.87	-3.0393
74.87	-3.0391
74.87	-3.0394
74.86	-3.0393
74.86	-3.0394
74.86	-3.0391
74.86	-3.0394
74.86	-3.0393
74.85	-3.0391
74.85	-3.0393
74.84	-3.0392
74.84	-3.0391
74.84	-3.0392
74.84	-3.0391
74.84	-3.0390
74.83	-3.0391
74.83	-3.0390
74.83	-3.0390
74.83	-3.0390
74.83	-3.0389
74.83	-3.0388
74.82	-3.0389
74.82	-3.0392
74.82	-3.0387
74.81	-3.0387
74.81	-3.0386
74.81	-3.0387
74.80	-3.0388
74.80	-3.0386
74.80	-3.0388
74.80	-3.0389
74.80	-3.0387
74.80	-3.0388
74.79	-3.0387
74.79	-3.0388
74.79	-3.0386
74.78	-3.0387
74.78	-3.0387
74.78	-3.0386
74.78	-3.0386
74.78	-3.0385
74.77	-3.0386
74.77	-3.0385
74.77	-3.0387
74.76	-3.0388
74.76	-3.0386
74.75	-3.0385
74.75	-3.0383
74.75	-3.0386
74.75	-3.0383
74.75	-3.0384
74.75	-3.0382
74.74	-3.0383
74.74	-3.0383
74.74	-3.0383
74.74	-3.0382
74.73	-3.0382
74.73	-3.0383
74.73	-3.0381
74.73	-3.0383
74.73	-3.0382
74.72	-3.0384
74.72	-3.0383
74.72	-3.0381
74.71	-3.0382
74.71	-3.0382
74.70	-3.0382
74.70	-3.0382
74.70	-3.0380
74.70	-3.0380
74.69	-3.0379
74.69	-3.0378
74.69	-3.0381
74.69	-3.0379
74.69	-3.0379
74.68	-3.0380
74.68	-3.0378
74.67	-3.0379
74.67	-3.0380
74.67	-3.0379
74.67	-3.0379
74.67	-3.0377
74.67	-3.0378
74.67	-3.0379
74.67	-3.0378
74.66	-3.0380
74.66	-3.0380
74.65	-3.0378
74.65	-3.0376
74.64	-3.0378
74.64	-3.0376
74.64	-3.0376
74.64	-3.0376
74.64	-3.0373
74.63	-3.0376
74.63	-3.0375
74.63	-3.0374
74.63	-3.0375
74.63	-3.0377
74.63	-3.0375
74.63	-3.0377
74.62	-3.0377
74.62	-3.0375
74.62	-3.0376
74.62	-3.0375
74.61	-3.0375
74.61	-3.0375
74.60	-3.0374
74.60	-3.0377
74.60	-3.0374
74.60	-3.0374
74.59	-3.0374
74.59	-3.0374
74.59	-3.0375
74.59	-3.0374
74.58	-3.0374
74.58	-3.0373
74.58	-3.0375
74.58	-3.0375
74.58	-3.0376
74.58	-3.0374
74.57	-3.0376
74.57	-3.0374
74.57	-3.0375
74.57	-3.0374
74.56	-3.0374
74.56	-3.0375
74.56	-3.0373
74.56	-3.0374
74.55	-3.0374
74.55	-3.0373
74.55	-3.0373
74.55	-3.0374
74.54	-3.0374
74.54	-3.0375
74.54	-3.0370
74.53	-3.0373
74.53	-3.0371
74.53	-3.0372
74.53	-3.0373
74.53	-3.0373
74.52	-3.0374
74.52	-3.0372
74.52	-3.0372
74.52	-3.0372
74.51	-3.0371
74.51	-3.0372
74.51	-3.0371
74.51	-3.0369
74.50	-3.0373
74.50	-3.0372
74.50	-3.0370
74.50	-3.0371
74.50	-3.0371
74.50	-3.0373
74.49	-3.0370
74.48	-3.0371
74.48	-3.0369
74.48	-3.0370
74.47	-3.0371
74.47	-3.0369
74.47	-3.0370
74.47	-3.0367
74.46	-3.0369
74.46	-3.0369
74.46	-3.0370
74.45	-3.0370
74.45	-3.0368
74.45	-3.0366
74.45	-3.0371
74.45	-3.0368
74.45	-3.0368
74.45	-3.0367
74.44	-3.0366
74.44	-3.0369
74.43	-3.0368
74.43	-3.0368
74.43	-3.0370
74.43	-3.0367
74.43	-3.0368
74.42	-3.0368
74.42	-3.0368
74.42	-3.0367
74.42	-3.0370
74.41	-3.0368
74.41	-3.0369
74.40	-3.0368
74.40	-3.0369
74.40	-3.0368
74.40	-3.0367
74.40	-3.0367
74.39	-3.0369
74.39	-3.0368
74.39	-3.0368
74.39	-3.0366
74.39	-3.0366
74.38	-3.0366
74.38	-3.0365
74.38	-3.0366
74.38	-3.0365
74.38	-3.0364
74.37	-3.0365
74.37	-3.0362
74.37	-3.0362
74.36	-3.0362
74.36	-3.0364
74.35	-3.0363
74.36	-3.0361
74.35	-3.0362
74.35	-3.0361
74.34	-3.0362
74.34	-3.0361
74.34	-3.0362
74.34	-3.0361
74.34	-3.0362
74.34	-3.0363
74.33	-3.0361
74.33	-3.0362
74.33	-3.0362
74.33	-3.0362
74.32	-3.0362
74.32	-3.0361
74.32	-3.0361
74.31	-3.0363
74.31	-3.0362
74.31	-3.0361
74.31	-3.0364
74.31	-3.0361
74.30	-3.0361
74.30	-3.0360
74.30	-3.0363
74.30	-3.0361
74.30	-3.0361
74.29	-3.0359
74.29	-3.0360
74.28	-3.0360
74.28	-3.0359
74.28	-3.0359
74.28	-3.0358
74.28	-3.0359
74.28	-3.0359
74.27	-3.0358
74.27	-3.0359
74.27	-3.0357
74.26	-3.0357
74.26	-3.0357
74.26	-3.0357
74.25	-3.0356
74.25	-3.0358
74.25	-3.0356
74.25	-3.0356
74.25	-3.0357
74.25	-3.0356
74.25	-3.0355
74.24	-3.0355
74.24	-3.0358
74.23	-3.0355
74.23	-3.0354
74.23	-3.0354
74.23	-3.0353
74.23	-3.0354
74.22	-3.0355
74.22	-3.0352
74.22	-3.0353
74.21	-3.0353
74.21	-3.0352
74.20	-3.0352
74.20	-3.0354
74.20	-3.0353
74.20	-3.0353
74.20	-3.0353
74.19	-3.0354
74.19	-3.0352
74.19	-3.0351
74.19	-3.0354
74.18	-3.0353
74.18	-3.0352
74.18	-3.0351
74.18	-3.0350
74.17	-3.0349
74.17	-3.0350
74.17	-3.0350
74.17	-3.0350
74.16	-3.0350
74.16	-3.0349
74.16	-3.0348
74.16	-3.0350
74.16	-3.0349
74.16	-3.0349
74.15	-3.0349
74.15	-3.0348
74.15	-3.0348
74.14	-3.0349
74.14	-3.0347
74.14	-3.0348
74.14	-3.0346
74.14	-3.0345
74.14	-3.0347
74.13	-3.0345
74.13	-3.0344
74.13	-3.0346
74.13	-3.0345
74.13	-3.0347
74.12	-3.0344
74.12	-3.0345
74.11	-3.0345
74.11	-3.0345
74.11	-3.0343
74.10	-3.0346
74.10	-3.0342
74.10	-3.0344
74.10	-3.0344
74.09	-3.0342
74.09	-3.0342
74.09	-3.0344
74.09	-3.0342
74.09	-3.0344
74.08	-3.0342
74.08	-3.0341
74.08	-3.0342
74.07	-3.0341
74.07	-3.0340
74.07	-3.0341
74.07	-3.0340
74.07	-3.0339
74.07	-3.0340
74.07	-3.0340
74.06	-3.0342
74.06	-3.0339
74.05	-3.0341
74.05	-3.0340
74.05	-3.0342
74.05	-3.0340
74.05	-3.0340
74.04	-3.0340
74.04	-3.0342
74.04	-3.0340
74.04	-3.0342
74.03	-3.0339
74.03	-3.0342
74.03	-3.0339
74.02	-3.0339
74.02	-3.0339
74.02	-3.0341
74.02	-3.0340
74.02	-3.0340
74.01	-3.0340
74.01	-3.0341
74.00	-3.0341
74.00	-3.0341
74.00	-3.0341
74.00	-3.0340
74.00	-3.0341
73.99	-3.0341
73.99	-3.0340
73.98	-3.0341
73.98	-3.0341
73.98	-3.0340
73.98	-3.0340
73.98	-3.0340
73.98	-3.0339
73.98	-3.0340
73.98	-3.0339
73.97	-3.0341
73.97	-3.0340
73.97	-3.0342
73.96	-3.0339
73.96	-3.0340
73.96	-3.0339
73.96	-3.0338
73.95	-3.0339
73.95	-3.0338
73.95	-3.0338
73.95	-3.0338
73.94	-3.0339
73.94	-3.0338
73.93	-3.0338
73.93	-3.0338
73.93	-3.0336
73.93	-3.0335
73.93	-3.0336
73.92	-3.0336
73.92	-3.0337
73.92	-3.0335
73.92	-3.0334
73.92	-3.0334
73.91	-3.0335
73.91	-3.0334
73.91	-3.0334
73.90	-3.0336
73.90	-3.0334
73.90	-3.0335
73.90	-3.0335
73.89	-3.0333
73.89	-3.0333
73.89	-3.0333
73.89	-3.0333
73.89	-3.0332
73.88	-3.0333
73.88	-3.0331
73.87	-3.0330
73.87	-3.0331
73.87	-3.0332
73.87	-3.0332
73.86	-3.0332
73.86	-3.0331
73.86	-3.0328
73.85	-3.0332
73.85	-3.0330
73.85	-3.0332
73.85	-3.0329
73.85	-3.0330
73.84	-3.0329
73.84	-3.0330
73.84	-3.0329
73.84	-3.0328
73.83	-3.0330
73.83	-3.0328
73.83	-3.0328
73.83	-3.0329
73.83	-3.0329
73.83	-3.0326
73.82	-3.0328
73.82	-3.0326
73.81	-3.0327
73.81	-3.0324
73.81	-3.0327
73.81	-3.0327
73.81	-3.0328
73.80	-3.0327
73.80	-3.0326
73.80	-3.0328
73.80	-3.0325
73.80	-3.0325
73.80	-3.0325
73.79	-3.0324
73.79	-3.0327
73.78	-3.0325
73.78	-3.0326
73.78	-3.0324
73.78	-3.0324
73.78	-3.0325
73.77	-3.0324
73.77	-3.0325
73.77	-3.0323
73.77	-3.0327
73.76	-3.0326
73.76	-3.0325
73.76	-3.0325
73.76	-3.0325
73.76	-3.0324
73.75	-3.0325
73.75	-3.0325
73.75	-3.0325
73.74	-3.0325
73.74	-3.0326
73.74	-3.0325
73.74	-3.0325
73.73	-3.0324
73.73	-3.0325
73.73	-3.0325
73.73	-3.0324
73.72	-3.0325
73.72	-3.0323
73.72	-3.0323
73.71	-3.0323
73.71	-3.0326
73.71	-3.0323
73.71	-3.0323
73.71	-3.0324
73.70	-3.0324
73.70	-3.0324
73.70	-3.0325
73.70	-3.0322
73.69	-3.0322
73.69	-3.0323
73.69	-3.0321
73.69	-3.0320
73.68	-3.0324
73.68	-3.0322
73.67	-3.0322
73.67	-3.0322
73.67	-3.0322
73.67	-3.0321
73.67	-3.0322
73.66	-3.0322
73.66	-3.0319
73.66	-3.0321
73.66	-3.0320
73.66	-3.0320
73.66	-3.0319
73.65	-3.0321
73.65	-3.0321
73.64	-3.0320
73.64	-3.0320
73.64	-3.0320
73.64	-3.0319
73.64	-3.0318
73.64	-3.0320
73.63	-3.0318
73.63	-3.0317
73.63	-3.0318
73.62	-3.0319
73.62	-3.0315
73.62	-3.0318
73.61	-3.0319
73.61	-3.0315
73.61	-3.0315
73.61	-3.0318
73.60	-3.0315
73.59	-3.0316
73.59	-3.0314
73.59	-3.0314
73.59	-3.0315
73.59	-3.0313
73.59	-3.0314
73.59	-3.0314
73.59	-3.0314
73.58	-3.0314
73.58	-3.0313
73.58	-3.0311
73.57	-3.0313
73.57	-3.0313
73.57	-3.0312
73.56	-3.0313
73.56	-3.0313
73.56	-3.0311
73.56	-3.0310
73.55	-3.0311
73.55	-3.0310
73.55	-3.0311
73.55	-3.0309
73.55	-3.0311
73.55	-3.0310
73.55	-3.0309
73.54	-3.0309
73.54	-3.0306
73.53	-3.0308
73.53	-3.0308
73.53	-3.0308
73.53	-3.0308
73.52	-3.0307
73.52	-3.0307
73.51	-3.0308
73.51	-3.0307
73.51	-3.0307
73.51	-3.0308
73.50	-3.0307
73.50	-3.0308
73.50	-3.0307
73.50	-3.0309
73.50	-3.0308
73.50	-3.0308
73.50	-3.0308
73.50	-3.0308
73.49	-3.0307
73.49	-3.0309
73.48	-3.0310
73.48	-3.0309
73.47	-3.0308
73.47	-3.0308
73.47	-3.0309
73.46	-3.0308
73.46	-3.0310
73.46	-3.0308
73.46	-3.0310
73.46	-3.0310
73.46	-3.0310
73.46	-3.0309
73.45	-3.0311
73.45	-3.0309
73.45	-3.0306
73.45	-3.0308
73.45	-3.0310
73.44	-3.0308
73.44	-3.0309
73.44	-3.0308
73.44	-3.0307
73.43	-3.0308
73.43	-3.0308
73.43	-3.0306
73.42	-3.0309
73.42	-3.0307
73.42	-3.0308
73.42	-3.0307
73.42	-3.0305
73.41	-3.0306
73.41	-3.0306
73.40	-3.0306
73.40	-3.0306
73.39	-3.0307
73.39	-3.0305
73.39	-3.0306
73.39	-3.0307
73.39	-3.0306
73.39	-3.0306
73.38	-3.0303
73.38	-3.0305
73.38	-3.0303
73.38	-3.0306
73.38	-3.0306
73.38	-3.0305
73.37	-3.0305
73.37	-3.0306
73.36	-3.0306
73.36	-3.0306
73.36	-3.0306
73.36	-3.0304
73.35	-3.0305
73.35	-3.0305
73.35	-3.0306
73.35	-3.0304
73.34	-3.0304
73.34	-3.0305
73.34	-3.0303
73.34	-3.0304
73.34	-3.0305
73.34	-3.0305
73.33	-3.0304
73.33	-3.0304
73.33	-3.0305
73.33	-3.0303
73.32	-3.0304
73.32	-3.0303
73.31	-3.0304
73.31	-3.0304
73.31	-3.0302
73.30	-3.0300
73.30	-3.0300
73.30	-3.0300
73.30	-3.0299
73.30	-3.0299
73.30	-3.0298
73.30	-3.0298
73.30	-3.0297
73.30	-3.0298
73.29	-3.0298
73.29	-3.0299
73.29	-3.0299
73.28	-3.0297
73.28	-3.0299
73.28	-3.0297
73.28	-3.0298
73.27	-3.0296
73.27	-3.0296
73.27	-3.0295
73.26	-3.0298
73.27	-3.0295
73.26	-3.0299
73.26	-3.0297
73.26	-3.0297
73.25	-3.0297
73.25	-3.0295
73.25	-3.0296
73.25	-3.0297
73.24	-3.0297
73.24	-3.0297
73.24	-3.0296
73.24	-3.0295
73.24	-3.0296
73.23	-3.0296
73.23	-3.0298
73.23	-3.0296
73.23	-3.0295
73.23	-3.0296
73.23	-3.0294
73.22	-3.0297
73.22	-3.0295
73.21	-3.0297
73.20	-3.0295
73.20	-3.0297
73.20	-3.0296
73.20	-3.0295
73.20	-3.0294
73.20	-3.0297
73.20	-3.0294
73.19	-3.0298
73.19	-3.0292
73.19	-3.0297
73.18	-3.0293
73.18	-3.0294
73.18	-3.0293
73.17	-3.0294
73.17	-3.0292
73.17	-3.0292
73.17	-3.0291
73.17	-3.0292
73.17	-3.0292
73.16	-3.0292
73.16	-3.0293
73.15	-3.0292
73.15	-3.0291
73.15	-3.0289
73.14	-3.0290
73.14	-3.0290
73.14	-3.0289
73.14	-3.0289
73.14	-3.0289
73.13	-3.0292
73.13	-3.0289
73.13	-3.0290
73.13	-3.0287
73.13	-3.0289
73.12	-3.0290
73.12	-3.0289
73.12	-3.0288
73.12	-3.0289
73.11	-3.0288
73.11	-3.0289
73.11	-3.0285
73.10	-3.0287
73.10	-3.0285
73.10	-3.0286
73.09	-3.0287
73.09	-3.0286
73.09	-3.0286
73.09	-3.0288
73.09	-3.0286
73.09	-3.0287
73.08	-3.0287
73.08	-3.0286
73.08	-3.0285
73.08	-3.0285
73.07	-3.0284
73.07	-3.0283
73.07	-3.0286
73.06	-3.0285
73.06	-3.0284
73.06	-3.0285
73.05	-3.0282
73.05	-3.0283
73.05	-3.0282
73.05	-3.0282
73.05	-3.0280
73.05	-3.0280
73.05	-3.0280
73.04	-3.0281
73.04	-3.0283
73.04	-3.0280
73.04	-3.0279
73.03	-3.0281
73.03	-3.0278
73.03	-3.0280
73.03	-3.0280
73.02	-3.0280
73.02	-3.0278
73.02	-3.0278
73.01	-3.0280
73.01	-3.0279
73.01	-3.0279
73.00	-3.0278
73.00	-3.0279
73.00	-3.0278
73.00	-3.0277
73.00	-3.0280
72.99	-3.0278
72.99	-3.0277
72.99	-3.0278
72.99	-3.0276
72.98	-3.0277
72.98	-3.0276
72.98	-3.0276
72.98	-3.0278
72.97	-3.0277
72.97	-3.0277
72.96	-3.0278
72.96	-3.0276
72.96	-3.0276
72.95	-3.0276
72.95	-3.0276
72.95	-3.0275
72.95	-3.0278
72.95	-3.0275
72.95	-3.0276
72.95	-3.0277
72.95	-3.0275
72.94	-3.0276
72.93	-3.0275
72.93	-3.0274
72.93	-3.0275
72.93	-3.0275
72.92	-3.0274
72.92	-3.0275
72.92	-3.0274
72.92	-3.0274
72.92	-3.0276
72.92	-3.0275
72.91	-3.0274
72.91	-3.0274
72.91	-3.0273
72.90	-3.0276
72.89	-3.0275
72.89	-3.0271
72.89	-3.0272
72.89	-3.0275
72.89	-3.0274
72.89	-3.0272
72.89	-3.0274
72.88	-3.0273
72.88	-3.0273
72.88	-3.0274
72.87	-3.0275
72.87	-3.0275
72.87	-3.0275
72.87	-3.0277
72.87	-3.0275
72.87	-3.0276
72.87	-3.0276
72.87	-3.0275
72.86	-3.0276
72.86	-3.0274
72.85	-3.0275
72.85	-3.0273
72.84	-3.0275
72.84	-3.0273
72.84	-3.0274
72.84	-3.0276
72.84	-3.0274
72.83	-3.0273
72.83	-3.0275
72.83	-3.0274
72.83	-3.0273
72.83	-3.0274
72.82	-3.0272
72.82	-3.0272
72.81	-3.0273
72.81	-3.0273
72.81	-3.0272
72.81	-3.0271
72.81	-3.0273
72.80	-3.0273
72.80	-3.0269
72.80	-3.0270
72.80	-3.0272
72.80	-3.0271
72.80	-3.0272
72.79	-3.0269
72.78	-3.0272
72.78	-3.0269
72.78	-3.0269
72.78	-3.0271
72.78	-3.0269
72.77	-3.0269
72.77	-3.0267
72.77	-3.0269
72.77	-3.0268
72.76	-3.0268
72.76	-3.0268
72.76	-3.0265
72.76	-3.0267
72.76	-3.0266
72.75	-3.0268
72.75	-3.0266
72.75	-3.0265
72.75	-3.0263
72.75	-3.0265
72.74	-3.0265
72.74	-3.0263
72.74	-3.0265
72.73	-3.0265
72.73	-3.0263
72.73	-3.0264
72.73	-3.0265
72.73	-3.0263
72.73	-3.0265
72.72	-3.0264
72.72	-3.0265
72.72	-3.0264
72.71	-3.0264
72.71	-3.0261
72.71	-3.0263
72.70	-3.0262
72.70	-3.0264
72.70	-3.0262
72.70	-3.0262
72.69	-3.0262
72.69	-3.0262
72.69	-3.0262
72.69	-3.0262
72.69	-3.0262
72.68	-3.0261
72.68	-3.0261
72.68	-3.0260
72.68	-3.0261
72.67	-3.0262
72.67	-3.0261
72.67	-3.0259
72.66	-3.0260
72.66	-3.0259
72.65	-3.0260
72.65	-3.0258
72.65	-3.0260
72.65	-3.0259
72.65	-3.0259
72.64	-3.0260
72.64	-3.0258
72.64	-3.0258
72.64	-3.0258
72.64	-3.0257
72.63	-3.0260
72.63	-3.0258
72.63	-3.0257
72.63	-3.0259
72.62	-3.0257
72.62	-3.0258
72.62	-3.0257
72.62	-3.0257
72.61	-3.0259
72.61	-3.0258
72.60	-3.0256
72.60	-3.0258
72.60	-3.0257
72.60	-3.0257
72.60	-3.0255
72.59	-3.0255
72.59	-3.0255
72.59	-3.0256
72.58	-3.0255
72.58	-3.0254
72.58	-3.0254
72.58	-3.0255
72.58	-3.0254
72.57	-3.0253
72.57	-3.0252
72.57	-3.0255
72.57	-3.0252
72.57	-3.0251
72.57	-3.0253
72.56	-3.0252
72.56	-3.0251
72.56	-3.0250
72.55	-3.0249
72.55	-3.0249
72.55	-3.0250
72.55	-3.0248
72.54	-3.0248
72.54	-3.0249
72.54	-3.0249
72.53	-3.0248
72.53	-3.0246
72.53	-3.0247
72.53	-3.0248
72.53	-3.0248
72.52	-3.0247
72.52	-3.0247
72.52	-3.0248
72.51	-3.0246
72.51	-3.0248
72.51	-3.0246
72.51	-3.0246
72.51	-3.0246
72.50	-3.0246
72.50	-3.0245
72.50	-3.0244
72.50	-3.0244
72.50	-3.0244
72.49	-3.0245
72.49	-3.0245
72.49	-3.0244
72.49	-3.0245
72.48	-3.0243
72.48	-3.0245
72.48	-3.0244
72.48	-3.0245
72.47	-3.0243
72.46	-3.0245
72.46	-3.0246
72.46	-3.0243
72.46	-3.0244
72.45	-3.0244
72.45	-3.0243
72.45	-3.0243
72.45	-3.0246
72.45	-3.0243
72.45	-3.0244
72.45	-3.0243
72.44	-3.0243
72.44	-3.0244
72.43	-3.0244
72.43	-3.0242
72.43	-3.0245
72.43	-3.0244
72.43	-3.0245
72.42	-3.0244
72.42	-3.0241
72.42	-3.0242
72.42	-3.0244
72.41	-3.0244
72.41	-3.0245
72.41	-3.0243
72.40	-3.0243
72.40	-3.0243
72.40	-3.0243
72.40	-3.0243
72.40	-3.0243
72.39	-3.0243
72.39	-3.0243
72.39	-3.0241
72.39	-3.0241
72.39	-3.0243
72.39	-3.0241
72.39	-3.0242
72.38	-3.0241
72.38	-3.0240
72.38	-3.0242
72.38	-3.0241
72.37	-3.0241
72.37	-3.0240
72.37	-3.0240
72.36	-3.0240
72.36	-3.0241
72.35	-3.0241
72.35	-3.0239
72.35	-3.0242
72.35	-3.0238
72.35	-3.0239
72.34	-3.0240
72.34	-3.0238
72.34	-3.0239
72.34	-3.0240
72.33	-3.0239
72.33	-3.0240
72.33	-3.0239
72.33	-3.0238
72.33	-3.0239
72.32	-3.0239
72.32	-3.0239
72.32	-3.0240
72.32	-3.0238
72.32	-3.0239
72.31	-3.0240
72.31	-3.0239
72.31	-3.0239
72.30	-3.0238
72.30	-3.0238
72.30	-3.0240
72.30	-3.0237
72.29	-3.0240
72.29	-3.0237
72.29	-3.0238
72.29	-3.0238
72.28	-3.0241
72.28	-3.0237
72.28	-3.0238
72.28	-3.0239
72.27	-3.0236
72.27	-3.0239
72.27	-3.0236
72.27	-3.0237
72.26	-3.0236
72.26	-3.0237
72.25	-3.0236
72.25	-3.0235
72.25	-3.0234
72.25	-3.0237
72.25	-3.0237
72.25	-3.0236
72.24	-3.0236
72.24	-3.0232
72.24	-3.0234
72.24	-3.0233
72.23	-3.0233
72.23	-3.0235
72.23	-3.0234
72.22	-3.0234
72.22	-3.0236
72.22	-3.0234
72.22	-3.0234
72.22	-3.0233
72.21	-3.0233
72.21	-3.0233
72.20	-3.0230
72.20	-3.0233
72.20	-3.0232
72.20	-3.0230
72.20	-3.0231
72.19	-3.0232
72.19	-3.0232
72.19	-3.0229
72.19	-3.0232
72.18	-3.0228
72.18	-3.0230
72.17	-3.0230
72.17	-3.0229
72.17	-3.0230
72.17	-3.0230
72.17	-3.0229
72.17	-3.0228
72.16	-3.0229
72.16	-3.0230
72.16	-3.0230
72.15	-3.0231
72.15	-3.0229
72.14	-3.0229
72.14	-3.0227
72.14	-3.0229
72.14	-3.0231
72.14	-3.0229
72.14	-3.0229
72.14	-3.0229
72.13	-3.0227
72.13	-3.0229
72.13	-3.0228
72.13	-3.0227
72.13	-3.0227
72.13	-3.0225
72.12	-3.0226
72.12	-3.0228
72.12	-3.0230
72.11	-3.0225
72.11	-3.0224
72.11	-3.0224
72.11	-3.0226
72.10	-3.0226
72.10	-3.0227
72.09	-3.0223
72.09	-3.0224
72.09	-3.0225
72.09	-3.0224
72.09	-3.0223
72.08	-3.0225
72.08	-3.0222
72.08	-3.0222
72.08	-3.0222
72.08	-3.0224
72.07	-3.0222
72.07	-3.0222
72.07	-3.0223
72.06	-3.0222
72.06	-3.0223
72.06	-3.0222
72.05	-3.0222
72.05	-3.0222
72.05	-3.0219
72.05	-3.0221
72.05	-3.0222
72.04	-3.0221
72.04	-3.0219
72.04	-3.0219
72.04	-3.0220
72.03	-3.0220
72.03	-3.0219
72.03	-3.0218
72.03	-3.0220
72.03	-3.0221
72.02	-3.0220
72.02	-3.0222
72.02	-3.0219
72.01	-3.0218
72.01	-3.0222
72.00	-3.0220
72.00	-3.0220
72.00	-3.0220
72.00	-3.0220
72.00	-3.0221
72.00	-3.0218
72.00	-3.0219
71.99	-3.0219
71.99	-3.0220
71.99	-3.0217
71.98	-3.0218
71.98	-3.0219
71.98	-3.0218
71.98	-3.0219
71.97	-3.0218
71.97	-3.0219
71.97	-3.0217
71.97	-3.0216
71.97	-3.0216
71.97	-3.0218
71.97	-3.0219
71.96	-3.0217
71.96	-3.0216
71.95	-3.0218
71.95	-3.0217
71.95	-3.0216
71.95	-3.0216
71.95	-3.0216
71.94	-3.0214
71.94	-3.0216
71.93	-3.0214
71.93	-3.0213
71.93	-3.0215
71.93	-3.0214
71.92	-3.0214
71.92	-3.0213
71.92	-3.0213
71.92	-3.0214
71.91	-3.0214
71.91	-3.0214
71.91	-3.0211
71.91	-3.0211
71.90	-3.0211
71.90	-3.0211
71.90	-3.0211
71.89	-3.0210
71.89	-3.0212
71.89	-3.0210
71.89	-3.0210
71.89	-3.0209
71.89	-3.0208
71.88	-3.0209
71.88	-3.0208
71.88	-3.0206
71.88	-3.0205
71.88	-3.0206
71.87	-3.0206
71.88	-3.0206
71.87	-3.0207
71.87	-3.0209
71.86	-3.0204
71.86	-3.0207
71.85	-3.0207
71.85	-3.0205
71.85	-3.0206
71.85	-3.0206
71.84	-3.0206
71.84	-3.0206
71.84	-3.0206
71.84	-3.0207
71.84	-3.0204
71.83	-3.0206
71.83	-3.0206
71.83	-3.0204
71.83	-3.0205
71.82	-3.0206
71.82	-3.0206
71.82	-3.0204
71.82	-3.0206
71.82	-3.0206
71.81	-3.0204
71.81	-3.0207
71.81	-3.0205
71.80	-3.0204
71.80	-3.0204
71.80	-3.0206
71.80	-3.0207
71.80	-3.0205
71.79	-3.0206
71.79	-3.0207
71.79	-3.0205
71.79	-3.0208
71.78	-3.0206
71.78	-3.0205
71.78	-3.0205
71.78	-3.0206
71.77	-3.0206
71.76	-3.0205
71.76	-3.0207
71.76	-3.0204
71.76	-3.0204
71.76	-3.0204
71.75	-3.0204
71.75	-3.0202
71.75	-3.0204
71.75	-3.0203
71.75	-3.0205
71.74	-3.0204
71.74	-3.0206
71.74	-3.0204
71.74	-3.0204
71.74	-3.0204
71.74	-3.0203
71.73	-3.0206
71.73	-3.0203
71.72	-3.0204
71.72	-3.0205
71.72	-3.0204
71.71	-3.0205
71.71	-3.0203
71.71	-3.0204
71.71	-3.0205
71.70	-3.0203
71.70	-3.0204
71.70	-3.0204
71.70	-3.0203
71.70	-3.0202
71.69	-3.0204
71.69	-3.0202
71.69	-3.0202
71.69	-3.0203
71.68	-3.0202
71.68	-3.0202
71.68	-3.0200
71.67	-3.0201
71.67	-3.0202
71.67	-3.0201
71.66	-3.0201
71.66	-3.0198
71.66	-3.0201
71.65	-3.0201
71.65	-3.0202
71.65	-3.0201
71.65	-3.0201
71.65	-3.0201
71.64	-3.0199
71.64	-3.0203
71.64	-3.0200
71.64	-3.0202
71.63	-3.0200
71.63	-3.0200
71.63	-3.0201
71.63	-3.0201
71.63	-3.0200
71.63	-3.0200
71.63	-3.0199
71.63	-3.0199
71.62	-3.0199
71.62	-3.0200
71.61	-3.0200
71.61	-3.0198
71.61	-3.0200
71.60	-3.0196
71.60	-3.0197
71.59	-3.0197
71.59	-3.0196
71.59	-3.0199
71.59	-3.0196
71.59	-3.0196
71.59	-3.0195
71.58	-3.0194
71.58	-3.0195
71.58	-3.0196
71.58	-3.0194
71.58	-3.0193
71.58	-3.0193
71.58	-3.0192
71.57	-3.0194
71.57	-3.0194
71.57	-3.0192
71.56	-3.0193
71.56	-3.0193
71.56	-3.0193
71.55	-3.0192
71.55	-3.0192
71.55	-3.0194
71.54	-3.0194
71.54	-3.0192
71.53	-3.0193
71.53	-3.0192
71.53	-3.0192
71.53	-3.0190
71.53	-3.0193
71.53	-3.0192
71.53	-3.0194
71.52	-3.0192
71.52	-3.0194
71.51	-3.0192
71.51	-3.0192
71.51	-3.0193
71.51	-3.0193
71.51	-3.0192
71.51	-3.0194
71.50	-3.0194
71.50	-3.0193
71.50	-3.0193
71.50	-3.0192
71.50	-3.0192
71.49	-3.0192
71.49	-3.0194
71.49	-3.0192
71.49	-3.0193
71.49	-3.0189
71.49	-3.0191
71.48	-3.0188
71.48	-3.0190
71.48	-3.0191
71.48	-3.0190
71.47	-3.0191
71.47	-3.0187
71.47	-3.0189
71.46	-3.0187
71.46	-3.0189
71.45	-3.0188
71.45	-3.0191
71.45	-3.0187
71.45	-3.0188
71.45	-3.0188
71.44	-3.0187
71.44	-3.0190
71.44	-3.0187
71.44	-3.0186
71.43	-3.0186
71.43	-3.0187
71.43	-3.0189
71.42	-3.0186
71.42	-3.0187
71.42	-3.0186
71.42	-3.0186
71.42	-3.0186
71.41	-3.0186
71.41	-3.0186
71.41	-3.0186
71.40	-3.0187
71.40	-3.0185
71.40	-3.0184
71.39	-3.0186
71.39	-3.0186
71.39	-3.0186
71.39	-3.0185
71.39	-3.0185
71.38	-3.0185
71.38	-3.0183
71.38	-3.0184
71.38	-3.0184
71.38	-3.0181
71.38	-3.0184
71.37	-3.0183
71.37	-3.0186
71.37	-3.0182
71.37	-3.0183
71.36	-3.0181
71.36	-3.0181
71.35	-3.0181
71.35	-3.0182
71.35	-3.0183
71.34	-3.0181
71.34	-3.0182
71.34	-3.0183
71.34	-3.0182
71.34	-3.0182
71.34	-3.0179
71.34	-3.0183
71.33	-3.0180
71.33	-3.0180
71.33	-3.0178
71.33	-3.0181
71.33	-3.0180
71.32	-3.0178
71.32	-3.0178
71.32	-3.0181
71.32	-3.0179
71.31	-3.0178
71.31	-3.0177
71.31	-3.0182
71.30	-3.0178
71.30	-3.0178
71.30	-3.0179
71.30	-3.0179
71.30	-3.0180
71.29	-3.0181
71.28	-3.0181
71.28	-3.0180
71.27	-3.0178
71.27	-3.0178
71.27	-3.0177
71.27	-3.0180
71.26	-3.0180
71.26	-3.0180
71.26	-3.0179
71.26	-3.0179
71.26	-3.0180
71.26	-3.0178
71.26	-3.0180
71.26	-3.0179
71.26	-3.0178
71.25	-3.0177
71.25	-3.0177
71.25	-3.0178
71.25	-3.0177
71.24	-3.0178
71.24	-3.0178
71.23	-3.0178
71.23	-3.0180
71.23	-3.0178
71.23	-3.0178
71.22	-3.0176
71.22	-3.0177
71.22	-3.0177
71.22	-3.0175
71.22	-3.0176
71.21	-3.0176
71.21	-3.0174
71.21	-3.0176
71.21	-3.0175
71.20	-3.0175
71.20	-3.0176
71.20	-3.0175
71.20	-3.0176
71.20	-3.0174
71.19	-3.0175
71.19	-3.0178
71.19	-3.0175
71.18	-3.0176
71.18	-3.0176
71.17	-3.0177
71.17	-3.0176
71.17	-3.0175
71.17	-3.0176
71.17	-3.0175
71.16	-3.0173
71.16	-3.0173
71.15	-3.0174
71.15	-3.0174
71.15	-3.0176
71.15	-3.0174
71.14	-3.0177
71.14	-3.0173
71.14	-3.0171
71.14	-3.0175
71.14	-3.0174
71.14	-3.0174
71.14	-3.0176
71.13	-3.0173
71.13	-3.0174
71.13	-3.0175
71.13	-3.0174
71.13	-3.0174
71.12	-3.0174
71.12	-3.0172
71.12	-3.0171
71.12	-3.0174
71.11	-3.0173
71.11	-3.0172
71.11	-3.0172
71.10	-3.0170
71.10	-3.0172
71.10	-3.0173
71.09	-3.0173
71.09	-3.0170
71.09	-3.0171
71.08	-3.0169
71.08	-3.0168
71.08	-3.0168
71.08	-3.0170
71.08	-3.0168
71.08	-3.0168
71.07	-3.0166
71.07	-3.0166
71.07	-3.0166
71.07	-3.0167
71.06	-3.0168
71.06	-3.0167
71.05	-3.0167
71.05	-3.0167
71.05	-3.0168
71.05	-3.0167
71.05	-3.0165
71.05	-3.0165
71.04	-3.0166
71.04	-3.0165
71.03	-3.0166
71.03	-3.0166
71.03	-3.0166
71.03	-3.0164
71.03	-3.0165
71.02	-3.0165
71.02	-3.0166
71.02	-3.0162
71.02	-3.0165
71.02	-3.0163
71.01	-3.0162
71.01	-3.0161
71.00	-3.0163
71.00	-3.0161
71.00	-3.0162
71.00	-3.0161
70.99	-3.0161
70.99	-3.0161
70.99	-3.0162
70.99	-3.0161
70.98	-3.0158
70.98	-3.0160
70.98	-3.0159
70.98	-3.0161
70.98	-3.0160
70.97	-3.0159
70.97	-3.0160
70.97	-3.0160
70.97	-3.0159
70.97	-3.0158
70.96	-3.0158
70.96	-3.0158
70.95	-3.0157
70.95	-3.0159
70.95	-3.0159
70.95	-3.0160
70.95	-3.0157
70.95	-3.0158
70.94	-3.0156
70.94	-3.0157
70.94	-3.0158
70.94	-3.0155
70.94	-3.0157
70.93	-3.0154
70.92	-3.0157
70.92	-3.0156
70.92	-3.0156
70.92	-3.0157
70.91	-3.0156
70.91	-3.0154
70.90	-3.0156
70.91	-3.0154
70.90	-3.0154
70.90	-3.0155
70.90	-3.0153
70.90	-3.0154
70.89	-3.0153
70.89	-3.0152
70.89	-3.0152
70.89	-3.0152
70.88	-3.0152
70.88	-3.0153
70.88	-3.0154
70.88	-3.0153
70.88	-3.0153
70.87	-3.0151
70.87	-3.0151
70.87	-3.0152
70.87	-3.0151
70.87	-3.0151
70.87	-3.0150
70.87	-3.0150
70.86	-3.0150
70.86	-3.0149
70.86	-3.0148
70.85	-3.0150
70.85	-3.0147
70.85	-3.0148
70.84	-3.0148
70.84	-3.0147
70.84	-3.0148
70.83	-3.0148
70.83	-3.0149
70.83	-3.0147
70.83	-3.0147
70.83	-3.0145
70.83	-3.0147
70.83	-3.0148
70.82	-3.0146
70.82	-3.0147
70.82	-3.0146
70.82	-3.0147
70.81	-3.0146
70.81	-3.0148
70.80	-3.0148
70.80	-3.0149
70.80	-3.0149
70.79	-3.0148
70.79	-3.0148
70.79	-3.0147
70.79	-3.0149
70.79	-3.0147
70.78	-3.0147
70.78	-3.0146
70.78	-3.0147
70.77	-3.0147
70.77	-3.0147
70.77	-3.0146
70.77	-3.0144
70.77	-3.0144
70.76	-3.0147
70.76	-3.0143
70.76	-3.0146
70.75	-3.0143
70.75	-3.0144
70.75	-3.0146
70.75	-3.0144
70.75	-3.0143
70.75	-3.0142
70.74	-3.0142
70.74	-3.0142
70.74	-3.0142
70.73	-3.0143
70.73	-3.0142
70.73	-3.0142
70.73	-3.0143
70.72	-3.0141
70.72	-3.0141
70.72	-3.0140
70.71	-3.0142
70.71	-3.0141
70.70	-3.0141
70.70	-3.0142
70.70	-3.0142
70.70	-3.0140
70.70	-3.0139
70.69	-3.0140
70.70	-3.0139
70.70	-3.0141
70.69	-3.0142
70.69	-3.0142
70.68	-3.0142
70.68	-3.0140
70.68	-3.0142
70.67	-3.0139
70.67	-3.0142
70.67	-3.0139
70.67	-3.0141
70.66	-3.0140
70.66	-3.0139
70.66	-3.0140
70.66	-3.0141
70.65	-3.0139
70.65	-3.0139
70.65	-3.0139
70.65	-3.0138
70.64	-3.0138
70.64	-3.0139
70.64	-3.0137
70.64	-3.0136
70.63	-3.0139
70.63	-3.0138
70.63	-3.0137
70.63	-3.0136
70.63	-3.0138
70.63	-3.0138
70.63	-3.0137
70.63	-3.0139
70.62	-3.0138
70.62	-3.0137
70.62	-3.0136
70.61	-3.0137
70.61	-3.0138
70.61	-3.0138
70.60	-3.0136
70.60	-3.0137
70.59	-3.0137
70.59	-3.0137
70.59	-3.0137
70.59	-3.0137
70.59	-3.0136
70.59	-3.0136
70.59	-3.0138
70.58	-3.0137
70.58	-3.0137
70.58	-3.0139
70.58	-3.0135
70.58	-3.0136
70.57	-3.0136
70.57	-3.0135
70.57	-3.0137
70.57	-3.0136
70.56	-3.0135
70.56	-3.0135
70.56	-3.0135
70.55	-3.0134
70.55	-3.0135
70.55	-3.0133
70.54	-3.0135
70.54	-3.0135
70.54	-3.0131
70.54	-3.0133
70.53	-3.0132
70.53	-3.0134
70.53	-3.0133
70.53	-3.0132
70.53	-3.0131
70.52	-3.0133
70.52	-3.0130
70.52	-3.0132
70.52	-3.0132
70.51	-3.0131
70.51	-3.0133
70.51	-3.0130
70.50	-3.0132
70.50	-3.0129
70.50	-3.0131
70.50	-3.0131
70.50	-3.0129
70.49	-3.0130
70.49	-3.0130
70.49	-3.0130
70.49	-3.0128
70.49	-3.0129
70.48	-3.0128
70.48	-3.0129
70.48	-3.0126
70.47	-3.0126
70.47	-3.0126
70.47	-3.0126
70.46	-3.0127
70.47	-3.0128
70.46	-3.0126
70.46	-3.0130
70.46	-3.0126
70.46	-3.0129
70.45	-3.0126
70.45	-3.0127
70.45	-3.0125
70.45	-3.0126
70.44	-3.0126
70.44	-3.0127
70.44	-3.0125
70.43	-3.0127
70.43	-3.0127
70.43	-3.0126
70.43	-3.0126
70.43	-3.0126
70.43	-3.0126
70.43	-3.0126
70.42	-3.0126
70.42	-3.0125
70.42	-3.0124
70.41	-3.0124
70.41	-3.0125
70.41	-3.0124
70.40	-3.0125
70.40	-3.0126
70.40	-3.0124
70.40	-3.0123
70.39	-3.0125
70.39	-3.0125
70.39	-3.0125
70.38	-3.0126
70.38	-3.0125
70.38	-3.0126
70.38	-3.0124
70.38	-3.0126
70.38	-3.0125
70.37	-3.0125
70.37	-3.0124
70.37	-3.0124
70.36	-3.0124
70.36	-3.0123
70.36	-3.0123
70.35	-3.0124
70.35	-3.0125
70.35	-3.0125
70.34	-3.0126
70.34	-3.0123
70.34	-3.0122
70.34	-3.0125
70.34	-3.0122
70.33	-3.0124
70.33	-3.0121
70.33	-3.0122
70.33	-3.0121
70.33	-3.0120
70.33	-3.0121
70.32	-3.0119
70.32	-3.0120
70.32	-3.0121
70.31	-3.0119
70.31	-3.0118
70.31	-3.0119
70.30	-3.0120
70.30	-3.0120
70.30	-3.0118
70.30	-3.0117
70.30	-3.0119
70.30	-3.0118
70.30	-3.0118
70.29	-3.0118
70.29	-3.0117
70.29	-3.0115
70.28	-3.0118
70.28	-3.0117
70.28	-3.0117
70.27	-3.0117
70.27	-3.0117
70.27	-3.0116
70.27	-3.0116
70.27	-3.0118
70.26	-3.0117
70.26	-3.0115
70.25	-3.0114
70.25	-3.0114
70.25	-3.0113
70.25	-3.0113
70.25	-3.0115
70.25	-3.0114
70.24	-3.0114
70.24	-3.0114
70.24	-3.0114
70.23	-3.0113
70.23	-3.0113
70.23	-3.0114
70.23	-3.0113
70.23	-3.0113
70.22	-3.0114
70.22	-3.0113
70.22	-3.0114
70.21	-3.0112
70.21	-3.0112
70.20	-3.0112
70.20	-3.0112
70.20	-3.0113
70.20	-3.0114
70.20	-3.0111
70.20	-3.0110
70.20	-3.0111
70.19	-3.0110
70.18	-3.0113
70.18	-3.0111
70.18	-3.0109
70.18	-3.0111
70.18	-3.0109
70.18	-3.0109
70.17	-3.0112
70.17	-3.0112
70.17	-3.0112
70.17	-3.0110
70.16	-3.0110
70.16	-3.0108
70.16	-3.0108
70.15	-3.0107
70.15	-3.0107
70.15	-3.0107
70.15	-3.0107
70.14	-3.0110
70.14	-3.0108
70.14	-3.0108
70.14	-3.0105
70.14	-3.0108
70.13	-3.0107
70.13	-3.0107
70.13	-3.0106
70.13	-3.0107
70.12	-3.0105
70.12	-3.0105
70.12	-3.0106
70.11	-3.0105
70.11	-3.0105
70.10	-3.0105
70.10	-3.0105
70.10	-3.0105
70.10	-3.0103
70.10	-3.0104
70.10	-3.0104
70.09	-3.0104
70.09	-3.0104
70.09	-3.0103
70.09	-3.0105
70.08	-3.0104
70.08	-3.0103
70.08	-3.0103
70.08	-3.0103
70.07	-3.0102
70.07	-3.0103
70.07	-3.0104
70.07	-3.0102
70.06	-3.0103
70.06	-3.0102
70.06	-3.0103
70.06	-3.0101
70.05	-3.0101
70.05	-3.0101
70.05	-3.0100
70.05	-3.0102
70.04	-3.0102
70.04	-3.0101
70.04	-3.0102
70.03	-3.0102
70.03	-3.0101
70.03	-3.0104
70.03	-3.0100
70.03	-3.0102
70.03	-3.0098
70.02	-3.0101
70.02	-3.0100
70.02	-3.0099
70.02	-3.0100
70.01	-3.0099
70.01	-3.0099
70.01	-3.0100
70.00	-3.0099
70.00	-3.0099
70.00	-3.0099
70.00	-3.0098
70.00	-3.0097
70.00	-3.0099
70.00	-3.0099
69.99	-3.0098
69.99	-3.0098
69.99	-3.0097
69.98	-3.0097
69.98	-3.0098
69.98	-3.0097
69.98	-3.0098
69.97	-3.0097
69.97	-3.0096
69.97	-3.0097
69.96	-3.0095
69.96	-3.0096
69.96	-3.0095
69.95	-3.0096
69.95	-3.0096
69.95	-3.0095
69.95	-3.0094
69.95	-3.0096
69.95	-3.0096
69.94	-3.0096
69.94	-3.0095
69.94	-3.0093
69.93	-3.0095
69.93	-3.0093
69.93	-3.0096
69.93	-3.0097
69.93	-3.0095
69.92	-3.0096
69.91	-3.0093
69.91	-3.0093
69.91	-3.0094
69.91	-3.0093
69.90	-3.0091
69.90	-3.0093
69.89	-3.0094
69.89	-3.0091
69.89	-3.0090
69.89	-3.0089
69.89	-3.0091
69.89	-3.0089
69.89	-3.0092
69.88	-3.0090
69.88	-3.0089
69.88	-3.0088
69.88	-3.0089
69.87	-3.0088
69.87	-3.0090
69.87	-3.0088
69.87	-3.0088
69.86	-3.0086
69.86	-3.0089
69.86	-3.0087
69.85	-3.0089
69.85	-3.0089
69.85	-3.0086
69.85	-3.0088
69.84	-3.0086
69.84	-3.0086
69.84	-3.0087
69.84	-3.0085
69.84	-3.0087
69.84	-3.0087
69.83	-3.0086
69.83	-3.0086
69.83	-3.0086
69.83	-3.0085
69.82	-3.0086
69.82	-3.0084
69.82	-3.0083
69.81	-3.0086
69.81	-3.0087
69.81	-3.0084
69.80	-3.0086
69.80	-3.0083
69.80	-3.0083
69.80	-3.0084
69.80	-3.0083
69.80	-3.0085
69.79	-3.0084
69.79	-3.0083
69.78	-3.0083
69.78	-3.0082
69.78	-3.0086
69.78	-3.0083
69.78	-3.0083
69.77	-3.0082
69.77	-3.0083
69.77	-3.0082
69.76	-3.0081
69.76	-3.0081
69.76	-3.0081
69.76	-3.0080
69.76	-3.0081
69.76	-3.0083
69.75	-3.0081
69.75	-3.0082
69.75	-3.0080
69.75	-3.0079
69.74	-3.0079
69.74	-3.0079
69.73	-3.0076
69.73	-3.0080
69.73	-3.0079
69.73	-3.0077
69.73	-3.0079
69.73	-3.0078
69.73	-3.0078
69.73	-3.0077
69.72	-3.0076
69.72	-3.0078
69.72	-3.0076
69.71	-3.0077
69.71	-3.0077
69.71	-3.0075
69.71	-3.0077
69.71	-3.0076
69.70	-3.0073
69.70	-3.0075
69.70	-3.0075
69.70	-3.0076
69.69	-3.0074
69.69	-3.0076
69.69	-3.0074
69.69	-3.0076
69.68	-3.0075
69.68	-3.0074
69.68	-3.0075
69.68	-3.0073
69.67	-3.0075
69.67	-3.0073
69.67	-3.0073
69.67	-3.0073
69.67	-3.0074
69.66	-3.0073
69.66	-3.0072
69.65	-3.0074
69.65	-3.0072
69.65	-3.0075
69.64	-3.0074
69.64	-3.0074
69.64	-3.0076
69.64	-3.0076
69.64	-3.0073
69.64	-3.0075
69.63	-3.0070
69.63	-3.0075
69.63	-3.0074
69.63	-3.0072
69.62	-3.0073
69.62	-3.0075
69.61	-3.0071
69.61	-3.0074
69.61	-3.0073
69.61	-3.0072
69.60	-3.0072
69.60	-3.0073
69.60	-3.0073
69.59	-3.0075
69.59	-3.0073
69.59	-3.0075
69.59	-3.0074
69.59	-3.0073
69.58	-3.0074
69.58	-3.0073
69.58	-3.0073
69.58	-3.0074
69.58	-3.0073
69.58	-3.0071
69.57	-3.0073
69.57	-3.0074
69.57	-3.0072
69.56	-3.0072
69.56	-3.0071
69.56	-3.0072
69.56	-3.0072
69.56	-3.0071
69.55	-3.0069
69.55	-3.0072
69.55	-3.0071
69.54	-3.0070
69.54	-3.0071
69.54	-3.0071
69.54	-3.0070
69.53	-3.0070
69.53	-3.0069
69.53	-3.0068
69.53	-3.0069
69.53	-3.0070
69.53	-3.0070
69.52	-3.0069
69.51	-3.0068
69.51	-3.0069
69.51	-3.0070
69.51	-3.0070
69.50	-3.0069
69.50	-3.0066
69.50	-3.0067
69.50	-3.0068
69.50	-3.0068
69.49	-3.0070
69.49	-3.0068
69.49	-3.0067
69.49	-3.0067
69.49	-3.0066
69.48	-3.0067
69.48	-3.0067
69.48	-3.0067
69.47	-3.0066
69.47	-3.0067
69.47	-3.0065
69.46	-3.0065
69.46	-3.0066
69.46	-3.0066
69.46	-3.0065
69.46	-3.0065
69.45	-3.0064
69.45	-3.0062
69.45	-3.0065
69.45	-3.0064
69.44	-3.0063
69.44	-3.0064
69.44	-3.0062
69.44	-3.0063
69.43	-3.0063
69.43	-3.0061
69.43	-3.0061
69.43	-3.0062
69.42	-3.0061
69.42	-3.0060
69.42	-3.0060
69.42	-3.0062
69.41	-3.0062
69.41	-3.0061
69.41	-3.0060
69.40	-3.0058
69.40	-3.0060
69.40	-3.0057
69.40	-3.0060
69.39	-3.0059
69.39	-3.0061
69.39	-3.0059
69.39	-3.0059
69.39	-3.0059
69.38	-3.0059
69.38	-3.0056
69.38	-3.0058
69.38	-3.0058
69.37	-3.0056
69.37	-3.0060
69.37	-3.0056
69.37	-3.0058
69.37	-3.0055
69.36	-3.0057
69.36	-3.0058
69.36	-3.0055
69.36	-3.0055
69.35	-3.0052
69.35	-3.0053
69.34	-3.0056
69.34	-3.0053
69.34	-3.0052
69.34	-3.0053
69.34	-3.0053
69.33	-3.0052
69.33	-3.0052
69.33	-3.0050
69.33	-3.0052
69.33	-3.0051
69.32	-3.0053
69.32	-3.0050
69.32	-3.0053
69.32	-3.0051
69.31	-3.0052
69.31	-3.0051
69.30	-3.0053
69.30	-3.0051
69.30	-3.0051
69.30	-3.0052
69.30	-3.0052
69.30	-3.0052
69.30	-3.0052
69.29	-3.0050
69.29	-3.0053
69.28	-3.0051
69.28	-3.0050
69.28	-3.0051
69.28	-3.0050
69.28	-3.0050
69.28	-3.0052
69.28	-3.0051
69.27	-3.0049
69.26	-3.0049
69.26	-3.0050
69.26	-3.0050
69.26	-3.0049
69.25	-3.0049
69.25	-3.0046
69.25	-3.0048
69.25	-3.0047
69.24	-3.0047
69.24	-3.0047
69.24	-3.0048
69.24	-3.0046
69.23	-3.0049
69.23	-3.0048
69.23	-3.0045
69.23	-3.0047
69.23	-3.0045
69.22	-3.0046
69.22	-3.0044
69.21	-3.0045
69.21	-3.0045
69.21	-3.0044
69.21	-3.0047
69.20	-3.0045
69.20	-3.0045
69.20	-3.0044
69.20	-3.0045
69.20	-3.0044
69.19	-3.0045
69.19	-3.0045
69.19	-3.0045
69.19	-3.0043
69.18	-3.0043
69.18	-3.0045
69.17	-3.0043
69.17	-3.0043
69.17	-3.0044
69.17	-3.0044
69.17	-3.0044
69.17	-3.0043
69.17	-3.0044
69.16	-3.0043
69.16	-3.0044
69.15	-3.0044
69.15	-3.0044
69.15	-3.0045
69.15	-3.0045
69.14	-3.0045
69.14	-3.0044
69.14	-3.0046
69.14	-3.0045
69.14	-3.0044
69.13	-3.0044
69.13	-3.0044
69.13	-3.0044
69.13	-3.0043
69.13	-3.0044
69.12	-3.0044
69.12	-3.0044
69.11	-3.0043
69.11	-3.0045
69.11	-3.0045
69.11	-3.0043
69.10	-3.0042
69.10	-3.0044
69.10	-3.0042
69.10	-3.0041
69.09	-3.0041
69.09	-3.0042
69.09	-3.0039
69.08	-3.0039
69.08	-3.0040
69.08	-3.0039
69.08	-3.0041
69.08	-3.0039
69.08	-3.0038
69.07	-3.0040
69.07	-3.0041
69.07	-3.0039
69.07	-3.0040
69.06	-3.0039
69.06	-3.0039
69.06	-3.0037
69.06	-3.0041
69.06	-3.0039
69.05	-3.0037
69.05	-3.0040
69.05	-3.0038
69.05	-3.0040
69.05	-3.0040
69.04	-3.0039
69.03	-3.0036
69.03	-3.0040
69.03	-3.0038
69.03	-3.0039
69.03	-3.0037
69.02	-3.0037
69.02	-3.0036
69.02	-3.0036
69.01	-3.0038
69.01	-3.0036
69.01	-3.0035
69.01	-3.0036
69.01	-3.0036
69.01	-3.0037
69.00	-3.0036
69.00	-3.0035
69.00	-3.0035
69.00	-3.0036
68.99	-3.0035
68.99	-3.0036
68.99	-3.0034
68.98	-3.0036
68.98	-3.0034
68.98	-3.0036
68.98	-3.0034
68.98	-3.0036
68.97	-3.0034
68.97	-3.0035
68.96	-3.0035
68.96	-3.0036
68.95	-3.0035
68.95	-3.0033
68.95	-3.0035
68.95	-3.0034
68.95	-3.0032
68.95	-3.0033
68.95	-3.0033
68.95	-3.0031
68.94	-3.0034
68.94	-3.0032
68.94	-3.0030
68.94	-3.0033
68.94	-3.0032
68.93	-3.0031
68.92	-3.0029
68.92	-3.0031
68.92	-3.0031
68.92	-3.0032
68.92	-3.0031
68.91	-3.0029
68.91	-3.0030
68.91	-3.0031
68.91	-3.0031
68.91	-3.0031
68.90	-3.0028
68.90	-3.0031
68.89	-3.0030
68.89	-3.0030
68.89	-3.0028
68.89	-3.0029
68.89	-3.0029
68.89	-3.0028
68.88	-3.0028
68.88	-3.0025
68.88	-3.0025
68.88	-3.0026
68.87	-3.0027
68.87	-3.0027
68.87	-3.0025
68.87	-3.0025
68.86	-3.0025
68.86	-3.0024
68.86	-3.0023
68.85	-3.0025
68.85	-3.0022
68.84	-3.0023
68.84	-3.0023
68.84	-3.0024
68.84	-3.0020
68.84	-3.0024
68.84	-3.0021
68.84	-3.0022
68.84	-3.0022
68.83	-3.0022
68.83	-3.0023
68.83	-3.0020
68.83	-3.0022
68.83	-3.0022
68.82	-3.0021
68.82	-3.0021
68.81	-3.0020
68.81	-3.0019
68.81	-3.0022
68.81	-3.0018
68.81	-3.0021
68.81	-3.0021
68.80	-3.0019
68.80	-3.0018
68.80	-3.0020
68.80	-3.0017
68.80	-3.0020
68.79	-3.0018
68.79	-3.0018
68.78	-3.0017
68.78	-3.0017
68.78	-3.0019
68.78	-3.0017
68.77	-3.0017
68.77	-3.0016
68.77	-3.0018
68.77	-3.0017
68.76	-3.0017
68.76	-3.0017
68.75	-3.0015
68.75	-3.0017
68.75	-3.0016
68.75	-3.0016
68.75	-3.0016
68.75	-3.0016
68.75	-3.0017
68.74	-3.0015
68.74	-3.0015
68.73	-3.0016
68.73	-3.0016
68.73	-3.0015
68.73	-3.0016
68.73	-3.0016
68.73	-3.0015
68.72	-3.0015
68.72	-3.0015
68.72	-3.0016
68.71	-3.0014
68.71	-3.0015
68.70	-3.0014
68.70	-3.0015
68.70	-3.0015
68.70	-3.0015
68.70	-3.0015
68.70	-3.0013
68.70	-3.0012
68.70	-3.0012
68.69	-3.0014
68.69	-3.0014
68.68	-3.0013
68.68	-3.0013
68.68	-3.0012
68.68	-3.0012
68.68	-3.0013
68.67	-3.0012
68.67	-3.0011
68.66	-3.0011
68.66	-3.0011
68.66	-3.0012
68.66	-3.0009
68.66	-3.0011
68.65	-3.0010
68.65	-3.0008
68.64	-3.0010
68.64	-3.0008
68.64	-3.0011
68.64	-3.0007
68.64	-3.0009
68.63	-3.0010
68.63	-3.0007
68.63	-3.0008
68.63	-3.0008
68.63	-3.0009
68.62	-3.0009
68.62	-3.0007
68.62	-3.0008
68.62	-3.0009
68.61	-3.0009
68.61	-3.0007
68.61	-3.0009
68.61	-3.0006
68.60	-3.0010
68.60	-3.0005
68.59	-3.0006
68.60	-3.0009
68.59	-3.0005
68.59	-3.0010
68.59	-3.0007
68.59	-3.0007
68.59	-3.0009
68.58	-3.0008
68.58	-3.0008
68.58	-3.0007
68.58	-3.0007
68.58	-3.0006
68.57	-3.0008
68.57	-3.0007
68.57	-3.0008
68.56	-3.0007
68.56	-3.0008
68.56	-3.0008
68.55	-3.0005
68.55	-3.0007
68.55	-3.0008
68.55	-3.0004
68.54	-3.0006
68.54	-3.0005
68.54	-3.0005
68.53	-3.0004
68.53	-3.0004
68.53	-3.0004
68.53	-3.0005
68.53	-3.0004
68.53	-3.0004
68.53	-3.0005
68.53	-3.0004
68.52	-3.0004
68.51	-3.0003
68.51	-3.0004
68.51	-3.0004
68.51	-3.0005
68.50	-3.0004
68.50	-3.0003
68.50	-3.0002
68.50	-3.0004
68.50	-3.0003
68.49	-3.0003
68.49	-3.0003
68.49	-3.0000
68.48	-3.0001
68.48	-2.9999
68.48	-3.0002
68.48	-3.0000
68.48	-2.9998
68.47	-3.0000
68.47	-3.0000
68.46	-3.0000
68.46	-2.9999
68.46	-3.0000
68.46	-2.9998
68.46	-2.9998
68.45	-2.9997
68.45	-2.9997
68.45	-2.9998
68.45	-2.9999
68.45	-2.9998
68.44	-2.9997
68.44	-2.9999
68.44	-2.9999
68.43	-2.9999
68.43	-2.9999
68.43	-2.9997
68.43	-2.9998
68.42	-2.9997
68.42	-2.9998
68.42	-2.9996
68.41	-2.9996
68.41	-2.9998
68.41	-2.9998
68.41	-2.9996
68.41	-2.9996
68.40	-2.9995
68.40	-2.9998
68.40	-2.9997
68.39	-2.9998
68.39	-2.9994
68.39	-2.9996
68.39	-2.9996
68.39	-2.9997
68.39	-2.9995
68.38	-2.9995
68.38	-2.9994
68.38	-2.9995
68.38	-2.9993
68.38	-2.9993
68.37	-2.9994
68.37	-2.9994
68.37	-2.9993
68.36	-2.9994
68.36	-2.9994
68.36	-2.9992
68.35	-2.9991
68.35	-2.9990
68.35	-2.9991
68.35	-2.9991
68.34	-2.9989
68.34	-2.9990
68.34	-2.9989
68.34	-2.9987
68.33	-2.9989
68.33	-2.9989
68.33	-2.9986
68.33	-2.9987
68.32	-2.9985
68.32	-2.9985
68.32	-2.9986
68.32	-2.9985
68.31	-2.9984
68.31	-2.9985
68.31	-2.9985
68.31	-2.9985
68.30	-2.9985
68.30	-2.9986
68.30	-2.9984
68.30	-2.9985
68.29	-2.9984
68.29	-2.9986
68.28	-2.9986
68.28	-2.9985
68.28	-2.9986
68.28	-2.9985
68.28	-2.9986
68.28	-2.9983
68.28	-2.9985
68.28	-2.9983
68.27	-2.9985
68.27	-2.9984
68.27	-2.9983
68.26	-2.9985
68.26	-2.9983
68.26	-2.9985
68.25	-2.9984
68.25	-2.9985
68.25	-2.9983
68.25	-2.9983
68.25	-2.9982
68.24	-2.9982
68.24	-2.9983
68.24	-2.9982
68.24	-2.9984
68.23	-2.9983
68.23	-2.9981
68.22	-2.9982
68.22	-2.9982
68.22	-2.9982
68.22	-2.9982
68.22	-2.9981
68.22	-2.9981
68.22	-2.9981
68.21	-2.9980
68.21	-2.9980
68.20	-2.9983
68.20	-2.9980
68.20	-2.9980
68.20	-2.9982
68.20	-2.9981
68.19	-2.9982
68.19	-2.9982
68.19	-2.9980
68.19	-2.9982
68.18	-2.9979
68.18	-2.9978
68.17	-2.9980
68.17	-2.9981
68.17	-2.9982
68.17	-2.9982
68.17	-2.9979
68.17	-2.9978
68.17	-2.9980
68.16	-2.9979
68.16	-2.9980
68.16	-2.9979
68.15	-2.9978
68.14	-2.9980
68.14	-2.9980
68.14	-2.9978
68.14	-2.9980
68.14	-2.9978
68.14	-2.9978
68.13	-2.9978
68.13	-2.9980
68.13	-2.9977
68.13	-2.9977
68.13	-2.9975
68.13	-2.9977
68.12	-2.9978
68.12	-2.9976
68.12	-2.9978
68.12	-2.9977
68.11	-2.9976
68.11	-2.9976
68.10	-2.9977
68.10	-2.9975
68.10	-2.9976
68.10	-2.9976
68.10	-2.9973
68.10	-2.9976
68.09	-2.9976
68.09	-2.9976
68.09	-2.9975
68.08	-2.9975
68.08	-2.9976
68.08	-2.9976
68.08	-2.9976
68.07	-2.9974
68.07	-2.9975
68.07	-2.9975
68.07	-2.9974
68.06	-2.9972
68.06	-2.9974
68.06	-2.9973
68.05	-2.9974
68.05	-2.9974
68.05	-2.9973
68.05	-2.9972
68.05	-2.9973
68.05	-2.9972
68.04	-2.9973
68.04	-2.9972
68.03	-2.9972
68.03	-2.9974
68.03	-2.9972
68.03	-2.9971
68.03	-2.9974
68.02	-2.9972
68.02	-2.9972
68.02	-2.9972
68.02	-2.9973
68.01	-2.9970
68.01	-2.9971
68.01	-2.9972
68.01	-2.9970
68.01	-2.9969
68.00	-2.9970
68.00	-2.9968
68.00	-2.9968
68.00	-2.9968
67.99	-2.9968
67.99	-2.9969
67.99	-2.9967
67.98	-2.9966
67.98	-2.9968
67.98	-2.9967
67.97	-2.9968
67.97	-2.9967
67.97	-2.9967
67.97	-2.9968
67.97	-2.9967
67.96	-2.9967
67.96	-2.9968
67.96	-2.9966
67.95	-2.9966
67.95	-2.9967
67.95	-2.9967
67.95	-2.9968
67.95	-2.9968
67.94	-2.9967
67.94	-2.9967
67.94	-2.9968
67.94	-2.9967
67.93	-2.9965
67.93	-2.9964
67.93	-2.9964
67.93	-2.9964
67.92	-2.9966
67.92	-2.9964
67.92	-2.9964
67.92	-2.9965
67.92	-2.9964
67.92	-2.9964
67.91	-2.9963
67.91	-2.9963
67.91	-2.9964
67.91	-2.9961
67.90	-2.9964
67.90	-2.9962
67.90	-2.9965
67.89	-2.9962
67.89	-2.9962
67.89	-2.9964
67.89	-2.9964
67.88	-2.9961
67.88	-2.9960
67.88	-2.9962
67.88	-2.9961
67.88	-2.9962
67.87	-2.9960
67.87	-2.9962
67.87	-2.9961
67.86	-2.9958
67.86	-2.9960
67.86	-2.9960
67.85	-2.9960
67.85	-2.9960
67.85	-2.9960
67.85	-2.9959
67.84	-2.9959
67.84	-2.9960
67.84	-2.9959
67.84	-2.9960
67.83	-2.9959
67.83	-2.9959
67.83	-2.9959
67.83	-2.9960
67.82	-2.9959
67.82	-2.9959
67.82	-2.9958
67.82	-2.9958
67.81	-2.9958
67.81	-2.9958
67.81	-2.9959
67.81	-2.9957
67.81	-2.9957
67.80	-2.9958
67.80	-2.9958
67.80	-2.9958
67.80	-2.9959
67.80	-2.9956
67.79	-2.9959
67.79	-2.9955
67.79	-2.9957
67.78	-2.9958
67.78	-2.9958
67.78	-2.9956
67.78	-2.9955
67.77	-2.9957
67.77	-2.9955
67.77	-2.9957
67.77	-2.9954
67.77	-2.9955
67.76	-2.9954
67.76	-2.9955
67.75	-2.9956
67.75	-2.9956
67.75	-2.9957
67.75	-2.9954
67.75	-2.9955
67.74	-2.9955
67.74	-2.9956
67.74	-2.9953
67.74	-2.9953
67.74	-2.9954
67.73	-2.9954
67.73	-2.9954
67.72	-2.9954
67.72	-2.9953
67.72	-2.9953
67.72	-2.9952
67.72	-2.9952
67.72	-2.9954
67.72	-2.9955
67.71	-2.9953
67.71	-2.9952
67.71	-2.9951
67.70	-2.9953
67.70	-2.9953
67.70	-2.9951
67.70	-2.9953
67.70	-2.9951
67.69	-2.9952
67.69	-2.9951
67.69	-2.9952
67.68	-2.9950
67.68	-2.9952
67.67	-2.9951
67.67	-2.9950
67.67	-2.9952
67.67	-2.9951
67.67	-2.9951
67.66	-2.9950
67.66	-2.9950
67.66	-2.9949
67.65	-2.9950
67.65	-2.9949
67.65	-2.9947
67.64	-2.9949
67.64	-2.9947
67.64	-2.9948
67.64	-2.9947
67.64	-2.9948
67.63	-2.9946
67.63	-2.9948
67.63	-2.9947
67.63	-2.9946
67.63	-2.9946
67.63	-2.9945
67.62	-2.9945
67.62	-2.9945
67.62	-2.9945
67.61	-2.9945
67.61	-2.9944
67.61	-2.9943
67.60	-2.9944
67.60	-2.9944
67.60	-2.9942
67.60	-2.9944
67.59	-2.9945
67.59	-2.9945
67.59	-2.9944
67.59	-2.9944
67.58	-2.9943
67.58	-2.9942
67.58	-2.9944
67.58	-2.9942
67.58	-2.9941
67.58	-2.9940
67.58	-2.9941
67.58	-2.9942
67.57	-2.9939
67.57	-2.9942
67.56	-2.9942
67.56	-2.9939
67.55	-2.9940
67.55	-2.9940
67.55	-2.9942
67.55	-2.9938
67.55	-2.9941
67.54	-2.9941
67.54	-2.9942
67.53	-2.9940
67.53	-2.9940
67.53	-2.9942
67.53	-2.9939
67.53	-2.9941
67.53	-2.9940
67.53	-2.9939
67.52	-2.9940
67.52	-2.9938
67.52	-2.9938
67.52	-2.9938
67.51	-2.9937
67.51	-2.9937
67.50	-2.9937
67.50	-2.9937
67.50	-2.9934
67.50	-2.9936
67.50	-2.9934
67.49	-2.9936
67.49	-2.9936
67.49	-2.9934
67.49	-2.9937
67.48	-2.9934
67.48	-2.9934
67.48	-2.9935
67.47	-2.9936
67.47	-2.9935
67.47	-2.9936
67.47	-2.9936
67.46	-2.9937
67.46	-2.9936
67.46	-2.9934
67.46	-2.9935
67.46	-2.9936
67.45	-2.9935
67.45	-2.9935
67.45	-2.9937
67.45	-2.9935
67.44	-2.9934
67.44	-2.9931
67.44	-2.9935
67.44	-2.9934
67.43	-2.9933
67.43	-2.9933
67.43	-2.9932
67.43	-2.9933
67.42	-2.9933
67.42	-2.9932
67.42	-2.9931
67.42	-2.9932
67.42	-2.9931
67.42	-2.9931
67.42	-2.9930
67.41	-2.9931
67.41	-2.9930
67.41	-2.9930
67.40	-2.9927
67.40	-2.9929
67.40	-2.9928
67.39	-2.9929
67.39	-2.9925
67.39	-2.9927
67.39	-2.9927
67.38	-2.9926
67.38	-2.9929
67.38	-2.9925
67.38	-2.9926
67.37	-2.9926
67.37	-2.9926
67.37	-2.9926
67.36	-2.9924
67.36	-2.9926
67.36	-2.9925
67.36	-2.9924
67.35	-2.9927
67.35	-2.9926
67.34	-2.9925
67.34	-2.9926
67.34	-2.9925
67.34	-2.9926
67.34	-2.9926
67.34	-2.9926
67.33	-2.9925
67.33	-2.9923
67.33	-2.9924
67.33	-2.9924
67.33	-2.9925
67.32	-2.9927
67.32	-2.9925
67.32	-2.9924
67.32	-2.9926
67.32	-2.9925
67.31	-2.9925
67.31	-2.9927
67.31	-2.9926
67.30	-2.9924
67.30	-2.9924
67.30	-2.9923
67.30	-2.9924
67.30	-2.9923
67.29	-2.9923
67.29	-2.9923
67.28	-2.9923
67.28	-2.9923
67.28	-2.9922
67.28	-2.9922
67.28	-2.9923
67.27	-2.9922
67.27	-2.9923
67.27	-2.9923
67.27	-2.9924
67.26	-2.9923
67.26	-2.9922
67.26	-2.9923
67.26	-2.9922
67.25	-2.9920
67.25	-2.9923
67.25	-2.9922
67.24	-2.9922
67.24	-2.9921
67.24	-2.9921
67.23	-2.9920
67.23	-2.9920
67.23	-2.9922
67.23	-2.9920
67.22	-2.9921
67.22	-2.9919
67.22	-2.9920
67.21	-2.9919
67.21	-2.9918
67.21	-2.9919
67.21	-2.9918
67.21	-2.9918
67.21	-2.9917
67.20	-2.9918
67.20	-2.9917
67.20	-2.9917
67.20	-2.9916
67.20	-2.9915
67.20	-2.9914
67.19	-2.9918
67.18	-2.9916
67.18	-2.9916
67.18	-2.9915
67.17	-2.9914
67.17	-2.9915
67.17	-2.9916
67.17	-2.9914
67.17	-2.9914
67.17	-2.9912
67.17	-2.9913
67.16	-2.9913
67.16	-2.9913
67.16	-2.9914
67.16	-2.9914
67.15	-2.9914
67.15	-2.9913
67.14	-2.9912
67.14	-2.9913
67.14	-2.9912
67.14	-2.9915
67.14	-2.9913
67.13	-2.9914
67.13	-2.9913
67.13	-2.9912
67.13	-2.9913
67.13	-2.9913
67.13	-2.9914
67.12	-2.9911
67.12	-2.9912
67.12	-2.9912
67.11	-2.9913
67.11	-2.9912
67.11	-2.9913
67.11	-2.9912
67.10	-2.9911
67.10	-2.9909
67.09	-2.9909
67.09	-2.9910
67.09	-2.9909
67.08	-2.9911
67.09	-2.9910
67.08	-2.9909
67.09	-2.9913
67.09	-2.9910
67.08	-2.9911
67.08	-2.9911
67.08	-2.9911
67.07	-2.9909
67.07	-2.9912
67.06	-2.9909
67.06	-2.9911
67.06	-2.9910
67.06	-2.9910
67.06	-2.9912
67.06	-2.9910
67.06	-2.9912
67.05	-2.9910
67.05	-2.9909
67.05	-2.9909
67.04	-2.9910
67.04	-2.9909
67.04	-2.9909
67.04	-2.9909
67.04	-2.9910
67.03	-2.9907
67.03	-2.9908
67.03	-2.9907
67.03	-2.9904
67.02	-2.9907
67.02	-2.9908
67.02	-2.9906
67.02	-2.9906
67.01	-2.9906
67.01	-2.9908
67.00	-2.9906
67.00	-2.9907
67.00	-2.9905
67.00	-2.9906
67.00	-2.9905
67.00	-2.9905
67.00	-2.9907
66.99	-2.9906
66.99	-2.9906
66.99	-2.9903
66.98	-2.9907
66.98	-2.9903
66.97	-2.9904
66.97	-2.9906
66.97	-2.9904
66.97	-2.9903
66.97	-2.9904
66.96	-2.9903
66.96	-2.9903
66.96	-2.9904
66.95	-2.9903
66.95	-2.9905
66.95	-2.9902
66.95	-2.9904
66.94	-2.9902
66.94	-2.9903
66.95	-2.9903
66.94	-2.9901
66.94	-2.9901
66.94	-2.9902
66.93	-2.9901
66.93	-2.9903
66.93	-2.9902
66.92	-2.9902
66.92	-2.9902
66.92	-2.9902
66.92	-2.9902
66.92	-2.9901
66.91	-2.9902
66.91	-2.9900
66.90	-2.9900
66.90	-2.9902
66.90	-2.9900
66.90	-2.9901
66.90	-2.9900
66.89	-2.9900
66.89	-2.9899
66.88	-2.9900
66.88	-2.9900
66.88	-2.9900
66.88	-2.9898
66.88	-2.9899
66.88	-2.9900
66.88	-2.9899
66.87	-2.9900
66.87	-2.9898
66.86	-2.9901
66.86	-2.9899
66.86	-2.9900
66.86	-2.9898
66.85	-2.9900
66.85	-2.9899
66.85	-2.9900
66.84	-2.9898
66.84	-2.9900
66.84	-2.9898
66.84	-2.9895
66.84	-2.9898
66.83	-2.9897
66.83	-2.9896
66.83	-2.9897
66.83	-2.9896
66.83	-2.9895
66.82	-2.9895
66.82	-2.9896
66.82	-2.9896
66.81	-2.9896
66.81	-2.9896
66.81	-2.9896
66.81	-2.9895
66.81	-2.9896
66.80	-2.9895
66.80	-2.9893
66.80	-2.9896
66.80	-2.9896
66.79	-2.9894
66.79	-2.9896
66.79	-2.9896
66.79	-2.9896
66.79	-2.9896
66.78	-2.9894
66.78	-2.9891
66.78	-2.9892
66.78	-2.9892
66.77	-2.9893
66.77	-2.9894
66.77	-2.9892
66.77	-2.9893
66.76	-2.9892
66.75	-2.9891
66.75	-2.9890
66.75	-2.9891
66.75	-2.9891
66.75	-2.9891
66.75	-2.9888
66.75	-2.9890
66.74	-2.9891
66.74	-2.9890
66.74	-2.9888
66.73	-2.9890
66.73	-2.9887
66.73	-2.9890
66.72	-2.9888
66.72	-2.9891
66.72	-2.9891
66.72	-2.9892
66.72	-2.9889
66.71	-2.9890
66.71	-2.9890
66.71	-2.9893
66.71	-2.9890
66.70	-2.9890
66.70	-2.9890
66.70	-2.9893
66.70	-2.9889
66.69	-2.9890
66.69	-2.9890
66.68	-2.9890
66.68	-2.9892
66.68	-2.9887
66.67	-2.9889
66.67	-2.9889
66.67	-2.9888
66.67	-2.9887
66.67	-2.9888
66.67	-2.9886
66.67	-2.9886
66.66	-2.9886
66.66	-2.9887
66.66	-2.9885
66.66	-2.9884
66.65	-2.9885
66.65	-2.9884
66.65	-2.9885
66.65	-2.9885
66.64	-2.9885
66.64	-2.9883
66.64	-2.9886
66.64	-2.9883
66.63	-2.9883
66.63	-2.9883
66.63	-2.9884
66.63	-2.9885
66.63	-2.9882
66.63	-2.9883
66.62	-2.9882
66.62	-2.9882
66.62	-2.9881
66.61	-2.9881
66.61	-2.9881
66.61	-2.9881
66.61	-2.9880
66.61	-2.9881
66.60	-2.9881
66.60	-2.9878
66.59	-2.9879
66.59	-2.9878
66.59	-2.9879
66.59	-2.9879
66.58	-2.9877
66.58	-2.9877
66.58	-2.9877
66.58	-2.9878
66.58	-2.9878
66.58	-2.9877
66.57	-2.9879
66.57	-2.9877
66.56	-2.9878
66.56	-2.9876
66.56	-2.9875
66.55	-2.9877
66.55	-2.9876
66.55	-2.9873
66.55	-2.9876
66.55	-2.9874
66.54	-2.9874
66.54	-2.9875
66.54	-2.9873
66.54	-2.9872
66.53	-2.9876
66.53	-2.9873
66.53	-2.9871
66.53	-2.9872
66.53	-2.9872
66.52	-2.9872
66.52	-2.9873
66.52	-2.9871
66.51	-2.9872
66.51	-2.9872
66.51	-2.9871
66.50	-2.9874
66.50	-2.9870
66.50	-2.9871
66.50	-2.9872
66.50	-2.9872
66.50	-2.9873
66.49	-2.9872
66.49	-2.9872
66.48	-2.9870
66.48	-2.9874
66.48	-2.9871
66.48	-2.9871
66.47	-2.9872
66.47	-2.9870
66.47	-2.9871
66.47	-2.9870
66.46	-2.9871
66.46	-2.9870
66.46	-2.9870
66.45	-2.9869
66.46	-2.9870
66.45	-2.9870
66.45	-2.9868
66.45	-2.9869
66.45	-2.9870
66.44	-2.9869
66.44	-2.9870
66.44	-2.9869
66.43	-2.9869
66.43	-2.9869
66.43	-2.9870
66.43	-2.9870
66.43	-2.9870
66.42	-2.9868
66.42	-2.9868
66.42	-2.9868
66.42	-2.9869
66.41	-2.9871
66.41	-2.9870
66.40	-2.9869
66.40	-2.9871
66.40	-2.9869
66.40	-2.9869
66.39	-2.9867
66.39	-2.9868
66.39	-2.9868
66.39	-2.9867
66.39	-2.9868
66.38	-2.9867
66.38	-2.9868
66.38	-2.9867
66.37	-2.9869
66.37	-2.9869
66.37	-2.9868
66.37	-2.9870
66.37	-2.9867
66.37	-2.9869
66.36	-2.9865
66.36	-2.9867
66.36	-2.9866
66.36	-2.9867
66.36	-2.9867
66.35	-2.9867
66.35	-2.9865
66.34	-2.9867
66.34	-2.9862
66.34	-2.9866
66.33	-2.9864
66.33	-2.9865
66.33	-2.9864
66.33	-2.9863
66.33	-2.9866
66.33	-2.9865
66.33	-2.9866
66.32	-2.9866
66.32	-2.9865
66.32	-2.9864
66.32	-2.9864
66.31	-2.9864
66.31	-2.9862
66.31	-2.9863
66.31	-2.9862
66.31	-2.9861
66.30	-2.9863
66.30	-2.9862
66.30	-2.9863
66.30	-2.9864
66.29	-2.9862
66.29	-2.9862
66.28	-2.9862
66.28	-2.9863
66.28	-2.9862
66.28	-2.9863
66.27	-2.9861
66.27	-2.9862
66.27	-2.9862
66.27	-2.9861
66.26	-2.9860
66.26	-2.9859
66.26	-2.9859
66.25	-2.9859
66.25	-2.9859
66.25	-2.9861
66.25	-2.9861
66.25	-2.9860
66.25	-2.9860
66.24	-2.9860
66.24	-2.9859
66.24	-2.9858
66.24	-2.9860
66.23	-2.9860
66.23	-2.9857
66.23	-2.9859
66.22	-2.9856
66.22	-2.9860
66.22	-2.9857
66.22	-2.9858
66.22	-2.9860
66.21	-2.9858
66.21	-2.9858
66.20	-2.9857
66.20	-2.9857
66.20	-2.9858
66.20	-2.9857
66.20	-2.9857
66.19	-2.9857
66.19	-2.9856
66.19	-2.9856
66.18	-2.9856
66.18	-2.9856
66.18	-2.9855
66.18	-2.9856
66.17	-2.9856
66.17	-2.9855
66.17	-2.9857
66.17	-2.9853
66.17	-2.9855
66.17	-2.9854
66.17	-2.9854
66.16	-2.9855
66.16	-2.9854
66.16	-2.9853
66.16	-2.9854
66.15	-2.9853
66.15	-2.9852
66.14	-2.9852
66.14	-2.9852
66.14	-2.9852
66.14	-2.9850
66.14	-2.9849
66.13	-2.9850
66.13	-2.9850
66.13	-2.9849
66.13	-2.9851
66.13	-2.9848
66.13	-2.9851
66.12	-2.9850
66.12	-2.9850
66.12	-2.9850
66.11	-2.9851
66.11	-2.9847
66.10	-2.9849
66.10	-2.9848
66.10	-2.9846
66.10	-2.9848
66.10	-2.9847
66.09	-2.9846
66.09	-2.9846
66.09	-2.9846
66.09	-2.9846
66.08	-2.9847
66.08	-2.9847
66.08	-2.9846
66.08	-2.9846
66.08	-2.9847
66.07	-2.9844
66.07	-2.9846
66.07	-2.9844
66.07	-2.9847
66.07	-2.9845
66.06	-2.9847
66.06	-2.9848
66.06	-2.9845
66.05	-2.9845
66.05	-2.9846
66.05	-2.9846
66.05	-2.9847
66.05	-2.9846
66.04	-2.9845
66.04	-2.9843
66.04	-2.9847
66.03	-2.9844
66.03	-2.9845
66.03	-2.9845
66.03	-2.9843
66.02	-2.9844
66.02	-2.9844
66.02	-2.9845
66.02	-2.9844
66.01	-2.9842
66.01	-2.9844
66.01	-2.9843
66.01	-2.9842
66.00	-2.9843
66.00	-2.9843
66.00	-2.9842
66.00	-2.9842
65.99	-2.9840
65.99	-2.9841
65.98	-2.9841
65.98	-2.9840
65.98	-2.9840
65.98	-2.9841
65.98	-2.9838
65.98	-2.9839
65.97	-2.9840
65.97	-2.9839
65.96	-2.9841
65.96	-2.9837
65.96	-2.9840
65.96	-2.9840
65.96	-2.9839
65.95	-2.9837
65.95	-2.9838
65.95	-2.9837
65.95	-2.9836
65.94	-2.9835
65.94	-2.9837
65.94	-2.9837
65.94	-2.9836
65.93	-2.9838
65.93	-2.9838
65.93	-2.9836
65.93	-2.9836
65.92	-2.9836
65.92	-2.9838
65.92	-2.9836
65.92	-2.9837
65.92	-2.9836
65.91	-2.9837
65.91	-2.9836
65.90	-2.9837
65.90	-2.9837
65.90	-2.9836
65.90	-2.9836
65.89	-2.9835
65.89	-2.9836
65.89	-2.9836
65.89	-2.9836
65.89	-2.9835
65.88	-2.9836
65.88	-2.9834
65.88	-2.9838
65.88	-2.9836
65.88	-2.9836
65.88	-2.9834
65.87	-2.9836
65.87	-2.9834
65.87	-2.9837
65.87	-2.9837
65.86	-2.9834
65.86	-2.9835
65.86	-2.9837
65.86	-2.9836
65.85	-2.9836
65.85	-2.9837
65.84	-2.9836
65.84	-2.9835
65.84	-2.9837
65.84	-2.9836
65.83	-2.9835
65.83	-2.9835
65.83	-2.9834
65.83	-2.9834
65.83	-2.9836
65.82	-2.9834
65.82	-2.9834
65.82	-2.9835
65.82	-2.9834
65.82	-2.9835
65.81	-2.9835
65.81	-2.9834
65.80	-2.9835
65.80	-2.9834
65.80	-2.9831
65.80	-2.9832
65.80	-2.9833
65.80	-2.9834
65.80	-2.9833
65.79	-2.9832
65.79	-2.9832
65.78	-2.9833
65.78	-2.9832
65.78	-2.9832
65.78	-2.9831
65.77	-2.9831
65.77	-2.9831
65.77	-2.9830
65.77	-2.9831
65.76	-2.9829
65.76	-2.9830
65.76	-2.9830
65.76	-2.9830
65.75	-2.9830
65.75	-2.9829
65.75	-2.9828
65.75	-2.9828
65.75	-2.9829
65.74	-2.9828
65.74	-2.9828
65.74	-2.9827
65.74	-2.9827
65.73	-2.9826
65.73	-2.9827
65.72	-2.9826
65.72	-2.9825
65.72	-2.9825
65.72	-2.9825
65.72	-2.9824
65.72	-2.9822
65.71	-2.9822
65.71	-2.9822
65.71	-2.9824
65.70	-2.9823
65.70	-2.9822
65.70	-2.9822
65.70	-2.9821
65.69	-2.9822
65.69	-2.9822
65.69	-2.9820
65.69	-2.9822
65.68	-2.9823
65.68	-2.9822
65.68	-2.9822
65.67	-2.9822
65.67	-2.9821
65.67	-2.9822
65.67	-2.9820
65.67	-2.9820
65.67	-2.9820
65.66	-2.9823
65.66	-2.9820
65.65	-2.9821
65.65	-2.9822
65.64	-2.9820
65.64	-2.9820
65.64	-2.9820
65.64	-2.9820
65.64	-2.9822
65.64	-2.9822
65.63	-2.9820
65.63	-2.9820
65.63	-2.9818
65.63	-2.9820
65.62	-2.9820
65.62	-2.9818
65.62	-2.9818
65.62	-2.9820
65.62	-2.9818
65.62	-2.9819
65.61	-2.9818
65.61	-2.9820
65.61	-2.9818
65.60	-2.9817
65.60	-2.9818
65.59	-2.9816
65.59	-2.9819
65.59	-2.9817
65.59	-2.9816
65.58	-2.9816
65.59	-2.9815
65.59	-2.9817
65.58	-2.9817
65.58	-2.9817
65.58	-2.9817
65.58	-2.9815
65.57	-2.9815
65.57	-2.9816
65.56	-2.9816
65.56	-2.9813
65.56	-2.9815
65.56	-2.9815
65.56	-2.9812
65.56	-2.9815
65.56	-2.9814
65.55	-2.9811
65.55	-2.9813
65.55	-2.9811
65.54	-2.9810
65.54	-2.9811
65.54	-2.9813
65.54	-2.9812
65.53	-2.9811
65.53	-2.9811
65.53	-2.9812
65.52	-2.9812
65.52	-2.9812
65.52	-2.9811
65.52	-2.9812
65.51	-2.9812
65.51	-2.9812
65.50	-2.9813
65.50	-2.9811
65.50	-2.9810
65.50	-2.9809
65.50	-2.9810
65.50	-2.9811
65.49	-2.9813
65.49	-2.9810
65.49	-2.9811
65.48	-2.9811
65.48	-2.9812
65.48	-2.9811
65.48	-2.9810
65.48	-2.9811
65.47	-2.9811
65.47	-2.9813
65.47	-2.9811
65.46	-2.9812
65.46	-2.9810
65.45	-2.9811
65.45	-2.9810
65.45	-2.9812
65.45	-2.9811
65.45	-2.9812
65.45	-2.9812
65.45	-2.9810
65.44	-2.9810
65.44	-2.9808
65.44	-2.9807
65.43	-2.9810
65.43	-2.9808
65.43	-2.9809
65.43	-2.9807
65.42	-2.9808
65.42	-2.9807
65.42	-2.9808
65.42	-2.9807
65.42	-2.9805
65.41	-2.9807
65.41	-2.9806
65.41	-2.9805
65.41	-2.9806
65.40	-2.9804
65.40	-2.9807
65.40	-2.9807
65.40	-2.9805
65.39	-2.9805
65.39	-2.9806
65.39	-2.9804
65.39	-2.9805
65.39	-2.9807
65.38	-2.9805
65.38	-2.9803
65.38	-2.9803
65.38	-2.9806
65.37	-2.9803
65.37	-2.9804
65.37	-2.9806
65.36	-2.9802
65.36	-2.9802
65.36	-2.9802
65.35	-2.9804
65.35	-2.9802
65.35	-2.9803
65.35	-2.9802
65.35	-2.9802
65.34	-2.9802
65.34	-2.9802
65.34	-2.9801
65.34	-2.9802
65.33	-2.9801
65.33	-2.9801
65.33	-2.9801
65.33	-2.9802
65.32	-2.9801
65.32	-2.9800
65.32	-2.9799
65.31	-2.9799
65.31	-2.9800
65.31	-2.9799
65.31	-2.9802
65.30	-2.9801
65.30	-2.9799
65.30	-2.9799
65.30	-2.9799
65.30	-2.9801
65.30	-2.9801
65.29	-2.9800
65.29	-2.9800
65.29	-2.9800
65.29	-2.9800
65.29	-2.9797
65.29	-2.9799
65.28	-2.9797
65.28	-2.9800
65.27	-2.9798
65.27	-2.9798
65.27	-2.9797
65.26	-2.9797
65.26	-2.9795
65.26	-2.9797
65.25	-2.9796
65.25	-2.9799
65.25	-2.9797
65.25	-2.9797
65.25	-2.9796
65.25	-2.9798
65.25	-2.9796
65.24	-2.9797
65.24	-2.9797
65.24	-2.9795
65.24	-2.9795
65.23	-2.9794
65.23	-2.9796
65.22	-2.9795
65.22	-2.9794
65.22	-2.9792
65.22	-2.9795
65.22	-2.9793
65.21	-2.9793
65.21	-2.9792
65.21	-2.9791
65.21	-2.9792
65.20	-2.9791
65.20	-2.9792
65.20	-2.9791
65.20	-2.9791
65.19	-2.9791
65.19	-2.9793
65.19	-2.9791
65.19	-2.9791
65.19	-2.9792
65.18	-2.9790
65.18	-2.9791
65.18	-2.9791
65.18	-2.9791
65.17	-2.9791
65.17	-2.9791
65.17	-2.9791
65.17	-2.9788
65.16	-2.9790
65.16	-2.9789
65.16	-2.9788
65.15	-2.9789
65.15	-2.9789
65.15	-2.9789
65.14	-2.9790
65.14	-2.9786
65.14	-2.9787
65.14	-2.9787
65.14	-2.9786
65.13	-2.9786
65.13	-2.9785
65.13	-2.9785
65.13	-2.9787
65.13	-2.9785
65.13	-2.9786
65.12	-2.9784
65.12	-2.9785
65.11	-2.9785
65.11	-2.9783
65.11	-2.9782
65.11	-2.9782
65.10	-2.9781
65.10	-2.9785
65.10	-2.9780
65.09	-2.9781
65.09	-2.9781
65.09	-2.9781
65.09	-2.9780
65.08	-2.9780
65.09	-2.9779
65.09	-2.9779
65.08	-2.9780
65.08	-2.9781
65.08	-2.9779
65.07	-2.9780
65.07	-2.9778
65.07	-2.9779
65.06	-2.9779
65.06	-2.9779
65.05	-2.9778
65.05	-2.9777
65.05	-2.9779
65.05	-2.9778
65.05	-2.9777
65.05	-2.9777
65.05	-2.9778
65.05	-2.9777
65.04	-2.9778
65.04	-2.9778
65.03	-2.9778
65.03	-2.9780
65.03	-2.9780
65.03	-2.9778
65.03	-2.9780
65.03	-2.9778
65.02	-2.9779
65.02	-2.9781
65.01	-2.9779
65.01	-2.9781
65.01	-2.9780
65.01	-2.9780
65.01	-2.9782
65.00	-2.9779
65.00	-2.9781
65.00	-2.9783
65.00	-2.9779
65.00	-2.9780
64.99	-2.9780
64.99	-2.9781
64.98	-2.9780
64.98	-2.9781
64.98	-2.9780
64.97	-2.9781
64.97	-2.9781
64.97	-2.9782
64.97	-2.9781
64.97	-2.9781
64.96	-2.9780
64.96	-2.9781
64.96	-2.9781
64.96	-2.9780
64.95	-2.9779
64.95	-2.9779
64.95	-2.9779
64.95	-2.9778
64.95	-2.9780
64.94	-2.9778
64.94	-2.9779
64.94	-2.9781
64.93	-2.9777
64.93	-2.9778
64.93	-2.9779
64.92	-2.9779
64.92	-2.9778
64.92	-2.9777
64.92	-2.9776
64.92	-2.9777
64.92	-2.9777
64.92	-2.9776
64.91	-2.9776
64.91	-2.9777
64.91	-2.9775
64.90	-2.9776
64.90	-2.9775
64.90	-2.9777
64.89	-2.9775
64.89	-2.9776
64.89	-2.9777
64.88	-2.9775
64.88	-2.9776
64.88	-2.9775
64.88	-2.9774
64.88	-2.9773
64.88	-2.9771
64.87	-2.9773
64.87	-2.9774
64.87	-2.9773
64.87	-2.9772
64.87	-2.9772
64.86	-2.9771
64.86	-2.9771
64.86	-2.9771
64.85	-2.9772
64.85	-2.9770
64.85	-2.9771
64.84	-2.9769
64.84	-2.9769
64.84	-2.9767
64.84	-2.9769
64.84	-2.9768
64.83	-2.9766
64.83	-2.9767
64.83	-2.9766
64.83	-2.9765
64.82	-2.9765
64.82	-2.9764
64.81	-2.9765
64.81	-2.9765
64.80	-2.9764
64.80	-2.9765
64.80	-2.9765
64.80	-2.9764
64.80	-2.9762
64.80	-2.9761
64.80	-2.9762
64.79	-2.9760
64.79	-2.9762
64.79	-2.9761
64.79	-2.9759
64.78	-2.9761
64.78	-2.9760
64.78	-2.9759
64.77	-2.9760
64.77	-2.9761
64.77	-2.9761
64.77	-2.9758
64.77	-2.9759
64.76	-2.9758
64.76	-2.9759
64.76	-2.9758
64.75	-2.9760
64.75	-2.9759
64.75	-2.9758
64.75	-2.9760
64.75	-2.9760
64.75	-2.9760
64.75	-2.9760
64.74	-2.9757
64.74	-2.9759
64.73	-2.9760
64.73	-2.9759
64.73	-2.9760
64.72	-2.9757
64.72	-2.9758
64.72	-2.9758
64.72	-2.9760
64.72	-2.9760
64.71	-2.9759
64.70	-2.9759
64.70	-2.9758
64.70	-2.9758
64.70	-2.9758
64.70	-2.9757
64.70	-2.9756
64.69	-2.9759
64.69	-2.9758
64.69	-2.9758
64.68	-2.9759
64.68	-2.9759
64.68	-2.9760
64.68	-2.9761
64.68	-2.9759
64.67	-2.9759
64.67	-2.9759
64.67	-2.9758
64.67	-2.9758
64.67	-2.9759
64.66	-2.9758
64.66	-2.9758
64.66	-2.9759
64.66	-2.9758
64.66	-2.9758
64.65	-2.9757
64.65	-2.9760
64.65	-2.9756
64.64	-2.9760
64.64	-2.9758
64.64	-2.9758
64.63	-2.9760
64.63	-2.9760
64.63	-2.9759
64.63	-2.9759
64.62	-2.9760
64.62	-2.9759
64.62	-2.9760
64.62	-2.9759
64.62	-2.9761
64.61	-2.9759
64.61	-2.9760
64.61	-2.9760
64.61	-2.9761
64.61	-2.9759
64.60	-2.9759
64.59	-2.9758
64.59	-2.9759
64.59	-2.9758
64.59	-2.9758
64.59	-2.9759
64.59	-2.9759
64.58	-2.9759
64.58	-2.9761
64.58	-2.9759
64.58	-2.9758
64.57	-2.9758
64.57	-2.9760
64.57	-2.9759
64.56	-2.9762
64.56	-2.9758
64.56	-2.9759
64.55	-2.9758
64.55	-2.9760
64.55	-2.9759
64.55	-2.9761
64.55	-2.9758
64.55	-2.9760
64.54	-2.9759
64.54	-2.9757
64.54	-2.9759
64.53	-2.9759
64.53	-2.9759
64.53	-2.9757
64.53	-2.9758
64.53	-2.9758
64.52	-2.9758
64.52	-2.9758
64.52	-2.9756
64.51	-2.9755
64.51	-2.9757
64.51	-2.9757
64.51	-2.9758
64.50	-2.9758
64.50	-2.9758
64.50	-2.9757
64.50	-2.9758
64.49	-2.9758
64.49	-2.9757
64.49	-2.9757
64.49	-2.9756
64.49	-2.9757
64.49	-2.9757
64.48	-2.9758
64.48	-2.9757
64.47	-2.9757
64.47	-2.9753
64.47	-2.9756
64.47	-2.9757
64.47	-2.9754
64.47	-2.9754
64.46	-2.9755
64.46	-2.9753
64.45	-2.9755
64.45	-2.9755
64.45	-2.9754
64.45	-2.9754
64.44	-2.9757
64.44	-2.9756
64.44	-2.9753
64.44	-2.9755
64.43	-2.9752
64.43	-2.9752
64.42	-2.9752
64.42	-2.9755
64.42	-2.9754
64.42	-2.9752
64.42	-2.9753
64.41	-2.9754
64.41	-2.9753
64.41	-2.9755
64.41	-2.9754
64.41	-2.9755
64.40	-2.9754
64.40	-2.9754
64.40	-2.9752
64.40	-2.9754
64.40	-2.9754
64.39	-2.9752
64.39	-2.9753
64.39	-2.9751
64.39	-2.9752
64.39	-2.9754
64.38	-2.9754
64.38	-2.9752
64.38	-2.9752
64.38	-2.9752
64.38	-2.9752
64.37	-2.9753
64.37	-2.9752
64.37	-2.9752
64.36	-2.9750
64.36	-2.9753
64.36	-2.9750
64.36	-2.9752
64.35	-2.9751
64.35	-2.9751
64.35	-2.9753
64.35	-2.9752
64.35	-2.9751
64.35	-2.9749
64.34	-2.9751
64.34	-2.9750
64.33	-2.9749
64.33	-2.9750
64.33	-2.9750
64.33	-2.9749
64.32	-2.9748
64.32	-2.9748
64.31	-2.9750
64.31	-2.9747
64.32	-2.9748
64.31	-2.9747
64.31	-2.9747
64.31	-2.9747
64.30	-2.9747
64.30	-2.9747
64.30	-2.9748
64.30	-2.9746
64.29	-2.9748
64.29	-2.9746
64.29	-2.9746
64.29	-2.9745
64.28	-2.9746
64.28	-2.9747
64.28	-2.9745
64.28	-2.9747
64.28	-2.9745
64.27	-2.9746
64.27	-2.9746
64.26	-2.9744
64.26	-2.9746
64.26	-2.9744
64.26	-2.9745
64.26	-2.9745
64.26	-2.9743
64.25	-2.9744
64.25	-2.9742
64.25	-2.9744
64.24	-2.9742
64.24	-2.9742
64.24	-2.9742
64.24	-2.9742
64.23	-2.9744
64.23	-2.9742
64.23	-2.9743
64.23	-2.9741
64.22	-2.9743
64.22	-2.9740
64.22	-2.9742
64.22	-2.9742
64.22	-2.9740
64.22	-2.9741
64.21	-2.9741
64.21	-2.9740
64.21	-2.9741
64.20	-2.9740
64.20	-2.9741
64.20	-2.9739
64.19	-2.9738
64.19	-2.9739
64.19	-2.9739
64.19	-2.9739
64.18	-2.9738
64.18	-2.9736
64.17	-2.9736
64.17	-2.9736
64.17	-2.9736
64.17	-2.9736
64.17	-2.9736
64.17	-2.9735
64.17	-2.9736
64.16	-2.9737
64.15	-2.9737
64.15	-2.9735
64.15	-2.9737
64.15	-2.9735
64.15	-2.9738
64.14	-2.9733
64.14	-2.9734
64.14	-2.9734
64.14	-2.9732
64.14	-2.9733
64.14	-2.9732
64.13	-2.9732
64.13	-2.9733
64.13	-2.9733
64.13	-2.9731
64.12	-2.9732
64.12	-2.9730
64.12	-2.9730
64.12	-2.9730
64.11	-2.9730
64.11	-2.9731
64.11	-2.9729
64.11	-2.9730
64.10	-2.9729
64.10	-2.9729
64.09	-2.9728
64.09	-2.9727
64.09	-2.9727
64.09	-2.9728
64.08	-2.9726
64.08	-2.9726
64.08	-2.9726
64.08	-2.9725
64.08	-2.9726
64.08	-2.9724
64.08	-2.9727
64.07	-2.9726
64.07	-2.9725
64.06	-2.9725
64.06	-2.9725
64.05	-2.9726
64.05	-2.9726
64.05	-2.9725
64.05	-2.9724
64.05	-2.9725
64.05	-2.9725
64.05	-2.9724
64.04	-2.9724
64.04	-2.9725
64.04	-2.9724
64.04	-2.9724
64.03	-2.9724
64.03	-2.9723
64.03	-2.9725
64.02	-2.9724
64.02	-2.9724
64.01	-2.9724
64.01	-2.9722
64.01	-2.9723
64.01	-2.9723
64.01	-2.9724
64.01	-2.9723
64.00	-2.9721
64.00	-2.9722
64.00	-2.9722
64.00	-2.9722
64.00	-2.9722
64.00	-2.9722
63.99	-2.9721
63.99	-2.9724
63.98	-2.9722
63.98	-2.9721
63.98	-2.9721
63.98	-2.9722
63.98	-2.9721
63.98	-2.9721
63.98	-2.9722
63.97	-2.9721
63.97	-2.9721
63.96	-2.9719
63.96	-2.9720
63.96	-2.9719
63.95	-2.9719
63.95	-2.9719
63.95	-2.9719
63.95	-2.9717
63.94	-2.9718
63.94	-2.9719
63.94	-2.9717
63.93	-2.9717
63.93	-2.9718
63.93	-2.9717
63.93	-2.9715
63.93	-2.9718
63.92	-2.9715
63.92	-2.9713
63.91	-2.9716
63.91	-2.9713
63.91	-2.9715
63.91	-2.9713
63.91	-2.9712
63.90	-2.9711
63.90	-2.9713
63.90	-2.9713
63.90	-2.9712
63.90	-2.9709
63.89	-2.9712
63.89	-2.9710
63.88	-2.9711
63.88	-2.9712
63.88	-2.9711
63.88	-2.9709
63.88	-2.9710
63.87	-2.9710
63.87	-2.9710
63.87	-2.9708
63.87	-2.9712
63.86	-2.9710
63.86	-2.9709
63.86	-2.9707
63.86	-2.9708
63.85	-2.9709
63.85	-2.9708
63.85	-2.9709
63.85	-2.9708
63.85	-2.9707
63.85	-2.9709
63.84	-2.9709
63.84	-2.9708
63.84	-2.9706
63.83	-2.9707
63.83	-2.9706
63.83	-2.9705
63.83	-2.9706
63.83	-2.9704
63.82	-2.9704
63.82	-2.9704
63.82	-2.9704
63.81	-2.9703
63.81	-2.9704
63.81	-2.9701
63.81	-2.9705
63.80	-2.9702
63.80	-2.9700
63.80	-2.9701
63.80	-2.9702
63.80	-2.9703
63.79	-2.9701
63.79	-2.9700
63.79	-2.9701
63.79	-2.9700
63.78	-2.9700
63.78	-2.9700
63.77	-2.9699
63.77	-2.9699
63.77	-2.9699
63.77	-2.9701
63.77	-2.9696
63.76	-2.9700
63.76	-2.9699
63.75	-2.9700
63.75	-2.9699
63.75	-2.9699
63.75	-2.9700
63.75	-2.9697
63.75	-2.9698
63.75	-2.9696
63.74	-2.9698
63.74	-2.9698
63.74	-2.9697
63.73	-2.9696
63.73	-2.9695
63.73	-2.9697
63.73	-2.9696
63.72	-2.9698
63.72	-2.9695
63.71	-2.9698
63.71	-2.9697
63.71	-2.9696
63.71	-2.9697
63.71	-2.9695
63.70	-2.9696
63.70	-2.9695
63.70	-2.9694
63.70	-2.9694
63.69	-2.9695
63.69	-2.9695
63.69	-2.9694
63.69	-2.9698
63.69	-2.9694
63.69	-2.9694
63.68	-2.9694
63.68	-2.9694
63.68	-2.9694
63.68	-2.9696
63.68	-2.9693
63.67	-2.9695
63.67	-2.9692
63.66	-2.9693
63.66	-2.9693
63.66	-2.9693
63.66	-2.9694
63.65	-2.9694
63.65	-2.9693
63.65	-2.9693
63.65	-2.9693
63.65	-2.9691
63.65	-2.9693
63.64	-2.9691
63.64	-2.9692
63.64	-2.9692
63.63	-2.9692
63.63	-2.9691
63.63	-2.9691
63.63	-2.9691
63.62	-2.9691
63.62	-2.9691
63.61	-2.9690
63.61	-2.9691
63.61	-2.9691
63.61	-2.9691
63.60	-2.9690
63.60	-2.9689
63.59	-2.9691
63.59	-2.9690
63.59	-2.9689
63.59	-2.9690
63.59	-2.9691
63.59	-2.9687
63.59	-2.9689
63.59	-2.9687
63.58	-2.9689
63.58	-2.9688
63.58	-2.9687
63.57	-2.9686
63.57	-2.9687
63.57	-2.9685
63.57	-2.9688
63.56	-2.9685
63.56	-2.9685
63.56	-2.9684
63.55	-2.9684
63.55	-2.9684
63.55	-2.9683
63.55	-2.9682
63.55	-2.9683
63.55	-2.9683
63.54	-2.9684
63.54	-2.9682
63.54	-2.9684
63.53	-2.9683
63.53	-2.9683
63.53	-2.9682
63.53	-2.9683
63.52	-2.9681
63.52	-2.9681
63.52	-2.9681
63.52	-2.9681
63.52	-2.9681
63.51	-2.9679
63.51	-2.9680
63.51	-2.9681
63.51	-2.9680
63.50	-2.9681
63.50	-2.9681
63.50	-2.9680
63.50	-2.9681
63.50	-2.9681
63.50	-2.9680
63.49	-2.9679
63.49	-2.9678
63.49	-2.9678
63.48	-2.9678
63.48	-2.9679
63.48	-2.9677
63.48	-2.9676
63.47	-2.9677
63.47	-2.9677
63.47	-2.9676
63.47	-2.9677
63.46	-2.9677
63.46	-2.9678
63.46	-2.9677
63.46	-2.9679
63.45	-2.9677
63.45	-2.9676
63.45	-2.9676
63.45	-2.9677
63.45	-2.9676
63.44	-2.9676
63.44	-2.9679
63.44	-2.9675
63.43	-2.9677
63.43	-2.9676
63.43	-2.9677
63.43	-2.9676
63.43	-2.9674
63.42	-2.9676
63.42	-2.9675
63.42	-2.9672
63.41	-2.9675
63.41	-2.9673
63.41	-2.9675
63.40	-2.9675
63.40	-2.9675
63.40	-2.9676
63.40	-2.9676
63.39	-2.9676
63.39	-2.9676
63.39	-2.9673
63.39	-2.9674
63.38	-2.9674
63.38	-2.9674
63.38	-2.9674
63.38	-2.9674
63.37	-2.9672
63.37	-2.9673
63.37	-2.9672
63.36	-2.9673
63.36	-2.9671
63.36	-2.9672
63.36	-2.9672
63.36	-2.9672
63.36	-2.9670
63.35	-2.9671
63.35	-2.9672
63.35	-2.9671
63.34	-2.9671
63.34	-2.9669
63.34	-2.9670
63.34	-2.9670
63.33	-2.9670
63.33	-2.9669
63.33	-2.9669
63.33	-2.9670
63.33	-2.9668
63.33	-2.9668
63.33	-2.9670
63.32	-2.9670
63.32	-2.9671
63.32	-2.9669
63.31	-2.9669
63.31	-2.9669
63.31	-2.9668
63.30	-2.9669
63.30	-2.9669
63.30	-2.9669
63.30	-2.9669
63.30	-2.9667
63.30	-2.9667
63.29	-2.9669
63.29	-2.9668
63.28	-2.9668
63.28	-2.9668
63.27	-2.9668
63.27	-2.9667
63.27	-2.9668
63.27	-2.9667
63.26	-2.9668
63.26	-2.9667
63.26	-2.9667
63.26	-2.9667
63.26	-2.9666
63.25	-2.9667
63.25	-2.9667
63.25	-2.9666
63.25	-2.9664
63.24	-2.9665
63.24	-2.9667
63.24	-2.9665
63.24	-2.9666
63.24	-2.9665
63.23	-2.9665
63.23	-2.9667
63.23	-2.9667
63.23	-2.9665
63.22	-2.9667
63.22	-2.9666
63.22	-2.9667
63.22	-2.9665
63.21	-2.9666
63.21	-2.9668
63.21	-2.9665
63.21	-2.9667
63.20	-2.9665
63.20	-2.9664
63.20	-2.9665
63.20	-2.9665
63.20	-2.9664
63.19	-2.9664
63.19	-2.9665
63.19	-2.9664
63.19	-2.9665
63.18	-2.9666
63.18	-2.9663
63.18	-2.9663
63.18	-2.9665
63.17	-2.9663
63.17	-2.9664
63.17	-2.9664
63.17	-2.9663
63.16	-2.9665
63.16	-2.9664
63.15	-2.9662
63.15	-2.9664
63.15	-2.9663
63.15	-2.9661
63.15	-2.9661
63.15	-2.9662
63.14	-2.9663
63.14	-2.9662
63.14	-2.9660
63.14	-2.9662
63.13	-2.9660
63.13	-2.9661
63.13	-2.9661
63.12	-2.9659
63.12	-2.9659
63.12	-2.9659
63.11	-2.9659
63.11	-2.9660
63.11	-2.9659
63.11	-2.9659
63.10	-2.9660
63.10	-2.9657
63.10	-2.9658
63.10	-2.9659
63.10	-2.9657
63.10	-2.9656
63.09	-2.9656
63.09	-2.9657
63.09	-2.9654
63.08	-2.9654
63.08	-2.9655
63.08	-2.9653
63.07	-2.9656
63.07	-2.9653
63.07	-2.9654
63.07	-2.9652
63.06	-2.9651
63.06	-2.9652
63.05	-2.9652
63.05	-2.9652
63.05	-2.9650
63.05	-2.9650
63.05	-2.9650
63.04	-2.9650
63.04	-2.9650
63.04	-2.9648
63.04	-2.9650
63.04	-2.9650
63.04	-2.9649
63.03	-2.9647
63.03	-2.9650
63.02	-2.9647
63.02	-2.9648
63.02	-2.9649
63.02	-2.9649
63.02	-2.9649
63.02	-2.9648
63.02	-2.9647
63.01	-2.9649
63.01	-2.9648
63.00	-2.9646
63.00	-2.9647
63.00	-2.9647
63.00	-2.9647
63.00	-2.9647
62.99	-2.9647
62.99	-2.9648
62.99	-2.9647
62.99	-2.9646
62.98	-2.9649
62.98	-2.9647
62.98	-2.9646
62.97	-2.9647
62.97	-2.9646
62.97	-2.9647
62.97	-2.9646
62.96	-2.9646
62.96	-2.9645
62.96	-2.9645
62.96	-2.9646
62.95	-2.9646
62.95	-2.9645
62.95	-2.9646
62.95	-2.9643
62.95	-2.9645
62.95	-2.9645
62.95	-2.9643
62.94	-2.9643
62.94	-2.9644
62.94	-2.9643
62.93	-2.9644
62.93	-2.9642
62.93	-2.9643
62.93	-2.9644
62.92	-2.9643
62.92	-2.9644
62.92	-2.9644
62.92	-2.9643
62.91	-2.9643
62.91	-2.9642
62.90	-2.9643
62.90	-2.9642
62.90	-2.9642
62.90	-2.9644
62.90	-2.9643
62.90	-2.9643
62.90	-2.9642
62.89	-2.9641
62.89	-2.9641
62.88	-2.9642
62.88	-2.9640
62.88	-2.9640
62.87	-2.9642
62.87	-2.9639
62.87	-2.9642
62.87	-2.9640
62.86	-2.9642
62.86	-2.9640
62.86	-2.9640
62.86	-2.9641
62.86	-2.9639
62.85	-2.9640
62.85	-2.9639
62.85	-2.9640
62.84	-2.9639
62.84	-2.9639
62.84	-2.9640
62.84	-2.9640
62.83	-2.9641
62.83	-2.9640
62.83	-2.9637
62.83	-2.9641
62.83	-2.9639
62.83	-2.9637
62.82	-2.9640
62.82	-2.9635
62.81	-2.9638
62.81	-2.9638
62.81	-2.9637
62.80	-2.9637
62.80	-2.9637
62.80	-2.9638
62.80	-2.9635
62.80	-2.9636
62.80	-2.9636
62.80	-2.9634
62.79	-2.9637
62.79	-2.9637
62.78	-2.9636
62.78	-2.9636
62.78	-2.9635
62.78	-2.9637
62.78	-2.9637
62.77	-2.9633
62.77	-2.9636
62.77	-2.9636
62.77	-2.9636
62.76	-2.9635
62.76	-2.9637
62.76	-2.9635
62.76	-2.9636
62.75	-2.9636
62.75	-2.9634
62.75	-2.9636
62.75	-2.9635
62.74	-2.9633
62.74	-2.9634
62.74	-2.9636
62.74	-2.9634
62.74	-2.9634
62.73	-2.9633
62.73	-2.9633
62.73	-2.9634
62.73	-2.9633
62.72	-2.9634
62.72	-2.9635
62.71	-2.9633
62.71	-2.9634
62.71	-2.9633
62.71	-2.9633
62.71	-2.9634
62.71	-2.9633
62.70	-2.9633
62.70	-2.9634
62.70	-2.9633
62.70	-2.9632
62.70	-2.9632
62.69	-2.9630
62.69	-2.9634
62.68	-2.9632
62.68	-2.9632
62.68	-2.9633
62.68	-2.9631
62.68	-2.9631
62.68	-2.9633
62.67	-2.9631
62.67	-2.9632
62.66	-2.9632
62.66	-2.9631
62.65	-2.9629
62.65	-2.9632
62.65	-2.9630
62.65	-2.9630
62.65	-2.9630
62.65	-2.9631
62.64	-2.9630
62.64	-2.9632
62.64	-2.9630
62.64	-2.9631
62.64	-2.9628
62.63	-2.9630
62.63	-2.9630
62.63	-2.9630
62.63	-2.9628
62.63	-2.9630
62.62	-2.9631
62.62	-2.9630
62.62	-2.9631
62.62	-2.9630
62.61	-2.9629
62.61	-2.9628
62.61	-2.9629
62.61	-2.9628
62.60	-2.9628
62.60	-2.9627
62.60	-2.9626
62.60	-2.9628
62.59	-2.9627
62.59	-2.9625
62.59	-2.9626
62.59	-2.9627
62.58	-2.9627
62.58	-2.9625
62.58	-2.9628
62.58	-2.9626
62.57	-2.9627
62.57	-2.9624
62.57	-2.9626
62.56	-2.9626
62.56	-2.9624
62.56	-2.9624
62.56	-2.9623
62.55	-2.9624
62.55	-2.9623
62.55	-2.9623
62.55	-2.9624
62.54	-2.9621
62.54	-2.9622
62.54	-2.9621
62.53	-2.9622
62.53	-2.9620
62.53	-2.9619
62.53	-2.9620
62.52	-2.9618
62.52	-2.9620
62.52	-2.9617
62.52	-2.9616
62.52	-2.9617
62.51	-2.9617
62.51	-2.9617
62.51	-2.9616
62.51	-2.9615
62.51	-2.9616
62.50	-2.9617
62.50	-2.9616
62.50	-2.9617
62.50	-2.9616
62.49	-2.9616
62.49	-2.9614
62.49	-2.9614
62.49	-2.9616
62.48	-2.9615
62.48	-2.9617
62.48	-2.9615
62.48	-2.9615
62.48	-2.9616
62.47	-2.9616
62.47	-2.9614
62.47	-2.9614
62.47	-2.9614
62.47	-2.9615
62.46	-2.9614
62.46	-2.9616
62.45	-2.9615
62.45	-2.9614
62.45	-2.9617
62.45	-2.9614
62.44	-2.9615
62.44	-2.9616
62.44	-2.9616
62.44	-2.9617
62.43	-2.9616
62.43	-2.9615
62.43	-2.9618
62.43	-2.9616
62.43	-2.9615
62.43	-2.9616
62.42	-2.9614
62.42	-2.9615
62.42	-2.9615
62.41	-2.9616
62.41	-2.9614
62.40	-2.9615
62.40	-2.9614
62.40	-2.9614
62.40	-2.9615
62.40	-2.9615
62.40	-2.9617
62.39	-2.9615
62.39	-2.9613
62.39	-2.9613
62.38	-2.9612
62.38	-2.9612
62.38	-2.9614
62.38	-2.9611
62.38	-2.9614
62.38	-2.9611
62.37	-2.9612
62.37	-2.9612
62.37	-2.9612
62.37	-2.9613
62.36	-2.9611
62.36	-2.9610
62.36	-2.9612
62.35	-2.9611
62.35	-2.9610
62.34	-2.9612
62.34	-2.9612
62.34	-2.9609
62.34	-2.9609
62.34	-2.9609
62.33	-2.9607
62.33	-2.9609
62.33	-2.9607
62.33	-2.9606
62.33	-2.9607
62.33	-2.9606
62.32	-2.9606
62.32	-2.9605
62.32	-2.9604
62.31	-2.9605
62.31	-2.9606
62.31	-2.9604
62.30	-2.9604
62.30	-2.9602
62.30	-2.9603
62.30	-2.9601
62.30	-2.9602
62.30	-2.9603
62.30	-2.9603
62.29	-2.9602
62.29	-2.9602
62.29	-2.9602
62.28	-2.9601
62.28	-2.9603
62.28	-2.9602
62.28	-2.9601
62.27	-2.9601
62.27	-2.9599
62.27	-2.9598
62.26	-2.9600
62.26	-2.9602
62.25	-2.9600
62.25	-2.9597
62.25	-2.9599
62.25	-2.9601
62.25	-2.9599
62.25	-2.9598
62.24	-2.9600
62.24	-2.9597
62.24	-2.9597
62.24	-2.9600
62.23	-2.9597
62.23	-2.9599
62.23	-2.9598
62.23	-2.9598
62.23	-2.9598
62.22	-2.9596
62.22	-2.9597
62.22	-2.9596
62.22	-2.9598
62.21	-2.9599
62.21	-2.9596
62.21	-2.9597
62.20	-2.9599
62.20	-2.9596
62.20	-2.9597
62.20	-2.9596
62.19	-2.9597
62.19	-2.9595
62.19	-2.9598
62.19	-2.9596
62.18	-2.9595
62.18	-2.9595
62.18	-2.9597
62.18	-2.9596
62.18	-2.9596
62.18	-2.9594
62.17	-2.9596
62.17	-2.9593
62.16	-2.9594
62.16	-2.9592
62.16	-2.9593
62.16	-2.9592
62.15	-2.9594
62.15	-2.9594
62.15	-2.9592
62.15	-2.9594
62.14	-2.9594
62.14	-2.9595
62.13	-2.9592
62.13	-2.9595
62.13	-2.9593
62.13	-2.9595
62.13	-2.9594
62.13	-2.9595
62.13	-2.9595
62.12	-2.9594
62.12	-2.9595
62.12	-2.9595
62.12	-2.9594
62.12	-2.9593
62.11	-2.9593
62.11	-2.9593
62.10	-2.9593
62.10	-2.9594
62.10	-2.9592
62.09	-2.9593
62.09	-2.9593
62.09	-2.9593
62.09	-2.9594
62.09	-2.9593
62.08	-2.9591
62.08	-2.9592
62.08	-2.9591
62.08	-2.9591
62.07	-2.9591
62.07	-2.9591
62.07	-2.9591
62.07	-2.9591
62.06	-2.9592
62.06	-2.9593
62.06	-2.9592
62.06	-2.9593
62.06	-2.9591
62.05	-2.9590
62.05	-2.9591
62.05	-2.9589
62.05	-2.9590
62.04	-2.9589
62.04	-2.9588
62.04	-2.9587
62.04	-2.9588
62.03	-2.9588
62.03	-2.9586
62.03	-2.9588
62.02	-2.9587
62.02	-2.9587
62.02	-2.9584
62.02	-2.9587
62.01	-2.9584
62.01	-2.9584
62.00	-2.9583
62.00	-2.9582
62.00	-2.9583
62.00	-2.9583
62.00	-2.9583
62.00	-2.9582
61.99	-2.9580
61.99	-2.9580
61.99	-2.9579
61.99	-2.9577
61.98	-2.9580
61.98	-2.9579
61.98	-2.9579
61.98	-2.9578
61.98	-2.9579
61.97	-2.9577
61.97	-2.9579
61.97	-2.9579
61.97	-2.9578
61.96	-2.9578
61.96	-2.9579
61.96	-2.9578
61.95	-2.9578
61.95	-2.9576
61.95	-2.9578
61.95	-2.9578
61.95	-2.9577
61.94	-2.9577
61.94	-2.9577
61.93	-2.9576
61.93	-2.9576
61.93	-2.9575
61.93	-2.9577
61.93	-2.9575
61.93	-2.9575
61.93	-2.9576
61.92	-2.9576
61.92	-2.9577
61.92	-2.9576
61.91	-2.9575
61.91	-2.9575
61.91	-2.9574
61.90	-2.9573
61.90	-2.9574
61.90	-2.9577
61.90	-2.9575
61.90	-2.9574
61.89	-2.9573
61.89	-2.9573
61.88	-2.9575
61.88	-2.9576
61.88	-2.9573
61.88	-2.9572
61.88	-2.9573
61.87	-2.9572
61.87	-2.9573
61.87	-2.9573
61.86	-2.9573
61.86	-2.9574
61.85	-2.9572
61.85	-2.9572
61.85	-2.9574
61.85	-2.9572
61.84	-2.9573
61.84	-2.9573
61.84	-2.9573
61.84	-2.9574
61.84	-2.9570
61.84	-2.9571
61.84	-2.9572
61.84	-2.9572
61.83	-2.9571
61.83	-2.9573
61.83	-2.9570
61.83	-2.9570
61.82	-2.9571
61.82	-2.9571
61.81	-2.9571
61.81	-2.9569
61.81	-2.9569
61.81	-2.9570
61.80	-2.9569
61.80	-2.9569
61.80	-2.9570
61.80	-2.9570
61.79	-2.9569
61.79	-2.9570
61.79	-2.9568
61.78	-2.9569
61.78	-2.9568
61.78	-2.9570
61.78	-2.9569
61.78	-2.9568
61.77	-2.9570
61.77	-2.9570
61.77	-2.9567
61.77	-2.9566
61.77	-2.9569
61.76	-2.9568
61.76	-2.9569
61.76	-2.9564
61.76	-2.9566
61.76	-2.9565
61.76	-2.9566
61.75	-2.9566
61.75	-2.9565
61.75	-2.9566
61.74	-2.9565
61.74	-2.9565
61.74	-2.9563
61.73	-2.9564
61.73	-2.9566
61.73	-2.9564
61.73	-2.9565
61.73	-2.9564
61.72	-2.9564
61.72	-2.9564
61.72	-2.9563
61.72	-2.9565
61.71	-2.9563
61.71	-2.9564
61.71	-2.9565
61.71	-2.9566
61.70	-2.9566
61.70	-2.9565
61.70	-2.9564
61.70	-2.9564
61.70	-2.9564
61.70	-2.9561
61.69	-2.9563
61.69	-2.9562
61.69	-2.9562
61.68	-2.9560
61.68	-2.9561
61.68	-2.9562
61.68	-2.9562
61.67	-2.9561
61.67	-2.9561
61.67	-2.9562
61.67	-2.9560
61.66	-2.9562
61.66	-2.9561
61.66	-2.9561
61.66	-2.9560
61.65	-2.9560
61.65	-2.9561
61.65	-2.9556
61.65	-2.9558
61.64	-2.9558
61.64	-2.9558
61.64	-2.9559
61.64	-2.9558
61.63	-2.9560
61.63	-2.9556
61.63	-2.9557
61.63	-2.9559
61.62	-2.9558
61.62	-2.9558
61.62	-2.9560
61.62	-2.9557
61.61	-2.9558
61.61	-2.9557
61.61	-2.9557
61.61	-2.9557
61.60	-2.9557
61.60	-2.9559
61.60	-2.9556
61.60	-2.9558
61.59	-2.9558
61.59	-2.9558
61.58	-2.9558
61.58	-2.9557
61.58	-2.9557
61.58	-2.9556
61.58	-2.9558
61.58	-2.9557
61.58	-2.9556
61.58	-2.9556
61.57	-2.9555
61.57	-2.9555
61.57	-2.9555
61.57	-2.9555
61.56	-2.9554
61.56	-2.9555
61.56	-2.9553
61.55	-2.9553
61.55	-2.9554
61.55	-2.9554
61.55	-2.9552
61.54	-2.9552
61.54	-2.9553
61.54	-2.9553
61.53	-2.9552
61.53	-2.9553
61.53	-2.9554
61.52	-2.9552
61.52	-2.9551
61.52	-2.9553
61.52	-2.9551
61.52	-2.9552
61.52	-2.9553
61.52	-2.9551
61.51	-2.9552
61.51	-2.9550
61.50	-2.9549
61.50	-2.9550
61.50	-2.9552
61.50	-2.9551
61.50	-2.9552
61.49	-2.9550
61.49	-2.9549
61.49	-2.9552
61.49	-2.9551
61.48	-2.9548
61.48	-2.9551
61.48	-2.9551
61.48	-2.9550
61.48	-2.9549
61.48	-2.9550
61.47	-2.9550
61.47	-2.9549
61.46	-2.9548
61.46	-2.9549
61.46	-2.9548
61.45	-2.9547
61.45	-2.9549
61.45	-2.9548
61.45	-2.9550
61.44	-2.9548
61.44	-2.9548
61.44	-2.9549
61.44	-2.9548
61.43	-2.9548
61.43	-2.9548
61.43	-2.9548
61.43	-2.9547
61.43	-2.9548
61.43	-2.9547
61.43	-2.9545
61.42	-2.9546
61.41	-2.9544
61.41	-2.9544
61.41	-2.9543
61.41	-2.9546
61.41	-2.9543
61.40	-2.9544
61.40	-2.9543
61.39	-2.9544
61.39	-2.9542
61.39	-2.9544
61.39	-2.9543
61.39	-2.9543
61.38	-2.9543
61.38	-2.9541
61.38	-2.9541
61.38	-2.9542
61.38	-2.9540
61.38	-2.9541
61.38	-2.9538
61.38	-2.9539
61.37	-2.9540
61.37	-2.9541
61.37	-2.9540
61.36	-2.9539
61.36	-2.9538
61.35	-2.9540
61.35	-2.9539
61.34	-2.9539
61.34	-2.9539
61.34	-2.9540
61.34	-2.9539
61.33	-2.9539
61.33	-2.9540
61.33	-2.9537
61.33	-2.9538
61.33	-2.9537
61.33	-2.9537
61.33	-2.9537
61.32	-2.9538
61.32	-2.9537
61.31	-2.9537
61.31	-2.9537
61.31	-2.9538
61.31	-2.9537
61.30	-2.9536
61.30	-2.9538
61.30	-2.9537
61.30	-2.9537
61.30	-2.9536
61.29	-2.9537
61.29	-2.9535
61.29	-2.9537
61.28	-2.9534
61.28	-2.9535
61.28	-2.9535
61.27	-2.9534
61.27	-2.9535
61.27	-2.9535
61.27	-2.9533
61.27	-2.9534
61.26	-2.9533
61.26	-2.9534
61.25	-2.9534
61.25	-2.9533
61.25	-2.9532
61.25	-2.9534
61.25	-2.9532
61.25	-2.9532
61.25	-2.9532
61.24	-2.9534
61.24	-2.9534
61.24	-2.9534
61.24	-2.9535
61.23	-2.9532
61.23	-2.9535
61.23	-2.9534
61.23	-2.9535
61.22	-2.9533
61.22	-2.9534
61.22	-2.9532
61.22	-2.9533
61.22	-2.9531
61.22	-2.9533
61.21	-2.9532
61.20	-2.9532
61.20	-2.9531
61.20	-2.9533
61.20	-2.9533
61.20	-2.9533
61.20	-2.9531
61.20	-2.9531
61.19	-2.9531
61.19	-2.9533
61.19	-2.9530
61.18	-2.9531
61.18	-2.9532
61.18	-2.9530
61.17	-2.9531
61.17	-2.9532
61.17	-2.9531
61.17	-2.9530
61.17	-2.9532
61.16	-2.9532
61.16	-2.9531
61.15	-2.9530
61.15	-2.9532
61.15	-2.9530
61.15	-2.9531
61.15	-2.9530
61.14	-2.9528
61.14	-2.9530
61.14	-2.9530
61.14	-2.9527
61.13	-2.9527
61.13	-2.9528
61.13	-2.9528
61.13	-2.9529
61.12	-2.9528
61.12	-2.9528
61.12	-2.9525
61.12	-2.9526
61.11	-2.9525
61.11	-2.9527
61.11	-2.9525
61.11	-2.9526
61.10	-2.9525
61.10	-2.9523
61.10	-2.9524
61.09	-2.9525
61.09	-2.9524
61.09	-2.9522
61.09	-2.9523
61.08	-2.9524
61.08	-2.9522
61.08	-2.9523
61.08	-2.9520
61.08	-2.9522
61.07	-2.9520
61.07	-2.9523
61.07	-2.9520
61.06	-2.9521
61.06	-2.9524
61.06	-2.9521
61.06	-2.9522
61.06	-2.9520
61.05	-2.9520
61.05	-2.9518
61.05	-2.9517
61.05	-2.9519
61.04	-2.9517
61.04	-2.9517
61.04	-2.9517
61.04	-2.9518
61.03	-2.9518
61.03	-2.9517
61.02	-2.9517
61.02	-2.9517
61.02	-2.9515
61.02	-2.9518
61.02	-2.9517
61.01	-2.9519
61.01	-2.9519
61.01	-2.9519
61.01	-2.9518
61.01	-2.9519
61.00	-2.9518
61.00	-2.9518
61.00	-2.9519
61.00	-2.9518
60.99	-2.9517
60.99	-2.9518
60.99	-2.9519
60.99	-2.9519
60.98	-2.9518
60.98	-2.9518
60.98	-2.9518
60.98	-2.9517
60.97	-2.9518
60.97	-2.9518
60.97	-2.9518
60.97	-2.9518
60.96	-2.9517
60.96	-2.9516
60.95	-2.9517
60.96	-2.9516
60.95	-2.9516
60.95	-2.9516
60.95	-2.9517
60.95	-2.9516
60.95	-2.9515
60.94	-2.9515
60.94	-2.9517
60.94	-2.9514
60.94	-2.9516
60.93	-2.9514
60.93	-2.9514
60.93	-2.9515
60.93	-2.9516
60.92	-2.9514
60.91	-2.9514
60.91	-2.9514
60.90	-2.9514
60.90	-2.9514
60.90	-2.9515
60.90	-2.9513
60.90	-2.9514
60.90	-2.9513
60.90	-2.9512
60.90	-2.9512
60.90	-2.9513
60.89	-2.9514
60.89	-2.9511
60.88	-2.9513
60.88	-2.9511
60.88	-2.9512
60.88	-2.9511
60.87	-2.9513
60.87	-2.9511
60.87	-2.9511
60.87	-2.9512
60.87	-2.9511
60.86	-2.9512
60.86	-2.9511
60.85	-2.9511
60.85	-2.9512
60.85	-2.9512
60.85	-2.9510
60.84	-2.9510
60.84	-2.9510
60.84	-2.9511
60.84	-2.9510
60.84	-2.9510
60.84	-2.9511
60.84	-2.9510
60.83	-2.9509
60.83	-2.9507
60.83	-2.9508
60.83	-2.9507
60.83	-2.9507
60.82	-2.9507
60.82	-2.9506
60.82	-2.9506
60.82	-2.9506
60.81	-2.9506
60.81	-2.9505
60.81	-2.9508
60.80	-2.9504
60.80	-2.9504
60.80	-2.9504
60.80	-2.9505
60.80	-2.9505
60.79	-2.9504
60.79	-2.9506
60.78	-2.9505
60.78	-2.9504
60.78	-2.9505
60.78	-2.9506
60.78	-2.9503
60.77	-2.9504
60.77	-2.9503
60.77	-2.9503
60.76	-2.9504
60.76	-2.9505
60.76	-2.9501
60.76	-2.9503
60.75	-2.9502
60.75	-2.9501
60.75	-2.9504
60.75	-2.9502
60.75	-2.9502
60.74	-2.9501
60.74	-2.9501
60.74	-2.9501
60.74	-2.9502
60.74	-2.9500
60.73	-2.9500
60.73	-2.9501
60.73	-2.9501
60.73	-2.9501
60.73	-2.9500
60.72	-2.9500
60.72	-2.9501
60.72	-2.9498
60.71	-2.9499
60.71	-2.9498
60.71	-2.9498
60.71	-2.9499
60.71	-2.9499
60.70	-2.9500
60.70	-2.9497
60.70	-2.9499
60.70	-2.9498
60.69	-2.9499
60.69	-2.9500
60.68	-2.9500
60.68	-2.9498
60.68	-2.9499
60.68	-2.9497
60.68	-2.9498
60.67	-2.9498
60.67	-2.9498
60.67	-2.9497
60.67	-2.9496
60.67	-2.9497
60.66	-2.9498
60.66	-2.9497
60.65	-2.9498
60.65	-2.9495
60.65	-2.9495
60.65	-2.9497
60.65	-2.9497
60.64	-2.9496
60.64	-2.9497
60.64	-2.9497
60.64	-2.9495
60.63	-2.9496
60.63	-2.9495
60.62	-2.9496
60.62	-2.9496
60.62	-2.9493
60.62	-2.9493
60.62	-2.9493
60.62	-2.9492
60.61	-2.9493
60.61	-2.9492
60.61	-2.9494
60.60	-2.9492
60.60	-2.9492
60.59	-2.9490
60.59	-2.9492
60.59	-2.9491
60.59	-2.9492
60.59	-2.9491
60.59	-2.9492
60.58	-2.9490
60.58	-2.9491
60.58	-2.9490
60.58	-2.9490
60.58	-2.9491
60.58	-2.9489
60.58	-2.9491
60.57	-2.9492
60.56	-2.9490
60.56	-2.9491
60.56	-2.9490
60.56	-2.9487
60.56	-2.9491
60.55	-2.9488
60.55	-2.9491
60.55	-2.9488
60.55	-2.9487
60.55	-2.9489
60.54	-2.9488
60.54	-2.9488
60.54	-2.9490
60.54	-2.9489
60.53	-2.9488
60.53	-2.9487
60.52	-2.9488
60.52	-2.9488
60.52	-2.9488
60.52	-2.9487
60.52	-2.9489
60.51	-2.9488
60.51	-2.9489
60.51	-2.9487
60.51	-2.9488
60.50	-2.9489
60.50	-2.9489
60.50	-2.9487
60.50	-2.9490
60.49	-2.9486
60.49	-2.9488
60.49	-2.9489
60.48	-2.9487
60.48	-2.9487
60.48	-2.9488
60.48	-2.9487
60.48	-2.9488
60.48	-2.9486
60.47	-2.9485
60.47	-2.9487
60.47	-2.9485
60.47	-2.9486
60.47	-2.9484
60.46	-2.9485
60.46	-2.9484
60.46	-2.9483
60.45	-2.9484
60.45	-2.9483
60.44	-2.9481
60.44	-2.9482
60.44	-2.9482
60.43	-2.9481
60.43	-2.9480
60.43	-2.9482
60.43	-2.9479
60.43	-2.9481
60.43	-2.9480
60.43	-2.9481
60.42	-2.9479
60.42	-2.9479
60.41	-2.9479
60.41	-2.9478
60.41	-2.9479
60.41	-2.9477
60.40	-2.9476
60.40	-2.9479
60.40	-2.9475
60.40	-2.9479
60.40	-2.9478
60.39	-2.9477
60.39	-2.9477
60.39	-2.9480
60.38	-2.9476
60.38	-2.9476
60.38	-2.9477
60.38	-2.9477
60.38	-2.9476
60.37	-2.9475
60.38	-2.9476
60.37	-2.9475
60.37	-2.9473
60.36	-2.9476
60.36	-2.9476
60.36	-2.9475
60.35	-2.9476
60.35	-2.9476
60.34	-2.9475
60.34	-2.9475
60.34	-2.9473
60.34	-2.9473
60.34	-2.9476
60.34	-2.9472
60.34	-2.9472
60.34	-2.9473
60.33	-2.9472
60.33	-2.9473
60.33	-2.9472
60.33	-2.9473
60.33	-2.9472
60.32	-2.9470
60.32	-2.9471
60.32	-2.9473
60.31	-2.9470
60.31	-2.9470
60.31	-2.9472
60.30	-2.9470
60.30	-2.9470
60.30	-2.9471
60.30	-2.9470
60.30	-2.9471
60.29	-2.9469
60.28	-2.9470
60.28	-2.9468
60.28	-2.9471
60.28	-2.9470
60.27	-2.9468
60.27	-2.9469
60.27	-2.9469
60.27	-2.9469
60.27	-2.9469
60.27	-2.9469
60.27	-2.9469
60.26	-2.9469
60.26	-2.9468
60.26	-2.9468
60.25	-2.9466
60.25	-2.9467
60.25	-2.9469
60.25	-2.9468
60.25	-2.9470
60.24	-2.9468
60.24	-2.9469
60.24	-2.9469
60.24	-2.9469
60.23	-2.9469
60.23	-2.9467
60.23	-2.9467
60.23	-2.9467
60.23	-2.9468
60.22	-2.9465
60.22	-2.9468
60.22	-2.9466
60.21	-2.9466
60.21	-2.9467
60.21	-2.9465
60.20	-2.9468
60.20	-2.9466
60.20	-2.9465
60.20	-2.9466
60.19	-2.9466
60.19	-2.9465
60.19	-2.9465
60.19	-2.9464
60.18	-2.9467
60.18	-2.9466
60.18	-2.9465
60.18	-2.9467
60.18	-2.9466
60.18	-2.9465
60.17	-2.9465
60.17	-2.9466
60.16	-2.9466
60.16	-2.9466
60.16	-2.9466
60.15	-2.9464
60.15	-2.9465
60.15	-2.9463
60.15	-2.9467
60.15	-2.9465
60.14	-2.9465
60.14	-2.9463
60.14	-2.9464
60.14	-2.9464
60.14	-2.9465
60.13	-2.9462
60.13	-2.9465
60.13	-2.9462
60.13	-2.9463
60.13	-2.9464
60.12	-2.9465
60.12	-2.9464
60.12	-2.9465
60.11	-2.9465
60.11	-2.9463
60.11	-2.9464
60.11	-2.9463
60.10	-2.9463
60.10	-2.9465
60.10	-2.9464
60.09	-2.9464
60.09	-2.9465
60.09	-2.9463
60.09	-2.9464
60.08	-2.9463
60.08	-2.9463
60.08	-2.9462
60.08	-2.9464
60.08	-2.9464
60.07	-2.9461
60.07	-2.9461
60.06	-2.9462
60.06	-2.9462
60.06	-2.9461
60.05	-2.9460
60.05	-2.9460
60.05	-2.9461
60.05	-2.9462
60.05	-2.9461
60.05	-2.9459
60.04	-2.9461
60.04	-2.9460
60.04	-2.9460
60.03	-2.9460
60.03	-2.9459
60.03	-2.9460
60.03	-2.9459
60.03	-2.9460
60.02	-2.9459
60.02	-2.9459
60.01	-2.9460
60.01	-2.9458
60.01	-2.9459
60.01	-2.9458
60.01	-2.9457
60.00	-2.9457
60.00	-2.9458
60.00	-2.9457
60.00	-2.9457
60.00	-2.9458
60.00	-2.9457
59.99	-2.9455
59.99	-2.9457
59.99	-2.9457
59.98	-2.9457
59.98	-2.9455
59.98	-2.9457
59.98	-2.9456
59.97	-2.9456
59.97	-2.9455
59.97	-2.9455
59.96	-2.9457
59.96	-2.9453
59.96	-2.9453
59.96	-2.9456
59.96	-2.9455
59.95	-2.9454
59.95	-2.9453
59.95	-2.9453
59.95	-2.9453
59.95	-2.9453
59.95	-2.9452
59.95	-2.9454
59.94	-2.9452
59.94	-2.9451
59.94	-2.9452
59.94	-2.9452
59.94	-2.9450
59.93	-2.9450
59.93	-2.9450
59.92	-2.9451
59.92	-2.9452
59.92	-2.9450
59.92	-2.9451
59.91	-2.9450
59.91	-2.9451
59.91	-2.9451
59.90	-2.9450
59.90	-2.9450
59.90	-2.9450
59.90	-2.9448
59.90	-2.9450
59.89	-2.9449
59.89	-2.9449
59.89	-2.9447
59.89	-2.9449
59.88	-2.9446
59.88	-2.9447
59.88	-2.9446
59.88	-2.9448
59.88	-2.9448
59.87	-2.9447
59.87	-2.9446
59.86	-2.9446
59.86	-2.9445
59.86	-2.9445
59.86	-2.9445
59.86	-2.9444
59.86	-2.9443
59.85	-2.9442
59.85	-2.9444
59.85	-2.9442
59.84	-2.9442
59.84	-2.9442
59.84	-2.9442
59.83	-2.9442
59.83	-2.9441
59.83	-2.9443
59.83	-2.9441
59.83	-2.9442
59.83	-2.9442
59.83	-2.9443
59.82	-2.9443
59.82	-2.9441
59.82	-2.9442
59.82	-2.9441
59.81	-2.9441
59.81	-2.9442
59.81	-2.9443
59.81	-2.9440
59.80	-2.9441
59.80	-2.9440
59.80	-2.9441
59.79	-2.9441
59.79	-2.9440
59.78	-2.9441
59.78	-2.9441
59.78	-2.9441
59.78	-2.9441
59.78	-2.9441
59.78	-2.9441
59.77	-2.9441
59.77	-2.9439
59.76	-2.9439
59.76	-2.9440
59.76	-2.9440
59.75	-2.9441
59.75	-2.9438
59.75	-2.9439
59.75	-2.9439
59.75	-2.9440
59.75	-2.9438
59.75	-2.9438
59.74	-2.9436
59.74	-2.9437
59.74	-2.9437
59.74	-2.9437
59.73	-2.9435
59.73	-2.9436
59.73	-2.9437
59.73	-2.9436
59.72	-2.9436
59.72	-2.9435
59.72	-2.9436
59.72	-2.9435
59.72	-2.9435
59.71	-2.9434
59.71	-2.9434
59.71	-2.9434
59.71	-2.9434
59.70	-2.9431
59.70	-2.9435
59.70	-2.9435
59.69	-2.9433
59.69	-2.9433
59.68	-2.9433
59.68	-2.9436
59.68	-2.9432
59.68	-2.9434
59.67	-2.9433
59.67	-2.9431
59.67	-2.9433
59.67	-2.9434
59.67	-2.9432
59.67	-2.9434
59.66	-2.9432
59.66	-2.9432
59.65	-2.9432
59.65	-2.9433
59.65	-2.9433
59.65	-2.9432
59.65	-2.9430
59.64	-2.9432
59.64	-2.9432
59.64	-2.9432
59.64	-2.9432
59.63	-2.9432
59.63	-2.9432
59.63	-2.9433
59.63	-2.9432
59.62	-2.9433
59.62	-2.9431
59.62	-2.9431
59.61	-2.9431
59.61	-2.9432
59.61	-2.9431
59.61	-2.9430
59.61	-2.9433
59.60	-2.9430
59.59	-2.9430
59.59	-2.9428
59.59	-2.9430
59.59	-2.9429
59.59	-2.9428
59.58	-2.9430
59.58	-2.9424
59.58	-2.9427
59.58	-2.9425
59.58	-2.9425
59.58	-2.9426
59.58	-2.9426
59.57	-2.9425
59.57	-2.9426
59.57	-2.9424
59.57	-2.9422
59.56	-2.9423
59.56	-2.9424
59.55	-2.9422
59.55	-2.9422
59.55	-2.9422
59.55	-2.9423
59.55	-2.9422
59.55	-2.9422
59.55	-2.9423
59.54	-2.9424
59.54	-2.9422
59.54	-2.9423
59.53	-2.9421
59.53	-2.9421
59.53	-2.9420
59.53	-2.9422
59.53	-2.9422
59.53	-2.9420
59.52	-2.9421
59.52	-2.9424
59.51	-2.9422
59.51	-2.9422
59.50	-2.9425
59.50	-2.9422
59.50	-2.9422
59.50	-2.9422
59.50	-2.9423
59.50	-2.9424
59.50	-2.9423
59.49	-2.9422
59.49	-2.9422
59.49	-2.9422
59.48	-2.9423
59.48	-2.9421
59.48	-2.9423
59.48	-2.9421
59.48	-2.9422
59.47	-2.9421
59.47	-2.9421
59.46	-2.9420
59.46	-2.9422
59.46	-2.9419
59.46	-2.9419
59.46	-2.9419
59.46	-2.9420
59.45	-2.9418
59.45	-2.9421
59.45	-2.9418
59.45	-2.9419
59.44	-2.9418
59.44	-2.9418
59.44	-2.9418
59.43	-2.9417
59.43	-2.9416
59.43	-2.9417
59.43	-2.9418
59.43	-2.9417
59.42	-2.9416
59.42	-2.9415
59.42	-2.9417
59.41	-2.9416
59.41	-2.9415
59.41	-2.9416
59.41	-2.9413
59.41	-2.9414
59.40	-2.9413
59.40	-2.9413
59.40	-2.9414
59.40	-2.9413
59.39	-2.9412
59.39	-2.9412
59.39	-2.9413
59.38	-2.9413
59.38	-2.9413
59.38	-2.9411
59.38	-2.9412
59.38	-2.9412
59.38	-2.9410
59.38	-2.9411
59.37	-2.9411
59.36	-2.9410
59.36	-2.9411
59.36	-2.9410
59.35	-2.9410
59.35	-2.9409
59.35	-2.9410
59.35	-2.9408
59.34	-2.9409
59.34	-2.9408
59.34	-2.9410
59.34	-2.9409
59.34	-2.9407
59.33	-2.9407
59.33	-2.9407
59.33	-2.9408
59.33	-2.9408
59.33	-2.9409
59.32	-2.9407
59.32	-2.9405
59.32	-2.9406
59.32	-2.9406
59.32	-2.9406
59.31	-2.9407
59.31	-2.9407
59.30	-2.9407
59.30	-2.9405
59.30	-2.9406
59.29	-2.9406
59.29	-2.9406
59.29	-2.9404
59.28	-2.9404
59.28	-2.9405
59.28	-2.9404
59.28	-2.9404
59.27	-2.9404
59.27	-2.9403
59.27	-2.9404
59.27	-2.9404
59.27	-2.9403
59.27	-2.9404
59.26	-2.9403
59.26	-2.9404
59.26	-2.9402
59.25	-2.9404
59.25	-2.9404
59.25	-2.9403
59.25	-2.9403
59.25	-2.9402
59.25	-2.9404
59.24	-2.9403
59.24	-2.9404
59.24	-2.9404
59.23	-2.9404
59.23	-2.9402
59.23	-2.9405
59.23	-2.9404
59.22	-2.9403
59.22	-2.9403
59.22	-2.9403
59.22	-2.9404
59.21	-2.9403
59.21	-2.9401
59.21	-2.9402
59.20	-2.9402
59.20	-2.9402
59.20	-2.9401
59.20	-2.9401
59.20	-2.9401
59.19	-2.9401
59.19	-2.9400
59.18	-2.9402
59.18	-2.9401
59.18	-2.9400
59.18	-2.9400
59.18	-2.9400
59.17	-2.9401
59.17	-2.9401
59.17	-2.9402
59.17	-2.9400
59.16	-2.9401
59.16	-2.9401
59.16	-2.9399
59.16	-2.9399
59.15	-2.9400
59.15	-2.9400
59.15	-2.9402
59.15	-2.9400
59.14	-2.9399
59.14	-2.9399
59.14	-2.9400
59.14	-2.9400
59.14	-2.9398
59.14	-2.9398
59.13	-2.9399
59.13	-2.9398
59.13	-2.9398
59.12	-2.9398
59.12	-2.9397
59.12	-2.9395
59.12	-2.9398
59.11	-2.9398
59.11	-2.9398
59.11	-2.9396
59.10	-2.9397
59.10	-2.9397
59.10	-2.9396
59.09	-2.9396
59.09	-2.9397
59.09	-2.9398
59.09	-2.9396
59.09	-2.9395
59.09	-2.9396
59.09	-2.9393
59.08	-2.9393
59.08	-2.9394
59.08	-2.9396
59.08	-2.9394
59.07	-2.9395
59.07	-2.9396
59.07	-2.9393
59.07	-2.9394
59.07	-2.9393
59.06	-2.9393
59.06	-2.9393
59.06	-2.9393
59.06	-2.9394
59.05	-2.9392
59.05	-2.9392
59.05	-2.9394
59.05	-2.9392
59.05	-2.9392
59.04	-2.9392
59.04	-2.9391
59.04	-2.9390
59.03	-2.9389
59.03	-2.9390
59.03	-2.9391
59.02	-2.9389
59.02	-2.9390
59.02	-2.9388
59.02	-2.9389
59.02	-2.9388
59.02	-2.9388
59.01	-2.9388
59.00	-2.9387
59.00	-2.9387
59.00	-2.9388
59.00	-2.9389
59.00	-2.9387
59.00	-2.9388
59.00	-2.9386
58.99	-2.9387
58.99	-2.9386
58.99	-2.9386
58.99	-2.9387
58.98	-2.9384
58.98	-2.9383
58.98	-2.9385
58.98	-2.9384
58.97	-2.9384
58.97	-2.9386
58.97	-2.9386
58.96	-2.9385
58.96	-2.9385
58.96	-2.9383
58.95	-2.9383
58.95	-2.9382
58.95	-2.9382
58.95	-2.9383
58.95	-2.9383
58.95	-2.9382
58.94	-2.9383
58.94	-2.9383
58.94	-2.9382
58.94	-2.9382
58.93	-2.9381
58.93	-2.9382
58.92	-2.9381
58.92	-2.9382
58.92	-2.9382
58.92	-2.9383
58.92	-2.9382
58.91	-2.9381
58.91	-2.9380
58.90	-2.9380
58.90	-2.9382
58.90	-2.9381
58.90	-2.9380
58.90	-2.9379
58.90	-2.9380
58.89	-2.9381
58.89	-2.9380
58.89	-2.9379
58.88	-2.9379
58.88	-2.9379
58.88	-2.9380
58.88	-2.9379
58.87	-2.9378
58.87	-2.9378
58.87	-2.9378
58.87	-2.9380
58.87	-2.9377
58.86	-2.9379
58.86	-2.9376
58.86	-2.9377
58.85	-2.9379
58.85	-2.9378
58.85	-2.9378
58.84	-2.9378
58.84	-2.9377
58.84	-2.9375
58.84	-2.9374
58.84	-2.9378
58.84	-2.9374
58.84	-2.9375
58.83	-2.9374
58.83	-2.9373
58.83	-2.9376
58.83	-2.9375
58.82	-2.9374
58.82	-2.9373
58.82	-2.9372
58.82	-2.9372
58.81	-2.9373
58.81	-2.9373
58.81	-2.9370
58.81	-2.9371
58.80	-2.9372
58.80	-2.9372
58.80	-2.9371
58.79	-2.9372
58.79	-2.9371
58.79	-2.9369
58.78	-2.9368
58.78	-2.9369
58.78	-2.9367
58.77	-2.9370
58.77	-2.9369
58.77	-2.9370
58.77	-2.9368
58.77	-2.9371
58.76	-2.9368
58.76	-2.9370
58.76	-2.9369
58.76	-2.9370
58.75	-2.9370
58.75	-2.9370
58.75	-2.9370
58.75	-2.9368
58.75	-2.9371
58.74	-2.9369
58.74	-2.9371
58.73	-2.9369
58.73	-2.9369
58.73	-2.9369
58.73	-2.9369
58.73	-2.9370
58.73	-2.9369
58.72	-2.9370
58.72	-2.9370
58.71	-2.9367
58.71	-2.9369
58.71	-2.9370
58.71	-2.9369
58.71	-2.9370
58.70	-2.9369
58.70	-2.9371
58.70	-2.9368
58.70	-2.9372
58.69	-2.9369
58.69	-2.9370
58.69	-2.9370
58.68	-2.9370
58.68	-2.9370
58.68	-2.9371
58.68	-2.9369
58.68	-2.9370
58.68	-2.9372
58.68	-2.9370
58.68	-2.9369
58.67	-2.9370
58.67	-2.9370
58.66	-2.9371
58.66	-2.9367
58.66	-2.9368
58.65	-2.9367
58.65	-2.9368
58.65	-2.9366
58.65	-2.9367
58.65	-2.9368
58.65	-2.9369
58.64	-2.9366
58.64	-2.9369
58.64	-2.9367
58.64	-2.9366
58.63	-2.9369
58.63	-2.9367
58.63	-2.9367
58.63	-2.9368
58.63	-2.9366
58.62	-2.9365
58.62	-2.9367
58.61	-2.9366
58.61	-2.9363
58.61	-2.9365
58.61	-2.9365
58.60	-2.9366
58.60	-2.9364
58.59	-2.9363
58.59	-2.9363
58.59	-2.9363
58.59	-2.9364
58.58	-2.9365
58.58	-2.9363
58.58	-2.9364
58.58	-2.9362
58.58	-2.9363
58.58	-2.9364
58.58	-2.9363
58.57	-2.9363
58.56	-2.9363
58.56	-2.9361
58.56	-2.9361
58.56	-2.9361
58.56	-2.9360
58.55	-2.9362
58.55	-2.9363
58.55	-2.9362
58.55	-2.9364
58.55	-2.9363
58.54	-2.9360
58.54	-2.9362
58.54	-2.9361
58.54	-2.9363
58.53	-2.9361
58.53	-2.9362
58.53	-2.9364
58.53	-2.9358
58.52	-2.9360
58.52	-2.9358
58.52	-2.9356
58.51	-2.9356
58.51	-2.9359
58.51	-2.9356
58.51	-2.9356
58.50	-2.9356
58.50	-2.9356
58.50	-2.9355
58.50	-2.9357
58.50	-2.9356
58.50	-2.9355
58.49	-2.9356
58.49	-2.9355
58.49	-2.9357
58.49	-2.9356
58.48	-2.9356
58.48	-2.9354
58.47	-2.9353
58.47	-2.9354
58.47	-2.9355
58.47	-2.9354
58.47	-2.9354
58.46	-2.9353
58.46	-2.9353
58.46	-2.9353
58.46	-2.9352
58.45	-2.9353
58.45	-2.9352
58.45	-2.9353
58.45	-2.9353
58.44	-2.9353
58.44	-2.9352
58.44	-2.9352
58.43	-2.9353
58.43	-2.9352
58.43	-2.9352
58.43	-2.9350
58.42	-2.9351
58.42	-2.9351
58.42	-2.9350
58.42	-2.9351
58.42	-2.9350
58.42	-2.9350
58.41	-2.9350
58.41	-2.9351
58.41	-2.9351
58.40	-2.9351
58.40	-2.9351
58.40	-2.9350
58.39	-2.9349
58.39	-2.9350
58.39	-2.9347
58.38	-2.9349
58.38	-2.9349
58.38	-2.9348
58.38	-2.9346
58.38	-2.9347
58.38	-2.9349
58.38	-2.9348
58.37	-2.9348
58.37	-2.9347
58.36	-2.9347
58.36	-2.9347
58.36	-2.9347
58.36	-2.9347
58.36	-2.9348
58.35	-2.9347
58.35	-2.9347
58.35	-2.9347
58.35	-2.9346
58.34	-2.9346
58.34	-2.9345
58.34	-2.9345
58.34	-2.9344
58.33	-2.9344
58.33	-2.9346
58.33	-2.9345
58.33	-2.9343
58.32	-2.9342
58.32	-2.9342
58.32	-2.9341
58.32	-2.9341
58.31	-2.9341
58.31	-2.9341
58.30	-2.9342
58.30	-2.9340
58.30	-2.9340
58.30	-2.9340
58.30	-2.9341
58.30	-2.9338
58.30	-2.9340
58.30	-2.9337
58.29	-2.9338
58.29	-2.9338
58.29	-2.9336
58.28	-2.9337
58.28	-2.9336
58.28	-2.9334
58.28	-2.9336
58.27	-2.9335
58.27	-2.9335
58.27	-2.9335
58.26	-2.9333
58.25	-2.9334
58.25	-2.9335
58.25	-2.9334
58.25	-2.9333
58.25	-2.9334
58.25	-2.9333
58.25	-2.9334
58.25	-2.9332
58.24	-2.9333
58.24	-2.9331
58.24	-2.9331
58.23	-2.9331
58.23	-2.9333
58.23	-2.9332
58.23	-2.9331
58.23	-2.9330
58.22	-2.9332
58.22	-2.9331
58.22	-2.9332
58.21	-2.9332
58.21	-2.9330
58.21	-2.9330
58.21	-2.9330
58.20	-2.9331
58.20	-2.9332
58.20	-2.9330
58.19	-2.9331
58.19	-2.9329
58.19	-2.9328
58.19	-2.9330
58.19	-2.9329
58.18	-2.9331
58.18	-2.9329
58.18	-2.9330
58.18	-2.9329
58.18	-2.9327
58.17	-2.9330
58.17	-2.9328
58.17	-2.9327
58.17	-2.9330
58.16	-2.9327
58.16	-2.9328
58.16	-2.9329
58.16	-2.9328
58.15	-2.9328
58.15	-2.9329
58.15	-2.9328
58.14	-2.9329
58.14	-2.9327
58.14	-2.9328
58.13	-2.9328
58.13	-2.9326
58.13	-2.9328
58.13	-2.9326
58.13	-2.9326
58.13	-2.9327
58.13	-2.9326
58.13	-2.9326
58.12	-2.9326
58.12	-2.9323
58.12	-2.9325
58.11	-2.9324
58.11	-2.9325
58.10	-2.9324
58.10	-2.9324
58.10	-2.9323
58.10	-2.9324
58.09	-2.9324
58.09	-2.9323
58.09	-2.9323
58.09	-2.9324
58.09	-2.9322
58.09	-2.9322
58.09	-2.9323
58.08	-2.9321
58.08	-2.9322
58.08	-2.9322
58.08	-2.9322
58.07	-2.9322
58.07	-2.9321
58.06	-2.9323
58.06	-2.9321
58.06	-2.9322
58.05	-2.9322
58.05	-2.9322
58.05	-2.9322
58.05	-2.9320
58.05	-2.9321
58.05	-2.9323
58.04	-2.9321
58.04	-2.9320
58.04	-2.9321
58.04	-2.9322
58.04	-2.9321
58.03	-2.9321
58.03	-2.9321
58.03	-2.9322
58.02	-2.9320
58.02	-2.9319
58.02	-2.9319
58.02	-2.9323
58.02	-2.9321
58.01	-2.9322
58.01	-2.9321
58.01	-2.9320
58.01	-2.9320
58.00	-2.9322
58.00	-2.9320
58.00	-2.9321
58.00	-2.9320
57.99	-2.9320
57.99	-2.9319
57.98	-2.9321
57.98	-2.9318
57.98	-2.9318
57.98	-2.9322
57.98	-2.9320
57.97	-2.9318
57.97	-2.9321
57.97	-2.9319
57.96	-2.9321
57.96	-2.9319
57.96	-2.9319
57.96	-2.9318
57.95	-2.9318
57.95	-2.9319
57.95	-2.9317
57.95	-2.9317
57.95	-2.9317
57.95	-2.9318
57.94	-2.9317
57.94	-2.9317
57.94	-2.9318
57.93	-2.9316
57.93	-2.9317
57.93	-2.9317
57.93	-2.9316
57.92	-2.9316
57.92	-2.9316
57.92	-2.9315
57.91	-2.9317
57.91	-2.9314
57.91	-2.9316
57.91	-2.9314
57.90	-2.9314
57.90	-2.9316
57.90	-2.9315
57.90	-2.9315
57.90	-2.9313
57.89	-2.9316
57.89	-2.9315
57.89	-2.9314
57.88	-2.9315
57.88	-2.9315
57.88	-2.9312
57.88	-2.9314
57.88	-2.9314
57.88	-2.9314
57.87	-2.9313
57.87	-2.9314
57.87	-2.9312
57.87	-2.9312
57.86	-2.9313
57.86	-2.9310
57.86	-2.9312
57.86	-2.9311
57.86	-2.9310
57.85	-2.9310
57.85	-2.9311
57.84	-2.9310
57.84	-2.9311
57.83	-2.9310
57.83	-2.9310
57.83	-2.9310
57.83	-2.9309
57.83	-2.9311
57.83	-2.9310
57.83	-2.9308
57.83	-2.9308
57.83	-2.9307
57.82	-2.9308
57.82	-2.9308
57.81	-2.9307
57.81	-2.9307
57.80	-2.9307
57.80	-2.9308
57.80	-2.9306
57.80	-2.9306
57.80	-2.9306
57.80	-2.9304
57.80	-2.9304
57.79	-2.9304
57.79	-2.9304
57.79	-2.9303
57.78	-2.9302
57.78	-2.9303
57.77	-2.9303
57.77	-2.9302
57.77	-2.9302
57.77	-2.9304
57.77	-2.9301
57.77	-2.9302
57.77	-2.9302
57.76	-2.9301
57.75	-2.9301
57.75	-2.9300
57.75	-2.9301
57.75	-2.9300
57.75	-2.9299
57.75	-2.9300
57.75	-2.9299
57.74	-2.9298
57.74	-2.9299
57.73	-2.9300
57.73	-2.9300
57.73	-2.9299
57.73	-2.9300
57.72	-2.9301
57.72	-2.9301
57.72	-2.9298
57.72	-2.9298
57.72	-2.9298
57.71	-2.9301
57.71	-2.9299
57.71	-2.9298
57.71	-2.9298
57.70	-2.9299
57.70	-2.9302
57.70	-2.9299
57.70	-2.9299
57.69	-2.9297
57.69	-2.9298
57.69	-2.9297
57.69	-2.9298
57.68	-2.9297
57.68	-2.9299
57.68	-2.9297
57.68	-2.9297
57.68	-2.9299
57.67	-2.9296
57.67	-2.9298
57.66	-2.9297
57.66	-2.9295
57.66	-2.9296
57.66	-2.9294
57.65	-2.9296
57.65	-2.9295
57.65	-2.9296
57.65	-2.9296
57.65	-2.9295
57.65	-2.9294
57.64	-2.9294
57.64	-2.9293
57.64	-2.9295
57.63	-2.9295
57.63	-2.9294
57.63	-2.9294
57.63	-2.9295
57.63	-2.9294
57.62	-2.9295
57.62	-2.9293
57.61	-2.9293
57.61	-2.9294
57.61	-2.9294
57.60	-2.9292
57.60	-2.9295
57.60	-2.9293
57.60	-2.9293
57.60	-2.9293
57.59	-2.9294
57.59	-2.9292
57.59	-2.9293
57.59	-2.9291
57.58	-2.9292
57.58	-2.9293
57.58	-2.9293
57.58	-2.9292
57.57	-2.9291
57.57	-2.9292
57.57	-2.9293
57.57	-2.9291
57.57	-2.9291
57.56	-2.9292
57.56	-2.9291
57.56	-2.9293
57.55	-2.9291
57.55	-2.9292
57.55	-2.9292
57.55	-2.9292
57.54	-2.9291
57.54	-2.9291
57.54	-2.9291
57.54	-2.9292
57.54	-2.9291
57.53	-2.9292
57.53	-2.9291
57.53	-2.9291
57.52	-2.9289
57.52	-2.9291
57.52	-2.9289
57.52	-2.9292
57.52	-2.9291
57.51	-2.9289
57.51	-2.9291
57.51	-2.9289
57.51	-2.9289
57.50	-2.9288
57.50	-2.9290
57.50	-2.9288
57.50	-2.9288
57.50	-2.9290
57.50	-2.9289
57.50	-2.9288
57.49	-2.9288
57.49	-2.9288
57.48	-2.9288
57.48	-2.9287
57.48	-2.9287
57.48	-2.9286
57.47	-2.9285
57.47	-2.9286
57.46	-2.9286
57.46	-2.9288
57.46	-2.9285
57.46	-2.9285
57.45	-2.9286
57.45	-2.9286
57.45	-2.9285
57.45	-2.9285
57.44	-2.9284
57.44	-2.9284
57.44	-2.9284
57.43	-2.9283
57.43	-2.9284
57.43	-2.9285
57.43	-2.9285
57.43	-2.9284
57.43	-2.9282
57.43	-2.9282
57.43	-2.9283
57.42	-2.9283
57.42	-2.9283
57.42	-2.9284
57.41	-2.9285
57.41	-2.9283
57.40	-2.9284
57.40	-2.9284
57.40	-2.9282
57.40	-2.9282
57.39	-2.9282
57.39	-2.9282
57.39	-2.9281
57.39	-2.9282
57.39	-2.9282
57.38	-2.9280
57.38	-2.9281
57.38	-2.9281
57.38	-2.9281
57.38	-2.9279
57.37	-2.9279
57.37	-2.9278
57.37	-2.9279
57.36	-2.9279
57.36	-2.9280
57.36	-2.9278
57.35	-2.9278
57.35	-2.9278
57.35	-2.9278
57.34	-2.9278
57.34	-2.9279
57.34	-2.9279
57.34	-2.9276
57.34	-2.9277
57.34	-2.9277
57.33	-2.9277
57.33	-2.9275
57.33	-2.9277
57.33	-2.9277
57.33	-2.9277
57.32	-2.9277
57.32	-2.9276
57.32	-2.9275
57.32	-2.9277
57.31	-2.9276
57.31	-2.9276
57.30	-2.9274
57.30	-2.9274
57.30	-2.9276
57.30	-2.9273
57.30	-2.9272
57.30	-2.9273
57.30	-2.9273
57.29	-2.9273
57.29	-2.9274
57.29	-2.9273
57.29	-2.9270
57.28	-2.9272
57.28	-2.9272
57.28	-2.9269
57.27	-2.9271
57.27	-2.9270
57.27	-2.9271
57.27	-2.9269
57.27	-2.9271
57.26	-2.9270
57.26	-2.9270
57.26	-2.9271
57.25	-2.9269
57.25	-2.9269
57.25	-2.9270
57.25	-2.9271
57.25	-2.9270
57.24	-2.9270
57.24	-2.9271
57.24	-2.9268
57.23	-2.9269
57.23	-2.9268
57.23	-2.9269
57.23	-2.9269
57.23	-2.9268
57.22	-2.9271
57.22	-2.9268
57.22	-2.9268
57.22	-2.9270
57.21	-2.9268
57.21	-2.9268
57.21	-2.9267
57.20	-2.9268
57.20	-2.9267
57.20	-2.9270
57.20	-2.9269
57.20	-2.9268
57.20	-2.9268
57.20	-2.9267
57.19	-2.9267
57.19	-2.9267
57.18	-2.9266
57.18	-2.9266
57.18	-2.9266
57.18	-2.9268
57.17	-2.9267
57.17	-2.9266
57.17	-2.9266
57.16	-2.9267
57.16	-2.9267
57.16	-2.9263
57.16	-2.9265
57.16	-2.9267
57.15	-2.9265
57.15	-2.9265
57.15	-2.9264
57.14	-2.9265
57.14	-2.9264
57.14	-2.9263
57.14	-2.9265
57.13	-2.9264
57.13	-2.9261
57.13	-2.9262
57.13	-2.9261
57.12	-2.9259
57.12	-2.9261
57.12	-2.9260
57.12	-2.9262
57.12	-2.9260
57.11	-2.9259
57.11	-2.9261
57.10	-2.9260
57.10	-2.9260
57.10	-2.9261
57.10	-2.9260
57.09	-2.9259
57.10	-2.9259
57.09	-2.9259
57.09	-2.9259
57.08	-2.9259
57.08	-2.9258
57.08	-2.9257
57.08	-2.9258
57.08	-2.9260
57.08	-2.9258
57.08	-2.9259
57.07	-2.9258
57.07	-2.9257
57.06	-2.9259
57.06	-2.9260
57.06	-2.9257
57.06	-2.9259
57.05	-2.9259
57.05	-2.9258
57.05	-2.9259
57.05	-2.9259
57.05	-2.9259
57.05	-2.9258
57.04	-2.9259
57.04	-2.9258
57.04	-2.9257
57.03	-2.9259
57.03	-2.9257
57.03	-2.9258
57.03	-2.9257
57.03	-2.9257
57.02	-2.9256
57.02	-2.9258
57.02	-2.9257
57.01	-2.9257
57.01	-2.9256
57.01	-2.9257
57.00	-2.9256
57.00	-2.9254
57.00	-2.9255
57.00	-2.9254
57.00	-2.9255
57.00	-2.9252
56.99	-2.9252
56.99	-2.9254
56.98	-2.9253
56.98	-2.9252
56.98	-2.9255
56.98	-2.9251
56.98	-2.9253
56.98	-2.9252
56.98	-2.9252
56.98	-2.9252
56.97	-2.9252
56.97	-2.9251
56.97	-2.9251
56.96	-2.9252
56.96	-2.9249
56.96	-2.9250
56.95	-2.9250
56.95	-2.9250
56.95	-2.9251
56.95	-2.9249
56.95	-2.9249
56.94	-2.9250
56.94	-2.9249
56.93	-2.9249
56.93	-2.9249
56.93	-2.9249
56.93	-2.9250
56.92	-2.9247
56.92	-2.9248
56.92	-2.9249
56.91	-2.9248
56.91	-2.9248
56.91	-2.9247
56.91	-2.9248
56.91	-2.9249
56.90	-2.9248
56.90	-2.9247
56.90	-2.9248
56.90	-2.9247
56.89	-2.9248
56.89	-2.9247
56.89	-2.9249
56.89	-2.9248
56.88	-2.9247
56.88	-2.9247
56.88	-2.9247
56.88	-2.9248
56.88	-2.9248
56.87	-2.9247
56.87	-2.9247
56.87	-2.9246
56.86	-2.9245
56.86	-2.9245
56.86	-2.9248
56.86	-2.9246
56.86	-2.9245
56.85	-2.9247
56.85	-2.9247
56.85	-2.9245
56.84	-2.9245
56.84	-2.9242
56.84	-2.9245
56.84	-2.9243
56.84	-2.9243
56.83	-2.9242
56.83	-2.9244
56.83	-2.9244
56.83	-2.9242
56.82	-2.9242
56.82	-2.9244
56.82	-2.9243
56.81	-2.9240
56.81	-2.9242
56.81	-2.9242
56.81	-2.9243
56.80	-2.9242
56.80	-2.9241
56.80	-2.9241
56.80	-2.9240
56.80	-2.9241
56.79	-2.9241
56.79	-2.9240
56.79	-2.9240
56.78	-2.9239
56.78	-2.9239
56.78	-2.9240
56.78	-2.9239
56.77	-2.9239
56.77	-2.9240
56.77	-2.9239
56.77	-2.9238
56.76	-2.9241
56.76	-2.9241
56.76	-2.9240
56.76	-2.9239
56.76	-2.9239
56.75	-2.9238
56.75	-2.9239
56.75	-2.9239
56.74	-2.9239
56.74	-2.9239
56.74	-2.9236
56.74	-2.9238
56.73	-2.9236
56.73	-2.9237
56.73	-2.9237
56.73	-2.9236
56.73	-2.9236
56.73	-2.9237
56.72	-2.9234
56.72	-2.9234
56.72	-2.9234
56.72	-2.9236
56.71	-2.9234
56.71	-2.9234
56.71	-2.9232
56.71	-2.9233
56.71	-2.9234
56.70	-2.9231
56.69	-2.9232
56.69	-2.9233
56.69	-2.9233
56.68	-2.9231
56.68	-2.9232
56.68	-2.9231
56.68	-2.9232
56.67	-2.9233
56.67	-2.9231
56.67	-2.9232
56.67	-2.9231
56.66	-2.9230
56.66	-2.9231
56.66	-2.9230
56.66	-2.9229
56.66	-2.9229
56.65	-2.9230
56.65	-2.9228
56.65	-2.9229
56.65	-2.9228
56.65	-2.9229
56.64	-2.9227
56.64	-2.9229
56.63	-2.9227
56.63	-2.9227
56.63	-2.9227
56.63	-2.9228
56.63	-2.9227
56.63	-2.9228
56.62	-2.9226
56.62	-2.9229
56.62	-2.9226
56.61	-2.9227
56.61	-2.9227
56.61	-2.9227
56.61	-2.9227
56.60	-2.9227
56.60	-2.9226
56.60	-2.9228
56.60	-2.9227
56.59	-2.9226
56.59	-2.9227
56.59	-2.9226
56.59	-2.9227
56.58	-2.9226
56.58	-2.9227
56.58	-2.9228
56.58	-2.9226
56.58	-2.9227
56.58	-2.9228
56.57	-2.9226
56.57	-2.9227
56.57	-2.9226
56.57	-2.9227
56.56	-2.9226
56.56	-2.9227
56.55	-2.9228
56.55	-2.9227
56.55	-2.9228
56.55	-2.9225
56.55	-2.9225
56.54	-2.9225
56.54	-2.9225
56.54	-2.9223
56.54	-2.9223
56.54	-2.9223
56.53	-2.9224
56.53	-2.9223
56.52	-2.9224
56.52	-2.9221
56.52	-2.9223
56.52	-2.9221
56.51	-2.9223
56.51	-2.9221
56.50	-2.9222
56.50	-2.9221
56.50	-2.9223
56.50	-2.9222
56.50	-2.9221
56.50	-2.9221
56.50	-2.9221
56.49	-2.9219
56.49	-2.9222
56.48	-2.9220
56.48	-2.9220
56.48	-2.9221
56.48	-2.9221
56.48	-2.9221
56.48	-2.9220
56.47	-2.9219
56.47	-2.9220
56.47	-2.9221
56.47	-2.9221
56.46	-2.9220
56.45	-2.9221
56.45	-2.9219
56.45	-2.9219
56.45	-2.9221
56.44	-2.9218
56.44	-2.9219
56.44	-2.9219
56.44	-2.9219
56.43	-2.9219
56.44	-2.9219
56.43	-2.9219
56.43	-2.9220
56.43	-2.9220
56.43	-2.9220
56.42	-2.9219
56.42	-2.9217
56.42	-2.9219
56.42	-2.9217
56.42	-2.9218
56.41	-2.9218
56.42	-2.9218
56.41	-2.9218
56.41	-2.9219
56.40	-2.9217
56.40	-2.9215
56.40	-2.9216
56.40	-2.9218
56.40	-2.9217
56.39	-2.9214
56.39	-2.9217
56.39	-2.9216
56.39	-2.9215
56.38	-2.9215
56.38	-2.9214
56.38	-2.9215
56.38	-2.9214
56.37	-2.9215
56.37	-2.9216
56.37	-2.9214
56.36	-2.9214
56.36	-2.9214
56.36	-2.9215
56.36	-2.9212
56.35	-2.9212
56.35	-2.9213
56.35	-2.9212
56.34	-2.9213
56.35	-2.9213
56.34	-2.9210
56.34	-2.9210
56.34	-2.9211
56.33	-2.9210
56.33	-2.9210
56.33	-2.9211
56.33	-2.9210
56.33	-2.9210
56.33	-2.9212
56.32	-2.9210
56.32	-2.9212
56.32	-2.9211
56.32	-2.9211
56.32	-2.9209
56.31	-2.9212
56.30	-2.9211
56.30	-2.9214
56.30	-2.9210
56.30	-2.9212
56.30	-2.9210
56.30	-2.9211
56.29	-2.9210
56.29	-2.9210
56.29	-2.9209
56.28	-2.9209
56.28	-2.9208
56.28	-2.9209
56.27	-2.9209
56.27	-2.9208
56.27	-2.9209
56.27	-2.9207
56.27	-2.9208
56.27	-2.9207
56.27	-2.9205
56.26	-2.9204
56.26	-2.9205
56.26	-2.9206
56.25	-2.9207
56.25	-2.9206
56.25	-2.9203
56.25	-2.9206
56.24	-2.9204
56.24	-2.9204
56.24	-2.9205
56.23	-2.9203
56.23	-2.9204
56.23	-2.9204
56.23	-2.9204
56.22	-2.9202
56.21	-2.9203
56.22	-2.9202
56.22	-2.9202
56.21	-2.9201
56.21	-2.9201
56.21	-2.9202
56.21	-2.9201
56.20	-2.9200
56.20	-2.9200
56.20	-2.9200
56.20	-2.9201
56.20	-2.9200
56.19	-2.9199
56.18	-2.9199
56.18	-2.9200
56.18	-2.9199
56.18	-2.9199
56.18	-2.9197
56.18	-2.9199
56.18	-2.9199
56.18	-2.9198
56.17	-2.9197
56.16	-2.9197
56.16	-2.9197
56.17	-2.9198
56.16	-2.9197
56.15	-2.9198
56.15	-2.9195
56.15	-2.9195
56.15	-2.9196
56.15	-2.9195
56.14	-2.9194
56.14	-2.9195
56.14	-2.9197
56.13	-2.9195
56.13	-2.9195
56.13	-2.9197
56.13	-2.9195
56.12	-2.9195
56.12	-2.9195
56.13	-2.9196
56.13	-2.9194
56.12	-2.9194
56.12	-2.9194
56.11	-2.9195
56.10	-2.9196
56.10	-2.9194
56.11	-2.9194
56.11	-2.9194
56.10	-2.9194
56.09	-2.9196
56.09	-2.9195
56.08	-2.9194
56.08	-2.9193
56.08	-2.9193
56.08	-2.9193
56.08	-2.9193
56.08	-2.9194
56.08	-2.9192
56.07	-2.9192
56.06	-2.9192
56.06	-2.9192
56.06	-2.9191
56.07	-2.9191
56.07	-2.9193
56.07	-2.9190
56.06	-2.9191
56.05	-2.9190
56.05	-2.9190
56.04	-2.9189
56.04	-2.9189
56.04	-2.9187
56.04	-2.9190
56.04	-2.9187
56.04	-2.9188
56.05	-2.9187
56.04	-2.9186
56.04	-2.9185
56.03	-2.9187
56.02	-2.9185
56.02	-2.9184
56.01	-2.9187
56.00	-2.9183
56.00	-2.9184
56.00	-2.9182
56.00	-2.9183
56.00	-2.9183
56.00	-2.9183
56.00	-2.9181
56.00	-2.9182
56.00	-2.9182
56.01	-2.9185
56.00	-2.9185
56.00	-2.9183
56.00	-2.9182
55.99	-2.9182
55.99	-2.9183
55.98	-2.9183
55.98	-2.9184
55.98	-2.9182
55.97	-2.9181
55.96	-2.9182
55.96	-2.9183
55.96	-2.9183
55.95	-2.9183
55.95	-2.9182
55.95	-2.9182
55.95	-2.9180
55.94	-2.9183
55.94	-2.9181
55.94	-2.9182
55.94	-2.9182
55.93	-2.9183
55.93	-2.9182
55.93	-2.9181
55.93	-2.9180
55.93	-2.9182
55.93	-2.9179
55.93	-2.9181
55.93	-2.9181
55.93	-2.9179
55.93	-2.9181
55.93	-2.9181
55.93	-2.9180
55.93	-2.9180
55.93	-2.9179
55.93	-2.9179
55.93	-2.9179
55.93	-2.9179
55.92	-2.9179
55.91	-2.9179
55.91	-2.9178
55.90	-2.9180
55.89	-2.9179
55.89	-2.9179
55.88	-2.9178
55.88	-2.9179
55.87	-2.9177
55.87	-2.9179
55.87	-2.9178
55.87	-2.9178
55.87	-2.9176
55.87	-2.9174
55.87	-2.9177
55.88	-2.9174
55.88	-2.9176
55.87	-2.9173
55.86	-2.9176
55.85	-2.9175
55.84	-2.9175
55.84	-2.9173
55.84	-2.9178
55.84	-2.9173
55.84	-2.9174
55.84	-2.9176
55.84	-2.9175
55.84	-2.9175
55.83	-2.9175
55.83	-2.9175
55.82	-2.9174
55.81	-2.9173
55.81	-2.9175
55.82	-2.9173
55.83	-2.9172
55.83	-2.9172
55.82	-2.9173
55.81	-2.9173
55.80	-2.9173
55.80	-2.9172
55.80	-2.9173
55.80	-2.9174
55.80	-2.9172
55.79	-2.9173
55.79	-2.9171
55.78	-2.9172
55.78	-2.9171
55.78	-2.9171
55.78	-2.9173
55.78	-2.9170
55.78	-2.9174
55.77	-2.9172
55.77	-2.9171
55.77	-2.9172
55.77	-2.9172
55.77	-2.9170
55.76	-2.9170
55.75	-2.9170
55.75	-2.9170
55.75	-2.9172
55.76	-2.9170
55.75	-2.9168
55.75	-2.9168
55.74	-2.9167
55.74	-2.9166
55.74	-2.9167
55.73	-2.9169
55.73	-2.9167
55.73	-2.9167
55.73	-2.9168
55.73	-2.9168
55.72	-2.9167
55.71	-2.9165
55.71	-2.9167
55.72	-2.9166
55.71	-2.9165
55.70	-2.9166
55.70	-2.9165
55.70	-2.9166
55.70	-2.9165
55.70	-2.9166
55.69	-2.9164
55.69	-2.9166
55.70	-2.9165
55.69	-2.9165
55.68	-2.9166
55.68	-2.9165
55.69	-2.9165
55.69	-2.9164
55.68	-2.9164
55.68	-2.9164
55.68	-2.9165
55.67	-2.9163
55.67	-2.9162
55.67	-2.9164
55.67	-2.9161
55.66	-2.9163
55.66	-2.9162
55.66	-2.9161
55.65	-2.9162
55.65	-2.9163
55.65	-2.9162
55.65	-2.9161
55.65	-2.9161
55.64	-2.9161
55.64	-2.9161
55.64	-2.9159
55.63	-2.9162
55.63	-2.9159
55.63	-2.9162
55.63	-2.9159
55.62	-2.9160
55.62	-2.9161
55.62	-2.9161
55.61	-2.9159
55.61	-2.9159
55.61	-2.9160
55.60	-2.9159
55.60	-2.9158
55.60	-2.9159
55.59	-2.9158
55.59	-2.9159
55.59	-2.9157
55.59	-2.9157
55.59	-2.9156
55.59	-2.9158
55.58	-2.9156
55.58	-2.9157
55.58	-2.9155
55.58	-2.9156
55.58	-2.9155
55.57	-2.9154
55.57	-2.9154
55.57	-2.9155
55.57	-2.9154
55.57	-2.9154
55.56	-2.9155
55.56	-2.9153
55.56	-2.9155
55.55	-2.9155
55.55	-2.9155
55.55	-2.9154
55.54	-2.9153
55.54	-2.9152
55.54	-2.9152
55.53	-2.9154
55.54	-2.9152
55.53	-2.9152
55.53	-2.9152
55.53	-2.9153
55.53	-2.9152
55.52	-2.9153
55.52	-2.9150
55.52	-2.9151
55.52	-2.9151
55.51	-2.9151
55.51	-2.9152
55.51	-2.9150
55.50	-2.9150
55.51	-2.9151
55.50	-2.9149
55.50	-2.9150
55.49	-2.9151
55.49	-2.9149
55.49	-2.9148
55.49	-2.9150
55.49	-2.9149
55.48	-2.9150
55.48	-2.9148
55.48	-2.9150
55.48	-2.9148
55.48	-2.9149
55.48	-2.9149
55.48	-2.9150
55.48	-2.9149
55.48	-2.9150
55.47	-2.9147
55.47	-2.9150
55.46	-2.9148
55.46	-2.9148
55.46	-2.9149
55.46	-2.9149
55.45	-2.9149
55.45	-2.9147
55.45	-2.9148
55.44	-2.9148
55.44	-2.9148
55.44	-2.9147
55.43	-2.9148
55.43	-2.9145
55.43	-2.9146
55.43	-2.9148
55.42	-2.9145
55.42	-2.9146
55.42	-2.9145
55.42	-2.9143
55.41	-2.9145
55.41	-2.9144
55.40	-2.9144
55.40	-2.9144
55.40	-2.9141
55.40	-2.9144
55.40	-2.9142
55.40	-2.9143
55.39	-2.9142
55.39	-2.9141
55.39	-2.9141
55.39	-2.9141
55.38	-2.9140
55.38	-2.9143
55.38	-2.9141
55.38	-2.9140
55.38	-2.9141
55.38	-2.9141
55.38	-2.9140
55.37	-2.9142
55.37	-2.9138
55.37	-2.9139
55.36	-2.9139
55.35	-2.9139
55.35	-2.9139
55.35	-2.9139
55.34	-2.9140
55.34	-2.9140
55.34	-2.9139
55.34	-2.9141
55.34	-2.9141
55.34	-2.9141
55.33	-2.9139
55.33	-2.9140
55.33	-2.9140
55.33	-2.9140
55.33	-2.9141
55.33	-2.9141
55.32	-2.9140
55.32	-2.9140
55.31	-2.9140
55.31	-2.9139
55.31	-2.9141
55.31	-2.9138
55.30	-2.9140
55.30	-2.9138
55.30	-2.9139
55.30	-2.9138
55.30	-2.9138
55.30	-2.9138
55.29	-2.9137
55.29	-2.9137
55.29	-2.9136
55.28	-2.9137
55.28	-2.9136
55.28	-2.9137
55.28	-2.9137
55.27	-2.9136
55.27	-2.9136
55.27	-2.9137
55.27	-2.9136
55.26	-2.9135
55.26	-2.9135
55.26	-2.9134
55.26	-2.9136
55.25	-2.9134
55.25	-2.9135
55.25	-2.9134
55.25	-2.9133
55.24	-2.9133
55.24	-2.9134
55.23	-2.9134
55.23	-2.9133
55.23	-2.9133
55.23	-2.9132
55.23	-2.9131
55.23	-2.9133
55.22	-2.9132
55.22	-2.9133
55.22	-2.9134
55.21	-2.9132
55.22	-2.9131
55.21	-2.9132
55.21	-2.9133
55.21	-2.9131
55.21	-2.9134
55.20	-2.9130
55.20	-2.9132
55.20	-2.9131
55.19	-2.9133
55.19	-2.9131
55.18	-2.9131
55.18	-2.9132
55.18	-2.9130
55.18	-2.9131
55.18	-2.9129
55.18	-2.9130
55.18	-2.9131
55.17	-2.9129
55.17	-2.9129
55.16	-2.9129
55.16	-2.9130
55.16	-2.9130
55.16	-2.9129
55.15	-2.9130
55.15	-2.9127
55.15	-2.9125
55.14	-2.9128
55.14	-2.9126
55.14	-2.9127
55.14	-2.9127
55.14	-2.9124
55.13	-2.9126
55.13	-2.9125
55.13	-2.9126
55.13	-2.9126
55.13	-2.9125
55.13	-2.9125
55.12	-2.9125
55.12	-2.9125
55.11	-2.9125
55.11	-2.9125
55.11	-2.9124
55.11	-2.9123
55.10	-2.9125
55.10	-2.9124
55.10	-2.9123
55.09	-2.9126
55.09	-2.9124
55.09	-2.9124
55.09	-2.9124
55.08	-2.9124
55.08	-2.9124
55.08	-2.9124
55.08	-2.9123
55.07	-2.9122
55.07	-2.9123
55.07	-2.9122
55.07	-2.9123
55.07	-2.9122
55.07	-2.9122
55.06	-2.9121
55.06	-2.9122
55.06	-2.9121
55.05	-2.9121
55.05	-2.9120
55.05	-2.9119
55.05	-2.9120
55.04	-2.9118
55.05	-2.9119
55.05	-2.9117
55.05	-2.9118
55.04	-2.9119
55.03	-2.9119
55.03	-2.9118
55.03	-2.9119
55.02	-2.9118
55.02	-2.9118
55.02	-2.9117
55.02	-2.9119
55.02	-2.9118
55.02	-2.9117
55.01	-2.9117
55.00	-2.9116
55.00	-2.9115
55.00	-2.9114
55.00	-2.9115
55.00	-2.9113
54.99	-2.9113
54.99	-2.9114
54.99	-2.9114
54.99	-2.9112
54.99	-2.9112
54.98	-2.9113
54.98	-2.9112
54.98	-2.9112
54.98	-2.9112
54.98	-2.9115
54.97	-2.9113
54.97	-2.9113
54.96	-2.9112
54.96	-2.9113
54.96	-2.9113
54.95	-2.9112
54.95	-2.9111
54.95	-2.9113
54.95	-2.9112
54.95	-2.9111
54.95	-2.9110
54.95	-2.9112
54.95	-2.9112
54.94	-2.9110
54.94	-2.9112
54.94	-2.9109
54.94	-2.9111
54.93	-2.9110
54.93	-2.9110
54.92	-2.9111
54.92	-2.9109
54.92	-2.9110
54.91	-2.9110
54.91	-2.9109
54.91	-2.9110
54.90	-2.9110
54.90	-2.9111
54.90	-2.9109
54.90	-2.9108
54.90	-2.9110
54.89	-2.9110
54.89	-2.9109
54.89	-2.9109
54.89	-2.9109
54.88	-2.9107
54.88	-2.9109
54.88	-2.9107
54.88	-2.9108
54.88	-2.9108
54.87	-2.9108
54.87	-2.9106
54.87	-2.9109
54.86	-2.9108
54.86	-2.9105
54.85	-2.9107
54.86	-2.9105
54.86	-2.9106
54.85	-2.9106
54.85	-2.9107
54.85	-2.9105
54.84	-2.9105
54.84	-2.9106
54.84	-2.9105
54.84	-2.9105
54.84	-2.9105
54.83	-2.9105
54.83	-2.9104
54.83	-2.9105
54.83	-2.9104
54.82	-2.9104
54.82	-2.9103
54.82	-2.9104
54.82	-2.9105
54.82	-2.9103
54.81	-2.9103
54.81	-2.9104
54.81	-2.9102
54.81	-2.9102
54.80	-2.9103
54.80	-2.9102
54.80	-2.9103
54.79	-2.9102
54.79	-2.9102
54.78	-2.9102
54.78	-2.9100
54.78	-2.9102
54.77	-2.9101
54.77	-2.9100
54.77	-2.9101
54.77	-2.9100
54.77	-2.9102
54.77	-2.9101
54.76	-2.9102
54.76	-2.9103
54.76	-2.9102
54.76	-2.9101
54.76	-2.9099
54.76	-2.9100
54.75	-2.9100
54.75	-2.9100
54.75	-2.9099
54.75	-2.9100
54.75	-2.9100
54.74	-2.9098
54.74	-2.9101
54.73	-2.9098
54.73	-2.9098
54.73	-2.9100
54.72	-2.9096
54.72	-2.9096
54.72	-2.9099
54.72	-2.9098
54.72	-2.9096
54.72	-2.9096
54.72	-2.9098
54.71	-2.9098
54.71	-2.9097
54.70	-2.9097
54.70	-2.9096
54.70	-2.9096
54.70	-2.9096
54.70	-2.9095
54.69	-2.9094
54.69	-2.9094
54.69	-2.9096
54.68	-2.9094
54.68	-2.9094
54.68	-2.9093
54.68	-2.9096
54.67	-2.9095
54.67	-2.9095
54.67	-2.9094
54.67	-2.9095
54.66	-2.9092
54.66	-2.9093
54.66	-2.9092
54.66	-2.9092
54.65	-2.9091
54.65	-2.9091
54.65	-2.9091
54.65	-2.9090
54.64	-2.9092
54.64	-2.9091
54.63	-2.9089
54.63	-2.9090
54.63	-2.9089
54.63	-2.9090
54.63	-2.9088
54.62	-2.9090
54.62	-2.9087
54.62	-2.9088
54.62	-2.9088
54.62	-2.9088
54.61	-2.9089
54.62	-2.9088
54.61	-2.9089
54.61	-2.9087
54.61	-2.9088
54.60	-2.9089
54.60	-2.9089
54.59	-2.9088
54.59	-2.9088
54.59	-2.9087
54.59	-2.9088
54.59	-2.9088
54.59	-2.9088
54.59	-2.9086
54.59	-2.9089
54.58	-2.9086
54.58	-2.9085
54.58	-2.9086
54.58	-2.9087
54.57	-2.9086
54.57	-2.9087
54.57	-2.9086
54.57	-2.9087
54.57	-2.9085
54.56	-2.9087
54.56	-2.9086
54.55	-2.9087
54.55	-2.9085
54.55	-2.9086
54.55	-2.9085
54.55	-2.9086
54.54	-2.9085
54.54	-2.9084
54.54	-2.9085
54.53	-2.9085
54.53	-2.9086
54.53	-2.9084
54.52	-2.9085
54.52	-2.9084
54.52	-2.9086
54.51	-2.9084
54.51	-2.9085
54.51	-2.9085
54.51	-2.9086
54.50	-2.9084
54.50	-2.9084
54.50	-2.9086
54.50	-2.9085
54.50	-2.9084
54.49	-2.9085
54.49	-2.9085
54.49	-2.9085
54.49	-2.9084
54.49	-2.9085
54.48	-2.9083
54.48	-2.9085
54.48	-2.9084
54.48	-2.9086
54.47	-2.9082
54.47	-2.9081
54.47	-2.9082
54.47	-2.9083
54.46	-2.9080
54.46	-2.9081
54.46	-2.9081
54.45	-2.9081
54.45	-2.9080
54.45	-2.9081
54.45	-2.9081
54.45	-2.9079
54.44	-2.9079
54.44	-2.9079
54.43	-2.9080
54.43	-2.9081
54.43	-2.9079
54.43	-2.9080
54.43	-2.9079
54.43	-2.9079
54.42	-2.9079
54.42	-2.9076
54.42	-2.9076
54.41	-2.9077
54.41	-2.9080
54.40	-2.9077
54.40	-2.9078
54.40	-2.9079
54.40	-2.9077
54.40	-2.9076
54.40	-2.9077
54.39	-2.9075
54.39	-2.9076
54.39	-2.9075
54.38	-2.9077
54.38	-2.9075
54.38	-2.9076
54.38	-2.9075
54.38	-2.9075
54.38	-2.9075
54.37	-2.9073
54.37	-2.9074
54.37	-2.9073
54.37	-2.9074
54.36	-2.9073
54.36	-2.9072
54.36	-2.9072
54.35	-2.9073
54.35	-2.9072
54.35	-2.9074
54.35	-2.9073
54.34	-2.9073
54.34	-2.9071
54.34	-2.9071
54.33	-2.9071
54.33	-2.9071
54.33	-2.9072
54.33	-2.9071
54.33	-2.9072
54.33	-2.9071
54.32	-2.9071
54.32	-2.9072
54.32	-2.9070
54.31	-2.9071
54.31	-2.9072
54.30	-2.9070
54.30	-2.9072
54.30	-2.9071
54.30	-2.9072
54.30	-2.9069
54.30	-2.9072
54.29	-2.9072
54.29	-2.9073
54.29	-2.9071
54.29	-2.9071
54.28	-2.9071
54.28	-2.9070
54.28	-2.9070
54.28	-2.9068
54.28	-2.9069
54.27	-2.9071
54.27	-2.9068
54.27	-2.9068
54.27	-2.9068
54.26	-2.9069
54.26	-2.9069
54.25	-2.9069
54.25	-2.9068
54.25	-2.9069
54.25	-2.9068
54.25	-2.9069
54.24	-2.9067
54.24	-2.9069
54.24	-2.9068
54.24	-2.9068
54.24	-2.9067
54.23	-2.9068
54.23	-2.9066
54.23	-2.9067
54.23	-2.9067
54.23	-2.9068
54.23	-2.9068
54.22	-2.9067
54.22	-2.9066
54.21	-2.9067
54.21	-2.9068
54.21	-2.9067
54.21	-2.9066
54.20	-2.9064
54.20	-2.9067
54.20	-2.9065
54.20	-2.9066
54.19	-2.9065
54.19	-2.9064
54.18	-2.9065
54.18	-2.9064
54.18	-2.9064
54.18	-2.9064
54.18	-2.9065
54.17	-2.9064
54.17	-2.9064
54.16	-2.9064
54.16	-2.9063
54.16	-2.9064
54.16	-2.9063
54.16	-2.9062
54.16	-2.9062
54.16	-2.9065
54.15	-2.9062
54.15	-2.9060
54.15	-2.9061
54.15	-2.9062
54.14	-2.9062
54.14	-2.9060
54.14	-2.9061
54.13	-2.9060
54.13	-2.9059
54.13	-2.9060
54.13	-2.9059
54.13	-2.9059
54.13	-2.9061
54.12	-2.9059
54.12	-2.9059
54.12	-2.9061
54.11	-2.9059
54.11	-2.9059
54.11	-2.9059
54.11	-2.9059
54.11	-2.9060
54.10	-2.9059
54.10	-2.9060
54.10	-2.9059
54.09	-2.9059
54.09	-2.9060
54.09	-2.9059
54.08	-2.9059
54.08	-2.9060
54.08	-2.9057
54.08	-2.9059
54.08	-2.9057
54.07	-2.9058
54.07	-2.9058
54.07	-2.9057
54.07	-2.9057
54.06	-2.9060
54.06	-2.9057
54.06	-2.9057
54.05	-2.9059
54.05	-2.9056
54.05	-2.9056
54.05	-2.9057
54.05	-2.9056
54.05	-2.9056
54.05	-2.9054
54.04	-2.9054
54.04	-2.9055
54.03	-2.9057
54.03	-2.9056
54.02	-2.9056
54.02	-2.9055
54.02	-2.9054
54.02	-2.9053
54.02	-2.9054
54.02	-2.9053
54.01	-2.9050
54.01	-2.9053
54.01	-2.9051
54.01	-2.9052
54.00	-2.9052
54.00	-2.9052
54.00	-2.9052
54.00	-2.9051
53.99	-2.9052
53.99	-2.9050
53.99	-2.9049
53.99	-2.9047
53.98	-2.9048
53.98	-2.9049
53.98	-2.9048
53.98	-2.9046
53.97	-2.9049
53.97	-2.9048
53.97	-2.9048
53.97	-2.9047
53.97	-2.9047
53.96	-2.9047
53.96	-2.9047
53.95	-2.9049
53.95	-2.9048
53.95	-2.9048
53.95	-2.9046
53.95	-2.9047
53.95	-2.9046
53.95	-2.9046
53.94	-2.9047
53.94	-2.9046
53.94	-2.9046
53.94	-2.9046
53.93	-2.9045
53.93	-2.9046
53.93	-2.9047
53.93	-2.9045
53.92	-2.9044
53.92	-2.9045
53.91	-2.9044
53.91	-2.9044
53.91	-2.9044
53.91	-2.9044
53.90	-2.9045
53.90	-2.9045
53.90	-2.9043
53.89	-2.9042
53.89	-2.9042
53.89	-2.9040
53.89	-2.9042
53.89	-2.9041
53.89	-2.9040
53.88	-2.9039
53.88	-2.9039
53.88	-2.9039
53.87	-2.9039
53.87	-2.9039
53.87	-2.9038
53.87	-2.9039
53.86	-2.9037
53.86	-2.9040
53.86	-2.9038
53.86	-2.9038
53.85	-2.9039
53.85	-2.9039
53.85	-2.9037
53.84	-2.9038
53.84	-2.9036
53.84	-2.9038
53.84	-2.9038
53.84	-2.9037
53.83	-2.9036
53.83	-2.9038
53.83	-2.9037
53.83	-2.9037
53.83	-2.9039
53.83	-2.9036
53.83	-2.9037
53.82	-2.9037
53.82	-2.9038
53.81	-2.9036
53.81	-2.9038
53.80	-2.9035
53.80	-2.9038
53.80	-2.9036
53.80	-2.9036
53.80	-2.9035
53.80	-2.9035
53.79	-2.9035
53.79	-2.9035
53.78	-2.9035
53.78	-2.9035
53.78	-2.9036
53.78	-2.9034
53.78	-2.9034
53.77	-2.9036
53.77	-2.9033
53.77	-2.9033
53.77	-2.9035
53.77	-2.9035
53.76	-2.9034
53.76	-2.9035
53.75	-2.9033
53.75	-2.9037
53.75	-2.9035
53.75	-2.9036
53.75	-2.9035
53.74	-2.9036
53.74	-2.9036
53.74	-2.9035
53.74	-2.9037
53.73	-2.9036
53.73	-2.9037
53.73	-2.9036
53.72	-2.9036
53.72	-2.9036
53.72	-2.9040
53.72	-2.9036
53.72	-2.9036
53.72	-2.9035
53.71	-2.9036
53.71	-2.9036
53.71	-2.9036
53.70	-2.9034
53.70	-2.9033
53.70	-2.9033
53.70	-2.9033
53.70	-2.9031
53.70	-2.9031
53.69	-2.9031
53.69	-2.9032
53.69	-2.9030
53.69	-2.9031
53.68	-2.9029
53.68	-2.9030
53.68	-2.9027
53.68	-2.9026
53.68	-2.9026
53.68	-2.9026
53.68	-2.9024
53.67	-2.9027
53.66	-2.9026
53.66	-2.9025
53.66	-2.9026
53.66	-2.9025
53.65	-2.9025
53.65	-2.9024
53.65	-2.9025
53.65	-2.9026
53.64	-2.9025
53.64	-2.9025
53.64	-2.9026
53.64	-2.9027
53.63	-2.9025
53.63	-2.9027
53.63	-2.9026
53.63	-2.9026
53.63	-2.9025
53.62	-2.9025
53.62	-2.9025
53.62	-2.9025
53.62	-2.9026
53.62	-2.9024
53.61	-2.9025
53.61	-2.9025
53.60	-2.9026
53.60	-2.9026
53.60	-2.9025
53.60	-2.9025
53.60	-2.9025
53.59	-2.9025
53.59	-2.9025
53.59	-2.9024
53.59	-2.9024
53.58	-2.9024
53.58	-2.9024
53.58	-2.9023
53.57	-2.9024
53.57	-2.9024
53.57	-2.9024
53.57	-2.9023
53.56	-2.9023
53.56	-2.9024
53.56	-2.9025
53.56	-2.9024
53.55	-2.9024
53.55	-2.9023
53.55	-2.9021
53.55	-2.9024
53.55	-2.9023
53.55	-2.9022
53.54	-2.9023
53.54	-2.9022
53.53	-2.9023
53.53	-2.9023
53.52	-2.9023
53.52	-2.9023
53.52	-2.9020
53.52	-2.9022
53.52	-2.9020
53.52	-2.9021
53.51	-2.9020
53.51	-2.9021
53.50	-2.9020
53.51	-2.9021
53.50	-2.9019
53.50	-2.9019
53.50	-2.9020
53.50	-2.9017
53.49	-2.9017
53.49	-2.9017
53.49	-2.9017
53.48	-2.9016
53.48	-2.9016
53.48	-2.9017
53.48	-2.9017
53.47	-2.9016
53.47	-2.9014
53.47	-2.9015
53.47	-2.9014
53.46	-2.9014
53.46	-2.9016
53.46	-2.9014
53.46	-2.9012
53.45	-2.9015
53.45	-2.9015
53.45	-2.9010
53.45	-2.9013
53.44	-2.9011
53.44	-2.9013
53.44	-2.9010
53.44	-2.9011
53.43	-2.9012
53.43	-2.9012
53.43	-2.9009
53.43	-2.9010
53.43	-2.9012
53.42	-2.9009
53.42	-2.9008
53.42	-2.9008
53.41	-2.9008
53.41	-2.9010
53.41	-2.9008
53.41	-2.9009
53.41	-2.9009
53.40	-2.9008
53.40	-2.9007
53.40	-2.9009
53.40	-2.9007
53.39	-2.9007
53.39	-2.9006
53.39	-2.9006
53.39	-2.9007
53.38	-2.9005
53.38	-2.9005
53.38	-2.9005
53.38	-2.9005
53.37	-2.9006
53.37	-2.9005
53.37	-2.9006
53.36	-2.9005
53.36	-2.9005
53.35	-2.9005
53.35	-2.9005
53.35	-2.9005
53.35	-2.9005
53.35	-2.9004
53.35	-2.9004
53.35	-2.9005
53.34	-2.9004
53.34	-2.9002
53.34	-2.9005
53.34	-2.9003
53.34	-2.9005
53.33	-2.9002
53.33	-2.9002
53.33	-2.9003
53.32	-2.9001
53.32	-2.9003
53.32	-2.9003
53.32	-2.9003
53.31	-2.9003
53.31	-2.9002
53.31	-2.9003
53.31	-2.9002
53.31	-2.9001
53.30	-2.9002
53.30	-2.9001
53.30	-2.9001
53.29	-2.9003
53.29	-2.9002
53.29	-2.9003
53.29	-2.9002
53.28	-2.9002
53.28	-2.9001
53.27	-2.9001
53.27	-2.9004
53.27	-2.9005
53.27	-2.9003
53.27	-2.9002
53.27	-2.9002
53.26	-2.9004
53.26	-2.9002
53.26	-2.9003
53.26	-2.9003
53.26	-2.9002
53.26	-2.9003
53.25	-2.9003
53.25	-2.9004
53.25	-2.9003
53.24	-2.9002
53.24	-2.9003
53.24	-2.9003
53.23	-2.9003
53.23	-2.9003
53.23	-2.9001
53.23	-2.9002
53.22	-2.9003
53.22	-2.9005
53.22	-2.9004
53.21	-2.9004
53.21	-2.9002
53.21	-2.9003
53.21	-2.9002
53.21	-2.9005
53.20	-2.9004
53.20	-2.9003
53.20	-2.9001
53.20	-2.9002
53.20	-2.9003
53.19	-2.9003
53.19	-2.9003
53.19	-2.9002
53.19	-2.9003
53.18	-2.9004
53.18	-2.9003
53.18	-2.9004
53.17	-2.9004
53.17	-2.9005
53.17	-2.9004
53.16	-2.9002
53.16	-2.9004
53.16	-2.9003
53.15	-2.9002
53.15	-2.9004
53.15	-2.9004
53.15	-2.9004
53.15	-2.9005
53.15	-2.9004
53.14	-2.9004
53.14	-2.9005
53.14	-2.9004
53.14	-2.9003
53.14	-2.9004
53.13	-2.9004
53.13	-2.9004
53.13	-2.9004
53.12	-2.9002
53.12	-2.9003
53.12	-2.9003
53.11	-2.9002
53.11	-2.9001
53.11	-2.9003
53.11	-2.9001
53.10	-2.9001
53.10	-2.9001
53.09	-2.9000
53.09	-2.9000
53.09	-2.8999
53.09	-2.9001
53.09	-2.8998
53.09	-2.8999
53.08	-2.9001
53.08	-2.8997
53.08	-2.9000
53.07	-2.8998
53.07	-2.8997
53.07	-2.8998
53.07	-2.8996
53.06	-2.8997
53.06	-2.8998
53.06	-2.8998
53.06	-2.8996
53.06	-2.8998
53.05	-2.8996
53.05	-2.8995
53.05	-2.8997
53.05	-2.8996
53.05	-2.8998
53.05	-2.8997
53.05	-2.8998
53.04	-2.8997
53.04	-2.8997
53.03	-2.9000
53.03	-2.8998
53.02	-2.8997
53.02	-2.8997
53.02	-2.8999
53.02	-2.8997
53.01	-2.8999
53.01	-2.8999
53.01	-2.8998
53.01	-2.8998
53.01	-2.8996
53.01	-2.8998
53.00	-2.8998
53.00	-2.8997
53.00	-2.8997
53.00	-2.8997
52.99	-2.8997
52.99	-2.8997
52.99	-2.8997
52.98	-2.8997
52.98	-2.8994
52.98	-2.8997
52.98	-2.8995
52.98	-2.8997
52.98	-2.8994
52.98	-2.8997
52.97	-2.8995
52.97	-2.8995
52.96	-2.8996
52.96	-2.8996
52.96	-2.8996
52.95	-2.8994
52.95	-2.8995
52.95	-2.8994
52.95	-2.8996
52.94	-2.8996
52.94	-2.8994
52.94	-2.8994
52.94	-2.8994
52.94	-2.8993
52.93	-2.8992
52.93	-2.8993
52.93	-2.8993
52.93	-2.8993
52.93	-2.8992
52.92	-2.8992
52.92	-2.8991
52.91	-2.8992
52.91	-2.8991
52.91	-2.8989
52.90	-2.8990
52.90	-2.8990
52.90	-2.8990
52.90	-2.8990
52.90	-2.8988
52.90	-2.8988
52.89	-2.8987
52.89	-2.8987
52.89	-2.8987
52.89	-2.8987
52.88	-2.8988
52.88	-2.8987
52.88	-2.8984
52.88	-2.8987
52.88	-2.8985
52.88	-2.8987
52.87	-2.8987
52.87	-2.8987
52.86	-2.8986
52.86	-2.8986
52.86	-2.8985
52.86	-2.8986
52.85	-2.8985
52.85	-2.8985
52.85	-2.8985
52.84	-2.8984
52.84	-2.8984
52.84	-2.8983
52.83	-2.8985
52.83	-2.8983
52.83	-2.8984
52.83	-2.8983
52.83	-2.8982
52.83	-2.8982
52.83	-2.8981
52.82	-2.8981
52.82	-2.8982
52.82	-2.8982
52.82	-2.8980
52.81	-2.8980
52.81	-2.8979
52.81	-2.8980
52.81	-2.8980
52.81	-2.8981
52.80	-2.8981
52.80	-2.8980
52.80	-2.8979
52.80	-2.8981
52.80	-2.8979
52.79	-2.8980
52.79	-2.8978
52.78	-2.8978
52.78	-2.8976
52.77	-2.8978
52.78	-2.8978
52.77	-2.8977
52.77	-2.8978
52.77	-2.8978
52.77	-2.8978
52.77	-2.8976
52.76	-2.8977
52.76	-2.8977
52.76	-2.8975
52.76	-2.8979
52.76	-2.8975
52.75	-2.8977
52.75	-2.8976
52.75	-2.8974
52.74	-2.8975
52.74	-2.8976
52.74	-2.8977
52.73	-2.8975
52.73	-2.8976
52.73	-2.8975
52.73	-2.8974
52.73	-2.8976
52.73	-2.8975
52.72	-2.8974
52.72	-2.8974
52.72	-2.8974
52.71	-2.8976
52.71	-2.8976
52.71	-2.8974
52.70	-2.8975
52.70	-2.8975
52.70	-2.8973
52.70	-2.8976
52.70	-2.8974
52.69	-2.8975
52.69	-2.8974
52.68	-2.8974
52.68	-2.8973
52.68	-2.8973
52.68	-2.8974
52.68	-2.8973
52.68	-2.8971
52.68	-2.8973
52.68	-2.8975
52.67	-2.8972
52.67	-2.8972
52.66	-2.8970
52.66	-2.8972
52.66	-2.8970
52.66	-2.8971
52.66	-2.8971
52.65	-2.8970
52.65	-2.8971
52.65	-2.8971
52.65	-2.8971
52.64	-2.8968
52.64	-2.8970
52.64	-2.8970
52.63	-2.8968
52.63	-2.8970
52.63	-2.8969
52.63	-2.8968
52.63	-2.8966
52.63	-2.8969
52.62	-2.8968
52.62	-2.8968
52.61	-2.8966
52.61	-2.8968
52.61	-2.8967
52.60	-2.8968
52.60	-2.8966
52.59	-2.8964
52.59	-2.8966
52.59	-2.8967
52.59	-2.8965
52.59	-2.8965
52.59	-2.8965
52.58	-2.8967
52.58	-2.8966
52.58	-2.8964
52.58	-2.8967
52.58	-2.8962
52.58	-2.8963
52.58	-2.8962
52.58	-2.8966
52.57	-2.8965
52.57	-2.8964
52.56	-2.8965
52.56	-2.8963
52.56	-2.8964
52.55	-2.8962
52.55	-2.8964
52.55	-2.8964
52.55	-2.8963
52.54	-2.8965
52.54	-2.8962
52.53	-2.8961
52.53	-2.8961
52.53	-2.8963
52.53	-2.8960
52.52	-2.8960
52.52	-2.8961
52.52	-2.8961
52.52	-2.8960
52.52	-2.8960
52.51	-2.8959
52.51	-2.8959
52.51	-2.8959
52.50	-2.8958
52.50	-2.8956
52.50	-2.8957
52.50	-2.8957
52.50	-2.8958
52.49	-2.8957
52.49	-2.8957
52.49	-2.8957
52.49	-2.8956
52.48	-2.8956
52.48	-2.8955
52.48	-2.8958
52.48	-2.8955
52.48	-2.8954
52.48	-2.8955
52.47	-2.8956
52.47	-2.8956
52.47	-2.8956
52.46	-2.8955
52.46	-2.8954
52.46	-2.8953
52.45	-2.8955
52.45	-2.8953
52.45	-2.8952
52.45	-2.8953
52.45	-2.8952
52.44	-2.8953
52.44	-2.8954
52.44	-2.8952
52.44	-2.8950
52.43	-2.8952
52.43	-2.8951
52.43	-2.8952
52.42	-2.8951
52.42	-2.8950
52.42	-2.8950
52.42	-2.8949
52.42	-2.8949
52.41	-2.8951
52.41	-2.8950
52.40	-2.8949
52.40	-2.8948
52.40	-2.8949
52.40	-2.8949
52.40	-2.8948
52.40	-2.8949
52.40	-2.8948
52.39	-2.8948
52.39	-2.8948
52.39	-2.8947
52.38	-2.8947
52.38	-2.8947
52.38	-2.8945
52.38	-2.8948
52.38	-2.8946
52.37	-2.8948
52.37	-2.8948
52.37	-2.8947
52.36	-2.8950
52.36	-2.8946
52.36	-2.8947
52.35	-2.8949
52.35	-2.8946
52.35	-2.8948
52.34	-2.8946
52.34	-2.8946
52.34	-2.8946
52.34	-2.8946
52.34	-2.8947
52.34	-2.8946
52.34	-2.8947
52.33	-2.8947
52.33	-2.8946
52.33	-2.8946
52.33	-2.8945
52.32	-2.8943
52.32	-2.8944
52.32	-2.8944
52.31	-2.8945
52.31	-2.8942
52.31	-2.8943
52.31	-2.8942
52.31	-2.8940
52.30	-2.8942
52.30	-2.8943
52.29	-2.8940
52.29	-2.8943
52.28	-2.8941
52.28	-2.8942
52.28	-2.8941
52.28	-2.8939
52.28	-2.8940
52.27	-2.8940
52.27	-2.8940
52.27	-2.8941
52.27	-2.8940
52.27	-2.8940
52.26	-2.8939
52.26	-2.8940
52.25	-2.8939
52.25	-2.8938
52.25	-2.8938
52.25	-2.8938
52.25	-2.8940
52.25	-2.8940
52.24	-2.8938
52.24	-2.8938
52.24	-2.8936
52.24	-2.8938
52.23	-2.8935
52.23	-2.8936
52.23	-2.8935
52.23	-2.8936
52.23	-2.8935
52.22	-2.8936
52.22	-2.8936
52.22	-2.8935
52.22	-2.8934
52.21	-2.8934
52.21	-2.8934
52.21	-2.8935
52.21	-2.8935
52.20	-2.8934
52.20	-2.8933
52.20	-2.8934
52.20	-2.8934
52.20	-2.8935
52.19	-2.8934
52.19	-2.8934
52.19	-2.8935
52.18	-2.8933
52.18	-2.8933
52.18	-2.8934
52.18	-2.8934
52.18	-2.8933
52.17	-2.8932
52.17	-2.8933
52.17	-2.8932
52.17	-2.8932
52.17	-2.8930
52.16	-2.8932
52.16	-2.8931
52.15	-2.8932
52.15	-2.8929
52.15	-2.8930
52.15	-2.8931
52.14	-2.8931
52.14	-2.8930
52.14	-2.8929
52.13	-2.8930
52.13	-2.8927
52.13	-2.8928
52.13	-2.8927
52.12	-2.8928
52.12	-2.8927
52.12	-2.8928
52.12	-2.8929
52.11	-2.8928
52.11	-2.8927
52.11	-2.8927
52.10	-2.8926
52.10	-2.8927
52.10	-2.8927
52.10	-2.8928
52.10	-2.8927
52.10	-2.8927
52.10	-2.8927
52.09	-2.8928
52.09	-2.8928
52.09	-2.8927
52.08	-2.8927
52.08	-2.8925
52.08	-2.8925
52.07	-2.8925
52.07	-2.8924
52.07	-2.8926
52.07	-2.8925
52.07	-2.8925
52.06	-2.8922
52.06	-2.8924
52.06	-2.8924
52.05	-2.8923
52.05	-2.8922
52.05	-2.8925
52.05	-2.8922
52.04	-2.8923
52.04	-2.8924
52.04	-2.8921
52.04	-2.8922
52.03	-2.8922
52.03	-2.8921
52.03	-2.8919
52.02	-2.8922
52.02	-2.8919
52.02	-2.8918
52.02	-2.8920
52.02	-2.8920
52.02	-2.8919
52.02	-2.8919
52.01	-2.8917
52.01	-2.8919
52.00	-2.8919
52.00	-2.8919
52.00	-2.8916
52.00	-2.8918
52.00	-2.8918
51.99	-2.8918
51.99	-2.8918
51.99	-2.8917
51.98	-2.8918
51.98	-2.8917
51.98	-2.8917
51.98	-2.8918
51.98	-2.8917
51.97	-2.8917
51.97	-2.8917
51.97	-2.8918
51.97	-2.8917
51.97	-2.8914
51.97	-2.8917
51.96	-2.8915
51.95	-2.8916
51.95	-2.8916
51.95	-2.8916
51.94	-2.8915
51.94	-2.8914
51.94	-2.8915
51.94	-2.8914
51.94	-2.8914
51.93	-2.8912
51.93	-2.8913
51.93	-2.8912
51.93	-2.8913
51.93	-2.8912
51.93	-2.8912
51.93	-2.8911
51.93	-2.8911
51.93	-2.8910
51.92	-2.8910
51.91	-2.8911
51.91	-2.8910
51.91	-2.8909
51.91	-2.8909
51.90	-2.8910
51.90	-2.8909
51.90	-2.8909
51.90	-2.8909
51.90	-2.8908
51.90	-2.8905
51.89	-2.8907
51.88	-2.8906
51.88	-2.8906
51.88	-2.8906
51.88	-2.8905
51.88	-2.8904
51.88	-2.8905
51.87	-2.8903
51.87	-2.8905
51.86	-2.8903
51.86	-2.8904
51.86	-2.8904
51.86	-2.8904
51.86	-2.8904
51.85	-2.8903
51.85	-2.8903
51.85	-2.8905
51.84	-2.8904
51.84	-2.8903
51.84	-2.8903
51.84	-2.8904
51.83	-2.8905
51.83	-2.8905
51.83	-2.8906
51.83	-2.8904
51.83	-2.8905
51.83	-2.8905
51.83	-2.8905
51.82	-2.8906
51.82	-2.8906
51.82	-2.8905
51.81	-2.8907
51.81	-2.8905
51.80	-2.8905
51.80	-2.8903
51.80	-2.8904
51.80	-2.8904
51.80	-2.8905
51.80	-2.8904
51.80	-2.8904
51.79	-2.8904
51.79	-2.8904
51.79	-2.8904
51.78	-2.8906
51.78	-2.8905
51.77	-2.8904
51.77	-2.8905
51.77	-2.8903
51.77	-2.8904
51.77	-2.8903
51.77	-2.8903
51.76	-2.8902
51.76	-2.8902
51.76	-2.8904
51.75	-2.8904
51.75	-2.8904
51.75	-2.8904
51.75	-2.8903
51.75	-2.8904
51.74	-2.8903
51.74	-2.8902
51.74	-2.8901
51.74	-2.8903
51.74	-2.8903
51.73	-2.8902
51.73	-2.8902
51.73	-2.8902
51.73	-2.8901
51.73	-2.8900
51.72	-2.8902
51.72	-2.8900
51.71	-2.8901
51.71	-2.8900
51.71	-2.8901
51.70	-2.8898
51.70	-2.8898
51.70	-2.8898
51.69	-2.8897
51.69	-2.8898
51.69	-2.8898
51.69	-2.8899
51.68	-2.8897
51.68	-2.8898
51.68	-2.8897
51.68	-2.8895
51.68	-2.8897
51.68	-2.8896
51.68	-2.8896
51.68	-2.8896
51.67	-2.8894
51.67	-2.8893
51.66	-2.8895
51.66	-2.8895
51.65	-2.8892
51.65	-2.8893
51.65	-2.8893
51.65	-2.8894
51.65	-2.8894
51.65	-2.8894
51.64	-2.8892
51.64	-2.8893
51.64	-2.8891
51.63	-2.8891
51.63	-2.8893
51.63	-2.8891
51.63	-2.8891
51.63	-2.8891
51.63	-2.8890
51.62	-2.8890
51.62	-2.8891
51.62	-2.8890
51.61	-2.8891
51.60	-2.8890
51.60	-2.8889
51.60	-2.8890
51.60	-2.8889
51.59	-2.8891
51.59	-2.8890
51.59	-2.8891
51.59	-2.8888
51.59	-2.8887
51.58	-2.8888
51.58	-2.8888
51.58	-2.8887
51.58	-2.8888
51.58	-2.8888
51.58	-2.8887
51.58	-2.8887
51.57	-2.8886
51.57	-2.8887
51.57	-2.8885
51.57	-2.8887
51.57	-2.8884
51.56	-2.8885
51.56	-2.8884
51.55	-2.8886
51.55	-2.8883
51.55	-2.8886
51.55	-2.8884
51.54	-2.8884
51.54	-2.8886
51.53	-2.8883
51.53	-2.8884
51.53	-2.8883
51.53	-2.8884
51.52	-2.8884
51.52	-2.8882
51.52	-2.8883
51.52	-2.8884
51.51	-2.8886
51.51	-2.8884
51.51	-2.8885
51.51	-2.8885
51.51	-2.8884
51.51	-2.8885
51.50	-2.8885
51.51	-2.8885
51.50	-2.8884
51.50	-2.8884
51.50	-2.8885
51.49	-2.8885
51.49	-2.8885
51.49	-2.8884
51.49	-2.8882
51.48	-2.8882
51.48	-2.8884
51.48	-2.8881
51.47	-2.8883
51.47	-2.8882
51.46	-2.8882
51.46	-2.8883
51.45	-2.8883
51.45	-2.8882
51.45	-2.8885
51.45	-2.8883
51.45	-2.8883
51.45	-2.8882
51.45	-2.8882
51.45	-2.8881
51.44	-2.8880
51.44	-2.8882
51.44	-2.8882
51.44	-2.8882
51.44	-2.8881
51.43	-2.8882
51.43	-2.8881
51.43	-2.8880
51.43	-2.8880
51.43	-2.8881
51.42	-2.8880
51.42	-2.8880
51.42	-2.8879
51.41	-2.8880
51.41	-2.8880
51.41	-2.8879
51.40	-2.8879
51.40	-2.8880
51.39	-2.8879
51.39	-2.8880
51.39	-2.8881
51.39	-2.8880
51.39	-2.8881
51.38	-2.8881
51.38	-2.8881
51.38	-2.8880
51.38	-2.8879
51.38	-2.8877
51.38	-2.8879
51.37	-2.8877
51.37	-2.8878
51.37	-2.8878
51.36	-2.8877
51.36	-2.8879
51.36	-2.8878
51.35	-2.8879
51.35	-2.8876
51.35	-2.8879
51.34	-2.8877
51.34	-2.8878
51.34	-2.8879
51.34	-2.8878
51.33	-2.8877
51.33	-2.8876
51.33	-2.8876
51.33	-2.8878
51.33	-2.8876
51.33	-2.8877
51.32	-2.8876
51.32	-2.8877
51.32	-2.8876
51.31	-2.8875
51.31	-2.8875
51.31	-2.8876
51.31	-2.8876
51.30	-2.8876
51.30	-2.8876
51.30	-2.8877
51.30	-2.8877
51.30	-2.8876
51.29	-2.8876
51.29	-2.8875
51.29	-2.8875
51.29	-2.8876
51.28	-2.8877
51.28	-2.8874
51.27	-2.8876
51.27	-2.8876
51.27	-2.8877
51.27	-2.8876
51.27	-2.8876
51.27	-2.8875
51.26	-2.8875
51.26	-2.8876
51.25	-2.8875
51.25	-2.8875
51.25	-2.8873
51.25	-2.8876
51.24	-2.8875
51.24	-2.8875
51.24	-2.8875
51.24	-2.8876
51.23	-2.8874
51.23	-2.8877
51.23	-2.8874
51.23	-2.8873
51.23	-2.8873
51.23	-2.8874
51.23	-2.8873
51.22	-2.8875
51.22	-2.8873
51.22	-2.8874
51.21	-2.8874
51.21	-2.8873
51.20	-2.8875
51.20	-2.8872
51.20	-2.8876
51.20	-2.8875
51.20	-2.8874
51.19	-2.8874
51.19	-2.8873
51.19	-2.8873
51.19	-2.8873
51.18	-2.8873
51.18	-2.8873
51.18	-2.8873
51.17	-2.8873
51.17	-2.8872
51.17	-2.8872
51.17	-2.8872
51.16	-2.8870
51.16	-2.8873
51.16	-2.8871
51.16	-2.8872
51.16	-2.8871
51.15	-2.8873
51.15	-2.8869
51.15	-2.8871
51.15	-2.8870
51.15	-2.8871
51.15	-2.8871
51.15	-2.8869
51.14	-2.8870
51.14	-2.8869
51.14	-2.8868
51.13	-2.8869
51.13	-2.8869
51.13	-2.8867
51.13	-2.8867
51.12	-2.8867
51.12	-2.8867
51.11	-2.8866
51.11	-2.8866
51.11	-2.8867
51.10	-2.8868
51.10	-2.8864
51.10	-2.8867
51.10	-2.8867
51.09	-2.8866
51.09	-2.8865
51.09	-2.8865
51.09	-2.8865
51.09	-2.8867
51.09	-2.8867
51.08	-2.8867
51.08	-2.8865
51.08	-2.8864
51.08	-2.8865
51.07	-2.8864
51.07	-2.8867
51.07	-2.8865
51.07	-2.8865
51.06	-2.8864
51.06	-2.8863
51.05	-2.8864
51.05	-2.8864
51.05	-2.8861
51.05	-2.8860
51.05	-2.8862
51.05	-2.8864
51.05	-2.8864
51.04	-2.8862
51.04	-2.8860
51.04	-2.8861
51.04	-2.8859
51.03	-2.8859
51.03	-2.8860
51.02	-2.8859
51.02	-2.8860
51.02	-2.8858
51.02	-2.8858
51.02	-2.8859
51.02	-2.8857
51.02	-2.8858
51.01	-2.8857
51.01	-2.8857
51.01	-2.8855
51.01	-2.8857
51.00	-2.8856
51.00	-2.8855
51.00	-2.8856
51.00	-2.8855
50.99	-2.8855
50.99	-2.8855
50.99	-2.8855
50.98	-2.8856
50.98	-2.8856
50.98	-2.8854
50.98	-2.8854
50.97	-2.8854
50.97	-2.8854
50.97	-2.8855
50.97	-2.8854
50.97	-2.8854
50.96	-2.8854
50.96	-2.8854
50.95	-2.8853
50.95	-2.8851
50.95	-2.8852
50.95	-2.8853
50.95	-2.8851
50.95	-2.8852
50.94	-2.8853
50.94	-2.8852
50.94	-2.8853
50.93	-2.8852
50.93	-2.8854
50.93	-2.8854
50.93	-2.8851
50.93	-2.8852
50.93	-2.8852
50.92	-2.8852
50.92	-2.8851
50.91	-2.8852
50.91	-2.8853
50.91	-2.8853
50.90	-2.8850
50.90	-2.8852
50.90	-2.8851
50.90	-2.8849
50.90	-2.8849
50.89	-2.8850
50.89	-2.8849
50.89	-2.8850
50.88	-2.8848
50.88	-2.8849
50.88	-2.8850
50.88	-2.8849
50.88	-2.8848
50.88	-2.8848
50.88	-2.8848
50.88	-2.8849
50.87	-2.8847
50.88	-2.8846
50.87	-2.8845
50.87	-2.8846
50.86	-2.8845
50.86	-2.8845
50.85	-2.8846
50.85	-2.8846
50.84	-2.8846
50.84	-2.8844
50.84	-2.8846
50.84	-2.8845
50.83	-2.8843
50.83	-2.8844
50.83	-2.8842
50.83	-2.8842
50.83	-2.8844
50.83	-2.8841
50.82	-2.8842
50.82	-2.8841
50.82	-2.8840
50.81	-2.8841
50.81	-2.8841
50.81	-2.8840
50.81	-2.8841
50.81	-2.8839
50.80	-2.8840
50.80	-2.8840
50.80	-2.8839
50.79	-2.8838
50.79	-2.8838
50.78	-2.8838
50.78	-2.8838
50.78	-2.8839
50.78	-2.8838
50.78	-2.8839
50.77	-2.8838
50.77	-2.8838
50.77	-2.8838
50.77	-2.8837
50.77	-2.8839
50.76	-2.8838
50.76	-2.8838
50.75	-2.8836
50.75	-2.8837
50.75	-2.8838
50.75	-2.8839
50.75	-2.8835
50.75	-2.8836
50.75	-2.8836
50.74	-2.8835
50.74	-2.8836
50.74	-2.8836
50.74	-2.8837
50.73	-2.8836
50.73	-2.8836
50.73	-2.8835
50.73	-2.8835
50.72	-2.8834
50.72	-2.8836
50.72	-2.8834
50.72	-2.8836
50.71	-2.8835
50.71	-2.8833
50.70	-2.8835
50.70	-2.8833
50.70	-2.8834
50.70	-2.8832
50.70	-2.8833
50.70	-2.8832
50.69	-2.8833
50.69	-2.8832
50.69	-2.8831
50.68	-2.8831
50.68	-2.8832
50.68	-2.8831
50.68	-2.8832
50.67	-2.8831
50.67	-2.8832
50.67	-2.8830
50.67	-2.8832
50.67	-2.8830
50.66	-2.8830
50.66	-2.8831
50.65	-2.8831
50.65	-2.8831
50.65	-2.8829
50.64	-2.8832
50.64	-2.8831
50.64	-2.8830
50.64	-2.8829
50.64	-2.8829
50.64	-2.8829
50.63	-2.8829
50.63	-2.8829
50.63	-2.8829
50.63	-2.8830
50.63	-2.8827
50.62	-2.8828
50.62	-2.8828
50.62	-2.8828
50.61	-2.8829
50.61	-2.8827
50.61	-2.8824
50.61	-2.8825
50.61	-2.8827
50.60	-2.8826
50.60	-2.8825
50.60	-2.8824
50.59	-2.8825
50.59	-2.8824
50.59	-2.8825
50.59	-2.8823
50.59	-2.8824
50.58	-2.8824
50.58	-2.8823
50.58	-2.8826
50.57	-2.8822
50.57	-2.8823
50.57	-2.8822
50.57	-2.8822
50.57	-2.8821
50.56	-2.8821
50.56	-2.8821
50.55	-2.8821
50.55	-2.8822
50.55	-2.8821
50.55	-2.8821
50.55	-2.8821
50.55	-2.8820
50.54	-2.8820
50.54	-2.8820
50.54	-2.8821
50.54	-2.8821
50.54	-2.8820
50.53	-2.8820
50.53	-2.8820
50.53	-2.8819
50.52	-2.8817
50.52	-2.8817
50.52	-2.8819
50.52	-2.8817
50.52	-2.8816
50.51	-2.8817
50.51	-2.8818
50.50	-2.8818
50.50	-2.8817
50.50	-2.8817
50.50	-2.8818
50.50	-2.8818
50.49	-2.8818
50.49	-2.8818
50.49	-2.8817
50.49	-2.8818
50.49	-2.8818
50.48	-2.8817
50.48	-2.8818
50.48	-2.8817
50.48	-2.8818
50.48	-2.8817
50.47	-2.8817
50.47	-2.8818
50.47	-2.8817
50.47	-2.8816
50.46	-2.8815
50.46	-2.8816
50.45	-2.8816
50.45	-2.8816
50.45	-2.8813
50.44	-2.8817
50.44	-2.8816
50.43	-2.8814
50.43	-2.8815
50.43	-2.8814
50.43	-2.8813
50.43	-2.8814
50.43	-2.8811
50.42	-2.8811
50.42	-2.8811
50.42	-2.8813
50.42	-2.8811
50.41	-2.8811
50.41	-2.8811
50.41	-2.8810
50.40	-2.8811
50.40	-2.8811
50.40	-2.8810
50.40	-2.8809
50.40	-2.8810
50.40	-2.8810
50.39	-2.8810
50.39	-2.8810
50.39	-2.8810
50.38	-2.8807
50.38	-2.8808
50.38	-2.8809
50.38	-2.8809
50.38	-2.8807
50.38	-2.8808
50.37	-2.8808
50.37	-2.8807
50.37	-2.8809
50.37	-2.8807
50.36	-2.8807
50.36	-2.8809
50.36	-2.8805
50.35	-2.8808
50.35	-2.8806
50.35	-2.8806
50.34	-2.8805
50.34	-2.8806
50.34	-2.8806
50.34	-2.8804
50.34	-2.8804
50.33	-2.8805
50.33	-2.8803
50.33	-2.8805
50.33	-2.8804
50.32	-2.8802
50.32	-2.8803
50.32	-2.8802
50.32	-2.8802
50.32	-2.8800
50.31	-2.8801
50.31	-2.8801
50.30	-2.8799
50.30	-2.8800
50.30	-2.8799
50.30	-2.8799
50.29	-2.8799
50.29	-2.8798
50.29	-2.8798
50.29	-2.8798
50.29	-2.8800
50.28	-2.8799
50.28	-2.8798
50.27	-2.8798
50.27	-2.8799
50.27	-2.8797
50.27	-2.8797
50.27	-2.8796
50.27	-2.8796
50.26	-2.8794
50.26	-2.8797
50.26	-2.8797
50.25	-2.8797
50.25	-2.8795
50.25	-2.8793
50.25	-2.8797
50.25	-2.8793
50.24	-2.8795
50.24	-2.8794
50.24	-2.8793
50.24	-2.8794
50.24	-2.8793
50.23	-2.8792
50.23	-2.8794
50.23	-2.8795
50.23	-2.8793
50.23	-2.8793
50.22	-2.8793
50.22	-2.8794
50.21	-2.8792
50.21	-2.8793
50.20	-2.8792
50.20	-2.8794
50.20	-2.8791
50.20	-2.8792
50.20	-2.8791
50.20	-2.8793
50.20	-2.8792
50.19	-2.8792
50.19	-2.8792
50.18	-2.8791
50.18	-2.8791
50.18	-2.8791
50.18	-2.8789
50.18	-2.8788
50.18	-2.8791
50.18	-2.8790
50.17	-2.8788
50.17	-2.8793
50.16	-2.8791
50.16	-2.8789
50.15	-2.8789
50.15	-2.8790
50.15	-2.8788
50.15	-2.8790
50.15	-2.8787
50.15	-2.8787
50.14	-2.8786
50.14	-2.8786
50.14	-2.8786
50.14	-2.8786
50.13	-2.8785
50.13	-2.8786
50.13	-2.8785
50.13	-2.8786
50.13	-2.8786
50.13	-2.8785
50.13	-2.8785
50.12	-2.8783
50.12	-2.8784
50.12	-2.8783
50.11	-2.8784
50.11	-2.8783
50.11	-2.8781
50.10	-2.8783
50.10	-2.8782
50.10	-2.8782
50.10	-2.8782
50.09	-2.8781
50.09	-2.8781
50.09	-2.8779
50.09	-2.8780
50.09	-2.8780
50.08	-2.8780
50.08	-2.8778
50.08	-2.8782
50.08	-2.8781
50.08	-2.8781
50.07	-2.8781
50.07	-2.8781
50.07	-2.8782
50.06	-2.8782
50.06	-2.8781
50.06	-2.8781
50.05	-2.8781
50.05	-2.8780
50.05	-2.8780
50.05	-2.8781
50.05	-2.8782
50.04	-2.8782
50.03	-2.8781
50.03	-2.8782
50.03	-2.8782
50.03	-2.8784
50.02	-2.8782
50.02	-2.8783
50.02	-2.8783
50.02	-2.8783
50.02	-2.8783
50.02	-2.8782
50.01	-2.8783
50.01	-2.8782
50.01	-2.8783
50.00	-2.8785
50.00	-2.8785
50.00	-2.8785
50.00	-2.8783
50.00	-2.8785
50.00	-2.8783
49.99	-2.8782
49.99	-2.8782
49.99	-2.8782
49.99	-2.8783
49.98	-2.8784
49.98	-2.8781
49.98	-2.8781
49.98	-2.8781
49.98	-2.8782
49.97	-2.8781
49.97	-2.8781
49.97	-2.8781
49.96	-2.8781
49.96	-2.8781
49.96	-2.8780
49.95	-2.8780
49.95	-2.8777
49.95	-2.8778
49.95	-2.8778
49.94	-2.8777
49.94	-2.8778
49.94	-2.8777
49.94	-2.8777
49.93	-2.8777
49.93	-2.8777
49.93	-2.8775
49.93	-2.8777
49.93	-2.8776
49.93	-2.8775
49.92	-2.8775
49.92	-2.8774
49.92	-2.8775
49.92	-2.8775
49.92	-2.8772
49.91	-2.8772
49.91	-2.8771
49.90	-2.8771
49.90	-2.8772
49.89	-2.8769
49.89	-2.8772
49.89	-2.8770
49.89	-2.8770
49.88	-2.8771
49.88	-2.8769
49.88	-2.8770
49.88	-2.8770
49.88	-2.8771
49.87	-2.8769
49.87	-2.8769
49.87	-2.8767
49.87	-2.8767
49.86	-2.8768
49.86	-2.8768
49.86	-2.8768
49.86	-2.8769
49.86	-2.8767
49.85	-2.8767
49.85	-2.8765
49.85	-2.8766
49.84	-2.8764
49.84	-2.8765
49.84	-2.8765
49.84	-2.8766
49.83	-2.8766
49.83	-2.8767
49.83	-2.8764
49.82	-2.8763
49.82	-2.8765
49.82	-2.8763
49.82	-2.8764
49.81	-2.8763
49.81	-2.8763
49.81	-2.8762
49.81	-2.8762
49.81	-2.8761
49.80	-2.8763
49.80	-2.8760
49.80	-2.8762
49.80	-2.8761
49.80	-2.8761
49.79	-2.8762
49.79	-2.8760
49.78	-2.8762
49.78	-2.8761
49.78	-2.8762
49.78	-2.8761
49.78	-2.8761
49.78	-2.8760
49.77	-2.8759
49.77	-2.8761
49.76	-2.8761
49.76	-2.8762
49.76	-2.8761
49.75	-2.8761
49.75	-2.8761
49.75	-2.8760
49.75	-2.8760
49.75	-2.8760
49.75	-2.8760
49.75	-2.8759
49.74	-2.8760
49.74	-2.8759
49.74	-2.8761
49.74	-2.8760
49.73	-2.8759
49.73	-2.8760
49.73	-2.8761
49.73	-2.8761
49.72	-2.8759
49.72	-2.8761
49.72	-2.8761
49.71	-2.8761
49.71	-2.8761
49.70	-2.8763
49.70	-2.8761
49.70	-2.8761
49.70	-2.8762
49.69	-2.8760
49.69	-2.8761
49.69	-2.8761
49.69	-2.8762
49.69	-2.8761
49.68	-2.8762
49.68	-2.8762
49.68	-2.8761
49.68	-2.8761
49.68	-2.8761
49.68	-2.8761
49.67	-2.8761
49.67	-2.8761
49.67	-2.8760
49.66	-2.8760
49.66	-2.8760
49.66	-2.8761
49.66	-2.8760
49.65	-2.8758
49.65	-2.8758
49.65	-2.8761
49.65	-2.8759
49.64	-2.8759
49.64	-2.8759
49.63	-2.8760
49.63	-2.8759
49.63	-2.8760
49.63	-2.8759
49.63	-2.8758
49.63	-2.8760
49.63	-2.8759
49.62	-2.8758
49.62	-2.8759
49.62	-2.8756
49.62	-2.8757
49.61	-2.8756
49.61	-2.8759
49.60	-2.8757
49.60	-2.8758
49.60	-2.8758
49.59	-2.8757
49.59	-2.8758
49.59	-2.8758
49.59	-2.8755
49.59	-2.8757
49.59	-2.8755
49.59	-2.8755
49.58	-2.8756
49.58	-2.8756
49.58	-2.8755
49.57	-2.8756
49.57	-2.8755
49.57	-2.8754
49.57	-2.8754
49.57	-2.8755
49.56	-2.8755
49.56	-2.8754
49.55	-2.8754
49.55	-2.8755
49.55	-2.8754
49.54	-2.8755
49.54	-2.8755
49.54	-2.8754
49.54	-2.8755
49.53	-2.8754
49.53	-2.8753
49.53	-2.8755
49.53	-2.8756
49.53	-2.8755
49.52	-2.8755
49.52	-2.8756
49.52	-2.8757
49.52	-2.8754
49.51	-2.8755
49.51	-2.8755
49.51	-2.8754
49.51	-2.8755
49.51	-2.8754
49.50	-2.8755
49.50	-2.8755
49.50	-2.8755
49.50	-2.8755
49.50	-2.8755
49.50	-2.8754
49.50	-2.8756
49.49	-2.8756
49.49	-2.8754
49.48	-2.8754
49.48	-2.8752
49.47	-2.8752
49.47	-2.8753
49.47	-2.8753
49.47	-2.8753
49.47	-2.8752
49.46	-2.8752
49.46	-2.8752
49.46	-2.8752
49.45	-2.8754
49.45	-2.8752
49.45	-2.8753
49.45	-2.8751
49.45	-2.8752
49.44	-2.8754
49.44	-2.8751
49.43	-2.8753
49.43	-2.8754
49.43	-2.8752
49.43	-2.8753
49.43	-2.8755
49.42	-2.8754
49.42	-2.8753
49.42	-2.8753
49.42	-2.8752
49.41	-2.8755
49.41	-2.8752
49.41	-2.8753
49.41	-2.8752
49.41	-2.8751
49.40	-2.8752
49.40	-2.8751
49.40	-2.8751
49.39	-2.8751
49.39	-2.8752
49.39	-2.8749
49.39	-2.8752
49.39	-2.8750
49.39	-2.8749
49.38	-2.8749
49.38	-2.8748
49.38	-2.8751
49.38	-2.8748
49.38	-2.8749
49.37	-2.8748
49.36	-2.8748
49.36	-2.8747
49.36	-2.8748
49.36	-2.8747
49.35	-2.8746
49.35	-2.8746
49.35	-2.8745
49.34	-2.8747
49.34	-2.8746
49.34	-2.8745
49.34	-2.8747
49.34	-2.8746
49.33	-2.8745
49.33	-2.8744
49.33	-2.8744
49.33	-2.8743
49.33	-2.8745
49.32	-2.8743
49.32	-2.8742
49.32	-2.8742
49.32	-2.8742
49.31	-2.8742
49.31	-2.8742
49.30	-2.8741
49.30	-2.8743
49.30	-2.8740
49.30	-2.8742
49.30	-2.8741
49.30	-2.8742
49.30	-2.8743
49.29	-2.8743
49.29	-2.8740
49.28	-2.8742
49.27	-2.8740
49.27	-2.8742
49.27	-2.8740
49.27	-2.8741
49.27	-2.8742
49.27	-2.8742
49.27	-2.8742
49.26	-2.8742
49.26	-2.8740
49.26	-2.8739
49.26	-2.8742
49.26	-2.8742
49.25	-2.8741
49.25	-2.8741
49.25	-2.8741
49.25	-2.8740
49.25	-2.8740
49.25	-2.8740
49.24	-2.8738
49.24	-2.8739
49.24	-2.8739
49.23	-2.8739
49.23	-2.8738
49.23	-2.8737
49.23	-2.8737
49.23	-2.8737
49.23	-2.8737
49.23	-2.8737
49.23	-2.8735
49.23	-2.8737
49.22	-2.8735
49.21	-2.8735
49.21	-2.8735
49.21	-2.8735
49.20	-2.8735
49.20	-2.8735
49.20	-2.8735
49.20	-2.8735
49.19	-2.8735
49.19	-2.8734
49.19	-2.8735
49.18	-2.8733
49.18	-2.8734
49.18	-2.8733
49.18	-2.8733
49.18	-2.8732
49.17	-2.8733
49.17	-2.8732
49.17	-2.8734
49.17	-2.8732
49.17	-2.8732
49.16	-2.8733
49.16	-2.8731
49.16	-2.8731
49.15	-2.8732
49.15	-2.8730
49.15	-2.8732
49.14	-2.8730
49.14	-2.8730
49.14	-2.8731
49.14	-2.8730
49.13	-2.8730
49.13	-2.8729
49.13	-2.8728
49.13	-2.8728
49.13	-2.8728
49.12	-2.8728
49.12	-2.8727
49.12	-2.8724
49.11	-2.8726
49.11	-2.8725
49.11	-2.8727
49.11	-2.8724
49.10	-2.8724
49.10	-2.8727
49.10	-2.8726
49.10	-2.8724
49.10	-2.8724
49.09	-2.8724
49.09	-2.8724
49.09	-2.8725
49.09	-2.8724
49.08	-2.8723
49.08	-2.8723
49.08	-2.8724
49.08	-2.8723
49.07	-2.8721
49.07	-2.8724
49.07	-2.8723
49.07	-2.8720
49.06	-2.8722
49.06	-2.8720
49.05	-2.8719
49.05	-2.8719
49.05	-2.8720
49.05	-2.8720
49.05	-2.8719
49.05	-2.8719
49.04	-2.8720
49.04	-2.8717
49.04	-2.8720
49.04	-2.8719
49.04	-2.8719
49.03	-2.8719
49.03	-2.8718
49.02	-2.8718
49.02	-2.8717
49.02	-2.8717
49.02	-2.8717
49.02	-2.8716
49.01	-2.8717
49.01	-2.8718
49.01	-2.8716
49.01	-2.8717
49.00	-2.8716
49.00	-2.8715
49.00	-2.8715
49.00	-2.8716
48.99	-2.8715
48.99	-2.8715
48.98	-2.8715
48.98	-2.8714
48.98	-2.8713
48.98	-2.8714
48.98	-2.8712
48.97	-2.8715
48.97	-2.8712
48.97	-2.8713
48.97	-2.8713
48.97	-2.8711
48.96	-2.8712
48.96	-2.8712
48.95	-2.8711
48.95	-2.8711
48.95	-2.8711
48.95	-2.8710
48.95	-2.8711
48.94	-2.8710
48.94	-2.8710
48.94	-2.8709
48.94	-2.8710
48.93	-2.8710
48.93	-2.8711
48.93	-2.8710
48.93	-2.8710
48.93	-2.8709
48.93	-2.8709
48.93	-2.8707
48.92	-2.8707
48.92	-2.8708
48.91	-2.8709
48.91	-2.8708
48.91	-2.8707
48.91	-2.8708
48.91	-2.8708
48.90	-2.8710
48.90	-2.8707
48.90	-2.8707
48.89	-2.8707
48.89	-2.8708
48.89	-2.8707
48.89	-2.8706
48.89	-2.8707
48.88	-2.8706
48.88	-2.8707
48.88	-2.8707
48.87	-2.8706
48.87	-2.8703
48.87	-2.8706
48.86	-2.8704
48.86	-2.8704
48.86	-2.8704
48.86	-2.8703
48.86	-2.8703
48.85	-2.8704
48.85	-2.8703
48.84	-2.8704
48.84	-2.8703
48.84	-2.8703
48.84	-2.8703
48.84	-2.8702
48.84	-2.8701
48.84	-2.8703
48.83	-2.8703
48.83	-2.8700
48.83	-2.8701
48.83	-2.8702
48.83	-2.8699
48.82	-2.8700
48.82	-2.8699
48.82	-2.8701
48.81	-2.8699
48.81	-2.8700
48.81	-2.8699
48.81	-2.8697
48.80	-2.8700
48.80	-2.8698
48.80	-2.8696
48.80	-2.8698
48.80	-2.8697
48.79	-2.8698
48.79	-2.8699
48.78	-2.8697
48.78	-2.8696
48.78	-2.8697
48.77	-2.8697
48.77	-2.8698
48.77	-2.8697
48.77	-2.8696
48.77	-2.8694
48.77	-2.8693
48.76	-2.8694
48.76	-2.8694
48.75	-2.8695
48.75	-2.8694
48.75	-2.8694
48.75	-2.8694
48.75	-2.8694
48.74	-2.8694
48.74	-2.8695
48.74	-2.8695
48.73	-2.8692
48.73	-2.8695
48.73	-2.8693
48.72	-2.8694
48.72	-2.8693
48.72	-2.8691
48.71	-2.8692
48.72	-2.8691
48.72	-2.8691
48.71	-2.8693
48.71	-2.8692
48.71	-2.8692
48.70	-2.8692
48.70	-2.8690
48.70	-2.8691
48.70	-2.8690
48.70	-2.8691
48.70	-2.8691
48.69	-2.8692
48.69	-2.8689
48.69	-2.8691
48.68	-2.8691
48.68	-2.8689
48.68	-2.8691
48.68	-2.8690
48.68	-2.8689
48.67	-2.8690
48.67	-2.8689
48.67	-2.8688
48.66	-2.8690
48.66	-2.8688
48.66	-2.8690
48.65	-2.8687
48.65	-2.8687
48.65	-2.8687
48.65	-2.8687
48.65	-2.8689
48.64	-2.8687
48.64	-2.8686
48.64	-2.8687
48.63	-2.8686
48.63	-2.8686
48.63	-2.8686
48.63	-2.8686
48.63	-2.8688
48.63	-2.8687
48.62	-2.8686
48.61	-2.8686
48.61	-2.8684
48.61	-2.8687
48.61	-2.8684
48.60	-2.8685
48.60	-2.8685
48.60	-2.8683
48.59	-2.8683
48.59	-2.8684
48.59	-2.8683
48.59	-2.8683
48.59	-2.8683
48.59	-2.8684
48.58	-2.8684
48.58	-2.8684
48.58	-2.8686
48.58	-2.8683
48.58	-2.8683
48.57	-2.8684
48.57	-2.8681
48.57	-2.8683
48.57	-2.8684
48.57	-2.8682
48.56	-2.8684
48.56	-2.8684
48.56	-2.8683
48.55	-2.8682
48.55	-2.8682
48.55	-2.8683
48.55	-2.8681
48.55	-2.8682
48.54	-2.8680
48.54	-2.8682
48.53	-2.8680
48.53	-2.8680
48.53	-2.8680
48.53	-2.8679
48.52	-2.8680
48.52	-2.8680
48.52	-2.8677
48.52	-2.8679
48.51	-2.8677
48.51	-2.8676
48.51	-2.8676
48.50	-2.8676
48.50	-2.8675
48.50	-2.8676
48.50	-2.8676
48.50	-2.8678
48.50	-2.8675
48.49	-2.8675
48.49	-2.8675
48.49	-2.8673
48.48	-2.8675
48.48	-2.8674
48.48	-2.8675
48.48	-2.8673
48.48	-2.8674
48.48	-2.8673
48.47	-2.8672
48.47	-2.8671
48.47	-2.8672
48.46	-2.8672
48.46	-2.8671
48.46	-2.8671
48.45	-2.8672
48.45	-2.8671
48.45	-2.8672
48.45	-2.8671
48.45	-2.8671
48.44	-2.8672
48.44	-2.8672
48.43	-2.8671
48.43	-2.8673
48.43	-2.8672
48.42	-2.8671
48.41	-2.8669
48.41	-2.8671
48.41	-2.8669
48.40	-2.8672
48.40	-2.8671
48.40	-2.8672
48.40	-2.8671
48.40	-2.8670
48.40	-2.8672
48.40	-2.8670
48.40	-2.8670
48.40	-2.8668
48.40	-2.8667
48.39	-2.8669
48.39	-2.8667
48.39	-2.8668
48.38	-2.8667
48.38	-2.8667
48.38	-2.8668
48.38	-2.8669
48.38	-2.8668
48.38	-2.8668
48.38	-2.8667
48.37	-2.8666
48.37	-2.8666
48.37	-2.8666
48.37	-2.8666
48.37	-2.8667
48.37	-2.8665
48.36	-2.8666
48.36	-2.8665
48.35	-2.8665
48.35	-2.8663
48.35	-2.8662
48.34	-2.8664
48.34	-2.8663
48.34	-2.8663
48.34	-2.8662
48.34	-2.8663
48.33	-2.8662
48.33	-2.8662
48.33	-2.8661
48.33	-2.8662
48.33	-2.8663
48.32	-2.8660
48.32	-2.8661
48.32	-2.8661
48.32	-2.8662
48.31	-2.8659
48.31	-2.8661
48.30	-2.8661
48.30	-2.8661
48.30	-2.8659
48.30	-2.8663
48.29	-2.8661
48.29	-2.8661
48.29	-2.8662
48.28	-2.8661
48.29	-2.8660
48.29	-2.8661
48.28	-2.8660
48.28	-2.8662
48.27	-2.8661
48.27	-2.8660
48.27	-2.8661
48.27	-2.8662
48.26	-2.8661
48.26	-2.8661
48.26	-2.8660
48.26	-2.8662
48.26	-2.8660
48.26	-2.8660
48.25	-2.8659
48.25	-2.8661
48.25	-2.8661
48.25	-2.8660
48.24	-2.8661
48.24	-2.8661
48.24	-2.8661
48.23	-2.8661
48.23	-2.8660
48.23	-2.8661
48.23	-2.8661
48.23	-2.8660
48.23	-2.8661
48.23	-2.8661
48.22	-2.8660
48.22	-2.8660
48.21	-2.8659
48.21	-2.8659
48.21	-2.8658
48.21	-2.8658
48.21	-2.8658
48.20	-2.8656
48.20	-2.8657
48.20	-2.8656
48.20	-2.8655
48.19	-2.8657
48.19	-2.8657
48.18	-2.8657
48.18	-2.8658
48.18	-2.8655
48.18	-2.8655
48.18	-2.8655
48.17	-2.8654
48.17	-2.8655
48.17	-2.8653
48.16	-2.8654
48.16	-2.8652
48.16	-2.8653
48.16	-2.8653
48.16	-2.8652
48.16	-2.8652
48.15	-2.8651
48.15	-2.8651
48.15	-2.8652
48.14	-2.8652
48.14	-2.8650
48.13	-2.8650
48.13	-2.8652
48.13	-2.8651
48.13	-2.8650
48.13	-2.8651
48.13	-2.8649
48.12	-2.8650
48.12	-2.8651
48.12	-2.8648
48.11	-2.8649
48.11	-2.8648
48.11	-2.8647
48.10	-2.8649
48.10	-2.8648
48.10	-2.8647
48.09	-2.8647
48.09	-2.8646
48.09	-2.8646
48.09	-2.8645
48.09	-2.8645
48.09	-2.8647
48.09	-2.8644
48.08	-2.8644
48.08	-2.8647
48.08	-2.8645
48.07	-2.8647
48.07	-2.8646
48.07	-2.8646
48.06	-2.8645
48.06	-2.8643
48.06	-2.8644
48.06	-2.8643
48.06	-2.8644
48.05	-2.8644
48.05	-2.8643
48.05	-2.8642
48.04	-2.8642
48.04	-2.8643
48.04	-2.8641
48.04	-2.8642
48.03	-2.8641
48.03	-2.8643
48.03	-2.8641
48.03	-2.8641
48.02	-2.8642
48.02	-2.8643
48.02	-2.8641
48.02	-2.8642
48.02	-2.8641
48.01	-2.8642
48.01	-2.8641
48.01	-2.8640
48.00	-2.8642
48.00	-2.8640
48.00	-2.8640
48.00	-2.8640
47.99	-2.8640
47.99	-2.8640
47.98	-2.8641
47.98	-2.8639
47.98	-2.8639
47.98	-2.8639
47.98	-2.8638
47.98	-2.8638
47.98	-2.8639
47.98	-2.8637
47.97	-2.8638
47.97	-2.8638
47.97	-2.8639
47.97	-2.8639
47.96	-2.8639
47.96	-2.8638
47.96	-2.8639
47.96	-2.8635
47.95	-2.8638
47.95	-2.8636
47.95	-2.8638
47.95	-2.8636
47.94	-2.8637
47.94	-2.8636
47.94	-2.8639
47.93	-2.8637
47.93	-2.8637
47.93	-2.8638
47.93	-2.8637
47.92	-2.8635
47.92	-2.8638
47.92	-2.8636
47.91	-2.8637
47.91	-2.8637
47.91	-2.8637
47.91	-2.8637
47.91	-2.8637
47.91	-2.8639
47.90	-2.8638
47.90	-2.8637
47.90	-2.8637
47.90	-2.8639
47.89	-2.8639
47.89	-2.8638
47.89	-2.8637
47.88	-2.8638
47.88	-2.8637
47.88	-2.8638
47.88	-2.8637
47.87	-2.8637
47.87	-2.8636
47.87	-2.8637
47.87	-2.8636
47.86	-2.8635
47.86	-2.8636
47.86	-2.8636
47.85	-2.8635
47.85	-2.8635
47.85	-2.8634
47.84	-2.8636
47.84	-2.8635
47.84	-2.8635
47.84	-2.8636
47.84	-2.8634
47.83	-2.8635
47.83	-2.8634
47.83	-2.8635
47.83	-2.8635
47.83	-2.8633
47.83	-2.8633
47.83	-2.8632
47.83	-2.8634
47.82	-2.8634
47.81	-2.8634
47.81	-2.8633
47.81	-2.8633
47.81	-2.8635
47.81	-2.8632
47.80	-2.8635
47.80	-2.8634
47.79	-2.8635
47.79	-2.8635
47.78	-2.8634
47.78	-2.8635
47.78	-2.8633
47.78	-2.8634
47.77	-2.8634
47.77	-2.8635
47.77	-2.8635
47.77	-2.8633
47.77	-2.8636
47.76	-2.8634
47.76	-2.8633
47.76	-2.8634
47.76	-2.8633
47.76	-2.8633
47.76	-2.8633
47.75	-2.8632
47.75	-2.8633
47.75	-2.8633
47.75	-2.8632
47.74	-2.8631
47.74	-2.8632
47.74	-2.8633
47.74	-2.8631
47.74	-2.8634
47.74	-2.8631
47.73	-2.8632
47.73	-2.8634
47.73	-2.8633
47.72	-2.8633
47.72	-2.8633
47.72	-2.8632
47.72	-2.8635
47.71	-2.8632
47.71	-2.8634
47.70	-2.8634
47.70	-2.8633
47.70	-2.8633
47.70	-2.8632
47.70	-2.8633
47.69	-2.8632
47.69	-2.8632
47.69	-2.8632
47.68	-2.8632
47.68	-2.8630
47.68	-2.8630
47.68	-2.8628
47.68	-2.8631
47.68	-2.8630
47.67	-2.8631
47.67	-2.8630
47.67	-2.8631
47.67	-2.8630
47.67	-2.8629
47.66	-2.8628
47.66	-2.8627
47.65	-2.8629
47.65	-2.8627
47.65	-2.8629
47.65	-2.8627
47.65	-2.8626
47.64	-2.8627
47.64	-2.8627
47.64	-2.8627
47.64	-2.8625
47.64	-2.8627
47.63	-2.8627
47.63	-2.8624
47.62	-2.8626
47.62	-2.8625
47.62	-2.8625
47.62	-2.8626
47.62	-2.8626
47.61	-2.8624
47.61	-2.8626
47.60	-2.8626
47.60	-2.8624
47.60	-2.8623
47.60	-2.8623
47.59	-2.8626
47.59	-2.8623
47.59	-2.8623
47.59	-2.8624
47.59	-2.8623
47.58	-2.8622
47.58	-2.8626
47.58	-2.8623
47.58	-2.8622
47.57	-2.8622
47.57	-2.8622
47.57	-2.8621
47.56	-2.8622
47.56	-2.8621
47.56	-2.8622
47.56	-2.8621
47.56	-2.8621
47.55	-2.8621
47.55	-2.8620
47.55	-2.8621
47.55	-2.8620
47.54	-2.8623
47.54	-2.8621
47.54	-2.8619
47.54	-2.8620
47.53	-2.8620
47.53	-2.8620
47.53	-2.8621
47.52	-2.8620
47.52	-2.8619
47.52	-2.8619
47.52	-2.8618
47.52	-2.8619
47.52	-2.8619
47.51	-2.8618
47.51	-2.8617
47.50	-2.8616
47.50	-2.8615
47.49	-2.8617
47.49	-2.8616
47.49	-2.8615
47.49	-2.8617
47.49	-2.8615
47.48	-2.8616
47.48	-2.8614
47.48	-2.8616
47.48	-2.8614
47.48	-2.8614
47.48	-2.8616
47.48	-2.8615
47.48	-2.8614
47.48	-2.8614
47.47	-2.8614
47.47	-2.8611
47.47	-2.8615
47.47	-2.8613
47.46	-2.8613
47.46	-2.8614
47.46	-2.8612
47.45	-2.8612
47.45	-2.8612
47.45	-2.8612
47.44	-2.8613
47.44	-2.8614
47.44	-2.8611
47.44	-2.8612
47.43	-2.8611
47.43	-2.8609
47.43	-2.8608
47.43	-2.8609
47.43	-2.8609
47.42	-2.8610
47.42	-2.8608
47.42	-2.8608
47.42	-2.8609
47.41	-2.8609
47.40	-2.8607
47.40	-2.8607
47.40	-2.8607
47.40	-2.8607
47.40	-2.8607
47.40	-2.8608
47.40	-2.8605
47.39	-2.8605
47.39	-2.8606
47.39	-2.8604
47.39	-2.8607
47.39	-2.8604
47.38	-2.8605
47.38	-2.8604
47.38	-2.8605
47.37	-2.8604
47.37	-2.8605
47.37	-2.8606
47.37	-2.8607
47.36	-2.8605
47.35	-2.8605
47.35	-2.8604
47.35	-2.8605
47.35	-2.8606
47.35	-2.8605
47.34	-2.8604
47.34	-2.8604
47.34	-2.8605
47.34	-2.8604
47.34	-2.8604
47.33	-2.8603
47.33	-2.8604
47.33	-2.8603
47.33	-2.8599
47.33	-2.8603
47.33	-2.8600
47.32	-2.8600
47.32	-2.8599
47.31	-2.8602
47.31	-2.8601
47.31	-2.8602
47.30	-2.8599
47.30	-2.8599
47.30	-2.8600
47.30	-2.8599
47.30	-2.8599
47.29	-2.8599
47.29	-2.8597
47.29	-2.8597
47.29	-2.8597
47.28	-2.8599
47.28	-2.8596
47.28	-2.8598
47.27	-2.8598
47.27	-2.8598
47.27	-2.8597
47.27	-2.8597
47.27	-2.8598
47.26	-2.8597
47.26	-2.8598
47.26	-2.8597
47.26	-2.8596
47.25	-2.8598
47.25	-2.8597
47.24	-2.8596
47.24	-2.8598
47.24	-2.8597
47.24	-2.8595
47.23	-2.8595
47.23	-2.8595
47.23	-2.8595
47.23	-2.8594
47.23	-2.8596
47.23	-2.8595
47.23	-2.8595
47.23	-2.8592
47.22	-2.8592
47.22	-2.8594
47.22	-2.8591
47.21	-2.8594
47.21	-2.8593
47.21	-2.8591
47.21	-2.8592
47.21	-2.8592
47.20	-2.8591
47.20	-2.8591
47.20	-2.8591
47.19	-2.8591
47.19	-2.8589
47.19	-2.8588
47.18	-2.8590
47.18	-2.8590
47.18	-2.8588
47.18	-2.8589
47.18	-2.8588
47.17	-2.8588
47.17	-2.8587
47.17	-2.8587
47.16	-2.8589
47.16	-2.8586
47.16	-2.8587
47.15	-2.8586
47.15	-2.8585
47.15	-2.8586
47.15	-2.8586
47.15	-2.8585
47.15	-2.8584
47.14	-2.8585
47.14	-2.8585
47.14	-2.8585
47.14	-2.8585
47.13	-2.8586
47.13	-2.8582
47.13	-2.8583
47.13	-2.8583
47.13	-2.8582
47.12	-2.8582
47.12	-2.8584
47.12	-2.8581
47.11	-2.8582
47.11	-2.8581
47.11	-2.8581
47.10	-2.8581
47.10	-2.8583
47.09	-2.8581
47.09	-2.8580
47.09	-2.8580
47.09	-2.8581
47.09	-2.8578
47.08	-2.8581
47.08	-2.8580
47.08	-2.8576
47.08	-2.8579
47.08	-2.8578
47.07	-2.8576
47.07	-2.8575
47.06	-2.8577
47.06	-2.8575
47.07	-2.8576
47.07	-2.8575
47.07	-2.8574
47.06	-2.8574
47.06	-2.8573
47.05	-2.8575
47.05	-2.8575
47.05	-2.8574
47.05	-2.8576
47.04	-2.8574
47.04	-2.8574
47.04	-2.8574
47.03	-2.8574
47.03	-2.8573
47.03	-2.8573
47.03	-2.8574
47.02	-2.8573
47.02	-2.8573
47.02	-2.8571
47.02	-2.8573
47.02	-2.8572
47.01	-2.8572
47.02	-2.8572
47.01	-2.8573
47.01	-2.8571
47.00	-2.8572
47.00	-2.8570
46.99	-2.8570
46.99	-2.8569
46.99	-2.8569
46.99	-2.8571
46.99	-2.8570
46.99	-2.8570
46.99	-2.8570
46.98	-2.8570
46.98	-2.8570
46.98	-2.8569
46.97	-2.8570
46.97	-2.8570
46.97	-2.8568
46.96	-2.8569
46.96	-2.8569
46.96	-2.8570
46.96	-2.8568
46.96	-2.8568
46.95	-2.8567
46.95	-2.8568
46.95	-2.8569
46.94	-2.8568
46.94	-2.8568
46.94	-2.8569
46.94	-2.8567
46.93	-2.8568
46.93	-2.8568
46.93	-2.8568
46.93	-2.8566
46.92	-2.8565
46.92	-2.8566
46.92	-2.8567
46.92	-2.8568
46.92	-2.8566
46.92	-2.8566
46.92	-2.8566
46.91	-2.8566
46.90	-2.8566
46.90	-2.8567
46.90	-2.8566
46.90	-2.8565
46.90	-2.8565
46.90	-2.8565
46.89	-2.8566
46.89	-2.8563
46.89	-2.8565
46.89	-2.8565
46.88	-2.8563
46.88	-2.8565
46.88	-2.8564
46.88	-2.8565
46.88	-2.8564
46.87	-2.8564
46.87	-2.8563
46.87	-2.8563
46.86	-2.8563
46.86	-2.8562
46.85	-2.8561
46.85	-2.8561
46.85	-2.8561
46.85	-2.8560
46.85	-2.8560
46.84	-2.8560
46.84	-2.8559
46.84	-2.8559
46.83	-2.8561
46.83	-2.8558
46.83	-2.8559
46.83	-2.8560
46.83	-2.8559
46.83	-2.8559
46.83	-2.8559
46.82	-2.8558
46.82	-2.8557
46.81	-2.8560
46.81	-2.8558
46.81	-2.8559
46.81	-2.8558
46.80	-2.8557
46.80	-2.8558
46.80	-2.8557
46.80	-2.8558
46.80	-2.8555
46.79	-2.8555
46.79	-2.8559
46.79	-2.8557
46.79	-2.8555
46.78	-2.8557
46.78	-2.8556
46.78	-2.8556
46.78	-2.8556
46.77	-2.8557
46.77	-2.8556
46.76	-2.8556
46.76	-2.8556
46.76	-2.8556
46.75	-2.8554
46.75	-2.8554
46.75	-2.8555
46.75	-2.8557
46.74	-2.8554
46.74	-2.8554
46.74	-2.8554
46.74	-2.8552
46.73	-2.8554
46.73	-2.8554
46.73	-2.8553
46.73	-2.8554
46.73	-2.8553
46.73	-2.8554
46.72	-2.8556
46.72	-2.8553
46.72	-2.8554
46.71	-2.8554
46.71	-2.8553
46.71	-2.8553
46.70	-2.8551
46.70	-2.8552
46.70	-2.8553
46.70	-2.8551
46.70	-2.8553
46.70	-2.8553
46.69	-2.8552
46.69	-2.8551
46.69	-2.8551
46.68	-2.8552
46.68	-2.8550
46.68	-2.8552
46.68	-2.8548
46.68	-2.8548
46.67	-2.8550
46.67	-2.8548
46.67	-2.8549
46.67	-2.8547
46.66	-2.8547
46.66	-2.8545
46.66	-2.8546
46.66	-2.8547
46.65	-2.8546
46.65	-2.8546
46.65	-2.8545
46.65	-2.8545
46.65	-2.8546
46.64	-2.8545
46.64	-2.8544
46.64	-2.8544
46.64	-2.8544
46.63	-2.8544
46.63	-2.8543
46.63	-2.8543
46.63	-2.8542
46.62	-2.8541
46.62	-2.8540
46.62	-2.8542
46.61	-2.8540
46.61	-2.8540
46.61	-2.8538
46.61	-2.8539
46.60	-2.8540
46.60	-2.8540
46.60	-2.8539
46.59	-2.8539
46.59	-2.8537
46.59	-2.8537
46.59	-2.8539
46.59	-2.8537
46.58	-2.8539
46.58	-2.8536
46.58	-2.8536
46.58	-2.8537
46.58	-2.8535
46.58	-2.8535
46.58	-2.8536
46.57	-2.8536
46.57	-2.8537
46.56	-2.8538
46.56	-2.8538
46.56	-2.8535
46.56	-2.8537
46.56	-2.8538
46.55	-2.8536
46.55	-2.8538
46.55	-2.8537
46.55	-2.8538
46.55	-2.8537
46.54	-2.8538
46.54	-2.8538
46.54	-2.8540
46.53	-2.8537
46.53	-2.8538
46.53	-2.8539
46.53	-2.8538
46.52	-2.8538
46.52	-2.8536
46.52	-2.8537
46.51	-2.8537
46.51	-2.8534
46.50	-2.8536
46.51	-2.8537
46.51	-2.8535
46.50	-2.8538
46.50	-2.8536
46.49	-2.8537
46.49	-2.8537
46.49	-2.8536
46.48	-2.8537
46.48	-2.8538
46.48	-2.8536
46.48	-2.8536
46.48	-2.8536
46.48	-2.8534
46.47	-2.8535
46.47	-2.8534
46.47	-2.8535
46.47	-2.8533
46.46	-2.8533
46.46	-2.8534
46.46	-2.8534
46.46	-2.8534
46.45	-2.8534
46.45	-2.8534
46.45	-2.8531
46.45	-2.8532
46.45	-2.8531
46.44	-2.8532
46.44	-2.8533
46.44	-2.8530
46.44	-2.8530
46.44	-2.8530
46.43	-2.8531
46.43	-2.8531
46.43	-2.8529
46.43	-2.8529
46.42	-2.8528
46.42	-2.8528
46.42	-2.8527
46.41	-2.8527
46.41	-2.8526
46.41	-2.8526
46.40	-2.8526
46.40	-2.8526
46.40	-2.8525
46.40	-2.8525
46.40	-2.8523
46.39	-2.8525
46.39	-2.8522
46.39	-2.8524
46.38	-2.8524
46.38	-2.8525
46.38	-2.8521
46.38	-2.8522
46.38	-2.8521
46.38	-2.8520
46.38	-2.8521
46.37	-2.8521
46.37	-2.8521
46.36	-2.8521
46.36	-2.8520
46.36	-2.8522
46.36	-2.8520
46.35	-2.8521
46.35	-2.8519
46.35	-2.8519
46.35	-2.8519
46.35	-2.8520
46.34	-2.8519
46.34	-2.8519
46.34	-2.8518
46.34	-2.8519
46.33	-2.8517
46.33	-2.8516
46.33	-2.8518
46.33	-2.8516
46.32	-2.8515
46.32	-2.8516
46.32	-2.8516
46.31	-2.8515
46.31	-2.8515
46.31	-2.8516
46.30	-2.8517
46.30	-2.8517
46.30	-2.8516
46.30	-2.8516
46.30	-2.8517
46.29	-2.8517
46.29	-2.8517
46.29	-2.8518
46.28	-2.8518
46.28	-2.8517
46.28	-2.8516
46.28	-2.8517
46.27	-2.8518
46.27	-2.8518
46.27	-2.8518
46.27	-2.8517
46.26	-2.8517
46.26	-2.8518
46.26	-2.8516
46.25	-2.8517
46.25	-2.8517
46.25	-2.8518
46.25	-2.8515
46.25	-2.8516
46.24	-2.8516
46.24	-2.8517
46.24	-2.8516
46.24	-2.8517
46.24	-2.8517
46.23	-2.8518
46.23	-2.8516
46.23	-2.8517
46.23	-2.8518
46.23	-2.8517
46.22	-2.8518
46.22	-2.8518
46.22	-2.8517
46.22	-2.8517
46.21	-2.8514
46.21	-2.8516
46.21	-2.8515
46.21	-2.8516
46.20	-2.8515
46.20	-2.8514
46.19	-2.8515
46.19	-2.8515
46.19	-2.8514
46.19	-2.8515
46.18	-2.8515
46.19	-2.8513
46.18	-2.8514
46.18	-2.8513
46.18	-2.8511
46.17	-2.8513
46.17	-2.8513
46.17	-2.8510
46.17	-2.8512
46.17	-2.8512
46.17	-2.8511
46.16	-2.8509
46.16	-2.8510
46.15	-2.8510
46.15	-2.8509
46.15	-2.8509
46.14	-2.8510
46.14	-2.8509
46.14	-2.8510
46.14	-2.8511
46.13	-2.8508
46.13	-2.8509
46.13	-2.8509
46.13	-2.8510
46.13	-2.8508
46.12	-2.8508
46.12	-2.8508
46.12	-2.8508
46.11	-2.8509
46.11	-2.8511
46.11	-2.8510
46.11	-2.8510
46.10	-2.8509
46.09	-2.8510
46.09	-2.8507
46.09	-2.8507
46.09	-2.8509
46.09	-2.8509
46.09	-2.8508
46.08	-2.8508
46.08	-2.8509
46.08	-2.8507
46.08	-2.8508
46.08	-2.8507
46.08	-2.8507
46.07	-2.8507
46.07	-2.8507
46.07	-2.8507
46.06	-2.8506
46.06	-2.8505
46.06	-2.8506
46.05	-2.8505
46.05	-2.8507
46.05	-2.8505
46.05	-2.8506
46.05	-2.8506
46.05	-2.8506
46.04	-2.8504
46.04	-2.8506
46.03	-2.8505
46.03	-2.8506
46.04	-2.8505
46.03	-2.8507
46.02	-2.8506
46.02	-2.8507
46.02	-2.8507
46.02	-2.8505
46.02	-2.8505
46.01	-2.8504
46.01	-2.8505
46.00	-2.8504
46.00	-2.8506
46.00	-2.8506
46.00	-2.8506
45.99	-2.8506
45.99	-2.8503
45.99	-2.8505
45.99	-2.8505
45.98	-2.8507
45.98	-2.8507
45.98	-2.8505
45.98	-2.8504
45.98	-2.8504
45.98	-2.8505
45.97	-2.8503
45.97	-2.8505
45.96	-2.8505
45.96	-2.8503
45.97	-2.8503
45.96	-2.8505
45.96	-2.8505
45.95	-2.8505
45.95	-2.8505
45.95	-2.8504
45.95	-2.8505
45.95	-2.8503
45.94	-2.8504
45.94	-2.8504
45.94	-2.8504
45.94	-2.8503
45.94	-2.8503
45.93	-2.8504
45.93	-2.8503
45.92	-2.8504
45.92	-2.8502
45.92	-2.8503
45.92	-2.8501
45.91	-2.8503
45.91	-2.8500
45.91	-2.8502
45.91	-2.8499
45.91	-2.8500
45.91	-2.8500
45.90	-2.8500
45.90	-2.8502
45.90	-2.8501
45.90	-2.8499
45.89	-2.8497
45.89	-2.8501
45.88	-2.8499
45.88	-2.8498
45.88	-2.8499
45.88	-2.8498
45.88	-2.8498
45.88	-2.8499
45.87	-2.8497
45.87	-2.8497
45.86	-2.8497
45.86	-2.8496
45.86	-2.8497
45.86	-2.8496
45.85	-2.8497
45.85	-2.8497
45.85	-2.8497
45.85	-2.8497
45.84	-2.8498
45.84	-2.8497
45.83	-2.8496
45.83	-2.8497
45.83	-2.8495
45.83	-2.8496
45.83	-2.8496
45.83	-2.8497
45.83	-2.8497
45.82	-2.8496
45.82	-2.8497
45.82	-2.8497
45.81	-2.8496
45.81	-2.8497
45.81	-2.8496
45.81	-2.8497
45.80	-2.8497
45.80	-2.8495
45.80	-2.8497
45.80	-2.8497
45.79	-2.8495
45.79	-2.8497
45.79	-2.8497
45.79	-2.8496
45.79	-2.8495
45.78	-2.8496
45.78	-2.8496
45.78	-2.8497
45.78	-2.8495
45.77	-2.8496
45.77	-2.8497
45.77	-2.8496
45.77	-2.8495
45.77	-2.8495
45.77	-2.8494
45.76	-2.8496
45.76	-2.8495
45.75	-2.8495
45.75	-2.8495
45.75	-2.8496
45.74	-2.8495
45.74	-2.8493
45.74	-2.8494
45.74	-2.8494
45.74	-2.8494
45.73	-2.8493
45.73	-2.8492
45.73	-2.8493
45.73	-2.8494
45.72	-2.8492
45.72	-2.8493
45.72	-2.8491
45.71	-2.8491
45.71	-2.8491
45.71	-2.8492
45.71	-2.8491
45.70	-2.8491
45.70	-2.8490
45.70	-2.8491
45.70	-2.8491
45.70	-2.8490
45.70	-2.8491
45.70	-2.8490
45.70	-2.8489
45.69	-2.8489
45.68	-2.8491
45.68	-2.8489
45.68	-2.8490
45.68	-2.8488
45.68	-2.8488
45.68	-2.8488
45.68	-2.8486
45.67	-2.8488
45.67	-2.8487
45.67	-2.8488
45.66	-2.8486
45.66	-2.8488
45.66	-2.8488
45.66	-2.8489
45.66	-2.8486
45.65	-2.8486
45.65	-2.8486
45.64	-2.8485
45.64	-2.8486
45.64	-2.8486
45.64	-2.8487
45.63	-2.8485
45.63	-2.8487
45.63	-2.8487
45.63	-2.8484
45.63	-2.8485
45.62	-2.8485
45.62	-2.8482
45.62	-2.8484
45.61	-2.8483
45.61	-2.8482
45.61	-2.8483
45.61	-2.8484
45.61	-2.8483
45.61	-2.8483
45.60	-2.8483
45.59	-2.8483
45.59	-2.8482
45.59	-2.8480
45.59	-2.8482
45.58	-2.8480
45.58	-2.8481
45.58	-2.8479
45.58	-2.8480
45.58	-2.8479
45.58	-2.8480
45.58	-2.8477
45.57	-2.8478
45.57	-2.8478
45.56	-2.8477
45.56	-2.8477
45.56	-2.8476
45.56	-2.8475
45.55	-2.8477
45.55	-2.8476
45.55	-2.8477
45.55	-2.8477
45.54	-2.8475
45.54	-2.8477
45.54	-2.8475
45.53	-2.8475
45.53	-2.8475
45.52	-2.8473
45.52	-2.8474
45.52	-2.8474
45.52	-2.8474
45.52	-2.8473
45.52	-2.8475
45.52	-2.8474
45.52	-2.8475
45.51	-2.8474
45.51	-2.8476
45.51	-2.8473
45.51	-2.8473
45.50	-2.8473
45.50	-2.8475
45.50	-2.8473
45.50	-2.8473
45.49	-2.8472
45.49	-2.8473
45.49	-2.8470
45.49	-2.8471
45.49	-2.8470
45.48	-2.8470
45.48	-2.8470
45.48	-2.8469
45.47	-2.8470
45.47	-2.8467
45.47	-2.8468
45.46	-2.8467
45.46	-2.8467
45.46	-2.8468
45.46	-2.8467
45.45	-2.8467
45.45	-2.8467
45.45	-2.8469
45.45	-2.8468
45.44	-2.8466
45.44	-2.8466
45.44	-2.8469
45.44	-2.8466
45.44	-2.8467
45.43	-2.8466
45.43	-2.8465
45.43	-2.8466
45.43	-2.8465
45.43	-2.8466
45.42	-2.8465
45.42	-2.8463
45.41	-2.8464
45.41	-2.8463
45.40	-2.8464
45.40	-2.8464
45.40	-2.8463
45.40	-2.8463
45.40	-2.8464
45.40	-2.8464
45.40	-2.8465
45.40	-2.8464
45.39	-2.8464
45.39	-2.8464
45.38	-2.8462
45.38	-2.8463
45.38	-2.8460
45.38	-2.8464
45.38	-2.8463
45.38	-2.8461
45.37	-2.8462
45.37	-2.8462
45.37	-2.8462
45.36	-2.8460
45.36	-2.8461
45.36	-2.8460
45.35	-2.8459
45.35	-2.8461
45.34	-2.8460
45.34	-2.8461
45.34	-2.8459
45.34	-2.8461
45.34	-2.8460
45.34	-2.8460
45.34	-2.8459
45.34	-2.8461
45.33	-2.8460
45.33	-2.8460
45.33	-2.8459
45.33	-2.8459
45.32	-2.8456
45.32	-2.8456
45.31	-2.8456
45.31	-2.8456
45.31	-2.8457
45.31	-2.8455
45.30	-2.8456
45.30	-2.8455
45.30	-2.8455
45.30	-2.8456
45.30	-2.8457
45.30	-2.8455
45.29	-2.8456
45.29	-2.8454
45.29	-2.8454
45.28	-2.8454
45.28	-2.8454
45.28	-2.8454
45.28	-2.8455
45.28	-2.8454
45.27	-2.8454
45.27	-2.8452
45.27	-2.8452
45.27	-2.8452
45.26	-2.8452
45.26	-2.8452
45.25	-2.8452
45.25	-2.8452
45.25	-2.8452
45.25	-2.8450
45.24	-2.8452
45.24	-2.8451
45.24	-2.8451
45.23	-2.8453
45.23	-2.8449
45.23	-2.8450
45.23	-2.8448
45.22	-2.8449
45.22	-2.8451
45.22	-2.8450
45.22	-2.8448
45.22	-2.8449
45.21	-2.8449
45.21	-2.8448
45.21	-2.8450
45.21	-2.8447
45.21	-2.8449
45.20	-2.8449
45.20	-2.8448
45.19	-2.8448
45.19	-2.8446
45.19	-2.8447
45.19	-2.8445
45.18	-2.8447
45.18	-2.8446
45.18	-2.8446
45.18	-2.8445
45.18	-2.8445
45.18	-2.8445
45.17	-2.8445
45.17	-2.8445
45.17	-2.8444
45.17	-2.8445
45.17	-2.8445
45.16	-2.8444
45.16	-2.8444
45.15	-2.8444
45.16	-2.8444
45.15	-2.8443
45.15	-2.8442
45.15	-2.8445
45.15	-2.8443
45.14	-2.8442
45.14	-2.8444
45.13	-2.8443
45.13	-2.8443
45.13	-2.8442
45.13	-2.8443
45.13	-2.8441
45.13	-2.8441
45.12	-2.8441
45.12	-2.8441
45.12	-2.8440
45.11	-2.8439
45.11	-2.8442
45.11	-2.8439
45.11	-2.8438
45.11	-2.8439
45.10	-2.8440
45.10	-2.8438
45.09	-2.8438
45.09	-2.8438
45.09	-2.8439
45.09	-2.8438
45.09	-2.8438
45.09	-2.8437
45.09	-2.8438
45.09	-2.8439
45.08	-2.8436
45.08	-2.8438
45.07	-2.8437
45.07	-2.8436
45.07	-2.8437
45.06	-2.8436
45.06	-2.8437
45.06	-2.8436
45.06	-2.8436
45.05	-2.8438
45.05	-2.8437
45.05	-2.8434
45.05	-2.8435
45.04	-2.8434
45.04	-2.8436
45.04	-2.8433
45.03	-2.8435
45.03	-2.8433
45.03	-2.8434
45.03	-2.8434
45.02	-2.8432
45.02	-2.8432
45.02	-2.8432
45.02	-2.8430
45.02	-2.8434
45.01	-2.8432
45.01	-2.8432
45.01	-2.8431
45.00	-2.8431
45.00	-2.8431
45.00	-2.8430
44.99	-2.8431
44.99	-2.8432
44.99	-2.8428
44.99	-2.8432
44.99	-2.8430
44.98	-2.8430
44.98	-2.8428
44.98	-2.8430
44.98	-2.8429
44.98	-2.8430
44.97	-2.8426
44.97	-2.8429
44.97	-2.8427
44.97	-2.8427
44.96	-2.8429
44.96	-2.8426
44.96	-2.8428
44.95	-2.8427
44.95	-2.8427
44.95	-2.8426
44.95	-2.8428
44.95	-2.8427
44.94	-2.8426
44.94	-2.8426
44.94	-2.8429
44.94	-2.8428
44.93	-2.8427
44.93	-2.8429
44.93	-2.8427
44.93	-2.8427
44.92	-2.8427
44.92	-2.8426
44.92	-2.8424
44.92	-2.8425
44.91	-2.8424
44.91	-2.8423
44.91	-2.8425
44.91	-2.8425
44.90	-2.8422
44.90	-2.8422
44.90	-2.8422
44.90	-2.8420
44.89	-2.8421
44.89	-2.8419
44.89	-2.8419
44.89	-2.8419
44.89	-2.8419
44.89	-2.8419
44.88	-2.8418
44.88	-2.8419
44.88	-2.8416
44.88	-2.8419
44.87	-2.8416
44.87	-2.8416
44.86	-2.8416
44.86	-2.8419
44.86	-2.8417
44.86	-2.8417
44.85	-2.8418
44.85	-2.8417
44.85	-2.8417
44.85	-2.8417
44.84	-2.8417
44.84	-2.8417
44.84	-2.8417
44.83	-2.8418
44.83	-2.8418
44.83	-2.8419
44.83	-2.8419
44.83	-2.8419
44.83	-2.8418
44.83	-2.8419
44.82	-2.8418
44.82	-2.8418
44.82	-2.8420
44.81	-2.8419
44.81	-2.8417
44.81	-2.8418
44.81	-2.8419
44.81	-2.8418
44.80	-2.8419
44.80	-2.8418
44.80	-2.8418
44.80	-2.8419
44.80	-2.8417
44.79	-2.8419
44.79	-2.8417
44.79	-2.8416
44.78	-2.8418
44.78	-2.8418
44.77	-2.8418
44.77	-2.8417
44.77	-2.8418
44.77	-2.8417
44.77	-2.8416
44.77	-2.8416
44.76	-2.8415
44.76	-2.8415
44.76	-2.8415
44.76	-2.8415
44.75	-2.8415
44.75	-2.8415
44.74	-2.8414
44.74	-2.8414
44.74	-2.8414
44.74	-2.8414
44.74	-2.8413
44.74	-2.8413
44.74	-2.8414
44.73	-2.8410
44.73	-2.8413
44.73	-2.8412
44.73	-2.8411
44.73	-2.8412
44.72	-2.8411
44.71	-2.8411
44.71	-2.8410
44.71	-2.8409
44.71	-2.8409
44.70	-2.8409
44.70	-2.8408
44.70	-2.8407
44.70	-2.8408
44.70	-2.8408
44.70	-2.8405
44.69	-2.8406
44.69	-2.8407
44.69	-2.8404
44.68	-2.8407
44.68	-2.8406
44.68	-2.8407
44.68	-2.8404
44.67	-2.8403
44.67	-2.8405
44.67	-2.8403
44.67	-2.8404
44.66	-2.8405
44.66	-2.8404
44.66	-2.8405
44.66	-2.8403
44.66	-2.8402
44.65	-2.8404
44.65	-2.8402
44.65	-2.8403
44.65	-2.8403
44.64	-2.8402
44.64	-2.8402
44.64	-2.8402
44.63	-2.8401
44.63	-2.8401
44.62	-2.8401
44.62	-2.8400
44.61	-2.8399
44.61	-2.8399
44.61	-2.8400
44.61	-2.8401
44.61	-2.8401
44.61	-2.8400
44.61	-2.8399
44.60	-2.8398
44.60	-2.8398
44.59	-2.8398
44.59	-2.8397
44.59	-2.8397
44.59	-2.8396
44.59	-2.8397
44.58	-2.8397
44.58	-2.8395
44.58	-2.8395
44.58	-2.8395
44.58	-2.8393
44.58	-2.8395
44.57	-2.8394
44.57	-2.8396
44.57	-2.8395
44.57	-2.8395
44.56	-2.8393
44.56	-2.8394
44.56	-2.8394
44.56	-2.8393
44.55	-2.8395
44.55	-2.8393
44.55	-2.8395
44.55	-2.8394
44.55	-2.8393
44.55	-2.8395
44.54	-2.8393
44.54	-2.8396
44.53	-2.8394
44.53	-2.8393
44.52	-2.8393
44.52	-2.8394
44.52	-2.8395
44.52	-2.8393
44.52	-2.8395
44.52	-2.8395
44.51	-2.8393
44.51	-2.8395
44.51	-2.8395
44.50	-2.8393
44.50	-2.8394
44.49	-2.8396
44.49	-2.8392
44.49	-2.8394
44.49	-2.8392
44.49	-2.8394
44.49	-2.8395
44.48	-2.8396
44.48	-2.8394
44.48	-2.8393
44.48	-2.8393
44.48	-2.8393
44.48	-2.8394
44.47	-2.8392
44.47	-2.8394
44.47	-2.8394
44.47	-2.8394
44.46	-2.8395
44.46	-2.8393
44.45	-2.8396
44.45	-2.8393
44.45	-2.8394
44.45	-2.8394
44.45	-2.8395
44.45	-2.8393
44.44	-2.8395
44.44	-2.8393
44.43	-2.8394
44.43	-2.8393
44.43	-2.8394
44.42	-2.8392
44.42	-2.8393
44.42	-2.8393
44.42	-2.8395
44.42	-2.8394
44.42	-2.8393
44.41	-2.8395
44.41	-2.8392
44.40	-2.8393
44.40	-2.8393
44.40	-2.8393
44.40	-2.8392
44.40	-2.8392
44.40	-2.8392
44.40	-2.8392
44.39	-2.8392
44.39	-2.8391
44.39	-2.8390
44.38	-2.8391
44.38	-2.8391
44.38	-2.8391
44.38	-2.8391
44.38	-2.8390
44.38	-2.8389
44.37	-2.8391
44.37	-2.8391
44.37	-2.8389
44.36	-2.8389
44.36	-2.8390
44.36	-2.8391
44.35	-2.8391
44.35	-2.8390
44.35	-2.8390
44.35	-2.8390
44.34	-2.8390
44.34	-2.8389
44.34	-2.8388
44.34	-2.8390
44.34	-2.8390
44.33	-2.8390
44.33	-2.8387
44.33	-2.8389
44.32	-2.8388
44.32	-2.8389
44.32	-2.8389
44.32	-2.8388
44.31	-2.8389
44.31	-2.8389
44.31	-2.8388
44.31	-2.8388
44.30	-2.8388
44.30	-2.8388
44.30	-2.8389
44.29	-2.8390
44.29	-2.8389
44.29	-2.8390
44.29	-2.8387
44.28	-2.8387
44.28	-2.8389
44.28	-2.8386
44.27	-2.8388
44.27	-2.8386
44.27	-2.8387
44.27	-2.8388
44.27	-2.8388
44.27	-2.8387
44.26	-2.8386
44.26	-2.8388
44.26	-2.8386
44.26	-2.8387
44.25	-2.8388
44.25	-2.8386
44.25	-2.8386
44.25	-2.8384
44.25	-2.8386
44.24	-2.8385
44.24	-2.8385
44.24	-2.8385
44.24	-2.8384
44.23	-2.8385
44.23	-2.8386
44.23	-2.8384
44.22	-2.8385
44.21	-2.8384
44.21	-2.8385
44.21	-2.8382
44.21	-2.8383
44.21	-2.8383
44.20	-2.8384
44.20	-2.8383
44.20	-2.8384
44.20	-2.8383
44.20	-2.8382
44.20	-2.8383
44.19	-2.8384
44.19	-2.8382
44.18	-2.8383
44.18	-2.8382
44.18	-2.8380
44.18	-2.8381
44.18	-2.8381
44.17	-2.8379
44.17	-2.8381
44.17	-2.8381
44.16	-2.8381
44.16	-2.8379
44.16	-2.8379
44.16	-2.8377
44.15	-2.8380
44.15	-2.8376
44.15	-2.8377
44.15	-2.8377
44.15	-2.8378
44.15	-2.8377
44.15	-2.8378
44.14	-2.8377
44.14	-2.8377
44.14	-2.8378
44.13	-2.8378
44.13	-2.8376
44.13	-2.8378
44.13	-2.8378
44.13	-2.8376
44.12	-2.8376
44.12	-2.8378
44.12	-2.8377
44.11	-2.8378
44.10	-2.8379
44.10	-2.8377
44.10	-2.8377
44.09	-2.8375
44.10	-2.8377
44.09	-2.8377
44.09	-2.8377
44.09	-2.8375
44.09	-2.8377
44.09	-2.8376
44.09	-2.8376
44.09	-2.8377
44.09	-2.8376
44.08	-2.8375
44.08	-2.8377
44.07	-2.8375
44.07	-2.8376
44.06	-2.8377
44.06	-2.8376
44.06	-2.8376
44.06	-2.8374
44.05	-2.8374
44.05	-2.8376
44.05	-2.8375
44.05	-2.8375
44.05	-2.8374
44.05	-2.8374
44.04	-2.8373
44.04	-2.8373
44.04	-2.8373
44.04	-2.8373
44.04	-2.8372
44.03	-2.8371
44.03	-2.8373
44.02	-2.8371
44.02	-2.8370
44.02	-2.8371
44.02	-2.8371
44.01	-2.8370
44.01	-2.8371
44.01	-2.8369
44.01	-2.8371
44.01	-2.8370
44.00	-2.8370
44.00	-2.8370
44.00	-2.8369
44.00	-2.8370
43.99	-2.8367
43.99	-2.8369
43.99	-2.8369
43.99	-2.8369
43.98	-2.8367
43.98	-2.8370
43.98	-2.8368
43.98	-2.8367
43.98	-2.8367
43.97	-2.8367
43.96	-2.8366
43.96	-2.8368
43.96	-2.8367
43.95	-2.8366
43.95	-2.8365
43.95	-2.8364
43.95	-2.8366
43.95	-2.8366
43.95	-2.8363
43.95	-2.8365
43.95	-2.8363
43.94	-2.8363
43.94	-2.8364
43.94	-2.8365
43.94	-2.8363
43.93	-2.8363
43.93	-2.8363
43.93	-2.8361
43.93	-2.8363
43.93	-2.8361
43.92	-2.8362
43.92	-2.8361
43.92	-2.8362
43.91	-2.8361
43.91	-2.8359
43.91	-2.8361
43.91	-2.8360
43.90	-2.8361
43.90	-2.8360
43.90	-2.8361
43.90	-2.8360
43.90	-2.8360
43.89	-2.8359
43.89	-2.8359
43.89	-2.8359
43.89	-2.8359
43.88	-2.8359
43.88	-2.8358
43.88	-2.8359
43.88	-2.8357
43.88	-2.8358
43.87	-2.8358
43.87	-2.8354
43.86	-2.8357
43.86	-2.8355
43.85	-2.8356
43.85	-2.8355
43.84	-2.8356
43.84	-2.8355
43.85	-2.8354
43.84	-2.8354
43.84	-2.8354
43.84	-2.8352
43.84	-2.8353
43.84	-2.8353
43.84	-2.8352
43.83	-2.8352
43.83	-2.8353
43.83	-2.8352
43.83	-2.8353
43.83	-2.8351
43.82	-2.8351
43.82	-2.8351
43.82	-2.8351
43.82	-2.8348
43.81	-2.8351
43.81	-2.8350
43.81	-2.8348
43.80	-2.8347
43.80	-2.8350
43.80	-2.8348
43.80	-2.8347
43.80	-2.8347
43.79	-2.8348
43.79	-2.8347
43.79	-2.8345
43.78	-2.8346
43.78	-2.8346
43.78	-2.8346
43.77	-2.8345
43.77	-2.8345
43.77	-2.8345
43.77	-2.8345
43.77	-2.8346
43.77	-2.8346
43.76	-2.8346
43.76	-2.8343
43.76	-2.8344
43.75	-2.8344
43.75	-2.8345
43.75	-2.8343
43.75	-2.8343
43.74	-2.8341
43.74	-2.8344
43.74	-2.8343
43.74	-2.8342
43.74	-2.8342
43.74	-2.8343
43.73	-2.8341
43.73	-2.8342
43.73	-2.8340
43.73	-2.8341
43.73	-2.8341
43.72	-2.8343
43.72	-2.8340
43.71	-2.8340
43.71	-2.8342
43.71	-2.8341
43.70	-2.8341
43.70	-2.8341
43.70	-2.8340
43.70	-2.8340
43.69	-2.8341
43.69	-2.8339
43.69	-2.8340
43.68	-2.8341
43.68	-2.8340
43.68	-2.8339
43.68	-2.8340
43.68	-2.8339
43.68	-2.8339
43.67	-2.8337
43.67	-2.8338
43.66	-2.8337
43.66	-2.8338
43.66	-2.8338
43.66	-2.8339
43.65	-2.8337
43.65	-2.8338
43.65	-2.8337
43.65	-2.8336
43.65	-2.8338
43.64	-2.8336
43.64	-2.8337
43.64	-2.8335
43.64	-2.8335
43.64	-2.8336
43.63	-2.8336
43.63	-2.8335
43.63	-2.8337
43.63	-2.8335
43.62	-2.8334
43.62	-2.8331
43.62	-2.8335
43.62	-2.8336
43.61	-2.8332
43.60	-2.8333
43.60	-2.8333
43.60	-2.8333
43.60	-2.8331
43.60	-2.8329
43.60	-2.8331
43.60	-2.8331
43.59	-2.8329
43.59	-2.8328
43.59	-2.8330
43.59	-2.8329
43.58	-2.8331
43.58	-2.8328
43.58	-2.8329
43.58	-2.8328
43.58	-2.8328
43.57	-2.8326
43.57	-2.8327
43.57	-2.8326
43.56	-2.8326
43.56	-2.8327
43.56	-2.8326
43.55	-2.8325
43.55	-2.8325
43.55	-2.8325
43.55	-2.8325
43.55	-2.8325
43.54	-2.8325
43.54	-2.8325
43.54	-2.8325
43.54	-2.8324
43.53	-2.8324
43.53	-2.8324
43.53	-2.8324
43.53	-2.8324
43.52	-2.8323
43.52	-2.8323
43.52	-2.8324
43.52	-2.8324
43.52	-2.8323
43.51	-2.8323
43.51	-2.8321
43.51	-2.8322
43.50	-2.8321
43.50	-2.8320
43.49	-2.8320
43.49	-2.8320
43.49	-2.8319
43.49	-2.8320
43.49	-2.8319
43.48	-2.8321
43.48	-2.8319
43.48	-2.8321
43.48	-2.8320
43.48	-2.8322
43.47	-2.8319
43.47	-2.8321
43.47	-2.8318
43.47	-2.8320
43.46	-2.8320
43.46	-2.8319
43.46	-2.8321
43.45	-2.8321
43.45	-2.8321
43.45	-2.8321
43.45	-2.8320
43.45	-2.8320
43.44	-2.8321
43.44	-2.8320
43.44	-2.8320
43.44	-2.8319
43.44	-2.8319
43.43	-2.8319
43.43	-2.8320
43.43	-2.8319
43.43	-2.8319
43.43	-2.8317
43.42	-2.8317
43.42	-2.8317
43.41	-2.8317
43.41	-2.8318
43.41	-2.8317
43.41	-2.8316
43.40	-2.8316
43.40	-2.8316
43.40	-2.8316
43.40	-2.8317
43.40	-2.8316
43.39	-2.8316
43.39	-2.8314
43.39	-2.8316
43.39	-2.8314
43.38	-2.8314
43.38	-2.8314
43.38	-2.8314
43.38	-2.8314
43.37	-2.8314
43.37	-2.8314
43.37	-2.8315
43.37	-2.8315
43.36	-2.8315
43.36	-2.8314
43.35	-2.8313
43.35	-2.8313
43.34	-2.8314
43.34	-2.8312
43.34	-2.8313
43.34	-2.8309
43.34	-2.8312
43.34	-2.8311
43.34	-2.8314
43.33	-2.8313
43.33	-2.8311
43.33	-2.8311
43.32	-2.8310
43.32	-2.8310
43.32	-2.8310
43.32	-2.8311
43.32	-2.8309
43.31	-2.8309
43.31	-2.8309
43.31	-2.8307
43.30	-2.8309
43.30	-2.8309
43.30	-2.8308
43.30	-2.8308
43.29	-2.8308
43.30	-2.8306
43.29	-2.8309
43.29	-2.8307
43.29	-2.8306
43.29	-2.8307
43.28	-2.8307
43.28	-2.8306
43.27	-2.8308
43.27	-2.8306
43.27	-2.8305
43.27	-2.8307
43.27	-2.8306
43.26	-2.8307
43.26	-2.8306
43.26	-2.8306
43.25	-2.8308
43.25	-2.8308
43.25	-2.8308
43.24	-2.8306
43.24	-2.8306
43.24	-2.8305
43.24	-2.8306
43.24	-2.8305
43.23	-2.8304
43.23	-2.8306
43.23	-2.8306
43.23	-2.8305
43.23	-2.8305
43.23	-2.8304
43.23	-2.8304
43.23	-2.8303
43.22	-2.8302
43.22	-2.8302
43.21	-2.8302
43.21	-2.8302
43.20	-2.8301
43.20	-2.8302
43.20	-2.8300
43.20	-2.8300
43.20	-2.8300
43.19	-2.8300
43.19	-2.8299
43.18	-2.8299
43.18	-2.8299
43.18	-2.8300
43.18	-2.8299
43.18	-2.8299
43.18	-2.8298
43.18	-2.8298
43.17	-2.8299
43.17	-2.8299
43.16	-2.8298
43.16	-2.8299
43.16	-2.8298
43.16	-2.8297
43.16	-2.8297
43.15	-2.8297
43.15	-2.8298
43.15	-2.8297
43.15	-2.8297
43.15	-2.8298
43.14	-2.8298
43.14	-2.8298
43.14	-2.8298
43.13	-2.8298
43.13	-2.8299
43.13	-2.8298
43.13	-2.8296
43.13	-2.8298
43.12	-2.8297
43.12	-2.8298
43.12	-2.8297
43.11	-2.8297
43.11	-2.8297
43.11	-2.8297
43.11	-2.8297
43.10	-2.8297
43.10	-2.8296
43.10	-2.8296
43.09	-2.8296
43.09	-2.8296
43.09	-2.8296
43.09	-2.8296
43.09	-2.8295
43.09	-2.8295
43.08	-2.8297
43.08	-2.8297
43.08	-2.8295
43.08	-2.8293
43.08	-2.8296
43.07	-2.8296
43.07	-2.8294
43.06	-2.8296
43.06	-2.8296
43.06	-2.8295
43.05	-2.8296
43.05	-2.8295
43.05	-2.8294
43.05	-2.8296
43.05	-2.8295
43.04	-2.8292
43.04	-2.8293
43.03	-2.8293
43.03	-2.8293
43.03	-2.8291
43.03	-2.8291
43.03	-2.8293
43.03	-2.8291
43.02	-2.8291
43.02	-2.8290
43.02	-2.8289
43.02	-2.8290
43.02	-2.8290
43.01	-2.8290
43.01	-2.8289
43.01	-2.8291
43.01	-2.8290
43.01	-2.8290
43.01	-2.8290
43.00	-2.8289
43.00	-2.8289
42.99	-2.8288
42.99	-2.8287
42.99	-2.8287
42.99	-2.8287
42.98	-2.8286
42.98	-2.8286
42.98	-2.8287
42.98	-2.8286
42.97	-2.8287
42.97	-2.8285
42.97	-2.8286
42.97	-2.8286
42.96	-2.8286
42.96	-2.8285
42.96	-2.8284
42.96	-2.8285
42.96	-2.8285
42.96	-2.8284
42.95	-2.8284
42.95	-2.8284
42.95	-2.8281
42.95	-2.8282
42.94	-2.8283
42.94	-2.8282
42.93	-2.8280
42.94	-2.8280
42.93	-2.8281
42.93	-2.8279
42.93	-2.8282
42.92	-2.8279
42.92	-2.8279
42.92	-2.8281
42.91	-2.8280
42.91	-2.8277
42.91	-2.8279
42.90	-2.8277
42.90	-2.8278
42.90	-2.8278
42.90	-2.8277
42.89	-2.8277
42.89	-2.8277
42.89	-2.8277
42.89	-2.8274
42.89	-2.8277
42.89	-2.8275
42.88	-2.8276
42.88	-2.8276
42.88	-2.8276
42.88	-2.8275
42.88	-2.8275
42.87	-2.8274
42.87	-2.8276
42.86	-2.8275
42.86	-2.8275
42.86	-2.8274
42.86	-2.8275
42.86	-2.8275
42.85	-2.8276
42.85	-2.8273
42.84	-2.8274
42.84	-2.8274
42.84	-2.8273
42.83	-2.8274
42.83	-2.8273
42.83	-2.8274
42.83	-2.8274
42.83	-2.8275
42.82	-2.8274
42.81	-2.8273
42.82	-2.8275
42.82	-2.8272
42.82	-2.8274
42.82	-2.8273
42.81	-2.8274
42.81	-2.8273
42.81	-2.8272
42.81	-2.8274
42.80	-2.8274
42.80	-2.8273
42.80	-2.8274
42.79	-2.8274
42.79	-2.8274
42.79	-2.8274
42.79	-2.8273
42.78	-2.8274
42.78	-2.8274
42.77	-2.8274
42.77	-2.8272
42.77	-2.8272
42.77	-2.8272
42.77	-2.8272
42.77	-2.8273
42.77	-2.8273
42.76	-2.8272
42.76	-2.8273
42.75	-2.8272
42.75	-2.8273
42.75	-2.8271
42.75	-2.8273
42.75	-2.8273
42.74	-2.8272
42.74	-2.8272
42.74	-2.8271
42.73	-2.8270
42.73	-2.8270
42.73	-2.8271
42.73	-2.8271
42.73	-2.8270
42.73	-2.8268
42.72	-2.8269
42.72	-2.8269
42.72	-2.8267
42.72	-2.8270
42.71	-2.8270
42.71	-2.8269
42.71	-2.8270
42.70	-2.8269
42.70	-2.8270
42.70	-2.8270
42.70	-2.8268
42.70	-2.8268
42.69	-2.8270
42.69	-2.8267
42.69	-2.8269
42.69	-2.8266
42.68	-2.8268
42.68	-2.8268
42.68	-2.8267
42.68	-2.8268
42.67	-2.8266
42.67	-2.8267
42.67	-2.8267
42.66	-2.8267
42.66	-2.8267
42.66	-2.8268
42.65	-2.8267
42.65	-2.8268
42.65	-2.8267
42.65	-2.8267
42.65	-2.8268
42.64	-2.8268
42.64	-2.8266
42.64	-2.8266
42.64	-2.8267
42.64	-2.8267
42.63	-2.8266
42.63	-2.8266
42.63	-2.8267
42.63	-2.8268
42.63	-2.8268
42.63	-2.8265
42.62	-2.8265
42.62	-2.8265
42.62	-2.8266
42.62	-2.8267
42.61	-2.8265
42.61	-2.8266
42.60	-2.8266
42.60	-2.8265
42.60	-2.8264
42.60	-2.8265
42.59	-2.8265
42.59	-2.8265
42.59	-2.8266
42.59	-2.8266
42.59	-2.8266
42.58	-2.8266
42.58	-2.8265
42.58	-2.8266
42.58	-2.8265
42.57	-2.8265
42.57	-2.8267
42.56	-2.8266
42.56	-2.8267
42.56	-2.8265
42.55	-2.8266
42.55	-2.8266
42.55	-2.8265
42.55	-2.8266
42.55	-2.8264
42.55	-2.8265
42.54	-2.8264
42.54	-2.8265
42.53	-2.8263
42.53	-2.8263
42.53	-2.8262
42.53	-2.8263
42.53	-2.8264
42.52	-2.8264
42.52	-2.8262
42.52	-2.8265
42.52	-2.8264
42.52	-2.8263
42.51	-2.8264
42.51	-2.8263
42.51	-2.8262
42.51	-2.8262
42.50	-2.8262
42.50	-2.8264
42.49	-2.8260
42.49	-2.8263
42.49	-2.8261
42.49	-2.8263
42.49	-2.8263
42.48	-2.8262
42.48	-2.8262
42.48	-2.8262
42.48	-2.8263
42.48	-2.8261
42.48	-2.8260
42.47	-2.8261
42.47	-2.8261
42.47	-2.8259
42.46	-2.8261
42.46	-2.8262
42.46	-2.8261
42.46	-2.8263
42.46	-2.8261
42.45	-2.8261
42.45	-2.8260
42.45	-2.8263
42.44	-2.8260
42.44	-2.8260
42.44	-2.8261
42.44	-2.8261
42.43	-2.8260
42.43	-2.8259
42.43	-2.8258
42.43	-2.8258
42.42	-2.8259
42.42	-2.8259
42.42	-2.8259
42.41	-2.8259
42.41	-2.8259
42.41	-2.8258
42.40	-2.8258
42.40	-2.8258
42.40	-2.8255
42.40	-2.8255
42.40	-2.8258
42.40	-2.8256
42.39	-2.8256
42.39	-2.8258
42.39	-2.8255
42.39	-2.8255
42.39	-2.8256
42.38	-2.8256
42.38	-2.8257
42.38	-2.8257
42.38	-2.8255
42.37	-2.8255
42.37	-2.8255
42.36	-2.8256
42.37	-2.8253
42.36	-2.8256
42.36	-2.8254
42.36	-2.8253
42.35	-2.8254
42.35	-2.8254
42.34	-2.8253
42.34	-2.8254
42.34	-2.8252
42.34	-2.8253
42.34	-2.8254
42.33	-2.8253
42.33	-2.8254
42.33	-2.8253
42.33	-2.8254
42.33	-2.8253
42.33	-2.8253
42.32	-2.8252
42.32	-2.8252
42.31	-2.8251
42.31	-2.8251
42.31	-2.8250
42.31	-2.8250
42.31	-2.8250
42.30	-2.8250
42.30	-2.8250
42.30	-2.8248
42.30	-2.8247
42.29	-2.8250
42.29	-2.8246
42.28	-2.8248
42.28	-2.8248
42.28	-2.8248
42.28	-2.8248
42.28	-2.8248
42.27	-2.8247
42.27	-2.8246
42.27	-2.8247
42.27	-2.8246
42.27	-2.8247
42.26	-2.8247
42.26	-2.8245
42.26	-2.8246
42.25	-2.8245
42.25	-2.8248
42.24	-2.8247
42.24	-2.8247
42.24	-2.8247
42.24	-2.8247
42.24	-2.8246
42.24	-2.8245
42.24	-2.8247
42.23	-2.8246
42.23	-2.8248
42.23	-2.8246
42.23	-2.8247
42.22	-2.8246
42.22	-2.8246
42.22	-2.8246
42.21	-2.8246
42.21	-2.8246
42.21	-2.8244
42.21	-2.8244
42.21	-2.8242
42.20	-2.8243
42.20	-2.8244
42.20	-2.8243
42.20	-2.8242
42.20	-2.8243
42.19	-2.8241
42.18	-2.8241
42.18	-2.8242
42.18	-2.8241
42.18	-2.8239
42.18	-2.8239
42.18	-2.8240
42.17	-2.8240
42.17	-2.8238
42.17	-2.8239
42.17	-2.8238
42.16	-2.8239
42.16	-2.8238
42.16	-2.8238
42.16	-2.8238
42.15	-2.8237
42.15	-2.8237
42.15	-2.8237
42.15	-2.8238
42.14	-2.8236
42.14	-2.8237
42.14	-2.8237
42.14	-2.8238
42.14	-2.8235
42.14	-2.8236
42.13	-2.8236
42.13	-2.8235
42.13	-2.8235
42.13	-2.8235
42.13	-2.8232
42.12	-2.8233
42.12	-2.8234
42.12	-2.8233
42.12	-2.8233
42.11	-2.8231
42.11	-2.8232
42.11	-2.8229
42.11	-2.8231
42.10	-2.8229
42.10	-2.8229
42.09	-2.8230
42.09	-2.8226
42.09	-2.8228
42.09	-2.8229
42.09	-2.8227
42.09	-2.8226
42.08	-2.8227
42.08	-2.8225
42.08	-2.8227
42.08	-2.8227
42.07	-2.8227
42.07	-2.8226
42.06	-2.8224
42.06	-2.8224
42.06	-2.8224
42.06	-2.8223
42.05	-2.8223
42.05	-2.8224
42.05	-2.8223
42.05	-2.8223
42.05	-2.8222
42.05	-2.8222
42.05	-2.8223
42.04	-2.8224
42.04	-2.8222
42.04	-2.8221
42.03	-2.8221
42.03	-2.8221
42.03	-2.8222
42.02	-2.8220
42.02	-2.8222
42.02	-2.8222
42.01	-2.8222
42.01	-2.8222
42.01	-2.8221
42.00	-2.8220
42.00	-2.8220
42.00	-2.8221
42.00	-2.8220
42.00	-2.8222
41.99	-2.8221
41.99	-2.8221
41.99	-2.8221
41.99	-2.8219
41.99	-2.8221
41.98	-2.8219
41.98	-2.8220
41.98	-2.8219
41.98	-2.8219
41.98	-2.8219
41.97	-2.8218
41.97	-2.8218
41.97	-2.8216
41.97	-2.8217
41.96	-2.8218
41.96	-2.8219
41.96	-2.8215
41.96	-2.8215
41.95	-2.8216
41.95	-2.8216
41.95	-2.8217
41.94	-2.8216
41.94	-2.8216
41.94	-2.8216
41.93	-2.8217
41.93	-2.8217
41.93	-2.8215
41.93	-2.8216
41.93	-2.8215
41.93	-2.8216
41.92	-2.8216
41.92	-2.8215
41.91	-2.8216
41.91	-2.8216
41.90	-2.8216
41.90	-2.8214
41.90	-2.8214
41.90	-2.8213
41.90	-2.8215
41.90	-2.8215
41.89	-2.8214
41.89	-2.8214
41.89	-2.8213
41.89	-2.8214
41.89	-2.8214
41.88	-2.8213
41.88	-2.8215
41.88	-2.8212
41.88	-2.8212
41.87	-2.8212
41.87	-2.8213
41.87	-2.8209
41.87	-2.8208
41.87	-2.8211
41.86	-2.8207
41.86	-2.8209
41.85	-2.8208
41.85	-2.8207
41.84	-2.8208
41.84	-2.8207
41.84	-2.8207
41.84	-2.8208
41.84	-2.8208
41.84	-2.8208
41.84	-2.8207
41.84	-2.8208
41.83	-2.8207
41.83	-2.8207
41.83	-2.8206
41.83	-2.8208
41.82	-2.8207
41.82	-2.8207
41.81	-2.8205
41.81	-2.8205
41.81	-2.8206
41.81	-2.8206
41.80	-2.8205
41.80	-2.8206
41.80	-2.8206
41.80	-2.8205
41.79	-2.8203
41.79	-2.8206
41.79	-2.8204
41.79	-2.8205
41.79	-2.8205
41.78	-2.8205
41.78	-2.8201
41.78	-2.8203
41.77	-2.8203
41.77	-2.8204
41.77	-2.8205
41.77	-2.8204
41.77	-2.8204
41.76	-2.8202
41.76	-2.8203
41.76	-2.8202
41.76	-2.8202
41.76	-2.8202
41.75	-2.8202
41.75	-2.8201
41.75	-2.8200
41.74	-2.8201
41.74	-2.8202
41.74	-2.8201
41.74	-2.8201
41.73	-2.8200
41.73	-2.8201
41.73	-2.8202
41.73	-2.8202
41.73	-2.8201
41.72	-2.8200
41.72	-2.8200
41.72	-2.8201
41.71	-2.8201
41.71	-2.8199
41.71	-2.8199
41.70	-2.8199
41.70	-2.8199
41.70	-2.8200
41.70	-2.8201
41.70	-2.8197
41.70	-2.8198
41.69	-2.8197
41.69	-2.8197
41.68	-2.8197
41.68	-2.8197
41.68	-2.8197
41.68	-2.8197
41.68	-2.8196
41.68	-2.8198
41.67	-2.8197
41.67	-2.8196
41.66	-2.8197
41.66	-2.8197
41.66	-2.8194
41.65	-2.8194
41.65	-2.8194
41.65	-2.8193
41.65	-2.8195
41.65	-2.8194
41.65	-2.8196
41.65	-2.8193
41.64	-2.8195
41.64	-2.8194
41.64	-2.8192
41.63	-2.8193
41.63	-2.8194
41.63	-2.8193
41.63	-2.8192
41.63	-2.8192
41.62	-2.8193
41.62	-2.8192
41.62	-2.8193
41.62	-2.8193
41.62	-2.8192
41.61	-2.8191
41.60	-2.8192
41.60	-2.8191
41.60	-2.8190
41.60	-2.8190
41.59	-2.8191
41.59	-2.8193
41.59	-2.8190
41.59	-2.8192
41.58	-2.8191
41.58	-2.8190
41.58	-2.8188
41.58	-2.8190
41.57	-2.8191
41.57	-2.8189
41.57	-2.8192
41.57	-2.8188
41.57	-2.8188
41.56	-2.8188
41.56	-2.8186
41.55	-2.8185
41.55	-2.8185
41.55	-2.8186
41.55	-2.8183
41.55	-2.8184
41.55	-2.8184
41.55	-2.8182
41.54	-2.8184
41.54	-2.8182
41.54	-2.8183
41.54	-2.8181
41.54	-2.8181
41.53	-2.8180
41.53	-2.8180
41.52	-2.8180
41.52	-2.8180
41.52	-2.8179
41.52	-2.8179
41.52	-2.8180
41.51	-2.8176
41.51	-2.8178
41.51	-2.8176
41.50	-2.8178
41.50	-2.8179
41.50	-2.8178
41.49	-2.8177
41.49	-2.8178
41.49	-2.8178
41.49	-2.8177
41.49	-2.8177
41.48	-2.8178
41.48	-2.8178
41.48	-2.8177
41.48	-2.8178
41.47	-2.8177
41.47	-2.8178
41.47	-2.8179
41.47	-2.8179
41.47	-2.8178
41.46	-2.8178
41.46	-2.8178
41.46	-2.8179
41.45	-2.8177
41.45	-2.8177
41.45	-2.8178
41.45	-2.8178
41.45	-2.8178
41.45	-2.8177
41.44	-2.8179
41.44	-2.8177
41.44	-2.8176
41.43	-2.8175
41.43	-2.8177
41.43	-2.8177
41.42	-2.8177
41.42	-2.8175
41.42	-2.8176
41.42	-2.8175
41.42	-2.8176
41.41	-2.8176
41.41	-2.8175
41.41	-2.8174
41.40	-2.8175
41.40	-2.8176
41.40	-2.8176
41.40	-2.8174
41.39	-2.8176
41.39	-2.8174
41.39	-2.8174
41.39	-2.8173
41.38	-2.8173
41.38	-2.8172
41.38	-2.8173
41.38	-2.8173
41.38	-2.8173
41.37	-2.8172
41.37	-2.8172
41.37	-2.8171
41.36	-2.8171
41.36	-2.8170
41.35	-2.8169
41.35	-2.8168
41.35	-2.8169
41.35	-2.8169
41.35	-2.8170
41.34	-2.8169
41.34	-2.8168
41.34	-2.8168
41.34	-2.8169
41.33	-2.8167
41.33	-2.8167
41.33	-2.8165
41.33	-2.8167
41.33	-2.8165
41.32	-2.8165
41.32	-2.8167
41.32	-2.8164
41.32	-2.8163
41.32	-2.8164
41.31	-2.8163
41.31	-2.8164
41.31	-2.8163
41.31	-2.8163
41.30	-2.8160
41.30	-2.8162
41.30	-2.8161
41.30	-2.8161
41.29	-2.8160
41.29	-2.8160
41.29	-2.8159
41.29	-2.8158
41.28	-2.8157
41.28	-2.8158
41.28	-2.8159
41.27	-2.8158
41.27	-2.8160
41.27	-2.8159
41.27	-2.8159
41.27	-2.8159
41.26	-2.8159
41.26	-2.8159
41.26	-2.8157
41.26	-2.8156
41.25	-2.8157
41.25	-2.8157
41.25	-2.8158
41.24	-2.8157
41.24	-2.8157
41.24	-2.8156
41.24	-2.8157
41.23	-2.8156
41.23	-2.8156
41.23	-2.8156
41.23	-2.8155
41.23	-2.8157
41.23	-2.8154
41.22	-2.8156
41.22	-2.8155
41.21	-2.8155
41.21	-2.8154
41.21	-2.8154
41.21	-2.8155
41.20	-2.8155
41.20	-2.8153
41.20	-2.8155
41.20	-2.8154
41.20	-2.8153
41.20	-2.8154
41.20	-2.8152
41.19	-2.8154
41.19	-2.8155
41.18	-2.8154
41.18	-2.8153
41.18	-2.8153
41.18	-2.8151
41.18	-2.8152
41.18	-2.8153
41.17	-2.8153
41.17	-2.8152
41.17	-2.8152
41.17	-2.8152
41.17	-2.8152
41.16	-2.8153
41.16	-2.8151
41.16	-2.8152
41.15	-2.8152
41.15	-2.8151
41.15	-2.8152
41.14	-2.8151
41.14	-2.8151
41.14	-2.8150
41.14	-2.8151
41.13	-2.8151
41.13	-2.8152
41.13	-2.8150
41.13	-2.8151
41.13	-2.8150
41.12	-2.8149
41.12	-2.8150
41.12	-2.8151
41.11	-2.8150
41.11	-2.8150
41.11	-2.8148
41.11	-2.8150
41.10	-2.8149
41.10	-2.8151
41.10	-2.8150
41.09	-2.8150
41.09	-2.8150
41.09	-2.8149
41.09	-2.8149
41.08	-2.8149
41.08	-2.8150
41.08	-2.8148
41.07	-2.8152
41.07	-2.8150
41.07	-2.8149
41.07	-2.8149
41.07	-2.8148
41.06	-2.8149
41.06	-2.8148
41.06	-2.8150
41.06	-2.8150
41.06	-2.8150
41.06	-2.8149
41.05	-2.8150
41.05	-2.8150
41.05	-2.8150
41.05	-2.8150
41.04	-2.8149
41.04	-2.8151
41.04	-2.8151
41.04	-2.8150
41.03	-2.8150
41.03	-2.8151
41.03	-2.8151
41.03	-2.8150
41.02	-2.8151
41.02	-2.8150
41.01	-2.8150
41.01	-2.8150
41.01	-2.8148
41.01	-2.8149
41.01	-2.8148
41.01	-2.8149
41.00	-2.8149
40.99	-2.8148
40.99	-2.8149
40.99	-2.8150
40.99	-2.8150
40.99	-2.8150
40.99	-2.8150
40.98	-2.8148
40.98	-2.8148
40.98	-2.8148
40.98	-2.8148
40.98	-2.8148
40.97	-2.8148
40.97	-2.8147
40.97	-2.8147
40.97	-2.8148
40.96	-2.8148
40.95	-2.8147
40.95	-2.8146
40.95	-2.8147
40.95	-2.8146
40.95	-2.8146
40.94	-2.8146
40.94	-2.8148
40.94	-2.8145
40.93	-2.8147
40.93	-2.8145
40.93	-2.8148
40.93	-2.8146
40.93	-2.8147
40.93	-2.8146
40.93	-2.8147
40.93	-2.8146
40.92	-2.8148
40.91	-2.8146
40.91	-2.8145
40.91	-2.8146
40.91	-2.8145
40.90	-2.8146
40.90	-2.8146
40.90	-2.8146
40.90	-2.8147
40.90	-2.8146
40.90	-2.8147
40.90	-2.8146
40.89	-2.8147
40.89	-2.8146
40.88	-2.8147
40.88	-2.8146
40.88	-2.8147
40.88	-2.8146
40.87	-2.8146
40.87	-2.8146
40.86	-2.8145
40.86	-2.8146
40.86	-2.8146
40.86	-2.8146
40.86	-2.8145
40.85	-2.8146
40.85	-2.8145
40.85	-2.8145
40.84	-2.8144
40.84	-2.8145
40.84	-2.8145
40.84	-2.8143
40.83	-2.8145
40.83	-2.8146
40.83	-2.8145
40.83	-2.8144
40.83	-2.8143
40.83	-2.8144
40.83	-2.8143
40.83	-2.8146
40.82	-2.8144
40.82	-2.8144
40.81	-2.8144
40.81	-2.8144
40.81	-2.8145
40.81	-2.8145
40.80	-2.8146
40.80	-2.8143
40.80	-2.8144
40.79	-2.8144
40.79	-2.8144
40.78	-2.8145
40.78	-2.8144
40.78	-2.8145
40.78	-2.8145
40.78	-2.8144
40.77	-2.8144
40.77	-2.8144
40.77	-2.8143
40.77	-2.8141
40.77	-2.8142
40.77	-2.8141
40.77	-2.8141
40.76	-2.8141
40.76	-2.8141
40.76	-2.8140
40.76	-2.8141
40.75	-2.8140
40.75	-2.8140
40.74	-2.8138
40.74	-2.8139
40.74	-2.8138
40.74	-2.8138
40.73	-2.8138
40.73	-2.8136
40.73	-2.8136
40.73	-2.8135
40.72	-2.8135
40.72	-2.8135
40.71	-2.8135
40.71	-2.8136
40.71	-2.8134
40.71	-2.8136
40.71	-2.8133
40.70	-2.8134
40.70	-2.8134
40.70	-2.8131
40.70	-2.8134
40.70	-2.8133
40.69	-2.8133
40.69	-2.8133
40.69	-2.8131
40.69	-2.8132
40.68	-2.8130
40.68	-2.8132
40.68	-2.8130
40.68	-2.8132
40.68	-2.8128
40.68	-2.8128
40.68	-2.8128
40.67	-2.8127
40.67	-2.8128
40.66	-2.8129
40.66	-2.8125
40.66	-2.8126
40.65	-2.8125
40.65	-2.8126
40.65	-2.8126
40.65	-2.8126
40.64	-2.8125
40.64	-2.8125
40.64	-2.8125
40.64	-2.8124
40.64	-2.8124
40.63	-2.8125
40.63	-2.8125
40.63	-2.8124
40.63	-2.8125
40.63	-2.8124
40.63	-2.8123
40.63	-2.8125
40.62	-2.8123
40.62	-2.8124
40.61	-2.8124
40.61	-2.8124
40.61	-2.8123
40.60	-2.8122
40.60	-2.8123
40.59	-2.8122
40.59	-2.8124
40.59	-2.8121
40.58	-2.8121
40.58	-2.8121
40.58	-2.8121
40.58	-2.8121
40.58	-2.8123
40.58	-2.8121
40.57	-2.8121
40.57	-2.8120
40.57	-2.8119
40.57	-2.8121
40.57	-2.8119
40.57	-2.8121
40.56	-2.8121
40.56	-2.8118
40.56	-2.8121
40.56	-2.8122
40.55	-2.8121
40.55	-2.8120
40.55	-2.8120
40.55	-2.8120
40.54	-2.8119
40.54	-2.8117
40.53	-2.8119
40.53	-2.8119
40.53	-2.8120
40.53	-2.8119
40.52	-2.8120
40.52	-2.8117
40.52	-2.8117
40.52	-2.8117
40.51	-2.8117
40.51	-2.8118
40.50	-2.8118
40.50	-2.8117
40.50	-2.8116
40.50	-2.8118
40.49	-2.8118
40.49	-2.8118
40.49	-2.8117
40.49	-2.8118
40.49	-2.8116
40.49	-2.8116
40.49	-2.8116
40.49	-2.8116
40.48	-2.8115
40.48	-2.8117
40.48	-2.8115
40.48	-2.8116
40.47	-2.8115
40.47	-2.8115
40.47	-2.8115
40.47	-2.8114
40.46	-2.8114
40.46	-2.8116
40.45	-2.8115
40.45	-2.8113
40.45	-2.8114
40.45	-2.8114
40.45	-2.8113
40.44	-2.8114
40.44	-2.8113
40.44	-2.8112
40.43	-2.8111
40.43	-2.8110
40.43	-2.8110
40.43	-2.8111
40.43	-2.8109
40.43	-2.8110
40.42	-2.8110
40.42	-2.8109
40.42	-2.8107
40.41	-2.8109
40.41	-2.8107
40.41	-2.8108
40.40	-2.8106
40.40	-2.8106
40.40	-2.8105
40.40	-2.8105
40.40	-2.8107
40.39	-2.8104
40.39	-2.8104
40.39	-2.8105
40.39	-2.8104
40.38	-2.8103
40.38	-2.8103
40.38	-2.8103
40.38	-2.8104
40.38	-2.8103
40.38	-2.8102
40.38	-2.8104
40.37	-2.8102
40.37	-2.8102
40.36	-2.8101
40.36	-2.8101
40.35	-2.8102
40.35	-2.8101
40.35	-2.8101
40.35	-2.8101
40.35	-2.8100
40.35	-2.8101
40.34	-2.8101
40.34	-2.8102
40.34	-2.8102
40.34	-2.8102
40.33	-2.8100
40.33	-2.8102
40.33	-2.8101
40.33	-2.8099
40.33	-2.8098
40.32	-2.8100
40.32	-2.8101
40.31	-2.8098
40.31	-2.8100
40.31	-2.8099
40.31	-2.8099
40.31	-2.8097
40.30	-2.8098
40.30	-2.8100
40.30	-2.8098
40.30	-2.8098
40.30	-2.8098
40.29	-2.8098
40.29	-2.8098
40.29	-2.8099
40.29	-2.8098
40.29	-2.8099
40.28	-2.8098
40.28	-2.8098
40.27	-2.8098
40.27	-2.8097
40.27	-2.8097
40.27	-2.8096
40.27	-2.8096
40.27	-2.8094
40.26	-2.8096
40.25	-2.8095
40.25	-2.8095
40.25	-2.8096
40.25	-2.8096
40.24	-2.8094
40.24	-2.8094
40.24	-2.8096
40.24	-2.8093
40.24	-2.8094
40.24	-2.8093
40.23	-2.8094
40.23	-2.8094
40.23	-2.8094
40.22	-2.8092
40.22	-2.8092
40.22	-2.8093
40.22	-2.8093
40.22	-2.8092
40.21	-2.8092
40.21	-2.8093
40.21	-2.8092
40.21	-2.8091
40.20	-2.8091
40.20	-2.8092
40.20	-2.8090
40.20	-2.8090
40.20	-2.8091
40.20	-2.8092
40.19	-2.8089
40.19	-2.8090
40.18	-2.8090
40.18	-2.8090
40.18	-2.8090
40.18	-2.8089
40.18	-2.8092
40.18	-2.8091
40.18	-2.8089
40.17	-2.8090
40.16	-2.8091
40.16	-2.8091
40.15	-2.8091
40.15	-2.8091
40.15	-2.8091
40.15	-2.8091
40.15	-2.8090
40.15	-2.8090
40.14	-2.8090
40.14	-2.8091
40.14	-2.8088
40.14	-2.8088
40.13	-2.8089
40.13	-2.8089
40.13	-2.8090
40.13	-2.8089
40.13	-2.8089
40.13	-2.8089
40.12	-2.8088
40.12	-2.8088
40.12	-2.8088
40.11	-2.8088
40.10	-2.8086
40.10	-2.8085
40.10	-2.8084
40.10	-2.8088
40.10	-2.8086
40.10	-2.8086
40.09	-2.8086
40.09	-2.8085
40.09	-2.8082
40.09	-2.8081
40.08	-2.8083
40.08	-2.8083
40.08	-2.8084
40.08	-2.8083
40.07	-2.8082
40.07	-2.8082
40.07	-2.8083
40.06	-2.8082
40.06	-2.8083
40.06	-2.8082
40.05	-2.8082
40.05	-2.8081
40.05	-2.8080
40.05	-2.8080
40.05	-2.8079
40.05	-2.8081
40.04	-2.8080
40.04	-2.8078
40.04	-2.8078
40.04	-2.8077
40.03	-2.8076
40.03	-2.8077
40.03	-2.8076
40.03	-2.8077
40.02	-2.8076
40.02	-2.8077
40.02	-2.8075
40.01	-2.8075
40.01	-2.8075
40.01	-2.8074
40.01	-2.8075
40.00	-2.8075
40.00	-2.8074
39.99	-2.8074
39.99	-2.8073
39.99	-2.8073
39.99	-2.8073
39.99	-2.8073
39.99	-2.8071
39.99	-2.8072
39.98	-2.8071
39.98	-2.8074
39.98	-2.8073
39.97	-2.8072
39.97	-2.8072
39.97	-2.8069
39.97	-2.8070
39.96	-2.8072
39.96	-2.8071
39.96	-2.8071
39.96	-2.8070
39.96	-2.8071
39.96	-2.8073
39.96	-2.8071
39.95	-2.8070
39.95	-2.8071
39.95	-2.8070
39.94	-2.8070
39.94	-2.8070
39.94	-2.8069
39.94	-2.8070
39.93	-2.8068
39.93	-2.8070
39.93	-2.8069
39.92	-2.8070
39.92	-2.8067
39.92	-2.8069
39.92	-2.8067
39.92	-2.8070
39.92	-2.8065
39.91	-2.8068
39.91	-2.8067
39.90	-2.8065
39.90	-2.8065
39.90	-2.8065
39.90	-2.8065
39.90	-2.8063
39.89	-2.8065
39.89	-2.8063
39.89	-2.8061
39.89	-2.8063
39.88	-2.8062
39.88	-2.8061
39.88	-2.8061
39.88	-2.8060
39.88	-2.8062
39.87	-2.8061
39.87	-2.8061
39.86	-2.8058
39.86	-2.8061
39.86	-2.8059
39.86	-2.8059
39.86	-2.8058
39.85	-2.8062
39.85	-2.8060
39.85	-2.8059
39.84	-2.8060
39.84	-2.8059
39.84	-2.8058
39.84	-2.8058
39.84	-2.8059
39.83	-2.8060
39.83	-2.8058
39.83	-2.8058
39.82	-2.8058
39.82	-2.8060
39.82	-2.8058
39.81	-2.8059
39.81	-2.8060
39.81	-2.8059
39.80	-2.8060
39.80	-2.8060
39.80	-2.8059
39.80	-2.8060
39.80	-2.8058
39.80	-2.8059
39.79	-2.8058
39.79	-2.8057
39.79	-2.8058
39.79	-2.8058
39.79	-2.8058
39.78	-2.8056
39.78	-2.8058
39.78	-2.8057
39.77	-2.8056
39.77	-2.8056
39.77	-2.8056
39.77	-2.8056
39.77	-2.8055
39.76	-2.8058
39.76	-2.8056
39.76	-2.8056
39.75	-2.8056
39.75	-2.8056
39.75	-2.8058
39.75	-2.8055
39.74	-2.8058
39.74	-2.8055
39.74	-2.8056
39.73	-2.8056
39.73	-2.8057
39.73	-2.8056
39.73	-2.8056
39.73	-2.8054
39.73	-2.8055
39.72	-2.8053
39.72	-2.8053
39.71	-2.8055
39.71	-2.8053
39.71	-2.8053
39.71	-2.8053
39.70	-2.8053
39.70	-2.8052
39.70	-2.8052
39.70	-2.8051
39.70	-2.8049
39.69	-2.8052
39.69	-2.8051
39.68	-2.8051
39.68	-2.8049
39.68	-2.8049
39.68	-2.8048
39.68	-2.8047
39.68	-2.8049
39.67	-2.8048
39.67	-2.8047
39.67	-2.8046
39.67	-2.8046
39.67	-2.8046
39.67	-2.8046
39.66	-2.8045
39.66	-2.8045
39.65	-2.8044
39.65	-2.8044
39.65	-2.8044
39.65	-2.8044
39.64	-2.8046
39.64	-2.8045
39.64	-2.8044
39.64	-2.8043
39.63	-2.8043
39.63	-2.8043
39.63	-2.8043
39.63	-2.8042
39.63	-2.8042
39.62	-2.8042
39.62	-2.8041
39.62	-2.8043
39.61	-2.8042
39.61	-2.8041
39.61	-2.8040
39.61	-2.8042
39.60	-2.8041
39.60	-2.8038
39.60	-2.8041
39.59	-2.8041
39.59	-2.8039
39.59	-2.8037
39.59	-2.8041
39.58	-2.8036
39.58	-2.8040
39.58	-2.8039
39.58	-2.8037
39.58	-2.8037
39.57	-2.8037
39.57	-2.8037
39.57	-2.8037
39.57	-2.8036
39.56	-2.8038
39.56	-2.8037
39.55	-2.8038
39.55	-2.8035
39.55	-2.8034
39.55	-2.8034
39.55	-2.8035
39.55	-2.8034
39.54	-2.8035
39.54	-2.8036
39.54	-2.8035
39.54	-2.8035
39.53	-2.8034
39.53	-2.8036
39.53	-2.8035
39.52	-2.8034
39.52	-2.8034
39.52	-2.8034
39.52	-2.8035
39.52	-2.8036
39.51	-2.8037
39.51	-2.8035
39.50	-2.8035
39.50	-2.8035
39.50	-2.8036
39.50	-2.8035
39.49	-2.8036
39.49	-2.8035
39.49	-2.8034
39.49	-2.8036
39.49	-2.8036
39.49	-2.8034
39.49	-2.8035
39.48	-2.8035
39.48	-2.8034
39.48	-2.8036
39.47	-2.8035
39.47	-2.8034
39.47	-2.8035
39.47	-2.8034
39.47	-2.8034
39.47	-2.8036
39.46	-2.8037
39.46	-2.8036
39.46	-2.8035
39.45	-2.8034
39.45	-2.8033
39.45	-2.8035
39.45	-2.8034
39.44	-2.8034
39.44	-2.8034
39.44	-2.8033
39.44	-2.8034
39.43	-2.8034
39.43	-2.8034
39.43	-2.8033
39.43	-2.8032
39.43	-2.8032
39.42	-2.8032
39.42	-2.8033
39.42	-2.8033
39.42	-2.8031
39.41	-2.8032
39.41	-2.8033
39.41	-2.8033
39.40	-2.8031
39.40	-2.8032
39.40	-2.8032
39.40	-2.8033
39.39	-2.8031
39.39	-2.8031
39.39	-2.8032
39.39	-2.8031
39.38	-2.8033
39.38	-2.8030
39.38	-2.8032
39.38	-2.8031
39.38	-2.8030
39.37	-2.8030
39.37	-2.8030
39.37	-2.8029
39.37	-2.8030
39.37	-2.8029
39.36	-2.8031
39.36	-2.8031
39.36	-2.8029
39.35	-2.8031
39.34	-2.8030
39.34	-2.8030
39.34	-2.8029
39.34	-2.8030
39.34	-2.8030
39.34	-2.8031
39.33	-2.8031
39.33	-2.8029
39.33	-2.8030
39.33	-2.8029
39.33	-2.8030
39.32	-2.8029
39.32	-2.8029
39.31	-2.8028
39.31	-2.8030
39.31	-2.8030
39.30	-2.8030
39.30	-2.8030
39.30	-2.8029
39.30	-2.8031
39.30	-2.8028
39.30	-2.8030
39.30	-2.8029
39.29	-2.8029
39.29	-2.8029
39.29	-2.8031
39.29	-2.8028
39.28	-2.8031
39.28	-2.8031
39.28	-2.8030
39.28	-2.8030
39.27	-2.8031
39.27	-2.8030
39.27	-2.8030
39.27	-2.8029
39.27	-2.8029
39.26	-2.8029
39.26	-2.8030
39.26	-2.8030
39.26	-2.8030
39.26	-2.8028
39.26	-2.8029
39.25	-2.8029
39.24	-2.8031
39.24	-2.8030
39.24	-2.8029
39.23	-2.8030
39.23	-2.8029
39.23	-2.8028
39.23	-2.8029
39.22	-2.8029
39.22	-2.8029
39.22	-2.8029
39.22	-2.8029
39.21	-2.8028
39.21	-2.8029
39.21	-2.8027
39.21	-2.8027
39.20	-2.8028
39.20	-2.8026
39.20	-2.8026
39.20	-2.8029
39.19	-2.8026
39.19	-2.8026
39.19	-2.8024
39.19	-2.8025
39.19	-2.8025
39.19	-2.8023
39.19	-2.8023
39.18	-2.8023
39.18	-2.8023
39.18	-2.8024
39.18	-2.8023
39.17	-2.8021
39.17	-2.8022
39.16	-2.8021
39.16	-2.8022
39.16	-2.8020
39.15	-2.8020
39.15	-2.8020
39.15	-2.8019
39.15	-2.8019
39.15	-2.8020
39.14	-2.8020
39.14	-2.8019
39.13	-2.8017
39.13	-2.8017
39.13	-2.8015
39.13	-2.8016
39.13	-2.8018
39.13	-2.8017
39.13	-2.8017
39.12	-2.8016
39.12	-2.8016
39.12	-2.8015
39.12	-2.8015
39.11	-2.8015
39.11	-2.8016
39.10	-2.8013
39.10	-2.8016
39.10	-2.8014
39.09	-2.8014
39.09	-2.8016
39.09	-2.8016
39.09	-2.8015
39.09	-2.8014
39.09	-2.8016
39.08	-2.8015
39.08	-2.8014
39.08	-2.8015
39.08	-2.8015
39.07	-2.8016
39.07	-2.8013
39.07	-2.8016
39.07	-2.8015
39.06	-2.8016
39.06	-2.8014
39.05	-2.8015
39.05	-2.8014
39.05	-2.8014
39.05	-2.8012
39.05	-2.8014
39.05	-2.8012
39.05	-2.8012
39.05	-2.8012
39.04	-2.8013
39.04	-2.8012
39.04	-2.8012
39.03	-2.8011
39.03	-2.8013
39.02	-2.8013
39.02	-2.8011
39.02	-2.8012
39.02	-2.8012
39.01	-2.8012
39.01	-2.8011
39.01	-2.8012
39.01	-2.8011
39.00	-2.8011
39.01	-2.8011
39.00	-2.8010
39.00	-2.8009
38.99	-2.8009
38.99	-2.8008
38.99	-2.8009
38.99	-2.8009
38.99	-2.8008
38.99	-2.8008
38.98	-2.8007
38.98	-2.8008
38.98	-2.8006
38.98	-2.8007
38.98	-2.8004
38.98	-2.8006
38.97	-2.8006
38.97	-2.8005
38.97	-2.8005
38.96	-2.8005
38.95	-2.8004
38.95	-2.8005
38.95	-2.8004
38.95	-2.8003
38.95	-2.8004
38.95	-2.8005
38.94	-2.8003
38.94	-2.8002
38.93	-2.8004
38.93	-2.8002
38.93	-2.8001
38.93	-2.8002
38.93	-2.8001
38.93	-2.8003
38.92	-2.8001
38.92	-2.8001
38.91	-2.8002
38.91	-2.8001
38.91	-2.8001
38.91	-2.8001
38.91	-2.7999
38.90	-2.8000
38.90	-2.7999
38.90	-2.8000
38.90	-2.7998
38.89	-2.7997
38.89	-2.7997
38.89	-2.7996
38.88	-2.7997
38.88	-2.7996
38.88	-2.7996
38.88	-2.7996
38.88	-2.7998
38.88	-2.7996
38.88	-2.7997
38.88	-2.7996
38.87	-2.7996
38.86	-2.7996
38.86	-2.7995
38.86	-2.7995
38.86	-2.7995
38.85	-2.7994
38.85	-2.7994
38.85	-2.7994
38.85	-2.7994
38.85	-2.7993
38.84	-2.7992
38.84	-2.7993
38.84	-2.7993
38.84	-2.7992
38.83	-2.7992
38.83	-2.7991
38.83	-2.7992
38.83	-2.7992
38.83	-2.7991
38.83	-2.7990
38.82	-2.7991
38.81	-2.7991
38.81	-2.7991
38.80	-2.7989
38.80	-2.7992
38.80	-2.7991
38.80	-2.7990
38.80	-2.7990
38.80	-2.7990
38.79	-2.7990
38.79	-2.7988
38.79	-2.7990
38.79	-2.7989
38.78	-2.7988
38.78	-2.7988
38.78	-2.7989
38.78	-2.7987
38.77	-2.7988
38.77	-2.7988
38.77	-2.7989
38.77	-2.7988
38.77	-2.7988
38.77	-2.7987
38.76	-2.7988
38.76	-2.7988
38.76	-2.7987
38.75	-2.7987
38.74	-2.7988
38.74	-2.7987
38.74	-2.7988
38.74	-2.7987
38.74	-2.7987
38.74	-2.7986
38.73	-2.7986
38.73	-2.7986
38.73	-2.7986
38.72	-2.7985
38.72	-2.7986
38.72	-2.7985
38.72	-2.7985
38.71	-2.7985
38.71	-2.7984
38.71	-2.7984
38.71	-2.7984
38.71	-2.7982
38.71	-2.7982
38.70	-2.7981
38.70	-2.7982
38.70	-2.7981
38.69	-2.7981
38.69	-2.7983
38.69	-2.7981
38.69	-2.7981
38.68	-2.7981
38.68	-2.7979
38.68	-2.7980
38.68	-2.7979
38.67	-2.7978
38.67	-2.7981
38.67	-2.7978
38.66	-2.7978
38.67	-2.7980
38.67	-2.7977
38.67	-2.7978
38.66	-2.7977
38.65	-2.7978
38.65	-2.7978
38.65	-2.7976
38.65	-2.7977
38.64	-2.7977
38.64	-2.7978
38.64	-2.7975
38.64	-2.7975
38.64	-2.7974
38.63	-2.7976
38.63	-2.7975
38.63	-2.7975
38.63	-2.7974
38.62	-2.7975
38.62	-2.7976
38.62	-2.7975
38.62	-2.7975
38.62	-2.7974
38.61	-2.7975
38.61	-2.7973
38.60	-2.7973
38.60	-2.7973
38.60	-2.7974
38.59	-2.7975
38.59	-2.7971
38.59	-2.7973
38.59	-2.7973
38.59	-2.7973
38.58	-2.7974
38.58	-2.7972
38.58	-2.7973
38.58	-2.7972
38.58	-2.7972
38.58	-2.7973
38.57	-2.7972
38.57	-2.7972
38.57	-2.7972
38.57	-2.7972
38.57	-2.7971
38.56	-2.7970
38.56	-2.7971
38.56	-2.7971
38.55	-2.7969
38.55	-2.7969
38.55	-2.7969
38.55	-2.7968
38.55	-2.7968
38.54	-2.7968
38.54	-2.7968
38.53	-2.7969
38.53	-2.7968
38.53	-2.7967
38.53	-2.7965
38.52	-2.7968
38.52	-2.7967
38.52	-2.7967
38.52	-2.7967
38.52	-2.7967
38.51	-2.7968
38.51	-2.7964
38.51	-2.7965
38.50	-2.7966
38.50	-2.7966
38.50	-2.7963
38.49	-2.7964
38.49	-2.7965
38.49	-2.7965
38.49	-2.7963
38.49	-2.7964
38.49	-2.7964
38.49	-2.7962
38.48	-2.7963
38.48	-2.7961
38.48	-2.7961
38.48	-2.7962
38.47	-2.7961
38.47	-2.7962
38.47	-2.7961
38.46	-2.7961
38.46	-2.7959
38.46	-2.7959
38.46	-2.7958
38.45	-2.7960
38.45	-2.7958
38.45	-2.7956
38.45	-2.7958
38.44	-2.7957
38.44	-2.7956
38.44	-2.7958
38.44	-2.7957
38.44	-2.7955
38.43	-2.7955
38.43	-2.7955
38.43	-2.7956
38.42	-2.7956
38.42	-2.7955
38.42	-2.7956
38.42	-2.7957
38.42	-2.7956
38.41	-2.7956
38.41	-2.7954
38.40	-2.7954
38.40	-2.7952
38.40	-2.7956
38.40	-2.7953
38.40	-2.7953
38.40	-2.7953
38.39	-2.7954
38.39	-2.7954
38.39	-2.7953
38.39	-2.7951
38.38	-2.7953
38.38	-2.7952
38.38	-2.7953
38.38	-2.7953
38.37	-2.7952
38.36	-2.7953
38.36	-2.7952
38.36	-2.7954
38.35	-2.7951
38.35	-2.7952
38.35	-2.7952
38.35	-2.7952
38.34	-2.7951
38.35	-2.7950
38.34	-2.7950
38.34	-2.7950
38.34	-2.7951
38.34	-2.7951
38.34	-2.7950
38.33	-2.7949
38.33	-2.7949
38.33	-2.7948
38.33	-2.7949
38.33	-2.7948
38.32	-2.7949
38.32	-2.7947
38.32	-2.7948
38.31	-2.7947
38.31	-2.7947
38.31	-2.7948
38.31	-2.7947
38.30	-2.7947
38.30	-2.7947
38.30	-2.7946
38.30	-2.7947
38.29	-2.7946
38.29	-2.7948
38.29	-2.7946
38.29	-2.7947
38.29	-2.7944
38.28	-2.7944
38.28	-2.7945
38.28	-2.7944
38.27	-2.7943
38.27	-2.7943
38.27	-2.7940
38.27	-2.7941
38.27	-2.7940
38.27	-2.7940
38.26	-2.7939
38.26	-2.7939
38.25	-2.7939
38.25	-2.7939
38.25	-2.7941
38.25	-2.7940
38.24	-2.7939
38.24	-2.7939
38.24	-2.7938
38.24	-2.7938
38.23	-2.7939
38.23	-2.7940
38.23	-2.7937
38.23	-2.7938
38.23	-2.7938
38.23	-2.7939
38.22	-2.7936
38.22	-2.7937
38.21	-2.7937
38.21	-2.7937
38.21	-2.7936
38.21	-2.7939
38.20	-2.7938
38.20	-2.7937
38.20	-2.7936
38.20	-2.7936
38.20	-2.7936
38.19	-2.7937
38.19	-2.7936
38.19	-2.7936
38.19	-2.7935
38.18	-2.7934
38.18	-2.7934
38.18	-2.7935
38.17	-2.7936
38.17	-2.7935
38.17	-2.7935
38.17	-2.7932
38.16	-2.7934
38.16	-2.7934
38.16	-2.7934
38.16	-2.7935
38.15	-2.7935
38.15	-2.7935
38.15	-2.7934
38.14	-2.7935
38.14	-2.7935
38.14	-2.7937
38.14	-2.7937
38.13	-2.7935
38.13	-2.7935
38.13	-2.7937
38.13	-2.7935
38.13	-2.7935
38.13	-2.7934
38.13	-2.7935
38.12	-2.7935
38.12	-2.7935
38.12	-2.7935
38.11	-2.7932
38.11	-2.7935
38.11	-2.7933
38.10	-2.7934
38.09	-2.7932
38.09	-2.7933
38.09	-2.7931
38.09	-2.7931
38.09	-2.7932
38.09	-2.7930
38.08	-2.7932
38.08	-2.7931
38.08	-2.7931
38.08	-2.7932
38.08	-2.7930
38.08	-2.7930
38.07	-2.7932
38.07	-2.7931
38.06	-2.7930
38.06	-2.7929
38.06	-2.7928
38.06	-2.7928
38.06	-2.7930
38.05	-2.7929
38.05	-2.7927
38.05	-2.7927
38.05	-2.7928
38.04	-2.7927
38.04	-2.7927
38.04	-2.7929
38.04	-2.7926
38.03	-2.7925
38.03	-2.7926
38.03	-2.7926
38.02	-2.7925
38.02	-2.7924
38.02	-2.7925
38.02	-2.7922
38.01	-2.7923
38.01	-2.7924
38.01	-2.7921
38.01	-2.7924
38.01	-2.7923
38.01	-2.7923
38.00	-2.7924
38.00	-2.7921
38.00	-2.7922
37.99	-2.7921
37.99	-2.7921
37.99	-2.7921
37.99	-2.7921
37.98	-2.7921
37.98	-2.7920
37.98	-2.7920
37.98	-2.7919
37.97	-2.7919
37.97	-2.7919
37.97	-2.7918
37.97	-2.7920
37.96	-2.7919
37.96	-2.7919
37.96	-2.7919
37.95	-2.7918
37.95	-2.7919
37.95	-2.7918
37.95	-2.7918
37.94	-2.7919
37.94	-2.7919
37.94	-2.7918
37.94	-2.7918
37.94	-2.7919
37.93	-2.7918
37.93	-2.7918
37.93	-2.7920
37.93	-2.7919
37.93	-2.7918
37.92	-2.7918
37.92	-2.7917
37.91	-2.7918
37.91	-2.7918
37.91	-2.7918
37.91	-2.7919
37.90	-2.7920
37.90	-2.7917
37.90	-2.7918
37.90	-2.7919
37.89	-2.7918
37.89	-2.7917
37.88	-2.7916
37.88	-2.7917
37.88	-2.7916
37.88	-2.7917
37.88	-2.7919
37.88	-2.7917
37.88	-2.7917
37.88	-2.7917
37.87	-2.7919
37.87	-2.7918
37.87	-2.7918
37.86	-2.7919
37.86	-2.7918
37.86	-2.7920
37.85	-2.7916
37.85	-2.7919
37.85	-2.7917
37.85	-2.7917
37.85	-2.7917
37.84	-2.7917
37.84	-2.7917
37.84	-2.7917
37.84	-2.7916
37.84	-2.7917
37.83	-2.7918
37.83	-2.7917
37.83	-2.7918
37.82	-2.7917
37.82	-2.7918
37.82	-2.7917
37.81	-2.7915
37.81	-2.7915
37.81	-2.7916
37.80	-2.7914
37.80	-2.7916
37.80	-2.7914
37.80	-2.7915
37.80	-2.7915
37.79	-2.7915
37.79	-2.7914
37.79	-2.7914
37.79	-2.7913
37.79	-2.7917
37.79	-2.7915
37.79	-2.7914
37.79	-2.7914
37.79	-2.7917
37.79	-2.7915
37.78	-2.7915
37.77	-2.7917
37.77	-2.7915
37.77	-2.7916
37.77	-2.7915
37.76	-2.7916
37.75	-2.7915
37.75	-2.7914
37.75	-2.7915
37.75	-2.7915
37.74	-2.7916
37.74	-2.7916
37.74	-2.7915
37.74	-2.7914
37.73	-2.7914
37.73	-2.7915
37.73	-2.7915
37.73	-2.7914
37.73	-2.7915
37.73	-2.7916
37.72	-2.7916
37.72	-2.7917
37.72	-2.7915
37.71	-2.7917
37.71	-2.7914
37.71	-2.7917
37.70	-2.7916
37.70	-2.7916
37.70	-2.7915
37.70	-2.7916
37.69	-2.7918
37.69	-2.7918
37.69	-2.7917
37.68	-2.7917
37.68	-2.7918
37.68	-2.7916
37.68	-2.7917
37.68	-2.7916
37.68	-2.7916
37.68	-2.7918
37.68	-2.7915
37.67	-2.7915
37.67	-2.7917
37.67	-2.7914
37.66	-2.7916
37.66	-2.7914
37.65	-2.7916
37.65	-2.7915
37.65	-2.7914
37.65	-2.7914
37.65	-2.7914
37.65	-2.7914
37.64	-2.7913
37.64	-2.7913
37.64	-2.7913
37.64	-2.7913
37.63	-2.7911
37.63	-2.7912
37.63	-2.7912
37.63	-2.7910
37.63	-2.7911
37.63	-2.7910
37.62	-2.7912
37.62	-2.7911
37.62	-2.7909
37.62	-2.7910
37.62	-2.7911
37.61	-2.7910
37.61	-2.7910
37.61	-2.7909
37.60	-2.7909
37.59	-2.7909
37.59	-2.7909
37.59	-2.7910
37.59	-2.7909
37.59	-2.7908
37.59	-2.7909
37.58	-2.7907
37.58	-2.7909
37.58	-2.7908
37.58	-2.7908
37.58	-2.7908
37.57	-2.7908
37.56	-2.7910
37.56	-2.7909
37.56	-2.7907
37.55	-2.7909
37.55	-2.7905
37.55	-2.7907
37.55	-2.7907
37.55	-2.7909
37.54	-2.7908
37.55	-2.7907
37.54	-2.7907
37.54	-2.7908
37.53	-2.7907
37.53	-2.7907
37.53	-2.7907
37.52	-2.7907
37.52	-2.7909
37.52	-2.7907
37.52	-2.7906
37.52	-2.7910
37.52	-2.7906
37.51	-2.7907
37.51	-2.7908
37.51	-2.7907
37.51	-2.7906
37.51	-2.7907
37.50	-2.7905
37.50	-2.7906
37.49	-2.7906
37.49	-2.7906
37.49	-2.7905
37.49	-2.7904
37.49	-2.7905
37.48	-2.7904
37.48	-2.7904
37.48	-2.7903
37.47	-2.7903
37.47	-2.7902
37.47	-2.7902
37.47	-2.7903
37.47	-2.7903
37.46	-2.7902
37.46	-2.7903
37.46	-2.7902
37.46	-2.7903
37.46	-2.7902
37.45	-2.7903
37.45	-2.7903
37.45	-2.7902
37.45	-2.7902
37.44	-2.7900
37.44	-2.7900
37.44	-2.7899
37.44	-2.7899
37.43	-2.7897
37.43	-2.7899
37.43	-2.7897
37.43	-2.7898
37.42	-2.7900
37.42	-2.7898
37.42	-2.7898
37.42	-2.7899
37.41	-2.7899
37.41	-2.7897
37.41	-2.7897
37.40	-2.7896
37.40	-2.7896
37.40	-2.7897
37.40	-2.7896
37.40	-2.7897
37.40	-2.7896
37.39	-2.7895
37.39	-2.7894
37.38	-2.7895
37.38	-2.7896
37.38	-2.7893
37.38	-2.7895
37.38	-2.7894
37.37	-2.7895
37.37	-2.7894
37.37	-2.7894
37.37	-2.7894
37.36	-2.7894
37.36	-2.7893
37.35	-2.7892
37.35	-2.7892
37.35	-2.7892
37.35	-2.7892
37.35	-2.7891
37.34	-2.7893
37.34	-2.7891
37.34	-2.7892
37.34	-2.7892
37.34	-2.7891
37.34	-2.7890
37.34	-2.7890
37.33	-2.7889
37.33	-2.7891
37.33	-2.7890
37.32	-2.7888
37.32	-2.7890
37.31	-2.7889
37.31	-2.7887
37.30	-2.7889
37.30	-2.7888
37.30	-2.7889
37.30	-2.7889
37.30	-2.7889
37.30	-2.7888
37.30	-2.7887
37.30	-2.7889
37.29	-2.7887
37.29	-2.7889
37.29	-2.7886
37.28	-2.7886
37.28	-2.7886
37.27	-2.7885
37.27	-2.7883
37.27	-2.7884
37.27	-2.7885
37.27	-2.7884
37.27	-2.7883
37.27	-2.7884
37.27	-2.7883
37.26	-2.7884
37.26	-2.7883
37.26	-2.7882
37.25	-2.7883
37.25	-2.7882
37.25	-2.7881
37.24	-2.7883
37.24	-2.7881
37.24	-2.7880
37.24	-2.7880
37.23	-2.7880
37.23	-2.7880
37.23	-2.7880
37.22	-2.7879
37.22	-2.7878
37.22	-2.7878
37.21	-2.7879
37.21	-2.7879
37.21	-2.7877
37.20	-2.7877
37.20	-2.7878
37.20	-2.7876
37.20	-2.7877
37.20	-2.7877
37.20	-2.7876
37.19	-2.7876
37.19	-2.7876
37.19	-2.7875
37.19	-2.7875
37.19	-2.7877
37.18	-2.7877
37.18	-2.7875
37.18	-2.7875
37.18	-2.7874
37.18	-2.7874
37.17	-2.7875
37.17	-2.7875
37.17	-2.7874
37.16	-2.7873
37.16	-2.7873
37.15	-2.7872
37.15	-2.7873
37.15	-2.7872
37.15	-2.7873
37.15	-2.7870
37.15	-2.7871
37.14	-2.7871
37.14	-2.7871
37.14	-2.7871
37.13	-2.7872
37.13	-2.7870
37.13	-2.7872
37.13	-2.7869
37.13	-2.7869
37.13	-2.7870
37.12	-2.7869
37.12	-2.7871
37.11	-2.7870
37.11	-2.7869
37.11	-2.7869
37.10	-2.7869
37.10	-2.7869
37.10	-2.7868
37.10	-2.7868
37.10	-2.7867
37.09	-2.7868
37.09	-2.7868
37.09	-2.7867
37.09	-2.7867
37.09	-2.7867
37.08	-2.7866
37.08	-2.7865
37.08	-2.7865
37.07	-2.7866
37.07	-2.7866
37.07	-2.7865
37.07	-2.7866
37.07	-2.7865
37.06	-2.7867
37.06	-2.7865
37.06	-2.7863
37.05	-2.7865
37.05	-2.7864
37.05	-2.7864
37.04	-2.7865
37.04	-2.7862
37.04	-2.7864
37.04	-2.7862
37.03	-2.7863
37.03	-2.7863
37.03	-2.7863
37.02	-2.7864
37.02	-2.7864
37.02	-2.7861
37.02	-2.7863
37.02	-2.7864
37.02	-2.7863
37.01	-2.7862
37.01	-2.7861
37.01	-2.7863
37.01	-2.7861
37.00	-2.7862
37.00	-2.7862
37.00	-2.7861
37.00	-2.7862
36.99	-2.7860
36.99	-2.7860
36.99	-2.7860
36.98	-2.7860
36.98	-2.7861
36.98	-2.7860
36.98	-2.7860
36.98	-2.7861
36.98	-2.7860
36.98	-2.7858
36.97	-2.7859
36.97	-2.7859
36.96	-2.7860
36.96	-2.7857
36.96	-2.7858
36.95	-2.7857
36.95	-2.7857
36.95	-2.7859
36.95	-2.7856
36.95	-2.7857
36.94	-2.7856
36.94	-2.7857
36.94	-2.7856
36.94	-2.7858
36.94	-2.7857
36.93	-2.7856
36.94	-2.7857
36.93	-2.7855
36.93	-2.7855
36.93	-2.7855
36.92	-2.7855
36.92	-2.7856
36.92	-2.7854
36.92	-2.7854
36.91	-2.7854
36.91	-2.7855
36.90	-2.7854
36.90	-2.7855
36.90	-2.7852
36.90	-2.7851
36.89	-2.7851
36.89	-2.7851
36.89	-2.7852
36.89	-2.7850
36.88	-2.7849
36.88	-2.7849
36.88	-2.7850
36.88	-2.7849
36.88	-2.7848
36.88	-2.7847
36.87	-2.7848
36.87	-2.7848
36.87	-2.7848
36.86	-2.7847
36.86	-2.7847
36.86	-2.7845
36.85	-2.7846
36.85	-2.7846
36.85	-2.7845
36.85	-2.7847
36.84	-2.7846
36.84	-2.7846
36.84	-2.7844
36.84	-2.7844
36.84	-2.7846
36.83	-2.7845
36.83	-2.7843
36.83	-2.7844
36.82	-2.7844
36.82	-2.7845
36.82	-2.7844
36.82	-2.7844
36.82	-2.7844
36.81	-2.7842
36.81	-2.7844
36.81	-2.7842
36.80	-2.7843
36.80	-2.7843
36.80	-2.7841
36.80	-2.7841
36.80	-2.7842
36.80	-2.7842
36.79	-2.7842
36.79	-2.7841
36.79	-2.7841
36.79	-2.7840
36.79	-2.7840
36.79	-2.7840
36.78	-2.7839
36.78	-2.7840
36.78	-2.7839
36.77	-2.7839
36.77	-2.7839
36.77	-2.7838
36.77	-2.7840
36.76	-2.7837
36.76	-2.7838
36.76	-2.7839
36.76	-2.7838
36.75	-2.7838
36.75	-2.7836
36.75	-2.7836
36.74	-2.7837
36.74	-2.7837
36.74	-2.7837
36.74	-2.7837
36.74	-2.7838
36.73	-2.7837
36.73	-2.7836
36.73	-2.7836
36.73	-2.7836
36.73	-2.7836
36.72	-2.7835
36.72	-2.7834
36.71	-2.7836
36.71	-2.7835
36.71	-2.7834
36.71	-2.7835
36.70	-2.7835
36.70	-2.7833
36.70	-2.7833
36.70	-2.7833
36.70	-2.7834
36.70	-2.7832
36.69	-2.7831
36.69	-2.7831
36.68	-2.7831
36.68	-2.7830
36.67	-2.7829
36.67	-2.7830
36.66	-2.7829
36.66	-2.7829
36.66	-2.7825
36.66	-2.7826
36.66	-2.7825
36.66	-2.7826
36.66	-2.7826
36.66	-2.7826
36.66	-2.7826
36.66	-2.7826
36.65	-2.7826
36.65	-2.7824
36.65	-2.7824
36.65	-2.7824
36.65	-2.7823
36.64	-2.7824
36.64	-2.7824
36.63	-2.7824
36.63	-2.7824
36.63	-2.7824
36.63	-2.7825
36.63	-2.7824
36.62	-2.7825
36.62	-2.7824
36.62	-2.7823
36.61	-2.7824
36.61	-2.7823
36.60	-2.7824
36.60	-2.7824
36.59	-2.7826
36.59	-2.7824
36.59	-2.7825
36.59	-2.7823
36.59	-2.7825
36.59	-2.7825
36.59	-2.7825
36.59	-2.7825
36.58	-2.7824
36.58	-2.7825
36.58	-2.7825
36.58	-2.7826
36.58	-2.7823
36.58	-2.7824
36.57	-2.7825
36.57	-2.7822
36.56	-2.7825
36.56	-2.7824
36.55	-2.7824
36.55	-2.7822
36.55	-2.7820
36.55	-2.7821
36.55	-2.7823
36.55	-2.7821
36.54	-2.7824
36.54	-2.7824
36.53	-2.7821
36.53	-2.7823
36.53	-2.7822
36.53	-2.7822
36.53	-2.7820
36.52	-2.7821
36.52	-2.7821
36.52	-2.7821
36.52	-2.7821
36.51	-2.7820
36.51	-2.7820
36.51	-2.7819
36.51	-2.7818
36.51	-2.7817
36.50	-2.7819
36.50	-2.7818
36.49	-2.7818
36.49	-2.7817
36.49	-2.7815
36.49	-2.7816
36.49	-2.7815
36.49	-2.7813
36.48	-2.7812
36.48	-2.7812
36.48	-2.7812
36.48	-2.7813
36.48	-2.7812
36.47	-2.7811
36.47	-2.7811
36.46	-2.7811
36.46	-2.7809
36.46	-2.7808
36.45	-2.7809
36.45	-2.7808
36.45	-2.7809
36.45	-2.7809
36.45	-2.7808
36.45	-2.7807
36.45	-2.7808
36.44	-2.7808
36.44	-2.7807
36.43	-2.7808
36.43	-2.7806
36.43	-2.7808
36.43	-2.7805
36.42	-2.7806
36.42	-2.7806
36.42	-2.7805
36.42	-2.7804
36.41	-2.7806
36.41	-2.7804
36.40	-2.7806
36.40	-2.7804
36.40	-2.7805
36.40	-2.7803
36.40	-2.7803
36.40	-2.7805
36.40	-2.7803
36.39	-2.7802
36.39	-2.7802
36.39	-2.7802
36.38	-2.7801
36.38	-2.7799
36.38	-2.7800
36.38	-2.7801
36.38	-2.7801
36.38	-2.7802
36.37	-2.7801
36.37	-2.7801
36.37	-2.7798
36.36	-2.7800
36.36	-2.7798
36.36	-2.7799
36.35	-2.7798
36.35	-2.7799
36.35	-2.7798
36.35	-2.7799
36.35	-2.7798
36.34	-2.7797
36.33	-2.7798
36.34	-2.7797
36.34	-2.7798
36.33	-2.7798
36.33	-2.7797
36.33	-2.7798
36.33	-2.7797
36.32	-2.7797
36.32	-2.7797
36.32	-2.7797
36.32	-2.7797
36.32	-2.7798
36.31	-2.7795
36.31	-2.7797
36.30	-2.7797
36.30	-2.7797
36.30	-2.7795
36.30	-2.7797
36.30	-2.7795
36.29	-2.7796
36.29	-2.7794
36.29	-2.7797
36.29	-2.7796
36.28	-2.7797
36.28	-2.7795
36.27	-2.7796
36.27	-2.7797
36.27	-2.7797
36.27	-2.7796
36.27	-2.7796
36.26	-2.7796
36.26	-2.7797
36.26	-2.7797
36.26	-2.7796
36.25	-2.7796
36.25	-2.7795
36.24	-2.7796
36.24	-2.7795
36.24	-2.7796
36.24	-2.7795
36.24	-2.7795
36.24	-2.7797
36.24	-2.7795
36.23	-2.7796
36.23	-2.7796
36.23	-2.7796
36.23	-2.7794
36.23	-2.7796
36.23	-2.7795
36.23	-2.7795
36.22	-2.7794
36.21	-2.7794
36.21	-2.7795
36.21	-2.7795
36.20	-2.7795
36.20	-2.7796
36.20	-2.7795
36.20	-2.7795
36.19	-2.7794
36.19	-2.7795
36.19	-2.7796
36.19	-2.7795
36.19	-2.7795
36.18	-2.7795
36.18	-2.7794
36.18	-2.7796
36.18	-2.7797
36.17	-2.7795
36.17	-2.7797
36.17	-2.7795
36.16	-2.7795
36.16	-2.7795
36.15	-2.7795
36.15	-2.7796
36.15	-2.7795
36.15	-2.7797
36.15	-2.7796
36.15	-2.7796
36.14	-2.7797
36.14	-2.7795
36.14	-2.7795
36.14	-2.7794
36.14	-2.7796
36.14	-2.7795
36.13	-2.7797
36.13	-2.7795
36.12	-2.7795
36.12	-2.7796
36.12	-2.7796
36.12	-2.7795
36.12	-2.7795
36.11	-2.7795
36.11	-2.7793
36.10	-2.7794
36.11	-2.7796
36.10	-2.7795
36.10	-2.7795
36.09	-2.7795
36.09	-2.7795
36.09	-2.7793
36.08	-2.7794
36.08	-2.7793
36.08	-2.7794
36.08	-2.7793
36.08	-2.7792
36.08	-2.7793
36.08	-2.7792
36.08	-2.7792
36.07	-2.7794
36.07	-2.7792
36.07	-2.7792
36.06	-2.7790
36.06	-2.7791
36.06	-2.7791
36.06	-2.7791
36.05	-2.7791
36.05	-2.7790
36.05	-2.7791
36.05	-2.7789
36.04	-2.7790
36.04	-2.7790
36.04	-2.7786
36.03	-2.7788
36.03	-2.7787
36.03	-2.7787
36.03	-2.7787
36.03	-2.7786
36.02	-2.7788
36.02	-2.7786
36.02	-2.7787
36.02	-2.7785
36.02	-2.7785
36.01	-2.7785
36.01	-2.7786
36.00	-2.7787
36.00	-2.7786
36.00	-2.7786
36.00	-2.7787
35.99	-2.7784
35.99	-2.7786
35.99	-2.7785
35.99	-2.7785
35.99	-2.7786
35.99	-2.7785
35.98	-2.7786
35.98	-2.7785
35.98	-2.7787
35.98	-2.7785
35.97	-2.7785
35.97	-2.7784
35.96	-2.7785
35.96	-2.7785
35.96	-2.7783
35.95	-2.7784
35.95	-2.7784
35.96	-2.7784
35.95	-2.7784
35.95	-2.7783
35.95	-2.7783
35.95	-2.7783
35.94	-2.7783
35.94	-2.7783
35.93	-2.7783
35.93	-2.7785
35.93	-2.7783
35.92	-2.7783
35.92	-2.7784
35.92	-2.7782
35.92	-2.7780
35.92	-2.7784
35.92	-2.7783
35.91	-2.7780
35.91	-2.7781
35.91	-2.7781
35.90	-2.7778
35.90	-2.7778
35.90	-2.7780
35.90	-2.7781
35.90	-2.7779
35.90	-2.7779
35.90	-2.7779
35.89	-2.7779
35.89	-2.7779
35.88	-2.7778
35.88	-2.7777
35.88	-2.7778
35.88	-2.7776
35.88	-2.7778
35.87	-2.7778
35.87	-2.7777
35.87	-2.7778
35.87	-2.7777
35.87	-2.7780
35.86	-2.7776
35.86	-2.7777
35.86	-2.7776
35.86	-2.7776
35.86	-2.7773
35.85	-2.7776
35.85	-2.7776
35.85	-2.7776
35.84	-2.7774
35.84	-2.7775
35.84	-2.7775
35.84	-2.7773
35.83	-2.7775
35.83	-2.7774
35.83	-2.7774
35.83	-2.7773
35.82	-2.7774
35.82	-2.7775
35.81	-2.7773
35.81	-2.7773
35.81	-2.7773
35.81	-2.7773
35.81	-2.7772
35.80	-2.7773
35.80	-2.7773
35.80	-2.7772
35.80	-2.7772
35.80	-2.7773
35.79	-2.7773
35.79	-2.7772
35.79	-2.7769
35.78	-2.7770
35.78	-2.7772
35.78	-2.7770
35.77	-2.7771
35.77	-2.7771
35.77	-2.7768
35.76	-2.7768
35.76	-2.7768
35.76	-2.7768
35.76	-2.7767
35.76	-2.7770
35.75	-2.7769
35.75	-2.7768
35.75	-2.7769
35.75	-2.7768
35.74	-2.7768
35.74	-2.7769
35.74	-2.7766
35.74	-2.7765
35.73	-2.7765
35.73	-2.7766
35.73	-2.7766
35.73	-2.7767
35.73	-2.7765
35.73	-2.7765
35.73	-2.7765
35.72	-2.7765
35.72	-2.7766
35.72	-2.7766
35.71	-2.7764
35.71	-2.7763
35.71	-2.7764
35.71	-2.7763
35.71	-2.7764
35.70	-2.7763
35.70	-2.7763
35.70	-2.7763
35.70	-2.7763
35.69	-2.7763
35.69	-2.7760
35.69	-2.7761
35.68	-2.7760
35.68	-2.7760
35.68	-2.7760
35.68	-2.7760
35.68	-2.7760
35.68	-2.7758
35.68	-2.7759
35.67	-2.7758
35.67	-2.7759
35.67	-2.7758
35.66	-2.7757
35.66	-2.7757
35.66	-2.7756
35.65	-2.7755
35.65	-2.7755
35.65	-2.7754
35.65	-2.7755
35.64	-2.7756
35.64	-2.7754
35.64	-2.7754
35.63	-2.7752
35.63	-2.7753
35.63	-2.7755
35.63	-2.7753
35.62	-2.7755
35.62	-2.7755
35.62	-2.7753
35.62	-2.7755
35.61	-2.7754
35.61	-2.7753
35.61	-2.7753
35.61	-2.7754
35.60	-2.7752
35.60	-2.7753
35.60	-2.7753
35.60	-2.7752
35.60	-2.7753
35.59	-2.7752
35.59	-2.7751
35.59	-2.7751
35.59	-2.7751
35.58	-2.7750
35.58	-2.7750
35.58	-2.7751
35.58	-2.7749
35.57	-2.7749
35.57	-2.7750
35.57	-2.7748
35.57	-2.7747
35.56	-2.7750
35.56	-2.7748
35.55	-2.7747
35.55	-2.7749
35.55	-2.7750
35.55	-2.7748
35.55	-2.7748
35.54	-2.7747
35.54	-2.7747
35.53	-2.7748
35.53	-2.7749
35.53	-2.7748
35.53	-2.7747
35.53	-2.7746
35.53	-2.7746
35.52	-2.7746
35.52	-2.7747
35.52	-2.7746
35.52	-2.7747
35.52	-2.7746
35.51	-2.7747
35.51	-2.7747
35.51	-2.7745
35.51	-2.7747
35.50	-2.7746
35.50	-2.7745
35.50	-2.7745
35.49	-2.7746
35.49	-2.7746
35.49	-2.7746
35.49	-2.7744
35.48	-2.7744
35.48	-2.7745
35.48	-2.7745
35.48	-2.7744
35.48	-2.7744
35.48	-2.7745
35.47	-2.7742
35.47	-2.7742
35.47	-2.7742
35.47	-2.7741
35.46	-2.7742
35.46	-2.7741
35.46	-2.7742
35.45	-2.7740
35.45	-2.7740
35.45	-2.7740
35.45	-2.7740
35.44	-2.7740
35.44	-2.7739
35.43	-2.7738
35.43	-2.7738
35.43	-2.7739
35.43	-2.7739
35.43	-2.7738
35.43	-2.7737
35.42	-2.7738
35.42	-2.7737
35.42	-2.7737
35.42	-2.7736
35.41	-2.7736
35.41	-2.7736
35.41	-2.7735
35.41	-2.7737
35.40	-2.7735
35.40	-2.7736
35.40	-2.7735
35.40	-2.7735
35.40	-2.7735
35.39	-2.7735
35.39	-2.7737
35.39	-2.7734
35.38	-2.7735
35.38	-2.7734
35.37	-2.7735
35.37	-2.7733
35.37	-2.7735
35.37	-2.7735
35.37	-2.7735
35.36	-2.7734
35.36	-2.7733
35.35	-2.7734
35.35	-2.7735
35.35	-2.7734
35.35	-2.7732
35.35	-2.7733
35.34	-2.7733
35.34	-2.7733
35.34	-2.7734
35.34	-2.7733
35.34	-2.7732
35.34	-2.7733
35.33	-2.7733
35.33	-2.7733
35.33	-2.7733
35.33	-2.7732
35.33	-2.7731
35.32	-2.7731
35.32	-2.7731
35.31	-2.7731
35.31	-2.7731
35.31	-2.7728
35.31	-2.7730
35.31	-2.7731
35.31	-2.7728
35.30	-2.7732
35.30	-2.7728
35.30	-2.7728
35.29	-2.7729
35.29	-2.7728
35.28	-2.7728
35.28	-2.7727
35.28	-2.7728
35.27	-2.7726
35.27	-2.7727
35.27	-2.7727
35.27	-2.7727
35.27	-2.7726
35.26	-2.7724
35.26	-2.7724
35.26	-2.7726
35.26	-2.7725
35.26	-2.7724
35.25	-2.7724
35.25	-2.7723
35.25	-2.7726
35.25	-2.7725
35.25	-2.7724
35.24	-2.7723
35.24	-2.7723
35.24	-2.7724
35.24	-2.7723
35.23	-2.7724
35.23	-2.7724
35.23	-2.7723
35.23	-2.7722
35.23	-2.7722
35.23	-2.7723
35.22	-2.7723
35.21	-2.7721
35.21	-2.7722
35.21	-2.7723
35.21	-2.7725
35.20	-2.7725
35.20	-2.7726
35.20	-2.7726
35.20	-2.7726
35.20	-2.7725
35.19	-2.7726
35.19	-2.7726
35.19	-2.7726
35.18	-2.7727
35.18	-2.7728
35.18	-2.7728
35.18	-2.7727
35.18	-2.7719
35.18	-2.7719
35.17	-2.7719
35.17	-2.7722
35.17	-2.7721
35.16	-2.7719
35.16	-2.7717
35.16	-2.7719
35.16	-2.7720
35.15	-2.7718
35.15	-2.7716
35.15	-2.7718
35.15	-2.7717
35.15	-2.7716
35.14	-2.7715
35.14	-2.7716
35.13	-2.7715
35.13	-2.7715
35.13	-2.7716
35.13	-2.7715
35.13	-2.7714
35.13	-2.7714
35.13	-2.7715
35.12	-2.7714
35.12	-2.7716
35.11	-2.7712
35.11	-2.7712
35.11	-2.7712
35.11	-2.7712
35.10	-2.7712
35.10	-2.7711
35.10	-2.7710
35.10	-2.7710
35.09	-2.7709
35.09	-2.7710
35.09	-2.7709
35.08	-2.7709
35.08	-2.7710
35.08	-2.7707
35.08	-2.7709
35.08	-2.7708
35.08	-2.7708
35.08	-2.7708
35.08	-2.7708
35.07	-2.7707
35.06	-2.7709
35.05	-2.7708
35.05	-2.7707
35.05	-2.7707
35.05	-2.7706
35.05	-2.7705
35.05	-2.7706
35.04	-2.7704
35.04	-2.7705
35.04	-2.7703
35.04	-2.7704
35.04	-2.7705
35.03	-2.7706
35.03	-2.7705
35.03	-2.7703
35.02	-2.7705
35.02	-2.7704
35.02	-2.7705
35.02	-2.7705
35.02	-2.7704
35.02	-2.7704
35.02	-2.7703
35.01	-2.7704
35.01	-2.7703
35.01	-2.7703
35.01	-2.7704
35.00	-2.7704
35.00	-2.7703
34.99	-2.7704
34.99	-2.7703
34.99	-2.7704
34.99	-2.7703
34.99	-2.7702
34.98	-2.7703
34.98	-2.7704
34.98	-2.7705
34.98	-2.7703
34.98	-2.7704
34.97	-2.7703
34.97	-2.7703
34.97	-2.7703
34.97	-2.7702
34.97	-2.7702
34.96	-2.7702
34.96	-2.7703
34.95	-2.7701
34.95	-2.7702
34.95	-2.7702
34.95	-2.7701
34.95	-2.7700
34.95	-2.7700
34.95	-2.7700
34.94	-2.7699
34.94	-2.7700
34.94	-2.7699
34.93	-2.7699
34.93	-2.7700
34.93	-2.7700
34.93	-2.7699
34.92	-2.7699
34.92	-2.7698
34.92	-2.7699
34.92	-2.7698
34.92	-2.7694
34.91	-2.7695
34.91	-2.7696
34.90	-2.7694
34.90	-2.7694
34.90	-2.7693
34.90	-2.7693
34.89	-2.7692
34.89	-2.7694
34.89	-2.7693
34.88	-2.7692
34.88	-2.7692
34.88	-2.7692
34.88	-2.7693
34.88	-2.7691
34.88	-2.7692
34.87	-2.7691
34.87	-2.7690
34.87	-2.7690
34.87	-2.7690
34.86	-2.7691
34.85	-2.7689
34.85	-2.7690
34.85	-2.7689
34.85	-2.7689
34.84	-2.7689
34.84	-2.7689
34.84	-2.7688
34.84	-2.7687
34.84	-2.7686
34.83	-2.7688
34.83	-2.7688
34.83	-2.7686
34.82	-2.7686
34.82	-2.7686
34.82	-2.7687
34.82	-2.7686
34.82	-2.7685
34.82	-2.7686
34.81	-2.7685
34.81	-2.7684
34.81	-2.7684
34.81	-2.7685
34.80	-2.7683
34.80	-2.7684
34.80	-2.7684
34.80	-2.7683
34.79	-2.7682
34.79	-2.7681
34.79	-2.7681
34.79	-2.7684
34.78	-2.7684
34.78	-2.7681
34.78	-2.7683
34.78	-2.7681
34.77	-2.7681
34.77	-2.7682
34.77	-2.7682
34.77	-2.7683
34.77	-2.7681
34.76	-2.7682
34.76	-2.7682
34.75	-2.7682
34.75	-2.7683
34.74	-2.7682
34.74	-2.7682
34.74	-2.7681
34.74	-2.7682
34.74	-2.7682
34.74	-2.7683
34.73	-2.7681
34.73	-2.7680
34.73	-2.7682
34.73	-2.7682
34.73	-2.7680
34.72	-2.7681
34.72	-2.7680
34.72	-2.7681
34.72	-2.7680
34.71	-2.7681
34.71	-2.7680
34.70	-2.7680
34.70	-2.7679
34.70	-2.7679
34.70	-2.7679
34.70	-2.7677
34.70	-2.7679
34.70	-2.7678
34.69	-2.7678
34.69	-2.7678
34.69	-2.7679
34.69	-2.7678
34.69	-2.7678
34.68	-2.7679
34.68	-2.7676
34.68	-2.7677
34.67	-2.7679
34.67	-2.7679
34.67	-2.7677
34.67	-2.7677
34.66	-2.7676
34.66	-2.7679
34.65	-2.7679
34.65	-2.7678
34.65	-2.7679
34.65	-2.7678
34.65	-2.7679
34.64	-2.7679
34.64	-2.7678
34.64	-2.7678
34.63	-2.7678
34.63	-2.7681
34.63	-2.7679
34.63	-2.7677
34.63	-2.7677
34.63	-2.7679
34.62	-2.7678
34.62	-2.7678
34.61	-2.7679
34.61	-2.7679
34.61	-2.7679
34.60	-2.7681
34.60	-2.7679
34.60	-2.7679
34.60	-2.7681
34.60	-2.7681
34.60	-2.7679
34.59	-2.7679
34.59	-2.7678
34.59	-2.7680
34.58	-2.7680
34.58	-2.7679
34.58	-2.7678
34.58	-2.7676
34.58	-2.7676
34.58	-2.7676
34.58	-2.7677
34.57	-2.7676
34.57	-2.7676
34.57	-2.7676
34.56	-2.7676
34.56	-2.7677
34.55	-2.7677
34.55	-2.7673
34.55	-2.7677
34.55	-2.7677
34.55	-2.7676
34.54	-2.7674
34.54	-2.7675
34.54	-2.7676
34.54	-2.7677
34.53	-2.7676
34.53	-2.7674
34.53	-2.7675
34.53	-2.7673
34.52	-2.7674
34.52	-2.7675
34.52	-2.7673
34.52	-2.7672
34.52	-2.7673
34.51	-2.7672
34.51	-2.7675
34.51	-2.7674
34.50	-2.7673
34.50	-2.7673
34.50	-2.7673
34.50	-2.7674
34.49	-2.7672
34.49	-2.7674
34.49	-2.7674
34.49	-2.7674
34.48	-2.7674
34.48	-2.7674
34.48	-2.7671
34.48	-2.7673
34.48	-2.7672
34.47	-2.7674
34.47	-2.7673
34.46	-2.7675
34.46	-2.7673
34.46	-2.7674
34.46	-2.7673
34.45	-2.7673
34.45	-2.7675
34.45	-2.7673
34.45	-2.7673
34.45	-2.7673
34.44	-2.7672
34.44	-2.7671
34.44	-2.7672
34.44	-2.7671
34.44	-2.7672
34.44	-2.7671
34.43	-2.7671
34.43	-2.7672
34.43	-2.7670
34.42	-2.7671
34.42	-2.7670
34.42	-2.7670
34.42	-2.7669
34.42	-2.7669
34.41	-2.7670
34.41	-2.7669
34.40	-2.7668
34.40	-2.7668
34.40	-2.7669
34.40	-2.7670
34.39	-2.7669
34.39	-2.7667
34.39	-2.7667
34.39	-2.7668
34.38	-2.7668
34.38	-2.7666
34.38	-2.7667
34.37	-2.7668
34.37	-2.7668
34.37	-2.7667
34.37	-2.7666
34.37	-2.7668
34.36	-2.7667
34.36	-2.7667
34.36	-2.7666
34.36	-2.7664
34.35	-2.7667
34.34	-2.7666
34.34	-2.7666
34.34	-2.7664
34.34	-2.7665
34.34	-2.7664
34.34	-2.7665
34.34	-2.7663
34.33	-2.7664
34.33	-2.7661
34.33	-2.7664
34.33	-2.7663
34.33	-2.7666
34.33	-2.7663
34.32	-2.7661
34.32	-2.7663
34.31	-2.7663
34.31	-2.7662
34.30	-2.7663
34.30	-2.7661
34.30	-2.7662
34.29	-2.7661
34.29	-2.7660
34.29	-2.7660
34.29	-2.7660
34.29	-2.7661
34.29	-2.7660
34.28	-2.7659
34.28	-2.7660
34.28	-2.7657
34.28	-2.7660
34.28	-2.7658
34.27	-2.7660
34.27	-2.7659
34.27	-2.7659
34.27	-2.7658
34.27	-2.7658
34.26	-2.7657
34.26	-2.7658
34.25	-2.7657
34.25	-2.7657
34.24	-2.7655
34.24	-2.7655
34.24	-2.7655
34.24	-2.7655
34.24	-2.7656
34.24	-2.7656
34.24	-2.7654
34.23	-2.7655
34.23	-2.7655
34.23	-2.7654
34.23	-2.7653
34.22	-2.7654
34.22	-2.7655
34.22	-2.7654
34.22	-2.7653
34.22	-2.7652
34.22	-2.7652
34.21	-2.7652
34.21	-2.7654
34.20	-2.7654
34.20	-2.7653
34.20	-2.7653
34.19	-2.7652
34.19	-2.7653
34.19	-2.7650
34.19	-2.7651
34.18	-2.7651
34.18	-2.7652
34.18	-2.7652
34.18	-2.7653
34.18	-2.7652
34.18	-2.7652
34.18	-2.7650
34.18	-2.7652
34.17	-2.7651
34.17	-2.7650
34.17	-2.7650
34.16	-2.7651
34.16	-2.7648
34.15	-2.7650
34.15	-2.7650
34.15	-2.7650
34.15	-2.7649
34.15	-2.7649
34.14	-2.7649
34.14	-2.7649
34.14	-2.7650
34.13	-2.7648
34.13	-2.7648
34.13	-2.7647
34.13	-2.7648
34.13	-2.7647
34.12	-2.7647
34.12	-2.7645
34.12	-2.7647
34.11	-2.7646
34.11	-2.7645
34.11	-2.7648
34.10	-2.7645
34.10	-2.7645
34.10	-2.7644
34.09	-2.7646
34.09	-2.7645
34.09	-2.7645
34.09	-2.7643
34.09	-2.7645
34.09	-2.7644
34.09	-2.7644
34.09	-2.7642
34.08	-2.7642
34.08	-2.7643
34.08	-2.7642
34.08	-2.7644
34.07	-2.7643
34.07	-2.7641
34.07	-2.7644
34.06	-2.7640
34.06	-2.7641
34.06	-2.7641
34.06	-2.7641
34.06	-2.7641
34.05	-2.7641
34.05	-2.7640
34.05	-2.7641
34.05	-2.7641
34.05	-2.7640
34.04	-2.7638
34.04	-2.7639
34.04	-2.7639
34.04	-2.7640
34.04	-2.7637
34.04	-2.7638
34.03	-2.7639
34.02	-2.7639
34.02	-2.7637
34.02	-2.7638
34.01	-2.7638
34.01	-2.7639
34.01	-2.7636
34.00	-2.7638
34.00	-2.7637
34.00	-2.7637
34.00	-2.7637
34.00	-2.7634
34.00	-2.7635
33.99	-2.7637
33.99	-2.7634
33.99	-2.7636
33.99	-2.7634
33.99	-2.7635
33.98	-2.7635
33.98	-2.7635
33.98	-2.7635
33.98	-2.7634
33.98	-2.7633
33.97	-2.7635
33.97	-2.7634
33.96	-2.7633
33.96	-2.7634
33.96	-2.7634
33.95	-2.7632
33.95	-2.7634
33.95	-2.7633
33.95	-2.7634
33.95	-2.7632
33.95	-2.7633
33.94	-2.7633
33.94	-2.7633
33.94	-2.7632
33.94	-2.7630
33.93	-2.7630
33.93	-2.7630
33.92	-2.7631
33.92	-2.7630
33.92	-2.7630
33.92	-2.7630
33.92	-2.7630
33.91	-2.7630
33.91	-2.7630
33.91	-2.7630
33.91	-2.7631
33.91	-2.7630
33.90	-2.7629
33.90	-2.7629
33.90	-2.7629
33.90	-2.7631
33.90	-2.7628
33.90	-2.7630
33.89	-2.7629
33.89	-2.7629
33.88	-2.7630
33.88	-2.7630
33.88	-2.7629
33.87	-2.7628
33.87	-2.7628
33.87	-2.7630
33.86	-2.7627
33.86	-2.7626
33.86	-2.7627
33.86	-2.7628
33.86	-2.7627
33.85	-2.7626
33.85	-2.7627
33.85	-2.7627
33.84	-2.7627
33.84	-2.7625
33.84	-2.7627
33.84	-2.7625
33.84	-2.7626
33.83	-2.7625
33.83	-2.7624
33.83	-2.7624
33.83	-2.7625
33.83	-2.7626
33.83	-2.7623
33.82	-2.7624
33.82	-2.7624
33.82	-2.7624
33.81	-2.7623
33.81	-2.7622
33.81	-2.7623
33.80	-2.7623
33.80	-2.7622
33.80	-2.7623
33.80	-2.7622
33.79	-2.7622
33.79	-2.7623
33.79	-2.7622
33.79	-2.7621
33.78	-2.7622
33.78	-2.7621
33.78	-2.7622
33.77	-2.7623
33.77	-2.7621
33.77	-2.7621
33.77	-2.7620
33.77	-2.7621
33.77	-2.7620
33.76	-2.7620
33.76	-2.7621
33.75	-2.7619
33.76	-2.7618
33.75	-2.7619
33.75	-2.7618
33.75	-2.7618
33.75	-2.7617
33.74	-2.7618
33.74	-2.7617
33.74	-2.7617
33.74	-2.7617
33.73	-2.7615
33.73	-2.7615
33.73	-2.7615
33.73	-2.7615
33.73	-2.7615
33.72	-2.7612
33.72	-2.7614
33.72	-2.7612
33.71	-2.7614
33.71	-2.7612
33.71	-2.7612
33.70	-2.7611
33.70	-2.7610
33.70	-2.7609
33.70	-2.7610
33.70	-2.7609
33.70	-2.7609
33.69	-2.7609
33.69	-2.7609
33.68	-2.7609
33.68	-2.7608
33.68	-2.7607
33.68	-2.7607
33.67	-2.7607
33.67	-2.7608
33.67	-2.7606
33.67	-2.7606
33.67	-2.7606
33.67	-2.7605
33.66	-2.7604
33.66	-2.7606
33.66	-2.7604
33.65	-2.7605
33.65	-2.7605
33.65	-2.7606
33.64	-2.7605
33.64	-2.7603
33.64	-2.7603
33.64	-2.7603
33.64	-2.7604
33.63	-2.7601
33.63	-2.7603
33.63	-2.7603
33.63	-2.7602
33.63	-2.7602
33.62	-2.7602
33.62	-2.7601
33.61	-2.7601
33.61	-2.7601
33.61	-2.7602
33.61	-2.7601
33.60	-2.7604
33.60	-2.7602
33.60	-2.7601
33.60	-2.7600
33.59	-2.7601
33.59	-2.7600
33.59	-2.7601
33.59	-2.7601
33.59	-2.7602
33.58	-2.7600
33.58	-2.7600
33.58	-2.7601
33.58	-2.7599
33.58	-2.7599
33.58	-2.7600
33.57	-2.7597
33.57	-2.7598
33.57	-2.7599
33.56	-2.7596
33.56	-2.7597
33.56	-2.7597
33.55	-2.7596
33.55	-2.7596
33.55	-2.7596
33.55	-2.7595
33.55	-2.7593
33.54	-2.7594
33.54	-2.7592
33.54	-2.7594
33.54	-2.7591
33.54	-2.7592
33.53	-2.7592
33.53	-2.7591
33.52	-2.7591
33.52	-2.7590
33.52	-2.7589
33.52	-2.7591
33.52	-2.7590
33.51	-2.7590
33.50	-2.7588
33.50	-2.7589
33.49	-2.7589
33.49	-2.7587
33.49	-2.7588
33.49	-2.7588
33.49	-2.7588
33.49	-2.7587
33.49	-2.7586
33.49	-2.7587
33.48	-2.7588
33.48	-2.7587
33.48	-2.7587
33.48	-2.7588
33.48	-2.7588
33.47	-2.7588
33.47	-2.7587
33.47	-2.7587
33.46	-2.7588
33.46	-2.7585
33.46	-2.7586
33.46	-2.7588
33.46	-2.7588
33.45	-2.7585
33.45	-2.7587
33.45	-2.7589
33.45	-2.7587
33.45	-2.7589
33.45	-2.7587
33.45	-2.7586
33.44	-2.7586
33.43	-2.7587
33.43	-2.7587
33.42	-2.7587
33.42	-2.7588
33.42	-2.7587
33.42	-2.7588
33.42	-2.7586
33.42	-2.7587
33.41	-2.7586
33.41	-2.7586
33.41	-2.7586
33.40	-2.7587
33.40	-2.7586
33.40	-2.7585
33.39	-2.7587
33.39	-2.7584
33.39	-2.7586
33.39	-2.7584
33.38	-2.7585
33.38	-2.7584
33.38	-2.7584
33.38	-2.7583
33.38	-2.7582
33.37	-2.7583
33.37	-2.7584
33.37	-2.7582
33.36	-2.7580
33.36	-2.7582
33.36	-2.7580
33.36	-2.7583
33.36	-2.7580
33.35	-2.7581
33.35	-2.7580
33.35	-2.7581
33.35	-2.7578
33.34	-2.7580
33.34	-2.7578
33.34	-2.7580
33.33	-2.7578
33.33	-2.7579
33.33	-2.7577
33.33	-2.7578
33.33	-2.7580
33.33	-2.7578
33.32	-2.7578
33.32	-2.7578
33.32	-2.7578
33.32	-2.7577
33.31	-2.7577
33.31	-2.7577
33.31	-2.7578
33.30	-2.7576
33.30	-2.7578
33.30	-2.7576
33.30	-2.7578
33.30	-2.7577
33.29	-2.7577
33.29	-2.7576
33.29	-2.7577
33.29	-2.7576
33.28	-2.7576
33.28	-2.7576
33.27	-2.7576
33.27	-2.7575
33.27	-2.7577
33.27	-2.7575
33.27	-2.7575
33.26	-2.7575
33.26	-2.7574
33.26	-2.7574
33.25	-2.7573
33.25	-2.7573
33.25	-2.7575
33.24	-2.7572
33.24	-2.7573
33.24	-2.7573
33.24	-2.7572
33.24	-2.7573
33.24	-2.7572
33.23	-2.7573
33.23	-2.7571
33.23	-2.7573
33.23	-2.7571
33.23	-2.7572
33.23	-2.7572
33.22	-2.7570
33.21	-2.7572
33.21	-2.7571
33.21	-2.7570
33.20	-2.7570
33.20	-2.7571
33.20	-2.7570
33.20	-2.7571
33.20	-2.7571
33.20	-2.7570
33.20	-2.7570
33.19	-2.7569
33.19	-2.7569
33.19	-2.7570
33.18	-2.7568
33.18	-2.7570
33.18	-2.7569
33.18	-2.7570
33.17	-2.7568
33.17	-2.7567
33.17	-2.7567
33.17	-2.7569
33.17	-2.7569
33.17	-2.7570
33.16	-2.7567
33.16	-2.7568
33.16	-2.7567
33.15	-2.7566
33.15	-2.7568
33.15	-2.7568
33.15	-2.7568
33.15	-2.7566
33.15	-2.7569
33.14	-2.7565
33.14	-2.7567
33.14	-2.7568
33.13	-2.7567
33.13	-2.7566
33.13	-2.7565
33.13	-2.7566
33.13	-2.7567
33.13	-2.7567
33.12	-2.7565
33.12	-2.7566
33.12	-2.7565
33.11	-2.7565
33.11	-2.7564
33.10	-2.7566
33.10	-2.7567
33.10	-2.7567
33.09	-2.7566
33.09	-2.7566
33.09	-2.7567
33.09	-2.7567
33.09	-2.7564
33.08	-2.7566
33.08	-2.7567
33.08	-2.7566
33.08	-2.7566
33.07	-2.7566
33.07	-2.7566
33.07	-2.7566
33.07	-2.7566
33.07	-2.7565
33.06	-2.7567
33.06	-2.7564
33.05	-2.7565
33.05	-2.7563
33.05	-2.7565
33.05	-2.7566
33.05	-2.7565
33.05	-2.7564
33.05	-2.7566
33.04	-2.7567
33.04	-2.7564
33.04	-2.7566
33.04	-2.7565
33.03	-2.7566
33.03	-2.7563
33.03	-2.7564
33.02	-2.7563
33.02	-2.7564
33.02	-2.7564
33.02	-2.7565
33.01	-2.7564
33.01	-2.7564
33.00	-2.7562
33.00	-2.7563
33.00	-2.7564
33.00	-2.7565
32.99	-2.7564
32.99	-2.7563
32.99	-2.7562
32.99	-2.7563
32.99	-2.7562
32.99	-2.7563
32.98	-2.7560
32.98	-2.7562
32.98	-2.7561
32.98	-2.7562
32.98	-2.7561
32.97	-2.7562
32.97	-2.7561
32.97	-2.7562
32.97	-2.7561
32.96	-2.7560
32.96	-2.7560
32.96	-2.7560
32.95	-2.7560
32.95	-2.7560
32.95	-2.7559
32.95	-2.7560
32.95	-2.7558
32.94	-2.7560
32.93	-2.7559
32.93	-2.7561
32.93	-2.7559
32.93	-2.7560
32.93	-2.7559
32.92	-2.7559
32.92	-2.7559
32.92	-2.7560
32.92	-2.7560
32.92	-2.7558
32.91	-2.7559
32.91	-2.7558
32.91	-2.7558
32.91	-2.7558
32.90	-2.7559
32.90	-2.7558
32.90	-2.7559
32.89	-2.7558
32.89	-2.7559
32.89	-2.7557
32.89	-2.7557
32.88	-2.7557
32.88	-2.7557
32.88	-2.7557
32.88	-2.7559
32.88	-2.7556
32.88	-2.7554
32.87	-2.7556
32.87	-2.7556
32.87	-2.7556
32.86	-2.7555
32.85	-2.7556
32.85	-2.7555
32.85	-2.7557
32.85	-2.7555
32.85	-2.7554
32.85	-2.7555
32.84	-2.7555
32.84	-2.7553
32.84	-2.7554
32.84	-2.7554
32.84	-2.7553
32.83	-2.7555
32.83	-2.7555
32.83	-2.7555
32.83	-2.7555
32.82	-2.7554
32.82	-2.7555
32.81	-2.7555
32.81	-2.7554
32.81	-2.7554
32.81	-2.7553
32.80	-2.7553
32.80	-2.7553
32.80	-2.7554
32.80	-2.7554
32.80	-2.7554
32.79	-2.7553
32.79	-2.7553
32.79	-2.7551
32.79	-2.7551
32.79	-2.7551
32.78	-2.7550
32.78	-2.7552
32.78	-2.7550
32.78	-2.7555
32.78	-2.7551
32.77	-2.7551
32.77	-2.7550
32.76	-2.7550
32.76	-2.7550
32.76	-2.7550
32.75	-2.7548
32.75	-2.7550
32.75	-2.7549
32.75	-2.7549
32.74	-2.7550
32.74	-2.7549
32.74	-2.7549
32.73	-2.7547
32.73	-2.7547
32.73	-2.7547
32.73	-2.7547
32.73	-2.7547
32.73	-2.7547
32.73	-2.7546
32.73	-2.7547
32.72	-2.7545
32.72	-2.7545
32.72	-2.7544
32.71	-2.7545
32.71	-2.7545
32.71	-2.7544
32.71	-2.7546
32.70	-2.7545
32.70	-2.7547
32.70	-2.7545
32.70	-2.7544
32.69	-2.7544
32.69	-2.7544
32.69	-2.7545
32.69	-2.7546
32.68	-2.7543
32.68	-2.7544
32.68	-2.7545
32.68	-2.7544
32.67	-2.7543
32.67	-2.7544
32.67	-2.7541
32.67	-2.7542
32.67	-2.7543
32.66	-2.7544
32.65	-2.7542
32.65	-2.7541
32.65	-2.7543
32.65	-2.7541
32.65	-2.7543
32.65	-2.7541
32.65	-2.7542
32.64	-2.7542
32.64	-2.7542
32.64	-2.7541
32.64	-2.7539
32.63	-2.7539
32.63	-2.7539
32.63	-2.7539
32.63	-2.7539
32.63	-2.7538
32.63	-2.7541
32.63	-2.7539
32.62	-2.7538
32.62	-2.7540
32.61	-2.7537
32.61	-2.7535
32.61	-2.7538
32.60	-2.7537
32.60	-2.7537
32.59	-2.7536
32.59	-2.7536
32.59	-2.7536
32.59	-2.7535
32.59	-2.7537
32.58	-2.7534
32.58	-2.7536
32.58	-2.7535
32.58	-2.7535
32.58	-2.7535
32.58	-2.7534
32.57	-2.7533
32.57	-2.7533
32.57	-2.7533
32.56	-2.7533
32.56	-2.7532
32.56	-2.7534
32.56	-2.7533
32.55	-2.7531
32.55	-2.7531
32.55	-2.7531
32.55	-2.7531
32.54	-2.7530
32.53	-2.7530
32.53	-2.7531
32.53	-2.7531
32.53	-2.7530
32.53	-2.7530
32.53	-2.7531
32.52	-2.7530
32.52	-2.7530
32.52	-2.7527
32.52	-2.7528
32.52	-2.7528
32.51	-2.7527
32.51	-2.7527
32.51	-2.7528
32.51	-2.7530
32.50	-2.7528
32.50	-2.7528
32.50	-2.7526
32.49	-2.7526
32.49	-2.7526
32.49	-2.7526
32.49	-2.7525
32.48	-2.7525
32.48	-2.7527
32.48	-2.7528
32.48	-2.7527
32.48	-2.7527
32.48	-2.7528
32.48	-2.7526
32.47	-2.7526
32.47	-2.7526
32.46	-2.7525
32.46	-2.7524
32.46	-2.7525
32.45	-2.7524
32.45	-2.7524
32.45	-2.7525
32.45	-2.7523
32.45	-2.7521
32.44	-2.7524
32.44	-2.7522
32.44	-2.7523
32.44	-2.7521
32.43	-2.7523
32.43	-2.7520
32.42	-2.7522
32.42	-2.7522
32.42	-2.7520
32.42	-2.7519
32.42	-2.7520
32.42	-2.7521
32.42	-2.7520
32.41	-2.7520
32.41	-2.7520
32.40	-2.7520
32.40	-2.7518
32.40	-2.7518
32.40	-2.7519
32.40	-2.7519
32.40	-2.7518
32.39	-2.7517
32.39	-2.7520
32.38	-2.7516
32.38	-2.7517
32.38	-2.7517
32.38	-2.7516
32.38	-2.7517
32.38	-2.7517
32.37	-2.7517
32.37	-2.7515
32.36	-2.7516
32.36	-2.7515
32.36	-2.7518
32.36	-2.7515
32.35	-2.7515
32.35	-2.7515
32.35	-2.7514
32.35	-2.7515
32.34	-2.7514
32.34	-2.7514
32.34	-2.7514
32.34	-2.7514
32.34	-2.7513
32.33	-2.7512
32.33	-2.7512
32.33	-2.7513
32.33	-2.7513
32.33	-2.7510
32.33	-2.7512
32.32	-2.7510
32.32	-2.7511
32.32	-2.7510
32.32	-2.7510
32.31	-2.7509
32.31	-2.7509
32.31	-2.7508
32.31	-2.7509
32.30	-2.7510
32.30	-2.7507
32.30	-2.7508
32.30	-2.7508
32.29	-2.7508
32.29	-2.7507
32.29	-2.7507
32.29	-2.7507
32.29	-2.7505
32.29	-2.7507
32.28	-2.7504
32.27	-2.7506
32.27	-2.7505
32.27	-2.7505
32.27	-2.7503
32.26	-2.7504
32.26	-2.7503
32.26	-2.7505
32.25	-2.7504
32.25	-2.7503
32.25	-2.7503
32.24	-2.7501
32.24	-2.7502
32.24	-2.7504
32.24	-2.7500
32.23	-2.7502
32.23	-2.7502
32.23	-2.7502
32.23	-2.7503
32.23	-2.7502
32.23	-2.7502
32.23	-2.7501
32.23	-2.7501
32.22	-2.7500
32.21	-2.7499
32.21	-2.7500
32.21	-2.7498
32.21	-2.7499
32.21	-2.7500
32.21	-2.7497
32.21	-2.7495
32.20	-2.7498
32.20	-2.7497
32.20	-2.7498
32.20	-2.7496
32.20	-2.7497
32.19	-2.7496
32.19	-2.7494
32.19	-2.7495
32.18	-2.7494
32.18	-2.7495
32.17	-2.7495
32.17	-2.7494
32.17	-2.7493
32.16	-2.7494
32.16	-2.7493
32.16	-2.7492
32.16	-2.7494
32.15	-2.7492
32.15	-2.7493
32.15	-2.7493
32.15	-2.7493
32.15	-2.7492
32.15	-2.7492
32.15	-2.7492
32.14	-2.7492
32.14	-2.7493
32.14	-2.7491
32.13	-2.7492
32.13	-2.7491
32.13	-2.7490
32.13	-2.7490
32.12	-2.7490
32.12	-2.7491
32.12	-2.7491
32.12	-2.7490
32.12	-2.7490
32.12	-2.7489
32.11	-2.7490
32.11	-2.7490
32.10	-2.7491
32.10	-2.7489
32.09	-2.7489
32.09	-2.7489
32.09	-2.7490
32.09	-2.7487
32.08	-2.7488
32.08	-2.7489
32.08	-2.7490
32.08	-2.7489
32.08	-2.7489
32.08	-2.7486
32.08	-2.7487
32.07	-2.7488
32.07	-2.7487
32.06	-2.7485
32.06	-2.7487
32.06	-2.7485
32.05	-2.7485
32.05	-2.7485
32.05	-2.7486
32.05	-2.7484
32.04	-2.7483
32.04	-2.7485
32.04	-2.7484
32.04	-2.7484
32.04	-2.7483
32.04	-2.7483
32.03	-2.7483
32.03	-2.7483
32.03	-2.7481
32.03	-2.7482
32.02	-2.7482
32.02	-2.7483
32.02	-2.7481
32.02	-2.7481
32.02	-2.7481
32.01	-2.7481
32.01	-2.7481
32.00	-2.7480
32.00	-2.7478
32.00	-2.7480
32.00	-2.7478
32.00	-2.7478
31.99	-2.7476
31.99	-2.7475
31.99	-2.7476
31.98	-2.7475
31.98	-2.7475
31.98	-2.7474
31.98	-2.7474
31.98	-2.7473
31.98	-2.7473
31.98	-2.7473
31.97	-2.7474
31.97	-2.7473
31.97	-2.7474
31.96	-2.7473
31.96	-2.7473
31.96	-2.7473
31.95	-2.7473
31.95	-2.7472
31.95	-2.7472
31.95	-2.7471
31.95	-2.7472
31.94	-2.7472
31.94	-2.7471
31.94	-2.7471
31.93	-2.7472
31.93	-2.7473
31.93	-2.7470
31.93	-2.7470
31.92	-2.7472
31.92	-2.7471
31.92	-2.7470
31.92	-2.7472
31.91	-2.7471
31.91	-2.7471
31.91	-2.7471
31.91	-2.7469
31.91	-2.7469
31.90	-2.7471
31.90	-2.7470
31.90	-2.7470
31.90	-2.7470
31.89	-2.7470
31.89	-2.7468
31.89	-2.7469
31.88	-2.7471
31.88	-2.7469
31.88	-2.7470
31.88	-2.7469
31.88	-2.7467
31.87	-2.7469
31.87	-2.7469
31.87	-2.7470
31.87	-2.7467
31.87	-2.7468
31.86	-2.7467
31.86	-2.7468
31.85	-2.7466
31.85	-2.7465
31.85	-2.7466
31.85	-2.7464
31.85	-2.7465
31.84	-2.7466
31.84	-2.7465
31.84	-2.7465
31.83	-2.7466
31.83	-2.7465
31.82	-2.7465
31.82	-2.7466
31.82	-2.7464
31.82	-2.7464
31.82	-2.7462
31.82	-2.7465
31.82	-2.7463
31.81	-2.7462
31.80	-2.7464
31.80	-2.7463
31.80	-2.7462
31.80	-2.7461
31.80	-2.7463
31.79	-2.7463
31.79	-2.7462
31.79	-2.7461
31.79	-2.7462
31.79	-2.7460
31.78	-2.7460
31.78	-2.7460
31.78	-2.7461
31.78	-2.7459
31.77	-2.7459
31.77	-2.7458
31.77	-2.7458
31.77	-2.7458
31.76	-2.7457
31.76	-2.7459
31.76	-2.7457
31.76	-2.7456
31.75	-2.7454
31.75	-2.7457
31.75	-2.7454
31.75	-2.7454
31.75	-2.7455
31.74	-2.7454
31.74	-2.7450
31.73	-2.7455
31.73	-2.7451
31.73	-2.7453
31.73	-2.7453
31.73	-2.7450
31.73	-2.7449
31.72	-2.7451
31.72	-2.7450
31.71	-2.7450
31.71	-2.7451
31.71	-2.7451
31.71	-2.7449
31.71	-2.7448
31.70	-2.7449
31.70	-2.7450
31.70	-2.7450
31.69	-2.7448
31.69	-2.7449
31.68	-2.7448
31.68	-2.7449
31.68	-2.7448
31.68	-2.7449
31.68	-2.7450
31.68	-2.7449
31.68	-2.7448
31.68	-2.7449
31.67	-2.7447
31.67	-2.7449
31.66	-2.7447
31.66	-2.7448
31.66	-2.7447
31.66	-2.7447
31.66	-2.7447
31.66	-2.7447
31.65	-2.7448
31.65	-2.7448
31.65	-2.7448
31.64	-2.7447
31.64	-2.7445
31.64	-2.7446
31.64	-2.7445
31.63	-2.7446
31.63	-2.7444
31.63	-2.7444
31.63	-2.7444
31.63	-2.7444
31.62	-2.7444
31.62	-2.7444
31.62	-2.7444
31.62	-2.7443
31.61	-2.7445
31.61	-2.7443
31.61	-2.7443
31.61	-2.7444
31.60	-2.7444
31.60	-2.7443
31.60	-2.7442
31.60	-2.7443
31.59	-2.7444
31.59	-2.7443
31.58	-2.7444
31.58	-2.7443
31.58	-2.7443
31.58	-2.7444
31.57	-2.7444
31.57	-2.7443
31.57	-2.7445
31.57	-2.7444
31.56	-2.7445
31.56	-2.7442
31.56	-2.7445
31.56	-2.7444
31.55	-2.7443
31.55	-2.7443
31.55	-2.7443
31.54	-2.7443
31.54	-2.7442
31.54	-2.7442
31.54	-2.7444
31.54	-2.7443
31.54	-2.7444
31.53	-2.7442
31.53	-2.7443
31.53	-2.7442
31.53	-2.7445
31.52	-2.7443
31.52	-2.7443
31.51	-2.7444
31.51	-2.7444
31.50	-2.7445
31.50	-2.7443
31.51	-2.7444
31.50	-2.7445
31.50	-2.7445
31.50	-2.7443
31.50	-2.7445
31.50	-2.7444
31.50	-2.7446
31.49	-2.7446
31.49	-2.7444
31.49	-2.7445
31.48	-2.7445
31.48	-2.7446
31.48	-2.7445
31.47	-2.7445
31.47	-2.7444
31.47	-2.7445
31.46	-2.7445
31.46	-2.7445
31.46	-2.7446
31.46	-2.7446
31.46	-2.7446
31.45	-2.7446
31.45	-2.7444
31.45	-2.7446
31.45	-2.7445
31.45	-2.7445
31.45	-2.7446
31.45	-2.7446
31.45	-2.7446
31.45	-2.7445
31.45	-2.7445
31.44	-2.7445
31.44	-2.7445
31.43	-2.7443
31.43	-2.7445
31.43	-2.7443
31.43	-2.7444
31.43	-2.7444
31.42	-2.7443
31.42	-2.7442
31.41	-2.7443
31.41	-2.7443
31.41	-2.7443
31.40	-2.7442
31.40	-2.7440
31.40	-2.7442
31.39	-2.7443
31.39	-2.7442
31.40	-2.7442
31.39	-2.7442
31.39	-2.7442
31.39	-2.7441
31.38	-2.7442
31.38	-2.7441
31.38	-2.7442
31.38	-2.7440
31.37	-2.7441
31.37	-2.7441
31.37	-2.7442
31.37	-2.7440
31.36	-2.7443
31.36	-2.7441
31.36	-2.7442
31.36	-2.7441
31.35	-2.7442
31.35	-2.7440
31.35	-2.7440
31.35	-2.7441
31.34	-2.7439
31.34	-2.7440
31.34	-2.7442
31.33	-2.7440
31.33	-2.7440
31.32	-2.7441
31.32	-2.7440
31.32	-2.7439
31.32	-2.7441
31.32	-2.7440
31.32	-2.7440
31.31	-2.7442
31.31	-2.7440
31.31	-2.7441
31.30	-2.7441
31.30	-2.7441
31.30	-2.7440
31.30	-2.7441
31.30	-2.7440
31.30	-2.7441
31.30	-2.7440
31.29	-2.7439
31.29	-2.7440
31.29	-2.7440
31.28	-2.7440
31.28	-2.7441
31.28	-2.7440
31.28	-2.7438
31.28	-2.7440
31.27	-2.7440
31.27	-2.7439
31.27	-2.7438
31.26	-2.7438
31.26	-2.7439
31.26	-2.7438
31.26	-2.7438
31.25	-2.7438
31.25	-2.7438
31.25	-2.7437
31.25	-2.7438
31.25	-2.7438
31.24	-2.7437
31.24	-2.7436
31.24	-2.7437
31.23	-2.7437
31.23	-2.7435
31.23	-2.7435
31.23	-2.7434
31.23	-2.7434
31.22	-2.7435
31.22	-2.7436
31.21	-2.7434
31.21	-2.7433
31.21	-2.7434
31.21	-2.7433
31.20	-2.7433
31.20	-2.7431
31.20	-2.7431
31.20	-2.7431
31.20	-2.7430
31.20	-2.7431
31.19	-2.7432
31.19	-2.7431
31.19	-2.7429
31.18	-2.7430
31.18	-2.7431
31.18	-2.7431
31.18	-2.7430
31.18	-2.7430
31.17	-2.7430
31.17	-2.7428
31.17	-2.7430
31.16	-2.7429
31.16	-2.7429
31.15	-2.7427
31.15	-2.7428
31.15	-2.7427
31.15	-2.7427
31.15	-2.7426
31.15	-2.7427
31.14	-2.7427
31.14	-2.7427
31.14	-2.7427
31.14	-2.7427
31.13	-2.7427
31.13	-2.7426
31.13	-2.7425
31.13	-2.7425
31.12	-2.7424
31.12	-2.7422
31.12	-2.7426
31.12	-2.7423
31.12	-2.7424
31.11	-2.7425
31.11	-2.7424
31.10	-2.7424
31.10	-2.7421
31.10	-2.7424
31.10	-2.7423
31.10	-2.7424
31.10	-2.7422
31.09	-2.7423
31.09	-2.7422
31.09	-2.7422
31.08	-2.7423
31.08	-2.7422
31.07	-2.7422
31.07	-2.7422
31.07	-2.7422
31.07	-2.7423
31.07	-2.7423
31.07	-2.7423
31.06	-2.7421
31.06	-2.7422
31.06	-2.7419
31.06	-2.7421
31.05	-2.7421
31.05	-2.7424
31.05	-2.7420
31.05	-2.7420
31.05	-2.7421
31.04	-2.7423
31.03	-2.7422
31.03	-2.7422
31.03	-2.7422
31.03	-2.7419
31.03	-2.7420
31.02	-2.7418
31.02	-2.7419
31.01	-2.7417
31.01	-2.7418
31.01	-2.7418
31.01	-2.7419
31.01	-2.7417
31.01	-2.7418
31.01	-2.7415
31.00	-2.7416
31.00	-2.7416
31.00	-2.7415
31.00	-2.7415
31.00	-2.7413
30.99	-2.7414
30.99	-2.7414
30.99	-2.7412
30.98	-2.7414
30.98	-2.7414
30.98	-2.7413
30.98	-2.7411
30.97	-2.7412
30.97	-2.7413
30.97	-2.7412
30.97	-2.7411
30.96	-2.7412
30.96	-2.7411
30.95	-2.7411
30.95	-2.7410
30.95	-2.7411
30.95	-2.7410
30.95	-2.7409
30.95	-2.7409
30.95	-2.7409
30.94	-2.7408
30.94	-2.7409
30.93	-2.7408
30.93	-2.7409
30.93	-2.7409
30.93	-2.7408
30.93	-2.7409
30.93	-2.7405
30.92	-2.7406
30.92	-2.7405
30.92	-2.7406
30.91	-2.7405
30.91	-2.7407
30.91	-2.7403
30.91	-2.7404
30.91	-2.7404
30.90	-2.7404
30.90	-2.7402
30.90	-2.7402
30.89	-2.7404
30.89	-2.7402
30.89	-2.7401
30.88	-2.7401
30.88	-2.7401
30.88	-2.7401
30.88	-2.7402
30.88	-2.7398
30.88	-2.7399
30.88	-2.7401
30.87	-2.7400
30.87	-2.7401
30.87	-2.7400
30.87	-2.7401
30.87	-2.7400
30.86	-2.7399
30.86	-2.7399
30.86	-2.7399
30.85	-2.7400
30.85	-2.7400
30.85	-2.7399
30.85	-2.7398
30.84	-2.7398
30.84	-2.7397
30.83	-2.7398
30.83	-2.7398
30.82	-2.7398
30.82	-2.7398
30.82	-2.7396
30.82	-2.7397
30.82	-2.7396
30.81	-2.7397
30.81	-2.7395
30.81	-2.7396
30.81	-2.7398
30.81	-2.7396
30.80	-2.7396
30.80	-2.7399
30.80	-2.7394
30.80	-2.7396
30.80	-2.7395
30.79	-2.7395
30.79	-2.7394
30.79	-2.7392
30.79	-2.7396
30.79	-2.7394
30.78	-2.7395
30.78	-2.7392
30.78	-2.7391
30.78	-2.7392
30.77	-2.7393
30.77	-2.7391
30.76	-2.7392
30.76	-2.7391
30.76	-2.7389
30.76	-2.7390
30.75	-2.7389
30.75	-2.7390
30.75	-2.7390
30.75	-2.7390
30.74	-2.7389
30.74	-2.7388
30.74	-2.7389
30.73	-2.7389
30.73	-2.7387
30.73	-2.7387
30.73	-2.7388
30.73	-2.7386
30.72	-2.7387
30.72	-2.7387
30.72	-2.7386
30.71	-2.7385
30.71	-2.7385
30.71	-2.7385
30.70	-2.7384
30.70	-2.7384
30.71	-2.7383
30.71	-2.7383
30.70	-2.7383
30.70	-2.7383
30.70	-2.7385
30.70	-2.7383
30.70	-2.7383
30.69	-2.7382
30.69	-2.7383
30.68	-2.7383
30.68	-2.7380
30.68	-2.7380
30.68	-2.7381
30.68	-2.7380
30.67	-2.7380
30.67	-2.7379
30.66	-2.7381
30.66	-2.7381
30.66	-2.7379
30.65	-2.7377
30.65	-2.7380
30.65	-2.7379
30.65	-2.7377
30.65	-2.7378
30.65	-2.7377
30.64	-2.7377
30.64	-2.7376
30.64	-2.7377
30.64	-2.7378
30.64	-2.7375
30.64	-2.7375
30.63	-2.7376
30.63	-2.7375
30.63	-2.7376
30.63	-2.7374
30.63	-2.7374
30.62	-2.7374
30.61	-2.7374
30.61	-2.7373
30.60	-2.7373
30.60	-2.7373
30.60	-2.7372
30.60	-2.7373
30.60	-2.7371
30.59	-2.7372
30.59	-2.7371
30.59	-2.7370
30.59	-2.7374
30.59	-2.7370
30.58	-2.7373
30.58	-2.7370
30.58	-2.7373
30.58	-2.7371
30.57	-2.7372
30.57	-2.7371
30.57	-2.7372
30.57	-2.7372
30.57	-2.7371
30.57	-2.7371
30.56	-2.7371
30.56	-2.7370
30.56	-2.7371
30.56	-2.7371
30.55	-2.7369
30.55	-2.7370
30.55	-2.7371
30.55	-2.7372
30.55	-2.7369
30.54	-2.7371
30.54	-2.7369
30.54	-2.7369
30.53	-2.7370
30.53	-2.7371
30.53	-2.7369
30.53	-2.7369
30.52	-2.7369
30.52	-2.7367
30.51	-2.7367
30.51	-2.7367
30.51	-2.7366
30.51	-2.7365
30.51	-2.7367
30.50	-2.7365
30.50	-2.7365
30.50	-2.7366
30.50	-2.7364
30.50	-2.7363
30.49	-2.7364
30.49	-2.7362
30.49	-2.7362
30.48	-2.7362
30.48	-2.7361
30.48	-2.7362
30.48	-2.7359
30.48	-2.7359
30.47	-2.7358
30.47	-2.7358
30.47	-2.7358
30.47	-2.7358
30.46	-2.7356
30.46	-2.7356
30.46	-2.7356
30.46	-2.7356
30.45	-2.7354
30.45	-2.7355
30.45	-2.7354
30.45	-2.7355
30.45	-2.7354
30.44	-2.7354
30.44	-2.7352
30.43	-2.7354
30.43	-2.7351
30.43	-2.7353
30.43	-2.7354
30.43	-2.7353
30.43	-2.7351
30.42	-2.7353
30.42	-2.7353
30.42	-2.7352
30.42	-2.7352
30.41	-2.7352
30.41	-2.7353
30.41	-2.7352
30.40	-2.7354
30.40	-2.7354
30.40	-2.7354
30.40	-2.7352
30.39	-2.7353
30.39	-2.7351
30.39	-2.7353
30.38	-2.7351
30.38	-2.7351
30.38	-2.7352
30.38	-2.7354
30.38	-2.7352
30.38	-2.7354
30.37	-2.7352
30.37	-2.7352
30.37	-2.7353
30.36	-2.7352
30.36	-2.7353
30.36	-2.7352
30.35	-2.7353
30.35	-2.7353
30.34	-2.7351
30.34	-2.7353
30.34	-2.7353
30.34	-2.7351
30.34	-2.7351
30.34	-2.7352
30.34	-2.7351
30.34	-2.7351
30.34	-2.7352
30.33	-2.7353
30.33	-2.7352
30.33	-2.7352
30.32	-2.7352
30.32	-2.7352
30.32	-2.7352
30.31	-2.7353
30.31	-2.7350
30.31	-2.7351
30.31	-2.7350
30.30	-2.7350
30.30	-2.7351
30.30	-2.7349
30.30	-2.7351
30.29	-2.7350
30.29	-2.7349
30.29	-2.7350
30.28	-2.7350
30.28	-2.7346
30.28	-2.7349
30.28	-2.7347
30.28	-2.7347
30.28	-2.7348
30.28	-2.7345
30.27	-2.7347
30.27	-2.7345
30.27	-2.7345
30.26	-2.7345
30.26	-2.7346
30.25	-2.7345
30.25	-2.7345
30.25	-2.7344
30.25	-2.7344
30.25	-2.7342
30.25	-2.7344
30.24	-2.7341
30.24	-2.7345
30.23	-2.7341
30.23	-2.7343
30.23	-2.7342
30.23	-2.7340
30.22	-2.7341
30.22	-2.7338
30.22	-2.7339
30.22	-2.7337
30.22	-2.7338
30.22	-2.7336
30.21	-2.7336
30.21	-2.7337
30.21	-2.7337
30.20	-2.7337
30.20	-2.7336
30.20	-2.7335
30.20	-2.7334
30.19	-2.7335
30.19	-2.7334
30.19	-2.7334
30.19	-2.7334
30.18	-2.7334
30.18	-2.7334
30.18	-2.7332
30.18	-2.7334
30.18	-2.7333
30.18	-2.7333
30.17	-2.7334
30.17	-2.7335
30.16	-2.7330
30.17	-2.7332
30.17	-2.7331
30.16	-2.7331
30.16	-2.7331
30.15	-2.7331
30.15	-2.7330
30.14	-2.7330
30.14	-2.7331
30.14	-2.7329
30.13	-2.7329
30.13	-2.7330
30.13	-2.7329
30.13	-2.7330
30.13	-2.7327
30.13	-2.7330
30.13	-2.7328
30.12	-2.7328
30.12	-2.7331
30.12	-2.7327
30.11	-2.7331
30.11	-2.7328
30.11	-2.7329
30.10	-2.7329
30.10	-2.7329
30.09	-2.7330
30.09	-2.7330
30.09	-2.7331
30.09	-2.7328
30.08	-2.7330
30.09	-2.7329
30.08	-2.7330
30.08	-2.7328
30.07	-2.7329
30.07	-2.7328
30.07	-2.7327
30.07	-2.7331
30.07	-2.7329
30.07	-2.7329
30.06	-2.7329
30.06	-2.7329
30.06	-2.7327
30.05	-2.7327
30.05	-2.7329
30.05	-2.7330
30.05	-2.7330
30.05	-2.7328
30.05	-2.7328
30.04	-2.7329
30.04	-2.7328
30.04	-2.7327
30.04	-2.7329
30.04	-2.7328
30.04	-2.7327
30.03	-2.7328
30.03	-2.7328
30.02	-2.7329
30.02	-2.7329
30.02	-2.7327
30.02	-2.7329
30.01	-2.7326
30.01	-2.7327
30.01	-2.7326
30.01	-2.7327
30.00	-2.7325
30.00	-2.7327
30.00	-2.7329
29.99	-2.7328
29.99	-2.7327
29.99	-2.7329
29.99	-2.7326
29.99	-2.7328
29.98	-2.7327
29.98	-2.7328
29.98	-2.7327
29.98	-2.7328
29.97	-2.7328
29.97	-2.7328
29.97	-2.7329
29.97	-2.7327
29.96	-2.7327
29.96	-2.7329
29.95	-2.7329
29.95	-2.7328
29.95	-2.7328
29.95	-2.7327
29.95	-2.7327
29.95	-2.7327
29.95	-2.7328
29.94	-2.7328
29.94	-2.7326
29.93	-2.7327
29.93	-2.7326
29.93	-2.7326
29.93	-2.7327
29.93	-2.7328
29.92	-2.7327
29.92	-2.7328
29.92	-2.7327
29.92	-2.7327
29.92	-2.7326
29.91	-2.7327
29.91	-2.7328
29.90	-2.7323
29.90	-2.7326
29.90	-2.7325
29.90	-2.7326
29.90	-2.7325
29.90	-2.7325
29.89	-2.7324
29.89	-2.7323
29.89	-2.7324
29.89	-2.7325
29.88	-2.7324
29.88	-2.7326
29.88	-2.7326
29.88	-2.7325
29.87	-2.7325
29.87	-2.7326
29.86	-2.7324
29.86	-2.7325
29.86	-2.7326
29.86	-2.7325
29.85	-2.7326
29.85	-2.7326
29.85	-2.7325
29.85	-2.7323
29.84	-2.7324
29.84	-2.7324
29.84	-2.7324
29.84	-2.7323
29.84	-2.7324
29.83	-2.7324
29.83	-2.7322
29.82	-2.7323
29.82	-2.7323
29.82	-2.7324
29.82	-2.7323
29.82	-2.7321
29.81	-2.7322
29.81	-2.7320
29.81	-2.7322
29.80	-2.7321
29.80	-2.7321
29.80	-2.7319
29.80	-2.7319
29.80	-2.7319
29.80	-2.7319
29.79	-2.7319
29.79	-2.7319
29.79	-2.7320
29.78	-2.7319
29.78	-2.7319
29.78	-2.7318
29.78	-2.7318
29.78	-2.7319
29.78	-2.7318
29.77	-2.7319
29.77	-2.7317
29.76	-2.7320
29.76	-2.7317
29.76	-2.7318
29.76	-2.7319
29.76	-2.7318
29.75	-2.7319
29.75	-2.7318
29.75	-2.7319
29.75	-2.7318
29.75	-2.7318
29.74	-2.7319
29.74	-2.7317
29.74	-2.7318
29.73	-2.7317
29.73	-2.7318
29.73	-2.7318
29.73	-2.7318
29.72	-2.7318
29.72	-2.7317
29.72	-2.7318
29.72	-2.7317
29.72	-2.7319
29.71	-2.7318
29.71	-2.7316
29.71	-2.7317
29.70	-2.7318
29.70	-2.7317
29.70	-2.7317
29.70	-2.7317
29.69	-2.7315
29.69	-2.7316
29.69	-2.7314
29.68	-2.7317
29.68	-2.7315
29.68	-2.7315
29.68	-2.7316
29.68	-2.7314
29.68	-2.7314
29.67	-2.7313
29.67	-2.7313
29.67	-2.7314
29.67	-2.7312
29.66	-2.7314
29.66	-2.7312
29.66	-2.7314
29.65	-2.7313
29.65	-2.7312
29.65	-2.7313
29.65	-2.7312
29.65	-2.7312
29.64	-2.7312
29.64	-2.7312
29.64	-2.7311
29.63	-2.7310
29.63	-2.7312
29.63	-2.7311
29.63	-2.7311
29.63	-2.7310
29.63	-2.7309
29.63	-2.7309
29.62	-2.7309
29.62	-2.7310
29.62	-2.7308
29.61	-2.7310
29.61	-2.7309
29.61	-2.7310
29.60	-2.7307
29.60	-2.7307
29.60	-2.7309
29.59	-2.7307
29.59	-2.7308
29.59	-2.7305
29.59	-2.7307
29.59	-2.7308
29.59	-2.7305
29.58	-2.7304
29.58	-2.7305
29.57	-2.7306
29.57	-2.7305
29.57	-2.7304
29.57	-2.7303
29.57	-2.7302
29.57	-2.7302
29.56	-2.7301
29.56	-2.7302
29.56	-2.7302
29.55	-2.7300
29.55	-2.7302
29.55	-2.7302
29.55	-2.7302
29.55	-2.7302
29.55	-2.7299
29.55	-2.7301
29.54	-2.7300
29.54	-2.7301
29.54	-2.7300
29.53	-2.7302
29.53	-2.7301
29.53	-2.7300
29.52	-2.7299
29.52	-2.7300
29.52	-2.7299
29.52	-2.7300
29.51	-2.7301
29.51	-2.7299
29.51	-2.7300
29.51	-2.7301
29.50	-2.7301
29.50	-2.7300
29.50	-2.7299
29.49	-2.7298
29.49	-2.7299
29.49	-2.7299
29.49	-2.7298
29.48	-2.7297
29.48	-2.7297
29.48	-2.7297
29.48	-2.7297
29.48	-2.7297
29.48	-2.7296
29.47	-2.7297
29.47	-2.7295
29.47	-2.7298
29.47	-2.7298
29.47	-2.7295
29.46	-2.7297
29.46	-2.7296
29.46	-2.7297
29.46	-2.7296
29.45	-2.7297
29.45	-2.7296
29.45	-2.7298
29.44	-2.7296
29.44	-2.7295
29.44	-2.7296
29.44	-2.7297
29.43	-2.7296
29.43	-2.7294
29.43	-2.7297
29.43	-2.7296
29.43	-2.7295
29.42	-2.7296
29.42	-2.7295
29.42	-2.7295
29.41	-2.7294
29.41	-2.7294
29.40	-2.7294
29.40	-2.7294
29.40	-2.7294
29.40	-2.7294
29.40	-2.7295
29.39	-2.7292
29.39	-2.7294
29.39	-2.7294
29.38	-2.7292
29.38	-2.7293
29.38	-2.7292
29.38	-2.7293
29.38	-2.7293
29.38	-2.7293
29.37	-2.7293
29.37	-2.7291
29.37	-2.7290
29.37	-2.7291
29.36	-2.7290
29.36	-2.7290
29.36	-2.7289
29.36	-2.7289
29.35	-2.7289
29.34	-2.7289
29.34	-2.7289
29.34	-2.7287
29.34	-2.7286
29.34	-2.7287
29.34	-2.7287
29.33	-2.7287
29.33	-2.7283
29.33	-2.7286
29.32	-2.7284
29.32	-2.7284
29.32	-2.7284
29.31	-2.7285
29.31	-2.7284
29.31	-2.7281
29.31	-2.7283
29.30	-2.7282
29.30	-2.7282
29.30	-2.7282
29.30	-2.7282
29.30	-2.7280
29.30	-2.7281
29.29	-2.7280
29.29	-2.7280
29.29	-2.7279
29.29	-2.7280
29.28	-2.7282
29.28	-2.7280
29.28	-2.7280
29.28	-2.7279
29.27	-2.7278
29.27	-2.7278
29.27	-2.7279
29.27	-2.7278
29.26	-2.7278
29.26	-2.7277
29.26	-2.7277
29.25	-2.7277
29.25	-2.7277
29.25	-2.7278
29.25	-2.7277
29.24	-2.7277
29.24	-2.7278
29.23	-2.7277
29.23	-2.7275
29.23	-2.7276
29.23	-2.7276
29.23	-2.7276
29.23	-2.7276
29.23	-2.7276
29.23	-2.7275
29.22	-2.7275
29.22	-2.7275
29.22	-2.7273
29.21	-2.7274
29.21	-2.7273
29.21	-2.7272
29.21	-2.7273
29.21	-2.7274
29.21	-2.7273
29.20	-2.7273
29.20	-2.7272
29.19	-2.7271
29.19	-2.7272
29.18	-2.7270
29.18	-2.7271
29.18	-2.7272
29.18	-2.7271
29.18	-2.7270
29.18	-2.7268
29.17	-2.7270
29.17	-2.7269
29.17	-2.7268
29.17	-2.7269
29.17	-2.7270
29.17	-2.7268
29.16	-2.7267
29.16	-2.7267
29.15	-2.7269
29.15	-2.7266
29.15	-2.7267
29.15	-2.7267
29.14	-2.7266
29.14	-2.7266
29.14	-2.7265
29.13	-2.7266
29.13	-2.7265
29.14	-2.7265
29.13	-2.7265
29.13	-2.7266
29.13	-2.7264
29.13	-2.7264
29.12	-2.7263
29.12	-2.7264
29.12	-2.7264
29.12	-2.7263
29.11	-2.7263
29.11	-2.7262
29.10	-2.7261
29.10	-2.7262
29.10	-2.7263
29.09	-2.7263
29.09	-2.7261
29.09	-2.7260
29.09	-2.7261
29.09	-2.7261
29.09	-2.7263
29.08	-2.7261
29.08	-2.7261
29.08	-2.7262
29.07	-2.7262
29.07	-2.7260
29.07	-2.7262
29.07	-2.7261
29.07	-2.7261
29.07	-2.7260
29.06	-2.7258
29.06	-2.7260
29.06	-2.7259
29.05	-2.7257
29.05	-2.7259
29.05	-2.7259
29.04	-2.7259
29.04	-2.7256
29.04	-2.7259
29.04	-2.7258
29.04	-2.7256
29.04	-2.7256
29.03	-2.7260
29.03	-2.7255
29.03	-2.7257
29.03	-2.7256
29.02	-2.7257
29.02	-2.7258
29.01	-2.7258
29.01	-2.7257
29.01	-2.7257
29.01	-2.7255
29.00	-2.7256
29.00	-2.7256
29.00	-2.7258
29.00	-2.7255
29.00	-2.7254
29.00	-2.7254
28.99	-2.7255
28.99	-2.7253
28.99	-2.7253
28.98	-2.7252
28.98	-2.7253
28.98	-2.7251
28.97	-2.7251
28.97	-2.7251
28.97	-2.7250
28.97	-2.7249
28.96	-2.7250
28.96	-2.7250
28.96	-2.7249
28.95	-2.7247
28.95	-2.7247
28.95	-2.7246
28.95	-2.7246
28.95	-2.7247
28.95	-2.7247
28.94	-2.7248
28.94	-2.7246
28.94	-2.7245
28.93	-2.7245
28.93	-2.7246
28.93	-2.7247
28.93	-2.7244
28.93	-2.7247
28.93	-2.7245
28.92	-2.7245
28.92	-2.7245
28.92	-2.7247
28.91	-2.7245
28.91	-2.7247
28.91	-2.7245
28.91	-2.7247
28.91	-2.7246
28.90	-2.7246
28.90	-2.7246
28.89	-2.7246
28.89	-2.7247
28.89	-2.7245
28.88	-2.7247
28.88	-2.7245
28.88	-2.7245
28.88	-2.7246
28.88	-2.7243
28.87	-2.7245
28.87	-2.7245
28.87	-2.7244
28.87	-2.7247
28.87	-2.7245
28.86	-2.7244
28.86	-2.7244
28.85	-2.7244
28.85	-2.7244
28.85	-2.7245
28.85	-2.7246
28.84	-2.7245
28.84	-2.7245
28.84	-2.7243
28.84	-2.7244
28.84	-2.7243
28.84	-2.7244
28.83	-2.7243
28.82	-2.7242
28.82	-2.7243
28.82	-2.7241
28.82	-2.7243
28.82	-2.7241
28.82	-2.7242
28.81	-2.7240
28.81	-2.7241
28.80	-2.7241
28.80	-2.7240
28.80	-2.7242
28.80	-2.7240
28.80	-2.7241
28.79	-2.7240
28.79	-2.7240
28.79	-2.7239
28.79	-2.7240
28.79	-2.7239
28.79	-2.7238
28.78	-2.7238
28.78	-2.7237
28.78	-2.7238
28.78	-2.7240
28.78	-2.7238
28.77	-2.7237
28.77	-2.7237
28.77	-2.7236
28.77	-2.7237
28.77	-2.7236
28.76	-2.7235
28.76	-2.7236
28.76	-2.7234
28.75	-2.7232
28.75	-2.7234
28.75	-2.7232
28.75	-2.7234
28.74	-2.7234
28.74	-2.7233
28.74	-2.7231
28.74	-2.7234
28.73	-2.7232
28.73	-2.7232
28.73	-2.7231
28.73	-2.7231
28.73	-2.7231
28.72	-2.7230
28.72	-2.7230
28.72	-2.7231
28.71	-2.7229
28.71	-2.7230
28.71	-2.7228
28.71	-2.7230
28.71	-2.7228
28.70	-2.7229
28.70	-2.7227
28.70	-2.7228
28.70	-2.7228
28.69	-2.7227
28.69	-2.7225
28.69	-2.7226
28.68	-2.7226
28.68	-2.7226
28.68	-2.7226
28.68	-2.7227
28.68	-2.7225
28.67	-2.7225
28.67	-2.7226
28.67	-2.7224
28.66	-2.7224
28.66	-2.7225
28.65	-2.7225
28.65	-2.7223
28.65	-2.7224
28.65	-2.7222
28.65	-2.7225
28.65	-2.7223
28.64	-2.7224
28.64	-2.7224
28.64	-2.7224
28.64	-2.7223
28.63	-2.7221
28.63	-2.7222
28.63	-2.7221
28.63	-2.7221
28.62	-2.7222
28.62	-2.7221
28.62	-2.7220
28.62	-2.7221
28.61	-2.7222
28.61	-2.7219
28.61	-2.7220
28.61	-2.7221
28.60	-2.7221
28.60	-2.7220
28.59	-2.7220
28.59	-2.7220
28.59	-2.7220
28.58	-2.7219
28.58	-2.7218
28.58	-2.7220
28.58	-2.7219
28.58	-2.7219
28.57	-2.7220
28.57	-2.7219
28.57	-2.7221
28.57	-2.7218
28.57	-2.7219
28.57	-2.7218
28.57	-2.7219
28.56	-2.7219
28.56	-2.7218
28.55	-2.7219
28.55	-2.7220
28.55	-2.7219
28.55	-2.7220
28.55	-2.7218
28.54	-2.7220
28.54	-2.7220
28.54	-2.7220
28.53	-2.7220
28.53	-2.7220
28.53	-2.7219
28.53	-2.7220
28.53	-2.7219
28.53	-2.7218
28.52	-2.7219
28.52	-2.7218
28.51	-2.7218
28.51	-2.7219
28.51	-2.7221
28.51	-2.7219
28.51	-2.7218
28.51	-2.7219
28.50	-2.7218
28.50	-2.7219
28.50	-2.7219
28.50	-2.7220
28.49	-2.7220
28.49	-2.7219
28.49	-2.7220
28.48	-2.7219
28.48	-2.7220
28.48	-2.7218
28.48	-2.7219
28.48	-2.7219
28.47	-2.7219
28.47	-2.7220
28.47	-2.7219
28.47	-2.7219
28.47	-2.7220
28.46	-2.7219
28.46	-2.7219
28.45	-2.7220
28.45	-2.7219
28.45	-2.7217
28.45	-2.7218
28.45	-2.7218
28.44	-2.7219
28.44	-2.7218
28.44	-2.7219
28.43	-2.7218
28.43	-2.7219
28.43	-2.7218
28.43	-2.7218
28.43	-2.7217
28.42	-2.7219
28.42	-2.7217
28.42	-2.7218
28.41	-2.7217
28.41	-2.7217
28.41	-2.7218
28.40	-2.7215
28.40	-2.7216
28.40	-2.7216
28.40	-2.7216
28.40	-2.7217
28.40	-2.7216
28.40	-2.7215
28.40	-2.7215
28.39	-2.7215
28.39	-2.7216
28.38	-2.7216
28.38	-2.7214
28.38	-2.7215
28.38	-2.7215
28.38	-2.7214
28.38	-2.7216
28.37	-2.7214
28.36	-2.7215
28.36	-2.7216
28.36	-2.7213
28.35	-2.7214
28.35	-2.7215
28.35	-2.7213
28.35	-2.7214
28.35	-2.7213
28.35	-2.7214
28.34	-2.7211
28.34	-2.7213
28.33	-2.7212
28.33	-2.7212
28.33	-2.7212
28.33	-2.7213
28.33	-2.7212
28.32	-2.7212
28.32	-2.7214
28.32	-2.7213
28.32	-2.7214
28.32	-2.7212
28.32	-2.7214
28.32	-2.7214
28.31	-2.7213
28.31	-2.7213
28.30	-2.7214
28.30	-2.7212
28.30	-2.7214
28.29	-2.7213
28.29	-2.7212
28.28	-2.7213
28.28	-2.7212
28.28	-2.7212
28.28	-2.7212
28.28	-2.7214
28.28	-2.7213
28.28	-2.7213
28.28	-2.7212
28.28	-2.7212
28.27	-2.7212
28.27	-2.7213
28.27	-2.7213
28.26	-2.7214
28.26	-2.7214
28.25	-2.7213
28.25	-2.7211
28.25	-2.7213
28.25	-2.7213
28.25	-2.7212
28.24	-2.7212
28.24	-2.7211
28.24	-2.7212
28.23	-2.7213
28.23	-2.7212
28.23	-2.7212
28.23	-2.7211
28.23	-2.7209
28.22	-2.7210
28.22	-2.7211
28.22	-2.7210
28.21	-2.7209
28.21	-2.7209
28.20	-2.7211
28.20	-2.7209
28.20	-2.7209
28.20	-2.7210
28.20	-2.7208
28.20	-2.7208
28.20	-2.7208
28.19	-2.7207
28.19	-2.7208
28.19	-2.7207
28.18	-2.7208
28.18	-2.7207
28.18	-2.7207
28.18	-2.7206
28.18	-2.7205
28.17	-2.7206
28.17	-2.7204
28.17	-2.7204
28.17	-2.7205
28.17	-2.7203
28.16	-2.7205
28.16	-2.7203
28.15	-2.7202
28.15	-2.7202
28.15	-2.7203
28.14	-2.7203
28.14	-2.7201
28.14	-2.7201
28.14	-2.7203
28.13	-2.7203
28.13	-2.7202
28.13	-2.7200
28.13	-2.7199
28.13	-2.7200
28.13	-2.7202
28.13	-2.7200
28.12	-2.7200
28.12	-2.7202
28.12	-2.7200
28.11	-2.7200
28.11	-2.7199
28.11	-2.7201
28.11	-2.7200
28.10	-2.7200
28.10	-2.7199
28.10	-2.7199
28.09	-2.7199
28.09	-2.7198
28.09	-2.7198
28.09	-2.7196
28.09	-2.7199
28.09	-2.7198
28.08	-2.7197
28.07	-2.7197
28.07	-2.7196
28.07	-2.7196
28.07	-2.7196
28.07	-2.7196
28.06	-2.7195
28.06	-2.7195
28.06	-2.7195
28.06	-2.7194
28.05	-2.7198
28.05	-2.7196
28.05	-2.7194
28.05	-2.7196
28.05	-2.7196
28.04	-2.7195
28.04	-2.7197
28.04	-2.7195
28.03	-2.7196
28.03	-2.7196
28.03	-2.7196
28.03	-2.7194
28.03	-2.7194
28.03	-2.7194
28.02	-2.7197
28.02	-2.7195
28.02	-2.7194
28.02	-2.7195
28.01	-2.7194
28.00	-2.7194
28.00	-2.7193
28.00	-2.7194
28.00	-2.7194
28.00	-2.7194
28.00	-2.7194
28.00	-2.7194
27.99	-2.7193
27.99	-2.7194
27.99	-2.7191
27.98	-2.7193
27.98	-2.7192
27.98	-2.7192
27.98	-2.7192
27.98	-2.7191
27.98	-2.7192
27.97	-2.7192
27.97	-2.7192
27.97	-2.7192
27.97	-2.7193
27.96	-2.7193
27.96	-2.7192
27.95	-2.7193
27.95	-2.7192
27.95	-2.7191
27.95	-2.7190
27.95	-2.7191
27.94	-2.7191
27.94	-2.7190
27.94	-2.7190
27.93	-2.7189
27.93	-2.7189
27.93	-2.7190
27.93	-2.7188
27.93	-2.7188
27.92	-2.7189
27.92	-2.7187
27.91	-2.7187
27.91	-2.7188
27.91	-2.7187
27.91	-2.7189
27.90	-2.7187
27.90	-2.7188
27.90	-2.7189
27.90	-2.7187
27.90	-2.7187
27.89	-2.7186
27.89	-2.7188
27.89	-2.7186
27.88	-2.7187
27.88	-2.7187
27.88	-2.7187
27.88	-2.7187
27.88	-2.7186
27.88	-2.7187
27.88	-2.7186
27.88	-2.7185
27.88	-2.7186
27.87	-2.7186
27.87	-2.7185
27.86	-2.7185
27.86	-2.7186
27.86	-2.7185
27.85	-2.7185
27.85	-2.7186
27.85	-2.7186
27.85	-2.7184
27.84	-2.7185
27.84	-2.7185
27.84	-2.7185
27.84	-2.7184
27.83	-2.7185
27.83	-2.7183
27.83	-2.7186
27.82	-2.7185
27.82	-2.7185
27.82	-2.7184
27.82	-2.7184
27.81	-2.7186
27.81	-2.7185
27.81	-2.7185
27.81	-2.7185
27.80	-2.7184
27.80	-2.7185
27.80	-2.7182
27.80	-2.7184
27.80	-2.7185
27.80	-2.7184
27.79	-2.7183
27.79	-2.7184
27.79	-2.7184
27.79	-2.7183
27.79	-2.7185
27.78	-2.7184
27.78	-2.7184
27.78	-2.7183
27.78	-2.7184
27.77	-2.7184
27.77	-2.7184
27.76	-2.7183
27.76	-2.7184
27.76	-2.7183
27.76	-2.7185
27.76	-2.7185
27.76	-2.7184
27.75	-2.7184
27.75	-2.7184
27.75	-2.7184
27.74	-2.7184
27.74	-2.7183
27.74	-2.7182
27.74	-2.7182
27.73	-2.7184
27.73	-2.7184
27.73	-2.7183
27.73	-2.7181
27.73	-2.7185
27.73	-2.7183
27.72	-2.7181
27.72	-2.7184
27.72	-2.7185
27.71	-2.7181
27.71	-2.7182
27.70	-2.7181
27.70	-2.7182
27.70	-2.7182
27.70	-2.7183
27.70	-2.7182
27.69	-2.7182
27.69	-2.7179
27.69	-2.7181
27.69	-2.7181
27.68	-2.7182
27.68	-2.7182
27.68	-2.7181
27.68	-2.7182
27.68	-2.7180
27.67	-2.7181
27.67	-2.7181
27.67	-2.7181
27.66	-2.7180
27.66	-2.7180
27.66	-2.7182
27.66	-2.7182
27.65	-2.7182
27.65	-2.7182
27.65	-2.7180
27.64	-2.7180
27.64	-2.7180
27.64	-2.7182
27.64	-2.7181
27.64	-2.7179
27.63	-2.7182
27.63	-2.7181
27.63	-2.7182
27.63	-2.7182
27.63	-2.7182
27.62	-2.7182
27.62	-2.7181
27.62	-2.7182
27.62	-2.7181
27.61	-2.7182
27.61	-2.7182
27.61	-2.7183
27.60	-2.7182
27.60	-2.7182
27.60	-2.7182
27.59	-2.7181
27.59	-2.7181
27.59	-2.7183
27.59	-2.7183
27.59	-2.7182
27.58	-2.7181
27.58	-2.7181
27.58	-2.7182
27.57	-2.7181
27.57	-2.7182
27.57	-2.7182
27.57	-2.7183
27.56	-2.7182
27.56	-2.7181
27.56	-2.7183
27.55	-2.7182
27.55	-2.7182
27.55	-2.7183
27.55	-2.7183
27.54	-2.7182
27.54	-2.7183
27.54	-2.7184
27.54	-2.7184
27.54	-2.7184
27.53	-2.7184
27.53	-2.7185
27.53	-2.7184
27.53	-2.7185
27.53	-2.7184
27.53	-2.7187
27.53	-2.7185
27.52	-2.7185
27.52	-2.7185
27.51	-2.7184
27.51	-2.7185
27.51	-2.7184
27.51	-2.7186
27.51	-2.7185
27.50	-2.7185
27.50	-2.7186
27.50	-2.7185
27.50	-2.7183
27.49	-2.7186
27.49	-2.7185
27.49	-2.7186
27.49	-2.7185
27.48	-2.7185
27.48	-2.7187
27.48	-2.7185
27.47	-2.7185
27.47	-2.7186
27.47	-2.7185
27.47	-2.7186
27.47	-2.7185
27.47	-2.7186
27.46	-2.7187
27.46	-2.7186
27.46	-2.7186
27.45	-2.7187
27.45	-2.7188
27.45	-2.7188
27.45	-2.7188
27.45	-2.7188
27.45	-2.7190
27.44	-2.7189
27.44	-2.7189
27.43	-2.7189
27.43	-2.7190
27.43	-2.7193
27.42	-2.7191
27.42	-2.7192
27.42	-2.7191
27.42	-2.7192
27.41	-2.7193
27.41	-2.7192
27.41	-2.7192
27.41	-2.7193
27.40	-2.7195
27.40	-2.7193
27.40	-2.7194
27.40	-2.7194
27.39	-2.7194
27.39	-2.7194
27.39	-2.7193
27.38	-2.7195
27.38	-2.7195
27.38	-2.7198
27.38	-2.7198
27.38	-2.7198
27.37	-2.7196
27.37	-2.7197
27.37	-2.7200
27.36	-2.7199
27.36	-2.7199
27.36	-2.7200
27.36	-2.7198
27.35	-2.7199
27.35	-2.7200
27.35	-2.7200
27.34	-2.7200
27.34	-2.7201
27.34	-2.7202
27.34	-2.7201
27.34	-2.7203
27.33	-2.7204
27.33	-2.7204
27.33	-2.7206
27.33	-2.7204
27.32	-2.7205
27.32	-2.7205
27.32	-2.7207
27.32	-2.7207
27.31	-2.7207
27.31	-2.7208
27.30	-2.7208
27.30	-2.7209
27.30	-2.7210
27.30	-2.7209
27.30	-2.7210
27.30	-2.7210
27.30	-2.7211
27.29	-2.7212
27.29	-2.7212
27.29	-2.7212
27.29	-2.7212
27.29	-2.7212
27.28	-2.7213
27.28	-2.7214
27.28	-2.7215
27.28	-2.7216
27.27	-2.7215
27.27	-2.7216
27.27	-2.7216
27.27	-2.7217
27.27	-2.7218
27.26	-2.7219
27.26	-2.7221
27.25	-2.7219
27.25	-2.7221
27.25	-2.7220
27.25	-2.7221
27.25	-2.7223
27.24	-2.7223
27.24	-2.7223
27.24	-2.7224
27.23	-2.7224
27.23	-2.7226
27.23	-2.7225
27.23	-2.7227
27.23	-2.7228
27.22	-2.7229
27.22	-2.7228
27.22	-2.7229
27.21	-2.7229
27.21	-2.7228
27.21	-2.7231
27.20	-2.7231
27.20	-2.7231
27.20	-2.7231
27.20	-2.7231
27.20	-2.7233
27.20	-2.7234
27.20	-2.7234
27.20	-2.7236
27.19	-2.7235
27.19	-2.7236
27.18	-2.7237
27.18	-2.7237
27.18	-2.7238
27.17	-2.7238
27.17	-2.7239
27.17	-2.7240
27.17	-2.7239
27.16	-2.7243
27.16	-2.7242
27.16	-2.7243
27.16	-2.7243
27.16	-2.7244
27.15	-2.7247
27.15	-2.7247
27.15	-2.7249
27.14	-2.7249
27.14	-2.7249
27.14	-2.7250
27.14	-2.7252
27.14	-2.7252
27.13	-2.7255
27.13	-2.7255
27.13	-2.7256
27.13	-2.7257
27.13	-2.7258
27.13	-2.7259
27.12	-2.7260
27.12	-2.7261
27.11	-2.7263
27.11	-2.7263
27.10	-2.7263
27.10	-2.7265
27.10	-2.7265
27.10	-2.7267
27.09	-2.7268
27.09	-2.7269
27.09	-2.7270
27.09	-2.7273
27.09	-2.7272
27.08	-2.7273
27.08	-2.7275
27.08	-2.7274
27.07	-2.7277
27.07	-2.7277
27.07	-2.7280
27.07	-2.7281
27.07	-2.7282
27.06	-2.7284
27.06	-2.7286
27.06	-2.7287
27.06	-2.7287
27.06	-2.7288
27.05	-2.7288
27.05	-2.7291
27.05	-2.7291
27.05	-2.7292
27.05	-2.7294
27.05	-2.7295
27.04	-2.7295
27.04	-2.7297
27.03	-2.7297
27.03	-2.7301
27.03	-2.7301
27.03	-2.7302
27.03	-2.7304
27.02	-2.7305
27.02	-2.7303
27.01	-2.7306
27.01	-2.7308
27.01	-2.7309
27.00	-2.7311
27.00	-2.7311
27.00	-2.7313
27.00	-2.7315
27.00	-2.7314
27.00	-2.7317
26.99	-2.7317
26.99	-2.7320
26.99	-2.7320
26.99	-2.7322
26.99	-2.7325
26.98	-2.7325
26.98	-2.7326
26.98	-2.7329
26.98	-2.7330
26.97	-2.7332
26.97	-2.7334
26.97	-2.7335
26.96	-2.7339
26.96	-2.7338
26.96	-2.7340
26.96	-2.7342
26.95	-2.7342
26.95	-2.7344
26.95	-2.7346
26.95	-2.7348
26.95	-2.7348
26.94	-2.7349
26.94	-2.7350
26.94	-2.7353
26.94	-2.7353
26.93	-2.7356
26.93	-2.7357
26.93	-2.7358
26.93	-2.7360
26.93	-2.7362
26.92	-2.7364
26.92	-2.7364
26.92	-2.7365
26.91	-2.7368
26.91	-2.7370
26.91	-2.7371
26.90	-2.7373
26.90	-2.7374
26.90	-2.7375
26.89	-2.7377
26.89	-2.7378
26.89	-2.7382
26.89	-2.7382
26.89	-2.7385
26.88	-2.7387
26.88	-2.7390
26.88	-2.7391
26.88	-2.7391
26.88	-2.7394
26.88	-2.7395
26.87	-2.7398
26.87	-2.7400
26.86	-2.7401
26.86	-2.7402
26.85	-2.7404
26.85	-2.7406
26.85	-2.7407
26.85	-2.7410
26.85	-2.7410
26.85	-2.7412
26.84	-2.7415
26.84	-2.7416
26.84	-2.7418
26.84	-2.7419
26.84	-2.7421
26.83	-2.7422
26.83	-2.7424
26.83	-2.7426
26.83	-2.7429
26.83	-2.7429
26.82	-2.7431
26.82	-2.7434
26.82	-2.7436
26.82	-2.7437
26.82	-2.7438
26.81	-2.7439
26.81	-2.7442
26.80	-2.7443
26.80	-2.7445
26.80	-2.7447
26.80	-2.7450
26.79	-2.7451
26.79	-2.7455
26.79	-2.7457
26.79	-2.7459
26.78	-2.7462
26.78	-2.7464
26.78	-2.7464
26.78	-2.7467
26.78	-2.7468
26.77	-2.7472
26.77	-2.7474
26.76	-2.7474
26.76	-2.7477
26.76	-2.7478
26.76	-2.7481
26.76	-2.7483
26.76	-2.7485
26.76	-2.7487
26.76	-2.7489
26.75	-2.7490
26.75	-2.7493
26.74	-2.7494
26.74	-2.7497
26.74	-2.7499
26.74	-2.7502
26.73	-2.7504
26.73	-2.7506
26.73	-2.7508
26.72	-2.7509
26.72	-2.7513
26.73	-2.7514
26.73	-2.7519
26.73	-2.7520
26.72	-2.7522
26.71	-2.7525
26.71	-2.7526
26.71	-2.7528
26.70	-2.7531
26.70	-2.7531
26.70	-2.7536
26.70	-2.7537
26.70	-2.7540
26.69	-2.7540
26.69	-2.7545
26.68	-2.7546
26.68	-2.7548
26.68	-2.7551
26.68	-2.7552
26.68	-2.7555
26.67	-2.7558
26.67	-2.7560
26.67	-2.7561
26.67	-2.7564
26.66	-2.7567
26.66	-2.7569
26.66	-2.7571
26.66	-2.7572
26.65	-2.7577
26.65	-2.7580
26.65	-2.7582
26.65	-2.7584
26.65	-2.7586
26.64	-2.7588
26.64	-2.7592
26.63	-2.7594
26.63	-2.7597
26.63	-2.7600
26.63	-2.7602
26.62	-2.7605
26.62	-2.7608
26.61	-2.7609
26.61	-2.7613
26.61	-2.7615
26.61	-2.7619
26.60	-2.7620
26.60	-2.7622
26.60	-2.7627
26.60	-2.7627
26.60	-2.7630
26.59	-2.7635
26.59	-2.7636
26.59	-2.7639
26.59	-2.7643
26.59	-2.7646
26.58	-2.7649
26.58	-2.7653
26.57	-2.7653
26.57	-2.7656
26.57	-2.7660
26.57	-2.7663
26.57	-2.7664
26.57	-2.7667
26.57	-2.7670
26.57	-2.7674
26.56	-2.7676
26.56	-2.7678
26.56	-2.7681
26.55	-2.7684
26.55	-2.7688
26.55	-2.7690
26.54	-2.7692
26.54	-2.7695
26.54	-2.7698
26.53	-2.7702
26.53	-2.7706
26.54	-2.7708
26.53	-2.7712
26.53	-2.7715
26.53	-2.7718
26.53	-2.7720
26.53	-2.7723
26.52	-2.7726
26.52	-2.7729
26.52	-2.7732
26.51	-2.7735
26.51	-2.7736
26.51	-2.7740
26.50	-2.7744
26.50	-2.7746
26.50	-2.7750
26.50	-2.7755
26.50	-2.7757
26.49	-2.7760
26.49	-2.7761
26.49	-2.7767
26.49	-2.7769
26.48	-2.7772
26.48	-2.7774
26.48	-2.7779
26.48	-2.7782
26.47	-2.7785
26.47	-2.7788
26.46	-2.7792
26.46	-2.7795
26.46	-2.7798
26.46	-2.7801
26.46	-2.7806
26.45	-2.7807
26.45	-2.7812
26.45	-2.7813
26.45	-2.7817
26.44	-2.7821
26.44	-2.7825
26.44	-2.7829
26.44	-2.7830
26.44	-2.7836
26.43	-2.7838
26.43	-2.7841
26.43	-2.7846
26.42	-2.7848
26.42	-2.7852
26.41	-2.7854
26.41	-2.7856
26.41	-2.7862
26.41	-2.7866
26.41	-2.7870
26.40	-2.7872
26.40	-2.7877
26.40	-2.7879
26.40	-2.7882
26.39	-2.7888
26.39	-2.7891
26.39	-2.7894
26.38	-2.7898
26.38	-2.7901
26.38	-2.7903
26.38	-2.7908
26.38	-2.7910
26.38	-2.7916
26.38	-2.7918
26.37	-2.7921
26.37	-2.7925
26.37	-2.7928
26.37	-2.7933
26.36	-2.7935
26.36	-2.7940
26.36	-2.7941
26.35	-2.7948
26.35	-2.7952
26.35	-2.7955
26.35	-2.7960
26.34	-2.7963
26.34	-2.7966
26.34	-2.7971
26.34	-2.7974
26.33	-2.7979
26.33	-2.7983
26.33	-2.7984
26.33	-2.7989
26.33	-2.7993
26.32	-2.7998
26.32	-2.8001
26.32	-2.8007
26.31	-2.8011
26.31	-2.8014
26.31	-2.8018
26.31	-2.8024
26.30	-2.8027
26.30	-2.8032
26.30	-2.8037
26.30	-2.8040
26.30	-2.8046
26.29	-2.8049
26.29	-2.8052
26.29	-2.8059
26.28	-2.8062
26.28	-2.8067
26.28	-2.8071
26.28	-2.8075
26.28	-2.8080
26.28	-2.8084
26.27	-2.8090
26.27	-2.8094
26.27	-2.8097
26.26	-2.8101
26.26	-2.8106
26.26	-2.8109
26.25	-2.8114
26.25	-2.8119
26.25	-2.8122
26.25	-2.8129
26.25	-2.8133
26.24	-2.8138
26.24	-2.8141
26.24	-2.8145
26.24	-2.8150
26.23	-2.8155
26.23	-2.8160
26.23	-2.8163
26.23	-2.8168
26.23	-2.8174
26.23	-2.8178
26.22	-2.8183
26.22	-2.8189
26.21	-2.8193
26.21	-2.8195
26.21	-2.8201
26.21	-2.8207
26.20	-2.8212
26.20	-2.8217
26.20	-2.8219
26.20	-2.8224
26.20	-2.8229
26.20	-2.8234
26.19	-2.8238
26.19	-2.8246
26.19	-2.8250
26.18	-2.8255
26.18	-2.8259
26.17	-2.8264
26.17	-2.8270
26.17	-2.8273
26.17	-2.8278
26.16	-2.8284
26.16	-2.8290
26.16	-2.8295
26.15	-2.8298
26.15	-2.8301
26.15	-2.8309
26.15	-2.8315
26.15	-2.8319
26.15	-2.8325
26.14	-2.8328
26.14	-2.8336
26.13	-2.8339
26.13	-2.8344
26.13	-2.8350
26.13	-2.8356
26.13	-2.8362
26.13	-2.8365
26.13	-2.8373
26.13	-2.8377
26.12	-2.8381
26.12	-2.8388
26.12	-2.8393
26.12	-2.8397
26.11	-2.8402
26.11	-2.8407
26.11	-2.8412
26.10	-2.8417
26.10	-2.8426
26.10	-2.8430
26.09	-2.8435
26.09	-2.8441
26.09	-2.8446
26.09	-2.8450
26.09	-2.8458
26.09	-2.8463
26.09	-2.8466
26.08	-2.8473
26.07	-2.8480
26.07	-2.8484
26.07	-2.8490
26.07	-2.8498
26.07	-2.8502
26.07	-2.8506
26.07	-2.8512
26.06	-2.8517
26.06	-2.8524
26.06	-2.8528
26.05	-2.8533
26.05	-2.8540
26.05	-2.8547
26.05	-2.8552
26.05	-2.8557
26.04	-2.8562
26.04	-2.8567
26.04	-2.8573
26.04	-2.8578
26.03	-2.8585
26.03	-2.8590
26.03	-2.8595
26.03	-2.8601
26.03	-2.8608
26.02	-2.8614
26.02	-2.8618
26.02	-2.8626
26.02	-2.8629
26.01	-2.8638
26.00	-2.8643
26.00	-2.8648
26.00	-2.8656
26.00	-2.8660
26.00	-2.8667
26.00	-2.8673
25.99	-2.8679
25.99	-2.8685
25.98	-2.8691
25.98	-2.8698
25.98	-2.8705
25.98	-2.8712
25.98	-2.8718
25.97	-2.8723
25.97	-2.8730
25.97	-2.8738
25.97	-2.8745
25.97	-2.8751
25.97	-2.8756
25.97	-2.8763
25.97	-2.8771
25.96	-2.8777
25.96	-2.8785
25.95	-2.8791
25.95	-2.8798
25.95	-2.8803
25.95	-2.8811
25.94	-2.8816
25.94	-2.8822
25.94	-2.8832
25.93	-2.8837
25.93	-2.8844
25.93	-2.8851
25.93	-2.8857
25.93	-2.8863
25.92	-2.8871
25.91	-2.8878
25.91	-2.8882
25.91	-2.8892
25.91	-2.8898
25.91	-2.8906
25.90	-2.8911
25.90	-2.8918
25.90	-2.8925
25.90	-2.8932
25.90	-2.8940
25.89	-2.8947
25.89	-2.8954
25.89	-2.8958
25.88	-2.8967
25.88	-2.8972
25.88	-2.8981
25.88	-2.8987
25.88	-2.8994
25.88	-2.9002
25.87	-2.9010
25.86	-2.9016
25.86	-2.9023
25.86	-2.9031
25.86	-2.9036
25.86	-2.9047
25.85	-2.9051
25.85	-2.9060
25.84	-2.9067
25.84	-2.9075
25.84	-2.9082
25.84	-2.9089
25.84	-2.9095
25.84	-2.9102
25.83	-2.9110
25.83	-2.9118
25.83	-2.9128
25.83	-2.9133
25.82	-2.9140
25.82	-2.9145
25.82	-2.9154
25.82	-2.9163
25.82	-2.9170
25.81	-2.9179
25.81	-2.9185
25.81	-2.9191
25.81	-2.9201
25.80	-2.9206
25.80	-2.9214
25.80	-2.9221
25.80	-2.9228
25.79	-2.9237
25.79	-2.9245
25.78	-2.9253
25.78	-2.9260
25.78	-2.9267
25.78	-2.9276
25.78	-2.9284
25.77	-2.9295
25.77	-2.9302
25.76	-2.9310
25.76	-2.9316
25.76	-2.9326
25.76	-2.9334
25.76	-2.9341
25.75	-2.9353
25.75	-2.9360
25.75	-2.9367
25.75	-2.9375
25.75	-2.9381
25.75	-2.9391
25.75	-2.9400
25.75	-2.9408
25.74	-2.9416
25.74	-2.9425
25.73	-2.9433
25.73	-2.9441
25.73	-2.9448
25.73	-2.9456
25.73	-2.9465
25.73	-2.9473
25.73	-2.9483
25.73	-2.9490
25.72	-2.9498
25.72	-2.9506
25.71	-2.9514
25.71	-2.9525
25.70	-2.9533
25.70	-2.9541
25.70	-2.9548
25.69	-2.9555
25.69	-2.9564
25.69	-2.9572
25.68	-2.9583
25.68	-2.9590
25.68	-2.9600
25.68	-2.9607
25.68	-2.9616
25.68	-2.9624
25.68	-2.9634
25.68	-2.9644
25.67	-2.9651
25.67	-2.9660
25.67	-2.9669
25.67	-2.9679
25.66	-2.9686
25.65	-2.9697
25.65	-2.9705
25.65	-2.9716
25.65	-2.9724
25.65	-2.9731
25.64	-2.9740
25.64	-2.9748
25.63	-2.9758
25.63	-2.9768
25.63	-2.9777
25.63	-2.9785
25.63	-2.9794
25.62	-2.9802
25.62	-2.9813
25.62	-2.9821
25.62	-2.9829
25.61	-2.9840
25.61	-2.9847
25.61	-2.9857
25.61	-2.9867
25.60	-2.9875
25.60	-2.9884
25.60	-2.9895
25.60	-2.9902
25.59	-2.9911
25.59	-2.9920
25.59	-2.9928
25.59	-2.9940
25.59	-2.9948
25.59	-2.9958
25.58	-2.9967
25.58	-2.9976
25.57	-2.9986
25.57	-2.9996
25.57	-3.0005
25.57	-3.0013
25.57	-3.0023
25.56	-3.0032
25.56	-3.0042
25.56	-3.0052
25.56	-3.0061
25.55	-3.0072
25.55	-3.0080
25.55	-3.0090
25.55	-3.0101
25.54	-3.0109
25.54	-3.0119
25.54	-3.0127
25.54	-3.0138
25.53	-3.0146
25.53	-3.0157
25.53	-3.0165
25.53	-3.0174
25.53	-3.0184
25.52	-3.0194
25.52	-3.0201
25.51	-3.0215
25.51	-3.0224
25.50	-3.0234
25.50	-3.0241
25.50	-3.0251
25.50	-3.0260
25.50	-3.0272
25.50	-3.0280
25.50	-3.0290
25.50	-3.0300
25.50	-3.0307
25.49	-3.0319
25.49	-3.0330
25.48	-3.0339
25.48	-3.0350
25.48	-3.0360
25.48	-3.0368
25.48	-3.0378
25.48	-3.0389
25.47	-3.0399
25.47	-3.0409
25.46	-3.0418
25.46	-3.0427
25.46	-3.0438
25.45	-3.0449
25.45	-3.0458
25.45	-3.0468
25.45	-3.0476
25.45	-3.0485
25.45	-3.0496
25.44	-3.0508
25.44	-3.0516
25.44	-3.0527
25.44	-3.0535
25.43	-3.0545
25.43	-3.0554
25.43	-3.0564
25.43	-3.0574
25.42	-3.0584
25.42	-3.0593
25.42	-3.0603
25.42	-3.0613
25.42	-3.0622
25.41	-3.0631
25.40	-3.0642
25.40	-3.0651
25.40	-3.0661
25.40	-3.0671
25.40	-3.0681
25.40	-3.0690
25.40	-3.0700
25.39	-3.0711
25.39	-3.0721
25.39	-3.0732
25.38	-3.0741
25.38	-3.0750
25.38	-3.0759
25.38	-3.0769
25.38	-3.0778
25.37	-3.0791
25.37	-3.0799
25.37	-3.0810
25.36	-3.0821
25.36	-3.0830
25.35	-3.0838
25.35	-3.0849
25.34	-3.0859
25.35	-3.0870
25.34	-3.0879
25.34	-3.0888
25.34	-3.0898
25.34	-3.0908
25.34	-3.0919
25.33	-3.0928
25.33	-3.0939
25.33	-3.0948
25.33	-3.0959
25.33	-3.0967
25.32	-3.0979
25.32	-3.0988
25.32	-3.0998
25.32	-3.1006
25.32	-3.1019
25.31	-3.1029
25.31	-3.1040
25.30	-3.1047
25.30	-3.1058
25.30	-3.1066
25.30	-3.1078
25.29	-3.1087
25.29	-3.1095
25.29	-3.1107
25.29	-3.1116
25.28	-3.1125
25.28	-3.1136
25.28	-3.1146
25.28	-3.1154
25.28	-3.1165
25.27	-3.1173
25.27	-3.1185
25.27	-3.1193
25.26	-3.1204
25.26	-3.1212
25.26	-3.1222
25.26	-3.1231
25.25	-3.1243
25.26	-3.1253
25.25	-3.1261
25.25	-3.1269
25.25	-3.1280
25.24	-3.1289
25.24	-3.1299
25.23	-3.1307
25.23	-3.1317
25.23	-3.1327
25.23	-3.1337
25.23	-3.1346
25.23	-3.1356
25.23	-3.1367
25.22	-3.1375
25.22	-3.1386
25.21	-3.1395
25.21	-3.1404
25.21	-3.1413
25.21	-3.1421
25.20	-3.1433
25.20	-3.1443
25.20	-3.1450
25.20	-3.1461
25.20	-3.1470
25.20	-3.1478
25.20	-3.1491
25.19	-3.1497
25.19	-3.1508
25.19	-3.1517
25.19	-3.1526
25.18	-3.1535
25.18	-3.1546
25.18	-3.1554
25.18	-3.1563
25.18	-3.1572
25.17	-3.1581
25.16	-3.1591
25.16	-3.1602
25.16	-3.1610
25.16	-3.1618
25.16	-3.1627
25.16	-3.1636
25.15	-3.1646
25.15	-3.1656
25.15	-3.1665
25.15	-3.1674
25.15	-3.1683
25.14	-3.1691
25.14	-3.1700
25.13	-3.1708
25.13	-3.1721
25.13	-3.1728
25.13	-3.1738
25.13	-3.1746
25.13	-3.1755
25.12	-3.1763
25.12	-3.1775
25.12	-3.1784
25.12	-3.1792
25.11	-3.1801
25.11	-3.1809
25.10	-3.1818
25.10	-3.1828
25.10	-3.1840
25.09	-3.1845
25.09	-3.1855
25.09	-3.1862
25.09	-3.1874
25.09	-3.1882
25.09	-3.1893
25.09	-3.1901
25.08	-3.1908
25.08	-3.1917
25.08	-3.1926
25.07	-3.1933
25.07	-3.1944
25.07	-3.1953
25.07	-3.1960
25.07	-3.1968
25.06	-3.1978
25.06	-3.1987
25.06	-3.1992
25.05	-3.2004
25.05	-3.2012
25.05	-3.2020
25.05	-3.2027
25.05	-3.2036
25.05	-3.2045
25.04	-3.2051
25.04	-3.2060
25.04	-3.2069
25.03	-3.2078
25.03	-3.2084
25.03	-3.2093
25.03	-3.2100
25.03	-3.2108
25.02	-3.2117
25.02	-3.2127
25.02	-3.2132
25.02	-3.2143
25.01	-3.2148
25.01	-3.2156
25.00	-3.2164
25.00	-3.2170
25.00	-3.2180
25.00	-3.2188
25.00	-3.2196
24.99	-3.2203
24.99	-3.2212
24.98	-3.2219
24.98	-3.2227
24.98	-3.2233
24.98	-3.2244
24.98	-3.2250
24.97	-3.2258
24.97	-3.2266
24.96	-3.2274
24.96	-3.2280
24.96	-3.2288
24.96	-3.2297
24.95	-3.2304
24.95	-3.2313
24.95	-3.2320
24.95	-3.2327
24.95	-3.2334
24.95	-3.2342
24.95	-3.2351
24.94	-3.2358
24.94	-3.2364
24.94	-3.2372
24.93	-3.2379
24.93	-3.2387
24.93	-3.2395
24.93	-3.2401
24.93	-3.2406
24.93	-3.2414
24.92	-3.2422
24.92	-3.2428
24.92	-3.2435
24.91	-3.2443
24.91	-3.2449
24.91	-3.2457
24.90	-3.2463
24.90	-3.2471
24.90	-3.2478
24.90	-3.2485
24.89	-3.2492
24.89	-3.2498
24.89	-3.2505
24.88	-3.2512
24.88	-3.2517
24.87	-3.2524
24.88	-3.2531
24.88	-3.2538
24.88	-3.2545
24.87	-3.2550
24.87	-3.2557
24.87	-3.2565
24.87	-3.2573
24.87	-3.2578
24.86	-3.2582
24.86	-3.2592
24.85	-3.2596
24.85	-3.2603
24.85	-3.2608
24.85	-3.2614
24.85	-3.2621
24.84	-3.2627
24.84	-3.2633
24.83	-3.2639
24.83	-3.2647
24.83	-3.2650
24.83	-3.2657
24.83	-3.2664
24.82	-3.2671
24.82	-3.2674
24.82	-3.2682
24.82	-3.2689
24.81	-3.2695
24.81	-3.2700
24.81	-3.2707
24.81	-3.2713
24.80	-3.2719
24.80	-3.2724
24.80	-3.2729
24.80	-3.2736
24.80	-3.2741
24.80	-3.2747
24.80	-3.2752
24.79	-3.2757
24.78	-3.2766
24.78	-3.2768
24.78	-3.2775
24.78	-3.2781
24.78	-3.2786
24.78	-3.2792
24.77	-3.2796
24.77	-3.2801
24.77	-3.2807
24.76	-3.2813
24.76	-3.2818
24.76	-3.2823
24.76	-3.2829
24.75	-3.2834
24.75	-3.2839
24.75	-3.2844
24.75	-3.2848
24.74	-3.2853
24.75	-3.2857
24.75	-3.2863
24.74	-3.2868
24.73	-3.2874
24.73	-3.2878
24.73	-3.2884
24.73	-3.2887
24.73	-3.2892
24.73	-3.2897
24.72	-3.2901
24.72	-3.2908
24.71	-3.2910
24.71	-3.2915
24.71	-3.2921
24.70	-3.2924
24.70	-3.2928
24.70	-3.2934
24.70	-3.2936
24.70	-3.2941
24.69	-3.2946
24.69	-3.2951
24.68	-3.2954
24.68	-3.2958
24.68	-3.2961
24.68	-3.2966
24.68	-3.2969
24.68	-3.2975
24.67	-3.2979
24.67	-3.2982
24.67	-3.2988
24.67	-3.2992
24.67	-3.2996
24.66	-3.2999
24.66	-3.3004
24.66	-3.3007
24.65	-3.3013
24.65	-3.3017
24.65	-3.3021
24.65	-3.3024
24.64	-3.3028
24.64	-3.3031
24.64	-3.3035
24.63	-3.3038
24.63	-3.3042
24.63	-3.3044
24.63	-3.3046
24.62	-3.3050
24.62	-3.3053
24.62	-3.3056
24.62	-3.3061
24.62	-3.3062
24.62	-3.3066
24.61	-3.3068
24.61	-3.3072
24.61	-3.3074
24.61	-3.3077
24.60	-3.3081
24.59	-3.3082
24.59	-3.3085
24.59	-3.3088
24.59	-3.3090
24.59	-3.3095
24.59	-3.3097
24.58	-3.3098
24.58	-3.3101
24.57	-3.3105
24.57	-3.3107
24.57	-3.3110
24.57	-3.3113
24.57	-3.3115
24.57	-3.3116
24.56	-3.3120
24.56	-3.3122
24.56	-3.3124
24.55	-3.3127
24.55	-3.3131
24.55	-3.3133
24.55	-3.3137
24.55	-3.3138
24.55	-3.3140
24.55	-3.3144
24.54	-3.3146
24.54	-3.3147
24.54	-3.3150
24.53	-3.3153
24.53	-3.3155
24.53	-3.3158
24.52	-3.3159
24.52	-3.3162
24.52	-3.3164
24.52	-3.3167
24.51	-3.3169
24.51	-3.3171
24.51	-3.3174
24.50	-3.3177
24.50	-3.3177
24.50	-3.3181
24.50	-3.3183
24.50	-3.3186
24.50	-3.3187
24.49	-3.3187
24.49	-3.3191
24.49	-3.3192
24.48	-3.3195
24.48	-3.3197
24.48	-3.3197
24.48	-3.3200
24.48	-3.3203
24.47	-3.3203
24.47	-3.3205
24.47	-3.3207
24.47	-3.3210
24.46	-3.3210
24.46	-3.3212
24.46	-3.3213
24.46	-3.3214
24.45	-3.3215
24.45	-3.3217
24.45	-3.3217
24.45	-3.3218
24.44	-3.3219
24.44	-3.3219
24.44	-3.3221
24.43	-3.3222
24.43	-3.3221
24.43	-3.3224
24.43	-3.3223
24.43	-3.3225
24.42	-3.3226
24.42	-3.3226
24.42	-3.3227
24.41	-3.3228
24.41	-3.3229
24.41	-3.3229
24.40	-3.3230
24.40	-3.3232
24.40	-3.3232
24.40	-3.3232
24.39	-3.3232
24.39	-3.3231
24.39	-3.3233
24.39	-3.3233
24.39	-3.3234
24.39	-3.3234
24.38	-3.3234
24.38	-3.3233
24.38	-3.3235
24.37	-3.3233
24.37	-3.3236
24.37	-3.3236
24.37	-3.3235
24.37	-3.3236
24.36	-3.3236
24.36	-3.3236
24.35	-3.3236
24.35	-3.3237
24.34	-3.3237
24.34	-3.3238
24.34	-3.3237
24.34	-3.3236
24.34	-3.3237
24.34	-3.3237
24.34	-3.3238
24.34	-3.3237
24.33	-3.3237
24.33	-3.3235
24.33	-3.3237
24.32	-3.3238
24.32	-3.3236
24.32	-3.3236
24.32	-3.3235
24.32	-3.3236
24.32	-3.3234
24.32	-3.3235
24.31	-3.3234
24.31	-3.3233
24.31	-3.3234
24.30	-3.3232
24.30	-3.3234
24.30	-3.3233
24.30	-3.3231
24.30	-3.3232
24.29	-3.3231
24.29	-3.3230
24.28	-3.3229
24.28	-3.3229
24.28	-3.3227
24.28	-3.3227
24.27	-3.3228
24.27	-3.3226
24.27	-3.3227
24.26	-3.3224
24.26	-3.3223
24.26	-3.3223
24.26	-3.3221
24.26	-3.3219
24.26	-3.3218
24.26	-3.3219
24.25	-3.3217
24.25	-3.3217
24.25	-3.3216
24.25	-3.3214
24.25	-3.3212
24.24	-3.3212
24.24	-3.3210
24.24	-3.3210
24.24	-3.3208
24.23	-3.3208
24.23	-3.3206
24.23	-3.3204
24.23	-3.3203
24.22	-3.3203
24.22	-3.3201
24.21	-3.3201
24.21	-3.3200
24.20	-3.3198
24.20	-3.3196
24.20	-3.3194
24.20	-3.3192
24.20	-3.3191
24.20	-3.3190
24.19	-3.3189
24.19	-3.3187
24.19	-3.3185
24.19	-3.3184
24.18	-3.3183
24.18	-3.3181
24.18	-3.3179
24.18	-3.3177
24.18	-3.3177
24.18	-3.3175
24.17	-3.3173
24.17	-3.3171
24.17	-3.3170
24.16	-3.3167
24.16	-3.3165
24.16	-3.3164
24.15	-3.3162
24.15	-3.3158
24.15	-3.3156
24.15	-3.3156
24.15	-3.3151
24.14	-3.3150
24.14	-3.3147
24.13	-3.3146
24.13	-3.3144
24.13	-3.3142
24.13	-3.3140
24.13	-3.3138
24.12	-3.3135
24.12	-3.3134
24.12	-3.3131
24.11	-3.3128
24.11	-3.3126
24.11	-3.3123
24.11	-3.3120
24.10	-3.3119
24.10	-3.3115
24.10	-3.3113
24.10	-3.3110
24.10	-3.3107
24.09	-3.3105
24.09	-3.3104
24.09	-3.3100
24.09	-3.3100
24.09	-3.3096
24.08	-3.3094
24.08	-3.3091
24.08	-3.3088
24.08	-3.3086
24.07	-3.3084
24.07	-3.3079
24.07	-3.3078
24.07	-3.3075
24.06	-3.3070
24.06	-3.3069
24.05	-3.3066
24.05	-3.3063
24.05	-3.3059
24.05	-3.3056
24.05	-3.3055
24.04	-3.3051
24.04	-3.3049
24.04	-3.3046
24.04	-3.3043
24.04	-3.3040
24.03	-3.3038
24.03	-3.3035
24.03	-3.3030
24.03	-3.3027
24.03	-3.3023
24.02	-3.3022
24.02	-3.3019
24.02	-3.3015
24.01	-3.3012
24.01	-3.3008
24.01	-3.3007
24.00	-3.3002
24.00	-3.2999
24.00	-3.2996
24.00	-3.2993
24.00	-3.2991
23.99	-3.2988
23.99	-3.2983
23.98	-3.2977
23.98	-3.2974
23.98	-3.2972
23.98	-3.2967
23.98	-3.2965
23.98	-3.2962
23.97	-3.2959
23.97	-3.2955
23.97	-3.2952
23.97	-3.2948
23.96	-3.2944
23.96	-3.2940
23.95	-3.2938
23.95	-3.2934
23.95	-3.2929
23.95	-3.2926
23.94	-3.2922
23.94	-3.2918
23.94	-3.2915
23.94	-3.2909
23.94	-3.2906
23.93	-3.2904
23.93	-3.2899
23.93	-3.2897
23.93	-3.2893
23.93	-3.2889
23.93	-3.2886
23.92	-3.2881
23.92	-3.2877
23.92	-3.2873
23.91	-3.2868
23.91	-3.2866
23.91	-3.2862
23.91	-3.2858
23.91	-3.2852
23.90	-3.2848
23.90	-3.2846
23.90	-3.2841
23.89	-3.2837
23.89	-3.2832
23.88	-3.2829
23.88	-3.2823
23.88	-3.2820
23.88	-3.2815
23.87	-3.2811
23.87	-3.2809
23.87	-3.2803
23.87	-3.2798
23.87	-3.2793
23.87	-3.2789
23.86	-3.2785
23.86	-3.2781
23.86	-3.2778
23.85	-3.2771
23.85	-3.2767
23.85	-3.2762
23.85	-3.2758
23.84	-3.2755
23.84	-3.2750
23.84	-3.2747
23.84	-3.2740
23.84	-3.2737
23.84	-3.2732
23.83	-3.2727
23.83	-3.2722
23.82	-3.2719
23.82	-3.2715
23.82	-3.2711
23.82	-3.2704
23.82	-3.2699
23.82	-3.2697
23.81	-3.2692
23.81	-3.2688
23.81	-3.2683
23.81	-3.2679
23.80	-3.2674
23.80	-3.2669
23.80	-3.2664
23.80	-3.2660
23.79	-3.2655
23.79	-3.2651
23.79	-3.2647
23.78	-3.2642
23.78	-3.2637
23.78	-3.2633
23.78	-3.2628
23.78	-3.2623
23.77	-3.2616
23.77	-3.2611
23.77	-3.2608
23.76	-3.2602
23.76	-3.2598
23.76	-3.2593
23.76	-3.2588
23.75	-3.2584
23.75	-3.2580
23.75	-3.2573
23.74	-3.2570
23.74	-3.2562
23.74	-3.2556
23.74	-3.2553
23.74	-3.2549
23.73	-3.2544
23.73	-3.2537
23.73	-3.2533
23.73	-3.2529
23.72	-3.2521
23.72	-3.2518
23.72	-3.2512
23.72	-3.2507
23.71	-3.2502
23.71	-3.2497
23.71	-3.2492
23.71	-3.2487
23.70	-3.2482
23.70	-3.2478
23.70	-3.2472
23.70	-3.2467
23.70	-3.2463
23.69	-3.2457
23.69	-3.2450
23.69	-3.2446
23.69	-3.2442
23.68	-3.2436
23.68	-3.2432
23.68	-3.2427
23.68	-3.2421
23.68	-3.2416
23.68	-3.2412
23.67	-3.2404
23.67	-3.2401
23.66	-3.2395
23.66	-3.2391
23.66	-3.2385
23.65	-3.2380
23.65	-3.2375
23.65	-3.2370
23.65	-3.2364
23.64	-3.2359
23.64	-3.2353
23.64	-3.2346
23.64	-3.2341
23.63	-3.2336
23.63	-3.2329
23.63	-3.2325
23.63	-3.2320
23.63	-3.2314
23.63	-3.2309
23.62	-3.2304
23.62	-3.2297
23.61	-3.2292
23.61	-3.2287
23.61	-3.2280
23.61	-3.2276
23.60	-3.2268
23.60	-3.2264
23.59	-3.2260
23.59	-3.2254
23.59	-3.2249
23.59	-3.2242
23.59	-3.2237
23.59	-3.2233
23.59	-3.2228
23.58	-3.2222
23.58	-3.2217
23.57	-3.2212
23.57	-3.2207
23.57	-3.2203
23.56	-3.2195
23.56	-3.2189
23.56	-3.2184
23.56	-3.2180
23.56	-3.2174
23.55	-3.2169
23.55	-3.2164
23.55	-3.2157
23.55	-3.2151
23.55	-3.2145
23.55	-3.2139
23.54	-3.2133
23.54	-3.2129
23.54	-3.2124
23.54	-3.2117
23.53	-3.2111
23.53	-3.2106
23.53	-3.2100
23.53	-3.2093
23.52	-3.2088
23.52	-3.2083
23.52	-3.2077
23.52	-3.2070
23.51	-3.2065
23.51	-3.2060
23.50	-3.2055
23.50	-3.2047
23.50	-3.2045
23.50	-3.2037
23.50	-3.2029
23.49	-3.2024
23.49	-3.2020
23.49	-3.2014
23.48	-3.2009
23.49	-3.2005
23.48	-3.1999
23.48	-3.1994
23.48	-3.1988
23.48	-3.1981
23.47	-3.1976
23.47	-3.1972
23.46	-3.1965
23.46	-3.1961
23.46	-3.1956
23.46	-3.1948
23.45	-3.1945
23.45	-3.1939
23.45	-3.1933
23.45	-3.1927
23.45	-3.1921
23.44	-3.1917
23.44	-3.1910
23.44	-3.1904
23.44	-3.1900
23.44	-3.1892
23.44	-3.1888
23.43	-3.1882
23.43	-3.1875
23.43	-3.1869
23.43	-3.1865
23.43	-3.1858
23.42	-3.1852
23.42	-3.1847
23.42	-3.1843
23.41	-3.1836
23.41	-3.1830
23.41	-3.1823
23.41	-3.1818
23.41	-3.1813
23.41	-3.1806
23.40	-3.1801
23.40	-3.1795
23.40	-3.1791
23.39	-3.1784
23.39	-3.1782
23.39	-3.1774
23.39	-3.1768
23.38	-3.1763
23.38	-3.1758
23.38	-3.1751
23.38	-3.1745
23.38	-3.1740
23.37	-3.1733
23.37	-3.1730
23.37	-3.1723
23.37	-3.1716
23.36	-3.1711
23.36	-3.1705
23.35	-3.1700
23.35	-3.1694
23.35	-3.1689
23.34	-3.1682
23.34	-3.1677
23.34	-3.1671
23.34	-3.1665
23.34	-3.1658
23.33	-3.1654
23.33	-3.1648
23.33	-3.1641
23.32	-3.1636
23.32	-3.1630
23.32	-3.1624
23.32	-3.1619
23.32	-3.1611
23.32	-3.1606
23.31	-3.1599
23.31	-3.1594
23.30	-3.1590
23.30	-3.1584
23.30	-3.1578
23.30	-3.1571
23.30	-3.1566
23.30	-3.1558
23.30	-3.1553
23.29	-3.1546
23.29	-3.1541
23.29	-3.1537
23.28	-3.1531
23.28	-3.1525
23.28	-3.1520
23.28	-3.1515
23.27	-3.1508
23.27	-3.1503
23.27	-3.1497
23.26	-3.1491
23.26	-3.1485
23.26	-3.1479
23.26	-3.1474
23.25	-3.1469
23.25	-3.1461
23.25	-3.1456
23.25	-3.1448
23.25	-3.1443
23.25	-3.1440
23.24	-3.1432
23.24	-3.1427
23.24	-3.1422
23.23	-3.1416
23.23	-3.1410
23.23	-3.1405
23.23	-3.1398
23.23	-3.1393
23.23	-3.1388
23.22	-3.1382
23.22	-3.1377
23.22	-3.1371
23.21	-3.1366
23.21	-3.1360
23.21	-3.1354
23.20	-3.1349
23.20	-3.1342
23.20	-3.1334
23.20	-3.1331
23.19	-3.1324
23.19	-3.1319
23.19	-3.1310
23.19	-3.1306
23.19	-3.1300
23.19	-3.1296
23.18	-3.1288
23.18	-3.1282
23.18	-3.1277
23.18	-3.1271
23.17	-3.1265
23.17	-3.1260
23.17	-3.1253
23.17	-3.1249
23.16	-3.1244
23.16	-3.1236
23.15	-3.1231
23.15	-3.1225
23.15	-3.1220
23.15	-3.1214
23.15	-3.1208
23.14	-3.1205
23.14	-3.1197
23.14	-3.1194
23.13	-3.1186
23.13	-3.1180
23.13	-3.1175
23.13	-3.1172
23.12	-3.1164
23.12	-3.1161
23.12	-3.1154
23.12	-3.1150
23.11	-3.1144
23.11	-3.1138
23.11	-3.1132
23.11	-3.1126
23.10	-3.1121
23.10	-3.1115
23.10	-3.1110
23.10	-3.1105
23.09	-3.1099
23.09	-3.1092
23.09	-3.1089
23.08	-3.1082
23.08	-3.1079
23.08	-3.1073
23.08	-3.1067
23.08	-3.1064
23.07	-3.1056
23.07	-3.1052
23.07	-3.1046
23.07	-3.1043
23.07	-3.1036
23.07	-3.1031
23.06	-3.1025
23.06	-3.1020
23.05	-3.1014
23.05	-3.1007
23.05	-3.1004
23.05	-3.0999
23.05	-3.0994
23.05	-3.0986
23.04	-3.0982
23.04	-3.0977
23.03	-3.0970
23.03	-3.0965
23.03	-3.0960
23.03	-3.0955
23.03	-3.0949
23.03	-3.0944
23.02	-3.0939
23.02	-3.0932
23.02	-3.0927
23.02	-3.0922
23.01	-3.0915
23.01	-3.0911
23.00	-3.0908
23.00	-3.0901
23.00	-3.0895
23.00	-3.0890
23.00	-3.0884
22.99	-3.0879
22.99	-3.0874
22.99	-3.0867
22.98	-3.0863
22.98	-3.0857
22.98	-3.0852
22.98	-3.0847
22.98	-3.0840
22.97	-3.0835
22.97	-3.0831
22.97	-3.0826
22.97	-3.0820
22.96	-3.0816
22.96	-3.0809
22.96	-3.0804
22.95	-3.0798
22.95	-3.0794
22.95	-3.0788
22.95	-3.0783
22.95	-3.0777
22.95	-3.0772
22.94	-3.0766
22.94	-3.0761
22.94	-3.0757
22.93	-3.0751
22.93	-3.0744
22.93	-3.0741
22.92	-3.0735
22.92	-3.0731
22.92	-3.0726
22.91	-3.0721
22.92	-3.0716
22.91	-3.0712
22.91	-3.0706
22.90	-3.0701
22.90	-3.0697
22.90	-3.0692
22.90	-3.0689
22.90	-3.0682
22.90	-3.0679
22.89	-3.0675
22.89	-3.0670
22.88	-3.0663
22.88	-3.0661
22.88	-3.0656
22.88	-3.0649
22.88	-3.0644
22.88	-3.0639
22.88	-3.0636
22.87	-3.0631
22.87	-3.0625
22.87	-3.0622
22.87	-3.0617
22.86	-3.0612
22.86	-3.0607
22.86	-3.0604
22.85	-3.0596
22.85	-3.0593
22.85	-3.0590
22.84	-3.0585
22.84	-3.0580
22.84	-3.0575
22.84	-3.0572
22.84	-3.0565
22.84	-3.0562
22.83	-3.0559
22.82	-3.0555
22.82	-3.0551
22.82	-3.0544
22.82	-3.0539
22.81	-3.0534
22.81	-3.0531
22.81	-3.0528
22.80	-3.0522
22.80	-3.0519
22.80	-3.0515
22.80	-3.0509
22.79	-3.0505
22.79	-3.0502
22.79	-3.0497
22.78	-3.0491
22.79	-3.0488
22.79	-3.0482
22.79	-3.0479
22.79	-3.0475
22.78	-3.0469
22.78	-3.0466
22.78	-3.0462
22.78	-3.0459
22.77	-3.0454
22.77	-3.0450
22.77	-3.0444
22.76	-3.0440
22.76	-3.0436
22.75	-3.0433
22.75	-3.0429
22.75	-3.0423
22.75	-3.0420
22.75	-3.0417
22.75	-3.0413
22.74	-3.0408
22.74	-3.0403
22.73	-3.0401
22.73	-3.0397
22.73	-3.0393
22.73	-3.0388
22.73	-3.0385
22.73	-3.0380
22.73	-3.0375
22.72	-3.0373
22.72	-3.0370
22.71	-3.0365
22.71	-3.0363
22.71	-3.0357
22.70	-3.0354
22.70	-3.0351
22.70	-3.0347
22.70	-3.0343
22.70	-3.0340
22.70	-3.0337
22.70	-3.0331
22.69	-3.0330
22.69	-3.0324
22.69	-3.0322
22.69	-3.0317
22.69	-3.0314
22.68	-3.0311
22.68	-3.0306
22.68	-3.0303
22.68	-3.0300
22.67	-3.0297
22.67	-3.0295
22.66	-3.0289
22.66	-3.0285
22.66	-3.0282
22.66	-3.0278
22.65	-3.0275
22.65	-3.0273
22.65	-3.0270
22.64	-3.0266
22.64	-3.0262
22.64	-3.0257
22.64	-3.0256
22.64	-3.0253
22.63	-3.0250
22.63	-3.0248
22.63	-3.0242
22.63	-3.0242
22.63	-3.0236
22.62	-3.0233
22.62	-3.0229
22.62	-3.0227
22.62	-3.0225
22.61	-3.0221
22.61	-3.0219
22.60	-3.0215
22.60	-3.0212
22.60	-3.0211
22.60	-3.0208
22.59	-3.0205
22.59	-3.0203
22.59	-3.0199
22.59	-3.0196
22.59	-3.0192
22.59	-3.0191
22.59	-3.0186
22.58	-3.0182
22.57	-3.0180
22.57	-3.0178
22.57	-3.0173
22.57	-3.0171
22.56	-3.0168
22.56	-3.0166
22.56	-3.0163
22.56	-3.0159
22.56	-3.0158
22.55	-3.0156
22.55	-3.0155
22.55	-3.0150
22.55	-3.0148
22.55	-3.0147
22.54	-3.0143
22.54	-3.0141
22.54	-3.0140
22.54	-3.0137
22.53	-3.0135
22.53	-3.0131
22.53	-3.0130
22.53	-3.0128
22.53	-3.0127
22.52	-3.0122
22.52	-3.0121
22.51	-3.0118
22.51	-3.0115
22.51	-3.0113
22.51	-3.0114
22.51	-3.0111
22.50	-3.0109
22.50	-3.0106
22.50	-3.0106
22.50	-3.0104
22.50	-3.0102
22.49	-3.0099
22.49	-3.0098
22.49	-3.0095
22.48	-3.0094
22.48	-3.0093
22.48	-3.0091
22.48	-3.0089
22.47	-3.0086
22.48	-3.0084
22.47	-3.0083
22.47	-3.0082
22.47	-3.0080
22.46	-3.0078
22.46	-3.0077
22.46	-3.0075
22.45	-3.0074
22.45	-3.0074
22.45	-3.0071
22.45	-3.0069
22.45	-3.0070
22.45	-3.0069
22.44	-3.0067
22.44	-3.0066
22.44	-3.0065
22.43	-3.0064
22.43	-3.0062
22.43	-3.0061
22.42	-3.0059
22.42	-3.0059
22.42	-3.0058
22.42	-3.0057
22.42	-3.0056
22.41	-3.0055
22.41	-3.0054
22.40	-3.0054
22.40	-3.0053
22.40	-3.0053
22.40	-3.0050
22.40	-3.0050
22.39	-3.0049
22.39	-3.0050
22.39	-3.0050
22.39	-3.0051
22.39	-3.0049
22.39	-3.0048
22.38	-3.0050
22.38	-3.0048
22.38	-3.0048
22.38	-3.0048
22.37	-3.0048
22.37	-3.0048
22.37	-3.0047
22.37	-3.0046
22.37	-3.0047
22.37	-3.0044
22.37	-3.0048
22.36	-3.0047
22.35	-3.0046
22.34	-3.0047
22.34	-3.0046
22.34	-3.0047
22.34	-3.0048
22.34	-3.0047
22.34	-3.0051
22.33	-3.0050
22.33	-3.0051
22.33	-3.0051
22.32	-3.0052
22.32	-3.0053
22.32	-3.0055
22.32	-3.0055
22.32	-3.0055
22.32	-3.0057
22.31	-3.0058
22.30	-3.0058
22.30	-3.0060
22.30	-3.0062
22.30	-3.0063
22.30	-3.0063
22.30	-3.0064
22.30	-3.0066
22.29	-3.0068
22.29	-3.0068
22.29	-3.0071
22.28	-3.0071
22.28	-3.0074
22.28	-3.0075
22.28	-3.0076
22.27	-3.0078
22.26	-3.0080
22.26	-3.0083
22.26	-3.0085
22.26	-3.0087
22.26	-3.0088
22.25	-3.0092
22.25	-3.0093
22.25	-3.0095
22.25	-3.0096
22.25	-3.0100
22.25	-3.0103
22.24	-3.0105
22.24	-3.0107
22.24	-3.0110
22.24	-3.0113
22.24	-3.0116
22.24	-3.0120
22.23	-3.0121
22.23	-3.0123
22.23	-3.0128
22.22	-3.0130
22.22	-3.0133
22.22	-3.0136
22.22	-3.0138
22.21	-3.0142
22.21	-3.0145
22.21	-3.0148
22.20	-3.0153
22.20	-3.0155
22.20	-3.0157
22.20	-3.0161
22.20	-3.0165
22.19	-3.0169
22.19	-3.0175
22.19	-3.0179
22.19	-3.0182
22.18	-3.0186
22.18	-3.0190
22.18	-3.0194
22.18	-3.0198
22.17	-3.0204
22.17	-3.0209
22.16	-3.0213
22.16	-3.0218
22.16	-3.0222
22.16	-3.0226
22.15	-3.0231
22.15	-3.0237
22.15	-3.0244
22.15	-3.0249
22.15	-3.0255
22.14	-3.0258
22.14	-3.0264
22.14	-3.0270
22.14	-3.0275
22.14	-3.0281
22.13	-3.0286
22.13	-3.0292
22.13	-3.0298
22.13	-3.0304
22.13	-3.0312
22.13	-3.0315
22.12	-3.0322
22.12	-3.0327
22.11	-3.0335
22.11	-3.0342
22.10	-3.0348
22.10	-3.0352
22.10	-3.0362
22.09	-3.0369
22.09	-3.0376
22.09	-3.0383
22.09	-3.0391
22.09	-3.0397
22.08	-3.0404
22.08	-3.0412
22.08	-3.0420
22.08	-3.0427
22.07	-3.0436
22.07	-3.0441
22.07	-3.0449
22.07	-3.0457
22.07	-3.0465
22.06	-3.0473
22.06	-3.0481
22.06	-3.0492
22.06	-3.0499
22.05	-3.0506
22.05	-3.0513
22.05	-3.0522
22.05	-3.0532
22.05	-3.0542
22.04	-3.0549
22.04	-3.0559
22.04	-3.0566
22.03	-3.0575
22.03	-3.0584
22.03	-3.0592
22.03	-3.0602
22.03	-3.0611
22.02	-3.0622
22.02	-3.0632
22.02	-3.0642
22.02	-3.0652
22.01	-3.0662
22.01	-3.0674
22.01	-3.0682
22.00	-3.0693
22.00	-3.0703
22.00	-3.0715
22.00	-3.0725
22.00	-3.0735
22.00	-3.0748
22.00	-3.0758
21.99	-3.0771
21.99	-3.0781
21.99	-3.0791
21.98	-3.0803
21.98	-3.0815
21.98	-3.0827
21.98	-3.0838
21.98	-3.0850
21.97	-3.0863
21.97	-3.0876
21.96	-3.0888
21.96	-3.0899
21.96	-3.0911
21.96	-3.0924
21.95	-3.0936
21.95	-3.0952
21.95	-3.0963
21.95	-3.0976
21.94	-3.0990
21.94	-3.1001
21.94	-3.1017
21.94	-3.1030
21.94	-3.1043
21.93	-3.1057
21.93	-3.1071
21.93	-3.1085
21.93	-3.1099
21.93	-3.1112
21.92	-3.1129
21.92	-3.1143
21.91	-3.1158
21.91	-3.1172
21.91	-3.1186
21.91	-3.1200
21.90	-3.1216
21.90	-3.1231
21.90	-3.1248
21.90	-3.1263
21.90	-3.1278
21.90	-3.1293
21.89	-3.1309
21.89	-3.1325
21.89	-3.1342
21.88	-3.1359
21.88	-3.1376
21.88	-3.1391
21.88	-3.1407
21.88	-3.1425
21.87	-3.1442
21.87	-3.1459
21.87	-3.1477
21.87	-3.1494
21.86	-3.1512
21.85	-3.1528
21.85	-3.1548
21.85	-3.1565
21.85	-3.1584
21.84	-3.1603
21.84	-3.1619
21.84	-3.1639
21.84	-3.1659
21.84	-3.1677
21.84	-3.1697
21.84	-3.1715
21.84	-3.1734
21.83	-3.1754
21.83	-3.1775
21.82	-3.1793
21.82	-3.1815
21.82	-3.1834
21.82	-3.1855
21.81	-3.1875
21.81	-3.1894
21.81	-3.1915
21.81	-3.1935
21.80	-3.1956
21.80	-3.1977
21.80	-3.1997
21.80	-3.2018
21.79	-3.2043
21.79	-3.2063
21.79	-3.2083
21.78	-3.2106
21.78	-3.2128
21.78	-3.2149
21.78	-3.2173
21.78	-3.2194
21.77	-3.2220
21.77	-3.2242
21.77	-3.2263
21.76	-3.2287
21.76	-3.2311
21.75	-3.2335
21.75	-3.2358
21.75	-3.2381
21.75	-3.2406
21.75	-3.2430
21.75	-3.2456
21.75	-3.2479
21.74	-3.2505
21.74	-3.2529
21.74	-3.2557
21.74	-3.2581
21.74	-3.2606
21.74	-3.2634
21.74	-3.2658
21.74	-3.2686
21.74	-3.2711
21.74	-3.2739
21.74	-3.2765
21.73	-3.2793
21.73	-3.2820
21.72	-3.2847
21.71	-3.2874
21.71	-3.2902
21.70	-3.2928
21.70	-3.2956
21.70	-3.2987
21.70	-3.3013
21.69	-3.3045
21.69	-3.3071
21.69	-3.3100
21.69	-3.3128
21.68	-3.3158
21.68	-3.3189
21.68	-3.3217
21.68	-3.3249
21.68	-3.3278
21.67	-3.3309
21.67	-3.3338
21.66	-3.3369
21.66	-3.3401
21.66	-3.3430
21.65	-3.3462
21.65	-3.3494
21.65	-3.3523
21.65	-3.3556
21.65	-3.3587
21.65	-3.3618
21.65	-3.3653
21.65	-3.3683
21.65	-3.3717
21.64	-3.3748
21.64	-3.3781
21.64	-3.3818
21.63	-3.3849
21.63	-3.3882
21.63	-3.3914
21.63	-3.3949
21.63	-3.3983
21.62	-3.4017
21.61	-3.4052
21.61	-3.4086
21.61	-3.4121
21.61	-3.4159
21.61	-3.4192
21.61	-3.4229
21.60	-3.4264
21.60	-3.4299
21.60	-3.4336
21.59	-3.4371
21.59	-3.4409
21.59	-3.4448
21.59	-3.4481
21.59	-3.4520
21.59	-3.4557
21.58	-3.4595
21.58	-3.4633
21.57	-3.4670
21.57	-3.4710
21.57	-3.4749
21.57	-3.4789
21.57	-3.4826
21.57	-3.4865
21.56	-3.4906
21.56	-3.4944
21.55	-3.4984
21.55	-3.5024
21.55	-3.5063
21.55	-3.5103
21.55	-3.5145
21.55	-3.5184
21.54	-3.5224
21.54	-3.5266
21.54	-3.5309
21.54	-3.5351
21.53	-3.5392
21.53	-3.5435
21.53	-3.5478
21.53	-3.5519
21.52	-3.5563
21.52	-3.5605
21.52	-3.5648
21.52	-3.5691
21.51	-3.5736
21.51	-3.5780
21.51	-3.5824
21.51	-3.5869
21.50	-3.5913
21.50	-3.5959
21.50	-3.6003
21.50	-3.6049
21.49	-3.6093
21.49	-3.6141
21.49	-3.6186
21.49	-3.6231
21.49	-3.6278
21.48	-3.6324
21.48	-3.6371
21.48	-3.6418
21.48	-3.6464
21.48	-3.6512
21.47	-3.6559
21.46	-3.6607
21.46	-3.6658
21.46	-3.6705
21.45	-3.6756
21.45	-3.6803
21.45	-3.6853
21.45	-3.6902
21.45	-3.6951
21.45	-3.7001
21.44	-3.7050
21.44	-3.7102
21.44	-3.7153
21.44	-3.7203
21.43	-3.7254
21.43	-3.7306
21.43	-3.7356
21.43	-3.7410
21.42	-3.7461
21.42	-3.7512
21.42	-3.7563
21.42	-3.7616
21.41	-3.7669
21.41	-3.7723
21.40	-3.7777
21.40	-3.7830
21.40	-3.7885
21.40	-3.7937
21.39	-3.7994
21.39	-3.8047
21.39	-3.8102
21.39	-3.8155
21.38	-3.8211
21.38	-3.8268
21.38	-3.8322
21.38	-3.8380
21.38	-3.8434
21.38	-3.8491
21.37	-3.8548
21.37	-3.8604
21.37	-3.8662
21.36	-3.8718
21.36	-3.8777
21.36	-3.8834
21.36	-3.8892
21.36	-3.8950
21.35	-3.9009
21.35	-3.9068
21.34	-3.9129
21.34	-3.9188
21.34	-3.9246
21.33	-3.9309
21.34	-3.9368
21.34	-3.9427
21.33	-3.9487
21.33	-3.9549
21.33	-3.9608
21.32	-3.9670
21.32	-3.9731
21.32	-3.9795
21.32	-3.9854
21.31	-3.9917
21.31	-3.9979
21.31	-4.0041
21.31	-4.0106
21.31	-4.0167
21.31	-4.0232
21.30	-4.0294
21.30	-4.0359
21.30	-4.0422
21.30	-4.0487
21.30	-4.0552
21.29	-4.0616
21.29	-4.0680
21.28	-4.0747
21.28	-4.0812
21.28	-4.0875
21.28	-4.0943
21.28	-4.1011
21.28	-4.1077
21.28	-4.1142
21.27	-4.1207
21.27	-4.1275
21.26	-4.1340
21.26	-4.1409
21.26	-4.1478
21.25	-4.1546
21.25	-4.1614
21.25	-4.1680
21.25	-4.1749
21.24	-4.1818
21.24	-4.1884
21.24	-4.1954
21.23	-4.2023
21.23	-4.2095
21.23	-4.2163
21.23	-4.2233
21.23	-4.2304
21.23	-4.2373
21.22	-4.2446
21.21	-4.2518
21.20	-4.2585
21.20	-4.2658
21.21	-4.2731
21.21	-4.2802
21.20	-4.2874
21.20	-4.2949
21.20	-4.3019
21.20	-4.3093
21.20	-4.3165
21.20	-4.3238
21.19	-4.3312
21.19	-4.3387
21.19	-4.3459
21.19	-4.3535
21.19	-4.3608
21.18	-4.3682
21.18	-4.3757
21.17	-4.3832
21.17	-4.3907
21.17	-4.3984
21.16	-4.4058
21.16	-4.4135
21.16	-4.4211
21.16	-4.4287
21.15	-4.4363
21.15	-4.4440
21.15	-4.4514
21.15	-4.4592
21.14	-4.4669
21.14	-4.4747
21.14	-4.4823
21.14	-4.4902
21.13	-4.4977
21.13	-4.5057
21.13	-4.5136
21.13	-4.5214
21.13	-4.5292
21.13	-4.5370
21.12	-4.5448
21.12	-4.5528
21.12	-4.5609
21.12	-4.5686
21.12	-4.5768
21.11	-4.5845
21.11	-4.5927
21.10	-4.6007
21.10	-4.6087
21.10	-4.6167
21.10	-4.6245
21.09	-4.6329
21.09	-4.6407
21.09	-4.6489
21.09	-4.6570
21.08	-4.6652
21.08	-4.6733
21.08	-4.6816
21.08	-4.6897
21.08	-4.6979
21.07	-4.7062
21.07	-4.7143
21.07	-4.7224
21.06	-4.7307
21.06	-4.7391
21.06	-4.7475
21.06	-4.7558
21.06	-4.7641
21.05	-4.7725
21.05	-4.7808
21.05	-4.7892
21.05	-4.7975
21.05	-4.8059
21.04	-4.8144
21.04	-4.8227
21.04	-4.8309
21.03	-4.8395
21.03	-4.8478
21.03	-4.8563
21.03	-4.8647
21.03	-4.8735
21.02	-4.8818
21.02	-4.8905
21.02	-4.8988
21.02	-4.9074
21.01	-4.9161
21.01	-4.9247
21.01	-4.9332
21.00	-4.9417
21.00	-4.9503
21.00	-4.9590
21.00	-4.9675
20.99	-4.9762
20.99	-4.9847
20.99	-4.9935
20.99	-5.0021
20.98	-5.0109
20.98	-5.0191
20.98	-5.0280
20.98	-5.0368
20.98	-5.0454
20.97	-5.0544
20.96	-5.0629
20.96	-5.0716
20.96	-5.0802
20.96	-5.0891
20.95	-5.0977
20.95	-5.1063
20.95	-5.1153
20.95	-5.1240
20.95	-5.1325
20.95	-5.1415
20.95	-5.1502
20.95	-5.1590
20.94	-5.1680
20.94	-5.1766
20.94	-5.1855
20.93	-5.1943
20.93	-5.2032
20.93	-5.2119
20.93	-5.2207
20.93	-5.2295
20.93	-5.2385
20.92	-5.2470
20.92	-5.2561
20.91	-5.2647
20.91	-5.2737
20.91	-5.2824
20.90	-5.2913
20.90	-5.3001
20.90	-5.3090
20.90	-5.3177
20.90	-5.3266
20.90	-5.3355
20.90	-5.3444
20.89	-5.3531
20.89	-5.3617
20.88	-5.3708
20.88	-5.3797
20.88	-5.3884
20.88	-5.3973
20.88	-5.4060
20.88	-5.4148
20.87	-5.4238
20.86	-5.4328
20.86	-5.4413
20.85	-5.4502
20.85	-5.4589
20.85	-5.4679
20.85	-5.4766
20.85	-5.4854
20.84	-5.4943
20.85	-5.5031
20.84	-5.5119
20.84	-5.5207
20.84	-5.5294
20.84	-5.5382
20.83	-5.5470
20.83	-5.5557
20.82	-5.5646
20.82	-5.5733
20.82	-5.5820
20.82	-5.5906
20.82	-5.5995
20.82	-5.6081
20.81	-5.6169
20.81	-5.6256
20.81	-5.6343
20.81	-5.6429
20.81	-5.6517
20.80	-5.6604
20.80	-5.6685
20.80	-5.6776
20.80	-5.6860
20.80	-5.6946
20.80	-5.7034
20.79	-5.7119
20.79	-5.7205
20.78	-5.7292
20.78	-5.7376
20.78	-5.7462
20.78	-5.7545
20.77	-5.7632
20.77	-5.7717
20.77	-5.7801
20.77	-5.7885
20.76	-5.7970
20.76	-5.8054
20.76	-5.8137
20.75	-5.8221
20.75	-5.8304
20.75	-5.8389
20.75	-5.8470
20.75	-5.8555
20.75	-5.8637
20.75	-5.8719
20.74	-5.8800
20.74	-5.8882
20.74	-5.8966
20.74	-5.9046
20.74	-5.9128
20.73	-5.9207
20.73	-5.9291
20.73	-5.9373
20.73	-5.9453
20.73	-5.9535
20.72	-5.9613
20.72	-5.9694
20.71	-5.9777
20.71	-5.9853
20.71	-5.9937
20.70	-6.0016
20.70	-6.0095
20.69	-6.0173
20.69	-6.0253
20.69	-6.0333
20.69	-6.0411
20.68	-6.0491
20.68	-6.0569
20.68	-6.0646
20.68	-6.0725
20.68	-6.0800
20.68	-6.0879
20.67	-6.0956
20.67	-6.1032
20.67	-6.1107
20.67	-6.1184
20.66	-6.1260
20.66	-6.1336
20.66	-6.1413
20.66	-6.1488
20.65	-6.1562
20.65	-6.1639
20.65	-6.1713
20.65	-6.1783
20.65	-6.1860
20.64	-6.1932
20.64	-6.2007
20.64	-6.2078
20.63	-6.2154
20.63	-6.2224
20.63	-6.2299
20.63	-6.2370
20.63	-6.2444
20.63	-6.2514
20.62	-6.2585
20.62	-6.2654
20.62	-6.2727
20.62	-6.2799
20.61	-6.2867
20.61	-6.2938
20.60	-6.3005
20.60	-6.3074
20.59	-6.3142
20.59	-6.3212
20.59	-6.3278
20.59	-6.3346
20.59	-6.3412
20.59	-6.3480
20.59	-6.3547
20.59	-6.3615
20.58	-6.3679
20.57	-6.3744
20.57	-6.3807
20.57	-6.3876
20.57	-6.3938
20.56	-6.4001
20.56	-6.4065
20.56	-6.4127
20.56	-6.4190
20.56	-6.4252
20.55	-6.4312
20.55	-6.4376
20.55	-6.4436
20.55	-6.4498
20.55	-6.4558
20.55	-6.4617
20.55	-6.4677
20.54	-6.4734
20.54	-6.4796
20.53	-6.4853
20.53	-6.4910
20.53	-6.4969
20.53	-6.5025
20.53	-6.5081
20.52	-6.5140
20.52	-6.5195
20.52	-6.5252
20.51	-6.5305
20.51	-6.5359
20.51	-6.5418
20.51	-6.5467
20.50	-6.5525
20.50	-6.5578
20.50	-6.5631
20.50	-6.5683
20.50	-6.5735
20.49	-6.5786
20.49	-6.5837
20.49	-6.5886
20.49	-6.5937
20.48	-6.5988
20.48	-6.6036
20.47	-6.6084
20.47	-6.6134
20.47	-6.6181
20.47	-6.6229
20.47	-6.6275
20.47	-6.6322
20.46	-6.6368
20.45	-6.6415
20.45	-6.6460
20.45	-6.6502
20.45	-6.6548
20.45	-6.6595
20.45	-6.6636
20.45	-6.6678
20.44	-6.6721
20.45	-6.6763
20.44	-6.6808
20.44	-6.6846
20.43	-6.6887
20.43	-6.6929
20.43	-6.6967
20.43	-6.7007
20.43	-6.7049
20.42	-6.7084
20.42	-6.7122
20.42	-6.7161
20.41	-6.7198
20.41	-6.7235
20.40	-6.7270
20.40	-6.7305
20.40	-6.7342
20.40	-6.7373
20.39	-6.7408
20.39	-6.7442
20.39	-6.7476
20.39	-6.7510
20.39	-6.7542
20.38	-6.7573
20.38	-6.7604
20.38	-6.7635
20.38	-6.7668
20.37	-6.7697
20.37	-6.7726
20.37	-6.7754
20.37	-6.7784
20.37	-6.7811
20.36	-6.7838
20.36	-6.7865
20.35	-6.7893
20.35	-6.7920
20.35	-6.7943
20.35	-6.7970
20.35	-6.7993
20.35	-6.8016
20.34	-6.8041
20.34	-6.8063
20.34	-6.8087
20.34	-6.8107
20.33	-6.8129
20.33	-6.8150
20.33	-6.8170
20.32	-6.8190
20.32	-6.8209
20.32	-6.8228
20.32	-6.8245
20.32	-6.8267
20.31	-6.8284
20.31	-6.8301
20.30	-6.8314
20.30	-6.8334
20.30	-6.8348
20.30	-6.8365
20.30	-6.8378
20.30	-6.8393
20.30	-6.8407
20.29	-6.8420
20.29	-6.8429
20.29	-6.8443
20.28	-6.8453
20.28	-6.8465
20.28	-6.8478
20.28	-6.8488
20.28	-6.8498
20.27	-6.8508
20.27	-6.8515
20.26	-6.8525
20.26	-6.8531
20.26	-6.8539
20.26	-6.8546
20.26	-6.8552
20.25	-6.8557
20.25	-6.8561
20.25	-6.8567
20.25	-6.8570
20.24	-6.8576
20.24	-6.8579
20.24	-6.8581
20.23	-6.8583
20.23	-6.8583
20.23	-6.8587
20.23	-6.8588
20.23	-6.8588
20.22	-6.8586
20.22	-6.8586
20.22	-6.8585
20.21	-6.8582
20.21	-6.8579
20.21	-6.8574
20.21	-6.8575
20.20	-6.8569
20.20	-6.8565
20.20	-6.8561
20.20	-6.8552
20.20	-6.8548
20.19	-6.8543
20.19	-6.8536
20.19	-6.8528
20.19	-6.8520
20.19	-6.8514
20.18	-6.8505
20.18	-6.8497
20.18	-6.8485
20.18	-6.8475
20.17	-6.8464
20.17	-6.8453
20.17	-6.8442
20.16	-6.8431
20.16	-6.8418
20.15	-6.8404
20.15	-6.8389
20.15	-6.8377
20.15	-6.8362
20.15	-6.8347
20.14	-6.8330
20.14	-6.8317
20.14	-6.8298
20.13	-6.8283
20.13	-6.8267
20.13	-6.8247
20.13	-6.8228
20.13	-6.8213
20.12	-6.8190
20.12	-6.8171
20.12	-6.8153
20.12	-6.8132
20.12	-6.8111
20.11	-6.8088
20.11	-6.8066
20.11	-6.8044
20.10	-6.8021
20.10	-6.7999
20.10	-6.7973
20.10	-6.7951
20.09	-6.7927
20.09	-6.7902
20.09	-6.7875
20.08	-6.7850
20.08	-6.7824
20.08	-6.7798
20.08	-6.7771
20.07	-6.7743
20.07	-6.7715
20.07	-6.7685
20.07	-6.7657
20.07	-6.7628
20.07	-6.7599
20.06	-6.7569
20.06	-6.7541
20.06	-6.7511
20.05	-6.7477
20.05	-6.7444
20.05	-6.7413
20.05	-6.7382
20.04	-6.7349
20.04	-6.7317
20.04	-6.7280
20.04	-6.7246
20.03	-6.7212
20.03	-6.7177
20.03	-6.7143
20.03	-6.7106
20.02	-6.7072
20.02	-6.7032
20.02	-6.6997
20.01	-6.6959
20.01	-6.6921
20.01	-6.6883
20.01	-6.6845
20.01	-6.6802
20.00	-6.6762
20.00	-6.6724
20.00	-6.6681
19.99	-6.6639
19.99	-6.6600
19.99	-6.6555
19.99	-6.6515
19.99	-6.6472
19.98	-6.6429
19.98	-6.6384
19.98	-6.6340
19.97	-6.6298
19.97	-6.6251
19.98	-6.6208
19.97	-6.6164
19.97	-6.6118
19.97	-6.6073
19.96	-6.6024
19.96	-6.5983
19.96	-6.5934
19.96	-6.5888
19.95	-6.5839
19.95	-6.5791
19.95	-6.5744
19.95	-6.5696
19.94	-6.5649
19.94	-6.5598
19.94	-6.5549
19.94	-6.5500
19.93	-6.5450
19.93	-6.5401
19.93	-6.5349
19.93	-6.5302
19.92	-6.5248
19.92	-6.5196
19.92	-6.5147
19.91	-6.5095
19.91	-6.5040
19.91	-6.4987
19.90	-6.4937
19.90	-6.4885
19.90	-6.4829
19.90	-6.4775
19.90	-6.4722
19.89	-6.4667
19.89	-6.4612
19.89	-6.4557
19.88	-6.4501
19.88	-6.4449
19.88	-6.4390
19.88	-6.4335
19.88	-6.4277
19.88	-6.4221
19.88	-6.4164
19.88	-6.4108
19.87	-6.4051
19.87	-6.3994
19.87	-6.3937
19.86	-6.3879
19.86	-6.3821
19.85	-6.3763
19.85	-6.3705
19.85	-6.3646
19.85	-6.3587
19.85	-6.3530
19.85	-6.3469
19.85	-6.3408
19.84	-6.3350
19.84	-6.3290
19.84	-6.3228
19.83	-6.3168
19.83	-6.3107
19.83	-6.3046
19.83	-6.2987
19.83	-6.2923
19.82	-6.2860
19.82	-6.2798
19.82	-6.2737
19.82	-6.2674
19.82	-6.2611
19.81	-6.2549
19.81	-6.2486
19.81	-6.2422
19.80	-6.2358
19.80	-6.2293
19.80	-6.2232
19.80	-6.2166
19.80	-6.2101
19.79	-6.2037
19.79	-6.1972
19.79	-6.1906
19.78	-6.1842
19.78	-6.1775
19.78	-6.1711
19.78	-6.1646
19.77	-6.1580
19.77	-6.1514
19.77	-6.1448
19.76	-6.1381
19.76	-6.1315
19.75	-6.1249
19.75	-6.1181
19.75	-6.1113
19.75	-6.1045
19.75	-6.0978
19.75	-6.0911
19.75	-6.0842
19.74	-6.0774
19.74	-6.0708
19.74	-6.0638
19.73	-6.0571
19.73	-6.0503
19.73	-6.0434
19.73	-6.0366
19.73	-6.0297
19.72	-6.0226
19.72	-6.0157
19.72	-6.0087
19.71	-6.0018
19.71	-5.9947
19.71	-5.9877
19.70	-5.9809
19.70	-5.9741
19.70	-5.9670
19.70	-5.9601
19.69	-5.9530
19.69	-5.9460
19.69	-5.9389
19.68	-5.9319
19.68	-5.9249
19.68	-5.9177
19.68	-5.9108
19.68	-5.9035
19.68	-5.8967
19.67	-5.8895
19.67	-5.8824
19.67	-5.8757
19.66	-5.8682
19.66	-5.8612
19.66	-5.8540
19.66	-5.8468
19.66	-5.8394
19.65	-5.8324
19.65	-5.8252
19.65	-5.8180
19.65	-5.8107
19.65	-5.8036
19.64	-5.7965
19.64	-5.7891
19.64	-5.7819
19.63	-5.7746
19.63	-5.7676
19.63	-5.7601
19.63	-5.7530
19.62	-5.7459
19.62	-5.7387
19.61	-5.7312
19.61	-5.7241
19.61	-5.7170
19.61	-5.7095
19.61	-5.7027
19.60	-5.6954
19.59	-5.6879
19.59	-5.6807
19.59	-5.6734
19.59	-5.6662
19.59	-5.6587
19.59	-5.6516
19.59	-5.6442
19.59	-5.6369
19.58	-5.6297
19.58	-5.6221
19.58	-5.6151
19.57	-5.6076
19.57	-5.6004
19.57	-5.5931
19.57	-5.5855
19.57	-5.5785
19.57	-5.5713
19.56	-5.5638
19.56	-5.5565
19.55	-5.5493
19.55	-5.5419
19.55	-5.5344
19.55	-5.5275
19.54	-5.5202
19.54	-5.5127
19.54	-5.5053
19.53	-5.4984
19.53	-5.4911
19.53	-5.4837
19.53	-5.4764
19.53	-5.4692
19.52	-5.4619
19.52	-5.4547
19.52	-5.4475
19.51	-5.4402
19.51	-5.4328
19.51	-5.4256
19.51	-5.4184
19.50	-5.4111
19.50	-5.4039
19.50	-5.3967
19.50	-5.3895
19.50	-5.3825
19.49	-5.3749
19.49	-5.3675
19.49	-5.3606
19.49	-5.3533
19.49	-5.3460
19.48	-5.3389
19.48	-5.3317
19.48	-5.3243
19.47	-5.3172
19.47	-5.3100
19.47	-5.3030
19.47	-5.2959
19.46	-5.2885
19.46	-5.2811
19.45	-5.2741
19.45	-5.2669
19.45	-5.2598
19.45	-5.2526
19.44	-5.2455
19.44	-5.2384
19.44	-5.2312
19.44	-5.2242
19.43	-5.2170
19.43	-5.2099
19.43	-5.2028
19.43	-5.1956
19.43	-5.1884
19.43	-5.1814
19.42	-5.1744
19.42	-5.1673
19.42	-5.1602
19.42	-5.1531
19.41	-5.1461
19.41	-5.1390
19.41	-5.1318
19.40	-5.1250
19.40	-5.1180
19.40	-5.1112
19.40	-5.1039
19.39	-5.0972
19.39	-5.0901
19.38	-5.0831
19.38	-5.0763
19.38	-5.0694
19.38	-5.0624
19.38	-5.0555
19.38	-5.0487
19.38	-5.0417
19.38	-5.0348
19.37	-5.0277
19.37	-5.0210
19.37	-5.0142
19.36	-5.0072
19.36	-5.0004
19.36	-4.9936
19.35	-4.9867
19.35	-4.9798
19.35	-4.9729
19.34	-4.9662
19.34	-4.9595
19.34	-4.9529
19.34	-4.9461
19.34	-4.9394
19.34	-4.9325
19.34	-4.9259
19.34	-4.9192
19.33	-4.9125
19.32	-4.9058
19.32	-4.8992
19.31	-4.8924
19.31	-4.8858
19.31	-4.8791
19.31	-4.8724
19.31	-4.8657
19.31	-4.8593
19.30	-4.8525
19.30	-4.8459
19.30	-4.8396
19.30	-4.8329
19.30	-4.8263
19.29	-4.8198
19.29	-4.8132
19.29	-4.8067
19.28	-4.8003
19.28	-4.7937
19.28	-4.7873
19.28	-4.7806
19.28	-4.7743
19.28	-4.7680
19.27	-4.7614
19.27	-4.7553
19.26	-4.7489
19.26	-4.7424
19.26	-4.7357
19.26	-4.7295
19.26	-4.7233
19.25	-4.7170
19.25	-4.7105
19.25	-4.7043
19.24	-4.6980
19.24	-4.6915
19.24	-4.6854
19.23	-4.6788
19.23	-4.6727
19.23	-4.6664
19.23	-4.6602
19.23	-4.6538
19.22	-4.6474
19.22	-4.6414
19.22	-4.6353
19.22	-4.6291
19.22	-4.6229
19.22	-4.6166
19.21	-4.6105
19.21	-4.6047
19.21	-4.5984
19.21	-4.5924
19.20	-4.5862
19.20	-4.5802
19.20	-4.5744
19.19	-4.5684
19.19	-4.5623
19.19	-4.5565
19.19	-4.5505
19.18	-4.5446
19.18	-4.5388
19.18	-4.5328
19.18	-4.5270
19.18	-4.5213
19.18	-4.5154
19.17	-4.5096
19.16	-4.5036
19.16	-4.4980
19.16	-4.4924
19.16	-4.4862
19.15	-4.4809
19.15	-4.4751
19.15	-4.4694
19.15	-4.4635
19.14	-4.4578
19.14	-4.4522
19.14	-4.4466
19.14	-4.4410
19.14	-4.4354
19.13	-4.4297
19.13	-4.4242
19.13	-4.4186
19.13	-4.4132
19.13	-4.4075
19.12	-4.4021
19.12	-4.3966
19.12	-4.3908
19.11	-4.3856
19.11	-4.3800
19.11	-4.3747
19.11	-4.3691
19.10	-4.3636
19.10	-4.3580
19.10	-4.3527
19.10	-4.3473
19.09	-4.3420
19.09	-4.3367
19.09	-4.3311
19.08	-4.3260
19.08	-4.3207
19.08	-4.3154
19.08	-4.3103
19.08	-4.3051
19.07	-4.2997
19.07	-4.2944
19.07	-4.2892
19.06	-4.2841
19.06	-4.2788
19.06	-4.2738
19.06	-4.2685
19.06	-4.2633
19.05	-4.2582
19.05	-4.2534
19.05	-4.2480
19.04	-4.2430
19.04	-4.2382
19.04	-4.2329
19.04	-4.2281
19.04	-4.2230
19.03	-4.2179
19.03	-4.2129
19.03	-4.2080
19.03	-4.2030
19.02	-4.1980
19.02	-4.1931
19.02	-4.1882
19.02	-4.1834
19.02	-4.1785
19.01	-4.1736
19.01	-4.1689
19.00	-4.1641
19.00	-4.1593
19.00	-4.1546
18.99	-4.1498
18.99	-4.1451
18.99	-4.1402
18.99	-4.1356
18.99	-4.1309
18.99	-4.1263
18.98	-4.1215
18.98	-4.1171
18.98	-4.1124
18.98	-4.1076
18.98	-4.1030
18.97	-4.0985
18.97	-4.0937
18.97	-4.0894
18.97	-4.0848
18.96	-4.0803
18.96	-4.0759
18.96	-4.0715
18.96	-4.0669
18.96	-4.0624
18.96	-4.0579
18.95	-4.0534
18.95	-4.0489
18.95	-4.0445
18.95	-4.0401
18.94	-4.0358
18.94	-4.0313
18.94	-4.0272
18.93	-4.0228
18.93	-4.0183
18.93	-4.0141
18.93	-4.0098
18.93	-4.0056
18.93	-4.0013
18.92	-3.9972
18.92	-3.9930
18.92	-3.9887
18.91	-3.9845
18.91	-3.9802
18.90	-3.9764
18.90	-3.9720
18.90	-3.9678
18.90	-3.9636
18.90	-3.9597
18.90	-3.9556
18.89	-3.9514
18.89	-3.9474
18.88	-3.9434
18.88	-3.9393
18.88	-3.9355
18.88	-3.9313
18.88	-3.9275
18.88	-3.9235
18.87	-3.9197
18.87	-3.9156
18.87	-3.9117
18.87	-3.9079
18.87	-3.9039
18.86	-3.8999
18.86	-3.8960
18.85	-3.8922
18.85	-3.8884
18.85	-3.8846
18.84	-3.8807
18.84	-3.8770
18.84	-3.8731
18.84	-3.8694
18.83	-3.8655
18.83	-3.8618
18.83	-3.8582
18.82	-3.8545
18.82	-3.8506
18.82	-3.8471
18.82	-3.8433
18.82	-3.8396
18.81	-3.8362
18.81	-3.8324
18.80	-3.8291
18.80	-3.8255
18.80	-3.8217
18.80	-3.8181
18.80	-3.8146
18.80	-3.8110
18.80	-3.8077
18.79	-3.8041
18.79	-3.8007
18.79	-3.7971
18.79	-3.7935
18.78	-3.7901
18.78	-3.7865
18.78	-3.7831
18.78	-3.7798
18.78	-3.7762
18.77	-3.7728
18.77	-3.7695
18.77	-3.7660
18.76	-3.7627
18.76	-3.7594
18.75	-3.7561
18.75	-3.7527
18.75	-3.7494
18.75	-3.7462
18.75	-3.7429
18.74	-3.7396
18.74	-3.7363
18.73	-3.7332
18.73	-3.7298
18.73	-3.7265
18.73	-3.7235
18.73	-3.7201
18.73	-3.7170
18.73	-3.7138
18.72	-3.7109
18.72	-3.7076
18.72	-3.7047
18.71	-3.7014
18.71	-3.6981
18.71	-3.6950
18.71	-3.6920
18.71	-3.6890
18.70	-3.6859
18.70	-3.6828
18.70	-3.6797
18.70	-3.6769
18.69	-3.6738
18.69	-3.6709
18.69	-3.6678
18.68	-3.6648
18.68	-3.6618
18.68	-3.6587
18.68	-3.6559
18.68	-3.6530
18.67	-3.6501
18.67	-3.6472
18.67	-3.6443
18.67	-3.6414
18.66	-3.6386
18.66	-3.6357
18.65	-3.6327
18.65	-3.6297
18.65	-3.6270
18.65	-3.6242
18.64	-3.6216
18.64	-3.6186
18.64	-3.6157
18.64	-3.6130
18.63	-3.6103
18.63	-3.6075
18.63	-3.6047
18.63	-3.6021
18.63	-3.5993
18.63	-3.5968
18.62	-3.5939
18.62	-3.5913
18.62	-3.5886
18.62	-3.5861
18.61	-3.5832
18.61	-3.5807
18.61	-3.5781
18.60	-3.5755
18.60	-3.5728
18.59	-3.5703
18.59	-3.5675
18.59	-3.5651
18.59	-3.5626
18.59	-3.5600
18.58	-3.5574
18.58	-3.5550
18.58	-3.5524
18.57	-3.5499
18.57	-3.5473
18.57	-3.5447
18.57	-3.5424
18.57	-3.5398
18.57	-3.5374
18.56	-3.5349
18.56	-3.5326
18.55	-3.5300
18.55	-3.5277
18.55	-3.5252
18.55	-3.5227
18.54	-3.5205
18.54	-3.5180
18.54	-3.5154
18.54	-3.5131
18.54	-3.5108
18.53	-3.5085
18.53	-3.5060
18.53	-3.5038
18.53	-3.5014
18.53	-3.4989
18.52	-3.4967
18.52	-3.4945
18.52	-3.4921
18.52	-3.4900
18.51	-3.4874
18.51	-3.4852
18.51	-3.4829
18.50	-3.4806
18.50	-3.4782
18.50	-3.4759
18.50	-3.4738
18.50	-3.4714
18.50	-3.4691
18.49	-3.4670
18.49	-3.4647
18.49	-3.4625
18.48	-3.4601
18.48	-3.4580
18.48	-3.4559
18.48	-3.4535
18.48	-3.4515
18.47	-3.4492
18.47	-3.4469
18.47	-3.4450
18.46	-3.4428
18.45	-3.4408
18.45	-3.4388
18.45	-3.4365
18.45	-3.4344
18.45	-3.4322
18.45	-3.4302
18.45	-3.4282
18.44	-3.4263
18.44	-3.4241
18.44	-3.4221
18.44	-3.4200
18.43	-3.4180
18.43	-3.4161
18.43	-3.4140
18.43	-3.4121
18.43	-3.4100
18.42	-3.4082
18.42	-3.4061
18.42	-3.4043
18.42	-3.4023
18.42	-3.4004
18.41	-3.3984
18.41	-3.3967
18.40	-3.3948
18.40	-3.3927
18.40	-3.3910
18.40	-3.3892
18.40	-3.3873
18.39	-3.3854
18.39	-3.3835
18.39	-3.3814
18.38	-3.3797
18.38	-3.3779
18.38	-3.3760
18.38	-3.3744
18.38	-3.3727
18.38	-3.3707
18.37	-3.3688
18.37	-3.3672
18.36	-3.3654
18.36	-3.3635
18.36	-3.3618
18.35	-3.3601
18.35	-3.3582
18.35	-3.3564
18.35	-3.3546
18.34	-3.3530
18.34	-3.3511
18.34	-3.3495
18.34	-3.3477
18.34	-3.3459
18.33	-3.3444
18.33	-3.3426
18.33	-3.3409
18.32	-3.3391
18.32	-3.3375
18.32	-3.3356
18.32	-3.3340
18.32	-3.3324
18.31	-3.3307
18.31	-3.3291
18.31	-3.3274
18.31	-3.3261
18.31	-3.3241
18.30	-3.3225
18.30	-3.3210
18.30	-3.3193
18.29	-3.3177
18.29	-3.3163
18.28	-3.3145
18.28	-3.3129
18.28	-3.3115
18.28	-3.3099
18.28	-3.3082
18.28	-3.3067
18.28	-3.3052
18.27	-3.3036
18.27	-3.3021
18.26	-3.3004
18.26	-3.2991
18.26	-3.2973
18.25	-3.2958
18.25	-3.2942
18.25	-3.2928
18.25	-3.2912
18.25	-3.2898
18.25	-3.2882
18.24	-3.2868
18.24	-3.2854
18.24	-3.2838
18.24	-3.2823
18.23	-3.2809
18.23	-3.2793
18.23	-3.2779
18.23	-3.2763
18.23	-3.2747
18.23	-3.2734
18.22	-3.2719
18.21	-3.2706
18.21	-3.2691
18.21	-3.2676
18.21	-3.2664
18.20	-3.2647
18.20	-3.2635
18.20	-3.2621
18.20	-3.2607
18.20	-3.2593
18.20	-3.2577
18.20	-3.2565
18.19	-3.2552
18.18	-3.2540
18.18	-3.2525
18.18	-3.2512
18.18	-3.2497
18.18	-3.2484
18.17	-3.2470
18.17	-3.2458
18.17	-3.2444
18.17	-3.2433
18.17	-3.2419
18.16	-3.2406
18.16	-3.2394
18.16	-3.2380
18.15	-3.2367
18.15	-3.2354
18.15	-3.2342
18.15	-3.2330
18.15	-3.2318
18.14	-3.2303
18.14	-3.2292
18.14	-3.2279
18.14	-3.2268
18.13	-3.2254
18.14	-3.2242
18.13	-3.2229
18.13	-3.2217
18.12	-3.2207
18.12	-3.2192
18.12	-3.2180
18.12	-3.2168
18.12	-3.2157
18.11	-3.2145
18.10	-3.2132
18.10	-3.2120
18.09	-3.2111
18.09	-3.2098
18.09	-3.2084
18.09	-3.2074
18.09	-3.2062
18.09	-3.2051
18.09	-3.2040
18.08	-3.2028
18.08	-3.2016
18.08	-3.2004
18.07	-3.1992
18.07	-3.1981
18.07	-3.1969
18.07	-3.1958
18.07	-3.1947
18.07	-3.1936
18.07	-3.1925
18.06	-3.1914
18.06	-3.1902
18.06	-3.1891
18.06	-3.1882
18.06	-3.1870
18.05	-3.1860
18.05	-3.1845
18.05	-3.1834
18.04	-3.1823
18.04	-3.1813
18.04	-3.1805
18.03	-3.1793
18.03	-3.1782
18.03	-3.1773
18.03	-3.1761
18.02	-3.1751
18.02	-3.1740
18.02	-3.1729
18.02	-3.1720
18.01	-3.1709
18.01	-3.1700
18.01	-3.1688
18.01	-3.1678
18.00	-3.1669
18.00	-3.1660
18.00	-3.1648
18.00	-3.1639
17.99	-3.1628
17.99	-3.1618
17.99	-3.1608
17.99	-3.1598
17.99	-3.1590
17.99	-3.1578
17.98	-3.1568
17.98	-3.1558
17.98	-3.1549
17.98	-3.1539
17.97	-3.1529
17.97	-3.1518
17.97	-3.1510
17.97	-3.1502
17.96	-3.1491
17.96	-3.1482
17.96	-3.1473
17.96	-3.1462
17.95	-3.1453
17.95	-3.1444
17.95	-3.1435
17.94	-3.1425
17.94	-3.1417
17.93	-3.1407
17.93	-3.1398
17.93	-3.1388
17.93	-3.1379
17.93	-3.1371
17.92	-3.1361
17.92	-3.1352
17.92	-3.1343
17.91	-3.1333
17.91	-3.1325
17.91	-3.1316
17.91	-3.1308
17.91	-3.1297
17.91	-3.1290
17.91	-3.1280
17.90	-3.1272
17.90	-3.1262
17.90	-3.1254
17.89	-3.1243
17.89	-3.1236
17.89	-3.1225
17.88	-3.1216
17.88	-3.1208
17.88	-3.1200
17.88	-3.1191
17.88	-3.1184
17.87	-3.1175
17.87	-3.1167
17.87	-3.1158
17.87	-3.1151
17.86	-3.1142
17.86	-3.1132
17.86	-3.1123
17.87	-3.1115
17.86	-3.1109
17.86	-3.1101
17.85	-3.1091
17.85	-3.1085
17.84	-3.1076
17.84	-3.1066
17.84	-3.1060
17.84	-3.1050
17.83	-3.1045
17.83	-3.1035
17.83	-3.1028
17.83	-3.1018
17.83	-3.1010
17.82	-3.1002
17.82	-3.0995
17.82	-3.0988
17.82	-3.0981
17.81	-3.0973
17.81	-3.0964
17.81	-3.0954
17.81	-3.0948
17.81	-3.0939
17.80	-3.0931
17.80	-3.0924
17.80	-3.0917
17.80	-3.0907
17.79	-3.0900
17.79	-3.0893
17.79	-3.0884
17.78	-3.0877
17.78	-3.0870
17.78	-3.0862
17.78	-3.0853
17.77	-3.0846
17.77	-3.0838
17.77	-3.0830
17.76	-3.0822
17.76	-3.0814
17.76	-3.0807
17.76	-3.0799
17.76	-3.0792
17.75	-3.0784
17.75	-3.0777
17.75	-3.0769
17.75	-3.0760
17.75	-3.0754
17.75	-3.0747
17.74	-3.0738
17.74	-3.0733
17.73	-3.0723
17.73	-3.0717
17.73	-3.0711
17.73	-3.0702
17.73	-3.0696
17.72	-3.0688
17.72	-3.0682
17.72	-3.0675
17.72	-3.0667
17.71	-3.0660
17.71	-3.0653
17.70	-3.0648
17.70	-3.0641
17.70	-3.0633
17.70	-3.0626
17.70	-3.0621
17.70	-3.0612
17.70	-3.0607
17.69	-3.0600
17.69	-3.0594
17.68	-3.0587
17.68	-3.0582
17.68	-3.0574
17.68	-3.0567
17.67	-3.0562
17.67	-3.0555
17.67	-3.0548
17.66	-3.0542
17.66	-3.0536
17.66	-3.0527
17.65	-3.0521
17.65	-3.0517
17.65	-3.0509
17.65	-3.0504
17.65	-3.0496
17.64	-3.0491
17.64	-3.0486
17.64	-3.0479
17.64	-3.0471
17.64	-3.0464
17.63	-3.0459
17.63	-3.0453
17.63	-3.0448
17.63	-3.0442
17.63	-3.0435
17.62	-3.0431
17.62	-3.0424
17.62	-3.0416
17.61	-3.0411
17.61	-3.0405
17.61	-3.0399
17.60	-3.0392
17.60	-3.0388
17.60	-3.0381
17.59	-3.0376
17.59	-3.0371
17.59	-3.0363
17.59	-3.0358
17.58	-3.0351
17.58	-3.0346
17.58	-3.0341
17.58	-3.0334
17.58	-3.0328
17.58	-3.0323
17.57	-3.0317
17.57	-3.0310
17.57	-3.0305
17.57	-3.0299
17.57	-3.0292
17.56	-3.0287
17.56	-3.0283
17.55	-3.0276
17.55	-3.0271
17.55	-3.0264
17.55	-3.0259
17.55	-3.0253
17.54	-3.0246
17.54	-3.0241
17.54	-3.0235
17.53	-3.0229
17.53	-3.0223
17.53	-3.0218
17.53	-3.0213
17.52	-3.0207
17.53	-3.0201
17.52	-3.0196
17.52	-3.0191
17.52	-3.0186
17.51	-3.0181
17.51	-3.0174
17.51	-3.0167
17.51	-3.0164
17.50	-3.0158
17.50	-3.0153
17.50	-3.0147
17.50	-3.0142
17.49	-3.0137
17.49	-3.0131
17.49	-3.0126
17.49	-3.0120
17.48	-3.0115
17.48	-3.0109
17.48	-3.0106
17.48	-3.0099
17.48	-3.0093
17.48	-3.0089
17.47	-3.0084
17.47	-3.0079
17.47	-3.0073
17.47	-3.0071
17.46	-3.0065
17.46	-3.0058
17.46	-3.0053
17.45	-3.0049
17.45	-3.0046
17.45	-3.0039
17.45	-3.0035
17.45	-3.0029
17.44	-3.0023
17.44	-3.0019
17.43	-3.0013
17.43	-3.0009
17.43	-3.0005
17.43	-3.0000
17.43	-2.9995
17.42	-2.9989
17.42	-2.9983
17.42	-2.9979
17.41	-2.9975
17.41	-2.9970
17.41	-2.9966
17.41	-2.9961
17.40	-2.9957
17.40	-2.9952
17.40	-2.9947
17.40	-2.9943
17.39	-2.9938
17.39	-2.9934
17.39	-2.9926
17.38	-2.9923
17.38	-2.9919
17.38	-2.9915
17.38	-2.9910
17.38	-2.9904
17.37	-2.9901
17.37	-2.9895
17.37	-2.9892
17.37	-2.9884
17.36	-2.9882
17.36	-2.9877
17.36	-2.9872
17.36	-2.9868
17.35	-2.9862
17.35	-2.9859
17.35	-2.9853
17.35	-2.9851
17.34	-2.9844
17.34	-2.9841
17.34	-2.9838
17.34	-2.9832
17.33	-2.9827
17.33	-2.9823
17.33	-2.9819
17.33	-2.9815
17.33	-2.9810
17.32	-2.9806
17.32	-2.9803
17.32	-2.9798
17.31	-2.9792
17.31	-2.9790
17.31	-2.9785
17.30	-2.9781
17.30	-2.9777
17.30	-2.9772
17.30	-2.9766
17.29	-2.9763
17.29	-2.9759
17.29	-2.9755
17.29	-2.9750
17.28	-2.9746
17.28	-2.9742
17.28	-2.9739
17.28	-2.9734
17.28	-2.9729
17.27	-2.9725
17.27	-2.9721
17.26	-2.9717
17.26	-2.9713
17.26	-2.9710
17.26	-2.9704
17.26	-2.9701
17.26	-2.9698
17.26	-2.9693
17.25	-2.9688
17.25	-2.9684
17.25	-2.9681
17.25	-2.9677
17.25	-2.9673
17.25	-2.9670
17.24	-2.9665
17.24	-2.9660
17.24	-2.9656
17.24	-2.9653
17.23	-2.9648
17.23	-2.9646
17.22	-2.9643
17.22	-2.9636
17.22	-2.9634
17.21	-2.9630
17.21	-2.9627
17.21	-2.9622
17.21	-2.9619
17.21	-2.9616
17.20	-2.9612
17.20	-2.9606
17.20	-2.9604
17.20	-2.9599
17.20	-2.9597
17.19	-2.9592
17.19	-2.9588
17.18	-2.9586
17.19	-2.9584
17.18	-2.9578
17.18	-2.9575
17.18	-2.9572
17.18	-2.9569
17.18	-2.9565
17.17	-2.9561
17.17	-2.9557
17.17	-2.9552
17.17	-2.9550
17.17	-2.9546
17.16	-2.9544
17.16	-2.9540
17.16	-2.9536
17.16	-2.9532
17.15	-2.9527
17.15	-2.9526
17.15	-2.9522
17.15	-2.9517
17.14	-2.9515
17.14	-2.9511
17.13	-2.9507
17.13	-2.9502
17.13	-2.9499
17.13	-2.9494
17.13	-2.9492
17.13	-2.9489
17.12	-2.9485
17.12	-2.9481
17.11	-2.9477
17.11	-2.9474
17.11	-2.9472
17.10	-2.9467
17.10	-2.9465
17.10	-2.9459
17.10	-2.9457
17.09	-2.9453
17.09	-2.9451
17.09	-2.9448
17.09	-2.9442
17.09	-2.9439
17.08	-2.9436
17.08	-2.9432
17.08	-2.9429
17.08	-2.9426
17.07	-2.9422
17.07	-2.9417
17.07	-2.9417
17.07	-2.9411
17.06	-2.9409
17.06	-2.9406
17.06	-2.9402
17.05	-2.9399
17.05	-2.9395
17.05	-2.9391
17.05	-2.9387
17.04	-2.9384
17.04	-2.9382
17.04	-2.9377
17.03	-2.9374
17.03	-2.9371
17.03	-2.9367
17.03	-2.9363
17.02	-2.9360
17.02	-2.9357
17.02	-2.9352
17.02	-2.9350
17.02	-2.9346
17.01	-2.9340
17.01	-2.9337
17.01	-2.9334
17.00	-2.9329
17.00	-2.9328
17.00	-2.9323
17.00	-2.9320
17.00	-2.9316
17.00	-2.9314
17.00	-2.9310
17.00	-2.9307
16.99	-2.9302
16.98	-2.9298
16.98	-2.9296
16.98	-2.9295
16.98	-2.9291
16.98	-2.9286
16.97	-2.9284
16.97	-2.9280
16.97	-2.9275
16.97	-2.9274
16.96	-2.9270
16.96	-2.9267
16.96	-2.9267
16.96	-2.9262
16.95	-2.9260
16.95	-2.9256
16.95	-2.9251
16.95	-2.9250
16.94	-2.9248
16.94	-2.9245
16.94	-2.9241
16.94	-2.9240
16.94	-2.9236
16.93	-2.9232
16.93	-2.9230
16.92	-2.9226
16.92	-2.9225
16.92	-2.9221
16.92	-2.9218
16.92	-2.9216
16.92	-2.9213
16.92	-2.9211
16.92	-2.9207
16.91	-2.9204
16.91	-2.9201
16.90	-2.9198
16.90	-2.9196
16.90	-2.9193
16.90	-2.9188
16.89	-2.9185
16.89	-2.9182
16.88	-2.9180
16.88	-2.9176
16.88	-2.9174
16.88	-2.9171
16.88	-2.9168
16.88	-2.9165
16.87	-2.9162
16.87	-2.9160
16.87	-2.9157
16.87	-2.9154
16.86	-2.9150
16.86	-2.9149
16.86	-2.9146
16.85	-2.9142
16.85	-2.9139
16.85	-2.9136
16.85	-2.9133
16.85	-2.9131
16.84	-2.9127
16.84	-2.9125
16.84	-2.9121
16.84	-2.9118
16.83	-2.9115
16.83	-2.9112
16.83	-2.9110
16.83	-2.9109
16.83	-2.9106
16.82	-2.9103
16.82	-2.9100
16.82	-2.9095
16.82	-2.9094
16.81	-2.9091
16.81	-2.9089
16.80	-2.9086
16.80	-2.9081
16.80	-2.9076
16.80	-2.9077
16.79	-2.9073
16.79	-2.9071
16.79	-2.9068
16.79	-2.9065
16.79	-2.9063
16.79	-2.9060
16.78	-2.9058
16.78	-2.9055
16.78	-2.9052
16.77	-2.9050
16.77	-2.9048
16.77	-2.9045
16.77	-2.9042
16.77	-2.9041
16.76	-2.9037
16.76	-2.9035
16.76	-2.9029
16.75	-2.9027
16.75	-2.9023
16.75	-2.9021
16.75	-2.9019
16.74	-2.9016
16.74	-2.9013
16.74	-2.9010
16.73	-2.9008
16.73	-2.9005
16.73	-2.9003
16.73	-2.9002
16.73	-2.8998
16.73	-2.8994
16.72	-2.8991
16.72	-2.8991
16.72	-2.8987
16.72	-2.8985
16.71	-2.8983
16.71	-2.8981
16.70	-2.8977
16.70	-2.8975
16.70	-2.8971
16.69	-2.8968
16.69	-2.8967
16.69	-2.8965
16.69	-2.8961
16.69	-2.8960
16.69	-2.8956
16.68	-2.8953
16.68	-2.8951
16.68	-2.8949
16.67	-2.8947
16.67	-2.8945
16.66	-2.8942
16.66	-2.8938
16.67	-2.8936
16.67	-2.8934
16.66	-2.8931
16.65	-2.8930
16.65	-2.8925
16.65	-2.8923
16.65	-2.8920
16.65	-2.8918
16.65	-2.8916
16.64	-2.8914
16.64	-2.8912
16.64	-2.8910
16.64	-2.8907
16.63	-2.8907
16.63	-2.8904
16.63	-2.8900
16.63	-2.8897
16.63	-2.8897
16.62	-2.8895
16.62	-2.8892
16.62	-2.8889
16.62	-2.8888
16.61	-2.8887
16.61	-2.8885
16.61	-2.8883
16.60	-2.8879
16.60	-2.8875
16.60	-2.8873
16.60	-2.8871
16.59	-2.8871
16.59	-2.8868
16.59	-2.8866
16.59	-2.8863
16.58	-2.8861
16.58	-2.8860
16.58	-2.8857
16.58	-2.8854
16.57	-2.8852
16.57	-2.8850
16.57	-2.8846
16.57	-2.8846
16.56	-2.8843
16.56	-2.8841
16.56	-2.8837
16.56	-2.8836
16.55	-2.8833
16.55	-2.8831
16.55	-2.8828
16.55	-2.8827
16.54	-2.8825
16.54	-2.8820
16.54	-2.8820
16.54	-2.8816
16.54	-2.8816
16.53	-2.8813
16.53	-2.8810
16.52	-2.8808
16.52	-2.8806
16.52	-2.8804
16.52	-2.8800
16.52	-2.8801
16.51	-2.8798
16.51	-2.8796
16.51	-2.8794
16.51	-2.8793
16.50	-2.8790
16.50	-2.8788
16.50	-2.8784
16.50	-2.8782
16.50	-2.8780
16.49	-2.8779
16.49	-2.8778
16.49	-2.8777
16.48	-2.8773
16.48	-2.8771
16.48	-2.8769
16.48	-2.8767
16.48	-2.8764
16.47	-2.8765
16.47	-2.8761
16.47	-2.8758
16.47	-2.8756
16.46	-2.8756
16.46	-2.8753
16.46	-2.8750
16.45	-2.8749
16.45	-2.8747
16.44	-2.8744
16.44	-2.8742
16.44	-2.8741
16.44	-2.8739
16.43	-2.8736
16.43	-2.8735
16.43	-2.8732
16.43	-2.8730
16.43	-2.8728
16.43	-2.8726
16.43	-2.8723
16.43	-2.8720
16.43	-2.8719
16.43	-2.8717
16.42	-2.8715
16.42	-2.8712
16.41	-2.8712
16.41	-2.8708
16.40	-2.8707
16.40	-2.8706
16.40	-2.8703
16.39	-2.8702
16.39	-2.8698
16.39	-2.8698
16.39	-2.8696
16.39	-2.8695
16.38	-2.8692
16.38	-2.8691
16.38	-2.8689
16.38	-2.8687
16.38	-2.8686
16.38	-2.8683
16.38	-2.8682
16.37	-2.8680
16.37	-2.8678
16.36	-2.8676
16.36	-2.8673
16.36	-2.8670
16.36	-2.8669
16.35	-2.8666
16.35	-2.8665
16.34	-2.8665
16.34	-2.8661
16.34	-2.8659
16.34	-2.8657
16.33	-2.8657
16.33	-2.8652
16.32	-2.8652
16.32	-2.8649
16.32	-2.8649
16.32	-2.8645
16.32	-2.8643
16.32	-2.8641
16.32	-2.8640
16.32	-2.8637
16.31	-2.8635
16.31	-2.8634
16.31	-2.8632
16.30	-2.8629
16.30	-2.8627
16.30	-2.8625
16.30	-2.8621
16.30	-2.8620
16.30	-2.8617
16.30	-2.8616
16.29	-2.8611
16.29	-2.8610
16.29	-2.8607
16.28	-2.8604
16.28	-2.8603
16.28	-2.8601
16.27	-2.8598
16.27	-2.8596
16.27	-2.8594
16.27	-2.8590
16.27	-2.8591
16.27	-2.8587
16.26	-2.8585
16.26	-2.8585
16.26	-2.8581
16.25	-2.8578
16.25	-2.8577
16.25	-2.8574
16.25	-2.8575
16.25	-2.8572
16.24	-2.8568
16.24	-2.8567
16.23	-2.8566
16.23	-2.8563
16.23	-2.8563
16.23	-2.8560
16.23	-2.8558
16.23	-2.8556
16.22	-2.8555
16.22	-2.8553
16.22	-2.8552
16.21	-2.8551
16.21	-2.8549
16.21	-2.8546
16.21	-2.8546
16.20	-2.8544
16.20	-2.8542
16.20	-2.8540
16.20	-2.8539
16.20	-2.8537
16.20	-2.8534
16.20	-2.8534
16.20	-2.8532
16.19	-2.8531
16.19	-2.8529
16.18	-2.8527
16.18	-2.8526
16.17	-2.8522
16.17	-2.8521
16.17	-2.8521
16.17	-2.8516
16.16	-2.8516
16.16	-2.8514
16.16	-2.8512
16.15	-2.8511
16.15	-2.8508
16.15	-2.8507
16.15	-2.8505
16.14	-2.8504
16.14	-2.8503
16.14	-2.8500
16.14	-2.8499
16.13	-2.8498
16.13	-2.8496
16.13	-2.8493
16.13	-2.8492
16.13	-2.8492
16.13	-2.8490
16.12	-2.8487
16.12	-2.8485
16.12	-2.8484
16.11	-2.8482
16.11	-2.8480
16.11	-2.8480
16.11	-2.8477
16.10	-2.8475
16.10	-2.8472
16.10	-2.8469
16.10	-2.8467
16.09	-2.8465
16.09	-2.8462
16.09	-2.8463
16.09	-2.8461
16.09	-2.8459
16.09	-2.8458
16.08	-2.8457
16.07	-2.8453
16.07	-2.8452
16.07	-2.8449
16.07	-2.8448
16.06	-2.8445
16.06	-2.8444
16.06	-2.8441
16.06	-2.8442
16.06	-2.8438
16.05	-2.8436
16.05	-2.8437
16.05	-2.8432
16.05	-2.8432
16.05	-2.8430
16.05	-2.8429
16.04	-2.8427
16.04	-2.8422
16.03	-2.8423
16.03	-2.8422
16.02	-2.8420
16.02	-2.8420
16.02	-2.8417
16.02	-2.8415
16.02	-2.8415
16.02	-2.8412
16.02	-2.8410
16.02	-2.8408
16.01	-2.8407
16.00	-2.8406
16.00	-2.8403
16.00	-2.8402
16.00	-2.8400
16.00	-2.8400
16.00	-2.8398
16.00	-2.8395
15.99	-2.8395
15.99	-2.8393
15.98	-2.8391
15.98	-2.8389
15.98	-2.8387
15.98	-2.8385
15.98	-2.8382
15.97	-2.8381
15.97	-2.8379
15.97	-2.8378
15.96	-2.8375
15.96	-2.8375
15.95	-2.8372
15.95	-2.8371
15.95	-2.8370
15.95	-2.8367
15.95	-2.8366
15.95	-2.8364
15.95	-2.8361
15.95	-2.8361
15.94	-2.8359
15.94	-2.8358
15.93	-2.8356
15.93	-2.8356
15.93	-2.8353
15.93	-2.8352
15.93	-2.8350
15.92	-2.8349
15.92	-2.8347
15.92	-2.8346
15.91	-2.8345
15.91	-2.8343
15.91	-2.8341
15.91	-2.8340
15.90	-2.8338
15.90	-2.8336
15.90	-2.8336
15.90	-2.8333
15.89	-2.8333
15.89	-2.8331
15.89	-2.8328
15.89	-2.8328
15.89	-2.8325
15.88	-2.8323
15.88	-2.8323
15.88	-2.8322
15.88	-2.8319
15.88	-2.8318
15.87	-2.8317
15.87	-2.8316
15.86	-2.8315
15.86	-2.8313
15.86	-2.8311
15.85	-2.8311
15.85	-2.8309
15.86	-2.8309
15.85	-2.8308
15.85	-2.8305
15.85	-2.8304
15.84	-2.8303
15.84	-2.8302
15.83	-2.8300
15.83	-2.8300
15.83	-2.8298
15.83	-2.8297
15.83	-2.8295
15.83	-2.8295
15.82	-2.8295
15.82	-2.8293
15.82	-2.8290
15.82	-2.8289
15.82	-2.8286
15.82	-2.8286
15.81	-2.8284
15.81	-2.8284
15.80	-2.8283
15.80	-2.8280
15.80	-2.8277
15.80	-2.8276
15.79	-2.8275
15.79	-2.8274
15.79	-2.8273
15.79	-2.8273
15.79	-2.8269
15.78	-2.8267
15.78	-2.8267
15.78	-2.8265
15.78	-2.8263
15.78	-2.8263
15.77	-2.8262
15.77	-2.8261
15.77	-2.8258
15.77	-2.8257
15.76	-2.8256
15.76	-2.8255
15.75	-2.8254
15.75	-2.8253
15.75	-2.8251
15.74	-2.8250
15.74	-2.8249
15.73	-2.8248
15.73	-2.8246
15.73	-2.8246
15.73	-2.8243
15.73	-2.8243
15.72	-2.8242
15.72	-2.8241
15.72	-2.8238
15.72	-2.8238
15.72	-2.8236
15.71	-2.8234
15.71	-2.8233
15.71	-2.8231
15.71	-2.8229
15.70	-2.8230
15.70	-2.8228
15.70	-2.8226
15.70	-2.8226
15.70	-2.8224
15.70	-2.8221
15.70	-2.8221
15.69	-2.8219
15.69	-2.8218
15.68	-2.8218
15.68	-2.8216
15.68	-2.8213
15.68	-2.8215
15.68	-2.8212
15.67	-2.8210
15.67	-2.8209
15.66	-2.8209
15.66	-2.8207
15.67	-2.8205
15.66	-2.8205
15.66	-2.8202
15.65	-2.8202
15.65	-2.8201
15.65	-2.8199
15.65	-2.8197
15.65	-2.8196
15.64	-2.8194
15.64	-2.8194
15.64	-2.8192
15.64	-2.8190
15.63	-2.8191
15.63	-2.8189
15.63	-2.8187
15.63	-2.8187
15.63	-2.8184
15.62	-2.8181
15.61	-2.8181
15.61	-2.8181
15.61	-2.8179
15.61	-2.8177
15.60	-2.8176
15.60	-2.8175
15.60	-2.8174
15.59	-2.8173
15.59	-2.8173
15.59	-2.8171
15.58	-2.8168
15.59	-2.8166
15.59	-2.8166
15.59	-2.8165
15.59	-2.8163
15.59	-2.8163
15.58	-2.8160
15.58	-2.8158
15.58	-2.8157
15.58	-2.8156
15.57	-2.8154
15.57	-2.8151
15.56	-2.8150
15.56	-2.8149
15.56	-2.8148
15.56	-2.8145
15.55	-2.8144
15.55	-2.8142
15.55	-2.8140
15.55	-2.8138
15.55	-2.8138
15.54	-2.8136
15.54	-2.8134
15.54	-2.8133
15.53	-2.8130
15.53	-2.8129
15.53	-2.8127
15.52	-2.8126
15.52	-2.8125
15.52	-2.8125
15.51	-2.8123
15.51	-2.8122
15.51	-2.8120
15.51	-2.8118
15.51	-2.8117
15.51	-2.8115
15.50	-2.8112
15.50	-2.8113
15.50	-2.8112
15.50	-2.8111
15.50	-2.8108
15.49	-2.8107
15.48	-2.8109
15.48	-2.8105
15.48	-2.8103
15.48	-2.8103
15.48	-2.8102
15.48	-2.8099
15.48	-2.8099
15.47	-2.8098
15.47	-2.8097
15.46	-2.8095
15.46	-2.8095
15.46	-2.8093
15.45	-2.8092
15.45	-2.8090
15.45	-2.8087
15.45	-2.8088
15.45	-2.8085
15.45	-2.8085
15.44	-2.8084
15.44	-2.8081
15.44	-2.8081
15.44	-2.8079
15.43	-2.8079
15.43	-2.8077
15.43	-2.8076
15.43	-2.8076
15.43	-2.8074
15.43	-2.8071
15.42	-2.8070
15.42	-2.8070
15.41	-2.8067
15.41	-2.8066
15.41	-2.8066
15.41	-2.8063
15.41	-2.8062
15.40	-2.8060
15.40	-2.8059
15.40	-2.8058
15.40	-2.8057
15.40	-2.8058
15.40	-2.8055
15.39	-2.8054
15.39	-2.8052
15.39	-2.8051
15.38	-2.8049
15.38	-2.8048
15.38	-2.8047
15.38	-2.8045
15.38	-2.8045
15.37	-2.8043
15.37	-2.8041
15.36	-2.8039
15.36	-2.8038
15.36	-2.8037
15.36	-2.8034
15.35	-2.8034
15.35	-2.8032
15.35	-2.8032
15.34	-2.8031
15.34	-2.8028
15.34	-2.8029
15.34	-2.8027
15.33	-2.8025
15.33	-2.8024
15.33	-2.8023
15.33	-2.8020
15.32	-2.8020
15.32	-2.8019
15.32	-2.8018
15.32	-2.8017
15.32	-2.8016
15.31	-2.8015
15.31	-2.8014
15.31	-2.8014
15.31	-2.8011
15.30	-2.8011
15.30	-2.8007
15.30	-2.8009
15.30	-2.8007
15.30	-2.8004
15.29	-2.8003
15.29	-2.8002
15.29	-2.8001
15.29	-2.7998
15.29	-2.7999
15.29	-2.7997
15.28	-2.7996
15.28	-2.7996
15.27	-2.7994
15.27	-2.7993
15.26	-2.7992
15.26	-2.7990
15.26	-2.7989
15.26	-2.7987
15.25	-2.7986
15.25	-2.7985
15.25	-2.7985
15.25	-2.7984
15.25	-2.7981
15.25	-2.7982
15.24	-2.7980
15.24	-2.7980
15.23	-2.7976
15.23	-2.7976
15.23	-2.7976
15.23	-2.7974
15.23	-2.7973
15.23	-2.7973
15.22	-2.7971
15.22	-2.7970
15.22	-2.7970
15.21	-2.7970
15.21	-2.7969
15.21	-2.7966
15.20	-2.7966
15.20	-2.7965
15.20	-2.7963
15.20	-2.7962
15.20	-2.7961
15.19	-2.7959
15.19	-2.7958
15.18	-2.7956
15.18	-2.7956
15.18	-2.7955
15.18	-2.7954
15.18	-2.7953
15.18	-2.7950
15.18	-2.7952
15.18	-2.7951
15.17	-2.7950
15.17	-2.7950
15.17	-2.7946
15.17	-2.7946
15.16	-2.7945
15.16	-2.7944
15.16	-2.7943
15.15	-2.7943
15.15	-2.7942
15.15	-2.7941
15.14	-2.7939
15.14	-2.7937
15.14	-2.7938
15.14	-2.7936
15.14	-2.7934
15.13	-2.7933
15.13	-2.7933
15.13	-2.7930
15.12	-2.7930
15.12	-2.7930
15.12	-2.7928
15.12	-2.7928
15.12	-2.7928
15.12	-2.7925
15.11	-2.7926
15.11	-2.7922
15.10	-2.7923
15.10	-2.7922
15.10	-2.7921
15.10	-2.7919
15.09	-2.7919
15.09	-2.7918
15.09	-2.7917
15.08	-2.7917
15.08	-2.7914
15.08	-2.7914
15.08	-2.7912
15.08	-2.7912
15.08	-2.7910
15.08	-2.7909
15.08	-2.7909
15.07	-2.7908
15.07	-2.7906
15.06	-2.7905
15.06	-2.7905
15.05	-2.7903
15.05	-2.7902
15.05	-2.7901
15.05	-2.7900
15.05	-2.7899
15.05	-2.7897
15.04	-2.7897
15.04	-2.7896
15.04	-2.7894
15.03	-2.7894
15.03	-2.7893
15.03	-2.7890
15.03	-2.7890
15.03	-2.7890
15.03	-2.7889
15.02	-2.7887
15.02	-2.7887
15.02	-2.7887
15.02	-2.7885
15.01	-2.7885
15.01	-2.7885
15.00	-2.7882
15.00	-2.7882
15.00	-2.7882
15.00	-2.7881
15.00	-2.7879
14.99	-2.7877
14.99	-2.7879
14.99	-2.7877
14.99	-2.7876
14.98	-2.7875
14.98	-2.7874
14.98	-2.7873
14.98	-2.7871
14.98	-2.7872
14.97	-2.7870
14.97	-2.7870
14.97	-2.7868
14.96	-2.7867
14.96	-2.7868
14.96	-2.7867
14.95	-2.7865
14.95	-2.7865
14.95	-2.7862
14.95	-2.7862
14.95	-2.7861
14.94	-2.7859
14.94	-2.7857
14.94	-2.7855
14.94	-2.7856
14.94	-2.7854
14.93	-2.7853
14.93	-2.7851
14.93	-2.7850
14.93	-2.7850
14.93	-2.7850
14.92	-2.7848
14.92	-2.7848
14.91	-2.7846
14.91	-2.7846
14.91	-2.7845
14.91	-2.7844
14.90	-2.7842
14.90	-2.7840
14.90	-2.7841
14.90	-2.7841
14.90	-2.7839
14.90	-2.7838
14.89	-2.7837
14.89	-2.7837
14.89	-2.7836
14.88	-2.7834
14.88	-2.7835
14.88	-2.7833
14.88	-2.7831
14.87	-2.7830
14.87	-2.7831
14.87	-2.7829
14.87	-2.7827
14.86	-2.7828
14.86	-2.7825
14.85	-2.7825
14.85	-2.7824
14.85	-2.7823
14.85	-2.7821
14.85	-2.7819
14.85	-2.7818
14.85	-2.7817
14.85	-2.7815
14.85	-2.7814
14.84	-2.7812
14.83	-2.7811
14.83	-2.7808
14.83	-2.7808
14.83	-2.7806
14.82	-2.7804
14.82	-2.7804
14.82	-2.7802
14.81	-2.7800
14.81	-2.7801
14.81	-2.7798
14.80	-2.7797
14.80	-2.7796
14.80	-2.7795
14.80	-2.7795
14.80	-2.7793
14.80	-2.7792
14.80	-2.7791
14.79	-2.7787
14.79	-2.7788
14.79	-2.7788
14.78	-2.7786
14.78	-2.7785
14.78	-2.7783
14.78	-2.7784
14.77	-2.7783
14.77	-2.7781
14.77	-2.7780
14.76	-2.7778
14.76	-2.7778
14.76	-2.7777
14.76	-2.7776
14.75	-2.7776
14.75	-2.7776
14.75	-2.7775
14.75	-2.7773
14.75	-2.7772
14.74	-2.7772
14.74	-2.7770
14.74	-2.7769
14.73	-2.7769
14.73	-2.7768
14.73	-2.7764
14.72	-2.7765
14.72	-2.7765
14.72	-2.7764
14.72	-2.7764
14.72	-2.7762
14.71	-2.7763
14.71	-2.7760
14.71	-2.7761
14.71	-2.7758
14.71	-2.7758
14.70	-2.7758
14.70	-2.7755
14.70	-2.7755
14.70	-2.7755
14.69	-2.7753
14.69	-2.7752
14.68	-2.7750
14.68	-2.7750
14.68	-2.7749
14.68	-2.7748
14.68	-2.7748
14.68	-2.7746
14.67	-2.7746
14.67	-2.7744
14.66	-2.7743
14.66	-2.7742
14.66	-2.7741
14.66	-2.7740
14.66	-2.7739
14.65	-2.7739
14.65	-2.7738
14.65	-2.7736
14.65	-2.7736
14.64	-2.7734
14.64	-2.7734
14.63	-2.7733
14.63	-2.7731
14.63	-2.7731
14.63	-2.7730
14.63	-2.7728
14.63	-2.7727
14.63	-2.7724
14.63	-2.7724
14.62	-2.7723
14.62	-2.7722
14.62	-2.7720
14.61	-2.7719
14.61	-2.7717
14.61	-2.7718
14.60	-2.7717
14.60	-2.7715
14.60	-2.7714
14.60	-2.7713
14.59	-2.7712
14.59	-2.7712
14.59	-2.7710
14.58	-2.7710
14.58	-2.7707
14.58	-2.7707
14.58	-2.7705
14.57	-2.7705
14.57	-2.7703
14.57	-2.7702
14.56	-2.7702
14.56	-2.7701
14.56	-2.7700
14.56	-2.7698
14.56	-2.7699
14.56	-2.7697
14.55	-2.7696
14.55	-2.7695
14.55	-2.7694
14.55	-2.7694
14.54	-2.7693
14.54	-2.7692
14.54	-2.7690
14.54	-2.7690
14.54	-2.7688
14.54	-2.7688
14.54	-2.7688
14.53	-2.7687
14.53	-2.7685
14.53	-2.7686
14.53	-2.7685
14.52	-2.7684
14.52	-2.7682
14.52	-2.7682
14.51	-2.7682
14.51	-2.7680
14.50	-2.7677
14.50	-2.7678
14.50	-2.7676
14.50	-2.7677
14.50	-2.7676
14.49	-2.7674
14.49	-2.7672
14.49	-2.7674
14.49	-2.7672
14.48	-2.7672
14.48	-2.7672
14.48	-2.7672
14.48	-2.7668
14.48	-2.7668
14.47	-2.7667
14.47	-2.7667
14.47	-2.7666
14.47	-2.7664
14.46	-2.7665
14.46	-2.7664
14.46	-2.7662
14.45	-2.7663
14.45	-2.7661
14.45	-2.7660
14.44	-2.7660
14.44	-2.7661
14.44	-2.7659
14.44	-2.7658
14.44	-2.7657
14.43	-2.7657
14.43	-2.7656
14.43	-2.7655
14.43	-2.7655
14.43	-2.7655
14.43	-2.7652
14.42	-2.7652
14.42	-2.7651
14.41	-2.7652
14.41	-2.7650
14.41	-2.7648
14.41	-2.7648
14.40	-2.7650
14.40	-2.7648
14.40	-2.7645
14.40	-2.7646
14.40	-2.7645
14.39	-2.7644
14.39	-2.7644
14.39	-2.7643
14.39	-2.7642
14.38	-2.7641
14.38	-2.7639
14.38	-2.7639
14.38	-2.7638
14.38	-2.7638
14.37	-2.7634
14.37	-2.7636
14.37	-2.7634
14.37	-2.7634
14.37	-2.7633
14.36	-2.7632
14.36	-2.7630
14.35	-2.7631
14.35	-2.7628
14.35	-2.7629
14.35	-2.7627
14.35	-2.7627
14.34	-2.7626
14.34	-2.7625
14.34	-2.7625
14.33	-2.7623
14.33	-2.7622
14.33	-2.7622
14.33	-2.7622
14.33	-2.7621
14.33	-2.7621
14.33	-2.7620
14.32	-2.7618
14.32	-2.7618
14.32	-2.7618
14.31	-2.7617
14.31	-2.7616
14.30	-2.7616
14.30	-2.7616
14.30	-2.7613
14.30	-2.7612
14.30	-2.7613
14.30	-2.7613
14.29	-2.7612
14.29	-2.7611
14.29	-2.7609
14.28	-2.7609
14.28	-2.7609
14.28	-2.7608
14.28	-2.7607
14.27	-2.7606
14.27	-2.7606
14.26	-2.7605
14.26	-2.7603
14.26	-2.7604
14.26	-2.7603
14.26	-2.7603
14.25	-2.7602
14.25	-2.7600
14.25	-2.7602
14.25	-2.7600
14.25	-2.7599
14.24	-2.7600
14.24	-2.7597
14.24	-2.7597
14.23	-2.7597
14.23	-2.7597
14.23	-2.7593
14.23	-2.7593
14.23	-2.7592
14.22	-2.7592
14.22	-2.7590
14.22	-2.7588
14.21	-2.7589
14.21	-2.7588
14.21	-2.7588
14.20	-2.7589
14.20	-2.7587
14.20	-2.7586
14.20	-2.7585
14.20	-2.7584
14.20	-2.7584
14.19	-2.7583
14.19	-2.7581
14.19	-2.7581
14.18	-2.7580
14.18	-2.7578
14.18	-2.7578
14.18	-2.7578
14.18	-2.7577
14.18	-2.7575
14.17	-2.7574
14.17	-2.7575
14.17	-2.7574
14.17	-2.7574
14.16	-2.7573
14.16	-2.7574
14.15	-2.7572
14.15	-2.7572
14.15	-2.7570
14.15	-2.7569
14.15	-2.7568
14.14	-2.7568
14.14	-2.7568
14.14	-2.7569
14.14	-2.7564
14.14	-2.7564
14.13	-2.7563
14.13	-2.7563
14.13	-2.7560
14.13	-2.7559
14.12	-2.7558
14.12	-2.7557
14.12	-2.7557
14.11	-2.7555
14.11	-2.7554
14.11	-2.7553
14.11	-2.7549
14.10	-2.7550
14.10	-2.7548
14.10	-2.7550
14.10	-2.7547
14.09	-2.7546
14.09	-2.7545
14.09	-2.7545
14.09	-2.7545
14.08	-2.7542
14.08	-2.7542
14.08	-2.7540
14.08	-2.7539
14.07	-2.7539
14.07	-2.7538
14.07	-2.7538
14.06	-2.7536
14.06	-2.7535
14.06	-2.7534
14.06	-2.7533
14.05	-2.7532
14.05	-2.7531
14.05	-2.7531
14.05	-2.7530
14.05	-2.7529
14.04	-2.7529
14.04	-2.7528
14.04	-2.7528
14.03	-2.7526
14.03	-2.7526
14.03	-2.7525
14.03	-2.7525
14.03	-2.7524
14.02	-2.7522
14.02	-2.7523
14.02	-2.7520
14.02	-2.7520
14.02	-2.7519
14.01	-2.7518
14.01	-2.7517
14.01	-2.7515
14.00	-2.7517
14.00	-2.7515
14.00	-2.7513
14.00	-2.7514
14.00	-2.7513
13.99	-2.7512
13.98	-2.7513
13.98	-2.7510
13.98	-2.7507
13.98	-2.7509
13.98	-2.7506
13.98	-2.7509
13.98	-2.7505
13.97	-2.7506
13.97	-2.7505
13.96	-2.7503
13.96	-2.7503
13.96	-2.7501
13.95	-2.7501
13.95	-2.7500
13.95	-2.7501
13.95	-2.7499
13.95	-2.7501
13.95	-2.7499
13.94	-2.7498
13.94	-2.7497
13.94	-2.7498
13.93	-2.7498
13.93	-2.7496
13.93	-2.7496
13.93	-2.7494
13.93	-2.7494
13.92	-2.7491
13.92	-2.7490
13.91	-2.7490
13.91	-2.7490
13.91	-2.7488
13.91	-2.7489
13.90	-2.7487
13.90	-2.7486
13.90	-2.7485
13.90	-2.7485
13.90	-2.7483
13.90	-2.7483
13.89	-2.7482
13.89	-2.7482
13.89	-2.7481
13.89	-2.7480
13.89	-2.7479
13.88	-2.7478
13.88	-2.7477
13.88	-2.7475
13.88	-2.7475
13.88	-2.7474
13.87	-2.7474
13.87	-2.7474
13.86	-2.7472
13.86	-2.7470
13.85	-2.7472
13.85	-2.7471
13.85	-2.7469
13.84	-2.7468
13.84	-2.7468
13.84	-2.7467
13.84	-2.7465
13.84	-2.7464
13.83	-2.7464
13.83	-2.7463
13.83	-2.7462
13.83	-2.7462
13.83	-2.7462
13.83	-2.7461
13.82	-2.7460
13.82	-2.7460
13.82	-2.7459
13.82	-2.7459
13.81	-2.7458
13.81	-2.7458
13.81	-2.7456
13.80	-2.7455
13.80	-2.7456
13.80	-2.7454
13.80	-2.7455
13.79	-2.7452
13.79	-2.7452
13.79	-2.7450
13.79	-2.7450
13.79	-2.7449
13.78	-2.7449
13.78	-2.7448
13.78	-2.7448
13.77	-2.7447
13.77	-2.7446
13.77	-2.7446
13.77	-2.7445
13.77	-2.7444
13.76	-2.7444
13.76	-2.7443
13.75	-2.7442
13.75	-2.7441
13.75	-2.7440
13.75	-2.7442
13.75	-2.7440
13.75	-2.7439
13.75	-2.7439
13.74	-2.7437
13.74	-2.7437
13.74	-2.7436
13.74	-2.7435
13.73	-2.7435
13.73	-2.7436
13.73	-2.7433
13.72	-2.7431
13.72	-2.7433
13.72	-2.7433
13.72	-2.7431
13.72	-2.7429
13.72	-2.7428
13.71	-2.7426
13.71	-2.7427
13.71	-2.7427
13.70	-2.7426
13.70	-2.7425
13.70	-2.7423
13.69	-2.7424
13.69	-2.7422
13.69	-2.7421
13.68	-2.7421
13.68	-2.7420
13.68	-2.7419
13.68	-2.7419
13.67	-2.7417
13.67	-2.7418
13.66	-2.7418
13.66	-2.7416
13.66	-2.7418
13.66	-2.7416
13.66	-2.7415
13.66	-2.7414
13.66	-2.7413
13.66	-2.7416
13.65	-2.7413
13.65	-2.7412
13.65	-2.7413
13.65	-2.7411
13.64	-2.7411
13.64	-2.7411
13.64	-2.7411
13.63	-2.7410
13.63	-2.7408
13.63	-2.7408
13.63	-2.7408
13.63	-2.7408
13.63	-2.7407
13.62	-2.7405
13.62	-2.7406
13.62	-2.7405
13.62	-2.7403
13.61	-2.7403
13.61	-2.7403
13.61	-2.7401
13.61	-2.7400
13.60	-2.7399
13.60	-2.7400
13.60	-2.7398
13.60	-2.7397
13.60	-2.7397
13.59	-2.7397
13.59	-2.7396
13.58	-2.7397
13.58	-2.7395
13.58	-2.7395
13.58	-2.7396
13.58	-2.7395
13.58	-2.7394
13.57	-2.7393
13.57	-2.7394
13.57	-2.7392
13.56	-2.7394
13.56	-2.7392
13.56	-2.7392
13.55	-2.7389
13.55	-2.7390
13.55	-2.7390
13.55	-2.7390
13.55	-2.7389
13.55	-2.7389
13.55	-2.7387
13.54	-2.7386
13.53	-2.7386
13.53	-2.7384
13.53	-2.7384
13.53	-2.7383
13.53	-2.7384
13.52	-2.7382
13.52	-2.7382
13.52	-2.7379
13.52	-2.7380
13.51	-2.7379
13.51	-2.7379
13.51	-2.7378
13.50	-2.7376
13.50	-2.7376
13.50	-2.7376
13.50	-2.7376
13.50	-2.7374
13.50	-2.7373
13.49	-2.7372
13.49	-2.7371
13.49	-2.7372
13.49	-2.7371
13.49	-2.7370
13.48	-2.7370
13.48	-2.7369
13.48	-2.7368
13.48	-2.7369
13.47	-2.7368
13.47	-2.7367
13.46	-2.7367
13.46	-2.7366
13.46	-2.7367
13.46	-2.7365
13.46	-2.7364
13.46	-2.7364
13.45	-2.7364
13.45	-2.7363
13.45	-2.7363
13.44	-2.7362
13.43	-2.7361
13.43	-2.7363
13.43	-2.7360
13.43	-2.7360
13.43	-2.7360
13.43	-2.7360
13.42	-2.7359
13.42	-2.7358
13.42	-2.7358
13.42	-2.7357
13.41	-2.7357
13.41	-2.7356
13.41	-2.7355
13.40	-2.7355
13.40	-2.7353
13.40	-2.7354
13.40	-2.7351
13.40	-2.7350
13.40	-2.7349
13.40	-2.7348
13.39	-2.7347
13.39	-2.7345
13.39	-2.7345
13.38	-2.7343
13.38	-2.7342
13.38	-2.7341
13.38	-2.7340
13.37	-2.7338
13.37	-2.7338
13.37	-2.7337
13.37	-2.7334
13.37	-2.7336
13.36	-2.7335
13.36	-2.7332
13.36	-2.7333
13.36	-2.7331
13.35	-2.7329
13.35	-2.7328
13.35	-2.7329
13.34	-2.7330
13.34	-2.7328
13.33	-2.7328
13.33	-2.7327
13.33	-2.7327
13.33	-2.7326
13.33	-2.7325
13.33	-2.7326
13.33	-2.7325
13.33	-2.7325
13.32	-2.7325
13.32	-2.7323
13.31	-2.7323
13.31	-2.7322
13.31	-2.7322
13.30	-2.7320
13.30	-2.7320
13.30	-2.7318
13.30	-2.7319
13.30	-2.7319
13.30	-2.7318
13.30	-2.7317
13.29	-2.7317
13.29	-2.7317
13.29	-2.7316
13.28	-2.7315
13.28	-2.7315
13.28	-2.7314
13.27	-2.7313
13.27	-2.7311
13.27	-2.7312
13.27	-2.7311
13.26	-2.7310
13.26	-2.7309
13.25	-2.7310
13.25	-2.7309
13.25	-2.7308
13.25	-2.7308
13.25	-2.7306
13.25	-2.7306
13.25	-2.7305
13.24	-2.7305
13.24	-2.7305
13.23	-2.7303
13.23	-2.7301
13.23	-2.7302
13.23	-2.7301
13.23	-2.7300
13.22	-2.7300
13.22	-2.7300
13.22	-2.7299
13.23	-2.7298
13.22	-2.7299
13.21	-2.7296
13.21	-2.7297
13.20	-2.7295
13.20	-2.7295
13.20	-2.7294
13.20	-2.7294
13.19	-2.7294
13.19	-2.7292
13.19	-2.7291
13.19	-2.7290
13.19	-2.7288
13.19	-2.7289
13.18	-2.7289
13.18	-2.7288
13.18	-2.7286
13.17	-2.7286
13.17	-2.7285
13.17	-2.7285
13.16	-2.7283
13.16	-2.7283
13.16	-2.7282
13.16	-2.7283
13.15	-2.7280
13.15	-2.7279
13.15	-2.7279
13.15	-2.7278
13.15	-2.7280
13.14	-2.7278
13.14	-2.7277
13.13	-2.7277
13.14	-2.7276
13.14	-2.7275
13.14	-2.7274
13.13	-2.7272
13.13	-2.7272
13.13	-2.7272
13.12	-2.7271
13.12	-2.7271
13.12	-2.7269
13.11	-2.7271
13.11	-2.7268
13.10	-2.7268
13.10	-2.7267
13.10	-2.7266
13.10	-2.7265
13.10	-2.7265
13.09	-2.7263
13.09	-2.7263
13.09	-2.7259
13.08	-2.7259
13.08	-2.7258
13.08	-2.7258
13.08	-2.7258
13.08	-2.7257
13.08	-2.7257
13.08	-2.7255
13.07	-2.7254
13.07	-2.7255
13.07	-2.7252
13.07	-2.7253
13.06	-2.7253
13.06	-2.7253
13.06	-2.7252
13.05	-2.7251
13.05	-2.7251
13.05	-2.7252
13.05	-2.7251
13.05	-2.7248
13.04	-2.7249
13.04	-2.7248
13.04	-2.7248
13.03	-2.7248
13.03	-2.7247
13.03	-2.7248
13.02	-2.7245
13.02	-2.7245
13.02	-2.7244
13.01	-2.7243
13.02	-2.7245
13.01	-2.7243
13.01	-2.7242
13.01	-2.7241
13.00	-2.7242
13.00	-2.7239
13.00	-2.7240
13.00	-2.7238
13.00	-2.7240
12.99	-2.7239
12.99	-2.7239
12.99	-2.7237
12.98	-2.7236
12.98	-2.7238
12.98	-2.7237
12.98	-2.7238
12.98	-2.7235
12.97	-2.7235
12.97	-2.7236
12.97	-2.7235
12.97	-2.7234
12.96	-2.7232
12.96	-2.7234
12.97	-2.7234
12.96	-2.7231
12.96	-2.7231
12.95	-2.7231
12.95	-2.7229
12.94	-2.7230
12.94	-2.7227
12.94	-2.7228
12.93	-2.7228
12.93	-2.7226
12.93	-2.7226
12.93	-2.7225
12.93	-2.7224
12.93	-2.7222
12.92	-2.7221
12.92	-2.7222
12.92	-2.7220
12.92	-2.7221
12.92	-2.7221
12.91	-2.7220
12.91	-2.7219
12.91	-2.7219
12.90	-2.7218
12.90	-2.7219
12.90	-2.7218
12.90	-2.7217
12.90	-2.7217
12.89	-2.7216
12.89	-2.7215
12.88	-2.7215
12.88	-2.7214
12.88	-2.7214
12.88	-2.7212
12.87	-2.7212
12.87	-2.7213
12.87	-2.7212
12.86	-2.7209
12.86	-2.7210
12.86	-2.7209
12.86	-2.7210
12.86	-2.7208
12.86	-2.7208
12.85	-2.7208
12.85	-2.7206
12.85	-2.7208
12.85	-2.7205
12.85	-2.7205
12.85	-2.7205
12.84	-2.7204
12.84	-2.7203
12.84	-2.7203
12.84	-2.7203
12.83	-2.7202
12.83	-2.7201
12.83	-2.7200
12.82	-2.7201
12.81	-2.7199
12.81	-2.7199
12.81	-2.7197
12.81	-2.7197
12.81	-2.7197
12.80	-2.7196
12.80	-2.7196
12.80	-2.7194
12.80	-2.7194
12.80	-2.7194
12.80	-2.7194
12.79	-2.7193
12.79	-2.7193
12.79	-2.7193
12.78	-2.7191
12.78	-2.7191
12.78	-2.7191
12.78	-2.7189
12.77	-2.7190
12.77	-2.7189
12.77	-2.7189
12.77	-2.7189
12.76	-2.7189
12.76	-2.7188
12.76	-2.7187
12.76	-2.7185
12.75	-2.7183
12.75	-2.7185
12.75	-2.7183
12.75	-2.7182
12.75	-2.7182
12.75	-2.7182
12.74	-2.7182
12.74	-2.7181
12.74	-2.7179
12.74	-2.7181
12.74	-2.7179
12.73	-2.7180
12.73	-2.7178
12.73	-2.7179
12.72	-2.7178
12.72	-2.7178
12.72	-2.7178
12.71	-2.7176
12.71	-2.7176
12.71	-2.7176
12.71	-2.7176
12.70	-2.7175
12.70	-2.7175
12.70	-2.7173
12.70	-2.7172
12.70	-2.7172
12.69	-2.7173
12.69	-2.7171
12.69	-2.7169
12.69	-2.7169
12.69	-2.7169
12.68	-2.7167
12.68	-2.7168
12.68	-2.7166
12.68	-2.7164
12.67	-2.7164
12.67	-2.7164
12.67	-2.7163
12.66	-2.7161
12.66	-2.7161
12.66	-2.7160
12.66	-2.7157
12.65	-2.7159
12.65	-2.7157
12.65	-2.7157
12.65	-2.7156
12.64	-2.7154
12.64	-2.7154
12.64	-2.7154
12.64	-2.7153
12.64	-2.7154
12.63	-2.7151
12.63	-2.7151
12.62	-2.7150
12.62	-2.7150
12.62	-2.7151
12.62	-2.7150
12.62	-2.7149
12.61	-2.7149
12.61	-2.7148
12.61	-2.7149
12.60	-2.7147
12.60	-2.7146
12.60	-2.7147
12.60	-2.7146
12.60	-2.7146
12.60	-2.7145
12.59	-2.7147
12.59	-2.7143
12.59	-2.7143
12.59	-2.7143
12.59	-2.7141
12.58	-2.7142
12.58	-2.7142
12.58	-2.7141
12.58	-2.7141
12.57	-2.7141
12.56	-2.7140
12.57	-2.7139
12.57	-2.7137
12.56	-2.7138
12.56	-2.7138
12.55	-2.7138
12.55	-2.7138
12.55	-2.7136
12.55	-2.7134
12.54	-2.7135
12.54	-2.7136
12.54	-2.7136
12.53	-2.7135
12.53	-2.7134
12.53	-2.7133
12.53	-2.7133
12.53	-2.7134
12.53	-2.7131
12.53	-2.7132
12.52	-2.7130
12.52	-2.7131
12.51	-2.7129
12.51	-2.7130
12.51	-2.7128
12.51	-2.7127
12.51	-2.7127
12.50	-2.7127
12.50	-2.7125
12.50	-2.7125
12.49	-2.7125
12.49	-2.7124
12.49	-2.7124
12.49	-2.7124
12.49	-2.7120
12.49	-2.7121
12.48	-2.7119
12.48	-2.7120
12.48	-2.7119
12.48	-2.7118
12.47	-2.7118
12.47	-2.7117
12.47	-2.7116
12.46	-2.7116
12.46	-2.7115
12.45	-2.7115
12.45	-2.7115
12.45	-2.7113
12.45	-2.7113
12.45	-2.7111
12.44	-2.7112
12.44	-2.7111
12.44	-2.7110
12.43	-2.7110
12.43	-2.7108
12.43	-2.7109
12.43	-2.7108
12.43	-2.7108
12.43	-2.7107
12.43	-2.7107
12.42	-2.7104
12.41	-2.7104
12.41	-2.7103
12.40	-2.7104
12.40	-2.7103
12.40	-2.7102
12.40	-2.7102
12.40	-2.7103
12.40	-2.7102
12.39	-2.7101
12.39	-2.7100
12.39	-2.7099
12.39	-2.7100
12.38	-2.7098
12.38	-2.7099
12.38	-2.7097
12.38	-2.7097
12.37	-2.7097
12.37	-2.7096
12.37	-2.7095
12.37	-2.7094
12.36	-2.7095
12.36	-2.7094
12.36	-2.7094
12.36	-2.7093
12.36	-2.7094
12.36	-2.7093
12.35	-2.7093
12.35	-2.7091
12.35	-2.7091
12.35	-2.7089
12.34	-2.7090
12.34	-2.7089
12.33	-2.7088
12.33	-2.7088
12.33	-2.7087
12.33	-2.7086
12.33	-2.7085
12.33	-2.7087
12.33	-2.7086
12.33	-2.7086
12.33	-2.7085
12.32	-2.7085
12.32	-2.7082
12.31	-2.7082
12.31	-2.7083
12.31	-2.7081
12.31	-2.7082
12.31	-2.7081
12.30	-2.7080
12.30	-2.7080
12.30	-2.7079
12.29	-2.7079
12.29	-2.7080
12.28	-2.7077
12.28	-2.7078
12.28	-2.7076
12.28	-2.7077
12.28	-2.7077
12.27	-2.7075
12.27	-2.7076
12.27	-2.7074
12.27	-2.7074
12.26	-2.7073
12.26	-2.7075
12.26	-2.7074
12.25	-2.7073
12.25	-2.7073
12.25	-2.7072
12.25	-2.7073
12.24	-2.7073
12.25	-2.7073
12.24	-2.7071
12.24	-2.7072
12.24	-2.7072
12.23	-2.7071
12.23	-2.7072
12.23	-2.7069
12.23	-2.7069
12.22	-2.7067
12.22	-2.7069
12.21	-2.7066
12.21	-2.7067
12.21	-2.7067
12.21	-2.7068
12.21	-2.7066
12.20	-2.7066
12.20	-2.7064
12.20	-2.7063
12.19	-2.7064
12.19	-2.7063
12.19	-2.7063
12.18	-2.7061
12.18	-2.7061
12.18	-2.7060
12.18	-2.7060
12.18	-2.7059
12.18	-2.7059
12.18	-2.7058
12.18	-2.7061
12.17	-2.7058
12.17	-2.7059
12.17	-2.7057
12.16	-2.7057
12.16	-2.7058
12.15	-2.7057
12.15	-2.7056
12.15	-2.7057
12.15	-2.7055
12.15	-2.7055
12.15	-2.7055
12.15	-2.7055
12.15	-2.7054
12.14	-2.7053
12.13	-2.7053
12.13	-2.7052
12.13	-2.7052
12.13	-2.7053
12.12	-2.7052
12.12	-2.7052
12.12	-2.7051
12.12	-2.7051
12.12	-2.7051
12.11	-2.7050
12.11	-2.7048
12.10	-2.7047
12.10	-2.7048
12.10	-2.7046
12.10	-2.7047
12.10	-2.7047
12.10	-2.7046
12.10	-2.7047
12.09	-2.7046
12.09	-2.7044
12.09	-2.7045
12.08	-2.7043
12.08	-2.7043
12.08	-2.7041
12.08	-2.7042
12.08	-2.7043
12.07	-2.7041
12.07	-2.7042
12.06	-2.7042
12.06	-2.7040
12.06	-2.7040
12.05	-2.7040
12.05	-2.7039
12.05	-2.7038
12.05	-2.7038
12.05	-2.7039
12.05	-2.7037
12.05	-2.7036
12.04	-2.7036
12.04	-2.7037
12.03	-2.7035
12.03	-2.7033
12.03	-2.7033
12.03	-2.7035
12.03	-2.7032
12.03	-2.7033
12.02	-2.7031
12.02	-2.7032
12.01	-2.7033
12.01	-2.7031
12.00	-2.7031
12.00	-2.7029
12.00	-2.7028
12.00	-2.7029
12.00	-2.7028
12.00	-2.7027
12.00	-2.7029
12.00	-2.7028
12.00	-2.7028
11.99	-2.7026
11.99	-2.7025
11.98	-2.7024
11.98	-2.7024
11.98	-2.7024
11.98	-2.7023
11.98	-2.7023
11.98	-2.7023
11.97	-2.7023
11.97	-2.7022
11.97	-2.7021
11.96	-2.7020
11.96	-2.7019
11.95	-2.7020
11.95	-2.7018
11.95	-2.7016
11.95	-2.7015
11.95	-2.7015
11.95	-2.7013
11.94	-2.7013
11.94	-2.7012
11.94	-2.7011
11.94	-2.7010
11.93	-2.7009
11.93	-2.7009
11.93	-2.7007
11.93	-2.7007
11.93	-2.7004
11.92	-2.7007
11.92	-2.7006
11.91	-2.7003
11.91	-2.7003
11.91	-2.7001
11.90	-2.7001
11.90	-2.7000
11.90	-2.7001
11.90	-2.6999
11.89	-2.6999
11.89	-2.6999
11.89	-2.6998
11.89	-2.6997
11.89	-2.6997
11.89	-2.6997
11.88	-2.6995
11.88	-2.6995
11.88	-2.6994
11.88	-2.6995
11.88	-2.6994
11.87	-2.6995
11.87	-2.6992
11.87	-2.6991
11.87	-2.6991
11.86	-2.6992
11.86	-2.6990
11.85	-2.6990
11.85	-2.6990
11.85	-2.6989
11.85	-2.6989
11.85	-2.6987
11.84	-2.6987
11.84	-2.6987
11.84	-2.6987
11.84	-2.6984
11.83	-2.6986
11.83	-2.6984
11.83	-2.6983
11.83	-2.6983
11.83	-2.6983
11.82	-2.6984
11.82	-2.6983
11.82	-2.6983
11.82	-2.6983
11.82	-2.6981
11.81	-2.6982
11.81	-2.6981
11.81	-2.6981
11.80	-2.6981
11.80	-2.6981
11.80	-2.6979
11.80	-2.6979
11.79	-2.6978
11.79	-2.6977
11.79	-2.6978
11.79	-2.6977
11.78	-2.6977
11.78	-2.6976
11.78	-2.6975
11.78	-2.6974
11.77	-2.6975
11.77	-2.6974
11.77	-2.6970
11.77	-2.6972
11.77	-2.6972
11.76	-2.6970
11.76	-2.6970
11.76	-2.6969
11.75	-2.6968
11.75	-2.6969
11.75	-2.6968
11.75	-2.6966
11.74	-2.6966
11.74	-2.6965
11.74	-2.6964
11.74	-2.6963
11.74	-2.6964
11.74	-2.6964
11.73	-2.6961
11.73	-2.6963
11.73	-2.6961
11.72	-2.6962
11.72	-2.6961
11.72	-2.6960
11.71	-2.6959
11.71	-2.6960
11.70	-2.6957
11.70	-2.6958
11.70	-2.6956
11.70	-2.6956
11.70	-2.6956
11.70	-2.6956
11.69	-2.6953
11.69	-2.6953
11.69	-2.6954
11.69	-2.6953
11.68	-2.6953
11.68	-2.6952
11.68	-2.6952
11.68	-2.6951
11.68	-2.6949
11.67	-2.6949
11.68	-2.6948
11.67	-2.6947
11.67	-2.6948
11.66	-2.6946
11.66	-2.6945
11.66	-2.6946
11.65	-2.6946
11.65	-2.6946
11.65	-2.6945
11.65	-2.6946
11.65	-2.6944
11.64	-2.6944
11.64	-2.6943
11.64	-2.6943
11.63	-2.6944
11.63	-2.6943
11.63	-2.6942
11.63	-2.6941
11.62	-2.6938
11.62	-2.6940
11.62	-2.6939
11.61	-2.6938
11.61	-2.6937
11.61	-2.6937
11.61	-2.6936
11.61	-2.6935
11.60	-2.6935
11.60	-2.6934
11.60	-2.6933
11.60	-2.6933
11.59	-2.6932
11.60	-2.6932
11.59	-2.6930
11.59	-2.6929
11.59	-2.6931
11.59	-2.6930
11.58	-2.6929
11.58	-2.6930
11.58	-2.6930
11.58	-2.6928
11.58	-2.6926
11.57	-2.6927
11.56	-2.6927
11.56	-2.6925
11.56	-2.6926
11.56	-2.6926
11.55	-2.6924
11.55	-2.6926
11.55	-2.6923
11.55	-2.6926
11.55	-2.6924
11.54	-2.6925
11.54	-2.6924
11.54	-2.6923
11.54	-2.6922
11.53	-2.6923
11.53	-2.6922
11.53	-2.6923
11.52	-2.6922
11.52	-2.6920
11.52	-2.6921
11.52	-2.6921
11.51	-2.6921
11.51	-2.6920
11.50	-2.6920
11.51	-2.6919
11.50	-2.6917
11.50	-2.6917
11.50	-2.6917
11.50	-2.6915
11.50	-2.6917
11.49	-2.6915
11.49	-2.6915
11.49	-2.6914
11.48	-2.6915
11.48	-2.6914
11.48	-2.6913
11.48	-2.6913
11.48	-2.6912
11.48	-2.6912
11.47	-2.6913
11.47	-2.6912
11.47	-2.6912
11.46	-2.6910
11.46	-2.6911
11.46	-2.6910
11.45	-2.6911
11.45	-2.6911
11.45	-2.6910
11.45	-2.6909
11.44	-2.6909
11.44	-2.6908
11.44	-2.6909
11.44	-2.6909
11.43	-2.6909
11.43	-2.6908
11.43	-2.6906
11.43	-2.6907
11.43	-2.6906
11.43	-2.6906
11.42	-2.6906
11.42	-2.6905
11.41	-2.6906
11.41	-2.6905
11.41	-2.6904
11.41	-2.6903
11.40	-2.6904
11.40	-2.6902
11.40	-2.6903
11.39	-2.6903
11.39	-2.6902
11.39	-2.6902
11.38	-2.6902
11.38	-2.6900
11.38	-2.6899
11.38	-2.6900
11.38	-2.6901
11.38	-2.6899
11.38	-2.6900
11.38	-2.6900
11.37	-2.6897
11.37	-2.6898
11.37	-2.6899
11.36	-2.6897
11.36	-2.6897
11.36	-2.6897
11.35	-2.6896
11.35	-2.6895
11.35	-2.6894
11.35	-2.6895
11.35	-2.6895
11.35	-2.6895
11.35	-2.6893
11.35	-2.6894
11.34	-2.6893
11.34	-2.6894
11.33	-2.6892
11.33	-2.6893
11.33	-2.6892
11.33	-2.6891
11.33	-2.6891
11.32	-2.6891
11.31	-2.6890
11.31	-2.6890
11.31	-2.6890
11.30	-2.6891
11.30	-2.6888
11.30	-2.6889
11.30	-2.6887
11.30	-2.6888
11.30	-2.6887
11.29	-2.6886
11.29	-2.6886
11.29	-2.6886
11.29	-2.6883
11.28	-2.6885
11.28	-2.6883
11.28	-2.6882
11.28	-2.6883
11.28	-2.6882
11.28	-2.6882
11.27	-2.6880
11.27	-2.6880
11.27	-2.6880
11.26	-2.6880
11.26	-2.6880
11.26	-2.6879
11.25	-2.6878
11.25	-2.6877
11.25	-2.6878
11.25	-2.6877
11.24	-2.6876
11.24	-2.6877
11.24	-2.6876
11.23	-2.6876
11.23	-2.6873
11.23	-2.6874
11.23	-2.6872
11.23	-2.6870
11.23	-2.6870
11.22	-2.6869
11.22	-2.6868
11.22	-2.6867
11.21	-2.6866
11.21	-2.6866
11.21	-2.6866
11.20	-2.6862
11.20	-2.6864
11.20	-2.6863
11.20	-2.6864
11.20	-2.6862
11.20	-2.6861
11.19	-2.6860
11.19	-2.6860
11.19	-2.6860
11.18	-2.6859
11.18	-2.6859
11.18	-2.6858
11.18	-2.6858
11.17	-2.6859
11.17	-2.6858
11.17	-2.6857
11.16	-2.6857
11.16	-2.6856
11.16	-2.6856
11.16	-2.6854
11.16	-2.6855
11.15	-2.6853
11.15	-2.6855
11.15	-2.6853
11.15	-2.6852
11.14	-2.6852
11.14	-2.6852
11.14	-2.6852
11.14	-2.6852
11.13	-2.6850
11.13	-2.6850
11.13	-2.6851
11.13	-2.6850
11.13	-2.6849
11.12	-2.6849
11.11	-2.6846
11.11	-2.6848
11.11	-2.6845
11.11	-2.6848
11.10	-2.6846
11.10	-2.6844
11.10	-2.6843
11.10	-2.6843
11.10	-2.6843
11.10	-2.6843
11.09	-2.6844
11.09	-2.6842
11.09	-2.6842
11.09	-2.6841
11.09	-2.6842
11.08	-2.6841
11.08	-2.6839
11.07	-2.6840
11.07	-2.6841
11.07	-2.6838
11.07	-2.6839
11.07	-2.6837
11.07	-2.6838
11.07	-2.6839
11.07	-2.6839
11.06	-2.6838
11.05	-2.6837
11.05	-2.6835
11.05	-2.6836
11.05	-2.6833
11.05	-2.6833
11.04	-2.6833
11.04	-2.6833
11.03	-2.6833
11.03	-2.6832
11.03	-2.6833
11.03	-2.6830
11.03	-2.6831
11.03	-2.6832
11.03	-2.6830
11.02	-2.6829
11.02	-2.6830
11.02	-2.6828
11.02	-2.6829
11.01	-2.6829
11.01	-2.6829
11.00	-2.6828
11.00	-2.6827
11.00	-2.6828
11.00	-2.6827
11.00	-2.6827
11.00	-2.6826
10.99	-2.6826
10.99	-2.6826
10.99	-2.6825
10.99	-2.6824
10.98	-2.6823
10.98	-2.6824
10.98	-2.6823
10.97	-2.6822
10.97	-2.6823
10.97	-2.6822
10.97	-2.6821
10.97	-2.6821
10.96	-2.6820
10.96	-2.6822
10.96	-2.6819
10.96	-2.6819
10.96	-2.6818
10.95	-2.6818
10.95	-2.6818
10.95	-2.6817
10.95	-2.6816
10.95	-2.6816
10.94	-2.6816
10.94	-2.6816
10.93	-2.6814
10.93	-2.6814
10.93	-2.6814
10.93	-2.6814
10.93	-2.6814
10.92	-2.6813
10.92	-2.6812
10.92	-2.6812
10.92	-2.6811
10.91	-2.6810
10.91	-2.6809
10.91	-2.6808
10.90	-2.6809
10.90	-2.6809
10.90	-2.6808
10.89	-2.6807
10.89	-2.6808
10.89	-2.6807
10.88	-2.6806
10.88	-2.6806
10.88	-2.6805
10.88	-2.6804
10.88	-2.6806
10.88	-2.6806
10.88	-2.6804
10.87	-2.6804
10.87	-2.6804
10.87	-2.6803
10.86	-2.6804
10.86	-2.6803
10.85	-2.6803
10.85	-2.6804
10.85	-2.6802
10.85	-2.6802
10.85	-2.6802
10.85	-2.6802
10.85	-2.6801
10.85	-2.6801
10.84	-2.6799
10.84	-2.6802
10.84	-2.6799
10.84	-2.6799
10.83	-2.6798
10.83	-2.6798
10.83	-2.6798
10.82	-2.6796
10.82	-2.6796
10.82	-2.6796
10.81	-2.6795
10.81	-2.6794
10.81	-2.6795
10.81	-2.6794
10.80	-2.6794
10.80	-2.6794
10.80	-2.6793
10.80	-2.6794
10.79	-2.6794
10.79	-2.6792
10.79	-2.6793
10.79	-2.6792
10.78	-2.6793
10.78	-2.6791
10.78	-2.6791
10.78	-2.6790
10.78	-2.6791
10.77	-2.6789
10.77	-2.6790
10.77	-2.6789
10.77	-2.6789
10.76	-2.6787
10.76	-2.6787
10.76	-2.6785
10.76	-2.6788
10.75	-2.6787
10.75	-2.6787
10.75	-2.6787
10.75	-2.6787
10.75	-2.6786
10.74	-2.6786
10.73	-2.6785
10.73	-2.6785
10.73	-2.6785
10.73	-2.6783
10.73	-2.6785
10.72	-2.6784
10.72	-2.6784
10.72	-2.6783
10.71	-2.6783
10.72	-2.6783
10.72	-2.6781
10.72	-2.6782
10.72	-2.6782
10.71	-2.6782
10.71	-2.6780
10.70	-2.6781
10.70	-2.6779
10.70	-2.6779
10.69	-2.6779
10.69	-2.6779
10.68	-2.6776
10.68	-2.6776
10.68	-2.6777
10.68	-2.6779
10.68	-2.6776
10.68	-2.6776
10.68	-2.6775
10.67	-2.6775
10.67	-2.6775
10.66	-2.6775
10.66	-2.6774
10.65	-2.6775
10.65	-2.6773
10.65	-2.6775
10.65	-2.6774
10.65	-2.6773
10.65	-2.6773
10.64	-2.6773
10.64	-2.6771
10.64	-2.6772
10.64	-2.6771
10.64	-2.6771
10.63	-2.6772
10.63	-2.6769
10.63	-2.6770
10.62	-2.6769
10.62	-2.6768
10.62	-2.6769
10.62	-2.6767
10.61	-2.6769
10.61	-2.6769
10.60	-2.6769
10.60	-2.6769
10.60	-2.6768
10.60	-2.6768
10.60	-2.6768
10.60	-2.6767
10.60	-2.6767
10.60	-2.6765
10.59	-2.6763
10.59	-2.6764
10.59	-2.6764
10.58	-2.6763
10.58	-2.6765
10.58	-2.6764
10.57	-2.6763
10.57	-2.6764
10.57	-2.6761
10.57	-2.6762
10.57	-2.6762
10.56	-2.6761
10.56	-2.6759
10.56	-2.6760
10.55	-2.6759
10.55	-2.6759
10.55	-2.6760
10.55	-2.6758
10.54	-2.6757
10.54	-2.6757
10.54	-2.6758
10.53	-2.6757
10.53	-2.6756
10.53	-2.6755
10.53	-2.6757
10.53	-2.6755
10.53	-2.6755
10.53	-2.6753
10.52	-2.6752
10.52	-2.6752
10.52	-2.6749
10.52	-2.6751
10.51	-2.6750
10.51	-2.6748
10.51	-2.6750
10.50	-2.6749
10.50	-2.6747
10.50	-2.6746
10.49	-2.6746
10.49	-2.6745
10.49	-2.6745
10.48	-2.6744
10.48	-2.6744
10.48	-2.6744
10.48	-2.6744
10.48	-2.6742
10.48	-2.6742
10.47	-2.6741
10.47	-2.6741
10.47	-2.6741
10.46	-2.6740
10.46	-2.6740
10.46	-2.6739
10.45	-2.6739
10.45	-2.6739
10.45	-2.6739
10.45	-2.6739
10.45	-2.6738
10.45	-2.6738
10.44	-2.6737
10.44	-2.6738
10.43	-2.6736
10.43	-2.6737
10.43	-2.6735
10.43	-2.6735
10.43	-2.6736
10.43	-2.6735
10.42	-2.6734
10.42	-2.6736
10.42	-2.6734
10.42	-2.6735
10.41	-2.6733
10.41	-2.6733
10.41	-2.6733
10.40	-2.6733
10.40	-2.6732
10.40	-2.6733
10.40	-2.6732
10.40	-2.6729
10.39	-2.6729
10.39	-2.6729
10.39	-2.6727
10.38	-2.6730
10.38	-2.6728
10.38	-2.6728
10.38	-2.6728
10.38	-2.6727
10.37	-2.6727
10.37	-2.6727
10.37	-2.6727
10.37	-2.6727
10.37	-2.6726
10.36	-2.6726
10.36	-2.6724
10.35	-2.6725
10.35	-2.6723
10.35	-2.6724
10.35	-2.6723
10.34	-2.6722
10.34	-2.6722
10.34	-2.6721
10.34	-2.6721
10.34	-2.6720
10.33	-2.6722
10.33	-2.6720
10.33	-2.6718
10.33	-2.6720
10.33	-2.6719
10.33	-2.6720
10.32	-2.6718
10.32	-2.6719
10.32	-2.6717
10.31	-2.6716
10.31	-2.6717
10.30	-2.6716
10.30	-2.6716
10.30	-2.6715
10.30	-2.6713
10.30	-2.6714
10.30	-2.6713
10.29	-2.6713
10.29	-2.6714
10.29	-2.6712
10.28	-2.6713
10.28	-2.6713
10.28	-2.6712
10.28	-2.6710
10.28	-2.6711
10.27	-2.6709
10.27	-2.6706
10.27	-2.6707
10.27	-2.6706
10.26	-2.6706
10.25	-2.6704
10.25	-2.6707
10.25	-2.6707
10.25	-2.6703
10.25	-2.6703
10.25	-2.6703
10.24	-2.6704
10.24	-2.6704
10.24	-2.6702
10.23	-2.6702
10.23	-2.6702
10.23	-2.6704
10.23	-2.6703
10.23	-2.6703
10.22	-2.6701
10.22	-2.6700
10.22	-2.6700
10.21	-2.6701
10.21	-2.6700
10.21	-2.6701
10.21	-2.6702
10.20	-2.6700
10.20	-2.6700
10.20	-2.6697
10.20	-2.6697
10.19	-2.6696
10.19	-2.6696
10.19	-2.6697
10.19	-2.6697
10.18	-2.6697
10.18	-2.6697
10.18	-2.6696
10.18	-2.6696
10.18	-2.6695
10.18	-2.6696
10.17	-2.6695
10.17	-2.6694
10.17	-2.6695
10.17	-2.6693
10.16	-2.6691
10.16	-2.6693
10.15	-2.6690
10.15	-2.6692
10.15	-2.6690
10.15	-2.6691
10.15	-2.6691
10.14	-2.6692
10.14	-2.6691
10.14	-2.6693
10.14	-2.6693
10.14	-2.6691
10.13	-2.6690
10.13	-2.6689
10.13	-2.6689
10.12	-2.6689
10.12	-2.6688
10.12	-2.6690
10.11	-2.6690
10.11	-2.6689
10.11	-2.6686
10.11	-2.6687
10.11	-2.6688
10.11	-2.6688
10.10	-2.6686
10.10	-2.6686
10.10	-2.6686
10.10	-2.6686
10.09	-2.6686
10.09	-2.6684
10.09	-2.6684
10.09	-2.6686
10.08	-2.6685
10.08	-2.6684
10.08	-2.6683
10.08	-2.6684
10.07	-2.6682
10.07	-2.6682
10.07	-2.6684
10.07	-2.6682
10.06	-2.6682
10.06	-2.6683
10.06	-2.6682
10.05	-2.6681
10.05	-2.6681
10.05	-2.6679
10.05	-2.6681
10.04	-2.6680
10.04	-2.6680
10.04	-2.6681
10.04	-2.6678
10.04	-2.6679
10.03	-2.6678
10.03	-2.6679
10.03	-2.6679
10.03	-2.6678
10.02	-2.6679
10.02	-2.6679
10.02	-2.6680
10.01	-2.6676
10.01	-2.6677
10.01	-2.6676
10.01	-2.6678
10.00	-2.6676
10.00	-2.6675
10.00	-2.6674
10.00	-2.6676
10.00	-2.6676
10.00	-2.6675
9.99	-2.6675
9.99	-2.6674
9.98	-2.6674
9.98	-2.6674
9.98	-2.6674
9.97	-2.6673
9.97	-2.6674
9.97	-2.6672
9.97	-2.6673
9.97	-2.6672
9.97	-2.6670
9.97	-2.6672
9.96	-2.6670
9.96	-2.6671
9.95	-2.6672
9.95	-2.6670
9.95	-2.6669
9.95	-2.6671
9.95	-2.6670
9.95	-2.6670
9.94	-2.6670
9.94	-2.6670
9.94	-2.6670
9.94	-2.6669
9.93	-2.6669
9.93	-2.6669
9.93	-2.6669
9.93	-2.6668
9.93	-2.6667
9.92	-2.6667
9.92	-2.6666
9.91	-2.6666
9.91	-2.6667
9.91	-2.6668
9.90	-2.6666
9.90	-2.6665
9.90	-2.6665
9.90	-2.6666
9.90	-2.6665
9.89	-2.6664
9.89	-2.6664
9.89	-2.6664
9.89	-2.6664
9.89	-2.6664
9.88	-2.6663
9.88	-2.6664
9.88	-2.6663
9.88	-2.6663
9.88	-2.6663
9.87	-2.6663
9.87	-2.6662
9.87	-2.6662
9.87	-2.6662
9.87	-2.6661
9.86	-2.6661
9.86	-2.6659
9.85	-2.6660
9.85	-2.6659
9.85	-2.6659
9.85	-2.6658
9.84	-2.6658
9.84	-2.6657
9.84	-2.6658
9.83	-2.6657
9.83	-2.6657
9.83	-2.6657
9.83	-2.6657
9.83	-2.6656
9.83	-2.6656
9.82	-2.6654
9.82	-2.6654
9.81	-2.6653
9.81	-2.6652
9.81	-2.6651
9.81	-2.6649
9.80	-2.6649
9.80	-2.6649
9.80	-2.6647
9.79	-2.6648
9.79	-2.6648
9.79	-2.6646
9.79	-2.6644
9.79	-2.6644
9.79	-2.6643
9.78	-2.6642
9.78	-2.6642
9.78	-2.6641
9.78	-2.6641
9.78	-2.6640
9.78	-2.6639
9.77	-2.6639
9.76	-2.6637
9.76	-2.6639
9.76	-2.6638
9.76	-2.6637
9.75	-2.6636
9.76	-2.6637
9.76	-2.6637
9.75	-2.6634
9.75	-2.6636
9.75	-2.6634
9.75	-2.6635
9.74	-2.6636
9.74	-2.6634
9.74	-2.6633
9.73	-2.6634
9.73	-2.6633
9.73	-2.6633
9.72	-2.6632
9.72	-2.6632
9.72	-2.6632
9.72	-2.6632
9.71	-2.6631
9.71	-2.6631
9.71	-2.6630
9.70	-2.6631
9.70	-2.6630
9.70	-2.6628
9.70	-2.6628
9.70	-2.6628
9.70	-2.6629
9.70	-2.6628
9.70	-2.6627
9.69	-2.6627
9.69	-2.6627
9.69	-2.6626
9.68	-2.6626
9.68	-2.6627
9.68	-2.6624
9.68	-2.6628
9.67	-2.6626
9.67	-2.6626
9.67	-2.6625
9.67	-2.6626
9.66	-2.6625
9.66	-2.6626
9.65	-2.6625
9.65	-2.6625
9.65	-2.6625
9.64	-2.6624
9.64	-2.6626
9.64	-2.6624
9.64	-2.6624
9.63	-2.6624
9.63	-2.6623
9.63	-2.6624
9.63	-2.6621
9.63	-2.6621
9.63	-2.6621
9.62	-2.6620
9.62	-2.6621
9.62	-2.6620
9.61	-2.6620
9.61	-2.6620
9.61	-2.6619
9.60	-2.6619
9.60	-2.6618
9.60	-2.6618
9.60	-2.6616
9.59	-2.6616
9.59	-2.6618
9.59	-2.6615
9.59	-2.6616
9.59	-2.6616
9.59	-2.6615
9.58	-2.6615
9.58	-2.6615
9.58	-2.6614
9.57	-2.6614
9.57	-2.6614
9.57	-2.6613
9.57	-2.6611
9.57	-2.6610
9.56	-2.6611
9.56	-2.6610
9.56	-2.6610
9.56	-2.6609
9.55	-2.6608
9.55	-2.6609
9.55	-2.6608
9.54	-2.6608
9.54	-2.6607
9.54	-2.6607
9.54	-2.6606
9.54	-2.6606
9.53	-2.6605
9.54	-2.6605
9.54	-2.6606
9.53	-2.6605
9.53	-2.6606
9.53	-2.6604
9.52	-2.6605
9.52	-2.6604
9.52	-2.6605
9.51	-2.6604
9.51	-2.6602
9.50	-2.6603
9.50	-2.6602
9.50	-2.6603
9.50	-2.6603
9.49	-2.6601
9.49	-2.6602
9.49	-2.6601
9.48	-2.6601
9.48	-2.6599
9.47	-2.6600
9.47	-2.6598
9.47	-2.6598
9.47	-2.6598
9.47	-2.6599
9.47	-2.6597
9.46	-2.6597
9.46	-2.6597
9.46	-2.6596
9.46	-2.6595
9.46	-2.6596
9.45	-2.6596
9.45	-2.6595
9.45	-2.6595
9.45	-2.6595
9.45	-2.6595
9.45	-2.6595
9.44	-2.6594
9.44	-2.6593
9.43	-2.6593
9.43	-2.6593
9.43	-2.6592
9.43	-2.6591
9.43	-2.6592
9.43	-2.6591
9.42	-2.6593
9.41	-2.6590
9.42	-2.6590
9.41	-2.6590
9.41	-2.6589
9.41	-2.6590
9.41	-2.6588
9.40	-2.6590
9.40	-2.6589
9.40	-2.6588
9.40	-2.6588
9.39	-2.6589
9.39	-2.6588
9.39	-2.6588
9.39	-2.6588
9.39	-2.6587
9.38	-2.6587
9.38	-2.6589
9.37	-2.6587
9.38	-2.6589
9.37	-2.6588
9.37	-2.6588
9.37	-2.6589
9.36	-2.6587
9.36	-2.6586
9.36	-2.6588
9.36	-2.6588
9.35	-2.6587
9.35	-2.6587
9.35	-2.6585
9.35	-2.6586
9.35	-2.6586
9.34	-2.6585
9.34	-2.6584
9.34	-2.6586
9.33	-2.6585
9.33	-2.6585
9.33	-2.6585
9.33	-2.6585
9.33	-2.6585
9.32	-2.6583
9.32	-2.6584
9.31	-2.6584
9.31	-2.6584
9.31	-2.6584
9.30	-2.6584
9.30	-2.6582
9.30	-2.6583
9.30	-2.6581
9.29	-2.6581
9.29	-2.6581
9.29	-2.6581
9.29	-2.6579
9.28	-2.6581
9.28	-2.6581
9.28	-2.6581
9.28	-2.6579
9.28	-2.6581
9.28	-2.6581
9.27	-2.6581
9.27	-2.6580
9.27	-2.6579
9.27	-2.6581
9.27	-2.6579
9.27	-2.6580
9.26	-2.6580
9.26	-2.6578
9.25	-2.6579
9.25	-2.6579
9.25	-2.6578
9.25	-2.6577
9.25	-2.6577
9.24	-2.6577
9.24	-2.6578
9.24	-2.6577
9.23	-2.6576
9.23	-2.6576
9.23	-2.6577
9.23	-2.6578
9.22	-2.6577
9.22	-2.6577
9.22	-2.6576
9.22	-2.6576
9.22	-2.6576
9.22	-2.6575
9.22	-2.6576
9.21	-2.6576
9.21	-2.6574
9.20	-2.6575
9.20	-2.6575
9.20	-2.6575
9.19	-2.6575
9.19	-2.6573
9.19	-2.6572
9.19	-2.6573
9.19	-2.6574
9.18	-2.6573
9.18	-2.6573
9.18	-2.6573
9.18	-2.6572
9.18	-2.6572
9.17	-2.6570
9.17	-2.6571
9.17	-2.6570
9.16	-2.6571
9.16	-2.6568
9.16	-2.6570
9.16	-2.6569
9.15	-2.6572
9.15	-2.6569
9.15	-2.6569
9.15	-2.6567
9.14	-2.6569
9.14	-2.6568
9.14	-2.6568
9.14	-2.6568
9.14	-2.6568
9.14	-2.6566
9.13	-2.6566
9.13	-2.6567
9.13	-2.6566
9.13	-2.6567
9.13	-2.6564
9.12	-2.6566
9.12	-2.6565
9.11	-2.6563
9.11	-2.6564
9.10	-2.6564
9.10	-2.6564
9.10	-2.6562
9.10	-2.6562
9.10	-2.6561
9.09	-2.6559
9.09	-2.6559
9.08	-2.6558
9.09	-2.6558
9.08	-2.6558
9.08	-2.6557
9.08	-2.6556
9.08	-2.6556
9.08	-2.6555
9.07	-2.6555
9.07	-2.6555
9.07	-2.6554
9.07	-2.6554
9.06	-2.6551
9.06	-2.6551
9.05	-2.6551
9.05	-2.6549
9.05	-2.6549
9.05	-2.6548
9.04	-2.6547
9.04	-2.6548
9.04	-2.6547
9.04	-2.6546
9.04	-2.6546
9.04	-2.6545
9.04	-2.6545
9.03	-2.6545
9.03	-2.6545
9.03	-2.6546
9.02	-2.6545
9.02	-2.6545
9.02	-2.6545
9.02	-2.6544
9.02	-2.6542
9.02	-2.6541
9.01	-2.6543
9.01	-2.6541
9.01	-2.6541
9.00	-2.6542
9.00	-2.6542
9.00	-2.6542
8.99	-2.6541
8.98	-2.6541
8.98	-2.6541
8.98	-2.6540
8.98	-2.6540
8.97	-2.6540
8.97	-2.6541
8.97	-2.6541
8.97	-2.6539
8.97	-2.6539
8.97	-2.6539
8.97	-2.6538
8.97	-2.6537
8.96	-2.6538
8.96	-2.6539
8.96	-2.6539
8.96	-2.6538
8.95	-2.6539
8.95	-2.6538
8.95	-2.6538
8.94	-2.6537
8.94	-2.6538
8.94	-2.6537
8.94	-2.6538
8.93	-2.6537
8.93	-2.6535
8.93	-2.6537
8.93	-2.6535
8.93	-2.6535
8.93	-2.6535
8.92	-2.6535
8.92	-2.6535
8.92	-2.6535
8.91	-2.6534
8.91	-2.6534
8.91	-2.6534
8.91	-2.6534
8.90	-2.6534
8.90	-2.6533
8.89	-2.6533
8.89	-2.6532
8.89	-2.6532
8.89	-2.6532
8.89	-2.6531
8.89	-2.6531
8.89	-2.6530
8.88	-2.6529
8.88	-2.6530
8.88	-2.6530
8.88	-2.6530
8.87	-2.6528
8.87	-2.6528
8.87	-2.6527
8.86	-2.6528
8.86	-2.6528
8.86	-2.6526
8.86	-2.6525
8.85	-2.6527
8.85	-2.6525
8.85	-2.6525
8.85	-2.6525
8.84	-2.6525
8.84	-2.6524
8.84	-2.6525
8.83	-2.6523
8.83	-2.6523
8.83	-2.6524
8.83	-2.6522
8.83	-2.6523
8.82	-2.6523
8.82	-2.6523
8.82	-2.6525
8.82	-2.6523
8.81	-2.6523
8.81	-2.6521
8.81	-2.6521
8.80	-2.6520
8.80	-2.6520
8.80	-2.6520
8.80	-2.6519
8.79	-2.6520
8.79	-2.6521
8.79	-2.6518
8.79	-2.6519
8.78	-2.6519
8.78	-2.6517
8.78	-2.6516
8.78	-2.6517
8.77	-2.6517
8.77	-2.6516
8.77	-2.6516
8.77	-2.6515
8.77	-2.6515
8.77	-2.6514
8.77	-2.6514
8.76	-2.6514
8.76	-2.6513
8.76	-2.6512
8.75	-2.6511
8.75	-2.6513
8.75	-2.6511
8.75	-2.6511
8.75	-2.6513
8.74	-2.6511
8.73	-2.6511
8.73	-2.6511
8.72	-2.6511
8.72	-2.6511
8.72	-2.6510
8.72	-2.6511
8.72	-2.6510
8.72	-2.6512
8.71	-2.6510
8.71	-2.6510
8.71	-2.6509
8.71	-2.6510
8.70	-2.6510
8.70	-2.6507
8.70	-2.6507
8.70	-2.6506
8.70	-2.6507
8.69	-2.6507
8.69	-2.6507
8.69	-2.6505
8.69	-2.6506
8.68	-2.6507
8.68	-2.6506
8.68	-2.6505
8.68	-2.6503
8.68	-2.6505
8.68	-2.6504
8.67	-2.6504
8.67	-2.6503
8.67	-2.6503
8.66	-2.6503
8.66	-2.6504
8.65	-2.6504
8.65	-2.6502
8.65	-2.6502
8.65	-2.6503
8.64	-2.6503
8.64	-2.6504
8.64	-2.6503
8.64	-2.6502
8.64	-2.6502
8.64	-2.6502
8.63	-2.6502
8.63	-2.6502
8.63	-2.6501
8.63	-2.6501
8.63	-2.6501
8.62	-2.6502
8.62	-2.6500
8.62	-2.6501
8.62	-2.6499
8.61	-2.6500
8.61	-2.6499
8.60	-2.6498
8.60	-2.6501
8.60	-2.6500
8.60	-2.6500
8.59	-2.6500
8.59	-2.6499
8.59	-2.6498
8.58	-2.6498
8.58	-2.6498
8.58	-2.6497
8.58	-2.6498
8.58	-2.6497
8.58	-2.6498
8.57	-2.6497
8.57	-2.6497
8.57	-2.6498
8.56	-2.6496
8.56	-2.6496
8.55	-2.6497
8.55	-2.6497
8.55	-2.6497
8.55	-2.6497
8.54	-2.6497
8.54	-2.6497
8.54	-2.6497
8.54	-2.6497
8.53	-2.6495
8.54	-2.6495
8.54	-2.6495
8.53	-2.6496
8.53	-2.6494
8.53	-2.6494
8.53	-2.6493
8.53	-2.6494
8.52	-2.6493
8.52	-2.6493
8.52	-2.6493
8.52	-2.6493
8.51	-2.6491
8.50	-2.6492
8.51	-2.6491
8.51	-2.6491
8.50	-2.6490
8.50	-2.6490
8.50	-2.6490
8.50	-2.6489
8.50	-2.6490
8.49	-2.6489
8.49	-2.6490
8.48	-2.6489
8.48	-2.6488
8.47	-2.6489
8.47	-2.6489
8.47	-2.6487
8.47	-2.6487
8.47	-2.6487
8.47	-2.6486
8.46	-2.6486
8.46	-2.6488
8.46	-2.6485
8.46	-2.6485
8.45	-2.6487
8.45	-2.6485
8.45	-2.6485
8.44	-2.6485
8.44	-2.6484
8.44	-2.6484
8.43	-2.6484
8.43	-2.6484
8.43	-2.6483
8.43	-2.6483
8.43	-2.6483
8.43	-2.6482
8.43	-2.6481
8.42	-2.6482
8.42	-2.6483
8.41	-2.6482
8.41	-2.6481
8.41	-2.6482
8.41	-2.6480
8.40	-2.6479
8.40	-2.6481
8.40	-2.6479
8.39	-2.6480
8.39	-2.6479
8.39	-2.6478
8.39	-2.6477
8.38	-2.6475
8.38	-2.6477
8.38	-2.6473
8.38	-2.6473
8.38	-2.6473
8.38	-2.6471
8.37	-2.6471
8.37	-2.6472
8.37	-2.6472
8.36	-2.6471
8.36	-2.6468
8.36	-2.6470
8.36	-2.6469
8.36	-2.6467
8.35	-2.6467
8.35	-2.6467
8.35	-2.6467
8.35	-2.6466
8.34	-2.6466
8.34	-2.6466
8.34	-2.6466
8.34	-2.6465
8.34	-2.6467
8.33	-2.6464
8.33	-2.6464
8.33	-2.6465
8.32	-2.6465
8.32	-2.6465
8.32	-2.6464
8.32	-2.6464
8.32	-2.6462
8.31	-2.6463
8.31	-2.6460
8.30	-2.6462
8.30	-2.6463
8.30	-2.6463
8.30	-2.6463
8.30	-2.6460
8.29	-2.6459
8.29	-2.6458
8.29	-2.6458
8.29	-2.6460
8.28	-2.6459
8.28	-2.6459
8.28	-2.6458
8.28	-2.6460
8.28	-2.6458
8.28	-2.6459
8.27	-2.6458
8.27	-2.6458
8.27	-2.6457
8.27	-2.6459
8.27	-2.6457
8.26	-2.6457
8.26	-2.6457
8.26	-2.6456
8.25	-2.6456
8.25	-2.6457
8.25	-2.6458
8.25	-2.6458
8.24	-2.6456
8.24	-2.6454
8.24	-2.6454
8.24	-2.6454
8.23	-2.6455
8.23	-2.6454
8.23	-2.6453
8.23	-2.6451
8.23	-2.6452
8.22	-2.6451
8.22	-2.6452
8.21	-2.6452
8.21	-2.6452
8.21	-2.6452
8.20	-2.6451
8.20	-2.6450
8.20	-2.6450
8.20	-2.6450
8.20	-2.6449
8.20	-2.6449
8.19	-2.6450
8.19	-2.6450
8.19	-2.6449
8.18	-2.6448
8.18	-2.6448
8.18	-2.6449
8.18	-2.6447
8.18	-2.6447
8.18	-2.6448
8.18	-2.6448
8.17	-2.6447
8.17	-2.6445
8.17	-2.6446
8.16	-2.6447
8.16	-2.6446
8.16	-2.6446
8.15	-2.6445
8.15	-2.6445
8.15	-2.6445
8.15	-2.6445
8.15	-2.6445
8.14	-2.6444
8.14	-2.6445
8.13	-2.6443
8.13	-2.6444
8.13	-2.6442
8.13	-2.6443
8.13	-2.6443
8.13	-2.6441
8.13	-2.6441
8.12	-2.6441
8.12	-2.6441
8.12	-2.6443
8.11	-2.6439
8.11	-2.6439
8.11	-2.6440
8.10	-2.6439
8.10	-2.6438
8.10	-2.6440
8.10	-2.6440
8.10	-2.6440
8.09	-2.6438
8.09	-2.6438
8.09	-2.6438
8.09	-2.6438
8.08	-2.6440
8.08	-2.6440
8.08	-2.6439
8.07	-2.6438
8.07	-2.6438
8.07	-2.6439
8.07	-2.6438
8.07	-2.6437
8.07	-2.6438
8.06	-2.6437
8.05	-2.6438
8.05	-2.6437
8.05	-2.6438
8.04	-2.6436
8.04	-2.6437
8.04	-2.6436
8.04	-2.6437
8.03	-2.6435
8.03	-2.6438
8.03	-2.6436
8.03	-2.6435
8.03	-2.6433
8.03	-2.6432
8.03	-2.6432
8.02	-2.6432
8.02	-2.6432
8.02	-2.6433
8.02	-2.6433
8.01	-2.6433
8.01	-2.6432
8.00	-2.6432
8.00	-2.6432
8.00	-2.6431
8.00	-2.6431
8.00	-2.6431
7.99	-2.6431
7.99	-2.6430
7.99	-2.6429
7.99	-2.6428
7.98	-2.6429
7.98	-2.6428
7.98	-2.6428
7.98	-2.6427
7.98	-2.6429
7.98	-2.6429
7.98	-2.6430
7.97	-2.6429
7.97	-2.6429
7.96	-2.6427
7.96	-2.6428
7.96	-2.6430
7.96	-2.6428
7.95	-2.6429
7.95	-2.6427
7.95	-2.6427
7.95	-2.6428
7.94	-2.6427
7.94	-2.6429
7.93	-2.6427
7.93	-2.6428
7.93	-2.6428
7.93	-2.6426
7.93	-2.6426
7.92	-2.6426
7.92	-2.6427
7.92	-2.6426
7.92	-2.6424
7.91	-2.6425
7.91	-2.6425
7.91	-2.6426
7.90	-2.6425
7.90	-2.6427
7.90	-2.6426
7.90	-2.6424
7.90	-2.6425
7.90	-2.6424
7.90	-2.6425
7.90	-2.6425
7.89	-2.6423
7.88	-2.6423
7.88	-2.6424
7.88	-2.6424
7.88	-2.6423
7.88	-2.6423
7.88	-2.6423
7.87	-2.6423
7.87	-2.6421
7.87	-2.6422
7.86	-2.6421
7.86	-2.6421
7.86	-2.6421
7.86	-2.6420
7.85	-2.6422
7.85	-2.6420
7.84	-2.6421
7.84	-2.6421
7.84	-2.6421
7.84	-2.6419
7.84	-2.6420
7.84	-2.6419
7.84	-2.6419
7.83	-2.6419
7.83	-2.6420
7.83	-2.6418
7.83	-2.6417
7.82	-2.6418
7.82	-2.6419
7.82	-2.6419
7.81	-2.6418
7.81	-2.6417
7.80	-2.6417
7.80	-2.6417
7.80	-2.6418
7.80	-2.6416
7.79	-2.6416
7.79	-2.6417
7.79	-2.6417
7.79	-2.6416
7.79	-2.6415
7.79	-2.6414
7.78	-2.6415
7.78	-2.6414
7.78	-2.6414
7.77	-2.6413
7.77	-2.6413
7.77	-2.6413
7.77	-2.6412
7.77	-2.6414
7.76	-2.6412
7.76	-2.6412
7.76	-2.6411
7.76	-2.6412
7.76	-2.6410
7.75	-2.6412
7.75	-2.6410
7.75	-2.6410
7.75	-2.6410
7.75	-2.6410
7.74	-2.6409
7.73	-2.6410
7.73	-2.6407
7.73	-2.6407
7.73	-2.6406
7.72	-2.6407
7.72	-2.6407
7.72	-2.6406
7.72	-2.6407
7.71	-2.6407
7.71	-2.6407
7.71	-2.6405
7.70	-2.6407
7.70	-2.6405
7.70	-2.6404
7.70	-2.6404
7.70	-2.6404
7.70	-2.6405
7.69	-2.6403
7.69	-2.6403
7.69	-2.6402
7.69	-2.6403
7.68	-2.6402
7.68	-2.6401
7.68	-2.6400
7.67	-2.6401
7.67	-2.6400
7.67	-2.6399
7.67	-2.6400
7.67	-2.6399
7.67	-2.6398
7.67	-2.6398
7.66	-2.6396
7.66	-2.6396
7.65	-2.6396
7.65	-2.6395
7.65	-2.6394
7.65	-2.6395
7.65	-2.6394
7.64	-2.6393
7.64	-2.6393
7.64	-2.6394
7.63	-2.6393
7.63	-2.6392
7.63	-2.6391
7.63	-2.6390
7.63	-2.6391
7.62	-2.6391
7.62	-2.6393
7.61	-2.6390
7.61	-2.6392
7.61	-2.6390
7.61	-2.6390
7.61	-2.6389
7.60	-2.6391
7.60	-2.6390
7.60	-2.6389
7.59	-2.6389
7.59	-2.6388
7.59	-2.6390
7.58	-2.6390
7.58	-2.6389
7.58	-2.6390
7.58	-2.6390
7.58	-2.6388
7.58	-2.6389
7.58	-2.6390
7.58	-2.6388
7.57	-2.6388
7.57	-2.6388
7.57	-2.6387
7.56	-2.6387
7.56	-2.6387
7.56	-2.6387
7.56	-2.6385
7.56	-2.6386
7.55	-2.6385
7.55	-2.6384
7.54	-2.6385
7.54	-2.6385
7.54	-2.6384
7.54	-2.6384
7.54	-2.6383
7.53	-2.6382
7.53	-2.6384
7.53	-2.6383
7.52	-2.6382
7.52	-2.6383
7.52	-2.6382
7.52	-2.6380
7.52	-2.6381
7.51	-2.6380
7.50	-2.6379
7.50	-2.6381
7.50	-2.6380
7.50	-2.6380
7.50	-2.6379
7.50	-2.6379
7.50	-2.6378
7.49	-2.6376
7.49	-2.6378
7.49	-2.6378
7.49	-2.6376
7.48	-2.6377
7.48	-2.6375
7.48	-2.6379
7.48	-2.6376
7.48	-2.6377
7.47	-2.6376
7.47	-2.6376
7.47	-2.6375
7.46	-2.6375
7.46	-2.6375
7.45	-2.6374
7.45	-2.6375
7.45	-2.6373
7.45	-2.6372
7.44	-2.6374
7.44	-2.6373
7.44	-2.6372
7.44	-2.6374
7.44	-2.6374
7.43	-2.6373
7.43	-2.6373
7.42	-2.6372
7.42	-2.6373
7.42	-2.6372
7.42	-2.6373
7.42	-2.6373
7.42	-2.6372
7.41	-2.6371
7.41	-2.6371
7.41	-2.6372
7.41	-2.6371
7.41	-2.6372
7.40	-2.6369
7.40	-2.6370
7.40	-2.6367
7.40	-2.6370
7.40	-2.6368
7.39	-2.6367
7.39	-2.6368
7.38	-2.6370
7.38	-2.6369
7.38	-2.6369
7.38	-2.6369
7.38	-2.6369
7.37	-2.6369
7.37	-2.6370
7.36	-2.6368
7.36	-2.6369
7.36	-2.6369
7.36	-2.6368
7.36	-2.6368
7.35	-2.6368
7.35	-2.6369
7.35	-2.6368
7.35	-2.6368
7.35	-2.6366
7.35	-2.6367
7.35	-2.6367
7.34	-2.6366
7.34	-2.6367
7.34	-2.6366
7.34	-2.6366
7.33	-2.6364
7.33	-2.6364
7.33	-2.6363
7.32	-2.6363
7.32	-2.6363
7.32	-2.6363
7.32	-2.6363
7.32	-2.6363
7.32	-2.6363
7.32	-2.6363
7.32	-2.6364
7.31	-2.6362
7.31	-2.6362
7.30	-2.6363
7.30	-2.6361
7.29	-2.6360
7.29	-2.6362
7.29	-2.6361
7.29	-2.6360
7.28	-2.6360
7.28	-2.6361
7.28	-2.6360
7.28	-2.6359
7.28	-2.6358
7.27	-2.6359
7.27	-2.6360
7.27	-2.6359
7.26	-2.6358
7.26	-2.6359
7.26	-2.6360
7.25	-2.6360
7.25	-2.6360
7.25	-2.6360
7.25	-2.6357
7.25	-2.6358
7.25	-2.6358
7.25	-2.6358
7.24	-2.6357
7.24	-2.6358
7.24	-2.6358
7.23	-2.6359
7.23	-2.6358
7.23	-2.6357
7.23	-2.6357
7.23	-2.6356
7.22	-2.6356
7.22	-2.6357
7.21	-2.6356
7.21	-2.6357
7.20	-2.6356
7.20	-2.6355
7.20	-2.6355
7.20	-2.6355
7.20	-2.6355
7.20	-2.6354
7.20	-2.6356
7.20	-2.6356
7.19	-2.6355
7.19	-2.6355
7.18	-2.6355
7.18	-2.6352
7.17	-2.6353
7.17	-2.6353
7.17	-2.6355
7.17	-2.6352
7.17	-2.6352
7.17	-2.6353
7.16	-2.6351
7.16	-2.6352
7.16	-2.6351
7.16	-2.6350
7.16	-2.6353
7.16	-2.6351
7.15	-2.6352
7.15	-2.6353
7.15	-2.6352
7.15	-2.6351
7.14	-2.6353
7.14	-2.6352
7.13	-2.6351
7.13	-2.6351
7.13	-2.6352
7.13	-2.6350
7.12	-2.6351
7.12	-2.6352
7.12	-2.6351
7.12	-2.6351
7.12	-2.6351
7.11	-2.6351
7.11	-2.6352
7.11	-2.6353
7.10	-2.6352
7.10	-2.6351
7.10	-2.6352
7.10	-2.6351
7.09	-2.6352
7.09	-2.6353
7.09	-2.6350
7.09	-2.6351
7.09	-2.6351
7.08	-2.6351
7.08	-2.6352
7.08	-2.6350
7.08	-2.6352
7.08	-2.6352
7.07	-2.6351
7.07	-2.6351
7.06	-2.6352
7.06	-2.6350
7.06	-2.6350
7.06	-2.6350
7.06	-2.6350
7.05	-2.6350
7.05	-2.6350
7.05	-2.6350
7.04	-2.6350
7.04	-2.6349
7.04	-2.6348
7.04	-2.6349
7.04	-2.6348
7.04	-2.6348
7.03	-2.6349
7.03	-2.6348
7.03	-2.6348
7.03	-2.6349
7.02	-2.6348
7.02	-2.6348
7.02	-2.6347
7.01	-2.6347
7.01	-2.6346
7.01	-2.6344
7.01	-2.6346
7.00	-2.6344
7.00	-2.6343
7.00	-2.6342
7.00	-2.6343
7.00	-2.6343
6.99	-2.6341
6.99	-2.6342
6.99	-2.6340
6.98	-2.6340
6.98	-2.6338
6.98	-2.6339
6.98	-2.6339
6.98	-2.6338
6.98	-2.6339
6.98	-2.6338
6.97	-2.6340
6.97	-2.6337
6.96	-2.6338
6.96	-2.6337
6.96	-2.6336
6.96	-2.6336
6.95	-2.6336
6.95	-2.6336
6.95	-2.6335
6.95	-2.6335
6.94	-2.6335
6.94	-2.6335
6.94	-2.6335
6.94	-2.6335
6.93	-2.6337
6.93	-2.6334
6.93	-2.6334
6.93	-2.6334
6.92	-2.6334
6.92	-2.6334
6.92	-2.6334
6.91	-2.6333
6.91	-2.6334
6.91	-2.6334
6.91	-2.6333
6.91	-2.6334
6.90	-2.6334
6.90	-2.6333
6.90	-2.6334
6.90	-2.6334
6.90	-2.6334
6.89	-2.6333
6.89	-2.6334
6.88	-2.6334
6.88	-2.6332
6.88	-2.6334
6.88	-2.6334
6.88	-2.6334
6.88	-2.6334
6.88	-2.6333
6.87	-2.6333
6.87	-2.6332
6.86	-2.6332
6.86	-2.6332
6.85	-2.6332
6.85	-2.6330
6.85	-2.6332
6.85	-2.6332
6.84	-2.6329
6.84	-2.6329
6.84	-2.6331
6.84	-2.6328
6.84	-2.6330
6.83	-2.6329
6.83	-2.6328
6.83	-2.6329
6.83	-2.6330
6.83	-2.6330
6.83	-2.6329
6.82	-2.6329
6.82	-2.6330
6.82	-2.6329
6.81	-2.6329
6.81	-2.6328
6.81	-2.6327
6.81	-2.6326
6.80	-2.6326
6.80	-2.6327
6.80	-2.6329
6.80	-2.6327
6.80	-2.6326
6.79	-2.6327
6.79	-2.6327
6.79	-2.6327
6.79	-2.6327
6.78	-2.6327
6.78	-2.6327
6.78	-2.6327
6.78	-2.6326
6.78	-2.6326
6.78	-2.6327
6.77	-2.6326
6.77	-2.6327
6.76	-2.6326
6.76	-2.6326
6.76	-2.6326
6.75	-2.6325
6.75	-2.6325
6.75	-2.6323
6.75	-2.6324
6.75	-2.6324
6.74	-2.6325
6.74	-2.6323
6.74	-2.6323
6.73	-2.6325
6.73	-2.6324
6.73	-2.6324
6.73	-2.6323
6.73	-2.6323
6.72	-2.6323
6.72	-2.6324
6.72	-2.6321
6.72	-2.6322
6.71	-2.6322
6.71	-2.6321
6.70	-2.6321
6.70	-2.6321
6.70	-2.6320
6.70	-2.6322
6.70	-2.6320
6.70	-2.6320
6.70	-2.6321
6.69	-2.6321
6.69	-2.6319
6.69	-2.6320
6.68	-2.6319
6.68	-2.6321
6.67	-2.6320
6.67	-2.6319
6.67	-2.6317
6.67	-2.6319
6.66	-2.6319
6.66	-2.6319
6.66	-2.6316
6.65	-2.6317
6.65	-2.6318
6.65	-2.6316
6.65	-2.6317
6.65	-2.6318
6.65	-2.6318
6.65	-2.6318
6.64	-2.6318
6.64	-2.6318
6.63	-2.6318
6.63	-2.6318
6.63	-2.6318
6.63	-2.6319
6.63	-2.6318
6.63	-2.6319
6.62	-2.6317
6.62	-2.6318
6.61	-2.6317
6.61	-2.6318
6.61	-2.6317
6.61	-2.6317
6.61	-2.6317
6.60	-2.6317
6.60	-2.6317
6.60	-2.6318
6.59	-2.6317
6.59	-2.6317
6.59	-2.6317
6.58	-2.6316
6.58	-2.6318
6.58	-2.6318
6.58	-2.6318
6.58	-2.6318
6.58	-2.6317
6.58	-2.6317
6.57	-2.6318
6.57	-2.6317
6.57	-2.6318
6.56	-2.6319
6.56	-2.6319
6.56	-2.6319
6.56	-2.6318
6.55	-2.6317
6.55	-2.6318
6.55	-2.6319
6.54	-2.6318
6.54	-2.6317
6.54	-2.6319
6.54	-2.6317
6.54	-2.6317
6.54	-2.6317
6.53	-2.6318
6.53	-2.6318
6.53	-2.6317
6.52	-2.6317
6.52	-2.6317
6.52	-2.6316
6.52	-2.6317
6.52	-2.6317
6.51	-2.6316
6.51	-2.6316
6.51	-2.6318
6.51	-2.6316
6.50	-2.6316
6.50	-2.6316
6.50	-2.6317
6.50	-2.6317
6.50	-2.6317
6.49	-2.6316
6.49	-2.6316
6.49	-2.6317
6.49	-2.6316
6.49	-2.6316
6.49	-2.6317
6.48	-2.6318
6.48	-2.6317
6.48	-2.6318
6.48	-2.6316
6.47	-2.6317
6.47	-2.6317
6.47	-2.6317
6.47	-2.6318
6.46	-2.6316
6.46	-2.6318
6.45	-2.6317
6.45	-2.6317
6.45	-2.6316
6.44	-2.6316
6.44	-2.6316
6.44	-2.6316
6.44	-2.6316
6.43	-2.6316
6.43	-2.6317
6.43	-2.6316
6.43	-2.6315
6.42	-2.6316
6.42	-2.6316
6.42	-2.6315
6.42	-2.6316
6.41	-2.6314
6.41	-2.6315
6.41	-2.6314
6.41	-2.6316
6.41	-2.6317
6.40	-2.6315
6.40	-2.6316
6.40	-2.6315
6.40	-2.6316
6.39	-2.6316
6.39	-2.6316
6.39	-2.6316
6.39	-2.6318
6.38	-2.6317
6.38	-2.6316
6.38	-2.6316
6.38	-2.6316
6.37	-2.6316
6.37	-2.6316
6.37	-2.6316
6.37	-2.6318
6.37	-2.6317
6.37	-2.6317
6.36	-2.6317
6.36	-2.6317
6.36	-2.6318
6.36	-2.6316
6.35	-2.6318
6.35	-2.6317
6.34	-2.6317
6.34	-2.6318
6.34	-2.6317
6.34	-2.6317
6.33	-2.6319
6.33	-2.6318
6.33	-2.6319
6.33	-2.6317
6.33	-2.6316
6.32	-2.6318
6.32	-2.6317
6.31	-2.6318
6.31	-2.6317
6.31	-2.6318
6.31	-2.6316
6.31	-2.6316
6.30	-2.6316
6.30	-2.6315
6.30	-2.6315
6.30	-2.6313
6.29	-2.6313
6.29	-2.6312
6.29	-2.6312
6.29	-2.6311
6.29	-2.6311
6.28	-2.6311
6.28	-2.6310
6.28	-2.6311
6.28	-2.6310
6.28	-2.6310
6.28	-2.6307
6.27	-2.6308
6.27	-2.6308
6.26	-2.6308
6.26	-2.6307
6.26	-2.6306
6.25	-2.6306
6.25	-2.6305
6.25	-2.6305
6.25	-2.6307
6.25	-2.6304
6.25	-2.6303
6.24	-2.6304
6.24	-2.6304
6.24	-2.6304
6.23	-2.6303
6.23	-2.6301
6.23	-2.6302
6.22	-2.6304
6.22	-2.6303
6.22	-2.6303
6.22	-2.6303
6.22	-2.6303
6.21	-2.6303
6.21	-2.6302
6.21	-2.6302
6.21	-2.6303
6.20	-2.6303
6.20	-2.6304
6.20	-2.6303
6.20	-2.6303
6.20	-2.6302
6.20	-2.6302
6.20	-2.6302
6.19	-2.6303
6.18	-2.6303
6.18	-2.6303
6.18	-2.6303
6.18	-2.6303
6.17	-2.6304
6.17	-2.6303
6.17	-2.6303
6.17	-2.6303
6.17	-2.6303
