Hardness 1 : Kraftbei  Hardness 1;"415,70068";N
A1 : A1;"1,12042";J
A2 : A2;"0,10371";J
Springiness : Springiness;"0,00066";m
Cohesiveness : Cohesiveness;"0,09256";
Chewiness : Chewiness;"0,02522";J

Zeit;Traversenweg;Kraft
(s);(mm);(N)
"0,00000";"0,00000";"-0,00065"
"0,01000";"0,00094";"0,00177"
"0,02000";"0,00567";"0,01043"
"0,03000";"0,01629";"0,03123"
"0,04000";"0,03140";"0,04526"
"0,05000";"0,04911";"0,05128"
"0,06000";"0,06812";"0,04990"
"0,07000";"0,08724";"0,04041"
"0,08000";"0,10613";"0,02439"
"0,09000";"0,12455";"0,01088"
"0,10000";"0,14238";"-0,00368"
"0,11000";"0,15961";"-0,01223"
"0,12000";"0,17638";"-0,01361"
"0,13000";"0,19278";"-0,00900"
"0,14000";"0,20884";"-0,01446"
"0,15000";"0,22478";"-0,01544"
"0,16000";"0,24048";"-0,01612"
"0,17000";"0,25594";"-0,01279"
"0,18000";"0,27141";"-0,01038"
"0,19000";"0,28664";"-0,00210"
"0,20000";"0,30199";"0,00651"
"0,21000";"0,31733";"0,01466"
"0,22000";"0,33244";"0,01267"
"0,23000";"0,34756";"0,00502"
"0,24000";"0,36267";"-0,00810"
"0,25000";"0,37754";"-0,01664"
"0,26000";"0,39265";"-0,01830"
"0,27000";"0,40765";"-0,01700"
"0,28000";"0,42276";"-0,01515"
"0,29000";"0,43799";"-0,01181"
"0,30000";"0,45310";"-0,00788"
"0,31000";"0,46821";"-0,00057"
"0,32000";"0,48320";"0,00681"
"0,33000";"0,49819";"0,00620"
"0,34000";"0,51307";"0,00680"
"0,35000";"0,52806";"0,01725"
"0,36000";"0,54317";"0,02414"
"0,37000";"0,55817";"0,02477"
"0,38000";"0,57316";"0,02047"
"0,39000";"0,58815";"0,01513"
"0,40000";"0,60315";"-0,00017"
"0,41000";"0,61814";"-0,00204"
"0,42000";"0,63313";"-0,00422"
"0,43000";"0,64812";"-0,00311"
"0,44000";"0,66312";"0,00793"
"0,45000";"0,67823";"0,00973"
"0,46000";"0,69322";"0,01102"
"0,47000";"0,70810";"0,01015"
"0,48000";"0,72309";"0,00559"
"0,49000";"0,73808";"0,00011"
"0,50000";"0,75308";"-0,00573"
"0,51000";"0,76807";"-0,00756"
"0,52000";"0,78318";"-0,00877"
"0,53000";"0,79817";"-0,00378"
"0,54000";"0,81317";"0,00335"
"0,55000";"0,82816";"0,00403"
"0,56000";"0,84303";"0,00789"
"0,57000";"0,85803";"0,00475"
"0,58000";"0,87290";"-0,00601"
"0,59000";"0,88790";"-0,01260"
"0,60000";"0,90289";"-0,01012"
"0,61000";"0,91800";"-0,00583"
"0,62000";"0,93311";"-0,00245"
"0,63000";"0,94810";"0,00023"
"0,64000";"0,96298";"0,00043"
"0,65000";"0,97797";"-0,00064"
"0,66000";"0,99297";"0,00503"
"0,67000";"1,00796";"0,00538"
"0,68000";"1,02307";"0,00160"
"0,69000";"1,03818";"-0,00542"
"0,70000";"1,05317";"-0,00439"
"0,71000";"1,06817";"0,00596"
"0,72000";"1,08316";"0,01710"
"0,73000";"1,09815";"0,01490"
"0,74000";"1,11303";"0,00772"
"0,75000";"1,12814";"0,00301"
"0,76000";"1,14313";"0,00096"
"0,77000";"1,15801";"0,00625"
"0,78000";"1,17300";"0,00879"
"0,79000";"1,18799";"0,00785"
"0,80000";"1,20299";"0,00042"
"0,81000";"1,21798";"-0,00064"
"0,82000";"1,23285";"0,00766"
"0,83000";"1,24797";"0,00959"
"0,84000";"1,26308";"0,00322"
"0,85000";"1,27807";"-0,00705"
"0,86000";"1,29306";"-0,00758"
"0,87000";"1,30794";"-0,00383"
"0,88000";"1,32293";"0,00415"
"0,89000";"1,33792";"0,00574"
"0,90000";"1,35292";"0,00397"
"0,91000";"1,36791";"-0,00161"
"0,92000";"1,38302";"-0,00866"
"0,93000";"1,39813";"-0,01002"
"0,94000";"1,41313";"-0,00712"
"0,95000";"1,42812";"-0,00283"
"0,96000";"1,44299";"0,00435"
"0,97000";"1,45799";"0,01294"
"0,98000";"1,47298";"0,02090"
"0,99000";"1,48797";"0,02226"
"1,00000";"1,50297";"0,01351"
"1,01000";"1,51796";"0,00927"
"1,02000";"1,53295";"0,00824"
"1,03000";"1,54794";"0,00666"
"1,04000";"1,56294";"-0,00141"
"1,05000";"1,57793";"0,00122"
"1,06000";"1,59292";"0,00590"
"1,07000";"1,60803";"0,01263"
"1,08000";"1,62303";"0,01508"
"1,09000";"1,63802";"0,01066"
"1,10000";"1,65301";"0,01265"
"1,11000";"1,66801";"0,00366"
"1,12000";"1,68312";"-0,00168"
"1,13000";"1,69811";"-0,00925"
"1,14000";"1,71310";"-0,01224"
"1,15000";"1,72810";"-0,00377"
"1,16000";"1,74309";"0,00848"
"1,17000";"1,75808";"0,01903"
"1,18000";"1,77308";"0,02064"
"1,19000";"1,78807";"0,01889"
"1,20000";"1,80294";"0,00827"
"1,21000";"1,81794";"-0,00418"
"1,22000";"1,83293";"-0,01036"
"1,23000";"1,84792";"-0,01391"
"1,24000";"1,86292";"-0,01665"
"1,25000";"1,87803";"-0,01731"
"1,26000";"1,89302";"-0,01427"
"1,27000";"1,90801";"-0,01111"
"1,28000";"1,92301";"-0,00867"
"1,29000";"1,93788";"-0,01005"
"1,30000";"1,95276";"-0,00555"
"1,31000";"1,96763";"0,00314"
"1,32000";"1,98263";"0,01303"
"1,33000";"1,99762";"0,01390"
"1,34000";"2,01261";"0,01812"
"1,35000";"2,02772";"0,01042"
"1,36000";"2,04272";"0,00205"
"1,37000";"2,05771";"0,00176"
"1,38000";"2,07270";"0,00361"
"1,39000";"2,08781";"0,00676"
"1,40000";"2,10281";"0,00504"
"1,41000";"2,11792";"0,00323"
"1,42000";"2,13303";"0,00016"
"1,43000";"2,14802";"-0,00423"
"1,44000";"2,16313";"-0,00908"
"1,45000";"2,17824";"-0,01077"
"1,46000";"2,19335";"-0,00243"
"1,47000";"2,20847";"0,00483"
"1,48000";"2,22346";"0,00584"
"1,49000";"2,23845";"0,00259"
"1,50000";"2,25344";"-0,00148"
"1,51000";"2,26832";"0,00362"
"1,52000";"2,28319";"0,00994"
"1,53000";"2,29807";"0,00368"
"1,54000";"2,31306";"-0,00140"
"1,55000";"2,32794";"-0,00145"
"1,56000";"2,34281";"-0,00061"
"1,57000";"2,35781";"-0,00223"
"1,58000";"2,37280";"-0,00300"
"1,59000";"2,38779";"0,00652"
"1,60000";"2,40267";"0,01364"
"1,61000";"2,41754";"0,01033"
"1,62000";"2,43253";"0,00689"
"1,63000";"2,44765";"0,00214"
"1,64000";"2,46276";"0,00426"
"1,65000";"2,47787";"0,00638"
"1,66000";"2,49286";"0,00585"
"1,67000";"2,50797";"-0,00133"
"1,68000";"2,52297";"-0,00295"
"1,69000";"2,53784";"-0,00458"
"1,70000";"2,55283";"-0,01171"
"1,71000";"2,56794";"-0,01039"
"1,72000";"2,58294";"-0,00573"
"1,73000";"2,59805";"-0,00399"
"1,74000";"2,61316";"-0,00484"
"1,75000";"2,62827";"0,00021"
"1,76000";"2,64315";"0,00365"
"1,77000";"2,65814";"0,01196"
"1,78000";"2,67325";"0,01541"
"1,79000";"2,68812";"0,00959"
"1,80000";"2,70312";"0,00274"
"1,81000";"2,71799";"0,00618"
"1,82000";"2,73299";"-0,00114"
"1,83000";"2,74786";"-0,00901"
"1,84000";"2,76274";"-0,00882"
"1,85000";"2,77773";"0,00016"
"1,86000";"2,79272";"0,01046"
"1,87000";"2,80772";"0,02083"
"1,88000";"2,82259";"0,01948"
"1,89000";"2,83758";"0,01158"
"1,90000";"2,85246";"0,00458"
"1,91000";"2,86745";"0,00186"
"1,92000";"2,88244";"0,00613"
"1,93000";"2,89744";"0,01819"
"1,94000";"2,91255";"0,01789"
"1,95000";"2,92778";"0,01765"
"1,96000";"2,94301";"0,01758"
"1,97000";"2,95812";"0,01798"
"1,98000";"2,97335";"0,01966"
"1,99000";"2,98822";"0,01713"
"2,00000";"3,00322";"0,01030"
"2,01000";"3,01821";"0,00326"
"2,02000";"3,03320";"-0,00108"
"2,03000";"3,04831";"-0,00112"
"2,04000";"3,06331";"0,00259"
"2,05000";"3,07842";"0,01436"
"2,06000";"3,09353";"0,02168"
"2,07000";"3,10840";"0,02139"
"2,08000";"3,12340";"0,01781"
"2,09000";"3,13827";"0,01275"
"2,10000";"3,15326";"0,01717"
"2,11000";"3,16814";"0,01484"
"2,12000";"3,18313";"0,00733"
"2,13000";"3,19824";"0,00690"
"2,14000";"3,21324";"0,00395"
"2,15000";"3,22811";"0,00532"
"2,16000";"3,24310";"-0,00197"
"2,17000";"3,25786";"-0,00724"
"2,18000";"3,27274";"-0,00789"
"2,19000";"3,28737";"-0,00316"
"2,20000";"3,30237";"-0,00068"
"2,21000";"3,31736";"0,00800"
"2,22000";"3,33235";"0,01459"
"2,23000";"3,34723";"0,01193"
"2,24000";"3,36234";"0,01052"
"2,25000";"3,37781";"0,01053"
"2,26000";"3,39315";"0,01389"
"2,27000";"3,40850";"0,01234"
"2,28000";"3,42361";"0,00947"
"2,29000";"3,43872";"-0,00679"
"2,30000";"3,45360";"-0,01258"
"2,31000";"3,46859";"-0,01096"
"2,32000";"3,48347";"-0,00887"
"2,33000";"3,49846";"-0,00188"
"2,34000";"3,51322";"-0,00358"
"2,35000";"3,52821";"-0,00432"
"2,36000";"3,54308";"-0,00289"
"2,37000";"3,55808";"-0,00938"
"2,38000";"3,57307";"-0,01624"
"2,39000";"3,58794";"-0,02001"
"2,40000";"3,60294";"-0,01394"
"2,41000";"3,61793";"-0,00240"
"2,42000";"3,63292";"0,00595"
"2,43000";"3,64803";"0,00748"
"2,44000";"3,66303";"0,00537"
"2,45000";"3,67790";"0,00321"
"2,46000";"3,69290";"0,00011"
"2,47000";"3,70777";"-0,00036"
"2,48000";"3,72265";"-0,00586"
"2,49000";"3,73752";"-0,00706"
"2,50000";"3,75240";"-0,00069"
"2,51000";"3,76751";"0,00853"
"2,52000";"3,78250";"0,00806"
"2,53000";"3,79749";"0,00629"
"2,54000";"3,81249";"0,00768"
"2,55000";"3,82760";"0,00733"
"2,56000";"3,84271";"0,00717"
"2,57000";"3,85782";"0,00767"
"2,58000";"3,87305";"0,00310"
"2,59000";"3,88828";"0,00433"
"2,60000";"3,90351";"0,00133"
"2,61000";"3,91874";"-0,00472"
"2,62000";"3,93385";"-0,00719"
"2,63000";"3,94872";"-0,00806"
"2,64000";"3,96372";"-0,00825"
"2,65000";"3,97871";"-0,00122"
"2,66000";"3,99358";"0,00014"
"2,67000";"4,00846";"0,00273"
"2,68000";"4,02333";"0,00288"
"2,69000";"4,03833";"-0,00074"
"2,70000";"4,05320";"-0,00543"
"2,71000";"4,06808";"-0,01396"
"2,72000";"4,08307";"-0,01703"
"2,73000";"4,09806";"-0,00967"
"2,74000";"4,11306";"-0,00151"
"2,75000";"4,12817";"0,00314"
"2,76000";"4,14304";"-0,00034"
"2,77000";"4,15792";"-0,00584"
"2,78000";"4,17279";"-0,00072"
"2,79000";"4,18755";"0,00959"
"2,80000";"4,20266";"0,01643"
"2,81000";"4,21754";"0,01965"
"2,82000";"4,23253";"0,01587"
"2,83000";"4,24752";"0,01786"
"2,84000";"4,26263";"0,01789"
"2,85000";"4,27763";"0,01823"
"2,86000";"4,29274";"0,02248"
"2,87000";"4,30785";"0,02379"
"2,88000";"4,32308";"0,02133"
"2,89000";"4,33831";"0,01705"
"2,90000";"4,35365";"0,00667"
"2,91000";"4,36876";"-0,00037"
"2,92000";"4,38364";"0,00096"
"2,93000";"4,39863";"0,00382"
"2,94000";"4,41351";"-0,00235"
"2,95000";"4,42838";"-0,00951"
"2,96000";"4,44338";"-0,00749"
"2,97000";"4,45837";"-0,00933"
"2,98000";"4,47324";"-0,01321"
"2,99000";"4,48824";"-0,01617"
"3,00000";"4,50311";"-0,00689"
"3,01000";"4,51810";"0,00190"
"3,02000";"4,53298";"0,00268"
"3,03000";"4,54785";"0,00017"
"3,04000";"4,56285";"0,00140"
"3,05000";"4,57784";"0,00404"
"3,06000";"4,59283";"0,00022"
"3,07000";"4,60759";"-0,00210"
"3,08000";"4,62258";"-0,00657"
"3,09000";"4,63758";"-0,00665"
"3,10000";"4,65245";"-0,00785"
"3,11000";"4,66744";"-0,00112"
"3,12000";"4,68267";"0,00438"
"3,13000";"4,69778";"0,00605"
"3,14000";"4,71278";"0,00909"
"3,15000";"4,72789";"0,00917"
"3,16000";"4,74300";"0,00755"
"3,17000";"4,75811";"0,00409"
"3,18000";"4,77322";"0,00476"
"3,19000";"4,78822";"0,00236"
"3,20000";"4,80333";"-0,00134"
"3,21000";"4,81832";"0,00027"
"3,22000";"4,83343";"0,00201"
"3,23000";"4,84831";"0,00213"
"3,24000";"4,86330";"-0,00443"
"3,25000";"4,87817";"-0,00686"
"3,26000";"4,89305";"-0,00295"
"3,27000";"4,90804";"0,00032"
"3,28000";"4,92304";"-0,00435"
"3,29000";"4,93803";"-0,00552"
"3,30000";"4,95302";"-0,00714"
"3,31000";"4,96801";"-0,00243"
"3,32000";"4,98301";"-0,00150"
"3,33000";"4,99800";"0,00203"
"3,34000";"5,01299";"0,00527"
"3,35000";"5,02787";"0,00505"
"3,36000";"5,04286";"0,01052"
"3,37000";"5,05797";"0,01258"
"3,38000";"5,07297";"0,01257"
"3,39000";"5,08796";"0,00178"
"3,40000";"5,10295";"-0,00651"
"3,41000";"5,11794";"-0,00761"
"3,42000";"5,13294";"-0,00529"
"3,43000";"5,14793";"-0,00213"
"3,44000";"5,16292";"0,00236"
"3,45000";"5,17803";"0,00847"
"3,46000";"5,19315";"0,00810"
"3,47000";"5,20826";"0,00325"
"3,48000";"5,22325";"-0,00236"
"3,49000";"5,23813";"-0,00576"
"3,50000";"5,25312";"-0,00111"
"3,51000";"5,26811";"0,00366"
"3,52000";"5,28322";"0,01712"
"3,53000";"5,29822";"0,01770"
"3,54000";"5,31321";"0,01028"
"3,55000";"5,32820";"-0,00231"
"3,56000";"5,34308";"-0,01131"
"3,57000";"5,35807";"-0,02231"
"3,58000";"5,37306";"-0,02234"
"3,59000";"5,38806";"-0,01758"
"3,60000";"5,40293";"-0,00715"
"3,61000";"5,41792";"-0,00433"
"3,62000";"5,43292";"0,00092"
"3,63000";"5,44791";"0,01435"
"3,64000";"5,46278";"0,03500"
"3,65000";"5,47778";"0,06655"
"3,66000";"5,49277";"0,11107"
"3,67000";"5,50776";"0,17410"
"3,68000";"5,52276";"0,24878"
"3,69000";"5,53787";"0,33829"
"3,70000";"5,55298";"0,43602"
"3,71000";"5,56797";"0,53692"
"3,72000";"5,58297";"0,64781"
"3,73000";"5,59784";"0,77394"
"3,74000";"5,61283";"0,91363"
"3,75000";"5,62794";"1,05495"
"3,76000";"5,64306";"1,19953"
"3,77000";"5,65805";"1,35767"
"3,78000";"5,67316";"1,51623"
"3,79000";"5,68827";"1,67250"
"3,80000";"5,70326";"1,84134"
"3,81000";"5,71826";"2,00853"
"3,82000";"5,73325";"2,17623"
"3,83000";"5,74836";"2,34635"
"3,84000";"5,76335";"2,51774"
"3,85000";"5,77823";"2,68654"
"3,86000";"5,79322";"2,84971"
"3,87000";"5,80822";"3,01314"
"3,88000";"5,82309";"3,19016"
"3,89000";"5,83797";"3,35347"
"3,90000";"5,85296";"3,50285"
"3,91000";"5,86783";"3,64961"
"3,92000";"5,88294";"3,80525"
"3,93000";"5,89782";"3,96820"
"3,94000";"5,91281";"4,13124"
"3,95000";"5,92781";"4,28580"
"3,96000";"5,94268";"4,43931"
"3,97000";"5,95767";"4,58390"
"3,98000";"5,97278";"4,72622"
"3,99000";"5,98801";"4,87705"
"4,00000";"6,00312";"5,03477"
"4,01000";"6,01812";"5,18950"
"4,02000";"6,03311";"5,33987"
"4,03000";"6,04822";"5,48281"
"4,04000";"6,06322";"5,61890"
"4,05000";"6,07821";"5,75386"
"4,06000";"6,09320";"5,89457"
"4,07000";"6,10808";"6,04109"
"4,08000";"6,12319";"6,17828"
"4,09000";"6,13818";"6,31616"
"4,10000";"6,15306";"6,45724"
"4,11000";"6,16805";"6,59562"
"4,12000";"6,18304";"6,72623"
"4,13000";"6,19792";"6,85556"
"4,14000";"6,21303";"6,98317"
"4,15000";"6,22802";"7,11256"
"4,16000";"6,24313";"7,24166"
"4,17000";"6,25812";"7,37269"
"4,18000";"6,27312";"7,49956"
"4,19000";"6,28799";"7,62651"
"4,20000";"6,30287";"7,75995"
"4,21000";"6,31786";"7,88408"
"4,22000";"6,33285";"8,00857"
"4,23000";"6,34796";"8,13866"
"4,24000";"6,36296";"8,26408"
"4,25000";"6,37783";"8,39139"
"4,26000";"6,39283";"8,51815"
"4,27000";"6,40794";"8,64863"
"4,28000";"6,42293";"8,78245"
"4,29000";"6,43792";"8,91206"
"4,30000";"6,45303";"9,03485"
"4,31000";"6,46803";"9,15444"
"4,32000";"6,48302";"9,27953"
"4,33000";"6,49790";"9,40430"
"4,34000";"6,51289";"9,52382"
"4,35000";"6,52788";"9,64197"
"4,36000";"6,54276";"9,76212"
"4,37000";"6,55775";"9,88878"
"4,38000";"6,57286";"10,01797"
"4,39000";"6,58797";"10,14240"
"4,40000";"6,60297";"10,27137"
"4,41000";"6,61796";"10,39811"
"4,42000";"6,63295";"10,52459"
"4,43000";"6,64783";"10,65088"
"4,44000";"6,66270";"10,76720"
"4,45000";"6,67781";"10,88207"
"4,46000";"6,69292";"10,99875"
"4,47000";"6,70792";"11,11785"
"4,48000";"6,72291";"11,23761"
"4,49000";"6,73790";"11,36769"
"4,50000";"6,75290";"11,50390"
"4,51000";"6,76789";"11,63922"
"4,52000";"6,78288";"11,75874"
"4,53000";"6,79788";"11,87452"
"4,54000";"6,81299";"11,99194"
"4,55000";"6,82798";"12,11732"
"4,56000";"6,84297";"12,24041"
"4,57000";"6,85796";"12,35880"
"4,58000";"6,87308";"12,49031"
"4,59000";"6,88795";"12,62482"
"4,60000";"6,90306";"12,75524"
"4,61000";"6,91806";"12,87694"
"4,62000";"6,93305";"13,00440"
"4,63000";"6,94804";"13,12607"
"4,64000";"6,96303";"13,24350"
"4,65000";"6,97803";"13,36926"
"4,66000";"6,99302";"13,50065"
"4,67000";"7,00801";"13,63496"
"4,68000";"7,02289";"13,76982"
"4,69000";"7,03788";"13,89505"
"4,70000";"7,05288";"14,02003"
"4,71000";"7,06787";"14,14160"
"4,72000";"7,08298";"14,26195"
"4,73000";"7,09797";"14,38746"
"4,74000";"7,11297";"14,50742"
"4,75000";"7,12784";"14,62851"
"4,76000";"7,14283";"14,75073"
"4,77000";"7,15794";"14,87587"
"4,78000";"7,17294";"15,00729"
"4,79000";"7,18793";"15,13861"
"4,80000";"7,20292";"15,26778"
"4,81000";"7,21803";"15,40099"
"4,82000";"7,23303";"15,53286"
"4,83000";"7,24790";"15,66356"
"4,84000";"7,26290";"15,79021"
"4,85000";"7,27801";"15,92439"
"4,86000";"7,29312";"16,05601"
"4,87000";"7,30811";"16,18541"
"4,88000";"7,32310";"16,31610"
"4,89000";"7,33810";"16,45329"
"4,90000";"7,35309";"16,57963"
"4,91000";"7,36808";"16,70990"
"4,92000";"7,38296";"16,84837"
"4,93000";"7,39807";"16,98016"
"4,94000";"7,41306";"17,10712"
"4,95000";"7,42806";"17,23602"
"4,96000";"7,44305";"17,37415"
"4,97000";"7,45792";"17,50553"
"4,98000";"7,47292";"17,63612"
"4,99000";"7,48779";"17,76407"
"5,00000";"7,50278";"17,89009"
"5,01000";"7,51778";"18,02610"
"5,02000";"7,53301";"18,16044"
"5,03000";"7,54800";"18,29647"
"5,04000";"7,56311";"18,43812"
"5,05000";"7,57810";"18,57581"
"5,06000";"7,59298";"18,71383"
"5,07000";"7,60785";"18,85370"
"5,08000";"7,62296";"18,99192"
"5,09000";"7,63796";"19,13648"
"5,10000";"7,65307";"19,27047"
"5,11000";"7,66806";"19,40271"
"5,12000";"7,68306";"19,54114"
"5,13000";"7,69793";"19,68104"
"5,14000";"7,71292";"19,81506"
"5,15000";"7,72780";"19,94669"
"5,16000";"7,74291";"20,08195"
"5,17000";"7,75790";"20,22058"
"5,18000";"7,77278";"20,35171"
"5,19000";"7,78777";"20,48998"
"5,20000";"7,80276";"20,63017"
"5,21000";"7,81776";"20,77195"
"5,22000";"7,83263";"20,90944"
"5,23000";"7,84774";"21,04799"
"5,24000";"7,86274";"21,18834"
"5,25000";"7,87785";"21,33650"
"5,26000";"7,89284";"21,48483"
"5,27000";"7,90795";"21,63065"
"5,28000";"7,92294";"21,77684"
"5,29000";"7,93794";"21,91352"
"5,30000";"7,95281";"22,04809"
"5,31000";"7,96781";"22,18517"
"5,32000";"7,98280";"22,32444"
"5,33000";"7,99791";"22,47390"
"5,34000";"8,01302";"22,62413"
"5,35000";"8,02813";"22,77621"
"5,36000";"8,04313";"22,93111"
"5,37000";"8,05812";"23,08038"
"5,38000";"8,07311";"23,22937"
"5,39000";"8,08799";"23,37639"
"5,40000";"8,10298";"23,51706"
"5,41000";"8,11809";"23,65444"
"5,42000";"8,13308";"23,80334"
"5,43000";"8,14808";"23,96141"
"5,44000";"8,16319";"24,11478"
"5,45000";"8,17818";"24,26487"
"5,46000";"8,19317";"24,41497"
"5,47000";"8,20817";"24,57078"
"5,48000";"8,22316";"24,72293"
"5,49000";"8,23815";"24,87263"
"5,50000";"8,25315";"25,02749"
"5,51000";"8,26814";"25,18520"
"5,52000";"8,28313";"25,34304"
"5,53000";"8,29813";"25,50305"
"5,54000";"8,31300";"25,65731"
"5,55000";"8,32799";"25,80787"
"5,56000";"8,34310";"25,95572"
"5,57000";"8,35822";"26,11001"
"5,58000";"8,37321";"26,27491"
"5,59000";"8,38808";"26,43602"
"5,60000";"8,40308";"26,59360"
"5,61000";"8,41795";"26,74798"
"5,62000";"8,43283";"26,90619"
"5,63000";"8,44794";"27,06719"
"5,64000";"8,46293";"27,23215"
"5,65000";"8,47792";"27,39551"
"5,66000";"8,49315";"27,56439"
"5,67000";"8,50815";"27,73917"
"5,68000";"8,52314";"27,90958"
"5,69000";"8,53801";"28,07271"
"5,70000";"8,55301";"28,23754"
"5,71000";"8,56800";"28,40132"
"5,72000";"8,58299";"28,56551"
"5,73000";"8,59810";"28,74195"
"5,74000";"8,61322";"28,91582"
"5,75000";"8,62821";"29,09215"
"5,76000";"8,64320";"29,26754"
"5,77000";"8,65808";"29,43887"
"5,78000";"8,67295";"29,61452"
"5,79000";"8,68806";"29,78181"
"5,80000";"8,70306";"29,94885"
"5,81000";"8,71805";"30,11531"
"5,82000";"8,73304";"30,28691"
"5,83000";"8,74803";"30,45807"
"5,84000";"8,76303";"30,62528"
"5,85000";"8,77790";"30,79928"
"5,86000";"8,79290";"30,97716"
"5,87000";"8,80789";"31,16007"
"5,88000";"8,82300";"31,33987"
"5,89000";"8,83799";"31,52774"
"5,90000";"8,85287";"31,70962"
"5,91000";"8,86786";"31,88634"
"5,92000";"8,88297";"32,06806"
"5,93000";"8,89785";"32,26067"
"5,94000";"8,91272";"32,45288"
"5,95000";"8,92783";"32,63927"
"5,96000";"8,94283";"32,82921"
"5,97000";"8,95782";"33,01476"
"5,98000";"8,97281";"33,20332"
"5,99000";"8,98780";"33,39340"
"6,00000";"9,00280";"33,58939"
"6,01000";"9,01779";"33,78129"
"6,02000";"9,03279";"33,97559"
"6,03000";"9,04790";"34,17501"
"6,04000";"9,06301";"34,37337"
"6,05000";"9,07800";"34,56654"
"6,06000";"9,09299";"34,76408"
"6,07000";"9,10810";"34,95604"
"6,08000";"9,12310";"35,15237"
"6,09000";"9,13809";"35,35229"
"6,10000";"9,15308";"35,55755"
"6,11000";"9,16808";"35,76687"
"6,12000";"9,18307";"35,97746"
"6,13000";"9,19818";"36,18357"
"6,14000";"9,21317";"36,38717"
"6,15000";"9,22817";"36,59663"
"6,16000";"9,24316";"36,80809"
"6,17000";"9,25815";"37,01627"
"6,18000";"9,27315";"37,22245"
"6,19000";"9,28802";"37,42588"
"6,20000";"9,30313";"37,63190"
"6,21000";"9,31813";"37,84779"
"6,22000";"9,33324";"38,06233"
"6,23000";"9,34811";"38,28291"
"6,24000";"9,36310";"38,49902"
"6,25000";"9,37810";"38,71740"
"6,26000";"9,39309";"38,94368"
"6,27000";"9,40808";"39,17447"
"6,28000";"9,42308";"39,39526"
"6,29000";"9,43807";"39,61121"
"6,30000";"9,45318";"39,83010"
"6,31000";"9,46817";"40,05497"
"6,32000";"9,48305";"40,28512"
"6,33000";"9,49804";"40,51843"
"6,34000";"9,51304";"40,74825"
"6,35000";"9,52803";"40,97891"
"6,36000";"9,54290";"41,21260"
"6,37000";"9,55801";"41,44472"
"6,38000";"9,57312";"41,67218"
"6,39000";"9,58812";"41,90662"
"6,40000";"9,60299";"42,15097"
"6,41000";"9,61799";"42,39391"
"6,42000";"9,63310";"42,63517"
"6,43000";"9,64797";"42,87982"
"6,44000";"9,66297";"43,12860"
"6,45000";"9,67796";"43,37332"
"6,46000";"9,69295";"43,61231"
"6,47000";"9,70794";"43,85378"
"6,48000";"9,72294";"44,10033"
"6,49000";"9,73793";"44,35503"
"6,50000";"9,75304";"44,61132"
"6,51000";"9,76803";"44,86820"
"6,52000";"9,78303";"45,12994"
"6,53000";"9,79802";"45,38949"
"6,54000";"9,81301";"45,65220"
"6,55000";"9,82801";"45,90723"
"6,56000";"9,84276";"46,16872"
"6,57000";"9,85776";"46,42991"
"6,58000";"9,87287";"46,69324"
"6,59000";"9,88798";"46,95856"
"6,60000";"9,90297";"47,22639"
"6,61000";"9,91808";"47,49918"
"6,62000";"9,93308";"47,77839"
"6,63000";"9,94807";"48,05589"
"6,64000";"9,96294";"48,33308"
"6,65000";"9,97794";"48,60547"
"6,66000";"9,99305";"48,87319"
"6,67000";"10,00804";"49,14875"
"6,68000";"10,02315";"49,43845"
"6,69000";"10,03815";"49,72684"
"6,70000";"10,05314";"50,01082"
"6,71000";"10,06813";"50,29834"
"6,72000";"10,08301";"50,58630"
"6,73000";"10,09788";"50,87123"
"6,74000";"10,11288";"51,16118"
"6,75000";"10,12787";"51,44604"
"6,76000";"10,14310";"51,73475"
"6,77000";"10,15797";"52,03071"
"6,78000";"10,17308";"52,33496"
"6,79000";"10,18820";"52,64042"
"6,80000";"10,20319";"52,94714"
"6,81000";"10,21830";"53,25460"
"6,82000";"10,23329";"53,56273"
"6,83000";"10,24840";"53,87359"
"6,84000";"10,26340";"54,18084"
"6,85000";"10,27839";"54,49402"
"6,86000";"10,29326";"54,80870"
"6,87000";"10,30814";"55,11979"
"6,88000";"10,32313";"55,42456"
"6,89000";"10,33813";"55,72874"
"6,90000";"10,35312";"56,04036"
"6,91000";"10,36823";"56,36289"
"6,92000";"10,38322";"56,68997"
"6,93000";"10,39822";"57,02333"
"6,94000";"10,41321";"57,35706"
"6,95000";"10,42808";"57,69567"
"6,96000";"10,44308";"58,02342"
"6,97000";"10,45807";"58,34421"
"6,98000";"10,47318";"58,67081"
"6,99000";"10,48817";"59,00431"
"7,00000";"10,50317";"59,34635"
"7,01000";"10,51828";"59,69817"
"7,02000";"10,53315";"60,05410"
"7,03000";"10,54803";"60,40005"
"7,04000";"10,56290";"60,73862"
"7,05000";"10,57801";"61,07421"
"7,06000";"10,59301";"61,41068"
"7,07000";"10,60788";"61,76225"
"7,08000";"10,62288";"62,11715"
"7,09000";"10,63787";"62,47423"
"7,10000";"10,65286";"62,83507"
"7,11000";"10,66785";"63,18767"
"7,12000";"10,68285";"63,54092"
"7,13000";"10,69784";"63,89906"
"7,14000";"10,71283";"64,26415"
"7,15000";"10,72783";"64,63893"
"7,16000";"10,74282";"65,01826"
"7,17000";"10,75781";"65,40029"
"7,18000";"10,77281";"65,77951"
"7,19000";"10,78780";"66,15440"
"7,20000";"10,80279";"66,53084"
"7,21000";"10,81779";"66,90810"
"7,22000";"10,83290";"67,29087"
"7,23000";"10,84789";"67,66952"
"7,24000";"10,86300";"68,05492"
"7,25000";"10,87799";"68,43929"
"7,26000";"10,89299";"68,82698"
"7,27000";"10,90786";"69,21980"
"7,28000";"10,92274";"69,60923"
"7,29000";"10,93785";"70,00574"
"7,30000";"10,95296";"70,41045"
"7,31000";"10,96795";"70,80589"
"7,32000";"10,98295";"71,20292"
"7,33000";"10,99806";"71,61022"
"7,34000";"11,01305";"72,01804"
"7,35000";"11,02792";"72,43042"
"7,36000";"11,04303";"72,84743"
"7,37000";"11,05815";"73,26232"
"7,38000";"11,07302";"73,67154"
"7,39000";"11,08801";"74,08218"
"7,40000";"11,10301";"74,49416"
"7,41000";"11,11800";"74,91391"
"7,42000";"11,13299";"75,33730"
"7,43000";"11,14799";"75,75665"
"7,44000";"11,16310";"76,17516"
"7,45000";"11,17809";"76,59911"
"7,46000";"11,19320";"77,02571"
"7,47000";"11,20808";"77,46223"
"7,48000";"11,22307";"77,89561"
"7,49000";"11,23806";"78,33054"
"7,50000";"11,25294";"78,76563"
"7,51000";"11,26793";"79,19825"
"7,52000";"11,28304";"79,63133"
"7,53000";"11,29803";"80,07502"
"7,54000";"11,31303";"80,52253"
"7,55000";"11,32802";"80,96957"
"7,56000";"11,34290";"81,41366"
"7,57000";"11,35789";"81,86121"
"7,58000";"11,37288";"82,30396"
"7,59000";"11,38788";"82,74744"
"7,60000";"11,40298";"83,19729"
"7,61000";"11,41798";"83,65697"
"7,62000";"11,43309";"84,11188"
"7,63000";"11,44820";"84,57580"
"7,64000";"11,46319";"85,04552"
"7,65000";"11,47819";"85,51752"
"7,66000";"11,49318";"85,97377"
"7,67000";"11,50806";"86,42774"
"7,68000";"11,52305";"86,88197"
"7,69000";"11,53804";"87,33559"
"7,70000";"11,55315";"87,80054"
"7,71000";"11,56815";"88,26413"
"7,72000";"11,58314";"88,73502"
"7,73000";"11,59813";"89,19949"
"7,74000";"11,61301";"89,66031"
"7,75000";"11,62800";"90,12270"
"7,76000";"11,64311";"90,59042"
"7,77000";"11,65810";"91,06442"
"7,78000";"11,67310";"91,54521"
"7,79000";"11,68809";"92,03087"
"7,80000";"11,70296";"92,50789"
"7,81000";"11,71796";"92,97435"
"7,82000";"11,73295";"93,44726"
"7,83000";"11,74794";"93,90784"
"7,84000";"11,76306";"94,37003"
"7,85000";"11,77805";"94,84658"
"7,86000";"11,79304";"95,32944"
"7,87000";"11,80803";"95,81148"
"7,88000";"11,82303";"96,28954"
"7,89000";"11,83790";"96,75304"
"7,90000";"11,85278";"97,22829"
"7,91000";"11,86777";"97,70052"
"7,92000";"11,88276";"98,17271"
"7,93000";"11,89787";"98,65880"
"7,94000";"11,91299";"99,14773"
"7,95000";"11,92798";"99,63379"
"7,96000";"11,94309";"100,12125"
"7,97000";"11,95808";"100,60423"
"7,98000";"11,97296";"101,07613"
"7,99000";"11,98795";"101,53249"
"8,00000";"12,00294";"101,98531"
"8,01000";"12,01806";"102,44075"
"8,02000";"12,03305";"102,90478"
"8,03000";"12,04804";"103,35993"
"8,04000";"12,06304";"103,81709"
"8,05000";"12,07803";"104,27446"
"8,06000";"12,09290";"104,72627"
"8,07000";"12,10801";"105,17574"
"8,08000";"12,12301";"105,62827"
"8,09000";"12,13800";"106,07909"
"8,10000";"12,15287";"106,51711"
"8,11000";"12,16775";"106,94930"
"8,12000";"12,18274";"107,36731"
"8,13000";"12,19774";"107,77546"
"8,14000";"12,21261";"108,19154"
"8,15000";"12,22772";"108,61359"
"8,16000";"12,24272";"109,04282"
"8,17000";"12,25783";"109,47495"
"8,18000";"12,27294";"109,91117"
"8,19000";"12,28793";"110,34146"
"8,20000";"12,30280";"110,74837"
"8,21000";"12,31768";"111,13387"
"8,22000";"12,33267";"111,49490"
"8,23000";"12,34778";"111,85114"
"8,24000";"12,36278";"112,20782"
"8,25000";"12,37789";"112,56641"
"8,26000";"12,39312";"112,93169"
"8,27000";"12,40799";"113,29758"
"8,28000";"12,42310";"113,64744"
"8,29000";"12,43810";"113,98316"
"8,30000";"12,45297";"114,30083"
"8,31000";"12,46797";"114,59099"
"8,32000";"12,48296";"114,87615"
"8,33000";"12,49807";"115,15562"
"8,34000";"12,51306";"115,42704"
"8,35000";"12,52805";"115,67957"
"8,36000";"12,54305";"115,91703"
"8,37000";"12,55792";"116,14677"
"8,38000";"12,57292";"116,35317"
"8,39000";"12,58791";"116,54076"
"8,40000";"12,60290";"116,72822"
"8,41000";"12,61790";"116,90658"
"8,42000";"12,63277";"117,07218"
"8,43000";"12,64788";"117,22293"
"8,44000";"12,66288";"117,35569"
"8,45000";"12,67775";"117,47514"
"8,46000";"12,69286";"117,57636"
"8,47000";"12,70797";"117,67107"
"8,48000";"12,72297";"117,76650"
"8,49000";"12,73808";"117,84457"
"8,50000";"12,75319";"117,90624"
"8,51000";"12,76818";"117,94764"
"8,52000";"12,78306";"117,97155"
"8,53000";"12,79805";"117,96313"
"8,54000";"12,81304";"117,92633"
"8,55000";"12,82815";"117,88690"
"8,56000";"12,84315";"117,85210"
"8,57000";"12,85814";"117,81229"
"8,58000";"12,87313";"117,75132"
"8,59000";"12,88824";"117,66806"
"8,60000";"12,90312";"117,57719"
"8,61000";"12,91799";"117,45081"
"8,62000";"12,93287";"117,29298"
"8,63000";"12,94798";"117,12038"
"8,64000";"12,96285";"116,95694"
"8,65000";"12,97785";"116,80148"
"8,66000";"12,99284";"116,63596"
"8,67000";"13,00795";"116,46236"
"8,68000";"13,02294";"116,28471"
"8,69000";"13,03794";"116,09740"
"8,70000";"13,05293";"115,87870"
"8,71000";"13,06804";"115,62364"
"8,72000";"13,08303";"115,34982"
"8,73000";"13,09803";"115,06700"
"8,74000";"13,11302";"114,77180"
"8,75000";"13,12801";"114,45574"
"8,76000";"13,14289";"114,11537"
"8,77000";"13,15776";"113,75911"
"8,78000";"13,17276";"113,38290"
"8,79000";"13,18775";"112,99732"
"8,80000";"13,20286";"112,61797"
"8,81000";"13,21797";"112,24727"
"8,82000";"13,23297";"111,89707"
"8,83000";"13,24796";"111,55740"
"8,84000";"13,26283";"111,21428"
"8,85000";"13,27783";"110,84507"
"8,86000";"13,29282";"110,46018"
"8,87000";"13,30793";"110,07211"
"8,88000";"13,32292";"109,70184"
"8,89000";"13,33792";"109,32276"
"8,90000";"13,35291";"108,93588"
"8,91000";"13,36790";"108,55115"
"8,92000";"13,38290";"108,15514"
"8,93000";"13,39777";"107,74664"
"8,94000";"13,41276";"107,32161"
"8,95000";"13,42787";"106,90263"
"8,96000";"13,44299";"106,49973"
"8,97000";"13,45798";"106,11334"
"8,98000";"13,47309";"105,72636"
"8,99000";"13,48820";"105,35066"
"9,00000";"13,50308";"104,97196"
"9,01000";"13,51819";"104,57579"
"9,02000";"13,53306";"104,17503"
"9,03000";"13,54806";"103,76609"
"9,04000";"13,56317";"103,35335"
"9,05000";"13,57804";"102,94687"
"9,06000";"13,59303";"102,54008"
"9,07000";"13,60803";"102,13729"
"9,08000";"13,62290";"101,74760"
"9,09000";"13,63778";"101,36018"
"9,10000";"13,65289";"100,97618"
"9,11000";"13,66800";"100,62148"
"9,12000";"13,68299";"100,29942"
"9,13000";"13,69810";"99,99601"
"9,14000";"13,71310";"99,68576"
"9,15000";"13,72809";"99,36916"
"9,16000";"13,74308";"99,04094"
"9,17000";"13,75808";"98,70549"
"9,18000";"13,77319";"98,37911"
"9,19000";"13,78818";"98,05859"
"9,20000";"13,80317";"97,73911"
"9,21000";"13,81828";"97,43367"
"9,22000";"13,83328";"97,14948"
"9,23000";"13,84827";"96,88136"
"9,24000";"13,86315";"96,62110"
"9,25000";"13,87814";"96,35260"
"9,26000";"13,89313";"96,08752"
"9,27000";"13,90813";"95,83506"
"9,28000";"13,92300";"95,56729"
"9,29000";"13,93811";"95,29645"
"9,30000";"13,95322";"95,03410"
"9,31000";"13,96810";"94,78246"
"9,32000";"13,98309";"94,53884"
"9,33000";"13,99820";"94,28622"
"9,34000";"14,01319";"94,03362"
"9,35000";"14,02807";"93,77565"
"9,36000";"14,04306";"93,50907"
"9,37000";"14,05805";"93,22984"
"9,38000";"14,07293";"92,94713"
"9,39000";"14,08781";"92,65895"
"9,40000";"14,10268";"92,35657"
"9,41000";"14,11779";"92,05553"
"9,42000";"14,13278";"91,76735"
"9,43000";"14,14778";"91,48817"
"9,44000";"14,16289";"91,19484"
"9,45000";"14,17800";"90,90260"
"9,46000";"14,19299";"90,60506"
"9,47000";"14,20799";"90,30473"
"9,48000";"14,22286";"89,99973"
"9,49000";"14,23797";"89,70280"
"9,50000";"14,25308";"89,44820"
"9,51000";"14,26808";"89,23411"
"9,52000";"14,28307";"89,04274"
"9,53000";"14,29818";"88,86756"
"9,54000";"14,31329";"88,69550"
"9,55000";"14,32817";"88,50166"
"9,56000";"14,34316";"88,26464"
"9,57000";"14,35803";"88,00475"
"9,58000";"14,37303";"87,74103"
"9,59000";"14,38814";"87,49535"
"9,60000";"14,40313";"87,26745"
"9,61000";"14,41813";"87,07553"
"9,62000";"14,43324";"86,92931"
"9,63000";"14,44811";"86,80863"
"9,64000";"14,46310";"86,68207"
"9,65000";"14,47810";"86,54958"
"9,66000";"14,49309";"86,43304"
"9,67000";"14,50808";"86,33154"
"9,68000";"14,52308";"86,21913"
"9,69000";"14,53807";"86,08092"
"9,70000";"14,55318";"85,91750"
"9,71000";"14,56806";"85,72452"
"9,72000";"14,58305";"85,49786"
"9,73000";"14,59804";"85,22961"
"9,74000";"14,61315";"84,94508"
"9,75000";"14,62826";"84,66227"
"9,76000";"14,64326";"84,38970"
"9,77000";"14,65825";"84,13558"
"9,78000";"14,67313";"83,91895"
"9,79000";"14,68800";"83,74243"
"9,80000";"14,70299";"83,59629"
"9,81000";"14,71799";"83,46000"
"9,82000";"14,73310";"83,35784"
"9,83000";"14,74821";"83,28367"
"9,84000";"14,76320";"83,22247"
"9,85000";"14,77831";"83,16969"
"9,86000";"14,79319";"83,12674"
"9,87000";"14,80818";"83,09521"
"9,88000";"14,82317";"83,06473"
"9,89000";"14,83817";"83,03706"
"9,90000";"14,85304";"83,01972"
"9,91000";"14,86792";"83,02873"
"9,92000";"14,88291";"83,06702"
"9,93000";"14,89790";"83,12567"
"9,94000";"14,91290";"83,18822"
"9,95000";"14,92801";"83,26730"
"9,96000";"14,94300";"83,35982"
"9,97000";"14,95799";"83,45706"
"9,98000";"14,97299";"83,55116"
"9,99000";"14,98810";"83,66682"
"10,00000";"15,00309";"83,79847"
"10,01000";"15,01808";"83,91949"
"10,02000";"15,03308";"84,03131"
"10,03000";"15,04807";"84,16009"
"10,04000";"15,06306";"84,30801"
"10,05000";"15,07817";"84,45408"
"10,06000";"15,09317";"84,58890"
"10,07000";"15,10816";"84,70892"
"10,08000";"15,12315";"84,82536"
"10,09000";"15,13815";"84,93290"
"10,10000";"15,15302";"85,02889"
"10,11000";"15,16790";"85,11417"
"10,12000";"15,18289";"85,19927"
"10,13000";"15,19800";"85,29745"
"10,14000";"15,21299";"85,41767"
"10,15000";"15,22799";"85,57374"
"10,16000";"15,24298";"85,76890"
"10,17000";"15,25785";"85,97859"
"10,18000";"15,27273";"86,19117"
"10,19000";"15,28772";"86,40254"
"10,20000";"15,30283";"86,64771"
"10,21000";"15,31783";"86,94447"
"10,22000";"15,33282";"87,26096"
"10,23000";"15,34781";"87,56991"
"10,24000";"15,36280";"87,85815"
"10,25000";"15,37792";"88,12891"
"10,26000";"15,39291";"88,40034"
"10,27000";"15,40778";"88,65880"
"10,28000";"15,42290";"88,92270"
"10,29000";"15,43801";"89,19557"
"10,30000";"15,45312";"89,48498"
"10,31000";"15,46811";"89,79257"
"10,32000";"15,48310";"90,09969"
"10,33000";"15,49810";"90,39886"
"10,34000";"15,51297";"90,67814"
"10,35000";"15,52797";"90,95626"
"10,36000";"15,54296";"91,27215"
"10,37000";"15,55807";"91,63408"
"10,38000";"15,57306";"92,03340"
"10,39000";"15,58817";"92,44151"
"10,40000";"15,60317";"92,85880"
"10,41000";"15,61804";"93,26908"
"10,42000";"15,63304";"93,65977"
"10,43000";"15,64803";"94,03454"
"10,44000";"15,66302";"94,40875"
"10,45000";"15,67801";"94,79965"
"10,46000";"15,69301";"95,19340"
"10,47000";"15,70800";"95,57948"
"10,48000";"15,72299";"95,94550"
"10,49000";"15,73799";"96,30527"
"10,50000";"15,75286";"96,63216"
"10,51000";"15,76785";"96,91664"
"10,52000";"15,78285";"97,20520"
"10,53000";"15,79784";"97,54946"
"10,54000";"15,81283";"97,94460"
"10,55000";"15,82794";"98,35812"
"10,56000";"15,84294";"98,76661"
"10,57000";"15,85793";"99,17107"
"10,58000";"15,87292";"99,55348"
"10,59000";"15,88803";"99,93375"
"10,60000";"15,90315";"100,30730"
"10,61000";"15,91826";"100,70683"
"10,62000";"15,93325";"101,13628"
"10,63000";"15,94813";"101,57295"
"10,64000";"15,96312";"101,97522"
"10,65000";"15,97799";"102,37373"
"10,66000";"15,99299";"102,78812"
"10,67000";"16,00798";"103,23524"
"10,68000";"16,02297";"103,70254"
"10,69000";"16,03797";"104,18920"
"10,70000";"16,05296";"104,71616"
"10,71000";"16,06807";"105,26139"
"10,72000";"16,08306";"105,82330"
"10,73000";"16,09794";"106,37450"
"10,74000";"16,11293";"106,91148"
"10,75000";"16,12792";"107,44675"
"10,76000";"16,14292";"108,00087"
"10,77000";"16,15791";"108,55325"
"10,78000";"16,17290";"109,11038"
"10,79000";"16,18801";"109,65924"
"10,80000";"16,20300";"110,21042"
"10,81000";"16,21788";"110,73605"
"10,82000";"16,23288";"111,24534"
"10,83000";"16,24787";"111,75732"
"10,84000";"16,26286";"112,27843"
"10,85000";"16,27785";"112,78896"
"10,86000";"16,29273";"113,28981"
"10,87000";"16,30796";"113,79842"
"10,88000";"16,32307";"114,33202"
"10,89000";"16,33818";"114,87779"
"10,90000";"16,35317";"115,38656"
"10,91000";"16,36828";"115,88017"
"10,92000";"16,38328";"116,36607"
"10,93000";"16,39827";"116,84338"
"10,94000";"16,41315";"117,31674"
"10,95000";"16,42814";"117,78305"
"10,96000";"16,44301";"118,25822"
"10,97000";"16,45789";"118,74170"
"10,98000";"16,47288";"119,22212"
"10,99000";"16,48799";"119,73979"
"11,00000";"16,50299";"120,27981"
"11,01000";"16,51798";"120,82178"
"11,02000";"16,53297";"121,36539"
"11,03000";"16,54797";"121,91937"
"11,04000";"16,56284";"122,46074"
"11,05000";"16,57771";"122,98907"
"11,06000";"16,59271";"123,51475"
"11,07000";"16,60770";"124,06991"
"11,08000";"16,62269";"124,68638"
"11,09000";"16,63781";"125,34265"
"11,10000";"16,65292";"126,02179"
"11,11000";"16,66791";"126,67982"
"11,12000";"16,68302";"127,31429"
"11,13000";"16,69801";"127,90592"
"11,14000";"16,71301";"128,44380"
"11,15000";"16,72800";"128,98811"
"11,16000";"16,74299";"129,56473"
"11,17000";"16,75799";"130,15205"
"11,18000";"16,77310";"130,75717"
"11,19000";"16,78809";"131,38470"
"11,20000";"16,80297";"132,03883"
"11,21000";"16,81796";"132,71378"
"11,22000";"16,83307";"133,38583"
"11,23000";"16,84806";"134,07690"
"11,24000";"16,86306";"134,81148"
"11,25000";"16,87805";"135,55005"
"11,26000";"16,89304";"136,27089"
"11,27000";"16,90804";"136,97881"
"11,28000";"16,92291";"137,69931"
"11,29000";"16,93790";"138,44392"
"11,30000";"16,95301";"139,24788"
"11,31000";"16,96801";"140,11235"
"11,32000";"16,98312";"141,03320"
"11,33000";"16,99799";"141,95679"
"11,34000";"17,01311";"142,86401"
"11,35000";"17,02798";"143,78589"
"11,36000";"17,04285";"144,77023"
"11,37000";"17,05773";"145,77759"
"11,38000";"17,07272";"146,81578"
"11,39000";"17,08772";"147,93274"
"11,40000";"17,10271";"149,11530"
"11,41000";"17,11758";"150,31310"
"11,42000";"17,13270";"151,49335"
"11,43000";"17,14769";"152,69040"
"11,44000";"17,16268";"153,92947"
"11,45000";"17,17779";"155,21341"
"11,46000";"17,19290";"156,51717"
"11,47000";"17,20801";"157,84795"
"11,48000";"17,22313";"159,18022"
"11,49000";"17,23812";"160,51688"
"11,50000";"17,25311";"161,84502"
"11,51000";"17,26810";"163,18184"
"11,52000";"17,28298";"164,55835"
"11,53000";"17,29797";"165,96660"
"11,54000";"17,31297";"167,40396"
"11,55000";"17,32796";"168,88554"
"11,56000";"17,34295";"170,38911"
"11,57000";"17,35794";"171,91035"
"11,58000";"17,37282";"173,43570"
"11,59000";"17,38781";"174,97595"
"11,60000";"17,40281";"176,56691"
"11,61000";"17,41780";"178,17598"
"11,62000";"17,43291";"179,78084"
"11,63000";"17,44790";"181,41205"
"11,64000";"17,46290";"183,05667"
"11,65000";"17,47777";"184,75719"
"11,66000";"17,49265";"186,42433"
"11,67000";"17,50752";"188,09245"
"11,68000";"17,52251";"189,83354"
"11,69000";"17,53739";"191,66249"
"11,70000";"17,55250";"193,57364"
"11,71000";"17,56749";"195,54198"
"11,72000";"17,58261";"197,55083"
"11,73000";"17,59772";"199,60715"
"11,74000";"17,61295";"201,73860"
"11,75000";"17,62806";"203,91154"
"11,76000";"17,64317";"206,11147"
"11,77000";"17,65816";"208,27480"
"11,78000";"17,67315";"210,43854"
"11,79000";"17,68815";"212,58479"
"11,80000";"17,70314";"214,74469"
"11,81000";"17,71813";"216,97267"
"11,82000";"17,73313";"219,30086"
"11,83000";"17,74812";"221,66386"
"11,84000";"17,76311";"224,02301"
"11,85000";"17,77822";"226,39352"
"11,86000";"17,79310";"228,84824"
"11,87000";"17,80821";"231,34648"
"11,88000";"17,82320";"233,88840"
"11,89000";"17,83820";"236,46732"
"11,90000";"17,85295";"239,10022"
"11,91000";"17,86783";"241,74156"
"11,92000";"17,88270";"244,43500"
"11,93000";"17,89770";"247,20872"
"11,94000";"17,91269";"250,08211"
"11,95000";"17,92756";"253,00597"
"11,96000";"17,94255";"255,95953"
"11,97000";"17,95755";"258,92355"
"11,98000";"17,97266";"261,88940"
"11,99000";"17,98765";"264,94012"
"12,00000";"18,00265";"268,00186"
"12,01000";"18,01764";"271,07706"
"12,02000";"18,03275";"274,24387"
"12,03000";"18,04798";"277,54706"
"12,04000";"18,06309";"280,91867"
"12,05000";"18,07820";"284,31744"
"12,06000";"18,09319";"287,65506"
"12,07000";"18,10807";"290,90598"
"12,08000";"18,12306";"294,13269"
"12,09000";"18,13806";"297,47903"
"12,10000";"18,15317";"301,07291"
"12,11000";"18,16816";"304,88544"
"12,12000";"18,18315";"308,89853"
"12,13000";"18,19814";"313,05115"
"12,14000";"18,21314";"317,30258"
"12,15000";"18,22801";"321,63574"
"12,16000";"18,24289";"325,95206"
"12,17000";"18,25800";"330,30945"
"12,18000";"18,27299";"334,83289"
"12,19000";"18,28787";"339,43146"
"12,20000";"18,30274";"344,04861"
"12,21000";"18,31774";"348,68869"
"12,22000";"18,33249";"353,38379"
"12,23000";"18,34737";"358,07666"
"12,24000";"18,36236";"362,81058"
"12,25000";"18,37735";"367,73566"
"12,26000";"18,39235";"372,97757"
"12,27000";"18,40746";"378,45132"
"12,28000";"18,42257";"384,26135"
"12,29000";"18,43756";"390,23135"
"12,30000";"18,45244";"396,22180"
"12,31000";"18,46755";"402,18256"
"12,32000";"18,48266";"408,20639"
"12,33000";"18,49789";"414,43719"
"12,33200";"18,50084";"415,70068"
"12,33400";"18,50391";"416,96478"
"12,34400";"18,51701";"423,18997"
"12,35400";"18,52457";"427,36270"
"12,36400";"18,52693";"424,56482"
"12,36800";"18,52693";"420,63739"
"12,37800";"18,52551";"403,56696"
"12,38800";"18,51973";"378,08447"
"12,39800";"18,50733";"341,75839"
"12,40800";"18,48998";"286,20663"
"12,41800";"18,46968";"209,81349"
"12,42800";"18,44831";"124,75497"
"12,43800";"18,42670";"47,91429"
"12,44800";"18,40557";"-10,44641"
"12,45800";"18,38527";"-47,02494"
"12,46800";"18,36555";"-63,32335"
"12,47800";"18,34666";"-66,56555"
"12,48800";"18,32848";"-62,44366"
"12,49800";"18,31089";"-54,77216"
"12,50800";"18,29389";"-45,88404"
"12,51800";"18,27748";"-37,18876"
"12,52800";"18,26131";"-30,23192"
"12,53800";"18,24537";"-25,61638"
"12,54800";"18,22978";"-22,88000"
"12,55800";"18,21432";"-21,37407"
"12,56800";"18,19874";"-20,62632"
"12,57800";"18,18339";"-20,17364"
"12,58800";"18,16828";"-19,66710"
"12,59800";"18,15305";"-18,97007"
"12,60800";"18,13794";"-18,17410"
"12,61800";"18,12295";"-17,34687"
"12,62800";"18,10807";"-16,52279"
"12,63800";"18,09308";"-15,73348"
"12,64800";"18,07785";"-15,01351"
"12,65800";"18,06250";"-14,37283"
"12,66800";"18,04727";"-13,76562"
"12,67800";"18,03216";"-13,16084"
"12,68800";"18,01705";"-12,54552"
"12,69800";"18,00182";"-11,96332"
"12,70800";"17,98671";"-11,43374"
"12,71800";"17,97171";"-10,93640"
"12,72800";"17,95661";"-10,46909"
"12,73800";"17,94173";"-10,01300"
"12,74800";"17,92673";"-9,55748"
"12,75800";"17,91186";"-9,10435"
"12,76800";"17,89699";"-8,68050"
"12,77800";"17,88199";"-8,28917"
"12,78800";"17,86688";"-7,92494"
"12,79800";"17,85177";"-7,59898"
"12,80800";"17,83678";"-7,30111"
"12,81800";"17,82190";"-7,02246"
"12,82800";"17,80691";"-6,74651"
"12,83800";"17,79203";"-6,46177"
"12,84800";"17,77704";"-6,18171"
"12,85800";"17,76217";"-5,89632"
"12,86800";"17,74706";"-5,60396"
"12,87800";"17,73195";"-5,31512"
"12,88800";"17,71695";"-5,03846"
"12,89800";"17,70196";"-4,78428"
"12,90800";"17,68696";"-4,54815"
"12,91800";"17,67197";"-4,32197"
"12,92800";"17,65686";"-4,10752"
"12,93800";"17,64187";"-3,91255"
"12,94800";"17,62688";"-3,74233"
"12,95800";"17,61176";"-3,57652"
"12,96800";"17,59701";"-3,40295"
"12,97800";"17,58213";"-3,22172"
"12,98800";"17,56714";"-3,05491"
"12,99800";"17,55215";"-2,89691"
"13,00800";"17,53703";"-2,75223"
"13,01800";"17,52204";"-2,61083"
"13,02800";"17,50693";"-2,47918"
"13,03800";"17,49182";"-2,35239"
"13,04800";"17,47694";"-2,23685"
"13,05800";"17,46207";"-2,13677"
"13,06800";"17,44719";"-2,05353"
"13,07800";"17,43220";"-1,98007"
"13,08800";"17,41709";"-1,91995"
"13,09800";"17,40221";"-1,87424"
"13,10800";"17,38711";"-1,83360"
"13,11800";"17,37188";"-1,79993"
"13,12800";"17,35688";"-1,76542"
"13,13800";"17,34201";"-1,72225"
"13,14800";"17,32701";"-1,68956"
"13,15800";"17,31202";"-1,65787"
"13,16800";"17,29691";"-1,63383"
"13,17800";"17,28204";"-1,60667"
"13,18800";"17,26716";"-1,57165"
"13,19800";"17,25205";"-1,53953"
"13,20800";"17,23706";"-1,50467"
"13,21800";"17,22206";"-1,46988"
"13,22800";"17,20719";"-1,43444"
"13,23800";"17,19208";"-1,39202"
"13,24800";"17,17708";"-1,35029"
"13,25800";"17,16209";"-1,32100"
"13,26800";"17,14710";"-1,29236"
"13,27800";"17,13199";"-1,26743"
"13,28800";"17,11687";"-1,23931"
"13,29800";"17,10200";"-1,21478"
"13,30800";"17,08701";"-1,18094"
"13,31800";"17,07201";"-1,14601"
"13,32800";"17,05690";"-1,11454"
"13,33800";"17,04203";"-1,08265"
"13,34800";"17,02703";"-1,05618"
"13,35800";"17,01192";"-1,03070"
"13,36800";"16,99693";"-1,00706"
"13,37800";"16,98206";"-0,98299"
"13,38800";"16,96706";"-0,96408"
"13,39800";"16,95219";"-0,95073"
"13,40800";"16,93708";"-0,93800"
"13,41800";"16,92196";"-0,91986"
"13,42800";"16,90697";"-0,89698"
"13,43800";"16,89186";"-0,86888"
"13,44800";"16,87687";"-0,84294"
"13,45800";"16,86176";"-0,82978"
"13,46800";"16,84688";"-0,82527"
"13,47800";"16,83201";"-0,81808"
"13,48800";"16,81689";"-0,81077"
"13,49800";"16,80190";"-0,80492"
"13,50800";"16,78679";"-0,80262"
"13,51800";"16,77192";"-0,80150"
"13,52800";"16,75692";"-0,78942"
"13,53800";"16,74193";"-0,77520"
"13,54800";"16,72706";"-0,77296"
"13,55800";"16,71218";"-0,76789"
"13,56800";"16,69707";"-0,75937"
"13,57800";"16,68196";"-0,75020"
"13,58800";"16,66685";"-0,74671"
"13,59800";"16,65197";"-0,74673"
"13,60800";"16,63710";"-0,74230"
"13,61800";"16,62199";"-0,73779"
"13,62800";"16,60687";"-0,73118"
"13,63800";"16,59200";"-0,72593"
"13,64800";"16,57689";"-0,72410"
"13,65800";"16,56178";"-0,72699"
"13,66800";"16,54667";"-0,72450"
"13,67800";"16,53167";"-0,72612"
"13,68800";"16,51692";"-0,71599"
"13,69800";"16,50204";"-0,70497"
"13,70800";"16,48705";"-0,70319"
"13,71800";"16,47206";"-0,70411"
"13,72800";"16,45706";"-0,69963"
"13,73800";"16,44195";"-0,69345"
"13,74800";"16,42696";"-0,68247"
"13,75800";"16,41208";"-0,67655"
"13,76800";"16,39721";"-0,68148"
"13,77800";"16,38222";"-0,68589"
"13,78800";"16,36710";"-0,68009"
"13,79800";"16,35211";"-0,67500"
"13,80800";"16,33724";"-0,67599"
"13,81800";"16,32212";"-0,67405"
"13,82800";"16,30701";"-0,66758"
"13,83800";"16,29202";"-0,66504"
"13,84800";"16,27715";"-0,66086"
"13,85800";"16,26215";"-0,65634"
"13,86800";"16,24704";"-0,65661"
"13,87800";"16,23205";"-0,65876"
"13,88800";"16,21706";"-0,66311"
"13,89800";"16,20218";"-0,66048"
"13,90800";"16,18707";"-0,65934"
"13,91800";"16,17220";"-0,65938"
"13,92800";"16,15720";"-0,65574"
"13,93800";"16,14233";"-0,64440"
"13,94800";"16,12721";"-0,63338"
"13,95800";"16,11199";"-0,62483"
"13,96800";"16,09687";"-0,62871"
"13,97800";"16,08188";"-0,63015"
"13,98800";"16,06677";"-0,63263"
"13,99800";"16,05178";"-0,63649"
"14,00800";"16,03690";"-0,64563"
"14,01800";"16,02203";"-0,64896"
"14,02800";"16,00704";"-0,64518"
"14,03800";"15,99192";"-0,64786"
"14,04800";"15,97693";"-0,65074"
"14,05800";"15,96194";"-0,65001"
"14,06800";"15,94695";"-0,65613"
"14,07800";"15,93195";"-0,66469"
"14,08800";"15,91696";"-0,66755"
"14,09800";"15,90208";"-0,66823"
"14,10800";"15,88709";"-0,66706"
"14,11800";"15,87210";"-0,66066"
"14,12800";"15,85710";"-0,65427"
"14,13800";"15,84211";"-0,65613"
"14,14800";"15,82712";"-0,65492"
"14,15800";"15,81213";"-0,66069"
"14,16800";"15,79713";"-0,66965"
"14,17800";"15,78226";"-0,67465"
"14,18800";"15,76727";"-0,67456"
"14,19800";"15,75227";"-0,67140"
"14,20800";"15,73716";"-0,66851"
"14,21800";"15,72205";"-0,66376"
"14,22800";"15,70706";"-0,65771"
"14,23800";"15,69218";"-0,65590"
"14,24800";"15,67707";"-0,65960"
"14,25800";"15,66208";"-0,66843"
"14,26800";"15,64720";"-0,67461"
"14,27800";"15,63209";"-0,67270"
"14,28800";"15,61698";"-0,66857"
"14,29800";"15,60175";"-0,66981"
"14,30800";"15,58687";"-0,67228"
"14,31800";"15,57176";"-0,68091"
"14,32800";"15,55689";"-0,68871"
"14,33800";"15,54190";"-0,69310"
"14,34800";"15,52702";"-0,69309"
"14,35800";"15,51203";"-0,69237"
"14,36800";"15,49692";"-0,68954"
"14,37800";"15,48180";"-0,68686"
"14,38800";"15,46693";"-0,68100"
"14,39800";"15,45194";"-0,68119"
"14,40800";"15,43694";"-0,68689"
"14,41800";"15,42195";"-0,70607"
"14,42800";"15,40707";"-0,71389"
"14,43800";"15,39208";"-0,71959"
"14,44800";"15,37697";"-0,72273"
"14,45800";"15,36186";"-0,72391"
"14,46800";"15,34687";"-0,71808"
"14,47800";"15,33211";"-0,71632"
"14,48800";"15,31712";"-0,71715"
"14,49800";"15,30201";"-0,72167"
"14,50800";"15,28701";"-0,72351"
"14,51800";"15,27214";"-0,72147"
"14,52800";"15,25715";"-0,72206"
"14,53800";"15,24203";"-0,72422"
"14,54800";"15,22704";"-0,73056"
"14,55800";"15,21217";"-0,73156"
"14,56800";"15,19717";"-0,73162"
"14,57800";"15,18206";"-0,73108"
"14,58800";"15,16707";"-0,72323"
"14,59800";"15,15219";"-0,72256"
"14,60800";"15,13720";"-0,72549"
"14,61800";"15,12209";"-0,72617"
"14,62800";"15,10698";"-0,72032"
"14,63800";"15,09210";"-0,71663"
"14,64800";"15,07723";"-0,71432"
"14,65800";"15,06223";"-0,71740"
"14,66800";"15,04713";"-0,71797"
"14,67800";"15,03201";"-0,71175"
"14,68800";"15,01702";"-0,71668"
"14,69800";"15,00203";"-0,72859"
"14,70800";"14,98692";"-0,73187"
"14,71800";"14,97216";"-0,72625"
"14,72800";"14,95728";"-0,72315"
"14,73800";"14,94229";"-0,71938"
"14,74800";"14,92718";"-0,71023"
"14,75800";"14,91231";"-0,70565"
"14,76800";"14,89731";"-0,70020"
"14,77800";"14,88232";"-0,69322"
"14,78800";"14,86721";"-0,69080"
"14,79800";"14,85222";"-0,69473"
"14,80800";"14,83722";"-0,70701"
"14,81800";"14,82223";"-0,70375"
"14,82800";"14,80712";"-0,70303"
"14,83800";"14,79201";"-0,70868"
"14,84800";"14,77701";"-0,70515"
"14,85800";"14,76214";"-0,70025"
"14,86800";"14,74714";"-0,69359"
"14,87800";"14,73215";"-0,68680"
"14,88800";"14,71728";"-0,68573"
"14,89800";"14,70228";"-0,68439"
"14,90800";"14,68717";"-0,67805"
"14,91800";"14,67194";"-0,67148"
"14,92800";"14,65707";"-0,66250"
"14,93800";"14,64219";"-0,65986"
"14,94800";"14,62708";"-0,66596"
"14,95800";"14,61197";"-0,67702"
"14,96800";"14,59710";"-0,67986"
"14,97800";"14,58199";"-0,67961"
"14,98800";"14,56687";"-0,68038"
"14,99800";"14,55176";"-0,68443"
"15,00800";"14,53677";"-0,68200"
"15,01800";"14,52190";"-0,67603"
"15,02800";"14,50690";"-0,66590"
"15,03800";"14,49179";"-0,65820"
"15,04800";"14,47680";"-0,65365"
"15,05800";"14,46192";"-0,65523"
"15,06800";"14,44693";"-0,65761"
"15,07800";"14,43182";"-0,66328"
"15,08800";"14,41671";"-0,66727"
"15,09800";"14,40195";"-0,66461"
"15,10800";"14,38696";"-0,66154"
"15,11800";"14,37185";"-0,66562"
"15,12800";"14,35685";"-0,66675"
"15,13800";"14,34186";"-0,66688"
"15,14800";"14,32675";"-0,66309"
"15,15800";"14,31164";"-0,66287"
"15,16800";"14,29665";"-0,67546"
"15,17800";"14,28189";"-0,68817"
"15,18800";"14,26701";"-0,69492"
"15,19800";"14,25190";"-0,68596"
"15,20800";"14,23679";"-0,67937"
"15,21800";"14,22180";"-0,67995"
"15,22800";"14,20681";"-0,67321"
"15,23800";"14,19169";"-0,66882"
"15,24800";"14,17670";"-0,66334"
"15,25800";"14,16194";"-0,66641"
"15,26800";"14,14707";"-0,67652"
"15,27800";"14,13208";"-0,68638"
"15,28800";"14,11697";"-0,68916"
"15,29800";"14,10197";"-0,69500"
"15,30800";"14,08710";"-0,69209"
"15,31800";"14,07199";"-0,69422"
"15,32800";"14,05688";"-0,69304"
"15,33800";"14,04200";"-0,69062"
"15,34800";"14,02724";"-0,68679"
"15,35800";"14,01225";"-0,67404"
"15,36800";"13,99726";"-0,66262"
"15,37800";"13,98226";"-0,65616"
"15,38800";"13,96739";"-0,65392"
"15,39800";"13,95228";"-0,65127"
"15,40800";"13,93717";"-0,65245"
"15,41800";"13,92217";"-0,64711"
"15,42800";"13,90730";"-0,64534"
"15,43800";"13,89231";"-0,63348"
"15,44800";"13,87708";"-0,63215"
"15,45800";"13,86196";"-0,63755"
"15,46800";"13,84709";"-0,64071"
"15,47800";"13,83210";"-0,63728"
"15,48800";"13,81710";"-0,63705"
"15,49800";"13,80211";"-0,63452"
"15,50800";"13,78724";"-0,62979"
"15,51800";"13,77224";"-0,63151"
"15,52800";"13,75701";"-0,64021"
"15,53800";"13,74190";"-0,64613"
"15,54800";"13,72679";"-0,64427"
"15,55800";"13,71180";"-0,63835"
"15,56800";"13,69681";"-0,64100"
"15,57800";"13,68181";"-0,64827"
"15,58800";"13,66694";"-0,65553"
"15,59800";"13,65218";"-0,65603"
"15,60800";"13,63707";"-0,64570"
"15,61800";"13,62184";"-0,64221"
"15,62800";"13,60685";"-0,63964"
"15,63800";"13,59197";"-0,63122"
"15,64800";"13,57698";"-0,63192"
"15,65800";"13,56187";"-0,63681"
"15,66800";"13,54688";"-0,63816"
"15,67800";"13,53200";"-0,63553"
"15,68800";"13,51701";"-0,62883"
"15,69800";"13,50190";"-0,62407"
"15,70800";"13,48690";"-0,63006"
"15,71800";"13,47191";"-0,63486"
"15,72800";"13,45715";"-0,63201"
"15,73800";"13,44204";"-0,63294"
"15,74800";"13,42705";"-0,63591"
"15,75800";"13,41206";"-0,63374"
"15,76800";"13,39706";"-0,62855"
"15,77800";"13,38195";"-0,62736"
"15,78800";"13,36684";"-0,62190"
"15,79800";"13,35185";"-0,61978"
"15,80800";"13,33709";"-0,61546"
"15,81800";"13,32210";"-0,61876"
"15,82800";"13,30699";"-0,62555"
"15,83800";"13,29199";"-0,62842"
"15,84800";"13,27712";"-0,62569"
"15,85800";"13,26189";"-0,63209"
"15,86800";"13,24678";"-0,63083"
"15,87800";"13,23178";"-0,62296"
"15,88800";"13,21691";"-0,61487"
"15,89800";"13,20203";"-0,60977"
"15,90800";"13,18692";"-0,61229"
"15,91800";"13,17193";"-0,61624"
"15,92800";"13,15706";"-0,61659"
"15,93800";"13,14194";"-0,61634"
"15,94800";"13,12671";"-0,61260"
"15,95800";"13,11172";"-0,61102"
"15,96800";"13,09697";"-0,60389"
"15,97800";"13,08209";"-0,60221"
"15,98800";"13,06698";"-0,60079"
"15,99800";"13,05199";"-0,60518"
"16,00800";"13,03699";"-0,60984"
"16,01800";"13,02200";"-0,61482"
"16,02800";"13,00677";"-0,62217"
"16,03800";"12,99178";"-0,62804"
"16,04800";"12,97690";"-0,62784"
"16,05800";"12,96203";"-0,61484"
"16,06800";"12,94715";"-0,60741"
"16,07800";"12,93204";"-0,60691"
"16,08800";"12,91705";"-0,60710"
"16,09800";"12,90205";"-0,60409"
"16,10800";"12,88706";"-0,60534"
"16,11800";"12,87207";"-0,60670"
"16,12800";"12,85719";"-0,61778"
"16,13800";"12,84232";"-0,62421"
"16,14800";"12,82721";"-0,62417"
"16,15800";"12,81198";"-0,62031"
"16,16800";"12,79699";"-0,61128"
"16,17800";"12,78199";"-0,61289"
"16,18800";"12,76700";"-0,61864"
"16,19800";"12,75189";"-0,61499"
"16,20800";"12,73690";"-0,61537"
"16,21800";"12,72214";"-0,61847"
"16,22800";"12,70715";"-0,61028"
"16,23800";"12,69192";"-0,60185"
"16,24800";"12,67681";"-0,60334"
"16,25800";"12,66181";"-0,60733"
"16,26800";"12,64682";"-0,60540"
"16,27800";"12,63171";"-0,60112"
"16,28800";"12,61683";"-0,61081"
"16,29800";"12,60184";"-0,61893"
"16,30800";"12,58697";"-0,62071"
"16,31800";"12,57185";"-0,61515"
"16,32800";"12,55686";"-0,61388"
"16,33800";"12,54187";"-0,61689"
"16,34800";"12,52688";"-0,61523"
"16,35800";"12,51188";"-0,60723"
"16,36800";"12,49689";"-0,60198"
"16,37800";"12,48190";"-0,60194"
"16,38800";"12,46702";"-0,59962"
"16,39800";"12,45191";"-0,60002"
"16,40800";"12,43692";"-0,59821"
"16,41800";"12,42180";"-0,59932"
"16,42800";"12,40693";"-0,60145"
"16,43800";"12,39206";"-0,60655"
"16,44800";"12,37706";"-0,61214"
"16,45800";"12,36195";"-0,61383"
"16,46800";"12,34708";"-0,60476"
"16,47800";"12,33208";"-0,59252"
"16,48800";"12,31697";"-0,58601"
"16,49800";"12,30186";"-0,59053"
"16,50800";"12,28675";"-0,59294"
"16,51800";"12,27188";"-0,59366"
"16,52800";"12,25688";"-0,58631"
"16,53800";"12,24201";"-0,57670"
"16,54800";"12,22701";"-0,57174"
"16,55800";"12,21202";"-0,56819"
"16,56800";"12,19691";"-0,56453"
"16,57800";"12,18180";"-0,56809"
"16,58800";"12,16681";"-0,57622"
"16,59800";"12,15181";"-0,57868"
"16,60800";"12,13694";"-0,57648"
"16,61800";"12,12194";"-0,56595"
"16,62800";"12,10695";"-0,55839"
"16,63800";"12,09208";"-0,56304"
"16,64800";"12,07720";"-0,56819"
"16,65800";"12,06209";"-0,56811"
"16,66800";"12,04710";"-0,56713"
"16,67800";"12,03234";"-0,56814"
"16,68800";"12,01735";"-0,56395"
"16,69800";"12,00224";"-0,55353"
"16,70800";"11,98713";"-0,54423"
"16,71800";"11,97201";"-0,54782"
"16,72800";"11,95702";"-0,55087"
"16,73800";"11,94191";"-0,55256"
"16,74800";"11,92692";"-0,54862"
"16,75800";"11,91192";"-0,54895"
"16,76800";"11,89705";"-0,54872"
"16,77800";"11,88194";"-0,55573"
"16,78800";"11,86683";"-0,56525"
"16,79800";"11,85183";"-0,57703"
"16,80800";"11,83684";"-0,57492"
"16,81800";"11,82185";"-0,56927"
"16,82800";"11,80674";"-0,56116"
"16,83800";"11,79186";"-0,55970"
"16,84800";"11,77699";"-0,55807"
"16,85800";"11,76211";"-0,54809"
"16,86800";"11,74700";"-0,54483"
"16,87800";"11,73189";"-0,55170"
"16,88800";"11,71701";"-0,56234"
"16,89800";"11,70202";"-0,56376"
"16,90800";"11,68691";"-0,55974"
"16,91800";"11,67192";"-0,56273"
"16,92800";"11,65693";"-0,56768"
"16,93800";"11,64193";"-0,57311"
"16,94800";"11,62694";"-0,56822"
"16,95800";"11,61195";"-0,56396"
"16,96800";"11,59695";"-0,56310"
"16,97800";"11,58196";"-0,56457"
"16,98800";"11,56697";"-0,56167"
"16,99800";"11,55185";"-0,56373"
"17,00800";"11,53698";"-0,56346"
"17,01800";"11,52199";"-0,56927"
"17,02800";"11,50699";"-0,57546"
"17,03800";"11,49188";"-0,58228"
"17,04800";"11,47689";"-0,57742"
"17,05800";"11,46190";"-0,56718"
"17,06800";"11,44702";"-0,55580"
"17,07800";"11,43203";"-0,55231"
"17,08800";"11,41715";"-0,56030"
"17,09800";"11,40216";"-0,56860"
"17,10800";"11,38705";"-0,56802"
"17,11800";"11,37206";"-0,56494"
"17,12800";"11,35683";"-0,56047"
"17,13800";"11,34183";"-0,56172"
"17,14800";"11,32696";"-0,56306"
"17,15800";"11,31185";"-0,56123"
"17,16800";"11,29685";"-0,55793"
"17,17800";"11,28198";"-0,55932"
"17,18800";"11,26699";"-0,56086"
"17,19800";"11,25199";"-0,55980"
"17,20800";"11,23700";"-0,55685"
"17,21800";"11,22201";"-0,55681"
"17,22800";"11,20713";"-0,56225"
"17,23800";"11,19202";"-0,56237"
"17,24800";"11,17703";"-0,56038"
"17,25800";"11,16192";"-0,56463"
"17,26800";"11,14716";"-0,56327"
"17,27800";"11,13217";"-0,55849"
"17,28800";"11,11706";"-0,56226"
"17,29800";"11,10194";"-0,56648"
"17,30800";"11,08719";"-0,56829"
"17,31800";"11,07208";"-0,57107"
"17,32800";"11,05696";"-0,57267"
"17,33800";"11,04197";"-0,56331"
"17,34800";"11,02698";"-0,55036"
"17,35800";"11,01187";"-0,53748"
"17,36800";"10,99688";"-0,53535"
"17,37800";"10,98188";"-0,53888"
"17,38800";"10,96701";"-0,54459"
"17,39800";"10,95213";"-0,54665"
"17,40800";"10,93702";"-0,54152"
"17,41800";"10,92191";"-0,54206"
"17,42800";"10,90692";"-0,54751"
"17,43800";"10,89192";"-0,54839"
"17,44800";"10,87681";"-0,54342"
"17,45800";"10,86182";"-0,53207"
"17,46800";"10,84694";"-0,53220"
"17,47800";"10,83195";"-0,53096"
"17,48800";"10,81696";"-0,53125"
"17,49800";"10,80173";"-0,54140"
"17,50800";"10,78686";"-0,54218"
"17,51800";"10,77186";"-0,53437"
"17,52800";"10,75687";"-0,53053"
"17,53800";"10,74188";"-0,53332"
"17,54800";"10,72700";"-0,53981"
"17,55800";"10,71213";"-0,54435"
"17,56800";"10,69713";"-0,54016"
"17,57800";"10,68214";"-0,52651"
"17,58800";"10,66715";"-0,52462"
"17,59800";"10,65215";"-0,52111"
"17,60800";"10,63716";"-0,52109"
"17,61800";"10,62217";"-0,52094"
"17,62800";"10,60717";"-0,51298"
"17,63800";"10,59230";"-0,50881"
"17,64800";"10,57742";"-0,51541"
"17,65800";"10,56231";"-0,51959"
"17,66800";"10,54732";"-0,52337"
"17,67800";"10,53221";"-0,52794"
"17,68800";"10,51733";"-0,52102"
"17,69800";"10,50246";"-0,51450"
"17,70800";"10,48735";"-0,50767"
"17,71800";"10,47235";"-0,50229"
"17,72800";"10,45748";"-0,50049"
"17,73800";"10,44237";"-0,49324"
"17,74800";"10,42726";"-0,48827"
"17,75800";"10,41215";"-0,48490"
"17,76800";"10,39715";"-0,48274"
"17,77800";"10,38216";"-0,48867"
"17,78800";"10,36705";"-0,49359"
"17,79800";"10,35206";"-0,48956"
"17,80800";"10,33706";"-0,48782"
"17,81800";"10,32207";"-0,48408"
"17,82800";"10,30696";"-0,47948"
"17,83800";"10,29197";"-0,47067"
"17,84800";"10,27697";"-0,46255"
"17,85800";"10,26198";"-0,45999"
"17,86800";"10,24699";"-0,46068"
"17,87800";"10,23199";"-0,46774"
"17,88800";"10,21712";"-0,46777"
"17,89800";"10,20236";"-0,46731"
"17,90800";"10,18713";"-0,47126"
"17,91800";"10,17202";"-0,47820"
"17,92800";"10,15703";"-0,48484"
"17,93800";"10,14192";"-0,48141"
"17,94800";"10,12681";"-0,48655"
"17,95800";"10,11169";"-0,48956"
"17,96800";"10,09670";"-0,48319"
"17,97800";"10,08171";"-0,47547"
"17,98800";"10,06671";"-0,47329"
"17,99800";"10,05160";"-0,47502"
"18,00800";"10,03673";"-0,47439"
"18,01800";"10,02185";"-0,47591"
"18,02800";"10,00686";"-0,48444"
"18,03800";"9,99187";"-0,49527"
"18,04800";"9,97688";"-0,49940"
"18,05800";"9,96200";"-0,49406"
"18,06800";"9,94701";"-0,48413"
"18,07800";"9,93190";"-0,48146"
"18,08800";"9,91690";"-0,48251"
"18,09800";"9,90203";"-0,48204"
"18,10800";"9,88703";"-0,47534"
"18,11800";"9,87192";"-0,46500"
"18,12800";"9,85681";"-0,45522"
"18,13800";"9,84194";"-0,45030"
"18,14800";"9,82695";"-0,45661"
"18,15800";"9,81183";"-0,46814"
"18,16800";"9,79684";"-0,48201"
"18,17800";"9,78197";"-0,48310"
"18,18800";"9,76709";"-0,47573"
"18,19800";"9,75210";"-0,46959"
"18,20800";"9,73699";"-0,46515"
"18,21800";"9,72211";"-0,46382"
"18,22800";"9,70712";"-0,45788"
"18,23800";"9,69213";"-0,46945"
"18,24800";"9,67701";"-0,47740"
"18,25800";"9,66202";"-0,48269"
"18,26800";"9,64715";"-0,48498"
"18,27800";"9,63215";"-0,49018"
"18,28800";"9,61704";"-0,49260"
"18,29800";"9,60205";"-0,49037"
"18,30800";"9,58717";"-0,48309"
"18,31800";"9,57218";"-0,47081"
"18,32800";"9,55719";"-0,46046"
"18,33800";"9,54220";"-0,45931"
"18,34800";"9,52732";"-0,45762"
"18,35800";"9,51221";"-0,45799"
"18,36800";"9,49710";"-0,45843"
"18,37800";"9,48199";"-0,46857"
"18,38800";"9,46699";"-0,46958"
"18,39800";"9,45200";"-0,46701"
"18,40800";"9,43689";"-0,46242"
"18,41800";"9,42201";"-0,45679"
"18,42800";"9,40714";"-0,45345"
"18,43800";"9,39215";"-0,45520"
"18,44800";"9,37692";"-0,45848"
"18,45800";"9,36192";"-0,46195"
"18,46800";"9,34693";"-0,47629"
"18,47800";"9,33206";"-0,48147"
"18,48800";"9,31706";"-0,47770"
"18,49800";"9,30207";"-0,47659"
"18,50800";"9,28708";"-0,47581"
"18,51800";"9,27220";"-0,47583"
"18,52800";"9,25721";"-0,47495"
"18,53800";"9,24198";"-0,46884"
"18,54800";"9,22699";"-0,46431"
"18,55800";"9,21211";"-0,45818"
"18,56800";"9,19700";"-0,45581"
"18,57800";"9,18189";"-0,45779"
"18,58800";"9,16690";"-0,46373"
"18,59800";"9,15202";"-0,46930"
"18,60800";"9,13703";"-0,47092"
"18,61800";"9,12192";"-0,47249"
"18,62800";"9,10692";"-0,47622"
"18,63800";"9,09205";"-0,46977"
"18,64800";"9,07729";"-0,46245"
"18,65800";"9,06206";"-0,45385"
"18,66800";"9,04695";"-0,45042"
"18,67800";"9,03208";"-0,44819"
"18,68800";"9,01708";"-0,44031"
"18,69800";"9,00185";"-0,43705"
"18,70800";"8,98674";"-0,44122"
"18,71800";"8,97175";"-0,44639"
"18,72800";"8,95688";"-0,45230"
"18,73800";"8,94188";"-0,45626"
"18,74800";"8,92677";"-0,46048"
"18,75800";"8,91178";"-0,45894"
"18,76800";"8,89690";"-0,45347"
"18,77800";"8,88179";"-0,44595"
"18,78800";"8,86680";"-0,45063"
"18,79800";"8,85192";"-0,45600"
"18,80800";"8,83717";"-0,45285"
"18,81800";"8,82217";"-0,45112"
"18,82800";"8,80706";"-0,44890"
"18,83800";"8,79195";"-0,44648"
"18,84800";"8,77708";"-0,43946"
"18,85800";"8,76197";"-0,42942"
"18,86800";"8,74697";"-0,43044"
"18,87800";"8,73210";"-0,43292"
"18,88800";"8,71722";"-0,43564"
"18,89800";"8,70235";"-0,43534"
"18,90800";"8,68724";"-0,43600"
"18,91800";"8,67213";"-0,44328"
"18,92800";"8,65725";"-0,44850"
"18,93800";"8,64214";"-0,44416"
"18,94800";"8,62703";"-0,43550"
"18,95800";"8,61203";"-0,43848"
"18,96800";"8,59716";"-0,44121"
"18,97800";"8,58228";"-0,44172"
"18,98800";"8,56717";"-0,43755"
"18,99800";"8,55206";"-0,43634"
"19,00800";"8,53695";"-0,43335"
"19,01800";"8,52196";"-0,43458"
"19,02800";"8,50673";"-0,43269"
"19,03800";"8,49174";"-0,42702"
"19,04800";"8,47686";"-0,42228"
"19,05800";"8,46199";"-0,42021"
"19,06800";"8,44687";"-0,41509"
"19,07800";"8,43176";"-0,41316"
"19,08800";"8,41677";"-0,41352"
"19,09800";"8,40178";"-0,41234"
"19,10800";"8,38690";"-0,40389"
"19,11800";"8,37179";"-0,40049"
"19,12800";"8,35680";"-0,40443"
"19,13800";"8,34192";"-0,40844"
"19,14800";"8,32693";"-0,40963"
"19,15800";"8,31182";"-0,40976"
"19,16800";"8,29671";"-0,40426"
"19,17800";"8,28183";"-0,40054"
"19,18800";"8,26684";"-0,39892"
"19,19800";"8,25185";"-0,40305"
"19,20800";"8,23685";"-0,40638"
"19,21800";"8,22198";"-0,40430"
"19,22800";"8,20699";"-0,39424"
"19,23800";"8,19188";"-0,38675"
"19,24800";"8,17676";"-0,39284"
"19,25800";"8,16189";"-0,39468"
"19,26800";"8,14701";"-0,38563"
"19,27800";"8,13202";"-0,37896"
"19,28800";"8,11703";"-0,37151"
"19,29800";"8,10204";"-0,36649"
"19,30800";"8,08704";"-0,36219"
"19,31800";"8,07193";"-0,36239"
"19,32800";"8,05682";"-0,36403"
"19,33800";"8,04183";"-0,37009"
"19,34800";"8,02707";"-0,36787"
"19,35800";"8,01208";"-0,36249"
"19,36800";"7,99708";"-0,36006"
"19,37800";"7,98209";"-0,35021"
"19,38800";"7,96710";"-0,33858"
"19,39800";"7,95210";"-0,33656"
"19,40800";"7,93699";"-0,34494"
"19,41800";"7,92200";"-0,34738"
"19,42800";"7,90712";"-0,34643"
"19,43800";"7,89225";"-0,34626"
"19,44800";"7,87714";"-0,33808"
"19,45800";"7,86203";"-0,33289"
"19,46800";"7,84704";"-0,33083"
"19,47800";"7,83204";"-0,32570"
"19,48800";"7,81693";"-0,32843"
"19,49800";"7,80194";"-0,32484"
"19,50800";"7,78694";"-0,32613"
"19,51800";"7,77207";"-0,32674"
"19,52800";"7,75719";"-0,32269"
"19,53800";"7,74208";"-0,31580"
"19,54800";"7,72709";"-0,31157"
"19,55800";"7,71210";"-0,31441"
"19,56800";"7,69699";"-0,31367"
"19,57800";"7,68199";"-0,31512"
"19,58800";"7,66700";"-0,31546"
"19,59800";"7,65212";"-0,31539"
"19,60800";"7,63725";"-0,31293"
"19,61800";"7,62214";"-0,30862"
"19,62800";"7,60703";"-0,31231"
"19,63800";"7,59203";"-0,31179"
"19,64800";"7,57692";"-0,30655"
"19,65800";"7,56181";"-0,30671"
"19,66800";"7,54682";"-0,30899"
"19,67800";"7,53194";"-0,31091"
"19,68800";"7,51695";"-0,31145"
"19,69800";"7,50184";"-0,30466"
"19,70800";"7,48685";"-0,29740"
"19,71800";"7,47185";"-0,28572"
"19,72800";"7,45686";"-0,27987"
"19,73800";"7,44187";"-0,28417"
"19,74800";"7,42687";"-0,28565"
"19,75800";"7,41188";"-0,28227"
"19,76800";"7,39701";"-0,28038"
"19,77800";"7,38190";"-0,27769"
"19,78800";"7,36679";"-0,27270"
"19,79800";"7,35191";"-0,27590"
"19,80800";"7,33680";"-0,28044"
"19,81800";"7,32181";"-0,28008"
"19,82800";"7,30681";"-0,27572"
"19,83800";"7,29194";"-0,27439"
"19,84800";"7,27706";"-0,27530"
"19,85800";"7,26207";"-0,27907"
"19,86800";"7,24696";"-0,28217"
"19,87800";"7,23185";"-0,28077"
"19,88800";"7,21685";"-0,27689"
"19,89800";"7,20198";"-0,27528"
"19,90800";"7,18699";"-0,27141"
"19,91800";"7,17199";"-0,27387"
"19,92800";"7,15712";"-0,27536"
"19,93800";"7,14212";"-0,27635"
"19,94800";"7,12701";"-0,27607"
"19,95800";"7,11190";"-0,27738"
"19,96800";"7,09691";"-0,27947"
"19,97800";"7,08192";"-0,27718"
"19,98800";"7,06692";"-0,27644"
"19,99800";"7,05193";"-0,27386"
"20,00800";"7,03694";"-0,27389"
"20,01800";"7,02194";"-0,27311"
"20,02800";"7,00695";"-0,27307"
"20,03800";"6,99184";"-0,27147"
"20,04800";"6,97697";"-0,26144"
"20,05800";"6,96209";"-0,25799"
"20,06800";"6,94710";"-0,25497"
"20,07800";"6,93210";"-0,25833"
"20,08800";"6,91723";"-0,26226"
"20,09800";"6,90235";"-0,26270"
"20,10800";"6,88724";"-0,26538"
"20,11800";"6,87201";"-0,26337"
"20,12800";"6,85702";"-0,26350"
"20,13800";"6,84203";"-0,25905"
"20,14800";"6,82703";"-0,25457"
"20,15800";"6,81204";"-0,25317"
"20,16800";"6,79705";"-0,25721"
"20,17800";"6,78206";"-0,25668"
"20,18800";"6,76694";"-0,26130"
"20,19800";"6,75183";"-0,26251"
"20,20800";"6,73684";"-0,26311"
"20,21800";"6,72197";"-0,25618"
"20,22800";"6,70709";"-0,25449"
"20,23800";"6,69210";"-0,24949"
"20,24800";"6,67699";"-0,24471"
"20,25800";"6,66199";"-0,24152"
"20,26800";"6,64700";"-0,24220"
"20,27800";"6,63201";"-0,24711"
"20,28800";"6,61713";"-0,25674"
"20,29800";"6,60226";"-0,26603"
"20,30800";"6,58726";"-0,26438"
"20,31800";"6,57215";"-0,26000"
"20,32800";"6,55692";"-0,25277"
"20,33800";"6,54193";"-0,24968"
"20,34800";"6,52682";"-0,24532"
"20,35800";"6,51171";"-0,23878"
"20,36800";"6,49672";"-0,23219"
"20,37800";"6,48172";"-0,22449"
"20,38800";"6,46685";"-0,20746"
"20,39800";"6,45197";"-0,18413"
"20,40800";"6,43710";"-0,17055"
"20,41800";"6,42210";"-0,16356"
"20,42800";"6,40711";"-0,16812"
"20,43800";"6,39212";"-0,17012"
"20,44800";"6,37712";"-0,16637"
"20,45800";"6,36213";"-0,16940"
"20,46800";"6,34714";"-0,16585"
"20,47800";"6,33215";"-0,16385"
"20,48800";"6,31703";"-0,16750"
"20,49800";"6,30204";"-0,17491"
"20,50800";"6,28693";"-0,17712"
"20,51800";"6,27194";"-0,16183"
"20,52800";"6,25694";"-0,15294"
"20,53800";"6,24195";"-0,15455"
"20,54800";"6,22696";"-0,16236"
"20,55800";"6,21220";"-0,16681"
"20,56800";"6,19721";"-0,16784"
"20,57800";"6,18210";"-0,16952"
"20,58800";"6,16699";"-0,16581"
"20,59800";"6,15176";"-0,16163"
"20,60800";"6,13676";"-0,16335"
"20,61800";"6,12177";"-0,15939"
"20,62800";"6,10678";"-0,15600"
"20,63800";"6,09190";"-0,15316"
"20,64800";"6,07703";"-0,15241"
"20,65800";"6,06192";"-0,15244"
"20,66800";"6,04681";"-0,16026"
"20,67800";"6,03205";"-0,16814"
"20,68800";"6,01717";"-0,16434"
"20,69800";"6,00206";"-0,16723"
"20,70800";"5,98707";"-0,16093"
"20,71800";"5,97196";"-0,15980"
"20,72800";"5,95708";"-0,15902"
"20,73800";"5,94197";"-0,16004"
"20,74800";"5,92686";"-0,15897"
"20,75800";"5,91199";"-0,16503"
"20,76800";"5,89723";"-0,16994"
"20,77800";"5,88224";"-0,16397"
"20,78800";"5,86713";"-0,16330"
"20,79800";"5,85201";"-0,16260"
"20,80800";"5,83702";"-0,16203"
"20,81800";"5,82203";"-0,16570"
"20,82800";"5,80680";"-0,15839"
"20,83800";"5,79192";"-0,14982"
"20,84800";"5,77717";"-0,14991"
"20,85800";"5,76217";"-0,15560"
"20,86800";"5,74718";"-0,15596"
"20,87800";"5,73219";"-0,15631"
"20,88800";"5,71719";"-0,15441"
"20,89800";"5,70220";"-0,15239"
"20,90800";"5,68709";"-0,15269"
"20,91800";"5,67186";"-0,16084"
"20,92800";"5,65687";"-0,16356"
"20,93800";"5,64199";"-0,16013"
"20,94800";"5,62688";"-0,15629"
"20,95800";"5,61177";"-0,14831"
"20,96800";"5,59690";"-0,14854"
"20,97800";"5,58190";"-0,15202"
"20,98800";"5,56679";"-0,14652"
"20,99800";"5,55180";"-0,14210"
"21,00800";"5,53704";"-0,14702"
"21,01800";"5,52217";"-0,14931"
"21,02800";"5,50717";"-0,15466"
"21,03800";"5,49206";"-0,15778"
"21,04800";"5,47707";"-0,15796"
"21,05800";"5,46208";"-0,15905"
"21,06800";"5,44697";"-0,15397"
"21,07800";"5,43197";"-0,14101"
"21,08800";"5,41698";"-0,14085"
"21,09800";"5,40210";"-0,14572"
"21,10800";"5,38711";"-0,14651"
"21,11800";"5,37200";"-0,14730"
"21,12800";"5,35701";"-0,15212"
"21,13800";"5,34201";"-0,15508"
"21,14800";"5,32714";"-0,15155"
"21,15800";"5,31215";"-0,14860"
"21,16800";"5,29715";"-0,14153"
"21,17800";"5,28228";"-0,13613"
"21,18800";"5,26717";"-0,13542"
"21,19800";"5,25206";"-0,13457"
"21,20800";"5,23706";"-0,13723"
"21,21800";"5,22195";"-0,14648"
"21,22800";"5,20696";"-0,14757"
"21,23800";"5,19197";"-0,14538"
"21,24800";"5,17697";"-0,14433"
"21,25800";"5,16210";"-0,14190"
"21,26800";"5,14722";"-0,13386"
"21,27800";"5,13211";"-0,12826"
"21,28800";"5,11700";"-0,12838"
"21,29800";"5,10189";"-0,12853"
"21,30800";"5,08701";"-0,12658"
"21,31800";"5,07202";"-0,12192"
"21,32800";"5,05703";"-0,12598"
"21,33800";"5,04204";"-0,13017"
"21,34800";"5,02716";"-0,13389"
"21,35800";"5,01217";"-0,13650"
"21,36800";"4,99694";"-0,13985"
"21,37800";"4,98183";"-0,13925"
"21,38800";"4,96683";"-0,13569"
"21,39800";"4,95196";"-0,13766"
"21,40800";"4,93685";"-0,13052"
"21,41800";"4,92185";"-0,12766"
"21,42800";"4,90698";"-0,12600"
"21,43800";"4,89199";"-0,12288"
"21,44800";"4,87688";"-0,11903"
"21,45800";"4,86176";"-0,11263"
"21,46800";"4,84677";"-0,12020"
"21,47800";"4,83201";"-0,13057"
"21,48800";"4,81702";"-0,13422"
"21,49800";"4,80203";"-0,13307"
"21,50800";"4,78703";"-0,13187"
"21,51800";"4,77216";"-0,12586"
"21,52800";"4,75705";"-0,11340"
"21,53800";"4,74182";"-0,10753"
"21,54800";"4,72683";"-0,10223"
"21,55800";"4,71207";"-0,10283"
"21,56800";"4,69719";"-0,10723"
"21,57800";"4,68208";"-0,11324"
"21,58800";"4,66709";"-0,11269"
"21,59800";"4,65222";"-0,12045"
"21,60800";"4,63722";"-0,12941"
"21,61800";"4,62211";"-0,13632"
"21,62800";"4,60688";"-0,14134"
"21,63800";"4,59201";"-0,13039"
"21,64800";"4,57713";"-0,11752"
"21,65800";"4,56214";"-0,10561"
"21,66800";"4,54703";"-0,10035"
"21,67800";"4,53227";"-0,09849"
"21,68800";"4,51740";"-0,09051"
"21,69800";"4,50228";"-0,08284"
"21,70800";"4,48717";"-0,08188"
"21,71800";"4,47230";"-0,08333"
"21,72800";"4,45754";"-0,08481"
"21,73800";"4,44243";"-0,08833"
"21,74800";"4,42720";"-0,09481"
"21,75800";"4,41221";"-0,10253"
"21,76800";"4,39710";"-0,09840"
"21,77800";"4,38210";"-0,09208"
"21,78800";"4,36699";"-0,09210"
"21,79800";"4,35200";"-0,08795"
"21,80800";"4,33712";"-0,08575"
"21,81800";"4,32225";"-0,08192"
"21,82800";"4,30702";"-0,08053"
"21,83800";"4,29203";"-0,08501"
"21,84800";"4,27727";"-0,09145"
"21,85800";"4,26228";"-0,08978"
"21,86800";"4,24717";"-0,09083"
"21,87800";"4,23217";"-0,09663"
"21,88800";"4,21730";"-0,09593"
"21,89800";"4,20242";"-0,09070"
"21,90800";"4,18719";"-0,09112"
"21,91800";"4,17208";"-0,09298"
"21,92800";"4,15709";"-0,09967"
"21,93800";"4,14222";"-0,10590"
"21,94800";"4,12710";"-0,10090"
"21,95800";"4,11199";"-0,09657"
"21,96800";"4,09712";"-0,09569"
"21,97800";"4,08213";"-0,09275"
"21,98800";"4,06713";"-0,08888"
"21,99800";"4,05202";"-0,08711"
"22,00800";"4,03691";"-0,08071"
"22,01800";"4,02203";"-0,07046"
"22,02800";"4,00704";"-0,06640"
"22,03800";"3,99193";"-0,07595"
"22,04800";"3,97682";"-0,09409"
"22,05800";"3,96194";"-0,10043"
"22,06800";"3,94683";"-0,09436"
"22,07800";"3,93160";"-0,08494"
"22,08800";"3,91661";"-0,07791"
"22,09800";"3,90174";"-0,07901"
"22,10800";"3,88698";"-0,08080"
"22,11800";"3,87175";"-0,08224"
"22,12800";"3,85664";"-0,08708"
"22,13800";"3,84176";"-0,08535"
"22,14800";"3,82665";"-0,08152"
"22,15800";"3,81154";"-0,07770"
"22,16800";"3,79655";"-0,07706"
"22,17800";"3,78179";"-0,07759"
"22,18800";"3,76692";"-0,07730"
"22,19800";"3,75181";"-0,07512"
"22,20800";"3,73681";"-0,08805"
"22,21800";"3,72182";"-0,09451"
"22,22800";"3,70694";"-0,09410"
"22,23800";"3,69172";"-0,08520"
"22,24800";"3,67660";"-0,07573"
"22,25800";"3,66173";"-0,07568"
"22,26800";"3,64697";"-0,07426"
"22,27800";"3,63198";"-0,07311"
"22,28800";"3,61687";"-0,07516"
"22,29800";"3,60187";"-0,07840"
"22,30800";"3,58700";"-0,08482"
"22,31800";"3,57201";"-0,09012"
"22,32800";"3,55690";"-0,08760"
"22,33800";"3,54190";"-0,08845"
"22,34800";"3,52715";"-0,08865"
"22,35800";"3,51215";"-0,08892"
"22,36800";"3,49692";"-0,08970"
"22,37800";"3,48193";"-0,09017"
"22,38800";"3,46694";"-0,09143"
"22,39800";"3,45194";"-0,09149"
"22,40800";"3,43695";"-0,08424"
"22,41800";"3,42208";"-0,07869"
"22,42800";"3,40732";"-0,07650"
"22,43800";"3,39233";"-0,07252"
"22,44800";"3,37722";"-0,07295"
"22,45800";"3,36210";"-0,07775"
"22,46800";"3,34711";"-0,08267"
"22,47800";"3,33200";"-0,08558"
"22,48800";"3,31689";"-0,09323"
"22,49800";"3,30178";"-0,09893"
"22,50800";"3,28702";"-0,09164"
"22,51800";"3,27215";"-0,08602"
"22,52800";"3,25703";"-0,07821"
"22,53800";"3,24204";"-0,07318"
"22,54800";"3,22705";"-0,08184"
"22,55800";"3,21206";"-0,08548"
"22,56800";"3,19706";"-0,08461"
"22,57800";"3,18195";"-0,08409"
"22,58800";"3,16696";"-0,08457"
"22,59800";"3,15208";"-0,08397"
"22,60800";"3,13697";"-0,07514"
"22,61800";"3,12186";"-0,07076"
"22,62800";"3,10687";"-0,06439"
"22,63800";"3,09199";"-0,06074"
"22,64800";"3,07700";"-0,05340"
"22,65800";"3,06189";"-0,05332"
"22,66800";"3,04690";"-0,05160"
"22,67800";"3,03202";"-0,04598"
"22,68800";"3,01703";"-0,05054"
"22,69800";"3,00192";"-0,05673"
"22,70800";"2,98681";"-0,06393"
"22,71800";"2,97193";"-0,07216"
"22,72800";"2,95706";"-0,07782"
"22,73800";"2,94206";"-0,06672"
"22,74800";"2,92707";"-0,05610"
"22,75800";"2,91219";"-0,04615"
"22,76800";"2,89720";"-0,04283"
"22,77800";"2,88209";"-0,03679"
"22,78800";"2,86698";"-0,03859"
"22,79800";"2,85187";"-0,04100"
"22,80800";"2,83699";"-0,04129"
"22,81800";"2,82200";"-0,04437"
"22,82800";"2,80701";"-0,04601"
"22,83800";"2,79201";"-0,04847"
"22,84800";"2,77702";"-0,05059"
"22,85800";"2,76203";"-0,05448"
"22,86800";"2,74692";"-0,05076"
"22,87800";"2,73181";"-0,05077"
"22,88800";"2,71705";"-0,04711"
"22,89800";"2,70206";"-0,04810"
"22,90800";"2,68694";"-0,04269"
"22,91800";"2,67195";"-0,04496"
"22,92800";"2,65696";"-0,04988"
"22,93800";"2,64185";"-0,05186"
"22,94800";"2,62674";"-0,04774"
"22,95800";"2,61162";"-0,04347"
"22,96800";"2,59675";"-0,04251"
"22,97800";"2,58199";"-0,04116"
"22,98800";"2,56688";"-0,04096"
"22,99800";"2,55189";"-0,03591"
"23,00800";"2,53690";"-0,03218"
"23,01800";"2,52190";"-0,04219"
"23,02800";"2,50679";"-0,04721"
"23,03800";"2,49180";"-0,05150"
"23,04800";"2,47704";"-0,05365"
"23,05800";"2,46217";"-0,05655"
"23,06800";"2,44717";"-0,04768"
"23,07800";"2,43206";"-0,04429"
"23,08800";"2,41695";"-0,04785"
"23,09800";"2,40184";"-0,04860"
"23,10800";"2,38685";"-0,05077"
"23,11800";"2,37162";"-0,05965"
"23,12800";"2,35674";"-0,06306"
"23,13800";"2,34199";"-0,06255"
"23,14800";"2,32699";"-0,05148"
"23,15800";"2,31200";"-0,04352"
"23,16800";"2,29689";"-0,04147"
"23,17800";"2,28201";"-0,04034"
"23,18800";"2,26702";"-0,03750"
"23,19800";"2,25203";"-0,03503"
"23,20800";"2,23703";"-0,03416"
"23,21800";"2,22216";"-0,03588"
"23,22800";"2,20717";"-0,03911"
"23,23800";"2,19206";"-0,03801"
"23,24800";"2,17706";"-0,04423"
"23,25800";"2,16207";"-0,04809"
"23,26800";"2,14696";"-0,04841"
"23,27800";"2,13197";"-0,04629"
"23,28800";"2,11697";"-0,04209"
"23,29800";"2,10198";"-0,03466"
"23,30800";"2,08699";"-0,03569"
"23,31800";"2,07188";"-0,04050"
"23,32800";"2,05676";"-0,04509"
"23,33800";"2,04177";"-0,04617"
"23,34800";"2,02678";"-0,04518"
"23,35800";"2,01190";"-0,03728"
"23,36800";"1,99691";"-0,03544"
"23,37800";"1,98203";"-0,03675"
"23,38800";"1,96704";"-0,03858"
"23,39800";"1,95205";"-0,03704"
"23,40800";"1,93706";"-0,03608"
"23,41800";"1,92194";"-0,03232"
"23,42800";"1,90695";"-0,02831"
"23,43800";"1,89196";"-0,02638"
"23,44800";"1,87697";"-0,02925"
"23,45800";"1,86197";"-0,03595"
"23,46800";"1,84698";"-0,04394"
"23,47800";"1,83199";"-0,04256"
"23,48800";"1,81688";"-0,04290"
"23,49800";"1,80176";"-0,04220"
"23,50800";"1,78677";"-0,04387"
"23,51800";"1,77190";"-0,04328"
"23,52800";"1,75702";"-0,04119"
"23,53800";"1,74203";"-0,02977"
"23,54800";"1,72703";"-0,02326"
"23,55800";"1,71204";"-0,02506"
"23,56800";"1,69705";"-0,02364"
"23,57800";"1,68194";"-0,01764"
"23,58800";"1,66683";"-0,01656"
"23,59800";"1,65195";"-0,02181"
"23,60800";"1,63696";"-0,02624"
"23,61800";"1,62208";"-0,02697"
"23,62800";"1,60709";"-0,02068"
"23,63800";"1,59210";"-0,02591"
"23,64800";"1,57710";"-0,03495"
"23,65800";"1,56199";"-0,03583"
"23,66800";"1,54700";"-0,03420"
"23,67800";"1,53201";"-0,03939"
"23,68800";"1,51701";"-0,04528"
"23,69800";"1,50202";"-0,04511"
"23,70800";"1,48691";"-0,03797"
"23,71800";"1,47192";"-0,03387"
"23,72800";"1,45692";"-0,03033"
"23,73800";"1,44193";"-0,02526"
"23,74800";"1,42682";"-0,02728"
"23,75800";"1,41194";"-0,03125"
"23,76800";"1,39707";"-0,02773"
"23,77800";"1,38208";"-0,02157"
"23,78800";"1,36697";"-0,02064"
"23,79800";"1,35185";"-0,02067"
"23,80800";"1,33686";"-0,03002"
"23,81800";"1,32187";"-0,03660"
"23,82800";"1,30687";"-0,03349"
"23,83800";"1,29188";"-0,03331"
"23,84800";"1,27701";"-0,02915"
"23,85800";"1,26213";"-0,02781"
"23,86800";"1,24702";"-0,02819"
"23,87800";"1,23203";"-0,02694"
"23,88800";"1,21715";"-0,02464"
"23,89800";"1,20216";"-0,02280"
"23,90800";"1,18705";"-0,01738"
"23,91800";"1,17206";"-0,02005"
"23,92800";"1,15718";"-0,02558"
"23,93800";"1,14219";"-0,03161"
"23,94800";"1,12708";"-0,03301"
"23,95800";"1,11197";"-0,03476"
"23,96800";"1,09697";"-0,03918"
"23,97800";"1,08210";"-0,03977"
"23,98800";"1,06710";"-0,03892"
"23,99800";"1,05211";"-0,03608"
"24,00800";"1,03700";"-0,02855"
"24,01800";"1,02201";"-0,02885"
"24,02800";"1,00701";"-0,03307"
"24,03800";"0,99190";"-0,03452"
"24,04800";"0,97691";"-0,03459"
"24,05800";"0,96192";"-0,03488"
"24,06800";"0,94692";"-0,03586"
"24,07800";"0,93193";"-0,03122"
"24,08800";"0,91694";"-0,03064"
"24,09800";"0,90194";"-0,03885"
"24,10800";"0,88695";"-0,04585"
"24,11800";"0,87196";"-0,04977"
"24,12800";"0,85685";"-0,04235"
"24,13800";"0,84185";"-0,03112"
"24,14800";"0,82698";"-0,02793"
"24,15800";"0,81199";"-0,02405"
"24,16800";"0,79699";"-0,02216"
"24,17800";"0,78212";"-0,01686"
"24,18800";"0,76724";"-0,02236"
"24,19800";"0,75225";"-0,02811"
"24,20800";"0,73714";"-0,02760"
"24,21800";"0,72215";"-0,02660"
"24,22800";"0,70727";"-0,01913"
"24,23800";"0,69216";"-0,01537"
"24,24800";"0,67705";"-0,01865"
"24,25800";"0,66206";"-0,02226"
"24,26800";"0,64706";"-0,02177"
"24,27800";"0,63207";"-0,01678"
"24,28800";"0,61696";"-0,01588"
"24,29800";"0,60185";"-0,02279"
"24,30800";"0,58697";"-0,02226"
"24,31800";"0,57198";"-0,02253"
"24,32800";"0,55687";"-0,02209"
"24,33800";"0,54188";"-0,03083"
"24,34800";"0,52688";"-0,03680"
"24,35800";"0,51189";"-0,03705"
"24,36800";"0,49678";"-0,03674"
"24,37800";"0,48178";"-0,04112"
"24,38800";"0,46691";"-0,03922"
"24,39800";"0,45203";"-0,03125"
"24,40800";"0,43704";"-0,03206"
"24,41800";"0,42193";"-0,03949"
"24,42800";"0,40694";"-0,03947"
"24,43800";"0,39194";"-0,02860"
"24,44800";"0,37683";"-0,01535"
"24,45800";"0,36172";"-0,00489"
"24,46800";"0,34685";"-0,00708"
"24,47800";"0,33197";"-0,00907"
"24,48800";"0,31698";"-0,01506"
"24,49800";"0,30187";"-0,02239"
"24,50800";"0,28699";"-0,03215"
"24,51800";"0,27212";"-0,03677"
"24,52800";"0,25701";"-0,03761"
"24,53800";"0,24190";"-0,02649"
"24,54800";"0,22690";"-0,02277"
"24,55800";"0,21203";"-0,02296"
"24,56800";"0,19703";"-0,02622"
"24,57800";"0,18192";"-0,03060"
"24,58800";"0,16681";"-0,03616"
"24,59800";"0,15194";"-0,03500"
"24,60800";"0,13694";"-0,02889"
"24,61800";"0,12195";"-0,02633"
"24,62800";"0,10708";"-0,02492"
"24,63800";"0,09232";"-0,02102"
"24,64800";"0,07744";"-0,01651"
"24,65800";"0,06233";"-0,01717"
"24,66800";"0,04722";"-0,02247"
"24,67800";"0,03223";"-0,02946"
"24,68800";"0,01724";"-0,03678"
"24,69800";"0,00213";"-0,03764"
"24,70000";"-0,00094";"-0,03750"
"24,70200";"-0,00390";"-0,03733"
"24,71200";"-0,01688";"-0,03319"
"24,72000";"-0,02302";"-0,01884"
"24,73000";"-0,02444";"0,00461"
"24,74000";"-0,02007";"0,02096"
"24,75000";"-0,00956";"0,02989"
"24,76000";"0,00685";"0,03520"
"24,77000";"0,02680";"0,03531"
"24,78000";"0,04840";"0,03087"
"24,79000";"0,07048";"0,01725"
"24,80000";"0,09220";"-0,00540"
"24,81000";"0,11298";"-0,01803"
"24,82000";"0,13293";"-0,02733"
"24,83000";"0,15206";"-0,03063"
"24,84000";"0,17035";"-0,03005"
"24,85000";"0,18794";"-0,02719"
"24,86000";"0,20506";"-0,03301"
"24,87000";"0,22183";"-0,04188"
"24,88000";"0,23812";"-0,04162"
"24,89000";"0,25406";"-0,03848"
"24,90000";"0,26988";"-0,03026"
"24,91000";"0,28534";"-0,02631"
"24,92000";"0,30092";"-0,02380"
"24,93000";"0,31639";"-0,02668"
"24,94000";"0,33174";"-0,02609"
"24,95000";"0,34708";"-0,02128"
"24,96000";"0,36219";"-0,02154"
"24,97000";"0,37731";"-0,02275"
"24,98000";"0,39230";"-0,02790"
"24,99000";"0,40741";"-0,02974"
"25,00000";"0,42252";"-0,02043"
"25,01000";"0,43775";"-0,01662"
"25,02000";"0,45286";"-0,02191"
"25,03000";"0,46797";"-0,02862"
"25,04000";"0,48297";"-0,02536"
"25,05000";"0,49796";"-0,02948"
"25,06000";"0,51283";"-0,03324"
"25,07000";"0,52783";"-0,03359"
"25,08000";"0,54282";"-0,03335"
"25,09000";"0,55793";"-0,03658"
"25,10000";"0,57292";"-0,03505"
"25,11000";"0,58792";"-0,03043"
"25,12000";"0,60291";"-0,03240"
"25,13000";"0,61790";"-0,02709"
"25,14000";"0,63290";"-0,01816"
"25,15000";"0,64789";"-0,01159"
"25,16000";"0,66288";"-0,01242"
"25,17000";"0,67799";"-0,01430"
"25,18000";"0,69299";"-0,01626"
"25,19000";"0,70786";"-0,02005"
"25,20000";"0,72297";"-0,02127"
"25,21000";"0,73797";"-0,01917"
"25,22000";"0,75296";"-0,02356"
"25,23000";"0,76807";"-0,02379"
"25,24000";"0,78306";"-0,02567"
"25,25000";"0,79806";"-0,02727"
"25,26000";"0,81317";"-0,03011"
"25,27000";"0,82804";"-0,02820"
"25,28000";"0,84303";"-0,02870"
"25,29000";"0,85791";"-0,03984"
"25,30000";"0,87290";"-0,04810"
"25,31000";"0,88778";"-0,04323"
"25,32000";"0,90289";"-0,03180"
"25,33000";"0,91788";"-0,02297"
"25,34000";"0,93288";"-0,01585"
"25,35000";"0,94799";"-0,01404"
"25,36000";"0,96286";"-0,01228"
"25,37000";"0,97785";"-0,02399"
"25,38000";"0,99285";"-0,03350"
"25,39000";"1,00784";"-0,02968"
"25,40000";"1,02295";"-0,02308"
"25,41000";"1,03794";"-0,02959"
"25,42000";"1,05306";"-0,03571"
"25,43000";"1,06805";"-0,02533"
"25,44000";"1,08304";"-0,02042"
"25,45000";"1,09803";"-0,01058"
"25,46000";"1,11303";"-0,01322"
"25,47000";"1,12802";"-0,01839"
"25,48000";"1,14313";"-0,02489"
"25,49000";"1,15801";"-0,02814"
"25,50000";"1,17300";"-0,02323"
"25,51000";"1,18799";"-0,02420"
"25,52000";"1,20299";"-0,02704"
"25,53000";"1,21798";"-0,02482"
"25,54000";"1,23297";"-0,02147"
"25,55000";"1,24808";"-0,02544"
"25,56000";"1,26308";"-0,02787"
"25,57000";"1,27807";"-0,02471"
"25,58000";"1,29306";"-0,02102"
"25,59000";"1,30806";"-0,02379"
"25,60000";"1,32305";"-0,02788"
"25,61000";"1,33792";"-0,02634"
"25,62000";"1,35292";"-0,02745"
"25,63000";"1,36791";"-0,03405"
"25,64000";"1,38302";"-0,03460"
"25,65000";"1,39801";"-0,02685"
"25,66000";"1,41313";"-0,02216"
"25,67000";"1,42800";"-0,02621"
"25,68000";"1,44299";"-0,03045"
"25,69000";"1,45799";"-0,03495"
"25,70000";"1,47286";"-0,03976"
"25,71000";"1,48797";"-0,03263"
"25,72000";"1,50297";"-0,02499"
"25,73000";"1,51808";"-0,02631"
"25,74000";"1,53307";"-0,02617"
"25,75000";"1,54806";"-0,02264"
"25,76000";"1,56306";"-0,02242"
"25,77000";"1,57805";"-0,02620"
"25,78000";"1,59304";"-0,02454"
"25,79000";"1,60815";"-0,02634"
"25,80000";"1,62315";"-0,03695"
"25,81000";"1,63814";"-0,04163"
"25,82000";"1,65313";"-0,03750"
"25,83000";"1,66813";"-0,03232"
"25,84000";"1,68312";"-0,02623"
"25,85000";"1,69811";"-0,02738"
"25,86000";"1,71310";"-0,02768"
"25,87000";"1,72810";"-0,02342"
"25,88000";"1,74309";"-0,02470"
"25,89000";"1,75808";"-0,02950"
"25,90000";"1,77308";"-0,02931"
"25,91000";"1,78795";"-0,03076"
"25,92000";"1,80294";"-0,03473"
"25,93000";"1,81794";"-0,03834"
"25,94000";"1,83281";"-0,03440"
"25,95000";"1,84781";"-0,02444"
"25,96000";"1,86280";"-0,02011"
"25,97000";"1,87779";"-0,02018"
"25,98000";"1,89290";"-0,01709"
"25,99000";"1,90778";"-0,01579"
"26,00000";"1,92277";"-0,01548"
"26,01000";"1,93765";"-0,02212"
"26,02000";"1,95264";"-0,02876"
"26,03000";"1,96763";"-0,02793"
"26,04000";"1,98274";"-0,02313"
"26,05000";"1,99785";"-0,01782"
"26,06000";"2,01285";"-0,01006"
"26,07000";"2,02796";"-0,01467"
"26,08000";"2,04295";"-0,02509"
"26,09000";"2,05794";"-0,03054"
"26,10000";"2,07294";"-0,03039"
"26,11000";"2,08793";"-0,02769"
"26,12000";"2,10304";"-0,02201"
"26,13000";"2,11803";"-0,01818"
"26,14000";"2,13315";"-0,01781"
"26,15000";"2,14814";"-0,01835"
"26,16000";"2,16313";"-0,01564"
"26,17000";"2,17813";"-0,01341"
"26,18000";"2,19324";"-0,01278"
"26,19000";"2,20835";"-0,01278"
"26,20000";"2,22322";"-0,01024"
"26,21000";"2,23822";"-0,00935"
"26,22000";"2,25321";"-0,01479"
"26,23000";"2,26797";"-0,02152"
"26,24000";"2,28284";"-0,02170"
"26,25000";"2,29772";"-0,02006"
"26,26000";"2,31271";"-0,01983"
"26,27000";"2,32758";"-0,02908"
"26,28000";"2,34258";"-0,03544"
"26,29000";"2,35745";"-0,04811"
"26,30000";"2,37244";"-0,05299"
"26,31000";"2,38756";"-0,04242"
"26,32000";"2,40267";"-0,03080"
"26,33000";"2,41766";"-0,02415"
"26,34000";"2,43277";"-0,01992"
"26,35000";"2,44788";"-0,01288"
"26,36000";"2,46299";"-0,00885"
"26,37000";"2,47810";"-0,01274"
"26,38000";"2,49322";"-0,01838"
"26,39000";"2,50821";"-0,02730"
"26,40000";"2,52320";"-0,03450"
"26,41000";"2,53819";"-0,03447"
"26,42000";"2,55319";"-0,03090"
"26,43000";"2,56818";"-0,03370"
"26,44000";"2,58317";"-0,03394"
"26,45000";"2,59817";"-0,02735"
"26,46000";"2,61316";"-0,01812"
"26,47000";"2,62815";"-0,01647"
"26,48000";"2,64303";"-0,01236"
"26,49000";"2,65790";"-0,00627"
"26,50000";"2,67301";"-0,00270"
"26,51000";"2,68789";"-0,01475"
"26,52000";"2,70288";"-0,02713"
"26,53000";"2,71788";"-0,03550"
"26,54000";"2,73275";"-0,03176"
"26,55000";"2,74763";"-0,02324"
"26,56000";"2,76238";"-0,01776"
"26,57000";"2,77726";"-0,02147"
"26,58000";"2,79237";"-0,03166"
"26,59000";"2,80736";"-0,03913"
"26,60000";"2,82247";"-0,04281"
"26,61000";"2,83758";"-0,04846"
"26,62000";"2,85269";"-0,05046"
"26,63000";"2,86792";"-0,04564"
"26,64000";"2,88315";"-0,03250"
"26,65000";"2,89838";"-0,02150"
"26,66000";"2,91349";"-0,01833"
"26,67000";"2,92849";"-0,02144"
"26,68000";"2,94348";"-0,02831"
"26,69000";"2,95847";"-0,04285"
"26,70000";"2,97347";"-0,04521"
"26,71000";"2,98846";"-0,03819"
"26,72000";"3,00333";"-0,03539"
"26,73000";"3,01833";"-0,03256"
"26,74000";"3,03320";"-0,01852"
"26,75000";"3,04808";"-0,00813"
"26,76000";"3,06307";"-0,01375"
"26,77000";"3,07806";"-0,02058"
"26,78000";"3,09306";"-0,02870"
"26,79000";"3,10805";"-0,02254"
"26,80000";"3,12304";"-0,02295"
"26,81000";"3,13803";"-0,03050"
"26,82000";"3,15303";"-0,03853"
"26,83000";"3,16802";"-0,04526"
"26,84000";"3,18301";"-0,04944"
"26,85000";"3,19789";"-0,04922"
"26,86000";"3,21276";"-0,04239"
"26,87000";"3,22752";"-0,02980"
"26,88000";"3,24240";"-0,01905"
"26,89000";"3,25739";"-0,02103"
"26,90000";"3,27238";"-0,02201"
"26,91000";"3,28749";"-0,02187"
"26,92000";"3,30272";"-0,02177"
"26,93000";"3,31807";"-0,02377"
"26,94000";"3,33330";"-0,02181"
"26,95000";"3,34829";"-0,02235"
"26,96000";"3,36328";"-0,02106"
"26,97000";"3,37840";"-0,02612"
"26,98000";"3,39351";"-0,03265"
"26,99000";"3,40850";"-0,03153"
"27,00000";"3,42361";"-0,02786"
"27,01000";"3,43860";"-0,02984"
"27,02000";"3,45348";"-0,03568"
"27,03000";"3,46835";"-0,03728"
"27,04000";"3,48323";"-0,03427"
"27,05000";"3,49822";"-0,03151"
"27,06000";"3,51310";"-0,02837"
"27,07000";"3,52797";"-0,02524"
"27,08000";"3,54297";"-0,02241"
"27,09000";"3,55784";"-0,01755"
"27,10000";"3,57283";"-0,01686"
"27,11000";"3,58771";"-0,01349"
"27,12000";"3,60258";"-0,00340"
"27,13000";"3,61758";"-0,00361"
"27,14000";"3,63257";"-0,00857"
"27,15000";"3,64756";"-0,01749"
"27,16000";"3,66256";"-0,02551"
"27,17000";"3,67755";"-0,02869"
"27,18000";"3,69266";"-0,03323"
"27,19000";"3,70753";"-0,03145"
"27,20000";"3,72253";"-0,03203"
"27,21000";"3,73764";"-0,02789"
"27,22000";"3,75275";"-0,02636"
"27,23000";"3,76786";"-0,02837"
"27,24000";"3,78297";"-0,03279"
"27,25000";"3,79808";"-0,03237"
"27,26000";"3,81319";"-0,03369"
"27,27000";"3,82819";"-0,03200"
"27,28000";"3,84330";"-0,02737"
"27,29000";"3,85841";"-0,02729"
"27,30000";"3,87364";"-0,03073"
"27,31000";"3,88863";"-0,02470"
"27,32000";"3,90362";"-0,01743"
"27,33000";"3,91862";"-0,01935"
"27,34000";"3,93349";"-0,02767"
"27,35000";"3,94837";"-0,02876"
"27,36000";"3,96336";"-0,03235"
"27,37000";"3,97824";"-0,03043"
"27,38000";"3,99323";"-0,03477"
"27,39000";"4,00810";"-0,04374"
"27,40000";"4,02298";"-0,04201"
"27,41000";"4,03785";"-0,03310"
"27,42000";"4,05285";"-0,02181"
"27,43000";"4,06784";"-0,01941"
"27,44000";"4,08283";"-0,01688"
"27,45000";"4,09771";"-0,01468"
"27,46000";"4,11270";"-0,01857"
"27,47000";"4,12769";"-0,02640"
"27,48000";"4,14269";"-0,02833"
"27,49000";"4,15768";"-0,02662"
"27,50000";"4,17267";"-0,02338"
"27,51000";"4,18767";"-0,02952"
"27,52000";"4,20278";"-0,03359"
"27,53000";"4,21777";"-0,03823"
"27,54000";"4,23300";"-0,03522"
"27,55000";"4,24811";"-0,02573"
"27,56000";"4,26310";"-0,02166"
"27,57000";"4,27833";"-0,02889"
"27,58000";"4,29344";"-0,03272"
"27,59000";"4,30844";"-0,03424"
"27,60000";"4,32343";"-0,02336"
"27,61000";"4,33854";"-0,02229"
"27,62000";"4,35353";"-0,02059"
"27,63000";"4,36853";"-0,01567"
"27,64000";"4,38340";"-0,01675"
"27,65000";"4,39840";"-0,02146"
"27,66000";"4,41327";"-0,02491"
"27,67000";"4,42815";"-0,02365"
"27,68000";"4,44326";"-0,02591"
"27,69000";"4,45825";"-0,02045"
"27,70000";"4,47312";"-0,01567"
"27,71000";"4,48812";"-0,01866"
"27,72000";"4,50311";"-0,01963"
"27,73000";"4,51787";"-0,01249"
"27,74000";"4,53263";"-0,01175"
"27,75000";"4,54762";"-0,01295"
"27,76000";"4,56273";"-0,01103"
"27,77000";"4,57772";"-0,01825"
"27,78000";"4,59272";"-0,02358"
"27,79000";"4,60771";"-0,02629"
"27,80000";"4,62258";"-0,03884"
"27,81000";"4,63758";"-0,04402"
"27,82000";"4,65245";"-0,03947"
"27,83000";"4,66756";"-0,03331"
"27,84000";"4,68279";"-0,03012"
"27,85000";"4,69802";"-0,02752"
"27,86000";"4,71325";"-0,03028"
"27,87000";"4,72836";"-0,03267"
"27,88000";"4,74347";"-0,02959"
"27,89000";"4,75835";"-0,02872"
"27,90000";"4,77322";"-0,02442"
"27,91000";"4,78822";"-0,02019"
"27,92000";"4,80309";"-0,02667"
"27,93000";"4,81820";"-0,02934"
"27,94000";"4,83319";"-0,02943"
"27,95000";"4,84819";"-0,02652"
"27,96000";"4,86318";"-0,02515"
"27,97000";"4,87817";"-0,01910"
"27,98000";"4,89305";"-0,01536"
"27,99000";"4,90804";"-0,00169"
"28,00000";"4,92304";"0,00638"
"28,01000";"4,93803";"0,00146"
"28,02000";"4,95290";"-0,00882"
"28,03000";"4,96790";"-0,01470"
"28,04000";"4,98289";"-0,01804"
"28,05000";"4,99788";"-0,02016"
"28,06000";"5,01288";"-0,02282"
"28,07000";"5,02787";"-0,02316"
"28,08000";"5,04298";"-0,02412"
"28,09000";"5,05797";"-0,02364"
"28,10000";"5,07308";"-0,02319"
"28,11000";"5,08796";"-0,01987"
"28,12000";"5,10307";"-0,02151"
"28,13000";"5,11806";"-0,02429"
"28,14000";"5,13306";"-0,02239"
"28,15000";"5,14817";"-0,01464"
"28,16000";"5,16316";"-0,01162"
"28,17000";"5,17839";"-0,01574"
"28,18000";"5,19338";"-0,01641"
"28,19000";"5,20837";"-0,01891"
"28,20000";"5,22325";"-0,02385"
"28,21000";"5,23813";"-0,02894"
"28,22000";"5,25300";"-0,03357"
"28,23000";"5,26811";"-0,03186"
"28,24000";"5,28310";"-0,02766"
"28,25000";"5,29822";"-0,02826"
"28,26000";"5,31309";"-0,02693"
"28,27000";"5,32808";"-0,02305"
"28,28000";"5,34308";"-0,02262"
"28,29000";"5,35795";"-0,01773"
"28,30000";"5,37294";"-0,01199"
"28,31000";"5,38782";"-0,01292"
"28,32000";"5,40281";"-0,00983"
"28,33000";"5,41781";"-0,01342"
"28,34000";"5,43280";"-0,01618"
"28,35000";"5,44779";"-0,01870"
"28,36000";"5,46290";"-0,01359"
"28,37000";"5,47790";"-0,01534"
"28,38000";"5,49289";"-0,01226"
"28,39000";"5,50800";"-0,00965"
"28,40000";"5,52288";"-0,00936"
"28,41000";"5,53799";"-0,00853"
"28,42000";"5,55310";"-0,01156"
"28,43000";"5,56809";"-0,01499"
"28,44000";"5,58308";"-0,01836"
"28,45000";"5,59808";"-0,01416"
"28,46000";"5,61307";"-0,01621"
"28,47000";"5,62818";"-0,02711"
"28,48000";"5,64317";"-0,03094"
"28,49000";"5,65817";"-0,02831"
"28,50000";"5,67316";"-0,02106"
"28,51000";"5,68827";"-0,01779"
"28,52000";"5,70326";"-0,01993"
"28,53000";"5,71814";"-0,02537"
"28,54000";"5,73313";"-0,02237"
"28,55000";"5,74824";"-0,02326"
"28,56000";"5,76324";"-0,02752"
"28,57000";"5,77811";"-0,02744"
"28,58000";"5,79299";"-0,02338"
"28,59000";"5,80798";"-0,01273"
"28,60000";"5,82297";"-0,01178"
"28,61000";"5,83785";"-0,01276"
"28,62000";"5,85296";"-0,01338"
"28,63000";"5,86783";"-0,01634"
"28,64000";"5,88283";"-0,02175"
"28,65000";"5,89782";"-0,01633"
"28,66000";"5,91293";"-0,01093"
"28,67000";"5,92792";"-0,01255"
"28,68000";"5,94292";"-0,00692"
"28,69000";"5,95791";"-0,00289"
"28,70000";"5,97290";"0,00003"
"28,71000";"5,98801";"-0,00430"
"28,72000";"6,00312";"-0,01182"
"28,73000";"6,01824";"-0,01692"
"28,74000";"6,03323";"-0,01589"
"28,75000";"6,04822";"-0,01333"
"28,76000";"6,06310";"-0,01770"
"28,77000";"6,07809";"-0,01363"
"28,78000";"6,09308";"-0,00585"
"28,79000";"6,10808";"-0,00048"
"28,80000";"6,12307";"-0,00068"
"28,81000";"6,13806";"-0,00114"
"28,82000";"6,15306";"0,00606"
"28,83000";"6,16805";"0,00677"
"28,84000";"6,18292";"0,00562"
"28,85000";"6,19792";"-0,00552"
"28,86000";"6,21291";"-0,01415"
"28,87000";"6,22790";"-0,01954"
"28,88000";"6,24301";"-0,02214"
"28,89000";"6,25801";"-0,01907"
"28,90000";"6,27300";"-0,01848"
"28,91000";"6,28799";"-0,01535"
"28,92000";"6,30287";"-0,01859"
"28,93000";"6,31786";"-0,01963"
"28,94000";"6,33297";"-0,01796"
"28,95000";"6,34796";"-0,01567"
"28,96000";"6,36296";"-0,01373"
"28,97000";"6,37795";"-0,00742"
"28,98000";"6,39294";"-0,00805"
"28,99000";"6,40794";"-0,00783"
"29,00000";"6,42293";"-0,01188"
"29,01000";"6,43804";"-0,01666"
"29,02000";"6,45303";"-0,01623"
"29,03000";"6,46803";"-0,01068"
"29,04000";"6,48302";"-0,00649"
"29,05000";"6,49801";"-0,00748"
"29,06000";"6,51289";"-0,00193"
"29,07000";"6,52788";"-0,00070"
"29,08000";"6,54287";"-0,00217"
"29,09000";"6,55775";"-0,00084"
"29,10000";"6,57286";"0,00212"
"29,11000";"6,58797";"0,00402"
"29,12000";"6,60297";"0,00517"
"29,13000";"6,61796";"0,00191"
"29,14000";"6,63295";"0,00099"
"29,15000";"6,64794";"-0,00149"
"29,16000";"6,66282";"-0,00248"
"29,17000";"6,67781";"-0,00266"
"29,18000";"6,69281";"-0,00521"
"29,19000";"6,70792";"-0,00704"
"29,20000";"6,72291";"-0,00389"
"29,21000";"6,73790";"0,00015"
"29,22000";"6,75290";"0,00516"
"29,23000";"6,76801";"0,01130"
"29,24000";"6,78300";"0,01708"
"29,25000";"6,79799";"0,01086"
"29,26000";"6,81310";"0,00852"
"29,27000";"6,82810";"0,01313"
"29,28000";"6,84309";"0,01423"
"29,29000";"6,85796";"0,01856"
"29,30000";"6,87296";"0,01127"
"29,31000";"6,88795";"0,00176"
"29,32000";"6,90306";"0,00129"
"29,33000";"6,91806";"0,00262"
"29,34000";"6,93305";"0,00509"
"29,35000";"6,94804";"0,00996"
"29,36000";"6,96315";"0,00509"
"29,37000";"6,97803";"0,00893"
"29,38000";"6,99302";"0,01348"
"29,39000";"7,00790";"0,02214"
"29,40000";"7,02289";"0,02351"
"29,41000";"7,03788";"0,01420"
"29,42000";"7,05288";"-0,00043"
"29,43000";"7,06787";"-0,01037"
"29,44000";"7,08298";"-0,01479"
"29,45000";"7,09797";"-0,00750"
"29,46000";"7,11297";"0,00294"
"29,47000";"7,12784";"0,00979"
"29,48000";"7,14283";"0,01899"
"29,49000";"7,15783";"0,02347"
"29,50000";"7,17294";"0,02434"
"29,51000";"7,18793";"0,01573"
"29,52000";"7,20304";"0,00675"
"29,53000";"7,21815";"0,00472"
"29,54000";"7,23315";"0,00674"
"29,55000";"7,24802";"0,01097"
"29,56000";"7,26301";"0,01779"
"29,57000";"7,27813";"0,02116"
"29,58000";"7,29312";"0,02041"
"29,59000";"7,30811";"0,02055"
"29,60000";"7,32310";"0,01779"
"29,61000";"7,33810";"0,00901"
"29,62000";"7,35309";"-0,00420"
"29,63000";"7,36808";"-0,00626"
"29,64000";"7,38308";"0,00026"
"29,65000";"7,39807";"0,00077"
"29,66000";"7,41306";"-0,00086"
"29,67000";"7,42806";"0,00214"
"29,68000";"7,44305";"0,00671"
"29,69000";"7,45804";"0,00505"
"29,70000";"7,47292";"0,00136"
"29,71000";"7,48779";"-0,00607"
"29,72000";"7,50290";"-0,00319"
"29,73000";"7,51790";"0,00626"
"29,74000";"7,53301";"0,01406"
"29,75000";"7,54800";"0,01665"
"29,76000";"7,56311";"0,01356"
"29,77000";"7,57810";"0,00510"
"29,78000";"7,59298";"0,00282"
"29,79000";"7,60785";"0,00446"
"29,80000";"7,62285";"0,00641"
"29,81000";"7,63784";"0,01124"
"29,82000";"7,65295";"0,00715"
"29,83000";"7,66806";"0,00590"
"29,84000";"7,68306";"0,00624"
"29,85000";"7,69793";"0,01050"
"29,86000";"7,71281";"0,01628"
"29,87000";"7,72780";"0,02355"
"29,88000";"7,74291";"0,02220"
"29,89000";"7,75790";"0,00926"
"29,90000";"7,77278";"0,00355"
"29,91000";"7,78777";"0,00722"
"29,92000";"7,80265";"0,00889"
"29,93000";"7,81764";"0,01057"
"29,94000";"7,83263";"0,01622"
"29,95000";"7,84774";"0,01688"
"29,96000";"7,86285";"0,01574"
"29,97000";"7,87797";"0,01236"
"29,98000";"7,89296";"0,01103"
"29,99000";"7,90795";"0,01212"
"30,00000";"7,92294";"0,01089"
"30,01000";"7,93794";"0,00887"
"30,02000";"7,95281";"0,00317"
"30,03000";"7,96781";"-0,00129"
"30,04000";"7,98292";"-0,00018"
"30,05000";"7,99791";"0,00233"
"30,06000";"8,01302";"-0,00065"
"30,07000";"8,02813";"-0,00156"
"30,08000";"8,04313";"0,00170"
"30,09000";"8,05812";"0,00464"
"30,10000";"8,07311";"0,00526"
"30,11000";"8,08799";"0,00504"
"30,12000";"8,10298";"0,00616"
"30,13000";"8,11797";"0,00740"
"30,14000";"8,13308";"0,01193"
"30,15000";"8,14808";"0,01786"
"30,16000";"8,16307";"0,01932"
"30,17000";"8,17818";"0,02432"
"30,18000";"8,19306";"0,03209"
"30,19000";"8,20817";"0,03228"
"30,20000";"8,22304";"0,02299"
"30,21000";"8,23815";"0,01991"
"30,22000";"8,25315";"0,01885"
"30,23000";"8,26814";"0,01454"
"30,24000";"8,28325";"0,00767"
"30,25000";"8,29813";"0,00623"
"30,26000";"8,31312";"0,00767"
"30,27000";"8,32811";"0,01761"
"30,28000";"8,34310";"0,02221"
"30,29000";"8,35822";"0,01880"
"30,30000";"8,37321";"0,01450"
"30,31000";"8,38820";"0,01015"
"30,32000";"8,40308";"0,01172"
"30,33000";"8,41795";"0,01648"
"30,34000";"8,43294";"0,01485"
"30,35000";"8,44794";"0,01496"
"30,36000";"8,46293";"0,02027"
"30,37000";"8,47804";"0,02394"
"30,38000";"8,49327";"0,02152"
"30,39000";"8,50826";"0,01832"
"30,40000";"8,52326";"0,01697"
"30,41000";"8,53813";"0,01157"
"30,42000";"8,55301";"0,00685"
"30,43000";"8,56800";"0,00455"
"30,44000";"8,58311";"0,00558"
"30,45000";"8,59810";"0,01099"
"30,46000";"8,61310";"0,01849"
"30,47000";"8,62821";"0,02480"
"30,48000";"8,64308";"0,01907"
"30,49000";"8,65796";"0,01044"
"30,50000";"8,67283";"0,00544"
"30,51000";"8,68795";"0,00826"
"30,52000";"8,70294";"0,01930"
"30,53000";"8,71793";"0,02464"
"30,54000";"8,73292";"0,01572"
"30,55000";"8,74792";"0,00913"
"30,56000";"8,76291";"0,00931"
"30,57000";"8,77790";"0,01155"
"30,58000";"8,79278";"0,01354"
"30,59000";"8,80789";"0,01738"
"30,60000";"8,82288";"0,02032"
"30,61000";"8,83788";"0,01788"
"30,62000";"8,85287";"0,01468"
"30,63000";"8,86798";"0,01047"
"30,64000";"8,88297";"0,00667"
"30,65000";"8,89785";"0,00349"
"30,66000";"8,91284";"-0,00182"
"30,67000";"8,92795";"-0,00670"
"30,68000";"8,94294";"-0,00592"
"30,69000";"8,95794";"-0,00025"
"30,70000";"8,97293";"0,00211"
"30,71000";"8,98780";"-0,00021"
"30,72000";"9,00280";"0,00193"
"30,73000";"9,01779";"0,00623"
"30,74000";"9,03279";"0,00688"
"30,75000";"9,04790";"0,00918"
"30,76000";"9,06289";"0,00923"
"30,77000";"9,07800";"0,00765"
"30,78000";"9,09287";"0,01144"
"30,79000";"9,10799";"0,01630"
"30,80000";"9,12310";"0,01789"
"30,81000";"9,13797";"0,01906"
"30,82000";"9,15297";"0,01728"
"30,83000";"9,16796";"0,01428"
"30,84000";"9,18307";"0,01767"
"30,85000";"9,19806";"0,01867"
"30,86000";"9,21317";"0,01189"
"30,87000";"9,22805";"0,00359"
"30,88000";"9,24316";"0,00351"
"30,89000";"9,25815";"0,00772"
"30,90000";"9,27303";"0,00367"
"30,91000";"9,28814";"-0,00776"
"30,92000";"9,30325";"-0,00502"
"30,93000";"9,31824";"0,00370"
"30,94000";"9,33324";"0,00263"
"30,95000";"9,34823";"-0,00548"
"30,96000";"9,36310";"-0,00629"
"30,97000";"9,37810";"0,00614"
"30,98000";"9,39309";"0,01676"
"30,99000";"9,40808";"0,02181"
"31,00000";"9,42308";"0,02239"
"31,01000";"9,43819";"0,01562"
"31,02000";"9,45318";"0,01011"
"31,03000";"9,46817";"0,00594"
"31,04000";"9,48305";"0,00422"
"31,05000";"9,49792";"-0,00017"
"31,06000";"9,51304";"-0,00458"
"31,07000";"9,52791";"-0,00297"
"31,08000";"9,54290";"-0,00511"
"31,09000";"9,55813";"0,00329"
"31,10000";"9,57312";"0,01604"
"31,11000";"9,58812";"0,02476"
"31,12000";"9,60299";"0,02122"
"31,13000";"9,61799";"0,01760"
"31,14000";"9,63310";"0,01272"
"31,15000";"9,64809";"0,01884"
"31,16000";"9,66297";"0,01880"
"31,17000";"9,67796";"0,01445"
"31,18000";"9,69307";"0,01060"
"31,19000";"9,70794";"0,00333"
"31,20000";"9,72294";"0,00162"
"31,21000";"9,73793";"0,00846"
"31,22000";"9,75304";"0,01964"
"31,23000";"9,76803";"0,02821"
"31,24000";"9,78303";"0,02599"
"31,25000";"9,79790";"0,01593"
"31,26000";"9,81290";"0,01088"
"31,27000";"9,82789";"0,01057"
"31,28000";"9,84276";"0,01116"
"31,29000";"9,85776";"0,00715"
"31,30000";"9,87287";"0,00472"
"31,31000";"9,88798";"-0,00439"
"31,32000";"9,90309";"-0,01338"
"31,33000";"9,91808";"-0,02145"
"31,34000";"9,93320";"-0,02187"
"31,35000";"9,94807";"-0,01989"
"31,36000";"9,96294";"-0,01062"
"31,37000";"9,97794";"0,00375"
"31,38000";"9,99305";"0,01279"
"31,39000";"10,00804";"0,01731"
"31,40000";"10,02315";"0,02632"
"31,41000";"10,03815";"0,03650"
"31,42000";"10,05314";"0,03887"
"31,43000";"10,06801";"0,04320"
"31,44000";"10,08301";"0,03811"
"31,45000";"10,09788";"0,02300"
"31,46000";"10,11288";"0,01279"
"31,47000";"10,12799";"0,01015"
"31,48000";"10,14298";"0,01031"
"31,49000";"10,15797";"0,01640"
"31,50000";"10,17308";"0,02473"
"31,51000";"10,18820";"0,02081"
"31,52000";"10,20319";"0,01769"
"31,53000";"10,21830";"0,01842"
"31,54000";"10,23329";"0,01311"
"31,55000";"10,24840";"0,00805"
"31,56000";"10,26340";"0,01441"
"31,57000";"10,27827";"0,02078"
"31,58000";"10,29315";"0,01843"
"31,59000";"10,30814";"0,02175"
"31,60000";"10,32313";"0,03113"
"31,61000";"10,33813";"0,03635"
"31,62000";"10,35312";"0,03429"
"31,63000";"10,36823";"0,02760"
"31,64000";"10,38322";"0,01728"
"31,65000";"10,39822";"0,00807"
"31,66000";"10,41321";"0,00452"
"31,67000";"10,42808";"0,00629"
"31,68000";"10,44308";"0,01282"
"31,69000";"10,45819";"0,01864"
"31,70000";"10,47318";"0,02401"
"31,71000";"10,48817";"0,02281"
"31,72000";"10,50328";"0,01628"
"31,73000";"10,51828";"0,01303"
"31,74000";"10,53315";"0,01459"
"31,75000";"10,54803";"0,01974"
"31,76000";"10,56290";"0,01812"
"31,77000";"10,57790";"0,01576"
"31,78000";"10,59289";"0,01384"
"31,79000";"10,60788";"0,01141"
"31,80000";"10,62288";"0,00472"
"31,81000";"10,63787";"0,00728"
"31,82000";"10,65286";"0,01646"
"31,83000";"10,66785";"0,02795"
"31,84000";"10,68285";"0,03553"
"31,85000";"10,69784";"0,03090"
"31,86000";"10,71283";"0,02527"
"31,87000";"10,72783";"0,01974"
"31,88000";"10,74294";"0,01653"
"31,89000";"10,75781";"0,01833"
"31,90000";"10,77292";"0,02118"
"31,91000";"10,78780";"0,02291"
"31,92000";"10,80279";"0,02766"
"31,93000";"10,81790";"0,03269"
"31,94000";"10,83290";"0,03697"
"31,95000";"10,84789";"0,03746"
"31,96000";"10,86300";"0,04059"
"31,97000";"10,87799";"0,04080"
"31,98000";"10,89287";"0,04277"
"31,99000";"10,90786";"0,03835"
"32,00000";"10,92285";"0,03452"
"32,01000";"10,93785";"0,03312"
"32,02000";"10,95296";"0,03101"
"32,03000";"10,96807";"0,03294"
"32,04000";"10,98306";"0,03765"
"32,05000";"10,99806";"0,04165"
"32,06000";"11,01305";"0,04538"
"32,07000";"11,02792";"0,04707"
"32,08000";"11,04292";"0,04184"
"32,09000";"11,05803";"0,02670"
"32,10000";"11,07302";"0,02106"
"32,11000";"11,08813";"0,02672"
"32,12000";"11,10301";"0,02841"
"32,13000";"11,11800";"0,03238"
"32,14000";"11,13299";"0,03190"
"32,15000";"11,14799";"0,03093"
"32,16000";"11,16310";"0,03920"
"32,17000";"11,17809";"0,04026"
"32,18000";"11,19320";"0,04186"
"32,19000";"11,20808";"0,04538"
"32,20000";"11,22307";"0,04365"
"32,21000";"11,23806";"0,03594"
"32,22000";"11,25306";"0,03156"
"32,23000";"11,26805";"0,03556"
"32,24000";"11,28304";"0,03461"
"32,25000";"11,29803";"0,03555"
"32,26000";"11,31315";"0,03193"
"32,27000";"11,32802";"0,02670"
"32,28000";"11,34301";"0,02901"
"32,29000";"11,35789";"0,03483"
"32,30000";"11,37288";"0,04263"
"32,31000";"11,38788";"0,04857"
"32,32000";"11,40298";"0,05188"
"32,33000";"11,41810";"0,05185"
"32,34000";"11,43309";"0,04838"
"32,35000";"11,44820";"0,04496"
"32,36000";"11,46319";"0,04634"
"32,37000";"11,47807";"0,04587"
"32,38000";"11,49306";"0,04743"
"32,39000";"11,50794";"0,04742"
"32,40000";"11,52293";"0,04203"
"32,41000";"11,53804";"0,03392"
"32,42000";"11,55315";"0,02897"
"32,43000";"11,56815";"0,02669"
"32,44000";"11,58326";"0,03311"
"32,45000";"11,59825";"0,04382"
"32,46000";"11,61312";"0,04777"
"32,47000";"11,62812";"0,03730"
"32,48000";"11,64311";"0,02881"
"32,49000";"11,65810";"0,02788"
"32,50000";"11,67310";"0,02950"
"32,51000";"11,68809";"0,03109"
"32,52000";"11,70308";"0,04055"
"32,53000";"11,71808";"0,04538"
"32,54000";"11,73307";"0,04386"
"32,55000";"11,74806";"0,04568"
"32,56000";"11,76306";"0,05069"
"32,57000";"11,77817";"0,05091"
"32,58000";"11,79304";"0,05099"
"32,59000";"11,80803";"0,04897"
"32,60000";"11,82303";"0,04642"
"32,61000";"11,83790";"0,04626"
"32,62000";"11,85278";"0,04952"
"32,63000";"11,86777";"0,04837"
"32,64000";"11,88288";"0,04863"
"32,65000";"11,89787";"0,04461"
"32,66000";"11,91299";"0,03987"
"32,67000";"11,92798";"0,04101"
"32,68000";"11,94297";"0,04439"
"32,69000";"11,95797";"0,04798"
"32,70000";"11,97284";"0,05052"
"32,71000";"11,98795";"0,04698"
"32,72000";"12,00294";"0,04519"
"32,73000";"12,01806";"0,04892"
"32,74000";"12,03305";"0,05391"
"32,75000";"12,04792";"0,05201"
"32,76000";"12,06304";"0,04627"
"32,77000";"12,07803";"0,04351"
"32,78000";"12,09302";"0,04081"
"32,79000";"12,10801";"0,04138"
"32,80000";"12,12301";"0,04185"
"32,81000";"12,13800";"0,04241"
"32,82000";"12,15299";"0,04398"
"32,83000";"12,16787";"0,04455"
"32,84000";"12,18286";"0,04405"
"32,85000";"12,19774";"0,04942"
"32,86000";"12,21273";"0,05215"
"32,87000";"12,22784";"0,05564"
"32,88000";"12,24283";"0,05328"
"32,89000";"12,25795";"0,05127"
"32,90000";"12,27294";"0,04501"
"32,91000";"12,28793";"0,04290"
"32,92000";"12,30280";"0,04539"
"32,93000";"12,31768";"0,04676"
"32,94000";"12,33279";"0,04886"
"32,95000";"12,34778";"0,05433"
"32,96000";"12,36278";"0,06147"
"32,97000";"12,37789";"0,06798"
"32,98000";"12,39300";"0,06533"
"32,99000";"12,40811";"0,06131"
"33,00000";"12,42299";"0,05002"
"33,01000";"12,43798";"0,03874"
"33,02000";"12,45286";"0,03106"
"33,03000";"12,46797";"0,04172"
"33,04000";"12,48296";"0,05640"
"33,05000";"12,49795";"0,06276"
"33,06000";"12,51294";"0,06590"
"33,07000";"12,52794";"0,06542"
"33,08000";"12,54293";"0,06106"
"33,09000";"12,55792";"0,06514"
"33,10000";"12,57280";"0,07090"
"33,11000";"12,58779";"0,07832"
"33,12000";"12,60278";"0,07665"
"33,13000";"12,61790";"0,06961"
"33,14000";"12,63289";"0,07306"
"33,15000";"12,64788";"0,07809"
"33,16000";"12,66288";"0,07669"
"33,17000";"12,67787";"0,07557"
"33,18000";"12,69286";"0,06983"
"33,19000";"12,70797";"0,06454"
"33,20000";"12,72308";"0,06525"
"33,21000";"12,73808";"0,06473"
"33,22000";"12,75319";"0,06407"
"33,23000";"12,76818";"0,06505"
"33,24000";"12,78317";"0,06368"
"33,25000";"12,79805";"0,06021"
"33,26000";"12,81304";"0,05879"
"33,27000";"12,82815";"0,06744"
"33,28000";"12,84315";"0,07499"
"33,29000";"12,85814";"0,07552"
"33,30000";"12,87313";"0,07994"
"33,31000";"12,88813";"0,08248"
"33,32000";"12,90312";"0,08656"
"33,33000";"12,91787";"0,08313"
"33,34000";"12,93275";"0,07978"
"33,35000";"12,94786";"0,08031"
"33,36000";"12,96285";"0,07319"
"33,37000";"12,97773";"0,07264"
"33,38000";"12,99284";"0,07416"
"33,39000";"13,00795";"0,07434"
"33,40000";"13,02294";"0,07625"
"33,41000";"13,03794";"0,07887"
"33,42000";"13,05293";"0,08251"
"33,43000";"13,06804";"0,08969"
"33,44000";"13,08315";"0,09843"
"33,45000";"13,09814";"0,10144"
"33,46000";"13,11314";"0,09574"
"33,47000";"13,12813";"0,09383"
"33,48000";"13,14301";"0,09293"
"33,49000";"13,15788";"0,09193"
"33,50000";"13,17287";"0,09704"
"33,51000";"13,18787";"0,10565"
"33,52000";"13,20286";"0,11002"
"33,53000";"13,21797";"0,11473"
"33,54000";"13,23297";"0,10829"
"33,55000";"13,24796";"0,10196"
"33,56000";"13,26283";"0,09307"
"33,57000";"13,27771";"0,08806"
"33,58000";"13,29270";"0,08756"
"33,59000";"13,30781";"0,09146"
"33,60000";"13,32281";"0,10034"
"33,61000";"13,33780";"0,10496"
"33,62000";"13,35279";"0,10894"
"33,63000";"13,36790";"0,10475"
"33,64000";"13,38290";"0,10004"
"33,65000";"13,39789";"0,09352"
"33,66000";"13,41288";"0,08921"
"33,67000";"13,42787";"0,08077"
"33,68000";"13,44299";"0,08341"
"33,69000";"13,45798";"0,08579"
"33,70000";"13,47297";"0,09388"
"33,71000";"13,48808";"0,09960"
"33,72000";"13,50308";"0,09864"
"33,73000";"13,51807";"0,09502"
"33,74000";"13,53306";"0,09504"
"33,75000";"13,54806";"0,09491"
"33,76000";"13,56305";"0,09386"
"33,77000";"13,57816";"0,09643"
"33,78000";"13,59303";"0,10439"
"33,79000";"13,60803";"0,11542"
"33,80000";"13,62290";"0,11853"
"33,81000";"13,63790";"0,11884"
"33,82000";"13,65289";"0,11701"
"33,83000";"13,66800";"0,10663"
"33,84000";"13,68299";"0,09945"
"33,85000";"13,69810";"0,09551"
"33,86000";"13,71310";"0,09022"
"33,87000";"13,72809";"0,09228"
"33,88000";"13,74296";"0,09458"
"33,89000";"13,75808";"0,09719"
"33,90000";"13,77295";"0,10348"
"33,91000";"13,78794";"0,10720"
"33,92000";"13,80306";"0,10479"
"33,93000";"13,81817";"0,10563"
"33,94000";"13,83328";"0,10728"
"33,95000";"13,84827";"0,10471"
"33,96000";"13,86315";"0,10503"
"33,97000";"13,87814";"0,10769"
"33,98000";"13,89313";"0,11602"
"33,99000";"13,90813";"0,12058"
"34,00000";"13,92300";"0,12994"
"34,01000";"13,93811";"0,13778"
"34,02000";"13,95310";"0,13709"
"34,03000";"13,96810";"0,13140"
"34,04000";"13,98309";"0,11731"
"34,05000";"13,99808";"0,11282"
"34,06000";"14,01319";"0,11201"
"34,07000";"14,02819";"0,10531"
"34,08000";"14,04318";"0,11103"
"34,09000";"14,05817";"0,11657"
"34,10000";"14,07317";"0,11373"
"34,11000";"14,08804";"0,11179"
"34,12000";"14,10292";"0,11327"
"34,13000";"14,11791";"0,10985"
"34,14000";"14,13290";"0,11031"
"34,15000";"14,14790";"0,10939"
"34,16000";"14,16289";"0,11806"
"34,17000";"14,17788";"0,12780"
"34,18000";"14,19288";"0,12600"
"34,19000";"14,20787";"0,12439"
"34,20000";"14,22286";"0,12314"
"34,21000";"14,23785";"0,11956"
"34,22000";"14,25296";"0,11894"
"34,23000";"14,26796";"0,12698"
"34,24000";"14,28307";"0,13778"
"34,25000";"14,29818";"0,13761"
"34,26000";"14,31317";"0,13365"
"34,27000";"14,32817";"0,12913"
"34,28000";"14,34304";"0,13131"
"34,29000";"14,35803";"0,13491"
"34,30000";"14,37303";"0,14111"
"34,31000";"14,38802";"0,13789"
"34,32000";"14,40301";"0,13439"
"34,33000";"14,41813";"0,13081"
"34,34000";"14,43312";"0,12376"
"34,35000";"14,44811";"0,11432"
"34,36000";"14,46299";"0,11051"
"34,37000";"14,47810";"0,10983"
"34,38000";"14,49321";"0,11648"
"34,39000";"14,50820";"0,12087"
"34,40000";"14,52319";"0,12713"
"34,41000";"14,53819";"0,13459"
"34,42000";"14,55330";"0,13754"
"34,43000";"14,56817";"0,14075"
"34,44000";"14,58305";"0,14016"
"34,45000";"14,59804";"0,13694"
"34,46000";"14,61292";"0,13091"
"34,47000";"14,62803";"0,12610"
"34,48000";"14,64314";"0,12464"
"34,49000";"14,65825";"0,12586"
"34,50000";"14,67313";"0,12243"
"34,51000";"14,68800";"0,11600"
"34,52000";"14,70299";"0,12442"
"34,53000";"14,71810";"0,12749"
"34,54000";"14,73310";"0,12930"
"34,55000";"14,74821";"0,13531"
"34,56000";"14,76320";"0,14032"
"34,57000";"14,77820";"0,14704"
"34,58000";"14,79319";"0,15064"
"34,59000";"14,80818";"0,15340"
"34,60000";"14,82317";"0,14683"
"34,61000";"14,83817";"0,14064"
"34,62000";"14,85304";"0,13281"
"34,63000";"14,86804";"0,13483"
"34,64000";"14,88291";"0,13913"
"34,65000";"14,89802";"0,14010"
"34,66000";"14,91301";"0,14240"
"34,67000";"14,92801";"0,15212"
"34,68000";"14,94312";"0,15811"
"34,69000";"14,95811";"0,16172"
"34,70000";"14,97322";"0,16374"
"34,71000";"14,98822";"0,16688"
"34,72000";"15,00321";"0,17029"
"34,73000";"15,01820";"0,16165"
"34,74000";"15,03308";"0,16089"
"34,75000";"15,04795";"0,16006"
"34,76000";"15,06295";"0,15942"
"34,77000";"15,07794";"0,16568"
"34,78000";"15,09317";"0,16739"
"34,79000";"15,10816";"0,15709"
"34,80000";"15,12315";"0,14643"
"34,81000";"15,13803";"0,14204"
"34,82000";"15,15290";"0,13820"
"34,83000";"15,16778";"0,14989"
"34,84000";"15,18289";"0,16713"
"34,85000";"15,19788";"0,17977"
"34,86000";"15,21287";"0,18468"
"34,87000";"15,22787";"0,17850"
"34,88000";"15,24286";"0,17078"
"34,89000";"15,25774";"0,16502"
"34,90000";"15,27273";"0,16659"
"34,91000";"15,28760";"0,16748"
"34,92000";"15,30272";"0,17220"
"34,93000";"15,31783";"0,17855"
"34,94000";"15,33294";"0,18232"
"34,95000";"15,34805";"0,18872"
"34,96000";"15,36304";"0,18920"
"34,97000";"15,37815";"0,18546"
"34,98000";"15,39303";"0,18598"
"34,99000";"15,40802";"0,19690"
"35,00000";"15,42301";"0,19670"
"35,01000";"15,43813";"0,19275"
"35,02000";"15,45324";"0,19092"
"35,03000";"15,46823";"0,18669"
"35,04000";"15,48310";"0,18174"
"35,05000";"15,49810";"0,18038"
"35,06000";"15,51297";"0,18154"
"35,07000";"15,52797";"0,18024"
"35,08000";"15,54296";"0,18005"
"35,09000";"15,55807";"0,19289"
"35,10000";"15,57318";"0,20377"
"35,11000";"15,58805";"0,20962"
"35,12000";"15,60317";"0,20796"
"35,13000";"15,61804";"0,20521"
"35,14000";"15,63292";"0,20451"
"35,15000";"15,64779";"0,20694"
"35,16000";"15,66279";"0,21118"
"35,17000";"15,67790";"0,21648"
"35,18000";"15,69301";"0,22073"
"35,19000";"15,70800";"0,21298"
"35,20000";"15,72299";"0,21340"
"35,21000";"15,73799";"0,21704"
"35,22000";"15,75298";"0,21695"
"35,23000";"15,76809";"0,21747"
"35,24000";"15,78308";"0,22253"
"35,25000";"15,79808";"0,22582"
"35,26000";"15,81319";"0,22543"
"35,27000";"15,82818";"0,23379"
"35,28000";"15,84317";"0,25129"
"35,29000";"15,85805";"0,25536"
"35,30000";"15,87304";"0,25822"
"35,31000";"15,88815";"0,25712"
"35,32000";"15,90315";"0,25370"
"35,33000";"15,91814";"0,24681"
"35,34000";"15,93313";"0,24717"
"35,35000";"15,94813";"0,24348"
"35,36000";"15,96312";"0,24129"
"35,37000";"15,97799";"0,24449"
"35,38000";"15,99299";"0,25624"
"35,39000";"16,00798";"0,27293"
"35,40000";"16,02286";"0,28872"
"35,41000";"16,03785";"0,29632"
"35,42000";"16,05284";"0,30198"
"35,43000";"16,06771";"0,30550"
"35,44000";"16,08271";"0,31476"
"35,45000";"16,09759";"0,31021"
"35,46000";"16,11269";"0,30812"
"35,47000";"16,12781";"0,30956"
"35,48000";"16,14280";"0,30775"
"35,49000";"16,15791";"0,31636"
"35,50000";"16,17314";"0,32277"
"35,51000";"16,18825";"0,32685"
"35,52000";"16,20324";"0,32416"
"35,53000";"16,21824";"0,32461"
"35,54000";"16,23323";"0,32732"
"35,55000";"16,24822";"0,33838"
"35,56000";"16,26310";"0,34478"
"35,57000";"16,27809";"0,34920"
"35,58000";"16,29308";"0,35354"
"35,59000";"16,30808";"0,36489"
"35,60000";"16,32319";"0,37758"
"35,61000";"16,33818";"0,38749"
"35,62000";"16,35306";"0,39485"
"35,63000";"16,36817";"0,39656"
"35,64000";"16,38316";"0,40258"
"35,65000";"16,39815";"0,41277"
"35,66000";"16,41315";"0,41296"
"35,67000";"16,42802";"0,41791"
"35,68000";"16,44301";"0,42730"
"35,69000";"16,45789";"0,43803"
"35,70000";"16,47288";"0,45148"
"35,71000";"16,48788";"0,45883"
"35,72000";"16,50287";"0,47134"
"35,73000";"16,51786";"0,48889"
"35,74000";"16,53286";"0,49772"
"35,75000";"16,54785";"0,50571"
"35,76000";"16,56272";"0,52291"
"35,77000";"16,57771";"0,54464"
"35,78000";"16,59271";"0,56380"
"35,79000";"16,60782";"0,58417"
"35,80000";"16,62293";"0,60507"
"35,81000";"16,63816";"0,62927"
"35,82000";"16,65327";"0,65179"
"35,83000";"16,66826";"0,67321"
"35,84000";"16,68326";"0,69958"
"35,85000";"16,69813";"0,73298"
"35,86000";"16,71324";"0,75747"
"35,87000";"16,72824";"0,76897"
"35,88000";"16,74311";"0,77597"
"35,89000";"16,75799";"0,78821"
"35,90000";"16,77298";"0,80690"
"35,91000";"16,78786";"0,83371"
"35,92000";"16,80285";"0,87155"
"35,93000";"16,81772";"0,90767"
"35,94000";"16,83283";"0,94138"
"35,95000";"16,84795";"0,97259"
"35,96000";"16,86306";"1,00435"
"35,97000";"16,87805";"1,03596"
"35,98000";"16,89304";"1,07354"
"35,99000";"16,90804";"1,11273"
"36,00000";"16,92279";"1,15607"
"36,01000";"16,93778";"1,20853"
"36,02000";"16,95290";"1,26236"
"36,03000";"16,96789";"1,31250"
"36,04000";"16,98300";"1,35611"
"36,05000";"16,99799";"1,39743"
"36,06000";"17,01299";"1,44707"
"36,07000";"17,02798";"1,50158"
"36,08000";"17,04297";"1,56350"
"36,09000";"17,05785";"1,62714"
"36,10000";"17,07296";"1,69912"
"36,11000";"17,08795";"1,77849"
"36,12000";"17,10295";"1,86053"
"36,13000";"17,11794";"1,94350"
"36,14000";"17,13293";"2,03438"
"36,15000";"17,14792";"2,13173"
"36,16000";"17,16292";"2,24069"
"36,17000";"17,17779";"2,35604"
"36,18000";"17,19290";"2,47069"
"36,19000";"17,20790";"2,59174"
"36,20000";"17,22289";"2,72568"
"36,21000";"17,23788";"2,86628"
"36,22000";"17,25288";"3,01993"
"36,23000";"17,26799";"3,18555"
"36,24000";"17,28286";"3,35457"
"36,25000";"17,29786";"3,53473"
"36,26000";"17,31285";"3,73291"
"36,27000";"17,32784";"3,93942"
"36,28000";"17,34283";"4,16244"
"36,29000";"17,35759";"4,39339"
"36,30000";"17,37247";"4,64155"
"36,31000";"17,38746";"4,91008"
"36,32000";"17,40233";"5,19577"
"36,33000";"17,41733";"5,50400"
"36,34000";"17,43244";"5,82608"
"36,35000";"17,44767";"6,17052"
"36,36000";"17,46290";"6,54720"
"36,37000";"17,47812";"6,94981"
"36,38000";"17,49324";"7,37714"
"36,39000";"17,50835";"7,82976"
"36,40000";"17,52334";"8,30853"
"36,41000";"17,53833";"8,81907"
"36,42000";"17,55321";"9,35504"
"36,43000";"17,56820";"9,92293"
"36,44000";"17,58319";"10,53286"
"36,45000";"17,59819";"11,19386"
"36,46000";"17,61306";"11,89070"
"36,47000";"17,62806";"12,61888"
"36,48000";"17,64293";"13,39248"
"36,49000";"17,65792";"14,23271"
"36,50000";"17,67292";"15,13739"
"36,51000";"17,68779";"16,09319"
"36,52000";"17,70278";"17,11328"
"36,53000";"17,71789";"18,20101"
"36,54000";"17,73289";"19,35917"
"36,55000";"17,74788";"20,58435"
"36,56000";"17,76287";"21,87959"
"36,57000";"17,77775";"23,25792"
"36,58000";"17,79262";"24,71911"
"36,59000";"17,80774";"26,25177"
"36,60000";"17,82261";"27,87613"
"36,61000";"17,83760";"29,59086"
"36,62000";"17,85260";"31,40934"
"36,63000";"17,86759";"33,32873"
"36,64000";"17,88258";"35,35254"
"36,65000";"17,89781";"37,51278"
"36,66000";"17,91304";"39,83726"
"36,67000";"17,92827";"42,34921"
"36,68000";"17,94338";"45,01900"
"36,69000";"17,95837";"47,84086"
"36,70000";"17,97325";"50,81841"
"36,71000";"17,98812";"53,97080"
"36,72000";"18,00312";"57,32071"
"36,73000";"18,01811";"60,89655"
"36,74000";"18,03310";"64,73217"
"36,75000";"18,04798";"68,87167"
"36,76000";"18,06309";"73,30968"
"36,77000";"18,07808";"78,08387"
"36,78000";"18,09296";"83,24214"
"36,79000";"18,10783";"88,86721"
"36,80000";"18,12283";"95,14417"
"36,81000";"18,13794";"102,27538"
"36,82000";"18,15281";"110,23974"
"36,83000";"18,16781";"118,84708"
"36,84000";"18,18280";"127,87442"
"36,85000";"18,19779";"137,11806"
"36,86000";"18,21267";"146,47351"
"36,87000";"18,22730";"155,79634"
"36,88000";"18,24218";"164,97484"
"36,89000";"18,25718";"174,07201"
"36,90000";"18,27228";"183,18858"
"36,91000";"18,28728";"192,36530"
"36,92000";"18,30239";"201,66898"
"36,93000";"18,31738";"211,11261"
"36,94000";"18,33237";"220,70929"
"36,95000";"18,34749";"230,51091"
"36,96000";"18,36260";"240,61243"
"36,97000";"18,37771";"250,98402"
"36,98000";"18,39282";"261,59738"
"36,99000";"18,40781";"272,31940"
"37,00000";"18,42281";"283,09583"
"37,01000";"18,43780";"293,84363"
"37,02000";"18,45267";"304,58517"
"37,03000";"18,46755";"315,36960"
"37,04000";"18,48266";"326,35703"
"37,05000";"18,49777";"337,79590"
"37,05200";"18,50072";"340,12894"
"37,05400";"18,50379";"342,46835"
"37,06400";"18,51690";"354,13129"
"37,07400";"18,52433";"364,04483"
"37,08000";"18,52622";"367,25443"
"37,09000";"18,52551";"365,31299"
"37,10000";"18,52056";"352,95514"
"37,11000";"18,50899";"328,98990"
"37,12000";"18,49199";"290,57608"
"37,13000";"18,47168";"237,31105"
"37,14000";"18,45008";"175,03249"
"37,15000";"18,42800";"113,30756"
"37,16000";"18,40675";"60,66299"
"37,17000";"18,38621";"21,52338"
"37,18000";"18,36649";"-3,66115"
"37,19000";"18,34760";"-16,72026"
"37,20000";"18,32931";"-20,31763"
"37,21000";"18,31160";"-18,28735"
"37,22000";"18,29472";"-14,20160"
"37,23000";"18,27807";"-10,35893"
"37,24000";"18,26178";"-7,69180"
"37,25000";"18,24572";"-6,22167"
"37,26000";"18,23002";"-5,72210"
"37,27000";"18,21432";"-5,85216"
"37,28000";"18,19885";"-6,25630"
"37,29000";"18,18339";"-6,69812"
"37,30000";"18,16828";"-7,07908"
"37,31000";"18,15305";"-7,36368"
"37,32000";"18,13794";"-7,55213"
"37,33000";"18,12271";"-7,66698"
"37,34000";"18,10760";"-7,73875"
"37,35000";"18,09237";"-7,76717"
"37,36000";"18,07738";"-7,76069"
"37,37000";"18,06226";"-7,74177"
"37,38000";"18,04727";"-7,69527"
"37,39000";"18,03228";"-7,62016"
"37,40000";"18,01728";"-7,52808"
"37,41000";"18,00217";"-7,43767"
"37,42000";"17,98718";"-7,32935"
"37,43000";"17,97243";"-7,20320"
"37,44000";"17,95755";"-7,07142"
"37,45000";"17,94255";"-6,94493"
"37,46000";"17,92733";"-6,81970"
"37,47000";"17,91222";"-6,68392"
"37,48000";"17,89699";"-6,53076"
"37,49000";"17,88199";"-6,37645"
"37,50000";"17,86676";"-6,21519"
"37,51000";"17,85165";"-6,04601"
"37,52000";"17,83666";"-5,87797"
"37,53000";"17,82167";"-5,69944"
"37,54000";"17,80679";"-5,49720"
"37,55000";"17,79180";"-5,27556"
"37,56000";"17,77704";"-5,04185"
"37,57000";"17,76217";"-4,82635"
"37,58000";"17,74706";"-4,62385"
"37,59000";"17,73195";"-4,43377"
"37,60000";"17,71695";"-4,25559"
"37,61000";"17,70196";"-4,06811"
"37,62000";"17,68696";"-3,87870"
"37,63000";"17,67186";"-3,69160"
"37,64000";"17,65686";"-3,50361"
"37,65000";"17,64187";"-3,32644"
"37,66000";"17,62688";"-3,15856"
"37,67000";"17,61188";"-2,99661"
"37,68000";"17,59689";"-2,84047"
"37,69000";"17,58213";"-2,68127"
"37,70000";"17,56714";"-2,53041"
"37,71000";"17,55215";"-2,39826"
"37,72000";"17,53715";"-2,28635"
"37,73000";"17,52216";"-2,18867"
"37,74000";"17,50705";"-2,09161"
"37,75000";"17,49194";"-2,00380"
"37,76000";"17,47694";"-1,91830"
"37,77000";"17,46207";"-1,82970"
"37,78000";"17,44708";"-1,75112"
"37,79000";"17,43209";"-1,68370"
"37,80000";"17,41709";"-1,62168"
"37,81000";"17,40210";"-1,56925"
"37,82000";"17,38699";"-1,52336"
"37,83000";"17,37188";"-1,48101"
"37,84000";"17,35688";"-1,43911"
"37,85000";"17,34201";"-1,39441"
"37,86000";"17,32713";"-1,33554"
"37,87000";"17,31214";"-1,27073"
"37,88000";"17,29703";"-1,20979"
"37,89000";"17,28215";"-1,15025"
"37,90000";"17,26716";"-1,09107"
"37,91000";"17,25205";"-1,03622"
"37,92000";"17,23706";"-0,99519"
"37,93000";"17,22206";"-0,96096"
"37,94000";"17,20719";"-0,92625"
"37,95000";"17,19208";"-0,88495"
"37,96000";"17,17696";"-0,84247"
"37,97000";"17,16197";"-0,80276"
"37,98000";"17,14698";"-0,76375"
"37,99000";"17,13187";"-0,72993"
"38,00000";"17,11687";"-0,70774"
"38,01000";"17,10200";"-0,69590"
"38,02000";"17,08701";"-0,68797"
"38,03000";"17,07201";"-0,67482"
"38,04000";"17,05690";"-0,66051"
"38,05000";"17,04203";"-0,64295"
"38,06000";"17,02692";"-0,62085"
"38,07000";"17,01192";"-0,59694"
"38,08000";"16,99693";"-0,57857"
"38,09000";"16,98194";"-0,56582"
"38,10000";"16,96706";"-0,55078"
"38,11000";"16,95207";"-0,53261"
"38,12000";"16,93696";"-0,51726"
"38,13000";"16,92196";"-0,50936"
"38,14000";"16,90697";"-0,50194"
"38,15000";"16,89186";"-0,50072"
"38,16000";"16,87687";"-0,49298"
"38,17000";"16,86188";"-0,48077"
"38,18000";"16,84688";"-0,46174"
"38,19000";"16,83201";"-0,44330"
"38,20000";"16,81701";"-0,42434"
"38,21000";"16,80190";"-0,40898"
"38,22000";"16,78691";"-0,39321"
"38,23000";"16,77192";"-0,38435"
"38,24000";"16,75692";"-0,37639"
"38,25000";"16,74193";"-0,37103"
"38,26000";"16,72694";"-0,36990"
"38,27000";"16,71206";"-0,36288"
"38,28000";"16,69695";"-0,35047"
"38,29000";"16,68184";"-0,33643"
"38,30000";"16,66685";"-0,32612"
"38,31000";"16,65197";"-0,32314"
"38,32000";"16,63710";"-0,32126"
"38,33000";"16,62199";"-0,31886"
"38,34000";"16,60699";"-0,31348"
"38,35000";"16,59188";"-0,31107"
"38,36000";"16,57689";"-0,31081"
"38,37000";"16,56178";"-0,31197"
"38,38000";"16,54667";"-0,31222"
"38,39000";"16,53179";"-0,30451"
"38,40000";"16,51692";"-0,29496"
"38,41000";"16,50216";"-0,29705"
"38,42000";"16,48705";"-0,29817"
"38,43000";"16,47206";"-0,30004"
"38,44000";"16,45706";"-0,29364"
"38,45000";"16,44195";"-0,28902"
"38,46000";"16,42684";"-0,28583"
"38,47000";"16,41197";"-0,28571"
"38,48000";"16,39709";"-0,29121"
"38,49000";"16,38222";"-0,29309"
"38,50000";"16,36710";"-0,29598"
"38,51000";"16,35211";"-0,29696"
"38,52000";"16,33724";"-0,29701"
"38,53000";"16,32224";"-0,29718"
"38,54000";"16,30713";"-0,29676"
"38,55000";"16,29214";"-0,29055"
"38,56000";"16,27715";"-0,28068"
"38,57000";"16,26215";"-0,27165"
"38,58000";"16,24704";"-0,26457"
"38,59000";"16,23193";"-0,25431"
"38,60000";"16,21706";"-0,24403"
"38,61000";"16,20206";"-0,23507"
"38,62000";"16,18707";"-0,23016"
"38,63000";"16,17208";"-0,23328"
"38,64000";"16,15720";"-0,23021"
"38,65000";"16,14221";"-0,22092"
"38,66000";"16,12710";"-0,21404"
"38,67000";"16,11199";"-0,21743"
"38,68000";"16,09699";"-0,22089"
"38,69000";"16,08188";"-0,21605"
"38,70000";"16,06677";"-0,21580"
"38,71000";"16,05178";"-0,21515"
"38,72000";"16,03690";"-0,21984"
"38,73000";"16,02203";"-0,22936"
"38,74000";"16,00704";"-0,22662"
"38,75000";"15,99192";"-0,22131"
"38,76000";"15,97693";"-0,22007"
"38,77000";"15,96194";"-0,21913"
"38,78000";"15,94695";"-0,20890"
"38,79000";"15,93195";"-0,20057"
"38,80000";"15,91696";"-0,20502"
"38,81000";"15,90208";"-0,20964"
"38,82000";"15,88721";"-0,20819"
"38,83000";"15,87210";"-0,20238"
"38,84000";"15,85710";"-0,20170"
"38,85000";"15,84211";"-0,19845"
"38,86000";"15,82712";"-0,20262"
"38,87000";"15,81213";"-0,20875"
"38,88000";"15,79713";"-0,21185"
"38,89000";"15,78226";"-0,21020"
"38,90000";"15,76727";"-0,20363"
"38,91000";"15,75215";"-0,19420"
"38,92000";"15,73704";"-0,19411"
"38,93000";"15,72205";"-0,19376"
"38,94000";"15,70706";"-0,18884"
"38,95000";"15,69218";"-0,18359"
"38,96000";"15,67719";"-0,18562"
"38,97000";"15,66220";"-0,17997"
"38,98000";"15,64720";"-0,16699"
"38,99000";"15,63221";"-0,15924"
"39,00000";"15,61698";"-0,15423"
"39,01000";"15,60187";"-0,15798"
"39,02000";"15,58687";"-0,16730"
"39,03000";"15,57188";"-0,16710"
"39,04000";"15,55689";"-0,16277"
"39,05000";"15,54190";"-0,15423"
"39,06000";"15,52690";"-0,14062"
"39,07000";"15,51191";"-0,13565"
"39,08000";"15,49680";"-0,13419"
"39,09000";"15,48169";"-0,14547"
"39,10000";"15,46681";"-0,15132"
"39,11000";"15,45194";"-0,15351"
"39,12000";"15,43694";"-0,15939"
"39,13000";"15,42195";"-0,16709"
"39,14000";"15,40707";"-0,16791"
"39,15000";"15,39208";"-0,17285"
"39,16000";"15,37709";"-0,17534"
"39,17000";"15,36186";"-0,17788"
"39,18000";"15,34687";"-0,17610"
"39,19000";"15,33211";"-0,16095"
"39,20000";"15,31700";"-0,14912"
"39,21000";"15,30201";"-0,14058"
"39,22000";"15,28701";"-0,13833"
"39,23000";"15,27214";"-0,13864"
"39,24000";"15,25703";"-0,14392"
"39,25000";"15,24192";"-0,14471"
"39,26000";"15,22704";"-0,14958"
"39,27000";"15,21205";"-0,14912"
"39,28000";"15,19717";"-0,14799"
"39,29000";"15,18218";"-0,15056"
"39,30000";"15,16707";"-0,16150"
"39,31000";"15,15231";"-0,16227"
"39,32000";"15,13720";"-0,15749"
"39,33000";"15,12209";"-0,15948"
"39,34000";"15,10710";"-0,16396"
"39,35000";"15,09210";"-0,16650"
"39,36000";"15,07723";"-0,16367"
"39,37000";"15,06212";"-0,16360"
"39,38000";"15,04713";"-0,16407"
"39,39000";"15,03201";"-0,16119"
"39,40000";"15,01702";"-0,15602"
"39,41000";"15,00203";"-0,15635"
"39,42000";"14,98703";"-0,16020"
"39,43000";"14,97216";"-0,16363"
"39,44000";"14,95728";"-0,16805"
"39,45000";"14,94229";"-0,16073"
"39,46000";"14,92718";"-0,15508"
"39,47000";"14,91231";"-0,15339"
"39,48000";"14,89731";"-0,14888"
"39,49000";"14,88232";"-0,14353"
"39,50000";"14,86721";"-0,14304"
"39,51000";"14,85210";"-0,14480"
"39,52000";"14,83722";"-0,15211"
"39,53000";"14,82223";"-0,15657"
"39,54000";"14,80712";"-0,16070"
"39,55000";"14,79201";"-0,16383"
"39,56000";"14,77713";"-0,15479"
"39,57000";"14,76226";"-0,14585"
"39,58000";"14,74714";"-0,14375"
"39,59000";"14,73215";"-0,14975"
"39,60000";"14,71728";"-0,15170"
"39,61000";"14,70228";"-0,14619"
"39,62000";"14,68717";"-0,15097"
"39,63000";"14,67194";"-0,15953"
"39,64000";"14,65707";"-0,16305"
"39,65000";"14,64219";"-0,15827"
"39,66000";"14,62708";"-0,14884"
"39,67000";"14,61197";"-0,15206"
"39,68000";"14,59698";"-0,15310"
"39,69000";"14,58199";"-0,15433"
"39,70000";"14,56687";"-0,15340"
"39,71000";"14,55176";"-0,15213"
"39,72000";"14,53677";"-0,15548"
"39,73000";"14,52190";"-0,16068"
"39,74000";"14,50690";"-0,15935"
"39,75000";"14,49179";"-0,15769"
"39,76000";"14,47680";"-0,15309"
"39,77000";"14,46192";"-0,15143"
"39,78000";"14,44681";"-0,15183"
"39,79000";"14,43170";"-0,14684"
"39,80000";"14,41671";"-0,14977"
"39,81000";"14,40183";"-0,15446"
"39,82000";"14,38696";"-0,16248"
"39,83000";"14,37185";"-0,16439"
"39,84000";"14,35685";"-0,16210"
"39,85000";"14,34186";"-0,15679"
"39,86000";"14,32687";"-0,14803"
"39,87000";"14,31164";"-0,14041"
"39,88000";"14,29665";"-0,14104"
"39,89000";"14,28201";"-0,14726"
"39,90000";"14,26701";"-0,15390"
"39,91000";"14,25202";"-0,15699"
"39,92000";"14,23679";"-0,15634"
"39,93000";"14,22180";"-0,15096"
"39,94000";"14,20681";"-0,14724"
"39,95000";"14,19169";"-0,14214"
"39,96000";"14,17670";"-0,14310"
"39,97000";"14,16194";"-0,14339"
"39,98000";"14,14707";"-0,14614"
"39,99000";"14,13208";"-0,14407"
"40,00000";"14,11697";"-0,15052"
"40,01000";"14,10197";"-0,16131"
"40,02000";"14,08710";"-0,17060"
"40,03000";"14,07199";"-0,17021"
"40,04000";"14,05699";"-0,16371"
"40,05000";"14,04212";"-0,15792"
"40,06000";"14,02724";"-0,15725"
"40,07000";"14,01225";"-0,15104"
"40,08000";"13,99714";"-0,14802"
"40,09000";"13,98215";"-0,14660"
"40,10000";"13,96727";"-0,14382"
"40,11000";"13,95228";"-0,13801"
"40,12000";"13,93717";"-0,13493"
"40,13000";"13,92217";"-0,12654"
"40,14000";"13,90730";"-0,11251"
"40,15000";"13,89231";"-0,10879"
"40,16000";"13,87719";"-0,10751"
"40,17000";"13,86196";"-0,11691"
"40,18000";"13,84709";"-0,12215"
"40,19000";"13,83210";"-0,12401"
"40,20000";"13,81699";"-0,12835"
"40,21000";"13,80199";"-0,13466"
"40,22000";"13,78712";"-0,13168"
"40,23000";"13,77212";"-0,12955"
"40,24000";"13,75701";"-0,12580"
"40,25000";"13,74179";"-0,12835"
"40,26000";"13,72679";"-0,12912"
"40,27000";"13,71192";"-0,12061"
"40,28000";"13,69692";"-0,11557"
"40,29000";"13,68181";"-0,11086"
"40,30000";"13,66694";"-0,10769"
"40,31000";"13,65218";"-0,11025"
"40,32000";"13,63707";"-0,10808"
"40,33000";"13,62196";"-0,11253"
"40,34000";"13,60685";"-0,12174"
"40,35000";"13,59197";"-0,12290"
"40,36000";"13,57710";"-0,12131"
"40,37000";"13,56199";"-0,12012"
"40,38000";"13,54688";"-0,12556"
"40,39000";"13,53200";"-0,12790"
"40,40000";"13,51701";"-0,12568"
"40,41000";"13,50190";"-0,12040"
"40,42000";"13,48678";"-0,11681"
"40,43000";"13,47191";"-0,12183"
"40,44000";"13,45704";"-0,11549"
"40,45000";"13,44192";"-0,10177"
"40,46000";"13,42693";"-0,10045"
"40,47000";"13,41206";"-0,10374"
"40,48000";"13,39706";"-0,10043"
"40,49000";"13,38195";"-0,10178"
"40,50000";"13,36672";"-0,10290"
"40,51000";"13,35185";"-0,10256"
"40,52000";"13,33709";"-0,10181"
"40,53000";"13,32210";"-0,10180"
"40,54000";"13,30699";"-0,10084"
"40,55000";"13,29199";"-0,10754"
"40,56000";"13,27700";"-0,10450"
"40,57000";"13,26189";"-0,10005"
"40,58000";"13,24678";"-0,09763"
"40,59000";"13,23190";"-0,09497"
"40,60000";"13,21703";"-0,09075"
"40,61000";"13,20203";"-0,08346"
"40,62000";"13,18704";"-0,08107"
"40,63000";"13,17193";"-0,08518"
"40,64000";"13,15706";"-0,08678"
"40,65000";"13,14194";"-0,08352"
"40,66000";"13,12671";"-0,08279"
"40,67000";"13,11172";"-0,08523"
"40,68000";"13,09685";"-0,08967"
"40,69000";"13,08209";"-0,08767"
"40,70000";"13,06698";"-0,08867"
"40,71000";"13,05187";"-0,09109"
"40,72000";"13,03687";"-0,08558"
"40,73000";"13,02188";"-0,08720"
"40,74000";"13,00677";"-0,09075"
"40,75000";"12,99178";"-0,09538"
"40,76000";"12,97690";"-0,09347"
"40,77000";"12,96215";"-0,08616"
"40,78000";"12,94715";"-0,08107"
"40,79000";"12,93204";"-0,07892"
"40,80000";"12,91705";"-0,07257"
"40,81000";"12,90205";"-0,07128"
"40,82000";"12,88706";"-0,07367"
"40,83000";"12,87207";"-0,07517"
"40,84000";"12,85708";"-0,07228"
"40,85000";"12,84220";"-0,06722"
"40,86000";"12,82721";"-0,06253"
"40,87000";"12,81210";"-0,06398"
"40,88000";"12,79710";"-0,06790"
"40,89000";"12,78211";"-0,07106"
"40,90000";"12,76700";"-0,06861"
"40,91000";"12,75201";"-0,06554"
"40,92000";"12,73701";"-0,07813"
"40,93000";"12,72214";"-0,08991"
"40,94000";"12,70703";"-0,09891"
"40,95000";"12,69192";"-0,09640"
"40,96000";"12,67669";"-0,09954"
"40,97000";"12,66181";"-0,10317"
"40,98000";"12,64682";"-0,10441"
"40,99000";"12,63183";"-0,09551"
"41,00000";"12,61683";"-0,08121"
"41,01000";"12,60196";"-0,07453"
"41,02000";"12,58697";"-0,07306"
"41,03000";"12,57197";"-0,07997"
"41,04000";"12,55686";"-0,08527"
"41,05000";"12,54187";"-0,08577"
"41,06000";"12,52688";"-0,08357"
"41,07000";"12,51188";"-0,07894"
"41,08000";"12,49677";"-0,07414"
"41,09000";"12,48190";"-0,07581"
"41,10000";"12,46690";"-0,07771"
"41,11000";"12,45191";"-0,08359"
"41,12000";"12,43692";"-0,08285"
"41,13000";"12,42180";"-0,08228"
"41,14000";"12,40693";"-0,08671"
"41,15000";"12,39206";"-0,08604"
"41,16000";"12,37706";"-0,08806"
"41,17000";"12,36207";"-0,08783"
"41,18000";"12,34708";"-0,08955"
"41,19000";"12,33208";"-0,08358"
"41,20000";"12,31709";"-0,07747"
"41,21000";"12,30198";"-0,07820"
"41,22000";"12,28687";"-0,08405"
"41,23000";"12,27199";"-0,08939"
"41,24000";"12,25700";"-0,09594"
"41,25000";"12,24201";"-0,09795"
"41,26000";"12,22701";"-0,09437"
"41,27000";"12,21202";"-0,09271"
"41,28000";"12,19691";"-0,08585"
"41,29000";"12,18180";"-0,08524"
"41,30000";"12,16681";"-0,08598"
"41,31000";"12,15193";"-0,07963"
"41,32000";"12,13706";"-0,07552"
"41,33000";"12,12194";"-0,06972"
"41,34000";"12,10695";"-0,07171"
"41,35000";"12,09208";"-0,07248"
"41,36000";"12,07708";"-0,07192"
"41,37000";"12,06209";"-0,07409"
"41,38000";"12,04710";"-0,07243"
"41,39000";"12,03222";"-0,07583"
"41,40000";"12,01723";"-0,07515"
"41,41000";"12,00224";"-0,07817"
"41,42000";"11,98713";"-0,07746"
"41,43000";"11,97201";"-0,07521"
"41,44000";"11,95690";"-0,07136"
"41,45000";"11,94191";"-0,07330"
"41,46000";"11,92680";"-0,08279"
"41,47000";"11,91204";"-0,08484"
"41,48000";"11,89717";"-0,08927"
"41,49000";"11,88206";"-0,09021"
"41,50000";"11,86695";"-0,09203"
"41,51000";"11,85195";"-0,09839"
"41,52000";"11,83684";"-0,10071"
"41,53000";"11,82185";"-0,09833"
"41,54000";"11,80674";"-0,09367"
"41,55000";"11,79174";"-0,08266"
"41,56000";"11,77687";"-0,07886"
"41,57000";"11,76199";"-0,07716"
"41,58000";"11,74688";"-0,07212"
"41,59000";"11,73189";"-0,06973"
"41,60000";"11,71690";"-0,08088"
"41,61000";"11,70202";"-0,08555"
"41,62000";"11,68703";"-0,08278"
"41,63000";"11,67192";"-0,08131"
"41,64000";"11,65693";"-0,08035"
"41,65000";"11,64193";"-0,07757"
"41,66000";"11,62694";"-0,07810"
"41,67000";"11,61195";"-0,07505"
"41,68000";"11,59683";"-0,07890"
"41,69000";"11,58196";"-0,07542"
"41,70000";"11,56697";"-0,07324"
"41,71000";"11,55197";"-0,06997"
"41,72000";"11,53698";"-0,07184"
"41,73000";"11,52199";"-0,07533"
"41,74000";"11,50699";"-0,08179"
"41,75000";"11,49188";"-0,08402"
"41,76000";"11,47689";"-0,07918"
"41,77000";"11,46201";"-0,07942"
"41,78000";"11,44714";"-0,07914"
"41,79000";"11,43203";"-0,07638"
"41,80000";"11,41704";"-0,08144"
"41,81000";"11,40216";"-0,08414"
"41,82000";"11,38705";"-0,08525"
"41,83000";"11,37194";"-0,09396"
"41,84000";"11,35683";"-0,09989"
"41,85000";"11,34183";"-0,10207"
"41,86000";"11,32684";"-0,10347"
"41,87000";"11,31185";"-0,10320"
"41,88000";"11,29697";"-0,10134"
"41,89000";"11,28198";"-0,09442"
"41,90000";"11,26710";"-0,08548"
"41,91000";"11,25211";"-0,07678"
"41,92000";"11,23700";"-0,07810"
"41,93000";"11,22201";"-0,08429"
"41,94000";"11,20701";"-0,09494"
"41,95000";"11,19202";"-0,09597"
"41,96000";"11,17691";"-0,09483"
"41,97000";"11,16192";"-0,09728"
"41,98000";"11,14704";"-0,09480"
"41,99000";"11,13205";"-0,08770"
"42,00000";"11,11694";"-0,08645"
"42,01000";"11,10194";"-0,08325"
"42,02000";"11,08719";"-0,08228"
"42,03000";"11,07208";"-0,07822"
"42,04000";"11,05708";"-0,07339"
"42,05000";"11,04197";"-0,07638"
"42,06000";"11,02686";"-0,07817"
"42,07000";"11,01187";"-0,07979"
"42,08000";"10,99676";"-0,08185"
"42,09000";"10,98188";"-0,08441"
"42,10000";"10,96701";"-0,08559"
"42,11000";"10,95213";"-0,08015"
"42,12000";"10,93702";"-0,07675"
"42,13000";"10,92191";"-0,07683"
"42,14000";"10,90692";"-0,08580"
"42,15000";"10,89192";"-0,09220"
"42,16000";"10,87681";"-0,08295"
"42,17000";"10,86182";"-0,07223"
"42,18000";"10,84683";"-0,07108"
"42,19000";"10,83207";"-0,06934"
"42,20000";"10,81696";"-0,06542"
"42,21000";"10,80185";"-0,05826"
"42,22000";"10,78697";"-0,05589"
"42,23000";"10,77198";"-0,06906"
"42,24000";"10,75699";"-0,08218"
"42,25000";"10,74199";"-0,09086"
"42,26000";"10,72700";"-0,09399"
"42,27000";"10,71224";"-0,08678"
"42,28000";"10,69725";"-0,08006"
"42,29000";"10,68214";"-0,06968"
"42,30000";"10,66715";"-0,06759"
"42,31000";"10,65215";"-0,06945"
"42,32000";"10,63716";"-0,06838"
"42,33000";"10,62205";"-0,06168"
"42,34000";"10,60706";"-0,06113"
"42,35000";"10,59230";"-0,06398"
"42,36000";"10,57731";"-0,07104"
"42,37000";"10,56219";"-0,07221"
"42,38000";"10,54720";"-0,07926"
"42,39000";"10,53221";"-0,08030"
"42,40000";"10,51722";"-0,08020"
"42,41000";"10,50234";"-0,07587"
"42,42000";"10,48735";"-0,07777"
"42,43000";"10,47235";"-0,07841"
"42,44000";"10,45736";"-0,07875"
"42,45000";"10,44237";"-0,07744"
"42,46000";"10,42714";"-0,07336"
"42,47000";"10,41215";"-0,07155"
"42,48000";"10,39715";"-0,07008"
"42,49000";"10,38216";"-0,06973"
"42,50000";"10,36705";"-0,06897"
"42,51000";"10,35206";"-0,07357"
"42,52000";"10,33706";"-0,06969"
"42,53000";"10,32207";"-0,06120"
"42,54000";"10,30696";"-0,05529"
"42,55000";"10,29197";"-0,05149"
"42,56000";"10,27697";"-0,05245"
"42,57000";"10,26210";"-0,04515"
"42,58000";"10,24699";"-0,04278"
"42,59000";"10,23199";"-0,04521"
"42,60000";"10,21724";"-0,04362"
"42,61000";"10,20224";"-0,04850"
"42,62000";"10,18725";"-0,04924"
"42,63000";"10,17202";"-0,05205"
"42,64000";"10,15703";"-0,05364"
"42,65000";"10,14204";"-0,05015"
"42,66000";"10,12692";"-0,04456"
"42,67000";"10,11181";"-0,04319"
"42,68000";"10,09682";"-0,04822"
"42,69000";"10,08183";"-0,05411"
"42,70000";"10,06671";"-0,05914"
"42,71000";"10,05160";"-0,06554"
"42,72000";"10,03673";"-0,06924"
"42,73000";"10,02185";"-0,06973"
"42,74000";"10,00686";"-0,06926"
"42,75000";"9,99175";"-0,07091"
"42,76000";"9,97688";"-0,07001"
"42,77000";"9,96200";"-0,06701"
"42,78000";"9,94689";"-0,06211"
"42,79000";"9,93190";"-0,05269"
"42,80000";"9,91702";"-0,04535"
"42,81000";"9,90215";"-0,04417"
"42,82000";"9,88715";"-0,04966"
"42,83000";"9,87204";"-0,05319"
"42,84000";"9,85705";"-0,05312"
"42,85000";"9,84206";"-0,05456"
"42,86000";"9,82695";"-0,05325"
"42,87000";"9,81183";"-0,04681"
"42,88000";"9,79684";"-0,04857"
"42,89000";"9,78208";"-0,05250"
"42,90000";"9,76709";"-0,05213"
"42,91000";"9,75198";"-0,05395"
"42,92000";"9,73699";"-0,05786"
"42,93000";"9,72211";"-0,05500"
"42,94000";"9,70712";"-0,04868"
"42,95000";"9,69201";"-0,04691"
"42,96000";"9,67701";"-0,05021"
"42,97000";"9,66202";"-0,05458"
"42,98000";"9,64726";"-0,06091"
"42,99000";"9,63215";"-0,05816"
"43,00000";"9,61704";"-0,05332"
"43,01000";"9,60205";"-0,05662"
"43,02000";"9,58717";"-0,05475"
"43,03000";"9,57218";"-0,04516"
"43,04000";"9,55719";"-0,04258"
"43,05000";"9,54220";"-0,04256"
"43,06000";"9,52720";"-0,04985"
"43,07000";"9,51221";"-0,05350"
"43,08000";"9,49698";"-0,05577"
"43,09000";"9,48199";"-0,05681"
"43,10000";"9,46699";"-0,05864"
"43,11000";"9,45200";"-0,05839"
"43,12000";"9,43701";"-0,05576"
"43,13000";"9,42201";"-0,05969"
"43,14000";"9,40726";"-0,05939"
"43,15000";"9,39226";"-0,05468"
"43,16000";"9,37704";"-0,05390"
"43,17000";"9,36192";"-0,05754"
"43,18000";"9,34693";"-0,06200"
"43,19000";"9,33206";"-0,05071"
"43,20000";"9,31694";"-0,04400"
"43,21000";"9,30195";"-0,04963"
"43,22000";"9,28708";"-0,05612"
"43,23000";"9,27220";"-0,05438"
"43,24000";"9,25709";"-0,04701"
"43,25000";"9,24198";"-0,04808"
"43,26000";"9,22699";"-0,04882"
"43,27000";"9,21211";"-0,04890"
"43,28000";"9,19712";"-0,05587"
"43,29000";"9,18201";"-0,05560"
"43,30000";"9,16701";"-0,05408"
"43,31000";"9,15202";"-0,05831"
"43,32000";"9,13703";"-0,06327"
"43,33000";"9,12192";"-0,06018"
"43,34000";"9,10692";"-0,06177"
"43,35000";"9,09205";"-0,05896"
"43,36000";"9,07717";"-0,05074"
"43,37000";"9,06194";"-0,04866"
"43,38000";"9,04695";"-0,05000"
"43,39000";"9,03196";"-0,05359"
"43,40000";"9,01696";"-0,04989"
"43,41000";"9,00185";"-0,04236"
"43,42000";"8,98674";"-0,04050"
"43,43000";"8,97175";"-0,03639"
"43,44000";"8,95699";"-0,03635"
"43,45000";"8,94188";"-0,02990"
"43,46000";"8,92677";"-0,02854"
"43,47000";"8,91190";"-0,02355"
"43,48000";"8,89702";"-0,02313"
"43,49000";"8,88191";"-0,02519"
"43,50000";"8,86680";"-0,03062"
"43,51000";"8,85192";"-0,04025"
"43,52000";"8,83717";"-0,04759"
"43,53000";"8,82217";"-0,05083"
"43,54000";"8,80694";"-0,05558"
"43,55000";"8,79195";"-0,06289"
"43,56000";"8,77696";"-0,06436"
"43,57000";"8,76197";"-0,06071"
"43,58000";"8,74697";"-0,05800"
"43,59000";"8,73198";"-0,05231"
"43,60000";"8,71722";"-0,05215"
"43,61000";"8,70235";"-0,04542"
"43,62000";"8,68712";"-0,04041"
"43,63000";"8,67213";"-0,03598"
"43,64000";"8,65713";"-0,03674"
"43,65000";"8,64214";"-0,04701"
"43,66000";"8,62703";"-0,05730"
"43,67000";"8,61203";"-0,05268"
"43,68000";"8,59716";"-0,03983"
"43,69000";"8,58228";"-0,03389"
"43,70000";"8,56717";"-0,03349"
"43,71000";"8,55206";"-0,03723"
"43,72000";"8,53707";"-0,04850"
"43,73000";"8,52196";"-0,05438"
"43,74000";"8,50685";"-0,06181"
"43,75000";"8,49185";"-0,06759"
"43,76000";"8,47686";"-0,06008"
"43,77000";"8,46199";"-0,05299"
"43,78000";"8,44687";"-0,05005"
"43,79000";"8,43176";"-0,04844"
"43,80000";"8,41677";"-0,05052"
"43,81000";"8,40178";"-0,04956"
"43,82000";"8,38679";"-0,04549"
"43,83000";"8,37179";"-0,04522"
"43,84000";"8,35680";"-0,05593"
"43,85000";"8,34204";"-0,06341"
"43,86000";"8,32705";"-0,05731"
"43,87000";"8,31194";"-0,04651"
"43,88000";"8,29683";"-0,04276"
"43,89000";"8,28183";"-0,04449"
"43,90000";"8,26684";"-0,04471"
"43,91000";"8,25185";"-0,04200"
"43,92000";"8,23685";"-0,04951"
"43,93000";"8,22198";"-0,05476"
"43,94000";"8,20699";"-0,05632"
"43,95000";"8,19188";"-0,05114"
"43,96000";"8,17676";"-0,04622"
"43,97000";"8,16189";"-0,05462"
"43,98000";"8,14701";"-0,05634"
"43,99000";"8,13202";"-0,05246"
"44,00000";"8,11703";"-0,05182"
"44,01000";"8,10204";"-0,05231"
"44,02000";"8,08704";"-0,04597"
"44,03000";"8,07193";"-0,04078"
"44,04000";"8,05682";"-0,04092"
"44,05000";"8,04183";"-0,04013"
"44,06000";"8,02695";"-0,04461"
"44,07000";"8,01208";"-0,04047"
"44,08000";"7,99708";"-0,03889"
"44,09000";"7,98209";"-0,03914"
"44,10000";"7,96698";"-0,04766"
"44,11000";"7,95199";"-0,05412"
"44,12000";"7,93688";"-0,05705"
"44,13000";"7,92188";"-0,05882"
"44,14000";"7,90712";"-0,06108"
"44,15000";"7,89225";"-0,06234"
"44,16000";"7,87726";"-0,05427"
"44,17000";"7,86203";"-0,05036"
"44,18000";"7,84704";"-0,05218"
"44,19000";"7,83204";"-0,05594"
"44,20000";"7,81693";"-0,05568"
"44,21000";"7,80194";"-0,06091"
"44,22000";"7,78694";"-0,06630"
"44,23000";"7,77207";"-0,06736"
"44,24000";"7,75708";"-0,05864"
"44,25000";"7,74208";"-0,05910"
"44,26000";"7,72709";"-0,06380"
"44,27000";"7,71222";"-0,05959"
"44,28000";"7,69710";"-0,05182"
"44,29000";"7,68199";"-0,04608"
"44,30000";"7,66700";"-0,04637"
"44,31000";"7,65212";"-0,04661"
"44,32000";"7,63713";"-0,04709"
"44,33000";"7,62202";"-0,05227"
"44,34000";"7,60691";"-0,05496"
"44,35000";"7,59192";"-0,05574"
"44,36000";"7,57692";"-0,05985"
"44,37000";"7,56181";"-0,06425"
"44,38000";"7,54682";"-0,06248"
"44,39000";"7,53194";"-0,06037"
"44,40000";"7,51707";"-0,05724"
"44,41000";"7,50196";"-0,04950"
"44,42000";"7,48685";"-0,05135"
"44,43000";"7,47197";"-0,05310"
"44,44000";"7,45686";"-0,05190"
"44,45000";"7,44187";"-0,04586"
"44,46000";"7,42687";"-0,04344"
"44,47000";"7,41188";"-0,04537"
"44,48000";"7,39701";"-0,05131"
"44,49000";"7,38190";"-0,05028"
"44,50000";"7,36679";"-0,05079"
"44,51000";"7,35179";"-0,05039"
"44,52000";"7,33680";"-0,04870"
"44,53000";"7,32169";"-0,04649"
"44,54000";"7,30681";"-0,04797"
"44,55000";"7,29182";"-0,05239"
"44,56000";"7,27706";"-0,06373"
"44,57000";"7,26207";"-0,07033"
"44,58000";"7,24696";"-0,06792"
"44,59000";"7,23185";"-0,06031"
"44,60000";"7,21697";"-0,05475"
"44,61000";"7,20198";"-0,05256"
"44,62000";"7,18699";"-0,05512"
"44,63000";"7,17199";"-0,06152"
"44,64000";"7,15700";"-0,06473"
"44,65000";"7,14201";"-0,05760"
"44,66000";"7,12701";"-0,04671"
"44,67000";"7,11190";"-0,03870"
"44,68000";"7,09691";"-0,03995"
"44,69000";"7,08204";"-0,04528"
"44,70000";"7,06692";"-0,04541"
"44,71000";"7,05193";"-0,04294"
"44,72000";"7,03694";"-0,05206"
"44,73000";"7,02194";"-0,06115"
"44,74000";"7,00695";"-0,06475"
"44,75000";"6,99196";"-0,06804"
"44,76000";"6,97697";"-0,07155"
"44,77000";"6,96209";"-0,07134"
"44,78000";"6,94722";"-0,07051"
"44,79000";"6,93222";"-0,06644"
"44,80000";"6,91723";"-0,06341"
"44,81000";"6,90235";"-0,06706"
"44,82000";"6,88724";"-0,06302"
"44,83000";"6,87201";"-0,05992"
"44,84000";"6,85702";"-0,06234"
"44,85000";"6,84215";"-0,06325"
"44,86000";"6,82715";"-0,06325"
"44,87000";"6,81204";"-0,06261"
"44,88000";"6,79693";"-0,06169"
"44,89000";"6,78206";"-0,06521"
"44,90000";"6,76694";"-0,05988"
"44,91000";"6,75183";"-0,05907"
"44,92000";"6,73684";"-0,06495"
"44,93000";"6,72197";"-0,07182"
"44,94000";"6,70697";"-0,07266"
"44,95000";"6,69210";"-0,06763"
"44,96000";"6,67699";"-0,06758"
"44,97000";"6,66188";"-0,07233"
"44,98000";"6,64688";"-0,06953"
"44,99000";"6,63177";"-0,06704"
"45,00000";"6,61678";"-0,06369"
"45,01000";"6,60178";"-0,06356"
"45,02000";"6,58703";"-0,06012"
"45,03000";"6,57215";"-0,05105"
"45,04000";"6,55704";"-0,05319"
"45,05000";"6,54193";"-0,05479"
"45,06000";"6,52694";"-0,06149"
"45,07000";"6,51183";"-0,06642"
"45,08000";"6,49683";"-0,06287"
"45,09000";"6,48184";"-0,05737"
"45,10000";"6,46696";"-0,05118"
"45,11000";"6,45221";"-0,04861"
"45,12000";"6,43745";"-0,05398"
"45,13000";"6,42234";"-0,05902"
"45,14000";"6,40735";"-0,06547"
"45,15000";"6,39224";"-0,06847"
"45,16000";"6,37712";"-0,07374"
"45,17000";"6,36201";"-0,07676"
"45,18000";"6,34702";"-0,07895"
"45,19000";"6,33203";"-0,07811"
"45,20000";"6,31692";"-0,07175"
"45,21000";"6,30181";"-0,05971"
"45,22000";"6,28681";"-0,05379"
"45,23000";"6,27182";"-0,05255"
"45,24000";"6,25683";"-0,05258"
"45,25000";"6,24183";"-0,05262"
"45,26000";"6,22684";"-0,05634"
"45,27000";"6,21197";"-0,06130"
"45,28000";"6,19685";"-0,05934"
"45,29000";"6,18174";"-0,05685"
"45,30000";"6,16675";"-0,05560"
"45,31000";"6,15176";"-0,05036"
"45,32000";"6,13688";"-0,04531"
"45,33000";"6,12189";"-0,04153"
"45,34000";"6,10690";"-0,04571"
"45,35000";"6,09202";"-0,05230"
"45,36000";"6,07703";"-0,05371"
"45,37000";"6,06204";"-0,04951"
"45,38000";"6,04692";"-0,04092"
"45,39000";"6,03205";"-0,03712"
"45,40000";"6,01729";"-0,03889"
"45,41000";"6,00230";"-0,04921"
"45,42000";"5,98707";"-0,05815"
"45,43000";"5,97208";"-0,06231"
"45,44000";"5,95720";"-0,06010"
"45,45000";"5,94197";"-0,05972"
"45,46000";"5,92674";"-0,05899"
"45,47000";"5,91175";"-0,06715"
"45,48000";"5,89687";"-0,06801"
"45,49000";"5,88200";"-0,05927"
"45,50000";"5,86701";"-0,05221"
"45,51000";"5,85201";"-0,04221"
"45,52000";"5,83702";"-0,03700"
"45,53000";"5,82203";"-0,03449"
"45,54000";"5,80692";"-0,03621"
"45,55000";"5,79192";"-0,04823"
"45,56000";"5,77717";"-0,05373"
"45,57000";"5,76229";"-0,05087"
"45,58000";"5,74718";"-0,04823"
"45,59000";"5,73207";"-0,04761"
"45,60000";"5,71719";"-0,04770"
"45,61000";"5,70220";"-0,05170"
"45,62000";"5,68709";"-0,05719"
"45,63000";"5,67198";"-0,05807"
"45,64000";"5,65699";"-0,06780"
"45,65000";"5,64211";"-0,06949"
"45,66000";"5,62700";"-0,07129"
"45,67000";"5,61189";"-0,07008"
"45,68000";"5,59690";"-0,07019"
"45,69000";"5,58190";"-0,07132"
"45,70000";"5,56679";"-0,06629"
"45,71000";"5,55180";"-0,05976"
"45,72000";"5,53692";"-0,05759"
"45,73000";"5,52217";"-0,05598"
"45,74000";"5,50717";"-0,05451"
"45,75000";"5,49206";"-0,05936"
"45,76000";"5,47707";"-0,06811"
"45,77000";"5,46208";"-0,07063"
"45,78000";"5,44697";"-0,06386"
"45,79000";"5,43185";"-0,05483"
"45,80000";"5,41698";"-0,05773"
"45,81000";"5,40210";"-0,05556"
"45,82000";"5,38711";"-0,04669"
"45,83000";"5,37200";"-0,03651"
"45,84000";"5,35701";"-0,03416"
"45,85000";"5,34201";"-0,04265"
"45,86000";"5,32702";"-0,04959"
"45,87000";"5,31203";"-0,05345"
"45,88000";"5,29704";"-0,05431"
"45,89000";"5,28216";"-0,05228"
"45,90000";"5,26717";"-0,05410"
"45,91000";"5,25206";"-0,05331"
"45,92000";"5,23706";"-0,04983"
"45,93000";"5,22207";"-0,05573"
"45,94000";"5,20708";"-0,05436"
"45,95000";"5,19208";"-0,05260"
"45,96000";"5,17697";"-0,04594"
"45,97000";"5,16210";"-0,04455"
"45,98000";"5,14722";"-0,04309"
"45,99000";"5,13223";"-0,05140"
"46,00000";"5,11712";"-0,05203"
"46,01000";"5,10189";"-0,05035"
"46,02000";"5,08701";"-0,04317"
"46,03000";"5,07214";"-0,03772"
"46,04000";"5,05715";"-0,03771"
"46,05000";"5,04215";"-0,03983"
"46,06000";"5,02716";"-0,04324"
"46,07000";"5,01217";"-0,04253"
"46,08000";"4,99706";"-0,03898"
"46,09000";"4,98183";"-0,04354"
"46,10000";"4,96683";"-0,04971"
"46,11000";"4,95184";"-0,05129"
"46,12000";"4,93685";"-0,05344"
"46,13000";"4,92185";"-0,06081"
"46,14000";"4,90698";"-0,06398"
"46,15000";"4,89199";"-0,06417"
"46,16000";"4,87688";"-0,05947"
"46,17000";"4,86165";"-0,05951"
"46,18000";"4,84677";"-0,06281"
"46,19000";"4,83201";"-0,05587"
"46,20000";"4,81714";"-0,03740"
"46,21000";"4,80203";"-0,03353"
"46,22000";"4,78715";"-0,04110"
"46,23000";"4,77216";"-0,05047"
"46,24000";"4,75717";"-0,05685"
"46,25000";"4,74194";"-0,06299"
"46,26000";"4,72694";"-0,06423"
"46,27000";"4,71207";"-0,06576"
"46,28000";"4,69719";"-0,06051"
"46,29000";"4,68208";"-0,05091"
"46,30000";"4,66709";"-0,05139"
"46,31000";"4,65222";"-0,04467"
"46,32000";"4,63722";"-0,03948"
"46,33000";"4,62211";"-0,04280"
"46,34000";"4,60700";"-0,05235"
"46,35000";"4,59201";"-0,06005"
"46,36000";"4,57713";"-0,05785"
"46,37000";"4,56214";"-0,05216"
"46,38000";"4,54715";"-0,05224"
"46,39000";"4,53227";"-0,05218"
"46,40000";"4,51740";"-0,05472"
"46,41000";"4,50228";"-0,05387"
"46,42000";"4,48717";"-0,05460"
"46,43000";"4,47230";"-0,05827"
"46,44000";"4,45742";"-0,05742"
"46,45000";"4,44243";"-0,04937"
"46,46000";"4,42720";"-0,04449"
"46,47000";"4,41221";"-0,04697"
"46,48000";"4,39710";"-0,05503"
"46,49000";"4,38199";"-0,05961"
"46,50000";"4,36687";"-0,05906"
"46,51000";"4,35200";"-0,05912"
"46,52000";"4,33712";"-0,05278"
"46,53000";"4,32225";"-0,04380"
"46,54000";"4,30702";"-0,04147"
"46,55000";"4,29203";"-0,04624"
"46,56000";"4,27715";"-0,05615"
"46,57000";"4,26228";"-0,06100"
"46,58000";"4,24717";"-0,05832"
"46,59000";"4,23206";"-0,04656"
"46,60000";"4,21742";"-0,03590"
"46,61000";"4,20242";"-0,02623"
"46,62000";"4,18719";"-0,02778"
"46,63000";"4,17208";"-0,03377"
"46,64000";"4,15709";"-0,04903"
"46,65000";"4,14222";"-0,05277"
"46,66000";"4,12710";"-0,05455"
"46,67000";"4,11199";"-0,05989"
"46,68000";"4,09712";"-0,06567"
"46,69000";"4,08213";"-0,06070"
"46,70000";"4,06701";"-0,05018"
"46,71000";"4,05190";"-0,03822"
"46,72000";"4,03691";"-0,04034"
"46,73000";"4,02203";"-0,04130"
"46,74000";"4,00704";"-0,04120"
"46,75000";"3,99193";"-0,04345"
"46,76000";"3,97694";"-0,05016"
"46,77000";"3,96194";"-0,05280"
"46,78000";"3,94683";"-0,04905"
"46,79000";"3,93172";"-0,04619"
"46,80000";"3,91673";"-0,04588"
"46,81000";"3,90185";"-0,04627"
"46,82000";"3,88698";"-0,04491"
"46,83000";"3,87187";"-0,04647"
"46,84000";"3,85676";"-0,05104"
"46,85000";"3,84176";"-0,04541"
"46,86000";"3,82665";"-0,03855"
"46,87000";"3,81154";"-0,03658"
"46,88000";"3,79643";"-0,03502"
"46,89000";"3,78167";"-0,03124"
"46,90000";"3,76680";"-0,03492"
"46,91000";"3,75181";"-0,03964"
"46,92000";"3,73681";"-0,05254"
"46,93000";"3,72182";"-0,05815"
"46,94000";"3,70683";"-0,05393"
"46,95000";"3,69172";"-0,05111"
"46,96000";"3,67660";"-0,04799"
"46,97000";"3,66173";"-0,04589"
"46,98000";"3,64697";"-0,04529"
"46,99000";"3,63198";"-0,04915"
"47,00000";"3,61687";"-0,05028"
"47,01000";"3,60199";"-0,03984"
"47,02000";"3,58700";"-0,02778"
"47,03000";"3,57201";"-0,01910"
"47,04000";"3,55690";"-0,01792"
"47,05000";"3,54190";"-0,01470"
"47,06000";"3,52715";"-0,01973"
"47,07000";"3,51227";"-0,01948"
"47,08000";"3,49704";"-0,01510"
"47,09000";"3,48205";"-0,01167"
"47,10000";"3,46706";"-0,01161"
"47,11000";"3,45206";"-0,01996"
"47,12000";"3,43695";"-0,03173"
"47,13000";"3,42208";"-0,03666"
"47,14000";"3,40720";"-0,04264"
"47,15000";"3,39233";"-0,04567"
"47,16000";"3,37722";"-0,05004"
"47,17000";"3,36210";"-0,04920"
"47,18000";"3,34711";"-0,04445"
"47,19000";"3,33212";"-0,03379"
"47,20000";"3,31701";"-0,03249"
"47,21000";"3,30190";"-0,03610"
"47,22000";"3,28702";"-0,03564"
"47,23000";"3,27203";"-0,03552"
"47,24000";"3,25703";"-0,03710"
"47,25000";"3,24192";"-0,04064"
"47,26000";"3,22693";"-0,04334"
"47,27000";"3,21194";"-0,04334"
"47,28000";"3,19694";"-0,04746"
"47,29000";"3,18195";"-0,05233"
"47,30000";"3,16696";"-0,05194"
"47,31000";"3,15197";"-0,04543"
"47,32000";"3,13697";"-0,04102"
"47,33000";"3,12186";"-0,03934"
"47,34000";"3,10687";"-0,03750"
"47,35000";"3,09187";"-0,04143"
"47,36000";"3,07700";"-0,04309"
"47,37000";"3,06201";"-0,04706"
"47,38000";"3,04701";"-0,04537"
"47,39000";"3,03214";"-0,03838"
"47,40000";"3,01715";"-0,03491"
"47,41000";"3,00192";"-0,03275"
"47,42000";"2,98692";"-0,03236"
"47,43000";"2,97193";"-0,03843"
"47,44000";"2,95706";"-0,03740"
"47,45000";"2,94206";"-0,03945"
"47,46000";"2,92707";"-0,03804"
"47,47000";"2,91208";"-0,03732"
"47,48000";"2,89708";"-0,03782"
"47,49000";"2,88197";"-0,03776"
"47,50000";"2,86686";"-0,04317"
"47,51000";"2,85187";"-0,04545"
"47,52000";"2,83699";"-0,04934"
"47,53000";"2,82200";"-0,05052"
"47,54000";"2,80701";"-0,04570"
"47,55000";"2,79201";"-0,04249"
"47,56000";"2,77702";"-0,03617"
"47,57000";"2,76203";"-0,03409"
"47,58000";"2,74692";"-0,03606"
"47,59000";"2,73192";"-0,04043"
"47,60000";"2,71705";"-0,04078"
"47,61000";"2,70217";"-0,03118"
"47,62000";"2,68694";"-0,02722"
"47,63000";"2,67183";"-0,02188"
"47,64000";"2,65696";"-0,02156"
"47,65000";"2,64185";"-0,02771"
"47,66000";"2,62674";"-0,03215"
"47,67000";"2,61162";"-0,03666"
"47,68000";"2,59687";"-0,04238"
"47,69000";"2,58199";"-0,03727"
"47,70000";"2,56700";"-0,03407"
"47,71000";"2,55189";"-0,03827"
"47,72000";"2,53701";"-0,04759"
"47,73000";"2,52190";"-0,04470"
"47,74000";"2,50679";"-0,03345"
"47,75000";"2,49180";"-0,02707"
"47,76000";"2,47692";"-0,03238"
"47,77000";"2,46217";"-0,03921"
"47,78000";"2,44717";"-0,04239"
"47,79000";"2,43206";"-0,04187"
"47,80000";"2,41695";"-0,04103"
"47,81000";"2,40196";"-0,03629"
"47,82000";"2,38685";"-0,03556"
"47,83000";"2,37162";"-0,04042"
"47,84000";"2,35674";"-0,04375"
"47,85000";"2,34187";"-0,03438"
"47,86000";"2,32699";"-0,02529"
"47,87000";"2,31200";"-0,02208"
"47,88000";"2,29701";"-0,02220"
"47,89000";"2,28201";"-0,02529"
"47,90000";"2,26714";"-0,02248"
"47,91000";"2,25203";"-0,02010"
"47,92000";"2,23703";"-0,03221"
"47,93000";"2,22216";"-0,04059"
"47,94000";"2,20717";"-0,04445"
"47,95000";"2,19217";"-0,04401"
"47,96000";"2,17706";"-0,04429"
"47,97000";"2,16207";"-0,04854"
"47,98000";"2,14708";"-0,04802"
"47,99000";"2,13197";"-0,03898"
"48,00000";"2,11697";"-0,03219"
"48,01000";"2,10198";"-0,03372"
"48,02000";"2,08699";"-0,04007"
"48,03000";"2,07188";"-0,04340"
"48,04000";"2,05676";"-0,04457"
"48,05000";"2,04177";"-0,04262"
"48,06000";"2,02678";"-0,03244"
"48,07000";"2,01190";"-0,03270"
"48,08000";"1,99691";"-0,03298"
"48,09000";"1,98203";"-0,02883"
"48,10000";"1,96716";"-0,03218"
"48,11000";"1,95205";"-0,03637"
"48,12000";"1,93694";"-0,03625"
"48,13000";"1,92194";"-0,02847"
"48,14000";"1,90695";"-0,02238"
"48,15000";"1,89196";"-0,02467"
"48,16000";"1,87685";"-0,03147"
"48,17000";"1,86197";"-0,04008"
"48,18000";"1,84698";"-0,04007"
"48,19000";"1,83199";"-0,03502"
"48,20000";"1,81688";"-0,03084"
"48,21000";"1,80176";"-0,03171"
"48,22000";"1,78677";"-0,03608"
"48,23000";"1,77190";"-0,03426"
"48,24000";"1,75702";"-0,02847"
"48,25000";"1,74191";"-0,02860"
"48,26000";"1,72692";"-0,03297"
"48,27000";"1,71204";"-0,02684"
"48,28000";"1,69705";"-0,01903"
"48,29000";"1,68194";"-0,01722"
"48,30000";"1,66694";"-0,02945"
"48,31000";"1,65207";"-0,03645"
"48,32000";"1,63708";"-0,03566"
"48,33000";"1,62208";"-0,03705"
"48,34000";"1,60709";"-0,04069"
"48,35000";"1,59210";"-0,04349"
"48,36000";"1,57710";"-0,04471"
"48,37000";"1,56199";"-0,04996"
"48,38000";"1,54688";"-0,04780"
"48,39000";"1,53201";"-0,04009"
"48,40000";"1,51701";"-0,04419"
"48,41000";"1,50202";"-0,04305"
"48,42000";"1,48691";"-0,03801"
"48,43000";"1,47192";"-0,03738"
"48,44000";"1,45692";"-0,03715"
"48,45000";"1,44181";"-0,03613"
"48,46000";"1,42682";"-0,02962"
"48,47000";"1,41194";"-0,02961"
"48,48000";"1,39695";"-0,03168"
"48,49000";"1,38208";"-0,02940"
"48,50000";"1,36697";"-0,03370"
"48,51000";"1,35197";"-0,03900"
"48,52000";"1,33698";"-0,03208"
"48,53000";"1,32187";"-0,01863"
"48,54000";"1,30676";"-0,01046"
"48,55000";"1,29188";"-0,01459"
"48,56000";"1,27701";"-0,02254"
"48,57000";"1,26213";"-0,02703"
"48,58000";"1,24702";"-0,02436"
"48,59000";"1,23203";"-0,02770"
"48,60000";"1,21715";"-0,02751"
"48,61000";"1,20204";"-0,02325"
"48,62000";"1,18705";"-0,01637"
"48,63000";"1,17206";"-0,01825"
"48,64000";"1,15706";"-0,02488"
"48,65000";"1,14219";"-0,03242"
"48,66000";"1,12708";"-0,03661"
"48,67000";"1,11197";"-0,03643"
"48,68000";"1,09697";"-0,03187"
"48,69000";"1,08210";"-0,02198"
"48,70000";"1,06722";"-0,01938"
"48,71000";"1,05211";"-0,02018"
"48,72000";"1,03712";"-0,03310"
"48,73000";"1,02213";"-0,03932"
"48,74000";"1,00701";"-0,03357"
"48,75000";"0,99190";"-0,03001"
"48,76000";"0,97691";"-0,03270"
"48,77000";"0,96192";"-0,02759"
"48,78000";"0,94692";"-0,02571"
"48,79000";"0,93193";"-0,03376"
"48,80000";"0,91694";"-0,03225"
"48,81000";"0,90206";"-0,03409"
"48,82000";"0,88695";"-0,02643"
"48,83000";"0,87196";"-0,03030"
"48,84000";"0,85673";"-0,03780"
"48,85000";"0,84185";"-0,04200"
"48,86000";"0,82698";"-0,03510"
"48,87000";"0,81199";"-0,03046"
"48,88000";"0,79699";"-0,03313"
"48,89000";"0,78212";"-0,02995"
"48,90000";"0,76736";"-0,02033"
"48,91000";"0,75225";"-0,01728"
"48,92000";"0,73726";"-0,01983"
"48,93000";"0,72226";"-0,02561"
"48,94000";"0,70727";"-0,02606"
"48,95000";"0,69216";"-0,02841"
"48,96000";"0,67705";"-0,03335"
"48,97000";"0,66206";"-0,03618"
"48,98000";"0,64718";"-0,03294"
"48,99000";"0,63219";"-0,03237"
"49,00000";"0,61696";"-0,03621"
"49,01000";"0,60197";"-0,04051"
"49,02000";"0,58697";"-0,03914"
"49,03000";"0,57198";"-0,02970"
"49,04000";"0,55687";"-0,02137"
"49,05000";"0,54176";"-0,01451"
"49,06000";"0,52688";"-0,01378"
"49,07000";"0,51189";"-0,01945"
"49,08000";"0,49666";"-0,02432"
"49,09000";"0,48167";"-0,02669"
"49,10000";"0,46679";"-0,03463"
"49,11000";"0,45192";"-0,03978"
"49,12000";"0,43692";"-0,03639"
"49,13000";"0,42181";"-0,03220"
"49,14000";"0,40694";"-0,02434"
"49,15000";"0,39194";"-0,02251"
"49,16000";"0,37683";"-0,02889"
"49,17000";"0,36184";"-0,03448"
"49,18000";"0,34685";"-0,03247"
"49,19000";"0,33209";"-0,02641"
"49,20000";"0,31710";"-0,02656"
"49,21000";"0,30199";"-0,03057"
"49,22000";"0,28699";"-0,03818"
"49,23000";"0,27212";"-0,04005"
"49,24000";"0,25701";"-0,03294"
"49,25000";"0,24190";"-0,02662"
"49,26000";"0,22690";"-0,01868"
"49,27000";"0,21203";"-0,01513"
"49,28000";"0,19715";"-0,01612"
"49,29000";"0,18192";"-0,01637"
"49,30000";"0,16693";"-0,01635"
"49,31000";"0,15194";"-0,01853"
"49,32000";"0,13694";"-0,02305"
"49,33000";"0,12195";"-0,02921"
"49,34000";"0,10708";"-0,02979"
"49,35000";"0,09232";"-0,02774"
"49,36000";"0,07733";"-0,03415"
"49,37000";"0,06222";"-0,03535"
"49,38000";"0,04722";"-0,03429"
"49,39000";"0,03211";"-0,03875"
"49,40000";"0,01724";"-0,03812"
"49,41000";"0,00213";"-0,03480"
"49,41200";"-0,00083";"-0,03505"
