Hardness 1 : Kraftbei  Hardness 1;"428,03818";N
A1 : A1;"1,07717";J
A2 : A2;"0,10585";J
Springiness : Springiness;"0,00066";m
Cohesiveness : Cohesiveness;"0,09827";
Chewiness : Chewiness;"0,02757";J

Zeit;Traversenweg;Kraft
(s);(mm);(N)
"0,00000";"0,00000";"0,02511"
"0,01000";"0,00094";"0,02794"
"0,02000";"0,00578";"0,03508"
"0,03000";"0,01629";"0,05233"
"0,04000";"0,03140";"0,06461"
"0,05000";"0,04911";"0,06440"
"0,06000";"0,06800";"0,05684"
"0,07000";"0,08724";"0,04301"
"0,08000";"0,10613";"0,02744"
"0,09000";"0,12455";"0,00794"
"0,10000";"0,14238";"-0,00931"
"0,11000";"0,15961";"-0,01566"
"0,12000";"0,17638";"-0,01215"
"0,13000";"0,19278";"-0,00695"
"0,14000";"0,20884";"0,00120"
"0,15000";"0,22478";"0,00487"
"0,16000";"0,24036";"0,00684"
"0,17000";"0,25594";"0,00741"
"0,18000";"0,27141";"0,01503"
"0,19000";"0,28664";"0,02332"
"0,20000";"0,30187";"0,02262"
"0,21000";"0,31722";"0,01569"
"0,22000";"0,33244";"0,01316"
"0,23000";"0,34767";"0,01949"
"0,24000";"0,36267";"0,02098"
"0,25000";"0,37778";"0,01278"
"0,26000";"0,39277";"0,00250"
"0,27000";"0,40776";"0,00018"
"0,28000";"0,42288";"0,00081"
"0,29000";"0,43799";"0,00521"
"0,30000";"0,45310";"0,00526"
"0,31000";"0,46809";"0,00437"
"0,32000";"0,48308";"0,00084"
"0,33000";"0,49808";"0,00205"
"0,34000";"0,51295";"-0,00053"
"0,35000";"0,52794";"0,00457"
"0,36000";"0,54306";"0,00629"
"0,37000";"0,55805";"0,00861"
"0,38000";"0,57304";"0,01058"
"0,39000";"0,58815";"0,00964"
"0,40000";"0,60315";"0,00743"
"0,41000";"0,61814";"0,00778"
"0,42000";"0,63313";"0,00542"
"0,43000";"0,64812";"0,01228"
"0,44000";"0,66324";"0,01645"
"0,45000";"0,67823";"0,00863"
"0,46000";"0,69310";"0,00431"
"0,47000";"0,70810";"0,00095"
"0,48000";"0,72297";"0,00024"
"0,49000";"0,73808";"0,00176"
"0,50000";"0,75308";"0,00661"
"0,51000";"0,76807";"0,00931"
"0,52000";"0,78318";"0,00976"
"0,53000";"0,79817";"0,00817"
"0,54000";"0,81317";"0,00911"
"0,55000";"0,82816";"0,01072"
"0,56000";"0,84303";"0,01407"
"0,57000";"0,85803";"0,01705"
"0,58000";"0,87290";"0,01647"
"0,59000";"0,88790";"0,01539"
"0,60000";"0,90289";"0,01443"
"0,61000";"0,91788";"0,01375"
"0,62000";"0,93299";"0,00595"
"0,63000";"0,94799";"0,00004"
"0,64000";"0,96298";"0,00091"
"0,65000";"0,97797";"0,00137"
"0,66000";"0,99297";"0,00515"
"0,67000";"1,00796";"0,00662"
"0,68000";"1,02307";"0,00861"
"0,69000";"1,03818";"0,00887"
"0,70000";"1,05317";"0,01320"
"0,71000";"1,06817";"0,02175"
"0,72000";"1,08316";"0,03046"
"0,73000";"1,09815";"0,02962"
"0,74000";"1,11303";"0,02130"
"0,75000";"1,12802";"0,01464"
"0,76000";"1,14301";"0,01102"
"0,77000";"1,15801";"0,00950"
"0,78000";"1,17300";"0,00981"
"0,79000";"1,18788";"0,00985"
"0,80000";"1,20287";"0,01067"
"0,81000";"1,21786";"0,00757"
"0,82000";"1,23285";"0,00229"
"0,83000";"1,24797";"0,00009"
"0,84000";"1,26308";"-0,00556"
"0,85000";"1,27807";"-0,00493"
"0,86000";"1,29306";"-0,00215"
"0,87000";"1,30806";"0,01172"
"0,88000";"1,32305";"0,02478"
"0,89000";"1,33804";"0,02646"
"0,90000";"1,35292";"0,01803"
"0,91000";"1,36803";"0,00708"
"0,92000";"1,38302";"0,00348"
"0,93000";"1,39813";"0,00639"
"0,94000";"1,41313";"0,01367"
"0,95000";"1,42812";"0,02039"
"0,96000";"1,44311";"0,02552"
"0,97000";"1,45799";"0,02374"
"0,98000";"1,47298";"0,01483"
"0,99000";"1,48797";"0,01253"
"1,00000";"1,50308";"0,01848"
"1,01000";"1,51808";"0,01882"
"1,02000";"1,53307";"0,01901"
"1,03000";"1,54794";"0,02104"
"1,04000";"1,56294";"0,01828"
"1,05000";"1,57793";"0,01626"
"1,06000";"1,59304";"0,02159"
"1,07000";"1,60803";"0,02556"
"1,08000";"1,62315";"0,02406"
"1,09000";"1,63814";"0,01794"
"1,10000";"1,65313";"0,00899"
"1,11000";"1,66813";"0,00566"
"1,12000";"1,68312";"0,00461"
"1,13000";"1,69799";"0,00389"
"1,14000";"1,71310";"0,01394"
"1,15000";"1,72810";"0,01441"
"1,16000";"1,74309";"0,01351"
"1,17000";"1,75808";"0,01722"
"1,18000";"1,77308";"0,00933"
"1,19000";"1,78795";"0,00683"
"1,20000";"1,80294";"0,00990"
"1,21000";"1,81794";"0,01016"
"1,22000";"1,83293";"0,00311"
"1,23000";"1,84804";"-0,00015"
"1,24000";"1,86303";"0,00134"
"1,25000";"1,87803";"0,00715"
"1,26000";"1,89314";"0,01252"
"1,27000";"1,90813";"0,01613"
"1,28000";"1,92313";"0,02011"
"1,29000";"1,93800";"0,01980"
"1,30000";"1,95299";"0,00827"
"1,31000";"1,96799";"0,00027"
"1,32000";"1,98298";"0,00426"
"1,33000";"1,99797";"0,00937"
"1,34000";"2,01297";"0,00604"
"1,35000";"2,02796";"0,00342"
"1,36000";"2,04295";"-0,00149"
"1,37000";"2,05783";"-0,00330"
"1,38000";"2,07282";"-0,00628"
"1,39000";"2,08781";"0,00231"
"1,40000";"2,10269";"0,01141"
"1,41000";"2,11780";"0,01792"
"1,42000";"2,13279";"0,01115"
"1,43000";"2,14790";"0,01538"
"1,44000";"2,16290";"0,01873"
"1,45000";"2,17789";"0,01585"
"1,46000";"2,19300";"0,01064"
"1,47000";"2,20811";"0,00751"
"1,48000";"2,22322";"0,01336"
"1,49000";"2,23822";"0,01103"
"1,50000";"2,25321";"0,00911"
"1,51000";"2,26820";"0,01294"
"1,52000";"2,28308";"0,02155"
"1,53000";"2,29807";"0,02613"
"1,54000";"2,31306";"0,01451"
"1,55000";"2,32806";"0,01148"
"1,56000";"2,34305";"0,01336"
"1,57000";"2,35804";"0,00951"
"1,58000";"2,37315";"0,00213"
"1,59000";"2,38815";"-0,00382"
"1,60000";"2,40302";"0,00464"
"1,61000";"2,41790";"0,00417"
"1,62000";"2,43289";"0,00963"
"1,63000";"2,44800";"0,02099"
"1,64000";"2,46299";"0,02034"
"1,65000";"2,47799";"0,01312"
"1,66000";"2,49298";"0,00628"
"1,67000";"2,50774";"0,00515"
"1,68000";"2,52249";"0,00740"
"1,69000";"2,53737";"0,00821"
"1,70000";"2,55224";"0,00483"
"1,71000";"2,56724";"-0,00007"
"1,72000";"2,58235";"-0,00347"
"1,73000";"2,59746";"0,00284"
"1,74000";"2,61257";"0,01070"
"1,75000";"2,62780";"0,01921"
"1,76000";"2,64291";"0,02454"
"1,77000";"2,65802";"0,02146"
"1,78000";"2,67313";"0,01451"
"1,79000";"2,68812";"0,00672"
"1,80000";"2,70312";"0,00611"
"1,81000";"2,71823";"-0,00121"
"1,82000";"2,73322";"-0,00506"
"1,83000";"2,74822";"-0,00513"
"1,84000";"2,76321";"-0,00551"
"1,85000";"2,77820";"0,00502"
"1,86000";"2,79319";"0,01430"
"1,87000";"2,80831";"0,01995"
"1,88000";"2,82330";"0,01373"
"1,89000";"2,83829";"0,01205"
"1,90000";"2,85317";"0,01336"
"1,91000";"2,86816";"0,01588"
"1,92000";"2,88303";"0,01522"
"1,93000";"2,89791";"0,01606"
"1,94000";"2,91290";"0,01668"
"1,95000";"2,92778";"0,01862"
"1,96000";"2,94277";"0,01646"
"1,97000";"2,95776";"0,01568"
"1,98000";"2,97264";"0,01769"
"1,99000";"2,98751";"0,01571"
"2,00000";"3,00239";"0,01842"
"2,01000";"3,01750";"0,02350"
"2,02000";"3,03249";"0,02386"
"2,03000";"3,04760";"0,01914"
"2,04000";"3,06272";"0,01346"
"2,05000";"3,07794";"0,01058"
"2,06000";"3,09306";"0,00680"
"2,07000";"3,10817";"0,00339"
"2,08000";"3,12316";"0,00069"
"2,09000";"3,13827";"-0,00001"
"2,10000";"3,15338";"0,00276"
"2,11000";"3,16849";"0,00268"
"2,12000";"3,18360";"0,00441"
"2,13000";"3,19860";"0,00856"
"2,14000";"3,21359";"0,01111"
"2,15000";"3,22847";"0,00947"
"2,16000";"3,24334";"0,00832"
"2,17000";"3,25833";"0,00476"
"2,18000";"3,27321";"0,00688"
"2,19000";"3,28820";"0,00923"
"2,20000";"3,30319";"0,01687"
"2,21000";"3,31819";"0,01667"
"2,22000";"3,33318";"0,01364"
"2,23000";"3,34806";"0,01280"
"2,24000";"3,36293";"0,01253"
"2,25000";"3,37781";"0,01295"
"2,26000";"3,39268";"0,00814"
"2,27000";"3,40744";"-0,00017"
"2,28000";"3,42231";"-0,00653"
"2,29000";"3,43731";"-0,00492"
"2,30000";"3,45218";"0,00038"
"2,31000";"3,46717";"0,00620"
"2,32000";"3,48228";"0,00740"
"2,33000";"3,49775";"0,01015"
"2,34000";"3,51298";"0,01183"
"2,35000";"3,52833";"0,01663"
"2,36000";"3,54344";"0,01890"
"2,37000";"3,55843";"0,01949"
"2,38000";"3,57342";"0,02150"
"2,39000";"3,58830";"0,01694"
"2,40000";"3,60329";"0,01790"
"2,41000";"3,61828";"0,01807"
"2,42000";"3,63328";"0,01477"
"2,43000";"3,64827";"0,00964"
"2,44000";"3,66326";"0,00999"
"2,45000";"3,67826";"0,00983"
"2,46000";"3,69313";"0,00358"
"2,47000";"3,70801";"0,00213"
"2,48000";"3,72300";"0,00522"
"2,49000";"3,73811";"0,01100"
"2,50000";"3,75310";"0,02150"
"2,51000";"3,76822";"0,02503"
"2,52000";"3,78321";"0,02450"
"2,53000";"3,79820";"0,02135"
"2,54000";"3,81308";"0,01694"
"2,55000";"3,82783";"0,00789"
"2,56000";"3,84259";"0,00435"
"2,57000";"3,85747";"0,00612"
"2,58000";"3,87234";"0,00695"
"2,59000";"3,88722";"0,01019"
"2,60000";"3,90221";"0,01625"
"2,61000";"3,91744";"0,01575"
"2,62000";"3,93278";"0,01512"
"2,63000";"3,94801";"0,01693"
"2,64000";"3,96324";"0,01719"
"2,65000";"3,97835";"0,02494"
"2,66000";"3,99347";"0,02859"
"2,67000";"4,00846";"0,02572"
"2,68000";"4,02357";"0,01775"
"2,69000";"4,03856";"0,01049"
"2,70000";"4,05356";"0,01450"
"2,71000";"4,06843";"0,01503"
"2,72000";"4,08342";"0,01679"
"2,73000";"4,09842";"0,01374"
"2,74000";"4,11341";"0,01122"
"2,75000";"4,12840";"0,01068"
"2,76000";"4,14328";"0,01569"
"2,77000";"4,15827";"0,02286"
"2,78000";"4,17315";"0,02095"
"2,79000";"4,18814";"0,01939"
"2,80000";"4,20313";"0,01999"
"2,81000";"4,21813";"0,01725"
"2,82000";"4,23312";"0,00890"
"2,83000";"4,24811";"-0,00232"
"2,84000";"4,26299";"-0,00775"
"2,85000";"4,27786";"-0,00656"
"2,86000";"4,29262";"0,00391"
"2,87000";"4,30749";"0,00148"
"2,88000";"4,32249";"-0,00119"
"2,89000";"4,33760";"0,00154"
"2,90000";"4,35271";"0,00675"
"2,91000";"4,36782";"0,00392"
"2,92000";"4,38281";"0,00380"
"2,93000";"4,39792";"0,01097"
"2,94000";"4,41292";"0,01548"
"2,95000";"4,42791";"0,01715"
"2,96000";"4,44314";"0,01837"
"2,97000";"4,45825";"0,02014"
"2,98000";"4,47348";"0,01960"
"2,99000";"4,48847";"0,01538"
"3,00000";"4,50347";"0,01507"
"3,01000";"4,51846";"0,01253"
"3,02000";"4,53322";"0,01773"
"3,03000";"4,54821";"0,02465"
"3,04000";"4,56320";"0,02991"
"3,05000";"4,57819";"0,02332"
"3,06000";"4,59319";"0,01550"
"3,07000";"4,60806";"0,01023"
"3,08000";"4,62294";"0,00874"
"3,09000";"4,63793";"0,01202"
"3,10000";"4,65281";"0,00200"
"3,11000";"4,66768";"-0,00430"
"3,12000";"4,68291";"-0,00013"
"3,13000";"4,69790";"0,00882"
"3,14000";"4,71290";"0,02076"
"3,15000";"4,72777";"0,02253"
"3,16000";"4,74288";"0,01871"
"3,17000";"4,75776";"0,01377"
"3,18000";"4,77263";"0,01891"
"3,19000";"4,78763";"0,02271"
"3,20000";"4,80274";"0,02339"
"3,21000";"4,81785";"0,02449"
"3,22000";"4,83296";"0,02937"
"3,23000";"4,84807";"0,03195"
"3,24000";"4,86306";"0,03020"
"3,25000";"4,87806";"0,03186"
"3,26000";"4,89305";"0,03132"
"3,27000";"4,90816";"0,02577"
"3,28000";"4,92315";"0,01523"
"3,29000";"4,93826";"0,00683"
"3,30000";"4,95326";"0,00242"
"3,31000";"4,96825";"0,00489"
"3,32000";"4,98324";"0,01454"
"3,33000";"4,99824";"0,02389"
"3,34000";"5,01323";"0,02071"
"3,35000";"5,02822";"0,01867"
"3,36000";"5,04322";"0,02013"
"3,37000";"5,05833";"0,02143"
"3,38000";"5,07320";"0,02107"
"3,39000";"5,08819";"0,02011"
"3,40000";"5,10307";"0,01680"
"3,41000";"5,11794";"0,01185"
"3,42000";"5,13282";"0,00879"
"3,43000";"5,14781";"0,00427"
"3,44000";"5,16281";"-0,00250"
"3,45000";"5,17792";"-0,00543"
"3,46000";"5,19291";"-0,00272"
"3,47000";"5,20790";"0,00871"
"3,48000";"5,22290";"0,01581"
"3,49000";"5,23789";"0,01941"
"3,50000";"5,25288";"0,02908"
"3,51000";"5,26788";"0,03309"
"3,52000";"5,28299";"0,02664"
"3,53000";"5,29810";"0,01979"
"3,54000";"5,31309";"0,01847"
"3,55000";"5,32820";"0,01644"
"3,56000";"5,34319";"0,01929"
"3,57000";"5,35819";"0,01693"
"3,58000";"5,37318";"0,01241"
"3,59000";"5,38817";"0,00535"
"3,60000";"5,40317";"0,00425"
"3,61000";"5,41816";"0,00115"
"3,62000";"5,43315";"0,00568"
"3,63000";"5,44815";"0,01673"
"3,64000";"5,46314";"0,02547"
"3,65000";"5,47801";"0,03045"
"3,66000";"5,49301";"0,04482"
"3,67000";"5,50812";"0,05945"
"3,68000";"5,52299";"0,08276"
"3,69000";"5,53799";"0,11250"
"3,70000";"5,55298";"0,14235"
"3,71000";"5,56797";"0,17265"
"3,72000";"5,58285";"0,19851"
"3,73000";"5,59772";"0,21638"
"3,74000";"5,61272";"0,23856"
"3,75000";"5,62771";"0,26958"
"3,76000";"5,64282";"0,30020"
"3,77000";"5,65793";"0,33665"
"3,78000";"5,67304";"0,38490"
"3,79000";"5,68827";"0,43976"
"3,80000";"5,70326";"0,49783"
"3,81000";"5,71814";"0,56675"
"3,82000";"5,73325";"0,64674"
"3,83000";"5,74836";"0,73008"
"3,84000";"5,76335";"0,82205"
"3,85000";"5,77835";"0,91798"
"3,86000";"5,79334";"1,02829"
"3,87000";"5,80822";"1,14594"
"3,88000";"5,82321";"1,26573"
"3,89000";"5,83797";"1,39977"
"3,90000";"5,85296";"1,54954"
"3,91000";"5,86807";"1,69434"
"3,92000";"5,88306";"1,84440"
"3,93000";"5,89806";"1,99870"
"3,94000";"5,91293";"2,15113"
"3,95000";"5,92792";"2,30872"
"3,96000";"5,94292";"2,46285"
"3,97000";"5,95791";"2,60847"
"3,98000";"5,97278";"2,76005"
"3,99000";"5,98790";"2,90972"
"4,00000";"6,00289";"3,06060"
"4,01000";"6,01800";"3,22131"
"4,02000";"6,03299";"3,38379"
"4,03000";"6,04799";"3,54507"
"4,04000";"6,06286";"3,70005"
"4,05000";"6,07785";"3,85210"
"4,06000";"6,09297";"4,00812"
"4,07000";"6,10808";"4,16071"
"4,08000";"6,12307";"4,31101"
"4,09000";"6,13806";"4,46545"
"4,10000";"6,15306";"4,62327"
"4,11000";"6,16793";"4,77779"
"4,12000";"6,18292";"4,92634"
"4,13000";"6,19792";"5,06663"
"4,14000";"6,21303";"5,20231"
"4,15000";"6,22802";"5,34219"
"4,16000";"6,24313";"5,47826"
"4,17000";"6,25812";"5,62313"
"4,18000";"6,27312";"5,76672"
"4,19000";"6,28799";"5,90794"
"4,20000";"6,30299";"6,04676"
"4,21000";"6,31798";"6,18636"
"4,22000";"6,33309";"6,32155"
"4,23000";"6,34808";"6,46152"
"4,24000";"6,36308";"6,59836"
"4,25000";"6,37807";"6,73883"
"4,26000";"6,39294";"6,87557"
"4,27000";"6,40794";"7,01161"
"4,28000";"6,42281";"7,14783"
"4,29000";"6,43781";"7,28730"
"4,30000";"6,45280";"7,42210"
"4,31000";"6,46779";"7,55145"
"4,32000";"6,48278";"7,68563"
"4,33000";"6,49778";"7,81673"
"4,34000";"6,51277";"7,94555"
"4,35000";"6,52776";"8,07322"
"4,36000";"6,54276";"8,19716"
"4,37000";"6,55787";"8,31925"
"4,38000";"6,57286";"8,44310"
"4,39000";"6,58797";"8,57045"
"4,40000";"6,60285";"8,70206"
"4,41000";"6,61796";"8,83236"
"4,42000";"6,63307";"8,95651"
"4,43000";"6,64794";"9,08031"
"4,44000";"6,66294";"9,21252"
"4,45000";"6,67793";"9,35146"
"4,46000";"6,69304";"9,48492"
"4,47000";"6,70803";"9,61467"
"4,48000";"6,72303";"9,73448"
"4,49000";"6,73790";"9,84649"
"4,50000";"6,75290";"9,95776"
"4,51000";"6,76789";"10,07900"
"4,52000";"6,78288";"10,20265"
"4,53000";"6,79788";"10,33341"
"4,54000";"6,81299";"10,46603"
"4,55000";"6,82810";"10,59583"
"4,56000";"6,84309";"10,72812"
"4,57000";"6,85808";"10,85874"
"4,58000";"6,87308";"10,98405"
"4,59000";"6,88795";"11,10381"
"4,60000";"6,90294";"11,23343"
"4,61000";"6,91794";"11,37090"
"4,62000";"6,93293";"11,49697"
"4,63000";"6,94804";"11,61716"
"4,64000";"6,96303";"11,73846"
"4,65000";"6,97803";"11,86024"
"4,66000";"6,99302";"11,98324"
"4,67000";"7,00790";"12,10326"
"4,68000";"7,02289";"12,23213"
"4,69000";"7,03776";"12,36297"
"4,70000";"7,05276";"12,49841"
"4,71000";"7,06775";"12,62893"
"4,72000";"7,08298";"12,75834"
"4,73000";"7,09797";"12,88757"
"4,74000";"7,11297";"13,01996"
"4,75000";"7,12796";"13,14628"
"4,76000";"7,14295";"13,27489"
"4,77000";"7,15794";"13,40385"
"4,78000";"7,17306";"13,53560"
"4,79000";"7,18805";"13,65944"
"4,80000";"7,20304";"13,78841"
"4,81000";"7,21815";"13,92219"
"4,82000";"7,23303";"14,05126"
"4,83000";"7,24802";"14,17527"
"4,84000";"7,26313";"14,30201"
"4,85000";"7,27813";"14,42426"
"4,86000";"7,29312";"14,54879"
"4,87000";"7,30823";"14,67916"
"4,88000";"7,32310";"14,81364"
"4,89000";"7,33798";"14,94854"
"4,90000";"7,35297";"15,09047"
"4,91000";"7,36797";"15,22859"
"4,92000";"7,38296";"15,36432"
"4,93000";"7,39807";"15,49164"
"4,94000";"7,41306";"15,62157"
"4,95000";"7,42806";"15,75746"
"4,96000";"7,44305";"15,90173"
"4,97000";"7,45792";"16,04382"
"4,98000";"7,47292";"16,16959"
"4,99000";"7,48767";"16,29648"
"5,00000";"7,50278";"16,42787"
"5,01000";"7,51790";"16,55910"
"5,02000";"7,53301";"16,69806"
"5,03000";"7,54800";"16,83705"
"5,04000";"7,56311";"16,97648"
"5,05000";"7,57810";"17,11646"
"5,06000";"7,59298";"17,26250"
"5,07000";"7,60785";"17,40469"
"5,08000";"7,62285";"17,54663"
"5,09000";"7,63796";"17,68474"
"5,10000";"7,65295";"17,82627"
"5,11000";"7,66806";"17,97045"
"5,12000";"7,68306";"18,10679"
"5,13000";"7,69805";"18,24577"
"5,14000";"7,71292";"18,38913"
"5,15000";"7,72792";"18,52533"
"5,16000";"7,74291";"18,66354"
"5,17000";"7,75790";"18,79279"
"5,18000";"7,77290";"18,93395"
"5,19000";"7,78777";"19,07865"
"5,20000";"7,80276";"19,22348"
"5,21000";"7,81776";"19,36961"
"5,22000";"7,83263";"19,50792"
"5,23000";"7,84774";"19,64843"
"5,24000";"7,86285";"19,79675"
"5,25000";"7,87785";"19,95439"
"5,26000";"7,89284";"20,11589"
"5,27000";"7,90795";"20,27180"
"5,28000";"7,92283";"20,41431"
"5,29000";"7,93794";"20,55937"
"5,30000";"7,95281";"20,70955"
"5,31000";"7,96769";"20,86034"
"5,32000";"7,98280";"20,99928"
"5,33000";"7,99791";"21,13803"
"5,34000";"8,01290";"21,27762"
"5,35000";"8,02813";"21,42570"
"5,36000";"8,04313";"21,57776"
"5,37000";"8,05812";"21,74156"
"5,38000";"8,07311";"21,89480"
"5,39000";"8,08810";"22,04295"
"5,40000";"8,10310";"22,19693"
"5,41000";"8,11809";"22,34807"
"5,42000";"8,13308";"22,49737"
"5,43000";"8,14808";"22,64948"
"5,44000";"8,16319";"22,80321"
"5,45000";"8,17806";"22,95813"
"5,46000";"8,19306";"23,11631"
"5,47000";"8,20805";"23,26967"
"5,48000";"8,22304";"23,42381"
"5,49000";"8,23803";"23,58135"
"5,50000";"8,25315";"23,73866"
"5,51000";"8,26814";"23,89296"
"5,52000";"8,28313";"24,04745"
"5,53000";"8,29813";"24,20783"
"5,54000";"8,31312";"24,37011"
"5,55000";"8,32811";"24,52383"
"5,56000";"8,34322";"24,67591"
"5,57000";"8,35833";"24,83254"
"5,58000";"8,37333";"24,99622"
"5,59000";"8,38820";"25,16325"
"5,60000";"8,40308";"25,32777"
"5,61000";"8,41795";"25,48738"
"5,62000";"8,43283";"25,64490"
"5,63000";"8,44782";"25,80502"
"5,64000";"8,46281";"25,96293"
"5,65000";"8,47792";"26,12209"
"5,66000";"8,49304";"26,28154"
"5,67000";"8,50803";"26,44217"
"5,68000";"8,52314";"26,60656"
"5,69000";"8,53801";"26,77827"
"5,70000";"8,55301";"26,94847"
"5,71000";"8,56800";"27,12483"
"5,72000";"8,58299";"27,30270"
"5,73000";"8,59810";"27,47591"
"5,74000";"8,61322";"27,64183"
"5,75000";"8,62821";"27,81309"
"5,76000";"8,64320";"27,98921"
"5,77000";"8,65808";"28,15753"
"5,78000";"8,67295";"28,32880"
"5,79000";"8,68806";"28,50520"
"5,80000";"8,70306";"28,68686"
"5,81000";"8,71805";"28,86589"
"5,82000";"8,73304";"29,04139"
"5,83000";"8,74803";"29,21581"
"5,84000";"8,76303";"29,37869"
"5,85000";"8,77790";"29,54421"
"5,86000";"8,79290";"29,72652"
"5,87000";"8,80789";"29,91084"
"5,88000";"8,82288";"30,09147"
"5,89000";"8,83799";"30,27459"
"5,90000";"8,85287";"30,46036"
"5,91000";"8,86786";"30,64804"
"5,92000";"8,88285";"30,83283"
"5,93000";"8,89785";"31,01194"
"5,94000";"8,91272";"31,19590"
"5,95000";"8,92783";"31,38310"
"5,96000";"8,94283";"31,57484"
"5,97000";"8,95782";"31,77068"
"5,98000";"8,97281";"31,96638"
"5,99000";"8,98792";"32,16357"
"6,00000";"9,00292";"32,35407"
"6,01000";"9,01791";"32,54385"
"6,02000";"9,03279";"32,72892"
"6,03000";"9,04790";"32,91655"
"6,04000";"9,06301";"33,10429"
"6,05000";"9,07800";"33,30405"
"6,06000";"9,09299";"33,50158"
"6,07000";"9,10799";"33,70309"
"6,08000";"9,12310";"33,90242"
"6,09000";"9,13797";"34,10502"
"6,10000";"9,15308";"34,30618"
"6,11000";"9,16796";"34,50161"
"6,12000";"9,18307";"34,70037"
"6,13000";"9,19818";"34,89722"
"6,14000";"9,21317";"35,09653"
"6,15000";"9,22817";"35,30213"
"6,16000";"9,24316";"35,51825"
"6,17000";"9,25815";"35,73447"
"6,18000";"9,27315";"35,94568"
"6,19000";"9,28814";"36,15876"
"6,20000";"9,30313";"36,36810"
"6,21000";"9,31813";"36,57466"
"6,22000";"9,33312";"36,77539"
"6,23000";"9,34811";"36,98436"
"6,24000";"9,36310";"37,20163"
"6,25000";"9,37798";"37,42114"
"6,26000";"9,39297";"37,64688"
"6,27000";"9,40797";"37,87009"
"6,28000";"9,42296";"38,09279"
"6,29000";"9,43807";"38,31042"
"6,30000";"9,45318";"38,52788"
"6,31000";"9,46817";"38,74938"
"6,32000";"9,48305";"38,97472"
"6,33000";"9,49804";"39,20501"
"6,34000";"9,51304";"39,44047"
"6,35000";"9,52803";"39,67619"
"6,36000";"9,54302";"39,91102"
"6,37000";"9,55813";"40,14456"
"6,38000";"9,57312";"40,38390"
"6,39000";"9,58812";"40,62520"
"6,40000";"9,60299";"40,86118"
"6,41000";"9,61799";"41,09138"
"6,42000";"9,63310";"41,32325"
"6,43000";"9,64809";"41,56670"
"6,44000";"9,66297";"41,80873"
"6,45000";"9,67796";"42,04729"
"6,46000";"9,69307";"42,28982"
"6,47000";"9,70806";"42,53270"
"6,48000";"9,72306";"42,77185"
"6,49000";"9,73805";"43,01759"
"6,50000";"9,75304";"43,26833"
"6,51000";"9,76815";"43,52501"
"6,52000";"9,78303";"43,78068"
"6,53000";"9,79802";"44,03349"
"6,54000";"9,81301";"44,29174"
"6,55000";"9,82801";"44,55372"
"6,56000";"9,84288";"44,81737"
"6,57000";"9,85787";"45,07486"
"6,58000";"9,87287";"45,34070"
"6,59000";"9,88798";"45,61283"
"6,60000";"9,90297";"45,88124"
"6,61000";"9,91808";"46,15121"
"6,62000";"9,93308";"46,41982"
"6,63000";"9,94807";"46,68340"
"6,64000";"9,96294";"46,94855"
"6,65000";"9,97794";"47,21947"
"6,66000";"9,99293";"47,48977"
"6,67000";"10,00804";"47,76268"
"6,68000";"10,02304";"48,04332"
"6,69000";"10,03803";"48,31621"
"6,70000";"10,05302";"48,58986"
"6,71000";"10,06801";"48,87089"
"6,72000";"10,08289";"49,16174"
"6,73000";"10,09788";"49,44759"
"6,74000";"10,11299";"49,73738"
"6,75000";"10,12799";"50,02543"
"6,76000";"10,14310";"50,31775"
"6,77000";"10,15809";"50,61283"
"6,78000";"10,17320";"50,90953"
"6,79000";"10,18820";"51,21158"
"6,80000";"10,20319";"51,51199"
"6,81000";"10,21818";"51,80954"
"6,82000";"10,23329";"52,10736"
"6,83000";"10,24840";"52,41379"
"6,84000";"10,26340";"52,72834"
"6,85000";"10,27827";"53,04068"
"6,86000";"10,29315";"53,34195"
"6,87000";"10,30814";"53,64326"
"6,88000";"10,32313";"53,94733"
"6,89000";"10,33813";"54,25954"
"6,90000";"10,35312";"54,57814"
"6,91000";"10,36811";"54,88915"
"6,92000";"10,38322";"55,21031"
"6,93000";"10,39822";"55,53130"
"6,94000";"10,41321";"55,85297"
"6,95000";"10,42820";"56,17851"
"6,96000";"10,44308";"56,50942"
"6,97000";"10,45819";"56,83562"
"6,98000";"10,47318";"57,17041"
"6,99000";"10,48817";"57,50845"
"7,00000";"10,50328";"57,85052"
"7,01000";"10,51828";"58,19800"
"7,02000";"10,53315";"58,53951"
"7,03000";"10,54803";"58,86489"
"7,04000";"10,56290";"59,19193"
"7,05000";"10,57790";"59,51616"
"7,06000";"10,59289";"59,85190"
"7,07000";"10,60788";"60,19605"
"7,08000";"10,62276";"60,54489"
"7,09000";"10,63787";"60,89737"
"7,10000";"10,65286";"61,25554"
"7,11000";"10,66774";"61,61913"
"7,12000";"10,68285";"61,97685"
"7,13000";"10,69784";"62,33288"
"7,14000";"10,71283";"62,69702"
"7,15000";"10,72794";"63,06868"
"7,16000";"10,74294";"63,43945"
"7,17000";"10,75781";"63,81408"
"7,18000";"10,77281";"64,18530"
"7,19000";"10,78780";"64,54423"
"7,20000";"10,80279";"64,91087"
"7,21000";"10,81779";"65,28569"
"7,22000";"10,83290";"65,67499"
"7,23000";"10,84789";"66,06481"
"7,24000";"10,86288";"66,45507"
"7,25000";"10,87799";"66,84097"
"7,26000";"10,89287";"67,22559"
"7,27000";"10,90786";"67,60642"
"7,28000";"10,92285";"67,98788"
"7,29000";"10,93785";"68,37149"
"7,30000";"10,95296";"68,76044"
"7,31000";"10,96807";"69,16029"
"7,32000";"10,98306";"69,57353"
"7,33000";"10,99817";"69,98441"
"7,34000";"11,01305";"70,39128"
"7,35000";"11,02804";"70,79733"
"7,36000";"11,04303";"71,19693"
"7,37000";"11,05803";"71,59023"
"7,38000";"11,07314";"71,99129"
"7,39000";"11,08813";"72,40237"
"7,40000";"11,10301";"72,81151"
"7,41000";"11,11800";"73,21619"
"7,42000";"11,13299";"73,62129"
"7,43000";"11,14799";"74,03563"
"7,44000";"11,16310";"74,45268"
"7,45000";"11,17809";"74,87864"
"7,46000";"11,19308";"75,31158"
"7,47000";"11,20808";"75,74494"
"7,48000";"11,22307";"76,17984"
"7,49000";"11,23806";"76,60944"
"7,50000";"11,25306";"77,03915"
"7,51000";"11,26805";"77,46544"
"7,52000";"11,28304";"77,88805"
"7,53000";"11,29803";"78,32134"
"7,54000";"11,31303";"78,76720"
"7,55000";"11,32802";"79,21246"
"7,56000";"11,34290";"79,65451"
"7,57000";"11,35789";"80,08476"
"7,58000";"11,37288";"80,51589"
"7,59000";"11,38788";"80,94676"
"7,60000";"11,40298";"81,39422"
"7,61000";"11,41798";"81,84786"
"7,62000";"11,43309";"82,31467"
"7,63000";"11,44820";"82,77623"
"7,64000";"11,46319";"83,23591"
"7,65000";"11,47807";"83,68433"
"7,66000";"11,49306";"84,13689"
"7,67000";"11,50806";"84,58678"
"7,68000";"11,52317";"85,03149"
"7,69000";"11,53816";"85,48492"
"7,70000";"11,55304";"85,93985"
"7,71000";"11,56815";"86,39957"
"7,72000";"11,58314";"86,86749"
"7,73000";"11,59813";"87,34083"
"7,74000";"11,61312";"87,80544"
"7,75000";"11,62812";"88,25737"
"7,76000";"11,64311";"88,71059"
"7,77000";"11,65810";"89,15816"
"7,78000";"11,67310";"89,61177"
"7,79000";"11,68809";"90,07152"
"7,80000";"11,70296";"90,54002"
"7,81000";"11,71796";"90,99716"
"7,82000";"11,73295";"91,46222"
"7,83000";"11,74794";"91,92931"
"7,84000";"11,76306";"92,38650"
"7,85000";"11,77805";"92,85349"
"7,86000";"11,79292";"93,32844"
"7,87000";"11,80792";"93,80003"
"7,88000";"11,82291";"94,26772"
"7,89000";"11,83790";"94,72794"
"7,90000";"11,85278";"95,18962"
"7,91000";"11,86777";"95,64983"
"7,92000";"11,88276";"96,10915"
"7,93000";"11,89787";"96,57700"
"7,94000";"11,91299";"97,06168"
"7,95000";"11,92810";"97,55073"
"7,96000";"11,94309";"98,02670"
"7,97000";"11,95808";"98,48833"
"7,98000";"11,97296";"98,94313"
"7,99000";"11,98795";"99,38832"
"8,00000";"12,00306";"99,82941"
"8,01000";"12,01806";"100,28146"
"8,02000";"12,03293";"100,73168"
"8,03000";"12,04804";"101,19030"
"8,04000";"12,06304";"101,65056"
"8,05000";"12,07803";"102,10610"
"8,06000";"12,09290";"102,56434"
"8,07000";"12,10790";"103,01112"
"8,08000";"12,12301";"103,45042"
"8,09000";"12,13800";"103,88771"
"8,10000";"12,15299";"104,31712"
"8,11000";"12,16787";"104,75200"
"8,12000";"12,18286";"105,17889"
"8,13000";"12,19774";"105,59914"
"8,14000";"12,21273";"106,00673"
"8,15000";"12,22772";"106,41034"
"8,16000";"12,24283";"106,81974"
"8,17000";"12,25783";"107,23965"
"8,18000";"12,27294";"107,66603"
"8,19000";"12,28793";"108,08012"
"8,20000";"12,30280";"108,48100"
"8,21000";"12,31768";"108,85995"
"8,22000";"12,33267";"109,21744"
"8,23000";"12,34778";"109,56014"
"8,24000";"12,36278";"109,90148"
"8,25000";"12,37789";"110,25411"
"8,26000";"12,39300";"110,61491"
"8,27000";"12,40799";"110,95799"
"8,28000";"12,42299";"111,27131"
"8,29000";"12,43798";"111,55631"
"8,30000";"12,45297";"111,81113"
"8,31000";"12,46797";"112,03609"
"8,32000";"12,48308";"112,24318"
"8,33000";"12,49807";"112,42712"
"8,34000";"12,51306";"112,58102"
"8,35000";"12,52805";"112,70186"
"8,36000";"12,54305";"112,79820"
"8,37000";"12,55792";"112,87090"
"8,38000";"12,57292";"112,92155"
"8,39000";"12,58791";"112,94385"
"8,40000";"12,60290";"112,94964"
"8,41000";"12,61790";"112,94222"
"8,42000";"12,63289";"112,91107"
"8,43000";"12,64776";"112,85895"
"8,44000";"12,66276";"112,78136"
"8,45000";"12,67775";"112,69274"
"8,46000";"12,69274";"112,58421"
"8,47000";"12,70785";"112,44975"
"8,48000";"12,72297";"112,30389"
"8,49000";"12,73808";"112,13842"
"8,50000";"12,75319";"111,94102"
"8,51000";"12,76818";"111,70107"
"8,52000";"12,78317";"111,42808"
"8,53000";"12,79805";"111,11115"
"8,54000";"12,81304";"110,74956"
"8,55000";"12,82815";"110,36291"
"8,56000";"12,84315";"109,95963"
"8,57000";"12,85814";"109,53431"
"8,58000";"12,87325";"109,07150"
"8,59000";"12,88824";"108,58430"
"8,60000";"12,90312";"108,08350"
"8,61000";"12,91787";"107,54954"
"8,62000";"12,93287";"106,98334"
"8,63000";"12,94786";"106,40360"
"8,64000";"12,96285";"105,82201"
"8,65000";"12,97773";"105,22330"
"8,66000";"12,99284";"104,60271"
"8,67000";"13,00795";"103,97482"
"8,68000";"13,02294";"103,35294"
"8,69000";"13,03794";"102,72017"
"8,70000";"13,05293";"102,07048"
"8,71000";"13,06804";"101,40407"
"8,72000";"13,08315";"100,72578"
"8,73000";"13,09814";"100,02281"
"8,74000";"13,11314";"99,29687"
"8,75000";"13,12813";"98,55860"
"8,76000";"13,14301";"97,80648"
"8,77000";"13,15788";"97,02033"
"8,78000";"13,17276";"96,19140"
"8,79000";"13,18787";"95,35106"
"8,80000";"13,20286";"94,51093"
"8,81000";"13,21785";"93,66159"
"8,82000";"13,23285";"92,80679"
"8,83000";"13,24784";"91,95729"
"8,84000";"13,26283";"91,10608"
"8,85000";"13,27771";"90,24620"
"8,86000";"13,29282";"89,39586"
"8,87000";"13,30793";"88,58675"
"8,88000";"13,32292";"87,81635"
"8,89000";"13,33803";"87,07122"
"8,90000";"13,35303";"86,34456"
"8,91000";"13,36802";"85,63409"
"8,92000";"13,38301";"84,93846"
"8,93000";"13,39801";"84,26035"
"8,94000";"13,41300";"83,59255"
"8,95000";"13,42811";"82,95045"
"8,96000";"13,44310";"82,33763"
"8,97000";"13,45810";"81,75009"
"8,98000";"13,47309";"81,17671"
"8,99000";"13,48820";"80,61490"
"9,00000";"13,50308";"80,07477"
"9,01000";"13,51807";"79,54390"
"9,02000";"13,53306";"79,02637"
"9,03000";"13,54806";"78,53672"
"9,04000";"13,56305";"78,08627"
"9,05000";"13,57804";"77,65621"
"9,06000";"13,59303";"77,24554"
"9,07000";"13,60803";"76,84403"
"9,08000";"13,62290";"76,44476"
"9,09000";"13,63790";"76,05001"
"9,10000";"13,65289";"75,66915"
"9,11000";"13,66800";"75,31602"
"9,12000";"13,68311";"75,00031"
"9,13000";"13,69810";"74,71424"
"9,14000";"13,71321";"74,44556"
"9,15000";"13,72821";"74,18304"
"9,16000";"13,74308";"73,92292"
"9,17000";"13,75808";"73,65403"
"9,18000";"13,77307";"73,38363"
"9,19000";"13,78806";"73,12453"
"9,20000";"13,80306";"72,89050"
"9,21000";"13,81817";"72,67668"
"9,22000";"13,83328";"72,48013"
"9,23000";"13,84827";"72,29433"
"9,24000";"13,86315";"72,11355"
"9,25000";"13,87814";"71,91782"
"9,26000";"13,89313";"71,72379"
"9,27000";"13,90801";"71,53844"
"9,28000";"13,92300";"71,35813"
"9,29000";"13,93811";"71,19515"
"9,30000";"13,95310";"71,05462"
"9,31000";"13,96810";"70,93171"
"9,32000";"13,98309";"70,81709"
"9,33000";"13,99808";"70,70457"
"9,34000";"14,01319";"70,60753"
"9,35000";"14,02819";"70,52020"
"9,36000";"14,04318";"70,43510"
"9,37000";"14,05805";"70,35905"
"9,38000";"14,07305";"70,30159"
"9,39000";"14,08781";"70,26583"
"9,40000";"14,10280";"70,24180"
"9,41000";"14,11779";"70,24519"
"9,42000";"14,13278";"70,27653"
"9,43000";"14,14790";"70,33393"
"9,44000";"14,16301";"70,40274"
"9,45000";"14,17800";"70,48082"
"9,46000";"14,19299";"70,56256"
"9,47000";"14,20799";"70,63384"
"9,48000";"14,22286";"70,69342"
"9,49000";"14,23797";"70,75610"
"9,50000";"14,25296";"70,83546"
"9,51000";"14,26808";"70,93131"
"9,52000";"14,28307";"71,03088"
"9,53000";"14,29818";"71,14067"
"9,54000";"14,31329";"71,25706"
"9,55000";"14,32817";"71,36102"
"9,56000";"14,34316";"71,43719"
"9,57000";"14,35803";"71,49812"
"9,58000";"14,37291";"71,55861"
"9,59000";"14,38790";"71,61332"
"9,60000";"14,40301";"71,67612"
"9,61000";"14,41801";"71,75909"
"9,62000";"14,43312";"71,86385"
"9,63000";"14,44799";"71,99732"
"9,64000";"14,46299";"72,14742"
"9,65000";"14,47810";"72,30822"
"9,66000";"14,49309";"72,48521"
"9,67000";"14,50820";"72,67959"
"9,68000";"14,52319";"72,87817"
"9,69000";"14,53819";"73,07479"
"9,70000";"14,55318";"73,27157"
"9,71000";"14,56817";"73,46691"
"9,72000";"14,58305";"73,65136"
"9,73000";"14,59816";"73,83096"
"9,74000";"14,61315";"74,01849"
"9,75000";"14,62826";"74,21010"
"9,76000";"14,64326";"74,40767"
"9,77000";"14,65825";"74,59295"
"9,78000";"14,67313";"74,76348"
"9,79000";"14,68800";"74,91375"
"9,80000";"14,70299";"75,05390"
"9,81000";"14,71799";"75,18438"
"9,82000";"14,73298";"75,31623"
"9,83000";"14,74809";"75,46506"
"9,84000";"14,76320";"75,61211"
"9,85000";"14,77820";"75,75500"
"9,86000";"14,79307";"75,89464"
"9,87000";"14,80806";"76,03300"
"9,88000";"14,82306";"76,17673"
"9,89000";"14,83817";"76,32661"
"9,90000";"14,85304";"76,47815"
"9,91000";"14,86804";"76,64107"
"9,92000";"14,88291";"76,81960"
"9,93000";"14,89802";"77,00095"
"9,94000";"14,91301";"77,18713"
"9,95000";"14,92801";"77,38702"
"9,96000";"14,94288";"77,59685"
"9,97000";"14,95799";"77,81049"
"9,98000";"14,97310";"78,01575"
"9,99000";"14,98822";"78,21582"
"10,00000";"15,00321";"78,40086"
"10,01000";"15,01820";"78,55503"
"10,02000";"15,03308";"78,67455"
"10,03000";"15,04807";"78,77231"
"10,04000";"15,06306";"78,86537"
"10,05000";"15,07806";"78,97553"
"10,06000";"15,09317";"79,09753"
"10,07000";"15,10828";"79,24528"
"10,08000";"15,12327";"79,41245"
"10,09000";"15,13815";"79,57635"
"10,10000";"15,15302";"79,72227"
"10,11000";"15,16790";"79,85011"
"10,12000";"15,18289";"79,97982"
"10,13000";"15,19788";"80,12842"
"10,14000";"15,21287";"80,28329"
"10,15000";"15,22787";"80,43441"
"10,16000";"15,24286";"80,59686"
"10,17000";"15,25774";"80,77038"
"10,18000";"15,27261";"80,92593"
"10,19000";"15,28749";"81,05051"
"10,20000";"15,30260";"81,17608"
"10,21000";"15,31771";"81,31626"
"10,22000";"15,33282";"81,45412"
"10,23000";"15,34781";"81,58022"
"10,24000";"15,36280";"81,68986"
"10,25000";"15,37803";"81,80112"
"10,26000";"15,39303";"81,91109"
"10,27000";"15,40802";"82,01169"
"10,28000";"15,42313";"82,13316"
"10,29000";"15,43824";"82,25723"
"10,30000";"15,45324";"82,37948"
"10,31000";"15,46823";"82,48411"
"10,32000";"15,48322";"82,58263"
"10,33000";"15,49810";"82,68636"
"10,34000";"15,51297";"82,82584"
"10,35000";"15,52797";"83,00244"
"10,36000";"15,54296";"83,21049"
"10,37000";"15,55807";"83,46705"
"10,38000";"15,57306";"83,76189"
"10,39000";"15,58805";"84,07442"
"10,40000";"15,60305";"84,39384"
"10,41000";"15,61804";"84,70699"
"10,42000";"15,63292";"85,01579"
"10,43000";"15,64791";"85,32504"
"10,44000";"15,66290";"85,64768"
"10,45000";"15,67801";"85,98994"
"10,46000";"15,69301";"86,35618"
"10,47000";"15,70800";"86,72540"
"10,48000";"15,72299";"87,09666"
"10,49000";"15,73787";"87,47599"
"10,50000";"15,75274";"87,87513"
"10,51000";"15,76774";"88,28352"
"10,52000";"15,78273";"88,70302"
"10,53000";"15,79772";"89,17123"
"10,54000";"15,81283";"89,67715"
"10,55000";"15,82794";"90,20015"
"10,56000";"15,84306";"90,73104"
"10,57000";"15,85817";"91,27283"
"10,58000";"15,87316";"91,81463"
"10,59000";"15,88827";"92,33822"
"10,60000";"15,90326";"92,84430"
"10,61000";"15,91826";"93,36086"
"10,62000";"15,93325";"93,89619"
"10,63000";"15,94813";"94,44333"
"10,64000";"15,96312";"94,99928"
"10,65000";"15,97799";"95,57124"
"10,66000";"15,99299";"96,16764"
"10,67000";"16,00798";"96,77789"
"10,68000";"16,02297";"97,38930"
"10,69000";"16,03797";"97,99422"
"10,70000";"16,05296";"98,61485"
"10,71000";"16,06795";"99,23122"
"10,72000";"16,08283";"99,83957"
"10,73000";"16,09770";"100,45524"
"10,74000";"16,11269";"101,08214"
"10,75000";"16,12757";"101,72241"
"10,76000";"16,14268";"102,39468"
"10,77000";"16,15779";"103,08169"
"10,78000";"16,17278";"103,81132"
"10,79000";"16,18790";"104,56883"
"10,80000";"16,20289";"105,34412"
"10,81000";"16,21788";"106,10306"
"10,82000";"16,23288";"106,83419"
"10,83000";"16,24799";"107,56130"
"10,84000";"16,26298";"108,30734"
"10,85000";"16,27809";"109,05086"
"10,86000";"16,29320";"109,78776"
"10,87000";"16,30831";"110,51575"
"10,88000";"16,32331";"111,23598"
"10,89000";"16,33830";"111,93432"
"10,90000";"16,35329";"112,58109"
"10,91000";"16,36828";"113,21215"
"10,92000";"16,38328";"113,83897"
"10,93000";"16,39815";"114,46552"
"10,94000";"16,41315";"115,10580"
"10,95000";"16,42802";"115,78540"
"10,96000";"16,44301";"116,50540"
"10,97000";"16,45789";"117,26424"
"10,98000";"16,47288";"118,02925"
"10,99000";"16,48788";"118,81593"
"11,00000";"16,50299";"119,63797"
"11,01000";"16,51798";"120,46042"
"11,02000";"16,53286";"121,26014"
"11,03000";"16,54785";"122,04606"
"11,04000";"16,56272";"122,82983"
"11,05000";"16,57760";"123,60206"
"11,06000";"16,59259";"124,38116"
"11,07000";"16,60770";"125,18971"
"11,08000";"16,62281";"126,04512"
"11,09000";"16,63792";"126,91273"
"11,10000";"16,65303";"127,80232"
"11,11000";"16,66814";"128,69711"
"11,12000";"16,68314";"129,58672"
"11,13000";"16,69813";"130,46178"
"11,14000";"16,71324";"131,31987"
"11,15000";"16,72824";"132,20096"
"11,16000";"16,74311";"133,10254"
"11,17000";"16,75799";"134,00212"
"11,18000";"16,77298";"134,90765"
"11,19000";"16,78797";"135,82819"
"11,20000";"16,80285";"136,78497"
"11,21000";"16,81784";"137,75688"
"11,22000";"16,83283";"138,72073"
"11,23000";"16,84795";"139,64885"
"11,24000";"16,86294";"140,57860"
"11,25000";"16,87805";"141,49609"
"11,26000";"16,89304";"142,39287"
"11,27000";"16,90804";"143,25890"
"11,28000";"16,92291";"144,13272"
"11,29000";"16,93790";"145,01161"
"11,30000";"16,95301";"145,91948"
"11,31000";"16,96812";"146,87457"
"11,32000";"16,98312";"147,88852"
"11,33000";"16,99799";"148,92348"
"11,34000";"17,01299";"149,95268"
"11,35000";"17,02798";"150,99696"
"11,36000";"17,04274";"152,08470"
"11,37000";"17,05761";"153,16466"
"11,38000";"17,07261";"154,27122"
"11,39000";"17,08760";"155,43967"
"11,40000";"17,10259";"156,62173"
"11,41000";"17,11758";"157,79654"
"11,42000";"17,13281";"158,98639"
"11,43000";"17,14792";"160,22275"
"11,44000";"17,16303";"161,47060"
"11,45000";"17,17803";"162,70883"
"11,46000";"17,19302";"163,92374"
"11,47000";"17,20813";"165,14185"
"11,48000";"17,22301";"166,38242"
"11,49000";"17,23800";"167,65744"
"11,50000";"17,25299";"168,96812"
"11,51000";"17,26799";"170,34926"
"11,52000";"17,28286";"171,79356"
"11,53000";"17,29786";"173,26344"
"11,54000";"17,31285";"174,75060"
"11,55000";"17,32784";"176,30182"
"11,56000";"17,34295";"177,91679"
"11,57000";"17,35783";"179,60962"
"11,58000";"17,37282";"181,33334"
"11,59000";"17,38770";"183,06471"
"11,60000";"17,40269";"184,78484"
"11,61000";"17,41768";"186,52315"
"11,62000";"17,43256";"188,26030"
"11,63000";"17,44755";"189,99541"
"11,64000";"17,46266";"191,74356"
"11,65000";"17,47765";"193,55231"
"11,66000";"17,49265";"195,34366"
"11,67000";"17,50764";"197,09210"
"11,68000";"17,52263";"198,84813"
"11,69000";"17,53763";"200,64691"
"11,70000";"17,55274";"202,55989"
"11,71000";"17,56797";"204,58339"
"11,72000";"17,58308";"206,69324"
"11,73000";"17,59819";"208,82968"
"11,74000";"17,61318";"210,91866"
"11,75000";"17,62817";"212,92838"
"11,76000";"17,64305";"214,87065"
"11,77000";"17,65804";"216,74860"
"11,78000";"17,67292";"218,68506"
"11,79000";"17,68791";"220,68797"
"11,80000";"17,70290";"222,75916"
"11,81000";"17,71802";"224,94843"
"11,82000";"17,73301";"227,27567"
"11,83000";"17,74800";"229,69043"
"11,84000";"17,76311";"232,17078"
"11,85000";"17,77810";"234,65437"
"11,86000";"17,79310";"237,13953"
"11,87000";"17,80809";"239,59698"
"11,88000";"17,82308";"242,03198"
"11,89000";"17,83796";"244,47139"
"11,90000";"17,85283";"246,94795"
"11,91000";"17,86759";"249,43155"
"11,92000";"17,88247";"251,92018"
"11,93000";"17,89758";"254,52570"
"11,94000";"17,91257";"257,37000"
"11,95000";"17,92768";"260,40674"
"11,96000";"17,94279";"263,54633"
"11,97000";"17,95778";"266,68112"
"11,98000";"17,97278";"269,75781"
"11,99000";"17,98789";"272,89890"
"12,00000";"18,00288";"276,15732"
"12,01000";"18,01811";"279,51941"
"12,02000";"18,03310";"283,00018"
"12,03000";"18,04822";"286,54846"
"12,04000";"18,06321";"290,09485"
"12,05000";"18,07820";"293,64673"
"12,06000";"18,09308";"297,19540"
"12,07000";"18,10795";"300,72174"
"12,08000";"18,12295";"304,31116"
"12,09000";"18,13806";"308,02698"
"12,10000";"18,15305";"311,90799"
"12,11000";"18,16804";"315,90048"
"12,12000";"18,18303";"319,97809"
"12,13000";"18,19803";"324,07773"
"12,14000";"18,21302";"328,27078"
"12,15000";"18,22790";"332,57336"
"12,16000";"18,24265";"336,91168"
"12,17000";"18,25776";"341,36774"
"12,18000";"18,27264";"346,06006"
"12,19000";"18,28752";"350,84036"
"12,20000";"18,30239";"355,70514"
"12,21000";"18,31726";"360,72961"
"12,22000";"18,33226";"365,91486"
"12,23000";"18,34725";"371,24139"
"12,24000";"18,36236";"376,67996"
"12,25000";"18,37747";"382,20065"
"12,26000";"18,39258";"387,66791"
"12,27000";"18,40758";"393,01511"
"12,28000";"18,42281";"398,53278"
"12,29000";"18,43792";"404,32162"
"12,30000";"18,45279";"410,14157"
"12,31000";"18,46778";"415,74936"
"12,32000";"18,48289";"421,25024"
"12,33000";"18,49801";"426,89316"
"12,33200";"18,50096";"428,03818"
"12,33400";"18,50403";"429,18216"
"12,34400";"18,51701";"434,79248"
"12,35400";"18,52445";"438,33939"
"12,36000";"18,52634";"437,28857"
"12,37000";"18,52563";"427,32645"
"12,38000";"18,52056";"405,85440"
"12,39000";"18,50899";"370,54401"
"12,40000";"18,49199";"315,13242"
"12,41000";"18,47180";"237,66913"
"12,42000";"18,45031";"149,17351"
"12,43000";"18,42836";"66,71686"
"12,44000";"18,40710";"2,08485"
"12,45000";"18,38668";"-41,11529"
"12,46000";"18,36697";"-64,99947"
"12,47000";"18,34796";"-73,79474"
"12,48000";"18,32942";"-69,41820"
"12,49000";"18,31148";"-57,85795"
"12,50000";"18,29424";"-45,18415"
"12,51000";"18,27772";"-34,70475"
"12,52000";"18,26142";"-27,60993"
"12,53000";"18,24549";"-23,53512"
"12,54000";"18,22978";"-21,59008"
"12,55000";"18,21432";"-20,78546"
"12,56000";"18,19874";"-20,53352"
"12,57000";"18,18339";"-20,49013"
"12,58000";"18,16828";"-20,42104"
"12,59000";"18,15305";"-20,23130"
"12,60000";"18,13794";"-19,81447"
"12,61000";"18,12271";"-19,25274"
"12,62000";"18,10760";"-18,63343"
"12,63000";"18,09237";"-18,02595"
"12,64000";"18,07738";"-17,43631"
"12,65000";"18,06262";"-16,81864"
"12,66000";"18,04798";"-16,19444"
"12,67000";"18,03322";"-15,58382"
"12,68000";"18,01799";"-15,03599"
"12,69000";"18,00253";"-14,58619"
"12,70000";"17,98718";"-14,20566"
"12,71000";"17,97183";"-13,85464"
"12,72000";"17,95661";"-13,52016"
"12,73000";"17,94161";"-13,17911"
"12,74000";"17,92662";"-12,80294"
"12,75000";"17,91174";"-12,39187"
"12,76000";"17,89687";"-11,95196"
"12,77000";"17,88188";"-11,51749"
"12,78000";"17,86688";"-11,10737"
"12,79000";"17,85177";"-10,71288"
"12,80000";"17,83678";"-10,34274"
"12,81000";"17,82178";"-9,99915"
"12,82000";"17,80691";"-9,70064"
"12,83000";"17,79203";"-9,42646"
"12,84000";"17,77716";"-9,16634"
"12,85000";"17,76217";"-8,89925"
"12,86000";"17,74718";"-8,63055"
"12,87000";"17,73195";"-8,36541"
"12,88000";"17,71683";"-8,10738"
"12,89000";"17,70184";"-7,86993"
"12,90000";"17,68685";"-7,63548"
"12,91000";"17,67174";"-7,40482"
"12,92000";"17,65674";"-7,17663"
"12,93000";"17,64175";"-6,94761"
"12,94000";"17,62675";"-6,71146"
"12,95000";"17,61176";"-6,47513"
"12,96000";"17,59701";"-6,23316"
"12,97000";"17,58225";"-5,98756"
"12,98000";"17,56726";"-5,73799"
"12,99000";"17,55215";"-5,50258"
"13,00000";"17,53715";"-5,28952"
"13,01000";"17,52204";"-5,09820"
"13,02000";"17,50693";"-4,91393"
"13,03000";"17,49182";"-4,73737"
"13,04000";"17,47694";"-4,57350"
"13,05000";"17,46207";"-4,42109"
"13,06000";"17,44719";"-4,26544"
"13,07000";"17,43220";"-4,11390"
"13,08000";"17,41709";"-3,97944"
"13,09000";"17,40221";"-3,85520"
"13,10000";"17,38711";"-3,73417"
"13,11000";"17,37188";"-3,61259"
"13,12000";"17,35700";"-3,48117"
"13,13000";"17,34212";"-3,34995"
"13,14000";"17,32713";"-3,21638"
"13,15000";"17,31202";"-3,09341"
"13,16000";"17,29703";"-2,96603"
"13,17000";"17,28204";"-2,84077"
"13,18000";"17,26704";"-2,71891"
"13,19000";"17,25181";"-2,59687"
"13,20000";"17,23682";"-2,48290"
"13,21000";"17,22194";"-2,37706"
"13,22000";"17,20707";"-2,28392"
"13,23000";"17,19208";"-2,18892"
"13,24000";"17,17696";"-2,08597"
"13,25000";"17,16197";"-1,98538"
"13,26000";"17,14698";"-1,90172"
"13,27000";"17,13199";"-1,82708"
"13,28000";"17,11687";"-1,75769"
"13,29000";"17,10200";"-1,68885"
"13,30000";"17,08701";"-1,61998"
"13,31000";"17,07201";"-1,54297"
"13,32000";"17,05690";"-1,46744"
"13,33000";"17,04191";"-1,40178"
"13,34000";"17,02692";"-1,34166"
"13,35000";"17,01192";"-1,28785"
"13,36000";"16,99693";"-1,23448"
"13,37000";"16,98194";"-1,18840"
"13,38000";"16,96718";"-1,13642"
"13,39000";"16,95219";"-1,08664"
"13,40000";"16,93708";"-1,04103"
"13,41000";"16,92196";"-0,99195"
"13,42000";"16,90697";"-0,95054"
"13,43000";"16,89198";"-0,91694"
"13,44000";"16,87687";"-0,88035"
"13,45000";"16,86188";"-0,84549"
"13,46000";"16,84700";"-0,81527"
"13,47000";"16,83201";"-0,78263"
"13,48000";"16,81689";"-0,75572"
"13,49000";"16,80179";"-0,72656"
"13,50000";"16,78679";"-0,69232"
"13,51000";"16,77180";"-0,64548"
"13,52000";"16,75692";"-0,60197"
"13,53000";"16,74193";"-0,56615"
"13,54000";"16,72694";"-0,54148"
"13,55000";"16,71206";"-0,52204"
"13,56000";"16,69707";"-0,50548"
"13,57000";"16,68196";"-0,49061"
"13,58000";"16,66685";"-0,48575"
"13,59000";"16,65197";"-0,48263"
"13,60000";"16,63710";"-0,47380"
"13,61000";"16,62199";"-0,46507"
"13,62000";"16,60699";"-0,45747"
"13,63000";"16,59200";"-0,45069"
"13,64000";"16,57689";"-0,45007"
"13,65000";"16,56178";"-0,44872"
"13,66000";"16,54667";"-0,45323"
"13,67000";"16,53179";"-0,45471"
"13,68000";"16,51692";"-0,45157"
"13,69000";"16,50204";"-0,44810"
"13,70000";"16,48705";"-0,45237"
"13,71000";"16,47206";"-0,45627"
"13,72000";"16,45706";"-0,45549"
"13,73000";"16,44195";"-0,44398"
"13,74000";"16,42696";"-0,43593"
"13,75000";"16,41208";"-0,43385"
"13,76000";"16,39721";"-0,42649"
"13,77000";"16,38222";"-0,42009"
"13,78000";"16,36710";"-0,41979"
"13,79000";"16,35211";"-0,41409"
"13,80000";"16,33712";"-0,41104"
"13,81000";"16,32212";"-0,41385"
"13,82000";"16,30701";"-0,40705"
"13,83000";"16,29202";"-0,40475"
"13,84000";"16,27703";"-0,40358"
"13,85000";"16,26215";"-0,40695"
"13,86000";"16,24704";"-0,40624"
"13,87000";"16,23193";"-0,40181"
"13,88000";"16,21706";"-0,39344"
"13,89000";"16,20206";"-0,38421"
"13,90000";"16,18707";"-0,37446"
"13,91000";"16,17208";"-0,37044"
"13,92000";"16,15720";"-0,37654"
"13,93000";"16,14221";"-0,38416"
"13,94000";"16,12710";"-0,39146"
"13,95000";"16,11199";"-0,39547"
"13,96000";"16,09699";"-0,39546"
"13,97000";"16,08188";"-0,39396"
"13,98000";"16,06677";"-0,39229"
"13,99000";"16,05178";"-0,39414"
"14,00000";"16,03690";"-0,39294"
"14,01000";"16,02203";"-0,38733"
"14,02000";"16,00704";"-0,38346"
"14,03000";"15,99192";"-0,38554"
"14,04000";"15,97693";"-0,38421"
"14,05000";"15,96194";"-0,39151"
"14,06000";"15,94706";"-0,39979"
"14,07000";"15,93207";"-0,40567"
"14,08000";"15,91708";"-0,40715"
"14,09000";"15,90208";"-0,41053"
"14,10000";"15,88721";"-0,40993"
"14,11000";"15,87210";"-0,40078"
"14,12000";"15,85710";"-0,39871"
"14,13000";"15,84199";"-0,39708"
"14,14000";"15,82712";"-0,38503"
"14,15000";"15,81213";"-0,37279"
"14,16000";"15,79713";"-0,36880"
"14,17000";"15,78214";"-0,36671"
"14,18000";"15,76727";"-0,36112"
"14,19000";"15,75215";"-0,35819"
"14,20000";"15,73704";"-0,35268"
"14,21000";"15,72205";"-0,35003"
"14,22000";"15,70717";"-0,34332"
"14,23000";"15,69218";"-0,34167"
"14,24000";"15,67719";"-0,33879"
"14,25000";"15,66220";"-0,33703"
"14,26000";"15,64720";"-0,33732"
"14,27000";"15,63209";"-0,34247"
"14,28000";"15,61698";"-0,34508"
"14,29000";"15,60175";"-0,34697"
"14,30000";"15,58676";"-0,35190"
"14,31000";"15,57176";"-0,35409"
"14,32000";"15,55677";"-0,35280"
"14,33000";"15,54178";"-0,35286"
"14,34000";"15,52690";"-0,35638"
"14,35000";"15,51203";"-0,35926"
"14,36000";"15,49680";"-0,36057"
"14,37000";"15,48180";"-0,35257"
"14,38000";"15,46681";"-0,34523"
"14,39000";"15,45205";"-0,34108"
"14,40000";"15,43706";"-0,33956"
"14,41000";"15,42207";"-0,34419"
"14,42000";"15,40707";"-0,34711"
"14,43000";"15,39208";"-0,34623"
"14,44000";"15,37709";"-0,34445"
"14,45000";"15,36198";"-0,34129"
"14,46000";"15,34699";"-0,35114"
"14,47000";"15,33211";"-0,35824"
"14,48000";"15,31712";"-0,35483"
"14,49000";"15,30201";"-0,34836"
"14,50000";"15,28701";"-0,34222"
"14,51000";"15,27214";"-0,33017"
"14,52000";"15,25715";"-0,31832"
"14,53000";"15,24203";"-0,31139"
"14,54000";"15,22704";"-0,30475"
"14,55000";"15,21217";"-0,31033"
"14,56000";"15,19729";"-0,31957"
"14,57000";"15,18218";"-0,32175"
"14,58000";"15,16707";"-0,31784"
"14,59000";"15,15219";"-0,31223"
"14,60000";"15,13720";"-0,31490"
"14,61000";"15,12197";"-0,31741"
"14,62000";"15,10698";"-0,32001"
"14,63000";"15,09210";"-0,32033"
"14,64000";"15,07723";"-0,32056"
"14,65000";"15,06212";"-0,31734"
"14,66000";"15,04701";"-0,31697"
"14,67000";"15,03201";"-0,32151"
"14,68000";"15,01702";"-0,32935"
"14,69000";"15,00203";"-0,32112"
"14,70000";"14,98692";"-0,32194"
"14,71000";"14,97204";"-0,32637"
"14,72000";"14,95717";"-0,33026"
"14,73000";"14,94229";"-0,32867"
"14,74000";"14,92718";"-0,32356"
"14,75000";"14,91219";"-0,31748"
"14,76000";"14,89731";"-0,30973"
"14,77000";"14,88232";"-0,30730"
"14,78000";"14,86709";"-0,31317"
"14,79000";"14,85210";"-0,31582"
"14,80000";"14,83722";"-0,31613"
"14,81000";"14,82223";"-0,31304"
"14,82000";"14,80712";"-0,31038"
"14,83000";"14,79201";"-0,29774"
"14,84000";"14,77713";"-0,28943"
"14,85000";"14,76226";"-0,29191"
"14,86000";"14,74714";"-0,29489"
"14,87000";"14,73215";"-0,29790"
"14,88000";"14,71716";"-0,30134"
"14,89000";"14,70217";"-0,29982"
"14,90000";"14,68706";"-0,29228"
"14,91000";"14,67194";"-0,29297"
"14,92000";"14,65695";"-0,30292"
"14,93000";"14,64208";"-0,30991"
"14,94000";"14,62697";"-0,30530"
"14,95000";"14,61197";"-0,30529"
"14,96000";"14,59698";"-0,29602"
"14,97000";"14,58199";"-0,29797"
"14,98000";"14,56687";"-0,29769"
"14,99000";"14,55176";"-0,30048"
"15,00000";"14,53689";"-0,30909"
"15,01000";"14,52201";"-0,32048"
"15,02000";"14,50702";"-0,31881"
"15,03000";"14,49191";"-0,30952"
"15,04000";"14,47680";"-0,30657"
"15,05000";"14,46181";"-0,30396"
"15,06000";"14,44681";"-0,29799"
"15,07000";"14,43170";"-0,28918"
"15,08000";"14,41671";"-0,28721"
"15,09000";"14,40183";"-0,29192"
"15,10000";"14,38696";"-0,29110"
"15,11000";"14,37185";"-0,28622"
"15,12000";"14,35674";"-0,28274"
"15,13000";"14,34186";"-0,29055"
"15,14000";"14,32687";"-0,29307"
"15,15000";"14,31164";"-0,30103"
"15,16000";"14,29665";"-0,30295"
"15,17000";"14,28189";"-0,30329"
"15,18000";"14,26701";"-0,30804"
"15,19000";"14,25202";"-0,31230"
"15,20000";"14,23691";"-0,31589"
"15,21000";"14,22192";"-0,31694"
"15,22000";"14,20681";"-0,31850"
"15,23000";"14,19169";"-0,31392"
"15,24000";"14,17670";"-0,31612"
"15,25000";"14,16183";"-0,31546"
"15,26000";"14,14707";"-0,31497"
"15,27000";"14,13208";"-0,31248"
"15,28000";"14,11697";"-0,30834"
"15,29000";"14,10197";"-0,30262"
"15,30000";"14,08698";"-0,30389"
"15,31000";"14,07187";"-0,31163"
"15,32000";"14,05688";"-0,32032"
"15,33000";"14,04188";"-0,32394"
"15,34000";"14,02713";"-0,31803"
"15,35000";"14,01225";"-0,30701"
"15,36000";"13,99714";"-0,30340"
"15,37000";"13,98226";"-0,30315"
"15,38000";"13,96739";"-0,30221"
"15,39000";"13,95240";"-0,29519"
"15,40000";"13,93729";"-0,29307"
"15,41000";"13,92229";"-0,29515"
"15,42000";"13,90730";"-0,29213"
"15,43000";"13,89242";"-0,28842"
"15,44000";"13,87719";"-0,28266"
"15,45000";"13,86208";"-0,28366"
"15,46000";"13,84709";"-0,28426"
"15,47000";"13,83210";"-0,28615"
"15,48000";"13,81699";"-0,29381"
"15,49000";"13,80199";"-0,29688"
"15,50000";"13,78712";"-0,29549"
"15,51000";"13,77212";"-0,28558"
"15,52000";"13,75701";"-0,28094"
"15,53000";"13,74179";"-0,27787"
"15,54000";"13,72679";"-0,28175"
"15,55000";"13,71192";"-0,28423"
"15,56000";"13,69681";"-0,28775"
"15,57000";"13,68181";"-0,29023"
"15,58000";"13,66706";"-0,28653"
"15,59000";"13,65218";"-0,27763"
"15,60000";"13,63707";"-0,27320"
"15,61000";"13,62196";"-0,26937"
"15,62000";"13,60685";"-0,27147"
"15,63000";"13,59197";"-0,27181"
"15,64000";"13,57698";"-0,28266"
"15,65000";"13,56187";"-0,29392"
"15,66000";"13,54688";"-0,29546"
"15,67000";"13,53200";"-0,29107"
"15,68000";"13,51701";"-0,27852"
"15,69000";"13,50190";"-0,26993"
"15,70000";"13,48678";"-0,26428"
"15,71000";"13,47191";"-0,26179"
"15,72000";"13,45704";"-0,25782"
"15,73000";"13,44204";"-0,25677"
"15,74000";"13,42705";"-0,26144"
"15,75000";"13,41206";"-0,26290"
"15,76000";"13,39706";"-0,26894"
"15,77000";"13,38195";"-0,27217"
"15,78000";"13,36672";"-0,26886"
"15,79000";"13,35185";"-0,26469"
"15,80000";"13,33709";"-0,26307"
"15,81000";"13,32210";"-0,26263"
"15,82000";"13,30699";"-0,25688"
"15,83000";"13,29211";"-0,25398"
"15,84000";"13,27712";"-0,24972"
"15,85000";"13,26189";"-0,24949"
"15,86000";"13,24678";"-0,25815"
"15,87000";"13,23178";"-0,26721"
"15,88000";"13,21691";"-0,27634"
"15,89000";"13,20203";"-0,28191"
"15,90000";"13,18704";"-0,28053"
"15,91000";"13,17217";"-0,28312"
"15,92000";"13,15729";"-0,28069"
"15,93000";"13,14206";"-0,27074"
"15,94000";"13,12683";"-0,25757"
"15,95000";"13,11172";"-0,25521"
"15,96000";"13,09685";"-0,25257"
"15,97000";"13,08209";"-0,25001"
"15,98000";"13,06698";"-0,25356"
"15,99000";"13,05187";"-0,25716"
"16,00000";"13,03699";"-0,26335"
"16,01000";"13,02200";"-0,26617"
"16,02000";"13,00689";"-0,26941"
"16,03000";"12,99178";"-0,27003"
"16,04000";"12,97690";"-0,27256"
"16,05000";"12,96203";"-0,27243"
"16,06000";"12,94703";"-0,27200"
"16,07000";"12,93192";"-0,27389"
"16,08000";"12,91693";"-0,27372"
"16,09000";"12,90194";"-0,27206"
"16,10000";"12,88694";"-0,27744"
"16,11000";"12,87195";"-0,27906"
"16,12000";"12,85708";"-0,27987"
"16,13000";"12,84220";"-0,28285"
"16,14000";"12,82721";"-0,28037"
"16,15000";"12,81198";"-0,27447"
"16,16000";"12,79699";"-0,27536"
"16,17000";"12,78199";"-0,26935"
"16,18000";"12,76700";"-0,26399"
"16,19000";"12,75189";"-0,26487"
"16,20000";"12,73690";"-0,26716"
"16,21000";"12,72202";"-0,27374"
"16,22000";"12,70703";"-0,28043"
"16,23000";"12,69180";"-0,28093"
"16,24000";"12,67669";"-0,27914"
"16,25000";"12,66169";"-0,27922"
"16,26000";"12,64682";"-0,27704"
"16,27000";"12,63171";"-0,26785"
"16,28000";"12,61683";"-0,26818"
"16,29000";"12,60196";"-0,27110"
"16,30000";"12,58697";"-0,27770"
"16,31000";"12,57197";"-0,27716"
"16,32000";"12,55698";"-0,27672"
"16,33000";"12,54187";"-0,27847"
"16,34000";"12,52688";"-0,27876"
"16,35000";"12,51188";"-0,27833"
"16,36000";"12,49677";"-0,28009"
"16,37000";"12,48190";"-0,28478"
"16,38000";"12,46690";"-0,28167"
"16,39000";"12,45191";"-0,28291"
"16,40000";"12,43692";"-0,28789"
"16,41000";"12,42192";"-0,29593"
"16,42000";"12,40693";"-0,30306"
"16,43000";"12,39206";"-0,29940"
"16,44000";"12,37706";"-0,28913"
"16,45000";"12,36207";"-0,28377"
"16,46000";"12,34708";"-0,28342"
"16,47000";"12,33196";"-0,28218"
"16,48000";"12,31685";"-0,28665"
"16,49000";"12,30174";"-0,29442"
"16,50000";"12,28675";"-0,29981"
"16,51000";"12,27188";"-0,30106"
"16,52000";"12,25700";"-0,29493"
"16,53000";"12,24201";"-0,29331"
"16,54000";"12,22701";"-0,28745"
"16,55000";"12,21202";"-0,28198"
"16,56000";"12,19703";"-0,28322"
"16,57000";"12,18192";"-0,28462"
"16,58000";"12,16692";"-0,28566"
"16,59000";"12,15205";"-0,28685"
"16,60000";"12,13717";"-0,28639"
"16,61000";"12,12218";"-0,28955"
"16,62000";"12,10707";"-0,29345"
"16,63000";"12,09219";"-0,29461"
"16,64000";"12,07720";"-0,29767"
"16,65000";"12,06209";"-0,29780"
"16,66000";"12,04710";"-0,29361"
"16,67000";"12,03222";"-0,29755"
"16,68000";"12,01723";"-0,30278"
"16,69000";"12,00212";"-0,30077"
"16,70000";"11,98701";"-0,30638"
"16,71000";"11,97201";"-0,30734"
"16,72000";"11,95702";"-0,30267"
"16,73000";"11,94191";"-0,29818"
"16,74000";"11,92692";"-0,30399"
"16,75000";"11,91204";"-0,30483"
"16,76000";"11,89717";"-0,29310"
"16,77000";"11,88206";"-0,28871"
"16,78000";"11,86695";"-0,29302"
"16,79000";"11,85183";"-0,29976"
"16,80000";"11,83684";"-0,30332"
"16,81000";"11,82173";"-0,30413"
"16,82000";"11,80674";"-0,30405"
"16,83000";"11,79186";"-0,30713"
"16,84000";"11,77699";"-0,30843"
"16,85000";"11,76199";"-0,30488"
"16,86000";"11,74676";"-0,30592"
"16,87000";"11,73177";"-0,30446"
"16,88000";"11,71690";"-0,30999"
"16,89000";"11,70202";"-0,32178"
"16,90000";"11,68703";"-0,32957"
"16,91000";"11,67192";"-0,32822"
"16,92000";"11,65693";"-0,33259"
"16,93000";"11,64193";"-0,32937"
"16,94000";"11,62694";"-0,32047"
"16,95000";"11,61195";"-0,31377"
"16,96000";"11,59683";"-0,31480"
"16,97000";"11,58196";"-0,31556"
"16,98000";"11,56697";"-0,31339"
"16,99000";"11,55197";"-0,30809"
"17,00000";"11,53698";"-0,31279"
"17,01000";"11,52199";"-0,31039"
"17,02000";"11,50699";"-0,30501"
"17,03000";"11,49188";"-0,30669"
"17,04000";"11,47689";"-0,30680"
"17,05000";"11,46201";"-0,30247"
"17,06000";"11,44702";"-0,30703"
"17,07000";"11,43203";"-0,30752"
"17,08000";"11,41704";"-0,31545"
"17,09000";"11,40216";"-0,32682"
"17,10000";"11,38705";"-0,32493"
"17,11000";"11,37194";"-0,31745"
"17,12000";"11,35683";"-0,31920"
"17,13000";"11,34183";"-0,31959"
"17,14000";"11,32696";"-0,31791"
"17,15000";"11,31185";"-0,31550"
"17,16000";"11,29685";"-0,31531"
"17,17000";"11,28198";"-0,31681"
"17,18000";"11,26710";"-0,32063"
"17,19000";"11,25211";"-0,31762"
"17,20000";"11,23700";"-0,31734"
"17,21000";"11,22213";"-0,31961"
"17,22000";"11,20713";"-0,31860"
"17,23000";"11,19202";"-0,30748"
"17,24000";"11,17691";"-0,30385"
"17,25000";"11,16192";"-0,31248"
"17,26000";"11,14704";"-0,32050"
"17,27000";"11,13205";"-0,31728"
"17,28000";"11,11694";"-0,31515"
"17,29000";"11,10194";"-0,31359"
"17,30000";"11,08707";"-0,30693"
"17,31000";"11,07208";"-0,30443"
"17,32000";"11,05696";"-0,30690"
"17,33000";"11,04197";"-0,31750"
"17,34000";"11,02698";"-0,31899"
"17,35000";"11,01187";"-0,31554"
"17,36000";"10,99688";"-0,31808"
"17,37000";"10,98188";"-0,31756"
"17,38000";"10,96701";"-0,31870"
"17,39000";"10,95213";"-0,30950"
"17,40000";"10,93702";"-0,30353"
"17,41000";"10,92191";"-0,29877"
"17,42000";"10,90692";"-0,29625"
"17,43000";"10,89192";"-0,28997"
"17,44000";"10,87681";"-0,28561"
"17,45000";"10,86170";"-0,28187"
"17,46000";"10,84683";"-0,28298"
"17,47000";"10,83195";"-0,29064"
"17,48000";"10,81696";"-0,28865"
"17,49000";"10,80173";"-0,28426"
"17,50000";"10,78686";"-0,28556"
"17,51000";"10,77186";"-0,27896"
"17,52000";"10,75699";"-0,27346"
"17,53000";"10,74188";"-0,28068"
"17,54000";"10,72700";"-0,29140"
"17,55000";"10,71213";"-0,29168"
"17,56000";"10,69725";"-0,28999"
"17,57000";"10,68214";"-0,28556"
"17,58000";"10,66715";"-0,28228"
"17,59000";"10,65215";"-0,27852"
"17,60000";"10,63728";"-0,26733"
"17,61000";"10,62217";"-0,25294"
"17,62000";"10,60717";"-0,25172"
"17,63000";"10,59230";"-0,25617"
"17,64000";"10,57731";"-0,25239"
"17,65000";"10,56231";"-0,24431"
"17,66000";"10,54720";"-0,23893"
"17,67000";"10,53221";"-0,24135"
"17,68000";"10,51722";"-0,24178"
"17,69000";"10,50234";"-0,23804"
"17,70000";"10,48723";"-0,23321"
"17,71000";"10,47235";"-0,22978"
"17,72000";"10,45736";"-0,23641"
"17,73000";"10,44237";"-0,23542"
"17,74000";"10,42726";"-0,23594"
"17,75000";"10,41215";"-0,23650"
"17,76000";"10,39715";"-0,22795"
"17,77000";"10,38216";"-0,21380"
"17,78000";"10,36717";"-0,20901"
"17,79000";"10,35206";"-0,20898"
"17,80000";"10,33706";"-0,21120"
"17,81000";"10,32207";"-0,21297"
"17,82000";"10,30696";"-0,21433"
"17,83000";"10,29185";"-0,21290"
"17,84000";"10,27697";"-0,20759"
"17,85000";"10,26198";"-0,20291"
"17,86000";"10,24687";"-0,19516"
"17,87000";"10,23199";"-0,18310"
"17,88000";"10,21712";"-0,16956"
"17,89000";"10,20224";"-0,15013"
"17,90000";"10,18713";"-0,13949"
"17,91000";"10,17202";"-0,12883"
"17,92000";"10,15703";"-0,11692"
"17,93000";"10,14204";"-0,10913"
"17,94000";"10,12692";"-0,10732"
"17,95000";"10,11181";"-0,10427"
"17,96000";"10,09670";"-0,10823"
"17,97000";"10,08171";"-0,11150"
"17,98000";"10,06671";"-0,11896"
"17,99000";"10,05160";"-0,12355"
"18,00000";"10,03673";"-0,11891"
"18,01000";"10,02185";"-0,11098"
"18,02000";"10,00686";"-0,10187"
"18,03000";"9,99175";"-0,10127"
"18,04000";"9,97688";"-0,10427"
"18,05000";"9,96200";"-0,10593"
"18,06000";"9,94701";"-0,10775"
"18,07000";"9,93190";"-0,10876"
"18,08000";"9,91690";"-0,10876"
"18,09000";"9,90203";"-0,10558"
"18,10000";"9,88703";"-0,09585"
"18,11000";"9,87204";"-0,09366"
"18,12000";"9,85693";"-0,09482"
"18,13000";"9,84206";"-0,09138"
"18,14000";"9,82695";"-0,08334"
"18,15000";"9,81183";"-0,07921"
"18,16000";"9,79684";"-0,07890"
"18,17000";"9,78197";"-0,07364"
"18,18000";"9,76709";"-0,07042"
"18,19000";"9,75198";"-0,07005"
"18,20000";"9,73699";"-0,07677"
"18,21000";"9,72211";"-0,08494"
"18,22000";"9,70712";"-0,09021"
"18,23000";"9,69213";"-0,08980"
"18,24000";"9,67701";"-0,08544"
"18,25000";"9,66202";"-0,08242"
"18,26000";"9,64726";"-0,08282"
"18,27000";"9,63215";"-0,08621"
"18,28000";"9,61704";"-0,08357"
"18,29000";"9,60205";"-0,07934"
"18,30000";"9,58717";"-0,07423"
"18,31000";"9,57218";"-0,07140"
"18,32000";"9,55719";"-0,06716"
"18,33000";"9,54220";"-0,06233"
"18,34000";"9,52732";"-0,06184"
"18,35000";"9,51233";"-0,06384"
"18,36000";"9,49710";"-0,06556"
"18,37000";"9,48199";"-0,06711"
"18,38000";"9,46711";"-0,07100"
"18,39000";"9,45212";"-0,06544"
"18,40000";"9,43701";"-0,05605"
"18,41000";"9,42201";"-0,05238"
"18,42000";"9,40714";"-0,05275"
"18,43000";"9,39215";"-0,04944"
"18,44000";"9,37704";"-0,04650"
"18,45000";"9,36192";"-0,04741"
"18,46000";"9,34693";"-0,04556"
"18,47000";"9,33206";"-0,04476"
"18,48000";"9,31694";"-0,04433"
"18,49000";"9,30183";"-0,04242"
"18,50000";"9,28708";"-0,04130"
"18,51000";"9,27220";"-0,04548"
"18,52000";"9,25721";"-0,05268"
"18,53000";"9,24198";"-0,05657"
"18,54000";"9,22699";"-0,05702"
"18,55000";"9,21211";"-0,05351"
"18,56000";"9,19712";"-0,04531"
"18,57000";"9,18189";"-0,03851"
"18,58000";"9,16701";"-0,03783"
"18,59000";"9,15202";"-0,03397"
"18,60000";"9,13703";"-0,03227"
"18,61000";"9,12192";"-0,03178"
"18,62000";"9,10692";"-0,03568"
"18,63000";"9,09205";"-0,03347"
"18,64000";"9,07717";"-0,02744"
"18,65000";"9,06206";"-0,02459"
"18,66000";"9,04695";"-0,03021"
"18,67000";"9,03208";"-0,03849"
"18,68000";"9,01708";"-0,04666"
"18,69000";"9,00185";"-0,05119"
"18,70000";"8,98674";"-0,04851"
"18,71000";"8,97187";"-0,04250"
"18,72000";"8,95699";"-0,03224"
"18,73000";"8,94188";"-0,03073"
"18,74000";"8,92689";"-0,03684"
"18,75000";"8,91190";"-0,03937"
"18,76000";"8,89690";"-0,03879"
"18,77000";"8,88179";"-0,04037"
"18,78000";"8,86668";"-0,03824"
"18,79000";"8,85192";"-0,03530"
"18,80000";"8,83705";"-0,03325"
"18,81000";"8,82217";"-0,03199"
"18,82000";"8,80706";"-0,02713"
"18,83000";"8,79195";"-0,02625"
"18,84000";"8,77708";"-0,03179"
"18,85000";"8,76197";"-0,03457"
"18,86000";"8,74685";"-0,03891"
"18,87000";"8,73198";"-0,05013"
"18,88000";"8,71722";"-0,05529"
"18,89000";"8,70235";"-0,04499"
"18,90000";"8,68712";"-0,03252"
"18,91000";"8,67213";"-0,02626"
"18,92000";"8,65713";"-0,01499"
"18,93000";"8,64214";"-0,01040"
"18,94000";"8,62703";"-0,00929"
"18,95000";"8,61215";"-0,00824"
"18,96000";"8,59728";"-0,01323"
"18,97000";"8,58240";"-0,01505"
"18,98000";"8,56729";"-0,01286"
"18,99000";"8,55206";"-0,01925"
"19,00000";"8,53695";"-0,02593"
"19,01000";"8,52196";"-0,03091"
"19,02000";"8,50673";"-0,03359"
"19,03000";"8,49174";"-0,03098"
"19,04000";"8,47686";"-0,03358"
"19,05000";"8,46187";"-0,03805"
"19,06000";"8,44676";"-0,03721"
"19,07000";"8,43165";"-0,03576"
"19,08000";"8,41665";"-0,03306"
"19,09000";"8,40178";"-0,02894"
"19,10000";"8,38679";"-0,02715"
"19,11000";"8,37179";"-0,02562"
"19,12000";"8,35692";"-0,02510"
"19,13000";"8,34204";"-0,02783"
"19,14000";"8,32705";"-0,02796"
"19,15000";"8,31194";"-0,02932"
"19,16000";"8,29683";"-0,02499"
"19,17000";"8,28183";"-0,01747"
"19,18000";"8,26696";"-0,00232"
"19,19000";"8,25185";"0,00516"
"19,20000";"8,23685";"-0,00207"
"19,21000";"8,22186";"-0,00879"
"19,22000";"8,20699";"-0,01005"
"19,23000";"8,19188";"-0,00908"
"19,24000";"8,17676";"-0,01393"
"19,25000";"8,16189";"-0,01782"
"19,26000";"8,14701";"-0,02366"
"19,27000";"8,13202";"-0,02653"
"19,28000";"8,11703";"-0,03061"
"19,29000";"8,10204";"-0,03255"
"19,30000";"8,08704";"-0,02506"
"19,31000";"8,07193";"-0,01762"
"19,32000";"8,05682";"-0,01600"
"19,33000";"8,04183";"-0,02068"
"19,34000";"8,02695";"-0,02952"
"19,35000";"8,01208";"-0,03230"
"19,36000";"7,99708";"-0,03007"
"19,37000";"7,98209";"-0,03506"
"19,38000";"7,96698";"-0,03521"
"19,39000";"7,95199";"-0,03042"
"19,40000";"7,93688";"-0,02635"
"19,41000";"7,92188";"-0,02070"
"19,42000";"7,90701";"-0,02360"
"19,43000";"7,89213";"-0,02553"
"19,44000";"7,87714";"-0,02552"
"19,45000";"7,86203";"-0,02768"
"19,46000";"7,84704";"-0,03001"
"19,47000";"7,83216";"-0,02370"
"19,48000";"7,81693";"-0,01827"
"19,49000";"7,80194";"-0,01422"
"19,50000";"7,78706";"-0,01005"
"19,51000";"7,77219";"-0,00704"
"19,52000";"7,75719";"-0,01006"
"19,53000";"7,74208";"-0,01787"
"19,54000";"7,72709";"-0,02370"
"19,55000";"7,71222";"-0,02782"
"19,56000";"7,69710";"-0,02348"
"19,57000";"7,68199";"-0,02016"
"19,58000";"7,66700";"-0,02218"
"19,59000";"7,65212";"-0,01973"
"19,60000";"7,63713";"-0,01467"
"19,61000";"7,62202";"-0,01894"
"19,62000";"7,60691";"-0,02777"
"19,63000";"7,59192";"-0,02570"
"19,64000";"7,57681";"-0,01984"
"19,65000";"7,56169";"-0,01318"
"19,66000";"7,54682";"-0,01463"
"19,67000";"7,53194";"-0,01848"
"19,68000";"7,51707";"-0,01688"
"19,69000";"7,50196";"-0,01767"
"19,70000";"7,48697";"-0,01814"
"19,71000";"7,47197";"-0,01051"
"19,72000";"7,45686";"-0,00183"
"19,73000";"7,44187";"-0,00475"
"19,74000";"7,42687";"-0,01386"
"19,75000";"7,41188";"-0,02253"
"19,76000";"7,39701";"-0,01662"
"19,77000";"7,38190";"-0,01432"
"19,78000";"7,36679";"-0,02003"
"19,79000";"7,35179";"-0,01774"
"19,80000";"7,33680";"-0,01082"
"19,81000";"7,32181";"-0,01213"
"19,82000";"7,30681";"-0,02008"
"19,83000";"7,29182";"-0,01817"
"19,84000";"7,27706";"-0,00542"
"19,85000";"7,26207";"0,00639"
"19,86000";"7,24696";"0,00232"
"19,87000";"7,23185";"-0,00439"
"19,88000";"7,21685";"-0,00791"
"19,89000";"7,20186";"-0,00871"
"19,90000";"7,18699";"-0,01346"
"19,91000";"7,17211";"-0,01752"
"19,92000";"7,15712";"-0,01748"
"19,93000";"7,14212";"-0,01652"
"19,94000";"7,12701";"-0,01435"
"19,95000";"7,11202";"-0,01572"
"19,96000";"7,09691";"-0,01109"
"19,97000";"7,08204";"-0,00314"
"19,98000";"7,06704";"-0,00142"
"19,99000";"7,05193";"-0,00410"
"20,00000";"7,03694";"-0,00846"
"20,01000";"7,02194";"-0,01278"
"20,02000";"7,00683";"-0,01009"
"20,03000";"6,99172";"-0,01451"
"20,04000";"6,97685";"-0,01837"
"20,05000";"6,96209";"-0,00728"
"20,06000";"6,94722";"-0,00460"
"20,07000";"6,93222";"-0,00978"
"20,08000";"6,91723";"-0,01846"
"20,09000";"6,90235";"-0,01846"
"20,10000";"6,88736";"-0,01439"
"20,11000";"6,87213";"-0,01303"
"20,12000";"6,85702";"-0,02243"
"20,13000";"6,84215";"-0,02207"
"20,14000";"6,82739";"-0,01460"
"20,15000";"6,81228";"-0,00826"
"20,16000";"6,79705";"-0,00170"
"20,17000";"6,78194";"-0,00630"
"20,18000";"6,76694";"-0,00897"
"20,19000";"6,75172";"-0,00885"
"20,20000";"6,73672";"-0,00400"
"20,21000";"6,72185";"-0,00121"
"20,22000";"6,70697";"0,00295"
"20,23000";"6,69198";"0,00530"
"20,24000";"6,67687";"0,01068"
"20,25000";"6,66188";"0,01648"
"20,26000";"6,64700";"0,02350"
"20,27000";"6,63189";"0,01896"
"20,28000";"6,61678";"0,00530"
"20,29000";"6,60190";"-0,00639"
"20,30000";"6,58703";"-0,01023"
"20,31000";"6,57215";"-0,00327"
"20,32000";"6,55704";"0,00502"
"20,33000";"6,54193";"0,00781"
"20,34000";"6,52694";"0,00528"
"20,35000";"6,51194";"0,00595"
"20,36000";"6,49683";"0,00721"
"20,37000";"6,48184";"0,00765"
"20,38000";"6,46696";"0,01452"
"20,39000";"6,45209";"0,01330"
"20,40000";"6,43722";"0,01116"
"20,41000";"6,42246";"0,00814"
"20,42000";"6,40758";"0,00284"
"20,43000";"6,39247";"0,00461"
"20,44000";"6,37724";"0,01441"
"20,45000";"6,36201";"0,01727"
"20,46000";"6,34690";"0,01490"
"20,47000";"6,33191";"0,01546"
"20,48000";"6,31692";"0,01197"
"20,49000";"6,30181";"0,00853"
"20,50000";"6,28669";"0,00620"
"20,51000";"6,27182";"0,00790"
"20,52000";"6,25683";"0,01365"
"20,53000";"6,24183";"0,01463"
"20,54000";"6,22696";"0,00981"
"20,55000";"6,21197";"0,00852"
"20,56000";"6,19697";"0,01204"
"20,57000";"6,18186";"0,01826"
"20,58000";"6,16675";"0,01769"
"20,59000";"6,15176";"0,01510"
"20,60000";"6,13676";"0,02083"
"20,61000";"6,12177";"0,02714"
"20,62000";"6,10690";"0,02305"
"20,63000";"6,09202";"0,02543"
"20,64000";"6,07703";"0,02240"
"20,65000";"6,06204";"0,01748"
"20,66000";"6,04692";"0,01026"
"20,67000";"6,03193";"0,01439"
"20,68000";"6,01706";"0,02448"
"20,69000";"6,00218";"0,02363"
"20,70000";"5,98719";"0,02230"
"20,71000";"5,97219";"0,02676"
"20,72000";"5,95744";"0,02632"
"20,73000";"5,94221";"0,02035"
"20,74000";"5,92698";"0,01152"
"20,75000";"5,91187";"0,00425"
"20,76000";"5,89699";"0,00531"
"20,77000";"5,88188";"0,00742"
"20,78000";"5,86689";"0,00419"
"20,79000";"5,85178";"0,00335"
"20,80000";"5,83690";"0,00310"
"20,81000";"5,82191";"0,00649"
"20,82000";"5,80680";"0,01225"
"20,83000";"5,79181";"0,01152"
"20,84000";"5,77717";"0,00409"
"20,85000";"5,76217";"0,00143"
"20,86000";"5,74718";"0,00267"
"20,87000";"5,73219";"-0,00084"
"20,88000";"5,71731";"-0,00401"
"20,89000";"5,70232";"-0,00514"
"20,90000";"5,68709";"0,00044"
"20,91000";"5,67198";"-0,00066"
"20,92000";"5,65699";"-0,00526"
"20,93000";"5,64211";"-0,00429"
"20,94000";"5,62700";"-0,00215"
"20,95000";"5,61189";"-0,00692"
"20,96000";"5,59690";"-0,00456"
"20,97000";"5,58190";"-0,00190"
"20,98000";"5,56679";"0,00142"
"20,99000";"5,55180";"0,00876"
"21,00000";"5,53692";"0,01135"
"21,01000";"5,52205";"0,01608"
"21,02000";"5,50717";"0,01550"
"21,03000";"5,49206";"0,01694"
"21,04000";"5,47695";"0,01736"
"21,05000";"5,46196";"0,01512"
"21,06000";"5,44697";"0,01650"
"21,07000";"5,43185";"0,01646"
"21,08000";"5,41686";"0,01627"
"21,09000";"5,40210";"0,01684"
"21,10000";"5,38711";"0,01949"
"21,11000";"5,37200";"0,02651"
"21,12000";"5,35701";"0,01870"
"21,13000";"5,34201";"0,00957"
"21,14000";"5,32714";"0,01112"
"21,15000";"5,31215";"0,01136"
"21,16000";"5,29715";"0,01176"
"21,17000";"5,28228";"0,00816"
"21,18000";"5,26728";"0,00707"
"21,19000";"5,25217";"0,00686"
"21,20000";"5,23706";"0,00574"
"21,21000";"5,22207";"0,00596"
"21,22000";"5,20708";"0,01130"
"21,23000";"5,19197";"0,01006"
"21,24000";"5,17697";"0,00657"
"21,25000";"5,16210";"0,00416"
"21,26000";"5,14734";"-0,00004"
"21,27000";"5,13223";"-0,00592"
"21,28000";"5,11700";"-0,00392"
"21,29000";"5,10189";"0,00293"
"21,30000";"5,08701";"0,00383"
"21,31000";"5,07202";"0,01140"
"21,32000";"5,05703";"0,01995"
"21,33000";"5,04215";"0,01471"
"21,34000";"5,02716";"0,01263"
"21,35000";"5,01217";"0,01422"
"21,36000";"4,99706";"0,01020"
"21,37000";"4,98183";"0,00928"
"21,38000";"4,96683";"0,00767"
"21,39000";"4,95184";"0,01286"
"21,40000";"4,93673";"0,01397"
"21,41000";"4,92174";"0,00825"
"21,42000";"4,90686";"0,00476"
"21,43000";"4,89199";"0,01069"
"21,44000";"4,87688";"0,01722"
"21,45000";"4,86176";"0,01254"
"21,46000";"4,84689";"0,01295"
"21,47000";"4,83213";"0,01638"
"21,48000";"4,81714";"0,02416"
"21,49000";"4,80203";"0,02291"
"21,50000";"4,78715";"0,02091"
"21,51000";"4,77216";"0,02165"
"21,52000";"4,75717";"0,02269"
"21,53000";"4,74194";"0,01656"
"21,54000";"4,72694";"0,01039"
"21,55000";"4,71207";"0,01058"
"21,56000";"4,69719";"0,01521"
"21,57000";"4,68208";"0,01888"
"21,58000";"4,66697";"0,01286"
"21,59000";"4,65210";"0,01831"
"21,60000";"4,63710";"0,02671"
"21,61000";"4,62199";"0,02643"
"21,62000";"4,60688";"0,02228"
"21,63000";"4,59201";"0,01691"
"21,64000";"4,57713";"0,00945"
"21,65000";"4,56214";"0,01362"
"21,66000";"4,54715";"0,01565"
"21,67000";"4,53227";"0,00953"
"21,68000";"4,51740";"0,00713"
"21,69000";"4,50228";"0,00812"
"21,70000";"4,48717";"0,00237"
"21,71000";"4,47218";"0,00492"
"21,72000";"4,45742";"0,00719"
"21,73000";"4,44231";"0,01470"
"21,74000";"4,42720";"0,02051"
"21,75000";"4,41221";"0,02516"
"21,76000";"4,39710";"0,02520"
"21,77000";"4,38210";"0,02338"
"21,78000";"4,36687";"0,01891"
"21,79000";"4,35200";"0,01105"
"21,80000";"4,33712";"-0,00029"
"21,81000";"4,32225";"-0,00437"
"21,82000";"4,30702";"-0,00311"
"21,83000";"4,29215";"-0,00202"
"21,84000";"4,27715";"0,00201"
"21,85000";"4,26228";"0,00841"
"21,86000";"4,24717";"0,00978"
"21,87000";"4,23217";"0,00860"
"21,88000";"4,21742";"0,01292"
"21,89000";"4,20242";"0,01647"
"21,90000";"4,18731";"0,01660"
"21,91000";"4,17208";"0,01528"
"21,92000";"4,15709";"0,01458"
"21,93000";"4,14222";"0,01503"
"21,94000";"4,12710";"0,01504"
"21,95000";"4,11199";"0,01049"
"21,96000";"4,09700";"0,00296"
"21,97000";"4,08213";"0,00736"
"21,98000";"4,06701";"0,01624"
"21,99000";"4,05178";"0,02045"
"22,00000";"4,03679";"0,02451"
"22,01000";"4,02203";"0,03191"
"22,02000";"4,00704";"0,03410"
"22,03000";"3,99193";"0,02248"
"22,04000";"3,97694";"0,01397"
"22,05000";"3,96206";"0,01451"
"22,06000";"3,94695";"0,01558"
"22,07000";"3,93172";"0,01353"
"22,08000";"3,91673";"0,01654"
"22,09000";"3,90185";"0,02446"
"22,10000";"3,88698";"0,03027"
"22,11000";"3,87187";"0,02976"
"22,12000";"3,85676";"0,02883"
"22,13000";"3,84176";"0,02337"
"22,14000";"3,82677";"0,02081"
"22,15000";"3,81154";"0,01053"
"22,16000";"3,79655";"0,00238"
"22,17000";"3,78179";"-0,00406"
"22,18000";"3,76692";"0,00011"
"22,19000";"3,75181";"0,00930"
"22,20000";"3,73681";"0,01882"
"22,21000";"3,72182";"0,02122"
"22,22000";"3,70683";"0,02239"
"22,23000";"3,69172";"0,01882"
"22,24000";"3,67649";"0,02173"
"22,25000";"3,66161";"0,02981"
"22,26000";"3,64685";"0,02929"
"22,27000";"3,63186";"0,03043"
"22,28000";"3,61687";"0,03487"
"22,29000";"3,60199";"0,03498"
"22,30000";"3,58712";"0,03244"
"22,31000";"3,57201";"0,03464"
"22,32000";"3,55690";"0,03379"
"22,33000";"3,54202";"0,03532"
"22,34000";"3,52715";"0,03846"
"22,35000";"3,51215";"0,04316"
"22,36000";"3,49704";"0,04339"
"22,37000";"3,48193";"0,04255"
"22,38000";"3,46706";"0,04412"
"22,39000";"3,45194";"0,03570"
"22,40000";"3,43695";"0,02754"
"22,41000";"3,42208";"0,01463"
"22,42000";"3,40732";"0,00376"
"22,43000";"3,39244";"0,00224"
"22,44000";"3,37733";"0,00743"
"22,45000";"3,36222";"0,01546"
"22,46000";"3,34735";"0,02061"
"22,47000";"3,33224";"0,03064"
"22,48000";"3,31701";"0,03545"
"22,49000";"3,30190";"0,03137"
"22,50000";"3,28702";"0,03303"
"22,51000";"3,27215";"0,02841"
"22,52000";"3,25703";"0,01745"
"22,53000";"3,24181";"0,01091"
"22,54000";"3,22681";"0,00973"
"22,55000";"3,21182";"0,01504"
"22,56000";"3,19683";"0,01643"
"22,57000";"3,18183";"0,01582"
"22,58000";"3,16684";"0,01513"
"22,59000";"3,15197";"0,01265"
"22,60000";"3,13697";"0,01481"
"22,61000";"3,12186";"0,02030"
"22,62000";"3,10699";"0,02178"
"22,63000";"3,09187";"0,01581"
"22,64000";"3,07700";"0,01313"
"22,65000";"3,06189";"0,00453"
"22,66000";"3,04701";"-0,00415"
"22,67000";"3,03214";"-0,00978"
"22,68000";"3,01715";"-0,01042"
"22,69000";"3,00203";"-0,00216"
"22,70000";"2,98692";"0,00389"
"22,71000";"2,97193";"0,00538"
"22,72000";"2,95706";"0,00691"
"22,73000";"2,94206";"0,00984"
"22,74000";"2,92707";"0,01140"
"22,75000";"2,91208";"0,01250"
"22,76000";"2,89720";"0,01620"
"22,77000";"2,88209";"0,01639"
"22,78000";"2,86698";"0,01942"
"22,79000";"2,85187";"0,02126"
"22,80000";"2,83699";"0,01760"
"22,81000";"2,82200";"0,01345"
"22,82000";"2,80701";"0,00430"
"22,83000";"2,79201";"-0,00625"
"22,84000";"2,77702";"-0,00131"
"22,85000";"2,76191";"0,01339"
"22,86000";"2,74668";"0,02169"
"22,87000";"2,73169";"0,02910"
"22,88000";"2,71693";"0,03756"
"22,89000";"2,70194";"0,03543"
"22,90000";"2,68683";"0,02873"
"22,91000";"2,67183";"0,01980"
"22,92000";"2,65696";"0,01752"
"22,93000";"2,64185";"0,01309"
"22,94000";"2,62674";"0,01141"
"22,95000";"2,61174";"0,01278"
"22,96000";"2,59687";"0,01175"
"22,97000";"2,58199";"0,01310"
"22,98000";"2,56700";"0,00916"
"22,99000";"2,55189";"0,00755"
"23,00000";"2,53701";"0,00925"
"23,01000";"2,52202";"0,01451"
"23,02000";"2,50703";"0,01611"
"23,03000";"2,49192";"0,01524"
"23,04000";"2,47716";"0,01174"
"23,05000";"2,46228";"0,01278"
"23,06000";"2,44729";"0,01539"
"23,07000";"2,43206";"0,02001"
"23,08000";"2,41695";"0,01995"
"23,09000";"2,40196";"0,01973"
"23,10000";"2,38685";"0,01637"
"23,11000";"2,37162";"0,01054"
"23,12000";"2,35674";"0,00541"
"23,13000";"2,34187";"0,00970"
"23,14000";"2,32699";"0,01862"
"23,15000";"2,31200";"0,02924"
"23,16000";"2,29701";"0,02651"
"23,17000";"2,28201";"0,02371"
"23,18000";"2,26702";"0,03020"
"23,19000";"2,25203";"0,03417"
"23,20000";"2,23703";"0,03571"
"23,21000";"2,22216";"0,02908"
"23,22000";"2,20728";"0,02156"
"23,23000";"2,19217";"0,01154"
"23,24000";"2,17706";"0,00194"
"23,25000";"2,16195";"-0,00269"
"23,26000";"2,14696";"0,00312"
"23,27000";"2,13197";"0,01015"
"23,28000";"2,11685";"0,01189"
"23,29000";"2,10198";"0,01486"
"23,30000";"2,08699";"0,01801"
"23,31000";"2,07188";"0,01629"
"23,32000";"2,05676";"0,02257"
"23,33000";"2,04177";"0,03068"
"23,34000";"2,02690";"0,03631"
"23,35000";"2,01178";"0,02939"
"23,36000";"1,99691";"0,02721"
"23,37000";"1,98192";"0,02383"
"23,38000";"1,96704";"0,01578"
"23,39000";"1,95193";"0,01454"
"23,40000";"1,93694";"0,01624"
"23,41000";"1,92183";"0,02279"
"23,42000";"1,90683";"0,02456"
"23,43000";"1,89196";"0,02487"
"23,44000";"1,87685";"0,03041"
"23,45000";"1,86197";"0,02352"
"23,46000";"1,84698";"0,02365"
"23,47000";"1,83199";"0,02460"
"23,48000";"1,81699";"0,02131"
"23,49000";"1,80188";"0,02022"
"23,50000";"1,78677";"0,01840"
"23,51000";"1,77190";"0,01633"
"23,52000";"1,75690";"0,01627"
"23,53000";"1,74191";"0,02120"
"23,54000";"1,72692";"0,01906"
"23,55000";"1,71192";"0,01247"
"23,56000";"1,69693";"0,00526"
"23,57000";"1,68194";"0,00269"
"23,58000";"1,66683";"0,01132"
"23,59000";"1,65195";"0,01938"
"23,60000";"1,63696";"0,01892"
"23,61000";"1,62208";"0,01259"
"23,62000";"1,60697";"0,00776"
"23,63000";"1,59210";"0,00838"
"23,64000";"1,57710";"0,00782"
"23,65000";"1,56199";"0,00623"
"23,66000";"1,54700";"0,00637"
"23,67000";"1,53201";"0,01579"
"23,68000";"1,51713";"0,02201"
"23,69000";"1,50202";"0,02152"
"23,70000";"1,48703";"0,02334"
"23,71000";"1,47192";"0,02215"
"23,72000";"1,45692";"0,02283"
"23,73000";"1,44193";"0,01888"
"23,74000";"1,42682";"0,01349"
"23,75000";"1,41194";"0,01638"
"23,76000";"1,39707";"0,01608"
"23,77000";"1,38208";"0,02361"
"23,78000";"1,36697";"0,02171"
"23,79000";"1,35197";"0,01709"
"23,80000";"1,33698";"0,01419"
"23,81000";"1,32187";"0,01659"
"23,82000";"1,30687";"0,01643"
"23,83000";"1,29188";"0,01933"
"23,84000";"1,27701";"0,02423"
"23,85000";"1,26213";"0,02225"
"23,86000";"1,24702";"0,01724"
"23,87000";"1,23203";"0,01516"
"23,88000";"1,21715";"0,01047"
"23,89000";"1,20216";"0,00975"
"23,90000";"1,18705";"0,01143"
"23,91000";"1,17194";"0,01144"
"23,92000";"1,15706";"0,01315"
"23,93000";"1,14207";"0,01022"
"23,94000";"1,12696";"0,01503"
"23,95000";"1,11185";"0,01361"
"23,96000";"1,09697";"0,00476"
"23,97000";"1,08198";"0,00135"
"23,98000";"1,06710";"0,01061"
"23,99000";"1,05211";"0,01049"
"24,00000";"1,03700";"0,00492"
"24,01000";"1,02201";"-0,00034"
"24,02000";"1,00701";"0,00382"
"24,03000";"0,99202";"0,00538"
"24,04000";"0,97691";"0,00876"
"24,05000";"0,96192";"0,01150"
"24,06000";"0,94704";"0,01433"
"24,07000";"0,93205";"0,01947"
"24,08000";"0,91717";"0,01006"
"24,09000";"0,90218";"0,00180"
"24,10000";"0,88707";"-0,00052"
"24,11000";"0,87196";"0,00080"
"24,12000";"0,85685";"0,00668"
"24,13000";"0,84185";"0,00489"
"24,14000";"0,82698";"0,00607"
"24,15000";"0,81199";"0,01410"
"24,16000";"0,79699";"0,01643"
"24,17000";"0,78200";"0,01291"
"24,18000";"0,76724";"0,01453"
"24,19000";"0,75225";"0,01005"
"24,20000";"0,73714";"0,00293"
"24,21000";"0,72215";"0,00470"
"24,22000";"0,70715";"0,00424"
"24,23000";"0,69204";"0,00301"
"24,24000";"0,67705";"-0,00140"
"24,25000";"0,66206";"-0,00291"
"24,26000";"0,64718";"-0,00237"
"24,27000";"0,63219";"0,00719"
"24,28000";"0,61696";"0,01078"
"24,29000";"0,60197";"0,00457"
"24,30000";"0,58709";"-0,00324"
"24,31000";"0,57198";"0,00335"
"24,32000";"0,55687";"0,01100"
"24,33000";"0,54176";"0,01146"
"24,34000";"0,52676";"0,01728"
"24,35000";"0,51177";"0,02770"
"24,36000";"0,49666";"0,03337"
"24,37000";"0,48167";"0,03249"
"24,38000";"0,46691";"0,02569"
"24,39000";"0,45203";"0,01808"
"24,40000";"0,43704";"0,01629"
"24,41000";"0,42193";"0,00787"
"24,42000";"0,40694";"-0,00153"
"24,43000";"0,39194";"-0,00089"
"24,44000";"0,37683";"0,00195"
"24,45000";"0,36184";"0,00772"
"24,46000";"0,34685";"0,00570"
"24,47000";"0,33209";"0,01048"
"24,48000";"0,31710";"0,01649"
"24,49000";"0,30199";"0,01430"
"24,50000";"0,28699";"0,01298"
"24,51000";"0,27212";"0,01390"
"24,52000";"0,25701";"0,01036"
"24,53000";"0,24201";"0,00875"
"24,54000";"0,22702";"0,00734"
"24,55000";"0,21215";"0,00914"
"24,56000";"0,19715";"0,01188"
"24,57000";"0,18192";"0,01192"
"24,58000";"0,16681";"-0,00147"
"24,59000";"0,15182";"-0,00989"
"24,60000";"0,13694";"-0,01582"
"24,61000";"0,12195";"-0,01551"
"24,62000";"0,10708";"-0,01213"
"24,63000";"0,09220";"-0,00851"
"24,64000";"0,07733";"0,00132"
"24,65000";"0,06222";"0,00894"
"24,66000";"0,04722";"0,01602"
"24,67000";"0,03211";"0,02274"
"24,68000";"0,01724";"0,02441"
"24,69000";"0,00224";"0,02021"
"24,69200";"-0,00083";"0,01950"
"24,69400";"-0,00378";"0,01890"
"24,70400";"-0,01676";"0,01648"
"24,71400";"-0,02397";"0,02475"
"24,72000";"-0,02562";"0,03357"
"24,73000";"-0,02479";"0,04648"
"24,74000";"-0,01948";"0,04575"
"24,75000";"-0,00767";"0,04853"
"24,76000";"0,00944";"0,05879"
"24,77000";"0,02975";"0,06842"
"24,78000";"0,05135";"0,05802"
"24,79000";"0,07319";"0,04448"
"24,80000";"0,09444";"0,03333"
"24,81000";"0,11499";"0,02914"
"24,82000";"0,13458";"0,02788"
"24,83000";"0,15335";"0,01256"
"24,84000";"0,17130";"0,00137"
"24,85000";"0,18877";"-0,00182"
"24,86000";"0,20565";"-0,00145"
"24,87000";"0,22218";"-0,00908"
"24,88000";"0,23847";"-0,01278"
"24,89000";"0,25429";"-0,00861"
"24,90000";"0,27011";"-0,00598"
"24,91000";"0,28558";"-0,00378"
"24,92000";"0,30104";"-0,00350"
"24,93000";"0,31651";"-0,00275"
"24,94000";"0,33185";"-0,00313"
"24,95000";"0,34708";"0,00687"
"24,96000";"0,36231";"0,01702"
"24,97000";"0,37731";"0,02426"
"24,98000";"0,39230";"0,02358"
"24,99000";"0,40741";"0,02480"
"25,00000";"0,42252";"0,02203"
"25,01000";"0,43763";"0,01954"
"25,02000";"0,45286";"0,01611"
"25,03000";"0,46797";"0,00572"
"25,04000";"0,48285";"0,00033"
"25,05000";"0,49796";"0,00716"
"25,06000";"0,51283";"0,00707"
"25,07000";"0,52771";"0,01612"
"25,08000";"0,54270";"0,01832"
"25,09000";"0,55781";"0,02173"
"25,10000";"0,57281";"0,01836"
"25,11000";"0,58792";"0,01741"
"25,12000";"0,60291";"0,02280"
"25,13000";"0,61790";"0,02426"
"25,14000";"0,63290";"0,01984"
"25,15000";"0,64801";"0,01117"
"25,16000";"0,66300";"0,00969"
"25,17000";"0,67811";"0,00659"
"25,18000";"0,69310";"0,00164"
"25,19000";"0,70798";"0,00113"
"25,20000";"0,72297";"-0,00168"
"25,21000";"0,73808";"-0,00281"
"25,22000";"0,75296";"-0,00194"
"25,23000";"0,76795";"0,00541"
"25,24000";"0,78306";"0,00938"
"25,25000";"0,79806";"0,01111"
"25,26000";"0,81317";"0,01313"
"25,27000";"0,82804";"0,00180"
"25,28000";"0,84292";"-0,00461"
"25,29000";"0,85791";"-0,00189"
"25,30000";"0,87278";"0,00471"
"25,31000";"0,88778";"0,01198"
"25,32000";"0,90277";"0,01361"
"25,33000";"0,91788";"0,01263"
"25,34000";"0,93299";"0,00839"
"25,35000";"0,94799";"0,01028"
"25,36000";"0,96298";"0,01112"
"25,37000";"0,97797";"0,01623"
"25,38000";"0,99297";"0,01585"
"25,39000";"1,00796";"0,01332"
"25,40000";"1,02295";"0,01269"
"25,41000";"1,03806";"0,00939"
"25,42000";"1,05317";"0,00968"
"25,43000";"1,06805";"0,00595"
"25,44000";"1,08316";"-0,00275"
"25,45000";"1,09815";"-0,00380"
"25,46000";"1,11303";"0,00229"
"25,47000";"1,12802";"0,00999"
"25,48000";"1,14313";"0,01181"
"25,49000";"1,15801";"0,00747"
"25,50000";"1,17300";"0,00260"
"25,51000";"1,18799";"0,00224"
"25,52000";"1,20299";"0,00144"
"25,53000";"1,21798";"0,00562"
"25,54000";"1,23285";"0,00882"
"25,55000";"1,24797";"0,01640"
"25,56000";"1,26308";"0,02194"
"25,57000";"1,27807";"0,02571"
"25,58000";"1,29306";"0,03130"
"25,59000";"1,30794";"0,02562"
"25,60000";"1,32293";"0,00582"
"25,61000";"1,33792";"-0,00521"
"25,62000";"1,35292";"-0,00246"
"25,63000";"1,36791";"0,00673"
"25,64000";"1,38302";"0,01130"
"25,65000";"1,39801";"0,02076"
"25,66000";"1,41313";"0,02700"
"25,67000";"1,42812";"0,02619"
"25,68000";"1,44311";"0,02398"
"25,69000";"1,45799";"0,02084"
"25,70000";"1,47298";"0,01877"
"25,71000";"1,48797";"0,01131"
"25,72000";"1,50308";"0,01363"
"25,73000";"1,51808";"0,01029"
"25,74000";"1,53307";"0,00829"
"25,75000";"1,54806";"-0,00157"
"25,76000";"1,56306";"-0,00973"
"25,77000";"1,57805";"-0,00747"
"25,78000";"1,59304";"0,00173"
"25,79000";"1,60815";"0,00347"
"25,80000";"1,62315";"0,00702"
"25,81000";"1,63814";"0,01033"
"25,82000";"1,65313";"0,01132"
"25,83000";"1,66801";"0,01068"
"25,84000";"1,68312";"0,00634"
"25,85000";"1,69799";"0,00115"
"25,86000";"1,71299";"-0,00060"
"25,87000";"1,72810";"-0,00045"
"25,88000";"1,74309";"0,00670"
"25,89000";"1,75808";"0,01306"
"25,90000";"1,77308";"0,01822"
"25,91000";"1,78807";"0,01611"
"25,92000";"1,80306";"0,00915"
"25,93000";"1,81794";"0,00326"
"25,94000";"1,83293";"0,00546"
"25,95000";"1,84792";"0,01189"
"25,96000";"1,86303";"0,01503"
"25,97000";"1,87803";"0,01639"
"25,98000";"1,89302";"0,02157"
"25,99000";"1,90801";"0,02486"
"26,00000";"1,92301";"0,02224"
"26,01000";"1,93788";"0,01721"
"26,02000";"1,95288";"0,00861"
"26,03000";"1,96787";"0,00284"
"26,04000";"1,98298";"0,00092"
"26,05000";"1,99797";"0,00161"
"26,06000";"2,01285";"0,00159"
"26,07000";"2,02772";"-0,00445"
"26,08000";"2,04272";"-0,00585"
"26,09000";"2,05759";"0,00136"
"26,10000";"2,07270";"0,00920"
"26,11000";"2,08781";"0,01039"
"26,12000";"2,10281";"0,01018"
"26,13000";"2,11792";"0,00485"
"26,14000";"2,13303";"0,00249"
"26,15000";"2,14814";"0,00253"
"26,16000";"2,16313";"-0,00049"
"26,17000";"2,17813";"-0,00126"
"26,18000";"2,19324";"0,00346"
"26,19000";"2,20835";"0,01127"
"26,20000";"2,22334";"0,01487"
"26,21000";"2,23833";"0,01338"
"26,22000";"2,25333";"0,01648"
"26,23000";"2,26832";"0,00775"
"26,24000";"2,28308";"0,00417"
"26,25000";"2,29795";"0,00720"
"26,26000";"2,31294";"0,01319"
"26,27000";"2,32794";"0,02229"
"26,28000";"2,34293";"0,02735"
"26,29000";"2,35781";"0,03139"
"26,30000";"2,37280";"0,02746"
"26,31000";"2,38779";"0,02509"
"26,32000";"2,40267";"0,02021"
"26,33000";"2,41754";"0,02084"
"26,34000";"2,43253";"0,02090"
"26,35000";"2,44753";"0,02729"
"26,36000";"2,46264";"0,03586"
"26,37000";"2,47763";"0,02720"
"26,38000";"2,49274";"0,02530"
"26,39000";"2,50762";"0,02744"
"26,40000";"2,52261";"0,02344"
"26,41000";"2,53760";"0,02517"
"26,42000";"2,55272";"0,02373"
"26,43000";"2,56783";"0,02200"
"26,44000";"2,58294";"0,01501"
"26,45000";"2,59793";"0,01316"
"26,46000";"2,61304";"0,00358"
"26,47000";"2,62815";"0,00129"
"26,48000";"2,64303";"0,00577"
"26,49000";"2,65814";"0,01697"
"26,50000";"2,67325";"0,02160"
"26,51000";"2,68836";"0,01668"
"26,52000";"2,70335";"0,01359"
"26,53000";"2,71835";"0,00827"
"26,54000";"2,73322";"0,00632"
"26,55000";"2,74810";"0,00842"
"26,56000";"2,76297";"0,00831"
"26,57000";"2,77785";"0,01096"
"26,58000";"2,79284";"0,01106"
"26,59000";"2,80783";"0,01375"
"26,60000";"2,82283";"0,01734"
"26,61000";"2,83782";"0,02535"
"26,62000";"2,85281";"0,01967"
"26,63000";"2,86757";"0,01270"
"26,64000";"2,88244";"0,01317"
"26,65000";"2,89732";"0,01577"
"26,66000";"2,91231";"0,00904"
"26,67000";"2,92731";"0,00845"
"26,68000";"2,94242";"0,00911"
"26,69000";"2,95753";"0,01607"
"26,70000";"2,97276";"0,01485"
"26,71000";"2,98799";"0,00879"
"26,72000";"3,00298";"0,00933"
"26,73000";"3,01809";"0,01329"
"26,74000";"3,03320";"0,01189"
"26,75000";"3,04819";"0,00194"
"26,76000";"3,06319";"-0,00157"
"26,77000";"3,07830";"-0,00008"
"26,78000";"3,09353";"0,00593"
"26,79000";"3,10852";"0,00577"
"26,80000";"3,12351";"-0,00512"
"26,81000";"3,13851";"-0,00648"
"26,82000";"3,15338";"-0,00113"
"26,83000";"3,16826";"0,00504"
"26,84000";"3,18325";"0,00579"
"26,85000";"3,19824";"0,01157"
"26,86000";"3,21324";"0,01607"
"26,87000";"3,22799";"0,02149"
"26,88000";"3,24299";"0,02147"
"26,89000";"3,25798";"0,01990"
"26,90000";"3,27297";"0,01191"
"26,91000";"3,28797";"0,00894"
"26,92000";"3,30284";"0,01111"
"26,93000";"3,31783";"0,00972"
"26,94000";"3,33259";"0,00764"
"26,95000";"3,34735";"0,00844"
"26,96000";"3,36222";"0,00703"
"26,97000";"3,37733";"0,00952"
"26,98000";"3,39244";"0,01455"
"26,99000";"3,40791";"0,02069"
"27,00000";"3,42326";"0,02849"
"27,01000";"3,43849";"0,03123"
"27,02000";"3,45360";"0,02899"
"27,03000";"3,46847";"0,02373"
"27,04000";"3,48335";"0,02134"
"27,05000";"3,49834";"0,01709"
"27,06000";"3,51333";"0,01121"
"27,07000";"3,52833";"0,00606"
"27,08000";"3,54332";"0,00863"
"27,09000";"3,55831";"0,01068"
"27,10000";"3,57331";"0,00466"
"27,11000";"3,58818";"0,00081"
"27,12000";"3,60306";"-0,00373"
"27,13000";"3,61805";"-0,00623"
"27,14000";"3,63292";"0,00049"
"27,15000";"3,64792";"0,00965"
"27,16000";"3,66291";"0,00866"
"27,17000";"3,67778";"0,00906"
"27,18000";"3,69278";"0,01052"
"27,19000";"3,70765";"0,01071"
"27,20000";"3,72276";"0,01478"
"27,21000";"3,73787";"0,01728"
"27,22000";"3,75287";"0,01520"
"27,23000";"3,76786";"0,01428"
"27,24000";"3,78274";"0,01381"
"27,25000";"3,79773";"0,00405"
"27,26000";"3,81272";"-0,00760"
"27,27000";"3,82760";"-0,01214"
"27,28000";"3,84259";"-0,01567"
"27,29000";"3,85770";"-0,01155"
"27,30000";"3,87281";"-0,00472"
"27,31000";"3,88804";"-0,00154"
"27,32000";"3,90315";"0,00461"
"27,33000";"3,91826";"0,00724"
"27,34000";"3,93349";"0,00703"
"27,35000";"3,94849";"0,00569"
"27,36000";"3,96360";"0,01152"
"27,37000";"3,97871";"0,00916"
"27,38000";"3,99358";"0,00769"
"27,39000";"4,00858";"0,00651"
"27,40000";"4,02357";"0,00911"
"27,41000";"4,03844";"0,00124"
"27,42000";"4,05332";"-0,00146"
"27,43000";"4,06808";"-0,00389"
"27,44000";"4,08307";"-0,00365"
"27,45000";"4,09794";"-0,00237"
"27,46000";"4,11294";"0,00009"
"27,47000";"4,12793";"0,01386"
"27,48000";"4,14304";"0,01444"
"27,49000";"4,15815";"0,01426"
"27,50000";"4,17315";"0,01273"
"27,51000";"4,18802";"0,01678"
"27,52000";"4,20301";"0,02400"
"27,53000";"4,21801";"0,02456"
"27,54000";"4,23300";"0,02417"
"27,55000";"4,24787";"0,02127"
"27,56000";"4,26263";"0,02004"
"27,57000";"4,27763";"0,01321"
"27,58000";"4,29262";"-0,00017"
"27,59000";"4,30761";"-0,00116"
"27,60000";"4,32272";"0,00417"
"27,61000";"4,33783";"0,00869"
"27,62000";"4,35306";"0,01331"
"27,63000";"4,36817";"0,01330"
"27,64000";"4,38340";"0,01609"
"27,65000";"4,39840";"0,01768"
"27,66000";"4,41339";"0,00735"
"27,67000";"4,42838";"-0,00291"
"27,68000";"4,44349";"-0,00803"
"27,69000";"4,45849";"-0,01243"
"27,70000";"4,47348";"-0,00781"
"27,71000";"4,48835";"-0,00762"
"27,72000";"4,50335";"-0,00503"
"27,73000";"4,51822";"-0,00474"
"27,74000";"4,53310";"-0,00805"
"27,75000";"4,54797";"-0,00346"
"27,76000";"4,56308";"0,00419"
"27,77000";"4,57808";"0,01213"
"27,78000";"4,59307";"0,01394"
"27,79000";"4,60794";"0,01705"
"27,80000";"4,62282";"0,01280"
"27,81000";"4,63758";"0,01329"
"27,82000";"4,65245";"0,01489"
"27,83000";"4,66744";"0,01741"
"27,84000";"4,68244";"0,01706"
"27,85000";"4,69755";"0,00890"
"27,86000";"4,71266";"-0,00022"
"27,87000";"4,72777";"0,00131"
"27,88000";"4,74288";"0,00565"
"27,89000";"4,75787";"0,00415"
"27,90000";"4,77287";"0,00710"
"27,91000";"4,78798";"0,00118"
"27,92000";"4,80309";"-0,00197"
"27,93000";"4,81832";"0,00515"
"27,94000";"4,83343";"0,01290"
"27,95000";"4,84842";"0,01500"
"27,96000";"4,86342";"0,01684"
"27,97000";"4,87829";"0,01665"
"27,98000";"4,89317";"0,01409"
"27,99000";"4,90816";"0,00870"
"28,00000";"4,92315";"0,00837"
"28,01000";"4,93815";"0,00489"
"28,02000";"4,95314";"-0,00330"
"28,03000";"4,96813";"-0,01459"
"28,04000";"4,98313";"-0,01732"
"28,05000";"4,99812";"-0,01562"
"28,06000";"5,01299";"-0,01235"
"28,07000";"5,02799";"-0,01131"
"28,08000";"5,04298";"-0,01475"
"28,09000";"5,05797";"-0,01289"
"28,10000";"5,07297";"-0,01295"
"28,11000";"5,08796";"-0,00832"
"28,12000";"5,10283";"-0,00096"
"28,13000";"5,11783";"0,00505"
"28,14000";"5,13282";"0,00537"
"28,15000";"5,14781";"0,00653"
"28,16000";"5,16292";"0,00689"
"28,17000";"5,17815";"0,00408"
"28,18000";"5,19315";"0,00531"
"28,19000";"5,20814";"0,01060"
"28,20000";"5,22325";"0,01420"
"28,21000";"5,23813";"0,01624"
"28,22000";"5,25312";"0,01604"
"28,23000";"5,26823";"0,01491"
"28,24000";"5,28322";"0,01416"
"28,25000";"5,29833";"0,00971"
"28,26000";"5,31321";"0,00704"
"28,27000";"5,32820";"0,00525"
"28,28000";"5,34319";"0,00076"
"28,29000";"5,35807";"-0,00024"
"28,30000";"5,37318";"0,00574"
"28,31000";"5,38806";"0,00781"
"28,32000";"5,40305";"0,00448"
"28,33000";"5,41804";"0,00106"
"28,34000";"5,43315";"0,00291"
"28,35000";"5,44803";"0,00259"
"28,36000";"5,46302";"-0,00105"
"28,37000";"5,47790";"-0,00598"
"28,38000";"5,49289";"-0,00493"
"28,39000";"5,50788";"0,00585"
"28,40000";"5,52288";"0,01016"
"28,41000";"5,53787";"0,01231"
"28,42000";"5,55274";"0,01158"
"28,43000";"5,56785";"0,00698"
"28,44000";"5,58285";"0,00055"
"28,45000";"5,59784";"0,00142"
"28,46000";"5,61283";"0,00618"
"28,47000";"5,62783";"0,00935"
"28,48000";"5,64294";"0,00891"
"28,49000";"5,65805";"0,01043"
"28,50000";"5,67304";"0,00867"
"28,51000";"5,68827";"0,00586"
"28,52000";"5,70326";"0,00638"
"28,53000";"5,71826";"0,00162"
"28,54000";"5,73325";"-0,00406"
"28,55000";"5,74836";"0,00078"
"28,56000";"5,76335";"0,00081"
"28,57000";"5,77835";"0,01013"
"28,58000";"5,79322";"0,01812"
"28,59000";"5,80822";"0,01872"
"28,60000";"5,82321";"0,01509"
"28,61000";"5,83797";"0,01268"
"28,62000";"5,85296";"0,00598"
"28,63000";"5,86795";"-0,00104"
"28,64000";"5,88294";"-0,00545"
"28,65000";"5,89794";"-0,00499"
"28,66000";"5,91293";"0,00392"
"28,67000";"5,92781";"0,00605"
"28,68000";"5,94280";"0,00493"
"28,69000";"5,95779";"0,00925"
"28,70000";"5,97278";"0,01578"
"28,71000";"5,98778";"0,01774"
"28,72000";"6,00301";"0,01619"
"28,73000";"6,01812";"0,01797"
"28,74000";"6,03311";"0,01646"
"28,75000";"6,04810";"0,01196"
"28,76000";"6,06310";"0,00193"
"28,77000";"6,07809";"0,00143"
"28,78000";"6,09308";"0,00314"
"28,79000";"6,10796";"0,00810"
"28,80000";"6,12307";"0,00221"
"28,81000";"6,13806";"-0,00115"
"28,82000";"6,15294";"0,00107"
"28,83000";"6,16793";"-0,00201"
"28,84000";"6,18292";"0,00127"
"28,85000";"6,19792";"0,00216"
"28,86000";"6,21291";"0,00058"
"28,87000";"6,22814";"0,00132"
"28,88000";"6,24313";"0,00230"
"28,89000";"6,25824";"-0,00079"
"28,90000";"6,27324";"-0,00208"
"28,91000";"6,28811";"-0,00045"
"28,92000";"6,30299";"-0,00219"
"28,93000";"6,31798";"-0,00294"
"28,94000";"6,33309";"0,00318"
"28,95000";"6,34796";"0,00769"
"28,96000";"6,36296";"0,01276"
"28,97000";"6,37795";"0,01652"
"28,98000";"6,39294";"0,01292"
"28,99000";"6,40794";"0,00478"
"29,00000";"6,42281";"-0,00744"
"29,01000";"6,43781";"-0,00883"
"29,02000";"6,45292";"-0,00570"
"29,03000";"6,46791";"0,00378"
"29,04000";"6,48290";"0,00888"
"29,05000";"6,49790";"0,00619"
"29,06000";"6,51289";"0,00729"
"29,07000";"6,52788";"0,01344"
"29,08000";"6,54287";"0,01807"
"29,09000";"6,55775";"0,01179"
"29,10000";"6,57286";"0,01207"
"29,11000";"6,58797";"0,01476"
"29,12000";"6,60297";"0,00944"
"29,13000";"6,61796";"0,00606"
"29,14000";"6,63307";"0,00508"
"29,15000";"6,64794";"0,00341"
"29,16000";"6,66282";"-0,00079"
"29,17000";"6,67781";"-0,00458"
"29,18000";"6,69281";"-0,00536"
"29,19000";"6,70792";"-0,00417"
"29,20000";"6,72291";"-0,00745"
"29,21000";"6,73790";"-0,01410"
"29,22000";"6,75290";"-0,01295"
"29,23000";"6,76789";"-0,00339"
"29,24000";"6,78276";"0,00353"
"29,25000";"6,79788";"0,00835"
"29,26000";"6,81299";"0,01335"
"29,27000";"6,82798";"0,00621"
"29,28000";"6,84297";"-0,00589"
"29,29000";"6,85796";"-0,00768"
"29,30000";"6,87296";"-0,00491"
"29,31000";"6,88807";"0,00234"
"29,32000";"6,90306";"0,00481"
"29,33000";"6,91806";"0,00924"
"29,34000";"6,93305";"0,00827"
"29,35000";"6,94804";"0,00707"
"29,36000";"6,96303";"0,00457"
"29,37000";"6,97803";"0,00264"
"29,38000";"6,99302";"0,00612"
"29,39000";"7,00801";"0,01088"
"29,40000";"7,02289";"0,02117"
"29,41000";"7,03788";"0,02437"
"29,42000";"7,05276";"0,02096"
"29,43000";"7,06787";"0,02145"
"29,44000";"7,08286";"0,02382"
"29,45000";"7,09797";"0,01489"
"29,46000";"7,11297";"0,01257"
"29,47000";"7,12796";"0,00711"
"29,48000";"7,14295";"-0,00049"
"29,49000";"7,15794";"-0,00146"
"29,50000";"7,17294";"-0,00021"
"29,51000";"7,18805";"0,00089"
"29,52000";"7,20304";"0,00451"
"29,53000";"7,21803";"0,00707"
"29,54000";"7,23303";"0,00517"
"29,55000";"7,24802";"0,00537"
"29,56000";"7,26301";"0,00594"
"29,57000";"7,27813";"0,00526"
"29,58000";"7,29312";"0,00898"
"29,59000";"7,30811";"0,00622"
"29,60000";"7,32310";"0,00476"
"29,61000";"7,33798";"-0,00026"
"29,62000";"7,35297";"0,00037"
"29,63000";"7,36797";"0,00246"
"29,64000";"7,38296";"0,00885"
"29,65000";"7,39807";"0,01886"
"29,66000";"7,41306";"0,02193"
"29,67000";"7,42806";"0,01715"
"29,68000";"7,44305";"0,00658"
"29,69000";"7,45804";"0,01047"
"29,70000";"7,47292";"0,01359"
"29,71000";"7,48791";"0,00460"
"29,72000";"7,50290";"-0,00543"
"29,73000";"7,51801";"-0,00839"
"29,74000";"7,53301";"-0,01214"
"29,75000";"7,54800";"-0,01301"
"29,76000";"7,56299";"-0,00535"
"29,77000";"7,57810";"0,00132"
"29,78000";"7,59286";"0,01299"
"29,79000";"7,60774";"0,02134"
"29,80000";"7,62285";"0,02569"
"29,81000";"7,63784";"0,02628"
"29,82000";"7,65295";"0,02395"
"29,83000";"7,66806";"0,02102"
"29,84000";"7,68306";"0,01302"
"29,85000";"7,69793";"0,00641"
"29,86000";"7,71292";"-0,00246"
"29,87000";"7,72780";"-0,00996"
"29,88000";"7,74291";"-0,00997"
"29,89000";"7,75790";"-0,00259"
"29,90000";"7,77290";"-0,00038"
"29,91000";"7,78777";"0,00572"
"29,92000";"7,80276";"0,00980"
"29,93000";"7,81776";"0,01419"
"29,94000";"7,83263";"0,01341"
"29,95000";"7,84774";"0,01504"
"29,96000";"7,86285";"0,01920"
"29,97000";"7,87785";"0,02145"
"29,98000";"7,89296";"0,01310"
"29,99000";"7,90795";"0,00128"
"30,00000";"7,92294";"-0,00626"
"30,01000";"7,93794";"-0,01382"
"30,02000";"7,95281";"-0,00689"
"30,03000";"7,96781";"0,00526"
"30,04000";"7,98280";"0,00030"
"30,05000";"7,99779";"-0,00087"
"30,06000";"8,01290";"-0,00202"
"30,07000";"8,02801";"-0,00011"
"30,08000";"8,04313";"0,00826"
"30,09000";"8,05812";"0,01185"
"30,10000";"8,07311";"0,01553"
"30,11000";"8,08799";"0,02353"
"30,12000";"8,10298";"0,02190"
"30,13000";"8,11809";"0,01644"
"30,14000";"8,13308";"0,01125"
"30,15000";"8,14808";"0,00772"
"30,16000";"8,16307";"0,00860"
"30,17000";"8,17806";"0,01945"
"30,18000";"8,19306";"0,02168"
"30,19000";"8,20817";"0,01223"
"30,20000";"8,22316";"0,00923"
"30,21000";"8,23815";"0,00029"
"30,22000";"8,25326";"-0,01077"
"30,23000";"8,26826";"-0,02132"
"30,24000";"8,28325";"-0,01954"
"30,25000";"8,29824";"-0,01507"
"30,26000";"8,31312";"-0,01694"
"30,27000";"8,32811";"-0,01021"
"30,28000";"8,34310";"-0,00537"
"30,29000";"8,35810";"0,00312"
"30,30000";"8,37321";"0,01074"
"30,31000";"8,38808";"0,00885"
"30,32000";"8,40296";"0,00718"
"30,33000";"8,41795";"0,00880"
"30,34000";"8,43294";"0,01712"
"30,35000";"8,44794";"0,01829"
"30,36000";"8,46293";"0,01642"
"30,37000";"8,47804";"0,01108"
"30,38000";"8,49315";"0,00872"
"30,39000";"8,50826";"0,01302"
"30,40000";"8,52326";"0,01712"
"30,41000";"8,53813";"0,01817"
"30,42000";"8,55301";"0,01532"
"30,43000";"8,56800";"0,01053"
"30,44000";"8,58299";"0,00780"
"30,45000";"8,59810";"0,00877"
"30,46000";"8,61310";"0,00815"
"30,47000";"8,62821";"0,00452"
"30,48000";"8,64320";"0,00382"
"30,49000";"8,65796";"0,00889"
"30,50000";"8,67295";"0,01262"
"30,51000";"8,68806";"0,01124"
"30,52000";"8,70317";"0,01381"
"30,53000";"8,71805";"0,01407"
"30,54000";"8,73304";"0,00925"
"30,55000";"8,74803";"0,00238"
"30,56000";"8,76303";"0,00507"
"30,57000";"8,77790";"0,00569"
"30,58000";"8,79278";"0,00412"
"30,59000";"8,80789";"0,00083"
"30,60000";"8,82288";"0,00031"
"30,61000";"8,83788";"0,00021"
"30,62000";"8,85287";"-0,00339"
"30,63000";"8,86786";"-0,00165"
"30,64000";"8,88297";"0,00479"
"30,65000";"8,89785";"0,01082"
"30,66000";"8,91284";"0,00804"
"30,67000";"8,92795";"0,00274"
"30,68000";"8,94294";"0,00074"
"30,69000";"8,95794";"0,00552"
"30,70000";"8,97293";"0,01219"
"30,71000";"8,98792";"0,00514"
"30,72000";"9,00292";"0,00002"
"30,73000";"9,01779";"0,00114"
"30,74000";"9,03267";"-0,00044"
"30,75000";"9,04778";"0,00341"
"30,76000";"9,06289";"0,01076"
"30,77000";"9,07788";"0,01430"
"30,78000";"9,09299";"0,01271"
"30,79000";"9,10799";"0,01550"
"30,80000";"9,12310";"0,02002"
"30,81000";"9,13809";"0,02211"
"30,82000";"9,15308";"0,02465"
"30,83000";"9,16796";"0,02536"
"30,84000";"9,18307";"0,02529"
"30,85000";"9,19818";"0,02063"
"30,86000";"9,21317";"0,01646"
"30,87000";"9,22817";"0,01457"
"30,88000";"9,24316";"0,01257"
"30,89000";"9,25815";"0,00791"
"30,90000";"9,27315";"0,00094"
"30,91000";"9,28814";"-0,00441"
"30,92000";"9,30313";"0,00302"
"30,93000";"9,31813";"0,00644"
"30,94000";"9,33324";"0,00885"
"30,95000";"9,34811";"0,00649"
"30,96000";"9,36310";"0,01462"
"30,97000";"9,37810";"0,01925"
"30,98000";"9,39309";"0,02237"
"30,99000";"9,40808";"0,01437"
"31,00000";"9,42308";"0,00389"
"31,01000";"9,43807";"-0,00300"
"31,02000";"9,45318";"-0,00461"
"31,03000";"9,46817";"-0,00543"
"31,04000";"9,48305";"-0,00140"
"31,05000";"9,49804";"0,00252"
"31,06000";"9,51304";"0,00176"
"31,07000";"9,52803";"-0,00350"
"31,08000";"9,54302";"-0,00023"
"31,09000";"9,55813";"-0,00599"
"31,10000";"9,57324";"-0,01393"
"31,11000";"9,58824";"-0,02287"
"31,12000";"9,60311";"-0,02248"
"31,13000";"9,61810";"-0,02129"
"31,14000";"9,63310";"-0,01119"
"31,15000";"9,64809";"0,00226"
"31,16000";"9,66297";"0,00519"
"31,17000";"9,67796";"0,00433"
"31,18000";"9,69307";"0,00636"
"31,19000";"9,70794";"0,01025"
"31,20000";"9,72282";"0,01378"
"31,21000";"9,73769";"0,01354"
"31,22000";"9,75281";"0,01746"
"31,23000";"9,76792";"0,01882"
"31,24000";"9,78303";"0,02222"
"31,25000";"9,79802";"0,01844"
"31,26000";"9,81301";"0,01211"
"31,27000";"9,82801";"0,00675"
"31,28000";"9,84288";"0,00612"
"31,29000";"9,85787";"0,00544"
"31,30000";"9,87299";"0,00709"
"31,31000";"9,88798";"0,00892"
"31,32000";"9,90297";"0,00894"
"31,33000";"9,91808";"0,00921"
"31,34000";"9,93308";"0,00604"
"31,35000";"9,94807";"0,00314"
"31,36000";"9,96294";"0,00006"
"31,37000";"9,97794";"-0,00212"
"31,38000";"9,99293";"0,00211"
"31,39000";"10,00804";"0,00871"
"31,40000";"10,02304";"0,01402"
"31,41000";"10,03803";"0,01719"
"31,42000";"10,05302";"0,01662"
"31,43000";"10,06813";"0,01486"
"31,44000";"10,08301";"0,00738"
"31,45000";"10,09788";"0,00135"
"31,46000";"10,11299";"-0,00170"
"31,47000";"10,12799";"0,00302"
"31,48000";"10,14310";"0,00621"
"31,49000";"10,15797";"0,01854"
"31,50000";"10,17308";"0,02045"
"31,51000";"10,18808";"0,01372"
"31,52000";"10,20319";"0,01480"
"31,53000";"10,21818";"0,01400"
"31,54000";"10,23329";"0,01685"
"31,55000";"10,24828";"0,01571"
"31,56000";"10,26340";"0,01282"
"31,57000";"10,27827";"0,00590"
"31,58000";"10,29315";"0,00204"
"31,59000";"10,30814";"0,00355"
"31,60000";"10,32313";"0,00960"
"31,61000";"10,33813";"0,01387"
"31,62000";"10,35312";"0,01190"
"31,63000";"10,36823";"0,00516"
"31,64000";"10,38322";"0,00622"
"31,65000";"10,39822";"0,00472"
"31,66000";"10,41321";"0,00308"
"31,67000";"10,42808";"-0,00055"
"31,68000";"10,44308";"-0,01188"
"31,69000";"10,45807";"-0,00931"
"31,70000";"10,47318";"-0,00270"
"31,71000";"10,48817";"0,00097"
"31,72000";"10,50328";"0,00335"
"31,73000";"10,51828";"0,00002"
"31,74000";"10,53315";"0,00043"
"31,75000";"10,54815";"-0,00061"
"31,76000";"10,56302";"0,00128"
"31,77000";"10,57801";"0,00283"
"31,78000";"10,59301";"0,00286"
"31,79000";"10,60788";"0,00191"
"31,80000";"10,62288";"0,00190"
"31,81000";"10,63787";"-0,00051"
"31,82000";"10,65286";"-0,00278"
"31,83000";"10,66785";"-0,00402"
"31,84000";"10,68285";"-0,00402"
"31,85000";"10,69796";"0,00230"
"31,86000";"10,71295";"0,00700"
"31,87000";"10,72794";"0,00882"
"31,88000";"10,74294";"0,00995"
"31,89000";"10,75793";"0,00933"
"31,90000";"10,77292";"0,00867"
"31,91000";"10,78780";"0,00734"
"31,92000";"10,80279";"0,00131"
"31,93000";"10,81779";"-0,00064"
"31,94000";"10,83278";"-0,00236"
"31,95000";"10,84789";"-0,00380"
"31,96000";"10,86288";"-0,00306"
"31,97000";"10,87788";"0,00088"
"31,98000";"10,89287";"0,00437"
"31,99000";"10,90786";"0,01097"
"32,00000";"10,92285";"0,01458"
"32,01000";"10,93797";"0,01558"
"32,02000";"10,95296";"0,01090"
"32,03000";"10,96807";"0,01473"
"32,04000";"10,98318";"0,01322"
"32,05000";"10,99817";"0,01075"
"32,06000";"11,01317";"0,00763"
"32,07000";"11,02804";"0,00587"
"32,08000";"11,04303";"-0,00004"
"32,09000";"11,05815";"-0,00406"
"32,10000";"11,07314";"-0,00332"
"32,11000";"11,08801";"0,00634"
"32,12000";"11,10301";"0,01430"
"32,13000";"11,11800";"0,02061"
"32,14000";"11,13299";"0,02661"
"32,15000";"11,14799";"0,03245"
"32,16000";"11,16298";"0,03498"
"32,17000";"11,17809";"0,03150"
"32,18000";"11,19308";"0,02671"
"32,19000";"11,20808";"0,02193"
"32,20000";"11,22307";"0,01624"
"32,21000";"11,23806";"0,02174"
"32,22000";"11,25306";"0,01954"
"32,23000";"11,26805";"0,01328"
"32,24000";"11,28304";"0,00912"
"32,25000";"11,29803";"0,00955"
"32,26000";"11,31315";"0,00408"
"32,27000";"11,32814";"-0,00245"
"32,28000";"11,34301";"-0,00724"
"32,29000";"11,35801";"-0,01185"
"32,30000";"11,37300";"-0,01637"
"32,31000";"11,38799";"-0,01399"
"32,32000";"11,40298";"-0,00563"
"32,33000";"11,41810";"0,00460"
"32,34000";"11,43309";"0,00494"
"32,35000";"11,44820";"0,00082"
"32,36000";"11,46319";"-0,00602"
"32,37000";"11,47819";"0,00086"
"32,38000";"11,49306";"0,00215"
"32,39000";"11,50794";"0,00398"
"32,40000";"11,52305";"0,01340"
"32,41000";"11,53804";"0,01659"
"32,42000";"11,55304";"0,00966"
"32,43000";"11,56803";"0,00247"
"32,44000";"11,58314";"0,00163"
"32,45000";"11,59813";"0,00103"
"32,46000";"11,61312";"-0,00040"
"32,47000";"11,62812";"0,00242"
"32,48000";"11,64323";"0,00967"
"32,49000";"11,65822";"0,01206"
"32,50000";"11,67322";"0,01246"
"32,51000";"11,68809";"0,01425"
"32,52000";"11,70308";"0,01832"
"32,53000";"11,71808";"0,01503"
"32,54000";"11,73295";"0,01779"
"32,55000";"11,74794";"0,01600"
"32,56000";"11,76306";"0,01112"
"32,57000";"11,77805";"0,00252"
"32,58000";"11,79304";"0,00296"
"32,59000";"11,80803";"0,00875"
"32,60000";"11,82303";"0,01927"
"32,61000";"11,83790";"0,02487"
"32,62000";"11,85290";"0,01658"
"32,63000";"11,86777";"0,00404"
"32,64000";"11,88288";"-0,00418"
"32,65000";"11,89799";"-0,00767"
"32,66000";"11,91299";"-0,00273"
"32,67000";"11,92798";"0,00366"
"32,68000";"11,94309";"0,01079"
"32,69000";"11,95797";"0,01657"
"32,70000";"11,97284";"0,01819"
"32,71000";"11,98783";"0,01503"
"32,72000";"12,00294";"0,00849"
"32,73000";"12,01794";"0,00724"
"32,74000";"12,03293";"0,01223"
"32,75000";"12,04792";"0,01412"
"32,76000";"12,06292";"0,01379"
"32,77000";"12,07803";"0,01060"
"32,78000";"12,09290";"0,00678"
"32,79000";"12,10790";"0,00802"
"32,80000";"12,12301";"0,01749"
"32,81000";"12,13800";"0,02425"
"32,82000";"12,15299";"0,02674"
"32,83000";"12,16787";"0,01970"
"32,84000";"12,18286";"0,01086"
"32,85000";"12,19774";"0,01001"
"32,86000";"12,21273";"0,00884"
"32,87000";"12,22784";"0,00867"
"32,88000";"12,24283";"0,01182"
"32,89000";"12,25795";"0,00947"
"32,90000";"12,27305";"0,00882"
"32,91000";"12,28793";"0,01573"
"32,92000";"12,30292";"0,02699"
"32,93000";"12,31780";"0,03143"
"32,94000";"12,33267";"0,03709"
"32,95000";"12,34767";"0,03081"
"32,96000";"12,36278";"0,02122"
"32,97000";"12,37789";"0,01832"
"32,98000";"12,39300";"0,01717"
"32,99000";"12,40799";"0,01887"
"33,00000";"12,42299";"0,01419"
"33,01000";"12,43798";"0,01032"
"33,02000";"12,45297";"0,00873"
"33,03000";"12,46797";"0,00388"
"33,04000";"12,48296";"-0,00108"
"33,05000";"12,49795";"0,00474"
"33,06000";"12,51294";"0,00974"
"33,07000";"12,52805";"0,01172"
"33,08000";"12,54305";"0,01037"
"33,09000";"12,55792";"0,00876"
"33,10000";"12,57292";"0,01266"
"33,11000";"12,58791";"0,01212"
"33,12000";"12,60290";"0,02233"
"33,13000";"12,61790";"0,02709"
"33,14000";"12,63277";"0,02729"
"33,15000";"12,64776";"0,02967"
"33,16000";"12,66288";"0,02594"
"33,17000";"12,67775";"0,02230"
"33,18000";"12,69286";"0,02371"
"33,19000";"12,70797";"0,02353"
"33,20000";"12,72308";"0,02360"
"33,21000";"12,73819";"0,03146"
"33,22000";"12,75331";"0,03491"
"33,23000";"12,76830";"0,03594"
"33,24000";"12,78317";"0,04172"
"33,25000";"12,79805";"0,03647"
"33,26000";"12,81316";"0,02878"
"33,27000";"12,82815";"0,02370"
"33,28000";"12,84315";"0,02215"
"33,29000";"12,85814";"0,01598"
"33,30000";"12,87313";"0,00723"
"33,31000";"12,88813";"0,00385"
"33,32000";"12,90300";"0,01850"
"33,33000";"12,91776";"0,02831"
"33,34000";"12,93275";"0,03249"
"33,35000";"12,94786";"0,03323"
"33,36000";"12,96274";"0,03269"
"33,37000";"12,97773";"0,03508"
"33,38000";"12,99272";"0,03059"
"33,39000";"13,00795";"0,02793"
"33,40000";"13,02294";"0,02920"
"33,41000";"13,03794";"0,03522"
"33,42000";"13,05293";"0,02901"
"33,43000";"13,06792";"0,02763"
"33,44000";"13,08303";"0,02175"
"33,45000";"13,09803";"0,01552"
"33,46000";"13,11314";"0,01926"
"33,47000";"13,12801";"0,02506"
"33,48000";"13,14301";"0,02480"
"33,49000";"13,15788";"0,01748"
"33,50000";"13,17287";"0,01231"
"33,51000";"13,18787";"0,01143"
"33,52000";"13,20298";"0,01701"
"33,53000";"13,21809";"0,02668"
"33,54000";"13,23297";"0,03137"
"33,55000";"13,24796";"0,03230"
"33,56000";"13,26295";"0,03064"
"33,57000";"13,27783";"0,03261"
"33,58000";"13,29282";"0,03053"
"33,59000";"13,30793";"0,03115"
"33,60000";"13,32292";"0,03381"
"33,61000";"13,33792";"0,02920"
"33,62000";"13,35291";"0,02649"
"33,63000";"13,36802";"0,02708"
"33,64000";"13,38290";"0,03005"
"33,65000";"13,39789";"0,03548"
"33,66000";"13,41288";"0,03929"
"33,67000";"13,42787";"0,04022"
"33,68000";"13,44299";"0,04405"
"33,69000";"13,45798";"0,04140"
"33,70000";"13,47297";"0,03463"
"33,71000";"13,48808";"0,03052"
"33,72000";"13,50296";"0,02889"
"33,73000";"13,51795";"0,02566"
"33,74000";"13,53294";"0,02018"
"33,75000";"13,54794";"0,01455"
"33,76000";"13,56293";"0,02041"
"33,77000";"13,57804";"0,02692"
"33,78000";"13,59292";"0,03794"
"33,79000";"13,60803";"0,04350"
"33,80000";"13,62290";"0,03773"
"33,81000";"13,63790";"0,03305"
"33,82000";"13,65301";"0,02820"
"33,83000";"13,66800";"0,02489"
"33,84000";"13,68311";"0,02913"
"33,85000";"13,69810";"0,03287"
"33,86000";"13,71310";"0,03425"
"33,87000";"13,72809";"0,02970"
"33,88000";"13,74308";"0,02527"
"33,89000";"13,75808";"0,03125"
"33,90000";"13,77307";"0,02900"
"33,91000";"13,78806";"0,02798"
"33,92000";"13,80306";"0,02745"
"33,93000";"13,81817";"0,02971"
"33,94000";"13,83316";"0,03561"
"33,95000";"13,84803";"0,03896"
"33,96000";"13,86303";"0,04538"
"33,97000";"13,87802";"0,03920"
"33,98000";"13,89313";"0,02940"
"33,99000";"13,90801";"0,02543"
"34,00000";"13,92312";"0,02469"
"34,01000";"13,93811";"0,02489"
"34,02000";"13,95322";"0,02805"
"34,03000";"13,96821";"0,03146"
"34,04000";"13,98321";"0,03600"
"34,05000";"13,99820";"0,03872"
"34,06000";"14,01331";"0,04227"
"34,07000";"14,02831";"0,04320"
"34,08000";"14,04318";"0,04393"
"34,09000";"14,05817";"0,04075"
"34,10000";"14,07305";"0,04074"
"34,11000";"14,08792";"0,04589"
"34,12000";"14,10280";"0,05052"
"34,13000";"14,11779";"0,05616"
"34,14000";"14,13278";"0,05685"
"34,15000";"14,14778";"0,05307"
"34,16000";"14,16289";"0,04374"
"34,17000";"14,17788";"0,03929"
"34,18000";"14,19299";"0,03313"
"34,19000";"14,20787";"0,02771"
"34,20000";"14,22286";"0,03183"
"34,21000";"14,23785";"0,02915"
"34,22000";"14,25296";"0,02857"
"34,23000";"14,26796";"0,02237"
"34,24000";"14,28295";"0,01992"
"34,25000";"14,29806";"0,01733"
"34,26000";"14,31306";"0,01706"
"34,27000";"14,32805";"0,01373"
"34,28000";"14,34304";"0,01360"
"34,29000";"14,35815";"0,01472"
"34,30000";"14,37315";"0,02440"
"34,31000";"14,38814";"0,02495"
"34,32000";"14,40313";"0,02483"
"34,33000";"14,41813";"0,02898"
"34,34000";"14,43312";"0,02845"
"34,35000";"14,44799";"0,02891"
"34,36000";"14,46299";"0,03494"
"34,37000";"14,47810";"0,03923"
"34,38000";"14,49321";"0,04470"
"34,39000";"14,50820";"0,04807"
"34,40000";"14,52319";"0,04562"
"34,41000";"14,53819";"0,04556"
"34,42000";"14,55330";"0,03876"
"34,43000";"14,56817";"0,03442"
"34,44000";"14,58305";"0,03114"
"34,45000";"14,59816";"0,04068"
"34,46000";"14,61315";"0,04742"
"34,47000";"14,62815";"0,05094"
"34,48000";"14,64326";"0,05232"
"34,49000";"14,65813";"0,05411"
"34,50000";"14,67313";"0,04931"
"34,51000";"14,68800";"0,04531"
"34,52000";"14,70287";"0,04862"
"34,53000";"14,71787";"0,04628"
"34,54000";"14,73298";"0,04339"
"34,55000";"14,74809";"0,04123"
"34,56000";"14,76308";"0,04353"
"34,57000";"14,77820";"0,04448"
"34,58000";"14,79319";"0,05032"
"34,59000";"14,80818";"0,04887"
"34,60000";"14,82317";"0,04775"
"34,61000";"14,83817";"0,04053"
"34,62000";"14,85316";"0,03929"
"34,63000";"14,86804";"0,04011"
"34,64000";"14,88303";"0,03792"
"34,65000";"14,89802";"0,03837"
"34,66000";"14,91301";"0,04088"
"34,67000";"14,92812";"0,04238"
"34,68000";"14,94312";"0,04661"
"34,69000";"14,95811";"0,04685"
"34,70000";"14,97322";"0,04263"
"34,71000";"14,98822";"0,04307"
"34,72000";"15,00321";"0,04404"
"34,73000";"15,01808";"0,04441"
"34,74000";"15,03308";"0,04095"
"34,75000";"15,04795";"0,04060"
"34,76000";"15,06306";"0,04615"
"34,77000";"15,07806";"0,04757"
"34,78000";"15,09317";"0,04623"
"34,79000";"15,10816";"0,04881"
"34,80000";"15,12315";"0,04602"
"34,81000";"15,13803";"0,04595"
"34,82000";"15,15290";"0,04392"
"34,83000";"15,16766";"0,04219"
"34,84000";"15,18265";"0,04163"
"34,85000";"15,19776";"0,04076"
"34,86000";"15,21276";"0,04813"
"34,87000";"15,22787";"0,05596"
"34,88000";"15,24286";"0,05616"
"34,89000";"15,25785";"0,05251"
"34,90000";"15,27285";"0,05117"
"34,91000";"15,28784";"0,05213"
"34,92000";"15,30295";"0,05874"
"34,93000";"15,31794";"0,05659"
"34,94000";"15,33305";"0,05088"
"34,95000";"15,34793";"0,04509"
"34,96000";"15,36304";"0,04108"
"34,97000";"15,37803";"0,04958"
"34,98000";"15,39303";"0,05288"
"34,99000";"15,40802";"0,04998"
"35,00000";"15,42313";"0,04609"
"35,01000";"15,43813";"0,05320"
"35,02000";"15,45312";"0,05858"
"35,03000";"15,46823";"0,05837"
"35,04000";"15,48310";"0,05923"
"35,05000";"15,49810";"0,05448"
"35,06000";"15,51297";"0,04785"
"35,07000";"15,52785";"0,04338"
"35,08000";"15,54284";"0,04151"
"35,09000";"15,55795";"0,03810"
"35,10000";"15,57283";"0,03512"
"35,11000";"15,58794";"0,03540"
"35,12000";"15,60281";"0,03646"
"35,13000";"15,61781";"0,04567"
"35,14000";"15,63280";"0,05167"
"35,15000";"15,64779";"0,05643"
"35,16000";"15,66279";"0,06118"
"35,17000";"15,67790";"0,06539"
"35,18000";"15,69301";"0,06662"
"35,19000";"15,70812";"0,06429"
"35,20000";"15,72323";"0,05620"
"35,21000";"15,73811";"0,05149"
"35,22000";"15,75310";"0,05175"
"35,23000";"15,76809";"0,05276"
"35,24000";"15,78308";"0,04940"
"35,25000";"15,79808";"0,05391"
"35,26000";"15,81319";"0,05442"
"35,27000";"15,82818";"0,05411"
"35,28000";"15,84317";"0,05317"
"35,29000";"15,85817";"0,04825"
"35,30000";"15,87316";"0,04234"
"35,31000";"15,88815";"0,04852"
"35,32000";"15,90315";"0,06116"
"35,33000";"15,91826";"0,06818"
"35,34000";"15,93313";"0,06011"
"35,35000";"15,94801";"0,05494"
"35,36000";"15,96300";"0,06140"
"35,37000";"15,97788";"0,07055"
"35,38000";"15,99275";"0,07058"
"35,39000";"16,00774";"0,07447"
"35,40000";"16,02274";"0,07131"
"35,41000";"16,03773";"0,07155"
"35,42000";"16,05284";"0,06928"
"35,43000";"16,06783";"0,06626"
"35,44000";"16,08283";"0,07133"
"35,45000";"16,09782";"0,06952"
"35,46000";"16,11281";"0,06426"
"35,47000";"16,12804";"0,05990"
"35,48000";"16,14315";"0,05737"
"35,49000";"16,15826";"0,06453"
"35,50000";"16,17338";"0,07369"
"35,51000";"16,18837";"0,07758"
"35,52000";"16,20324";"0,07197"
"35,53000";"16,21824";"0,06366"
"35,54000";"16,23311";"0,06033"
"35,55000";"16,24822";"0,06454"
"35,56000";"16,26310";"0,07482"
"35,57000";"16,27809";"0,08176"
"35,58000";"16,29308";"0,07639"
"35,59000";"16,30808";"0,07979"
"35,60000";"16,32319";"0,08313"
"35,61000";"16,33818";"0,08316"
"35,62000";"16,35317";"0,08948"
"35,63000";"16,36817";"0,08923"
"35,64000";"16,38316";"0,09057"
"35,65000";"16,39815";"0,09070"
"35,66000";"16,41303";"0,09167"
"35,67000";"16,42790";"0,09483"
"35,68000";"16,44289";"0,09894"
"35,69000";"16,45777";"0,10526"
"35,70000";"16,47276";"0,11316"
"35,71000";"16,48776";"0,12076"
"35,72000";"16,50287";"0,12885"
"35,73000";"16,51798";"0,12945"
"35,74000";"16,53297";"0,13011"
"35,75000";"16,54797";"0,12564"
"35,76000";"16,56296";"0,13082"
"35,77000";"16,57795";"0,13222"
"35,78000";"16,59295";"0,13134"
"35,79000";"16,60794";"0,12885"
"35,80000";"16,62305";"0,12477"
"35,81000";"16,63804";"0,12911"
"35,82000";"16,65315";"0,14545"
"35,83000";"16,66814";"0,15751"
"35,84000";"16,68314";"0,16778"
"35,85000";"16,69801";"0,17883"
"35,86000";"16,71313";"0,18870"
"35,87000";"16,72812";"0,20026"
"35,88000";"16,74299";"0,21467"
"35,89000";"16,75799";"0,23005"
"35,90000";"16,77298";"0,23820"
"35,91000";"16,78797";"0,24307"
"35,92000";"16,80285";"0,25557"
"35,93000";"16,81784";"0,27438"
"35,94000";"16,83283";"0,30350"
"35,95000";"16,84795";"0,32913"
"35,96000";"16,86306";"0,35224"
"35,97000";"16,87793";"0,38170"
"35,98000";"16,89304";"0,41178"
"35,99000";"16,90804";"0,43972"
"36,00000";"16,92291";"0,46523"
"36,01000";"16,93790";"0,49752"
"36,02000";"16,95301";"0,53765"
"36,03000";"16,96801";"0,57922"
"36,04000";"16,98312";"0,62601"
"36,05000";"16,99823";"0,67824"
"36,06000";"17,01322";"0,73451"
"36,07000";"17,02810";"0,78309"
"36,08000";"17,04297";"0,83979"
"36,09000";"17,05785";"0,90169"
"36,10000";"17,07284";"0,97633"
"36,11000";"17,08783";"1,05617"
"36,12000";"17,10283";"1,14355"
"36,13000";"17,11782";"1,22722"
"36,14000";"17,13281";"1,31268"
"36,15000";"17,14792";"1,40484"
"36,16000";"17,16292";"1,50262"
"36,17000";"17,17791";"1,61520"
"36,18000";"17,19290";"1,73191"
"36,19000";"17,20790";"1,85726"
"36,20000";"17,22301";"1,99103"
"36,21000";"17,23788";"2,13037"
"36,22000";"17,25288";"2,27114"
"36,23000";"17,26787";"2,43100"
"36,24000";"17,28286";"2,59862"
"36,25000";"17,29774";"2,76897"
"36,26000";"17,31261";"2,95248"
"36,27000";"17,32760";"3,15098"
"36,28000";"17,34260";"3,36795"
"36,29000";"17,35747";"3,59822"
"36,30000";"17,37247";"3,85034"
"36,31000";"17,38758";"4,11583"
"36,32000";"17,40257";"4,40694"
"36,33000";"17,41780";"4,71634"
"36,34000";"17,43303";"5,04763"
"36,35000";"17,44826";"5,39484"
"36,36000";"17,46349";"5,75612"
"36,37000";"17,47848";"6,13885"
"36,38000";"17,49335";"6,54749"
"36,39000";"17,50823";"6,97684"
"36,40000";"17,52310";"7,43975"
"36,41000";"17,53798";"7,93516"
"36,42000";"17,55285";"8,46196"
"36,43000";"17,56797";"9,02803"
"36,44000";"17,58296";"9,64402"
"36,45000";"17,59783";"10,31491"
"36,46000";"17,61283";"11,03853"
"36,47000";"17,62782";"11,82674"
"36,48000";"17,64281";"12,67659"
"36,49000";"17,65780";"13,58718"
"36,50000";"17,67268";"14,56137"
"36,51000";"17,68768";"15,60263"
"36,52000";"17,70278";"16,70412"
"36,53000";"17,71766";"17,87999"
"36,54000";"17,73265";"19,12869"
"36,55000";"17,74765";"20,45775"
"36,56000";"17,76264";"21,86153"
"36,57000";"17,77775";"23,36253"
"36,58000";"17,79286";"24,97544"
"36,59000";"17,80797";"26,71516"
"36,60000";"17,82297";"28,58370"
"36,61000";"17,83808";"30,58921"
"36,62000";"17,85307";"32,74302"
"36,63000";"17,86806";"35,05296"
"36,64000";"17,88317";"37,53685"
"36,65000";"17,89828";"40,20007"
"36,66000";"17,91328";"43,05486"
"36,67000";"17,92827";"46,08899"
"36,68000";"17,94314";"49,29649"
"36,69000";"17,95802";"52,66233"
"36,70000";"17,97301";"56,17800"
"36,71000";"17,98789";"59,86905"
"36,72000";"18,00277";"63,75264"
"36,73000";"18,01787";"67,85365"
"36,74000";"18,03287";"72,20484"
"36,75000";"18,04786";"76,82974"
"36,76000";"18,06297";"81,73061"
"36,77000";"18,07797";"86,89896"
"36,78000";"18,09284";"92,30434"
"36,79000";"18,10772";"97,92631"
"36,80000";"18,12259";"103,78997"
"36,81000";"18,13770";"109,95118"
"36,82000";"18,15258";"116,43181"
"36,83000";"18,16745";"123,17813"
"36,84000";"18,18245";"130,18593"
"36,85000";"18,19744";"137,52850"
"36,86000";"18,21255";"145,43446"
"36,87000";"18,22742";"154,05812"
"36,88000";"18,24241";"163,24966"
"36,89000";"18,25753";"172,83871"
"36,90000";"18,27264";"182,74580"
"36,91000";"18,28775";"192,91733"
"36,92000";"18,30286";"203,37085"
"36,93000";"18,31797";"214,04446"
"36,94000";"18,33285";"224,85916"
"36,95000";"18,34784";"235,78392"
"36,96000";"18,36272";"246,86797"
"36,97000";"18,37771";"258,10962"
"36,98000";"18,39258";"269,43304"
"36,99000";"18,40758";"280,68277"
"37,00000";"18,42257";"291,89136"
"37,01000";"18,43756";"303,05276"
"37,02000";"18,45244";"314,14914"
"37,03000";"18,46743";"325,18332"
"37,04000";"18,48254";"336,33792"
"37,05000";"18,49765";"347,85992"
"37,05200";"18,50061";"350,20343"
"37,05400";"18,50367";"352,55167"
"37,06400";"18,51678";"364,28177"
"37,07400";"18,52421";"374,21973"
"37,08000";"18,52611";"377,24744"
"37,09000";"18,52528";"374,38574"
"37,10000";"18,52020";"360,26895"
"37,11000";"18,50875";"333,59210"
"37,12000";"18,49175";"290,98926"
"37,13000";"18,47156";"232,26741"
"37,14000";"18,44984";"164,79779"
"37,15000";"18,42800";"99,33542"
"37,16000";"18,40663";"44,34757"
"37,17000";"18,38621";"5,09311"
"37,18000";"18,36637";"-16,68102"
"37,19000";"18,34749";"-24,36403"
"37,20000";"18,32907";"-23,95348"
"37,21000";"18,31136";"-20,53778"
"37,22000";"18,29436";"-16,92810"
"37,23000";"18,27795";"-14,20022"
"37,24000";"18,26178";"-12,03827"
"37,25000";"18,24584";"-10,22772"
"37,26000";"18,23014";"-8,97930"
"37,27000";"18,21456";"-8,33227"
"37,28000";"18,19885";"-8,16311"
"37,29000";"18,18351";"-8,27694"
"37,30000";"18,16828";"-8,50688"
"37,31000";"18,15317";"-8,72959"
"37,32000";"18,13806";"-8,88165"
"37,33000";"18,12283";"-8,96716"
"37,34000";"18,10772";"-8,99355"
"37,35000";"18,09249";"-8,99089"
"37,36000";"18,07738";"-8,97946"
"37,37000";"18,06226";"-8,95882"
"37,38000";"18,04727";"-8,92242"
"37,39000";"18,03228";"-8,86482"
"37,40000";"18,01717";"-8,78166"
"37,41000";"18,00206";"-8,68606"
"37,42000";"17,98695";"-8,56953"
"37,43000";"17,97183";"-8,42003"
"37,44000";"17,95684";"-8,24503"
"37,45000";"17,94197";"-8,04872"
"37,46000";"17,92733";"-7,82336"
"37,47000";"17,91269";"-7,58264"
"37,48000";"17,89793";"-7,34610"
"37,49000";"17,88282";"-7,12231"
"37,50000";"17,86747";"-6,92191"
"37,51000";"17,85189";"-6,73487"
"37,52000";"17,83666";"-6,55046"
"37,53000";"17,82155";"-6,34246"
"37,54000";"17,80656";"-6,09610"
"37,55000";"17,79168";"-5,82043"
"37,56000";"17,77681";"-5,53786"
"37,57000";"17,76193";"-5,27387"
"37,58000";"17,74694";"-5,03348"
"37,59000";"17,73183";"-4,80370"
"37,60000";"17,71683";"-4,60617"
"37,61000";"17,70196";"-4,43395"
"37,62000";"17,68696";"-4,28629"
"37,63000";"17,67186";"-4,15715"
"37,64000";"17,65686";"-4,02657"
"37,65000";"17,64175";"-3,88984"
"37,66000";"17,62675";"-3,75067"
"37,67000";"17,61165";"-3,60846"
"37,68000";"17,59677";"-3,46970"
"37,69000";"17,58201";"-3,33593"
"37,70000";"17,56702";"-3,19907"
"37,71000";"17,55202";"-3,05400"
"37,72000";"17,53715";"-2,90696"
"37,73000";"17,52216";"-2,76500"
"37,74000";"17,50705";"-2,63628"
"37,75000";"17,49194";"-2,51120"
"37,76000";"17,47694";"-2,38684"
"37,77000";"17,46231";"-2,26434"
"37,78000";"17,44743";"-2,14160"
"37,79000";"17,43244";"-2,01202"
"37,80000";"17,41721";"-1,89490"
"37,81000";"17,40210";"-1,77406"
"37,82000";"17,38687";"-1,66196"
"37,83000";"17,37176";"-1,57145"
"37,84000";"17,35676";"-1,49848"
"37,85000";"17,34189";"-1,42453"
"37,86000";"17,32701";"-1,36266"
"37,87000";"17,31190";"-1,29478"
"37,88000";"17,29691";"-1,22229"
"37,89000";"17,28204";"-1,15566"
"37,90000";"17,26704";"-1,09592"
"37,91000";"17,25205";"-1,05001"
"37,92000";"17,23706";"-1,00605"
"37,93000";"17,22206";"-0,96461"
"37,94000";"17,20719";"-0,92532"
"37,95000";"17,19219";"-0,88980"
"37,96000";"17,17708";"-0,85255"
"37,97000";"17,16209";"-0,82536"
"37,98000";"17,14698";"-0,79896"
"37,99000";"17,13199";"-0,76994"
"38,00000";"17,11687";"-0,75025"
"38,01000";"17,10200";"-0,74053"
"38,02000";"17,08701";"-0,73491"
"38,03000";"17,07190";"-0,72117"
"38,04000";"17,05690";"-0,70448"
"38,05000";"17,04191";"-0,68395"
"38,06000";"17,02692";"-0,66259"
"38,07000";"17,01181";"-0,63431"
"38,08000";"16,99681";"-0,61004"
"38,09000";"16,98194";"-0,58828"
"38,10000";"16,96706";"-0,56676"
"38,11000";"16,95207";"-0,55250"
"38,12000";"16,93696";"-0,53647"
"38,13000";"16,92196";"-0,51493"
"38,14000";"16,90686";"-0,49655"
"38,15000";"16,89186";"-0,48156"
"38,16000";"16,87687";"-0,47817"
"38,17000";"16,86188";"-0,47766"
"38,18000";"16,84688";"-0,47364"
"38,19000";"16,83201";"-0,46082"
"38,20000";"16,81701";"-0,44195"
"38,21000";"16,80190";"-0,42663"
"38,22000";"16,78679";"-0,41333"
"38,23000";"16,77192";"-0,40532"
"38,24000";"16,75692";"-0,40102"
"38,25000";"16,74193";"-0,39038"
"38,26000";"16,72694";"-0,38251"
"38,27000";"16,71206";"-0,36389"
"38,28000";"16,69695";"-0,35437"
"38,29000";"16,68196";"-0,34031"
"38,30000";"16,66685";"-0,32320"
"38,31000";"16,65197";"-0,31028"
"38,32000";"16,63710";"-0,30603"
"38,33000";"16,62199";"-0,30727"
"38,34000";"16,60699";"-0,30827"
"38,35000";"16,59188";"-0,31137"
"38,36000";"16,57689";"-0,32065"
"38,37000";"16,56178";"-0,32234"
"38,38000";"16,54667";"-0,31744"
"38,39000";"16,53191";"-0,31196"
"38,40000";"16,51704";"-0,30049"
"38,41000";"16,50204";"-0,29519"
"38,42000";"16,48705";"-0,29644"
"38,43000";"16,47194";"-0,29829"
"38,44000";"16,45695";"-0,29827"
"38,45000";"16,44183";"-0,29954"
"38,46000";"16,42684";"-0,29521"
"38,47000";"16,41185";"-0,29137"
"38,48000";"16,39697";"-0,28508"
"38,49000";"16,38210";"-0,26857"
"38,50000";"16,36710";"-0,25587"
"38,51000";"16,35223";"-0,25037"
"38,52000";"16,33724";"-0,24782"
"38,53000";"16,32224";"-0,24137"
"38,54000";"16,30713";"-0,23442"
"38,55000";"16,29214";"-0,24434"
"38,56000";"16,27727";"-0,25834"
"38,57000";"16,26227";"-0,26438"
"38,58000";"16,24716";"-0,26700"
"38,59000";"16,23205";"-0,26526"
"38,60000";"16,21706";"-0,26355"
"38,61000";"16,20206";"-0,25213"
"38,62000";"16,18707";"-0,24365"
"38,63000";"16,17208";"-0,23829"
"38,64000";"16,15720";"-0,23522"
"38,65000";"16,14221";"-0,23877"
"38,66000";"16,12710";"-0,23895"
"38,67000";"16,11187";"-0,23889"
"38,68000";"16,09687";"-0,24394"
"38,69000";"16,08188";"-0,24793"
"38,70000";"16,06677";"-0,25262"
"38,71000";"16,05166";"-0,24969"
"38,72000";"16,03679";"-0,24620"
"38,73000";"16,02203";"-0,23476"
"38,74000";"16,00704";"-0,23042"
"38,75000";"15,99192";"-0,23202"
"38,76000";"15,97693";"-0,23645"
"38,77000";"15,96206";"-0,23925"
"38,78000";"15,94706";"-0,23037"
"38,79000";"15,93207";"-0,22891"
"38,80000";"15,91696";"-0,24069"
"38,81000";"15,90220";"-0,24242"
"38,82000";"15,88721";"-0,23957"
"38,83000";"15,87210";"-0,23026"
"38,84000";"15,85710";"-0,23350"
"38,85000";"15,84211";"-0,23384"
"38,86000";"15,82712";"-0,23027"
"38,87000";"15,81213";"-0,22297"
"38,88000";"15,79713";"-0,22015"
"38,89000";"15,78226";"-0,21908"
"38,90000";"15,76738";"-0,21207"
"38,91000";"15,75227";"-0,21052"
"38,92000";"15,73716";"-0,21724"
"38,93000";"15,72205";"-0,22280"
"38,94000";"15,70706";"-0,22512"
"38,95000";"15,69206";"-0,22406"
"38,96000";"15,67707";"-0,21710"
"38,97000";"15,66220";"-0,20929"
"38,98000";"15,64720";"-0,20500"
"38,99000";"15,63209";"-0,20638"
"39,00000";"15,61686";"-0,21717"
"39,01000";"15,60175";"-0,21959"
"39,02000";"15,58676";"-0,20966"
"39,03000";"15,57176";"-0,19898"
"39,04000";"15,55689";"-0,19683"
"39,05000";"15,54190";"-0,18509"
"39,06000";"15,52702";"-0,17314"
"39,07000";"15,51203";"-0,17377"
"39,08000";"15,49692";"-0,18272"
"39,09000";"15,48180";"-0,19481"
"39,10000";"15,46693";"-0,19958"
"39,11000";"15,45205";"-0,20270"
"39,12000";"15,43694";"-0,19836"
"39,13000";"15,42195";"-0,19543"
"39,14000";"15,40707";"-0,19172"
"39,15000";"15,39220";"-0,18531"
"39,16000";"15,37709";"-0,17959"
"39,17000";"15,36186";"-0,17984"
"39,18000";"15,34687";"-0,17961"
"39,19000";"15,33199";"-0,17492"
"39,20000";"15,31712";"-0,16938"
"39,21000";"15,30201";"-0,16910"
"39,22000";"15,28701";"-0,17008"
"39,23000";"15,27202";"-0,17176"
"39,24000";"15,25703";"-0,16980"
"39,25000";"15,24192";"-0,17247"
"39,26000";"15,22692";"-0,17867"
"39,27000";"15,21205";"-0,17846"
"39,28000";"15,19717";"-0,18177"
"39,29000";"15,18206";"-0,17415"
"39,30000";"15,16707";"-0,17383"
"39,31000";"15,15219";"-0,17826"
"39,32000";"15,13720";"-0,17709"
"39,33000";"15,12209";"-0,17370"
"39,34000";"15,10710";"-0,17502"
"39,35000";"15,09222";"-0,17240"
"39,36000";"15,07735";"-0,16580"
"39,37000";"15,06223";"-0,17170"
"39,38000";"15,04713";"-0,17888"
"39,39000";"15,03201";"-0,18221"
"39,40000";"15,01690";"-0,17579"
"39,41000";"15,00191";"-0,16556"
"39,42000";"14,98692";"-0,15690"
"39,43000";"14,97204";"-0,14787"
"39,44000";"14,95717";"-0,14018"
"39,45000";"14,94217";"-0,12627"
"39,46000";"14,92718";"-0,11628"
"39,47000";"14,91219";"-0,10849"
"39,48000";"14,89731";"-0,09682"
"39,49000";"14,88232";"-0,08656"
"39,50000";"14,86721";"-0,07504"
"39,51000";"14,85210";"-0,06665"
"39,52000";"14,83734";"-0,06382"
"39,53000";"14,82235";"-0,06230"
"39,54000";"14,80712";"-0,06076"
"39,55000";"14,79201";"-0,06070"
"39,56000";"14,77701";"-0,06315"
"39,57000";"14,76214";"-0,06659"
"39,58000";"14,74714";"-0,06858"
"39,59000";"14,73203";"-0,06809"
"39,60000";"14,71716";"-0,06420"
"39,61000";"14,70217";"-0,06367"
"39,62000";"14,68706";"-0,06304"
"39,63000";"14,67194";"-0,06039"
"39,64000";"14,65695";"-0,05926"
"39,65000";"14,64208";"-0,06369"
"39,66000";"14,62708";"-0,06417"
"39,67000";"14,61197";"-0,06232"
"39,68000";"14,59698";"-0,06304"
"39,69000";"14,58199";"-0,07091"
"39,70000";"14,56687";"-0,07167"
"39,71000";"14,55165";"-0,07277"
"39,72000";"14,53677";"-0,07652"
"39,73000";"14,52190";"-0,07797"
"39,74000";"14,50690";"-0,06848"
"39,75000";"14,49179";"-0,06957"
"39,76000";"14,47680";"-0,07373"
"39,77000";"14,46192";"-0,06828"
"39,78000";"14,44693";"-0,06833"
"39,79000";"14,43182";"-0,07173"
"39,80000";"14,41671";"-0,06359"
"39,81000";"14,40195";"-0,05077"
"39,82000";"14,38719";"-0,04433"
"39,83000";"14,37208";"-0,04791"
"39,84000";"14,35697";"-0,06152"
"39,85000";"14,34198";"-0,06885"
"39,86000";"14,32687";"-0,06844"
"39,87000";"14,31164";"-0,05829"
"39,88000";"14,29665";"-0,05337"
"39,89000";"14,28189";"-0,05407"
"39,90000";"14,26701";"-0,05284"
"39,91000";"14,25202";"-0,05207"
"39,92000";"14,23691";"-0,06181"
"39,93000";"14,22180";"-0,07117"
"39,94000";"14,20681";"-0,07178"
"39,95000";"14,19169";"-0,07326"
"39,96000";"14,17670";"-0,06905"
"39,97000";"14,16183";"-0,07091"
"39,98000";"14,14707";"-0,06783"
"39,99000";"14,13208";"-0,05912"
"40,00000";"14,11685";"-0,05546"
"40,01000";"14,10185";"-0,05650"
"40,02000";"14,08698";"-0,05481"
"40,03000";"14,07187";"-0,05439"
"40,04000";"14,05676";"-0,05598"
"40,05000";"14,04188";"-0,06295"
"40,06000";"14,02713";"-0,06911"
"40,07000";"14,01225";"-0,07073"
"40,08000";"13,99726";"-0,07344"
"40,09000";"13,98226";"-0,07084"
"40,10000";"13,96739";"-0,06813"
"40,11000";"13,95240";"-0,06592"
"40,12000";"13,93717";"-0,05763"
"40,13000";"13,92217";"-0,05465"
"40,14000";"13,90730";"-0,05479"
"40,15000";"13,89231";"-0,05105"
"40,16000";"13,87708";"-0,04867"
"40,17000";"13,86196";"-0,05444"
"40,18000";"13,84709";"-0,05621"
"40,19000";"13,83210";"-0,05070"
"40,20000";"13,81699";"-0,03633"
"40,21000";"13,80199";"-0,03106"
"40,22000";"13,78712";"-0,03450"
"40,23000";"13,77201";"-0,03404"
"40,24000";"13,75701";"-0,03489"
"40,25000";"13,74179";"-0,04263"
"40,26000";"13,72679";"-0,04919"
"40,27000";"13,71180";"-0,05628"
"40,28000";"13,69681";"-0,05346"
"40,29000";"13,68181";"-0,05044"
"40,30000";"13,66694";"-0,05782"
"40,31000";"13,65218";"-0,05661"
"40,32000";"13,63707";"-0,04261"
"40,33000";"13,62196";"-0,03357"
"40,34000";"13,60685";"-0,03087"
"40,35000";"13,59197";"-0,03115"
"40,36000";"13,57698";"-0,03642"
"40,37000";"13,56199";"-0,03928"
"40,38000";"13,54688";"-0,03726"
"40,39000";"13,53200";"-0,02757"
"40,40000";"13,51701";"-0,01784"
"40,41000";"13,50190";"-0,01689"
"40,42000";"13,48678";"-0,01533"
"40,43000";"13,47191";"-0,01976"
"40,44000";"13,45704";"-0,01667"
"40,45000";"13,44192";"-0,02118"
"40,46000";"13,42705";"-0,02613"
"40,47000";"13,41206";"-0,02520"
"40,48000";"13,39718";"-0,01787"
"40,49000";"13,38207";"-0,00599"
"40,50000";"13,36684";"-0,01077"
"40,51000";"13,35197";"-0,01473"
"40,52000";"13,33709";"-0,01686"
"40,53000";"13,32210";"-0,01092"
"40,54000";"13,30699";"-0,01501"
"40,55000";"13,29199";"-0,02042"
"40,56000";"13,27700";"-0,02190"
"40,57000";"13,26189";"-0,01807"
"40,58000";"13,24666";"-0,01216"
"40,59000";"13,23178";"-0,01090"
"40,60000";"13,21691";"-0,01416"
"40,61000";"13,20203";"-0,01222"
"40,62000";"13,18692";"-0,00775"
"40,63000";"13,17181";"-0,00908"
"40,64000";"13,15694";"-0,00891"
"40,65000";"13,14183";"-0,00452"
"40,66000";"13,12671";"-0,01014"
"40,67000";"13,11172";"-0,02371"
"40,68000";"13,09697";"-0,02655"
"40,69000";"13,08209";"-0,02341"
"40,70000";"13,06722";"-0,01913"
"40,71000";"13,05222";"-0,01349"
"40,72000";"13,03735";"-0,01541"
"40,73000";"13,02224";"-0,01048"
"40,74000";"13,00689";"-0,01734"
"40,75000";"12,99178";"-0,01882"
"40,76000";"12,97690";"-0,01649"
"40,77000";"12,96203";"-0,00995"
"40,78000";"12,94703";"-0,00382"
"40,79000";"12,93192";"-0,00238"
"40,80000";"12,91693";"-0,00369"
"40,81000";"12,90205";"-0,01067"
"40,82000";"12,88694";"-0,00957"
"40,83000";"12,87195";"-0,00933"
"40,84000";"12,85708";"-0,00969"
"40,85000";"12,84220";"-0,00989"
"40,86000";"12,82709";"-0,01038"
"40,87000";"12,81198";"-0,01129"
"40,88000";"12,79710";"-0,01165"
"40,89000";"12,78199";"-0,00855"
"40,90000";"12,76700";"-0,00514"
"40,91000";"12,75201";"-0,01002"
"40,92000";"12,73701";"-0,01495"
"40,93000";"12,72214";"-0,01104"
"40,94000";"12,70715";"-0,00534"
"40,95000";"12,69192";"-0,00756"
"40,96000";"12,67681";"-0,00433"
"40,97000";"12,66181";"-0,00768"
"40,98000";"12,64682";"-0,00546"
"40,99000";"12,63171";"-0,00732"
"41,00000";"12,61672";"-0,00810"
"41,01000";"12,60184";"-0,01287"
"41,02000";"12,58697";"-0,02105"
"41,03000";"12,57197";"-0,02465"
"41,04000";"12,55686";"-0,02349"
"41,05000";"12,54187";"-0,02294"
"41,06000";"12,52699";"-0,01532"
"41,07000";"12,51200";"-0,01531"
"41,08000";"12,49701";"-0,00867"
"41,09000";"12,48201";"-0,00496"
"41,10000";"12,46702";"-0,00198"
"41,11000";"12,45215";"-0,00136"
"41,12000";"12,43704";"0,00039"
"41,13000";"12,42192";"0,00310"
"41,14000";"12,40705";"-0,00042"
"41,15000";"12,39217";"0,00159"
"41,16000";"12,37706";"0,00032"
"41,17000";"12,36207";"-0,00287"
"41,18000";"12,34708";"-0,00958"
"41,19000";"12,33196";"-0,00674"
"41,20000";"12,31685";"-0,00908"
"41,21000";"12,30174";"-0,01114"
"41,22000";"12,28663";"-0,01560"
"41,23000";"12,27176";"-0,01944"
"41,24000";"12,25688";"-0,02203"
"41,25000";"12,24201";"-0,01463"
"41,26000";"12,22701";"-0,00917"
"41,27000";"12,21202";"-0,00491"
"41,28000";"12,19691";"0,00209"
"41,29000";"12,18180";"-0,00144"
"41,30000";"12,16681";"0,00238"
"41,31000";"12,15193";"0,00832"
"41,32000";"12,13706";"0,00880"
"41,33000";"12,12206";"0,00924"
"41,34000";"12,10707";"0,00903"
"41,35000";"12,09219";"0,00331"
"41,36000";"12,07720";"-0,00234"
"41,37000";"12,06209";"-0,00774"
"41,38000";"12,04710";"-0,01448"
"41,39000";"12,03222";"-0,01928"
"41,40000";"12,01723";"-0,01586"
"41,41000";"12,00224";"-0,01144"
"41,42000";"11,98713";"-0,00970"
"41,43000";"11,97201";"-0,01531"
"41,44000";"11,95702";"-0,01299"
"41,45000";"11,94191";"-0,00375"
"41,46000";"11,92680";"0,00105"
"41,47000";"11,91192";"0,00729"
"41,48000";"11,89705";"0,00847"
"41,49000";"11,88194";"0,00806"
"41,50000";"11,86683";"0,00156"
"41,51000";"11,85183";"0,00080"
"41,52000";"11,83684";"-0,00051"
"41,53000";"11,82173";"0,00101"
"41,54000";"11,80674";"0,00281"
"41,55000";"11,79186";"-0,00966"
"41,56000";"11,77699";"-0,01822"
"41,57000";"11,76199";"-0,02417"
"41,58000";"11,74688";"-0,02472"
"41,59000";"11,73189";"-0,02225"
"41,60000";"11,71701";"-0,01163"
"41,61000";"11,70202";"-0,00402"
"41,62000";"11,68703";"0,00293"
"41,63000";"11,67192";"0,00913"
"41,64000";"11,65693";"0,00861"
"41,65000";"11,64205";"0,00552"
"41,66000";"11,62706";"0,00151"
"41,67000";"11,61195";"-0,00178"
"41,68000";"11,59695";"-0,00510"
"41,69000";"11,58196";"-0,00373"
"41,70000";"11,56708";"0,00302"
"41,71000";"11,55209";"0,00489"
"41,72000";"11,53710";"0,00167"
"41,73000";"11,52210";"0,00088"
"41,74000";"11,50699";"0,00742"
"41,75000";"11,49200";"0,01070"
"41,76000";"11,47689";"0,00611"
"41,77000";"11,46201";"0,00186"
"41,78000";"11,44702";"0,00427"
"41,79000";"11,43203";"0,00601"
"41,80000";"11,41704";"0,00376"
"41,81000";"11,40216";"-0,00070"
"41,82000";"11,38717";"0,00127"
"41,83000";"11,37194";"0,00653"
"41,84000";"11,35683";"0,01025"
"41,85000";"11,34183";"0,01388"
"41,86000";"11,32684";"0,01062"
"41,87000";"11,31185";"0,00826"
"41,88000";"11,29685";"0,00167"
"41,89000";"11,28186";"-0,00290"
"41,90000";"11,26699";"-0,00687"
"41,91000";"11,25211";"-0,01000"
"41,92000";"11,23700";"-0,00794"
"41,93000";"11,22213";"-0,00443"
"41,94000";"11,20713";"-0,00172"
"41,95000";"11,19202";"-0,00174"
"41,96000";"11,17691";"-0,00860"
"41,97000";"11,16192";"-0,01316"
"41,98000";"11,14704";"-0,01199"
"41,99000";"11,13205";"-0,00682"
"42,00000";"11,11694";"0,00256"
"42,01000";"11,10206";"0,00622"
"42,02000";"11,08719";"0,00287"
"42,03000";"11,07219";"-0,00132"
"42,04000";"11,05708";"-0,00468"
"42,05000";"11,04197";"-0,00262"
"42,06000";"11,02698";"0,00366"
"42,07000";"11,01199";"0,00390"
"42,08000";"10,99688";"0,00578"
"42,09000";"10,98188";"0,00726"
"42,10000";"10,96701";"0,00234"
"42,11000";"10,95213";"-0,00212"
"42,12000";"10,93702";"-0,00144"
"42,13000";"10,92191";"-0,01065"
"42,14000";"10,90692";"-0,01542"
"42,15000";"10,89192";"-0,00927"
"42,16000";"10,87681";"-0,00507"
"42,17000";"10,86170";"0,00580"
"42,18000";"10,84683";"0,01211"
"42,19000";"10,83195";"0,01047"
"42,20000";"10,81684";"0,00783"
"42,21000";"10,80173";"0,00448"
"42,22000";"10,78686";"0,00033"
"42,23000";"10,77198";"-0,00526"
"42,24000";"10,75699";"-0,00847"
"42,25000";"10,74199";"-0,00902"
"42,26000";"10,72700";"-0,00344"
"42,27000";"10,71213";"0,00457"
"42,28000";"10,69725";"0,00664"
"42,29000";"10,68214";"0,00372"
"42,30000";"10,66715";"-0,00233"
"42,31000";"10,65215";"-0,00788"
"42,32000";"10,63716";"-0,00956"
"42,33000";"10,62217";"-0,00521"
"42,34000";"10,60717";"-0,00144"
"42,35000";"10,59230";"0,00028"
"42,36000";"10,57731";"0,00054"
"42,37000";"10,56219";"0,00357"
"42,38000";"10,54720";"0,00285"
"42,39000";"10,53209";"-0,00199"
"42,40000";"10,51722";"-0,01080"
"42,41000";"10,50234";"-0,01443"
"42,42000";"10,48735";"-0,01973"
"42,43000";"10,47235";"-0,02191"
"42,44000";"10,45748";"-0,01736"
"42,45000";"10,44237";"-0,01583"
"42,46000";"10,42726";"-0,00882"
"42,47000";"10,41215";"0,00255"
"42,48000";"10,39715";"0,01210"
"42,49000";"10,38204";"0,01559"
"42,50000";"10,36705";"0,01220"
"42,51000";"10,35206";"0,01033"
"42,52000";"10,33706";"0,00710"
"42,53000";"10,32207";"0,00330"
"42,54000";"10,30696";"-0,00810"
"42,55000";"10,29185";"-0,01330"
"42,56000";"10,27697";"-0,01553"
"42,57000";"10,26198";"-0,01771"
"42,58000";"10,24687";"-0,01674"
"42,59000";"10,23199";"-0,01049"
"42,60000";"10,21712";"-0,01029"
"42,61000";"10,20224";"-0,00661"
"42,62000";"10,18713";"-0,00422"
"42,63000";"10,17202";"-0,00615"
"42,64000";"10,15703";"-0,00491"
"42,65000";"10,14204";"-0,00072"
"42,66000";"10,12692";"-0,00267"
"42,67000";"10,11181";"-0,00048"
"42,68000";"10,09682";"-0,00121"
"42,69000";"10,08183";"-0,00180"
"42,70000";"10,06671";"0,00689"
"42,71000";"10,05172";"0,01057"
"42,72000";"10,03673";"0,01603"
"42,73000";"10,02185";"0,01497"
"42,74000";"10,00686";"0,00766"
"42,75000";"9,99175";"0,00649"
"42,76000";"9,97688";"0,00411"
"42,77000";"9,96200";"0,00026"
"42,78000";"9,94689";"-0,00058"
"42,79000";"9,93178";"0,00653"
"42,80000";"9,91690";"0,01423"
"42,81000";"9,90203";"0,01906"
"42,82000";"9,88703";"0,02246"
"42,83000";"9,87192";"0,01922"
"42,84000";"9,85693";"0,00956"
"42,85000";"9,84206";"0,01603"
"42,86000";"9,82695";"0,02516"
"42,87000";"9,81183";"0,02594"
"42,88000";"9,79684";"0,02297"
"42,89000";"9,78197";"0,01863"
"42,90000";"9,76709";"0,01385"
"42,91000";"9,75198";"0,00638"
"42,92000";"9,73699";"0,00299"
"42,93000";"9,72211";"-0,00064"
"42,94000";"9,70712";"-0,00275"
"42,95000";"9,69201";"0,00291"
"42,96000";"9,67690";"0,01661"
"42,97000";"9,66202";"0,01781"
"42,98000";"9,64715";"0,02276"
"42,99000";"9,63215";"0,02300"
"43,00000";"9,61704";"0,01602"
"43,01000";"9,60205";"0,00950"
"43,02000";"9,58717";"0,00837"
"43,03000";"9,57218";"0,01150"
"43,04000";"9,55719";"0,01207"
"43,05000";"9,54220";"0,00995"
"43,06000";"9,52732";"0,00179"
"43,07000";"9,51221";"-0,00570"
"43,08000";"9,49710";"-0,00801"
"43,09000";"9,48199";"-0,01011"
"43,10000";"9,46699";"-0,01707"
"43,11000";"9,45200";"-0,01385"
"43,12000";"9,43701";"-0,01015"
"43,13000";"9,42201";"-0,00783"
"43,14000";"9,40714";"-0,00605"
"43,15000";"9,39215";"-0,00111"
"43,16000";"9,37704";"0,00024"
"43,17000";"9,36180";"-0,00286"
"43,18000";"9,34693";"-0,00623"
"43,19000";"9,33206";"-0,00655"
"43,20000";"9,31694";"-0,00633"
"43,21000";"9,30195";"-0,00256"
"43,22000";"9,28708";"-0,00429"
"43,23000";"9,27232";"-0,00321"
"43,24000";"9,25721";"0,00843"
"43,25000";"9,24210";"0,00794"
"43,26000";"9,22699";"0,00123"
"43,27000";"9,21211";"-0,00463"
"43,28000";"9,19712";"-0,00476"
"43,29000";"9,18201";"-0,00092"
"43,30000";"9,16701";"0,00768"
"43,31000";"9,15214";"0,01435"
"43,32000";"9,13703";"0,01293"
"43,33000";"9,12192";"0,01331"
"43,34000";"9,10692";"0,01539"
"43,35000";"9,09205";"0,01716"
"43,36000";"9,07717";"0,02486"
"43,37000";"9,06206";"0,03487"
"43,38000";"9,04695";"0,03477"
"43,39000";"9,03196";"0,02537"
"43,40000";"9,01696";"0,00871"
"43,41000";"9,00185";"-0,00642"
"43,42000";"8,98674";"-0,00651"
"43,43000";"8,97187";"-0,00392"
"43,44000";"8,95699";"0,00401"
"43,45000";"8,94200";"0,01455"
"43,46000";"8,92689";"0,02176"
"43,47000";"8,91190";"0,02272"
"43,48000";"8,89690";"0,01689"
"43,49000";"8,88179";"0,01720"
"43,50000";"8,86680";"0,01353"
"43,51000";"8,85192";"0,01385"
"43,52000";"8,83705";"0,01638"
"43,53000";"8,82217";"0,01626"
"43,54000";"8,80694";"0,01180"
"43,55000";"8,79195";"0,00736"
"43,56000";"8,77696";"0,00680"
"43,57000";"8,76197";"0,01575"
"43,58000";"8,74685";"0,02500"
"43,59000";"8,73198";"0,02742"
"43,60000";"8,71734";"0,02691"
"43,61000";"8,70235";"0,03099"
"43,62000";"8,68724";"0,02856"
"43,63000";"8,67213";"0,02162"
"43,64000";"8,65713";"0,01553"
"43,65000";"8,64214";"0,01834"
"43,66000";"8,62703";"0,01485"
"43,67000";"8,61203";"0,01705"
"43,68000";"8,59728";"0,02244"
"43,69000";"8,58228";"0,02561"
"43,70000";"8,56717";"0,02372"
"43,71000";"8,55206";"0,01978"
"43,72000";"8,53695";"0,01817"
"43,73000";"8,52196";"0,01907"
"43,74000";"8,50685";"0,03019"
"43,75000";"8,49174";"0,02909"
"43,76000";"8,47686";"0,03035"
"43,77000";"8,46199";"0,03602"
"43,78000";"8,44687";"0,03531"
"43,79000";"8,43165";"0,02273"
"43,80000";"8,41665";"0,01126"
"43,81000";"8,40178";"0,00030"
"43,82000";"8,38679";"0,00142"
"43,83000";"8,37179";"0,01322"
"43,84000";"8,35680";"0,01948"
"43,85000";"8,34204";"0,02154"
"43,86000";"8,32705";"0,02214"
"43,87000";"8,31194";"0,02827"
"43,88000";"8,29683";"0,02669"
"43,89000";"8,28183";"0,02426"
"43,90000";"8,26696";"0,02551"
"43,91000";"8,25185";"0,02924"
"43,92000";"8,23685";"0,02966"
"43,93000";"8,22198";"0,03277"
"43,94000";"8,20699";"0,03352"
"43,95000";"8,19188";"0,03170"
"43,96000";"8,17676";"0,02440"
"43,97000";"8,16189";"0,02114"
"43,98000";"8,14701";"0,01536"
"43,99000";"8,13202";"0,01149"
"44,00000";"8,11703";"0,00411"
"44,01000";"8,10204";"-0,00092"
"44,02000";"8,08704";"0,00253"
"44,03000";"8,07205";"0,01193"
"44,04000";"8,05694";"0,01246"
"44,05000";"8,04183";"0,01168"
"44,06000";"8,02707";"0,01542"
"44,07000";"8,01208";"0,02631"
"44,08000";"7,99708";"0,02959"
"44,09000";"7,98209";"0,02981"
"44,10000";"7,96710";"0,02397"
"44,11000";"7,95210";"0,01958"
"44,12000";"7,93699";"0,01743"
"44,13000";"7,92188";"0,01301"
"44,14000";"7,90701";"0,01615"
"44,15000";"7,89213";"0,02069"
"44,16000";"7,87702";"0,02344"
"44,17000";"7,86191";"0,02070"
"44,18000";"7,84704";"0,01398"
"44,19000";"7,83204";"0,01702"
"44,20000";"7,81693";"0,02208"
"44,21000";"7,80182";"0,02431"
"44,22000";"7,78694";"0,02320"
"44,23000";"7,77219";"0,02129"
"44,24000";"7,75719";"0,01792"
"44,25000";"7,74208";"0,01439"
"44,26000";"7,72709";"0,01067"
"44,27000";"7,71222";"0,01192"
"44,28000";"7,69710";"0,00752"
"44,29000";"7,68199";"0,00128"
"44,30000";"7,66700";"-0,00028"
"44,31000";"7,65212";"0,00463"
"44,32000";"7,63713";"0,00882"
"44,33000";"7,62214";"0,01114"
"44,34000";"7,60703";"0,01155"
"44,35000";"7,59192";"0,00455"
"44,36000";"7,57681";"0,00536"
"44,37000";"7,56169";"0,00878"
"44,38000";"7,54670";"0,01470"
"44,39000";"7,53183";"0,01663"
"44,40000";"7,51695";"0,01883"
"44,41000";"7,50196";"0,02094"
"44,42000";"7,48685";"0,01912"
"44,43000";"7,47185";"0,01384"
"44,44000";"7,45686";"0,01018"
"44,45000";"7,44187";"0,00558"
"44,46000";"7,42676";"0,00126"
"44,47000";"7,41188";"0,00784"
"44,48000";"7,39701";"0,02085"
"44,49000";"7,38190";"0,02768"
"44,50000";"7,36679";"0,02731"
"44,51000";"7,35179";"0,02031"
"44,52000";"7,33680";"0,01470"
"44,53000";"7,32169";"0,01588"
"44,54000";"7,30681";"0,01450"
"44,55000";"7,29194";"0,01138"
"44,56000";"7,27706";"0,00767"
"44,57000";"7,26207";"0,00873"
"44,58000";"7,24696";"0,00969"
"44,59000";"7,23185";"0,01384"
"44,60000";"7,21697";"0,01369"
"44,61000";"7,20198";"0,01931"
"44,62000";"7,18699";"0,02770"
"44,63000";"7,17211";"0,02859"
"44,64000";"7,15712";"0,01704"
"44,65000";"7,14212";"0,01263"
"44,66000";"7,12713";"0,00750"
"44,67000";"7,11202";"0,00996"
"44,68000";"7,09691";"0,01267"
"44,69000";"7,08204";"0,00939"
"44,70000";"7,06704";"0,01085"
"44,71000";"7,05193";"0,01595"
"44,72000";"7,03694";"0,01411"
"44,73000";"7,02194";"0,01219"
"44,74000";"7,00683";"0,01530"
"44,75000";"6,99172";"0,01799"
"44,76000";"6,97685";"0,02074"
"44,77000";"6,96209";"0,01594"
"44,78000";"6,94722";"0,01088"
"44,79000";"6,93222";"0,00693"
"44,80000";"6,91723";"0,00503"
"44,81000";"6,90224";"0,00636"
"44,82000";"6,88724";"0,01300"
"44,83000";"6,87201";"0,01314"
"44,84000";"6,85702";"0,00365"
"44,85000";"6,84203";"0,00331"
"44,86000";"6,82715";"0,01038"
"44,87000";"6,81216";"0,01105"
"44,88000";"6,79705";"0,01620"
"44,89000";"6,78206";"0,01995"
"44,90000";"6,76706";"0,02140"
"44,91000";"6,75195";"0,02062"
"44,92000";"6,73684";"0,01599"
"44,93000";"6,72197";"0,01466"
"44,94000";"6,70709";"0,01278"
"44,95000";"6,69198";"0,01100"
"44,96000";"6,67699";"0,01584"
"44,97000";"6,66199";"0,02154"
"44,98000";"6,64712";"0,01431"
"44,99000";"6,63201";"0,01021"
"45,00000";"6,61690";"0,01137"
"45,01000";"6,60190";"0,01760"
"45,02000";"6,58703";"0,01840"
"45,03000";"6,57203";"0,02787"
"45,04000";"6,55692";"0,03313"
"45,05000";"6,54193";"0,02813"
"45,06000";"6,52694";"0,01916"
"45,07000";"6,51194";"0,00583"
"45,08000";"6,49683";"0,00297"
"45,09000";"6,48184";"0,00587"
"45,10000";"6,46685";"0,00547"
"45,11000";"6,45197";"0,01521"
"45,12000";"6,43698";"0,02286"
"45,13000";"6,42199";"0,02502"
"45,14000";"6,40711";"0,02226"
"45,15000";"6,39212";"0,02288"
"45,16000";"6,37701";"0,02680"
"45,17000";"6,36213";"0,02405"
"45,18000";"6,34714";"0,02082"
"45,19000";"6,33226";"0,01388"
"45,20000";"6,31727";"0,01578"
"45,21000";"6,30216";"0,01992"
"45,22000";"6,28705";"0,01905"
"45,23000";"6,27206";"0,01256"
"45,24000";"6,25694";"0,00973"
"45,25000";"6,24207";"0,01338"
"45,26000";"6,22719";"0,01997"
"45,27000";"6,21232";"0,01427"
"45,28000";"6,19721";"0,00966"
"45,29000";"6,18198";"0,00178"
"45,30000";"6,16675";"-0,00655"
"45,31000";"6,15164";"-0,00484"
"45,32000";"6,13665";"0,00277"
"45,33000";"6,12165";"0,01943"
"45,34000";"6,10678";"0,02215"
"45,35000";"6,09190";"0,01975"
"45,36000";"6,07703";"0,01910"
"45,37000";"6,06204";"0,01931"
"45,38000";"6,04692";"0,01954"
"45,39000";"6,03193";"0,02087"
"45,40000";"6,01706";"0,03181"
"45,41000";"6,00206";"0,03293"
"45,42000";"5,98695";"0,02632"
"45,43000";"5,97208";"0,01867"
"45,44000";"5,95708";"0,02118"
"45,45000";"5,94197";"0,02319"
"45,46000";"5,92674";"0,01622"
"45,47000";"5,91187";"0,01358"
"45,48000";"5,89699";"0,01503"
"45,49000";"5,88212";"0,01351"
"45,50000";"5,86713";"0,00799"
"45,51000";"5,85201";"0,00903"
"45,52000";"5,83714";"0,01315"
"45,53000";"5,82203";"0,01244"
"45,54000";"5,80703";"0,01460"
"45,55000";"5,79204";"0,01579"
"45,56000";"5,77717";"0,02263"
"45,57000";"5,76229";"0,02138"
"45,58000";"5,74718";"0,02158"
"45,59000";"5,73219";"0,02165"
"45,60000";"5,71719";"0,01894"
"45,61000";"5,70220";"0,02131"
"45,62000";"5,68709";"0,02554"
"45,63000";"5,67186";"0,02583"
"45,64000";"5,65699";"0,02796"
"45,65000";"5,64211";"0,02284"
"45,66000";"5,62712";"0,01109"
"45,67000";"5,61189";"0,01068"
"45,68000";"5,59690";"0,01497"
"45,69000";"5,58190";"0,01366"
"45,70000";"5,56679";"0,01852"
"45,71000";"5,55180";"0,02203"
"45,72000";"5,53692";"0,02070"
"45,73000";"5,52205";"0,01681"
"45,74000";"5,50706";"0,01625"
"45,75000";"5,49194";"0,01846"
"45,76000";"5,47695";"0,02037"
"45,77000";"5,46196";"0,02078"
"45,78000";"5,44697";"0,01825"
"45,79000";"5,43185";"0,00936"
"45,80000";"5,41698";"0,00421"
"45,81000";"5,40210";"0,00206"
"45,82000";"5,38711";"0,00540"
"45,83000";"5,37200";"0,01028"
"45,84000";"5,35701";"0,00670"
"45,85000";"5,34201";"0,00575"
"45,86000";"5,32714";"0,00528"
"45,87000";"5,31215";"0,01151"
"45,88000";"5,29715";"0,01732"
"45,89000";"5,28216";"0,02168"
"45,90000";"5,26717";"0,02652"
"45,91000";"5,25206";"0,02296"
"45,92000";"5,23694";"0,02053"
"45,93000";"5,22195";"0,00947"
"45,94000";"5,20708";"0,00068"
"45,95000";"5,19208";"0,00232"
"45,96000";"5,17709";"0,01402"
"45,97000";"5,16221";"0,01592"
"45,98000";"5,14734";"0,01358"
"45,99000";"5,13223";"0,01397"
"46,00000";"5,11712";"0,00782"
"46,01000";"5,10189";"0,00383"
"46,02000";"5,08701";"0,00509"
"46,03000";"5,07202";"0,00728"
"46,04000";"5,05703";"0,00502"
"46,05000";"5,04204";"-0,00165"
"46,06000";"5,02704";"-0,00817"
"46,07000";"5,01205";"-0,00697"
"46,08000";"4,99694";"0,00688"
"46,09000";"4,98183";"0,01943"
"46,10000";"4,96683";"0,02610"
"46,11000";"4,95184";"0,02636"
"46,12000";"4,93673";"0,02641"
"46,13000";"4,92185";"0,02203"
"46,14000";"4,90698";"0,02396"
"46,15000";"4,89199";"0,02845"
"46,16000";"4,87688";"0,03429"
"46,17000";"4,86176";"0,03515"
"46,18000";"4,84689";"0,03335"
"46,19000";"4,83201";"0,03169"
"46,20000";"4,81714";"0,03189"
"46,21000";"4,80203";"0,02649"
"46,22000";"4,78715";"0,01609"
"46,23000";"4,77228";"0,01033"
"46,24000";"4,75728";"0,01505"
"46,25000";"4,74206";"0,01306"
"46,26000";"4,72694";"0,00788"
"46,27000";"4,71207";"0,00494"
"46,28000";"4,69719";"0,00422"
"46,29000";"4,68208";"-0,00392"
"46,30000";"4,66709";"-0,00846"
"46,31000";"4,65210";"-0,00959"
"46,32000";"4,63710";"-0,00236"
"46,33000";"4,62187";"0,00970"
"46,34000";"4,60676";"0,02059"
"46,35000";"4,59189";"0,02478"
"46,36000";"4,57701";"0,01879"
"46,37000";"4,56202";"0,01609"
"46,38000";"4,54703";"0,01138"
"46,39000";"4,53227";"0,00836"
"46,40000";"4,51740";"0,01638"
"46,41000";"4,50228";"0,02418"
"46,42000";"4,48717";"0,01990"
"46,43000";"4,47230";"0,00786"
"46,44000";"4,45742";"0,00134"
"46,45000";"4,44243";"0,00677"
"46,46000";"4,42720";"0,01086"
"46,47000";"4,41221";"0,01721"
"46,48000";"4,39710";"0,02583"
"46,49000";"4,38199";"0,02801"
"46,50000";"4,36687";"0,01553"
"46,51000";"4,35188";"0,00022"
"46,52000";"4,33724";"-0,00609"
"46,53000";"4,32225";"-0,01528"
"46,54000";"4,30714";"-0,01854"
"46,55000";"4,29203";"-0,01719"
"46,56000";"4,27715";"-0,01027"
"46,57000";"4,26216";"0,00053"
"46,58000";"4,24717";"0,00510"
"46,59000";"4,23217";"0,00438"
"46,60000";"4,21730";"0,00611"
"46,61000";"4,20254";"0,01167"
"46,62000";"4,18731";"0,01399"
"46,63000";"4,17208";"0,00788"
"46,64000";"4,15709";"-0,00214"
"46,65000";"4,14222";"0,00509"
"46,66000";"4,12710";"0,01412"
"46,67000";"4,11199";"0,01579"
"46,68000";"4,09700";"0,02185"
"46,69000";"4,08213";"0,02661"
"46,70000";"4,06701";"0,03177"
"46,71000";"4,05190";"0,02710"
"46,72000";"4,03691";"0,02338"
"46,73000";"4,02203";"0,02043"
"46,74000";"4,00704";"0,02119"
"46,75000";"3,99193";"0,01801"
"46,76000";"3,97694";"0,01623"
"46,77000";"3,96194";"0,01417"
"46,78000";"3,94683";"0,01686"
"46,79000";"3,93172";"0,02090"
"46,80000";"3,91673";"0,02484"
"46,81000";"3,90185";"0,03375"
"46,82000";"3,88710";"0,03554"
"46,83000";"3,87187";"0,03701"
"46,84000";"3,85676";"0,02969"
"46,85000";"3,84176";"0,02170"
"46,86000";"3,82677";"0,01899"
"46,87000";"3,81154";"0,02408"
"46,88000";"3,79643";"0,02316"
"46,89000";"3,78167";"0,02360"
"46,90000";"3,76680";"0,01749"
"46,91000";"3,75181";"0,01359"
"46,92000";"3,73669";"0,01652"
"46,93000";"3,72182";"0,01624"
"46,94000";"3,70683";"0,00798"
"46,95000";"3,69172";"0,00729"
"46,96000";"3,67649";"0,01169"
"46,97000";"3,66161";"0,01344"
"46,98000";"3,64685";"0,01956"
"46,99000";"3,63198";"0,02124"
"47,00000";"3,61699";"0,02553"
"47,01000";"3,60199";"0,02350"
"47,02000";"3,58712";"0,02136"
"47,03000";"3,57201";"0,01826"
"47,04000";"3,55690";"0,01669"
"47,05000";"3,54202";"0,01652"
"47,06000";"3,52715";"0,01457"
"47,07000";"3,51215";"0,01622"
"47,08000";"3,49704";"0,01659"
"47,09000";"3,48193";"0,01851"
"47,10000";"3,46706";"0,01981"
"47,11000";"3,45206";"0,02009"
"47,12000";"3,43707";"0,01909"
"47,13000";"3,42219";"0,02391"
"47,14000";"3,40732";"0,02786"
"47,15000";"3,39244";"0,02774"
"47,16000";"3,37733";"0,02777"
"47,17000";"3,36210";"0,02136"
"47,18000";"3,34711";"0,01541"
"47,19000";"3,33212";"0,01836"
"47,20000";"3,31689";"0,02626"
"47,21000";"3,30190";"0,03585"
"47,22000";"3,28702";"0,03149"
"47,23000";"3,27215";"0,03014"
"47,24000";"3,25703";"0,03154"
"47,25000";"3,24204";"0,03160"
"47,26000";"3,22705";"0,02945"
"47,27000";"3,21206";"0,02331"
"47,28000";"3,19694";"0,01816"
"47,29000";"3,18183";"0,01634"
"47,30000";"3,16684";"0,01115"
"47,31000";"3,15185";"0,00696"
"47,32000";"3,13685";"0,01172"
"47,33000";"3,12174";"0,02043"
"47,34000";"3,10675";"0,02784"
"47,35000";"3,09187";"0,03005"
"47,36000";"3,07688";"0,03115"
"47,37000";"3,06189";"0,02898"
"47,38000";"3,04701";"0,02230"
"47,39000";"3,03214";"0,01893"
"47,40000";"3,01715";"0,02445"
"47,41000";"3,00203";"0,02161"
"47,42000";"2,98692";"0,01269"
"47,43000";"2,97205";"0,00764"
"47,44000";"2,95717";"0,01601"
"47,45000";"2,94218";"0,02437"
"47,46000";"2,92719";"0,01999"
"47,47000";"2,91219";"0,01621"
"47,48000";"2,89720";"0,01688"
"47,49000";"2,88209";"0,02544"
"47,50000";"2,86698";"0,02753"
"47,51000";"2,85187";"0,02029"
"47,52000";"2,83699";"0,02024"
"47,53000";"2,82200";"0,02207"
"47,54000";"2,80701";"0,02146"
"47,55000";"2,79201";"0,01453"
"47,56000";"2,77690";"0,01590"
"47,57000";"2,76191";"0,01911"
"47,58000";"2,74668";"0,02758"
"47,59000";"2,73169";"0,02548"
"47,60000";"2,71693";"0,02470"
"47,61000";"2,70194";"0,02046"
"47,62000";"2,68683";"0,01749"
"47,63000";"2,67183";"0,01038"
"47,64000";"2,65696";"0,00662"
"47,65000";"2,64185";"0,00745"
"47,66000";"2,62674";"0,01500"
"47,67000";"2,61174";"0,02099"
"47,68000";"2,59687";"0,02694"
"47,69000";"2,58199";"0,03098"
"47,70000";"2,56700";"0,02998"
"47,71000";"2,55189";"0,02942"
"47,72000";"2,53701";"0,02329"
"47,73000";"2,52202";"0,01388"
"47,74000";"2,50691";"0,01082"
"47,75000";"2,49180";"0,00782"
"47,76000";"2,47704";"0,00096"
"47,77000";"2,46217";"-0,00688"
"47,78000";"2,44717";"-0,00922"
"47,79000";"2,43206";"-0,00758"
"47,80000";"2,41695";"0,00217"
"47,81000";"2,40196";"0,01324"
"47,82000";"2,38685";"0,02743"
"47,83000";"2,37162";"0,03549"
"47,84000";"2,35674";"0,03775"
"47,85000";"2,34187";"0,03031"
"47,86000";"2,32699";"0,02795"
"47,87000";"2,31200";"0,03128"
"47,88000";"2,29689";"0,02968"
"47,89000";"2,28201";"0,02890"
"47,90000";"2,26690";"0,02480"
"47,91000";"2,25191";"0,02686"
"47,92000";"2,23692";"0,02086"
"47,93000";"2,22216";"0,01775"
"47,94000";"2,20717";"0,01377"
"47,95000";"2,19206";"0,01753"
"47,96000";"2,17706";"0,01179"
"47,97000";"2,16207";"0,00411"
"47,98000";"2,14696";"0,00190"
"47,99000";"2,13197";"0,00433"
"48,00000";"2,11697";"0,00675"
"48,01000";"2,10198";"0,01129"
"48,02000";"2,08699";"0,02066"
"48,03000";"2,07188";"0,02445"
"48,04000";"2,05676";"0,02421"
"48,05000";"2,04177";"0,01256"
"48,06000";"2,02690";"0,00750"
"48,07000";"2,01190";"0,01062"
"48,08000";"1,99703";"0,01891"
"48,09000";"1,98203";"0,01539"
"48,10000";"1,96716";"0,01076"
"48,11000";"1,95217";"0,00715"
"48,12000";"1,93706";"0,00424"
"48,13000";"1,92194";"-0,00101"
"48,14000";"1,90695";"0,00011"
"48,15000";"1,89196";"0,00961"
"48,16000";"1,87697";"0,01711"
"48,17000";"1,86197";"0,01689"
"48,18000";"1,84698";"0,02080"
"48,19000";"1,83199";"0,01682"
"48,20000";"1,81699";"0,01376"
"48,21000";"1,80188";"0,01161"
"48,22000";"1,78689";"0,01641"
"48,23000";"1,77201";"0,01620"
"48,24000";"1,75702";"0,01115"
"48,25000";"1,74191";"0,00424"
"48,26000";"1,72692";"-0,00052"
"48,27000";"1,71192";"0,00403"
"48,28000";"1,69693";"0,01693"
"48,29000";"1,68182";"0,01691"
"48,30000";"1,66683";"0,00688"
"48,31000";"1,65195";"-0,00031"
"48,32000";"1,63696";"0,00202"
"48,33000";"1,62208";"0,00517"
"48,34000";"1,60709";"0,00966"
"48,35000";"1,59210";"0,00902"
"48,36000";"1,57710";"0,01359"
"48,37000";"1,56199";"0,01434"
"48,38000";"1,54700";"0,01020"
"48,39000";"1,53201";"0,00550"
"48,40000";"1,51713";"0,00288"
"48,41000";"1,50214";"0,01057"
"48,42000";"1,48691";"0,01265"
"48,43000";"1,47192";"0,01356"
"48,44000";"1,45692";"0,01152"
"48,45000";"1,44193";"0,01023"
"48,46000";"1,42682";"0,00272"
"48,47000";"1,41194";"-0,00383"
"48,48000";"1,39695";"-0,00096"
"48,49000";"1,38196";"0,00659"
"48,50000";"1,36697";"0,01057"
"48,51000";"1,35185";"0,00978"
"48,52000";"1,33686";"0,01172"
"48,53000";"1,32187";"0,01744"
"48,54000";"1,30687";"0,02734"
"48,55000";"1,29188";"0,02422"
"48,56000";"1,27701";"0,01627"
"48,57000";"1,26213";"0,01173"
"48,58000";"1,24702";"0,01627"
"48,59000";"1,23203";"0,00917"
"48,60000";"1,21715";"0,00227"
"48,61000";"1,20204";"-0,00071"
"48,62000";"1,18705";"0,00339"
"48,63000";"1,17194";"0,00462"
"48,64000";"1,15706";"0,00605"
"48,65000";"1,14219";"0,01013"
"48,66000";"1,12708";"0,01050"
"48,67000";"1,11185";"0,00445"
"48,68000";"1,09697";"-0,00213"
"48,69000";"1,08210";"-0,00030"
"48,70000";"1,06710";"0,00667"
"48,71000";"1,05211";"0,00892"
"48,72000";"1,03712";"0,00834"
"48,73000";"1,02213";"0,00740"
"48,74000";"1,00713";"0,01106"
"48,75000";"0,99202";"0,01150"
"48,76000";"0,97703";"0,00353"
"48,77000";"0,96203";"0,00445"
"48,78000";"0,94704";"0,01273"
"48,79000";"0,93193";"0,01508"
"48,80000";"0,91706";"0,01389"
"48,81000";"0,90206";"0,01629"
"48,82000";"0,88707";"0,02138"
"48,83000";"0,87196";"0,02211"
"48,84000";"0,85685";"0,02371"
"48,85000";"0,84185";"0,02312"
"48,86000";"0,82698";"0,02767"
"48,87000";"0,81187";"0,02819"
"48,88000";"0,79688";"0,02340"
"48,89000";"0,78200";"0,01917"
"48,90000";"0,76724";"0,02097"
"48,91000";"0,75225";"0,02201"
"48,92000";"0,73714";"0,02134"
"48,93000";"0,72215";"0,01794"
"48,94000";"0,70715";"0,01211"
"48,95000";"0,69216";"0,00829"
"48,96000";"0,67693";"0,00842"
"48,97000";"0,66206";"0,01234"
"48,98000";"0,64718";"0,01601"
"48,99000";"0,63219";"0,01791"
"49,00000";"0,61708";"0,02077"
"49,01000";"0,60197";"0,02137"
"49,02000";"0,58709";"0,01473"
"49,03000";"0,57210";"0,01656"
"49,04000";"0,55699";"0,01452"
"49,05000";"0,54188";"0,00713"
"49,06000";"0,52688";"0,00466"
"49,07000";"0,51189";"0,00638"
"49,08000";"0,49666";"0,00489"
"49,09000";"0,48167";"0,00473"
"49,10000";"0,46679";"0,01068"
"49,11000";"0,45192";"0,01849"
"49,12000";"0,43692";"0,03021"
"49,13000";"0,42181";"0,03378"
"49,14000";"0,40694";"0,02552"
"49,15000";"0,39194";"0,01777"
"49,16000";"0,37683";"0,00726"
"49,17000";"0,36172";"0,01361"
"49,18000";"0,34685";"0,02633"
"49,19000";"0,33197";"0,03473"
"49,20000";"0,31698";"0,03440"
"49,21000";"0,30199";"0,02210"
"49,22000";"0,28699";"0,01028"
"49,23000";"0,27212";"0,00877"
"49,24000";"0,25701";"0,01390"
"49,25000";"0,24190";"0,01604"
"49,26000";"0,22690";"0,01978"
"49,27000";"0,21203";"0,02165"
"49,28000";"0,19715";"0,01995"
"49,29000";"0,18192";"0,02112"
"49,30000";"0,16681";"0,01620"
"49,31000";"0,15194";"0,01679"
"49,32000";"0,13694";"0,01801"
"49,33000";"0,12195";"0,02199"
"49,34000";"0,10708";"0,01422"
"49,35000";"0,09220";"0,00996"
"49,36000";"0,07733";"0,00889"
"49,37000";"0,06233";"0,00861"
"49,38000";"0,04722";"0,00176"
"49,39000";"0,03211";"-0,00008"
"49,40000";"0,01724";"0,00271"
"49,41000";"0,00224";"0,01622"
"49,41200";"-0,00083";"0,01848"
