Hardness 1 : Kraftbei  Hardness 1;"451,92697";N
A1 : A1;"1,13090";J
A2 : A2;"0,10136";J
Springiness : Springiness;"0,00066";m
Cohesiveness : Cohesiveness;"0,08963";
Chewiness : Chewiness;"0,02655";J

Zeit;Traversenweg;Kraft
(s);(mm);(N)
"0,00000";"0,00000";"0,01224"
"0,01000";"0,00094";"0,01759"
"0,02000";"0,00578";"0,03080"
"0,03000";"0,01641";"0,04618"
"0,04000";"0,03140";"0,05425"
"0,05000";"0,04911";"0,05583"
"0,06000";"0,06800";"0,05187"
"0,07000";"0,08724";"0,03831"
"0,08000";"0,10613";"0,02105"
"0,09000";"0,12455";"0,00906"
"0,10000";"0,14238";"-0,00446"
"0,11000";"0,15961";"-0,00719"
"0,12000";"0,17638";"-0,00637"
"0,13000";"0,19278";"-0,00482"
"0,14000";"0,20896";"-0,00385"
"0,15000";"0,22478";"-0,00651"
"0,16000";"0,24048";"-0,00775"
"0,17000";"0,25594";"-0,00185"
"0,18000";"0,27141";"0,00688"
"0,19000";"0,28664";"0,01298"
"0,20000";"0,30187";"0,01858"
"0,21000";"0,31722";"0,01573"
"0,22000";"0,33244";"0,01220"
"0,23000";"0,34756";"0,01942"
"0,24000";"0,36278";"0,01867"
"0,25000";"0,37778";"0,01142"
"0,26000";"0,39265";"0,00845"
"0,27000";"0,40776";"0,01183"
"0,28000";"0,42288";"0,01292"
"0,29000";"0,43799";"0,01408"
"0,30000";"0,45310";"0,00834"
"0,31000";"0,46809";"0,00321"
"0,32000";"0,48320";"0,00980"
"0,33000";"0,49819";"0,00875"
"0,34000";"0,51307";"0,00562"
"0,35000";"0,52794";"0,00013"
"0,36000";"0,54306";"0,00164"
"0,37000";"0,55805";"0,00121"
"0,38000";"0,57304";"0,00335"
"0,39000";"0,58803";"0,01054"
"0,40000";"0,60315";"0,01769"
"0,41000";"0,61814";"0,02008"
"0,42000";"0,63313";"0,02653"
"0,43000";"0,64812";"0,03356"
"0,44000";"0,66324";"0,02866"
"0,45000";"0,67823";"0,01977"
"0,46000";"0,69322";"0,01071"
"0,47000";"0,70810";"0,00632"
"0,48000";"0,72309";"0,00962"
"0,49000";"0,73808";"0,01417"
"0,50000";"0,75308";"0,01904"
"0,51000";"0,76807";"0,01804"
"0,52000";"0,78318";"0,01747"
"0,53000";"0,79817";"0,02263"
"0,54000";"0,81317";"0,02790"
"0,55000";"0,82816";"0,02626"
"0,56000";"0,84303";"0,02013"
"0,57000";"0,85803";"0,01422"
"0,58000";"0,87290";"0,01708"
"0,59000";"0,88790";"0,01879"
"0,60000";"0,90289";"0,02024"
"0,61000";"0,91788";"0,02186"
"0,62000";"0,93299";"0,02737"
"0,63000";"0,94799";"0,02342"
"0,64000";"0,96298";"0,01194"
"0,65000";"0,97797";"0,00074"
"0,66000";"0,99297";"0,00604"
"0,67000";"1,00796";"0,01523"
"0,68000";"1,02307";"0,02612"
"0,69000";"1,03806";"0,03147"
"0,70000";"1,05306";"0,02020"
"0,71000";"1,06805";"0,01106"
"0,72000";"1,08316";"0,00997"
"0,73000";"1,09815";"0,01017"
"0,74000";"1,11303";"0,01574"
"0,75000";"1,12802";"0,01476"
"0,76000";"1,14313";"0,01663"
"0,77000";"1,15801";"0,01468"
"0,78000";"1,17300";"0,01333"
"0,79000";"1,18799";"0,01144"
"0,80000";"1,20299";"0,00901"
"0,81000";"1,21798";"0,00876"
"0,82000";"1,23285";"-0,00028"
"0,83000";"1,24797";"-0,00348"
"0,84000";"1,26308";"0,00184"
"0,85000";"1,27807";"0,00274"
"0,86000";"1,29306";"0,00248"
"0,87000";"1,30806";"-0,00141"
"0,88000";"1,32305";"-0,00235"
"0,89000";"1,33792";"-0,00464"
"0,90000";"1,35292";"-0,00404"
"0,91000";"1,36803";"-0,00115"
"0,92000";"1,38302";"0,00146"
"0,93000";"1,39813";"-0,00310"
"0,94000";"1,41313";"-0,00756"
"0,95000";"1,42812";"0,00070"
"0,96000";"1,44311";"0,00938"
"0,97000";"1,45799";"0,00900"
"0,98000";"1,47286";"0,01526"
"0,99000";"1,48785";"0,01384"
"1,00000";"1,50297";"0,01731"
"1,01000";"1,51796";"0,02063"
"1,02000";"1,53307";"0,01649"
"1,03000";"1,54806";"0,00920"
"1,04000";"1,56306";"0,00315"
"1,05000";"1,57805";"0,01321"
"1,06000";"1,59304";"0,01826"
"1,07000";"1,60803";"0,01559"
"1,08000";"1,62315";"0,01215"
"1,09000";"1,63814";"0,01205"
"1,10000";"1,65301";"0,02180"
"1,11000";"1,66813";"0,02790"
"1,12000";"1,68300";"0,01926"
"1,13000";"1,69799";"0,00905"
"1,14000";"1,71299";"0,00466"
"1,15000";"1,72798";"0,00502"
"1,16000";"1,74309";"0,00913"
"1,17000";"1,75808";"0,01274"
"1,18000";"1,77308";"0,02192"
"1,19000";"1,78795";"0,02487"
"1,20000";"1,80294";"0,01952"
"1,21000";"1,81782";"0,01524"
"1,22000";"1,83281";"0,01504"
"1,23000";"1,84792";"0,01135"
"1,24000";"1,86303";"0,00368"
"1,25000";"1,87803";"-0,01140"
"1,26000";"1,89302";"-0,01448"
"1,27000";"1,90801";"-0,01072"
"1,28000";"1,92301";"-0,00676"
"1,29000";"1,93788";"-0,00511"
"1,30000";"1,95288";"-0,00536"
"1,31000";"1,96787";"-0,00250"
"1,32000";"1,98286";"0,00072"
"1,33000";"1,99797";"-0,00144"
"1,34000";"2,01285";"-0,00791"
"1,35000";"2,02784";"-0,00768"
"1,36000";"2,04283";"-0,00219"
"1,37000";"2,05771";"0,00414"
"1,38000";"2,07270";"0,00597"
"1,39000";"2,08781";"0,01477"
"1,40000";"2,10281";"0,02055"
"1,41000";"2,11792";"0,02092"
"1,42000";"2,13291";"0,02037"
"1,43000";"2,14802";"0,02343"
"1,44000";"2,16301";"0,02468"
"1,45000";"2,17801";"0,02740"
"1,46000";"2,19312";"0,02178"
"1,47000";"2,20811";"0,01637"
"1,48000";"2,22310";"0,02020"
"1,49000";"2,23798";"0,02047"
"1,50000";"2,25297";"0,02290"
"1,51000";"2,26797";"0,02299"
"1,52000";"2,28272";"0,01328"
"1,53000";"2,29772";"0,00136"
"1,54000";"2,31271";"-0,00139"
"1,55000";"2,32770";"0,00363"
"1,56000";"2,34269";"0,01262"
"1,57000";"2,35769";"0,01803"
"1,58000";"2,37280";"0,01283"
"1,59000";"2,38791";"0,00826"
"1,60000";"2,40278";"0,00369"
"1,61000";"2,41778";"0,00384"
"1,62000";"2,43289";"0,00203"
"1,63000";"2,44824";"0,00214"
"1,64000";"2,46335";"0,00724"
"1,65000";"2,47834";"0,00867"
"1,66000";"2,49345";"0,00840"
"1,67000";"2,50833";"0,00963"
"1,68000";"2,52320";"0,00970"
"1,69000";"2,53808";"0,00980"
"1,70000";"2,55295";"0,00279"
"1,71000";"2,56794";"0,00150"
"1,72000";"2,58294";"0,00873"
"1,73000";"2,59781";"0,00844"
"1,74000";"2,61281";"0,00872"
"1,75000";"2,62780";"0,01363"
"1,76000";"2,64256";"0,01875"
"1,77000";"2,65743";"0,02259"
"1,78000";"2,67231";"0,02462"
"1,79000";"2,68730";"0,03084"
"1,80000";"2,70229";"0,03125"
"1,81000";"2,71752";"0,02481"
"1,82000";"2,73263";"0,01836"
"1,83000";"2,74763";"0,01403"
"1,84000";"2,76274";"0,01120"
"1,85000";"2,77785";"0,01048"
"1,86000";"2,79319";"0,00971"
"1,87000";"2,80831";"0,00611"
"1,88000";"2,82342";"0,01080"
"1,89000";"2,83841";"0,01352"
"1,90000";"2,85340";"0,01666"
"1,91000";"2,86840";"0,01730"
"1,92000";"2,88339";"0,01718"
"1,93000";"2,89838";"0,01765"
"1,94000";"2,91326";"0,01949"
"1,95000";"2,92825";"0,01748"
"1,96000";"2,94336";"0,01536"
"1,97000";"2,95835";"0,01258"
"1,98000";"2,97335";"0,00679"
"1,99000";"2,98822";"0,00700"
"2,00000";"3,00310";"0,01517"
"2,01000";"3,01809";"0,02396"
"2,02000";"3,03308";"0,02370"
"2,03000";"3,04796";"0,01694"
"2,04000";"3,06295";"0,00910"
"2,05000";"3,07794";"0,01240"
"2,06000";"3,09294";"0,01287"
"2,07000";"3,10781";"0,01222"
"2,08000";"3,12257";"0,01508"
"2,09000";"3,13744";"0,01315"
"2,10000";"3,15232";"0,00971"
"2,11000";"3,16731";"0,01373"
"2,12000";"3,18242";"0,02124"
"2,13000";"3,19765";"0,02454"
"2,14000";"3,21288";"0,02208"
"2,15000";"3,22799";"0,01767"
"2,16000";"3,24310";"0,00771"
"2,17000";"3,25822";"0,00477"
"2,18000";"3,27321";"0,00953"
"2,19000";"3,28820";"0,01283"
"2,20000";"3,30331";"0,02046"
"2,21000";"3,31854";"0,02463"
"2,22000";"3,33353";"0,02626"
"2,23000";"3,34853";"0,02402"
"2,24000";"3,36340";"0,01716"
"2,25000";"3,37840";"0,01218"
"2,26000";"3,39339";"0,00818"
"2,27000";"3,40826";"0,00688"
"2,28000";"3,42326";"0,00753"
"2,29000";"3,43813";"0,00917"
"2,30000";"3,45312";"0,00878"
"2,31000";"3,46800";"0,01400"
"2,32000";"3,48299";"0,01304"
"2,33000";"3,49799";"0,01648"
"2,34000";"3,51286";"0,01196"
"2,35000";"3,52785";"0,00241"
"2,36000";"3,54273";"0,00099"
"2,37000";"3,55760";"0,00200"
"2,38000";"3,57248";"0,00066"
"2,39000";"3,58724";"0,00816"
"2,40000";"3,60211";"0,01417"
"2,41000";"3,61722";"0,00810"
"2,42000";"3,63245";"0,00496"
"2,43000";"3,64768";"0,00036"
"2,44000";"3,66291";"0,00399"
"2,45000";"3,67814";"0,01165"
"2,46000";"3,69313";"0,01620"
"2,47000";"3,70813";"0,01501"
"2,48000";"3,72324";"0,00788"
"2,49000";"3,73835";"0,01019"
"2,50000";"3,75358";"0,01525"
"2,51000";"3,76869";"0,01779"
"2,52000";"3,78368";"0,01285"
"2,53000";"3,79867";"0,01392"
"2,54000";"3,81355";"0,01848"
"2,55000";"3,82831";"0,02098"
"2,56000";"3,84306";"0,02656"
"2,57000";"3,85806";"0,02234"
"2,58000";"3,87293";"0,01075"
"2,59000";"3,88792";"0,01154"
"2,60000";"3,90303";"0,00733"
"2,61000";"3,91815";"0,00218"
"2,62000";"3,93326";"-0,00023"
"2,63000";"3,94813";"-0,00222"
"2,64000";"3,96312";"0,00073"
"2,65000";"3,97812";"-0,00677"
"2,66000";"3,99311";"-0,00885"
"2,67000";"4,00799";"-0,00462"
"2,68000";"4,02286";"0,00180"
"2,69000";"4,03785";"0,00517"
"2,70000";"4,05273";"0,00841"
"2,71000";"4,06749";"0,01577"
"2,72000";"4,08260";"0,02076"
"2,73000";"4,09771";"0,02057"
"2,74000";"4,11282";"0,02372"
"2,75000";"4,12793";"0,02401"
"2,76000";"4,14316";"0,01574"
"2,77000";"4,15827";"0,00737"
"2,78000";"4,17338";"0,00074"
"2,79000";"4,18849";"0,00669"
"2,80000";"4,20360";"0,01497"
"2,81000";"4,21860";"0,01861"
"2,82000";"4,23359";"0,02720"
"2,83000";"4,24847";"0,02979"
"2,84000";"4,26334";"0,02843"
"2,85000";"4,27822";"0,01853"
"2,86000";"4,29309";"0,00993"
"2,87000";"4,30797";"0,00572"
"2,88000";"4,32296";"0,00500"
"2,89000";"4,33807";"0,00707"
"2,90000";"4,35318";"0,01266"
"2,91000";"4,36817";"0,01076"
"2,92000";"4,38317";"0,00813"
"2,93000";"4,39816";"0,00370"
"2,94000";"4,41303";"0,00169"
"2,95000";"4,42791";"0,00386"
"2,96000";"4,44278";"0,00980"
"2,97000";"4,45778";"0,00961"
"2,98000";"4,47277";"0,00901"
"2,99000";"4,48776";"0,00715"
"3,00000";"4,50264";"0,01283"
"3,01000";"4,51763";"0,01776"
"3,02000";"4,53263";"0,02125"
"3,03000";"4,54762";"0,02027"
"3,04000";"4,56285";"0,01586"
"3,05000";"4,57796";"0,02099"
"3,06000";"4,59307";"0,01970"
"3,07000";"4,60818";"0,01709"
"3,08000";"4,62317";"0,00428"
"3,09000";"4,63817";"-0,01100"
"3,10000";"4,65316";"-0,01906"
"3,11000";"4,66815";"-0,01385"
"3,12000";"4,68326";"-0,00275"
"3,13000";"4,69826";"0,00761"
"3,14000";"4,71325";"0,01291"
"3,15000";"4,72824";"0,01512"
"3,16000";"4,74324";"0,01266"
"3,17000";"4,75823";"0,01744"
"3,18000";"4,77310";"0,01995"
"3,19000";"4,78798";"0,01052"
"3,20000";"4,80297";"0,00603"
"3,21000";"4,81808";"0,00139"
"3,22000";"4,83308";"-0,00203"
"3,23000";"4,84795";"-0,00502"
"3,24000";"4,86283";"-0,01308"
"3,25000";"4,87770";"-0,01653"
"3,26000";"4,89258";"-0,00955"
"3,27000";"4,90757";"-0,00072"
"3,28000";"4,92268";"0,00564"
"3,29000";"4,93779";"0,01075"
"3,30000";"4,95278";"0,00966"
"3,31000";"4,96790";"0,00979"
"3,32000";"4,98289";"0,01526"
"3,33000";"4,99800";"0,01535"
"3,34000";"5,01311";"0,01374"
"3,35000";"5,02810";"0,01992"
"3,36000";"5,04333";"0,02051"
"3,37000";"5,05844";"0,01040"
"3,38000";"5,07344";"0,00527"
"3,39000";"5,08843";"0,00510"
"3,40000";"5,10331";"0,00393"
"3,41000";"5,11830";"0,00900"
"3,42000";"5,13317";"0,01235"
"3,43000";"5,14817";"0,01565"
"3,44000";"5,16316";"0,01629"
"3,45000";"5,17827";"0,01607"
"3,46000";"5,19326";"0,01254"
"3,47000";"5,20826";"0,00763"
"3,48000";"5,22313";"0,00894"
"3,49000";"5,23801";"0,01662"
"3,50000";"5,25288";"0,02211"
"3,51000";"5,26788";"0,02558"
"3,52000";"5,28287";"0,02916"
"3,53000";"5,29786";"0,03779"
"3,54000";"5,31285";"0,05528"
"3,55000";"5,32773";"0,07943"
"3,56000";"5,34272";"0,11188"
"3,57000";"5,35772";"0,15214"
"3,58000";"5,37283";"0,20292"
"3,59000";"5,38794";"0,25129"
"3,60000";"5,40293";"0,29570"
"3,61000";"5,41804";"0,33943"
"3,62000";"5,43303";"0,39508"
"3,63000";"5,44815";"0,45664"
"3,64000";"5,46314";"0,52066"
"3,65000";"5,47813";"0,59462"
"3,66000";"5,49312";"0,67407"
"3,67000";"5,50824";"0,75760"
"3,68000";"5,52323";"0,84477"
"3,69000";"5,53822";"0,94192"
"3,70000";"5,55322";"1,05620"
"3,71000";"5,56809";"1,18046"
"3,72000";"5,58308";"1,31171"
"3,73000";"5,59784";"1,45950"
"3,74000";"5,61283";"1,61255"
"3,75000";"5,62794";"1,77090"
"3,76000";"5,64294";"1,92746"
"3,77000";"5,65793";"2,08538"
"3,78000";"5,67304";"2,24578"
"3,79000";"5,68804";"2,41112"
"3,80000";"5,70303";"2,58032"
"3,81000";"5,71802";"2,75061"
"3,82000";"5,73301";"2,91831"
"3,83000";"5,74813";"3,07985"
"3,84000";"5,76312";"3,24199"
"3,85000";"5,77811";"3,40103"
"3,86000";"5,79299";"3,56244"
"3,87000";"5,80810";"3,72715"
"3,88000";"5,82309";"3,89446"
"3,89000";"5,83797";"4,05470"
"3,90000";"5,85308";"4,20845"
"3,91000";"5,86807";"4,35914"
"3,92000";"5,88318";"4,51506"
"3,93000";"5,89817";"4,66557"
"3,94000";"5,91317";"4,81366"
"3,95000";"5,92816";"4,96101"
"3,96000";"5,94315";"5,10860"
"3,97000";"5,95803";"5,25669"
"3,98000";"5,97302";"5,40097"
"3,99000";"5,98801";"5,54294"
"4,00000";"6,00312";"5,68549"
"4,01000";"6,01812";"5,82446"
"4,02000";"6,03311";"5,96676"
"4,03000";"6,04822";"6,11019"
"4,04000";"6,06310";"6,25426"
"4,05000";"6,07809";"6,39431"
"4,06000";"6,09308";"6,52714"
"4,07000";"6,10796";"6,65568"
"4,08000";"6,12295";"6,78907"
"4,09000";"6,13783";"6,92094"
"4,10000";"6,15282";"7,04420"
"4,11000";"6,16769";"7,17086"
"4,12000";"6,18269";"7,29523"
"4,13000";"6,19768";"7,42514"
"4,14000";"6,21279";"7,56001"
"4,15000";"6,22790";"7,69040"
"4,16000";"6,24313";"7,81922"
"4,17000";"6,25812";"7,94947"
"4,18000";"6,27324";"8,07961"
"4,19000";"6,28811";"8,21051"
"4,20000";"6,30299";"8,33560"
"4,21000";"6,31810";"8,46321"
"4,22000";"6,33321";"8,58174"
"4,23000";"6,34820";"8,70199"
"4,24000";"6,36308";"8,82828"
"4,25000";"6,37807";"8,95300"
"4,26000";"6,39306";"9,07562"
"4,27000";"6,40806";"9,20029"
"4,28000";"6,42293";"9,32983"
"4,29000";"6,43792";"9,44850"
"4,30000";"6,45303";"9,56642"
"4,31000";"6,46803";"9,69327"
"4,32000";"6,48290";"9,81767"
"4,33000";"6,49790";"9,94019"
"4,34000";"6,51277";"10,06741"
"4,35000";"6,52776";"10,18678"
"4,36000";"6,54276";"10,30570"
"4,37000";"6,55763";"10,42915"
"4,38000";"6,57274";"10,55389"
"4,39000";"6,58774";"10,68367"
"4,40000";"6,60285";"10,81837"
"4,41000";"6,61796";"10,94910"
"4,42000";"6,63295";"11,07796"
"4,43000";"6,64783";"11,19677"
"4,44000";"6,66282";"11,31843"
"4,45000";"6,67781";"11,43642"
"4,46000";"6,69292";"11,55776"
"4,47000";"6,70792";"11,68234"
"4,48000";"6,72303";"11,80516"
"4,49000";"6,73802";"11,92024"
"4,50000";"6,75301";"12,04340"
"4,51000";"6,76801";"12,17415"
"4,52000";"6,78300";"12,30594"
"4,53000";"6,79799";"12,43489"
"4,54000";"6,81310";"12,56750"
"4,55000";"6,82810";"12,69491"
"4,56000";"6,84309";"12,82370"
"4,57000";"6,85808";"12,95236"
"4,58000";"6,87308";"13,07457"
"4,59000";"6,88807";"13,20274"
"4,60000";"6,90306";"13,32596"
"4,61000";"6,91806";"13,44969"
"4,62000";"6,93305";"13,57517"
"4,63000";"6,94804";"13,70120"
"4,64000";"6,96303";"13,83118"
"4,65000";"6,97803";"13,95866"
"4,66000";"6,99302";"14,08950"
"4,67000";"7,00790";"14,22127"
"4,68000";"7,02289";"14,35763"
"4,69000";"7,03788";"14,49379"
"4,70000";"7,05288";"14,63440"
"4,71000";"7,06787";"14,76401"
"4,72000";"7,08298";"14,88985"
"4,73000";"7,09797";"15,01759"
"4,74000";"7,11297";"15,14181"
"4,75000";"7,12796";"15,27137"
"4,76000";"7,14295";"15,41122"
"4,77000";"7,15794";"15,54875"
"4,78000";"7,17306";"15,67871"
"4,79000";"7,18805";"15,80451"
"4,80000";"7,20304";"15,93839"
"4,81000";"7,21815";"16,07780"
"4,82000";"7,23315";"16,21278"
"4,83000";"7,24802";"16,34879"
"4,84000";"7,26301";"16,47401"
"4,85000";"7,27813";"16,61388"
"4,86000";"7,29312";"16,75956"
"4,87000";"7,30811";"16,89678"
"4,88000";"7,32310";"17,02795"
"4,89000";"7,33798";"17,15593"
"4,90000";"7,35297";"17,28654"
"4,91000";"7,36797";"17,42653"
"4,92000";"7,38296";"17,56332"
"4,93000";"7,39807";"17,69683"
"4,94000";"7,41306";"17,83453"
"4,95000";"7,42806";"17,97577"
"4,96000";"7,44305";"18,11485"
"4,97000";"7,45804";"18,25023"
"4,98000";"7,47303";"18,38985"
"4,99000";"7,48791";"18,53356"
"5,00000";"7,50290";"18,67188"
"5,01000";"7,51801";"18,81411"
"5,02000";"7,53301";"18,95907"
"5,03000";"7,54800";"19,09267"
"5,04000";"7,56299";"19,22321"
"5,05000";"7,57799";"19,36365"
"5,06000";"7,59298";"19,50533"
"5,07000";"7,60774";"19,65007"
"5,08000";"7,62285";"19,79454"
"5,09000";"7,63784";"19,93469"
"5,10000";"7,65295";"20,07486"
"5,11000";"7,66794";"20,21119"
"5,12000";"7,68306";"20,35349"
"5,13000";"7,69793";"20,49604"
"5,14000";"7,71292";"20,64188"
"5,15000";"7,72792";"20,78357"
"5,16000";"7,74291";"20,93047"
"5,17000";"7,75778";"21,07692"
"5,18000";"7,77278";"21,21490"
"5,19000";"7,78777";"21,34681"
"5,20000";"7,80276";"21,49118"
"5,21000";"7,81776";"21,63817"
"5,22000";"7,83275";"21,78826"
"5,23000";"7,84774";"21,93760"
"5,24000";"7,86285";"22,08323"
"5,25000";"7,87797";"22,23490"
"5,26000";"7,89296";"22,38834"
"5,27000";"7,90795";"22,53040"
"5,28000";"7,92294";"22,67576"
"5,29000";"7,93794";"22,82763"
"5,30000";"7,95281";"22,98405"
"5,31000";"7,96769";"23,13699"
"5,32000";"7,98280";"23,28121"
"5,33000";"7,99791";"23,43261"
"5,34000";"8,01290";"23,57924"
"5,35000";"8,02801";"23,73247"
"5,36000";"8,04313";"23,88893"
"5,37000";"8,05812";"24,03892"
"5,38000";"8,07299";"24,18542"
"5,39000";"8,08799";"24,33121"
"5,40000";"8,10298";"24,47826"
"5,41000";"8,11809";"24,63337"
"5,42000";"8,13308";"24,79314"
"5,43000";"8,14808";"24,96140"
"5,44000";"8,16307";"25,12817"
"5,45000";"8,17806";"25,28040"
"5,46000";"8,19306";"25,43333"
"5,47000";"8,20805";"25,58678"
"5,48000";"8,22304";"25,74373"
"5,49000";"8,23803";"25,89911"
"5,50000";"8,25315";"26,05686"
"5,51000";"8,26814";"26,21598"
"5,52000";"8,28325";"26,37487"
"5,53000";"8,29813";"26,53328"
"5,54000";"8,31300";"26,68848"
"5,55000";"8,32799";"26,84890"
"5,56000";"8,34310";"27,00786"
"5,57000";"8,35822";"27,16908"
"5,58000";"8,37321";"27,32656"
"5,59000";"8,38820";"27,48915"
"5,60000";"8,40308";"27,64942"
"5,61000";"8,41795";"27,81221"
"5,62000";"8,43294";"27,98112"
"5,63000";"8,44794";"28,14218"
"5,64000";"8,46293";"28,30150"
"5,65000";"8,47804";"28,46535"
"5,66000";"8,49315";"28,63085"
"5,67000";"8,50826";"28,79965"
"5,68000";"8,52326";"28,97313"
"5,69000";"8,53801";"29,15504"
"5,70000";"8,55301";"29,32592"
"5,71000";"8,56800";"29,49747"
"5,72000";"8,58299";"29,67038"
"5,73000";"8,59810";"29,83730"
"5,74000";"8,61310";"30,00540"
"5,75000";"8,62809";"30,18829"
"5,76000";"8,64308";"30,36628"
"5,77000";"8,65808";"30,54297"
"5,78000";"8,67295";"30,71570"
"5,79000";"8,68795";"30,88480"
"5,80000";"8,70306";"31,06770"
"5,81000";"8,71793";"31,24775"
"5,82000";"8,73292";"31,42341"
"5,83000";"8,74792";"31,59916"
"5,84000";"8,76291";"31,77604"
"5,85000";"8,77779";"31,95009"
"5,86000";"8,79278";"32,12883"
"5,87000";"8,80789";"32,31211"
"5,88000";"8,82288";"32,49450"
"5,89000";"8,83788";"32,68175"
"5,90000";"8,85287";"32,86667"
"5,91000";"8,86798";"33,05449"
"5,92000";"8,88297";"33,24653"
"5,93000";"8,89785";"33,43749"
"5,94000";"8,91284";"33,62610"
"5,95000";"8,92795";"33,81112"
"5,96000";"8,94294";"33,99783"
"5,97000";"8,95794";"34,19120"
"5,98000";"8,97293";"34,38873"
"5,99000";"8,98780";"34,58475"
"6,00000";"9,00292";"34,77472"
"6,01000";"9,01779";"34,97086"
"6,02000";"9,03279";"35,16820"
"6,03000";"9,04778";"35,35490"
"6,04000";"9,06289";"35,54514"
"6,05000";"9,07788";"35,73856"
"6,06000";"9,09287";"35,93526"
"6,07000";"9,10799";"36,13166"
"6,08000";"9,12310";"36,33182"
"6,09000";"9,13797";"36,54474"
"6,10000";"9,15297";"36,75409"
"6,11000";"9,16796";"36,95701"
"6,12000";"9,18307";"37,16793"
"6,13000";"9,19806";"37,38258"
"6,14000";"9,21317";"37,59886"
"6,15000";"9,22817";"37,81063"
"6,16000";"9,24316";"38,02391"
"6,17000";"9,25815";"38,24174"
"6,18000";"9,27303";"38,44463"
"6,19000";"9,28802";"38,64894"
"6,20000";"9,30313";"38,85682"
"6,21000";"9,31824";"39,07071"
"6,22000";"9,33324";"39,29352"
"6,23000";"9,34811";"39,51735"
"6,24000";"9,36310";"39,74062"
"6,25000";"9,37810";"39,95681"
"6,26000";"9,39309";"40,17135"
"6,27000";"9,40808";"40,38871"
"6,28000";"9,42296";"40,60595"
"6,29000";"9,43807";"40,83326"
"6,30000";"9,45318";"41,07150"
"6,31000";"9,46817";"41,31228"
"6,32000";"9,48305";"41,55235"
"6,33000";"9,49792";"41,78500"
"6,34000";"9,51304";"42,00814"
"6,35000";"9,52803";"42,23248"
"6,36000";"9,54302";"42,46585"
"6,37000";"9,55813";"42,70284"
"6,38000";"9,57324";"42,93772"
"6,39000";"9,58812";"43,18300"
"6,40000";"9,60311";"43,42020"
"6,41000";"9,61810";"43,65700"
"6,42000";"9,63310";"43,89658"
"6,43000";"9,64809";"44,13397"
"6,44000";"9,66297";"44,37692"
"6,45000";"9,67796";"44,62813"
"6,46000";"9,69295";"44,87888"
"6,47000";"9,70806";"45,12450"
"6,48000";"9,72294";"45,37732"
"6,49000";"9,73793";"45,63638"
"6,50000";"9,75304";"45,89710"
"6,51000";"9,76803";"46,15532"
"6,52000";"9,78303";"46,41248"
"6,53000";"9,79802";"46,66773"
"6,54000";"9,81301";"46,93004"
"6,55000";"9,82789";"47,20021"
"6,56000";"9,84276";"47,46599"
"6,57000";"9,85776";"47,71896"
"6,58000";"9,87287";"47,97239"
"6,59000";"9,88798";"48,23455"
"6,60000";"9,90297";"48,50652"
"6,61000";"9,91808";"48,78711"
"6,62000";"9,93308";"49,07730"
"6,63000";"9,94807";"49,35884"
"6,64000";"9,96294";"49,63326"
"6,65000";"9,97794";"49,90990"
"6,66000";"9,99305";"50,19258"
"6,67000";"10,00804";"50,47825"
"6,68000";"10,02315";"50,76281"
"6,69000";"10,03803";"51,05370"
"6,70000";"10,05314";"51,34218"
"6,71000";"10,06813";"51,62631"
"6,72000";"10,08301";"51,90859"
"6,73000";"10,09800";"52,18488"
"6,74000";"10,11299";"52,47055"
"6,75000";"10,12799";"52,76414"
"6,76000";"10,14310";"53,05839"
"6,77000";"10,15809";"53,35440"
"6,78000";"10,17308";"53,64600"
"6,79000";"10,18820";"53,94464"
"6,80000";"10,20319";"54,25609"
"6,81000";"10,21818";"54,56528"
"6,82000";"10,23329";"54,87792"
"6,83000";"10,24840";"55,19734"
"6,84000";"10,26340";"55,51185"
"6,85000";"10,27827";"55,82296"
"6,86000";"10,29315";"56,12719"
"6,87000";"10,30814";"56,43314"
"6,88000";"10,32313";"56,74200"
"6,89000";"10,33813";"57,05608"
"6,90000";"10,35312";"57,37514"
"6,91000";"10,36811";"57,70072"
"6,92000";"10,38322";"58,03226"
"6,93000";"10,39822";"58,37222"
"6,94000";"10,41321";"58,71656"
"6,95000";"10,42820";"59,04989"
"6,96000";"10,44308";"59,37188"
"6,97000";"10,45819";"59,69294"
"6,98000";"10,47318";"60,01460"
"6,99000";"10,48829";"60,35388"
"7,00000";"10,50328";"60,70337"
"7,01000";"10,51828";"61,05088"
"7,02000";"10,53315";"61,38850"
"7,03000";"10,54803";"61,72263"
"7,04000";"10,56290";"62,05992"
"7,05000";"10,57790";"62,40012"
"7,06000";"10,59289";"62,74596"
"7,07000";"10,60788";"63,09839"
"7,08000";"10,62288";"63,45811"
"7,09000";"10,63775";"63,81258"
"7,10000";"10,65274";"64,16861"
"7,11000";"10,66774";"64,52272"
"7,12000";"10,68285";"64,88184"
"7,13000";"10,69784";"65,24006"
"7,14000";"10,71283";"65,60873"
"7,15000";"10,72794";"65,98128"
"7,16000";"10,74282";"66,36015"
"7,17000";"10,75793";"66,74184"
"7,18000";"10,77292";"67,12813"
"7,19000";"10,78780";"67,50835"
"7,20000";"10,80279";"67,88561"
"7,21000";"10,81779";"68,25876"
"7,22000";"10,83278";"68,63237"
"7,23000";"10,84789";"69,00934"
"7,24000";"10,86300";"69,40147"
"7,25000";"10,87788";"69,80408"
"7,26000";"10,89287";"70,20124"
"7,27000";"10,90774";"70,59094"
"7,28000";"10,92274";"70,97227"
"7,29000";"10,93785";"71,35785"
"7,30000";"10,95296";"71,75736"
"7,31000";"10,96807";"72,16840"
"7,32000";"10,98306";"72,58393"
"7,33000";"10,99817";"72,99839"
"7,34000";"11,01317";"73,41413"
"7,35000";"11,02804";"73,83049"
"7,36000";"11,04303";"74,23993"
"7,37000";"11,05815";"74,64660"
"7,38000";"11,07314";"75,06300"
"7,39000";"11,08813";"75,47359"
"7,40000";"11,10301";"75,88282"
"7,41000";"11,11812";"76,28514"
"7,42000";"11,13299";"76,69418"
"7,43000";"11,14799";"77,11024"
"7,44000";"11,16310";"77,52320"
"7,45000";"11,17809";"77,94756"
"7,46000";"11,19320";"78,37583"
"7,47000";"11,20808";"78,81522"
"7,48000";"11,22307";"79,25121"
"7,49000";"11,23806";"79,68946"
"7,50000";"11,25306";"80,12232"
"7,51000";"11,26805";"80,55673"
"7,52000";"11,28304";"80,98968"
"7,53000";"11,29803";"81,42729"
"7,54000";"11,31303";"81,86095"
"7,55000";"11,32802";"82,29948"
"7,56000";"11,34290";"82,74122"
"7,57000";"11,35789";"83,18773"
"7,58000";"11,37288";"83,64555"
"7,59000";"11,38788";"84,10159"
"7,60000";"11,40298";"84,55254"
"7,61000";"11,41798";"85,00891"
"7,62000";"11,43309";"85,47002"
"7,63000";"11,44808";"85,93469"
"7,64000";"11,46319";"86,39580"
"7,65000";"11,47819";"86,84885"
"7,66000";"11,49306";"87,30579"
"7,67000";"11,50806";"87,75269"
"7,68000";"11,52305";"88,19852"
"7,69000";"11,53804";"88,63838"
"7,70000";"11,55315";"89,09121"
"7,71000";"11,56815";"89,55554"
"7,72000";"11,58314";"90,02267"
"7,73000";"11,59825";"90,48677"
"7,74000";"11,61312";"90,95757"
"7,75000";"11,62812";"91,42071"
"7,76000";"11,64311";"91,88012"
"7,77000";"11,65810";"92,33943"
"7,78000";"11,67310";"92,80258"
"7,79000";"11,68797";"93,26617"
"7,80000";"11,70296";"93,73181"
"7,81000";"11,71796";"94,19743"
"7,82000";"11,73295";"94,66923"
"7,83000";"11,74794";"95,13953"
"7,84000";"11,76306";"95,60886"
"7,85000";"11,77805";"96,07730"
"7,86000";"11,79292";"96,54986"
"7,87000";"11,80792";"97,01907"
"7,88000";"11,82291";"97,48287"
"7,89000";"11,83790";"97,94939"
"7,90000";"11,85278";"98,42082"
"7,91000";"11,86777";"98,88763"
"7,92000";"11,88288";"99,35032"
"7,93000";"11,89799";"99,82435"
"7,94000";"11,91299";"100,31120"
"7,95000";"11,92798";"100,80309"
"7,96000";"11,94309";"101,29001"
"7,97000";"11,95808";"101,77154"
"7,98000";"11,97296";"102,23144"
"7,99000";"11,98795";"102,67052"
"8,00000";"12,00306";"103,11332"
"8,01000";"12,01806";"103,56869"
"8,02000";"12,03293";"104,02339"
"8,03000";"12,04792";"104,47684"
"8,04000";"12,06292";"104,92383"
"8,05000";"12,07803";"105,37385"
"8,06000";"12,09290";"105,83466"
"8,07000";"12,10790";"106,29140"
"8,08000";"12,12289";"106,73585"
"8,09000";"12,13788";"107,18363"
"8,10000";"12,15287";"107,62102"
"8,11000";"12,16775";"108,04953"
"8,12000";"12,18274";"108,47363"
"8,13000";"12,19774";"108,89500"
"8,14000";"12,21273";"109,31240"
"8,15000";"12,22772";"109,73516"
"8,16000";"12,24283";"110,16145"
"8,17000";"12,25795";"110,59048"
"8,18000";"12,27305";"111,01572"
"8,19000";"12,28793";"111,44050"
"8,20000";"12,30292";"111,84808"
"8,21000";"12,31768";"112,23868"
"8,22000";"12,33267";"112,60715"
"8,23000";"12,34778";"112,95689"
"8,24000";"12,36278";"113,31903"
"8,25000";"12,37789";"113,67980"
"8,26000";"12,39300";"114,04275"
"8,27000";"12,40799";"114,39543"
"8,28000";"12,42299";"114,72932"
"8,29000";"12,43798";"115,05032"
"8,30000";"12,45297";"115,35889"
"8,31000";"12,46797";"115,66103"
"8,32000";"12,48296";"115,95498"
"8,33000";"12,49807";"116,23645"
"8,34000";"12,51294";"116,50710"
"8,35000";"12,52805";"116,75802"
"8,36000";"12,54305";"116,99357"
"8,37000";"12,55792";"117,21320"
"8,38000";"12,57292";"117,40135"
"8,39000";"12,58791";"117,57491"
"8,40000";"12,60290";"117,73433"
"8,41000";"12,61778";"117,88030"
"8,42000";"12,63277";"118,01237"
"8,43000";"12,64776";"118,12795"
"8,44000";"12,66276";"118,23193"
"8,45000";"12,67787";"118,32074"
"8,46000";"12,69286";"118,38055"
"8,47000";"12,70797";"118,41360"
"8,48000";"12,72308";"118,43181"
"8,49000";"12,73819";"118,43758"
"8,50000";"12,75319";"118,40340"
"8,51000";"12,76830";"118,32448"
"8,52000";"12,78317";"118,18612"
"8,53000";"12,79805";"117,98104"
"8,54000";"12,81316";"117,72131"
"8,55000";"12,82827";"117,43622"
"8,56000";"12,84315";"117,13721"
"8,57000";"12,85814";"116,81673"
"8,58000";"12,87313";"116,45436"
"8,59000";"12,88824";"116,07642"
"8,60000";"12,90312";"115,67901"
"8,61000";"12,91787";"115,24398"
"8,62000";"12,93287";"114,74144"
"8,63000";"12,94786";"114,19707"
"8,64000";"12,96285";"113,62180"
"8,65000";"12,97785";"113,02808"
"8,66000";"12,99284";"112,39276"
"8,67000";"13,00795";"111,71884"
"8,68000";"13,02294";"111,03106"
"8,69000";"13,03794";"110,33079"
"8,70000";"13,05293";"109,59542"
"8,71000";"13,06804";"108,81094"
"8,72000";"13,08315";"107,98389"
"8,73000";"13,09814";"107,13817"
"8,74000";"13,11314";"106,28551"
"8,75000";"13,12813";"105,43621"
"8,76000";"13,14301";"104,59652"
"8,77000";"13,15788";"103,76638"
"8,78000";"13,17287";"102,93134"
"8,79000";"13,18787";"102,08957"
"8,80000";"13,20286";"101,24519"
"8,81000";"13,21797";"100,38495"
"8,82000";"13,23297";"99,50152"
"8,83000";"13,24796";"98,60650"
"8,84000";"13,26283";"97,70907"
"8,85000";"13,27771";"96,82778"
"8,86000";"13,29282";"95,97985"
"8,87000";"13,30781";"95,18061"
"8,88000";"13,32292";"94,43565"
"8,89000";"13,33792";"93,74017"
"8,90000";"13,35291";"93,08292"
"8,91000";"13,36802";"92,45038"
"8,92000";"13,38301";"91,84901"
"8,93000";"13,39801";"91,26814"
"8,94000";"13,41300";"90,69936"
"8,95000";"13,42799";"90,13936"
"8,96000";"13,44299";"89,60276"
"8,97000";"13,45798";"89,08360"
"8,98000";"13,47297";"88,58654"
"8,99000";"13,48808";"88,11922"
"9,00000";"13,50308";"87,68950"
"9,01000";"13,51807";"87,29298"
"9,02000";"13,53306";"86,92553"
"9,03000";"13,54794";"86,59153"
"9,04000";"13,56305";"86,31055"
"9,05000";"13,57804";"86,09343"
"9,06000";"13,59303";"85,90840"
"9,07000";"13,60803";"85,73814"
"9,08000";"13,62278";"85,55421"
"9,09000";"13,63778";"85,35660"
"9,10000";"13,65289";"85,15683"
"9,11000";"13,66800";"84,98347"
"9,12000";"13,68311";"84,85883"
"9,13000";"13,69822";"84,75903"
"9,14000";"13,71321";"84,66047"
"9,15000";"13,72821";"84,55444"
"9,16000";"13,74308";"84,41995"
"9,17000";"13,75808";"84,26161"
"9,18000";"13,77307";"84,09614"
"9,19000";"13,78806";"83,92464"
"9,20000";"13,80317";"83,75658"
"9,21000";"13,81817";"83,60550"
"9,22000";"13,83328";"83,45974"
"9,23000";"13,84815";"83,31435"
"9,24000";"13,86315";"83,15763"
"9,25000";"13,87814";"82,99430"
"9,26000";"13,89313";"82,84286"
"9,27000";"13,90801";"82,70408"
"9,28000";"13,92300";"82,59690"
"9,29000";"13,93799";"82,52333"
"9,30000";"13,95310";"82,50380"
"9,31000";"13,96810";"82,52768"
"9,32000";"13,98309";"82,58305"
"9,33000";"13,99820";"82,65334"
"9,34000";"14,01319";"82,74695"
"9,35000";"14,02819";"82,85678"
"9,36000";"14,04306";"82,96880"
"9,37000";"14,05805";"83,09300"
"9,38000";"14,07281";"83,21617"
"9,39000";"14,08781";"83,34133"
"9,40000";"14,10268";"83,46932"
"9,41000";"14,11779";"83,61536"
"9,42000";"14,13290";"83,78940"
"9,43000";"14,14790";"83,98566"
"9,44000";"14,16301";"84,19741"
"9,45000";"14,17800";"84,40913"
"9,46000";"14,19299";"84,60695"
"9,47000";"14,20799";"84,78376"
"9,48000";"14,22286";"84,93410"
"9,49000";"14,23785";"85,06679"
"9,50000";"14,25296";"85,20727"
"9,51000";"14,26808";"85,34892"
"9,52000";"14,28307";"85,47792"
"9,53000";"14,29830";"85,59998"
"9,54000";"14,31329";"85,71075"
"9,55000";"14,32817";"85,80418"
"9,56000";"14,34304";"85,86080"
"9,57000";"14,35815";"85,89669"
"9,58000";"14,37303";"85,93522"
"9,59000";"14,38802";"85,98367"
"9,60000";"14,40313";"86,02530"
"9,61000";"14,41813";"86,05703"
"9,62000";"14,43312";"86,08134"
"9,63000";"14,44799";"86,09389"
"9,64000";"14,46299";"86,07304"
"9,65000";"14,47798";"86,01234"
"9,66000";"14,49309";"85,93402"
"9,67000";"14,50797";"85,84046"
"9,68000";"14,52308";"85,72737"
"9,69000";"14,53807";"85,60983"
"9,70000";"14,55318";"85,50024"
"9,71000";"14,56817";"85,41862"
"9,72000";"14,58305";"85,35365"
"9,73000";"14,59816";"85,27274"
"9,74000";"14,61315";"85,18794"
"9,75000";"14,62826";"85,10176"
"9,76000";"14,64326";"85,01102"
"9,77000";"14,65825";"84,91294"
"9,78000";"14,67313";"84,79704"
"9,79000";"14,68800";"84,66055"
"9,80000";"14,70287";"84,48745"
"9,81000";"14,71799";"84,28805"
"9,82000";"14,73310";"84,09360"
"9,83000";"14,74821";"83,91482"
"9,84000";"14,76320";"83,73386"
"9,85000";"14,77820";"83,52708"
"9,86000";"14,79319";"83,31016"
"9,87000";"14,80818";"83,09800"
"9,88000";"14,82317";"82,87378"
"9,89000";"14,83817";"82,65306"
"9,90000";"14,85304";"82,47302"
"9,91000";"14,86804";"82,33733"
"9,92000";"14,88303";"82,24095"
"9,93000";"14,89790";"82,16429"
"9,94000";"14,91301";"82,11703"
"9,95000";"14,92801";"82,11047"
"9,96000";"14,94300";"82,11871"
"9,97000";"14,95799";"82,11694"
"9,98000";"14,97310";"82,10549"
"9,99000";"14,98810";"82,11458"
"10,00000";"15,00309";"82,15275"
"10,01000";"15,01808";"82,19851"
"10,02000";"15,03308";"82,22889"
"10,03000";"15,04795";"82,25230"
"10,04000";"15,06306";"82,26689"
"10,05000";"15,07806";"82,27430"
"10,06000";"15,09317";"82,27180"
"10,07000";"15,10816";"82,27200"
"10,08000";"15,12315";"82,28432"
"10,09000";"15,13803";"82,31696"
"10,10000";"15,15290";"82,35343"
"10,11000";"15,16778";"82,37995"
"10,12000";"15,18289";"82,41380"
"10,13000";"15,19788";"82,47231"
"10,14000";"15,21287";"82,54284"
"10,15000";"15,22787";"82,62202"
"10,16000";"15,24298";"82,70856"
"10,17000";"15,25785";"82,78371"
"10,18000";"15,27285";"82,83099"
"10,19000";"15,28784";"82,84972"
"10,20000";"15,30283";"82,85361"
"10,21000";"15,31794";"82,85923"
"10,22000";"15,33294";"82,87032"
"10,23000";"15,34793";"82,88686"
"10,24000";"15,36292";"82,92567"
"10,25000";"15,37803";"82,98999"
"10,26000";"15,39291";"83,08250"
"10,27000";"15,40790";"83,18369"
"10,28000";"15,42301";"83,29947"
"10,29000";"15,43813";"83,43309"
"10,30000";"15,45312";"83,57684"
"10,31000";"15,46811";"83,69427"
"10,32000";"15,48310";"83,78093"
"10,33000";"15,49810";"83,83430"
"10,34000";"15,51297";"83,86128"
"10,35000";"15,52785";"83,87271"
"10,36000";"15,54284";"83,89430"
"10,37000";"15,55783";"83,93077"
"10,38000";"15,57283";"83,98483"
"10,39000";"15,58782";"84,03757"
"10,40000";"15,60293";"84,08430"
"10,41000";"15,61792";"84,12301"
"10,42000";"15,63280";"84,14658"
"10,43000";"15,64779";"84,16180"
"10,44000";"15,66290";"84,18363"
"10,45000";"15,67813";"84,24001"
"10,46000";"15,69324";"84,32908"
"10,47000";"15,70824";"84,42570"
"10,48000";"15,72323";"84,51712"
"10,49000";"15,73811";"84,61365"
"10,50000";"15,75298";"84,72771"
"10,51000";"15,76797";"84,86736"
"10,52000";"15,78308";"85,04282"
"10,53000";"15,79808";"85,27837"
"10,54000";"15,81307";"85,55037"
"10,55000";"15,82806";"85,84511"
"10,56000";"15,84306";"86,15989"
"10,57000";"15,85805";"86,51673"
"10,58000";"15,87304";"86,89609"
"10,59000";"15,88803";"87,28915"
"10,60000";"15,90315";"87,68622"
"10,61000";"15,91814";"88,09418"
"10,62000";"15,93313";"88,51492"
"10,63000";"15,94801";"88,94181"
"10,64000";"15,96288";"89,34714"
"10,65000";"15,97776";"89,73542"
"10,66000";"15,99263";"90,13763"
"10,67000";"16,00774";"90,57207"
"10,68000";"16,02274";"91,05602"
"10,69000";"16,03773";"91,57414"
"10,70000";"16,05284";"92,14526"
"10,71000";"16,06783";"92,75922"
"10,72000";"16,08294";"93,40749"
"10,73000";"16,09794";"94,08260"
"10,74000";"16,11305";"94,76362"
"10,75000";"16,12804";"95,45416"
"10,76000";"16,14315";"96,15485"
"10,77000";"16,15815";"96,85236"
"10,78000";"16,17326";"97,54774"
"10,79000";"16,18825";"98,25960"
"10,80000";"16,20324";"98,97834"
"10,81000";"16,21812";"99,69092"
"10,82000";"16,23311";"100,38557"
"10,83000";"16,24811";"101,08010"
"10,84000";"16,26298";"101,80206"
"10,85000";"16,27809";"102,54405"
"10,86000";"16,29296";"103,30310"
"10,87000";"16,30808";"104,07603"
"10,88000";"16,32307";"104,85442"
"10,89000";"16,33806";"105,62883"
"10,90000";"16,35306";"106,39191"
"10,91000";"16,36817";"107,17155"
"10,92000";"16,38316";"107,96880"
"10,93000";"16,39804";"108,77129"
"10,94000";"16,41291";"109,58276"
"10,95000";"16,42790";"110,42102"
"10,96000";"16,44278";"111,27623"
"10,97000";"16,45765";"112,13490"
"10,98000";"16,47265";"112,98441"
"10,99000";"16,48764";"113,85718"
"11,00000";"16,50275";"114,77650"
"11,01000";"16,51798";"115,73723"
"11,02000";"16,53309";"116,71918"
"11,03000";"16,54808";"117,71515"
"11,04000";"16,56308";"118,67617"
"11,05000";"16,57807";"119,58891"
"11,06000";"16,59295";"120,48886"
"11,07000";"16,60806";"121,43619"
"11,08000";"16,62305";"122,43472"
"11,09000";"16,63816";"123,47987"
"11,10000";"16,65315";"124,55150"
"11,11000";"16,66814";"125,61633"
"11,12000";"16,68314";"126,66579"
"11,13000";"16,69801";"127,67445"
"11,14000";"16,71301";"128,65410"
"11,15000";"16,72800";"129,66681"
"11,16000";"16,74299";"130,73357"
"11,17000";"16,75799";"131,81900"
"11,18000";"16,77298";"132,90385"
"11,19000";"16,78797";"133,99530"
"11,20000";"16,80285";"135,12862"
"11,21000";"16,81784";"136,28152"
"11,22000";"16,83283";"137,44528"
"11,23000";"16,84783";"138,62573"
"11,24000";"16,86294";"139,83327"
"11,25000";"16,87781";"141,04782"
"11,26000";"16,89281";"142,25722"
"11,27000";"16,90792";"143,47693"
"11,28000";"16,92279";"144,73689"
"11,29000";"16,93790";"146,00531"
"11,30000";"16,95301";"147,27957"
"11,31000";"16,96812";"148,59166"
"11,32000";"16,98312";"149,94476"
"11,33000";"16,99823";"151,28662"
"11,34000";"17,01311";"152,58267"
"11,35000";"17,02810";"153,85609"
"11,36000";"17,04297";"155,13126"
"11,37000";"17,05773";"156,39641"
"11,38000";"17,07284";"157,68086"
"11,39000";"17,08783";"159,03867"
"11,40000";"17,10271";"160,48637"
"11,41000";"17,11770";"161,99702"
"11,42000";"17,13281";"163,53233"
"11,43000";"17,14781";"165,09209"
"11,44000";"17,16280";"166,67813"
"11,45000";"17,17791";"168,27721"
"11,46000";"17,19290";"169,87202"
"11,47000";"17,20790";"171,47371"
"11,48000";"17,22289";"173,08200"
"11,49000";"17,23788";"174,70206"
"11,50000";"17,25288";"176,31448"
"11,51000";"17,26775";"177,91425"
"11,52000";"17,28263";"179,49107"
"11,53000";"17,29750";"181,05809"
"11,54000";"17,31238";"182,63324"
"11,55000";"17,32749";"184,27766"
"11,56000";"17,34248";"185,99100"
"11,57000";"17,35747";"187,75102"
"11,58000";"17,37247";"189,49586"
"11,59000";"17,38770";"191,25114"
"11,60000";"17,40281";"193,08766"
"11,61000";"17,41803";"195,00127"
"11,62000";"17,43326";"196,94917"
"11,63000";"17,44838";"198,88171"
"11,64000";"17,46349";"200,75113"
"11,65000";"17,47836";"202,58063"
"11,66000";"17,49335";"204,38512"
"11,67000";"17,50823";"206,17482"
"11,68000";"17,52310";"207,97891"
"11,69000";"17,53798";"209,84752"
"11,70000";"17,55285";"211,81076"
"11,71000";"17,56797";"213,82451"
"11,72000";"17,58296";"215,90689"
"11,73000";"17,59783";"218,02679"
"11,74000";"17,61283";"220,16464"
"11,75000";"17,62782";"222,29948"
"11,76000";"17,64270";"224,47629"
"11,77000";"17,65769";"226,65515"
"11,78000";"17,67268";"228,91287"
"11,79000";"17,68756";"231,22684"
"11,80000";"17,70243";"233,56511"
"11,81000";"17,71754";"235,97697"
"11,82000";"17,73253";"238,49519"
"11,83000";"17,74753";"241,06754"
"11,84000";"17,76264";"243,66826"
"11,85000";"17,77763";"246,32578"
"11,86000";"17,79274";"249,08719"
"11,87000";"17,80785";"251,89398"
"11,88000";"17,82308";"254,78180"
"11,89000";"17,83820";"257,77704"
"11,90000";"17,85331";"260,81512"
"11,91000";"17,86830";"263,80249"
"11,92000";"17,88329";"266,73529"
"11,93000";"17,89840";"269,63626"
"11,94000";"17,91328";"272,56354"
"11,95000";"17,92827";"275,51367"
"11,96000";"17,94314";"278,48486"
"11,97000";"17,95802";"281,45779"
"11,98000";"17,97301";"284,43292"
"11,99000";"17,98789";"287,53561"
"12,00000";"18,00277";"290,71182"
"12,01000";"18,01787";"293,94781"
"12,02000";"18,03287";"297,26859"
"12,03000";"18,04786";"300,64478"
"12,04000";"18,06285";"303,99121"
"12,05000";"18,07785";"307,35089"
"12,06000";"18,09272";"310,74734"
"12,07000";"18,10760";"314,23596"
"12,08000";"18,12247";"317,83142"
"12,09000";"18,13747";"321,55316"
"12,10000";"18,15246";"325,46609"
"12,11000";"18,16745";"329,55350"
"12,12000";"18,18256";"333,82413"
"12,13000";"18,19767";"338,27341"
"12,14000";"18,21267";"342,88571"
"12,15000";"18,22754";"347,57047"
"12,16000";"18,24265";"352,23172"
"12,17000";"18,25776";"357,05765"
"12,18000";"18,27299";"362,18054"
"12,19000";"18,28810";"367,52057"
"12,20000";"18,30322";"372,97507"
"12,21000";"18,31809";"378,40103"
"12,22000";"18,33308";"383,72766"
"12,23000";"18,34784";"389,00812"
"12,24000";"18,36283";"394,38528"
"12,25000";"18,37794";"400,01849"
"12,26000";"18,39282";"405,88782"
"12,27000";"18,40781";"411,85852"
"12,28000";"18,42281";"418,03085"
"12,29000";"18,43768";"424,34427"
"12,30000";"18,45256";"430,72052"
"12,31000";"18,46755";"437,08459"
"12,32000";"18,48266";"443,62518"
"12,33000";"18,49765";"450,52155"
"12,33200";"18,50072";"451,92697"
"12,33400";"18,50367";"453,33368"
"12,34400";"18,51678";"460,29843"
"12,35400";"18,52421";"465,16077"
"12,35800";"18,52575";"465,26645"
"12,36800";"18,52540";"458,15103"
"12,37800";"18,52056";"438,34735"
"12,38800";"18,50946";"402,88367"
"12,39800";"18,49269";"345,57748"
"12,40800";"18,47263";"264,16867"
"12,41800";"18,45102";"170,32259"
"12,42800";"18,42906";"82,07162"
"12,43800";"18,40758";"11,52502"
"12,44800";"18,38692";"-36,94007"
"12,45800";"18,36708";"-63,94768"
"12,46800";"18,34819";"-75,03738"
"12,47800";"18,33013";"-76,28524"
"12,48800";"18,31254";"-71,86284"
"12,49800";"18,29519";"-64,64374"
"12,50800";"18,27831";"-56,47595"
"12,51800";"18,26178";"-47,50182"
"12,52800";"18,24560";"-38,61636"
"12,53800";"18,22978";"-31,36053"
"12,54800";"18,21420";"-26,51910"
"12,55800";"18,19874";"-23,79181"
"12,56800";"18,18339";"-22,50272"
"12,57800";"18,16816";"-21,97544"
"12,58800";"18,15305";"-21,77998"
"12,59800";"18,13782";"-21,68603"
"12,60800";"18,12259";"-21,54442"
"12,61800";"18,10736";"-21,28355"
"12,62800";"18,09225";"-20,86349"
"12,63800";"18,07714";"-20,35014"
"12,64800";"18,06215";"-19,79442"
"12,65800";"18,04727";"-19,17197"
"12,66800";"18,03228";"-18,50885"
"12,67800";"18,01717";"-17,83836"
"12,68800";"18,00206";"-17,19326"
"12,69800";"17,98695";"-16,58387"
"12,70800";"17,97183";"-15,98883"
"12,71800";"17,95684";"-15,38906"
"12,72800";"17,94185";"-14,76407"
"12,73800";"17,92697";"-14,12817"
"12,74800";"17,91210";"-13,50982"
"12,75800";"17,89722";"-12,92341"
"12,76800";"17,88235";"-12,36376"
"12,77800";"17,86747";"-11,80575"
"12,78800";"17,85236";"-11,26651"
"12,79800";"17,83713";"-10,77557"
"12,80800";"17,82202";"-10,33348"
"12,81800";"17,80703";"-9,92227"
"12,82800";"17,79203";"-9,52794"
"12,83800";"17,77716";"-9,13720"
"12,84800";"17,76217";"-8,76642"
"12,85800";"17,74694";"-8,41116"
"12,86800";"17,73183";"-8,06420"
"12,87800";"17,71683";"-7,72928"
"12,88800";"17,70184";"-7,40702"
"12,89800";"17,68685";"-7,10859"
"12,90800";"17,67186";"-6,83671"
"12,91800";"17,65674";"-6,57961"
"12,92800";"17,64175";"-6,33848"
"12,93800";"17,62675";"-6,12378"
"12,94800";"17,61165";"-5,92735"
"12,95800";"17,59677";"-5,73000"
"12,96800";"17,58201";"-5,52745"
"12,97800";"17,56714";"-5,32392"
"12,98800";"17,55215";"-5,12354"
"12,99800";"17,53703";"-4,94127"
"13,00800";"17,52204";"-4,76395"
"13,01800";"17,50705";"-4,58742"
"13,02800";"17,49194";"-4,42038"
"13,03800";"17,47706";"-4,25591"
"13,04800";"17,46219";"-4,09406"
"13,05800";"17,44731";"-3,92971"
"13,06800";"17,43220";"-3,75936"
"13,07800";"17,41721";"-3,59945"
"13,08800";"17,40210";"-3,43786"
"13,09800";"17,38699";"-3,26206"
"13,10800";"17,37188";"-3,08134"
"13,11800";"17,35688";"-2,89717"
"13,12800";"17,34189";"-2,72096"
"13,13800";"17,32701";"-2,55300"
"13,14800";"17,31190";"-2,40959"
"13,15800";"17,29691";"-2,28798"
"13,16800";"17,28204";"-2,18392"
"13,17800";"17,26704";"-2,08405"
"13,18800";"17,25205";"-1,98383"
"13,19800";"17,23694";"-1,87838"
"13,20800";"17,22206";"-1,77707"
"13,21800";"17,20719";"-1,68281"
"13,22800";"17,19219";"-1,61138"
"13,23800";"17,17708";"-1,55502"
"13,24800";"17,16209";"-1,51052"
"13,25800";"17,14698";"-1,46293"
"13,26800";"17,13199";"-1,40813"
"13,27800";"17,11699";"-1,35099"
"13,28800";"17,10212";"-1,30821"
"13,29800";"17,08713";"-1,27568"
"13,30800";"17,07201";"-1,24403"
"13,31800";"17,05690";"-1,21133"
"13,32800";"17,04191";"-1,17035"
"13,33800";"17,02692";"-1,14264"
"13,34800";"17,01181";"-1,10829"
"13,35800";"16,99693";"-1,07433"
"13,36800";"16,98194";"-1,05143"
"13,37800";"16,96706";"-1,02750"
"13,38800";"16,95207";"-0,99937"
"13,39800";"16,93708";"-0,98035"
"13,40800";"16,92208";"-0,96693"
"13,41800";"16,90697";"-0,95217"
"13,42800";"16,89198";"-0,93863"
"13,43800";"16,87698";"-0,92895"
"13,44800";"16,86188";"-0,92760"
"13,45800";"16,84700";"-0,92347"
"13,46800";"16,83201";"-0,91135"
"13,47800";"16,81689";"-0,88711"
"13,48800";"16,80179";"-0,86678"
"13,49800";"16,78679";"-0,84386"
"13,50800";"16,77192";"-0,81867"
"13,51800";"16,75692";"-0,80645"
"13,52800";"16,74193";"-0,78925"
"13,53800";"16,72706";"-0,76180"
"13,54800";"16,71206";"-0,73298"
"13,55800";"16,69695";"-0,70160"
"13,56800";"16,68196";"-0,67993"
"13,57800";"16,66685";"-0,66962"
"13,58800";"16,65197";"-0,65562"
"13,59800";"16,63710";"-0,64509"
"13,60800";"16,62199";"-0,63969"
"13,61800";"16,60699";"-0,63959"
"13,62800";"16,59200";"-0,62866"
"13,63800";"16,57689";"-0,61522"
"13,64800";"16,56178";"-0,60138"
"13,65800";"16,54667";"-0,58598"
"13,66800";"16,53167";"-0,58481"
"13,67800";"16,51692";"-0,59156"
"13,68800";"16,50204";"-0,59286"
"13,69800";"16,48705";"-0,58985"
"13,70800";"16,47206";"-0,57899"
"13,71800";"16,45718";"-0,56611"
"13,72800";"16,44207";"-0,55565"
"13,73800";"16,42684";"-0,55715"
"13,74800";"16,41197";"-0,56388"
"13,75800";"16,39709";"-0,56819"
"13,76800";"16,38210";"-0,56852"
"13,77800";"16,36710";"-0,55872"
"13,78800";"16,35223";"-0,53870"
"13,79800";"16,33735";"-0,51066"
"13,80800";"16,32236";"-0,47797"
"13,81800";"16,30713";"-0,44938"
"13,82800";"16,29214";"-0,42817"
"13,83800";"16,27727";"-0,40238"
"13,84800";"16,26215";"-0,37594"
"13,85800";"16,24704";"-0,35516"
"13,86800";"16,23193";"-0,34453"
"13,87800";"16,21706";"-0,33216"
"13,88800";"16,20206";"-0,31422"
"13,89800";"16,18707";"-0,30219"
"13,90800";"16,17220";"-0,29669"
"13,91800";"16,15720";"-0,29393"
"13,92800";"16,14233";"-0,28548"
"13,93800";"16,12710";"-0,27895"
"13,94800";"16,11187";"-0,27517"
"13,95800";"16,09687";"-0,26928"
"13,96800";"16,08177";"-0,26549"
"13,97800";"16,06677";"-0,26409"
"13,98800";"16,05178";"-0,26783"
"13,99800";"16,03679";"-0,27264"
"14,00800";"16,02203";"-0,26942"
"14,01800";"16,00704";"-0,26828"
"14,02800";"15,99192";"-0,26928"
"14,03800";"15,97693";"-0,26443"
"14,04800";"15,96194";"-0,25522"
"14,05800";"15,94706";"-0,25022"
"14,06800";"15,93195";"-0,25259"
"14,07800";"15,91696";"-0,26024"
"14,08800";"15,90208";"-0,26174"
"14,09800";"15,88721";"-0,26306"
"14,10800";"15,87210";"-0,25997"
"14,11800";"15,85710";"-0,25748"
"14,12800";"15,84211";"-0,25667"
"14,13800";"15,82712";"-0,25215"
"14,14800";"15,81213";"-0,24475"
"14,15800";"15,79713";"-0,24086"
"14,16800";"15,78226";"-0,23946"
"14,17800";"15,76727";"-0,23366"
"14,18800";"15,75227";"-0,22840"
"14,19800";"15,73716";"-0,22478"
"14,20800";"15,72193";"-0,22400"
"14,21800";"15,70706";"-0,21887"
"14,22800";"15,69206";"-0,20785"
"14,23800";"15,67707";"-0,19680"
"14,24800";"15,66220";"-0,19647"
"14,25800";"15,64720";"-0,19440"
"14,26800";"15,63221";"-0,19189"
"14,27800";"15,61698";"-0,19006"
"14,28800";"15,60175";"-0,19186"
"14,29800";"15,58676";"-0,19881"
"14,30800";"15,57176";"-0,19983"
"14,31800";"15,55677";"-0,19794"
"14,32800";"15,54190";"-0,20053"
"14,33800";"15,52702";"-0,20142"
"14,34800";"15,51203";"-0,20117"
"14,35800";"15,49692";"-0,19708"
"14,36800";"15,48180";"-0,19830"
"14,37800";"15,46693";"-0,20315"
"14,38800";"15,45205";"-0,20958"
"14,39800";"15,43706";"-0,20647"
"14,40800";"15,42195";"-0,20623"
"14,41800";"15,40707";"-0,20618"
"14,42800";"15,39208";"-0,19815"
"14,43800";"15,37709";"-0,19824"
"14,44800";"15,36186";"-0,19993"
"14,45800";"15,34699";"-0,20438"
"14,46800";"15,33211";"-0,20843"
"14,47800";"15,31712";"-0,20340"
"14,48800";"15,30201";"-0,19394"
"14,49800";"15,28701";"-0,18866"
"14,50800";"15,27214";"-0,18518"
"14,51800";"15,25703";"-0,19011"
"14,52800";"15,24192";"-0,19499"
"14,53800";"15,22692";"-0,20210"
"14,54800";"15,21205";"-0,20258"
"14,55800";"15,19717";"-0,20204"
"14,56800";"15,18206";"-0,20232"
"14,57800";"15,16707";"-0,19594"
"14,58800";"15,15219";"-0,19291"
"14,59800";"15,13720";"-0,18989"
"14,60800";"15,12197";"-0,18556"
"14,61800";"15,10698";"-0,17915"
"14,62800";"15,09210";"-0,17484"
"14,63800";"15,07735";"-0,17054"
"14,64800";"15,06223";"-0,16932"
"14,65800";"15,04724";"-0,17194"
"14,66800";"15,03225";"-0,16857"
"14,67800";"15,01714";"-0,16812"
"14,68800";"15,00203";"-0,16700"
"14,69800";"14,98703";"-0,17021"
"14,70800";"14,97204";"-0,16567"
"14,71800";"14,95728";"-0,16138"
"14,72800";"14,94217";"-0,15828"
"14,73800";"14,92718";"-0,15512"
"14,74800";"14,91219";"-0,15634"
"14,75800";"14,89731";"-0,15785"
"14,76800";"14,88232";"-0,15853"
"14,77800";"14,86709";"-0,15600"
"14,78800";"14,85210";"-0,15722"
"14,79800";"14,83722";"-0,15655"
"14,80800";"14,82223";"-0,15700"
"14,81800";"14,80712";"-0,15688"
"14,82800";"14,79201";"-0,16011"
"14,83800";"14,77713";"-0,16471"
"14,84800";"14,76226";"-0,16126"
"14,85800";"14,74726";"-0,15803"
"14,86800";"14,73215";"-0,15267"
"14,87800";"14,71716";"-0,15181"
"14,88800";"14,70217";"-0,14825"
"14,89800";"14,68706";"-0,13919"
"14,90800";"14,67194";"-0,13843"
"14,91800";"14,65695";"-0,13694"
"14,92800";"14,64208";"-0,13602"
"14,93800";"14,62708";"-0,13530"
"14,94800";"14,61197";"-0,13884"
"14,95800";"14,59710";"-0,13908"
"14,96800";"14,58199";"-0,13828"
"14,97800";"14,56687";"-0,13337"
"14,98800";"14,55176";"-0,13457"
"14,99800";"14,53677";"-0,13651"
"15,00800";"14,52190";"-0,13223"
"15,01800";"14,50690";"-0,12490"
"15,02800";"14,49179";"-0,12362"
"15,03800";"14,47680";"-0,12222"
"15,04800";"14,46192";"-0,11945"
"15,05800";"14,44681";"-0,11183"
"15,06800";"14,43170";"-0,10804"
"15,07800";"14,41671";"-0,11481"
"15,08800";"14,40183";"-0,12144"
"15,09800";"14,38696";"-0,11851"
"15,10800";"14,37185";"-0,11515"
"15,11800";"14,35674";"-0,11867"
"15,12800";"14,34186";"-0,11964"
"15,13800";"14,32699";"-0,11948"
"15,14800";"14,31176";"-0,11901"
"15,15800";"14,29676";"-0,11675"
"15,16800";"14,28201";"-0,11153"
"15,17800";"14,26701";"-0,10358"
"15,18800";"14,25190";"-0,09141"
"15,19800";"14,23679";"-0,08824"
"15,20800";"14,22180";"-0,09180"
"15,21800";"14,20681";"-0,09369"
"15,22800";"14,19169";"-0,09030"
"15,23800";"14,17670";"-0,08196"
"15,24800";"14,16194";"-0,07061"
"15,25800";"14,14719";"-0,06066"
"15,26800";"14,13219";"-0,05826"
"15,27800";"14,11708";"-0,06363"
"15,28800";"14,10209";"-0,07273"
"15,29800";"14,08710";"-0,08290"
"15,30800";"14,07199";"-0,08363"
"15,31800";"14,05688";"-0,08251"
"15,32800";"14,04200";"-0,08522"
"15,33800";"14,02724";"-0,08527"
"15,34800";"14,01225";"-0,08149"
"15,35800";"13,99726";"-0,07677"
"15,36800";"13,98226";"-0,07802"
"15,37800";"13,96739";"-0,08131"
"15,38800";"13,95240";"-0,08518"
"15,39800";"13,93717";"-0,08386"
"15,40800";"13,92217";"-0,08076"
"15,41800";"13,90730";"-0,07502"
"15,42800";"13,89231";"-0,07156"
"15,43800";"13,87708";"-0,07121"
"15,44800";"13,86196";"-0,06757"
"15,45800";"13,84697";"-0,06869"
"15,46800";"13,83198";"-0,06806"
"15,47800";"13,81687";"-0,06741"
"15,48800";"13,80188";"-0,06611"
"15,49800";"13,78700";"-0,06987"
"15,50800";"13,77201";"-0,07743"
"15,51800";"13,75690";"-0,09013"
"15,52800";"13,74179";"-0,09971"
"15,53800";"13,72679";"-0,09549"
"15,54800";"13,71180";"-0,08475"
"15,55800";"13,69692";"-0,08529"
"15,56800";"13,68193";"-0,08601"
"15,57800";"13,66706";"-0,08334"
"15,58800";"13,65218";"-0,07980"
"15,59800";"13,63707";"-0,07499"
"15,60800";"13,62196";"-0,08217"
"15,61800";"13,60697";"-0,09272"
"15,62800";"13,59197";"-0,09874"
"15,63800";"13,57698";"-0,10175"
"15,64800";"13,56199";"-0,10434"
"15,65800";"13,54688";"-0,10837"
"15,66800";"13,53200";"-0,10626"
"15,67800";"13,51701";"-0,10165"
"15,68800";"13,50190";"-0,09176"
"15,69800";"13,48678";"-0,08401"
"15,70800";"13,47191";"-0,07658"
"15,71800";"13,45704";"-0,07073"
"15,72800";"13,44204";"-0,06687"
"15,73800";"13,42705";"-0,07166"
"15,74800";"13,41206";"-0,07424"
"15,75800";"13,39706";"-0,07190"
"15,76800";"13,38195";"-0,06012"
"15,77800";"13,36672";"-0,04826"
"15,78800";"13,35185";"-0,04299"
"15,79800";"13,33709";"-0,04769"
"15,80800";"13,32210";"-0,06100"
"15,81800";"13,30699";"-0,06654"
"15,82800";"13,29199";"-0,06959"
"15,83800";"13,27712";"-0,06197"
"15,84800";"13,26189";"-0,06072"
"15,85800";"13,24678";"-0,06059"
"15,86800";"13,23178";"-0,06399"
"15,87800";"13,21691";"-0,06620"
"15,88800";"13,20203";"-0,06554"
"15,89800";"13,18692";"-0,05769"
"15,90800";"13,17193";"-0,05622"
"15,91800";"13,15694";"-0,05773"
"15,92800";"13,14194";"-0,05795"
"15,93800";"13,12671";"-0,06451"
"15,94800";"13,11172";"-0,06419"
"15,95800";"13,09697";"-0,05547"
"15,96800";"13,08209";"-0,04735"
"15,97800";"13,06710";"-0,04550"
"15,98800";"13,05199";"-0,05249"
"15,99800";"13,03699";"-0,06166"
"16,00800";"13,02200";"-0,06122"
"16,01800";"13,00689";"-0,05679"
"16,02800";"12,99189";"-0,05521"
"16,03800";"12,97702";"-0,05391"
"16,04800";"12,96215";"-0,05632"
"16,05800";"12,94703";"-0,06167"
"16,06800";"12,93192";"-0,06144"
"16,07800";"12,91693";"-0,06266"
"16,08800";"12,90205";"-0,05586"
"16,09800";"12,88694";"-0,05346"
"16,10800";"12,87195";"-0,05376"
"16,11800";"12,85708";"-0,05360"
"16,12800";"12,84220";"-0,05582"
"16,13800";"12,82721";"-0,05471"
"16,14800";"12,81198";"-0,05962"
"16,15800";"12,79699";"-0,05648"
"16,16800";"12,78199";"-0,04975"
"16,17800";"12,76700";"-0,04109"
"16,18800";"12,75189";"-0,04022"
"16,19800";"12,73690";"-0,04866"
"16,20800";"12,72214";"-0,05377"
"16,21800";"12,70703";"-0,05311"
"16,22800";"12,69192";"-0,05402"
"16,23800";"12,67681";"-0,05352"
"16,24800";"12,66181";"-0,05777"
"16,25800";"12,64682";"-0,06389"
"16,26800";"12,63183";"-0,06256"
"16,27800";"12,61683";"-0,06281"
"16,28800";"12,60184";"-0,06164"
"16,29800";"12,58697";"-0,05799"
"16,30800";"12,57197";"-0,05029"
"16,31800";"12,55686";"-0,04878"
"16,32800";"12,54187";"-0,04983"
"16,33800";"12,52688";"-0,04924"
"16,34800";"12,51188";"-0,04771"
"16,35800";"12,49689";"-0,04602"
"16,36800";"12,48190";"-0,04409"
"16,37800";"12,46702";"-0,04250"
"16,38800";"12,45203";"-0,04204"
"16,39800";"12,43692";"-0,04551"
"16,40800";"12,42192";"-0,05011"
"16,41800";"12,40693";"-0,05067"
"16,42800";"12,39206";"-0,04512"
"16,43800";"12,37706";"-0,04923"
"16,44800";"12,36207";"-0,05229"
"16,45800";"12,34708";"-0,04961"
"16,46800";"12,33196";"-0,03950"
"16,47800";"12,31685";"-0,03178"
"16,48800";"12,30186";"-0,03233"
"16,49800";"12,28675";"-0,03695"
"16,50800";"12,27199";"-0,04168"
"16,51800";"12,25700";"-0,05030"
"16,52800";"12,24212";"-0,05942"
"16,53800";"12,22713";"-0,06606"
"16,54800";"12,21214";"-0,06279"
"16,55800";"12,19715";"-0,05842"
"16,56800";"12,18192";"-0,05496"
"16,57800";"12,16692";"-0,05603"
"16,58800";"12,15193";"-0,05548"
"16,59800";"12,13706";"-0,05703"
"16,60800";"12,12194";"-0,05254"
"16,61800";"12,10695";"-0,05196"
"16,62800";"12,09208";"-0,05118"
"16,63800";"12,07708";"-0,04906"
"16,64800";"12,06197";"-0,04413"
"16,65800";"12,04698";"-0,04338"
"16,66800";"12,03210";"-0,04431"
"16,67800";"12,01711";"-0,04776"
"16,68800";"12,00200";"-0,05008"
"16,69800";"11,98701";"-0,05241"
"16,70800";"11,97190";"-0,05715"
"16,71800";"11,95690";"-0,06192"
"16,72800";"11,94191";"-0,05332"
"16,73800";"11,92680";"-0,04794"
"16,74800";"11,91204";"-0,04389"
"16,75800";"11,89705";"-0,03653"
"16,76800";"11,88206";"-0,02127"
"16,77800";"11,86695";"-0,00865"
"16,78800";"11,85183";"-0,00315"
"16,79800";"11,83684";"-0,00290"
"16,80800";"11,82185";"-0,00438"
"16,81800";"11,80685";"-0,00466"
"16,82800";"11,79186";"-0,00408"
"16,83800";"11,77699";"-0,00387"
"16,84800";"11,76199";"-0,00149"
"16,85800";"11,74688";"-0,00017"
"16,86800";"11,73177";"-0,00819"
"16,87800";"11,71690";"-0,01709"
"16,88800";"11,70190";"-0,01572"
"16,89800";"11,68691";"-0,01312"
"16,90800";"11,67192";"-0,00772"
"16,91800";"11,65693";"-0,00781"
"16,92800";"11,64193";"-0,01083"
"16,93800";"11,62694";"-0,01903"
"16,94800";"11,61195";"-0,02176"
"16,95800";"11,59683";"-0,02363"
"16,96800";"11,58196";"-0,01659"
"16,97800";"11,56697";"-0,01243"
"16,98800";"11,55197";"-0,00934"
"16,99800";"11,53698";"-0,00666"
"17,00800";"11,52199";"-0,00452"
"17,01800";"11,50699";"-0,00030"
"17,02800";"11,49200";"-0,00150"
"17,03800";"11,47689";"-0,01031"
"17,04800";"11,46201";"-0,01476"
"17,05800";"11,44714";"-0,00943"
"17,06800";"11,43203";"-0,00724"
"17,07800";"11,41704";"-0,01321"
"17,08800";"11,40216";"-0,01516"
"17,09800";"11,38717";"-0,00738"
"17,10800";"11,37194";"-0,00338"
"17,11800";"11,35694";"-0,00777"
"17,12800";"11,34183";"-0,01226"
"17,13800";"11,32696";"-0,01980"
"17,14800";"11,31185";"-0,02790"
"17,15800";"11,29685";"-0,02618"
"17,16800";"11,28198";"-0,02819"
"17,17800";"11,26699";"-0,02374"
"17,18800";"11,25211";"-0,01455"
"17,19800";"11,23700";"-0,01281"
"17,20800";"11,22201";"-0,01346"
"17,21800";"11,20701";"-0,00501"
"17,22800";"11,19202";"-0,00709"
"17,23800";"11,17691";"-0,01184"
"17,24800";"11,16192";"-0,01286"
"17,25800";"11,14704";"-0,00719"
"17,26800";"11,13217";"-0,00136"
"17,27800";"11,11706";"-0,00020"
"17,28800";"11,10206";"-0,01122"
"17,29800";"11,08719";"-0,01602"
"17,30800";"11,07219";"-0,01906"
"17,31800";"11,05696";"-0,02462"
"17,32800";"11,04197";"-0,02889"
"17,33800";"11,02686";"-0,02981"
"17,34800";"11,01187";"-0,03379"
"17,35800";"10,99676";"-0,04087"
"17,36800";"10,98176";"-0,03791"
"17,37800";"10,96701";"-0,03258"
"17,38800";"10,95213";"-0,02814"
"17,39800";"10,93702";"-0,01997"
"17,40800";"10,92191";"-0,01423"
"17,41800";"10,90692";"-0,01773"
"17,42800";"10,89192";"-0,02769"
"17,43800";"10,87681";"-0,03619"
"17,44800";"10,86170";"-0,03927"
"17,45800";"10,84683";"-0,03460"
"17,46800";"10,83195";"-0,02667"
"17,47800";"10,81684";"-0,01491"
"17,48800";"10,80173";"-0,01088"
"17,49800";"10,78686";"-0,01445"
"17,50800";"10,77198";"-0,01844"
"17,51800";"10,75710";"-0,02138"
"17,52800";"10,74199";"-0,02015"
"17,53800";"10,72712";"-0,01885"
"17,54800";"10,71213";"-0,02842"
"17,55800";"10,69725";"-0,03518"
"17,56800";"10,68226";"-0,03563"
"17,57800";"10,66726";"-0,03588"
"17,58800";"10,65215";"-0,03363"
"17,59800";"10,63716";"-0,02124"
"17,60800";"10,62217";"-0,00943"
"17,61800";"10,60717";"-0,00539"
"17,62800";"10,59230";"-0,00345"
"17,63800";"10,57731";"-0,01341"
"17,64800";"10,56219";"-0,02060"
"17,65800";"10,54708";"-0,02503"
"17,66800";"10,53209";"-0,02489"
"17,67800";"10,51722";"-0,01980"
"17,68800";"10,50234";"-0,01555"
"17,69800";"10,48735";"-0,01176"
"17,70800";"10,47235";"-0,01189"
"17,71800";"10,45736";"-0,01329"
"17,72800";"10,44237";"-0,01220"
"17,73800";"10,42726";"-0,00786"
"17,74800";"10,41215";"-0,00845"
"17,75800";"10,39715";"-0,00747"
"17,76800";"10,38216";"-0,01014"
"17,77800";"10,36705";"-0,01637"
"17,78800";"10,35206";"-0,02347"
"17,79800";"10,33706";"-0,02218"
"17,80800";"10,32207";"-0,01896"
"17,81800";"10,30696";"-0,01536"
"17,82800";"10,29197";"-0,01099"
"17,83800";"10,27697";"-0,01699"
"17,84800";"10,26198";"-0,02227"
"17,85800";"10,24699";"-0,02526"
"17,86800";"10,23199";"-0,01987"
"17,87800";"10,21712";"-0,01967"
"17,88800";"10,20224";"-0,02207"
"17,89800";"10,18713";"-0,02109"
"17,90800";"10,17202";"-0,02014"
"17,91800";"10,15703";"-0,01351"
"17,92800";"10,14204";"-0,01016"
"17,93800";"10,12692";"-0,00908"
"17,94800";"10,11181";"-0,00762"
"17,95800";"10,09670";"-0,01039"
"17,96800";"10,08183";"-0,00668"
"17,97800";"10,06660";"-0,00492"
"17,98800";"10,05160";"-0,01185"
"17,99800";"10,03673";"-0,02063"
"18,00800";"10,02185";"-0,02691"
"18,01800";"10,00686";"-0,02836"
"18,02800";"9,99187";"-0,02686"
"18,03800";"9,97688";"-0,02424"
"18,04800";"9,96200";"-0,02075"
"18,05800";"9,94701";"-0,01334"
"18,06800";"9,93190";"-0,00815"
"18,07800";"9,91690";"-0,01344"
"18,08800";"9,90203";"-0,02362"
"18,09800";"9,88715";"-0,02964"
"18,10800";"9,87204";"-0,03502"
"18,11800";"9,85693";"-0,03670"
"18,12800";"9,84206";"-0,03443"
"18,13800";"9,82695";"-0,02792"
"18,14800";"9,81183";"-0,01504"
"18,15800";"9,79684";"-0,00171"
"18,16800";"9,78208";"0,00881"
"18,17800";"9,76709";"0,00952"
"18,18800";"9,75198";"-0,00096"
"18,19800";"9,73699";"-0,01321"
"18,20800";"9,72211";"-0,01630"
"18,21800";"9,70712";"-0,01988"
"18,22800";"9,69201";"-0,02242"
"18,23800";"9,67701";"-0,02227"
"18,24800";"9,66202";"-0,01964"
"18,25800";"9,64715";"-0,02076"
"18,26800";"9,63215";"-0,02091"
"18,27800";"9,61692";"-0,02174"
"18,28800";"9,60205";"-0,02212"
"18,29800";"9,58717";"-0,02297"
"18,30800";"9,57218";"-0,02070"
"18,31800";"9,55719";"-0,01916"
"18,32800";"9,54220";"-0,01672"
"18,33800";"9,52732";"-0,01747"
"18,34800";"9,51233";"-0,02256"
"18,35800";"9,49710";"-0,02975"
"18,36800";"9,48199";"-0,02863"
"18,37800";"9,46699";"-0,02183"
"18,38800";"9,45200";"-0,01906"
"18,39800";"9,43701";"-0,01486"
"18,40800";"9,42201";"-0,01587"
"18,41800";"9,40714";"-0,02095"
"18,42800";"9,39215";"-0,02583"
"18,43800";"9,37704";"-0,03356"
"18,44800";"9,36192";"-0,03838"
"18,45800";"9,34693";"-0,04365"
"18,46800";"9,33206";"-0,04282"
"18,47800";"9,31694";"-0,04020"
"18,48800";"9,30195";"-0,02976"
"18,49800";"9,28708";"-0,02302"
"18,50800";"9,27220";"-0,01013"
"18,51800";"9,25709";"-0,00392"
"18,52800";"9,24198";"-0,00247"
"18,53800";"9,22699";"-0,00858"
"18,54800";"9,21211";"-0,01502"
"18,55800";"9,19712";"-0,01557"
"18,56800";"9,18201";"-0,01288"
"18,57800";"9,16701";"-0,01476"
"18,58800";"9,15202";"-0,01414"
"18,59800";"9,13703";"-0,01511"
"18,60800";"9,12180";"-0,01819"
"18,61800";"9,10681";"-0,02465"
"18,62800";"9,09205";"-0,02296"
"18,63800";"9,07705";"-0,01599"
"18,64800";"9,06194";"-0,00642"
"18,65800";"9,04695";"-0,00269"
"18,66800";"9,03196";"-0,00965"
"18,67800";"9,01696";"-0,01822"
"18,68800";"9,00185";"-0,01582"
"18,69800";"8,98674";"-0,01984"
"18,70800";"8,97187";"-0,02123"
"18,71800";"8,95699";"-0,02433"
"18,72800";"8,94200";"-0,02941"
"18,73800";"8,92689";"-0,02733"
"18,74800";"8,91190";"-0,01550"
"18,75800";"8,89702";"-0,00901"
"18,76800";"8,88191";"-0,01325"
"18,77800";"8,86680";"-0,02266"
"18,78800";"8,85192";"-0,02736"
"18,79800";"8,83717";"-0,02383"
"18,80800";"8,82206";"-0,01825"
"18,81800";"8,80694";"-0,01418"
"18,82800";"8,79195";"-0,01192"
"18,83800";"8,77696";"-0,00574"
"18,84800";"8,76197";"-0,00728"
"18,85800";"8,74685";"-0,01366"
"18,86800";"8,73198";"-0,02114"
"18,87800";"8,71710";"-0,02385"
"18,88800";"8,70223";"-0,02383"
"18,89800";"8,68712";"-0,02546"
"18,90800";"8,67213";"-0,02310"
"18,91800";"8,65713";"-0,01761"
"18,92800";"8,64214";"-0,01429"
"18,93800";"8,62703";"-0,01276"
"18,94800";"8,61215";"-0,01435"
"18,95800";"8,59728";"-0,01471"
"18,96800";"8,58228";"-0,01019"
"18,97800";"8,56717";"-0,00697"
"18,98800";"8,55206";"-0,00939"
"18,99800";"8,53695";"-0,00795"
"19,00800";"8,52196";"-0,01119"
"19,01800";"8,50685";"-0,00721"
"19,02800";"8,49174";"-0,00757"
"19,03800";"8,47686";"-0,01415"
"19,04800";"8,46199";"-0,01976"
"19,05800";"8,44687";"-0,02683"
"19,06800";"8,43176";"-0,03444"
"19,07800";"8,41665";"-0,03243"
"19,08800";"8,40178";"-0,02600"
"19,09800";"8,38679";"-0,01586"
"19,10800";"8,37179";"-0,01562"
"19,11800";"8,35680";"-0,01938"
"19,12800";"8,34192";"-0,02035"
"19,13800";"8,32705";"-0,01786"
"19,14800";"8,31194";"-0,01011"
"19,15800";"8,29683";"-0,00360"
"19,16800";"8,28183";"-0,00204"
"19,17800";"8,26684";"-0,00759"
"19,18800";"8,25185";"-0,01727"
"19,19800";"8,23685";"-0,02241"
"19,20800";"8,22186";"-0,02632"
"19,21800";"8,20687";"-0,01972"
"19,22800";"8,19188";"-0,01941"
"19,23800";"8,17676";"-0,02840"
"19,24800";"8,16201";"-0,03458"
"19,25800";"8,14713";"-0,03944"
"19,26800";"8,13214";"-0,03664"
"19,27800";"8,11703";"-0,02791"
"19,28800";"8,10204";"-0,01630"
"19,29800";"8,08704";"-0,01563"
"19,30800";"8,07193";"-0,01512"
"19,31800";"8,05682";"-0,01895"
"19,32800";"8,04183";"-0,03375"
"19,33800";"8,02695";"-0,03333"
"19,34800";"8,01208";"-0,02669"
"19,35800";"7,99708";"-0,02062"
"19,36800";"7,98197";"-0,01823"
"19,37800";"7,96710";"-0,01132"
"19,38800";"7,95199";"-0,00955"
"19,39800";"7,93688";"-0,00498"
"19,40800";"7,92188";"-0,00176"
"19,41800";"7,90701";"-0,00394"
"19,42800";"7,89213";"-0,00038"
"19,43800";"7,87714";"0,00320"
"19,44800";"7,86203";"0,00895"
"19,45800";"7,84704";"0,00869"
"19,46800";"7,83204";"0,00020"
"19,47800";"7,81693";"-0,00786"
"19,48800";"7,80194";"-0,00973"
"19,49800";"7,78694";"-0,00787"
"19,50800";"7,77219";"-0,00217"
"19,51800";"7,75719";"-0,00353"
"19,52800";"7,74208";"-0,00871"
"19,53800";"7,72709";"-0,02505"
"19,54800";"7,71222";"-0,03151"
"19,55800";"7,69710";"-0,02794"
"19,56800";"7,68199";"-0,01989"
"19,57800";"7,66712";"-0,01943"
"19,58800";"7,65224";"-0,02200"
"19,59800";"7,63713";"-0,01604"
"19,60800";"7,62202";"-0,00817"
"19,61800";"7,60691";"-0,01323"
"19,62800";"7,59192";"-0,01274"
"19,63800";"7,57681";"-0,01132"
"19,64800";"7,56169";"-0,01690"
"19,65800";"7,54670";"-0,02660"
"19,66800";"7,53183";"-0,03213"
"19,67800";"7,51695";"-0,03439"
"19,68800";"7,50184";"-0,02952"
"19,69800";"7,48685";"-0,03006"
"19,70800";"7,47185";"-0,02917"
"19,71800";"7,45686";"-0,02961"
"19,72800";"7,44187";"-0,02562"
"19,73800";"7,42687";"-0,02836"
"19,74800";"7,41200";"-0,03132"
"19,75800";"7,39701";"-0,02932"
"19,76800";"7,38201";"-0,02386"
"19,77800";"7,36690";"-0,02358"
"19,78800";"7,35191";"-0,02053"
"19,79800";"7,33680";"-0,01716"
"19,80800";"7,32181";"-0,01890"
"19,81800";"7,30681";"-0,01577"
"19,82800";"7,29194";"-0,01544"
"19,83800";"7,27706";"-0,01945"
"19,84800";"7,26207";"-0,02138"
"19,85800";"7,24696";"-0,01864"
"19,86800";"7,23185";"-0,01468"
"19,87800";"7,21685";"-0,01222"
"19,88800";"7,20198";"-0,01305"
"19,89800";"7,18699";"-0,01936"
"19,90800";"7,17199";"-0,02486"
"19,91800";"7,15700";"-0,03448"
"19,92800";"7,14201";"-0,03351"
"19,93800";"7,12690";"-0,02191"
"19,94800";"7,11190";"-0,01426"
"19,95800";"7,09679";"-0,01464"
"19,96800";"7,08192";"-0,01653"
"19,97800";"7,06692";"-0,02131"
"19,98800";"7,05193";"-0,02587"
"19,99800";"7,03694";"-0,02817"
"20,00800";"7,02194";"-0,02519"
"20,01800";"7,00683";"-0,02704"
"20,02800";"6,99172";"-0,03226"
"20,03800";"6,97685";"-0,03436"
"20,04800";"6,96209";"-0,03405"
"20,05800";"6,94733";"-0,03129"
"20,06800";"6,93234";"-0,02908"
"20,07800";"6,91735";"-0,02866"
"20,08800";"6,90235";"-0,02467"
"20,09800";"6,88724";"-0,02137"
"20,10800";"6,87213";"-0,02132"
"20,11800";"6,85702";"-0,01916"
"20,12800";"6,84215";"-0,02000"
"20,13800";"6,82715";"-0,01960"
"20,14800";"6,81204";"-0,02063"
"20,15800";"6,79705";"-0,02256"
"20,16800";"6,78206";"-0,02471"
"20,17800";"6,76718";"-0,02764"
"20,18800";"6,75195";"-0,03326"
"20,19800";"6,73684";"-0,03637"
"20,20800";"6,72185";"-0,03534"
"20,21800";"6,70697";"-0,03172"
"20,22800";"6,69198";"-0,02472"
"20,23800";"6,67687";"-0,01974"
"20,24800";"6,66188";"-0,01808"
"20,25800";"6,64700";"-0,01532"
"20,26800";"6,63189";"-0,01266"
"20,27800";"6,61678";"-0,01160"
"20,28800";"6,60190";"-0,01496"
"20,29800";"6,58703";"-0,02163"
"20,30800";"6,57215";"-0,02394"
"20,31800";"6,55704";"-0,02354"
"20,32800";"6,54193";"-0,02229"
"20,33800";"6,52694";"-0,02539"
"20,34800";"6,51194";"-0,01900"
"20,35800";"6,49683";"-0,01632"
"20,36800";"6,48184";"-0,01837"
"20,37800";"6,46696";"-0,02415"
"20,38800";"6,45209";"-0,02239"
"20,39800";"6,43710";"-0,01528"
"20,40800";"6,42210";"-0,00796"
"20,41800";"6,40711";"-0,00880"
"20,42800";"6,39224";"-0,00824"
"20,43800";"6,37736";"-0,01118"
"20,44800";"6,36237";"-0,02162"
"20,45800";"6,34737";"-0,01950"
"20,46800";"6,33226";"-0,02101"
"20,47800";"6,31703";"-0,02079"
"20,48800";"6,30192";"-0,02299"
"20,49800";"6,28681";"-0,02314"
"20,50800";"6,27182";"-0,01856"
"20,51800";"6,25683";"-0,01830"
"20,52800";"6,24171";"-0,02418"
"20,53800";"6,22684";"-0,02870"
"20,54800";"6,21197";"-0,02890"
"20,55800";"6,19685";"-0,02395"
"20,56800";"6,18174";"-0,02340"
"20,57800";"6,16675";"-0,02881"
"20,58800";"6,15188";"-0,02543"
"20,59800";"6,13688";"-0,01905"
"20,60800";"6,12189";"-0,01165"
"20,61800";"6,10678";"-0,00549"
"20,62800";"6,09190";"0,00145"
"20,63800";"6,07691";"-0,00244"
"20,64800";"6,06192";"-0,00654"
"20,65800";"6,04681";"-0,01345"
"20,66800";"6,03193";"-0,02058"
"20,67800";"6,01706";"-0,02654"
"20,68800";"6,00206";"-0,02393"
"20,69800";"5,98707";"-0,01791"
"20,70800";"5,97208";"-0,02163"
"20,71800";"5,95720";"-0,02803"
"20,72800";"5,94221";"-0,02140"
"20,73800";"5,92698";"-0,02283"
"20,74800";"5,91199";"-0,02178"
"20,75800";"5,89711";"-0,01526"
"20,76800";"5,88212";"-0,01573"
"20,77800";"5,86713";"-0,02275"
"20,78800";"5,85201";"-0,03033"
"20,79800";"5,83714";"-0,03412"
"20,80800";"5,82203";"-0,02912"
"20,81800";"5,80692";"-0,01856"
"20,82800";"5,79192";"-0,01678"
"20,83800";"5,77717";"-0,01867"
"20,84800";"5,76229";"-0,01891"
"20,85800";"5,74718";"-0,02108"
"20,86800";"5,73219";"-0,02633"
"20,87800";"5,71719";"-0,02872"
"20,88800";"5,70232";"-0,02449"
"20,89800";"5,68709";"-0,02418"
"20,90800";"5,67186";"-0,02465"
"20,91800";"5,65687";"-0,02464"
"20,92800";"5,64199";"-0,02009"
"20,93800";"5,62688";"-0,01902"
"20,94800";"5,61177";"-0,01871"
"20,95800";"5,59678";"-0,01469"
"20,96800";"5,58179";"-0,02113"
"20,97800";"5,56679";"-0,02648"
"20,98800";"5,55180";"-0,02871"
"20,99800";"5,53692";"-0,02532"
"21,00800";"5,52217";"-0,02508"
"21,01800";"5,50717";"-0,02034"
"21,02800";"5,49206";"-0,01442"
"21,03800";"5,47707";"-0,01949"
"21,04800";"5,46208";"-0,02177"
"21,05800";"5,44697";"-0,01740"
"21,06800";"5,43197";"-0,02031"
"21,07800";"5,41698";"-0,01811"
"21,08800";"5,40210";"-0,01682"
"21,09800";"5,38723";"-0,01587"
"21,10800";"5,37212";"-0,01989"
"21,11800";"5,35713";"-0,01648"
"21,12800";"5,34213";"-0,01678"
"21,13800";"5,32714";"-0,01985"
"21,14800";"5,31203";"-0,02171"
"21,15800";"5,29715";"-0,02846"
"21,16800";"5,28216";"-0,02937"
"21,17800";"5,26717";"-0,02566"
"21,18800";"5,25206";"-0,02983"
"21,19800";"5,23694";"-0,02990"
"21,20800";"5,22195";"-0,02664"
"21,21800";"5,20696";"-0,01765"
"21,22800";"5,19185";"-0,01364"
"21,23800";"5,17685";"-0,01202"
"21,24800";"5,16198";"-0,01125"
"21,25800";"5,14722";"-0,00980"
"21,26800";"5,13223";"-0,01253"
"21,27800";"5,11700";"-0,01731"
"21,28800";"5,10189";"-0,01656"
"21,29800";"5,08701";"-0,01634"
"21,30800";"5,07214";"-0,02142"
"21,31800";"5,05715";"-0,03018"
"21,32800";"5,04215";"-0,03331"
"21,33800";"5,02716";"-0,03836"
"21,34800";"5,01217";"-0,03603"
"21,35800";"4,99694";"-0,03092"
"21,36800";"4,98183";"-0,02893"
"21,37800";"4,96683";"-0,02591"
"21,38800";"4,95184";"-0,01419"
"21,39800";"4,93673";"-0,00833"
"21,40800";"4,92174";"-0,00867"
"21,41800";"4,90686";"-0,00853"
"21,42800";"4,89199";"-0,01774"
"21,43800";"4,87688";"-0,02171"
"21,44800";"4,86176";"-0,02755"
"21,45800";"4,84677";"-0,03907"
"21,46800";"4,83201";"-0,03923"
"21,47800";"4,81714";"-0,03385"
"21,48800";"4,80203";"-0,03107"
"21,49800";"4,78703";"-0,03263"
"21,50800";"4,77216";"-0,02594"
"21,51800";"4,75705";"-0,01635"
"21,52800";"4,74194";"-0,01432"
"21,53800";"4,72683";"-0,02248"
"21,54800";"4,71207";"-0,03008"
"21,55800";"4,69719";"-0,02864"
"21,56800";"4,68208";"-0,02736"
"21,57800";"4,66697";"-0,02829"
"21,58800";"4,65222";"-0,02811"
"21,59800";"4,63722";"-0,02636"
"21,60800";"4,62199";"-0,03210"
"21,61800";"4,60700";"-0,02829"
"21,62800";"4,59201";"-0,02213"
"21,63800";"4,57713";"-0,02062"
"21,64800";"4,56214";"-0,01996"
"21,65800";"4,54715";"-0,01897"
"21,66800";"4,53227";"-0,01494"
"21,67800";"4,51740";"-0,01519"
"21,68800";"4,50228";"-0,02215"
"21,69800";"4,48717";"-0,02651"
"21,70800";"4,47230";"-0,02514"
"21,71800";"4,45742";"-0,01913"
"21,72800";"4,44243";"-0,01315"
"21,73800";"4,42720";"-0,01917"
"21,74800";"4,41221";"-0,03263"
"21,75800";"4,39722";"-0,03704"
"21,76800";"4,38210";"-0,03635"
"21,77800";"4,36699";"-0,02807"
"21,78800";"4,35200";"-0,03152"
"21,79800";"4,33712";"-0,03284"
"21,80800";"4,32213";"-0,02759"
"21,81800";"4,30702";"-0,02446"
"21,82800";"4,29203";"-0,02011"
"21,83800";"4,27715";"-0,01717"
"21,84800";"4,26216";"-0,02039"
"21,85800";"4,24717";"-0,01776"
"21,86800";"4,23217";"-0,01110"
"21,87800";"4,21742";"-0,01142"
"21,88800";"4,20242";"-0,01117"
"21,89800";"4,18731";"-0,01021"
"21,90800";"4,17208";"-0,01385"
"21,91800";"4,15709";"-0,02079"
"21,92800";"4,14222";"-0,02411"
"21,93800";"4,12710";"-0,01891"
"21,94800";"4,11199";"-0,01947"
"21,95800";"4,09712";"-0,02408"
"21,96800";"4,08224";"-0,02446"
"21,97800";"4,06713";"-0,02209"
"21,98800";"4,05190";"-0,02470"
"21,99800";"4,03691";"-0,02975"
"22,00800";"4,02215";"-0,02268"
"22,01800";"4,00716";"-0,02001"
"22,02800";"3,99193";"-0,01943"
"22,03800";"3,97694";"-0,01794"
"22,04800";"3,96206";"-0,00910"
"22,05800";"3,94695";"-0,00303"
"22,06800";"3,93172";"-0,00942"
"22,07800";"3,91673";"-0,02355"
"22,08800";"3,90185";"-0,02652"
"22,09800";"3,88698";"-0,02470"
"22,10800";"3,87175";"-0,02003"
"22,11800";"3,85676";"-0,02229"
"22,12800";"3,84176";"-0,02377"
"22,13800";"3,82677";"-0,02886"
"22,14800";"3,81166";"-0,02897"
"22,15800";"3,79655";"-0,02559"
"22,16800";"3,78156";"-0,02099"
"22,17800";"3,76680";"-0,01803"
"22,18800";"3,75169";"-0,01391"
"22,19800";"3,73669";"-0,01054"
"22,20800";"3,72170";"-0,01602"
"22,21800";"3,70671";"-0,02271"
"22,22800";"3,69160";"-0,01976"
"22,23800";"3,67649";"-0,01982"
"22,24800";"3,66173";"-0,02093"
"22,25800";"3,64697";"-0,02246"
"22,26800";"3,63210";"-0,02636"
"22,27800";"3,61699";"-0,03100"
"22,28800";"3,60211";"-0,04052"
"22,29800";"3,58724";"-0,04284"
"22,30800";"3,57224";"-0,03945"
"22,31800";"3,55701";"-0,03030"
"22,32800";"3,54202";"-0,02569"
"22,33800";"3,52726";"-0,01925"
"22,34800";"3,51227";"-0,01109"
"22,35800";"3,49704";"-0,00885"
"22,36800";"3,48193";"-0,01728"
"22,37800";"3,46706";"-0,03157"
"22,38800";"3,45194";"-0,04091"
"22,39800";"3,43695";"-0,03921"
"22,40800";"3,42208";"-0,03252"
"22,41800";"3,40732";"-0,02252"
"22,42800";"3,39233";"-0,01452"
"22,43800";"3,37722";"-0,01865"
"22,44800";"3,36210";"-0,02348"
"22,45800";"3,34711";"-0,02207"
"22,46800";"3,33200";"-0,02345"
"22,47800";"3,31689";"-0,02103"
"22,48800";"3,30190";"-0,02991"
"22,49800";"3,28702";"-0,04048"
"22,50800";"3,27215";"-0,03646"
"22,51800";"3,25703";"-0,03914"
"22,52800";"3,24192";"-0,04062"
"22,53800";"3,22693";"-0,03477"
"22,54800";"3,21194";"-0,02765"
"22,55800";"3,19694";"-0,02738"
"22,56800";"3,18195";"-0,02590"
"22,57800";"3,16696";"-0,02631"
"22,58800";"3,15208";"-0,02451"
"22,59800";"3,13697";"-0,02256"
"22,60800";"3,12198";"-0,02146"
"22,61800";"3,10687";"-0,02254"
"22,62800";"3,09199";"-0,02157"
"22,63800";"3,07700";"-0,01787"
"22,64800";"3,06201";"-0,01945"
"22,65800";"3,04701";"-0,01014"
"22,66800";"3,03202";"-0,00351"
"22,67800";"3,01703";"-0,00869"
"22,68800";"3,00192";"-0,02159"
"22,69800";"2,98681";"-0,02739"
"22,70800";"2,97193";"-0,03254"
"22,71800";"2,95706";"-0,03073"
"22,72800";"2,94206";"-0,02730"
"22,73800";"2,92707";"-0,02780"
"22,74800";"2,91208";"-0,03153"
"22,75800";"2,89708";"-0,03179"
"22,76800";"2,88197";"-0,02697"
"22,77800";"2,86686";"-0,02473"
"22,78800";"2,85199";"-0,03069"
"22,79800";"2,83699";"-0,02673"
"22,80800";"2,82212";"-0,01940"
"22,81800";"2,80713";"-0,01228"
"22,82800";"2,79213";"-0,01237"
"22,83800";"2,77714";"-0,01609"
"22,84800";"2,76215";"-0,02401"
"22,85800";"2,74692";"-0,02412"
"22,86800";"2,73192";"-0,02773"
"22,87800";"2,71705";"-0,02872"
"22,88800";"2,70206";"-0,02463"
"22,89800";"2,68694";"-0,02150"
"22,90800";"2,67195";"-0,01736"
"22,91800";"2,65696";"-0,01450"
"22,92800";"2,64197";"-0,02036"
"22,93800";"2,62674";"-0,02303"
"22,94800";"2,61174";"-0,02109"
"22,95800";"2,59687";"-0,02446"
"22,96800";"2,58199";"-0,02903"
"22,97800";"2,56688";"-0,02795"
"22,98800";"2,55177";"-0,02491"
"22,99800";"2,53690";"-0,02677"
"23,00800";"2,52190";"-0,03165"
"23,01800";"2,50679";"-0,03588"
"23,02800";"2,49192";"-0,04000"
"23,03800";"2,47704";"-0,03724"
"23,04800";"2,46228";"-0,03616"
"23,05800";"2,44717";"-0,03374"
"23,06800";"2,43194";"-0,02573"
"23,07800";"2,41683";"-0,01376"
"23,08800";"2,40184";"-0,01090"
"23,09800";"2,38673";"-0,01533"
"23,10800";"2,37162";"-0,02297"
"23,11800";"2,35663";"-0,02583"
"23,12800";"2,34199";"-0,01506"
"23,13800";"2,32699";"-0,01207"
"23,14800";"2,31200";"-0,01287"
"23,15800";"2,29701";"-0,02076"
"23,16800";"2,28213";"-0,02680"
"23,17800";"2,26714";"-0,02862"
"23,18800";"2,25215";"-0,02327"
"23,19800";"2,23715";"-0,01792"
"23,20800";"2,22216";"-0,01400"
"23,21800";"2,20717";"-0,01356"
"23,22800";"2,19217";"-0,01282"
"23,23800";"2,17706";"-0,01341"
"23,24800";"2,16207";"-0,02001"
"23,25800";"2,14696";"-0,01961"
"23,26800";"2,13197";"-0,02148"
"23,27800";"2,11697";"-0,02852"
"23,28800";"2,10198";"-0,03378"
"23,29800";"2,08699";"-0,04061"
"23,30800";"2,07188";"-0,04332"
"23,31800";"2,05676";"-0,04336"
"23,32800";"2,04177";"-0,03910"
"23,33800";"2,02678";"-0,03952"
"23,34800";"2,01178";"-0,02944"
"23,35800";"1,99679";"-0,02886"
"23,36800";"1,98203";"-0,02565"
"23,37800";"1,96704";"-0,02316"
"23,38800";"1,95205";"-0,02102"
"23,39800";"1,93694";"-0,02008"
"23,40800";"1,92194";"-0,02978"
"23,41800";"1,90695";"-0,03831"
"23,42800";"1,89196";"-0,04088"
"23,43800";"1,87697";"-0,04016"
"23,44800";"1,86197";"-0,03407"
"23,45800";"1,84698";"-0,03258"
"23,46800";"1,83210";"-0,03318"
"23,47800";"1,81699";"-0,02949"
"23,48800";"1,80188";"-0,02483"
"23,49800";"1,78689";"-0,02047"
"23,50800";"1,77201";"-0,01223"
"23,51800";"1,75702";"-0,00545"
"23,52800";"1,74191";"-0,01034"
"23,53800";"1,72692";"-0,01609"
"23,54800";"1,71204";"-0,01755"
"23,55800";"1,69705";"-0,01736"
"23,56800";"1,68194";"-0,02119"
"23,57800";"1,66694";"-0,02128"
"23,58800";"1,65207";"-0,02608"
"23,59800";"1,63708";"-0,02648"
"23,60800";"1,62208";"-0,01626"
"23,61800";"1,60709";"-0,01260"
"23,62800";"1,59210";"-0,01441"
"23,63800";"1,57710";"-0,00849"
"23,64800";"1,56199";"-0,01464"
"23,65800";"1,54700";"-0,01807"
"23,66800";"1,53201";"-0,01985"
"23,67800";"1,51713";"-0,01857"
"23,68800";"1,50202";"-0,01576"
"23,69800";"1,48691";"-0,01471"
"23,70800";"1,47192";"-0,01484"
"23,71800";"1,45692";"-0,01568"
"23,72800";"1,44193";"-0,01423"
"23,73800";"1,42682";"-0,01630"
"23,74800";"1,41194";"-0,01996"
"23,75800";"1,39695";"-0,01506"
"23,76800";"1,38196";"-0,01472"
"23,77800";"1,36685";"-0,02605"
"23,78800";"1,35185";"-0,03232"
"23,79800";"1,33686";"-0,03408"
"23,80800";"1,32175";"-0,03139"
"23,81800";"1,30676";"-0,02885"
"23,82800";"1,29188";"-0,02244"
"23,83800";"1,27701";"-0,02462"
"23,84800";"1,26213";"-0,02271"
"23,85800";"1,24702";"-0,01711"
"23,86800";"1,23215";"-0,02014"
"23,87800";"1,21715";"-0,02868"
"23,88800";"1,20216";"-0,02879"
"23,89800";"1,18705";"-0,02997"
"23,90800";"1,17206";"-0,02874"
"23,91800";"1,15718";"-0,02494"
"23,92800";"1,14219";"-0,01592"
"23,93800";"1,12708";"-0,01013"
"23,94800";"1,11197";"-0,01289"
"23,95800";"1,09685";"-0,01777"
"23,96800";"1,08198";"-0,02149"
"23,97800";"1,06710";"-0,02419"
"23,98800";"1,05211";"-0,02070"
"23,99800";"1,03700";"-0,02004"
"24,00800";"1,02201";"-0,01861"
"24,01800";"1,00701";"-0,01764"
"24,02800";"0,99190";"-0,01816"
"24,03800";"0,97691";"-0,02580"
"24,04800";"0,96192";"-0,02957"
"24,05800";"0,94692";"-0,03011"
"24,06800";"0,93193";"-0,02981"
"24,07800";"0,91706";"-0,02793"
"24,08800";"0,90206";"-0,01582"
"24,09800";"0,88695";"-0,00777"
"24,10800";"0,87196";"-0,00948"
"24,11800";"0,85685";"-0,01345"
"24,12800";"0,84185";"-0,01705"
"24,13800";"0,82698";"-0,01786"
"24,14800";"0,81199";"-0,01378"
"24,15800";"0,79699";"-0,01149"
"24,16800";"0,78212";"-0,01258"
"24,17800";"0,76724";"-0,02132"
"24,18800";"0,75225";"-0,02650"
"24,19800";"0,73714";"-0,03249"
"24,20800";"0,72215";"-0,03333"
"24,21800";"0,70727";"-0,02959"
"24,22800";"0,69216";"-0,02536"
"24,23800";"0,67705";"-0,02031"
"24,24800";"0,66206";"-0,02011"
"24,25800";"0,64718";"-0,02436"
"24,26800";"0,63207";"-0,02519"
"24,27800";"0,61696";"-0,03401"
"24,28800";"0,60197";"-0,03912"
"24,29800";"0,58709";"-0,04064"
"24,30800";"0,57198";"-0,03937"
"24,31800";"0,55687";"-0,03569"
"24,32800";"0,54176";"-0,03412"
"24,33800";"0,52676";"-0,03273"
"24,34800";"0,51177";"-0,02572"
"24,35800";"0,49666";"-0,01707"
"24,36800";"0,48167";"-0,01532"
"24,37800";"0,46679";"-0,01992"
"24,38800";"0,45203";"-0,02186"
"24,39800";"0,43692";"-0,01957"
"24,40800";"0,42193";"-0,02067"
"24,41800";"0,40694";"-0,02760"
"24,42800";"0,39194";"-0,03503"
"24,43800";"0,37683";"-0,03285"
"24,44800";"0,36172";"-0,03038"
"24,45800";"0,34685";"-0,03373"
"24,46800";"0,33209";"-0,04041"
"24,47800";"0,31710";"-0,04391"
"24,48800";"0,30199";"-0,04889"
"24,49800";"0,28699";"-0,04884"
"24,50800";"0,27212";"-0,03916"
"24,51800";"0,25701";"-0,02858"
"24,52800";"0,24190";"-0,02176"
"24,53800";"0,22690";"-0,01832"
"24,54800";"0,21203";"-0,01938"
"24,55800";"0,19715";"-0,02575"
"24,56800";"0,18192";"-0,03248"
"24,57800";"0,16693";"-0,03437"
"24,58800";"0,15194";"-0,03241"
"24,59800";"0,13706";"-0,02507"
"24,60800";"0,12207";"-0,02552"
"24,61800";"0,10708";"-0,02704"
"24,62800";"0,09232";"-0,02989"
"24,63800";"0,07733";"-0,02724"
"24,64800";"0,06222";"-0,02719"
"24,65800";"0,04710";"-0,02658"
"24,66800";"0,03211";"-0,02543"
"24,67800";"0,01712";"-0,02427"
"24,68800";"0,00213";"-0,02253"
"24,69000";"-0,00094";"-0,02124"
"24,69200";"-0,00390";"-0,01972"
"24,70200";"-0,01676";"-0,01414"
"24,71200";"-0,02397";"-0,00353"
"24,72000";"-0,02597";"0,00826"
"24,73000";"-0,02479";"0,02506"
"24,74000";"-0,01936";"0,03256"
"24,75000";"-0,00732";"0,04299"
"24,76000";"0,00992";"0,05263"
"24,77000";"0,03034";"0,05589"
"24,78000";"0,05183";"0,04604"
"24,79000";"0,07355";"0,01623"
"24,80000";"0,09480";"-0,01357"
"24,81000";"0,11522";"-0,03061"
"24,82000";"0,13482";"-0,03874"
"24,83000";"0,15347";"-0,04250"
"24,84000";"0,17142";"-0,04319"
"24,85000";"0,18889";"-0,03005"
"24,86000";"0,20589";"-0,01474"
"24,87000";"0,22242";"-0,00556"
"24,88000";"0,23859";"-0,00485"
"24,89000";"0,25441";"-0,01257"
"24,90000";"0,27011";"-0,02387"
"24,91000";"0,28558";"-0,03070"
"24,92000";"0,30116";"-0,02868"
"24,93000";"0,31651";"-0,02731"
"24,94000";"0,33197";"-0,03291"
"24,95000";"0,34708";"-0,04101"
"24,96000";"0,36231";"-0,03998"
"24,97000";"0,37742";"-0,03497"
"24,98000";"0,39242";"-0,03114"
"24,99000";"0,40753";"-0,02264"
"25,00000";"0,42264";"-0,02015"
"25,01000";"0,43775";"-0,02673"
"25,02000";"0,45286";"-0,03683"
"25,03000";"0,46797";"-0,04299"
"25,04000";"0,48285";"-0,03917"
"25,05000";"0,49796";"-0,03535"
"25,06000";"0,51283";"-0,02982"
"25,07000";"0,52771";"-0,02566"
"25,08000";"0,54282";"-0,01818"
"25,09000";"0,55781";"-0,01780"
"25,10000";"0,57281";"-0,02419"
"25,11000";"0,58792";"-0,03046"
"25,12000";"0,60291";"-0,03269"
"25,13000";"0,61790";"-0,03179"
"25,14000";"0,63290";"-0,02970"
"25,15000";"0,64801";"-0,02852"
"25,16000";"0,66300";"-0,02626"
"25,17000";"0,67811";"-0,02891"
"25,18000";"0,69299";"-0,03319"
"25,19000";"0,70786";"-0,03804"
"25,20000";"0,72297";"-0,03922"
"25,21000";"0,73797";"-0,03485"
"25,22000";"0,75296";"-0,02846"
"25,23000";"0,76795";"-0,02679"
"25,24000";"0,78306";"-0,02327"
"25,25000";"0,79806";"-0,01640"
"25,26000";"0,81305";"-0,01449"
"25,27000";"0,82804";"-0,00980"
"25,28000";"0,84292";"-0,00624"
"25,29000";"0,85791";"-0,00397"
"25,30000";"0,87278";"-0,01146"
"25,31000";"0,88778";"-0,02064"
"25,32000";"0,90289";"-0,03008"
"25,33000";"0,91788";"-0,03612"
"25,34000";"0,93299";"-0,03087"
"25,35000";"0,94799";"-0,03029"
"25,36000";"0,96298";"-0,03264"
"25,37000";"0,97797";"-0,03964"
"25,38000";"0,99297";"-0,04196"
"25,39000";"1,00796";"-0,03811"
"25,40000";"1,02295";"-0,04140"
"25,41000";"1,03806";"-0,04115"
"25,42000";"1,05306";"-0,04055"
"25,43000";"1,06805";"-0,04005"
"25,44000";"1,08304";"-0,03910"
"25,45000";"1,09803";"-0,03701"
"25,46000";"1,11303";"-0,02904"
"25,47000";"1,12802";"-0,02572"
"25,48000";"1,14313";"-0,03172"
"25,49000";"1,15801";"-0,03449"
"25,50000";"1,17300";"-0,03566"
"25,51000";"1,18799";"-0,03407"
"25,52000";"1,20299";"-0,03096"
"25,53000";"1,21798";"-0,03146"
"25,54000";"1,23297";"-0,02437"
"25,55000";"1,24797";"-0,01802"
"25,56000";"1,26308";"-0,01767"
"25,57000";"1,27819";"-0,01127"
"25,58000";"1,29306";"-0,01211"
"25,59000";"1,30806";"-0,01865"
"25,60000";"1,32305";"-0,02770"
"25,61000";"1,33792";"-0,03149"
"25,62000";"1,35292";"-0,03062"
"25,63000";"1,36791";"-0,02451"
"25,64000";"1,38302";"-0,02329"
"25,65000";"1,39801";"-0,01697"
"25,66000";"1,41313";"-0,01030"
"25,67000";"1,42800";"-0,00528"
"25,68000";"1,44299";"-0,00581"
"25,69000";"1,45799";"-0,01188"
"25,70000";"1,47286";"-0,02460"
"25,71000";"1,48797";"-0,03751"
"25,72000";"1,50297";"-0,04475"
"25,73000";"1,51808";"-0,04518"
"25,74000";"1,53307";"-0,04198"
"25,75000";"1,54806";"-0,03646"
"25,76000";"1,56306";"-0,02842"
"25,77000";"1,57805";"-0,02289"
"25,78000";"1,59304";"-0,02027"
"25,79000";"1,60815";"-0,02154"
"25,80000";"1,62315";"-0,02477"
"25,81000";"1,63814";"-0,02959"
"25,82000";"1,65301";"-0,03704"
"25,83000";"1,66801";"-0,03680"
"25,84000";"1,68300";"-0,02816"
"25,85000";"1,69799";"-0,01984"
"25,86000";"1,71299";"-0,01701"
"25,87000";"1,72798";"-0,01765"
"25,88000";"1,74297";"-0,02252"
"25,89000";"1,75808";"-0,02209"
"25,90000";"1,77296";"-0,02433"
"25,91000";"1,78783";"-0,02461"
"25,92000";"1,80283";"-0,02572"
"25,93000";"1,81782";"-0,02370"
"25,94000";"1,83269";"-0,03365"
"25,95000";"1,84781";"-0,03881"
"25,96000";"1,86280";"-0,04269"
"25,97000";"1,87791";"-0,04474"
"25,98000";"1,89290";"-0,03871"
"25,99000";"1,90790";"-0,02958"
"26,00000";"1,92301";"-0,02114"
"26,01000";"1,93800";"-0,01857"
"26,02000";"1,95288";"-0,02694"
"26,03000";"1,96799";"-0,02985"
"26,04000";"1,98298";"-0,03030"
"26,05000";"1,99797";"-0,02981"
"26,06000";"2,01297";"-0,03042"
"26,07000";"2,02796";"-0,02479"
"26,08000";"2,04283";"-0,01915"
"26,09000";"2,05783";"-0,02067"
"26,10000";"2,07282";"-0,02591"
"26,11000";"2,08793";"-0,03152"
"26,12000";"2,10281";"-0,03580"
"26,13000";"2,11780";"-0,03536"
"26,14000";"2,13291";"-0,03708"
"26,15000";"2,14778";"-0,03228"
"26,16000";"2,16278";"-0,03167"
"26,17000";"2,17789";"-0,03272"
"26,18000";"2,19288";"-0,02992"
"26,19000";"2,20799";"-0,02456"
"26,20000";"2,22299";"-0,01741"
"26,21000";"2,23810";"-0,01578"
"26,22000";"2,25309";"-0,01021"
"26,23000";"2,26820";"-0,00698"
"26,24000";"2,28308";"-0,01331"
"26,25000";"2,29807";"-0,02363"
"26,26000";"2,31306";"-0,02548"
"26,27000";"2,32806";"-0,02339"
"26,28000";"2,34305";"-0,02281"
"26,29000";"2,35816";"-0,02268"
"26,30000";"2,37315";"-0,02651"
"26,31000";"2,38826";"-0,02719"
"26,32000";"2,40314";"-0,02330"
"26,33000";"2,41813";"-0,02429"
"26,34000";"2,43313";"-0,02436"
"26,35000";"2,44812";"-0,02434"
"26,36000";"2,46323";"-0,02732"
"26,37000";"2,47810";"-0,03046"
"26,38000";"2,49310";"-0,03274"
"26,39000";"2,50809";"-0,03206"
"26,40000";"2,52285";"-0,02976"
"26,41000";"2,53772";"-0,02530"
"26,42000";"2,55260";"-0,02622"
"26,43000";"2,56747";"-0,02938"
"26,44000";"2,58235";"-0,03041"
"26,45000";"2,59722";"-0,02906"
"26,46000";"2,61222";"-0,02163"
"26,47000";"2,62721";"-0,02224"
"26,48000";"2,64220";"-0,01794"
"26,49000";"2,65743";"-0,01199"
"26,50000";"2,67254";"-0,01180"
"26,51000";"2,68765";"-0,01408"
"26,52000";"2,70276";"-0,01713"
"26,53000";"2,71799";"-0,01541"
"26,54000";"2,73334";"-0,01169"
"26,55000";"2,74845";"-0,01424"
"26,56000";"2,76344";"-0,01597"
"26,57000";"2,77844";"-0,01414"
"26,58000";"2,79343";"-0,01360"
"26,59000";"2,80842";"-0,01114"
"26,60000";"2,82342";"-0,01593"
"26,61000";"2,83841";"-0,02248"
"26,62000";"2,85340";"-0,01631"
"26,63000";"2,86840";"-0,01440"
"26,64000";"2,88327";"-0,01823"
"26,65000";"2,89826";"-0,02723"
"26,66000";"2,91314";"-0,03326"
"26,67000";"2,92813";"-0,03663"
"26,68000";"2,94313";"-0,02971"
"26,69000";"2,95812";"-0,02377"
"26,70000";"2,97311";"-0,02040"
"26,71000";"2,98810";"-0,01534"
"26,72000";"3,00298";"-0,01138"
"26,73000";"3,01785";"-0,00990"
"26,74000";"3,03285";"-0,00684"
"26,75000";"3,04760";"-0,01493"
"26,76000";"3,06248";"-0,02254"
"26,77000";"3,07735";"-0,02341"
"26,78000";"3,09246";"-0,02499"
"26,79000";"3,10746";"-0,02556"
"26,80000";"3,12257";"-0,02465"
"26,81000";"3,13768";"-0,03253"
"26,82000";"3,15279";"-0,03423"
"26,83000";"3,16790";"-0,03055"
"26,84000";"3,18301";"-0,03105"
"26,85000";"3,19812";"-0,03687"
"26,86000";"3,21324";"-0,04147"
"26,87000";"3,22811";"-0,04114"
"26,88000";"3,24322";"-0,03561"
"26,89000";"3,25845";"-0,02751"
"26,90000";"3,27356";"-0,02432"
"26,91000";"3,28856";"-0,02135"
"26,92000";"3,30367";"-0,02255"
"26,93000";"3,31866";"-0,02121"
"26,94000";"3,33353";"-0,02420"
"26,95000";"3,34841";"-0,03421"
"26,96000";"3,36328";"-0,04070"
"26,97000";"3,37816";"-0,04164"
"26,98000";"3,39327";"-0,03632"
"26,99000";"3,40826";"-0,02601"
"27,00000";"3,42326";"-0,01862"
"27,01000";"3,43813";"-0,01314"
"27,02000";"3,45301";"-0,01161"
"27,03000";"3,46776";"-0,01214"
"27,04000";"3,48264";"-0,01658"
"27,05000";"3,49740";"-0,01507"
"27,06000";"3,51227";"-0,01107"
"27,07000";"3,52726";"-0,01141"
"27,08000";"3,54214";"-0,01387"
"27,09000";"3,55737";"-0,01901"
"27,10000";"3,57260";"-0,01778"
"27,11000";"3,58783";"-0,01839"
"27,12000";"3,60282";"-0,02377"
"27,13000";"3,61793";"-0,01796"
"27,14000";"3,63292";"-0,01033"
"27,15000";"3,64803";"-0,01551"
"27,16000";"3,66315";"-0,02187"
"27,17000";"3,67826";"-0,02675"
"27,18000";"3,69325";"-0,03018"
"27,19000";"3,70824";"-0,03511"
"27,20000";"3,72324";"-0,02606"
"27,21000";"3,73823";"-0,01389"
"27,22000";"3,75334";"-0,00508"
"27,23000";"3,76833";"-0,00792"
"27,24000";"3,78344";"-0,01664"
"27,25000";"3,79844";"-0,02062"
"27,26000";"3,81331";"-0,02223"
"27,27000";"3,82819";"-0,02283"
"27,28000";"3,84306";"-0,02853"
"27,29000";"3,85806";"-0,03174"
"27,30000";"3,87305";"-0,02904"
"27,31000";"3,88816";"-0,02994"
"27,32000";"3,90315";"-0,02950"
"27,33000";"3,91815";"-0,03060"
"27,34000";"3,93302";"-0,03365"
"27,35000";"3,94790";"-0,04004"
"27,36000";"3,96289";"-0,04458"
"27,37000";"3,97776";"-0,04890"
"27,38000";"3,99276";"-0,04212"
"27,39000";"4,00775";"-0,03531"
"27,40000";"4,02274";"-0,02361"
"27,41000";"4,03774";"-0,01900"
"27,42000";"4,05273";"-0,01872"
"27,43000";"4,06784";"-0,02017"
"27,44000";"4,08295";"-0,02305"
"27,45000";"4,09794";"-0,02497"
"27,46000";"4,11317";"-0,02245"
"27,47000";"4,12840";"-0,01606"
"27,48000";"4,14351";"-0,01096"
"27,49000";"4,15863";"-0,01286"
"27,50000";"4,17362";"-0,02031"
"27,51000";"4,18849";"-0,02072"
"27,52000";"4,20349";"-0,02555"
"27,53000";"4,21848";"-0,02088"
"27,54000";"4,23347";"-0,01568"
"27,55000";"4,24835";"-0,02127"
"27,56000";"4,26322";"-0,02782"
"27,57000";"4,27810";"-0,02611"
"27,58000";"4,29297";"-0,02699"
"27,59000";"4,30785";"-0,03484"
"27,60000";"4,32296";"-0,03501"
"27,61000";"4,33795";"-0,02917"
"27,62000";"4,35294";"-0,02771"
"27,63000";"4,36782";"-0,02791"
"27,64000";"4,38281";"-0,03002"
"27,65000";"4,39781";"-0,02817"
"27,66000";"4,41268";"-0,02558"
"27,67000";"4,42767";"-0,02645"
"27,68000";"4,44267";"-0,02999"
"27,69000";"4,45778";"-0,02961"
"27,70000";"4,47289";"-0,03314"
"27,71000";"4,48788";"-0,03289"
"27,72000";"4,50299";"-0,03465"
"27,73000";"4,51799";"-0,02743"
"27,74000";"4,53298";"-0,02511"
"27,75000";"4,54821";"-0,02646"
"27,76000";"4,56332";"-0,02724"
"27,77000";"4,57843";"-0,02904"
"27,78000";"4,59342";"-0,02771"
"27,79000";"4,60830";"-0,02997"
"27,80000";"4,62329";"-0,03095"
"27,81000";"4,63805";"-0,03274"
"27,82000";"4,65292";"-0,03039"
"27,83000";"4,66792";"-0,02403"
"27,84000";"4,68291";"-0,01809"
"27,85000";"4,69802";"-0,02152"
"27,86000";"4,71301";"-0,02879"
"27,87000";"4,72801";"-0,03621"
"27,88000";"4,74312";"-0,04315"
"27,89000";"4,75799";"-0,04414"
"27,90000";"4,77287";"-0,04020"
"27,91000";"4,78774";"-0,03592"
"27,92000";"4,80274";"-0,03188"
"27,93000";"4,81773";"-0,02020"
"27,94000";"4,83284";"-0,01382"
"27,95000";"4,84783";"-0,01697"
"27,96000";"4,86283";"-0,02663"
"27,97000";"4,87782";"-0,03010"
"27,98000";"4,89281";"-0,03410"
"27,99000";"4,90781";"-0,03384"
"28,00000";"4,92280";"-0,03730"
"28,01000";"4,93791";"-0,03740"
"28,02000";"4,95302";"-0,03472"
"28,03000";"4,96813";"-0,03534"
"28,04000";"4,98324";"-0,02883"
"28,05000";"4,99824";"-0,02913"
"28,06000";"5,01323";"-0,03296"
"28,07000";"5,02822";"-0,03242"
"28,08000";"5,04322";"-0,02902"
"28,09000";"5,05833";"-0,02692"
"28,10000";"5,07332";"-0,02643"
"28,11000";"5,08831";"-0,02350"
"28,12000";"5,10319";"-0,02837"
"28,13000";"5,11806";"-0,03179"
"28,14000";"5,13306";"-0,03549"
"28,15000";"5,14805";"-0,03194"
"28,16000";"5,16304";"-0,03131"
"28,17000";"5,17815";"-0,03597"
"28,18000";"5,19315";"-0,03887"
"28,19000";"5,20802";"-0,03440"
"28,20000";"5,22301";"-0,02767"
"28,21000";"5,23777";"-0,03296"
"28,22000";"5,25276";"-0,04001"
"28,23000";"5,26776";"-0,04021"
"28,24000";"5,28275";"-0,04026"
"28,25000";"5,29786";"-0,03755"
"28,26000";"5,31297";"-0,03136"
"28,27000";"5,32808";"-0,02283"
"28,28000";"5,34308";"-0,01737"
"28,29000";"5,35807";"-0,01414"
"28,30000";"5,37306";"-0,01934"
"28,31000";"5,38817";"-0,01859"
"28,32000";"5,40317";"-0,01808"
"28,33000";"5,41828";"-0,02125"
"28,34000";"5,43327";"-0,02893"
"28,35000";"5,44826";"-0,03412"
"28,36000";"5,46326";"-0,02919"
"28,37000";"5,47813";"-0,02858"
"28,38000";"5,49312";"-0,03500"
"28,39000";"5,50812";"-0,04432"
"28,40000";"5,52311";"-0,04618"
"28,41000";"5,53799";"-0,04661"
"28,42000";"5,55310";"-0,04941"
"28,43000";"5,56809";"-0,04568"
"28,44000";"5,58308";"-0,04407"
"28,45000";"5,59796";"-0,03872"
"28,46000";"5,61283";"-0,02967"
"28,47000";"5,62783";"-0,01552"
"28,48000";"5,64282";"-0,00638"
"28,49000";"5,65781";"-0,01055"
"28,50000";"5,67292";"-0,00942"
"28,51000";"5,68792";"-0,01000"
"28,52000";"5,70291";"-0,02074"
"28,53000";"5,71778";"-0,02453"
"28,54000";"5,73301";"-0,02484"
"28,55000";"5,74813";"-0,02260"
"28,56000";"5,76324";"-0,02343"
"28,57000";"5,77823";"-0,02182"
"28,58000";"5,79322";"-0,02225"
"28,59000";"5,80822";"-0,02178"
"28,60000";"5,82321";"-0,02642"
"28,61000";"5,83808";"-0,03468"
"28,62000";"5,85308";"-0,04124"
"28,63000";"5,86807";"-0,03838"
"28,64000";"5,88306";"-0,03158"
"28,65000";"5,89817";"-0,02715"
"28,66000";"5,91305";"-0,02792"
"28,67000";"5,92804";"-0,03102"
"28,68000";"5,94303";"-0,02712"
"28,69000";"5,95803";"-0,02234"
"28,70000";"5,97302";"-0,01621"
"28,71000";"5,98801";"-0,01133"
"28,72000";"6,00312";"-0,01530"
"28,73000";"6,01812";"-0,01672"
"28,74000";"6,03311";"-0,01385"
"28,75000";"6,04810";"-0,01515"
"28,76000";"6,06310";"-0,01976"
"28,77000";"6,07797";"-0,01970"
"28,78000";"6,09297";"-0,01490"
"28,79000";"6,10796";"-0,01000"
"28,80000";"6,12295";"-0,00839"
"28,81000";"6,13794";"-0,01774"
"28,82000";"6,15294";"-0,01761"
"28,83000";"6,16793";"-0,01110"
"28,84000";"6,18292";"-0,01599"
"28,85000";"6,19792";"-0,02389"
"28,86000";"6,21291";"-0,02764"
"28,87000";"6,22802";"-0,02815"
"28,88000";"6,24313";"-0,02305"
"28,89000";"6,25812";"-0,02256"
"28,90000";"6,27312";"-0,02511"
"28,91000";"6,28811";"-0,02803"
"28,92000";"6,30310";"-0,03118"
"28,93000";"6,31810";"-0,03021"
"28,94000";"6,33321";"-0,02848"
"28,95000";"6,34820";"-0,03410"
"28,96000";"6,36308";"-0,03093"
"28,97000";"6,37795";"-0,02601"
"28,98000";"6,39294";"-0,02031"
"28,99000";"6,40794";"-0,02005"
"29,00000";"6,42281";"-0,02110"
"29,01000";"6,43781";"-0,02462"
"29,02000";"6,45292";"-0,02743"
"29,03000";"6,46791";"-0,02804"
"29,04000";"6,48290";"-0,02893"
"29,05000";"6,49790";"-0,03897"
"29,06000";"6,51289";"-0,04395"
"29,07000";"6,52788";"-0,04222"
"29,08000";"6,54276";"-0,03646"
"29,09000";"6,55775";"-0,03476"
"29,10000";"6,57286";"-0,02991"
"29,11000";"6,58797";"-0,01488"
"29,12000";"6,60297";"-0,01230"
"29,13000";"6,61808";"-0,02168"
"29,14000";"6,63307";"-0,02210"
"29,15000";"6,64794";"-0,01568"
"29,16000";"6,66282";"-0,01819"
"29,17000";"6,67781";"-0,02274"
"29,18000";"6,69292";"-0,02503"
"29,19000";"6,70803";"-0,02618"
"29,20000";"6,72303";"-0,02401"
"29,21000";"6,73802";"-0,02289"
"29,22000";"6,75301";"-0,02839"
"29,23000";"6,76801";"-0,04222"
"29,24000";"6,78288";"-0,04248"
"29,25000";"6,79799";"-0,04063"
"29,26000";"6,81299";"-0,03566"
"29,27000";"6,82798";"-0,03329"
"29,28000";"6,84297";"-0,02919"
"29,29000";"6,85796";"-0,02575"
"29,30000";"6,87296";"-0,03081"
"29,31000";"6,88795";"-0,03064"
"29,32000";"6,90294";"-0,03123"
"29,33000";"6,91794";"-0,02882"
"29,34000";"6,93293";"-0,02820"
"29,35000";"6,94804";"-0,02329"
"29,36000";"6,96303";"-0,01788"
"29,37000";"6,97803";"-0,01328"
"29,38000";"6,99302";"-0,01310"
"29,39000";"7,00790";"-0,01293"
"29,40000";"7,02289";"-0,01281"
"29,41000";"7,03788";"-0,01479"
"29,42000";"7,05288";"-0,01936"
"29,43000";"7,06787";"-0,02417"
"29,44000";"7,08298";"-0,02202"
"29,45000";"7,09797";"-0,02088"
"29,46000";"7,11297";"-0,01976"
"29,47000";"7,12784";"-0,02368"
"29,48000";"7,14283";"-0,02130"
"29,49000";"7,15794";"-0,01460"
"29,50000";"7,17294";"-0,01214"
"29,51000";"7,18793";"-0,01653"
"29,52000";"7,20304";"-0,01663"
"29,53000";"7,21803";"-0,01626"
"29,54000";"7,23303";"-0,01565"
"29,55000";"7,24790";"-0,01580"
"29,56000";"7,26301";"-0,01995"
"29,57000";"7,27801";"-0,02570"
"29,58000";"7,29300";"-0,02819"
"29,59000";"7,30811";"-0,02421"
"29,60000";"7,32310";"-0,02187"
"29,61000";"7,33810";"-0,02476"
"29,62000";"7,35309";"-0,01380"
"29,63000";"7,36808";"-0,00898"
"29,64000";"7,38296";"-0,00996"
"29,65000";"7,39807";"-0,01738"
"29,66000";"7,41318";"-0,03129"
"29,67000";"7,42817";"-0,04435"
"29,68000";"7,44317";"-0,05128"
"29,69000";"7,45804";"-0,04669"
"29,70000";"7,47303";"-0,03539"
"29,71000";"7,48791";"-0,02910"
"29,72000";"7,50290";"-0,02250"
"29,73000";"7,51790";"-0,02489"
"29,74000";"7,53301";"-0,03398"
"29,75000";"7,54800";"-0,03722"
"29,76000";"7,56299";"-0,03761"
"29,77000";"7,57799";"-0,03096"
"29,78000";"7,59286";"-0,02611"
"29,79000";"7,60774";"-0,02467"
"29,80000";"7,62273";"-0,02763"
"29,81000";"7,63784";"-0,02974"
"29,82000";"7,65295";"-0,03344"
"29,83000";"7,66794";"-0,03117"
"29,84000";"7,68294";"-0,02658"
"29,85000";"7,69781";"-0,02662"
"29,86000";"7,71281";"-0,01875"
"29,87000";"7,72780";"-0,01337"
"29,88000";"7,74291";"-0,00843"
"29,89000";"7,75790";"-0,00837"
"29,90000";"7,77290";"-0,00727"
"29,91000";"7,78789";"-0,00891"
"29,92000";"7,80288";"-0,01072"
"29,93000";"7,81776";"-0,02203"
"29,94000";"7,83263";"-0,03082"
"29,95000";"7,84774";"-0,03624"
"29,96000";"7,86285";"-0,03224"
"29,97000";"7,87785";"-0,02710"
"29,98000";"7,89296";"-0,02235"
"29,99000";"7,90795";"-0,01956"
"30,00000";"7,92294";"-0,02164"
"30,01000";"7,93794";"-0,02592"
"30,02000";"7,95281";"-0,02601"
"30,03000";"7,96781";"-0,01968"
"30,04000";"7,98280";"-0,02125"
"30,05000";"7,99791";"-0,01965"
"30,06000";"8,01290";"-0,01287"
"30,07000";"8,02801";"-0,01269"
"30,08000";"8,04301";"-0,01592"
"30,09000";"8,05812";"-0,01763"
"30,10000";"8,07311";"-0,01991"
"30,11000";"8,08810";"-0,02115"
"30,12000";"8,10298";"-0,02042"
"30,13000";"8,11797";"-0,01461"
"30,14000";"8,13308";"-0,00819"
"30,15000";"8,14796";"-0,01269"
"30,16000";"8,16307";"-0,01471"
"30,17000";"8,17818";"-0,02021"
"30,18000";"8,19306";"-0,02972"
"30,19000";"8,20805";"-0,03328"
"30,20000";"8,22316";"-0,03028"
"30,21000";"8,23815";"-0,03245"
"30,22000";"8,25315";"-0,03983"
"30,23000";"8,26826";"-0,04003"
"30,24000";"8,28325";"-0,04162"
"30,25000";"8,29824";"-0,03649"
"30,26000";"8,31312";"-0,03442"
"30,27000";"8,32823";"-0,02382"
"30,28000";"8,34322";"-0,01757"
"30,29000";"8,35822";"-0,01824"
"30,30000";"8,37321";"-0,02170"
"30,31000";"8,38820";"-0,02419"
"30,32000";"8,40296";"-0,02768"
"30,33000";"8,41795";"-0,02487"
"30,34000";"8,43283";"-0,02297"
"30,35000";"8,44782";"-0,02123"
"30,36000";"8,46281";"-0,02308"
"30,37000";"8,47792";"-0,02143"
"30,38000";"8,49315";"-0,01795"
"30,39000";"8,50815";"-0,01766"
"30,40000";"8,52314";"-0,02146"
"30,41000";"8,53801";"-0,02639"
"30,42000";"8,55301";"-0,02622"
"30,43000";"8,56800";"-0,02052"
"30,44000";"8,58299";"-0,01717"
"30,45000";"8,59799";"-0,01309"
"30,46000";"8,61310";"-0,01576"
"30,47000";"8,62809";"-0,01347"
"30,48000";"8,64308";"-0,01164"
"30,49000";"8,65796";"-0,01255"
"30,50000";"8,67295";"-0,02019"
"30,51000";"8,68806";"-0,02489"
"30,52000";"8,70306";"-0,01995"
"30,53000";"8,71805";"-0,01488"
"30,54000";"8,73304";"-0,01176"
"30,55000";"8,74815";"-0,00841"
"30,56000";"8,76303";"-0,00989"
"30,57000";"8,77790";"-0,01169"
"30,58000";"8,79290";"-0,01841"
"30,59000";"8,80789";"-0,02094"
"30,60000";"8,82288";"-0,01760"
"30,61000";"8,83788";"-0,01362"
"30,62000";"8,85287";"-0,02108"
"30,63000";"8,86786";"-0,03360"
"30,64000";"8,88297";"-0,03967"
"30,65000";"8,89785";"-0,03339"
"30,66000";"8,91284";"-0,03595"
"30,67000";"8,92795";"-0,03178"
"30,68000";"8,94294";"-0,02657"
"30,69000";"8,95794";"-0,02774"
"30,70000";"8,97293";"-0,03046"
"30,71000";"8,98792";"-0,03191"
"30,72000";"9,00292";"-0,03007"
"30,73000";"9,01779";"-0,02671"
"30,74000";"9,03279";"-0,02134"
"30,75000";"9,04778";"-0,01917"
"30,76000";"9,06301";"-0,02033"
"30,77000";"9,07800";"-0,02192"
"30,78000";"9,09299";"-0,02683"
"30,79000";"9,10799";"-0,03059"
"30,80000";"9,12310";"-0,02617"
"30,81000";"9,13797";"-0,02056"
"30,82000";"9,15297";"-0,02000"
"30,83000";"9,16796";"-0,02112"
"30,84000";"9,18307";"-0,02384"
"30,85000";"9,19806";"-0,03170"
"30,86000";"9,21317";"-0,03470"
"30,87000";"9,22817";"-0,03925"
"30,88000";"9,24316";"-0,04036"
"30,89000";"9,25803";"-0,03838"
"30,90000";"9,27315";"-0,03343"
"30,91000";"9,28814";"-0,03735"
"30,92000";"9,30313";"-0,03744"
"30,93000";"9,31824";"-0,02774"
"30,94000";"9,33324";"-0,02295"
"30,95000";"9,34823";"-0,02221"
"30,96000";"9,36322";"-0,02035"
"30,97000";"9,37810";"-0,02234"
"30,98000";"9,39321";"-0,02101"
"30,99000";"9,40808";"-0,01823"
"31,00000";"9,42308";"-0,01787"
"31,01000";"9,43807";"-0,01847"
"31,02000";"9,45318";"-0,02560"
"31,03000";"9,46817";"-0,03306"
"31,04000";"9,48305";"-0,03670"
"31,05000";"9,49804";"-0,03273"
"31,06000";"9,51304";"-0,02676"
"31,07000";"9,52803";"-0,02643"
"31,08000";"9,54302";"-0,02861"
"31,09000";"9,55813";"-0,03028"
"31,10000";"9,57324";"-0,03653"
"31,11000";"9,58812";"-0,04185"
"31,12000";"9,60299";"-0,04423"
"31,13000";"9,61799";"-0,04106"
"31,14000";"9,63310";"-0,03884"
"31,15000";"9,64809";"-0,04311"
"31,16000";"9,66297";"-0,03543"
"31,17000";"9,67796";"-0,02363"
"31,18000";"9,69295";"-0,01884"
"31,19000";"9,70794";"-0,02556"
"31,20000";"9,72294";"-0,02355"
"31,21000";"9,73793";"-0,02380"
"31,22000";"9,75304";"-0,02875"
"31,23000";"9,76803";"-0,02214"
"31,24000";"9,78291";"-0,02000"
"31,25000";"9,79802";"-0,02092"
"31,26000";"9,81301";"-0,02885"
"31,27000";"9,82801";"-0,03286"
"31,28000";"9,84288";"-0,04002"
"31,29000";"9,85787";"-0,04256"
"31,30000";"9,87287";"-0,04050"
"31,31000";"9,88798";"-0,03833"
"31,32000";"9,90297";"-0,03946"
"31,33000";"9,91808";"-0,04303"
"31,34000";"9,93308";"-0,04929"
"31,35000";"9,94807";"-0,05353"
"31,36000";"9,96294";"-0,04420"
"31,37000";"9,97782";"-0,03730"
"31,38000";"9,99293";"-0,03422"
"31,39000";"10,00792";"-0,03326"
"31,40000";"10,02304";"-0,03550"
"31,41000";"10,03803";"-0,03533"
"31,42000";"10,05302";"-0,03215"
"31,43000";"10,06801";"-0,02812"
"31,44000";"10,08301";"-0,02882"
"31,45000";"10,09800";"-0,03798"
"31,46000";"10,11299";"-0,04156"
"31,47000";"10,12799";"-0,04040"
"31,48000";"10,14310";"-0,03603"
"31,49000";"10,15809";"-0,03048"
"31,50000";"10,17308";"-0,02399"
"31,51000";"10,18820";"-0,02345"
"31,52000";"10,20319";"-0,02217"
"31,53000";"10,21818";"-0,02538"
"31,54000";"10,23329";"-0,02860"
"31,55000";"10,24828";"-0,02948"
"31,56000";"10,26340";"-0,02788"
"31,57000";"10,27827";"-0,02257"
"31,58000";"10,29315";"-0,02705"
"31,59000";"10,30814";"-0,02947"
"31,60000";"10,32313";"-0,03012"
"31,61000";"10,33813";"-0,02603"
"31,62000";"10,35312";"-0,02431"
"31,63000";"10,36811";"-0,01908"
"31,64000";"10,38322";"-0,01250"
"31,65000";"10,39822";"-0,01934"
"31,66000";"10,41321";"-0,02369"
"31,67000";"10,42808";"-0,02885"
"31,68000";"10,44308";"-0,02461"
"31,69000";"10,45819";"-0,01655"
"31,70000";"10,47318";"-0,02019"
"31,71000";"10,48817";"-0,02965"
"31,72000";"10,50328";"-0,03394"
"31,73000";"10,51828";"-0,03537"
"31,74000";"10,53315";"-0,03475"
"31,75000";"10,54803";"-0,03961"
"31,76000";"10,56290";"-0,03964"
"31,77000";"10,57801";"-0,03738"
"31,78000";"10,59289";"-0,02901"
"31,79000";"10,60788";"-0,02370"
"31,80000";"10,62288";"-0,02338"
"31,81000";"10,63787";"-0,02119"
"31,82000";"10,65286";"-0,02040"
"31,83000";"10,66785";"-0,02637"
"31,84000";"10,68285";"-0,02761"
"31,85000";"10,69796";"-0,02587"
"31,86000";"10,71295";"-0,03501"
"31,87000";"10,72794";"-0,04085"
"31,88000";"10,74294";"-0,03284"
"31,89000";"10,75793";"-0,02724"
"31,90000";"10,77292";"-0,01844"
"31,91000";"10,78792";"-0,00775"
"31,92000";"10,80279";"-0,00634"
"31,93000";"10,81779";"-0,01575"
"31,94000";"10,83290";"-0,02423"
"31,95000";"10,84789";"-0,02856"
"31,96000";"10,86300";"-0,02875"
"31,97000";"10,87788";"-0,02924"
"31,98000";"10,89287";"-0,02170"
"31,99000";"10,90774";"-0,02238"
"32,00000";"10,92274";"-0,01780"
"32,01000";"10,93785";"-0,01575"
"32,02000";"10,95296";"-0,02283"
"32,03000";"10,96807";"-0,03077"
"32,04000";"10,98306";"-0,02974"
"32,05000";"10,99817";"-0,03400"
"32,06000";"11,01305";"-0,03191"
"32,07000";"11,02792";"-0,03014"
"32,08000";"11,04303";"-0,01926"
"32,09000";"11,05803";"-0,01859"
"32,10000";"11,07302";"-0,02496"
"32,11000";"11,08801";"-0,02523"
"32,12000";"11,10301";"-0,03024"
"32,13000";"11,11800";"-0,03526"
"32,14000";"11,13299";"-0,02992"
"32,15000";"11,14799";"-0,02411"
"32,16000";"11,16298";"-0,02506"
"32,17000";"11,17809";"-0,02357"
"32,18000";"11,19308";"-0,02913"
"32,19000";"11,20808";"-0,03744"
"32,20000";"11,22307";"-0,04088"
"32,21000";"11,23806";"-0,04009"
"32,22000";"11,25306";"-0,03425"
"32,23000";"11,26805";"-0,02810"
"32,24000";"11,28304";"-0,01613"
"32,25000";"11,29815";"-0,01148"
"32,26000";"11,31315";"-0,01626"
"32,27000";"11,32814";"-0,02218"
"32,28000";"11,34301";"-0,02936"
"32,29000";"11,35801";"-0,03454"
"32,30000";"11,37288";"-0,03740"
"32,31000";"11,38788";"-0,03544"
"32,32000";"11,40298";"-0,02869"
"32,33000";"11,41810";"-0,02369"
"32,34000";"11,43309";"-0,02942"
"32,35000";"11,44820";"-0,03113"
"32,36000";"11,46319";"-0,03435"
"32,37000";"11,47807";"-0,03372"
"32,38000";"11,49306";"-0,03375"
"32,39000";"11,50806";"-0,03716"
"32,40000";"11,52305";"-0,03965"
"32,41000";"11,53804";"-0,03709"
"32,42000";"11,55315";"-0,03784"
"32,43000";"11,56815";"-0,04264"
"32,44000";"11,58326";"-0,04565"
"32,45000";"11,59825";"-0,04352"
"32,46000";"11,61312";"-0,04163"
"32,47000";"11,62812";"-0,03857"
"32,48000";"11,64323";"-0,03285"
"32,49000";"11,65822";"-0,02596"
"32,50000";"11,67310";"-0,02558"
"32,51000";"11,68809";"-0,02644"
"32,52000";"11,70296";"-0,02807"
"32,53000";"11,71796";"-0,01795"
"32,54000";"11,73295";"-0,01420"
"32,55000";"11,74794";"-0,01698"
"32,56000";"11,76294";"-0,02689"
"32,57000";"11,77793";"-0,03253"
"32,58000";"11,79292";"-0,03975"
"32,59000";"11,80792";"-0,04574"
"32,60000";"11,82291";"-0,04853"
"32,61000";"11,83790";"-0,04468"
"32,62000";"11,85278";"-0,04951"
"32,63000";"11,86777";"-0,04823"
"32,64000";"11,88288";"-0,04201"
"32,65000";"11,89799";"-0,03285"
"32,66000";"11,91299";"-0,02071"
"32,67000";"11,92810";"-0,01585"
"32,68000";"11,94297";"-0,01900"
"32,69000";"11,95797";"-0,03229"
"32,70000";"11,97284";"-0,03701"
"32,71000";"11,98795";"-0,03522"
"32,72000";"12,00306";"-0,04030"
"32,73000";"12,01806";"-0,04301"
"32,74000";"12,03305";"-0,03465"
"32,75000";"12,04792";"-0,03207"
"32,76000";"12,06304";"-0,03361"
"32,77000";"12,07803";"-0,03385"
"32,78000";"12,09290";"-0,03320"
"32,79000";"12,10790";"-0,02526"
"32,80000";"12,12301";"-0,02348"
"32,81000";"12,13800";"-0,02394"
"32,82000";"12,15299";"-0,02801"
"32,83000";"12,16787";"-0,02938"
"32,84000";"12,18286";"-0,02336"
"32,85000";"12,19774";"-0,01767"
"32,86000";"12,21273";"-0,01647"
"32,87000";"12,22784";"-0,01926"
"32,88000";"12,24283";"-0,02483"
"32,89000";"12,25795";"-0,01879"
"32,90000";"12,27294";"-0,00932"
"32,91000";"12,28793";"-0,00782"
"32,92000";"12,30280";"-0,01757"
"32,93000";"12,31768";"-0,02365"
"32,94000";"12,33267";"-0,03392"
"32,95000";"12,34767";"-0,03459"
"32,96000";"12,36278";"-0,03213"
"32,97000";"12,37789";"-0,02652"
"32,98000";"12,39288";"-0,01915"
"32,99000";"12,40799";"-0,01758"
"33,00000";"12,42299";"-0,01379"
"33,01000";"12,43798";"-0,01641"
"33,02000";"12,45297";"-0,02201"
"33,03000";"12,46797";"-0,02724"
"33,04000";"12,48296";"-0,03976"
"33,05000";"12,49795";"-0,03867"
"33,06000";"12,51294";"-0,03678"
"33,07000";"12,52805";"-0,03632"
"33,08000";"12,54305";"-0,02897"
"33,09000";"12,55792";"-0,01884"
"33,10000";"12,57292";"-0,02129"
"33,11000";"12,58791";"-0,02999"
"33,12000";"12,60290";"-0,03174"
"33,13000";"12,61790";"-0,02769"
"33,14000";"12,63289";"-0,02424"
"33,15000";"12,64776";"-0,02805"
"33,16000";"12,66276";"-0,02981"
"33,17000";"12,67775";"-0,02734"
"33,18000";"12,69286";"-0,03125"
"33,19000";"12,70797";"-0,03410"
"33,20000";"12,72308";"-0,03414"
"33,21000";"12,73819";"-0,03460"
"33,22000";"12,75331";"-0,02862"
"33,23000";"12,76830";"-0,02365"
"33,24000";"12,78317";"-0,02435"
"33,25000";"12,79805";"-0,03695"
"33,26000";"12,81304";"-0,03948"
"33,27000";"12,82815";"-0,03289"
"33,28000";"12,84315";"-0,02419"
"33,29000";"12,85802";"-0,02381"
"33,30000";"12,87301";"-0,02659"
"33,31000";"12,88813";"-0,02153"
"33,32000";"12,90300";"-0,01373"
"33,33000";"12,91787";"-0,01526"
"33,34000";"12,93287";"-0,01654"
"33,35000";"12,94786";"-0,02579"
"33,36000";"12,96274";"-0,02976"
"33,37000";"12,97785";"-0,03105"
"33,38000";"12,99284";"-0,03168"
"33,39000";"13,00795";"-0,03122"
"33,40000";"13,02306";"-0,03402"
"33,41000";"13,03806";"-0,04062"
"33,42000";"13,05305";"-0,04321"
"33,43000";"13,06816";"-0,03346"
"33,44000";"13,08315";"-0,02943"
"33,45000";"13,09826";"-0,02647"
"33,46000";"13,11314";"-0,02399"
"33,47000";"13,12813";"-0,01489"
"33,48000";"13,14301";"-0,01047"
"33,49000";"13,15788";"-0,01444"
"33,50000";"13,17287";"-0,02005"
"33,51000";"13,18787";"-0,02163"
"33,52000";"13,20286";"-0,01930"
"33,53000";"13,21785";"-0,01251"
"33,54000";"13,23297";"-0,00562"
"33,55000";"13,24784";"-0,01216"
"33,56000";"13,26283";"-0,02120"
"33,57000";"13,27771";"-0,01466"
"33,58000";"13,29270";"-0,01407"
"33,59000";"13,30769";"-0,01961"
"33,60000";"13,32281";"-0,02564"
"33,61000";"13,33792";"-0,03220"
"33,62000";"13,35291";"-0,03544"
"33,63000";"13,36802";"-0,03387"
"33,64000";"13,38290";"-0,02560"
"33,65000";"13,39801";"-0,01892"
"33,66000";"13,41300";"-0,02041"
"33,67000";"13,42799";"-0,02884"
"33,68000";"13,44299";"-0,04115"
"33,69000";"13,45798";"-0,04525"
"33,70000";"13,47309";"-0,03551"
"33,71000";"13,48808";"-0,02701"
"33,72000";"13,50308";"-0,02061"
"33,73000";"13,51807";"-0,01710"
"33,74000";"13,53306";"-0,02212"
"33,75000";"13,54794";"-0,02265"
"33,76000";"13,56305";"-0,01512"
"33,77000";"13,57804";"-0,01157"
"33,78000";"13,59303";"-0,01812"
"33,79000";"13,60803";"-0,02644"
"33,80000";"13,62290";"-0,02535"
"33,81000";"13,63790";"-0,02860"
"33,82000";"13,65301";"-0,02423"
"33,83000";"13,66788";"-0,01645"
"33,84000";"13,68299";"-0,01004"
"33,85000";"13,69799";"-0,00971"
"33,86000";"13,71310";"-0,01797"
"33,87000";"13,72797";"-0,02407"
"33,88000";"13,74296";"-0,02777"
"33,89000";"13,75796";"-0,02865"
"33,90000";"13,77295";"-0,02271"
"33,91000";"13,78794";"-0,01701"
"33,92000";"13,80306";"-0,02357"
"33,93000";"13,81805";"-0,02976"
"33,94000";"13,83328";"-0,03517"
"33,95000";"13,84827";"-0,04006"
"33,96000";"13,86315";"-0,04123"
"33,97000";"13,87814";"-0,03336"
"33,98000";"13,89313";"-0,02241"
"33,99000";"13,90801";"-0,01675"
"34,00000";"13,92312";"-0,01931"
"34,01000";"13,93811";"-0,02384"
"34,02000";"13,95322";"-0,02640"
"34,03000";"13,96821";"-0,02667"
"34,04000";"13,98309";"-0,02410"
"34,05000";"13,99808";"-0,02315"
"34,06000";"14,01308";"-0,01658"
"34,07000";"14,02819";"-0,01189"
"34,08000";"14,04306";"-0,00495"
"34,09000";"14,05805";"-0,00154"
"34,10000";"14,07305";"-0,00520"
"34,11000";"14,08792";"-0,01607"
"34,12000";"14,10280";"-0,02000"
"34,13000";"14,11779";"-0,02276"
"34,14000";"14,13278";"-0,02873"
"34,15000";"14,14778";"-0,02939"
"34,16000";"14,16289";"-0,02732"
"34,17000";"14,17788";"-0,02866"
"34,18000";"14,19299";"-0,03121"
"34,19000";"14,20787";"-0,02479"
"34,20000";"14,22286";"-0,01639"
"34,21000";"14,23797";"-0,01316"
"34,22000";"14,25308";"-0,01823"
"34,23000";"14,26819";"-0,02405"
"34,24000";"14,28319";"-0,02638"
"34,25000";"14,29830";"-0,03304"
"34,26000";"14,31329";"-0,03708"
"34,27000";"14,32817";"-0,03739"
"34,28000";"14,34316";"-0,04130"
"34,29000";"14,35803";"-0,03805"
"34,30000";"14,37303";"-0,03401"
"34,31000";"14,38802";"-0,03375"
"34,32000";"14,40301";"-0,03877"
"34,33000";"14,41801";"-0,04443"
"34,34000";"14,43312";"-0,04366"
"34,35000";"14,44788";"-0,03674"
"34,36000";"14,46287";"-0,02071"
"34,37000";"14,47798";"-0,00651"
"34,38000";"14,49309";"-0,00601"
"34,39000";"14,50808";"-0,01309"
"34,40000";"14,52308";"-0,01488"
"34,41000";"14,53819";"-0,01639"
"34,42000";"14,55318";"-0,01702"
"34,43000";"14,56806";"-0,01456"
"34,44000";"14,58305";"-0,01506"
"34,45000";"14,59804";"-0,01099"
"34,46000";"14,61315";"-0,00967"
"34,47000";"14,62826";"-0,01014"
"34,48000";"14,64326";"-0,00905"
"34,49000";"14,65825";"-0,01196"
"34,50000";"14,67324";"-0,02081"
"34,51000";"14,68812";"-0,02556"
"34,52000";"14,70299";"-0,02913"
"34,53000";"14,71799";"-0,02493"
"34,54000";"14,73310";"-0,02094"
"34,55000";"14,74821";"-0,01638"
"34,56000";"14,76320";"-0,01824"
"34,57000";"14,77820";"-0,02001"
"34,58000";"14,79319";"-0,01863"
"34,59000";"14,80806";"-0,01924"
"34,60000";"14,82317";"-0,02048"
"34,61000";"14,83817";"-0,01627"
"34,62000";"14,85304";"-0,01851"
"34,63000";"14,86792";"-0,02200"
"34,64000";"14,88291";"-0,01870"
"34,65000";"14,89790";"-0,02449"
"34,66000";"14,91301";"-0,02756"
"34,67000";"14,92801";"-0,02716"
"34,68000";"14,94300";"-0,02339"
"34,69000";"14,95811";"-0,01263"
"34,70000";"14,97310";"-0,00535"
"34,71000";"14,98822";"0,00172"
"34,72000";"15,00309";"0,00336"
"34,73000";"15,01808";"0,00117"
"34,74000";"15,03308";"-0,00474"
"34,75000";"15,04795";"-0,00610"
"34,76000";"15,06295";"0,00117"
"34,77000";"15,07806";"0,00294"
"34,78000";"15,09317";"0,00608"
"34,79000";"15,10816";"0,00288"
"34,80000";"15,12327";"-0,00450"
"34,81000";"15,13826";"-0,00381"
"34,82000";"15,15302";"-0,00385"
"34,83000";"15,16790";"-0,00426"
"34,84000";"15,18289";"-0,00745"
"34,85000";"15,19800";"-0,00554"
"34,86000";"15,21287";"-0,00397"
"34,87000";"15,22787";"0,00131"
"34,88000";"15,24286";"-0,00215"
"34,89000";"15,25774";"-0,01217"
"34,90000";"15,27273";"-0,01256"
"34,91000";"15,28772";"-0,00687"
"34,92000";"15,30283";"-0,00102"
"34,93000";"15,31783";"0,00994"
"34,94000";"15,33282";"0,01244"
"34,95000";"15,34781";"0,00410"
"34,96000";"15,36292";"-0,00413"
"34,97000";"15,37792";"-0,00380"
"34,98000";"15,39291";"0,00236"
"34,99000";"15,40790";"0,00807"
"35,00000";"15,42290";"0,02255"
"35,01000";"15,43801";"0,02771"
"35,02000";"15,45300";"0,01956"
"35,03000";"15,46799";"0,01271"
"35,04000";"15,48287";"0,01431"
"35,05000";"15,49786";"0,01842"
"35,06000";"15,51274";"0,02370"
"35,07000";"15,52785";"0,01999"
"35,08000";"15,54296";"0,01742"
"35,09000";"15,55819";"0,01777"
"35,10000";"15,57330";"0,01724"
"35,11000";"15,58829";"0,01028"
"35,12000";"15,60328";"0,00718"
"35,13000";"15,61816";"0,00242"
"35,14000";"15,63304";"0,00016"
"35,15000";"15,64803";"0,00007"
"35,16000";"15,66302";"0,00250"
"35,17000";"15,67801";"0,00565"
"35,18000";"15,69312";"0,01754"
"35,19000";"15,70812";"0,02895"
"35,20000";"15,72311";"0,03344"
"35,21000";"15,73811";"0,03626"
"35,22000";"15,75298";"0,03899"
"35,23000";"15,76797";"0,04140"
"35,24000";"15,78297";"0,03738"
"35,25000";"15,79796";"0,03450"
"35,26000";"15,81295";"0,04123"
"35,27000";"15,82783";"0,04435"
"35,28000";"15,84282";"0,05365"
"35,29000";"15,85781";"0,05513"
"35,30000";"15,87269";"0,05268"
"35,31000";"15,88780";"0,04785"
"35,32000";"15,90291";"0,04105"
"35,33000";"15,91802";"0,03954"
"35,34000";"15,93301";"0,04507"
"35,35000";"15,94801";"0,05357"
"35,36000";"15,96300";"0,05171"
"35,37000";"15,97811";"0,04959"
"35,38000";"15,99310";"0,05397"
"35,39000";"16,00821";"0,06218"
"35,40000";"16,02321";"0,06402"
"35,41000";"16,03820";"0,06460"
"35,42000";"16,05319";"0,06087"
"35,43000";"16,06819";"0,06458"
"35,44000";"16,08306";"0,07157"
"35,45000";"16,09794";"0,06794"
"35,46000";"16,11293";"0,06753"
"35,47000";"16,12804";"0,07149"
"35,48000";"16,14304";"0,07779"
"35,49000";"16,15803";"0,08658"
"35,50000";"16,17314";"0,09678"
"35,51000";"16,18813";"0,10379"
"35,52000";"16,20300";"0,10611"
"35,53000";"16,21800";"0,10778"
"35,54000";"16,23299";"0,10760"
"35,55000";"16,24799";"0,10683"
"35,56000";"16,26286";"0,11088"
"35,57000";"16,27785";"0,11664"
"35,58000";"16,29285";"0,11387"
"35,59000";"16,30784";"0,11291"
"35,60000";"16,32283";"0,11644"
"35,61000";"16,33783";"0,12039"
"35,62000";"16,35282";"0,11625"
"35,63000";"16,36793";"0,11827"
"35,64000";"16,38304";"0,12880"
"35,65000";"16,39804";"0,13406"
"35,66000";"16,41315";"0,13750"
"35,67000";"16,42814";"0,14533"
"35,68000";"16,44325";"0,14845"
"35,69000";"16,45813";"0,14524"
"35,70000";"16,47312";"0,14575"
"35,71000";"16,48811";"0,14145"
"35,72000";"16,50322";"0,14061"
"35,73000";"16,51822";"0,14061"
"35,74000";"16,53321";"0,15057"
"35,75000";"16,54808";"0,16337"
"35,76000";"16,56296";"0,17761"
"35,77000";"16,57784";"0,18456"
"35,78000";"16,59283";"0,18928"
"35,79000";"16,60782";"0,20215"
"35,80000";"16,62293";"0,21202"
"35,81000";"16,63804";"0,21696"
"35,82000";"16,65303";"0,21974"
"35,83000";"16,66803";"0,21623"
"35,84000";"16,68314";"0,22108"
"35,85000";"16,69801";"0,22931"
"35,86000";"16,71301";"0,23623"
"35,87000";"16,72800";"0,24859"
"35,88000";"16,74287";"0,26948"
"35,89000";"16,75787";"0,28483"
"35,90000";"16,77286";"0,29546"
"35,91000";"16,78786";"0,31250"
"35,92000";"16,80285";"0,33828"
"35,93000";"16,81784";"0,35480"
"35,94000";"16,83295";"0,36922"
"35,95000";"16,84806";"0,38748"
"35,96000";"16,86317";"0,41155"
"35,97000";"16,87817";"0,43127"
"35,98000";"16,89316";"0,46081"
"35,99000";"16,90804";"0,49407"
"36,00000";"16,92303";"0,52837"
"36,01000";"16,93790";"0,55628"
"36,02000";"16,95301";"0,58888"
"36,03000";"16,96812";"0,61174"
"36,04000";"16,98312";"0,63736"
"36,05000";"16,99811";"0,66639"
"36,06000";"17,01311";"0,70032"
"36,07000";"17,02810";"0,74568"
"36,08000";"17,04297";"0,78549"
"36,09000";"17,05785";"0,83028"
"36,10000";"17,07284";"0,88154"
"36,11000";"17,08783";"0,94014"
"36,12000";"17,10295";"0,99337"
"36,13000";"17,11782";"1,05434"
"36,14000";"17,13293";"1,11749"
"36,15000";"17,14781";"1,17191"
"36,16000";"17,16280";"1,24694"
"36,17000";"17,17768";"1,32344"
"36,18000";"17,19267";"1,40771"
"36,19000";"17,20766";"1,49935"
"36,20000";"17,22265";"1,59257"
"36,21000";"17,23765";"1,69822"
"36,22000";"17,25276";"1,81525"
"36,23000";"17,26799";"1,93464"
"36,24000";"17,28298";"2,05946"
"36,25000";"17,29809";"2,19339"
"36,26000";"17,31320";"2,34497"
"36,27000";"17,32808";"2,51243"
"36,28000";"17,34307";"2,68811"
"36,29000";"17,35806";"2,87772"
"36,30000";"17,37294";"3,08341"
"36,31000";"17,38793";"3,31033"
"36,32000";"17,40293";"3,55688"
"36,33000";"17,41792";"3,83179"
"36,34000";"17,43303";"4,13344"
"36,35000";"17,44814";"4,46602"
"36,36000";"17,46313";"4,83300"
"36,37000";"17,47812";"5,22768"
"36,38000";"17,49312";"5,64785"
"36,39000";"17,50799";"6,09783"
"36,40000";"17,52287";"6,57666"
"36,41000";"17,53786";"7,08062"
"36,42000";"17,55274";"7,61257"
"36,43000";"17,56761";"8,17747"
"36,44000";"17,58261";"8,78270"
"36,45000";"17,59748";"9,42931"
"36,46000";"17,61247";"10,11449"
"36,47000";"17,62747";"10,84442"
"36,48000";"17,64246";"11,62031"
"36,49000";"17,65745";"12,44150"
"36,50000";"17,67256";"13,29578"
"36,51000";"17,68768";"14,19574"
"36,52000";"17,70290";"15,14612"
"36,53000";"17,71813";"16,15351"
"36,54000";"17,73324";"17,21295"
"36,55000";"17,74835";"18,32591"
"36,56000";"17,76335";"19,49568"
"36,57000";"17,77846";"20,73328"
"36,58000";"17,79345";"22,04233"
"36,59000";"17,80844";"23,43732"
"36,60000";"17,82344";"24,92482"
"36,61000";"17,83831";"26,50732"
"36,62000";"17,85319";"28,20144"
"36,63000";"17,86806";"30,02168"
"36,64000";"17,88294";"31,96618"
"36,65000";"17,89805";"34,04192"
"36,66000";"17,91304";"36,25763"
"36,67000";"17,92804";"38,60810"
"36,68000";"17,94291";"41,10098"
"36,69000";"17,95778";"43,73192"
"36,70000";"17,97278";"46,50044"
"36,71000";"17,98753";"49,44466"
"36,72000";"18,00241";"52,55378"
"36,73000";"18,01740";"55,84414"
"36,74000";"18,03240";"59,35785"
"36,75000";"18,04751";"63,13351"
"36,76000";"18,06262";"67,18288"
"36,77000";"18,07761";"71,51253"
"36,78000";"18,09260";"76,10403"
"36,79000";"18,10760";"80,96553"
"36,80000";"18,12271";"86,13453"
"36,81000";"18,13794";"91,65191"
"36,82000";"18,15317";"97,58299"
"36,83000";"18,16816";"103,96676"
"36,84000";"18,18315";"110,86126"
"36,85000";"18,19814";"118,39923"
"36,86000";"18,21314";"126,84125"
"36,87000";"18,22801";"136,45914"
"36,88000";"18,24289";"147,30219"
"36,89000";"18,25788";"159,27306"
"36,90000";"18,27287";"172,21983"
"36,91000";"18,28787";"185,96483"
"36,92000";"18,30274";"200,34354"
"36,93000";"18,31774";"215,05481"
"36,94000";"18,33261";"229,71442"
"36,95000";"18,34749";"243,92717"
"36,96000";"18,36236";"257,49179"
"36,97000";"18,37735";"270,45743"
"36,98000";"18,39247";"283,05203"
"36,99000";"18,40746";"295,48801"
"37,00000";"18,42233";"307,97726"
"37,01000";"18,43721";"320,57074"
"37,02000";"18,45208";"333,27139"
"37,03000";"18,46708";"346,09882"
"37,04000";"18,48231";"359,12439"
"37,05000";"18,49742";"372,49252"
"37,05200";"18,50048";"375,20621"
"37,05400";"18,50356";"377,93140"
"37,06400";"18,51654";"391,60834"
"37,07400";"18,52398";"403,42987"
"37,08000";"18,52598";"407,43073"
"37,09000";"18,52516";"405,72406"
"37,10000";"18,52020";"391,96594"
"37,11000";"18,50875";"364,81305"
"37,12000";"18,49187";"320,77228"
"37,13000";"18,47168";"259,40784"
"37,14000";"18,45008";"187,98158"
"37,15000";"18,42812";"117,69636"
"37,16000";"18,40687";"58,08694"
"37,17000";"18,38633";"14,19792"
"37,18000";"18,36649";"-11,47078"
"37,19000";"18,34749";"-21,06936"
"37,20000";"18,32919";"-21,11826"
"37,21000";"18,31148";"-17,44643"
"37,22000";"18,29460";"-13,28241"
"37,23000";"18,27807";"-10,24461"
"37,24000";"18,26178";"-8,70874"
"37,25000";"18,24572";"-8,35100"
"37,26000";"18,23002";"-8,56635"
"37,27000";"18,21456";"-8,99405"
"37,28000";"18,19933";"-9,45153"
"37,29000";"18,18422";"-9,86603"
"37,30000";"18,16911";"-10,20695"
"37,31000";"18,15376";"-10,46329"
"37,32000";"18,13817";"-10,60901"
"37,33000";"18,12283";"-10,61451"
"37,34000";"18,10748";"-10,51212"
"37,35000";"18,09225";"-10,31355"
"37,36000";"18,07702";"-10,05903"
"37,37000";"18,06203";"-9,78183"
"37,38000";"18,04704";"-9,49640"
"37,39000";"18,03204";"-9,20916"
"37,40000";"18,01705";"-8,92236"
"37,41000";"18,00194";"-8,63054"
"37,42000";"17,98683";"-8,34271"
"37,43000";"17,97183";"-8,06230"
"37,44000";"17,95684";"-7,78952"
"37,45000";"17,94185";"-7,54063"
"37,46000";"17,92686";"-7,30809"
"37,47000";"17,91198";"-7,06539"
"37,48000";"17,89710";"-6,81632"
"37,49000";"17,88211";"-6,57221"
"37,50000";"17,86700";"-6,34066"
"37,51000";"17,85189";"-6,11622"
"37,52000";"17,83701";"-5,90917"
"37,53000";"17,82202";"-5,72075"
"37,54000";"17,80703";"-5,54949"
"37,55000";"17,79203";"-5,38567"
"37,56000";"17,77716";"-5,22307"
"37,57000";"17,76217";"-5,05835"
"37,58000";"17,74718";"-4,89935"
"37,59000";"17,73206";"-4,75157"
"37,60000";"17,71707";"-4,61098"
"37,61000";"17,70208";"-4,46777"
"37,62000";"17,68720";"-4,32438"
"37,63000";"17,67209";"-4,17587"
"37,64000";"17,65698";"-4,02457"
"37,65000";"17,64187";"-3,86586"
"37,66000";"17,62675";"-3,70493"
"37,67000";"17,61153";"-3,54641"
"37,68000";"17,59677";"-3,38209"
"37,69000";"17,58190";"-3,20971"
"37,70000";"17,56702";"-3,03626"
"37,71000";"17,55202";"-2,87449"
"37,72000";"17,53703";"-2,72718"
"37,73000";"17,52204";"-2,58796"
"37,74000";"17,50705";"-2,44791"
"37,75000";"17,49194";"-2,31614"
"37,76000";"17,47694";"-2,18317"
"37,77000";"17,46207";"-2,05352"
"37,78000";"17,44719";"-1,92601"
"37,79000";"17,43220";"-1,79751"
"37,80000";"17,41709";"-1,67219"
"37,81000";"17,40221";"-1,55265"
"37,82000";"17,38711";"-1,45223"
"37,83000";"17,37199";"-1,36015"
"37,84000";"17,35700";"-1,28414"
"37,85000";"17,34212";"-1,21173"
"37,86000";"17,32713";"-1,14949"
"37,87000";"17,31202";"-1,10067"
"37,88000";"17,29703";"-1,05722"
"37,89000";"17,28215";"-1,01428"
"37,90000";"17,26716";"-0,96744"
"37,91000";"17,25205";"-0,90812"
"37,92000";"17,23694";"-0,83707"
"37,93000";"17,22206";"-0,75705"
"37,94000";"17,20707";"-0,68996"
"37,95000";"17,19208";"-0,62555"
"37,96000";"17,17696";"-0,57313"
"37,97000";"17,16197";"-0,52907"
"37,98000";"17,14698";"-0,49575"
"37,99000";"17,13199";"-0,46457"
"38,00000";"17,11699";"-0,44584"
"38,01000";"17,10200";"-0,43541"
"38,02000";"17,08713";"-0,42546"
"38,03000";"17,07201";"-0,41012"
"38,04000";"17,05690";"-0,39120"
"38,05000";"17,04191";"-0,37871"
"38,06000";"17,02692";"-0,36796"
"38,07000";"17,01192";"-0,35268"
"38,08000";"16,99693";"-0,34061"
"38,09000";"16,98194";"-0,33464"
"38,10000";"16,96706";"-0,31860"
"38,11000";"16,95207";"-0,30156"
"38,12000";"16,93708";"-0,28411"
"38,13000";"16,92196";"-0,27634"
"38,14000";"16,90686";"-0,27484"
"38,15000";"16,89186";"-0,27471"
"38,16000";"16,87675";"-0,27622"
"38,17000";"16,86176";"-0,27827"
"38,18000";"16,84688";"-0,27595"
"38,19000";"16,83201";"-0,26808"
"38,20000";"16,81689";"-0,25911"
"38,21000";"16,80190";"-0,25401"
"38,22000";"16,78679";"-0,24514"
"38,23000";"16,77192";"-0,24101"
"38,24000";"16,75692";"-0,22842"
"38,25000";"16,74193";"-0,21739"
"38,26000";"16,72694";"-0,21172"
"38,27000";"16,71206";"-0,20844"
"38,28000";"16,69695";"-0,19862"
"38,29000";"16,68196";"-0,18898"
"38,30000";"16,66685";"-0,18242"
"38,31000";"16,65197";"-0,17670"
"38,32000";"16,63721";"-0,16005"
"38,33000";"16,62211";"-0,14290"
"38,34000";"16,60699";"-0,14133"
"38,35000";"16,59200";"-0,14724"
"38,36000";"16,57689";"-0,15679"
"38,37000";"16,56178";"-0,16449"
"38,38000";"16,54667";"-0,16422"
"38,39000";"16,53179";"-0,16667"
"38,40000";"16,51692";"-0,16034"
"38,41000";"16,50204";"-0,15342"
"38,42000";"16,48693";"-0,14166"
"38,43000";"16,47194";"-0,13674"
"38,44000";"16,45695";"-0,13514"
"38,45000";"16,44195";"-0,12841"
"38,46000";"16,42684";"-0,12500"
"38,47000";"16,41197";"-0,12847"
"38,48000";"16,39709";"-0,12941"
"38,49000";"16,38210";"-0,12907"
"38,50000";"16,36710";"-0,13326"
"38,51000";"16,35211";"-0,13206"
"38,52000";"16,33724";"-0,13322"
"38,53000";"16,32224";"-0,12874"
"38,54000";"16,30713";"-0,12704"
"38,55000";"16,29214";"-0,12585"
"38,56000";"16,27727";"-0,12136"
"38,57000";"16,26239";"-0,11681"
"38,58000";"16,24716";"-0,10920"
"38,59000";"16,23205";"-0,10453"
"38,60000";"16,21706";"-0,10477"
"38,61000";"16,20206";"-0,11003"
"38,62000";"16,18695";"-0,11617"
"38,63000";"16,17208";"-0,12045"
"38,64000";"16,15720";"-0,12395"
"38,65000";"16,14221";"-0,11823"
"38,66000";"16,12710";"-0,10652"
"38,67000";"16,11187";"-0,09625"
"38,68000";"16,09687";"-0,09158"
"38,69000";"16,08188";"-0,08001"
"38,70000";"16,06677";"-0,06345"
"38,71000";"16,05178";"-0,06193"
"38,72000";"16,03690";"-0,06172"
"38,73000";"16,02203";"-0,05870"
"38,74000";"16,00704";"-0,06318"
"38,75000";"15,99192";"-0,07149"
"38,76000";"15,97693";"-0,08920"
"38,77000";"15,96194";"-0,10118"
"38,78000";"15,94706";"-0,09818"
"38,79000";"15,93207";"-0,09064"
"38,80000";"15,91708";"-0,07285"
"38,81000";"15,90208";"-0,05317"
"38,82000";"15,88721";"-0,03986"
"38,83000";"15,87210";"-0,04006"
"38,84000";"15,85710";"-0,04191"
"38,85000";"15,84211";"-0,04004"
"38,86000";"15,82712";"-0,03770"
"38,87000";"15,81213";"-0,03370"
"38,88000";"15,79713";"-0,02960"
"38,89000";"15,78226";"-0,03688"
"38,90000";"15,76727";"-0,04475"
"38,91000";"15,75215";"-0,05463"
"38,92000";"15,73716";"-0,05658"
"38,93000";"15,72205";"-0,06235"
"38,94000";"15,70706";"-0,06323"
"38,95000";"15,69206";"-0,05687"
"38,96000";"15,67707";"-0,04767"
"38,97000";"15,66208";"-0,04435"
"38,98000";"15,64720";"-0,04722"
"38,99000";"15,63209";"-0,05479"
"39,00000";"15,61686";"-0,05683"
"39,01000";"15,60175";"-0,06233"
"39,02000";"15,58676";"-0,06306"
"39,03000";"15,57176";"-0,06526"
"39,04000";"15,55677";"-0,06448"
"39,05000";"15,54190";"-0,07190"
"39,06000";"15,52690";"-0,07777"
"39,07000";"15,51203";"-0,07103"
"39,08000";"15,49692";"-0,06326"
"39,09000";"15,48180";"-0,04668"
"39,10000";"15,46693";"-0,03443"
"39,11000";"15,45205";"-0,04028"
"39,12000";"15,43694";"-0,04929"
"39,13000";"15,42195";"-0,05200"
"39,14000";"15,40707";"-0,05377"
"39,15000";"15,39220";"-0,06108"
"39,16000";"15,37709";"-0,06564"
"39,17000";"15,36198";"-0,06924"
"39,18000";"15,34699";"-0,06768"
"39,19000";"15,33211";"-0,07299"
"39,20000";"15,31712";"-0,07042"
"39,21000";"15,30201";"-0,05967"
"39,22000";"15,28701";"-0,05091"
"39,23000";"15,27214";"-0,04151"
"39,24000";"15,25703";"-0,03463"
"39,25000";"15,24203";"-0,03213"
"39,26000";"15,22692";"-0,03818"
"39,27000";"15,21205";"-0,04728"
"39,28000";"15,19717";"-0,05063"
"39,29000";"15,18206";"-0,05336"
"39,30000";"15,16707";"-0,06196"
"39,31000";"15,15219";"-0,07057"
"39,32000";"15,13720";"-0,06632"
"39,33000";"15,12209";"-0,06140"
"39,34000";"15,10698";"-0,04964"
"39,35000";"15,09210";"-0,03763"
"39,36000";"15,07723";"-0,03734"
"39,37000";"15,06212";"-0,04636"
"39,38000";"15,04713";"-0,05706"
"39,39000";"15,03201";"-0,07142"
"39,40000";"15,01702";"-0,07106"
"39,41000";"15,00203";"-0,06298"
"39,42000";"14,98692";"-0,05666"
"39,43000";"14,97204";"-0,05438"
"39,44000";"14,95728";"-0,04823"
"39,45000";"14,94229";"-0,04991"
"39,46000";"14,92718";"-0,05799"
"39,47000";"14,91231";"-0,05973"
"39,48000";"14,89731";"-0,05710"
"39,49000";"14,88232";"-0,05038"
"39,50000";"14,86721";"-0,05268"
"39,51000";"14,85222";"-0,05817"
"39,52000";"14,83734";"-0,06187"
"39,53000";"14,82223";"-0,05451"
"39,54000";"14,80712";"-0,05469"
"39,55000";"14,79201";"-0,05393"
"39,56000";"14,77713";"-0,04950"
"39,57000";"14,76226";"-0,04636"
"39,58000";"14,74714";"-0,05367"
"39,59000";"14,73215";"-0,05964"
"39,60000";"14,71716";"-0,05741"
"39,61000";"14,70217";"-0,04942"
"39,62000";"14,68706";"-0,04790"
"39,63000";"14,67194";"-0,05136"
"39,64000";"14,65707";"-0,05916"
"39,65000";"14,64219";"-0,05244"
"39,66000";"14,62708";"-0,04690"
"39,67000";"14,61197";"-0,04579"
"39,68000";"14,59698";"-0,05750"
"39,69000";"14,58199";"-0,07065"
"39,70000";"14,56687";"-0,07276"
"39,71000";"14,55176";"-0,06284"
"39,72000";"14,53677";"-0,04931"
"39,73000";"14,52190";"-0,04426"
"39,74000";"14,50690";"-0,04556"
"39,75000";"14,49179";"-0,04891"
"39,76000";"14,47680";"-0,05073"
"39,77000";"14,46181";"-0,05426"
"39,78000";"14,44681";"-0,06779"
"39,79000";"14,43170";"-0,07053"
"39,80000";"14,41671";"-0,07782"
"39,81000";"14,40183";"-0,08325"
"39,82000";"14,38684";"-0,08587"
"39,83000";"14,37185";"-0,08009"
"39,84000";"14,35674";"-0,07121"
"39,85000";"14,34186";"-0,07073"
"39,86000";"14,32687";"-0,06591"
"39,87000";"14,31164";"-0,05935"
"39,88000";"14,29665";"-0,06046"
"39,89000";"14,28189";"-0,06564"
"39,90000";"14,26713";"-0,07029"
"39,91000";"14,25202";"-0,07140"
"39,92000";"14,23691";"-0,06527"
"39,93000";"14,22192";"-0,06200"
"39,94000";"14,20704";"-0,06655"
"39,95000";"14,19193";"-0,06850"
"39,96000";"14,17682";"-0,06519"
"39,97000";"14,16194";"-0,06229"
"39,98000";"14,14707";"-0,05970"
"39,99000";"14,13208";"-0,05858"
"40,00000";"14,11697";"-0,06470"
"40,01000";"14,10197";"-0,06881"
"40,02000";"14,08698";"-0,06522"
"40,03000";"14,07187";"-0,06502"
"40,04000";"14,05688";"-0,05686"
"40,05000";"14,04200";"-0,05569"
"40,06000";"14,02713";"-0,05969"
"40,07000";"14,01225";"-0,06039"
"40,08000";"13,99714";"-0,06690"
"40,09000";"13,98226";"-0,07600"
"40,10000";"13,96739";"-0,08553"
"40,11000";"13,95228";"-0,08228"
"40,12000";"13,93717";"-0,07762"
"40,13000";"13,92217";"-0,07540"
"40,14000";"13,90730";"-0,06840"
"40,15000";"13,89231";"-0,06275"
"40,16000";"13,87719";"-0,06474"
"40,17000";"13,86208";"-0,06818"
"40,18000";"13,84709";"-0,07148"
"40,19000";"13,83210";"-0,06982"
"40,20000";"13,81710";"-0,06452"
"40,21000";"13,80211";"-0,06313"
"40,22000";"13,78712";"-0,06297"
"40,23000";"13,77212";"-0,05951"
"40,24000";"13,75713";"-0,06153"
"40,25000";"13,74190";"-0,06940"
"40,26000";"13,72679";"-0,07129"
"40,27000";"13,71192";"-0,06865"
"40,28000";"13,69692";"-0,06107"
"40,29000";"13,68181";"-0,05885"
"40,30000";"13,66694";"-0,06045"
"40,31000";"13,65218";"-0,06315"
"40,32000";"13,63707";"-0,06398"
"40,33000";"13,62196";"-0,05835"
"40,34000";"13,60685";"-0,06156"
"40,35000";"13,59197";"-0,06495"
"40,36000";"13,57698";"-0,06400"
"40,37000";"13,56199";"-0,06719"
"40,38000";"13,54688";"-0,07081"
"40,39000";"13,53200";"-0,07056"
"40,40000";"13,51701";"-0,07184"
"40,41000";"13,50178";"-0,07320"
"40,42000";"13,48678";"-0,07624"
"40,43000";"13,47179";"-0,07480"
"40,44000";"13,45704";"-0,07349"
"40,45000";"13,44192";"-0,07664"
"40,46000";"13,42693";"-0,08137"
"40,47000";"13,41206";"-0,08023"
"40,48000";"13,39706";"-0,07488"
"40,49000";"13,38195";"-0,06763"
"40,50000";"13,36684";"-0,06518"
"40,51000";"13,35185";"-0,06596"
"40,52000";"13,33721";"-0,06626"
"40,53000";"13,32233";"-0,06472"
"40,54000";"13,30734";"-0,07215"
"40,55000";"13,29235";"-0,07808"
"40,56000";"13,27735";"-0,07994"
"40,57000";"13,26201";"-0,07964"
"40,58000";"13,24678";"-0,08214"
"40,59000";"13,23167";"-0,08943"
"40,60000";"13,21691";"-0,09344"
"40,61000";"13,20192";"-0,08522"
"40,62000";"13,18681";"-0,08278"
"40,63000";"13,17181";"-0,08089"
"40,64000";"13,15682";"-0,07858"
"40,65000";"13,14183";"-0,07445"
"40,66000";"13,12671";"-0,07077"
"40,67000";"13,11172";"-0,07069"
"40,68000";"13,09697";"-0,07618"
"40,69000";"13,08209";"-0,08001"
"40,70000";"13,06710";"-0,08244"
"40,71000";"13,05187";"-0,08734"
"40,72000";"13,03687";"-0,08696"
"40,73000";"13,02188";"-0,08620"
"40,74000";"13,00677";"-0,08986"
"40,75000";"12,99178";"-0,09896"
"40,76000";"12,97690";"-0,09999"
"40,77000";"12,96203";"-0,08884"
"40,78000";"12,94703";"-0,07409"
"40,79000";"12,93192";"-0,06503"
"40,80000";"12,91693";"-0,06211"
"40,81000";"12,90205";"-0,06244"
"40,82000";"12,88706";"-0,06775"
"40,83000";"12,87195";"-0,06917"
"40,84000";"12,85708";"-0,07136"
"40,85000";"12,84220";"-0,07774"
"40,86000";"12,82709";"-0,07989"
"40,87000";"12,81198";"-0,08495"
"40,88000";"12,79699";"-0,08785"
"40,89000";"12,78199";"-0,09071"
"40,90000";"12,76700";"-0,09952"
"40,91000";"12,75201";"-0,11327"
"40,92000";"12,73701";"-0,12108"
"40,93000";"12,72214";"-0,12114"
"40,94000";"12,70715";"-0,11328"
"40,95000";"12,69192";"-0,10613"
"40,96000";"12,67681";"-0,10089"
"40,97000";"12,66181";"-0,09146"
"40,98000";"12,64682";"-0,08206"
"40,99000";"12,63183";"-0,07500"
"41,00000";"12,61683";"-0,07688"
"41,01000";"12,60184";"-0,08484"
"41,02000";"12,58697";"-0,09487"
"41,03000";"12,57197";"-0,09534"
"41,04000";"12,55686";"-0,10000"
"41,05000";"12,54187";"-0,10076"
"41,06000";"12,52688";"-0,10005"
"41,07000";"12,51188";"-0,09413"
"41,08000";"12,49689";"-0,08999"
"41,09000";"12,48190";"-0,08925"
"41,10000";"12,46702";"-0,08484"
"41,11000";"12,45191";"-0,08152"
"41,12000";"12,43692";"-0,07165"
"41,13000";"12,42180";"-0,07195"
"41,14000";"12,40693";"-0,07046"
"41,15000";"12,39206";"-0,06292"
"41,16000";"12,37706";"-0,06540"
"41,17000";"12,36195";"-0,07574"
"41,18000";"12,34696";"-0,09152"
"41,19000";"12,33196";"-0,09694"
"41,20000";"12,31685";"-0,09599"
"41,21000";"12,30186";"-0,09819"
"41,22000";"12,28675";"-0,10170"
"41,23000";"12,27188";"-0,10308"
"41,24000";"12,25700";"-0,10400"
"41,25000";"12,24212";"-0,09329"
"41,26000";"12,22701";"-0,08062"
"41,27000";"12,21202";"-0,07744"
"41,28000";"12,19703";"-0,08391"
"41,29000";"12,18192";"-0,09041"
"41,30000";"12,16692";"-0,09890"
"41,31000";"12,15193";"-0,10158"
"41,32000";"12,13706";"-0,10467"
"41,33000";"12,12194";"-0,10625"
"41,34000";"12,10695";"-0,10363"
"41,35000";"12,09208";"-0,09924"
"41,36000";"12,07708";"-0,10046"
"41,37000";"12,06197";"-0,10095"
"41,38000";"12,04710";"-0,10111"
"41,39000";"12,03222";"-0,10680"
"41,40000";"12,01723";"-0,10466"
"41,41000";"12,00212";"-0,10487"
"41,42000";"11,98713";"-0,11083"
"41,43000";"11,97201";"-0,11570"
"41,44000";"11,95702";"-0,12203"
"41,45000";"11,94191";"-0,11969"
"41,46000";"11,92692";"-0,11451"
"41,47000";"11,91204";"-0,10450"
"41,48000";"11,89717";"-0,09293"
"41,49000";"11,88206";"-0,08647"
"41,50000";"11,86695";"-0,08304"
"41,51000";"11,85195";"-0,08228"
"41,52000";"11,83696";"-0,08025"
"41,53000";"11,82185";"-0,07199"
"41,54000";"11,80685";"-0,07054"
"41,55000";"11,79186";"-0,07674"
"41,56000";"11,77699";"-0,08255"
"41,57000";"11,76211";"-0,08009"
"41,58000";"11,74688";"-0,08213"
"41,59000";"11,73189";"-0,09774"
"41,60000";"11,71701";"-0,10408"
"41,61000";"11,70202";"-0,10429"
"41,62000";"11,68703";"-0,10106"
"41,63000";"11,67192";"-0,09965"
"41,64000";"11,65693";"-0,09450"
"41,65000";"11,64193";"-0,08453"
"41,66000";"11,62694";"-0,08226"
"41,67000";"11,61183";"-0,08952"
"41,68000";"11,59683";"-0,09075"
"41,69000";"11,58196";"-0,08914"
"41,70000";"11,56697";"-0,08769"
"41,71000";"11,55197";"-0,08674"
"41,72000";"11,53698";"-0,09871"
"41,73000";"11,52199";"-0,10192"
"41,74000";"11,50699";"-0,10362"
"41,75000";"11,49188";"-0,09675"
"41,76000";"11,47689";"-0,09068"
"41,77000";"11,46190";"-0,08361"
"41,78000";"11,44702";"-0,08814"
"41,79000";"11,43203";"-0,09671"
"41,80000";"11,41704";"-0,10681"
"41,81000";"11,40216";"-0,11484"
"41,82000";"11,38717";"-0,10727"
"41,83000";"11,37206";"-0,10347"
"41,84000";"11,35694";"-0,09982"
"41,85000";"11,34195";"-0,09526"
"41,86000";"11,32696";"-0,08801"
"41,87000";"11,31196";"-0,08159"
"41,88000";"11,29685";"-0,08995"
"41,89000";"11,28198";"-0,09722"
"41,90000";"11,26710";"-0,10284"
"41,91000";"11,25211";"-0,10098"
"41,92000";"11,23700";"-0,09739"
"41,93000";"11,22201";"-0,09981"
"41,94000";"11,20701";"-0,10061"
"41,95000";"11,19202";"-0,09715"
"41,96000";"11,17691";"-0,09987"
"41,97000";"11,16192";"-0,10587"
"41,98000";"11,14692";"-0,10786"
"41,99000";"11,13205";"-0,10437"
"42,00000";"11,11682";"-0,09920"
"42,01000";"11,10194";"-0,09859"
"42,02000";"11,08707";"-0,09417"
"42,03000";"11,07208";"-0,09333"
"42,04000";"11,05708";"-0,09156"
"42,05000";"11,04197";"-0,08958"
"42,06000";"11,02698";"-0,08129"
"42,07000";"11,01199";"-0,08217"
"42,08000";"10,99688";"-0,09251"
"42,09000";"10,98188";"-0,09247"
"42,10000";"10,96712";"-0,09333"
"42,11000";"10,95225";"-0,09073"
"42,12000";"10,93714";"-0,08338"
"42,13000";"10,92203";"-0,08651"
"42,14000";"10,90692";"-0,09085"
"42,15000";"10,89192";"-0,08874"
"42,16000";"10,87681";"-0,08350"
"42,17000";"10,86170";"-0,08073"
"42,18000";"10,84683";"-0,08196"
"42,19000";"10,83195";"-0,08401"
"42,20000";"10,81684";"-0,08079"
"42,21000";"10,80185";"-0,08569"
"42,22000";"10,78686";"-0,09189"
"42,23000";"10,77198";"-0,09588"
"42,24000";"10,75699";"-0,09785"
"42,25000";"10,74188";"-0,10271"
"42,26000";"10,72700";"-0,10543"
"42,27000";"10,71213";"-0,10467"
"42,28000";"10,69725";"-0,09599"
"42,29000";"10,68214";"-0,08929"
"42,30000";"10,66715";"-0,08526"
"42,31000";"10,65215";"-0,08517"
"42,32000";"10,63728";"-0,08771"
"42,33000";"10,62217";"-0,08636"
"42,34000";"10,60717";"-0,09236"
"42,35000";"10,59230";"-0,09821"
"42,36000";"10,57731";"-0,10300"
"42,37000";"10,56219";"-0,10132"
"42,38000";"10,54708";"-0,09886"
"42,39000";"10,53209";"-0,09657"
"42,40000";"10,51722";"-0,09367"
"42,41000";"10,50234";"-0,08657"
"42,42000";"10,48735";"-0,08444"
"42,43000";"10,47235";"-0,08592"
"42,44000";"10,45748";"-0,07928"
"42,45000";"10,44237";"-0,07294"
"42,46000";"10,42726";"-0,07486"
"42,47000";"10,41215";"-0,08501"
"42,48000";"10,39715";"-0,08641"
"42,49000";"10,38216";"-0,08500"
"42,50000";"10,36705";"-0,08841"
"42,51000";"10,35206";"-0,09265"
"42,52000";"10,33706";"-0,09916"
"42,53000";"10,32207";"-0,10852"
"42,54000";"10,30696";"-0,10536"
"42,55000";"10,29185";"-0,10678"
"42,56000";"10,27697";"-0,10245"
"42,57000";"10,26198";"-0,10091"
"42,58000";"10,24687";"-0,09909"
"42,59000";"10,23199";"-0,10415"
"42,60000";"10,21700";"-0,09875"
"42,61000";"10,20213";"-0,09945"
"42,62000";"10,18713";"-0,10919"
"42,63000";"10,17190";"-0,11523"
"42,64000";"10,15691";"-0,10876"
"42,65000";"10,14204";"-0,10189"
"42,66000";"10,12692";"-0,09757"
"42,67000";"10,11181";"-0,08846"
"42,68000";"10,09682";"-0,08441"
"42,69000";"10,08183";"-0,08595"
"42,70000";"10,06671";"-0,09194"
"42,71000";"10,05172";"-0,10323"
"42,72000";"10,03673";"-0,10779"
"42,73000";"10,02197";"-0,09850"
"42,74000";"10,00698";"-0,09867"
"42,75000";"9,99187";"-0,09946"
"42,76000";"9,97688";"-0,09350"
"42,77000";"9,96200";"-0,08238"
"42,78000";"9,94689";"-0,07298"
"42,79000";"9,93178";"-0,06204"
"42,80000";"9,91690";"-0,05788"
"42,81000";"9,90203";"-0,05861"
"42,82000";"9,88715";"-0,05614"
"42,83000";"9,87204";"-0,05786"
"42,84000";"9,85693";"-0,06413"
"42,85000";"9,84206";"-0,07060"
"42,86000";"9,82706";"-0,06890"
"42,87000";"9,81195";"-0,06372"
"42,88000";"9,79696";"-0,06982"
"42,89000";"9,78208";"-0,07845"
"42,90000";"9,76709";"-0,08239"
"42,91000";"9,75198";"-0,08365"
"42,92000";"9,73699";"-0,08352"
"42,93000";"9,72199";"-0,08162"
"42,94000";"9,70712";"-0,07093"
"42,95000";"9,69201";"-0,06258"
"42,96000";"9,67690";"-0,06112"
"42,97000";"9,66202";"-0,06780"
"42,98000";"9,64715";"-0,07162"
"42,99000";"9,63215";"-0,07919"
"43,00000";"9,61704";"-0,08220"
"43,01000";"9,60205";"-0,08583"
"43,02000";"9,58717";"-0,08906"
"43,03000";"9,57218";"-0,09403"
"43,04000";"9,55719";"-0,09670"
"43,05000";"9,54231";"-0,09451"
"43,06000";"9,52744";"-0,09040"
"43,07000";"9,51233";"-0,08309"
"43,08000";"9,49710";"-0,08008"
"43,09000";"9,48199";"-0,08182"
"43,10000";"9,46699";"-0,07615"
"43,11000";"9,45200";"-0,07081"
"43,12000";"9,43689";"-0,06079"
"43,13000";"9,42201";"-0,05731"
"43,14000";"9,40714";"-0,06255"
"43,15000";"9,39215";"-0,07453"
"43,16000";"9,37692";"-0,08741"
"43,17000";"9,36180";"-0,08921"
"43,18000";"9,34693";"-0,09192"
"43,19000";"9,33206";"-0,09449"
"43,20000";"9,31694";"-0,08938"
"43,21000";"9,30195";"-0,08058"
"43,22000";"9,28719";"-0,07680"
"43,23000";"9,27232";"-0,07766"
"43,24000";"9,25721";"-0,07363"
"43,25000";"9,24210";"-0,07705"
"43,26000";"9,22699";"-0,07740"
"43,27000";"9,21211";"-0,08235"
"43,28000";"9,19712";"-0,08877"
"43,29000";"9,18189";"-0,07952"
"43,30000";"9,16690";"-0,06321"
"43,31000";"9,15202";"-0,04667"
"43,32000";"9,13703";"-0,04285"
"43,33000";"9,12192";"-0,04423"
"43,34000";"9,10692";"-0,05061"
"43,35000";"9,09205";"-0,05503"
"43,36000";"9,07717";"-0,06037"
"43,37000";"9,06206";"-0,06807"
"43,38000";"9,04695";"-0,07532"
"43,39000";"9,03196";"-0,07184"
"43,40000";"9,01696";"-0,06867"
"43,41000";"9,00185";"-0,06523"
"43,42000";"8,98662";"-0,06380"
"43,43000";"8,97187";"-0,06069"
"43,44000";"8,95699";"-0,06072"
"43,45000";"8,94200";"-0,06240"
"43,46000";"8,92689";"-0,06459"
"43,47000";"8,91190";"-0,06671"
"43,48000";"8,89690";"-0,06320"
"43,49000";"8,88191";"-0,06176"
"43,50000";"8,86680";"-0,06075"
"43,51000";"8,85192";"-0,06447"
"43,52000";"8,83705";"-0,05877"
"43,53000";"8,82206";"-0,04753"
"43,54000";"8,80694";"-0,04853"
"43,55000";"8,79195";"-0,05244"
"43,56000";"8,77696";"-0,05304"
"43,57000";"8,76185";"-0,05246"
"43,58000";"8,74685";"-0,05813"
"43,59000";"8,73198";"-0,05985"
"43,60000";"8,71710";"-0,05917"
"43,61000";"8,70235";"-0,06505"
"43,62000";"8,68712";"-0,06743"
"43,63000";"8,67213";"-0,06295"
"43,64000";"8,65725";"-0,06213"
"43,65000";"8,64214";"-0,06253"
"43,66000";"8,62703";"-0,05729"
"43,67000";"8,61203";"-0,05541"
"43,68000";"8,59716";"-0,04751"
"43,69000";"8,58228";"-0,04048"
"43,70000";"8,56717";"-0,04411"
"43,71000";"8,55206";"-0,05876"
"43,72000";"8,53695";"-0,06582"
"43,73000";"8,52196";"-0,06376"
"43,74000";"8,50673";"-0,06787"
"43,75000";"8,49174";"-0,06445"
"43,76000";"8,47686";"-0,05880"
"43,77000";"8,46199";"-0,05862"
"43,78000";"8,44687";"-0,05682"
"43,79000";"8,43176";"-0,05433"
"43,80000";"8,41677";"-0,04728"
"43,81000";"8,40178";"-0,04504"
"43,82000";"8,38690";"-0,05084"
"43,83000";"8,37191";"-0,06259"
"43,84000";"8,35692";"-0,06603"
"43,85000";"8,34204";"-0,05836"
"43,86000";"8,32705";"-0,04389"
"43,87000";"8,31194";"-0,04048"
"43,88000";"8,29683";"-0,04056"
"43,89000";"8,28183";"-0,03452"
"43,90000";"8,26684";"-0,02994"
"43,91000";"8,25185";"-0,03321"
"43,92000";"8,23685";"-0,03991"
"43,93000";"8,22186";"-0,03982"
"43,94000";"8,20699";"-0,03233"
"43,95000";"8,19188";"-0,02455"
"43,96000";"8,17676";"-0,02312"
"43,97000";"8,16189";"-0,02996"
"43,98000";"8,14701";"-0,03721"
"43,99000";"8,13202";"-0,04509"
"44,00000";"8,11691";"-0,04977"
"44,01000";"8,10192";"-0,04804"
"44,02000";"8,08704";"-0,03998"
"44,03000";"8,07193";"-0,03644"
"44,04000";"8,05682";"-0,03704"
"44,05000";"8,04183";"-0,03225"
"44,06000";"8,02695";"-0,03702"
"44,07000";"8,01208";"-0,03484"
"44,08000";"7,99708";"-0,03101"
"44,09000";"7,98209";"-0,02567"
"44,10000";"7,96698";"-0,02725"
"44,11000";"7,95210";"-0,03094"
"44,12000";"7,93688";"-0,02938"
"44,13000";"7,92188";"-0,02813"
"44,14000";"7,90712";"-0,02810"
"44,15000";"7,89225";"-0,02861"
"44,16000";"7,87714";"-0,02174"
"44,17000";"7,86203";"-0,02174"
"44,18000";"7,84704";"-0,02488"
"44,19000";"7,83204";"-0,02803"
"44,20000";"7,81693";"-0,03104"
"44,21000";"7,80182";"-0,03367"
"44,22000";"7,78694";"-0,02730"
"44,23000";"7,77219";"-0,02577"
"44,24000";"7,75719";"-0,02176"
"44,25000";"7,74220";"-0,01927"
"44,26000";"7,72709";"-0,02150"
"44,27000";"7,71222";"-0,02423"
"44,28000";"7,69710";"-0,02074"
"44,29000";"7,68199";"-0,01626"
"44,30000";"7,66700";"-0,01465"
"44,31000";"7,65212";"-0,01129"
"44,32000";"7,63713";"-0,00408"
"44,33000";"7,62202";"0,00106"
"44,34000";"7,60703";"-0,00522"
"44,35000";"7,59192";"-0,01266"
"44,36000";"7,57681";"-0,01938"
"44,37000";"7,56169";"-0,02825"
"44,38000";"7,54670";"-0,02109"
"44,39000";"7,53194";"-0,01162"
"44,40000";"7,51695";"-0,01005"
"44,41000";"7,50196";"-0,01305"
"44,42000";"7,48697";"-0,01528"
"44,43000";"7,47197";"-0,01522"
"44,44000";"7,45698";"-0,01480"
"44,45000";"7,44187";"-0,01594"
"44,46000";"7,42687";"-0,02386"
"44,47000";"7,41188";"-0,02470"
"44,48000";"7,39701";"-0,01857"
"44,49000";"7,38190";"-0,01264"
"44,50000";"7,36679";"-0,02294"
"44,51000";"7,35179";"-0,02905"
"44,52000";"7,33680";"-0,02737"
"44,53000";"7,32169";"-0,02750"
"44,54000";"7,30681";"-0,03126"
"44,55000";"7,29182";"-0,03056"
"44,56000";"7,27694";"-0,02255"
"44,57000";"7,26195";"-0,02449"
"44,58000";"7,24696";"-0,02417"
"44,59000";"7,23185";"-0,02891"
"44,60000";"7,21685";"-0,03217"
"44,61000";"7,20198";"-0,03008"
"44,62000";"7,18699";"-0,03097"
"44,63000";"7,17199";"-0,03139"
"44,64000";"7,15712";"-0,02563"
"44,65000";"7,14212";"-0,02197"
"44,66000";"7,12701";"-0,02149"
"44,67000";"7,11190";"-0,02118"
"44,68000";"7,09691";"-0,02346"
"44,69000";"7,08204";"-0,02163"
"44,70000";"7,06692";"-0,02301"
"44,71000";"7,05193";"-0,02738"
"44,72000";"7,03694";"-0,02846"
"44,73000";"7,02194";"-0,02616"
"44,74000";"7,00695";"-0,01303"
"44,75000";"6,99184";"-0,00926"
"44,76000";"6,97697";"-0,00860"
"44,77000";"6,96209";"-0,01512"
"44,78000";"6,94722";"-0,01905"
"44,79000";"6,93222";"-0,01508"
"44,80000";"6,91723";"-0,01432"
"44,81000";"6,90235";"-0,01208"
"44,82000";"6,88724";"-0,01698"
"44,83000";"6,87201";"-0,01630"
"44,84000";"6,85702";"-0,01721"
"44,85000";"6,84203";"-0,01740"
"44,86000";"6,82703";"-0,02187"
"44,87000";"6,81204";"-0,02890"
"44,88000";"6,79705";"-0,03293"
"44,89000";"6,78206";"-0,02807"
"44,90000";"6,76694";"-0,02188"
"44,91000";"6,75183";"-0,02260"
"44,92000";"6,73684";"-0,02650"
"44,93000";"6,72185";"-0,03016"
"44,94000";"6,70697";"-0,02834"
"44,95000";"6,69198";"-0,02636"
"44,96000";"6,67687";"-0,01751"
"44,97000";"6,66188";"-0,01700"
"44,98000";"6,64688";"-0,02149"
"44,99000";"6,63189";"-0,02739"
"45,00000";"6,61701";"-0,02751"
"45,01000";"6,60226";"-0,02906"
"45,02000";"6,58750";"-0,03058"
"45,03000";"6,57251";"-0,02799"
"45,04000";"6,55728";"-0,02217"
"45,05000";"6,54193";"-0,01693"
"45,06000";"6,52682";"-0,00725"
"45,07000";"6,51171";"0,00314"
"45,08000";"6,49672";"-0,00534"
"45,09000";"6,48172";"-0,01965"
"45,10000";"6,46685";"-0,03002"
"45,11000";"6,45197";"-0,02557"
"45,12000";"6,43698";"-0,01828"
"45,13000";"6,42199";"-0,01451"
"45,14000";"6,40699";"-0,01059"
"45,15000";"6,39200";"-0,00783"
"45,16000";"6,37701";"-0,00599"
"45,17000";"6,36201";"-0,01859"
"45,18000";"6,34714";"-0,03187"
"45,19000";"6,33215";"-0,03319"
"45,20000";"6,31703";"-0,02367"
"45,21000";"6,30192";"-0,01571"
"45,22000";"6,28693";"-0,01740"
"45,23000";"6,27194";"-0,02283"
"45,24000";"6,25694";"-0,02409"
"45,25000";"6,24183";"-0,02769"
"45,26000";"6,22696";"-0,02669"
"45,27000";"6,21208";"-0,02571"
"45,28000";"6,19709";"-0,02131"
"45,29000";"6,18198";"-0,02447"
"45,30000";"6,16687";"-0,02935"
"45,31000";"6,15188";"-0,03511"
"45,32000";"6,13688";"-0,02607"
"45,33000";"6,12177";"-0,01326"
"45,34000";"6,10678";"-0,00656"
"45,35000";"6,09190";"-0,00352"
"45,36000";"6,07691";"-0,00527"
"45,37000";"6,06192";"-0,01219"
"45,38000";"6,04681";"-0,01246"
"45,39000";"6,03193";"-0,00742"
"45,40000";"6,01706";"-0,00251"
"45,41000";"6,00206";"-0,00454"
"45,42000";"5,98695";"-0,00744"
"45,43000";"5,97196";"-0,01477"
"45,44000";"5,95708";"-0,02201"
"45,45000";"5,94197";"-0,01950"
"45,46000";"5,92686";"-0,01789"
"45,47000";"5,91187";"-0,01898"
"45,48000";"5,89699";"-0,01652"
"45,49000";"5,88212";"-0,01986"
"45,50000";"5,86701";"-0,02059"
"45,51000";"5,85201";"-0,02302"
"45,52000";"5,83714";"-0,02708"
"45,53000";"5,82215";"-0,01868"
"45,54000";"5,80703";"-0,01281"
"45,55000";"5,79204";"-0,01285"
"45,56000";"5,77717";"-0,01565"
"45,57000";"5,76229";"-0,01398"
"45,58000";"5,74718";"-0,01735"
"45,59000";"5,73219";"-0,01636"
"45,60000";"5,71731";"-0,01748"
"45,61000";"5,70232";"-0,02013"
"45,62000";"5,68709";"-0,01520"
"45,63000";"5,67186";"-0,01318"
"45,64000";"5,65687";"-0,01532"
"45,65000";"5,64199";"-0,01748"
"45,66000";"5,62688";"-0,02280"
"45,67000";"5,61177";"-0,03211"
"45,68000";"5,59678";"-0,02952"
"45,69000";"5,58190";"-0,02202"
"45,70000";"5,56679";"-0,01648"
"45,71000";"5,55180";"-0,02269"
"45,72000";"5,53692";"-0,02429"
"45,73000";"5,52205";"-0,02896"
"45,74000";"5,50706";"-0,03119"
"45,75000";"5,49206";"-0,03059"
"45,76000";"5,47707";"-0,03394"
"45,77000";"5,46208";"-0,03461"
"45,78000";"5,44708";"-0,02780"
"45,79000";"5,43197";"-0,02049"
"45,80000";"5,41698";"-0,01821"
"45,81000";"5,40222";"-0,02512"
"45,82000";"5,38723";"-0,02891"
"45,83000";"5,37212";"-0,02660"
"45,84000";"5,35713";"-0,01682"
"45,85000";"5,34213";"-0,01126"
"45,86000";"5,32714";"-0,01563"
"45,87000";"5,31203";"-0,01880"
"45,88000";"5,29704";"-0,02041"
"45,89000";"5,28216";"-0,01491"
"45,90000";"5,26717";"-0,01115"
"45,91000";"5,25217";"-0,01018"
"45,92000";"5,23706";"-0,01212"
"45,93000";"5,22207";"-0,01963"
"45,94000";"5,20696";"-0,02062"
"45,95000";"5,19197";"-0,01647"
"45,96000";"5,17697";"-0,01444"
"45,97000";"5,16210";"-0,01712"
"45,98000";"5,14722";"-0,01872"
"45,99000";"5,13223";"-0,02173"
"46,00000";"5,11700";"-0,02339"
"46,01000";"5,10189";"-0,02354"
"46,02000";"5,08701";"-0,01517"
"46,03000";"5,07202";"-0,01352"
"46,04000";"5,05703";"-0,01184"
"46,05000";"5,04204";"-0,00920"
"46,06000";"5,02716";"-0,00857"
"46,07000";"5,01217";"-0,00415"
"46,08000";"4,99706";"-0,00918"
"46,09000";"4,98183";"-0,02077"
"46,10000";"4,96683";"-0,02044"
"46,11000";"4,95184";"-0,01767"
"46,12000";"4,93673";"-0,01851"
"46,13000";"4,92185";"-0,02418"
"46,14000";"4,90686";"-0,01568"
"46,15000";"4,89187";"-0,00464"
"46,16000";"4,87688";"-0,00323"
"46,17000";"4,86176";"-0,00220"
"46,18000";"4,84689";"-0,00217"
"46,19000";"4,83201";"-0,00462"
"46,20000";"4,81702";"-0,00278"
"46,21000";"4,80203";"-0,00659"
"46,22000";"4,78703";"-0,01828"
"46,23000";"4,77216";"-0,02259"
"46,24000";"4,75705";"-0,01919"
"46,25000";"4,74182";"-0,01741"
"46,26000";"4,72694";"-0,01271"
"46,27000";"4,71207";"-0,01187"
"46,28000";"4,69719";"-0,01339"
"46,29000";"4,68208";"-0,01278"
"46,30000";"4,66709";"-0,01600"
"46,31000";"4,65222";"-0,02063"
"46,32000";"4,63722";"-0,01799"
"46,33000";"4,62199";"-0,01668"
"46,34000";"4,60688";"-0,02422"
"46,35000";"4,59201";"-0,02922"
"46,36000";"4,57701";"-0,01968"
"46,37000";"4,56214";"-0,01127"
"46,38000";"4,54715";"-0,00834"
"46,39000";"4,53227";"-0,00935"
"46,40000";"4,51740";"-0,00933"
"46,41000";"4,50228";"-0,00882"
"46,42000";"4,48717";"-0,00721"
"46,43000";"4,47230";"-0,01361"
"46,44000";"4,45742";"-0,01434"
"46,45000";"4,44231";"-0,01655"
"46,46000";"4,42720";"-0,02403"
"46,47000";"4,41209";"-0,03298"
"46,48000";"4,39710";"-0,03244"
"46,49000";"4,38199";"-0,03534"
"46,50000";"4,36687";"-0,03784"
"46,51000";"4,35188";"-0,03626"
"46,52000";"4,33712";"-0,03097"
"46,53000";"4,32213";"-0,02568"
"46,54000";"4,30702";"-0,02947"
"46,55000";"4,29215";"-0,02919"
"46,56000";"4,27727";"-0,02613"
"46,57000";"4,26228";"-0,02693"
"46,58000";"4,24717";"-0,02330"
"46,59000";"4,23217";"-0,01935"
"46,60000";"4,21742";"-0,01909"
"46,61000";"4,20254";"-0,01907"
"46,62000";"4,18731";"-0,01717"
"46,63000";"4,17208";"-0,01489"
"46,64000";"4,15709";"-0,01032"
"46,65000";"4,14222";"-0,00267"
"46,66000";"4,12710";"-0,00002"
"46,67000";"4,11199";"-0,00161"
"46,68000";"4,09700";"-0,00034"
"46,69000";"4,08201";"0,00098"
"46,70000";"4,06701";"0,00050"
"46,71000";"4,05178";"-0,00599"
"46,72000";"4,03679";"-0,00909"
"46,73000";"4,02203";"-0,01049"
"46,74000";"4,00704";"-0,00010"
"46,75000";"3,99193";"0,00520"
"46,76000";"3,97694";"-0,00224"
"46,77000";"3,96194";"-0,01401"
"46,78000";"3,94695";"-0,01838"
"46,79000";"3,93172";"-0,01386"
"46,80000";"3,91673";"-0,01751"
"46,81000";"3,90185";"-0,02212"
"46,82000";"3,88698";"-0,02178"
"46,83000";"3,87187";"-0,02378"
"46,84000";"3,85676";"-0,02343"
"46,85000";"3,84176";"-0,01881"
"46,86000";"3,82677";"-0,01319"
"46,87000";"3,81154";"-0,01633"
"46,88000";"3,79655";"-0,02388"
"46,89000";"3,78179";"-0,02511"
"46,90000";"3,76692";"-0,02210"
"46,91000";"3,75181";"-0,02236"
"46,92000";"3,73669";"-0,02743"
"46,93000";"3,72170";"-0,02379"
"46,94000";"3,70683";"-0,01661"
"46,95000";"3,69172";"-0,01560"
"46,96000";"3,67660";"-0,01225"
"46,97000";"3,66173";"-0,00919"
"46,98000";"3,64697";"-0,00684"
"46,99000";"3,63198";"-0,00600"
"47,00000";"3,61687";"-0,00901"
"47,01000";"3,60199";"-0,01245"
"47,02000";"3,58700";"-0,01568"
"47,03000";"3,57201";"-0,01534"
"47,04000";"3,55690";"-0,01920"
"47,05000";"3,54202";"-0,02112"
"47,06000";"3,52715";"-0,01555"
"47,07000";"3,51227";"-0,00498"
"47,08000";"3,49716";"-0,00244"
"47,09000";"3,48205";"-0,00596"
"47,10000";"3,46706";"-0,00578"
"47,11000";"3,45206";"-0,00058"
"47,12000";"3,43695";"0,00708"
"47,13000";"3,42219";"0,00320"
"47,14000";"3,40732";"-0,00363"
"47,15000";"3,39244";"-0,00714"
"47,16000";"3,37722";"-0,00432"
"47,17000";"3,36210";"-0,00870"
"47,18000";"3,34711";"-0,01004"
"47,19000";"3,33200";"-0,00231"
"47,20000";"3,31689";"0,00614"
"47,21000";"3,30178";"0,01033"
"47,22000";"3,28690";"0,00619"
"47,23000";"3,27215";"0,00346"
"47,24000";"3,25715";"0,00634"
"47,25000";"3,24204";"0,00581"
"47,26000";"3,22693";"0,00065"
"47,27000";"3,21206";"-0,00934"
"47,28000";"3,19706";"-0,02080"
"47,29000";"3,18195";"-0,02111"
"47,30000";"3,16696";"-0,01943"
"47,31000";"3,15208";"-0,01505"
"47,32000";"3,13697";"-0,01282"
"47,33000";"3,12186";"-0,01367"
"47,34000";"3,10687";"-0,02258"
"47,35000";"3,09187";"-0,02199"
"47,36000";"3,07700";"-0,01900"
"47,37000";"3,06201";"-0,02135"
"47,38000";"3,04701";"-0,02521"
"47,39000";"3,03214";"-0,02880"
"47,40000";"3,01715";"-0,02843"
"47,41000";"3,00192";"-0,02890"
"47,42000";"2,98692";"-0,03100"
"47,43000";"2,97193";"-0,02865"
"47,44000";"2,95706";"-0,02144"
"47,45000";"2,94206";"-0,01599"
"47,46000";"2,92707";"-0,01841"
"47,47000";"2,91208";"-0,01890"
"47,48000";"2,89708";"-0,01430"
"47,49000";"2,88197";"-0,00613"
"47,50000";"2,86686";"-0,00315"
"47,51000";"2,85175";"-0,00525"
"47,52000";"2,83688";"-0,01058"
"47,53000";"2,82188";"-0,01423"
"47,54000";"2,80701";"-0,00527"
"47,55000";"2,79201";"-0,00819"
"47,56000";"2,77702";"-0,01196"
"47,57000";"2,76203";"-0,01292"
"47,58000";"2,74680";"-0,01103"
"47,59000";"2,73181";"-0,01889"
"47,60000";"2,71693";"-0,02887"
"47,61000";"2,70206";"-0,03570"
"47,62000";"2,68694";"-0,03713"
"47,63000";"2,67195";"-0,03511"
"47,64000";"2,65696";"-0,02906"
"47,65000";"2,64197";"-0,03294"
"47,66000";"2,62685";"-0,03081"
"47,67000";"2,61174";"-0,02372"
"47,68000";"2,59699";"-0,02601"
"47,69000";"2,58211";"-0,02335"
"47,70000";"2,56700";"-0,01571"
"47,71000";"2,55201";"-0,01464"
"47,72000";"2,53690";"-0,01835"
"47,73000";"2,52202";"-0,01986"
"47,74000";"2,50679";"-0,02311"
"47,75000";"2,49180";"-0,02820"
"47,76000";"2,47692";"-0,01955"
"47,77000";"2,46217";"-0,00941"
"47,78000";"2,44717";"-0,00344"
"47,79000";"2,43194";"-0,00640"
"47,80000";"2,41695";"-0,01518"
"47,81000";"2,40184";"-0,02036"
"47,82000";"2,38673";"-0,01620"
"47,83000";"2,37162";"-0,01448"
"47,84000";"2,35674";"-0,01199"
"47,85000";"2,34187";"-0,01036"
"47,86000";"2,32699";"-0,01004"
"47,87000";"2,31200";"-0,01219"
"47,88000";"2,29689";"-0,01447"
"47,89000";"2,28201";"-0,01305"
"47,90000";"2,26702";"-0,01536"
"47,91000";"2,25203";"-0,02069"
"47,92000";"2,23703";"-0,02515"
"47,93000";"2,22216";"-0,03327"
"47,94000";"2,20717";"-0,03318"
"47,95000";"2,19217";"-0,03357"
"47,96000";"2,17718";"-0,03212"
"47,97000";"2,16207";"-0,02733"
"47,98000";"2,14708";"-0,02204"
"47,99000";"2,13197";"-0,01874"
"48,00000";"2,11697";"-0,01844"
"48,01000";"2,10198";"-0,02239"
"48,02000";"2,08699";"-0,02562"
"48,03000";"2,07176";"-0,02730"
"48,04000";"2,05665";"-0,02844"
"48,05000";"2,04165";"-0,02977"
"48,06000";"2,02678";"-0,02597"
"48,07000";"2,01178";"-0,02478"
"48,08000";"1,99691";"-0,02365"
"48,09000";"1,98203";"-0,02117"
"48,10000";"1,96704";"-0,02195"
"48,11000";"1,95205";"-0,02203"
"48,12000";"1,93706";"-0,02742"
"48,13000";"1,92194";"-0,02915"
"48,14000";"1,90695";"-0,02243"
"48,15000";"1,89196";"-0,01610"
"48,16000";"1,87697";"-0,01918"
"48,17000";"1,86197";"-0,03272"
"48,18000";"1,84710";"-0,03564"
"48,19000";"1,83210";"-0,03760"
"48,20000";"1,81699";"-0,03747"
"48,21000";"1,80200";"-0,02849"
"48,22000";"1,78689";"-0,02339"
"48,23000";"1,77201";"-0,02380"
"48,24000";"1,75702";"-0,02108"
"48,25000";"1,74203";"-0,01803"
"48,26000";"1,72703";"-0,01621"
"48,27000";"1,71204";"-0,01920"
"48,28000";"1,69705";"-0,02487"
"48,29000";"1,68194";"-0,02604"
"48,30000";"1,66683";"-0,02529"
"48,31000";"1,65195";"-0,02473"
"48,32000";"1,63696";"-0,02022"
"48,33000";"1,62208";"-0,01517"
"48,34000";"1,60697";"-0,01748"
"48,35000";"1,59210";"-0,02355"
"48,36000";"1,57710";"-0,02326"
"48,37000";"1,56199";"-0,02840"
"48,38000";"1,54700";"-0,03567"
"48,39000";"1,53201";"-0,04420"
"48,40000";"1,51713";"-0,04494"
"48,41000";"1,50202";"-0,04060"
"48,42000";"1,48691";"-0,02818"
"48,43000";"1,47192";"-0,01816"
"48,44000";"1,45692";"-0,01143"
"48,45000";"1,44181";"-0,00476"
"48,46000";"1,42682";"-0,00404"
"48,47000";"1,41183";"0,00017"
"48,48000";"1,39695";"-0,00245"
"48,49000";"1,38196";"-0,01010"
"48,50000";"1,36697";"-0,01366"
"48,51000";"1,35185";"-0,01427"
"48,52000";"1,33686";"-0,01117"
"48,53000";"1,32187";"-0,01228"
"48,54000";"1,30687";"-0,01612"
"48,55000";"1,29188";"-0,02117"
"48,56000";"1,27713";"-0,02166"
"48,57000";"1,26225";"-0,01996"
"48,58000";"1,24714";"-0,02301"
"48,59000";"1,23215";"-0,02945"
"48,60000";"1,21715";"-0,02858"
"48,61000";"1,20216";"-0,02142"
"48,62000";"1,18705";"-0,01897"
"48,63000";"1,17206";"-0,01863"
"48,64000";"1,15706";"-0,01418"
"48,65000";"1,14207";"-0,01635"
"48,66000";"1,12696";"-0,01395"
"48,67000";"1,11185";"-0,01520"
"48,68000";"1,09685";"-0,01753"
"48,69000";"1,08198";"-0,01866"
"48,70000";"1,06710";"-0,01556"
"48,71000";"1,05199";"-0,00749"
"48,72000";"1,03700";"-0,00096"
"48,73000";"1,02201";"0,00286"
"48,74000";"1,00713";"-0,00028"
"48,75000";"0,99202";"-0,00428"
"48,76000";"0,97691";"-0,01240"
"48,77000";"0,96192";"-0,02249"
"48,78000";"0,94704";"-0,02854"
"48,79000";"0,93193";"-0,02446"
"48,80000";"0,91694";"-0,01730"
"48,81000";"0,90206";"-0,01742"
"48,82000";"0,88707";"-0,02109"
"48,83000";"0,87196";"-0,02120"
"48,84000";"0,85685";"-0,01971"
"48,85000";"0,84185";"-0,01792"
"48,86000";"0,82698";"-0,01112"
"48,87000";"0,81199";"-0,00899"
"48,88000";"0,79699";"-0,01376"
"48,89000";"0,78212";"-0,01647"
"48,90000";"0,76724";"-0,01701"
"48,91000";"0,75225";"-0,00968"
"48,92000";"0,73714";"-0,00983"
"48,93000";"0,72215";"-0,00978"
"48,94000";"0,70715";"-0,01406"
"48,95000";"0,69216";"-0,02332"
"48,96000";"0,67705";"-0,02646"
"48,97000";"0,66194";"-0,02857"
"48,98000";"0,64706";"-0,03542"
"48,99000";"0,63207";"-0,02615"
"49,00000";"0,61696";"-0,01873"
"49,01000";"0,60197";"-0,01589"
"49,02000";"0,58697";"-0,01830"
"49,03000";"0,57198";"-0,01322"
"49,04000";"0,55675";"-0,01552"
"49,05000";"0,54176";"-0,02296"
"49,06000";"0,52676";"-0,02398"
"49,07000";"0,51189";"-0,02521"
"49,08000";"0,49678";"-0,02721"
"49,09000";"0,48167";"-0,02472"
"49,10000";"0,46691";"-0,01885"
"49,11000";"0,45203";"-0,01309"
"49,12000";"0,43704";"-0,00990"
"49,13000";"0,42193";"-0,01793"
"49,14000";"0,40694";"-0,02734"
"49,15000";"0,39194";"-0,03434"
"49,16000";"0,37683";"-0,03796"
"49,17000";"0,36184";"-0,03982"
"49,18000";"0,34697";"-0,03669"
"49,19000";"0,33209";"-0,02983"
"49,20000";"0,31710";"-0,01763"
"49,21000";"0,30199";"-0,01041"
"49,22000";"0,28711";"-0,01510"
"49,23000";"0,27212";"-0,02261"
"49,24000";"0,25701";"-0,02306"
"49,25000";"0,24190";"-0,02709"
"49,26000";"0,22690";"-0,02847"
"49,27000";"0,21203";"-0,02901"
"49,28000";"0,19703";"-0,02593"
"49,29000";"0,18192";"-0,01960"
"49,30000";"0,16681";"-0,02018"
"49,31000";"0,15194";"-0,03280"
"49,32000";"0,13694";"-0,04342"
"49,33000";"0,12195";"-0,03399"
"49,34000";"0,10708";"-0,01926"
"49,35000";"0,09232";"-0,01023"
"49,36000";"0,07733";"-0,00046"
"49,37000";"0,06233";"-0,00091"
"49,38000";"0,04722";"-0,01064"
"49,39000";"0,03223";"-0,02077"
"49,40000";"0,01724";"-0,03062"
"49,41000";"0,00213";"-0,03313"
"49,41200";"-0,00083";"-0,03264"
