90.84	-6.5784
90.84	-6.5789
90.84	-6.5786
90.84	-6.5787
90.84	-6.5782
90.84	-6.5776
90.84	-6.5767
90.84	-6.5758
90.84	-6.5744
90.85	-6.5727
90.85	-6.5709
90.85	-6.5688
90.85	-6.5664
90.84	-6.5641
90.84	-6.5616
90.84	-6.5592
90.84	-6.5566
90.84	-6.5538
90.84	-6.5513
90.84	-6.5486
90.84	-6.5459
90.84	-6.5434
90.84	-6.5409
90.84	-6.5383
90.84	-6.5364
90.84	-6.5344
90.84	-6.5326
90.84	-6.5307
90.84	-6.5291
90.84	-6.5277
90.84	-6.5265
90.84	-6.5253
90.84	-6.5243
90.84	-6.5234
90.84	-6.5230
90.84	-6.5222
90.84	-6.5220
90.84	-6.5219
90.83	-6.5220
90.83	-6.5222
90.83	-6.5226
90.83	-6.5232
90.83	-6.5237
90.83	-6.5245
90.83	-6.5257
90.83	-6.5264
90.83	-6.5277
90.83	-6.5289
90.83	-6.5306
90.83	-6.5319
90.83	-6.5334
90.82	-6.5353
90.82	-6.5370
90.82	-6.5388
90.82	-6.5406
90.82	-6.5426
90.82	-6.5448
90.81	-6.5468
90.81	-6.5490
90.81	-6.5513
90.80	-6.5534
90.80	-6.5559
90.80	-6.5583
90.80	-6.5604
90.80	-6.5631
90.80	-6.5655
90.80	-6.5681
90.80	-6.5709
90.79	-6.5733
90.79	-6.5758
90.79	-6.5786
90.79	-6.5811
90.79	-6.5837
90.78	-6.5864
90.78	-6.5893
90.78	-6.5917
90.78	-6.5944
90.77	-6.5974
90.78	-6.5998
90.77	-6.6028
90.77	-6.6053
90.77	-6.6082
90.77	-6.6113
90.77	-6.6143
90.77	-6.6169
90.76	-6.6198
90.76	-6.6223
90.76	-6.6253
90.75	-6.6284
90.75	-6.6312
90.75	-6.6344
90.75	-6.6373
90.75	-6.6406
90.74	-6.6434
90.74	-6.6464
90.74	-6.6493
90.73	-6.6527
90.73	-6.6559
90.73	-6.6589
90.73	-6.6620
90.72	-6.6652
90.72	-6.6688
90.72	-6.6716
90.71	-6.6750
90.71	-6.6782
90.71	-6.6816
90.71	-6.6847
90.71	-6.6883
90.71	-6.6919
90.71	-6.6950
90.70	-6.6986
90.70	-6.7018
90.70	-6.7059
90.70	-6.7091
90.70	-6.7126
90.69	-6.7163
90.69	-6.7199
90.69	-6.7235
90.69	-6.7271
90.68	-6.7308
90.68	-6.7346
90.68	-6.7383
90.68	-6.7422
90.67	-6.7461
90.67	-6.7495
90.67	-6.7532
90.66	-6.7572
90.66	-6.7609
90.66	-6.7649
90.66	-6.7687
90.65	-6.7725
90.65	-6.7763
90.65	-6.7802
90.65	-6.7839
90.64	-6.7878
90.64	-6.7917
90.64	-6.7955
90.64	-6.7995
90.64	-6.8032
90.64	-6.8071
90.63	-6.8108
90.63	-6.8148
90.63	-6.8188
90.63	-6.8225
90.62	-6.8266
90.62	-6.8305
90.62	-6.8344
90.61	-6.8382
90.61	-6.8419
90.60	-6.8458
90.60	-6.8497
90.60	-6.8537
90.60	-6.8575
90.59	-6.8613
90.59	-6.8651
90.59	-6.8688
90.59	-6.8725
90.59	-6.8762
90.59	-6.8804
90.59	-6.8838
90.58	-6.8877
90.58	-6.8917
90.58	-6.8953
90.58	-6.8990
90.58	-6.9026
90.58	-6.9064
90.57	-6.9099
90.58	-6.9135
90.57	-6.9170
90.56	-6.9205
90.56	-6.9242
90.55	-6.9272
90.55	-6.9307
90.55	-6.9342
90.55	-6.9376
90.55	-6.9410
90.54	-6.9442
90.53	-6.9475
90.52	-6.9508
90.51	-6.9540
90.51	-6.9572
90.51	-6.9605
90.50	-6.9632
90.50	-6.9664
90.50	-6.9695
90.50	-6.9725
90.50	-6.9754
90.50	-6.9782
90.50	-6.9814
90.50	-6.9841
90.50	-6.9869
90.50	-6.9898
90.50	-6.9923
90.50	-6.9951
90.50	-6.9979
90.50	-7.0006
90.50	-7.0031
90.50	-7.0055
90.49	-7.0081
90.49	-7.0106
90.49	-7.0131
90.48	-7.0154
90.48	-7.0179
90.48	-7.0201
90.48	-7.0226
90.48	-7.0248
90.47	-7.0269
90.47	-7.0291
90.47	-7.0313
90.47	-7.0335
90.46	-7.0356
90.46	-7.0376
90.46	-7.0395
90.46	-7.0416
90.45	-7.0433
90.45	-7.0454
90.45	-7.0471
90.45	-7.0490
90.45	-7.0508
90.44	-7.0526
90.44	-7.0542
90.44	-7.0557
90.43	-7.0573
90.43	-7.0591
90.43	-7.0607
90.42	-7.0621
90.42	-7.0637
90.42	-7.0652
90.42	-7.0666
90.42	-7.0680
90.41	-7.0693
90.41	-7.0707
90.41	-7.0718
90.40	-7.0733
90.40	-7.0743
90.40	-7.0754
90.39	-7.0766
90.39	-7.0779
90.39	-7.0788
90.39	-7.0800
90.39	-7.0809
90.38	-7.0820
90.38	-7.0830
90.38	-7.0838
90.38	-7.0848
90.38	-7.0857
90.38	-7.0868
90.37	-7.0872
90.37	-7.0880
90.37	-7.0890
90.37	-7.0895
90.36	-7.0906
90.36	-7.0908
90.36	-7.0914
90.35	-7.0921
90.35	-7.0925
90.34	-7.0932
90.34	-7.0937
90.34	-7.0943
90.34	-7.0946
90.34	-7.0953
90.33	-7.0955
90.33	-7.0962
90.33	-7.0965
90.33	-7.0969
90.32	-7.0971
90.32	-7.0974
90.32	-7.0974
90.32	-7.0978
90.31	-7.0979
90.31	-7.0983
90.31	-7.0986
90.31	-7.0987
90.31	-7.0988
90.30	-7.0988
90.30	-7.0992
90.30	-7.0993
90.30	-7.0996
90.30	-7.0995
90.29	-7.0994
90.29	-7.0998
90.29	-7.0998
90.29	-7.0998
90.28	-7.0997
90.28	-7.0999
90.28	-7.0997
90.28	-7.0997
90.28	-7.0996
90.27	-7.0996
90.27	-7.0996
90.27	-7.0993
90.26	-7.0995
90.26	-7.0992
90.26	-7.0991
90.26	-7.0988
90.25	-7.0989
90.25	-7.0988
90.25	-7.0986
90.25	-7.0982
90.24	-7.0981
90.24	-7.0979
90.24	-7.0976
90.23	-7.0973
90.23	-7.0969
90.23	-7.0969
90.23	-7.0965
90.23	-7.0963
90.23	-7.0962
90.22	-7.0957
90.22	-7.0956
90.21	-7.0952
90.21	-7.0949
90.21	-7.0945
90.21	-7.0942
90.21	-7.0939
90.21	-7.0933
90.20	-7.0931
90.20	-7.0927
90.20	-7.0924
90.20	-7.0920
90.20	-7.0915
90.19	-7.0911
90.19	-7.0908
90.18	-7.0901
90.18	-7.0900
90.18	-7.0896
90.18	-7.0890
90.18	-7.0887
90.17	-7.0882
90.17	-7.0875
90.17	-7.0874
90.17	-7.0866
90.17	-7.0864
90.16	-7.0860
90.16	-7.0854
90.16	-7.0849
90.15	-7.0846
90.15	-7.0840
90.15	-7.0835
90.14	-7.0831
90.14	-7.0825
90.14	-7.0822
90.14	-7.0815
90.14	-7.0809
90.13	-7.0807
90.13	-7.0801
90.13	-7.0795
90.13	-7.0790
90.12	-7.0786
90.12	-7.0781
90.12	-7.0775
90.12	-7.0771
90.12	-7.0767
90.12	-7.0763
90.12	-7.0757
90.11	-7.0753
90.11	-7.0746
90.11	-7.0741
90.10	-7.0735
90.10	-7.0730
90.10	-7.0725
90.09	-7.0721
90.09	-7.0715
90.09	-7.0711
90.08	-7.0704
90.08	-7.0697
90.08	-7.0692
90.08	-7.0687
90.08	-7.0683
90.07	-7.0676
90.07	-7.0670
90.06	-7.0666
90.06	-7.0661
90.06	-7.0655
90.06	-7.0646
90.06	-7.0644
90.06	-7.0637
90.05	-7.0632
90.05	-7.0629
90.05	-7.0625
90.05	-7.0616
90.04	-7.0611
90.04	-7.0605
90.03	-7.0600
90.03	-7.0594
90.03	-7.0588
90.03	-7.0585
90.03	-7.0577
90.03	-7.0568
90.03	-7.0567
90.03	-7.0562
90.03	-7.0558
90.02	-7.0554
90.02	-7.0548
90.01	-7.0540
90.01	-7.0535
90.01	-7.0530
90.00	-7.0523
90.00	-7.0520
90.00	-7.0515
90.00	-7.0507
90.00	-7.0503
89.99	-7.0498
89.99	-7.0493
89.99	-7.0487
89.98	-7.0480
89.98	-7.0478
89.98	-7.0472
89.98	-7.0467
89.98	-7.0464
89.97	-7.0456
89.97	-7.0452
89.97	-7.0445
89.97	-7.0439
89.96	-7.0435
89.96	-7.0431
89.95	-7.0425
89.95	-7.0418
89.95	-7.0414
89.95	-7.0409
89.95	-7.0404
89.95	-7.0399
89.94	-7.0393
89.94	-7.0389
89.94	-7.0385
89.93	-7.0378
89.93	-7.0373
89.93	-7.0370
89.92	-7.0364
89.92	-7.0359
89.92	-7.0354
89.92	-7.0350
89.91	-7.0345
89.91	-7.0340
89.90	-7.0335
89.90	-7.0331
89.90	-7.0326
89.90	-7.0323
89.90	-7.0317
89.90	-7.0314
89.89	-7.0307
89.89	-7.0307
89.89	-7.0303
89.89	-7.0296
89.89	-7.0292
89.88	-7.0285
89.88	-7.0281
89.88	-7.0275
89.88	-7.0272
89.88	-7.0269
89.87	-7.0262
89.87	-7.0256
89.86	-7.0255
89.86	-7.0249
89.85	-7.0245
89.85	-7.0239
89.85	-7.0236
89.85	-7.0230
89.85	-7.0225
89.84	-7.0220
89.84	-7.0216
89.84	-7.0213
89.84	-7.0207
89.84	-7.0202
89.84	-7.0198
89.83	-7.0195
89.83	-7.0189
89.83	-7.0185
89.83	-7.0179
89.83	-7.0176
89.82	-7.0171
89.82	-7.0167
89.82	-7.0165
89.81	-7.0159
89.81	-7.0156
89.81	-7.0150
89.80	-7.0147
89.80	-7.0145
89.80	-7.0138
89.80	-7.0134
89.80	-7.0130
89.79	-7.0127
89.79	-7.0121
89.79	-7.0119
89.78	-7.0116
89.78	-7.0110
89.78	-7.0106
89.78	-7.0101
89.78	-7.0097
89.77	-7.0095
89.77	-7.0091
89.77	-7.0084
89.76	-7.0082
89.76	-7.0081
89.76	-7.0075
89.76	-7.0074
89.76	-7.0066
89.75	-7.0062
89.75	-7.0058
89.75	-7.0054
89.75	-7.0051
89.74	-7.0050
89.74	-7.0044
89.74	-7.0040
89.73	-7.0039
89.73	-7.0035
89.73	-7.0030
89.73	-7.0025
89.72	-7.0021
89.72	-7.0019
89.72	-7.0015
89.72	-7.0011
89.72	-7.0008
89.71	-7.0005
89.71	-7.0001
89.71	-6.9998
89.71	-6.9997
89.70	-6.9989
89.70	-6.9989
89.70	-6.9986
89.70	-6.9981
89.70	-6.9980
89.69	-6.9976
89.69	-6.9972
89.69	-6.9968
89.68	-6.9966
89.68	-6.9964
89.67	-6.9961
89.67	-6.9956
89.67	-6.9951
89.67	-6.9950
89.67	-6.9947
89.66	-6.9941
89.66	-6.9939
89.66	-6.9937
89.66	-6.9933
89.65	-6.9931
89.65	-6.9926
89.65	-6.9925
89.65	-6.9923
89.65	-6.9920
89.64	-6.9914
89.64	-6.9910
89.64	-6.9908
89.64	-6.9903
89.63	-6.9903
89.63	-6.9900
89.63	-6.9897
89.63	-6.9892
89.63	-6.9891
89.63	-6.9887
89.62	-6.9886
89.61	-6.9882
89.61	-6.9878
89.61	-6.9875
89.60	-6.9872
89.61	-6.9869
89.60	-6.9868
89.60	-6.9865
89.59	-6.9863
89.59	-6.9861
89.59	-6.9858
89.59	-6.9853
89.59	-6.9852
89.59	-6.9849
89.59	-6.9850
89.58	-6.9842
89.58	-6.9843
89.58	-6.9839
89.58	-6.9837
89.57	-6.9834
89.57	-6.9832
89.57	-6.9829
89.56	-6.9828
89.56	-6.9824
89.55	-6.9821
89.55	-6.9818
89.55	-6.9815
89.55	-6.9813
89.55	-6.9814
89.55	-6.9809
89.55	-6.9806
89.54	-6.9802
89.54	-6.9802
89.53	-6.9800
89.53	-6.9797
89.53	-6.9794
89.53	-6.9792
89.53	-6.9789
89.53	-6.9787
89.52	-6.9784
89.52	-6.9785
89.52	-6.9781
89.52	-6.9778
89.51	-6.9779
89.51	-6.9777
89.51	-6.9773
89.50	-6.9769
89.50	-6.9770
89.50	-6.9766
89.50	-6.9763
89.50	-6.9762
89.49	-6.9760
89.49	-6.9758
89.49	-6.9756
89.49	-6.9754
89.49	-6.9752
89.48	-6.9750
89.48	-6.9747
89.48	-6.9746
89.47	-6.9743
89.47	-6.9744
89.46	-6.9741
89.46	-6.9735
89.46	-6.9735
89.45	-6.9732
89.45	-6.9731
89.45	-6.9730
89.45	-6.9726
89.45	-6.9725
89.45	-6.9722
89.44	-6.9719
89.44	-6.9719
89.44	-6.9717
89.43	-6.9715
89.43	-6.9714
89.43	-6.9711
89.43	-6.9709
89.43	-6.9709
89.42	-6.9707
89.42	-6.9706
89.42	-6.9705
89.42	-6.9701
89.42	-6.9701
89.41	-6.9696
89.41	-6.9696
89.41	-6.9696
89.40	-6.9692
89.40	-6.9691
89.40	-6.9687
89.39	-6.9688
89.39	-6.9687
89.39	-6.9684
89.39	-6.9680
89.39	-6.9680
89.38	-6.9678
89.38	-6.9676
89.38	-6.9675
89.38	-6.9672
89.38	-6.9670
89.37	-6.9669
89.37	-6.9668
89.37	-6.9667
89.36	-6.9667
89.36	-6.9664
89.36	-6.9664
89.36	-6.9665
89.36	-6.9661
89.35	-6.9660
89.35	-6.9659
89.34	-6.9658
89.34	-6.9654
89.34	-6.9657
89.34	-6.9654
89.34	-6.9651
89.33	-6.9650
89.33	-6.9649
89.33	-6.9646
89.33	-6.9646
89.33	-6.9644
89.33	-6.9642
89.32	-6.9638
89.32	-6.9639
89.32	-6.9636
89.32	-6.9636
89.32	-6.9634
89.31	-6.9634
89.31	-6.9634
89.31	-6.9632
89.30	-6.9631
89.30	-6.9629
89.30	-6.9627
89.30	-6.9624
89.29	-6.9623
89.29	-6.9623
89.29	-6.9619
89.29	-6.9618
89.28	-6.9616
89.28	-6.9616
89.28	-6.9611
89.28	-6.9613
89.27	-6.9609
89.27	-6.9607
89.27	-6.9603
89.26	-6.9602
89.26	-6.9599
89.26	-6.9599
89.26	-6.9597
89.26	-6.9592
89.25	-6.9590
89.25	-6.9589
89.25	-6.9585
89.25	-6.9586
89.25	-6.9584
89.24	-6.9579
89.24	-6.9581
89.24	-6.9579
89.23	-6.9575
89.23	-6.9573
89.23	-6.9568
89.23	-6.9570
89.23	-6.9566
89.22	-6.9563
89.22	-6.9561
89.22	-6.9558
89.21	-6.9558
89.21	-6.9555
89.21	-6.9552
89.20	-6.9549
89.20	-6.9548
89.20	-6.9545
89.20	-6.9543
89.20	-6.9542
89.20	-6.9538
89.19	-6.9537
89.19	-6.9534
89.19	-6.9531
89.19	-6.9531
89.18	-6.9528
89.18	-6.9526
89.18	-6.9524
89.17	-6.9518
89.17	-6.9519
89.17	-6.9515
89.17	-6.9512
89.17	-6.9511
89.16	-6.9508
89.16	-6.9507
89.16	-6.9504
89.15	-6.9503
89.15	-6.9503
89.15	-6.9500
89.14	-6.9495
89.14	-6.9493
89.14	-6.9492
89.14	-6.9490
89.14	-6.9488
89.13	-6.9486
89.13	-6.9483
89.13	-6.9482
89.13	-6.9477
89.13	-6.9477
89.12	-6.9477
89.12	-6.9473
89.12	-6.9471
89.12	-6.9468
89.12	-6.9467
89.11	-6.9465
89.11	-6.9460
89.10	-6.9459
89.10	-6.9457
89.10	-6.9453
89.10	-6.9450
89.09	-6.9448
89.09	-6.9446
89.09	-6.9444
89.09	-6.9442
89.09	-6.9442
89.09	-6.9437
89.08	-6.9436
89.08	-6.9434
89.08	-6.9431
89.08	-6.9429
89.07	-6.9426
89.07	-6.9423
89.07	-6.9420
89.06	-6.9419
89.06	-6.9418
89.05	-6.9415
89.05	-6.9412
89.05	-6.9411
89.05	-6.9408
89.05	-6.9403
89.05	-6.9403
89.05	-6.9403
89.04	-6.9397
89.04	-6.9398
89.03	-6.9395
89.03	-6.9394
89.03	-6.9391
89.03	-6.9388
89.02	-6.9387
89.02	-6.9383
89.02	-6.9383
89.01	-6.9379
89.02	-6.9378
89.01	-6.9376
89.01	-6.9375
89.01	-6.9374
89.00	-6.9371
89.00	-6.9369
89.00	-6.9369
89.00	-6.9367
89.00	-6.9365
88.99	-6.9362
88.99	-6.9362
88.99	-6.9362
88.99	-6.9359
88.99	-6.9357
88.99	-6.9357
88.98	-6.9354
88.98	-6.9353
88.98	-6.9350
88.97	-6.9348
88.97	-6.9347
88.97	-6.9345
88.97	-6.9345
88.96	-6.9342
88.96	-6.9343
88.96	-6.9342
88.96	-6.9341
88.95	-6.9339
88.95	-6.9339
88.95	-6.9336
88.95	-6.9336
88.94	-6.9335
88.94	-6.9332
88.93	-6.9332
88.93	-6.9329
88.93	-6.9332
88.92	-6.9330
88.92	-6.9327
88.92	-6.9327
88.92	-6.9326
88.92	-6.9323
88.91	-6.9323
88.91	-6.9323
88.91	-6.9322
88.91	-6.9321
88.90	-6.9320
88.90	-6.9320
88.90	-6.9317
88.90	-6.9316
88.90	-6.9315
88.89	-6.9317
88.89	-6.9314
88.89	-6.9315
88.89	-6.9313
88.89	-6.9313
88.88	-6.9311
88.88	-6.9312
88.88	-6.9313
88.88	-6.9311
88.87	-6.9309
88.87	-6.9312
88.86	-6.9306
88.86	-6.9309
88.86	-6.9307
88.85	-6.9307
88.85	-6.9305
88.85	-6.9304
88.85	-6.9301
88.84	-6.9302
88.84	-6.9303
88.84	-6.9303
88.84	-6.9301
88.84	-6.9300
88.84	-6.9297
88.83	-6.9297
88.83	-6.9297
88.83	-6.9294
88.83	-6.9295
88.83	-6.9296
88.82	-6.9292
88.82	-6.9291
88.82	-6.9292
88.81	-6.9290
88.81	-6.9290
88.81	-6.9288
88.80	-6.9289
88.80	-6.9288
88.80	-6.9286
88.80	-6.9285
88.79	-6.9287
88.80	-6.9285
88.79	-6.9284
88.79	-6.9284
88.79	-6.9283
88.79	-6.9285
88.78	-6.9282
88.78	-6.9281
88.78	-6.9280
88.78	-6.9280
88.78	-6.9280
88.77	-6.9280
88.77	-6.9280
88.77	-6.9279
88.77	-6.9277
88.76	-6.9278
88.76	-6.9276
88.75	-6.9275
88.75	-6.9276
88.75	-6.9274
88.75	-6.9273
88.75	-6.9271
88.74	-6.9270
88.74	-6.9271
88.73	-6.9272
88.73	-6.9268
88.73	-6.9268
88.73	-6.9270
88.73	-6.9268
88.73	-6.9268
88.72	-6.9266
88.72	-6.9267
88.72	-6.9265
88.72	-6.9266
88.71	-6.9265
88.71	-6.9264
88.71	-6.9260
88.70	-6.9265
88.70	-6.9262
88.70	-6.9264
88.69	-6.9261
88.69	-6.9261
88.68	-6.9257
88.68	-6.9260
88.68	-6.9258
88.68	-6.9259
88.68	-6.9258
88.68	-6.9258
88.67	-6.9256
88.67	-6.9255
88.67	-6.9254
88.67	-6.9256
88.67	-6.9255
88.66	-6.9255
88.66	-6.9251
88.66	-6.9251
88.66	-6.9253
88.65	-6.9251
88.65	-6.9250
88.65	-6.9249
88.65	-6.9248
88.64	-6.9249
88.64	-6.9248
88.64	-6.9247
88.63	-6.9247
88.63	-6.9244
88.63	-6.9245
88.63	-6.9244
88.63	-6.9244
88.63	-6.9241
88.63	-6.9242
88.62	-6.9242
88.62	-6.9238
88.62	-6.9239
88.61	-6.9236
88.61	-6.9239
88.60	-6.9237
88.60	-6.9237
88.60	-6.9233
88.60	-6.9232
88.60	-6.9234
88.59	-6.9230
88.59	-6.9232
88.59	-6.9231
88.58	-6.9230
88.58	-6.9229
88.58	-6.9226
88.58	-6.9226
88.58	-6.9226
88.58	-6.9224
88.57	-6.9224
88.57	-6.9222
88.57	-6.9222
88.57	-6.9221
88.56	-6.9221
88.56	-6.9217
88.56	-6.9219
88.56	-6.9217
88.55	-6.9217
88.55	-6.9216
88.55	-6.9215
88.55	-6.9214
88.55	-6.9213
88.54	-6.9214
88.54	-6.9211
88.54	-6.9208
88.53	-6.9208
88.53	-6.9208
88.53	-6.9208
88.53	-6.9206
88.52	-6.9207
88.52	-6.9206
88.52	-6.9206
88.51	-6.9204
88.51	-6.9204
88.51	-6.9202
88.51	-6.9198
88.50	-6.9200
88.50	-6.9200
88.50	-6.9197
88.50	-6.9198
88.49	-6.9195
88.49	-6.9197
88.49	-6.9196
88.49	-6.9194
88.48	-6.9195
88.49	-6.9193
88.49	-6.9190
88.48	-6.9191
88.48	-6.9193
88.47	-6.9189
88.47	-6.9188
88.47	-6.9187
88.47	-6.9187
88.47	-6.9185
88.46	-6.9185
88.46	-6.9183
88.45	-6.9182
88.45	-6.9183
88.45	-6.9181
88.45	-6.9181
88.45	-6.9179
88.44	-6.9178
88.44	-6.9177
88.44	-6.9178
88.44	-6.9177
88.43	-6.9175
88.43	-6.9177
88.43	-6.9176
88.42	-6.9173
88.42	-6.9171
88.42	-6.9173
88.42	-6.9168
88.42	-6.9167
88.42	-6.9166
88.42	-6.9168
88.41	-6.9165
88.41	-6.9165
88.40	-6.9165
88.40	-6.9164
88.40	-6.9164
88.40	-6.9164
88.40	-6.9162
88.40	-6.9161
88.39	-6.9159
88.39	-6.9158
88.39	-6.9156
88.38	-6.9157
88.38	-6.9157
88.38	-6.9153
88.38	-6.9152
88.38	-6.9151
88.38	-6.9151
88.37	-6.9153
88.37	-6.9150
88.37	-6.9149
88.36	-6.9151
88.36	-6.9149
88.36	-6.9149
88.35	-6.9148
88.35	-6.9149
88.35	-6.9146
88.35	-6.9145
88.34	-6.9145
88.34	-6.9142
88.34	-6.9141
88.34	-6.9140
88.33	-6.9139
88.33	-6.9141
88.33	-6.9140
88.33	-6.9136
88.33	-6.9136
88.32	-6.9137
88.32	-6.9139
88.32	-6.9132
88.32	-6.9133
88.31	-6.9133
88.31	-6.9129
88.31	-6.9131
88.31	-6.9129
88.31	-6.9127
88.30	-6.9126
88.30	-6.9127
88.30	-6.9123
88.29	-6.9123
88.29	-6.9123
88.29	-6.9122
88.28	-6.9121
88.28	-6.9118
88.28	-6.9119
88.28	-6.9119
88.27	-6.9114
88.27	-6.9113
88.27	-6.9115
88.27	-6.9114
88.27	-6.9112
88.26	-6.9112
88.26	-6.9107
88.26	-6.9108
88.25	-6.9107
88.25	-6.9109
88.25	-6.9106
88.25	-6.9107
88.24	-6.9103
88.24	-6.9104
88.24	-6.9102
88.24	-6.9101
88.24	-6.9102
88.24	-6.9101
88.23	-6.9098
88.23	-6.9095
88.23	-6.9099
88.23	-6.9096
88.22	-6.9097
88.22	-6.9096
88.22	-6.9093
88.21	-6.9093
88.21	-6.9094
88.20	-6.9093
88.20	-6.9093
88.20	-6.9092
88.20	-6.9088
88.20	-6.9088
88.20	-6.9088
88.20	-6.9088
88.19	-6.9087
88.19	-6.9084
88.19	-6.9082
88.18	-6.9081
88.18	-6.9080
88.17	-6.9081
88.17	-6.9078
88.17	-6.9077
88.17	-6.9077
88.16	-6.9077
88.16	-6.9076
88.16	-6.9074
88.16	-6.9075
88.15	-6.9073
88.15	-6.9072
88.15	-6.9071
88.14	-6.9069
88.14	-6.9070
88.14	-6.9068
88.14	-6.9068
88.14	-6.9067
88.14	-6.9065
88.13	-6.9061
88.13	-6.9065
88.13	-6.9061
88.13	-6.9061
88.13	-6.9059
88.13	-6.9057
88.12	-6.9055
88.12	-6.9054
88.12	-6.9053
88.11	-6.9053
88.11	-6.9053
88.11	-6.9050
88.10	-6.9051
88.10	-6.9050
88.09	-6.9047
88.09	-6.9047
88.09	-6.9044
88.09	-6.9045
88.09	-6.9043
88.08	-6.9044
88.08	-6.9041
88.08	-6.9039
88.08	-6.9040
88.08	-6.9038
88.08	-6.9037
88.08	-6.9037
88.07	-6.9037
88.07	-6.9035
88.07	-6.9035
88.06	-6.9032
88.06	-6.9029
88.05	-6.9030
88.05	-6.9028
88.05	-6.9026
88.05	-6.9027
88.05	-6.9026
88.05	-6.9025
88.04	-6.9021
88.04	-6.9020
88.04	-6.9021
88.03	-6.9021
88.03	-6.9017
88.03	-6.9015
88.03	-6.9015
88.03	-6.9015
88.02	-6.9016
88.02	-6.9013
88.02	-6.9010
88.01	-6.9008
88.01	-6.9008
88.01	-6.9007
88.01	-6.9006
88.01	-6.9004
88.00	-6.9003
88.00	-6.9000
88.00	-6.8996
88.00	-6.8998
88.00	-6.8996
87.99	-6.8994
87.98	-6.8995
87.98	-6.8993
87.98	-6.8993
87.98	-6.8991
87.98	-6.8989
87.97	-6.8987
87.97	-6.8985
87.96	-6.8986
87.96	-6.8987
87.96	-6.8985
87.96	-6.8981
87.96	-6.8982
87.95	-6.8981
87.95	-6.8978
87.95	-6.8977
87.95	-6.8976
87.94	-6.8976
87.94	-6.8975
87.94	-6.8972
87.94	-6.8974
87.94	-6.8974
87.93	-6.8970
87.93	-6.8971
87.93	-6.8968
87.93	-6.8970
87.92	-6.8967
87.92	-6.8965
87.92	-6.8965
87.92	-6.8965
87.91	-6.8963
87.91	-6.8962
87.91	-6.8962
87.91	-6.8962
87.90	-6.8959
87.90	-6.8957
87.90	-6.8956
87.90	-6.8956
87.89	-6.8955
87.89	-6.8954
87.89	-6.8953
87.89	-6.8953
87.89	-6.8951
87.88	-6.8949
87.88	-6.8948
87.88	-6.8946
87.88	-6.8946
87.87	-6.8945
87.87	-6.8943
87.87	-6.8943
87.86	-6.8941
87.86	-6.8942
87.86	-6.8940
87.86	-6.8938
87.85	-6.8936
87.85	-6.8935
87.84	-6.8934
87.84	-6.8935
87.84	-6.8932
87.84	-6.8932
87.84	-6.8931
87.84	-6.8930
87.84	-6.8927
87.83	-6.8927
87.83	-6.8927
87.83	-6.8925
87.83	-6.8925
87.83	-6.8923
87.82	-6.8921
87.82	-6.8920
87.81	-6.8919
87.81	-6.8918
87.81	-6.8920
87.80	-6.8919
87.80	-6.8918
87.80	-6.8913
87.80	-6.8913
87.80	-6.8910
87.80	-6.8909
87.79	-6.8910
87.79	-6.8907
87.79	-6.8906
87.78	-6.8903
87.78	-6.8903
87.78	-6.8904
87.78	-6.8902
87.78	-6.8901
87.78	-6.8898
87.77	-6.8898
87.77	-6.8897
87.77	-6.8895
87.76	-6.8893
87.76	-6.8892
87.76	-6.8892
87.76	-6.8891
87.75	-6.8888
87.75	-6.8890
87.75	-6.8886
87.75	-6.8885
87.74	-6.8883
87.74	-6.8882
87.73	-6.8882
87.73	-6.8878
87.73	-6.8879
87.73	-6.8878
87.73	-6.8877
87.73	-6.8874
87.72	-6.8874
87.72	-6.8873
87.72	-6.8873
87.72	-6.8871
87.72	-6.8870
87.71	-6.8866
87.71	-6.8866
87.70	-6.8866
87.70	-6.8864
87.70	-6.8863
87.70	-6.8862
87.69	-6.8863
87.69	-6.8862
87.69	-6.8859
87.69	-6.8859
87.68	-6.8858
87.68	-6.8854
87.67	-6.8853
87.67	-6.8855
87.67	-6.8852
87.67	-6.8852
87.67	-6.8850
87.67	-6.8848
87.66	-6.8847
87.66	-6.8847
87.66	-6.8847
87.66	-6.8846
87.65	-6.8845
87.65	-6.8843
87.65	-6.8842
87.64	-6.8840
87.64	-6.8840
87.64	-6.8840
87.64	-6.8837
87.64	-6.8837
87.64	-6.8836
87.63	-6.8836
87.63	-6.8834
87.63	-6.8835
87.63	-6.8832
87.62	-6.8831
87.62	-6.8831
87.62	-6.8830
87.61	-6.8829
87.61	-6.8829
87.61	-6.8826
87.60	-6.8826
87.60	-6.8826
87.60	-6.8822
87.60	-6.8820
87.60	-6.8820
87.60	-6.8818
87.59	-6.8816
87.59	-6.8818
87.58	-6.8817
87.58	-6.8813
87.58	-6.8814
87.58	-6.8812
87.58	-6.8811
87.58	-6.8809
87.57	-6.8807
87.57	-6.8806
87.56	-6.8805
87.56	-6.8806
87.56	-6.8803
87.56	-6.8802
87.55	-6.8800
87.55	-6.8800
87.55	-6.8799
87.55	-6.8796
87.55	-6.8796
87.55	-6.8792
87.55	-6.8792
87.54	-6.8793
87.54	-6.8791
87.54	-6.8789
87.54	-6.8788
87.54	-6.8788
87.53	-6.8785
87.53	-6.8784
87.53	-6.8783
87.53	-6.8784
87.52	-6.8782
87.52	-6.8782
87.52	-6.8781
87.51	-6.8779
87.51	-6.8778
87.51	-6.8777
87.51	-6.8773
87.50	-6.8774
87.50	-6.8775
87.50	-6.8771
87.50	-6.8771
87.50	-6.8769
87.50	-6.8769
87.49	-6.8768
87.49	-6.8769
87.49	-6.8766
87.48	-6.8766
87.48	-6.8763
87.48	-6.8763
87.48	-6.8761
87.47	-6.8761
87.47	-6.8760
87.47	-6.8759
87.47	-6.8756
87.46	-6.8757
87.46	-6.8757
87.46	-6.8754
87.45	-6.8753
87.45	-6.8751
87.45	-6.8751
87.45	-6.8751
87.45	-6.8748
87.44	-6.8748
87.44	-6.8748
87.44	-6.8744
87.43	-6.8743
87.43	-6.8741
87.43	-6.8740
87.42	-6.8741
87.42	-6.8737
87.42	-6.8738
87.42	-6.8736
87.42	-6.8735
87.41	-6.8734
87.41	-6.8732
87.41	-6.8732
87.41	-6.8730
87.40	-6.8728
87.40	-6.8727
87.39	-6.8727
87.39	-6.8725
87.39	-6.8726
87.39	-6.8724
87.39	-6.8722
87.39	-6.8720
87.38	-6.8719
87.38	-6.8718
87.38	-6.8720
87.38	-6.8718
87.38	-6.8718
87.37	-6.8716
87.37	-6.8714
87.37	-6.8713
87.37	-6.8714
87.36	-6.8712
87.36	-6.8708
87.36	-6.8707
87.36	-6.8708
87.35	-6.8706
87.34	-6.8707
87.34	-6.8703
87.34	-6.8704
87.34	-6.8702
87.34	-6.8702
87.34	-6.8700
87.34	-6.8698
87.33	-6.8695
87.33	-6.8696
87.33	-6.8695
87.33	-6.8692
87.32	-6.8692
87.32	-6.8691
87.32	-6.8690
87.32	-6.8688
87.31	-6.8687
87.31	-6.8687
87.31	-6.8684
87.30	-6.8685
87.30	-6.8683
87.30	-6.8680
87.30	-6.8681
87.29	-6.8680
87.28	-6.8677
87.28	-6.8678
87.29	-6.8679
87.28	-6.8676
87.28	-6.8676
87.28	-6.8676
87.28	-6.8672
87.28	-6.8669
87.27	-6.8670
87.27	-6.8672
87.26	-6.8667
87.26	-6.8666
87.26	-6.8666
87.26	-6.8663
87.26	-6.8663
87.25	-6.8660
87.25	-6.8662
87.25	-6.8661
87.25	-6.8660
87.25	-6.8659
87.25	-6.8656
87.24	-6.8655
87.24	-6.8656
87.24	-6.8655
87.23	-6.8654
87.23	-6.8650
87.23	-6.8652
87.22	-6.8648
87.22	-6.8650
87.22	-6.8646
87.22	-6.8646
87.21	-6.8644
87.21	-6.8643
87.21	-6.8641
87.21	-6.8640
87.20	-6.8638
87.20	-6.8640
87.20	-6.8635
87.20	-6.8637
87.20	-6.8635
87.20	-6.8633
87.19	-6.8632
87.19	-6.8629
87.19	-6.8628
87.18	-6.8627
87.18	-6.8625
87.18	-6.8625
87.17	-6.8624
87.17	-6.8621
87.17	-6.8620
87.17	-6.8621
87.16	-6.8618
87.16	-6.8615
87.16	-6.8616
87.16	-6.8613
87.15	-6.8612
87.15	-6.8612
87.15	-6.8608
87.15	-6.8609
87.14	-6.8609
87.14	-6.8607
87.14	-6.8603
87.14	-6.8602
87.14	-6.8604
87.14	-6.8601
87.13	-6.8601
87.13	-6.8601
87.13	-6.8600
87.13	-6.8598
87.12	-6.8598
87.12	-6.8594
87.12	-6.8596
87.11	-6.8593
87.11	-6.8592
87.11	-6.8590
87.11	-6.8590
87.10	-6.8586
87.10	-6.8586
87.10	-6.8586
87.09	-6.8584
87.09	-6.8583
87.09	-6.8581
87.09	-6.8578
87.09	-6.8578
87.08	-6.8576
87.08	-6.8575
87.08	-6.8574
87.08	-6.8573
87.08	-6.8572
87.07	-6.8571
87.07	-6.8568
87.07	-6.8569
87.06	-6.8566
87.06	-6.8567
87.06	-6.8563
87.06	-6.8561
87.06	-6.8562
87.05	-6.8562
87.05	-6.8560
87.04	-6.8559
87.04	-6.8558
87.04	-6.8555
87.04	-6.8556
87.04	-6.8553
87.03	-6.8550
87.03	-6.8550
87.03	-6.8548
87.03	-6.8546
87.02	-6.8547
87.02	-6.8545
87.01	-6.8546
87.01	-6.8545
87.01	-6.8545
87.01	-6.8542
87.01	-6.8540
87.01	-6.8539
87.00	-6.8538
87.00	-6.8535
87.00	-6.8536
87.00	-6.8535
86.99	-6.8534
86.99	-6.8532
86.98	-6.8530
86.98	-6.8528
86.98	-6.8528
86.98	-6.8528
86.98	-6.8525
86.98	-6.8523
86.97	-6.8523
86.97	-6.8520
86.97	-6.8521
86.97	-6.8520
86.96	-6.8519
86.96	-6.8516
86.96	-6.8514
86.95	-6.8516
86.95	-6.8515
86.95	-6.8514
86.95	-6.8513
86.95	-6.8512
86.94	-6.8510
86.94	-6.8511
86.93	-6.8509
86.93	-6.8509
86.93	-6.8505
86.93	-6.8505
86.93	-6.8503
86.92	-6.8501
86.92	-6.8501
86.92	-6.8500
86.91	-6.8500
86.91	-6.8497
86.91	-6.8497
86.91	-6.8495
86.90	-6.8495
86.90	-6.8492
86.90	-6.8492
86.90	-6.8491
86.90	-6.8489
86.89	-6.8491
86.89	-6.8489
86.89	-6.8489
86.89	-6.8486
86.88	-6.8486
86.88	-6.8485
86.88	-6.8485
86.88	-6.8483
86.87	-6.8483
86.87	-6.8481
86.87	-6.8481
86.87	-6.8479
86.87	-6.8479
86.86	-6.8479
86.86	-6.8477
86.86	-6.8477
86.85	-6.8475
86.85	-6.8474
86.85	-6.8473
86.85	-6.8471
86.84	-6.8472
86.84	-6.8471
86.84	-6.8471
86.84	-6.8468
86.83	-6.8468
86.83	-6.8466
86.83	-6.8469
86.83	-6.8466
86.83	-6.8466
86.83	-6.8464
86.82	-6.8462
86.82	-6.8461
86.82	-6.8460
86.81	-6.8459
86.81	-6.8459
86.80	-6.8457
86.80	-6.8455
86.80	-6.8457
86.80	-6.8455
86.80	-6.8454
86.80	-6.8449
86.79	-6.8453
86.79	-6.8448
86.79	-6.8448
86.79	-6.8448
86.78	-6.8447
86.78	-6.8445
86.78	-6.8443
86.78	-6.8443
86.77	-6.8442
86.77	-6.8440
86.77	-6.8441
86.76	-6.8440
86.76	-6.8435
86.75	-6.8435
86.75	-6.8433
86.75	-6.8432
86.75	-6.8432
86.75	-6.8431
86.75	-6.8430
86.74	-6.8429
86.74	-6.8427
86.74	-6.8424
86.74	-6.8424
86.74	-6.8422
86.73	-6.8421
86.73	-6.8419
86.73	-6.8420
86.73	-6.8417
86.73	-6.8417
86.72	-6.8417
86.72	-6.8415
86.71	-6.8413
86.71	-6.8414
86.70	-6.8414
86.70	-6.8411
86.70	-6.8411
86.70	-6.8409
86.70	-6.8408
86.70	-6.8407
86.70	-6.8407
86.69	-6.8404
86.69	-6.8402
86.69	-6.8400
86.68	-6.8400
86.68	-6.8398
86.67	-6.8398
86.67	-6.8398
86.67	-6.8396
86.67	-6.8395
86.67	-6.8394
86.67	-6.8392
86.67	-6.8393
86.66	-6.8387
86.66	-6.8388
86.66	-6.8388
86.66	-6.8387
86.66	-6.8387
86.65	-6.8383
86.65	-6.8382
86.65	-6.8383
86.64	-6.8383
86.64	-6.8381
86.64	-6.8381
86.64	-6.8376
86.63	-6.8377
86.63	-6.8376
86.63	-6.8374
86.63	-6.8374
86.63	-6.8374
86.63	-6.8374
86.62	-6.8371
86.62	-6.8371
86.62	-6.8369
86.61	-6.8366
86.61	-6.8365
86.61	-6.8364
86.60	-6.8362
86.60	-6.8363
86.60	-6.8362
86.59	-6.8361
86.59	-6.8361
86.59	-6.8359
86.59	-6.8358
86.59	-6.8356
86.59	-6.8354
86.59	-6.8355
86.58	-6.8355
86.58	-6.8351
86.58	-6.8352
86.57	-6.8351
86.58	-6.8350
86.57	-6.8345
86.57	-6.8345
86.57	-6.8343
86.56	-6.8342
86.56	-6.8342
86.56	-6.8340
86.55	-6.8337
86.55	-6.8339
86.55	-6.8338
86.55	-6.8335
86.55	-6.8336
86.54	-6.8335
86.54	-6.8333
86.54	-6.8330
86.53	-6.8329
86.53	-6.8330
86.53	-6.8330
86.53	-6.8326
86.53	-6.8326
86.52	-6.8324
86.52	-6.8323
86.52	-6.8322
86.52	-6.8321
86.51	-6.8320
86.51	-6.8318
86.51	-6.8316
86.51	-6.8316
86.50	-6.8316
86.50	-6.8313
86.50	-6.8309
86.50	-6.8309
86.50	-6.8310
86.49	-6.8310
86.49	-6.8307
86.49	-6.8310
86.49	-6.8308
86.48	-6.8306
86.48	-6.8304
86.48	-6.8303
86.48	-6.8302
86.47	-6.8301
86.47	-6.8300
86.47	-6.8300
86.46	-6.8298
86.46	-6.8297
86.46	-6.8296
86.45	-6.8295
86.45	-6.8297
86.45	-6.8293
86.45	-6.8294
86.45	-6.8290
86.44	-6.8290
86.44	-6.8287
86.44	-6.8286
86.43	-6.8287
86.43	-6.8286
86.43	-6.8284
86.42	-6.8284
86.42	-6.8280
86.42	-6.8280
86.42	-6.8279
86.42	-6.8277
86.41	-6.8275
86.41	-6.8274
86.41	-6.8273
86.41	-6.8271
86.40	-6.8272
86.40	-6.8271
86.40	-6.8271
86.39	-6.8266
86.39	-6.8267
86.39	-6.8268
86.39	-6.8265
86.38	-6.8264
86.38	-6.8263
86.38	-6.8262
86.38	-6.8259
86.38	-6.8261
86.38	-6.8260
86.37	-6.8257
86.37	-6.8258
86.37	-6.8254
86.36	-6.8255
86.36	-6.8253
86.36	-6.8251
86.35	-6.8252
86.34	-6.8247
86.34	-6.8247
86.34	-6.8248
86.34	-6.8247
86.34	-6.8246
86.34	-6.8245
86.34	-6.8241
86.34	-6.8240
86.33	-6.8241
86.33	-6.8240
86.33	-6.8241
86.33	-6.8239
86.33	-6.8237
86.32	-6.8236
86.32	-6.8233
86.32	-6.8233
86.32	-6.8235
86.31	-6.8232
86.31	-6.8232
86.31	-6.8230
86.31	-6.8231
86.30	-6.8229
86.30	-6.8229
86.30	-6.8224
86.30	-6.8224
86.29	-6.8223
86.29	-6.8222
86.28	-6.8220
86.28	-6.8220
86.28	-6.8218
86.28	-6.8216
86.28	-6.8215
86.28	-6.8212
86.28	-6.8212
86.27	-6.8212
86.27	-6.8211
86.27	-6.8208
86.26	-6.8208
86.26	-6.8206
86.26	-6.8208
86.25	-6.8207
86.25	-6.8206
86.25	-6.8205
86.25	-6.8204
86.25	-6.8201
86.25	-6.8200
86.24	-6.8200
86.23	-6.8200
86.23	-6.8194
86.23	-6.8195
86.23	-6.8196
86.23	-6.8194
86.23	-6.8194
86.22	-6.8192
86.22	-6.8191
86.22	-6.8188
86.22	-6.8188
86.21	-6.8188
86.21	-6.8184
86.21	-6.8185
86.21	-6.8183
86.20	-6.8181
86.20	-6.8178
86.20	-6.8177
86.19	-6.8176
86.19	-6.8175
86.19	-6.8174
86.19	-6.8172
86.18	-6.8174
86.18	-6.8171
86.18	-6.8169
86.18	-6.8170
86.17	-6.8169
86.17	-6.8165
86.17	-6.8162
86.17	-6.8161
86.17	-6.8161
86.16	-6.8158
86.16	-6.8159
86.16	-6.8157
86.16	-6.8158
86.15	-6.8158
86.14	-6.8157
86.14	-6.8153
86.14	-6.8152
86.14	-6.8152
86.14	-6.8151
86.14	-6.8151
86.14	-6.8148
86.13	-6.8149
86.13	-6.8147
86.13	-6.8145
86.13	-6.8145
86.12	-6.8145
86.12	-6.8144
86.11	-6.8144
86.11	-6.8144
86.11	-6.8140
86.11	-6.8139
86.11	-6.8140
86.10	-6.8142
86.10	-6.8139
86.09	-6.8136
86.09	-6.8135
86.09	-6.8133
86.09	-6.8134
86.09	-6.8132
86.09	-6.8131
86.08	-6.8127
86.08	-6.8129
86.08	-6.8128
86.08	-6.8127
86.08	-6.8127
86.08	-6.8124
86.07	-6.8120
86.07	-6.8123
86.06	-6.8121
86.06	-6.8121
86.06	-6.8120
86.06	-6.8119
86.05	-6.8117
86.05	-6.8118
86.05	-6.8116
86.05	-6.8113
86.04	-6.8111
86.04	-6.8110
86.04	-6.8113
86.03	-6.8109
86.03	-6.8108
86.03	-6.8106
86.03	-6.8104
86.03	-6.8105
86.02	-6.8104
86.02	-6.8104
86.02	-6.8102
86.01	-6.8101
86.01	-6.8099
86.01	-6.8098
86.01	-6.8097
86.00	-6.8096
86.00	-6.8095
86.00	-6.8096
86.00	-6.8093
86.00	-6.8092
86.00	-6.8090
85.99	-6.8090
85.99	-6.8089
85.99	-6.8087
85.99	-6.8088
85.98	-6.8087
85.98	-6.8088
85.98	-6.8083
85.97	-6.8082
85.97	-6.8084
85.97	-6.8081
85.96	-6.8080
85.96	-6.8077
85.96	-6.8076
85.96	-6.8075
85.96	-6.8074
85.96	-6.8073
85.95	-6.8071
85.95	-6.8071
85.95	-6.8070
85.94	-6.8070
85.94	-6.8067
85.94	-6.8067
85.93	-6.8067
85.93	-6.8065
85.92	-6.8063
85.92	-6.8065
85.92	-6.8062
85.92	-6.8062
85.92	-6.8059
85.92	-6.8058
85.92	-6.8057
85.91	-6.8057
85.91	-6.8056
85.91	-6.8052
85.90	-6.8053
85.90	-6.8051
85.90	-6.8051
85.89	-6.8049
85.89	-6.8046
85.89	-6.8047
85.89	-6.8045
85.89	-6.8042
85.89	-6.8045
85.89	-6.8042
85.88	-6.8040
85.88	-6.8039
85.88	-6.8037
85.88	-6.8039
85.87	-6.8037
85.87	-6.8035
85.87	-6.8035
85.87	-6.8034
85.86	-6.8031
85.86	-6.8030
85.85	-6.8030
85.85	-6.8029
85.85	-6.8029
85.85	-6.8029
85.84	-6.8026
85.84	-6.8026
85.84	-6.8025
85.84	-6.8024
85.84	-6.8022
85.83	-6.8022
85.83	-6.8020
85.83	-6.8020
85.83	-6.8017
85.82	-6.8016
85.82	-6.8014
85.82	-6.8014
85.81	-6.8015
85.81	-6.8011
85.81	-6.8012
85.81	-6.8010
85.81	-6.8009
85.80	-6.8007
85.80	-6.8007
85.80	-6.8006
85.80	-6.8004
85.80	-6.8004
85.79	-6.8003
85.79	-6.8000
85.79	-6.8002
85.79	-6.7998
85.78	-6.7997
85.78	-6.7996
85.78	-6.7997
85.78	-6.7993
85.78	-6.7994
85.78	-6.7990
85.77	-6.7992
85.77	-6.7990
85.77	-6.7989
85.77	-6.7986
85.76	-6.7986
85.76	-6.7984
85.75	-6.7983
85.75	-6.7982
85.75	-6.7979
85.75	-6.7979
85.75	-6.7979
85.74	-6.7978
85.74	-6.7977
85.74	-6.7975
85.74	-6.7975
85.73	-6.7976
85.74	-6.7972
85.73	-6.7975
85.73	-6.7971
85.73	-6.7969
85.73	-6.7968
85.73	-6.7968
85.72	-6.7967
85.71	-6.7966
85.71	-6.7964
85.71	-6.7964
85.71	-6.7963
85.70	-6.7963
85.70	-6.7961
85.70	-6.7959
85.70	-6.7960
85.70	-6.7955
85.69	-6.7953
85.69	-6.7954
85.69	-6.7952
85.68	-6.7951
85.68	-6.7949
85.68	-6.7950
85.68	-6.7949
85.67	-6.7947
85.67	-6.7946
85.67	-6.7946
85.66	-6.7943
85.66	-6.7943
85.66	-6.7942
85.65	-6.7939
85.65	-6.7940
85.65	-6.7938
85.65	-6.7936
85.65	-6.7936
85.65	-6.7935
85.64	-6.7934
85.64	-6.7934
85.64	-6.7933
85.64	-6.7931
85.63	-6.7931
85.63	-6.7930
85.63	-6.7927
85.63	-6.7925
85.62	-6.7924
85.62	-6.7924
85.62	-6.7924
85.62	-6.7923
85.61	-6.7921
85.61	-6.7918
85.61	-6.7917
85.60	-6.7916
85.60	-6.7915
85.60	-6.7912
85.59	-6.7912
85.59	-6.7909
85.59	-6.7907
85.59	-6.7906
85.59	-6.7904
85.59	-6.7905
85.58	-6.7903
85.58	-6.7900
85.58	-6.7900
85.58	-6.7899
85.58	-6.7899
85.58	-6.7898
85.57	-6.7896
85.57	-6.7895
85.57	-6.7893
85.56	-6.7891
85.56	-6.7890
85.56	-6.7891
85.55	-6.7890
85.55	-6.7888
85.55	-6.7888
85.55	-6.7887
85.54	-6.7884
85.54	-6.7885
85.54	-6.7884
85.53	-6.7882
85.53	-6.7881
85.53	-6.7879
85.53	-6.7880
85.53	-6.7878
85.53	-6.7878
85.53	-6.7877
85.52	-6.7876
85.51	-6.7876
85.51	-6.7872
85.51	-6.7872
85.51	-6.7869
85.50	-6.7871
85.50	-6.7869
85.50	-6.7867
85.50	-6.7866
85.49	-6.7862
85.49	-6.7864
85.49	-6.7861
85.49	-6.7860
85.49	-6.7859
85.49	-6.7859
85.48	-6.7858
85.48	-6.7855
85.48	-6.7855
85.48	-6.7855
85.48	-6.7853
85.47	-6.7854
85.47	-6.7854
85.46	-6.7850
85.46	-6.7850
85.46	-6.7850
85.45	-6.7847
85.45	-6.7848
85.45	-6.7845
85.45	-6.7845
85.45	-6.7843
85.45	-6.7843
85.44	-6.7841
85.44	-6.7839
85.43	-6.7840
85.43	-6.7839
85.43	-6.7838
85.42	-6.7832
85.42	-6.7833
85.42	-6.7833
85.42	-6.7831
85.42	-6.7829
85.42	-6.7829
85.42	-6.7827
85.41	-6.7828
85.41	-6.7826
85.41	-6.7827
85.41	-6.7824
85.40	-6.7823
85.40	-6.7821
85.39	-6.7820
85.39	-6.7819
85.39	-6.7819
85.39	-6.7819
85.39	-6.7816
85.38	-6.7814
85.38	-6.7815
85.38	-6.7812
85.38	-6.7814
85.38	-6.7812
85.37	-6.7812
85.37	-6.7810
85.36	-6.7811
85.36	-6.7807
85.37	-6.7805
85.37	-6.7806
85.36	-6.7805
85.36	-6.7803
85.36	-6.7803
85.35	-6.7800
85.35	-6.7798
85.34	-6.7800
85.34	-6.7799
85.34	-6.7796
85.34	-6.7798
85.34	-6.7794
85.33	-6.7797
85.33	-6.7793
85.33	-6.7791
85.33	-6.7791
85.33	-6.7790
85.32	-6.7789
85.32	-6.7788
85.32	-6.7785
85.31	-6.7785
85.31	-6.7783
85.30	-6.7785
85.30	-6.7784
85.30	-6.7784
85.30	-6.7780
85.30	-6.7780
85.30	-6.7777
85.29	-6.7777
85.29	-6.7774
85.29	-6.7775
85.29	-6.7774
85.28	-6.7775
85.28	-6.7774
85.28	-6.7774
85.28	-6.7773
85.28	-6.7775
85.27	-6.7770
85.27	-6.7769
85.27	-6.7766
85.27	-6.7767
85.26	-6.7765
85.26	-6.7765
85.25	-6.7763
85.25	-6.7763
85.25	-6.7761
85.25	-6.7760
85.25	-6.7759
85.24	-6.7758
85.24	-6.7758
85.24	-6.7757
85.23	-6.7754
85.23	-6.7755
85.23	-6.7753
85.23	-6.7752
85.22	-6.7750
85.22	-6.7750
85.22	-6.7747
85.22	-6.7747
85.21	-6.7744
85.21	-6.7744
85.21	-6.7741
85.20	-6.7742
85.20	-6.7742
85.20	-6.7739
85.20	-6.7738
85.20	-6.7737
85.20	-6.7734
85.19	-6.7732
85.18	-6.7733
85.19	-6.7730
85.18	-6.7730
85.18	-6.7726
85.18	-6.7729
85.18	-6.7727
85.18	-6.7727
85.18	-6.7726
85.17	-6.7725
85.17	-6.7723
85.17	-6.7721
85.16	-6.7722
85.16	-6.7723
85.16	-6.7718
85.15	-6.7716
85.15	-6.7716
85.14	-6.7716
85.14	-6.7716
85.14	-6.7717
85.14	-6.7713
85.14	-6.7712
85.14	-6.7713
85.14	-6.7710
85.13	-6.7710
85.13	-6.7707
85.13	-6.7707
85.13	-6.7705
85.13	-6.7703
85.12	-6.7705
85.12	-6.7704
85.12	-6.7703
85.11	-6.7700
85.11	-6.7698
85.11	-6.7698
85.10	-6.7697
85.10	-6.7697
85.10	-6.7696
85.09	-6.7695
85.09	-6.7693
85.09	-6.7693
85.09	-6.7692
85.09	-6.7690
85.09	-6.7689
85.08	-6.7687
85.08	-6.7686
85.08	-6.7687
85.08	-6.7687
85.08	-6.7685
85.07	-6.7685
85.07	-6.7681
85.06	-6.7682
85.06	-6.7681
85.05	-6.7680
85.05	-6.7679
85.05	-6.7678
85.05	-6.7676
85.05	-6.7676
85.05	-6.7675
85.04	-6.7676
85.04	-6.7671
85.04	-6.7671
85.04	-6.7669
85.04	-6.7669
85.03	-6.7668
85.03	-6.7667
85.03	-6.7665
85.03	-6.7664
85.03	-6.7662
85.02	-6.7664
85.02	-6.7663
85.02	-6.7662
85.02	-6.7658
85.01	-6.7656
85.01	-6.7655
85.00	-6.7658
85.00	-6.7656
85.00	-6.7653
85.00	-6.7654
84.99	-6.7652
84.99	-6.7649
84.99	-6.7650
84.99	-6.7647
84.98	-6.7649
84.98	-6.7645
84.98	-6.7645
84.98	-6.7645
84.98	-6.7642
84.97	-6.7641
84.97	-6.7640
84.97	-6.7637
84.96	-6.7638
84.96	-6.7635
84.96	-6.7636
84.96	-6.7637
84.95	-6.7635
84.95	-6.7633
84.95	-6.7633
84.95	-6.7627
84.95	-6.7629
84.95	-6.7629
84.94	-6.7625
84.94	-6.7626
84.94	-6.7626
84.93	-6.7624
84.93	-6.7624
84.93	-6.7624
84.92	-6.7622
84.92	-6.7621
84.92	-6.7620
84.91	-6.7620
84.91	-6.7619
84.91	-6.7619
84.91	-6.7616
84.90	-6.7617
84.90	-6.7616
84.90	-6.7615
84.90	-6.7613
84.89	-6.7611
84.89	-6.7610
84.89	-6.7610
84.89	-6.7608
84.89	-6.7608
84.88	-6.7604
84.88	-6.7605
84.88	-6.7605
84.88	-6.7600
84.87	-6.7602
84.87	-6.7602
84.86	-6.7600
84.86	-6.7599
84.86	-6.7597
84.86	-6.7598
84.86	-6.7593
84.86	-6.7595
84.85	-6.7594
84.85	-6.7593
84.85	-6.7591
84.85	-6.7588
84.85	-6.7589
84.84	-6.7588
84.84	-6.7588
84.84	-6.7587
84.84	-6.7584
84.84	-6.7585
84.83	-6.7581
84.83	-6.7580
84.83	-6.7580
84.82	-6.7580
84.82	-6.7578
84.82	-6.7577
84.82	-6.7575
84.81	-6.7575
84.81	-6.7573
84.81	-6.7570
84.81	-6.7571
84.81	-6.7570
84.81	-6.7569
84.81	-6.7567
84.80	-6.7565
84.80	-6.7563
84.80	-6.7562
84.80	-6.7563
84.79	-6.7564
84.79	-6.7561
84.79	-6.7560
84.78	-6.7559
84.78	-6.7558
84.78	-6.7557
84.78	-6.7558
84.78	-6.7556
84.77	-6.7553
84.77	-6.7554
84.77	-6.7554
84.76	-6.7552
84.76	-6.7551
84.75	-6.7549
84.75	-6.7549
84.75	-6.7548
84.75	-6.7548
84.74	-6.7548
84.74	-6.7543
84.74	-6.7543
84.74	-6.7539
84.73	-6.7540
84.73	-6.7539
84.73	-6.7539
84.73	-6.7538
84.73	-6.7537
84.73	-6.7536
84.72	-6.7533
84.72	-6.7534
84.72	-6.7535
84.71	-6.7533
84.71	-6.7534
84.71	-6.7532
84.70	-6.7528
84.70	-6.7528
84.70	-6.7527
84.70	-6.7526
84.70	-6.7527
84.69	-6.7526
84.69	-6.7523
84.69	-6.7522
84.69	-6.7520
84.68	-6.7519
84.68	-6.7519
84.68	-6.7516
84.68	-6.7517
84.67	-6.7515
84.67	-6.7513
84.67	-6.7512
84.67	-6.7509
84.66	-6.7511
84.66	-6.7509
84.66	-6.7508
84.65	-6.7507
84.65	-6.7508
84.65	-6.7504
84.64	-6.7502
84.64	-6.7504
84.64	-6.7502
84.64	-6.7502
84.64	-6.7500
84.63	-6.7497
84.63	-6.7496
84.63	-6.7496
84.63	-6.7496
84.62	-6.7496
84.62	-6.7495
84.62	-6.7492
84.61	-6.7491
84.61	-6.7491
84.61	-6.7492
84.61	-6.7487
84.61	-6.7487
84.60	-6.7486
84.60	-6.7487
84.59	-6.7482
84.59	-6.7484
84.59	-6.7480
84.59	-6.7482
84.59	-6.7478
84.59	-6.7480
84.58	-6.7478
84.58	-6.7477
84.58	-6.7475
84.58	-6.7474
84.58	-6.7472
84.57	-6.7469
84.57	-6.7470
84.57	-6.7469
84.56	-6.7468
84.56	-6.7469
84.56	-6.7468
84.56	-6.7464
84.55	-6.7462
84.55	-6.7462
84.55	-6.7462
84.55	-6.7460
84.55	-6.7458
84.55	-6.7457
84.54	-6.7458
84.54	-6.7455
84.54	-6.7456
84.54	-6.7455
84.53	-6.7450
84.53	-6.7449
84.53	-6.7449
84.53	-6.7447
84.52	-6.7446
84.52	-6.7445
84.52	-6.7443
84.52	-6.7442
84.51	-6.7441
84.51	-6.7442
84.50	-6.7441
84.50	-6.7439
84.50	-6.7437
84.50	-6.7435
84.50	-6.7437
84.50	-6.7435
84.50	-6.7434
84.49	-6.7434
84.49	-6.7433
84.48	-6.7432
84.48	-6.7432
84.48	-6.7431
84.48	-6.7429
84.47	-6.7430
84.47	-6.7430
84.47	-6.7425
84.47	-6.7426
84.46	-6.7423
84.46	-6.7424
84.46	-6.7424
84.45	-6.7422
84.45	-6.7422
84.45	-6.7422
84.45	-6.7419
84.45	-6.7415
84.45	-6.7416
84.44	-6.7414
84.44	-6.7412
84.44	-6.7413
84.44	-6.7411
84.43	-6.7411
84.43	-6.7407
84.43	-6.7408
84.43	-6.7406
84.42	-6.7405
84.42	-6.7406
84.42	-6.7404
84.41	-6.7402
84.41	-6.7401
84.41	-6.7399
84.40	-6.7398
84.40	-6.7393
84.40	-6.7397
84.39	-6.7397
84.39	-6.7394
84.39	-6.7394
84.39	-6.7394
84.39	-6.7391
84.39	-6.7389
84.38	-6.7387
84.38	-6.7388
84.38	-6.7386
84.38	-6.7384
84.38	-6.7384
84.37	-6.7382
84.37	-6.7382
84.36	-6.7379
84.36	-6.7378
84.36	-6.7378
84.35	-6.7378
84.35	-6.7376
84.34	-6.7373
84.34	-6.7374
84.34	-6.7373
84.34	-6.7370
84.34	-6.7370
84.34	-6.7369
84.33	-6.7367
84.33	-6.7365
84.33	-6.7364
84.33	-6.7363
84.32	-6.7361
84.32	-6.7360
84.32	-6.7359
84.32	-6.7357
84.32	-6.7358
84.32	-6.7355
84.31	-6.7354
84.31	-6.7352
84.30	-6.7351
84.30	-6.7350
84.30	-6.7349
84.30	-6.7348
84.30	-6.7348
84.30	-6.7347
84.29	-6.7344
84.29	-6.7345
84.29	-6.7344
84.29	-6.7342
84.28	-6.7342
84.28	-6.7341
84.28	-6.7340
84.28	-6.7337
84.28	-6.7336
84.28	-6.7338
84.28	-6.7335
84.27	-6.7334
84.27	-6.7330
84.26	-6.7330
84.26	-6.7329
84.25	-6.7329
84.25	-6.7327
84.25	-6.7325
84.25	-6.7324
84.24	-6.7324
84.24	-6.7323
84.24	-6.7323
84.23	-6.7322
84.23	-6.7321
84.23	-6.7322
84.23	-6.7319
84.23	-6.7317
84.23	-6.7318
84.23	-6.7314
84.22	-6.7315
84.22	-6.7314
84.22	-6.7314
84.22	-6.7313
84.21	-6.7312
84.21	-6.7310
84.21	-6.7308
84.20	-6.7307
84.20	-6.7308
84.20	-6.7305
84.20	-6.7303
84.20	-6.7302
84.19	-6.7301
84.19	-6.7300
84.19	-6.7299
84.18	-6.7298
84.17	-6.7297
84.17	-6.7296
84.17	-6.7295
84.17	-6.7296
84.17	-6.7291
84.17	-6.7293
84.17	-6.7293
84.16	-6.7289
84.16	-6.7289
84.15	-6.7288
84.15	-6.7286
84.15	-6.7286
84.15	-6.7287
84.15	-6.7285
84.15	-6.7284
84.14	-6.7281
84.14	-6.7280
84.14	-6.7279
84.13	-6.7280
84.13	-6.7278
84.13	-6.7277
84.13	-6.7274
84.13	-6.7274
84.13	-6.7273
84.12	-6.7270
84.12	-6.7269
84.12	-6.7267
84.11	-6.7266
84.11	-6.7265
84.10	-6.7264
84.10	-6.7261
84.10	-6.7263
84.10	-6.7263
84.09	-6.7260
84.09	-6.7259
84.09	-6.7259
84.09	-6.7256
84.09	-6.7256
84.09	-6.7255
84.08	-6.7254
84.08	-6.7254
84.08	-6.7253
84.08	-6.7254
84.07	-6.7251
84.08	-6.7250
84.07	-6.7253
84.07	-6.7249
84.07	-6.7248
84.06	-6.7247
84.06	-6.7247
84.05	-6.7247
84.05	-6.7243
84.05	-6.7242
84.05	-6.7242
84.04	-6.7242
84.04	-6.7240
84.04	-6.7240
84.04	-6.7239
84.03	-6.7238
84.03	-6.7236
84.03	-6.7235
84.03	-6.7234
84.03	-6.7232
84.03	-6.7233
84.02	-6.7230
84.02	-6.7231
84.02	-6.7229
84.01	-6.7226
84.01	-6.7226
84.01	-6.7226
84.00	-6.7224
84.00	-6.7224
84.00	-6.7223
84.00	-6.7219
84.00	-6.7220
83.99	-6.7218
83.99	-6.7217
83.99	-6.7217
83.99	-6.7214
83.99	-6.7215
83.99	-6.7213
83.99	-6.7209
83.99	-6.7209
83.98	-6.7209
83.98	-6.7207
83.98	-6.7206
83.98	-6.7205
83.97	-6.7204
83.96	-6.7202
83.96	-6.7201
83.96	-6.7201
83.95	-6.7199
83.95	-6.7198
83.95	-6.7198
83.95	-6.7198
83.95	-6.7197
83.94	-6.7195
83.94	-6.7194
83.94	-6.7192
83.93	-6.7192
83.93	-6.7193
83.92	-6.7190
83.92	-6.7188
83.92	-6.7188
83.92	-6.7186
83.92	-6.7186
83.92	-6.7185
83.92	-6.7182
83.91	-6.7180
83.91	-6.7181
83.91	-6.7180
83.90	-6.7178
83.90	-6.7178
83.90	-6.7177
83.89	-6.7173
83.89	-6.7174
83.89	-6.7173
83.89	-6.7173
83.89	-6.7169
83.88	-6.7168
83.88	-6.7169
83.88	-6.7167
83.88	-6.7166
83.88	-6.7165
83.88	-6.7164
83.87	-6.7163
83.87	-6.7161
83.87	-6.7161
83.86	-6.7159
83.86	-6.7159
83.86	-6.7158
83.85	-6.7154
83.85	-6.7151
83.85	-6.7151
83.85	-6.7151
83.85	-6.7148
83.85	-6.7149
83.84	-6.7144
83.84	-6.7146
83.84	-6.7144
83.83	-6.7144
83.83	-6.7142
83.83	-6.7141
83.83	-6.7139
83.82	-6.7139
83.82	-6.7138
83.82	-6.7137
83.82	-6.7134
83.81	-6.7134
83.81	-6.7132
83.81	-6.7127
83.81	-6.7132
83.80	-6.7129
83.80	-6.7128
83.80	-6.7127
83.80	-6.7125
83.80	-6.7126
83.80	-6.7121
83.79	-6.7122
83.79	-6.7120
83.79	-6.7120
83.79	-6.7119
83.78	-6.7118
83.78	-6.7117
83.78	-6.7114
83.77	-6.7111
83.77	-6.7111
83.77	-6.7107
83.77	-6.7109
83.76	-6.7107
83.76	-6.7105
83.75	-6.7105
83.75	-6.7104
83.75	-6.7103
83.75	-6.7101
83.75	-6.7100
83.74	-6.7099
83.74	-6.7099
83.74	-6.7095
83.74	-6.7095
83.74	-6.7094
83.74	-6.7092
83.73	-6.7089
83.73	-6.7090
83.73	-6.7086
83.73	-6.7088
83.72	-6.7086
83.72	-6.7083
83.72	-6.7083
83.71	-6.7082
83.71	-6.7081
83.70	-6.7082
83.70	-6.7081
83.70	-6.7079
83.70	-6.7078
83.70	-6.7079
83.69	-6.7078
83.69	-6.7077
83.69	-6.7074
83.69	-6.7076
83.68	-6.7073
83.68	-6.7071
83.68	-6.7071
83.68	-6.7067
83.67	-6.7067
83.67	-6.7068
83.67	-6.7067
83.67	-6.7065
83.67	-6.7066
83.66	-6.7064
83.66	-6.7065
83.66	-6.7061
83.65	-6.7061
83.65	-6.7059
83.65	-6.7059
83.65	-6.7056
83.65	-6.7057
83.64	-6.7054
83.64	-6.7053
83.64	-6.7051
83.63	-6.7051
83.63	-6.7050
83.63	-6.7051
83.63	-6.7049
83.63	-6.7046
83.62	-6.7047
83.62	-6.7043
83.61	-6.7045
83.61	-6.7043
83.61	-6.7042
83.61	-6.7040
83.61	-6.7039
83.61	-6.7039
83.60	-6.7038
83.60	-6.7036
83.60	-6.7036
83.60	-6.7037
83.59	-6.7034
83.59	-6.7030
83.59	-6.7030
83.58	-6.7029
83.58	-6.7028
83.58	-6.7030
83.58	-6.7028
83.58	-6.7026
83.57	-6.7028
83.57	-6.7023
83.57	-6.7023
83.57	-6.7024
83.57	-6.7024
83.56	-6.7023
83.56	-6.7021
83.56	-6.7020
83.56	-6.7019
83.55	-6.7018
83.55	-6.7017
83.54	-6.7016
83.54	-6.7015
83.54	-6.7014
83.54	-6.7011
83.53	-6.7012
83.53	-6.7013
83.53	-6.7009
83.53	-6.7008
83.53	-6.7008
83.52	-6.7005
83.52	-6.7006
83.52	-6.7003
83.52	-6.7001
83.51	-6.7000
83.51	-6.7001
83.51	-6.6997
83.51	-6.6998
83.50	-6.6999
83.50	-6.6997
83.50	-6.6996
83.50	-6.6993
83.50	-6.6992
83.49	-6.6991
83.49	-6.6992
83.49	-6.6990
83.48	-6.6990
83.48	-6.6988
83.48	-6.6987
83.48	-6.6986
83.47	-6.6986
83.47	-6.6985
83.47	-6.6985
83.47	-6.6985
83.46	-6.6984
83.46	-6.6984
83.45	-6.6983
83.45	-6.6982
83.45	-6.6980
83.45	-6.6980
83.45	-6.6979
83.44	-6.6979
83.44	-6.6978
83.44	-6.6979
83.44	-6.6976
83.43	-6.6976
83.43	-6.6974
83.42	-6.6970
83.42	-6.6971
83.42	-6.6968
83.42	-6.6968
83.42	-6.6967
83.42	-6.6967
83.42	-6.6966
83.41	-6.6964
83.41	-6.6963
83.40	-6.6961
83.40	-6.6962
83.40	-6.6959
83.40	-6.6959
83.40	-6.6960
83.40	-6.6956
83.39	-6.6955
83.39	-6.6954
83.39	-6.6952
83.39	-6.6952
83.38	-6.6952
83.38	-6.6948
83.38	-6.6949
83.38	-6.6948
83.38	-6.6945
83.37	-6.6946
83.37	-6.6943
83.36	-6.6942
83.36	-6.6941
83.36	-6.6941
83.36	-6.6940
83.36	-6.6940
83.35	-6.6939
83.35	-6.6936
83.34	-6.6937
83.34	-6.6936
83.34	-6.6932
83.34	-6.6934
83.34	-6.6931
83.33	-6.6931
83.33	-6.6930
83.33	-6.6930
83.33	-6.6927
83.33	-6.6926
83.33	-6.6925
83.32	-6.6927
83.31	-6.6926
83.31	-6.6926
83.31	-6.6924
83.31	-6.6923
83.31	-6.6921
83.30	-6.6920
83.30	-6.6919
83.30	-6.6917
83.30	-6.6917
83.30	-6.6914
83.30	-6.6914
83.29	-6.6913
83.29	-6.6914
83.28	-6.6913
83.28	-6.6909
83.28	-6.6910
83.28	-6.6909
83.27	-6.6910
83.27	-6.6908
83.27	-6.6905
83.27	-6.6904
83.26	-6.6904
83.26	-6.6906
83.26	-6.6903
83.25	-6.6900
83.25	-6.6901
83.25	-6.6900
83.25	-6.6899
83.25	-6.6897
83.25	-6.6897
83.24	-6.6896
83.24	-6.6896
83.23	-6.6893
83.23	-6.6894
83.23	-6.6890
83.23	-6.6891
83.23	-6.6890
83.23	-6.6888
83.22	-6.6886
83.22	-6.6886
83.21	-6.6883
83.21	-6.6882
83.21	-6.6884
83.21	-6.6882
83.21	-6.6879
83.21	-6.6878
83.20	-6.6877
83.20	-6.6877
83.20	-6.6875
83.19	-6.6874
83.19	-6.6873
83.18	-6.6872
83.18	-6.6872
83.18	-6.6870
83.18	-6.6869
83.18	-6.6867
83.17	-6.6866
83.17	-6.6866
83.17	-6.6865
83.17	-6.6864
83.17	-6.6862
83.16	-6.6862
83.16	-6.6860
83.16	-6.6860
83.15	-6.6857
83.15	-6.6856
83.15	-6.6853
83.15	-6.6854
83.14	-6.6852
83.14	-6.6853
83.14	-6.6851
83.14	-6.6850
83.14	-6.6852
83.13	-6.6849
83.13	-6.6848
83.13	-6.6846
83.13	-6.6845
83.12	-6.6844
83.12	-6.6846
83.12	-6.6845
83.12	-6.6842
83.11	-6.6841
83.11	-6.6842
83.11	-6.6842
83.10	-6.6841
83.10	-6.6840
83.10	-6.6837
83.10	-6.6835
83.10	-6.6835
83.10	-6.6832
83.09	-6.6834
83.09	-6.6830
83.09	-6.6830
83.09	-6.6830
83.09	-6.6828
83.08	-6.6825
83.08	-6.6823
83.08	-6.6822
83.08	-6.6823
83.08	-6.6819
83.08	-6.6820
83.07	-6.6819
83.07	-6.6819
83.07	-6.6817
83.06	-6.6817
83.06	-6.6815
83.06	-6.6816
83.05	-6.6813
83.05	-6.6812
83.05	-6.6813
83.05	-6.6811
83.05	-6.6810
83.05	-6.6808
83.04	-6.6808
83.04	-6.6807
83.04	-6.6806
83.03	-6.6807
83.03	-6.6805
83.03	-6.6805
83.03	-6.6802
83.03	-6.6802
83.02	-6.6801
83.02	-6.6801
83.01	-6.6802
83.00	-6.6799
83.00	-6.6797
83.00	-6.6798
83.00	-6.6795
83.00	-6.6795
83.00	-6.6793
83.00	-6.6792
82.99	-6.6791
82.99	-6.6790
82.99	-6.6790
82.99	-6.6788
82.99	-6.6788
82.98	-6.6786
82.98	-6.6785
82.98	-6.6781
82.98	-6.6780
82.98	-6.6782
82.97	-6.6781
82.97	-6.6779
82.96	-6.6779
82.96	-6.6777
82.96	-6.6774
82.95	-6.6774
82.95	-6.6774
82.95	-6.6773
82.95	-6.6773
82.95	-6.6772
82.95	-6.6768
82.94	-6.6768
82.94	-6.6768
82.93	-6.6769
82.93	-6.6767
82.93	-6.6765
82.93	-6.6763
82.92	-6.6761
82.92	-6.6760
82.92	-6.6761
82.92	-6.6759
82.92	-6.6758
82.91	-6.6760
82.91	-6.6756
82.91	-6.6755
82.90	-6.6750
82.90	-6.6751
82.90	-6.6753
82.90	-6.6749
82.89	-6.6748
82.89	-6.6747
82.89	-6.6746
82.89	-6.6746
82.88	-6.6744
82.88	-6.6746
82.88	-6.6744
82.88	-6.6740
82.88	-6.6739
82.87	-6.6740
82.87	-6.6736
82.87	-6.6737
82.87	-6.6734
82.86	-6.6735
82.86	-6.6733
82.86	-6.6732
82.85	-6.6733
82.85	-6.6730
82.85	-6.6729
82.85	-6.6730
82.84	-6.6729
82.84	-6.6727
82.84	-6.6725
82.84	-6.6725
82.84	-6.6723
82.84	-6.6722
82.83	-6.6721
82.83	-6.6720
82.83	-6.6719
82.83	-6.6719
82.83	-6.6720
82.82	-6.6718
82.82	-6.6716
82.81	-6.6716
82.81	-6.6714
82.81	-6.6714
82.81	-6.6713
82.80	-6.6713
82.80	-6.6711
82.80	-6.6710
82.80	-6.6710
82.79	-6.6710
82.79	-6.6708
82.79	-6.6707
82.79	-6.6706
82.78	-6.6705
82.78	-6.6704
82.78	-6.6702
82.78	-6.6701
82.78	-6.6700
82.77	-6.6699
82.77	-6.6699
82.76	-6.6698
82.76	-6.6698
82.76	-6.6695
82.75	-6.6696
82.75	-6.6692
82.75	-6.6692
82.75	-6.6690
82.75	-6.6691
82.75	-6.6688
82.74	-6.6689
82.74	-6.6686
82.73	-6.6688
82.73	-6.6684
82.73	-6.6683
82.73	-6.6680
82.73	-6.6683
82.73	-6.6682
82.73	-6.6679
82.72	-6.6677
82.72	-6.6676
82.72	-6.6678
82.71	-6.6675
82.71	-6.6676
82.70	-6.6674
82.70	-6.6673
82.70	-6.6672
82.70	-6.6670
82.69	-6.6670
82.69	-6.6670
82.69	-6.6667
82.69	-6.6666
82.68	-6.6665
82.68	-6.6665
82.68	-6.6664
82.68	-6.6662
82.68	-6.6663
82.68	-6.6661
82.68	-6.6659
82.67	-6.6659
82.67	-6.6659
82.66	-6.6657
82.66	-6.6656
82.66	-6.6655
82.66	-6.6656
82.65	-6.6649
82.65	-6.6649
82.65	-6.6650
82.64	-6.6648
82.64	-6.6647
82.64	-6.6646
82.64	-6.6646
82.64	-6.6645
82.63	-6.6643
82.63	-6.6642
82.63	-6.6644
82.63	-6.6641
82.63	-6.6638
82.63	-6.6639
82.63	-6.6638
82.62	-6.6636
82.62	-6.6636
82.62	-6.6637
82.61	-6.6635
82.61	-6.6636
82.61	-6.6631
82.60	-6.6633
82.60	-6.6630
82.59	-6.6629
82.59	-6.6628
82.59	-6.6628
82.59	-6.6628
82.59	-6.6626
82.59	-6.6622
82.58	-6.6622
82.58	-6.6619
82.58	-6.6621
82.58	-6.6620
82.58	-6.6619
82.57	-6.6617
82.57	-6.6617
82.57	-6.6617
82.57	-6.6614
82.56	-6.6614
82.56	-6.6610
82.55	-6.6610
82.55	-6.6609
82.55	-6.6606
82.55	-6.6604
82.55	-6.6607
82.54	-6.6602
82.54	-6.6603
82.53	-6.6603
82.53	-6.6601
82.53	-6.6600
82.53	-6.6598
82.53	-6.6599
82.53	-6.6598
82.52	-6.6596
82.52	-6.6594
82.52	-6.6593
82.51	-6.6592
82.51	-6.6592
82.51	-6.6593
82.50	-6.6591
82.50	-6.6592
82.50	-6.6590
82.50	-6.6590
82.50	-6.6589
82.50	-6.6587
82.50	-6.6586
82.49	-6.6586
82.49	-6.6586
82.49	-6.6587
82.48	-6.6586
82.48	-6.6582
82.48	-6.6582
82.48	-6.6580
82.47	-6.6579
82.47	-6.6577
82.47	-6.6578
82.47	-6.6577
82.47	-6.6575
82.46	-6.6574
82.46	-6.6574
82.46	-6.6572
82.45	-6.6572
82.45	-6.6571
82.45	-6.6568
82.45	-6.6569
82.45	-6.6568
82.44	-6.6567
82.44	-6.6563
82.44	-6.6565
82.44	-6.6565
82.43	-6.6563
82.43	-6.6561
82.42	-6.6561
82.42	-6.6560
82.42	-6.6557
82.42	-6.6559
82.42	-6.6556
82.41	-6.6558
82.41	-6.6555
82.41	-6.6555
82.40	-6.6556
82.40	-6.6555
82.40	-6.6554
82.40	-6.6551
82.39	-6.6551
82.39	-6.6550
82.39	-6.6550
82.38	-6.6549
82.38	-6.6545
82.38	-6.6547
82.38	-6.6545
82.38	-6.6546
82.38	-6.6545
82.38	-6.6544
82.37	-6.6543
82.37	-6.6540
82.37	-6.6539
82.36	-6.6539
82.36	-6.6538
82.35	-6.6534
82.35	-6.6535
82.35	-6.6533
82.35	-6.6530
82.34	-6.6532
82.34	-6.6529
82.34	-6.6530
82.34	-6.6529
82.34	-6.6527
82.34	-6.6526
82.34	-6.6526
82.33	-6.6524
82.33	-6.6523
82.33	-6.6522
82.33	-6.6520
82.32	-6.6520
82.32	-6.6520
82.32	-6.6517
82.31	-6.6517
82.31	-6.6517
82.31	-6.6514
82.30	-6.6511
82.30	-6.6513
82.30	-6.6512
82.30	-6.6510
82.29	-6.6511
82.29	-6.6511
82.29	-6.6508
82.28	-6.6507
82.28	-6.6504
82.28	-6.6502
82.28	-6.6502
82.28	-6.6500
82.28	-6.6500
82.28	-6.6494
82.28	-6.6496
82.27	-6.6495
82.27	-6.6495
82.26	-6.6495
82.26	-6.6492
82.26	-6.6493
82.25	-6.6490
82.25	-6.6490
82.25	-6.6489
82.25	-6.6488
82.25	-6.6487
82.24	-6.6487
82.24	-6.6484
82.24	-6.6484
82.23	-6.6482
82.23	-6.6482
82.23	-6.6479
82.23	-6.6480
82.23	-6.6479
82.22	-6.6477
82.22	-6.6479
82.22	-6.6473
82.22	-6.6473
82.21	-6.6472
82.21	-6.6473
82.21	-6.6471
82.20	-6.6468
82.20	-6.6467
82.20	-6.6466
82.20	-6.6467
82.20	-6.6465
82.20	-6.6464
82.19	-6.6463
82.19	-6.6460
82.19	-6.6462
82.19	-6.6460
82.19	-6.6458
82.19	-6.6457
82.18	-6.6458
82.18	-6.6457
82.17	-6.6453
82.17	-6.6453
82.17	-6.6452
82.17	-6.6452
82.16	-6.6450
82.16	-6.6450
82.16	-6.6448
82.16	-6.6449
82.16	-6.6445
82.15	-6.6446
82.15	-6.6443
82.15	-6.6442
82.14	-6.6443
82.14	-6.6439
82.14	-6.6441
82.13	-6.6439
82.13	-6.6439
82.13	-6.6438
82.13	-6.6438
82.13	-6.6437
82.13	-6.6434
82.13	-6.6435
82.12	-6.6436
82.12	-6.6434
82.11	-6.6432
82.11	-6.6430
82.11	-6.6430
82.10	-6.6427
82.10	-6.6426
82.10	-6.6427
82.10	-6.6425
82.09	-6.6422
82.09	-6.6424
82.09	-6.6424
82.09	-6.6420
82.09	-6.6416
82.09	-6.6419
82.08	-6.6417
82.08	-6.6414
82.08	-6.6413
82.08	-6.6412
82.07	-6.6410
82.07	-6.6408
82.06	-6.6409
82.06	-6.6406
82.06	-6.6408
82.06	-6.6403
82.05	-6.6402
82.05	-6.6404
82.05	-6.6401
82.05	-6.6403
82.05	-6.6399
82.05	-6.6400
82.04	-6.6397
82.04	-6.6395
82.04	-6.6396
82.04	-6.6395
82.03	-6.6393
82.03	-6.6392
82.03	-6.6391
82.03	-6.6391
82.03	-6.6389
82.02	-6.6389
82.02	-6.6386
82.02	-6.6385
82.01	-6.6384
82.01	-6.6383
82.00	-6.6380
82.00	-6.6381
82.00	-6.6381
82.00	-6.6378
82.00	-6.6379
81.99	-6.6378
81.99	-6.6377
81.99	-6.6376
81.99	-6.6375
81.98	-6.6373
81.98	-6.6371
81.98	-6.6371
81.98	-6.6370
81.98	-6.6370
81.97	-6.6368
81.97	-6.6368
81.97	-6.6366
81.97	-6.6364
81.96	-6.6364
81.96	-6.6365
81.96	-6.6364
81.95	-6.6361
81.95	-6.6363
81.95	-6.6359
81.95	-6.6359
81.94	-6.6356
81.94	-6.6356
81.93	-6.6354
81.93	-6.6354
81.93	-6.6354
81.93	-6.6353
81.93	-6.6350
81.92	-6.6351
81.92	-6.6351
81.92	-6.6348
81.92	-6.6348
81.92	-6.6345
81.91	-6.6345
81.91	-6.6345
81.91	-6.6344
81.91	-6.6342
81.90	-6.6339
81.90	-6.6339
81.90	-6.6338
81.89	-6.6337
81.89	-6.6336
81.89	-6.6335
81.88	-6.6334
81.88	-6.6334
81.88	-6.6329
81.88	-6.6329
81.88	-6.6329
81.88	-6.6329
81.88	-6.6327
81.87	-6.6325
81.87	-6.6325
81.87	-6.6324
81.86	-6.6321
81.86	-6.6320
81.86	-6.6320
81.86	-6.6319
81.86	-6.6317
81.85	-6.6317
81.85	-6.6316
81.85	-6.6315
81.84	-6.6313
81.84	-6.6310
81.84	-6.6313
81.83	-6.6312
81.83	-6.6310
81.83	-6.6309
81.83	-6.6306
81.83	-6.6308
81.83	-6.6308
81.83	-6.6307
81.82	-6.6304
81.82	-6.6305
81.82	-6.6304
81.81	-6.6302
81.81	-6.6302
81.81	-6.6297
81.80	-6.6300
81.80	-6.6299
81.80	-6.6295
81.80	-6.6294
81.80	-6.6294
81.79	-6.6294
81.79	-6.6293
81.79	-6.6293
81.78	-6.6292
81.78	-6.6289
81.78	-6.6289
81.78	-6.6289
81.77	-6.6286
81.77	-6.6284
81.77	-6.6285
81.77	-6.6284
81.77	-6.6282
81.76	-6.6281
81.76	-6.6281
81.76	-6.6279
81.76	-6.6278
81.75	-6.6279
81.75	-6.6276
81.75	-6.6276
81.74	-6.6275
81.74	-6.6275
81.74	-6.6273
81.74	-6.6271
81.73	-6.6270
81.73	-6.6268
81.73	-6.6267
81.73	-6.6267
81.72	-6.6267
81.72	-6.6265
81.72	-6.6264
81.72	-6.6261
81.72	-6.6259
81.71	-6.6258
81.71	-6.6257
81.71	-6.6256
81.71	-6.6254
81.71	-6.6254
81.70	-6.6253
81.70	-6.6251
81.69	-6.6250
81.69	-6.6250
81.69	-6.6249
81.69	-6.6247
81.69	-6.6248
81.68	-6.6244
81.68	-6.6244
81.68	-6.6243
81.67	-6.6243
81.67	-6.6241
81.67	-6.6239
81.67	-6.6239
81.66	-6.6236
81.66	-6.6234
81.66	-6.6233
81.65	-6.6233
81.65	-6.6232
81.65	-6.6231
81.65	-6.6231
81.64	-6.6231
81.64	-6.6230
81.64	-6.6228
81.64	-6.6229
81.63	-6.6227
81.63	-6.6227
81.63	-6.6227
81.63	-6.6222
81.63	-6.6222
81.63	-6.6221
81.63	-6.6221
81.62	-6.6219
81.62	-6.6217
81.62	-6.6216
81.61	-6.6217
81.61	-6.6213
81.60	-6.6214
81.60	-6.6210
81.60	-6.6210
81.59	-6.6206
81.59	-6.6205
81.59	-6.6203
81.59	-6.6203
81.59	-6.6202
81.59	-6.6200
81.59	-6.6198
81.58	-6.6197
81.58	-6.6197
81.58	-6.6195
81.57	-6.6193
81.57	-6.6193
81.57	-6.6192
81.56	-6.6190
81.56	-6.6190
81.56	-6.6191
81.56	-6.6188
81.55	-6.6186
81.55	-6.6187
81.55	-6.6187
81.55	-6.6186
81.55	-6.6187
81.55	-6.6183
81.54	-6.6183
81.54	-6.6182
81.53	-6.6180
81.53	-6.6181
81.53	-6.6181
81.53	-6.6180
81.53	-6.6177
81.53	-6.6176
81.52	-6.6174
81.52	-6.6176
81.52	-6.6173
81.51	-6.6172
81.51	-6.6168
81.51	-6.6168
81.51	-6.6166
81.50	-6.6165
81.50	-6.6166
81.50	-6.6165
81.50	-6.6163
81.50	-6.6163
81.49	-6.6161
81.49	-6.6160
81.49	-6.6161
81.48	-6.6158
81.48	-6.6158
81.48	-6.6158
81.48	-6.6153
81.48	-6.6154
81.47	-6.6153
81.47	-6.6152
81.46	-6.6152
81.46	-6.6149
81.46	-6.6147
81.46	-6.6145
81.46	-6.6146
81.45	-6.6143
81.45	-6.6145
81.45	-6.6143
81.45	-6.6142
81.45	-6.6139
81.45	-6.6139
81.44	-6.6138
81.44	-6.6138
81.43	-6.6137
81.43	-6.6136
81.43	-6.6135
81.42	-6.6131
81.42	-6.6133
81.42	-6.6132
81.42	-6.6131
81.41	-6.6132
81.41	-6.6129
81.41	-6.6129
81.40	-6.6127
81.40	-6.6125
81.40	-6.6124
81.40	-6.6124
81.40	-6.6122
81.39	-6.6123
81.39	-6.6121
81.39	-6.6122
81.39	-6.6119
81.39	-6.6117
81.39	-6.6117
81.39	-6.6117
81.38	-6.6115
81.38	-6.6115
81.38	-6.6113
81.37	-6.6115
81.37	-6.6112
81.37	-6.6111
81.36	-6.6112
81.36	-6.6111
81.36	-6.6108
81.36	-6.6109
81.36	-6.6106
81.35	-6.6107
81.35	-6.6103
81.35	-6.6103
81.34	-6.6102
81.34	-6.6102
81.34	-6.6100
81.33	-6.6098
81.33	-6.6097
81.33	-6.6096
81.33	-6.6097
81.33	-6.6095
81.33	-6.6096
81.33	-6.6093
81.33	-6.6092
81.32	-6.6091
81.32	-6.6087
81.32	-6.6090
81.32	-6.6090
81.31	-6.6085
81.31	-6.6083
81.30	-6.6083
81.30	-6.6081
81.30	-6.6082
81.30	-6.6081
81.30	-6.6080
81.29	-6.6081
81.29	-6.6079
81.28	-6.6076
81.28	-6.6077
81.28	-6.6076
81.28	-6.6073
81.28	-6.6073
81.28	-6.6073
81.28	-6.6072
81.28	-6.6069
81.28	-6.6068
81.28	-6.6068
81.27	-6.6068
81.27	-6.6066
81.26	-6.6065
81.26	-6.6063
81.25	-6.6063
81.25	-6.6063
81.25	-6.6064
81.25	-6.6060
81.25	-6.6059
81.24	-6.6057
81.24	-6.6056
81.24	-6.6056
81.23	-6.6056
81.23	-6.6055
81.23	-6.6055
81.22	-6.6054
81.22	-6.6052
81.22	-6.6051
81.22	-6.6049
81.22	-6.6050
81.22	-6.6050
81.21	-6.6048
81.21	-6.6045
81.21	-6.6043
81.20	-6.6043
81.20	-6.6041
81.20	-6.6040
81.20	-6.6041
81.19	-6.6038
81.19	-6.6037
81.19	-6.6038
81.19	-6.6037
81.19	-6.6033
81.18	-6.6034
81.18	-6.6031
81.17	-6.6032
81.17	-6.6028
81.17	-6.6028
81.17	-6.6028
81.16	-6.6025
81.16	-6.6021
81.15	-6.6022
81.15	-6.6020
81.15	-6.6022
81.15	-6.6020
81.14	-6.6019
81.14	-6.6019
81.14	-6.6015
81.14	-6.6017
81.14	-6.6016
81.14	-6.6015
81.14	-6.6013
81.13	-6.6013
81.13	-6.6011
81.13	-6.6009
81.13	-6.6008
81.13	-6.6007
81.12	-6.6006
81.12	-6.6005
81.12	-6.6004
81.12	-6.6003
81.11	-6.5999
81.11	-6.5997
81.10	-6.6001
81.10	-6.5997
81.10	-6.5995
81.10	-6.5996
81.09	-6.5995
81.09	-6.5995
81.09	-6.5992
81.08	-6.5991
81.08	-6.5990
81.08	-6.5990
81.08	-6.5988
81.08	-6.5988
81.08	-6.5985
81.08	-6.5984
81.07	-6.5983
81.07	-6.5982
81.07	-6.5981
81.07	-6.5980
81.07	-6.5975
81.06	-6.5975
81.06	-6.5974
81.05	-6.5974
81.05	-6.5972
81.05	-6.5972
81.05	-6.5972
81.05	-6.5969
81.04	-6.5969
81.04	-6.5968
81.04	-6.5966
81.04	-6.5963
81.03	-6.5963
81.03	-6.5962
81.03	-6.5960
81.02	-6.5958
81.02	-6.5959
81.02	-6.5959
81.02	-6.5958
81.02	-6.5956
81.01	-6.5957
81.01	-6.5955
81.00	-6.5953
81.00	-6.5949
81.00	-6.5952
81.00	-6.5951
81.00	-6.5949
80.99	-6.5948
80.99	-6.5946
80.99	-6.5946
80.99	-6.5944
80.98	-6.5945
80.98	-6.5942
80.98	-6.5940
80.98	-6.5941
80.98	-6.5940
80.97	-6.5939
80.97	-6.5935
80.97	-6.5934
80.97	-6.5933
80.97	-6.5933
80.97	-6.5931
80.96	-6.5930
80.96	-6.5928
80.95	-6.5928
80.95	-6.5925
80.95	-6.5927
80.94	-6.5924
80.94	-6.5923
80.94	-6.5921
80.93	-6.5922
80.93	-6.5919
80.93	-6.5918
80.92	-6.5918
80.92	-6.5916
80.92	-6.5914
80.92	-6.5916
80.92	-6.5917
80.92	-6.5916
80.92	-6.5914
80.92	-6.5910
80.91	-6.5911
80.91	-6.5910
80.91	-6.5910
80.90	-6.5907
80.90	-6.5907
80.90	-6.5903
80.89	-6.5903
80.89	-6.5901
80.89	-6.5904
80.89	-6.5900
80.89	-6.5899
80.89	-6.5899
80.88	-6.5895
80.88	-6.5896
80.88	-6.5895
80.88	-6.5892
80.88	-6.5891
80.87	-6.5890
80.87	-6.5889
80.87	-6.5890
80.86	-6.5887
80.86	-6.5887
80.85	-6.5884
80.85	-6.5885
80.85	-6.5884
80.84	-6.5881
80.84	-6.5879
80.84	-6.5879
80.84	-6.5877
80.84	-6.5878
80.83	-6.5874
80.83	-6.5874
80.83	-6.5872
80.83	-6.5872
80.83	-6.5872
80.82	-6.5869
80.82	-6.5869
80.81	-6.5870
80.81	-6.5866
80.81	-6.5867
80.81	-6.5865
80.80	-6.5866
80.80	-6.5864
80.80	-6.5864
80.80	-6.5860
80.80	-6.5862
80.79	-6.5859
80.79	-6.5859
80.78	-6.5860
80.78	-6.5857
80.78	-6.5855
80.78	-6.5855
80.78	-6.5855
80.78	-6.5854
80.78	-6.5854
80.78	-6.5850
80.78	-6.5851
80.77	-6.5848
80.77	-6.5847
80.76	-6.5845
80.76	-6.5844
80.76	-6.5843
80.75	-6.5840
80.75	-6.5840
80.75	-6.5840
80.75	-6.5839
80.74	-6.5839
80.74	-6.5835
80.74	-6.5834
80.74	-6.5835
80.73	-6.5832
80.73	-6.5835
80.73	-6.5831
80.73	-6.5834
80.73	-6.5830
80.72	-6.5832
80.72	-6.5832
80.72	-6.5828
80.71	-6.5828
80.71	-6.5829
80.71	-6.5826
80.71	-6.5827
80.70	-6.5826
80.70	-6.5826
80.70	-6.5825
80.70	-6.5822
80.69	-6.5823
80.69	-6.5822
80.69	-6.5821
80.68	-6.5819
80.68	-6.5817
80.67	-6.5816
80.67	-6.5815
80.67	-6.5814
80.67	-6.5814
80.67	-6.5812
80.67	-6.5810
80.67	-6.5810
80.66	-6.5809
80.66	-6.5809
80.66	-6.5808
80.65	-6.5807
80.65	-6.5806
80.65	-6.5806
80.65	-6.5805
80.65	-6.5804
80.65	-6.5804
80.64	-6.5801
80.64	-6.5802
80.64	-6.5801
80.64	-6.5800
80.63	-6.5799
80.63	-6.5796
80.63	-6.5796
80.63	-6.5794
80.62	-6.5795
80.62	-6.5795
80.61	-6.5792
80.61	-6.5792
80.61	-6.5789
80.61	-6.5788
80.61	-6.5785
80.60	-6.5786
80.60	-6.5786
80.60	-6.5783
80.60	-6.5782
80.59	-6.5780
80.59	-6.5781
80.59	-6.5778
80.59	-6.5779
80.59	-6.5779
80.59	-6.5775
80.58	-6.5775
80.58	-6.5770
80.57	-6.5774
80.57	-6.5774
80.57	-6.5769
80.56	-6.5769
80.56	-6.5768
80.56	-6.5766
80.56	-6.5766
80.56	-6.5765
80.55	-6.5765
80.55	-6.5764
80.55	-6.5764
80.55	-6.5761
80.55	-6.5762
80.54	-6.5760
80.54	-6.5757
80.54	-6.5758
80.54	-6.5756
80.53	-6.5756
80.53	-6.5753
80.53	-6.5753
80.53	-6.5751
80.52	-6.5751
80.52	-6.5747
80.51	-6.5746
80.51	-6.5746
80.51	-6.5745
80.51	-6.5746
80.50	-6.5744
80.50	-6.5742
80.50	-6.5740
80.50	-6.5741
80.50	-6.5738
80.50	-6.5737
80.49	-6.5737
80.49	-6.5737
80.49	-6.5735
80.48	-6.5734
80.48	-6.5732
80.48	-6.5732
80.48	-6.5730
80.47	-6.5728
80.47	-6.5728
80.47	-6.5728
80.47	-6.5728
80.47	-6.5726
80.46	-6.5723
80.46	-6.5723
80.45	-6.5721
80.45	-6.5719
80.45	-6.5720
80.45	-6.5716
80.45	-6.5719
80.45	-6.5716
80.44	-6.5715
80.44	-6.5712
80.44	-6.5715
80.43	-6.5713
80.43	-6.5713
80.43	-6.5713
80.42	-6.5710
80.42	-6.5708
80.42	-6.5708
80.42	-6.5707
80.42	-6.5707
80.42	-6.5706
80.42	-6.5705
80.41	-6.5704
80.41	-6.5703
80.41	-6.5704
80.40	-6.5700
80.40	-6.5701
80.39	-6.5698
80.39	-6.5699
80.39	-6.5697
80.39	-6.5695
80.39	-6.5693
80.39	-6.5694
80.39	-6.5692
80.38	-6.5692
80.38	-6.5691
80.38	-6.5691
80.38	-6.5688
80.38	-6.5689
80.38	-6.5685
80.37	-6.5685
80.37	-6.5685
80.37	-6.5684
80.36	-6.5685
80.35	-6.5683
80.35	-6.5680
80.35	-6.5681
80.34	-6.5680
80.34	-6.5680
80.34	-6.5676
80.34	-6.5677
80.34	-6.5677
80.34	-6.5673
80.33	-6.5673
80.33	-6.5673
80.33	-6.5670
80.33	-6.5671
80.33	-6.5668
80.32	-6.5669
80.32	-6.5667
80.32	-6.5666
80.32	-6.5663
80.31	-6.5663
80.31	-6.5664
80.31	-6.5661
80.30	-6.5660
80.30	-6.5659
80.30	-6.5655
80.30	-6.5659
80.30	-6.5656
80.30	-6.5656
80.29	-6.5654
80.29	-6.5654
80.29	-6.5653
80.28	-6.5652
80.28	-6.5651
80.28	-6.5650
80.28	-6.5650
80.27	-6.5647
80.27	-6.5646
80.26	-6.5645
80.26	-6.5646
80.26	-6.5643
80.26	-6.5644
80.26	-6.5641
80.25	-6.5642
80.25	-6.5640
80.25	-6.5640
80.25	-6.5636
80.25	-6.5636
80.24	-6.5635
80.24	-6.5634
80.23	-6.5633
80.23	-6.5632
80.23	-6.5630
80.23	-6.5630
80.23	-6.5629
80.23	-6.5628
80.22	-6.5628
80.22	-6.5625
80.22	-6.5624
80.22	-6.5625
80.21	-6.5623
80.21	-6.5621
80.20	-6.5621
80.20	-6.5620
80.20	-6.5620
80.20	-6.5619
80.20	-6.5617
80.20	-6.5616
80.20	-6.5614
80.19	-6.5614
80.19	-6.5611
80.19	-6.5611
80.18	-6.5608
80.18	-6.5608
80.18	-6.5606
80.18	-6.5607
80.17	-6.5606
80.17	-6.5604
80.17	-6.5603
80.17	-6.5599
80.17	-6.5599
80.16	-6.5598
80.16	-6.5599
80.15	-6.5598
80.15	-6.5597
80.15	-6.5596
80.14	-6.5595
80.14	-6.5593
80.14	-6.5590
80.14	-6.5588
80.14	-6.5588
80.14	-6.5588
80.14	-6.5585
80.14	-6.5585
80.13	-6.5584
80.13	-6.5582
80.13	-6.5582
80.12	-6.5579
80.12	-6.5577
80.12	-6.5576
80.12	-6.5576
80.11	-6.5576
80.11	-6.5575
80.11	-6.5572
80.10	-6.5571
80.10	-6.5571
80.10	-6.5570
80.10	-6.5568
80.09	-6.5567
80.09	-6.5565
80.09	-6.5564
80.09	-6.5563
80.08	-6.5561
80.08	-6.5561
80.08	-6.5560
80.08	-6.5559
80.07	-6.5557
80.07	-6.5558
80.07	-6.5554
80.07	-6.5555
80.06	-6.5552
80.06	-6.5551
80.06	-6.5551
80.05	-6.5550
80.05	-6.5550
80.05	-6.5545
80.05	-6.5547
80.05	-6.5545
80.04	-6.5543
80.03	-6.5543
80.03	-6.5541
80.03	-6.5539
80.03	-6.5540
80.03	-6.5537
80.03	-6.5537
80.03	-6.5534
80.03	-6.5533
80.02	-6.5533
80.02	-6.5532
80.02	-6.5530
80.02	-6.5527
80.01	-6.5528
80.01	-6.5528
80.00	-6.5525
80.00	-6.5525
80.00	-6.5523
80.00	-6.5521
80.00	-6.5518
79.99	-6.5518
79.99	-6.5517
79.99	-6.5516
79.99	-6.5513
79.99	-6.5513
79.98	-6.5510
79.98	-6.5511
79.98	-6.5508
79.97	-6.5507
79.97	-6.5505
79.97	-6.5506
79.97	-6.5505
79.96	-6.5502
79.96	-6.5499
79.95	-6.5501
79.95	-6.5499
79.95	-6.5497
79.95	-6.5497
79.95	-6.5497
79.95	-6.5497
79.94	-6.5494
79.94	-6.5493
79.94	-6.5493
79.94	-6.5491
79.93	-6.5490
79.93	-6.5491
79.93	-6.5490
79.92	-6.5489
79.92	-6.5487
79.92	-6.5488
79.92	-6.5484
79.91	-6.5484
79.91	-6.5482
79.91	-6.5480
79.91	-6.5477
79.90	-6.5479
79.90	-6.5477
79.90	-6.5478
79.90	-6.5478
79.89	-6.5475
79.89	-6.5473
79.89	-6.5473
79.89	-6.5471
79.89	-6.5470
79.88	-6.5468
79.88	-6.5469
79.88	-6.5467
79.88	-6.5467
79.88	-6.5464
79.87	-6.5461
79.87	-6.5462
79.87	-6.5457
79.87	-6.5459
79.87	-6.5459
79.86	-6.5457
79.86	-6.5455
79.85	-6.5454
79.85	-6.5453
79.84	-6.5453
79.84	-6.5452
79.84	-6.5452
79.84	-6.5449
79.84	-6.5447
79.84	-6.5445
79.83	-6.5445
79.83	-6.5444
79.83	-6.5447
79.82	-6.5444
79.82	-6.5442
79.82	-6.5442
79.82	-6.5440
79.82	-6.5440
79.81	-6.5440
79.81	-6.5435
79.81	-6.5435
79.80	-6.5433
79.80	-6.5434
79.80	-6.5430
79.80	-6.5431
79.79	-6.5428
79.79	-6.5430
79.78	-6.5426
79.78	-6.5425
79.78	-6.5424
79.78	-6.5425
79.78	-6.5421
79.78	-6.5419
79.77	-6.5420
79.77	-6.5417
79.77	-6.5419
79.77	-6.5418
79.76	-6.5416
79.76	-6.5414
79.76	-6.5416
79.76	-6.5414
79.75	-6.5414
79.75	-6.5412
79.75	-6.5409
79.75	-6.5410
79.75	-6.5411
79.75	-6.5408
79.75	-6.5407
79.74	-6.5406
79.74	-6.5405
79.74	-6.5405
79.73	-6.5405
79.73	-6.5403
79.73	-6.5402
79.72	-6.5399
79.72	-6.5400
79.72	-6.5402
79.71	-6.5399
79.71	-6.5399
79.71	-6.5397
79.71	-6.5396
79.71	-6.5397
79.70	-6.5399
79.70	-6.5395
79.70	-6.5394
79.70	-6.5393
79.69	-6.5393
79.69	-6.5390
79.69	-6.5390
79.69	-6.5387
79.68	-6.5385
79.68	-6.5386
79.68	-6.5384
79.67	-6.5381
79.67	-6.5383
79.67	-6.5380
79.67	-6.5380
79.67	-6.5379
79.67	-6.5377
79.66	-6.5376
79.66	-6.5377
79.65	-6.5374
79.65	-6.5375
79.65	-6.5373
79.64	-6.5371
79.64	-6.5369
79.64	-6.5367
79.64	-6.5369
79.64	-6.5365
79.64	-6.5365
79.64	-6.5363
79.63	-6.5361
79.63	-6.5362
79.63	-6.5362
79.63	-6.5359
79.62	-6.5360
79.62	-6.5360
79.62	-6.5356
79.61	-6.5353
79.61	-6.5355
79.61	-6.5355
79.60	-6.5354
79.61	-6.5351
79.60	-6.5349
79.59	-6.5348
79.59	-6.5348
79.59	-6.5345
79.59	-6.5345
79.59	-6.5347
79.58	-6.5343
79.58	-6.5342
79.58	-6.5343
79.58	-6.5341
79.58	-6.5339
79.58	-6.5338
79.58	-6.5339
79.58	-6.5336
79.57	-6.5336
79.57	-6.5333
79.56	-6.5333
79.56	-6.5332
79.56	-6.5331
79.56	-6.5329
79.55	-6.5331
79.55	-6.5326
79.55	-6.5325
79.55	-6.5324
79.55	-6.5324
79.54	-6.5323
79.54	-6.5324
79.54	-6.5321
79.53	-6.5318
79.53	-6.5318
79.53	-6.5319
79.53	-6.5318
79.53	-6.5315
79.53	-6.5312
79.53	-6.5312
79.52	-6.5310
79.52	-6.5310
79.51	-6.5308
79.51	-6.5307
79.51	-6.5306
79.51	-6.5307
79.50	-6.5304
79.50	-6.5300
79.50	-6.5301
79.50	-6.5299
79.50	-6.5299
79.50	-6.5297
79.49	-6.5297
79.49	-6.5294
79.48	-6.5294
79.48	-6.5294
79.48	-6.5294
79.48	-6.5293
79.47	-6.5292
79.47	-6.5289
79.47	-6.5290
79.46	-6.5290
79.46	-6.5287
79.46	-6.5288
79.46	-6.5284
79.46	-6.5286
79.45	-6.5283
79.45	-6.5282
79.45	-6.5282
79.45	-6.5279
79.45	-6.5278
79.45	-6.5277
79.45	-6.5277
79.44	-6.5276
79.43	-6.5274
79.43	-6.5270
79.43	-6.5268
79.42	-6.5267
79.42	-6.5266
79.42	-6.5264
79.42	-6.5263
79.42	-6.5263
79.42	-6.5264
79.41	-6.5262
79.41	-6.5261
79.41	-6.5259
79.40	-6.5259
79.40	-6.5260
79.39	-6.5257
79.39	-6.5255
79.39	-6.5256
79.38	-6.5254
79.38	-6.5252
79.38	-6.5254
79.38	-6.5251
79.38	-6.5250
79.38	-6.5249
79.37	-6.5250
79.37	-6.5247
79.37	-6.5247
79.36	-6.5246
79.36	-6.5244
79.36	-6.5243
79.36	-6.5239
79.36	-6.5239
79.36	-6.5239
79.35	-6.5237
79.35	-6.5237
79.35	-6.5234
79.35	-6.5234
79.35	-6.5234
79.34	-6.5233
79.34	-6.5231
79.34	-6.5227
79.33	-6.5229
79.33	-6.5226
79.33	-6.5226
79.33	-6.5226
79.33	-6.5224
79.33	-6.5224
79.33	-6.5223
79.32	-6.5222
79.31	-6.5220
79.31	-6.5220
79.31	-6.5219
79.31	-6.5217
79.30	-6.5217
79.30	-6.5214
79.30	-6.5213
79.30	-6.5214
79.29	-6.5210
79.29	-6.5211
79.29	-6.5210
79.29	-6.5208
79.29	-6.5204
79.29	-6.5206
79.28	-6.5206
79.28	-6.5204
79.28	-6.5203
79.28	-6.5202
79.27	-6.5201
79.27	-6.5201
79.27	-6.5201
79.27	-6.5200
79.26	-6.5199
79.25	-6.5197
79.25	-6.5195
79.25	-6.5194
79.25	-6.5193
79.25	-6.5190
79.25	-6.5192
79.25	-6.5191
79.24	-6.5189
79.24	-6.5187
79.23	-6.5188
79.23	-6.5188
79.23	-6.5185
79.23	-6.5185
79.23	-6.5184
79.22	-6.5182
79.22	-6.5183
79.22	-6.5179
79.22	-6.5180
79.21	-6.5180
79.21	-6.5177
79.21	-6.5176
79.20	-6.5176
79.20	-6.5175
79.20	-6.5174
79.20	-6.5174
79.20	-6.5172
79.19	-6.5172
79.19	-6.5172
79.19	-6.5169
79.19	-6.5167
79.18	-6.5169
79.18	-6.5166
79.18	-6.5164
79.18	-6.5166
79.17	-6.5166
79.17	-6.5161
79.17	-6.5163
79.16	-6.5161
79.16	-6.5161
79.16	-6.5161
79.16	-6.5160
79.16	-6.5159
79.15	-6.5156
79.15	-6.5155
79.15	-6.5154
79.14	-6.5154
79.14	-6.5151
79.14	-6.5150
79.13	-6.5149
79.13	-6.5147
79.13	-6.5146
79.13	-6.5146
79.13	-6.5145
79.13	-6.5146
79.13	-6.5144
79.12	-6.5144
79.12	-6.5143
79.11	-6.5138
79.11	-6.5141
79.11	-6.5139
79.11	-6.5138
79.10	-6.5136
79.10	-6.5134
79.10	-6.5134
79.09	-6.5132
79.09	-6.5131
79.09	-6.5127
79.09	-6.5129
79.09	-6.5129
79.08	-6.5127
79.09	-6.5126
79.09	-6.5124
79.08	-6.5123
79.08	-6.5122
79.08	-6.5122
79.08	-6.5120
79.07	-6.5118
79.06	-6.5116
79.06	-6.5116
79.06	-6.5115
79.05	-6.5115
79.05	-6.5113
79.05	-6.5114
79.05	-6.5110
79.05	-6.5110
79.04	-6.5109
79.04	-6.5107
79.04	-6.5108
79.04	-6.5105
79.04	-6.5106
79.03	-6.5104
79.03	-6.5105
79.03	-6.5102
79.03	-6.5102
79.03	-6.5102
79.02	-6.5100
79.02	-6.5098
79.02	-6.5098
79.01	-6.5096
79.01	-6.5095
79.01	-6.5094
79.00	-6.5095
79.00	-6.5095
79.00	-6.5092
78.99	-6.5091
78.99	-6.5089
78.99	-6.5089
78.99	-6.5086
78.98	-6.5088
78.98	-6.5086
78.98	-6.5085
78.98	-6.5083
78.98	-6.5084
78.98	-6.5084
78.97	-6.5080
78.97	-6.5079
78.97	-6.5077
78.97	-6.5076
78.97	-6.5077
78.97	-6.5074
78.96	-6.5075
78.96	-6.5072
78.95	-6.5072
78.95	-6.5072
78.95	-6.5070
78.95	-6.5068
78.95	-6.5067
78.95	-6.5067
78.94	-6.5067
78.93	-6.5066
78.93	-6.5065
78.93	-6.5065
78.92	-6.5062
78.92	-6.5064
78.92	-6.5060
78.92	-6.5062
78.92	-6.5060
78.91	-6.5059
78.91	-6.5058
78.91	-6.5058
78.91	-6.5057
78.91	-6.5055
78.90	-6.5054
78.90	-6.5052
78.89	-6.5051
78.89	-6.5052
78.89	-6.5051
78.89	-6.5049
78.89	-6.5048
78.89	-6.5047
78.89	-6.5045
78.88	-6.5045
78.88	-6.5044
78.88	-6.5042
78.88	-6.5039
78.87	-6.5041
78.87	-6.5037
78.86	-6.5038
78.86	-6.5035
78.86	-6.5035
78.85	-6.5030
78.85	-6.5032
78.85	-6.5029
78.85	-6.5030
78.85	-6.5027
78.84	-6.5029
78.84	-6.5025
78.84	-6.5024
78.84	-6.5023
78.84	-6.5022
78.83	-6.5020
78.83	-6.5021
78.83	-6.5021
78.83	-6.5018
78.82	-6.5018
78.82	-6.5019
78.81	-6.5017
78.81	-6.5015
78.81	-6.5014
78.81	-6.5013
78.81	-6.5012
78.81	-6.5013
78.80	-6.5010
78.80	-6.5008
78.80	-6.5006
78.80	-6.5007
78.79	-6.5006
78.79	-6.5006
78.79	-6.5003
78.79	-6.5005
78.78	-6.5004
78.78	-6.5001
78.78	-6.4999
78.78	-6.5000
78.77	-6.4998
78.77	-6.4997
78.77	-6.4995
78.77	-6.4996
78.76	-6.4994
78.76	-6.4993
78.76	-6.4993
78.75	-6.4992
78.75	-6.4990
78.75	-6.4988
78.75	-6.4985
78.75	-6.4986
78.74	-6.4985
78.74	-6.4983
78.74	-6.4984
78.74	-6.4983
78.73	-6.4981
78.73	-6.4981
78.73	-6.4980
78.73	-6.4977
78.72	-6.4977
78.72	-6.4977
78.72	-6.4976
78.71	-6.4975
78.71	-6.4974
78.71	-6.4972
78.71	-6.4971
78.71	-6.4970
78.70	-6.4974
78.70	-6.4970
78.70	-6.4968
78.70	-6.4969
78.70	-6.4969
78.69	-6.4967
78.69	-6.4967
78.69	-6.4966
78.68	-6.4965
78.68	-6.4964
78.68	-6.4963
78.67	-6.4964
78.67	-6.4962
78.67	-6.4962
78.67	-6.4960
78.67	-6.4959
78.66	-6.4960
78.66	-6.4957
78.66	-6.4958
78.65	-6.4956
78.65	-6.4956
78.65	-6.4954
78.65	-6.4955
78.64	-6.4951
78.64	-6.4950
78.64	-6.4950
78.64	-6.4951
78.64	-6.4951
78.64	-6.4947
78.63	-6.4950
78.63	-6.4946
78.63	-6.4945
78.63	-6.4946
78.63	-6.4943
78.62	-6.4940
78.62	-6.4942
78.62	-6.4940
78.61	-6.4938
78.61	-6.4935
78.61	-6.4936
78.61	-6.4935
78.60	-6.4933
78.60	-6.4933
78.60	-6.4933
78.60	-6.4931
78.59	-6.4928
78.59	-6.4928
78.59	-6.4927
78.59	-6.4925
78.59	-6.4925
78.58	-6.4924
78.58	-6.4921
78.58	-6.4920
78.58	-6.4918
78.57	-6.4917
78.56	-6.4916
78.57	-6.4915
78.56	-6.4910
78.56	-6.4909
78.56	-6.4910
78.55	-6.4911
78.55	-6.4905
78.55	-6.4908
78.55	-6.4905
78.55	-6.4902
78.55	-6.4900
78.54	-6.4901
78.54	-6.4902
78.53	-6.4898
78.53	-6.4897
78.53	-6.4898
78.53	-6.4895
78.52	-6.4894
78.52	-6.4894
78.51	-6.4892
78.51	-6.4891
78.51	-6.4888
78.51	-6.4888
78.51	-6.4889
78.51	-6.4886
78.51	-6.4883
78.50	-6.4882
78.50	-6.4880
78.50	-6.4878
78.50	-6.4878
78.50	-6.4877
78.50	-6.4875
78.49	-6.4874
78.49	-6.4872
78.49	-6.4871
78.48	-6.4867
78.48	-6.4867
78.48	-6.4865
78.48	-6.4864
78.47	-6.4865
78.47	-6.4864
78.46	-6.4861
78.46	-6.4860
78.46	-6.4859
78.46	-6.4857
78.46	-6.4856
78.46	-6.4853
78.45	-6.4854
78.45	-6.4852
78.45	-6.4851
78.45	-6.4850
78.44	-6.4847
78.44	-6.4849
78.44	-6.4842
78.44	-6.4844
78.44	-6.4843
78.43	-6.4842
78.43	-6.4840
78.43	-6.4837
78.42	-6.4835
78.42	-6.4833
78.42	-6.4835
78.42	-6.4834
78.42	-6.4829
78.41	-6.4832
78.40	-6.4829
78.40	-6.4829
78.40	-6.4828
78.40	-6.4824
78.39	-6.4826
78.39	-6.4823
78.39	-6.4821
78.39	-6.4819
78.38	-6.4819
78.38	-6.4818
78.38	-6.4816
78.38	-6.4814
78.38	-6.4810
78.38	-6.4810
78.37	-6.4811
78.37	-6.4807
78.37	-6.4807
78.37	-6.4804
78.36	-6.4804
78.36	-6.4799
78.36	-6.4801
78.35	-6.4799
78.35	-6.4799
78.35	-6.4795
78.35	-6.4796
78.34	-6.4792
78.34	-6.4792
78.34	-6.4790
78.34	-6.4789
78.33	-6.4790
78.33	-6.4789
78.33	-6.4786
78.33	-6.4785
78.33	-6.4782
78.33	-6.4782
78.33	-6.4782
78.32	-6.4778
78.32	-6.4778
78.31	-6.4778
78.31	-6.4777
78.31	-6.4776
78.31	-6.4773
78.30	-6.4771
78.30	-6.4771
78.30	-6.4771
78.30	-6.4768
78.30	-6.4768
78.29	-6.4766
78.29	-6.4767
78.29	-6.4765
78.29	-6.4763
78.28	-6.4761
78.28	-6.4761
78.28	-6.4760
78.28	-6.4760
78.27	-6.4758
78.27	-6.4756
78.27	-6.4756
78.26	-6.4753
78.26	-6.4753
78.26	-6.4752
78.25	-6.4750
78.25	-6.4748
78.25	-6.4747
78.25	-6.4748
78.25	-6.4748
78.25	-6.4745
78.25	-6.4743
78.24	-6.4742
78.24	-6.4742
78.23	-6.4738
78.23	-6.4739
78.23	-6.4738
78.23	-6.4739
78.23	-6.4738
78.23	-6.4736
78.22	-6.4735
78.22	-6.4733
78.22	-6.4733
78.21	-6.4732
78.21	-6.4731
78.21	-6.4731
78.21	-6.4730
78.21	-6.4729
78.20	-6.4729
78.20	-6.4728
78.20	-6.4726
78.20	-6.4725
78.19	-6.4723
78.19	-6.4724
78.19	-6.4722
78.19	-6.4721
78.18	-6.4718
78.18	-6.4718
78.17	-6.4716
78.17	-6.4716
78.17	-6.4716
78.17	-6.4713
78.17	-6.4713
78.16	-6.4713
78.16	-6.4710
78.15	-6.4709
78.15	-6.4707
78.15	-6.4709
78.15	-6.4707
78.14	-6.4709
78.14	-6.4703
78.14	-6.4704
78.14	-6.4702
78.14	-6.4702
78.14	-6.4701
78.13	-6.4700
78.13	-6.4699
78.13	-6.4698
78.13	-6.4698
78.13	-6.4695
78.13	-6.4693
78.12	-6.4694
78.12	-6.4691
78.12	-6.4690
78.11	-6.4688
78.11	-6.4688
78.10	-6.4686
78.10	-6.4685
78.09	-6.4684
78.09	-6.4685
78.09	-6.4683
78.09	-6.4682
78.09	-6.4683
78.08	-6.4679
78.08	-6.4681
78.08	-6.4678
78.08	-6.4679
78.08	-6.4678
78.08	-6.4679
78.07	-6.4678
78.07	-6.4677
78.07	-6.4677
78.07	-6.4676
78.06	-6.4673
78.06	-6.4674
78.05	-6.4674
78.05	-6.4671
78.05	-6.4673
78.05	-6.4672
78.05	-6.4670
78.05	-6.4670
78.04	-6.4670
78.04	-6.4670
78.04	-6.4665
78.03	-6.4666
78.03	-6.4665
78.03	-6.4662
78.02	-6.4663
78.02	-6.4661
78.02	-6.4663
78.02	-6.4660
78.02	-6.4661
78.02	-6.4659
78.01	-6.4657
78.01	-6.4657
78.01	-6.4655
78.01	-6.4653
78.00	-6.4653
78.00	-6.4652
78.00	-6.4650
78.00	-6.4650
77.99	-6.4650
77.99	-6.4650
77.99	-6.4647
77.98	-6.4647
77.98	-6.4647
77.98	-6.4645
77.98	-6.4643
77.98	-6.4644
77.97	-6.4641
77.97	-6.4642
77.97	-6.4640
77.97	-6.4639
77.97	-6.4638
77.96	-6.4637
77.96	-6.4636
77.95	-6.4635
77.95	-6.4634
77.95	-6.4636
77.95	-6.4633
77.95	-6.4632
77.94	-6.4632
77.94	-6.4630
77.94	-6.4630
77.93	-6.4629
77.93	-6.4629
77.92	-6.4629
77.92	-6.4627
77.92	-6.4626
77.92	-6.4623
77.91	-6.4624
77.91	-6.4622
77.91	-6.4621
77.91	-6.4620
77.91	-6.4619
77.90	-6.4618
77.90	-6.4618
77.90	-6.4619
77.89	-6.4616
77.89	-6.4615
77.89	-6.4614
77.89	-6.4612
77.89	-6.4614
77.89	-6.4613
77.89	-6.4611
77.89	-6.4611
77.88	-6.4610
77.88	-6.4609
77.88	-6.4608
77.88	-6.4602
77.88	-6.4603
77.87	-6.4604
77.87	-6.4601
77.86	-6.4601
77.86	-6.4599
77.86	-6.4598
77.85	-6.4600
77.85	-6.4597
77.84	-6.4596
77.84	-6.4596
77.84	-6.4595
77.84	-6.4595
77.84	-6.4593
77.84	-6.4591
77.83	-6.4592
77.83	-6.4589
77.83	-6.4591
77.83	-6.4587
77.83	-6.4586
77.83	-6.4585
77.83	-6.4586
77.82	-6.4584
77.81	-6.4585
77.81	-6.4584
77.81	-6.4583
77.81	-6.4581
77.81	-6.4581
77.81	-6.4582
77.80	-6.4580
77.80	-6.4578
77.80	-6.4577
77.80	-6.4578
77.79	-6.4578
77.79	-6.4575
77.79	-6.4572
77.78	-6.4572
77.78	-6.4571
77.78	-6.4570
77.78	-6.4569
77.77	-6.4570
77.77	-6.4569
77.77	-6.4567
77.77	-6.4566
77.77	-6.4566
77.77	-6.4565
77.77	-6.4565
77.76	-6.4563
77.76	-6.4562
77.76	-6.4560
77.75	-6.4562
77.75	-6.4560
77.75	-6.4559
77.75	-6.4558
77.75	-6.4558
77.74	-6.4557
77.74	-6.4558
77.74	-6.4556
77.73	-6.4555
77.73	-6.4556
77.73	-6.4554
77.73	-6.4553
77.73	-6.4552
77.72	-6.4552
77.72	-6.4553
77.72	-6.4549
77.71	-6.4548
77.71	-6.4546
77.71	-6.4547
77.71	-6.4544
77.70	-6.4545
77.70	-6.4547
77.70	-6.4544
77.70	-6.4541
77.70	-6.4541
77.69	-6.4539
77.69	-6.4538
77.68	-6.4537
77.68	-6.4539
77.67	-6.4536
77.67	-6.4538
77.67	-6.4536
77.67	-6.4534
77.67	-6.4535
77.66	-6.4531
77.66	-6.4532
77.66	-6.4531
77.65	-6.4531
77.65	-6.4530
77.65	-6.4527
77.65	-6.4526
77.64	-6.4526
77.64	-6.4526
77.64	-6.4523
77.64	-6.4524
77.64	-6.4522
77.64	-6.4521
77.63	-6.4521
77.63	-6.4520
77.63	-6.4517
77.63	-6.4517
77.63	-6.4516
77.63	-6.4515
77.62	-6.4513
77.62	-6.4512
77.62	-6.4512
77.61	-6.4511
77.61	-6.4511
77.61	-6.4506
77.60	-6.4507
77.60	-6.4508
77.60	-6.4505
77.59	-6.4503
77.59	-6.4505
77.59	-6.4501
77.59	-6.4503
77.59	-6.4502
77.58	-6.4499
77.58	-6.4499
77.58	-6.4497
77.58	-6.4498
77.58	-6.4496
77.58	-6.4496
77.57	-6.4495
77.57	-6.4495
77.57	-6.4493
77.56	-6.4492
77.56	-6.4490
77.56	-6.4492
77.56	-6.4491
77.55	-6.4486
77.55	-6.4487
77.55	-6.4486
77.55	-6.4484
77.54	-6.4484
77.54	-6.4483
77.54	-6.4480
77.53	-6.4481
77.53	-6.4480
77.53	-6.4480
77.53	-6.4479
77.53	-6.4478
77.53	-6.4476
77.52	-6.4475
77.52	-6.4473
77.51	-6.4472
77.51	-6.4473
77.51	-6.4470
77.51	-6.4470
77.51	-6.4469
77.50	-6.4467
77.50	-6.4467
77.50	-6.4465
77.50	-6.4466
77.50	-6.4463
77.49	-6.4463
77.49	-6.4461
77.48	-6.4461
77.48	-6.4458
77.48	-6.4456
77.48	-6.4456
77.47	-6.4454
77.47	-6.4455
77.47	-6.4453
77.47	-6.4453
77.47	-6.4453
77.47	-6.4450
77.46	-6.4448
77.45	-6.4448
77.45	-6.4448
77.45	-6.4447
77.45	-6.4444
77.45	-6.4444
77.45	-6.4441
77.45	-6.4441
77.44	-6.4438
77.44	-6.4439
77.43	-6.4438
77.43	-6.4438
77.43	-6.4436
77.42	-6.4436
77.42	-6.4434
77.42	-6.4432
77.42	-6.4432
77.42	-6.4431
77.41	-6.4428
77.41	-6.4427
77.41	-6.4429
77.40	-6.4425
77.41	-6.4424
77.40	-6.4424
77.40	-6.4423
77.40	-6.4422
77.39	-6.4422
77.39	-6.4421
77.39	-6.4420
77.39	-6.4419
77.38	-6.4417
77.38	-6.4416
77.38	-6.4415
77.38	-6.4414
77.38	-6.4412
77.37	-6.4411
77.37	-6.4410
77.37	-6.4409
77.36	-6.4406
77.36	-6.4404
77.36	-6.4405
77.36	-6.4405
77.36	-6.4403
77.35	-6.4402
77.35	-6.4401
77.34	-6.4402
77.34	-6.4399
77.34	-6.4399
77.34	-6.4395
77.33	-6.4395
77.33	-6.4393
77.33	-6.4391
77.33	-6.4391
77.33	-6.4390
77.33	-6.4390
77.32	-6.4388
77.32	-6.4387
77.32	-6.4385
77.32	-6.4384
77.32	-6.4384
77.31	-6.4383
77.31	-6.4383
77.30	-6.4381
77.30	-6.4380
77.30	-6.4378
77.30	-6.4377
77.30	-6.4376
77.29	-6.4376
77.29	-6.4376
77.29	-6.4375
77.28	-6.4374
77.28	-6.4372
77.28	-6.4371
77.28	-6.4372
77.28	-6.4372
77.28	-6.4369
77.28	-6.4368
77.28	-6.4366
77.27	-6.4365
77.27	-6.4363
77.27	-6.4363
77.27	-6.4362
77.26	-6.4361
77.25	-6.4360
77.25	-6.4360
77.25	-6.4360
77.24	-6.4357
77.24	-6.4357
77.24	-6.4358
77.23	-6.4356
77.23	-6.4353
77.23	-6.4354
77.23	-6.4352
77.23	-6.4352
77.23	-6.4351
77.22	-6.4350
77.22	-6.4349
77.22	-6.4348
77.21	-6.4348
77.21	-6.4344
77.21	-6.4344
77.21	-6.4344
77.21	-6.4342
77.20	-6.4342
77.20	-6.4341
77.20	-6.4341
77.20	-6.4339
77.19	-6.4337
77.19	-6.4336
77.18	-6.4333
77.18	-6.4333
77.18	-6.4334
77.18	-6.4331
77.17	-6.4333
77.17	-6.4332
77.17	-6.4329
77.17	-6.4330
77.16	-6.4327
77.16	-6.4328
77.16	-6.4326
77.16	-6.4324
77.16	-6.4323
77.15	-6.4320
77.15	-6.4321
77.15	-6.4322
77.15	-6.4321
77.14	-6.4319
77.14	-6.4319
77.14	-6.4317
77.14	-6.4317
77.13	-6.4314
77.13	-6.4316
77.13	-6.4315
77.13	-6.4313
77.12	-6.4312
77.12	-6.4313
77.12	-6.4310
77.11	-6.4309
77.11	-6.4307
77.11	-6.4305
77.11	-6.4306
77.10	-6.4302
77.10	-6.4303
77.10	-6.4302
77.10	-6.4302
77.10	-6.4300
77.09	-6.4298
77.09	-6.4296
77.09	-6.4297
77.09	-6.4296
77.09	-6.4295
77.08	-6.4291
77.08	-6.4292
77.08	-6.4290
77.08	-6.4291
77.08	-6.4290
77.08	-6.4289
77.07	-6.4289
77.07	-6.4287
77.07	-6.4287
77.06	-6.4284
77.06	-6.4284
77.06	-6.4285
77.05	-6.4283
77.05	-6.4281
77.05	-6.4282
77.05	-6.4280
77.05	-6.4280
77.04	-6.4277
77.04	-6.4276
77.04	-6.4276
77.03	-6.4276
77.03	-6.4273
77.03	-6.4273
77.03	-6.4269
77.03	-6.4270
77.02	-6.4269
77.02	-6.4268
77.02	-6.4267
77.01	-6.4267
77.01	-6.4266
77.01	-6.4264
77.00	-6.4265
77.00	-6.4263
77.00	-6.4260
77.00	-6.4261
76.99	-6.4259
76.99	-6.4258
76.99	-6.4258
76.98	-6.4259
76.98	-6.4257
76.98	-6.4257
76.98	-6.4255
76.98	-6.4253
76.98	-6.4253
76.98	-6.4250
76.97	-6.4250
76.97	-6.4250
76.97	-6.4247
76.96	-6.4246
76.96	-6.4243
76.96	-6.4246
76.96	-6.4244
76.95	-6.4242
76.95	-6.4242
76.95	-6.4241
76.95	-6.4239
76.94	-6.4237
76.94	-6.4237
76.94	-6.4238
76.94	-6.4235
76.94	-6.4235
76.94	-6.4232
76.93	-6.4233
76.93	-6.4229
76.93	-6.4231
76.92	-6.4229
76.92	-6.4228
76.92	-6.4226
76.91	-6.4226
76.91	-6.4225
76.91	-6.4223
76.91	-6.4225
76.91	-6.4222
76.90	-6.4219
76.90	-6.4219
76.89	-6.4218
76.89	-6.4218
76.89	-6.4214
76.89	-6.4217
76.88	-6.4214
76.88	-6.4213
76.88	-6.4212
76.88	-6.4209
76.88	-6.4209
76.87	-6.4210
76.87	-6.4207
76.87	-6.4208
76.87	-6.4206
76.87	-6.4205
76.86	-6.4203
76.86	-6.4204
76.86	-6.4203
76.85	-6.4202
76.85	-6.4200
76.85	-6.4201
76.85	-6.4200
76.84	-6.4198
76.84	-6.4197
76.84	-6.4195
76.84	-6.4196
76.83	-6.4194
76.83	-6.4192
76.83	-6.4191
76.83	-6.4188
76.83	-6.4189
76.83	-6.4189
76.83	-6.4185
76.82	-6.4185
76.82	-6.4183
76.82	-6.4182
76.81	-6.4182
76.81	-6.4180
76.81	-6.4180
76.80	-6.4177
76.80	-6.4177
76.80	-6.4178
76.80	-6.4176
76.80	-6.4174
76.79	-6.4172
76.79	-6.4171
76.79	-6.4172
76.78	-6.4170
76.78	-6.4167
76.78	-6.4166
76.78	-6.4166
76.77	-6.4165
76.77	-6.4165
76.77	-6.4163
76.77	-6.4162
76.77	-6.4160
76.77	-6.4162
76.76	-6.4160
76.76	-6.4157
76.76	-6.4158
76.75	-6.4154
76.75	-6.4155
76.75	-6.4156
76.74	-6.4154
76.74	-6.4152
76.74	-6.4152
76.74	-6.4148
76.73	-6.4148
76.73	-6.4147
76.73	-6.4147
76.73	-6.4146
76.73	-6.4147
76.73	-6.4144
76.72	-6.4142
76.72	-6.4142
76.71	-6.4140
76.71	-6.4141
76.71	-6.4138
76.70	-6.4136
76.70	-6.4136
76.70	-6.4134
76.70	-6.4134
76.70	-6.4132
76.69	-6.4132
76.69	-6.4132
76.69	-6.4130
76.69	-6.4129
76.69	-6.4127
76.68	-6.4125
76.68	-6.4125
76.68	-6.4123
76.67	-6.4122
76.67	-6.4120
76.67	-6.4120
76.67	-6.4119
76.67	-6.4118
76.66	-6.4117
76.66	-6.4116
76.65	-6.4115
76.64	-6.4116
76.64	-6.4114
76.64	-6.4113
76.64	-6.4111
76.64	-6.4111
76.64	-6.4111
76.64	-6.4109
76.64	-6.4109
76.63	-6.4108
76.63	-6.4107
76.63	-6.4106
76.63	-6.4106
76.63	-6.4104
76.63	-6.4104
76.62	-6.4102
76.62	-6.4101
76.62	-6.4100
76.61	-6.4099
76.61	-6.4100
76.61	-6.4098
76.61	-6.4096
76.60	-6.4095
76.60	-6.4094
76.60	-6.4094
76.59	-6.4092
76.59	-6.4092
76.59	-6.4091
76.59	-6.4090
76.58	-6.4086
76.58	-6.4086
76.58	-6.4086
76.58	-6.4083
76.58	-6.4083
76.58	-6.4082
76.57	-6.4079
76.57	-6.4078
76.57	-6.4078
76.57	-6.4076
76.56	-6.4075
76.56	-6.4074
76.55	-6.4074
76.55	-6.4074
76.55	-6.4071
76.55	-6.4070
76.55	-6.4068
76.55	-6.4068
76.55	-6.4067
76.54	-6.4067
76.54	-6.4061
76.54	-6.4063
76.54	-6.4061
76.53	-6.4060
76.53	-6.4062
76.53	-6.4058
76.52	-6.4057
76.52	-6.4059
76.52	-6.4056
76.52	-6.4054
76.51	-6.4055
76.51	-6.4056
76.50	-6.4055
76.50	-6.4052
76.50	-6.4051
76.50	-6.4050
76.50	-6.4052
76.50	-6.4049
76.49	-6.4048
76.49	-6.4048
76.49	-6.4046
76.48	-6.4043
76.48	-6.4045
76.48	-6.4042
76.47	-6.4042
76.47	-6.4040
76.47	-6.4039
76.47	-6.4039
76.46	-6.4037
76.46	-6.4035
76.45	-6.4035
76.45	-6.4033
76.45	-6.4033
76.45	-6.4032
76.45	-6.4032
76.45	-6.4029
76.45	-6.4029
76.45	-6.4028
76.44	-6.4027
76.44	-6.4025
76.43	-6.4022
76.43	-6.4021
76.43	-6.4022
76.42	-6.4019
76.42	-6.4018
76.42	-6.4017
76.42	-6.4017
76.42	-6.4017
76.42	-6.4015
76.41	-6.4014
76.41	-6.4013
76.40	-6.4010
76.41	-6.4011
76.40	-6.4011
76.40	-6.4010
76.39	-6.4008
76.39	-6.4006
76.39	-6.4007
76.39	-6.4004
76.38	-6.4004
76.38	-6.4004
76.38	-6.4001
76.38	-6.4000
76.38	-6.3997
76.38	-6.3998
76.38	-6.3999
76.37	-6.3997
76.37	-6.3994
76.37	-6.3994
76.36	-6.3994
76.36	-6.3992
76.35	-6.3991
76.35	-6.3993
76.35	-6.3991
76.34	-6.3989
76.34	-6.3986
76.34	-6.3988
76.34	-6.3985
76.34	-6.3984
76.34	-6.3985
76.33	-6.3985
76.33	-6.3983
76.33	-6.3983
76.33	-6.3981
76.33	-6.3981
76.33	-6.3978
76.33	-6.3978
76.32	-6.3979
76.32	-6.3976
76.31	-6.3975
76.31	-6.3975
76.31	-6.3973
76.31	-6.3972
76.30	-6.3970
76.30	-6.3969
76.30	-6.3970
76.30	-6.3968
76.29	-6.3966
76.29	-6.3966
76.28	-6.3964
76.28	-6.3964
76.28	-6.3963
76.28	-6.3962
76.28	-6.3963
76.28	-6.3959
76.28	-6.3961
76.27	-6.3958
76.26	-6.3956
76.26	-6.3956
76.26	-6.3953
76.26	-6.3955
76.26	-6.3954
76.25	-6.3952
76.25	-6.3950
76.25	-6.3950
76.25	-6.3950
76.25	-6.3948
76.25	-6.3948
76.24	-6.3946
76.24	-6.3946
76.24	-6.3944
76.24	-6.3943
76.23	-6.3943
76.23	-6.3942
76.23	-6.3939
76.23	-6.3940
76.22	-6.3938
76.22	-6.3938
76.21	-6.3937
76.21	-6.3938
76.21	-6.3936
76.20	-6.3933
76.20	-6.3931
76.20	-6.3932
76.20	-6.3930
76.20	-6.3932
76.20	-6.3929
76.20	-6.3928
76.19	-6.3924
76.19	-6.3925
76.18	-6.3926
76.18	-6.3924
76.17	-6.3923
76.17	-6.3923
76.17	-6.3920
76.17	-6.3921
76.17	-6.3918
76.17	-6.3917
76.16	-6.3917
76.16	-6.3914
76.16	-6.3913
76.16	-6.3911
76.15	-6.3913
76.15	-6.3911
76.15	-6.3911
76.14	-6.3908
76.14	-6.3908
76.14	-6.3905
76.14	-6.3906
76.14	-6.3905
76.13	-6.3903
76.13	-6.3903
76.13	-6.3903
76.13	-6.3900
76.12	-6.3902
76.12	-6.3901
76.12	-6.3899
76.12	-6.3900
76.12	-6.3897
76.11	-6.3897
76.11	-6.3896
76.11	-6.3895
76.10	-6.3895
76.10	-6.3892
76.09	-6.3892
76.09	-6.3891
76.09	-6.3890
76.09	-6.3889
76.09	-6.3888
76.09	-6.3887
76.09	-6.3887
76.08	-6.3883
76.08	-6.3884
76.08	-6.3882
76.08	-6.3880
76.08	-6.3878
76.07	-6.3879
76.07	-6.3879
76.07	-6.3876
76.07	-6.3879
76.06	-6.3875
76.06	-6.3875
76.05	-6.3871
76.05	-6.3870
76.05	-6.3872
76.05	-6.3871
76.05	-6.3867
76.05	-6.3868
76.05	-6.3868
76.04	-6.3865
76.04	-6.3865
76.03	-6.3863
76.03	-6.3863
76.03	-6.3862
76.03	-6.3861
76.03	-6.3862
76.02	-6.3858
76.02	-6.3859
76.02	-6.3858
76.02	-6.3855
76.01	-6.3853
76.01	-6.3854
76.00	-6.3852
76.00	-6.3852
76.00	-6.3852
76.00	-6.3851
76.00	-6.3849
76.00	-6.3848
75.99	-6.3848
75.99	-6.3848
75.99	-6.3848
75.98	-6.3845
75.98	-6.3843
75.98	-6.3844
75.98	-6.3842
75.98	-6.3839
75.97	-6.3841
75.97	-6.3839
75.97	-6.3838
75.97	-6.3837
75.96	-6.3836
75.96	-6.3835
75.96	-6.3833
75.96	-6.3832
75.96	-6.3830
75.95	-6.3830
75.95	-6.3829
75.95	-6.3829
75.95	-6.3826
75.94	-6.3824
75.94	-6.3822
75.93	-6.3823
75.93	-6.3821
75.93	-6.3823
75.92	-6.3821
75.92	-6.3819
75.92	-6.3817
75.92	-6.3818
75.92	-6.3816
75.91	-6.3815
75.91	-6.3813
75.91	-6.3814
75.91	-6.3812
75.91	-6.3813
75.90	-6.3811
75.90	-6.3810
75.90	-6.3808
75.90	-6.3808
75.89	-6.3808
75.89	-6.3805
75.89	-6.3805
75.88	-6.3804
75.88	-6.3801
75.88	-6.3802
75.88	-6.3801
75.88	-6.3797
75.88	-6.3798
75.88	-6.3796
75.87	-6.3793
75.87	-6.3793
75.86	-6.3791
75.86	-6.3789
75.85	-6.3790
75.85	-6.3787
75.85	-6.3785
75.84	-6.3784
75.84	-6.3781
75.84	-6.3782
75.84	-6.3780
75.84	-6.3781
75.84	-6.3778
75.83	-6.3777
75.83	-6.3777
75.83	-6.3776
75.83	-6.3775
75.83	-6.3773
75.83	-6.3773
75.82	-6.3773
75.82	-6.3770
75.82	-6.3770
75.81	-6.3768
75.81	-6.3770
75.81	-6.3768
75.80	-6.3765
75.80	-6.3766
75.80	-6.3762
75.80	-6.3763
75.80	-6.3760
75.80	-6.3758
75.79	-6.3757
75.79	-6.3758
75.78	-6.3756
75.78	-6.3755
75.78	-6.3755
75.78	-6.3754
75.78	-6.3753
75.77	-6.3750
75.77	-6.3750
75.77	-6.3748
75.77	-6.3749
75.76	-6.3747
75.76	-6.3745
75.75	-6.3744
75.75	-6.3744
75.75	-6.3744
75.75	-6.3742
75.75	-6.3741
75.74	-6.3740
75.74	-6.3739
75.74	-6.3735
75.74	-6.3736
75.74	-6.3734
75.73	-6.3734
75.73	-6.3733
75.73	-6.3730
75.73	-6.3729
75.73	-6.3729
75.73	-6.3729
75.72	-6.3728
75.72	-6.3725
75.72	-6.3726
75.71	-6.3724
75.71	-6.3723
75.71	-6.3721
75.71	-6.3720
75.70	-6.3720
75.70	-6.3719
75.70	-6.3718
75.69	-6.3719
75.69	-6.3719
75.69	-6.3717
75.69	-6.3713
75.69	-6.3713
75.68	-6.3711
75.68	-6.3714
75.68	-6.3714
75.68	-6.3710
75.68	-6.3709
75.67	-6.3708
75.67	-6.3709
75.67	-6.3707
75.66	-6.3705
75.66	-6.3704
75.66	-6.3704
75.65	-6.3700
75.65	-6.3702
75.65	-6.3702
75.64	-6.3701
75.64	-6.3698
75.64	-6.3698
75.64	-6.3698
75.64	-6.3698
75.64	-6.3696
75.63	-6.3697
75.63	-6.3695
75.63	-6.3694
75.63	-6.3694
75.63	-6.3693
75.62	-6.3693
75.62	-6.3690
75.62	-6.3691
75.61	-6.3689
75.61	-6.3687
75.60	-6.3687
75.60	-6.3686
75.60	-6.3685
75.60	-6.3684
75.59	-6.3684
75.59	-6.3684
75.59	-6.3683
75.59	-6.3681
75.59	-6.3681
75.59	-6.3679
75.58	-6.3678
75.58	-6.3677
75.58	-6.3676
75.58	-6.3677
75.58	-6.3677
75.57	-6.3672
75.57	-6.3671
75.57	-6.3670
75.57	-6.3669
75.56	-6.3669
75.56	-6.3667
75.55	-6.3666
75.55	-6.3664
75.55	-6.3665
75.55	-6.3662
75.54	-6.3664
75.54	-6.3662
75.54	-6.3662
75.53	-6.3659
75.53	-6.3659
75.53	-6.3657
75.53	-6.3656
75.53	-6.3657
75.53	-6.3655
75.52	-6.3655
75.52	-6.3652
75.52	-6.3654
75.51	-6.3651
75.51	-6.3652
75.51	-6.3650
75.50	-6.3649
75.50	-6.3648
75.50	-6.3645
75.50	-6.3646
75.50	-6.3642
75.49	-6.3641
75.49	-6.3641
75.49	-6.3640
75.49	-6.3639
75.49	-6.3636
75.49	-6.3638
75.49	-6.3635
75.48	-6.3634
75.48	-6.3634
75.48	-6.3633
75.47	-6.3631
75.47	-6.3630
75.47	-6.3631
75.46	-6.3629
75.46	-6.3627
75.46	-6.3626
75.46	-6.3626
75.45	-6.3626
75.45	-6.3625
75.45	-6.3624
75.44	-6.3623
75.44	-6.3621
75.44	-6.3620
75.44	-6.3619
75.43	-6.3619
75.43	-6.3616
75.43	-6.3616
75.42	-6.3616
75.42	-6.3613
75.42	-6.3612
75.42	-6.3612
75.42	-6.3611
75.42	-6.3610
75.41	-6.3610
75.41	-6.3607
75.41	-6.3608
75.40	-6.3609
75.40	-6.3606
75.39	-6.3605
75.39	-6.3605
75.39	-6.3603
75.39	-6.3601
75.39	-6.3602
75.39	-6.3601
75.39	-6.3599
75.38	-6.3598
75.38	-6.3598
75.38	-6.3594
75.38	-6.3594
75.37	-6.3595
75.37	-6.3594
75.37	-6.3589
75.36	-6.3589
75.36	-6.3590
75.36	-6.3588
75.36	-6.3586
75.36	-6.3585
75.35	-6.3584
75.35	-6.3585
75.35	-6.3580
75.35	-6.3580
75.34	-6.3579
75.34	-6.3579
75.34	-6.3578
75.33	-6.3576
75.33	-6.3577
75.33	-6.3574
75.33	-6.3575
75.33	-6.3574
75.32	-6.3573
75.32	-6.3571
75.32	-6.3570
75.31	-6.3570
75.31	-6.3569
75.31	-6.3569
75.31	-6.3565
75.31	-6.3565
75.30	-6.3564
75.30	-6.3564
75.30	-6.3563
75.30	-6.3560
75.29	-6.3559
75.29	-6.3558
75.29	-6.3558
75.28	-6.3555
75.28	-6.3556
75.28	-6.3556
75.28	-6.3551
75.28	-6.3550
75.28	-6.3549
75.28	-6.3546
75.27	-6.3545
75.27	-6.3546
75.27	-6.3545
75.26	-6.3544
75.26	-6.3540
75.26	-6.3542
75.25	-6.3539
75.25	-6.3539
75.24	-6.3536
75.24	-6.3535
75.24	-6.3534
75.24	-6.3534
75.24	-6.3535
75.24	-6.3532
75.23	-6.3531
75.23	-6.3533
75.23	-6.3530
75.22	-6.3527
75.22	-6.3528
75.22	-6.3526
75.21	-6.3525
75.21	-6.3526
75.21	-6.3525
75.21	-6.3524
75.21	-6.3523
75.20	-6.3521
75.20	-6.3520
75.20	-6.3521
75.20	-6.3519
75.19	-6.3518
75.19	-6.3518
75.19	-6.3516
75.19	-6.3515
75.19	-6.3514
75.18	-6.3513
75.18	-6.3512
75.18	-6.3510
75.17	-6.3512
75.17	-6.3509
75.17	-6.3508
75.16	-6.3508
75.16	-6.3505
75.16	-6.3506
75.16	-6.3504
75.15	-6.3505
75.15	-6.3502
75.15	-6.3502
75.15	-6.3502
75.14	-6.3499
75.14	-6.3502
75.14	-6.3499
75.14	-6.3497
75.13	-6.3498
75.13	-6.3496
75.13	-6.3495
75.13	-6.3494
75.13	-6.3492
75.12	-6.3490
75.12	-6.3491
75.12	-6.3490
75.12	-6.3487
75.12	-6.3487
75.11	-6.3484
75.11	-6.3484
75.11	-6.3485
75.11	-6.3482
75.10	-6.3480
75.10	-6.3478
75.10	-6.3478
75.10	-6.3476
75.09	-6.3476
75.09	-6.3475
75.09	-6.3473
75.09	-6.3473
75.09	-6.3471
75.08	-6.3469
75.08	-6.3469
75.08	-6.3467
75.08	-6.3466
75.08	-6.3465
75.07	-6.3467
75.07	-6.3466
75.07	-6.3464
75.07	-6.3463
75.06	-6.3463
75.06	-6.3462
75.06	-6.3459
75.05	-6.3458
75.05	-6.3456
75.05	-6.3456
75.05	-6.3455
75.04	-6.3453
75.04	-6.3452
75.04	-6.3452
75.04	-6.3452
75.03	-6.3449
75.03	-6.3449
75.03	-6.3449
75.03	-6.3447
75.02	-6.3444
75.02	-6.3444
75.01	-6.3443
75.01	-6.3443
75.01	-6.3442
75.01	-6.3442
75.01	-6.3440
75.01	-6.3438
75.00	-6.3437
75.00	-6.3438
75.00	-6.3435
75.00	-6.3434
75.00	-6.3434
74.99	-6.3432
74.99	-6.3432
74.99	-6.3428
74.98	-6.3428
74.98	-6.3426
74.98	-6.3427
74.98	-6.3427
74.98	-6.3425
74.98	-6.3424
74.97	-6.3423
74.96	-6.3422
74.96	-6.3421
74.96	-6.3420
74.96	-6.3418
74.95	-6.3417
74.95	-6.3416
74.95	-6.3416
74.95	-6.3414
74.95	-6.3412
74.94	-6.3412
74.94	-6.3411
74.94	-6.3411
74.94	-6.3410
74.94	-6.3409
74.93	-6.3408
74.93	-6.3407
74.92	-6.3407
74.92	-6.3404
74.92	-6.3405
74.92	-6.3404
74.92	-6.3402
74.92	-6.3405
74.91	-6.3401
74.91	-6.3400
74.90	-6.3398
74.90	-6.3398
74.90	-6.3398
74.90	-6.3396
74.89	-6.3395
74.89	-6.3396
74.89	-6.3394
74.89	-6.3393
74.89	-6.3391
74.88	-6.3391
74.88	-6.3387
74.88	-6.3388
74.88	-6.3387
74.87	-6.3386
74.87	-6.3386
74.87	-6.3386
74.87	-6.3383
74.87	-6.3382
74.86	-6.3380
74.86	-6.3379
74.86	-6.3380
74.85	-6.3377
74.85	-6.3378
74.84	-6.3376
74.84	-6.3375
74.84	-6.3373
74.84	-6.3373
74.84	-6.3373
74.84	-6.3371
74.84	-6.3369
74.83	-6.3368
74.83	-6.3369
74.83	-6.3366
74.83	-6.3364
74.83	-6.3365
74.83	-6.3364
74.82	-6.3364
74.81	-6.3362
74.81	-6.3359
74.81	-6.3359
74.80	-6.3359
74.80	-6.3359
74.80	-6.3355
74.80	-6.3354
74.80	-6.3354
74.80	-6.3354
74.79	-6.3350
74.79	-6.3350
74.78	-6.3349
74.78	-6.3350
74.78	-6.3347
74.78	-6.3345
74.78	-6.3344
74.77	-6.3344
74.77	-6.3344
74.77	-6.3344
74.77	-6.3342
74.77	-6.3340
74.76	-6.3338
74.76	-6.3337
74.76	-6.3336
74.75	-6.3335
74.75	-6.3334
74.75	-6.3333
74.75	-6.3330
74.74	-6.3331
74.74	-6.3330
74.74	-6.3330
74.74	-6.3329
74.73	-6.3330
74.73	-6.3327
74.73	-6.3327
74.73	-6.3325
74.73	-6.3325
74.73	-6.3325
74.73	-6.3325
74.72	-6.3321
74.72	-6.3321
74.71	-6.3321
74.71	-6.3318
74.71	-6.3315
74.71	-6.3314
74.70	-6.3314
74.70	-6.3315
74.70	-6.3312
74.70	-6.3311
74.69	-6.3309
74.69	-6.3306
74.69	-6.3304
74.68	-6.3304
74.68	-6.3303
74.68	-6.3300
74.68	-6.3302
74.67	-6.3299
74.67	-6.3297
74.67	-6.3297
74.67	-6.3297
74.67	-6.3296
74.66	-6.3295
74.66	-6.3293
74.65	-6.3293
74.65	-6.3291
74.65	-6.3293
74.64	-6.3291
74.64	-6.3290
74.64	-6.3290
74.64	-6.3288
74.64	-6.3289
74.63	-6.3287
74.63	-6.3288
74.63	-6.3285
74.63	-6.3285
74.63	-6.3283
74.63	-6.3283
74.63	-6.3282
74.62	-6.3281
74.62	-6.3281
74.61	-6.3281
74.61	-6.3277
74.61	-6.3276
74.61	-6.3275
74.60	-6.3273
74.60	-6.3273
74.60	-6.3273
74.59	-6.3271
74.59	-6.3270
74.59	-6.3269
74.59	-6.3268
74.59	-6.3269
74.59	-6.3268
74.58	-6.3267
74.58	-6.3264
74.58	-6.3264
74.58	-6.3265
74.58	-6.3263
74.58	-6.3263
74.57	-6.3260
74.57	-6.3259
74.57	-6.3259
74.56	-6.3258
74.56	-6.3258
74.56	-6.3256
74.55	-6.3257
74.55	-6.3255
74.55	-6.3257
74.55	-6.3253
74.55	-6.3255
74.54	-6.3253
74.54	-6.3250
74.53	-6.3250
74.53	-6.3247
74.53	-6.3248
74.53	-6.3246
74.53	-6.3245
74.52	-6.3246
74.52	-6.3244
74.52	-6.3244
74.52	-6.3244
74.51	-6.3243
74.51	-6.3241
74.50	-6.3241
74.50	-6.3240
74.50	-6.3237
74.50	-6.3236
74.50	-6.3237
74.50	-6.3239
74.49	-6.3236
74.49	-6.3237
74.49	-6.3234
74.48	-6.3234
74.48	-6.3233
74.48	-6.3232
74.48	-6.3233
74.47	-6.3231
74.47	-6.3230
74.47	-6.3228
74.47	-6.3226
74.46	-6.3226
74.46	-6.3226
74.46	-6.3226
74.45	-6.3224
74.45	-6.3222
74.45	-6.3222
74.45	-6.3220
74.45	-6.3217
74.45	-6.3218
74.45	-6.3218
74.45	-6.3216
74.44	-6.3214
74.44	-6.3215
74.43	-6.3213
74.43	-6.3214
74.43	-6.3212
74.43	-6.3211
74.42	-6.3211
74.42	-6.3208
74.42	-6.3208
74.42	-6.3207
74.41	-6.3205
74.41	-6.3204
74.41	-6.3203
74.40	-6.3203
74.40	-6.3203
74.40	-6.3197
74.40	-6.3199
74.39	-6.3198
74.39	-6.3196
74.39	-6.3198
74.39	-6.3197
74.38	-6.3196
74.38	-6.3193
74.38	-6.3192
74.38	-6.3188
74.38	-6.3190
74.38	-6.3188
74.37	-6.3188
74.37	-6.3187
74.37	-6.3186
74.36	-6.3185
74.36	-6.3184
74.35	-6.3184
74.35	-6.3182
74.35	-6.3181
74.34	-6.3180
74.34	-6.3179
74.34	-6.3177
74.34	-6.3178
74.34	-6.3174
74.34	-6.3174
74.33	-6.3175
74.33	-6.3172
74.33	-6.3173
74.33	-6.3171
74.33	-6.3169
74.32	-6.3167
74.32	-6.3166
74.31	-6.3164
74.32	-6.3165
74.31	-6.3162
74.31	-6.3162
74.31	-6.3160
74.30	-6.3160
74.30	-6.3156
74.30	-6.3156
74.30	-6.3158
74.30	-6.3154
74.30	-6.3153
74.29	-6.3153
74.29	-6.3152
74.29	-6.3151
74.29	-6.3149
74.28	-6.3147
74.28	-6.3147
74.28	-6.3146
74.28	-6.3144
74.27	-6.3145
74.27	-6.3143
74.26	-6.3142
74.26	-6.3141
74.26	-6.3142
74.25	-6.3140
74.25	-6.3138
74.25	-6.3138
74.25	-6.3136
74.25	-6.3135
74.24	-6.3133
74.24	-6.3134
74.23	-6.3131
74.23	-6.3131
74.23	-6.3130
74.23	-6.3127
74.23	-6.3129
74.22	-6.3126
74.22	-6.3126
74.22	-6.3124
74.22	-6.3125
74.22	-6.3126
74.21	-6.3123
74.21	-6.3122
74.21	-6.3121
74.20	-6.3121
74.20	-6.3120
74.20	-6.3119
74.20	-6.3119
74.20	-6.3116
74.20	-6.3116
74.19	-6.3116
74.19	-6.3115
74.19	-6.3115
74.18	-6.3115
74.18	-6.3115
74.18	-6.3112
74.17	-6.3111
74.17	-6.3110
74.17	-6.3107
74.17	-6.3107
74.17	-6.3105
74.17	-6.3104
74.16	-6.3104
74.16	-6.3104
74.16	-6.3103
74.16	-6.3096
74.15	-6.3098
74.15	-6.3097
74.14	-6.3099
74.14	-6.3094
74.14	-6.3095
74.14	-6.3093
74.14	-6.3091
74.14	-6.3092
74.14	-6.3091
74.13	-6.3089
74.13	-6.3087
74.13	-6.3085
74.13	-6.3085
74.13	-6.3085
74.12	-6.3085
74.12	-6.3081
74.12	-6.3080
74.11	-6.3079
74.11	-6.3079
74.11	-6.3079
74.11	-6.3076
74.10	-6.3074
74.10	-6.3072
74.10	-6.3070
74.09	-6.3071
74.09	-6.3071
74.09	-6.3069
74.09	-6.3071
74.09	-6.3069
74.09	-6.3066
74.08	-6.3065
74.08	-6.3065
74.08	-6.3063
74.08	-6.3064
74.07	-6.3062
74.07	-6.3060
74.06	-6.3060
74.06	-6.3059
74.05	-6.3060
74.05	-6.3056
74.05	-6.3055
74.05	-6.3057
74.05	-6.3054
74.04	-6.3052
74.04	-6.3051
74.04	-6.3052
74.04	-6.3049
74.04	-6.3050
74.03	-6.3047
74.03	-6.3046
74.03	-6.3045
74.03	-6.3043
74.03	-6.3044
74.03	-6.3042
74.03	-6.3043
74.02	-6.3041
74.02	-6.3042
74.01	-6.3041
74.01	-6.3039
74.00	-6.3037
74.00	-6.3036
74.00	-6.3037
74.00	-6.3035
74.00	-6.3035
74.00	-6.3034
74.00	-6.3032
73.99	-6.3032
73.99	-6.3032
73.99	-6.3032
73.98	-6.3030
73.98	-6.3030
73.98	-6.3029
73.98	-6.3026
73.98	-6.3025
73.97	-6.3025
73.97	-6.3023
73.96	-6.3022
73.96	-6.3023
73.96	-6.3021
73.95	-6.3020
73.95	-6.3020
73.95	-6.3021
73.95	-6.3018
73.95	-6.3016
73.95	-6.3015
73.94	-6.3015
73.94	-6.3013
73.94	-6.3013
73.93	-6.3013
73.93	-6.3011
73.93	-6.3008
73.93	-6.3006
73.92	-6.3009
73.92	-6.3008
73.92	-6.3007
73.92	-6.3005
73.92	-6.3005
73.91	-6.3003
73.91	-6.3002
73.91	-6.3000
73.90	-6.3001
73.90	-6.2999
73.90	-6.2999
73.90	-6.2996
73.89	-6.2996
73.89	-6.2994
73.89	-6.2994
73.89	-6.2993
73.88	-6.2993
73.88	-6.2992
73.88	-6.2989
73.88	-6.2990
73.88	-6.2990
73.88	-6.2987
73.87	-6.2988
73.87	-6.2984
73.86	-6.2984
73.86	-6.2982
73.86	-6.2982
73.86	-6.2980
73.85	-6.2978
73.85	-6.2979
73.85	-6.2976
73.84	-6.2974
73.84	-6.2972
73.84	-6.2972
73.84	-6.2969
73.84	-6.2971
73.84	-6.2968
73.83	-6.2970
73.83	-6.2964
73.83	-6.2964
73.83	-6.2965
73.83	-6.2963
73.82	-6.2963
73.82	-6.2961
73.82	-6.2959
73.81	-6.2959
73.81	-6.2957
73.81	-6.2958
73.80	-6.2956
73.80	-6.2955
73.80	-6.2952
73.80	-6.2952
73.79	-6.2952
73.79	-6.2951
73.78	-6.2950
73.78	-6.2950
73.78	-6.2949
73.78	-6.2945
73.78	-6.2944
73.78	-6.2944
73.78	-6.2944
73.77	-6.2942
73.77	-6.2941
73.77	-6.2940
73.77	-6.2939
73.77	-6.2937
73.76	-6.2936
73.76	-6.2934
73.75	-6.2934
73.75	-6.2932
73.75	-6.2929
73.74	-6.2931
73.74	-6.2930
73.74	-6.2926
73.74	-6.2926
73.73	-6.2926
73.73	-6.2925
73.73	-6.2924
73.73	-6.2923
73.73	-6.2924
73.73	-6.2923
73.73	-6.2918
73.72	-6.2917
73.72	-6.2918
73.72	-6.2915
73.71	-6.2914
73.71	-6.2914
73.70	-6.2913
73.70	-6.2908
73.70	-6.2909
73.70	-6.2910
73.70	-6.2909
73.70	-6.2907
73.69	-6.2906
73.69	-6.2905
73.69	-6.2906
73.68	-6.2904
73.68	-6.2903
73.68	-6.2901
73.67	-6.2899
73.67	-6.2899
73.67	-6.2898
73.67	-6.2898
73.67	-6.2895
73.66	-6.2896
73.66	-6.2895
73.66	-6.2893
73.66	-6.2893
73.65	-6.2890
73.65	-6.2887
73.65	-6.2888
73.65	-6.2888
73.65	-6.2885
73.64	-6.2886
73.64	-6.2881
73.64	-6.2881
73.64	-6.2880
73.64	-6.2877
73.63	-6.2878
73.63	-6.2877
73.63	-6.2875
73.62	-6.2875
73.62	-6.2874
73.62	-6.2871
73.62	-6.2870
73.62	-6.2870
73.61	-6.2868
73.61	-6.2865
73.61	-6.2865
73.60	-6.2864
73.60	-6.2862
73.59	-6.2862
73.59	-6.2862
73.59	-6.2859
73.59	-6.2859
73.59	-6.2859
73.58	-6.2857
73.58	-6.2854
73.58	-6.2853
73.58	-6.2856
73.58	-6.2853
73.58	-6.2855
73.57	-6.2851
73.57	-6.2850
73.57	-6.2849
73.56	-6.2849
73.56	-6.2847
73.55	-6.2848
73.55	-6.2845
73.55	-6.2844
73.55	-6.2844
73.55	-6.2845
73.55	-6.2843
73.55	-6.2842
73.55	-6.2840
73.54	-6.2841
73.54	-6.2841
73.53	-6.2838
73.53	-6.2838
73.53	-6.2837
73.53	-6.2837
73.53	-6.2836
73.52	-6.2834
73.52	-6.2833
73.52	-6.2835
73.51	-6.2831
73.51	-6.2829
73.51	-6.2827
73.51	-6.2829
73.50	-6.2830
73.50	-6.2827
73.50	-6.2827
73.49	-6.2826
73.49	-6.2825
73.49	-6.2823
73.49	-6.2820
73.49	-6.2821
73.48	-6.2819
73.48	-6.2820
73.48	-6.2817
73.48	-6.2814
73.48	-6.2815
73.48	-6.2814
73.47	-6.2811
73.47	-6.2814
73.47	-6.2811
73.46	-6.2809
73.46	-6.2809
73.45	-6.2808
73.45	-6.2807
73.45	-6.2808
73.44	-6.2806
73.44	-6.2804
73.44	-6.2803
73.44	-6.2803
73.43	-6.2803
73.43	-6.2801
73.43	-6.2800
73.42	-6.2801
73.42	-6.2801
73.42	-6.2797
73.42	-6.2797
73.42	-6.2797
73.42	-6.2798
73.42	-6.2796
73.42	-6.2794
73.41	-6.2795
73.41	-6.2798
73.41	-6.2795
73.41	-6.2790
73.40	-6.2790
73.40	-6.2789
73.40	-6.2789
73.40	-6.2787
73.39	-6.2786
73.39	-6.2787
73.39	-6.2785
73.38	-6.2785
73.38	-6.2785
73.38	-6.2782
73.38	-6.2780
73.37	-6.2785
73.37	-6.2782
73.37	-6.2780
73.36	-6.2778
73.36	-6.2779
73.36	-6.2776
73.36	-6.2776
73.36	-6.2775
73.35	-6.2774
73.35	-6.2775
73.35	-6.2773
73.34	-6.2773
73.34	-6.2774
73.34	-6.2770
73.34	-6.2769
73.33	-6.2769
73.33	-6.2767
73.33	-6.2767
73.33	-6.2766
73.33	-6.2763
73.33	-6.2764
73.32	-6.2762
73.32	-6.2760
73.32	-6.2759
73.31	-6.2757
73.31	-6.2757
73.31	-6.2757
73.31	-6.2754
73.31	-6.2750
73.30	-6.2750
73.30	-6.2748
73.30	-6.2749
73.30	-6.2749
73.30	-6.2748
73.29	-6.2748
73.29	-6.2745
73.29	-6.2745
73.29	-6.2745
73.28	-6.2743
73.28	-6.2741
73.28	-6.2740
73.27	-6.2741
73.27	-6.2739
73.27	-6.2738
73.26	-6.2737
73.26	-6.2735
73.26	-6.2735
73.26	-6.2732
73.25	-6.2730
73.25	-6.2731
73.25	-6.2729
73.25	-6.2725
73.25	-6.2727
73.25	-6.2724
73.24	-6.2725
73.24	-6.2721
73.24	-6.2721
73.23	-6.2719
73.23	-6.2720
73.23	-6.2717
73.23	-6.2718
73.23	-6.2718
73.23	-6.2715
73.22	-6.2715
73.22	-6.2712
73.22	-6.2711
73.21	-6.2713
73.21	-6.2712
73.21	-6.2709
73.20	-6.2707
73.20	-6.2706
73.20	-6.2709
73.20	-6.2706
73.20	-6.2706
73.19	-6.2703
73.19	-6.2700
73.18	-6.2700
73.18	-6.2698
73.18	-6.2696
73.18	-6.2696
73.18	-6.2695
73.17	-6.2694
73.17	-6.2694
73.17	-6.2694
73.17	-6.2692
73.17	-6.2689
73.16	-6.2688
73.16	-6.2689
73.15	-6.2686
73.15	-6.2685
73.15	-6.2683
73.15	-6.2683
73.14	-6.2681
73.14	-6.2681
73.14	-6.2679
73.14	-6.2681
73.14	-6.2679
73.14	-6.2675
73.13	-6.2675
73.13	-6.2674
73.13	-6.2673
73.13	-6.2672
73.12	-6.2670
73.12	-6.2668
73.12	-6.2668
73.12	-6.2668
73.11	-6.2666
73.11	-6.2666
73.11	-6.2665
73.11	-6.2664
73.11	-6.2665
73.10	-6.2661
73.10	-6.2661
73.10	-6.2661
73.10	-6.2660
73.09	-6.2658
73.09	-6.2658
73.09	-6.2657
73.09	-6.2656
73.08	-6.2654
73.08	-6.2651
73.08	-6.2653
73.08	-6.2652
73.07	-6.2653
73.07	-6.2649
73.07	-6.2648
73.06	-6.2648
73.06	-6.2647
73.06	-6.2646
73.05	-6.2645
73.05	-6.2646
73.05	-6.2642
73.05	-6.2644
73.04	-6.2638
73.04	-6.2638
73.04	-6.2637
73.04	-6.2638
73.03	-6.2637
73.03	-6.2635
73.03	-6.2636
73.03	-6.2633
73.03	-6.2632
73.02	-6.2632
73.02	-6.2629
73.02	-6.2631
73.01	-6.2630
73.01	-6.2628
73.01	-6.2628
73.01	-6.2624
73.01	-6.2624
73.00	-6.2624
73.00	-6.2624
73.00	-6.2623
73.00	-6.2621
73.00	-6.2622
72.99	-6.2619
72.99	-6.2619
72.98	-6.2617
72.98	-6.2615
72.98	-6.2614
72.98	-6.2614
72.98	-6.2617
72.97	-6.2616
72.97	-6.2613
72.96	-6.2613
72.96	-6.2611
72.96	-6.2611
72.95	-6.2608
72.95	-6.2608
72.95	-6.2606
72.95	-6.2605
72.95	-6.2605
72.95	-6.2605
72.95	-6.2604
72.94	-6.2603
72.94	-6.2601
72.93	-6.2601
72.93	-6.2599
72.93	-6.2599
72.93	-6.2596
72.92	-6.2598
72.92	-6.2596
72.92	-6.2593
72.92	-6.2593
72.92	-6.2589
72.92	-6.2591
72.92	-6.2590
72.92	-6.2587
72.91	-6.2588
72.91	-6.2585
72.90	-6.2585
72.90	-6.2584
72.89	-6.2584
72.89	-6.2581
72.89	-6.2578
72.89	-6.2581
72.89	-6.2578
72.88	-6.2575
72.88	-6.2575
72.88	-6.2574
72.88	-6.2574
72.87	-6.2571
72.87	-6.2571
72.87	-6.2571
72.87	-6.2569
72.86	-6.2569
72.86	-6.2568
72.86	-6.2568
72.85	-6.2566
72.85	-6.2565
72.85	-6.2566
72.85	-6.2565
72.84	-6.2563
72.84	-6.2564
72.84	-6.2563
72.84	-6.2563
72.84	-6.2559
72.83	-6.2562
72.83	-6.2561
72.83	-6.2556
72.83	-6.2557
72.83	-6.2557
72.82	-6.2555
72.82	-6.2554
72.82	-6.2555
72.82	-6.2554
72.81	-6.2555
72.81	-6.2552
72.81	-6.2553
72.81	-6.2551
72.80	-6.2551
72.80	-6.2548
72.80	-6.2548
72.80	-6.2548
72.80	-6.2545
72.79	-6.2543
72.79	-6.2544
72.78	-6.2541
72.78	-6.2541
72.78	-6.2541
72.78	-6.2539
72.77	-6.2538
72.77	-6.2537
72.77	-6.2537
72.77	-6.2538
72.77	-6.2534
72.76	-6.2534
72.76	-6.2533
72.76	-6.2532
72.75	-6.2533
72.75	-6.2532
72.75	-6.2532
72.74	-6.2530
72.74	-6.2528
72.74	-6.2530
72.74	-6.2527
72.74	-6.2527
72.74	-6.2527
72.73	-6.2525
72.73	-6.2523
72.73	-6.2521
72.72	-6.2522
72.72	-6.2519
72.72	-6.2520
72.72	-6.2518
72.72	-6.2516
72.71	-6.2514
72.71	-6.2515
72.71	-6.2514
72.71	-6.2514
72.70	-6.2513
72.70	-6.2513
72.70	-6.2511
72.70	-6.2510
72.69	-6.2508
72.69	-6.2508
72.69	-6.2508
72.69	-6.2504
72.68	-6.2505
72.68	-6.2505
72.68	-6.2501
72.67	-6.2503
72.67	-6.2501
72.67	-6.2499
72.66	-6.2499
72.66	-6.2497
72.66	-6.2496
72.66	-6.2496
72.65	-6.2494
72.65	-6.2493
72.65	-6.2492
72.64	-6.2491
72.64	-6.2489
72.64	-6.2487
72.64	-6.2488
72.64	-6.2488
72.64	-6.2484
72.63	-6.2484
72.63	-6.2483
72.63	-6.2483
72.63	-6.2480
72.63	-6.2479
72.63	-6.2479
72.62	-6.2476
72.61	-6.2478
72.61	-6.2476
72.61	-6.2475
72.61	-6.2474
72.61	-6.2473
72.60	-6.2471
72.60	-6.2470
72.60	-6.2469
72.60	-6.2467
72.59	-6.2466
72.59	-6.2466
72.59	-6.2464
72.59	-6.2465
72.59	-6.2461
72.58	-6.2463
72.58	-6.2462
72.58	-6.2460
72.58	-6.2460
72.57	-6.2458
72.57	-6.2456
72.57	-6.2455
72.56	-6.2455
72.56	-6.2455
72.55	-6.2451
72.55	-6.2452
72.55	-6.2452
72.55	-6.2448
72.55	-6.2449
72.55	-6.2448
72.54	-6.2447
72.54	-6.2446
72.54	-6.2444
72.54	-6.2444
72.53	-6.2440
72.53	-6.2442
72.53	-6.2440
72.53	-6.2440
72.53	-6.2440
72.53	-6.2440
72.52	-6.2437
72.52	-6.2436
72.52	-6.2434
72.51	-6.2434
72.51	-6.2433
72.50	-6.2431
72.50	-6.2431
72.50	-6.2431
72.50	-6.2428
72.50	-6.2427
72.50	-6.2426
72.49	-6.2424
72.49	-6.2423
72.49	-6.2426
72.49	-6.2423
72.48	-6.2418
72.48	-6.2420
72.48	-6.2418
72.48	-6.2417
72.48	-6.2418
72.47	-6.2415
72.47	-6.2416
72.46	-6.2413
72.46	-6.2412
72.46	-6.2410
72.45	-6.2411
72.45	-6.2411
72.45	-6.2412
72.45	-6.2406
72.45	-6.2408
72.45	-6.2404
72.44	-6.2406
72.44	-6.2405
72.44	-6.2405
72.43	-6.2402
72.43	-6.2401
72.42	-6.2399
72.42	-6.2398
72.42	-6.2397
72.42	-6.2396
72.42	-6.2396
72.41	-6.2396
72.41	-6.2394
72.41	-6.2396
72.41	-6.2394
72.40	-6.2391
72.41	-6.2392
72.40	-6.2392
72.40	-6.2387
72.39	-6.2390
72.39	-6.2389
72.39	-6.2389
72.39	-6.2385
72.39	-6.2384
72.39	-6.2385
72.38	-6.2384
72.38	-6.2383
72.38	-6.2381
72.38	-6.2382
72.38	-6.2380
72.37	-6.2381
72.37	-6.2379
72.37	-6.2377
72.37	-6.2377
72.37	-6.2376
72.36	-6.2375
72.36	-6.2374
72.36	-6.2373
72.35	-6.2371
72.35	-6.2370
72.35	-6.2369
72.35	-6.2371
72.34	-6.2367
72.34	-6.2367
72.34	-6.2366
72.34	-6.2363
72.34	-6.2362
72.34	-6.2362
72.33	-6.2362
72.33	-6.2360
72.33	-6.2359
72.33	-6.2357
72.32	-6.2356
72.32	-6.2358
72.32	-6.2356
72.31	-6.2353
72.30	-6.2354
72.30	-6.2353
72.30	-6.2351
72.30	-6.2351
72.30	-6.2349
72.30	-6.2351
72.29	-6.2349
72.29	-6.2350
72.29	-6.2348
72.29	-6.2348
72.29	-6.2347
72.28	-6.2346
72.28	-6.2344
72.28	-6.2345
72.28	-6.2343
72.28	-6.2343
72.27	-6.2342
72.27	-6.2341
72.26	-6.2340
72.26	-6.2341
72.26	-6.2340
72.26	-6.2337
72.26	-6.2336
72.26	-6.2334
72.25	-6.2334
72.25	-6.2333
72.25	-6.2333
72.25	-6.2331
72.25	-6.2331
72.24	-6.2329
72.24	-6.2326
72.23	-6.2326
72.23	-6.2326
72.23	-6.2323
72.22	-6.2323
72.22	-6.2322
72.22	-6.2320
72.21	-6.2321
72.21	-6.2318
72.21	-6.2317
72.21	-6.2316
72.20	-6.2315
72.20	-6.2317
72.20	-6.2315
72.20	-6.2314
72.19	-6.2312
72.19	-6.2312
72.19	-6.2310
72.19	-6.2310
72.19	-6.2307
72.19	-6.2305
72.19	-6.2306
72.18	-6.2306
72.18	-6.2304
72.17	-6.2304
72.17	-6.2303
72.17	-6.2304
72.17	-6.2300
72.16	-6.2299
72.16	-6.2299
72.16	-6.2296
72.16	-6.2296
72.15	-6.2296
72.15	-6.2294
72.15	-6.2295
72.14	-6.2292
72.14	-6.2292
72.14	-6.2292
72.14	-6.2290
72.14	-6.2289
72.13	-6.2288
72.13	-6.2286
72.13	-6.2282
72.13	-6.2282
72.13	-6.2281
72.12	-6.2279
72.12	-6.2279
72.12	-6.2278
72.12	-6.2278
72.11	-6.2276
72.11	-6.2274
72.11	-6.2274
72.10	-6.2273
72.10	-6.2271
72.10	-6.2269
72.09	-6.2268
72.09	-6.2267
72.09	-6.2265
72.09	-6.2263
72.09	-6.2262
72.09	-6.2261
72.08	-6.2258
72.08	-6.2261
72.08	-6.2258
72.08	-6.2258
72.08	-6.2257
72.07	-6.2256
72.07	-6.2254
72.07	-6.2253
72.06	-6.2253
72.06	-6.2249
72.06	-6.2249
72.05	-6.2250
72.05	-6.2246
72.05	-6.2248
72.05	-6.2244
72.05	-6.2242
72.04	-6.2244
72.04	-6.2242
72.04	-6.2240
72.04	-6.2239
72.03	-6.2238
72.03	-6.2235
72.03	-6.2236
72.03	-6.2234
72.02	-6.2234
72.02	-6.2232
72.02	-6.2231
72.01	-6.2231
72.01	-6.2229
72.00	-6.2228
72.00	-6.2228
72.00	-6.2228
72.00	-6.2226
72.00	-6.2224
71.99	-6.2226
71.99	-6.2224
71.99	-6.2224
71.99	-6.2222
71.98	-6.2223
71.98	-6.2220
71.98	-6.2220
71.97	-6.2217
71.97	-6.2218
71.97	-6.2218
71.97	-6.2216
71.97	-6.2217
71.97	-6.2213
71.97	-6.2214
71.96	-6.2214
71.96	-6.2212
71.96	-6.2210
71.96	-6.2211
71.95	-6.2209
71.95	-6.2208
71.95	-6.2206
71.95	-6.2207
71.94	-6.2204
71.94	-6.2204
71.94	-6.2203
71.93	-6.2202
71.93	-6.2201
71.92	-6.2199
71.92	-6.2198
71.92	-6.2198
71.92	-6.2197
71.92	-6.2193
71.92	-6.2193
71.91	-6.2191
71.91	-6.2191
71.91	-6.2192
71.91	-6.2191
71.90	-6.2191
71.90	-6.2187
71.90	-6.2186
71.89	-6.2186
71.89	-6.2185
71.89	-6.2182
71.89	-6.2183
71.89	-6.2181
71.89	-6.2180
71.89	-6.2178
71.88	-6.2178
71.88	-6.2178
71.88	-6.2177
71.87	-6.2177
71.87	-6.2176
71.87	-6.2176
71.86	-6.2174
71.86	-6.2174
71.86	-6.2174
71.85	-6.2172
71.85	-6.2171
71.85	-6.2169
71.84	-6.2170
71.84	-6.2169
71.84	-6.2167
71.84	-6.2164
71.84	-6.2164
71.84	-6.2165
71.84	-6.2164
71.83	-6.2159
71.83	-6.2160
71.83	-6.2156
71.83	-6.2156
71.83	-6.2156
71.82	-6.2155
71.82	-6.2156
71.82	-6.2154
71.81	-6.2151
71.81	-6.2151
71.81	-6.2149
71.80	-6.2147
71.80	-6.2146
71.80	-6.2146
71.80	-6.2147
71.79	-6.2146
71.79	-6.2142
71.79	-6.2143
71.79	-6.2142
71.78	-6.2141
71.78	-6.2141
71.78	-6.2139
71.78	-6.2141
71.78	-6.2137
71.78	-6.2138
71.77	-6.2137
71.77	-6.2134
71.77	-6.2138
71.77	-6.2135
71.77	-6.2133
71.76	-6.2131
71.76	-6.2133
71.75	-6.2131
71.75	-6.2132
71.75	-6.2130
71.75	-6.2129
71.75	-6.2129
71.74	-6.2128
71.74	-6.2129
71.73	-6.2125
71.73	-6.2127
71.73	-6.2124
71.72	-6.2124
71.72	-6.2123
71.72	-6.2122
71.72	-6.2120
71.72	-6.2119
71.71	-6.2119
71.71	-6.2115
71.71	-6.2115
71.71	-6.2114
71.71	-6.2112
71.70	-6.2113
71.70	-6.2110
71.70	-6.2109
71.70	-6.2107
71.69	-6.2106
71.69	-6.2106
71.69	-6.2108
71.68	-6.2105
71.68	-6.2105
71.68	-6.2103
71.67	-6.2101
71.67	-6.2103
71.67	-6.2101
71.67	-6.2099
71.67	-6.2096
71.67	-6.2098
71.66	-6.2096
71.66	-6.2096
71.66	-6.2092
71.65	-6.2090
71.65	-6.2091
71.65	-6.2090
71.65	-6.2089
71.64	-6.2087
71.64	-6.2085
71.64	-6.2085
71.64	-6.2083
71.64	-6.2083
71.64	-6.2082
71.63	-6.2081
71.63	-6.2082
71.63	-6.2081
71.63	-6.2081
71.63	-6.2076
71.62	-6.2077
71.62	-6.2075
71.61	-6.2075
71.61	-6.2073
71.61	-6.2072
71.60	-6.2069
71.60	-6.2070
71.60	-6.2071
71.59	-6.2068
71.59	-6.2065
71.59	-6.2066
71.59	-6.2064
71.59	-6.2066
71.59	-6.2064
71.59	-6.2062
71.58	-6.2058
71.58	-6.2060
71.58	-6.2058
71.58	-6.2057
71.58	-6.2058
71.57	-6.2055
71.57	-6.2055
71.56	-6.2052
71.56	-6.2053
71.56	-6.2050
71.55	-6.2049
71.55	-6.2046
71.55	-6.2047
71.55	-6.2046
71.55	-6.2046
71.55	-6.2043
71.54	-6.2041
71.54	-6.2039
71.54	-6.2042
71.53	-6.2039
71.53	-6.2040
71.53	-6.2036
71.53	-6.2036
71.53	-6.2035
71.53	-6.2035
71.52	-6.2032
71.52	-6.2032
71.52	-6.2032
71.52	-6.2028
71.51	-6.2026
71.51	-6.2026
71.51	-6.2026
71.50	-6.2025
71.50	-6.2024
71.50	-6.2023
71.50	-6.2023
71.50	-6.2022
71.49	-6.2022
71.49	-6.2021
71.49	-6.2022
71.48	-6.2019
71.48	-6.2019
71.48	-6.2015
71.48	-6.2016
71.47	-6.2012
71.47	-6.2012
71.46	-6.2011
71.46	-6.2012
71.46	-6.2008
71.46	-6.2007
71.46	-6.2007
71.45	-6.2004
71.45	-6.2003
71.45	-6.2001
71.45	-6.2001
71.45	-6.2002
71.45	-6.2000
71.44	-6.1998
71.44	-6.1998
71.43	-6.1998
71.43	-6.1994
71.43	-6.1995
71.43	-6.1994
71.43	-6.1992
71.42	-6.1993
71.42	-6.1990
71.42	-6.1991
71.42	-6.1988
71.41	-6.1988
71.41	-6.1986
71.41	-6.1986
71.41	-6.1985
71.41	-6.1983
71.40	-6.1982
71.40	-6.1980
71.40	-6.1982
71.40	-6.1979
71.39	-6.1977
71.39	-6.1976
71.39	-6.1975
71.39	-6.1974
71.38	-6.1973
71.38	-6.1972
71.38	-6.1969
71.38	-6.1969
71.38	-6.1968
71.37	-6.1968
71.37	-6.1966
71.37	-6.1966
71.37	-6.1964
71.37	-6.1963
71.36	-6.1959
71.36	-6.1959
71.36	-6.1959
71.35	-6.1958
71.35	-6.1958
71.35	-6.1956
71.34	-6.1956
71.34	-6.1957
71.34	-6.1955
71.33	-6.1955
71.33	-6.1954
71.33	-6.1951
71.33	-6.1952
71.33	-6.1950
71.33	-6.1949
71.33	-6.1947
71.32	-6.1949
71.32	-6.1943
71.32	-6.1944
71.32	-6.1944
71.31	-6.1942
71.31	-6.1940
71.30	-6.1939
71.30	-6.1938
71.30	-6.1938
71.29	-6.1935
71.29	-6.1935
71.29	-6.1932
71.29	-6.1931
71.29	-6.1933
71.28	-6.1931
71.28	-6.1930
71.28	-6.1930
71.28	-6.1926
71.28	-6.1928
71.27	-6.1924
71.27	-6.1925
71.27	-6.1924
71.26	-6.1924
71.26	-6.1923
71.26	-6.1923
71.26	-6.1921
71.26	-6.1922
71.26	-6.1919
71.25	-6.1919
71.25	-6.1918
71.24	-6.1918
71.24	-6.1916
71.24	-6.1916
71.24	-6.1914
71.23	-6.1915
71.23	-6.1913
71.23	-6.1913
71.22	-6.1912
71.22	-6.1912
71.22	-6.1911
71.22	-6.1911
71.21	-6.1909
71.21	-6.1906
71.21	-6.1905
71.21	-6.1904
71.20	-6.1903
71.20	-6.1903
71.20	-6.1902
71.20	-6.1903
71.20	-6.1900
71.20	-6.1899
71.19	-6.1899
71.19	-6.1895
71.19	-6.1897
71.18	-6.1895
71.18	-6.1894
71.17	-6.1893
71.17	-6.1893
71.17	-6.1892
71.17	-6.1889
71.17	-6.1889
71.16	-6.1889
71.16	-6.1888
71.16	-6.1887
71.16	-6.1886
71.15	-6.1886
71.15	-6.1884
71.15	-6.1883
71.14	-6.1882
71.14	-6.1878
71.14	-6.1880
71.14	-6.1877
71.14	-6.1874
71.14	-6.1875
71.13	-6.1878
71.13	-6.1874
71.13	-6.1874
71.13	-6.1872
71.12	-6.1870
71.12	-6.1868
71.11	-6.1868
71.11	-6.1868
71.11	-6.1866
71.11	-6.1867
71.10	-6.1867
71.10	-6.1866
71.10	-6.1864
71.10	-6.1862
71.10	-6.1861
71.09	-6.1860
71.09	-6.1858
71.09	-6.1856
71.09	-6.1857
71.09	-6.1854
71.08	-6.1853
71.08	-6.1853
71.08	-6.1853
71.08	-6.1851
71.07	-6.1850
71.07	-6.1849
71.07	-6.1851
71.07	-6.1846
71.07	-6.1846
71.07	-6.1845
71.06	-6.1844
71.06	-6.1842
71.06	-6.1840
71.05	-6.1842
71.05	-6.1839
71.05	-6.1839
71.05	-6.1839
71.04	-6.1836
71.04	-6.1835
71.03	-6.1832
71.03	-6.1833
71.03	-6.1832
71.03	-6.1831
71.03	-6.1830
71.03	-6.1828
71.02	-6.1828
71.02	-6.1826
71.02	-6.1824
71.02	-6.1824
71.01	-6.1825
71.01	-6.1823
71.00	-6.1823
71.00	-6.1823
71.00	-6.1820
71.00	-6.1819
70.99	-6.1817
70.99	-6.1814
70.99	-6.1814
70.99	-6.1815
70.98	-6.1813
70.98	-6.1810
70.98	-6.1811
70.98	-6.1808
70.98	-6.1805
70.97	-6.1804
70.97	-6.1804
70.97	-6.1803
70.97	-6.1803
70.97	-6.1800
70.96	-6.1802
70.96	-6.1799
70.95	-6.1800
70.95	-6.1800
70.95	-6.1797
70.95	-6.1798
70.95	-6.1797
70.95	-6.1795
70.94	-6.1795
70.94	-6.1795
70.94	-6.1792
70.93	-6.1791
70.93	-6.1792
70.92	-6.1791
70.92	-6.1789
70.92	-6.1789
70.92	-6.1788
70.92	-6.1788
70.92	-6.1785
70.91	-6.1786
70.91	-6.1782
70.91	-6.1782
70.90	-6.1781
70.90	-6.1781
70.90	-6.1777
70.89	-6.1778
70.89	-6.1778
70.89	-6.1778
70.89	-6.1775
70.89	-6.1775
70.89	-6.1774
70.88	-6.1774
70.88	-6.1771
70.88	-6.1771
70.88	-6.1770
70.87	-6.1770
70.88	-6.1768
70.87	-6.1767
70.87	-6.1767
70.87	-6.1766
70.87	-6.1766
70.87	-6.1764
70.86	-6.1761
70.86	-6.1762
70.85	-6.1760
70.85	-6.1759
70.84	-6.1759
70.84	-6.1759
70.84	-6.1757
70.83	-6.1757
70.83	-6.1756
70.83	-6.1755
70.83	-6.1753
70.83	-6.1753
70.83	-6.1750
70.82	-6.1751
70.82	-6.1749
70.82	-6.1750
70.81	-6.1748
70.81	-6.1746
70.81	-6.1745
70.81	-6.1743
70.80	-6.1744
70.80	-6.1741
70.80	-6.1739
70.80	-6.1736
70.80	-6.1738
70.80	-6.1735
70.80	-6.1736
70.79	-6.1733
70.79	-6.1733
70.78	-6.1733
70.78	-6.1729
70.78	-6.1731
70.78	-6.1729
70.77	-6.1729
70.77	-6.1727
70.77	-6.1727
70.76	-6.1727
70.76	-6.1726
70.76	-6.1724
70.76	-6.1721
70.76	-6.1723
70.75	-6.1723
70.75	-6.1721
70.75	-6.1719
70.75	-6.1719
70.75	-6.1718
70.74	-6.1718
70.74	-6.1716
70.73	-6.1715
70.73	-6.1715
70.73	-6.1712
70.73	-6.1711
70.73	-6.1710
70.73	-6.1709
70.72	-6.1709
70.72	-6.1709
70.72	-6.1707
70.72	-6.1706
70.71	-6.1705
70.71	-6.1704
70.71	-6.1700
70.70	-6.1703
70.70	-6.1699
70.70	-6.1700
70.69	-6.1700
70.69	-6.1698
70.69	-6.1698
70.68	-6.1698
70.68	-6.1695
70.68	-6.1694
70.68	-6.1694
70.68	-6.1695
70.68	-6.1694
70.67	-6.1691
70.67	-6.1688
70.67	-6.1689
70.67	-6.1689
70.67	-6.1686
70.67	-6.1686
70.66	-6.1686
70.66	-6.1684
70.65	-6.1684
70.65	-6.1682
70.65	-6.1682
70.64	-6.1680
70.64	-6.1678
70.64	-6.1680
70.64	-6.1678
70.64	-6.1677
70.64	-6.1677
70.63	-6.1675
70.63	-6.1674
70.63	-6.1675
70.63	-6.1673
70.63	-6.1674
70.63	-6.1672
70.62	-6.1672
70.62	-6.1668
70.62	-6.1668
70.61	-6.1666
70.61	-6.1667
70.61	-6.1665
70.60	-6.1665
70.60	-6.1664
70.59	-6.1663
70.59	-6.1663
70.59	-6.1660
70.59	-6.1658
70.59	-6.1658
70.58	-6.1657
70.58	-6.1656
70.58	-6.1655
70.58	-6.1654
70.58	-6.1653
70.58	-6.1653
70.58	-6.1651
70.58	-6.1649
70.57	-6.1650
70.57	-6.1649
70.57	-6.1647
70.56	-6.1647
70.56	-6.1646
70.56	-6.1645
70.55	-6.1644
70.55	-6.1641
70.55	-6.1641
70.55	-6.1639
70.54	-6.1638
70.54	-6.1638
70.54	-6.1637
70.54	-6.1636
70.53	-6.1635
70.53	-6.1636
70.53	-6.1636
70.53	-6.1632
70.52	-6.1632
70.52	-6.1629
70.52	-6.1630
70.52	-6.1630
70.52	-6.1626
70.51	-6.1628
70.51	-6.1628
70.51	-6.1624
70.50	-6.1624
70.50	-6.1621
70.50	-6.1620
70.50	-6.1621
70.49	-6.1622
70.49	-6.1619
70.49	-6.1617
70.49	-6.1618
70.48	-6.1614
70.48	-6.1615
70.48	-6.1614
70.47	-6.1613
70.47	-6.1611
70.47	-6.1610
70.47	-6.1610
70.46	-6.1608
70.46	-6.1606
70.46	-6.1606
70.45	-6.1604
70.45	-6.1603
70.45	-6.1603
70.45	-6.1602
70.45	-6.1601
70.45	-6.1598
70.44	-6.1597
70.44	-6.1597
70.44	-6.1595
70.44	-6.1595
70.43	-6.1594
70.43	-6.1592
70.43	-6.1591
70.42	-6.1589
70.42	-6.1591
70.42	-6.1589
70.42	-6.1586
70.41	-6.1586
70.41	-6.1585
70.40	-6.1584
70.40	-6.1583
70.40	-6.1582
70.40	-6.1580
70.39	-6.1580
70.39	-6.1579
70.39	-6.1579
70.39	-6.1577
70.39	-6.1577
70.39	-6.1575
70.38	-6.1576
70.38	-6.1573
70.38	-6.1572
70.38	-6.1570
70.38	-6.1566
70.37	-6.1566
70.37	-6.1566
70.37	-6.1566
70.37	-6.1564
70.36	-6.1563
70.36	-6.1564
70.36	-6.1564
70.36	-6.1563
70.35	-6.1561
70.35	-6.1562
70.34	-6.1559
70.34	-6.1556
70.34	-6.1557
70.34	-6.1555
70.34	-6.1554
70.34	-6.1554
70.33	-6.1552
70.33	-6.1550
70.33	-6.1553
70.33	-6.1548
70.33	-6.1550
70.33	-6.1548
70.32	-6.1548
70.32	-6.1546
70.32	-6.1545
70.32	-6.1546
70.31	-6.1544
70.31	-6.1542
70.30	-6.1541
70.30	-6.1541
70.30	-6.1539
70.30	-6.1540
70.30	-6.1539
70.29	-6.1536
70.29	-6.1535
70.28	-6.1536
70.28	-6.1532
70.28	-6.1533
70.28	-6.1530
70.28	-6.1529
70.27	-6.1528
70.27	-6.1527
70.27	-6.1525
70.27	-6.1524
70.27	-6.1524
70.26	-6.1523
70.26	-6.1523
70.26	-6.1522
70.25	-6.1520
70.25	-6.1518
70.25	-6.1518
70.25	-6.1518
70.25	-6.1518
70.24	-6.1515
70.24	-6.1516
70.23	-6.1517
70.23	-6.1513
70.23	-6.1515
70.23	-6.1512
70.23	-6.1512
70.22	-6.1512
70.22	-6.1511
70.21	-6.1509
70.21	-6.1509
70.21	-6.1509
70.21	-6.1506
70.20	-6.1505
70.20	-6.1503
70.20	-6.1503
70.20	-6.1500
70.20	-6.1502
70.20	-6.1502
70.20	-6.1499
70.19	-6.1498
70.19	-6.1496
70.19	-6.1495
70.18	-6.1495
70.18	-6.1495
70.18	-6.1493
70.17	-6.1494
70.17	-6.1493
70.17	-6.1490
70.17	-6.1490
70.17	-6.1487
70.16	-6.1488
70.16	-6.1484
70.16	-6.1486
70.16	-6.1483
70.15	-6.1484
70.14	-6.1483
70.14	-6.1481
70.14	-6.1481
70.14	-6.1479
70.14	-6.1477
70.14	-6.1476
70.13	-6.1475
70.13	-6.1475
70.13	-6.1475
70.13	-6.1475
70.13	-6.1472
70.12	-6.1471
70.12	-6.1471
70.12	-6.1470
70.12	-6.1469
70.11	-6.1469
70.11	-6.1466
70.11	-6.1465
70.10	-6.1465
70.10	-6.1463
70.10	-6.1464
70.10	-6.1463
70.09	-6.1463
70.09	-6.1462
70.09	-6.1460
70.09	-6.1461
70.08	-6.1459
70.08	-6.1455
70.08	-6.1457
70.08	-6.1454
70.08	-6.1455
70.08	-6.1451
70.07	-6.1452
70.07	-6.1451
70.07	-6.1451
70.06	-6.1450
70.06	-6.1451
70.06	-6.1450
70.05	-6.1447
70.05	-6.1446
70.05	-6.1446
70.05	-6.1445
70.05	-6.1443
70.05	-6.1443
70.04	-6.1441
70.04	-6.1440
70.04	-6.1438
70.04	-6.1438
70.03	-6.1439
70.03	-6.1436
70.03	-6.1435
70.02	-6.1433
70.02	-6.1432
70.02	-6.1433
70.01	-6.1433
70.01	-6.1431
70.01	-6.1431
70.01	-6.1429
70.01	-6.1429
70.00	-6.1428
70.00	-6.1427
70.00	-6.1426
69.99	-6.1426
69.99	-6.1427
69.99	-6.1422
69.99	-6.1424
69.99	-6.1423
69.98	-6.1422
69.98	-6.1420
69.98	-6.1418
69.98	-6.1418
69.97	-6.1419
69.97	-6.1417
69.97	-6.1415
69.97	-6.1414
69.96	-6.1413
69.96	-6.1413
69.96	-6.1412
69.96	-6.1411
69.95	-6.1409
69.95	-6.1406
69.95	-6.1406
69.95	-6.1406
69.94	-6.1405
69.94	-6.1404
69.94	-6.1402
69.93	-6.1403
69.93	-6.1401
69.93	-6.1401
69.93	-6.1399
69.92	-6.1398
69.92	-6.1398
69.92	-6.1396
69.92	-6.1396
69.92	-6.1394
69.92	-6.1394
69.91	-6.1395
69.91	-6.1391
69.90	-6.1390
69.90	-6.1390
69.89	-6.1389
69.89	-6.1386
69.89	-6.1385
69.89	-6.1384
69.89	-6.1385
69.88	-6.1383
69.88	-6.1381
69.88	-6.1380
69.88	-6.1380
69.88	-6.1378
69.88	-6.1377
69.88	-6.1376
69.88	-6.1377
69.87	-6.1375
69.87	-6.1371
69.87	-6.1371
69.86	-6.1372
69.86	-6.1370
69.86	-6.1368
69.86	-6.1366
69.86	-6.1365
69.85	-6.1368
69.85	-6.1366
69.85	-6.1364
69.84	-6.1364
69.84	-6.1363
69.84	-6.1362
69.83	-6.1360
69.83	-6.1360
69.83	-6.1359
69.83	-6.1358
69.82	-6.1355
69.82	-6.1355
69.82	-6.1354
69.81	-6.1355
69.81	-6.1351
69.81	-6.1350
69.81	-6.1350
69.80	-6.1347
69.80	-6.1349
69.80	-6.1348
69.80	-6.1347
69.79	-6.1347
69.79	-6.1345
69.79	-6.1343
69.79	-6.1345
69.78	-6.1343
69.78	-6.1343
69.78	-6.1343
69.78	-6.1341
69.78	-6.1340
69.78	-6.1338
69.77	-6.1338
69.77	-6.1335
69.77	-6.1335
69.76	-6.1335
69.76	-6.1332
69.76	-6.1334
69.76	-6.1329
69.75	-6.1330
69.75	-6.1329
69.75	-6.1328
69.75	-6.1326
69.75	-6.1326
69.75	-6.1326
69.74	-6.1322
69.74	-6.1322
69.74	-6.1320
69.73	-6.1319
69.73	-6.1317
69.73	-6.1318
69.73	-6.1315
69.73	-6.1314
69.72	-6.1314
69.72	-6.1313
69.72	-6.1314
69.71	-6.1312
69.71	-6.1311
69.71	-6.1311
69.71	-6.1308
69.71	-6.1307
69.70	-6.1307
69.70	-6.1306
69.70	-6.1304
69.69	-6.1305
69.69	-6.1302
69.69	-6.1301
69.69	-6.1301
69.69	-6.1300
69.68	-6.1298
69.68	-6.1300
69.68	-6.1298
69.67	-6.1298
69.67	-6.1294
69.67	-6.1291
69.67	-6.1289
69.66	-6.1290
69.66	-6.1289
69.66	-6.1287
69.66	-6.1286
69.65	-6.1285
69.65	-6.1284
69.64	-6.1281
69.64	-6.1279
69.64	-6.1277
69.64	-6.1279
69.64	-6.1280
69.64	-6.1279
69.64	-6.1277
69.63	-6.1274
69.63	-6.1275
69.63	-6.1273
69.63	-6.1274
69.63	-6.1274
69.62	-6.1271
69.62	-6.1269
69.62	-6.1269
69.61	-6.1268
69.61	-6.1269
69.61	-6.1267
69.60	-6.1266
69.60	-6.1265
69.60	-6.1262
69.59	-6.1263
69.59	-6.1260
69.59	-6.1259
69.59	-6.1258
69.59	-6.1257
69.59	-6.1255
69.58	-6.1255
69.58	-6.1252
69.58	-6.1253
69.58	-6.1253
69.58	-6.1250
69.57	-6.1251
69.57	-6.1247
69.57	-6.1247
69.57	-6.1247
69.56	-6.1245
69.56	-6.1243
69.56	-6.1242
69.56	-6.1242
69.55	-6.1243
69.55	-6.1240
69.55	-6.1242
69.54	-6.1239
69.54	-6.1237
69.53	-6.1237
69.53	-6.1237
69.53	-6.1236
69.53	-6.1234
69.53	-6.1234
69.53	-6.1233
69.52	-6.1230
69.52	-6.1229
69.52	-6.1226
69.52	-6.1226
69.52	-6.1225
69.51	-6.1224
69.51	-6.1225
69.51	-6.1223
69.51	-6.1221
69.50	-6.1220
69.50	-6.1221
69.50	-6.1216
69.50	-6.1217
69.49	-6.1216
69.49	-6.1215
69.48	-6.1214
69.48	-6.1211
69.48	-6.1210
69.48	-6.1209
69.47	-6.1207
69.47	-6.1207
69.47	-6.1206
69.47	-6.1204
69.47	-6.1204
69.46	-6.1202
69.46	-6.1203
69.46	-6.1201
69.45	-6.1200
69.45	-6.1196
69.45	-6.1196
69.45	-6.1196
69.44	-6.1195
69.44	-6.1192
69.44	-6.1191
69.44	-6.1192
69.44	-6.1193
69.43	-6.1192
69.43	-6.1190
69.43	-6.1189
69.42	-6.1187
69.42	-6.1185
69.42	-6.1186
69.42	-6.1187
69.42	-6.1184
69.41	-6.1184
69.41	-6.1183
69.41	-6.1183
69.41	-6.1180
69.40	-6.1179
69.40	-6.1178
69.39	-6.1178
69.39	-6.1178
69.39	-6.1175
69.39	-6.1174
69.39	-6.1171
69.39	-6.1174
69.38	-6.1172
69.38	-6.1171
69.38	-6.1169
69.38	-6.1169
69.37	-6.1167
69.37	-6.1163
69.37	-6.1164
69.37	-6.1163
69.36	-6.1161
69.36	-6.1161
69.36	-6.1162
69.36	-6.1160
69.35	-6.1161
69.35	-6.1158
69.34	-6.1159
69.34	-6.1157
69.34	-6.1156
69.34	-6.1155
69.33	-6.1154
69.33	-6.1153
69.33	-6.1152
69.33	-6.1150
69.33	-6.1151
69.33	-6.1150
69.32	-6.1150
69.32	-6.1148
69.32	-6.1148
69.31	-6.1148
69.31	-6.1146
69.31	-6.1147
69.31	-6.1146
69.31	-6.1144
69.30	-6.1142
69.30	-6.1140
69.30	-6.1142
69.29	-6.1144
69.29	-6.1140
69.29	-6.1140
69.28	-6.1140
69.28	-6.1138
69.28	-6.1136
69.28	-6.1135
69.28	-6.1135
69.27	-6.1135
69.27	-6.1134
69.27	-6.1134
69.27	-6.1132
69.27	-6.1134
69.27	-6.1130
69.27	-6.1130
69.27	-6.1129
69.27	-6.1131
69.26	-6.1130
69.26	-6.1129
69.25	-6.1127
69.25	-6.1127
69.25	-6.1125
69.24	-6.1126
69.24	-6.1125
69.24	-6.1125
69.23	-6.1122
69.23	-6.1122
69.23	-6.1122
69.23	-6.1120
69.23	-6.1119
69.22	-6.1120
69.22	-6.1118
69.22	-6.1117
69.22	-6.1117
69.22	-6.1117
69.21	-6.1116
69.21	-6.1113
69.20	-6.1114
69.20	-6.1111
69.20	-6.1112
69.20	-6.1112
69.19	-6.1109
69.19	-6.1108
69.19	-6.1104
69.19	-6.1106
69.18	-6.1104
69.18	-6.1100
69.18	-6.1102
69.18	-6.1101
69.18	-6.1099
69.17	-6.1098
69.17	-6.1097
69.17	-6.1097
69.16	-6.1096
69.16	-6.1096
69.16	-6.1093
69.16	-6.1092
69.15	-6.1094
69.15	-6.1092
69.14	-6.1088
69.14	-6.1088
69.14	-6.1087
69.14	-6.1087
69.14	-6.1084
69.14	-6.1084
69.13	-6.1084
69.13	-6.1084
69.13	-6.1083
69.13	-6.1080
69.13	-6.1081
69.13	-6.1079
69.12	-6.1077
69.12	-6.1076
69.12	-6.1076
69.12	-6.1076
69.11	-6.1074
69.11	-6.1073
69.10	-6.1073
69.10	-6.1074
69.10	-6.1071
69.09	-6.1068
69.09	-6.1069
69.09	-6.1071
69.09	-6.1068
69.08	-6.1067
69.08	-6.1066
69.08	-6.1065
69.08	-6.1065
69.08	-6.1064
69.08	-6.1062
69.08	-6.1060
69.08	-6.1058
69.07	-6.1059
69.07	-6.1058
69.06	-6.1059
69.06	-6.1055
69.06	-6.1055
69.06	-6.1053
69.05	-6.1049
69.05	-6.1051
69.05	-6.1049
69.05	-6.1049
69.05	-6.1045
69.04	-6.1046
69.03	-6.1045
69.03	-6.1043
69.03	-6.1043
69.03	-6.1042
69.03	-6.1042
69.03	-6.1038
69.03	-6.1038
69.02	-6.1036
69.02	-6.1038
69.02	-6.1037
69.01	-6.1034
69.01	-6.1033
69.01	-6.1031
69.01	-6.1030
69.01	-6.1028
69.00	-6.1027
69.00	-6.1026
69.00	-6.1028
69.00	-6.1024
68.99	-6.1027
68.98	-6.1023
68.98	-6.1022
68.98	-6.1020
68.98	-6.1018
68.98	-6.1018
68.97	-6.1015
68.97	-6.1014
68.97	-6.1013
68.97	-6.1012
68.96	-6.1011
68.96	-6.1011
68.96	-6.1008
68.96	-6.1007
68.95	-6.1006
68.95	-6.1004
68.95	-6.1005
68.95	-6.1003
68.94	-6.1001
68.94	-6.1001
68.94	-6.1001
68.94	-6.0999
68.94	-6.0996
68.93	-6.0994
68.93	-6.0993
68.93	-6.0992
68.93	-6.0992
68.92	-6.0992
68.92	-6.0989
68.92	-6.0987
68.92	-6.0987
68.91	-6.0985
68.91	-6.0986
68.91	-6.0985
68.90	-6.0980
68.90	-6.0981
68.89	-6.0980
68.89	-6.0978
68.89	-6.0978
68.89	-6.0975
68.89	-6.0976
68.89	-6.0974
68.88	-6.0972
68.88	-6.0971
68.88	-6.0970
68.88	-6.0969
68.87	-6.0969
68.87	-6.0968
68.87	-6.0966
68.87	-6.0965
68.86	-6.0966
68.86	-6.0965
68.86	-6.0963
68.86	-6.0961
68.85	-6.0959
68.85	-6.0959
68.85	-6.0957
68.85	-6.0956
68.84	-6.0956
68.84	-6.0954
68.84	-6.0953
68.84	-6.0953
68.84	-6.0949
68.84	-6.0947
68.83	-6.0948
68.83	-6.0948
68.83	-6.0946
68.83	-6.0945
68.83	-6.0943
68.82	-6.0943
68.82	-6.0942
68.82	-6.0942
68.81	-6.0940
68.81	-6.0940
68.81	-6.0937
68.80	-6.0938
68.80	-6.0938
68.80	-6.0936
68.80	-6.0936
68.80	-6.0934
68.79	-6.0933
68.79	-6.0934
68.78	-6.0930
68.78	-6.0931
68.78	-6.0929
68.78	-6.0929
68.78	-6.0927
68.77	-6.0926
68.77	-6.0927
68.77	-6.0925
68.77	-6.0923
68.77	-6.0925
68.77	-6.0923
68.77	-6.0921
68.76	-6.0920
68.76	-6.0917
68.75	-6.0917
68.75	-6.0917
68.75	-6.0916
68.75	-6.0913
68.74	-6.0915
68.74	-6.0912
68.74	-6.0913
68.74	-6.0911
68.74	-6.0908
68.74	-6.0909
68.74	-6.0907
68.73	-6.0907
68.73	-6.0905
68.73	-6.0906
68.73	-6.0902
68.72	-6.0901
68.72	-6.0899
68.71	-6.0900
68.71	-6.0899
68.71	-6.0899
68.71	-6.0897
68.70	-6.0895
68.70	-6.0894
68.70	-6.0892
68.70	-6.0892
68.69	-6.0892
68.69	-6.0891
68.69	-6.0888
68.68	-6.0886
68.68	-6.0885
68.68	-6.0883
68.67	-6.0882
68.67	-6.0880
68.67	-6.0880
68.67	-6.0880
68.67	-6.0879
68.67	-6.0877
68.66	-6.0878
68.66	-6.0877
68.66	-6.0873
68.65	-6.0874
68.64	-6.0872
68.64	-6.0873
68.64	-6.0871
68.64	-6.0870
68.64	-6.0869
68.64	-6.0870
68.64	-6.0867
68.63	-6.0867
68.63	-6.0864
68.63	-6.0865
68.63	-6.0867
68.62	-6.0863
68.62	-6.0863
68.62	-6.0862
68.62	-6.0861
68.61	-6.0860
68.61	-6.0859
68.61	-6.0859
68.61	-6.0858
68.61	-6.0857
68.60	-6.0854
68.60	-6.0852
68.60	-6.0852
68.59	-6.0851
68.59	-6.0850
68.59	-6.0849
68.59	-6.0846
68.59	-6.0845
68.58	-6.0845
68.58	-6.0844
68.58	-6.0844
68.58	-6.0843
68.57	-6.0842
68.57	-6.0839
68.57	-6.0840
68.56	-6.0840
68.56	-6.0837
68.56	-6.0836
68.56	-6.0836
68.55	-6.0834
68.55	-6.0834
68.55	-6.0831
68.55	-6.0833
68.55	-6.0831
68.54	-6.0831
68.54	-6.0830
68.54	-6.0828
68.53	-6.0829
68.53	-6.0825
68.53	-6.0827
68.53	-6.0825
68.52	-6.0822
68.52	-6.0821
68.52	-6.0822
68.52	-6.0821
68.52	-6.0821
68.52	-6.0820
68.51	-6.0820
68.51	-6.0817
68.50	-6.0816
68.50	-6.0815
68.50	-6.0813
68.50	-6.0814
68.50	-6.0812
68.50	-6.0814
68.49	-6.0810
68.49	-6.0809
68.49	-6.0809
68.49	-6.0808
68.48	-6.0809
68.48	-6.0806
68.48	-6.0806
68.48	-6.0804
68.47	-6.0805
68.47	-6.0803
68.46	-6.0801
68.46	-6.0803
68.46	-6.0800
68.46	-6.0801
68.45	-6.0800
68.45	-6.0799
68.45	-6.0798
68.45	-6.0794
68.45	-6.0795
68.44	-6.0795
68.44	-6.0793
68.43	-6.0791
68.43	-6.0791
68.43	-6.0788
68.43	-6.0788
68.43	-6.0786
68.42	-6.0787
68.42	-6.0784
68.42	-6.0782
68.42	-6.0783
68.41	-6.0780
68.41	-6.0781
68.41	-6.0779
68.41	-6.0779
68.40	-6.0777
68.40	-6.0775
68.40	-6.0775
68.40	-6.0775
68.40	-6.0772
68.39	-6.0773
68.39	-6.0772
68.39	-6.0770
68.39	-6.0766
68.39	-6.0766
68.38	-6.0764
68.38	-6.0766
68.38	-6.0765
68.38	-6.0762
68.37	-6.0761
68.37	-6.0760
68.36	-6.0759
68.36	-6.0759
68.36	-6.0758
68.36	-6.0756
68.36	-6.0756
68.35	-6.0756
68.35	-6.0755
68.34	-6.0755
68.34	-6.0753
68.34	-6.0753
68.34	-6.0751
68.34	-6.0751
68.33	-6.0752
68.33	-6.0750
68.33	-6.0749
68.33	-6.0749
68.33	-6.0749
68.33	-6.0745
68.32	-6.0746
68.32	-6.0745
68.32	-6.0745
68.32	-6.0743
68.31	-6.0742
68.31	-6.0741
68.31	-6.0740
68.30	-6.0739
68.30	-6.0736
68.30	-6.0738
68.30	-6.0734
68.30	-6.0736
68.29	-6.0733
68.29	-6.0732
68.29	-6.0731
68.29	-6.0730
68.28	-6.0729
68.28	-6.0729
68.28	-6.0726
68.27	-6.0727
68.27	-6.0727
68.27	-6.0727
68.27	-6.0725
68.26	-6.0724
68.26	-6.0722
68.26	-6.0720
68.25	-6.0721
68.25	-6.0720
68.25	-6.0720
68.25	-6.0717
68.25	-6.0718
68.25	-6.0716
68.24	-6.0716
68.24	-6.0713
68.24	-6.0712
68.23	-6.0713
68.23	-6.0713
68.23	-6.0711
68.23	-6.0709
68.22	-6.0707
68.22	-6.0705
68.22	-6.0704
68.21	-6.0705
68.21	-6.0706
68.21	-6.0703
68.21	-6.0701
68.20	-6.0700
68.20	-6.0699
68.20	-6.0698
68.20	-6.0697
68.19	-6.0695
68.19	-6.0696
68.19	-6.0692
68.19	-6.0693
68.18	-6.0693
68.18	-6.0692
68.18	-6.0691
68.18	-6.0693
68.17	-6.0690
68.17	-6.0691
68.17	-6.0690
68.17	-6.0685
68.17	-6.0689
68.17	-6.0686
68.16	-6.0684
68.16	-6.0682
68.15	-6.0682
68.15	-6.0682
68.15	-6.0681
68.15	-6.0679
68.14	-6.0677
68.14	-6.0677
68.14	-6.0676
68.14	-6.0675
68.14	-6.0674
68.14	-6.0674
68.13	-6.0671
68.13	-6.0671
68.13	-6.0668
68.13	-6.0668
68.12	-6.0665
68.12	-6.0668
68.12	-6.0665
68.12	-6.0664
68.12	-6.0663
68.11	-6.0663
68.11	-6.0662
68.10	-6.0661
68.10	-6.0660
68.09	-6.0658
68.09	-6.0657
68.09	-6.0655
68.09	-6.0655
68.09	-6.0654
68.08	-6.0654
68.08	-6.0650
68.08	-6.0651
68.07	-6.0648
68.07	-6.0650
68.07	-6.0649
68.07	-6.0646
68.07	-6.0646
68.06	-6.0644
68.06	-6.0644
68.05	-6.0642
68.05	-6.0643
68.05	-6.0639
68.05	-6.0639
68.05	-6.0636
68.05	-6.0638
68.05	-6.0635
68.04	-6.0635
68.04	-6.0632
68.04	-6.0634
68.04	-6.0630
68.04	-6.0630
68.03	-6.0628
68.03	-6.0630
68.02	-6.0628
68.02	-6.0628
68.02	-6.0627
68.02	-6.0626
68.01	-6.0625
68.01	-6.0625
68.01	-6.0621
68.01	-6.0623
68.01	-6.0620
68.00	-6.0620
68.00	-6.0618
68.00	-6.0619
68.00	-6.0618
67.99	-6.0614
67.99	-6.0613
67.99	-6.0615
67.98	-6.0612
67.98	-6.0612
67.98	-6.0612
67.97	-6.0608
67.97	-6.0610
67.97	-6.0607
67.97	-6.0605
67.97	-6.0604
67.97	-6.0604
67.96	-6.0604
67.96	-6.0603
67.96	-6.0600
67.95	-6.0601
67.95	-6.0599
67.95	-6.0599
67.95	-6.0598
67.95	-6.0596
67.94	-6.0597
67.94	-6.0595
67.94	-6.0593
67.94	-6.0594
67.94	-6.0590
67.93	-6.0592
67.93	-6.0592
67.93	-6.0589
67.93	-6.0590
67.92	-6.0587
67.92	-6.0587
67.92	-6.0586
67.92	-6.0586
67.91	-6.0584
67.91	-6.0583
67.91	-6.0584
67.90	-6.0582
67.90	-6.0581
67.90	-6.0581
67.89	-6.0579
67.89	-6.0578
67.89	-6.0578
67.89	-6.0579
67.89	-6.0577
67.89	-6.0577
67.88	-6.0576
67.88	-6.0574
67.88	-6.0573
67.88	-6.0573
67.88	-6.0570
67.87	-6.0571
67.87	-6.0568
67.87	-6.0568
67.86	-6.0565
67.86	-6.0566
67.86	-6.0567
67.86	-6.0564
67.86	-6.0564
67.86	-6.0564
67.85	-6.0562
67.85	-6.0562
67.84	-6.0561
67.84	-6.0560
67.84	-6.0558
67.84	-6.0557
67.84	-6.0557
67.83	-6.0555
67.83	-6.0554
67.83	-6.0552
67.83	-6.0554
67.82	-6.0553
67.82	-6.0551
67.82	-6.0548
67.81	-6.0547
67.81	-6.0547
67.81	-6.0545
67.81	-6.0546
67.81	-6.0543
67.80	-6.0542
67.80	-6.0543
67.80	-6.0539
67.80	-6.0537
67.79	-6.0536
67.79	-6.0535
67.79	-6.0534
67.78	-6.0532
67.78	-6.0531
67.78	-6.0530
67.78	-6.0530
67.78	-6.0527
67.77	-6.0526
67.77	-6.0527
67.77	-6.0525
67.77	-6.0525
67.77	-6.0522
67.77	-6.0522
67.76	-6.0519
67.76	-6.0518
67.75	-6.0517
67.75	-6.0515
67.75	-6.0515
67.75	-6.0514
67.75	-6.0511
67.74	-6.0512
67.74	-6.0511
67.74	-6.0509
67.74	-6.0508
67.74	-6.0507
67.73	-6.0505
67.73	-6.0506
67.72	-6.0505
67.72	-6.0505
67.71	-6.0501
67.71	-6.0504
67.71	-6.0502
67.71	-6.0502
67.70	-6.0502
67.70	-6.0500
67.70	-6.0499
67.70	-6.0498
67.70	-6.0496
67.69	-6.0496
67.69	-6.0494
67.69	-6.0492
67.69	-6.0492
67.69	-6.0490
67.69	-6.0492
67.68	-6.0491
67.68	-6.0491
67.68	-6.0489
67.67	-6.0488
67.67	-6.0487
67.67	-6.0488
67.67	-6.0486
67.67	-6.0487
67.66	-6.0483
67.65	-6.0483
67.65	-6.0483
67.65	-6.0482
67.65	-6.0480
67.64	-6.0480
67.64	-6.0480
67.64	-6.0479
67.64	-6.0478
67.64	-6.0477
67.63	-6.0475
67.63	-6.0476
67.63	-6.0475
67.63	-6.0471
67.62	-6.0473
67.62	-6.0472
67.62	-6.0468
67.62	-6.0469
67.62	-6.0466
67.61	-6.0468
67.61	-6.0466
67.60	-6.0465
67.60	-6.0464
67.60	-6.0463
67.59	-6.0461
67.59	-6.0458
67.59	-6.0460
67.59	-6.0457
67.59	-6.0456
67.59	-6.0456
67.58	-6.0454
67.58	-6.0454
67.58	-6.0452
67.58	-6.0450
67.57	-6.0450
67.57	-6.0449
67.57	-6.0447
67.57	-6.0446
67.57	-6.0446
67.57	-6.0444
67.56	-6.0446
67.56	-6.0442
67.56	-6.0443
67.55	-6.0442
67.55	-6.0439
67.55	-6.0438
67.55	-6.0437
67.55	-6.0438
67.55	-6.0436
67.54	-6.0435
67.54	-6.0433
67.53	-6.0433
67.53	-6.0431
67.53	-6.0430
67.52	-6.0429
67.52	-6.0431
67.52	-6.0429
67.52	-6.0428
67.51	-6.0424
67.51	-6.0425
67.51	-6.0421
67.51	-6.0420
67.50	-6.0422
67.50	-6.0420
67.50	-6.0418
67.50	-6.0419
67.50	-6.0413
67.50	-6.0415
67.49	-6.0415
67.49	-6.0413
67.48	-6.0411
67.48	-6.0412
67.48	-6.0410
67.48	-6.0409
67.47	-6.0407
67.47	-6.0407
67.47	-6.0405
67.47	-6.0404
67.47	-6.0402
67.46	-6.0404
67.46	-6.0400
67.45	-6.0400
67.45	-6.0399
67.45	-6.0398
67.45	-6.0397
67.45	-6.0395
67.45	-6.0395
67.45	-6.0393
67.44	-6.0394
67.44	-6.0391
67.44	-6.0391
67.43	-6.0390
67.43	-6.0388
67.43	-6.0390
67.43	-6.0386
67.42	-6.0388
67.42	-6.0384
67.42	-6.0385
67.42	-6.0383
67.42	-6.0382
67.41	-6.0382
67.41	-6.0380
67.40	-6.0379
67.40	-6.0378
67.40	-6.0376
67.39	-6.0375
67.39	-6.0376
67.39	-6.0374
67.39	-6.0372
67.39	-6.0374
67.38	-6.0370
67.38	-6.0369
67.38	-6.0370
67.38	-6.0368
67.38	-6.0368
67.38	-6.0367
67.38	-6.0365
67.37	-6.0363
67.37	-6.0364
67.37	-6.0361
67.36	-6.0359
67.36	-6.0362
67.36	-6.0360
67.35	-6.0358
67.35	-6.0356
67.34	-6.0357
67.34	-6.0356
67.34	-6.0356
67.34	-6.0353
67.34	-6.0353
67.33	-6.0351
67.33	-6.0353
67.33	-6.0353
67.33	-6.0349
67.33	-6.0349
67.33	-6.0349
67.32	-6.0348
67.32	-6.0345
67.32	-6.0343
67.31	-6.0343
67.31	-6.0342
67.30	-6.0341
67.30	-6.0340
67.30	-6.0338
67.30	-6.0338
67.30	-6.0338
67.30	-6.0337
67.30	-6.0335
67.29	-6.0335
67.29	-6.0334
67.29	-6.0333
67.29	-6.0331
67.28	-6.0331
67.28	-6.0332
67.28	-6.0329
67.27	-6.0328
67.27	-6.0326
67.27	-6.0326
67.27	-6.0324
67.26	-6.0325
67.26	-6.0323
67.26	-6.0324
67.25	-6.0321
67.25	-6.0321
67.25	-6.0319
67.25	-6.0319
67.25	-6.0319
67.25	-6.0317
67.24	-6.0317
67.24	-6.0315
67.24	-6.0314
67.23	-6.0315
67.23	-6.0312
67.23	-6.0311
67.23	-6.0311
67.22	-6.0311
67.22	-6.0310
67.22	-6.0310
67.22	-6.0307
67.21	-6.0307
67.20	-6.0306
67.20	-6.0303
67.20	-6.0304
67.20	-6.0302
67.20	-6.0301
67.20	-6.0301
67.20	-6.0297
67.19	-6.0296
67.19	-6.0296
67.19	-6.0294
67.18	-6.0293
67.18	-6.0292
67.18	-6.0291
67.18	-6.0291
67.18	-6.0287
67.17	-6.0287
67.17	-6.0287
67.17	-6.0284
67.17	-6.0285
67.17	-6.0282
67.17	-6.0282
67.16	-6.0283
67.16	-6.0279
67.15	-6.0278
67.15	-6.0279
67.14	-6.0275
67.14	-6.0275
67.14	-6.0275
67.14	-6.0273
67.14	-6.0273
67.13	-6.0271
67.13	-6.0271
67.13	-6.0269
67.13	-6.0268
67.13	-6.0265
67.13	-6.0265
67.13	-6.0266
67.12	-6.0264
67.12	-6.0261
67.12	-6.0259
67.11	-6.0261
67.11	-6.0260
67.11	-6.0258
67.10	-6.0257
67.10	-6.0256
67.10	-6.0255
67.10	-6.0253
67.10	-6.0251
67.09	-6.0252
67.09	-6.0251
67.09	-6.0250
67.08	-6.0248
67.08	-6.0247
67.08	-6.0248
67.08	-6.0249
67.07	-6.0245
67.07	-6.0245
67.07	-6.0243
67.07	-6.0242
67.07	-6.0242
67.07	-6.0240
67.07	-6.0240
67.06	-6.0238
67.06	-6.0238
67.06	-6.0236
67.05	-6.0235
67.05	-6.0232
67.05	-6.0233
67.05	-6.0232
67.05	-6.0232
67.04	-6.0229
67.04	-6.0227
67.03	-6.0227
67.03	-6.0225
67.03	-6.0226
67.03	-6.0224
67.02	-6.0223
67.02	-6.0221
67.02	-6.0219
67.02	-6.0218
67.02	-6.0218
67.02	-6.0215
67.01	-6.0215
67.01	-6.0216
67.00	-6.0213
67.00	-6.0213
67.00	-6.0213
67.00	-6.0211
66.99	-6.0208
66.99	-6.0208
66.99	-6.0206
66.99	-6.0206
66.99	-6.0205
66.98	-6.0206
66.98	-6.0201
66.97	-6.0202
66.97	-6.0201
66.97	-6.0200
66.97	-6.0198
66.96	-6.0200
66.96	-6.0198
66.95	-6.0198
66.95	-6.0197
66.95	-6.0196
66.95	-6.0194
66.95	-6.0194
66.95	-6.0194
66.95	-6.0192
66.95	-6.0190
66.94	-6.0191
66.94	-6.0189
66.94	-6.0188
66.94	-6.0186
66.93	-6.0186
66.93	-6.0182
66.93	-6.0183
66.92	-6.0183
66.92	-6.0181
66.92	-6.0181
66.92	-6.0180
66.92	-6.0179
66.92	-6.0177
66.91	-6.0177
66.91	-6.0176
66.91	-6.0175
66.91	-6.0174
66.90	-6.0173
66.90	-6.0174
66.90	-6.0172
66.89	-6.0171
66.89	-6.0168
66.89	-6.0168
66.88	-6.0166
66.88	-6.0166
66.88	-6.0166
66.88	-6.0164
66.88	-6.0162
66.88	-6.0161
66.87	-6.0162
66.87	-6.0160
66.87	-6.0160
66.87	-6.0158
66.86	-6.0158
66.85	-6.0155
66.85	-6.0155
66.85	-6.0152
66.85	-6.0154
66.84	-6.0151
66.84	-6.0149
66.84	-6.0149
66.84	-6.0147
66.83	-6.0147
66.83	-6.0146
66.83	-6.0144
66.83	-6.0143
66.83	-6.0143
66.82	-6.0142
66.82	-6.0138
66.82	-6.0138
66.82	-6.0139
66.82	-6.0138
66.81	-6.0138
66.81	-6.0137
66.81	-6.0134
66.80	-6.0133
66.80	-6.0133
66.80	-6.0130
66.80	-6.0129
66.79	-6.0128
66.79	-6.0127
66.78	-6.0127
66.78	-6.0124
66.78	-6.0125
66.78	-6.0125
66.78	-6.0125
66.78	-6.0124
66.77	-6.0122
66.77	-6.0120
66.77	-6.0117
66.77	-6.0117
66.77	-6.0117
66.77	-6.0117
66.77	-6.0116
66.76	-6.0115
66.76	-6.0114
66.75	-6.0115
66.75	-6.0113
66.75	-6.0112
66.75	-6.0107
66.75	-6.0106
66.75	-6.0107
66.74	-6.0106
66.74	-6.0106
66.74	-6.0105
66.73	-6.0103
66.73	-6.0103
66.72	-6.0102
66.72	-6.0101
66.72	-6.0099
66.71	-6.0100
66.71	-6.0098
66.71	-6.0096
66.71	-6.0097
66.71	-6.0095
66.71	-6.0095
66.70	-6.0092
66.70	-6.0090
66.70	-6.0092
66.70	-6.0091
66.70	-6.0090
66.69	-6.0090
66.69	-6.0088
66.68	-6.0088
66.68	-6.0088
66.68	-6.0087
66.68	-6.0085
66.67	-6.0084
66.67	-6.0084
66.67	-6.0083
66.67	-6.0084
66.67	-6.0082
66.66	-6.0080
66.66	-6.0079
66.66	-6.0076
66.66	-6.0078
66.65	-6.0076
66.65	-6.0074
66.65	-6.0074
66.65	-6.0073
66.64	-6.0071
66.64	-6.0068
66.64	-6.0069
66.63	-6.0066
66.63	-6.0067
66.63	-6.0066
66.63	-6.0067
66.63	-6.0063
66.63	-6.0064
66.63	-6.0064
66.62	-6.0062
66.62	-6.0059
66.62	-6.0060
66.61	-6.0059
66.61	-6.0057
66.61	-6.0057
66.60	-6.0056
66.60	-6.0055
66.60	-6.0053
66.59	-6.0054
66.59	-6.0051
66.59	-6.0051
66.59	-6.0052
66.58	-6.0052
66.58	-6.0052
66.58	-6.0046
66.58	-6.0045
66.58	-6.0046
66.58	-6.0045
66.58	-6.0045
66.57	-6.0043
66.57	-6.0041
66.56	-6.0040
66.56	-6.0039
66.56	-6.0037
66.56	-6.0036
66.55	-6.0034
66.55	-6.0032
66.55	-6.0032
66.55	-6.0034
66.54	-6.0032
66.54	-6.0029
66.54	-6.0029
66.54	-6.0028
66.53	-6.0027
66.53	-6.0025
66.53	-6.0024
66.53	-6.0022
66.53	-6.0022
66.52	-6.0021
66.52	-6.0020
66.52	-6.0019
66.52	-6.0017
66.51	-6.0014
66.51	-6.0013
66.51	-6.0013
66.51	-6.0011
66.50	-6.0010
66.50	-6.0009
66.50	-6.0009
66.50	-6.0007
66.49	-6.0007
66.49	-6.0006
66.49	-6.0005
66.49	-6.0002
66.49	-6.0002
66.48	-6.0002
66.48	-6.0001
66.48	-6.0000
66.47	-5.9998
66.47	-5.9994
66.47	-5.9995
66.47	-5.9994
66.46	-5.9993
66.46	-5.9992
66.45	-5.9992
66.45	-5.9990
66.45	-5.9988
66.45	-5.9988
66.45	-5.9987
66.44	-5.9987
66.44	-5.9986
66.44	-5.9986
66.43	-5.9986
66.43	-5.9982
66.43	-5.9983
66.43	-5.9981
66.42	-5.9981
66.42	-5.9981
66.42	-5.9980
66.42	-5.9977
66.42	-5.9977
66.42	-5.9975
66.42	-5.9976
66.41	-5.9972
66.40	-5.9971
66.40	-5.9970
66.40	-5.9970
66.40	-5.9968
66.39	-5.9969
66.39	-5.9966
66.39	-5.9965
66.39	-5.9966
66.38	-5.9965
66.38	-5.9964
66.38	-5.9963
66.38	-5.9962
66.38	-5.9960
66.37	-5.9960
66.37	-5.9957
66.37	-5.9956
66.37	-5.9957
66.37	-5.9954
66.37	-5.9953
66.36	-5.9953
66.36	-5.9950
66.35	-5.9949
66.35	-5.9948
66.35	-5.9949
66.35	-5.9946
66.35	-5.9947
66.34	-5.9944
66.34	-5.9943
66.34	-5.9943
66.33	-5.9944
66.33	-5.9939
66.33	-5.9940
66.32	-5.9940
66.32	-5.9939
66.32	-5.9939
66.32	-5.9938
66.32	-5.9937
66.31	-5.9936
66.31	-5.9937
66.31	-5.9934
66.31	-5.9934
66.30	-5.9933
66.30	-5.9933
66.30	-5.9930
66.30	-5.9928
66.30	-5.9927
66.29	-5.9927
66.29	-5.9925
66.29	-5.9926
66.28	-5.9922
66.28	-5.9922
66.28	-5.9922
66.28	-5.9919
66.27	-5.9919
66.27	-5.9915
66.27	-5.9914
66.27	-5.9915
66.26	-5.9916
66.26	-5.9913
66.26	-5.9915
66.26	-5.9913
66.25	-5.9910
66.25	-5.9909
66.25	-5.9909
66.25	-5.9910
66.24	-5.9908
66.24	-5.9909
66.24	-5.9908
66.23	-5.9906
66.23	-5.9906
66.23	-5.9906
66.23	-5.9903
66.23	-5.9902
66.22	-5.9901
66.22	-5.9901
66.22	-5.9901
66.22	-5.9901
66.21	-5.9900
66.21	-5.9899
66.21	-5.9898
66.21	-5.9896
66.20	-5.9898
66.20	-5.9897
66.20	-5.9896
66.19	-5.9895
66.19	-5.9895
66.19	-5.9893
66.19	-5.9893
66.19	-5.9893
66.18	-5.9891
66.18	-5.9891
66.18	-5.9889
66.18	-5.9887
66.17	-5.9887
66.17	-5.9887
66.17	-5.9887
66.17	-5.9884
66.17	-5.9884
66.17	-5.9882
66.17	-5.9884
66.16	-5.9882
66.16	-5.9881
66.16	-5.9881
66.15	-5.9877
66.15	-5.9878
66.14	-5.9877
66.14	-5.9875
66.14	-5.9875
66.14	-5.9874
66.14	-5.9874
66.14	-5.9871
66.13	-5.9871
66.13	-5.9871
66.13	-5.9868
66.13	-5.9869
66.12	-5.9869
66.12	-5.9869
66.12	-5.9866
66.11	-5.9866
66.11	-5.9865
66.11	-5.9864
66.11	-5.9860
66.11	-5.9860
66.11	-5.9862
66.10	-5.9859
66.10	-5.9859
66.09	-5.9857
66.09	-5.9857
66.09	-5.9856
66.09	-5.9854
66.09	-5.9855
66.08	-5.9854
66.08	-5.9853
66.08	-5.9851
66.08	-5.9851
66.08	-5.9850
66.07	-5.9849
66.07	-5.9849
66.07	-5.9846
66.06	-5.9845
66.06	-5.9847
66.06	-5.9845
66.05	-5.9845
66.05	-5.9845
66.05	-5.9843
66.05	-5.9842
66.05	-5.9842
66.04	-5.9842
66.04	-5.9840
66.04	-5.9838
66.04	-5.9838
66.03	-5.9838
66.03	-5.9836
66.03	-5.9837
66.03	-5.9834
66.03	-5.9832
66.02	-5.9830
66.02	-5.9828
66.02	-5.9827
66.01	-5.9828
66.01	-5.9826
66.00	-5.9823
66.00	-5.9823
66.00	-5.9824
66.00	-5.9823
66.00	-5.9821
66.00	-5.9818
66.00	-5.9819
65.99	-5.9817
65.99	-5.9816
65.99	-5.9818
65.98	-5.9814
65.98	-5.9816
65.98	-5.9814
65.97	-5.9813
65.97	-5.9813
65.97	-5.9811
65.97	-5.9810
65.97	-5.9808
65.96	-5.9808
65.96	-5.9805
65.96	-5.9805
65.95	-5.9804
65.95	-5.9804
65.95	-5.9802
65.95	-5.9802
65.95	-5.9800
65.95	-5.9798
65.95	-5.9796
65.94	-5.9798
65.94	-5.9794
65.93	-5.9796
65.93	-5.9795
65.93	-5.9792
65.93	-5.9793
65.92	-5.9791
65.92	-5.9791
65.92	-5.9789
65.92	-5.9790
65.91	-5.9786
65.91	-5.9787
65.91	-5.9786
65.90	-5.9785
65.90	-5.9783
65.89	-5.9781
65.89	-5.9781
65.89	-5.9780
65.89	-5.9778
65.89	-5.9779
65.89	-5.9778
65.89	-5.9778
65.88	-5.9776
65.88	-5.9778
65.88	-5.9775
65.88	-5.9772
65.87	-5.9772
65.87	-5.9773
65.87	-5.9771
65.86	-5.9770
65.86	-5.9768
65.86	-5.9768
65.85	-5.9766
65.85	-5.9767
65.85	-5.9765
65.85	-5.9764
65.85	-5.9764
65.85	-5.9760
65.85	-5.9761
65.85	-5.9760
65.84	-5.9759
65.84	-5.9758
65.83	-5.9758
65.83	-5.9754
65.83	-5.9753
65.83	-5.9753
65.83	-5.9753
65.82	-5.9753
65.82	-5.9753
65.82	-5.9750
65.81	-5.9750
65.81	-5.9747
65.81	-5.9744
65.80	-5.9748
65.80	-5.9747
65.80	-5.9744
65.80	-5.9742
65.80	-5.9742
65.80	-5.9742
65.80	-5.9741
65.79	-5.9741
65.79	-5.9736
65.79	-5.9738
65.78	-5.9736
65.78	-5.9734
65.78	-5.9734
65.78	-5.9733
65.77	-5.9735
65.77	-5.9731
65.77	-5.9732
65.77	-5.9733
65.77	-5.9730
65.76	-5.9730
65.75	-5.9729
65.75	-5.9727
65.75	-5.9726
65.75	-5.9727
65.75	-5.9725
65.74	-5.9724
65.74	-5.9724
65.74	-5.9722
65.74	-5.9723
65.73	-5.9722
65.73	-5.9721
65.72	-5.9718
65.72	-5.9718
65.72	-5.9716
65.72	-5.9714
65.72	-5.9712
65.71	-5.9713
65.71	-5.9711
65.71	-5.9711
65.71	-5.9708
65.70	-5.9709
65.70	-5.9706
65.70	-5.9705
65.70	-5.9704
65.69	-5.9706
65.69	-5.9702
65.69	-5.9700
65.69	-5.9699
65.69	-5.9700
65.68	-5.9697
65.68	-5.9697
65.67	-5.9695
65.67	-5.9695
65.67	-5.9695
65.67	-5.9694
65.67	-5.9690
65.67	-5.9691
65.67	-5.9688
65.66	-5.9690
65.66	-5.9687
65.66	-5.9684
65.66	-5.9685
65.65	-5.9683
65.65	-5.9682
65.65	-5.9682
65.64	-5.9681
65.64	-5.9679
65.63	-5.9681
65.63	-5.9679
65.63	-5.9678
65.63	-5.9678
65.63	-5.9675
65.63	-5.9673
65.62	-5.9672
65.62	-5.9670
65.62	-5.9671
65.62	-5.9668
65.61	-5.9668
65.61	-5.9668
65.61	-5.9667
65.61	-5.9664
65.60	-5.9664
65.60	-5.9661
65.60	-5.9662
65.59	-5.9660
65.59	-5.9659
65.59	-5.9659
65.59	-5.9656
65.59	-5.9657
65.58	-5.9656
65.58	-5.9654
65.58	-5.9656
65.58	-5.9655
65.57	-5.9653
65.57	-5.9651
65.57	-5.9649
65.57	-5.9649
65.56	-5.9649
65.56	-5.9647
65.55	-5.9647
65.55	-5.9645
65.55	-5.9646
65.55	-5.9642
65.55	-5.9642
65.55	-5.9641
65.54	-5.9639
65.54	-5.9638
65.54	-5.9637
65.54	-5.9636
65.53	-5.9635
65.53	-5.9635
65.53	-5.9635
65.53	-5.9633
65.53	-5.9632
65.52	-5.9630
65.52	-5.9631
65.51	-5.9630
65.51	-5.9630
65.51	-5.9627
65.50	-5.9629
65.50	-5.9625
65.50	-5.9623
65.50	-5.9624
65.50	-5.9622
65.50	-5.9621
65.50	-5.9621
65.49	-5.9619
65.49	-5.9619
65.48	-5.9617
65.48	-5.9616
65.48	-5.9614
65.48	-5.9614
65.48	-5.9615
65.48	-5.9612
65.47	-5.9612
65.47	-5.9608
65.47	-5.9610
65.46	-5.9607
65.46	-5.9606
65.46	-5.9604
65.46	-5.9604
65.45	-5.9605
65.45	-5.9602
65.45	-5.9600
65.45	-5.9601
65.44	-5.9601
65.44	-5.9599
65.43	-5.9598
65.43	-5.9597
65.43	-5.9597
65.43	-5.9595
65.42	-5.9592
65.42	-5.9596
65.42	-5.9592
65.42	-5.9590
65.42	-5.9589
65.42	-5.9589
65.42	-5.9589
65.41	-5.9586
65.41	-5.9585
65.41	-5.9585
65.40	-5.9583
65.40	-5.9581
65.40	-5.9582
65.40	-5.9581
65.39	-5.9576
65.39	-5.9577
65.39	-5.9574
65.38	-5.9576
65.38	-5.9575
65.38	-5.9574
65.38	-5.9572
65.38	-5.9569
65.38	-5.9569
65.38	-5.9568
65.38	-5.9565
65.37	-5.9564
65.37	-5.9565
65.37	-5.9562
65.36	-5.9559
65.36	-5.9558
65.36	-5.9558
65.35	-5.9557
65.35	-5.9553
65.34	-5.9552
65.34	-5.9552
65.33	-5.9548
65.33	-5.9549
65.33	-5.9544
65.33	-5.9547
65.33	-5.9543
65.33	-5.9542
65.33	-5.9540
65.32	-5.9538
65.32	-5.9537
65.32	-5.9536
65.32	-5.9535
65.31	-5.9534
65.31	-5.9534
65.31	-5.9534
65.31	-5.9529
65.31	-5.9529
65.30	-5.9528
65.30	-5.9527
65.30	-5.9525
65.30	-5.9524
65.29	-5.9523
65.29	-5.9522
65.29	-5.9522
65.29	-5.9523
65.28	-5.9521
65.28	-5.9520
65.28	-5.9519
65.28	-5.9518
65.28	-5.9518
65.27	-5.9518
65.27	-5.9516
65.27	-5.9517
65.27	-5.9513
65.26	-5.9513
65.26	-5.9510
65.25	-5.9511
65.25	-5.9510
65.25	-5.9510
65.25	-5.9506
65.25	-5.9507
65.24	-5.9505
65.24	-5.9504
65.24	-5.9505
65.24	-5.9504
65.24	-5.9505
65.24	-5.9504
65.23	-5.9502
65.22	-5.9501
65.22	-5.9501
65.22	-5.9500
65.22	-5.9498
65.22	-5.9499
65.21	-5.9496
65.21	-5.9496
65.21	-5.9495
65.21	-5.9494
65.20	-5.9491
65.20	-5.9494
65.20	-5.9492
65.19	-5.9493
65.19	-5.9488
65.19	-5.9493
65.19	-5.9491
65.18	-5.9490
65.18	-5.9487
65.18	-5.9486
65.18	-5.9487
65.18	-5.9487
65.17	-5.9487
65.17	-5.9484
65.17	-5.9486
65.17	-5.9482
65.17	-5.9483
65.16	-5.9481
65.16	-5.9481
65.16	-5.9479
65.16	-5.9480
65.15	-5.9478
65.15	-5.9478
65.15	-5.9478
65.15	-5.9475
65.15	-5.9474
65.14	-5.9474
65.14	-5.9475
65.14	-5.9473
65.14	-5.9473
65.13	-5.9471
65.13	-5.9473
65.13	-5.9471
65.13	-5.9470
65.12	-5.9472
65.12	-5.9469
65.12	-5.9469
65.11	-5.9467
65.11	-5.9466
65.11	-5.9467
65.11	-5.9467
65.11	-5.9467
65.10	-5.9464
65.10	-5.9464
65.09	-5.9463
65.09	-5.9460
65.08	-5.9462
65.08	-5.9461
65.08	-5.9461
65.08	-5.9460
65.08	-5.9460
65.07	-5.9458
65.07	-5.9458
65.07	-5.9458
65.07	-5.9456
65.07	-5.9454
65.06	-5.9455
65.06	-5.9455
65.06	-5.9453
65.05	-5.9456
65.05	-5.9454
65.05	-5.9455
65.05	-5.9451
65.05	-5.9453
65.05	-5.9451
65.04	-5.9451
65.04	-5.9452
65.04	-5.9448
65.04	-5.9450
65.03	-5.9450
65.03	-5.9448
65.02	-5.9448
65.02	-5.9447
65.02	-5.9447
65.02	-5.9445
65.01	-5.9446
65.02	-5.9445
65.02	-5.9442
65.01	-5.9442
65.01	-5.9443
65.00	-5.9443
65.00	-5.9441
65.00	-5.9439
65.00	-5.9440
64.99	-5.9439
64.99	-5.9439
64.99	-5.9439
64.99	-5.9438
64.99	-5.9437
64.98	-5.9436
64.98	-5.9434
64.97	-5.9434
64.97	-5.9435
64.97	-5.9433
64.97	-5.9435
64.97	-5.9433
64.96	-5.9432
64.96	-5.9430
64.95	-5.9430
64.95	-5.9427
64.95	-5.9427
64.95	-5.9427
64.95	-5.9426
64.94	-5.9424
64.94	-5.9424
64.94	-5.9424
64.94	-5.9424
64.94	-5.9422
64.93	-5.9421
64.93	-5.9421
64.93	-5.9420
64.92	-5.9417
64.92	-5.9417
64.92	-5.9417
64.92	-5.9417
64.92	-5.9415
64.92	-5.9414
64.91	-5.9415
64.91	-5.9414
64.91	-5.9412
64.91	-5.9413
64.90	-5.9410
64.90	-5.9410
64.90	-5.9410
64.89	-5.9409
64.89	-5.9408
64.89	-5.9408
64.88	-5.9406
64.88	-5.9406
64.88	-5.9402
64.88	-5.9403
64.88	-5.9398
64.88	-5.9404
64.87	-5.9400
64.87	-5.9398
64.87	-5.9396
64.86	-5.9396
64.86	-5.9394
64.86	-5.9394
64.86	-5.9393
64.85	-5.9394
64.85	-5.9391
64.85	-5.9390
64.85	-5.9389
64.84	-5.9387
64.84	-5.9389
64.84	-5.9386
64.84	-5.9386
64.83	-5.9383
64.83	-5.9382
64.83	-5.9379
64.82	-5.9381
64.82	-5.9380
64.82	-5.9380
64.82	-5.9378
64.81	-5.9377
64.81	-5.9375
64.81	-5.9374
64.80	-5.9374
64.80	-5.9372
64.80	-5.9372
64.80	-5.9370
64.80	-5.9368
64.79	-5.9367
64.79	-5.9367
64.79	-5.9365
64.79	-5.9366
64.79	-5.9361
64.78	-5.9360
64.78	-5.9359
64.78	-5.9360
64.77	-5.9359
64.77	-5.9359
64.77	-5.9357
64.77	-5.9355
64.76	-5.9356
64.76	-5.9355
64.76	-5.9354
64.76	-5.9354
64.75	-5.9352
64.75	-5.9350
64.75	-5.9349
64.75	-5.9350
64.74	-5.9346
64.74	-5.9346
64.74	-5.9346
64.74	-5.9344
64.73	-5.9341
64.73	-5.9341
64.73	-5.9338
64.72	-5.9337
64.72	-5.9335
64.72	-5.9335
64.72	-5.9334
64.72	-5.9333
64.72	-5.9332
64.71	-5.9331
64.71	-5.9329
64.71	-5.9328
64.70	-5.9324
64.70	-5.9325
64.70	-5.9324
64.70	-5.9322
64.69	-5.9322
64.69	-5.9319
64.69	-5.9319
64.68	-5.9318
64.68	-5.9318
64.68	-5.9316
64.68	-5.9314
64.67	-5.9315
64.67	-5.9313
64.67	-5.9309
64.67	-5.9310
64.66	-5.9309
64.67	-5.9306
64.66	-5.9307
64.66	-5.9305
64.66	-5.9302
64.66	-5.9303
64.66	-5.9299
64.66	-5.9299
64.65	-5.9296
64.64	-5.9298
64.64	-5.9297
64.64	-5.9296
64.63	-5.9293
64.63	-5.9293
64.63	-5.9292
64.63	-5.9288
64.63	-5.9289
64.63	-5.9287
64.63	-5.9285
64.63	-5.9284
64.62	-5.9281
64.62	-5.9283
64.61	-5.9280
64.61	-5.9279
64.61	-5.9279
64.60	-5.9277
64.60	-5.9276
64.60	-5.9274
64.60	-5.9274
64.59	-5.9275
64.59	-5.9272
64.59	-5.9270
64.59	-5.9271
64.58	-5.9266
64.58	-5.9264
64.58	-5.9263
64.58	-5.9264
64.57	-5.9260
64.57	-5.9261
64.57	-5.9259
64.57	-5.9256
64.57	-5.9256
64.56	-5.9254
64.56	-5.9253
64.56	-5.9251
64.56	-5.9249
64.55	-5.9248
64.55	-5.9245
64.55	-5.9246
64.55	-5.9244
64.54	-5.9244
64.54	-5.9241
64.53	-5.9240
64.53	-5.9238
64.53	-5.9236
64.53	-5.9234
64.53	-5.9232
64.53	-5.9231
64.52	-5.9231
64.52	-5.9228
64.52	-5.9229
64.52	-5.9227
64.51	-5.9225
64.51	-5.9224
64.50	-5.9222
64.50	-5.9222
64.50	-5.9220
64.50	-5.9219
64.50	-5.9218
64.49	-5.9218
64.49	-5.9216
64.49	-5.9214
64.49	-5.9214
64.48	-5.9212
64.48	-5.9215
64.48	-5.9211
64.48	-5.9210
64.47	-5.9209
64.47	-5.9208
64.47	-5.9207
64.47	-5.9206
64.47	-5.9204
64.47	-5.9204
64.46	-5.9202
64.46	-5.9202
64.46	-5.9199
64.45	-5.9198
64.45	-5.9199
64.45	-5.9196
64.45	-5.9196
64.44	-5.9193
64.44	-5.9196
64.44	-5.9194
64.43	-5.9191
64.43	-5.9192
64.43	-5.9191
64.43	-5.9190
64.42	-5.9187
64.42	-5.9188
64.42	-5.9184
64.42	-5.9183
64.42	-5.9182
64.41	-5.9182
64.41	-5.9179
64.41	-5.9180
64.40	-5.9178
64.40	-5.9177
64.39	-5.9177
64.39	-5.9174
64.39	-5.9175
64.39	-5.9172
64.39	-5.9172
64.39	-5.9170
64.39	-5.9168
64.39	-5.9167
64.39	-5.9165
64.38	-5.9163
64.38	-5.9161
64.38	-5.9160
64.38	-5.9159
64.37	-5.9159
64.37	-5.9157
64.37	-5.9155
64.36	-5.9155
64.36	-5.9154
64.36	-5.9153
64.36	-5.9151
64.36	-5.9148
64.35	-5.9150
64.35	-5.9149
64.35	-5.9149
64.34	-5.9146
64.34	-5.9145
64.34	-5.9144
64.34	-5.9143
64.34	-5.9144
64.33	-5.9142
64.33	-5.9144
64.32	-5.9142
64.32	-5.9142
64.32	-5.9141
64.32	-5.9140
64.31	-5.9138
64.31	-5.9137
64.31	-5.9137
64.31	-5.9136
64.31	-5.9132
64.30	-5.9132
64.30	-5.9131
64.30	-5.9130
64.30	-5.9128
64.29	-5.9126
64.29	-5.9128
64.29	-5.9124
64.29	-5.9120
64.29	-5.9121
64.28	-5.9118
64.28	-5.9116
64.28	-5.9116
64.28	-5.9115
64.28	-5.9113
64.27	-5.9113
64.27	-5.9114
64.27	-5.9111
64.26	-5.9110
64.26	-5.9107
64.26	-5.9107
64.25	-5.9109
64.25	-5.9105
64.25	-5.9107
64.25	-5.9104
64.24	-5.9103
64.24	-5.9104
64.24	-5.9104
64.23	-5.9103
64.23	-5.9100
64.23	-5.9098
64.23	-5.9098
64.23	-5.9096
64.22	-5.9094
64.22	-5.9093
64.22	-5.9092
64.21	-5.9091
64.21	-5.9090
64.21	-5.9089
64.21	-5.9089
64.20	-5.9088
64.20	-5.9086
64.20	-5.9086
64.20	-5.9086
64.20	-5.9085
64.19	-5.9086
64.19	-5.9082
64.19	-5.9082
64.19	-5.9081
64.18	-5.9080
64.18	-5.9076
64.18	-5.9074
64.18	-5.9074
64.17	-5.9073
64.17	-5.9074
64.16	-5.9073
64.16	-5.9070
64.16	-5.9070
64.16	-5.9068
64.16	-5.9068
64.16	-5.9063
64.15	-5.9064
64.15	-5.9063
64.15	-5.9061
64.15	-5.9059
64.14	-5.9060
64.14	-5.9057
64.13	-5.9056
64.13	-5.9058
64.13	-5.9054
64.13	-5.9054
64.13	-5.9051
64.13	-5.9052
64.13	-5.9050
64.12	-5.9051
64.12	-5.9049
64.12	-5.9049
64.12	-5.9049
64.12	-5.9047
64.11	-5.9047
64.11	-5.9045
64.11	-5.9044
64.10	-5.9046
64.10	-5.9044
64.09	-5.9045
64.09	-5.9044
64.09	-5.9041
64.09	-5.9042
64.09	-5.9039
64.08	-5.9037
64.08	-5.9036
64.08	-5.9036
64.08	-5.9033
64.08	-5.9033
64.07	-5.9032
64.07	-5.9030
64.07	-5.9030
64.06	-5.9028
64.06	-5.9027
64.06	-5.9026
64.06	-5.9025
64.06	-5.9024
64.06	-5.9022
64.05	-5.9022
64.05	-5.9020
64.05	-5.9022
64.05	-5.9018
64.04	-5.9020
64.04	-5.9016
64.04	-5.9015
64.03	-5.9016
64.03	-5.9016
64.03	-5.9014
64.03	-5.9012
64.03	-5.9013
64.03	-5.9010
64.02	-5.9008
64.02	-5.9011
64.01	-5.9008
64.01	-5.9007
64.01	-5.9007
64.01	-5.9007
64.00	-5.9004
64.00	-5.9003
64.00	-5.9002
64.00	-5.9001
64.00	-5.9000
63.99	-5.9002
63.99	-5.9001
63.99	-5.8999
63.99	-5.8998
63.98	-5.8996
63.98	-5.8996
63.98	-5.8993
63.98	-5.8993
63.98	-5.8991
63.98	-5.8991
63.97	-5.8990
63.97	-5.8989
63.97	-5.8987
63.96	-5.8987
63.96	-5.8987
63.95	-5.8982
63.95	-5.8984
63.95	-5.8983
63.95	-5.8983
63.95	-5.8980
63.94	-5.8980
63.94	-5.8980
63.94	-5.8978
63.93	-5.8978
63.93	-5.8977
63.93	-5.8975
63.93	-5.8972
63.92	-5.8973
63.92	-5.8974
63.92	-5.8971
63.91	-5.8970
63.91	-5.8969
63.91	-5.8967
63.90	-5.8969
63.90	-5.8967
63.90	-5.8967
63.90	-5.8964
63.90	-5.8966
63.90	-5.8964
63.89	-5.8963
63.89	-5.8961
63.89	-5.8960
63.88	-5.8960
63.88	-5.8959
63.88	-5.8955
63.88	-5.8956
63.88	-5.8955
63.88	-5.8955
63.88	-5.8955
63.87	-5.8954
63.87	-5.8953
63.86	-5.8950
63.86	-5.8951
63.86	-5.8949
63.85	-5.8948
63.85	-5.8949
63.84	-5.8947
63.84	-5.8946
63.84	-5.8945
63.84	-5.8945
63.84	-5.8941
63.84	-5.8941
63.84	-5.8939
63.84	-5.8939
63.83	-5.8939
63.83	-5.8938
63.83	-5.8937
63.83	-5.8936
63.83	-5.8934
63.82	-5.8935
63.82	-5.8933
63.81	-5.8930
63.81	-5.8931
63.80	-5.8928
63.80	-5.8930
63.80	-5.8927
63.80	-5.8926
63.80	-5.8925
63.80	-5.8924
63.79	-5.8924
63.79	-5.8923
63.79	-5.8921
63.79	-5.8920
63.78	-5.8918
63.78	-5.8920
63.77	-5.8918
63.77	-5.8915
63.77	-5.8918
63.77	-5.8914
63.77	-5.8914
63.77	-5.8913
63.76	-5.8913
63.76	-5.8911
63.76	-5.8910
63.75	-5.8909
63.75	-5.8907
63.75	-5.8907
63.75	-5.8908
63.75	-5.8906
63.74	-5.8904
63.74	-5.8903
63.74	-5.8902
63.74	-5.8902
63.74	-5.8898
63.73	-5.8900
63.73	-5.8899
63.73	-5.8897
63.73	-5.8895
63.72	-5.8896
63.72	-5.8894
63.72	-5.8893
63.71	-5.8891
63.71	-5.8893
63.70	-5.8890
63.70	-5.8890
63.70	-5.8888
63.70	-5.8888
63.70	-5.8888
63.69	-5.8887
63.69	-5.8885
63.69	-5.8884
63.69	-5.8884
63.69	-5.8881
63.69	-5.8882
63.69	-5.8881
63.68	-5.8881
63.68	-5.8877
63.68	-5.8877
63.67	-5.8874
63.67	-5.8876
63.66	-5.8873
63.66	-5.8874
63.66	-5.8871
63.66	-5.8870
63.66	-5.8868
63.65	-5.8870
63.65	-5.8869
63.65	-5.8867
63.65	-5.8867
63.64	-5.8865
63.64	-5.8865
63.63	-5.8864
63.63	-5.8863
63.63	-5.8861
63.63	-5.8861
63.63	-5.8861
63.63	-5.8860
63.63	-5.8858
63.62	-5.8857
63.62	-5.8856
63.61	-5.8856
63.61	-5.8854
63.61	-5.8852
63.61	-5.8852
63.60	-5.8852
63.60	-5.8852
63.60	-5.8848
63.59	-5.8848
63.59	-5.8848
63.59	-5.8847
63.59	-5.8844
63.59	-5.8842
63.59	-5.8842
63.58	-5.8842
63.58	-5.8840
63.58	-5.8839
63.58	-5.8838
63.58	-5.8836
63.57	-5.8837
63.57	-5.8835
63.57	-5.8834
63.56	-5.8832
63.56	-5.8830
63.56	-5.8830
63.55	-5.8829
63.55	-5.8830
63.55	-5.8829
63.55	-5.8827
63.54	-5.8827
63.54	-5.8825
63.54	-5.8824
63.54	-5.8824
63.54	-5.8824
63.53	-5.8821
63.53	-5.8821
63.53	-5.8818
63.52	-5.8819
63.52	-5.8816
63.52	-5.8816
63.52	-5.8815
63.52	-5.8813
63.51	-5.8812
63.51	-5.8812
63.51	-5.8811
63.51	-5.8809
63.50	-5.8809
63.50	-5.8808
63.50	-5.8807
63.50	-5.8805
63.50	-5.8805
63.49	-5.8804
63.49	-5.8803
63.49	-5.8803
63.49	-5.8803
63.49	-5.8802
63.48	-5.8801
63.48	-5.8801
63.48	-5.8800
63.48	-5.8799
63.48	-5.8796
63.47	-5.8798
63.47	-5.8795
63.47	-5.8792
63.46	-5.8793
63.45	-5.8792
63.45	-5.8793
63.45	-5.8792
63.45	-5.8789
63.45	-5.8790
63.44	-5.8788
63.45	-5.8786
63.44	-5.8785
63.43	-5.8783
63.43	-5.8783
63.43	-5.8781
63.43	-5.8781
63.43	-5.8781
63.43	-5.8777
63.43	-5.8778
63.43	-5.8776
63.43	-5.8776
63.42	-5.8776
63.42	-5.8773
63.42	-5.8772
63.41	-5.8773
63.40	-5.8771
63.40	-5.8771
63.40	-5.8769
63.40	-5.8767
63.40	-5.8766
63.40	-5.8767
63.40	-5.8767
63.40	-5.8765
63.39	-5.8764
63.39	-5.8764
63.39	-5.8764
63.38	-5.8761
63.38	-5.8762
63.38	-5.8761
63.37	-5.8760
63.37	-5.8760
63.37	-5.8761
63.36	-5.8757
63.36	-5.8757
63.36	-5.8759
63.35	-5.8757
63.35	-5.8754
63.35	-5.8755
63.35	-5.8752
63.35	-5.8753
63.34	-5.8751
63.34	-5.8753
63.34	-5.8750
63.34	-5.8749
63.33	-5.8748
63.33	-5.8747
63.33	-5.8748
63.33	-5.8745
63.33	-5.8743
63.33	-5.8742
63.32	-5.8739
63.32	-5.8740
63.31	-5.8739
63.31	-5.8738
63.31	-5.8737
63.30	-5.8735
63.30	-5.8735
63.30	-5.8734
63.30	-5.8734
63.30	-5.8731
63.29	-5.8730
63.29	-5.8729
63.29	-5.8727
63.29	-5.8727
63.28	-5.8728
63.28	-5.8725
63.27	-5.8725
63.27	-5.8725
63.27	-5.8723
63.27	-5.8721
63.27	-5.8720
63.27	-5.8717
63.27	-5.8718
63.26	-5.8717
63.26	-5.8718
63.25	-5.8715
63.25	-5.8714
63.25	-5.8714
63.25	-5.8715
63.25	-5.8713
63.24	-5.8711
63.24	-5.8711
63.24	-5.8711
63.24	-5.8709
63.24	-5.8708
63.23	-5.8704
63.23	-5.8708
63.23	-5.8705
63.23	-5.8705
63.22	-5.8704
63.22	-5.8705
63.22	-5.8702
63.21	-5.8703
63.21	-5.8700
63.21	-5.8699
63.21	-5.8699
63.20	-5.8700
63.20	-5.8697
63.20	-5.8696
63.20	-5.8696
63.20	-5.8695
63.20	-5.8693
63.19	-5.8691
63.19	-5.8691
63.19	-5.8689
63.18	-5.8687
63.18	-5.8686
63.18	-5.8686
63.18	-5.8685
63.18	-5.8684
63.17	-5.8683
63.17	-5.8681
63.17	-5.8679
63.16	-5.8678
63.16	-5.8677
63.16	-5.8676
63.16	-5.8676
63.15	-5.8675
63.15	-5.8674
63.15	-5.8673
63.15	-5.8672
63.14	-5.8673
63.14	-5.8671
63.14	-5.8671
63.13	-5.8670
63.13	-5.8668
63.13	-5.8667
63.13	-5.8665
63.13	-5.8666
63.12	-5.8665
63.12	-5.8665
63.12	-5.8663
63.11	-5.8663
63.11	-5.8662
63.11	-5.8660
63.11	-5.8660
63.10	-5.8659
63.10	-5.8657
63.10	-5.8656
63.10	-5.8656
63.09	-5.8654
63.09	-5.8651
63.09	-5.8650
63.09	-5.8650
63.09	-5.8649
63.09	-5.8650
63.08	-5.8649
63.08	-5.8647
63.08	-5.8645
63.08	-5.8644
63.08	-5.8642
63.07	-5.8641
63.07	-5.8641
63.06	-5.8642
63.06	-5.8638
63.06	-5.8639
63.05	-5.8639
63.05	-5.8638
63.05	-5.8636
63.05	-5.8635
63.05	-5.8633
63.05	-5.8632
63.04	-5.8630
63.04	-5.8628
63.03	-5.8627
63.03	-5.8627
63.03	-5.8626
63.02	-5.8625
63.02	-5.8625
63.02	-5.8624
63.02	-5.8621
63.02	-5.8620
63.01	-5.8618
63.01	-5.8616
63.01	-5.8617
63.01	-5.8616
63.00	-5.8614
63.00	-5.8612
63.00	-5.8610
63.00	-5.8610
63.00	-5.8609
63.00	-5.8608
62.99	-5.8608
62.99	-5.8605
62.98	-5.8606
62.98	-5.8604
62.98	-5.8605
62.98	-5.8604
62.97	-5.8602
62.97	-5.8602
62.97	-5.8600
62.97	-5.8600
62.96	-5.8598
62.96	-5.8597
62.96	-5.8593
62.96	-5.8592
62.96	-5.8592
62.95	-5.8590
62.95	-5.8588
62.95	-5.8589
62.94	-5.8586
62.94	-5.8586
62.94	-5.8586
62.94	-5.8585
62.94	-5.8586
62.93	-5.8582
62.93	-5.8581
62.93	-5.8581
62.93	-5.8581
62.93	-5.8581
62.92	-5.8577
62.92	-5.8577
62.92	-5.8575
62.91	-5.8573
62.91	-5.8572
62.90	-5.8571
62.90	-5.8569
62.90	-5.8570
62.90	-5.8568
62.90	-5.8568
62.90	-5.8566
62.89	-5.8564
62.89	-5.8563
62.89	-5.8564
62.89	-5.8560
62.89	-5.8561
62.89	-5.8558
62.89	-5.8558
62.88	-5.8558
62.88	-5.8557
62.88	-5.8556
62.88	-5.8554
62.87	-5.8554
62.87	-5.8552
62.86	-5.8550
62.86	-5.8549
62.85	-5.8549
62.85	-5.8546
62.85	-5.8547
62.85	-5.8547
62.84	-5.8544
62.84	-5.8544
62.84	-5.8544
62.84	-5.8543
62.83	-5.8541
62.83	-5.8539
62.83	-5.8539
62.83	-5.8538
62.83	-5.8537
62.83	-5.8538
62.82	-5.8537
62.82	-5.8534
62.82	-5.8534
62.81	-5.8534
62.81	-5.8532
62.82	-5.8531
62.81	-5.8531
62.81	-5.8529
62.81	-5.8527
62.80	-5.8528
62.80	-5.8527
62.79	-5.8527
62.79	-5.8526
62.78	-5.8526
62.78	-5.8523
62.78	-5.8523
62.78	-5.8519
62.77	-5.8522
62.77	-5.8521
62.77	-5.8520
62.77	-5.8517
62.77	-5.8517
62.77	-5.8516
62.76	-5.8514
62.76	-5.8516
62.76	-5.8516
62.76	-5.8514
62.75	-5.8512
62.75	-5.8513
62.75	-5.8510
62.75	-5.8511
62.75	-5.8509
62.75	-5.8507
62.74	-5.8508
62.74	-5.8506
62.73	-5.8507
62.73	-5.8506
62.73	-5.8504
62.73	-5.8502
62.73	-5.8501
62.72	-5.8500
62.72	-5.8499
62.71	-5.8498
62.71	-5.8498
62.71	-5.8496
62.70	-5.8496
62.71	-5.8495
62.70	-5.8493
62.70	-5.8494
62.70	-5.8494
62.70	-5.8491
62.70	-5.8490
62.70	-5.8490
62.69	-5.8488
62.69	-5.8488
62.69	-5.8487
62.68	-5.8486
62.68	-5.8484
62.68	-5.8484
62.67	-5.8483
62.67	-5.8481
62.67	-5.8481
62.66	-5.8479
62.66	-5.8479
62.66	-5.8478
62.66	-5.8477
62.66	-5.8477
62.65	-5.8474
62.65	-5.8475
62.65	-5.8474
62.64	-5.8472
62.64	-5.8472
62.64	-5.8472
62.64	-5.8472
62.63	-5.8472
62.63	-5.8469
62.63	-5.8467
62.63	-5.8466
62.63	-5.8467
62.62	-5.8465
62.62	-5.8463
62.62	-5.8463
62.62	-5.8461
62.62	-5.8460
62.62	-5.8460
62.61	-5.8461
62.61	-5.8458
62.61	-5.8459
62.60	-5.8455
62.60	-5.8457
62.60	-5.8454
62.60	-5.8455
62.60	-5.8452
62.60	-5.8454
62.59	-5.8450
62.59	-5.8452
62.59	-5.8449
62.59	-5.8448
62.58	-5.8448
62.58	-5.8449
62.58	-5.8447
62.58	-5.8446
62.58	-5.8443
62.57	-5.8443
62.57	-5.8442
62.56	-5.8444
62.56	-5.8440
62.56	-5.8441
62.55	-5.8437
62.55	-5.8435
62.55	-5.8435
62.55	-5.8432
62.54	-5.8433
62.54	-5.8432
62.54	-5.8431
62.54	-5.8430
62.54	-5.8430
62.54	-5.8427
62.54	-5.8426
62.53	-5.8425
62.53	-5.8424
62.52	-5.8423
62.52	-5.8422
62.52	-5.8421
62.52	-5.8420
62.51	-5.8420
62.51	-5.8419
62.51	-5.8416
62.51	-5.8416
62.50	-5.8413
62.50	-5.8413
62.50	-5.8411
62.50	-5.8411
62.50	-5.8408
62.49	-5.8407
62.49	-5.8407
62.49	-5.8405
62.48	-5.8406
62.48	-5.8404
62.48	-5.8400
62.47	-5.8400
62.47	-5.8398
62.47	-5.8398
62.47	-5.8398
62.47	-5.8396
62.47	-5.8396
62.46	-5.8393
62.46	-5.8393
62.45	-5.8390
62.45	-5.8390
62.45	-5.8391
62.45	-5.8388
62.45	-5.8386
62.45	-5.8387
62.44	-5.8384
62.44	-5.8381
62.44	-5.8382
62.43	-5.8382
62.43	-5.8379
62.43	-5.8380
62.43	-5.8380
62.42	-5.8377
62.42	-5.8373
62.42	-5.8374
62.42	-5.8373
62.41	-5.8373
62.41	-5.8371
62.41	-5.8371
62.41	-5.8369
62.40	-5.8370
62.40	-5.8368
62.40	-5.8368
62.40	-5.8366
62.39	-5.8364
62.39	-5.8365
62.39	-5.8365
62.39	-5.8363
62.38	-5.8364
62.38	-5.8362
62.38	-5.8361
62.38	-5.8360
62.37	-5.8359
62.37	-5.8356
62.37	-5.8355
62.37	-5.8355
62.37	-5.8353
62.37	-5.8352
62.37	-5.8352
62.36	-5.8350
62.36	-5.8352
62.36	-5.8351
62.35	-5.8349
62.35	-5.8348
62.35	-5.8348
62.34	-5.8348
62.34	-5.8346
62.34	-5.8343
62.34	-5.8342
62.33	-5.8343
62.33	-5.8343
62.33	-5.8339
62.33	-5.8337
62.33	-5.8338
62.32	-5.8336
62.32	-5.8336
62.32	-5.8334
62.31	-5.8332
62.30	-5.8332
62.30	-5.8333
62.30	-5.8332
62.30	-5.8331
62.30	-5.8328
62.30	-5.8328
62.30	-5.8328
62.29	-5.8327
62.29	-5.8324
62.29	-5.8325
62.29	-5.8325
62.28	-5.8323
62.28	-5.8322
62.28	-5.8322
62.27	-5.8320
62.27	-5.8319
62.27	-5.8319
62.27	-5.8318
62.26	-5.8315
62.26	-5.8315
62.26	-5.8314
62.25	-5.8312
62.25	-5.8311
62.25	-5.8311
62.25	-5.8309
62.25	-5.8307
62.25	-5.8307
62.24	-5.8304
62.24	-5.8305
62.24	-5.8303
62.23	-5.8302
62.23	-5.8302
62.23	-5.8302
62.23	-5.8300
62.23	-5.8299
62.22	-5.8298
62.22	-5.8297
62.22	-5.8296
62.21	-5.8296
62.21	-5.8295
62.21	-5.8294
62.20	-5.8293
62.20	-5.8292
62.20	-5.8292
62.20	-5.8291
62.20	-5.8289
62.19	-5.8288
62.19	-5.8288
62.19	-5.8285
62.19	-5.8286
62.19	-5.8286
62.18	-5.8284
62.18	-5.8283
62.18	-5.8281
62.17	-5.8281
62.17	-5.8280
62.17	-5.8279
62.17	-5.8276
62.17	-5.8278
62.16	-5.8276
62.16	-5.8274
62.16	-5.8272
62.15	-5.8272
62.15	-5.8272
62.15	-5.8270
62.15	-5.8271
62.14	-5.8269
62.14	-5.8266
62.14	-5.8268
62.14	-5.8267
62.14	-5.8264
62.13	-5.8260
62.13	-5.8260
62.13	-5.8261
62.13	-5.8260
62.12	-5.8259
62.12	-5.8257
62.12	-5.8256
62.12	-5.8256
62.12	-5.8255
62.11	-5.8254
62.11	-5.8253
62.10	-5.8252
62.10	-5.8253
62.10	-5.8250
62.09	-5.8248
62.09	-5.8247
62.09	-5.8248
62.09	-5.8243
62.09	-5.8243
62.09	-5.8241
62.08	-5.8240
62.08	-5.8239
62.08	-5.8237
62.08	-5.8236
62.08	-5.8236
62.07	-5.8234
62.07	-5.8234
62.07	-5.8233
62.06	-5.8230
62.06	-5.8230
62.06	-5.8228
62.06	-5.8226
62.05	-5.8226
62.05	-5.8224
62.05	-5.8226
62.05	-5.8222
62.05	-5.8222
62.04	-5.8220
62.04	-5.8219
62.04	-5.8219
62.04	-5.8217
62.03	-5.8217
62.03	-5.8215
62.02	-5.8216
62.02	-5.8213
62.02	-5.8214
62.01	-5.8210
62.01	-5.8210
62.01	-5.8210
62.00	-5.8210
62.00	-5.8208
62.00	-5.8206
62.00	-5.8208
62.00	-5.8206
62.00	-5.8203
62.00	-5.8203
61.99	-5.8204
61.99	-5.8202
61.99	-5.8202
61.99	-5.8200
61.98	-5.8200
61.98	-5.8200
61.98	-5.8197
61.98	-5.8196
61.98	-5.8197
61.97	-5.8192
61.97	-5.8194
61.97	-5.8193
61.97	-5.8191
61.96	-5.8191
61.96	-5.8192
61.96	-5.8191
61.96	-5.8190
61.96	-5.8188
61.95	-5.8186
61.95	-5.8187
61.95	-5.8187
61.94	-5.8185
61.94	-5.8183
61.94	-5.8181
61.93	-5.8179
61.93	-5.8178
61.93	-5.8178
61.93	-5.8176
61.93	-5.8176
61.93	-5.8175
61.92	-5.8172
61.92	-5.8171
61.91	-5.8169
61.91	-5.8168
61.90	-5.8169
61.90	-5.8167
61.90	-5.8166
61.90	-5.8165
61.90	-5.8164
61.90	-5.8162
61.90	-5.8162
61.90	-5.8162
61.89	-5.8161
61.89	-5.8159
61.89	-5.8160
61.88	-5.8158
61.88	-5.8158
61.88	-5.8156
61.88	-5.8153
61.88	-5.8157
61.87	-5.8154
61.87	-5.8150
61.87	-5.8152
61.86	-5.8150
61.86	-5.8149
61.86	-5.8146
61.85	-5.8146
61.85	-5.8147
61.85	-5.8143
61.84	-5.8144
61.84	-5.8142
61.84	-5.8140
61.84	-5.8141
61.84	-5.8140
61.83	-5.8138
61.83	-5.8138
61.83	-5.8139
61.83	-5.8136
61.83	-5.8136
61.82	-5.8134
61.82	-5.8134
61.82	-5.8134
61.81	-5.8133
61.81	-5.8130
61.81	-5.8129
61.80	-5.8128
61.80	-5.8129
61.80	-5.8125
61.79	-5.8125
61.79	-5.8125
61.79	-5.8122
61.79	-5.8122
61.79	-5.8121
61.79	-5.8121
61.79	-5.8121
61.78	-5.8118
61.78	-5.8120
61.78	-5.8117
61.77	-5.8117
61.77	-5.8115
61.77	-5.8112
61.77	-5.8111
61.77	-5.8112
61.76	-5.8110
61.76	-5.8108
61.76	-5.8108
61.76	-5.8108
61.75	-5.8106
61.75	-5.8107
61.75	-5.8105
61.75	-5.8104
61.75	-5.8104
61.74	-5.8105
61.74	-5.8103
61.74	-5.8101
61.74	-5.8101
61.73	-5.8100
61.73	-5.8100
61.73	-5.8099
61.73	-5.8098
61.73	-5.8096
61.72	-5.8096
61.72	-5.8096
61.72	-5.8094
61.71	-5.8094
61.71	-5.8093
61.71	-5.8091
61.71	-5.8092
61.71	-5.8092
61.71	-5.8089
61.70	-5.8089
61.70	-5.8088
61.70	-5.8086
61.70	-5.8087
61.70	-5.8086
61.69	-5.8084
61.69	-5.8083
61.68	-5.8081
61.68	-5.8082
61.68	-5.8080
61.68	-5.8081
61.68	-5.8079
61.68	-5.8077
61.67	-5.8076
61.67	-5.8077
61.66	-5.8076
61.66	-5.8076
61.66	-5.8075
61.65	-5.8073
61.65	-5.8073
61.65	-5.8072
61.65	-5.8072
61.65	-5.8074
61.65	-5.8071
61.65	-5.8070
61.64	-5.8070
61.64	-5.8068
61.63	-5.8067
61.63	-5.8066
61.63	-5.8065
61.63	-5.8064
61.62	-5.8064
61.62	-5.8061
61.62	-5.8059
61.62	-5.8057
61.61	-5.8057
61.61	-5.8057
61.61	-5.8055
61.60	-5.8056
61.60	-5.8053
61.60	-5.8054
61.59	-5.8052
61.59	-5.8051
61.59	-5.8050
61.59	-5.8048
61.59	-5.8048
61.58	-5.8045
61.58	-5.8043
61.58	-5.8044
61.58	-5.8044
61.58	-5.8041
61.58	-5.8042
61.57	-5.8039
61.57	-5.8039
61.56	-5.8038
61.56	-5.8037
61.55	-5.8036
61.55	-5.8036
61.55	-5.8035
61.55	-5.8034
61.55	-5.8031
61.54	-5.8033
61.54	-5.8029
61.54	-5.8028
61.54	-5.8028
61.53	-5.8028
61.53	-5.8027
61.53	-5.8027
61.52	-5.8024
61.52	-5.8023
61.52	-5.8021
61.52	-5.8022
61.52	-5.8019
61.51	-5.8018
61.51	-5.8019
61.51	-5.8016
61.51	-5.8015
61.51	-5.8014
61.51	-5.8014
61.50	-5.8013
61.50	-5.8012
61.50	-5.8011
61.49	-5.8010
61.49	-5.8010
61.49	-5.8009
61.49	-5.8007
61.48	-5.8007
61.48	-5.8005
61.48	-5.8005
61.48	-5.8002
61.47	-5.8003
61.47	-5.8003
61.47	-5.8002
61.46	-5.8000
61.46	-5.8001
61.46	-5.7999
61.46	-5.7999
61.46	-5.7998
61.45	-5.7994
61.45	-5.7995
61.45	-5.7994
61.45	-5.7992
61.45	-5.7991
61.44	-5.7990
61.44	-5.7988
61.44	-5.7988
61.44	-5.7987
61.43	-5.7987
61.43	-5.7984
61.43	-5.7982
61.43	-5.7983
61.43	-5.7980
61.42	-5.7980
61.42	-5.7980
61.41	-5.7977
61.41	-5.7978
61.41	-5.7975
61.40	-5.7977
61.40	-5.7973
61.40	-5.7973
61.40	-5.7973
61.40	-5.7972
61.40	-5.7970
61.39	-5.7970
61.39	-5.7969
61.39	-5.7969
61.38	-5.7968
61.38	-5.7968
61.38	-5.7966
61.38	-5.7966
61.38	-5.7966
61.38	-5.7963
61.38	-5.7961
61.37	-5.7962
61.37	-5.7963
61.37	-5.7960
61.36	-5.7956
61.36	-5.7957
61.35	-5.7959
61.34	-5.7955
61.34	-5.7954
61.34	-5.7954
61.34	-5.7953
61.34	-5.7952
61.34	-5.7951
61.34	-5.7950
61.33	-5.7950
61.33	-5.7951
61.33	-5.7948
61.33	-5.7948
61.33	-5.7946
61.32	-5.7944
61.32	-5.7945
61.31	-5.7941
61.31	-5.7942
61.31	-5.7940
61.31	-5.7940
61.31	-5.7937
61.30	-5.7939
61.30	-5.7937
61.30	-5.7936
61.30	-5.7937
61.30	-5.7935
61.29	-5.7934
61.29	-5.7935
61.29	-5.7935
61.29	-5.7933
61.28	-5.7932
61.28	-5.7934
61.28	-5.7930
61.27	-5.7927
61.27	-5.7925
61.27	-5.7925
61.27	-5.7926
61.27	-5.7924
61.26	-5.7923
61.26	-5.7921
61.26	-5.7921
61.25	-5.7921
61.25	-5.7921
61.25	-5.7920
61.25	-5.7919
61.25	-5.7918
61.25	-5.7916
61.24	-5.7915
61.24	-5.7914
61.24	-5.7913
61.23	-5.7913
61.23	-5.7911
61.23	-5.7909
61.23	-5.7911
61.23	-5.7909
61.22	-5.7908
61.22	-5.7908
61.21	-5.7906
61.21	-5.7904
61.21	-5.7903
61.21	-5.7904
61.20	-5.7902
61.20	-5.7902
61.20	-5.7900
61.20	-5.7899
61.20	-5.7897
61.19	-5.7895
61.19	-5.7898
61.19	-5.7894
61.19	-5.7895
61.19	-5.7892
61.18	-5.7891
61.18	-5.7892
61.17	-5.7891
61.18	-5.7890
61.18	-5.7889
61.17	-5.7887
61.17	-5.7887
61.17	-5.7887
61.16	-5.7884
61.16	-5.7885
61.15	-5.7884
61.15	-5.7883
61.15	-5.7881
61.15	-5.7879
61.15	-5.7879
61.14	-5.7877
61.14	-5.7877
61.14	-5.7875
61.13	-5.7875
61.13	-5.7873
61.13	-5.7873
61.13	-5.7870
61.13	-5.7871
61.13	-5.7870
61.12	-5.7869
61.12	-5.7868
61.12	-5.7867
61.11	-5.7865
61.11	-5.7867
61.10	-5.7865
61.10	-5.7861
61.10	-5.7860
61.10	-5.7862
61.09	-5.7857
61.09	-5.7858
61.09	-5.7858
61.09	-5.7857
61.09	-5.7857
61.08	-5.7856
61.08	-5.7853
61.08	-5.7854
61.08	-5.7854
61.08	-5.7851
61.08	-5.7853
61.07	-5.7851
61.07	-5.7851
61.07	-5.7847
61.06	-5.7847
61.06	-5.7846
61.06	-5.7846
61.05	-5.7843
61.05	-5.7843
61.05	-5.7841
61.05	-5.7840
61.05	-5.7839
61.04	-5.7839
61.04	-5.7838
61.04	-5.7836
61.04	-5.7835
61.03	-5.7835
61.03	-5.7831
61.03	-5.7831
61.02	-5.7830
61.02	-5.7830
61.02	-5.7830
61.02	-5.7829
61.02	-5.7827
61.01	-5.7828
61.01	-5.7827
61.01	-5.7825
61.00	-5.7826
61.00	-5.7823
61.00	-5.7823
61.00	-5.7821
61.00	-5.7819
61.00	-5.7819
60.99	-5.7820
60.99	-5.7817
60.99	-5.7818
60.98	-5.7815
60.98	-5.7813
60.98	-5.7811
60.98	-5.7810
60.98	-5.7809
60.98	-5.7809
60.97	-5.7808
60.97	-5.7806
60.97	-5.7807
60.96	-5.7804
60.96	-5.7800
60.96	-5.7802
60.95	-5.7799
60.95	-5.7799
60.95	-5.7796
60.95	-5.7795
60.94	-5.7794
60.94	-5.7793
60.94	-5.7792
60.94	-5.7791
60.93	-5.7791
60.93	-5.7789
60.93	-5.7788
60.93	-5.7789
60.93	-5.7790
60.93	-5.7786
60.93	-5.7785
60.92	-5.7784
60.92	-5.7782
60.92	-5.7783
60.91	-5.7780
60.91	-5.7778
60.90	-5.7779
60.90	-5.7776
60.90	-5.7776
60.90	-5.7777
60.89	-5.7776
60.89	-5.7773
60.89	-5.7771
60.88	-5.7771
60.88	-5.7770
60.88	-5.7769
60.88	-5.7769
60.88	-5.7765
60.87	-5.7764
60.87	-5.7766
60.87	-5.7762
60.87	-5.7762
60.87	-5.7761
60.86	-5.7759
60.86	-5.7761
60.86	-5.7759
60.86	-5.7757
60.85	-5.7757
60.85	-5.7758
60.84	-5.7756
60.84	-5.7755
60.84	-5.7754
60.84	-5.7754
60.84	-5.7753
60.84	-5.7751
60.84	-5.7750
60.83	-5.7750
60.83	-5.7747
60.83	-5.7746
60.83	-5.7744
60.83	-5.7742
60.83	-5.7743
60.82	-5.7743
60.82	-5.7742
60.82	-5.7740
60.81	-5.7740
60.81	-5.7739
60.80	-5.7738
60.80	-5.7734
60.80	-5.7735
60.80	-5.7735
60.80	-5.7731
60.79	-5.7732
60.79	-5.7731
60.79	-5.7730
60.79	-5.7728
60.79	-5.7728
60.78	-5.7727
60.78	-5.7726
60.78	-5.7725
60.77	-5.7724
60.77	-5.7721
60.77	-5.7721
60.77	-5.7721
60.77	-5.7720
60.76	-5.7719
60.76	-5.7718
60.75	-5.7718
60.75	-5.7717
60.75	-5.7716
60.75	-5.7713
60.75	-5.7713
60.75	-5.7711
60.74	-5.7712
60.74	-5.7709
60.74	-5.7709
60.73	-5.7707
60.73	-5.7706
60.73	-5.7705
60.73	-5.7704
60.73	-5.7702
60.72	-5.7703
60.72	-5.7701
60.72	-5.7701
60.72	-5.7701
60.71	-5.7702
60.71	-5.7696
60.70	-5.7698
60.70	-5.7697
60.70	-5.7697
60.70	-5.7694
60.70	-5.7694
60.69	-5.7693
60.69	-5.7692
60.69	-5.7692
60.69	-5.7689
60.68	-5.7688
60.68	-5.7688
60.68	-5.7689
60.68	-5.7685
60.68	-5.7684
60.67	-5.7685
60.67	-5.7683
60.67	-5.7683
60.67	-5.7681
60.66	-5.7677
60.66	-5.7676
60.65	-5.7676
60.65	-5.7674
60.65	-5.7677
60.65	-5.7674
60.65	-5.7674
60.65	-5.7673
60.65	-5.7672
60.65	-5.7671
60.64	-5.7669
60.64	-5.7671
60.63	-5.7668
60.63	-5.7668
60.63	-5.7667
60.63	-5.7667
60.63	-5.7664
60.62	-5.7663
60.62	-5.7663
60.61	-5.7663
60.62	-5.7660
60.61	-5.7660
60.61	-5.7658
60.60	-5.7656
60.60	-5.7658
60.60	-5.7655
60.59	-5.7654
60.59	-5.7653
60.59	-5.7655
60.59	-5.7652
60.59	-5.7652
60.59	-5.7650
60.58	-5.7647
60.58	-5.7648
60.58	-5.7647
60.58	-5.7647
60.58	-5.7647
60.57	-5.7645
60.57	-5.7644
60.56	-5.7643
60.56	-5.7641
60.55	-5.7640
60.55	-5.7637
60.55	-5.7637
60.55	-5.7637
60.55	-5.7637
60.55	-5.7634
60.55	-5.7635
60.54	-5.7633
60.54	-5.7632
60.54	-5.7633
60.53	-5.7631
60.53	-5.7629
60.53	-5.7628
60.53	-5.7628
60.52	-5.7627
60.52	-5.7628
60.52	-5.7627
60.52	-5.7624
60.51	-5.7626
60.51	-5.7623
60.51	-5.7622
60.51	-5.7623
60.50	-5.7621
60.50	-5.7621
60.50	-5.7619
60.50	-5.7617
60.50	-5.7617
60.50	-5.7614
60.49	-5.7613
60.48	-5.7613
60.48	-5.7610
60.48	-5.7610
60.48	-5.7610
60.48	-5.7609
60.48	-5.7608
60.48	-5.7605
60.47	-5.7605
60.47	-5.7604
60.47	-5.7603
60.46	-5.7602
60.46	-5.7601
60.45	-5.7600
60.45	-5.7598
60.45	-5.7597
60.45	-5.7594
60.45	-5.7596
60.45	-5.7595
60.45	-5.7595
60.44	-5.7594
60.44	-5.7591
60.44	-5.7591
60.44	-5.7590
60.43	-5.7588
60.43	-5.7587
60.43	-5.7585
60.43	-5.7586
60.43	-5.7584
60.42	-5.7583
60.42	-5.7581
60.42	-5.7581
60.41	-5.7580
60.41	-5.7579
60.40	-5.7578
60.40	-5.7576
60.40	-5.7576
60.40	-5.7576
60.40	-5.7572
60.39	-5.7570
60.39	-5.7568
60.39	-5.7569
60.38	-5.7567
60.38	-5.7566
60.38	-5.7568
60.38	-5.7565
60.38	-5.7565
60.38	-5.7563
60.37	-5.7560
60.37	-5.7564
60.37	-5.7561
60.36	-5.7560
60.36	-5.7559
60.36	-5.7558
60.36	-5.7557
60.35	-5.7557
60.35	-5.7556
60.34	-5.7554
60.34	-5.7555
60.34	-5.7553
60.34	-5.7552
60.34	-5.7552
60.34	-5.7550
60.33	-5.7549
60.33	-5.7549
60.33	-5.7549
60.33	-5.7547
60.33	-5.7547
60.33	-5.7545
60.32	-5.7544
60.32	-5.7545
60.32	-5.7545
60.31	-5.7541
60.31	-5.7540
60.31	-5.7539
60.31	-5.7540
60.30	-5.7539
60.30	-5.7538
60.30	-5.7536
60.29	-5.7534
60.29	-5.7534
60.29	-5.7534
60.28	-5.7533
60.28	-5.7532
60.28	-5.7532
60.28	-5.7532
60.27	-5.7529
60.27	-5.7528
60.27	-5.7527
60.27	-5.7525
60.27	-5.7527
60.26	-5.7524
60.26	-5.7523
60.26	-5.7523
60.26	-5.7521
60.25	-5.7519
60.25	-5.7518
60.25	-5.7519
60.25	-5.7518
60.24	-5.7515
60.24	-5.7516
60.24	-5.7515
60.23	-5.7512
60.23	-5.7511
60.23	-5.7510
60.23	-5.7510
60.23	-5.7508
60.23	-5.7509
60.22	-5.7507
60.22	-5.7506
60.21	-5.7505
60.21	-5.7505
60.21	-5.7504
60.21	-5.7503
60.20	-5.7500
60.20	-5.7500
60.20	-5.7500
60.20	-5.7497
60.20	-5.7499
60.20	-5.7498
60.19	-5.7496
60.19	-5.7495
60.19	-5.7493
60.18	-5.7492
60.18	-5.7491
60.18	-5.7490
60.18	-5.7489
60.17	-5.7489
60.17	-5.7487
60.17	-5.7486
60.17	-5.7486
60.16	-5.7485
60.16	-5.7483
60.16	-5.7483
60.15	-5.7482
60.15	-5.7482
60.15	-5.7480
60.15	-5.7478
60.15	-5.7478
60.14	-5.7475
60.14	-5.7475
60.14	-5.7476
60.14	-5.7473
60.13	-5.7473
60.13	-5.7472
60.13	-5.7472
60.13	-5.7472
60.12	-5.7470
60.12	-5.7470
60.12	-5.7468
60.12	-5.7468
60.12	-5.7467
60.11	-5.7464
60.11	-5.7465
60.11	-5.7464
60.10	-5.7464
60.10	-5.7461
60.10	-5.7458
60.10	-5.7457
60.09	-5.7457
60.09	-5.7456
60.09	-5.7456
60.08	-5.7456
60.08	-5.7451
60.08	-5.7451
60.08	-5.7449
60.08	-5.7451
60.08	-5.7449
60.07	-5.7448
60.07	-5.7445
60.07	-5.7444
60.06	-5.7443
60.06	-5.7444
60.06	-5.7441
60.06	-5.7441
60.05	-5.7441
60.05	-5.7439
60.05	-5.7438
60.05	-5.7439
60.05	-5.7436
60.04	-5.7437
60.03	-5.7435
60.03	-5.7435
60.03	-5.7435
60.03	-5.7434
60.03	-5.7432
60.02	-5.7432
60.02	-5.7430
60.02	-5.7430
60.02	-5.7431
60.02	-5.7429
60.01	-5.7428
60.01	-5.7426
60.01	-5.7427
60.01	-5.7425
60.01	-5.7424
60.00	-5.7425
60.00	-5.7423
60.00	-5.7422
60.00	-5.7423
59.99	-5.7420
59.99	-5.7420
59.98	-5.7418
59.98	-5.7413
59.98	-5.7414
59.98	-5.7414
59.97	-5.7413
59.97	-5.7411
59.97	-5.7410
59.97	-5.7410
59.96	-5.7409
59.96	-5.7406
59.96	-5.7405
59.95	-5.7406
59.95	-5.7406
59.95	-5.7405
59.95	-5.7403
59.95	-5.7401
59.95	-5.7400
59.94	-5.7400
59.94	-5.7398
59.94	-5.7395
59.94	-5.7395
59.94	-5.7395
59.94	-5.7392
59.93	-5.7393
59.93	-5.7393
59.93	-5.7391
59.93	-5.7389
59.93	-5.7390
59.93	-5.7389
59.92	-5.7390
59.92	-5.7387
59.92	-5.7386
59.91	-5.7385
59.91	-5.7381
59.91	-5.7383
59.90	-5.7381
59.90	-5.7382
59.90	-5.7379
59.90	-5.7378
59.89	-5.7379
59.89	-5.7379
59.89	-5.7377
59.89	-5.7374
59.89	-5.7375
59.88	-5.7374
59.88	-5.7372
59.88	-5.7372
59.87	-5.7369
59.87	-5.7369
59.87	-5.7367
59.87	-5.7367
59.87	-5.7366
59.86	-5.7366
59.86	-5.7365
59.85	-5.7364
59.85	-5.7360
59.85	-5.7361
59.85	-5.7359
59.84	-5.7358
59.84	-5.7357
59.84	-5.7355
59.83	-5.7356
59.83	-5.7354
59.83	-5.7353
59.83	-5.7352
59.83	-5.7349
59.82	-5.7349
59.82	-5.7349
59.82	-5.7347
59.82	-5.7345
59.82	-5.7345
59.81	-5.7343
59.81	-5.7341
59.81	-5.7339
59.80	-5.7340
59.80	-5.7339
59.80	-5.7338
59.80	-5.7339
59.80	-5.7337
59.80	-5.7334
59.79	-5.7333
59.79	-5.7332
59.78	-5.7332
59.78	-5.7329
59.78	-5.7330
59.78	-5.7326
59.78	-5.7326
59.77	-5.7324
59.77	-5.7323
59.77	-5.7324
59.77	-5.7322
59.76	-5.7322
59.76	-5.7320
59.75	-5.7320
59.75	-5.7319
59.75	-5.7319
59.75	-5.7319
59.75	-5.7317
59.75	-5.7316
59.74	-5.7314
59.74	-5.7314
59.74	-5.7314
59.74	-5.7312
59.73	-5.7310
59.73	-5.7308
59.73	-5.7308
59.73	-5.7308
59.73	-5.7307
59.72	-5.7307
59.72	-5.7306
59.72	-5.7304
59.72	-5.7305
59.71	-5.7303
59.71	-5.7302
59.71	-5.7301
59.71	-5.7297
59.70	-5.7299
59.70	-5.7295
59.70	-5.7296
59.70	-5.7295
59.70	-5.7293
59.69	-5.7293
59.69	-5.7292
59.69	-5.7292
59.68	-5.7291
59.68	-5.7290
59.68	-5.7288
59.67	-5.7288
59.67	-5.7287
59.67	-5.7286
59.67	-5.7285
59.67	-5.7283
59.66	-5.7283
59.66	-5.7282
59.66	-5.7282
59.65	-5.7279
59.65	-5.7278
59.65	-5.7276
59.65	-5.7277
59.65	-5.7275
59.64	-5.7273
59.64	-5.7274
59.64	-5.7274
59.63	-5.7273
59.63	-5.7272
59.63	-5.7273
59.63	-5.7270
59.63	-5.7270
59.63	-5.7270
59.62	-5.7268
59.62	-5.7265
59.61	-5.7266
59.61	-5.7265
59.61	-5.7266
59.61	-5.7264
59.60	-5.7262
59.60	-5.7262
59.60	-5.7263
59.60	-5.7262
59.59	-5.7260
59.59	-5.7259
59.59	-5.7258
59.58	-5.7258
59.58	-5.7256
59.58	-5.7256
59.58	-5.7252
59.58	-5.7254
59.57	-5.7249
59.57	-5.7250
59.57	-5.7249
59.57	-5.7247
59.56	-5.7247
59.56	-5.7246
59.56	-5.7245
59.56	-5.7245
59.55	-5.7245
59.55	-5.7244
59.55	-5.7244
59.55	-5.7242
59.55	-5.7243
59.55	-5.7239
59.54	-5.7239
59.54	-5.7238
59.54	-5.7237
59.53	-5.7238
59.53	-5.7236
59.53	-5.7236
59.52	-5.7236
59.52	-5.7235
59.52	-5.7231
59.52	-5.7232
59.51	-5.7229
59.51	-5.7228
59.51	-5.7228
59.51	-5.7228
59.50	-5.7226
59.50	-5.7226
59.50	-5.7225
59.50	-5.7225
59.49	-5.7225
59.49	-5.7222
59.49	-5.7221
59.49	-5.7219
59.48	-5.7219
59.48	-5.7219
59.48	-5.7221
59.48	-5.7219
59.48	-5.7215
59.48	-5.7217
59.47	-5.7214
59.47	-5.7213
59.47	-5.7215
59.46	-5.7212
59.46	-5.7210
59.46	-5.7211
59.45	-5.7209
59.45	-5.7210
59.45	-5.7207
59.45	-5.7207
59.45	-5.7207
59.44	-5.7206
59.44	-5.7203
59.44	-5.7204
59.43	-5.7203
59.43	-5.7200
59.43	-5.7200
59.43	-5.7199
59.43	-5.7199
59.43	-5.7199
59.42	-5.7196
59.42	-5.7195
59.42	-5.7194
59.42	-5.7192
59.41	-5.7192
59.40	-5.7189
59.40	-5.7188
59.40	-5.7187
59.40	-5.7189
59.40	-5.7187
59.40	-5.7185
59.39	-5.7184
59.38	-5.7184
59.38	-5.7182
59.38	-5.7181
59.38	-5.7180
59.38	-5.7179
59.38	-5.7183
59.38	-5.7178
59.38	-5.7177
59.38	-5.7178
59.37	-5.7175
59.37	-5.7175
59.36	-5.7173
59.36	-5.7173
59.36	-5.7171
59.36	-5.7171
59.35	-5.7170
59.35	-5.7167
59.34	-5.7165
59.34	-5.7167
59.34	-5.7164
59.34	-5.7164
59.33	-5.7163
59.33	-5.7163
59.33	-5.7161
59.33	-5.7158
59.33	-5.7157
59.33	-5.7157
59.33	-5.7156
59.33	-5.7154
59.32	-5.7154
59.32	-5.7153
59.31	-5.7152
59.31	-5.7151
59.31	-5.7151
59.30	-5.7150
59.30	-5.7149
59.30	-5.7149
59.30	-5.7147
59.30	-5.7145
59.29	-5.7148
59.29	-5.7145
59.29	-5.7143
59.28	-5.7144
59.28	-5.7143
59.28	-5.7143
59.28	-5.7141
59.27	-5.7139
59.27	-5.7139
59.27	-5.7137
59.27	-5.7138
59.27	-5.7137
59.27	-5.7135
59.26	-5.7136
59.26	-5.7132
59.25	-5.7132
59.25	-5.7131
59.25	-5.7129
59.25	-5.7130
59.25	-5.7126
59.25	-5.7129
59.24	-5.7126
59.24	-5.7125
59.23	-5.7125
59.23	-5.7122
59.23	-5.7123
59.23	-5.7122
59.23	-5.7119
59.22	-5.7118
59.22	-5.7115
59.22	-5.7116
59.22	-5.7113
59.21	-5.7114
59.21	-5.7113
59.20	-5.7113
59.20	-5.7112
59.20	-5.7112
59.20	-5.7110
59.20	-5.7109
59.20	-5.7110
59.20	-5.7107
59.19	-5.7108
59.19	-5.7107
59.18	-5.7105
59.18	-5.7106
59.18	-5.7105
59.18	-5.7103
59.18	-5.7103
59.18	-5.7102
59.18	-5.7102
59.18	-5.7101
59.17	-5.7099
59.17	-5.7099
59.17	-5.7097
59.16	-5.7097
59.15	-5.7095
59.15	-5.7095
59.15	-5.7094
59.15	-5.7095
59.15	-5.7093
59.15	-5.7091
59.14	-5.7091
59.14	-5.7090
59.14	-5.7091
59.14	-5.7091
59.13	-5.7087
59.13	-5.7087
59.13	-5.7086
59.13	-5.7086
59.12	-5.7085
59.12	-5.7084
59.12	-5.7084
59.12	-5.7084
59.11	-5.7082
59.11	-5.7082
59.11	-5.7081
59.10	-5.7080
59.10	-5.7079
59.10	-5.7079
59.09	-5.7076
59.09	-5.7078
59.09	-5.7075
59.09	-5.7076
59.09	-5.7075
59.08	-5.7074
59.08	-5.7071
59.08	-5.7071
59.08	-5.7071
59.08	-5.7069
59.07	-5.7068
59.07	-5.7065
59.07	-5.7067
59.06	-5.7065
59.06	-5.7062
59.06	-5.7063
59.06	-5.7062
59.06	-5.7060
59.06	-5.7059
59.05	-5.7056
59.05	-5.7056
59.05	-5.7054
59.05	-5.7054
59.04	-5.7052
59.04	-5.7051
59.04	-5.7052
59.04	-5.7048
59.03	-5.7048
59.03	-5.7047
59.02	-5.7045
59.02	-5.7044
59.02	-5.7044
59.02	-5.7043
59.02	-5.7041
59.02	-5.7041
59.01	-5.7039
59.01	-5.7038
59.01	-5.7038
59.01	-5.7037
59.00	-5.7035
59.00	-5.7033
59.00	-5.7034
59.00	-5.7031
59.00	-5.7029
59.00	-5.7030
58.99	-5.7029
58.99	-5.7028
58.98	-5.7028
58.98	-5.7027
58.98	-5.7026
58.98	-5.7025
58.98	-5.7025
58.97	-5.7023
58.97	-5.7021
58.97	-5.7019
58.97	-5.7020
58.96	-5.7018
58.96	-5.7018
58.96	-5.7016
58.95	-5.7014
58.95	-5.7014
58.95	-5.7012
58.95	-5.7011
58.94	-5.7013
58.94	-5.7010
58.94	-5.7008
58.94	-5.7008
58.94	-5.7007
58.93	-5.7005
58.93	-5.7004
58.93	-5.7004
58.93	-5.7003
58.92	-5.7001
58.92	-5.6999
58.92	-5.6999
58.92	-5.6999
58.91	-5.6996
58.91	-5.6995
58.90	-5.6994
58.90	-5.6994
58.90	-5.6994
58.90	-5.6992
58.90	-5.6991
58.89	-5.6989
58.89	-5.6988
58.89	-5.6987
58.89	-5.6987
58.88	-5.6986
58.88	-5.6985
58.88	-5.6984
58.88	-5.6983
58.88	-5.6981
58.87	-5.6981
58.88	-5.6980
58.87	-5.6976
58.87	-5.6977
58.86	-5.6976
58.86	-5.6976
58.85	-5.6975
58.85	-5.6974
58.85	-5.6972
58.85	-5.6973
58.85	-5.6972
58.85	-5.6970
58.84	-5.6970
58.84	-5.6970
58.84	-5.6968
58.83	-5.6965
58.83	-5.6967
58.83	-5.6963
58.83	-5.6964
58.83	-5.6961
58.82	-5.6960
58.82	-5.6960
58.82	-5.6958
58.82	-5.6958
58.81	-5.6956
58.81	-5.6959
58.80	-5.6954
58.80	-5.6955
58.80	-5.6954
58.80	-5.6953
58.80	-5.6951
58.80	-5.6952
58.79	-5.6951
58.79	-5.6949
58.78	-5.6947
58.78	-5.6946
58.78	-5.6948
58.77	-5.6945
58.77	-5.6944
58.77	-5.6941
58.77	-5.6941
58.77	-5.6939
58.77	-5.6939
58.76	-5.6937
58.76	-5.6937
58.76	-5.6934
58.76	-5.6936
58.75	-5.6932
58.75	-5.6933
58.75	-5.6933
58.75	-5.6931
58.75	-5.6929
58.75	-5.6927
58.74	-5.6927
58.74	-5.6928
58.73	-5.6926
58.73	-5.6925
58.73	-5.6924
58.73	-5.6923
58.72	-5.6922
58.72	-5.6922
58.72	-5.6919
58.72	-5.6920
58.71	-5.6917
58.71	-5.6917
58.71	-5.6917
58.71	-5.6915
58.70	-5.6915
58.70	-5.6914
58.70	-5.6914
58.70	-5.6913
58.70	-5.6911
58.70	-5.6910
58.69	-5.6909
58.69	-5.6910
58.68	-5.6907
58.68	-5.6907
58.68	-5.6906
58.68	-5.6906
58.68	-5.6905
58.68	-5.6902
58.67	-5.6901
58.67	-5.6901
58.67	-5.6899
58.67	-5.6900
58.66	-5.6896
58.66	-5.6897
58.65	-5.6895
58.65	-5.6895
58.65	-5.6894
58.65	-5.6893
58.65	-5.6892
58.64	-5.6892
58.64	-5.6891
58.64	-5.6891
58.63	-5.6890
58.63	-5.6892
58.63	-5.6890
58.63	-5.6888
58.63	-5.6886
58.63	-5.6887
58.63	-5.6886
58.62	-5.6885
58.62	-5.6884
58.62	-5.6884
58.61	-5.6882
58.61	-5.6881
58.60	-5.6881
58.60	-5.6880
58.60	-5.6879
58.60	-5.6878
58.59	-5.6876
58.59	-5.6876
58.59	-5.6873
58.59	-5.6873
58.58	-5.6873
58.58	-5.6870
58.58	-5.6870
58.58	-5.6869
58.57	-5.6867
58.57	-5.6866
58.57	-5.6865
58.57	-5.6865
58.57	-5.6864
58.56	-5.6863
58.56	-5.6863
58.56	-5.6861
58.56	-5.6861
58.55	-5.6860
58.55	-5.6859
58.55	-5.6860
58.55	-5.6858
58.54	-5.6857
58.54	-5.6856
58.54	-5.6855
58.54	-5.6854
58.53	-5.6852
58.53	-5.6852
58.53	-5.6851
58.52	-5.6849
58.52	-5.6849
58.52	-5.6848
58.52	-5.6847
58.52	-5.6844
58.51	-5.6843
58.51	-5.6844
58.51	-5.6843
58.51	-5.6842
58.51	-5.6842
58.50	-5.6841
58.50	-5.6840
58.50	-5.6833
58.50	-5.6835
58.49	-5.6835
58.49	-5.6833
58.48	-5.6833
58.48	-5.6831
58.48	-5.6832
58.48	-5.6830
58.48	-5.6830
58.48	-5.6826
58.47	-5.6825
58.47	-5.6826
58.47	-5.6824
58.46	-5.6825
58.46	-5.6823
58.46	-5.6822
58.45	-5.6821
58.45	-5.6822
58.45	-5.6821
58.45	-5.6819
58.44	-5.6817
58.44	-5.6815
58.44	-5.6815
58.44	-5.6814
58.43	-5.6813
58.43	-5.6813
58.43	-5.6812
58.42	-5.6810
58.42	-5.6811
58.42	-5.6810
58.42	-5.6807
58.42	-5.6808
58.42	-5.6805
58.42	-5.6804
58.41	-5.6802
58.41	-5.6801
58.40	-5.6802
58.40	-5.6801
58.40	-5.6798
58.40	-5.6799
58.40	-5.6797
58.39	-5.6798
58.39	-5.6794
58.39	-5.6796
58.38	-5.6795
58.38	-5.6792
58.38	-5.6792
58.38	-5.6792
58.38	-5.6790
58.38	-5.6790
58.37	-5.6788
58.37	-5.6788
58.37	-5.6786
58.36	-5.6786
58.36	-5.6783
58.36	-5.6785
58.36	-5.6781
58.36	-5.6783
58.35	-5.6781
58.35	-5.6779
58.35	-5.6779
58.34	-5.6780
58.34	-5.6776
58.34	-5.6776
58.34	-5.6775
58.34	-5.6772
58.33	-5.6771
58.33	-5.6771
58.33	-5.6769
58.32	-5.6769
58.32	-5.6766
58.32	-5.6766
58.32	-5.6766
58.31	-5.6763
58.31	-5.6761
58.31	-5.6761
58.30	-5.6760
58.30	-5.6759
58.30	-5.6760
58.30	-5.6757
58.30	-5.6757
58.29	-5.6756
58.29	-5.6754
58.29	-5.6755
58.29	-5.6753
58.29	-5.6753
58.28	-5.6751
58.28	-5.6750
58.27	-5.6747
58.27	-5.6745
58.27	-5.6748
58.27	-5.6748
58.27	-5.6745
58.27	-5.6741
58.26	-5.6743
58.26	-5.6742
58.26	-5.6739
58.25	-5.6737
58.25	-5.6738
58.25	-5.6737
58.25	-5.6733
58.24	-5.6736
58.24	-5.6734
58.24	-5.6731
58.23	-5.6731
58.23	-5.6730
58.23	-5.6730
58.23	-5.6728
58.23	-5.6728
58.23	-5.6726
58.22	-5.6724
58.22	-5.6722
58.22	-5.6719
58.22	-5.6720
58.21	-5.6721
58.21	-5.6720
58.21	-5.6718
58.20	-5.6715
58.20	-5.6714
58.20	-5.6715
58.19	-5.6715
58.19	-5.6711
58.18	-5.6711
58.18	-5.6709
58.18	-5.6707
58.18	-5.6705
58.18	-5.6705
58.18	-5.6704
58.18	-5.6702
58.17	-5.6701
58.17	-5.6701
58.17	-5.6699
58.17	-5.6699
58.16	-5.6698
58.16	-5.6697
58.16	-5.6695
58.15	-5.6695
58.15	-5.6696
58.15	-5.6695
58.15	-5.6693
58.15	-5.6693
58.15	-5.6690
58.15	-5.6693
58.15	-5.6690
58.14	-5.6689
58.14	-5.6687
58.13	-5.6686
58.13	-5.6684
58.13	-5.6683
58.13	-5.6682
58.13	-5.6680
58.13	-5.6681
58.12	-5.6679
58.12	-5.6678
58.12	-5.6678
58.12	-5.6674
58.11	-5.6674
58.11	-5.6674
58.11	-5.6672
58.10	-5.6672
58.10	-5.6670
58.09	-5.6668
58.09	-5.6668
58.09	-5.6668
58.09	-5.6667
58.09	-5.6664
58.09	-5.6666
58.09	-5.6663
58.08	-5.6663
58.08	-5.6662
58.08	-5.6661
58.07	-5.6661
58.07	-5.6660
58.07	-5.6658
58.06	-5.6657
58.06	-5.6659
58.06	-5.6656
58.06	-5.6654
58.05	-5.6654
58.05	-5.6653
58.05	-5.6653
58.05	-5.6654
58.05	-5.6652
58.04	-5.6650
58.04	-5.6649
58.04	-5.6648
58.03	-5.6647
58.03	-5.6646
58.03	-5.6645
58.02	-5.6645
58.02	-5.6643
58.02	-5.6641
58.02	-5.6641
58.02	-5.6640
58.02	-5.6638
58.02	-5.6637
58.01	-5.6636
58.01	-5.6635
58.01	-5.6635
58.01	-5.6632
58.00	-5.6632
58.00	-5.6631
58.00	-5.6631
58.00	-5.6628
57.99	-5.6629
57.98	-5.6627
57.98	-5.6626
57.98	-5.6627
57.98	-5.6625
57.98	-5.6623
57.98	-5.6621
57.98	-5.6619
57.97	-5.6618
57.97	-5.6618
57.97	-5.6615
57.96	-5.6616
57.96	-5.6613
57.96	-5.6611
57.96	-5.6613
57.95	-5.6611
57.95	-5.6610
57.95	-5.6610
57.94	-5.6606
57.94	-5.6606
57.94	-5.6605
57.93	-5.6606
57.93	-5.6603
57.93	-5.6600
57.93	-5.6603
57.93	-5.6601
57.93	-5.6601
57.93	-5.6598
57.92	-5.6599
57.92	-5.6597
57.92	-5.6597
57.91	-5.6595
57.91	-5.6595
57.90	-5.6594
57.90	-5.6594
57.90	-5.6592
57.90	-5.6592
57.90	-5.6589
57.90	-5.6589
57.90	-5.6588
57.90	-5.6588
57.89	-5.6586
57.89	-5.6585
57.89	-5.6585
57.88	-5.6584
57.88	-5.6585
57.88	-5.6582
57.88	-5.6582
57.87	-5.6581
57.87	-5.6579
57.87	-5.6579
57.86	-5.6579
57.86	-5.6580
57.86	-5.6578
57.85	-5.6574
57.85	-5.6575
57.85	-5.6573
57.85	-5.6573
57.84	-5.6573
57.84	-5.6570
57.84	-5.6568
57.84	-5.6568
57.84	-5.6568
57.84	-5.6568
57.83	-5.6566
57.83	-5.6564
57.83	-5.6564
57.83	-5.6562
57.83	-5.6564
57.82	-5.6561
57.82	-5.6562
57.82	-5.6562
57.81	-5.6560
57.81	-5.6559
57.81	-5.6558
57.80	-5.6556
57.80	-5.6553
57.80	-5.6554
57.80	-5.6555
57.79	-5.6553
57.79	-5.6551
57.79	-5.6552
57.78	-5.6552
57.78	-5.6551
57.78	-5.6549
57.77	-5.6548
57.77	-5.6544
57.77	-5.6544
57.77	-5.6547
57.77	-5.6544
57.77	-5.6543
57.77	-5.6541
57.76	-5.6540
57.76	-5.6539
57.76	-5.6538
57.75	-5.6538
57.75	-5.6535
57.75	-5.6536
57.75	-5.6534
57.75	-5.6532
57.75	-5.6531
57.74	-5.6530
57.74	-5.6529
57.73	-5.6529
57.73	-5.6528
57.73	-5.6528
57.73	-5.6528
57.73	-5.6526
57.73	-5.6526
57.72	-5.6525
57.72	-5.6524
57.71	-5.6523
57.71	-5.6521
57.71	-5.6520
57.71	-5.6521
57.71	-5.6518
57.70	-5.6519
57.70	-5.6517
57.70	-5.6514
57.70	-5.6517
57.69	-5.6512
57.69	-5.6512
57.69	-5.6510
57.69	-5.6510
57.68	-5.6510
57.69	-5.6509
57.68	-5.6507
57.68	-5.6506
57.68	-5.6505
57.68	-5.6503
57.67	-5.6502
57.66	-5.6501
57.66	-5.6500
57.66	-5.6498
57.66	-5.6499
57.65	-5.6496
57.65	-5.6496
57.65	-5.6497
57.65	-5.6496
57.65	-5.6493
57.64	-5.6492
57.64	-5.6492
57.64	-5.6489
57.63	-5.6489
57.63	-5.6490
57.63	-5.6487
57.62	-5.6487
57.62	-5.6487
57.62	-5.6486
57.62	-5.6485
57.62	-5.6484
57.62	-5.6482
57.61	-5.6481
57.61	-5.6481
57.61	-5.6479
57.60	-5.6479
57.60	-5.6477
57.59	-5.6476
57.59	-5.6475
57.59	-5.6476
57.59	-5.6473
57.59	-5.6475
57.59	-5.6474
57.58	-5.6472
57.58	-5.6473
57.58	-5.6468
57.58	-5.6469
57.58	-5.6467
57.57	-5.6468
57.57	-5.6467
57.57	-5.6465
57.57	-5.6466
57.57	-5.6462
57.56	-5.6462
57.56	-5.6461
57.56	-5.6460
57.55	-5.6459
57.55	-5.6460
57.55	-5.6458
57.54	-5.6458
57.54	-5.6457
57.54	-5.6453
57.54	-5.6454
57.53	-5.6454
57.53	-5.6451
57.53	-5.6450
57.52	-5.6447
57.52	-5.6447
57.52	-5.6447
57.52	-5.6445
57.52	-5.6445
57.52	-5.6444
57.52	-5.6442
57.51	-5.6441
57.51	-5.6442
57.50	-5.6437
57.50	-5.6438
57.50	-5.6437
57.50	-5.6436
57.50	-5.6436
57.50	-5.6436
57.49	-5.6433
57.49	-5.6435
57.49	-5.6434
57.49	-5.6432
57.48	-5.6432
57.48	-5.6432
57.48	-5.6432
57.47	-5.6430
57.47	-5.6431
57.47	-5.6430
57.46	-5.6428
57.46	-5.6429
57.46	-5.6427
57.45	-5.6425
57.45	-5.6424
57.45	-5.6424
57.45	-5.6426
57.45	-5.6421
57.45	-5.6420
57.45	-5.6421
57.44	-5.6420
57.44	-5.6420
57.43	-5.6416
57.43	-5.6414
57.43	-5.6416
57.43	-5.6415
57.43	-5.6415
57.43	-5.6415
57.43	-5.6412
57.42	-5.6412
57.42	-5.6410
57.42	-5.6408
57.42	-5.6409
57.41	-5.6409
57.40	-5.6406
57.40	-5.6405
57.40	-5.6404
57.40	-5.6402
57.40	-5.6403
57.40	-5.6402
57.39	-5.6402
57.39	-5.6401
57.39	-5.6399
57.38	-5.6400
57.38	-5.6398
57.38	-5.6395
57.37	-5.6396
57.37	-5.6395
57.37	-5.6395
57.36	-5.6394
57.36	-5.6393
57.36	-5.6392
57.36	-5.6391
57.36	-5.6390
57.36	-5.6389
57.36	-5.6389
57.35	-5.6386
57.35	-5.6386
57.35	-5.6386
57.34	-5.6385
57.34	-5.6384
57.34	-5.6383
57.33	-5.6383
57.33	-5.6382
57.33	-5.6381
57.33	-5.6379
57.33	-5.6378
57.32	-5.6377
57.32	-5.6376
57.32	-5.6375
57.32	-5.6374
57.32	-5.6373
57.31	-5.6372
57.31	-5.6372
57.30	-5.6370
57.30	-5.6370
57.30	-5.6368
57.30	-5.6368
57.29	-5.6366
57.29	-5.6365
57.29	-5.6364
57.29	-5.6363
57.28	-5.6360
57.28	-5.6360
57.28	-5.6358
57.28	-5.6359
57.28	-5.6355
57.27	-5.6355
57.27	-5.6355
57.27	-5.6354
57.27	-5.6351
57.26	-5.6349
57.26	-5.6349
57.26	-5.6349
57.26	-5.6347
57.26	-5.6347
57.25	-5.6346
57.25	-5.6344
57.25	-5.6343
57.25	-5.6341
57.25	-5.6339
57.24	-5.6340
57.24	-5.6338
57.24	-5.6334
57.24	-5.6336
57.24	-5.6334
57.23	-5.6333
57.23	-5.6333
57.22	-5.6332
57.23	-5.6331
57.22	-5.6329
57.22	-5.6330
57.22	-5.6328
57.21	-5.6326
57.21	-5.6327
57.20	-5.6326
57.20	-5.6324
57.20	-5.6322
57.20	-5.6320
57.20	-5.6320
57.20	-5.6319
57.20	-5.6315
57.19	-5.6315
57.19	-5.6315
57.19	-5.6314
57.18	-5.6312
57.18	-5.6310
57.18	-5.6310
57.18	-5.6307
57.17	-5.6308
57.17	-5.6310
57.17	-5.6307
57.17	-5.6307
57.16	-5.6305
57.16	-5.6305
57.16	-5.6305
57.15	-5.6303
57.15	-5.6302
57.15	-5.6303
57.15	-5.6302
57.15	-5.6299
57.15	-5.6300
57.14	-5.6298
57.14	-5.6296
57.14	-5.6294
57.13	-5.6295
57.13	-5.6293
57.13	-5.6292
57.13	-5.6293
57.13	-5.6290
57.12	-5.6292
57.12	-5.6289
57.12	-5.6289
57.11	-5.6288
57.11	-5.6288
57.11	-5.6285
57.10	-5.6285
57.10	-5.6284
57.10	-5.6286
57.09	-5.6283
57.09	-5.6286
57.09	-5.6283
57.09	-5.6282
57.09	-5.6282
57.09	-5.6280
57.09	-5.6280
57.08	-5.6279
57.08	-5.6278
57.08	-5.6278
57.07	-5.6274
57.07	-5.6275
57.07	-5.6274
57.07	-5.6272
57.06	-5.6271
57.06	-5.6270
57.05	-5.6270
57.05	-5.6269
57.05	-5.6267
57.05	-5.6266
57.05	-5.6266
57.05	-5.6262
57.05	-5.6262
57.04	-5.6261
57.04	-5.6261
57.04	-5.6260
57.04	-5.6259
57.03	-5.6257
57.03	-5.6257
57.03	-5.6256
57.02	-5.6256
57.02	-5.6254
57.02	-5.6254
57.02	-5.6254
57.01	-5.6250
57.01	-5.6250
57.00	-5.6247
57.00	-5.6249
57.00	-5.6248
56.99	-5.6248
56.99	-5.6248
56.99	-5.6246
56.99	-5.6243
56.99	-5.6245
56.99	-5.6243
56.99	-5.6241
56.99	-5.6242
56.98	-5.6239
56.98	-5.6238
56.98	-5.6240
56.98	-5.6239
56.97	-5.6239
56.97	-5.6237
56.97	-5.6236
56.96	-5.6233
56.96	-5.6234
56.96	-5.6233
56.95	-5.6234
56.95	-5.6233
56.95	-5.6230
56.95	-5.6230
56.95	-5.6227
56.94	-5.6228
56.94	-5.6227
56.94	-5.6228
56.94	-5.6226
56.93	-5.6225
56.93	-5.6223
56.93	-5.6221
56.93	-5.6222
56.93	-5.6221
56.93	-5.6217
56.92	-5.6218
56.92	-5.6217
56.91	-5.6216
56.91	-5.6216
56.91	-5.6214
56.90	-5.6215
56.90	-5.6213
56.90	-5.6212
56.90	-5.6210
56.90	-5.6210
56.90	-5.6211
56.89	-5.6209
56.89	-5.6208
56.89	-5.6205
56.89	-5.6204
56.88	-5.6205
56.88	-5.6204
56.88	-5.6202
56.88	-5.6201
56.87	-5.6199
56.87	-5.6200
56.87	-5.6197
56.87	-5.6197
56.86	-5.6196
56.86	-5.6195
56.86	-5.6193
56.85	-5.6194
56.85	-5.6190
56.84	-5.6191
56.84	-5.6189
56.84	-5.6189
56.84	-5.6188
56.84	-5.6188
56.84	-5.6186
56.84	-5.6184
56.83	-5.6184
56.83	-5.6185
56.82	-5.6183
56.82	-5.6183
56.82	-5.6182
56.82	-5.6180
56.82	-5.6180
56.81	-5.6177
56.81	-5.6179
56.80	-5.6176
56.80	-5.6176
56.80	-5.6175
56.80	-5.6176
56.80	-5.6173
56.79	-5.6174
56.79	-5.6171
56.79	-5.6169
56.79	-5.6167
56.78	-5.6167
56.78	-5.6168
56.78	-5.6167
56.77	-5.6163
56.77	-5.6162
56.77	-5.6161
56.77	-5.6161
56.77	-5.6159
56.76	-5.6157
56.76	-5.6155
56.76	-5.6153
56.76	-5.6155
56.75	-5.6152
56.75	-5.6151
56.75	-5.6149
56.75	-5.6149
56.75	-5.6149
56.74	-5.6148
56.74	-5.6146
56.73	-5.6144
56.73	-5.6144
56.73	-5.6143
56.73	-5.6142
56.73	-5.6141
56.72	-5.6142
56.72	-5.6141
56.72	-5.6141
56.72	-5.6137
56.71	-5.6138
56.71	-5.6134
56.71	-5.6136
56.71	-5.6136
56.71	-5.6133
56.70	-5.6129
56.70	-5.6129
56.70	-5.6127
56.70	-5.6126
56.70	-5.6128
56.69	-5.6126
56.69	-5.6123
56.69	-5.6122
56.68	-5.6120
56.68	-5.6121
56.68	-5.6116
56.68	-5.6116
56.68	-5.6116
56.68	-5.6114
56.67	-5.6112
56.67	-5.6112
56.67	-5.6112
56.66	-5.6110
56.66	-5.6109
56.65	-5.6108
56.65	-5.6104
56.65	-5.6104
56.65	-5.6101
56.65	-5.6102
56.65	-5.6103
56.64	-5.6098
56.64	-5.6098
56.64	-5.6096
56.63	-5.6096
56.63	-5.6096
56.63	-5.6094
56.62	-5.6094
56.62	-5.6091
56.62	-5.6091
56.62	-5.6089
56.62	-5.6088
56.61	-5.6086
56.61	-5.6086
56.61	-5.6087
56.61	-5.6083
56.61	-5.6085
56.60	-5.6082
56.60	-5.6082
56.60	-5.6079
56.59	-5.6079
56.59	-5.6079
56.59	-5.6077
56.59	-5.6076
56.58	-5.6076
56.58	-5.6075
56.58	-5.6076
56.58	-5.6073
56.58	-5.6070
56.57	-5.6070
56.57	-5.6070
56.57	-5.6066
56.57	-5.6068
56.57	-5.6065
56.56	-5.6064
56.56	-5.6064
56.55	-5.6062
56.55	-5.6063
56.55	-5.6060
56.54	-5.6060
56.54	-5.6055
56.54	-5.6055
56.54	-5.6053
56.53	-5.6054
56.53	-5.6051
56.53	-5.6052
56.53	-5.6051
56.52	-5.6049
56.52	-5.6050
56.52	-5.6046
56.52	-5.6046
56.51	-5.6047
56.51	-5.6045
56.51	-5.6046
56.51	-5.6043
56.51	-5.6043
56.51	-5.6042
56.50	-5.6042
56.50	-5.6039
56.50	-5.6039
56.50	-5.6038
56.49	-5.6039
56.49	-5.6037
56.49	-5.6037
56.48	-5.6034
56.48	-5.6031
56.48	-5.6033
56.48	-5.6031
56.48	-5.6031
56.48	-5.6031
56.48	-5.6029
56.47	-5.6028
56.47	-5.6028
56.47	-5.6026
56.46	-5.6025
56.46	-5.6025
56.46	-5.6025
56.46	-5.6021
56.45	-5.6021
56.45	-5.6021
56.45	-5.6021
56.45	-5.6019
56.44	-5.6018
56.44	-5.6017
56.44	-5.6017
56.43	-5.6014
56.43	-5.6015
56.42	-5.6013
56.43	-5.6013
56.42	-5.6011
56.42	-5.6011
56.42	-5.6012
56.41	-5.6008
56.41	-5.6007
56.40	-5.6006
56.40	-5.6005
56.40	-5.6004
56.40	-5.6003
56.40	-5.6003
56.40	-5.6003
56.40	-5.6000
56.39	-5.5999
56.39	-5.5999
56.39	-5.5998
56.39	-5.5997
56.38	-5.5997
56.38	-5.5994
56.38	-5.5995
56.38	-5.5995
56.38	-5.5994
56.37	-5.5995
56.37	-5.5989
56.37	-5.5992
56.36	-5.5991
56.36	-5.5990
56.36	-5.5988
56.36	-5.5988
56.36	-5.5987
56.35	-5.5986
56.35	-5.5984
56.35	-5.5983
56.34	-5.5983
56.34	-5.5983
56.34	-5.5980
56.34	-5.5978
56.34	-5.5978
56.33	-5.5980
56.33	-5.5976
56.33	-5.5976
56.33	-5.5973
56.33	-5.5972
56.32	-5.5972
56.32	-5.5971
56.32	-5.5970
56.31	-5.5970
56.31	-5.5968
56.31	-5.5968
56.30	-5.5965
56.30	-5.5965
56.30	-5.5964
56.30	-5.5963
56.30	-5.5963
56.30	-5.5962
56.29	-5.5960
56.29	-5.5957
56.29	-5.5958
56.29	-5.5957
56.28	-5.5956
56.28	-5.5955
56.28	-5.5955
56.27	-5.5953
56.27	-5.5953
56.27	-5.5953
56.26	-5.5952
56.26	-5.5949
56.26	-5.5951
56.26	-5.5949
56.25	-5.5949
56.26	-5.5948
56.26	-5.5946
56.25	-5.5946
56.25	-5.5943
56.25	-5.5943
56.24	-5.5943
56.24	-5.5942
56.24	-5.5941
56.24	-5.5939
56.23	-5.5940
56.23	-5.5938
56.23	-5.5936
56.23	-5.5937
56.22	-5.5937
56.22	-5.5935
56.22	-5.5933
56.22	-5.5933
56.21	-5.5933
56.20	-5.5932
56.21	-5.5931
56.20	-5.5929
56.20	-5.5927
56.20	-5.5926
56.20	-5.5924
56.20	-5.5925
56.19	-5.5922
56.19	-5.5922
56.19	-5.5918
56.19	-5.5918
56.19	-5.5918
56.18	-5.5917
56.18	-5.5917
56.18	-5.5915
56.18	-5.5913
56.17	-5.5911
56.17	-5.5911
56.17	-5.5910
56.17	-5.5908
56.17	-5.5908
56.16	-5.5905
56.15	-5.5906
56.15	-5.5905
56.15	-5.5903
56.15	-5.5905
56.15	-5.5903
56.14	-5.5901
56.14	-5.5899
56.14	-5.5898
56.14	-5.5896
56.14	-5.5897
56.13	-5.5896
56.13	-5.5896
56.13	-5.5891
56.13	-5.5891
56.13	-5.5890
56.12	-5.5890
56.12	-5.5890
56.11	-5.5887
56.11	-5.5887
56.10	-5.5884
56.10	-5.5884
56.10	-5.5883
56.10	-5.5884
56.09	-5.5881
56.09	-5.5880
56.09	-5.5877
56.09	-5.5877
56.09	-5.5876
56.09	-5.5876
56.09	-5.5875
56.08	-5.5873
56.07	-5.5871
56.07	-5.5873
56.06	-5.5871
56.06	-5.5869
56.06	-5.5870
56.07	-5.5868
56.07	-5.5865
56.07	-5.5866
56.06	-5.5864
56.05	-5.5863
56.04	-5.5862
56.04	-5.5860
56.04	-5.5858
56.04	-5.5858
56.03	-5.5858
56.04	-5.5856
56.04	-5.5855
56.04	-5.5854
56.04	-5.5853
56.03	-5.5851
56.03	-5.5850
56.02	-5.5849
56.01	-5.5849
56.01	-5.5848
56.00	-5.5847
56.00	-5.5846
56.00	-5.5844
56.00	-5.5845
56.00	-5.5842
56.00	-5.5841
56.00	-5.5841
56.00	-5.5841
56.01	-5.5840
56.01	-5.5837
56.00	-5.5837
56.00	-5.5836
56.00	-5.5835
55.99	-5.5835
55.98	-5.5832
55.98	-5.5832
55.98	-5.5831
55.97	-5.5829
55.96	-5.5830
55.96	-5.5830
55.95	-5.5825
55.95	-5.5825
55.95	-5.5825
55.95	-5.5824
55.95	-5.5820
55.94	-5.5822
55.94	-5.5821
55.94	-5.5819
55.94	-5.5817
55.93	-5.5816
55.93	-5.5816
55.93	-5.5815
55.93	-5.5816
55.93	-5.5814
55.93	-5.5812
55.93	-5.5811
55.93	-5.5810
55.93	-5.5809
55.93	-5.5808
55.93	-5.5809
55.92	-5.5807
55.92	-5.5805
55.92	-5.5805
55.92	-5.5804
55.92	-5.5802
55.92	-5.5801
55.93	-5.5800
55.93	-5.5800
55.93	-5.5800
55.92	-5.5798
55.91	-5.5797
55.91	-5.5797
55.90	-5.5797
55.89	-5.5796
55.89	-5.5792
55.88	-5.5792
55.88	-5.5792
55.87	-5.5792
55.87	-5.5790
55.86	-5.5789
55.86	-5.5789
55.86	-5.5788
55.87	-5.5784
55.87	-5.5787
55.88	-5.5785
55.87	-5.5782
55.86	-5.5781
55.85	-5.5777
55.85	-5.5778
55.85	-5.5777
55.84	-5.5778
55.84	-5.5776
55.83	-5.5777
55.84	-5.5775
55.84	-5.5773
55.84	-5.5773
55.84	-5.5773
55.83	-5.5770
55.82	-5.5770
55.82	-5.5769
55.81	-5.5768
55.81	-5.5767
55.82	-5.5766
55.82	-5.5766
55.81	-5.5765
55.81	-5.5762
55.80	-5.5761
55.80	-5.5759
55.80	-5.5761
55.80	-5.5759
55.80	-5.5756
55.80	-5.5758
55.80	-5.5755
55.79	-5.5755
55.78	-5.5755
55.78	-5.5753
55.78	-5.5752
55.78	-5.5750
55.78	-5.5750
55.77	-5.5750
55.76	-5.5749
55.76	-5.5747
55.77	-5.5746
55.77	-5.5747
55.76	-5.5744
55.75	-5.5742
55.75	-5.5744
55.75	-5.5743
55.75	-5.5742
55.75	-5.5740
55.74	-5.5740
55.74	-5.5738
55.73	-5.5738
55.74	-5.5737
55.74	-5.5738
55.74	-5.5736
55.73	-5.5736
55.73	-5.5734
55.73	-5.5733
55.73	-5.5731
55.73	-5.5732
55.72	-5.5728
55.72	-5.5726
55.72	-5.5726
55.71	-5.5725
55.70	-5.5725
55.70	-5.5725
55.70	-5.5722
55.70	-5.5723
55.70	-5.5722
55.69	-5.5721
55.70	-5.5718
55.70	-5.5719
55.69	-5.5719
55.68	-5.5716
55.68	-5.5718
55.68	-5.5717
55.68	-5.5716
55.67	-5.5715
55.67	-5.5713
55.67	-5.5714
55.66	-5.5711
55.66	-5.5708
55.66	-5.5711
55.66	-5.5708
55.65	-5.5708
55.65	-5.5708
55.65	-5.5707
55.65	-5.5707
55.64	-5.5706
55.64	-5.5703
55.64	-5.5702
55.63	-5.5703
55.63	-5.5702
55.63	-5.5701
55.63	-5.5700
55.63	-5.5701
55.63	-5.5697
55.62	-5.5697
55.61	-5.5696
55.62	-5.5696
55.61	-5.5694
55.61	-5.5694
55.61	-5.5692
55.61	-5.5691
55.60	-5.5690
55.60	-5.5690
55.60	-5.5689
55.60	-5.5689
55.60	-5.5688
55.60	-5.5687
55.59	-5.5686
55.59	-5.5685
55.59	-5.5685
55.58	-5.5682
55.58	-5.5682
55.58	-5.5682
55.58	-5.5679
55.58	-5.5679
55.57	-5.5678
55.57	-5.5679
55.57	-5.5677
55.56	-5.5675
55.56	-5.5675
55.56	-5.5673
55.56	-5.5673
55.55	-5.5670
55.55	-5.5671
55.55	-5.5670
55.55	-5.5669
55.54	-5.5668
55.54	-5.5667
55.54	-5.5666
55.54	-5.5663
55.54	-5.5663
55.54	-5.5660
55.54	-5.5660
55.53	-5.5659
55.52	-5.5657
55.52	-5.5657
55.52	-5.5656
55.52	-5.5654
55.52	-5.5654
55.51	-5.5655
55.51	-5.5655
55.51	-5.5654
55.50	-5.5653
55.50	-5.5651
55.50	-5.5651
55.50	-5.5651
55.49	-5.5650
55.49	-5.5650
55.49	-5.5647
55.48	-5.5647
55.49	-5.5646
55.48	-5.5644
55.48	-5.5646
55.48	-5.5644
55.48	-5.5643
55.47	-5.5641
55.47	-5.5641
55.47	-5.5641
55.47	-5.5637
55.46	-5.5638
55.46	-5.5636
55.46	-5.5636
55.45	-5.5634
55.46	-5.5634
55.45	-5.5631
55.45	-5.5631
55.45	-5.5629
55.45	-5.5628
55.45	-5.5626
55.45	-5.5626
55.45	-5.5625
55.44	-5.5624
55.44	-5.5624
55.43	-5.5622
55.43	-5.5622
55.43	-5.5621
55.42	-5.5621
55.42	-5.5618
55.42	-5.5618
55.41	-5.5616
55.41	-5.5616
55.40	-5.5614
55.40	-5.5613
55.40	-5.5613
55.40	-5.5612
55.40	-5.5612
55.40	-5.5612
55.40	-5.5610
55.40	-5.5608
55.39	-5.5608
55.39	-5.5609
55.38	-5.5606
55.38	-5.5608
55.38	-5.5607
55.38	-5.5603
55.38	-5.5602
55.38	-5.5604
55.37	-5.5602
55.37	-5.5601
55.37	-5.5598
55.37	-5.5600
55.37	-5.5598
55.36	-5.5596
55.36	-5.5595
55.35	-5.5594
55.35	-5.5594
55.35	-5.5592
55.35	-5.5591
55.34	-5.5590
55.34	-5.5592
55.34	-5.5588
55.34	-5.5589
55.34	-5.5588
55.34	-5.5585
55.33	-5.5585
55.33	-5.5584
55.33	-5.5584
55.33	-5.5583
55.33	-5.5582
55.32	-5.5582
55.32	-5.5579
55.31	-5.5579
55.31	-5.5579
55.31	-5.5578
55.30	-5.5576
55.30	-5.5575
55.30	-5.5575
55.29	-5.5574
55.29	-5.5573
55.29	-5.5572
55.28	-5.5572
55.28	-5.5570
55.28	-5.5569
55.28	-5.5569
55.28	-5.5567
55.27	-5.5567
55.27	-5.5565
55.27	-5.5565
55.27	-5.5563
55.27	-5.5563
55.27	-5.5562
55.26	-5.5561
55.26	-5.5561
55.26	-5.5560
55.26	-5.5558
55.25	-5.5558
55.25	-5.5557
55.25	-5.5557
55.25	-5.5555
55.24	-5.5553
55.24	-5.5551
55.24	-5.5551
55.24	-5.5548
55.23	-5.5550
55.23	-5.5549
55.23	-5.5547
55.23	-5.5545
55.23	-5.5545
55.22	-5.5543
55.22	-5.5544
55.21	-5.5542
55.21	-5.5542
55.21	-5.5539
55.21	-5.5539
55.20	-5.5537
55.20	-5.5537
55.20	-5.5534
55.20	-5.5534
55.20	-5.5533
55.19	-5.5531
55.19	-5.5532
55.19	-5.5529
55.18	-5.5530
55.18	-5.5529
55.18	-5.5526
55.18	-5.5527
55.17	-5.5526
55.17	-5.5526
55.17	-5.5522
55.16	-5.5520
55.16	-5.5522
55.16	-5.5520
55.15	-5.5520
55.15	-5.5519
55.15	-5.5518
55.15	-5.5515
55.15	-5.5514
55.15	-5.5513
55.14	-5.5513
55.14	-5.5512
55.14	-5.5510
55.14	-5.5512
55.13	-5.5509
55.13	-5.5507
55.13	-5.5507
55.13	-5.5505
55.12	-5.5504
55.12	-5.5501
55.12	-5.5502
55.12	-5.5500
55.12	-5.5500
55.11	-5.5497
55.11	-5.5497
55.11	-5.5496
55.10	-5.5497
55.10	-5.5496
55.10	-5.5493
55.09	-5.5494
55.09	-5.5492
55.09	-5.5492
55.09	-5.5489
55.09	-5.5489
55.08	-5.5488
55.08	-5.5487
55.08	-5.5488
55.08	-5.5486
55.08	-5.5484
55.08	-5.5483
55.07	-5.5484
55.07	-5.5482
55.07	-5.5481
55.06	-5.5479
55.06	-5.5479
55.06	-5.5479
55.05	-5.5477
55.05	-5.5476
55.05	-5.5475
55.05	-5.5474
55.05	-5.5475
55.05	-5.5473
55.04	-5.5472
55.04	-5.5471
55.04	-5.5469
55.04	-5.5469
55.03	-5.5467
55.03	-5.5468
55.02	-5.5467
55.02	-5.5465
55.02	-5.5462
55.02	-5.5462
55.01	-5.5461
55.01	-5.5461
55.01	-5.5460
55.00	-5.5460
55.00	-5.5458
55.00	-5.5457
55.00	-5.5457
55.00	-5.5457
54.99	-5.5456
54.99	-5.5456
54.99	-5.5454
54.99	-5.5454
54.99	-5.5451
54.98	-5.5451
54.98	-5.5449
54.98	-5.5450
54.97	-5.5448
54.97	-5.5449
54.97	-5.5445
54.97	-5.5446
54.97	-5.5447
54.96	-5.5445
54.96	-5.5446
54.96	-5.5442
54.95	-5.5442
54.95	-5.5440
54.95	-5.5439
54.95	-5.5437
54.95	-5.5438
54.95	-5.5438
54.94	-5.5434
54.94	-5.5434
54.94	-5.5434
54.93	-5.5433
54.93	-5.5432
54.93	-5.5429
54.93	-5.5429
54.92	-5.5429
54.92	-5.5428
54.92	-5.5427
54.91	-5.5427
54.91	-5.5427
54.91	-5.5426
54.90	-5.5425
54.90	-5.5424
54.90	-5.5422
54.90	-5.5420
54.90	-5.5421
54.90	-5.5420
54.90	-5.5420
54.89	-5.5419
54.89	-5.5418
54.88	-5.5417
54.88	-5.5414
54.88	-5.5417
54.88	-5.5414
54.88	-5.5414
54.88	-5.5413
54.87	-5.5411
54.87	-5.5412
54.87	-5.5411
54.87	-5.5411
54.86	-5.5409
54.86	-5.5409
54.86	-5.5409
54.85	-5.5405
54.85	-5.5406
54.85	-5.5405
54.85	-5.5403
54.84	-5.5403
54.84	-5.5401
54.84	-5.5402
54.84	-5.5400
54.83	-5.5399
54.83	-5.5400
54.83	-5.5399
54.83	-5.5397
54.82	-5.5396
54.82	-5.5395
54.82	-5.5395
54.82	-5.5393
54.81	-5.5394
54.81	-5.5392
54.81	-5.5392
54.80	-5.5390
54.80	-5.5390
54.80	-5.5388
54.80	-5.5387
54.79	-5.5386
54.79	-5.5383
54.79	-5.5385
54.78	-5.5382
54.78	-5.5380
54.78	-5.5378
54.78	-5.5380
54.78	-5.5378
54.77	-5.5377
54.77	-5.5376
54.77	-5.5372
54.76	-5.5372
54.76	-5.5374
54.76	-5.5372
54.76	-5.5371
54.75	-5.5368
54.75	-5.5368
54.75	-5.5368
54.75	-5.5367
54.75	-5.5366
54.74	-5.5365
54.74	-5.5364
54.74	-5.5363
54.74	-5.5361
54.73	-5.5360
54.73	-5.5360
54.73	-5.5358
54.72	-5.5357
54.72	-5.5357
54.72	-5.5355
54.71	-5.5354
54.71	-5.5356
54.71	-5.5353
54.71	-5.5352
54.71	-5.5352
54.71	-5.5350
54.71	-5.5349
54.70	-5.5350
54.70	-5.5347
54.70	-5.5347
54.70	-5.5347
54.70	-5.5343
54.69	-5.5342
54.69	-5.5343
54.68	-5.5343
54.68	-5.5339
54.68	-5.5338
54.68	-5.5339
54.68	-5.5337
54.68	-5.5337
54.67	-5.5336
54.67	-5.5334
54.67	-5.5334
54.66	-5.5334
54.66	-5.5333
54.65	-5.5332
54.65	-5.5329
54.65	-5.5329
54.65	-5.5328
54.65	-5.5328
54.65	-5.5327
54.64	-5.5327
54.64	-5.5325
54.64	-5.5325
54.63	-5.5322
54.63	-5.5323
54.63	-5.5321
54.63	-5.5321
54.63	-5.5319
54.63	-5.5317
54.62	-5.5316
54.62	-5.5318
54.62	-5.5316
54.62	-5.5315
54.61	-5.5314
54.61	-5.5312
54.60	-5.5311
54.60	-5.5312
54.60	-5.5311
54.60	-5.5308
54.60	-5.5306
54.60	-5.5305
54.59	-5.5304
54.59	-5.5303
54.59	-5.5303
54.59	-5.5301
54.58	-5.5301
54.58	-5.5299
54.58	-5.5298
54.58	-5.5298
54.58	-5.5296
54.57	-5.5296
54.57	-5.5293
54.57	-5.5290
54.56	-5.5291
54.56	-5.5290
54.56	-5.5290
54.56	-5.5287
54.56	-5.5287
54.55	-5.5285
54.55	-5.5282
54.55	-5.5283
54.55	-5.5282
54.55	-5.5281
54.54	-5.5280
54.54	-5.5281
54.54	-5.5277
54.53	-5.5278
54.53	-5.5277
54.52	-5.5273
54.52	-5.5272
54.52	-5.5272
54.52	-5.5270
54.52	-5.5268
54.51	-5.5267
54.51	-5.5265
54.51	-5.5264
54.51	-5.5264
54.51	-5.5263
54.50	-5.5262
54.50	-5.5261
54.50	-5.5259
54.50	-5.5259
54.50	-5.5257
54.49	-5.5258
54.49	-5.5255
54.48	-5.5254
54.48	-5.5254
54.48	-5.5253
54.48	-5.5252
54.48	-5.5251
54.48	-5.5251
54.47	-5.5250
54.47	-5.5248
54.47	-5.5247
54.46	-5.5246
54.46	-5.5245
54.46	-5.5245
54.46	-5.5244
54.45	-5.5241
54.45	-5.5243
54.45	-5.5244
54.44	-5.5240
54.44	-5.5241
54.44	-5.5240
54.44	-5.5238
54.43	-5.5236
54.43	-5.5236
54.43	-5.5235
54.43	-5.5235
54.43	-5.5234
54.42	-5.5233
54.42	-5.5231
54.42	-5.5232
54.42	-5.5231
54.42	-5.5229
54.42	-5.5229
54.41	-5.5229
54.40	-5.5227
54.40	-5.5227
54.40	-5.5225
54.40	-5.5226
54.40	-5.5223
54.40	-5.5221
54.39	-5.5222
54.39	-5.5219
54.38	-5.5218
54.38	-5.5219
54.38	-5.5218
54.38	-5.5216
54.37	-5.5216
54.37	-5.5215
54.37	-5.5215
54.37	-5.5214
54.37	-5.5211
54.36	-5.5211
54.36	-5.5210
54.36	-5.5207
54.35	-5.5209
54.35	-5.5208
54.35	-5.5208
54.34	-5.5207
54.34	-5.5206
54.34	-5.5204
54.34	-5.5205
54.34	-5.5203
54.33	-5.5203
54.33	-5.5203
54.33	-5.5201
54.33	-5.5200
54.33	-5.5199
54.32	-5.5201
54.32	-5.5199
54.32	-5.5197
54.31	-5.5198
54.31	-5.5197
54.31	-5.5197
54.31	-5.5195
54.30	-5.5194
54.30	-5.5194
54.29	-5.5192
54.29	-5.5191
54.29	-5.5191
54.29	-5.5189
54.29	-5.5188
54.29	-5.5187
54.29	-5.5186
54.28	-5.5185
54.28	-5.5185
54.28	-5.5183
54.27	-5.5182
54.27	-5.5181
54.27	-5.5181
54.27	-5.5179
54.26	-5.5178
54.26	-5.5176
54.26	-5.5174
54.26	-5.5175
54.25	-5.5172
54.25	-5.5172
54.25	-5.5171
54.25	-5.5171
54.25	-5.5170
54.24	-5.5168
54.24	-5.5169
54.24	-5.5170
54.24	-5.5168
54.23	-5.5166
54.23	-5.5168
54.23	-5.5166
54.23	-5.5165
54.23	-5.5163
54.22	-5.5164
54.22	-5.5163
54.22	-5.5161
54.21	-5.5161
54.21	-5.5160
54.21	-5.5158
54.21	-5.5158
54.20	-5.5156
54.20	-5.5157
54.20	-5.5155
54.20	-5.5153
54.20	-5.5152
54.19	-5.5154
54.19	-5.5152
54.19	-5.5151
54.18	-5.5152
54.18	-5.5150
54.18	-5.5150
54.18	-5.5147
54.18	-5.5148
54.17	-5.5146
54.17	-5.5145
54.17	-5.5142
54.17	-5.5142
54.17	-5.5140
54.16	-5.5139
54.15	-5.5139
54.15	-5.5139
54.15	-5.5136
54.15	-5.5136
54.15	-5.5135
54.14	-5.5134
54.14	-5.5135
54.13	-5.5131
54.13	-5.5130
54.13	-5.5130
54.13	-5.5128
54.13	-5.5128
54.13	-5.5128
54.12	-5.5126
54.12	-5.5125
54.12	-5.5124
54.12	-5.5123
54.12	-5.5121
54.11	-5.5120
54.11	-5.5118
54.11	-5.5118
54.10	-5.5117
54.10	-5.5116
54.10	-5.5114
54.09	-5.5114
54.09	-5.5114
54.09	-5.5111
54.08	-5.5111
54.08	-5.5111
54.08	-5.5106
54.08	-5.5105
54.08	-5.5106
54.08	-5.5106
54.07	-5.5103
54.07	-5.5102
54.06	-5.5101
54.06	-5.5100
54.06	-5.5098
54.06	-5.5097
54.06	-5.5096
54.06	-5.5096
54.05	-5.5095
54.05	-5.5094
54.05	-5.5093
54.04	-5.5092
54.04	-5.5092
54.04	-5.5087
54.03	-5.5088
54.03	-5.5087
54.03	-5.5086
54.03	-5.5086
54.03	-5.5085
54.03	-5.5084
54.02	-5.5083
54.02	-5.5083
54.02	-5.5083
54.02	-5.5080
54.02	-5.5078
54.01	-5.5080
54.01	-5.5079
54.01	-5.5078
54.00	-5.5077
54.00	-5.5078
54.00	-5.5075
54.00	-5.5075
54.00	-5.5074
54.00	-5.5073
53.99	-5.5073
53.99	-5.5072
53.99	-5.5070
53.98	-5.5065
53.98	-5.5067
53.98	-5.5067
53.98	-5.5064
53.97	-5.5063
53.97	-5.5062
53.97	-5.5058
53.96	-5.5060
53.96	-5.5059
53.96	-5.5055
53.95	-5.5055
53.95	-5.5051
53.95	-5.5052
53.95	-5.5050
53.95	-5.5049
53.94	-5.5047
53.94	-5.5045
53.94	-5.5046
53.94	-5.5042
53.94	-5.5042
53.93	-5.5039
53.93	-5.5038
53.93	-5.5037
53.92	-5.5035
53.92	-5.5034
53.91	-5.5035
53.91	-5.5034
53.91	-5.5032
53.90	-5.5033
53.90	-5.5030
53.90	-5.5030
53.90	-5.5028
53.90	-5.5028
53.90	-5.5028
53.90	-5.5027
53.90	-5.5026
53.89	-5.5027
53.89	-5.5024
53.89	-5.5022
53.88	-5.5024
53.88	-5.5021
53.88	-5.5022
53.88	-5.5022
53.88	-5.5022
53.88	-5.5020
53.87	-5.5018
53.87	-5.5019
53.87	-5.5018
53.86	-5.5018
53.86	-5.5017
53.85	-5.5016
53.85	-5.5017
53.85	-5.5015
53.85	-5.5015
53.84	-5.5012
53.84	-5.5012
53.84	-5.5012
53.84	-5.5010
53.84	-5.5006
53.83	-5.5010
53.83	-5.5008
53.83	-5.5006
53.83	-5.5007
53.83	-5.5006
53.82	-5.5003
53.82	-5.5002
53.82	-5.5002
53.81	-5.5002
53.81	-5.5000
53.81	-5.5001
53.81	-5.4998
53.80	-5.4999
53.80	-5.5000
53.80	-5.4999
53.80	-5.4997
53.80	-5.4997
53.79	-5.4997
53.79	-5.4994
53.79	-5.4995
53.79	-5.4996
53.78	-5.4995
53.78	-5.4994
53.78	-5.4992
53.77	-5.4991
53.77	-5.4994
53.77	-5.4992
53.76	-5.4991
53.76	-5.4990
53.76	-5.4992
53.76	-5.4990
53.75	-5.4989
53.75	-5.4989
53.75	-5.4988
53.75	-5.4989
53.74	-5.4988
53.75	-5.4989
53.75	-5.4986
53.75	-5.4986
53.74	-5.4985
53.74	-5.4986
53.74	-5.4984
53.73	-5.4983
53.73	-5.4982
53.73	-5.4983
53.73	-5.4982
53.73	-5.4984
53.72	-5.4981
53.72	-5.4980
53.72	-5.4977
53.71	-5.4977
53.71	-5.4979
53.71	-5.4976
53.70	-5.4976
53.70	-5.4976
53.70	-5.4975
53.70	-5.4973
53.70	-5.4973
53.70	-5.4973
53.69	-5.4974
53.69	-5.4973
53.69	-5.4970
53.68	-5.4972
53.68	-5.4971
53.68	-5.4971
53.68	-5.4968
53.67	-5.4971
53.67	-5.4969
53.67	-5.4969
53.67	-5.4968
53.66	-5.4967
53.66	-5.4969
53.65	-5.4966
53.65	-5.4968
53.65	-5.4966
53.65	-5.4966
53.65	-5.4967
53.65	-5.4965
53.65	-5.4966
53.64	-5.4964
53.64	-5.4964
53.64	-5.4962
53.64	-5.4962
53.63	-5.4962
53.63	-5.4961
53.63	-5.4959
53.63	-5.4959
53.62	-5.4957
53.62	-5.4957
53.62	-5.4954
53.61	-5.4955
53.61	-5.4951
53.61	-5.4952
53.60	-5.4952
53.60	-5.4952
53.60	-5.4951
53.60	-5.4950
53.59	-5.4950
53.59	-5.4949
53.59	-5.4948
53.59	-5.4945
53.59	-5.4944
53.58	-5.4945
53.58	-5.4946
53.58	-5.4945
53.58	-5.4942
53.58	-5.4942
53.57	-5.4941
53.57	-5.4941
53.57	-5.4942
53.57	-5.4938
53.56	-5.4938
53.56	-5.4938
53.56	-5.4936
53.56	-5.4936
53.55	-5.4935
53.55	-5.4935
53.55	-5.4932
53.54	-5.4933
53.54	-5.4932
53.54	-5.4930
53.54	-5.4931
53.53	-5.4929
53.53	-5.4930
53.53	-5.4929
53.52	-5.4926
53.52	-5.4923
53.52	-5.4925
53.52	-5.4925
53.52	-5.4925
53.51	-5.4920
53.51	-5.4920
53.51	-5.4922
53.51	-5.4920
53.50	-5.4919
53.50	-5.4919
53.50	-5.4919
53.50	-5.4917
53.49	-5.4918
53.49	-5.4918
53.49	-5.4917
53.49	-5.4914
53.49	-5.4912
53.48	-5.4913
53.48	-5.4911
53.48	-5.4911
53.48	-5.4909
53.47	-5.4909
53.47	-5.4909
53.47	-5.4906
53.47	-5.4904
53.46	-5.4904
53.46	-5.4905
53.46	-5.4902
53.45	-5.4901
53.45	-5.4901
53.45	-5.4901
53.45	-5.4899
53.45	-5.4898
53.44	-5.4896
53.44	-5.4896
53.44	-5.4894
53.43	-5.4894
53.43	-5.4892
53.43	-5.4890
53.43	-5.4888
53.42	-5.4888
53.42	-5.4886
53.42	-5.4885
53.41	-5.4884
53.41	-5.4882
53.41	-5.4883
53.41	-5.4880
53.40	-5.4879
53.40	-5.4876
53.40	-5.4876
53.40	-5.4875
53.39	-5.4874
53.39	-5.4873
53.39	-5.4870
53.39	-5.4870
53.39	-5.4869
53.38	-5.4867
53.38	-5.4867
53.38	-5.4866
53.38	-5.4864
53.37	-5.4862
53.37	-5.4863
53.37	-5.4861
53.37	-5.4858
53.36	-5.4858
53.36	-5.4855
53.36	-5.4854
53.35	-5.4856
53.35	-5.4854
53.35	-5.4850
53.34	-5.4852
53.34	-5.4848
53.34	-5.4847
53.34	-5.4849
53.34	-5.4847
53.34	-5.4846
53.34	-5.4845
53.33	-5.4844
53.33	-5.4842
53.33	-5.4843
53.33	-5.4842
53.33	-5.4839
53.32	-5.4840
53.32	-5.4838
53.32	-5.4836
53.31	-5.4836
53.31	-5.4833
53.30	-5.4835
53.30	-5.4835
53.30	-5.4833
53.30	-5.4833
53.30	-5.4832
53.29	-5.4829
53.29	-5.4829
53.29	-5.4829
53.29	-5.4825
53.28	-5.4825
53.28	-5.4825
53.27	-5.4823
53.27	-5.4822
53.27	-5.4819
53.27	-5.4821
53.27	-5.4820
53.27	-5.4820
53.27	-5.4817
53.26	-5.4817
53.26	-5.4815
53.25	-5.4814
53.25	-5.4813
53.25	-5.4813
53.25	-5.4811
53.24	-5.4812
53.25	-5.4811
53.24	-5.4808
53.24	-5.4808
53.24	-5.4808
53.23	-5.4807
53.23	-5.4806
53.23	-5.4804
53.23	-5.4803
53.22	-5.4804
53.22	-5.4803
53.22	-5.4798
53.22	-5.4800
53.21	-5.4798
53.21	-5.4797
53.21	-5.4798
53.20	-5.4796
53.20	-5.4794
53.20	-5.4791
53.20	-5.4791
53.20	-5.4789
53.20	-5.4787
53.19	-5.4786
53.19	-5.4786
53.19	-5.4786
53.19	-5.4784
53.18	-5.4784
53.18	-5.4781
53.18	-5.4782
53.17	-5.4781
53.17	-5.4780
53.17	-5.4778
53.16	-5.4776
53.16	-5.4774
53.16	-5.4776
53.16	-5.4775
53.16	-5.4773
53.15	-5.4773
53.15	-5.4771
53.15	-5.4771
53.15	-5.4769
53.14	-5.4768
53.14	-5.4768
53.14	-5.4765
53.14	-5.4765
53.13	-5.4763
53.13	-5.4761
53.13	-5.4760
53.13	-5.4761
53.13	-5.4756
53.13	-5.4757
53.12	-5.4757
53.12	-5.4753
53.12	-5.4753
53.11	-5.4750
53.11	-5.4749
53.11	-5.4748
53.10	-5.4748
53.10	-5.4747
53.10	-5.4746
53.09	-5.4744
53.09	-5.4742
53.09	-5.4740
53.09	-5.4741
53.08	-5.4738
53.08	-5.4735
53.08	-5.4734
53.08	-5.4734
53.08	-5.4732
53.08	-5.4730
53.07	-5.4729
53.07	-5.4729
53.07	-5.4727
53.06	-5.4725
53.06	-5.4724
53.06	-5.4724
53.06	-5.4721
53.05	-5.4722
53.05	-5.4718
53.05	-5.4718
53.05	-5.4715
53.05	-5.4715
53.05	-5.4715
53.04	-5.4714
53.04	-5.4712
53.03	-5.4710
53.03	-5.4710
53.03	-5.4709
53.03	-5.4706
53.02	-5.4706
53.02	-5.4706
53.02	-5.4704
53.02	-5.4703
53.01	-5.4702
53.01	-5.4701
53.01	-5.4698
53.00	-5.4699
53.00	-5.4695
53.00	-5.4695
53.00	-5.4696
53.00	-5.4694
52.99	-5.4692
52.99	-5.4691
52.99	-5.4689
52.98	-5.4688
52.98	-5.4686
52.98	-5.4685
52.98	-5.4683
52.98	-5.4682
52.98	-5.4682
52.98	-5.4679
52.97	-5.4682
52.97	-5.4679
52.97	-5.4678
52.97	-5.4678
52.96	-5.4675
52.96	-5.4674
52.95	-5.4674
52.95	-5.4671
52.95	-5.4670
52.94	-5.4670
52.94	-5.4670
52.94	-5.4667
52.94	-5.4667
52.93	-5.4665
52.93	-5.4663
52.93	-5.4663
52.93	-5.4662
52.93	-5.4661
52.93	-5.4659
52.92	-5.4658
52.92	-5.4658
52.92	-5.4657
52.92	-5.4654
52.91	-5.4655
52.91	-5.4653
52.91	-5.4650
52.90	-5.4649
52.90	-5.4650
52.90	-5.4648
52.90	-5.4646
52.89	-5.4645
52.89	-5.4643
52.89	-5.4642
52.89	-5.4641
52.88	-5.4641
52.88	-5.4640
52.88	-5.4637
52.88	-5.4637
52.87	-5.4638
52.87	-5.4636
52.86	-5.4635
52.86	-5.4633
52.86	-5.4634
52.86	-5.4634
52.86	-5.4632
52.85	-5.4631
52.85	-5.4631
52.85	-5.4629
52.85	-5.4627
52.85	-5.4626
52.84	-5.4624
52.84	-5.4625
52.84	-5.4623
52.84	-5.4621
52.83	-5.4622
52.83	-5.4621
52.83	-5.4620
52.83	-5.4617
52.83	-5.4615
52.83	-5.4614
52.83	-5.4614
52.82	-5.4615
52.82	-5.4611
52.82	-5.4613
52.81	-5.4611
52.81	-5.4610
52.81	-5.4609
52.80	-5.4607
52.80	-5.4606
52.80	-5.4607
52.80	-5.4605
52.80	-5.4604
52.80	-5.4602
52.79	-5.4603
52.79	-5.4601
52.78	-5.4600
52.78	-5.4599
52.78	-5.4599
52.78	-5.4600
52.77	-5.4599
52.77	-5.4597
52.77	-5.4598
52.77	-5.4595
52.77	-5.4596
52.76	-5.4597
52.76	-5.4594
52.76	-5.4594
52.75	-5.4594
52.75	-5.4591
52.75	-5.4592
52.75	-5.4592
52.75	-5.4589
52.75	-5.4589
52.74	-5.4585
52.74	-5.4584
52.73	-5.4584
52.73	-5.4584
52.73	-5.4581
52.73	-5.4583
52.73	-5.4581
52.72	-5.4581
52.72	-5.4578
52.72	-5.4577
52.72	-5.4577
52.72	-5.4576
52.71	-5.4576
52.71	-5.4574
52.70	-5.4574
52.70	-5.4572
52.70	-5.4570
52.70	-5.4570
52.70	-5.4569
52.69	-5.4567
52.69	-5.4567
52.69	-5.4565
52.69	-5.4564
52.68	-5.4563
52.68	-5.4562
52.68	-5.4563
52.68	-5.4561
52.67	-5.4560
52.67	-5.4560
52.67	-5.4558
52.67	-5.4557
52.66	-5.4557
52.66	-5.4556
52.66	-5.4554
52.65	-5.4554
52.65	-5.4552
52.65	-5.4549
52.65	-5.4550
52.65	-5.4550
52.65	-5.4548
52.65	-5.4547
52.64	-5.4545
52.64	-5.4545
52.64	-5.4543
52.63	-5.4542
52.63	-5.4542
52.63	-5.4541
52.63	-5.4538
52.62	-5.4541
52.62	-5.4539
52.62	-5.4538
52.61	-5.4537
52.61	-5.4535
52.61	-5.4537
52.61	-5.4532
52.60	-5.4533
52.60	-5.4531
52.59	-5.4530
52.59	-5.4531
52.59	-5.4530
52.59	-5.4529
52.59	-5.4528
52.58	-5.4525
52.58	-5.4526
52.58	-5.4525
52.58	-5.4525
52.58	-5.4523
52.58	-5.4523
52.57	-5.4523
52.57	-5.4521
52.57	-5.4519
52.57	-5.4518
52.56	-5.4517
52.56	-5.4514
52.56	-5.4514
52.56	-5.4515
52.55	-5.4514
52.55	-5.4513
52.55	-5.4511
52.55	-5.4509
52.54	-5.4509
52.54	-5.4510
52.54	-5.4509
52.53	-5.4507
52.53	-5.4505
52.53	-5.4505
52.53	-5.4504
52.53	-5.4503
52.52	-5.4504
52.52	-5.4501
52.52	-5.4500
52.52	-5.4499
52.51	-5.4499
52.51	-5.4496
52.51	-5.4496
52.50	-5.4495
52.50	-5.4495
52.50	-5.4493
52.50	-5.4491
52.49	-5.4491
52.49	-5.4491
52.49	-5.4488
52.49	-5.4484
52.49	-5.4487
52.49	-5.4485
52.49	-5.4485
52.48	-5.4483
52.48	-5.4482
52.48	-5.4481
52.47	-5.4479
52.47	-5.4478
52.47	-5.4479
52.47	-5.4477
52.46	-5.4475
52.46	-5.4475
52.46	-5.4475
52.46	-5.4472
52.45	-5.4473
52.45	-5.4472
52.45	-5.4469
52.45	-5.4470
52.44	-5.4466
52.44	-5.4468
52.44	-5.4467
52.43	-5.4462
52.43	-5.4465
52.43	-5.4462
52.43	-5.4461
52.43	-5.4461
52.42	-5.4460
52.42	-5.4460
52.41	-5.4458
52.41	-5.4457
52.41	-5.4456
52.40	-5.4454
52.40	-5.4451
52.40	-5.4450
52.40	-5.4452
52.40	-5.4449
52.40	-5.4450
52.40	-5.4447
52.40	-5.4448
52.39	-5.4447
52.39	-5.4446
52.38	-5.4446
52.38	-5.4442
52.38	-5.4443
52.38	-5.4443
52.38	-5.4442
52.37	-5.4441
52.37	-5.4438
52.36	-5.4439
52.36	-5.4435
52.36	-5.4436
52.35	-5.4436
52.35	-5.4435
52.35	-5.4430
52.35	-5.4431
52.34	-5.4432
52.34	-5.4431
52.34	-5.4428
52.34	-5.4429
52.33	-5.4427
52.33	-5.4426
52.33	-5.4424
52.33	-5.4424
52.33	-5.4423
52.32	-5.4421
52.32	-5.4420
52.32	-5.4417
52.32	-5.4416
52.32	-5.4416
52.31	-5.4416
52.31	-5.4414
52.31	-5.4413
52.31	-5.4411
52.31	-5.4410
52.31	-5.4410
52.30	-5.4410
52.30	-5.4408
52.30	-5.4407
52.30	-5.4405
52.30	-5.4405
52.29	-5.4403
52.28	-5.4402
52.27	-5.4403
52.27	-5.4401
52.27	-5.4400
52.27	-5.4400
52.27	-5.4397
52.27	-5.4397
52.26	-5.4398
52.26	-5.4396
52.25	-5.4396
52.25	-5.4393
52.25	-5.4393
52.25	-5.4393
52.24	-5.4392
52.24	-5.4393
52.24	-5.4392
52.24	-5.4392
52.24	-5.4390
52.24	-5.4388
52.24	-5.4387
52.23	-5.4385
52.23	-5.4384
52.23	-5.4385
52.23	-5.4383
52.22	-5.4379
52.22	-5.4382
52.22	-5.4380
52.22	-5.4380
52.22	-5.4378
52.22	-5.4376
52.21	-5.4376
52.21	-5.4375
52.20	-5.4376
52.20	-5.4373
52.20	-5.4374
52.19	-5.4372
52.19	-5.4371
52.19	-5.4370
52.19	-5.4369
52.18	-5.4369
52.18	-5.4369
52.18	-5.4368
52.18	-5.4366
52.18	-5.4367
52.18	-5.4364
52.18	-5.4363
52.17	-5.4362
52.18	-5.4361
52.17	-5.4359
52.17	-5.4356
52.16	-5.4357
52.16	-5.4356
52.16	-5.4353
52.15	-5.4354
52.15	-5.4350
52.15	-5.4350
52.14	-5.4349
52.14	-5.4347
52.14	-5.4346
52.14	-5.4346
52.13	-5.4345
52.13	-5.4344
52.13	-5.4343
52.13	-5.4340
52.12	-5.4340
52.12	-5.4339
52.12	-5.4338
52.11	-5.4334
52.11	-5.4338
52.11	-5.4336
52.11	-5.4334
52.10	-5.4335
52.10	-5.4333
52.10	-5.4333
52.10	-5.4332
52.09	-5.4329
52.09	-5.4331
52.09	-5.4330
52.09	-5.4328
52.09	-5.4329
52.09	-5.4328
52.08	-5.4327
52.08	-5.4325
52.08	-5.4325
52.07	-5.4326
52.07	-5.4324
52.06	-5.4324
52.06	-5.4322
52.06	-5.4323
52.06	-5.4322
52.06	-5.4322
52.06	-5.4320
52.05	-5.4318
52.05	-5.4318
52.05	-5.4317
52.05	-5.4317
52.04	-5.4316
52.04	-5.4314
52.04	-5.4312
52.04	-5.4314
52.03	-5.4312
52.03	-5.4312
52.02	-5.4312
52.02	-5.4310
52.02	-5.4309
52.02	-5.4310
52.02	-5.4309
52.02	-5.4309
52.02	-5.4310
52.02	-5.4308
52.01	-5.4307
52.01	-5.4305
52.01	-5.4306
52.00	-5.4305
52.00	-5.4304
52.00	-5.4302
52.00	-5.4301
52.00	-5.4303
52.00	-5.4301
52.00	-5.4300
51.99	-5.4301
51.99	-5.4300
51.98	-5.4298
51.98	-5.4298
51.98	-5.4297
51.98	-5.4295
51.98	-5.4295
51.97	-5.4297
51.97	-5.4295
51.96	-5.4294
51.96	-5.4295
51.95	-5.4294
51.95	-5.4292
51.95	-5.4294
51.95	-5.4290
51.95	-5.4291
51.94	-5.4289
51.94	-5.4290
51.94	-5.4287
51.94	-5.4288
51.94	-5.4287
51.93	-5.4286
51.93	-5.4287
51.93	-5.4286
51.93	-5.4285
51.93	-5.4283
51.92	-5.4282
51.92	-5.4284
51.92	-5.4283
51.91	-5.4282
51.91	-5.4281
51.91	-5.4282
51.90	-5.4279
51.90	-5.4279
51.90	-5.4279
51.90	-5.4278
51.90	-5.4278
51.90	-5.4277
51.89	-5.4276
51.89	-5.4273
51.89	-5.4275
51.89	-5.4273
51.88	-5.4271
51.88	-5.4272
51.88	-5.4273
51.87	-5.4272
51.87	-5.4272
51.86	-5.4271
51.86	-5.4268
51.86	-5.4270
51.86	-5.4267
51.86	-5.4268
51.85	-5.4267
51.85	-5.4266
51.85	-5.4264
51.85	-5.4265
51.85	-5.4263
51.84	-5.4262
51.84	-5.4263
51.84	-5.4260
51.84	-5.4261
51.84	-5.4258
51.83	-5.4258
51.83	-5.4258
51.83	-5.4259
51.83	-5.4258
51.82	-5.4257
51.82	-5.4256
51.81	-5.4254
51.81	-5.4256
51.81	-5.4255
51.80	-5.4254
51.80	-5.4252
51.80	-5.4252
51.80	-5.4249
51.80	-5.4250
51.80	-5.4250
51.79	-5.4250
51.79	-5.4252
51.79	-5.4249
51.79	-5.4250
51.79	-5.4250
51.78	-5.4248
51.78	-5.4249
51.78	-5.4248
51.77	-5.4247
51.77	-5.4247
51.77	-5.4245
51.77	-5.4243
51.77	-5.4244
51.77	-5.4242
51.76	-5.4242
51.76	-5.4241
51.76	-5.4241
51.75	-5.4241
51.75	-5.4238
51.75	-5.4238
51.75	-5.4238
51.75	-5.4237
51.74	-5.4235
51.74	-5.4236
51.74	-5.4232
51.73	-5.4232
51.73	-5.4233
51.73	-5.4232
51.73	-5.4231
51.72	-5.4229
51.72	-5.4229
51.72	-5.4228
51.72	-5.4228
51.71	-5.4228
51.71	-5.4225
51.70	-5.4226
51.70	-5.4225
51.70	-5.4225
51.70	-5.4222
51.70	-5.4222
51.70	-5.4223
51.69	-5.4221
51.69	-5.4220
51.68	-5.4219
51.68	-5.4219
51.68	-5.4218
51.68	-5.4220
51.68	-5.4216
51.68	-5.4218
51.67	-5.4216
51.67	-5.4218
51.66	-5.4217
51.66	-5.4215
51.66	-5.4213
51.66	-5.4214
51.65	-5.4213
51.65	-5.4212
51.65	-5.4211
51.65	-5.4211
51.65	-5.4209
51.64	-5.4211
51.64	-5.4210
51.64	-5.4210
51.63	-5.4207
51.63	-5.4207
51.63	-5.4203
51.63	-5.4205
51.63	-5.4202
51.62	-5.4203
51.62	-5.4201
51.62	-5.4199
51.61	-5.4200
51.61	-5.4198
51.61	-5.4196
51.60	-5.4196
51.60	-5.4194
51.60	-5.4194
51.59	-5.4192
51.59	-5.4191
51.59	-5.4190
51.59	-5.4189
51.59	-5.4187
51.59	-5.4186
51.59	-5.4184
51.59	-5.4186
51.58	-5.4183
51.58	-5.4184
51.58	-5.4181
51.58	-5.4181
51.57	-5.4179
51.57	-5.4180
51.57	-5.4178
51.57	-5.4176
51.57	-5.4174
51.56	-5.4173
51.55	-5.4170
51.55	-5.4170
51.55	-5.4168
51.55	-5.4165
51.55	-5.4166
51.55	-5.4165
51.54	-5.4165
51.54	-5.4162
51.53	-5.4160
51.53	-5.4160
51.53	-5.4157
51.53	-5.4157
51.52	-5.4156
51.52	-5.4156
51.52	-5.4153
51.52	-5.4153
51.52	-5.4151
51.52	-5.4150
51.51	-5.4148
51.51	-5.4149
51.50	-5.4148
51.50	-5.4147
51.50	-5.4148
51.50	-5.4145
51.50	-5.4144
51.50	-5.4144
51.49	-5.4143
51.49	-5.4140
51.49	-5.4139
51.48	-5.4139
51.48	-5.4139
51.48	-5.4137
51.48	-5.4135
51.48	-5.4134
51.48	-5.4135
51.47	-5.4133
51.47	-5.4132
51.46	-5.4130
51.46	-5.4128
51.46	-5.4128
51.45	-5.4127
51.45	-5.4127
51.45	-5.4125
51.45	-5.4124
51.45	-5.4124
51.44	-5.4120
51.44	-5.4119
51.44	-5.4117
51.44	-5.4119
51.43	-5.4116
51.43	-5.4115
51.43	-5.4114
51.43	-5.4115
51.43	-5.4110
51.43	-5.4113
51.42	-5.4111
51.42	-5.4109
51.42	-5.4107
51.41	-5.4106
51.41	-5.4106
51.41	-5.4105
51.40	-5.4103
51.40	-5.4102
51.40	-5.4099
51.39	-5.4098
51.39	-5.4096
51.40	-5.4095
51.39	-5.4095
51.39	-5.4094
51.39	-5.4093
51.38	-5.4091
51.38	-5.4090
51.38	-5.4089
51.38	-5.4089
51.38	-5.4086
51.37	-5.4084
51.37	-5.4085
51.36	-5.4083
51.36	-5.4081
51.36	-5.4080
51.36	-5.4078
51.35	-5.4076
51.35	-5.4077
51.35	-5.4075
51.35	-5.4072
51.34	-5.4071
51.34	-5.4072
51.34	-5.4072
51.33	-5.4069
51.33	-5.4068
51.33	-5.4064
51.33	-5.4064
51.33	-5.4061
51.33	-5.4060
51.32	-5.4059
51.32	-5.4061
51.32	-5.4057
51.31	-5.4058
51.31	-5.4057
51.31	-5.4053
51.31	-5.4053
51.30	-5.4052
51.30	-5.4050
51.30	-5.4050
51.30	-5.4048
51.30	-5.4048
51.29	-5.4046
51.29	-5.4046
51.29	-5.4047
51.28	-5.4044
51.28	-5.4043
51.27	-5.4044
51.27	-5.4042
51.26	-5.4042
51.26	-5.4040
51.26	-5.4038
51.26	-5.4038
51.26	-5.4036
51.25	-5.4035
51.25	-5.4034
51.25	-5.4033
51.25	-5.4034
51.25	-5.4031
51.25	-5.4028
51.25	-5.4028
51.25	-5.4026
51.24	-5.4027
51.24	-5.4025
51.24	-5.4023
51.23	-5.4024
51.23	-5.4022
51.23	-5.4020
51.23	-5.4017
51.23	-5.4018
51.23	-5.4015
51.23	-5.4015
51.22	-5.4013
51.22	-5.4013
51.22	-5.4012
51.22	-5.4012
51.22	-5.4010
51.21	-5.4009
51.21	-5.4008
51.21	-5.4007
51.20	-5.4005
51.20	-5.4004
51.19	-5.4004
51.19	-5.4001
51.18	-5.4002
51.18	-5.4002
51.18	-5.4000
51.18	-5.3998
51.18	-5.3995
51.18	-5.3996
51.18	-5.3997
51.18	-5.3994
51.17	-5.3993
51.17	-5.3990
51.16	-5.3989
51.16	-5.3988
51.16	-5.3987
51.16	-5.3987
51.15	-5.3986
51.15	-5.3985
51.15	-5.3984
51.15	-5.3983
51.14	-5.3982
51.14	-5.3981
51.14	-5.3980
51.13	-5.3980
51.13	-5.3980
51.13	-5.3976
51.13	-5.3977
51.13	-5.3975
51.12	-5.3975
51.12	-5.3974
51.12	-5.3974
51.11	-5.3972
51.11	-5.3969
51.11	-5.3970
51.10	-5.3969
51.10	-5.3966
51.10	-5.3966
51.09	-5.3968
51.09	-5.3963
51.09	-5.3963
51.09	-5.3963
51.09	-5.3962
51.09	-5.3963
51.08	-5.3960
51.08	-5.3958
51.08	-5.3959
51.08	-5.3956
51.08	-5.3954
51.08	-5.3954
51.07	-5.3953
51.07	-5.3952
51.06	-5.3951
51.06	-5.3951
51.06	-5.3952
51.06	-5.3951
51.06	-5.3951
51.06	-5.3948
51.05	-5.3947
51.05	-5.3948
51.05	-5.3946
51.05	-5.3945
51.04	-5.3944
51.04	-5.3944
51.04	-5.3944
51.03	-5.3941
51.03	-5.3940
51.03	-5.3939
51.02	-5.3939
51.02	-5.3936
51.03	-5.3934
51.02	-5.3935
51.02	-5.3932
51.02	-5.3932
51.02	-5.3931
51.01	-5.3929
51.01	-5.3930
51.00	-5.3929
51.00	-5.3924
51.00	-5.3925
51.00	-5.3924
51.00	-5.3921
50.99	-5.3922
50.99	-5.3920
50.99	-5.3918
50.99	-5.3918
50.99	-5.3918
50.98	-5.3914
50.98	-5.3916
50.98	-5.3914
50.98	-5.3912
50.97	-5.3912
50.97	-5.3911
50.96	-5.3910
50.96	-5.3910
50.96	-5.3909
50.96	-5.3906
50.96	-5.3904
50.96	-5.3904
50.95	-5.3904
50.95	-5.3903
50.95	-5.3900
50.95	-5.3900
50.95	-5.3899
50.94	-5.3899
50.94	-5.3897
50.94	-5.3898
50.94	-5.3894
50.93	-5.3894
50.93	-5.3891
50.93	-5.3892
50.92	-5.3891
50.91	-5.3889
50.91	-5.3889
50.91	-5.3887
50.91	-5.3885
50.91	-5.3884
50.91	-5.3884
50.90	-5.3884
50.90	-5.3883
50.90	-5.3881
50.90	-5.3881
50.90	-5.3879
50.90	-5.3877
50.90	-5.3879
50.89	-5.3877
50.89	-5.3875
50.89	-5.3874
50.89	-5.3872
50.88	-5.3870
50.88	-5.3871
50.88	-5.3870
50.87	-5.3870
50.87	-5.3866
50.87	-5.3867
50.87	-5.3869
50.86	-5.3866
50.86	-5.3864
50.86	-5.3864
50.85	-5.3863
50.85	-5.3861
50.84	-5.3862
50.84	-5.3860
50.84	-5.3858
50.84	-5.3858
50.84	-5.3858
50.83	-5.3857
50.83	-5.3858
50.83	-5.3854
50.83	-5.3852
50.83	-5.3851
50.83	-5.3851
50.82	-5.3849
50.82	-5.3849
50.82	-5.3846
50.81	-5.3847
50.81	-5.3845
50.81	-5.3847
50.81	-5.3845
50.80	-5.3845
50.80	-5.3844
50.79	-5.3842
50.79	-5.3841
50.79	-5.3842
50.79	-5.3841
50.79	-5.3838
50.78	-5.3839
50.78	-5.3838
50.78	-5.3837
50.77	-5.3835
50.77	-5.3834
50.77	-5.3833
50.77	-5.3833
50.77	-5.3831
50.77	-5.3829
50.77	-5.3832
50.77	-5.3831
50.76	-5.3829
50.76	-5.3825
50.75	-5.3826
50.75	-5.3824
50.75	-5.3822
50.75	-5.3821
50.74	-5.3823
50.74	-5.3823
50.74	-5.3820
50.74	-5.3821
50.73	-5.3820
50.73	-5.3821
50.73	-5.3819
50.73	-5.3819
50.73	-5.3817
50.72	-5.3817
50.72	-5.3815
50.71	-5.3813
50.71	-5.3815
50.71	-5.3813
50.71	-5.3813
50.70	-5.3811
50.70	-5.3810
50.70	-5.3810
50.70	-5.3810
50.70	-5.3810
50.70	-5.3809
50.69	-5.3808
50.69	-5.3808
50.69	-5.3807
50.68	-5.3806
50.68	-5.3804
50.68	-5.3803
50.68	-5.3803
50.68	-5.3803
50.68	-5.3802
50.67	-5.3799
50.67	-5.3799
50.67	-5.3799
50.66	-5.3796
50.66	-5.3794
50.66	-5.3793
50.66	-5.3792
50.66	-5.3791
50.65	-5.3791
50.65	-5.3789
50.65	-5.3789
50.64	-5.3787
50.64	-5.3786
50.63	-5.3785
50.63	-5.3783
50.63	-5.3783
50.63	-5.3781
50.62	-5.3782
50.62	-5.3779
50.62	-5.3779
50.62	-5.3777
50.62	-5.3777
50.61	-5.3777
50.61	-5.3774
50.61	-5.3775
50.61	-5.3773
50.60	-5.3774
50.60	-5.3772
50.59	-5.3771
50.59	-5.3772
50.59	-5.3770
50.59	-5.3770
50.59	-5.3768
50.59	-5.3768
50.59	-5.3765
50.58	-5.3764
50.58	-5.3764
50.58	-5.3764
50.57	-5.3760
50.57	-5.3762
50.57	-5.3761
50.57	-5.3759
50.57	-5.3759
50.56	-5.3758
50.56	-5.3757
50.56	-5.3756
50.55	-5.3755
50.55	-5.3756
50.55	-5.3753
50.55	-5.3753
50.55	-5.3752
50.55	-5.3749
50.54	-5.3748
50.54	-5.3748
50.53	-5.3749
50.53	-5.3747
50.53	-5.3746
50.52	-5.3744
50.52	-5.3744
50.52	-5.3745
50.52	-5.3744
50.51	-5.3743
50.51	-5.3742
50.51	-5.3741
50.51	-5.3740
50.50	-5.3738
50.50	-5.3737
50.50	-5.3738
50.50	-5.3736
50.50	-5.3735
50.50	-5.3735
50.49	-5.3732
50.49	-5.3732
50.49	-5.3728
50.49	-5.3730
50.49	-5.3727
50.48	-5.3726
50.48	-5.3724
50.48	-5.3723
50.48	-5.3724
50.47	-5.3720
50.47	-5.3720
50.47	-5.3721
50.46	-5.3722
50.46	-5.3718
50.46	-5.3717
50.45	-5.3714
50.45	-5.3714
50.45	-5.3711
50.45	-5.3712
50.44	-5.3711
50.44	-5.3710
50.44	-5.3707
50.43	-5.3708
50.43	-5.3707
50.43	-5.3706
50.43	-5.3704
50.43	-5.3703
50.43	-5.3701
50.43	-5.3701
50.42	-5.3700
50.42	-5.3701
50.42	-5.3702
50.41	-5.3699
50.41	-5.3699
50.41	-5.3697
50.40	-5.3696
50.40	-5.3694
50.40	-5.3696
50.40	-5.3693
50.40	-5.3692
50.40	-5.3690
50.39	-5.3688
50.38	-5.3687
50.38	-5.3685
50.38	-5.3684
50.37	-5.3682
50.37	-5.3683
50.37	-5.3682
50.36	-5.3677
50.36	-5.3679
50.36	-5.3680
50.36	-5.3675
50.36	-5.3675
50.36	-5.3675
50.35	-5.3672
50.35	-5.3672
50.35	-5.3669
50.35	-5.3669
50.35	-5.3667
50.34	-5.3666
50.34	-5.3666
50.34	-5.3663
50.34	-5.3664
50.33	-5.3660
50.33	-5.3656
50.33	-5.3658
50.33	-5.3655
50.33	-5.3655
50.33	-5.3654
50.32	-5.3651
50.32	-5.3650
50.31	-5.3651
50.31	-5.3649
50.31	-5.3650
50.30	-5.3649
50.30	-5.3646
50.30	-5.3647
50.30	-5.3646
50.29	-5.3645
50.29	-5.3644
50.29	-5.3644
50.29	-5.3644
50.28	-5.3640
50.28	-5.3640
50.28	-5.3640
50.28	-5.3639
50.28	-5.3639
50.27	-5.3638
50.27	-5.3638
50.27	-5.3636
50.27	-5.3634
50.27	-5.3634
50.27	-5.3632
50.26	-5.3632
50.26	-5.3630
50.26	-5.3629
50.25	-5.3628
50.25	-5.3629
50.25	-5.3626
50.25	-5.3626
50.24	-5.3624
50.24	-5.3624
50.24	-5.3623
50.24	-5.3622
50.23	-5.3620
50.23	-5.3621
50.23	-5.3619
50.23	-5.3620
50.23	-5.3617
50.22	-5.3617
50.22	-5.3619
50.22	-5.3616
50.21	-5.3616
50.21	-5.3613
50.21	-5.3613
50.21	-5.3615
50.21	-5.3613
50.20	-5.3612
50.20	-5.3615
50.20	-5.3612
50.20	-5.3612
50.19	-5.3613
50.19	-5.3610
50.18	-5.3610
50.18	-5.3611
50.18	-5.3609
50.18	-5.3610
50.18	-5.3610
50.17	-5.3610
50.17	-5.3608
50.17	-5.3607
50.16	-5.3609
50.16	-5.3607
50.15	-5.3608
50.15	-5.3606
50.15	-5.3606
50.15	-5.3605
50.15	-5.3604
50.15	-5.3605
50.15	-5.3602
50.15	-5.3602
50.14	-5.3604
50.14	-5.3604
50.13	-5.3602
50.13	-5.3601
50.13	-5.3601
50.13	-5.3601
50.13	-5.3599
50.13	-5.3599
50.13	-5.3598
50.12	-5.3597
50.12	-5.3596
50.12	-5.3597
50.11	-5.3597
50.11	-5.3596
50.11	-5.3596
50.10	-5.3595
50.10	-5.3594
50.10	-5.3595
50.09	-5.3594
50.09	-5.3594
50.09	-5.3591
50.09	-5.3592
50.09	-5.3590
50.08	-5.3592
50.08	-5.3591
50.08	-5.3590
50.08	-5.3589
50.08	-5.3589
50.07	-5.3588
50.07	-5.3586
50.07	-5.3586
50.07	-5.3585
50.07	-5.3583
50.06	-5.3584
50.05	-5.3583
50.05	-5.3583
50.05	-5.3582
50.05	-5.3582
50.05	-5.3582
50.05	-5.3580
50.04	-5.3579
50.04	-5.3580
50.04	-5.3578
50.03	-5.3578
50.03	-5.3579
50.03	-5.3578
50.02	-5.3578
50.02	-5.3576
50.02	-5.3574
50.02	-5.3575
50.02	-5.3576
50.01	-5.3577
50.01	-5.3575
50.00	-5.3575
50.00	-5.3575
50.00	-5.3574
50.00	-5.3574
50.00	-5.3571
50.00	-5.3572
49.99	-5.3571
49.99	-5.3568
49.99	-5.3570
49.99	-5.3569
49.99	-5.3567
49.98	-5.3568
49.98	-5.3567
49.98	-5.3567
49.97	-5.3567
49.97	-5.3567
49.97	-5.3565
49.96	-5.3563
49.96	-5.3564
49.96	-5.3564
49.96	-5.3562
49.96	-5.3561
49.95	-5.3560
49.95	-5.3558
49.95	-5.3558
49.95	-5.3559
49.95	-5.3556
49.94	-5.3557
49.94	-5.3558
49.94	-5.3555
49.94	-5.3554
49.94	-5.3554
49.94	-5.3552
49.93	-5.3551
49.93	-5.3549
49.92	-5.3547
49.92	-5.3550
49.92	-5.3548
49.91	-5.3547
49.91	-5.3544
49.91	-5.3542
49.91	-5.3543
49.90	-5.3540
49.90	-5.3539
49.90	-5.3538
49.90	-5.3537
49.90	-5.3536
49.89	-5.3537
49.89	-5.3534
49.89	-5.3534
49.88	-5.3533
49.88	-5.3532
49.88	-5.3530
49.88	-5.3532
49.88	-5.3530
49.87	-5.3528
49.87	-5.3528
49.87	-5.3528
49.87	-5.3527
49.86	-5.3525
49.86	-5.3524
49.86	-5.3523
49.86	-5.3523
49.86	-5.3523
49.85	-5.3521
49.84	-5.3521
49.84	-5.3519
49.84	-5.3518
49.84	-5.3517
49.83	-5.3517
49.83	-5.3516
49.83	-5.3513
49.83	-5.3513
49.83	-5.3511
49.82	-5.3510
49.82	-5.3510
49.82	-5.3509
49.82	-5.3509
49.81	-5.3506
49.81	-5.3506
49.81	-5.3504
49.80	-5.3502
49.80	-5.3504
49.80	-5.3499
49.80	-5.3500
49.80	-5.3497
49.79	-5.3497
49.79	-5.3496
49.79	-5.3494
49.79	-5.3494
49.79	-5.3493
49.79	-5.3489
49.78	-5.3490
49.78	-5.3488
49.78	-5.3487
49.77	-5.3485
49.77	-5.3486
49.77	-5.3484
49.76	-5.3485
49.76	-5.3481
49.75	-5.3483
49.75	-5.3481
49.75	-5.3478
49.75	-5.3477
49.75	-5.3477
49.75	-5.3474
49.75	-5.3474
49.74	-5.3472
49.74	-5.3468
49.74	-5.3471
49.73	-5.3469
49.73	-5.3468
49.73	-5.3467
49.73	-5.3467
49.73	-5.3462
49.73	-5.3462
49.72	-5.3463
49.72	-5.3461
49.72	-5.3458
49.72	-5.3459
49.71	-5.3458
49.71	-5.3459
49.71	-5.3455
49.71	-5.3453
49.70	-5.3453
49.70	-5.3451
49.70	-5.3454
49.70	-5.3451
49.69	-5.3448
49.69	-5.3446
49.68	-5.3444
49.68	-5.3446
49.68	-5.3444
49.68	-5.3443
49.68	-5.3444
49.68	-5.3443
49.67	-5.3442
49.67	-5.3439
49.67	-5.3438
49.67	-5.3436
49.66	-5.3436
49.66	-5.3434
49.66	-5.3432
49.66	-5.3432
49.65	-5.3429
49.65	-5.3430
49.65	-5.3428
49.65	-5.3428
49.65	-5.3429
49.64	-5.3427
49.64	-5.3428
49.63	-5.3426
49.63	-5.3423
49.63	-5.3422
49.63	-5.3419
49.63	-5.3418
49.62	-5.3416
49.62	-5.3417
49.61	-5.3418
49.61	-5.3417
49.61	-5.3415
49.61	-5.3414
49.60	-5.3410
49.60	-5.3409
49.59	-5.3410
49.59	-5.3413
49.59	-5.3409
49.59	-5.3404
49.59	-5.3405
49.59	-5.3407
49.59	-5.3406
49.59	-5.3399
49.59	-5.3400
49.58	-5.3402
49.58	-5.3400
49.58	-5.3397
49.58	-5.3398
49.57	-5.3397
49.56	-5.3394
49.56	-5.3394
49.56	-5.3394
49.55	-5.3389
49.55	-5.3390
49.55	-5.3388
49.55	-5.3388
49.55	-5.3387
49.55	-5.3386
49.55	-5.3387
49.54	-5.3383
49.54	-5.3383
49.54	-5.3384
49.53	-5.3382
49.53	-5.3381
49.53	-5.3378
49.53	-5.3380
49.52	-5.3377
49.52	-5.3378
49.52	-5.3375
49.52	-5.3376
49.52	-5.3372
49.52	-5.3373
49.51	-5.3371
49.51	-5.3371
49.50	-5.3369
49.50	-5.3367
49.50	-5.3367
49.50	-5.3365
49.50	-5.3365
49.49	-5.3363
49.49	-5.3363
49.48	-5.3360
49.48	-5.3359
49.48	-5.3358
49.48	-5.3357
49.48	-5.3357
49.48	-5.3356
49.48	-5.3354
49.47	-5.3353
49.47	-5.3353
49.46	-5.3351
49.46	-5.3349
49.45	-5.3349
49.45	-5.3350
49.45	-5.3344
49.45	-5.3345
49.45	-5.3345
49.45	-5.3344
49.44	-5.3341
49.43	-5.3340
49.43	-5.3339
49.43	-5.3338
49.43	-5.3337
49.43	-5.3336
49.43	-5.3334
49.43	-5.3332
49.42	-5.3332
49.42	-5.3331
49.41	-5.3329
49.41	-5.3330
49.41	-5.3330
49.41	-5.3325
49.40	-5.3326
49.40	-5.3325
49.40	-5.3323
49.40	-5.3321
49.40	-5.3319
49.40	-5.3320
49.40	-5.3319
49.39	-5.3317
49.39	-5.3316
49.39	-5.3313
49.39	-5.3312
49.38	-5.3312
49.38	-5.3312
49.38	-5.3311
49.38	-5.3310
49.38	-5.3308
49.37	-5.3309
49.37	-5.3309
49.37	-5.3306
49.37	-5.3306
49.36	-5.3305
49.35	-5.3304
49.35	-5.3301
49.35	-5.3300
49.34	-5.3300
49.34	-5.3300
49.34	-5.3300
49.34	-5.3297
49.34	-5.3295
49.34	-5.3295
49.34	-5.3291
49.33	-5.3290
49.33	-5.3289
49.33	-5.3288
49.33	-5.3289
49.32	-5.3287
49.32	-5.3286
49.32	-5.3286
49.32	-5.3286
49.31	-5.3284
49.31	-5.3284
49.31	-5.3281
49.31	-5.3280
49.30	-5.3282
49.30	-5.3281
49.30	-5.3279
49.30	-5.3277
49.29	-5.3277
49.28	-5.3274
49.28	-5.3274
49.28	-5.3273
49.28	-5.3272
49.28	-5.3270
49.27	-5.3268
49.27	-5.3269
49.27	-5.3268
49.27	-5.3265
49.27	-5.3266
49.26	-5.3263
49.26	-5.3262
49.26	-5.3261
49.26	-5.3259
49.26	-5.3257
49.25	-5.3257
49.25	-5.3255
49.25	-5.3255
49.25	-5.3255
49.25	-5.3254
49.25	-5.3252
49.25	-5.3252
49.25	-5.3252
49.24	-5.3249
49.24	-5.3249
49.23	-5.3249
49.23	-5.3248
49.23	-5.3247
49.23	-5.3245
49.22	-5.3243
49.22	-5.3243
49.22	-5.3242
49.21	-5.3241
49.21	-5.3241
49.20	-5.3240
49.20	-5.3238
49.20	-5.3237
49.20	-5.3237
49.20	-5.3236
49.20	-5.3234
49.19	-5.3234
49.19	-5.3234
49.19	-5.3231
49.19	-5.3230
49.18	-5.3230
49.18	-5.3227
49.18	-5.3227
49.18	-5.3225
49.18	-5.3225
49.17	-5.3223
49.17	-5.3222
49.17	-5.3222
49.17	-5.3222
49.16	-5.3220
49.16	-5.3219
49.15	-5.3217
49.15	-5.3216
49.15	-5.3216
49.15	-5.3216
49.14	-5.3215
49.14	-5.3212
49.14	-5.3213
49.14	-5.3213
49.14	-5.3213
49.13	-5.3212
49.13	-5.3210
49.13	-5.3208
49.13	-5.3208
49.13	-5.3206
49.12	-5.3206
49.12	-5.3205
49.12	-5.3205
49.11	-5.3204
49.11	-5.3204
49.10	-5.3202
49.10	-5.3201
49.10	-5.3200
49.10	-5.3197
49.09	-5.3197
49.09	-5.3197
49.09	-5.3194
49.09	-5.3193
49.09	-5.3192
49.09	-5.3194
49.08	-5.3190
49.08	-5.3190
49.08	-5.3190
49.08	-5.3188
49.07	-5.3187
49.07	-5.3186
49.06	-5.3185
49.06	-5.3185
49.06	-5.3184
49.06	-5.3184
49.05	-5.3182
49.05	-5.3181
49.05	-5.3180
49.05	-5.3179
49.05	-5.3178
49.04	-5.3179
49.04	-5.3176
49.04	-5.3176
49.03	-5.3174
49.03	-5.3176
49.03	-5.3175
49.03	-5.3175
49.03	-5.3171
49.02	-5.3175
49.02	-5.3171
49.02	-5.3170
49.02	-5.3171
49.02	-5.3167
49.01	-5.3164
49.01	-5.3165
49.01	-5.3164
49.00	-5.3163
49.00	-5.3163
49.00	-5.3162
49.00	-5.3160
49.00	-5.3158
49.00	-5.3157
49.00	-5.3156
48.99	-5.3156
48.99	-5.3155
48.99	-5.3154
48.98	-5.3153
48.98	-5.3152
48.98	-5.3152
48.98	-5.3151
48.98	-5.3151
48.97	-5.3149
48.97	-5.3146
48.96	-5.3147
48.96	-5.3147
48.96	-5.3145
48.95	-5.3146
48.95	-5.3144
48.95	-5.3143
48.95	-5.3142
48.95	-5.3142
48.95	-5.3141
48.94	-5.3138
48.94	-5.3138
48.94	-5.3138
48.94	-5.3138
48.93	-5.3136
48.93	-5.3136
48.93	-5.3135
48.93	-5.3133
48.92	-5.3133
48.92	-5.3132
48.92	-5.3131
48.92	-5.3130
48.92	-5.3126
48.92	-5.3124
48.91	-5.3126
48.91	-5.3124
48.90	-5.3124
48.90	-5.3122
48.90	-5.3121
48.90	-5.3119
48.90	-5.3119
48.89	-5.3118
48.89	-5.3118
48.88	-5.3116
48.88	-5.3116
48.88	-5.3115
48.88	-5.3113
48.88	-5.3113
48.88	-5.3113
48.87	-5.3111
48.87	-5.3111
48.86	-5.3108
48.86	-5.3106
48.86	-5.3107
48.85	-5.3106
48.85	-5.3105
48.84	-5.3105
48.84	-5.3103
48.84	-5.3103
48.84	-5.3102
48.84	-5.3100
48.84	-5.3098
48.84	-5.3099
48.84	-5.3098
48.84	-5.3096
48.84	-5.3096
48.83	-5.3094
48.83	-5.3093
48.82	-5.3091
48.82	-5.3091
48.82	-5.3090
48.82	-5.3090
48.81	-5.3090
48.81	-5.3087
48.80	-5.3086
48.80	-5.3087
48.80	-5.3084
48.80	-5.3083
48.80	-5.3083
48.80	-5.3081
48.80	-5.3081
48.79	-5.3082
48.79	-5.3081
48.78	-5.3079
48.78	-5.3080
48.78	-5.3077
48.78	-5.3076
48.77	-5.3074
48.77	-5.3074
48.77	-5.3073
48.77	-5.3075
48.76	-5.3072
48.76	-5.3073
48.76	-5.3071
48.76	-5.3071
48.76	-5.3070
48.75	-5.3070
48.75	-5.3069
48.75	-5.3067
48.75	-5.3067
48.75	-5.3064
48.74	-5.3063
48.74	-5.3062
48.74	-5.3062
48.73	-5.3062
48.73	-5.3060
48.73	-5.3060
48.73	-5.3059
48.73	-5.3057
48.72	-5.3056
48.72	-5.3056
48.72	-5.3054
48.71	-5.3054
48.71	-5.3053
48.71	-5.3051
48.71	-5.3051
48.70	-5.3049
48.70	-5.3050
48.70	-5.3048
48.69	-5.3048
48.69	-5.3046
48.69	-5.3045
48.69	-5.3045
48.68	-5.3042
48.68	-5.3043
48.68	-5.3041
48.68	-5.3041
48.68	-5.3040
48.68	-5.3040
48.67	-5.3039
48.67	-5.3038
48.67	-5.3037
48.66	-5.3036
48.66	-5.3036
48.65	-5.3037
48.65	-5.3035
48.65	-5.3035
48.65	-5.3031
48.65	-5.3033
48.64	-5.3030
48.64	-5.3028
48.64	-5.3028
48.63	-5.3028
48.63	-5.3025
48.63	-5.3023
48.63	-5.3020
48.63	-5.3020
48.63	-5.3018
48.62	-5.3018
48.62	-5.3015
48.62	-5.3013
48.61	-5.3011
48.61	-5.3011
48.60	-5.3011
48.60	-5.3008
48.60	-5.3006
48.60	-5.3004
48.59	-5.3004
48.59	-5.3004
48.59	-5.3003
48.59	-5.3002
48.59	-5.3000
48.58	-5.2999
48.58	-5.2996
48.58	-5.2996
48.58	-5.2993
48.58	-5.2991
48.58	-5.2989
48.57	-5.2989
48.57	-5.2990
48.57	-5.2986
48.57	-5.2986
48.56	-5.2986
48.56	-5.2984
48.56	-5.2985
48.56	-5.2984
48.56	-5.2983
48.55	-5.2982
48.55	-5.2981
48.55	-5.2980
48.55	-5.2981
48.54	-5.2980
48.54	-5.2977
48.54	-5.2978
48.53	-5.2976
48.53	-5.2976
48.53	-5.2976
48.52	-5.2974
48.52	-5.2975
48.52	-5.2974
48.52	-5.2971
48.52	-5.2971
48.51	-5.2969
48.51	-5.2969
48.51	-5.2969
48.51	-5.2969
48.50	-5.2967
48.50	-5.2968
48.50	-5.2967
48.50	-5.2966
48.50	-5.2965
48.49	-5.2965
48.49	-5.2963
48.48	-5.2963
48.48	-5.2962
48.48	-5.2959
48.48	-5.2959
48.48	-5.2958
48.47	-5.2959
48.47	-5.2957
48.47	-5.2958
48.46	-5.2956
48.46	-5.2957
48.45	-5.2955
48.45	-5.2956
48.45	-5.2953
48.45	-5.2955
48.45	-5.2954
48.44	-5.2954
48.44	-5.2953
48.43	-5.2953
48.43	-5.2952
48.43	-5.2952
48.43	-5.2950
48.43	-5.2951
48.43	-5.2949
48.42	-5.2950
48.42	-5.2950
48.42	-5.2948
48.42	-5.2946
48.42	-5.2947
48.42	-5.2947
48.41	-5.2947
48.41	-5.2947
48.41	-5.2945
48.40	-5.2944
48.40	-5.2943
48.40	-5.2941
48.40	-5.2943
48.39	-5.2944
48.39	-5.2943
48.39	-5.2940
48.39	-5.2939
48.39	-5.2940
48.38	-5.2941
48.38	-5.2941
48.38	-5.2942
48.38	-5.2941
48.38	-5.2940
48.37	-5.2939
48.37	-5.2938
48.37	-5.2938
48.37	-5.2938
48.36	-5.2937
48.36	-5.2938
48.36	-5.2937
48.36	-5.2934
48.35	-5.2936
48.35	-5.2933
48.35	-5.2932
48.35	-5.2932
48.34	-5.2932
48.34	-5.2931
48.34	-5.2931
48.34	-5.2932
48.34	-5.2932
48.33	-5.2930
48.33	-5.2928
48.33	-5.2928
48.32	-5.2927
48.32	-5.2928
48.32	-5.2925
48.32	-5.2926
48.32	-5.2927
48.31	-5.2925
48.31	-5.2925
48.30	-5.2923
48.30	-5.2924
48.30	-5.2925
48.30	-5.2923
48.30	-5.2918
48.29	-5.2920
48.29	-5.2919
48.28	-5.2921
48.28	-5.2920
48.28	-5.2918
48.27	-5.2917
48.27	-5.2916
48.27	-5.2917
48.27	-5.2915
48.27	-5.2913
48.26	-5.2913
48.26	-5.2912
48.26	-5.2912
48.26	-5.2909
48.25	-5.2910
48.25	-5.2909
48.25	-5.2908
48.25	-5.2908
48.25	-5.2905
48.24	-5.2904
48.24	-5.2902
48.24	-5.2903
48.24	-5.2902
48.24	-5.2899
48.23	-5.2899
48.23	-5.2899
48.23	-5.2897
48.23	-5.2895
48.23	-5.2894
48.22	-5.2895
48.22	-5.2894
48.21	-5.2894
48.21	-5.2892
48.21	-5.2891
48.21	-5.2891
48.21	-5.2889
48.20	-5.2887
48.20	-5.2887
48.20	-5.2887
48.20	-5.2885
48.19	-5.2884
48.19	-5.2884
48.19	-5.2881
48.18	-5.2883
48.18	-5.2882
48.18	-5.2883
48.18	-5.2880
48.18	-5.2880
48.18	-5.2879
48.18	-5.2880
48.17	-5.2878
48.17	-5.2879
48.17	-5.2876
48.16	-5.2874
48.16	-5.2875
48.15	-5.2875
48.15	-5.2871
48.15	-5.2872
48.15	-5.2871
48.15	-5.2868
48.15	-5.2867
48.14	-5.2868
48.13	-5.2866
48.14	-5.2866
48.13	-5.2866
48.13	-5.2864
48.13	-5.2864
48.12	-5.2860
48.12	-5.2860
48.12	-5.2858
48.12	-5.2858
48.11	-5.2857
48.11	-5.2857
48.11	-5.2856
48.10	-5.2855
48.10	-5.2853
48.10	-5.2853
48.10	-5.2851
48.09	-5.2850
48.09	-5.2848
48.09	-5.2849
48.09	-5.2846
48.08	-5.2848
48.08	-5.2848
48.08	-5.2845
48.08	-5.2846
48.08	-5.2842
48.07	-5.2843
48.07	-5.2841
48.07	-5.2841
48.07	-5.2837
48.06	-5.2838
48.06	-5.2836
48.06	-5.2835
48.05	-5.2836
48.05	-5.2833
48.05	-5.2835
48.05	-5.2833
48.05	-5.2832
48.05	-5.2832
48.05	-5.2831
48.04	-5.2829
48.04	-5.2827
48.03	-5.2827
48.03	-5.2826
48.03	-5.2825
48.02	-5.2823
48.02	-5.2825
48.02	-5.2823
48.02	-5.2823
48.02	-5.2821
48.01	-5.2824
48.01	-5.2822
48.01	-5.2820
48.01	-5.2819
48.01	-5.2818
48.00	-5.2817
48.00	-5.2816
48.00	-5.2816
47.99	-5.2813
47.99	-5.2813
47.99	-5.2811
47.99	-5.2812
47.99	-5.2811
47.98	-5.2807
47.98	-5.2808
47.98	-5.2805
47.98	-5.2804
47.98	-5.2805
47.97	-5.2803
47.97	-5.2800
47.97	-5.2801
47.97	-5.2798
47.96	-5.2798
47.96	-5.2799
47.96	-5.2796
47.95	-5.2796
47.95	-5.2797
47.95	-5.2794
47.95	-5.2793
47.94	-5.2793
47.94	-5.2791
47.94	-5.2791
47.93	-5.2791
47.93	-5.2786
47.93	-5.2787
47.92	-5.2787
47.92	-5.2786
47.92	-5.2784
47.92	-5.2780
47.92	-5.2780
47.91	-5.2780
47.91	-5.2778
47.91	-5.2777
47.91	-5.2776
47.91	-5.2774
47.91	-5.2773
47.91	-5.2773
47.90	-5.2771
47.90	-5.2770
47.89	-5.2769
47.89	-5.2765
47.89	-5.2766
47.89	-5.2764
47.88	-5.2764
47.88	-5.2762
47.88	-5.2761
47.88	-5.2759
47.88	-5.2758
47.87	-5.2758
47.87	-5.2755
47.87	-5.2753
47.86	-5.2755
47.86	-5.2752
47.86	-5.2753
47.86	-5.2751
47.85	-5.2748
47.85	-5.2749
47.84	-5.2750
47.84	-5.2748
47.84	-5.2745
47.84	-5.2743
47.84	-5.2742
47.83	-5.2742
47.83	-5.2743
47.83	-5.2741
47.83	-5.2739
47.83	-5.2738
47.83	-5.2737
47.82	-5.2737
47.82	-5.2734
47.82	-5.2733
47.81	-5.2731
47.81	-5.2730
47.81	-5.2730
47.80	-5.2728
47.80	-5.2727
47.80	-5.2725
47.80	-5.2725
47.79	-5.2725
47.79	-5.2722
47.79	-5.2721
47.78	-5.2720
47.78	-5.2720
47.78	-5.2718
47.77	-5.2717
47.77	-5.2717
47.77	-5.2714
47.77	-5.2713
47.77	-5.2712
47.77	-5.2710
47.77	-5.2710
47.76	-5.2710
47.76	-5.2708
47.76	-5.2707
47.75	-5.2704
47.75	-5.2704
47.75	-5.2703
47.75	-5.2703
47.74	-5.2701
47.74	-5.2698
47.74	-5.2699
47.74	-5.2694
47.74	-5.2695
47.73	-5.2694
47.73	-5.2692
47.73	-5.2692
47.73	-5.2690
47.73	-5.2689
47.72	-5.2685
47.72	-5.2685
47.71	-5.2684
47.71	-5.2681
47.71	-5.2681
47.71	-5.2680
47.70	-5.2678
47.70	-5.2679
47.70	-5.2677
47.70	-5.2675
47.70	-5.2673
47.69	-5.2672
47.69	-5.2673
47.69	-5.2670
47.69	-5.2672
47.68	-5.2667
47.68	-5.2668
47.68	-5.2664
47.68	-5.2664
47.68	-5.2663
47.67	-5.2661
47.67	-5.2660
47.67	-5.2659
47.66	-5.2658
47.66	-5.2656
47.65	-5.2655
47.65	-5.2655
47.65	-5.2654
47.65	-5.2651
47.65	-5.2650
47.65	-5.2650
47.64	-5.2648
47.64	-5.2648
47.64	-5.2645
47.63	-5.2645
47.63	-5.2645
47.63	-5.2643
47.63	-5.2641
47.62	-5.2639
47.62	-5.2638
47.62	-5.2641
47.62	-5.2636
47.61	-5.2635
47.61	-5.2635
47.61	-5.2633
47.61	-5.2632
47.60	-5.2631
47.60	-5.2629
47.60	-5.2628
47.59	-5.2628
47.59	-5.2626
47.59	-5.2624
47.59	-5.2623
47.58	-5.2622
47.58	-5.2619
47.58	-5.2619
47.58	-5.2616
47.58	-5.2618
47.58	-5.2615
47.57	-5.2615
47.57	-5.2613
47.56	-5.2612
47.56	-5.2612
47.56	-5.2610
47.56	-5.2609
47.56	-5.2608
47.55	-5.2609
47.55	-5.2607
47.55	-5.2606
47.55	-5.2606
47.55	-5.2604
47.55	-5.2602
47.54	-5.2601
47.54	-5.2600
47.53	-5.2598
47.53	-5.2598
47.53	-5.2598
47.53	-5.2594
47.53	-5.2593
47.52	-5.2594
47.52	-5.2593
47.52	-5.2590
47.52	-5.2589
47.51	-5.2586
47.51	-5.2587
47.51	-5.2584
47.51	-5.2585
47.51	-5.2584
47.50	-5.2582
47.50	-5.2581
47.49	-5.2580
47.49	-5.2580
47.49	-5.2579
47.49	-5.2578
47.49	-5.2576
47.48	-5.2574
47.48	-5.2575
47.48	-5.2574
47.48	-5.2572
47.48	-5.2571
47.48	-5.2570
47.47	-5.2570
47.47	-5.2568
47.47	-5.2568
47.47	-5.2567
47.46	-5.2565
47.46	-5.2563
47.46	-5.2563
47.46	-5.2563
47.45	-5.2562
47.45	-5.2560
47.45	-5.2560
47.45	-5.2557
47.45	-5.2557
47.45	-5.2556
47.44	-5.2558
47.44	-5.2555
47.43	-5.2553
47.43	-5.2552
47.43	-5.2551
47.43	-5.2551
47.43	-5.2550
47.42	-5.2549
47.41	-5.2547
47.41	-5.2547
47.41	-5.2545
47.41	-5.2547
47.40	-5.2546
47.40	-5.2543
47.40	-5.2543
47.40	-5.2540
47.40	-5.2539
47.40	-5.2537
47.40	-5.2537
47.39	-5.2537
47.39	-5.2537
47.38	-5.2535
47.38	-5.2535
47.38	-5.2533
47.38	-5.2533
47.38	-5.2532
47.38	-5.2530
47.37	-5.2531
47.37	-5.2529
47.36	-5.2529
47.36	-5.2529
47.35	-5.2526
47.35	-5.2526
47.35	-5.2525
47.35	-5.2525
47.34	-5.2525
47.34	-5.2522
47.34	-5.2520
47.34	-5.2521
47.34	-5.2519
47.34	-5.2520
47.34	-5.2520
47.34	-5.2517
47.33	-5.2516
47.33	-5.2515
47.33	-5.2513
47.33	-5.2512
47.33	-5.2513
47.32	-5.2511
47.32	-5.2511
47.32	-5.2511
47.31	-5.2509
47.31	-5.2509
47.30	-5.2508
47.30	-5.2508
47.30	-5.2505
47.30	-5.2506
47.30	-5.2503
47.29	-5.2502
47.29	-5.2500
47.29	-5.2501
47.29	-5.2498
47.28	-5.2497
47.28	-5.2495
47.28	-5.2497
47.28	-5.2494
47.27	-5.2496
47.27	-5.2494
47.27	-5.2493
47.27	-5.2491
47.26	-5.2491
47.26	-5.2486
47.26	-5.2487
47.25	-5.2485
47.26	-5.2483
47.26	-5.2481
47.25	-5.2481
47.24	-5.2480
47.24	-5.2479
47.24	-5.2479
47.24	-5.2478
47.24	-5.2478
47.23	-5.2477
47.23	-5.2475
47.23	-5.2475
47.22	-5.2474
47.22	-5.2473
47.22	-5.2474
47.21	-5.2473
47.21	-5.2470
47.21	-5.2470
47.21	-5.2467
47.21	-5.2467
47.20	-5.2467
47.20	-5.2465
47.20	-5.2465
47.20	-5.2464
47.20	-5.2463
47.19	-5.2461
47.19	-5.2462
47.19	-5.2460
47.19	-5.2459
47.19	-5.2459
47.18	-5.2457
47.18	-5.2456
47.18	-5.2452
47.18	-5.2453
47.17	-5.2451
47.17	-5.2448
47.17	-5.2447
47.17	-5.2446
47.16	-5.2448
47.16	-5.2443
47.15	-5.2444
47.15	-5.2443
47.15	-5.2442
47.15	-5.2441
47.15	-5.2440
47.14	-5.2439
47.14	-5.2439
47.13	-5.2437
47.13	-5.2435
47.13	-5.2434
47.13	-5.2434
47.13	-5.2432
47.13	-5.2432
47.13	-5.2429
47.13	-5.2430
47.12	-5.2428
47.12	-5.2426
47.12	-5.2428
47.11	-5.2425
47.11	-5.2424
47.11	-5.2424
47.10	-5.2423
47.10	-5.2420
47.10	-5.2420
47.10	-5.2419
47.10	-5.2416
47.09	-5.2416
47.09	-5.2415
47.09	-5.2416
47.09	-5.2412
47.08	-5.2413
47.08	-5.2413
47.08	-5.2411
47.08	-5.2410
47.07	-5.2410
47.07	-5.2410
47.07	-5.2407
47.07	-5.2406
47.06	-5.2404
47.06	-5.2404
47.06	-5.2404
47.05	-5.2400
47.05	-5.2401
47.05	-5.2401
47.05	-5.2400
47.04	-5.2400
47.04	-5.2398
47.03	-5.2397
47.03	-5.2396
47.03	-5.2395
47.03	-5.2395
47.03	-5.2392
47.03	-5.2394
47.02	-5.2393
47.02	-5.2392
47.02	-5.2392
47.02	-5.2389
47.02	-5.2390
47.01	-5.2389
47.02	-5.2387
47.01	-5.2387
47.01	-5.2385
47.00	-5.2386
47.00	-5.2384
47.00	-5.2382
47.00	-5.2383
46.99	-5.2384
46.99	-5.2380
46.99	-5.2380
46.99	-5.2379
46.98	-5.2379
46.98	-5.2379
46.98	-5.2377
46.97	-5.2376
46.97	-5.2374
46.97	-5.2375
46.97	-5.2375
46.96	-5.2375
46.96	-5.2373
46.96	-5.2373
46.96	-5.2372
46.96	-5.2370
46.95	-5.2370
46.95	-5.2370
46.95	-5.2368
46.94	-5.2366
46.94	-5.2367
46.94	-5.2365
46.94	-5.2364
46.93	-5.2363
46.93	-5.2362
46.93	-5.2361
46.93	-5.2361
46.93	-5.2360
46.92	-5.2360
46.92	-5.2358
46.92	-5.2357
46.91	-5.2354
46.91	-5.2355
46.91	-5.2352
46.90	-5.2350
46.90	-5.2349
46.90	-5.2349
46.90	-5.2346
46.90	-5.2346
46.90	-5.2347
46.90	-5.2343
46.89	-5.2343
46.89	-5.2341
46.89	-5.2340
46.88	-5.2338
46.88	-5.2338
46.87	-5.2335
46.87	-5.2334
46.87	-5.2332
46.87	-5.2333
46.87	-5.2330
46.86	-5.2329
46.85	-5.2327
46.85	-5.2325
46.85	-5.2324
46.85	-5.2324
46.85	-5.2322
46.85	-5.2322
46.85	-5.2321
46.84	-5.2320
46.84	-5.2320
46.84	-5.2320
46.84	-5.2315
46.84	-5.2318
46.84	-5.2317
46.83	-5.2313
46.83	-5.2314
46.83	-5.2313
46.82	-5.2313
46.82	-5.2312
46.82	-5.2309
46.82	-5.2311
46.82	-5.2309
46.81	-5.2309
46.81	-5.2308
46.80	-5.2309
46.80	-5.2307
46.80	-5.2308
46.80	-5.2305
46.80	-5.2306
46.80	-5.2304
46.79	-5.2306
46.79	-5.2304
46.78	-5.2304
46.78	-5.2305
46.78	-5.2302
46.78	-5.2301
46.77	-5.2303
46.77	-5.2301
46.77	-5.2300
46.77	-5.2300
46.76	-5.2300
46.76	-5.2300
46.76	-5.2299
46.75	-5.2300
46.75	-5.2299
46.75	-5.2298
46.74	-5.2297
46.74	-5.2295
46.74	-5.2295
46.74	-5.2294
46.74	-5.2296
46.74	-5.2294
46.73	-5.2293
46.73	-5.2294
46.73	-5.2291
46.73	-5.2289
46.73	-5.2288
46.73	-5.2289
46.72	-5.2287
46.72	-5.2286
46.72	-5.2287
46.72	-5.2284
46.71	-5.2284
46.70	-5.2282
46.70	-5.2285
46.70	-5.2282
46.70	-5.2281
46.69	-5.2280
46.69	-5.2280
46.69	-5.2280
46.69	-5.2280
46.68	-5.2278
46.68	-5.2277
46.68	-5.2277
46.68	-5.2277
46.68	-5.2276
46.68	-5.2277
46.67	-5.2275
46.67	-5.2275
46.66	-5.2275
46.66	-5.2274
46.66	-5.2274
46.65	-5.2274
46.65	-5.2273
46.65	-5.2270
46.65	-5.2271
46.65	-5.2271
46.65	-5.2270
46.65	-5.2269
46.65	-5.2269
46.64	-5.2268
46.64	-5.2269
46.63	-5.2269
46.63	-5.2269
46.63	-5.2268
46.62	-5.2268
46.62	-5.2265
46.62	-5.2267
46.62	-5.2266
46.61	-5.2265
46.61	-5.2266
46.61	-5.2263
46.61	-5.2264
46.60	-5.2263
46.60	-5.2263
46.60	-5.2259
46.59	-5.2263
46.59	-5.2260
46.59	-5.2258
46.59	-5.2258
46.59	-5.2258
46.59	-5.2257
46.59	-5.2258
46.58	-5.2258
46.58	-5.2257
46.58	-5.2257
46.58	-5.2256
46.58	-5.2256
46.57	-5.2254
46.57	-5.2256
46.57	-5.2256
46.57	-5.2255
46.56	-5.2254
46.56	-5.2254
46.55	-5.2252
46.55	-5.2251
46.55	-5.2252
46.55	-5.2250
46.55	-5.2252
46.55	-5.2251
46.55	-5.2251
46.55	-5.2251
46.54	-5.2250
46.54	-5.2247
46.53	-5.2249
46.53	-5.2247
46.52	-5.2248
46.52	-5.2247
46.52	-5.2245
46.52	-5.2244
46.52	-5.2244
46.52	-5.2245
46.51	-5.2242
46.50	-5.2242
46.50	-5.2244
46.50	-5.2241
46.49	-5.2240
46.49	-5.2238
46.49	-5.2240
46.49	-5.2236
46.49	-5.2236
46.49	-5.2235
46.49	-5.2235
46.48	-5.2235
46.48	-5.2236
46.48	-5.2231
46.48	-5.2228
46.48	-5.2227
46.47	-5.2228
46.47	-5.2226
46.47	-5.2226
46.46	-5.2225
46.46	-5.2223
46.46	-5.2223
46.46	-5.2221
46.46	-5.2221
46.45	-5.2219
46.45	-5.2219
46.45	-5.2219
46.45	-5.2218
46.45	-5.2218
46.44	-5.2215
46.44	-5.2216
46.44	-5.2216
46.43	-5.2214
46.43	-5.2212
46.43	-5.2211
46.43	-5.2211
46.42	-5.2212
46.42	-5.2210
46.41	-5.2209
46.41	-5.2211
46.41	-5.2208
46.41	-5.2208
46.40	-5.2208
46.40	-5.2207
46.40	-5.2204
46.40	-5.2204
46.40	-5.2205
46.40	-5.2203
46.39	-5.2202
46.39	-5.2201
46.39	-5.2198
46.38	-5.2199
46.38	-5.2199
46.38	-5.2197
46.37	-5.2195
46.37	-5.2194
46.36	-5.2193
46.36	-5.2192
46.36	-5.2191
46.36	-5.2190
46.36	-5.2190
46.36	-5.2188
46.36	-5.2188
46.35	-5.2184
46.35	-5.2186
46.35	-5.2184
46.35	-5.2186
46.34	-5.2182
46.34	-5.2184
46.34	-5.2181
46.33	-5.2180
46.33	-5.2178
46.33	-5.2176
46.33	-5.2178
46.33	-5.2176
46.32	-5.2174
46.32	-5.2174
46.32	-5.2172
46.31	-5.2170
46.31	-5.2170
46.31	-5.2168
46.31	-5.2165
46.30	-5.2165
46.30	-5.2163
46.30	-5.2163
46.30	-5.2162
46.30	-5.2159
46.29	-5.2158
46.29	-5.2157
46.29	-5.2157
46.29	-5.2155
46.29	-5.2154
46.29	-5.2154
46.28	-5.2152
46.28	-5.2151
46.28	-5.2149
46.27	-5.2148
46.27	-5.2146
46.27	-5.2147
46.27	-5.2146
46.26	-5.2144
46.26	-5.2144
46.26	-5.2143
46.25	-5.2141
46.25	-5.2142
46.25	-5.2139
46.25	-5.2140
46.24	-5.2138
46.24	-5.2136
46.24	-5.2134
46.24	-5.2134
46.23	-5.2134
46.23	-5.2133
46.23	-5.2132
46.23	-5.2131
46.23	-5.2130
46.23	-5.2127
46.23	-5.2124
46.22	-5.2125
46.22	-5.2125
46.21	-5.2124
46.21	-5.2122
46.21	-5.2122
46.21	-5.2122
46.20	-5.2119
46.20	-5.2118
46.20	-5.2118
46.20	-5.2116
46.20	-5.2116
46.20	-5.2113
46.19	-5.2115
46.19	-5.2111
46.19	-5.2112
46.18	-5.2111
46.18	-5.2108
46.18	-5.2107
46.18	-5.2108
46.17	-5.2107
46.17	-5.2104
46.17	-5.2101
46.16	-5.2102
46.16	-5.2103
46.16	-5.2101
46.15	-5.2100
46.15	-5.2098
46.15	-5.2097
46.15	-5.2095
46.14	-5.2090
46.14	-5.2091
46.14	-5.2088
46.14	-5.2090
46.14	-5.2090
46.14	-5.2084
46.13	-5.2087
46.13	-5.2083
46.13	-5.2085
46.12	-5.2082
46.12	-5.2083
46.12	-5.2083
46.12	-5.2081
46.12	-5.2078
46.11	-5.2079
46.11	-5.2078
46.10	-5.2077
46.10	-5.2077
46.10	-5.2074
46.10	-5.2075
46.10	-5.2074
46.09	-5.2074
46.09	-5.2071
46.09	-5.2070
46.08	-5.2071
46.08	-5.2069
46.08	-5.2068
46.08	-5.2068
46.08	-5.2068
46.07	-5.2065
46.07	-5.2066
46.07	-5.2063
46.06	-5.2062
46.06	-5.2061
46.06	-5.2057
46.06	-5.2058
46.05	-5.2054
46.05	-5.2054
46.05	-5.2054
46.05	-5.2052
46.05	-5.2051
46.05	-5.2048
46.04	-5.2049
46.04	-5.2047
46.04	-5.2047
46.03	-5.2047
46.03	-5.2047
46.02	-5.2044
46.02	-5.2044
46.02	-5.2041
46.02	-5.2042
46.02	-5.2040
46.01	-5.2039
46.01	-5.2038
46.01	-5.2038
46.01	-5.2037
46.01	-5.2035
46.00	-5.2032
45.99	-5.2034
45.99	-5.2030
45.99	-5.2030
45.99	-5.2029
45.99	-5.2028
45.99	-5.2027
45.99	-5.2025
45.99	-5.2026
45.98	-5.2023
45.98	-5.2024
45.98	-5.2023
45.98	-5.2020
45.98	-5.2019
45.97	-5.2019
45.96	-5.2017
45.96	-5.2016
45.96	-5.2014
45.95	-5.2012
45.95	-5.2014
45.95	-5.2012
45.95	-5.2013
45.94	-5.2009
45.94	-5.2009
45.94	-5.2008
45.94	-5.2006
45.93	-5.2006
45.93	-5.2004
45.93	-5.2004
45.93	-5.2001
45.93	-5.2002
45.93	-5.2000
45.92	-5.2000
45.92	-5.2000
45.92	-5.1999
45.92	-5.1998
45.91	-5.1995
45.91	-5.1994
45.91	-5.1992
45.91	-5.1991
45.90	-5.1990
45.90	-5.1991
45.90	-5.1990
45.90	-5.1989
45.90	-5.1987
45.89	-5.1984
45.89	-5.1985
45.89	-5.1983
45.88	-5.1983
45.88	-5.1980
45.88	-5.1980
45.88	-5.1980
45.88	-5.1977
45.88	-5.1975
45.88	-5.1976
45.87	-5.1974
45.87	-5.1973
45.86	-5.1970
45.86	-5.1972
45.86	-5.1969
45.85	-5.1968
45.85	-5.1965
45.85	-5.1966
45.84	-5.1967
45.84	-5.1965
45.84	-5.1964
45.84	-5.1963
45.84	-5.1960
45.83	-5.1961
45.83	-5.1959
45.83	-5.1957
45.82	-5.1955
45.82	-5.1954
45.82	-5.1955
45.82	-5.1953
45.81	-5.1949
45.81	-5.1949
45.81	-5.1948
45.81	-5.1946
45.81	-5.1945
45.80	-5.1945
45.80	-5.1943
45.80	-5.1944
45.80	-5.1942
45.79	-5.1941
45.79	-5.1941
45.79	-5.1940
45.79	-5.1939
45.78	-5.1937
45.78	-5.1938
45.77	-5.1936
45.77	-5.1936
45.77	-5.1934
45.77	-5.1936
45.77	-5.1932
45.77	-5.1929
45.76	-5.1931
45.76	-5.1929
45.76	-5.1928
45.75	-5.1927
45.75	-5.1926
45.75	-5.1925
45.75	-5.1926
45.75	-5.1924
45.74	-5.1922
45.74	-5.1922
45.74	-5.1922
45.73	-5.1919
45.73	-5.1918
45.73	-5.1919
45.73	-5.1919
45.73	-5.1915
45.73	-5.1914
45.72	-5.1913
45.72	-5.1912
45.71	-5.1911
45.71	-5.1913
45.71	-5.1910
45.71	-5.1911
45.70	-5.1908
45.70	-5.1908
45.70	-5.1906
45.70	-5.1905
45.70	-5.1903
45.70	-5.1903
45.70	-5.1903
45.70	-5.1901
45.70	-5.1899
45.69	-5.1899
45.68	-5.1898
45.68	-5.1897
45.68	-5.1894
45.68	-5.1893
45.68	-5.1893
45.67	-5.1893
45.67	-5.1892
45.66	-5.1890
45.66	-5.1889
45.66	-5.1888
45.66	-5.1886
45.65	-5.1886
45.65	-5.1884
45.65	-5.1884
45.65	-5.1883
45.65	-5.1881
45.65	-5.1880
45.65	-5.1880
45.64	-5.1876
45.64	-5.1875
45.64	-5.1874
45.64	-5.1876
45.64	-5.1874
45.63	-5.1872
45.63	-5.1873
45.63	-5.1871
45.62	-5.1870
45.62	-5.1867
45.61	-5.1865
45.61	-5.1867
45.61	-5.1868
45.61	-5.1865
45.60	-5.1864
45.60	-5.1864
45.59	-5.1864
45.59	-5.1862
45.59	-5.1863
45.59	-5.1861
45.59	-5.1860
45.59	-5.1860
45.58	-5.1856
45.58	-5.1856
45.58	-5.1856
45.58	-5.1854
45.58	-5.1855
45.58	-5.1852
45.58	-5.1851
45.57	-5.1851
45.57	-5.1850
45.57	-5.1848
45.56	-5.1849
45.56	-5.1847
45.55	-5.1846
45.55	-5.1844
45.55	-5.1844
45.55	-5.1842
45.55	-5.1841
45.55	-5.1843
45.54	-5.1841
45.54	-5.1840
45.54	-5.1837
45.53	-5.1835
45.53	-5.1835
45.53	-5.1834
45.52	-5.1832
45.52	-5.1832
45.52	-5.1833
45.52	-5.1832
45.52	-5.1830
45.51	-5.1829
45.51	-5.1830
45.51	-5.1827
45.50	-5.1827
45.50	-5.1824
45.50	-5.1824
45.49	-5.1823
45.49	-5.1821
45.49	-5.1819
45.49	-5.1820
45.49	-5.1819
45.48	-5.1816
45.48	-5.1815
45.48	-5.1815
45.48	-5.1814
45.47	-5.1812
45.47	-5.1809
45.47	-5.1811
45.47	-5.1809
45.46	-5.1809
45.46	-5.1808
45.46	-5.1807
45.45	-5.1806
45.45	-5.1805
45.45	-5.1804
45.45	-5.1803
45.45	-5.1803
45.45	-5.1800
45.44	-5.1802
45.44	-5.1801
45.44	-5.1799
45.44	-5.1799
45.43	-5.1798
45.43	-5.1796
45.43	-5.1796
45.43	-5.1795
45.43	-5.1795
45.43	-5.1792
45.42	-5.1791
45.42	-5.1792
45.42	-5.1789
45.41	-5.1789
45.41	-5.1789
45.41	-5.1789
45.41	-5.1787
45.40	-5.1785
45.40	-5.1785
45.40	-5.1785
45.39	-5.1783
45.39	-5.1781
45.39	-5.1783
45.38	-5.1778
45.38	-5.1782
45.38	-5.1778
45.38	-5.1779
45.38	-5.1779
45.38	-5.1776
45.37	-5.1776
45.37	-5.1776
45.37	-5.1774
45.36	-5.1775
45.36	-5.1772
45.36	-5.1771
45.36	-5.1770
45.36	-5.1770
45.35	-5.1770
45.34	-5.1769
45.34	-5.1768
45.34	-5.1767
45.34	-5.1766
45.34	-5.1766
45.33	-5.1763
45.33	-5.1762
45.33	-5.1762
45.33	-5.1761
45.33	-5.1759
45.33	-5.1759
45.33	-5.1757
45.32	-5.1755
45.32	-5.1756
45.31	-5.1754
45.31	-5.1751
45.30	-5.1750
45.30	-5.1750
45.30	-5.1749
45.30	-5.1748
45.30	-5.1748
45.30	-5.1747
45.30	-5.1749
45.29	-5.1745
45.29	-5.1745
45.29	-5.1743
45.29	-5.1742
45.29	-5.1743
45.28	-5.1742
45.28	-5.1741
45.28	-5.1738
45.28	-5.1738
45.27	-5.1736
45.27	-5.1737
45.27	-5.1735
45.26	-5.1735
45.25	-5.1733
45.25	-5.1733
45.25	-5.1732
45.25	-5.1732
45.24	-5.1731
45.24	-5.1729
45.24	-5.1728
45.24	-5.1726
45.24	-5.1728
45.24	-5.1726
45.23	-5.1724
45.23	-5.1723
45.23	-5.1722
45.23	-5.1722
45.23	-5.1720
45.23	-5.1719
45.23	-5.1720
45.22	-5.1717
45.21	-5.1716
45.21	-5.1716
45.21	-5.1714
45.21	-5.1716
45.20	-5.1713
45.20	-5.1711
45.20	-5.1712
45.20	-5.1710
45.19	-5.1708
45.18	-5.1707
45.18	-5.1705
45.18	-5.1703
45.18	-5.1702
45.18	-5.1700
45.18	-5.1700
45.18	-5.1696
45.17	-5.1697
45.17	-5.1697
45.17	-5.1694
45.16	-5.1694
45.17	-5.1691
45.16	-5.1690
45.16	-5.1688
45.15	-5.1687
45.15	-5.1685
45.15	-5.1684
45.15	-5.1683
45.15	-5.1682
45.15	-5.1680
45.14	-5.1680
45.14	-5.1678
45.14	-5.1678
45.14	-5.1676
45.13	-5.1676
45.13	-5.1673
45.13	-5.1674
45.13	-5.1672
45.13	-5.1673
45.12	-5.1670
45.12	-5.1672
45.11	-5.1669
45.11	-5.1669
45.11	-5.1667
45.10	-5.1667
45.10	-5.1665
45.10	-5.1665
45.10	-5.1665
45.09	-5.1663
45.09	-5.1663
45.09	-5.1664
45.09	-5.1661
45.09	-5.1661
45.09	-5.1662
45.09	-5.1660
45.09	-5.1660
45.09	-5.1659
45.08	-5.1659
45.08	-5.1658
45.07	-5.1657
45.07	-5.1658
45.06	-5.1657
45.06	-5.1655
45.06	-5.1657
45.05	-5.1657
45.05	-5.1654
45.05	-5.1653
45.05	-5.1653
45.05	-5.1652
45.04	-5.1652
45.04	-5.1650
45.04	-5.1650
45.04	-5.1649
45.04	-5.1648
45.03	-5.1648
45.03	-5.1648
45.03	-5.1646
45.02	-5.1645
45.02	-5.1643
45.02	-5.1645
45.02	-5.1642
45.02	-5.1641
45.01	-5.1640
45.01	-5.1640
45.01	-5.1639
45.01	-5.1639
45.01	-5.1639
45.00	-5.1637
45.00	-5.1636
44.99	-5.1636
44.99	-5.1635
44.99	-5.1635
44.98	-5.1634
44.98	-5.1633
44.98	-5.1633
44.98	-5.1632
44.97	-5.1631
44.97	-5.1632
44.97	-5.1630
44.97	-5.1629
44.97	-5.1630
44.97	-5.1629
44.96	-5.1628
44.96	-5.1628
44.96	-5.1627
44.96	-5.1626
44.95	-5.1625
44.95	-5.1626
44.95	-5.1625
44.95	-5.1624
44.94	-5.1625
44.94	-5.1622
44.93	-5.1622
44.93	-5.1623
44.93	-5.1622
44.93	-5.1621
44.93	-5.1622
44.92	-5.1619
44.92	-5.1619
44.92	-5.1620
44.92	-5.1618
44.92	-5.1620
44.92	-5.1618
44.91	-5.1616
44.91	-5.1616
44.90	-5.1614
44.90	-5.1613
44.90	-5.1611
44.90	-5.1612
44.90	-5.1611
44.89	-5.1608
44.89	-5.1610
44.88	-5.1609
44.88	-5.1609
44.88	-5.1609
44.88	-5.1608
44.88	-5.1607
44.88	-5.1607
44.87	-5.1606
44.87	-5.1605
44.87	-5.1604
44.86	-5.1605
44.86	-5.1603
44.86	-5.1602
44.85	-5.1603
44.85	-5.1602
44.84	-5.1603
44.84	-5.1600
44.84	-5.1601
44.84	-5.1598
44.84	-5.1599
44.84	-5.1600
44.84	-5.1598
44.83	-5.1597
44.83	-5.1597
44.83	-5.1595
44.83	-5.1594
44.83	-5.1594
44.83	-5.1593
44.82	-5.1594
44.82	-5.1593
44.82	-5.1592
44.81	-5.1591
44.81	-5.1590
44.81	-5.1590
44.81	-5.1589
44.80	-5.1589
44.80	-5.1587
44.80	-5.1585
44.80	-5.1586
44.80	-5.1583
44.79	-5.1584
44.79	-5.1583
44.79	-5.1583
44.79	-5.1582
44.79	-5.1580
44.78	-5.1579
44.78	-5.1581
44.77	-5.1580
44.77	-5.1577
44.77	-5.1578
44.77	-5.1576
44.76	-5.1579
44.76	-5.1577
44.76	-5.1576
44.76	-5.1574
44.75	-5.1574
44.75	-5.1572
44.75	-5.1571
44.74	-5.1573
44.74	-5.1572
44.74	-5.1571
44.74	-5.1569
44.74	-5.1568
44.74	-5.1568
44.74	-5.1566
44.74	-5.1566
44.73	-5.1565
44.73	-5.1566
44.73	-5.1566
44.72	-5.1565
44.72	-5.1564
44.72	-5.1562
44.71	-5.1563
44.71	-5.1560
44.70	-5.1562
44.70	-5.1561
44.70	-5.1561
44.70	-5.1561
44.70	-5.1558
44.70	-5.1557
44.70	-5.1556
44.69	-5.1555
44.69	-5.1554
44.69	-5.1552
44.68	-5.1553
44.68	-5.1550
44.68	-5.1550
44.68	-5.1551
44.68	-5.1550
44.67	-5.1547
44.67	-5.1549
44.67	-5.1545
44.66	-5.1547
44.66	-5.1545
44.66	-5.1544
44.65	-5.1543
44.65	-5.1542
44.65	-5.1541
44.65	-5.1541
44.65	-5.1541
44.65	-5.1539
44.65	-5.1536
44.64	-5.1536
44.63	-5.1534
44.63	-5.1534
44.63	-5.1533
44.63	-5.1533
44.63	-5.1531
44.63	-5.1530
44.62	-5.1529
44.62	-5.1528
44.62	-5.1525
44.62	-5.1523
44.61	-5.1525
44.61	-5.1523
44.61	-5.1525
44.60	-5.1524
44.60	-5.1522
44.59	-5.1521
44.59	-5.1519
44.59	-5.1517
44.59	-5.1518
44.59	-5.1517
44.59	-5.1515
44.58	-5.1515
44.59	-5.1514
44.58	-5.1514
44.58	-5.1512
44.58	-5.1513
44.57	-5.1510
44.57	-5.1510
44.57	-5.1509
44.56	-5.1508
44.56	-5.1507
44.56	-5.1506
44.55	-5.1503
44.55	-5.1504
44.55	-5.1502
44.55	-5.1501
44.54	-5.1501
44.54	-5.1498
44.54	-5.1498
44.53	-5.1496
44.53	-5.1494
44.53	-5.1495
44.52	-5.1495
44.52	-5.1492
44.52	-5.1491
44.52	-5.1491
44.52	-5.1489
44.52	-5.1488
44.52	-5.1484
44.52	-5.1486
44.51	-5.1482
44.51	-5.1481
44.51	-5.1482
44.51	-5.1479
44.50	-5.1480
44.50	-5.1478
44.50	-5.1477
44.49	-5.1477
44.49	-5.1476
44.49	-5.1474
44.48	-5.1473
44.48	-5.1473
44.48	-5.1470
44.48	-5.1470
44.48	-5.1467
44.48	-5.1465
44.47	-5.1464
44.47	-5.1463
44.47	-5.1462
44.47	-5.1462
44.46	-5.1461
44.46	-5.1460
44.45	-5.1460
44.45	-5.1458
44.45	-5.1458
44.45	-5.1455
44.45	-5.1454
44.45	-5.1454
44.45	-5.1453
44.44	-5.1451
44.44	-5.1450
44.44	-5.1446
44.43	-5.1447
44.43	-5.1446
44.43	-5.1446
44.43	-5.1446
44.43	-5.1443
44.42	-5.1441
44.42	-5.1442
44.42	-5.1441
44.41	-5.1438
44.41	-5.1438
44.40	-5.1436
44.40	-5.1436
44.40	-5.1436
44.40	-5.1437
44.40	-5.1434
44.40	-5.1432
44.40	-5.1432
44.40	-5.1431
44.39	-5.1431
44.39	-5.1431
44.38	-5.1431
44.38	-5.1428
44.38	-5.1427
44.38	-5.1425
44.37	-5.1425
44.37	-5.1423
44.37	-5.1424
44.36	-5.1422
44.36	-5.1420
44.35	-5.1421
44.35	-5.1418
44.35	-5.1417
44.35	-5.1417
44.34	-5.1413
44.34	-5.1414
44.34	-5.1410
44.34	-5.1412
44.33	-5.1411
44.33	-5.1409
44.33	-5.1407
44.33	-5.1407
44.33	-5.1406
44.33	-5.1404
44.33	-5.1405
44.33	-5.1403
44.32	-5.1402
44.32	-5.1401
44.31	-5.1399
44.31	-5.1398
44.30	-5.1396
44.30	-5.1396
44.30	-5.1393
44.30	-5.1393
44.30	-5.1393
44.30	-5.1391
44.30	-5.1392
44.29	-5.1389
44.29	-5.1388
44.28	-5.1386
44.28	-5.1387
44.28	-5.1386
44.27	-5.1385
44.27	-5.1382
44.27	-5.1384
44.27	-5.1381
44.27	-5.1378
44.26	-5.1377
44.26	-5.1377
44.26	-5.1375
44.26	-5.1374
44.26	-5.1372
44.25	-5.1371
44.25	-5.1372
44.24	-5.1369
44.24	-5.1368
44.24	-5.1366
44.24	-5.1366
44.24	-5.1366
44.23	-5.1363
44.23	-5.1363
44.23	-5.1363
44.23	-5.1361
44.23	-5.1359
44.23	-5.1358
44.22	-5.1358
44.22	-5.1357
44.21	-5.1355
44.21	-5.1354
44.21	-5.1352
44.20	-5.1351
44.20	-5.1350
44.20	-5.1351
44.20	-5.1348
44.20	-5.1347
44.20	-5.1347
44.20	-5.1344
44.19	-5.1343
44.19	-5.1341
44.19	-5.1341
44.18	-5.1340
44.18	-5.1337
44.18	-5.1337
44.18	-5.1334
44.18	-5.1335
44.17	-5.1334
44.17	-5.1333
44.16	-5.1332
44.16	-5.1331
44.16	-5.1330
44.16	-5.1331
44.15	-5.1329
44.15	-5.1327
44.15	-5.1328
44.15	-5.1327
44.15	-5.1324
44.15	-5.1325
44.15	-5.1323
44.14	-5.1321
44.14	-5.1322
44.14	-5.1319
44.14	-5.1319
44.13	-5.1320
44.13	-5.1319
44.13	-5.1317
44.13	-5.1314
44.12	-5.1313
44.12	-5.1315
44.11	-5.1312
44.11	-5.1311
44.11	-5.1311
44.11	-5.1313
44.11	-5.1310
44.10	-5.1308
44.10	-5.1307
44.09	-5.1307
44.09	-5.1307
44.09	-5.1304
44.08	-5.1303
44.08	-5.1302
44.08	-5.1303
44.08	-5.1300
44.08	-5.1299
44.08	-5.1299
44.07	-5.1298
44.07	-5.1297
44.06	-5.1295
44.06	-5.1293
44.06	-5.1291
44.06	-5.1292
44.06	-5.1290
44.06	-5.1288
44.06	-5.1289
44.06	-5.1285
44.05	-5.1284
44.05	-5.1283
44.05	-5.1285
44.04	-5.1282
44.04	-5.1283
44.04	-5.1280
44.03	-5.1278
44.03	-5.1278
44.03	-5.1277
44.03	-5.1278
44.02	-5.1277
44.02	-5.1274
44.03	-5.1272
44.02	-5.1270
44.02	-5.1270
44.02	-5.1270
44.02	-5.1269
44.01	-5.1268
44.01	-5.1267
44.00	-5.1263
44.00	-5.1263
43.99	-5.1261
43.99	-5.1260
43.99	-5.1261
43.99	-5.1257
43.99	-5.1256
43.98	-5.1258
43.98	-5.1256
43.98	-5.1255
43.98	-5.1254
43.98	-5.1253
43.97	-5.1251
43.97	-5.1252
43.97	-5.1251
43.96	-5.1251
43.96	-5.1249
43.96	-5.1248
43.96	-5.1247
43.96	-5.1246
43.95	-5.1246
43.95	-5.1245
43.95	-5.1245
43.95	-5.1241
43.95	-5.1241
43.95	-5.1241
43.94	-5.1239
43.94	-5.1239
43.94	-5.1235
43.94	-5.1237
43.93	-5.1236
43.93	-5.1234
43.93	-5.1233
43.93	-5.1231
43.92	-5.1229
43.92	-5.1228
43.92	-5.1229
43.92	-5.1228
43.91	-5.1227
43.91	-5.1226
43.91	-5.1226
43.90	-5.1224
43.90	-5.1222
43.90	-5.1224
43.90	-5.1222
43.90	-5.1221
43.89	-5.1220
43.89	-5.1220
43.88	-5.1218
43.88	-5.1216
43.88	-5.1216
43.88	-5.1216
43.88	-5.1214
43.88	-5.1216
43.88	-5.1216
43.88	-5.1212
43.88	-5.1211
43.87	-5.1210
43.86	-5.1211
43.86	-5.1210
43.85	-5.1208
43.85	-5.1206
43.85	-5.1208
43.85	-5.1204
43.85	-5.1204
43.84	-5.1204
43.84	-5.1202
43.84	-5.1201
43.84	-5.1200
43.83	-5.1199
43.83	-5.1197
43.83	-5.1198
43.83	-5.1196
43.83	-5.1195
43.83	-5.1192
43.82	-5.1194
43.82	-5.1192
43.81	-5.1191
43.81	-5.1190
43.81	-5.1189
43.81	-5.1189
43.81	-5.1188
43.80	-5.1187
43.80	-5.1186
43.80	-5.1183
43.80	-5.1184
43.80	-5.1183
43.79	-5.1181
43.80	-5.1181
43.79	-5.1181
43.79	-5.1183
43.78	-5.1179
43.78	-5.1178
43.78	-5.1175
43.77	-5.1176
43.77	-5.1174
43.77	-5.1172
43.77	-5.1173
43.77	-5.1171
43.77	-5.1170
43.76	-5.1167
43.75	-5.1168
43.76	-5.1166
43.75	-5.1166
43.75	-5.1164
43.75	-5.1162
43.74	-5.1162
43.74	-5.1162
43.74	-5.1160
43.74	-5.1160
43.74	-5.1158
43.73	-5.1158
43.73	-5.1158
43.73	-5.1157
43.73	-5.1156
43.72	-5.1156
43.72	-5.1155
43.71	-5.1153
43.71	-5.1152
43.71	-5.1150
43.71	-5.1151
43.71	-5.1150
43.70	-5.1147
43.70	-5.1148
43.70	-5.1144
43.70	-5.1143
43.69	-5.1143
43.69	-5.1142
43.69	-5.1143
43.69	-5.1140
43.69	-5.1139
43.68	-5.1139
43.68	-5.1137
43.68	-5.1136
43.68	-5.1135
43.67	-5.1136
43.67	-5.1133
43.67	-5.1132
43.67	-5.1131
43.66	-5.1131
43.66	-5.1130
43.66	-5.1130
43.65	-5.1128
43.65	-5.1127
43.65	-5.1128
43.65	-5.1126
43.64	-5.1126
43.64	-5.1124
43.63	-5.1124
43.63	-5.1121
43.63	-5.1121
43.63	-5.1120
43.63	-5.1119
43.63	-5.1115
43.62	-5.1118
43.62	-5.1115
43.62	-5.1114
43.62	-5.1114
43.62	-5.1111
43.61	-5.1113
43.61	-5.1111
43.61	-5.1111
43.60	-5.1109
43.60	-5.1107
43.60	-5.1106
43.60	-5.1105
43.60	-5.1104
43.59	-5.1103
43.59	-5.1102
43.59	-5.1103
43.59	-5.1102
43.59	-5.1102
43.58	-5.1100
43.58	-5.1100
43.58	-5.1097
43.58	-5.1097
43.57	-5.1095
43.57	-5.1095
43.56	-5.1095
43.56	-5.1096
43.55	-5.1094
43.55	-5.1093
43.55	-5.1092
43.55	-5.1091
43.55	-5.1090
43.55	-5.1091
43.54	-5.1088
43.54	-5.1087
43.54	-5.1085
43.54	-5.1084
43.53	-5.1083
43.53	-5.1082
43.53	-5.1081
43.53	-5.1080
43.53	-5.1078
43.52	-5.1077
43.52	-5.1076
43.52	-5.1075
43.51	-5.1074
43.51	-5.1072
43.51	-5.1071
43.51	-5.1069
43.50	-5.1067
43.50	-5.1066
43.50	-5.1064
43.50	-5.1064
43.49	-5.1061
43.49	-5.1061
43.49	-5.1060
43.48	-5.1057
43.48	-5.1058
43.48	-5.1055
43.48	-5.1054
43.48	-5.1053
43.48	-5.1052
43.48	-5.1050
43.47	-5.1048
43.47	-5.1050
43.47	-5.1048
43.46	-5.1047
43.46	-5.1046
43.46	-5.1044
43.45	-5.1044
43.45	-5.1041
43.45	-5.1040
43.45	-5.1040
43.44	-5.1038
43.44	-5.1038
43.44	-5.1036
43.44	-5.1037
43.44	-5.1033
43.43	-5.1035
43.43	-5.1034
43.43	-5.1032
43.43	-5.1032
43.42	-5.1030
43.42	-5.1029
43.42	-5.1029
43.42	-5.1026
43.41	-5.1026
43.41	-5.1024
43.41	-5.1023
43.41	-5.1023
43.41	-5.1020
43.40	-5.1022
43.40	-5.1023
43.39	-5.1020
43.39	-5.1020
43.39	-5.1018
43.38	-5.1018
43.38	-5.1018
43.38	-5.1017
43.38	-5.1016
43.38	-5.1016
43.38	-5.1014
43.37	-5.1015
43.37	-5.1013
43.36	-5.1012
43.36	-5.1012
43.36	-5.1011
43.36	-5.1012
43.35	-5.1010
43.35	-5.1010
43.34	-5.1009
43.35	-5.1008
43.34	-5.1007
43.34	-5.1007
43.34	-5.1006
43.34	-5.1007
43.34	-5.1006
43.34	-5.1005
43.33	-5.1005
43.33	-5.1004
43.33	-5.1004
43.33	-5.1003
43.32	-5.1003
43.32	-5.1003
43.32	-5.1002
43.32	-5.1002
43.32	-5.1003
43.31	-5.1000
43.31	-5.0999
43.31	-5.1001
43.30	-5.1000
43.30	-5.1000
43.30	-5.0997
43.30	-5.0997
43.29	-5.0996
43.29	-5.0997
43.29	-5.0994
43.28	-5.0993
43.28	-5.0993
43.27	-5.0994
43.27	-5.0991
43.27	-5.0992
43.27	-5.0992
43.27	-5.0991
43.27	-5.0991
43.27	-5.0991
43.26	-5.0990
43.26	-5.0990
43.26	-5.0989
43.25	-5.0989
43.25	-5.0989
43.25	-5.0989
43.25	-5.0988
43.25	-5.0987
43.24	-5.0989
43.24	-5.0987
43.24	-5.0988
43.24	-5.0986
43.23	-5.0985
43.23	-5.0985
43.23	-5.0985
43.23	-5.0984
43.23	-5.0983
43.22	-5.0983
43.21	-5.0985
43.22	-5.0983
43.21	-5.0981
43.21	-5.0981
43.21	-5.0981
43.21	-5.0980
43.20	-5.0979
43.20	-5.0979
43.20	-5.0977
43.20	-5.0976
43.20	-5.0977
43.19	-5.0976
43.19	-5.0976
43.18	-5.0973
43.18	-5.0974
43.18	-5.0973
43.18	-5.0971
43.18	-5.0970
43.18	-5.0971
43.18	-5.0969
43.17	-5.0968
43.17	-5.0967
43.17	-5.0968
43.17	-5.0967
43.16	-5.0965
43.15	-5.0966
43.15	-5.0965
43.15	-5.0964
43.15	-5.0965
43.15	-5.0965
43.14	-5.0965
43.14	-5.0965
43.14	-5.0963
43.13	-5.0963
43.13	-5.0962
43.13	-5.0962
43.13	-5.0962
43.13	-5.0959
43.13	-5.0958
43.12	-5.0958
43.12	-5.0958
43.12	-5.0957
43.11	-5.0958
43.11	-5.0957
43.11	-5.0957
43.11	-5.0958
43.10	-5.0956
43.10	-5.0955
43.10	-5.0954
43.09	-5.0951
43.09	-5.0951
43.09	-5.0952
43.09	-5.0952
43.09	-5.0949
43.08	-5.0950
43.08	-5.0948
43.08	-5.0947
43.08	-5.0947
43.08	-5.0945
43.08	-5.0944
43.07	-5.0946
43.07	-5.0944
43.06	-5.0944
43.06	-5.0943
43.05	-5.0943
43.05	-5.0940
43.05	-5.0941
43.05	-5.0938
43.05	-5.0937
43.05	-5.0936
43.05	-5.0936
43.04	-5.0934
43.04	-5.0934
43.03	-5.0934
43.03	-5.0936
43.03	-5.0934
43.02	-5.0932
43.02	-5.0934
43.02	-5.0933
43.02	-5.0931
43.02	-5.0931
43.02	-5.0929
43.02	-5.0930
43.02	-5.0930
43.01	-5.0927
43.01	-5.0928
43.00	-5.0927
43.00	-5.0925
43.00	-5.0925
43.00	-5.0924
43.00	-5.0923
42.99	-5.0921
42.99	-5.0922
42.99	-5.0922
42.99	-5.0919
42.98	-5.0918
42.98	-5.0919
42.98	-5.0919
42.97	-5.0917
42.97	-5.0916
42.97	-5.0915
42.97	-5.0915
42.97	-5.0913
42.97	-5.0913
42.96	-5.0912
42.96	-5.0912
42.96	-5.0910
42.96	-5.0907
42.96	-5.0907
42.95	-5.0907
42.95	-5.0904
42.95	-5.0904
42.95	-5.0902
42.94	-5.0901
42.94	-5.0900
42.93	-5.0899
42.93	-5.0899
42.93	-5.0900
42.93	-5.0897
42.93	-5.0896
42.93	-5.0896
42.92	-5.0897
42.92	-5.0893
42.92	-5.0892
42.91	-5.0891
42.91	-5.0889
42.91	-5.0889
42.91	-5.0886
42.90	-5.0886
42.90	-5.0886
42.90	-5.0885
42.90	-5.0882
42.89	-5.0883
42.89	-5.0882
42.89	-5.0881
42.88	-5.0881
42.88	-5.0879
42.88	-5.0877
42.88	-5.0877
42.88	-5.0875
42.88	-5.0877
42.87	-5.0875
42.87	-5.0872
42.86	-5.0872
42.86	-5.0869
42.86	-5.0869
42.86	-5.0868
42.85	-5.0867
42.85	-5.0865
42.85	-5.0866
42.85	-5.0864
42.84	-5.0863
42.84	-5.0863
42.84	-5.0858
42.84	-5.0858
42.84	-5.0857
42.83	-5.0857
42.83	-5.0856
42.83	-5.0854
42.83	-5.0853
42.83	-5.0851
42.82	-5.0851
42.82	-5.0849
42.82	-5.0848
42.81	-5.0845
42.81	-5.0847
42.81	-5.0845
42.80	-5.0844
42.80	-5.0843
42.80	-5.0844
42.80	-5.0842
42.80	-5.0840
42.80	-5.0840
42.79	-5.0836
42.79	-5.0836
42.79	-5.0835
42.78	-5.0836
42.78	-5.0832
42.77	-5.0832
42.77	-5.0830
42.77	-5.0827
42.77	-5.0827
42.77	-5.0826
42.77	-5.0826
42.76	-5.0825
42.76	-5.0824
42.76	-5.0823
42.75	-5.0822
42.75	-5.0820
42.75	-5.0821
42.75	-5.0819
42.74	-5.0818
42.74	-5.0818
42.74	-5.0817
42.74	-5.0816
42.73	-5.0816
42.73	-5.0814
42.73	-5.0811
42.73	-5.0811
42.73	-5.0810
42.72	-5.0809
42.72	-5.0806
42.71	-5.0805
42.71	-5.0803
42.71	-5.0802
42.70	-5.0801
42.70	-5.0800
42.70	-5.0799
42.70	-5.0797
42.70	-5.0795
42.70	-5.0796
42.70	-5.0794
42.69	-5.0793
42.69	-5.0792
42.69	-5.0790
42.68	-5.0789
42.68	-5.0788
42.68	-5.0787
42.68	-5.0784
42.68	-5.0783
42.68	-5.0783
42.68	-5.0783
42.67	-5.0782
42.67	-5.0780
42.66	-5.0780
42.66	-5.0778
42.66	-5.0776
42.66	-5.0777
42.65	-5.0774
42.65	-5.0774
42.65	-5.0774
42.64	-5.0770
42.64	-5.0771
42.64	-5.0770
42.64	-5.0768
42.63	-5.0769
42.63	-5.0768
42.63	-5.0765
42.63	-5.0765
42.63	-5.0764
42.62	-5.0763
42.62	-5.0762
42.62	-5.0760
42.62	-5.0760
42.61	-5.0759
42.61	-5.0757
42.61	-5.0753
42.61	-5.0754
42.60	-5.0753
42.60	-5.0751
42.60	-5.0750
42.60	-5.0749
42.59	-5.0747
42.59	-5.0746
42.59	-5.0746
42.58	-5.0744
42.58	-5.0743
42.58	-5.0741
42.58	-5.0743
42.58	-5.0740
42.58	-5.0738
42.57	-5.0737
42.57	-5.0736
42.56	-5.0736
42.56	-5.0733
42.56	-5.0732
42.55	-5.0731
42.55	-5.0731
42.55	-5.0729
42.55	-5.0730
42.55	-5.0724
42.55	-5.0724
42.54	-5.0725
42.54	-5.0724
42.54	-5.0722
42.54	-5.0722
42.54	-5.0720
42.53	-5.0720
42.53	-5.0719
42.53	-5.0717
42.52	-5.0715
42.52	-5.0715
42.52	-5.0714
42.52	-5.0713
42.52	-5.0713
42.52	-5.0710
42.51	-5.0709
42.51	-5.0710
42.50	-5.0708
42.50	-5.0708
42.50	-5.0707
42.49	-5.0705
42.49	-5.0704
42.49	-5.0705
42.48	-5.0703
42.48	-5.0701
42.48	-5.0702
42.48	-5.0702
42.48	-5.0699
42.48	-5.0697
42.48	-5.0695
42.47	-5.0696
42.47	-5.0694
42.47	-5.0694
42.46	-5.0694
42.46	-5.0690
42.46	-5.0689
42.45	-5.0689
42.45	-5.0687
42.45	-5.0687
42.45	-5.0684
42.45	-5.0684
42.44	-5.0682
42.44	-5.0682
42.44	-5.0682
42.43	-5.0679
42.43	-5.0677
42.43	-5.0678
42.43	-5.0676
42.43	-5.0674
42.42	-5.0676
42.42	-5.0673
42.42	-5.0670
42.42	-5.0672
42.41	-5.0669
42.41	-5.0669
42.40	-5.0670
42.40	-5.0668
42.40	-5.0667
42.40	-5.0666
42.40	-5.0666
42.40	-5.0664
42.39	-5.0663
42.39	-5.0664
42.39	-5.0662
42.39	-5.0660
42.38	-5.0658
42.38	-5.0656
42.38	-5.0658
42.38	-5.0653
42.37	-5.0654
42.37	-5.0654
42.36	-5.0651
42.37	-5.0650
42.36	-5.0648
42.36	-5.0647
42.36	-5.0646
42.36	-5.0647
42.35	-5.0645
42.35	-5.0644
42.35	-5.0642
42.34	-5.0642
42.34	-5.0642
42.34	-5.0642
42.34	-5.0640
42.33	-5.0640
42.33	-5.0636
42.34	-5.0636
42.33	-5.0637
42.33	-5.0635
42.33	-5.0634
42.33	-5.0636
42.33	-5.0634
42.33	-5.0632
42.32	-5.0630
42.32	-5.0629
42.31	-5.0628
42.31	-5.0627
42.31	-5.0627
42.30	-5.0626
42.30	-5.0627
42.30	-5.0625
42.29	-5.0624
42.29	-5.0623
42.29	-5.0622
42.28	-5.0619
42.28	-5.0620
42.28	-5.0618
42.28	-5.0619
42.27	-5.0618
42.27	-5.0617
42.27	-5.0617
42.27	-5.0614
42.27	-5.0614
42.26	-5.0611
42.26	-5.0612
42.26	-5.0609
42.26	-5.0609
42.25	-5.0609
42.25	-5.0607
42.25	-5.0603
42.24	-5.0603
42.24	-5.0604
42.24	-5.0602
42.24	-5.0602
42.24	-5.0602
42.23	-5.0599
42.23	-5.0600
42.23	-5.0598
42.23	-5.0598
42.22	-5.0597
42.22	-5.0595
42.22	-5.0594
42.21	-5.0593
42.21	-5.0594
42.21	-5.0592
42.20	-5.0595
42.20	-5.0594
42.20	-5.0590
42.20	-5.0589
42.20	-5.0588
42.20	-5.0586
42.20	-5.0586
42.19	-5.0586
42.19	-5.0584
42.19	-5.0584
42.18	-5.0586
42.18	-5.0580
42.18	-5.0581
42.18	-5.0578
42.18	-5.0580
42.18	-5.0579
42.17	-5.0577
42.17	-5.0576
42.16	-5.0574
42.16	-5.0573
42.16	-5.0573
42.15	-5.0572
42.15	-5.0571
42.15	-5.0572
42.15	-5.0569
42.15	-5.0569
42.15	-5.0569
42.15	-5.0568
42.14	-5.0565
42.14	-5.0564
42.14	-5.0564
42.13	-5.0563
42.13	-5.0564
42.13	-5.0562
42.13	-5.0559
42.13	-5.0560
42.13	-5.0558
42.13	-5.0558
42.12	-5.0557
42.12	-5.0555
42.12	-5.0557
42.11	-5.0554
42.11	-5.0554
42.11	-5.0554
42.11	-5.0552
42.10	-5.0551
42.10	-5.0548
42.10	-5.0548
42.09	-5.0546
42.09	-5.0545
42.09	-5.0545
42.09	-5.0544
42.08	-5.0542
42.08	-5.0541
42.07	-5.0542
42.07	-5.0539
42.07	-5.0540
42.07	-5.0537
42.07	-5.0537
42.07	-5.0537
42.06	-5.0534
42.06	-5.0535
42.06	-5.0534
42.06	-5.0533
42.06	-5.0531
42.05	-5.0529
42.05	-5.0529
42.05	-5.0527
42.04	-5.0525
42.04	-5.0525
42.04	-5.0524
42.04	-5.0521
42.04	-5.0520
42.03	-5.0520
42.03	-5.0519
42.03	-5.0519
42.03	-5.0519
42.02	-5.0514
42.02	-5.0512
42.02	-5.0514
42.02	-5.0513
42.02	-5.0512
42.01	-5.0512
42.01	-5.0510
42.00	-5.0511
42.00	-5.0508
41.99	-5.0508
41.99	-5.0507
42.00	-5.0508
41.99	-5.0506
41.99	-5.0504
41.99	-5.0504
41.98	-5.0504
41.98	-5.0503
41.98	-5.0501
41.98	-5.0501
41.98	-5.0498
41.98	-5.0499
41.97	-5.0499
41.97	-5.0497
41.97	-5.0499
41.97	-5.0495
41.96	-5.0494
41.96	-5.0494
41.95	-5.0494
41.95	-5.0492
41.95	-5.0491
41.95	-5.0492
41.95	-5.0490
41.95	-5.0488
41.95	-5.0489
41.94	-5.0486
41.94	-5.0484
41.93	-5.0487
41.93	-5.0484
41.93	-5.0480
41.92	-5.0480
41.92	-5.0480
41.92	-5.0478
41.91	-5.0478
41.91	-5.0475
41.91	-5.0474
41.91	-5.0473
41.91	-5.0474
41.90	-5.0471
41.90	-5.0470
41.90	-5.0469
41.90	-5.0469
41.90	-5.0469
41.89	-5.0467
41.89	-5.0465
41.89	-5.0462
41.89	-5.0462
41.88	-5.0461
41.88	-5.0460
41.88	-5.0457
41.88	-5.0458
41.88	-5.0457
41.88	-5.0456
41.87	-5.0457
41.87	-5.0454
41.87	-5.0452
41.87	-5.0453
41.86	-5.0453
41.86	-5.0450
41.86	-5.0448
41.85	-5.0447
41.85	-5.0446
41.85	-5.0446
41.84	-5.0443
41.84	-5.0444
41.84	-5.0442
41.83	-5.0443
41.83	-5.0440
41.83	-5.0437
41.83	-5.0435
41.82	-5.0433
41.82	-5.0434
41.82	-5.0432
41.82	-5.0430
41.82	-5.0429
41.81	-5.0426
41.81	-5.0426
41.81	-5.0424
41.81	-5.0423
41.81	-5.0421
41.81	-5.0421
41.80	-5.0418
41.80	-5.0417
41.80	-5.0414
41.80	-5.0413
41.79	-5.0414
41.79	-5.0413
41.79	-5.0412
41.78	-5.0410
41.78	-5.0409
41.78	-5.0410
41.77	-5.0406
41.77	-5.0406
41.77	-5.0404
41.77	-5.0403
41.76	-5.0405
41.76	-5.0402
41.76	-5.0401
41.75	-5.0400
41.75	-5.0399
41.75	-5.0398
41.75	-5.0397
41.74	-5.0394
41.74	-5.0396
41.74	-5.0395
41.74	-5.0395
41.74	-5.0392
41.74	-5.0393
41.73	-5.0393
41.73	-5.0393
41.73	-5.0393
41.73	-5.0391
41.72	-5.0389
41.72	-5.0391
41.72	-5.0389
41.71	-5.0388
41.71	-5.0387
41.71	-5.0388
41.70	-5.0385
41.70	-5.0387
41.70	-5.0386
41.70	-5.0384
41.70	-5.0384
41.69	-5.0382
41.69	-5.0384
41.69	-5.0384
41.68	-5.0383
41.69	-5.0381
41.68	-5.0379
41.68	-5.0382
41.68	-5.0380
41.68	-5.0380
41.68	-5.0380
41.67	-5.0379
41.67	-5.0379
41.67	-5.0377
41.66	-5.0375
41.66	-5.0376
41.66	-5.0376
41.65	-5.0374
41.65	-5.0374
41.65	-5.0375
41.65	-5.0375
41.65	-5.0372
41.65	-5.0372
41.64	-5.0372
41.64	-5.0371
41.64	-5.0369
41.64	-5.0369
41.63	-5.0368
41.63	-5.0369
41.63	-5.0370
41.62	-5.0367
41.62	-5.0367
41.62	-5.0367
41.61	-5.0366
41.61	-5.0366
41.61	-5.0363
41.60	-5.0364
41.60	-5.0362
41.60	-5.0362
41.60	-5.0362
41.60	-5.0361
41.59	-5.0362
41.59	-5.0361
41.59	-5.0360
41.59	-5.0359
41.58	-5.0360
41.58	-5.0361
41.58	-5.0360
41.58	-5.0360
41.58	-5.0359
41.57	-5.0359
41.57	-5.0357
41.57	-5.0358
41.56	-5.0357
41.56	-5.0357
41.56	-5.0357
41.56	-5.0356
41.55	-5.0358
41.55	-5.0357
41.55	-5.0356
41.55	-5.0356
41.55	-5.0354
41.55	-5.0358
41.54	-5.0354
41.54	-5.0354
41.54	-5.0354
41.53	-5.0354
41.53	-5.0354
41.53	-5.0351
41.53	-5.0354
41.53	-5.0349
41.52	-5.0351
41.52	-5.0350
41.51	-5.0349
41.51	-5.0349
41.51	-5.0348
41.50	-5.0346
41.50	-5.0345
41.50	-5.0346
41.49	-5.0345
41.49	-5.0344
41.49	-5.0344
41.49	-5.0343
41.49	-5.0344
41.49	-5.0343
41.48	-5.0342
41.48	-5.0341
41.48	-5.0339
41.48	-5.0341
41.48	-5.0338
41.47	-5.0339
41.47	-5.0337
41.46	-5.0337
41.46	-5.0336
41.46	-5.0334
41.45	-5.0335
41.45	-5.0334
41.45	-5.0333
41.45	-5.0334
41.45	-5.0332
41.45	-5.0333
41.45	-5.0331
41.45	-5.0330
41.44	-5.0329
41.44	-5.0330
41.43	-5.0327
41.43	-5.0326
41.43	-5.0329
41.43	-5.0325
41.42	-5.0326
41.42	-5.0323
41.42	-5.0321
41.41	-5.0323
41.41	-5.0320
41.41	-5.0321
41.41	-5.0319
41.40	-5.0319
41.40	-5.0318
41.40	-5.0317
41.40	-5.0316
41.40	-5.0316
41.39	-5.0314
41.39	-5.0315
41.39	-5.0315
41.39	-5.0313
41.38	-5.0312
41.38	-5.0313
41.38	-5.0313
41.38	-5.0312
41.37	-5.0310
41.37	-5.0309
41.37	-5.0308
41.36	-5.0307
41.36	-5.0308
41.36	-5.0307
41.36	-5.0304
41.36	-5.0305
41.36	-5.0301
41.35	-5.0302
41.35	-5.0301
41.35	-5.0301
41.34	-5.0302
41.34	-5.0301
41.34	-5.0300
41.34	-5.0299
41.34	-5.0298
41.33	-5.0296
41.33	-5.0296
41.33	-5.0295
41.33	-5.0294
41.32	-5.0295
41.32	-5.0292
41.32	-5.0294
41.32	-5.0291
41.31	-5.0288
41.30	-5.0288
41.30	-5.0287
41.30	-5.0286
41.30	-5.0283
41.30	-5.0283
41.30	-5.0282
41.29	-5.0282
41.29	-5.0280
41.29	-5.0279
41.29	-5.0278
41.28	-5.0277
41.28	-5.0277
41.28	-5.0275
41.27	-5.0275
41.27	-5.0274
41.27	-5.0274
41.27	-5.0272
41.26	-5.0273
41.26	-5.0270
41.26	-5.0270
41.26	-5.0268
41.25	-5.0268
41.25	-5.0267
41.25	-5.0267
41.25	-5.0265
41.24	-5.0265
41.24	-5.0264
41.24	-5.0262
41.24	-5.0263
41.24	-5.0260
41.24	-5.0260
41.24	-5.0259
41.23	-5.0258
41.23	-5.0258
41.23	-5.0255
41.22	-5.0254
41.22	-5.0252
41.22	-5.0253
41.22	-5.0252
41.21	-5.0251
41.21	-5.0248
41.20	-5.0248
41.20	-5.0248
41.20	-5.0246
41.20	-5.0244
41.20	-5.0243
41.20	-5.0244
41.19	-5.0241
41.19	-5.0242
41.19	-5.0238
41.19	-5.0240
41.19	-5.0235
41.18	-5.0237
41.18	-5.0235
41.18	-5.0235
41.18	-5.0235
41.18	-5.0234
41.17	-5.0231
41.17	-5.0232
41.17	-5.0229
41.17	-5.0230
41.16	-5.0228
41.16	-5.0227
41.16	-5.0227
41.15	-5.0227
41.15	-5.0223
41.15	-5.0222
41.15	-5.0222
41.15	-5.0219
41.14	-5.0219
41.14	-5.0217
41.14	-5.0216
41.14	-5.0214
41.14	-5.0215
41.13	-5.0213
41.13	-5.0213
41.13	-5.0213
41.12	-5.0211
41.12	-5.0210
41.12	-5.0210
41.11	-5.0208
41.10	-5.0207
41.10	-5.0206
41.10	-5.0204
41.11	-5.0202
41.10	-5.0203
41.10	-5.0201
41.09	-5.0199
41.09	-5.0199
41.09	-5.0196
41.09	-5.0196
41.09	-5.0195
41.08	-5.0193
41.08	-5.0193
41.08	-5.0192
41.07	-5.0192
41.07	-5.0191
41.07	-5.0189
41.07	-5.0187
41.06	-5.0186
41.06	-5.0184
41.06	-5.0185
41.06	-5.0183
41.06	-5.0183
41.06	-5.0181
41.05	-5.0180
41.05	-5.0178
41.05	-5.0179
41.05	-5.0176
41.05	-5.0176
41.04	-5.0174
41.04	-5.0173
41.04	-5.0171
41.03	-5.0172
41.03	-5.0169
41.03	-5.0170
41.02	-5.0167
41.02	-5.0165
41.02	-5.0165
41.02	-5.0166
41.02	-5.0165
41.02	-5.0163
41.01	-5.0161
41.01	-5.0162
41.01	-5.0157
41.00	-5.0158
41.00	-5.0156
40.99	-5.0156
40.99	-5.0154
40.99	-5.0154
40.99	-5.0151
40.99	-5.0152
40.98	-5.0150
40.98	-5.0150
40.98	-5.0146
40.98	-5.0147
40.98	-5.0146
40.97	-5.0143
40.97	-5.0142
40.97	-5.0139
40.97	-5.0140
40.96	-5.0137
40.96	-5.0136
40.95	-5.0133
40.95	-5.0134
40.95	-5.0134
40.94	-5.0131
40.94	-5.0132
40.94	-5.0131
40.94	-5.0128
40.93	-5.0126
40.93	-5.0126
40.93	-5.0126
40.93	-5.0123
40.93	-5.0121
40.93	-5.0121
40.93	-5.0120
40.93	-5.0118
40.93	-5.0118
40.92	-5.0117
40.92	-5.0115
40.92	-5.0114
40.91	-5.0113
40.91	-5.0114
40.90	-5.0112
40.90	-5.0111
40.90	-5.0109
40.90	-5.0107
40.89	-5.0108
40.89	-5.0105
40.89	-5.0105
40.89	-5.0103
40.89	-5.0103
40.88	-5.0102
40.88	-5.0101
40.88	-5.0101
40.88	-5.0100
40.87	-5.0100
40.87	-5.0098
40.87	-5.0097
40.87	-5.0096
40.86	-5.0094
40.86	-5.0094
40.86	-5.0093
40.85	-5.0091
40.85	-5.0091
40.84	-5.0091
40.84	-5.0089
40.84	-5.0089
40.84	-5.0089
40.84	-5.0087
40.83	-5.0086
40.83	-5.0086
40.83	-5.0084
40.83	-5.0084
40.83	-5.0083
40.83	-5.0082
40.83	-5.0080
40.82	-5.0079
40.82	-5.0079
40.82	-5.0078
40.82	-5.0076
40.81	-5.0075
40.80	-5.0071
40.80	-5.0071
40.80	-5.0068
40.80	-5.0068
40.80	-5.0068
40.80	-5.0065
40.79	-5.0064
40.79	-5.0064
40.79	-5.0062
40.78	-5.0060
40.78	-5.0060
40.77	-5.0060
40.78	-5.0058
40.77	-5.0057
40.77	-5.0055
40.77	-5.0053
40.77	-5.0053
40.77	-5.0052
40.77	-5.0050
40.76	-5.0050
40.76	-5.0049
40.76	-5.0049
40.76	-5.0048
40.75	-5.0047
40.75	-5.0045
40.75	-5.0042
40.74	-5.0042
40.74	-5.0042
40.74	-5.0041
40.73	-5.0039
40.73	-5.0039
40.73	-5.0040
40.73	-5.0037
40.72	-5.0035
40.72	-5.0033
40.72	-5.0032
40.72	-5.0032
40.71	-5.0032
40.71	-5.0031
40.71	-5.0029
40.71	-5.0030
40.71	-5.0029
40.71	-5.0026
40.70	-5.0028
40.70	-5.0025
40.69	-5.0026
40.69	-5.0023
40.69	-5.0023
40.69	-5.0020
40.68	-5.0021
40.68	-5.0018
40.68	-5.0018
40.68	-5.0017
40.68	-5.0017
40.68	-5.0014
40.68	-5.0015
40.67	-5.0012
40.67	-5.0012
40.66	-5.0010
40.66	-5.0009
40.66	-5.0008
40.65	-5.0008
40.65	-5.0008
40.65	-5.0004
40.65	-5.0006
40.65	-5.0002
40.65	-5.0003
40.64	-4.9999
40.64	-5.0000
40.63	-4.9998
40.63	-4.9998
40.63	-4.9995
40.63	-4.9993
40.63	-4.9992
40.63	-4.9993
40.62	-4.9991
40.62	-4.9990
40.62	-4.9990
40.62	-4.9988
40.61	-4.9986
40.61	-4.9988
40.61	-4.9988
40.61	-4.9985
40.60	-4.9986
40.60	-4.9985
40.60	-4.9982
40.59	-4.9982
40.59	-4.9980
40.58	-4.9979
40.58	-4.9978
40.58	-4.9976
40.58	-4.9976
40.58	-4.9976
40.57	-4.9974
40.57	-4.9972
40.57	-4.9971
40.57	-4.9972
40.56	-4.9969
40.56	-4.9970
40.56	-4.9968
40.56	-4.9966
40.55	-4.9965
40.55	-4.9966
40.55	-4.9962
40.55	-4.9962
40.55	-4.9962
40.54	-4.9961
40.54	-4.9959
40.54	-4.9959
40.54	-4.9958
40.54	-4.9958
40.53	-4.9957
40.53	-4.9957
40.52	-4.9954
40.52	-4.9955
40.52	-4.9954
40.52	-4.9954
40.51	-4.9951
40.51	-4.9952
40.51	-4.9951
40.50	-4.9951
40.50	-4.9950
40.50	-4.9951
40.50	-4.9948
40.50	-4.9947
40.49	-4.9944
40.49	-4.9944
40.49	-4.9943
40.49	-4.9942
40.49	-4.9942
40.48	-4.9939
40.48	-4.9938
40.48	-4.9937
40.48	-4.9937
40.48	-4.9936
40.47	-4.9934
40.47	-4.9936
40.47	-4.9933
40.47	-4.9932
40.46	-4.9932
40.46	-4.9929
40.46	-4.9929
40.45	-4.9928
40.45	-4.9926
40.45	-4.9926
40.45	-4.9924
40.45	-4.9924
40.44	-4.9922
40.44	-4.9921
40.44	-4.9920
40.44	-4.9920
40.43	-4.9919
40.43	-4.9917
40.43	-4.9917
40.43	-4.9916
40.42	-4.9917
40.42	-4.9915
40.42	-4.9913
40.41	-4.9914
40.41	-4.9912
40.41	-4.9911
40.41	-4.9910
40.40	-4.9908
40.40	-4.9910
40.40	-4.9908
40.40	-4.9904
40.40	-4.9906
40.39	-4.9904
40.39	-4.9906
40.39	-4.9903
40.38	-4.9902
40.38	-4.9901
40.38	-4.9900
40.38	-4.9901
40.38	-4.9901
40.38	-4.9899
40.37	-4.9897
40.37	-4.9897
40.37	-4.9895
40.36	-4.9895
40.36	-4.9896
40.36	-4.9894
40.35	-4.9894
40.35	-4.9894
40.35	-4.9894
40.34	-4.9891
40.34	-4.9890
40.34	-4.9890
40.34	-4.9888
40.34	-4.9886
40.34	-4.9887
40.33	-4.9885
40.33	-4.9885
40.33	-4.9882
40.33	-4.9882
40.33	-4.9881
40.33	-4.9880
40.32	-4.9878
40.32	-4.9879
40.32	-4.9877
40.32	-4.9877
40.31	-4.9875
40.31	-4.9875
40.30	-4.9873
40.30	-4.9874
40.30	-4.9872
40.30	-4.9871
40.30	-4.9870
40.30	-4.9870
40.29	-4.9869
40.29	-4.9868
40.28	-4.9867
40.28	-4.9868
40.28	-4.9865
40.28	-4.9863
40.28	-4.9861
40.27	-4.9860
40.27	-4.9860
40.27	-4.9860
40.27	-4.9859
40.27	-4.9857
40.27	-4.9857
40.26	-4.9856
40.26	-4.9858
40.25	-4.9856
40.25	-4.9855
40.25	-4.9856
40.25	-4.9854
40.24	-4.9854
40.24	-4.9855
40.24	-4.9855
40.24	-4.9853
40.23	-4.9852
40.23	-4.9850
40.23	-4.9851
40.23	-4.9850
40.23	-4.9850
40.22	-4.9846
40.22	-4.9846
40.22	-4.9846
40.21	-4.9845
40.21	-4.9845
40.21	-4.9843
40.21	-4.9843
40.20	-4.9842
40.20	-4.9841
40.20	-4.9839
40.20	-4.9837
40.20	-4.9837
40.20	-4.9834
40.19	-4.9833
40.19	-4.9832
40.19	-4.9830
40.18	-4.9828
40.18	-4.9828
40.18	-4.9825
40.18	-4.9822
40.17	-4.9823
40.17	-4.9820
40.17	-4.9817
40.17	-4.9818
40.16	-4.9815
40.16	-4.9815
40.16	-4.9813
40.15	-4.9812
40.15	-4.9811
40.15	-4.9810
40.15	-4.9809
40.14	-4.9805
40.14	-4.9805
40.14	-4.9806
40.13	-4.9807
40.13	-4.9804
40.13	-4.9803
40.13	-4.9803
40.13	-4.9801
40.13	-4.9800
40.13	-4.9799
40.12	-4.9798
40.12	-4.9798
40.12	-4.9796
40.12	-4.9797
40.11	-4.9796
40.11	-4.9795
40.11	-4.9793
40.11	-4.9794
40.10	-4.9793
40.10	-4.9794
40.10	-4.9792
40.09	-4.9788
40.09	-4.9790
40.09	-4.9789
40.09	-4.9789
40.08	-4.9786
40.08	-4.9788
40.08	-4.9786
40.08	-4.9786
40.07	-4.9784
40.07	-4.9784
40.07	-4.9783
40.06	-4.9783
40.06	-4.9783
40.06	-4.9782
40.05	-4.9779
40.05	-4.9780
40.06	-4.9777
40.05	-4.9777
40.05	-4.9778
40.05	-4.9776
40.04	-4.9777
40.04	-4.9774
40.04	-4.9776
40.03	-4.9775
40.03	-4.9776
40.03	-4.9776
40.02	-4.9774
40.02	-4.9772
40.02	-4.9773
40.02	-4.9773
40.02	-4.9773
40.01	-4.9770
40.01	-4.9770
40.01	-4.9770
40.00	-4.9767
40.00	-4.9767
40.00	-4.9766
40.00	-4.9765
39.99	-4.9765
39.99	-4.9765
39.99	-4.9765
39.99	-4.9763
39.98	-4.9762
39.99	-4.9762
39.98	-4.9762
39.98	-4.9762
39.98	-4.9759
39.98	-4.9761
39.98	-4.9758
39.98	-4.9758
39.97	-4.9759
39.97	-4.9758
39.97	-4.9756
39.96	-4.9758
39.95	-4.9756
39.95	-4.9755
39.95	-4.9754
39.95	-4.9752
39.95	-4.9753
39.95	-4.9753
39.94	-4.9752
39.94	-4.9752
39.94	-4.9751
39.93	-4.9751
39.93	-4.9752
39.93	-4.9750
39.93	-4.9748
39.92	-4.9747
39.92	-4.9748
39.92	-4.9747
39.92	-4.9746
39.91	-4.9744
39.91	-4.9744
39.90	-4.9744
39.90	-4.9745
39.90	-4.9743
39.90	-4.9743
39.90	-4.9740
39.90	-4.9739
39.90	-4.9741
39.90	-4.9740
39.89	-4.9740
39.89	-4.9737
39.89	-4.9739
39.88	-4.9737
39.88	-4.9735
39.88	-4.9736
39.87	-4.9735
39.87	-4.9733
39.87	-4.9736
39.87	-4.9732
39.87	-4.9733
39.86	-4.9732
39.86	-4.9729
39.85	-4.9731
39.85	-4.9730
39.85	-4.9728
39.84	-4.9728
39.84	-4.9728
39.84	-4.9727
39.84	-4.9728
39.83	-4.9727
39.83	-4.9726
39.83	-4.9726
39.83	-4.9725
39.83	-4.9724
39.83	-4.9724
39.83	-4.9723
39.83	-4.9721
39.82	-4.9721
39.82	-4.9720
39.81	-4.9720
39.81	-4.9719
39.81	-4.9720
39.81	-4.9718
39.80	-4.9718
39.80	-4.9716
39.80	-4.9717
39.80	-4.9714
39.80	-4.9714
39.79	-4.9714
39.79	-4.9714
39.78	-4.9713
39.78	-4.9712
39.78	-4.9712
39.77	-4.9711
39.77	-4.9711
39.77	-4.9709
39.77	-4.9708
39.77	-4.9708
39.77	-4.9706
39.77	-4.9707
39.76	-4.9706
39.76	-4.9706
39.76	-4.9705
39.76	-4.9703
39.75	-4.9700
39.75	-4.9702
39.75	-4.9701
39.74	-4.9698
39.74	-4.9696
39.74	-4.9694
39.73	-4.9695
39.73	-4.9694
39.73	-4.9694
39.73	-4.9692
39.72	-4.9691
39.72	-4.9690
39.72	-4.9687
39.72	-4.9687
39.72	-4.9687
39.71	-4.9685
39.71	-4.9685
39.71	-4.9683
39.70	-4.9683
39.70	-4.9681
39.70	-4.9680
39.70	-4.9680
39.70	-4.9679
39.69	-4.9679
39.69	-4.9677
39.69	-4.9674
39.69	-4.9675
39.68	-4.9675
39.68	-4.9673
39.68	-4.9672
39.68	-4.9672
39.67	-4.9673
39.67	-4.9672
39.67	-4.9670
39.67	-4.9668
39.66	-4.9667
39.66	-4.9669
39.66	-4.9667
39.65	-4.9667
39.65	-4.9663
39.65	-4.9661
39.65	-4.9660
39.65	-4.9662
39.64	-4.9659
39.64	-4.9658
39.64	-4.9658
39.64	-4.9656
39.64	-4.9656
39.64	-4.9655
39.63	-4.9652
39.63	-4.9653
39.63	-4.9650
39.62	-4.9650
39.62	-4.9648
39.61	-4.9646
39.61	-4.9646
39.61	-4.9645
39.61	-4.9646
39.61	-4.9643
39.61	-4.9642
39.60	-4.9640
39.60	-4.9637
39.59	-4.9637
39.59	-4.9636
39.59	-4.9638
39.59	-4.9635
39.59	-4.9635
39.59	-4.9633
39.58	-4.9633
39.58	-4.9632
39.58	-4.9632
39.58	-4.9631
39.57	-4.9629
39.57	-4.9626
39.56	-4.9625
39.56	-4.9623
39.56	-4.9623
39.55	-4.9624
39.56	-4.9623
39.55	-4.9623
39.55	-4.9621
39.55	-4.9621
39.55	-4.9620
39.55	-4.9619
39.54	-4.9618
39.54	-4.9617
39.54	-4.9617
39.54	-4.9613
39.53	-4.9615
39.53	-4.9614
39.52	-4.9611
39.52	-4.9609
39.52	-4.9610
39.52	-4.9609
39.51	-4.9608
39.51	-4.9608
39.51	-4.9606
39.51	-4.9605
39.50	-4.9603
39.50	-4.9603
39.50	-4.9601
39.50	-4.9602
39.50	-4.9600
39.49	-4.9600
39.49	-4.9599
39.49	-4.9596
39.49	-4.9597
39.49	-4.9596
39.48	-4.9594
39.48	-4.9592
39.48	-4.9592
39.48	-4.9591
39.47	-4.9589
39.47	-4.9586
39.47	-4.9587
39.46	-4.9583
39.46	-4.9582
39.46	-4.9582
39.46	-4.9583
39.46	-4.9580
39.46	-4.9579
39.45	-4.9578
39.45	-4.9577
39.45	-4.9575
39.45	-4.9576
39.44	-4.9574
39.44	-4.9572
39.44	-4.9572
39.44	-4.9569
39.43	-4.9568
39.43	-4.9568
39.43	-4.9568
39.43	-4.9564
39.43	-4.9563
39.42	-4.9562
39.42	-4.9561
39.42	-4.9560
39.41	-4.9558
39.41	-4.9558
39.40	-4.9554
39.40	-4.9554
39.40	-4.9552
39.40	-4.9550
39.40	-4.9550
39.40	-4.9550
39.40	-4.9550
39.39	-4.9547
39.39	-4.9547
39.38	-4.9545
39.38	-4.9544
39.38	-4.9544
39.38	-4.9543
39.38	-4.9541
39.38	-4.9541
39.38	-4.9540
39.37	-4.9539
39.37	-4.9538
39.37	-4.9536
39.36	-4.9534
39.36	-4.9534
39.36	-4.9532
39.35	-4.9531
39.35	-4.9531
39.35	-4.9528
39.35	-4.9530
39.34	-4.9528
39.34	-4.9525
39.34	-4.9526
39.34	-4.9524
39.33	-4.9523
39.33	-4.9523
39.33	-4.9520
39.33	-4.9520
39.33	-4.9520
39.33	-4.9518
39.32	-4.9516
39.32	-4.9515
39.32	-4.9515
39.31	-4.9514
39.31	-4.9512
39.30	-4.9512
39.30	-4.9511
39.30	-4.9508
39.30	-4.9508
39.30	-4.9505
39.30	-4.9505
39.29	-4.9504
39.29	-4.9502
39.29	-4.9503
39.28	-4.9502
39.28	-4.9499
39.28	-4.9500
39.27	-4.9497
39.27	-4.9496
39.27	-4.9495
39.27	-4.9494
39.27	-4.9493
39.27	-4.9492
39.26	-4.9490
39.26	-4.9488
39.26	-4.9489
39.25	-4.9487
39.25	-4.9486
39.25	-4.9486
39.24	-4.9484
39.24	-4.9481
39.24	-4.9483
39.24	-4.9480
39.24	-4.9479
39.23	-4.9478
39.23	-4.9478
39.23	-4.9474
39.23	-4.9475
39.23	-4.9474
39.22	-4.9475
39.22	-4.9473
39.22	-4.9470
39.22	-4.9469
39.22	-4.9469
39.22	-4.9468
39.21	-4.9466
39.21	-4.9464
39.20	-4.9464
39.20	-4.9462
39.20	-4.9462
39.19	-4.9460
39.19	-4.9457
39.19	-4.9457
39.18	-4.9458
39.18	-4.9457
39.18	-4.9454
39.18	-4.9454
39.17	-4.9453
39.17	-4.9451
39.17	-4.9452
39.17	-4.9449
39.17	-4.9448
39.16	-4.9447
39.16	-4.9446
39.16	-4.9445
39.15	-4.9443
39.15	-4.9440
39.15	-4.9440
39.15	-4.9439
39.14	-4.9438
39.14	-4.9438
39.14	-4.9434
39.14	-4.9435
39.14	-4.9433
39.13	-4.9433
39.13	-4.9431
39.13	-4.9431
39.13	-4.9428
39.13	-4.9429
39.12	-4.9428
39.12	-4.9425
39.12	-4.9425
39.12	-4.9423
39.12	-4.9424
39.11	-4.9423
39.11	-4.9421
39.11	-4.9420
39.10	-4.9418
39.10	-4.9417
39.09	-4.9417
39.09	-4.9418
39.09	-4.9417
39.09	-4.9415
39.09	-4.9415
39.09	-4.9411
39.08	-4.9410
39.08	-4.9411
39.08	-4.9409
39.08	-4.9410
39.08	-4.9409
39.07	-4.9407
39.07	-4.9406
39.06	-4.9406
39.06	-4.9403
39.06	-4.9402
39.06	-4.9401
39.06	-4.9399
39.05	-4.9398
39.05	-4.9399
39.05	-4.9396
39.04	-4.9395
39.04	-4.9395
39.04	-4.9393
39.04	-4.9391
39.04	-4.9390
39.03	-4.9391
39.03	-4.9389
39.03	-4.9389
39.02	-4.9387
39.02	-4.9386
39.02	-4.9384
39.02	-4.9383
39.02	-4.9381
39.01	-4.9382
39.01	-4.9382
39.00	-4.9379
39.00	-4.9380
39.00	-4.9378
38.99	-4.9377
38.99	-4.9377
38.99	-4.9376
38.99	-4.9375
38.99	-4.9373
38.99	-4.9373
38.99	-4.9370
38.98	-4.9369
38.98	-4.9369
38.98	-4.9369
38.98	-4.9367
38.97	-4.9367
38.97	-4.9364
38.97	-4.9364
38.96	-4.9363
38.96	-4.9361
38.96	-4.9359
38.96	-4.9361
38.95	-4.9359
38.95	-4.9358
38.95	-4.9357
38.94	-4.9355
38.94	-4.9354
38.94	-4.9352
38.94	-4.9353
38.94	-4.9351
38.93	-4.9351
38.93	-4.9349
38.93	-4.9348
38.93	-4.9350
38.92	-4.9348
38.92	-4.9349
38.92	-4.9347
38.92	-4.9345
38.92	-4.9345
38.91	-4.9343
38.91	-4.9344
38.91	-4.9342
38.91	-4.9338
38.90	-4.9340
38.90	-4.9339
38.90	-4.9338
38.90	-4.9336
38.90	-4.9337
38.89	-4.9333
38.89	-4.9333
38.89	-4.9331
38.88	-4.9332
38.88	-4.9331
38.88	-4.9329
38.88	-4.9328
38.88	-4.9328
38.87	-4.9327
38.87	-4.9326
38.87	-4.9326
38.87	-4.9325
38.86	-4.9324
38.86	-4.9322
38.86	-4.9322
38.85	-4.9322
38.85	-4.9320
38.84	-4.9319
38.84	-4.9318
38.84	-4.9320
38.84	-4.9320
38.84	-4.9317
38.84	-4.9317
38.83	-4.9317
38.83	-4.9317
38.83	-4.9314
38.83	-4.9315
38.82	-4.9313
38.82	-4.9314
38.82	-4.9313
38.82	-4.9311
38.81	-4.9312
38.81	-4.9308
38.81	-4.9308
38.80	-4.9308
38.80	-4.9306
38.80	-4.9305
38.80	-4.9306
38.80	-4.9305
38.79	-4.9305
38.79	-4.9300
38.79	-4.9298
38.78	-4.9298
38.78	-4.9297
38.78	-4.9299
38.78	-4.9296
38.78	-4.9296
38.77	-4.9295
38.77	-4.9295
38.77	-4.9294
38.77	-4.9292
38.77	-4.9291
38.76	-4.9291
38.76	-4.9290
38.76	-4.9289
38.75	-4.9288
38.75	-4.9285
38.75	-4.9285
38.74	-4.9288
38.74	-4.9285
38.74	-4.9284
38.74	-4.9284
38.74	-4.9280
38.73	-4.9280
38.73	-4.9283
38.73	-4.9281
38.73	-4.9279
38.72	-4.9282
38.72	-4.9281
38.72	-4.9278
38.72	-4.9278
38.71	-4.9276
38.71	-4.9274
38.71	-4.9275
38.70	-4.9273
38.70	-4.9272
38.70	-4.9273
38.70	-4.9272
38.70	-4.9270
38.69	-4.9268
38.69	-4.9267
38.69	-4.9267
38.69	-4.9264
38.69	-4.9264
38.68	-4.9262
38.68	-4.9264
38.68	-4.9261
38.67	-4.9260
38.67	-4.9259
38.67	-4.9259
38.66	-4.9258
38.66	-4.9256
38.66	-4.9253
38.66	-4.9254
38.65	-4.9252
38.65	-4.9252
38.65	-4.9252
38.65	-4.9252
38.65	-4.9251
38.65	-4.9250
38.65	-4.9247
38.64	-4.9246
38.64	-4.9244
38.64	-4.9245
38.63	-4.9244
38.63	-4.9243
38.63	-4.9241
38.63	-4.9240
38.63	-4.9240
38.62	-4.9239
38.62	-4.9239
38.61	-4.9237
38.61	-4.9236
38.60	-4.9236
38.60	-4.9236
38.60	-4.9233
38.60	-4.9233
38.59	-4.9232
38.59	-4.9230
38.59	-4.9230
38.59	-4.9228
38.59	-4.9227
38.59	-4.9228
38.58	-4.9226
38.58	-4.9227
38.58	-4.9225
38.58	-4.9222
38.58	-4.9222
38.58	-4.9220
38.57	-4.9218
38.57	-4.9217
38.57	-4.9216
38.57	-4.9213
38.57	-4.9211
38.56	-4.9210
38.56	-4.9210
38.55	-4.9208
38.55	-4.9206
38.55	-4.9205
38.55	-4.9204
38.55	-4.9203
38.55	-4.9201
38.54	-4.9201
38.54	-4.9200
38.53	-4.9197
38.53	-4.9196
38.53	-4.9197
38.53	-4.9195
38.53	-4.9191
38.52	-4.9190
38.52	-4.9189
38.52	-4.9188
38.51	-4.9188
38.51	-4.9185
38.51	-4.9185
38.51	-4.9184
38.51	-4.9183
38.50	-4.9185
38.50	-4.9184
38.49	-4.9181
38.49	-4.9179
38.49	-4.9179
38.49	-4.9178
38.49	-4.9178
38.49	-4.9175
38.48	-4.9176
38.48	-4.9178
38.48	-4.9175
38.48	-4.9175
38.48	-4.9175
38.48	-4.9171
38.48	-4.9171
38.48	-4.9172
38.47	-4.9171
38.46	-4.9169
38.46	-4.9170
38.46	-4.9168
38.45	-4.9166
38.45	-4.9166
38.45	-4.9166
38.45	-4.9166
38.44	-4.9165
38.44	-4.9166
38.43	-4.9164
38.43	-4.9164
38.43	-4.9163
38.43	-4.9161
38.43	-4.9163
38.42	-4.9161
38.42	-4.9158
38.42	-4.9159
38.42	-4.9156
38.42	-4.9157
38.42	-4.9158
38.42	-4.9157
38.41	-4.9157
38.41	-4.9156
38.40	-4.9155
38.40	-4.9153
38.40	-4.9155
38.40	-4.9154
38.39	-4.9154
38.39	-4.9151
38.38	-4.9151
38.38	-4.9150
38.38	-4.9149
38.38	-4.9150
38.38	-4.9149
38.37	-4.9148
38.37	-4.9149
38.37	-4.9148
38.37	-4.9149
38.37	-4.9146
38.36	-4.9147
38.36	-4.9144
38.36	-4.9144
38.36	-4.9144
38.35	-4.9143
38.35	-4.9142
38.35	-4.9142
38.35	-4.9142
38.34	-4.9141
38.34	-4.9141
38.34	-4.9141
38.34	-4.9141
38.33	-4.9138
38.33	-4.9137
38.33	-4.9138
38.33	-4.9137
38.32	-4.9137
38.32	-4.9137
38.31	-4.9136
38.31	-4.9135
38.31	-4.9137
38.30	-4.9131
38.30	-4.9134
38.30	-4.9131
38.30	-4.9132
38.30	-4.9135
38.30	-4.9132
38.30	-4.9130
38.29	-4.9129
38.29	-4.9129
38.29	-4.9128
38.29	-4.9127
38.29	-4.9126
38.28	-4.9126
38.28	-4.9126
38.27	-4.9125
38.27	-4.9125
38.27	-4.9126
38.27	-4.9124
38.27	-4.9124
38.26	-4.9124
38.26	-4.9123
38.26	-4.9123
38.25	-4.9122
38.24	-4.9122
38.24	-4.9122
38.24	-4.9120
38.24	-4.9121
38.24	-4.9120
38.24	-4.9120
38.23	-4.9119
38.23	-4.9118
38.23	-4.9120
38.23	-4.9117
38.23	-4.9118
38.23	-4.9117
38.23	-4.9112
38.23	-4.9113
38.22	-4.9115
38.22	-4.9113
38.22	-4.9113
38.21	-4.9112
38.21	-4.9112
38.21	-4.9110
38.20	-4.9109
38.20	-4.9107
38.20	-4.9110
38.20	-4.9108
38.20	-4.9106
38.20	-4.9105
38.20	-4.9105
38.19	-4.9106
38.19	-4.9105
38.18	-4.9105
38.18	-4.9102
38.18	-4.9103
38.17	-4.9101
38.17	-4.9102
38.17	-4.9101
38.17	-4.9100
38.17	-4.9098
38.16	-4.9099
38.15	-4.9098
38.15	-4.9098
38.15	-4.9096
38.15	-4.9096
38.14	-4.9095
38.14	-4.9096
38.14	-4.9092
38.14	-4.9095
38.14	-4.9092
38.14	-4.9091
38.13	-4.9090
38.13	-4.9090
38.13	-4.9090
38.13	-4.9090
38.13	-4.9090
38.13	-4.9087
38.13	-4.9087
38.12	-4.9086
38.12	-4.9086
38.12	-4.9085
38.11	-4.9086
38.11	-4.9083
38.10	-4.9083
38.10	-4.9081
38.09	-4.9083
38.09	-4.9081
38.09	-4.9080
38.09	-4.9081
38.09	-4.9078
38.08	-4.9078
38.08	-4.9077
38.08	-4.9075
38.08	-4.9075
38.08	-4.9073
38.08	-4.9071
38.07	-4.9072
38.07	-4.9070
38.07	-4.9070
38.07	-4.9069
38.06	-4.9068
38.06	-4.9068
38.05	-4.9065
38.05	-4.9065
38.05	-4.9063
38.05	-4.9065
38.05	-4.9064
38.05	-4.9063
38.04	-4.9062
38.04	-4.9061
38.04	-4.9059
38.03	-4.9058
38.03	-4.9058
38.03	-4.9057
38.02	-4.9057
38.02	-4.9056
38.02	-4.9053
38.02	-4.9053
38.01	-4.9052
38.01	-4.9052
38.01	-4.9049
38.00	-4.9048
38.00	-4.9048
38.00	-4.9048
38.00	-4.9046
38.00	-4.9045
37.99	-4.9044
37.99	-4.9042
37.99	-4.9041
37.99	-4.9042
37.99	-4.9039
37.99	-4.9039
37.98	-4.9037
37.98	-4.9037
37.98	-4.9035
37.98	-4.9033
37.98	-4.9032
37.98	-4.9031
37.97	-4.9030
37.96	-4.9032
37.96	-4.9029
37.96	-4.9029
37.95	-4.9027
37.95	-4.9027
37.95	-4.9026
37.95	-4.9023
37.94	-4.9024
37.94	-4.9021
37.94	-4.9022
37.93	-4.9021
37.93	-4.9018
37.93	-4.9016
37.93	-4.9016
37.93	-4.9017
37.93	-4.9016
37.93	-4.9016
37.93	-4.9013
37.92	-4.9012
37.92	-4.9013
37.92	-4.9013
37.91	-4.9010
37.90	-4.9010
37.90	-4.9008
37.90	-4.9009
37.90	-4.9007
37.90	-4.9007
37.90	-4.9006
37.89	-4.9005
37.89	-4.9005
37.89	-4.9003
37.88	-4.9002
37.88	-4.9003
37.88	-4.9001
37.88	-4.8997
37.88	-4.8997
37.88	-4.8997
37.87	-4.8995
37.87	-4.8996
37.87	-4.8994
37.87	-4.8994
37.86	-4.8992
37.86	-4.8991
37.85	-4.8989
37.85	-4.8989
37.85	-4.8987
37.85	-4.8987
37.84	-4.8985
37.85	-4.8984
37.84	-4.8982
37.84	-4.8979
37.84	-4.8981
37.83	-4.8980
37.83	-4.8979
37.83	-4.8977
37.83	-4.8976
37.83	-4.8974
37.82	-4.8975
37.82	-4.8972
37.82	-4.8971
37.81	-4.8970
37.81	-4.8970
37.81	-4.8968
37.81	-4.8966
37.80	-4.8966
37.80	-4.8963
37.79	-4.8960
37.80	-4.8959
37.79	-4.8960
37.79	-4.8958
37.79	-4.8957
37.78	-4.8955
37.78	-4.8955
37.78	-4.8953
37.78	-4.8954
37.77	-4.8953
37.77	-4.8951
37.77	-4.8951
37.77	-4.8949
37.77	-4.8946
37.77	-4.8948
37.76	-4.8946
37.76	-4.8944
37.76	-4.8944
37.76	-4.8942
37.75	-4.8941
37.75	-4.8941
37.74	-4.8940
37.74	-4.8939
37.74	-4.8937
37.74	-4.8938
37.73	-4.8936
37.73	-4.8935
37.73	-4.8934
37.73	-4.8933
37.73	-4.8932
37.72	-4.8931
37.72	-4.8928
37.72	-4.8928
37.72	-4.8926
37.71	-4.8924
37.71	-4.8921
37.71	-4.8920
37.71	-4.8921
37.70	-4.8921
37.70	-4.8920
37.70	-4.8917
37.70	-4.8915
37.69	-4.8917
37.69	-4.8915
37.69	-4.8915
37.69	-4.8912
37.69	-4.8913
37.68	-4.8911
37.68	-4.8912
37.68	-4.8908
37.68	-4.8908
37.68	-4.8905
37.67	-4.8904
37.67	-4.8906
37.67	-4.8902
37.67	-4.8901
37.66	-4.8899
37.66	-4.8899
37.66	-4.8898
37.65	-4.8897
37.65	-4.8896
37.65	-4.8895
37.65	-4.8896
37.65	-4.8893
37.65	-4.8892
37.64	-4.8892
37.64	-4.8888
37.63	-4.8887
37.63	-4.8887
37.63	-4.8884
37.63	-4.8885
37.63	-4.8883
37.63	-4.8883
37.63	-4.8882
37.62	-4.8881
37.62	-4.8880
37.62	-4.8878
37.61	-4.8878
37.61	-4.8876
37.60	-4.8874
37.60	-4.8874
37.60	-4.8872
37.60	-4.8873
37.59	-4.8870
37.59	-4.8871
37.59	-4.8869
37.59	-4.8866
37.58	-4.8867
37.58	-4.8868
37.58	-4.8864
37.58	-4.8863
37.58	-4.8862
37.57	-4.8861
37.57	-4.8860
37.57	-4.8860
37.56	-4.8859
37.56	-4.8858
37.56	-4.8856
37.56	-4.8854
37.55	-4.8854
37.55	-4.8850
37.55	-4.8850
37.55	-4.8849
37.54	-4.8847
37.54	-4.8845
37.54	-4.8846
37.53	-4.8844
37.53	-4.8843
37.53	-4.8843
37.53	-4.8841
37.52	-4.8839
37.52	-4.8839
37.52	-4.8839
37.52	-4.8838
37.51	-4.8837
37.51	-4.8833
37.51	-4.8834
37.51	-4.8832
37.51	-4.8833
37.50	-4.8830
37.50	-4.8829
37.50	-4.8829
37.50	-4.8826
37.50	-4.8828
37.49	-4.8827
37.49	-4.8825
37.49	-4.8824
37.48	-4.8825
37.48	-4.8821
37.49	-4.8822
37.49	-4.8822
37.48	-4.8819
37.48	-4.8819
37.48	-4.8819
37.48	-4.8819
37.47	-4.8818
37.46	-4.8817
37.46	-4.8816
37.46	-4.8815
37.45	-4.8814
37.45	-4.8813
37.45	-4.8811
37.45	-4.8812
37.45	-4.8811
37.45	-4.8809
37.44	-4.8806
37.44	-4.8808
37.43	-4.8807
37.43	-4.8805
37.43	-4.8805
37.43	-4.8803
37.43	-4.8801
37.43	-4.8803
37.43	-4.8801
37.42	-4.8799
37.42	-4.8800
37.42	-4.8798
37.41	-4.8798
37.41	-4.8794
37.41	-4.8794
37.40	-4.8794
37.40	-4.8794
37.40	-4.8792
37.40	-4.8793
37.40	-4.8790
37.39	-4.8787
37.39	-4.8791
37.38	-4.8789
37.38	-4.8789
37.38	-4.8788
37.38	-4.8784
37.38	-4.8785
37.38	-4.8783
37.37	-4.8783
37.37	-4.8784
37.37	-4.8783
37.36	-4.8783
37.36	-4.8778
37.36	-4.8779
37.36	-4.8778
37.35	-4.8777
37.35	-4.8777
37.35	-4.8774
37.35	-4.8774
37.34	-4.8774
37.34	-4.8773
37.34	-4.8772
37.34	-4.8771
37.34	-4.8771
37.34	-4.8768
37.34	-4.8768
37.33	-4.8766
37.33	-4.8765
37.32	-4.8764
37.32	-4.8763
37.32	-4.8762
37.32	-4.8761
37.31	-4.8759
37.31	-4.8759
37.31	-4.8757
37.30	-4.8756
37.30	-4.8755
37.30	-4.8753
37.30	-4.8750
37.29	-4.8749
37.29	-4.8749
37.29	-4.8749
37.29	-4.8746
37.29	-4.8746
37.29	-4.8745
37.28	-4.8745
37.28	-4.8743
37.27	-4.8741
37.27	-4.8739
37.27	-4.8739
37.27	-4.8736
37.26	-4.8738
37.26	-4.8735
37.25	-4.8734
37.25	-4.8732
37.24	-4.8734
37.24	-4.8732
37.24	-4.8731
37.24	-4.8732
37.24	-4.8730
37.24	-4.8730
37.23	-4.8730
37.23	-4.8729
37.23	-4.8728
37.23	-4.8726
37.23	-4.8725
37.23	-4.8724
37.23	-4.8723
37.23	-4.8722
37.22	-4.8721
37.22	-4.8721
37.22	-4.8721
37.21	-4.8718
37.21	-4.8717
37.21	-4.8717
37.21	-4.8716
37.21	-4.8715
37.20	-4.8714
37.20	-4.8715
37.20	-4.8712
37.19	-4.8714
37.19	-4.8711
37.19	-4.8707
37.19	-4.8706
37.19	-4.8706
37.18	-4.8704
37.18	-4.8704
37.18	-4.8702
37.17	-4.8702
37.17	-4.8700
37.17	-4.8699
37.16	-4.8698
37.16	-4.8697
37.16	-4.8696
37.16	-4.8694
37.15	-4.8693
37.15	-4.8693
37.15	-4.8693
37.15	-4.8692
37.14	-4.8691
37.14	-4.8691
37.14	-4.8691
37.13	-4.8689
37.13	-4.8688
37.13	-4.8688
37.13	-4.8686
37.13	-4.8686
37.12	-4.8684
37.12	-4.8683
37.11	-4.8684
37.11	-4.8683
37.11	-4.8681
37.11	-4.8682
37.11	-4.8680
37.11	-4.8680
37.10	-4.8679
37.10	-4.8678
37.10	-4.8676
37.10	-4.8674
37.10	-4.8675
37.10	-4.8672
37.09	-4.8672
37.09	-4.8671
37.09	-4.8672
37.09	-4.8670
37.08	-4.8669
37.08	-4.8668
37.07	-4.8667
37.07	-4.8666
37.07	-4.8664
37.07	-4.8663
37.07	-4.8661
37.06	-4.8661
37.06	-4.8660
37.06	-4.8660
37.05	-4.8657
37.05	-4.8657
37.05	-4.8658
37.05	-4.8656
37.05	-4.8654
37.05	-4.8652
37.04	-4.8652
37.04	-4.8652
37.04	-4.8651
37.03	-4.8649
37.03	-4.8647
37.02	-4.8647
37.02	-4.8647
37.02	-4.8647
37.02	-4.8645
37.02	-4.8644
37.02	-4.8642
37.02	-4.8641
37.01	-4.8640
37.01	-4.8641
37.01	-4.8639
37.01	-4.8638
37.00	-4.8635
37.00	-4.8635
36.99	-4.8636
36.99	-4.8633
36.99	-4.8631
36.99	-4.8632
36.99	-4.8630
36.98	-4.8630
36.98	-4.8627
36.98	-4.8627
36.98	-4.8627
36.97	-4.8624
36.97	-4.8622
36.97	-4.8622
36.96	-4.8619
36.96	-4.8619
36.96	-4.8617
36.96	-4.8615
36.96	-4.8613
36.95	-4.8610
36.95	-4.8609
36.95	-4.8609
36.95	-4.8606
36.94	-4.8605
36.94	-4.8603
36.94	-4.8603
36.94	-4.8601
36.93	-4.8602
36.93	-4.8602
36.93	-4.8598
36.93	-4.8598
36.93	-4.8596
36.92	-4.8595
36.92	-4.8593
36.92	-4.8593
36.92	-4.8593
36.91	-4.8593
36.91	-4.8590
36.91	-4.8590
36.90	-4.8590
36.90	-4.8590
36.90	-4.8588
36.90	-4.8588
36.90	-4.8587
36.89	-4.8586
36.89	-4.8584
36.89	-4.8585
36.88	-4.8583
36.88	-4.8582
36.88	-4.8583
36.88	-4.8582
36.88	-4.8580
36.88	-4.8580
36.87	-4.8578
36.87	-4.8578
36.87	-4.8577
36.87	-4.8577
36.86	-4.8574
36.86	-4.8574
36.86	-4.8573
36.85	-4.8572
36.85	-4.8571
36.85	-4.8570
36.84	-4.8572
36.84	-4.8570
36.84	-4.8570
36.84	-4.8569
36.83	-4.8569
36.83	-4.8568
36.83	-4.8567
36.83	-4.8566
36.82	-4.8563
36.82	-4.8565
36.82	-4.8564
36.81	-4.8562
36.81	-4.8562
36.81	-4.8563
36.80	-4.8560
36.80	-4.8561
36.80	-4.8561
36.80	-4.8561
36.80	-4.8559
36.80	-4.8559
36.80	-4.8555
36.79	-4.8557
36.79	-4.8556
36.79	-4.8555
36.79	-4.8557
36.78	-4.8556
36.78	-4.8556
36.77	-4.8554
36.77	-4.8554
36.77	-4.8555
36.77	-4.8552
36.77	-4.8551
36.77	-4.8551
36.77	-4.8552
36.76	-4.8549
36.76	-4.8551
36.76	-4.8549
36.75	-4.8547
36.75	-4.8548
36.75	-4.8548
36.74	-4.8547
36.74	-4.8547
36.74	-4.8546
36.74	-4.8544
36.74	-4.8546
36.73	-4.8546
36.73	-4.8545
36.73	-4.8545
36.73	-4.8544
36.73	-4.8545
36.72	-4.8543
36.72	-4.8543
36.72	-4.8540
36.72	-4.8540
36.71	-4.8540
36.71	-4.8539
36.71	-4.8538
36.70	-4.8539
36.70	-4.8540
36.70	-4.8541
36.70	-4.8539
36.70	-4.8538
36.70	-4.8535
36.69	-4.8535
36.69	-4.8535
36.68	-4.8534
36.67	-4.8532
36.67	-4.8532
36.67	-4.8532
36.67	-4.8531
36.67	-4.8530
36.67	-4.8530
36.67	-4.8528
36.67	-4.8529
36.66	-4.8529
36.66	-4.8528
36.66	-4.8527
36.65	-4.8528
36.65	-4.8528
36.65	-4.8528
36.65	-4.8525
36.64	-4.8527
36.64	-4.8527
36.64	-4.8526
36.64	-4.8523
36.63	-4.8525
36.63	-4.8523
36.63	-4.8524
36.63	-4.8522
36.63	-4.8522
36.63	-4.8520
36.62	-4.8521
36.62	-4.8519
36.61	-4.8520
36.61	-4.8519
36.61	-4.8519
36.60	-4.8518
36.60	-4.8517
36.60	-4.8516
36.60	-4.8515
36.59	-4.8516
36.59	-4.8517
36.59	-4.8515
36.59	-4.8515
36.59	-4.8513
36.58	-4.8513
36.58	-4.8511
36.58	-4.8511
36.58	-4.8509
36.58	-4.8510
36.58	-4.8508
36.57	-4.8506
36.57	-4.8506
36.56	-4.8506
36.56	-4.8505
36.56	-4.8505
36.56	-4.8504
36.55	-4.8504
36.55	-4.8503
36.55	-4.8503
36.55	-4.8501
36.55	-4.8501
36.55	-4.8500
36.54	-4.8500
36.54	-4.8499
36.54	-4.8498
36.53	-4.8499
36.53	-4.8495
36.53	-4.8496
36.52	-4.8495
36.52	-4.8494
36.52	-4.8493
36.52	-4.8492
36.52	-4.8493
36.51	-4.8490
36.51	-4.8490
36.50	-4.8490
36.50	-4.8487
36.50	-4.8487
36.49	-4.8487
36.49	-4.8483
36.49	-4.8484
36.49	-4.8483
36.49	-4.8482
36.49	-4.8483
36.49	-4.8480
36.48	-4.8478
36.48	-4.8479
36.48	-4.8476
36.48	-4.8477
36.48	-4.8473
36.48	-4.8473
36.47	-4.8471
36.46	-4.8470
36.46	-4.8469
36.46	-4.8468
36.46	-4.8467
36.46	-4.8467
36.45	-4.8465
36.45	-4.8467
36.45	-4.8463
36.45	-4.8463
36.44	-4.8464
36.44	-4.8461
36.44	-4.8462
36.43	-4.8461
36.43	-4.8459
36.43	-4.8459
36.43	-4.8458
36.43	-4.8456
36.43	-4.8455
36.43	-4.8455
36.42	-4.8455
36.42	-4.8453
36.42	-4.8451
36.41	-4.8450
36.41	-4.8450
36.41	-4.8451
36.40	-4.8449
36.40	-4.8448
36.40	-4.8446
36.39	-4.8448
36.39	-4.8445
36.38	-4.8445
36.38	-4.8441
36.38	-4.8443
36.38	-4.8441
36.38	-4.8442
36.38	-4.8437
36.38	-4.8437
36.38	-4.8436
36.38	-4.8436
36.37	-4.8436
36.37	-4.8432
36.36	-4.8432
36.36	-4.8431
36.36	-4.8431
36.35	-4.8429
36.35	-4.8428
36.35	-4.8427
36.35	-4.8426
36.34	-4.8423
36.34	-4.8424
36.34	-4.8422
36.34	-4.8419
36.34	-4.8421
36.33	-4.8419
36.33	-4.8417
36.33	-4.8417
36.32	-4.8416
36.32	-4.8413
36.32	-4.8413
36.32	-4.8412
36.31	-4.8410
36.31	-4.8410
36.31	-4.8408
36.31	-4.8408
36.30	-4.8407
36.30	-4.8406
36.30	-4.8404
36.30	-4.8403
36.29	-4.8400
36.29	-4.8403
36.29	-4.8400
36.29	-4.8398
36.29	-4.8398
36.28	-4.8397
36.28	-4.8396
36.28	-4.8395
36.28	-4.8395
36.27	-4.8393
36.27	-4.8393
36.27	-4.8390
36.27	-4.8389
36.27	-4.8389
36.26	-4.8388
36.26	-4.8387
36.25	-4.8386
36.25	-4.8385
36.25	-4.8381
36.24	-4.8382
36.24	-4.8381
36.24	-4.8378
36.24	-4.8377
36.24	-4.8376
36.24	-4.8376
36.24	-4.8374
36.23	-4.8373
36.23	-4.8371
36.23	-4.8368
36.23	-4.8368
36.22	-4.8369
36.22	-4.8367
36.22	-4.8364
36.21	-4.8364
36.21	-4.8363
36.21	-4.8363
36.21	-4.8361
36.20	-4.8359
36.20	-4.8357
36.20	-4.8358
36.20	-4.8356
36.20	-4.8355
36.20	-4.8355
36.19	-4.8355
36.19	-4.8353
36.18	-4.8353
36.18	-4.8351
36.18	-4.8350
36.18	-4.8349
36.17	-4.8348
36.17	-4.8346
36.17	-4.8347
36.17	-4.8346
36.17	-4.8343
36.16	-4.8343
36.16	-4.8341
36.15	-4.8341
36.15	-4.8340
36.15	-4.8339
36.15	-4.8337
36.15	-4.8337
36.15	-4.8334
36.14	-4.8334
36.14	-4.8334
36.13	-4.8334
36.13	-4.8332
36.13	-4.8331
36.13	-4.8330
36.13	-4.8330
36.13	-4.8326
36.13	-4.8327
36.12	-4.8327
36.12	-4.8326
36.11	-4.8322
36.11	-4.8320
36.11	-4.8322
36.11	-4.8321
36.11	-4.8320
36.10	-4.8318
36.10	-4.8316
36.09	-4.8315
36.09	-4.8315
36.09	-4.8314
36.09	-4.8314
36.08	-4.8312
36.08	-4.8313
36.08	-4.8310
36.08	-4.8310
36.08	-4.8309
36.07	-4.8308
36.07	-4.8306
36.07	-4.8304
36.07	-4.8305
36.07	-4.8303
36.06	-4.8302
36.06	-4.8301
36.06	-4.8299
36.06	-4.8298
36.05	-4.8298
36.05	-4.8297
36.04	-4.8297
36.04	-4.8296
36.04	-4.8295
36.03	-4.8295
36.03	-4.8295
36.03	-4.8293
36.02	-4.8294
36.02	-4.8293
36.03	-4.8289
36.03	-4.8289
36.02	-4.8287
36.02	-4.8287
36.02	-4.8286
36.02	-4.8283
36.02	-4.8284
36.01	-4.8284
36.01	-4.8281
36.01	-4.8280
36.00	-4.8279
36.00	-4.8278
36.00	-4.8277
35.99	-4.8278
35.99	-4.8277
35.99	-4.8274
35.99	-4.8276
35.99	-4.8273
35.99	-4.8270
35.98	-4.8272
35.98	-4.8268
35.98	-4.8268
35.98	-4.8269
35.97	-4.8267
35.97	-4.8264
35.97	-4.8266
35.96	-4.8264
35.96	-4.8264
35.96	-4.8262
35.95	-4.8260
35.95	-4.8261
35.95	-4.8260
35.95	-4.8260
35.95	-4.8257
35.94	-4.8258
35.94	-4.8257
35.94	-4.8256
35.94	-4.8252
35.93	-4.8256
35.93	-4.8253
35.93	-4.8252
35.93	-4.8250
35.92	-4.8251
35.92	-4.8248
35.92	-4.8247
35.91	-4.8247
35.91	-4.8247
35.91	-4.8247
35.91	-4.8245
35.90	-4.8244
35.90	-4.8242
35.90	-4.8242
35.90	-4.8241
35.90	-4.8238
35.89	-4.8238
35.89	-4.8236
35.89	-4.8236
35.89	-4.8234
35.88	-4.8234
35.88	-4.8233
35.88	-4.8231
35.88	-4.8230
35.88	-4.8228
35.88	-4.8229
35.88	-4.8227
35.87	-4.8226
35.87	-4.8224
35.87	-4.8224
35.86	-4.8223
35.86	-4.8223
35.86	-4.8221
35.86	-4.8219
35.86	-4.8219
35.85	-4.8218
35.85	-4.8218
35.85	-4.8214
35.84	-4.8214
35.84	-4.8213
35.84	-4.8212
35.84	-4.8214
35.83	-4.8211
35.83	-4.8209
35.83	-4.8209
35.83	-4.8208
35.82	-4.8208
35.82	-4.8206
35.82	-4.8204
35.82	-4.8203
35.82	-4.8204
35.81	-4.8203
35.81	-4.8202
35.80	-4.8201
35.80	-4.8200
35.80	-4.8199
35.80	-4.8198
35.79	-4.8197
35.79	-4.8196
35.79	-4.8195
35.79	-4.8194
35.78	-4.8194
35.78	-4.8193
35.78	-4.8194
35.77	-4.8191
35.77	-4.8190
35.77	-4.8190
35.77	-4.8188
35.77	-4.8188
35.77	-4.8188
35.76	-4.8186
35.76	-4.8186
35.76	-4.8186
35.76	-4.8184
35.76	-4.8182
35.75	-4.8181
35.75	-4.8182
35.75	-4.8180
35.75	-4.8178
35.74	-4.8177
35.74	-4.8177
35.74	-4.8175
35.74	-4.8174
35.73	-4.8173
35.73	-4.8172
35.73	-4.8170
35.72	-4.8170
35.72	-4.8169
35.72	-4.8167
35.72	-4.8166
35.72	-4.8165
35.72	-4.8163
35.71	-4.8161
35.71	-4.8160
35.70	-4.8160
35.70	-4.8159
35.70	-4.8157
35.70	-4.8156
35.70	-4.8156
35.69	-4.8154
35.69	-4.8155
35.69	-4.8153
35.68	-4.8152
35.68	-4.8151
35.68	-4.8151
35.68	-4.8151
35.67	-4.8148
35.67	-4.8146
35.67	-4.8147
35.67	-4.8144
35.66	-4.8144
35.66	-4.8141
35.66	-4.8143
35.65	-4.8140
35.65	-4.8141
35.65	-4.8139
35.65	-4.8140
35.65	-4.8136
35.64	-4.8138
35.64	-4.8137
35.64	-4.8136
35.64	-4.8135
35.63	-4.8133
35.63	-4.8132
35.63	-4.8132
35.63	-4.8128
35.63	-4.8131
35.63	-4.8129
35.62	-4.8130
35.62	-4.8127
35.61	-4.8126
35.61	-4.8126
35.61	-4.8124
35.60	-4.8122
35.60	-4.8124
35.60	-4.8122
35.59	-4.8122
35.59	-4.8120
35.59	-4.8119
35.59	-4.8116
35.59	-4.8116
35.59	-4.8114
35.58	-4.8117
35.58	-4.8113
35.58	-4.8113
35.58	-4.8112
35.58	-4.8111
35.57	-4.8109
35.57	-4.8108
35.57	-4.8106
35.56	-4.8105
35.56	-4.8102
35.56	-4.8103
35.56	-4.8101
35.55	-4.8100
35.55	-4.8100
35.55	-4.8100
35.55	-4.8097
35.55	-4.8097
35.54	-4.8095
35.54	-4.8096
35.54	-4.8095
35.54	-4.8093
35.53	-4.8093
35.53	-4.8091
35.53	-4.8091
35.52	-4.8090
35.52	-4.8089
35.52	-4.8089
35.52	-4.8089
35.52	-4.8088
35.51	-4.8086
35.51	-4.8085
35.50	-4.8086
35.50	-4.8085
35.49	-4.8083
35.49	-4.8084
35.49	-4.8081
35.49	-4.8080
35.49	-4.8078
35.49	-4.8078
35.48	-4.8077
35.48	-4.8075
35.48	-4.8073
35.48	-4.8073
35.48	-4.8072
35.48	-4.8070
35.48	-4.8069
35.47	-4.8071
35.47	-4.8069
35.47	-4.8066
35.47	-4.8067
35.46	-4.8064
35.46	-4.8064
35.46	-4.8063
35.45	-4.8060
35.45	-4.8060
35.45	-4.8060
35.45	-4.8059
35.44	-4.8058
35.44	-4.8056
35.44	-4.8055
35.44	-4.8055
35.43	-4.8053
35.43	-4.8054
35.43	-4.8051
35.43	-4.8051
35.43	-4.8048
35.42	-4.8049
35.42	-4.8049
35.42	-4.8048
35.42	-4.8047
35.41	-4.8046
35.40	-4.8045
35.40	-4.8044
35.40	-4.8043
35.40	-4.8042
35.40	-4.8040
35.39	-4.8039
35.39	-4.8038
35.39	-4.8036
35.39	-4.8035
35.38	-4.8033
35.38	-4.8032
35.38	-4.8029
35.38	-4.8028
35.38	-4.8028
35.38	-4.8025
35.37	-4.8024
35.37	-4.8023
35.37	-4.8021
35.36	-4.8020
35.36	-4.8018
35.36	-4.8018
35.35	-4.8017
35.35	-4.8015
35.35	-4.8014
35.34	-4.8014
35.34	-4.8013
35.34	-4.8010
35.34	-4.8009
35.33	-4.8008
35.33	-4.8006
35.33	-4.8008
35.33	-4.8007
35.33	-4.8004
35.33	-4.8003
35.32	-4.8004
35.32	-4.8003
35.32	-4.8003
35.32	-4.8001
35.31	-4.8000
35.31	-4.7998
35.31	-4.7996
35.30	-4.7996
35.30	-4.7996
35.30	-4.7994
35.30	-4.7995
35.30	-4.7995
35.29	-4.7993
35.28	-4.7993
35.28	-4.7990
35.28	-4.7990
35.28	-4.7989
35.27	-4.7991
35.27	-4.7990
35.27	-4.7987
35.27	-4.7986
35.27	-4.7985
35.27	-4.7986
35.27	-4.7985
35.26	-4.7982
35.26	-4.7983
35.26	-4.7985
35.25	-4.7982
35.25	-4.7983
35.25	-4.7979
35.24	-4.7980
35.24	-4.7979
35.24	-4.7980
35.24	-4.7976
35.24	-4.7976
35.24	-4.7975
35.24	-4.7977
35.23	-4.7975
35.23	-4.7976
35.23	-4.7973
35.23	-4.7975
35.22	-4.7973
35.22	-4.7974
35.22	-4.7973
35.21	-4.7975
35.21	-4.7973
35.21	-4.7971
35.21	-4.7971
35.20	-4.7970
35.20	-4.7971
35.20	-4.7970
35.20	-4.7969
35.19	-4.7969
35.19	-4.7969
35.19	-4.7965
35.18	-4.7965
35.18	-4.7966
35.18	-4.7965
35.18	-4.7966
35.18	-4.7964
35.18	-4.7964
35.18	-4.7963
35.18	-4.7960
35.17	-4.7960
35.17	-4.7961
35.17	-4.7961
35.16	-4.7958
35.16	-4.7959
35.15	-4.7958
35.15	-4.7958
35.15	-4.7957
35.14	-4.7957
35.14	-4.7956
35.14	-4.7954
35.14	-4.7956
35.14	-4.7954
35.13	-4.7953
35.13	-4.7954
35.13	-4.7953
35.13	-4.7952
35.13	-4.7951
35.12	-4.7951
35.12	-4.7951
35.11	-4.7951
35.11	-4.7949
35.11	-4.7948
35.11	-4.7949
35.11	-4.7946
35.10	-4.7945
35.10	-4.7945
35.10	-4.7943
35.09	-4.7943
35.09	-4.7942
35.09	-4.7941
35.09	-4.7941
35.09	-4.7940
35.09	-4.7940
35.09	-4.7939
35.08	-4.7938
35.08	-4.7937
35.08	-4.7939
35.08	-4.7939
35.07	-4.7939
35.07	-4.7937
35.07	-4.7936
35.06	-4.7933
35.06	-4.7933
35.05	-4.7931
35.05	-4.7934
35.05	-4.7931
35.05	-4.7934
35.05	-4.7932
35.05	-4.7930
35.04	-4.7930
35.04	-4.7929
35.04	-4.7928
35.03	-4.7926
35.03	-4.7929
35.03	-4.7928
35.03	-4.7927
35.03	-4.7927
35.02	-4.7925
35.02	-4.7925
35.02	-4.7924
35.01	-4.7923
35.01	-4.7926
35.01	-4.7925
35.00	-4.7922
35.00	-4.7922
35.00	-4.7923
35.00	-4.7920
35.00	-4.7921
34.99	-4.7922
34.99	-4.7921
34.99	-4.7919
34.99	-4.7917
34.99	-4.7917
34.98	-4.7916
34.98	-4.7916
34.98	-4.7915
34.98	-4.7915
34.98	-4.7913
34.97	-4.7913
34.97	-4.7912
34.97	-4.7911
34.96	-4.7909
34.96	-4.7911
34.96	-4.7911
34.96	-4.7909
34.96	-4.7908
34.95	-4.7908
34.95	-4.7907
34.95	-4.7908
34.95	-4.7904
34.94	-4.7904
34.94	-4.7904
34.93	-4.7904
34.93	-4.7902
34.93	-4.7903
34.93	-4.7902
34.93	-4.7901
34.93	-4.7901
34.93	-4.7900
34.92	-4.7899
34.92	-4.7899
34.92	-4.7897
34.91	-4.7895
34.91	-4.7895
34.91	-4.7894
34.90	-4.7894
34.90	-4.7893
34.90	-4.7891
34.90	-4.7891
34.89	-4.7890
34.89	-4.7888
34.89	-4.7889
34.88	-4.7888
34.88	-4.7888
34.88	-4.7888
34.88	-4.7886
34.88	-4.7885
34.88	-4.7885
34.87	-4.7883
34.87	-4.7883
34.87	-4.7882
34.87	-4.7881
34.87	-4.7881
34.87	-4.7881
34.86	-4.7879
34.86	-4.7878
34.86	-4.7878
34.85	-4.7877
34.85	-4.7877
34.85	-4.7876
34.84	-4.7874
34.84	-4.7874
34.84	-4.7871
34.84	-4.7871
34.83	-4.7869
34.83	-4.7869
34.83	-4.7869
34.83	-4.7865
34.83	-4.7866
34.82	-4.7866
34.82	-4.7863
34.82	-4.7864
34.81	-4.7862
34.81	-4.7860
34.81	-4.7859
34.81	-4.7860
34.81	-4.7860
34.80	-4.7858
34.80	-4.7857
34.80	-4.7856
34.80	-4.7854
34.80	-4.7853
34.79	-4.7852
34.79	-4.7851
34.79	-4.7850
34.78	-4.7850
34.78	-4.7848
34.78	-4.7849
34.77	-4.7848
34.77	-4.7846
34.77	-4.7844
34.76	-4.7845
34.77	-4.7842
34.76	-4.7843
34.76	-4.7843
34.75	-4.7840
34.75	-4.7838
34.75	-4.7839
34.75	-4.7835
34.74	-4.7835
34.74	-4.7832
34.74	-4.7834
34.74	-4.7834
34.74	-4.7831
34.73	-4.7829
34.73	-4.7829
34.73	-4.7828
34.73	-4.7828
34.73	-4.7827
34.72	-4.7825
34.72	-4.7824
34.71	-4.7824
34.71	-4.7824
34.71	-4.7821
34.71	-4.7821
34.71	-4.7820
34.70	-4.7820
34.70	-4.7819
34.70	-4.7818
34.70	-4.7815
34.69	-4.7815
34.68	-4.7814
34.68	-4.7813
34.69	-4.7811
34.68	-4.7810
34.68	-4.7810
34.68	-4.7808
34.68	-4.7807
34.67	-4.7805
34.67	-4.7804
34.66	-4.7804
34.66	-4.7803
34.66	-4.7802
34.66	-4.7799
34.66	-4.7802
34.66	-4.7798
34.65	-4.7795
34.65	-4.7794
34.65	-4.7793
34.65	-4.7794
34.65	-4.7791
34.65	-4.7792
34.64	-4.7789
34.64	-4.7788
34.63	-4.7787
34.63	-4.7785
34.63	-4.7785
34.62	-4.7784
34.62	-4.7783
34.62	-4.7782
34.62	-4.7783
34.62	-4.7780
34.61	-4.7779
34.61	-4.7776
34.61	-4.7778
34.60	-4.7777
34.60	-4.7776
34.60	-4.7774
34.60	-4.7773
34.59	-4.7769
34.59	-4.7770
34.59	-4.7770
34.59	-4.7768
34.59	-4.7768
34.59	-4.7769
34.58	-4.7767
34.58	-4.7763
34.58	-4.7763
34.57	-4.7764
34.57	-4.7762
34.57	-4.7763
34.56	-4.7760
34.56	-4.7760
34.56	-4.7758
34.55	-4.7755
34.55	-4.7753
34.55	-4.7754
34.55	-4.7752
34.55	-4.7751
34.54	-4.7750
34.54	-4.7751
34.54	-4.7748
34.53	-4.7746
34.53	-4.7746
34.53	-4.7744
34.53	-4.7743
34.53	-4.7744
34.52	-4.7740
34.52	-4.7739
34.52	-4.7736
34.52	-4.7735
34.52	-4.7735
34.51	-4.7735
34.51	-4.7733
34.51	-4.7733
34.50	-4.7732
34.50	-4.7732
34.50	-4.7730
34.49	-4.7728
34.49	-4.7728
34.49	-4.7724
34.49	-4.7724
34.49	-4.7723
34.49	-4.7723
34.48	-4.7722
34.48	-4.7721
34.48	-4.7721
34.48	-4.7719
34.48	-4.7717
34.48	-4.7716
34.47	-4.7716
34.47	-4.7714
34.47	-4.7713
34.46	-4.7712
34.46	-4.7710
34.45	-4.7708
34.45	-4.7709
34.45	-4.7709
34.45	-4.7706
34.45	-4.7705
34.45	-4.7702
34.44	-4.7703
34.44	-4.7703
34.44	-4.7702
34.44	-4.7702
34.44	-4.7701
34.44	-4.7701
34.43	-4.7700
34.43	-4.7698
34.42	-4.7698
34.42	-4.7696
34.42	-4.7697
34.41	-4.7693
34.41	-4.7693
34.41	-4.7694
34.41	-4.7691
34.40	-4.7690
34.41	-4.7689
34.40	-4.7688
34.40	-4.7685
34.40	-4.7683
34.39	-4.7683
34.39	-4.7680
34.39	-4.7681
34.38	-4.7680
34.38	-4.7678
34.38	-4.7679
34.38	-4.7678
34.38	-4.7677
34.38	-4.7674
34.37	-4.7672
34.37	-4.7673
34.36	-4.7671
34.36	-4.7670
34.36	-4.7670
34.36	-4.7668
34.35	-4.7668
34.36	-4.7666
34.35	-4.7666
34.35	-4.7665
34.34	-4.7663
34.34	-4.7661
34.34	-4.7661
34.34	-4.7661
34.34	-4.7660
34.33	-4.7658
34.33	-4.7657
34.33	-4.7656
34.33	-4.7656
34.33	-4.7656
34.33	-4.7654
34.32	-4.7650
34.32	-4.7651
34.31	-4.7649
34.31	-4.7650
34.31	-4.7647
34.31	-4.7646
34.31	-4.7645
34.30	-4.7644
34.30	-4.7642
34.30	-4.7640
34.29	-4.7641
34.29	-4.7639
34.29	-4.7639
34.28	-4.7638
34.28	-4.7637
34.28	-4.7636
34.28	-4.7634
34.28	-4.7633
34.27	-4.7635
34.27	-4.7633
34.27	-4.7629
34.27	-4.7630
34.27	-4.7630
34.27	-4.7630
34.26	-4.7630
34.25	-4.7627
34.25	-4.7627
34.24	-4.7625
34.24	-4.7625
34.24	-4.7623
34.24	-4.7622
34.24	-4.7622
34.24	-4.7620
34.23	-4.7620
34.23	-4.7618
34.23	-4.7618
34.23	-4.7616
34.23	-4.7616
34.22	-4.7613
34.22	-4.7614
34.22	-4.7613
34.21	-4.7613
34.21	-4.7613
34.21	-4.7610
34.21	-4.7610
34.21	-4.7609
34.20	-4.7609
34.20	-4.7606
34.20	-4.7606
34.20	-4.7606
34.19	-4.7606
34.19	-4.7605
34.18	-4.7604
34.18	-4.7602
34.18	-4.7602
34.18	-4.7600
34.18	-4.7600
34.18	-4.7599
34.18	-4.7598
34.18	-4.7599
34.17	-4.7597
34.18	-4.7595
34.17	-4.7596
34.17	-4.7594
34.16	-4.7593
34.16	-4.7593
34.16	-4.7590
34.15	-4.7591
34.15	-4.7589
34.15	-4.7588
34.15	-4.7588
34.14	-4.7587
34.14	-4.7586
34.14	-4.7583
34.14	-4.7584
34.13	-4.7583
34.13	-4.7582
34.13	-4.7580
34.13	-4.7581
34.13	-4.7580
34.12	-4.7578
34.12	-4.7577
34.12	-4.7577
34.12	-4.7576
34.12	-4.7576
34.11	-4.7575
34.11	-4.7572
34.11	-4.7572
34.11	-4.7572
34.11	-4.7570
34.11	-4.7569
34.10	-4.7567
34.10	-4.7567
34.09	-4.7567
34.09	-4.7565
34.09	-4.7564
34.09	-4.7564
34.09	-4.7563
34.08	-4.7561
34.08	-4.7559
34.08	-4.7560
34.08	-4.7560
34.08	-4.7558
34.07	-4.7558
34.07	-4.7556
34.07	-4.7555
34.06	-4.7554
34.06	-4.7552
34.06	-4.7552
34.06	-4.7550
34.05	-4.7549
34.05	-4.7548
34.05	-4.7548
34.05	-4.7547
34.04	-4.7547
34.03	-4.7544
34.03	-4.7545
34.03	-4.7545
34.02	-4.7541
34.02	-4.7540
34.02	-4.7541
34.02	-4.7539
34.01	-4.7539
34.01	-4.7539
34.01	-4.7538
34.01	-4.7536
34.01	-4.7535
34.01	-4.7533
34.01	-4.7533
34.00	-4.7531
34.00	-4.7533
34.00	-4.7529
33.99	-4.7528
33.99	-4.7527
33.99	-4.7527
33.99	-4.7526
33.98	-4.7525
33.98	-4.7524
33.98	-4.7524
33.98	-4.7523
33.97	-4.7523
33.98	-4.7521
33.97	-4.7522
33.97	-4.7521
33.97	-4.7519
33.97	-4.7517
33.96	-4.7517
33.96	-4.7514
33.95	-4.7514
33.95	-4.7513
33.95	-4.7512
33.94	-4.7512
33.94	-4.7511
33.94	-4.7509
33.94	-4.7508
33.94	-4.7505
33.93	-4.7506
33.93	-4.7505
33.93	-4.7504
33.93	-4.7503
33.92	-4.7503
33.92	-4.7502
33.92	-4.7503
33.92	-4.7499
33.92	-4.7498
33.92	-4.7497
33.91	-4.7497
33.91	-4.7496
33.91	-4.7495
33.90	-4.7494
33.90	-4.7491
33.90	-4.7490
33.90	-4.7489
33.90	-4.7488
33.90	-4.7486
33.89	-4.7488
33.88	-4.7486
33.88	-4.7482
33.88	-4.7482
33.88	-4.7483
33.87	-4.7483
33.87	-4.7482
33.87	-4.7482
33.87	-4.7479
33.87	-4.7479
33.86	-4.7478
33.86	-4.7477
33.86	-4.7475
33.85	-4.7474
33.85	-4.7476
33.85	-4.7471
33.85	-4.7473
33.84	-4.7471
33.84	-4.7469
33.84	-4.7467
33.84	-4.7466
33.83	-4.7463
33.83	-4.7463
33.83	-4.7460
33.83	-4.7460
33.83	-4.7458
33.83	-4.7457
33.82	-4.7455
33.82	-4.7454
33.82	-4.7454
33.81	-4.7451
33.81	-4.7450
33.81	-4.7449
33.80	-4.7447
33.80	-4.7446
33.80	-4.7446
33.80	-4.7444
33.80	-4.7443
33.79	-4.7441
33.79	-4.7439
33.79	-4.7440
33.78	-4.7437
33.78	-4.7439
33.78	-4.7435
33.78	-4.7434
33.77	-4.7432
33.77	-4.7431
33.77	-4.7432
33.77	-4.7430
33.77	-4.7428
33.77	-4.7428
33.76	-4.7426
33.76	-4.7426
33.76	-4.7425
33.75	-4.7424
33.75	-4.7424
33.75	-4.7422
33.74	-4.7420
33.74	-4.7420
33.74	-4.7420
33.74	-4.7419
33.74	-4.7419
33.74	-4.7416
33.73	-4.7414
33.73	-4.7417
33.73	-4.7415
33.73	-4.7414
33.72	-4.7415
33.72	-4.7415
33.72	-4.7413
33.72	-4.7411
33.71	-4.7411
33.71	-4.7411
33.71	-4.7411
33.70	-4.7408
33.70	-4.7408
33.70	-4.7406
33.70	-4.7405
33.69	-4.7405
33.69	-4.7405
33.69	-4.7405
33.69	-4.7404
33.69	-4.7403
33.69	-4.7401
33.68	-4.7401
33.68	-4.7401
33.68	-4.7399
33.67	-4.7401
33.67	-4.7399
33.67	-4.7401
33.67	-4.7400
33.66	-4.7399
33.66	-4.7398
33.66	-4.7396
33.65	-4.7397
33.65	-4.7394
33.65	-4.7396
33.65	-4.7395
33.65	-4.7393
33.64	-4.7393
33.64	-4.7394
33.64	-4.7391
33.64	-4.7392
33.63	-4.7392
33.63	-4.7389
33.63	-4.7391
33.63	-4.7391
33.62	-4.7390
33.62	-4.7390
33.62	-4.7390
33.61	-4.7391
33.61	-4.7389
33.61	-4.7389
33.60	-4.7389
33.60	-4.7387
33.60	-4.7387
33.59	-4.7387
33.59	-4.7385
33.59	-4.7385
33.59	-4.7383
33.59	-4.7386
33.59	-4.7385
33.58	-4.7383
33.58	-4.7382
33.58	-4.7381
33.57	-4.7381
33.57	-4.7380
33.57	-4.7378
33.57	-4.7380
33.57	-4.7379
33.57	-4.7379
33.56	-4.7377
33.56	-4.7377
33.55	-4.7376
33.55	-4.7376
33.55	-4.7376
33.55	-4.7373
33.55	-4.7373
33.55	-4.7372
33.55	-4.7372
33.55	-4.7373
33.54	-4.7373
33.54	-4.7370
33.53	-4.7371
33.53	-4.7369
33.52	-4.7371
33.52	-4.7369
33.52	-4.7369
33.52	-4.7367
33.52	-4.7367
33.52	-4.7368
33.51	-4.7366
33.51	-4.7366
33.50	-4.7365
33.50	-4.7363
33.50	-4.7364
33.50	-4.7363
33.50	-4.7363
33.49	-4.7362
33.49	-4.7363
33.49	-4.7364
33.49	-4.7361
33.48	-4.7361
33.48	-4.7361
33.48	-4.7359
33.48	-4.7360
33.48	-4.7358
33.48	-4.7360
33.47	-4.7358
33.47	-4.7357
33.46	-4.7356
33.46	-4.7357
33.45	-4.7356
33.45	-4.7356
33.45	-4.7355
33.45	-4.7355
33.45	-4.7354
33.45	-4.7352
33.44	-4.7354
33.44	-4.7352
33.44	-4.7350
33.44	-4.7352
33.43	-4.7352
33.43	-4.7352
33.43	-4.7348
33.42	-4.7347
33.42	-4.7347
33.42	-4.7349
33.42	-4.7346
33.42	-4.7347
33.42	-4.7343
33.42	-4.7344
33.41	-4.7342
33.41	-4.7341
33.40	-4.7340
33.40	-4.7338
33.40	-4.7339
33.40	-4.7339
33.39	-4.7335
33.39	-4.7335
33.39	-4.7335
33.39	-4.7333
33.38	-4.7335
33.38	-4.7332
33.38	-4.7331
33.38	-4.7331
33.38	-4.7331
33.38	-4.7330
33.37	-4.7329
33.37	-4.7329
33.37	-4.7326
33.36	-4.7327
33.36	-4.7326
33.36	-4.7325
33.36	-4.7327
33.35	-4.7325
33.35	-4.7324
33.35	-4.7321
33.34	-4.7322
33.34	-4.7321
33.34	-4.7321
33.34	-4.7318
33.33	-4.7316
33.33	-4.7316
33.33	-4.7316
33.33	-4.7315
33.33	-4.7316
33.33	-4.7314
33.32	-4.7312
33.32	-4.7312
33.32	-4.7310
33.31	-4.7312
33.31	-4.7312
33.31	-4.7310
33.30	-4.7307
33.30	-4.7308
33.30	-4.7307
33.30	-4.7307
33.30	-4.7306
33.30	-4.7303
33.29	-4.7304
33.28	-4.7299
33.28	-4.7299
33.28	-4.7298
33.28	-4.7298
33.27	-4.7297
33.27	-4.7295
33.27	-4.7293
33.27	-4.7293
33.27	-4.7291
33.27	-4.7292
33.27	-4.7290
33.27	-4.7288
33.26	-4.7288
33.26	-4.7287
33.26	-4.7286
33.25	-4.7285
33.25	-4.7284
33.24	-4.7282
33.24	-4.7284
33.24	-4.7281
33.23	-4.7279
33.23	-4.7280
33.23	-4.7279
33.23	-4.7278
33.23	-4.7276
33.23	-4.7277
33.22	-4.7276
33.23	-4.7275
33.23	-4.7274
33.22	-4.7274
33.22	-4.7272
33.22	-4.7273
33.21	-4.7271
33.21	-4.7270
33.20	-4.7265
33.20	-4.7265
33.20	-4.7266
33.20	-4.7265
33.20	-4.7262
33.20	-4.7262
33.19	-4.7263
33.19	-4.7262
33.19	-4.7260
33.18	-4.7259
33.18	-4.7259
33.18	-4.7258
33.17	-4.7257
33.17	-4.7257
33.17	-4.7256
33.17	-4.7254
33.17	-4.7253
33.17	-4.7252
33.16	-4.7250
33.16	-4.7251
33.15	-4.7249
33.15	-4.7250
33.15	-4.7247
33.15	-4.7245
33.15	-4.7244
33.15	-4.7246
33.15	-4.7245
33.14	-4.7243
33.14	-4.7243
33.14	-4.7241
33.13	-4.7239
33.13	-4.7240
33.13	-4.7240
33.12	-4.7237
33.12	-4.7237
33.12	-4.7234
33.12	-4.7235
33.12	-4.7233
33.12	-4.7233
33.11	-4.7232
33.11	-4.7232
33.10	-4.7228
33.10	-4.7227
33.10	-4.7225
33.09	-4.7224
33.09	-4.7222
33.09	-4.7223
33.09	-4.7223
33.09	-4.7220
33.09	-4.7218
33.08	-4.7217
33.08	-4.7215
33.08	-4.7216
33.07	-4.7215
33.07	-4.7213
33.07	-4.7212
33.06	-4.7212
33.06	-4.7211
33.06	-4.7209
33.05	-4.7208
33.05	-4.7208
33.05	-4.7206
33.05	-4.7204
33.05	-4.7203
33.05	-4.7202
33.05	-4.7200
33.04	-4.7199
33.04	-4.7199
33.03	-4.7199
33.03	-4.7195
33.03	-4.7196
33.03	-4.7195
33.03	-4.7195
33.03	-4.7190
33.02	-4.7192
33.02	-4.7189
33.02	-4.7188
33.01	-4.7187
33.01	-4.7186
33.01	-4.7185
33.01	-4.7184
33.00	-4.7182
33.00	-4.7181
33.00	-4.7182
33.00	-4.7179
32.99	-4.7178
32.99	-4.7178
32.99	-4.7176
32.99	-4.7175
32.98	-4.7173
32.98	-4.7172
32.98	-4.7171
32.98	-4.7169
32.98	-4.7166
32.97	-4.7168
32.97	-4.7167
32.97	-4.7164
32.96	-4.7163
32.96	-4.7163
32.96	-4.7163
32.95	-4.7161
32.95	-4.7161
32.95	-4.7159
32.95	-4.7159
32.95	-4.7158
32.94	-4.7158
32.94	-4.7156
32.94	-4.7154
32.94	-4.7154
32.94	-4.7150
32.93	-4.7151
32.93	-4.7150
32.93	-4.7149
32.92	-4.7148
32.92	-4.7147
32.92	-4.7144
32.92	-4.7145
32.91	-4.7143
32.91	-4.7142
32.91	-4.7141
32.91	-4.7141
32.90	-4.7141
32.90	-4.7137
32.90	-4.7137
32.90	-4.7136
32.90	-4.7137
32.90	-4.7134
32.90	-4.7132
32.89	-4.7130
32.89	-4.7131
32.89	-4.7133
32.89	-4.7128
32.88	-4.7128
32.88	-4.7127
32.87	-4.7125
32.87	-4.7125
32.87	-4.7122
32.87	-4.7121
32.86	-4.7120
32.86	-4.7119
32.86	-4.7117
32.86	-4.7118
32.86	-4.7115
32.86	-4.7114
32.85	-4.7114
32.85	-4.7111
32.84	-4.7112
32.84	-4.7111
32.84	-4.7109
32.83	-4.7110
32.83	-4.7108
32.83	-4.7108
32.82	-4.7106
32.82	-4.7104
32.82	-4.7104
32.82	-4.7104
32.82	-4.7103
32.81	-4.7101
32.81	-4.7103
32.81	-4.7098
32.81	-4.7097
32.81	-4.7096
32.81	-4.7095
32.80	-4.7094
32.80	-4.7092
32.80	-4.7091
32.80	-4.7090
32.79	-4.7089
32.79	-4.7089
32.78	-4.7086
32.78	-4.7083
32.78	-4.7086
32.78	-4.7085
32.78	-4.7082
32.77	-4.7081
32.77	-4.7081
32.77	-4.7079
32.77	-4.7078
32.77	-4.7075
32.77	-4.7074
32.76	-4.7072
32.76	-4.7071
32.76	-4.7070
32.75	-4.7069
32.75	-4.7068
32.75	-4.7066
32.74	-4.7065
32.74	-4.7066
32.74	-4.7065
32.74	-4.7064
32.73	-4.7061
32.73	-4.7060
32.73	-4.7059
32.73	-4.7059
32.73	-4.7058
32.73	-4.7056
32.72	-4.7055
32.72	-4.7052
32.72	-4.7051
32.71	-4.7051
32.71	-4.7049
32.71	-4.7049
32.71	-4.7048
32.70	-4.7048
32.70	-4.7047
32.70	-4.7047
32.70	-4.7044
32.69	-4.7045
32.69	-4.7044
32.68	-4.7040
32.68	-4.7038
32.67	-4.7038
32.67	-4.7038
32.67	-4.7036
32.67	-4.7035
32.67	-4.7035
32.67	-4.7034
32.67	-4.7033
32.67	-4.7032
32.66	-4.7031
32.66	-4.7030
32.66	-4.7030
32.66	-4.7028
32.65	-4.7028
32.65	-4.7028
32.65	-4.7027
32.65	-4.7028
32.65	-4.7026
32.65	-4.7025
32.64	-4.7023
32.64	-4.7023
32.64	-4.7020
32.63	-4.7021
32.63	-4.7020
32.63	-4.7019
32.63	-4.7017
32.63	-4.7016
32.62	-4.7014
32.62	-4.7015
32.61	-4.7014
32.61	-4.7014
32.60	-4.7011
32.60	-4.7010
32.60	-4.7009
32.59	-4.7007
32.59	-4.7008
32.59	-4.7006
32.59	-4.7005
32.59	-4.7006
32.59	-4.7003
32.59	-4.6999
32.58	-4.7002
32.58	-4.7000
32.58	-4.6999
32.58	-4.6999
32.57	-4.6997
32.57	-4.6996
32.57	-4.6995
32.57	-4.6995
32.57	-4.6994
32.56	-4.6993
32.56	-4.6991
32.56	-4.6990
32.56	-4.6990
32.56	-4.6990
32.55	-4.6989
32.55	-4.6989
32.55	-4.6986
32.55	-4.6987
32.54	-4.6984
32.53	-4.6984
32.53	-4.6982
32.53	-4.6982
32.53	-4.6981
32.52	-4.6979
32.52	-4.6979
32.52	-4.6978
32.51	-4.6979
32.51	-4.6977
32.51	-4.6977
32.51	-4.6974
32.51	-4.6974
32.51	-4.6973
32.51	-4.6972
32.50	-4.6971
32.49	-4.6970
32.49	-4.6967
32.49	-4.6966
32.49	-4.6967
32.49	-4.6964
32.49	-4.6963
32.48	-4.6963
32.48	-4.6961
32.48	-4.6960
32.48	-4.6958
32.47	-4.6958
32.47	-4.6959
32.47	-4.6956
32.46	-4.6955
32.46	-4.6955
32.46	-4.6954
32.45	-4.6954
32.45	-4.6953
32.45	-4.6950
32.45	-4.6950
32.44	-4.6949
32.44	-4.6950
32.44	-4.6948
32.44	-4.6946
32.44	-4.6945
32.44	-4.6945
32.44	-4.6946
32.43	-4.6945
32.43	-4.6946
32.43	-4.6944
32.42	-4.6942
32.42	-4.6942
32.42	-4.6940
32.41	-4.6939
32.41	-4.6939
32.41	-4.6937
32.41	-4.6936
32.41	-4.6936
32.40	-4.6936
32.40	-4.6936
32.40	-4.6935
32.40	-4.6933
32.40	-4.6933
32.40	-4.6929
32.40	-4.6930
32.39	-4.6928
32.39	-4.6929
32.38	-4.6926
32.38	-4.6925
32.38	-4.6925
32.38	-4.6923
32.38	-4.6923
32.38	-4.6922
32.37	-4.6922
32.37	-4.6921
32.36	-4.6919
32.36	-4.6918
32.36	-4.6919
32.35	-4.6917
32.35	-4.6917
32.35	-4.6915
32.35	-4.6915
32.34	-4.6915
32.34	-4.6911
32.34	-4.6911
32.34	-4.6912
32.34	-4.6910
32.33	-4.6908
32.33	-4.6908
32.33	-4.6906
32.33	-4.6907
32.33	-4.6905
32.33	-4.6905
32.32	-4.6903
32.32	-4.6903
32.31	-4.6902
32.31	-4.6902
32.31	-4.6899
32.30	-4.6897
32.30	-4.6898
32.30	-4.6895
32.30	-4.6893
32.30	-4.6893
32.30	-4.6890
32.29	-4.6889
32.29	-4.6889
32.29	-4.6887
32.29	-4.6886
32.29	-4.6883
32.29	-4.6883
32.28	-4.6881
32.28	-4.6880
32.27	-4.6880
32.27	-4.6879
32.27	-4.6876
32.27	-4.6876
32.27	-4.6874
32.26	-4.6872
32.26	-4.6872
32.26	-4.6871
32.26	-4.6867
32.25	-4.6867
32.25	-4.6868
32.25	-4.6866
32.24	-4.6863
32.24	-4.6863
32.24	-4.6863
32.24	-4.6863
32.23	-4.6861
32.23	-4.6860
32.23	-4.6860
32.23	-4.6859
32.22	-4.6859
32.22	-4.6858
32.22	-4.6854
32.21	-4.6854
32.21	-4.6853
32.21	-4.6852
32.21	-4.6851
32.21	-4.6851
32.21	-4.6850
32.20	-4.6848
32.20	-4.6849
32.20	-4.6848
32.20	-4.6848
32.20	-4.6846
32.20	-4.6846
32.19	-4.6845
32.19	-4.6845
32.19	-4.6846
32.18	-4.6844
32.18	-4.6843
32.17	-4.6842
32.17	-4.6843
32.17	-4.6842
32.17	-4.6839
32.16	-4.6839
32.16	-4.6840
32.16	-4.6839
32.15	-4.6840
32.15	-4.6839
32.15	-4.6837
32.15	-4.6837
32.15	-4.6836
32.15	-4.6836
32.14	-4.6837
32.14	-4.6835
32.14	-4.6835
32.13	-4.6833
32.13	-4.6837
32.13	-4.6834
32.13	-4.6834
32.12	-4.6832
32.12	-4.6832
32.12	-4.6831
32.12	-4.6831
32.11	-4.6832
32.11	-4.6830
32.11	-4.6830
32.11	-4.6830
32.11	-4.6831
32.10	-4.6829
32.10	-4.6830
32.09	-4.6828
32.09	-4.6826
32.09	-4.6825
32.09	-4.6826
32.09	-4.6825
32.09	-4.6824
32.08	-4.6824
32.08	-4.6825
32.07	-4.6825
32.07	-4.6823
32.07	-4.6824
32.07	-4.6824
32.07	-4.6823
32.07	-4.6823
32.07	-4.6821
32.06	-4.6821
32.06	-4.6821
32.05	-4.6821
32.05	-4.6820
32.05	-4.6819
32.05	-4.6820
32.05	-4.6817
32.04	-4.6818
32.04	-4.6817
32.04	-4.6817
32.04	-4.6817
32.03	-4.6815
32.03	-4.6815
32.03	-4.6816
32.02	-4.6814
32.02	-4.6815
32.02	-4.6815
32.01	-4.6814
32.01	-4.6812
32.01	-4.6812
32.00	-4.6811
32.00	-4.6809
32.00	-4.6807
32.00	-4.6809
32.00	-4.6810
32.00	-4.6809
32.00	-4.6810
31.99	-4.6808
31.99	-4.6808
31.98	-4.6808
31.98	-4.6807
31.98	-4.6809
31.98	-4.6807
31.98	-4.6809
31.97	-4.6806
31.97	-4.6807
31.97	-4.6805
31.97	-4.6804
31.97	-4.6804
31.96	-4.6803
31.96	-4.6803
31.95	-4.6802
31.95	-4.6801
31.95	-4.6801
31.95	-4.6801
31.95	-4.6801
31.95	-4.6802
31.94	-4.6799
31.94	-4.6798
31.94	-4.6799
31.93	-4.6799
31.93	-4.6800
31.93	-4.6798
31.92	-4.6798
31.92	-4.6798
31.92	-4.6797
31.92	-4.6796
31.92	-4.6796
31.92	-4.6795
31.92	-4.6795
31.91	-4.6795
31.91	-4.6793
31.91	-4.6792
31.91	-4.6792
31.90	-4.6792
31.90	-4.6791
31.90	-4.6791
31.89	-4.6788
31.89	-4.6789
31.89	-4.6788
31.89	-4.6787
31.88	-4.6787
31.88	-4.6786
31.88	-4.6786
31.87	-4.6785
31.87	-4.6784
31.87	-4.6784
31.87	-4.6782
31.86	-4.6782
31.86	-4.6780
31.85	-4.6780
31.85	-4.6779
31.85	-4.6778
31.85	-4.6779
31.85	-4.6778
31.85	-4.6775
31.85	-4.6777
31.84	-4.6773
31.84	-4.6775
31.84	-4.6771
31.83	-4.6773
31.83	-4.6771
31.83	-4.6770
31.83	-4.6769
31.82	-4.6770
31.82	-4.6767
31.82	-4.6767
31.82	-4.6767
31.81	-4.6765
31.81	-4.6764
31.81	-4.6764
31.80	-4.6761
31.80	-4.6761
31.80	-4.6759
31.80	-4.6758
31.80	-4.6757
31.80	-4.6756
31.79	-4.6756
31.78	-4.6754
31.78	-4.6756
31.78	-4.6755
31.78	-4.6753
31.78	-4.6753
31.78	-4.6752
31.78	-4.6753
31.78	-4.6751
31.77	-4.6750
31.77	-4.6750
31.77	-4.6748
31.76	-4.6746
31.76	-4.6746
31.76	-4.6745
31.75	-4.6745
31.75	-4.6746
31.75	-4.6742
31.75	-4.6742
31.74	-4.6741
31.74	-4.6741
31.74	-4.6739
31.74	-4.6738
31.74	-4.6738
31.74	-4.6737
31.73	-4.6734
31.73	-4.6734
31.73	-4.6735
31.73	-4.6729
31.73	-4.6730
31.73	-4.6729
31.72	-4.6727
31.72	-4.6728
31.71	-4.6726
31.71	-4.6725
31.71	-4.6724
31.70	-4.6723
31.70	-4.6723
31.70	-4.6722
31.70	-4.6722
31.69	-4.6721
31.69	-4.6718
31.69	-4.6717
31.68	-4.6715
31.68	-4.6714
31.68	-4.6713
31.68	-4.6713
31.68	-4.6711
31.68	-4.6712
31.67	-4.6708
31.67	-4.6707
31.67	-4.6707
31.67	-4.6706
31.66	-4.6704
31.66	-4.6702
31.65	-4.6703
31.65	-4.6701
31.65	-4.6700
31.65	-4.6699
31.64	-4.6697
31.64	-4.6696
31.64	-4.6695
31.63	-4.6694
31.63	-4.6694
31.63	-4.6693
31.63	-4.6691
31.63	-4.6690
31.63	-4.6688
31.62	-4.6687
31.62	-4.6686
31.61	-4.6685
31.61	-4.6686
31.61	-4.6684
31.60	-4.6684
31.60	-4.6682
31.60	-4.6683
31.60	-4.6680
31.60	-4.6680
31.60	-4.6677
31.60	-4.6678
31.60	-4.6678
31.60	-4.6676
31.60	-4.6675
31.60	-4.6674
31.59	-4.6672
31.59	-4.6672
31.59	-4.6672
31.58	-4.6670
31.58	-4.6669
31.57	-4.6669
31.57	-4.6665
31.57	-4.6665
31.56	-4.6665
31.56	-4.6664
31.55	-4.6661
31.55	-4.6660
31.55	-4.6659
31.55	-4.6659
31.55	-4.6660
31.55	-4.6658
31.55	-4.6656
31.55	-4.6655
31.54	-4.6653
31.54	-4.6653
31.53	-4.6652
31.53	-4.6653
31.53	-4.6650
31.53	-4.6649
31.53	-4.6648
31.52	-4.6646
31.52	-4.6645
31.52	-4.6645
31.51	-4.6645
31.51	-4.6643
31.51	-4.6642
31.51	-4.6642
31.50	-4.6641
31.50	-4.6640
31.50	-4.6638
31.50	-4.6637
31.50	-4.6635
31.49	-4.6634
31.49	-4.6633
31.49	-4.6634
31.49	-4.6631
31.48	-4.6631
31.48	-4.6629
31.48	-4.6627
31.48	-4.6628
31.48	-4.6627
31.47	-4.6625
31.47	-4.6624
31.47	-4.6623
31.47	-4.6622
31.46	-4.6620
31.46	-4.6620
31.45	-4.6618
31.45	-4.6619
31.45	-4.6617
31.45	-4.6614
31.45	-4.6615
31.45	-4.6613
31.45	-4.6611
31.45	-4.6610
31.44	-4.6610
31.44	-4.6610
31.44	-4.6608
31.43	-4.6607
31.43	-4.6605
31.43	-4.6605
31.43	-4.6602
31.42	-4.6601
31.42	-4.6600
31.41	-4.6600
31.41	-4.6599
31.41	-4.6597
31.41	-4.6597
31.40	-4.6596
31.40	-4.6596
31.40	-4.6595
31.40	-4.6592
31.39	-4.6592
31.39	-4.6589
31.39	-4.6589
31.39	-4.6589
31.39	-4.6589
31.38	-4.6586
31.38	-4.6587
31.38	-4.6583
31.38	-4.6584
31.38	-4.6582
31.38	-4.6578
31.38	-4.6581
31.37	-4.6576
31.37	-4.6576
31.37	-4.6577
31.36	-4.6575
31.35	-4.6574
31.35	-4.6571
31.35	-4.6571
31.35	-4.6568
31.35	-4.6567
31.35	-4.6567
31.34	-4.6566
31.34	-4.6565
31.33	-4.6567
31.33	-4.6564
31.33	-4.6563
31.33	-4.6561
31.33	-4.6561
31.32	-4.6557
31.32	-4.6558
31.32	-4.6558
31.32	-4.6557
31.32	-4.6555
31.31	-4.6553
31.31	-4.6553
31.30	-4.6550
31.30	-4.6551
31.30	-4.6549
31.30	-4.6549
31.29	-4.6547
31.29	-4.6545
31.29	-4.6545
31.29	-4.6543
31.28	-4.6541
31.28	-4.6540
31.28	-4.6539
31.28	-4.6539
31.28	-4.6538
31.28	-4.6536
31.28	-4.6536
31.27	-4.6533
31.27	-4.6533
31.26	-4.6531
31.26	-4.6528
31.26	-4.6528
31.26	-4.6527
31.25	-4.6527
31.25	-4.6525
31.25	-4.6522
31.25	-4.6521
31.25	-4.6519
31.24	-4.6518
31.24	-4.6518
31.24	-4.6518
31.24	-4.6517
31.23	-4.6515
31.23	-4.6513
31.23	-4.6512
31.23	-4.6512
31.22	-4.6511
31.22	-4.6509
31.21	-4.6508
31.21	-4.6506
31.21	-4.6507
31.21	-4.6505
31.20	-4.6504
31.20	-4.6502
31.20	-4.6500
31.20	-4.6500
31.20	-4.6498
31.19	-4.6496
31.19	-4.6496
31.19	-4.6495
31.19	-4.6492
31.18	-4.6493
31.18	-4.6493
31.18	-4.6491
31.18	-4.6491
31.18	-4.6490
31.18	-4.6489
31.17	-4.6488
31.17	-4.6485
31.16	-4.6485
31.16	-4.6485
31.16	-4.6483
31.16	-4.6481
31.15	-4.6480
31.15	-4.6479
31.15	-4.6477
31.15	-4.6477
31.15	-4.6477
31.14	-4.6477
31.14	-4.6477
31.13	-4.6475
31.13	-4.6475
31.13	-4.6473
31.13	-4.6473
31.13	-4.6472
31.13	-4.6470
31.12	-4.6469
31.12	-4.6466
31.12	-4.6466
31.11	-4.6465
31.11	-4.6462
31.11	-4.6463
31.10	-4.6460
31.10	-4.6460
31.10	-4.6460
31.10	-4.6458
31.09	-4.6458
31.09	-4.6458
31.09	-4.6455
31.09	-4.6453
31.09	-4.6453
31.09	-4.6452
31.08	-4.6451
31.08	-4.6451
31.08	-4.6450
31.07	-4.6448
31.07	-4.6448
31.07	-4.6446
31.07	-4.6446
31.07	-4.6446
31.06	-4.6445
31.06	-4.6443
31.06	-4.6443
31.05	-4.6443
31.05	-4.6443
31.05	-4.6438
31.05	-4.6438
31.05	-4.6438
31.05	-4.6438
31.04	-4.6436
31.04	-4.6437
31.03	-4.6434
31.03	-4.6434
31.03	-4.6433
31.03	-4.6431
31.03	-4.6430
31.02	-4.6428
31.02	-4.6430
31.02	-4.6426
31.01	-4.6425
31.01	-4.6426
31.01	-4.6424
31.00	-4.6423
31.01	-4.6425
31.01	-4.6423
31.00	-4.6420
31.00	-4.6421
31.00	-4.6417
31.00	-4.6416
30.99	-4.6417
30.99	-4.6416
30.99	-4.6415
30.98	-4.6412
30.98	-4.6414
30.98	-4.6413
30.98	-4.6412
30.98	-4.6409
30.97	-4.6411
30.97	-4.6412
30.96	-4.6410
30.96	-4.6408
30.95	-4.6408
30.95	-4.6408
30.95	-4.6407
30.95	-4.6406
30.95	-4.6406
30.95	-4.6404
30.95	-4.6404
30.94	-4.6403
30.94	-4.6402
30.94	-4.6401
30.93	-4.6402
30.93	-4.6400
30.93	-4.6399
30.93	-4.6399
30.93	-4.6398
30.93	-4.6398
30.92	-4.6396
30.92	-4.6396
30.92	-4.6395
30.92	-4.6393
30.91	-4.6392
30.91	-4.6393
30.91	-4.6391
30.90	-4.6391
30.90	-4.6389
30.90	-4.6389
30.90	-4.6387
30.89	-4.6388
30.89	-4.6388
30.88	-4.6386
30.88	-4.6384
30.88	-4.6384
30.88	-4.6384
30.88	-4.6383
30.88	-4.6382
30.88	-4.6382
30.87	-4.6380
30.86	-4.6381
30.87	-4.6381
30.86	-4.6379
30.86	-4.6378
30.86	-4.6377
30.86	-4.6377
30.85	-4.6377
30.85	-4.6374
30.85	-4.6374
30.85	-4.6372
30.85	-4.6371
30.84	-4.6371
30.84	-4.6370
30.83	-4.6369
30.83	-4.6368
30.83	-4.6367
30.82	-4.6366
30.82	-4.6366
30.82	-4.6363
30.82	-4.6363
30.82	-4.6362
30.82	-4.6361
30.81	-4.6359
30.81	-4.6357
30.81	-4.6357
30.81	-4.6356
30.80	-4.6356
30.80	-4.6355
30.80	-4.6354
30.80	-4.6353
30.80	-4.6351
30.80	-4.6350
30.79	-4.6350
30.79	-4.6349
30.79	-4.6348
30.78	-4.6345
30.78	-4.6345
30.78	-4.6344
30.78	-4.6340
30.78	-4.6340
30.78	-4.6340
30.78	-4.6337
30.77	-4.6336
30.77	-4.6334
30.77	-4.6332
30.76	-4.6330
30.76	-4.6331
30.75	-4.6328
30.75	-4.6328
30.75	-4.6327
30.75	-4.6325
30.74	-4.6323
30.74	-4.6323
30.74	-4.6322
30.73	-4.6318
30.73	-4.6316
30.73	-4.6316
30.73	-4.6316
30.73	-4.6315
30.73	-4.6312
30.73	-4.6312
30.72	-4.6311
30.72	-4.6309
30.72	-4.6308
30.71	-4.6306
30.71	-4.6307
30.71	-4.6306
30.70	-4.6304
30.70	-4.6303
30.70	-4.6304
30.70	-4.6302
30.69	-4.6298
30.69	-4.6299
30.68	-4.6299
30.68	-4.6298
30.68	-4.6297
30.68	-4.6297
30.68	-4.6296
30.68	-4.6294
30.67	-4.6294
30.67	-4.6292
30.67	-4.6291
30.66	-4.6292
30.66	-4.6292
30.66	-4.6290
30.65	-4.6289
30.65	-4.6289
30.65	-4.6288
30.65	-4.6287
30.65	-4.6286
30.65	-4.6285
30.65	-4.6285
30.65	-4.6283
30.64	-4.6285
30.64	-4.6283
30.63	-4.6282
30.63	-4.6281
30.63	-4.6279
30.63	-4.6278
30.62	-4.6278
30.62	-4.6279
30.62	-4.6277
30.62	-4.6277
30.62	-4.6276
30.61	-4.6277
30.61	-4.6276
30.60	-4.6277
30.60	-4.6276
30.60	-4.6274
30.59	-4.6273
30.59	-4.6275
30.59	-4.6271
30.59	-4.6272
30.59	-4.6272
30.59	-4.6272
30.58	-4.6271
30.58	-4.6269
30.58	-4.6269
30.57	-4.6270
30.57	-4.6268
30.57	-4.6270
30.57	-4.6267
30.57	-4.6268
30.56	-4.6269
30.56	-4.6269
30.56	-4.6266
30.56	-4.6265
30.56	-4.6265
30.56	-4.6265
30.55	-4.6265
30.55	-4.6263
30.55	-4.6262
30.55	-4.6262
30.54	-4.6262
30.54	-4.6262
30.53	-4.6261
30.53	-4.6263
30.53	-4.6259
30.53	-4.6259
30.53	-4.6259
30.52	-4.6259
30.52	-4.6257
30.52	-4.6257
30.52	-4.6255
30.51	-4.6257
30.51	-4.6256
30.51	-4.6255
30.50	-4.6254
30.50	-4.6254
30.50	-4.6252
30.50	-4.6252
30.50	-4.6253
30.49	-4.6252
30.49	-4.6252
30.49	-4.6249
30.48	-4.6248
30.48	-4.6249
30.48	-4.6249
30.48	-4.6249
30.48	-4.6248
30.48	-4.6247
30.48	-4.6248
30.47	-4.6246
30.47	-4.6246
30.47	-4.6246
30.47	-4.6243
30.46	-4.6242
30.46	-4.6244
30.46	-4.6243
30.46	-4.6243
30.45	-4.6242
30.45	-4.6243
30.45	-4.6240
30.44	-4.6241
30.44	-4.6238
30.43	-4.6240
30.43	-4.6236
30.43	-4.6239
30.43	-4.6238
30.43	-4.6238
30.43	-4.6237
30.43	-4.6237
30.42	-4.6238
30.42	-4.6238
30.42	-4.6237
30.41	-4.6234
30.41	-4.6235
30.40	-4.6234
30.40	-4.6233
30.40	-4.6232
30.40	-4.6230
30.40	-4.6230
30.40	-4.6229
30.40	-4.6229
30.39	-4.6227
30.38	-4.6228
30.38	-4.6227
30.38	-4.6226
30.38	-4.6225
30.38	-4.6227
30.37	-4.6224
30.37	-4.6225
30.37	-4.6222
30.37	-4.6225
30.37	-4.6222
30.36	-4.6221
30.36	-4.6221
30.35	-4.6220
30.35	-4.6218
30.35	-4.6217
30.35	-4.6217
30.35	-4.6218
30.34	-4.6215
30.34	-4.6213
30.34	-4.6213
30.34	-4.6213
30.34	-4.6212
30.34	-4.6211
30.33	-4.6212
30.33	-4.6210
30.32	-4.6212
30.32	-4.6210
30.32	-4.6209
30.31	-4.6207
30.31	-4.6206
30.31	-4.6207
30.31	-4.6205
30.31	-4.6204
30.30	-4.6204
30.30	-4.6205
30.30	-4.6204
30.29	-4.6202
30.29	-4.6201
30.29	-4.6200
30.29	-4.6200
30.28	-4.6202
30.28	-4.6199
30.28	-4.6198
30.28	-4.6196
30.28	-4.6196
30.28	-4.6195
30.27	-4.6194
30.27	-4.6192
30.27	-4.6193
30.26	-4.6191
30.26	-4.6189
30.26	-4.6188
30.26	-4.6188
30.25	-4.6188
30.25	-4.6186
30.25	-4.6186
30.25	-4.6183
30.25	-4.6183
30.24	-4.6183
30.24	-4.6182
30.24	-4.6180
30.23	-4.6180
30.23	-4.6179
30.23	-4.6178
30.23	-4.6177
30.23	-4.6179
30.22	-4.6174
30.22	-4.6175
30.22	-4.6175
30.21	-4.6172
30.21	-4.6173
30.21	-4.6173
30.20	-4.6172
30.20	-4.6171
30.20	-4.6168
30.20	-4.6169
30.20	-4.6166
30.20	-4.6167
30.20	-4.6164
30.20	-4.6164
30.19	-4.6164
30.19	-4.6163
30.19	-4.6163
30.19	-4.6160
30.18	-4.6159
30.18	-4.6158
30.18	-4.6158
30.17	-4.6156
30.17	-4.6155
30.17	-4.6158
30.17	-4.6154
30.16	-4.6156
30.16	-4.6152
30.15	-4.6149
30.15	-4.6151
30.15	-4.6149
30.15	-4.6148
30.15	-4.6148
30.14	-4.6148
30.14	-4.6145
30.14	-4.6144
30.14	-4.6144
30.13	-4.6143
30.13	-4.6141
30.13	-4.6141
30.13	-4.6139
30.13	-4.6139
30.13	-4.6136
30.12	-4.6136
30.12	-4.6132
30.12	-4.6134
30.11	-4.6133
30.10	-4.6132
30.10	-4.6132
30.10	-4.6129
30.10	-4.6129
30.10	-4.6126
30.09	-4.6126
30.09	-4.6126
30.09	-4.6125
30.09	-4.6125
30.09	-4.6122
30.09	-4.6121
30.08	-4.6119
30.07	-4.6119
30.07	-4.6117
30.07	-4.6117
30.07	-4.6113
30.07	-4.6113
30.06	-4.6111
30.06	-4.6112
30.06	-4.6109
30.06	-4.6109
30.05	-4.6109
30.05	-4.6108
30.05	-4.6105
30.05	-4.6106
30.05	-4.6108
30.05	-4.6104
30.04	-4.6104
30.04	-4.6102
30.03	-4.6103
30.03	-4.6102
30.03	-4.6100
30.03	-4.6099
30.03	-4.6099
30.02	-4.6097
30.02	-4.6095
30.02	-4.6094
30.01	-4.6095
30.01	-4.6094
30.01	-4.6093
30.01	-4.6092
30.00	-4.6090
30.00	-4.6089
30.00	-4.6089
30.00	-4.6087
29.99	-4.6086
29.99	-4.6085
29.99	-4.6084
29.98	-4.6083
29.98	-4.6083
29.98	-4.6079
29.98	-4.6079
29.98	-4.6080
29.98	-4.6080
29.97	-4.6077
29.97	-4.6076
29.97	-4.6074
29.97	-4.6072
29.96	-4.6073
29.96	-4.6070
29.96	-4.6068
29.96	-4.6068
29.96	-4.6068
29.95	-4.6066
29.95	-4.6062
29.95	-4.6064
29.94	-4.6061
29.94	-4.6059
29.94	-4.6061
29.94	-4.6058
29.93	-4.6059
29.93	-4.6058
29.93	-4.6054
29.93	-4.6055
29.93	-4.6053
29.93	-4.6053
29.92	-4.6052
29.92	-4.6051
29.91	-4.6048
29.91	-4.6048
29.91	-4.6047
29.90	-4.6048
29.90	-4.6046
29.90	-4.6046
29.90	-4.6044
29.90	-4.6044
29.89	-4.6043
29.89	-4.6042
29.89	-4.6042
29.89	-4.6040
29.88	-4.6039
29.88	-4.6037
29.88	-4.6035
29.88	-4.6036
29.87	-4.6034
29.87	-4.6036
29.87	-4.6033
29.87	-4.6032
29.86	-4.6029
29.86	-4.6030
29.86	-4.6028
29.85	-4.6030
29.85	-4.6028
29.85	-4.6024
29.85	-4.6025
29.85	-4.6024
29.84	-4.6023
29.84	-4.6021
29.84	-4.6020
29.83	-4.6019
29.83	-4.6016
29.83	-4.6013
29.82	-4.6016
29.82	-4.6016
29.82	-4.6014
29.82	-4.6012
29.82	-4.6011
29.82	-4.6010
29.82	-4.6009
29.81	-4.6009
29.81	-4.6008
29.81	-4.6007
29.80	-4.6004
29.80	-4.6004
29.80	-4.6005
29.80	-4.6002
29.79	-4.6001
29.79	-4.5999
29.78	-4.5998
29.78	-4.5997
29.78	-4.5996
29.78	-4.5995
29.78	-4.5994
29.78	-4.5994
29.78	-4.5993
29.78	-4.5993
29.78	-4.5991
29.77	-4.5992
29.77	-4.5990
29.77	-4.5988
29.77	-4.5989
29.76	-4.5985
29.75	-4.5988
29.75	-4.5985
29.75	-4.5986
29.75	-4.5983
29.75	-4.5983
29.74	-4.5981
29.74	-4.5982
29.74	-4.5980
29.73	-4.5979
29.73	-4.5976
29.73	-4.5975
29.73	-4.5975
29.73	-4.5973
29.72	-4.5973
29.72	-4.5971
29.72	-4.5972
29.72	-4.5971
29.71	-4.5969
29.71	-4.5969
29.70	-4.5965
29.70	-4.5964
29.70	-4.5964
29.70	-4.5960
29.70	-4.5960
29.70	-4.5960
29.70	-4.5958
29.70	-4.5959
29.69	-4.5956
29.69	-4.5956
29.68	-4.5955
29.68	-4.5953
29.68	-4.5952
29.68	-4.5950
29.68	-4.5950
29.68	-4.5949
29.67	-4.5948
29.67	-4.5946
29.67	-4.5946
29.67	-4.5945
29.66	-4.5943
29.66	-4.5943
29.66	-4.5941
29.65	-4.5941
29.65	-4.5941
29.65	-4.5940
29.65	-4.5938
29.65	-4.5934
29.64	-4.5935
29.64	-4.5934
29.63	-4.5933
29.63	-4.5934
29.63	-4.5932
29.63	-4.5931
29.63	-4.5931
29.63	-4.5930
29.62	-4.5929
29.62	-4.5928
29.62	-4.5927
29.62	-4.5927
29.62	-4.5926
29.61	-4.5924
29.61	-4.5924
29.61	-4.5922
29.60	-4.5921
29.60	-4.5920
29.60	-4.5920
29.60	-4.5919
29.59	-4.5920
29.59	-4.5918
29.59	-4.5916
29.59	-4.5914
29.58	-4.5915
29.58	-4.5914
29.58	-4.5913
29.57	-4.5912
29.57	-4.5912
29.57	-4.5911
29.56	-4.5910
29.56	-4.5909
29.56	-4.5908
29.56	-4.5906
29.55	-4.5907
29.55	-4.5905
29.55	-4.5905
29.55	-4.5904
29.55	-4.5904
29.54	-4.5901
29.54	-4.5903
29.54	-4.5901
29.54	-4.5899
29.53	-4.5897
29.53	-4.5898
29.53	-4.5897
29.53	-4.5898
29.53	-4.5895
29.52	-4.5895
29.52	-4.5894
29.52	-4.5892
29.52	-4.5891
29.51	-4.5888
29.51	-4.5888
29.51	-4.5889
29.51	-4.5887
29.51	-4.5885
29.50	-4.5885
29.50	-4.5883
29.50	-4.5881
29.50	-4.5883
29.49	-4.5880
29.49	-4.5880
29.48	-4.5880
29.48	-4.5879
29.48	-4.5879
29.48	-4.5877
29.48	-4.5876
29.47	-4.5875
29.47	-4.5874
29.46	-4.5872
29.46	-4.5870
29.46	-4.5871
29.46	-4.5869
29.46	-4.5869
29.45	-4.5867
29.45	-4.5866
29.45	-4.5864
29.44	-4.5865
29.44	-4.5865
29.44	-4.5863
29.43	-4.5863
29.43	-4.5859
29.44	-4.5860
29.43	-4.5860
29.43	-4.5858
29.43	-4.5858
29.43	-4.5857
29.42	-4.5857
29.42	-4.5855
29.42	-4.5854
29.41	-4.5854
29.41	-4.5854
29.40	-4.5852
29.40	-4.5850
29.40	-4.5849
29.40	-4.5847
29.40	-4.5846
29.40	-4.5846
29.40	-4.5845
29.40	-4.5846
29.39	-4.5845
29.39	-4.5843
29.39	-4.5843
29.39	-4.5842
29.38	-4.5842
29.38	-4.5839
29.38	-4.5838
29.38	-4.5839
29.38	-4.5837
29.37	-4.5836
29.37	-4.5838
29.37	-4.5835
29.37	-4.5834
29.36	-4.5832
29.36	-4.5832
29.36	-4.5830
29.35	-4.5829
29.35	-4.5830
29.34	-4.5827
29.34	-4.5827
29.34	-4.5825
29.34	-4.5824
29.34	-4.5825
29.33	-4.5824
29.32	-4.5824
29.32	-4.5822
29.32	-4.5821
29.32	-4.5819
29.32	-4.5819
29.32	-4.5819
29.32	-4.5818
29.32	-4.5817
29.32	-4.5814
29.31	-4.5816
29.31	-4.5813
29.31	-4.5813
29.31	-4.5813
29.30	-4.5811
29.30	-4.5810
29.30	-4.5809
29.30	-4.5805
29.29	-4.5804
29.29	-4.5802
29.29	-4.5802
29.28	-4.5800
29.28	-4.5798
29.28	-4.5798
29.28	-4.5794
29.27	-4.5793
29.27	-4.5792
29.27	-4.5791
29.27	-4.5790
29.26	-4.5788
29.26	-4.5788
29.26	-4.5786
29.25	-4.5785
29.25	-4.5783
29.25	-4.5783
29.25	-4.5780
29.24	-4.5781
29.24	-4.5779
29.24	-4.5777
29.24	-4.5777
29.23	-4.5773
29.23	-4.5772
29.23	-4.5771
29.23	-4.5770
29.23	-4.5769
29.22	-4.5768
29.22	-4.5766
29.22	-4.5767
29.22	-4.5766
29.22	-4.5763
29.21	-4.5764
29.21	-4.5762
29.21	-4.5762
29.21	-4.5761
29.20	-4.5759
29.20	-4.5760
29.20	-4.5757
29.19	-4.5757
29.19	-4.5755
29.19	-4.5755
29.18	-4.5754
29.18	-4.5754
29.18	-4.5752
29.18	-4.5750
29.18	-4.5751
29.18	-4.5749
29.17	-4.5749
29.18	-4.5746
29.17	-4.5747
29.17	-4.5748
29.17	-4.5747
29.16	-4.5744
29.16	-4.5744
29.15	-4.5742
29.15	-4.5740
29.15	-4.5741
29.15	-4.5741
29.15	-4.5740
29.14	-4.5738
29.14	-4.5736
29.13	-4.5736
29.13	-4.5736
29.13	-4.5735
29.13	-4.5735
29.13	-4.5734
29.13	-4.5735
29.12	-4.5733
29.12	-4.5732
29.12	-4.5730
29.11	-4.5732
29.11	-4.5730
29.10	-4.5729
29.10	-4.5730
29.10	-4.5727
29.09	-4.5726
29.09	-4.5730
29.09	-4.5726
29.09	-4.5726
29.08	-4.5726
29.08	-4.5724
29.08	-4.5723
29.08	-4.5722
29.08	-4.5723
29.07	-4.5722
29.07	-4.5722
29.07	-4.5721
29.07	-4.5722
29.07	-4.5719
29.07	-4.5720
29.07	-4.5720
29.06	-4.5719
29.06	-4.5720
29.06	-4.5719
29.06	-4.5717
29.05	-4.5717
29.05	-4.5717
29.05	-4.5717
29.04	-4.5716
29.04	-4.5716
29.04	-4.5715
29.03	-4.5715
29.03	-4.5714
29.03	-4.5712
29.03	-4.5713
29.03	-4.5713
29.02	-4.5712
29.02	-4.5712
29.02	-4.5711
29.01	-4.5710
29.01	-4.5708
29.00	-4.5708
29.00	-4.5708
29.00	-4.5708
29.00	-4.5708
29.00	-4.5706
29.00	-4.5706
28.99	-4.5705
28.99	-4.5703
28.99	-4.5704
28.99	-4.5703
28.98	-4.5703
28.98	-4.5704
28.98	-4.5703
28.98	-4.5700
28.98	-4.5702
28.98	-4.5702
28.98	-4.5699
28.97	-4.5701
28.96	-4.5700
28.96	-4.5700
28.95	-4.5701
28.95	-4.5700
28.95	-4.5698
28.95	-4.5699
28.95	-4.5699
28.95	-4.5696
28.95	-4.5696
28.94	-4.5695
28.94	-4.5693
28.94	-4.5696
28.94	-4.5695
28.93	-4.5694
28.93	-4.5694
28.93	-4.5695
28.93	-4.5692
28.93	-4.5691
28.92	-4.5690
28.92	-4.5691
28.91	-4.5691
28.91	-4.5689
28.91	-4.5691
28.91	-4.5690
28.90	-4.5688
28.90	-4.5689
28.90	-4.5690
28.90	-4.5688
28.89	-4.5688
28.89	-4.5689
28.89	-4.5689
28.89	-4.5688
28.89	-4.5689
28.88	-4.5687
28.88	-4.5689
28.88	-4.5687
28.88	-4.5686
28.88	-4.5685
28.87	-4.5683
28.87	-4.5684
28.87	-4.5683
28.87	-4.5682
28.86	-4.5679
28.86	-4.5678
28.85	-4.5678
28.85	-4.5678
28.84	-4.5676
28.84	-4.5676
28.84	-4.5676
28.84	-4.5674
28.84	-4.5675
28.84	-4.5675
28.83	-4.5673
28.82	-4.5671
28.83	-4.5674
28.83	-4.5672
28.83	-4.5672
28.82	-4.5670
28.82	-4.5670
28.81	-4.5669
28.81	-4.5668
28.81	-4.5668
28.80	-4.5667
28.80	-4.5666
28.80	-4.5665
28.80	-4.5666
28.80	-4.5663
28.80	-4.5662
28.80	-4.5664
28.80	-4.5662
28.79	-4.5662
28.79	-4.5661
28.79	-4.5661
28.79	-4.5660
28.78	-4.5658
28.78	-4.5657
28.78	-4.5656
28.78	-4.5657
28.78	-4.5656
28.77	-4.5657
28.77	-4.5655
28.76	-4.5654
28.76	-4.5651
28.76	-4.5653
28.76	-4.5652
28.76	-4.5651
28.75	-4.5650
28.75	-4.5647
28.75	-4.5649
28.75	-4.5646
28.74	-4.5645
28.74	-4.5645
28.74	-4.5643
28.73	-4.5641
28.73	-4.5640
28.73	-4.5641
28.73	-4.5639
28.73	-4.5637
28.73	-4.5636
28.73	-4.5634
28.72	-4.5635
28.72	-4.5634
28.72	-4.5632
28.72	-4.5631
28.71	-4.5631
28.71	-4.5630
28.70	-4.5629
28.70	-4.5628
28.70	-4.5627
28.70	-4.5625
28.70	-4.5627
28.69	-4.5624
28.69	-4.5623
28.68	-4.5620
28.68	-4.5621
28.68	-4.5619
28.68	-4.5620
28.68	-4.5620
28.68	-4.5620
28.68	-4.5618
28.67	-4.5616
28.67	-4.5617
28.66	-4.5613
28.66	-4.5610
28.66	-4.5611
28.65	-4.5608
28.65	-4.5607
28.65	-4.5606
28.65	-4.5604
28.65	-4.5604
28.64	-4.5604
28.64	-4.5603
28.64	-4.5602
28.64	-4.5602
28.64	-4.5601
28.63	-4.5599
28.63	-4.5596
28.63	-4.5598
28.63	-4.5595
28.62	-4.5594
28.62	-4.5591
28.62	-4.5592
28.61	-4.5592
28.61	-4.5591
28.61	-4.5588
28.61	-4.5587
28.61	-4.5586
28.61	-4.5584
28.60	-4.5584
28.60	-4.5583
28.60	-4.5582
28.59	-4.5582
28.59	-4.5579
28.58	-4.5578
28.58	-4.5578
28.58	-4.5577
28.57	-4.5576
28.57	-4.5575
28.57	-4.5573
28.57	-4.5570
28.56	-4.5570
28.56	-4.5567
28.56	-4.5568
28.55	-4.5568
28.55	-4.5567
28.55	-4.5566
28.55	-4.5565
28.55	-4.5562
28.55	-4.5560
28.55	-4.5560
28.55	-4.5558
28.54	-4.5557
28.54	-4.5558
28.53	-4.5554
28.53	-4.5553
28.53	-4.5552
28.53	-4.5550
28.53	-4.5551
28.53	-4.5550
28.53	-4.5547
28.52	-4.5548
28.52	-4.5546
28.52	-4.5543
28.51	-4.5543
28.51	-4.5543
28.51	-4.5542
28.50	-4.5540
28.50	-4.5540
28.50	-4.5539
28.49	-4.5538
28.49	-4.5537
28.49	-4.5537
28.49	-4.5536
28.48	-4.5537
28.48	-4.5534
28.48	-4.5534
28.48	-4.5533
28.48	-4.5531
28.47	-4.5530
28.47	-4.5529
28.47	-4.5529
28.47	-4.5527
28.47	-4.5526
28.46	-4.5524
28.45	-4.5523
28.46	-4.5523
28.46	-4.5523
28.45	-4.5520
28.45	-4.5521
28.45	-4.5520
28.44	-4.5519
28.44	-4.5517
28.43	-4.5518
28.43	-4.5514
28.43	-4.5513
28.43	-4.5515
28.43	-4.5514
28.43	-4.5512
28.43	-4.5510
28.42	-4.5511
28.42	-4.5508
28.42	-4.5507
28.42	-4.5505
28.41	-4.5505
28.41	-4.5504
28.40	-4.5506
28.40	-4.5503
28.40	-4.5503
28.40	-4.5501
28.40	-4.5502
28.40	-4.5500
28.39	-4.5498
28.39	-4.5497
28.38	-4.5497
28.38	-4.5497
28.38	-4.5495
28.38	-4.5494
28.38	-4.5494
28.38	-4.5492
28.37	-4.5489
28.37	-4.5489
28.37	-4.5489
28.37	-4.5488
28.37	-4.5485
28.36	-4.5485
28.36	-4.5484
28.36	-4.5483
28.35	-4.5482
28.35	-4.5482
28.35	-4.5480
28.34	-4.5480
28.34	-4.5480
28.34	-4.5479
28.34	-4.5479
28.33	-4.5476
28.33	-4.5477
28.33	-4.5474
28.32	-4.5474
28.32	-4.5473
28.32	-4.5472
28.32	-4.5472
28.32	-4.5471
28.32	-4.5471
28.32	-4.5469
28.32	-4.5469
28.31	-4.5469
28.31	-4.5467
28.30	-4.5466
28.30	-4.5466
28.30	-4.5463
28.30	-4.5462
28.30	-4.5461
28.29	-4.5462
28.29	-4.5459
28.28	-4.5459
28.28	-4.5456
28.28	-4.5455
28.28	-4.5455
28.27	-4.5455
28.27	-4.5452
28.27	-4.5452
28.27	-4.5451
28.26	-4.5450
28.26	-4.5450
28.26	-4.5449
28.26	-4.5449
28.26	-4.5448
28.26	-4.5445
28.25	-4.5444
28.25	-4.5443
28.25	-4.5441
28.25	-4.5441
28.25	-4.5443
28.24	-4.5442
28.24	-4.5441
28.24	-4.5438
28.23	-4.5438
28.23	-4.5439
28.23	-4.5437
28.22	-4.5436
28.22	-4.5435
28.22	-4.5434
28.21	-4.5433
28.21	-4.5432
28.21	-4.5432
28.21	-4.5430
28.21	-4.5428
28.20	-4.5428
28.20	-4.5428
28.20	-4.5426
28.20	-4.5427
28.20	-4.5427
28.19	-4.5425
28.19	-4.5424
28.18	-4.5422
28.18	-4.5422
28.18	-4.5421
28.18	-4.5418
28.18	-4.5418
28.18	-4.5418
28.17	-4.5416
28.17	-4.5415
28.17	-4.5413
28.17	-4.5414
28.17	-4.5413
28.16	-4.5413
28.15	-4.5412
28.15	-4.5412
28.15	-4.5410
28.15	-4.5409
28.14	-4.5407
28.14	-4.5406
28.14	-4.5406
28.14	-4.5405
28.13	-4.5405
28.13	-4.5403
28.13	-4.5403
28.13	-4.5401
28.13	-4.5402
28.12	-4.5402
28.12	-4.5400
28.12	-4.5400
28.12	-4.5397
28.11	-4.5398
28.11	-4.5397
28.10	-4.5397
28.10	-4.5395
28.10	-4.5395
28.10	-4.5393
28.10	-4.5392
28.10	-4.5392
28.09	-4.5389
28.09	-4.5389
28.09	-4.5389
28.09	-4.5389
28.08	-4.5386
28.08	-4.5386
28.08	-4.5386
28.08	-4.5384
28.07	-4.5383
28.07	-4.5384
28.07	-4.5382
28.06	-4.5379
28.06	-4.5379
28.06	-4.5380
28.06	-4.5380
28.06	-4.5379
28.05	-4.5378
28.05	-4.5377
28.05	-4.5375
28.05	-4.5373
28.05	-4.5374
28.05	-4.5372
28.04	-4.5371
28.04	-4.5372
28.03	-4.5372
28.03	-4.5372
28.03	-4.5370
28.03	-4.5369
28.03	-4.5369
28.03	-4.5366
28.02	-4.5367
28.02	-4.5366
28.02	-4.5365
28.02	-4.5366
28.01	-4.5367
28.01	-4.5365
28.00	-4.5364
28.00	-4.5363
28.00	-4.5362
28.00	-4.5361
28.00	-4.5361
27.99	-4.5361
27.99	-4.5361
27.99	-4.5360
27.98	-4.5359
27.98	-4.5359
27.98	-4.5357
27.98	-4.5356
27.98	-4.5354
27.98	-4.5354
27.98	-4.5354
27.98	-4.5352
27.97	-4.5353
27.96	-4.5351
27.96	-4.5351
27.96	-4.5348
27.95	-4.5350
27.95	-4.5349
27.95	-4.5347
27.95	-4.5346
27.95	-4.5346
27.94	-4.5346
27.94	-4.5345
27.94	-4.5346
27.94	-4.5343
27.94	-4.5343
27.93	-4.5342
27.93	-4.5340
27.93	-4.5340
27.92	-4.5339
27.92	-4.5340
27.92	-4.5338
27.91	-4.5338
27.91	-4.5336
27.91	-4.5336
27.91	-4.5336
27.90	-4.5335
27.90	-4.5333
27.90	-4.5333
27.90	-4.5334
27.90	-4.5331
27.90	-4.5330
27.89	-4.5329
27.89	-4.5329
27.89	-4.5329
27.89	-4.5327
27.89	-4.5326
27.88	-4.5325
27.88	-4.5325
27.88	-4.5325
27.88	-4.5322
27.88	-4.5323
27.87	-4.5323
27.87	-4.5322
27.87	-4.5321
27.87	-4.5321
27.86	-4.5321
27.85	-4.5319
27.85	-4.5316
27.85	-4.5318
27.85	-4.5316
27.84	-4.5316
27.84	-4.5315
27.84	-4.5315
27.84	-4.5315
27.84	-4.5316
27.84	-4.5314
27.83	-4.5313
27.83	-4.5313
27.83	-4.5310
27.83	-4.5310
27.82	-4.5310
27.82	-4.5309
27.82	-4.5308
27.82	-4.5307
27.81	-4.5304
27.81	-4.5304
27.81	-4.5304
27.80	-4.5303
27.80	-4.5302
27.80	-4.5300
27.80	-4.5298
27.80	-4.5298
27.79	-4.5298
27.79	-4.5296
27.79	-4.5292
27.79	-4.5295
27.78	-4.5291
27.78	-4.5292
27.78	-4.5290
27.78	-4.5289
27.77	-4.5288
27.77	-4.5287
27.77	-4.5285
27.77	-4.5285
27.77	-4.5282
27.77	-4.5282
27.76	-4.5283
27.76	-4.5283
27.76	-4.5282
27.76	-4.5281
27.75	-4.5282
27.75	-4.5279
27.75	-4.5280
27.74	-4.5279
27.74	-4.5278
27.74	-4.5276
27.73	-4.5276
27.73	-4.5275
27.73	-4.5276
27.73	-4.5274
27.72	-4.5274
27.72	-4.5274
27.72	-4.5275
27.72	-4.5276
27.72	-4.5274
27.71	-4.5273
27.71	-4.5275
27.71	-4.5274
27.70	-4.5274
27.70	-4.5274
27.70	-4.5271
27.70	-4.5271
27.69	-4.5272
27.69	-4.5274
27.69	-4.5272
27.68	-4.5272
27.68	-4.5271
27.68	-4.5270
27.68	-4.5270
27.67	-4.5269
27.67	-4.5270
27.67	-4.5270
27.67	-4.5271
27.66	-4.5270
27.66	-4.5269
27.66	-4.5269
27.66	-4.5269
27.65	-4.5270
27.65	-4.5270
27.65	-4.5270
27.65	-4.5270
27.65	-4.5270
27.65	-4.5272
27.64	-4.5270
27.64	-4.5273
27.64	-4.5270
27.63	-4.5270
27.63	-4.5272
27.63	-4.5271
27.63	-4.5272
27.62	-4.5270
27.62	-4.5272
27.62	-4.5270
27.62	-4.5271
27.61	-4.5269
27.61	-4.5271
27.61	-4.5271
27.61	-4.5272
27.61	-4.5270
27.60	-4.5272
27.60	-4.5271
27.60	-4.5272
27.59	-4.5272
27.59	-4.5273
27.59	-4.5272
27.59	-4.5272
27.58	-4.5271
27.58	-4.5273
27.58	-4.5273
27.57	-4.5273
27.57	-4.5273
27.57	-4.5272
27.56	-4.5275
27.57	-4.5273
27.56	-4.5273
27.57	-4.5274
27.56	-4.5273
27.56	-4.5274
27.56	-4.5274
27.55	-4.5274
27.55	-4.5274
27.55	-4.5274
27.54	-4.5275
27.54	-4.5274
27.54	-4.5277
27.54	-4.5274
27.53	-4.5276
27.53	-4.5276
27.53	-4.5276
27.53	-4.5277
27.53	-4.5277
27.52	-4.5275
27.52	-4.5275
27.52	-4.5277
27.52	-4.5277
27.52	-4.5277
27.51	-4.5277
27.51	-4.5276
27.50	-4.5278
27.50	-4.5279
27.50	-4.5280
27.50	-4.5280
27.50	-4.5281
27.49	-4.5281
27.49	-4.5280
27.49	-4.5280
27.49	-4.5282
27.48	-4.5281
27.48	-4.5282
27.48	-4.5282
27.47	-4.5284
27.47	-4.5283
27.47	-4.5285
27.46	-4.5283
27.46	-4.5285
27.46	-4.5286
27.46	-4.5285
27.45	-4.5286
27.45	-4.5288
27.45	-4.5286
27.45	-4.5287
27.45	-4.5288
27.44	-4.5289
27.44	-4.5288
27.44	-4.5289
27.44	-4.5291
27.44	-4.5291
27.44	-4.5291
27.43	-4.5291
27.43	-4.5291
27.42	-4.5292
27.42	-4.5290
27.41	-4.5292
27.41	-4.5292
27.41	-4.5293
27.41	-4.5293
27.41	-4.5294
27.40	-4.5293
27.40	-4.5293
27.40	-4.5295
27.40	-4.5295
27.40	-4.5295
27.39	-4.5295
27.39	-4.5294
27.39	-4.5295
27.39	-4.5295
27.39	-4.5295
27.38	-4.5297
27.38	-4.5299
27.38	-4.5299
27.37	-4.5299
27.37	-4.5301
27.36	-4.5300
27.36	-4.5303
27.36	-4.5301
27.36	-4.5301
27.36	-4.5303
27.36	-4.5304
27.36	-4.5303
27.35	-4.5302
27.34	-4.5304
27.34	-4.5307
27.34	-4.5305
27.34	-4.5306
27.34	-4.5305
27.33	-4.5306
27.33	-4.5308
27.33	-4.5307
27.33	-4.5307
27.32	-4.5307
27.32	-4.5307
27.32	-4.5307
27.32	-4.5307
27.32	-4.5308
27.32	-4.5310
27.31	-4.5311
27.31	-4.5311
27.30	-4.5309
27.30	-4.5310
27.30	-4.5309
27.30	-4.5311
27.30	-4.5310
27.30	-4.5311
27.30	-4.5312
27.29	-4.5312
27.29	-4.5312
27.28	-4.5310
27.28	-4.5313
27.28	-4.5314
27.28	-4.5315
27.28	-4.5315
27.28	-4.5316
27.27	-4.5316
27.27	-4.5318
27.27	-4.5317
27.27	-4.5319
27.26	-4.5318
27.26	-4.5318
27.26	-4.5322
27.26	-4.5321
27.25	-4.5321
27.25	-4.5321
27.25	-4.5319
27.24	-4.5318
27.24	-4.5322
27.23	-4.5324
27.23	-4.5323
27.23	-4.5324
27.23	-4.5325
27.23	-4.5326
27.22	-4.5326
27.22	-4.5326
27.22	-4.5323
27.22	-4.5327
27.22	-4.5328
27.21	-4.5328
27.21	-4.5330
27.21	-4.5330
27.21	-4.5329
27.21	-4.5331
27.21	-4.5333
27.20	-4.5332
27.20	-4.5332
27.20	-4.5332
27.19	-4.5332
27.19	-4.5336
27.19	-4.5334
27.18	-4.5336
27.18	-4.5335
27.18	-4.5335
27.18	-4.5336
27.17	-4.5337
27.17	-4.5337
27.16	-4.5338
27.16	-4.5341
27.16	-4.5340
27.16	-4.5340
27.15	-4.5340
27.15	-4.5342
27.15	-4.5343
27.15	-4.5344
27.15	-4.5345
27.15	-4.5345
27.14	-4.5345
27.14	-4.5345
27.14	-4.5345
27.13	-4.5345
27.13	-4.5347
27.13	-4.5348
27.13	-4.5349
27.13	-4.5349
27.12	-4.5349
27.12	-4.5349
27.11	-4.5351
27.11	-4.5351
27.11	-4.5351
27.11	-4.5353
27.11	-4.5352
27.11	-4.5355
27.11	-4.5355
27.10	-4.5355
27.09	-4.5357
27.09	-4.5356
27.09	-4.5356
27.09	-4.5355
27.09	-4.5357
27.08	-4.5357
27.08	-4.5359
27.08	-4.5359
27.08	-4.5360
27.07	-4.5359
27.07	-4.5363
27.07	-4.5363
27.07	-4.5363
27.06	-4.5364
27.06	-4.5365
27.06	-4.5364
27.06	-4.5365
27.06	-4.5366
27.05	-4.5366
27.06	-4.5366
27.05	-4.5367
27.05	-4.5369
27.05	-4.5369
27.04	-4.5370
27.04	-4.5369
27.03	-4.5371
27.03	-4.5370
27.03	-4.5370
27.03	-4.5373
27.03	-4.5372
27.03	-4.5372
27.03	-4.5374
27.02	-4.5375
27.02	-4.5374
27.01	-4.5374
27.01	-4.5376
27.01	-4.5376
27.01	-4.5379
27.00	-4.5379
27.00	-4.5379
27.00	-4.5380
27.00	-4.5382
27.00	-4.5381
26.99	-4.5381
26.99	-4.5385
26.99	-4.5384
26.99	-4.5384
26.99	-4.5386
26.99	-4.5385
26.99	-4.5386
26.98	-4.5387
26.98	-4.5388
26.97	-4.5389
26.97	-4.5390
26.97	-4.5390
26.97	-4.5390
26.97	-4.5393
26.96	-4.5394
26.96	-4.5394
26.96	-4.5396
26.95	-4.5396
26.95	-4.5397
26.95	-4.5400
26.95	-4.5399
26.95	-4.5400
26.94	-4.5402
26.94	-4.5403
26.94	-4.5403
26.94	-4.5405
26.93	-4.5406
26.93	-4.5407
26.93	-4.5410
26.92	-4.5410
26.92	-4.5412
26.92	-4.5413
26.92	-4.5415
26.92	-4.5414
26.91	-4.5418
26.91	-4.5418
26.91	-4.5421
26.90	-4.5420
26.90	-4.5422
26.90	-4.5423
26.90	-4.5425
26.90	-4.5427
26.90	-4.5428
26.90	-4.5427
26.89	-4.5429
26.89	-4.5431
26.88	-4.5432
26.88	-4.5435
26.88	-4.5433
26.88	-4.5437
26.88	-4.5438
26.88	-4.5438
26.87	-4.5441
26.87	-4.5442
26.86	-4.5443
26.85	-4.5447
26.85	-4.5448
26.85	-4.5448
26.85	-4.5451
26.85	-4.5450
26.84	-4.5455
26.84	-4.5455
26.84	-4.5457
26.84	-4.5459
26.84	-4.5459
26.83	-4.5462
26.83	-4.5464
26.83	-4.5465
26.83	-4.5467
26.82	-4.5470
26.82	-4.5470
26.82	-4.5470
26.82	-4.5473
26.82	-4.5475
26.82	-4.5478
26.82	-4.5479
26.81	-4.5481
26.81	-4.5483
26.80	-4.5484
26.80	-4.5487
26.80	-4.5487
26.80	-4.5490
26.79	-4.5493
26.79	-4.5494
26.78	-4.5497
26.78	-4.5497
26.78	-4.5499
26.78	-4.5501
26.78	-4.5504
26.77	-4.5507
26.77	-4.5509
26.77	-4.5511
26.77	-4.5512
26.76	-4.5514
26.76	-4.5516
26.76	-4.5520
26.75	-4.5519
26.75	-4.5523
26.75	-4.5523
26.75	-4.5526
26.75	-4.5529
26.75	-4.5531
26.75	-4.5533
26.74	-4.5535
26.74	-4.5535
26.74	-4.5539
26.73	-4.5541
26.73	-4.5542
26.73	-4.5546
26.73	-4.5550
26.72	-4.5549
26.72	-4.5551
26.71	-4.5555
26.71	-4.5557
26.71	-4.5559
26.71	-4.5561
26.70	-4.5566
26.70	-4.5567
26.70	-4.5569
26.70	-4.5571
26.70	-4.5574
26.69	-4.5576
26.69	-4.5580
26.69	-4.5581
26.69	-4.5584
26.69	-4.5587
26.68	-4.5591
26.68	-4.5594
26.68	-4.5597
26.68	-4.5599
26.67	-4.5604
26.67	-4.5602
26.67	-4.5606
26.67	-4.5608
26.66	-4.5611
26.66	-4.5612
26.66	-4.5615
26.66	-4.5619
26.65	-4.5619
26.65	-4.5624
26.65	-4.5625
26.64	-4.5628
26.64	-4.5630
26.64	-4.5631
26.64	-4.5634
26.64	-4.5638
26.63	-4.5639
26.63	-4.5642
26.63	-4.5644
26.63	-4.5647
26.63	-4.5650
26.63	-4.5652
26.62	-4.5655
26.62	-4.5658
26.61	-4.5661
26.61	-4.5662
26.61	-4.5667
26.61	-4.5669
26.61	-4.5670
26.60	-4.5672
26.60	-4.5677
26.60	-4.5679
26.59	-4.5682
26.59	-4.5685
26.59	-4.5686
26.58	-4.5691
26.58	-4.5692
26.58	-4.5695
26.58	-4.5698
26.58	-4.5702
26.58	-4.5703
26.58	-4.5707
26.57	-4.5708
26.57	-4.5712
26.57	-4.5715
26.57	-4.5717
26.56	-4.5721
26.56	-4.5726
26.55	-4.5729
26.55	-4.5732
26.55	-4.5735
26.55	-4.5738
26.55	-4.5741
26.54	-4.5745
26.54	-4.5749
26.53	-4.5751
26.53	-4.5754
26.53	-4.5759
26.53	-4.5762
26.53	-4.5764
26.53	-4.5767
26.53	-4.5769
26.53	-4.5773
26.53	-4.5778
26.52	-4.5779
26.51	-4.5783
26.51	-4.5789
26.51	-4.5790
26.51	-4.5796
26.50	-4.5797
26.50	-4.5802
26.50	-4.5805
26.50	-4.5811
26.50	-4.5812
26.50	-4.5815
26.49	-4.5819
26.49	-4.5821
26.49	-4.5826
26.48	-4.5831
26.48	-4.5835
26.48	-4.5837
26.48	-4.5841
26.47	-4.5845
26.47	-4.5847
26.47	-4.5854
26.46	-4.5859
26.46	-4.5859
26.46	-4.5863
26.46	-4.5865
26.46	-4.5869
26.45	-4.5873
26.45	-4.5877
26.45	-4.5880
26.45	-4.5885
26.45	-4.5888
26.44	-4.5892
26.44	-4.5895
26.44	-4.5898
26.43	-4.5902
26.43	-4.5907
26.43	-4.5909
26.43	-4.5916
26.42	-4.5921
26.42	-4.5926
26.41	-4.5930
26.41	-4.5934
26.41	-4.5936
26.41	-4.5941
26.41	-4.5945
26.41	-4.5951
26.41	-4.5955
26.40	-4.5959
26.40	-4.5963
26.40	-4.5966
26.39	-4.5971
26.39	-4.5975
26.39	-4.5980
26.39	-4.5986
26.38	-4.5991
26.38	-4.5996
26.38	-4.5998
26.38	-4.6000
26.38	-4.6008
26.37	-4.6011
26.37	-4.6013
26.37	-4.6021
26.37	-4.6022
26.36	-4.6027
26.36	-4.6029
26.36	-4.6035
26.35	-4.6041
26.35	-4.6043
26.35	-4.6045
26.35	-4.6052
26.34	-4.6057
26.34	-4.6061
26.34	-4.6062
26.34	-4.6067
26.33	-4.6072
26.33	-4.6077
26.32	-4.6082
26.32	-4.6086
26.32	-4.6090
26.32	-4.6095
26.32	-4.6102
26.31	-4.6106
26.31	-4.6111
26.30	-4.6115
26.30	-4.6120
26.30	-4.6126
26.30	-4.6131
26.30	-4.6134
26.30	-4.6140
26.29	-4.6145
26.29	-4.6148
26.29	-4.6153
26.29	-4.6158
26.28	-4.6164
26.28	-4.6172
26.28	-4.6176
26.28	-4.6180
26.28	-4.6185
26.27	-4.6189
26.27	-4.6194
26.27	-4.6199
26.27	-4.6205
26.27	-4.6209
26.26	-4.6215
26.26	-4.6219
26.25	-4.6228
26.25	-4.6232
26.25	-4.6237
26.24	-4.6243
26.24	-4.6248
26.24	-4.6253
26.23	-4.6260
26.23	-4.6266
26.23	-4.6274
26.23	-4.6277
26.23	-4.6281
26.23	-4.6290
26.23	-4.6296
26.22	-4.6302
26.22	-4.6308
26.22	-4.6314
26.22	-4.6317
26.21	-4.6324
26.21	-4.6331
26.21	-4.6335
26.21	-4.6343
26.21	-4.6350
26.20	-4.6357
26.20	-4.6363
26.20	-4.6367
26.20	-4.6376
26.19	-4.6380
26.19	-4.6387
26.19	-4.6392
26.19	-4.6399
26.18	-4.6407
26.18	-4.6414
26.18	-4.6418
26.18	-4.6425
26.18	-4.6432
26.17	-4.6439
26.17	-4.6444
26.16	-4.6451
26.16	-4.6456
26.15	-4.6464
26.15	-4.6471
26.15	-4.6477
26.15	-4.6484
26.14	-4.6490
26.14	-4.6497
26.14	-4.6505
26.13	-4.6510
26.13	-4.6515
26.13	-4.6523
26.13	-4.6530
26.13	-4.6537
26.13	-4.6541
26.13	-4.6551
26.13	-4.6556
26.13	-4.6564
26.12	-4.6569
26.12	-4.6576
26.12	-4.6585
26.12	-4.6592
26.11	-4.6597
26.11	-4.6606
26.11	-4.6611
26.11	-4.6619
26.10	-4.6624
26.10	-4.6633
26.10	-4.6637
26.09	-4.6645
26.09	-4.6655
26.09	-4.6661
26.09	-4.6668
26.09	-4.6673
26.09	-4.6680
26.08	-4.6688
26.08	-4.6694
26.07	-4.6703
26.07	-4.6710
26.07	-4.6718
26.07	-4.6724
26.07	-4.6732
26.07	-4.6739
26.07	-4.6746
26.06	-4.6752
26.06	-4.6760
26.05	-4.6768
26.05	-4.6777
26.05	-4.6783
26.05	-4.6790
26.05	-4.6797
26.04	-4.6803
26.04	-4.6811
26.05	-4.6821
26.04	-4.6828
26.04	-4.6835
26.03	-4.6842
26.03	-4.6848
26.03	-4.6856
26.03	-4.6864
26.02	-4.6871
26.02	-4.6881
26.01	-4.6888
26.01	-4.6893
26.01	-4.6905
26.01	-4.6909
26.00	-4.6916
26.00	-4.6924
26.00	-4.6932
26.00	-4.6943
26.00	-4.6949
25.99	-4.6957
25.99	-4.6964
25.99	-4.6973
25.99	-4.6980
25.98	-4.6987
25.98	-4.6995
25.98	-4.7003
25.98	-4.7011
25.97	-4.7018
25.97	-4.7027
25.97	-4.7032
25.97	-4.7041
25.96	-4.7048
25.96	-4.7056
25.96	-4.7063
25.95	-4.7071
25.95	-4.7079
25.95	-4.7091
25.95	-4.7098
25.95	-4.7106
25.95	-4.7112
25.94	-4.7123
25.94	-4.7127
25.93	-4.7137
25.93	-4.7145
25.93	-4.7154
25.93	-4.7162
25.93	-4.7169
25.92	-4.7179
25.92	-4.7185
25.92	-4.7193
25.91	-4.7200
25.91	-4.7210
25.91	-4.7216
25.90	-4.7225
25.90	-4.7234
25.90	-4.7244
25.90	-4.7253
25.90	-4.7259
25.90	-4.7268
25.89	-4.7275
25.89	-4.7284
25.89	-4.7292
25.88	-4.7299
25.88	-4.7307
25.88	-4.7317
25.88	-4.7325
25.88	-4.7334
25.88	-4.7342
25.87	-4.7350
25.87	-4.7361
25.86	-4.7365
25.86	-4.7377
25.86	-4.7384
25.86	-4.7392
25.85	-4.7399
25.85	-4.7409
25.84	-4.7420
25.84	-4.7427
25.84	-4.7436
25.84	-4.7444
25.84	-4.7452
25.83	-4.7462
25.83	-4.7470
25.83	-4.7476
25.82	-4.7488
25.82	-4.7495
25.82	-4.7506
25.82	-4.7512
25.82	-4.7520
25.82	-4.7529
25.82	-4.7538
25.82	-4.7546
25.81	-4.7554
25.81	-4.7562
25.81	-4.7573
25.80	-4.7577
25.80	-4.7588
25.80	-4.7598
25.79	-4.7605
25.79	-4.7615
25.79	-4.7622
25.78	-4.7633
25.78	-4.7639
25.78	-4.7648
25.78	-4.7658
25.78	-4.7667
25.78	-4.7674
25.77	-4.7684
25.77	-4.7692
25.77	-4.7702
25.76	-4.7711
25.76	-4.7718
25.76	-4.7731
25.76	-4.7739
25.75	-4.7746
25.75	-4.7754
25.75	-4.7764
25.75	-4.7773
25.75	-4.7780
25.75	-4.7790
25.75	-4.7799
25.74	-4.7808
25.74	-4.7817
25.73	-4.7827
25.73	-4.7837
25.73	-4.7845
25.73	-4.7852
25.73	-4.7862
25.73	-4.7871
25.73	-4.7881
25.72	-4.7889
25.72	-4.7898
25.72	-4.7908
25.71	-4.7916
25.71	-4.7926
25.71	-4.7932
25.70	-4.7941
25.70	-4.7953
25.69	-4.7960
25.69	-4.7970
25.69	-4.7979
25.69	-4.7990
25.68	-4.7997
25.68	-4.8008
25.68	-4.8017
25.68	-4.8025
25.68	-4.8033
25.68	-4.8043
25.68	-4.8052
25.67	-4.8063
25.66	-4.8071
25.66	-4.8081
25.66	-4.8090
25.66	-4.8100
25.65	-4.8108
25.65	-4.8118
25.65	-4.8126
25.65	-4.8136
25.65	-4.8147
25.65	-4.8154
25.64	-4.8162
25.64	-4.8172
25.64	-4.8185
25.64	-4.8192
25.63	-4.8200
25.63	-4.8209
25.63	-4.8220
25.63	-4.8228
25.62	-4.8236
25.61	-4.8248
25.61	-4.8257
25.61	-4.8265
25.61	-4.8276
25.61	-4.8283
25.61	-4.8293
25.61	-4.8304
25.60	-4.8313
25.60	-4.8321
25.59	-4.8331
25.59	-4.8341
25.59	-4.8350
25.59	-4.8358
25.58	-4.8368
25.58	-4.8378
25.58	-4.8387
25.58	-4.8396
25.57	-4.8406
25.57	-4.8415
25.57	-4.8426
25.57	-4.8434
25.57	-4.8444
25.57	-4.8452
25.56	-4.8462
25.56	-4.8474
25.56	-4.8482
25.56	-4.8492
25.55	-4.8499
25.55	-4.8509
25.55	-4.8519
25.54	-4.8528
25.54	-4.8538
25.54	-4.8549
25.53	-4.8558
25.53	-4.8566
25.53	-4.8576
25.53	-4.8585
25.53	-4.8596
25.53	-4.8605
25.53	-4.8614
25.52	-4.8622
25.52	-4.8630
25.52	-4.8638
25.51	-4.8649
25.51	-4.8658
25.51	-4.8670
25.50	-4.8678
25.50	-4.8687
25.50	-4.8696
25.50	-4.8708
25.50	-4.8716
25.49	-4.8727
25.49	-4.8735
25.49	-4.8745
25.48	-4.8756
25.48	-4.8765
25.48	-4.8774
25.48	-4.8785
25.48	-4.8795
25.48	-4.8803
25.47	-4.8811
25.47	-4.8821
25.47	-4.8833
25.47	-4.8841
25.46	-4.8850
25.46	-4.8857
25.46	-4.8867
25.45	-4.8876
25.45	-4.8886
25.45	-4.8894
25.44	-4.8904
25.44	-4.8913
25.44	-4.8922
25.44	-4.8933
25.44	-4.8940
25.44	-4.8951
25.43	-4.8960
25.43	-4.8970
25.43	-4.8980
25.42	-4.8988
25.42	-4.8999
25.42	-4.9007
25.42	-4.9016
25.41	-4.9027
25.41	-4.9036
25.41	-4.9046
25.41	-4.9055
25.40	-4.9061
25.40	-4.9072
25.40	-4.9083
25.40	-4.9090
25.40	-4.9099
25.40	-4.9109
25.39	-4.9121
25.39	-4.9129
25.38	-4.9139
25.38	-4.9147
25.38	-4.9155
25.38	-4.9165
25.38	-4.9175
25.37	-4.9185
25.37	-4.9195
25.37	-4.9203
25.36	-4.9212
25.36	-4.9221
25.36	-4.9230
25.35	-4.9242
25.35	-4.9249
25.35	-4.9257
25.34	-4.9267
25.34	-4.9276
25.34	-4.9285
25.34	-4.9296
25.34	-4.9304
25.34	-4.9312
25.33	-4.9321
25.33	-4.9330
25.33	-4.9339
25.33	-4.9348
25.32	-4.9358
25.32	-4.9367
25.32	-4.9375
25.32	-4.9385
25.32	-4.9394
25.31	-4.9404
25.30	-4.9412
25.30	-4.9423
25.30	-4.9431
25.30	-4.9442
25.30	-4.9451
25.30	-4.9456
25.29	-4.9465
25.29	-4.9476
25.29	-4.9487
25.29	-4.9496
25.28	-4.9503
25.28	-4.9512
25.28	-4.9520
25.28	-4.9531
25.28	-4.9540
25.27	-4.9549
25.27	-4.9558
25.27	-4.9566
25.27	-4.9576
25.27	-4.9585
25.26	-4.9594
25.25	-4.9601
25.25	-4.9611
25.25	-4.9621
25.25	-4.9629
25.24	-4.9635
25.24	-4.9646
25.24	-4.9655
25.24	-4.9662
25.23	-4.9672
25.23	-4.9681
25.23	-4.9690
25.23	-4.9697
25.23	-4.9707
25.23	-4.9716
25.22	-4.9723
25.22	-4.9733
25.21	-4.9742
25.21	-4.9750
25.21	-4.9759
25.21	-4.9767
25.21	-4.9776
25.21	-4.9785
25.21	-4.9795
25.20	-4.9804
25.20	-4.9811
25.20	-4.9819
25.20	-4.9828
25.20	-4.9839
25.19	-4.9845
25.19	-4.9854
25.19	-4.9861
25.18	-4.9870
25.18	-4.9880
25.18	-4.9889
25.18	-4.9894
25.18	-4.9904
25.18	-4.9912
25.18	-4.9921
25.17	-4.9928
25.16	-4.9936
25.16	-4.9944
25.15	-4.9954
25.15	-4.9962
25.15	-4.9971
25.15	-4.9978
25.15	-4.9985
25.15	-4.9992
25.14	-5.0000
25.14	-5.0009
25.14	-5.0017
25.13	-5.0024
25.13	-5.0031
25.13	-5.0040
25.13	-5.0048
25.13	-5.0057
25.13	-5.0066
25.13	-5.0073
25.12	-5.0080
25.12	-5.0087
25.11	-5.0096
25.11	-5.0104
25.11	-5.0113
25.11	-5.0119
25.10	-5.0126
25.10	-5.0136
25.10	-5.0141
25.10	-5.0149
25.10	-5.0156
25.10	-5.0164
25.09	-5.0171
25.09	-5.0178
25.08	-5.0183
25.08	-5.0193
25.08	-5.0202
25.08	-5.0210
25.08	-5.0218
25.08	-5.0224
25.07	-5.0230
25.07	-5.0237
25.07	-5.0245
25.06	-5.0254
25.06	-5.0258
25.06	-5.0265
25.06	-5.0275
25.06	-5.0280
25.05	-5.0288
25.05	-5.0295
25.05	-5.0301
25.05	-5.0308
25.05	-5.0315
25.05	-5.0322
25.04	-5.0330
25.04	-5.0334
25.03	-5.0341
25.03	-5.0348
25.03	-5.0355
25.03	-5.0361
25.03	-5.0371
25.02	-5.0375
25.02	-5.0383
25.02	-5.0389
25.02	-5.0394
25.01	-5.0401
25.01	-5.0409
25.01	-5.0417
25.01	-5.0422
25.00	-5.0430
25.00	-5.0437
25.00	-5.0443
25.00	-5.0450
24.99	-5.0456
24.99	-5.0464
24.98	-5.0468
24.98	-5.0475
24.98	-5.0480
24.98	-5.0488
24.98	-5.0492
24.98	-5.0500
24.97	-5.0506
24.97	-5.0510
24.97	-5.0517
24.96	-5.0522
24.96	-5.0528
24.96	-5.0536
24.96	-5.0542
24.95	-5.0548
24.95	-5.0553
24.95	-5.0559
24.95	-5.0566
24.94	-5.0572
24.94	-5.0576
24.94	-5.0580
24.94	-5.0586
24.94	-5.0589
24.94	-5.0595
24.93	-5.0602
24.93	-5.0606
24.92	-5.0612
24.92	-5.0617
24.91	-5.0622
24.91	-5.0625
24.91	-5.0632
24.91	-5.0634
24.90	-5.0638
24.90	-5.0644
24.90	-5.0649
24.90	-5.0654
24.90	-5.0661
24.89	-5.0663
24.89	-5.0670
24.89	-5.0674
24.89	-5.0678
24.88	-5.0685
24.88	-5.0689
24.88	-5.0692
24.88	-5.0697
24.88	-5.0703
24.88	-5.0707
24.88	-5.0713
24.87	-5.0720
24.87	-5.0725
24.86	-5.0731
24.86	-5.0733
24.86	-5.0738
24.85	-5.0746
24.85	-5.0750
24.85	-5.0753
24.84	-5.0759
24.85	-5.0763
24.85	-5.0768
24.84	-5.0772
24.84	-5.0777
24.84	-5.0782
24.84	-5.0787
24.83	-5.0792
24.83	-5.0796
24.83	-5.0801
24.82	-5.0806
24.82	-5.0811
24.82	-5.0815
24.82	-5.0820
24.81	-5.0824
24.81	-5.0827
24.81	-5.0833
24.81	-5.0838
24.80	-5.0843
24.80	-5.0848
24.80	-5.0852
24.80	-5.0856
24.80	-5.0861
24.79	-5.0865
24.79	-5.0870
24.79	-5.0873
24.79	-5.0879
24.78	-5.0883
24.78	-5.0888
24.78	-5.0891
24.78	-5.0896
24.77	-5.0900
24.77	-5.0906
24.77	-5.0908
24.76	-5.0913
24.76	-5.0919
24.76	-5.0921
24.75	-5.0927
24.75	-5.0930
24.75	-5.0934
24.75	-5.0939
24.75	-5.0943
24.74	-5.0947
24.74	-5.0950
24.73	-5.0955
24.73	-5.0961
24.73	-5.0964
24.73	-5.0965
24.73	-5.0971
24.73	-5.0974
24.72	-5.0977
24.72	-5.0983
24.72	-5.0986
24.72	-5.0991
24.72	-5.0995
24.71	-5.1000
24.71	-5.1002
24.70	-5.1007
24.70	-5.1009
24.70	-5.1014
24.70	-5.1017
24.70	-5.1021
24.70	-5.1022
24.69	-5.1025
24.69	-5.1030
24.69	-5.1033
24.68	-5.1038
24.68	-5.1041
24.68	-5.1044
24.68	-5.1047
24.68	-5.1050
24.68	-5.1055
24.67	-5.1056
24.67	-5.1061
24.67	-5.1062
24.66	-5.1066
24.66	-5.1070
24.65	-5.1072
24.65	-5.1076
24.65	-5.1079
24.65	-5.1081
24.65	-5.1085
24.65	-5.1086
24.64	-5.1090
24.64	-5.1094
24.64	-5.1097
24.63	-5.1101
24.63	-5.1102
24.63	-5.1106
24.63	-5.1108
24.63	-5.1110
24.62	-5.1114
24.62	-5.1114
24.62	-5.1118
24.61	-5.1122
24.61	-5.1124
24.61	-5.1128
24.61	-5.1129
24.60	-5.1131
24.60	-5.1132
24.60	-5.1137
24.60	-5.1138
24.59	-5.1140
24.59	-5.1143
24.59	-5.1146
24.59	-5.1148
24.58	-5.1150
24.58	-5.1152
24.58	-5.1155
24.57	-5.1156
24.57	-5.1157
24.57	-5.1160
24.57	-5.1160
24.57	-5.1164
24.56	-5.1164
24.56	-5.1166
24.56	-5.1170
24.56	-5.1170
24.55	-5.1172
24.55	-5.1173
24.55	-5.1175
24.55	-5.1178
24.55	-5.1181
24.55	-5.1180
24.54	-5.1181
24.54	-5.1184
24.54	-5.1183
24.53	-5.1185
24.53	-5.1186
24.53	-5.1186
24.53	-5.1188
24.53	-5.1190
24.52	-5.1193
24.52	-5.1190
24.51	-5.1192
24.51	-5.1195
24.51	-5.1195
24.51	-5.1195
24.50	-5.1197
24.50	-5.1200
24.50	-5.1201
24.50	-5.1200
24.50	-5.1202
24.49	-5.1200
24.49	-5.1205
24.49	-5.1204
24.49	-5.1205
24.49	-5.1205
24.48	-5.1209
24.48	-5.1207
24.48	-5.1209
24.48	-5.1209
24.47	-5.1209
24.47	-5.1209
24.47	-5.1208
24.46	-5.1209
24.46	-5.1210
24.46	-5.1211
24.46	-5.1212
24.46	-5.1213
24.45	-5.1213
24.45	-5.1210
24.45	-5.1210
24.44	-5.1210
24.44	-5.1211
24.43	-5.1210
24.43	-5.1212
24.43	-5.1212
24.43	-5.1210
24.43	-5.1211
24.42	-5.1211
24.42	-5.1212
24.41	-5.1213
24.41	-5.1209
24.41	-5.1209
24.41	-5.1208
24.41	-5.1207
24.41	-5.1206
24.41	-5.1208
24.40	-5.1205
24.40	-5.1205
24.40	-5.1206
24.40	-5.1207
24.39	-5.1205
24.39	-5.1203
24.39	-5.1201
24.39	-5.1202
24.38	-5.1202
24.38	-5.1200
24.38	-5.1199
24.38	-5.1198
24.37	-5.1200
24.37	-5.1196
24.37	-5.1194
24.36	-5.1196
24.36	-5.1194
24.35	-5.1191
24.35	-5.1191
24.35	-5.1192
24.35	-5.1188
24.35	-5.1187
24.35	-5.1189
24.35	-5.1188
24.34	-5.1186
24.34	-5.1184
24.34	-5.1182
24.34	-5.1182
24.33	-5.1179
24.33	-5.1177
24.32	-5.1178
24.32	-5.1178
24.32	-5.1176
24.32	-5.1173
24.32	-5.1172
24.32	-5.1171
24.32	-5.1168
24.32	-5.1167
24.32	-5.1165
24.31	-5.1164
24.31	-5.1163
24.30	-5.1161
24.30	-5.1158
24.30	-5.1155
24.30	-5.1157
24.30	-5.1154
24.29	-5.1153
24.29	-5.1152
24.29	-5.1151
24.29	-5.1147
24.28	-5.1147
24.28	-5.1144
24.28	-5.1142
24.28	-5.1140
24.27	-5.1140
24.27	-5.1138
24.27	-5.1135
24.27	-5.1134
24.27	-5.1131
24.26	-5.1128
24.26	-5.1127
24.25	-5.1124
24.25	-5.1123
24.25	-5.1121
24.25	-5.1119
24.24	-5.1115
24.24	-5.1114
24.24	-5.1113
24.24	-5.1111
24.24	-5.1108
24.23	-5.1106
24.23	-5.1104
24.23	-5.1102
24.23	-5.1098
24.23	-5.1095
24.22	-5.1092
24.22	-5.1092
24.22	-5.1087
24.21	-5.1083
24.21	-5.1082
24.21	-5.1077
24.20	-5.1077
24.20	-5.1073
24.20	-5.1071
24.20	-5.1069
24.20	-5.1066
24.19	-5.1064
24.19	-5.1061
24.19	-5.1059
24.19	-5.1055
24.18	-5.1055
24.18	-5.1049
24.18	-5.1046
24.18	-5.1043
24.18	-5.1042
24.18	-5.1039
24.17	-5.1035
24.17	-5.1032
24.17	-5.1028
24.16	-5.1027
24.16	-5.1024
24.16	-5.1022
24.16	-5.1015
24.15	-5.1015
24.15	-5.1013
24.15	-5.1010
24.15	-5.1007
24.14	-5.1002
24.14	-5.1000
24.13	-5.0996
24.13	-5.0994
24.13	-5.0989
24.13	-5.0984
24.13	-5.0983
24.12	-5.0977
24.12	-5.0977
24.12	-5.0972
24.12	-5.0970
24.12	-5.0966
24.12	-5.0963
24.11	-5.0961
24.11	-5.0955
24.11	-5.0955
24.10	-5.0949
24.10	-5.0947
24.09	-5.0942
24.09	-5.0936
24.09	-5.0935
24.09	-5.0930
24.09	-5.0926
24.09	-5.0924
24.09	-5.0921
24.08	-5.0915
24.08	-5.0916
24.08	-5.0910
24.08	-5.0904
24.07	-5.0901
24.07	-5.0901
24.06	-5.0893
24.06	-5.0890
24.06	-5.0889
24.05	-5.0883
24.05	-5.0877
24.05	-5.0874
24.05	-5.0873
24.05	-5.0867
24.05	-5.0860
24.04	-5.0858
24.04	-5.0854
24.04	-5.0852
24.04	-5.0845
24.04	-5.0839
24.03	-5.0834
24.03	-5.0832
24.03	-5.0829
24.03	-5.0826
24.03	-5.0821
24.02	-5.0815
24.02	-5.0810
24.02	-5.0804
24.01	-5.0797
24.01	-5.0794
24.01	-5.0792
24.00	-5.0788
24.00	-5.0785
24.00	-5.0782
24.00	-5.0778
24.00	-5.0775
23.99	-5.0768
23.99	-5.0764
23.99	-5.0760
23.99	-5.0753
23.98	-5.0751
23.98	-5.0745
23.98	-5.0740
23.98	-5.0736
23.98	-5.0731
23.97	-5.0728
23.97	-5.0724
23.96	-5.0720
23.96	-5.0716
23.95	-5.0710
23.95	-5.0701
23.95	-5.0695
23.95	-5.0698
23.95	-5.0689
23.95	-5.0679
23.94	-5.0675
23.94	-5.0674
23.94	-5.0671
23.94	-5.0667
23.94	-5.0661
23.93	-5.0652
23.93	-5.0645
23.92	-5.0643
23.92	-5.0642
23.92	-5.0634
23.92	-5.0628
23.92	-5.0621
23.92	-5.0618
23.91	-5.0617
23.91	-5.0608
23.91	-5.0600
23.90	-5.0599
23.90	-5.0595
23.90	-5.0586
23.90	-5.0582
23.89	-5.0580
23.89	-5.0574
23.89	-5.0567
23.88	-5.0564
23.89	-5.0558
23.88	-5.0550
23.88	-5.0551
23.88	-5.0541
23.88	-5.0537
23.87	-5.0532
23.87	-5.0526
23.87	-5.0521
23.86	-5.0518
23.86	-5.0511
23.86	-5.0507
23.86	-5.0499
23.85	-5.0495
23.85	-5.0491
23.84	-5.0483
23.84	-5.0480
23.84	-5.0474
23.84	-5.0470
23.84	-5.0463
23.84	-5.0460
23.83	-5.0452
23.83	-5.0448
23.83	-5.0441
23.82	-5.0437
23.82	-5.0432
23.82	-5.0425
23.82	-5.0419
23.82	-5.0418
23.82	-5.0409
23.81	-5.0404
23.81	-5.0398
23.80	-5.0392
23.80	-5.0388
23.80	-5.0382
23.80	-5.0377
23.79	-5.0372
23.79	-5.0368
23.78	-5.0361
23.78	-5.0355
23.79	-5.0350
23.79	-5.0345
23.79	-5.0338
23.78	-5.0333
23.78	-5.0328
23.78	-5.0323
23.78	-5.0318
23.77	-5.0313
23.77	-5.0305
23.77	-5.0300
23.77	-5.0294
23.76	-5.0288
23.76	-5.0283
23.75	-5.0279
23.75	-5.0272
23.75	-5.0266
23.75	-5.0261
23.75	-5.0253
23.74	-5.0248
23.74	-5.0242
23.73	-5.0236
23.73	-5.0232
23.73	-5.0226
23.73	-5.0221
23.73	-5.0214
23.73	-5.0210
23.72	-5.0205
23.72	-5.0198
23.72	-5.0195
23.72	-5.0187
23.71	-5.0181
23.71	-5.0176
23.71	-5.0171
23.71	-5.0164
23.70	-5.0161
23.70	-5.0154
23.70	-5.0149
23.70	-5.0143
23.70	-5.0138
23.70	-5.0131
23.69	-5.0125
23.69	-5.0119
23.69	-5.0114
23.68	-5.0108
23.68	-5.0102
23.68	-5.0097
23.68	-5.0091
23.67	-5.0087
23.67	-5.0077
23.67	-5.0073
23.66	-5.0065
23.66	-5.0061
23.66	-5.0055
23.65	-5.0049
23.65	-5.0041
23.65	-5.0037
23.65	-5.0030
23.65	-5.0022
23.65	-5.0017
23.64	-5.0014
23.64	-5.0007
23.64	-5.0001
23.64	-4.9996
23.63	-4.9991
23.63	-4.9984
23.63	-4.9977
23.62	-4.9972
23.62	-4.9967
23.62	-4.9962
23.62	-4.9957
23.61	-4.9950
23.61	-4.9945
23.61	-4.9941
23.61	-4.9932
23.60	-4.9928
23.60	-4.9921
23.60	-4.9915
23.59	-4.9908
23.59	-4.9903
23.59	-4.9898
23.59	-4.9892
23.59	-4.9887
23.59	-4.9881
23.58	-4.9874
23.58	-4.9868
23.58	-4.9862
23.58	-4.9857
23.57	-4.9852
23.57	-4.9846
23.57	-4.9842
23.56	-4.9836
23.56	-4.9825
23.56	-4.9821
23.56	-4.9815
23.55	-4.9807
23.55	-4.9804
23.55	-4.9798
23.55	-4.9792
23.55	-4.9784
23.55	-4.9779
23.54	-4.9773
23.54	-4.9766
23.54	-4.9761
23.53	-4.9754
23.53	-4.9747
23.53	-4.9742
23.52	-4.9737
23.52	-4.9730
23.52	-4.9725
23.52	-4.9716
23.51	-4.9710
23.51	-4.9704
23.50	-4.9696
23.50	-4.9686
23.50	-4.9682
23.50	-4.9678
23.50	-4.9669
23.50	-4.9662
23.49	-4.9655
23.49	-4.9649
23.49	-4.9642
23.49	-4.9634
23.49	-4.9628
23.48	-4.9622
23.48	-4.9612
23.48	-4.9608
23.48	-4.9602
23.48	-4.9596
23.48	-4.9588
23.47	-4.9583
23.47	-4.9576
23.46	-4.9571
23.45	-4.9563
23.45	-4.9556
23.45	-4.9550
23.45	-4.9544
23.45	-4.9536
23.45	-4.9531
23.45	-4.9527
23.45	-4.9520
23.44	-4.9513
23.44	-4.9508
23.44	-4.9499
23.43	-4.9495
23.43	-4.9489
23.43	-4.9484
23.43	-4.9478
23.43	-4.9470
23.43	-4.9466
23.43	-4.9458
23.42	-4.9452
23.42	-4.9447
23.42	-4.9441
23.41	-4.9434
23.41	-4.9429
23.41	-4.9424
23.40	-4.9417
23.40	-4.9407
23.40	-4.9400
23.39	-4.9395
23.39	-4.9389
23.39	-4.9382
23.39	-4.9375
23.39	-4.9369
23.39	-4.9364
23.38	-4.9356
23.38	-4.9351
23.38	-4.9344
23.38	-4.9338
23.38	-4.9333
23.38	-4.9326
23.37	-4.9320
23.37	-4.9314
23.36	-4.9307
23.36	-4.9301
23.36	-4.9296
23.35	-4.9289
23.35	-4.9282
23.34	-4.9278
23.34	-4.9271
23.34	-4.9264
23.34	-4.9260
23.34	-4.9253
23.33	-4.9246
23.33	-4.9240
23.32	-4.9232
23.32	-4.9229
23.32	-4.9225
23.33	-4.9219
23.32	-4.9213
23.32	-4.9206
23.32	-4.9200
23.32	-4.9195
23.31	-4.9190
23.31	-4.9187
23.31	-4.9179
23.31	-4.9176
23.30	-4.9171
23.30	-4.9166
23.30	-4.9159
23.30	-4.9155
23.29	-4.9149
23.29	-4.9145
23.29	-4.9140
23.29	-4.9135
23.28	-4.9131
23.28	-4.9124
23.28	-4.9120
23.28	-4.9116
23.27	-4.9110
23.27	-4.9106
23.27	-4.9100
23.26	-4.9094
23.26	-4.9090
23.26	-4.9085
23.26	-4.9079
23.26	-4.9075
23.25	-4.9069
23.25	-4.9066
23.25	-4.9060
23.24	-4.9057
23.24	-4.9052
23.24	-4.9045
23.24	-4.9042
23.24	-4.9038
23.23	-4.9032
23.23	-4.9027
23.23	-4.9022
23.23	-4.9018
23.23	-4.9012
23.22	-4.9006
23.22	-4.9002
23.22	-4.8995
23.21	-4.8991
23.21	-4.8985
23.21	-4.8981
23.21	-4.8977
23.20	-4.8970
23.20	-4.8965
23.20	-4.8961
23.20	-4.8955
23.20	-4.8951
23.20	-4.8945
23.19	-4.8941
23.19	-4.8935
23.18	-4.8934
23.18	-4.8927
23.18	-4.8922
23.17	-4.8917
23.17	-4.8912
23.17	-4.8908
23.17	-4.8904
23.17	-4.8898
23.16	-4.8892
23.16	-4.8888
23.16	-4.8884
23.16	-4.8880
23.16	-4.8873
23.15	-4.8870
23.15	-4.8865
23.15	-4.8861
23.15	-4.8854
23.14	-4.8850
23.14	-4.8843
23.13	-4.8839
23.13	-4.8835
23.13	-4.8831
23.13	-4.8824
23.12	-4.8818
23.12	-4.8815
23.12	-4.8810
23.12	-4.8805
23.12	-4.8800
23.11	-4.8794
23.10	-4.8788
23.10	-4.8787
23.10	-4.8779
23.10	-4.8774
23.10	-4.8770
23.10	-4.8764
23.09	-4.8762
23.09	-4.8755
23.09	-4.8751
23.09	-4.8746
23.09	-4.8739
23.09	-4.8733
23.08	-4.8729
23.08	-4.8723
23.07	-4.8719
23.07	-4.8715
23.07	-4.8709
23.07	-4.8705
23.07	-4.8701
23.07	-4.8696
23.06	-4.8689
23.06	-4.8683
23.05	-4.8680
23.05	-4.8674
23.05	-4.8671
23.05	-4.8666
23.04	-4.8661
23.04	-4.8656
23.04	-4.8650
23.04	-4.8646
23.03	-4.8640
23.03	-4.8635
23.03	-4.8629
23.03	-4.8625
23.02	-4.8620
23.02	-4.8615
23.02	-4.8609
23.02	-4.8604
23.02	-4.8599
23.01	-4.8595
23.01	-4.8589
23.01	-4.8583
23.00	-4.8579
23.00	-4.8574
23.00	-4.8568
23.00	-4.8563
23.00	-4.8559
23.00	-4.8552
23.00	-4.8547
22.99	-4.8543
22.99	-4.8536
22.99	-4.8530
22.98	-4.8526
22.98	-4.8520
22.98	-4.8515
22.98	-4.8511
22.98	-4.8504
22.97	-4.8499
22.97	-4.8495
22.96	-4.8491
22.96	-4.8485
22.96	-4.8479
22.96	-4.8475
22.95	-4.8469
22.95	-4.8464
22.95	-4.8460
22.95	-4.8454
22.95	-4.8450
22.94	-4.8445
22.94	-4.8438
22.94	-4.8432
22.94	-4.8429
22.94	-4.8426
22.93	-4.8420
22.93	-4.8414
22.93	-4.8410
22.93	-4.8403
22.92	-4.8399
22.92	-4.8396
22.92	-4.8389
22.91	-4.8386
22.91	-4.8377
22.91	-4.8372
22.91	-4.8368
22.90	-4.8363
22.90	-4.8359
22.90	-4.8353
22.90	-4.8347
22.89	-4.8344
22.89	-4.8340
22.89	-4.8335
22.88	-4.8329
22.88	-4.8324
22.88	-4.8320
22.88	-4.8315
22.88	-4.8311
22.87	-4.8306
22.86	-4.8300
22.86	-4.8294
22.86	-4.8289
22.86	-4.8288
22.86	-4.8281
22.86	-4.8275
22.85	-4.8271
22.85	-4.8268
22.85	-4.8262
22.85	-4.8256
22.85	-4.8251
22.84	-4.8247
22.84	-4.8242
22.84	-4.8238
22.84	-4.8234
22.84	-4.8228
22.83	-4.8224
22.83	-4.8217
22.83	-4.8213
22.82	-4.8208
22.82	-4.8204
22.82	-4.8200
22.82	-4.8194
22.81	-4.8190
22.81	-4.8186
22.80	-4.8180
22.80	-4.8176
22.80	-4.8169
22.80	-4.8166
22.79	-4.8161
22.80	-4.8156
22.79	-4.8152
22.79	-4.8147
22.78	-4.8143
22.78	-4.8138
22.78	-4.8134
22.78	-4.8129
22.78	-4.8123
22.77	-4.8121
22.77	-4.8116
22.77	-4.8112
22.77	-4.8107
22.77	-4.8104
22.77	-4.8100
22.76	-4.8095
22.75	-4.8091
22.75	-4.8088
22.75	-4.8082
22.75	-4.8078
22.75	-4.8073
22.75	-4.8069
22.75	-4.8067
22.74	-4.8062
22.73	-4.8057
22.73	-4.8055
22.73	-4.8050
22.73	-4.8045
22.73	-4.8041
22.73	-4.8038
22.72	-4.8034
22.72	-4.8027
22.72	-4.8024
22.71	-4.8022
22.71	-4.8018
22.71	-4.8014
22.71	-4.8010
22.70	-4.8006
22.70	-4.8002
22.70	-4.7998
22.70	-4.7995
22.70	-4.7992
22.69	-4.7987
22.69	-4.7984
22.69	-4.7981
22.68	-4.7978
22.68	-4.7975
22.68	-4.7969
22.68	-4.7966
22.68	-4.7962
22.67	-4.7959
22.67	-4.7957
22.68	-4.7954
22.67	-4.7951
22.67	-4.7946
22.67	-4.7943
22.66	-4.7941
22.66	-4.7937
22.65	-4.7935
22.65	-4.7931
22.65	-4.7928
22.65	-4.7924
22.65	-4.7921
22.65	-4.7919
22.65	-4.7917
22.65	-4.7912
22.64	-4.7910
22.64	-4.7909
22.63	-4.7907
22.63	-4.7904
22.63	-4.7901
22.62	-4.7900
22.62	-4.7897
22.62	-4.7893
22.61	-4.7890
22.61	-4.7888
22.61	-4.7885
22.61	-4.7882
22.60	-4.7880
22.59	-4.7878
22.59	-4.7877
22.59	-4.7873
22.59	-4.7871
22.59	-4.7867
22.59	-4.7864
22.59	-4.7864
22.59	-4.7863
22.58	-4.7860
22.58	-4.7857
22.57	-4.7856
22.57	-4.7852
22.57	-4.7852
22.57	-4.7851
22.57	-4.7848
22.56	-4.7846
22.56	-4.7844
22.55	-4.7844
22.55	-4.7840
22.55	-4.7838
22.55	-4.7836
22.55	-4.7834
22.55	-4.7835
22.55	-4.7833
22.55	-4.7831
22.54	-4.7832
22.54	-4.7827
22.54	-4.7827
22.54	-4.7826
22.54	-4.7825
22.53	-4.7824
22.53	-4.7822
22.53	-4.7822
22.53	-4.7819
22.52	-4.7819
22.52	-4.7817
22.52	-4.7818
22.51	-4.7815
22.51	-4.7814
22.51	-4.7816
22.51	-4.7812
22.50	-4.7810
22.50	-4.7811
22.50	-4.7810
22.50	-4.7810
22.49	-4.7808
22.49	-4.7808
22.49	-4.7808
22.49	-4.7807
22.48	-4.7806
22.48	-4.7806
22.48	-4.7807
22.48	-4.7806
22.48	-4.7805
22.47	-4.7804
22.47	-4.7806
22.47	-4.7805
22.47	-4.7804
22.47	-4.7803
22.46	-4.7804
22.46	-4.7806
22.46	-4.7807
22.46	-4.7805
22.45	-4.7806
22.45	-4.7805
22.45	-4.7807
22.45	-4.7806
22.44	-4.7808
22.44	-4.7808
22.44	-4.7806
22.44	-4.7807
22.43	-4.7809
22.43	-4.7811
22.43	-4.7808
22.42	-4.7810
22.42	-4.7810
22.42	-4.7813
22.42	-4.7811
22.41	-4.7813
22.41	-4.7816
22.40	-4.7816
22.40	-4.7819
22.40	-4.7819
22.40	-4.7820
22.40	-4.7820
22.40	-4.7822
22.40	-4.7824
22.39	-4.7824
22.39	-4.7825
22.39	-4.7829
22.39	-4.7831
22.38	-4.7833
22.38	-4.7834
22.38	-4.7835
22.38	-4.7837
22.37	-4.7840
22.37	-4.7842
22.37	-4.7845
22.37	-4.7848
22.36	-4.7850
22.36	-4.7852
22.35	-4.7855
22.35	-4.7856
22.35	-4.7860
22.35	-4.7863
22.34	-4.7866
22.34	-4.7870
22.34	-4.7872
22.34	-4.7873
22.34	-4.7877
22.33	-4.7879
22.33	-4.7882
22.33	-4.7888
22.33	-4.7891
22.33	-4.7893
22.33	-4.7896
22.32	-4.7903
22.32	-4.7906
22.31	-4.7909
22.31	-4.7915
22.31	-4.7918
22.30	-4.7920
22.30	-4.7924
22.30	-4.7928
22.30	-4.7932
22.30	-4.7936
22.30	-4.7943
22.29	-4.7948
22.29	-4.7952
22.28	-4.7955
22.28	-4.7961
22.28	-4.7965
22.28	-4.7972
22.28	-4.7977
22.28	-4.7978
22.28	-4.7986
22.27	-4.7994
22.27	-4.7999
22.26	-4.8004
22.26	-4.8008
22.26	-4.8015
22.25	-4.8020
22.25	-4.8028
22.25	-4.8032
22.25	-4.8038
22.25	-4.8042
22.25	-4.8051
22.25	-4.8056
22.24	-4.8063
22.24	-4.8069
22.24	-4.8078
22.23	-4.8084
22.23	-4.8090
22.23	-4.8096
22.23	-4.8103
22.23	-4.8112
22.22	-4.8118
22.22	-4.8128
22.21	-4.8135
22.22	-4.8141
22.21	-4.8149
22.21	-4.8155
22.21	-4.8164
22.21	-4.8173
22.20	-4.8180
22.20	-4.8187
22.20	-4.8197
22.20	-4.8205
22.19	-4.8213
22.19	-4.8222
22.18	-4.8231
22.18	-4.8239
22.18	-4.8252
22.18	-4.8258
22.18	-4.8266
22.18	-4.8276
22.17	-4.8287
22.17	-4.8296
22.17	-4.8304
22.17	-4.8315
22.16	-4.8326
22.16	-4.8337
22.16	-4.8345
22.16	-4.8357
22.15	-4.8365
22.15	-4.8375
22.15	-4.8387
22.14	-4.8396
22.14	-4.8408
22.14	-4.8418
22.14	-4.8432
22.13	-4.8441
22.13	-4.8452
22.13	-4.8463
22.13	-4.8473
22.12	-4.8484
22.12	-4.8495
22.12	-4.8506
22.12	-4.8519
22.11	-4.8530
22.11	-4.8541
22.11	-4.8553
22.10	-4.8564
22.10	-4.8576
22.10	-4.8589
22.10	-4.8601
22.09	-4.8615
22.09	-4.8627
22.09	-4.8639
22.09	-4.8651
22.09	-4.8663
22.08	-4.8680
22.08	-4.8694
22.08	-4.8706
22.07	-4.8722
22.07	-4.8737
22.07	-4.8752
22.07	-4.8765
22.07	-4.8781
22.06	-4.8795
22.06	-4.8808
22.06	-4.8824
22.05	-4.8842
22.05	-4.8857
22.05	-4.8872
22.05	-4.8888
22.05	-4.8903
22.05	-4.8919
22.05	-4.8934
22.05	-4.8950
22.05	-4.8968
22.04	-4.8984
22.04	-4.9001
22.03	-4.9016
22.03	-4.9035
22.03	-4.9052
22.02	-4.9068
22.02	-4.9088
22.02	-4.9104
22.02	-4.9121
22.01	-4.9142
22.01	-4.9160
22.01	-4.9178
22.01	-4.9197
22.01	-4.9215
22.00	-4.9232
22.00	-4.9251
22.00	-4.9272
22.00	-4.9291
22.00	-4.9312
21.99	-4.9332
21.99	-4.9349
21.99	-4.9371
21.99	-4.9392
21.98	-4.9410
21.98	-4.9432
21.98	-4.9452
21.97	-4.9473
21.97	-4.9495
21.97	-4.9517
21.97	-4.9536
21.96	-4.9558
21.95	-4.9581
21.95	-4.9602
21.95	-4.9625
21.95	-4.9649
21.95	-4.9671
21.94	-4.9693
21.94	-4.9716
21.94	-4.9738
21.94	-4.9761
21.93	-4.9784
21.93	-4.9811
21.93	-4.9834
21.93	-4.9857
21.93	-4.9881
21.92	-4.9906
21.92	-4.9929
21.92	-4.9955
21.92	-4.9979
21.92	-5.0006
21.92	-5.0029
21.91	-5.0056
21.91	-5.0080
21.90	-5.0106
21.90	-5.0134
21.90	-5.0160
21.90	-5.0187
21.90	-5.0211
21.89	-5.0239
21.88	-5.0264
21.88	-5.0291
21.88	-5.0318
21.88	-5.0347
21.88	-5.0375
21.88	-5.0401
21.88	-5.0430
21.87	-5.0457
21.87	-5.0485
21.87	-5.0516
21.87	-5.0543
21.87	-5.0572
21.86	-5.0602
21.86	-5.0629
21.86	-5.0659
21.85	-5.0688
21.85	-5.0721
21.85	-5.0750
21.84	-5.0780
21.84	-5.0811
21.84	-5.0841
21.84	-5.0872
21.83	-5.0904
21.83	-5.0935
21.83	-5.0965
21.83	-5.0999
21.83	-5.1029
21.82	-5.1063
21.82	-5.1096
21.82	-5.1129
21.81	-5.1160
21.81	-5.1193
21.81	-5.1228
21.81	-5.1261
21.80	-5.1295
21.80	-5.1329
21.80	-5.1365
21.80	-5.1398
21.80	-5.1432
21.79	-5.1467
21.79	-5.1504
21.79	-5.1539
21.79	-5.1574
21.78	-5.1609
21.78	-5.1645
21.78	-5.1680
21.78	-5.1715
21.78	-5.1754
21.77	-5.1790
21.77	-5.1827
21.77	-5.1865
21.76	-5.1902
21.76	-5.1938
21.75	-5.1979
21.75	-5.2015
21.75	-5.2053
21.75	-5.2091
21.75	-5.2129
21.75	-5.2167
21.75	-5.2207
21.74	-5.2246
21.74	-5.2287
21.74	-5.2326
21.73	-5.2366
21.73	-5.2407
21.73	-5.2449
21.73	-5.2489
21.73	-5.2531
21.72	-5.2572
21.71	-5.2613
21.71	-5.2654
21.71	-5.2696
21.71	-5.2740
21.71	-5.2780
21.70	-5.2823
21.70	-5.2866
21.70	-5.2910
21.70	-5.2954
21.70	-5.2997
21.69	-5.3039
21.69	-5.3085
21.69	-5.3130
21.69	-5.3174
21.69	-5.3220
21.68	-5.3263
21.68	-5.3308
21.68	-5.3353
21.68	-5.3401
21.68	-5.3447
21.67	-5.3493
21.67	-5.3538
21.66	-5.3586
21.66	-5.3633
21.66	-5.3681
21.66	-5.3728
21.66	-5.3777
21.65	-5.3827
21.65	-5.3872
21.65	-5.3921
21.65	-5.3969
21.65	-5.4016
21.64	-5.4069
21.64	-5.4120
21.63	-5.4167
21.63	-5.4215
21.63	-5.4266
21.63	-5.4318
21.63	-5.4367
21.63	-5.4420
21.63	-5.4471
21.62	-5.4522
21.62	-5.4573
21.62	-5.4627
21.61	-5.4681
21.61	-5.4732
21.61	-5.4785
21.60	-5.4838
21.60	-5.4891
21.60	-5.4946
21.60	-5.5001
21.59	-5.5055
21.59	-5.5110
21.59	-5.5165
21.59	-5.5218
21.59	-5.5275
21.58	-5.5329
21.58	-5.5385
21.58	-5.5443
21.57	-5.5499
21.57	-5.5556
21.57	-5.5611
21.57	-5.5666
21.56	-5.5724
21.56	-5.5782
21.56	-5.5840
21.56	-5.5898
21.56	-5.5957
21.55	-5.6017
21.55	-5.6076
21.55	-5.6137
21.55	-5.6195
21.54	-5.6256
21.54	-5.6316
21.54	-5.6376
21.54	-5.6435
21.53	-5.6494
21.53	-5.6557
21.53	-5.6619
21.53	-5.6679
21.53	-5.6741
21.52	-5.6802
21.52	-5.6863
21.52	-5.6927
21.52	-5.6989
21.51	-5.7054
21.51	-5.7117
21.51	-5.7180
21.51	-5.7244
21.50	-5.7309
21.50	-5.7372
21.50	-5.7436
21.49	-5.7503
21.49	-5.7566
21.49	-5.7632
21.49	-5.7696
21.49	-5.7762
21.48	-5.7827
21.48	-5.7895
21.48	-5.7964
21.48	-5.8030
21.48	-5.8098
21.47	-5.8164
21.47	-5.8232
21.46	-5.8302
21.46	-5.8370
21.46	-5.8439
21.46	-5.8506
21.45	-5.8577
21.45	-5.8645
21.45	-5.8719
21.45	-5.8785
21.44	-5.8855
21.44	-5.8927
21.44	-5.8996
21.44	-5.9068
21.44	-5.9139
21.43	-5.9209
21.44	-5.9281
21.43	-5.9353
21.43	-5.9425
21.43	-5.9498
21.42	-5.9572
21.42	-5.9645
21.42	-5.9718
21.41	-5.9793
21.41	-5.9866
21.40	-5.9938
21.40	-6.0014
21.40	-6.0088
21.40	-6.0163
21.40	-6.0236
21.40	-6.0311
21.40	-6.0387
21.39	-6.0466
21.39	-6.0541
21.39	-6.0617
21.38	-6.0696
21.38	-6.0772
21.38	-6.0846
21.38	-6.0924
21.38	-6.1004
21.38	-6.1082
21.37	-6.1160
21.37	-6.1240
21.37	-6.1318
21.37	-6.1396
21.36	-6.1476
21.36	-6.1553
21.36	-6.1635
21.36	-6.1715
21.34	-6.1794
21.34	-6.1870
21.34	-6.1951
21.34	-6.2034
21.34	-6.2116
21.34	-6.2199
21.33	-6.2277
21.33	-6.2360
21.33	-6.2442
21.32	-6.2523
21.32	-6.2610
21.32	-6.2691
21.32	-6.2772
21.32	-6.2856
21.32	-6.2940
21.31	-6.3021
21.31	-6.3109
21.31	-6.3193
21.30	-6.3277
21.30	-6.3361
21.30	-6.3445
21.30	-6.3532
21.30	-6.3615
21.30	-6.3700
21.30	-6.3789
21.30	-6.3875
21.29	-6.3960
21.29	-6.4046
21.28	-6.4132
21.28	-6.4218
21.28	-6.4307
21.28	-6.4393
21.27	-6.4481
21.27	-6.4566
21.26	-6.4658
21.26	-6.4747
21.26	-6.4834
21.26	-6.4921
21.26	-6.5011
21.26	-6.5103
21.25	-6.5188
21.25	-6.5279
21.25	-6.5367
21.25	-6.5455
21.24	-6.5547
21.24	-6.5636
21.24	-6.5726
21.23	-6.5815
21.23	-6.5905
21.23	-6.5995
21.23	-6.6088
21.23	-6.6176
21.22	-6.6269
21.22	-6.6359
21.21	-6.6451
21.21	-6.6544
21.21	-6.6633
21.21	-6.6727
21.21	-6.6822
21.20	-6.6913
21.20	-6.7006
21.20	-6.7095
21.20	-6.7189
21.19	-6.7281
21.19	-6.7375
21.19	-6.7469
21.19	-6.7565
21.18	-6.7658
21.18	-6.7752
21.18	-6.7844
21.18	-6.7938
21.18	-6.8031
21.18	-6.8125
21.17	-6.8220
21.17	-6.8314
21.16	-6.8412
21.16	-6.8507
21.16	-6.8598
21.15	-6.8692
21.15	-6.8789
21.15	-6.8883
21.15	-6.8977
21.15	-6.9072
21.15	-6.9169
21.14	-6.9268
21.14	-6.9362
21.13	-6.9457
21.13	-6.9555
21.13	-6.9647
21.13	-6.9746
21.13	-6.9844
21.13	-6.9940
21.13	-7.0036
21.13	-7.0134
21.12	-7.0229
21.12	-7.0324
21.11	-7.0423
21.11	-7.0520
21.11	-7.0617
21.11	-7.0714
21.10	-7.0810
21.10	-7.0904
21.10	-7.1004
21.10	-7.1100
21.09	-7.1197
21.09	-7.1294
21.09	-7.1392
21.09	-7.1489
21.08	-7.1586
21.08	-7.1683
21.08	-7.1782
21.07	-7.1879
21.07	-7.1978
21.07	-7.2077
21.07	-7.2171
21.07	-7.2268
21.06	-7.2364
21.06	-7.2459
21.06	-7.2557
21.06	-7.2655
21.05	-7.2752
21.05	-7.2850
21.05	-7.2948
21.05	-7.3042
21.05	-7.3138
21.04	-7.3235
21.04	-7.3331
21.04	-7.3431
21.03	-7.3527
21.03	-7.3622
21.03	-7.3721
21.03	-7.3818
21.03	-7.3914
21.03	-7.4008
21.02	-7.4106
21.02	-7.4204
21.02	-7.4301
21.01	-7.4398
21.01	-7.4495
21.01	-7.4590
21.01	-7.4688
21.01	-7.4783
21.00	-7.4883
21.00	-7.4976
21.00	-7.5075
20.99	-7.5172
20.99	-7.5271
20.99	-7.5366
20.98	-7.5462
20.98	-7.5558
20.98	-7.5657
20.98	-7.5754
20.98	-7.5851
20.98	-7.5946
20.98	-7.6041
20.97	-7.6137
20.97	-7.6234
20.97	-7.6332
20.96	-7.6427
20.96	-7.6524
20.96	-7.6617
20.95	-7.6715
20.95	-7.6808
20.95	-7.6904
20.95	-7.7000
20.94	-7.7094
20.94	-7.7189
20.94	-7.7284
20.94	-7.7380
20.94	-7.7475
20.93	-7.7569
20.93	-7.7661
20.93	-7.7759
20.93	-7.7852
20.92	-7.7943
20.92	-7.8037
20.92	-7.8130
20.92	-7.8224
20.91	-7.8316
20.91	-7.8411
20.91	-7.8504
20.90	-7.8598
20.90	-7.8689
20.90	-7.8787
20.90	-7.8875
20.90	-7.8966
20.90	-7.9060
20.89	-7.9150
20.89	-7.9245
20.88	-7.9338
20.88	-7.9429
20.88	-7.9517
20.88	-7.9609
20.88	-7.9698
20.87	-7.9787
20.87	-7.9877
20.87	-7.9972
20.87	-8.0059
20.86	-8.0148
20.86	-8.0239
20.85	-8.0325
20.85	-8.0414
20.85	-8.0504
20.85	-8.0590
20.84	-8.0679
20.84	-8.0763
20.84	-8.0852
20.84	-8.0938
20.84	-8.1021
20.84	-8.1111
20.84	-8.1199
20.83	-8.1285
20.83	-8.1372
20.82	-8.1454
20.82	-8.1538
20.82	-8.1625
20.82	-8.1712
20.81	-8.1794
20.81	-8.1881
20.81	-8.1964
20.81	-8.2049
20.81	-8.2132
20.80	-8.2214
20.80	-8.2296
20.80	-8.2381
20.80	-8.2460
20.80	-8.2541
20.79	-8.2624
20.79	-8.2707
20.78	-8.2788
20.78	-8.2863
20.78	-8.2941
20.78	-8.3022
20.78	-8.3103
20.78	-8.3184
20.77	-8.3263
20.77	-8.3336
20.77	-8.3416
20.77	-8.3495
20.77	-8.3569
20.76	-8.3650
20.76	-8.3721
20.76	-8.3801
20.76	-8.3877
20.76	-8.3951
20.75	-8.4025
20.75	-8.4098
20.75	-8.4173
20.75	-8.4248
20.75	-8.4319
20.74	-8.4392
20.74	-8.4465
20.74	-8.4535
20.73	-8.4608
20.73	-8.4681
20.73	-8.4755
20.73	-8.4823
20.73	-8.4893
20.73	-8.4960
20.72	-8.5031
20.72	-8.5100
20.71	-8.5168
20.71	-8.5235
20.70	-8.5302
20.70	-8.5373
20.70	-8.5439
20.70	-8.5500
20.70	-8.5570
20.70	-8.5635
20.70	-8.5699
20.69	-8.5764
20.69	-8.5830
20.68	-8.5893
20.68	-8.5955
20.68	-8.6020
20.68	-8.6083
20.68	-8.6143
20.67	-8.6204
20.67	-8.6266
20.67	-8.6328
20.66	-8.6391
20.66	-8.6449
20.66	-8.6507
20.66	-8.6565
20.65	-8.6623
20.65	-8.6679
20.65	-8.6737
20.65	-8.6793
20.65	-8.6854
20.65	-8.6910
20.64	-8.6965
20.64	-8.7021
20.63	-8.7073
20.63	-8.7131
20.63	-8.7182
20.63	-8.7236
20.62	-8.7288
20.62	-8.7340
20.62	-8.7394
20.62	-8.7443
20.62	-8.7493
20.62	-8.7545
20.61	-8.7593
20.61	-8.7644
20.61	-8.7696
20.60	-8.7743
20.60	-8.7792
20.60	-8.7835
20.60	-8.7881
20.59	-8.7929
20.59	-8.7975
20.59	-8.8017
20.59	-8.8064
20.59	-8.8109
20.58	-8.8151
20.58	-8.8197
20.58	-8.8240
20.57	-8.8284
20.57	-8.8327
20.57	-8.8367
20.57	-8.8409
20.57	-8.8447
20.57	-8.8486
20.56	-8.8529
20.56	-8.8568
20.55	-8.8607
20.55	-8.8642
20.55	-8.8682
20.55	-8.8719
20.55	-8.8755
20.54	-8.8792
20.54	-8.8827
20.54	-8.8863
20.54	-8.8898
20.53	-8.8928
20.53	-8.8960
20.52	-8.8994
20.52	-8.9028
20.51	-8.9056
20.51	-8.9089
20.51	-8.9117
20.51	-8.9146
20.51	-8.9175
20.51	-8.9203
20.51	-8.9235
20.50	-8.9260
20.50	-8.9287
20.50	-8.9314
20.49	-8.9339
20.49	-8.9367
20.49	-8.9389
20.49	-8.9412
20.48	-8.9439
20.48	-8.9463
20.48	-8.9483
20.48	-8.9506
20.47	-8.9526
20.47	-8.9549
20.47	-8.9571
20.46	-8.9588
20.46	-8.9608
20.46	-8.9625
20.46	-8.9643
20.46	-8.9661
20.46	-8.9678
20.45	-8.9695
20.45	-8.9713
20.45	-8.9729
20.45	-8.9741
20.45	-8.9755
20.45	-8.9768
20.44	-8.9782
20.44	-8.9798
20.44	-8.9811
20.43	-8.9821
20.43	-8.9833
20.43	-8.9842
20.43	-8.9856
20.42	-8.9862
20.42	-8.9871
20.42	-8.9879
20.42	-8.9889
20.42	-8.9895
20.41	-8.9899
20.40	-8.9909
20.40	-8.9913
20.40	-8.9919
20.39	-8.9923
20.39	-8.9928
20.39	-8.9933
20.39	-8.9937
20.38	-8.9939
20.38	-8.9944
20.38	-8.9944
20.38	-8.9944
20.38	-8.9942
20.38	-8.9941
20.37	-8.9942
20.37	-8.9941
20.37	-8.9938
20.36	-8.9937
20.36	-8.9933
20.36	-8.9929
20.36	-8.9923
20.36	-8.9918
20.36	-8.9912
20.36	-8.9908
20.35	-8.9901
20.35	-8.9896
20.34	-8.9887
20.34	-8.9880
20.34	-8.9870
20.34	-8.9861
20.34	-8.9849
20.34	-8.9838
20.33	-8.9827
20.32	-8.9810
20.32	-8.9803
20.32	-8.9789
20.32	-8.9773
20.32	-8.9755
20.32	-8.9740
20.32	-8.9728
20.31	-8.9713
20.31	-8.9694
20.31	-8.9680
20.30	-8.9661
20.30	-8.9644
20.30	-8.9626
20.30	-8.9609
20.30	-8.9586
20.29	-8.9565
20.29	-8.9548
20.28	-8.9526
20.28	-8.9507
20.28	-8.9483
20.28	-8.9463
20.28	-8.9441
20.27	-8.9417
20.27	-8.9391
20.27	-8.9372
20.27	-8.9346
20.27	-8.9319
20.26	-8.9296
20.26	-8.9271
20.26	-8.9247
20.25	-8.9222
20.25	-8.9191
20.25	-8.9165
20.25	-8.9139
20.25	-8.9108
20.25	-8.9079
20.24	-8.9051
20.23	-8.9022
20.23	-8.8992
20.23	-8.8960
20.23	-8.8928
20.23	-8.8895
20.23	-8.8865
20.22	-8.8835
20.22	-8.8801
20.22	-8.8767
20.21	-8.8734
20.21	-8.8699
20.20	-8.8664
20.20	-8.8629
20.19	-8.8594
20.19	-8.8557
20.19	-8.8524
20.20	-8.8484
20.19	-8.8446
20.19	-8.8409
20.18	-8.8373
20.18	-8.8336
20.18	-8.8298
20.18	-8.8255
20.18	-8.8217
20.18	-8.8178
20.17	-8.8135
20.17	-8.8095
20.17	-8.8054
20.17	-8.8012
20.16	-8.7973
20.16	-8.7929
20.15	-8.7884
20.15	-8.7844
20.15	-8.7799
20.15	-8.7754
20.15	-8.7708
20.14	-8.7664
20.14	-8.7622
20.14	-8.7576
20.14	-8.7530
20.13	-8.7483
20.13	-8.7431
20.13	-8.7386
20.13	-8.7340
20.12	-8.7295
20.12	-8.7244
20.12	-8.7197
20.12	-8.7148
20.11	-8.7102
20.11	-8.7051
20.11	-8.7000
20.10	-8.6951
20.10	-8.6902
20.10	-8.6852
20.10	-8.6800
20.09	-8.6744
20.09	-8.6693
20.09	-8.6642
20.09	-8.6589
20.08	-8.6539
20.08	-8.6485
20.08	-8.6429
20.07	-8.6375
20.07	-8.6317
20.07	-8.6264
20.07	-8.6210
20.07	-8.6156
20.07	-8.6100
20.06	-8.6043
20.06	-8.5986
20.06	-8.5931
20.06	-8.5875
20.05	-8.5815
20.05	-8.5758
20.05	-8.5699
20.05	-8.5644
20.05	-8.5582
20.04	-8.5523
20.04	-8.5463
20.04	-8.5403
20.03	-8.5341
20.03	-8.5282
20.03	-8.5220
20.03	-8.5159
20.03	-8.5098
20.02	-8.5037
20.03	-8.4974
20.02	-8.4913
20.02	-8.4847
20.01	-8.4788
20.01	-8.4727
20.01	-8.4662
20.00	-8.4598
20.00	-8.4532
20.00	-8.4468
20.00	-8.4407
19.99	-8.4341
19.99	-8.4274
19.99	-8.4208
19.99	-8.4146
19.98	-8.4078
19.98	-8.4009
19.98	-8.3942
19.98	-8.3877
19.97	-8.3809
19.96	-8.3741
19.96	-8.3671
19.96	-8.3606
19.96	-8.3538
19.96	-8.3471
19.96	-8.3401
19.95	-8.3334
19.95	-8.3264
19.95	-8.3195
19.95	-8.3123
19.95	-8.3054
19.94	-8.2982
19.94	-8.2917
19.94	-8.2845
19.93	-8.2774
19.93	-8.2704
19.93	-8.2632
19.93	-8.2557
19.93	-8.2490
19.93	-8.2415
19.92	-8.2343
19.92	-8.2271
19.92	-8.2198
19.92	-8.2127
19.91	-8.2055
19.91	-8.1981
19.91	-8.1909
19.90	-8.1837
19.90	-8.1762
19.90	-8.1693
19.90	-8.1619
19.90	-8.1541
19.89	-8.1467
19.89	-8.1393
19.89	-8.1322
19.89	-8.1246
19.89	-8.1171
19.88	-8.1097
19.88	-8.1021
19.88	-8.0946
19.88	-8.0872
19.88	-8.0792
19.87	-8.0719
19.87	-8.0641
19.87	-8.0568
19.86	-8.0491
19.86	-8.0414
19.85	-8.0339
19.85	-8.0263
19.85	-8.0187
19.85	-8.0109
19.84	-8.0034
19.84	-7.9956
19.84	-7.9878
19.84	-7.9804
19.84	-7.9723
19.84	-7.9648
19.83	-7.9570
19.83	-7.9491
19.82	-7.9416
19.82	-7.9338
19.82	-7.9260
19.82	-7.9183
19.82	-7.9101
19.81	-7.9024
19.81	-7.8946
19.81	-7.8870
19.81	-7.8789
19.80	-7.8710
19.80	-7.8631
19.80	-7.8553
19.80	-7.8474
19.80	-7.8397
19.80	-7.8315
19.80	-7.8237
19.79	-7.8156
19.79	-7.8077
19.78	-7.7999
19.78	-7.7919
19.78	-7.7839
19.78	-7.7758
19.78	-7.7681
19.77	-7.7600
19.76	-7.7521
19.76	-7.7442
19.76	-7.7362
19.76	-7.7282
19.76	-7.7201
19.75	-7.7122
19.75	-7.7040
19.75	-7.6961
19.75	-7.6883
19.74	-7.6803
19.74	-7.6724
19.74	-7.6641
19.73	-7.6561
19.73	-7.6481
19.73	-7.6401
19.73	-7.6321
19.73	-7.6242
19.72	-7.6163
19.72	-7.6082
19.72	-7.6002
19.72	-7.5922
19.71	-7.5840
19.71	-7.5761
19.71	-7.5684
19.71	-7.5601
19.71	-7.5520
19.70	-7.5440
19.70	-7.5359
19.70	-7.5280
19.69	-7.5200
19.69	-7.5120
19.69	-7.5039
19.68	-7.4955
19.68	-7.4878
19.68	-7.4798
19.68	-7.4717
19.67	-7.4637
19.67	-7.4556
19.67	-7.4477
19.67	-7.4395
19.66	-7.4315
19.66	-7.4236
19.66	-7.4155
19.66	-7.4075
19.65	-7.3996
19.65	-7.3915
19.65	-7.3835
19.65	-7.3756
19.65	-7.3676
19.65	-7.3596
19.64	-7.3517
19.64	-7.3437
19.64	-7.3356
19.64	-7.3277
19.64	-7.3198
19.63	-7.3119
19.63	-7.3040
19.63	-7.2959
19.63	-7.2881
19.62	-7.2804
19.63	-7.2723
19.62	-7.2643
19.62	-7.2565
19.61	-7.2482
19.60	-7.2401
19.60	-7.2324
19.60	-7.2247
19.60	-7.2165
19.59	-7.2090
19.59	-7.2012
19.59	-7.1931
19.59	-7.1852
19.58	-7.1771
19.58	-7.1694
19.58	-7.1615
19.57	-7.1535
19.57	-7.1453
19.57	-7.1373
19.57	-7.1295
19.57	-7.1217
19.56	-7.1138
19.56	-7.1058
19.56	-7.0977
19.56	-7.0900
19.56	-7.0824
19.56	-7.0742
19.55	-7.0665
19.55	-7.0584
19.55	-7.0510
19.55	-7.0432
19.55	-7.0355
19.54	-7.0277
19.54	-7.0197
19.54	-7.0120
19.53	-7.0043
19.53	-6.9964
19.53	-6.9889
19.53	-6.9813
19.52	-6.9736
19.52	-6.9658
19.52	-6.9583
19.52	-6.9506
19.51	-6.9432
19.51	-6.9356
19.51	-6.9279
19.50	-6.9206
19.50	-6.9127
19.50	-6.9053
19.50	-6.8979
19.50	-6.8904
19.50	-6.8827
19.49	-6.8753
19.49	-6.8678
19.48	-6.8604
19.48	-6.8529
19.48	-6.8458
19.48	-6.8382
19.48	-6.8309
19.47	-6.8236
19.47	-6.8163
19.47	-6.8088
19.46	-6.8014
19.46	-6.7941
19.45	-6.7869
19.45	-6.7796
19.45	-6.7724
19.45	-6.7651
19.44	-6.7580
19.44	-6.7508
19.44	-6.7437
19.44	-6.7363
19.44	-6.7289
19.44	-6.7217
19.43	-6.7147
19.43	-6.7076
19.43	-6.7006
19.42	-6.6933
19.42	-6.6861
19.42	-6.6792
19.42	-6.6722
19.42	-6.6652
19.42	-6.6583
19.42	-6.6512
19.41	-6.6442
19.41	-6.6373
19.41	-6.6302
19.40	-6.6232
19.40	-6.6161
19.39	-6.6094
19.39	-6.6023
19.39	-6.5953
19.39	-6.5885
19.39	-6.5818
19.38	-6.5747
19.38	-6.5678
19.38	-6.5611
19.38	-6.5545
19.37	-6.5475
19.37	-6.5406
19.37	-6.5339
19.37	-6.5272
19.36	-6.5206
19.36	-6.5141
19.36	-6.5073
19.35	-6.5007
19.35	-6.4941
19.35	-6.4873
19.35	-6.4807
19.34	-6.4742
19.34	-6.4675
19.34	-6.4610
19.33	-6.4544
19.33	-6.4478
19.33	-6.4413
19.33	-6.4350
19.33	-6.4284
19.33	-6.4220
19.32	-6.4155
19.32	-6.4092
19.32	-6.4027
19.32	-6.3964
19.32	-6.3899
19.32	-6.3836
19.31	-6.3771
19.30	-6.3709
19.31	-6.3647
19.31	-6.3583
19.30	-6.3517
19.30	-6.3457
19.30	-6.3395
19.29	-6.3332
19.29	-6.3269
19.28	-6.3206
19.28	-6.3148
19.28	-6.3084
19.28	-6.3022
19.28	-6.2962
19.27	-6.2899
19.27	-6.2838
19.27	-6.2776
19.27	-6.2715
19.26	-6.2654
19.26	-6.2594
19.26	-6.2535
19.26	-6.2474
19.26	-6.2415
19.26	-6.2355
19.26	-6.2296
19.25	-6.2237
19.25	-6.2178
19.25	-6.2115
19.24	-6.2058
19.24	-6.1997
19.24	-6.1942
19.23	-6.1881
19.23	-6.1823
19.22	-6.1764
19.22	-6.1707
19.22	-6.1650
19.22	-6.1592
19.21	-6.1535
19.21	-6.1478
19.21	-6.1416
19.20	-6.1362
19.20	-6.1306
19.20	-6.1250
19.20	-6.1191
19.20	-6.1135
19.20	-6.1079
19.20	-6.1023
19.19	-6.0966
19.19	-6.0912
19.19	-6.0855
19.18	-6.0798
19.18	-6.0744
19.18	-6.0688
19.18	-6.0635
19.18	-6.0580
19.18	-6.0527
19.17	-6.0474
19.17	-6.0420
19.17	-6.0365
19.16	-6.0310
19.16	-6.0257
19.15	-6.0203
19.15	-6.0150
19.15	-6.0095
19.14	-6.0044
19.14	-5.9990
19.14	-5.9937
19.14	-5.9883
19.14	-5.9833
19.13	-5.9780
19.13	-5.9728
19.13	-5.9677
19.13	-5.9626
19.13	-5.9574
19.13	-5.9521
19.13	-5.9470
19.12	-5.9419
19.12	-5.9367
19.11	-5.9318
19.10	-5.9265
19.10	-5.9214
19.10	-5.9163
19.10	-5.9112
19.09	-5.9064
19.09	-5.9014
19.09	-5.8964
19.09	-5.8916
19.09	-5.8867
19.09	-5.8817
19.09	-5.8769
19.08	-5.8720
19.08	-5.8672
19.08	-5.8624
19.08	-5.8576
19.07	-5.8529
19.07	-5.8477
19.07	-5.8428
19.07	-5.8383
19.07	-5.8334
19.07	-5.8289
19.06	-5.8241
19.06	-5.8194
19.06	-5.8145
19.05	-5.8098
19.05	-5.8055
19.05	-5.8007
19.05	-5.7959
19.05	-5.7914
19.05	-5.7867
19.04	-5.7823
19.04	-5.7775
19.03	-5.7729
19.03	-5.7683
19.03	-5.7639
19.03	-5.7594
19.02	-5.7550
19.02	-5.7505
19.02	-5.7461
19.01	-5.7414
19.01	-5.7370
19.01	-5.7326
19.01	-5.7282
19.00	-5.7238
19.00	-5.7193
19.00	-5.7152
19.00	-5.7108
18.99	-5.7064
18.99	-5.7020
18.99	-5.6976
18.99	-5.6935
18.99	-5.6892
18.98	-5.6851
18.98	-5.6808
18.98	-5.6765
18.98	-5.6722
18.98	-5.6681
18.97	-5.6641
18.97	-5.6600
18.97	-5.6557
18.97	-5.6514
18.97	-5.6475
18.97	-5.6434
18.96	-5.6391
18.96	-5.6353
18.95	-5.6311
18.95	-5.6269
18.95	-5.6230
18.95	-5.6189
18.94	-5.6150
18.94	-5.6109
18.94	-5.6071
18.94	-5.6030
18.94	-5.5989
18.93	-5.5947
18.93	-5.5910
18.93	-5.5872
18.93	-5.5833
18.93	-5.5794
18.92	-5.5754
18.91	-5.5718
18.91	-5.5679
18.91	-5.5640
18.91	-5.5603
18.91	-5.5568
18.90	-5.5528
18.90	-5.5488
18.90	-5.5453
18.90	-5.5414
18.90	-5.5377
18.89	-5.5340
18.89	-5.5302
18.89	-5.5265
18.89	-5.5229
18.88	-5.5191
18.88	-5.5153
18.88	-5.5118
18.88	-5.5082
18.87	-5.5045
18.87	-5.5011
18.87	-5.4975
18.87	-5.4939
18.87	-5.4903
18.86	-5.4865
18.86	-5.4833
18.85	-5.4796
18.85	-5.4762
18.85	-5.4728
18.84	-5.4694
18.84	-5.4656
18.84	-5.4621
18.84	-5.4583
18.84	-5.4548
18.84	-5.4515
18.83	-5.4480
18.82	-5.4446
18.82	-5.4409
18.82	-5.4374
18.82	-5.4341
18.82	-5.4305
18.82	-5.4270
18.82	-5.4235
18.81	-5.4201
18.81	-5.4168
18.80	-5.4135
18.80	-5.4100
18.80	-5.4064
18.80	-5.4032
18.80	-5.4001
18.79	-5.3967
18.79	-5.3935
18.79	-5.3901
18.79	-5.3869
18.79	-5.3838
18.79	-5.3804
18.78	-5.3773
18.78	-5.3743
18.78	-5.3711
18.78	-5.3677
18.77	-5.3645
18.77	-5.3616
18.76	-5.3584
18.76	-5.3554
18.76	-5.3522
18.76	-5.3493
18.75	-5.3461
18.75	-5.3432
18.75	-5.3399
18.75	-5.3369
18.75	-5.3338
18.74	-5.3312
18.74	-5.3281
18.74	-5.3251
18.74	-5.3220
18.73	-5.3190
18.73	-5.3161
18.73	-5.3131
18.72	-5.3102
18.72	-5.3073
18.72	-5.3046
18.71	-5.3015
18.71	-5.2988
18.71	-5.2959
18.71	-5.2930
18.70	-5.2904
18.70	-5.2874
18.70	-5.2846
18.70	-5.2819
18.70	-5.2791
18.70	-5.2763
18.70	-5.2735
18.69	-5.2709
18.69	-5.2681
18.69	-5.2651
18.68	-5.2624
18.68	-5.2601
18.68	-5.2576
18.68	-5.2547
18.68	-5.2520
18.67	-5.2491
18.67	-5.2465
18.66	-5.2440
18.66	-5.2415
18.66	-5.2387
18.66	-5.2359
18.65	-5.2333
18.65	-5.2307
18.65	-5.2284
18.65	-5.2259
18.64	-5.2233
18.64	-5.2207
18.64	-5.2181
18.63	-5.2157
18.63	-5.2133
18.63	-5.2106
18.63	-5.2082
18.63	-5.2058
18.63	-5.2033
18.62	-5.2007
18.62	-5.1981
18.62	-5.1957
18.61	-5.1935
18.61	-5.1909
18.61	-5.1885
18.61	-5.1861
18.60	-5.1839
18.60	-5.1817
18.59	-5.1791
18.59	-5.1768
18.59	-5.1743
18.59	-5.1719
18.58	-5.1697
18.58	-5.1674
18.58	-5.1649
18.58	-5.1628
18.58	-5.1603
18.57	-5.1581
18.57	-5.1558
18.57	-5.1535
18.56	-5.1513
18.56	-5.1491
18.56	-5.1469
18.56	-5.1446
18.56	-5.1425
18.55	-5.1402
18.55	-5.1381
18.55	-5.1361
18.55	-5.1337
18.54	-5.1315
18.54	-5.1295
18.54	-5.1273
18.53	-5.1251
18.53	-5.1228
18.53	-5.1204
18.53	-5.1186
18.53	-5.1163
18.52	-5.1143
18.52	-5.1124
18.52	-5.1102
18.52	-5.1080
18.51	-5.1059
18.51	-5.1037
18.51	-5.1020
18.50	-5.0997
18.50	-5.0977
18.51	-5.0958
18.50	-5.0938
18.50	-5.0915
18.50	-5.0894
18.50	-5.0875
18.49	-5.0854
18.49	-5.0834
18.48	-5.0818
18.48	-5.0798
18.48	-5.0777
18.48	-5.0759
18.48	-5.0741
18.48	-5.0719
18.48	-5.0700
18.47	-5.0681
18.47	-5.0660
18.47	-5.0641
18.46	-5.0621
18.46	-5.0604
18.45	-5.0583
18.45	-5.0564
18.45	-5.0546
18.45	-5.0526
18.45	-5.0510
18.44	-5.0491
18.44	-5.0472
18.44	-5.0452
18.44	-5.0432
18.43	-5.0413
18.43	-5.0396
18.43	-5.0378
18.42	-5.0359
18.43	-5.0342
18.42	-5.0325
18.42	-5.0307
18.42	-5.0288
18.41	-5.0272
18.41	-5.0254
18.41	-5.0237
18.40	-5.0218
18.40	-5.0201
18.40	-5.0182
18.40	-5.0166
18.40	-5.0148
18.39	-5.0132
18.39	-5.0116
18.39	-5.0097
18.39	-5.0080
18.38	-5.0063
18.38	-5.0046
18.38	-5.0029
18.38	-5.0012
18.38	-4.9994
18.37	-4.9977
18.37	-4.9959
18.36	-4.9942
18.36	-4.9926
18.36	-4.9911
18.36	-4.9894
18.35	-4.9875
18.35	-4.9859
18.35	-4.9845
18.34	-4.9829
18.34	-4.9811
18.34	-4.9795
18.34	-4.9779
18.34	-4.9764
18.34	-4.9748
18.33	-4.9731
18.33	-4.9714
18.33	-4.9699
18.33	-4.9683
18.32	-4.9666
18.32	-4.9650
18.32	-4.9635
18.32	-4.9621
18.31	-4.9603
18.31	-4.9589
18.31	-4.9574
18.30	-4.9557
18.30	-4.9542
18.30	-4.9526
18.30	-4.9509
18.30	-4.9495
18.29	-4.9479
18.29	-4.9463
18.29	-4.9451
18.29	-4.9434
18.28	-4.9420
18.28	-4.9403
18.28	-4.9389
18.28	-4.9375
18.27	-4.9361
18.27	-4.9344
18.27	-4.9331
18.26	-4.9316
18.26	-4.9301
18.26	-4.9290
18.26	-4.9272
18.26	-4.9260
18.26	-4.9245
18.25	-4.9228
18.25	-4.9213
18.25	-4.9200
18.25	-4.9186
18.25	-4.9172
18.25	-4.9157
18.24	-4.9144
18.24	-4.9129
18.23	-4.9116
18.23	-4.9101
18.23	-4.9088
18.23	-4.9075
18.23	-4.9061
18.22	-4.9045
18.22	-4.9032
18.22	-4.9019
18.21	-4.9003
18.21	-4.8991
18.21	-4.8978
18.21	-4.8965
18.20	-4.8950
18.20	-4.8937
18.20	-4.8922
18.20	-4.8909
18.19	-4.8896
18.19	-4.8883
18.19	-4.8871
18.18	-4.8857
18.18	-4.8845
18.18	-4.8829
18.18	-4.8817
18.18	-4.8804
18.18	-4.8793
18.18	-4.8776
18.17	-4.8767
18.16	-4.8754
18.16	-4.8739
18.16	-4.8725
18.16	-4.8713
18.15	-4.8703
18.15	-4.8689
18.15	-4.8677
18.15	-4.8665
18.15	-4.8651
18.14	-4.8638
18.14	-4.8624
18.14	-4.8611
18.14	-4.8600
18.13	-4.8587
18.13	-4.8575
18.13	-4.8561
18.12	-4.8550
18.12	-4.8538
18.11	-4.8525
18.12	-4.8514
18.11	-4.8501
18.11	-4.8488
18.11	-4.8474
18.11	-4.8464
18.11	-4.8453
18.10	-4.8439
18.10	-4.8427
18.09	-4.8415
18.09	-4.8401
18.09	-4.8392
18.09	-4.8378
18.09	-4.8365
18.09	-4.8354
18.09	-4.8341
18.09	-4.8330
18.08	-4.8318
18.08	-4.8304
18.08	-4.8290
18.08	-4.8280
18.07	-4.8268
18.07	-4.8256
18.07	-4.8244
18.07	-4.8232
18.07	-4.8219
18.06	-4.8206
18.06	-4.8196
18.06	-4.8184
18.05	-4.8173
18.05	-4.8161
18.05	-4.8149
18.05	-4.8139
18.05	-4.8125
18.05	-4.8113
18.04	-4.8104
18.03	-4.8093
18.03	-4.8081
18.03	-4.8072
18.03	-4.8060
18.03	-4.8048
18.02	-4.8039
18.02	-4.8028
18.02	-4.8019
18.02	-4.8006
18.01	-4.7997
18.01	-4.7985
18.00	-4.7975
18.00	-4.7966
18.00	-4.7952
18.00	-4.7942
18.00	-4.7933
18.00	-4.7922
17.99	-4.7912
17.99	-4.7902
17.99	-4.7892
17.99	-4.7881
17.99	-4.7872
17.98	-4.7862
17.98	-4.7853
17.98	-4.7840
17.98	-4.7833
17.98	-4.7822
17.97	-4.7813
17.96	-4.7803
17.96	-4.7791
17.96	-4.7784
17.96	-4.7773
17.95	-4.7766
17.95	-4.7754
17.95	-4.7744
17.95	-4.7734
17.95	-4.7723
17.94	-4.7716
17.94	-4.7707
17.94	-4.7697
17.94	-4.7688
17.93	-4.7677
17.93	-4.7668
17.93	-4.7659
17.93	-4.7648
17.93	-4.7641
17.93	-4.7634
17.92	-4.7623
17.92	-4.7616
17.92	-4.7603
17.92	-4.7595
17.91	-4.7587
17.91	-4.7580
17.90	-4.7571
17.90	-4.7561
17.90	-4.7554
17.90	-4.7544
17.89	-4.7535
17.89	-4.7525
17.89	-4.7517
17.89	-4.7508
17.88	-4.7500
17.88	-4.7492
17.88	-4.7484
17.88	-4.7476
17.88	-4.7465
17.88	-4.7457
17.87	-4.7448
17.87	-4.7441
17.87	-4.7438
17.86	-4.7427
17.86	-4.7414
17.86	-4.7404
17.85	-4.7398
17.85	-4.7389
17.85	-4.7381
17.84	-4.7373
17.84	-4.7365
17.84	-4.7358
17.83	-4.7348
17.83	-4.7339
17.83	-4.7333
17.83	-4.7324
17.83	-4.7318
17.83	-4.7309
17.82	-4.7300
17.82	-4.7291
17.82	-4.7284
17.81	-4.7276
17.81	-4.7267
17.81	-4.7261
17.81	-4.7253
17.81	-4.7246
17.80	-4.7238
17.80	-4.7230
17.80	-4.7223
17.80	-4.7214
17.80	-4.7208
17.79	-4.7200
17.79	-4.7191
17.78	-4.7186
17.78	-4.7176
17.78	-4.7168
17.78	-4.7161
17.78	-4.7155
17.77	-4.7146
17.77	-4.7138
17.77	-4.7132
17.77	-4.7125
17.77	-4.7115
17.76	-4.7108
17.76	-4.7101
17.76	-4.7094
17.75	-4.7087
17.75	-4.7078
17.75	-4.7069
17.74	-4.7065
17.74	-4.7058
17.74	-4.7050
17.74	-4.7043
17.74	-4.7036
17.73	-4.7029
17.73	-4.7022
17.73	-4.7014
17.73	-4.7008
17.73	-4.7000
17.72	-4.6994
17.72	-4.6988
17.72	-4.6980
17.72	-4.6973
17.72	-4.6965
17.71	-4.6959
17.71	-4.6952
17.70	-4.6945
17.70	-4.6939
17.70	-4.6933
17.70	-4.6923
17.70	-4.6917
17.69	-4.6912
17.69	-4.6905
17.68	-4.6898
17.68	-4.6892
17.68	-4.6884
17.68	-4.6878
17.68	-4.6873
17.68	-4.6866
17.68	-4.6858
17.67	-4.6854
17.67	-4.6846
17.67	-4.6839
17.67	-4.6834
17.66	-4.6827
17.66	-4.6820
17.66	-4.6813
17.66	-4.6806
17.65	-4.6801
17.65	-4.6793
17.65	-4.6787
17.65	-4.6780
17.65	-4.6775
17.64	-4.6769
17.63	-4.6762
17.63	-4.6757
17.63	-4.6748
17.63	-4.6740
17.63	-4.6735
17.63	-4.6729
17.62	-4.6724
17.62	-4.6716
17.62	-4.6710
17.61	-4.6703
17.60	-4.6699
17.60	-4.6693
17.60	-4.6685
17.60	-4.6679
17.60	-4.6671
17.59	-4.6665
17.59	-4.6660
17.59	-4.6654
17.59	-4.6648
17.59	-4.6643
17.59	-4.6637
17.59	-4.6630
17.58	-4.6626
17.57	-4.6619
17.57	-4.6615
17.57	-4.6607
17.57	-4.6601
17.57	-4.6592
17.57	-4.6587
17.57	-4.6582
17.56	-4.6574
17.56	-4.6570
17.56	-4.6562
17.55	-4.6557
17.55	-4.6550
17.55	-4.6545
17.55	-4.6540
17.55	-4.6532
17.54	-4.6528
17.54	-4.6521
17.54	-4.6516
17.54	-4.6511
17.53	-4.6504
17.53	-4.6500
17.53	-4.6492
17.53	-4.6487
17.53	-4.6480
17.52	-4.6476
17.52	-4.6468
17.52	-4.6461
17.51	-4.6457
17.51	-4.6452
17.50	-4.6444
17.50	-4.6439
17.50	-4.6434
17.50	-4.6426
17.50	-4.6421
17.50	-4.6416
17.49	-4.6413
17.49	-4.6404
17.49	-4.6396
17.48	-4.6391
17.48	-4.6384
17.48	-4.6380
17.48	-4.6375
17.48	-4.6367
17.47	-4.6362
17.47	-4.6356
17.46	-4.6351
17.47	-4.6344
17.46	-4.6341
17.46	-4.6333
17.46	-4.6330
17.45	-4.6323
17.45	-4.6317
17.45	-4.6310
17.45	-4.6305
17.44	-4.6299
17.44	-4.6294
17.44	-4.6289
17.44	-4.6281
17.44	-4.6276
17.43	-4.6270
17.43	-4.6263
17.43	-4.6259
17.43	-4.6254
17.43	-4.6248
17.42	-4.6244
17.42	-4.6238
17.41	-4.6234
17.41	-4.6225
17.42	-4.6221
17.41	-4.6215
17.41	-4.6210
17.40	-4.6204
17.40	-4.6200
17.40	-4.6191
17.40	-4.6186
17.40	-4.6182
17.39	-4.6177
17.39	-4.6171
17.38	-4.6167
17.38	-4.6162
17.38	-4.6156
17.38	-4.6152
17.38	-4.6146
17.37	-4.6141
17.37	-4.6134
17.37	-4.6128
17.37	-4.6124
17.37	-4.6118
17.36	-4.6111
17.36	-4.6105
17.35	-4.6099
17.35	-4.6094
17.35	-4.6088
17.34	-4.6082
17.34	-4.6078
17.34	-4.6071
17.34	-4.6066
17.34	-4.6057
17.34	-4.6052
17.33	-4.6048
17.32	-4.6042
17.32	-4.6036
17.32	-4.6029
17.32	-4.6023
17.32	-4.6017
17.32	-4.6014
17.32	-4.6005
17.32	-4.6001
17.31	-4.5995
17.31	-4.5991
17.31	-4.5987
17.30	-4.5982
17.30	-4.5977
17.30	-4.5970
17.30	-4.5964
17.29	-4.5958
17.29	-4.5952
17.29	-4.5949
17.28	-4.5943
17.28	-4.5938
17.28	-4.5932
17.28	-4.5928
17.28	-4.5924
17.28	-4.5919
17.27	-4.5916
17.27	-4.5911
17.26	-4.5906
17.26	-4.5901
17.26	-4.5894
17.25	-4.5889
17.25	-4.5886
17.25	-4.5881
17.25	-4.5876
17.25	-4.5874
17.24	-4.5867
17.25	-4.5863
17.24	-4.5856
17.24	-4.5854
17.23	-4.5848
17.23	-4.5845
17.23	-4.5838
17.23	-4.5837
17.23	-4.5829
17.23	-4.5826
17.22	-4.5822
17.22	-4.5819
17.21	-4.5815
17.21	-4.5810
17.21	-4.5804
17.20	-4.5801
17.20	-4.5796
17.20	-4.5792
17.20	-4.5788
17.20	-4.5783
17.20	-4.5778
17.20	-4.5773
17.20	-4.5770
17.20	-4.5764
17.19	-4.5761
17.19	-4.5756
17.19	-4.5751
17.19	-4.5749
17.18	-4.5742
17.18	-4.5739
17.18	-4.5734
17.18	-4.5730
17.17	-4.5727
17.17	-4.5722
17.17	-4.5719
17.17	-4.5715
17.16	-4.5711
17.16	-4.5707
17.16	-4.5702
17.16	-4.5697
17.15	-4.5692
17.15	-4.5690
17.15	-4.5685
17.14	-4.5680
17.14	-4.5678
17.13	-4.5675
17.13	-4.5670
17.13	-4.5666
17.12	-4.5662
17.12	-4.5659
17.12	-4.5655
17.12	-4.5650
17.11	-4.5647
17.11	-4.5642
17.11	-4.5640
17.11	-4.5637
17.10	-4.5631
17.10	-4.5627
17.10	-4.5623
17.10	-4.5620
17.10	-4.5616
17.10	-4.5614
17.09	-4.5611
17.09	-4.5608
17.09	-4.5603
17.09	-4.5600
17.08	-4.5597
17.08	-4.5592
17.08	-4.5588
17.08	-4.5585
17.07	-4.5582
17.07	-4.5580
17.07	-4.5577
17.07	-4.5572
17.06	-4.5571
17.06	-4.5565
17.06	-4.5563
17.06	-4.5558
17.05	-4.5555
17.05	-4.5550
17.05	-4.5545
17.05	-4.5543
17.05	-4.5541
17.04	-4.5538
17.04	-4.5533
17.04	-4.5531
17.03	-4.5526
17.03	-4.5523
17.03	-4.5519
17.03	-4.5516
17.02	-4.5513
17.02	-4.5512
17.02	-4.5508
17.02	-4.5505
17.02	-4.5497
17.02	-4.5495
17.02	-4.5491
17.02	-4.5488
17.01	-4.5484
17.01	-4.5481
17.00	-4.5476
17.00	-4.5472
17.00	-4.5470
17.00	-4.5466
16.99	-4.5461
16.99	-4.5459
16.99	-4.5455
16.99	-4.5450
16.98	-4.5451
16.98	-4.5445
16.98	-4.5441
16.98	-4.5439
16.97	-4.5436
16.97	-4.5432
16.97	-4.5428
16.96	-4.5424
16.96	-4.5422
16.96	-4.5417
16.96	-4.5416
16.95	-4.5412
16.95	-4.5409
16.95	-4.5405
16.95	-4.5401
16.95	-4.5397
16.95	-4.5393
16.94	-4.5391
16.94	-4.5387
16.93	-4.5385
16.93	-4.5380
16.93	-4.5376
16.93	-4.5375
16.93	-4.5371
16.92	-4.5368
16.92	-4.5366
16.92	-4.5364
16.92	-4.5358
16.91	-4.5355
16.91	-4.5351
16.90	-4.5347
16.90	-4.5346
16.90	-4.5342
16.90	-4.5338
16.90	-4.5335
16.90	-4.5331
16.90	-4.5330
16.89	-4.5326
16.89	-4.5320
16.88	-4.5320
16.88	-4.5315
16.88	-4.5313
16.88	-4.5309
16.88	-4.5305
16.88	-4.5304
16.88	-4.5299
16.88	-4.5294
16.87	-4.5293
16.87	-4.5290
16.86	-4.5286
16.86	-4.5282
16.86	-4.5279
16.85	-4.5276
16.85	-4.5273
16.84	-4.5269
16.84	-4.5267
16.84	-4.5264
16.84	-4.5260
16.84	-4.5258
16.84	-4.5256
16.83	-4.5251
16.83	-4.5247
16.82	-4.5244
16.82	-4.5239
16.82	-4.5237
16.82	-4.5235
16.81	-4.5231
16.81	-4.5229
16.81	-4.5225
16.81	-4.5223
16.81	-4.5220
16.80	-4.5217
16.80	-4.5214
16.80	-4.5213
16.80	-4.5208
16.80	-4.5205
16.79	-4.5202
16.79	-4.5196
16.79	-4.5194
16.79	-4.5190
16.78	-4.5188
16.77	-4.5185
16.77	-4.5182
16.77	-4.5179
16.77	-4.5176
16.77	-4.5173
16.77	-4.5171
16.77	-4.5166
16.77	-4.5163
16.76	-4.5158
16.76	-4.5155
16.76	-4.5151
16.76	-4.5150
16.75	-4.5145
16.75	-4.5143
16.75	-4.5139
16.75	-4.5136
16.74	-4.5133
16.73	-4.5131
16.73	-4.5126
16.73	-4.5125
16.73	-4.5120
16.73	-4.5118
16.73	-4.5115
16.72	-4.5112
16.72	-4.5109
16.72	-4.5105
16.71	-4.5102
16.71	-4.5099
16.71	-4.5097
16.71	-4.5093
16.70	-4.5089
16.70	-4.5087
16.70	-4.5084
16.70	-4.5079
16.69	-4.5075
16.69	-4.5070
16.69	-4.5070
16.69	-4.5064
16.68	-4.5063
16.68	-4.5059
16.68	-4.5056
16.68	-4.5053
16.68	-4.5048
16.68	-4.5045
16.67	-4.5042
16.67	-4.5039
16.67	-4.5036
16.66	-4.5033
16.66	-4.5028
16.66	-4.5023
16.65	-4.5020
16.65	-4.5018
16.65	-4.5017
16.65	-4.5013
16.65	-4.5009
16.64	-4.5004
16.64	-4.5002
16.64	-4.5000
16.64	-4.4994
16.64	-4.4990
16.63	-4.4987
16.63	-4.4982
16.63	-4.4977
16.62	-4.4974
16.62	-4.4969
16.62	-4.4965
16.62	-4.4962
16.62	-4.4957
16.61	-4.4952
16.61	-4.4949
16.61	-4.4945
16.61	-4.4940
16.60	-4.4934
16.60	-4.4931
16.60	-4.4929
16.59	-4.4925
16.59	-4.4921
16.59	-4.4916
16.58	-4.4912
16.58	-4.4909
16.58	-4.4906
16.58	-4.4901
16.57	-4.4900
16.57	-4.4897
16.57	-4.4889
16.57	-4.4886
16.57	-4.4881
16.57	-4.4880
16.56	-4.4876
16.56	-4.4873
16.56	-4.4869
16.55	-4.4866
16.55	-4.4864
16.55	-4.4859
16.55	-4.4857
16.55	-4.4852
16.54	-4.4849
16.54	-4.4847
16.53	-4.4843
16.53	-4.4841
16.53	-4.4836
16.53	-4.4833
16.53	-4.4829
16.52	-4.4825
16.52	-4.4823
16.52	-4.4818
16.52	-4.4816
16.52	-4.4813
16.52	-4.4809
16.51	-4.4804
16.51	-4.4801
16.51	-4.4799
16.51	-4.4795
16.50	-4.4791
16.50	-4.4788
16.50	-4.4786
16.50	-4.4784
16.50	-4.4780
16.49	-4.4777
16.49	-4.4775
16.49	-4.4774
16.49	-4.4770
16.48	-4.4766
16.48	-4.4763
16.48	-4.4761
16.47	-4.4759
16.47	-4.4756
16.46	-4.4750
16.46	-4.4749
16.46	-4.4745
16.46	-4.4743
16.45	-4.4739
16.45	-4.4737
16.45	-4.4732
16.45	-4.4730
16.45	-4.4729
16.45	-4.4724
16.45	-4.4723
16.44	-4.4719
16.44	-4.4717
16.43	-4.4714
16.43	-4.4711
16.43	-4.4707
16.43	-4.4705
16.43	-4.4702
16.43	-4.4702
16.42	-4.4698
16.42	-4.4693
16.42	-4.4692
16.41	-4.4691
16.41	-4.4687
16.41	-4.4687
16.40	-4.4685
16.40	-4.4680
16.40	-4.4677
16.40	-4.4675
16.40	-4.4674
16.39	-4.4670
16.39	-4.4669
16.39	-4.4664
16.39	-4.4663
16.39	-4.4659
16.38	-4.4658
16.38	-4.4654
16.38	-4.4652
16.37	-4.4649
16.37	-4.4648
16.37	-4.4643
16.37	-4.4641
16.36	-4.4638
16.36	-4.4637
16.36	-4.4633
16.35	-4.4631
16.35	-4.4629
16.35	-4.4625
16.35	-4.4624
16.34	-4.4620
16.34	-4.4619
16.34	-4.4616
16.34	-4.4615
16.34	-4.4614
16.33	-4.4610
16.33	-4.4608
16.33	-4.4606
16.33	-4.4605
16.32	-4.4601
16.32	-4.4599
16.32	-4.4595
16.31	-4.4593
16.31	-4.4592
16.31	-4.4588
16.31	-4.4585
16.31	-4.4584
16.30	-4.4580
16.30	-4.4578
16.30	-4.4576
16.30	-4.4573
16.30	-4.4571
16.30	-4.4567
16.30	-4.4565
16.29	-4.4563
16.29	-4.4560
16.28	-4.4558
16.28	-4.4554
16.28	-4.4553
16.28	-4.4550
16.27	-4.4546
16.27	-4.4546
16.27	-4.4542
16.27	-4.4539
16.27	-4.4539
16.27	-4.4534
16.26	-4.4532
16.26	-4.4531
16.25	-4.4529
16.25	-4.4526
16.25	-4.4524
16.25	-4.4521
16.24	-4.4518
16.24	-4.4517
16.23	-4.4515
16.23	-4.4512
16.23	-4.4510
16.23	-4.4508
16.23	-4.4506
16.22	-4.4504
16.22	-4.4501
16.22	-4.4497
16.22	-4.4496
16.22	-4.4492
16.21	-4.4490
16.21	-4.4488
16.20	-4.4484
16.20	-4.4483
16.20	-4.4478
16.20	-4.4477
16.20	-4.4474
16.20	-4.4470
16.20	-4.4467
16.19	-4.4465
16.19	-4.4463
16.19	-4.4463
16.18	-4.4458
16.18	-4.4455
16.18	-4.4454
16.18	-4.4452
16.18	-4.4449
16.18	-4.4444
16.17	-4.4442
16.17	-4.4441
16.16	-4.4438
16.16	-4.4435
16.16	-4.4435
16.16	-4.4429
16.15	-4.4428
16.15	-4.4425
16.15	-4.4423
16.15	-4.4422
16.14	-4.4418
16.14	-4.4415
16.14	-4.4414
16.14	-4.4411
16.14	-4.4408
16.13	-4.4405
16.13	-4.4400
16.13	-4.4399
16.13	-4.4396
16.12	-4.4394
16.12	-4.4392
16.12	-4.4390
16.11	-4.4387
16.11	-4.4383
16.11	-4.4379
16.11	-4.4378
16.10	-4.4373
16.10	-4.4372
16.10	-4.4369
16.10	-4.4367
16.09	-4.4364
16.09	-4.4362
16.09	-4.4359
16.09	-4.4358
16.08	-4.4354
16.08	-4.4350
16.08	-4.4347
16.08	-4.4345
16.07	-4.4344
16.07	-4.4341
16.07	-4.4338
16.07	-4.4335
16.06	-4.4331
16.06	-4.4329
16.06	-4.4327
16.06	-4.4325
16.05	-4.4323
16.05	-4.4321
16.05	-4.4316
16.05	-4.4317
16.04	-4.4313
16.04	-4.4311
16.04	-4.4307
16.04	-4.4305
16.04	-4.4300
16.03	-4.4299
16.03	-4.4297
16.03	-4.4294
16.02	-4.4290
16.02	-4.4288
16.02	-4.4286
16.02	-4.4282
16.02	-4.4281
16.02	-4.4275
16.01	-4.4274
16.01	-4.4271
16.01	-4.4270
16.00	-4.4267
16.00	-4.4263
16.00	-4.4260
16.00	-4.4259
16.00	-4.4254
16.00	-4.4251
15.99	-4.4248
15.98	-4.4246
15.98	-4.4243
15.98	-4.4241
15.98	-4.4239
15.98	-4.4235
15.97	-4.4234
15.97	-4.4231
15.96	-4.4230
15.96	-4.4225
15.96	-4.4224
15.96	-4.4222
15.96	-4.4218
15.96	-4.4217
15.95	-4.4210
15.95	-4.4209
15.95	-4.4208
15.95	-4.4205
15.95	-4.4202
15.94	-4.4198
15.94	-4.4197
15.94	-4.4194
15.94	-4.4191
15.93	-4.4190
15.93	-4.4187
15.93	-4.4184
15.93	-4.4180
15.93	-4.4176
15.93	-4.4172
15.93	-4.4170
15.92	-4.4169
15.92	-4.4164
15.92	-4.4161
15.91	-4.4158
15.91	-4.4156
15.91	-4.4149
15.90	-4.4146
15.90	-4.4143
15.90	-4.4139
15.90	-4.4137
15.89	-4.4132
15.88	-4.4129
15.88	-4.4125
15.88	-4.4124
15.88	-4.4119
15.88	-4.4116
15.88	-4.4114
15.88	-4.4111
15.87	-4.4106
15.87	-4.4101
15.87	-4.4099
15.86	-4.4098
15.86	-4.4094
15.86	-4.4088
15.86	-4.4088
15.86	-4.4084
15.85	-4.4079
15.85	-4.4078
15.85	-4.4075
15.85	-4.4071
15.85	-4.4066
15.84	-4.4067
15.84	-4.4063
15.83	-4.4061
15.83	-4.4057
15.83	-4.4051
15.82	-4.4051
15.82	-4.4047
15.82	-4.4045
15.82	-4.4044
15.81	-4.4040
15.81	-4.4038
15.81	-4.4034
15.81	-4.4031
15.80	-4.4029
15.80	-4.4027
15.80	-4.4024
15.80	-4.4020
15.80	-4.4018
15.79	-4.4012
15.79	-4.4013
15.79	-4.4010
15.79	-4.4007
15.78	-4.4004
15.78	-4.4000
15.78	-4.3998
15.78	-4.3993
15.78	-4.3992
15.78	-4.3990
15.77	-4.3989
15.77	-4.3983
15.77	-4.3983
15.76	-4.3981
15.76	-4.3978
15.76	-4.3977
15.75	-4.3974
15.75	-4.3971
15.75	-4.3969
15.75	-4.3967
15.74	-4.3967
15.74	-4.3961
15.74	-4.3961
15.74	-4.3958
15.73	-4.3956
15.73	-4.3951
15.73	-4.3949
15.73	-4.3948
15.72	-4.3943
15.72	-4.3944
15.72	-4.3942
15.71	-4.3939
15.71	-4.3935
15.71	-4.3933
15.70	-4.3932
15.70	-4.3930
15.70	-4.3927
15.70	-4.3926
15.70	-4.3923
15.69	-4.3919
15.69	-4.3918
15.69	-4.3915
15.69	-4.3914
15.69	-4.3912
15.68	-4.3910
15.68	-4.3909
15.68	-4.3905
15.68	-4.3903
15.67	-4.3900
15.67	-4.3898
15.67	-4.3897
15.67	-4.3894
15.66	-4.3892
15.65	-4.3890
15.65	-4.3890
15.65	-4.3886
15.65	-4.3884
15.65	-4.3882
15.65	-4.3880
15.65	-4.3877
15.64	-4.3876
15.64	-4.3874
15.64	-4.3872
15.63	-4.3870
15.63	-4.3869
15.63	-4.3866
15.63	-4.3865
15.63	-4.3864
15.63	-4.3861
15.63	-4.3857
15.62	-4.3854
15.62	-4.3853
15.61	-4.3851
15.61	-4.3849
15.61	-4.3846
15.61	-4.3844
15.60	-4.3844
15.60	-4.3840
15.60	-4.3838
15.60	-4.3837
15.60	-4.3833
15.59	-4.3831
15.59	-4.3829
15.58	-4.3824
15.59	-4.3823
15.58	-4.3821
15.58	-4.3820
15.58	-4.3818
15.58	-4.3816
15.58	-4.3814
15.57	-4.3810
15.57	-4.3807
15.56	-4.3806
15.56	-4.3806
15.55	-4.3802
15.55	-4.3797
15.55	-4.3797
15.55	-4.3795
15.55	-4.3795
15.55	-4.3792
15.55	-4.3789
15.54	-4.3785
15.54	-4.3784
15.54	-4.3781
15.54	-4.3780
15.54	-4.3779
15.53	-4.3778
15.53	-4.3775
15.53	-4.3773
15.53	-4.3773
15.52	-4.3769
15.52	-4.3767
15.52	-4.3765
15.52	-4.3762
15.51	-4.3760
15.51	-4.3756
15.50	-4.3754
15.50	-4.3751
15.50	-4.3749
15.49	-4.3748
15.49	-4.3744
15.49	-4.3744
15.49	-4.3743
15.49	-4.3740
15.49	-4.3738
15.48	-4.3735
15.48	-4.3733
15.48	-4.3731
15.48	-4.3731
15.47	-4.3728
15.47	-4.3725
15.47	-4.3723
15.47	-4.3719
15.46	-4.3718
15.46	-4.3716
15.46	-4.3714
15.46	-4.3711
15.46	-4.3710
15.45	-4.3706
15.45	-4.3705
15.45	-4.3701
15.44	-4.3700
15.44	-4.3698
15.44	-4.3695
15.44	-4.3693
15.44	-4.3691
15.44	-4.3688
15.43	-4.3685
15.43	-4.3683
15.43	-4.3682
15.42	-4.3681
15.42	-4.3676
15.41	-4.3676
15.41	-4.3672
15.41	-4.3671
15.41	-4.3668
15.40	-4.3666
15.40	-4.3664
15.40	-4.3661
15.40	-4.3658
15.40	-4.3656
15.40	-4.3653
15.40	-4.3652
15.40	-4.3649
15.39	-4.3645
15.39	-4.3645
15.38	-4.3641
15.38	-4.3637
15.38	-4.3638
15.38	-4.3636
15.38	-4.3632
15.37	-4.3630
15.37	-4.3628
15.37	-4.3626
15.37	-4.3622
15.36	-4.3619
15.36	-4.3619
15.36	-4.3615
15.36	-4.3614
15.35	-4.3611
15.35	-4.3606
15.35	-4.3605
15.35	-4.3603
15.35	-4.3600
15.34	-4.3599
15.34	-4.3597
15.34	-4.3596
15.33	-4.3592
15.33	-4.3590
15.33	-4.3587
15.32	-4.3585
15.32	-4.3584
15.32	-4.3582
15.32	-4.3579
15.31	-4.3575
15.31	-4.3573
15.31	-4.3572
15.31	-4.3568
15.30	-4.3564
15.30	-4.3563
15.30	-4.3561
15.29	-4.3558
15.29	-4.3555
15.28	-4.3552
15.29	-4.3550
15.29	-4.3548
15.28	-4.3543
15.28	-4.3543
15.28	-4.3539
15.28	-4.3537
15.28	-4.3536
15.28	-4.3531
15.28	-4.3528
15.27	-4.3526
15.27	-4.3524
15.26	-4.3524
15.26	-4.3518
15.25	-4.3516
15.25	-4.3513
15.25	-4.3513
15.25	-4.3509
15.25	-4.3507
15.24	-4.3503
15.24	-4.3502
15.24	-4.3499
15.24	-4.3498
15.23	-4.3493
15.23	-4.3491
15.23	-4.3486
15.23	-4.3484
15.23	-4.3482
15.23	-4.3482
15.22	-4.3479
15.22	-4.3476
15.21	-4.3475
15.21	-4.3470
15.21	-4.3465
15.20	-4.3464
15.20	-4.3463
15.20	-4.3461
15.20	-4.3456
15.20	-4.3455
15.20	-4.3452
15.20	-4.3449
15.19	-4.3446
15.19	-4.3444
15.19	-4.3441
15.18	-4.3437
15.18	-4.3435
15.18	-4.3431
15.18	-4.3426
15.18	-4.3424
15.17	-4.3419
15.17	-4.3415
15.16	-4.3414
15.16	-4.3411
15.16	-4.3406
15.16	-4.3404
15.15	-4.3399
15.15	-4.3398
15.15	-4.3392
15.15	-4.3389
15.15	-4.3389
15.15	-4.3384
15.15	-4.3381
15.14	-4.3377
15.14	-4.3375
15.14	-4.3371
15.13	-4.3368
15.13	-4.3366
15.13	-4.3362
15.13	-4.3360
15.13	-4.3356
15.12	-4.3354
15.12	-4.3351
15.12	-4.3347
15.11	-4.3346
15.11	-4.3344
15.10	-4.3339
15.11	-4.3338
15.10	-4.3336
15.10	-4.3332
15.10	-4.3331
15.09	-4.3328
15.09	-4.3325
15.09	-4.3324
15.08	-4.3320
15.08	-4.3317
15.08	-4.3314
15.08	-4.3311
15.08	-4.3310
15.07	-4.3305
15.07	-4.3303
15.07	-4.3300
15.07	-4.3299
15.07	-4.3296
15.06	-4.3293
15.05	-4.3292
15.05	-4.3287
15.05	-4.3283
15.05	-4.3282
15.05	-4.3279
15.05	-4.3276
15.05	-4.3276
15.05	-4.3271
15.04	-4.3267
15.04	-4.3265
15.04	-4.3262
15.03	-4.3257
15.03	-4.3259
15.03	-4.3254
15.03	-4.3253
15.03	-4.3249
15.02	-4.3247
15.01	-4.3243
15.01	-4.3241
15.01	-4.3239
15.01	-4.3236
15.01	-4.3235
15.00	-4.3232
15.00	-4.3231
15.00	-4.3226
15.00	-4.3222
15.00	-4.3222
15.00	-4.3217
14.99	-4.3215
14.99	-4.3214
14.99	-4.3213
14.98	-4.3209
14.98	-4.3207
14.98	-4.3204
14.98	-4.3203
14.97	-4.3201
14.97	-4.3199
14.97	-4.3196
14.97	-4.3193
14.96	-4.3191
14.96	-4.3187
14.96	-4.3186
14.95	-4.3184
14.95	-4.3181
14.95	-4.3178
14.95	-4.3179
14.94	-4.3177
14.94	-4.3172
14.94	-4.3169
14.94	-4.3168
14.93	-4.3165
14.93	-4.3162
14.93	-4.3161
14.93	-4.3157
14.93	-4.3154
14.93	-4.3152
14.92	-4.3148
14.92	-4.3147
14.91	-4.3146
14.91	-4.3142
14.90	-4.3141
14.91	-4.3139
14.90	-4.3135
14.90	-4.3134
14.90	-4.3132
14.90	-4.3130
14.90	-4.3129
14.89	-4.3123
14.89	-4.3123
14.88	-4.3122
14.88	-4.3117
14.88	-4.3116
14.88	-4.3113
14.88	-4.3109
14.88	-4.3109
14.88	-4.3106
14.87	-4.3105
14.87	-4.3103
14.87	-4.3099
14.86	-4.3099
14.86	-4.3094
14.85	-4.3094
14.85	-4.3090
14.85	-4.3088
14.85	-4.3085
14.84	-4.3083
14.84	-4.3081
14.84	-4.3079
14.84	-4.3075
14.84	-4.3075
14.83	-4.3071
14.83	-4.3068
14.83	-4.3066
14.83	-4.3065
14.83	-4.3064
14.83	-4.3059
14.83	-4.3059
14.82	-4.3057
14.82	-4.3053
14.82	-4.3051
14.81	-4.3050
14.81	-4.3047
14.81	-4.3046
14.81	-4.3043
14.80	-4.3038
14.80	-4.3038
14.80	-4.3034
14.79	-4.3033
14.79	-4.3030
14.79	-4.3031
14.79	-4.3029
14.78	-4.3025
14.78	-4.3022
14.78	-4.3021
14.78	-4.3018
14.78	-4.3017
14.78	-4.3014
14.77	-4.3011
14.77	-4.3009
14.77	-4.3005
14.76	-4.3005
14.76	-4.3003
14.76	-4.3001
14.75	-4.2998
14.75	-4.2995
14.75	-4.2993
14.75	-4.2991
14.74	-4.2990
14.74	-4.2988
14.74	-4.2987
14.74	-4.2984
14.73	-4.2983
14.73	-4.2978
14.73	-4.2975
14.73	-4.2973
14.73	-4.2972
14.72	-4.2967
14.72	-4.2965
14.72	-4.2964
14.72	-4.2959
14.72	-4.2959
14.71	-4.2957
14.71	-4.2952
14.70	-4.2951
14.70	-4.2949
14.70	-4.2946
14.70	-4.2943
14.70	-4.2941
14.69	-4.2939
14.69	-4.2938
14.69	-4.2936
14.69	-4.2933
14.69	-4.2929
14.68	-4.2927
14.68	-4.2923
14.68	-4.2920
14.68	-4.2919
14.67	-4.2918
14.67	-4.2913
14.67	-4.2912
14.66	-4.2911
14.66	-4.2908
14.66	-4.2906
14.65	-4.2905
14.65	-4.2902
14.65	-4.2898
14.65	-4.2896
14.64	-4.2893
14.64	-4.2891
14.64	-4.2888
14.64	-4.2886
14.63	-4.2885
14.63	-4.2879
14.63	-4.2876
14.63	-4.2875
14.63	-4.2874
14.62	-4.2871
14.62	-4.2869
14.62	-4.2864
14.62	-4.2863
14.62	-4.2862
14.61	-4.2860
14.61	-4.2857
14.60	-4.2855
14.60	-4.2849
14.60	-4.2850
14.60	-4.2845
14.59	-4.2844
14.59	-4.2841
14.59	-4.2839
14.59	-4.2836
14.58	-4.2833
14.58	-4.2831
14.58	-4.2827
14.58	-4.2826
14.57	-4.2821
14.57	-4.2819
14.57	-4.2817
14.57	-4.2816
14.57	-4.2813
14.56	-4.2808
14.56	-4.2805
14.56	-4.2803
14.56	-4.2801
14.55	-4.2799
14.55	-4.2797
14.55	-4.2792
14.54	-4.2789
14.54	-4.2789
14.54	-4.2787
14.54	-4.2784
14.53	-4.2781
14.53	-4.2777
14.53	-4.2774
14.53	-4.2771
14.53	-4.2770
14.53	-4.2765
14.52	-4.2764
14.52	-4.2764
14.52	-4.2760
14.51	-4.2757
14.51	-4.2753
14.51	-4.2750
14.51	-4.2748
14.51	-4.2743
14.50	-4.2742
14.50	-4.2739
14.50	-4.2737
14.50	-4.2735
14.50	-4.2733
14.50	-4.2728
14.50	-4.2726
14.49	-4.2724
14.48	-4.2720
14.48	-4.2716
14.48	-4.2714
14.48	-4.2714
14.48	-4.2710
14.47	-4.2706
14.47	-4.2703
14.47	-4.2703
14.47	-4.2697
14.47	-4.2695
14.46	-4.2693
14.46	-4.2687
14.46	-4.2684
14.46	-4.2681
14.45	-4.2678
14.45	-4.2674
14.45	-4.2671
14.45	-4.2667
14.44	-4.2664
14.44	-4.2662
14.44	-4.2657
14.43	-4.2654
14.43	-4.2651
14.43	-4.2646
14.43	-4.2645
14.42	-4.2641
14.42	-4.2637
14.42	-4.2635
14.41	-4.2632
14.41	-4.2627
14.41	-4.2625
14.41	-4.2621
14.40	-4.2619
14.40	-4.2617
14.40	-4.2612
14.40	-4.2607
14.39	-4.2605
14.39	-4.2602
14.39	-4.2602
14.39	-4.2598
14.38	-4.2596
14.38	-4.2592
14.38	-4.2592
14.38	-4.2589
14.38	-4.2584
14.38	-4.2583
14.37	-4.2578
14.37	-4.2578
14.37	-4.2573
14.37	-4.2570
14.36	-4.2567
14.36	-4.2565
14.35	-4.2564
14.35	-4.2560
14.35	-4.2557
14.34	-4.2555
14.34	-4.2553
14.34	-4.2549
14.34	-4.2543
14.34	-4.2544
14.33	-4.2543
14.33	-4.2540
14.33	-4.2537
14.33	-4.2534
14.33	-4.2533
14.32	-4.2528
14.32	-4.2526
14.32	-4.2523
14.32	-4.2522
14.31	-4.2519
14.31	-4.2517
14.31	-4.2513
14.30	-4.2511
14.30	-4.2511
14.30	-4.2507
14.30	-4.2506
14.30	-4.2502
14.29	-4.2501
14.29	-4.2498
14.29	-4.2496
14.29	-4.2494
14.29	-4.2494
14.28	-4.2490
14.28	-4.2490
14.27	-4.2485
14.27	-4.2484
14.27	-4.2480
14.27	-4.2478
14.26	-4.2477
14.26	-4.2474
14.26	-4.2473
14.26	-4.2471
14.25	-4.2469
14.25	-4.2468
14.25	-4.2465
14.25	-4.2462
14.25	-4.2461
14.25	-4.2459
14.25	-4.2459
14.24	-4.2455
14.24	-4.2453
14.24	-4.2449
14.24	-4.2447
14.23	-4.2446
14.23	-4.2444
14.23	-4.2443
14.23	-4.2440
14.22	-4.2440
14.22	-4.2437
14.21	-4.2436
14.21	-4.2434
14.21	-4.2431
14.21	-4.2429
14.20	-4.2427
14.20	-4.2426
14.19	-4.2422
14.19	-4.2423
14.19	-4.2419
14.19	-4.2419
14.19	-4.2417
14.19	-4.2415
14.18	-4.2412
14.18	-4.2410
14.18	-4.2408
14.18	-4.2407
14.17	-4.2407
14.17	-4.2403
14.17	-4.2400
14.16	-4.2398
14.16	-4.2398
14.16	-4.2394
14.15	-4.2394
14.15	-4.2391
14.15	-4.2390
14.15	-4.2387
14.15	-4.2385
14.15	-4.2383
14.15	-4.2382
14.14	-4.2381
14.14	-4.2378
14.14	-4.2375
14.14	-4.2375
14.13	-4.2373
14.13	-4.2371
14.13	-4.2369
14.13	-4.2366
14.13	-4.2365
14.13	-4.2363
14.12	-4.2362
14.12	-4.2358
14.11	-4.2358
14.11	-4.2354
14.11	-4.2354
14.10	-4.2351
14.10	-4.2350
14.10	-4.2349
14.10	-4.2346
14.09	-4.2345
14.09	-4.2344
14.09	-4.2341
14.08	-4.2336
14.08	-4.2335
14.08	-4.2334
14.08	-4.2332
14.08	-4.2330
14.08	-4.2326
14.07	-4.2326
14.07	-4.2323
14.07	-4.2322
14.07	-4.2319
14.06	-4.2319
14.06	-4.2316
14.06	-4.2314
14.06	-4.2313
14.05	-4.2310
14.05	-4.2308
14.05	-4.2306
14.04	-4.2304
14.04	-4.2302
14.04	-4.2299
14.04	-4.2296
14.03	-4.2295
14.03	-4.2293
14.03	-4.2290
14.02	-4.2289
14.02	-4.2288
14.02	-4.2284
14.03	-4.2283
14.02	-4.2282
14.02	-4.2280
14.02	-4.2278
14.01	-4.2277
14.01	-4.2274
14.01	-4.2272
14.00	-4.2271
14.00	-4.2267
14.00	-4.2265
14.00	-4.2262
13.99	-4.2263
13.99	-4.2259
13.99	-4.2256
13.98	-4.2255
13.98	-4.2253
13.98	-4.2251
13.98	-4.2250
13.98	-4.2247
13.98	-4.2245
13.98	-4.2241
13.97	-4.2241
13.96	-4.2238
13.96	-4.2235
13.96	-4.2232
13.96	-4.2232
13.95	-4.2229
13.95	-4.2228
13.95	-4.2224
13.95	-4.2222
13.95	-4.2220
13.94	-4.2220
13.94	-4.2217
13.94	-4.2214
13.93	-4.2212
13.93	-4.2210
13.93	-4.2207
13.93	-4.2204
13.93	-4.2203
13.93	-4.2201
13.93	-4.2198
13.92	-4.2197
13.92	-4.2193
13.92	-4.2191
13.91	-4.2187
13.91	-4.2185
13.91	-4.2184
13.91	-4.2181
13.90	-4.2180
13.90	-4.2176
13.90	-4.2177
13.90	-4.2173
13.90	-4.2170
13.90	-4.2169
13.89	-4.2167
13.89	-4.2164
13.88	-4.2161
13.88	-4.2159
13.88	-4.2158
13.88	-4.2155
13.88	-4.2151
13.87	-4.2151
13.87	-4.2148
13.87	-4.2146
13.86	-4.2143
13.86	-4.2141
13.86	-4.2139
13.86	-4.2137
13.85	-4.2134
13.85	-4.2133
13.85	-4.2132
13.85	-4.2129
13.85	-4.2128
13.84	-4.2126
13.84	-4.2123
13.84	-4.2122
13.83	-4.2118
13.83	-4.2118
13.83	-4.2115
13.82	-4.2113
13.83	-4.2111
13.82	-4.2109
13.82	-4.2108
13.81	-4.2105
13.81	-4.2103
13.81	-4.2101
13.81	-4.2099
13.80	-4.2094
13.80	-4.2094
13.80	-4.2093
13.80	-4.2091
13.80	-4.2089
13.80	-4.2086
13.79	-4.2086
13.79	-4.2084
13.79	-4.2083
13.78	-4.2078
13.78	-4.2079
13.78	-4.2076
13.78	-4.2074
13.77	-4.2072
13.77	-4.2069
13.77	-4.2068
13.77	-4.2064
13.76	-4.2063
13.76	-4.2061
13.76	-4.2060
13.75	-4.2059
13.75	-4.2056
13.75	-4.2054
13.74	-4.2054
13.74	-4.2048
13.74	-4.2045
13.74	-4.2043
13.73	-4.2040
13.73	-4.2035
13.73	-4.2031
13.73	-4.2032
13.73	-4.2027
13.73	-4.2024
13.73	-4.2023
13.73	-4.2019
13.73	-4.2016
13.72	-4.2015
13.72	-4.2013
13.71	-4.2009
13.71	-4.2006
13.71	-4.2004
13.71	-4.2001
13.70	-4.1998
13.70	-4.1996
13.70	-4.1996
13.70	-4.1992
13.69	-4.1989
13.68	-4.1986
13.68	-4.1984
13.68	-4.1980
13.68	-4.1979
13.68	-4.1977
13.68	-4.1974
13.68	-4.1972
13.67	-4.1971
13.67	-4.1970
13.67	-4.1966
13.66	-4.1963
13.66	-4.1961
13.66	-4.1959
13.66	-4.1957
13.65	-4.1955
13.65	-4.1953
13.65	-4.1948
13.65	-4.1949
13.65	-4.1946
13.65	-4.1942
13.64	-4.1943
13.64	-4.1939
13.63	-4.1938
13.63	-4.1937
13.63	-4.1932
13.63	-4.1931
13.63	-4.1931
13.63	-4.1928
13.62	-4.1926
13.62	-4.1924
13.62	-4.1920
13.62	-4.1919
13.61	-4.1917
13.61	-4.1915
13.61	-4.1916
13.60	-4.1913
13.60	-4.1910
13.60	-4.1908
13.60	-4.1908
13.60	-4.1905
13.60	-4.1904
13.59	-4.1901
13.59	-4.1898
13.58	-4.1898
13.58	-4.1895
13.58	-4.1892
13.58	-4.1890
13.58	-4.1887
13.58	-4.1888
13.57	-4.1886
13.57	-4.1884
13.57	-4.1882
13.55	-4.1880
13.55	-4.1878
13.54	-4.1877
13.54	-4.1875
13.53	-4.1873
13.53	-4.1872
13.53	-4.1871
13.53	-4.1868
13.53	-4.1867
13.53	-4.1864
13.53	-4.1863
13.53	-4.1862
13.53	-4.1861
13.53	-4.1859
13.53	-4.1858
13.53	-4.1855
13.53	-4.1851
13.53	-4.1850
13.53	-4.1849
13.52	-4.1848
13.52	-4.1847
13.51	-4.1846
13.51	-4.1844
13.51	-4.1841
13.50	-4.1840
13.50	-4.1841
13.50	-4.1839
13.50	-4.1838
13.49	-4.1835
13.49	-4.1835
13.49	-4.1832
13.49	-4.1830
13.48	-4.1830
13.48	-4.1829
13.48	-4.1829
13.48	-4.1822
13.48	-4.1822
13.47	-4.1821
13.47	-4.1821
13.47	-4.1817
13.46	-4.1816
13.46	-4.1814
13.46	-4.1814
13.45	-4.1809
13.45	-4.1810
13.45	-4.1806
13.45	-4.1806
13.45	-4.1806
13.44	-4.1803
13.44	-4.1800
13.44	-4.1798
13.44	-4.1797
13.43	-4.1794
13.43	-4.1793
13.43	-4.1790
13.43	-4.1790
13.42	-4.1788
13.42	-4.1787
13.42	-4.1781
13.42	-4.1780
13.41	-4.1781
13.41	-4.1778
13.41	-4.1777
13.40	-4.1774
13.40	-4.1774
13.40	-4.1772
13.40	-4.1771
13.39	-4.1769
13.39	-4.1767
13.39	-4.1767
13.39	-4.1766
13.39	-4.1765
13.38	-4.1759
13.38	-4.1761
13.38	-4.1759
13.38	-4.1758
13.38	-4.1754
13.38	-4.1755
13.37	-4.1752
13.37	-4.1752
13.37	-4.1750
13.36	-4.1748
13.36	-4.1749
13.35	-4.1747
13.35	-4.1743
13.35	-4.1743
13.35	-4.1742
13.35	-4.1741
13.34	-4.1737
13.34	-4.1737
13.34	-4.1734
13.33	-4.1730
13.33	-4.1729
13.33	-4.1730
13.33	-4.1730
13.33	-4.1727
13.32	-4.1725
13.33	-4.1723
13.33	-4.1721
13.32	-4.1719
13.32	-4.1715
13.31	-4.1715
13.31	-4.1713
13.30	-4.1713
13.30	-4.1709
13.30	-4.1707
13.30	-4.1707
13.30	-4.1703
13.29	-4.1704
13.29	-4.1703
13.28	-4.1700
13.28	-4.1699
13.28	-4.1698
13.28	-4.1696
13.28	-4.1693
13.28	-4.1690
13.27	-4.1690
13.27	-4.1689
13.27	-4.1689
13.27	-4.1687
13.26	-4.1684
13.26	-4.1683
13.25	-4.1681
13.25	-4.1680
13.25	-4.1679
13.25	-4.1677
13.25	-4.1674
13.25	-4.1675
13.25	-4.1672
13.24	-4.1669
13.24	-4.1667
13.24	-4.1665
13.23	-4.1665
13.23	-4.1664
13.23	-4.1662
13.23	-4.1661
13.23	-4.1659
13.22	-4.1658
13.22	-4.1657
13.22	-4.1656
13.21	-4.1653
13.21	-4.1652
13.21	-4.1651
13.21	-4.1650
13.20	-4.1646
13.20	-4.1647
13.20	-4.1646
13.20	-4.1644
13.19	-4.1642
13.19	-4.1641
13.19	-4.1639
13.19	-4.1637
13.19	-4.1636
13.18	-4.1634
13.18	-4.1634
13.18	-4.1631
13.18	-4.1629
13.18	-4.1629
13.17	-4.1628
13.17	-4.1624
13.17	-4.1621
13.16	-4.1620
13.16	-4.1620
13.16	-4.1617
13.16	-4.1616
13.15	-4.1615
13.15	-4.1613
13.15	-4.1611
13.15	-4.1610
13.15	-4.1610
13.14	-4.1606
13.14	-4.1606
13.14	-4.1604
13.14	-4.1604
13.14	-4.1602
13.13	-4.1600
13.13	-4.1599
13.12	-4.1596
13.12	-4.1594
13.12	-4.1593
13.11	-4.1593
13.11	-4.1591
13.11	-4.1589
13.10	-4.1588
13.10	-4.1585
13.10	-4.1583
13.10	-4.1584
13.10	-4.1579
13.09	-4.1576
13.09	-4.1577
13.09	-4.1575
13.09	-4.1575
13.08	-4.1571
13.08	-4.1570
13.08	-4.1568
13.08	-4.1566
13.08	-4.1562
13.08	-4.1562
13.08	-4.1560
13.08	-4.1559
13.08	-4.1559
13.07	-4.1556
13.07	-4.1555
13.06	-4.1554
13.06	-4.1553
13.05	-4.1551
13.05	-4.1550
13.04	-4.1548
13.04	-4.1546
13.04	-4.1544
13.04	-4.1543
13.04	-4.1542
13.03	-4.1541
13.03	-4.1539
13.03	-4.1536
13.03	-4.1537
13.03	-4.1532
13.03	-4.1530
13.02	-4.1528
13.02	-4.1524
13.01	-4.1524
13.01	-4.1523
13.01	-4.1519
13.00	-4.1516
13.00	-4.1515
13.00	-4.1510
13.00	-4.1509
13.00	-4.1505
12.99	-4.1503
12.99	-4.1502
12.99	-4.1499
12.99	-4.1498
12.98	-4.1496
12.98	-4.1491
12.98	-4.1490
12.98	-4.1488
12.98	-4.1486
12.98	-4.1484
12.98	-4.1479
12.97	-4.1478
12.97	-4.1475
12.97	-4.1475
12.96	-4.1472
12.96	-4.1472
12.96	-4.1471
12.96	-4.1469
12.95	-4.1466
12.95	-4.1464
12.95	-4.1462
12.95	-4.1460
12.94	-4.1459
12.94	-4.1456
12.94	-4.1455
12.94	-4.1455
12.93	-4.1452
12.93	-4.1451
12.93	-4.1447
12.93	-4.1449
12.93	-4.1447
12.92	-4.1444
12.92	-4.1444
12.92	-4.1440
12.91	-4.1441
12.91	-4.1438
12.90	-4.1435
12.90	-4.1434
12.90	-4.1434
12.90	-4.1431
12.90	-4.1429
12.90	-4.1427
12.89	-4.1425
12.89	-4.1424
12.89	-4.1422
12.88	-4.1419
12.88	-4.1419
12.88	-4.1417
12.88	-4.1415
12.87	-4.1415
12.87	-4.1414
12.87	-4.1413
12.87	-4.1411
12.87	-4.1408
12.86	-4.1409
12.85	-4.1407
12.85	-4.1405
12.85	-4.1405
12.85	-4.1402
12.85	-4.1401
12.85	-4.1399
12.85	-4.1396
12.85	-4.1395
12.84	-4.1396
12.84	-4.1395
12.84	-4.1394
12.83	-4.1391
12.83	-4.1389
12.83	-4.1388
12.83	-4.1387
12.83	-4.1385
12.82	-4.1383
12.82	-4.1383
12.82	-4.1380
12.81	-4.1379
12.81	-4.1377
12.81	-4.1376
12.81	-4.1375
12.80	-4.1373
12.80	-4.1371
12.80	-4.1371
12.79	-4.1370
12.79	-4.1366
12.79	-4.1366
12.79	-4.1365
12.78	-4.1363
12.78	-4.1362
12.78	-4.1360
12.78	-4.1360
12.78	-4.1357
12.78	-4.1357
12.77	-4.1355
12.77	-4.1355
12.76	-4.1355
12.76	-4.1352
12.76	-4.1352
12.76	-4.1350
12.75	-4.1347
12.75	-4.1346
12.75	-4.1345
12.75	-4.1343
12.75	-4.1342
12.75	-4.1340
12.74	-4.1339
12.74	-4.1337
12.74	-4.1337
12.74	-4.1336
12.74	-4.1336
12.73	-4.1334
12.73	-4.1334
12.73	-4.1331
12.73	-4.1328
12.73	-4.1330
12.72	-4.1329
12.72	-4.1328
12.71	-4.1326
12.71	-4.1323
12.71	-4.1324
12.71	-4.1321
12.70	-4.1321
12.70	-4.1317
12.70	-4.1318
12.70	-4.1317
12.70	-4.1318
12.70	-4.1315
12.69	-4.1314
12.69	-4.1311
12.69	-4.1312
12.69	-4.1310
12.68	-4.1308
12.68	-4.1308
12.67	-4.1308
12.67	-4.1305
12.67	-4.1303
12.67	-4.1301
12.67	-4.1302
12.67	-4.1299
12.66	-4.1301
12.66	-4.1298
12.66	-4.1298
12.66	-4.1294
12.65	-4.1293
12.65	-4.1296
12.65	-4.1292
12.65	-4.1290
12.65	-4.1289
12.64	-4.1289
12.64	-4.1286
12.63	-4.1286
12.63	-4.1284
12.63	-4.1283
12.62	-4.1283
12.62	-4.1282
12.62	-4.1280
12.62	-4.1279
12.62	-4.1280
12.61	-4.1278
12.61	-4.1278
12.61	-4.1276
12.60	-4.1275
12.60	-4.1274
12.60	-4.1272
12.60	-4.1272
12.60	-4.1272
12.59	-4.1269
12.59	-4.1266
12.59	-4.1267
12.59	-4.1266
12.59	-4.1264
12.58	-4.1264
12.58	-4.1261
12.58	-4.1260
12.58	-4.1258
12.58	-4.1258
12.58	-4.1257
12.57	-4.1255
12.57	-4.1252
12.57	-4.1251
12.57	-4.1249
12.56	-4.1249
12.55	-4.1247
12.55	-4.1247
12.55	-4.1243
12.55	-4.1244
12.54	-4.1243
12.54	-4.1241
12.54	-4.1241
12.53	-4.1239
12.53	-4.1236
12.53	-4.1235
12.53	-4.1234
12.53	-4.1234
12.52	-4.1231
12.52	-4.1231
12.52	-4.1229
12.52	-4.1228
12.52	-4.1227
12.52	-4.1224
12.51	-4.1224
12.51	-4.1222
12.50	-4.1221
12.50	-4.1219
12.50	-4.1220
12.50	-4.1217
12.49	-4.1215
12.49	-4.1212
12.49	-4.1212
12.49	-4.1210
12.49	-4.1211
12.48	-4.1209
12.48	-4.1208
12.48	-4.1206
12.48	-4.1204
12.47	-4.1206
12.47	-4.1205
12.47	-4.1201
12.47	-4.1202
12.46	-4.1199
12.46	-4.1198
12.46	-4.1195
12.45	-4.1194
12.45	-4.1193
12.45	-4.1192
12.45	-4.1189
12.44	-4.1189
12.44	-4.1186
12.44	-4.1186
12.44	-4.1184
12.43	-4.1183
12.43	-4.1181
12.43	-4.1179
12.43	-4.1178
12.43	-4.1176
12.43	-4.1176
12.43	-4.1174
12.42	-4.1170
12.42	-4.1167
12.42	-4.1166
12.41	-4.1163
12.41	-4.1163
12.40	-4.1160
12.40	-4.1159
12.40	-4.1157
12.40	-4.1156
12.39	-4.1155
12.39	-4.1153
12.39	-4.1152
12.39	-4.1150
12.38	-4.1149
12.38	-4.1148
12.38	-4.1146
12.38	-4.1143
12.38	-4.1142
12.37	-4.1142
12.37	-4.1140
12.37	-4.1138
12.37	-4.1139
12.37	-4.1136
12.36	-4.1135
12.36	-4.1133
12.36	-4.1131
12.36	-4.1131
12.35	-4.1128
12.35	-4.1128
12.35	-4.1123
12.35	-4.1121
12.35	-4.1121
12.34	-4.1119
12.34	-4.1116
12.33	-4.1115
12.33	-4.1113
12.33	-4.1113
12.33	-4.1112
12.33	-4.1111
12.33	-4.1107
12.32	-4.1106
12.32	-4.1104
12.32	-4.1101
12.32	-4.1101
12.31	-4.1098
12.31	-4.1094
12.30	-4.1094
12.30	-4.1089
12.30	-4.1087
12.30	-4.1085
12.30	-4.1083
12.30	-4.1080
12.29	-4.1077
12.29	-4.1075
12.28	-4.1074
12.28	-4.1069
12.28	-4.1068
12.28	-4.1067
12.28	-4.1064
12.27	-4.1061
12.27	-4.1059
12.27	-4.1057
12.26	-4.1054
12.26	-4.1052
12.26	-4.1049
12.25	-4.1048
12.25	-4.1047
12.25	-4.1043
12.25	-4.1041
12.25	-4.1039
12.25	-4.1039
12.25	-4.1035
12.25	-4.1036
12.24	-4.1032
12.24	-4.1029
12.23	-4.1026
12.23	-4.1024
12.23	-4.1024
12.23	-4.1019
12.23	-4.1021
12.23	-4.1019
12.23	-4.1017
12.22	-4.1015
12.21	-4.1013
12.21	-4.1013
12.21	-4.1009
12.21	-4.1010
12.20	-4.1007
12.20	-4.1007
12.20	-4.1006
12.20	-4.1003
12.19	-4.1002
12.19	-4.1000
12.19	-4.0998
12.19	-4.0997
12.19	-4.0996
12.18	-4.0993
12.18	-4.0990
12.18	-4.0992
12.17	-4.0990
12.17	-4.0989
12.17	-4.0986
12.17	-4.0985
12.16	-4.0982
12.16	-4.0983
12.16	-4.0980
12.15	-4.0980
12.15	-4.0979
12.15	-4.0977
12.15	-4.0978
12.15	-4.0975
12.15	-4.0974
12.15	-4.0974
12.15	-4.0970
12.14	-4.0969
12.14	-4.0967
12.13	-4.0966
12.13	-4.0964
12.13	-4.0963
12.13	-4.0962
12.12	-4.0960
12.11	-4.0960
12.11	-4.0958
12.11	-4.0956
12.11	-4.0955
12.10	-4.0955
12.10	-4.0952
12.10	-4.0952
12.10	-4.0950
12.10	-4.0949
12.10	-4.0949
12.10	-4.0947
12.09	-4.0947
12.09	-4.0947
12.09	-4.0944
12.08	-4.0942
12.08	-4.0942
12.08	-4.0940
12.08	-4.0940
12.08	-4.0939
12.08	-4.0934
12.07	-4.0935
12.07	-4.0934
12.07	-4.0933
12.06	-4.0931
12.06	-4.0931
12.05	-4.0930
12.04	-4.0929
12.04	-4.0930
12.04	-4.0926
12.04	-4.0926
12.03	-4.0924
12.03	-4.0923
12.03	-4.0922
12.03	-4.0921
12.03	-4.0919
12.03	-4.0921
12.03	-4.0919
12.03	-4.0916
12.02	-4.0917
12.02	-4.0916
12.02	-4.0913
12.02	-4.0910
12.02	-4.0911
12.01	-4.0911
12.01	-4.0910
12.00	-4.0909
12.00	-4.0909
12.00	-4.0908
12.00	-4.0905
12.00	-4.0905
12.00	-4.0905
12.00	-4.0903
12.00	-4.0901
11.99	-4.0901
11.99	-4.0899
11.98	-4.0899
11.98	-4.0898
11.98	-4.0896
11.97	-4.0897
11.97	-4.0895
11.96	-4.0893
11.96	-4.0892
11.96	-4.0891
11.96	-4.0889
11.95	-4.0888
11.95	-4.0887
11.95	-4.0885
11.95	-4.0885
11.95	-4.0883
11.94	-4.0884
11.94	-4.0881
11.94	-4.0880
11.93	-4.0878
11.93	-4.0879
11.93	-4.0877
11.93	-4.0876
11.93	-4.0877
11.93	-4.0875
11.93	-4.0873
11.92	-4.0872
11.92	-4.0873
11.92	-4.0872
11.92	-4.0870
11.91	-4.0869
11.91	-4.0868
11.90	-4.0868
11.90	-4.0865
11.90	-4.0865
11.90	-4.0864
11.90	-4.0862
11.90	-4.0862
11.89	-4.0861
11.89	-4.0860
11.88	-4.0855
11.88	-4.0856
11.88	-4.0856
11.88	-4.0853
11.87	-4.0852
11.87	-4.0851
11.87	-4.0850
11.87	-4.0848
11.87	-4.0847
11.87	-4.0847
11.87	-4.0846
11.86	-4.0844
11.86	-4.0843
11.85	-4.0843
11.85	-4.0840
11.85	-4.0839
11.85	-4.0839
11.85	-4.0836
11.85	-4.0835
11.85	-4.0835
11.84	-4.0834
11.84	-4.0833
11.83	-4.0831
11.83	-4.0830
11.83	-4.0828
11.83	-4.0826
11.83	-4.0827
11.83	-4.0825
11.83	-4.0825
11.82	-4.0823
11.82	-4.0821
11.82	-4.0822
11.82	-4.0820
11.81	-4.0820
11.81	-4.0818
11.81	-4.0815
11.80	-4.0813
11.80	-4.0811
11.79	-4.0810
11.79	-4.0810
11.79	-4.0808
11.79	-4.0807
11.79	-4.0805
11.78	-4.0804
11.78	-4.0803
11.78	-4.0802
11.78	-4.0800
11.78	-4.0797
11.77	-4.0796
11.77	-4.0794
11.76	-4.0793
11.76	-4.0791
11.76	-4.0790
11.76	-4.0788
11.76	-4.0786
11.75	-4.0785
11.75	-4.0784
11.75	-4.0783
11.75	-4.0782
11.75	-4.0780
11.74	-4.0778
11.74	-4.0775
11.74	-4.0775
11.74	-4.0774
11.74	-4.0772
11.73	-4.0771
11.73	-4.0771
11.73	-4.0770
11.73	-4.0766
11.72	-4.0765
11.72	-4.0765
11.71	-4.0763
11.71	-4.0763
11.70	-4.0760
11.70	-4.0760
11.70	-4.0758
11.70	-4.0757
11.70	-4.0756
11.70	-4.0754
11.70	-4.0753
11.69	-4.0752
11.69	-4.0750
11.69	-4.0749
11.68	-4.0748
11.68	-4.0746
11.68	-4.0743
11.68	-4.0745
11.68	-4.0743
11.67	-4.0744
11.67	-4.0741
11.67	-4.0740
11.67	-4.0737
11.67	-4.0735
11.67	-4.0735
11.66	-4.0734
11.66	-4.0731
11.65	-4.0730
11.65	-4.0729
11.65	-4.0728
11.65	-4.0725
11.64	-4.0726
11.64	-4.0724
11.64	-4.0719
11.64	-4.0717
11.63	-4.0715
11.63	-4.0715
11.63	-4.0714
11.62	-4.0714
11.62	-4.0711
11.62	-4.0710
11.61	-4.0708
11.61	-4.0706
11.61	-4.0707
11.61	-4.0704
11.61	-4.0702
11.60	-4.0701
11.60	-4.0701
11.60	-4.0700
11.60	-4.0699
11.60	-4.0698
11.60	-4.0694
11.59	-4.0692
11.59	-4.0692
11.59	-4.0687
11.59	-4.0685
11.59	-4.0684
11.58	-4.0682
11.58	-4.0680
11.58	-4.0678
11.58	-4.0676
11.58	-4.0677
11.58	-4.0672
11.57	-4.0669
11.56	-4.0667
11.56	-4.0667
11.55	-4.0665
11.55	-4.0664
11.55	-4.0661
11.55	-4.0660
11.55	-4.0657
11.55	-4.0655
11.54	-4.0654
11.54	-4.0649
11.53	-4.0650
11.53	-4.0647
11.53	-4.0647
11.53	-4.0645
11.53	-4.0643
11.53	-4.0641
11.52	-4.0639
11.52	-4.0638
11.52	-4.0637
11.51	-4.0635
11.51	-4.0633
11.51	-4.0633
11.50	-4.0628
11.50	-4.0628
11.50	-4.0627
11.50	-4.0624
11.50	-4.0624
11.50	-4.0623
11.49	-4.0621
11.49	-4.0619
11.48	-4.0618
11.48	-4.0616
11.48	-4.0613
11.48	-4.0614
11.47	-4.0614
11.48	-4.0611
11.48	-4.0610
11.47	-4.0609
11.47	-4.0607
11.46	-4.0606
11.46	-4.0605
11.45	-4.0605
11.45	-4.0604
11.45	-4.0604
11.45	-4.0602
11.45	-4.0600
11.44	-4.0599
11.44	-4.0597
11.44	-4.0598
11.44	-4.0597
11.44	-4.0596
11.43	-4.0595
11.43	-4.0595
11.43	-4.0592
11.43	-4.0594
11.43	-4.0592
11.43	-4.0591
11.43	-4.0588
11.42	-4.0588
11.42	-4.0588
11.41	-4.0584
11.41	-4.0585
11.40	-4.0583
11.40	-4.0581
11.40	-4.0583
11.40	-4.0581
11.40	-4.0579
11.40	-4.0578
11.39	-4.0577
11.39	-4.0574
11.39	-4.0575
11.39	-4.0575
11.39	-4.0576
11.38	-4.0574
11.38	-4.0573
11.37	-4.0573
11.37	-4.0572
11.37	-4.0569
11.37	-4.0569
11.36	-4.0569
11.36	-4.0568
11.36	-4.0567
11.36	-4.0567
11.36	-4.0564
11.35	-4.0563
11.35	-4.0562
11.35	-4.0561
11.35	-4.0559
11.35	-4.0559
11.35	-4.0556
11.35	-4.0556
11.34	-4.0556
11.34	-4.0555
11.33	-4.0553
11.33	-4.0552
11.33	-4.0551
11.33	-4.0550
11.32	-4.0550
11.32	-4.0549
11.31	-4.0547
11.31	-4.0547
11.31	-4.0545
11.30	-4.0544
11.30	-4.0542
11.30	-4.0543
11.30	-4.0540
11.30	-4.0539
11.30	-4.0541
11.29	-4.0539
11.29	-4.0539
11.30	-4.0537
11.29	-4.0537
11.29	-4.0536
11.28	-4.0535
11.28	-4.0534
11.28	-4.0532
11.28	-4.0533
11.28	-4.0532
11.27	-4.0533
11.27	-4.0530
11.27	-4.0528
11.26	-4.0528
11.26	-4.0529
11.26	-4.0526
11.26	-4.0524
11.25	-4.0525
11.25	-4.0524
11.25	-4.0523
11.24	-4.0522
11.23	-4.0521
11.23	-4.0519
11.23	-4.0520
11.23	-4.0518
11.23	-4.0517
11.23	-4.0517
11.23	-4.0516
11.22	-4.0513
11.22	-4.0511
11.22	-4.0511
11.22	-4.0512
11.22	-4.0511
11.21	-4.0509
11.21	-4.0510
11.21	-4.0509
11.20	-4.0508
11.20	-4.0506
11.20	-4.0503
11.20	-4.0502
11.19	-4.0502
11.19	-4.0501
11.19	-4.0500
11.19	-4.0499
11.18	-4.0500
11.18	-4.0497
11.18	-4.0495
11.18	-4.0496
11.18	-4.0492
11.18	-4.0493
11.18	-4.0492
11.17	-4.0491
11.17	-4.0488
11.17	-4.0488
11.16	-4.0484
11.16	-4.0484
11.16	-4.0484
11.15	-4.0482
11.15	-4.0480
11.14	-4.0479
11.14	-4.0480
11.14	-4.0479
11.14	-4.0479
11.14	-4.0478
11.13	-4.0476
11.13	-4.0472
11.13	-4.0472
11.13	-4.0473
11.13	-4.0472
11.13	-4.0469
11.12	-4.0471
11.12	-4.0467
11.12	-4.0468
11.11	-4.0465
11.11	-4.0466
11.11	-4.0462
11.10	-4.0461
11.10	-4.0461
11.10	-4.0457
11.10	-4.0457
11.09	-4.0457
11.09	-4.0457
11.09	-4.0454
11.09	-4.0453
11.08	-4.0452
11.08	-4.0450
11.08	-4.0448
11.08	-4.0446
11.08	-4.0445
11.08	-4.0446
11.07	-4.0444
11.07	-4.0443
11.07	-4.0443
11.07	-4.0443
11.06	-4.0441
11.06	-4.0439
11.05	-4.0440
11.05	-4.0439
11.05	-4.0437
11.05	-4.0435
11.05	-4.0436
11.05	-4.0433
11.04	-4.0431
11.04	-4.0430
11.03	-4.0429
11.03	-4.0428
11.03	-4.0428
11.03	-4.0426
11.03	-4.0424
11.02	-4.0424
11.02	-4.0422
11.02	-4.0419
11.01	-4.0420
11.01	-4.0417
11.01	-4.0417
11.01	-4.0416
11.01	-4.0415
11.00	-4.0413
11.00	-4.0410
11.00	-4.0410
11.00	-4.0411
11.00	-4.0409
11.00	-4.0408
11.00	-4.0407
10.99	-4.0405
10.99	-4.0405
10.98	-4.0404
10.98	-4.0400
10.98	-4.0399
10.98	-4.0398
10.98	-4.0397
10.97	-4.0396
10.97	-4.0395
10.96	-4.0395
10.96	-4.0393
10.95	-4.0390
10.96	-4.0390
10.96	-4.0388
10.96	-4.0391
10.95	-4.0386
10.95	-4.0384
10.95	-4.0383
10.95	-4.0384
10.95	-4.0381
10.94	-4.0380
10.94	-4.0378
10.94	-4.0376
10.94	-4.0374
10.93	-4.0373
10.93	-4.0371
10.93	-4.0370
10.93	-4.0367
10.92	-4.0366
10.92	-4.0364
10.91	-4.0363
10.91	-4.0361
10.91	-4.0362
10.91	-4.0359
10.91	-4.0358
10.90	-4.0357
10.90	-4.0357
10.90	-4.0356
10.90	-4.0354
10.89	-4.0353
10.89	-4.0351
10.89	-4.0350
10.89	-4.0349
10.88	-4.0346
10.88	-4.0343
10.88	-4.0341
10.88	-4.0338
10.88	-4.0336
10.87	-4.0335
10.87	-4.0334
10.87	-4.0333
10.86	-4.0330
10.86	-4.0327
10.86	-4.0325
10.86	-4.0322
10.85	-4.0321
10.85	-4.0322
10.85	-4.0318
10.85	-4.0317
10.85	-4.0314
10.85	-4.0312
10.84	-4.0312
10.84	-4.0310
10.84	-4.0308
10.83	-4.0307
10.83	-4.0306
10.83	-4.0303
10.83	-4.0302
10.83	-4.0302
10.82	-4.0302
10.81	-4.0297
10.81	-4.0297
10.81	-4.0296
10.81	-4.0294
10.81	-4.0294
10.80	-4.0288
10.80	-4.0290
10.80	-4.0287
10.80	-4.0284
10.79	-4.0283
10.79	-4.0279
10.79	-4.0278
10.79	-4.0279
10.79	-4.0278
10.79	-4.0276
10.78	-4.0276
10.78	-4.0272
10.78	-4.0271
10.78	-4.0268
10.77	-4.0270
10.77	-4.0267
10.77	-4.0265
10.77	-4.0266
10.76	-4.0265
10.76	-4.0262
10.76	-4.0259
10.76	-4.0262
10.76	-4.0257
10.75	-4.0256
10.75	-4.0258
10.75	-4.0256
10.74	-4.0257
10.74	-4.0254
10.73	-4.0255
10.73	-4.0252
10.73	-4.0250
10.73	-4.0249
10.73	-4.0248
10.73	-4.0246
10.72	-4.0244
10.72	-4.0245
10.72	-4.0243
10.72	-4.0243
10.71	-4.0241
10.71	-4.0240
10.71	-4.0240
10.70	-4.0237
10.70	-4.0236
10.70	-4.0235
10.70	-4.0235
10.70	-4.0235
10.69	-4.0231
10.69	-4.0231
10.68	-4.0231
10.68	-4.0229
10.68	-4.0229
10.68	-4.0226
10.68	-4.0228
10.67	-4.0228
10.67	-4.0226
10.67	-4.0224
10.67	-4.0224
10.67	-4.0223
10.66	-4.0222
10.66	-4.0220
10.66	-4.0220
10.66	-4.0219
10.65	-4.0219
10.65	-4.0218
10.65	-4.0217
10.64	-4.0219
10.64	-4.0217
10.64	-4.0216
10.64	-4.0215
10.64	-4.0213
10.63	-4.0213
10.63	-4.0212
10.63	-4.0211
10.63	-4.0208
10.62	-4.0209
10.62	-4.0208
10.61	-4.0206
10.61	-4.0205
10.61	-4.0206
10.61	-4.0206
10.61	-4.0205
10.61	-4.0203
10.61	-4.0202
10.61	-4.0202
10.60	-4.0200
10.60	-4.0198
10.59	-4.0197
10.59	-4.0197
10.59	-4.0193
10.59	-4.0194
10.59	-4.0191
10.58	-4.0190
10.58	-4.0189
10.58	-4.0188
10.58	-4.0190
10.57	-4.0188
10.57	-4.0186
10.56	-4.0186
10.56	-4.0186
10.56	-4.0186
10.56	-4.0184
10.55	-4.0185
10.55	-4.0182
10.55	-4.0180
10.55	-4.0181
10.54	-4.0180
10.54	-4.0178
10.53	-4.0177
10.53	-4.0174
10.53	-4.0176
10.53	-4.0177
10.53	-4.0173
10.53	-4.0173
10.52	-4.0174
10.52	-4.0172
10.52	-4.0170
10.52	-4.0169
10.52	-4.0166
10.51	-4.0168
10.51	-4.0168
10.51	-4.0165
10.50	-4.0165
10.50	-4.0165
10.50	-4.0164
10.50	-4.0163
10.50	-4.0163
10.49	-4.0161
10.49	-4.0159
10.48	-4.0157
10.48	-4.0158
10.48	-4.0160
10.48	-4.0155
10.48	-4.0156
10.47	-4.0155
10.47	-4.0152
10.47	-4.0152
10.46	-4.0151
10.46	-4.0151
10.46	-4.0150
10.45	-4.0149
10.45	-4.0146
10.45	-4.0146
10.45	-4.0146
10.45	-4.0146
10.45	-4.0143
10.45	-4.0142
10.45	-4.0139
10.44	-4.0140
10.44	-4.0140
10.44	-4.0140
10.43	-4.0138
10.43	-4.0137
10.43	-4.0137
10.43	-4.0135
10.43	-4.0134
10.42	-4.0134
10.42	-4.0135
10.41	-4.0133
10.41	-4.0131
10.41	-4.0131
10.41	-4.0131
10.40	-4.0129
10.40	-4.0128
10.40	-4.0127
10.40	-4.0127
10.39	-4.0124
10.39	-4.0125
10.39	-4.0124
10.39	-4.0122
10.38	-4.0121
10.38	-4.0122
10.38	-4.0119
10.38	-4.0119
10.38	-4.0118
10.37	-4.0115
10.37	-4.0115
10.36	-4.0113
10.36	-4.0113
10.36	-4.0112
10.36	-4.0111
10.36	-4.0112
10.35	-4.0108
10.35	-4.0107
10.36	-4.0106
10.35	-4.0104
10.35	-4.0106
10.35	-4.0104
10.35	-4.0103
10.34	-4.0103
10.33	-4.0100
10.33	-4.0099
10.33	-4.0100
10.33	-4.0094
10.33	-4.0094
10.33	-4.0095
10.32	-4.0093
10.32	-4.0090
10.31	-4.0089
10.31	-4.0089
10.31	-4.0086
10.30	-4.0086
10.30	-4.0086
10.30	-4.0083
10.30	-4.0081
10.30	-4.0081
10.30	-4.0081
10.29	-4.0077
10.29	-4.0078
10.29	-4.0078
10.29	-4.0077
10.28	-4.0074
10.28	-4.0074
10.28	-4.0073
10.28	-4.0070
10.28	-4.0069
10.28	-4.0068
10.27	-4.0067
10.27	-4.0065
10.27	-4.0064
10.26	-4.0063
10.26	-4.0060
10.26	-4.0061
10.25	-4.0060
10.25	-4.0057
10.25	-4.0057
10.25	-4.0057
10.24	-4.0055
10.24	-4.0054
10.24	-4.0053
10.24	-4.0050
10.23	-4.0049
10.23	-4.0049
10.23	-4.0049
10.23	-4.0046
10.23	-4.0046
10.23	-4.0042
10.22	-4.0043
10.22	-4.0043
10.22	-4.0041
10.21	-4.0040
10.21	-4.0038
10.21	-4.0038
10.21	-4.0036
10.20	-4.0034
10.20	-4.0033
10.20	-4.0032
10.20	-4.0029
10.19	-4.0028
10.19	-4.0026
10.19	-4.0026
10.18	-4.0024
10.18	-4.0023
10.18	-4.0023
10.18	-4.0021
10.18	-4.0017
10.18	-4.0015
10.18	-4.0014
10.17	-4.0012
10.17	-4.0010
10.16	-4.0008
10.16	-4.0004
10.15	-4.0002
10.15	-4.0001
10.15	-4.0000
10.15	-3.9996
10.15	-3.9995
10.14	-3.9994
10.14	-3.9992
10.14	-3.9992
10.14	-3.9989
10.14	-3.9987
10.13	-3.9985
10.13	-3.9980
10.13	-3.9979
10.12	-3.9979
10.12	-3.9978
10.12	-3.9976
10.12	-3.9975
10.11	-3.9973
10.11	-3.9973
10.11	-3.9970
10.11	-3.9969
10.10	-3.9966
10.10	-3.9966
10.10	-3.9964
10.10	-3.9962
10.10	-3.9962
10.10	-3.9959
10.09	-3.9958
10.09	-3.9958
10.08	-3.9957
10.08	-3.9954
10.08	-3.9953
10.08	-3.9951
10.08	-3.9953
10.08	-3.9951
10.07	-3.9949
10.07	-3.9947
10.07	-3.9944
10.07	-3.9946
10.07	-3.9943
10.06	-3.9943
10.06	-3.9939
10.06	-3.9938
10.05	-3.9936
10.05	-3.9935
10.05	-3.9934
10.05	-3.9934
10.04	-3.9930
10.04	-3.9929
10.04	-3.9928
10.04	-3.9926
10.03	-3.9926
10.03	-3.9924
10.03	-3.9925
10.03	-3.9922
10.03	-3.9922
10.03	-3.9920
10.02	-3.9920
10.02	-3.9920
10.02	-3.9918
10.01	-3.9917
10.01	-3.9915
10.01	-3.9915
10.01	-3.9913
10.00	-3.9913
10.00	-3.9911
10.00	-3.9911
9.99	-3.9909
9.99	-3.9909
9.99	-3.9905
9.99	-3.9904
9.99	-3.9903
9.98	-3.9904
9.98	-3.9902
9.98	-3.9902
9.97	-3.9900
9.97	-3.9900
9.97	-3.9900
9.97	-3.9897
9.96	-3.9896
9.96	-3.9897
9.96	-3.9896
9.96	-3.9895
9.96	-3.9892
9.96	-3.9891
9.95	-3.9891
9.95	-3.9891
9.95	-3.9889
9.95	-3.9890
9.95	-3.9889
9.94	-3.9887
9.94	-3.9885
9.93	-3.9885
9.93	-3.9885
9.93	-3.9886
9.93	-3.9884
9.93	-3.9882
9.92	-3.9882
9.92	-3.9879
9.91	-3.9879
9.91	-3.9879
9.91	-3.9877
9.91	-3.9877
9.91	-3.9876
9.91	-3.9876
9.90	-3.9875
9.90	-3.9875
9.90	-3.9874
9.89	-3.9873
9.89	-3.9873
9.89	-3.9872
9.89	-3.9871
9.88	-3.9868
9.88	-3.9869
9.88	-3.9868
9.88	-3.9867
9.87	-3.9867
9.87	-3.9865
9.87	-3.9866
9.87	-3.9863
9.87	-3.9864
9.86	-3.9861
9.86	-3.9861
9.86	-3.9861
9.86	-3.9863
9.86	-3.9860
9.86	-3.9859
9.85	-3.9858
9.85	-3.9856
9.85	-3.9856
9.84	-3.9854
9.84	-3.9853
9.84	-3.9853
9.83	-3.9853
9.83	-3.9851
9.83	-3.9853
9.83	-3.9851
9.83	-3.9850
9.82	-3.9849
9.82	-3.9847
9.81	-3.9848
9.81	-3.9848
9.81	-3.9848
9.80	-3.9848
9.80	-3.9846
9.80	-3.9844
9.79	-3.9845
9.80	-3.9843
9.79	-3.9841
9.79	-3.9843
9.79	-3.9841
9.79	-3.9841
9.79	-3.9839
9.79	-3.9837
9.78	-3.9837
9.78	-3.9837
9.78	-3.9835
9.78	-3.9834
9.77	-3.9834
9.77	-3.9832
9.77	-3.9831
9.76	-3.9830
9.76	-3.9829
9.76	-3.9829
9.75	-3.9829
9.75	-3.9827
9.75	-3.9826
9.75	-3.9825
9.75	-3.9824
9.74	-3.9824
9.74	-3.9824
9.74	-3.9824
9.74	-3.9824
9.73	-3.9820
9.73	-3.9821
9.72	-3.9818
9.72	-3.9819
9.72	-3.9815
9.72	-3.9814
9.72	-3.9813
9.71	-3.9812
9.71	-3.9811
9.71	-3.9811
9.70	-3.9810
9.70	-3.9809
9.70	-3.9808
9.70	-3.9808
9.70	-3.9806
9.70	-3.9804
9.70	-3.9805
9.70	-3.9803
9.69	-3.9803
9.69	-3.9800
9.69	-3.9799
9.68	-3.9799
9.68	-3.9797
9.67	-3.9796
9.67	-3.9795
9.67	-3.9794
9.67	-3.9794
9.66	-3.9794
9.66	-3.9791
9.66	-3.9790
9.66	-3.9790
9.66	-3.9790
9.65	-3.9789
9.65	-3.9789
9.65	-3.9788
9.64	-3.9786
9.64	-3.9783
9.64	-3.9784
9.64	-3.9784
9.64	-3.9782
9.63	-3.9783
9.63	-3.9779
9.63	-3.9778
9.63	-3.9777
9.62	-3.9777
9.62	-3.9774
9.62	-3.9773
9.61	-3.9773
9.61	-3.9773
9.61	-3.9770
9.61	-3.9767
9.60	-3.9766
9.60	-3.9768
9.60	-3.9765
9.60	-3.9764
9.60	-3.9763
9.59	-3.9762
9.59	-3.9762
9.59	-3.9760
9.59	-3.9760
9.59	-3.9759
9.58	-3.9758
9.58	-3.9757
9.58	-3.9755
9.58	-3.9755
9.58	-3.9755
9.57	-3.9754
9.57	-3.9755
9.56	-3.9752
9.56	-3.9752
9.56	-3.9749
9.56	-3.9749
9.55	-3.9748
9.55	-3.9747
9.55	-3.9744
9.55	-3.9744
9.55	-3.9743
9.55	-3.9743
9.55	-3.9742
9.55	-3.9740
9.54	-3.9740
9.54	-3.9736
9.54	-3.9737
9.53	-3.9735
9.53	-3.9734
9.53	-3.9735
9.52	-3.9732
9.52	-3.9729
9.52	-3.9730
9.52	-3.9727
9.52	-3.9728
9.51	-3.9725
9.51	-3.9726
9.50	-3.9725
9.50	-3.9724
9.50	-3.9725
9.50	-3.9723
9.50	-3.9720
9.49	-3.9718
9.49	-3.9720
9.49	-3.9719
9.48	-3.9716
9.48	-3.9716
9.47	-3.9713
9.47	-3.9713
9.47	-3.9711
9.47	-3.9710
9.47	-3.9707
9.47	-3.9706
9.46	-3.9704
9.46	-3.9702
9.46	-3.9698
9.46	-3.9698
9.45	-3.9698
9.45	-3.9694
9.45	-3.9692
9.45	-3.9691
9.45	-3.9689
9.44	-3.9684
9.44	-3.9683
9.44	-3.9684
9.43	-3.9682
9.43	-3.9679
9.43	-3.9679
9.43	-3.9677
9.42	-3.9676
9.42	-3.9673
9.42	-3.9670
9.42	-3.9669
9.42	-3.9670
9.41	-3.9667
9.41	-3.9664
9.41	-3.9664
9.40	-3.9662
9.40	-3.9660
9.40	-3.9660
9.39	-3.9656
9.39	-3.9656
9.39	-3.9655
9.39	-3.9654
9.38	-3.9653
9.38	-3.9652
9.38	-3.9649
9.38	-3.9650
9.38	-3.9649
9.37	-3.9648
9.37	-3.9648
9.37	-3.9645
9.37	-3.9642
9.37	-3.9642
9.36	-3.9639
9.36	-3.9636
9.35	-3.9638
9.35	-3.9638
9.35	-3.9636
9.35	-3.9634
9.35	-3.9632
9.35	-3.9630
9.35	-3.9630
9.35	-3.9628
9.34	-3.9629
9.34	-3.9629
9.33	-3.9627
9.33	-3.9625
9.33	-3.9624
9.32	-3.9623
9.32	-3.9621
9.32	-3.9619
9.32	-3.9619
9.32	-3.9619
9.31	-3.9617
9.31	-3.9618
9.30	-3.9613
9.30	-3.9613
9.29	-3.9612
9.29	-3.9610
9.29	-3.9610
9.30	-3.9609
9.29	-3.9607
9.29	-3.9608
9.29	-3.9604
9.29	-3.9605
9.28	-3.9604
9.28	-3.9605
9.28	-3.9605
9.28	-3.9603
9.28	-3.9602
9.27	-3.9602
9.27	-3.9601
9.27	-3.9600
9.26	-3.9596
9.26	-3.9596
9.25	-3.9596
9.25	-3.9597
9.25	-3.9595
9.25	-3.9592
9.25	-3.9592
9.24	-3.9592
9.24	-3.9591
9.24	-3.9591
9.24	-3.9589
9.24	-3.9588
9.23	-3.9588
9.23	-3.9587
9.23	-3.9584
9.22	-3.9584
9.22	-3.9581
9.22	-3.9582
9.22	-3.9581
9.22	-3.9579
9.22	-3.9578
9.21	-3.9579
9.21	-3.9577
9.21	-3.9577
9.21	-3.9575
9.21	-3.9574
9.20	-3.9575
9.20	-3.9573
9.20	-3.9572
9.19	-3.9571
9.19	-3.9571
9.19	-3.9570
9.19	-3.9570
9.18	-3.9568
9.18	-3.9570
9.18	-3.9568
9.17	-3.9567
9.17	-3.9566
9.17	-3.9566
9.17	-3.9565
9.16	-3.9564
9.16	-3.9566
9.16	-3.9564
9.16	-3.9563
9.16	-3.9561
9.16	-3.9561
9.15	-3.9559
9.15	-3.9556
9.14	-3.9555
9.14	-3.9555
9.14	-3.9556
9.14	-3.9554
9.14	-3.9552
9.14	-3.9550
9.14	-3.9549
9.13	-3.9549
9.13	-3.9549
9.13	-3.9546
9.13	-3.9546
9.13	-3.9547
9.12	-3.9546
9.12	-3.9545
9.12	-3.9543
9.11	-3.9542
9.11	-3.9541
9.11	-3.9541
9.10	-3.9541
9.10	-3.9540
9.10	-3.9541
9.10	-3.9538
9.10	-3.9539
9.09	-3.9538
9.09	-3.9537
9.09	-3.9536
9.09	-3.9537
9.08	-3.9536
9.08	-3.9536
9.08	-3.9533
9.07	-3.9533
9.07	-3.9532
9.07	-3.9531
9.06	-3.9530
9.06	-3.9531
9.06	-3.9527
9.05	-3.9529
9.06	-3.9527
9.05	-3.9526
9.05	-3.9526
9.05	-3.9526
9.04	-3.9524
9.04	-3.9523
9.04	-3.9525
9.04	-3.9522
9.04	-3.9522
9.03	-3.9520
9.03	-3.9518
9.03	-3.9518
9.03	-3.9517
9.02	-3.9516
9.02	-3.9517
9.02	-3.9515
9.02	-3.9515
9.01	-3.9514
9.01	-3.9514
9.01	-3.9512
9.00	-3.9512
9.00	-3.9511
9.00	-3.9509
9.00	-3.9510
9.00	-3.9510
8.99	-3.9510
8.99	-3.9508
8.98	-3.9506
8.98	-3.9505
8.98	-3.9506
8.98	-3.9505
8.98	-3.9504
8.98	-3.9503
8.98	-3.9502
8.97	-3.9501
8.97	-3.9499
8.97	-3.9498
8.96	-3.9497
8.96	-3.9497
8.96	-3.9494
8.96	-3.9496
8.95	-3.9495
8.95	-3.9492
8.95	-3.9491
8.95	-3.9490
8.95	-3.9490
8.94	-3.9489
8.94	-3.9487
8.93	-3.9486
8.93	-3.9487
8.93	-3.9486
8.93	-3.9485
8.93	-3.9484
8.93	-3.9484
8.92	-3.9483
8.92	-3.9481
8.92	-3.9481
8.91	-3.9478
8.91	-3.9478
8.90	-3.9477
8.90	-3.9474
8.90	-3.9474
8.90	-3.9470
8.90	-3.9471
8.89	-3.9469
8.89	-3.9467
8.89	-3.9468
8.88	-3.9468
8.88	-3.9465
8.88	-3.9464
8.88	-3.9462
8.88	-3.9462
8.88	-3.9460
8.88	-3.9461
8.88	-3.9458
8.87	-3.9456
8.87	-3.9457
8.86	-3.9456
8.86	-3.9454
8.86	-3.9454
8.86	-3.9452
8.86	-3.9451
8.85	-3.9449
8.85	-3.9449
8.85	-3.9448
8.84	-3.9446
8.84	-3.9446
8.84	-3.9446
8.84	-3.9445
8.84	-3.9442
8.83	-3.9440
8.83	-3.9440
8.83	-3.9440
8.83	-3.9440
8.83	-3.9435
8.82	-3.9436
8.82	-3.9433
8.82	-3.9433
8.81	-3.9433
8.81	-3.9431
8.81	-3.9429
8.81	-3.9429
8.80	-3.9428
8.80	-3.9427
8.80	-3.9425
8.79	-3.9425
8.79	-3.9424
8.79	-3.9424
8.79	-3.9421
8.79	-3.9421
8.79	-3.9421
8.79	-3.9419
8.78	-3.9417
8.78	-3.9417
8.78	-3.9416
8.78	-3.9415
8.77	-3.9414
8.77	-3.9411
8.76	-3.9408
8.76	-3.9407
8.75	-3.9405
8.75	-3.9405
8.75	-3.9402
8.75	-3.9400
8.75	-3.9400
8.74	-3.9397
8.74	-3.9396
8.74	-3.9394
8.73	-3.9393
8.73	-3.9390
8.73	-3.9391
8.72	-3.9387
8.72	-3.9386
8.72	-3.9384
8.72	-3.9383
8.72	-3.9379
8.71	-3.9380
8.71	-3.9376
8.71	-3.9375
8.71	-3.9374
8.71	-3.9372
8.71	-3.9372
8.70	-3.9370
8.70	-3.9369
8.70	-3.9368
8.70	-3.9366
8.70	-3.9363
8.69	-3.9363
8.69	-3.9361
8.69	-3.9360
8.69	-3.9359
8.68	-3.9358
8.68	-3.9357
8.68	-3.9356
8.68	-3.9354
8.68	-3.9352
8.68	-3.9350
8.67	-3.9351
8.67	-3.9349
8.66	-3.9349
8.66	-3.9348
8.65	-3.9345
8.65	-3.9347
8.64	-3.9343
8.64	-3.9342
8.64	-3.9341
8.64	-3.9341
8.64	-3.9337
8.64	-3.9337
8.64	-3.9337
8.63	-3.9335
8.63	-3.9333
8.63	-3.9332
8.63	-3.9332
8.63	-3.9332
8.63	-3.9330
8.62	-3.9329
8.62	-3.9327
8.62	-3.9326
8.61	-3.9323
8.61	-3.9323
8.61	-3.9323
8.60	-3.9321
8.60	-3.9320
8.60	-3.9319
8.60	-3.9319
8.60	-3.9317
8.60	-3.9313
8.60	-3.9314
8.59	-3.9314
8.59	-3.9314
8.59	-3.9314
8.59	-3.9312
8.58	-3.9310
8.58	-3.9311
8.58	-3.9311
8.57	-3.9310
8.56	-3.9307
8.56	-3.9307
8.56	-3.9307
8.56	-3.9305
8.56	-3.9304
8.56	-3.9304
8.55	-3.9303
8.55	-3.9302
8.54	-3.9300
8.54	-3.9302
8.54	-3.9302
8.54	-3.9299
8.54	-3.9298
8.54	-3.9296
8.54	-3.9298
8.54	-3.9298
8.53	-3.9296
8.53	-3.9298
8.53	-3.9296
8.53	-3.9293
8.52	-3.9293
8.52	-3.9293
8.51	-3.9292
8.51	-3.9291
8.51	-3.9291
8.50	-3.9292
8.50	-3.9289
8.50	-3.9290
8.50	-3.9290
8.49	-3.9289
8.50	-3.9289
8.49	-3.9288
8.49	-3.9287
8.49	-3.9287
8.48	-3.9286
8.48	-3.9287
8.48	-3.9287
8.48	-3.9286
8.48	-3.9283
8.47	-3.9282
8.47	-3.9282
8.47	-3.9282
8.47	-3.9282
8.46	-3.9280
8.46	-3.9280
8.45	-3.9279
8.45	-3.9277
8.45	-3.9274
8.45	-3.9274
8.45	-3.9274
8.45	-3.9274
8.45	-3.9273
8.44	-3.9273
8.44	-3.9272
8.44	-3.9270
8.44	-3.9270
8.43	-3.9270
8.43	-3.9269
8.43	-3.9268
8.43	-3.9265
8.43	-3.9267
8.42	-3.9265
8.42	-3.9265
8.42	-3.9265
8.41	-3.9263
8.41	-3.9264
8.41	-3.9263
8.40	-3.9262
8.40	-3.9260
8.39	-3.9259
8.39	-3.9260
8.39	-3.9257
8.39	-3.9258
8.39	-3.9258
8.38	-3.9257
8.38	-3.9256
8.38	-3.9255
8.38	-3.9253
8.38	-3.9254
8.37	-3.9254
8.36	-3.9253
8.35	-3.9253
8.35	-3.9252
8.35	-3.9250
8.35	-3.9249
8.35	-3.9247
8.35	-3.9247
8.35	-3.9246
8.35	-3.9245
8.35	-3.9247
8.35	-3.9245
8.34	-3.9243
8.34	-3.9242
8.34	-3.9244
8.33	-3.9243
8.33	-3.9241
8.33	-3.9241
8.33	-3.9239
8.32	-3.9238
8.32	-3.9238
8.32	-3.9238
8.32	-3.9237
8.31	-3.9236
8.31	-3.9237
8.31	-3.9237
8.31	-3.9235
8.31	-3.9233
8.30	-3.9233
8.30	-3.9231
8.30	-3.9229
8.30	-3.9230
8.29	-3.9227
8.29	-3.9225
8.29	-3.9226
8.28	-3.9226
8.28	-3.9224
8.28	-3.9223
8.28	-3.9220
8.28	-3.9223
8.28	-3.9222
8.27	-3.9222
8.27	-3.9221
8.27	-3.9220
8.27	-3.9219
8.27	-3.9219
8.27	-3.9217
8.27	-3.9216
8.26	-3.9216
8.26	-3.9214
8.25	-3.9213
8.25	-3.9211
8.25	-3.9210
8.25	-3.9211
8.25	-3.9210
8.24	-3.9209
8.24	-3.9208
8.24	-3.9206
8.24	-3.9205
8.23	-3.9204
8.23	-3.9204
8.23	-3.9204
8.23	-3.9203
8.22	-3.9202
8.22	-3.9198
8.21	-3.9198
8.21	-3.9198
8.21	-3.9197
8.21	-3.9198
8.21	-3.9197
8.21	-3.9194
8.20	-3.9192
8.20	-3.9193
8.20	-3.9191
8.20	-3.9192
8.20	-3.9191
8.19	-3.9189
8.18	-3.9187
8.18	-3.9186
8.18	-3.9186
8.18	-3.9183
8.18	-3.9184
8.17	-3.9182
8.17	-3.9183
8.17	-3.9180
8.17	-3.9179
8.17	-3.9179
8.17	-3.9177
8.17	-3.9177
8.17	-3.9175
8.16	-3.9174
8.16	-3.9173
8.15	-3.9172
8.15	-3.9171
8.14	-3.9169
8.14	-3.9168
8.14	-3.9167
8.14	-3.9167
8.14	-3.9164
8.13	-3.9163
8.13	-3.9164
8.13	-3.9163
8.13	-3.9161
8.13	-3.9161
8.12	-3.9157
8.12	-3.9156
8.12	-3.9156
8.12	-3.9156
8.11	-3.9151
8.11	-3.9152
8.10	-3.9150
8.10	-3.9149
8.10	-3.9145
8.10	-3.9147
8.10	-3.9146
8.10	-3.9143
8.09	-3.9142
8.08	-3.9141
8.08	-3.9139
8.08	-3.9139
8.07	-3.9138
8.07	-3.9137
8.07	-3.9135
8.07	-3.9133
8.07	-3.9129
8.07	-3.9129
8.06	-3.9128
8.06	-3.9127
8.06	-3.9126
8.06	-3.9123
8.05	-3.9122
8.05	-3.9122
8.05	-3.9119
8.04	-3.9116
8.04	-3.9115
8.04	-3.9114
8.04	-3.9110
8.04	-3.9109
8.04	-3.9107
8.03	-3.9107
8.03	-3.9105
8.03	-3.9103
8.03	-3.9101
8.02	-3.9099
8.02	-3.9096
8.02	-3.9096
8.02	-3.9093
8.01	-3.9093
8.01	-3.9090
8.01	-3.9089
8.01	-3.9087
8.01	-3.9085
8.00	-3.9083
8.00	-3.9081
7.99	-3.9080
7.99	-3.9081
7.99	-3.9078
7.99	-3.9076
7.99	-3.9076
7.99	-3.9074
7.99	-3.9075
7.98	-3.9074
7.98	-3.9073
7.97	-3.9073
7.97	-3.9071
7.97	-3.9068
7.97	-3.9067
7.97	-3.9067
7.96	-3.9066
7.96	-3.9065
7.95	-3.9063
7.95	-3.9063
7.95	-3.9062
7.95	-3.9061
7.94	-3.9061
7.94	-3.9059
7.94	-3.9057
7.94	-3.9056
7.94	-3.9054
7.94	-3.9054
7.94	-3.9053
7.94	-3.9053
7.93	-3.9050
7.93	-3.9048
7.92	-3.9049
7.92	-3.9048
7.92	-3.9046
7.92	-3.9045
7.91	-3.9043
7.91	-3.9044
7.91	-3.9043
7.90	-3.9041
7.90	-3.9038
7.90	-3.9038
7.90	-3.9039
7.89	-3.9038
7.89	-3.9034
7.88	-3.9035
7.88	-3.9034
7.88	-3.9033
7.88	-3.9034
7.88	-3.9031
7.88	-3.9031
7.88	-3.9028
7.88	-3.9027
7.87	-3.9029
7.87	-3.9028
7.86	-3.9026
7.86	-3.9025
7.86	-3.9024
7.86	-3.9024
7.85	-3.9022
7.85	-3.9022
7.84	-3.9021
7.84	-3.9021
7.84	-3.9022
7.84	-3.9020
7.84	-3.9020
7.84	-3.9017
7.84	-3.9020
7.83	-3.9019
7.83	-3.9017
7.83	-3.9018
7.83	-3.9017
7.83	-3.9016
7.82	-3.9015
7.82	-3.9013
7.82	-3.9011
7.81	-3.9011
7.81	-3.9009
7.81	-3.9008
7.81	-3.9008
7.80	-3.9008
7.80	-3.9007
7.80	-3.9006
7.80	-3.9005
7.79	-3.9005
7.79	-3.9004
7.79	-3.9002
7.79	-3.9002
7.78	-3.9002
7.78	-3.9002
7.78	-3.9001
7.78	-3.9001
7.77	-3.8998
7.77	-3.8999
7.77	-3.8999
7.77	-3.8999
7.76	-3.8995
7.76	-3.8997
7.75	-3.8997
7.75	-3.8997
7.75	-3.8997
7.75	-3.8996
7.75	-3.8995
7.75	-3.8995
7.75	-3.8995
7.74	-3.8995
7.74	-3.8993
7.74	-3.8993
7.74	-3.8990
7.73	-3.8993
7.73	-3.8992
7.73	-3.8990
7.73	-3.8989
7.72	-3.8989
7.72	-3.8990
7.72	-3.8989
7.72	-3.8988
7.71	-3.8988
7.71	-3.8985
7.70	-3.8984
7.70	-3.8984
7.70	-3.8986
7.70	-3.8982
7.70	-3.8983
7.69	-3.8982
7.69	-3.8984
7.69	-3.8983
7.68	-3.8980
7.68	-3.8980
7.68	-3.8979
7.68	-3.8981
7.68	-3.8978
7.67	-3.8978
7.67	-3.8978
7.67	-3.8973
7.67	-3.8975
7.67	-3.8974
7.67	-3.8974
7.66	-3.8973
7.66	-3.8972
7.66	-3.8973
7.65	-3.8973
7.65	-3.8971
7.65	-3.8970
7.65	-3.8968
7.65	-3.8969
7.65	-3.8968
7.65	-3.8967
7.64	-3.8965
7.64	-3.8965
7.63	-3.8964
7.63	-3.8963
7.63	-3.8962
7.62	-3.8961
7.62	-3.8961
7.62	-3.8962
7.62	-3.8960
7.61	-3.8958
7.61	-3.8958
7.61	-3.8956
7.60	-3.8958
7.60	-3.8955
7.60	-3.8954
7.60	-3.8951
7.60	-3.8950
7.59	-3.8951
7.59	-3.8951
7.59	-3.8950
7.59	-3.8948
7.59	-3.8948
7.58	-3.8947
7.58	-3.8946
7.58	-3.8944
7.57	-3.8945
7.57	-3.8943
7.57	-3.8942
7.57	-3.8941
7.57	-3.8941
7.56	-3.8939
7.56	-3.8938
7.56	-3.8938
7.56	-3.8934
7.56	-3.8936
7.55	-3.8934
7.55	-3.8932
7.54	-3.8933
7.54	-3.8931
7.54	-3.8932
7.54	-3.8930
7.53	-3.8929
7.53	-3.8928
7.53	-3.8927
7.53	-3.8926
7.52	-3.8926
7.52	-3.8923
7.52	-3.8923
7.51	-3.8924
7.51	-3.8921
7.51	-3.8922
7.50	-3.8922
7.50	-3.8918
7.50	-3.8920
7.50	-3.8919
7.50	-3.8919
7.49	-3.8915
7.49	-3.8917
7.49	-3.8915
7.49	-3.8914
7.49	-3.8914
7.49	-3.8913
7.48	-3.8911
7.48	-3.8908
7.48	-3.8909
7.48	-3.8908
7.47	-3.8908
7.47	-3.8907
7.47	-3.8906
7.46	-3.8905
7.46	-3.8905
7.46	-3.8906
7.46	-3.8903
7.45	-3.8900
7.45	-3.8900
7.45	-3.8901
7.45	-3.8900
7.44	-3.8894
7.44	-3.8894
7.44	-3.8894
7.44	-3.8894
7.44	-3.8895
7.44	-3.8893
7.43	-3.8892
7.43	-3.8889
7.42	-3.8888
7.42	-3.8887
7.42	-3.8888
7.42	-3.8887
7.42	-3.8886
7.41	-3.8886
7.41	-3.8885
7.41	-3.8884
7.40	-3.8880
7.40	-3.8879
7.40	-3.8879
7.40	-3.8878
7.40	-3.8877
7.40	-3.8877
7.40	-3.8877
7.39	-3.8876
7.39	-3.8874
7.39	-3.8875
7.39	-3.8873
7.39	-3.8871
7.39	-3.8869
7.38	-3.8868
7.38	-3.8865
7.38	-3.8866
7.37	-3.8863
7.37	-3.8861
7.37	-3.8861
7.36	-3.8859
7.36	-3.8858
7.35	-3.8857
7.35	-3.8855
7.35	-3.8853
7.35	-3.8853
7.34	-3.8849
7.34	-3.8848
7.34	-3.8848
7.34	-3.8845
7.34	-3.8844
7.34	-3.8842
7.33	-3.8839
7.33	-3.8838
7.33	-3.8836
7.33	-3.8834
7.33	-3.8834
7.33	-3.8834
7.32	-3.8832
7.32	-3.8830
7.31	-3.8830
7.31	-3.8827
7.31	-3.8825
7.31	-3.8825
7.30	-3.8823
7.30	-3.8823
7.30	-3.8821
7.29	-3.8819
7.29	-3.8818
7.29	-3.8817
7.29	-3.8817
7.29	-3.8813
7.28	-3.8813
7.28	-3.8812
7.28	-3.8813
7.28	-3.8811
7.27	-3.8808
7.27	-3.8808
7.27	-3.8806
7.27	-3.8805
7.26	-3.8804
7.26	-3.8803
7.26	-3.8802
7.26	-3.8801
7.26	-3.8800
7.25	-3.8799
7.25	-3.8797
7.25	-3.8796
7.24	-3.8796
7.24	-3.8796
7.24	-3.8793
7.23	-3.8792
7.23	-3.8792
7.23	-3.8790
7.23	-3.8789
7.23	-3.8790
7.23	-3.8787
7.23	-3.8787
7.22	-3.8786
7.22	-3.8785
7.22	-3.8784
7.22	-3.8783
7.21	-3.8782
7.21	-3.8782
7.21	-3.8780
7.20	-3.8778
7.20	-3.8779
7.20	-3.8777
7.20	-3.8779
7.19	-3.8777
7.19	-3.8776
7.19	-3.8778
7.19	-3.8776
7.19	-3.8775
7.19	-3.8771
7.18	-3.8773
7.18	-3.8773
7.17	-3.8772
7.17	-3.8771
7.17	-3.8770
7.17	-3.8770
7.17	-3.8767
7.17	-3.8767
7.16	-3.8767
7.15	-3.8765
7.15	-3.8765
7.15	-3.8766
7.15	-3.8764
7.14	-3.8764
7.14	-3.8763
7.14	-3.8762
7.14	-3.8761
7.14	-3.8761
7.14	-3.8762
7.13	-3.8760
7.13	-3.8760
7.13	-3.8760
7.13	-3.8759
7.12	-3.8758
7.11	-3.8758
7.11	-3.8756
7.11	-3.8757
7.11	-3.8755
7.11	-3.8756
7.11	-3.8757
7.10	-3.8755
7.10	-3.8754
7.09	-3.8753
7.09	-3.8754
7.09	-3.8752
7.09	-3.8751
7.09	-3.8750
7.09	-3.8747
7.09	-3.8749
7.08	-3.8747
7.08	-3.8746
7.08	-3.8748
7.08	-3.8744
7.08	-3.8745
7.07	-3.8745
7.07	-3.8744
7.07	-3.8744
7.06	-3.8740
7.06	-3.8740
7.05	-3.8740
7.05	-3.8739
7.05	-3.8739
7.05	-3.8738
7.05	-3.8737
7.04	-3.8736
7.04	-3.8735
7.04	-3.8734
7.04	-3.8735
7.04	-3.8734
7.04	-3.8731
7.03	-3.8732
7.03	-3.8731
7.03	-3.8731
7.02	-3.8730
7.02	-3.8730
7.02	-3.8727
7.01	-3.8728
7.01	-3.8727
7.01	-3.8725
7.00	-3.8725
7.00	-3.8724
7.00	-3.8726
7.00	-3.8725
7.00	-3.8724
7.00	-3.8723
6.99	-3.8724
6.99	-3.8722
6.99	-3.8724
6.99	-3.8721
6.99	-3.8722
6.98	-3.8722
6.98	-3.8721
6.98	-3.8719
6.97	-3.8720
6.97	-3.8719
6.97	-3.8718
6.97	-3.8718
6.96	-3.8717
6.96	-3.8717
6.96	-3.8717
6.95	-3.8715
6.95	-3.8716
6.95	-3.8715
6.95	-3.8715
6.95	-3.8712
6.95	-3.8712
6.94	-3.8711
6.94	-3.8709
6.93	-3.8708
6.93	-3.8707
6.92	-3.8707
6.92	-3.8707
6.92	-3.8706
6.92	-3.8705
6.92	-3.8704
6.91	-3.8704
6.91	-3.8703
6.91	-3.8703
6.91	-3.8701
6.90	-3.8701
6.90	-3.8702
6.90	-3.8701
6.90	-3.8698
6.90	-3.8697
6.90	-3.8697
6.89	-3.8696
6.89	-3.8696
6.89	-3.8695
6.89	-3.8694
6.88	-3.8693
6.88	-3.8693
6.88	-3.8691
6.88	-3.8692
6.88	-3.8690
6.88	-3.8690
6.87	-3.8688
6.86	-3.8687
6.86	-3.8687
6.86	-3.8687
6.85	-3.8688
6.85	-3.8688
6.84	-3.8684
6.84	-3.8683
6.84	-3.8685
6.84	-3.8684
6.84	-3.8683
6.83	-3.8683
6.83	-3.8681
6.83	-3.8681
6.83	-3.8680
6.83	-3.8678
6.83	-3.8678
6.83	-3.8676
6.83	-3.8676
6.83	-3.8675
6.82	-3.8676
6.82	-3.8674
6.82	-3.8675
6.81	-3.8673
6.81	-3.8671
6.81	-3.8671
6.80	-3.8670
6.80	-3.8670
6.80	-3.8668
6.79	-3.8669
6.79	-3.8669
6.79	-3.8666
6.79	-3.8667
6.79	-3.8666
6.79	-3.8665
6.78	-3.8664
6.78	-3.8661
6.77	-3.8662
6.77	-3.8660
6.77	-3.8659
6.77	-3.8659
6.77	-3.8658
6.76	-3.8657
6.76	-3.8656
6.76	-3.8655
6.75	-3.8653
6.75	-3.8652
6.75	-3.8651
6.75	-3.8652
6.75	-3.8651
6.75	-3.8650
6.74	-3.8649
6.74	-3.8649
6.74	-3.8648
6.74	-3.8646
6.74	-3.8645
6.73	-3.8645
6.73	-3.8646
6.73	-3.8646
6.73	-3.8644
6.73	-3.8644
6.72	-3.8642
6.71	-3.8640
6.71	-3.8639
6.71	-3.8639
6.71	-3.8640
6.70	-3.8638
6.70	-3.8638
6.70	-3.8637
6.70	-3.8634
6.70	-3.8634
6.69	-3.8631
6.69	-3.8632
6.69	-3.8631
6.68	-3.8631
6.68	-3.8629
6.68	-3.8628
6.68	-3.8627
6.67	-3.8625
6.67	-3.8623
6.67	-3.8621
6.67	-3.8623
6.66	-3.8620
6.66	-3.8617
6.66	-3.8616
6.66	-3.8614
6.65	-3.8613
6.65	-3.8610
6.65	-3.8610
6.65	-3.8606
6.65	-3.8605
6.64	-3.8602
6.64	-3.8601
6.64	-3.8599
6.64	-3.8600
6.64	-3.8598
6.63	-3.8596
6.63	-3.8597
6.63	-3.8594
6.63	-3.8592
6.63	-3.8590
6.62	-3.8589
6.62	-3.8589
6.62	-3.8587
6.62	-3.8586
6.61	-3.8586
6.61	-3.8584
6.60	-3.8583
6.60	-3.8582
6.60	-3.8583
6.60	-3.8580
6.59	-3.8577
6.59	-3.8577
6.59	-3.8577
6.58	-3.8576
6.58	-3.8575
6.58	-3.8574
6.58	-3.8570
6.57	-3.8571
6.57	-3.8569
6.57	-3.8568
6.57	-3.8565
6.57	-3.8565
6.57	-3.8564
6.56	-3.8563
6.56	-3.8562
6.56	-3.8563
6.55	-3.8563
6.55	-3.8563
6.55	-3.8563
6.55	-3.8562
6.54	-3.8560
6.54	-3.8559
6.54	-3.8559
6.54	-3.8558