5.94	-4.0420
5.93	-4.0436
5.93	-4.0485
5.93	-4.0568
5.93	-4.0670
5.94	-4.0782
5.93	-4.0892
5.93	-4.0994
5.94	-4.1085
5.94	-4.1164
5.94	-4.1228
5.95	-4.1278
5.95	-4.1311
5.95	-4.1331
5.95	-4.1341
5.95	-4.1337
5.96	-4.1323
5.96	-4.1298
5.97	-4.1264
5.98	-4.1221
5.98	-4.1168
5.98	-4.1108
5.99	-4.1041
6.00	-4.0967
6.00	-4.0882
6.00	-4.0791
6.01	-4.0692
6.02	-4.0585
6.03	-4.0471
6.04	-4.0350
6.04	-4.0223
6.05	-4.0090
6.05	-3.9951
6.06	-3.9806
6.07	-3.9657
6.08	-3.9503
6.08	-3.9345
6.09	-3.9183
6.10	-3.9019
6.11	-3.8853
6.11	-3.8684
6.12	-3.8513
6.13	-3.8341
6.13	-3.8169
6.14	-3.7995
6.15	-3.7824
6.15	-3.7652
6.16	-3.7482
6.17	-3.7316
6.18	-3.7150
6.19	-3.6986
6.20	-3.6826
6.20	-3.6666
6.21	-3.6513
6.22	-3.6360
6.23	-3.6213
6.23	-3.6069
6.24	-3.5929
6.25	-3.5793
6.26	-3.5661
6.26	-3.5533
6.27	-3.5412
6.28	-3.5293
6.29	-3.5180
6.29	-3.5072
6.30	-3.4968
6.31	-3.4869
6.32	-3.4775
6.33	-3.4686
6.34	-3.4601
6.34	-3.4521
6.35	-3.4445
6.36	-3.4373
6.37	-3.4305
6.38	-3.4242
6.38	-3.4183
6.39	-3.4129
6.40	-3.4078
6.40	-3.4029
6.41	-3.3985
6.42	-3.3945
6.44	-3.3907
6.45	-3.3872
6.45	-3.3843
6.46	-3.3815
6.46	-3.3789
6.48	-3.3768
6.48	-3.3748
6.49	-3.3730
6.50	-3.3716
6.50	-3.3703
6.51	-3.3693
6.52	-3.3686
6.53	-3.3680
6.53	-3.3674
6.54	-3.3670
6.55	-3.3668
6.56	-3.3667
6.56	-3.3669
6.57	-3.3671
6.58	-3.3675
6.59	-3.3681
6.60	-3.3687
6.61	-3.3694
6.62	-3.3702
6.62	-3.3711
6.63	-3.3722
6.64	-3.3735
6.65	-3.3746
6.66	-3.3759
6.67	-3.3772
6.67	-3.3786
6.68	-3.3798
6.69	-3.3811
6.70	-3.3824
6.71	-3.3837
6.71	-3.3852
6.73	-3.3865
6.73	-3.3877
6.74	-3.3892
6.75	-3.3904
6.75	-3.3919
6.76	-3.3932
6.77	-3.3945
6.78	-3.3958
6.78	-3.3970
6.80	-3.3983
6.81	-3.3995
6.82	-3.4010
6.82	-3.4021
6.83	-3.4034
6.84	-3.4045
6.85	-3.4059
6.86	-3.4071
6.86	-3.4083
6.88	-3.4092
6.88	-3.4103
6.89	-3.4115
6.90	-3.4125
6.90	-3.4135
6.91	-3.4145
6.92	-3.4154
6.93	-3.4163
6.95	-3.4172
6.95	-3.4181
6.95	-3.4189
6.96	-3.4198
6.97	-3.4206
6.98	-3.4213
6.99	-3.4220
7.00	-3.4228
7.00	-3.4234
7.01	-3.4240
7.02	-3.4244
7.03	-3.4250
7.04	-3.4255
7.04	-3.4260
7.06	-3.4265
7.07	-3.4271
7.07	-3.4275
7.08	-3.4280
7.08	-3.4284
7.09	-3.4288
7.10	-3.4293
7.11	-3.4295
7.12	-3.4298
7.13	-3.4300
7.14	-3.4302
7.14	-3.4303
7.15	-3.4305
7.16	-3.4306
7.17	-3.4309
7.18	-3.4311
7.18	-3.4312
7.19	-3.4313
7.20	-3.4314
7.21	-3.4314
7.22	-3.4315
7.23	-3.4314
7.24	-3.4313
7.25	-3.4311
7.25	-3.4310
7.26	-3.4309
7.27	-3.4308
7.28	-3.4307
7.29	-3.4304
7.30	-3.4302
7.30	-3.4301
7.31	-3.4298
7.32	-3.4296
7.33	-3.4294
7.34	-3.4292
7.34	-3.4290
7.35	-3.4288
7.36	-3.4285
7.37	-3.4282
7.38	-3.4278
7.39	-3.4275
7.40	-3.4270
7.40	-3.4266
7.40	-3.4260
7.41	-3.4255
7.42	-3.4250
7.43	-3.4244
7.44	-3.4236
7.45	-3.4230
7.46	-3.4223
7.47	-3.4215
7.47	-3.4208
7.48	-3.4202
7.49	-3.4194
7.50	-3.4187
7.50	-3.4179
7.51	-3.4173
7.52	-3.4164
7.53	-3.4155
7.54	-3.4147
7.55	-3.4139
7.56	-3.4130
7.57	-3.4121
7.58	-3.4112
7.58	-3.4102
7.59	-3.4093
7.59	-3.4084
7.61	-3.4075
7.62	-3.4067
7.63	-3.4059
7.63	-3.4049
7.64	-3.4041
7.65	-3.4030
7.65	-3.4022
7.66	-3.4012
7.67	-3.4002
7.68	-3.3993
7.69	-3.3982
7.70	-3.3972
7.70	-3.3962
7.72	-3.3951
7.72	-3.3942
7.73	-3.3931
7.74	-3.3921
7.75	-3.3911
7.75	-3.3902
7.76	-3.3893
7.77	-3.3882
7.78	-3.3872
7.78	-3.3862
7.79	-3.3852
7.80	-3.3841
7.82	-3.3831
7.82	-3.3823
7.83	-3.3813
7.84	-3.3803
7.85	-3.3793
7.85	-3.3783
7.86	-3.3773
7.87	-3.3764
7.88	-3.3753
7.89	-3.3744
7.90	-3.3734
7.90	-3.3725
7.91	-3.3716
7.92	-3.3705
7.93	-3.3696
7.93	-3.3687
7.95	-3.3678
7.95	-3.3670
7.96	-3.3661
7.97	-3.3652
7.98	-3.3641
7.98	-3.3632
8.00	-3.3623
8.00	-3.3613
8.01	-3.3604
8.02	-3.3597
8.03	-3.3589
8.03	-3.3581
8.04	-3.3571
8.05	-3.3563
8.06	-3.3555
8.07	-3.3547
8.08	-3.3537
8.09	-3.3528
8.09	-3.3519
8.10	-3.3510
8.11	-3.3498
8.12	-3.3488
8.13	-3.3478
8.14	-3.3468
8.14	-3.3457
8.15	-3.3447
8.16	-3.3438
8.17	-3.3426
8.18	-3.3415
8.18	-3.3405
8.19	-3.3394
8.20	-3.3384
8.21	-3.3372
8.22	-3.3360
8.22	-3.3348
8.24	-3.3337
8.25	-3.3327
8.25	-3.3316
8.26	-3.3304
8.27	-3.3290
8.28	-3.3278
8.28	-3.3266
8.29	-3.3253
8.30	-3.3241
8.30	-3.3228
8.32	-3.3216
8.32	-3.3205
8.33	-3.3194
8.34	-3.3182
8.35	-3.3171
8.35	-3.3159
8.36	-3.3146
8.37	-3.3134
8.38	-3.3123
8.39	-3.3110
8.39	-3.3098
8.40	-3.3086
8.41	-3.3075
8.43	-3.3064
8.44	-3.3053
8.44	-3.3042
8.45	-3.3029
8.45	-3.3018
8.46	-3.3007
8.47	-3.2996
8.48	-3.2984
8.49	-3.2974
8.50	-3.2963
8.50	-3.2953
8.52	-3.2942
8.53	-3.2932
8.53	-3.2922
8.54	-3.2911
8.54	-3.2899
8.55	-3.2889
8.56	-3.2878
8.57	-3.2869
8.58	-3.2859
8.59	-3.2850
8.60	-3.2840
8.61	-3.2828
8.62	-3.2818
8.63	-3.2808
8.63	-3.2798
8.64	-3.2788
8.64	-3.2780
8.66	-3.2770
8.66	-3.2759
8.67	-3.2750
8.68	-3.2741
8.69	-3.2730
8.70	-3.2720
8.70	-3.2710
8.71	-3.2700
8.72	-3.2690
8.73	-3.2682
8.74	-3.2675
8.75	-3.2667
8.75	-3.2661
8.76	-3.2654
8.77	-3.2645
8.78	-3.2636
8.79	-3.2628
8.79	-3.2618
8.80	-3.2610
8.81	-3.2602
8.82	-3.2593
8.83	-3.2583
8.84	-3.2573
8.85	-3.2563
8.85	-3.2553
8.86	-3.2543
8.87	-3.2534
8.88	-3.2524
8.88	-3.2514
8.89	-3.2504
8.90	-3.2494
8.91	-3.2484
8.92	-3.2474
8.93	-3.2463
8.94	-3.2454
8.94	-3.2445
8.95	-3.2435
8.96	-3.2426
8.97	-3.2416
8.98	-3.2408
8.99	-3.2399
9.00	-3.2389
9.00	-3.2380
9.01	-3.2370
9.02	-3.2361
9.03	-3.2351
9.04	-3.2340
9.05	-3.2333
9.05	-3.2324
9.06	-3.2316
9.07	-3.2307
9.08	-3.2298
9.09	-3.2289
9.10	-3.2279
9.10	-3.2271
9.11	-3.2263
9.12	-3.2255
9.13	-3.2247
9.14	-3.2240
9.14	-3.2232
9.15	-3.2225
9.16	-3.2219
9.17	-3.2211
9.18	-3.2203
9.19	-3.2196
9.19	-3.2191
9.20	-3.2184
9.20	-3.2177
9.21	-3.2172
9.22	-3.2167
9.23	-3.2161
9.24	-3.2155
9.25	-3.2151
9.26	-3.2145
9.27	-3.2140
9.28	-3.2132
9.28	-3.2128
9.29	-3.2124
9.29	-3.2118
9.30	-3.2113
9.31	-3.2108
9.33	-3.2104
9.33	-3.2099
9.34	-3.2095
9.34	-3.2090
9.36	-3.2086
9.36	-3.2083
9.38	-3.2079
9.38	-3.2075
9.39	-3.2071
9.39	-3.2068
9.40	-3.2064
9.41	-3.2061
9.42	-3.2059
9.43	-3.2057
9.44	-3.2053
9.45	-3.2054
9.46	-3.2050
9.47	-3.2049
9.47	-3.2048
9.48	-3.2045
9.49	-3.2042
9.50	-3.2040
9.50	-3.2037
9.51	-3.2034
9.52	-3.2033
9.53	-3.2031
9.54	-3.2029
9.55	-3.2026
9.56	-3.2025
9.57	-3.2022
9.57	-3.2019
9.58	-3.2016
9.59	-3.2014
9.60	-3.2009
9.60	-3.2007
9.62	-3.2005
9.63	-3.2002
9.63	-3.1998
9.64	-3.1996
9.64	-3.1994
9.65	-3.1992
9.66	-3.1988
9.67	-3.1986
9.68	-3.1982
9.69	-3.1979
9.70	-3.1977
9.70	-3.1975
9.71	-3.1971
9.72	-3.1967
9.72	-3.1965
9.73	-3.1961
9.74	-3.1958
9.75	-3.1955
9.76	-3.1952
9.78	-3.1949
9.78	-3.1947
9.79	-3.1943
9.79	-3.1941
9.80	-3.1938
9.81	-3.1936
9.82	-3.1935
9.83	-3.1932
9.84	-3.1931
9.85	-3.1928
9.85	-3.1926
9.86	-3.1924
9.87	-3.1922
9.88	-3.1921
9.89	-3.1920
9.89	-3.1918
9.90	-3.1917
9.92	-3.1914
9.92	-3.1912
9.93	-3.1911
9.94	-3.1909
9.95	-3.1907
9.96	-3.1906
9.97	-3.1905
9.97	-3.1904
9.98	-3.1903
9.99	-3.1901
9.99	-3.1900
10.00	-3.1899
10.01	-3.1897
10.03	-3.1897
10.03	-3.1895
10.04	-3.1894
10.05	-3.1893
10.05	-3.1890
10.06	-3.1889
10.07	-3.1889
10.08	-3.1887
10.08	-3.1887
10.09	-3.1887
10.10	-3.1886
10.11	-3.1885
10.12	-3.1884
10.13	-3.1884
10.13	-3.1883
10.14	-3.1884
10.15	-3.1882
10.16	-3.1884
10.17	-3.1884
10.18	-3.1884
10.19	-3.1884
10.19	-3.1884
10.20	-3.1885
10.20	-3.1885
10.21	-3.1884
10.22	-3.1883
10.23	-3.1882
10.24	-3.1881
10.25	-3.1880
10.26	-3.1880
10.27	-3.1879
10.28	-3.1878
10.28	-3.1877
10.30	-3.1875
10.30	-3.1874
10.30	-3.1871
10.31	-3.1870
10.32	-3.1867
10.33	-3.1865
10.35	-3.1864
10.35	-3.1861
10.36	-3.1859
10.37	-3.1857
10.38	-3.1855
10.38	-3.1852
10.39	-3.1850
10.40	-3.1848
10.41	-3.1846
10.42	-3.1844
10.43	-3.1840
10.44	-3.1839
10.44	-3.1836
10.45	-3.1833
10.46	-3.1831
10.47	-3.1829
10.48	-3.1828
10.48	-3.1825
10.49	-3.1824
10.50	-3.1822
10.51	-3.1821
10.52	-3.1819
10.53	-3.1817
10.53	-3.1815
10.54	-3.1813
10.55	-3.1811
10.55	-3.1808
10.56	-3.1807
10.58	-3.1806
10.58	-3.1804
10.59	-3.1802
10.60	-3.1799
10.61	-3.1798
10.62	-3.1796
10.63	-3.1795
10.63	-3.1793
10.65	-3.1792
10.65	-3.1790
10.66	-3.1789
10.67	-3.1788
10.68	-3.1787
10.69	-3.1786
10.69	-3.1784
10.70	-3.1783
10.71	-3.1783
10.72	-3.1782
10.73	-3.1781
10.73	-3.1780
10.75	-3.1779
10.75	-3.1778
10.76	-3.1778
10.77	-3.1778
10.78	-3.1778
10.78	-3.1777
10.79	-3.1776
10.80	-3.1774
10.80	-3.1773
10.81	-3.1771
10.82	-3.1771
10.84	-3.1771
10.85	-3.1770
10.85	-3.1769
10.85	-3.1769
10.87	-3.1770
10.88	-3.1771
10.88	-3.1771
10.89	-3.1772
10.90	-3.1773
10.90	-3.1773
10.91	-3.1773
10.93	-3.1772
10.93	-3.1771
10.94	-3.1770
10.95	-3.1770
10.96	-3.1768
10.96	-3.1768
10.97	-3.1766
10.98	-3.1765
10.99	-3.1764
11.00	-3.1763
11.00	-3.1762
11.01	-3.1760
11.02	-3.1759
11.03	-3.1757
11.03	-3.1756
11.05	-3.1755
11.05	-3.1752
11.06	-3.1750
11.07	-3.1748
11.08	-3.1746
11.09	-3.1743
11.10	-3.1741
11.10	-3.1738
11.11	-3.1735
11.12	-3.1732
11.13	-3.1732
11.13	-3.1730
11.14	-3.1729
11.15	-3.1728
11.16	-3.1727
11.17	-3.1724
11.18	-3.1721
11.19	-3.1719
11.19	-3.1717
11.20	-3.1715
11.21	-3.1714
11.22	-3.1710
11.23	-3.1709
11.24	-3.1707
11.24	-3.1704
11.25	-3.1702
11.26	-3.1701
11.27	-3.1699
11.28	-3.1696
11.28	-3.1694
11.29	-3.1693
11.30	-3.1690
11.31	-3.1689
11.32	-3.1688
11.33	-3.1687
11.34	-3.1684
11.35	-3.1683
11.36	-3.1682
11.37	-3.1680
11.37	-3.1679
11.38	-3.1678
11.39	-3.1676
11.40	-3.1675
11.40	-3.1674
11.41	-3.1673
11.42	-3.1673
11.43	-3.1672
11.44	-3.1672
11.45	-3.1671
11.45	-3.1670
11.46	-3.1669
11.47	-3.1669
11.47	-3.1669
11.48	-3.1668
11.49	-3.1667
11.50	-3.1667
11.51	-3.1667
11.52	-3.1667
11.53	-3.1668
11.54	-3.1669
11.55	-3.1669
11.55	-3.1669
11.56	-3.1669
11.57	-3.1668
11.58	-3.1669
11.59	-3.1670
11.59	-3.1672
11.60	-3.1673
11.61	-3.1675
11.62	-3.1675
11.63	-3.1676
11.63	-3.1676
11.65	-3.1676
11.65	-3.1676
11.67	-3.1675
11.67	-3.1675
11.68	-3.1676
11.68	-3.1674
11.69	-3.1674
11.70	-3.1673
11.71	-3.1673
11.72	-3.1672
11.73	-3.1671
11.74	-3.1670
11.75	-3.1668
11.75	-3.1666
11.76	-3.1665
11.77	-3.1663
11.78	-3.1662
11.79	-3.1660
11.79	-3.1658
11.80	-3.1656
11.81	-3.1655
11.83	-3.1652
11.83	-3.1650
11.84	-3.1648
11.85	-3.1647
11.85	-3.1643
11.86	-3.1641
11.87	-3.1638
11.88	-3.1636
11.88	-3.1634
11.89	-3.1633
11.90	-3.1630
11.90	-3.1628
11.91	-3.1625
11.92	-3.1623
11.93	-3.1621
11.94	-3.1618
11.95	-3.1617
11.96	-3.1614
11.97	-3.1612
11.98	-3.1609
11.98	-3.1609
11.99	-3.1607
12.00	-3.1605
12.00	-3.1604
12.01	-3.1603
12.02	-3.1601
12.03	-3.1600
12.04	-3.1600
12.05	-3.1598
12.06	-3.1597
12.07	-3.1596
12.08	-3.1594
12.08	-3.1595
12.09	-3.1594
12.10	-3.1593
12.10	-3.1593
12.11	-3.1592
12.13	-3.1591
12.13	-3.1592
12.14	-3.1591
12.15	-3.1590
12.16	-3.1588
12.16	-3.1587
12.17	-3.1586
12.18	-3.1586
12.19	-3.1585
12.20	-3.1584
12.20	-3.1583
12.21	-3.1584
12.23	-3.1584
12.24	-3.1583
12.24	-3.1583
12.25	-3.1582
12.26	-3.1582
12.26	-3.1580
12.27	-3.1579
12.28	-3.1578
12.28	-3.1577
12.30	-3.1577
12.31	-3.1577
12.32	-3.1578
12.33	-3.1579
12.33	-3.1581
12.34	-3.1582
12.35	-3.1582
12.35	-3.1582
12.37	-3.1583
12.37	-3.1581
12.38	-3.1580
12.39	-3.1579
12.40	-3.1579
12.40	-3.1577
12.42	-3.1576
12.42	-3.1574
12.43	-3.1572
12.44	-3.1571
12.45	-3.1569
12.45	-3.1567
12.46	-3.1566
12.47	-3.1564
12.47	-3.1562
12.48	-3.1561
12.50	-3.1560
12.50	-3.1557
12.51	-3.1556
12.52	-3.1553
12.53	-3.1552
12.54	-3.1549
12.55	-3.1547
12.55	-3.1545
12.57	-3.1543
12.58	-3.1541
12.58	-3.1541
12.59	-3.1537
12.60	-3.1534
12.61	-3.1532
12.61	-3.1531
12.62	-3.1528
12.63	-3.1526
12.64	-3.1523
12.65	-3.1523
12.66	-3.1522
12.67	-3.1520
12.68	-3.1518
12.68	-3.1518
12.69	-3.1517
12.70	-3.1516
12.70	-3.1515
12.72	-3.1513
12.73	-3.1513
12.73	-3.1511
12.73	-3.1510
12.74	-3.1508
12.75	-3.1505
12.75	-3.1504
12.76	-3.1503
12.78	-3.1501
12.78	-3.1500
12.79	-3.1500
12.80	-3.1499
12.81	-3.1497
12.82	-3.1496
12.83	-3.1496
12.84	-3.1496
12.85	-3.1495
12.85	-3.1494
12.86	-3.1495
12.87	-3.1495
12.88	-3.1493
12.89	-3.1491
12.89	-3.1489
12.90	-3.1487
12.91	-3.1484
12.92	-3.1480
12.93	-3.1478
12.93	-3.1474
12.95	-3.1471
12.95	-3.1469
12.96	-3.1467
12.97	-3.1465
12.98	-3.1463
12.98	-3.1461
12.99	-3.1460
13.00	-3.1459
13.00	-3.1457
13.02	-3.1457
13.03	-3.1457
13.04	-3.1457
13.04	-3.1459
13.05	-3.1459
13.06	-3.1460
13.07	-3.1460
13.08	-3.1460
13.08	-3.1461
13.09	-3.1462
13.10	-3.1462
13.10	-3.1462
13.12	-3.1461
13.13	-3.1462
13.13	-3.1461
13.15	-3.1461
13.15	-3.1461
13.16	-3.1460
13.17	-3.1460
13.18	-3.1460
13.19	-3.1459
13.19	-3.1458
13.20	-3.1457
13.21	-3.1457
13.22	-3.1456
13.23	-3.1454
13.23	-3.1454
13.24	-3.1453
13.25	-3.1451
13.26	-3.1449
13.27	-3.1447
13.28	-3.1446
13.28	-3.1444
13.30	-3.1442
13.30	-3.1442
13.31	-3.1440
13.32	-3.1438
13.33	-3.1436
13.33	-3.1435
13.34	-3.1433
13.35	-3.1432
13.36	-3.1431
13.37	-3.1430
13.38	-3.1428
13.39	-3.1426
13.40	-3.1425
13.40	-3.1423
13.41	-3.1422
13.42	-3.1419
13.43	-3.1417
13.43	-3.1415
13.45	-3.1413
13.45	-3.1412
13.46	-3.1411
13.47	-3.1411
13.48	-3.1410
13.48	-3.1410
13.49	-3.1409
13.50	-3.1408
13.51	-3.1407
13.53	-3.1406
13.53	-3.1405
13.53	-3.1404
13.53	-3.1404
13.53	-3.1403
13.53	-3.1402
13.53	-3.1402
13.55	-3.1401
13.58	-3.1400
13.59	-3.1401
13.60	-3.1401
13.61	-3.1400
13.61	-3.1401
13.62	-3.1401
13.63	-3.1400
13.64	-3.1400
13.65	-3.1399
13.65	-3.1398
13.66	-3.1398
13.67	-3.1399
13.68	-3.1398
13.69	-3.1398
13.69	-3.1398
13.70	-3.1398
13.71	-3.1399
13.72	-3.1398
13.73	-3.1399
13.73	-3.1399
13.75	-3.1401
13.76	-3.1401
13.77	-3.1402
13.78	-3.1404
13.78	-3.1405
13.80	-3.1405
13.80	-3.1406
13.81	-3.1407
13.82	-3.1405
13.82	-3.1403
13.83	-3.1403
13.83	-3.1402
13.85	-3.1401
13.86	-3.1401
13.87	-3.1399
13.88	-3.1396
13.88	-3.1395
13.89	-3.1393
13.89	-3.1392
13.90	-3.1389
13.91	-3.1389
13.92	-3.1388
13.93	-3.1387
13.94	-3.1386
13.95	-3.1384
13.95	-3.1384
13.97	-3.1382
13.97	-3.1380
13.98	-3.1378
13.99	-3.1376
14.00	-3.1374
14.00	-3.1372
14.01	-3.1370
14.02	-3.1367
14.03	-3.1364
14.04	-3.1363
14.05	-3.1361
14.05	-3.1359
14.06	-3.1357
14.07	-3.1355
14.08	-3.1352
14.09	-3.1350
14.10	-3.1348
14.10	-3.1346
14.11	-3.1345
14.13	-3.1344
14.14	-3.1341
14.14	-3.1339
14.15	-3.1337
14.16	-3.1336
14.16	-3.1334
14.17	-3.1333
14.18	-3.1332
14.19	-3.1331
14.20	-3.1331
14.21	-3.1330
14.22	-3.1329
14.23	-3.1329
14.23	-3.1329
14.24	-3.1329
14.25	-3.1329
14.25	-3.1330
14.27	-3.1329
14.28	-3.1330
14.29	-3.1330
14.29	-3.1330
14.30	-3.1330
14.30	-3.1330
14.31	-3.1329
14.32	-3.1328
14.32	-3.1329
14.33	-3.1329
14.35	-3.1328
14.35	-3.1328
14.36	-3.1328
14.37	-3.1328
14.38	-3.1329
14.39	-3.1329
14.40	-3.1330
14.40	-3.1330
14.41	-3.1330
14.42	-3.1330
14.43	-3.1331
14.44	-3.1332
14.45	-3.1332
14.46	-3.1332
14.47	-3.1331
14.48	-3.1333
14.48	-3.1334
14.49	-3.1334
14.50	-3.1335
14.50	-3.1338
14.51	-3.1338
14.52	-3.1338
14.53	-3.1338
14.54	-3.1338
14.55	-3.1338
14.55	-3.1339
14.56	-3.1339
14.57	-3.1340
14.58	-3.1338
14.58	-3.1338
14.59	-3.1337
14.60	-3.1336
14.60	-3.1334
14.62	-3.1334
14.63	-3.1334
14.63	-3.1332
14.64	-3.1332
14.65	-3.1331
14.65	-3.1330
14.66	-3.1330
14.67	-3.1329
14.68	-3.1328
14.69	-3.1326
14.70	-3.1325
14.71	-3.1324
14.72	-3.1323
14.73	-3.1322
14.73	-3.1322
14.74	-3.1319
14.75	-3.1318
14.76	-3.1317
14.77	-3.1315
14.77	-3.1313
14.78	-3.1312
14.80	-3.1310
14.80	-3.1309
14.81	-3.1307
14.82	-3.1306
14.82	-3.1305
14.83	-3.1304
14.85	-3.1302
14.85	-3.1301
14.86	-3.1301
14.87	-3.1300
14.88	-3.1299
14.88	-3.1298
14.89	-3.1297
14.90	-3.1296
14.91	-3.1296
14.92	-3.1296
14.92	-3.1296
14.93	-3.1298
14.94	-3.1298
14.95	-3.1298
14.96	-3.1299
14.97	-3.1299
14.98	-3.1300
14.98	-3.1300
14.99	-3.1301
15.00	-3.1300
15.00	-3.1300
15.02	-3.1300
15.03	-3.1300
15.04	-3.1300
15.04	-3.1301
15.05	-3.1302
15.06	-3.1302
15.07	-3.1302
15.08	-3.1302
15.08	-3.1302
15.09	-3.1303
15.10	-3.1303
15.11	-3.1305
15.12	-3.1306
15.13	-3.1306
15.14	-3.1306
15.15	-3.1306
15.15	-3.1307
15.15	-3.1309
15.17	-3.1309
15.18	-3.1310
15.18	-3.1310
15.20	-3.1311
15.20	-3.1312
15.21	-3.1314
15.22	-3.1318
15.23	-3.1320
15.23	-3.1322
15.24	-3.1325
15.25	-3.1327
15.26	-3.1327
15.27	-3.1329
15.28	-3.1329
15.28	-3.1330
15.29	-3.1330
15.30	-3.1330
15.30	-3.1330
15.32	-3.1329
15.33	-3.1330
15.33	-3.1332
15.34	-3.1332
15.35	-3.1332
15.36	-3.1331
15.37	-3.1330
15.38	-3.1331
15.38	-3.1331
15.39	-3.1330
15.40	-3.1330
15.41	-3.1330
15.42	-3.1330
15.43	-3.1330
15.43	-3.1329
15.43	-3.1329
15.45	-3.1328
15.45	-3.1328
15.46	-3.1328
15.47	-3.1327
15.48	-3.1326
15.49	-3.1326
15.49	-3.1325
15.50	-3.1325
15.51	-3.1325
15.52	-3.1324
15.53	-3.1325
15.54	-3.1323
15.55	-3.1322
15.55	-3.1322
15.56	-3.1320
15.57	-3.1320
15.58	-3.1320
15.59	-3.1320
15.60	-3.1319
15.61	-3.1319
15.61	-3.1318
15.62	-3.1319
15.63	-3.1320
15.64	-3.1319
15.65	-3.1320
15.65	-3.1320
15.67	-3.1320
15.68	-3.1321
15.68	-3.1321
15.69	-3.1323
15.70	-3.1323
15.70	-3.1324
15.71	-3.1324
15.72	-3.1325
15.73	-3.1325
15.73	-3.1327
15.75	-3.1329
15.76	-3.1330
15.77	-3.1330
15.78	-3.1332
15.78	-3.1334
15.79	-3.1335
15.80	-3.1336
15.80	-3.1337
15.81	-3.1339
15.82	-3.1340
15.83	-3.1341
15.84	-3.1343
15.85	-3.1345
15.85	-3.1349
15.86	-3.1351
15.87	-3.1353
15.88	-3.1356
15.88	-3.1358
15.89	-3.1359
15.90	-3.1361
15.91	-3.1362
15.92	-3.1365
15.93	-3.1365
15.94	-3.1369
15.95	-3.1372
15.95	-3.1375
15.96	-3.1378
15.97	-3.1381
15.98	-3.1382
15.98	-3.1384
15.99	-3.1388
16.00	-3.1390
16.01	-3.1391
16.02	-3.1392
16.03	-3.1394
16.04	-3.1395
16.04	-3.1396
16.05	-3.1397
16.06	-3.1398
16.07	-3.1399
16.08	-3.1399
16.09	-3.1401
16.09	-3.1401
16.10	-3.1402
16.11	-3.1403
16.12	-3.1404
16.13	-3.1405
16.14	-3.1406
16.15	-3.1407
16.15	-3.1408
16.16	-3.1408
16.17	-3.1408
16.18	-3.1408
16.19	-3.1409
16.20	-3.1410
16.20	-3.1412
16.21	-3.1412
16.22	-3.1414
16.23	-3.1415
16.24	-3.1415
16.25	-3.1416
16.25	-3.1418
16.26	-3.1418
16.27	-3.1419
16.27	-3.1420
16.29	-3.1421
16.30	-3.1422
16.30	-3.1423
16.31	-3.1423
16.32	-3.1425
16.32	-3.1425
16.33	-3.1426
16.34	-3.1427
16.35	-3.1428
16.36	-3.1429
16.36	-3.1430
16.37	-3.1432
16.38	-3.1434
16.39	-3.1437
16.40	-3.1438
16.41	-3.1440
16.42	-3.1442
16.43	-3.1445
16.43	-3.1447
16.44	-3.1449
16.45	-3.1450
16.46	-3.1453
16.46	-3.1453
16.47	-3.1455
16.48	-3.1456
16.50	-3.1459
16.50	-3.1461
16.51	-3.1464
16.52	-3.1467
16.52	-3.1469
16.53	-3.1472
16.54	-3.1474
16.55	-3.1477
16.56	-3.1481
16.57	-3.1484
16.58	-3.1488
16.59	-3.1491
16.59	-3.1494
16.60	-3.1497
16.61	-3.1500
16.62	-3.1503
16.63	-3.1506
16.63	-3.1509
16.64	-3.1513
16.65	-3.1515
16.66	-3.1518
16.67	-3.1521
16.68	-3.1525
16.68	-3.1529
16.69	-3.1534
16.70	-3.1539
16.71	-3.1543
16.71	-3.1546
16.72	-3.1550
16.73	-3.1554
16.74	-3.1557
16.75	-3.1561
16.76	-3.1563
16.77	-3.1567
16.77	-3.1570
16.78	-3.1574
16.79	-3.1578
16.80	-3.1580
16.81	-3.1582
16.82	-3.1584
16.82	-3.1587
16.83	-3.1589
16.84	-3.1591
16.84	-3.1593
16.86	-3.1597
16.86	-3.1600
16.87	-3.1602
16.88	-3.1604
16.89	-3.1607
16.90	-3.1609
16.91	-3.1611
16.92	-3.1613
16.93	-3.1616
16.93	-3.1619
16.94	-3.1621
16.95	-3.1623
16.96	-3.1626
16.96	-3.1628
16.98	-3.1631
16.98	-3.1633
16.99	-3.1636
17.00	-3.1638
17.01	-3.1641
17.02	-3.1643
17.02	-3.1647
17.03	-3.1649
17.04	-3.1654
17.05	-3.1655
17.05	-3.1658
17.06	-3.1660
17.07	-3.1664
17.08	-3.1666
17.09	-3.1669
17.10	-3.1672
17.11	-3.1676
17.12	-3.1681
17.13	-3.1683
17.13	-3.1687
17.14	-3.1690
17.15	-3.1696
17.16	-3.1699
17.16	-3.1702
17.17	-3.1706
17.18	-3.1710
17.19	-3.1714
17.20	-3.1718
17.20	-3.1722
17.21	-3.1726
17.22	-3.1729
17.23	-3.1733
17.24	-3.1737
17.25	-3.1741
17.25	-3.1746
17.26	-3.1751
17.27	-3.1755
17.28	-3.1760
17.28	-3.1765
17.29	-3.1769
17.30	-3.1774
17.31	-3.1779
17.32	-3.1784
17.32	-3.1790
17.34	-3.1795
17.34	-3.1801
17.35	-3.1805
17.36	-3.1811
17.37	-3.1814
17.38	-3.1819
17.39	-3.1822
17.40	-3.1827
17.40	-3.1831
17.41	-3.1837
17.42	-3.1843
17.43	-3.1849
17.43	-3.1856
17.44	-3.1861
17.45	-3.1867
17.46	-3.1872
17.47	-3.1877
17.48	-3.1883
17.48	-3.1888
17.49	-3.1892
17.50	-3.1896
17.51	-3.1899
17.52	-3.1903
17.53	-3.1907
17.54	-3.1910
17.55	-3.1912
17.55	-3.1914
17.56	-3.1917
17.57	-3.1920
17.58	-3.1924
17.59	-3.1927
17.59	-3.1930
17.60	-3.1933
17.61	-3.1936
17.62	-3.1941
17.63	-3.1943
17.63	-3.1947
17.65	-3.1950
17.65	-3.1954
17.66	-3.1957
17.67	-3.1959
17.68	-3.1963
17.69	-3.1964
17.69	-3.1969
17.70	-3.1971
17.70	-3.1975
17.72	-3.1977
17.73	-3.1980
17.74	-3.1983
17.75	-3.1986
17.75	-3.1989
17.76	-3.1992
17.77	-3.1995
17.78	-3.1999
17.78	-3.2002
17.80	-3.2005
17.81	-3.2008
17.82	-3.2012
17.82	-3.2015
17.83	-3.2017
17.84	-3.2020
17.84	-3.2024
17.85	-3.2026
17.86	-3.2029
17.87	-3.2033
17.87	-3.2037
17.88	-3.2041
17.90	-3.2045
17.90	-3.2049
17.91	-3.2055
17.92	-3.2059
17.93	-3.2063
17.93	-3.2067
17.94	-3.2071
17.95	-3.2076
17.96	-3.2080
17.97	-3.2084
17.98	-3.2090
17.99	-3.2093
18.00	-3.2100
18.00	-3.2104
18.01	-3.2110
18.02	-3.2115
18.03	-3.2120
18.03	-3.2125
18.04	-3.2131
18.05	-3.2134
18.07	-3.2139
18.07	-3.2143
18.08	-3.2148
18.09	-3.2151
18.09	-3.2156
18.09	-3.2158
18.11	-3.2162
18.12	-3.2165
18.13	-3.2170
18.13	-3.2174
18.14	-3.2178
18.15	-3.2182
18.15	-3.2188
18.17	-3.2195
18.17	-3.2201
18.18	-3.2206
18.19	-3.2214
18.20	-3.2218
18.20	-3.2224
18.21	-3.2230
18.22	-3.2234
18.23	-3.2239
18.24	-3.2244
18.25	-3.2248
18.26	-3.2252
18.26	-3.2257
18.27	-3.2261
18.28	-3.2264
18.29	-3.2268
18.30	-3.2273
18.31	-3.2277
18.31	-3.2280
18.32	-3.2285
18.33	-3.2288
18.34	-3.2291
18.35	-3.2296
18.36	-3.2298
18.37	-3.2301
18.37	-3.2303
18.38	-3.2306
18.39	-3.2309
18.40	-3.2313
18.41	-3.2314
18.41	-3.2317
18.42	-3.2320
18.43	-3.2323
18.44	-3.2326
18.45	-3.2328
18.45	-3.2331
18.46	-3.2333
18.47	-3.2335
18.48	-3.2338
18.49	-3.2341
18.49	-3.2343
18.50	-3.2345
18.52	-3.2348
18.53	-3.2351
18.53	-3.2354
18.54	-3.2357
18.55	-3.2360
18.56	-3.2365
18.56	-3.2367
18.57	-3.2370
18.57	-3.2374
18.59	-3.2377
18.60	-3.2382
18.61	-3.2386
18.61	-3.2390
18.63	-3.2393
18.63	-3.2397
18.64	-3.2402
18.64	-3.2405
18.65	-3.2408
18.66	-3.2413
18.67	-3.2416
18.68	-3.2419
18.69	-3.2424
18.70	-3.2427
18.71	-3.2433
18.72	-3.2437
18.73	-3.2441
18.73	-3.2445
18.74	-3.2449
18.75	-3.2454
18.76	-3.2458
18.77	-3.2462
18.78	-3.2467
18.78	-3.2470
18.79	-3.2474
18.80	-3.2479
18.81	-3.2484
18.82	-3.2488
18.82	-3.2493
18.83	-3.2499
18.84	-3.2503
18.85	-3.2508
18.86	-3.2513
18.86	-3.2517
18.88	-3.2521
18.88	-3.2526
18.89	-3.2529
18.90	-3.2535
18.90	-3.2540
18.91	-3.2547
18.92	-3.2552
18.93	-3.2556
18.94	-3.2563
18.95	-3.2567
18.96	-3.2571
18.97	-3.2575
18.97	-3.2579
18.98	-3.2584
18.98	-3.2587
18.99	-3.2593
19.00	-3.2596
19.01	-3.2600
19.02	-3.2604
19.03	-3.2607
19.03	-3.2610
19.04	-3.2614
19.05	-3.2617
19.06	-3.2620
19.07	-3.2624
19.08	-3.2626
19.08	-3.2629
19.09	-3.2632
19.10	-3.2636
19.11	-3.2638
19.12	-3.2639
19.13	-3.2641
19.13	-3.2643
19.14	-3.2646
19.15	-3.2648
19.16	-3.2651
19.17	-3.2653
19.18	-3.2656
19.18	-3.2658
19.20	-3.2661
19.21	-3.2664
19.22	-3.2665
19.23	-3.2667
19.23	-3.2669
19.24	-3.2672
19.25	-3.2675
19.25	-3.2678
19.26	-3.2680
19.28	-3.2682
19.28	-3.2684
19.29	-3.2686
19.29	-3.2688
19.30	-3.2691
19.32	-3.2693
19.32	-3.2695
19.33	-3.2697
19.33	-3.2701
19.34	-3.2703
19.35	-3.2707
19.36	-3.2710
19.37	-3.2714
19.38	-3.2717
19.39	-3.2720
19.40	-3.2723
19.41	-3.2726
19.41	-3.2730
19.42	-3.2734
19.43	-3.2737
19.43	-3.2740
19.44	-3.2742
19.45	-3.2748
19.46	-3.2750
19.47	-3.2755
19.48	-3.2760
19.49	-3.2763
19.50	-3.2767
19.50	-3.2771
19.52	-3.2773
19.53	-3.2777
19.53	-3.2781
19.54	-3.2783
19.55	-3.2785
19.55	-3.2789
19.57	-3.2792
19.57	-3.2795
19.58	-3.2800
19.59	-3.2803
19.59	-3.2806
19.60	-3.2810
19.61	-3.2815
19.63	-3.2819
19.63	-3.2822
19.64	-3.2826
19.65	-3.2831
19.65	-3.2836
19.66	-3.2840
19.67	-3.2846
19.68	-3.2851
19.68	-3.2854
19.69	-3.2858
19.70	-3.2862
19.71	-3.2866
19.72	-3.2869
19.73	-3.2871
19.74	-3.2874
19.75	-3.2876
19.75	-3.2879
19.76	-3.2881
19.77	-3.2885
19.78	-3.2887
19.79	-3.2889
19.80	-3.2891
19.80	-3.2893
19.81	-3.2895
19.82	-3.2896
19.83	-3.2898
19.84	-3.2900
19.84	-3.2902
19.85	-3.2903
19.86	-3.2906
19.87	-3.2908
19.88	-3.2909
19.88	-3.2910
19.89	-3.2912
19.90	-3.2913
19.91	-3.2915
19.92	-3.2917
19.93	-3.2918
19.93	-3.2921
19.95	-3.2922
19.95	-3.2924
19.96	-3.2925
19.97	-3.2926
19.98	-3.2928
19.98	-3.2929
20.00	-3.2930
20.00	-3.2931
20.01	-3.2933
20.02	-3.2934
20.03	-3.2937
20.04	-3.2939
20.04	-3.2941
20.05	-3.2943
20.06	-3.2945
20.07	-3.2947
20.07	-3.2949
20.08	-3.2952
20.09	-3.2952
20.10	-3.2955
20.11	-3.2957
20.12	-3.2959
20.13	-3.2960
20.13	-3.2963
20.14	-3.2964
20.15	-3.2966
20.16	-3.2970
20.17	-3.2973
20.18	-3.2975
20.18	-3.2980
20.19	-3.2984
20.20	-3.2987
20.20	-3.2991
20.22	-3.2995
20.23	-3.2999
20.23	-3.3004
20.24	-3.3007
20.25	-3.3010
20.26	-3.3015
20.27	-3.3019
20.28	-3.3023
20.29	-3.3026
20.29	-3.3030
20.30	-3.3032
20.31	-3.3037
20.32	-3.3041
20.32	-3.3044
20.33	-3.3047
20.34	-3.3051
20.35	-3.3054
20.36	-3.3058
20.37	-3.3060
20.38	-3.3065
20.38	-3.3069
20.39	-3.3073
20.40	-3.3077
20.41	-3.3084
20.42	-3.3090
20.43	-3.3094
20.44	-3.3098
20.45	-3.3102
20.45	-3.3106
20.45	-3.3108
20.47	-3.3111
20.48	-3.3114
20.49	-3.3117
20.50	-3.3119
20.50	-3.3122
20.50	-3.3125
20.52	-3.3127
20.53	-3.3130
20.53	-3.3131
20.55	-3.3134
20.55	-3.3134
20.55	-3.3136
20.57	-3.3139
20.58	-3.3141
20.58	-3.3143
20.59	-3.3145
20.60	-3.3147
20.61	-3.3148
20.62	-3.3150
20.63	-3.3152
20.63	-3.3154
20.65	-3.3155
20.65	-3.3157
20.66	-3.3160
20.67	-3.3163
20.68	-3.3164
20.68	-3.3167
20.69	-3.3169
20.70	-3.3169
20.70	-3.3170
20.72	-3.3172
20.73	-3.3172
20.74	-3.3174
20.75	-3.3176
20.75	-3.3177
20.76	-3.3178
20.77	-3.3180
20.78	-3.3181
20.78	-3.3183
20.79	-3.3185
20.80	-3.3187
20.80	-3.3189
20.81	-3.3190
20.82	-3.3193
20.83	-3.3195
20.84	-3.3199
20.84	-3.3202
20.86	-3.3205
20.86	-3.3208
20.87	-3.3212
20.88	-3.3216
20.89	-3.3220
20.90	-3.3223
20.91	-3.3227
20.91	-3.3229
20.92	-3.3234
20.93	-3.3238
20.94	-3.3243
20.95	-3.3248
20.95	-3.3252
20.96	-3.3254
20.98	-3.3258
20.98	-3.3262
20.99	-3.3266
21.00	-3.3269
21.01	-3.3274
21.01	-3.3277
21.03	-3.3281
21.03	-3.3286
21.04	-3.3291
21.05	-3.3295
21.05	-3.3300
21.06	-3.3304
21.07	-3.3309
21.08	-3.3314
21.09	-3.3318
21.10	-3.3322
21.11	-3.3328
21.12	-3.3332
21.13	-3.3335
21.13	-3.3340
21.13	-3.3344
21.15	-3.3347
21.16	-3.3352
21.17	-3.3356
21.18	-3.3360
21.18	-3.3365
21.19	-3.3371
21.20	-3.3375
21.21	-3.3379
21.22	-3.3383
21.23	-3.3387
21.23	-3.3391
21.24	-3.3394
21.25	-3.3397
21.25	-3.3400
21.27	-3.3404
21.28	-3.3408
21.28	-3.3413
21.29	-3.3416
21.30	-3.3420
21.31	-3.3424
21.31	-3.3428
21.32	-3.3431
21.32	-3.3435
21.33	-3.3438
21.34	-3.3442
21.35	-3.3444
21.36	-3.3448
21.37	-3.3451
21.38	-3.3454
21.39	-3.3458
21.40	-3.3462
21.40	-3.3465
21.41	-3.3469
21.42	-3.3471
21.43	-3.3475
21.44	-3.3479
21.45	-3.3482
21.46	-3.3486
21.47	-3.3490
21.47	-3.3495
21.48	-3.3500
21.49	-3.3506
21.50	-3.3509
21.50	-3.3513
21.51	-3.3517
21.52	-3.3521
21.53	-3.3524
21.54	-3.3527
21.55	-3.3531
21.55	-3.3534
21.56	-3.3536
21.57	-3.3539
21.58	-3.3544
21.59	-3.3547
21.60	-3.3551
21.60	-3.3554
21.61	-3.3557
21.62	-3.3560
21.63	-3.3562
21.63	-3.3565
21.65	-3.3567
21.65	-3.3570
21.66	-3.3573
21.67	-3.3575
21.68	-3.3579
21.69	-3.3581
21.70	-3.3584
21.70	-3.3586
21.70	-3.3588
21.72	-3.3591
21.73	-3.3593
21.73	-3.3596
21.73	-3.3598
21.75	-3.3600
21.76	-3.3602
21.77	-3.3604
21.78	-3.3605
21.78	-3.3607
21.79	-3.3609
21.80	-3.3609
21.81	-3.3612
21.82	-3.3614
21.83	-3.3617
21.84	-3.3621
21.84	-3.3622
21.85	-3.3624
21.86	-3.3626
21.87	-3.3628
21.88	-3.3629
21.88	-3.3632
21.89	-3.3635
21.90	-3.3637
21.91	-3.3639
21.92	-3.3641
21.93	-3.3644
21.94	-3.3646
21.94	-3.3648
21.95	-3.3652
21.97	-3.3655
21.97	-3.3658
21.98	-3.3662
21.99	-3.3666
22.00	-3.3669
22.00	-3.3673
22.01	-3.3676
22.01	-3.3678
22.02	-3.3682
22.03	-3.3686
22.05	-3.3690
22.05	-3.3695
22.06	-3.3700
22.07	-3.3703
22.07	-3.3708
22.08	-3.3713
22.09	-3.3718
22.09	-3.3722
22.10	-3.3726
22.12	-3.3731
22.13	-3.3736
22.14	-3.3740
22.15	-3.3746
22.15	-3.3750
22.16	-3.3755
22.16	-3.3758
22.17	-3.3763
22.18	-3.3767
22.20	-3.3771
22.20	-3.3775
22.21	-3.3779
22.22	-3.3784
22.23	-3.3789
22.24	-3.3795
22.24	-3.3800
22.25	-3.3805
22.25	-3.3810
22.27	-3.3813
22.28	-3.3817
22.28	-3.3821
22.29	-3.3825
22.30	-3.3829
22.31	-3.3832
22.32	-3.3838
22.33	-3.3841
22.33	-3.3845
22.34	-3.3850
22.35	-3.3853
22.36	-3.3858
22.37	-3.3862
22.38	-3.3865
22.38	-3.3870
22.39	-3.3874
22.40	-3.3879
22.41	-3.3881
22.42	-3.3886
22.43	-3.3888
22.43	-3.3892
22.44	-3.3896
22.45	-3.3899
22.46	-3.3904
22.46	-3.3908
22.47	-3.3911
22.48	-3.3916
22.49	-3.3918
22.50	-3.3922
22.50	-3.3925
22.52	-3.3929
22.53	-3.3933
22.53	-3.3936
22.54	-3.3939
22.55	-3.3944
22.55	-3.3947
22.56	-3.3949
22.57	-3.3953
22.58	-3.3957
22.59	-3.3960
22.59	-3.3965
22.60	-3.3969
22.61	-3.3972
22.62	-3.3976
22.63	-3.3978
22.63	-3.3983
22.64	-3.3986
22.65	-3.3990
22.66	-3.3993
22.67	-3.3997
22.68	-3.4002
22.68	-3.4004
22.70	-3.4008
22.70	-3.4012
22.71	-3.4015
22.72	-3.4019
22.72	-3.4022
22.73	-3.4024
22.75	-3.4028
22.75	-3.4031
22.76	-3.4034
22.77	-3.4036
22.78	-3.4039
22.79	-3.4043
22.80	-3.4046
22.80	-3.4050
22.81	-3.4054
22.82	-3.4058
22.83	-3.4060
22.84	-3.4064
22.85	-3.4067
22.85	-3.4070
22.86	-3.4072
22.87	-3.4076
22.88	-3.4081
22.88	-3.4085
22.89	-3.4091
22.90	-3.4095
22.91	-3.4098
22.92	-3.4101
22.93	-3.4105
22.94	-3.4109
22.95	-3.4111
22.95	-3.4112
22.96	-3.4114
22.97	-3.4116
22.98	-3.4118
22.98	-3.4120
22.99	-3.4121
23.00	-3.4123
23.02	-3.4123
23.02	-3.4126
23.03	-3.4129
23.04	-3.4131
23.04	-3.4132
23.05	-3.4134
23.06	-3.4136
23.07	-3.4137
23.07	-3.4138
23.08	-3.4140
23.09	-3.4143
23.10	-3.4143
23.11	-3.4146
23.12	-3.4147
23.13	-3.4149
23.14	-3.4151
23.15	-3.4152
23.15	-3.4154
23.16	-3.4155
23.17	-3.4157
23.18	-3.4158
23.19	-3.4161
23.20	-3.4162
23.21	-3.4164
23.22	-3.4165
23.22	-3.4168
23.23	-3.4170
23.23	-3.4172
23.25	-3.4174
23.25	-3.4176
23.26	-3.4179
23.27	-3.4182
23.28	-3.4184
23.29	-3.4186
23.30	-3.4188
23.30	-3.4191
23.31	-3.4194
23.32	-3.4199
23.33	-3.4202
23.34	-3.4206
23.34	-3.4208
23.35	-3.4211
23.36	-3.4214
23.37	-3.4217
23.38	-3.4220
23.39	-3.4224
23.40	-3.4228
23.41	-3.4231
23.41	-3.4234
23.42	-3.4238
23.43	-3.4243
23.43	-3.4245
23.44	-3.4248
23.45	-3.4250
23.46	-3.4254
23.47	-3.4256
23.48	-3.4260
23.48	-3.4262
23.49	-3.4265
23.50	-3.4269
23.51	-3.4273
23.52	-3.4277
23.53	-3.4283
23.53	-3.4286
23.54	-3.4290
23.55	-3.4294
23.55	-3.4298
23.56	-3.4302
23.57	-3.4305
23.59	-3.4309
23.59	-3.4313
23.60	-3.4316
23.61	-3.4320
23.62	-3.4325
23.62	-3.4329
23.63	-3.4332
23.64	-3.4336
23.65	-3.4339
23.65	-3.4343
23.66	-3.4348
23.68	-3.4352
23.68	-3.4356
23.69	-3.4361
23.70	-3.4365
23.71	-3.4371
23.72	-3.4375
23.73	-3.4378
23.73	-3.4382
23.74	-3.4386
23.75	-3.4390
23.76	-3.4394
23.77	-3.4398
23.78	-3.4404
23.78	-3.4408
23.79	-3.4412
23.80	-3.4417
23.80	-3.4420
23.81	-3.4425
23.82	-3.4430
23.83	-3.4435
23.84	-3.4439
23.85	-3.4444
23.86	-3.4449
23.87	-3.4453
23.88	-3.4457
23.89	-3.4461
23.90	-3.4466
23.90	-3.4470
23.91	-3.4474
23.91	-3.4478
23.92	-3.4480
23.93	-3.4486
23.94	-3.4489
23.95	-3.4493
23.95	-3.4496
23.96	-3.4500
23.97	-3.4503
23.98	-3.4505
23.99	-3.4509
24.00	-3.4514
24.01	-3.4518
24.02	-3.4522
24.02	-3.4526
24.03	-3.4529
24.04	-3.4532
24.05	-3.4535
24.06	-3.4539
24.07	-3.4543
24.07	-3.4547
24.08	-3.4550
24.09	-3.4554
24.10	-3.4558
24.10	-3.4561
24.11	-3.4565
24.12	-3.4568
24.13	-3.4572
24.14	-3.4575
24.15	-3.4579
24.16	-3.4585
24.17	-3.4589
24.18	-3.4593
24.18	-3.4597
24.19	-3.4600
24.20	-3.4603
24.20	-3.4606
24.21	-3.4611
24.22	-3.4616
24.23	-3.4619
24.24	-3.4624
24.25	-3.4629
24.25	-3.4633
24.26	-3.4637
24.27	-3.4642
24.28	-3.4646
24.29	-3.4650
24.30	-3.4655
24.30	-3.4659
24.31	-3.4665
24.32	-3.4671
24.32	-3.4676
24.33	-3.4679
24.34	-3.4683
24.35	-3.4686
24.36	-3.4688
24.36	-3.4692
24.38	-3.4695
24.38	-3.4698
24.39	-3.4702
24.40	-3.4704
24.41	-3.4707
24.42	-3.4710
24.43	-3.4713
24.43	-3.4716
24.44	-3.4719
24.45	-3.4721
24.46	-3.4724
24.47	-3.4727
24.48	-3.4729
24.48	-3.4732
24.50	-3.4733
24.50	-3.4735
24.51	-3.4738
24.52	-3.4739
24.53	-3.4741
24.53	-3.4743
24.55	-3.4744
24.55	-3.4747
24.56	-3.4750
24.57	-3.4751
24.58	-3.4753
24.58	-3.4754
24.59	-3.4756
24.60	-3.4758
24.61	-3.4760
24.62	-3.4762
24.63	-3.4764
24.63	-3.4766
24.64	-3.4769
24.65	-3.4772
24.66	-3.4775
24.67	-3.4777
24.68	-3.4779
24.68	-3.4782
24.70	-3.4785
24.70	-3.4790
24.71	-3.4793
24.72	-3.4796
24.73	-3.4798
24.73	-3.4801
24.75	-3.4805
24.75	-3.4808
24.76	-3.4811
24.77	-3.4815
24.78	-3.4818
24.78	-3.4821
24.79	-3.4825
24.80	-3.4830
24.81	-3.4834
24.82	-3.4838
24.82	-3.4841
24.83	-3.4846
24.84	-3.4850
24.85	-3.4853
24.86	-3.4857
24.87	-3.4860
24.88	-3.4863
24.89	-3.4867
24.90	-3.4871
24.90	-3.4876
24.91	-3.4879
24.92	-3.4882
24.92	-3.4885
24.93	-3.4888
24.94	-3.4892
24.95	-3.4895
24.96	-3.4899
24.97	-3.4901
24.98	-3.4903
24.99	-3.4906
24.99	-3.4909
25.00	-3.4913
25.02	-3.4915
25.02	-3.4917
25.03	-3.4918
25.03	-3.4920
25.05	-3.4922
25.05	-3.4923
25.06	-3.4923
25.07	-3.4924
25.07	-3.4924
25.08	-3.4925
25.09	-3.4926
25.10	-3.4927
25.11	-3.4927
25.12	-3.4928
25.12	-3.4928
25.13	-3.4928
25.14	-3.4927
25.15	-3.4926
25.16	-3.4924
25.17	-3.4923
25.18	-3.4921
25.18	-3.4918
25.19	-3.4915
25.20	-3.4913
25.20	-3.4910
25.21	-3.4907
25.22	-3.4904
25.23	-3.4900
25.24	-3.4897
25.25	-3.4892
25.26	-3.4888
25.27	-3.4883
25.28	-3.4879
25.28	-3.4872
25.29	-3.4867
25.30	-3.4860
25.31	-3.4853
25.31	-3.4847
25.32	-3.4840
25.33	-3.4833
25.34	-3.4824
25.34	-3.4816
25.35	-3.4808
25.36	-3.4798
25.37	-3.4788
25.38	-3.4779
25.39	-3.4770
25.40	-3.4761
25.40	-3.4751
25.41	-3.4741
25.42	-3.4729
25.43	-3.4718
25.44	-3.4707
25.45	-3.4694
25.45	-3.4682
25.47	-3.4667
25.48	-3.4656
25.48	-3.4643
25.49	-3.4629
25.50	-3.4614
25.50	-3.4600
25.52	-3.4586
25.52	-3.4571
25.53	-3.4557
25.53	-3.4540
25.55	-3.4526
25.55	-3.4510
25.56	-3.4496
25.57	-3.4479
25.57	-3.4463
25.58	-3.4447
25.59	-3.4430
25.59	-3.4414
25.61	-3.4398
25.62	-3.4381
25.63	-3.4363
25.64	-3.4346
25.64	-3.4329
25.65	-3.4310
25.66	-3.4293
25.67	-3.4275
25.68	-3.4257
25.69	-3.4238
25.70	-3.4221
25.70	-3.4203
25.71	-3.4184
25.72	-3.4165
25.73	-3.4147
25.74	-3.4128
25.74	-3.4110
25.75	-3.4092
25.76	-3.4072
25.77	-3.4054
25.78	-3.4034
25.78	-3.4015
25.80	-3.3996
25.80	-3.3977
25.81	-3.3957
25.82	-3.3937
25.82	-3.3917
25.84	-3.3897
25.84	-3.3877
25.85	-3.3858
25.86	-3.3835
25.87	-3.3815
25.88	-3.3795
25.89	-3.3775
25.90	-3.3755
25.90	-3.3734
25.91	-3.3713
25.92	-3.3693
25.92	-3.3674
25.93	-3.3653
25.95	-3.3633
25.95	-3.3614
25.96	-3.3592
25.97	-3.3572
25.98	-3.3551
25.98	-3.3530
25.99	-3.3509
26.00	-3.3489
26.01	-3.3469
26.02	-3.3449
26.03	-3.3430
26.04	-3.3410
26.05	-3.3390
26.05	-3.3372
26.06	-3.3353
26.07	-3.3334
26.08	-3.3316
26.08	-3.3296
26.09	-3.3277
26.10	-3.3259
26.11	-3.3239
26.12	-3.3221
26.13	-3.3203
26.13	-3.3185
26.14	-3.3167
26.15	-3.3152
26.15	-3.3136
26.17	-3.3119
26.18	-3.3103
26.18	-3.3086
26.19	-3.3071
26.20	-3.3055
26.21	-3.3040
26.22	-3.3025
26.22	-3.3010
26.23	-3.2995
26.24	-3.2981
26.25	-3.2967
26.25	-3.2952
26.27	-3.2937
26.28	-3.2924
26.28	-3.2910
26.29	-3.2896
26.30	-3.2883
26.30	-3.2869
26.31	-3.2857
26.33	-3.2844
26.34	-3.2832
26.35	-3.2818
26.35	-3.2807
26.36	-3.2794
26.37	-3.2783
26.38	-3.2770
26.38	-3.2760
26.39	-3.2749
26.40	-3.2737
26.41	-3.2726
26.42	-3.2715
26.43	-3.2702
26.43	-3.2691
26.44	-3.2680
26.45	-3.2668
26.45	-3.2658
26.46	-3.2646
26.48	-3.2635
26.48	-3.2625
26.49	-3.2614
26.50	-3.2603
26.51	-3.2593
26.52	-3.2582
26.53	-3.2571
26.53	-3.2561
26.54	-3.2550
26.55	-3.2541
26.56	-3.2531
26.57	-3.2521
26.57	-3.2512
26.58	-3.2502
26.59	-3.2494
26.59	-3.2483
26.60	-3.2474
26.61	-3.2464
26.62	-3.2454
26.63	-3.2445
26.64	-3.2435
26.65	-3.2428
26.66	-3.2419
26.66	-3.2412
26.68	-3.2404
26.68	-3.2393
26.69	-3.2386
26.70	-3.2377
26.71	-3.2368
26.72	-3.2360
26.73	-3.2351
26.73	-3.2343
26.74	-3.2333
26.75	-3.2325
26.75	-3.2315
26.76	-3.2307
26.77	-3.2299
26.78	-3.2291
26.79	-3.2283
26.80	-3.2275
26.81	-3.2265
26.81	-3.2258
26.82	-3.2252
26.83	-3.2243
26.84	-3.2237
26.84	-3.2230
26.85	-3.2222
26.87	-3.2215
26.88	-3.2207
26.88	-3.2200
26.89	-3.2192
26.90	-3.2186
26.91	-3.2179
26.92	-3.2173
26.92	-3.2166
26.93	-3.2158
26.94	-3.2152
26.95	-3.2145
26.96	-3.2137
26.96	-3.2131
26.97	-3.2125
26.98	-3.2118
26.99	-3.2112
27.00	-3.2106
27.00	-3.2099
27.01	-3.2093
27.02	-3.2087
27.03	-3.2080
27.03	-3.2073
27.04	-3.2067
27.05	-3.2061
27.06	-3.2054
27.07	-3.2049
27.07	-3.2042
27.08	-3.2036
27.09	-3.2029
27.10	-3.2023
27.11	-3.2017
27.12	-3.2012
27.12	-3.2005
27.13	-3.1998
27.14	-3.1992
27.15	-3.1986
27.16	-3.1980
27.17	-3.1974
27.18	-3.1968
27.18	-3.1962
27.19	-3.1958
27.20	-3.1952
27.21	-3.1948
27.21	-3.1942
27.23	-3.1937
27.23	-3.1930
27.24	-3.1923
27.25	-3.1917
27.26	-3.1910
27.27	-3.1903
27.28	-3.1896
27.28	-3.1890
27.29	-3.1884
27.30	-3.1878
27.31	-3.1871
27.31	-3.1865
27.32	-3.1858
27.33	-3.1851
27.34	-3.1844
27.35	-3.1837
27.36	-3.1829
27.37	-3.1822
27.37	-3.1815
27.38	-3.1809
27.39	-3.1802
27.40	-3.1796
27.41	-3.1790
27.42	-3.1781
27.43	-3.1774
27.44	-3.1768
27.44	-3.1761
27.45	-3.1754
27.45	-3.1748
27.47	-3.1743
27.48	-3.1735
27.49	-3.1728
27.50	-3.1723
27.50	-3.1716
27.51	-3.1709
27.52	-3.1702
27.53	-3.1695
27.53	-3.1688
27.54	-3.1682
27.55	-3.1674
27.56	-3.1667
27.57	-3.1661
27.57	-3.1655
27.58	-3.1649
27.59	-3.1644
27.60	-3.1638
27.61	-3.1632
27.62	-3.1627
27.63	-3.1622
27.63	-3.1616
27.64	-3.1610
27.65	-3.1604
27.66	-3.1598
27.67	-3.1591
27.68	-3.1585
27.69	-3.1580
27.70	-3.1574
27.70	-3.1569
27.71	-3.1563
27.72	-3.1558
27.73	-3.1553
27.73	-3.1547
27.75	-3.1543
27.75	-3.1536
27.76	-3.1531
27.77	-3.1524
27.78	-3.1519
27.79	-3.1514
27.79	-3.1510
27.80	-3.1505
27.81	-3.1501
27.82	-3.1495
27.82	-3.1490
27.83	-3.1485
27.84	-3.1481
27.85	-3.1476
27.86	-3.1471
27.87	-3.1465
27.88	-3.1460
27.88	-3.1457
27.89	-3.1451
27.90	-3.1447
27.90	-3.1443
27.91	-3.1438
27.92	-3.1432
27.93	-3.1428
27.93	-3.1422
27.93	-3.1418
27.93	-3.1413
27.93	-3.1409
27.96	-3.1404
27.98	-3.1400
27.99	-3.1395
28.00	-3.1391
28.00	-3.1386
28.01	-3.1382
28.03	-3.1376
28.04	-3.1370
28.05	-3.1365
28.05	-3.1359
28.06	-3.1355
28.07	-3.1349
28.07	-3.1343
28.08	-3.1339
28.09	-3.1334
28.09	-3.1328
28.10	-3.1322
28.11	-3.1317
28.12	-3.1312
28.13	-3.1307
28.14	-3.1302
28.15	-3.1297
28.15	-3.1292
28.17	-3.1286
28.18	-3.1281
28.19	-3.1274
28.19	-3.1269
28.20	-3.1264
28.20	-3.1258
28.22	-3.1253
28.22	-3.1245
28.23	-3.1241
28.24	-3.1234
28.25	-3.1228
28.25	-3.1222
28.27	-3.1215
28.28	-3.1209
28.28	-3.1203
28.29	-3.1196
28.30	-3.1190
28.31	-3.1185
28.32	-3.1180
28.32	-3.1174
28.33	-3.1169
28.34	-3.1163
28.34	-3.1157
28.35	-3.1150
28.37	-3.1144
28.37	-3.1137
28.38	-3.1131
28.39	-3.1124
28.40	-3.1117
28.41	-3.1110
28.42	-3.1105
28.43	-3.1098
28.43	-3.1093
28.44	-3.1086
28.45	-3.1081
28.46	-3.1074
28.47	-3.1068
28.48	-3.1062
28.48	-3.1055
28.49	-3.1049
28.50	-3.1044
28.51	-3.1038
28.52	-3.1032
28.53	-3.1026
28.53	-3.1020
28.54	-3.1015
28.55	-3.1009
28.56	-3.1005
28.57	-3.1000
28.57	-3.0993
28.58	-3.0986
28.59	-3.0981
28.59	-3.0976
28.60	-3.0970
28.62	-3.0965
28.63	-3.0959
28.63	-3.0952
28.64	-3.0946
28.65	-3.0940
28.66	-3.0933
28.67	-3.0929
28.67	-3.0921
28.69	-3.0915
28.70	-3.0911
28.70	-3.0905
28.71	-3.0900
28.71	-3.0894
28.72	-3.0888
28.73	-3.0883
28.73	-3.0876
28.75	-3.0870
28.76	-3.0863
28.77	-3.0855
28.78	-3.0847
28.78	-3.0840
28.79	-3.0832
28.79	-3.0824
28.80	-3.0817
28.81	-3.0810
28.82	-3.0802
28.83	-3.0794
28.83	-3.0785
28.84	-3.0777
28.85	-3.0769
28.86	-3.0761
28.87	-3.0755
28.88	-3.0746
28.89	-3.0739
28.90	-3.0730
28.90	-3.0721
28.91	-3.0712
28.92	-3.0705
28.93	-3.0696
28.94	-3.0688
28.95	-3.0679
28.95	-3.0672
28.95	-3.0663
28.96	-3.0655
28.98	-3.0645
28.99	-3.0636
29.00	-3.0627
29.00	-3.0619
29.01	-3.0611
29.02	-3.0601
29.03	-3.0593
29.04	-3.0585
29.05	-3.0577
29.05	-3.0569
29.06	-3.0562
29.07	-3.0553
29.07	-3.0544
29.09	-3.0537
29.09	-3.0528
29.10	-3.0521
29.11	-3.0513
29.12	-3.0507
29.13	-3.0498
29.14	-3.0491
29.15	-3.0484
29.15	-3.0476
29.16	-3.0469
29.18	-3.0462
29.18	-3.0455
29.18	-3.0447
29.19	-3.0439
29.20	-3.0432
29.21	-3.0425
29.23	-3.0419
29.23	-3.0409
29.24	-3.0402
29.25	-3.0394
29.25	-3.0385
29.26	-3.0377
29.27	-3.0370
29.28	-3.0362
29.29	-3.0353
29.30	-3.0345
29.30	-3.0338
29.31	-3.0331
29.32	-3.0324
29.33	-3.0316
29.34	-3.0309
29.35	-3.0303
29.36	-3.0294
29.37	-3.0287
29.37	-3.0280
29.38	-3.0272
29.39	-3.0264
29.40	-3.0257
29.40	-3.0249
29.41	-3.0240
29.42	-3.0233
29.43	-3.0225
29.44	-3.0218
29.45	-3.0209
29.46	-3.0202
29.47	-3.0195
29.48	-3.0187
29.48	-3.0179
29.49	-3.0172
29.50	-3.0164
29.50	-3.0155
29.51	-3.0148
29.53	-3.0140
29.53	-3.0132
29.54	-3.0125
29.55	-3.0117
29.55	-3.0110
29.57	-3.0101
29.57	-3.0094
29.58	-3.0085
29.59	-3.0078
29.59	-3.0070
29.60	-3.0061
29.61	-3.0053
29.62	-3.0045
29.63	-3.0036
29.63	-3.0028
29.65	-3.0021
29.65	-3.0013
29.66	-3.0005
29.67	-2.9997
29.67	-2.9989
29.68	-2.9981
29.69	-2.9972
29.70	-2.9964
29.72	-2.9954
29.72	-2.9947
29.73	-2.9938
29.74	-2.9930
29.75	-2.9922
29.75	-2.9912
29.76	-2.9905
29.77	-2.9896
29.78	-2.9887
29.78	-2.9879
29.80	-2.9870
29.80	-2.9862
29.81	-2.9851
29.82	-2.9843
29.82	-2.9833
29.83	-2.9825
29.84	-2.9816
29.85	-2.9807
29.86	-2.9799
29.87	-2.9789
29.88	-2.9781
29.89	-2.9773
29.90	-2.9764
29.90	-2.9755
29.91	-2.9746
29.92	-2.9736
29.93	-2.9726
29.93	-2.9717
29.94	-2.9708
29.95	-2.9700
29.96	-2.9689
29.97	-2.9680
29.98	-2.9672
29.98	-2.9661
29.99	-2.9652
30.00	-2.9642
30.00	-2.9632
30.02	-2.9624
30.03	-2.9615
30.03	-2.9605
30.05	-2.9598
30.05	-2.9589
30.06	-2.9581
30.07	-2.9572
30.07	-2.9563
30.08	-2.9556
30.09	-2.9546
30.10	-2.9537
30.11	-2.9527
30.12	-2.9519
30.13	-2.9509
30.13	-2.9500
30.14	-2.9492
30.15	-2.9482
30.16	-2.9472
30.17	-2.9462
30.18	-2.9453
30.18	-2.9446
30.20	-2.9438
30.20	-2.9431
30.21	-2.9422
30.22	-2.9412
30.22	-2.9403
30.24	-2.9394
30.25	-2.9384
30.25	-2.9375
30.25	-2.9365
30.26	-2.9353
30.27	-2.9343
30.28	-2.9331
30.29	-2.9320
30.30	-2.9308
30.31	-2.9296
30.32	-2.9285
30.33	-2.9273
30.34	-2.9262
30.34	-2.9252
30.34	-2.9239
30.35	-2.9226
30.37	-2.9214
30.37	-2.9203
30.38	-2.9191
30.40	-2.9178
30.40	-2.9165
30.41	-2.9153
30.42	-2.9141
30.43	-2.9129
30.44	-2.9116
30.44	-2.9102
30.45	-2.9090
30.46	-2.9077
30.47	-2.9064
30.48	-2.9051
30.49	-2.9039
30.49	-2.9026
30.50	-2.9014
30.51	-2.9000
30.52	-2.8989
30.53	-2.8977
30.54	-2.8966
30.55	-2.8955
30.55	-2.8943
30.56	-2.8933
30.57	-2.8921
30.57	-2.8911
30.58	-2.8900
30.59	-2.8889
30.59	-2.8877
30.61	-2.8868
30.62	-2.8857
30.62	-2.8847
30.63	-2.8837
30.63	-2.8826
30.65	-2.8815
30.65	-2.8804
30.66	-2.8793
30.67	-2.8782
30.68	-2.8771
30.69	-2.8761
30.70	-2.8750
30.70	-2.8740
30.72	-2.8731
30.73	-2.8721
30.73	-2.8711
30.74	-2.8700
30.75	-2.8689
30.76	-2.8679
30.77	-2.8670
30.77	-2.8659
30.78	-2.8649
30.79	-2.8636
30.80	-2.8626
30.80	-2.8617
30.81	-2.8606
30.82	-2.8597
30.83	-2.8584
30.84	-2.8573
30.85	-2.8563
30.85	-2.8552
30.86	-2.8542
30.88	-2.8532
30.88	-2.8522
30.89	-2.8513
30.90	-2.8502
30.90	-2.8492
30.92	-2.8483
30.93	-2.8472
30.93	-2.8460
30.94	-2.8449
30.95	-2.8440
30.95	-2.8430
30.96	-2.8420
30.97	-2.8410
30.98	-2.8399
30.99	-2.8389
31.00	-2.8377
31.01	-2.8367
31.01	-2.8357
31.02	-2.8346
31.03	-2.8336
31.04	-2.8324
31.05	-2.8313
31.05	-2.8303
31.07	-2.8292
31.07	-2.8280
31.08	-2.8269
31.09	-2.8258
31.10	-2.8247
31.10	-2.8236
31.11	-2.8224
31.12	-2.8212
31.13	-2.8201
31.14	-2.8190
31.15	-2.8179
31.15	-2.8168
31.17	-2.8156
31.17	-2.8145
31.18	-2.8134
31.19	-2.8122
31.20	-2.8111
31.20	-2.8099
31.21	-2.8088
31.22	-2.8076
31.23	-2.8065
31.24	-2.8054
31.25	-2.8041
31.26	-2.8029
31.27	-2.8018
31.27	-2.8006
31.28	-2.7993
31.29	-2.7981
31.30	-2.7968
31.30	-2.7956
31.31	-2.7943
31.32	-2.7929
31.33	-2.7917
31.34	-2.7905
31.35	-2.7892
31.36	-2.7881
31.37	-2.7869
31.38	-2.7856
31.38	-2.7845
31.39	-2.7832
31.40	-2.7820
31.40	-2.7806
31.41	-2.7793
31.42	-2.7781
31.43	-2.7769
31.44	-2.7755
31.44	-2.7743
31.45	-2.7731
31.46	-2.7718
31.47	-2.7706
31.48	-2.7694
31.49	-2.7683
31.49	-2.7671
31.50	-2.7659
31.51	-2.7646
31.52	-2.7633
31.53	-2.7620
31.53	-2.7608
31.54	-2.7594
31.55	-2.7582
31.56	-2.7570
31.57	-2.7557
31.57	-2.7544
31.58	-2.7531
31.59	-2.7517
31.60	-2.7505
31.60	-2.7493
31.62	-2.7481
31.63	-2.7469
31.63	-2.7455
31.64	-2.7444
31.65	-2.7431
31.66	-2.7418
31.67	-2.7407
31.68	-2.7393
31.68	-2.7381
31.69	-2.7368
31.70	-2.7356
31.71	-2.7343
31.71	-2.7330
31.73	-2.7318
31.73	-2.7304
31.74	-2.7292
31.75	-2.7277
31.76	-2.7264
31.77	-2.7252
31.78	-2.7239
31.78	-2.7224
31.79	-2.7212
31.80	-2.7198
31.81	-2.7185
31.82	-2.7172
31.82	-2.7157
31.84	-2.7144
31.85	-2.7129
31.85	-2.7116
31.86	-2.7101
31.87	-2.7087
31.88	-2.7073
31.89	-2.7058
31.89	-2.7043
31.90	-2.7027
31.91	-2.7013
31.92	-2.6998
31.93	-2.6983
31.93	-2.6969
31.95	-2.6953
31.95	-2.6938
31.96	-2.6923
31.97	-2.6908
31.98	-2.6894
31.99	-2.6878
31.99	-2.6863
32.00	-2.6848
32.01	-2.6833
32.02	-2.6818
32.03	-2.6803
32.04	-2.6789
32.04	-2.6774
32.05	-2.6759
32.06	-2.6744
32.07	-2.6729
32.08	-2.6715
32.08	-2.6698
32.09	-2.6684
32.10	-2.6668
32.11	-2.6654
32.12	-2.6638
32.13	-2.6624
32.14	-2.6609
32.15	-2.6594
32.16	-2.6579
32.16	-2.6563
32.17	-2.6548
32.18	-2.6533
32.19	-2.6519
32.19	-2.6505
32.20	-2.6490
32.21	-2.6476
32.22	-2.6463
32.23	-2.6449
32.23	-2.6435
32.24	-2.6420
32.25	-2.6407
32.26	-2.6392
32.27	-2.6378
32.27	-2.6365
32.28	-2.6350
32.29	-2.6337
32.30	-2.6322
32.31	-2.6308
32.32	-2.6293
32.33	-2.6280
32.33	-2.6266
32.34	-2.6251
32.35	-2.6236
32.35	-2.6222
32.37	-2.6207
32.37	-2.6192
32.38	-2.6177
32.39	-2.6163
32.40	-2.6150
32.41	-2.6136
32.42	-2.6121
32.42	-2.6107
32.43	-2.6094
32.44	-2.6078
32.45	-2.6064
32.45	-2.6050
32.47	-2.6036
32.48	-2.6021
32.48	-2.6008
32.49	-2.5994
32.49	-2.5979
32.50	-2.5966
32.52	-2.5951
32.52	-2.5936
32.53	-2.5922
32.54	-2.5907
32.55	-2.5892
32.56	-2.5877
32.57	-2.5863
32.58	-2.5849
32.58	-2.5833
32.59	-2.5820
32.60	-2.5805
32.61	-2.5791
32.62	-2.5775
32.63	-2.5760
32.63	-2.5746
32.64	-2.5731
32.65	-2.5714
32.65	-2.5700
32.66	-2.5686
32.67	-2.5671
32.68	-2.5655
32.69	-2.5640
32.70	-2.5626
32.71	-2.5612
32.72	-2.5598
32.73	-2.5582
32.73	-2.5567
32.74	-2.5552
32.74	-2.5537
32.75	-2.5522
32.76	-2.5507
32.77	-2.5492
32.78	-2.5477
32.79	-2.5461
32.80	-2.5446
32.80	-2.5430
32.81	-2.5416
32.82	-2.5401
32.83	-2.5385
32.84	-2.5369
32.85	-2.5356
32.86	-2.5341
32.87	-2.5326
32.88	-2.5311
32.88	-2.5297
32.89	-2.5282
32.90	-2.5266
32.90	-2.5251
32.92	-2.5237
32.92	-2.5222
32.93	-2.5206
32.94	-2.5190
32.95	-2.5175
32.96	-2.5159
32.96	-2.5142
32.98	-2.5127
32.98	-2.5111
32.99	-2.5095
33.00	-2.5080
33.01	-2.5064
33.02	-2.5049
33.02	-2.5033
33.03	-2.5019
33.04	-2.5005
33.05	-2.4991
33.05	-2.4976
33.06	-2.4963
33.08	-2.4947
33.08	-2.4933
33.09	-2.4917
33.09	-2.4902
33.10	-2.4889
33.11	-2.4874
33.12	-2.4860
33.13	-2.4845
33.14	-2.4831
33.15	-2.4817
33.15	-2.4802
33.16	-2.4788
33.17	-2.4774
33.18	-2.4760
33.19	-2.4744
33.20	-2.4729
33.20	-2.4715
33.21	-2.4701
33.22	-2.4687
33.23	-2.4672
33.23	-2.4658
33.24	-2.4645
33.25	-2.4631
33.26	-2.4618
33.26	-2.4604
33.27	-2.4592
33.28	-2.4578
33.29	-2.4564
33.30	-2.4552
33.31	-2.4537
33.32	-2.4524
33.33	-2.4509
33.33	-2.4495
33.34	-2.4481
33.35	-2.4467
33.36	-2.4452
33.37	-2.4439
33.38	-2.4426
33.38	-2.4411
33.40	-2.4397
33.40	-2.4384
33.40	-2.4369
33.42	-2.4354
33.43	-2.4339
33.44	-2.4325
33.45	-2.4312
33.45	-2.4297
33.46	-2.4283
33.47	-2.4271
33.48	-2.4258
33.49	-2.4245
33.49	-2.4231
33.50	-2.4217
33.52	-2.4203
33.52	-2.4191
33.53	-2.4178
33.54	-2.4165
33.55	-2.4153
33.55	-2.4140
33.57	-2.4128
33.57	-2.4115
33.58	-2.4102
33.58	-2.4091
33.59	-2.4078
33.60	-2.4066
33.61	-2.4054
33.62	-2.4043
33.63	-2.4032
33.64	-2.4021
33.64	-2.4010
33.65	-2.3999
33.66	-2.3988
33.67	-2.3979
33.68	-2.3969
33.69	-2.3959
33.70	-2.3948
33.70	-2.3940
33.71	-2.3931
33.72	-2.3923
33.73	-2.3916
33.74	-2.3907
33.74	-2.3899
33.75	-2.3889
33.76	-2.3881
33.77	-2.3874
33.78	-2.3866
33.79	-2.3859
33.80	-2.3853
33.80	-2.3846
33.81	-2.3839
33.82	-2.3834
33.83	-2.3826
33.84	-2.3821
33.84	-2.3816
33.85	-2.3811
33.86	-2.3805
33.87	-2.3800
33.88	-2.3795
33.89	-2.3791
33.90	-2.3787
33.90	-2.3783
33.91	-2.3779
33.92	-2.3775
33.92	-2.3773
33.93	-2.3769
33.94	-2.3765
33.95	-2.3764
33.96	-2.3762
33.97	-2.3760
33.98	-2.3758
33.99	-2.3757
33.99	-2.3756
34.00	-2.3756
34.01	-2.3755
34.02	-2.3755
34.03	-2.3756
34.04	-2.3756
34.05	-2.3758
34.06	-2.3758
34.06	-2.3760
34.07	-2.3763
34.08	-2.3765
34.09	-2.3767
34.09	-2.3770
34.10	-2.3772
34.11	-2.3775
34.12	-2.3780
34.13	-2.3783
34.13	-2.3787
34.14	-2.3792
34.15	-2.3799
34.15	-2.3806
34.17	-2.3812
34.18	-2.3819
34.19	-2.3827
34.19	-2.3834
34.20	-2.3842
34.21	-2.3853
34.22	-2.3862
34.23	-2.3871
34.23	-2.3881
34.24	-2.3892
34.24	-2.3905
34.26	-2.3917
34.27	-2.3928
34.27	-2.3942
34.28	-2.3957
34.29	-2.3972
34.30	-2.3987
34.31	-2.4002
34.32	-2.4019
34.33	-2.4035
34.33	-2.4053
34.34	-2.4071
34.34	-2.4089
34.36	-2.4109
34.37	-2.4129
34.37	-2.4149
34.38	-2.4170
34.39	-2.4192
34.40	-2.4216
34.41	-2.4239
34.42	-2.4264
34.43	-2.4289
34.43	-2.4315
34.44	-2.4341
34.45	-2.4369
34.45	-2.4396
34.47	-2.4427
34.48	-2.4455
34.48	-2.4486
34.49	-2.4517
34.50	-2.4550
34.51	-2.4584
34.52	-2.4615
34.52	-2.4650
34.53	-2.4685
34.54	-2.4721
34.55	-2.4759
34.56	-2.4797
34.57	-2.4836
34.58	-2.4875
34.58	-2.4916
34.59	-2.4957
34.59	-2.4999
34.60	-2.5041
34.61	-2.5085
34.63	-2.5129
34.63	-2.5177
34.64	-2.5223
34.65	-2.5271
34.65	-2.5320
34.66	-2.5369
34.68	-2.5421
34.68	-2.5473
34.69	-2.5526
34.70	-2.5580
34.71	-2.5635
34.72	-2.5692
34.73	-2.5749
34.73	-2.5809
34.74	-2.5868
34.75	-2.5929
34.76	-2.5991
34.77	-2.6054
34.77	-2.6118
34.78	-2.6183
34.79	-2.6249
34.80	-2.6318
34.81	-2.6385
34.82	-2.6455
34.83	-2.6525
34.83	-2.6599
34.84	-2.6672
34.85	-2.6747
34.86	-2.6823
34.87	-2.6899
34.88	-2.6976
34.88	-2.7053
34.89	-2.7132
34.90	-2.7212
34.91	-2.7293
34.92	-2.7376
34.92	-2.7458
34.93	-2.7542
34.94	-2.7626
34.95	-2.7712
34.96	-2.7798
34.97	-2.7885
34.98	-2.7973
34.99	-2.8060
34.99	-2.8151
35.00	-2.8243
35.01	-2.8334
35.01	-2.8426
35.02	-2.8521
35.03	-2.8615
35.04	-2.8710
35.05	-2.8805
35.05	-2.8901
35.07	-2.8998
35.08	-2.9095
35.08	-2.9194
35.09	-2.9293
35.09	-2.9393
35.10	-2.9492
35.11	-2.9593
35.12	-2.9694
35.13	-2.9797
35.14	-2.9898
35.15	-3.0001
35.16	-3.0105
35.17	-3.0209
35.18	-3.0314
35.18	-3.0418
35.19	-3.0524
35.20	-3.0628
35.21	-3.0733
35.22	-3.0839
35.23	-3.0943
35.23	-3.1047
35.24	-3.1153
35.24	-3.1258
35.25	-3.1364
35.26	-3.1470
35.27	-3.1576
35.28	-3.1682
35.29	-3.1787
35.30	-3.1893
35.31	-3.1997
35.32	-3.2101
35.33	-3.2204
35.33	-3.2306
35.34	-3.2407
35.34	-3.2510
35.35	-3.2612
35.37	-3.2712
35.38	-3.2811
35.39	-3.2911
35.40	-3.3008
35.40	-3.3106
35.40	-3.3202
35.41	-3.3297
35.42	-3.3391
35.43	-3.3485
35.44	-3.3576
35.45	-3.3667
35.46	-3.3758
35.47	-3.3846
35.47	-3.3932
35.48	-3.4019
35.49	-3.4104
35.50	-3.4187
35.51	-3.4268
35.52	-3.4349
35.52	-3.4428
35.53	-3.4505
35.54	-3.4580
35.55	-3.4654
35.56	-3.4727
35.57	-3.4797
35.58	-3.4866
35.58	-3.4932
35.59	-3.4998
35.60	-3.5063
35.60	-3.5125
35.61	-3.5185
35.62	-3.5244
35.63	-3.5301
35.64	-3.5355
35.65	-3.5408
35.66	-3.5459
35.67	-3.5509
35.68	-3.5558
35.68	-3.5603
35.69	-3.5646
35.70	-3.5690
35.71	-3.5730
35.72	-3.5770
35.73	-3.5806
35.74	-3.5842
35.74	-3.5875
35.75	-3.5907
35.76	-3.5938
35.77	-3.5967
35.77	-3.5995
35.78	-3.6021
35.79	-3.6044
35.80	-3.6068
35.80	-3.6088
35.82	-3.6109
35.83	-3.6128
35.83	-3.6146
35.84	-3.6163
35.85	-3.6178
35.86	-3.6192
35.86	-3.6205
35.87	-3.6216
35.88	-3.6226
35.89	-3.6235
35.90	-3.6243
35.90	-3.6250
35.91	-3.6255
35.92	-3.6260
35.93	-3.6264
35.93	-3.6267
35.94	-3.6270
35.95	-3.6273
35.96	-3.6273
35.97	-3.6273
35.98	-3.6273
35.99	-3.6269
35.99	-3.6266
36.00	-3.6263
36.01	-3.6260
36.02	-3.6257
36.03	-3.6252
36.04	-3.6248
36.04	-3.6242
36.05	-3.6237
36.06	-3.6232
36.07	-3.6226
36.08	-3.6219
36.09	-3.6210
36.09	-3.6203
36.10	-3.6196
36.11	-3.6188
36.12	-3.6181
36.13	-3.6173
36.14	-3.6166
36.15	-3.6158
36.15	-3.6148
36.15	-3.6140
36.16	-3.6131
36.18	-3.6122
36.19	-3.6114
36.20	-3.6106
36.20	-3.6098
36.21	-3.6090
36.22	-3.6083
36.23	-3.6076
36.23	-3.6069
36.24	-3.6062
36.25	-3.6054
36.26	-3.6047
36.27	-3.6042
36.28	-3.6034
36.28	-3.6029
36.30	-3.6021
36.30	-3.6016
36.31	-3.6011
36.32	-3.6007
36.33	-3.6001
36.33	-3.5997
36.34	-3.5993
36.35	-3.5989
36.36	-3.5986
36.37	-3.5982
36.37	-3.5980
36.38	-3.5977
36.39	-3.5976
36.40	-3.5975
36.41	-3.5975
36.42	-3.5976
36.43	-3.5976
36.44	-3.5977
36.45	-3.5978
36.45	-3.5978
36.46	-3.5979
36.47	-3.5980
36.48	-3.5981
36.48	-3.5983
36.49	-3.5986
36.50	-3.5989
36.51	-3.5991
36.52	-3.5996
36.52	-3.6000
36.54	-3.6004
36.54	-3.6009
36.55	-3.6013
36.56	-3.6018
36.57	-3.6023
36.58	-3.6028
36.59	-3.6035
36.59	-3.6041
36.60	-3.6048
36.61	-3.6056
36.62	-3.6064
36.63	-3.6071
36.63	-3.6079
36.64	-3.6088
36.65	-3.6097
36.66	-3.6106
36.67	-3.6115
36.68	-3.6124
36.68	-3.6136
36.70	-3.6146
36.70	-3.6157
36.71	-3.6167
36.72	-3.6179
36.73	-3.6192
36.74	-3.6204
36.74	-3.6217
36.76	-3.6230
36.77	-3.6242
36.77	-3.6256
36.78	-3.6268
36.78	-3.6284
36.79	-3.6299
36.80	-3.6315
36.80	-3.6333
36.82	-3.6350
36.83	-3.6367
36.83	-3.6386
36.84	-3.6404
36.85	-3.6421
36.85	-3.6442
36.86	-3.6461
36.87	-3.6482
36.88	-3.6501
36.89	-3.6522
36.90	-3.6542
36.91	-3.6561
36.91	-3.6583
36.92	-3.6603
36.93	-3.6626
36.94	-3.6649
36.95	-3.6672
36.95	-3.6694
36.97	-3.6718
36.98	-3.6742
36.98	-3.6765
36.99	-3.6790
37.00	-3.6813
37.00	-3.6837
37.02	-3.6861
37.02	-3.6887
37.03	-3.6912
37.04	-3.6937
37.05	-3.6961
37.05	-3.6986
37.07	-3.7011
37.08	-3.7037
37.08	-3.7060
37.09	-3.7086
37.10	-3.7111
37.11	-3.7137
37.12	-3.7162
37.13	-3.7188
37.13	-3.7212
37.14	-3.7237
37.15	-3.7262
37.15	-3.7288
37.16	-3.7313
37.18	-3.7337
37.18	-3.7362
37.19	-3.7387
37.20	-3.7412
37.21	-3.7436
37.22	-3.7461
37.23	-3.7485
37.23	-3.7510
37.24	-3.7533
37.25	-3.7557
37.26	-3.7580
37.27	-3.7605
37.27	-3.7628
37.28	-3.7651
37.29	-3.7673
37.30	-3.7697
37.31	-3.7719
37.32	-3.7743
37.33	-3.7763
37.34	-3.7784
37.34	-3.7807
37.35	-3.7828
37.36	-3.7848
37.37	-3.7868
37.38	-3.7888
37.38	-3.7909
37.39	-3.7928
37.40	-3.7949
37.41	-3.7968
37.42	-3.7987
37.43	-3.8006
37.44	-3.8023
37.45	-3.8039
37.45	-3.8059
37.45	-3.8076
37.47	-3.8094
37.48	-3.8112
37.49	-3.8128
37.49	-3.8145
37.50	-3.8161
37.51	-3.8176
37.52	-3.8192
37.52	-3.8208
37.54	-3.8224
37.55	-3.8240
37.55	-3.8255
37.56	-3.8269
37.57	-3.8283
37.58	-3.8297
37.58	-3.8309
37.59	-3.8321
37.60	-3.8335
37.61	-3.8347
37.62	-3.8358
37.63	-3.8370
37.64	-3.8380
37.65	-3.8392
37.65	-3.8402
37.65	-3.8410
37.67	-3.8420
37.68	-3.8429
37.68	-3.8437
37.69	-3.8446
37.71	-3.8454
37.71	-3.8460
37.72	-3.8466
37.73	-3.8473
37.73	-3.8480
37.74	-3.8486
37.74	-3.8491
37.76	-3.8496
37.77	-3.8500
37.77	-3.8504
37.78	-3.8509
37.79	-3.8512
37.80	-3.8514
37.80	-3.8517
37.82	-3.8520
37.83	-3.8521
37.83	-3.8522
37.84	-3.8524
37.84	-3.8524
37.85	-3.8525
37.87	-3.8524
37.87	-3.8525
37.88	-3.8523
37.88	-3.8523
37.90	-3.8521
37.90	-3.8519
37.92	-3.8518
37.92	-3.8515
37.93	-3.8512
37.94	-3.8509
37.95	-3.8504
37.95	-3.8500
37.97	-3.8495
37.98	-3.8490
37.98	-3.8484
37.99	-3.8479
38.00	-3.8474
38.01	-3.8467
38.01	-3.8461
38.02	-3.8454
38.03	-3.8448
38.04	-3.8441
38.05	-3.8434
38.06	-3.8423
38.06	-3.8414
38.07	-3.8404
38.08	-3.8391
38.09	-3.8381
38.09	-3.8370
38.10	-3.8358
38.11	-3.8346
38.12	-3.8333
38.13	-3.8320
38.14	-3.8306
38.15	-3.8293
38.16	-3.8279
38.17	-3.8266
38.18	-3.8253
38.18	-3.8237
38.19	-3.8223
38.20	-3.8208
38.21	-3.8194
38.22	-3.8178
38.23	-3.8162
38.23	-3.8146
38.24	-3.8129
38.25	-3.8111
38.26	-3.8094
38.27	-3.8076
38.27	-3.8059
38.28	-3.8042
38.29	-3.8025
38.30	-3.8007
38.30	-3.7989
38.32	-3.7971
38.33	-3.7952
38.34	-3.7935
38.34	-3.7919
38.35	-3.7900
38.36	-3.7882
38.37	-3.7864
38.38	-3.7845
38.38	-3.7827
38.40	-3.7812
38.40	-3.7796
38.41	-3.7778
38.42	-3.7760
38.43	-3.7742
38.43	-3.7723
38.44	-3.7706
38.45	-3.7689
38.46	-3.7672
38.47	-3.7656
38.48	-3.7640
38.48	-3.7622
38.49	-3.7607
38.50	-3.7592
38.51	-3.7576
38.52	-3.7559
38.52	-3.7545
38.53	-3.7530
38.55	-3.7516
38.55	-3.7501
38.56	-3.7486
38.57	-3.7471
38.58	-3.7456
38.58	-3.7441
38.59	-3.7428
38.60	-3.7414
38.61	-3.7401
38.62	-3.7388
38.63	-3.7377
38.63	-3.7367
38.64	-3.7356
38.65	-3.7344
38.67	-3.7335
38.67	-3.7324
38.68	-3.7315
38.68	-3.7307
38.69	-3.7298
38.70	-3.7289
38.71	-3.7281
38.71	-3.7272
38.72	-3.7265
38.73	-3.7258
38.73	-3.7253
38.75	-3.7247
38.76	-3.7241
38.77	-3.7238
38.77	-3.7233
38.78	-3.7229
38.79	-3.7226
38.80	-3.7223
38.80	-3.7221
38.81	-3.7219
38.82	-3.7218
38.83	-3.7217
38.84	-3.7216
38.85	-3.7217
38.85	-3.7217
38.87	-3.7218
38.88	-3.7221
38.88	-3.7223
38.89	-3.7225
38.90	-3.7227
38.90	-3.7231
38.91	-3.7235
38.92	-3.7239
38.93	-3.7244
38.94	-3.7249
38.95	-3.7255
38.95	-3.7260
38.97	-3.7268
38.98	-3.7273
38.98	-3.7280
38.99	-3.7290
38.99	-3.7298
39.00	-3.7306
39.01	-3.7315
39.02	-3.7326
39.04	-3.7336
39.04	-3.7347
39.05	-3.7356
39.06	-3.7367
39.07	-3.7376
39.07	-3.7388
39.08	-3.7399
39.09	-3.7409
39.09	-3.7420
39.10	-3.7433
39.11	-3.7444
39.12	-3.7457
39.13	-3.7468
39.14	-3.7480
39.15	-3.7493
39.15	-3.7505
39.16	-3.7516
39.18	-3.7529
39.18	-3.7540
39.19	-3.7551
39.20	-3.7562
39.20	-3.7575
39.21	-3.7587
39.22	-3.7598
39.23	-3.7608
39.24	-3.7620
39.24	-3.7631
39.26	-3.7641
39.26	-3.7652
39.27	-3.7663
39.28	-3.7673
39.29	-3.7683
39.30	-3.7693
39.31	-3.7702
39.32	-3.7713
39.33	-3.7720
39.33	-3.7728
39.34	-3.7735
39.35	-3.7743
39.35	-3.7750
39.37	-3.7759
39.37	-3.7765
39.38	-3.7770
39.39	-3.7776
39.40	-3.7782
39.41	-3.7788
39.42	-3.7792
39.42	-3.7795
39.43	-3.7802
39.44	-3.7808
39.44	-3.7812
39.45	-3.7816
39.46	-3.7819
39.47	-3.7822
39.48	-3.7826
39.48	-3.7829
39.49	-3.7830
39.50	-3.7833
39.51	-3.7835
39.52	-3.7837
39.52	-3.7841
39.53	-3.7844
39.54	-3.7845
39.55	-3.7846
39.56	-3.7848
39.57	-3.7848
39.58	-3.7848
39.59	-3.7848
39.59	-3.7848
39.60	-3.7848
39.62	-3.7847
39.63	-3.7847
39.63	-3.7847
39.64	-3.7846
39.65	-3.7846
39.65	-3.7846
39.66	-3.7846
39.67	-3.7846
39.68	-3.7846
39.68	-3.7845
39.70	-3.7843
39.70	-3.7842
39.71	-3.7839
39.72	-3.7837
39.73	-3.7833
39.74	-3.7830
39.74	-3.7827
39.75	-3.7824
39.76	-3.7820
39.77	-3.7817
39.77	-3.7813
39.79	-3.7810
39.80	-3.7806
39.80	-3.7801
39.81	-3.7796
39.82	-3.7791
39.83	-3.7787
39.83	-3.7783
39.84	-3.7778
39.85	-3.7774
39.86	-3.7770
39.87	-3.7765
39.88	-3.7760
39.88	-3.7754
39.89	-3.7749
39.90	-3.7744
39.91	-3.7740
39.92	-3.7735
39.93	-3.7728
39.93	-3.7723
39.94	-3.7719
39.95	-3.7714
39.97	-3.7710
39.98	-3.7706
39.98	-3.7702
39.99	-3.7699
39.99	-3.7694
40.00	-3.7691
40.01	-3.7687
40.02	-3.7684
40.03	-3.7681
40.04	-3.7677
40.05	-3.7673
40.05	-3.7670
40.07	-3.7666
40.08	-3.7663
40.08	-3.7660
40.09	-3.7658
40.10	-3.7655
40.11	-3.7652
40.12	-3.7650
40.12	-3.7647
40.13	-3.7645
40.14	-3.7644
40.15	-3.7642
40.15	-3.7641
40.16	-3.7639
40.18	-3.7637
40.18	-3.7636
40.19	-3.7634
40.20	-3.7635
40.21	-3.7634
40.21	-3.7633
40.22	-3.7632
40.23	-3.7635
40.24	-3.7635
40.24	-3.7635
40.25	-3.7633
40.26	-3.7633
40.27	-3.7633
40.28	-3.7633
40.29	-3.7633
40.30	-3.7633
40.31	-3.7633
40.32	-3.7634
40.33	-3.7635
40.33	-3.7635
40.34	-3.7636
40.34	-3.7636
40.35	-3.7637
40.36	-3.7637
40.37	-3.7637
40.38	-3.7637
40.39	-3.7639
40.40	-3.7640
40.40	-3.7640
40.41	-3.7641
40.42	-3.7641
40.43	-3.7642
40.43	-3.7642
40.45	-3.7642
40.46	-3.7643
40.47	-3.7644
40.47	-3.7645
40.48	-3.7644
40.49	-3.7644
40.49	-3.7647
40.50	-3.7648
40.51	-3.7648
40.52	-3.7649
40.53	-3.7650
40.54	-3.7651
40.55	-3.7651
40.55	-3.7651
40.56	-3.7652
40.57	-3.7652
40.58	-3.7653
40.59	-3.7653
40.59	-3.7654
40.60	-3.7653
40.61	-3.7654
40.62	-3.7654
40.63	-3.7655
40.64	-3.7655
40.64	-3.7656
40.65	-3.7656
40.66	-3.7657
40.67	-3.7658
40.68	-3.7659
40.68	-3.7660
40.69	-3.7660
40.70	-3.7662
40.71	-3.7662
40.72	-3.7662
40.73	-3.7663
40.74	-3.7665
40.74	-3.7666
40.76	-3.7667
40.76	-3.7667
40.77	-3.7668
40.77	-3.7669
40.79	-3.7670
40.79	-3.7670
40.80	-3.7672
40.81	-3.7673
40.82	-3.7674
40.83	-3.7675
40.84	-3.7675
40.84	-3.7675
40.85	-3.7677
40.86	-3.7678
40.87	-3.7681
40.88	-3.7684
40.89	-3.7686
40.90	-3.7688
40.90	-3.7689
40.91	-3.7691
40.92	-3.7692
40.93	-3.7693
40.94	-3.7695
40.94	-3.7696
40.95	-3.7697
40.96	-3.7698
40.97	-3.7699
40.98	-3.7701
40.98	-3.7703
40.99	-3.7704
41.00	-3.7705
41.01	-3.7706
41.02	-3.7707
41.03	-3.7709
41.04	-3.7710
41.05	-3.7713
41.05	-3.7714
41.06	-3.7715
41.07	-3.7716
41.07	-3.7717
41.08	-3.7720
41.09	-3.7721
41.10	-3.7724
41.11	-3.7726
41.12	-3.7727
41.13	-3.7730
41.13	-3.7731
41.14	-3.7733
41.15	-3.7734
41.16	-3.7736
41.17	-3.7738
41.18	-3.7739
41.19	-3.7741
41.19	-3.7744
41.20	-3.7745
41.21	-3.7747
41.22	-3.7749
41.23	-3.7753
41.24	-3.7756
41.24	-3.7758
41.24	-3.7760
41.26	-3.7762
41.27	-3.7763
41.27	-3.7766
41.28	-3.7768
41.29	-3.7772
41.30	-3.7776
41.31	-3.7781
41.32	-3.7782
41.32	-3.7785
41.33	-3.7789
41.34	-3.7791
41.34	-3.7794
41.36	-3.7797
41.36	-3.7798
41.37	-3.7800
41.38	-3.7803
41.40	-3.7807
41.40	-3.7811
41.40	-3.7814
41.41	-3.7817
41.42	-3.7819
41.43	-3.7821
41.44	-3.7826
41.45	-3.7828
41.46	-3.7830
41.47	-3.7833
41.48	-3.7835
41.48	-3.7838
41.49	-3.7839
41.50	-3.7841
41.51	-3.7843
41.52	-3.7846
41.52	-3.7850
41.54	-3.7854
41.54	-3.7857
41.55	-3.7863
41.56	-3.7865
41.57	-3.7868
41.57	-3.7871
41.58	-3.7874
41.59	-3.7876
41.60	-3.7881
41.60	-3.7883
41.61	-3.7888
41.62	-3.7891
41.63	-3.7894
41.64	-3.7897
41.65	-3.7902
41.66	-3.7906
41.67	-3.7909
41.68	-3.7913
41.68	-3.7917
41.69	-3.7922
41.70	-3.7927
41.71	-3.7930
41.72	-3.7934
41.73	-3.7940
41.73	-3.7944
41.74	-3.7949
41.75	-3.7952
41.76	-3.7956
41.77	-3.7961
41.78	-3.7964
41.79	-3.7969
41.80	-3.7973
41.80	-3.7978
41.81	-3.7984
41.82	-3.7990
41.83	-3.7996
41.83	-3.8001
41.84	-3.8007
41.85	-3.8012
41.86	-3.8020
41.87	-3.8026
41.88	-3.8031
41.89	-3.8036
41.89	-3.8042
41.90	-3.8047
41.91	-3.8054
41.92	-3.8060
41.93	-3.8067
41.93	-3.8073
41.95	-3.8080
41.95	-3.8086
41.96	-3.8093
41.97	-3.8099
41.98	-3.8105
41.98	-3.8112
41.99	-3.8117
42.00	-3.8122
42.01	-3.8128
42.02	-3.8134
42.02	-3.8140
42.03	-3.8147
42.05	-3.8155
42.05	-3.8161
42.06	-3.8168
42.07	-3.8176
42.08	-3.8184
42.09	-3.8190
42.09	-3.8198
42.10	-3.8203
42.11	-3.8210
42.12	-3.8216
42.13	-3.8222
42.13	-3.8229
42.14	-3.8236
42.15	-3.8243
42.16	-3.8249
42.16	-3.8255
42.17	-3.8261
42.18	-3.8268
42.19	-3.8274
42.20	-3.8280
42.21	-3.8289
42.21	-3.8295
42.23	-3.8302
42.23	-3.8309
42.24	-3.8316
42.24	-3.8323
42.25	-3.8331
42.26	-3.8338
42.27	-3.8344
42.28	-3.8351
42.29	-3.8357
42.30	-3.8363
42.31	-3.8370
42.32	-3.8376
42.32	-3.8382
42.33	-3.8388
42.34	-3.8395
42.34	-3.8401
42.35	-3.8408
42.36	-3.8414
42.38	-3.8421
42.38	-3.8428
42.39	-3.8434
42.40	-3.8440
42.40	-3.8445
42.41	-3.8450
42.42	-3.8456
42.43	-3.8464
42.44	-3.8470
42.45	-3.8476
42.45	-3.8481
42.46	-3.8487
42.47	-3.8493
42.48	-3.8499
42.49	-3.8507
42.49	-3.8513
42.50	-3.8519
42.51	-3.8525
42.52	-3.8529
42.52	-3.8536
42.54	-3.8539
42.55	-3.8545
42.55	-3.8552
42.56	-3.8558
42.57	-3.8563
42.58	-3.8569
42.59	-3.8575
42.59	-3.8582
42.60	-3.8588
42.61	-3.8594
42.62	-3.8600
42.63	-3.8605
42.64	-3.8611
42.64	-3.8616
42.65	-3.8622
42.66	-3.8627
42.68	-3.8635
42.68	-3.8641
42.69	-3.8647
42.70	-3.8654
42.70	-3.8659
42.71	-3.8665
42.72	-3.8669
42.73	-3.8674
42.74	-3.8680
42.74	-3.8686
42.75	-3.8693
42.76	-3.8700
42.77	-3.8706
42.78	-3.8712
42.78	-3.8718
42.80	-3.8724
42.81	-3.8730
42.82	-3.8734
42.82	-3.8741
42.83	-3.8747
42.84	-3.8754
42.84	-3.8760
42.86	-3.8767
42.86	-3.8772
42.87	-3.8778
42.88	-3.8784
42.89	-3.8790
42.90	-3.8796
42.91	-3.8802
42.92	-3.8810
42.92	-3.8815
42.93	-3.8820
42.94	-3.8827
42.95	-3.8833
42.95	-3.8838
42.96	-3.8845
42.97	-3.8854
42.98	-3.8860
42.98	-3.8866
42.99	-3.8873
43.00	-3.8878
43.01	-3.8883
43.02	-3.8887
43.02	-3.8892
43.03	-3.8898
43.04	-3.8902
43.05	-3.8905
43.06	-3.8910
43.07	-3.8913
43.08	-3.8919
43.08	-3.8923
43.09	-3.8926
43.10	-3.8930
43.11	-3.8935
43.12	-3.8941
43.13	-3.8946
43.13	-3.8949
43.14	-3.8954
43.15	-3.8958
43.15	-3.8962
43.17	-3.8965
43.18	-3.8969
43.18	-3.8972
43.19	-3.8978
43.20	-3.8982
43.21	-3.8984
43.22	-3.8988
43.23	-3.8992
43.24	-3.8994
43.24	-3.8998
43.25	-3.9002
43.26	-3.9007
43.27	-3.9010
43.28	-3.9015
43.29	-3.9018
43.29	-3.9021
43.30	-3.9025
43.31	-3.9028
43.32	-3.9033
43.33	-3.9037
43.34	-3.9042
43.34	-3.9046
43.35	-3.9050
43.36	-3.9057
43.37	-3.9060
43.38	-3.9065
43.38	-3.9069
43.40	-3.9073
43.40	-3.9078
43.41	-3.9081
43.42	-3.9087
43.43	-3.9091
43.44	-3.9098
43.45	-3.9102
43.45	-3.9106
43.46	-3.9111
43.47	-3.9118
43.48	-3.9123
43.48	-3.9129
43.49	-3.9133
43.50	-3.9138
43.52	-3.9143
43.52	-3.9148
43.53	-3.9154
43.53	-3.9159
43.55	-3.9165
43.55	-3.9171
43.56	-3.9179
43.57	-3.9185
43.58	-3.9190
43.59	-3.9196
43.59	-3.9202
43.60	-3.9207
43.62	-3.9212
43.62	-3.9218
43.63	-3.9224
43.63	-3.9230
43.65	-3.9235
43.66	-3.9241
43.67	-3.9247
43.67	-3.9252
43.68	-3.9259
43.68	-3.9265
43.69	-3.9270
43.70	-3.9276
43.71	-3.9282
43.72	-3.9288
43.73	-3.9293
43.74	-3.9298
43.74	-3.9304
43.75	-3.9311
43.76	-3.9316
43.77	-3.9323
43.78	-3.9330
43.79	-3.9335
43.80	-3.9340
43.80	-3.9344
43.81	-3.9350
43.82	-3.9355
43.83	-3.9360
43.84	-3.9364
43.84	-3.9370
43.85	-3.9375
43.87	-3.9379
43.87	-3.9386
43.88	-3.9392
43.88	-3.9398
43.90	-3.9404
43.90	-3.9409
43.91	-3.9414
43.92	-3.9418
43.93	-3.9425
43.93	-3.9430
43.94	-3.9436
43.95	-3.9443
43.96	-3.9448
43.97	-3.9453
43.98	-3.9458
43.98	-3.9463
43.99	-3.9469
44.00	-3.9474
44.00	-3.9481
44.01	-3.9486
44.02	-3.9492
44.03	-3.9497
44.04	-3.9502
44.05	-3.9505
44.06	-3.9509
44.07	-3.9514
44.07	-3.9519
44.08	-3.9524
44.09	-3.9528
44.10	-3.9534
44.10	-3.9539
44.11	-3.9544
44.13	-3.9550
44.13	-3.9553
44.14	-3.9560
44.15	-3.9563
44.16	-3.9567
44.17	-3.9571
44.18	-3.9576
44.18	-3.9579
44.19	-3.9583
44.20	-3.9586
44.21	-3.9591
44.22	-3.9595
44.23	-3.9601
44.23	-3.9604
44.24	-3.9608
44.25	-3.9611
44.26	-3.9615
44.27	-3.9621
44.27	-3.9624
44.28	-3.9628
44.29	-3.9631
44.30	-3.9636
44.31	-3.9638
44.32	-3.9641
44.33	-3.9645
44.33	-3.9648
44.34	-3.9650
44.34	-3.9654
44.36	-3.9658
44.37	-3.9661
44.38	-3.9664
44.38	-3.9666
44.39	-3.9670
44.40	-3.9675
44.40	-3.9676
44.42	-3.9679
44.43	-3.9682
44.44	-3.9684
44.45	-3.9686
44.45	-3.9688
44.46	-3.9691
44.47	-3.9693
44.48	-3.9696
44.48	-3.9699
44.49	-3.9701
44.50	-3.9703
44.51	-3.9705
44.52	-3.9708
44.52	-3.9710
44.53	-3.9713
44.54	-3.9714
44.55	-3.9715
44.56	-3.9716
44.56	-3.9718
44.58	-3.9722
44.58	-3.9723
44.59	-3.9724
44.60	-3.9725
44.61	-3.9727
44.62	-3.9729
44.63	-3.9731
44.63	-3.9732
44.64	-3.9734
44.65	-3.9735
44.66	-3.9739
44.67	-3.9742
44.68	-3.9745
44.68	-3.9748
44.69	-3.9752
44.70	-3.9754
44.71	-3.9757
44.72	-3.9758
44.73	-3.9760
44.74	-3.9761
44.74	-3.9761
44.75	-3.9762
44.75	-3.9763
44.77	-3.9764
44.77	-3.9763
44.78	-3.9764
44.78	-3.9765
44.79	-3.9766
44.80	-3.9768
44.81	-3.9768
44.82	-3.9768
44.83	-3.9770
44.83	-3.9770
44.84	-3.9772
44.85	-3.9772
44.86	-3.9773
44.87	-3.9773
44.88	-3.9774
44.89	-3.9775
44.90	-3.9775
44.90	-3.9776
44.91	-3.9776
44.92	-3.9776
44.93	-3.9776
44.94	-3.9775
44.95	-3.9775
44.95	-3.9775
44.96	-3.9774
44.98	-3.9774
44.98	-3.9773
44.99	-3.9774
44.99	-3.9774
45.00	-3.9773
45.01	-3.9774
45.02	-3.9774
45.03	-3.9774
45.04	-3.9774
45.05	-3.9776
45.05	-3.9776
45.06	-3.9777
45.07	-3.9778
45.08	-3.9779
45.09	-3.9779
45.09	-3.9780
45.10	-3.9781
45.11	-3.9783
45.12	-3.9784
45.13	-3.9786
45.14	-3.9788
45.15	-3.9791
45.15	-3.9791
45.16	-3.9794
45.17	-3.9796
45.18	-3.9800
45.19	-3.9801
45.20	-3.9804
45.20	-3.9805
45.21	-3.9810
45.22	-3.9813
45.23	-3.9815
45.24	-3.9818
45.24	-3.9821
45.26	-3.9823
45.27	-3.9826
45.27	-3.9829
45.28	-3.9831
45.29	-3.9834
45.30	-3.9837
45.30	-3.9839
45.31	-3.9844
45.32	-3.9847
45.33	-3.9850
45.34	-3.9854
45.35	-3.9857
45.36	-3.9861
45.37	-3.9863
45.38	-3.9866
45.38	-3.9868
45.39	-3.9871
45.40	-3.9875
45.41	-3.9878
45.42	-3.9882
45.43	-3.9884
45.43	-3.9887
45.44	-3.9891
45.45	-3.9893
45.45	-3.9897
45.47	-3.9900
45.48	-3.9903
45.48	-3.9906
45.48	-3.9909
45.49	-3.9912
45.50	-3.9916
45.51	-3.9920
45.52	-3.9923
45.53	-3.9926
45.54	-3.9931
45.55	-3.9935
45.56	-3.9938
45.57	-3.9941
45.58	-3.9945
45.58	-3.9948
45.59	-3.9951
45.59	-3.9956
45.61	-3.9958
45.62	-3.9961
45.63	-3.9964
45.63	-3.9966
45.65	-3.9970
45.65	-3.9973
45.66	-3.9977
45.66	-3.9980
45.67	-3.9982
45.68	-3.9986
45.69	-3.9990
45.70	-3.9993
45.70	-3.9996
45.71	-4.0001
45.72	-4.0004
45.73	-4.0008
45.74	-4.0012
45.74	-4.0016
45.75	-4.0019
45.76	-4.0021
45.77	-4.0024
45.77	-4.0025
45.79	-4.0027
45.80	-4.0031
45.80	-4.0034
45.81	-4.0036
45.82	-4.0038
45.83	-4.0041
45.84	-4.0043
45.84	-4.0045
45.85	-4.0048
45.86	-4.0051
45.87	-4.0054
45.88	-4.0056
45.89	-4.0060
45.90	-4.0062
45.90	-4.0067
45.91	-4.0069
45.92	-4.0071
45.93	-4.0073
45.94	-4.0076
45.95	-4.0079
45.96	-4.0081
45.97	-4.0085
45.97	-4.0088
45.98	-4.0091
45.99	-4.0094
45.99	-4.0098
46.00	-4.0102
46.01	-4.0105
46.02	-4.0108
46.03	-4.0110
46.04	-4.0114
46.05	-4.0118
46.05	-4.0121
46.06	-4.0125
46.07	-4.0128
46.08	-4.0132
46.09	-4.0135
46.09	-4.0139
46.10	-4.0142
46.11	-4.0146
46.12	-4.0149
46.13	-4.0152
46.14	-4.0154
46.14	-4.0158
46.15	-4.0162
46.16	-4.0164
46.17	-4.0168
46.18	-4.0171
46.19	-4.0173
46.20	-4.0177
46.20	-4.0181
46.21	-4.0184
46.22	-4.0187
46.23	-4.0190
46.24	-4.0192
46.24	-4.0196
46.25	-4.0197
46.26	-4.0200
46.27	-4.0202
46.28	-4.0205
46.30	-4.0208
46.30	-4.0211
46.30	-4.0214
46.31	-4.0217
46.32	-4.0219
46.33	-4.0221
46.34	-4.0224
46.34	-4.0225
46.35	-4.0227
46.36	-4.0230
46.36	-4.0232
46.38	-4.0236
46.39	-4.0239
46.40	-4.0241
46.40	-4.0245
46.41	-4.0248
46.42	-4.0250
46.43	-4.0252
46.44	-4.0255
46.45	-4.0257
46.46	-4.0258
46.47	-4.0259
46.47	-4.0259
46.48	-4.0261
46.49	-4.0263
46.49	-4.0264
46.50	-4.0265
46.51	-4.0266
46.52	-4.0268
46.53	-4.0270
46.54	-4.0271
46.55	-4.0271
46.55	-4.0273
46.56	-4.0274
46.58	-4.0275
46.58	-4.0277
46.59	-4.0278
46.59	-4.0278
46.60	-4.0280
46.61	-4.0281
46.62	-4.0281
46.63	-4.0281
46.64	-4.0282
46.65	-4.0283
46.66	-4.0282
46.66	-4.0283
46.67	-4.0283
46.68	-4.0284
46.68	-4.0284
46.70	-4.0285
46.70	-4.0286
46.71	-4.0287
46.72	-4.0288
46.73	-4.0288
46.74	-4.0288
46.74	-4.0288
46.75	-4.0290
46.76	-4.0291
46.77	-4.0293
46.78	-4.0293
46.79	-4.0293
46.80	-4.0293
46.80	-4.0295
46.81	-4.0296
46.82	-4.0296
46.83	-4.0296
46.84	-4.0296
46.84	-4.0297
46.85	-4.0298
46.86	-4.0299
46.87	-4.0301
46.88	-4.0302
46.89	-4.0303
46.90	-4.0305
46.90	-4.0307
46.91	-4.0309
46.92	-4.0310
46.93	-4.0311
46.93	-4.0312
46.95	-4.0313
46.96	-4.0316
46.97	-4.0318
46.98	-4.0320
46.98	-4.0320
46.99	-4.0322
46.99	-4.0325
47.00	-4.0326
47.01	-4.0329
47.02	-4.0332
47.03	-4.0334
47.04	-4.0336
47.05	-4.0338
47.06	-4.0340
47.06	-4.0341
47.07	-4.0342
47.08	-4.0346
47.09	-4.0348
47.09	-4.0351
47.10	-4.0352
47.11	-4.0354
47.12	-4.0356
47.13	-4.0359
47.14	-4.0361
47.15	-4.0363
47.16	-4.0364
47.16	-4.0366
47.17	-4.0368
47.18	-4.0371
47.19	-4.0372
47.20	-4.0372
47.21	-4.0373
47.21	-4.0375
47.22	-4.0377
47.23	-4.0378
47.24	-4.0379
47.24	-4.0380
47.26	-4.0382
47.27	-4.0383
47.27	-4.0383
47.28	-4.0384
47.29	-4.0385
47.30	-4.0386
47.30	-4.0387
47.31	-4.0388
47.32	-4.0389
47.33	-4.0391
47.34	-4.0393
47.35	-4.0394
47.35	-4.0395
47.36	-4.0397
47.37	-4.0398
47.38	-4.0399
47.39	-4.0399
47.40	-4.0401
47.40	-4.0402
47.42	-4.0401
47.43	-4.0401
47.43	-4.0401
47.44	-4.0402
47.45	-4.0403
47.45	-4.0402
47.46	-4.0403
47.47	-4.0405
47.48	-4.0407
47.48	-4.0408
47.49	-4.0407
47.50	-4.0408
47.51	-4.0407
47.52	-4.0407
47.52	-4.0408
47.53	-4.0408
47.54	-4.0408
47.55	-4.0409
47.56	-4.0411
47.57	-4.0412
47.57	-4.0413
47.58	-4.0414
47.59	-4.0415
47.60	-4.0416
47.62	-4.0415
47.62	-4.0414
47.63	-4.0415
47.64	-4.0417
47.64	-4.0418
47.65	-4.0418
47.66	-4.0419
47.67	-4.0420
47.68	-4.0421
47.69	-4.0421
47.70	-4.0422
47.70	-4.0423
47.71	-4.0424
47.72	-4.0423
47.73	-4.0425
47.74	-4.0425
47.74	-4.0426
47.75	-4.0427
47.76	-4.0428
47.77	-4.0429
47.78	-4.0429
47.79	-4.0429
47.80	-4.0430
47.80	-4.0431
47.81	-4.0432
47.82	-4.0433
47.83	-4.0435
47.84	-4.0436
47.84	-4.0436
47.85	-4.0436
47.86	-4.0435
47.87	-4.0436
47.88	-4.0435
47.88	-4.0436
47.89	-4.0436
47.90	-4.0436
47.91	-4.0436
47.92	-4.0437
47.93	-4.0437
47.93	-4.0437
47.94	-4.0437
47.95	-4.0437
47.96	-4.0437
47.97	-4.0438
47.98	-4.0438
47.99	-4.0439
47.99	-4.0439
48.00	-4.0438
48.01	-4.0439
48.02	-4.0439
48.03	-4.0439
48.03	-4.0439
48.04	-4.0440
48.05	-4.0440
48.06	-4.0440
48.07	-4.0440
48.08	-4.0439
48.09	-4.0440
48.09	-4.0442
48.10	-4.0442
48.11	-4.0442
48.12	-4.0445
48.13	-4.0447
48.14	-4.0448
48.15	-4.0451
48.15	-4.0453
48.16	-4.0453
48.17	-4.0454
48.18	-4.0454
48.19	-4.0455
48.20	-4.0455
48.20	-4.0456
48.21	-4.0457
48.22	-4.0457
48.23	-4.0457
48.24	-4.0457
48.25	-4.0458
48.25	-4.0458
48.27	-4.0458
48.27	-4.0458
48.28	-4.0458
48.29	-4.0457
48.30	-4.0456
48.30	-4.0457
48.31	-4.0456
48.32	-4.0456
48.33	-4.0455
48.34	-4.0455
48.34	-4.0455
48.35	-4.0455
48.36	-4.0454
48.37	-4.0454
48.38	-4.0455
48.39	-4.0453
48.40	-4.0454
48.40	-4.0453
48.41	-4.0453
48.42	-4.0452
48.43	-4.0453
48.44	-4.0453
48.44	-4.0453
48.45	-4.0453
48.46	-4.0452
48.47	-4.0452
48.48	-4.0452
48.49	-4.0452
48.50	-4.0452
48.50	-4.0452
48.51	-4.0452
48.52	-4.0452
48.52	-4.0453
48.54	-4.0454
48.55	-4.0454
48.55	-4.0456
48.56	-4.0456
48.57	-4.0457
48.58	-4.0459
48.59	-4.0462
48.59	-4.0464
48.60	-4.0465
48.61	-4.0467
48.62	-4.0468
48.63	-4.0471
48.64	-4.0473
48.65	-4.0475
48.65	-4.0477
48.66	-4.0480
48.67	-4.0482
48.68	-4.0485
48.69	-4.0486
48.70	-4.0488
48.70	-4.0492
48.71	-4.0493
48.72	-4.0495
48.73	-4.0499
48.74	-4.0502
48.75	-4.0506
48.76	-4.0509
48.77	-4.0512
48.77	-4.0516
48.78	-4.0519
48.79	-4.0522
48.80	-4.0526
48.80	-4.0529
48.81	-4.0532
48.82	-4.0535
48.83	-4.0539
48.84	-4.0543
48.84	-4.0546
48.86	-4.0550
48.86	-4.0553
48.88	-4.0557
48.88	-4.0559
48.89	-4.0563
48.90	-4.0567
48.90	-4.0570
48.91	-4.0574
48.92	-4.0579
48.93	-4.0583
48.94	-4.0587
48.95	-4.0591
48.95	-4.0596
48.96	-4.0599
48.97	-4.0603
48.98	-4.0606
48.98	-4.0610
49.00	-4.0614
49.00	-4.0619
49.01	-4.0623
49.02	-4.0626
49.03	-4.0630
49.04	-4.0635
49.05	-4.0639
49.05	-4.0644
49.06	-4.0646
49.07	-4.0650
49.08	-4.0656
49.09	-4.0660
49.09	-4.0664
49.10	-4.0669
49.11	-4.0673
49.12	-4.0678
49.13	-4.0682
49.14	-4.0688
49.15	-4.0693
49.15	-4.0699
49.16	-4.0705
49.17	-4.0710
49.18	-4.0715
49.19	-4.0720
49.20	-4.0727
49.20	-4.0731
49.21	-4.0738
49.22	-4.0743
49.23	-4.0750
49.24	-4.0754
49.25	-4.0759
49.25	-4.0765
49.26	-4.0771
49.27	-4.0777
49.27	-4.0784
49.29	-4.0789
49.29	-4.0796
49.30	-4.0802
49.31	-4.0810
49.32	-4.0819
49.33	-4.0827
49.33	-4.0834
49.34	-4.0842
49.35	-4.0849
49.36	-4.0856
49.37	-4.0865
49.38	-4.0872
49.39	-4.0878
49.40	-4.0886
49.40	-4.0894
49.41	-4.0901
49.42	-4.0909
49.43	-4.0917
49.43	-4.0925
49.44	-4.0933
49.45	-4.0942
49.46	-4.0949
49.47	-4.0957
49.48	-4.0966
49.48	-4.0974
49.49	-4.0981
49.50	-4.0990
49.51	-4.0999
49.52	-4.1008
49.53	-4.1015
49.54	-4.1023
49.54	-4.1032
49.55	-4.1041
49.56	-4.1052
49.57	-4.1061
49.58	-4.1069
49.58	-4.1078
49.59	-4.1090
49.60	-4.1098
49.61	-4.1109
49.62	-4.1118
49.63	-4.1128
49.64	-4.1139
49.65	-4.1149
49.65	-4.1157
49.66	-4.1168
49.67	-4.1181
49.68	-4.1191
49.68	-4.1201
49.69	-4.1213
49.70	-4.1224
49.71	-4.1235
49.72	-4.1246
49.73	-4.1257
49.73	-4.1268
49.74	-4.1279
49.75	-4.1291
49.76	-4.1302
49.77	-4.1314
49.78	-4.1324
49.79	-4.1337
49.80	-4.1348
49.80	-4.1362
49.81	-4.1373
49.82	-4.1385
49.82	-4.1399
49.83	-4.1414
49.84	-4.1427
49.85	-4.1440
49.86	-4.1454
49.87	-4.1468
49.88	-4.1482
49.89	-4.1497
49.89	-4.1512
49.90	-4.1526
49.91	-4.1543
49.92	-4.1557
49.93	-4.1572
49.94	-4.1586
49.95	-4.1601
49.95	-4.1617
49.96	-4.1631
49.97	-4.1648
49.98	-4.1663
49.99	-4.1680
49.99	-4.1696
50.00	-4.1711
50.01	-4.1727
50.02	-4.1743
50.02	-4.1758
50.04	-4.1777
50.04	-4.1792
50.05	-4.1807
50.06	-4.1824
50.07	-4.1839
50.08	-4.1855
50.08	-4.1872
50.09	-4.1890
50.10	-4.1906
50.11	-4.1924
50.12	-4.1940
50.13	-4.1957
50.14	-4.1976
50.14	-4.1993
50.15	-4.2012
50.15	-4.2029
50.17	-4.2047
50.18	-4.2066
50.18	-4.2085
50.19	-4.2104
50.20	-4.2123
50.21	-4.2143
50.21	-4.2164
50.22	-4.2183
50.23	-4.2204
50.24	-4.2225
50.25	-4.2248
50.26	-4.2267
50.27	-4.2287
50.28	-4.2309
50.28	-4.2331
50.29	-4.2354
50.30	-4.2377
50.31	-4.2399
50.32	-4.2422
50.33	-4.2444
50.34	-4.2468
50.34	-4.2492
50.35	-4.2516
50.36	-4.2541
50.37	-4.2566
50.38	-4.2591
50.38	-4.2614
50.40	-4.2638
50.40	-4.2664
50.41	-4.2689
50.42	-4.2714
50.43	-4.2740
50.43	-4.2765
50.44	-4.2792
50.45	-4.2817
50.46	-4.2843
50.47	-4.2868
50.48	-4.2896
50.48	-4.2922
50.49	-4.2949
50.50	-4.2976
50.51	-4.3002
50.52	-4.3030
50.52	-4.3058
50.53	-4.3085
50.54	-4.3112
50.55	-4.3140
50.56	-4.3168
50.57	-4.3196
50.58	-4.3223
50.59	-4.3251
50.59	-4.3280
50.60	-4.3308
50.61	-4.3334
50.62	-4.3362
50.63	-4.3388
50.63	-4.3417
50.65	-4.3444
50.65	-4.3472
50.66	-4.3500
50.67	-4.3527
50.68	-4.3554
50.68	-4.3581
50.70	-4.3608
50.70	-4.3636
50.72	-4.3665
50.73	-4.3692
50.73	-4.3720
50.74	-4.3748
50.75	-4.3774
50.75	-4.3803
50.76	-4.3828
50.77	-4.3857
50.78	-4.3884
50.79	-4.3910
50.80	-4.3938
50.80	-4.3963
50.81	-4.3990
50.82	-4.4015
50.83	-4.4041
50.84	-4.4066
50.84	-4.4091
50.85	-4.4116
50.86	-4.4143
50.87	-4.4167
50.88	-4.4193
50.89	-4.4218
50.90	-4.4241
50.90	-4.4265
50.91	-4.4288
50.93	-4.4312
50.93	-4.4336
50.94	-4.4358
50.95	-4.4382
50.95	-4.4403
50.96	-4.4427
50.97	-4.4449
50.98	-4.4471
50.98	-4.4494
50.99	-4.4516
51.00	-4.4538
51.01	-4.4559
51.02	-4.4579
51.03	-4.4601
51.04	-4.4619
51.04	-4.4639
51.05	-4.4659
51.05	-4.4678
51.06	-4.4697
51.08	-4.4716
51.08	-4.4734
51.09	-4.4752
51.10	-4.4770
51.11	-4.4789
51.12	-4.4806
51.13	-4.4822
51.13	-4.4840
51.14	-4.4857
51.15	-4.4874
51.16	-4.4890
51.17	-4.4906
51.18	-4.4925
51.18	-4.4939
51.19	-4.4954
51.20	-4.4969
51.21	-4.4983
51.22	-4.4996
51.23	-4.5011
51.23	-4.5026
51.24	-4.5041
51.25	-4.5054
51.26	-4.5069
51.27	-4.5081
51.27	-4.5095
51.29	-4.5109
51.29	-4.5122
51.30	-4.5135
51.30	-4.5146
51.31	-4.5158
51.33	-4.5171
51.33	-4.5181
51.34	-4.5190
51.35	-4.5203
51.36	-4.5214
51.37	-4.5224
51.38	-4.5234
51.38	-4.5244
51.39	-4.5255
51.40	-4.5265
51.41	-4.5274
51.42	-4.5283
51.43	-4.5292
51.43	-4.5302
51.44	-4.5311
51.45	-4.5321
51.46	-4.5331
51.47	-4.5339
51.48	-4.5348
51.49	-4.5356
51.50	-4.5364
51.50	-4.5371
51.51	-4.5379
51.52	-4.5385
51.52	-4.5391
51.53	-4.5398
51.55	-4.5404
51.55	-4.5411
51.56	-4.5418
51.57	-4.5425
51.58	-4.5431
51.58	-4.5437
51.59	-4.5442
51.60	-4.5447
51.61	-4.5453
51.62	-4.5457
51.63	-4.5462
51.63	-4.5466
51.64	-4.5470
51.65	-4.5475
51.66	-4.5481
51.67	-4.5487
51.68	-4.5493
51.68	-4.5500
51.69	-4.5505
51.70	-4.5510
51.70	-4.5516
51.72	-4.5520
51.73	-4.5524
51.74	-4.5527
51.75	-4.5530
51.75	-4.5535
51.76	-4.5539
51.77	-4.5542
51.77	-4.5546
51.78	-4.5549
51.79	-4.5552
51.80	-4.5555
51.80	-4.5558
51.82	-4.5560
51.83	-4.5564
51.84	-4.5565
51.84	-4.5570
51.85	-4.5573
51.86	-4.5574
51.87	-4.5575
51.87	-4.5578
51.88	-4.5579
51.90	-4.5582
51.90	-4.5585
51.91	-4.5587
51.92	-4.5589
51.93	-4.5591
51.93	-4.5593
51.94	-4.5596
51.95	-4.5598
51.96	-4.5601
51.97	-4.5605
51.97	-4.5605
51.98	-4.5609
51.99	-4.5612
52.00	-4.5614
52.00	-4.5616
52.02	-4.5618
52.03	-4.5619
52.03	-4.5620
52.04	-4.5622
52.05	-4.5623
52.06	-4.5627
52.07	-4.5628
52.08	-4.5632
52.08	-4.5634
52.09	-4.5637
52.09	-4.5641
52.10	-4.5645
52.11	-4.5648
52.12	-4.5652
52.13	-4.5656
52.14	-4.5660
52.15	-4.5664
52.15	-4.5667
52.16	-4.5670
52.17	-4.5673
52.18	-4.5677
52.19	-4.5681
52.20	-4.5684
52.20	-4.5688
52.21	-4.5691
52.22	-4.5697
52.23	-4.5702
52.24	-4.5707
52.25	-4.5713
52.26	-4.5717
52.27	-4.5722
52.27	-4.5728
52.28	-4.5732
52.29	-4.5736
52.30	-4.5741
52.31	-4.5747
52.32	-4.5752
52.33	-4.5757
52.33	-4.5762
52.34	-4.5766
52.35	-4.5771
52.35	-4.5777
52.36	-4.5783
52.38	-4.5789
52.38	-4.5794
52.39	-4.5800
52.40	-4.5805
52.40	-4.5809
52.42	-4.5815
52.43	-4.5822
52.43	-4.5827
52.44	-4.5833
52.45	-4.5839
52.45	-4.5845
52.46	-4.5851
52.48	-4.5855
52.48	-4.5861
52.49	-4.5867
52.50	-4.5874
52.50	-4.5878
52.52	-4.5884
52.52	-4.5890
52.53	-4.5895
52.54	-4.5903
52.55	-4.5909
52.56	-4.5913
52.57	-4.5918
52.58	-4.5923
52.58	-4.5928
52.59	-4.5932
52.59	-4.5938
52.61	-4.5944
52.62	-4.5948
52.63	-4.5954
52.63	-4.5959
52.64	-4.5964
52.65	-4.5969
52.66	-4.5975
52.67	-4.5982
52.68	-4.5987
52.69	-4.5991
52.69	-4.5994
52.70	-4.5998
52.71	-4.6002
52.72	-4.6007
52.73	-4.6012
52.73	-4.6016
52.74	-4.6022
52.75	-4.6027
52.76	-4.6031
52.77	-4.6035
52.77	-4.6040
52.78	-4.6044
52.79	-4.6048
52.80	-4.6051
52.81	-4.6056
52.81	-4.6059
52.82	-4.6064
52.83	-4.6069
52.83	-4.6073
52.84	-4.6076
52.85	-4.6079
52.86	-4.6083
52.88	-4.6087
52.88	-4.6091
52.89	-4.6096
52.90	-4.6102
52.91	-4.6105
52.91	-4.6109
52.92	-4.6114
52.93	-4.6119
52.94	-4.6123
52.95	-4.6126
52.95	-4.6130
52.96	-4.6135
52.97	-4.6138
52.98	-4.6142
52.98	-4.6146
53.00	-4.6150
53.00	-4.6155
53.01	-4.6159
53.02	-4.6162
53.02	-4.6167
53.04	-4.6172
53.05	-4.6176
53.06	-4.6181
53.06	-4.6186
53.07	-4.6189
53.08	-4.6193
53.09	-4.6197
53.09	-4.6200
53.10	-4.6204
53.11	-4.6208
53.12	-4.6210
53.13	-4.6215
53.14	-4.6217
53.15	-4.6219
53.15	-4.6223
53.16	-4.6225
53.17	-4.6229
53.18	-4.6231
53.19	-4.6234
53.20	-4.6237
53.21	-4.6242
53.21	-4.6245
53.23	-4.6249
53.23	-4.6253
53.23	-4.6256
53.25	-4.6259
53.25	-4.6264
53.26	-4.6267
53.27	-4.6270
53.28	-4.6273
53.29	-4.6277
53.29	-4.6280
53.30	-4.6282
53.32	-4.6285
53.33	-4.6289
53.33	-4.6292
53.34	-4.6294
53.34	-4.6300
53.35	-4.6303
53.36	-4.6306
53.38	-4.6309
53.38	-4.6312
53.39	-4.6315
53.40	-4.6319
53.40	-4.6322
53.41	-4.6326
53.42	-4.6329
53.43	-4.6333
53.44	-4.6336
53.45	-4.6339
53.45	-4.6342
53.47	-4.6347
53.48	-4.6350
53.48	-4.6354
53.49	-4.6358
53.50	-4.6362
53.50	-4.6366
53.51	-4.6370
53.52	-4.6374
53.53	-4.6377
53.54	-4.6381
53.55	-4.6384
53.56	-4.6387
53.56	-4.6390
53.57	-4.6392
53.58	-4.6394
53.59	-4.6396
53.59	-4.6397
53.60	-4.6399
53.61	-4.6401
53.62	-4.6402
53.63	-4.6404
53.64	-4.6405
53.65	-4.6407
53.66	-4.6409
53.67	-4.6412
53.67	-4.6415
53.68	-4.6416
53.69	-4.6418
53.70	-4.6419
53.71	-4.6420
53.72	-4.6422
53.72	-4.6423
53.73	-4.6425
53.73	-4.6426
53.74	-4.6429
53.75	-4.6430
53.76	-4.6430
53.77	-4.6432
53.78	-4.6433
53.79	-4.6435
53.80	-4.6435
53.80	-4.6436
53.81	-4.6437
53.82	-4.6437
53.83	-4.6439
53.84	-4.6439
53.84	-4.6440
53.85	-4.6442
53.86	-4.6443
53.87	-4.6445
53.88	-4.6448
53.89	-4.6449
53.90	-4.6452
53.90	-4.6453
53.91	-4.6455
53.92	-4.6457
53.93	-4.6459
53.94	-4.6460
53.94	-4.6463
53.95	-4.6467
53.96	-4.6469
53.97	-4.6472
53.98	-4.6475
53.99	-4.6478
54.00	-4.6482
54.00	-4.6484
54.01	-4.6487
54.02	-4.6490
54.03	-4.6493
54.04	-4.6496
54.05	-4.6499
54.06	-4.6504
54.07	-4.6508
54.07	-4.6512
54.08	-4.6515
54.09	-4.6519
54.09	-4.6522
54.10	-4.6525
54.11	-4.6531
54.12	-4.6533
54.13	-4.6538
54.14	-4.6540
54.15	-4.6543
54.15	-4.6546
54.16	-4.6549
54.17	-4.6551
54.18	-4.6554
54.19	-4.6558
54.20	-4.6563
54.20	-4.6567
54.21	-4.6572
54.22	-4.6576
54.23	-4.6579
54.24	-4.6582
54.25	-4.6586
54.25	-4.6589
54.27	-4.6593
54.27	-4.6595
54.28	-4.6598
54.29	-4.6601
54.30	-4.6606
54.31	-4.6608
54.31	-4.6610
54.32	-4.6614
54.33	-4.6618
54.34	-4.6621
54.34	-4.6625
54.35	-4.6627
54.36	-4.6630
54.37	-4.6633
54.38	-4.6635
54.39	-4.6640
54.40	-4.6643
54.40	-4.6645
54.41	-4.6648
54.42	-4.6651
54.43	-4.6653
54.44	-4.6656
54.45	-4.6659
54.46	-4.6660
54.47	-4.6663
54.48	-4.6665
54.48	-4.6668
54.49	-4.6671
54.50	-4.6674
54.50	-4.6678
54.51	-4.6681
54.52	-4.6684
54.53	-4.6686
54.54	-4.6688
54.55	-4.6689
54.55	-4.6691
54.56	-4.6693
54.57	-4.6695
54.58	-4.6698
54.59	-4.6701
54.60	-4.6704
54.60	-4.6706
54.62	-4.6709
54.62	-4.6711
54.63	-4.6715
54.63	-4.6718
54.64	-4.6719
54.65	-4.6722
54.66	-4.6724
54.67	-4.6728
54.68	-4.6730
54.69	-4.6733
54.70	-4.6737
54.70	-4.6739
54.71	-4.6742
54.73	-4.6746
54.73	-4.6748
54.73	-4.6750
54.74	-4.6753
54.75	-4.6756
54.76	-4.6759
54.77	-4.6761
54.78	-4.6764
54.79	-4.6767
54.80	-4.6770
54.80	-4.6774
54.81	-4.6778
54.82	-4.6779
54.83	-4.6782
54.83	-4.6784
54.84	-4.6787
54.85	-4.6789
54.86	-4.6791
54.87	-4.6793
54.88	-4.6796
54.89	-4.6799
54.89	-4.6804
54.90	-4.6807
54.91	-4.6809
54.92	-4.6810
54.93	-4.6812
54.94	-4.6814
54.95	-4.6817
54.95	-4.6818
54.96	-4.6820
54.97	-4.6823
54.98	-4.6826
54.99	-4.6829
54.99	-4.6832
55.00	-4.6837
55.01	-4.6840
55.02	-4.6841
55.03	-4.6844
55.04	-4.6847
55.04	-4.6849
55.05	-4.6850
55.06	-4.6854
55.07	-4.6857
55.08	-4.6859
55.09	-4.6860
55.09	-4.6863
55.10	-4.6867
55.11	-4.6869
55.13	-4.6872
55.13	-4.6875
55.14	-4.6878
55.15	-4.6881
55.15	-4.6882
55.16	-4.6884
55.17	-4.6886
55.18	-4.6889
55.18	-4.6891
55.19	-4.6893
55.20	-4.6898
55.21	-4.6900
55.22	-4.6902
55.23	-4.6904
55.24	-4.6908
55.25	-4.6912
55.25	-4.6915
55.26	-4.6918
55.27	-4.6922
55.28	-4.6924
55.29	-4.6926
55.30	-4.6931
55.30	-4.6934
55.31	-4.6937
55.32	-4.6940
55.33	-4.6943
55.34	-4.6944
55.34	-4.6948
55.35	-4.6951
55.36	-4.6953
55.37	-4.6955
55.38	-4.6957
55.39	-4.6960
55.40	-4.6964
55.40	-4.6968
55.41	-4.6970
55.42	-4.6973
55.43	-4.6975
55.44	-4.6978
55.45	-4.6980
55.45	-4.6982
55.47	-4.6985
55.47	-4.6988
55.48	-4.6991
55.48	-4.6994
55.50	-4.6996
55.50	-4.6998
55.51	-4.7002
55.52	-4.7003
55.52	-4.7006
55.53	-4.7009
55.54	-4.7012
55.55	-4.7015
55.56	-4.7018
55.57	-4.7021
55.58	-4.7025
55.58	-4.7027
55.59	-4.7030
55.60	-4.7034
55.61	-4.7038
55.62	-4.7042
55.63	-4.7045
55.63	-4.7047
55.65	-4.7050
55.65	-4.7053
55.66	-4.7056
55.67	-4.7059
55.67	-4.7062
55.68	-4.7066
55.69	-4.7068
55.70	-4.7071
55.71	-4.7074
55.72	-4.7077
55.73	-4.7081
55.73	-4.7085
55.74	-4.7087
55.75	-4.7088
55.76	-4.7091
55.77	-4.7093
55.78	-4.7096
55.78	-4.7098
55.80	-4.7101
55.80	-4.7104
55.81	-4.7106
55.81	-4.7109
55.82	-4.7110
55.84	-4.7113
55.84	-4.7116
55.84	-4.7117
55.87	-4.7121
55.88	-4.7123
55.87	-4.7125
55.87	-4.7128
55.89	-4.7132
55.91	-4.7134
55.93	-4.7138
55.94	-4.7139
55.95	-4.7141
55.95	-4.7144
55.95	-4.7145
55.96	-4.7149
55.96	-4.7153
55.96	-4.7154
55.97	-4.7157
55.97	-4.7159
55.98	-4.7164
56.00	-4.7166
56.02	-4.7168
56.02	-4.7169
56.02	-4.7170
56.03	-4.7173
56.05	-4.7174
56.05	-4.7176
56.05	-4.7179
56.07	-4.7181
56.07	-4.7183
56.09	-4.7185
56.09	-4.7189
56.10	-4.7192
56.10	-4.7195
56.11	-4.7198
56.12	-4.7200
56.13	-4.7202
56.14	-4.7205
56.15	-4.7207
56.16	-4.7210
56.17	-4.7211
56.18	-4.7213
56.18	-4.7216
56.19	-4.7219
56.20	-4.7224
56.21	-4.7226
56.22	-4.7230
56.23	-4.7230
56.23	-4.7233
56.24	-4.7235
56.25	-4.7237
56.26	-4.7239
56.27	-4.7242
56.27	-4.7244
56.28	-4.7246
56.29	-4.7248
56.30	-4.7250
56.31	-4.7254
56.32	-4.7256
56.33	-4.7259
56.33	-4.7262
56.34	-4.7265
56.35	-4.7267
56.36	-4.7271
56.37	-4.7273
56.37	-4.7276
56.38	-4.7280
56.39	-4.7284
56.40	-4.7285
56.40	-4.7290
56.42	-4.7292
56.42	-4.7294
56.43	-4.7295
56.44	-4.7299
56.45	-4.7300
56.46	-4.7302
56.46	-4.7304
56.48	-4.7306
56.48	-4.7309
56.49	-4.7313
56.49	-4.7315
56.50	-4.7317
56.51	-4.7320
56.52	-4.7323
56.53	-4.7324
56.54	-4.7325
56.55	-4.7328
56.56	-4.7329
56.57	-4.7330
56.58	-4.7332
56.58	-4.7335
56.59	-4.7338
56.59	-4.7339
56.60	-4.7343
56.61	-4.7344
56.62	-4.7348
56.63	-4.7351
56.64	-4.7353
56.65	-4.7357
56.65	-4.7360
56.66	-4.7362
56.67	-4.7366
56.68	-4.7369
56.69	-4.7370
56.70	-4.7372
56.70	-4.7376
56.71	-4.7379
56.72	-4.7382
56.73	-4.7384
56.74	-4.7388
56.75	-4.7389
56.76	-4.7392
56.77	-4.7394
56.77	-4.7397
56.78	-4.7399
56.79	-4.7403
56.80	-4.7405
56.81	-4.7408
56.81	-4.7411
56.83	-4.7415
56.83	-4.7419
56.84	-4.7420
56.85	-4.7422
56.85	-4.7426
56.86	-4.7428
56.87	-4.7431
56.88	-4.7433
56.89	-4.7435
56.90	-4.7439
56.91	-4.7440
56.92	-4.7445
56.93	-4.7446
56.93	-4.7449
56.94	-4.7452
56.95	-4.7454
56.96	-4.7456
56.97	-4.7460
56.98	-4.7463
56.98	-4.7467
56.99	-4.7468
57.00	-4.7470
57.00	-4.7474
57.01	-4.7478
57.02	-4.7481
57.02	-4.7484
57.04	-4.7487
57.05	-4.7490
57.06	-4.7493
57.07	-4.7498
57.08	-4.7500
57.08	-4.7503
57.08	-4.7505
57.09	-4.7509
57.11	-4.7513
57.11	-4.7515
57.12	-4.7519
57.13	-4.7522
57.13	-4.7524
57.15	-4.7526
57.15	-4.7529
57.17	-4.7532
57.17	-4.7535
57.18	-4.7536
57.19	-4.7540
57.20	-4.7545
57.20	-4.7547
57.22	-4.7551
57.23	-4.7553
57.23	-4.7556
57.24	-4.7559
57.25	-4.7562
57.26	-4.7565
57.27	-4.7568
57.27	-4.7571
57.27	-4.7573
57.28	-4.7576
57.30	-4.7579
57.30	-4.7581
57.31	-4.7583
57.32	-4.7586
57.33	-4.7589
57.34	-4.7593
57.34	-4.7596
57.35	-4.7598
57.36	-4.7601
57.37	-4.7604
57.38	-4.7606
57.39	-4.7611
57.40	-4.7613
57.40	-4.7616
57.41	-4.7619
57.42	-4.7621
57.43	-4.7623
57.44	-4.7625
57.45	-4.7629
57.45	-4.7630
57.46	-4.7633
57.47	-4.7636
57.48	-4.7638
57.49	-4.7640
57.50	-4.7643
57.50	-4.7645
57.51	-4.7647
57.52	-4.7649
57.53	-4.7652
57.54	-4.7655
57.55	-4.7658
57.55	-4.7661
57.56	-4.7663
57.57	-4.7666
57.58	-4.7670
57.59	-4.7675
57.59	-4.7677
57.60	-4.7679
57.61	-4.7683
57.62	-4.7685
57.63	-4.7688
57.64	-4.7691
57.65	-4.7694
57.65	-4.7697
57.66	-4.7702
57.67	-4.7704
57.68	-4.7708
57.69	-4.7712
57.70	-4.7715
57.70	-4.7717
57.71	-4.7720
57.72	-4.7723
57.73	-4.7726
57.74	-4.7729
57.75	-4.7731
57.75	-4.7734
57.75	-4.7737
57.76	-4.7740
57.77	-4.7744
57.78	-4.7747
57.79	-4.7750
57.80	-4.7753
57.81	-4.7756
57.82	-4.7758
57.83	-4.7761
57.83	-4.7763
57.84	-4.7765
57.85	-4.7767
57.86	-4.7770
57.87	-4.7774
57.88	-4.7777
57.89	-4.7781
57.90	-4.7783
57.90	-4.7785
57.91	-4.7787
57.92	-4.7789
57.93	-4.7791
57.93	-4.7793
57.95	-4.7794
57.95	-4.7795
57.96	-4.7797
57.97	-4.7800
57.98	-4.7801
57.98	-4.7804
58.00	-4.7805
58.00	-4.7807
58.01	-4.7809
58.02	-4.7811
58.03	-4.7813
58.03	-4.7815
58.04	-4.7817
58.05	-4.7818
58.06	-4.7822
58.07	-4.7823
58.08	-4.7825
58.09	-4.7826
58.09	-4.7827
58.10	-4.7828
58.11	-4.7831
58.12	-4.7833
58.13	-4.7835
58.14	-4.7837
58.14	-4.7839
58.15	-4.7841
58.16	-4.7842
58.17	-4.7845
58.18	-4.7846
58.18	-4.7849
58.19	-4.7852
58.20	-4.7854
58.21	-4.7857
58.22	-4.7862
58.23	-4.7866
58.23	-4.7871
58.24	-4.7873
58.25	-4.7875
58.25	-4.7879
58.26	-4.7880
58.27	-4.7884
58.28	-4.7886
58.29	-4.7890
58.30	-4.7893
58.31	-4.7897
58.32	-4.7901
58.32	-4.7904
58.33	-4.7907
58.34	-4.7911
58.34	-4.7914
58.35	-4.7917
58.36	-4.7920
58.37	-4.7925
58.38	-4.7928
58.39	-4.7931
58.40	-4.7935
58.41	-4.7936
58.42	-4.7939
58.42	-4.7942
58.43	-4.7946
58.44	-4.7948
58.45	-4.7952
58.46	-4.7955
58.47	-4.7956
58.47	-4.7959
58.48	-4.7963
58.49	-4.7965
58.50	-4.7968
58.51	-4.7970
58.51	-4.7972
58.52	-4.7973
58.54	-4.7975
58.54	-4.7976
58.55	-4.7979
58.56	-4.7982
58.57	-4.7985
58.58	-4.7987
58.58	-4.7989
58.59	-4.7993
58.60	-4.7995
58.61	-4.7997
58.62	-4.8001
58.63	-4.8002
58.63	-4.8005
58.64	-4.8007
58.65	-4.8011
58.66	-4.8012
58.67	-4.8015
58.68	-4.8017
58.68	-4.8021
58.69	-4.8025
58.70	-4.8027
58.71	-4.8029
58.72	-4.8033
58.73	-4.8034
58.73	-4.8037
58.74	-4.8041
58.75	-4.8043
58.76	-4.8045
58.77	-4.8048
58.77	-4.8051
58.78	-4.8054
58.79	-4.8058
58.79	-4.8061
58.80	-4.8063
58.82	-4.8066
58.83	-4.8069
58.83	-4.8071
58.84	-4.8075
58.85	-4.8078
58.86	-4.8080
58.87	-4.8084
58.88	-4.8087
58.89	-4.8093
58.90	-4.8095
58.90	-4.8098
58.91	-4.8101
58.91	-4.8104
58.92	-4.8107
58.93	-4.8111
58.94	-4.8113
58.95	-4.8116
58.96	-4.8119
58.97	-4.8124
58.98	-4.8127
58.98	-4.8130
58.99	-4.8133
59.00	-4.8136
59.01	-4.8139
59.02	-4.8142
59.02	-4.8145
59.03	-4.8148
59.04	-4.8151
59.05	-4.8154
59.06	-4.8159
59.06	-4.8161
59.07	-4.8164
59.08	-4.8167
59.09	-4.8171
59.09	-4.8173
59.10	-4.8176
59.12	-4.8179
59.12	-4.8182
59.13	-4.8185
59.14	-4.8189
59.15	-4.8193
59.16	-4.8197
59.16	-4.8200
59.17	-4.8203
59.18	-4.8204
59.18	-4.8207
59.20	-4.8211
59.21	-4.8213
59.21	-4.8217
59.22	-4.8220
59.23	-4.8223
59.23	-4.8226
59.24	-4.8229
59.25	-4.8232
59.26	-4.8234
59.27	-4.8237
59.28	-4.8240
59.29	-4.8245
59.29	-4.8248
59.30	-4.8252
59.31	-4.8255
59.32	-4.8258
59.33	-4.8262
59.34	-4.8264
59.34	-4.8267
59.35	-4.8270
59.36	-4.8273
59.37	-4.8276
59.38	-4.8279
59.39	-4.8281
59.40	-4.8284
59.40	-4.8287
59.41	-4.8289
59.43	-4.8292
59.43	-4.8295
59.44	-4.8297
59.44	-4.8301
59.45	-4.8303
59.46	-4.8306
59.47	-4.8309
59.48	-4.8312
59.48	-4.8315
59.50	-4.8318
59.50	-4.8324
59.51	-4.8325
59.52	-4.8328
59.53	-4.8332
59.54	-4.8335
59.55	-4.8338
59.55	-4.8343
59.56	-4.8346
59.57	-4.8350
59.58	-4.8353
59.59	-4.8354
59.59	-4.8358
59.60	-4.8360
59.61	-4.8362
59.62	-4.8364
59.63	-4.8368
59.64	-4.8370
59.65	-4.8374
59.65	-4.8376
59.66	-4.8380
59.67	-4.8383
59.68	-4.8385
59.69	-4.8388
59.70	-4.8390
59.70	-4.8394
59.71	-4.8395
59.72	-4.8398
59.73	-4.8400
59.74	-4.8403
59.75	-4.8407
59.75	-4.8411
59.76	-4.8415
59.77	-4.8419
59.78	-4.8423
59.79	-4.8427
59.80	-4.8430
59.80	-4.8432
59.81	-4.8437
59.82	-4.8439
59.83	-4.8442
59.84	-4.8445
59.84	-4.8447
59.85	-4.8451
59.86	-4.8455
59.87	-4.8458
59.88	-4.8461
59.89	-4.8466
59.90	-4.8469
59.90	-4.8473
59.91	-4.8476
59.93	-4.8479
59.93	-4.8482
59.94	-4.8486
59.95	-4.8489
59.95	-4.8494
59.96	-4.8497
59.97	-4.8502
59.98	-4.8506
59.98	-4.8511
59.99	-4.8514
60.00	-4.8518
60.01	-4.8520
60.02	-4.8526
60.02	-4.8529
60.03	-4.8533
60.05	-4.8536
60.05	-4.8540
60.06	-4.8543
60.07	-4.8547
60.08	-4.8550
60.08	-4.8552
60.09	-4.8555
60.10	-4.8558
60.11	-4.8562
60.12	-4.8566
60.13	-4.8570
60.13	-4.8573
60.14	-4.8577
60.15	-4.8580
60.15	-4.8583
60.17	-4.8586
60.18	-4.8588
60.19	-4.8591
60.20	-4.8595
60.20	-4.8598
60.21	-4.8601
60.22	-4.8605
60.22	-4.8608
60.23	-4.8611
60.24	-4.8614
60.25	-4.8617
60.26	-4.8621
60.27	-4.8624
60.27	-4.8627
60.28	-4.8632
60.29	-4.8635
60.30	-4.8637
60.31	-4.8641
60.32	-4.8645
60.33	-4.8648
60.34	-4.8652
60.34	-4.8655
60.35	-4.8658
60.35	-4.8662
60.37	-4.8668
60.38	-4.8672
60.38	-4.8677
60.40	-4.8681
60.40	-4.8685
60.41	-4.8690
60.42	-4.8693
60.43	-4.8696
60.43	-4.8698
60.44	-4.8702
60.45	-4.8705
60.46	-4.8708
60.47	-4.8711
60.48	-4.8716
60.48	-4.8720
60.49	-4.8724
60.50	-4.8727
60.51	-4.8729
60.52	-4.8732
60.53	-4.8736
60.53	-4.8739
60.54	-4.8743
60.55	-4.8745
60.56	-4.8748
60.57	-4.8751
60.58	-4.8754
60.58	-4.8757
60.59	-4.8761
60.60	-4.8763
60.61	-4.8767
60.62	-4.8771
60.63	-4.8775
60.64	-4.8779
60.65	-4.8782
60.65	-4.8785
60.66	-4.8789
60.67	-4.8792
60.68	-4.8796
60.68	-4.8799
60.69	-4.8801
60.70	-4.8805
60.71	-4.8809
60.72	-4.8813
60.73	-4.8816
60.74	-4.8820
60.74	-4.8823
60.75	-4.8827
60.76	-4.8830
60.77	-4.8833
60.78	-4.8838
60.79	-4.8842
60.80	-4.8845
60.80	-4.8849
60.81	-4.8853
60.82	-4.8854
60.83	-4.8858
60.83	-4.8860
60.84	-4.8864
60.85	-4.8867
60.86	-4.8871
60.87	-4.8873
60.88	-4.8876
60.88	-4.8879
60.89	-4.8882
60.90	-4.8886
60.91	-4.8889
60.92	-4.8892
60.92	-4.8894
60.93	-4.8899
60.94	-4.8902
60.94	-4.8905
60.95	-4.8909
60.96	-4.8912
60.97	-4.8914
60.98	-4.8917
60.99	-4.8920
61.00	-4.8924
61.00	-4.8926
61.01	-4.8930
61.02	-4.8934
61.03	-4.8938
61.04	-4.8939
61.05	-4.8943
61.05	-4.8944
61.06	-4.8947
61.07	-4.8950
61.08	-4.8953
61.08	-4.8955
61.09	-4.8959
61.11	-4.8962
61.12	-4.8965
61.12	-4.8969
61.13	-4.8971
61.14	-4.8975
61.15	-4.8980
61.16	-4.8983
61.17	-4.8987
61.18	-4.8991
61.18	-4.8994
61.19	-4.8998
61.20	-4.9002
61.21	-4.9006
61.22	-4.9010
61.22	-4.9014
61.23	-4.9019
61.24	-4.9025
61.25	-4.9028
61.25	-4.9032
61.26	-4.9036
61.27	-4.9042
61.28	-4.9046
61.29	-4.9051
61.30	-4.9056
61.31	-4.9061
61.32	-4.9067
61.33	-4.9072
61.33	-4.9076
61.34	-4.9082
61.35	-4.9087
61.36	-4.9090
61.37	-4.9095
61.38	-4.9100
61.38	-4.9104
61.39	-4.9109
61.39	-4.9113
61.40	-4.9118
61.42	-4.9123
61.43	-4.9127
61.43	-4.9131
61.43	-4.9135
61.45	-4.9138
61.46	-4.9144
61.47	-4.9151
61.48	-4.9156
61.48	-4.9161
61.49	-4.9166
61.50	-4.9170
61.50	-4.9174
61.52	-4.9178
61.52	-4.9182
61.53	-4.9187
61.54	-4.9192
61.55	-4.9198
61.56	-4.9202
61.57	-4.9204
61.58	-4.9209
61.58	-4.9212
61.59	-4.9216
61.60	-4.9220
61.60	-4.9225
61.61	-4.9227
61.62	-4.9231
61.63	-4.9233
61.64	-4.9237
61.65	-4.9241
61.65	-4.9245
61.66	-4.9248
61.67	-4.9252
61.68	-4.9256
61.69	-4.9261
61.70	-4.9264
61.71	-4.9268
61.71	-4.9271
61.72	-4.9274
61.73	-4.9277
61.74	-4.9284
61.75	-4.9286
61.75	-4.9289
61.76	-4.9294
61.77	-4.9296
61.78	-4.9298
61.79	-4.9304
61.80	-4.9307
61.80	-4.9311
61.81	-4.9314
61.82	-4.9317
61.83	-4.9321
61.84	-4.9324
61.84	-4.9329
61.85	-4.9333
61.86	-4.9336
61.87	-4.9340
61.88	-4.9345
61.88	-4.9349
61.90	-4.9353
61.90	-4.9357
61.91	-4.9362
61.92	-4.9367
61.93	-4.9370
61.93	-4.9374
61.95	-4.9377
61.95	-4.9381
61.96	-4.9383
61.97	-4.9389
61.98	-4.9393
61.98	-4.9397
61.99	-4.9401
62.00	-4.9406
62.01	-4.9409
62.02	-4.9414
62.03	-4.9418
62.04	-4.9420
62.05	-4.9425
62.05	-4.9428
62.06	-4.9433
62.07	-4.9436
62.08	-4.9440
62.09	-4.9443
62.09	-4.9447
62.10	-4.9451
62.10	-4.9456
62.12	-4.9459
62.13	-4.9463
62.14	-4.9466
62.15	-4.9471
62.15	-4.9473
62.16	-4.9475
62.17	-4.9478
62.18	-4.9481
62.19	-4.9485
62.20	-4.9487
62.20	-4.9491
62.21	-4.9494
62.22	-4.9499
62.23	-4.9505
62.24	-4.9508
62.25	-4.9512
62.25	-4.9514
62.26	-4.9517
62.26	-4.9520
62.27	-4.9525
62.29	-4.9528
62.30	-4.9531
62.30	-4.9534
62.31	-4.9539
62.32	-4.9542
62.33	-4.9545
62.34	-4.9548
62.34	-4.9551
62.34	-4.9555
62.36	-4.9558
62.37	-4.9561
62.38	-4.9566
62.39	-4.9569
62.40	-4.9574
62.40	-4.9578
62.41	-4.9580
62.42	-4.9584
62.43	-4.9588
62.43	-4.9592
62.44	-4.9594
62.45	-4.9598
62.46	-4.9602
62.47	-4.9607
62.48	-4.9613
62.49	-4.9616
62.50	-4.9621
62.50	-4.9627
62.51	-4.9632
62.52	-4.9636
62.52	-4.9639
62.54	-4.9645
62.54	-4.9651
62.55	-4.9655
62.56	-4.9659
62.57	-4.9663
62.58	-4.9667
62.58	-4.9670
62.59	-4.9675
62.60	-4.9681
62.61	-4.9684
62.62	-4.9688
62.63	-4.9692
62.63	-4.9696
62.64	-4.9701
62.65	-4.9704
62.65	-4.9709
62.66	-4.9714
62.67	-4.9718
62.68	-4.9723
62.69	-4.9728
62.70	-4.9732
62.71	-4.9736
62.71	-4.9741
62.73	-4.9745
62.73	-4.9750
62.74	-4.9757
62.75	-4.9760
62.75	-4.9764
62.76	-4.9769
62.77	-4.9773
62.78	-4.9780
62.79	-4.9783
62.80	-4.9788
62.80	-4.9793
62.82	-4.9797
62.82	-4.9802
62.83	-4.9806
62.84	-4.9810
62.84	-4.9815
62.85	-4.9820
62.86	-4.9823
62.87	-4.9829
62.88	-4.9834
62.89	-4.9839
62.90	-4.9843
62.91	-4.9847
62.91	-4.9852
62.92	-4.9856
62.93	-4.9859
62.94	-4.9864
62.95	-4.9868
62.95	-4.9872
62.96	-4.9876
62.98	-4.9881
62.98	-4.9886
63.00	-4.9890
63.00	-4.9895
63.01	-4.9900
63.02	-4.9905
63.02	-4.9910
63.03	-4.9916
63.04	-4.9920
63.05	-4.9926
63.05	-4.9930
63.06	-4.9933
63.08	-4.9938
63.09	-4.9941
63.09	-4.9947
63.10	-4.9951
63.10	-4.9955
63.11	-4.9959
63.12	-4.9964
63.13	-4.9967
63.14	-4.9973
63.15	-4.9977
63.15	-4.9982
63.16	-4.9986
63.17	-4.9992
63.18	-4.9995
63.19	-5.0000
63.20	-5.0005
63.21	-5.0011
63.21	-5.0015
63.22	-5.0020
63.23	-5.0024
63.24	-5.0029
63.25	-5.0033
63.25	-5.0037
63.27	-5.0041
63.27	-5.0045
63.28	-5.0050
63.29	-5.0053
63.30	-5.0058
63.30	-5.0063
63.31	-5.0068
63.32	-5.0072
63.33	-5.0076
63.34	-5.0081
63.35	-5.0084
63.35	-5.0088
63.36	-5.0091
63.38	-5.0095
63.38	-5.0099
63.40	-5.0103
63.40	-5.0107
63.41	-5.0111
63.42	-5.0116
63.43	-5.0120
63.43	-5.0121
63.44	-5.0125
63.45	-5.0129
63.45	-5.0132
63.47	-5.0136
63.48	-5.0139
63.48	-5.0142
63.49	-5.0145
63.50	-5.0147
63.51	-5.0150
63.51	-5.0154
63.52	-5.0159
63.53	-5.0161
63.54	-5.0164
63.55	-5.0167
63.55	-5.0170
63.56	-5.0174
63.57	-5.0177
63.58	-5.0181
63.59	-5.0186
63.59	-5.0189
63.60	-5.0191
63.61	-5.0195
63.62	-5.0198
63.63	-5.0200
63.64	-5.0205
63.65	-5.0208
63.65	-5.0210
63.67	-5.0215
63.67	-5.0219
63.68	-5.0222
63.68	-5.0225
63.69	-5.0228
63.70	-5.0232
63.72	-5.0237
63.72	-5.0241
63.73	-5.0244
63.74	-5.0247
63.75	-5.0252
63.75	-5.0255
63.76	-5.0258
63.77	-5.0261
63.78	-5.0266
63.79	-5.0269
63.79	-5.0272
63.80	-5.0276
63.81	-5.0279
63.82	-5.0284
63.83	-5.0287
63.84	-5.0291
63.84	-5.0295
63.85	-5.0298
63.86	-5.0301
63.87	-5.0304
63.88	-5.0307
63.88	-5.0311
63.88	-5.0315
63.88	-5.0317
63.90	-5.0321
63.92	-5.0324
63.93	-5.0329
63.94	-5.0331
63.95	-5.0335
63.95	-5.0338
63.96	-5.0342
63.97	-5.0345
63.98	-5.0348
63.98	-5.0352
63.99	-5.0356
64.00	-5.0357
64.01	-5.0360
64.02	-5.0362
64.03	-5.0364
64.03	-5.0368
64.05	-5.0371
64.05	-5.0376
64.06	-5.0379
64.07	-5.0382
64.08	-5.0387
64.09	-5.0391
64.10	-5.0393
64.11	-5.0397
64.11	-5.0400
64.13	-5.0402
64.13	-5.0406
64.14	-5.0412
64.15	-5.0414
64.16	-5.0419
64.17	-5.0423
64.17	-5.0426
64.18	-5.0429
64.19	-5.0432
64.20	-5.0434
64.20	-5.0437
64.22	-5.0440
64.22	-5.0441
64.23	-5.0444
64.24	-5.0447
64.25	-5.0452
64.25	-5.0454
64.27	-5.0457
64.27	-5.0460
64.28	-5.0462
64.29	-5.0465
64.30	-5.0468
64.31	-5.0470
64.32	-5.0472
64.33	-5.0476
64.33	-5.0478
64.34	-5.0483
64.35	-5.0485
64.36	-5.0489
64.36	-5.0491
64.37	-5.0494
64.38	-5.0496
64.39	-5.0499
64.39	-5.0501
64.40	-5.0504
64.41	-5.0506
64.42	-5.0508
64.43	-5.0510
64.44	-5.0513
64.45	-5.0516
64.45	-5.0519
64.46	-5.0522
64.47	-5.0526
64.48	-5.0530
64.48	-5.0531
64.49	-5.0535
64.50	-5.0538
64.51	-5.0541
64.52	-5.0546
64.53	-5.0549
64.54	-5.0553
64.54	-5.0558
64.55	-5.0560
64.56	-5.0564
64.57	-5.0567
64.58	-5.0572
64.58	-5.0575
64.59	-5.0579
64.60	-5.0582
64.61	-5.0587
64.62	-5.0590
64.63	-5.0594
64.63	-5.0597
64.64	-5.0602
64.65	-5.0606
64.66	-5.0608
64.67	-5.0610
64.68	-5.0615
64.69	-5.0618
64.70	-5.0619
64.70	-5.0623
64.71	-5.0626
64.72	-5.0628
64.73	-5.0630
64.74	-5.0634
64.75	-5.0637
64.75	-5.0640
64.76	-5.0643
64.77	-5.0647
64.78	-5.0651
64.79	-5.0654
64.80	-5.0657
64.80	-5.0660
64.81	-5.0663
64.82	-5.0665
64.83	-5.0669
64.83	-5.0672
64.84	-5.0675
64.85	-5.0679
64.86	-5.0681
64.87	-5.0685
64.88	-5.0688
64.89	-5.0690
64.89	-5.0693
64.90	-5.0696
64.91	-5.0697
64.92	-5.0702
64.93	-5.0706
64.93	-5.0708
64.94	-5.0714
64.95	-5.0717
64.96	-5.0722
64.97	-5.0724
64.98	-5.0726
64.98	-5.0728
64.99	-5.0731
65.00	-5.0732
65.01	-5.0733
65.03	-5.0734
65.03	-5.0736
65.04	-5.0737
65.05	-5.0740
65.05	-5.0740
65.06	-5.0740
65.07	-5.0741
65.08	-5.0742
65.09	-5.0743
65.09	-5.0744
65.10	-5.0744
65.11	-5.0744
65.12	-5.0745
65.13	-5.0745
65.14	-5.0747
65.14	-5.0747
65.16	-5.0747
65.17	-5.0749
65.17	-5.0751
65.18	-5.0750
65.19	-5.0752
65.20	-5.0752
65.20	-5.0753
65.21	-5.0754
65.22	-5.0755
65.23	-5.0756
65.24	-5.0757
65.25	-5.0758
65.25	-5.0760
65.26	-5.0761
65.28	-5.0762
65.28	-5.0763
65.29	-5.0763
65.30	-5.0765
65.30	-5.0767
65.31	-5.0769
65.32	-5.0772
65.33	-5.0774
65.34	-5.0776
65.34	-5.0777
65.35	-5.0782
65.36	-5.0784
65.37	-5.0786
65.38	-5.0789
65.39	-5.0792
65.40	-5.0793
65.41	-5.0796
65.41	-5.0799
65.42	-5.0803
65.43	-5.0806
65.44	-5.0809
65.45	-5.0816
65.45	-5.0819
65.46	-5.0823
65.47	-5.0827
65.48	-5.0831
65.49	-5.0835
65.50	-5.0837
65.50	-5.0840
65.51	-5.0842
65.52	-5.0847
65.53	-5.0852
65.54	-5.0856
65.55	-5.0860
65.55	-5.0864
65.56	-5.0869
65.57	-5.0872
65.58	-5.0876
65.59	-5.0882
65.59	-5.0887
65.61	-5.0891
65.61	-5.0896
65.62	-5.0900
65.63	-5.0903
65.64	-5.0907
65.65	-5.0910
65.66	-5.0913
65.67	-5.0918
65.67	-5.0921
65.68	-5.0925
65.69	-5.0929
65.70	-5.0933
65.70	-5.0937
65.72	-5.0941
65.73	-5.0947
65.73	-5.0952
65.74	-5.0956
65.75	-5.0961
65.75	-5.0965
65.77	-5.0970
65.78	-5.0974
65.78	-5.0978
65.79	-5.0981
65.80	-5.0986
65.80	-5.0991
65.81	-5.0995
65.82	-5.0997
65.83	-5.1002
65.84	-5.1005
65.85	-5.1009
65.86	-5.1014
65.86	-5.1017
65.87	-5.1020
65.88	-5.1025
65.89	-5.1029
65.90	-5.1031
65.91	-5.1034
65.92	-5.1037
65.93	-5.1040
65.93	-5.1042
65.94	-5.1046
65.95	-5.1050
65.96	-5.1052
65.96	-5.1058
65.97	-5.1062
65.98	-5.1064
65.99	-5.1068
66.00	-5.1072
66.01	-5.1075
66.01	-5.1077
66.02	-5.1080
66.03	-5.1082
66.04	-5.1085
66.05	-5.1089
66.06	-5.1091
66.07	-5.1094
66.08	-5.1098
66.08	-5.1100
66.09	-5.1103
66.10	-5.1105
66.10	-5.1110
66.11	-5.1112
66.13	-5.1116
66.13	-5.1121
66.14	-5.1123
66.15	-5.1126
66.16	-5.1128
66.17	-5.1131
66.17	-5.1134
66.18	-5.1136
66.19	-5.1139
66.20	-5.1143
66.20	-5.1145
66.22	-5.1149
66.22	-5.1154
66.23	-5.1158
66.23	-5.1161
66.24	-5.1164
66.25	-5.1167
66.26	-5.1170
66.27	-5.1172
66.28	-5.1176
66.29	-5.1181
66.30	-5.1185
66.30	-5.1189
66.31	-5.1192
66.32	-5.1195
66.33	-5.1199
66.34	-5.1202
66.34	-5.1206
66.35	-5.1208
66.36	-5.1212
66.37	-5.1217
66.38	-5.1222
66.39	-5.1225
66.39	-5.1229
66.41	-5.1231
66.42	-5.1233
66.42	-5.1236
66.42	-5.1238
66.43	-5.1241
66.45	-5.1243
66.45	-5.1246
66.46	-5.1250
66.47	-5.1253
66.48	-5.1257
66.49	-5.1259
66.50	-5.1262
66.50	-5.1266
66.51	-5.1268
66.52	-5.1271
66.53	-5.1273
66.54	-5.1276
66.55	-5.1278
66.55	-5.1282
66.56	-5.1284
66.57	-5.1286
66.58	-5.1290
66.59	-5.1292
66.59	-5.1295
66.60	-5.1297
66.61	-5.1299
66.62	-5.1301
66.63	-5.1303
66.63	-5.1305
66.64	-5.1306
66.66	-5.1310
66.67	-5.1313
66.67	-5.1315
66.68	-5.1317
66.69	-5.1319
66.70	-5.1323
66.71	-5.1325
66.71	-5.1328
66.72	-5.1332
66.73	-5.1335
66.75	-5.1337
66.75	-5.1342
66.75	-5.1345
66.76	-5.1347
66.77	-5.1349
66.78	-5.1352
66.79	-5.1354
66.80	-5.1356
66.80	-5.1359
66.82	-5.1362
66.82	-5.1364
66.83	-5.1367
66.84	-5.1370
66.84	-5.1372
66.86	-5.1375
66.87	-5.1377
66.87	-5.1380
66.88	-5.1384
66.89	-5.1386
66.89	-5.1388
66.90	-5.1391
66.92	-5.1395
66.92	-5.1397
66.93	-5.1399
66.94	-5.1403
66.95	-5.1406
66.95	-5.1409
66.97	-5.1412
66.97	-5.1415
66.98	-5.1418
66.99	-5.1421
67.00	-5.1425
67.01	-5.1428
67.02	-5.1431
67.03	-5.1436
67.04	-5.1438
67.04	-5.1441
67.05	-5.1443
67.05	-5.1446
67.06	-5.1450
67.07	-5.1453
67.08	-5.1455
67.08	-5.1458
67.09	-5.1462
67.10	-5.1464
67.11	-5.1466
67.12	-5.1471
67.13	-5.1474
67.13	-5.1477
67.14	-5.1481
67.15	-5.1483
67.16	-5.1485
67.17	-5.1488
67.18	-5.1491
67.19	-5.1494
67.19	-5.1497
67.20	-5.1499
67.21	-5.1503
67.22	-5.1504
67.22	-5.1507
67.23	-5.1511
67.25	-5.1513
67.25	-5.1516
67.26	-5.1519
67.27	-5.1521
67.28	-5.1524
67.29	-5.1525
67.29	-5.1528
67.30	-5.1532
67.31	-5.1534
67.32	-5.1536
67.33	-5.1538
67.34	-5.1541
67.34	-5.1544
67.35	-5.1548
67.36	-5.1551
67.37	-5.1554
67.38	-5.1557
67.39	-5.1558
67.39	-5.1562
67.40	-5.1564
67.41	-5.1565
67.42	-5.1568
67.43	-5.1569
67.44	-5.1573
67.44	-5.1576
67.45	-5.1579
67.46	-5.1582
67.47	-5.1585
67.48	-5.1588
67.49	-5.1594
67.50	-5.1596
67.50	-5.1598
67.51	-5.1601
67.52	-5.1605
67.53	-5.1609
67.54	-5.1613
67.55	-5.1616
67.56	-5.1620
67.56	-5.1622
67.57	-5.1627
67.58	-5.1629
67.59	-5.1632
67.59	-5.1634
67.60	-5.1639
67.61	-5.1641
67.62	-5.1645
67.63	-5.1649
67.64	-5.1651
67.64	-5.1656
67.65	-5.1659
67.66	-5.1663
67.67	-5.1665
67.68	-5.1669
67.69	-5.1672
67.70	-5.1676
67.70	-5.1680
67.71	-5.1684
67.72	-5.1686
67.73	-5.1689
67.74	-5.1694
67.75	-5.1696
67.75	-5.1699
67.76	-5.1702
67.77	-5.1705
67.78	-5.1708
67.79	-5.1711
67.80	-5.1714
67.81	-5.1718
67.81	-5.1719
67.82	-5.1722
67.83	-5.1726
67.84	-5.1730
67.84	-5.1733
67.86	-5.1735
67.87	-5.1738
67.87	-5.1742
67.88	-5.1743
67.89	-5.1746
67.89	-5.1749
67.90	-5.1754
67.91	-5.1755
67.92	-5.1758
67.93	-5.1761
67.94	-5.1763
67.95	-5.1766
67.95	-5.1770
67.96	-5.1773
67.97	-5.1776
67.98	-5.1779
67.98	-5.1782
67.99	-5.1786
68.01	-5.1789
68.01	-5.1791
68.02	-5.1795
68.03	-5.1798
68.03	-5.1801
68.04	-5.1804
68.05	-5.1807
68.05	-5.1810
68.06	-5.1813
68.07	-5.1818
68.08	-5.1819
68.09	-5.1823
68.10	-5.1825
68.11	-5.1829
68.12	-5.1833
68.13	-5.1835
68.13	-5.1838
68.14	-5.1842
68.14	-5.1845
68.16	-5.1847
68.17	-5.1851
68.18	-5.1855
68.18	-5.1858
68.19	-5.1862
68.20	-5.1865
68.20	-5.1868
68.21	-5.1871
68.22	-5.1875
68.23	-5.1878
68.24	-5.1879
68.25	-5.1884
68.26	-5.1888
68.27	-5.1891
68.28	-5.1895
68.28	-5.1899
68.29	-5.1901
68.30	-5.1905
68.31	-5.1909
68.32	-5.1910
68.33	-5.1915
68.33	-5.1919
68.34	-5.1921
68.35	-5.1925
68.36	-5.1929
68.37	-5.1934
68.38	-5.1936
68.38	-5.1940
68.39	-5.1943
68.40	-5.1947
68.41	-5.1951
68.42	-5.1954
68.42	-5.1958
68.43	-5.1961
68.44	-5.1965
68.45	-5.1969
68.46	-5.1972
68.47	-5.1975
68.48	-5.1978
68.49	-5.1981
68.50	-5.1985
68.50	-5.1988
68.51	-5.1991
68.51	-5.1994
68.52	-5.1996
68.53	-5.1999
68.54	-5.2002
68.55	-5.2005
68.56	-5.2008
68.57	-5.2012
68.58	-5.2014
68.58	-5.2018
68.59	-5.2021
68.60	-5.2024
68.61	-5.2026
68.62	-5.2029
68.63	-5.2032
68.63	-5.2035
68.64	-5.2039
68.65	-5.2041
68.66	-5.2044
68.67	-5.2047
68.67	-5.2050
68.68	-5.2052
68.69	-5.2054
68.70	-5.2057
68.71	-5.2060
68.72	-5.2063
68.73	-5.2067
68.74	-5.2070
68.75	-5.2073
68.75	-5.2078
68.76	-5.2080
68.77	-5.2082
68.78	-5.2085
68.78	-5.2088
68.80	-5.2091
68.80	-5.2094
68.81	-5.2097
68.82	-5.2099
68.83	-5.2104
68.84	-5.2107
68.84	-5.2111
68.85	-5.2114
68.86	-5.2117
68.86	-5.2119
68.87	-5.2122
68.88	-5.2126
68.89	-5.2129
68.90	-5.2132
68.91	-5.2135
68.92	-5.2139
68.92	-5.2141
68.93	-5.2144
68.94	-5.2147
68.95	-5.2150
68.96	-5.2150
68.97	-5.2153
68.98	-5.2155
68.98	-5.2157
68.99	-5.2160
69.00	-5.2163
69.01	-5.2166
69.02	-5.2170
69.03	-5.2172
69.03	-5.2175
69.04	-5.2178
69.05	-5.2181
69.06	-5.2183
69.06	-5.2187
69.07	-5.2188
69.08	-5.2190
69.09	-5.2191
69.10	-5.2194
69.11	-5.2198
69.12	-5.2201
69.13	-5.2204
69.13	-5.2206
69.14	-5.2210
69.15	-5.2213
69.16	-5.2216
69.17	-5.2218
69.17	-5.2222
69.18	-5.2226
69.19	-5.2228
69.20	-5.2232
69.20	-5.2236
69.22	-5.2239
69.23	-5.2242
69.24	-5.2245
69.24	-5.2248
69.25	-5.2251
69.25	-5.2253
69.26	-5.2256
69.28	-5.2258
69.28	-5.2261
69.29	-5.2262
69.30	-5.2265
69.31	-5.2267
69.32	-5.2270
69.32	-5.2273
69.33	-5.2276
69.34	-5.2279
69.34	-5.2282
69.36	-5.2284
69.37	-5.2287
69.38	-5.2289
69.38	-5.2293
69.39	-5.2295
69.40	-5.2299
69.41	-5.2301
69.41	-5.2305
69.42	-5.2307
69.43	-5.2310
69.44	-5.2313
69.45	-5.2316
69.46	-5.2321
69.47	-5.2325
69.48	-5.2327
69.48	-5.2331
69.49	-5.2334
69.50	-5.2337
69.51	-5.2340
69.52	-5.2342
69.53	-5.2345
69.54	-5.2348
69.55	-5.2351
69.55	-5.2357
69.56	-5.2359
69.57	-5.2362
69.57	-5.2367
69.58	-5.2369
69.59	-5.2372
69.60	-5.2374
69.61	-5.2376
69.62	-5.2379
69.63	-5.2381
69.63	-5.2384
69.64	-5.2387
69.65	-5.2390
69.66	-5.2394
69.67	-5.2397
69.68	-5.2400
69.68	-5.2403
69.69	-5.2406
69.70	-5.2409
69.71	-5.2412
69.72	-5.2414
69.73	-5.2418
69.74	-5.2420
69.74	-5.2421
69.75	-5.2424
69.75	-5.2425
69.76	-5.2428
69.77	-5.2429
69.78	-5.2432
69.79	-5.2436
69.80	-5.2436
69.81	-5.2440
69.81	-5.2443
69.82	-5.2445
69.83	-5.2447
69.84	-5.2451
69.85	-5.2453
69.85	-5.2455
69.86	-5.2458
69.87	-5.2461
69.88	-5.2464
69.89	-5.2466
69.89	-5.2468
69.90	-5.2471
69.92	-5.2474
69.92	-5.2479
69.93	-5.2481
69.94	-5.2482
69.95	-5.2486
69.95	-5.2489
69.96	-5.2493
69.97	-5.2497
69.98	-5.2500
69.99	-5.2504
70.00	-5.2510
70.00	-5.2513
70.01	-5.2516
70.02	-5.2518
70.03	-5.2523
70.04	-5.2524
70.05	-5.2528
70.05	-5.2532
70.07	-5.2536
70.07	-5.2539
70.08	-5.2542
70.09	-5.2546
70.09	-5.2549
70.10	-5.2552
70.12	-5.2554
70.12	-5.2557
70.13	-5.2560
70.14	-5.2564
70.14	-5.2569
70.15	-5.2571
70.16	-5.2574
70.17	-5.2576
70.18	-5.2579
70.19	-5.2583
70.20	-5.2586
70.20	-5.2589
70.22	-5.2593
70.23	-5.2595
70.23	-5.2598
70.24	-5.2601
70.25	-5.2605
70.26	-5.2606
70.26	-5.2609
70.27	-5.2613
70.28	-5.2615
70.29	-5.2620
70.30	-5.2622
70.30	-5.2625
70.32	-5.2627
70.33	-5.2629
70.33	-5.2631
70.34	-5.2634
70.34	-5.2637
70.36	-5.2639
70.37	-5.2641
70.37	-5.2643
70.37	-5.2647
70.38	-5.2650
70.40	-5.2653
70.41	-5.2656
70.42	-5.2659
70.42	-5.2661
70.43	-5.2662
70.44	-5.2666
70.45	-5.2669
70.46	-5.2671
70.47	-5.2674
70.48	-5.2677
70.48	-5.2682
70.49	-5.2685
70.50	-5.2689
70.50	-5.2691
70.51	-5.2696
70.53	-5.2699
70.53	-5.2704
70.54	-5.2707
70.55	-5.2710
70.55	-5.2713
70.56	-5.2716
70.57	-5.2719
70.58	-5.2722
70.59	-5.2725
70.59	-5.2730
70.60	-5.2733
70.61	-5.2736
70.63	-5.2740
70.63	-5.2745
70.64	-5.2746
70.64	-5.2750
70.65	-5.2753
70.66	-5.2755
70.67	-5.2758
70.68	-5.2763
70.69	-5.2764
70.70	-5.2769
70.70	-5.2772
70.71	-5.2774
70.72	-5.2777
70.73	-5.2780
70.74	-5.2782
70.74	-5.2786
70.75	-5.2788
70.76	-5.2791
70.77	-5.2794
70.78	-5.2797
70.79	-5.2800
70.80	-5.2805
70.80	-5.2808
70.81	-5.2810
70.82	-5.2812
70.83	-5.2814
70.84	-5.2817
70.84	-5.2820
70.84	-5.2822
70.86	-5.2826
70.87	-5.2829
70.87	-5.2831
70.88	-5.2833
70.89	-5.2836
70.90	-5.2838
70.91	-5.2841
70.92	-5.2842
70.93	-5.2845
70.94	-5.2849
70.95	-5.2854
70.95	-5.2859
70.96	-5.2862
70.97	-5.2865
70.98	-5.2867
70.98	-5.2869
70.99	-5.2872
71.00	-5.2875
71.02	-5.2876
71.03	-5.2880
71.03	-5.2885
71.04	-5.2888
71.05	-5.2891
71.06	-5.2895
71.07	-5.2897
71.08	-5.2900
71.08	-5.2904
71.08	-5.2907
71.09	-5.2910
71.11	-5.2912
71.11	-5.2915
71.12	-5.2919
71.13	-5.2921
71.14	-5.2925
71.14	-5.2928
71.15	-5.2931
71.17	-5.2936
71.17	-5.2940
71.18	-5.2943
71.19	-5.2946
71.20	-5.2950
71.20	-5.2953
71.21	-5.2956
71.22	-5.2959
71.23	-5.2963
71.24	-5.2967
71.25	-5.2969
71.26	-5.2972
71.27	-5.2974
71.28	-5.2976
71.28	-5.2979
71.29	-5.2984
71.30	-5.2987
71.31	-5.2991
71.32	-5.2994
71.32	-5.2997
71.33	-5.3000
71.34	-5.3003
71.34	-5.3005
71.35	-5.3008
71.36	-5.3010
71.37	-5.3012
71.38	-5.3014
71.39	-5.3015
71.39	-5.3018
71.40	-5.3019
71.41	-5.3020
71.42	-5.3022
71.43	-5.3024
71.44	-5.3025
71.45	-5.3027
71.46	-5.3028
71.47	-5.3031
71.47	-5.3033
71.48	-5.3037
71.49	-5.3040
71.50	-5.3043
71.50	-5.3045
71.51	-5.3049
71.52	-5.3050
71.53	-5.3052
71.54	-5.3055
71.55	-5.3058
71.55	-5.3060
71.56	-5.3062
71.57	-5.3065
71.58	-5.3069
71.58	-5.3072
71.59	-5.3074
71.60	-5.3076
71.61	-5.3079
71.62	-5.3081
71.63	-5.3085
71.64	-5.3090
71.64	-5.3092
71.65	-5.3095
71.66	-5.3097
71.67	-5.3102
71.67	-5.3106
71.68	-5.3108
71.69	-5.3112
71.70	-5.3116
71.71	-5.3120
71.72	-5.3123
71.73	-5.3127
71.74	-5.3130
71.75	-5.3135
71.75	-5.3138
71.76	-5.3141
71.77	-5.3143
71.78	-5.3147
71.78	-5.3149
71.79	-5.3152
71.80	-5.3155
71.81	-5.3158
71.82	-5.3160
71.83	-5.3164
71.83	-5.3168
71.84	-5.3171
71.85	-5.3174
71.86	-5.3178
71.87	-5.3180
71.88	-5.3182
71.89	-5.3185
71.89	-5.3187
71.90	-5.3190
71.91	-5.3192
71.92	-5.3196
71.93	-5.3198
71.94	-5.3202
71.94	-5.3206
71.95	-5.3210
71.96	-5.3212
71.97	-5.3216
71.98	-5.3218
71.98	-5.3221
72.00	-5.3223
72.00	-5.3225
72.01	-5.3227
72.02	-5.3228
72.03	-5.3230
72.03	-5.3234
72.04	-5.3237
72.05	-5.3241
72.06	-5.3246
72.07	-5.3249
72.08	-5.3252
72.09	-5.3257
72.09	-5.3261
72.10	-5.3263
72.11	-5.3268
72.12	-5.3270
72.13	-5.3273
72.13	-5.3276
72.14	-5.3279
72.15	-5.3283
72.16	-5.3287
72.17	-5.3290
72.17	-5.3293
72.19	-5.3297
72.20	-5.3300
72.20	-5.3305
72.21	-5.3307
72.22	-5.3311
72.23	-5.3314
72.24	-5.3317
72.25	-5.3321
72.25	-5.3326
72.26	-5.3329
72.27	-5.3332
72.28	-5.3335
72.28	-5.3339
72.29	-5.3343
72.30	-5.3346
72.31	-5.3348
72.32	-5.3353
72.33	-5.3356
72.34	-5.3359
72.34	-5.3363
72.35	-5.3366
72.36	-5.3370
72.37	-5.3371
72.38	-5.3374
72.39	-5.3377
72.39	-5.3380
72.40	-5.3383
72.41	-5.3387
72.42	-5.3389
72.42	-5.3390
72.43	-5.3393
72.44	-5.3395
72.45	-5.3398
72.45	-5.3400
72.46	-5.3402
72.47	-5.3404
72.48	-5.3408
72.49	-5.3411
72.50	-5.3414
72.51	-5.3418
72.52	-5.3421
72.53	-5.3423
72.53	-5.3426
72.54	-5.3430
72.55	-5.3433
72.56	-5.3436
72.57	-5.3440
72.58	-5.3442
72.58	-5.3446
72.59	-5.3448
72.60	-5.3451
72.61	-5.3452
72.62	-5.3457
72.63	-5.3459
72.63	-5.3463
72.64	-5.3465
72.65	-5.3469
72.66	-5.3471
72.67	-5.3475
72.67	-5.3478
72.68	-5.3482
72.69	-5.3485
72.70	-5.3487
72.70	-5.3490
72.71	-5.3494
72.73	-5.3498
72.73	-5.3501
72.74	-5.3505
72.75	-5.3509
72.76	-5.3510
72.77	-5.3514
72.78	-5.3518
72.78	-5.3521
72.79	-5.3524
72.80	-5.3528
72.81	-5.3531
72.81	-5.3534
72.83	-5.3537
72.83	-5.3540
72.84	-5.3543
72.84	-5.3546
72.86	-5.3548
72.87	-5.3551
72.88	-5.3556
72.88	-5.3558
72.89	-5.3561
72.90	-5.3563
72.91	-5.3566
72.92	-5.3569
72.92	-5.3572
72.93	-5.3576
72.94	-5.3579
72.95	-5.3581
72.96	-5.3584
72.97	-5.3586
72.98	-5.3589
72.98	-5.3592
72.99	-5.3595
73.00	-5.3599
73.00	-5.3604
73.01	-5.3607
73.03	-5.3610
73.03	-5.3615
73.04	-5.3619
73.05	-5.3622
73.06	-5.3625
73.07	-5.3628
73.07	-5.3632
73.08	-5.3636
73.09	-5.3639
73.10	-5.3643
73.11	-5.3645
73.12	-5.3648
73.13	-5.3652
73.13	-5.3655
73.14	-5.3658
73.15	-5.3661
73.16	-5.3666
73.17	-5.3668
73.17	-5.3671
73.19	-5.3673
73.19	-5.3676
73.20	-5.3681
73.21	-5.3685
73.22	-5.3689
73.23	-5.3690
73.23	-5.3693
73.25	-5.3696
73.25	-5.3700
73.26	-5.3703
73.27	-5.3707
73.28	-5.3710
73.29	-5.3713
73.30	-5.3717
73.30	-5.3721
73.31	-5.3724
73.31	-5.3728
73.32	-5.3731
73.33	-5.3734
73.34	-5.3738
73.35	-5.3740
73.36	-5.3742
73.37	-5.3746
73.38	-5.3748
73.38	-5.3751
73.39	-5.3753
73.39	-5.3757
73.40	-5.3759
73.42	-5.3763
73.42	-5.3766
73.43	-5.3767
73.44	-5.3770
73.45	-5.3772
73.45	-5.3773
73.46	-5.3775
73.48	-5.3778
73.48	-5.3781
73.49	-5.3783
73.50	-5.3786
73.51	-5.3790
73.52	-5.3792
73.53	-5.3795
73.53	-5.3799
73.54	-5.3801
73.55	-5.3803
73.55	-5.3806
73.56	-5.3809
73.58	-5.3811
73.59	-5.3813
73.59	-5.3816
73.60	-5.3818
73.61	-5.3821
73.61	-5.3822
73.63	-5.3826
73.63	-5.3829
73.64	-5.3830
73.65	-5.3833
73.66	-5.3836
73.67	-5.3840
73.67	-5.3843
73.68	-5.3847
73.69	-5.3850
73.70	-5.3854
73.71	-5.3856
73.72	-5.3859
73.73	-5.3862
73.73	-5.3866
73.75	-5.3868
73.75	-5.3871
73.76	-5.3873
73.77	-5.3877
73.78	-5.3882
73.78	-5.3884
73.79	-5.3887
73.80	-5.3889
73.81	-5.3891
73.82	-5.3895
73.83	-5.3899
73.83	-5.3901
73.84	-5.3906
73.85	-5.3909
73.85	-5.3914
73.87	-5.3915
73.88	-5.3919
73.88	-5.3923
73.89	-5.3925
73.90	-5.3927
73.91	-5.3929
73.92	-5.3932
73.92	-5.3934
73.93	-5.3937
73.95	-5.3941
73.95	-5.3944
73.96	-5.3947
73.97	-5.3950
73.98	-5.3952
73.98	-5.3954
73.99	-5.3957
74.00	-5.3958
74.01	-5.3962
74.02	-5.3964
74.03	-5.3968
74.03	-5.3970
74.05	-5.3973
74.05	-5.3977
74.06	-5.3979
74.06	-5.3983
74.08	-5.3985
74.08	-5.3988
74.09	-5.3991
74.10	-5.3992
74.11	-5.3996
74.12	-5.3999
74.13	-5.4001
74.14	-5.4005
74.14	-5.4008
74.15	-5.4011
74.16	-5.4013
74.17	-5.4016
74.17	-5.4019
74.19	-5.4022
74.19	-5.4024
74.20	-5.4026
74.20	-5.4030
74.21	-5.4035
74.22	-5.4037
74.23	-5.4039
74.24	-5.4045
74.25	-5.4048
74.26	-5.4050
74.26	-5.4052
74.27	-5.4055
74.28	-5.4058
74.29	-5.4062
74.30	-5.4065
74.30	-5.4068
74.31	-5.4071
74.33	-5.4074
74.33	-5.4077
74.34	-5.4080
74.35	-5.4084
74.35	-5.4085
74.37	-5.4088
74.38	-5.4090
74.38	-5.4094
74.39	-5.4097
74.39	-5.4099
74.40	-5.4102
74.41	-5.4104
74.42	-5.4108
74.43	-5.4110
74.44	-5.4112
74.45	-5.4115
74.46	-5.4118
74.47	-5.4119
74.48	-5.4123
74.48	-5.4125
74.49	-5.4126
74.50	-5.4129
74.50	-5.4132
74.51	-5.4135
74.53	-5.4140
74.54	-5.4142
74.54	-5.4146
74.55	-5.4148
74.56	-5.4151
74.57	-5.4155
74.57	-5.4157
74.58	-5.4161
74.59	-5.4164
74.60	-5.4166
74.61	-5.4168
74.62	-5.4171
74.63	-5.4175
74.63	-5.4179
74.64	-5.4180
74.65	-5.4185
74.66	-5.4189
74.67	-5.4190
74.67	-5.4195
74.68	-5.4197
74.69	-5.4199
74.70	-5.4203
74.70	-5.4205
74.71	-5.4207
74.73	-5.4211
74.73	-5.4217
74.74	-5.4220
74.75	-5.4223
74.75	-5.4227
74.77	-5.4230
74.77	-5.4234
74.78	-5.4238
74.80	-5.4240
74.80	-5.4244
74.81	-5.4247
74.82	-5.4250
74.83	-5.4254
74.83	-5.4258
74.84	-5.4262
74.85	-5.4265
74.86	-5.4268
74.87	-5.4271
74.88	-5.4274
74.88	-5.4277
74.89	-5.4281
74.90	-5.4284
74.91	-5.4287
74.92	-5.4290
74.92	-5.4293
74.93	-5.4297
74.94	-5.4301
74.95	-5.4304
74.95	-5.4308
74.97	-5.4312
74.98	-5.4315
74.98	-5.4319
74.99	-5.4322
75.00	-5.4325
75.01	-5.4327
75.02	-5.4331
75.03	-5.4333
75.04	-5.4336
75.05	-5.4338
75.05	-5.4342
75.06	-5.4344
75.07	-5.4346
75.08	-5.4350
75.08	-5.4353
75.09	-5.4356
75.09	-5.4358
75.10	-5.4363
75.11	-5.4367
75.12	-5.4370
75.13	-5.4374
75.14	-5.4378
75.15	-5.4382
75.16	-5.4385
75.17	-5.4389
75.17	-5.4392
75.18	-5.4394
75.19	-5.4396
75.20	-5.4398
75.20	-5.4401
75.22	-5.4401
75.22	-5.4406
75.23	-5.4408
75.24	-5.4410
75.25	-5.4413
75.25	-5.4416
75.27	-5.4420
75.28	-5.4422
75.28	-5.4428
75.29	-5.4431
75.30	-5.4435
75.31	-5.4439
75.31	-5.4440
75.33	-5.4443
75.33	-5.4446
75.34	-5.4449
75.35	-5.4452
75.35	-5.4455
75.36	-5.4456
75.37	-5.4461
75.38	-5.4465
75.39	-5.4467
75.40	-5.4470
75.41	-5.4472
75.41	-5.4476
75.42	-5.4478
75.43	-5.4482
75.44	-5.4484
75.45	-5.4487
75.46	-5.4489
75.47	-5.4492
75.48	-5.4492
75.48	-5.4495
75.49	-5.4497
75.50	-5.4500
75.50	-5.4503
75.51	-5.4504
75.52	-5.4507
75.53	-5.4511
75.54	-5.4514
75.55	-5.4516
75.55	-5.4520
75.56	-5.4523
75.57	-5.4527
75.58	-5.4532
75.59	-5.4534
75.60	-5.4539
75.61	-5.4541
75.62	-5.4544
75.62	-5.4546
75.63	-5.4550
75.64	-5.4554
75.64	-5.4556
75.65	-5.4559
75.66	-5.4562
75.67	-5.4565
75.68	-5.4568
75.69	-5.4571
75.70	-5.4574
75.71	-5.4577
75.72	-5.4580
75.73	-5.4583
75.74	-5.4586
75.74	-5.4591
75.75	-5.4594
75.76	-5.4599
75.77	-5.4600
75.78	-5.4603
75.78	-5.4606
75.79	-5.4610
75.80	-5.4611
75.81	-5.4613
75.82	-5.4616
75.83	-5.4618
75.83	-5.4621
75.84	-5.4624
75.85	-5.4626
75.86	-5.4629
75.87	-5.4631
75.88	-5.4633
75.88	-5.4635
75.89	-5.4638
75.89	-5.4640
75.91	-5.4644
75.91	-5.4648
75.92	-5.4650
75.93	-5.4653
75.94	-5.4654
75.95	-5.4657
75.96	-5.4661
75.97	-5.4661
75.97	-5.4663
75.98	-5.4665
75.99	-5.4668
76.00	-5.4670
76.00	-5.4675
76.02	-5.4677
76.03	-5.4680
76.03	-5.4682
76.04	-5.4683
76.04	-5.4686
76.05	-5.4689
76.06	-5.4690
76.08	-5.4692
76.08	-5.4695
76.09	-5.4697
76.09	-5.4700
76.10	-5.4703
76.11	-5.4707
76.12	-5.4710
76.13	-5.4713
76.14	-5.4717
76.14	-5.4720
76.15	-5.4722
76.16	-5.4723
76.17	-5.4726
76.18	-5.4729
76.19	-5.4733
76.20	-5.4736
76.20	-5.4739
76.21	-5.4743
76.23	-5.4744
76.23	-5.4748
76.24	-5.4750
76.25	-5.4753
76.26	-5.4758
76.27	-5.4760
76.28	-5.4764
76.28	-5.4769
76.29	-5.4773
76.30	-5.4776
76.30	-5.4777
76.32	-5.4781
76.32	-5.4785
76.33	-5.4788
76.33	-5.4792
76.34	-5.4795
76.35	-5.4800
76.36	-5.4802
76.37	-5.4805
76.38	-5.4809
76.39	-5.4812
76.40	-5.4814
76.41	-5.4816
76.41	-5.4819
76.42	-5.4822
76.43	-5.4826
76.44	-5.4830
76.45	-5.4832
76.45	-5.4835
76.46	-5.4839
76.47	-5.4841
76.48	-5.4844
76.49	-5.4848
76.50	-5.4850
76.51	-5.4854
76.51	-5.4857
76.53	-5.4860
76.53	-5.4863
76.54	-5.4866
76.55	-5.4868
76.56	-5.4871
76.57	-5.4874
76.58	-5.4877
76.58	-5.4879
76.59	-5.4881
76.59	-5.4883
76.60	-5.4888
76.62	-5.4892
76.63	-5.4894
76.63	-5.4899
76.63	-5.4903
76.64	-5.4906
76.65	-5.4909
76.66	-5.4911
76.67	-5.4914
76.68	-5.4920
76.69	-5.4922
76.70	-5.4924
76.71	-5.4927
76.72	-5.4930
76.72	-5.4933
76.73	-5.4935
76.74	-5.4940
76.75	-5.4943
76.75	-5.4947
76.77	-5.4951
76.78	-5.4953
76.78	-5.4958
76.79	-5.4962
76.80	-5.4964
76.81	-5.4966
76.81	-5.4971
76.82	-5.4973
76.83	-5.4975
76.84	-5.4977
76.85	-5.4981
76.86	-5.4983
76.86	-5.4987
76.87	-5.4990
76.88	-5.4992
76.88	-5.4996
76.89	-5.4999
76.90	-5.5003
76.91	-5.5006
76.92	-5.5010
76.92	-5.5013
76.93	-5.5016
76.95	-5.5020
76.95	-5.5023
76.96	-5.5025
76.97	-5.5026
76.98	-5.5030
76.98	-5.5033
77.00	-5.5036
77.00	-5.5039
77.01	-5.5043
77.02	-5.5047
77.03	-5.5049
77.04	-5.5053
77.05	-5.5054
77.05	-5.5057
77.06	-5.5061
77.08	-5.5064
77.08	-5.5065
77.09	-5.5068
77.09	-5.5072
77.10	-5.5074
77.11	-5.5075
77.12	-5.5078
77.13	-5.5082
77.14	-5.5084
77.14	-5.5087
77.15	-5.5090
77.16	-5.5093
77.17	-5.5097
77.18	-5.5099
77.19	-5.5102
77.20	-5.5105
77.21	-5.5109
77.22	-5.5111
77.23	-5.5115
77.23	-5.5118
77.24	-5.5120
77.25	-5.5121
77.25	-5.5123
77.27	-5.5128
77.28	-5.5133
77.28	-5.5136
77.29	-5.5139
77.30	-5.5143
77.31	-5.5146
77.31	-5.5149
77.32	-5.5151
77.33	-5.5155
77.34	-5.5158
77.35	-5.5162
77.35	-5.5165
77.36	-5.5169
77.37	-5.5172
77.38	-5.5177
77.39	-5.5180
77.39	-5.5184
77.40	-5.5188
77.41	-5.5191
77.42	-5.5193
77.43	-5.5198
77.44	-5.5202
77.45	-5.5206
77.45	-5.5209
77.47	-5.5212
77.48	-5.5215
77.48	-5.5219
77.49	-5.5222
77.50	-5.5225
77.50	-5.5229
77.51	-5.5232
77.52	-5.5235
77.53	-5.5238
77.54	-5.5242
77.55	-5.5247
77.55	-5.5250
77.56	-5.5253
77.58	-5.5255
77.58	-5.5260
77.59	-5.5263
77.59	-5.5265
77.60	-5.5269
77.61	-5.5273
77.62	-5.5276
77.63	-5.5281
77.64	-5.5284
77.64	-5.5287
77.65	-5.5292
77.66	-5.5294
77.67	-5.5298
77.68	-5.5302
77.69	-5.5306
77.70	-5.5309
77.70	-5.5309
77.71	-5.5313
77.73	-5.5315
77.73	-5.5317
77.74	-5.5320
77.75	-5.5324
77.75	-5.5329
77.76	-5.5331
77.77	-5.5334
77.78	-5.5338
77.78	-5.5341
77.79	-5.5345
77.80	-5.5348
77.81	-5.5352
77.82	-5.5355
77.83	-5.5361
77.84	-5.5366
77.84	-5.5366
77.85	-5.5369
77.85	-5.5372
77.87	-5.5374
77.88	-5.5377
77.89	-5.5380
77.89	-5.5384
77.90	-5.5387
77.91	-5.5389
77.92	-5.5391
77.93	-5.5394
77.94	-5.5397
77.94	-5.5400
77.95	-5.5403
77.96	-5.5405
77.97	-5.5408
77.98	-5.5410
77.99	-5.5413
78.00	-5.5416
78.00	-5.5417
78.01	-5.5421
78.02	-5.5422
78.03	-5.5426
78.04	-5.5430
78.05	-5.5431
78.05	-5.5433
78.06	-5.5436
78.07	-5.5437
78.08	-5.5440
78.09	-5.5441
78.09	-5.5443
78.10	-5.5446
78.12	-5.5449
78.12	-5.5452
78.13	-5.5455
78.14	-5.5458
78.14	-5.5460
78.15	-5.5463
78.16	-5.5464
78.17	-5.5468
78.17	-5.5471
78.19	-5.5473
78.20	-5.5475
78.20	-5.5479
78.21	-5.5479
78.22	-5.5483
78.23	-5.5487
78.24	-5.5489
78.25	-5.5491
78.25	-5.5495
78.26	-5.5498
78.27	-5.5500
78.28	-5.5505
78.28	-5.5509
78.29	-5.5512
78.30	-5.5515
78.31	-5.5518
78.32	-5.5519
78.33	-5.5521
78.33	-5.5523
78.34	-5.5528
78.35	-5.5530
78.36	-5.5533
78.37	-5.5536
78.38	-5.5540
78.39	-5.5543
78.39	-5.5548
78.40	-5.5552
78.42	-5.5557
78.42	-5.5565
78.43	-5.5569
78.44	-5.5574
78.45	-5.5577
78.45	-5.5581
78.46	-5.5586
78.47	-5.5590
78.48	-5.5596
78.49	-5.5599
78.50	-5.5603
78.50	-5.5608
78.51	-5.5611
78.52	-5.5618
78.53	-5.5621
78.54	-5.5629
78.55	-5.5634
78.55	-5.5640
78.56	-5.5644
78.57	-5.5648
78.58	-5.5652
78.59	-5.5659
78.59	-5.5664
78.61	-5.5669
78.61	-5.5675
78.62	-5.5679
78.63	-5.5683
78.64	-5.5687
78.64	-5.5692
78.65	-5.5696
78.65	-5.5699
78.66	-5.5704
78.67	-5.5708
78.67	-5.5711
78.69	-5.5716
78.70	-5.5720
78.70	-5.5725
78.71	-5.5729
78.73	-5.5732
78.74	-5.5734
78.74	-5.5739
78.75	-5.5742
78.76	-5.5746
78.77	-5.5749
78.78	-5.5752
78.78	-5.5756
78.79	-5.5758
78.80	-5.5759
78.81	-5.5763
78.81	-5.5763
78.82	-5.5765
78.83	-5.5769
78.84	-5.5770
78.85	-5.5774
78.86	-5.5776
78.87	-5.5777
78.88	-5.5780
78.88	-5.5783
78.89	-5.5785
78.90	-5.5786
78.91	-5.5791
78.92	-5.5792
78.92	-5.5794
78.93	-5.5798
78.94	-5.5798
78.95	-5.5802
78.96	-5.5804
78.97	-5.5806
78.98	-5.5807
78.98	-5.5810
78.99	-5.5813
79.00	-5.5814
79.01	-5.5818
79.02	-5.5821
79.03	-5.5822
79.03	-5.5825
79.04	-5.5827
79.05	-5.5831
79.05	-5.5832
79.07	-5.5834
79.08	-5.5835
79.08	-5.5838
79.09	-5.5839
79.10	-5.5841
79.10	-5.5844
79.11	-5.5847
79.12	-5.5847
79.13	-5.5851
79.14	-5.5852
79.15	-5.5856
79.16	-5.5857
79.17	-5.5860
79.17	-5.5863
79.18	-5.5864
79.19	-5.5867
79.20	-5.5869
79.21	-5.5871
79.22	-5.5874
79.23	-5.5878
79.23	-5.5880
79.24	-5.5883
79.25	-5.5884
79.25	-5.5886
79.26	-5.5888
79.28	-5.5889
79.28	-5.5891
79.29	-5.5894
79.30	-5.5894
79.30	-5.5897
79.32	-5.5899
79.33	-5.5901
79.33	-5.5903
79.34	-5.5904
79.35	-5.5906
79.36	-5.5909
79.36	-5.5913
79.38	-5.5914
79.39	-5.5916
79.39	-5.5919
79.39	-5.5920
79.41	-5.5923
79.42	-5.5926
79.42	-5.5928
79.43	-5.5930
79.44	-5.5933
79.45	-5.5936
79.46	-5.5938
79.46	-5.5942
79.47	-5.5944
79.48	-5.5947
79.49	-5.5949
79.50	-5.5955
79.51	-5.5957
79.52	-5.5959
79.53	-5.5963
79.53	-5.5964
79.54	-5.5966
79.55	-5.5970
79.55	-5.5975
79.56	-5.5978
79.57	-5.5982
79.58	-5.5988
79.58	-5.5990
79.59	-5.5995
79.60	-5.5998
79.61	-5.6001
79.62	-5.6004
79.63	-5.6006
79.64	-5.6009
79.64	-5.6010
79.65	-5.6016
79.66	-5.6020
79.67	-5.6022
79.68	-5.6026
79.68	-5.6030
79.69	-5.6034
79.70	-5.6037
79.71	-5.6039
79.72	-5.6042
79.73	-5.6047
79.74	-5.6051
79.75	-5.6054
79.75	-5.6058
79.76	-5.6060
79.77	-5.6062
79.78	-5.6066
79.78	-5.6070
79.79	-5.6072
79.80	-5.6075
79.82	-5.6079
79.82	-5.6081
79.83	-5.6084
79.84	-5.6087
79.84	-5.6090
79.85	-5.6094
79.86	-5.6095
79.87	-5.6097
79.88	-5.6101
79.89	-5.6104
79.90	-5.6107
79.91	-5.6110
79.91	-5.6114
79.92	-5.6117
79.92	-5.6119
79.94	-5.6123
79.95	-5.6126
79.95	-5.6127
79.96	-5.6129
79.97	-5.6132
79.98	-5.6134
79.99	-5.6137
80.00	-5.6140
80.00	-5.6144
80.01	-5.6148
80.02	-5.6150
80.03	-5.6154
80.04	-5.6157
80.05	-5.6161
80.05	-5.6164
80.06	-5.6167
80.07	-5.6171
80.08	-5.6174
80.09	-5.6177
80.09	-5.6181
80.10	-5.6184
80.11	-5.6187
80.12	-5.6192
80.13	-5.6194
80.14	-5.6198
80.14	-5.6202
80.15	-5.6205
80.16	-5.6209
80.17	-5.6212
80.18	-5.6214
80.19	-5.6219
80.20	-5.6223
80.20	-5.6227
80.21	-5.6231
80.22	-5.6235
80.23	-5.6237
80.23	-5.6241
80.25	-5.6243
80.25	-5.6246
80.26	-5.6248
80.27	-5.6250
80.28	-5.6254
80.29	-5.6256
80.30	-5.6260
80.30	-5.6263
80.31	-5.6265
80.32	-5.6268
80.33	-5.6272
80.34	-5.6274
80.35	-5.6278
80.35	-5.6282
80.36	-5.6284
80.37	-5.6286
80.38	-5.6290
80.39	-5.6292
80.40	-5.6294
80.41	-5.6297
80.42	-5.6300
80.42	-5.6303
80.43	-5.6307
80.44	-5.6308
80.45	-5.6311
80.45	-5.6314
80.46	-5.6315
80.47	-5.6318
80.48	-5.6319
80.49	-5.6322
80.49	-5.6325
80.50	-5.6326
80.51	-5.6328
80.52	-5.6329
80.53	-5.6331
80.54	-5.6334
80.54	-5.6336
80.55	-5.6339
80.56	-5.6343
80.57	-5.6347
80.58	-5.6351
80.59	-5.6354
80.60	-5.6356
80.60	-5.6360
80.61	-5.6364
80.62	-5.6368
80.63	-5.6371
80.63	-5.6374
80.64	-5.6378
80.65	-5.6383
80.66	-5.6387
80.67	-5.6390
80.67	-5.6394
80.68	-5.6397
80.69	-5.6401
80.70	-5.6406
80.71	-5.6410
80.72	-5.6415
80.73	-5.6418
80.73	-5.6422
80.74	-5.6425
80.75	-5.6430
80.76	-5.6434
80.77	-5.6438
80.78	-5.6445
80.79	-5.6449
80.79	-5.6456
80.80	-5.6459
80.81	-5.6462
80.82	-5.6466
80.83	-5.6471
80.83	-5.6474
80.84	-5.6479
80.85	-5.6482
80.86	-5.6483
80.87	-5.6486
80.88	-5.6489
80.89	-5.6491
80.89	-5.6494
80.90	-5.6496
80.91	-5.6499
80.92	-5.6501
80.92	-5.6505
80.93	-5.6507
80.95	-5.6509
80.95	-5.6511
80.96	-5.6514
80.97	-5.6516
80.98	-5.6519
80.98	-5.6523
80.99	-5.6526
81.00	-5.6531
81.01	-5.6535
81.02	-5.6538
81.03	-5.6540
81.04	-5.6543
81.05	-5.6546
81.05	-5.6548
81.06	-5.6551
81.07	-5.6552
81.08	-5.6556
81.09	-5.6558
81.09	-5.6561
81.10	-5.6564
81.11	-5.6567
81.12	-5.6570
81.13	-5.6573
81.14	-5.6576
81.15	-5.6579
81.15	-5.6580
81.16	-5.6583
81.17	-5.6587
81.18	-5.6589
81.19	-5.6595
81.20	-5.6598
81.20	-5.6601
81.21	-5.6604
81.22	-5.6607
81.23	-5.6610
81.24	-5.6613
81.25	-5.6616
81.25	-5.6619
81.26	-5.6623
81.27	-5.6626
81.28	-5.6628
81.28	-5.6632
81.29	-5.6635
81.30	-5.6639
81.31	-5.6642
81.32	-5.6646
81.33	-5.6650
81.33	-5.6652
81.34	-5.6658
81.35	-5.6661
81.36	-5.6664
81.37	-5.6668
81.38	-5.6672
81.38	-5.6675
81.39	-5.6678
81.40	-5.6682
81.41	-5.6686
81.42	-5.6689
81.43	-5.6691
81.43	-5.6694
81.44	-5.6696
81.45	-5.6699
81.46	-5.6702
81.47	-5.6703
81.48	-5.6707
81.48	-5.6710
81.49	-5.6713
81.50	-5.6716
81.51	-5.6719
81.52	-5.6722
81.53	-5.6724
81.53	-5.6727
81.54	-5.6731
81.55	-5.6733
81.56	-5.6735
81.57	-5.6738
81.58	-5.6741
81.59	-5.6745
81.59	-5.6747
81.60	-5.6751
81.61	-5.6753
81.62	-5.6756
81.63	-5.6759
81.64	-5.6763
81.64	-5.6766
81.65	-5.6768
81.66	-5.6770
81.67	-5.6775
81.67	-5.6777
81.68	-5.6780
81.69	-5.6782
81.70	-5.6785
81.71	-5.6789
81.72	-5.6792
81.73	-5.6794
81.73	-5.6799
81.74	-5.6800
81.75	-5.6804
81.76	-5.6807
81.77	-5.6810
81.78	-5.6812
81.79	-5.6815
81.80	-5.6816
81.80	-5.6820
81.81	-5.6823
81.82	-5.6825
81.83	-5.6828
81.84	-5.6830
81.84	-5.6833
81.86	-5.6837
81.86	-5.6840
81.87	-5.6841
81.88	-5.6844
81.89	-5.6846
81.89	-5.6848
81.91	-5.6852
81.92	-5.6853
81.92	-5.6855
81.92	-5.6860
81.93	-5.6864
81.94	-5.6867
81.95	-5.6869
81.96	-5.6872
81.97	-5.6874
81.98	-5.6877
81.99	-5.6879
82.00	-5.6882
82.00	-5.6884
82.02	-5.6889
82.03	-5.6891
82.03	-5.6894
82.03	-5.6898
82.04	-5.6901
82.05	-5.6901
82.06	-5.6905
82.07	-5.6906
82.08	-5.6909
82.09	-5.6912
82.09	-5.6915
82.10	-5.6918
82.11	-5.6923
82.12	-5.6925
82.13	-5.6927
82.13	-5.6930
82.14	-5.6932
82.15	-5.6936
82.16	-5.6937
82.17	-5.6939
82.18	-5.6943
82.19	-5.6944
82.20	-5.6949
82.20	-5.6950
82.21	-5.6953
82.22	-5.6958
82.23	-5.6961
82.23	-5.6963
82.24	-5.6967
82.25	-5.6970
82.26	-5.6974
82.27	-5.6978
82.28	-5.6981
82.28	-5.6984
82.29	-5.6987
82.30	-5.6991
82.31	-5.6994
82.32	-5.6998
82.33	-5.7002
82.33	-5.7005
82.34	-5.7010
82.35	-5.7014
82.36	-5.7018
82.37	-5.7020
82.38	-5.7023
82.39	-5.7028
82.39	-5.7030
82.40	-5.7034
82.41	-5.7038
82.42	-5.7043
82.43	-5.7046
82.44	-5.7051
82.45	-5.7054
82.45	-5.7058
82.46	-5.7060
82.47	-5.7063
82.48	-5.7067
82.48	-5.7070
82.49	-5.7074
82.50	-5.7076
82.51	-5.7081
82.52	-5.7085
82.53	-5.7088
82.53	-5.7091
82.54	-5.7094
82.55	-5.7098
82.56	-5.7102
82.57	-5.7106
82.58	-5.7107
82.59	-5.7110
82.59	-5.7112
82.60	-5.7115
82.61	-5.7119
82.62	-5.7120
82.63	-5.7124
82.64	-5.7126
82.64	-5.7130
82.65	-5.7133
82.66	-5.7136
82.67	-5.7138
82.68	-5.7140
82.68	-5.7141
82.70	-5.7143
82.70	-5.7146
82.70	-5.7147
82.72	-5.7150
82.73	-5.7153
82.73	-5.7156
82.75	-5.7159
82.75	-5.7159
82.76	-5.7164
82.77	-5.7166
82.78	-5.7169
82.79	-5.7173
82.80	-5.7177
82.81	-5.7178
82.81	-5.7180
82.82	-5.7183
82.83	-5.7187
82.84	-5.7189
82.85	-5.7191
82.85	-5.7194
82.86	-5.7197
82.87	-5.7199
82.88	-5.7201
82.89	-5.7203
82.89	-5.7206
82.90	-5.7210
82.91	-5.7211
82.92	-5.7213
82.92	-5.7219
82.93	-5.7222
82.95	-5.7225
82.96	-5.7227
82.97	-5.7230
82.98	-5.7233
82.98	-5.7235
82.99	-5.7238
83.00	-5.7241
83.00	-5.7246
83.01	-5.7248
83.02	-5.7251
83.03	-5.7254
83.03	-5.7256
83.04	-5.7259
83.05	-5.7261
83.06	-5.7263
83.07	-5.7265
83.08	-5.7269
83.09	-5.7270
83.09	-5.7276
83.10	-5.7278
83.11	-5.7282
83.11	-5.7285
83.12	-5.7288
83.13	-5.7291
83.14	-5.7292
83.15	-5.7296
83.16	-5.7298
83.17	-5.7302
83.18	-5.7307
83.18	-5.7310
83.20	-5.7312
83.20	-5.7315
83.21	-5.7318
83.21	-5.7320
83.22	-5.7323
83.23	-5.7326
83.24	-5.7330
83.25	-5.7334
83.26	-5.7337
83.27	-5.7340
83.28	-5.7342
83.28	-5.7344
83.29	-5.7348
83.30	-5.7350
83.31	-5.7353
83.32	-5.7356
83.33	-5.7360
83.33	-5.7363
83.34	-5.7367
83.35	-5.7370
83.36	-5.7374
83.37	-5.7377
83.38	-5.7380
83.38	-5.7383
83.39	-5.7386
83.40	-5.7390
83.40	-5.7395
83.42	-5.7397
83.42	-5.7400
83.43	-5.7403
83.44	-5.7407
83.45	-5.7410
83.46	-5.7415
83.47	-5.7417
83.48	-5.7421
83.48	-5.7425
83.49	-5.7428
83.50	-5.7432
83.51	-5.7434
83.52	-5.7437
83.53	-5.7442
83.54	-5.7445
83.55	-5.7448
83.55	-5.7450
83.56	-5.7455
83.57	-5.7457
83.58	-5.7459
83.58	-5.7462
83.59	-5.7467
83.60	-5.7471
83.61	-5.7473
83.62	-5.7477
83.63	-5.7480
83.63	-5.7484
83.64	-5.7487
83.65	-5.7488
83.66	-5.7492
83.67	-5.7494
83.68	-5.7497
83.69	-5.7500
83.69	-5.7503
83.70	-5.7505
83.71	-5.7507
83.72	-5.7508
83.73	-5.7514
83.74	-5.7516
83.75	-5.7519
83.75	-5.7520
83.76	-5.7523
83.77	-5.7526
83.78	-5.7529
83.79	-5.7533
83.79	-5.7536
83.80	-5.7539
83.81	-5.7543
83.82	-5.7546
83.83	-5.7550
83.84	-5.7554
83.84	-5.7557
83.85	-5.7560
83.86	-5.7564
83.88	-5.7568
83.88	-5.7573
83.89	-5.7576
83.90	-5.7578
83.90	-5.7582
83.91	-5.7586
83.92	-5.7588
83.92	-5.7592
83.94	-5.7595
83.95	-5.7598
83.95	-5.7602
83.96	-5.7605
83.97	-5.7609
83.98	-5.7611
83.98	-5.7615
83.99	-5.7618
84.00	-5.7620
84.01	-5.7622
84.02	-5.7625
84.03	-5.7627
84.03	-5.7629
84.04	-5.7632
84.05	-5.7635
84.06	-5.7639
84.06	-5.7642
84.08	-5.7645
84.08	-5.7648
84.09	-5.7651
84.10	-5.7654
84.11	-5.7658
84.12	-5.7661
84.13	-5.7665
84.13	-5.7668
84.14	-5.7670
84.15	-5.7674
84.16	-5.7677
84.17	-5.7680
84.17	-5.7683
84.19	-5.7687
84.19	-5.7689
84.20	-5.7695
84.20	-5.7698
84.22	-5.7703
84.23	-5.7705
84.23	-5.7708
84.24	-5.7711
84.25	-5.7714
84.26	-5.7717
84.27	-5.7719
84.28	-5.7724
84.28	-5.7727
84.29	-5.7730
84.30	-5.7734
84.31	-5.7737
84.32	-5.7740
84.33	-5.7744
84.33	-5.7748
84.34	-5.7752
84.35	-5.7758
84.36	-5.7761
84.37	-5.7764
84.38	-5.7768
84.38	-5.7772
84.39	-5.7775
84.40	-5.7779
84.41	-5.7782
84.42	-5.7784
84.43	-5.7789
84.44	-5.7791
84.44	-5.7794
84.45	-5.7796
84.46	-5.7799
84.47	-5.7800
84.48	-5.7802
84.49	-5.7805
84.50	-5.7807
84.50	-5.7809
84.51	-5.7812
84.52	-5.7814
84.53	-5.7818
84.54	-5.7821
84.55	-5.7824
84.55	-5.7828
84.56	-5.7832
84.57	-5.7836
84.58	-5.7840
84.59	-5.7844
84.59	-5.7846
84.60	-5.7849
84.61	-5.7852
84.62	-5.7855
84.63	-5.7858
84.63	-5.7860
84.64	-5.7863
84.65	-5.7865
84.66	-5.7869
84.67	-5.7873
84.68	-5.7877
84.69	-5.7879
84.69	-5.7882
84.70	-5.7885
84.71	-5.7886
84.73	-5.7889
84.73	-5.7892
84.74	-5.7895
84.74	-5.7899
84.75	-5.7901
84.76	-5.7905
84.78	-5.7906
84.78	-5.7910
84.79	-5.7912
84.80	-5.7914
84.80	-5.7916
84.81	-5.7919
84.82	-5.7921
84.83	-5.7922
84.84	-5.7926
84.85	-5.7929
84.85	-5.7932
84.86	-5.7936
84.87	-5.7939
84.88	-5.7942
84.88	-5.7946
84.89	-5.7948
84.90	-5.7953
84.91	-5.7956
84.92	-5.7958
84.92	-5.7962
84.93	-5.7965
84.95	-5.7969
84.95	-5.7973
84.96	-5.7976
84.97	-5.7979
84.98	-5.7982
84.98	-5.7985
85.00	-5.7989
85.00	-5.7995
85.01	-5.7997
85.02	-5.8002
85.03	-5.8007
85.03	-5.8010
85.04	-5.8014
85.05	-5.8015
85.06	-5.8019
85.07	-5.8023
85.08	-5.8027
85.08	-5.8031
85.09	-5.8034
85.09	-5.8037
85.11	-5.8039
85.12	-5.8041
85.13	-5.8043
85.13	-5.8046
85.14	-5.8049
85.14	-5.8052
85.15	-5.8055
85.17	-5.8060
85.17	-5.8062
85.19	-5.8066
85.20	-5.8069
85.20	-5.8074
85.20	-5.8075
85.22	-5.8078
85.23	-5.8082
85.24	-5.8086
85.25	-5.8089
85.25	-5.8094
85.26	-5.8097
85.27	-5.8099
85.28	-5.8103
85.28	-5.8107
85.29	-5.8110
85.30	-5.8114
85.31	-5.8120
85.32	-5.8123
85.33	-5.8125
85.34	-5.8128
85.34	-5.8131
85.35	-5.8135
85.36	-5.8137
85.37	-5.8142
85.38	-5.8144
85.39	-5.8147
85.39	-5.8149
85.40	-5.8152
85.41	-5.8155
85.42	-5.8157
85.43	-5.8161
85.44	-5.8164
85.45	-5.8168
85.45	-5.8173
85.46	-5.8177
85.47	-5.8181
85.48	-5.8186
85.48	-5.8188
85.50	-5.8193
85.51	-5.8197
85.51	-5.8201
85.52	-5.8205
85.53	-5.8209
85.54	-5.8212
85.55	-5.8214
85.55	-5.8218
85.56	-5.8222
85.57	-5.8226
85.58	-5.8228
85.58	-5.8231
85.59	-5.8236
85.60	-5.8238
85.61	-5.8241
85.62	-5.8243
85.63	-5.8246
85.63	-5.8248
85.64	-5.8250
85.65	-5.8252
85.66	-5.8254
85.67	-5.8255
85.68	-5.8257
85.69	-5.8259
85.69	-5.8262
85.70	-5.8264
85.70	-5.8267
85.72	-5.8270
85.73	-5.8272
85.74	-5.8275
85.75	-5.8278
85.75	-5.8281
85.76	-5.8283
85.77	-5.8286
85.78	-5.8290
85.78	-5.8293
85.79	-5.8295
85.80	-5.8298
85.80	-5.8301
85.82	-5.8304
85.83	-5.8308
85.83	-5.8310
85.84	-5.8313
85.85	-5.8317
85.85	-5.8321
85.86	-5.8323
85.88	-5.8326
85.88	-5.8329
85.89	-5.8331
85.89	-5.8333
85.90	-5.8335
85.92	-5.8338
85.92	-5.8340
85.93	-5.8344
85.94	-5.8347
85.95	-5.8351
85.95	-5.8355
85.96	-5.8357
85.98	-5.8361
85.98	-5.8363
85.99	-5.8366
86.00	-5.8370
86.01	-5.8373
86.02	-5.8378
86.03	-5.8381
86.03	-5.8384
86.04	-5.8388
86.05	-5.8391
86.06	-5.8396
86.07	-5.8399
86.08	-5.8401
86.08	-5.8405
86.09	-5.8409
86.09	-5.8414
86.10	-5.8418
86.12	-5.8422
86.13	-5.8427
86.13	-5.8431
86.14	-5.8434
86.15	-5.8437
86.16	-5.8441
86.17	-5.8446
86.17	-5.8447
86.18	-5.8451
86.20	-5.8456
86.20	-5.8459
86.21	-5.8462
86.22	-5.8466
86.23	-5.8469
86.24	-5.8473
86.25	-5.8476
86.25	-5.8479
86.26	-5.8482
86.27	-5.8484
86.28	-5.8488
86.28	-5.8490
86.29	-5.8492
86.30	-5.8495
86.31	-5.8498
86.32	-5.8500
86.33	-5.8502
86.33	-5.8505
86.34	-5.8507
86.35	-5.8510
86.36	-5.8513
86.37	-5.8515
86.38	-5.8518
86.38	-5.8520
86.39	-5.8524
86.40	-5.8526
86.41	-5.8530
86.42	-5.8532
86.43	-5.8536
86.44	-5.8537
86.45	-5.8538
86.45	-5.8541
86.46	-5.8541
86.47	-5.8545
86.48	-5.8547
86.48	-5.8549
86.50	-5.8550
86.50	-5.8555
86.51	-5.8559
86.51	-5.8562
86.53	-5.8565
86.53	-5.8567
86.54	-5.8571
86.55	-5.8573
86.56	-5.8578
86.57	-5.8581
86.58	-5.8585
86.59	-5.8589
86.59	-5.8592
86.60	-5.8595
86.61	-5.8599
86.62	-5.8601
86.63	-5.8605
86.63	-5.8606
86.64	-5.8610
86.65	-5.8611
86.66	-5.8614
86.67	-5.8618
86.67	-5.8620
86.68	-5.8624
86.69	-5.8626
86.70	-5.8628
86.71	-5.8631
86.72	-5.8633
86.73	-5.8636
86.73	-5.8639
86.74	-5.8644
86.75	-5.8646
86.75	-5.8649
86.77	-5.8652
86.77	-5.8654
86.78	-5.8656
86.79	-5.8659
86.80	-5.8662
86.80	-5.8664
86.81	-5.8668
86.83	-5.8672
86.83	-5.8674
86.84	-5.8677
86.84	-5.8680
86.85	-5.8683
86.87	-5.8687
86.88	-5.8691
86.88	-5.8694
86.89	-5.8698
86.90	-5.8703
86.91	-5.8706
86.91	-5.8709
86.92	-5.8712
86.93	-5.8715
86.94	-5.8719
86.95	-5.8721
86.95	-5.8724
86.96	-5.8725
86.97	-5.8731
86.98	-5.8734
86.99	-5.8736
87.00	-5.8741
87.00	-5.8745
87.01	-5.8748
87.03	-5.8754
87.03	-5.8758
87.04	-5.8760
87.05	-5.8764
87.06	-5.8767
87.07	-5.8770
87.08	-5.8773
87.08	-5.8777
87.09	-5.8779
87.10	-5.8780
87.11	-5.8784
87.11	-5.8785
87.13	-5.8788
87.13	-5.8790
87.14	-5.8792
87.14	-5.8795
87.16	-5.8798
87.17	-5.8801
87.17	-5.8804
87.18	-5.8806
87.19	-5.8810
87.20	-5.8811
87.21	-5.8815
87.22	-5.8819
87.23	-5.8822
87.23	-5.8825
87.24	-5.8828
87.25	-5.8832
87.26	-5.8836
87.27	-5.8839
87.28	-5.8842
87.28	-5.8845
87.29	-5.8848
87.30	-5.8852
87.30	-5.8855
87.32	-5.8859
87.33	-5.8861
87.33	-5.8865
87.34	-5.8868
87.35	-5.8871
87.36	-5.8873
87.37	-5.8875
87.38	-5.8879
87.38	-5.8882
87.39	-5.8884
87.40	-5.8887
87.41	-5.8890
87.42	-5.8892
87.42	-5.8894
87.43	-5.8898
87.44	-5.8902
87.45	-5.8907
87.46	-5.8912
87.47	-5.8916
87.48	-5.8919
87.48	-5.8923
87.49	-5.8924
87.50	-5.8929
87.51	-5.8930
87.52	-5.8934
87.53	-5.8938
87.53	-5.8942
87.54	-5.8947
87.55	-5.8950
87.56	-5.8952
87.56	-5.8957
87.58	-5.8960
87.58	-5.8963
87.59	-5.8969
87.60	-5.8973
87.61	-5.8975
87.61	-5.8977
87.63	-5.8980
87.63	-5.8984
87.64	-5.8986
87.65	-5.8990
87.66	-5.8993
87.67	-5.8998
87.67	-5.9003
87.68	-5.9007
87.69	-5.9010
87.70	-5.9014
87.71	-5.9018
87.72	-5.9021
87.73	-5.9024
87.73	-5.9027
87.74	-5.9032
87.75	-5.9035
87.75	-5.9037
87.76	-5.9040
87.78	-5.9043
87.78	-5.9047
87.79	-5.9052
87.80	-5.9054
87.80	-5.9057
87.81	-5.9060
87.83	-5.9065
87.83	-5.9067
87.84	-5.9070
87.84	-5.9074
87.85	-5.9078
87.86	-5.9080
87.87	-5.9085
87.88	-5.9089
87.89	-5.9092
87.89	-5.9095
87.90	-5.9099
87.91	-5.9102
87.92	-5.9105
87.93	-5.9107
87.94	-5.9111
87.95	-5.9114
87.95	-5.9116
87.96	-5.9119
87.97	-5.9123
87.98	-5.9124
88.00	-5.9127
88.00	-5.9131
88.01	-5.9135
88.02	-5.9138
88.02	-5.9140
88.03	-5.9144
88.04	-5.9147
88.05	-5.9151
88.06	-5.9154
88.07	-5.9157
88.08	-5.9160
88.08	-5.9164
88.09	-5.9168
88.10	-5.9172
88.11	-5.9176
88.12	-5.9181
88.13	-5.9185
88.13	-5.9189
88.14	-5.9194
88.14	-5.9199
88.16	-5.9203
88.17	-5.9208
88.17	-5.9212
88.18	-5.9215
88.19	-5.9217
88.20	-5.9222
88.20	-5.9224
88.21	-5.9226
88.22	-5.9230
88.23	-5.9232
88.24	-5.9234
88.25	-5.9236
88.25	-5.9241
88.26	-5.9245
88.28	-5.9249
88.28	-5.9253
88.29	-5.9256
88.30	-5.9258
88.31	-5.9260
88.31	-5.9263
88.32	-5.9264
88.33	-5.9267
88.34	-5.9270
88.34	-5.9274
88.36	-5.9277
88.37	-5.9280
88.38	-5.9282
88.38	-5.9285
88.39	-5.9288
88.40	-5.9289
88.41	-5.9293
88.42	-5.9295
88.42	-5.9298
88.43	-5.9299
88.44	-5.9301
88.44	-5.9305
88.45	-5.9308
88.46	-5.9310
88.47	-5.9311
88.48	-5.9315
88.48	-5.9318
88.50	-5.9321
88.50	-5.9323
88.51	-5.9328
88.52	-5.9330
88.53	-5.9333
88.54	-5.9337
88.55	-5.9339
88.55	-5.9343
88.56	-5.9346
88.57	-5.9349
88.58	-5.9352
88.59	-5.9359
88.60	-5.9362
88.60	-5.9366
88.61	-5.9369
88.62	-5.9373
88.63	-5.9377
88.64	-5.9379
88.64	-5.9382
88.65	-5.9386
88.66	-5.9391
88.67	-5.9393
88.68	-5.9397
88.69	-5.9400
88.70	-5.9404
88.70	-5.9407
88.71	-5.9409
88.72	-5.9412
88.73	-5.9416
88.74	-5.9420
88.75	-5.9423
88.75	-5.9428
88.76	-5.9431
88.77	-5.9433
88.78	-5.9436
88.79	-5.9439
88.80	-5.9443
88.80	-5.9449
88.81	-5.9451
88.82	-5.9453
88.83	-5.9456
88.84	-5.9459
88.85	-5.9460
88.86	-5.9462
88.86	-5.9465
88.87	-5.9466
88.88	-5.9468
88.89	-5.9471
88.89	-5.9472
88.90	-5.9475
88.91	-5.9477
88.92	-5.9481
88.93	-5.9483
88.94	-5.9485
88.95	-5.9487
88.95	-5.9489
88.96	-5.9492
88.97	-5.9495
88.98	-5.9500
88.99	-5.9503
89.00	-5.9508
89.01	-5.9511
89.02	-5.9515
89.02	-5.9517
89.03	-5.9520
89.04	-5.9522
89.04	-5.9523
89.05	-5.9524
89.07	-5.9529
89.08	-5.9532
89.08	-5.9535
89.09	-5.9539
89.09	-5.9544
89.10	-5.9547
89.11	-5.9552
89.12	-5.9556
89.13	-5.9561
89.14	-5.9566
89.14	-5.9571
89.16	-5.9577
89.16	-5.9581
89.17	-5.9587
89.18	-5.9594
89.19	-5.9599
89.19	-5.9604
89.20	-5.9610
89.21	-5.9615
89.22	-5.9619
89.23	-5.9623
89.24	-5.9629
89.25	-5.9634
89.25	-5.9638
89.27	-5.9645
89.27	-5.9651
89.28	-5.9655
89.29	-5.9661
89.30	-5.9665
89.30	-5.9670
89.31	-5.9674
89.32	-5.9679
89.33	-5.9683
89.34	-5.9688
89.34	-5.9693
89.35	-5.9698
89.36	-5.9702
89.37	-5.9707
89.38	-5.9710
89.38	-5.9716
89.39	-5.9719
89.40	-5.9722
89.41	-5.9724
89.42	-5.9728
89.42	-5.9731
89.43	-5.9734
89.44	-5.9738
89.45	-5.9740
89.45	-5.9743
89.47	-5.9745
89.48	-5.9747
89.48	-5.9750
89.49	-5.9752
89.50	-5.9756
89.51	-5.9760
89.52	-5.9761
89.53	-5.9761
89.54	-5.9764
89.54	-5.9766
89.55	-5.9769
89.56	-5.9770
89.56	-5.9771
89.57	-5.9775
89.58	-5.9777
89.59	-5.9780
89.60	-5.9782
89.61	-5.9785
89.61	-5.9788
89.63	-5.9790
89.63	-5.9792
89.64	-5.9794
89.64	-5.9796
89.65	-5.9798
89.66	-5.9800
89.67	-5.9803
89.68	-5.9807
89.69	-5.9810
89.70	-5.9812
89.71	-5.9815
89.72	-5.9817
89.73	-5.9820
89.73	-5.9822
89.74	-5.9826
89.75	-5.9827
89.75	-5.9829
89.76	-5.9833
89.77	-5.9835
89.78	-5.9839
89.79	-5.9842
89.80	-5.9845
89.81	-5.9847
89.82	-5.9850
89.83	-5.9853
89.83	-5.9855
89.84	-5.9857
89.84	-5.9860
89.86	-5.9862
89.87	-5.9864
89.88	-5.9867
89.88	-5.9870
89.89	-5.9873
89.90	-5.9876
89.90	-5.9876
89.91	-5.9878
89.92	-5.9880
89.94	-5.9882
89.95	-5.9885
89.95	-5.9887
89.96	-5.9890
89.97	-5.9893
89.98	-5.9895
89.98	-5.9898
90.00	-5.9902
90.00	-5.9905
90.01	-5.9907
90.02	-5.9911
90.03	-5.9912
90.03	-5.9916
90.04	-5.9918
90.05	-5.9921
90.06	-5.9923
90.07	-5.9925
90.08	-5.9926
90.08	-5.9929
90.09	-5.9931
90.10	-5.9934
90.11	-5.9936
90.12	-5.9939
90.13	-5.9943
90.13	-5.9947
90.14	-5.9950
90.14	-5.9954
90.15	-5.9958
90.16	-5.9962
90.17	-5.9966
90.18	-5.9970
90.19	-5.9974
90.20	-5.9978
90.21	-5.9982
90.22	-5.9985
90.22	-5.9988
90.23	-5.9991
90.24	-5.9994
90.24	-5.9998
90.25	-6.0002
90.26	-6.0006
90.27	-6.0010
90.28	-6.0015
90.29	-6.0019
90.30	-6.0024
90.30	-6.0027
90.31	-6.0033
90.32	-6.0038
90.33	-6.0043
90.33	-6.0047
90.34	-6.0052
90.35	-6.0056
90.36	-6.0058
90.37	-6.0062
90.38	-6.0065
90.38	-6.0069
90.39	-6.0071
90.40	-6.0076
90.41	-6.0078
90.42	-6.0082
90.43	-6.0086
90.44	-6.0089
90.45	-6.0091
90.45	-6.0095
90.46	-6.0097
90.47	-6.0100
90.48	-6.0105
90.49	-6.0108
90.50	-6.0110
90.50	-6.0114
90.51	-6.0117
90.52	-6.0119
90.53	-6.0123
90.54	-6.0127
90.54	-6.0128
90.55	-6.0130
90.56	-6.0134
90.57	-6.0136
90.58	-6.0139
90.59	-6.0142
90.59	-6.0145
90.60	-6.0147
