Hardness 1 : Kraftbei  Hardness 1;"353,33377";N
A1 : A1;"0,90323";J
A2 : A2;"0,11311";J
Springiness : Springiness;"0,00066";m
Cohesiveness : Cohesiveness;"0,12522";
Chewiness : Chewiness;"0,02900";J

Zeit;Traversenweg;Kraft
(s);(mm);(N)
"0,00000";"0,00000";"0,28627"
"0,01000";"0,00083";"0,28712"
"0,02000";"0,00531";"0,29192"
"0,03000";"0,01558";"0,30453"
"0,04000";"0,03046";"0,32044"
"0,05000";"0,04793";"0,32809"
"0,06000";"0,06682";"0,33044"
"0,07000";"0,08618";"0,32103"
"0,08000";"0,10519";"0,30610"
"0,09000";"0,12372";"0,28669"
"0,10000";"0,14167";"0,27499"
"0,11000";"0,15914";"0,26678"
"0,12000";"0,17590";"0,26935"
"0,13000";"0,19243";"0,26689"
"0,14000";"0,20872";"0,26201"
"0,15000";"0,22466";"0,26552"
"0,16000";"0,24036";"0,27230"
"0,17000";"0,25594";"0,27438"
"0,18000";"0,27129";"0,27189"
"0,19000";"0,28676";"0,27192"
"0,20000";"0,30199";"0,27224"
"0,21000";"0,31722";"0,27563"
"0,22000";"0,33244";"0,27347"
"0,23000";"0,34756";"0,27079"
"0,24000";"0,36267";"0,26736"
"0,25000";"0,37766";"0,26565"
"0,26000";"0,39265";"0,27107"
"0,27000";"0,40776";"0,27443"
"0,28000";"0,42288";"0,28045"
"0,29000";"0,43799";"0,28333"
"0,30000";"0,45310";"0,28392"
"0,31000";"0,46821";"0,28817"
"0,32000";"0,48320";"0,29272"
"0,33000";"0,49808";"0,28674"
"0,34000";"0,51307";"0,28431"
"0,35000";"0,52794";"0,28290"
"0,36000";"0,54294";"0,28186"
"0,37000";"0,55805";"0,27755"
"0,38000";"0,57304";"0,27581"
"0,39000";"0,58815";"0,27050"
"0,40000";"0,60315";"0,26417"
"0,41000";"0,61814";"0,27054"
"0,42000";"0,63301";"0,27389"
"0,43000";"0,64812";"0,27642"
"0,44000";"0,66324";"0,27609"
"0,45000";"0,67823";"0,27612"
"0,46000";"0,69322";"0,27277"
"0,47000";"0,70810";"0,27072"
"0,48000";"0,72309";"0,27236"
"0,49000";"0,73808";"0,27501"
"0,50000";"0,75308";"0,27579"
"0,51000";"0,76807";"0,27428"
"0,52000";"0,78318";"0,27666"
"0,53000";"0,79817";"0,27761"
"0,54000";"0,81328";"0,27681"
"0,55000";"0,82816";"0,27009"
"0,56000";"0,84303";"0,27149"
"0,57000";"0,85803";"0,27394"
"0,58000";"0,87290";"0,27569"
"0,59000";"0,88790";"0,27629"
"0,60000";"0,90289";"0,27992"
"0,61000";"0,91800";"0,28141"
"0,62000";"0,93311";"0,27648"
"0,63000";"0,94810";"0,27066"
"0,64000";"0,96298";"0,26503"
"0,65000";"0,97797";"0,25613"
"0,66000";"0,99297";"0,25790"
"0,67000";"1,00796";"0,26702"
"0,68000";"1,02307";"0,27240"
"0,69000";"1,03806";"0,27380"
"0,70000";"1,05317";"0,27114"
"0,71000";"1,06817";"0,26474"
"0,72000";"1,08316";"0,26720"
"0,73000";"1,09815";"0,26594"
"0,74000";"1,11315";"0,26218"
"0,75000";"1,12814";"0,26624"
"0,76000";"1,14313";"0,27172"
"0,77000";"1,15813";"0,27341"
"0,78000";"1,17300";"0,27689"
"0,79000";"1,18799";"0,27319"
"0,80000";"1,20299";"0,27316"
"0,81000";"1,21798";"0,27502"
"0,82000";"1,23285";"0,27904"
"0,83000";"1,24797";"0,27980"
"0,84000";"1,26308";"0,27860"
"0,85000";"1,27807";"0,27549"
"0,86000";"1,29306";"0,26950"
"0,87000";"1,30794";"0,27024"
"0,88000";"1,32293";"0,27381"
"0,89000";"1,33792";"0,27969"
"0,90000";"1,35292";"0,28590"
"0,91000";"1,36791";"0,28735"
"0,92000";"1,38302";"0,28587"
"0,93000";"1,39813";"0,28217"
"0,94000";"1,41313";"0,27510"
"0,95000";"1,42812";"0,26472"
"0,96000";"1,44311";"0,26398"
"0,97000";"1,45810";"0,27158"
"0,98000";"1,47298";"0,27278"
"0,99000";"1,48797";"0,27442"
"1,00000";"1,50308";"0,27200"
"1,01000";"1,51808";"0,27713"
"1,02000";"1,53307";"0,28100"
"1,03000";"1,54806";"0,27318"
"1,04000";"1,56306";"0,27273"
"1,05000";"1,57805";"0,27493"
"1,06000";"1,59304";"0,27781"
"1,07000";"1,60815";"0,28452"
"1,08000";"1,62315";"0,29083"
"1,09000";"1,63814";"0,29055"
"1,10000";"1,65313";"0,28682"
"1,11000";"1,66801";"0,28100"
"1,12000";"1,68312";"0,27632"
"1,13000";"1,69811";"0,28190"
"1,14000";"1,71299";"0,27977"
"1,15000";"1,72810";"0,27853"
"1,16000";"1,74309";"0,28362"
"1,17000";"1,75808";"0,28428"
"1,18000";"1,77308";"0,28072"
"1,19000";"1,78795";"0,27982"
"1,20000";"1,80294";"0,28593"
"1,21000";"1,81794";"0,29428"
"1,22000";"1,83293";"0,29234"
"1,23000";"1,84792";"0,29313"
"1,24000";"1,86292";"0,29142"
"1,25000";"1,87791";"0,29383"
"1,26000";"1,89302";"0,29085"
"1,27000";"1,90801";"0,28815"
"1,28000";"1,92301";"0,28620"
"1,29000";"1,93788";"0,28107"
"1,30000";"1,95288";"0,28024"
"1,31000";"1,96787";"0,27727"
"1,32000";"1,98286";"0,28030"
"1,33000";"1,99797";"0,27887"
"1,34000";"2,01297";"0,27688"
"1,35000";"2,02796";"0,27353"
"1,36000";"2,04295";"0,27419"
"1,37000";"2,05783";"0,27875"
"1,38000";"2,07294";"0,27997"
"1,39000";"2,08793";"0,28221"
"1,40000";"2,10292";"0,28522"
"1,41000";"2,11792";"0,28357"
"1,42000";"2,13291";"0,27905"
"1,43000";"2,14790";"0,28063"
"1,44000";"2,16290";"0,28589"
"1,45000";"2,17801";"0,28892"
"1,46000";"2,19312";"0,28828"
"1,47000";"2,20811";"0,29586"
"1,48000";"2,22310";"0,30198"
"1,49000";"2,23810";"0,30219"
"1,50000";"2,25297";"0,29068"
"1,51000";"2,26785";"0,28141"
"1,52000";"2,28272";"0,28081"
"1,53000";"2,29760";"0,28257"
"1,54000";"2,31247";"0,28225"
"1,55000";"2,32747";"0,28517"
"1,56000";"2,34246";"0,28754"
"1,57000";"2,35769";"0,28549"
"1,58000";"2,37268";"0,28297"
"1,59000";"2,38779";"0,28550"
"1,60000";"2,40278";"0,28048"
"1,61000";"2,41778";"0,27275"
"1,62000";"2,43289";"0,26754"
"1,63000";"2,44800";"0,27101"
"1,64000";"2,46311";"0,27089"
"1,65000";"2,47822";"0,27352"
"1,66000";"2,49333";"0,27827"
"1,67000";"2,50833";"0,28366"
"1,68000";"2,52332";"0,28357"
"1,69000";"2,53819";"0,27683"
"1,70000";"2,55319";"0,26415"
"1,71000";"2,56806";"0,26670"
"1,72000";"2,58306";"0,27200"
"1,73000";"2,59793";"0,27714"
"1,74000";"2,61292";"0,28178"
"1,75000";"2,62792";"0,28014"
"1,76000";"2,64279";"0,27955"
"1,77000";"2,65767";"0,27845"
"1,78000";"2,67266";"0,27514"
"1,79000";"2,68765";"0,27024"
"1,80000";"2,70253";"0,26912"
"1,81000";"2,71740";"0,27085"
"1,82000";"2,73228";"0,27445"
"1,83000";"2,74727";"0,27483"
"1,84000";"2,76226";"0,27173"
"1,85000";"2,77737";"0,27360"
"1,86000";"2,79249";"0,27828"
"1,87000";"2,80772";"0,27634"
"1,88000";"2,82294";"0,26878"
"1,89000";"2,83817";"0,27185"
"1,90000";"2,85340";"0,27396"
"1,91000";"2,86840";"0,27525"
"1,92000";"2,88339";"0,28033"
"1,93000";"2,89826";"0,28486"
"1,94000";"2,91338";"0,29227"
"1,95000";"2,92849";"0,28837"
"1,96000";"2,94348";"0,27746"
"1,97000";"2,95847";"0,26933"
"1,98000";"2,97347";"0,26483"
"1,99000";"2,98846";"0,26179"
"2,00000";"3,00333";"0,26893"
"2,01000";"3,01821";"0,27658"
"2,02000";"3,03320";"0,27917"
"2,03000";"3,04808";"0,28386"
"2,04000";"3,06307";"0,28599"
"2,05000";"3,07806";"0,28511"
"2,06000";"3,09306";"0,28413"
"2,07000";"3,10805";"0,27931"
"2,08000";"3,12304";"0,27722"
"2,09000";"3,13792";"0,27451"
"2,10000";"3,15279";"0,28033"
"2,11000";"3,16767";"0,28077"
"2,12000";"3,18254";"0,28359"
"2,13000";"3,19742";"0,28453"
"2,14000";"3,21241";"0,28338"
"2,15000";"3,22740";"0,28328"
"2,16000";"3,24251";"0,28057"
"2,17000";"3,25774";"0,28541"
"2,18000";"3,27297";"0,28544"
"2,19000";"3,28808";"0,27585"
"2,20000";"3,30319";"0,27070"
"2,21000";"3,31831";"0,27529"
"2,22000";"3,33330";"0,27895"
"2,23000";"3,34829";"0,28493"
"2,24000";"3,36328";"0,28970"
"2,25000";"3,37840";"0,29054"
"2,26000";"3,39351";"0,29077"
"2,27000";"3,40862";"0,28680"
"2,28000";"3,42361";"0,28859"
"2,29000";"3,43860";"0,28262"
"2,30000";"3,45360";"0,27691"
"2,31000";"3,46835";"0,27528"
"2,32000";"3,48323";"0,27719"
"2,33000";"3,49822";"0,28133"
"2,34000";"3,51310";"0,28028"
"2,35000";"3,52797";"0,28540"
"2,36000";"3,54285";"0,29664"
"2,37000";"3,55784";"0,29684"
"2,38000";"3,57283";"0,29399"
"2,39000";"3,58759";"0,29129"
"2,40000";"3,60235";"0,28609"
"2,41000";"3,61734";"0,28490"
"2,42000";"3,63222";"0,27842"
"2,43000";"3,64721";"0,27760"
"2,44000";"3,66220";"0,27825"
"2,45000";"3,67731";"0,28348"
"2,46000";"3,69254";"0,28814"
"2,47000";"3,70765";"0,28876"
"2,48000";"3,72276";"0,28988"
"2,49000";"3,73799";"0,28930"
"2,50000";"3,75310";"0,28544"
"2,51000";"3,76822";"0,28637"
"2,52000";"3,78333";"0,28819"
"2,53000";"3,79856";"0,29001"
"2,54000";"3,81367";"0,29032"
"2,55000";"3,82866";"0,28933"
"2,56000";"3,84365";"0,28811"
"2,57000";"3,85865";"0,28528"
"2,58000";"3,87352";"0,28438"
"2,59000";"3,88851";"0,28335"
"2,60000";"3,90351";"0,27974"
"2,61000";"3,91838";"0,28366"
"2,62000";"3,93338";"0,28095"
"2,63000";"3,94825";"0,27782"
"2,64000";"3,96324";"0,27787"
"2,65000";"3,97824";"0,28593"
"2,66000";"3,99323";"0,29574"
"2,67000";"4,00810";"0,30437"
"2,68000";"4,02310";"0,30301"
"2,69000";"4,03785";"0,30156"
"2,70000";"4,05273";"0,29942"
"2,71000";"4,06749";"0,29751"
"2,72000";"4,08248";"0,28980"
"2,73000";"4,09747";"0,27776"
"2,74000";"4,11247";"0,27382"
"2,75000";"4,12758";"0,27410"
"2,76000";"4,14269";"0,27777"
"2,77000";"4,15780";"0,27909"
"2,78000";"4,17291";"0,27661"
"2,79000";"4,18802";"0,27623"
"2,80000";"4,20313";"0,27941"
"2,81000";"4,21824";"0,28594"
"2,82000";"4,23347";"0,28720"
"2,83000";"4,24858";"0,28597"
"2,84000";"4,26358";"0,27999"
"2,85000";"4,27845";"0,27562"
"2,86000";"4,29344";"0,27532"
"2,87000";"4,30832";"0,27155"
"2,88000";"4,32319";"0,26969"
"2,89000";"4,33831";"0,26733"
"2,90000";"4,35330";"0,26152"
"2,91000";"4,36829";"0,25722"
"2,92000";"4,38328";"0,26592"
"2,93000";"4,39816";"0,27734"
"2,94000";"4,41315";"0,28308"
"2,95000";"4,42803";"0,28145"
"2,96000";"4,44314";"0,28785"
"2,97000";"4,45813";"0,28900"
"2,98000";"4,47301";"0,27762"
"2,99000";"4,48788";"0,26394"
"3,00000";"4,50276";"0,26796"
"3,01000";"4,51775";"0,27451"
"3,02000";"4,53263";"0,27613"
"3,03000";"4,54762";"0,27861"
"3,04000";"4,56273";"0,27916"
"3,05000";"4,57772";"0,27728"
"3,06000";"4,59283";"0,27384"
"3,07000";"4,60771";"0,27854"
"3,08000";"4,62270";"0,27737"
"3,09000";"4,63769";"0,28256"
"3,10000";"4,65281";"0,27605"
"3,11000";"4,66792";"0,27004"
"3,12000";"4,68315";"0,26672"
"3,13000";"4,69838";"0,27100"
"3,14000";"4,71337";"0,28197"
"3,15000";"4,72836";"0,28665"
"3,16000";"4,74347";"0,29022"
"3,17000";"4,75835";"0,28993"
"3,18000";"4,77322";"0,28530"
"3,19000";"4,78810";"0,27342"
"3,20000";"4,80297";"0,27111"
"3,21000";"4,81808";"0,26971"
"3,22000";"4,83319";"0,26422"
"3,23000";"4,84819";"0,26624"
"3,24000";"4,86318";"0,26598"
"3,25000";"4,87806";"0,27197"
"3,26000";"4,89281";"0,28419"
"3,27000";"4,90781";"0,29998"
"3,28000";"4,92280";"0,31326"
"3,29000";"4,93779";"0,31152"
"3,30000";"4,95278";"0,30660"
"3,31000";"4,96778";"0,29505"
"3,32000";"4,98289";"0,28405"
"3,33000";"4,99800";"0,28183"
"3,34000";"5,01299";"0,28157"
"3,35000";"5,02799";"0,27525"
"3,36000";"5,04310";"0,26903"
"3,37000";"5,05821";"0,27021"
"3,38000";"5,07320";"0,28559"
"3,39000";"5,08819";"0,29723"
"3,40000";"5,10319";"0,29191"
"3,41000";"5,11818";"0,28712"
"3,42000";"5,13317";"0,29028"
"3,43000";"5,14828";"0,29985"
"3,44000";"5,16328";"0,30392"
"3,45000";"5,17839";"0,30547"
"3,46000";"5,19338";"0,30865"
"3,47000";"5,20826";"0,31204"
"3,48000";"5,22325";"0,32129"
"3,49000";"5,23813";"0,32788"
"3,50000";"5,25300";"0,33542"
"3,51000";"5,26799";"0,34292"
"3,52000";"5,28299";"0,35595"
"3,53000";"5,29810";"0,36130"
"3,54000";"5,31309";"0,37184"
"3,55000";"5,32808";"0,39188"
"3,56000";"5,34296";"0,40809"
"3,57000";"5,35783";"0,42781"
"3,58000";"5,37271";"0,44293"
"3,59000";"5,38770";"0,44676"
"3,60000";"5,40269";"0,44675"
"3,61000";"5,41781";"0,45189"
"3,62000";"5,43292";"0,46139"
"3,63000";"5,44803";"0,47346"
"3,64000";"5,46302";"0,48497"
"3,65000";"5,47801";"0,50297"
"3,66000";"5,49301";"0,52521"
"3,67000";"5,50800";"0,54427"
"3,68000";"5,52311";"0,55949"
"3,69000";"5,53810";"0,58173"
"3,70000";"5,55310";"0,59969"
"3,71000";"5,56809";"0,61535"
"3,72000";"5,58297";"0,62792"
"3,73000";"5,59796";"0,64437"
"3,74000";"5,61295";"0,66576"
"3,75000";"5,62806";"0,69038"
"3,76000";"5,64306";"0,71621"
"3,77000";"5,65793";"0,74035"
"3,78000";"5,67304";"0,76447"
"3,79000";"5,68815";"0,78452"
"3,80000";"5,70326";"0,80286"
"3,81000";"5,71814";"0,82539"
"3,82000";"5,73325";"0,85173"
"3,83000";"5,74836";"0,88268"
"3,84000";"5,76324";"0,91646"
"3,85000";"5,77823";"0,94919"
"3,86000";"5,79310";"0,98714"
"3,87000";"5,80798";"1,03426"
"3,88000";"5,82297";"1,07955"
"3,89000";"5,83773";"1,12612"
"3,90000";"5,85284";"1,18193"
"3,91000";"5,86795";"1,23973"
"3,92000";"5,88306";"1,28881"
"3,93000";"5,89806";"1,34573"
"3,94000";"5,91305";"1,39972"
"3,95000";"5,92804";"1,45053"
"3,96000";"5,94303";"1,50499"
"3,97000";"5,95803";"1,55840"
"3,98000";"5,97302";"1,61412"
"3,99000";"5,98801";"1,68019"
"4,00000";"6,00312";"1,74862"
"4,01000";"6,01812";"1,81737"
"4,02000";"6,03311";"1,89012"
"4,03000";"6,04822";"1,96538"
"4,04000";"6,06310";"2,04272"
"4,05000";"6,07809";"2,12176"
"4,06000";"6,09308";"2,20194"
"4,07000";"6,10808";"2,28688"
"4,08000";"6,12307";"2,36455"
"4,09000";"6,13806";"2,44498"
"4,10000";"6,15306";"2,52910"
"4,11000";"6,16805";"2,61599"
"4,12000";"6,18292";"2,70042"
"4,13000";"6,19792";"2,78413"
"4,14000";"6,21291";"2,86668"
"4,15000";"6,22790";"2,94830"
"4,16000";"6,24301";"3,02643"
"4,17000";"6,25789";"3,09995"
"4,18000";"6,27288";"3,17584"
"4,19000";"6,28788";"3,26545"
"4,20000";"6,30287";"3,36202"
"4,21000";"6,31786";"3,45283"
"4,22000";"6,33297";"3,53370"
"4,23000";"6,34796";"3,61880"
"4,24000";"6,36296";"3,70776"
"4,25000";"6,37795";"3,80044"
"4,26000";"6,39294";"3,89751"
"4,27000";"6,40806";"3,99235"
"4,28000";"6,42293";"4,07893"
"4,29000";"6,43792";"4,16355"
"4,30000";"6,45303";"4,25294"
"4,31000";"6,46815";"4,34352"
"4,32000";"6,48302";"4,43519"
"4,33000";"6,49801";"4,52687"
"4,34000";"6,51289";"4,61238"
"4,35000";"6,52788";"4,69354"
"4,36000";"6,54287";"4,77129"
"4,37000";"6,55775";"4,85711"
"4,38000";"6,57286";"4,94684"
"4,39000";"6,58797";"5,02488"
"4,40000";"6,60297";"5,11002"
"4,41000";"6,61796";"5,19814"
"4,42000";"6,63283";"5,28985"
"4,43000";"6,64783";"5,38162"
"4,44000";"6,66270";"5,46792"
"4,45000";"6,67781";"5,55567"
"4,46000";"6,69281";"5,63883"
"4,47000";"6,70792";"5,71842"
"4,48000";"6,72303";"5,80648"
"4,49000";"6,73802";"5,89431"
"4,50000";"6,75301";"5,98410"
"4,51000";"6,76813";"6,08110"
"4,52000";"6,78300";"6,17228"
"4,53000";"6,79811";"6,25656"
"4,54000";"6,81310";"6,33701"
"4,55000";"6,82810";"6,42389"
"4,56000";"6,84309";"6,51834"
"4,57000";"6,85796";"6,60937"
"4,58000";"6,87296";"6,69484"
"4,59000";"6,88795";"6,78210"
"4,60000";"6,90306";"6,88209"
"4,61000";"6,91806";"6,97444"
"4,62000";"6,93305";"7,06284"
"4,63000";"6,94804";"7,15361"
"4,64000";"6,96303";"7,24363"
"4,65000";"6,97803";"7,33361"
"4,66000";"6,99302";"7,42745"
"4,67000";"7,00790";"7,50961"
"4,68000";"7,02289";"7,59797"
"4,69000";"7,03788";"7,68728"
"4,70000";"7,05288";"7,77525"
"4,71000";"7,06787";"7,86637"
"4,72000";"7,08298";"7,96111"
"4,73000";"7,09797";"8,05556"
"4,74000";"7,11297";"8,15450"
"4,75000";"7,12784";"8,24777"
"4,76000";"7,14283";"8,34553"
"4,77000";"7,15794";"8,44102"
"4,78000";"7,17294";"8,53850"
"4,79000";"7,18805";"8,62617"
"4,80000";"7,20292";"8,72052"
"4,81000";"7,21803";"8,82307"
"4,82000";"7,23303";"8,91829"
"4,83000";"7,24802";"9,01413"
"4,84000";"7,26301";"9,11314"
"4,85000";"7,27813";"9,20817"
"4,86000";"7,29312";"9,30094"
"4,87000";"7,30811";"9,39889"
"4,88000";"7,32299";"9,50064"
"4,89000";"7,33810";"9,60237"
"4,90000";"7,35309";"9,70335"
"4,91000";"7,36797";"9,80567"
"4,92000";"7,38296";"9,90593"
"4,93000";"7,39807";"10,01215"
"4,94000";"7,41306";"10,11672"
"4,95000";"7,42806";"10,22245"
"4,96000";"7,44305";"10,33237"
"4,97000";"7,45804";"10,44572"
"4,98000";"7,47303";"10,55439"
"4,99000";"7,48791";"10,66156"
"5,00000";"7,50290";"10,76565"
"5,01000";"7,51801";"10,86692"
"5,02000";"7,53301";"10,96962"
"5,03000";"7,54800";"11,07023"
"5,04000";"7,56311";"11,18245"
"5,05000";"7,57810";"11,28684"
"5,06000";"7,59298";"11,38662"
"5,07000";"7,60785";"11,48887"
"5,08000";"7,62285";"11,59454"
"5,09000";"7,63796";"11,70020"
"5,10000";"7,65307";"11,81108"
"5,11000";"7,66806";"11,92561"
"5,12000";"7,68306";"12,03832"
"5,13000";"7,69793";"12,14529"
"5,14000";"7,71281";"12,25174"
"5,15000";"7,72780";"12,36386"
"5,16000";"7,74279";"12,48387"
"5,17000";"7,75778";"12,60697"
"5,18000";"7,77278";"12,72413"
"5,19000";"7,78765";"12,84269"
"5,20000";"7,80265";"12,95889"
"5,21000";"7,81764";"13,07210"
"5,22000";"7,83275";"13,18700"
"5,23000";"7,84774";"13,30493"
"5,24000";"7,86285";"13,42692"
"5,25000";"7,87797";"13,54258"
"5,26000";"7,89308";"13,66071"
"5,27000";"7,90807";"13,77689"
"5,28000";"7,92306";"13,89062"
"5,29000";"7,93806";"14,00602"
"5,30000";"7,95281";"14,13037"
"5,31000";"7,96781";"14,24956"
"5,32000";"7,98280";"14,36778"
"5,33000";"7,99791";"14,48620"
"5,34000";"8,01302";"14,61513"
"5,35000";"8,02801";"14,74749"
"5,36000";"8,04301";"14,87885"
"5,37000";"8,05812";"15,00544"
"5,38000";"8,07299";"15,13026"
"5,39000";"8,08799";"15,25505"
"5,40000";"8,10298";"15,38247"
"5,41000";"8,11809";"15,51090"
"5,42000";"8,13308";"15,63995"
"5,43000";"8,14796";"15,76070"
"5,44000";"8,16307";"15,88209"
"5,45000";"8,17806";"16,01071"
"5,46000";"8,19306";"16,14461"
"5,47000";"8,20805";"16,27823"
"5,48000";"8,22304";"16,40582"
"5,49000";"8,23803";"16,53103"
"5,50000";"8,25315";"16,66165"
"5,51000";"8,26826";"16,79366"
"5,52000";"8,28325";"16,92442"
"5,53000";"8,29824";"17,05877"
"5,54000";"8,31312";"17,19169"
"5,55000";"8,32823";"17,32175"
"5,56000";"8,34322";"17,45456"
"5,57000";"8,35833";"17,59170"
"5,58000";"8,37321";"17,73653"
"5,59000";"8,38820";"17,87288"
"5,60000";"8,40296";"18,00568"
"5,61000";"8,41783";"18,14261"
"5,62000";"8,43283";"18,28394"
"5,63000";"8,44782";"18,42269"
"5,64000";"8,46293";"18,55605"
"5,65000";"8,47792";"18,69316"
"5,66000";"8,49315";"18,83132"
"5,67000";"8,50815";"18,96495"
"5,68000";"8,52314";"19,09952"
"5,69000";"8,53801";"19,23373"
"5,70000";"8,55301";"19,37507"
"5,71000";"8,56800";"19,52234"
"5,72000";"8,58299";"19,66379"
"5,73000";"8,59799";"19,81057"
"5,74000";"8,61310";"19,96548"
"5,75000";"8,62809";"20,11234"
"5,76000";"8,64308";"20,25583"
"5,77000";"8,65796";"20,41156"
"5,78000";"8,67295";"20,55991"
"5,79000";"8,68806";"20,70951"
"5,80000";"8,70306";"20,85452"
"5,81000";"8,71805";"21,00150"
"5,82000";"8,73304";"21,14895"
"5,83000";"8,74803";"21,29905"
"5,84000";"8,76303";"21,45053"
"5,85000";"8,77802";"21,59985"
"5,86000";"8,79290";"21,75300"
"5,87000";"8,80789";"21,90909"
"5,88000";"8,82300";"22,06231"
"5,89000";"8,83799";"22,21690"
"5,90000";"8,85287";"22,36892"
"5,91000";"8,86786";"22,51682"
"5,92000";"8,88285";"22,67192"
"5,93000";"8,89785";"22,82273"
"5,94000";"8,91272";"22,97219"
"5,95000";"8,92783";"23,12506"
"5,96000";"8,94283";"23,27586"
"5,97000";"8,95782";"23,43633"
"5,98000";"8,97281";"23,59991"
"5,99000";"8,98780";"23,76415"
"6,00000";"9,00280";"23,93170"
"6,01000";"9,01779";"24,10079"
"6,02000";"9,03279";"24,26213"
"6,03000";"9,04790";"24,41958"
"6,04000";"9,06301";"24,57551"
"6,05000";"9,07800";"24,73987"
"6,06000";"9,09299";"24,91416"
"6,07000";"9,10810";"25,08253"
"6,08000";"9,12310";"25,25138"
"6,09000";"9,13809";"25,42276"
"6,10000";"9,15308";"25,60093"
"6,11000";"9,16808";"25,77887"
"6,12000";"9,18307";"25,95761"
"6,13000";"9,19818";"26,13017"
"6,14000";"9,21317";"26,29412"
"6,15000";"9,22817";"26,46149"
"6,16000";"9,24316";"26,63204"
"6,17000";"9,25815";"26,79980"
"6,18000";"9,27303";"26,97341"
"6,19000";"9,28814";"27,15061"
"6,20000";"9,30325";"27,32801"
"6,21000";"9,31824";"27,51531"
"6,22000";"9,33324";"27,70360"
"6,23000";"9,34811";"27,87981"
"6,24000";"9,36310";"28,06193"
"6,25000";"9,37810";"28,24899"
"6,26000";"9,39309";"28,43237"
"6,27000";"9,40808";"28,60386"
"6,28000";"9,42308";"28,77388"
"6,29000";"9,43807";"28,95672"
"6,30000";"9,45318";"29,14601"
"6,31000";"9,46817";"29,33905"
"6,32000";"9,48305";"29,52621"
"6,33000";"9,49804";"29,71404"
"6,34000";"9,51304";"29,90451"
"6,35000";"9,52803";"30,09851"
"6,36000";"9,54302";"30,29540"
"6,37000";"9,55801";"30,49165"
"6,38000";"9,57312";"30,68927"
"6,39000";"9,58812";"30,88704"
"6,40000";"9,60299";"31,09551"
"6,41000";"9,61799";"31,29615"
"6,42000";"9,63310";"31,49505"
"6,43000";"9,64809";"31,69489"
"6,44000";"9,66297";"31,89942"
"6,45000";"9,67796";"32,09980"
"6,46000";"9,69307";"32,30348"
"6,47000";"9,70806";"32,50608"
"6,48000";"9,72294";"32,70924"
"6,49000";"9,73805";"32,91183"
"6,50000";"9,75304";"33,11022"
"6,51000";"9,76815";"33,32308"
"6,52000";"9,78303";"33,53286"
"6,53000";"9,79802";"33,74180"
"6,54000";"9,81290";"33,95176"
"6,55000";"9,82789";"34,15992"
"6,56000";"9,84276";"34,37468"
"6,57000";"9,85776";"34,59262"
"6,58000";"9,87287";"34,81049"
"6,59000";"9,88798";"35,02883"
"6,60000";"9,90297";"35,24103"
"6,61000";"9,91796";"35,45624"
"6,62000";"9,93308";"35,68396"
"6,63000";"9,94807";"35,92402"
"6,64000";"9,96294";"36,16196"
"6,65000";"9,97794";"36,39407"
"6,66000";"9,99293";"36,62300"
"6,67000";"10,00804";"36,84815"
"6,68000";"10,02304";"37,07830"
"6,69000";"10,03803";"37,30713"
"6,70000";"10,05302";"37,53599"
"6,71000";"10,06801";"37,76972"
"6,72000";"10,08289";"38,00443"
"6,73000";"10,09788";"38,23671"
"6,74000";"10,11299";"38,46965"
"6,75000";"10,12799";"38,70768"
"6,76000";"10,14310";"38,95414"
"6,77000";"10,15809";"39,19962"
"6,78000";"10,17308";"39,43810"
"6,79000";"10,18820";"39,67762"
"6,80000";"10,20319";"39,92079"
"6,81000";"10,21818";"40,16888"
"6,82000";"10,23341";"40,42213"
"6,83000";"10,24840";"40,68243"
"6,84000";"10,26340";"40,94379"
"6,85000";"10,27827";"41,20666"
"6,86000";"10,29315";"41,46881"
"6,87000";"10,30814";"41,73246"
"6,88000";"10,32313";"41,98930"
"6,89000";"10,33813";"42,24047"
"6,90000";"10,35312";"42,48508"
"6,91000";"10,36823";"42,74250"
"6,92000";"10,38322";"43,00579"
"6,93000";"10,39822";"43,27599"
"6,94000";"10,41309";"43,54564"
"6,95000";"10,42808";"43,80868"
"6,96000";"10,44308";"44,06547"
"6,97000";"10,45807";"44,33143"
"6,98000";"10,47318";"44,60128"
"6,99000";"10,48817";"44,89629"
"7,00000";"10,50317";"45,18757"
"7,01000";"10,51828";"45,47510"
"7,02000";"10,53315";"45,76445"
"7,03000";"10,54803";"46,05915"
"7,04000";"10,56302";"46,33826"
"7,05000";"10,57801";"46,60535"
"7,06000";"10,59301";"46,87533"
"7,07000";"10,60788";"47,14920"
"7,08000";"10,62288";"47,42898"
"7,09000";"10,63787";"47,72144"
"7,10000";"10,65286";"48,01855"
"7,11000";"10,66785";"48,31829"
"7,12000";"10,68285";"48,61241"
"7,13000";"10,69784";"48,90090"
"7,14000";"10,71283";"49,19196"
"7,15000";"10,72783";"49,48516"
"7,16000";"10,74282";"49,78706"
"7,17000";"10,75781";"50,09852"
"7,18000";"10,77281";"50,40944"
"7,19000";"10,78780";"50,72423"
"7,20000";"10,80279";"51,04541"
"7,21000";"10,81779";"51,36073"
"7,22000";"10,83290";"51,67601"
"7,23000";"10,84789";"51,98553"
"7,24000";"10,86300";"52,29612"
"7,25000";"10,87799";"52,61813"
"7,26000";"10,89299";"52,94111"
"7,27000";"10,90786";"53,26720"
"7,28000";"10,92285";"53,58610"
"7,29000";"10,93785";"53,90870"
"7,30000";"10,95296";"54,23962"
"7,31000";"10,96807";"54,56815"
"7,32000";"10,98306";"54,89574"
"7,33000";"10,99806";"55,22425"
"7,34000";"11,01293";"55,54961"
"7,35000";"11,02792";"55,87381"
"7,36000";"11,04292";"56,19767"
"7,37000";"11,05803";"56,52395"
"7,38000";"11,07302";"56,86513"
"7,39000";"11,08801";"57,20947"
"7,40000";"11,10289";"57,55329"
"7,41000";"11,11788";"57,89195"
"7,42000";"11,13299";"58,23315"
"7,43000";"11,14799";"58,58128"
"7,44000";"11,16310";"58,92635"
"7,45000";"11,17809";"59,27346"
"7,46000";"11,19308";"59,62555"
"7,47000";"11,20808";"59,98069"
"7,48000";"11,22307";"60,33272"
"7,49000";"11,23794";"60,68306"
"7,50000";"11,25294";"61,02763"
"7,51000";"11,26793";"61,39039"
"7,52000";"11,28292";"61,76009"
"7,53000";"11,29792";"62,12694"
"7,54000";"11,31303";"62,49496"
"7,55000";"11,32802";"62,86863"
"7,56000";"11,34290";"63,24366"
"7,57000";"11,35789";"63,61387"
"7,58000";"11,37288";"63,97540"
"7,59000";"11,38788";"64,33774"
"7,60000";"11,40298";"64,70496"
"7,61000";"11,41798";"65,07808"
"7,62000";"11,43309";"65,45545"
"7,63000";"11,44820";"65,83588"
"7,64000";"11,46308";"66,21927"
"7,65000";"11,47807";"66,59880"
"7,66000";"11,49306";"66,97160"
"7,67000";"11,50794";"67,34171"
"7,68000";"11,52305";"67,70905"
"7,69000";"11,53804";"68,08920"
"7,70000";"11,55315";"68,48064"
"7,71000";"11,56815";"68,88322"
"7,72000";"11,58314";"69,27526"
"7,73000";"11,59813";"69,65774"
"7,74000";"11,61312";"70,03887"
"7,75000";"11,62812";"70,42072"
"7,76000";"11,64311";"70,79824"
"7,77000";"11,65822";"71,17951"
"7,78000";"11,67322";"71,56898"
"7,79000";"11,68809";"71,96805"
"7,80000";"11,70308";"72,36262"
"7,81000";"11,71808";"72,75067"
"7,82000";"11,73295";"73,13559"
"7,83000";"11,74806";"73,52081"
"7,84000";"11,76306";"73,90754"
"7,85000";"11,77817";"74,30996"
"7,86000";"11,79304";"74,71604"
"7,87000";"11,80803";"75,11108"
"7,88000";"11,82291";"75,50500"
"7,89000";"11,83790";"75,90270"
"7,90000";"11,85278";"76,30050"
"7,91000";"11,86777";"76,69444"
"7,92000";"11,88276";"77,09267"
"7,93000";"11,89787";"77,49687"
"7,94000";"11,91299";"77,90787"
"7,95000";"11,92798";"78,31834"
"7,96000";"11,94297";"78,72431"
"7,97000";"11,95797";"79,12668"
"7,98000";"11,97296";"79,52132"
"7,99000";"11,98795";"79,90779"
"8,00000";"12,00306";"80,29395"
"8,01000";"12,01806";"80,67778"
"8,02000";"12,03293";"81,06734"
"8,03000";"12,04792";"81,45198"
"8,04000";"12,06304";"81,82539"
"8,05000";"12,07803";"82,19055"
"8,06000";"12,09302";"82,55464"
"8,07000";"12,10801";"82,90792"
"8,08000";"12,12301";"83,25793"
"8,09000";"12,13800";"83,61716"
"8,10000";"12,15287";"83,97765"
"8,11000";"12,16787";"84,35126"
"8,12000";"12,18274";"84,71468"
"8,13000";"12,19774";"85,08366"
"8,14000";"12,21273";"85,45174"
"8,15000";"12,22772";"85,81369"
"8,16000";"12,24283";"86,17852"
"8,17000";"12,25795";"86,54423"
"8,18000";"12,27294";"86,90445"
"8,19000";"12,28793";"87,27152"
"8,20000";"12,30280";"87,62409"
"8,21000";"12,31780";"87,94946"
"8,22000";"12,33267";"88,26848"
"8,23000";"12,34767";"88,56709"
"8,24000";"12,36278";"88,84936"
"8,25000";"12,37789";"89,12361"
"8,26000";"12,39300";"89,39143"
"8,27000";"12,40799";"89,65455"
"8,28000";"12,42287";"89,90917"
"8,29000";"12,43786";"90,16004"
"8,30000";"12,45286";"90,42041"
"8,31000";"12,46785";"90,69453"
"8,32000";"12,48296";"90,97933"
"8,33000";"12,49795";"91,27825"
"8,34000";"12,51306";"91,57378"
"8,35000";"12,52805";"91,85441"
"8,36000";"12,54317";"92,13431"
"8,37000";"12,55792";"92,41996"
"8,38000";"12,57292";"92,70477"
"8,39000";"12,58791";"92,98201"
"8,40000";"12,60290";"93,24576"
"8,41000";"12,61790";"93,51672"
"8,42000";"12,63289";"93,78685"
"8,43000";"12,64776";"94,05656"
"8,44000";"12,66288";"94,31757"
"8,45000";"12,67787";"94,57298"
"8,46000";"12,69286";"94,81084"
"8,47000";"12,70797";"95,04370"
"8,48000";"12,72308";"95,27425"
"8,49000";"12,73819";"95,51106"
"8,50000";"12,75331";"95,73725"
"8,51000";"12,76818";"95,94829"
"8,52000";"12,78317";"96,13979"
"8,53000";"12,79805";"96,31155"
"8,54000";"12,81304";"96,46307"
"8,55000";"12,82815";"96,60320"
"8,56000";"12,84315";"96,73844"
"8,57000";"12,85814";"96,85503"
"8,58000";"12,87313";"96,95673"
"8,59000";"12,88813";"97,03181"
"8,60000";"12,90300";"97,07950"
"8,61000";"12,91787";"97,09476"
"8,62000";"12,93275";"97,08128"
"8,63000";"12,94786";"97,04155"
"8,64000";"12,96285";"96,98375"
"8,65000";"12,97785";"96,89292"
"8,66000";"12,99284";"96,74700"
"8,67000";"13,00795";"96,55684"
"8,68000";"13,02294";"96,31939"
"8,69000";"13,03794";"96,03548"
"8,70000";"13,05293";"95,69791"
"8,71000";"13,06804";"95,32639"
"8,72000";"13,08315";"94,92859"
"8,73000";"13,09814";"94,49530"
"8,74000";"13,11314";"93,99612"
"8,75000";"13,12813";"93,42133"
"8,76000";"13,14301";"92,77874"
"8,77000";"13,15788";"92,05809"
"8,78000";"13,17287";"91,27546"
"8,79000";"13,18787";"90,46183"
"8,80000";"13,20286";"89,64924"
"8,81000";"13,21797";"88,84708"
"8,82000";"13,23297";"88,07870"
"8,83000";"13,24796";"87,33729"
"8,84000";"13,26283";"86,61555"
"8,85000";"13,27771";"85,89181"
"8,86000";"13,29270";"85,13886"
"8,87000";"13,30769";"84,37696"
"8,88000";"13,32281";"83,63448"
"8,89000";"13,33792";"82,91250"
"8,90000";"13,35291";"82,20492"
"8,91000";"13,36790";"81,50417"
"8,92000";"13,38290";"80,80285"
"8,93000";"13,39789";"80,09430"
"8,94000";"13,41300";"79,36052"
"8,95000";"13,42811";"78,61413"
"8,96000";"13,44310";"77,87662"
"8,97000";"13,45810";"77,15355"
"8,98000";"13,47309";"76,45897"
"8,99000";"13,48808";"75,81118"
"9,00000";"13,50319";"75,22088"
"9,01000";"13,51819";"74,68372"
"9,02000";"13,53318";"74,19306"
"9,03000";"13,54817";"73,73660"
"9,04000";"13,56317";"73,30199"
"9,05000";"13,57816";"72,89375"
"9,06000";"13,59303";"72,49340"
"9,07000";"13,60803";"72,09785"
"9,08000";"13,62290";"71,71056"
"9,09000";"13,63790";"71,33749"
"9,10000";"13,65289";"70,94911"
"9,11000";"13,66788";"70,55418"
"9,12000";"13,68299";"70,17914"
"9,13000";"13,69799";"69,81991"
"9,14000";"13,71310";"69,45362"
"9,15000";"13,72809";"69,07569"
"9,16000";"13,74296";"68,68159"
"9,17000";"13,75808";"68,28050"
"9,18000";"13,77307";"67,86505"
"9,19000";"13,78806";"67,44612"
"9,20000";"13,80306";"67,03384"
"9,21000";"13,81817";"66,62337"
"9,22000";"13,83328";"66,20739"
"9,23000";"13,84827";"65,80799"
"9,24000";"13,86326";"65,43531"
"9,25000";"13,87826";"65,08871"
"9,26000";"13,89325";"64,78261"
"9,27000";"13,90813";"64,50645"
"9,28000";"13,92312";"64,25351"
"9,29000";"13,93811";"64,02485"
"9,30000";"13,95310";"63,81103"
"9,31000";"13,96810";"63,59439"
"9,32000";"13,98309";"63,35857"
"9,33000";"13,99808";"63,08581"
"9,34000";"14,01319";"62,77468"
"9,35000";"14,02819";"62,43343"
"9,36000";"14,04306";"62,07751"
"9,37000";"14,05805";"61,73084"
"9,38000";"14,07293";"61,40115"
"9,39000";"14,08781";"61,11092"
"9,40000";"14,10268";"60,84724"
"9,41000";"14,11767";"60,59359"
"9,42000";"14,13267";"60,37748"
"9,43000";"14,14778";"60,20663"
"9,44000";"14,16289";"60,05592"
"9,45000";"14,17800";"59,93784"
"9,46000";"14,19299";"59,83026"
"9,47000";"14,20787";"59,72814"
"9,48000";"14,22286";"59,61975"
"9,49000";"14,23797";"59,52576"
"9,50000";"14,25308";"59,45301"
"9,51000";"14,26819";"59,41475"
"9,52000";"14,28319";"59,39750"
"9,53000";"14,29830";"59,39201"
"9,54000";"14,31329";"59,39114"
"9,55000";"14,32829";"59,39532"
"9,56000";"14,34316";"59,38628"
"9,57000";"14,35815";"59,37112"
"9,58000";"14,37315";"59,37602"
"9,59000";"14,38802";"59,39942"
"9,60000";"14,40301";"59,42448"
"9,61000";"14,41801";"59,46598"
"9,62000";"14,43312";"59,53582"
"9,63000";"14,44799";"59,63108"
"9,64000";"14,46299";"59,73391"
"9,65000";"14,47810";"59,85931"
"9,66000";"14,49309";"60,00519"
"9,67000";"14,50808";"60,15416"
"9,68000";"14,52308";"60,30381"
"9,69000";"14,53807";"60,45103"
"9,70000";"14,55306";"60,60797"
"9,71000";"14,56806";"60,77652"
"9,72000";"14,58293";"60,95435"
"9,73000";"14,59804";"61,14892"
"9,74000";"14,61315";"61,37272"
"9,75000";"14,62826";"61,63027"
"9,76000";"14,64337";"61,89706"
"9,77000";"14,65825";"62,16039"
"9,78000";"14,67313";"62,42366"
"9,79000";"14,68800";"62,68480"
"9,80000";"14,70299";"62,93651"
"9,81000";"14,71799";"63,18477"
"9,82000";"14,73310";"63,43801"
"9,83000";"14,74821";"63,69655"
"9,84000";"14,76320";"63,96516"
"9,85000";"14,77820";"64,22559"
"9,86000";"14,79319";"64,48352"
"9,87000";"14,80818";"64,74460"
"9,88000";"14,82306";"64,99612"
"9,89000";"14,83805";"65,24874"
"9,90000";"14,85304";"65,51148"
"9,91000";"14,86792";"65,76796"
"9,92000";"14,88291";"65,99812"
"9,93000";"14,89790";"66,21071"
"9,94000";"14,91290";"66,41877"
"9,95000";"14,92789";"66,64331"
"9,96000";"14,94288";"66,89107"
"9,97000";"14,95799";"67,16073"
"9,98000";"14,97310";"67,44571"
"9,99000";"14,98810";"67,74306"
"10,00000";"15,00297";"68,02485"
"10,01000";"15,01797";"68,29481"
"10,02000";"15,03296";"68,57335"
"10,03000";"15,04795";"68,86488"
"10,04000";"15,06306";"69,16073"
"10,05000";"15,07817";"69,46014"
"10,06000";"15,09328";"69,76749"
"10,07000";"15,10828";"70,07795"
"10,08000";"15,12327";"70,38301"
"10,09000";"15,13815";"70,68372"
"10,10000";"15,15290";"70,97144"
"10,11000";"15,16790";"71,24464"
"10,12000";"15,18289";"71,52673"
"10,13000";"15,19800";"71,82950"
"10,14000";"15,21299";"72,14123"
"10,15000";"15,22799";"72,44398"
"10,16000";"15,24286";"72,73914"
"10,17000";"15,25785";"73,02385"
"10,18000";"15,27273";"73,31073"
"10,19000";"15,28772";"73,60299"
"10,20000";"15,30283";"73,90667"
"10,21000";"15,31783";"74,21775"
"10,22000";"15,33282";"74,52985"
"10,23000";"15,34781";"74,82652"
"10,24000";"15,36280";"75,11192"
"10,25000";"15,37792";"75,39477"
"10,26000";"15,39279";"75,67706"
"10,27000";"15,40778";"75,96255"
"10,28000";"15,42278";"76,23653"
"10,29000";"15,43789";"76,48072"
"10,30000";"15,45288";"76,69098"
"10,31000";"15,46787";"76,87309"
"10,32000";"15,48287";"77,04874"
"10,33000";"15,49810";"77,16268"
"10,34000";"15,51309";"77,20000"
"10,35000";"15,52808";"77,19326"
"10,36000";"15,54319";"77,20746"
"10,37000";"15,55819";"77,30020"
"10,38000";"15,57318";"77,47574"
"10,39000";"15,58817";"77,72666"
"10,40000";"15,60317";"78,03884"
"10,41000";"15,61804";"78,39606"
"10,42000";"15,63304";"78,79311"
"10,43000";"15,64803";"79,21426"
"10,44000";"15,66302";"79,65376"
"10,45000";"15,67813";"80,11458"
"10,46000";"15,69312";"80,59385"
"10,47000";"15,70812";"81,07014"
"10,48000";"15,72311";"81,51921"
"10,49000";"15,73799";"81,95358"
"10,50000";"15,75286";"82,37540"
"10,51000";"15,76785";"82,81086"
"10,52000";"15,78285";"83,27966"
"10,53000";"15,79784";"83,77586"
"10,54000";"15,81272";"84,27827"
"10,55000";"15,82783";"84,78333"
"10,56000";"15,84282";"85,28709"
"10,57000";"15,85781";"85,79008"
"10,58000";"15,87281";"86,28214"
"10,59000";"15,88792";"86,75042"
"10,60000";"15,90303";"87,18909"
"10,61000";"15,91814";"87,62221"
"10,62000";"15,93325";"88,06065"
"10,63000";"15,94824";"88,49062"
"10,64000";"15,96312";"88,88569"
"10,65000";"15,97811";"89,25188"
"10,66000";"15,99310";"89,59816"
"10,67000";"16,00798";"89,94529"
"10,68000";"16,02297";"90,29594"
"10,69000";"16,03797";"90,64540"
"10,70000";"16,05296";"91,02721"
"10,71000";"16,06795";"91,44048"
"10,72000";"16,08294";"91,87209"
"10,73000";"16,09794";"92,29125"
"10,74000";"16,11281";"92,69886"
"10,75000";"16,12792";"93,10336"
"10,76000";"16,14304";"93,52963"
"10,77000";"16,15815";"93,95746"
"10,78000";"16,17314";"94,39198"
"10,79000";"16,18813";"94,81472"
"10,80000";"16,20312";"95,22736"
"10,81000";"16,21800";"95,63660"
"10,82000";"16,23288";"96,06499"
"10,83000";"16,24787";"96,54021"
"10,84000";"16,26286";"97,05038"
"10,85000";"16,27773";"97,57574"
"10,86000";"16,29273";"98,10099"
"10,87000";"16,30784";"98,64591"
"10,88000";"16,32283";"99,21956"
"10,89000";"16,33794";"99,81683"
"10,90000";"16,35306";"100,44502"
"10,91000";"16,36817";"101,09869"
"10,92000";"16,38328";"101,76681"
"10,93000";"16,39839";"102,44723"
"10,94000";"16,41326";"103,13719"
"10,95000";"16,42814";"103,81187"
"10,96000";"16,44301";"104,45528"
"10,97000";"16,45801";"105,08524"
"10,98000";"16,47288";"105,72515"
"10,99000";"16,48788";"106,39158"
"11,00000";"16,50299";"107,09601"
"11,01000";"16,51798";"107,82482"
"11,02000";"16,53297";"108,55540"
"11,03000";"16,54797";"109,27206"
"11,04000";"16,56284";"109,96661"
"11,05000";"16,57784";"110,62480"
"11,06000";"16,59283";"111,24538"
"11,07000";"16,60782";"111,86497"
"11,08000";"16,62293";"112,49517"
"11,09000";"16,63804";"113,13482"
"11,10000";"16,65303";"113,76561"
"11,11000";"16,66803";"114,37226"
"11,12000";"16,68302";"114,99802"
"11,13000";"16,69790";"115,63129"
"11,14000";"16,71289";"116,26162"
"11,15000";"16,72788";"116,90296"
"11,16000";"16,74287";"117,58878"
"11,17000";"16,75787";"118,30145"
"11,18000";"16,77286";"119,02670"
"11,19000";"16,78797";"119,77538"
"11,20000";"16,80297";"120,57967"
"11,21000";"16,81796";"121,40380"
"11,22000";"16,83295";"122,22950"
"11,23000";"16,84795";"123,04812"
"11,24000";"16,86294";"123,87176"
"11,25000";"16,87793";"124,68185"
"11,26000";"16,89293";"125,45505"
"11,27000";"16,90780";"126,16756"
"11,28000";"16,92279";"126,85953"
"11,29000";"16,93778";"127,54509"
"11,30000";"16,95290";"128,25781"
"11,31000";"16,96801";"129,01205"
"11,32000";"16,98312";"129,81256"
"11,33000";"16,99811";"130,63055"
"11,34000";"17,01311";"131,44385"
"11,35000";"17,02810";"132,27049"
"11,36000";"17,04297";"133,12073"
"11,37000";"17,05785";"133,99046"
"11,38000";"17,07284";"134,88081"
"11,39000";"17,08783";"135,79062"
"11,40000";"17,10271";"136,71652"
"11,41000";"17,11770";"137,62949"
"11,42000";"17,13270";"138,53458"
"11,43000";"17,14781";"139,44217"
"11,44000";"17,16268";"140,37155"
"11,45000";"17,17768";"141,29988"
"11,46000";"17,19267";"142,18463"
"11,47000";"17,20778";"143,08455"
"11,48000";"17,22289";"144,04266"
"11,49000";"17,23800";"145,04294"
"11,50000";"17,25311";"146,04979"
"11,51000";"17,26822";"147,06210"
"11,52000";"17,28310";"148,07855"
"11,53000";"17,29797";"149,07722"
"11,54000";"17,31297";"150,07938"
"11,55000";"17,32796";"151,12558"
"11,56000";"17,34295";"152,22835"
"11,57000";"17,35783";"153,37370"
"11,58000";"17,37282";"154,51489"
"11,59000";"17,38781";"155,67731"
"11,60000";"17,40281";"156,87352"
"11,61000";"17,41780";"158,08141"
"11,62000";"17,43291";"159,31287"
"11,63000";"17,44802";"160,55402"
"11,64000";"17,46325";"161,80646"
"11,65000";"17,47812";"163,08606"
"11,66000";"17,49300";"164,33191"
"11,67000";"17,50799";"165,53131"
"11,68000";"17,52263";"166,71901"
"11,69000";"17,53751";"167,88206"
"11,70000";"17,55238";"169,09084"
"11,71000";"17,56737";"170,37405"
"11,72000";"17,58249";"171,74567"
"11,73000";"17,59748";"173,15491"
"11,74000";"17,61259";"174,58800"
"11,75000";"17,62758";"176,02867"
"11,76000";"17,64270";"177,49779"
"11,77000";"17,65780";"178,99361"
"11,78000";"17,67304";"180,56433"
"11,79000";"17,68815";"182,17204"
"11,80000";"17,70326";"183,78581"
"11,81000";"17,71825";"185,43294"
"11,82000";"17,73324";"187,11055"
"11,83000";"17,74824";"188,78145"
"11,84000";"17,76311";"190,43671"
"11,85000";"17,77822";"192,06413"
"11,86000";"17,79310";"193,71272"
"11,87000";"17,80821";"195,41650"
"11,88000";"17,82320";"197,20601"
"11,89000";"17,83820";"199,06021"
"11,90000";"17,85307";"200,97159"
"11,91000";"17,86806";"202,95078"
"11,92000";"17,88305";"204,97008"
"11,93000";"17,89805";"207,00410"
"11,94000";"17,91304";"209,08192"
"11,95000";"17,92815";"211,20938"
"11,96000";"17,94303";"213,39984"
"11,97000";"17,95778";"215,58147"
"11,98000";"17,97266";"217,75281"
"11,99000";"17,98753";"220,04564"
"12,00000";"18,00253";"222,42892"
"12,01000";"18,01752";"224,95078"
"12,02000";"18,03263";"227,62971"
"12,03000";"18,04762";"230,39406"
"12,04000";"18,06274";"233,13849"
"12,05000";"18,07785";"235,91629"
"12,06000";"18,09284";"238,76106"
"12,07000";"18,10795";"241,69629"
"12,08000";"18,12306";"244,73909"
"12,09000";"18,13817";"247,89809"
"12,10000";"18,15329";"251,14809"
"12,11000";"18,16816";"254,47383"
"12,12000";"18,18315";"257,88043"
"12,13000";"18,19814";"261,37073"
"12,14000";"18,21314";"264,98978"
"12,15000";"18,22801";"268,77072"
"12,16000";"18,24289";"272,65613"
"12,17000";"18,25800";"276,65601"
"12,18000";"18,27299";"280,84247"
"12,19000";"18,28799";"285,14636"
"12,20000";"18,30298";"289,54242"
"12,21000";"18,31785";"293,90930"
"12,22000";"18,33273";"298,16275"
"12,23000";"18,34760";"302,36044"
"12,24000";"18,36260";"306,68060"
"12,25000";"18,37759";"311,22818"
"12,26000";"18,39258";"315,97760"
"12,27000";"18,40758";"320,85431"
"12,28000";"18,42257";"325,91168"
"12,29000";"18,43744";"331,08688"
"12,30000";"18,45244";"336,31705"
"12,31000";"18,46731";"341,55417"
"12,32000";"18,48242";"346,82028"
"12,33000";"18,49754";"352,24002"
"12,33200";"18,50061";"353,33377"
"12,33400";"18,50367";"354,42557"
"12,34400";"18,51690";"359,77563"
"12,35400";"18,52445";"363,38226"
"12,35800";"18,52611";"363,44934"
"12,36800";"18,52598";"358,36951"
"12,37800";"18,52138";"344,03979"
"12,38800";"18,51052";"317,88245"
"12,39800";"18,49411";"275,09973"
"12,40800";"18,47416";"214,70200"
"12,41800";"18,45244";"145,41612"
"12,42800";"18,43024";"79,73502"
"12,43800";"18,40852";"27,13786"
"12,44800";"18,38762";"-9,09392"
"12,45800";"18,36756";"-28,96198"
"12,46800";"18,34831";"-35,78161"
"12,47800";"18,32978";"-34,63504"
"12,48800";"18,31183";"-30,39781"
"12,49800";"18,29472";"-25,84424"
"12,50800";"18,27819";"-21,80437"
"12,51800";"18,26190";"-18,55718"
"12,52800";"18,24584";"-16,28483"
"12,53800";"18,23014";"-14,78815"
"12,54800";"18,21444";"-13,69892"
"12,55800";"18,19897";"-12,74426"
"12,56800";"18,18363";"-12,01565"
"12,57800";"18,16863";"-11,34095"
"12,58800";"18,15376";"-10,65279"
"12,59800";"18,13877";"-10,07930"
"12,60800";"18,12330";"-9,66361"
"12,61800";"18,10783";"-9,38146"
"12,62800";"18,09237";"-9,14105"
"12,63800";"18,07714";"-8,91778"
"12,64800";"18,06203";"-8,69093"
"12,65800";"18,04704";"-8,45940"
"12,66800";"18,03204";"-8,23607"
"12,67800";"18,01693";"-8,02952"
"12,68800";"18,00182";"-7,84949"
"12,69800";"17,98671";"-7,68704"
"12,70800";"17,97171";"-7,54435"
"12,71800";"17,95672";"-7,41695"
"12,72800";"17,94185";"-7,29104"
"12,73800";"17,92697";"-7,15824"
"12,74800";"17,91210";"-7,01986"
"12,75800";"17,89722";"-6,88431"
"12,76800";"17,88211";"-6,75922"
"12,77800";"17,86700";"-6,63929"
"12,78800";"17,85177";"-6,53206"
"12,79800";"17,83678";"-6,44311"
"12,80800";"17,82190";"-6,34994"
"12,81800";"17,80691";"-6,23688"
"12,82800";"17,79203";"-6,10542"
"12,83800";"17,77704";"-5,97303"
"12,84800";"17,76217";"-5,84713"
"12,85800";"17,74706";"-5,72966"
"12,86800";"17,73195";"-5,60309"
"12,87800";"17,71695";"-5,47001"
"12,88800";"17,70208";"-5,32468"
"12,89800";"17,68708";"-5,15925"
"12,90800";"17,67209";"-4,98282"
"12,91800";"17,65698";"-4,81043"
"12,92800";"17,64187";"-4,64935"
"12,93800";"17,62688";"-4,49771"
"12,94800";"17,61176";"-4,36043"
"12,95800";"17,59689";"-4,23693"
"12,96800";"17,58201";"-4,10529"
"12,97800";"17,56714";"-3,97494"
"12,98800";"17,55202";"-3,84528"
"12,99800";"17,53703";"-3,72950"
"13,00800";"17,52204";"-3,62181"
"13,01800";"17,50693";"-3,51081"
"13,02800";"17,49182";"-3,39333"
"13,03800";"17,47694";"-3,27345"
"13,04800";"17,46207";"-3,14140"
"13,05800";"17,44731";"-3,01074"
"13,06800";"17,43220";"-2,88338"
"13,07800";"17,41709";"-2,76605"
"13,08800";"17,40210";"-2,66214"
"13,09800";"17,38699";"-2,56031"
"13,10800";"17,37188";"-2,46065"
"13,11800";"17,35700";"-2,35638"
"13,12800";"17,34212";"-2,25663"
"13,13800";"17,32713";"-2,16183"
"13,14800";"17,31202";"-2,07488"
"13,15800";"17,29703";"-1,99729"
"13,16800";"17,28204";"-1,92462"
"13,17800";"17,26704";"-1,84815"
"13,18800";"17,25193";"-1,77876"
"13,19800";"17,23694";"-1,71855"
"13,20800";"17,22206";"-1,66363"
"13,21800";"17,20719";"-1,59907"
"13,22800";"17,19208";"-1,52524"
"13,23800";"17,17708";"-1,45713"
"13,24800";"17,16197";"-1,39501"
"13,25800";"17,14698";"-1,34119"
"13,26800";"17,13199";"-1,29522"
"13,27800";"17,11699";"-1,25464"
"13,28800";"17,10200";"-1,21094"
"13,29800";"17,08713";"-1,16194"
"13,30800";"17,07201";"-1,11101"
"13,31800";"17,05690";"-1,06107"
"13,32800";"17,04191";"-1,01472"
"13,33800";"17,02703";"-0,97041"
"13,34800";"17,01192";"-0,92281"
"13,35800";"16,99705";"-0,87214"
"13,36800";"16,98206";"-0,81381"
"13,37800";"16,96718";"-0,75708"
"13,38800";"16,95207";"-0,71552"
"13,39800";"16,93708";"-0,69292"
"13,40800";"16,92208";"-0,68035"
"13,41800";"16,90697";"-0,66652"
"13,42800";"16,89210";"-0,65768"
"13,43800";"16,87698";"-0,64621"
"13,44800";"16,86199";"-0,63393"
"13,45800";"16,84700";"-0,61682"
"13,46800";"16,83201";"-0,59779"
"13,47800";"16,81689";"-0,58699"
"13,48800";"16,80179";"-0,57576"
"13,49800";"16,78679";"-0,57357"
"13,50800";"16,77192";"-0,56797"
"13,51800";"16,75692";"-0,55826"
"13,52800";"16,74193";"-0,54612"
"13,53800";"16,72706";"-0,53988"
"13,54800";"16,71206";"-0,53437"
"13,55800";"16,69707";"-0,52419"
"13,56800";"16,68196";"-0,51353"
"13,57800";"16,66685";"-0,50331"
"13,58800";"16,65197";"-0,49459"
"13,59800";"16,63710";"-0,47450"
"13,60800";"16,62211";"-0,45938"
"13,61800";"16,60699";"-0,45409"
"13,62800";"16,59200";"-0,44336"
"13,63800";"16,57689";"-0,43424"
"13,64800";"16,56178";"-0,43266"
"13,65800";"16,54667";"-0,43402"
"13,66800";"16,53179";"-0,43150"
"13,67800";"16,51692";"-0,41671"
"13,68800";"16,50204";"-0,40762"
"13,69800";"16,48693";"-0,40269"
"13,70800";"16,47194";"-0,39551"
"13,71800";"16,45706";"-0,38795"
"13,72800";"16,44195";"-0,37692"
"13,73800";"16,42684";"-0,37015"
"13,74800";"16,41197";"-0,37292"
"13,75800";"16,39709";"-0,37838"
"13,76800";"16,38222";"-0,38057"
"13,77800";"16,36722";"-0,37831"
"13,78800";"16,35223";"-0,37698"
"13,79800";"16,33735";"-0,37128"
"13,80800";"16,32224";"-0,35783"
"13,81800";"16,30713";"-0,34968"
"13,82800";"16,29214";"-0,34859"
"13,83800";"16,27715";"-0,34797"
"13,84800";"16,26215";"-0,35059"
"13,85800";"16,24704";"-0,34974"
"13,86800";"16,23193";"-0,35244"
"13,87800";"16,21706";"-0,36012"
"13,88800";"16,20194";"-0,35546"
"13,89800";"16,18695";"-0,34328"
"13,90800";"16,17208";"-0,33157"
"13,91800";"16,15720";"-0,31706"
"13,92800";"16,14233";"-0,30203"
"13,93800";"16,12721";"-0,29890"
"13,94800";"16,11199";"-0,28884"
"13,95800";"16,09687";"-0,27628"
"13,96800";"16,08188";"-0,26973"
"13,97800";"16,06677";"-0,26882"
"13,98800";"16,05178";"-0,26599"
"13,99800";"16,03690";"-0,26019"
"14,00800";"16,02203";"-0,24988"
"14,01800";"16,00692";"-0,24237"
"14,02800";"15,99181";"-0,24017"
"14,03800";"15,97681";"-0,23466"
"14,04800";"15,96194";"-0,22665"
"14,05800";"15,94695";"-0,21864"
"14,06800";"15,93195";"-0,21320"
"14,07800";"15,91696";"-0,21499"
"14,08800";"15,90220";"-0,21400"
"14,09800";"15,88721";"-0,20868"
"14,10800";"15,87210";"-0,19939"
"14,11800";"15,85710";"-0,19670"
"14,12800";"15,84211";"-0,18751"
"14,13800";"15,82712";"-0,17943"
"14,14800";"15,81213";"-0,17779"
"14,15800";"15,79713";"-0,17243"
"14,16800";"15,78226";"-0,16805"
"14,17800";"15,76727";"-0,16466"
"14,18800";"15,75215";"-0,16070"
"14,19800";"15,73716";"-0,16487"
"14,20800";"15,72205";"-0,16887"
"14,21800";"15,70706";"-0,16903"
"14,22800";"15,69218";"-0,16657"
"14,23800";"15,67707";"-0,16598"
"14,24800";"15,66208";"-0,17146"
"14,25800";"15,64708";"-0,17588"
"14,26800";"15,63209";"-0,17057"
"14,27800";"15,61686";"-0,16812"
"14,28800";"15,60175";"-0,17507"
"14,29800";"15,58687";"-0,17999"
"14,30800";"15,57188";"-0,17724"
"14,31800";"15,55689";"-0,17781"
"14,32800";"15,54190";"-0,17183"
"14,33800";"15,52702";"-0,16283"
"14,34800";"15,51203";"-0,15340"
"14,35800";"15,49692";"-0,14980"
"14,36800";"15,48180";"-0,15206"
"14,37800";"15,46693";"-0,15327"
"14,38800";"15,45205";"-0,15097"
"14,39800";"15,43706";"-0,15784"
"14,40800";"15,42195";"-0,16325"
"14,41800";"15,40707";"-0,16492"
"14,42800";"15,39208";"-0,16785"
"14,43800";"15,37697";"-0,16460"
"14,44800";"15,36186";"-0,15959"
"14,45800";"15,34699";"-0,15521"
"14,46800";"15,33211";"-0,14820"
"14,47800";"15,31712";"-0,14683"
"14,48800";"15,30201";"-0,14494"
"14,49800";"15,28701";"-0,13987"
"14,50800";"15,27214";"-0,13783"
"14,51800";"15,25703";"-0,13854"
"14,52800";"15,24203";"-0,14520"
"14,53800";"15,22704";"-0,14973"
"14,54800";"15,21217";"-0,15814"
"14,55800";"15,19717";"-0,16372"
"14,56800";"15,18206";"-0,16470"
"14,57800";"15,16695";"-0,16689"
"14,58800";"15,15219";"-0,16673"
"14,59800";"15,13720";"-0,15840"
"14,60800";"15,12209";"-0,15265"
"14,61800";"15,10698";"-0,15386"
"14,62800";"15,09210";"-0,15762"
"14,63800";"15,07735";"-0,16529"
"14,64800";"15,06223";"-0,16580"
"14,65800";"15,04713";"-0,17180"
"14,66800";"15,03213";"-0,17657"
"14,67800";"15,01702";"-0,17343"
"14,68800";"15,00203";"-0,16357"
"14,69800";"14,98703";"-0,15349"
"14,70800";"14,97216";"-0,14888"
"14,71800";"14,95728";"-0,14217"
"14,72800";"14,94229";"-0,13963"
"14,73800";"14,92730";"-0,14193"
"14,74800";"14,91231";"-0,14451"
"14,75800";"14,89731";"-0,14958"
"14,76800";"14,88232";"-0,14828"
"14,77800";"14,86721";"-0,14179"
"14,78800";"14,85222";"-0,14153"
"14,79800";"14,83734";"-0,14022"
"14,80800";"14,82223";"-0,13678"
"14,81800";"14,80712";"-0,13724"
"14,82800";"14,79189";"-0,14562"
"14,83800";"14,77701";"-0,15574"
"14,84800";"14,76214";"-0,15532"
"14,85800";"14,74714";"-0,15576"
"14,86800";"14,73215";"-0,15379"
"14,87800";"14,71716";"-0,15060"
"14,88800";"14,70217";"-0,14907"
"14,89800";"14,68717";"-0,14514"
"14,90800";"14,67194";"-0,14047"
"14,91800";"14,65695";"-0,13427"
"14,92800";"14,64208";"-0,11742"
"14,93800";"14,62708";"-0,10818"
"14,94800";"14,61209";"-0,10077"
"14,95800";"14,59710";"-0,10612"
"14,96800";"14,58199";"-0,11137"
"14,97800";"14,56687";"-0,10845"
"14,98800";"14,55165";"-0,10709"
"14,99800";"14,53677";"-0,10607"
"15,00800";"14,52190";"-0,10085"
"15,01800";"14,50690";"-0,10217"
"15,02800";"14,49179";"-0,10172"
"15,03800";"14,47680";"-0,10309"
"15,04800";"14,46181";"-0,10348"
"15,05800";"14,44681";"-0,10709"
"15,06800";"14,43170";"-0,10493"
"15,07800";"14,41683";"-0,09566"
"15,08800";"14,40195";"-0,08776"
"15,09800";"14,38696";"-0,08967"
"15,10800";"14,37197";"-0,08915"
"15,11800";"14,35685";"-0,08831"
"15,12800";"14,34198";"-0,08994"
"15,13800";"14,32687";"-0,09715"
"15,14800";"14,31164";"-0,09441"
"15,15800";"14,29653";"-0,08777"
"15,16800";"14,28189";"-0,08721"
"15,17800";"14,26701";"-0,08487"
"15,18800";"14,25202";"-0,08139"
"15,19800";"14,23679";"-0,07776"
"15,20800";"14,22180";"-0,07944"
"15,21800";"14,20681";"-0,07665"
"15,22800";"14,19169";"-0,07468"
"15,23800";"14,17658";"-0,07304"
"15,24800";"14,16194";"-0,06553"
"15,25800";"14,14719";"-0,05696"
"15,26800";"14,13219";"-0,04632"
"15,27800";"14,11708";"-0,03993"
"15,28800";"14,10197";"-0,03251"
"15,29800";"14,08710";"-0,02382"
"15,30800";"14,07199";"-0,01491"
"15,31800";"14,05688";"-0,00577"
"15,32800";"14,04200";"0,00119"
"15,33800";"14,02724";"0,00259"
"15,34800";"14,01225";"0,00058"
"15,35800";"13,99714";"-0,00539"
"15,36800";"13,98215";"-0,01270"
"15,37800";"13,96727";"-0,01633"
"15,38800";"13,95228";"-0,01620"
"15,39800";"13,93705";"-0,00816"
"15,40800";"13,92217";"0,00161"
"15,41800";"13,90742";"0,00633"
"15,42800";"13,89231";"0,00582"
"15,43800";"13,87719";"0,01316"
"15,44800";"13,86196";"0,02141"
"15,45800";"13,84709";"0,02309"
"15,46800";"13,83210";"0,02617"
"15,47800";"13,81699";"0,02754"
"15,48800";"13,80211";"0,02671"
"15,49800";"13,78712";"0,03104"
"15,50800";"13,77212";"0,03788"
"15,51800";"13,75701";"0,03834"
"15,52800";"13,74179";"0,03863"
"15,53800";"13,72679";"0,03343"
"15,54800";"13,71192";"0,03855"
"15,55800";"13,69692";"0,04072"
"15,56800";"13,68193";"0,03922"
"15,57800";"13,66706";"0,03325"
"15,58800";"13,65218";"0,03088"
"15,59800";"13,63707";"0,03059"
"15,60800";"13,62184";"0,02988"
"15,61800";"13,60685";"0,03081"
"15,62800";"13,59185";"0,03467"
"15,63800";"13,57698";"0,04445"
"15,64800";"13,56187";"0,04802"
"15,65800";"13,54688";"0,04805"
"15,66800";"13,53200";"0,05419"
"15,67800";"13,51701";"0,05771"
"15,68800";"13,50190";"0,05862"
"15,69800";"13,48678";"0,06026"
"15,70800";"13,47203";"0,06092"
"15,71800";"13,45715";"0,05866"
"15,72800";"13,44204";"0,05235"
"15,73800";"13,42705";"0,04099"
"15,74800";"13,41206";"0,03109"
"15,75800";"13,39706";"0,02724"
"15,76800";"13,38195";"0,02580"
"15,77800";"13,36672";"0,02728"
"15,78800";"13,35185";"0,03707"
"15,79800";"13,33709";"0,04588"
"15,80800";"13,32210";"0,04675"
"15,81800";"13,30699";"0,04868"
"15,82800";"13,29199";"0,04948"
"15,83800";"13,27700";"0,05413"
"15,84800";"13,26189";"0,05082"
"15,85800";"13,24678";"0,04416"
"15,86800";"13,23178";"0,04184"
"15,87800";"13,21703";"0,04556"
"15,88800";"13,20215";"0,05340"
"15,89800";"13,18704";"0,06053"
"15,90800";"13,17193";"0,06202"
"15,91800";"13,15694";"0,05802"
"15,92800";"13,14183";"0,05648"
"15,93800";"13,12671";"0,05329"
"15,94800";"13,11172";"0,05173"
"15,95800";"13,09685";"0,05293"
"15,96800";"13,08209";"0,05688"
"15,97800";"13,06698";"0,05884"
"15,98800";"13,05199";"0,06857"
"15,99800";"13,03699";"0,07287"
"16,00800";"13,02200";"0,07687"
"16,01800";"13,00689";"0,07403"
"16,02800";"12,99189";"0,07016"
"16,03800";"12,97690";"0,06679"
"16,04800";"12,96203";"0,06577"
"16,05800";"12,94703";"0,06823"
"16,06800";"12,93192";"0,06390"
"16,07800";"12,91693";"0,05613"
"16,08800";"12,90194";"0,04908"
"16,09800";"12,88694";"0,04941"
"16,10800";"12,87195";"0,05877"
"16,11800";"12,85708";"0,06402"
"16,12800";"12,84220";"0,06464"
"16,13800";"12,82721";"0,07144"
"16,14800";"12,81198";"0,07439"
"16,15800";"12,79699";"0,07548"
"16,16800";"12,78199";"0,07388"
"16,17800";"12,76688";"0,07345"
"16,18800";"12,75189";"0,07562"
"16,19800";"12,73690";"0,07372"
"16,20800";"12,72214";"0,07349"
"16,21800";"12,70703";"0,08072"
"16,22800";"12,69192";"0,08835"
"16,23800";"12,67681";"0,09404"
"16,24800";"12,66181";"0,09040"
"16,25800";"12,64682";"0,08682"
"16,26800";"12,63183";"0,08337"
"16,27800";"12,61683";"0,07403"
"16,28800";"12,60196";"0,06679"
"16,29800";"12,58697";"0,06241"
"16,30800";"12,57197";"0,05948"
"16,31800";"12,55686";"0,05608"
"16,32800";"12,54187";"0,05499"
"16,33800";"12,52688";"0,05624"
"16,34800";"12,51188";"0,06213"
"16,35800";"12,49689";"0,06398"
"16,36800";"12,48190";"0,06805"
"16,37800";"12,46690";"0,07003"
"16,38800";"12,45179";"0,07754"
"16,39800";"12,43680";"0,07760"
"16,40800";"12,42169";"0,07307"
"16,41800";"12,40681";"0,07171"
"16,42800";"12,39206";"0,06984"
"16,43800";"12,37718";"0,07188"
"16,44800";"12,36207";"0,07379"
"16,45800";"12,34708";"0,06979"
"16,46800";"12,33208";"0,06313"
"16,47800";"12,31697";"0,06969"
"16,48800";"12,30186";"0,07637"
"16,49800";"12,28687";"0,07884"
"16,50800";"12,27199";"0,07989"
"16,51800";"12,25700";"0,07945"
"16,52800";"12,24201";"0,07863"
"16,53800";"12,22701";"0,07376"
"16,54800";"12,21202";"0,07395"
"16,55800";"12,19691";"0,07635"
"16,56800";"12,18180";"0,07800"
"16,57800";"12,16681";"0,08472"
"16,58800";"12,15193";"0,08578"
"16,59800";"12,13694";"0,08632"
"16,60800";"12,12194";"0,08248"
"16,61800";"12,10695";"0,08090"
"16,62800";"12,09196";"0,08592"
"16,63800";"12,07708";"0,08447"
"16,64800";"12,06197";"0,08411"
"16,65800";"12,04710";"0,08438"
"16,66800";"12,03222";"0,08288"
"16,67800";"12,01735";"0,08557"
"16,68800";"12,00224";"0,09023"
"16,69800";"11,98713";"0,09283"
"16,70800";"11,97201";"0,08615"
"16,71800";"11,95702";"0,08255"
"16,72800";"11,94191";"0,08239"
"16,73800";"11,92692";"0,09249"
"16,74800";"11,91204";"0,09391"
"16,75800";"11,89717";"0,09361"
"16,76800";"11,88206";"0,09498"
"16,77800";"11,86695";"0,09518"
"16,78800";"11,85183";"0,08794"
"16,79800";"11,83684";"0,07810"
"16,80800";"11,82173";"0,07771"
"16,81800";"11,80674";"0,08270"
"16,82800";"11,79186";"0,08699"
"16,83800";"11,77699";"0,08840"
"16,84800";"11,76199";"0,08613"
"16,85800";"11,74688";"0,07552"
"16,86800";"11,73189";"0,07142"
"16,87800";"11,71690";"0,07579"
"16,88800";"11,70202";"0,08415"
"16,89800";"11,68703";"0,09263"
"16,90800";"11,67192";"0,09484"
"16,91800";"11,65693";"0,09747"
"16,92800";"11,64205";"0,09768"
"16,93800";"11,62694";"0,09744"
"16,94800";"11,61195";"0,09178"
"16,95800";"11,59683";"0,08376"
"16,96800";"11,58196";"0,08490"
"16,97800";"11,56697";"0,09006"
"16,98800";"11,55197";"0,08662"
"16,99800";"11,53698";"0,09056"
"17,00800";"11,52199";"0,09214"
"17,01800";"11,50699";"0,09448"
"17,02800";"11,49200";"0,10173"
"17,03800";"11,47689";"0,10945"
"17,04800";"11,46190";"0,11153"
"17,05800";"11,44714";"0,11006"
"17,06800";"11,43215";"0,10695"
"17,07800";"11,41715";"0,10487"
"17,08800";"11,40216";"0,10155"
"17,09800";"11,38705";"0,10509"
"17,10800";"11,37206";"0,11004"
"17,11800";"11,35683";"0,11150"
"17,12800";"11,34183";"0,11306"
"17,13800";"11,32696";"0,11918"
"17,14800";"11,31196";"0,12414"
"17,15800";"11,29697";"0,12484"
"17,16800";"11,28198";"0,12762"
"17,17800";"11,26710";"0,13800"
"17,18800";"11,25199";"0,15208"
"17,19800";"11,23700";"0,15846"
"17,20800";"11,22201";"0,15721"
"17,21800";"11,20701";"0,15534"
"17,22800";"11,19202";"0,15205"
"17,23800";"11,17691";"0,14809"
"17,24800";"11,16192";"0,14236"
"17,25800";"11,14704";"0,14226"
"17,26800";"11,13205";"0,13871"
"17,27800";"11,11694";"0,14095"
"17,28800";"11,10194";"0,13760"
"17,29800";"11,08707";"0,12974"
"17,30800";"11,07219";"0,12248"
"17,31800";"11,05696";"0,11769"
"17,32800";"11,04185";"0,11754"
"17,33800";"11,02686";"0,12541"
"17,34800";"11,01187";"0,13088"
"17,35800";"10,99676";"0,13334"
"17,36800";"10,98176";"0,14278"
"17,37800";"10,96701";"0,14490"
"17,38800";"10,95213";"0,14527"
"17,39800";"10,93702";"0,13792"
"17,40800";"10,92191";"0,13823"
"17,41800";"10,90692";"0,13684"
"17,42800";"10,89192";"0,13283"
"17,43800";"10,87681";"0,12689"
"17,44800";"10,86182";"0,11788"
"17,45800";"10,84694";"0,11045"
"17,46800";"10,83195";"0,12158"
"17,47800";"10,81696";"0,13387"
"17,48800";"10,80185";"0,13853"
"17,49800";"10,78686";"0,13545"
"17,50800";"10,77198";"0,13757"
"17,51800";"10,75699";"0,13935"
"17,52800";"10,74199";"0,14207"
"17,53800";"10,72712";"0,14127"
"17,54800";"10,71224";"0,14410"
"17,55800";"10,69725";"0,15255"
"17,56800";"10,68214";"0,15378"
"17,57800";"10,66715";"0,15603"
"17,58800";"10,65215";"0,14970"
"17,59800";"10,63728";"0,14832"
"17,60800";"10,62217";"0,14391"
"17,61800";"10,60729";"0,14092"
"17,62800";"10,59242";"0,14782"
"17,63800";"10,57742";"0,15230"
"17,64800";"10,56231";"0,14651"
"17,65800";"10,54732";"0,14094"
"17,66800";"10,53221";"0,13956"
"17,67800";"10,51733";"0,13998"
"17,68800";"10,50234";"0,14355"
"17,69800";"10,48746";"0,14222"
"17,70800";"10,47247";"0,14188"
"17,71800";"10,45748";"0,14523"
"17,72800";"10,44237";"0,14758"
"17,73800";"10,42726";"0,15044"
"17,74800";"10,41215";"0,15506"
"17,75800";"10,39715";"0,15814"
"17,76800";"10,38216";"0,15909"
"17,77800";"10,36705";"0,14944"
"17,78800";"10,35206";"0,14524"
"17,79800";"10,33706";"0,14098"
"17,80800";"10,32207";"0,14555"
"17,81800";"10,30684";"0,14981"
"17,82800";"10,29185";"0,15560"
"17,83800";"10,27697";"0,15428"
"17,84800";"10,26198";"0,14715"
"17,85800";"10,24699";"0,14299"
"17,86800";"10,23199";"0,13929"
"17,87800";"10,21712";"0,13826"
"17,88800";"10,20224";"0,14045"
"17,89800";"10,18713";"0,14005"
"17,90800";"10,17202";"0,13575"
"17,91800";"10,15703";"0,13296"
"17,92800";"10,14204";"0,13824"
"17,93800";"10,12692";"0,15125"
"17,94800";"10,11181";"0,15546"
"17,95800";"10,09682";"0,15441"
"17,96800";"10,08183";"0,14340"
"17,97800";"10,06671";"0,13968"
"17,98800";"10,05160";"0,13243"
"17,99800";"10,03673";"0,12619"
"18,00800";"10,02197";"0,13171"
"18,01800";"10,00698";"0,14286"
"18,02800";"9,99187";"0,15100"
"18,03800";"9,97688";"0,15074"
"18,04800";"9,96200";"0,15506"
"18,05800";"9,94701";"0,16414"
"18,06800";"9,93190";"0,16378"
"18,07800";"9,91690";"0,15686"
"18,08800";"9,90203";"0,15285"
"18,09800";"9,88703";"0,15080"
"18,10800";"9,87192";"0,14871"
"18,11800";"9,85681";"0,15031"
"18,12800";"9,84194";"0,15383"
"18,13800";"9,82683";"0,16075"
"18,14800";"9,81172";"0,16185"
"18,15800";"9,79684";"0,16239"
"18,16800";"9,78197";"0,16573"
"18,17800";"9,76709";"0,17450"
"18,18800";"9,75198";"0,17695"
"18,19800";"9,73699";"0,17648"
"18,20800";"9,72211";"0,16768"
"18,21800";"9,70724";"0,16183"
"18,22800";"9,69213";"0,15735"
"18,23800";"9,67701";"0,15484"
"18,24800";"9,66214";"0,15667"
"18,25800";"9,64726";"0,16509"
"18,26800";"9,63215";"0,17286"
"18,27800";"9,61704";"0,17545"
"18,28800";"9,60205";"0,17227"
"18,29800";"9,58717";"0,16862"
"18,30800";"9,57218";"0,16646"
"18,31800";"9,55719";"0,16564"
"18,32800";"9,54220";"0,15959"
"18,33800";"9,52732";"0,16163"
"18,34800";"9,51221";"0,16525"
"18,35800";"9,49710";"0,16482"
"18,36800";"9,48199";"0,16722"
"18,37800";"9,46699";"0,17513"
"18,38800";"9,45200";"0,17402"
"18,39800";"9,43701";"0,17996"
"18,40800";"9,42201";"0,18462"
"18,41800";"9,40714";"0,18597"
"18,42800";"9,39203";"0,18792"
"18,43800";"9,37704";"0,19120"
"18,44800";"9,36180";"0,19177"
"18,45800";"9,34693";"0,18780"
"18,46800";"9,33206";"0,18515"
"18,47800";"9,31706";"0,18963"
"18,48800";"9,30207";"0,19112"
"18,49800";"9,28719";"0,19718"
"18,50800";"9,27232";"0,20252"
"18,51800";"9,25721";"0,20849"
"18,52800";"9,24198";"0,20699"
"18,53800";"9,22699";"0,20050"
"18,54800";"9,21199";"0,19725"
"18,55800";"9,19712";"0,20573"
"18,56800";"9,18189";"0,20404"
"18,57800";"9,16690";"0,19857"
"18,58800";"9,15202";"0,19407"
"18,59800";"9,13703";"0,19318"
"18,60800";"9,12192";"0,19612"
"18,61800";"9,10681";"0,19998"
"18,62800";"9,09217";"0,20473"
"18,63800";"9,07717";"0,20904"
"18,64800";"9,06206";"0,20781"
"18,65800";"9,04695";"0,20558"
"18,66800";"9,03196";"0,20193"
"18,67800";"9,01696";"0,20658"
"18,68800";"9,00185";"0,20784"
"18,69800";"8,98662";"0,21379"
"18,70800";"8,97175";"0,21101"
"18,71800";"8,95699";"0,21114"
"18,72800";"8,94200";"0,20873"
"18,73800";"8,92689";"0,20556"
"18,74800";"8,91190";"0,20708"
"18,75800";"8,89690";"0,20948"
"18,76800";"8,88191";"0,20825"
"18,77800";"8,86680";"0,21109"
"18,78800";"8,85204";"0,21200"
"18,79800";"8,83717";"0,20770"
"18,80800";"8,82217";"0,20808"
"18,81800";"8,80694";"0,21307"
"18,82800";"8,79195";"0,21029"
"18,83800";"8,77708";"0,20757"
"18,84800";"8,76197";"0,21203"
"18,85800";"8,74697";"0,21858"
"18,86800";"8,73198";"0,22446"
"18,87800";"8,71722";"0,22640"
"18,88800";"8,70235";"0,22415"
"18,89800";"8,68712";"0,21862"
"18,90800";"8,67201";"0,21693"
"18,91800";"8,65713";"0,21406"
"18,92800";"8,64214";"0,21895"
"18,93800";"8,62703";"0,22453"
"18,94800";"8,61203";"0,22134"
"18,95800";"8,59728";"0,21756"
"18,96800";"8,58228";"0,21335"
"18,97800";"8,56717";"0,20884"
"18,98800";"8,55206";"0,20937"
"18,99800";"8,53695";"0,21639"
"19,00800";"8,52196";"0,22591"
"19,01800";"8,50685";"0,23428"
"19,02800";"8,49185";"0,23872"
"19,03800";"8,47698";"0,24033"
"19,04800";"8,46199";"0,23386"
"19,05800";"8,44687";"0,22642"
"19,06800";"8,43176";"0,22242"
"19,07800";"8,41677";"0,21452"
"19,08800";"8,40178";"0,21497"
"19,09800";"8,38679";"0,21972"
"19,10800";"8,37179";"0,23234"
"19,11800";"8,35692";"0,23813"
"19,12800";"8,34192";"0,24243"
"19,13800";"8,32693";"0,24372"
"19,14800";"8,31182";"0,24331"
"19,15800";"8,29683";"0,24052"
"19,16800";"8,28183";"0,24100"
"19,17800";"8,26684";"0,24253"
"19,18800";"8,25185";"0,24421"
"19,19800";"8,23685";"0,24398"
"19,20800";"8,22186";"0,23928"
"19,21800";"8,20699";"0,23207"
"19,22800";"8,19188";"0,24013"
"19,23800";"8,17676";"0,24629"
"19,24800";"8,16189";"0,24641"
"19,25800";"8,14701";"0,24534"
"19,26800";"8,13202";"0,24332"
"19,27800";"8,11703";"0,24432"
"19,28800";"8,10204";"0,24160"
"19,29800";"8,08704";"0,23538"
"19,30800";"8,07205";"0,23478"
"19,31800";"8,05682";"0,22837"
"19,32800";"8,04183";"0,22745"
"19,33800";"8,02695";"0,22937"
"19,34800";"8,01208";"0,23317"
"19,35800";"7,99708";"0,24290"
"19,36800";"7,98209";"0,24848"
"19,37800";"7,96710";"0,24410"
"19,38800";"7,95199";"0,23734"
"19,39800";"7,93699";"0,23544"
"19,40800";"7,92188";"0,23564"
"19,41800";"7,90701";"0,23892"
"19,42800";"7,89225";"0,24493"
"19,43800";"7,87714";"0,25323"
"19,44800";"7,86203";"0,24821"
"19,45800";"7,84704";"0,23918"
"19,46800";"7,83204";"0,23086"
"19,47800";"7,81693";"0,23403"
"19,48800";"7,80182";"0,23722"
"19,49800";"7,78694";"0,23936"
"19,50800";"7,77219";"0,24227"
"19,51800";"7,75719";"0,24806"
"19,52800";"7,74208";"0,24894"
"19,53800";"7,72709";"0,24878"
"19,54800";"7,71210";"0,25177"
"19,55800";"7,69710";"0,25447"
"19,56800";"7,68199";"0,25501"
"19,57800";"7,66712";"0,25685"
"19,58800";"7,65224";"0,25831"
"19,59800";"7,63713";"0,25346"
"19,60800";"7,62202";"0,24645"
"19,61800";"7,60691";"0,23844"
"19,62800";"7,59192";"0,23287"
"19,63800";"7,57681";"0,23088"
"19,64800";"7,56169";"0,23127"
"19,65800";"7,54682";"0,23772"
"19,66800";"7,53194";"0,24233"
"19,67800";"7,51707";"0,24999"
"19,68800";"7,50196";"0,25150"
"19,69800";"7,48685";"0,24528"
"19,70800";"7,47185";"0,24013"
"19,71800";"7,45686";"0,23759"
"19,72800";"7,44187";"0,23723"
"19,73800";"7,42687";"0,23285"
"19,74800";"7,41188";"0,23091"
"19,75800";"7,39701";"0,23502"
"19,76800";"7,38190";"0,24335"
"19,77800";"7,36679";"0,24881"
"19,78800";"7,35179";"0,24114"
"19,79800";"7,33680";"0,24447"
"19,80800";"7,32181";"0,24936"
"19,81800";"7,30681";"0,25474"
"19,82800";"7,29194";"0,25012"
"19,83800";"7,27706";"0,24704"
"19,84800";"7,26207";"0,24306"
"19,85800";"7,24696";"0,24265"
"19,86800";"7,23185";"0,24301"
"19,87800";"7,21685";"0,24176"
"19,88800";"7,20198";"0,24094"
"19,89800";"7,18699";"0,23181"
"19,90800";"7,17199";"0,22970"
"19,91800";"7,15700";"0,22608"
"19,92800";"7,14201";"0,22720"
"19,93800";"7,12690";"0,23413"
"19,94800";"7,11190";"0,23540"
"19,95800";"7,09691";"0,23167"
"19,96800";"7,08204";"0,23553"
"19,97800";"7,06704";"0,24001"
"19,98800";"7,05205";"0,24084"
"19,99800";"7,03706";"0,23917"
"20,00800";"7,02206";"0,23393"
"20,01800";"7,00695";"0,23081"
"20,02800";"6,99196";"0,23312"
"20,03800";"6,97697";"0,23079"
"20,04800";"6,96209";"0,23071"
"20,05800";"6,94722";"0,23408"
"20,06800";"6,93222";"0,23843"
"20,07800";"6,91723";"0,23755"
"20,08800";"6,90224";"0,23643"
"20,09800";"6,88713";"0,23666"
"20,10800";"6,87201";"0,23507"
"20,11800";"6,85702";"0,23473"
"20,12800";"6,84203";"0,23057"
"20,13800";"6,82703";"0,22735"
"20,14800";"6,81204";"0,22612"
"20,15800";"6,79693";"0,22804"
"20,16800";"6,78194";"0,23461"
"20,17800";"6,76706";"0,23400"
"20,18800";"6,75183";"0,22531"
"20,19800";"6,73672";"0,22243"
"20,20800";"6,72185";"0,22232"
"20,21800";"6,70697";"0,22484"
"20,22800";"6,69198";"0,22807"
"20,23800";"6,67687";"0,22822"
"20,24800";"6,66199";"0,22920"
"20,25800";"6,64700";"0,22418"
"20,26800";"6,63212";"0,22506"
"20,27800";"6,61713";"0,21960"
"20,28800";"6,60226";"0,21705"
"20,29800";"6,58738";"0,22050"
"20,30800";"6,57227";"0,22633"
"20,31800";"6,55704";"0,23102"
"20,32800";"6,54181";"0,23219"
"20,33800";"6,52682";"0,23090"
"20,34800";"6,51171";"0,23268"
"20,35800";"6,49672";"0,23673"
"20,36800";"6,48172";"0,23767"
"20,37800";"6,46685";"0,23822"
"20,38800";"6,45197";"0,23920"
"20,39800";"6,43698";"0,24063"
"20,40800";"6,42199";"0,23620"
"20,41800";"6,40711";"0,23541"
"20,42800";"6,39212";"0,23775"
"20,43800";"6,37712";"0,23778"
"20,44800";"6,36225";"0,23026"
"20,45800";"6,34726";"0,22757"
"20,46800";"6,33226";"0,22703"
"20,47800";"6,31715";"0,23051"
"20,48800";"6,30204";"0,22868"
"20,49800";"6,28693";"0,22670"
"20,50800";"6,27194";"0,22416"
"20,51800";"6,25694";"0,22776"
"20,52800";"6,24183";"0,22983"
"20,53800";"6,22696";"0,23490"
"20,54800";"6,21208";"0,23371"
"20,55800";"6,19709";"0,23409"
"20,56800";"6,18210";"0,22636"
"20,57800";"6,16687";"0,21718"
"20,58800";"6,15188";"0,21463"
"20,59800";"6,13688";"0,22142"
"20,60800";"6,12177";"0,22584"
"20,61800";"6,10678";"0,22750"
"20,62800";"6,09190";"0,22375"
"20,63800";"6,07691";"0,22790"
"20,64800";"6,06192";"0,23268"
"20,65800";"6,04681";"0,23860"
"20,66800";"6,03181";"0,23364"
"20,67800";"6,01706";"0,22533"
"20,68800";"6,00206";"0,22357"
"20,69800";"5,98695";"0,22381"
"20,70800";"5,97196";"0,22545"
"20,71800";"5,95708";"0,23129"
"20,72800";"5,94197";"0,23302"
"20,73800";"5,92686";"0,22556"
"20,74800";"5,91187";"0,22440"
"20,75800";"5,89711";"0,22522"
"20,76800";"5,88212";"0,22556"
"20,77800";"5,86713";"0,22312"
"20,78800";"5,85201";"0,22411"
"20,79800";"5,83702";"0,22297"
"20,80800";"5,82203";"0,22780"
"20,81800";"5,80692";"0,23494"
"20,82800";"5,79192";"0,23406"
"20,83800";"5,77717";"0,23542"
"20,84800";"5,76229";"0,24006"
"20,85800";"5,74718";"0,24378"
"20,86800";"5,73219";"0,24085"
"20,87800";"5,71719";"0,24064"
"20,88800";"5,70220";"0,24143"
"20,89800";"5,68709";"0,23525"
"20,90800";"5,67186";"0,22174"
"20,91800";"5,65699";"0,21140"
"20,92800";"5,64211";"0,21301"
"20,93800";"5,62700";"0,21763"
"20,94800";"5,61177";"0,21565"
"20,95800";"5,59678";"0,21406"
"20,96800";"5,58179";"0,22094"
"20,97800";"5,56679";"0,23488"
"20,98800";"5,55180";"0,24502"
"20,99800";"5,53704";"0,24355"
"21,00800";"5,52217";"0,23673"
"21,01800";"5,50717";"0,23110"
"21,02800";"5,49218";"0,22666"
"21,03800";"5,47707";"0,22787"
"21,04800";"5,46208";"0,22705"
"21,05800";"5,44697";"0,22738"
"21,06800";"5,43185";"0,22472"
"21,07800";"5,41698";"0,22576"
"21,08800";"5,40210";"0,23097"
"21,09800";"5,38711";"0,23766"
"21,10800";"5,37200";"0,23698"
"21,11800";"5,35701";"0,23257"
"21,12800";"5,34201";"0,22521"
"21,13800";"5,32702";"0,22422"
"21,14800";"5,31203";"0,21900"
"21,15800";"5,29704";"0,21588"
"21,16800";"5,28228";"0,21556"
"21,17800";"5,26728";"0,21663"
"21,18800";"5,25217";"0,22073"
"21,19800";"5,23706";"0,22499"
"21,20800";"5,22207";"0,22517"
"21,21800";"5,20708";"0,21973"
"21,22800";"5,19197";"0,22227"
"21,23800";"5,17697";"0,22678"
"21,24800";"5,16210";"0,23233"
"21,25800";"5,14722";"0,23698"
"21,26800";"5,13223";"0,24765"
"21,27800";"5,11700";"0,25354"
"21,28800";"5,10189";"0,24928"
"21,29800";"5,08701";"0,24966"
"21,30800";"5,07214";"0,25260"
"21,31800";"5,05715";"0,25482"
"21,32800";"5,04204";"0,24887"
"21,33800";"5,02716";"0,24944"
"21,34800";"5,01217";"0,24986"
"21,35800";"4,99694";"0,24303"
"21,36800";"4,98183";"0,23445"
"21,37800";"4,96683";"0,23256"
"21,38800";"4,95184";"0,22798"
"21,39800";"4,93685";"0,22847"
"21,40800";"4,92185";"0,23136"
"21,41800";"4,90686";"0,23618"
"21,42800";"4,89187";"0,24066"
"21,43800";"4,87688";"0,24549"
"21,44800";"4,86176";"0,24176"
"21,45800";"4,84689";"0,23575"
"21,46800";"4,83201";"0,23724"
"21,47800";"4,81714";"0,24526"
"21,48800";"4,80215";"0,24940"
"21,49800";"4,78715";"0,24134"
"21,50800";"4,77216";"0,22796"
"21,51800";"4,75705";"0,22403"
"21,52800";"4,74182";"0,22508"
"21,53800";"4,72694";"0,22595"
"21,54800";"4,71207";"0,22478"
"21,55800";"4,69731";"0,23157"
"21,56800";"4,68208";"0,23946"
"21,57800";"4,66697";"0,23875"
"21,58800";"4,65210";"0,24260"
"21,59800";"4,63710";"0,24037"
"21,60800";"4,62199";"0,23783"
"21,61800";"4,60688";"0,23151"
"21,62800";"4,59201";"0,22844"
"21,63800";"4,57713";"0,23332"
"21,64800";"4,56214";"0,23299"
"21,65800";"4,54703";"0,22928"
"21,66800";"4,53215";"0,22352"
"21,67800";"4,51740";"0,22462"
"21,68800";"4,50228";"0,22907"
"21,69800";"4,48717";"0,22293"
"21,70800";"4,47230";"0,22376"
"21,71800";"4,45742";"0,22854"
"21,72800";"4,44231";"0,23156"
"21,73800";"4,42720";"0,23063"
"21,74800";"4,41209";"0,23285"
"21,75800";"4,39710";"0,23234"
"21,76800";"4,38210";"0,23092"
"21,77800";"4,36699";"0,23703"
"21,78800";"4,35200";"0,23666"
"21,79800";"4,33724";"0,23048"
"21,80800";"4,32225";"0,23098"
"21,81800";"4,30702";"0,23697"
"21,82800";"4,29203";"0,23712"
"21,83800";"4,27715";"0,23239"
"21,84800";"4,26228";"0,23447"
"21,85800";"4,24717";"0,23419"
"21,86800";"4,23217";"0,23104"
"21,87800";"4,21742";"0,23098"
"21,88800";"4,20242";"0,23615"
"21,89800";"4,18719";"0,24053"
"21,90800";"4,17208";"0,24394"
"21,91800";"4,15709";"0,24463"
"21,92800";"4,14222";"0,24045"
"21,93800";"4,12710";"0,23572"
"21,94800";"4,11199";"0,22786"
"21,95800";"4,09700";"0,22100"
"21,96800";"4,08213";"0,22252"
"21,97800";"4,06701";"0,22842"
"21,98800";"4,05190";"0,22982"
"21,99800";"4,03691";"0,22833"
"22,00800";"4,02203";"0,22762"
"22,01800";"4,00704";"0,23126"
"22,02800";"3,99193";"0,23567"
"22,03800";"3,97706";"0,23667"
"22,04800";"3,96206";"0,23318"
"22,05800";"3,94695";"0,22742"
"22,06800";"3,93172";"0,22465"
"22,07800";"3,91661";"0,22406"
"22,08800";"3,90185";"0,22758"
"22,09800";"3,88698";"0,23498"
"22,10800";"3,87187";"0,23641"
"22,11800";"3,85664";"0,23407"
"22,12800";"3,84176";"0,23725"
"22,13800";"3,82677";"0,23472"
"22,14800";"3,81166";"0,22657"
"22,15800";"3,79655";"0,22192"
"22,16800";"3,78179";"0,21900"
"22,17800";"3,76692";"0,21198"
"22,18800";"3,75181";"0,21331"
"22,19800";"3,73669";"0,21468"
"22,20800";"3,72170";"0,21278"
"22,21800";"3,70683";"0,21299"
"22,22800";"3,69160";"0,22105"
"22,23800";"3,67649";"0,23168"
"22,24800";"3,66173";"0,23417"
"22,25800";"3,64685";"0,23082"
"22,26800";"3,63186";"0,23519"
"22,27800";"3,61687";"0,23519"
"22,28800";"3,60199";"0,22912"
"22,29800";"3,58712";"0,22283"
"22,30800";"3,57201";"0,22774"
"22,31800";"3,55690";"0,23690"
"22,32800";"3,54202";"0,23479"
"22,33800";"3,52726";"0,22544"
"22,34800";"3,51227";"0,22568"
"22,35800";"3,49704";"0,22206"
"22,36800";"3,48193";"0,22107"
"22,37800";"3,46706";"0,22067"
"22,38800";"3,45194";"0,22790"
"22,39800";"3,43695";"0,23969"
"22,40800";"3,42208";"0,24880"
"22,41800";"3,40732";"0,25017"
"22,42800";"3,39244";"0,25002"
"22,43800";"3,37722";"0,23777"
"22,44800";"3,36210";"0,22739"
"22,45800";"3,34711";"0,21728"
"22,46800";"3,33212";"0,21193"
"22,47800";"3,31689";"0,21161"
"22,48800";"3,30190";"0,21166"
"22,49800";"3,28690";"0,21066"
"22,50800";"3,27203";"0,21897"
"22,51800";"3,25703";"0,22768"
"22,52800";"3,24192";"0,23376"
"22,53800";"3,22681";"0,23775"
"22,54800";"3,21194";"0,24027"
"22,55800";"3,19694";"0,24429"
"22,56800";"3,18195";"0,24748"
"22,57800";"3,16708";"0,25196"
"22,58800";"3,15208";"0,25056"
"22,59800";"3,13697";"0,25153"
"22,60800";"3,12186";"0,24877"
"22,61800";"3,10687";"0,23703"
"22,62800";"3,09187";"0,23209"
"22,63800";"3,07700";"0,23013"
"22,64800";"3,06201";"0,22967"
"22,65800";"3,04701";"0,23422"
"22,66800";"3,03202";"0,24239"
"22,67800";"3,01703";"0,24918"
"22,68800";"3,00180";"0,25218"
"22,69800";"2,98681";"0,24662"
"22,70800";"2,97181";"0,24599"
"22,71800";"2,95706";"0,25039"
"22,72800";"2,94218";"0,24804"
"22,73800";"2,92719";"0,24697"
"22,74800";"2,91219";"0,24942"
"22,75800";"2,89720";"0,24216"
"22,76800";"2,88209";"0,24092"
"22,77800";"2,86686";"0,24128"
"22,78800";"2,85187";"0,24124"
"22,79800";"2,83699";"0,24014"
"22,80800";"2,82200";"0,23729"
"22,81800";"2,80701";"0,23703"
"22,82800";"2,79201";"0,22969"
"22,83800";"2,77702";"0,23031"
"22,84800";"2,76191";"0,23968"
"22,85800";"2,74680";"0,24990"
"22,86800";"2,73181";"0,25572"
"22,87800";"2,71693";"0,26312"
"22,88800";"2,70206";"0,26079"
"22,89800";"2,68694";"0,25468"
"22,90800";"2,67183";"0,25020"
"22,91800";"2,65696";"0,25043"
"22,92800";"2,64197";"0,25156"
"22,93800";"2,62674";"0,25281"
"22,94800";"2,61174";"0,24730"
"22,95800";"2,59687";"0,24777"
"22,96800";"2,58211";"0,24881"
"22,97800";"2,56700";"0,24978"
"22,98800";"2,55201";"0,24270"
"22,99800";"2,53701";"0,23362"
"23,00800";"2,52190";"0,23467"
"23,01800";"2,50679";"0,23702"
"23,02800";"2,49180";"0,23905"
"23,03800";"2,47704";"0,23569"
"23,04800";"2,46217";"0,22912"
"23,05800";"2,44717";"0,22496"
"23,06800";"2,43194";"0,22466"
"23,07800";"2,41695";"0,23308"
"23,08800";"2,40196";"0,24199"
"23,09800";"2,38685";"0,24853"
"23,10800";"2,37162";"0,24252"
"23,11800";"2,35674";"0,23246"
"23,12800";"2,34199";"0,22761"
"23,13800";"2,32711";"0,22896"
"23,14800";"2,31200";"0,23307"
"23,15800";"2,29701";"0,23168"
"23,16800";"2,28213";"0,23457"
"23,17800";"2,26714";"0,24289"
"23,18800";"2,25203";"0,24485"
"23,19800";"2,23703";"0,24699"
"23,20800";"2,22216";"0,25294"
"23,21800";"2,20717";"0,25718"
"23,22800";"2,19217";"0,25467"
"23,23800";"2,17706";"0,24070"
"23,24800";"2,16207";"0,22866"
"23,25800";"2,14696";"0,23135"
"23,26800";"2,13197";"0,23657"
"23,27800";"2,11697";"0,23108"
"23,28800";"2,10198";"0,22898"
"23,29800";"2,08699";"0,23363"
"23,30800";"2,07188";"0,24155"
"23,31800";"2,05676";"0,23950"
"23,32800";"2,04177";"0,23523"
"23,33800";"2,02678";"0,23625"
"23,34800";"2,01190";"0,23498"
"23,35800";"1,99691";"0,23386"
"23,36800";"1,98203";"0,24246"
"23,37800";"1,96704";"0,24486"
"23,38800";"1,95205";"0,24857"
"23,39800";"1,93706";"0,24896"
"23,40800";"1,92194";"0,24404"
"23,41800";"1,90707";"0,23637"
"23,42800";"1,89208";"0,22938"
"23,43800";"1,87708";"0,23256"
"23,44800";"1,86209";"0,23567"
"23,45800";"1,84710";"0,23731"
"23,46800";"1,83210";"0,23603"
"23,47800";"1,81699";"0,23708"
"23,48800";"1,80188";"0,23563"
"23,49800";"1,78689";"0,23430"
"23,50800";"1,77201";"0,22834"
"23,51800";"1,75702";"0,22784"
"23,52800";"1,74203";"0,22881"
"23,53800";"1,72703";"0,22967"
"23,54800";"1,71204";"0,23838"
"23,55800";"1,69705";"0,24273"
"23,56800";"1,68194";"0,24010"
"23,57800";"1,66694";"0,23569"
"23,58800";"1,65207";"0,23363"
"23,59800";"1,63708";"0,23614"
"23,60800";"1,62208";"0,23465"
"23,61800";"1,60697";"0,22928"
"23,62800";"1,59198";"0,22517"
"23,63800";"1,57710";"0,22831"
"23,64800";"1,56187";"0,23169"
"23,65800";"1,54688";"0,23868"
"23,66800";"1,53201";"0,24407"
"23,67800";"1,51713";"0,25064"
"23,68800";"1,50202";"0,25089"
"23,69800";"1,48691";"0,24465"
"23,70800";"1,47192";"0,25122"
"23,71800";"1,45692";"0,25490"
"23,72800";"1,44181";"0,25077"
"23,73800";"1,42682";"0,24567"
"23,74800";"1,41194";"0,23952"
"23,75800";"1,39707";"0,23720"
"23,76800";"1,38208";"0,23939"
"23,77800";"1,36685";"0,23997"
"23,78800";"1,35185";"0,24207"
"23,79800";"1,33686";"0,24775"
"23,80800";"1,32175";"0,24753"
"23,81800";"1,30687";"0,24080"
"23,82800";"1,29188";"0,23669"
"23,83800";"1,27701";"0,24216"
"23,84800";"1,26213";"0,24977"
"23,85800";"1,24702";"0,25256"
"23,86800";"1,23203";"0,24404"
"23,87800";"1,21715";"0,23556"
"23,88800";"1,20216";"0,23582"
"23,89800";"1,18705";"0,23549"
"23,90800";"1,17206";"0,23055"
"23,91800";"1,15718";"0,22633"
"23,92800";"1,14219";"0,22605"
"23,93800";"1,12708";"0,22211"
"23,94800";"1,11197";"0,22037"
"23,95800";"1,09697";"0,22249"
"23,96800";"1,08198";"0,22142"
"23,97800";"1,06710";"0,22137"
"23,98800";"1,05211";"0,22873"
"23,99800";"1,03712";"0,23081"
"24,00800";"1,02213";"0,23561"
"24,01800";"1,00701";"0,24115"
"24,02800";"0,99190";"0,24100"
"24,03800";"0,97691";"0,24950"
"24,04800";"0,96192";"0,25256"
"24,05800";"0,94704";"0,25370"
"24,06800";"0,93193";"0,24538"
"24,07800";"0,91706";"0,24183"
"24,08800";"0,90206";"0,23794"
"24,09800";"0,88695";"0,23219"
"24,10800";"0,87196";"0,23136"
"24,11800";"0,85685";"0,22452"
"24,12800";"0,84185";"0,21592"
"24,13800";"0,82698";"0,22334"
"24,14800";"0,81199";"0,22830"
"24,15800";"0,79699";"0,22796"
"24,16800";"0,78212";"0,22368"
"24,17800";"0,76724";"0,22383"
"24,18800";"0,75225";"0,23139"
"24,19800";"0,73714";"0,23328"
"24,20800";"0,72215";"0,23077"
"24,21800";"0,70727";"0,22981"
"24,22800";"0,69216";"0,22890"
"24,23800";"0,67705";"0,22762"
"24,24800";"0,66206";"0,22258"
"24,25800";"0,64706";"0,21923"
"24,26800";"0,63207";"0,21872"
"24,27800";"0,61684";"0,22131"
"24,28800";"0,60185";"0,22774"
"24,29800";"0,58697";"0,23395"
"24,30800";"0,57198";"0,23324"
"24,31800";"0,55687";"0,23094"
"24,32800";"0,54188";"0,22964"
"24,33800";"0,52688";"0,22514"
"24,34800";"0,51189";"0,22447"
"24,35800";"0,49678";"0,22995"
"24,36800";"0,48167";"0,23478"
"24,37800";"0,46691";"0,23725"
"24,38800";"0,45203";"0,24052"
"24,39800";"0,43704";"0,23442"
"24,40800";"0,42193";"0,23132"
"24,41800";"0,40694";"0,23299"
"24,42800";"0,39194";"0,22552"
"24,43800";"0,37683";"0,22313"
"24,44800";"0,36172";"0,22697"
"24,45800";"0,34685";"0,22923"
"24,46800";"0,33197";"0,22290"
"24,47800";"0,31710";"0,21866"
"24,48800";"0,30199";"0,21487"
"24,49800";"0,28699";"0,21608"
"24,50800";"0,27212";"0,22623"
"24,51800";"0,25701";"0,23516"
"24,52800";"0,24190";"0,24038"
"24,53800";"0,22702";"0,24383"
"24,54800";"0,21215";"0,24178"
"24,55800";"0,19703";"0,23837"
"24,56800";"0,18192";"0,23569"
"24,57800";"0,16681";"0,23057"
"24,58800";"0,15194";"0,22948"
"24,59800";"0,13694";"0,24152"
"24,60800";"0,12207";"0,24677"
"24,61800";"0,10708";"0,24167"
"24,62800";"0,09220";"0,24617"
"24,63800";"0,07733";"0,24735"
"24,64800";"0,06222";"0,25086"
"24,65800";"0,04710";"0,25213"
"24,66800";"0,03211";"0,24924"
"24,67800";"0,01724";"0,24434"
"24,68800";"0,00224";"0,23311"
"24,69000";"-0,00083";"0,22924"
"24,69200";"-0,00378";"0,22554"
"24,70200";"-0,01676";"0,21904"
"24,71200";"-0,02397";"0,23668"
"24,72000";"-0,02609";"0,25163"
"24,73000";"-0,02503";"0,26292"
"24,74000";"-0,02007";"0,27344"
"24,75000";"-0,00862";"0,28672"
"24,76000";"0,00838";"0,30029"
"24,77000";"0,02857";"0,30102"
"24,78000";"0,05029";"0,29334"
"24,79000";"0,07213";"0,28005"
"24,80000";"0,09350";"0,26242"
"24,81000";"0,11428";"0,24980"
"24,82000";"0,13399";"0,23791"
"24,83000";"0,15288";"0,22570"
"24,84000";"0,17094";"0,22325"
"24,85000";"0,18853";"0,22327"
"24,86000";"0,20553";"0,22522"
"24,87000";"0,22206";"0,22349"
"24,88000";"0,23835";"0,22192"
"24,89000";"0,25429";"0,21828"
"24,90000";"0,26999";"0,22255"
"24,91000";"0,28558";"0,22551"
"24,92000";"0,30104";"0,23047"
"24,93000";"0,31662";"0,23921"
"24,94000";"0,33197";"0,24136"
"24,95000";"0,34708";"0,24344"
"24,96000";"0,36219";"0,24312"
"24,97000";"0,37731";"0,23731"
"24,98000";"0,39242";"0,23614"
"24,99000";"0,40741";"0,24029"
"25,00000";"0,42264";"0,23898"
"25,01000";"0,43775";"0,23507"
"25,02000";"0,45286";"0,23632"
"25,03000";"0,46797";"0,23854"
"25,04000";"0,48297";"0,23868"
"25,05000";"0,49796";"0,23007"
"25,06000";"0,51283";"0,23292"
"25,07000";"0,52783";"0,24263"
"25,08000";"0,54282";"0,24946"
"25,09000";"0,55781";"0,25626"
"25,10000";"0,57292";"0,25611"
"25,11000";"0,58792";"0,25040"
"25,12000";"0,60279";"0,24446"
"25,13000";"0,61790";"0,23791"
"25,14000";"0,63290";"0,24227"
"25,15000";"0,64789";"0,24554"
"25,16000";"0,66300";"0,25003"
"25,17000";"0,67799";"0,25231"
"25,18000";"0,69299";"0,25051"
"25,19000";"0,70798";"0,24687"
"25,20000";"0,72285";"0,24800"
"25,21000";"0,73797";"0,25737"
"25,22000";"0,75296";"0,26239"
"25,23000";"0,76795";"0,26114"
"25,24000";"0,78306";"0,26213"
"25,25000";"0,79806";"0,26040"
"25,26000";"0,81317";"0,26070"
"25,27000";"0,82804";"0,24937"
"25,28000";"0,84292";"0,24008"
"25,29000";"0,85791";"0,23553"
"25,30000";"0,87278";"0,24032"
"25,31000";"0,88778";"0,24756"
"25,32000";"0,90289";"0,25222"
"25,33000";"0,91788";"0,25724"
"25,34000";"0,93299";"0,25510"
"25,35000";"0,94799";"0,25060"
"25,36000";"0,96298";"0,25150"
"25,37000";"0,97797";"0,25297"
"25,38000";"0,99297";"0,25320"
"25,39000";"1,00796";"0,25756"
"25,40000";"1,02295";"0,26431"
"25,41000";"1,03806";"0,27163"
"25,42000";"1,05306";"0,27173"
"25,43000";"1,06805";"0,27202"
"25,44000";"1,08304";"0,27043"
"25,45000";"1,09803";"0,26754"
"25,46000";"1,11291";"0,26320"
"25,47000";"1,12802";"0,25598"
"25,48000";"1,14301";"0,25455"
"25,49000";"1,15801";"0,25517"
"25,50000";"1,17300";"0,25406"
"25,51000";"1,18799";"0,25279"
"25,52000";"1,20299";"0,25203"
"25,53000";"1,21798";"0,25467"
"25,54000";"1,23285";"0,25921"
"25,55000";"1,24797";"0,26688"
"25,56000";"1,26308";"0,27404"
"25,57000";"1,27807";"0,27725"
"25,58000";"1,29306";"0,27115"
"25,59000";"1,30794";"0,26393"
"25,60000";"1,32293";"0,26460"
"25,61000";"1,33792";"0,26486"
"25,62000";"1,35292";"0,26807"
"25,63000";"1,36791";"0,27275"
"25,64000";"1,38302";"0,27386"
"25,65000";"1,39813";"0,28007"
"25,66000";"1,41313";"0,28047"
"25,67000";"1,42800";"0,28144"
"25,68000";"1,44311";"0,28337"
"25,69000";"1,45799";"0,28778"
"25,70000";"1,47298";"0,28328"
"25,71000";"1,48785";"0,27386"
"25,72000";"1,50297";"0,27057"
"25,73000";"1,51796";"0,26312"
"25,74000";"1,53295";"0,25645"
"25,75000";"1,54794";"0,24982"
"25,76000";"1,56306";"0,24623"
"25,77000";"1,57793";"0,24486"
"25,78000";"1,59292";"0,24264"
"25,79000";"1,60803";"0,24008"
"25,80000";"1,62303";"0,24079"
"25,81000";"1,63814";"0,24228"
"25,82000";"1,65301";"0,24593"
"25,83000";"1,66801";"0,24831"
"25,84000";"1,68312";"0,25068"
"25,85000";"1,69799";"0,25062"
"25,86000";"1,71310";"0,24905"
"25,87000";"1,72810";"0,24898"
"25,88000";"1,74309";"0,25092"
"25,89000";"1,75808";"0,25665"
"25,90000";"1,77308";"0,26679"
"25,91000";"1,78795";"0,26876"
"25,92000";"1,80294";"0,26991"
"25,93000";"1,81794";"0,26728"
"25,94000";"1,83293";"0,26698"
"25,95000";"1,84792";"0,26263"
"25,96000";"1,86292";"0,25977"
"25,97000";"1,87791";"0,25876"
"25,98000";"1,89302";"0,25671"
"25,99000";"1,90801";"0,25963"
"26,00000";"1,92301";"0,25754"
"26,01000";"1,93788";"0,25235"
"26,02000";"1,95288";"0,25524"
"26,03000";"1,96799";"0,25566"
"26,04000";"1,98298";"0,26430"
"26,05000";"1,99809";"0,27359"
"26,06000";"2,01297";"0,27210"
"26,07000";"2,02796";"0,26543"
"26,08000";"2,04295";"0,26078"
"26,09000";"2,05783";"0,26237"
"26,10000";"2,07282";"0,26689"
"26,11000";"2,08781";"0,26717"
"26,12000";"2,10281";"0,26635"
"26,13000";"2,11780";"0,26358"
"26,14000";"2,13279";"0,26231"
"26,15000";"2,14778";"0,25643"
"26,16000";"2,16278";"0,24372"
"26,17000";"2,17789";"0,24347"
"26,18000";"2,19288";"0,25166"
"26,19000";"2,20788";"0,26360"
"26,20000";"2,22299";"0,26652"
"26,21000";"2,23786";"0,26392"
"26,22000";"2,25274";"0,25952"
"26,23000";"2,26773";"0,25558"
"26,24000";"2,28272";"0,25268"
"26,25000";"2,29772";"0,25505"
"26,26000";"2,31271";"0,26587"
"26,27000";"2,32782";"0,27060"
"26,28000";"2,34281";"0,26888"
"26,29000";"2,35792";"0,26604"
"26,30000";"2,37303";"0,26762"
"26,31000";"2,38803";"0,26988"
"26,32000";"2,40302";"0,26712"
"26,33000";"2,41801";"0,26331"
"26,34000";"2,43324";"0,26004"
"26,35000";"2,44835";"0,25779"
"26,36000";"2,46346";"0,25294"
"26,37000";"2,47846";"0,24887"
"26,38000";"2,49345";"0,24909"
"26,39000";"2,50833";"0,25756"
"26,40000";"2,52320";"0,26320"
"26,41000";"2,53808";"0,26648"
"26,42000";"2,55295";"0,27793"
"26,43000";"2,56794";"0,29028"
"26,44000";"2,58282";"0,29077"
"26,45000";"2,59769";"0,28515"
"26,46000";"2,61257";"0,26848"
"26,47000";"2,62744";"0,26444"
"26,48000";"2,64232";"0,26881"
"26,49000";"2,65731";"0,26725"
"26,50000";"2,67231";"0,26148"
"26,51000";"2,68742";"0,25806"
"26,52000";"2,70253";"0,26083"
"26,53000";"2,71764";"0,27159"
"26,54000";"2,73263";"0,27811"
"26,55000";"2,74774";"0,28220"
"26,56000";"2,76297";"0,28298"
"26,57000";"2,77820";"0,28163"
"26,58000";"2,79343";"0,27701"
"26,59000";"2,80854";"0,27482"
"26,60000";"2,82353";"0,27014"
"26,61000";"2,83853";"0,27202"
"26,62000";"2,85340";"0,27669"
"26,63000";"2,86840";"0,28065"
"26,64000";"2,88339";"0,27528"
"26,65000";"2,89826";"0,26473"
"26,66000";"2,91314";"0,25645"
"26,67000";"2,92813";"0,26264"
"26,68000";"2,94313";"0,26884"
"26,69000";"2,95812";"0,26594"
"26,70000";"2,97311";"0,26486"
"26,71000";"2,98810";"0,26944"
"26,72000";"3,00298";"0,27246"
"26,73000";"3,01797";"0,28036"
"26,74000";"3,03297";"0,28680"
"26,75000";"3,04784";"0,29071"
"26,76000";"3,06283";"0,29345"
"26,77000";"3,07771";"0,28801"
"26,78000";"3,09270";"0,28139"
"26,79000";"3,10746";"0,27987"
"26,80000";"3,12233";"0,27429"
"26,81000";"3,13733";"0,26915"
"26,82000";"3,15232";"0,26332"
"26,83000";"3,16743";"0,25846"
"26,84000";"3,18254";"0,25925"
"26,85000";"3,19777";"0,26165"
"26,86000";"3,21300";"0,26457"
"26,87000";"3,22811";"0,27472"
"26,88000";"3,24310";"0,27313"
"26,89000";"3,25810";"0,26867"
"26,90000";"3,27321";"0,27184"
"26,91000";"3,28832";"0,26444"
"26,92000";"3,30343";"0,25992"
"26,93000";"3,31854";"0,26651"
"26,94000";"3,33353";"0,26625"
"26,95000";"3,34841";"0,26790"
"26,96000";"3,36328";"0,27569"
"26,97000";"3,37828";"0,27574"
"26,98000";"3,39327";"0,27787"
"26,99000";"3,40826";"0,27993"
"27,00000";"3,42314";"0,27822"
"27,01000";"3,43813";"0,27657"
"27,02000";"3,45312";"0,27543"
"27,03000";"3,46800";"0,27696"
"27,04000";"3,48299";"0,27688"
"27,05000";"3,49787";"0,27293"
"27,06000";"3,51286";"0,27129"
"27,07000";"3,52774";"0,26821"
"27,08000";"3,54249";"0,26671"
"27,09000";"3,55737";"0,25920"
"27,10000";"3,57236";"0,24961"
"27,11000";"3,58712";"0,25179"
"27,12000";"3,60223";"0,25414"
"27,13000";"3,61746";"0,25795"
"27,14000";"3,63269";"0,26075"
"27,15000";"3,64792";"0,26175"
"27,16000";"3,66303";"0,25867"
"27,17000";"3,67814";"0,26473"
"27,18000";"3,69313";"0,27200"
"27,19000";"3,70813";"0,27603"
"27,20000";"3,72324";"0,28125"
"27,21000";"3,73847";"0,28282"
"27,22000";"3,75358";"0,28153"
"27,23000";"3,76869";"0,28128"
"27,24000";"3,78368";"0,27876"
"27,25000";"3,79856";"0,27666"
"27,26000";"3,81343";"0,27319"
"27,27000";"3,82819";"0,26629"
"27,28000";"3,84306";"0,25926"
"27,29000";"3,85806";"0,26193"
"27,30000";"3,87293";"0,26903"
"27,31000";"3,88792";"0,27846"
"27,32000";"3,90303";"0,28219"
"27,33000";"3,91803";"0,28563"
"27,34000";"3,93314";"0,29107"
"27,35000";"3,94813";"0,28860"
"27,36000";"3,96312";"0,28719"
"27,37000";"3,97800";"0,28287"
"27,38000";"3,99288";"0,28012"
"27,39000";"4,00787";"0,27920"
"27,40000";"4,02274";"0,27096"
"27,41000";"4,03774";"0,26186"
"27,42000";"4,05261";"0,26651"
"27,43000";"4,06760";"0,26590"
"27,44000";"4,08272";"0,26567"
"27,45000";"4,09771";"0,27009"
"27,46000";"4,11294";"0,27012"
"27,47000";"4,12817";"0,26490"
"27,48000";"4,14328";"0,26464"
"27,49000";"4,15839";"0,26940"
"27,50000";"4,17362";"0,26744"
"27,51000";"4,18861";"0,27053"
"27,52000";"4,20360";"0,27772"
"27,53000";"4,21860";"0,28089"
"27,54000";"4,23359";"0,28192"
"27,55000";"4,24847";"0,27730"
"27,56000";"4,26322";"0,27358"
"27,57000";"4,27810";"0,26574"
"27,58000";"4,29297";"0,26047"
"27,59000";"4,30785";"0,26106"
"27,60000";"4,32296";"0,25996"
"27,61000";"4,33807";"0,26670"
"27,62000";"4,35318";"0,26894"
"27,63000";"4,36829";"0,26957"
"27,64000";"4,38317";"0,26864"
"27,65000";"4,39816";"0,27107"
"27,66000";"4,41292";"0,27012"
"27,67000";"4,42779";"0,26741"
"27,68000";"4,44278";"0,27428"
"27,69000";"4,45778";"0,28101"
"27,70000";"4,47277";"0,28418"
"27,71000";"4,48765";"0,27754"
"27,72000";"4,50264";"0,27474"
"27,73000";"4,51775";"0,26935"
"27,74000";"4,53263";"0,26702"
"27,75000";"4,54774";"0,26171"
"27,76000";"4,56297";"0,25966"
"27,77000";"4,57808";"0,26297"
"27,78000";"4,59319";"0,26626"
"27,79000";"4,60830";"0,26705"
"27,80000";"4,62329";"0,27101"
"27,81000";"4,63828";"0,27421"
"27,82000";"4,65304";"0,27416"
"27,83000";"4,66804";"0,27107"
"27,84000";"4,68315";"0,26830"
"27,85000";"4,69826";"0,26908"
"27,86000";"4,71325";"0,26620"
"27,87000";"4,72813";"0,26868"
"27,88000";"4,74324";"0,26899"
"27,89000";"4,75811";"0,27407"
"27,90000";"4,77299";"0,27922"
"27,91000";"4,78798";"0,28362"
"27,92000";"4,80285";"0,28253"
"27,93000";"4,81797";"0,27617"
"27,94000";"4,83296";"0,27309"
"27,95000";"4,84783";"0,27183"
"27,96000";"4,86283";"0,27108"
"27,97000";"4,87782";"0,26619"
"27,98000";"4,89269";"0,26649"
"27,99000";"4,90769";"0,27140"
"28,00000";"4,92280";"0,27180"
"28,01000";"4,93779";"0,26891"
"28,02000";"4,95290";"0,26651"
"28,03000";"4,96790";"0,26779"
"28,04000";"4,98301";"0,26302"
"28,05000";"4,99800";"0,26661"
"28,06000";"5,01311";"0,26960"
"28,07000";"5,02822";"0,26856"
"28,08000";"5,04333";"0,26579"
"28,09000";"5,05844";"0,26692"
"28,10000";"5,07344";"0,27581"
"28,11000";"5,08843";"0,28265"
"28,12000";"5,10331";"0,28825"
"28,13000";"5,11818";"0,27869"
"28,14000";"5,13317";"0,26477"
"28,15000";"5,14805";"0,25677"
"28,16000";"5,16304";"0,26206"
"28,17000";"5,17815";"0,26881"
"28,18000";"5,19326";"0,27347"
"28,19000";"5,20814";"0,27258"
"28,20000";"5,22313";"0,26938"
"28,21000";"5,23801";"0,26528"
"28,22000";"5,25288";"0,26316"
"28,23000";"5,26776";"0,26590"
"28,24000";"5,28287";"0,26911"
"28,25000";"5,29786";"0,27401"
"28,26000";"5,31285";"0,28669"
"28,27000";"5,32785";"0,29944"
"28,28000";"5,34284";"0,30001"
"28,29000";"5,35783";"0,29312"
"28,30000";"5,37294";"0,27697"
"28,31000";"5,38794";"0,26496"
"28,32000";"5,40293";"0,26173"
"28,33000";"5,41804";"0,25929"
"28,34000";"5,43303";"0,26784"
"28,35000";"5,44803";"0,26715"
"28,36000";"5,46326";"0,26391"
"28,37000";"5,47813";"0,26324"
"28,38000";"5,49324";"0,27334"
"28,39000";"5,50824";"0,28345"
"28,40000";"5,52323";"0,29215"
"28,41000";"5,53822";"0,29126"
"28,42000";"5,55322";"0,27950"
"28,43000";"5,56809";"0,27487"
"28,44000";"5,58308";"0,27773"
"28,45000";"5,59796";"0,27967"
"28,46000";"5,61295";"0,27635"
"28,47000";"5,62794";"0,26983"
"28,48000";"5,64294";"0,26352"
"28,49000";"5,65793";"0,26255"
"28,50000";"5,67292";"0,26440"
"28,51000";"5,68792";"0,26889"
"28,52000";"5,70291";"0,27125"
"28,53000";"5,71790";"0,27218"
"28,54000";"5,73290";"0,27915"
"28,55000";"5,74801";"0,27259"
"28,56000";"5,76300";"0,26002"
"28,57000";"5,77799";"0,25809"
"28,58000";"5,79299";"0,26489"
"28,59000";"5,80810";"0,27394"
"28,60000";"5,82309";"0,27540"
"28,61000";"5,83797";"0,27172"
"28,62000";"5,85308";"0,27030"
"28,63000";"5,86807";"0,26771"
"28,64000";"5,88318";"0,26524"
"28,65000";"5,89817";"0,26567"
"28,66000";"5,91305";"0,26671"
"28,67000";"5,92804";"0,27107"
"28,68000";"5,94303";"0,27512"
"28,69000";"5,95803";"0,27157"
"28,70000";"5,97302";"0,26712"
"28,71000";"5,98801";"0,26777"
"28,72000";"6,00312";"0,26677"
"28,73000";"6,01812";"0,26613"
"28,74000";"6,03311";"0,26849"
"28,75000";"6,04810";"0,26065"
"28,76000";"6,06310";"0,25843"
"28,77000";"6,07809";"0,25636"
"28,78000";"6,09308";"0,26156"
"28,79000";"6,10796";"0,26884"
"28,80000";"6,12295";"0,26997"
"28,81000";"6,13794";"0,27265"
"28,82000";"6,15282";"0,26845"
"28,83000";"6,16781";"0,26851"
"28,84000";"6,18281";"0,27129"
"28,85000";"6,19780";"0,28191"
"28,86000";"6,21279";"0,28654"
"28,87000";"6,22802";"0,28090"
"28,88000";"6,24313";"0,27495"
"28,89000";"6,25812";"0,26754"
"28,90000";"6,27312";"0,26605"
"28,91000";"6,28811";"0,26797"
"28,92000";"6,30310";"0,27179"
"28,93000";"6,31810";"0,27657"
"28,94000";"6,33321";"0,27852"
"28,95000";"6,34820";"0,27709"
"28,96000";"6,36319";"0,27164"
"28,97000";"6,37807";"0,27215"
"28,98000";"6,39306";"0,27685"
"28,99000";"6,40817";"0,28240"
"29,00000";"6,42305";"0,28397"
"29,01000";"6,43792";"0,27379"
"29,02000";"6,45303";"0,25891"
"29,03000";"6,46803";"0,25285"
"29,04000";"6,48290";"0,25343"
"29,05000";"6,49790";"0,26054"
"29,06000";"6,51277";"0,26233"
"29,07000";"6,52776";"0,26357"
"29,08000";"6,54276";"0,26894"
"29,09000";"6,55775";"0,27162"
"29,10000";"6,57274";"0,27075"
"29,11000";"6,58785";"0,27030"
"29,12000";"6,60297";"0,27392"
"29,13000";"6,61796";"0,27915"
"29,14000";"6,63295";"0,27139"
"29,15000";"6,64794";"0,26316"
"29,16000";"6,66294";"0,26832"
"29,17000";"6,67793";"0,27518"
"29,18000";"6,69292";"0,27336"
"29,19000";"6,70803";"0,27157"
"29,20000";"6,72303";"0,27471"
"29,21000";"6,73802";"0,28080"
"29,22000";"6,75301";"0,27576"
"29,23000";"6,76801";"0,27448"
"29,24000";"6,78300";"0,27266"
"29,25000";"6,79799";"0,27325"
"29,26000";"6,81299";"0,27804"
"29,27000";"6,82798";"0,28011"
"29,28000";"6,84297";"0,27864"
"29,29000";"6,85796";"0,27575"
"29,30000";"6,87296";"0,27681"
"29,31000";"6,88795";"0,28192"
"29,32000";"6,90294";"0,28638"
"29,33000";"6,91794";"0,29285"
"29,34000";"6,93293";"0,29813"
"29,35000";"6,94804";"0,30258"
"29,36000";"6,96303";"0,29504"
"29,37000";"6,97791";"0,29064"
"29,38000";"6,99290";"0,29243"
"29,39000";"7,00790";"0,28616"
"29,40000";"7,02289";"0,27870"
"29,41000";"7,03788";"0,27520"
"29,42000";"7,05288";"0,27564"
"29,43000";"7,06787";"0,27404"
"29,44000";"7,08298";"0,27192"
"29,45000";"7,09797";"0,27363"
"29,46000";"7,11297";"0,27937"
"29,47000";"7,12784";"0,27663"
"29,48000";"7,14283";"0,27245"
"29,49000";"7,15794";"0,27760"
"29,50000";"7,17294";"0,28105"
"29,51000";"7,18805";"0,28555"
"29,52000";"7,20304";"0,28864"
"29,53000";"7,21803";"0,28584"
"29,54000";"7,23303";"0,28254"
"29,55000";"7,24802";"0,27825"
"29,56000";"7,26301";"0,27430"
"29,57000";"7,27813";"0,27561"
"29,58000";"7,29312";"0,27929"
"29,59000";"7,30823";"0,27581"
"29,60000";"7,32310";"0,27774"
"29,61000";"7,33810";"0,28272"
"29,62000";"7,35309";"0,28352"
"29,63000";"7,36797";"0,27931"
"29,64000";"7,38296";"0,27437"
"29,65000";"7,39807";"0,27231"
"29,66000";"7,41306";"0,27327"
"29,67000";"7,42806";"0,26950"
"29,68000";"7,44305";"0,27064"
"29,69000";"7,45792";"0,27586"
"29,70000";"7,47292";"0,27780"
"29,71000";"7,48791";"0,27826"
"29,72000";"7,50290";"0,28080"
"29,73000";"7,51790";"0,28125"
"29,74000";"7,53301";"0,27768"
"29,75000";"7,54800";"0,27582"
"29,76000";"7,56299";"0,27686"
"29,77000";"7,57810";"0,27956"
"29,78000";"7,59298";"0,28375"
"29,79000";"7,60785";"0,28346"
"29,80000";"7,62285";"0,28152"
"29,81000";"7,63784";"0,27723"
"29,82000";"7,65307";"0,26793"
"29,83000";"7,66806";"0,26327"
"29,84000";"7,68306";"0,25995"
"29,85000";"7,69793";"0,25881"
"29,86000";"7,71292";"0,25775"
"29,87000";"7,72780";"0,26123"
"29,88000";"7,74279";"0,26594"
"29,89000";"7,75790";"0,26230"
"29,90000";"7,77278";"0,25569"
"29,91000";"7,78777";"0,25589"
"29,92000";"7,80288";"0,25977"
"29,93000";"7,81776";"0,27127"
"29,94000";"7,83275";"0,27552"
"29,95000";"7,84774";"0,27434"
"29,96000";"7,86285";"0,28424"
"29,97000";"7,87797";"0,28818"
"29,98000";"7,89308";"0,28560"
"29,99000";"7,90795";"0,28079"
"30,00000";"7,92294";"0,28800"
"30,01000";"7,93794";"0,29295"
"30,02000";"7,95281";"0,29293"
"30,03000";"7,96781";"0,28625"
"30,04000";"7,98280";"0,28113"
"30,05000";"7,99791";"0,27517"
"30,06000";"8,01290";"0,27250"
"30,07000";"8,02801";"0,26931"
"30,08000";"8,04313";"0,26733"
"30,09000";"8,05800";"0,26904"
"30,10000";"8,07299";"0,26828"
"30,11000";"8,08799";"0,27176"
"30,12000";"8,10298";"0,27633"
"30,13000";"8,11797";"0,28434"
"30,14000";"8,13308";"0,28645"
"30,15000";"8,14808";"0,29773"
"30,16000";"8,16307";"0,29892"
"30,17000";"8,17806";"0,29251"
"30,18000";"8,19306";"0,28329"
"30,19000";"8,20805";"0,27882"
"30,20000";"8,22316";"0,27890"
"30,21000";"8,23815";"0,27574"
"30,22000";"8,25326";"0,27443"
"30,23000";"8,26826";"0,27116"
"30,24000";"8,28325";"0,27708"
"30,25000";"8,29813";"0,27912"
"30,26000";"8,31312";"0,27557"
"30,27000";"8,32811";"0,27474"
"30,28000";"8,34310";"0,27527"
"30,29000";"8,35822";"0,28054"
"30,30000";"8,37321";"0,28595"
"30,31000";"8,38808";"0,29291"
"30,32000";"8,40296";"0,29582"
"30,33000";"8,41795";"0,28712"
"30,34000";"8,43283";"0,27916"
"30,35000";"8,44782";"0,27315"
"30,36000";"8,46293";"0,26325"
"30,37000";"8,47804";"0,25863"
"30,38000";"8,49315";"0,26670"
"30,39000";"8,50826";"0,27746"
"30,40000";"8,52326";"0,27676"
"30,41000";"8,53813";"0,27004"
"30,42000";"8,55301";"0,26564"
"30,43000";"8,56800";"0,26562"
"30,44000";"8,58299";"0,26973"
"30,45000";"8,59810";"0,27349"
"30,46000";"8,61322";"0,27019"
"30,47000";"8,62821";"0,26473"
"30,48000";"8,64320";"0,26671"
"30,49000";"8,65808";"0,27424"
"30,50000";"8,67295";"0,28349"
"30,51000";"8,68806";"0,28833"
"30,52000";"8,70306";"0,28568"
"30,53000";"8,71805";"0,28076"
"30,54000";"8,73304";"0,27491"
"30,55000";"8,74815";"0,27598"
"30,56000";"8,76303";"0,27377"
"30,57000";"8,77790";"0,26920"
"30,58000";"8,79290";"0,26620"
"30,59000";"8,80789";"0,26815"
"30,60000";"8,82288";"0,27568"
"30,61000";"8,83788";"0,28606"
"30,62000";"8,85287";"0,29082"
"30,63000";"8,86786";"0,29036"
"30,64000";"8,88285";"0,29041"
"30,65000";"8,89785";"0,28739"
"30,66000";"8,91284";"0,28102"
"30,67000";"8,92795";"0,27873"
"30,68000";"8,94294";"0,28103"
"30,69000";"8,95794";"0,28811"
"30,70000";"8,97281";"0,29073"
"30,71000";"8,98780";"0,28881"
"30,72000";"9,00280";"0,28756"
"30,73000";"9,01779";"0,28381"
"30,74000";"9,03267";"0,27126"
"30,75000";"9,04778";"0,26699"
"30,76000";"9,06289";"0,26934"
"30,77000";"9,07800";"0,27492"
"30,78000";"9,09299";"0,27495"
"30,79000";"9,10799";"0,27926"
"30,80000";"9,12310";"0,28765"
"30,81000";"9,13809";"0,28606"
"30,82000";"9,15297";"0,28145"
"30,83000";"9,16796";"0,27529"
"30,84000";"9,18307";"0,26835"
"30,85000";"9,19818";"0,26584"
"30,86000";"9,21317";"0,26550"
"30,87000";"9,22817";"0,26592"
"30,88000";"9,24316";"0,26972"
"30,89000";"9,25815";"0,26922"
"30,90000";"9,27315";"0,27143"
"30,91000";"9,28814";"0,27179"
"30,92000";"9,30313";"0,27036"
"30,93000";"9,31824";"0,26865"
"30,94000";"9,33324";"0,26856"
"30,95000";"9,34811";"0,26420"
"30,96000";"9,36310";"0,26191"
"30,97000";"9,37810";"0,26055"
"30,98000";"9,39309";"0,26171"
"30,99000";"9,40808";"0,26947"
"31,00000";"9,42308";"0,27534"
"31,01000";"9,43819";"0,28287"
"31,02000";"9,45318";"0,28609"
"31,03000";"9,46817";"0,28170"
"31,04000";"9,48305";"0,28119"
"31,05000";"9,49804";"0,28337"
"31,06000";"9,51304";"0,28117"
"31,07000";"9,52803";"0,27281"
"31,08000";"9,54302";"0,26980"
"31,09000";"9,55813";"0,27720"
"31,10000";"9,57324";"0,28912"
"31,11000";"9,58812";"0,28480"
"31,12000";"9,60299";"0,27611"
"31,13000";"9,61799";"0,27337"
"31,14000";"9,63310";"0,27616"
"31,15000";"9,64809";"0,27462"
"31,16000";"9,66308";"0,27355"
"31,17000";"9,67808";"0,26585"
"31,18000";"9,69307";"0,25693"
"31,19000";"9,70806";"0,25436"
"31,20000";"9,72294";"0,25501"
"31,21000";"9,73805";"0,26534"
"31,22000";"9,75304";"0,27580"
"31,23000";"9,76803";"0,28158"
"31,24000";"9,78303";"0,27545"
"31,25000";"9,79790";"0,27080"
"31,26000";"9,81290";"0,27072"
"31,27000";"9,82789";"0,27687"
"31,28000";"9,84276";"0,28315"
"31,29000";"9,85776";"0,27891"
"31,30000";"9,87287";"0,27303"
"31,31000";"9,88798";"0,26335"
"31,32000";"9,90297";"0,26302"
"31,33000";"9,91808";"0,26674"
"31,34000";"9,93308";"0,27120"
"31,35000";"9,94807";"0,27983"
"31,36000";"9,96294";"0,29416"
"31,37000";"9,97794";"0,29046"
"31,38000";"9,99293";"0,28187"
"31,39000";"10,00804";"0,28116"
"31,40000";"10,02304";"0,27922"
"31,41000";"10,03803";"0,28064"
"31,42000";"10,05302";"0,28420"
"31,43000";"10,06801";"0,27790"
"31,44000";"10,08301";"0,27164"
"31,45000";"10,09788";"0,25796"
"31,46000";"10,11299";"0,25526"
"31,47000";"10,12799";"0,26152"
"31,48000";"10,14310";"0,27496"
"31,49000";"10,15797";"0,28583"
"31,50000";"10,17308";"0,29164"
"31,51000";"10,18820";"0,29058"
"31,52000";"10,20319";"0,28335"
"31,53000";"10,21818";"0,27673"
"31,54000";"10,23329";"0,27283"
"31,55000";"10,24840";"0,27670"
"31,56000";"10,26340";"0,28272"
"31,57000";"10,27827";"0,28122"
"31,58000";"10,29326";"0,27804"
"31,59000";"10,30814";"0,28165"
"31,60000";"10,32313";"0,28613"
"31,61000";"10,33813";"0,28142"
"31,62000";"10,35312";"0,27750"
"31,63000";"10,36823";"0,27463"
"31,64000";"10,38322";"0,27124"
"31,65000";"10,39822";"0,26802"
"31,66000";"10,41321";"0,27104"
"31,67000";"10,42808";"0,26388"
"31,68000";"10,44308";"0,26122"
"31,69000";"10,45807";"0,26639"
"31,70000";"10,47318";"0,27026"
"31,71000";"10,48817";"0,26878"
"31,72000";"10,50328";"0,26590"
"31,73000";"10,51828";"0,26976"
"31,74000";"10,53315";"0,27106"
"31,75000";"10,54803";"0,27131"
"31,76000";"10,56302";"0,26732"
"31,77000";"10,57790";"0,26591"
"31,78000";"10,59301";"0,26910"
"31,79000";"10,60788";"0,26552"
"31,80000";"10,62288";"0,25874"
"31,81000";"10,63787";"0,25818"
"31,82000";"10,65286";"0,25693"
"31,83000";"10,66785";"0,26437"
"31,84000";"10,68285";"0,26720"
"31,85000";"10,69784";"0,26862"
"31,86000";"10,71283";"0,27039"
"31,87000";"10,72794";"0,28043"
"31,88000";"10,74282";"0,29095"
"31,89000";"10,75781";"0,28754"
"31,90000";"10,77292";"0,27921"
"31,91000";"10,78780";"0,27263"
"31,92000";"10,80279";"0,26853"
"31,93000";"10,81790";"0,27490"
"31,94000";"10,83290";"0,28185"
"31,95000";"10,84801";"0,28917"
"31,96000";"10,86300";"0,29258"
"31,97000";"10,87799";"0,29502"
"31,98000";"10,89287";"0,29358"
"31,99000";"10,90786";"0,29311"
"32,00000";"10,92274";"0,29076"
"32,01000";"10,93785";"0,28723"
"32,02000";"10,95296";"0,28420"
"32,03000";"10,96795";"0,28170"
"32,04000";"10,98306";"0,27804"
"32,05000";"10,99806";"0,27982"
"32,06000";"11,01305";"0,28046"
"32,07000";"11,02792";"0,27526"
"32,08000";"11,04303";"0,27614"
"32,09000";"11,05803";"0,27435"
"32,10000";"11,07302";"0,27715"
"32,11000";"11,08801";"0,28273"
"32,12000";"11,10301";"0,28246"
"32,13000";"11,11800";"0,27287"
"32,14000";"11,13299";"0,27064"
"32,15000";"11,14799";"0,27426"
"32,16000";"11,16298";"0,27379"
"32,17000";"11,17809";"0,27510"
"32,18000";"11,19320";"0,27993"
"32,19000";"11,20808";"0,27885"
"32,20000";"11,22307";"0,27490"
"32,21000";"11,23794";"0,27107"
"32,22000";"11,25294";"0,27177"
"32,23000";"11,26793";"0,26980"
"32,24000";"11,28292";"0,26901"
"32,25000";"11,29792";"0,27352"
"32,26000";"11,31303";"0,28113"
"32,27000";"11,32802";"0,28805"
"32,28000";"11,34290";"0,29265"
"32,29000";"11,35789";"0,28919"
"32,30000";"11,37288";"0,28498"
"32,31000";"11,38788";"0,28215"
"32,32000";"11,40287";"0,28368"
"32,33000";"11,41798";"0,27908"
"32,34000";"11,43309";"0,27285"
"32,35000";"11,44820";"0,26735"
"32,36000";"11,46319";"0,26418"
"32,37000";"11,47819";"0,26451"
"32,38000";"11,49306";"0,26741"
"32,39000";"11,50806";"0,27356"
"32,40000";"11,52305";"0,27991"
"32,41000";"11,53804";"0,27868"
"32,42000";"11,55315";"0,27942"
"32,43000";"11,56815";"0,28210"
"32,44000";"11,58314";"0,28256"
"32,45000";"11,59825";"0,27870"
"32,46000";"11,61312";"0,27704"
"32,47000";"11,62812";"0,27562"
"32,48000";"11,64311";"0,27857"
"32,49000";"11,65810";"0,28909"
"32,50000";"11,67310";"0,29121"
"32,51000";"11,68797";"0,28582"
"32,52000";"11,70296";"0,28448"
"32,53000";"11,71796";"0,28354"
"32,54000";"11,73295";"0,28813"
"32,55000";"11,74794";"0,28982"
"32,56000";"11,76306";"0,28855"
"32,57000";"11,77805";"0,28345"
"32,58000";"11,79304";"0,27814"
"32,59000";"11,80803";"0,27628"
"32,60000";"11,82291";"0,27811"
"32,61000";"11,83790";"0,27472"
"32,62000";"11,85278";"0,27058"
"32,63000";"11,86777";"0,26820"
"32,64000";"11,88276";"0,27064"
"32,65000";"11,89799";"0,27424"
"32,66000";"11,91299";"0,27479"
"32,67000";"11,92810";"0,27166"
"32,68000";"11,94309";"0,27297"
"32,69000";"11,95808";"0,27504"
"32,70000";"11,97296";"0,27642"
"32,71000";"11,98795";"0,27927"
"32,72000";"12,00306";"0,28837"
"32,73000";"12,01817";"0,28926"
"32,74000";"12,03305";"0,29029"
"32,75000";"12,04804";"0,28929"
"32,76000";"12,06304";"0,29067"
"32,77000";"12,07815";"0,29550"
"32,78000";"12,09302";"0,29454"
"32,79000";"12,10801";"0,29352"
"32,80000";"12,12301";"0,29448"
"32,81000";"12,13800";"0,29649"
"32,82000";"12,15287";"0,29946"
"32,83000";"12,16775";"0,29683"
"32,84000";"12,18274";"0,29302"
"32,85000";"12,19774";"0,29026"
"32,86000";"12,21273";"0,29252"
"32,87000";"12,22772";"0,29478"
"32,88000";"12,24283";"0,29693"
"32,89000";"12,25795";"0,29991"
"32,90000";"12,27305";"0,30271"
"32,91000";"12,28793";"0,29661"
"32,92000";"12,30292";"0,29240"
"32,93000";"12,31780";"0,28860"
"32,94000";"12,33279";"0,28923"
"32,95000";"12,34778";"0,29674"
"32,96000";"12,36290";"0,30212"
"32,97000";"12,37801";"0,30599"
"32,98000";"12,39300";"0,30829"
"32,99000";"12,40799";"0,30773"
"33,00000";"12,42310";"0,30720"
"33,01000";"12,43798";"0,30900"
"33,02000";"12,45297";"0,31047"
"33,03000";"12,46797";"0,30641"
"33,04000";"12,48296";"0,29880"
"33,05000";"12,49795";"0,29316"
"33,06000";"12,51294";"0,28723"
"33,07000";"12,52794";"0,28813"
"33,08000";"12,54293";"0,28900"
"33,09000";"12,55792";"0,29383"
"33,10000";"12,57280";"0,30096"
"33,11000";"12,58779";"0,30445"
"33,12000";"12,60290";"0,30408"
"33,13000";"12,61790";"0,29565"
"33,14000";"12,63289";"0,29058"
"33,15000";"12,64788";"0,28805"
"33,16000";"12,66288";"0,28145"
"33,17000";"12,67787";"0,28234"
"33,18000";"12,69286";"0,28377"
"33,19000";"12,70797";"0,28752"
"33,20000";"12,72308";"0,28826"
"33,21000";"12,73819";"0,28858"
"33,22000";"12,75319";"0,28363"
"33,23000";"12,76818";"0,28184"
"33,24000";"12,78306";"0,29510"
"33,25000";"12,79805";"0,30513"
"33,26000";"12,81304";"0,30843"
"33,27000";"12,82815";"0,31554"
"33,28000";"12,84315";"0,31369"
"33,29000";"12,85814";"0,31139"
"33,30000";"12,87313";"0,30859"
"33,31000";"12,88813";"0,31051"
"33,32000";"12,90312";"0,30898"
"33,33000";"12,91787";"0,30967"
"33,34000";"12,93287";"0,30963"
"33,35000";"12,94798";"0,31389"
"33,36000";"12,96285";"0,31928"
"33,37000";"12,97785";"0,33019"
"33,38000";"12,99272";"0,33872"
"33,39000";"13,00783";"0,33731"
"33,40000";"13,02294";"0,33771"
"33,41000";"13,03782";"0,33922"
"33,42000";"13,05293";"0,33573"
"33,43000";"13,06804";"0,33080"
"33,44000";"13,08315";"0,32852"
"33,45000";"13,09814";"0,32780"
"33,46000";"13,11314";"0,32713"
"33,47000";"13,12801";"0,32130"
"33,48000";"13,14289";"0,31740"
"33,49000";"13,15788";"0,32400"
"33,50000";"13,17276";"0,33739"
"33,51000";"13,18787";"0,34089"
"33,52000";"13,20286";"0,33784"
"33,53000";"13,21797";"0,33658"
"33,54000";"13,23297";"0,33402"
"33,55000";"13,24796";"0,32981"
"33,56000";"13,26283";"0,33412"
"33,57000";"13,27771";"0,33944"
"33,58000";"13,29270";"0,33954"
"33,59000";"13,30781";"0,34320"
"33,60000";"13,32281";"0,34911"
"33,61000";"13,33792";"0,34950"
"33,62000";"13,35291";"0,34415"
"33,63000";"13,36790";"0,34144"
"33,64000";"13,38290";"0,33796"
"33,65000";"13,39789";"0,33657"
"33,66000";"13,41300";"0,33944"
"33,67000";"13,42799";"0,34029"
"33,68000";"13,44299";"0,34425"
"33,69000";"13,45798";"0,34866"
"33,70000";"13,47297";"0,35077"
"33,71000";"13,48808";"0,35535"
"33,72000";"13,50296";"0,36326"
"33,73000";"13,51795";"0,36125"
"33,74000";"13,53294";"0,36192"
"33,75000";"13,54794";"0,36048"
"33,76000";"13,56305";"0,35919"
"33,77000";"13,57804";"0,36184"
"33,78000";"13,59303";"0,36392"
"33,79000";"13,60803";"0,36388"
"33,80000";"13,62290";"0,36619"
"33,81000";"13,63790";"0,37399"
"33,82000";"13,65289";"0,37238"
"33,83000";"13,66788";"0,37507"
"33,84000";"13,68299";"0,38351"
"33,85000";"13,69799";"0,38848"
"33,86000";"13,71310";"0,38958"
"33,87000";"13,72809";"0,39392"
"33,88000";"13,74308";"0,39329"
"33,89000";"13,75808";"0,38699"
"33,90000";"13,77307";"0,38291"
"33,91000";"13,78818";"0,38010"
"33,92000";"13,80317";"0,38160"
"33,93000";"13,81828";"0,39347"
"33,94000";"13,83328";"0,40757"
"33,95000";"13,84827";"0,41822"
"33,96000";"13,86315";"0,41631"
"33,97000";"13,87814";"0,40949"
"33,98000";"13,89313";"0,40877"
"33,99000";"13,90801";"0,41476"
"34,00000";"13,92300";"0,41484"
"34,01000";"13,93799";"0,41761"
"34,02000";"13,95299";"0,42481"
"34,03000";"13,96798";"0,43073"
"34,04000";"13,98297";"0,43261"
"34,05000";"13,99797";"0,42863"
"34,06000";"14,01308";"0,43257"
"34,07000";"14,02807";"0,43627"
"34,08000";"14,04294";"0,44056"
"34,09000";"14,05805";"0,45007"
"34,10000";"14,07293";"0,45340"
"34,11000";"14,08792";"0,45543"
"34,12000";"14,10280";"0,45234"
"34,13000";"14,11791";"0,45312"
"34,14000";"14,13290";"0,46406"
"34,15000";"14,14790";"0,47104"
"34,16000";"14,16301";"0,47704"
"34,17000";"14,17800";"0,48017"
"34,18000";"14,19299";"0,47546"
"34,19000";"14,20799";"0,47401"
"34,20000";"14,22286";"0,47591"
"34,21000";"14,23797";"0,48286"
"34,22000";"14,25308";"0,48917"
"34,23000";"14,26808";"0,49507"
"34,24000";"14,28307";"0,49805"
"34,25000";"14,29818";"0,49939"
"34,26000";"14,31317";"0,49970"
"34,27000";"14,32817";"0,50016"
"34,28000";"14,34304";"0,50557"
"34,29000";"14,35803";"0,50876"
"34,30000";"14,37303";"0,51129"
"34,31000";"14,38802";"0,51618"
"34,32000";"14,40289";"0,51632"
"34,33000";"14,41801";"0,52243"
"34,34000";"14,43312";"0,53500"
"34,35000";"14,44799";"0,54651"
"34,36000";"14,46299";"0,55442"
"34,37000";"14,47798";"0,55486"
"34,38000";"14,49309";"0,55999"
"34,39000";"14,50808";"0,55498"
"34,40000";"14,52308";"0,55979"
"34,41000";"14,53807";"0,56527"
"34,42000";"14,55318";"0,57161"
"34,43000";"14,56817";"0,58266"
"34,44000";"14,58305";"0,59285"
"34,45000";"14,59804";"0,60099"
"34,46000";"14,61315";"0,60623"
"34,47000";"14,62826";"0,60697"
"34,48000";"14,64337";"0,60298"
"34,49000";"14,65837";"0,59309"
"34,50000";"14,67324";"0,59063"
"34,51000";"14,68812";"0,59877"
"34,52000";"14,70299";"0,60689"
"34,53000";"14,71799";"0,61138"
"34,54000";"14,73310";"0,61240"
"34,55000";"14,74821";"0,62348"
"34,56000";"14,76320";"0,63490"
"34,57000";"14,77820";"0,64272"
"34,58000";"14,79307";"0,64024"
"34,59000";"14,80806";"0,63615"
"34,60000";"14,82306";"0,64049"
"34,61000";"14,83817";"0,65289"
"34,62000";"14,85304";"0,66478"
"34,63000";"14,86792";"0,67650"
"34,64000";"14,88291";"0,68691"
"34,65000";"14,89790";"0,70310"
"34,66000";"14,91290";"0,71087"
"34,67000";"14,92801";"0,70834"
"34,68000";"14,94300";"0,70374"
"34,69000";"14,95811";"0,70229"
"34,70000";"14,97322";"0,70425"
"34,71000";"14,98822";"0,70449"
"34,72000";"15,00321";"0,71288"
"34,73000";"15,01820";"0,72027"
"34,74000";"15,03308";"0,73257"
"34,75000";"15,04795";"0,74134"
"34,76000";"15,06306";"0,75445"
"34,77000";"15,07806";"0,77440"
"34,78000";"15,09328";"0,79063"
"34,79000";"15,10828";"0,79131"
"34,80000";"15,12327";"0,79550"
"34,81000";"15,13815";"0,80675"
"34,82000";"15,15302";"0,81703"
"34,83000";"15,16790";"0,82670"
"34,84000";"15,18289";"0,83249"
"34,85000";"15,19788";"0,84356"
"34,86000";"15,21287";"0,85616"
"34,87000";"15,22787";"0,86719"
"34,88000";"15,24274";"0,87176"
"34,89000";"15,25774";"0,88342"
"34,90000";"15,27261";"0,88804"
"34,91000";"15,28760";"0,89601"
"34,92000";"15,30272";"0,90916"
"34,93000";"15,31783";"0,92410"
"34,94000";"15,33282";"0,93117"
"34,95000";"15,34781";"0,94764"
"34,96000";"15,36292";"0,96892"
"34,97000";"15,37803";"0,99477"
"34,98000";"15,39303";"1,01746"
"34,99000";"15,40802";"1,03588"
"35,00000";"15,42313";"1,05076"
"35,01000";"15,43813";"1,06136"
"35,02000";"15,45324";"1,07507"
"35,03000";"15,46823";"1,09507"
"35,04000";"15,48310";"1,11029"
"35,05000";"15,49798";"1,12616"
"35,06000";"15,51297";"1,14023"
"35,07000";"15,52785";"1,15302"
"35,08000";"15,54308";"1,15651"
"35,09000";"15,55807";"1,16173"
"35,10000";"15,57318";"1,17671"
"35,11000";"15,58817";"1,19863"
"35,12000";"15,60317";"1,21573"
"35,13000";"15,61804";"1,23157"
"35,14000";"15,63304";"1,25390"
"35,15000";"15,64791";"1,27528"
"35,16000";"15,66290";"1,30039"
"35,17000";"15,67801";"1,33004"
"35,18000";"15,69301";"1,35143"
"35,19000";"15,70788";"1,37062"
"35,20000";"15,72288";"1,38811"
"35,21000";"15,73787";"1,40880"
"35,22000";"15,75274";"1,42553"
"35,23000";"15,76785";"1,44113"
"35,24000";"15,78297";"1,46427"
"35,25000";"15,79796";"1,48991"
"35,26000";"15,81295";"1,51119"
"35,27000";"15,82806";"1,53412"
"35,28000";"15,84317";"1,56054"
"35,29000";"15,85817";"1,58587"
"35,30000";"15,87304";"1,60972"
"35,31000";"15,88815";"1,63876"
"35,32000";"15,90315";"1,66636"
"35,33000";"15,91826";"1,69111"
"35,34000";"15,93313";"1,71788"
"35,35000";"15,94813";"1,74447"
"35,36000";"15,96300";"1,76666"
"35,37000";"15,97799";"1,80107"
"35,38000";"15,99299";"1,84244"
"35,39000";"16,00798";"1,88058"
"35,40000";"16,02297";"1,90913"
"35,41000";"16,03797";"1,93915"
"35,42000";"16,05296";"1,97327"
"35,43000";"16,06795";"2,02087"
"35,44000";"16,08294";"2,05942"
"35,45000";"16,09782";"2,09263"
"35,46000";"16,11269";"2,12737"
"35,47000";"16,12769";"2,16854"
"35,48000";"16,14280";"2,21516"
"35,49000";"16,15779";"2,25896"
"35,50000";"16,17290";"2,29704"
"35,51000";"16,18790";"2,33533"
"35,52000";"16,20289";"2,38156"
"35,53000";"16,21800";"2,42671"
"35,54000";"16,23311";"2,46858"
"35,55000";"16,24822";"2,51747"
"35,56000";"16,26322";"2,56847"
"35,57000";"16,27821";"2,62165"
"35,58000";"16,29308";"2,67644"
"35,59000";"16,30808";"2,73153"
"35,60000";"16,32319";"2,78859"
"35,61000";"16,33818";"2,84083"
"35,62000";"16,35317";"2,90336"
"35,63000";"16,36817";"2,96226"
"35,64000";"16,38316";"3,02440"
"35,65000";"16,39815";"3,09094"
"35,66000";"16,41303";"3,15275"
"35,67000";"16,42802";"3,21141"
"35,68000";"16,44301";"3,26916"
"35,69000";"16,45789";"3,33262"
"35,70000";"16,47288";"3,40331"
"35,71000";"16,48799";"3,47356"
"35,72000";"16,50311";"3,53857"
"35,73000";"16,51810";"3,60478"
"35,74000";"16,53297";"3,66661"
"35,75000";"16,54797";"3,73921"
"35,76000";"16,56284";"3,82046"
"35,77000";"16,57771";"3,90085"
"35,78000";"16,59271";"3,99012"
"35,79000";"16,60770";"4,08197"
"35,80000";"16,62281";"4,16988"
"35,81000";"16,63792";"4,25227"
"35,82000";"16,65315";"4,34103"
"35,83000";"16,66826";"4,44133"
"35,84000";"16,68326";"4,54389"
"35,85000";"16,69813";"4,64807"
"35,86000";"16,71313";"4,75117"
"35,87000";"16,72824";"4,85971"
"35,88000";"16,74311";"4,97085"
"35,89000";"16,75799";"5,09336"
"35,90000";"16,77298";"5,21425"
"35,91000";"16,78797";"5,32783"
"35,92000";"16,80285";"5,44894"
"35,93000";"16,81784";"5,58217"
"35,94000";"16,83295";"5,71877"
"35,95000";"16,84795";"5,85833"
"35,96000";"16,86294";"5,99579"
"35,97000";"16,87793";"6,14103"
"35,98000";"16,89293";"6,27903"
"35,99000";"16,90792";"6,41958"
"36,00000";"16,92291";"6,58007"
"36,01000";"16,93790";"6,74773"
"36,02000";"16,95301";"6,91806"
"36,03000";"16,96801";"7,10038"
"36,04000";"16,98300";"7,29443"
"36,05000";"16,99799";"7,49178"
"36,06000";"17,01299";"7,70048"
"36,07000";"17,02798";"7,91581"
"36,08000";"17,04285";"8,13641"
"36,09000";"17,05773";"8,36331"
"36,10000";"17,07272";"8,60600"
"36,11000";"17,08783";"8,85822"
"36,12000";"17,10283";"9,12002"
"36,13000";"17,11782";"9,38801"
"36,14000";"17,13293";"9,66688"
"36,15000";"17,14804";"9,96076"
"36,16000";"17,16292";"10,27489"
"36,17000";"17,17791";"10,59631"
"36,18000";"17,19290";"10,92945"
"36,19000";"17,20801";"11,27451"
"36,20000";"17,22289";"11,62689"
"36,21000";"17,23788";"11,99083"
"36,22000";"17,25288";"12,36690"
"36,23000";"17,26787";"12,75315"
"36,24000";"17,28286";"13,15539"
"36,25000";"17,29774";"13,57117"
"36,26000";"17,31285";"14,00208"
"36,27000";"17,32784";"14,45325"
"36,28000";"17,34283";"14,93201"
"36,29000";"17,35783";"15,42211"
"36,30000";"17,37282";"15,91605"
"36,31000";"17,38781";"16,42991"
"36,32000";"17,40269";"16,96980"
"36,33000";"17,41756";"17,52879"
"36,34000";"17,43267";"18,10297"
"36,35000";"17,44767";"18,70160"
"36,36000";"17,46278";"19,32764"
"36,37000";"17,47777";"19,98564"
"36,38000";"17,49276";"20,66645"
"36,39000";"17,50776";"21,37329"
"36,40000";"17,52299";"22,11034"
"36,41000";"17,53798";"22,87891"
"36,42000";"17,55309";"23,66603"
"36,43000";"17,56820";"24,47658"
"36,44000";"17,58319";"25,32503"
"36,45000";"17,59819";"26,21071"
"36,46000";"17,61318";"27,13952"
"36,47000";"17,62817";"28,08681"
"36,48000";"17,64305";"29,06631"
"36,49000";"17,65804";"30,09600"
"36,50000";"17,67292";"31,17353"
"36,51000";"17,68779";"32,29414"
"36,52000";"17,70278";"33,45284"
"36,53000";"17,71789";"34,66179"
"36,54000";"17,73289";"35,92922"
"36,55000";"17,74788";"37,25675"
"36,56000";"17,76299";"38,63889"
"36,57000";"17,77799";"40,07005"
"36,58000";"17,79298";"41,55564"
"36,59000";"17,80797";"43,10720"
"36,60000";"17,82285";"44,72311"
"36,61000";"17,83772";"46,38357"
"36,62000";"17,85260";"48,11445"
"36,63000";"17,86747";"49,92657"
"36,64000";"17,88258";"51,83157"
"36,65000";"17,89781";"53,84726"
"36,66000";"17,91281";"55,97665"
"36,67000";"17,92792";"58,20974"
"36,68000";"17,94291";"60,55021"
"36,69000";"17,95802";"62,99090"
"36,70000";"17,97313";"65,52202"
"36,71000";"17,98812";"68,15622"
"36,72000";"18,00312";"70,89649"
"36,73000";"18,01811";"73,75848"
"36,74000";"18,03310";"76,77368"
"36,75000";"18,04810";"79,96781"
"36,76000";"18,06309";"83,31730"
"36,77000";"18,07808";"86,80644"
"36,78000";"18,09296";"90,42915"
"36,79000";"18,10783";"94,21033"
"36,80000";"18,12283";"98,19044"
"36,81000";"18,13782";"102,41142"
"36,82000";"18,15293";"106,99390"
"36,83000";"18,16792";"111,98131"
"36,84000";"18,18292";"117,30148"
"36,85000";"18,19803";"122,89287"
"36,86000";"18,21290";"128,69254"
"36,87000";"18,22778";"134,64450"
"36,88000";"18,24265";"140,69838"
"36,89000";"18,25765";"146,82260"
"36,90000";"18,27252";"153,06856"
"36,91000";"18,28752";"159,49126"
"36,92000";"18,30239";"166,20255"
"36,93000";"18,31738";"173,17758"
"36,94000";"18,33237";"180,42540"
"36,95000";"18,34725";"187,93114"
"36,96000";"18,36224";"195,74173"
"36,97000";"18,37747";"203,89064"
"36,98000";"18,39258";"212,40996"
"36,99000";"18,40781";"221,22298"
"37,00000";"18,42281";"230,30536"
"37,01000";"18,43780";"239,53644"
"37,02000";"18,45279";"248,81029"
"37,03000";"18,46766";"258,01785"
"37,04000";"18,48278";"267,14175"
"37,05000";"18,49789";"276,30457"
"37,05200";"18,50084";"278,14819"
"37,05400";"18,50391";"279,99429"
"37,06400";"18,51690";"289,20184"
"37,07400";"18,52445";"297,20303"
"37,08000";"18,52634";"300,06296"
"37,09000";"18,52575";"299,53183"
"37,10000";"18,52103";"291,25922"
"37,11000";"18,50981";"274,21313"
"37,12000";"18,49305";"246,07542"
"37,13000";"18,47286";"206,31184"
"37,14000";"18,45102";"159,17476"
"37,15000";"18,42894";"111,98222"
"37,16000";"18,40746";"70,64758"
"37,17000";"18,38704";"38,56087"
"37,18000";"18,36720";"16,61730"
"37,19000";"18,34819";"3,91254"
"37,20000";"18,32978";"-1,87064"
"37,21000";"18,31195";"-3,25973"
"37,22000";"18,29472";"-2,47932"
"37,23000";"18,27807";"-1,08856"
"37,24000";"18,26166";"0,05527"
"37,25000";"18,24572";"0,64272"
"37,26000";"18,22990";"0,72725"
"37,27000";"18,21444";"0,59287"
"37,28000";"18,19885";"0,40543"
"37,29000";"18,18351";"0,12150"
"37,30000";"18,16840";"-0,25608"
"37,31000";"18,15317";"-0,68539"
"37,32000";"18,13794";"-1,11983"
"37,33000";"18,12259";"-1,52279"
"37,34000";"18,10748";"-1,87567"
"37,35000";"18,09225";"-2,17664"
"37,36000";"18,07726";"-2,42600"
"37,37000";"18,06215";"-2,63430"
"37,38000";"18,04715";"-2,80848"
"37,39000";"18,03240";"-2,93987"
"37,40000";"18,01764";"-3,03991"
"37,41000";"18,00277";"-3,12135"
"37,42000";"17,98765";"-3,19246"
"37,43000";"17,97231";"-3,25770"
"37,44000";"17,95708";"-3,33363"
"37,45000";"17,94197";"-3,40544"
"37,46000";"17,92686";"-3,45539"
"37,47000";"17,91186";"-3,47016"
"37,48000";"17,89687";"-3,46347"
"37,49000";"17,88188";"-3,44806"
"37,50000";"17,86676";"-3,42404"
"37,51000";"17,85189";"-3,40501"
"37,52000";"17,83690";"-3,38387"
"37,53000";"17,82202";"-3,35706"
"37,54000";"17,80703";"-3,31849"
"37,55000";"17,79192";"-3,27932"
"37,56000";"17,77704";"-3,24002"
"37,57000";"17,76205";"-3,18955"
"37,58000";"17,74706";"-3,12503"
"37,59000";"17,73183";"-3,05104"
"37,60000";"17,71683";"-2,98835"
"37,61000";"17,70196";"-2,93040"
"37,62000";"17,68696";"-2,86098"
"37,63000";"17,67186";"-2,79106"
"37,64000";"17,65674";"-2,72283"
"37,65000";"17,64175";"-2,65661"
"37,66000";"17,62675";"-2,58453"
"37,67000";"17,61165";"-2,51469"
"37,68000";"17,59689";"-2,44592"
"37,69000";"17,58201";"-2,36535"
"37,70000";"17,56726";"-2,27518"
"37,71000";"17,55215";"-2,17842"
"37,72000";"17,53703";"-2,09139"
"37,73000";"17,52204";"-2,01216"
"37,74000";"17,50705";"-1,93200"
"37,75000";"17,49194";"-1,86025"
"37,76000";"17,47706";"-1,78925"
"37,77000";"17,46219";"-1,71114"
"37,78000";"17,44731";"-1,62402"
"37,79000";"17,43220";"-1,53709"
"37,80000";"17,41709";"-1,45877"
"37,81000";"17,40221";"-1,37692"
"37,82000";"17,38722";"-1,29919"
"37,83000";"17,37199";"-1,23011"
"37,84000";"17,35700";"-1,16714"
"37,85000";"17,34201";"-1,11447"
"37,86000";"17,32701";"-1,05691"
"37,87000";"17,31202";"-0,99856"
"37,88000";"17,29691";"-0,95912"
"37,89000";"17,28204";"-0,92819"
"37,90000";"17,26704";"-0,89152"
"37,91000";"17,25193";"-0,84908"
"37,92000";"17,23694";"-0,81408"
"37,93000";"17,22206";"-0,78258"
"37,94000";"17,20719";"-0,75027"
"37,95000";"17,19208";"-0,71902"
"37,96000";"17,17708";"-0,68321"
"37,97000";"17,16197";"-0,65057"
"37,98000";"17,14698";"-0,61734"
"37,99000";"17,13199";"-0,58190"
"38,00000";"17,11687";"-0,54337"
"38,01000";"17,10200";"-0,50803"
"38,02000";"17,08701";"-0,48159"
"38,03000";"17,07201";"-0,46775"
"38,04000";"17,05690";"-0,45655"
"38,05000";"17,04191";"-0,44865"
"38,06000";"17,02692";"-0,43559"
"38,07000";"17,01192";"-0,42498"
"38,08000";"16,99693";"-0,41781"
"38,09000";"16,98206";"-0,40504"
"38,10000";"16,96718";"-0,38372"
"38,11000";"16,95219";"-0,36174"
"38,12000";"16,93719";"-0,33023"
"38,13000";"16,92196";"-0,30409"
"38,14000";"16,90697";"-0,28405"
"38,15000";"16,89186";"-0,26962"
"38,16000";"16,87687";"-0,26529"
"38,17000";"16,86188";"-0,26043"
"38,18000";"16,84688";"-0,25341"
"38,19000";"16,83189";"-0,24787"
"38,20000";"16,81689";"-0,23586"
"38,21000";"16,80179";"-0,22074"
"38,22000";"16,78679";"-0,21145"
"38,23000";"16,77192";"-0,20281"
"38,24000";"16,75704";"-0,19256"
"38,25000";"16,74205";"-0,17632"
"38,26000";"16,72706";"-0,16644"
"38,27000";"16,71218";"-0,16657"
"38,28000";"16,69707";"-0,17106"
"38,29000";"16,68196";"-0,17054"
"38,30000";"16,66685";"-0,16822"
"38,31000";"16,65197";"-0,16397"
"38,32000";"16,63710";"-0,15194"
"38,33000";"16,62211";"-0,13563"
"38,34000";"16,60687";"-0,13549"
"38,35000";"16,59188";"-0,13409"
"38,36000";"16,57689";"-0,12930"
"38,37000";"16,56166";"-0,12349"
"38,38000";"16,54655";"-0,11399"
"38,39000";"16,53179";"-0,10654"
"38,40000";"16,51692";"-0,10861"
"38,41000";"16,50216";"-0,10865"
"38,42000";"16,48717";"-0,10487"
"38,43000";"16,47217";"-0,09982"
"38,44000";"16,45718";"-0,10022"
"38,45000";"16,44207";"-0,10083"
"38,46000";"16,42696";"-0,09789"
"38,47000";"16,41208";"-0,09276"
"38,48000";"16,39709";"-0,09520"
"38,49000";"16,38210";"-0,09307"
"38,50000";"16,36710";"-0,08880"
"38,51000";"16,35211";"-0,08997"
"38,52000";"16,33724";"-0,08123"
"38,53000";"16,32224";"-0,06834"
"38,54000";"16,30713";"-0,06013"
"38,55000";"16,29214";"-0,06101"
"38,56000";"16,27727";"-0,05579"
"38,57000";"16,26227";"-0,05409"
"38,58000";"16,24704";"-0,05389"
"38,59000";"16,23193";"-0,04680"
"38,60000";"16,21706";"-0,04488"
"38,61000";"16,20206";"-0,03750"
"38,62000";"16,18707";"-0,03325"
"38,63000";"16,17208";"-0,03215"
"38,64000";"16,15720";"-0,02531"
"38,65000";"16,14233";"-0,01268"
"38,66000";"16,12710";"-0,00099"
"38,67000";"16,11187";"0,00557"
"38,68000";"16,09687";"0,00666"
"38,69000";"16,08188";"0,00301"
"38,70000";"16,06677";"-0,00297"
"38,71000";"16,05178";"0,00014"
"38,72000";"16,03690";"0,01270"
"38,73000";"16,02215";"0,02762"
"38,74000";"16,00704";"0,04962"
"38,75000";"15,99192";"0,06657"
"38,76000";"15,97693";"0,07985"
"38,77000";"15,96194";"0,07942"
"38,78000";"15,94695";"0,07967"
"38,79000";"15,93183";"0,08534"
"38,80000";"15,91696";"0,08203"
"38,81000";"15,90208";"0,07616"
"38,82000";"15,88721";"0,07780"
"38,83000";"15,87210";"0,08165"
"38,84000";"15,85710";"0,08450"
"38,85000";"15,84211";"0,08230"
"38,86000";"15,82712";"0,08798"
"38,87000";"15,81213";"0,09486"
"38,88000";"15,79713";"0,09427"
"38,89000";"15,78226";"0,08952"
"38,90000";"15,76727";"0,09259"
"38,91000";"15,75215";"0,09963"
"38,92000";"15,73704";"0,10139"
"38,93000";"15,72205";"0,10134"
"38,94000";"15,70706";"0,10378"
"38,95000";"15,69218";"0,10793"
"38,96000";"15,67719";"0,11261"
"38,97000";"15,66220";"0,11255"
"38,98000";"15,64720";"0,11217"
"38,99000";"15,63209";"0,11365"
"39,00000";"15,61698";"0,11094"
"39,01000";"15,60175";"0,11120"
"39,02000";"15,58687";"0,11494"
"39,03000";"15,57188";"0,12434"
"39,04000";"15,55689";"0,12736"
"39,05000";"15,54190";"0,13161"
"39,06000";"15,52702";"0,12910"
"39,07000";"15,51191";"0,12254"
"39,08000";"15,49680";"0,10830"
"39,09000";"15,48169";"0,09765"
"39,10000";"15,46681";"0,10246"
"39,11000";"15,45205";"0,10835"
"39,12000";"15,43706";"0,11775"
"39,13000";"15,42207";"0,12994"
"39,14000";"15,40707";"0,13737"
"39,15000";"15,39208";"0,13699"
"39,16000";"15,37709";"0,13590"
"39,17000";"15,36198";"0,12669"
"39,18000";"15,34699";"0,11989"
"39,19000";"15,33211";"0,11786"
"39,20000";"15,31723";"0,11885"
"39,21000";"15,30201";"0,12170"
"39,22000";"15,28701";"0,12530"
"39,23000";"15,27214";"0,12969"
"39,24000";"15,25703";"0,13253"
"39,25000";"15,24203";"0,13479"
"39,26000";"15,22704";"0,13392"
"39,27000";"15,21217";"0,13173"
"39,28000";"15,19717";"0,13386"
"39,29000";"15,18206";"0,14025"
"39,30000";"15,16707";"0,13649"
"39,31000";"15,15219";"0,13430"
"39,32000";"15,13720";"0,13629"
"39,33000";"15,12209";"0,14386"
"39,34000";"15,10698";"0,15355"
"39,35000";"15,09210";"0,15557"
"39,36000";"15,07723";"0,15143"
"39,37000";"15,06223";"0,14486"
"39,38000";"15,04701";"0,13856"
"39,39000";"15,03190";"0,13268"
"39,40000";"15,01690";"0,12876"
"39,41000";"15,00191";"0,12977"
"39,42000";"14,98692";"0,13617"
"39,43000";"14,97204";"0,14350"
"39,44000";"14,95728";"0,15127"
"39,45000";"14,94229";"0,15504"
"39,46000";"14,92730";"0,15715"
"39,47000";"14,91231";"0,16088"
"39,48000";"14,89731";"0,15571"
"39,49000";"14,88232";"0,14579"
"39,50000";"14,86721";"0,13767"
"39,51000";"14,85222";"0,14004"
"39,52000";"14,83722";"0,14781"
"39,53000";"14,82223";"0,15222"
"39,54000";"14,80700";"0,15562"
"39,55000";"14,79189";"0,15419"
"39,56000";"14,77701";"0,15113"
"39,57000";"14,76214";"0,15624"
"39,58000";"14,74714";"0,15556"
"39,59000";"14,73215";"0,14348"
"39,60000";"14,71716";"0,13509"
"39,61000";"14,70228";"0,13368"
"39,62000";"14,68717";"0,13928"
"39,63000";"14,67206";"0,14331"
"39,64000";"14,65695";"0,14173"
"39,65000";"14,64208";"0,14505"
"39,66000";"14,62708";"0,14483"
"39,67000";"14,61209";"0,14572"
"39,68000";"14,59698";"0,14521"
"39,69000";"14,58199";"0,14432"
"39,70000";"14,56687";"0,14499"
"39,71000";"14,55165";"0,15264"
"39,72000";"14,53677";"0,15445"
"39,73000";"14,52190";"0,15481"
"39,74000";"14,50690";"0,15966"
"39,75000";"14,49179";"0,17049"
"39,76000";"14,47680";"0,17137"
"39,77000";"14,46192";"0,17000"
"39,78000";"14,44693";"0,16688"
"39,79000";"14,43182";"0,16982"
"39,80000";"14,41671";"0,16665"
"39,81000";"14,40195";"0,16615"
"39,82000";"14,38708";"0,15525"
"39,83000";"14,37197";"0,14506"
"39,84000";"14,35685";"0,14832"
"39,85000";"14,34186";"0,15370"
"39,86000";"14,32687";"0,15967"
"39,87000";"14,31164";"0,16511"
"39,88000";"14,29665";"0,16666"
"39,89000";"14,28189";"0,16309"
"39,90000";"14,26701";"0,16627"
"39,91000";"14,25202";"0,16723"
"39,92000";"14,23679";"0,16133"
"39,93000";"14,22180";"0,14791"
"39,94000";"14,20681";"0,14482"
"39,95000";"14,19169";"0,14732"
"39,96000";"14,17658";"0,15184"
"39,97000";"14,16183";"0,15502"
"39,98000";"14,14719";"0,15207"
"39,99000";"14,13208";"0,15081"
"40,00000";"14,11697";"0,14839"
"40,01000";"14,10197";"0,15197"
"40,02000";"14,08698";"0,16389"
"40,03000";"14,07187";"0,17843"
"40,04000";"14,05688";"0,18146"
"40,05000";"14,04200";"0,17504"
"40,06000";"14,02724";"0,17292"
"40,07000";"14,01225";"0,16543"
"40,08000";"13,99714";"0,16530"
"40,09000";"13,98226";"0,16654"
"40,10000";"13,96727";"0,16668"
"40,11000";"13,95228";"0,16866"
"40,12000";"13,93717";"0,16476"
"40,13000";"13,92217";"0,16274"
"40,14000";"13,90730";"0,16494"
"40,15000";"13,89231";"0,16171"
"40,16000";"13,87708";"0,15207"
"40,17000";"13,86196";"0,15131"
"40,18000";"13,84697";"0,15517"
"40,19000";"13,83210";"0,16160"
"40,20000";"13,81710";"0,16621"
"40,21000";"13,80211";"0,16557"
"40,22000";"13,78712";"0,15918"
"40,23000";"13,77212";"0,16503"
"40,24000";"13,75701";"0,16840"
"40,25000";"13,74179";"0,17254"
"40,26000";"13,72679";"0,18303"
"40,27000";"13,71192";"0,19586"
"40,28000";"13,69692";"0,19881"
"40,29000";"13,68193";"0,20265"
"40,30000";"13,66706";"0,20297"
"40,31000";"13,65218";"0,20286"
"40,32000";"13,63707";"0,19940"
"40,33000";"13,62184";"0,18791"
"40,34000";"13,60685";"0,18183"
"40,35000";"13,59185";"0,18751"
"40,36000";"13,57710";"0,19559"
"40,37000";"13,56199";"0,20414"
"40,38000";"13,54688";"0,20320"
"40,39000";"13,53200";"0,19851"
"40,40000";"13,51701";"0,20183"
"40,41000";"13,50190";"0,20765"
"40,42000";"13,48678";"0,20495"
"40,43000";"13,47191";"0,20199"
"40,44000";"13,45704";"0,20366"
"40,45000";"13,44204";"0,20152"
"40,46000";"13,42705";"0,19188"
"40,47000";"13,41217";"0,19454"
"40,48000";"13,39718";"0,20200"
"40,49000";"13,38207";"0,20698"
"40,50000";"13,36684";"0,20755"
"40,51000";"13,35185";"0,19896"
"40,52000";"13,33697";"0,18904"
"40,53000";"13,32210";"0,18429"
"40,54000";"13,30699";"0,17987"
"40,55000";"13,29199";"0,17215"
"40,56000";"13,27700";"0,17247"
"40,57000";"13,26189";"0,17636"
"40,58000";"13,24666";"0,17950"
"40,59000";"13,23167";"0,18356"
"40,60000";"13,21703";"0,18929"
"40,61000";"13,20215";"0,19353"
"40,62000";"13,18716";"0,18941"
"40,63000";"13,17205";"0,18542"
"40,64000";"13,15706";"0,18216"
"40,65000";"13,14194";"0,18509"
"40,66000";"13,12671";"0,19382"
"40,67000";"13,11172";"0,19115"
"40,68000";"13,09697";"0,18838"
"40,69000";"13,08209";"0,18799"
"40,70000";"13,06698";"0,19224"
"40,71000";"13,05187";"0,19019"
"40,72000";"13,03699";"0,19243"
"40,73000";"13,02200";"0,19846"
"40,74000";"13,00677";"0,20459"
"40,75000";"12,99178";"0,20249"
"40,76000";"12,97690";"0,20234"
"40,77000";"12,96215";"0,20469"
"40,78000";"12,94715";"0,20734"
"40,79000";"12,93204";"0,20438"
"40,80000";"12,91705";"0,19512"
"40,81000";"12,90205";"0,19340"
"40,82000";"12,88706";"0,19180"
"40,83000";"12,87195";"0,20130"
"40,84000";"12,85708";"0,20459"
"40,85000";"12,84220";"0,20313"
"40,86000";"12,82709";"0,20084"
"40,87000";"12,81198";"0,19913"
"40,88000";"12,79699";"0,19074"
"40,89000";"12,78199";"0,19151"
"40,90000";"12,76700";"0,19924"
"40,91000";"12,75189";"0,20670"
"40,92000";"12,73701";"0,19981"
"40,93000";"12,72214";"0,19520"
"40,94000";"12,70715";"0,18770"
"40,95000";"12,69192";"0,18360"
"40,96000";"12,67681";"0,18636"
"40,97000";"12,66169";"0,18950"
"40,98000";"12,64682";"0,19771"
"40,99000";"12,63183";"0,20042"
"41,00000";"12,61683";"0,19509"
"41,01000";"12,60196";"0,18310"
"41,02000";"12,58708";"0,18025"
"41,03000";"12,57209";"0,18877"
"41,04000";"12,55698";"0,19572"
"41,05000";"12,54187";"0,19157"
"41,06000";"12,52688";"0,18794"
"41,07000";"12,51200";"0,19045"
"41,08000";"12,49689";"0,19540"
"41,09000";"12,48190";"0,19817"
"41,10000";"12,46690";"0,20315"
"41,11000";"12,45191";"0,20901"
"41,12000";"12,43680";"0,21665"
"41,13000";"12,42169";"0,21538"
"41,14000";"12,40681";"0,21554"
"41,15000";"12,39194";"0,21795"
"41,16000";"12,37706";"0,22568"
"41,17000";"12,36207";"0,22276"
"41,18000";"12,34708";"0,21825"
"41,19000";"12,33208";"0,22001"
"41,20000";"12,31697";"0,22002"
"41,21000";"12,30186";"0,22248"
"41,22000";"12,28675";"0,22003"
"41,23000";"12,27199";"0,21336"
"41,24000";"12,25700";"0,21403"
"41,25000";"12,24201";"0,21440"
"41,26000";"12,22701";"0,21665"
"41,27000";"12,21202";"0,22226"
"41,28000";"12,19691";"0,22596"
"41,29000";"12,18180";"0,22471"
"41,30000";"12,16681";"0,22636"
"41,31000";"12,15193";"0,22729"
"41,32000";"12,13706";"0,22593"
"41,33000";"12,12206";"0,22639"
"41,34000";"12,10707";"0,22966"
"41,35000";"12,09219";"0,22630"
"41,36000";"12,07720";"0,22062"
"41,37000";"12,06209";"0,22053"
"41,38000";"12,04710";"0,22748"
"41,39000";"12,03234";"0,23020"
"41,40000";"12,01735";"0,23179"
"41,41000";"12,00224";"0,23854"
"41,42000";"11,98701";"0,24362"
"41,43000";"11,97201";"0,24164"
"41,44000";"11,95690";"0,23604"
"41,45000";"11,94191";"0,23438"
"41,46000";"11,92680";"0,23647"
"41,47000";"11,91204";"0,23263"
"41,48000";"11,89717";"0,23129"
"41,49000";"11,88206";"0,23223"
"41,50000";"11,86695";"0,24088"
"41,51000";"11,85183";"0,24407"
"41,52000";"11,83684";"0,23929"
"41,53000";"11,82185";"0,22894"
"41,54000";"11,80685";"0,22928"
"41,55000";"11,79198";"0,22524"
"41,56000";"11,77699";"0,21934"
"41,57000";"11,76199";"0,21510"
"41,58000";"11,74688";"0,21958"
"41,59000";"11,73189";"0,22377"
"41,60000";"11,71690";"0,22029"
"41,61000";"11,70202";"0,21880"
"41,62000";"11,68703";"0,21784"
"41,63000";"11,67192";"0,21390"
"41,64000";"11,65693";"0,21311"
"41,65000";"11,64193";"0,21816"
"41,66000";"11,62694";"0,22141"
"41,67000";"11,61195";"0,21694"
"41,68000";"11,59683";"0,21513"
"41,69000";"11,58196";"0,21942"
"41,70000";"11,56697";"0,22446"
"41,71000";"11,55209";"0,22164"
"41,72000";"11,53698";"0,21635"
"41,73000";"11,52199";"0,20714"
"41,74000";"11,50699";"0,20356"
"41,75000";"11,49200";"0,20570"
"41,76000";"11,47689";"0,21156"
"41,77000";"11,46201";"0,21937"
"41,78000";"11,44714";"0,21995"
"41,79000";"11,43203";"0,21348"
"41,80000";"11,41704";"0,20428"
"41,81000";"11,40216";"0,20727"
"41,82000";"11,38705";"0,21367"
"41,83000";"11,37206";"0,21924"
"41,84000";"11,35683";"0,22302"
"41,85000";"11,34183";"0,21920"
"41,86000";"11,32696";"0,21839"
"41,87000";"11,31196";"0,21687"
"41,88000";"11,29697";"0,21937"
"41,89000";"11,28198";"0,22312"
"41,90000";"11,26699";"0,22482"
"41,91000";"11,25199";"0,22293"
"41,92000";"11,23700";"0,22367"
"41,93000";"11,22201";"0,22868"
"41,94000";"11,20713";"0,23397"
"41,95000";"11,19214";"0,23456"
"41,96000";"11,17691";"0,23406"
"41,97000";"11,16192";"0,23571"
"41,98000";"11,14704";"0,23198"
"41,99000";"11,13205";"0,23230"
"42,00000";"11,11694";"0,23304"
"42,01000";"11,10194";"0,23215"
"42,02000";"11,08719";"0,24105"
"42,03000";"11,07219";"0,24818"
"42,04000";"11,05696";"0,24735"
"42,05000";"11,04185";"0,24402"
"42,06000";"11,02686";"0,23769"
"42,07000";"11,01187";"0,24233"
"42,08000";"10,99676";"0,25564"
"42,09000";"10,98176";"0,25926"
"42,10000";"10,96701";"0,25392"
"42,11000";"10,95213";"0,24676"
"42,12000";"10,93702";"0,24475"
"42,13000";"10,92191";"0,25068"
"42,14000";"10,90692";"0,25013"
"42,15000";"10,89192";"0,24842"
"42,16000";"10,87681";"0,25249"
"42,17000";"10,86182";"0,25209"
"42,18000";"10,84694";"0,24791"
"42,19000";"10,83207";"0,24910"
"42,20000";"10,81696";"0,25375"
"42,21000";"10,80173";"0,25139"
"42,22000";"10,78686";"0,25345"
"42,23000";"10,77186";"0,26098"
"42,24000";"10,75699";"0,26972"
"42,25000";"10,74199";"0,27078"
"42,26000";"10,72712";"0,26441"
"42,27000";"10,71224";"0,25736"
"42,28000";"10,69725";"0,25491"
"42,29000";"10,68214";"0,25761"
"42,30000";"10,66715";"0,26183"
"42,31000";"10,65215";"0,26431"
"42,32000";"10,63716";"0,26681"
"42,33000";"10,62217";"0,25492"
"42,34000";"10,60717";"0,24504"
"42,35000";"10,59230";"0,24096"
"42,36000";"10,57731";"0,24500"
"42,37000";"10,56231";"0,24947"
"42,38000";"10,54720";"0,25249"
"42,39000";"10,53221";"0,25526"
"42,40000";"10,51733";"0,26229"
"42,41000";"10,50234";"0,26918"
"42,42000";"10,48735";"0,26221"
"42,43000";"10,47247";"0,25358"
"42,44000";"10,45736";"0,25025"
"42,45000";"10,44237";"0,25113"
"42,46000";"10,42726";"0,25400"
"42,47000";"10,41215";"0,26087"
"42,48000";"10,39715";"0,26579"
"42,49000";"10,38216";"0,26906"
"42,50000";"10,36705";"0,25852"
"42,51000";"10,35206";"0,24309"
"42,52000";"10,33706";"0,23529"
"42,53000";"10,32207";"0,23780"
"42,54000";"10,30696";"0,24253"
"42,55000";"10,29185";"0,24633"
"42,56000";"10,27697";"0,25337"
"42,57000";"10,26210";"0,25812"
"42,58000";"10,24699";"0,25491"
"42,59000";"10,23199";"0,25282"
"42,60000";"10,21712";"0,24484"
"42,61000";"10,20236";"0,24381"
"42,62000";"10,18725";"0,24154"
"42,63000";"10,17202";"0,23725"
"42,64000";"10,15703";"0,22996"
"42,65000";"10,14204";"0,22866"
"42,66000";"10,12692";"0,23382"
"42,67000";"10,11181";"0,24799"
"42,68000";"10,09670";"0,25913"
"42,69000";"10,08171";"0,26793"
"42,70000";"10,06660";"0,26943"
"42,71000";"10,05160";"0,26740"
"42,72000";"10,03673";"0,26094"
"42,73000";"10,02197";"0,25364"
"42,74000";"10,00698";"0,25155"
"42,75000";"9,99187";"0,25013"
"42,76000";"9,97688";"0,24704"
"42,77000";"9,96200";"0,25646"
"42,78000";"9,94689";"0,26199"
"42,79000";"9,93178";"0,26217"
"42,80000";"9,91690";"0,25879"
"42,81000";"9,90203";"0,25529"
"42,82000";"9,88715";"0,25584"
"42,83000";"9,87192";"0,25854"
"42,84000";"9,85693";"0,25492"
"42,85000";"9,84194";"0,24459"
"42,86000";"9,82695";"0,23648"
"42,87000";"9,81183";"0,23890"
"42,88000";"9,79684";"0,23933"
"42,89000";"9,78197";"0,24133"
"42,90000";"9,76709";"0,25035"
"42,91000";"9,75198";"0,25619"
"42,92000";"9,73699";"0,26274"
"42,93000";"9,72211";"0,25995"
"42,94000";"9,70724";"0,25615"
"42,95000";"9,69213";"0,25677"
"42,96000";"9,67701";"0,25130"
"42,97000";"9,66214";"0,25616"
"42,98000";"9,64726";"0,25958"
"42,99000";"9,63215";"0,25853"
"43,00000";"9,61704";"0,26364"
"43,01000";"9,60205";"0,26061"
"43,02000";"9,58717";"0,25647"
"43,03000";"9,57218";"0,25681"
"43,04000";"9,55707";"0,26394"
"43,05000";"9,54220";"0,26652"
"43,06000";"9,52732";"0,26628"
"43,07000";"9,51221";"0,27428"
"43,08000";"9,49698";"0,27670"
"43,09000";"9,48187";"0,26439"
"43,10000";"9,46699";"0,24534"
"43,11000";"9,45200";"0,23851"
"43,12000";"9,43701";"0,24566"
"43,13000";"9,42201";"0,25305"
"43,14000";"9,40714";"0,26045"
"43,15000";"9,39215";"0,26327"
"43,16000";"9,37692";"0,26747"
"43,17000";"9,36180";"0,26768"
"43,18000";"9,34693";"0,26977"
"43,19000";"9,33206";"0,27488"
"43,20000";"9,31694";"0,28107"
"43,21000";"9,30195";"0,27572"
"43,22000";"9,28708";"0,26831"
"43,23000";"9,27220";"0,26609"
"43,24000";"9,25721";"0,26881"
"43,25000";"9,24198";"0,26774"
"43,26000";"9,22699";"0,27501"
"43,27000";"9,21211";"0,27938"
"43,28000";"9,19712";"0,27734"
"43,29000";"9,18201";"0,27266"
"43,30000";"9,16701";"0,26463"
"43,31000";"9,15202";"0,26669"
"43,32000";"9,13703";"0,26926"
"43,33000";"9,12180";"0,27344"
"43,34000";"9,10692";"0,27661"
"43,35000";"9,09205";"0,27612"
"43,36000";"9,07717";"0,26806"
"43,37000";"9,06206";"0,26149"
"43,38000";"9,04695";"0,25643"
"43,39000";"9,03196";"0,25926"
"43,40000";"9,01696";"0,26361"
"43,41000";"9,00185";"0,26038"
"43,42000";"8,98662";"0,25768"
"43,43000";"8,97187";"0,26193"
"43,44000";"8,95699";"0,26756"
"43,45000";"8,94200";"0,26987"
"43,46000";"8,92689";"0,26228"
"43,47000";"8,91178";"0,25554"
"43,48000";"8,89690";"0,25966"
"43,49000";"8,88179";"0,26394"
"43,50000";"8,86668";"0,26018"
"43,51000";"8,85192";"0,25402"
"43,52000";"8,83717";"0,25345"
"43,53000";"8,82217";"0,26005"
"43,54000";"8,80706";"0,26527"
"43,55000";"8,79207";"0,26724"
"43,56000";"8,77708";"0,26733"
"43,57000";"8,76208";"0,26549"
"43,58000";"8,74697";"0,26181"
"43,59000";"8,73210";"0,26153"
"43,60000";"8,71734";"0,26310"
"43,61000";"8,70235";"0,27040"
"43,62000";"8,68724";"0,27300"
"43,63000";"8,67213";"0,26507"
"43,64000";"8,65713";"0,25997"
"43,65000";"8,64214";"0,25598"
"43,66000";"8,62703";"0,26372"
"43,67000";"8,61203";"0,27411"
"43,68000";"8,59716";"0,27712"
"43,69000";"8,58228";"0,27571"
"43,70000";"8,56717";"0,27195"
"43,71000";"8,55194";"0,26009"
"43,72000";"8,53695";"0,25919"
"43,73000";"8,52196";"0,26418"
"43,74000";"8,50685";"0,26841"
"43,75000";"8,49185";"0,26345"
"43,76000";"8,47698";"0,25169"
"43,77000";"8,46199";"0,24616"
"43,78000";"8,44687";"0,25048"
"43,79000";"8,43176";"0,25354"
"43,80000";"8,41665";"0,25838"
"43,81000";"8,40178";"0,26030"
"43,82000";"8,38679";"0,26325"
"43,83000";"8,37179";"0,26216"
"43,84000";"8,35692";"0,26089"
"43,85000";"8,34204";"0,26293"
"43,86000";"8,32693";"0,26644"
"43,87000";"8,31194";"0,26864"
"43,88000";"8,29683";"0,26929"
"43,89000";"8,28183";"0,27098"
"43,90000";"8,26684";"0,27446"
"43,91000";"8,25185";"0,27966"
"43,92000";"8,23685";"0,27141"
"43,93000";"8,22198";"0,26399"
"43,94000";"8,20687";"0,26450"
"43,95000";"8,19188";"0,26593"
"43,96000";"8,17676";"0,26694"
"43,97000";"8,16177";"0,26519"
"43,98000";"8,14701";"0,26314"
"43,99000";"8,13202";"0,26253"
"44,00000";"8,11703";"0,26122"
"44,01000";"8,10192";"0,26390"
"44,02000";"8,08704";"0,26364"
"44,03000";"8,07193";"0,25981"
"44,04000";"8,05682";"0,25318"
"44,05000";"8,04183";"0,25575"
"44,06000";"8,02695";"0,26151"
"44,07000";"8,01208";"0,25945"
"44,08000";"7,99708";"0,25435"
"44,09000";"7,98197";"0,25419"
"44,10000";"7,96698";"0,25649"
"44,11000";"7,95199";"0,25883"
"44,12000";"7,93688";"0,25885"
"44,13000";"7,92188";"0,25684"
"44,14000";"7,90701";"0,25988"
"44,15000";"7,89213";"0,26865"
"44,16000";"7,87714";"0,27616"
"44,17000";"7,86203";"0,27497"
"44,18000";"7,84704";"0,26939"
"44,19000";"7,83204";"0,27101"
"44,20000";"7,81693";"0,26998"
"44,21000";"7,80194";"0,26727"
"44,22000";"7,78694";"0,26991"
"44,23000";"7,77219";"0,27168"
"44,24000";"7,75719";"0,26700"
"44,25000";"7,74208";"0,26846"
"44,26000";"7,72709";"0,26948"
"44,27000";"7,71210";"0,27360"
"44,28000";"7,69710";"0,27995"
"44,29000";"7,68199";"0,28552"
"44,30000";"7,66712";"0,27851"
"44,31000";"7,65224";"0,27364"
"44,32000";"7,63713";"0,26539"
"44,33000";"7,62202";"0,25579"
"44,34000";"7,60703";"0,25171"
"44,35000";"7,59192";"0,24777"
"44,36000";"7,57692";"0,25047"
"44,37000";"7,56181";"0,25421"
"44,38000";"7,54682";"0,25465"
"44,39000";"7,53194";"0,25074"
"44,40000";"7,51707";"0,25233"
"44,41000";"7,50196";"0,25275"
"44,42000";"7,48685";"0,25280"
"44,43000";"7,47185";"0,25712"
"44,44000";"7,45686";"0,25404"
"44,45000";"7,44187";"0,25399"
"44,46000";"7,42687";"0,25585"
"44,47000";"7,41188";"0,25706"
"44,48000";"7,39701";"0,26048"
"44,49000";"7,38190";"0,26292"
"44,50000";"7,36679";"0,26155"
"44,51000";"7,35179";"0,25502"
"44,52000";"7,33680";"0,25129"
"44,53000";"7,32181";"0,25704"
"44,54000";"7,30693";"0,26193"
"44,55000";"7,29194";"0,26009"
"44,56000";"7,27706";"0,26239"
"44,57000";"7,26207";"0,26554"
"44,58000";"7,24696";"0,26044"
"44,59000";"7,23185";"0,24870"
"44,60000";"7,21685";"0,24280"
"44,61000";"7,20198";"0,24740"
"44,62000";"7,18699";"0,25016"
"44,63000";"7,17199";"0,25213"
"44,64000";"7,15700";"0,25281"
"44,65000";"7,14201";"0,26056"
"44,66000";"7,12690";"0,26684"
"44,67000";"7,11178";"0,26239"
"44,68000";"7,09679";"0,25660"
"44,69000";"7,08192";"0,25717"
"44,70000";"7,06692";"0,25793"
"44,71000";"7,05193";"0,25130"
"44,72000";"7,03694";"0,25122"
"44,73000";"7,02183";"0,25222"
"44,74000";"7,00683";"0,25959"
"44,75000";"6,99172";"0,26118"
"44,76000";"6,97685";"0,26051"
"44,77000";"6,96209";"0,26217"
"44,78000";"6,94722";"0,26011"
"44,79000";"6,93234";"0,25867"
"44,80000";"6,91723";"0,25423"
"44,81000";"6,90235";"0,25605"
"44,82000";"6,88724";"0,25315"
"44,83000";"6,87213";"0,24782"
"44,84000";"6,85714";"0,24128"
"44,85000";"6,84226";"0,23963"
"44,86000";"6,82739";"0,24566"
"44,87000";"6,81216";"0,25197"
"44,88000";"6,79693";"0,25737"
"44,89000";"6,78182";"0,25337"
"44,90000";"6,76683";"0,24170"
"44,91000";"6,75172";"0,23708"
"44,92000";"6,73672";"0,23582"
"44,93000";"6,72185";"0,23740"
"44,94000";"6,70709";"0,24382"
"44,95000";"6,69210";"0,25072"
"44,96000";"6,67699";"0,25136"
"44,97000";"6,66188";"0,25189"
"44,98000";"6,64700";"0,24570"
"44,99000";"6,63189";"0,24607"
"45,00000";"6,61678";"0,24800"
"45,01000";"6,60190";"0,24479"
"45,02000";"6,58703";"0,24851"
"45,03000";"6,57215";"0,25337"
"45,04000";"6,55692";"0,25915"
"45,05000";"6,54193";"0,26318"
"45,06000";"6,52694";"0,26348"
"45,07000";"6,51183";"0,26733"
"45,08000";"6,49683";"0,26669"
"45,09000";"6,48184";"0,27172"
"45,10000";"6,46696";"0,26460"
"45,11000";"6,45221";"0,25354"
"45,12000";"6,43745";"0,25475"
"45,13000";"6,42246";"0,25110"
"45,14000";"6,40746";"0,25000"
"45,15000";"6,39224";"0,25540"
"45,16000";"6,37712";"0,25254"
"45,17000";"6,36201";"0,24790"
"45,18000";"6,34690";"0,24433"
"45,19000";"6,33191";"0,23967"
"45,20000";"6,31692";"0,23353"
"45,21000";"6,30181";"0,23527"
"45,22000";"6,28681";"0,23347"
"45,23000";"6,27194";"0,23197"
"45,24000";"6,25694";"0,23171"
"45,25000";"6,24183";"0,24054"
"45,26000";"6,22696";"0,24166"
"45,27000";"6,21197";"0,24435"
"45,28000";"6,19685";"0,25104"
"45,29000";"6,18174";"0,25422"
"45,30000";"6,16675";"0,25199"
"45,31000";"6,15176";"0,24678"
"45,32000";"6,13676";"0,24915"
"45,33000";"6,12177";"0,25881"
"45,34000";"6,10690";"0,25903"
"45,35000";"6,09202";"0,25952"
"45,36000";"6,07703";"0,25985"
"45,37000";"6,06192";"0,26127"
"45,38000";"6,04681";"0,26376"
"45,39000";"6,03193";"0,25824"
"45,40000";"6,01717";"0,24851"
"45,41000";"6,00230";"0,24589"
"45,42000";"5,98719";"0,23709"
"45,43000";"5,97208";"0,23339"
"45,44000";"5,95708";"0,24225"
"45,45000";"5,94185";"0,25019"
"45,46000";"5,92674";"0,24831"
"45,47000";"5,91175";"0,24219"
"45,48000";"5,89699";"0,23814"
"45,49000";"5,88200";"0,23697"
"45,50000";"5,86701";"0,23843"
"45,51000";"5,85201";"0,23419"
"45,52000";"5,83714";"0,23337"
"45,53000";"5,82215";"0,23752"
"45,54000";"5,80692";"0,24426"
"45,55000";"5,79204";"0,24816"
"45,56000";"5,77717";"0,25420"
"45,57000";"5,76229";"0,25375"
"45,58000";"5,74718";"0,25579"
"45,59000";"5,73219";"0,25391"
"45,60000";"5,71719";"0,25033"
"45,61000";"5,70220";"0,24806"
"45,62000";"5,68709";"0,25045"
"45,63000";"5,67186";"0,24827"
"45,64000";"5,65699";"0,24420"
"45,65000";"5,64211";"0,23758"
"45,66000";"5,62700";"0,23871"
"45,67000";"5,61177";"0,23900"
"45,68000";"5,59678";"0,24329"
"45,69000";"5,58179";"0,24942"
"45,70000";"5,56679";"0,24614"
"45,71000";"5,55180";"0,23991"
"45,72000";"5,53692";"0,23715"
"45,73000";"5,52217";"0,23405"
"45,74000";"5,50717";"0,22075"
"45,75000";"5,49206";"0,22190"
"45,76000";"5,47695";"0,22768"
"45,77000";"5,46196";"0,23486"
"45,78000";"5,44697";"0,24676"
"45,79000";"5,43185";"0,25514"
"45,80000";"5,41698";"0,25459"
"45,81000";"5,40210";"0,25434"
"45,82000";"5,38723";"0,25611"
"45,83000";"5,37212";"0,25949"
"45,84000";"5,35701";"0,24954"
"45,85000";"5,34201";"0,23978"
"45,86000";"5,32714";"0,23106"
"45,87000";"5,31203";"0,23846"
"45,88000";"5,29715";"0,24004"
"45,89000";"5,28216";"0,23029"
"45,90000";"5,26728";"0,22405"
"45,91000";"5,25217";"0,21777"
"45,92000";"5,23706";"0,22838"
"45,93000";"5,22207";"0,24110"
"45,94000";"5,20708";"0,25182"
"45,95000";"5,19208";"0,25634"
"45,96000";"5,17709";"0,25469"
"45,97000";"5,16221";"0,25103"
"45,98000";"5,14734";"0,25286"
"45,99000";"5,13223";"0,25292"
"46,00000";"5,11700";"0,25339"
"46,01000";"5,10189";"0,24621"
"46,02000";"5,08701";"0,24498"
"46,03000";"5,07202";"0,24360"
"46,04000";"5,05703";"0,24771"
"46,05000";"5,04204";"0,24981"
"46,06000";"5,02716";"0,24802"
"46,07000";"5,01217";"0,24671"
"46,08000";"4,99694";"0,24150"
"46,09000";"4,98183";"0,23680"
"46,10000";"4,96683";"0,23711"
"46,11000";"4,95184";"0,24004"
"46,12000";"4,93685";"0,24021"
"46,13000";"4,92185";"0,24235"
"46,14000";"4,90686";"0,24676"
"46,15000";"4,89199";"0,24826"
"46,16000";"4,87688";"0,24851"
"46,17000";"4,86176";"0,24409"
"46,18000";"4,84677";"0,24355"
"46,19000";"4,83201";"0,24873"
"46,20000";"4,81714";"0,25222"
"46,21000";"4,80203";"0,25466"
"46,22000";"4,78703";"0,25346"
"46,23000";"4,77216";"0,25064"
"46,24000";"4,75705";"0,24290"
"46,25000";"4,74194";"0,23801"
"46,26000";"4,72694";"0,24403"
"46,27000";"4,71207";"0,24555"
"46,28000";"4,69731";"0,24459"
"46,29000";"4,68220";"0,24404"
"46,30000";"4,66709";"0,24104"
"46,31000";"4,65222";"0,23910"
"46,32000";"4,63722";"0,23625"
"46,33000";"4,62199";"0,23278"
"46,34000";"4,60676";"0,22384"
"46,35000";"4,59189";"0,21970"
"46,36000";"4,57701";"0,22191"
"46,37000";"4,56202";"0,23157"
"46,38000";"4,54703";"0,23935"
"46,39000";"4,53215";"0,23165"
"46,40000";"4,51728";"0,23152"
"46,41000";"4,50217";"0,23615"
"46,42000";"4,48717";"0,24151"
"46,43000";"4,47230";"0,24250"
"46,44000";"4,45754";"0,24012"
"46,45000";"4,44243";"0,24244"
"46,46000";"4,42732";"0,23472"
"46,47000";"4,41221";"0,22699"
"46,48000";"4,39710";"0,22367"
"46,49000";"4,38210";"0,21909"
"46,50000";"4,36699";"0,21939"
"46,51000";"4,35200";"0,23033"
"46,52000";"4,33712";"0,23887"
"46,53000";"4,32213";"0,24706"
"46,54000";"4,30702";"0,24268"
"46,55000";"4,29203";"0,24473"
"46,56000";"4,27715";"0,25495"
"46,57000";"4,26216";"0,25848"
"46,58000";"4,24705";"0,25726"
"46,59000";"4,23217";"0,25326"
"46,60000";"4,21742";"0,24515"
"46,61000";"4,20242";"0,24589"
"46,62000";"4,18731";"0,25314"
"46,63000";"4,17197";"0,25264"
"46,64000";"4,15709";"0,23964"
"46,65000";"4,14210";"0,24065"
"46,66000";"4,12710";"0,24745"
"46,67000";"4,11188";"0,24521"
"46,68000";"4,09700";"0,23722"
"46,69000";"4,08213";"0,23757"
"46,70000";"4,06701";"0,23917"
"46,71000";"4,05190";"0,23271"
"46,72000";"4,03691";"0,23352"
"46,73000";"4,02203";"0,23814"
"46,74000";"4,00704";"0,24073"
"46,75000";"3,99193";"0,24690"
"46,76000";"3,97694";"0,25423"
"46,77000";"3,96194";"0,25429"
"46,78000";"3,94695";"0,25183"
"46,79000";"3,93172";"0,24697"
"46,80000";"3,91673";"0,24043"
"46,81000";"3,90185";"0,24095"
"46,82000";"3,88710";"0,24252"
"46,83000";"3,87187";"0,24295"
"46,84000";"3,85676";"0,23626"
"46,85000";"3,84176";"0,23710"
"46,86000";"3,82665";"0,24092"
"46,87000";"3,81154";"0,24729"
"46,88000";"3,79655";"0,24558"
"46,89000";"3,78167";"0,24941"
"46,90000";"3,76692";"0,25258"
"46,91000";"3,75192";"0,24995"
"46,92000";"3,73681";"0,24650"
"46,93000";"3,72182";"0,23813"
"46,94000";"3,70683";"0,23368"
"46,95000";"3,69172";"0,24180"
"46,96000";"3,67649";"0,24991"
"46,97000";"3,66161";"0,25144"
"46,98000";"3,64685";"0,24635"
"46,99000";"3,63198";"0,24863"
"47,00000";"3,61687";"0,24699"
"47,01000";"3,60199";"0,24657"
"47,02000";"3,58700";"0,24516"
"47,03000";"3,57201";"0,24414"
"47,04000";"3,55678";"0,24468"
"47,05000";"3,54190";"0,24795"
"47,06000";"3,52715";"0,25260"
"47,07000";"3,51227";"0,25664"
"47,08000";"3,49716";"0,25140"
"47,09000";"3,48205";"0,23899"
"47,10000";"3,46717";"0,23765"
"47,11000";"3,45206";"0,23981"
"47,12000";"3,43707";"0,23956"
"47,13000";"3,42219";"0,23488"
"47,14000";"3,40732";"0,23208"
"47,15000";"3,39244";"0,23206"
"47,16000";"3,37722";"0,23728"
"47,17000";"3,36199";"0,23435"
"47,18000";"3,34711";"0,23397"
"47,19000";"3,33200";"0,23191"
"47,20000";"3,31689";"0,22957"
"47,21000";"3,30190";"0,23223"
"47,22000";"3,28702";"0,23685"
"47,23000";"3,27215";"0,23930"
"47,24000";"3,25703";"0,24728"
"47,25000";"3,24192";"0,25328"
"47,26000";"3,22681";"0,24888"
"47,27000";"3,21194";"0,24720"
"47,28000";"3,19694";"0,24618"
"47,29000";"3,18195";"0,23487"
"47,30000";"3,16696";"0,23022"
"47,31000";"3,15197";"0,22878"
"47,32000";"3,13685";"0,23123"
"47,33000";"3,12186";"0,23464"
"47,34000";"3,10687";"0,24291"
"47,35000";"3,09187";"0,24204"
"47,36000";"3,07700";"0,24014"
"47,37000";"3,06201";"0,23793"
"47,38000";"3,04701";"0,23525"
"47,39000";"3,03214";"0,23054"
"47,40000";"3,01715";"0,23040"
"47,41000";"3,00192";"0,23679"
"47,42000";"2,98681";"0,23539"
"47,43000";"2,97193";"0,23199"
"47,44000";"2,95706";"0,24071"
"47,45000";"2,94206";"0,24770"
"47,46000";"2,92707";"0,24317"
"47,47000";"2,91208";"0,23628"
"47,48000";"2,89708";"0,23351"
"47,49000";"2,88197";"0,23818"
"47,50000";"2,86686";"0,23652"
"47,51000";"2,85187";"0,23046"
"47,52000";"2,83699";"0,22903"
"47,53000";"2,82200";"0,23355"
"47,54000";"2,80701";"0,23646"
"47,55000";"2,79213";"0,24153"
"47,56000";"2,77702";"0,24807"
"47,57000";"2,76191";"0,24752"
"47,58000";"2,74680";"0,24828"
"47,59000";"2,73169";"0,24514"
"47,60000";"2,71693";"0,23780"
"47,61000";"2,70194";"0,23694"
"47,62000";"2,68694";"0,24313"
"47,63000";"2,67195";"0,24007"
"47,64000";"2,65696";"0,23293"
"47,65000";"2,64197";"0,23289"
"47,66000";"2,62674";"0,22836"
"47,67000";"2,61174";"0,22516"
"47,68000";"2,59687";"0,23161"
"47,69000";"2,58211";"0,23810"
"47,70000";"2,56700";"0,23868"
"47,71000";"2,55201";"0,23233"
"47,72000";"2,53701";"0,23242"
"47,73000";"2,52202";"0,23729"
"47,74000";"2,50691";"0,23890"
"47,75000";"2,49192";"0,23244"
"47,76000";"2,47704";"0,23140"
"47,77000";"2,46217";"0,23252"
"47,78000";"2,44717";"0,24376"
"47,79000";"2,43194";"0,24762"
"47,80000";"2,41695";"0,25046"
"47,81000";"2,40184";"0,25854"
"47,82000";"2,38673";"0,26072"
"47,83000";"2,37162";"0,25438"
"47,84000";"2,35674";"0,25316"
"47,85000";"2,34199";"0,25048"
"47,86000";"2,32711";"0,25140"
"47,87000";"2,31200";"0,24956"
"47,88000";"2,29701";"0,24574"
"47,89000";"2,28201";"0,24764"
"47,90000";"2,26714";"0,25115"
"47,91000";"2,25203";"0,25169"
"47,92000";"2,23703";"0,25113"
"47,93000";"2,22216";"0,25345"
"47,94000";"2,20717";"0,25044"
"47,95000";"2,19206";"0,24398"
"47,96000";"2,17694";"0,23866"
"47,97000";"2,16195";"0,23427"
"47,98000";"2,14696";"0,24148"
"47,99000";"2,13197";"0,24373"
"48,00000";"2,11697";"0,24437"
"48,01000";"2,10198";"0,23887"
"48,02000";"2,08710";"0,23452"
"48,03000";"2,07188";"0,24217"
"48,04000";"2,05688";"0,24463"
"48,05000";"2,04189";"0,24017"
"48,06000";"2,02678";"0,23300"
"48,07000";"2,01190";"0,23176"
"48,08000";"1,99691";"0,24093"
"48,09000";"1,98203";"0,24272"
"48,10000";"1,96704";"0,24713"
"48,11000";"1,95205";"0,24871"
"48,12000";"1,93694";"0,24149"
"48,13000";"1,92194";"0,24252"
"48,14000";"1,90695";"0,24648"
"48,15000";"1,89196";"0,24307"
"48,16000";"1,87697";"0,23796"
"48,17000";"1,86209";"0,23177"
"48,18000";"1,84710";"0,23379"
"48,19000";"1,83210";"0,22942"
"48,20000";"1,81699";"0,22683"
"48,21000";"1,80188";"0,22950"
"48,22000";"1,78677";"0,23120"
"48,23000";"1,77201";"0,22957"
"48,24000";"1,75702";"0,23606"
"48,25000";"1,74203";"0,23554"
"48,26000";"1,72703";"0,22267"
"48,27000";"1,71204";"0,22552"
"48,28000";"1,69705";"0,23573"
"48,29000";"1,68194";"0,24050"
"48,30000";"1,66694";"0,23814"
"48,31000";"1,65207";"0,23633"
"48,32000";"1,63719";"0,23977"
"48,33000";"1,62208";"0,23430"
"48,34000";"1,60709";"0,22620"
"48,35000";"1,59210";"0,22529"
"48,36000";"1,57710";"0,23063"
"48,37000";"1,56199";"0,23294"
"48,38000";"1,54700";"0,24412"
"48,39000";"1,53201";"0,25351"
"48,40000";"1,51713";"0,26054"
"48,41000";"1,50202";"0,25663"
"48,42000";"1,48691";"0,24424"
"48,43000";"1,47192";"0,23413"
"48,44000";"1,45692";"0,23765"
"48,45000";"1,44181";"0,24463"
"48,46000";"1,42682";"0,25178"
"48,47000";"1,41194";"0,25105"
"48,48000";"1,39707";"0,25344"
"48,49000";"1,38208";"0,26029"
"48,50000";"1,36685";"0,26173"
"48,51000";"1,35185";"0,25356"
"48,52000";"1,33686";"0,24285"
"48,53000";"1,32187";"0,23797"
"48,54000";"1,30676";"0,23110"
"48,55000";"1,29188";"0,23078"
"48,56000";"1,27713";"0,22817"
"48,57000";"1,26213";"0,22545"
"48,58000";"1,24714";"0,22643"
"48,59000";"1,23203";"0,22381"
"48,60000";"1,21715";"0,22378"
"48,61000";"1,20204";"0,22541"
"48,62000";"1,18705";"0,22986"
"48,63000";"1,17206";"0,23051"
"48,64000";"1,15718";"0,23140"
"48,65000";"1,14219";"0,23485"
"48,66000";"1,12708";"0,23690"
"48,67000";"1,11197";"0,23658"
"48,68000";"1,09697";"0,23691"
"48,69000";"1,08198";"0,23438"
"48,70000";"1,06710";"0,23837"
"48,71000";"1,05211";"0,24112"
"48,72000";"1,03712";"0,24686"
"48,73000";"1,02213";"0,24146"
"48,74000";"1,00701";"0,23899"
"48,75000";"0,99190";"0,24102"
"48,76000";"0,97691";"0,23941"
"48,77000";"0,96192";"0,23737"
"48,78000";"0,94692";"0,23903"
"48,79000";"0,93193";"0,24459"
"48,80000";"0,91694";"0,24943"
"48,81000";"0,90206";"0,25036"
"48,82000";"0,88695";"0,25567"
"48,83000";"0,87196";"0,25553"
"48,84000";"0,85685";"0,24864"
"48,85000";"0,84185";"0,24052"
"48,86000";"0,82698";"0,23691"
"48,87000";"0,81199";"0,23584"
"48,88000";"0,79699";"0,23780"
"48,89000";"0,78212";"0,23963"
"48,90000";"0,76724";"0,24138"
"48,91000";"0,75225";"0,24696"
"48,92000";"0,73714";"0,24556"
"48,93000";"0,72215";"0,24197"
"48,94000";"0,70715";"0,23887"
"48,95000";"0,69216";"0,24952"
"48,96000";"0,67705";"0,25499"
"48,97000";"0,66194";"0,25451"
"48,98000";"0,64706";"0,25447"
"48,99000";"0,63207";"0,26180"
"49,00000";"0,61696";"0,26754"
"49,01000";"0,60197";"0,27614"
"49,02000";"0,58709";"0,27342"
"49,03000";"0,57210";"0,27343"
"49,04000";"0,55699";"0,28215"
"49,05000";"0,54188";"0,28314"
"49,06000";"0,52688";"0,28215"
"49,07000";"0,51189";"0,28435"
"49,08000";"0,49678";"0,28428"
"49,09000";"0,48167";"0,28883"
"49,10000";"0,46691";"0,29097"
"49,11000";"0,45203";"0,29105"
"49,12000";"0,43692";"0,27768"
"49,13000";"0,42181";"0,26559"
"49,14000";"0,40694";"0,26114"
"49,15000";"0,39194";"0,26265"
"49,16000";"0,37683";"0,26466"
"49,17000";"0,36184";"0,26752"
"49,18000";"0,34685";"0,26964"
"49,19000";"0,33209";"0,27066"
"49,20000";"0,31710";"0,27675"
"49,21000";"0,30199";"0,27892"
"49,22000";"0,28699";"0,28473"
"49,23000";"0,27212";"0,28747"
"49,24000";"0,25701";"0,28093"
"49,25000";"0,24190";"0,27884"
"49,26000";"0,22690";"0,27744"
"49,27000";"0,21203";"0,26930"
"49,28000";"0,19703";"0,27034"
"49,29000";"0,18192";"0,27472"
"49,30000";"0,16693";"0,27627"
"49,31000";"0,15194";"0,27378"
"49,32000";"0,13706";"0,26913"
"49,33000";"0,12207";"0,26812"
"49,34000";"0,10719";"0,27288"
"49,35000";"0,09232";"0,27439"
"49,36000";"0,07733";"0,27926"
"49,37000";"0,06222";"0,27994"
"49,38000";"0,04710";"0,27263"
"49,39000";"0,03211";"0,26724"
"49,40000";"0,01712";"0,26475"
"49,41000";"0,00213";"0,26759"
"49,41200";"-0,00083";"0,26857"
