Hardness 1 : Kraftbei  Hardness 1;"351,59283";N
A1 : A1;"0,93326";J
A2 : A2;"0,10300";J
Springiness : Springiness;"0,00066";m
Cohesiveness : Cohesiveness;"0,11036";
Chewiness : Chewiness;"0,02544";J

Zeit;Traversenweg;Kraft
(s);(mm);(N)
"0,00000";"0,00000";"0,29329"
"0,01000";"0,00083";"0,29327"
"0,02000";"0,00543";"0,30236"
"0,03000";"0,01582";"0,31699"
"0,04000";"0,03069";"0,33521"
"0,05000";"0,04828";"0,34864"
"0,06000";"0,06717";"0,34776"
"0,07000";"0,08642";"0,33363"
"0,08000";"0,10542";"0,31755"
"0,09000";"0,12396";"0,31104"
"0,10000";"0,14178";"0,30100"
"0,11000";"0,15914";"0,28945"
"0,12000";"0,17602";"0,28526"
"0,13000";"0,19255";"0,29129"
"0,14000";"0,20872";"0,29098"
"0,15000";"0,22466";"0,29078"
"0,16000";"0,24036";"0,28739"
"0,17000";"0,25583";"0,28954"
"0,18000";"0,27129";"0,28828"
"0,19000";"0,28652";"0,28760"
"0,20000";"0,30187";"0,28959"
"0,21000";"0,31722";"0,29469"
"0,22000";"0,33256";"0,29723"
"0,23000";"0,34756";"0,29227"
"0,24000";"0,36267";"0,29299"
"0,25000";"0,37766";"0,29713"
"0,26000";"0,39265";"0,30248"
"0,27000";"0,40776";"0,30021"
"0,28000";"0,42288";"0,29847"
"0,29000";"0,43799";"0,29924"
"0,30000";"0,45310";"0,29967"
"0,31000";"0,46821";"0,30439"
"0,32000";"0,48320";"0,30874"
"0,33000";"0,49808";"0,30762"
"0,34000";"0,51295";"0,30410"
"0,35000";"0,52794";"0,30158"
"0,36000";"0,54294";"0,29773"
"0,37000";"0,55805";"0,29781"
"0,38000";"0,57304";"0,29013"
"0,39000";"0,58815";"0,28993"
"0,40000";"0,60303";"0,28974"
"0,41000";"0,61814";"0,29512"
"0,42000";"0,63313";"0,30354"
"0,43000";"0,64812";"0,31196"
"0,44000";"0,66312";"0,31798"
"0,45000";"0,67823";"0,31225"
"0,46000";"0,69310";"0,30573"
"0,47000";"0,70810";"0,30192"
"0,48000";"0,72297";"0,30098"
"0,49000";"0,73808";"0,29614"
"0,50000";"0,75308";"0,29018"
"0,51000";"0,76807";"0,28626"
"0,52000";"0,78318";"0,28732"
"0,53000";"0,79817";"0,28685"
"0,54000";"0,81328";"0,28929"
"0,55000";"0,82816";"0,29291"
"0,56000";"0,84303";"0,29720"
"0,57000";"0,85803";"0,29317"
"0,58000";"0,87290";"0,29249"
"0,59000";"0,88790";"0,29318"
"0,60000";"0,90289";"0,29475"
"0,61000";"0,91800";"0,29808"
"0,62000";"0,93299";"0,29751"
"0,63000";"0,94799";"0,29407"
"0,64000";"0,96298";"0,29972"
"0,65000";"0,97797";"0,29804"
"0,66000";"0,99297";"0,29688"
"0,67000";"1,00796";"0,30296"
"0,68000";"1,02307";"0,31278"
"0,69000";"1,03818";"0,31108"
"0,70000";"1,05317";"0,30719"
"0,71000";"1,06817";"0,30370"
"0,72000";"1,08316";"0,30015"
"0,73000";"1,09815";"0,29754"
"0,74000";"1,11303";"0,29074"
"0,75000";"1,12802";"0,29097"
"0,76000";"1,14301";"0,29381"
"0,77000";"1,15801";"0,29439"
"0,78000";"1,17300";"0,29537"
"0,79000";"1,18788";"0,29359"
"0,80000";"1,20287";"0,30021"
"0,81000";"1,21786";"0,30002"
"0,82000";"1,23285";"0,30025"
"0,83000";"1,24797";"0,29914"
"0,84000";"1,26308";"0,30389"
"0,85000";"1,27807";"0,30596"
"0,86000";"1,29306";"0,29879"
"0,87000";"1,30806";"0,28573"
"0,88000";"1,32305";"0,27552"
"0,89000";"1,33804";"0,28193"
"0,90000";"1,35292";"0,29309"
"0,91000";"1,36803";"0,30112"
"0,92000";"1,38314";"0,30745"
"0,93000";"1,39825";"0,30975"
"0,94000";"1,41313";"0,30645"
"0,95000";"1,42812";"0,30990"
"0,96000";"1,44311";"0,31037"
"0,97000";"1,45810";"0,31331"
"0,98000";"1,47298";"0,31284"
"0,99000";"1,48797";"0,30655"
"1,00000";"1,50308";"0,29985"
"1,01000";"1,51808";"0,29466"
"1,02000";"1,53307";"0,29737"
"1,03000";"1,54806";"0,29924"
"1,04000";"1,56306";"0,30206"
"1,05000";"1,57793";"0,30523"
"1,06000";"1,59292";"0,31188"
"1,07000";"1,60803";"0,31165"
"1,08000";"1,62303";"0,30152"
"1,09000";"1,63802";"0,30058"
"1,10000";"1,65301";"0,29833"
"1,11000";"1,66801";"0,29327"
"1,12000";"1,68300";"0,28998"
"1,13000";"1,69788";"0,28836"
"1,14000";"1,71299";"0,28864"
"1,15000";"1,72798";"0,28293"
"1,16000";"1,74297";"0,27482"
"1,17000";"1,75808";"0,27914"
"1,18000";"1,77296";"0,28846"
"1,19000";"1,78795";"0,29318"
"1,20000";"1,80294";"0,29691"
"1,21000";"1,81794";"0,29636"
"1,22000";"1,83281";"0,29928"
"1,23000";"1,84792";"0,30200"
"1,24000";"1,86303";"0,29712"
"1,25000";"1,87803";"0,28796"
"1,26000";"1,89302";"0,28806"
"1,27000";"1,90813";"0,28997"
"1,28000";"1,92301";"0,28854"
"1,29000";"1,93788";"0,28857"
"1,30000";"1,95288";"0,28998"
"1,31000";"1,96799";"0,28402"
"1,32000";"1,98310";"0,28228"
"1,33000";"1,99809";"0,28612"
"1,34000";"2,01297";"0,29121"
"1,35000";"2,02796";"0,28815"
"1,36000";"2,04295";"0,28616"
"1,37000";"2,05794";"0,28642"
"1,38000";"2,07294";"0,28460"
"1,39000";"2,08793";"0,28319"
"1,40000";"2,10292";"0,28376"
"1,41000";"2,11792";"0,28836"
"1,42000";"2,13291";"0,29877"
"1,43000";"2,14790";"0,30286"
"1,44000";"2,16290";"0,30848"
"1,45000";"2,17801";"0,30680"
"1,46000";"2,19300";"0,30191"
"1,47000";"2,20811";"0,29962"
"1,48000";"2,22310";"0,29787"
"1,49000";"2,23810";"0,29517"
"1,50000";"2,25297";"0,29616"
"1,51000";"2,26797";"0,30527"
"1,52000";"2,28272";"0,31269"
"1,53000";"2,29760";"0,31696"
"1,54000";"2,31259";"0,31572"
"1,55000";"2,32770";"0,31231"
"1,56000";"2,34269";"0,31128"
"1,57000";"2,35781";"0,30689"
"1,58000";"2,37280";"0,30460"
"1,59000";"2,38791";"0,30158"
"1,60000";"2,40290";"0,30156"
"1,61000";"2,41790";"0,30723"
"1,62000";"2,43301";"0,31207"
"1,63000";"2,44812";"0,31852"
"1,64000";"2,46335";"0,31385"
"1,65000";"2,47834";"0,30774"
"1,66000";"2,49345";"0,30551"
"1,67000";"2,50844";"0,30955"
"1,68000";"2,52332";"0,31036"
"1,69000";"2,53819";"0,30788"
"1,70000";"2,55307";"0,30767"
"1,71000";"2,56806";"0,30699"
"1,72000";"2,58294";"0,31013"
"1,73000";"2,59781";"0,30930"
"1,74000";"2,61269";"0,30929"
"1,75000";"2,62768";"0,29987"
"1,76000";"2,64244";"0,29219"
"1,77000";"2,65755";"0,29143"
"1,78000";"2,67254";"0,29135"
"1,79000";"2,68753";"0,29496"
"1,80000";"2,70241";"0,29158"
"1,81000";"2,71740";"0,28538"
"1,82000";"2,73240";"0,28250"
"1,83000";"2,74751";"0,28374"
"1,84000";"2,76238";"0,28998"
"1,85000";"2,77749";"0,29739"
"1,86000";"2,79260";"0,30176"
"1,87000";"2,80783";"0,30464"
"1,88000";"2,82306";"0,30284"
"1,89000";"2,83817";"0,30287"
"1,90000";"2,85328";"0,30486"
"1,91000";"2,86816";"0,30230"
"1,92000";"2,88315";"0,30266"
"1,93000";"2,89815";"0,30183"
"1,94000";"2,91326";"0,30488"
"1,95000";"2,92837";"0,29960"
"1,96000";"2,94348";"0,30102"
"1,97000";"2,95847";"0,30124"
"1,98000";"2,97347";"0,29446"
"1,99000";"2,98834";"0,29560"
"2,00000";"3,00322";"0,30033"
"2,01000";"3,01821";"0,30249"
"2,02000";"3,03308";"0,30385"
"2,03000";"3,04808";"0,30743"
"2,04000";"3,06307";"0,30970"
"2,05000";"3,07794";"0,30642"
"2,06000";"3,09306";"0,30202"
"2,07000";"3,10793";"0,29856"
"2,08000";"3,12281";"0,30494"
"2,09000";"3,13768";"0,30480"
"2,10000";"3,15256";"0,29887"
"2,11000";"3,16731";"0,29780"
"2,12000";"3,18231";"0,30304"
"2,13000";"3,19742";"0,30606"
"2,14000";"3,21253";"0,30130"
"2,15000";"3,22764";"0,29832"
"2,16000";"3,24287";"0,30347"
"2,17000";"3,25810";"0,30689"
"2,18000";"3,27333";"0,31247"
"2,19000";"3,28844";"0,31078"
"2,20000";"3,30343";"0,30800"
"2,21000";"3,31854";"0,30730"
"2,22000";"3,33353";"0,31136"
"2,23000";"3,34841";"0,30898"
"2,24000";"3,36340";"0,30474"
"2,25000";"3,37851";"0,29948"
"2,26000";"3,39351";"0,30007"
"2,27000";"3,40850";"0,29740"
"2,28000";"3,42338";"0,29556"
"2,29000";"3,43837";"0,29323"
"2,30000";"3,45336";"0,29595"
"2,31000";"3,46812";"0,30205"
"2,32000";"3,48299";"0,29640"
"2,33000";"3,49799";"0,29868"
"2,34000";"3,51286";"0,29817"
"2,35000";"3,52785";"0,29812"
"2,36000";"3,54285";"0,30020"
"2,37000";"3,55772";"0,30387"
"2,38000";"3,57272";"0,31110"
"2,39000";"3,58747";"0,31362"
"2,40000";"3,60235";"0,31963"
"2,41000";"3,61734";"0,31382"
"2,42000";"3,63233";"0,30527"
"2,43000";"3,64744";"0,29854"
"2,44000";"3,66244";"0,29706"
"2,45000";"3,67755";"0,29376"
"2,46000";"3,69266";"0,29586"
"2,47000";"3,70753";"0,30224"
"2,48000";"3,72265";"0,29535"
"2,49000";"3,73787";"0,28448"
"2,50000";"3,75310";"0,27753"
"2,51000";"3,76833";"0,27598"
"2,52000";"3,78356";"0,27814"
"2,53000";"3,79867";"0,28118"
"2,54000";"3,81367";"0,28647"
"2,55000";"3,82854";"0,28678"
"2,56000";"3,84342";"0,29435"
"2,57000";"3,85841";"0,30198"
"2,58000";"3,87340";"0,30426"
"2,59000";"3,88840";"0,30599"
"2,60000";"3,90339";"0,30434"
"2,61000";"3,91838";"0,29657"
"2,62000";"3,93338";"0,29243"
"2,63000";"3,94825";"0,28863"
"2,64000";"3,96312";"0,28888"
"2,65000";"3,97812";"0,29534"
"2,66000";"3,99311";"0,29837"
"2,67000";"4,00799";"0,29601"
"2,68000";"4,02286";"0,30044"
"2,69000";"4,03774";"0,30310"
"2,70000";"4,05249";"0,30983"
"2,71000";"4,06737";"0,31475"
"2,72000";"4,08224";"0,30839"
"2,73000";"4,09747";"0,30425"
"2,74000";"4,11270";"0,30895"
"2,75000";"4,12793";"0,31944"
"2,76000";"4,14292";"0,32246"
"2,77000";"4,15803";"0,31764"
"2,78000";"4,17315";"0,30894"
"2,79000";"4,18826";"0,30359"
"2,80000";"4,20349";"0,30388"
"2,81000";"4,21860";"0,30032"
"2,82000";"4,23371";"0,30787"
"2,83000";"4,24870";"0,31886"
"2,84000";"4,26346";"0,31868"
"2,85000";"4,27833";"0,31859"
"2,86000";"4,29321";"0,31667"
"2,87000";"4,30808";"0,31138"
"2,88000";"4,32308";"0,30783"
"2,89000";"4,33819";"0,30786"
"2,90000";"4,35318";"0,30126"
"2,91000";"4,36829";"0,30171"
"2,92000";"4,38328";"0,30918"
"2,93000";"4,39816";"0,31315"
"2,94000";"4,41303";"0,32112"
"2,95000";"4,42803";"0,33061"
"2,96000";"4,44302";"0,33159"
"2,97000";"4,45801";"0,31558"
"2,98000";"4,47289";"0,30121"
"2,99000";"4,48788";"0,30229"
"3,00000";"4,50276";"0,30973"
"3,01000";"4,51775";"0,30616"
"3,02000";"4,53263";"0,31244"
"3,03000";"4,54762";"0,31437"
"3,04000";"4,56273";"0,31306"
"3,05000";"4,57772";"0,31033"
"3,06000";"4,59283";"0,30747"
"3,07000";"4,60783";"0,31352"
"3,08000";"4,62282";"0,31637"
"3,09000";"4,63793";"0,31739"
"3,10000";"4,65292";"0,31498"
"3,11000";"4,66804";"0,31500"
"3,12000";"4,68315";"0,31937"
"3,13000";"4,69826";"0,32108"
"3,14000";"4,71325";"0,31118"
"3,15000";"4,72824";"0,30353"
"3,16000";"4,74324";"0,30306"
"3,17000";"4,75823";"0,30451"
"3,18000";"4,77310";"0,30902"
"3,19000";"4,78798";"0,30894"
"3,20000";"4,80297";"0,30334"
"3,21000";"4,81820";"0,29492"
"3,22000";"4,83319";"0,30130"
"3,23000";"4,84807";"0,31354"
"3,24000";"4,86306";"0,31242"
"3,25000";"4,87794";"0,31137"
"3,26000";"4,89269";"0,30332"
"3,27000";"4,90769";"0,29727"
"3,28000";"4,92280";"0,30026"
"3,29000";"4,93779";"0,31420"
"3,30000";"4,95278";"0,33034"
"3,31000";"4,96778";"0,34737"
"3,32000";"4,98289";"0,35922"
"3,33000";"4,99788";"0,37116"
"3,34000";"5,01288";"0,38492"
"3,35000";"5,02799";"0,39300"
"3,36000";"5,04298";"0,40822"
"3,37000";"5,05821";"0,42342"
"3,38000";"5,07332";"0,43721"
"3,39000";"5,08831";"0,45837"
"3,40000";"5,10331";"0,48000"
"3,41000";"5,11830";"0,50418"
"3,42000";"5,13329";"0,51923"
"3,43000";"5,14828";"0,52575"
"3,44000";"5,16328";"0,53284"
"3,45000";"5,17827";"0,54442"
"3,46000";"5,19338";"0,55343"
"3,47000";"5,20826";"0,56855"
"3,48000";"5,22325";"0,58425"
"3,49000";"5,23801";"0,60482"
"3,50000";"5,25300";"0,61952"
"3,51000";"5,26788";"0,63920"
"3,52000";"5,28299";"0,66175"
"3,53000";"5,29798";"0,67846"
"3,54000";"5,31297";"0,69612"
"3,55000";"5,32785";"0,72569"
"3,56000";"5,34272";"0,76294"
"3,57000";"5,35772";"0,81504"
"3,58000";"5,37271";"0,86593"
"3,59000";"5,38770";"0,91744"
"3,60000";"5,40281";"0,96722"
"3,61000";"5,41792";"1,02095"
"3,62000";"5,43303";"1,07570"
"3,63000";"5,44803";"1,13266"
"3,64000";"5,46302";"1,20268"
"3,65000";"5,47801";"1,27887"
"3,66000";"5,49301";"1,35736"
"3,67000";"5,50812";"1,43470"
"3,68000";"5,52323";"1,51346"
"3,69000";"5,53822";"1,60371"
"3,70000";"5,55322";"1,69528"
"3,71000";"5,56809";"1,78509"
"3,72000";"5,58297";"1,87980"
"3,73000";"5,59796";"1,97725"
"3,74000";"5,61283";"2,07013"
"3,75000";"5,62794";"2,16815"
"3,76000";"5,64306";"2,25623"
"3,77000";"5,65805";"2,34168"
"3,78000";"5,67304";"2,43178"
"3,79000";"5,68815";"2,52067"
"3,80000";"5,70315";"2,60871"
"3,81000";"5,71814";"2,70631"
"3,82000";"5,73301";"2,80409"
"3,83000";"5,74813";"2,89123"
"3,84000";"5,76312";"2,98271"
"3,85000";"5,77811";"3,07667"
"3,86000";"5,79310";"3,17177"
"3,87000";"5,80798";"3,25858"
"3,88000";"5,82297";"3,35229"
"3,89000";"5,83785";"3,44328"
"3,90000";"5,85296";"3,53569"
"3,91000";"5,86795";"3,62854"
"3,92000";"5,88306";"3,71759"
"3,93000";"5,89806";"3,80604"
"3,94000";"5,91305";"3,89199"
"3,95000";"5,92804";"3,98015"
"3,96000";"5,94303";"4,06751"
"3,97000";"5,95803";"4,15738"
"3,98000";"5,97302";"4,24810"
"3,99000";"5,98801";"4,34350"
"4,00000";"6,00312";"4,44292"
"4,01000";"6,01812";"4,53313"
"4,02000";"6,03311";"4,61220"
"4,03000";"6,04810";"4,69783"
"4,04000";"6,06310";"4,79081"
"4,05000";"6,07809";"4,88016"
"4,06000";"6,09308";"4,96403"
"4,07000";"6,10819";"5,04498"
"4,08000";"6,12319";"5,13088"
"4,09000";"6,13806";"5,21856"
"4,10000";"6,15306";"5,30093"
"4,11000";"6,16793";"5,38482"
"4,12000";"6,18292";"5,46864"
"4,13000";"6,19780";"5,55911"
"4,14000";"6,21279";"5,66168"
"4,15000";"6,22790";"5,75518"
"4,16000";"6,24301";"5,84100"
"4,17000";"6,25801";"5,92689"
"4,18000";"6,27312";"6,01788"
"4,19000";"6,28811";"6,11257"
"4,20000";"6,30299";"6,21190"
"4,21000";"6,31810";"6,29887"
"4,22000";"6,33309";"6,38908"
"4,23000";"6,34808";"6,48006"
"4,24000";"6,36308";"6,56856"
"4,25000";"6,37807";"6,65680"
"4,26000";"6,39306";"6,74178"
"4,27000";"6,40794";"6,82917"
"4,28000";"6,42293";"6,92741"
"4,29000";"6,43792";"7,01693"
"4,30000";"6,45292";"7,09959"
"4,31000";"6,46791";"7,18363"
"4,32000";"6,48290";"7,28239"
"4,33000";"6,49778";"7,38275"
"4,34000";"6,51277";"7,48726"
"4,35000";"6,52788";"7,58684"
"4,36000";"6,54276";"7,66931"
"4,37000";"6,55787";"7,75953"
"4,38000";"6,57286";"7,85570"
"4,39000";"6,58809";"7,95371"
"4,40000";"6,60308";"8,05335"
"4,41000";"6,61796";"8,14543"
"4,42000";"6,63295";"8,23993"
"4,43000";"6,64794";"8,32787"
"4,44000";"6,66282";"8,41945"
"4,45000";"6,67781";"8,51448"
"4,46000";"6,69281";"8,61391"
"4,47000";"6,70792";"8,71227"
"4,48000";"6,72291";"8,81080"
"4,49000";"6,73790";"8,91595"
"4,50000";"6,75290";"9,01736"
"4,51000";"6,76789";"9,11568"
"4,52000";"6,78288";"9,21194"
"4,53000";"6,79788";"9,30909"
"4,54000";"6,81299";"9,41062"
"4,55000";"6,82798";"9,51711"
"4,56000";"6,84297";"9,62877"
"4,57000";"6,85796";"9,73554"
"4,58000";"6,87296";"9,83510"
"4,59000";"6,88795";"9,93015"
"4,60000";"6,90294";"10,03322"
"4,61000";"6,91806";"10,13915"
"4,62000";"6,93305";"10,24778"
"4,63000";"6,94804";"10,35761"
"4,64000";"6,96315";"10,45537"
"4,65000";"6,97803";"10,55117"
"4,66000";"6,99302";"10,65269"
"4,67000";"7,00801";"10,76119"
"4,68000";"7,02301";"10,87597"
"4,69000";"7,03788";"10,99061"
"4,70000";"7,05288";"11,10150"
"4,71000";"7,06787";"11,20445"
"4,72000";"7,08286";"11,30880"
"4,73000";"7,09785";"11,41481"
"4,74000";"7,11285";"11,52484"
"4,75000";"7,12784";"11,63767"
"4,76000";"7,14283";"11,74553"
"4,77000";"7,15794";"11,85383"
"4,78000";"7,17294";"11,96410"
"4,79000";"7,18805";"12,07876"
"4,80000";"7,20304";"12,19897"
"4,81000";"7,21803";"12,31101"
"4,82000";"7,23303";"12,42169"
"4,83000";"7,24802";"12,52999"
"4,84000";"7,26301";"12,64434"
"4,85000";"7,27813";"12,76052"
"4,86000";"7,29312";"12,87788"
"4,87000";"7,30811";"13,00054"
"4,88000";"7,32310";"13,12634"
"4,89000";"7,33798";"13,24493"
"4,90000";"7,35309";"13,35486"
"4,91000";"7,36797";"13,46779"
"4,92000";"7,38296";"13,58583"
"4,93000";"7,39807";"13,70506"
"4,94000";"7,41306";"13,82771"
"4,95000";"7,42806";"13,94974"
"4,96000";"7,44305";"14,07440"
"4,97000";"7,45804";"14,19344"
"4,98000";"7,47292";"14,30583"
"4,99000";"7,48791";"14,41901"
"5,00000";"7,50290";"14,54054"
"5,01000";"7,51801";"14,66197"
"5,02000";"7,53312";"14,78510"
"5,03000";"7,54812";"14,90532"
"5,04000";"7,56299";"15,02580"
"5,05000";"7,57810";"15,15068"
"5,06000";"7,59298";"15,27542"
"5,07000";"7,60785";"15,39951"
"5,08000";"7,62285";"15,52118"
"5,09000";"7,63796";"15,64131"
"5,10000";"7,65295";"15,77267"
"5,11000";"7,66806";"15,90652"
"5,12000";"7,68294";"16,03623"
"5,13000";"7,69793";"16,15641"
"5,14000";"7,71281";"16,27362"
"5,15000";"7,72780";"16,40121"
"5,16000";"7,74279";"16,52413"
"5,17000";"7,75790";"16,64756"
"5,18000";"7,77278";"16,77223"
"5,19000";"7,78777";"16,90563"
"5,20000";"7,80276";"17,03876"
"5,21000";"7,81764";"17,16882"
"5,22000";"7,83263";"17,30217"
"5,23000";"7,84774";"17,42967"
"5,24000";"7,86285";"17,55109"
"5,25000";"7,87797";"17,68360"
"5,26000";"7,89308";"17,82327"
"5,27000";"7,90807";"17,95577"
"5,28000";"7,92306";"18,08796"
"5,29000";"7,93806";"18,21829"
"5,30000";"7,95293";"18,35713"
"5,31000";"7,96781";"18,49168"
"5,32000";"7,98292";"18,62189"
"5,33000";"7,99791";"18,75431"
"5,34000";"8,01290";"18,89373"
"5,35000";"8,02801";"19,03921"
"5,36000";"8,04301";"19,18689"
"5,37000";"8,05800";"19,32565"
"5,38000";"8,07311";"19,45770"
"5,39000";"8,08799";"19,58946"
"5,40000";"8,10310";"19,72960"
"5,41000";"8,11809";"19,86654"
"5,42000";"8,13308";"20,00699"
"5,43000";"8,14808";"20,14532"
"5,44000";"8,16307";"20,27662"
"5,45000";"8,17806";"20,41770"
"5,46000";"8,19306";"20,56054"
"5,47000";"8,20805";"20,70066"
"5,48000";"8,22304";"20,84169"
"5,49000";"8,23803";"20,97722"
"5,50000";"8,25315";"21,12189"
"5,51000";"8,26814";"21,26603"
"5,52000";"8,28313";"21,41018"
"5,53000";"8,29824";"21,55908"
"5,54000";"8,31312";"21,70539"
"5,55000";"8,32823";"21,84883"
"5,56000";"8,34322";"21,99138"
"5,57000";"8,35833";"22,13265"
"5,58000";"8,37321";"22,27559"
"5,59000";"8,38820";"22,41792"
"5,60000";"8,40296";"22,57151"
"5,61000";"8,41783";"22,72399"
"5,62000";"8,43283";"22,87833"
"5,63000";"8,44782";"23,02970"
"5,64000";"8,46293";"23,16812"
"5,65000";"8,47792";"23,30685"
"5,66000";"8,49315";"23,45895"
"5,67000";"8,50826";"23,61246"
"5,68000";"8,52326";"23,76354"
"5,69000";"8,53801";"23,90938"
"5,70000";"8,55301";"24,05970"
"5,71000";"8,56800";"24,21014"
"5,72000";"8,58299";"24,36616"
"5,73000";"8,59799";"24,53420"
"5,74000";"8,61310";"24,70263"
"5,75000";"8,62809";"24,86738"
"5,76000";"8,64308";"25,02880"
"5,77000";"8,65796";"25,19307"
"5,78000";"8,67283";"25,34780"
"5,79000";"8,68795";"25,50093"
"5,80000";"8,70306";"25,65504"
"5,81000";"8,71805";"25,81681"
"5,82000";"8,73304";"25,97729"
"5,83000";"8,74815";"26,13799"
"5,84000";"8,76315";"26,29985"
"5,85000";"8,77802";"26,46057"
"5,86000";"8,79290";"26,62700"
"5,87000";"8,80801";"26,79658"
"5,88000";"8,82300";"26,97195"
"5,89000";"8,83799";"27,14760"
"5,90000";"8,85299";"27,32070"
"5,91000";"8,86798";"27,48567"
"5,92000";"8,88297";"27,65171"
"5,93000";"8,89785";"27,81822"
"5,94000";"8,91284";"27,98188"
"5,95000";"8,92783";"28,14966"
"5,96000";"8,94294";"28,32238"
"5,97000";"8,95794";"28,49484"
"5,98000";"8,97293";"28,66999"
"5,99000";"8,98792";"28,84699"
"6,00000";"9,00292";"29,02370"
"6,01000";"9,01779";"29,20706"
"6,02000";"9,03267";"29,38602"
"6,03000";"9,04778";"29,56759"
"6,04000";"9,06289";"29,75304"
"6,05000";"9,07788";"29,94053"
"6,06000";"9,09287";"30,12474"
"6,07000";"9,10799";"30,31127"
"6,08000";"9,12310";"30,49475"
"6,09000";"9,13809";"30,68036"
"6,10000";"9,15297";"30,86536"
"6,11000";"9,16808";"31,05054"
"6,12000";"9,18307";"31,23624"
"6,13000";"9,19806";"31,41907"
"6,14000";"9,21317";"31,60831"
"6,15000";"9,22817";"31,80101"
"6,16000";"9,24316";"31,99839"
"6,17000";"9,25815";"32,19700"
"6,18000";"9,27315";"32,39442"
"6,19000";"9,28814";"32,58228"
"6,20000";"9,30325";"32,77303"
"6,21000";"9,31824";"32,96829"
"6,22000";"9,33324";"33,16236"
"6,23000";"9,34811";"33,35567"
"6,24000";"9,36310";"33,55391"
"6,25000";"9,37810";"33,76262"
"6,26000";"9,39309";"33,97604"
"6,27000";"9,40808";"34,17950"
"6,28000";"9,42308";"34,38270"
"6,29000";"9,43819";"34,58491"
"6,30000";"9,45318";"34,78738"
"6,31000";"9,46817";"34,99669"
"6,32000";"9,48305";"35,20467"
"6,33000";"9,49792";"35,41763"
"6,34000";"9,51304";"35,62359"
"6,35000";"9,52803";"35,82893"
"6,36000";"9,54302";"36,04464"
"6,37000";"9,55813";"36,25423"
"6,38000";"9,57312";"36,46788"
"6,39000";"9,58812";"36,68790"
"6,40000";"9,60311";"36,89893"
"6,41000";"9,61799";"37,12440"
"6,42000";"9,63310";"37,36116"
"6,43000";"9,64809";"37,59259"
"6,44000";"9,66297";"37,82032"
"6,45000";"9,67796";"38,03841"
"6,46000";"9,69295";"38,25275"
"6,47000";"9,70806";"38,47239"
"6,48000";"9,72294";"38,70928"
"6,49000";"9,73793";"38,94161"
"6,50000";"9,75304";"39,16248"
"6,51000";"9,76803";"39,39393"
"6,52000";"9,78303";"39,63306"
"6,53000";"9,79790";"39,86923"
"6,54000";"9,81290";"40,10123"
"6,55000";"9,82789";"40,33677"
"6,56000";"9,84276";"40,57748"
"6,57000";"9,85776";"40,81790"
"6,58000";"9,87287";"41,06340"
"6,59000";"9,88798";"41,30745"
"6,60000";"9,90297";"41,54924"
"6,61000";"9,91808";"41,79545"
"6,62000";"9,93308";"42,04038"
"6,63000";"9,94807";"42,29067"
"6,64000";"9,96294";"42,53719"
"6,65000";"9,97782";"42,78194"
"6,66000";"9,99293";"43,03454"
"6,67000";"10,00804";"43,28810"
"6,68000";"10,02304";"43,55397"
"6,69000";"10,03803";"43,81763"
"6,70000";"10,05314";"44,07694"
"6,71000";"10,06813";"44,33379"
"6,72000";"10,08301";"44,58763"
"6,73000";"10,09800";"44,83873"
"6,74000";"10,11299";"45,09141"
"6,75000";"10,12810";"45,35309"
"6,76000";"10,14310";"45,62384"
"6,77000";"10,15809";"45,89829"
"6,78000";"10,17308";"46,17353"
"6,79000";"10,18820";"46,44041"
"6,80000";"10,20319";"46,71992"
"6,81000";"10,21818";"47,00631"
"6,82000";"10,23329";"47,28693"
"6,83000";"10,24840";"47,56786"
"6,84000";"10,26340";"47,85641"
"6,85000";"10,27827";"48,14295"
"6,86000";"10,29315";"48,41576"
"6,87000";"10,30814";"48,67501"
"6,88000";"10,32313";"48,94773"
"6,89000";"10,33813";"49,22381"
"6,90000";"10,35312";"49,51299"
"6,91000";"10,36823";"49,80540"
"6,92000";"10,38322";"50,10203"
"6,93000";"10,39822";"50,40611"
"6,94000";"10,41321";"50,70575"
"6,95000";"10,42808";"51,00017"
"6,96000";"10,44308";"51,29127"
"6,97000";"10,45819";"51,58121"
"6,98000";"10,47318";"51,87825"
"6,99000";"10,48829";"52,18542"
"7,00000";"10,50328";"52,49525"
"7,01000";"10,51828";"52,80708"
"7,02000";"10,53315";"53,11396"
"7,03000";"10,54803";"53,42169"
"7,04000";"10,56290";"53,71651"
"7,05000";"10,57790";"54,01051"
"7,06000";"10,59289";"54,31228"
"7,07000";"10,60788";"54,62120"
"7,08000";"10,62288";"54,94130"
"7,09000";"10,63787";"55,26667"
"7,10000";"10,65286";"55,58876"
"7,11000";"10,66785";"55,91601"
"7,12000";"10,68285";"56,24448"
"7,13000";"10,69784";"56,56809"
"7,14000";"10,71283";"56,88681"
"7,15000";"10,72783";"57,21154"
"7,16000";"10,74282";"57,53963"
"7,17000";"10,75781";"57,87375"
"7,18000";"10,77292";"58,21482"
"7,19000";"10,78780";"58,55854"
"7,20000";"10,80279";"58,88897"
"7,21000";"10,81790";"59,21874"
"7,22000";"10,83290";"59,55606"
"7,23000";"10,84789";"59,89640"
"7,24000";"10,86300";"60,23672"
"7,25000";"10,87799";"60,58131"
"7,26000";"10,89299";"60,93686"
"7,27000";"10,90786";"61,28495"
"7,28000";"10,92274";"61,62447"
"7,29000";"10,93785";"61,96836"
"7,30000";"10,95296";"62,32328"
"7,31000";"10,96807";"62,68189"
"7,32000";"10,98306";"63,04317"
"7,33000";"10,99806";"63,40319"
"7,34000";"11,01305";"63,75596"
"7,35000";"11,02792";"64,10815"
"7,36000";"11,04292";"64,45547"
"7,37000";"11,05803";"64,80258"
"7,38000";"11,07302";"65,14776"
"7,39000";"11,08801";"65,49628"
"7,40000";"11,10301";"65,85941"
"7,41000";"11,11800";"66,22109"
"7,42000";"11,13299";"66,58614"
"7,43000";"11,14799";"66,96166"
"7,44000";"11,16298";"67,33124"
"7,45000";"11,17809";"67,69833"
"7,46000";"11,19308";"68,06731"
"7,47000";"11,20808";"68,43646"
"7,48000";"11,22295";"68,80348"
"7,49000";"11,23794";"69,17362"
"7,50000";"11,25294";"69,54210"
"7,51000";"11,26793";"69,90518"
"7,52000";"11,28292";"70,26609"
"7,53000";"11,29792";"70,63352"
"7,54000";"11,31303";"71,01017"
"7,55000";"11,32802";"71,38517"
"7,56000";"11,34290";"71,75925"
"7,57000";"11,35789";"72,12897"
"7,58000";"11,37288";"72,49907"
"7,59000";"11,38788";"72,87244"
"7,60000";"11,40298";"73,25080"
"7,61000";"11,41798";"73,63051"
"7,62000";"11,43309";"74,01935"
"7,63000";"11,44820";"74,41241"
"7,64000";"11,46308";"74,79910"
"7,65000";"11,47807";"75,17582"
"7,66000";"11,49306";"75,54751"
"7,67000";"11,50794";"75,91470"
"7,68000";"11,52305";"76,27502"
"7,69000";"11,53804";"76,63953"
"7,70000";"11,55315";"77,00600"
"7,71000";"11,56826";"77,37712"
"7,72000";"11,58326";"77,75082"
"7,73000";"11,59825";"78,12082"
"7,74000";"11,61312";"78,48022"
"7,75000";"11,62812";"78,83321"
"7,76000";"11,64311";"79,18382"
"7,77000";"11,65810";"79,53506"
"7,78000";"11,67310";"79,88589"
"7,79000";"11,68809";"80,23842"
"7,80000";"11,70296";"80,58836"
"7,81000";"11,71796";"80,94296"
"7,82000";"11,73283";"81,30103"
"7,83000";"11,74783";"81,66575"
"7,84000";"11,76294";"82,02350"
"7,85000";"11,77805";"82,38467"
"7,86000";"11,79292";"82,75475"
"7,87000";"11,80792";"83,11041"
"7,88000";"11,82291";"83,44565"
"7,89000";"11,83790";"83,77509"
"7,90000";"11,85278";"84,12445"
"7,91000";"11,86777";"84,47183"
"7,92000";"11,88288";"84,81577"
"7,93000";"11,89787";"85,15426"
"7,94000";"11,91299";"85,49998"
"7,95000";"11,92798";"85,84935"
"7,96000";"11,94309";"86,18530"
"7,97000";"11,95797";"86,51057"
"7,98000";"11,97284";"86,81635"
"7,99000";"11,98795";"87,10325"
"8,00000";"12,00306";"87,37975"
"8,01000";"12,01806";"87,66111"
"8,02000";"12,03305";"87,93987"
"8,03000";"12,04792";"88,21509"
"8,04000";"12,06304";"88,48697"
"8,05000";"12,07803";"88,75143"
"8,06000";"12,09302";"89,00866"
"8,07000";"12,10801";"89,25490"
"8,08000";"12,12301";"89,48495"
"8,09000";"12,13800";"89,69586"
"8,10000";"12,15299";"89,89374"
"8,11000";"12,16787";"90,08386"
"8,12000";"12,18274";"90,24725"
"8,13000";"12,19774";"90,38922"
"8,14000";"12,21273";"90,52099"
"8,15000";"12,22772";"90,64813"
"8,16000";"12,24283";"90,77759"
"8,17000";"12,25795";"90,90536"
"8,18000";"12,27294";"91,02159"
"8,19000";"12,28793";"91,12035"
"8,20000";"12,30292";"91,18695"
"8,21000";"12,31780";"91,22591"
"8,22000";"12,33267";"91,23769"
"8,23000";"12,34778";"91,23077"
"8,24000";"12,36290";"91,20554"
"8,25000";"12,37801";"91,15816"
"8,26000";"12,39300";"91,09210"
"8,27000";"12,40799";"91,01031"
"8,28000";"12,42299";"90,90348"
"8,29000";"12,43798";"90,77136"
"8,30000";"12,45297";"90,62070"
"8,31000";"12,46797";"90,44724"
"8,32000";"12,48296";"90,27855"
"8,33000";"12,49795";"90,12624"
"8,34000";"12,51294";"89,99781"
"8,35000";"12,52805";"89,86389"
"8,36000";"12,54305";"89,72784"
"8,37000";"12,55792";"89,58649"
"8,38000";"12,57292";"89,41867"
"8,39000";"12,58791";"89,23561"
"8,40000";"12,60290";"89,04256"
"8,41000";"12,61790";"88,84256"
"8,42000";"12,63289";"88,63306"
"8,43000";"12,64776";"88,41539"
"8,44000";"12,66276";"88,19204"
"8,45000";"12,67775";"87,95111"
"8,46000";"12,69286";"87,68680"
"8,47000";"12,70797";"87,41721"
"8,48000";"12,72308";"87,15668"
"8,49000";"12,73819";"86,89992"
"8,50000";"12,75331";"86,63806"
"8,51000";"12,76830";"86,37018"
"8,52000";"12,78317";"86,09138"
"8,53000";"12,79817";"85,78812"
"8,54000";"12,81304";"85,44701"
"8,55000";"12,82815";"85,08120"
"8,56000";"12,84315";"84,71557"
"8,57000";"12,85814";"84,34863"
"8,58000";"12,87313";"83,97971"
"8,59000";"12,88813";"83,61877"
"8,60000";"12,90300";"83,26365"
"8,61000";"12,91787";"82,91254"
"8,62000";"12,93275";"82,56875"
"8,63000";"12,94786";"82,25136"
"8,64000";"12,96274";"81,96684"
"8,65000";"12,97773";"81,68761"
"8,66000";"12,99272";"81,41113"
"8,67000";"13,00795";"81,12038"
"8,68000";"13,02306";"80,82675"
"8,69000";"13,03794";"80,53989"
"8,70000";"13,05305";"80,24295"
"8,71000";"13,06804";"79,92876"
"8,72000";"13,08315";"79,60902"
"8,73000";"13,09814";"79,30428"
"8,74000";"13,11314";"79,00730"
"8,75000";"13,12813";"78,70571"
"8,76000";"13,14301";"78,38758"
"8,77000";"13,15788";"78,05216"
"8,78000";"13,17287";"77,69740"
"8,79000";"13,18787";"77,32005"
"8,80000";"13,20298";"76,93594"
"8,81000";"13,21797";"76,54613"
"8,82000";"13,23297";"76,14291"
"8,83000";"13,24796";"75,72101"
"8,84000";"13,26283";"75,28595"
"8,85000";"13,27771";"74,81458"
"8,86000";"13,29270";"74,31654"
"8,87000";"13,30781";"73,80969"
"8,88000";"13,32281";"73,30527"
"8,89000";"13,33792";"72,79528"
"8,90000";"13,35291";"72,27701"
"8,91000";"13,36802";"71,76466"
"8,92000";"13,38301";"71,25109"
"8,93000";"13,39801";"70,73657"
"8,94000";"13,41300";"70,21893"
"8,95000";"13,42811";"69,70692"
"8,96000";"13,44310";"69,19912"
"8,97000";"13,45810";"68,71484"
"8,98000";"13,47309";"68,25674"
"8,99000";"13,48808";"67,83052"
"9,00000";"13,50308";"67,43231"
"9,01000";"13,51807";"67,04348"
"9,02000";"13,53306";"66,66736"
"9,03000";"13,54806";"66,27424"
"9,04000";"13,56305";"65,86084"
"9,05000";"13,57804";"65,42517"
"9,06000";"13,59303";"64,96893"
"9,07000";"13,60791";"64,48663"
"9,08000";"13,62290";"64,00594"
"9,09000";"13,63790";"63,53813"
"9,10000";"13,65301";"63,09304"
"9,11000";"13,66800";"62,68550"
"9,12000";"13,68311";"62,31053"
"9,13000";"13,69810";"61,96465"
"9,14000";"13,71321";"61,64568"
"9,15000";"13,72809";"61,36029"
"9,16000";"13,74296";"61,08921"
"9,17000";"13,75796";"60,82868"
"9,18000";"13,77295";"60,58438"
"9,19000";"13,78794";"60,35721"
"9,20000";"13,80306";"60,14516"
"9,21000";"13,81817";"59,93870"
"9,22000";"13,83328";"59,74602"
"9,23000";"13,84827";"59,56613"
"9,24000";"13,86326";"59,40031"
"9,25000";"13,87826";"59,25027"
"9,26000";"13,89325";"59,11122"
"9,27000";"13,90813";"58,98603"
"9,28000";"13,92300";"58,85768"
"9,29000";"13,93811";"58,73625"
"9,30000";"13,95310";"58,62598"
"9,31000";"13,96810";"58,51934"
"9,32000";"13,98297";"58,39922"
"9,33000";"13,99808";"58,27486"
"9,34000";"14,01308";"58,14167"
"9,35000";"14,02819";"58,02794"
"9,36000";"14,04306";"57,92962"
"9,37000";"14,05805";"57,83543"
"9,38000";"14,07305";"57,74863"
"9,39000";"14,08792";"57,68181"
"9,40000";"14,10280";"57,63245"
"9,41000";"14,11779";"57,60215"
"9,42000";"14,13278";"57,58843"
"9,43000";"14,14790";"57,59453"
"9,44000";"14,16289";"57,60559"
"9,45000";"14,17788";"57,61348"
"9,46000";"14,19299";"57,61580"
"9,47000";"14,20787";"57,62698"
"9,48000";"14,22286";"57,64127"
"9,49000";"14,23785";"57,66712"
"9,50000";"14,25296";"57,70915"
"9,51000";"14,26808";"57,76259"
"9,52000";"14,28319";"57,82524"
"9,53000";"14,29830";"57,90350"
"9,54000";"14,31329";"58,00541"
"9,55000";"14,32829";"58,10320"
"9,56000";"14,34316";"58,17319"
"9,57000";"14,35815";"58,23973"
"9,58000";"14,37303";"58,32024"
"9,59000";"14,38802";"58,40448"
"9,60000";"14,40301";"58,49451"
"9,61000";"14,41801";"58,60125"
"9,62000";"14,43300";"58,72693"
"9,63000";"14,44788";"58,86578"
"9,64000";"14,46287";"59,00432"
"9,65000";"14,47798";"59,14954"
"9,66000";"14,49309";"59,31745"
"9,67000";"14,50808";"59,49982"
"9,68000";"14,52308";"59,68741"
"9,69000";"14,53807";"59,85809"
"9,70000";"14,55306";"60,01265"
"9,71000";"14,56806";"60,15500"
"9,72000";"14,58305";"60,29132"
"9,73000";"14,59804";"60,43761"
"9,74000";"14,61327";"60,60151"
"9,75000";"14,62826";"60,78411"
"9,76000";"14,64326";"60,96177"
"9,77000";"14,65825";"61,13402"
"9,78000";"14,67313";"61,30598"
"9,79000";"14,68800";"61,47051"
"9,80000";"14,70299";"61,64586"
"9,81000";"14,71799";"61,82563"
"9,82000";"14,73310";"62,02394"
"9,83000";"14,74821";"62,25011"
"9,84000";"14,76320";"62,48293"
"9,85000";"14,77820";"62,70399"
"9,86000";"14,79319";"62,91296"
"9,87000";"14,80818";"63,10143"
"9,88000";"14,82317";"63,27719"
"9,89000";"14,83817";"63,44489"
"9,90000";"14,85304";"63,60545"
"9,91000";"14,86804";"63,76005"
"9,92000";"14,88291";"63,91120"
"9,93000";"14,89790";"64,05986"
"9,94000";"14,91301";"64,21183"
"9,95000";"14,92801";"64,39098"
"9,96000";"14,94300";"64,59552"
"9,97000";"14,95799";"64,81216"
"9,98000";"14,97310";"65,03889"
"9,99000";"14,98798";"65,28594"
"10,00000";"15,00297";"65,54408"
"10,01000";"15,01808";"65,80887"
"10,02000";"15,03296";"66,05359"
"10,03000";"15,04795";"66,28722"
"10,04000";"15,06295";"66,50568"
"10,05000";"15,07806";"66,72187"
"10,06000";"15,09305";"66,92580"
"10,07000";"15,10816";"67,13972"
"10,08000";"15,12315";"67,36874"
"10,09000";"15,13815";"67,60347"
"10,10000";"15,15302";"67,82459"
"10,11000";"15,16790";"68,05391"
"10,12000";"15,18301";"68,29675"
"10,13000";"15,19800";"68,56038"
"10,14000";"15,21299";"68,83714"
"10,15000";"15,22799";"69,13235"
"10,16000";"15,24298";"69,44609"
"10,17000";"15,25797";"69,77733"
"10,18000";"15,27285";"70,12120"
"10,19000";"15,28772";"70,46627"
"10,20000";"15,30283";"70,80605"
"10,21000";"15,31783";"71,14660"
"10,22000";"15,33282";"71,49678"
"10,23000";"15,34781";"71,84905"
"10,24000";"15,36292";"72,20318"
"10,25000";"15,37792";"72,54962"
"10,26000";"15,39291";"72,89202"
"10,27000";"15,40790";"73,21725"
"10,28000";"15,42290";"73,53359"
"10,29000";"15,43801";"73,83547"
"10,30000";"15,45300";"74,10703"
"10,31000";"15,46799";"74,35690"
"10,32000";"15,48287";"74,60305"
"10,33000";"15,49786";"74,84694"
"10,34000";"15,51274";"75,11382"
"10,35000";"15,52773";"75,39214"
"10,36000";"15,54284";"75,69871"
"10,37000";"15,55807";"76,05426"
"10,38000";"15,57318";"76,44713"
"10,39000";"15,58817";"76,85540"
"10,40000";"15,60317";"77,26130"
"10,41000";"15,61816";"77,65997"
"10,42000";"15,63304";"78,05717"
"10,43000";"15,64803";"78,44069"
"10,44000";"15,66302";"78,82843"
"10,45000";"15,67813";"79,23112"
"10,46000";"15,69312";"79,66801"
"10,47000";"15,70812";"80,13380"
"10,48000";"15,72311";"80,61514"
"10,49000";"15,73811";"81,12156"
"10,50000";"15,75298";"81,63818"
"10,51000";"15,76797";"82,16512"
"10,52000";"15,78308";"82,70339"
"10,53000";"15,79796";"83,25396"
"10,54000";"15,81295";"83,79379"
"10,55000";"15,82794";"84,30270"
"10,56000";"15,84294";"84,79333"
"10,57000";"15,85781";"85,27702"
"10,58000";"15,87281";"85,76544"
"10,59000";"15,88780";"86,27899"
"10,60000";"15,90291";"86,82741"
"10,61000";"15,91802";"87,40298"
"10,62000";"15,93290";"87,96296"
"10,63000";"15,94789";"88,48080"
"10,64000";"15,96288";"88,97942"
"10,65000";"15,97788";"89,48267"
"10,66000";"15,99299";"90,01566"
"10,67000";"16,00798";"90,57584"
"10,68000";"16,02309";"91,13334"
"10,69000";"16,03808";"91,68237"
"10,70000";"16,05308";"92,23351"
"10,71000";"16,06807";"92,78474"
"10,72000";"16,08306";"93,34639"
"10,73000";"16,09794";"93,90699"
"10,74000";"16,11281";"94,49332"
"10,75000";"16,12792";"95,09786"
"10,76000";"16,14304";"95,72417"
"10,77000";"16,15803";"96,34559"
"10,78000";"16,17302";"96,93617"
"10,79000";"16,18813";"97,48179"
"10,80000";"16,20312";"97,98810"
"10,81000";"16,21800";"98,45866"
"10,82000";"16,23299";"98,91058"
"10,83000";"16,24799";"99,37004"
"10,84000";"16,26298";"99,86372"
"10,85000";"16,27797";"100,38766"
"10,86000";"16,29296";"100,93284"
"10,87000";"16,30796";"101,52289"
"10,88000";"16,32307";"102,16463"
"10,89000";"16,33806";"102,83909"
"10,90000";"16,35306";"103,52605"
"10,91000";"16,36817";"104,23718"
"10,92000";"16,38316";"104,95890"
"10,93000";"16,39815";"105,68955"
"10,94000";"16,41315";"106,43060"
"10,95000";"16,42814";"107,17788"
"10,96000";"16,44301";"107,93137"
"10,97000";"16,45801";"108,68309"
"10,98000";"16,47300";"109,43703"
"10,99000";"16,48799";"110,22652"
"11,00000";"16,50299";"111,06197"
"11,01000";"16,51798";"111,94437"
"11,02000";"16,53297";"112,84903"
"11,03000";"16,54785";"113,77694"
"11,04000";"16,56284";"114,71212"
"11,05000";"16,57771";"115,63741"
"11,06000";"16,59271";"116,54491"
"11,07000";"16,60782";"117,44909"
"11,08000";"16,62293";"118,38146"
"11,09000";"16,63804";"119,34245"
"11,10000";"16,65303";"120,31084"
"11,11000";"16,66814";"121,26152"
"11,12000";"16,68314";"122,20671"
"11,13000";"16,69801";"123,10533"
"11,14000";"16,71313";"123,94710"
"11,15000";"16,72800";"124,78210"
"11,16000";"16,74299";"125,63262"
"11,17000";"16,75787";"126,47126"
"11,18000";"16,77286";"127,28448"
"11,19000";"16,78786";"128,06793"
"11,20000";"16,80285";"128,85542"
"11,21000";"16,81772";"129,63646"
"11,22000";"16,83283";"130,43236"
"11,23000";"16,84795";"131,26714"
"11,24000";"16,86306";"132,15372"
"11,25000";"16,87805";"133,05478"
"11,26000";"16,89304";"133,92653"
"11,27000";"16,90804";"134,76482"
"11,28000";"16,92291";"135,56870"
"11,29000";"16,93790";"136,32130"
"11,30000";"16,95301";"137,06381"
"11,31000";"16,96812";"137,83331"
"11,32000";"16,98300";"138,64900"
"11,33000";"16,99811";"139,44037"
"11,34000";"17,01299";"140,20271"
"11,35000";"17,02798";"140,94157"
"11,36000";"17,04285";"141,63835"
"11,37000";"17,05773";"142,26625"
"11,38000";"17,07284";"142,83865"
"11,39000";"17,08783";"143,36641"
"11,40000";"17,10283";"143,85719"
"11,41000";"17,11782";"144,32091"
"11,42000";"17,13293";"144,77806"
"11,43000";"17,14792";"145,26596"
"11,44000";"17,16280";"145,81871"
"11,45000";"17,17779";"146,43854"
"11,46000";"17,19279";"147,09389"
"11,47000";"17,20778";"147,80174"
"11,48000";"17,22277";"148,56256"
"11,49000";"17,23765";"149,36807"
"11,50000";"17,25276";"150,17236"
"11,51000";"17,26787";"150,97237"
"11,52000";"17,28286";"151,74611"
"11,53000";"17,29797";"152,48665"
"11,54000";"17,31308";"153,24034"
"11,55000";"17,32808";"154,04169"
"11,56000";"17,34307";"154,87019"
"11,57000";"17,35794";"155,71109"
"11,58000";"17,37294";"156,56447"
"11,59000";"17,38793";"157,50275"
"11,60000";"17,40281";"158,54547"
"11,61000";"17,41780";"159,68500"
"11,62000";"17,43291";"160,90875"
"11,63000";"17,44802";"162,19374"
"11,64000";"17,46313";"163,50507"
"11,65000";"17,47812";"164,82089"
"11,66000";"17,49312";"166,10341"
"11,67000";"17,50811";"167,36510"
"11,68000";"17,52299";"168,64539"
"11,69000";"17,53786";"169,96053"
"11,70000";"17,55285";"171,33290"
"11,71000";"17,56785";"172,76387"
"11,72000";"17,58272";"174,24927"
"11,73000";"17,59760";"175,72076"
"11,74000";"17,61259";"177,17769"
"11,75000";"17,62758";"178,64117"
"11,76000";"17,64246";"180,13594"
"11,77000";"17,65745";"181,65779"
"11,78000";"17,67245";"183,23415"
"11,79000";"17,68756";"184,85570"
"11,80000";"17,70267";"186,57086"
"11,81000";"17,71789";"188,44171"
"11,82000";"17,73313";"190,47942"
"11,83000";"17,74824";"192,59041"
"11,84000";"17,76335";"194,70526"
"11,85000";"17,77834";"196,81241"
"11,86000";"17,79333";"198,92715"
"11,87000";"17,80832";"201,01534"
"11,88000";"17,82332";"203,05885"
"11,89000";"17,83820";"205,04861"
"11,90000";"17,85307";"207,03487"
"11,91000";"17,86794";"209,03230"
"11,92000";"17,88294";"211,04219"
"11,93000";"17,89805";"213,12930"
"11,94000";"17,91304";"215,33215"
"11,95000";"17,92815";"217,58026"
"11,96000";"17,94303";"219,83052"
"11,97000";"17,95790";"222,05687"
"11,98000";"17,97290";"224,29788"
"11,99000";"17,98777";"226,62671"
"12,00000";"18,00265";"229,01216"
"12,01000";"18,01752";"231,39787"
"12,02000";"18,03251";"233,85092"
"12,03000";"18,04751";"236,43909"
"12,04000";"18,06262";"239,11240"
"12,05000";"18,07773";"241,86961"
"12,06000";"18,09272";"244,73297"
"12,07000";"18,10760";"247,68852"
"12,08000";"18,12259";"250,69450"
"12,09000";"18,13782";"253,81317"
"12,10000";"18,15305";"257,12497"
"12,11000";"18,16816";"260,64227"
"12,12000";"18,18315";"264,27289"
"12,13000";"18,19827";"267,92264"
"12,14000";"18,21326";"271,63431"
"12,15000";"18,22801";"275,37369"
"12,16000";"18,24301";"279,04346"
"12,17000";"18,25800";"282,76868"
"12,18000";"18,27299";"286,64981"
"12,19000";"18,28799";"290,60669"
"12,20000";"18,30298";"294,56448"
"12,21000";"18,31785";"298,47208"
"12,22000";"18,33285";"302,33344"
"12,23000";"18,34772";"306,17032"
"12,24000";"18,36272";"310,14648"
"12,25000";"18,37771";"314,36508"
"12,26000";"18,39270";"318,74881"
"12,27000";"18,40770";"323,17545"
"12,28000";"18,42281";"327,71603"
"12,29000";"18,43768";"332,25226"
"12,30000";"18,45256";"336,69974"
"12,31000";"18,46743";"341,12396"
"12,32000";"18,48254";"345,67050"
"12,33000";"18,49765";"350,56882"
"12,33200";"18,50072";"351,59283"
"12,33400";"18,50367";"352,62796"
"12,34400";"18,51690";"357,85388"
"12,35400";"18,52433";"361,56735"
"12,36000";"18,52634";"361,29758"
"12,37000";"18,52563";"354,45874"
"12,38000";"18,52091";"338,33121"
"12,39000";"18,50993";"310,55066"
"12,40000";"18,49329";"265,37485"
"12,41000";"18,47322";"201,23433"
"12,42000";"18,45149";"128,25378"
"12,43000";"18,42942";"61,07584"
"12,44000";"18,40781";"9,59358"
"12,45000";"18,38704";"-21,31646"
"12,46000";"18,36708";"-33,95914"
"12,47000";"18,34796";"-35,25072"
"12,48000";"18,32954";"-30,23218"
"12,49000";"18,31172";"-23,09547"
"12,50000";"18,29460";"-16,58712"
"12,51000";"18,27807";"-11,92991"
"12,52000";"18,26178";"-9,05433"
"12,53000";"18,24584";"-7,43733"
"12,54000";"18,23026";"-6,51906"
"12,55000";"18,21503";"-6,10382"
"12,56000";"18,19968";"-6,01723"
"12,57000";"18,18433";"-6,16649"
"12,58000";"18,16875";"-6,42714"
"12,59000";"18,15329";"-6,73001"
"12,60000";"18,13794";"-6,98365"
"12,61000";"18,12259";"-7,14014"
"12,62000";"18,10724";"-7,23977"
"12,63000";"18,09213";"-7,28042"
"12,64000";"18,07702";"-7,26112"
"12,65000";"18,06203";"-7,20602"
"12,66000";"18,04715";"-7,14041"
"12,67000";"18,03216";"-7,07767"
"12,68000";"18,01705";"-7,02145"
"12,69000";"18,00194";"-6,95413"
"12,70000";"17,98683";"-6,88436"
"12,71000";"17,97183";"-6,81639"
"12,72000";"17,95684";"-6,73502"
"12,73000";"17,94197";"-6,64025"
"12,74000";"17,92709";"-6,53937"
"12,75000";"17,91210";"-6,43642"
"12,76000";"17,89710";"-6,33548"
"12,77000";"17,88211";"-6,24374"
"12,78000";"17,86700";"-6,14183"
"12,79000";"17,85189";"-6,01806"
"12,80000";"17,83690";"-5,88177"
"12,81000";"17,82190";"-5,74069"
"12,82000";"17,80703";"-5,59031"
"12,83000";"17,79203";"-5,43736"
"12,84000";"17,77716";"-5,30473"
"12,85000";"17,76229";"-5,18996"
"12,86000";"17,74729";"-5,08904"
"12,87000";"17,73218";"-4,98622"
"12,88000";"17,71707";"-4,88375"
"12,89000";"17,70196";"-4,77809"
"12,90000";"17,68696";"-4,66784"
"12,91000";"17,67186";"-4,56603"
"12,92000";"17,65674";"-4,46905"
"12,93000";"17,64175";"-4,36940"
"12,94000";"17,62675";"-4,26555"
"12,95000";"17,61165";"-4,15808"
"12,96000";"17,59689";"-4,04599"
"12,97000";"17,58201";"-3,94136"
"12,98000";"17,56714";"-3,83696"
"12,99000";"17,55215";"-3,74102"
"13,00000";"17,53715";"-3,65377"
"13,01000";"17,52204";"-3,57558"
"13,02000";"17,50705";"-3,49606"
"13,03000";"17,49194";"-3,41164"
"13,04000";"17,47706";"-3,32903"
"13,05000";"17,46219";"-3,25125"
"13,06000";"17,44731";"-3,17211"
"13,07000";"17,43220";"-3,09864"
"13,08000";"17,41721";"-3,02152"
"13,09000";"17,40210";"-2,93822"
"13,10000";"17,38699";"-2,84738"
"13,11000";"17,37176";"-2,75972"
"13,12000";"17,35688";"-2,67446"
"13,13000";"17,34201";"-2,59124"
"13,14000";"17,32701";"-2,50373"
"13,15000";"17,31190";"-2,41208"
"13,16000";"17,29691";"-2,32792"
"13,17000";"17,28204";"-2,25477"
"13,18000";"17,26704";"-2,18941"
"13,19000";"17,25193";"-2,13246"
"13,20000";"17,23694";"-2,07683"
"13,21000";"17,22206";"-2,03011"
"13,22000";"17,20719";"-1,99198"
"13,23000";"17,19208";"-1,94756"
"13,24000";"17,17708";"-1,90275"
"13,25000";"17,16197";"-1,85724"
"13,26000";"17,14698";"-1,81720"
"13,27000";"17,13199";"-1,77519"
"13,28000";"17,11687";"-1,73229"
"13,29000";"17,10200";"-1,69318"
"13,30000";"17,08713";"-1,65364"
"13,31000";"17,07201";"-1,61011"
"13,32000";"17,05690";"-1,55255"
"13,33000";"17,04191";"-1,48940"
"13,34000";"17,02703";"-1,42230"
"13,35000";"17,01204";"-1,36578"
"13,36000";"16,99705";"-1,31883"
"13,37000";"16,98217";"-1,27805"
"13,38000";"16,96718";"-1,24659"
"13,39000";"16,95219";"-1,22069"
"13,40000";"16,93708";"-1,19250"
"13,41000";"16,92196";"-1,16805"
"13,42000";"16,90697";"-1,14600"
"13,43000";"16,89186";"-1,11312"
"13,44000";"16,87687";"-1,08051"
"13,45000";"16,86176";"-1,05706"
"13,46000";"16,84688";"-1,02791"
"13,47000";"16,83189";"-0,99474"
"13,48000";"16,81689";"-0,95580"
"13,49000";"16,80179";"-0,92288"
"13,50000";"16,78679";"-0,89854"
"13,51000";"16,77180";"-0,87481"
"13,52000";"16,75692";"-0,85037"
"13,53000";"16,74193";"-0,82819"
"13,54000";"16,72706";"-0,80892"
"13,55000";"16,71206";"-0,79848"
"13,56000";"16,69707";"-0,79144"
"13,57000";"16,68196";"-0,77808"
"13,58000";"16,66685";"-0,77023"
"13,59000";"16,65197";"-0,76528"
"13,60000";"16,63721";"-0,74860"
"13,61000";"16,62211";"-0,73295"
"13,62000";"16,60699";"-0,72151"
"13,63000";"16,59200";"-0,71815"
"13,64000";"16,57689";"-0,70385"
"13,65000";"16,56178";"-0,68338"
"13,66000";"16,54667";"-0,65652"
"13,67000";"16,53179";"-0,64294"
"13,68000";"16,51692";"-0,62797"
"13,69000";"16,50204";"-0,61404"
"13,70000";"16,48693";"-0,60279"
"13,71000";"16,47194";"-0,59575"
"13,72000";"16,45695";"-0,59265"
"13,73000";"16,44183";"-0,58394"
"13,74000";"16,42684";"-0,57221"
"13,75000";"16,41197";"-0,55494"
"13,76000";"16,39721";"-0,54418"
"13,77000";"16,38222";"-0,53328"
"13,78000";"16,36722";"-0,52118"
"13,79000";"16,35211";"-0,50895"
"13,80000";"16,33724";"-0,50070"
"13,81000";"16,32212";"-0,48824"
"13,82000";"16,30713";"-0,47387"
"13,83000";"16,29214";"-0,46823"
"13,84000";"16,27727";"-0,46015"
"13,85000";"16,26227";"-0,45685"
"13,86000";"16,24716";"-0,45634"
"13,87000";"16,23193";"-0,45895"
"13,88000";"16,21706";"-0,45162"
"13,89000";"16,20206";"-0,44009"
"13,90000";"16,18707";"-0,42854"
"13,91000";"16,17208";"-0,41865"
"13,92000";"16,15720";"-0,41372"
"13,93000";"16,14233";"-0,40808"
"13,94000";"16,12721";"-0,40008"
"13,95000";"16,11187";"-0,39601"
"13,96000";"16,09687";"-0,38944"
"13,97000";"16,08177";"-0,37485"
"13,98000";"16,06677";"-0,35852"
"13,99000";"16,05178";"-0,35041"
"14,00000";"16,03690";"-0,35058"
"14,01000";"16,02203";"-0,35162"
"14,02000";"16,00692";"-0,34589"
"14,03000";"15,99181";"-0,34443"
"14,04000";"15,97681";"-0,35127"
"14,05000";"15,96194";"-0,34752"
"14,06000";"15,94706";"-0,33052"
"14,07000";"15,93195";"-0,31886"
"14,08000";"15,91696";"-0,30813"
"14,09000";"15,90208";"-0,30093"
"14,10000";"15,88721";"-0,29373"
"14,11000";"15,87222";"-0,28817"
"14,12000";"15,85710";"-0,28094"
"14,13000";"15,84211";"-0,27419"
"14,14000";"15,82724";"-0,26617"
"14,15000";"15,81224";"-0,25312"
"14,16000";"15,79713";"-0,24359"
"14,17000";"15,78226";"-0,23642"
"14,18000";"15,76727";"-0,22870"
"14,19000";"15,75215";"-0,22010"
"14,20000";"15,73704";"-0,20887"
"14,21000";"15,72193";"-0,19574"
"14,22000";"15,70706";"-0,19245"
"14,23000";"15,69218";"-0,18759"
"14,24000";"15,67707";"-0,18267"
"14,25000";"15,66208";"-0,18044"
"14,26000";"15,64708";"-0,17718"
"14,27000";"15,63209";"-0,17431"
"14,28000";"15,61686";"-0,17128"
"14,29000";"15,60175";"-0,16298"
"14,30000";"15,58687";"-0,15410"
"14,31000";"15,57188";"-0,14252"
"14,32000";"15,55677";"-0,13755"
"14,33000";"15,54190";"-0,13927"
"14,34000";"15,52702";"-0,13747"
"14,35000";"15,51203";"-0,12938"
"14,36000";"15,49692";"-0,12573"
"14,37000";"15,48169";"-0,14021"
"14,38000";"15,46693";"-0,14838"
"14,39000";"15,45205";"-0,14612"
"14,40000";"15,43706";"-0,13962"
"14,41000";"15,42207";"-0,12807"
"14,42000";"15,40719";"-0,11654"
"14,43000";"15,39220";"-0,09888"
"14,44000";"15,37709";"-0,08638"
"14,45000";"15,36198";"-0,08370"
"14,46000";"15,34699";"-0,08652"
"14,47000";"15,33211";"-0,08777"
"14,48000";"15,31712";"-0,07973"
"14,49000";"15,30201";"-0,06760"
"14,50000";"15,28690";"-0,05927"
"14,51000";"15,27202";"-0,04709"
"14,52000";"15,25703";"-0,03410"
"14,53000";"15,24192";"-0,02360"
"14,54000";"15,22704";"-0,02506"
"14,55000";"15,21217";"-0,02278"
"14,56000";"15,19717";"-0,01334"
"14,57000";"15,18206";"-0,00525"
"14,58000";"15,16707";"-0,00011"
"14,59000";"15,15219";"0,00658"
"14,60000";"15,13720";"0,00932"
"14,61000";"15,12209";"0,00756"
"14,62000";"15,10698";"0,00466"
"14,63000";"15,09210";"-0,00181"
"14,64000";"15,07723";"-0,00405"
"14,65000";"15,06223";"0,00109"
"14,66000";"15,04713";"0,00774"
"14,67000";"15,03201";"0,01153"
"14,68000";"15,01726";"0,00785"
"14,69000";"15,00238";"0,00261"
"14,70000";"14,98739";"0,00386"
"14,71000";"14,97228";"0,00332"
"14,72000";"14,95728";"0,00306"
"14,73000";"14,94217";"0,01374"
"14,74000";"14,92706";"0,02141"
"14,75000";"14,91207";"0,02449"
"14,76000";"14,89719";"0,02871"
"14,77000";"14,88232";"0,03521"
"14,78000";"14,86709";"0,03130"
"14,79000";"14,85210";"0,02194"
"14,80000";"14,83722";"0,01332"
"14,81000";"14,82223";"0,01164"
"14,82000";"14,80712";"0,02135"
"14,83000";"14,79201";"0,03330"
"14,84000";"14,77713";"0,03720"
"14,85000";"14,76214";"0,03761"
"14,86000";"14,74714";"0,04380"
"14,87000";"14,73215";"0,05002"
"14,88000";"14,71716";"0,05543"
"14,89000";"14,70217";"0,05931"
"14,90000";"14,68706";"0,06277"
"14,91000";"14,67194";"0,06671"
"14,92000";"14,65695";"0,06847"
"14,93000";"14,64208";"0,07194"
"14,94000";"14,62708";"0,07740"
"14,95000";"14,61197";"0,07418"
"14,96000";"14,59698";"0,07210"
"14,97000";"14,58199";"0,07815"
"14,98000";"14,56699";"0,08660"
"14,99000";"14,55176";"0,09668"
"15,00000";"14,53677";"0,10447"
"15,01000";"14,52190";"0,10568"
"15,02000";"14,50690";"0,09868"
"15,03000";"14,49179";"0,09782"
"15,04000";"14,47680";"0,09637"
"15,05000";"14,46181";"0,09983"
"15,06000";"14,44681";"0,10996"
"15,07000";"14,43158";"0,11372"
"15,08000";"14,41671";"0,11590"
"15,09000";"14,40183";"0,11765"
"15,10000";"14,38696";"0,11931"
"15,11000";"14,37185";"0,12065"
"15,12000";"14,35685";"0,11597"
"15,13000";"14,34186";"0,11401"
"15,14000";"14,32687";"0,12284"
"15,15000";"14,31164";"0,12794"
"15,16000";"14,29665";"0,13850"
"15,17000";"14,28189";"0,14257"
"15,18000";"14,26713";"0,14693"
"15,19000";"14,25202";"0,14876"
"15,20000";"14,23679";"0,15036"
"15,21000";"14,22180";"0,14062"
"15,22000";"14,20681";"0,12328"
"15,23000";"14,19169";"0,11493"
"15,24000";"14,17670";"0,10929"
"15,25000";"14,16194";"0,11329"
"15,26000";"14,14719";"0,12074"
"15,27000";"14,13219";"0,12635"
"15,28000";"14,11708";"0,12940"
"15,29000";"14,10209";"0,12689"
"15,30000";"14,08710";"0,12575"
"15,31000";"14,07199";"0,13475"
"15,32000";"14,05688";"0,13427"
"15,33000";"14,04200";"0,13580"
"15,34000";"14,02724";"0,14741"
"15,35000";"14,01225";"0,15441"
"15,36000";"13,99714";"0,16040"
"15,37000";"13,98215";"0,15902"
"15,38000";"13,96739";"0,15786"
"15,39000";"13,95228";"0,15801"
"15,40000";"13,93717";"0,15126"
"15,41000";"13,92229";"0,15052"
"15,42000";"13,90730";"0,15808"
"15,43000";"13,89231";"0,15966"
"15,44000";"13,87719";"0,15262"
"15,45000";"13,86196";"0,14382"
"15,46000";"13,84697";"0,14453"
"15,47000";"13,83210";"0,14379"
"15,48000";"13,81699";"0,15012"
"15,49000";"13,80199";"0,15424"
"15,50000";"13,78712";"0,15260"
"15,51000";"13,77212";"0,14902"
"15,52000";"13,75690";"0,15111"
"15,53000";"13,74179";"0,16160"
"15,54000";"13,72679";"0,16610"
"15,55000";"13,71192";"0,16806"
"15,56000";"13,69692";"0,17120"
"15,57000";"13,68193";"0,17050"
"15,58000";"13,66717";"0,17164"
"15,59000";"13,65218";"0,18276"
"15,60000";"13,63719";"0,18990"
"15,61000";"13,62196";"0,18705"
"15,62000";"13,60697";"0,18254"
"15,63000";"13,59197";"0,17977"
"15,64000";"13,57698";"0,18012"
"15,65000";"13,56187";"0,17252"
"15,66000";"13,54676";"0,17131"
"15,67000";"13,53188";"0,17185"
"15,68000";"13,51689";"0,17261"
"15,69000";"13,50178";"0,17220"
"15,70000";"13,48667";"0,16755"
"15,71000";"13,47179";"0,16046"
"15,72000";"13,45704";"0,15956"
"15,73000";"13,44204";"0,16304"
"15,74000";"13,42705";"0,16878"
"15,75000";"13,41206";"0,16839"
"15,76000";"13,39718";"0,16549"
"15,77000";"13,38195";"0,16648"
"15,78000";"13,36672";"0,16440"
"15,79000";"13,35185";"0,16389"
"15,80000";"13,33709";"0,16896"
"15,81000";"13,32210";"0,17206"
"15,82000";"13,30699";"0,17477"
"15,83000";"13,29199";"0,17702"
"15,84000";"13,27700";"0,17072"
"15,85000";"13,26189";"0,15874"
"15,86000";"13,24678";"0,14962"
"15,87000";"13,23178";"0,14952"
"15,88000";"13,21703";"0,16018"
"15,89000";"13,20215";"0,17352"
"15,90000";"13,18704";"0,18457"
"15,91000";"13,17193";"0,18524"
"15,92000";"13,15694";"0,18058"
"15,93000";"13,14183";"0,17342"
"15,94000";"13,12671";"0,16755"
"15,95000";"13,11172";"0,16642"
"15,96000";"13,09697";"0,16384"
"15,97000";"13,08209";"0,17080"
"15,98000";"13,06698";"0,17238"
"15,99000";"13,05199";"0,16596"
"16,00000";"13,03699";"0,15772"
"16,01000";"13,02200";"0,15811"
"16,02000";"13,00689";"0,16241"
"16,03000";"12,99189";"0,16428"
"16,04000";"12,97702";"0,16912"
"16,05000";"12,96203";"0,16573"
"16,06000";"12,94703";"0,16692"
"16,07000";"12,93192";"0,17496"
"16,08000";"12,91693";"0,17720"
"16,09000";"12,90205";"0,17790"
"16,10000";"12,88694";"0,17782"
"16,11000";"12,87195";"0,17433"
"16,12000";"12,85708";"0,17238"
"16,13000";"12,84220";"0,17703"
"16,14000";"12,82721";"0,18234"
"16,15000";"12,81198";"0,18715"
"16,16000";"12,79699";"0,19501"
"16,17000";"12,78199";"0,20480"
"16,18000";"12,76700";"0,20462"
"16,19000";"12,75189";"0,19541"
"16,20000";"12,73701";"0,19102"
"16,21000";"12,72214";"0,19572"
"16,22000";"12,70715";"0,20011"
"16,23000";"12,69192";"0,20008"
"16,24000";"12,67669";"0,19463"
"16,25000";"12,66169";"0,19947"
"16,26000";"12,64670";"0,20903"
"16,27000";"12,63171";"0,20696"
"16,28000";"12,61683";"0,20004"
"16,29000";"12,60184";"0,19711"
"16,30000";"12,58697";"0,19514"
"16,31000";"12,57197";"0,19532"
"16,32000";"12,55686";"0,19986"
"16,33000";"12,54187";"0,20568"
"16,34000";"12,52688";"0,20703"
"16,35000";"12,51188";"0,21191"
"16,36000";"12,49689";"0,21209"
"16,37000";"12,48190";"0,20366"
"16,38000";"12,46690";"0,19085"
"16,39000";"12,45179";"0,18544"
"16,40000";"12,43680";"0,18472"
"16,41000";"12,42180";"0,18987"
"16,42000";"12,40693";"0,19565"
"16,43000";"12,39206";"0,20274"
"16,44000";"12,37706";"0,20533"
"16,45000";"12,36207";"0,21067"
"16,46000";"12,34708";"0,21323"
"16,47000";"12,33208";"0,22063"
"16,48000";"12,31697";"0,21722"
"16,49000";"12,30186";"0,20135"
"16,50000";"12,28675";"0,19304"
"16,51000";"12,27188";"0,18831"
"16,52000";"12,25700";"0,19268"
"16,53000";"12,24201";"0,19318"
"16,54000";"12,22701";"0,19557"
"16,55000";"12,21202";"0,19795"
"16,56000";"12,19691";"0,20168"
"16,57000";"12,18180";"0,19713"
"16,58000";"12,16681";"0,19818"
"16,59000";"12,15193";"0,20266"
"16,60000";"12,13694";"0,20514"
"16,61000";"12,12194";"0,20975"
"16,62000";"12,10695";"0,21181"
"16,63000";"12,09208";"0,20890"
"16,64000";"12,07708";"0,20730"
"16,65000";"12,06197";"0,20041"
"16,66000";"12,04710";"0,19785"
"16,67000";"12,03222";"0,19681"
"16,68000";"12,01723";"0,20060"
"16,69000";"12,00212";"0,20426"
"16,70000";"11,98701";"0,20608"
"16,71000";"11,97190";"0,20365"
"16,72000";"11,95690";"0,19319"
"16,73000";"11,94191";"0,18519"
"16,74000";"11,92692";"0,17925"
"16,75000";"11,91204";"0,17576"
"16,76000";"11,89717";"0,17973"
"16,77000";"11,88206";"0,18890"
"16,78000";"11,86695";"0,19230"
"16,79000";"11,85195";"0,18906"
"16,80000";"11,83696";"0,19044"
"16,81000";"11,82185";"0,18880"
"16,82000";"11,80685";"0,19063"
"16,83000";"11,79186";"0,19705"
"16,84000";"11,77699";"0,20460"
"16,85000";"11,76199";"0,21002"
"16,86000";"11,74688";"0,20750"
"16,87000";"11,73189";"0,20609"
"16,88000";"11,71690";"0,20067"
"16,89000";"11,70202";"0,19767"
"16,90000";"11,68703";"0,20400"
"16,91000";"11,67192";"0,20835"
"16,92000";"11,65693";"0,20161"
"16,93000";"11,64193";"0,19969"
"16,94000";"11,62694";"0,20311"
"16,95000";"11,61195";"0,19619"
"16,96000";"11,59695";"0,19281"
"16,97000";"11,58196";"0,19682"
"16,98000";"11,56697";"0,20401"
"16,99000";"11,55197";"0,20567"
"17,00000";"11,53710";"0,20257"
"17,01000";"11,52199";"0,19367"
"17,02000";"11,50699";"0,19043"
"17,03000";"11,49188";"0,19006"
"17,04000";"11,47689";"0,19461"
"17,05000";"11,46201";"0,20805"
"17,06000";"11,44702";"0,21680"
"17,07000";"11,43203";"0,21176"
"17,08000";"11,41704";"0,20594"
"17,09000";"11,40216";"0,20597"
"17,10000";"11,38705";"0,20745"
"17,11000";"11,37206";"0,20950"
"17,12000";"11,35683";"0,20751"
"17,13000";"11,34183";"0,20991"
"17,14000";"11,32696";"0,20966"
"17,15000";"11,31196";"0,21418"
"17,16000";"11,29697";"0,21620"
"17,17000";"11,28198";"0,21814"
"17,18000";"11,26710";"0,22085"
"17,19000";"11,25211";"0,22079"
"17,20000";"11,23700";"0,21631"
"17,21000";"11,22201";"0,20800"
"17,22000";"11,20701";"0,20765"
"17,23000";"11,19202";"0,20681"
"17,24000";"11,17691";"0,20639"
"17,25000";"11,16192";"0,21167"
"17,26000";"11,14692";"0,21920"
"17,27000";"11,13193";"0,23368"
"17,28000";"11,11682";"0,23553"
"17,29000";"11,10194";"0,22969"
"17,30000";"11,08707";"0,22650"
"17,31000";"11,07219";"0,22505"
"17,32000";"11,05708";"0,22772"
"17,33000";"11,04197";"0,22520"
"17,34000";"11,02698";"0,22591"
"17,35000";"11,01187";"0,23335"
"17,36000";"10,99688";"0,23759"
"17,37000";"10,98188";"0,23233"
"17,38000";"10,96701";"0,22494"
"17,39000";"10,95213";"0,22426"
"17,40000";"10,93714";"0,22725"
"17,41000";"10,92191";"0,22626"
"17,42000";"10,90692";"0,22567"
"17,43000";"10,89192";"0,22174"
"17,44000";"10,87681";"0,22143"
"17,45000";"10,86182";"0,22040"
"17,46000";"10,84694";"0,21657"
"17,47000";"10,83207";"0,21732"
"17,48000";"10,81696";"0,22361"
"17,49000";"10,80185";"0,23103"
"17,50000";"10,78686";"0,23652"
"17,51000";"10,77186";"0,23467"
"17,52000";"10,75699";"0,23335"
"17,53000";"10,74199";"0,23057"
"17,54000";"10,72700";"0,22743"
"17,55000";"10,71213";"0,22249"
"17,56000";"10,69725";"0,22466"
"17,57000";"10,68226";"0,22628"
"17,58000";"10,66715";"0,22641"
"17,59000";"10,65227";"0,23003"
"17,60000";"10,63728";"0,22970"
"17,61000";"10,62217";"0,22048"
"17,62000";"10,60717";"0,21510"
"17,63000";"10,59230";"0,20858"
"17,64000";"10,57731";"0,20562"
"17,65000";"10,56219";"0,20893"
"17,66000";"10,54708";"0,20915"
"17,67000";"10,53209";"0,21082"
"17,68000";"10,51722";"0,21570"
"17,69000";"10,50234";"0,22787"
"17,70000";"10,48735";"0,23706"
"17,71000";"10,47247";"0,23736"
"17,72000";"10,45736";"0,23240"
"17,73000";"10,44237";"0,22248"
"17,74000";"10,42714";"0,21639"
"17,75000";"10,41215";"0,21728"
"17,76000";"10,39715";"0,22535"
"17,77000";"10,38216";"0,24155"
"17,78000";"10,36717";"0,25036"
"17,79000";"10,35206";"0,25045"
"17,80000";"10,33706";"0,24538"
"17,81000";"10,32207";"0,23871"
"17,82000";"10,30696";"0,23512"
"17,83000";"10,29185";"0,23573"
"17,84000";"10,27697";"0,22844"
"17,85000";"10,26198";"0,22892"
"17,86000";"10,24699";"0,22931"
"17,87000";"10,23199";"0,22765"
"17,88000";"10,21712";"0,22687"
"17,89000";"10,20224";"0,22553"
"17,90000";"10,18713";"0,22959"
"17,91000";"10,17202";"0,23257"
"17,92000";"10,15703";"0,23114"
"17,93000";"10,14204";"0,23170"
"17,94000";"10,12692";"0,23779"
"17,95000";"10,11181";"0,23963"
"17,96000";"10,09670";"0,23778"
"17,97000";"10,08171";"0,22513"
"17,98000";"10,06660";"0,22313"
"17,99000";"10,05160";"0,22764"
"18,00000";"10,03673";"0,23117"
"18,01000";"10,02197";"0,24193"
"18,02000";"10,00686";"0,25203"
"18,03000";"9,99175";"0,25695"
"18,04000";"9,97676";"0,25545"
"18,05000";"9,96200";"0,26091"
"18,06000";"9,94689";"0,25931"
"18,07000";"9,93178";"0,25061"
"18,08000";"9,91690";"0,24496"
"18,09000";"9,90215";"0,23508"
"18,10000";"9,88715";"0,23152"
"18,11000";"9,87204";"0,23119"
"18,12000";"9,85705";"0,22776"
"18,13000";"9,84206";"0,22644"
"18,14000";"9,82695";"0,23211"
"18,15000";"9,81183";"0,23121"
"18,16000";"9,79684";"0,22039"
"18,17000";"9,78208";"0,21738"
"18,18000";"9,76709";"0,22697"
"18,19000";"9,75198";"0,23548"
"18,20000";"9,73699";"0,24550"
"18,21000";"9,72211";"0,24148"
"18,22000";"9,70712";"0,23652"
"18,23000";"9,69213";"0,22229"
"18,24000";"9,67701";"0,21805"
"18,25000";"9,66202";"0,22789"
"18,26000";"9,64726";"0,23947"
"18,27000";"9,63215";"0,24302"
"18,28000";"9,61704";"0,24213"
"18,29000";"9,60205";"0,23660"
"18,30000";"9,58717";"0,23146"
"18,31000";"9,57218";"0,23276"
"18,32000";"9,55719";"0,23353"
"18,33000";"9,54220";"0,23719"
"18,34000";"9,52732";"0,24784"
"18,35000";"9,51221";"0,25161"
"18,36000";"9,49698";"0,24425"
"18,37000";"9,48199";"0,24585"
"18,38000";"9,46699";"0,24862"
"18,39000";"9,45212";"0,24550"
"18,40000";"9,43701";"0,24445"
"18,41000";"9,42201";"0,24156"
"18,42000";"9,40714";"0,24146"
"18,43000";"9,39215";"0,24350"
"18,44000";"9,37692";"0,24635"
"18,45000";"9,36180";"0,24129"
"18,46000";"9,34693";"0,23969"
"18,47000";"9,33206";"0,24204"
"18,48000";"9,31694";"0,24217"
"18,49000";"9,30195";"0,24268"
"18,50000";"9,28708";"0,24595"
"18,51000";"9,27220";"0,25413"
"18,52000";"9,25721";"0,25911"
"18,53000";"9,24198";"0,26516"
"18,54000";"9,22699";"0,26352"
"18,55000";"9,21211";"0,25263"
"18,56000";"9,19712";"0,24532"
"18,57000";"9,18201";"0,23322"
"18,58000";"9,16701";"0,22538"
"18,59000";"9,15202";"0,22961"
"18,60000";"9,13703";"0,24361"
"18,61000";"9,12192";"0,24834"
"18,62000";"9,10681";"0,24581"
"18,63000";"9,09205";"0,24079"
"18,64000";"9,07717";"0,24128"
"18,65000";"9,06206";"0,24628"
"18,66000";"9,04695";"0,24811"
"18,67000";"9,03196";"0,24964"
"18,68000";"9,01696";"0,25157"
"18,69000";"9,00185";"0,25037"
"18,70000";"8,98674";"0,25312"
"18,71000";"8,97187";"0,25402"
"18,72000";"8,95699";"0,25213"
"18,73000";"8,94200";"0,24509"
"18,74000";"8,92677";"0,23996"
"18,75000";"8,91178";"0,23835"
"18,76000";"8,89690";"0,24711"
"18,77000";"8,88191";"0,26035"
"18,78000";"8,86680";"0,26755"
"18,79000";"8,85192";"0,26609"
"18,80000";"8,83717";"0,26513"
"18,81000";"8,82217";"0,26588"
"18,82000";"8,80706";"0,26835"
"18,83000";"8,79207";"0,25462"
"18,84000";"8,77708";"0,25015"
"18,85000";"8,76208";"0,25131"
"18,86000";"8,74697";"0,24335"
"18,87000";"8,73210";"0,23888"
"18,88000";"8,71734";"0,24521"
"18,89000";"8,70235";"0,25815"
"18,90000";"8,68724";"0,26361"
"18,91000";"8,67213";"0,26128"
"18,92000";"8,65713";"0,26087"
"18,93000";"8,64214";"0,26815"
"18,94000";"8,62703";"0,27498"
"18,95000";"8,61203";"0,27213"
"18,96000";"8,59716";"0,27125"
"18,97000";"8,58228";"0,27302"
"18,98000";"8,56717";"0,26896"
"18,99000";"8,55206";"0,26614"
"19,00000";"8,53695";"0,25919"
"19,01000";"8,52196";"0,25670"
"19,02000";"8,50685";"0,25372"
"19,03000";"8,49185";"0,25376"
"19,04000";"8,47698";"0,25577"
"19,05000";"8,46199";"0,25848"
"19,06000";"8,44687";"0,25699"
"19,07000";"8,43176";"0,25912"
"19,08000";"8,41665";"0,25554"
"19,09000";"8,40178";"0,26120"
"19,10000";"8,38679";"0,26721"
"19,11000";"8,37179";"0,26572"
"19,12000";"8,35692";"0,26020"
"19,13000";"8,34204";"0,25190"
"19,14000";"8,32705";"0,24613"
"19,15000";"8,31194";"0,24505"
"19,16000";"8,29683";"0,24716"
"19,17000";"8,28183";"0,24854"
"19,18000";"8,26696";"0,25023"
"19,19000";"8,25185";"0,25468"
"19,20000";"8,23685";"0,26109"
"19,21000";"8,22186";"0,26322"
"19,22000";"8,20687";"0,26258"
"19,23000";"8,19176";"0,25877"
"19,24000";"8,17665";"0,25457"
"19,25000";"8,16189";"0,25189"
"19,26000";"8,14701";"0,25354"
"19,27000";"8,13214";"0,25708"
"19,28000";"8,11703";"0,25285"
"19,29000";"8,10204";"0,25512"
"19,30000";"8,08704";"0,25526"
"19,31000";"8,07193";"0,25859"
"19,32000";"8,05682";"0,26285"
"19,33000";"8,04183";"0,25606"
"19,34000";"8,02707";"0,25246"
"19,35000";"8,01220";"0,25254"
"19,36000";"7,99708";"0,25319"
"19,37000";"7,98197";"0,24777"
"19,38000";"7,96698";"0,24321"
"19,39000";"7,95199";"0,24090"
"19,40000";"7,93688";"0,23653"
"19,41000";"7,92188";"0,23995"
"19,42000";"7,90701";"0,24456"
"19,43000";"7,89225";"0,25160"
"19,44000";"7,87714";"0,25985"
"19,45000";"7,86203";"0,26512"
"19,46000";"7,84704";"0,26670"
"19,47000";"7,83216";"0,26494"
"19,48000";"7,81705";"0,26435"
"19,49000";"7,80194";"0,25904"
"19,50000";"7,78694";"0,24882"
"19,51000";"7,77219";"0,24838"
"19,52000";"7,75719";"0,25640"
"19,53000";"7,74208";"0,25950"
"19,54000";"7,72709";"0,26141"
"19,55000";"7,71222";"0,25886"
"19,56000";"7,69710";"0,25791"
"19,57000";"7,68199";"0,25841"
"19,58000";"7,66712";"0,26013"
"19,59000";"7,65212";"0,25862"
"19,60000";"7,63725";"0,24867"
"19,61000";"7,62202";"0,25194"
"19,62000";"7,60703";"0,25056"
"19,63000";"7,59192";"0,24218"
"19,64000";"7,57681";"0,23748"
"19,65000";"7,56169";"0,24743"
"19,66000";"7,54682";"0,25121"
"19,67000";"7,53194";"0,25193"
"19,68000";"7,51707";"0,24889"
"19,69000";"7,50196";"0,24301"
"19,70000";"7,48685";"0,23993"
"19,71000";"7,47185";"0,24676"
"19,72000";"7,45686";"0,25380"
"19,73000";"7,44187";"0,26278"
"19,74000";"7,42687";"0,26268"
"19,75000";"7,41188";"0,25673"
"19,76000";"7,39701";"0,24641"
"19,77000";"7,38190";"0,24353"
"19,78000";"7,36679";"0,25024"
"19,79000";"7,35179";"0,25461"
"19,80000";"7,33680";"0,25619"
"19,81000";"7,32181";"0,26100"
"19,82000";"7,30681";"0,26240"
"19,83000";"7,29194";"0,25654"
"19,84000";"7,27706";"0,24637"
"19,85000";"7,26207";"0,24271"
"19,86000";"7,24696";"0,24491"
"19,87000";"7,23185";"0,25899"
"19,88000";"7,21685";"0,26480"
"19,89000";"7,20198";"0,26649"
"19,90000";"7,18699";"0,27261"
"19,91000";"7,17211";"0,27145"
"19,92000";"7,15712";"0,26400"
"19,93000";"7,14212";"0,26052"
"19,94000";"7,12701";"0,25921"
"19,95000";"7,11202";"0,26282"
"19,96000";"7,09691";"0,26165"
"19,97000";"7,08204";"0,25929"
"19,98000";"7,06704";"0,25509"
"19,99000";"7,05193";"0,25627"
"20,00000";"7,03694";"0,25276"
"20,01000";"7,02183";"0,25100"
"20,02000";"7,00683";"0,26123"
"20,03000";"6,99172";"0,26740"
"20,04000";"6,97685";"0,26744"
"20,05000";"6,96209";"0,26680"
"20,06000";"6,94722";"0,26888"
"20,07000";"6,93222";"0,27065"
"20,08000";"6,91723";"0,26853"
"20,09000";"6,90235";"0,27288"
"20,10000";"6,88724";"0,27443"
"20,11000";"6,87213";"0,27277"
"20,12000";"6,85702";"0,27187"
"20,13000";"6,84215";"0,26553"
"20,14000";"6,82715";"0,26603"
"20,15000";"6,81216";"0,26656"
"20,16000";"6,79705";"0,26116"
"20,17000";"6,78206";"0,25673"
"20,18000";"6,76718";"0,26112"
"20,19000";"6,75207";"0,27153"
"20,20000";"6,73708";"0,27005"
"20,21000";"6,72220";"0,25808"
"20,22000";"6,70721";"0,25380"
"20,23000";"6,69210";"0,26443"
"20,24000";"6,67687";"0,27659"
"20,25000";"6,66188";"0,28393"
"20,26000";"6,64676";"0,28192"
"20,27000";"6,63177";"0,27491"
"20,28000";"6,61666";"0,27309"
"20,29000";"6,60178";"0,27148"
"20,30000";"6,58703";"0,27233"
"20,31000";"6,57215";"0,27836"
"20,32000";"6,55704";"0,27486"
"20,33000";"6,54193";"0,26817"
"20,34000";"6,52694";"0,26388"
"20,35000";"6,51194";"0,26219"
"20,36000";"6,49683";"0,26112"
"20,37000";"6,48184";"0,25366"
"20,38000";"6,46696";"0,25399"
"20,39000";"6,45209";"0,26124"
"20,40000";"6,43710";"0,26737"
"20,41000";"6,42199";"0,27026"
"20,42000";"6,40711";"0,27601"
"20,43000";"6,39212";"0,28017"
"20,44000";"6,37712";"0,28027"
"20,45000";"6,36213";"0,27953"
"20,46000";"6,34726";"0,26977"
"20,47000";"6,33250";"0,26829"
"20,48000";"6,31751";"0,27067"
"20,49000";"6,30228";"0,26850"
"20,50000";"6,28705";"0,26887"
"20,51000";"6,27194";"0,27123"
"20,52000";"6,25683";"0,27335"
"20,53000";"6,24171";"0,27718"
"20,54000";"6,22684";"0,27251"
"20,55000";"6,21185";"0,26858"
"20,56000";"6,19685";"0,27042"
"20,57000";"6,18174";"0,26908"
"20,58000";"6,16663";"0,26254"
"20,59000";"6,15164";"0,25227"
"20,60000";"6,13676";"0,24910"
"20,61000";"6,12177";"0,25109"
"20,62000";"6,10690";"0,25228"
"20,63000";"6,09190";"0,26136"
"20,64000";"6,07703";"0,27154"
"20,65000";"6,06192";"0,27256"
"20,66000";"6,04681";"0,26712"
"20,67000";"6,03193";"0,26589"
"20,68000";"6,01706";"0,26159"
"20,69000";"6,00206";"0,26310"
"20,70000";"5,98707";"0,26601"
"20,71000";"5,97208";"0,26749"
"20,72000";"5,95720";"0,27561"
"20,73000";"5,94209";"0,27834"
"20,74000";"5,92686";"0,27604"
"20,75000";"5,91199";"0,27159"
"20,76000";"5,89711";"0,27013"
"20,77000";"5,88224";"0,27336"
"20,78000";"5,86713";"0,27904"
"20,79000";"5,85201";"0,28290"
"20,80000";"5,83702";"0,28144"
"20,81000";"5,82191";"0,28180"
"20,82000";"5,80680";"0,27438"
"20,83000";"5,79181";"0,26684"
"20,84000";"5,77717";"0,26741"
"20,85000";"5,76229";"0,27632"
"20,86000";"5,74718";"0,28483"
"20,87000";"5,73219";"0,28321"
"20,88000";"5,71719";"0,28280"
"20,89000";"5,70220";"0,28016"
"20,90000";"5,68709";"0,27440"
"20,91000";"5,67186";"0,27511"
"20,92000";"5,65699";"0,28143"
"20,93000";"5,64211";"0,28712"
"20,94000";"5,62700";"0,28854"
"20,95000";"5,61189";"0,28428"
"20,96000";"5,59678";"0,27887"
"20,97000";"5,58179";"0,27092"
"20,98000";"5,56679";"0,26448"
"20,99000";"5,55180";"0,26506"
"21,00000";"5,53692";"0,27216"
"21,01000";"5,52205";"0,28080"
"21,02000";"5,50717";"0,28385"
"21,03000";"5,49206";"0,28330"
"21,04000";"5,47707";"0,27681"
"21,05000";"5,46208";"0,27353"
"21,06000";"5,44708";"0,26553"
"21,07000";"5,43197";"0,26294"
"21,08000";"5,41710";"0,25955"
"21,09000";"5,40222";"0,26481"
"21,10000";"5,38723";"0,27541"
"21,11000";"5,37200";"0,27433"
"21,12000";"5,35701";"0,26662"
"21,13000";"5,34201";"0,26142"
"21,14000";"5,32702";"0,25986"
"21,15000";"5,31203";"0,26376"
"21,16000";"5,29715";"0,26889"
"21,17000";"5,28228";"0,27773"
"21,18000";"5,26728";"0,27439"
"21,19000";"5,25217";"0,26786"
"21,20000";"5,23706";"0,26362"
"21,21000";"5,22207";"0,26436"
"21,22000";"5,20708";"0,26902"
"21,23000";"5,19208";"0,27574"
"21,24000";"5,17697";"0,27476"
"21,25000";"5,16210";"0,26825"
"21,26000";"5,14722";"0,27202"
"21,27000";"5,13223";"0,27610"
"21,28000";"5,11700";"0,27727"
"21,29000";"5,10189";"0,27126"
"21,30000";"5,08701";"0,26538"
"21,31000";"5,07202";"0,26070"
"21,32000";"5,05703";"0,26385"
"21,33000";"5,04215";"0,26920"
"21,34000";"5,02716";"0,27223"
"21,35000";"5,01217";"0,27230"
"21,36000";"4,99694";"0,26959"
"21,37000";"4,98194";"0,26257"
"21,38000";"4,96695";"0,25707"
"21,39000";"4,95196";"0,25578"
"21,40000";"4,93673";"0,26117"
"21,41000";"4,92174";"0,26547"
"21,42000";"4,90686";"0,26320"
"21,43000";"4,89187";"0,25908"
"21,44000";"4,87676";"0,25764"
"21,45000";"4,86165";"0,26465"
"21,46000";"4,84689";"0,27441"
"21,47000";"4,83201";"0,27992"
"21,48000";"4,81714";"0,28804"
"21,49000";"4,80203";"0,28134"
"21,50000";"4,78715";"0,28045"
"21,51000";"4,77216";"0,28334"
"21,52000";"4,75705";"0,28252"
"21,53000";"4,74194";"0,26957"
"21,54000";"4,72694";"0,26218"
"21,55000";"4,71207";"0,26170"
"21,56000";"4,69719";"0,26348"
"21,57000";"4,68208";"0,26425"
"21,58000";"4,66697";"0,26711"
"21,59000";"4,65210";"0,26558"
"21,60000";"4,63710";"0,26061"
"21,61000";"4,62199";"0,25556"
"21,62000";"4,60700";"0,25397"
"21,63000";"4,59213";"0,24563"
"21,64000";"4,57725";"0,24735"
"21,65000";"4,56226";"0,24920"
"21,66000";"4,54738";"0,24734"
"21,67000";"4,53251";"0,24908"
"21,68000";"4,51751";"0,25574"
"21,69000";"4,50228";"0,26184"
"21,70000";"4,48706";"0,26759"
"21,71000";"4,47218";"0,27257"
"21,72000";"4,45731";"0,27823"
"21,73000";"4,44219";"0,27955"
"21,74000";"4,42708";"0,28120"
"21,75000";"4,41197";"0,28374"
"21,76000";"4,39698";"0,27476"
"21,77000";"4,38199";"0,26239"
"21,78000";"4,36687";"0,25200"
"21,79000";"4,35200";"0,24972"
"21,80000";"4,33712";"0,25406"
"21,81000";"4,32213";"0,26965"
"21,82000";"4,30702";"0,28009"
"21,83000";"4,29215";"0,27567"
"21,84000";"4,27715";"0,27206"
"21,85000";"4,26228";"0,27605"
"21,86000";"4,24717";"0,27750"
"21,87000";"4,23217";"0,27739"
"21,88000";"4,21730";"0,27514"
"21,89000";"4,20254";"0,27205"
"21,90000";"4,18731";"0,27821"
"21,91000";"4,17208";"0,27675"
"21,92000";"4,15721";"0,27648"
"21,93000";"4,14233";"0,28097"
"21,94000";"4,12722";"0,28338"
"21,95000";"4,11211";"0,27456"
"21,96000";"4,09700";"0,27213"
"21,97000";"4,08201";"0,27458"
"21,98000";"4,06690";"0,27553"
"21,99000";"4,05178";"0,27220"
"22,00000";"4,03679";"0,26489"
"22,01000";"4,02192";"0,26157"
"22,02000";"4,00704";"0,26398"
"22,03000";"3,99193";"0,25919"
"22,04000";"3,97682";"0,25221"
"22,05000";"3,96194";"0,24841"
"22,06000";"3,94683";"0,25032"
"22,07000";"3,93160";"0,25893"
"22,08000";"3,91661";"0,26516"
"22,09000";"3,90185";"0,26699"
"22,10000";"3,88698";"0,27015"
"22,11000";"3,87187";"0,27468"
"22,12000";"3,85676";"0,28013"
"22,13000";"3,84176";"0,28175"
"22,14000";"3,82665";"0,28133"
"22,15000";"3,81154";"0,27174"
"22,16000";"3,79643";"0,26734"
"22,17000";"3,78167";"0,27055"
"22,18000";"3,76692";"0,27593"
"22,19000";"3,75192";"0,27107"
"22,20000";"3,73693";"0,26699"
"22,21000";"3,72194";"0,26331"
"22,22000";"3,70694";"0,25904"
"22,23000";"3,69172";"0,25898"
"22,24000";"3,67649";"0,25880"
"22,25000";"3,66161";"0,26316"
"22,26000";"3,64685";"0,27173"
"22,27000";"3,63186";"0,27705"
"22,28000";"3,61675";"0,27330"
"22,29000";"3,60187";"0,26579"
"22,30000";"3,58700";"0,26588"
"22,31000";"3,57201";"0,27088"
"22,32000";"3,55690";"0,26869"
"22,33000";"3,54202";"0,26503"
"22,34000";"3,52726";"0,27389"
"22,35000";"3,51227";"0,28054"
"22,36000";"3,49716";"0,27563"
"22,37000";"3,48193";"0,26996"
"22,38000";"3,46706";"0,26902"
"22,39000";"3,45194";"0,27293"
"22,40000";"3,43695";"0,27469"
"22,41000";"3,42208";"0,27678"
"22,42000";"3,40732";"0,27079"
"22,43000";"3,39244";"0,26898"
"22,44000";"3,37733";"0,26862"
"22,45000";"3,36210";"0,26912"
"22,46000";"3,34723";"0,27463"
"22,47000";"3,33212";"0,27367"
"22,48000";"3,31689";"0,26795"
"22,49000";"3,30190";"0,26283"
"22,50000";"3,28702";"0,25902"
"22,51000";"3,27215";"0,26618"
"22,52000";"3,25703";"0,26506"
"22,53000";"3,24181";"0,26413"
"22,54000";"3,22681";"0,26407"
"22,55000";"3,21182";"0,26355"
"22,56000";"3,19683";"0,26485"
"22,57000";"3,18183";"0,26188"
"22,58000";"3,16696";"0,26069"
"22,59000";"3,15197";"0,25839"
"22,60000";"3,13685";"0,25326"
"22,61000";"3,12186";"0,24883"
"22,62000";"3,10687";"0,25090"
"22,63000";"3,09187";"0,25329"
"22,64000";"3,07700";"0,24674"
"22,65000";"3,06201";"0,24058"
"22,66000";"3,04713";"0,24436"
"22,67000";"3,03214";"0,25684"
"22,68000";"3,01715";"0,26919"
"22,69000";"3,00192";"0,27046"
"22,70000";"2,98681";"0,27131"
"22,71000";"2,97193";"0,26955"
"22,72000";"2,95706";"0,27186"
"22,73000";"2,94206";"0,27886"
"22,74000";"2,92707";"0,27534"
"22,75000";"2,91208";"0,26495"
"22,76000";"2,89708";"0,24877"
"22,77000";"2,88197";"0,24345"
"22,78000";"2,86686";"0,24683"
"22,79000";"2,85187";"0,26004"
"22,80000";"2,83699";"0,27004"
"22,81000";"2,82200";"0,27446"
"22,82000";"2,80701";"0,27418"
"22,83000";"2,79213";"0,27103"
"22,84000";"2,77714";"0,26690"
"22,85000";"2,76203";"0,26264"
"22,86000";"2,74680";"0,26733"
"22,87000";"2,73181";"0,26419"
"22,88000";"2,71693";"0,25618"
"22,89000";"2,70206";"0,25552"
"22,90000";"2,68694";"0,25538"
"22,91000";"2,67183";"0,25994"
"22,92000";"2,65696";"0,26765"
"22,93000";"2,64185";"0,27532"
"22,94000";"2,62674";"0,28094"
"22,95000";"2,61174";"0,28583"
"22,96000";"2,59687";"0,28474"
"22,97000";"2,58211";"0,28320"
"22,98000";"2,56700";"0,28687"
"22,99000";"2,55189";"0,28068"
"23,00000";"2,53690";"0,26927"
"23,01000";"2,52190";"0,26073"
"23,02000";"2,50679";"0,26333"
"23,03000";"2,49192";"0,26494"
"23,04000";"2,47704";"0,27006"
"23,05000";"2,46228";"0,27638"
"23,06000";"2,44729";"0,28181"
"23,07000";"2,43206";"0,27803"
"23,08000";"2,41695";"0,27346"
"23,09000";"2,40184";"0,27229"
"23,10000";"2,38673";"0,27643"
"23,11000";"2,37162";"0,27272"
"23,12000";"2,35674";"0,26749"
"23,13000";"2,34199";"0,26915"
"23,14000";"2,32711";"0,27255"
"23,15000";"2,31200";"0,26977"
"23,16000";"2,29701";"0,26185"
"23,17000";"2,28201";"0,25336"
"23,18000";"2,26702";"0,25588"
"23,19000";"2,25203";"0,26471"
"23,20000";"2,23703";"0,26328"
"23,21000";"2,22216";"0,26008"
"23,22000";"2,20717";"0,25727"
"23,23000";"2,19217";"0,25840"
"23,24000";"2,17706";"0,25962"
"23,25000";"2,16207";"0,25991"
"23,26000";"2,14696";"0,26173"
"23,27000";"2,13197";"0,26608"
"23,28000";"2,11697";"0,26627"
"23,29000";"2,10198";"0,26582"
"23,30000";"2,08699";"0,25916"
"23,31000";"2,07188";"0,25800"
"23,32000";"2,05676";"0,26202"
"23,33000";"2,04177";"0,25813"
"23,34000";"2,02678";"0,25579"
"23,35000";"2,01190";"0,25508"
"23,36000";"1,99703";"0,26005"
"23,37000";"1,98203";"0,26161"
"23,38000";"1,96704";"0,24965"
"23,39000";"1,95205";"0,24651"
"23,40000";"1,93694";"0,24183"
"23,41000";"1,92194";"0,23953"
"23,42000";"1,90707";"0,25065"
"23,43000";"1,89208";"0,25560"
"23,44000";"1,87708";"0,26441"
"23,45000";"1,86221";"0,26662"
"23,46000";"1,84722";"0,26510"
"23,47000";"1,83210";"0,26117"
"23,48000";"1,81699";"0,25826"
"23,49000";"1,80188";"0,26062"
"23,50000";"1,78689";"0,26628"
"23,51000";"1,77190";"0,27334"
"23,52000";"1,75702";"0,27924"
"23,53000";"1,74191";"0,28395"
"23,54000";"1,72692";"0,28268"
"23,55000";"1,71192";"0,28365"
"23,56000";"1,69693";"0,27398"
"23,57000";"1,68182";"0,25955"
"23,58000";"1,66683";"0,25870"
"23,59000";"1,65207";"0,25821"
"23,60000";"1,63708";"0,26649"
"23,61000";"1,62208";"0,27041"
"23,62000";"1,60697";"0,27457"
"23,63000";"1,59198";"0,27972"
"23,64000";"1,57699";"0,27993"
"23,65000";"1,56187";"0,27726"
"23,66000";"1,54700";"0,27498"
"23,67000";"1,53201";"0,27803"
"23,68000";"1,51713";"0,27886"
"23,69000";"1,50202";"0,26979"
"23,70000";"1,48703";"0,25863"
"23,71000";"1,47192";"0,25516"
"23,72000";"1,45692";"0,25856"
"23,73000";"1,44181";"0,26090"
"23,74000";"1,42682";"0,26036"
"23,75000";"1,41194";"0,25948"
"23,76000";"1,39707";"0,26165"
"23,77000";"1,38196";"0,26707"
"23,78000";"1,36685";"0,27404"
"23,79000";"1,35185";"0,27280"
"23,80000";"1,33686";"0,27204"
"23,81000";"1,32187";"0,27415"
"23,82000";"1,30687";"0,27156"
"23,83000";"1,29188";"0,27173"
"23,84000";"1,27713";"0,26705"
"23,85000";"1,26213";"0,25931"
"23,86000";"1,24702";"0,24717"
"23,87000";"1,23215";"0,24619"
"23,88000";"1,21715";"0,25306"
"23,89000";"1,20216";"0,26463"
"23,90000";"1,18705";"0,27268"
"23,91000";"1,17206";"0,27451"
"23,92000";"1,15706";"0,27581"
"23,93000";"1,14219";"0,27763"
"23,94000";"1,12696";"0,27613"
"23,95000";"1,11185";"0,27557"
"23,96000";"1,09685";"0,26861"
"23,97000";"1,08198";"0,27002"
"23,98000";"1,06710";"0,26910"
"23,99000";"1,05211";"0,26290"
"24,00000";"1,03712";"0,25746"
"24,01000";"1,02213";"0,25059"
"24,02000";"1,00701";"0,24974"
"24,03000";"0,99190";"0,25938"
"24,04000";"0,97691";"0,26695"
"24,05000";"0,96192";"0,27306"
"24,06000";"0,94704";"0,26919"
"24,07000";"0,93193";"0,26186"
"24,08000";"0,91706";"0,24796"
"24,09000";"0,90206";"0,24627"
"24,10000";"0,88707";"0,25555"
"24,11000";"0,87196";"0,26472"
"24,12000";"0,85685";"0,26639"
"24,13000";"0,84185";"0,26516"
"24,14000";"0,82698";"0,26559"
"24,15000";"0,81199";"0,26502"
"24,16000";"0,79699";"0,26218"
"24,17000";"0,78212";"0,25960"
"24,18000";"0,76724";"0,26481"
"24,19000";"0,75225";"0,26648"
"24,20000";"0,73726";"0,26554"
"24,21000";"0,72226";"0,27288"
"24,22000";"0,70739";"0,28157"
"24,23000";"0,69228";"0,28292"
"24,24000";"0,67705";"0,28150"
"24,25000";"0,66194";"0,27299"
"24,26000";"0,64706";"0,25289"
"24,27000";"0,63207";"0,24098"
"24,28000";"0,61696";"0,23078"
"24,29000";"0,60197";"0,23249"
"24,30000";"0,58709";"0,23953"
"24,31000";"0,57198";"0,24492"
"24,32000";"0,55687";"0,25411"
"24,33000";"0,54188";"0,25522"
"24,34000";"0,52676";"0,26134"
"24,35000";"0,51189";"0,26081"
"24,36000";"0,49666";"0,25884"
"24,37000";"0,48167";"0,26131"
"24,38000";"0,46679";"0,26272"
"24,39000";"0,45203";"0,26202"
"24,40000";"0,43704";"0,25548"
"24,41000";"0,42193";"0,25349"
"24,42000";"0,40694";"0,26175"
"24,43000";"0,39194";"0,26646"
"24,44000";"0,37683";"0,26679"
"24,45000";"0,36184";"0,26525"
"24,46000";"0,34685";"0,26530"
"24,47000";"0,33209";"0,26233"
"24,48000";"0,31710";"0,26596"
"24,49000";"0,30199";"0,26552"
"24,50000";"0,28699";"0,25910"
"24,51000";"0,27212";"0,25776"
"24,52000";"0,25701";"0,26634"
"24,53000";"0,24190";"0,27356"
"24,54000";"0,22690";"0,27801"
"24,55000";"0,21203";"0,27998"
"24,56000";"0,19703";"0,29111"
"24,57000";"0,18192";"0,28963"
"24,58000";"0,16693";"0,28068"
"24,59000";"0,15206";"0,27088"
"24,60000";"0,13706";"0,26919"
"24,61000";"0,12207";"0,27149"
"24,62000";"0,10719";"0,27137"
"24,63000";"0,09232";"0,26713"
"24,64000";"0,07733";"0,26561"
"24,65000";"0,06233";"0,27134"
"24,66000";"0,04710";"0,27801"
"24,67000";"0,03223";"0,28107"
"24,68000";"0,01724";"0,27432"
"24,69000";"0,00213";"0,26861"
"24,69200";"-0,00083";"0,26788"
"24,69400";"-0,00378";"0,26749"
"24,70400";"-0,01688";"0,26868"
"24,71400";"-0,02408";"0,27891"
"24,72000";"-0,02585";"0,28903"
"24,73000";"-0,02515";"0,30738"
"24,74000";"-0,02031";"0,31683"
"24,75000";"-0,00885";"0,33190"
"24,76000";"0,00803";"0,33761"
"24,77000";"0,02822";"0,33697"
"24,78000";"0,04994";"0,33140"
"24,79000";"0,07178";"0,31662"
"24,80000";"0,09338";"0,29403"
"24,81000";"0,11404";"0,27610"
"24,82000";"0,13387";"0,25845"
"24,83000";"0,15276";"0,24199"
"24,84000";"0,17094";"0,23276"
"24,85000";"0,18842";"0,23917"
"24,86000";"0,20542";"0,24625"
"24,87000";"0,22206";"0,24836"
"24,88000";"0,23835";"0,25265"
"24,89000";"0,25417";"0,25870"
"24,90000";"0,26999";"0,25201"
"24,91000";"0,28558";"0,24799"
"24,92000";"0,30104";"0,25449"
"24,93000";"0,31651";"0,26155"
"24,94000";"0,33185";"0,26731"
"24,95000";"0,34708";"0,27683"
"24,96000";"0,36219";"0,27928"
"24,97000";"0,37731";"0,27796"
"24,98000";"0,39230";"0,27482"
"24,99000";"0,40741";"0,26990"
"25,00000";"0,42252";"0,26619"
"25,01000";"0,43775";"0,26468"
"25,02000";"0,45286";"0,26525"
"25,03000";"0,46797";"0,27065"
"25,04000";"0,48285";"0,27437"
"25,05000";"0,49796";"0,27150"
"25,06000";"0,51272";"0,26814"
"25,07000";"0,52771";"0,26251"
"25,08000";"0,54270";"0,25922"
"25,09000";"0,55781";"0,26111"
"25,10000";"0,57281";"0,26180"
"25,11000";"0,58792";"0,26128"
"25,12000";"0,60291";"0,26586"
"25,13000";"0,61790";"0,27306"
"25,14000";"0,63301";"0,27258"
"25,15000";"0,64801";"0,26662"
"25,16000";"0,66300";"0,26129"
"25,17000";"0,67811";"0,25888"
"25,18000";"0,69299";"0,25667"
"25,19000";"0,70798";"0,25482"
"25,20000";"0,72285";"0,25183"
"25,21000";"0,73797";"0,25570"
"25,22000";"0,75296";"0,26296"
"25,23000";"0,76795";"0,26660"
"25,24000";"0,78306";"0,26754"
"25,25000";"0,79806";"0,26708"
"25,26000";"0,81305";"0,27242"
"25,27000";"0,82804";"0,27603"
"25,28000";"0,84292";"0,28008"
"25,29000";"0,85791";"0,27549"
"25,30000";"0,87290";"0,27078"
"25,31000";"0,88778";"0,26282"
"25,32000";"0,90289";"0,26546"
"25,33000";"0,91788";"0,27251"
"25,34000";"0,93299";"0,27777"
"25,35000";"0,94799";"0,27744"
"25,36000";"0,96298";"0,26603"
"25,37000";"0,97797";"0,25758"
"25,38000";"0,99297";"0,25228"
"25,39000";"1,00796";"0,25222"
"25,40000";"1,02307";"0,25726"
"25,41000";"1,03806";"0,26221"
"25,42000";"1,05306";"0,26144"
"25,43000";"1,06805";"0,25901"
"25,44000";"1,08304";"0,26300"
"25,45000";"1,09803";"0,26362"
"25,46000";"1,11303";"0,26004"
"25,47000";"1,12802";"0,26338"
"25,48000";"1,14301";"0,27199"
"25,49000";"1,15801";"0,26868"
"25,50000";"1,17300";"0,27459"
"25,51000";"1,18799";"0,27483"
"25,52000";"1,20299";"0,27435"
"25,53000";"1,21798";"0,27065"
"25,54000";"1,23285";"0,26180"
"25,55000";"1,24797";"0,26036"
"25,56000";"1,26308";"0,26555"
"25,57000";"1,27819";"0,26844"
"25,58000";"1,29306";"0,27011"
"25,59000";"1,30794";"0,27102"
"25,60000";"1,32293";"0,27548"
"25,61000";"1,33792";"0,28324"
"25,62000";"1,35292";"0,28764"
"25,63000";"1,36791";"0,28664"
"25,64000";"1,38302";"0,28205"
"25,65000";"1,39801";"0,28044"
"25,66000";"1,41313";"0,28700"
"25,67000";"1,42812";"0,29402"
"25,68000";"1,44311";"0,29306"
"25,69000";"1,45799";"0,28818"
"25,70000";"1,47286";"0,28032"
"25,71000";"1,48797";"0,27048"
"25,72000";"1,50297";"0,26462"
"25,73000";"1,51808";"0,26047"
"25,74000";"1,53307";"0,26019"
"25,75000";"1,54806";"0,26674"
"25,76000";"1,56306";"0,27323"
"25,77000";"1,57805";"0,27328"
"25,78000";"1,59304";"0,26899"
"25,79000";"1,60815";"0,26589"
"25,80000";"1,62315";"0,26431"
"25,81000";"1,63814";"0,26683"
"25,82000";"1,65313";"0,26278"
"25,83000";"1,66801";"0,26030"
"25,84000";"1,68312";"0,26563"
"25,85000";"1,69811";"0,28051"
"25,86000";"1,71310";"0,28793"
"25,87000";"1,72810";"0,28037"
"25,88000";"1,74309";"0,27369"
"25,89000";"1,75808";"0,26971"
"25,90000";"1,77308";"0,26923"
"25,91000";"1,78795";"0,26682"
"25,92000";"1,80294";"0,25792"
"25,93000";"1,81782";"0,26013"
"25,94000";"1,83281";"0,25870"
"25,95000";"1,84792";"0,26078"
"25,96000";"1,86292";"0,26603"
"25,97000";"1,87803";"0,27175"
"25,98000";"1,89302";"0,27841"
"25,99000";"1,90801";"0,27726"
"26,00000";"1,92313";"0,27661"
"26,01000";"1,93800";"0,27865"
"26,02000";"1,95299";"0,27681"
"26,03000";"1,96799";"0,27473"
"26,04000";"1,98298";"0,27413"
"26,05000";"1,99797";"0,27610"
"26,06000";"2,01297";"0,27985"
"26,07000";"2,02784";"0,27953"
"26,08000";"2,04283";"0,28060"
"26,09000";"2,05783";"0,28127"
"26,10000";"2,07294";"0,27825"
"26,11000";"2,08793";"0,27536"
"26,12000";"2,10292";"0,27292"
"26,13000";"2,11792";"0,26875"
"26,14000";"2,13291";"0,26280"
"26,15000";"2,14790";"0,25984"
"26,16000";"2,16290";"0,25522"
"26,17000";"2,17789";"0,24857"
"26,18000";"2,19288";"0,24713"
"26,19000";"2,20788";"0,25742"
"26,20000";"2,22287";"0,26299"
"26,21000";"2,23786";"0,26944"
"26,22000";"2,25274";"0,27306"
"26,23000";"2,26785";"0,27692"
"26,24000";"2,28272";"0,28209"
"26,25000";"2,29760";"0,28216"
"26,26000";"2,31271";"0,28331"
"26,27000";"2,32782";"0,28398"
"26,28000";"2,34293";"0,28745"
"26,29000";"2,35792";"0,28696"
"26,30000";"2,37303";"0,28035"
"26,31000";"2,38803";"0,26450"
"26,32000";"2,40302";"0,25761"
"26,33000";"2,41801";"0,26060"
"26,34000";"2,43313";"0,26847"
"26,35000";"2,44812";"0,26902"
"26,36000";"2,46323";"0,27019"
"26,37000";"2,47822";"0,26534"
"26,38000";"2,49333";"0,26390"
"26,39000";"2,50821";"0,26157"
"26,40000";"2,52320";"0,25649"
"26,41000";"2,53796";"0,25936"
"26,42000";"2,55283";"0,26610"
"26,43000";"2,56771";"0,26693"
"26,44000";"2,58258";"0,26297"
"26,45000";"2,59746";"0,27316"
"26,46000";"2,61245";"0,27706"
"26,47000";"2,62733";"0,28729"
"26,48000";"2,64220";"0,29138"
"26,49000";"2,65731";"0,28864"
"26,50000";"2,67242";"0,28125"
"26,51000";"2,68753";"0,27310"
"26,52000";"2,70265";"0,27057"
"26,53000";"2,71764";"0,27035"
"26,54000";"2,73275";"0,26981"
"26,55000";"2,74798";"0,26953"
"26,56000";"2,76321";"0,27344"
"26,57000";"2,77844";"0,27887"
"26,58000";"2,79343";"0,28356"
"26,59000";"2,80854";"0,28378"
"26,60000";"2,82353";"0,27898"
"26,61000";"2,83853";"0,27890"
"26,62000";"2,85340";"0,27539"
"26,63000";"2,86840";"0,27572"
"26,64000";"2,88327";"0,27327"
"26,65000";"2,89815";"0,27159"
"26,66000";"2,91302";"0,27918"
"26,67000";"2,92813";"0,28747"
"26,68000";"2,94313";"0,28650"
"26,69000";"2,95800";"0,28544"
"26,70000";"2,97311";"0,28565"
"26,71000";"2,98810";"0,28367"
"26,72000";"3,00310";"0,27696"
"26,73000";"3,01809";"0,27242"
"26,74000";"3,03308";"0,27477"
"26,75000";"3,04796";"0,26974"
"26,76000";"3,06283";"0,26098"
"26,77000";"3,07771";"0,26094"
"26,78000";"3,09246";"0,25785"
"26,79000";"3,10746";"0,26090"
"26,80000";"3,12233";"0,27215"
"26,81000";"3,13733";"0,28463"
"26,82000";"3,15232";"0,29407"
"26,83000";"3,16755";"0,29325"
"26,84000";"3,18278";"0,29733"
"26,85000";"3,19801";"0,29156"
"26,86000";"3,21312";"0,28338"
"26,87000";"3,22823";"0,27436"
"26,88000";"3,24322";"0,27140"
"26,89000";"3,25833";"0,27652"
"26,90000";"3,27333";"0,27964"
"26,91000";"3,28844";"0,27858"
"26,92000";"3,30355";"0,27262"
"26,93000";"3,31866";"0,26932"
"26,94000";"3,33365";"0,26656"
"26,95000";"3,34841";"0,26922"
"26,96000";"3,36328";"0,27156"
"26,97000";"3,37828";"0,26980"
"26,98000";"3,39327";"0,26891"
"26,99000";"3,40826";"0,27460"
"27,00000";"3,42314";"0,28459"
"27,01000";"3,43813";"0,28809"
"27,02000";"3,45312";"0,29209"
"27,03000";"3,46788";"0,29441"
"27,04000";"3,48276";"0,29018"
"27,05000";"3,49763";"0,28982"
"27,06000";"3,51239";"0,28945"
"27,07000";"3,52738";"0,28175"
"27,08000";"3,54226";"0,27467"
"27,09000";"3,55725";"0,27407"
"27,10000";"3,57224";"0,27126"
"27,11000";"3,58724";"0,27617"
"27,12000";"3,60247";"0,28000"
"27,13000";"3,61781";"0,27868"
"27,14000";"3,63304";"0,27361"
"27,15000";"3,64803";"0,27237"
"27,16000";"3,66315";"0,27759"
"27,17000";"3,67814";"0,27683"
"27,18000";"3,69325";"0,26901"
"27,19000";"3,70836";"0,26352"
"27,20000";"3,72347";"0,26373"
"27,21000";"3,73858";"0,26078"
"27,22000";"3,75369";"0,25703"
"27,23000";"3,76857";"0,25947"
"27,24000";"3,78356";"0,26527"
"27,25000";"3,79856";"0,26752"
"27,26000";"3,81331";"0,27686"
"27,27000";"3,82819";"0,28185"
"27,28000";"3,84306";"0,28137"
"27,29000";"3,85806";"0,27423"
"27,30000";"3,87305";"0,26625"
"27,31000";"3,88804";"0,26549"
"27,32000";"3,90303";"0,26801"
"27,33000";"3,91803";"0,27749"
"27,34000";"3,93302";"0,28501"
"27,35000";"3,94778";"0,28438"
"27,36000";"3,96265";"0,28853"
"27,37000";"3,97765";"0,28880"
"27,38000";"3,99276";"0,28102"
"27,39000";"4,00775";"0,27364"
"27,40000";"4,02274";"0,26691"
"27,41000";"4,03774";"0,26434"
"27,42000";"4,05285";"0,26714"
"27,43000";"4,06772";"0,26658"
"27,44000";"4,08272";"0,26597"
"27,45000";"4,09794";"0,27380"
"27,46000";"4,11306";"0,28300"
"27,47000";"4,12828";"0,28139"
"27,48000";"4,14340";"0,27679"
"27,49000";"4,15863";"0,27326"
"27,50000";"4,17362";"0,26846"
"27,51000";"4,18861";"0,26545"
"27,52000";"4,20360";"0,26017"
"27,53000";"4,21860";"0,25809"
"27,54000";"4,23347";"0,26490"
"27,55000";"4,24847";"0,26585"
"27,56000";"4,26322";"0,26377"
"27,57000";"4,27810";"0,26202"
"27,58000";"4,29309";"0,26419"
"27,59000";"4,30797";"0,26592"
"27,60000";"4,32296";"0,27059"
"27,61000";"4,33807";"0,27853"
"27,62000";"4,35306";"0,28574"
"27,63000";"4,36817";"0,28904"
"27,64000";"4,38305";"0,28512"
"27,65000";"4,39792";"0,27186"
"27,66000";"4,41268";"0,26476"
"27,67000";"4,42767";"0,25830"
"27,68000";"4,44278";"0,26101"
"27,69000";"4,45778";"0,27184"
"27,70000";"4,47277";"0,28024"
"27,71000";"4,48776";"0,28981"
"27,72000";"4,50276";"0,28660"
"27,73000";"4,51775";"0,28340"
"27,74000";"4,53274";"0,27592"
"27,75000";"4,54785";"0,26745"
"27,76000";"4,56308";"0,26484"
"27,77000";"4,57831";"0,26532"
"27,78000";"4,59331";"0,26563"
"27,79000";"4,60842";"0,26487"
"27,80000";"4,62329";"0,26156"
"27,81000";"4,63817";"0,26722"
"27,82000";"4,65304";"0,26764"
"27,83000";"4,66792";"0,27146"
"27,84000";"4,68303";"0,27526"
"27,85000";"4,69814";"0,27576"
"27,86000";"4,71313";"0,27281"
"27,87000";"4,72813";"0,27098"
"27,88000";"4,74312";"0,27108"
"27,89000";"4,75811";"0,26853"
"27,90000";"4,77310";"0,26699"
"27,91000";"4,78798";"0,26514"
"27,92000";"4,80297";"0,27097"
"27,93000";"4,81797";"0,26914"
"27,94000";"4,83296";"0,26985"
"27,95000";"4,84783";"0,27513"
"27,96000";"4,86283";"0,27736"
"27,97000";"4,87782";"0,28224"
"27,98000";"4,89269";"0,27787"
"27,99000";"4,90769";"0,27371"
"28,00000";"4,92280";"0,27623"
"28,01000";"4,93779";"0,27779"
"28,02000";"4,95278";"0,28077"
"28,03000";"4,96790";"0,28344"
"28,04000";"4,98301";"0,28716"
"28,05000";"4,99812";"0,28123"
"28,06000";"5,01311";"0,27689"
"28,07000";"5,02822";"0,27031"
"28,08000";"5,04333";"0,26641"
"28,09000";"5,05844";"0,26927"
"28,10000";"5,07344";"0,27169"
"28,11000";"5,08843";"0,26801"
"28,12000";"5,10331";"0,26620"
"28,13000";"5,11818";"0,26654"
"28,14000";"5,13317";"0,27000"
"28,15000";"5,14817";"0,27661"
"28,16000";"5,16304";"0,28432"
"28,17000";"5,17827";"0,29310"
"28,18000";"5,19326";"0,29932"
"28,19000";"5,20814";"0,30246"
"28,20000";"5,22301";"0,30235"
"28,21000";"5,23789";"0,29948"
"28,22000";"5,25276";"0,29069"
"28,23000";"5,26776";"0,27949"
"28,24000";"5,28287";"0,27029"
"28,25000";"5,29786";"0,26383"
"28,26000";"5,31285";"0,26526"
"28,27000";"5,32785";"0,27048"
"28,28000";"5,34296";"0,27903"
"28,29000";"5,35795";"0,27716"
"28,30000";"5,37294";"0,26140"
"28,31000";"5,38806";"0,25915"
"28,32000";"5,40305";"0,26873"
"28,33000";"5,41804";"0,26456"
"28,34000";"5,43315";"0,25481"
"28,35000";"5,44815";"0,25246"
"28,36000";"5,46314";"0,25535"
"28,37000";"5,47813";"0,25633"
"28,38000";"5,49324";"0,26446"
"28,39000";"5,50824";"0,27408"
"28,40000";"5,52323";"0,27982"
"28,41000";"5,53810";"0,28098"
"28,42000";"5,55310";"0,27852"
"28,43000";"5,56809";"0,28153"
"28,44000";"5,58297";"0,28553"
"28,45000";"5,59784";"0,28306"
"28,46000";"5,61283";"0,28502"
"28,47000";"5,62794";"0,28655"
"28,48000";"5,64294";"0,28780"
"28,49000";"5,65793";"0,28274"
"28,50000";"5,67292";"0,28196"
"28,51000";"5,68804";"0,27541"
"28,52000";"5,70303";"0,26869"
"28,53000";"5,71802";"0,26307"
"28,54000";"5,73301";"0,26372"
"28,55000";"5,74801";"0,26149"
"28,56000";"5,76312";"0,26512"
"28,57000";"5,77811";"0,27105"
"28,58000";"5,79322";"0,27863"
"28,59000";"5,80822";"0,28224"
"28,60000";"5,82321";"0,28319"
"28,61000";"5,83808";"0,27229"
"28,62000";"5,85308";"0,27664"
"28,63000";"5,86807";"0,28813"
"28,64000";"5,88318";"0,29003"
"28,65000";"5,89806";"0,28109"
"28,66000";"5,91305";"0,27649"
"28,67000";"5,92804";"0,26607"
"28,68000";"5,94303";"0,26334"
"28,69000";"5,95803";"0,26899"
"28,70000";"5,97302";"0,27828"
"28,71000";"5,98801";"0,28370"
"28,72000";"6,00312";"0,28163"
"28,73000";"6,01812";"0,27966"
"28,74000";"6,03311";"0,27602"
"28,75000";"6,04810";"0,27856"
"28,76000";"6,06310";"0,27742"
"28,77000";"6,07809";"0,27292"
"28,78000";"6,09308";"0,27654"
"28,79000";"6,10796";"0,27994"
"28,80000";"6,12295";"0,28573"
"28,81000";"6,13794";"0,29381"
"28,82000";"6,15294";"0,29384"
"28,83000";"6,16781";"0,29420"
"28,84000";"6,18281";"0,29352"
"28,85000";"6,19780";"0,28491"
"28,86000";"6,21291";"0,28931"
"28,87000";"6,22802";"0,29474"
"28,88000";"6,24313";"0,28703"
"28,89000";"6,25812";"0,28137"
"28,90000";"6,27312";"0,27835"
"28,91000";"6,28811";"0,28048"
"28,92000";"6,30299";"0,27977"
"28,93000";"6,31810";"0,28956"
"28,94000";"6,33309";"0,29109"
"28,95000";"6,34808";"0,29228"
"28,96000";"6,36308";"0,28402"
"28,97000";"6,37807";"0,27724"
"28,98000";"6,39306";"0,27331"
"28,99000";"6,40806";"0,27340"
"29,00000";"6,42293";"0,26678"
"29,01000";"6,43804";"0,27260"
"29,02000";"6,45315";"0,27315"
"29,03000";"6,46803";"0,27547"
"29,04000";"6,48302";"0,27966"
"29,05000";"6,49790";"0,27715"
"29,06000";"6,51289";"0,27503"
"29,07000";"6,52788";"0,28177"
"29,08000";"6,54287";"0,28951"
"29,09000";"6,55775";"0,28935"
"29,10000";"6,57286";"0,29407"
"29,11000";"6,58797";"0,29561"
"29,12000";"6,60297";"0,29816"
"29,13000";"6,61796";"0,29605"
"29,14000";"6,63295";"0,28712"
"29,15000";"6,64794";"0,27946"
"29,16000";"6,66282";"0,27775"
"29,17000";"6,67781";"0,27794"
"29,18000";"6,69292";"0,28460"
"29,19000";"6,70792";"0,28554"
"29,20000";"6,72291";"0,28622"
"29,21000";"6,73790";"0,28127"
"29,22000";"6,75290";"0,27960"
"29,23000";"6,76789";"0,28523"
"29,24000";"6,78288";"0,29216"
"29,25000";"6,79788";"0,29575"
"29,26000";"6,81299";"0,29220"
"29,27000";"6,82798";"0,28521"
"29,28000";"6,84297";"0,28741"
"29,29000";"6,85796";"0,28544"
"29,30000";"6,87296";"0,28160"
"29,31000";"6,88795";"0,28312"
"29,32000";"6,90306";"0,28008"
"29,33000";"6,91806";"0,28086"
"29,34000";"6,93305";"0,27800"
"29,35000";"6,94804";"0,27115"
"29,36000";"6,96303";"0,26536"
"29,37000";"6,97803";"0,26768"
"29,38000";"6,99290";"0,26834"
"29,39000";"7,00790";"0,26518"
"29,40000";"7,02277";"0,26935"
"29,41000";"7,03776";"0,27508"
"29,42000";"7,05276";"0,27559"
"29,43000";"7,06787";"0,27314"
"29,44000";"7,08286";"0,26702"
"29,45000";"7,09797";"0,25674"
"29,46000";"7,11297";"0,25370"
"29,47000";"7,12796";"0,25486"
"29,48000";"7,14295";"0,25688"
"29,49000";"7,15794";"0,26294"
"29,50000";"7,17306";"0,27443"
"29,51000";"7,18805";"0,27989"
"29,52000";"7,20304";"0,28005"
"29,53000";"7,21815";"0,27094"
"29,54000";"7,23315";"0,26141"
"29,55000";"7,24814";"0,26118"
"29,56000";"7,26313";"0,26620"
"29,57000";"7,27813";"0,27319"
"29,58000";"7,29324";"0,27177"
"29,59000";"7,30811";"0,26801"
"29,60000";"7,32310";"0,27384"
"29,61000";"7,33810";"0,27834"
"29,62000";"7,35309";"0,28244"
"29,63000";"7,36797";"0,28608"
"29,64000";"7,38296";"0,28687"
"29,65000";"7,39807";"0,28608"
"29,66000";"7,41306";"0,28739"
"29,67000";"7,42806";"0,28769"
"29,68000";"7,44305";"0,28335"
"29,69000";"7,45804";"0,28090"
"29,70000";"7,47292";"0,27539"
"29,71000";"7,48791";"0,27855"
"29,72000";"7,50290";"0,27645"
"29,73000";"7,51790";"0,27527"
"29,74000";"7,53301";"0,27108"
"29,75000";"7,54800";"0,26743"
"29,76000";"7,56299";"0,27510"
"29,77000";"7,57799";"0,28035"
"29,78000";"7,59286";"0,28006"
"29,79000";"7,60774";"0,28321"
"29,80000";"7,62285";"0,28438"
"29,81000";"7,63784";"0,28042"
"29,82000";"7,65295";"0,28424"
"29,83000";"7,66806";"0,28871"
"29,84000";"7,68294";"0,27926"
"29,85000";"7,69793";"0,27314"
"29,86000";"7,71292";"0,27693"
"29,87000";"7,72792";"0,27979"
"29,88000";"7,74291";"0,28765"
"29,89000";"7,75790";"0,29371"
"29,90000";"7,77290";"0,29420"
"29,91000";"7,78777";"0,29584"
"29,92000";"7,80276";"0,30334"
"29,93000";"7,81776";"0,30164"
"29,94000";"7,83263";"0,29231"
"29,95000";"7,84762";"0,28184"
"29,96000";"7,86274";"0,28931"
"29,97000";"7,87785";"0,29662"
"29,98000";"7,89296";"0,29737"
"29,99000";"7,90795";"0,29349"
"30,00000";"7,92294";"0,28304"
"30,01000";"7,93794";"0,27847"
"30,02000";"7,95281";"0,27779"
"30,03000";"7,96781";"0,28526"
"30,04000";"7,98280";"0,28348"
"30,05000";"7,99791";"0,28014"
"30,06000";"8,01302";"0,28418"
"30,07000";"8,02801";"0,28494"
"30,08000";"8,04301";"0,28479"
"30,09000";"8,05812";"0,28384"
"30,10000";"8,07299";"0,27985"
"30,11000";"8,08799";"0,28212"
"30,12000";"8,10298";"0,29001"
"30,13000";"8,11809";"0,29296"
"30,14000";"8,13308";"0,29368"
"30,15000";"8,14808";"0,28988"
"30,16000";"8,16319";"0,28629"
"30,17000";"8,17818";"0,27563"
"30,18000";"8,19317";"0,26760"
"30,19000";"8,20805";"0,26928"
"30,20000";"8,22304";"0,27615"
"30,21000";"8,23803";"0,28775"
"30,22000";"8,25315";"0,29092"
"30,23000";"8,26814";"0,29201"
"30,24000";"8,28313";"0,28976"
"30,25000";"8,29813";"0,28580"
"30,26000";"8,31312";"0,28201"
"30,27000";"8,32811";"0,27538"
"30,28000";"8,34322";"0,27449"
"30,29000";"8,35833";"0,27843"
"30,30000";"8,37333";"0,28583"
"30,31000";"8,38820";"0,29495"
"30,32000";"8,40308";"0,30120"
"30,33000";"8,41795";"0,29740"
"30,34000";"8,43283";"0,28828"
"30,35000";"8,44782";"0,27440"
"30,36000";"8,46281";"0,26578"
"30,37000";"8,47792";"0,26381"
"30,38000";"8,49304";"0,26450"
"30,39000";"8,50803";"0,26646"
"30,40000";"8,52302";"0,26877"
"30,41000";"8,53801";"0,27665"
"30,42000";"8,55301";"0,28078"
"30,43000";"8,56800";"0,28171"
"30,44000";"8,58311";"0,27878"
"30,45000";"8,59822";"0,27926"
"30,46000";"8,61322";"0,27683"
"30,47000";"8,62821";"0,27725"
"30,48000";"8,64320";"0,27787"
"30,49000";"8,65808";"0,26991"
"30,50000";"8,67295";"0,26120"
"30,51000";"8,68806";"0,26338"
"30,52000";"8,70306";"0,26403"
"30,53000";"8,71805";"0,26809"
"30,54000";"8,73304";"0,27396"
"30,55000";"8,74803";"0,28225"
"30,56000";"8,76303";"0,29179"
"30,57000";"8,77790";"0,29200"
"30,58000";"8,79290";"0,28825"
"30,59000";"8,80789";"0,28248"
"30,60000";"8,82300";"0,27873"
"30,61000";"8,83799";"0,27368"
"30,62000";"8,85287";"0,26698"
"30,63000";"8,86786";"0,26837"
"30,64000";"8,88285";"0,27318"
"30,65000";"8,89785";"0,28288"
"30,66000";"8,91272";"0,28283"
"30,67000";"8,92783";"0,28089"
"30,68000";"8,94294";"0,27170"
"30,69000";"8,95794";"0,27041"
"30,70000";"8,97281";"0,26712"
"30,71000";"8,98792";"0,27133"
"30,72000";"9,00292";"0,27682"
"30,73000";"9,01779";"0,27643"
"30,74000";"9,03279";"0,26984"
"30,75000";"9,04790";"0,26403"
"30,76000";"9,06301";"0,26749"
"30,77000";"9,07800";"0,27232"
"30,78000";"9,09299";"0,27455"
"30,79000";"9,10799";"0,27384"
"30,80000";"9,12298";"0,27073"
"30,81000";"9,13797";"0,27132"
"30,82000";"9,15297";"0,27253"
"30,83000";"9,16796";"0,27908"
"30,84000";"9,18307";"0,28497"
"30,85000";"9,19818";"0,27540"
"30,86000";"9,21317";"0,27467"
"30,87000";"9,22817";"0,28045"
"30,88000";"9,24316";"0,28810"
"30,89000";"9,25815";"0,28797"
"30,90000";"9,27315";"0,28430"
"30,91000";"9,28814";"0,27664"
"30,92000";"9,30313";"0,27308"
"30,93000";"9,31813";"0,27134"
"30,94000";"9,33312";"0,26506"
"30,95000";"9,34811";"0,26725"
"30,96000";"9,36310";"0,27558"
"30,97000";"9,37810";"0,28226"
"30,98000";"9,39309";"0,28780"
"30,99000";"9,40808";"0,28986"
"31,00000";"9,42308";"0,28295"
"31,01000";"9,43819";"0,28061"
"31,02000";"9,45318";"0,27823"
"31,03000";"9,46817";"0,27831"
"31,04000";"9,48305";"0,27865"
"31,05000";"9,49804";"0,28055"
"31,06000";"9,51304";"0,28335"
"31,07000";"9,52803";"0,28620"
"31,08000";"9,54302";"0,28544"
"31,09000";"9,55813";"0,28313"
"31,10000";"9,57312";"0,27829"
"31,11000";"9,58812";"0,27543"
"31,12000";"9,60311";"0,27733"
"31,13000";"9,61799";"0,28421"
"31,14000";"9,63310";"0,29139"
"31,15000";"9,64809";"0,28878"
"31,16000";"9,66297";"0,28432"
"31,17000";"9,67796";"0,28028"
"31,18000";"9,69307";"0,27874"
"31,19000";"9,70806";"0,28013"
"31,20000";"9,72294";"0,28147"
"31,21000";"9,73793";"0,28913"
"31,22000";"9,75292";"0,29194"
"31,23000";"9,76803";"0,28392"
"31,24000";"9,78291";"0,28021"
"31,25000";"9,79790";"0,27763"
"31,26000";"9,81290";"0,27618"
"31,27000";"9,82789";"0,27416"
"31,28000";"9,84276";"0,27404"
"31,29000";"9,85776";"0,27146"
"31,30000";"9,87299";"0,27187"
"31,31000";"9,88798";"0,27059"
"31,32000";"9,90309";"0,26131"
"31,33000";"9,91808";"0,25620"
"31,34000";"9,93308";"0,26439"
"31,35000";"9,94807";"0,27393"
"31,36000";"9,96294";"0,28078"
"31,37000";"9,97794";"0,28467"
"31,38000";"9,99293";"0,29397"
"31,39000";"10,00804";"0,29960"
"31,40000";"10,02304";"0,29802"
"31,41000";"10,03803";"0,29628"
"31,42000";"10,05302";"0,29139"
"31,43000";"10,06801";"0,28297"
"31,44000";"10,08301";"0,28193"
"31,45000";"10,09788";"0,28779"
"31,46000";"10,11288";"0,29109"
"31,47000";"10,12799";"0,28750"
"31,48000";"10,14298";"0,28516"
"31,49000";"10,15809";"0,27980"
"31,50000";"10,17308";"0,28270"
"31,51000";"10,18820";"0,28218"
"31,52000";"10,20307";"0,28370"
"31,53000";"10,21818";"0,28776"
"31,54000";"10,23329";"0,28243"
"31,55000";"10,24840";"0,28159"
"31,56000";"10,26340";"0,28418"
"31,57000";"10,27839";"0,28570"
"31,58000";"10,29326";"0,28251"
"31,59000";"10,30826";"0,28389"
"31,60000";"10,32325";"0,28015"
"31,61000";"10,33813";"0,27831"
"31,62000";"10,35324";"0,27945"
"31,63000";"10,36823";"0,28328"
"31,64000";"10,38322";"0,28743"
"31,65000";"10,39822";"0,28802"
"31,66000";"10,41321";"0,28378"
"31,67000";"10,42808";"0,28035"
"31,68000";"10,44296";"0,27785"
"31,69000";"10,45807";"0,28142"
"31,70000";"10,47306";"0,27983"
"31,71000";"10,48817";"0,27895"
"31,72000";"10,50317";"0,27468"
"31,73000";"10,51828";"0,27508"
"31,74000";"10,53315";"0,28432"
"31,75000";"10,54815";"0,29086"
"31,76000";"10,56302";"0,29211"
"31,77000";"10,57801";"0,28690"
"31,78000";"10,59289";"0,27998"
"31,79000";"10,60788";"0,28675"
"31,80000";"10,62288";"0,30000"
"31,81000";"10,63787";"0,30442"
"31,82000";"10,65286";"0,29990"
"31,83000";"10,66785";"0,29840"
"31,84000";"10,68285";"0,29598"
"31,85000";"10,69796";"0,29916"
"31,86000";"10,71295";"0,31008"
"31,87000";"10,72794";"0,31395"
"31,88000";"10,74294";"0,30541"
"31,89000";"10,75793";"0,29529"
"31,90000";"10,77292";"0,29152"
"31,91000";"10,78780";"0,29147"
"31,92000";"10,80279";"0,29331"
"31,93000";"10,81779";"0,29514"
"31,94000";"10,83290";"0,29343"
"31,95000";"10,84789";"0,29579"
"31,96000";"10,86288";"0,29312"
"31,97000";"10,87788";"0,28496"
"31,98000";"10,89287";"0,28438"
"31,99000";"10,90774";"0,29143"
"32,00000";"10,92274";"0,29603"
"32,01000";"10,93785";"0,29542"
"32,02000";"10,95296";"0,29665"
"32,03000";"10,96807";"0,29976"
"32,04000";"10,98306";"0,29467"
"32,05000";"10,99817";"0,28609"
"32,06000";"11,01317";"0,28416"
"32,07000";"11,02804";"0,27983"
"32,08000";"11,04303";"0,28381"
"32,09000";"11,05803";"0,28832"
"32,10000";"11,07302";"0,28920"
"32,11000";"11,08801";"0,29418"
"32,12000";"11,10289";"0,29969"
"32,13000";"11,11800";"0,30316"
"32,14000";"11,13299";"0,30003"
"32,15000";"11,14799";"0,29632"
"32,16000";"11,16298";"0,29726"
"32,17000";"11,17809";"0,29687"
"32,18000";"11,19308";"0,29874"
"32,19000";"11,20808";"0,29768"
"32,20000";"11,22307";"0,29610"
"32,21000";"11,23806";"0,29238"
"32,22000";"11,25306";"0,29616"
"32,23000";"11,26805";"0,29557"
"32,24000";"11,28304";"0,29019"
"32,25000";"11,29803";"0,29028"
"32,26000";"11,31303";"0,28986"
"32,27000";"11,32802";"0,28667"
"32,28000";"11,34301";"0,28569"
"32,29000";"11,35789";"0,28833"
"32,30000";"11,37288";"0,29545"
"32,31000";"11,38788";"0,30471"
"32,32000";"11,40298";"0,30705"
"32,33000";"11,41798";"0,30606"
"32,34000";"11,43309";"0,29620"
"32,35000";"11,44820";"0,28560"
"32,36000";"11,46319";"0,27315"
"32,37000";"11,47807";"0,27110"
"32,38000";"11,49306";"0,27152"
"32,39000";"11,50794";"0,27544"
"32,40000";"11,52305";"0,27608"
"32,41000";"11,53816";"0,28049"
"32,42000";"11,55315";"0,28747"
"32,43000";"11,56815";"0,29466"
"32,44000";"11,58314";"0,29945"
"32,45000";"11,59825";"0,30616"
"32,46000";"11,61312";"0,30582"
"32,47000";"11,62812";"0,30463"
"32,48000";"11,64311";"0,30439"
"32,49000";"11,65822";"0,31019"
"32,50000";"11,67310";"0,30675"
"32,51000";"11,68809";"0,29990"
"32,52000";"11,70308";"0,29942"
"32,53000";"11,71808";"0,29509"
"32,54000";"11,73307";"0,29531"
"32,55000";"11,74806";"0,30206"
"32,56000";"11,76317";"0,31222"
"32,57000";"11,77817";"0,31273"
"32,58000";"11,79304";"0,31296"
"32,59000";"11,80803";"0,30507"
"32,60000";"11,82291";"0,29702"
"32,61000";"11,83790";"0,29402"
"32,62000";"11,85278";"0,30128"
"32,63000";"11,86777";"0,31008"
"32,64000";"11,88276";"0,31569"
"32,65000";"11,89787";"0,31720"
"32,66000";"11,91299";"0,31862"
"32,67000";"11,92798";"0,32322"
"32,68000";"11,94309";"0,32208"
"32,69000";"11,95808";"0,31601"
"32,70000";"11,97296";"0,31144"
"32,71000";"11,98795";"0,30490"
"32,72000";"12,00306";"0,29754"
"32,73000";"12,01806";"0,29762"
"32,74000";"12,03305";"0,29946"
"32,75000";"12,04804";"0,30111"
"32,76000";"12,06304";"0,30344"
"32,77000";"12,07803";"0,30491"
"32,78000";"12,09290";"0,30736"
"32,79000";"12,10790";"0,30410"
"32,80000";"12,12301";"0,30387"
"32,81000";"12,13800";"0,30331"
"32,82000";"12,15299";"0,30797"
"32,83000";"12,16787";"0,30804"
"32,84000";"12,18274";"0,30419"
"32,85000";"12,19774";"0,29673"
"32,86000";"12,21273";"0,29884"
"32,87000";"12,22784";"0,30384"
"32,88000";"12,24283";"0,30752"
"32,89000";"12,25795";"0,31503"
"32,90000";"12,27305";"0,31379"
"32,91000";"12,28793";"0,30778"
"32,92000";"12,30292";"0,30486"
"32,93000";"12,31780";"0,30781"
"32,94000";"12,33267";"0,31687"
"32,95000";"12,34767";"0,32761"
"32,96000";"12,36278";"0,33384"
"32,97000";"12,37789";"0,35039"
"32,98000";"12,39300";"0,35212"
"32,99000";"12,40799";"0,34300"
"33,00000";"12,42299";"0,32307"
"33,01000";"12,43798";"0,30366"
"33,02000";"12,45286";"0,29695"
"33,03000";"12,46797";"0,29976"
"33,04000";"12,48296";"0,30699"
"33,05000";"12,49795";"0,31153"
"33,06000";"12,51294";"0,31434"
"33,07000";"12,52805";"0,32190"
"33,08000";"12,54305";"0,32847"
"33,09000";"12,55792";"0,32724"
"33,10000";"12,57292";"0,32860"
"33,11000";"12,58791";"0,32841"
"33,12000";"12,60290";"0,32763"
"33,13000";"12,61790";"0,32718"
"33,14000";"12,63289";"0,32800"
"33,15000";"12,64776";"0,32814"
"33,16000";"12,66276";"0,32661"
"33,17000";"12,67787";"0,32755"
"33,18000";"12,69286";"0,32576"
"33,19000";"12,70797";"0,32714"
"33,20000";"12,72308";"0,32759"
"33,21000";"12,73819";"0,32762"
"33,22000";"12,75319";"0,32224"
"33,23000";"12,76830";"0,31774"
"33,24000";"12,78317";"0,32257"
"33,25000";"12,79805";"0,32436"
"33,26000";"12,81304";"0,31931"
"33,27000";"12,82815";"0,32303"
"33,28000";"12,84315";"0,32290"
"33,29000";"12,85814";"0,32426"
"33,30000";"12,87313";"0,32761"
"33,31000";"12,88813";"0,33077"
"33,32000";"12,90312";"0,33489"
"33,33000";"12,91787";"0,33565"
"33,34000";"12,93287";"0,33130"
"33,35000";"12,94786";"0,33131"
"33,36000";"12,96285";"0,32891"
"33,37000";"12,97773";"0,32031"
"33,38000";"12,99272";"0,31378"
"33,39000";"13,00795";"0,30845"
"33,40000";"13,02294";"0,30588"
"33,41000";"13,03794";"0,30830"
"33,42000";"13,05293";"0,32020"
"33,43000";"13,06804";"0,32656"
"33,44000";"13,08315";"0,33279"
"33,45000";"13,09814";"0,33261"
"33,46000";"13,11314";"0,32741"
"33,47000";"13,12813";"0,32335"
"33,48000";"13,14301";"0,32738"
"33,49000";"13,15788";"0,32385"
"33,50000";"13,17276";"0,32230"
"33,51000";"13,18787";"0,32273"
"33,52000";"13,20298";"0,32715"
"33,53000";"13,21797";"0,33259"
"33,54000";"13,23297";"0,33859"
"33,55000";"13,24796";"0,33632"
"33,56000";"13,26283";"0,33794"
"33,57000";"13,27771";"0,34239"
"33,58000";"13,29270";"0,34547"
"33,59000";"13,30781";"0,35035"
"33,60000";"13,32281";"0,35418"
"33,61000";"13,33792";"0,35225"
"33,62000";"13,35291";"0,35718"
"33,63000";"13,36802";"0,36480"
"33,64000";"13,38290";"0,36954"
"33,65000";"13,39789";"0,37214"
"33,66000";"13,41300";"0,36898"
"33,67000";"13,42799";"0,36384"
"33,68000";"13,44299";"0,36716"
"33,69000";"13,45798";"0,37429"
"33,70000";"13,47297";"0,36972"
"33,71000";"13,48808";"0,36200"
"33,72000";"13,50308";"0,35197"
"33,73000";"13,51807";"0,34928"
"33,74000";"13,53306";"0,34767"
"33,75000";"13,54806";"0,35077"
"33,76000";"13,56305";"0,35739"
"33,77000";"13,57804";"0,36524"
"33,78000";"13,59303";"0,36719"
"33,79000";"13,60803";"0,36879"
"33,80000";"13,62290";"0,37089"
"33,81000";"13,63790";"0,37472"
"33,82000";"13,65289";"0,38387"
"33,83000";"13,66800";"0,38723"
"33,84000";"13,68299";"0,38955"
"33,85000";"13,69810";"0,38872"
"33,86000";"13,71310";"0,38898"
"33,87000";"13,72809";"0,38979"
"33,88000";"13,74296";"0,38162"
"33,89000";"13,75808";"0,38482"
"33,90000";"13,77307";"0,39059"
"33,91000";"13,78806";"0,39268"
"33,92000";"13,80317";"0,39184"
"33,93000";"13,81817";"0,38932"
"33,94000";"13,83328";"0,38501"
"33,95000";"13,84815";"0,38541"
"33,96000";"13,86315";"0,38766"
"33,97000";"13,87814";"0,40059"
"33,98000";"13,89313";"0,41115"
"33,99000";"13,90801";"0,42297"
"34,00000";"13,92312";"0,42626"
"34,01000";"13,93811";"0,42769"
"34,02000";"13,95322";"0,42357"
"34,03000";"13,96821";"0,41728"
"34,04000";"13,98309";"0,41372"
"34,05000";"13,99820";"0,40912"
"34,06000";"14,01319";"0,40786"
"34,07000";"14,02819";"0,40746"
"34,08000";"14,04306";"0,41442"
"34,09000";"14,05805";"0,42108"
"34,10000";"14,07293";"0,43173"
"34,11000";"14,08792";"0,43494"
"34,12000";"14,10280";"0,43237"
"34,13000";"14,11779";"0,43223"
"34,14000";"14,13278";"0,42872"
"34,15000";"14,14790";"0,43428"
"34,16000";"14,16289";"0,43385"
"34,17000";"14,17800";"0,43356"
"34,18000";"14,19299";"0,43640"
"34,19000";"14,20799";"0,43715"
"34,20000";"14,22286";"0,44290"
"34,21000";"14,23797";"0,44029"
"34,22000";"14,25296";"0,44589"
"34,23000";"14,26808";"0,45162"
"34,24000";"14,28319";"0,46125"
"34,25000";"14,29818";"0,46862"
"34,26000";"14,31329";"0,46505"
"34,27000";"14,32817";"0,45624"
"34,28000";"14,34304";"0,45718"
"34,29000";"14,35815";"0,45605"
"34,30000";"14,37303";"0,46052"
"34,31000";"14,38802";"0,45842"
"34,32000";"14,40301";"0,45523"
"34,33000";"14,41801";"0,45873"
"34,34000";"14,43312";"0,47051"
"34,35000";"14,44799";"0,48224"
"34,36000";"14,46299";"0,48288"
"34,37000";"14,47798";"0,48212"
"34,38000";"14,49309";"0,47799"
"34,39000";"14,50808";"0,48262"
"34,40000";"14,52319";"0,48839"
"34,41000";"14,53819";"0,49826"
"34,42000";"14,55318";"0,50605"
"34,43000";"14,56817";"0,50897"
"34,44000";"14,58305";"0,51208"
"34,45000";"14,59804";"0,51523"
"34,46000";"14,61315";"0,51534"
"34,47000";"14,62815";"0,51275"
"34,48000";"14,64326";"0,51325"
"34,49000";"14,65825";"0,51845"
"34,50000";"14,67313";"0,52159"
"34,51000";"14,68800";"0,53561"
"34,52000";"14,70299";"0,54281"
"34,53000";"14,71799";"0,55390"
"34,54000";"14,73310";"0,56717"
"34,55000";"14,74821";"0,57602"
"34,56000";"14,76308";"0,57498"
"34,57000";"14,77820";"0,57098"
"34,58000";"14,79319";"0,56623"
"34,59000";"14,80818";"0,56632"
"34,60000";"14,82317";"0,56727"
"34,61000";"14,83817";"0,56680"
"34,62000";"14,85304";"0,56756"
"34,63000";"14,86804";"0,56654"
"34,64000";"14,88291";"0,56758"
"34,65000";"14,89790";"0,56758"
"34,66000";"14,91290";"0,57212"
"34,67000";"14,92789";"0,56938"
"34,68000";"14,94300";"0,57107"
"34,69000";"14,95811";"0,58146"
"34,70000";"14,97310";"0,59110"
"34,71000";"14,98822";"0,60278"
"34,72000";"15,00321";"0,60903"
"34,73000";"15,01820";"0,60499"
"34,74000";"15,03308";"0,60737"
"34,75000";"15,04795";"0,61428"
"34,76000";"15,06306";"0,61573"
"34,77000";"15,07806";"0,62153"
"34,78000";"15,09317";"0,62977"
"34,79000";"15,10828";"0,63204"
"34,80000";"15,12327";"0,63806"
"34,81000";"15,13815";"0,64492"
"34,82000";"15,15302";"0,64983"
"34,83000";"15,16790";"0,64989"
"34,84000";"15,18289";"0,65027"
"34,85000";"15,19788";"0,64843"
"34,86000";"15,21287";"0,64678"
"34,87000";"15,22799";"0,65278"
"34,88000";"15,24286";"0,66222"
"34,89000";"15,25774";"0,66206"
"34,90000";"15,27273";"0,66335"
"34,91000";"15,28760";"0,66501"
"34,92000";"15,30260";"0,66669"
"34,93000";"15,31771";"0,67273"
"34,94000";"15,33270";"0,68356"
"34,95000";"15,34769";"0,69639"
"34,96000";"15,36269";"0,70888"
"34,97000";"15,37792";"0,71921"
"34,98000";"15,39279";"0,72719"
"34,99000";"15,40790";"0,73180"
"35,00000";"15,42301";"0,73332"
"35,01000";"15,43824";"0,73195"
"35,02000";"15,45324";"0,73758"
"35,03000";"15,46835";"0,74413"
"35,04000";"15,48322";"0,74908"
"35,05000";"15,49821";"0,75031"
"35,06000";"15,51309";"0,76244"
"35,07000";"15,52797";"0,76922"
"35,08000";"15,54308";"0,77489"
"35,09000";"15,55807";"0,77359"
"35,10000";"15,57318";"0,77067"
"35,11000";"15,58817";"0,77443"
"35,12000";"15,60317";"0,78151"
"35,13000";"15,61804";"0,79557"
"35,14000";"15,63304";"0,81621"
"35,15000";"15,64803";"0,82649"
"35,16000";"15,66302";"0,83322"
"35,17000";"15,67801";"0,82827"
"35,18000";"15,69312";"0,82883"
"35,19000";"15,70800";"0,83631"
"35,20000";"15,72288";"0,85132"
"35,21000";"15,73787";"0,87137"
"35,22000";"15,75286";"0,88238"
"35,23000";"15,76785";"0,89475"
"35,24000";"15,78285";"0,90827"
"35,25000";"15,79784";"0,92483"
"35,26000";"15,81283";"0,93078"
"35,27000";"15,82794";"0,93236"
"35,28000";"15,84306";"0,93901"
"35,29000";"15,85817";"0,94963"
"35,30000";"15,87316";"0,97036"
"35,31000";"15,88827";"0,99204"
"35,32000";"15,90326";"1,00814"
"35,33000";"15,91826";"1,02163"
"35,34000";"15,93325";"1,03064"
"35,35000";"15,94813";"1,04138"
"35,36000";"15,96312";"1,05176"
"35,37000";"15,97799";"1,05916"
"35,38000";"15,99299";"1,07262"
"35,39000";"16,00810";"1,07981"
"35,40000";"16,02297";"1,08287"
"35,41000";"16,03808";"1,09607"
"35,42000";"16,05308";"1,11159"
"35,43000";"16,06795";"1,13078"
"35,44000";"16,08294";"1,14422"
"35,45000";"16,09782";"1,15571"
"35,46000";"16,11281";"1,16451"
"35,47000";"16,12792";"1,17840"
"35,48000";"16,14292";"1,19853"
"35,49000";"16,15779";"1,21981"
"35,50000";"16,17290";"1,24519"
"35,51000";"16,18790";"1,27165"
"35,52000";"16,20289";"1,28892"
"35,53000";"16,21776";"1,30174"
"35,54000";"16,23276";"1,31502"
"35,55000";"16,24775";"1,32963"
"35,56000";"16,26286";"1,34644"
"35,57000";"16,27797";"1,36725"
"35,58000";"16,29308";"1,38676"
"35,59000";"16,30820";"1,40807"
"35,60000";"16,32331";"1,43533"
"35,61000";"16,33830";"1,46851"
"35,62000";"16,35329";"1,50100"
"35,63000";"16,36840";"1,52467"
"35,64000";"16,38340";"1,54973"
"35,65000";"16,39827";"1,57743"
"35,66000";"16,41326";"1,61154"
"35,67000";"16,42814";"1,64500"
"35,68000";"16,44313";"1,67195"
"35,69000";"16,45801";"1,70659"
"35,70000";"16,47288";"1,74467"
"35,71000";"16,48788";"1,78343"
"35,72000";"16,50299";"1,82231"
"35,73000";"16,51798";"1,86296"
"35,74000";"16,53297";"1,90642"
"35,75000";"16,54797";"1,94375"
"35,76000";"16,56284";"1,98275"
"35,77000";"16,57771";"2,01908"
"35,78000";"16,59259";"2,06659"
"35,79000";"16,60770";"2,12731"
"35,80000";"16,62281";"2,18266"
"35,81000";"16,63781";"2,23148"
"35,82000";"16,65292";"2,28615"
"35,83000";"16,66803";"2,34154"
"35,84000";"16,68302";"2,40141"
"35,85000";"16,69801";"2,46747"
"35,86000";"16,71313";"2,53773"
"35,87000";"16,72824";"2,60875"
"35,88000";"16,74323";"2,67893"
"35,89000";"16,75810";"2,75506"
"35,90000";"16,77298";"2,83748"
"35,91000";"16,78797";"2,92286"
"35,92000";"16,80297";"3,01468"
"35,93000";"16,81796";"3,10836"
"35,94000";"16,83295";"3,20187"
"35,95000";"16,84795";"3,29596"
"35,96000";"16,86306";"3,38969"
"35,97000";"16,87805";"3,49203"
"35,98000";"16,89304";"3,60149"
"35,99000";"16,90804";"3,71902"
"36,00000";"16,92291";"3,84881"
"36,01000";"16,93790";"3,96980"
"36,02000";"16,95301";"4,10631"
"36,03000";"16,96812";"4,25285"
"36,04000";"16,98312";"4,40369"
"36,05000";"16,99811";"4,55915"
"36,06000";"17,01311";"4,71714"
"36,07000";"17,02798";"4,87903"
"36,08000";"17,04285";"5,04924"
"36,09000";"17,05773";"5,22207"
"36,10000";"17,07261";"5,40662"
"36,11000";"17,08760";"5,59679"
"36,12000";"17,10259";"5,80022"
"36,13000";"17,11758";"6,00757"
"36,14000";"17,13270";"6,21790"
"36,15000";"17,14792";"6,43610"
"36,16000";"17,16303";"6,67066"
"36,17000";"17,17803";"6,91620"
"36,18000";"17,19314";"7,17732"
"36,19000";"17,20825";"7,45071"
"36,20000";"17,22324";"7,72596"
"36,21000";"17,23812";"8,00690"
"36,22000";"17,25311";"8,29368"
"36,23000";"17,26799";"8,58717"
"36,24000";"17,28298";"8,89543"
"36,25000";"17,29786";"9,21556"
"36,26000";"17,31285";"9,54917"
"36,27000";"17,32784";"9,90208"
"36,28000";"17,34295";"10,27461"
"36,29000";"17,35783";"10,65732"
"36,30000";"17,37282";"11,05625"
"36,31000";"17,38781";"11,47743"
"36,32000";"17,40269";"11,90767"
"36,33000";"17,41768";"12,35066"
"36,34000";"17,43279";"12,80707"
"36,35000";"17,44778";"13,27837"
"36,36000";"17,46278";"13,77053"
"36,37000";"17,47765";"14,28896"
"36,38000";"17,49265";"14,83704"
"36,39000";"17,50764";"15,40907"
"36,40000";"17,52263";"15,99229"
"36,41000";"17,53763";"16,59846"
"36,42000";"17,55262";"17,23474"
"36,43000";"17,56785";"17,90133"
"36,44000";"17,58308";"18,60164"
"36,45000";"17,59819";"19,33853"
"36,46000";"17,61318";"20,11182"
"36,47000";"17,62829";"20,91940"
"36,48000";"17,64329";"21,76287"
"36,49000";"17,65828";"22,63216"
"36,50000";"17,67315";"23,55106"
"36,51000";"17,68803";"24,51257"
"36,52000";"17,70302";"25,51055"
"36,53000";"17,71802";"26,56085"
"36,54000";"17,73301";"27,66559"
"36,55000";"17,74800";"28,83047"
"36,56000";"17,76311";"30,05836"
"36,57000";"17,77810";"31,35377"
"36,58000";"17,79310";"32,72292"
"36,59000";"17,80821";"34,16652"
"36,60000";"17,82320";"35,67736"
"36,61000";"17,83808";"37,25267"
"36,62000";"17,85295";"38,90471"
"36,63000";"17,86783";"40,64385"
"36,64000";"17,88258";"42,47222"
"36,65000";"17,89770";"44,38204"
"36,66000";"17,91269";"46,40289"
"36,67000";"17,92768";"48,53662"
"36,68000";"17,94267";"50,78325"
"36,69000";"17,95767";"53,14447"
"36,70000";"17,97266";"55,62115"
"36,71000";"17,98765";"58,23362"
"36,72000";"18,00277";"61,01298"
"36,73000";"18,01787";"63,98187"
"36,74000";"18,03310";"67,17109"
"36,75000";"18,04810";"70,58353"
"36,76000";"18,06321";"74,21324"
"36,77000";"18,07820";"78,08435"
"36,78000";"18,09319";"82,19934"
"36,79000";"18,10795";"86,58173"
"36,80000";"18,12295";"91,20974"
"36,81000";"18,13806";"95,96935"
"36,82000";"18,15305";"100,89169"
"36,83000";"18,16792";"106,14896"
"36,84000";"18,18292";"111,88055"
"36,85000";"18,19803";"117,99385"
"36,86000";"18,21302";"124,06556"
"36,87000";"18,22790";"130,17914"
"36,88000";"18,24277";"136,64719"
"36,89000";"18,25776";"143,59126"
"36,90000";"18,27276";"150,93486"
"36,91000";"18,28775";"158,54735"
"36,92000";"18,30274";"166,30923"
"36,93000";"18,31762";"174,12442"
"36,94000";"18,33249";"181,95137"
"36,95000";"18,34737";"189,76404"
"36,96000";"18,36236";"197,58511"
"36,97000";"18,37735";"205,46829"
"36,98000";"18,39235";"213,51486"
"36,99000";"18,40734";"221,72981"
"37,00000";"18,42245";"230,14069"
"37,01000";"18,43744";"238,76141"
"37,02000";"18,45256";"247,58691"
"37,03000";"18,46755";"256,57101"
"37,04000";"18,48278";"265,78223"
"37,05000";"18,49789";"275,44601"
"37,05200";"18,50084";"277,43616"
"37,05400";"18,50391";"279,44333"
"37,06400";"18,51701";"289,65424"
"37,07400";"18,52445";"298,84711"
"37,08000";"18,52634";"302,32520"
"37,09000";"18,52575";"302,41193"
"37,10000";"18,52091";"294,05725"
"37,11000";"18,50970";"276,00626"
"37,12000";"18,49281";"245,75639"
"37,13000";"18,47263";"202,92781"
"37,14000";"18,45090";"152,65688"
"37,15000";"18,42894";"102,91080"
"37,16000";"18,40758";"60,20901"
"37,17000";"18,38704";"28,16092"
"37,18000";"18,36720";"8,42363"
"37,19000";"18,34796";"-0,81562"
"37,20000";"18,32942";"-3,45352"
"37,21000";"18,31160";"-2,54919"
"37,22000";"18,29460";"-0,26568"
"37,23000";"18,27807";"1,90690"
"37,24000";"18,26178";"3,26144"
"37,25000";"18,24560";"3,68396"
"37,26000";"18,22990";"3,41846"
"37,27000";"18,21432";"2,76793"
"37,28000";"18,19874";"1,97495"
"37,29000";"18,18351";"1,19120"
"37,30000";"18,16828";"0,49508"
"37,31000";"18,15317";"-0,08151"
"37,32000";"18,13794";"-0,54970"
"37,33000";"18,12271";"-0,94102"
"37,34000";"18,10760";"-1,28155"
"37,35000";"18,09249";"-1,57176"
"37,36000";"18,07773";"-1,81109"
"37,37000";"18,06285";"-2,01660"
"37,38000";"18,04798";"-2,19373"
"37,39000";"18,03275";"-2,34912"
"37,40000";"18,01740";"-2,48887"
"37,41000";"18,00206";"-2,62347"
"37,42000";"17,98683";"-2,74340"
"37,43000";"17,97171";"-2,84141"
"37,44000";"17,95672";"-2,90807"
"37,45000";"17,94185";"-2,94315"
"37,46000";"17,92697";"-2,95948"
"37,47000";"17,91210";"-2,95092"
"37,48000";"17,89710";"-2,93680"
"37,49000";"17,88211";"-2,93364"
"37,50000";"17,86700";"-2,92507"
"37,51000";"17,85189";"-2,91263"
"37,52000";"17,83690";"-2,90348"
"37,53000";"17,82190";"-2,88663"
"37,54000";"17,80691";"-2,85552"
"37,55000";"17,79192";"-2,82259"
"37,56000";"17,77704";"-2,78327"
"37,57000";"17,76205";"-2,74007"
"37,58000";"17,74706";"-2,69415"
"37,59000";"17,73195";"-2,64776"
"37,60000";"17,71695";"-2,61000"
"37,61000";"17,70196";"-2,57637"
"37,62000";"17,68696";"-2,53527"
"37,63000";"17,67186";"-2,49177"
"37,64000";"17,65686";"-2,44259"
"37,65000";"17,64187";"-2,38807"
"37,66000";"17,62675";"-2,33526"
"37,67000";"17,61176";"-2,28815"
"37,68000";"17,59689";"-2,23379"
"37,69000";"17,58213";"-2,17795"
"37,70000";"17,56726";"-2,12337"
"37,71000";"17,55215";"-2,07132"
"37,72000";"17,53715";"-2,01867"
"37,73000";"17,52216";"-1,95722"
"37,74000";"17,50705";"-1,89395"
"37,75000";"17,49194";"-1,82422"
"37,76000";"17,47706";"-1,75609"
"37,77000";"17,46219";"-1,68232"
"37,78000";"17,44731";"-1,60678"
"37,79000";"17,43220";"-1,54141"
"37,80000";"17,41721";"-1,49059"
"37,81000";"17,40221";"-1,44852"
"37,82000";"17,38699";"-1,40560"
"37,83000";"17,37188";"-1,36211"
"37,84000";"17,35688";"-1,32654"
"37,85000";"17,34201";"-1,28078"
"37,86000";"17,32701";"-1,23626"
"37,87000";"17,31190";"-1,19081"
"37,88000";"17,29691";"-1,14931"
"37,89000";"17,28204";"-1,10612"
"37,90000";"17,26704";"-1,06347"
"37,91000";"17,25193";"-1,02264"
"37,92000";"17,23694";"-0,98461"
"37,93000";"17,22206";"-0,95596"
"37,94000";"17,20719";"-0,93073"
"37,95000";"17,19208";"-0,90434"
"37,96000";"17,17696";"-0,87221"
"37,97000";"17,16197";"-0,83826"
"37,98000";"17,14698";"-0,80962"
"37,99000";"17,13187";"-0,77975"
"38,00000";"17,11687";"-0,74038"
"38,01000";"17,10200";"-0,70424"
"38,02000";"17,08701";"-0,67905"
"38,03000";"17,07201";"-0,66660"
"38,04000";"17,05690";"-0,65666"
"38,05000";"17,04191";"-0,64981"
"38,06000";"17,02703";"-0,64049"
"38,07000";"17,01192";"-0,61974"
"38,08000";"16,99693";"-0,59485"
"38,09000";"16,98206";"-0,56541"
"38,10000";"16,96718";"-0,53844"
"38,11000";"16,95219";"-0,51051"
"38,12000";"16,93708";"-0,48519"
"38,13000";"16,92196";"-0,46052"
"38,14000";"16,90686";"-0,43985"
"38,15000";"16,89186";"-0,42050"
"38,16000";"16,87687";"-0,40122"
"38,17000";"16,86188";"-0,37549"
"38,18000";"16,84688";"-0,34822"
"38,19000";"16,83201";"-0,32443"
"38,20000";"16,81689";"-0,30270"
"38,21000";"16,80179";"-0,29684"
"38,22000";"16,78679";"-0,29011"
"38,23000";"16,77192";"-0,27537"
"38,24000";"16,75692";"-0,26551"
"38,25000";"16,74193";"-0,26220"
"38,26000";"16,72706";"-0,25523"
"38,27000";"16,71206";"-0,23712"
"38,28000";"16,69707";"-0,21235"
"38,29000";"16,68196";"-0,19624"
"38,30000";"16,66685";"-0,18397"
"38,31000";"16,65197";"-0,17707"
"38,32000";"16,63710";"-0,16448"
"38,33000";"16,62211";"-0,15078"
"38,34000";"16,60699";"-0,14699"
"38,35000";"16,59188";"-0,13672"
"38,36000";"16,57689";"-0,12382"
"38,37000";"16,56166";"-0,12350"
"38,38000";"16,54667";"-0,12117"
"38,39000";"16,53179";"-0,11174"
"38,40000";"16,51692";"-0,09446"
"38,41000";"16,50204";"-0,08323"
"38,42000";"16,48705";"-0,07478"
"38,43000";"16,47206";"-0,06871"
"38,44000";"16,45706";"-0,06924"
"38,45000";"16,44195";"-0,06434"
"38,46000";"16,42684";"-0,05743"
"38,47000";"16,41197";"-0,05532"
"38,48000";"16,39709";"-0,05433"
"38,49000";"16,38222";"-0,04723"
"38,50000";"16,36710";"-0,04427"
"38,51000";"16,35211";"-0,04849"
"38,52000";"16,33724";"-0,04716"
"38,53000";"16,32224";"-0,04184"
"38,54000";"16,30713";"-0,04163"
"38,55000";"16,29214";"-0,03853"
"38,56000";"16,27727";"-0,03909"
"38,57000";"16,26227";"-0,03279"
"38,58000";"16,24716";"-0,01398"
"38,59000";"16,23205";"-0,00183"
"38,60000";"16,21706";"-0,00143"
"38,61000";"16,20206";"-0,00291"
"38,62000";"16,18695";"0,00161"
"38,63000";"16,17208";"0,01353"
"38,64000";"16,15720";"0,02144"
"38,65000";"16,14233";"0,02360"
"38,66000";"16,12710";"0,02632"
"38,67000";"16,11199";"0,02892"
"38,68000";"16,09687";"0,03680"
"38,69000";"16,08188";"0,04916"
"38,70000";"16,06677";"0,05469"
"38,71000";"16,05178";"0,05414"
"38,72000";"16,03690";"0,05837"
"38,73000";"16,02215";"0,06311"
"38,74000";"16,00704";"0,05806"
"38,75000";"15,99181";"0,04951"
"38,76000";"15,97681";"0,05268"
"38,77000";"15,96194";"0,05978"
"38,78000";"15,94695";"0,06898"
"38,79000";"15,93195";"0,07830"
"38,80000";"15,91696";"0,08459"
"38,81000";"15,90208";"0,09046"
"38,82000";"15,88709";"0,10016"
"38,83000";"15,87210";"0,10988"
"38,84000";"15,85710";"0,12015"
"38,85000";"15,84211";"0,12594"
"38,86000";"15,82724";"0,12646"
"38,87000";"15,81224";"0,12352"
"38,88000";"15,79725";"0,11805"
"38,89000";"15,78226";"0,12146"
"38,90000";"15,76738";"0,12359"
"38,91000";"15,75227";"0,12253"
"38,92000";"15,73716";"0,12236"
"38,93000";"15,72205";"0,12314"
"38,94000";"15,70706";"0,13199"
"38,95000";"15,69218";"0,13968"
"38,96000";"15,67719";"0,13951"
"38,97000";"15,66208";"0,14156"
"38,98000";"15,64720";"0,14488"
"38,99000";"15,63209";"0,14370"
"39,00000";"15,61686";"0,13967"
"39,01000";"15,60175";"0,13718"
"39,02000";"15,58676";"0,13739"
"39,03000";"15,57176";"0,14765"
"39,04000";"15,55677";"0,15206"
"39,05000";"15,54178";"0,15525"
"39,06000";"15,52690";"0,15308"
"39,07000";"15,51191";"0,15266"
"39,08000";"15,49692";"0,15813"
"39,09000";"15,48180";"0,16181"
"39,10000";"15,46693";"0,16527"
"39,11000";"15,45205";"0,17229"
"39,12000";"15,43706";"0,17320"
"39,13000";"15,42207";"0,17436"
"39,14000";"15,40707";"0,17835"
"39,15000";"15,39220";"0,18101"
"39,16000";"15,37709";"0,18721"
"39,17000";"15,36198";"0,18889"
"39,18000";"15,34699";"0,18937"
"39,19000";"15,33211";"0,19132"
"39,20000";"15,31712";"0,19335"
"39,21000";"15,30201";"0,19382"
"39,22000";"15,28701";"0,19758"
"39,23000";"15,27214";"0,20003"
"39,24000";"15,25703";"0,20510"
"39,25000";"15,24192";"0,20296"
"39,26000";"15,22704";"0,19964"
"39,27000";"15,21217";"0,20181"
"39,28000";"15,19717";"0,21110"
"39,29000";"15,18206";"0,22440"
"39,30000";"15,16707";"0,22861"
"39,31000";"15,15208";"0,23155"
"39,32000";"15,13708";"0,23540"
"39,33000";"15,12209";"0,22812"
"39,34000";"15,10710";"0,22847"
"39,35000";"15,09222";"0,23078"
"39,36000";"15,07735";"0,23068"
"39,37000";"15,06223";"0,22473"
"39,38000";"15,04713";"0,22256"
"39,39000";"15,03201";"0,22271"
"39,40000";"15,01702";"0,22987"
"39,41000";"15,00203";"0,23653"
"39,42000";"14,98692";"0,23235"
"39,43000";"14,97204";"0,22413"
"39,44000";"14,95728";"0,21344"
"39,45000";"14,94229";"0,21777"
"39,46000";"14,92718";"0,22445"
"39,47000";"14,91219";"0,22370"
"39,48000";"14,89731";"0,21961"
"39,49000";"14,88232";"0,22253"
"39,50000";"14,86721";"0,23095"
"39,51000";"14,85222";"0,23483"
"39,52000";"14,83734";"0,24177"
"39,53000";"14,82235";"0,24900"
"39,54000";"14,80712";"0,25062"
"39,55000";"14,79212";"0,24627"
"39,56000";"14,77713";"0,24036"
"39,57000";"14,76214";"0,23453"
"39,58000";"14,74714";"0,23011"
"39,59000";"14,73203";"0,22261"
"39,60000";"14,71716";"0,22779"
"39,61000";"14,70217";"0,24236"
"39,62000";"14,68706";"0,24604"
"39,63000";"14,67194";"0,24347"
"39,64000";"14,65695";"0,23814"
"39,65000";"14,64208";"0,24159"
"39,66000";"14,62708";"0,24521"
"39,67000";"14,61197";"0,25129"
"39,68000";"14,59698";"0,26154"
"39,69000";"14,58199";"0,26169"
"39,70000";"14,56687";"0,25973"
"39,71000";"14,55165";"0,25519"
"39,72000";"14,53665";"0,24966"
"39,73000";"14,52190";"0,24355"
"39,74000";"14,50690";"0,24370"
"39,75000";"14,49179";"0,24730"
"39,76000";"14,47668";"0,24720"
"39,77000";"14,46181";"0,24739"
"39,78000";"14,44681";"0,25475"
"39,79000";"14,43170";"0,25887"
"39,80000";"14,41683";"0,25027"
"39,81000";"14,40195";"0,25191"
"39,82000";"14,38708";"0,25463"
"39,83000";"14,37197";"0,26045"
"39,84000";"14,35685";"0,25828"
"39,85000";"14,34198";"0,25621"
"39,86000";"14,32687";"0,25109"
"39,87000";"14,31164";"0,24614"
"39,88000";"14,29665";"0,23913"
"39,89000";"14,28189";"0,23952"
"39,90000";"14,26713";"0,24510"
"39,91000";"14,25202";"0,24684"
"39,92000";"14,23691";"0,23914"
"39,93000";"14,22192";"0,22757"
"39,94000";"14,20692";"0,22465"
"39,95000";"14,19169";"0,22815"
"39,96000";"14,17670";"0,24155"
"39,97000";"14,16194";"0,24894"
"39,98000";"14,14707";"0,25502"
"39,99000";"14,13208";"0,25296"
"40,00000";"14,11685";"0,25158"
"40,01000";"14,10185";"0,25728"
"40,02000";"14,08698";"0,25769"
"40,03000";"14,07187";"0,25670"
"40,04000";"14,05688";"0,25288"
"40,05000";"14,04200";"0,25672"
"40,06000";"14,02724";"0,25696"
"40,07000";"14,01225";"0,25122"
"40,08000";"13,99726";"0,23931"
"40,09000";"13,98226";"0,22513"
"40,10000";"13,96739";"0,22166"
"40,11000";"13,95240";"0,22098"
"40,12000";"13,93729";"0,22006"
"40,13000";"13,92217";"0,22105"
"40,14000";"13,90730";"0,22122"
"40,15000";"13,89231";"0,23032"
"40,16000";"13,87708";"0,23677"
"40,17000";"13,86185";"0,24237"
"40,18000";"13,84697";"0,24510"
"40,19000";"13,83198";"0,25012"
"40,20000";"13,81699";"0,24962"
"40,21000";"13,80199";"0,24485"
"40,22000";"13,78712";"0,24428"
"40,23000";"13,77201";"0,24513"
"40,24000";"13,75690";"0,24856"
"40,25000";"13,74179";"0,24546"
"40,26000";"13,72679";"0,24559"
"40,27000";"13,71180";"0,24303"
"40,28000";"13,69681";"0,22978"
"40,29000";"13,68193";"0,21482"
"40,30000";"13,66706";"0,20929"
"40,31000";"13,65218";"0,21303"
"40,32000";"13,63707";"0,22025"
"40,33000";"13,62196";"0,22966"
"40,34000";"13,60685";"0,23434"
"40,35000";"13,59197";"0,23724"
"40,36000";"13,57698";"0,23945"
"40,37000";"13,56199";"0,23749"
"40,38000";"13,54699";"0,22900"
"40,39000";"13,53200";"0,22453"
"40,40000";"13,51701";"0,22942"
"40,41000";"13,50190";"0,23330"
"40,42000";"13,48678";"0,23788"
"40,43000";"13,47179";"0,24335"
"40,44000";"13,45704";"0,24548"
"40,45000";"13,44192";"0,25067"
"40,46000";"13,42693";"0,24542"
"40,47000";"13,41194";"0,24536"
"40,48000";"13,39706";"0,24445"
"40,49000";"13,38195";"0,24562"
"40,50000";"13,36684";"0,24541"
"40,51000";"13,35185";"0,24694"
"40,52000";"13,33709";"0,24639"
"40,53000";"13,32210";"0,23837"
"40,54000";"13,30699";"0,22956"
"40,55000";"13,29199";"0,22499"
"40,56000";"13,27700";"0,23180"
"40,57000";"13,26189";"0,23153"
"40,58000";"13,24666";"0,22719"
"40,59000";"13,23167";"0,22576"
"40,60000";"13,21691";"0,22720"
"40,61000";"13,20203";"0,23103"
"40,62000";"13,18704";"0,23527"
"40,63000";"13,17193";"0,22471"
"40,64000";"13,15706";"0,21957"
"40,65000";"13,14194";"0,21925"
"40,66000";"13,12671";"0,21603"
"40,67000";"13,11172";"0,21020"
"40,68000";"13,09697";"0,20673"
"40,69000";"13,08209";"0,22103"
"40,70000";"13,06698";"0,23125"
"40,71000";"13,05199";"0,23179"
"40,72000";"13,03699";"0,23554"
"40,73000";"13,02200";"0,23868"
"40,74000";"13,00677";"0,23731"
"40,75000";"12,99178";"0,23357"
"40,76000";"12,97690";"0,23533"
"40,77000";"12,96215";"0,23583"
"40,78000";"12,94715";"0,23176"
"40,79000";"12,93204";"0,23129"
"40,80000";"12,91705";"0,23456"
"40,81000";"12,90205";"0,23486"
"40,82000";"12,88706";"0,23511"
"40,83000";"12,87195";"0,23270"
"40,84000";"12,85708";"0,23951"
"40,85000";"12,84220";"0,24342"
"40,86000";"12,82721";"0,24579"
"40,87000";"12,81198";"0,24230"
"40,88000";"12,79699";"0,23240"
"40,89000";"12,78199";"0,22719"
"40,90000";"12,76688";"0,21979"
"40,91000";"12,75189";"0,21007"
"40,92000";"12,73701";"0,20500"
"40,93000";"12,72214";"0,20460"
"40,94000";"12,70703";"0,20597"
"40,95000";"12,69192";"0,20819"
"40,96000";"12,67681";"0,20429"
"40,97000";"12,66169";"0,19902"
"40,98000";"12,64682";"0,20268"
"40,99000";"12,63171";"0,21164"
"41,00000";"12,61683";"0,21075"
"41,01000";"12,60196";"0,21196"
"41,02000";"12,58697";"0,21743"
"41,03000";"12,57197";"0,22391"
"41,04000";"12,55686";"0,22981"
"41,05000";"12,54187";"0,22668"
"41,06000";"12,52699";"0,22982"
"41,07000";"12,51200";"0,23564"
"41,08000";"12,49701";"0,23819"
"41,09000";"12,48201";"0,24080"
"41,10000";"12,46702";"0,23954"
"41,11000";"12,45203";"0,23885"
"41,12000";"12,43692";"0,23678"
"41,13000";"12,42180";"0,23463"
"41,14000";"12,40681";"0,23021"
"41,15000";"12,39194";"0,22648"
"41,16000";"12,37694";"0,22527"
"41,17000";"12,36195";"0,22160"
"41,18000";"12,34696";"0,22191"
"41,19000";"12,33185";"0,23250"
"41,20000";"12,31685";"0,24268"
"41,21000";"12,30174";"0,24164"
"41,22000";"12,28675";"0,24673"
"41,23000";"12,27188";"0,24110"
"41,24000";"12,25700";"0,23444"
"41,25000";"12,24201";"0,23028"
"41,26000";"12,22701";"0,22622"
"41,27000";"12,21202";"0,22454"
"41,28000";"12,19691";"0,22282"
"41,29000";"12,18180";"0,22673"
"41,30000";"12,16692";"0,22582"
"41,31000";"12,15205";"0,22379"
"41,32000";"12,13706";"0,22712"
"41,33000";"12,12206";"0,23593"
"41,34000";"12,10707";"0,23570"
"41,35000";"12,09208";"0,23145"
"41,36000";"12,07708";"0,22534"
"41,37000";"12,06209";"0,22098"
"41,38000";"12,04710";"0,21145"
"41,39000";"12,03234";"0,20647"
"41,40000";"12,01735";"0,21131"
"41,41000";"12,00224";"0,21992"
"41,42000";"11,98713";"0,22437"
"41,43000";"11,97201";"0,22499"
"41,44000";"11,95702";"0,23048"
"41,45000";"11,94191";"0,23840"
"41,46000";"11,92692";"0,24954"
"41,47000";"11,91204";"0,25082"
"41,48000";"11,89717";"0,23948"
"41,49000";"11,88206";"0,23155"
"41,50000";"11,86695";"0,22252"
"41,51000";"11,85183";"0,22031"
"41,52000";"11,83684";"0,21699"
"41,53000";"11,82185";"0,21546"
"41,54000";"11,80674";"0,22233"
"41,55000";"11,79186";"0,22488"
"41,56000";"11,77699";"0,22574"
"41,57000";"11,76199";"0,22205"
"41,58000";"11,74688";"0,22387"
"41,59000";"11,73189";"0,22984"
"41,60000";"11,71690";"0,23255"
"41,61000";"11,70202";"0,24091"
"41,62000";"11,68691";"0,24818"
"41,63000";"11,67192";"0,24476"
"41,64000";"11,65693";"0,23235"
"41,65000";"11,64193";"0,22526"
"41,66000";"11,62694";"0,22788"
"41,67000";"11,61195";"0,22842"
"41,68000";"11,59695";"0,22248"
"41,69000";"11,58196";"0,21518"
"41,70000";"11,56708";"0,21826"
"41,71000";"11,55209";"0,22384"
"41,72000";"11,53710";"0,22324"
"41,73000";"11,52210";"0,22507"
"41,74000";"11,50711";"0,22299"
"41,75000";"11,49188";"0,22595"
"41,76000";"11,47689";"0,22754"
"41,77000";"11,46201";"0,22405"
"41,78000";"11,44702";"0,21792"
"41,79000";"11,43203";"0,21601"
"41,80000";"11,41704";"0,21415"
"41,81000";"11,40216";"0,21149"
"41,82000";"11,38717";"0,20841"
"41,83000";"11,37194";"0,21406"
"41,84000";"11,35683";"0,22121"
"41,85000";"11,34183";"0,22583"
"41,86000";"11,32684";"0,22506"
"41,87000";"11,31185";"0,21946"
"41,88000";"11,29685";"0,21698"
"41,89000";"11,28198";"0,21397"
"41,90000";"11,26710";"0,21896"
"41,91000";"11,25199";"0,22195"
"41,92000";"11,23700";"0,22784"
"41,93000";"11,22201";"0,22360"
"41,94000";"11,20713";"0,22684"
"41,95000";"11,19202";"0,22876"
"41,96000";"11,17691";"0,23218"
"41,97000";"11,16192";"0,23185"
"41,98000";"11,14704";"0,22614"
"41,99000";"11,13205";"0,21827"
"42,00000";"11,11694";"0,20740"
"42,01000";"11,10194";"0,20382"
"42,02000";"11,08719";"0,20428"
"42,03000";"11,07219";"0,20908"
"42,04000";"11,05696";"0,21059"
"42,05000";"11,04197";"0,21544"
"42,06000";"11,02698";"0,22423"
"42,07000";"11,01199";"0,23339"
"42,08000";"10,99688";"0,23533"
"42,09000";"10,98188";"0,23090"
"42,10000";"10,96701";"0,22720"
"42,11000";"10,95225";"0,22227"
"42,12000";"10,93714";"0,22349"
"42,13000";"10,92191";"0,21964"
"42,14000";"10,90692";"0,21538"
"42,15000";"10,89192";"0,21637"
"42,16000";"10,87669";"0,21851"
"42,17000";"10,86170";"0,22391"
"42,18000";"10,84683";"0,22130"
"42,19000";"10,83195";"0,22310"
"42,20000";"10,81684";"0,23057"
"42,21000";"10,80173";"0,23158"
"42,22000";"10,78686";"0,22601"
"42,23000";"10,77198";"0,22610"
"42,24000";"10,75699";"0,22542"
"42,25000";"10,74199";"0,22091"
"42,26000";"10,72700";"0,21372"
"42,27000";"10,71213";"0,20579"
"42,28000";"10,69725";"0,20888"
"42,29000";"10,68226";"0,20832"
"42,30000";"10,66715";"0,21268"
"42,31000";"10,65227";"0,21400"
"42,32000";"10,63728";"0,22170"
"42,33000";"10,62217";"0,22676"
"42,34000";"10,60717";"0,22958"
"42,35000";"10,59230";"0,22206"
"42,36000";"10,57731";"0,22134"
"42,37000";"10,56219";"0,21880"
"42,38000";"10,54720";"0,21444"
"42,39000";"10,53209";"0,21433"
"42,40000";"10,51722";"0,21767"
"42,41000";"10,50234";"0,21983"
"42,42000";"10,48735";"0,21763"
"42,43000";"10,47247";"0,21740"
"42,44000";"10,45748";"0,22506"
"42,45000";"10,44237";"0,22800"
"42,46000";"10,42726";"0,22182"
"42,47000";"10,41215";"0,21713"
"42,48000";"10,39715";"0,21956"
"42,49000";"10,38216";"0,22787"
"42,50000";"10,36717";"0,22466"
"42,51000";"10,35206";"0,21565"
"42,52000";"10,33706";"0,20969"
"42,53000";"10,32207";"0,20854"
"42,54000";"10,30696";"0,21125"
"42,55000";"10,29185";"0,21345"
"42,56000";"10,27697";"0,21622"
"42,57000";"10,26198";"0,21185"
"42,58000";"10,24699";"0,21685"
"42,59000";"10,23199";"0,21874"
"42,60000";"10,21712";"0,21959"
"42,61000";"10,20224";"0,22357"
"42,62000";"10,18725";"0,22496"
"42,63000";"10,17202";"0,21715"
"42,64000";"10,15703";"0,20541"
"42,65000";"10,14204";"0,20668"
"42,66000";"10,12692";"0,20670"
"42,67000";"10,11181";"0,20514"
"42,68000";"10,09682";"0,20365"
"42,69000";"10,08183";"0,20523"
"42,70000";"10,06671";"0,21500"
"42,71000";"10,05160";"0,21807"
"42,72000";"10,03673";"0,22287"
"42,73000";"10,02185";"0,22341"
"42,74000";"10,00686";"0,22476"
"42,75000";"9,99175";"0,22963"
"42,76000";"9,97676";"0,23550"
"42,77000";"9,96188";"0,23308"
"42,78000";"9,94689";"0,23482"
"42,79000";"9,93178";"0,22926"
"42,80000";"9,91690";"0,21665"
"42,81000";"9,90203";"0,21655"
"42,82000";"9,88715";"0,21523"
"42,83000";"9,87204";"0,20657"
"42,84000";"9,85693";"0,20595"
"42,85000";"9,84206";"0,21546"
"42,86000";"9,82695";"0,22256"
"42,87000";"9,81183";"0,23127"
"42,88000";"9,79696";"0,23518"
"42,89000";"9,78208";"0,23614"
"42,90000";"9,76721";"0,23353"
"42,91000";"9,75210";"0,23183"
"42,92000";"9,73699";"0,22524"
"42,93000";"9,72211";"0,22268"
"42,94000";"9,70724";"0,21587"
"42,95000";"9,69213";"0,20973"
"42,96000";"9,67701";"0,20807"
"42,97000";"9,66214";"0,21132"
"42,98000";"9,64726";"0,21978"
"42,99000";"9,63215";"0,22962"
"43,00000";"9,61692";"0,23394"
"43,01000";"9,60193";"0,23520"
"43,02000";"9,58706";"0,24333"
"43,03000";"9,57218";"0,24229"
"43,04000";"9,55707";"0,23338"
"43,05000";"9,54220";"0,22788"
"43,06000";"9,52732";"0,22723"
"43,07000";"9,51233";"0,22561"
"43,08000";"9,49710";"0,22662"
"43,09000";"9,48199";"0,23725"
"43,10000";"9,46699";"0,25722"
"43,11000";"9,45200";"0,25953"
"43,12000";"9,43701";"0,25706"
"43,13000";"9,42201";"0,25696"
"43,14000";"9,40714";"0,25934"
"43,15000";"9,39215";"0,25993"
"43,16000";"9,37704";"0,26007"
"43,17000";"9,36180";"0,26084"
"43,18000";"9,34693";"0,26351"
"43,19000";"9,33206";"0,25458"
"43,20000";"9,31694";"0,25233"
"43,21000";"9,30195";"0,25007"
"43,22000";"9,28719";"0,25536"
"43,23000";"9,27232";"0,26155"
"43,24000";"9,25721";"0,26997"
"43,25000";"9,24210";"0,26929"
"43,26000";"9,22699";"0,25884"
"43,27000";"9,21211";"0,25035"
"43,28000";"9,19700";"0,24569"
"43,29000";"9,18189";"0,24606"
"43,30000";"9,16690";"0,24966"
"43,31000";"9,15202";"0,25473"
"43,32000";"9,13691";"0,26063"
"43,33000";"9,12180";"0,26771"
"43,34000";"9,10692";"0,26098"
"43,35000";"9,09205";"0,26374"
"43,36000";"9,07729";"0,27076"
"43,37000";"9,06206";"0,27215"
"43,38000";"9,04695";"0,26042"
"43,39000";"9,03196";"0,24839"
"43,40000";"9,01696";"0,25187"
"43,41000";"9,00185";"0,25756"
"43,42000";"8,98662";"0,25984"
"43,43000";"8,97175";"0,26104"
"43,44000";"8,95699";"0,26316"
"43,45000";"8,94200";"0,26388"
"43,46000";"8,92677";"0,26065"
"43,47000";"8,91190";"0,24982"
"43,48000";"8,89702";"0,24866"
"43,49000";"8,88191";"0,25273"
"43,50000";"8,86680";"0,25640"
"43,51000";"8,85192";"0,25535"
"43,52000";"8,83717";"0,25976"
"43,53000";"8,82217";"0,25887"
"43,54000";"8,80706";"0,26128"
"43,55000";"8,79207";"0,26371"
"43,56000";"8,77708";"0,26607"
"43,57000";"8,76208";"0,26129"
"43,58000";"8,74697";"0,25828"
"43,59000";"8,73210";"0,25264"
"43,60000";"8,71722";"0,25718"
"43,61000";"8,70235";"0,26196"
"43,62000";"8,68724";"0,25989"
"43,63000";"8,67213";"0,26240"
"43,64000";"8,65725";"0,27381"
"43,65000";"8,64214";"0,27371"
"43,66000";"8,62703";"0,27547"
"43,67000";"8,61203";"0,27142"
"43,68000";"8,59716";"0,26778"
"43,69000";"8,58228";"0,26700"
"43,70000";"8,56706";"0,26768"
"43,71000";"8,55194";"0,26441"
"43,72000";"8,53695";"0,26965"
"43,73000";"8,52184";"0,28271"
"43,74000";"8,50673";"0,29117"
"43,75000";"8,49174";"0,28979"
"43,76000";"8,47686";"0,28199"
"43,77000";"8,46199";"0,26997"
"43,78000";"8,44687";"0,25929"
"43,79000";"8,43176";"0,25072"
"43,80000";"8,41677";"0,25015"
"43,81000";"8,40178";"0,25143"
"43,82000";"8,38690";"0,25744"
"43,83000";"8,37191";"0,26697"
"43,84000";"8,35692";"0,26357"
"43,85000";"8,34204";"0,25487"
"43,86000";"8,32705";"0,25390"
"43,87000";"8,31194";"0,26290"
"43,88000";"8,29683";"0,26994"
"43,89000";"8,28183";"0,27494"
"43,90000";"8,26684";"0,27569"
"43,91000";"8,25185";"0,26832"
"43,92000";"8,23685";"0,26773"
"43,93000";"8,22198";"0,26003"
"43,94000";"8,20699";"0,25932"
"43,95000";"8,19188";"0,26156"
"43,96000";"8,17676";"0,25825"
"43,97000";"8,16189";"0,25332"
"43,98000";"8,14701";"0,24983"
"43,99000";"8,13202";"0,24477"
"44,00000";"8,11691";"0,24030"
"44,01000";"8,10192";"0,23429"
"44,02000";"8,08692";"0,24138"
"44,03000";"8,07193";"0,24859"
"44,04000";"8,05670";"0,25282"
"44,05000";"8,04171";"0,25233"
"44,06000";"8,02707";"0,24997"
"44,07000";"8,01220";"0,25113"
"44,08000";"7,99720";"0,25056"
"44,09000";"7,98209";"0,24987"
"44,10000";"7,96710";"0,25053"
"44,11000";"7,95199";"0,25186"
"44,12000";"7,93699";"0,25792"
"44,13000";"7,92188";"0,25820"
"44,14000";"7,90701";"0,25970"
"44,15000";"7,89213";"0,26359"
"44,16000";"7,87702";"0,26579"
"44,17000";"7,86203";"0,26360"
"44,18000";"7,84704";"0,25632"
"44,19000";"7,83204";"0,25626"
"44,20000";"7,81693";"0,25449"
"44,21000";"7,80182";"0,25560"
"44,22000";"7,78694";"0,25312"
"44,23000";"7,77219";"0,25544"
"44,24000";"7,75719";"0,26188"
"44,25000";"7,74208";"0,26310"
"44,26000";"7,72709";"0,25757"
"44,27000";"7,71210";"0,25919"
"44,28000";"7,69710";"0,27064"
"44,29000";"7,68199";"0,28059"
"44,30000";"7,66712";"0,28479"
"44,31000";"7,65212";"0,27923"
"44,32000";"7,63713";"0,27509"
"44,33000";"7,62202";"0,27128"
"44,34000";"7,60691";"0,26751"
"44,35000";"7,59192";"0,27132"
"44,36000";"7,57681";"0,26713"
"44,37000";"7,56169";"0,26182"
"44,38000";"7,54682";"0,26171"
"44,39000";"7,53194";"0,26172"
"44,40000";"7,51707";"0,26252"
"44,41000";"7,50196";"0,25911"
"44,42000";"7,48685";"0,25883"
"44,43000";"7,47185";"0,26282"
"44,44000";"7,45686";"0,26353"
"44,45000";"7,44187";"0,26009"
"44,46000";"7,42687";"0,25736"
"44,47000";"7,41188";"0,26229"
"44,48000";"7,39701";"0,26479"
"44,49000";"7,38190";"0,26740"
"44,50000";"7,36679";"0,26421"
"44,51000";"7,35179";"0,25057"
"44,52000";"7,33680";"0,24364"
"44,53000";"7,32181";"0,23602"
"44,54000";"7,30681";"0,23695"
"44,55000";"7,29194";"0,24116"
"44,56000";"7,27694";"0,24344"
"44,57000";"7,26207";"0,24356"
"44,58000";"7,24696";"0,24987"
"44,59000";"7,23185";"0,25437"
"44,60000";"7,21697";"0,25418"
"44,61000";"7,20198";"0,25730"
"44,62000";"7,18699";"0,25762"
"44,63000";"7,17199";"0,25481"
"44,64000";"7,15700";"0,25018"
"44,65000";"7,14201";"0,25623"
"44,66000";"7,12701";"0,26531"
"44,67000";"7,11190";"0,26749"
"44,68000";"7,09691";"0,27111"
"44,69000";"7,08204";"0,26856"
"44,70000";"7,06692";"0,26670"
"44,71000";"7,05193";"0,26046"
"44,72000";"7,03694";"0,26218"
"44,73000";"7,02194";"0,26659"
"44,74000";"7,00683";"0,26546"
"44,75000";"6,99184";"0,26803"
"44,76000";"6,97685";"0,26864"
"44,77000";"6,96221";"0,26810"
"44,78000";"6,94733";"0,26595"
"44,79000";"6,93234";"0,26132"
"44,80000";"6,91723";"0,25622"
"44,81000";"6,90224";"0,25816"
"44,82000";"6,88724";"0,26058"
"44,83000";"6,87201";"0,25635"
"44,84000";"6,85690";"0,26018"
"44,85000";"6,84203";"0,26045"
"44,86000";"6,82715";"0,26426"
"44,87000";"6,81204";"0,26506"
"44,88000";"6,79693";"0,26729"
"44,89000";"6,78194";"0,26680"
"44,90000";"6,76694";"0,26506"
"44,91000";"6,75183";"0,26921"
"44,92000";"6,73684";"0,26732"
"44,93000";"6,72185";"0,26788"
"44,94000";"6,70709";"0,27205"
"44,95000";"6,69210";"0,27233"
"44,96000";"6,67699";"0,26966"
"44,97000";"6,66188";"0,26836"
"44,98000";"6,64700";"0,26220"
"44,99000";"6,63189";"0,26173"
"45,00000";"6,61678";"0,25868"
"45,01000";"6,60190";"0,25680"
"45,02000";"6,58715";"0,25755"
"45,03000";"6,57227";"0,26485"
"45,04000";"6,55728";"0,25728"
"45,05000";"6,54228";"0,25007"
"45,06000";"6,52706";"0,24919"
"45,07000";"6,51183";"0,25030"
"45,08000";"6,49672";"0,25567"
"45,09000";"6,48172";"0,25888"
"45,10000";"6,46685";"0,25582"
"45,11000";"6,45185";"0,25781"
"45,12000";"6,43698";"0,26012"
"45,13000";"6,42199";"0,25701"
"45,14000";"6,40711";"0,25112"
"45,15000";"6,39212";"0,25095"
"45,16000";"6,37712";"0,25985"
"45,17000";"6,36213";"0,25940"
"45,18000";"6,34714";"0,25516"
"45,19000";"6,33215";"0,25854"
"45,20000";"6,31715";"0,26590"
"45,21000";"6,30204";"0,27347"
"45,22000";"6,28693";"0,26867"
"45,23000";"6,27206";"0,26429"
"45,24000";"6,25706";"0,26011"
"45,25000";"6,24207";"0,25950"
"45,26000";"6,22708";"0,26345"
"45,27000";"6,21208";"0,26577"
"45,28000";"6,19697";"0,26801"
"45,29000";"6,18174";"0,26476"
"45,30000";"6,16675";"0,26190"
"45,31000";"6,15176";"0,25592"
"45,32000";"6,13700";"0,25227"
"45,33000";"6,12201";"0,25258"
"45,34000";"6,10701";"0,25614"
"45,35000";"6,09202";"0,25932"
"45,36000";"6,07703";"0,26797"
"45,37000";"6,06192";"0,26686"
"45,38000";"6,04681";"0,25592"
"45,39000";"6,03193";"0,24787"
"45,40000";"6,01706";"0,25759"
"45,41000";"6,00206";"0,26249"
"45,42000";"5,98695";"0,25803"
"45,43000";"5,97208";"0,24682"
"45,44000";"5,95708";"0,23843"
"45,45000";"5,94197";"0,23497"
"45,46000";"5,92686";"0,23706"
"45,47000";"5,91187";"0,24893"
"45,48000";"5,89699";"0,25992"
"45,49000";"5,88212";"0,26997"
"45,50000";"5,86713";"0,26735"
"45,51000";"5,85201";"0,26327"
"45,52000";"5,83714";"0,26292"
"45,53000";"5,82215";"0,25265"
"45,54000";"5,80703";"0,24891"
"45,55000";"5,79192";"0,25224"
"45,56000";"5,77717";"0,25896"
"45,57000";"5,76229";"0,26470"
"45,58000";"5,74718";"0,26935"
"45,59000";"5,73219";"0,26977"
"45,60000";"5,71719";"0,26523"
"45,61000";"5,70232";"0,26543"
"45,62000";"5,68709";"0,27106"
"45,63000";"5,67198";"0,27437"
"45,64000";"5,65699";"0,27552"
"45,65000";"5,64211";"0,27290"
"45,66000";"5,62700";"0,27550"
"45,67000";"5,61177";"0,27439"
"45,68000";"5,59678";"0,26794"
"45,69000";"5,58190";"0,25638"
"45,70000";"5,56679";"0,25318"
"45,71000";"5,55180";"0,25629"
"45,72000";"5,53692";"0,26385"
"45,73000";"5,52217";"0,26652"
"45,74000";"5,50706";"0,26799"
"45,75000";"5,49206";"0,26633"
"45,76000";"5,47695";"0,26944"
"45,77000";"5,46196";"0,27345"
"45,78000";"5,44697";"0,27544"
"45,79000";"5,43185";"0,27168"
"45,80000";"5,41698";"0,26402"
"45,81000";"5,40210";"0,26193"
"45,82000";"5,38723";"0,25768"
"45,83000";"5,37212";"0,24949"
"45,84000";"5,35713";"0,24890"
"45,85000";"5,34201";"0,25267"
"45,86000";"5,32714";"0,25312"
"45,87000";"5,31203";"0,25219"
"45,88000";"5,29704";"0,25145"
"45,89000";"5,28216";"0,24813"
"45,90000";"5,26728";"0,25058"
"45,91000";"5,25217";"0,25619"
"45,92000";"5,23706";"0,26005"
"45,93000";"5,22207";"0,26143"
"45,94000";"5,20708";"0,26420"
"45,95000";"5,19208";"0,26228"
"45,96000";"5,17697";"0,25616"
"45,97000";"5,16210";"0,25771"
"45,98000";"5,14734";"0,25847"
"45,99000";"5,13223";"0,26515"
"46,00000";"5,11700";"0,27076"
"46,01000";"5,10189";"0,26300"
"46,02000";"5,08701";"0,26563"
"46,03000";"5,07202";"0,27293"
"46,04000";"5,05703";"0,27205"
"46,05000";"5,04204";"0,27488"
"46,06000";"5,02716";"0,27566"
"46,07000";"5,01205";"0,27495"
"46,08000";"4,99694";"0,28354"
"46,09000";"4,98183";"0,28996"
"46,10000";"4,96683";"0,29101"
"46,11000";"4,95184";"0,28453"
"46,12000";"4,93685";"0,27806"
"46,13000";"4,92185";"0,27081"
"46,14000";"4,90698";"0,26248"
"46,15000";"4,89199";"0,25390"
"46,16000";"4,87688";"0,25339"
"46,17000";"4,86176";"0,25427"
"46,18000";"4,84677";"0,26254"
"46,19000";"4,83201";"0,26254"
"46,20000";"4,81714";"0,26982"
"46,21000";"4,80203";"0,26913"
"46,22000";"4,78703";"0,27091"
"46,23000";"4,77216";"0,27376"
"46,24000";"4,75705";"0,28087"
"46,25000";"4,74194";"0,28029"
"46,26000";"4,72683";"0,27089"
"46,27000";"4,71207";"0,26942"
"46,28000";"4,69731";"0,27480"
"46,29000";"4,68220";"0,27596"
"46,30000";"4,66697";"0,27280"
"46,31000";"4,65210";"0,27394"
"46,32000";"4,63710";"0,27009"
"46,33000";"4,62199";"0,26323"
"46,34000";"4,60688";"0,25989"
"46,35000";"4,59189";"0,26123"
"46,36000";"4,57701";"0,26764"
"46,37000";"4,56202";"0,27313"
"46,38000";"4,54703";"0,27264"
"46,39000";"4,53215";"0,26789"
"46,40000";"4,51728";"0,26846"
"46,41000";"4,50228";"0,27023"
"46,42000";"4,48717";"0,26538"
"46,43000";"4,47230";"0,25470"
"46,44000";"4,45754";"0,25385"
"46,45000";"4,44243";"0,25845"
"46,46000";"4,42720";"0,26715"
"46,47000";"4,41221";"0,27281"
"46,48000";"4,39710";"0,27293"
"46,49000";"4,38210";"0,27964"
"46,50000";"4,36699";"0,28309"
"46,51000";"4,35200";"0,28504"
"46,52000";"4,33724";"0,28437"
"46,53000";"4,32225";"0,28902"
"46,54000";"4,30714";"0,28654"
"46,55000";"4,29215";"0,28060"
"46,56000";"4,27715";"0,28447"
"46,57000";"4,26228";"0,28493"
"46,58000";"4,24717";"0,28244"
"46,59000";"4,23217";"0,26777"
"46,60000";"4,21742";"0,26009"
"46,61000";"4,20242";"0,25383"
"46,62000";"4,18731";"0,25440"
"46,63000";"4,17208";"0,26158"
"46,64000";"4,15697";"0,26417"
"46,65000";"4,14210";"0,26993"
"46,66000";"4,12699";"0,27626"
"46,67000";"4,11188";"0,27486"
"46,68000";"4,09688";"0,26954"
"46,69000";"4,08201";"0,27267"
"46,70000";"4,06690";"0,28297"
"46,71000";"4,05178";"0,28532"
"46,72000";"4,03679";"0,28760"
"46,73000";"4,02192";"0,28576"
"46,74000";"4,00704";"0,28427"
"46,75000";"3,99193";"0,27571"
"46,76000";"3,97682";"0,26256"
"46,77000";"3,96194";"0,25240"
"46,78000";"3,94683";"0,24726"
"46,79000";"3,93172";"0,25026"
"46,80000";"3,91673";"0,26282"
"46,81000";"3,90197";"0,26846"
"46,82000";"3,88698";"0,28104"
"46,83000";"3,87187";"0,28309"
"46,84000";"3,85664";"0,28460"
"46,85000";"3,84165";"0,28292"
"46,86000";"3,82665";"0,28221"
"46,87000";"3,81154";"0,28314"
"46,88000";"3,79655";"0,28004"
"46,89000";"3,78167";"0,27488"
"46,90000";"3,76692";"0,26729"
"46,91000";"3,75181";"0,25663"
"46,92000";"3,73681";"0,25146"
"46,93000";"3,72182";"0,25426"
"46,94000";"3,70683";"0,25546"
"46,95000";"3,69160";"0,26165"
"46,96000";"3,67649";"0,26059"
"46,97000";"3,66173";"0,25985"
"46,98000";"3,64685";"0,26438"
"46,99000";"3,63198";"0,27005"
"47,00000";"3,61687";"0,27194"
"47,01000";"3,60199";"0,27463"
"47,02000";"3,58712";"0,27498"
"47,03000";"3,57201";"0,27480"
"47,04000";"3,55690";"0,27638"
"47,05000";"3,54202";"0,27313"
"47,06000";"3,52726";"0,27806"
"47,07000";"3,51227";"0,27957"
"47,08000";"3,49716";"0,27680"
"47,09000";"3,48205";"0,28067"
"47,10000";"3,46717";"0,28705"
"47,11000";"3,45206";"0,28860"
"47,12000";"3,43707";"0,29140"
"47,13000";"3,42219";"0,29481"
"47,14000";"3,40732";"0,29332"
"47,15000";"3,39244";"0,28587"
"47,16000";"3,37733";"0,27616"
"47,17000";"3,36210";"0,26888"
"47,18000";"3,34711";"0,26368"
"47,19000";"3,33212";"0,26913"
"47,20000";"3,31689";"0,27811"
"47,21000";"3,30190";"0,27784"
"47,22000";"3,28702";"0,27543"
"47,23000";"3,27203";"0,28009"
"47,24000";"3,25703";"0,28701"
"47,25000";"3,24181";"0,28259"
"47,26000";"3,22681";"0,27924"
"47,27000";"3,21194";"0,28132"
"47,28000";"3,19694";"0,28690"
"47,29000";"3,18195";"0,28658"
"47,30000";"3,16696";"0,27399"
"47,31000";"3,15208";"0,26450"
"47,32000";"3,13697";"0,25906"
"47,33000";"3,12186";"0,25455"
"47,34000";"3,10687";"0,25560"
"47,35000";"3,09199";"0,25913"
"47,36000";"3,07700";"0,26586"
"47,37000";"3,06201";"0,26719"
"47,38000";"3,04701";"0,26549"
"47,39000";"3,03226";"0,26640"
"47,40000";"3,01715";"0,27076"
"47,41000";"3,00192";"0,26945"
"47,42000";"2,98681";"0,27162"
"47,43000";"2,97193";"0,27359"
"47,44000";"2,95706";"0,27987"
"47,45000";"2,94206";"0,27718"
"47,46000";"2,92707";"0,27399"
"47,47000";"2,91208";"0,27091"
"47,48000";"2,89708";"0,27159"
"47,49000";"2,88197";"0,27504"
"47,50000";"2,86686";"0,27515"
"47,51000";"2,85187";"0,27686"
"47,52000";"2,83699";"0,28556"
"47,53000";"2,82200";"0,28221"
"47,54000";"2,80701";"0,27558"
"47,55000";"2,79201";"0,26459"
"47,56000";"2,77702";"0,25335"
"47,57000";"2,76191";"0,25295"
"47,58000";"2,74680";"0,25632"
"47,59000";"2,73169";"0,26081"
"47,60000";"2,71693";"0,26146"
"47,61000";"2,70206";"0,27517"
"47,62000";"2,68694";"0,28695"
"47,63000";"2,67183";"0,29297"
"47,64000";"2,65696";"0,29692"
"47,65000";"2,64185";"0,29651"
"47,66000";"2,62674";"0,29341"
"47,67000";"2,61174";"0,28735"
"47,68000";"2,59687";"0,28787"
"47,69000";"2,58211";"0,28808"
"47,70000";"2,56700";"0,28520"
"47,71000";"2,55201";"0,27668"
"47,72000";"2,53701";"0,26534"
"47,73000";"2,52202";"0,26160"
"47,74000";"2,50691";"0,26768"
"47,75000";"2,49192";"0,27184"
"47,76000";"2,47716";"0,27318"
"47,77000";"2,46228";"0,28056"
"47,78000";"2,44729";"0,29081"
"47,79000";"2,43206";"0,29496"
"47,80000";"2,41695";"0,28769"
"47,81000";"2,40184";"0,27714"
"47,82000";"2,38673";"0,27107"
"47,83000";"2,37162";"0,26526"
"47,84000";"2,35663";"0,26858"
"47,85000";"2,34187";"0,27201"
"47,86000";"2,32699";"0,28123"
"47,87000";"2,31188";"0,29008"
"47,88000";"2,29689";"0,29907"
"47,89000";"2,28201";"0,29721"
"47,90000";"2,26702";"0,29061"
"47,91000";"2,25203";"0,29417"
"47,92000";"2,23703";"0,28803"
"47,93000";"2,22216";"0,28037"
"47,94000";"2,20717";"0,27424"
"47,95000";"2,19206";"0,26855"
"47,96000";"2,17706";"0,26384"
"47,97000";"2,16207";"0,27202"
"47,98000";"2,14696";"0,27741"
"47,99000";"2,13208";"0,27993"
"48,00000";"2,11697";"0,27774"
"48,01000";"2,10210";"0,27232"
"48,02000";"2,08710";"0,27337"
"48,03000";"2,07199";"0,27474"
"48,04000";"2,05688";"0,27987"
"48,05000";"2,04177";"0,28616"
"48,06000";"2,02690";"0,28985"
"48,07000";"2,01190";"0,28627"
"48,08000";"1,99703";"0,28410"
"48,09000";"1,98203";"0,28500"
"48,10000";"1,96704";"0,29423"
"48,11000";"1,95205";"0,29707"
"48,12000";"1,93694";"0,29328"
"48,13000";"1,92194";"0,28568"
"48,14000";"1,90695";"0,27767"
"48,15000";"1,89196";"0,27429"
"48,16000";"1,87697";"0,27652"
"48,17000";"1,86197";"0,28027"
"48,18000";"1,84698";"0,27855"
"48,19000";"1,83199";"0,27730"
"48,20000";"1,81699";"0,27662"
"48,21000";"1,80176";"0,27758"
"48,22000";"1,78677";"0,27313"
"48,23000";"1,77190";"0,27445"
"48,24000";"1,75702";"0,27683"
"48,25000";"1,74203";"0,27517"
"48,26000";"1,72692";"0,27580"
"48,27000";"1,71204";"0,27349"
"48,28000";"1,69693";"0,27642"
"48,29000";"1,68194";"0,28273"
"48,30000";"1,66694";"0,27596"
"48,31000";"1,65207";"0,27326"
"48,32000";"1,63719";"0,27544"
"48,33000";"1,62208";"0,27239"
"48,34000";"1,60709";"0,27875"
"48,35000";"1,59210";"0,27725"
"48,36000";"1,57710";"0,28156"
"48,37000";"1,56199";"0,27838"
"48,38000";"1,54700";"0,26815"
"48,39000";"1,53212";"0,26170"
"48,40000";"1,51725";"0,26277"
"48,41000";"1,50214";"0,26412"
"48,42000";"1,48703";"0,26225"
"48,43000";"1,47192";"0,26310"
"48,44000";"1,45692";"0,26080"
"48,45000";"1,44181";"0,26304"
"48,46000";"1,42682";"0,26295"
"48,47000";"1,41194";"0,26877"
"48,48000";"1,39707";"0,27648"
"48,49000";"1,38196";"0,28458"
"48,50000";"1,36685";"0,28390"
"48,51000";"1,35185";"0,28178"
"48,52000";"1,33686";"0,27757"
"48,53000";"1,32175";"0,27450"
"48,54000";"1,30676";"0,27478"
"48,55000";"1,29188";"0,28245"
"48,56000";"1,27701";"0,28646"
"48,57000";"1,26201";"0,28401"
"48,58000";"1,24702";"0,28145"
"48,59000";"1,23203";"0,28168"
"48,60000";"1,21715";"0,28137"
"48,61000";"1,20216";"0,28390"
"48,62000";"1,18705";"0,28690"
"48,63000";"1,17206";"0,28899"
"48,64000";"1,15706";"0,29361"
"48,65000";"1,14219";"0,29376"
"48,66000";"1,12708";"0,29296"
"48,67000";"1,11197";"0,28535"
"48,68000";"1,09697";"0,27743"
"48,69000";"1,08210";"0,27868"
"48,70000";"1,06710";"0,28305"
"48,71000";"1,05211";"0,28430"
"48,72000";"1,03712";"0,28547"
"48,73000";"1,02213";"0,28332"
"48,74000";"1,00701";"0,27655"
"48,75000";"0,99190";"0,26742"
"48,76000";"0,97691";"0,25975"
"48,77000";"0,96192";"0,25764"
"48,78000";"0,94704";"0,25900"
"48,79000";"0,93205";"0,26546"
"48,80000";"0,91706";"0,27009"
"48,81000";"0,90206";"0,27881"
"48,82000";"0,88707";"0,28186"
"48,83000";"0,87196";"0,27741"
"48,84000";"0,85685";"0,27356"
"48,85000";"0,84185";"0,26969"
"48,86000";"0,82686";"0,26962"
"48,87000";"0,81199";"0,27321"
"48,88000";"0,79699";"0,27569"
"48,89000";"0,78212";"0,27222"
"48,90000";"0,76724";"0,27584"
"48,91000";"0,75225";"0,27600"
"48,92000";"0,73714";"0,27572"
"48,93000";"0,72215";"0,27623"
"48,94000";"0,70727";"0,27710"
"48,95000";"0,69228";"0,27025"
"48,96000";"0,67717";"0,25048"
"48,97000";"0,66206";"0,24496"
"48,98000";"0,64718";"0,25104"
"48,99000";"0,63219";"0,25815"
"49,00000";"0,61696";"0,26599"
"49,01000";"0,60197";"0,27426"
"49,02000";"0,58709";"0,27679"
"49,03000";"0,57198";"0,28318"
"49,04000";"0,55687";"0,28606"
"49,05000";"0,54176";"0,27900"
"49,06000";"0,52676";"0,26985"
"49,07000";"0,51177";"0,27078"
"49,08000";"0,49678";"0,27385"
"49,09000";"0,48178";"0,27041"
"49,10000";"0,46703";"0,26579"
"49,11000";"0,45203";"0,27097"
"49,12000";"0,43704";"0,27857"
"49,13000";"0,42193";"0,28367"
"49,14000";"0,40694";"0,27885"
"49,15000";"0,39194";"0,27768"
"49,16000";"0,37683";"0,27507"
"49,17000";"0,36172";"0,26936"
"49,18000";"0,34685";"0,26842"
"49,19000";"0,33209";"0,26796"
"49,20000";"0,31710";"0,26398"
"49,21000";"0,30199";"0,26220"
"49,22000";"0,28699";"0,27203"
"49,23000";"0,27212";"0,28270"
"49,24000";"0,25701";"0,28791"
"49,25000";"0,24190";"0,29158"
"49,26000";"0,22702";"0,29346"
"49,27000";"0,21215";"0,29112"
"49,28000";"0,19715";"0,28367"
"49,29000";"0,18192";"0,27374"
"49,30000";"0,16681";"0,25969"
"49,31000";"0,15194";"0,25273"
"49,32000";"0,13694";"0,25926"
"49,33000";"0,12195";"0,26382"
"49,34000";"0,10708";"0,26917"
"49,35000";"0,09232";"0,27084"
"49,36000";"0,07733";"0,26389"
"49,37000";"0,06222";"0,26598"
"49,38000";"0,04722";"0,26974"
"49,39000";"0,03223";"0,26912"
"49,40000";"0,01724";"0,26959"
"49,41000";"0,00224";"0,26984"
"49,41200";"-0,00083";"0,26998"
