Hardness 1 : Kraftbei  Hardness 1;"348,90213";N
A1 : A1;"0,88344";J
A2 : A2;"0,12231";J
Springiness : Springiness;"0,00066";m
Cohesiveness : Cohesiveness;"0,13845";
Chewiness : Chewiness;"0,03166";J

Zeit;Traversenweg;Kraft
(s);(mm);(N)
"0,00000";"0,00000";"0,32863"
"0,01000";"0,00083";"0,32002"
"0,02000";"0,00543";"0,32665"
"0,03000";"0,01582";"0,34988"
"0,04000";"0,03081";"0,36444"
"0,05000";"0,04840";"0,36475"
"0,06000";"0,06729";"0,35800"
"0,07000";"0,08653";"0,34905"
"0,08000";"0,10542";"0,34041"
"0,09000";"0,12396";"0,33159"
"0,10000";"0,14190";"0,32368"
"0,11000";"0,15914";"0,31089"
"0,12000";"0,17602";"0,30781"
"0,13000";"0,19255";"0,30324"
"0,14000";"0,20872";"0,29666"
"0,15000";"0,22466";"0,28886"
"0,16000";"0,24036";"0,29289"
"0,17000";"0,25594";"0,30155"
"0,18000";"0,27129";"0,30851"
"0,19000";"0,28664";"0,31941"
"0,20000";"0,30187";"0,32823"
"0,21000";"0,31722";"0,32931"
"0,22000";"0,33244";"0,32478"
"0,23000";"0,34756";"0,31929"
"0,24000";"0,36267";"0,31308"
"0,25000";"0,37766";"0,31153"
"0,26000";"0,39265";"0,31579"
"0,27000";"0,40765";"0,31834"
"0,28000";"0,42276";"0,32104"
"0,29000";"0,43799";"0,31793"
"0,30000";"0,45310";"0,31491"
"0,31000";"0,46809";"0,32388"
"0,32000";"0,48308";"0,33089"
"0,33000";"0,49808";"0,33256"
"0,34000";"0,51295";"0,32951"
"0,35000";"0,52794";"0,32570"
"0,36000";"0,54294";"0,32357"
"0,37000";"0,55805";"0,32414"
"0,38000";"0,57304";"0,32866"
"0,39000";"0,58803";"0,33064"
"0,40000";"0,60315";"0,32492"
"0,41000";"0,61814";"0,31613"
"0,42000";"0,63313";"0,31260"
"0,43000";"0,64812";"0,32192"
"0,44000";"0,66324";"0,32623"
"0,45000";"0,67823";"0,31927"
"0,46000";"0,69322";"0,31831"
"0,47000";"0,70810";"0,31807"
"0,48000";"0,72309";"0,31512"
"0,49000";"0,73808";"0,30525"
"0,50000";"0,75308";"0,30718"
"0,51000";"0,76807";"0,32377"
"0,52000";"0,78318";"0,33217"
"0,53000";"0,79817";"0,33259"
"0,54000";"0,81328";"0,33387"
"0,55000";"0,82816";"0,33743"
"0,56000";"0,84303";"0,33357"
"0,57000";"0,85791";"0,32620"
"0,58000";"0,87290";"0,31941"
"0,59000";"0,88790";"0,32011"
"0,60000";"0,90289";"0,31911"
"0,61000";"0,91800";"0,31398"
"0,62000";"0,93299";"0,31794"
"0,63000";"0,94810";"0,32294"
"0,64000";"0,96310";"0,32995"
"0,65000";"0,97809";"0,33007"
"0,66000";"0,99308";"0,32513"
"0,67000";"1,00808";"0,32225"
"0,68000";"1,02307";"0,32412"
"0,69000";"1,03818";"0,33145"
"0,70000";"1,05317";"0,33354"
"0,71000";"1,06817";"0,32788"
"0,72000";"1,08316";"0,32652"
"0,73000";"1,09815";"0,32734"
"0,74000";"1,11303";"0,33460"
"0,75000";"1,12802";"0,33904"
"0,76000";"1,14313";"0,33344"
"0,77000";"1,15801";"0,32820"
"0,78000";"1,17300";"0,32361"
"0,79000";"1,18799";"0,31644"
"0,80000";"1,20299";"0,31453"
"0,81000";"1,21798";"0,31082"
"0,82000";"1,23297";"0,31303"
"0,83000";"1,24808";"0,31375"
"0,84000";"1,26308";"0,32161"
"0,85000";"1,27819";"0,33495"
"0,86000";"1,29306";"0,34176"
"0,87000";"1,30794";"0,33796"
"0,88000";"1,32293";"0,32684"
"0,89000";"1,33781";"0,32230"
"0,90000";"1,35280";"0,31966"
"0,91000";"1,36791";"0,32485"
"0,92000";"1,38290";"0,33335"
"0,93000";"1,39801";"0,32947"
"0,94000";"1,41313";"0,32919"
"0,95000";"1,42812";"0,32922"
"0,96000";"1,44311";"0,33500"
"0,97000";"1,45810";"0,33736"
"0,98000";"1,47298";"0,33636"
"0,99000";"1,48797";"0,33028"
"1,00000";"1,50308";"0,31821"
"1,01000";"1,51819";"0,32045"
"1,02000";"1,53319";"0,32941"
"1,03000";"1,54806";"0,33172"
"1,04000";"1,56306";"0,32699"
"1,05000";"1,57805";"0,32535"
"1,06000";"1,59304";"0,32095"
"1,07000";"1,60803";"0,32675"
"1,08000";"1,62315";"0,33347"
"1,09000";"1,63814";"0,32746"
"1,10000";"1,65313";"0,31249"
"1,11000";"1,66813";"0,31055"
"1,12000";"1,68312";"0,31829"
"1,13000";"1,69799";"0,32789"
"1,14000";"1,71299";"0,33587"
"1,15000";"1,72798";"0,33961"
"1,16000";"1,74297";"0,34091"
"1,17000";"1,75797";"0,34482"
"1,18000";"1,77296";"0,33743"
"1,19000";"1,78795";"0,32555"
"1,20000";"1,80294";"0,32338"
"1,21000";"1,81782";"0,32691"
"1,22000";"1,83281";"0,32263"
"1,23000";"1,84792";"0,31199"
"1,24000";"1,86303";"0,31184"
"1,25000";"1,87803";"0,31906"
"1,26000";"1,89302";"0,33115"
"1,27000";"1,90801";"0,33222"
"1,28000";"1,92301";"0,33238"
"1,29000";"1,93800";"0,32238"
"1,30000";"1,95299";"0,31127"
"1,31000";"1,96787";"0,30676"
"1,32000";"1,98298";"0,30731"
"1,33000";"1,99785";"0,30832"
"1,34000";"2,01273";"0,32012"
"1,35000";"2,02772";"0,32673"
"1,36000";"2,04272";"0,32367"
"1,37000";"2,05771";"0,32338"
"1,38000";"2,07282";"0,32662"
"1,39000";"2,08793";"0,32352"
"1,40000";"2,10292";"0,32610"
"1,41000";"2,11803";"0,33323"
"1,42000";"2,13303";"0,33308"
"1,43000";"2,14802";"0,33184"
"1,44000";"2,16301";"0,33648"
"1,45000";"2,17813";"0,34272"
"1,46000";"2,19312";"0,33496"
"1,47000";"2,20811";"0,33298"
"1,48000";"2,22322";"0,33034"
"1,49000";"2,23810";"0,32555"
"1,50000";"2,25309";"0,32936"
"1,51000";"2,26797";"0,33324"
"1,52000";"2,28272";"0,33609"
"1,53000";"2,29760";"0,33606"
"1,54000";"2,31247";"0,34293"
"1,55000";"2,32758";"0,34687"
"1,56000";"2,34269";"0,34371"
"1,57000";"2,35769";"0,34043"
"1,58000";"2,37280";"0,33781"
"1,59000";"2,38791";"0,33524"
"1,60000";"2,40290";"0,33047"
"1,61000";"2,41801";"0,32392"
"1,62000";"2,43301";"0,32286"
"1,63000";"2,44824";"0,31811"
"1,64000";"2,46335";"0,31683"
"1,65000";"2,47834";"0,31659"
"1,66000";"2,49357";"0,31351"
"1,67000";"2,50844";"0,31857"
"1,68000";"2,52344";"0,32433"
"1,69000";"2,53819";"0,33128"
"1,70000";"2,55307";"0,33521"
"1,71000";"2,56806";"0,33156"
"1,72000";"2,58294";"0,33189"
"1,73000";"2,59793";"0,33421"
"1,74000";"2,61292";"0,33423"
"1,75000";"2,62792";"0,34263"
"1,76000";"2,64267";"0,34580"
"1,77000";"2,65767";"0,34049"
"1,78000";"2,67254";"0,33861"
"1,79000";"2,68742";"0,34414"
"1,80000";"2,70229";"0,34409"
"1,81000";"2,71728";"0,34844"
"1,82000";"2,73228";"0,35246"
"1,83000";"2,74739";"0,35264"
"1,84000";"2,76250";"0,34493"
"1,85000";"2,77749";"0,33629"
"1,86000";"2,79272";"0,33297"
"1,87000";"2,80795";"0,33533"
"1,88000";"2,82306";"0,33155"
"1,89000";"2,83817";"0,33125"
"1,90000";"2,85328";"0,33287"
"1,91000";"2,86828";"0,33189"
"1,92000";"2,88315";"0,32587"
"1,93000";"2,89826";"0,32618"
"1,94000";"2,91326";"0,32452"
"1,95000";"2,92837";"0,32872"
"1,96000";"2,94348";"0,34015"
"1,97000";"2,95847";"0,35228"
"1,98000";"2,97347";"0,35039"
"1,99000";"2,98846";"0,34092"
"2,00000";"3,00333";"0,33906"
"2,01000";"3,01821";"0,33778"
"2,02000";"3,03320";"0,34165"
"2,03000";"3,04819";"0,34774"
"2,04000";"3,06307";"0,34635"
"2,05000";"3,07806";"0,33975"
"2,06000";"3,09306";"0,33376"
"2,07000";"3,10805";"0,33596"
"2,08000";"3,12292";"0,34355"
"2,09000";"3,13780";"0,34207"
"2,10000";"3,15256";"0,33913"
"2,11000";"3,16743";"0,33603"
"2,12000";"3,18231";"0,33624"
"2,13000";"3,19730";"0,33720"
"2,14000";"3,21253";"0,33673"
"2,15000";"3,22752";"0,33669"
"2,16000";"3,24275";"0,33023"
"2,17000";"3,25786";"0,32546"
"2,18000";"3,27309";"0,33034"
"2,19000";"3,28808";"0,33123"
"2,20000";"3,30308";"0,33698"
"2,21000";"3,31819";"0,33645"
"2,22000";"3,33330";"0,33002"
"2,23000";"3,34829";"0,32832"
"2,24000";"3,36340";"0,32546"
"2,25000";"3,37851";"0,32610"
"2,26000";"3,39363";"0,32038"
"2,27000";"3,40862";"0,31531"
"2,28000";"3,42361";"0,31245"
"2,29000";"3,43860";"0,30788"
"2,30000";"3,45348";"0,30536"
"2,31000";"3,46824";"0,30812"
"2,32000";"3,48323";"0,31014"
"2,33000";"3,49810";"0,31271"
"2,34000";"3,51310";"0,32141"
"2,35000";"3,52797";"0,32225"
"2,36000";"3,54297";"0,32273"
"2,37000";"3,55784";"0,31605"
"2,38000";"3,57272";"0,30862"
"2,39000";"3,58747";"0,31010"
"2,40000";"3,60235";"0,30788"
"2,41000";"3,61734";"0,30449"
"2,42000";"3,63233";"0,30698"
"2,43000";"3,64733";"0,31030"
"2,44000";"3,66244";"0,31474"
"2,45000";"3,67767";"0,32432"
"2,46000";"3,69278";"0,32523"
"2,47000";"3,70777";"0,32454"
"2,48000";"3,72276";"0,32395"
"2,49000";"3,73787";"0,32495"
"2,50000";"3,75299";"0,32520"
"2,51000";"3,76810";"0,32916"
"2,52000";"3,78333";"0,32843"
"2,53000";"3,79844";"0,32144"
"2,54000";"3,81355";"0,31363"
"2,55000";"3,82854";"0,31290"
"2,56000";"3,84353";"0,32090"
"2,57000";"3,85841";"0,32307"
"2,58000";"3,87340";"0,32271"
"2,59000";"3,88840";"0,32594"
"2,60000";"3,90339";"0,33591"
"2,61000";"3,91850";"0,33151"
"2,62000";"3,93349";"0,32628"
"2,63000";"3,94837";"0,32549"
"2,64000";"3,96336";"0,32615"
"2,65000";"3,97835";"0,33062"
"2,66000";"3,99323";"0,33736"
"2,67000";"4,00810";"0,33560"
"2,68000";"4,02298";"0,33029"
"2,69000";"4,03774";"0,32623"
"2,70000";"4,05261";"0,32326"
"2,71000";"4,06749";"0,32466"
"2,72000";"4,08248";"0,32346"
"2,73000";"4,09747";"0,31877"
"2,74000";"4,11258";"0,31460"
"2,75000";"4,12769";"0,31393"
"2,76000";"4,14281";"0,31461"
"2,77000";"4,15792";"0,31498"
"2,78000";"4,17303";"0,31166"
"2,79000";"4,18802";"0,32090"
"2,80000";"4,20313";"0,32782"
"2,81000";"4,21848";"0,33570"
"2,82000";"4,23359";"0,34182"
"2,83000";"4,24858";"0,34051"
"2,84000";"4,26358";"0,33537"
"2,85000";"4,27845";"0,33534"
"2,86000";"4,29333";"0,32876"
"2,87000";"4,30820";"0,32545"
"2,88000";"4,32319";"0,32192"
"2,89000";"4,33819";"0,32005"
"2,90000";"4,35330";"0,31989"
"2,91000";"4,36829";"0,31570"
"2,92000";"4,38328";"0,31723"
"2,93000";"4,39828";"0,31489"
"2,94000";"4,41315";"0,31205"
"2,95000";"4,42803";"0,31152"
"2,96000";"4,44302";"0,31362"
"2,97000";"4,45801";"0,32152"
"2,98000";"4,47289";"0,32557"
"2,99000";"4,48776";"0,32202"
"3,00000";"4,50276";"0,32444"
"3,01000";"4,51775";"0,32825"
"3,02000";"4,53263";"0,33061"
"3,03000";"4,54762";"0,33250"
"3,04000";"4,56273";"0,33563"
"3,05000";"4,57784";"0,33179"
"3,06000";"4,59283";"0,32839"
"3,07000";"4,60783";"0,33636"
"3,08000";"4,62282";"0,34518"
"3,09000";"4,63781";"0,35328"
"3,10000";"4,65292";"0,35343"
"3,11000";"4,66804";"0,33586"
"3,12000";"4,68315";"0,31984"
"3,13000";"4,69826";"0,30795"
"3,14000";"4,71325";"0,30805"
"3,15000";"4,72836";"0,31965"
"3,16000";"4,74324";"0,32627"
"3,17000";"4,75823";"0,32860"
"3,18000";"4,77310";"0,33177"
"3,19000";"4,78810";"0,32449"
"3,20000";"4,80297";"0,31970"
"3,21000";"4,81820";"0,32168"
"3,22000";"4,83319";"0,32305"
"3,23000";"4,84819";"0,32921"
"3,24000";"4,86306";"0,33297"
"3,25000";"4,87806";"0,33448"
"3,26000";"4,89281";"0,33158"
"3,27000";"4,90769";"0,33243"
"3,28000";"4,92268";"0,33831"
"3,29000";"4,93767";"0,34601"
"3,30000";"4,95267";"0,35516"
"3,31000";"4,96778";"0,35939"
"3,32000";"4,98289";"0,36012"
"3,33000";"4,99788";"0,36605"
"3,34000";"5,01299";"0,37512"
"3,35000";"5,02799";"0,37700"
"3,36000";"5,04298";"0,37510"
"3,37000";"5,05821";"0,37930"
"3,38000";"5,07332";"0,38323"
"3,39000";"5,08831";"0,39511"
"3,40000";"5,10331";"0,40321"
"3,41000";"5,11830";"0,41546"
"3,42000";"5,13329";"0,43261"
"3,43000";"5,14828";"0,45537"
"3,44000";"5,16328";"0,47081"
"3,45000";"5,17827";"0,48350"
"3,46000";"5,19326";"0,49523"
"3,47000";"5,20826";"0,50401"
"3,48000";"5,22313";"0,51896"
"3,49000";"5,23801";"0,53775"
"3,50000";"5,25288";"0,55768"
"3,51000";"5,26788";"0,57901"
"3,52000";"5,28299";"0,60142"
"3,53000";"5,29798";"0,62059"
"3,54000";"5,31297";"0,64069"
"3,55000";"5,32785";"0,65570"
"3,56000";"5,34284";"0,67556"
"3,57000";"5,35772";"0,69917"
"3,58000";"5,37271";"0,72182"
"3,59000";"5,38770";"0,74123"
"3,60000";"5,40281";"0,75896"
"3,61000";"5,41792";"0,77960"
"3,62000";"5,43303";"0,80408"
"3,63000";"5,44803";"0,83289"
"3,64000";"5,46302";"0,85608"
"3,65000";"5,47801";"0,88178"
"3,66000";"5,49301";"0,91211"
"3,67000";"5,50812";"0,94437"
"3,68000";"5,52311";"0,97966"
"3,69000";"5,53822";"1,00727"
"3,70000";"5,55322";"1,02334"
"3,71000";"5,56809";"1,03742"
"3,72000";"5,58308";"1,06381"
"3,73000";"5,59796";"1,09790"
"3,74000";"5,61295";"1,13680"
"3,75000";"5,62806";"1,17026"
"3,76000";"5,64306";"1,20096"
"3,77000";"5,65793";"1,22784"
"3,78000";"5,67304";"1,25106"
"3,79000";"5,68815";"1,26843"
"3,80000";"5,70315";"1,29724"
"3,81000";"5,71814";"1,33544"
"3,82000";"5,73313";"1,37954"
"3,83000";"5,74813";"1,42392"
"3,84000";"5,76324";"1,46794"
"3,85000";"5,77811";"1,50385"
"3,86000";"5,79299";"1,54070"
"3,87000";"5,80798";"1,57982"
"3,88000";"5,82297";"1,62969"
"3,89000";"5,83785";"1,67982"
"3,90000";"5,85296";"1,73139"
"3,91000";"5,86795";"1,78812"
"3,92000";"5,88306";"1,84939"
"3,93000";"5,89806";"1,91795"
"3,94000";"5,91305";"1,98217"
"3,95000";"5,92804";"2,04451"
"3,96000";"5,94303";"2,10886"
"3,97000";"5,95803";"2,18161"
"3,98000";"5,97314";"2,25744"
"3,99000";"5,98813";"2,32289"
"4,00000";"6,00324";"2,38642"
"4,01000";"6,01824";"2,45875"
"4,02000";"6,03311";"2,52842"
"4,03000";"6,04810";"2,59772"
"4,04000";"6,06298";"2,67162"
"4,05000";"6,07797";"2,74593"
"4,06000";"6,09308";"2,82027"
"4,07000";"6,10808";"2,89451"
"4,08000";"6,12307";"2,97169"
"4,09000";"6,13806";"3,04935"
"4,10000";"6,15306";"3,12928"
"4,11000";"6,16793";"3,20403"
"4,12000";"6,18292";"3,27410"
"4,13000";"6,19780";"3,35495"
"4,14000";"6,21291";"3,43974"
"4,15000";"6,22790";"3,52725"
"4,16000";"6,24301";"3,61013"
"4,17000";"6,25801";"3,68891"
"4,18000";"6,27312";"3,77212"
"4,19000";"6,28811";"3,86201"
"4,20000";"6,30299";"3,93694"
"4,21000";"6,31798";"4,01404"
"4,22000";"6,33309";"4,09320"
"4,23000";"6,34808";"4,16103"
"4,24000";"6,36308";"4,23742"
"4,25000";"6,37807";"4,32137"
"4,26000";"6,39306";"4,41122"
"4,27000";"6,40806";"4,49677"
"4,28000";"6,42305";"4,58690"
"4,29000";"6,43804";"4,66831"
"4,30000";"6,45303";"4,74688"
"4,31000";"6,46803";"4,82863"
"4,32000";"6,48302";"4,91197"
"4,33000";"6,49790";"4,99327"
"4,34000";"6,51289";"5,07322"
"4,35000";"6,52788";"5,15315"
"4,36000";"6,54287";"5,23169"
"4,37000";"6,55787";"5,31030"
"4,38000";"6,57286";"5,39077"
"4,39000";"6,58809";"5,47062"
"4,40000";"6,60297";"5,54709"
"4,41000";"6,61796";"5,63627"
"4,42000";"6,63295";"5,72440"
"4,43000";"6,64783";"5,80886"
"4,44000";"6,66270";"5,89210"
"4,45000";"6,67769";"5,96692"
"4,46000";"6,69281";"6,04635"
"4,47000";"6,70792";"6,12507"
"4,48000";"6,72291";"6,20100"
"4,49000";"6,73790";"6,28263"
"4,50000";"6,75290";"6,36167"
"4,51000";"6,76801";"6,44244"
"4,52000";"6,78288";"6,52796"
"4,53000";"6,79799";"6,61464"
"4,54000";"6,81299";"6,70215"
"4,55000";"6,82810";"6,79072"
"4,56000";"6,84309";"6,87741"
"4,57000";"6,85808";"6,96431"
"4,58000";"6,87296";"7,04385"
"4,59000";"6,88807";"7,12291"
"4,60000";"6,90294";"7,20429"
"4,61000";"6,91794";"7,28736"
"4,62000";"6,93293";"7,37510"
"4,63000";"6,94792";"7,46139"
"4,64000";"6,96292";"7,54144"
"4,65000";"6,97791";"7,62454"
"4,66000";"6,99290";"7,71087"
"4,67000";"7,00790";"7,79864"
"4,68000";"7,02289";"7,88526"
"4,69000";"7,03788";"7,96725"
"4,70000";"7,05288";"8,05500"
"4,71000";"7,06787";"8,15379"
"4,72000";"7,08298";"8,25555"
"4,73000";"7,09797";"8,35168"
"4,74000";"7,11297";"8,43815"
"4,75000";"7,12796";"8,51835"
"4,76000";"7,14295";"8,59378"
"4,77000";"7,15794";"8,67906"
"4,78000";"7,17306";"8,76699"
"4,79000";"7,18805";"8,86078"
"4,80000";"7,20304";"8,96407"
"4,81000";"7,21815";"9,06593"
"4,82000";"7,23303";"9,16292"
"4,83000";"7,24802";"9,25555"
"4,84000";"7,26301";"9,35251"
"4,85000";"7,27801";"9,43998"
"4,86000";"7,29312";"9,52594"
"4,87000";"7,30811";"9,61062"
"4,88000";"7,32310";"9,70375"
"4,89000";"7,33810";"9,79877"
"4,90000";"7,35309";"9,88768"
"4,91000";"7,36797";"9,98372"
"4,92000";"7,38296";"10,09165"
"4,93000";"7,39807";"10,19446"
"4,94000";"7,41318";"10,29390"
"4,95000";"7,42817";"10,38825"
"4,96000";"7,44317";"10,47685"
"4,97000";"7,45804";"10,57961"
"4,98000";"7,47292";"10,68066"
"4,99000";"7,48791";"10,77810"
"5,00000";"7,50290";"10,87588"
"5,01000";"7,51790";"10,97662"
"5,02000";"7,53301";"11,07581"
"5,03000";"7,54800";"11,18339"
"5,04000";"7,56299";"11,28930"
"5,05000";"7,57810";"11,39228"
"5,06000";"7,59286";"11,49365"
"5,07000";"7,60774";"11,59388"
"5,08000";"7,62273";"11,69646"
"5,09000";"7,63784";"11,80575"
"5,10000";"7,65295";"11,91530"
"5,11000";"7,66806";"12,02019"
"5,12000";"7,68294";"12,11834"
"5,13000";"7,69793";"12,21565"
"5,14000";"7,71292";"12,32031"
"5,15000";"7,72792";"12,42496"
"5,16000";"7,74291";"12,53448"
"5,17000";"7,75790";"12,64622"
"5,18000";"7,77278";"12,74714"
"5,19000";"7,78777";"12,84196"
"5,20000";"7,80265";"12,94583"
"5,21000";"7,81776";"13,05747"
"5,22000";"7,83263";"13,17469"
"5,23000";"7,84774";"13,28746"
"5,24000";"7,86285";"13,40201"
"5,25000";"7,87785";"13,51614"
"5,26000";"7,89296";"13,62017"
"5,27000";"7,90795";"13,72571"
"5,28000";"7,92294";"13,83790"
"5,29000";"7,93794";"13,95705"
"5,30000";"7,95281";"14,07744"
"5,31000";"7,96781";"14,19994"
"5,32000";"7,98292";"14,31922"
"5,33000";"7,99791";"14,42844"
"5,34000";"8,01302";"14,53655"
"5,35000";"8,02813";"14,65261"
"5,36000";"8,04313";"14,76233"
"5,37000";"8,05812";"14,87768"
"5,38000";"8,07311";"15,00354"
"5,39000";"8,08799";"15,13124"
"5,40000";"8,10298";"15,25475"
"5,41000";"8,11809";"15,38005"
"5,42000";"8,13308";"15,50163"
"5,43000";"8,14808";"15,61872"
"5,44000";"8,16307";"15,73034"
"5,45000";"8,17806";"15,83851"
"5,46000";"8,19306";"15,94864"
"5,47000";"8,20805";"16,06832"
"5,48000";"8,22292";"16,18795"
"5,49000";"8,23803";"16,31116"
"5,50000";"8,25303";"16,42978"
"5,51000";"8,26814";"16,54745"
"5,52000";"8,28313";"16,67508"
"5,53000";"8,29813";"16,79918"
"5,54000";"8,31312";"16,92286"
"5,55000";"8,32823";"17,05319"
"5,56000";"8,34322";"17,18581"
"5,57000";"8,35833";"17,31219"
"5,58000";"8,37333";"17,43633"
"5,59000";"8,38820";"17,55934"
"5,60000";"8,40308";"17,67653"
"5,61000";"8,41795";"17,80419"
"5,62000";"8,43283";"17,93384"
"5,63000";"8,44782";"18,06147"
"5,64000";"8,46281";"18,19027"
"5,65000";"8,47792";"18,31909"
"5,66000";"8,49315";"18,44418"
"5,67000";"8,50815";"18,57141"
"5,68000";"8,52314";"18,70554"
"5,69000";"8,53801";"18,83717"
"5,70000";"8,55301";"18,96862"
"5,71000";"8,56800";"19,10270"
"5,72000";"8,58311";"19,24097"
"5,73000";"8,59810";"19,37246"
"5,74000";"8,61322";"19,50188"
"5,75000";"8,62809";"19,63466"
"5,76000";"8,64308";"19,77125"
"5,77000";"8,65796";"19,90864"
"5,78000";"8,67283";"20,04676"
"5,79000";"8,68795";"20,18520"
"5,80000";"8,70306";"20,32367"
"5,81000";"8,71793";"20,46133"
"5,82000";"8,73292";"20,59956"
"5,83000";"8,74803";"20,73770"
"5,84000";"8,76303";"20,87508"
"5,85000";"8,77790";"21,01224"
"5,86000";"8,79290";"21,14914"
"5,87000";"8,80789";"21,28558"
"5,88000";"8,82300";"21,41751"
"5,89000";"8,83788";"21,55400"
"5,90000";"8,85287";"21,69547"
"5,91000";"8,86786";"21,84381"
"5,92000";"8,88297";"21,99193"
"5,93000";"8,89785";"22,13905"
"5,94000";"8,91272";"22,28361"
"5,95000";"8,92783";"22,42504"
"5,96000";"8,94283";"22,57009"
"5,97000";"8,95782";"22,71986"
"5,98000";"8,97281";"22,85667"
"5,99000";"8,98780";"22,99570"
"6,00000";"9,00292";"23,13655"
"6,01000";"9,01779";"23,28881"
"6,02000";"9,03279";"23,44707"
"6,03000";"9,04778";"23,60809"
"6,04000";"9,06289";"23,76236"
"6,05000";"9,07800";"23,91220"
"6,06000";"9,09287";"24,06411"
"6,07000";"9,10799";"24,22111"
"6,08000";"9,12310";"24,37713"
"6,09000";"9,13809";"24,53562"
"6,10000";"9,15308";"24,69475"
"6,11000";"9,16808";"24,85403"
"6,12000";"9,18307";"25,00893"
"6,13000";"9,19818";"25,16148"
"6,14000";"9,21317";"25,31922"
"6,15000";"9,22817";"25,47153"
"6,16000";"9,24316";"25,62371"
"6,17000";"9,25815";"25,78836"
"6,18000";"9,27315";"25,95248"
"6,19000";"9,28814";"26,10904"
"6,20000";"9,30313";"26,26990"
"6,21000";"9,31813";"26,43216"
"6,22000";"9,33312";"26,60004"
"6,23000";"9,34811";"26,76379"
"6,24000";"9,36299";"26,91958"
"6,25000";"9,37810";"27,08052"
"6,26000";"9,39309";"27,24515"
"6,27000";"9,40797";"27,41747"
"6,28000";"9,42308";"27,58330"
"6,29000";"9,43819";"27,75204"
"6,30000";"9,45318";"27,92653"
"6,31000";"9,46817";"28,10577"
"6,32000";"9,48305";"28,28204"
"6,33000";"9,49804";"28,45008"
"6,34000";"9,51304";"28,61268"
"6,35000";"9,52803";"28,77892"
"6,36000";"9,54302";"28,94877"
"6,37000";"9,55813";"29,11782"
"6,38000";"9,57324";"29,29464"
"6,39000";"9,58812";"29,47959"
"6,40000";"9,60299";"29,66419"
"6,41000";"9,61799";"29,84151"
"6,42000";"9,63310";"30,02289"
"6,43000";"9,64809";"30,20573"
"6,44000";"9,66297";"30,38542"
"6,45000";"9,67796";"30,56349"
"6,46000";"9,69295";"30,74230"
"6,47000";"9,70806";"30,92604"
"6,48000";"9,72294";"31,11644"
"6,49000";"9,73793";"31,31013"
"6,50000";"9,75304";"31,50074"
"6,51000";"9,76803";"31,68983"
"6,52000";"9,78303";"31,88602"
"6,53000";"9,79790";"32,08158"
"6,54000";"9,81301";"32,27411"
"6,55000";"9,82801";"32,46618"
"6,56000";"9,84288";"32,65677"
"6,57000";"9,85787";"32,84618"
"6,58000";"9,87299";"33,04478"
"6,59000";"9,88798";"33,25512"
"6,60000";"9,90309";"33,46238"
"6,61000";"9,91808";"33,65977"
"6,62000";"9,93308";"33,86128"
"6,63000";"9,94807";"34,06416"
"6,64000";"9,96294";"34,26329"
"6,65000";"9,97782";"34,46078"
"6,66000";"9,99293";"34,65458"
"6,67000";"10,00792";"34,85679"
"6,68000";"10,02304";"35,07436"
"6,69000";"10,03791";"35,28767"
"6,70000";"10,05302";"35,49646"
"6,71000";"10,06813";"35,71033"
"6,72000";"10,08301";"35,92378"
"6,73000";"10,09800";"36,13128"
"6,74000";"10,11299";"36,34096"
"6,75000";"10,12810";"36,55745"
"6,76000";"10,14310";"36,77454"
"6,77000";"10,15809";"36,99125"
"6,78000";"10,17308";"37,21573"
"6,79000";"10,18820";"37,44057"
"6,80000";"10,20319";"37,66926"
"6,81000";"10,21818";"37,89396"
"6,82000";"10,23329";"38,11562"
"6,83000";"10,24840";"38,34472"
"6,84000";"10,26340";"38,57852"
"6,85000";"10,27827";"38,81360"
"6,86000";"10,29315";"39,03603"
"6,87000";"10,30814";"39,25499"
"6,88000";"10,32313";"39,47922"
"6,89000";"10,33813";"39,71322"
"6,90000";"10,35312";"39,94565"
"6,91000";"10,36823";"40,17917"
"6,92000";"10,38322";"40,41866"
"6,93000";"10,39822";"40,66811"
"6,94000";"10,41321";"40,92037"
"6,95000";"10,42808";"41,16527"
"6,96000";"10,44308";"41,40550"
"6,97000";"10,45807";"41,64073"
"6,98000";"10,47318";"41,88937"
"6,99000";"10,48817";"42,13648"
"7,00000";"10,50317";"42,38316"
"7,01000";"10,51828";"42,62950"
"7,02000";"10,53315";"42,87527"
"7,03000";"10,54815";"43,12205"
"7,04000";"10,56302";"43,37141"
"7,05000";"10,57801";"43,62275"
"7,06000";"10,59301";"43,88018"
"7,07000";"10,60788";"44,14396"
"7,08000";"10,62288";"44,39988"
"7,09000";"10,63787";"44,65430"
"7,10000";"10,65286";"44,91385"
"7,11000";"10,66785";"45,17545"
"7,12000";"10,68285";"45,43007"
"7,13000";"10,69784";"45,69248"
"7,14000";"10,71283";"45,96057"
"7,15000";"10,72783";"46,24092"
"7,16000";"10,74282";"46,52039"
"7,17000";"10,75781";"46,79617"
"7,18000";"10,77292";"47,07502"
"7,19000";"10,78780";"47,35255"
"7,20000";"10,80279";"47,62865"
"7,21000";"10,81779";"47,90638"
"7,22000";"10,83290";"48,18816"
"7,23000";"10,84789";"48,46871"
"7,24000";"10,86288";"48,75100"
"7,25000";"10,87788";"49,03072"
"7,26000";"10,89287";"49,31260"
"7,27000";"10,90786";"49,60023"
"7,28000";"10,92274";"49,88791"
"7,29000";"10,93785";"50,17540"
"7,30000";"10,95296";"50,46446"
"7,31000";"10,96795";"50,75592"
"7,32000";"10,98306";"51,05623"
"7,33000";"10,99806";"51,35827"
"7,34000";"11,01305";"51,65073"
"7,35000";"11,02804";"51,94571"
"7,36000";"11,04303";"52,23460"
"7,37000";"11,05815";"52,52587"
"7,38000";"11,07314";"52,82862"
"7,39000";"11,08813";"53,13779"
"7,40000";"11,10301";"53,44226"
"7,41000";"11,11800";"53,74305"
"7,42000";"11,13311";"54,05428"
"7,43000";"11,14799";"54,36655"
"7,44000";"11,16298";"54,67102"
"7,45000";"11,17809";"54,97491"
"7,46000";"11,19308";"55,29163"
"7,47000";"11,20808";"55,61137"
"7,48000";"11,22307";"55,93604"
"7,49000";"11,23806";"56,24754"
"7,50000";"11,25306";"56,55438"
"7,51000";"11,26805";"56,87105"
"7,52000";"11,28304";"57,18724"
"7,53000";"11,29803";"57,51381"
"7,54000";"11,31315";"57,83936"
"7,55000";"11,32802";"58,16850"
"7,56000";"11,34301";"58,49538"
"7,57000";"11,35789";"58,81826"
"7,58000";"11,37288";"59,14488"
"7,59000";"11,38788";"59,46746"
"7,60000";"11,40287";"59,79215"
"7,61000";"11,41798";"60,12728"
"7,62000";"11,43309";"60,46430"
"7,63000";"11,44808";"60,80352"
"7,64000";"11,46319";"61,14446"
"7,65000";"11,47807";"61,48767"
"7,66000";"11,49306";"61,82837"
"7,67000";"11,50806";"62,17109"
"7,68000";"11,52305";"62,50942"
"7,69000";"11,53816";"62,84956"
"7,70000";"11,55315";"63,20116"
"7,71000";"11,56815";"63,55782"
"7,72000";"11,58326";"63,90897"
"7,73000";"11,59825";"64,25907"
"7,74000";"11,61312";"64,60265"
"7,75000";"11,62812";"64,93945"
"7,76000";"11,64311";"65,26821"
"7,77000";"11,65810";"65,60335"
"7,78000";"11,67310";"65,94897"
"7,79000";"11,68809";"66,30451"
"7,80000";"11,70296";"66,65695"
"7,81000";"11,71796";"67,00420"
"7,82000";"11,73295";"67,35950"
"7,83000";"11,74794";"67,72684"
"7,84000";"11,76306";"68,08721"
"7,85000";"11,77805";"68,45030"
"7,86000";"11,79292";"68,82085"
"7,87000";"11,80792";"69,18200"
"7,88000";"11,82291";"69,53890"
"7,89000";"11,83790";"69,88618"
"7,90000";"11,85278";"70,23945"
"7,91000";"11,86777";"70,60046"
"7,92000";"11,88276";"70,95846"
"7,93000";"11,89799";"71,31635"
"7,94000";"11,91299";"71,69040"
"7,95000";"11,92798";"72,07716"
"7,96000";"11,94309";"72,45518"
"7,97000";"11,95808";"72,81954"
"7,98000";"11,97296";"73,17175"
"7,99000";"11,98795";"73,51670"
"8,00000";"12,00294";"73,86283"
"8,01000";"12,01794";"74,21263"
"8,02000";"12,03293";"74,58374"
"8,03000";"12,04792";"74,96182"
"8,04000";"12,06292";"75,32890"
"8,05000";"12,07803";"75,68755"
"8,06000";"12,09290";"76,04578"
"8,07000";"12,10790";"76,39655"
"8,08000";"12,12289";"76,74421"
"8,09000";"12,13800";"77,09929"
"8,10000";"12,15287";"77,45708"
"8,11000";"12,16787";"77,81648"
"8,12000";"12,18286";"78,17002"
"8,13000";"12,19785";"78,52077"
"8,14000";"12,21273";"78,86549"
"8,15000";"12,22784";"79,20092"
"8,16000";"12,24283";"79,52969"
"8,17000";"12,25795";"79,87300"
"8,18000";"12,27294";"80,22219"
"8,19000";"12,28781";"80,56932"
"8,20000";"12,30280";"80,91525"
"8,21000";"12,31768";"81,24648"
"8,22000";"12,33267";"81,57241"
"8,23000";"12,34767";"81,90567"
"8,24000";"12,36278";"82,24046"
"8,25000";"12,37789";"82,58266"
"8,26000";"12,39300";"82,93668"
"8,27000";"12,40799";"83,29071"
"8,28000";"12,42299";"83,63179"
"8,29000";"12,43798";"83,96252"
"8,30000";"12,45297";"84,28363"
"8,31000";"12,46797";"84,59936"
"8,32000";"12,48296";"84,92217"
"8,33000";"12,49795";"85,24928"
"8,34000";"12,51306";"85,58131"
"8,35000";"12,52805";"85,90620"
"8,36000";"12,54317";"86,21788"
"8,37000";"12,55792";"86,52655"
"8,38000";"12,57292";"86,82660"
"8,39000";"12,58791";"87,11910"
"8,40000";"12,60290";"87,40395"
"8,41000";"12,61790";"87,67548"
"8,42000";"12,63289";"87,93475"
"8,43000";"12,64776";"88,18348"
"8,44000";"12,66288";"88,42461"
"8,45000";"12,67775";"88,67086"
"8,46000";"12,69286";"88,91722"
"8,47000";"12,70797";"89,17006"
"8,48000";"12,72308";"89,42024"
"8,49000";"12,73808";"89,66251"
"8,50000";"12,75319";"89,90176"
"8,51000";"12,76818";"90,12743"
"8,52000";"12,78317";"90,33287"
"8,53000";"12,79805";"90,52197"
"8,54000";"12,81304";"90,69193"
"8,55000";"12,82815";"90,86356"
"8,56000";"12,84315";"91,04013"
"8,57000";"12,85814";"91,21250"
"8,58000";"12,87313";"91,37794"
"8,59000";"12,88813";"91,53341"
"8,60000";"12,90312";"91,67258"
"8,61000";"12,91776";"91,80623"
"8,62000";"12,93275";"91,92748"
"8,63000";"12,94786";"92,04832"
"8,64000";"12,96285";"92,16724"
"8,65000";"12,97773";"92,27454"
"8,66000";"12,99272";"92,37462"
"8,67000";"13,00795";"92,47660"
"8,68000";"13,02294";"92,57832"
"8,69000";"13,03794";"92,67332"
"8,70000";"13,05305";"92,74706"
"8,71000";"13,06816";"92,80855"
"8,72000";"13,08327";"92,86115"
"8,73000";"13,09814";"92,90736"
"8,74000";"13,11314";"92,93999"
"8,75000";"13,12801";"92,95510"
"8,76000";"13,14289";"92,95708"
"8,77000";"13,15776";"92,94051"
"8,78000";"13,17287";"92,90907"
"8,79000";"13,18787";"92,87408"
"8,80000";"13,20286";"92,82932"
"8,81000";"13,21797";"92,77099"
"8,82000";"13,23297";"92,69773"
"8,83000";"13,24796";"92,61018"
"8,84000";"13,26283";"92,51779"
"8,85000";"13,27771";"92,41105"
"8,86000";"13,29270";"92,27744"
"8,87000";"13,30781";"92,14375"
"8,88000";"13,32281";"92,01556"
"8,89000";"13,33792";"91,88829"
"8,90000";"13,35303";"91,75257"
"8,91000";"13,36802";"91,60894"
"8,92000";"13,38290";"91,44225"
"8,93000";"13,39789";"91,25819"
"8,94000";"13,41288";"91,06114"
"8,95000";"13,42799";"90,86366"
"8,96000";"13,44299";"90,66033"
"8,97000";"13,45798";"90,45368"
"8,98000";"13,47297";"90,22729"
"8,99000";"13,48808";"89,97459"
"9,00000";"13,50308";"89,70494"
"9,01000";"13,51807";"89,40270"
"9,02000";"13,53306";"89,07623"
"9,03000";"13,54794";"88,74700"
"9,04000";"13,56305";"88,41398"
"9,05000";"13,57804";"88,07283"
"9,06000";"13,59303";"87,70903"
"9,07000";"13,60803";"87,32391"
"9,08000";"13,62290";"86,91935"
"9,09000";"13,63790";"86,50845"
"9,10000";"13,65301";"86,11669"
"9,11000";"13,66800";"85,75381"
"9,12000";"13,68299";"85,42847"
"9,13000";"13,69810";"85,13321"
"9,14000";"13,71310";"84,85048"
"9,15000";"13,72809";"84,57666"
"9,16000";"13,74308";"84,31111"
"9,17000";"13,75808";"84,05394"
"9,18000";"13,77307";"83,79086"
"9,19000";"13,78806";"83,50336"
"9,20000";"13,80306";"83,19788"
"9,21000";"13,81817";"82,89517"
"9,22000";"13,83316";"82,61942"
"9,23000";"13,84827";"82,37827"
"9,24000";"13,86315";"82,16068"
"9,25000";"13,87826";"81,94855"
"9,26000";"13,89325";"81,73908"
"9,27000";"13,90813";"81,53916"
"9,28000";"13,92312";"81,36708"
"9,29000";"13,93811";"81,22289"
"9,30000";"13,95322";"81,08659"
"9,31000";"13,96810";"80,94453"
"9,32000";"13,98297";"80,80408"
"9,33000";"13,99808";"80,65600"
"9,34000";"14,01319";"80,52190"
"9,35000";"14,02819";"80,40172"
"9,36000";"14,04318";"80,26998"
"9,37000";"14,05805";"80,11150"
"9,38000";"14,07305";"79,92750"
"9,39000";"14,08792";"79,73212"
"9,40000";"14,10268";"79,52231"
"9,41000";"14,11767";"79,30807"
"9,42000";"14,13267";"79,09850"
"9,43000";"14,14790";"78,89097"
"9,44000";"14,16289";"78,68909"
"9,45000";"14,17800";"78,48948"
"9,46000";"14,19299";"78,26949"
"9,47000";"14,20787";"77,99374"
"9,48000";"14,22286";"77,66011"
"9,49000";"14,23797";"77,30266"
"9,50000";"14,25296";"76,93908"
"9,51000";"14,26808";"76,58369"
"9,52000";"14,28319";"76,23885"
"9,53000";"14,29830";"75,91247"
"9,54000";"14,31329";"75,60622"
"9,55000";"14,32817";"75,32335"
"9,56000";"14,34316";"75,04160"
"9,57000";"14,35815";"74,76778"
"9,58000";"14,37303";"74,51015"
"9,59000";"14,38802";"74,27778"
"9,60000";"14,40301";"74,05418"
"9,61000";"14,41813";"73,84375"
"9,62000";"14,43312";"73,64883"
"9,63000";"14,44799";"73,47909"
"9,64000";"14,46299";"73,31099"
"9,65000";"14,47810";"73,14597"
"9,66000";"14,49321";"72,99353"
"9,67000";"14,50820";"72,85641"
"9,68000";"14,52319";"72,72475"
"9,69000";"14,53819";"72,60722"
"9,70000";"14,55306";"72,49929"
"9,71000";"14,56806";"72,38879"
"9,72000";"14,58305";"72,28224"
"9,73000";"14,59804";"72,17438"
"9,74000";"14,61315";"72,07002"
"9,75000";"14,62826";"71,95816"
"9,76000";"14,64326";"71,82764"
"9,77000";"14,65825";"71,66251"
"9,78000";"14,67313";"71,47482"
"9,79000";"14,68800";"71,25803"
"9,80000";"14,70287";"71,02077"
"9,81000";"14,71799";"70,80180"
"9,82000";"14,73298";"70,62704"
"9,83000";"14,74809";"70,49954"
"9,84000";"14,76320";"70,40607"
"9,85000";"14,77820";"70,31596"
"9,86000";"14,79319";"70,22033"
"9,87000";"14,80818";"70,13320"
"9,88000";"14,82317";"70,05197"
"9,89000";"14,83817";"69,98291"
"9,90000";"14,85304";"69,93559"
"9,91000";"14,86804";"69,90303"
"9,92000";"14,88291";"69,88320"
"9,93000";"14,89790";"69,85798"
"9,94000";"14,91301";"69,82117"
"9,95000";"14,92801";"69,80925"
"9,96000";"14,94300";"69,80447"
"9,97000";"14,95799";"69,78506"
"9,98000";"14,97310";"69,73173"
"9,99000";"14,98810";"69,65758"
"10,00000";"15,00309";"69,56758"
"10,01000";"15,01808";"69,46027"
"10,02000";"15,03308";"69,35629"
"10,03000";"15,04795";"69,25916"
"10,04000";"15,06306";"69,17520"
"10,05000";"15,07806";"69,09511"
"10,06000";"15,09317";"69,00113"
"10,07000";"15,10816";"68,89427"
"10,08000";"15,12315";"68,78790"
"10,09000";"15,13815";"68,66250"
"10,10000";"15,15290";"68,50468"
"10,11000";"15,16790";"68,32996"
"10,12000";"15,18289";"68,16277"
"10,13000";"15,19800";"68,02880"
"10,14000";"15,21299";"67,94214"
"10,15000";"15,22799";"67,86669"
"10,16000";"15,24298";"67,79429"
"10,17000";"15,25797";"67,71906"
"10,18000";"15,27285";"67,63242"
"10,19000";"15,28772";"67,52180"
"10,20000";"15,30283";"67,39268"
"10,21000";"15,31794";"67,27020"
"10,22000";"15,33294";"67,16571"
"10,23000";"15,34793";"67,07916"
"10,24000";"15,36292";"67,02026"
"10,25000";"15,37803";"66,98886"
"10,26000";"15,39303";"66,98177"
"10,27000";"15,40802";"66,98827"
"10,28000";"15,42301";"67,02402"
"10,29000";"15,43813";"67,09042"
"10,30000";"15,45312";"67,17085"
"10,31000";"15,46811";"67,24881"
"10,32000";"15,48299";"67,31353"
"10,33000";"15,49798";"67,36188"
"10,34000";"15,51285";"67,39242"
"10,35000";"15,52773";"67,41566"
"10,36000";"15,54272";"67,45658"
"10,37000";"15,55783";"67,52798"
"10,38000";"15,57294";"67,61233"
"10,39000";"15,58794";"67,69398"
"10,40000";"15,60305";"67,78899"
"10,41000";"15,61804";"67,92104"
"10,42000";"15,63304";"68,07757"
"10,43000";"15,64803";"68,23298"
"10,44000";"15,66302";"68,38592"
"10,45000";"15,67813";"68,54047"
"10,46000";"15,69324";"68,69160"
"10,47000";"15,70824";"68,84337"
"10,48000";"15,72323";"68,98803"
"10,49000";"15,73811";"69,13345"
"10,50000";"15,75298";"69,28367"
"10,51000";"15,76797";"69,42893"
"10,52000";"15,78297";"69,58974"
"10,53000";"15,79808";"69,77575"
"10,54000";"15,81307";"69,98000"
"10,55000";"15,82806";"70,19051"
"10,56000";"15,84306";"70,40612"
"10,57000";"15,85793";"70,63588"
"10,58000";"15,87304";"70,88206"
"10,59000";"15,88803";"71,12039"
"10,60000";"15,90303";"71,35600"
"10,61000";"15,91802";"71,58921"
"10,62000";"15,93301";"71,83140"
"10,63000";"15,94789";"72,07766"
"10,64000";"15,96288";"72,32500"
"10,65000";"15,97788";"72,58318"
"10,66000";"15,99287";"72,86378"
"10,67000";"16,00786";"73,15112"
"10,68000";"16,02286";"73,44262"
"10,69000";"16,03797";"73,73551"
"10,70000";"16,05308";"74,05544"
"10,71000";"16,06807";"74,39775"
"10,72000";"16,08306";"74,75510"
"10,73000";"16,09794";"75,10002"
"10,74000";"16,11293";"75,43098"
"10,75000";"16,12804";"75,76234"
"10,76000";"16,14304";"76,11877"
"10,77000";"16,15803";"76,48946"
"10,78000";"16,17302";"76,87082"
"10,79000";"16,18813";"77,26849"
"10,80000";"16,20312";"77,69051"
"10,81000";"16,21812";"78,11774"
"10,82000";"16,23311";"78,55204"
"10,83000";"16,24811";"79,01058"
"10,84000";"16,26310";"79,49895"
"10,85000";"16,27809";"79,99732"
"10,86000";"16,29296";"80,50275"
"10,87000";"16,30808";"81,03831"
"10,88000";"16,32307";"81,61951"
"10,89000";"16,33806";"82,21832"
"10,90000";"16,35306";"82,82792"
"10,91000";"16,36817";"83,44566"
"10,92000";"16,38316";"84,07983"
"10,93000";"16,39815";"84,73786"
"10,94000";"16,41303";"85,40580"
"10,95000";"16,42802";"86,07998"
"10,96000";"16,44289";"86,74785"
"10,97000";"16,45777";"87,40930"
"10,98000";"16,47276";"88,05978"
"10,99000";"16,48788";"88,73871"
"11,00000";"16,50311";"89,46284"
"11,01000";"16,51810";"90,21199"
"11,02000";"16,53309";"90,96558"
"11,03000";"16,54797";"91,71706"
"11,04000";"16,56296";"92,45487"
"11,05000";"16,57784";"93,18394"
"11,06000";"16,59283";"93,91488"
"11,07000";"16,60782";"94,67522"
"11,08000";"16,62293";"95,46947"
"11,09000";"16,63804";"96,26709"
"11,10000";"16,65315";"97,06329"
"11,11000";"16,66814";"97,85538"
"11,12000";"16,68314";"98,64832"
"11,13000";"16,69813";"99,42615"
"11,14000";"16,71313";"100,17949"
"11,15000";"16,72812";"100,95049"
"11,16000";"16,74299";"101,74731"
"11,17000";"16,75799";"102,55299"
"11,18000";"16,77286";"103,36607"
"11,19000";"16,78786";"104,18701"
"11,20000";"16,80285";"105,03887"
"11,21000";"16,81784";"105,91871"
"11,22000";"16,83283";"106,79997"
"11,23000";"16,84783";"107,67985"
"11,24000";"16,86282";"108,58845"
"11,25000";"16,87781";"109,50659"
"11,26000";"16,89293";"110,43615"
"11,27000";"16,90792";"111,39029"
"11,28000";"16,92291";"112,37681"
"11,29000";"16,93790";"113,36944"
"11,30000";"16,95301";"114,36114"
"11,31000";"16,96812";"115,36484"
"11,32000";"16,98312";"116,38142"
"11,33000";"16,99811";"117,37976"
"11,34000";"17,01311";"118,35620"
"11,35000";"17,02810";"119,33237"
"11,36000";"17,04285";"120,33142"
"11,37000";"17,05785";"121,31741"
"11,38000";"17,07296";"122,31211"
"11,39000";"17,08783";"123,33769"
"11,40000";"17,10283";"124,40041"
"11,41000";"17,11782";"125,50400"
"11,42000";"17,13293";"126,64512"
"11,43000";"17,14792";"127,83640"
"11,44000";"17,16292";"129,06764"
"11,45000";"17,17791";"130,29697"
"11,46000";"17,19290";"131,51889"
"11,47000";"17,20790";"132,76822"
"11,48000";"17,22277";"134,03304"
"11,49000";"17,23765";"135,32433"
"11,50000";"17,25264";"136,63661"
"11,51000";"17,26763";"137,98557"
"11,52000";"17,28263";"139,36797"
"11,53000";"17,29750";"140,77194"
"11,54000";"17,31261";"142,18182"
"11,55000";"17,32772";"143,60629"
"11,56000";"17,34283";"145,05275"
"11,57000";"17,35794";"146,50812"
"11,58000";"17,37294";"147,92293"
"11,59000";"17,38793";"149,28815"
"11,60000";"17,40293";"150,63284"
"11,61000";"17,41792";"151,98445"
"11,62000";"17,43303";"153,35742"
"11,63000";"17,44814";"154,75560"
"11,64000";"17,46325";"156,19588"
"11,65000";"17,47812";"157,70000"
"11,66000";"17,49312";"159,24785"
"11,67000";"17,50811";"160,84280"
"11,68000";"17,52299";"162,49258"
"11,69000";"17,53798";"164,21248"
"11,70000";"17,55285";"166,00760"
"11,71000";"17,56785";"167,84428"
"11,72000";"17,58284";"169,73775"
"11,73000";"17,59783";"171,68365"
"11,74000";"17,61271";"173,61427"
"11,75000";"17,62758";"175,48799"
"11,76000";"17,64246";"177,34012"
"11,77000";"17,65733";"179,14424"
"11,78000";"17,67233";"180,97774"
"11,79000";"17,68732";"182,85513"
"11,80000";"17,70243";"184,75650"
"11,81000";"17,71766";"186,72174"
"11,82000";"17,73265";"188,75386"
"11,83000";"17,74776";"190,82399"
"11,84000";"17,76299";"192,89192"
"11,85000";"17,77822";"194,96634"
"11,86000";"17,79333";"197,06877"
"11,87000";"17,80844";"199,08939"
"11,88000";"17,82344";"200,99815"
"11,89000";"17,83843";"202,83318"
"11,90000";"17,85331";"204,69275"
"11,91000";"17,86818";"206,63354"
"11,92000";"17,88305";"208,64546"
"11,93000";"17,89817";"210,72490"
"11,94000";"17,91316";"212,93709"
"11,95000";"17,92815";"215,25511"
"11,96000";"17,94314";"217,62994"
"11,97000";"17,95802";"219,98703"
"11,98000";"17,97301";"222,33350"
"11,99000";"17,98789";"224,80061"
"12,00000";"18,00277";"227,35562"
"12,01000";"18,01776";"230,04811"
"12,02000";"18,03287";"232,93864"
"12,03000";"18,04786";"236,00089"
"12,04000";"18,06274";"239,05872"
"12,05000";"18,07761";"242,09676"
"12,06000";"18,09249";"245,17712"
"12,07000";"18,10736";"248,32979"
"12,08000";"18,12247";"251,53796"
"12,09000";"18,13758";"254,85059"
"12,10000";"18,15269";"258,29150"
"12,11000";"18,16769";"261,77768"
"12,12000";"18,18280";"265,23502"
"12,13000";"18,19791";"268,66260"
"12,14000";"18,21302";"272,11395"
"12,15000";"18,22801";"275,60324"
"12,16000";"18,24312";"279,06476"
"12,17000";"18,25812";"282,51410"
"12,18000";"18,27311";"286,02692"
"12,19000";"18,28822";"289,62415"
"12,20000";"18,30310";"293,28784"
"12,21000";"18,31797";"296,94101"
"12,22000";"18,33297";"300,65363"
"12,23000";"18,34784";"304,49805"
"12,24000";"18,36283";"308,54276"
"12,25000";"18,37783";"312,78561"
"12,26000";"18,39282";"317,16757"
"12,27000";"18,40781";"321,54617"
"12,28000";"18,42281";"325,96387"
"12,29000";"18,43768";"330,32498"
"12,30000";"18,45256";"334,63251"
"12,31000";"18,46755";"338,90610"
"12,32000";"18,48254";"343,31873"
"12,33000";"18,49765";"347,95453"
"12,33200";"18,50061";"348,90213"
"12,33400";"18,50367";"349,85117"
"12,34400";"18,51678";"354,55420"
"12,35400";"18,52433";"357,70163"
"12,35800";"18,52575";"357,59863"
"12,36800";"18,52551";"351,99136"
"12,37800";"18,52115";"337,07800"
"12,38800";"18,51029";"310,35443"
"12,39800";"18,49388";"266,32092"
"12,40800";"18,47369";"202,73665"
"12,41800";"18,45208";"128,69562"
"12,42800";"18,42989";"59,28648"
"12,43800";"18,40817";"5,40280"
"12,44800";"18,38739";"-28,51428"
"12,45800";"18,36744";"-43,36636"
"12,46800";"18,34819";"-45,07640"
"12,47800";"18,32966";"-39,79432"
"12,48800";"18,31183";"-32,36962"
"12,49800";"18,29483";"-25,54517"
"12,50800";"18,27866";"-19,97434"
"12,51800";"18,26272";"-15,60045"
"12,52800";"18,24678";"-12,34240"
"12,53800";"18,23073";"-10,17287"
"12,54800";"18,21479";"-8,94519"
"12,55800";"18,19885";"-8,12805"
"12,56800";"18,18327";"-7,54589"
"12,57800";"18,16804";"-7,16159"
"12,58800";"18,15281";"-6,94575"
"12,59800";"18,13770";"-6,82073"
"12,60800";"18,12247";"-6,78709"
"12,61800";"18,10724";"-6,85555"
"12,62800";"18,09213";"-6,98725"
"12,63800";"18,07702";"-7,13093"
"12,64800";"18,06203";"-7,24624"
"12,65800";"18,04715";"-7,27231"
"12,66800";"18,03216";"-7,21292"
"12,67800";"18,01717";"-7,11633"
"12,68800";"18,00206";"-7,02745"
"12,69800";"17,98695";"-6,93428"
"12,70800";"17,97195";"-6,84655"
"12,71800";"17,95696";"-6,76311"
"12,72800";"17,94208";"-6,67491"
"12,73800";"17,92697";"-6,56606"
"12,74800";"17,91198";"-6,45227"
"12,75800";"17,89710";"-6,34180"
"12,76800";"17,88199";"-6,22323"
"12,77800";"17,86688";"-6,09571"
"12,78800";"17,85177";"-5,97379"
"12,79800";"17,83690";"-5,85969"
"12,80800";"17,82214";"-5,74335"
"12,81800";"17,80738";"-5,62334"
"12,82800";"17,79251";"-5,51467"
"12,83800";"17,77751";"-5,41205"
"12,84800";"17,76240";"-5,32259"
"12,85800";"17,74718";"-5,23448"
"12,86800";"17,73195";"-5,13865"
"12,87800";"17,71683";"-5,03831"
"12,88800";"17,70196";"-4,93613"
"12,89800";"17,68685";"-4,83760"
"12,90800";"17,67186";"-4,73953"
"12,91800";"17,65674";"-4,64246"
"12,92800";"17,64163";"-4,54298"
"12,93800";"17,62664";"-4,45295"
"12,94800";"17,61153";"-4,35878"
"12,95800";"17,59677";"-4,26045"
"12,96800";"17,58190";"-4,14613"
"12,97800";"17,56702";"-4,01810"
"12,98800";"17,55202";"-3,89114"
"12,99800";"17,53703";"-3,76867"
"13,00800";"17,52216";"-3,65647"
"13,01800";"17,50705";"-3,55058"
"13,02800";"17,49194";"-3,44802"
"13,03800";"17,47694";"-3,34710"
"13,04800";"17,46219";"-3,24714"
"13,05800";"17,44719";"-3,14128"
"13,06800";"17,43220";"-3,02995"
"13,07800";"17,41709";"-2,92284"
"13,08800";"17,40210";"-2,82403"
"13,09800";"17,38711";"-2,74135"
"13,10800";"17,37188";"-2,65858"
"13,11800";"17,35688";"-2,59075"
"13,12800";"17,34201";"-2,52721"
"13,13800";"17,32701";"-2,46635"
"13,14800";"17,31190";"-2,40003"
"13,15800";"17,29691";"-2,33039"
"13,16800";"17,28204";"-2,26502"
"13,17800";"17,26704";"-2,20526"
"13,18800";"17,25193";"-2,14453"
"13,19800";"17,23694";"-2,08720"
"13,20800";"17,22206";"-2,03746"
"13,21800";"17,20719";"-1,99500"
"13,22800";"17,19219";"-1,94642"
"13,23800";"17,17708";"-1,89534"
"13,24800";"17,16209";"-1,84433"
"13,25800";"17,14698";"-1,79682"
"13,26800";"17,13199";"-1,76385"
"13,27800";"17,11699";"-1,72733"
"13,28800";"17,10212";"-1,68861"
"13,29800";"17,08713";"-1,64952"
"13,30800";"17,07213";"-1,61148"
"13,31800";"17,05690";"-1,57590"
"13,32800";"17,04191";"-1,53999"
"13,33800";"17,02692";"-1,50530"
"13,34800";"17,01192";"-1,46943"
"13,35800";"16,99693";"-1,43579"
"13,36800";"16,98194";"-1,39749"
"13,37800";"16,96706";"-1,36306"
"13,38800";"16,95207";"-1,33823"
"13,39800";"16,93696";"-1,32203"
"13,40800";"16,92196";"-1,30796"
"13,41800";"16,90686";"-1,29169"
"13,42800";"16,89186";"-1,26657"
"13,43800";"16,87687";"-1,23713"
"13,44800";"16,86188";"-1,21490"
"13,45800";"16,84688";"-1,18778"
"13,46800";"16,83201";"-1,16141"
"13,47800";"16,81701";"-1,13103"
"13,48800";"16,80190";"-1,10067"
"13,49800";"16,78691";"-1,07178"
"13,50800";"16,77192";"-1,05239"
"13,51800";"16,75704";"-1,03217"
"13,52800";"16,74205";"-1,00700"
"13,53800";"16,72706";"-0,97003"
"13,54800";"16,71206";"-0,93200"
"13,55800";"16,69707";"-0,88935"
"13,56800";"16,68196";"-0,85110"
"13,57800";"16,66685";"-0,81064"
"13,58800";"16,65197";"-0,78392"
"13,59800";"16,63710";"-0,76480"
"13,60800";"16,62211";"-0,74955"
"13,61800";"16,60699";"-0,73512"
"13,62800";"16,59200";"-0,72140"
"13,63800";"16,57689";"-0,70375"
"13,64800";"16,56178";"-0,68468"
"13,65800";"16,54667";"-0,66640"
"13,66800";"16,53179";"-0,65156"
"13,67800";"16,51692";"-0,63539"
"13,68800";"16,50204";"-0,62655"
"13,69800";"16,48705";"-0,61187"
"13,70800";"16,47194";"-0,59682"
"13,71800";"16,45706";"-0,58636"
"13,72800";"16,44195";"-0,58199"
"13,73800";"16,42684";"-0,57838"
"13,74800";"16,41185";"-0,57781"
"13,75800";"16,39697";"-0,57127"
"13,76800";"16,38210";"-0,56592"
"13,77800";"16,36710";"-0,55214"
"13,78800";"16,35211";"-0,54096"
"13,79800";"16,33724";"-0,53425"
"13,80800";"16,32224";"-0,53138"
"13,81800";"16,30713";"-0,52241"
"13,82800";"16,29214";"-0,50790"
"13,83800";"16,27727";"-0,49451"
"13,84800";"16,26227";"-0,47711"
"13,85800";"16,24716";"-0,46347"
"13,86800";"16,23205";"-0,44226"
"13,87800";"16,21706";"-0,41801"
"13,88800";"16,20206";"-0,40101"
"13,89800";"16,18707";"-0,38766"
"13,90800";"16,17208";"-0,38587"
"13,91800";"16,15720";"-0,37687"
"13,92800";"16,14221";"-0,36406"
"13,93800";"16,12710";"-0,35881"
"13,94800";"16,11187";"-0,35400"
"13,95800";"16,09687";"-0,34729"
"13,96800";"16,08188";"-0,33833"
"13,97800";"16,06677";"-0,32435"
"13,98800";"16,05178";"-0,31513"
"13,99800";"16,03690";"-0,31164"
"14,00800";"16,02203";"-0,30438"
"14,01800";"16,00704";"-0,29581"
"14,02800";"15,99192";"-0,28306"
"14,03800";"15,97693";"-0,26672"
"14,04800";"15,96194";"-0,24536"
"14,05800";"15,94695";"-0,21512"
"14,06800";"15,93195";"-0,19233"
"14,07800";"15,91696";"-0,17714"
"14,08800";"15,90208";"-0,16699"
"14,09800";"15,88721";"-0,15755"
"14,10800";"15,87210";"-0,15018"
"14,11800";"15,85710";"-0,15281"
"14,12800";"15,84211";"-0,15308"
"14,13800";"15,82712";"-0,14330"
"14,14800";"15,81213";"-0,12739"
"14,15800";"15,79713";"-0,11798"
"14,16800";"15,78226";"-0,11099"
"14,17800";"15,76727";"-0,10175"
"14,18800";"15,75215";"-0,09389"
"14,19800";"15,73716";"-0,09168"
"14,20800";"15,72205";"-0,10131"
"14,21800";"15,70706";"-0,09459"
"14,22800";"15,69218";"-0,07827"
"14,23800";"15,67719";"-0,06777"
"14,24800";"15,66220";"-0,06707"
"14,25800";"15,64720";"-0,07072"
"14,26800";"15,63209";"-0,06736"
"14,27800";"15,61686";"-0,06522"
"14,28800";"15,60175";"-0,06530"
"14,29800";"15,58676";"-0,05953"
"14,30800";"15,57176";"-0,04410"
"14,31800";"15,55677";"-0,03831"
"14,32800";"15,54190";"-0,04125"
"14,33800";"15,52690";"-0,03454"
"14,34800";"15,51203";"-0,02963"
"14,35800";"15,49692";"-0,02173"
"14,36800";"15,48192";"-0,01353"
"14,37800";"15,46705";"-0,01112"
"14,38800";"15,45217";"-0,01103"
"14,39800";"15,43706";"-0,00903"
"14,40800";"15,42207";"-0,00584"
"14,41800";"15,40719";"-0,00713"
"14,42800";"15,39220";"-0,00766"
"14,43800";"15,37709";"-0,01550"
"14,44800";"15,36186";"-0,02223"
"14,45800";"15,34699";"-0,01476"
"14,46800";"15,33211";"-0,01075"
"14,47800";"15,31712";"-0,01859"
"14,48800";"15,30201";"-0,02138"
"14,49800";"15,28701";"-0,01861"
"14,50800";"15,27202";"-0,01067"
"14,51800";"15,25703";"-0,01021"
"14,52800";"15,24192";"-0,00878"
"14,53800";"15,22692";"-0,00452"
"14,54800";"15,21217";"0,00705"
"14,55800";"15,19706";"0,00883"
"14,56800";"15,18206";"0,00554"
"14,57800";"15,16695";"0,00209"
"14,58800";"15,15219";"0,00867"
"14,59800";"15,13720";"0,01472"
"14,60800";"15,12209";"0,02075"
"14,61800";"15,10698";"0,01764"
"14,62800";"15,09210";"0,01746"
"14,63800";"15,07723";"0,01760"
"14,64800";"15,06223";"0,01735"
"14,65800";"15,04713";"0,01958"
"14,66800";"15,03213";"0,03242"
"14,67800";"15,01714";"0,04250"
"14,68800";"15,00203";"0,05012"
"14,69800";"14,98703";"0,05406"
"14,70800";"14,97216";"0,05120"
"14,71800";"14,95740";"0,06033"
"14,72800";"14,94229";"0,07098"
"14,73800";"14,92718";"0,07030"
"14,74800";"14,91231";"0,07455"
"14,75800";"14,89731";"0,08155"
"14,76800";"14,88232";"0,08195"
"14,77800";"14,86721";"0,07912"
"14,78800";"14,85210";"0,08394"
"14,79800";"14,83722";"0,08349"
"14,80800";"14,82223";"0,07567"
"14,81800";"14,80712";"0,06623"
"14,82800";"14,79201";"0,06027"
"14,83800";"14,77701";"0,05807"
"14,84800";"14,76214";"0,06162"
"14,85800";"14,74714";"0,07329"
"14,86800";"14,73215";"0,07977"
"14,87800";"14,71716";"0,07786"
"14,88800";"14,70217";"0,07503"
"14,89800";"14,68706";"0,07530"
"14,90800";"14,67194";"0,07851"
"14,91800";"14,65695";"0,08075"
"14,92800";"14,64208";"0,08889"
"14,93800";"14,62708";"0,09865"
"14,94800";"14,61209";"0,10265"
"14,95800";"14,59698";"0,10619"
"14,96800";"14,58199";"0,11210"
"14,97800";"14,56687";"0,10881"
"14,98800";"14,55176";"0,10660"
"14,99800";"14,53677";"0,10416"
"15,00800";"14,52201";"0,10230"
"15,01800";"14,50702";"0,10025"
"15,02800";"14,49179";"0,09821"
"15,03800";"14,47680";"0,09856"
"15,04800";"14,46192";"0,10483"
"15,05800";"14,44681";"0,10205"
"15,06800";"14,43170";"0,10538"
"15,07800";"14,41671";"0,10811"
"15,08800";"14,40183";"0,11444"
"15,09800";"14,38696";"0,11722"
"15,10800";"14,37185";"0,11272"
"15,11800";"14,35674";"0,09891"
"15,12800";"14,34186";"0,08796"
"15,13800";"14,32687";"0,09162"
"15,14800";"14,31164";"0,10378"
"15,15800";"14,29665";"0,11465"
"15,16800";"14,28189";"0,12006"
"15,17800";"14,26701";"0,11585"
"15,18800";"14,25202";"0,11569"
"15,19800";"14,23691";"0,10972"
"15,20800";"14,22192";"0,10942"
"15,21800";"14,20692";"0,11029"
"15,22800";"14,19181";"0,11212"
"15,23800";"14,17670";"0,11369"
"15,24800";"14,16194";"0,11134"
"15,25800";"14,14719";"0,10737"
"15,26800";"14,13219";"0,11395"
"15,27800";"14,11697";"0,12440"
"15,28800";"14,10197";"0,12637"
"15,29800";"14,08698";"0,12628"
"15,30800";"14,07187";"0,12382"
"15,31800";"14,05688";"0,11568"
"15,32800";"14,04200";"0,10607"
"15,33800";"14,02713";"0,09665"
"15,34800";"14,01225";"0,09723"
"15,35800";"13,99714";"0,09713"
"15,36800";"13,98226";"0,09616"
"15,37800";"13,96739";"0,10162"
"15,38800";"13,95240";"0,11582"
"15,39800";"13,93729";"0,12379"
"15,40800";"13,92229";"0,12555"
"15,41800";"13,90730";"0,12641"
"15,42800";"13,89231";"0,12444"
"15,43800";"13,87708";"0,12170"
"15,44800";"13,86196";"0,11788"
"15,45800";"13,84697";"0,11831"
"15,46800";"13,83198";"0,11519"
"15,47800";"13,81699";"0,11784"
"15,48800";"13,80199";"0,12178"
"15,49800";"13,78712";"0,11883"
"15,50800";"13,77201";"0,11803"
"15,51800";"13,75690";"0,11865"
"15,52800";"13,74179";"0,12118"
"15,53800";"13,72667";"0,11758"
"15,54800";"13,71180";"0,12470"
"15,55800";"13,69681";"0,12794"
"15,56800";"13,68181";"0,12524"
"15,57800";"13,66706";"0,12107"
"15,58800";"13,65218";"0,12107"
"15,59800";"13,63719";"0,13292"
"15,60800";"13,62196";"0,13524"
"15,61800";"13,60697";"0,12759"
"15,62800";"13,59209";"0,12433"
"15,63800";"13,57710";"0,12885"
"15,64800";"13,56210";"0,14010"
"15,65800";"13,54699";"0,14183"
"15,66800";"13,53200";"0,14237"
"15,67800";"13,51701";"0,14696"
"15,68800";"13,50190";"0,15186"
"15,69800";"13,48678";"0,14840"
"15,70800";"13,47191";"0,14636"
"15,71800";"13,45704";"0,15059"
"15,72800";"13,44204";"0,15903"
"15,73800";"13,42705";"0,15424"
"15,74800";"13,41217";"0,15350"
"15,75800";"13,39718";"0,15633"
"15,76800";"13,38207";"0,15707"
"15,77800";"13,36696";"0,15812"
"15,78800";"13,35197";"0,16517"
"15,79800";"13,33709";"0,16227"
"15,80800";"13,32210";"0,16113"
"15,81800";"13,30699";"0,15330"
"15,82800";"13,29199";"0,15307"
"15,83800";"13,27700";"0,16517"
"15,84800";"13,26201";"0,17639"
"15,85800";"13,24678";"0,17994"
"15,86800";"13,23178";"0,18578"
"15,87800";"13,21703";"0,19955"
"15,88800";"13,20215";"0,20503"
"15,89800";"13,18704";"0,19933"
"15,90800";"13,17193";"0,18610"
"15,91800";"13,15706";"0,17945"
"15,92800";"13,14194";"0,17460"
"15,93800";"13,12683";"0,17346"
"15,94800";"13,11184";"0,17697"
"15,95800";"13,09697";"0,18796"
"15,96800";"13,08209";"0,19560"
"15,97800";"13,06710";"0,19900"
"15,98800";"13,05199";"0,19504"
"15,99800";"13,03699";"0,19075"
"16,00800";"13,02200";"0,19241"
"16,01800";"13,00689";"0,20146"
"16,02800";"12,99178";"0,20781"
"16,03800";"12,97702";"0,21133"
"16,04800";"12,96215";"0,20518"
"16,05800";"12,94715";"0,19820"
"16,06800";"12,93204";"0,19380"
"16,07800";"12,91705";"0,19286"
"16,08800";"12,90205";"0,19202"
"16,09800";"12,88706";"0,18943"
"16,10800";"12,87195";"0,18987"
"16,11800";"12,85708";"0,18858"
"16,12800";"12,84232";"0,18492"
"16,13800";"12,82721";"0,18675"
"16,14800";"12,81198";"0,18350"
"16,15800";"12,79699";"0,17813"
"16,16800";"12,78211";"0,17981"
"16,17800";"12,76700";"0,18496"
"16,18800";"12,75201";"0,19435"
"16,19800";"12,73701";"0,19544"
"16,20800";"12,72214";"0,19670"
"16,21800";"12,70715";"0,19909"
"16,22800";"12,69192";"0,20070"
"16,23800";"12,67681";"0,19480"
"16,24800";"12,66181";"0,19575"
"16,25800";"12,64682";"0,19976"
"16,26800";"12,63171";"0,19620"
"16,27800";"12,61672";"0,18816"
"16,28800";"12,60184";"0,18389"
"16,29800";"12,58697";"0,18449"
"16,30800";"12,57197";"0,19299"
"16,31800";"12,55674";"0,19256"
"16,32800";"12,54175";"0,18817"
"16,33800";"12,52688";"0,18629"
"16,34800";"12,51188";"0,19278"
"16,35800";"12,49689";"0,19469"
"16,36800";"12,48190";"0,19680"
"16,37800";"12,46702";"0,19370"
"16,38800";"12,45191";"0,19480"
"16,39800";"12,43692";"0,19952"
"16,40800";"12,42180";"0,20446"
"16,41800";"12,40693";"0,20323"
"16,42800";"12,39206";"0,19965"
"16,43800";"12,37706";"0,19730"
"16,44800";"12,36207";"0,19974"
"16,45800";"12,34708";"0,20444"
"16,46800";"12,33208";"0,21077"
"16,47800";"12,31697";"0,21444"
"16,48800";"12,30186";"0,21400"
"16,49800";"12,28687";"0,21544"
"16,50800";"12,27199";"0,21984"
"16,51800";"12,25700";"0,22343"
"16,52800";"12,24201";"0,22253"
"16,53800";"12,22713";"0,22674"
"16,54800";"12,21214";"0,22470"
"16,55800";"12,19703";"0,22282"
"16,56800";"12,18192";"0,21852"
"16,57800";"12,16692";"0,21745"
"16,58800";"12,15205";"0,21861"
"16,59800";"12,13706";"0,21360"
"16,60800";"12,12206";"0,21760"
"16,61800";"12,10707";"0,21790"
"16,62800";"12,09219";"0,22126"
"16,63800";"12,07720";"0,23438"
"16,64800";"12,06221";"0,23907"
"16,65800";"12,04722";"0,23498"
"16,66800";"12,03222";"0,22995"
"16,67800";"12,01735";"0,22583"
"16,68800";"12,00212";"0,22476"
"16,69800";"11,98701";"0,23173"
"16,70800";"11,97190";"0,24202"
"16,71800";"11,95690";"0,24773"
"16,72800";"11,94179";"0,24949"
"16,73800";"11,92680";"0,24844"
"16,74800";"11,91204";"0,24523"
"16,75800";"11,89717";"0,23839"
"16,76800";"11,88206";"0,23651"
"16,77800";"11,86695";"0,23650"
"16,78800";"11,85195";"0,23219"
"16,79800";"11,83696";"0,22966"
"16,80800";"11,82185";"0,22721"
"16,81800";"11,80685";"0,22900"
"16,82800";"11,79186";"0,23035"
"16,83800";"11,77699";"0,22957"
"16,84800";"11,76211";"0,22601"
"16,85800";"11,74688";"0,22660"
"16,86800";"11,73189";"0,23637"
"16,87800";"11,71690";"0,24344"
"16,88800";"11,70202";"0,24872"
"16,89800";"11,68703";"0,24841"
"16,90800";"11,67192";"0,24373"
"16,91800";"11,65693";"0,24151"
"16,92800";"11,64193";"0,24411"
"16,93800";"11,62706";"0,25099"
"16,94800";"11,61195";"0,25485"
"16,95800";"11,59695";"0,24889"
"16,96800";"11,58196";"0,24715"
"16,97800";"11,56708";"0,23892"
"16,98800";"11,55209";"0,22881"
"16,99800";"11,53710";"0,21852"
"17,00800";"11,52210";"0,22515"
"17,01800";"11,50711";"0,23417"
"17,02800";"11,49200";"0,23491"
"17,03800";"11,47689";"0,23325"
"17,04800";"11,46201";"0,23658"
"17,05800";"11,44714";"0,23887"
"17,06800";"11,43215";"0,24094"
"17,07800";"11,41715";"0,23742"
"17,08800";"11,40228";"0,24244"
"17,09800";"11,38717";"0,24305"
"17,10800";"11,37206";"0,24027"
"17,11800";"11,35694";"0,23744"
"17,12800";"11,34195";"0,23168"
"17,13800";"11,32696";"0,23134"
"17,14800";"11,31208";"0,23279"
"17,15800";"11,29709";"0,23770"
"17,16800";"11,28210";"0,22986"
"17,17800";"11,26722";"0,22600"
"17,18800";"11,25223";"0,23295"
"17,19800";"11,23712";"0,23806"
"17,20800";"11,22213";"0,23997"
"17,21800";"11,20713";"0,24594"
"17,22800";"11,19214";"0,24660"
"17,23800";"11,17703";"0,23860"
"17,24800";"11,16192";"0,24412"
"17,25800";"11,14704";"0,24825"
"17,26800";"11,13205";"0,24508"
"17,27800";"11,11694";"0,24597"
"17,28800";"11,10194";"0,24586"
"17,29800";"11,08719";"0,24468"
"17,30800";"11,07219";"0,24056"
"17,31800";"11,05708";"0,24379"
"17,32800";"11,04197";"0,24849"
"17,33800";"11,02698";"0,24180"
"17,34800";"11,01187";"0,23479"
"17,35800";"10,99688";"0,22774"
"17,36800";"10,98188";"0,22997"
"17,37800";"10,96701";"0,23699"
"17,38800";"10,95213";"0,23870"
"17,39800";"10,93702";"0,23303"
"17,40800";"10,92191";"0,23259"
"17,41800";"10,90692";"0,23241"
"17,42800";"10,89192";"0,22802"
"17,43800";"10,87681";"0,22603"
"17,44800";"10,86182";"0,22243"
"17,45800";"10,84683";"0,21917"
"17,46800";"10,83195";"0,22088"
"17,47800";"10,81696";"0,22823"
"17,48800";"10,80185";"0,23667"
"17,49800";"10,78686";"0,23586"
"17,50800";"10,77198";"0,23503"
"17,51800";"10,75699";"0,23523"
"17,52800";"10,74199";"0,23191"
"17,53800";"10,72700";"0,23219"
"17,54800";"10,71224";"0,23501"
"17,55800";"10,69725";"0,24078"
"17,56800";"10,68214";"0,24535"
"17,57800";"10,66715";"0,24625"
"17,58800";"10,65215";"0,24356"
"17,59800";"10,63728";"0,24527"
"17,60800";"10,62217";"0,24296"
"17,61800";"10,60717";"0,24321"
"17,62800";"10,59230";"0,24306"
"17,63800";"10,57731";"0,24554"
"17,64800";"10,56219";"0,24566"
"17,65800";"10,54708";"0,24408"
"17,66800";"10,53209";"0,24052"
"17,67800";"10,51722";"0,23871"
"17,68800";"10,50222";"0,23907"
"17,69800";"10,48723";"0,24124"
"17,70800";"10,47235";"0,23804"
"17,71800";"10,45736";"0,23744"
"17,72800";"10,44225";"0,24701"
"17,73800";"10,42714";"0,25600"
"17,74800";"10,41215";"0,26120"
"17,75800";"10,39715";"0,25947"
"17,76800";"10,38216";"0,25637"
"17,77800";"10,36717";"0,25364"
"17,78800";"10,35206";"0,25162"
"17,79800";"10,33706";"0,25098"
"17,80800";"10,32207";"0,25400"
"17,81800";"10,30696";"0,25275"
"17,82800";"10,29185";"0,25512"
"17,83800";"10,27697";"0,25662"
"17,84800";"10,26198";"0,26207"
"17,85800";"10,24687";"0,25891"
"17,86800";"10,23187";"0,25680"
"17,87800";"10,21700";"0,25048"
"17,88800";"10,20213";"0,24637"
"17,89800";"10,18701";"0,24405"
"17,90800";"10,17190";"0,24258"
"17,91800";"10,15691";"0,24111"
"17,92800";"10,14204";"0,24269"
"17,93800";"10,12692";"0,24753"
"17,94800";"10,11169";"0,24822"
"17,95800";"10,09670";"0,24709"
"17,96800";"10,08171";"0,24345"
"17,97800";"10,06671";"0,25150"
"17,98800";"10,05160";"0,25558"
"17,99800";"10,03673";"0,24605"
"18,00800";"10,02197";"0,23785"
"18,01800";"10,00686";"0,24385"
"18,02800";"9,99175";"0,25185"
"18,03800";"9,97676";"0,25461"
"18,04800";"9,96188";"0,25802"
"18,05800";"9,94677";"0,26158"
"18,06800";"9,93166";"0,26383"
"18,07800";"9,91679";"0,25896"
"18,08800";"9,90191";"0,25291"
"18,09800";"9,88703";"0,24812"
"18,10800";"9,87192";"0,25242"
"18,11800";"9,85693";"0,25476"
"18,12800";"9,84194";"0,25707"
"18,13800";"9,82695";"0,25291"
"18,14800";"9,81183";"0,25082"
"18,15800";"9,79684";"0,24774"
"18,16800";"9,78208";"0,24842"
"18,17800";"9,76709";"0,25483"
"18,18800";"9,75210";"0,26375"
"18,19800";"9,73699";"0,27118"
"18,20800";"9,72211";"0,27040"
"18,21800";"9,70712";"0,27208"
"18,22800";"9,69201";"0,27619"
"18,23800";"9,67701";"0,28190"
"18,24800";"9,66202";"0,27753"
"18,25800";"9,64715";"0,27077"
"18,26800";"9,63204";"0,27122"
"18,27800";"9,61692";"0,27789"
"18,28800";"9,60193";"0,27733"
"18,29800";"9,58706";"0,27768"
"18,30800";"9,57218";"0,27486"
"18,31800";"9,55719";"0,27505"
"18,32800";"9,54220";"0,26989"
"18,33800";"9,52732";"0,25944"
"18,34800";"9,51233";"0,25400"
"18,35800";"9,49710";"0,25948"
"18,36800";"9,48199";"0,27392"
"18,37800";"9,46711";"0,28536"
"18,38800";"9,45212";"0,29120"
"18,39800";"9,43701";"0,29194"
"18,40800";"9,42213";"0,28597"
"18,41800";"9,40726";"0,28091"
"18,42800";"9,39226";"0,28168"
"18,43800";"9,37704";"0,28557"
"18,44800";"9,36192";"0,29367"
"18,45800";"9,34693";"0,28994"
"18,46800";"9,33206";"0,28745"
"18,47800";"9,31706";"0,28460"
"18,48800";"9,30195";"0,28586"
"18,49800";"9,28708";"0,28541"
"18,50800";"9,27220";"0,29085"
"18,51800";"9,25721";"0,30024"
"18,52800";"9,24198";"0,29771"
"18,53800";"9,22699";"0,29825"
"18,54800";"9,21211";"0,30106"
"18,55800";"9,19712";"0,30193"
"18,56800";"9,18201";"0,29988"
"18,57800";"9,16701";"0,29145"
"18,58800";"9,15214";"0,28892"
"18,59800";"9,13715";"0,29589"
"18,60800";"9,12192";"0,29420"
"18,61800";"9,10692";"0,29181"
"18,62800";"9,09217";"0,28787"
"18,63800";"9,07717";"0,28875"
"18,64800";"9,06218";"0,29119"
"18,65800";"9,04695";"0,28884"
"18,66800";"9,03208";"0,29336"
"18,67800";"9,01708";"0,30002"
"18,68800";"9,00185";"0,30630"
"18,69800";"8,98674";"0,29813"
"18,70800";"8,97187";"0,29608"
"18,71800";"8,95711";"0,29801"
"18,72800";"8,94212";"0,30039"
"18,73800";"8,92701";"0,30626"
"18,74800";"8,91201";"0,29502"
"18,75800";"8,89714";"0,29022"
"18,76800";"8,88203";"0,29456"
"18,77800";"8,86692";"0,30405"
"18,78800";"8,85204";"0,30784"
"18,79800";"8,83728";"0,30569"
"18,80800";"8,82217";"0,30204"
"18,81800";"8,80706";"0,30243"
"18,82800";"8,79195";"0,29661"
"18,83800";"8,77708";"0,28927"
"18,84800";"8,76197";"0,28312"
"18,85800";"8,74697";"0,28394"
"18,86800";"8,73198";"0,29039"
"18,87800";"8,71734";"0,30023"
"18,88800";"8,70247";"0,30851"
"18,89800";"8,68724";"0,30727"
"18,90800";"8,67213";"0,30380"
"18,91800";"8,65725";"0,30066"
"18,92800";"8,64226";"0,29847"
"18,93800";"8,62715";"0,30166"
"18,94800";"8,61215";"0,29720"
"18,95800";"8,59728";"0,29278"
"18,96800";"8,58240";"0,29789"
"18,97800";"8,56717";"0,30637"
"18,98800";"8,55218";"0,31038"
"18,99800";"8,53707";"0,31508"
"19,00800";"8,52208";"0,31220"
"19,01800";"8,50685";"0,31139"
"19,02800";"8,49185";"0,31206"
"19,03800";"8,47698";"0,30601"
"19,04800";"8,46199";"0,29984"
"19,05800";"8,44687";"0,29936"
"19,06800";"8,43176";"0,30048"
"19,07800";"8,41665";"0,30007"
"19,08800";"8,40178";"0,30064"
"19,09800";"8,38679";"0,30461"
"19,10800";"8,37179";"0,30950"
"19,11800";"8,35680";"0,30602"
"19,12800";"8,34204";"0,30225"
"19,13800";"8,32705";"0,30165"
"19,14800";"8,31194";"0,30373"
"19,15800";"8,29695";"0,30480"
"19,16800";"8,28183";"0,30356"
"19,17800";"8,26696";"0,30039"
"19,18800";"8,25185";"0,29841"
"19,19800";"8,23685";"0,29567"
"19,20800";"8,22198";"0,29477"
"19,21800";"8,20687";"0,29365"
"19,22800";"8,19188";"0,29148"
"19,23800";"8,17676";"0,29244"
"19,24800";"8,16189";"0,29113"
"19,25800";"8,14701";"0,29432"
"19,26800";"8,13202";"0,29484"
"19,27800";"8,11703";"0,29615"
"19,28800";"8,10204";"0,29566"
"19,29800";"8,08704";"0,29287"
"19,30800";"8,07205";"0,29661"
"19,31800";"8,05682";"0,30520"
"19,32800";"8,04183";"0,31795"
"19,33800";"8,02707";"0,32084"
"19,34800";"8,01220";"0,32142"
"19,35800";"7,99708";"0,31773"
"19,36800";"7,98197";"0,31232"
"19,37800";"7,96698";"0,30693"
"19,38800";"7,95210";"0,29899"
"19,39800";"7,93688";"0,29033"
"19,40800";"7,92188";"0,28476"
"19,41800";"7,90701";"0,28139"
"19,42800";"7,89225";"0,28806"
"19,43800";"7,87714";"0,29162"
"19,44800";"7,86203";"0,29171"
"19,45800";"7,84704";"0,29835"
"19,46800";"7,83216";"0,30016"
"19,47800";"7,81705";"0,29938"
"19,48800";"7,80206";"0,29398"
"19,49800";"7,78706";"0,29154"
"19,50800";"7,77219";"0,29907"
"19,51800";"7,75731";"0,30726"
"19,52800";"7,74220";"0,31872"
"19,53800";"7,72721";"0,32585"
"19,54800";"7,71222";"0,31950"
"19,55800";"7,69710";"0,31265"
"19,56800";"7,68199";"0,30662"
"19,57800";"7,66700";"0,30325"
"19,58800";"7,65212";"0,30400"
"19,59800";"7,63713";"0,30304"
"19,60800";"7,62202";"0,29719"
"19,61800";"7,60691";"0,29076"
"19,62800";"7,59192";"0,28916"
"19,63800";"7,57681";"0,28028"
"19,64800";"7,56169";"0,28172"
"19,65800";"7,54682";"0,28871"
"19,66800";"7,53194";"0,28938"
"19,67800";"7,51695";"0,28557"
"19,68800";"7,50184";"0,28261"
"19,69800";"7,48685";"0,28601"
"19,70800";"7,47185";"0,28784"
"19,71800";"7,45686";"0,28827"
"19,72800";"7,44187";"0,29228"
"19,73800";"7,42687";"0,28626"
"19,74800";"7,41188";"0,28172"
"19,75800";"7,39701";"0,28658"
"19,76800";"7,38190";"0,29274"
"19,77800";"7,36679";"0,29714"
"19,78800";"7,35179";"0,29894"
"19,79800";"7,33680";"0,29296"
"19,80800";"7,32181";"0,28869"
"19,81800";"7,30681";"0,29030"
"19,82800";"7,29182";"0,29282"
"19,83800";"7,27694";"0,30020"
"19,84800";"7,26183";"0,30851"
"19,85800";"7,24684";"0,31088"
"19,86800";"7,23173";"0,30806"
"19,87800";"7,21674";"0,31401"
"19,88800";"7,20198";"0,32174"
"19,89800";"7,18699";"0,31810"
"19,90800";"7,17199";"0,30372"
"19,91800";"7,15712";"0,29315"
"19,92800";"7,14201";"0,29117"
"19,93800";"7,12701";"0,29146"
"19,94800";"7,11190";"0,29126"
"19,95800";"7,09691";"0,28906"
"19,96800";"7,08204";"0,28904"
"19,97800";"7,06704";"0,29336"
"19,98800";"7,05193";"0,29550"
"19,99800";"7,03694";"0,29420"
"20,00800";"7,02194";"0,29074"
"20,01800";"7,00683";"0,29341"
"20,02800";"6,99184";"0,29598"
"20,03800";"6,97685";"0,30343"
"20,04800";"6,96197";"0,30639"
"20,05800";"6,94722";"0,30527"
"20,06800";"6,93222";"0,30409"
"20,07800";"6,91723";"0,30142"
"20,08800";"6,90235";"0,30226"
"20,09800";"6,88724";"0,30218"
"20,10800";"6,87213";"0,30309"
"20,11800";"6,85702";"0,30375"
"20,12800";"6,84203";"0,30852"
"20,13800";"6,82715";"0,31234"
"20,14800";"6,81216";"0,30960"
"20,15800";"6,79693";"0,30636"
"20,16800";"6,78194";"0,30403"
"20,17800";"6,76683";"0,29827"
"20,18800";"6,75172";"0,29464"
"20,19800";"6,73660";"0,28422"
"20,20800";"6,72173";"0,27863"
"20,21800";"6,70697";"0,28021"
"20,22800";"6,69186";"0,28623"
"20,23800";"6,67687";"0,28932"
"20,24800";"6,66188";"0,29814"
"20,25800";"6,64688";"0,31007"
"20,26800";"6,63177";"0,33070"
"20,27800";"6,61678";"0,33535"
"20,28800";"6,60178";"0,33304"
"20,29800";"6,58691";"0,32429"
"20,30800";"6,57203";"0,31898"
"20,31800";"6,55692";"0,30510"
"20,32800";"6,54181";"0,29006"
"20,33800";"6,52682";"0,27887"
"20,34800";"6,51183";"0,27968"
"20,35800";"6,49672";"0,28842"
"20,36800";"6,48172";"0,28363"
"20,37800";"6,46696";"0,28343"
"20,38800";"6,45197";"0,27957"
"20,39800";"6,43710";"0,28161"
"20,40800";"6,42222";"0,28612"
"20,41800";"6,40735";"0,29027"
"20,42800";"6,39224";"0,29635"
"20,43800";"6,37701";"0,29824"
"20,44800";"6,36190";"0,29705"
"20,45800";"6,34702";"0,29343"
"20,46800";"6,33191";"0,29263"
"20,47800";"6,31692";"0,29817"
"20,48800";"6,30192";"0,30263"
"20,49800";"6,28681";"0,30343"
"20,50800";"6,27182";"0,29965"
"20,51800";"6,25683";"0,29042"
"20,52800";"6,24183";"0,29214"
"20,53800";"6,22696";"0,28622"
"20,54800";"6,21197";"0,27775"
"20,55800";"6,19697";"0,27917"
"20,56800";"6,18174";"0,28996"
"20,57800";"6,16663";"0,29257"
"20,58800";"6,15164";"0,29308"
"20,59800";"6,13676";"0,29279"
"20,60800";"6,12177";"0,30274"
"20,61800";"6,10678";"0,30949"
"20,62800";"6,09190";"0,31649"
"20,63800";"6,07691";"0,31827"
"20,64800";"6,06192";"0,31249"
"20,65800";"6,04681";"0,30589"
"20,66800";"6,03181";"0,30497"
"20,67800";"6,01706";"0,30439"
"20,68800";"6,00218";"0,31074"
"20,69800";"5,98707";"0,31384"
"20,70800";"5,97208";"0,30820"
"20,71800";"5,95720";"0,30564"
"20,72800";"5,94197";"0,29799"
"20,73800";"5,92686";"0,29093"
"20,74800";"5,91187";"0,28580"
"20,75800";"5,89711";"0,28878"
"20,76800";"5,88212";"0,28932"
"20,77800";"5,86701";"0,29131"
"20,78800";"5,85201";"0,29105"
"20,79800";"5,83702";"0,29029"
"20,80800";"5,82191";"0,29897"
"20,81800";"5,80680";"0,30618"
"20,82800";"5,79192";"0,30874"
"20,83800";"5,77717";"0,30879"
"20,84800";"5,76217";"0,30339"
"20,85800";"5,74718";"0,30013"
"20,86800";"5,73207";"0,29274"
"20,87800";"5,71719";"0,28608"
"20,88800";"5,70232";"0,28116"
"20,89800";"5,68709";"0,28455"
"20,90800";"5,67198";"0,28770"
"20,91800";"5,65699";"0,28564"
"20,92800";"5,64211";"0,28168"
"20,93800";"5,62700";"0,27403"
"20,94800";"5,61189";"0,26919"
"20,95800";"5,59678";"0,26507"
"20,96800";"5,58190";"0,27487"
"20,97800";"5,56679";"0,29307"
"20,98800";"5,55180";"0,31040"
"20,99800";"5,53692";"0,31743"
"21,00800";"5,52205";"0,32058"
"21,01800";"5,50706";"0,32719"
"21,02800";"5,49206";"0,32483"
"21,03800";"5,47707";"0,31867"
"21,04800";"5,46208";"0,30964"
"21,05800";"5,44708";"0,30004"
"21,06800";"5,43197";"0,28947"
"21,07800";"5,41698";"0,27805"
"21,08800";"5,40222";"0,27726"
"21,09800";"5,38723";"0,28251"
"21,10800";"5,37212";"0,28577"
"21,11800";"5,35701";"0,28467"
"21,12800";"5,34201";"0,28684"
"21,13800";"5,32714";"0,29294"
"21,14800";"5,31215";"0,29319"
"21,15800";"5,29715";"0,28889"
"21,16800";"5,28228";"0,28387"
"21,17800";"5,26728";"0,28202"
"21,18800";"5,25217";"0,28443"
"21,19800";"5,23706";"0,29142"
"21,20800";"5,22207";"0,30755"
"21,21800";"5,20708";"0,31095"
"21,22800";"5,19208";"0,30867"
"21,23800";"5,17709";"0,30732"
"21,24800";"5,16221";"0,30803"
"21,25800";"5,14734";"0,31089"
"21,26800";"5,13223";"0,30495"
"21,27800";"5,11712";"0,29514"
"21,28800";"5,10201";"0,29403"
"21,29800";"5,08701";"0,29738"
"21,30800";"5,07214";"0,30061"
"21,31800";"5,05715";"0,29944"
"21,32800";"5,04215";"0,29761"
"21,33800";"5,02728";"0,29358"
"21,34800";"5,01217";"0,28900"
"21,35800";"4,99706";"0,28533"
"21,36800";"4,98183";"0,28141"
"21,37800";"4,96683";"0,28325"
"21,38800";"4,95184";"0,28866"
"21,39800";"4,93673";"0,28755"
"21,40800";"4,92174";"0,28282"
"21,41800";"4,90686";"0,28327"
"21,42800";"4,89199";"0,28330"
"21,43800";"4,87688";"0,27915"
"21,44800";"4,86176";"0,27658"
"21,45800";"4,84689";"0,27649"
"21,46800";"4,83201";"0,28165"
"21,47800";"4,81714";"0,28732"
"21,48800";"4,80215";"0,29432"
"21,49800";"4,78715";"0,29434"
"21,50800";"4,77228";"0,29456"
"21,51800";"4,75717";"0,29773"
"21,52800";"4,74194";"0,29750"
"21,53800";"4,72694";"0,29607"
"21,54800";"4,71207";"0,28793"
"21,55800";"4,69719";"0,28741"
"21,56800";"4,68208";"0,28427"
"21,57800";"4,66697";"0,28835"
"21,58800";"4,65210";"0,29372"
"21,59800";"4,63710";"0,29126"
"21,60800";"4,62199";"0,29803"
"21,61800";"4,60688";"0,30188"
"21,62800";"4,59189";"0,30774"
"21,63800";"4,57713";"0,30850"
"21,64800";"4,56226";"0,29958"
"21,65800";"4,54726";"0,28451"
"21,66800";"4,53239";"0,27540"
"21,67800";"4,51740";"0,27573"
"21,68800";"4,50228";"0,28317"
"21,69800";"4,48706";"0,29065"
"21,70800";"4,47218";"0,29444"
"21,71800";"4,45742";"0,29529"
"21,72800";"4,44231";"0,29473"
"21,73800";"4,42720";"0,30057"
"21,74800";"4,41209";"0,29507"
"21,75800";"4,39710";"0,28829"
"21,76800";"4,38199";"0,28560"
"21,77800";"4,36687";"0,28249"
"21,78800";"4,35188";"0,28858"
"21,79800";"4,33712";"0,28574"
"21,80800";"4,32225";"0,28564"
"21,81800";"4,30702";"0,28219"
"21,82800";"4,29203";"0,27482"
"21,83800";"4,27715";"0,27787"
"21,84800";"4,26216";"0,28473"
"21,85800";"4,24705";"0,28568"
"21,86800";"4,23217";"0,28321"
"21,87800";"4,21742";"0,27479"
"21,88800";"4,20254";"0,27319"
"21,89800";"4,18743";"0,27333"
"21,90800";"4,17220";"0,27291"
"21,91800";"4,15721";"0,27356"
"21,92800";"4,14233";"0,28419"
"21,93800";"4,12722";"0,29204"
"21,94800";"4,11211";"0,29597"
"21,95800";"4,09700";"0,30078"
"21,96800";"4,08213";"0,30504"
"21,97800";"4,06701";"0,30593"
"21,98800";"4,05178";"0,30108"
"21,99800";"4,03679";"0,29756"
"22,00800";"4,02203";"0,30058"
"22,01800";"4,00704";"0,30083"
"22,02800";"3,99193";"0,29399"
"22,03800";"3,97694";"0,29857"
"22,04800";"3,96206";"0,30062"
"22,05800";"3,94695";"0,30144"
"22,06800";"3,93172";"0,30203"
"22,07800";"3,91673";"0,30255"
"22,08800";"3,90209";"0,30169"
"22,09800";"3,88710";"0,30183"
"22,10800";"3,87187";"0,30189"
"22,11800";"3,85676";"0,29978"
"22,12800";"3,84176";"0,29464"
"22,13800";"3,82665";"0,29190"
"22,14800";"3,81154";"0,28840"
"22,15800";"3,79643";"0,29185"
"22,16800";"3,78167";"0,30070"
"22,17800";"3,76692";"0,30538"
"22,18800";"3,75192";"0,30160"
"22,19800";"3,73681";"0,29162"
"22,20800";"3,72182";"0,28439"
"22,21800";"3,70694";"0,28281"
"22,22800";"3,69172";"0,29294"
"22,23800";"3,67649";"0,29725"
"22,24800";"3,66173";"0,29882"
"22,25800";"3,64697";"0,29977"
"22,26800";"3,63198";"0,29925"
"22,27800";"3,61687";"0,30194"
"22,28800";"3,60187";"0,29620"
"22,29800";"3,58700";"0,28440"
"22,30800";"3,57189";"0,28102"
"22,31800";"3,55678";"0,28653"
"22,32800";"3,54190";"0,28117"
"22,33800";"3,52726";"0,28032"
"22,34800";"3,51227";"0,28502"
"22,35800";"3,49704";"0,28555"
"22,36800";"3,48193";"0,28629"
"22,37800";"3,46706";"0,28423"
"22,38800";"3,45194";"0,27943"
"22,39800";"3,43695";"0,28293"
"22,40800";"3,42196";"0,28437"
"22,41800";"3,40720";"0,28017"
"22,42800";"3,39233";"0,28854"
"22,43800";"3,37710";"0,29821"
"22,44800";"3,36210";"0,29993"
"22,45800";"3,34711";"0,29764"
"22,46800";"3,33212";"0,30102"
"22,47800";"3,31689";"0,31023"
"22,48800";"3,30190";"0,31432"
"22,49800";"3,28702";"0,30777"
"22,50800";"3,27215";"0,29736"
"22,51800";"3,25703";"0,29428"
"22,52800";"3,24192";"0,29381"
"22,53800";"3,22693";"0,30111"
"22,54800";"3,21182";"0,30522"
"22,55800";"3,19683";"0,30746"
"22,56800";"3,18183";"0,30426"
"22,57800";"3,16684";"0,30132"
"22,58800";"3,15185";"0,30134"
"22,59800";"3,13685";"0,30217"
"22,60800";"3,12174";"0,30066"
"22,61800";"3,10687";"0,28953"
"22,62800";"3,09187";"0,29060"
"22,63800";"3,07700";"0,29066"
"22,64800";"3,06201";"0,28333"
"22,65800";"3,04713";"0,28068"
"22,66800";"3,03214";"0,28329"
"22,67800";"3,01715";"0,28567"
"22,68800";"3,00192";"0,29044"
"22,69800";"2,98692";"0,29321"
"22,70800";"2,97193";"0,29580"
"22,71800";"2,95706";"0,29661"
"22,72800";"2,94206";"0,30017"
"22,73800";"2,92707";"0,30661"
"22,74800";"2,91208";"0,30027"
"22,75800";"2,89708";"0,29083"
"22,76800";"2,88197";"0,28029"
"22,77800";"2,86686";"0,27173"
"22,78800";"2,85175";"0,27008"
"22,79800";"2,83688";"0,26708"
"22,80800";"2,82188";"0,27580"
"22,81800";"2,80701";"0,27938"
"22,82800";"2,79201";"0,28666"
"22,83800";"2,77702";"0,28655"
"22,84800";"2,76191";"0,28931"
"22,85800";"2,74680";"0,29082"
"22,86800";"2,73181";"0,29258"
"22,87800";"2,71693";"0,28904"
"22,88800";"2,70206";"0,28572"
"22,89800";"2,68694";"0,28195"
"22,90800";"2,67195";"0,27867"
"22,91800";"2,65696";"0,27405"
"22,92800";"2,64197";"0,27230"
"22,93800";"2,62685";"0,27411"
"22,94800";"2,61186";"0,27203"
"22,95800";"2,59687";"0,27585"
"22,96800";"2,58199";"0,28758"
"22,97800";"2,56700";"0,30003"
"22,98800";"2,55189";"0,30461"
"22,99800";"2,53690";"0,29494"
"23,00800";"2,52190";"0,28758"
"23,01800";"2,50679";"0,27847"
"23,02800";"2,49168";"0,27097"
"23,03800";"2,47692";"0,26950"
"23,04800";"2,46217";"0,26807"
"23,05800";"2,44717";"0,27249"
"23,06800";"2,43206";"0,27550"
"23,07800";"2,41695";"0,27601"
"23,08800";"2,40196";"0,27407"
"23,09800";"2,38685";"0,27217"
"23,10800";"2,37174";"0,26799"
"23,11800";"2,35674";"0,27098"
"23,12800";"2,34199";"0,27759"
"23,13800";"2,32711";"0,28098"
"23,14800";"2,31200";"0,27840"
"23,15800";"2,29701";"0,27873"
"23,16800";"2,28213";"0,28328"
"23,17800";"2,26714";"0,28471"
"23,18800";"2,25203";"0,28506"
"23,19800";"2,23703";"0,28778"
"23,20800";"2,22216";"0,28797"
"23,21800";"2,20728";"0,29308"
"23,22800";"2,19217";"0,29925"
"23,23800";"2,17718";"0,29427"
"23,24800";"2,16219";"0,28613"
"23,25800";"2,14719";"0,28071"
"23,26800";"2,13208";"0,27565"
"23,27800";"2,11709";"0,27516"
"23,28800";"2,10210";"0,27548"
"23,29800";"2,08722";"0,28202"
"23,30800";"2,07199";"0,28829"
"23,31800";"2,05688";"0,29145"
"23,32800";"2,04189";"0,29507"
"23,33800";"2,02690";"0,28804"
"23,34800";"2,01190";"0,27934"
"23,35800";"1,99703";"0,28134"
"23,36800";"1,98203";"0,28830"
"23,37800";"1,96704";"0,29067"
"23,38800";"1,95205";"0,28789"
"23,39800";"1,93694";"0,28300"
"23,40800";"1,92194";"0,27931"
"23,41800";"1,90695";"0,28262"
"23,42800";"1,89196";"0,28579"
"23,43800";"1,87697";"0,28818"
"23,44800";"1,86209";"0,28435"
"23,45800";"1,84710";"0,28039"
"23,46800";"1,83210";"0,28212"
"23,47800";"1,81699";"0,27617"
"23,48800";"1,80188";"0,27888"
"23,49800";"1,78689";"0,28514"
"23,50800";"1,77201";"0,29185"
"23,51800";"1,75702";"0,28948"
"23,52800";"1,74203";"0,29345"
"23,53800";"1,72703";"0,29202"
"23,54800";"1,71216";"0,29215"
"23,55800";"1,69705";"0,29228"
"23,56800";"1,68194";"0,28813"
"23,57800";"1,66694";"0,28500"
"23,58800";"1,65207";"0,28871"
"23,59800";"1,63708";"0,28982"
"23,60800";"1,62208";"0,28879"
"23,61800";"1,60709";"0,28505"
"23,62800";"1,59210";"0,28547"
"23,63800";"1,57710";"0,29046"
"23,64800";"1,56199";"0,29335"
"23,65800";"1,54700";"0,28867"
"23,66800";"1,53212";"0,28737"
"23,67800";"1,51713";"0,28754"
"23,68800";"1,50214";"0,28745"
"23,69800";"1,48703";"0,28770"
"23,70800";"1,47192";"0,28855"
"23,71800";"1,45692";"0,28841"
"23,72800";"1,44193";"0,28840"
"23,73800";"1,42682";"0,29109"
"23,74800";"1,41194";"0,29513"
"23,75800";"1,39707";"0,30024"
"23,76800";"1,38196";"0,30199"
"23,77800";"1,36685";"0,29961"
"23,78800";"1,35185";"0,29202"
"23,79800";"1,33686";"0,28851"
"23,80800";"1,32187";"0,28753"
"23,81800";"1,30676";"0,28291"
"23,82800";"1,29188";"0,27405"
"23,83800";"1,27713";"0,26596"
"23,84800";"1,26213";"0,26533"
"23,85800";"1,24714";"0,27173"
"23,86800";"1,23215";"0,28431"
"23,87800";"1,21727";"0,29014"
"23,88800";"1,20216";"0,29097"
"23,89800";"1,18705";"0,28764"
"23,90800";"1,17206";"0,27916"
"23,91800";"1,15718";"0,27274"
"23,92800";"1,14219";"0,27397"
"23,93800";"1,12708";"0,28402"
"23,94800";"1,11185";"0,28920"
"23,95800";"1,09697";"0,28671"
"23,96800";"1,08198";"0,28579"
"23,97800";"1,06710";"0,29017"
"23,98800";"1,05211";"0,29212"
"23,99800";"1,03712";"0,28915"
"24,00800";"1,02213";"0,27974"
"24,01800";"1,00701";"0,27501"
"24,02800";"0,99190";"0,27235"
"24,03800";"0,97691";"0,27303"
"24,04800";"0,96192";"0,27892"
"24,05800";"0,94692";"0,28311"
"24,06800";"0,93193";"0,27778"
"24,07800";"0,91694";"0,27124"
"24,08800";"0,90206";"0,27025"
"24,09800";"0,88695";"0,27418"
"24,10800";"0,87184";"0,27498"
"24,11800";"0,85673";"0,27811"
"24,12800";"0,84174";"0,28404"
"24,13800";"0,82686";"0,28636"
"24,14800";"0,81199";"0,28702"
"24,15800";"0,79688";"0,28841"
"24,16800";"0,78212";"0,28665"
"24,17800";"0,76724";"0,29034"
"24,18800";"0,75225";"0,29030"
"24,19800";"0,73714";"0,28273"
"24,20800";"0,72215";"0,28133"
"24,21800";"0,70727";"0,28777"
"24,22800";"0,69228";"0,28911"
"24,23800";"0,67717";"0,28865"
"24,24800";"0,66206";"0,28484"
"24,25800";"0,64718";"0,28419"
"24,26800";"0,63219";"0,28064"
"24,27800";"0,61696";"0,27598"
"24,28800";"0,60197";"0,27713"
"24,29800";"0,58709";"0,28265"
"24,30800";"0,57198";"0,28507"
"24,31800";"0,55687";"0,28645"
"24,32800";"0,54176";"0,28455"
"24,33800";"0,52676";"0,28534"
"24,34800";"0,51177";"0,29449"
"24,35800";"0,49666";"0,29696"
"24,36800";"0,48167";"0,29697"
"24,37800";"0,46679";"0,29886"
"24,38800";"0,45203";"0,29822"
"24,39800";"0,43692";"0,30135"
"24,40800";"0,42181";"0,30240"
"24,41800";"0,40694";"0,30112"
"24,42800";"0,39194";"0,28937"
"24,43800";"0,37683";"0,28376"
"24,44800";"0,36184";"0,27028"
"24,45800";"0,34685";"0,26530"
"24,46800";"0,33209";"0,26555"
"24,47800";"0,31710";"0,26763"
"24,48800";"0,30210";"0,27930"
"24,49800";"0,28711";"0,29249"
"24,50800";"0,27224";"0,30060"
"24,51800";"0,25713";"0,30558"
"24,52800";"0,24201";"0,30282"
"24,53800";"0,22702";"0,29282"
"24,54800";"0,21203";"0,29235"
"24,55800";"0,19703";"0,30158"
"24,56800";"0,18192";"0,29964"
"24,57800";"0,16681";"0,29491"
"24,58800";"0,15182";"0,28711"
"24,59800";"0,13694";"0,28591"
"24,60800";"0,12195";"0,28748"
"24,61800";"0,10708";"0,28419"
"24,62800";"0,09232";"0,28625"
"24,63800";"0,07744";"0,29252"
"24,64800";"0,06233";"0,29632"
"24,65800";"0,04722";"0,30161"
"24,66800";"0,03223";"0,30696"
"24,67800";"0,01724";"0,30756"
"24,68800";"0,00224";"0,30912"
"24,69000";"-0,00083";"0,30988"
"24,69200";"-0,00378";"0,31026"
"24,70200";"-0,01676";"0,30968"
"24,71200";"-0,02408";"0,31825"
"24,71800";"-0,02597";"0,32747"
"24,72800";"-0,02526";"0,33648"
"24,73800";"-0,02078";"0,34039"
"24,74800";"-0,01003";"0,33752"
"24,75800";"0,00649";"0,34968"
"24,76800";"0,02668";"0,34932"
"24,77800";"0,04840";"0,33788"
"24,78800";"0,07048";"0,31926"
"24,79800";"0,09220";"0,30051"
"24,80800";"0,11310";"0,28866"
"24,81800";"0,13305";"0,28477"
"24,82800";"0,15229";"0,28088"
"24,83800";"0,17047";"0,27851"
"24,84800";"0,18806";"0,27661"
"24,85800";"0,20518";"0,28011"
"24,86800";"0,22183";"0,28564"
"24,87800";"0,23812";"0,29084"
"24,88800";"0,25417";"0,29274"
"24,89800";"0,26999";"0,28570"
"24,90800";"0,28558";"0,27786"
"24,91800";"0,30116";"0,27665"
"24,92800";"0,31662";"0,28117"
"24,93800";"0,33197";"0,28681"
"24,94800";"0,34708";"0,29122"
"24,95800";"0,36231";"0,29520"
"24,96800";"0,37731";"0,29863"
"24,97800";"0,39242";"0,30234"
"24,98800";"0,40753";"0,30387"
"24,99800";"0,42264";"0,30419"
"25,00800";"0,43775";"0,30333"
"25,01800";"0,45286";"0,30315"
"25,02800";"0,46785";"0,30335"
"25,03800";"0,48285";"0,30361"
"25,04800";"0,49784";"0,30649"
"25,05800";"0,51272";"0,30681"
"25,06800";"0,52771";"0,30837"
"25,07800";"0,54270";"0,31436"
"25,08800";"0,55769";"0,30938"
"25,09800";"0,57281";"0,30699"
"25,10800";"0,58780";"0,29748"
"25,11800";"0,60291";"0,28809"
"25,12800";"0,61802";"0,28621"
"25,13800";"0,63301";"0,29167"
"25,14800";"0,64801";"0,29480"
"25,15800";"0,66312";"0,29366"
"25,16800";"0,67811";"0,29284"
"25,17800";"0,69310";"0,29372"
"25,18800";"0,70798";"0,29199"
"25,19800";"0,72297";"0,29626"
"25,20800";"0,73808";"0,29522"
"25,21800";"0,75308";"0,29472"
"25,22800";"0,76807";"0,29562"
"25,23800";"0,78318";"0,29697"
"25,24800";"0,79817";"0,30016"
"25,25800";"0,81317";"0,29944"
"25,26800";"0,82804";"0,29678"
"25,27800";"0,84303";"0,30010"
"25,28800";"0,85791";"0,31316"
"25,29800";"0,87278";"0,31862"
"25,30800";"0,88778";"0,31752"
"25,31800";"0,90277";"0,31765"
"25,32800";"0,91788";"0,31419"
"25,33800";"0,93299";"0,31225"
"25,34800";"0,94799";"0,30957"
"25,35800";"0,96298";"0,30550"
"25,36800";"0,97797";"0,31015"
"25,37800";"0,99285";"0,30716"
"25,38800";"1,00796";"0,30099"
"25,39800";"1,02295";"0,30274"
"25,40800";"1,03794";"0,30128"
"25,41800";"1,05306";"0,30815"
"25,42800";"1,06793";"0,31201"
"25,43800";"1,08304";"0,30693"
"25,44800";"1,09803";"0,30568"
"25,45800";"1,11303";"0,30417"
"25,46800";"1,12802";"0,30572"
"25,47800";"1,14313";"0,30698"
"25,48800";"1,15801";"0,30652"
"25,49800";"1,17288";"0,31005"
"25,50800";"1,18788";"0,30922"
"25,51800";"1,20287";"0,30034"
"25,52800";"1,21786";"0,29724"
"25,53800";"1,23297";"0,29941"
"25,54800";"1,24797";"0,30730"
"25,55800";"1,26308";"0,31093"
"25,56800";"1,27807";"0,31296"
"25,57800";"1,29306";"0,31050"
"25,58800";"1,30806";"0,30592"
"25,59800";"1,32305";"0,30352"
"25,60800";"1,33804";"0,30254"
"25,61800";"1,35303";"0,29723"
"25,62800";"1,36803";"0,30035"
"25,63800";"1,38314";"0,30376"
"25,64800";"1,39813";"0,31044"
"25,65800";"1,41313";"0,30657"
"25,66800";"1,42812";"0,30221"
"25,67800";"1,44311";"0,30936"
"25,68800";"1,45810";"0,30885"
"25,69800";"1,47298";"0,29864"
"25,70800";"1,48797";"0,29122"
"25,71800";"1,50308";"0,29487"
"25,72800";"1,51819";"0,30215"
"25,73800";"1,53307";"0,31310"
"25,74800";"1,54806";"0,31314"
"25,75800";"1,56306";"0,30619"
"25,76800";"1,57805";"0,30230"
"25,77800";"1,59304";"0,30466"
"25,78800";"1,60803";"0,30653"
"25,79800";"1,62315";"0,30924"
"25,80800";"1,63814";"0,31245"
"25,81800";"1,65313";"0,30663"
"25,82800";"1,66813";"0,29840"
"25,83800";"1,68312";"0,29972"
"25,84800";"1,69811";"0,30497"
"25,85800";"1,71310";"0,30031"
"25,86800";"1,72810";"0,29490"
"25,87800";"1,74321";"0,29518"
"25,88800";"1,75820";"0,29206"
"25,89800";"1,77319";"0,28563"
"25,90800";"1,78807";"0,28186"
"25,91800";"1,80306";"0,28674"
"25,92800";"1,81794";"0,29533"
"25,93800";"1,83293";"0,30381"
"25,94800";"1,84804";"0,31218"
"25,95800";"1,86303";"0,31840"
"25,96800";"1,87803";"0,31710"
"25,97800";"1,89302";"0,31495"
"25,98800";"1,90813";"0,30815"
"25,99800";"1,92313";"0,29937"
"26,00800";"1,93800";"0,30567"
"26,01800";"1,95299";"0,31170"
"26,02800";"1,96799";"0,30107"
"26,03800";"1,98298";"0,29201"
"26,04800";"1,99797";"0,28922"
"26,05800";"2,01285";"0,29627"
"26,06800";"2,02784";"0,30778"
"26,07800";"2,04295";"0,31404"
"26,08800";"2,05783";"0,31402"
"26,09800";"2,07282";"0,31041"
"26,10800";"2,08793";"0,30457"
"26,11800";"2,10292";"0,30441"
"26,12800";"2,11792";"0,29512"
"26,13800";"2,13303";"0,29054"
"26,14800";"2,14802";"0,28983"
"26,15800";"2,16301";"0,29541"
"26,16800";"2,17801";"0,29758"
"26,17800";"2,19300";"0,29111"
"26,18800";"2,20799";"0,28832"
"26,19800";"2,22299";"0,29644"
"26,20800";"2,23798";"0,30167"
"26,21800";"2,25297";"0,30710"
"26,22800";"2,26797";"0,31100"
"26,23800";"2,28296";"0,31689"
"26,24800";"2,29783";"0,32231"
"26,25800";"2,31283";"0,32102"
"26,26800";"2,32794";"0,31323"
"26,27800";"2,34293";"0,30390"
"26,28800";"2,35792";"0,29903"
"26,29800";"2,37292";"0,29964"
"26,30800";"2,38803";"0,29941"
"26,31800";"2,40302";"0,29825"
"26,32800";"2,41801";"0,30610"
"26,33800";"2,43313";"0,31426"
"26,34800";"2,44824";"0,31878"
"26,35800";"2,46335";"0,31500"
"26,36800";"2,47834";"0,30573"
"26,37800";"2,49333";"0,29337"
"26,38800";"2,50821";"0,28523"
"26,39800";"2,52308";"0,28730"
"26,40800";"2,53784";"0,29551"
"26,41800";"2,55272";"0,30452"
"26,42800";"2,56759";"0,31154"
"26,43800";"2,58247";"0,31395"
"26,44800";"2,59734";"0,32588"
"26,45800";"2,61222";"0,33466"
"26,46800";"2,62721";"0,33356"
"26,47800";"2,64208";"0,32148"
"26,48800";"2,65719";"0,30957"
"26,49800";"2,67242";"0,30237"
"26,50800";"2,68753";"0,29742"
"26,51800";"2,70265";"0,30072"
"26,52800";"2,71776";"0,29918"
"26,53800";"2,73287";"0,29919"
"26,54800";"2,74822";"0,30067"
"26,55800";"2,76333";"0,30279"
"26,56800";"2,77844";"0,30108"
"26,57800";"2,79355";"0,30532"
"26,58800";"2,80854";"0,30433"
"26,59800";"2,82342";"0,29805"
"26,60800";"2,83853";"0,30477"
"26,61800";"2,85340";"0,31049"
"26,62800";"2,86828";"0,31459"
"26,63800";"2,88315";"0,31908"
"26,64800";"2,89815";"0,32468"
"26,65800";"2,91314";"0,32338"
"26,66800";"2,92825";"0,32170"
"26,67800";"2,94324";"0,32465"
"26,68800";"2,95812";"0,32869"
"26,69800";"2,97311";"0,32985"
"26,70800";"2,98810";"0,32118"
"26,71800";"3,00298";"0,31054"
"26,72800";"3,01797";"0,30853"
"26,73800";"3,03297";"0,30721"
"26,74800";"3,04784";"0,30693"
"26,75800";"3,06272";"0,30484"
"26,76800";"3,07759";"0,30470"
"26,77800";"3,09246";"0,30315"
"26,78800";"3,10734";"0,29555"
"26,79800";"3,12233";"0,29176"
"26,80800";"3,13733";"0,29474"
"26,81800";"3,15244";"0,30148"
"26,82800";"3,16767";"0,31167"
"26,83800";"3,18278";"0,32013"
"26,84800";"3,19801";"0,31941"
"26,85800";"3,21312";"0,31675"
"26,86800";"3,22799";"0,31903"
"26,87800";"3,24310";"0,32340"
"26,88800";"3,25822";"0,32330"
"26,89800";"3,27333";"0,31476"
"26,90800";"3,28856";"0,31008"
"26,91800";"3,30367";"0,30275"
"26,92800";"3,31866";"0,29468"
"26,93800";"3,33365";"0,29934"
"26,94800";"3,34853";"0,30792"
"26,95800";"3,36328";"0,30724"
"26,96800";"3,37828";"0,30519"
"26,97800";"3,39327";"0,29812"
"26,98800";"3,40826";"0,29368"
"26,99800";"3,42326";"0,30062"
"27,00800";"3,43825";"0,30141"
"27,01800";"3,45312";"0,30092"
"27,02800";"3,46788";"0,30419"
"27,03800";"3,48276";"0,31094"
"27,04800";"3,49751";"0,31325"
"27,05800";"3,51227";"0,31048"
"27,06800";"3,52715";"0,31219"
"27,07800";"3,54202";"0,31947"
"27,08800";"3,55701";"0,31993"
"27,09800";"3,57201";"0,31501"
"27,10800";"3,58724";"0,31293"
"27,11800";"3,60258";"0,31065"
"27,12800";"3,61793";"0,30878"
"27,13800";"3,63316";"0,30331"
"27,14800";"3,64827";"0,30446"
"27,15800";"3,66338";"0,30373"
"27,16800";"3,67838";"0,30459"
"27,17800";"3,69337";"0,30379"
"27,18800";"3,70836";"0,30436"
"27,19800";"3,72335";"0,30335"
"27,20800";"3,73835";"0,30169"
"27,21800";"3,75346";"0,30145"
"27,22800";"3,76845";"0,31371"
"27,23800";"3,78344";"0,33036"
"27,24800";"3,79844";"0,33982"
"27,25800";"3,81331";"0,33419"
"27,26800";"3,82819";"0,32749"
"27,27800";"3,84306";"0,31828"
"27,28800";"3,85806";"0,30708"
"27,29800";"3,87317";"0,30796"
"27,30800";"3,88816";"0,31494"
"27,31800";"3,90315";"0,32494"
"27,32800";"3,91826";"0,32891"
"27,33800";"3,93314";"0,32857"
"27,34800";"3,94801";"0,32268"
"27,35800";"3,96277";"0,31588"
"27,36800";"3,97765";"0,32045"
"27,37800";"3,99264";"0,32075"
"27,38800";"4,00751";"0,31825"
"27,39800";"4,02251";"0,31832"
"27,40800";"4,03762";"0,31716"
"27,41800";"4,05273";"0,31073"
"27,42800";"4,06772";"0,30647"
"27,43800";"4,08283";"0,30640"
"27,44800";"4,09794";"0,30816"
"27,45800";"4,11317";"0,31042"
"27,46800";"4,12840";"0,31007"
"27,47800";"4,14363";"0,31069"
"27,48800";"4,15874";"0,31164"
"27,49800";"4,17374";"0,31153"
"27,50800";"4,18873";"0,31243"
"27,51800";"4,20372";"0,31924"
"27,52800";"4,21860";"0,32671"
"27,53800";"4,23359";"0,32472"
"27,54800";"4,24835";"0,32263"
"27,55800";"4,26322";"0,31240"
"27,56800";"4,27810";"0,30547"
"27,57800";"4,29309";"0,30504"
"27,58800";"4,30797";"0,30649"
"27,59800";"4,32296";"0,30863"
"27,60800";"4,33795";"0,30900"
"27,61800";"4,35306";"0,31123"
"27,62800";"4,36806";"0,31372"
"27,63800";"4,38293";"0,31712"
"27,64800";"4,39781";"0,31709"
"27,65800";"4,41268";"0,31431"
"27,66800";"4,42767";"0,31170"
"27,67800";"4,44278";"0,31467"
"27,68800";"4,45778";"0,31852"
"27,69800";"4,47289";"0,31974"
"27,70800";"4,48800";"0,31634"
"27,71800";"4,50299";"0,32042"
"27,72800";"4,51799";"0,31846"
"27,73800";"4,53298";"0,31482"
"27,74800";"4,54797";"0,31088"
"27,75800";"4,56320";"0,31021"
"27,76800";"4,57831";"0,30847"
"27,77800";"4,59331";"0,30434"
"27,78800";"4,60830";"0,30370"
"27,79800";"4,62317";"0,30751"
"27,80800";"4,63805";"0,30769"
"27,81800";"4,65292";"0,30331"
"27,82800";"4,66792";"0,30636"
"27,83800";"4,68303";"0,31676"
"27,84800";"4,69814";"0,31768"
"27,85800";"4,71313";"0,31077"
"27,86800";"4,72813";"0,31162"
"27,87800";"4,74324";"0,31382"
"27,88800";"4,75823";"0,31372"
"27,89800";"4,77310";"0,30853"
"27,90800";"4,78798";"0,30661"
"27,91800";"4,80297";"0,30652"
"27,92800";"4,81797";"0,30776"
"27,93800";"4,83296";"0,31772"
"27,94800";"4,84783";"0,32735"
"27,95800";"4,86283";"0,33048"
"27,96800";"4,87770";"0,32221"
"27,97800";"4,89269";"0,31936"
"27,98800";"4,90781";"0,31707"
"27,99800";"4,92292";"0,32193"
"28,00800";"4,93791";"0,32529"
"28,01800";"4,95290";"0,32661"
"28,02800";"4,96801";"0,33187"
"28,03800";"4,98301";"0,33433"
"28,04800";"4,99812";"0,32984"
"28,05800";"5,01323";"0,32973"
"28,06800";"5,02822";"0,32344"
"28,07800";"5,04345";"0,31735"
"28,08800";"5,05856";"0,31216"
"28,09800";"5,07356";"0,30244"
"28,10800";"5,08843";"0,30601"
"28,11800";"5,10342";"0,30925"
"28,12800";"5,11830";"0,31038"
"28,13800";"5,13317";"0,30398"
"28,14800";"5,14817";"0,29393"
"28,15800";"5,16316";"0,29051"
"28,16800";"5,17827";"0,28741"
"28,17800";"5,19326";"0,29089"
"28,18800";"5,20814";"0,29302"
"28,19800";"5,22301";"0,30120"
"28,20800";"5,23789";"0,30817"
"28,21800";"5,25276";"0,31363"
"28,22800";"5,26776";"0,31603"
"28,23800";"5,28287";"0,31759"
"28,24800";"5,29786";"0,31859"
"28,25800";"5,31285";"0,31722"
"28,26800";"5,32785";"0,31265"
"28,27800";"5,34296";"0,30992"
"28,28800";"5,35807";"0,30933"
"28,29800";"5,37306";"0,31887"
"28,30800";"5,38817";"0,32183"
"28,31800";"5,40317";"0,32399"
"28,32800";"5,41828";"0,31846"
"28,33800";"5,43327";"0,31441"
"28,34800";"5,44826";"0,31391"
"28,35800";"5,46326";"0,31437"
"28,36800";"5,47813";"0,31506"
"28,37800";"5,49312";"0,31553"
"28,38800";"5,50812";"0,31755"
"28,39800";"5,52311";"0,32461"
"28,40800";"5,53810";"0,32923"
"28,41800";"5,55310";"0,32849"
"28,42800";"5,56809";"0,32825"
"28,43800";"5,58308";"0,32095"
"28,44800";"5,59796";"0,31431"
"28,45800";"5,61295";"0,31296"
"28,46800";"5,62806";"0,30831"
"28,47800";"5,64306";"0,30207"
"28,48800";"5,65793";"0,30317"
"28,49800";"5,67304";"0,30549"
"28,50800";"5,68804";"0,30693"
"28,51800";"5,70303";"0,30859"
"28,52800";"5,71802";"0,31268"
"28,53800";"5,73301";"0,31501"
"28,54800";"5,74801";"0,31628"
"28,55800";"5,76312";"0,31758"
"28,56800";"5,77811";"0,31465"
"28,57800";"5,79310";"0,31408"
"28,58800";"5,80822";"0,31028"
"28,59800";"5,82321";"0,31416"
"28,60800";"5,83808";"0,32231"
"28,61800";"5,85308";"0,32973"
"28,62800";"5,86819";"0,33090"
"28,63800";"5,88318";"0,32802"
"28,64800";"5,89817";"0,32560"
"28,65800";"5,91305";"0,32807"
"28,66800";"5,92816";"0,32508"
"28,67800";"5,94303";"0,31783"
"28,68800";"5,95803";"0,31684"
"28,69800";"5,97302";"0,31520"
"28,70800";"5,98813";"0,31158"
"28,71800";"6,00312";"0,30864"
"28,72800";"6,01824";"0,30914"
"28,73800";"6,03311";"0,31587"
"28,74800";"6,04810";"0,31911"
"28,75800";"6,06310";"0,31605"
"28,76800";"6,07809";"0,30821"
"28,77800";"6,09297";"0,30069"
"28,78800";"6,10796";"0,29879"
"28,79800";"6,12283";"0,30340"
"28,80800";"6,13783";"0,30565"
"28,81800";"6,15282";"0,30198"
"28,82800";"6,16781";"0,30403"
"28,83800";"6,18281";"0,30970"
"28,84800";"6,19792";"0,30798"
"28,85800";"6,21303";"0,30283"
"28,86800";"6,22814";"0,30286"
"28,87800";"6,24325";"0,30066"
"28,88800";"6,25824";"0,30701"
"28,89800";"6,27324";"0,31332"
"28,90800";"6,28811";"0,32129"
"28,91800";"6,30310";"0,32752"
"28,92800";"6,31810";"0,32992"
"28,93800";"6,33321";"0,32612"
"28,94800";"6,34820";"0,31984"
"28,95800";"6,36308";"0,31837"
"28,96800";"6,37807";"0,31134"
"28,97800";"6,39306";"0,31130"
"28,98800";"6,40806";"0,31497"
"28,99800";"6,42293";"0,31337"
"29,00800";"6,43792";"0,30905"
"29,01800";"6,45303";"0,31292"
"29,02800";"6,46803";"0,31905"
"29,03800";"6,48302";"0,32459"
"29,04800";"6,49790";"0,32353"
"29,05800";"6,51289";"0,32759"
"29,06800";"6,52788";"0,32523"
"29,07800";"6,54276";"0,31828"
"29,08800";"6,55775";"0,31177"
"29,09800";"6,57274";"0,31335"
"29,10800";"6,58785";"0,31074"
"29,11800";"6,60285";"0,30763"
"29,12800";"6,61784";"0,30876"
"29,13800";"6,63295";"0,30349"
"29,14800";"6,64794";"0,29475"
"29,15800";"6,66282";"0,29320"
"29,16800";"6,67793";"0,29784"
"29,17800";"6,69292";"0,30254"
"29,18800";"6,70792";"0,30894"
"29,19800";"6,72303";"0,31875"
"29,20800";"6,73790";"0,32116"
"29,21800";"6,75290";"0,31879"
"29,22800";"6,76801";"0,32091"
"29,23800";"6,78300";"0,32559"
"29,24800";"6,79799";"0,32622"
"29,25800";"6,81299";"0,31787"
"29,26800";"6,82798";"0,30507"
"29,27800";"6,84297";"0,29943"
"29,28800";"6,85796";"0,30356"
"29,29800";"6,87296";"0,30945"
"29,30800";"6,88795";"0,30975"
"29,31800";"6,90294";"0,31118"
"29,32800";"6,91806";"0,30934"
"29,33800";"6,93305";"0,31353"
"29,34800";"6,94804";"0,31590"
"29,35800";"6,96303";"0,32513"
"29,36800";"6,97803";"0,33127"
"29,37800";"6,99302";"0,32723"
"29,38800";"7,00790";"0,31718"
"29,39800";"7,02277";"0,31465"
"29,40800";"7,03776";"0,30996"
"29,41800";"7,05288";"0,30648"
"29,42800";"7,06787";"0,31402"
"29,43800";"7,08298";"0,31957"
"29,44800";"7,09797";"0,32552"
"29,45800";"7,11308";"0,32303"
"29,46800";"7,12796";"0,32080"
"29,47800";"7,14295";"0,31761"
"29,48800";"7,15794";"0,31596"
"29,49800";"7,17306";"0,32209"
"29,50800";"7,18805";"0,32727"
"29,51800";"7,20304";"0,33158"
"29,52800";"7,21815";"0,33089"
"29,53800";"7,23315";"0,32970"
"29,54800";"7,24802";"0,33239"
"29,55800";"7,26301";"0,33214"
"29,56800";"7,27813";"0,32990"
"29,57800";"7,29312";"0,31969"
"29,58800";"7,30811";"0,30986"
"29,59800";"7,32310";"0,30477"
"29,60800";"7,33810";"0,31142"
"29,61800";"7,35309";"0,31158"
"29,62800";"7,36797";"0,31771"
"29,63800";"7,38296";"0,32448"
"29,64800";"7,39807";"0,32577"
"29,65800";"7,41306";"0,32875"
"29,66800";"7,42806";"0,32381"
"29,67800";"7,44305";"0,31468"
"29,68800";"7,45804";"0,30889"
"29,69800";"7,47303";"0,30685"
"29,70800";"7,48791";"0,31313"
"29,71800";"7,50290";"0,32042"
"29,72800";"7,51801";"0,32771"
"29,73800";"7,53301";"0,32682"
"29,74800";"7,54800";"0,32737"
"29,75800";"7,56299";"0,32454"
"29,76800";"7,57799";"0,31988"
"29,77800";"7,59298";"0,32224"
"29,78800";"7,60785";"0,32280"
"29,79800";"7,62285";"0,32349"
"29,80800";"7,63784";"0,31921"
"29,81800";"7,65295";"0,31825"
"29,82800";"7,66794";"0,31760"
"29,83800";"7,68306";"0,31960"
"29,84800";"7,69793";"0,32754"
"29,85800";"7,71292";"0,32926"
"29,86800";"7,72780";"0,32917"
"29,87800";"7,74291";"0,33040"
"29,88800";"7,75790";"0,32941"
"29,89800";"7,77290";"0,32653"
"29,90800";"7,78777";"0,32648"
"29,91800";"7,80276";"0,32888"
"29,92800";"7,81776";"0,32723"
"29,93800";"7,83263";"0,32944"
"29,94800";"7,84762";"0,33068"
"29,95800";"7,86274";"0,32863"
"29,96800";"7,87785";"0,32084"
"29,97800";"7,89284";"0,31078"
"29,98800";"7,90795";"0,30987"
"29,99800";"7,92294";"0,30882"
"30,00800";"7,93794";"0,31414"
"30,01800";"7,95281";"0,32049"
"30,02800";"7,96781";"0,32360"
"30,03800";"7,98292";"0,32688"
"30,04800";"7,99791";"0,32666"
"30,05800";"8,01290";"0,33536"
"30,06800";"8,02813";"0,33931"
"30,07800";"8,04313";"0,33410"
"30,08800";"8,05812";"0,32904"
"30,09800";"8,07311";"0,33019"
"30,10800";"8,08799";"0,32885"
"30,11800";"8,10298";"0,33271"
"30,12800";"8,11797";"0,33373"
"30,13800";"8,13297";"0,33887"
"30,14800";"8,14796";"0,34082"
"30,15800";"8,16295";"0,34396"
"30,16800";"8,17806";"0,33945"
"30,17800";"8,19306";"0,32828"
"30,18800";"8,20805";"0,31587"
"30,19800";"8,22304";"0,30789"
"30,20800";"8,23815";"0,30461"
"30,21800";"8,25315";"0,30213"
"30,22800";"8,26814";"0,29988"
"30,23800";"8,28313";"0,30065"
"30,24800";"8,29813";"0,30891"
"30,25800";"8,31312";"0,32363"
"30,26800";"8,32823";"0,33661"
"30,27800";"8,34322";"0,33708"
"30,28800";"8,35833";"0,33581"
"30,29800";"8,37333";"0,33719"
"30,30800";"8,38820";"0,33126"
"30,31800";"8,40296";"0,33062"
"30,32800";"8,41795";"0,33140"
"30,33800";"8,43283";"0,33328"
"30,34800";"8,44782";"0,33948"
"30,35800";"8,46281";"0,34821"
"30,36800";"8,47792";"0,34785"
"30,37800";"8,49304";"0,34723"
"30,38800";"8,50803";"0,34815"
"30,39800";"8,52302";"0,35108"
"30,40800";"8,53790";"0,35030"
"30,41800";"8,55289";"0,35471"
"30,42800";"8,56788";"0,35425"
"30,43800";"8,58299";"0,34785"
"30,44800";"8,59799";"0,33406"
"30,45800";"8,61322";"0,33149"
"30,46800";"8,62821";"0,32858"
"30,47800";"8,64320";"0,32522"
"30,48800";"8,65808";"0,33055"
"30,49800";"8,67295";"0,32601"
"30,50800";"8,68806";"0,32677"
"30,51800";"8,70306";"0,32642"
"30,52800";"8,71805";"0,32826"
"30,53800";"8,73304";"0,33278"
"30,54800";"8,74803";"0,33220"
"30,55800";"8,76303";"0,32978"
"30,56800";"8,77790";"0,33411"
"30,57800";"8,79290";"0,33820"
"30,58800";"8,80789";"0,33642"
"30,59800";"8,82300";"0,34142"
"30,60800";"8,83799";"0,34353"
"30,61800";"8,85287";"0,33672"
"30,62800";"8,86786";"0,33221"
"30,63800";"8,88297";"0,32476"
"30,64800";"8,89785";"0,32643"
"30,65800";"8,91272";"0,33337"
"30,66800";"8,92783";"0,33244"
"30,67800";"8,94283";"0,32571"
"30,68800";"8,95782";"0,31727"
"30,69800";"8,97281";"0,32413"
"30,70800";"8,98780";"0,33005"
"30,71800";"9,00280";"0,33760"
"30,72800";"9,01779";"0,34181"
"30,73800";"9,03267";"0,34289"
"30,74800";"9,04778";"0,34059"
"30,75800";"9,06289";"0,33267"
"30,76800";"9,07800";"0,33470"
"30,77800";"9,09299";"0,33566"
"30,78800";"9,10810";"0,33731"
"30,79800";"9,12310";"0,33127"
"30,80800";"9,13809";"0,32534"
"30,81800";"9,15308";"0,32749"
"30,82800";"9,16808";"0,32964"
"30,83800";"9,18307";"0,32458"
"30,84800";"9,19818";"0,31944"
"30,85800";"9,21329";"0,31585"
"30,86800";"9,22829";"0,31918"
"30,87800";"9,24328";"0,32786"
"30,88800";"9,25815";"0,33839"
"30,89800";"9,27315";"0,33740"
"30,90800";"9,28814";"0,33419"
"30,91800";"9,30313";"0,33463"
"30,92800";"9,31813";"0,32539"
"30,93800";"9,33312";"0,32597"
"30,94800";"9,34811";"0,33609"
"30,95800";"9,36310";"0,33982"
"30,96800";"9,37810";"0,33123"
"30,97800";"9,39309";"0,32037"
"30,98800";"9,40808";"0,32862"
"30,99800";"9,42308";"0,33691"
"31,00800";"9,43819";"0,34167"
"31,01800";"9,45318";"0,34351"
"31,02800";"9,46817";"0,34089"
"31,03800";"9,48305";"0,33644"
"31,04800";"9,49804";"0,33055"
"31,05800";"9,51315";"0,32847"
"31,06800";"9,52803";"0,32970"
"31,07800";"9,54302";"0,33471"
"31,08800";"9,55813";"0,33230"
"31,09800";"9,57312";"0,32964"
"31,10800";"9,58812";"0,32513"
"31,11800";"9,60299";"0,32582"
"31,12800";"9,61799";"0,32438"
"31,13800";"9,63298";"0,32668"
"31,14800";"9,64797";"0,32803"
"31,15800";"9,66297";"0,31828"
"31,16800";"9,67784";"0,31521"
"31,17800";"9,69295";"0,31916"
"31,18800";"9,70794";"0,32694"
"31,19800";"9,72294";"0,33299"
"31,20800";"9,73793";"0,32818"
"31,21800";"9,75304";"0,32388"
"31,22800";"9,76803";"0,32692"
"31,23800";"9,78303";"0,33010"
"31,24800";"9,79802";"0,32883"
"31,25800";"9,81301";"0,32471"
"31,26800";"9,82801";"0,32169"
"31,27800";"9,84288";"0,32285"
"31,28800";"9,85776";"0,32419"
"31,29800";"9,87287";"0,33057"
"31,30800";"9,88798";"0,33373"
"31,31800";"9,90297";"0,33766"
"31,32800";"9,91808";"0,33744"
"31,33800";"9,93308";"0,33581"
"31,34800";"9,94807";"0,33624"
"31,35800";"9,96294";"0,33267"
"31,36800";"9,97794";"0,32849"
"31,37800";"9,99293";"0,32898"
"31,38800";"10,00804";"0,33227"
"31,39800";"10,02304";"0,33483"
"31,40800";"10,03803";"0,33693"
"31,41800";"10,05302";"0,33912"
"31,42800";"10,06801";"0,34648"
"31,43800";"10,08301";"0,34565"
"31,44800";"10,09788";"0,34246"
"31,45800";"10,11299";"0,33900"
"31,46800";"10,12799";"0,33092"
"31,47800";"10,14310";"0,32824"
"31,48800";"10,15809";"0,32643"
"31,49800";"10,17308";"0,32954"
"31,50800";"10,18820";"0,33865"
"31,51800";"10,20319";"0,34668"
"31,52800";"10,21818";"0,34904"
"31,53800";"10,23329";"0,34523"
"31,54800";"10,24828";"0,34507"
"31,55800";"10,26328";"0,34716"
"31,56800";"10,27827";"0,34642"
"31,57800";"10,29315";"0,34218"
"31,58800";"10,30814";"0,33712"
"31,59800";"10,32313";"0,32748"
"31,60800";"10,33813";"0,32981"
"31,61800";"10,35312";"0,33451"
"31,62800";"10,36823";"0,33190"
"31,63800";"10,38322";"0,33286"
"31,64800";"10,39833";"0,33071"
"31,65800";"10,41321";"0,33186"
"31,66800";"10,42820";"0,33442"
"31,67800";"10,44308";"0,34177"
"31,68800";"10,45819";"0,34629"
"31,69800";"10,47318";"0,35193"
"31,70800";"10,48817";"0,34843"
"31,71800";"10,50328";"0,34156"
"31,72800";"10,51828";"0,33528"
"31,73800";"10,53315";"0,33334"
"31,74800";"10,54803";"0,32779"
"31,75800";"10,56290";"0,32950"
"31,76800";"10,57790";"0,33672"
"31,77800";"10,59289";"0,34130"
"31,78800";"10,60788";"0,34294"
"31,79800";"10,62288";"0,34401"
"31,80800";"10,63787";"0,33881"
"31,81800";"10,65286";"0,33267"
"31,82800";"10,66785";"0,33207"
"31,83800";"10,68297";"0,33653"
"31,84800";"10,69796";"0,33916"
"31,85800";"10,71295";"0,34509"
"31,86800";"10,72794";"0,34144"
"31,87800";"10,74294";"0,33814"
"31,88800";"10,75781";"0,33946"
"31,89800";"10,77292";"0,34831"
"31,90800";"10,78780";"0,34757"
"31,91800";"10,80267";"0,34427"
"31,92800";"10,81779";"0,33800"
"31,93800";"10,83290";"0,33621"
"31,94800";"10,84789";"0,34087"
"31,95800";"10,86300";"0,34631"
"31,96800";"10,87799";"0,35178"
"31,97800";"10,89299";"0,34590"
"31,98800";"10,90786";"0,33729"
"31,99800";"10,92285";"0,32883"
"32,00800";"10,93797";"0,32945"
"32,01800";"10,95296";"0,33547"
"32,02800";"10,96807";"0,35038"
"32,03800";"10,98306";"0,35845"
"32,04800";"10,99806";"0,35308"
"32,05800";"11,01305";"0,34523"
"32,06800";"11,02792";"0,33520"
"32,07800";"11,04292";"0,33200"
"32,08800";"11,05803";"0,32779"
"32,09800";"11,07302";"0,32097"
"32,10800";"11,08801";"0,31926"
"32,11800";"11,10289";"0,31993"
"32,12800";"11,11788";"0,32128"
"32,13800";"11,13299";"0,33137"
"32,14800";"11,14787";"0,34129"
"32,15800";"11,16298";"0,34530"
"32,16800";"11,17797";"0,34797"
"32,17800";"11,19308";"0,34136"
"32,18800";"11,20808";"0,32928"
"32,19800";"11,22307";"0,32791"
"32,20800";"11,23794";"0,32936"
"32,21800";"11,25306";"0,32785"
"32,22800";"11,26793";"0,33245"
"32,23800";"11,28304";"0,33728"
"32,24800";"11,29803";"0,34023"
"32,25800";"11,31303";"0,33864"
"32,26800";"11,32802";"0,34320"
"32,27800";"11,34301";"0,35324"
"32,28800";"11,35801";"0,36048"
"32,29800";"11,37288";"0,35892"
"32,30800";"11,38788";"0,35792"
"32,31800";"11,40298";"0,36026"
"32,32800";"11,41810";"0,35801"
"32,33800";"11,43309";"0,35146"
"32,34800";"11,44820";"0,34560"
"32,35800";"11,46319";"0,34047"
"32,36800";"11,47807";"0,34158"
"32,37800";"11,49306";"0,34197"
"32,38800";"11,50806";"0,34137"
"32,39800";"11,52305";"0,34730"
"32,40800";"11,53816";"0,35396"
"32,41800";"11,55315";"0,35749"
"32,42800";"11,56815";"0,36041"
"32,43800";"11,58326";"0,36187"
"32,44800";"11,59825";"0,35646"
"32,45800";"11,61312";"0,34818"
"32,46800";"11,62812";"0,33853"
"32,47800";"11,64311";"0,34222"
"32,48800";"11,65810";"0,34014"
"32,49800";"11,67310";"0,33000"
"32,50800";"11,68797";"0,32801"
"32,51800";"11,70296";"0,33400"
"32,52800";"11,71796";"0,33949"
"32,53800";"11,73295";"0,33873"
"32,54800";"11,74794";"0,34121"
"32,55800";"11,76306";"0,34524"
"32,56800";"11,77805";"0,35339"
"32,57800";"11,79304";"0,34943"
"32,58800";"11,80803";"0,34499"
"32,59800";"11,82291";"0,34863"
"32,60800";"11,83790";"0,34895"
"32,61800";"11,85290";"0,34744"
"32,62800";"11,86789";"0,34983"
"32,63800";"11,88288";"0,34743"
"32,64800";"11,89799";"0,35166"
"32,65800";"11,91299";"0,35560"
"32,66800";"11,92798";"0,35124"
"32,67800";"11,94309";"0,35405"
"32,68800";"11,95808";"0,35326"
"32,69800";"11,97296";"0,35373"
"32,70800";"11,98795";"0,35229"
"32,71800";"12,00294";"0,34898"
"32,72800";"12,01806";"0,34950"
"32,73800";"12,03293";"0,36056"
"32,74800";"12,04792";"0,37080"
"32,75800";"12,06304";"0,37446"
"32,76800";"12,07803";"0,36785"
"32,77800";"12,09302";"0,35922"
"32,78800";"12,10801";"0,35989"
"32,79800";"12,12301";"0,36278"
"32,80800";"12,13800";"0,35992"
"32,81800";"12,15299";"0,36108"
"32,82800";"12,16787";"0,36200"
"32,83800";"12,18286";"0,36375"
"32,84800";"12,19774";"0,37636"
"32,85800";"12,21273";"0,38191"
"32,86800";"12,22772";"0,37373"
"32,87800";"12,24283";"0,36521"
"32,88800";"12,25795";"0,36255"
"32,89800";"12,27294";"0,36032"
"32,90800";"12,28793";"0,36651"
"32,91800";"12,30280";"0,36943"
"32,92800";"12,31780";"0,37198"
"32,93800";"12,33267";"0,37827"
"32,94800";"12,34778";"0,38255"
"32,95800";"12,36278";"0,37792"
"32,96800";"12,37789";"0,37182"
"32,97800";"12,39300";"0,37237"
"32,98800";"12,40811";"0,37495"
"32,99800";"12,42310";"0,37898"
"33,00800";"12,43810";"0,38242"
"33,01800";"12,45309";"0,38485"
"33,02800";"12,46808";"0,38593"
"33,03800";"12,48308";"0,37687"
"33,04800";"12,49807";"0,36510"
"33,05800";"12,51306";"0,36192"
"33,06800";"12,52805";"0,36567"
"33,07800";"12,54305";"0,36958"
"33,08800";"12,55792";"0,36879"
"33,09800";"12,57292";"0,36551"
"33,10800";"12,58791";"0,36995"
"33,11800";"12,60290";"0,37548"
"33,12800";"12,61790";"0,37485"
"33,13800";"12,63289";"0,37567"
"33,14800";"12,64776";"0,38186"
"33,15800";"12,66276";"0,38587"
"33,16800";"12,67775";"0,38783"
"33,17800";"12,69286";"0,39497"
"33,18800";"12,70797";"0,39629"
"33,19800";"12,72308";"0,38952"
"33,20800";"12,73819";"0,38457"
"33,21800";"12,75331";"0,38780"
"33,22800";"12,76830";"0,39158"
"33,23800";"12,78329";"0,38967"
"33,24800";"12,79817";"0,37721"
"33,25800";"12,81316";"0,37548"
"33,26800";"12,82815";"0,38702"
"33,27800";"12,84315";"0,39306"
"33,28800";"12,85802";"0,39326"
"33,29800";"12,87313";"0,38929"
"33,30800";"12,88813";"0,38460"
"33,31800";"12,90300";"0,38003"
"33,32800";"12,91787";"0,37899"
"33,33800";"12,93287";"0,37393"
"33,34800";"12,94786";"0,37252"
"33,35800";"12,96285";"0,38102"
"33,36800";"12,97773";"0,39274"
"33,37800";"12,99272";"0,40248"
"33,38800";"13,00795";"0,40827"
"33,39800";"13,02294";"0,41423"
"33,40800";"13,03794";"0,41071"
"33,41800";"13,05293";"0,40377"
"33,42800";"13,06804";"0,40147"
"33,43800";"13,08315";"0,40197"
"33,44800";"13,09814";"0,41273"
"33,45800";"13,11314";"0,41760"
"33,46800";"13,12813";"0,41937"
"33,47800";"13,14301";"0,41579"
"33,48800";"13,15776";"0,40968"
"33,49800";"13,17276";"0,40305"
"33,50800";"13,18787";"0,40052"
"33,51800";"13,20286";"0,40428"
"33,52800";"13,21797";"0,40737"
"33,53800";"13,23297";"0,40659"
"33,54800";"13,24796";"0,41064"
"33,55800";"13,26283";"0,41629"
"33,56800";"13,27771";"0,41528"
"33,57800";"13,29270";"0,41239"
"33,58800";"13,30781";"0,41180"
"33,59800";"13,32292";"0,41112"
"33,60800";"13,33792";"0,41908"
"33,61800";"13,35303";"0,42626"
"33,62800";"13,36802";"0,43001"
"33,63800";"13,38301";"0,42200"
"33,64800";"13,39789";"0,42752"
"33,65800";"13,41288";"0,43259"
"33,66800";"13,42799";"0,43355"
"33,67800";"13,44299";"0,42551"
"33,68800";"13,45798";"0,41841"
"33,69800";"13,47297";"0,41998"
"33,70800";"13,48808";"0,42772"
"33,71800";"13,50308";"0,42764"
"33,72800";"13,51807";"0,42396"
"33,73800";"13,53306";"0,42531"
"33,74800";"13,54794";"0,42566"
"33,75800";"13,56305";"0,42306"
"33,76800";"13,57804";"0,43180"
"33,77800";"13,59303";"0,44007"
"33,78800";"13,60791";"0,44303"
"33,79800";"13,62290";"0,44786"
"33,80800";"13,63790";"0,44923"
"33,81800";"13,65301";"0,45020"
"33,82800";"13,66812";"0,44165"
"33,83800";"13,68311";"0,43391"
"33,84800";"13,69810";"0,43143"
"33,85800";"13,71321";"0,43093"
"33,86800";"13,72809";"0,43693"
"33,87800";"13,74296";"0,43235"
"33,88800";"13,75796";"0,42615"
"33,89800";"13,77295";"0,42790"
"33,90800";"13,78794";"0,43186"
"33,91800";"13,80306";"0,43926"
"33,92800";"13,81817";"0,44842"
"33,93800";"13,83316";"0,45303"
"33,94800";"13,84815";"0,44725"
"33,95800";"13,86315";"0,43808"
"33,96800";"13,87814";"0,43433"
"33,97800";"13,89325";"0,43977"
"33,98800";"13,90813";"0,43795"
"33,99800";"13,92312";"0,44218"
"34,00800";"13,93811";"0,44310"
"34,01800";"13,95310";"0,43709"
"34,02800";"13,96810";"0,43857"
"34,03800";"13,98309";"0,43705"
"34,04800";"13,99808";"0,44039"
"34,05800";"14,01319";"0,44859"
"34,06800";"14,02807";"0,45285"
"34,07800";"14,04306";"0,45338"
"34,08800";"14,05805";"0,45027"
"34,09800";"14,07305";"0,45215"
"34,10800";"14,08781";"0,46400"
"34,11800";"14,10280";"0,46798"
"34,12800";"14,11779";"0,47144"
"34,13800";"14,13290";"0,47200"
"34,14800";"14,14790";"0,47503"
"34,15800";"14,16301";"0,48505"
"34,16800";"14,17800";"0,49157"
"34,17800";"14,19311";"0,49113"
"34,18800";"14,20799";"0,48704"
"34,19800";"14,22298";"0,47965"
"34,20800";"14,23809";"0,48020"
"34,21800";"14,25320";"0,48015"
"34,22800";"14,26819";"0,47819"
"34,23800";"14,28331";"0,47839"
"34,24800";"14,29830";"0,48074"
"34,25800";"14,31329";"0,48006"
"34,26800";"14,32817";"0,48358"
"34,27800";"14,34304";"0,49391"
"34,28800";"14,35803";"0,50510"
"34,29800";"14,37303";"0,51371"
"34,30800";"14,38790";"0,51970"
"34,31800";"14,40289";"0,52170"
"34,32800";"14,41801";"0,52503"
"34,33800";"14,43312";"0,52528"
"34,34800";"14,44799";"0,53496"
"34,35800";"14,46287";"0,53982"
"34,36800";"14,47798";"0,53982"
"34,37800";"14,49297";"0,54435"
"34,38800";"14,50808";"0,54984"
"34,39800";"14,52308";"0,54825"
"34,40800";"14,53819";"0,54337"
"34,41800";"14,55318";"0,54336"
"34,42800";"14,56817";"0,54129"
"34,43800";"14,58305";"0,54078"
"34,44800";"14,59804";"0,54944"
"34,45800";"14,61315";"0,55642"
"34,46800";"14,62826";"0,55936"
"34,47800";"14,64326";"0,56458"
"34,48800";"14,65825";"0,57691"
"34,49800";"14,67313";"0,58568"
"34,50800";"14,68800";"0,58811"
"34,51800";"14,70299";"0,58691"
"34,52800";"14,71799";"0,58770"
"34,53800";"14,73310";"0,59382"
"34,54800";"14,74821";"0,59998"
"34,55800";"14,76320";"0,60743"
"34,56800";"14,77820";"0,61861"
"34,57800";"14,79319";"0,62413"
"34,58800";"14,80818";"0,62923"
"34,59800";"14,82317";"0,63620"
"34,60800";"14,83817";"0,64333"
"34,61800";"14,85304";"0,64360"
"34,62800";"14,86792";"0,64725"
"34,63800";"14,88291";"0,64425"
"34,64800";"14,89790";"0,64633"
"34,65800";"14,91290";"0,65527"
"34,66800";"14,92789";"0,66581"
"34,67800";"14,94288";"0,67820"
"34,68800";"14,95788";"0,68579"
"34,69800";"14,97299";"0,69260"
"34,70800";"14,98798";"0,69504"
"34,71800";"15,00297";"0,69968"
"34,72800";"15,01808";"0,70292"
"34,73800";"15,03296";"0,71185"
"34,74800";"15,04807";"0,72344"
"34,75800";"15,06306";"0,72611"
"34,76800";"15,07817";"0,73268"
"34,77800";"15,09328";"0,73729"
"34,78800";"15,10840";"0,73814"
"34,79800";"15,12327";"0,74988"
"34,80800";"15,13826";"0,76696"
"34,81800";"15,15302";"0,77968"
"34,82800";"15,16790";"0,78407"
"34,83800";"15,18289";"0,78593"
"34,84800";"15,19788";"0,78584"
"34,85800";"15,21299";"0,79599"
"34,86800";"15,22787";"0,80986"
"34,87800";"15,24286";"0,81775"
"34,88800";"15,25785";"0,82795"
"34,89800";"15,27273";"0,83818"
"34,90800";"15,28772";"0,85671"
"34,91800";"15,30272";"0,87329"
"34,92800";"15,31783";"0,88986"
"34,93800";"15,33282";"0,90153"
"34,94800";"15,34781";"0,91407"
"34,95800";"15,36280";"0,92634"
"34,96800";"15,37780";"0,94061"
"34,97800";"15,39279";"0,94968"
"34,98800";"15,40778";"0,96971"
"34,99800";"15,42290";"0,98246"
"35,00800";"15,43801";"0,98430"
"35,01800";"15,45312";"0,98506"
"35,02800";"15,46811";"0,99196"
"35,03800";"15,48322";"1,01272"
"35,04800";"15,49821";"1,03421"
"35,05800";"15,51309";"1,04386"
"35,06800";"15,52808";"1,05394"
"35,07800";"15,54308";"1,07239"
"35,08800";"15,55819";"1,08827"
"35,09800";"15,57318";"1,10329"
"35,10800";"15,58817";"1,11895"
"35,11800";"15,60317";"1,14509"
"35,12800";"15,61804";"1,17217"
"35,13800";"15,63304";"1,20001"
"35,14800";"15,64803";"1,21736"
"35,15800";"15,66302";"1,23389"
"35,16800";"15,67813";"1,25715"
"35,17800";"15,69324";"1,28162"
"35,18800";"15,70812";"1,30961"
"35,19800";"15,72311";"1,33361"
"35,20800";"15,73799";"1,35336"
"35,21800";"15,75286";"1,37320"
"35,22800";"15,76785";"1,39461"
"35,23800";"15,78273";"1,40809"
"35,24800";"15,79772";"1,42415"
"35,25800";"15,81272";"1,44044"
"35,26800";"15,82783";"1,46765"
"35,27800";"15,84294";"1,48797"
"35,28800";"15,85793";"1,50516"
"35,29800";"15,87281";"1,52475"
"35,30800";"15,88803";"1,55170"
"35,31800";"15,90315";"1,58420"
"35,32800";"15,91826";"1,61214"
"35,33800";"15,93337";"1,64108"
"35,34800";"15,94836";"1,66439"
"35,35800";"15,96324";"1,69386"
"35,36800";"15,97823";"1,72417"
"35,37800";"15,99310";"1,75006"
"35,38800";"16,00810";"1,77923"
"35,39800";"16,02309";"1,81330"
"35,40800";"16,03808";"1,86098"
"35,41800";"16,05308";"1,90380"
"35,42800";"16,06807";"1,94244"
"35,43800";"16,08306";"1,97246"
"35,44800";"16,09794";"2,00459"
"35,45800";"16,11281";"2,03970"
"35,46800";"16,12792";"2,08073"
"35,47800";"16,14292";"2,12005"
"35,48800";"16,15791";"2,15686"
"35,49800";"16,17290";"2,20287"
"35,50800";"16,18790";"2,25313"
"35,51800";"16,20289";"2,30255"
"35,52800";"16,21776";"2,35008"
"35,53800";"16,23276";"2,39572"
"35,54800";"16,24775";"2,44451"
"35,55800";"16,26274";"2,48973"
"35,56800";"16,27785";"2,53618"
"35,57800";"16,29285";"2,58848"
"35,58800";"16,30796";"2,64212"
"35,59800";"16,32307";"2,69380"
"35,60800";"16,33818";"2,75250"
"35,61800";"16,35329";"2,81092"
"35,62800";"16,36840";"2,87050"
"35,63800";"16,38340";"2,93704"
"35,64800";"16,39839";"3,00931"
"35,65800";"16,41326";"3,08043"
"35,66800";"16,42814";"3,14547"
"35,67800";"16,44313";"3,21838"
"35,68800";"16,45801";"3,29680"
"35,69800";"16,47288";"3,37349"
"35,70800";"16,48799";"3,45299"
"35,71800";"16,50299";"3,53255"
"35,72800";"16,51798";"3,60913"
"35,73800";"16,53297";"3,68782"
"35,74800";"16,54797";"3,76356"
"35,75800";"16,56284";"3,84251"
"35,76800";"16,57784";"3,92913"
"35,77800";"16,59271";"4,01089"
"35,78800";"16,60782";"4,10133"
"35,79800";"16,62293";"4,19620"
"35,80800";"16,63792";"4,29579"
"35,81800";"16,65292";"4,40172"
"35,82800";"16,66803";"4,50589"
"35,83800";"16,68290";"4,62082"
"35,84800";"16,69790";"4,73424"
"35,85800";"16,71289";"4,85964"
"35,86800";"16,72788";"4,97590"
"35,87800";"16,74287";"5,09642"
"35,88800";"16,75787";"5,21977"
"35,89800";"16,77286";"5,34774"
"35,90800";"16,78797";"5,47753"
"35,91800";"16,80297";"5,61243"
"35,92800";"16,81796";"5,75427"
"35,93800";"16,83307";"5,90225"
"35,94800";"16,84806";"6,04918"
"35,95800";"16,86317";"6,19862"
"35,96800";"16,87817";"6,35686"
"35,97800";"16,89316";"6,51843"
"35,98800";"16,90804";"6,68629"
"35,99800";"16,92303";"6,86161"
"36,00800";"16,93802";"7,04351"
"36,01800";"16,95313";"7,23034"
"36,02800";"16,96812";"7,41888"
"36,03800";"16,98312";"7,61063"
"36,04800";"16,99811";"7,81777"
"36,05800";"17,01311";"8,04134"
"36,06800";"17,02810";"8,27367"
"36,07800";"17,04285";"8,51093"
"36,08800";"17,05773";"8,75655"
"36,09800";"17,07272";"9,00608"
"36,10800";"17,08772";"9,26784"
"36,11800";"17,10259";"9,53104"
"36,12800";"17,11758";"9,80237"
"36,13800";"17,13258";"10,09194"
"36,14800";"17,14769";"10,40125"
"36,15800";"17,16268";"10,71247"
"36,16800";"17,17768";"11,02329"
"36,17800";"17,19279";"11,34617"
"36,18800";"17,20801";"11,68422"
"36,19800";"17,22313";"12,04274"
"36,20800";"17,23824";"12,41616"
"36,21800";"17,25335";"12,80099"
"36,22800";"17,26834";"13,20217"
"36,23800";"17,28322";"13,61589"
"36,24800";"17,29809";"14,04372"
"36,25800";"17,31308";"14,47579"
"36,26800";"17,32796";"14,92377"
"36,27800";"17,34295";"15,39253"
"36,28800";"17,35794";"15,87737"
"36,29800";"17,37282";"16,38087"
"36,30800";"17,38781";"16,91251"
"36,31800";"17,40281";"17,46941"
"36,32800";"17,41780";"18,05106"
"36,33800";"17,43291";"18,66282"
"36,34800";"17,44802";"19,28975"
"36,35800";"17,46301";"19,92698"
"36,36800";"17,47801";"20,57341"
"36,37800";"17,49288";"21,24617"
"36,38800";"17,50764";"21,94681"
"36,39800";"17,52251";"22,66538"
"36,40800";"17,53739";"23,43145"
"36,41800";"17,55238";"24,24472"
"36,42800";"17,56749";"25,08132"
"36,43800";"17,58261";"25,95167"
"36,44800";"17,59760";"26,87186"
"36,45800";"17,61259";"27,84326"
"36,46800";"17,62782";"28,85373"
"36,47800";"17,64293";"29,90288"
"36,48800";"17,65804";"30,98812"
"36,49800";"17,67315";"32,12571"
"36,50800";"17,68826";"33,31277"
"36,51800";"17,70326";"34,55743"
"36,52800";"17,71825";"35,87043"
"36,53800";"17,73324";"37,26216"
"36,54800";"17,74824";"38,73488"
"36,55800";"17,76323";"40,30820"
"36,56800";"17,77834";"41,99653"
"36,57800";"17,79322";"43,82642"
"36,58800";"17,80821";"45,82829"
"36,59800";"17,82320";"48,00162"
"36,60800";"17,83820";"50,32286"
"36,61800";"17,85307";"52,74425"
"36,62800";"17,86794";"55,14231"
"36,63800";"17,88282";"57,41993"
"36,64800";"17,89781";"59,63857"
"36,65800";"17,91292";"61,93330"
"36,66800";"17,92780";"64,43026"
"36,67800";"17,94255";"67,16905"
"36,68800";"17,95743";"70,13590"
"36,69800";"17,97243";"73,32453"
"36,70800";"17,98730";"76,74463"
"36,71800";"18,00241";"80,35796"
"36,72800";"18,01752";"84,12721"
"36,73800";"18,03263";"88,04607"
"36,74800";"18,04774";"92,05158"
"36,75800";"18,06285";"96,09646"
"36,76800";"18,07808";"100,30505"
"36,77800";"18,09308";"104,75945"
"36,78800";"18,10807";"109,42414"
"36,79800";"18,12306";"114,24724"
"36,80800";"18,13817";"119,31014"
"36,81800";"18,15317";"124,59950"
"36,82800";"18,16804";"129,98506"
"36,83800";"18,18303";"135,52258"
"36,84800";"18,19803";"141,27083"
"36,85800";"18,21302";"147,19846"
"36,86800";"18,22790";"153,27811"
"36,87800";"18,24289";"159,44217"
"36,88800";"18,25788";"165,68910"
"36,89800";"18,27287";"172,08952"
"36,90800";"18,28787";"178,55956"
"36,91800";"18,30286";"185,02275"
"36,92800";"18,31774";"191,46167"
"36,93800";"18,33261";"197,86314"
"36,94800";"18,34749";"204,26027"
"36,95800";"18,36248";"210,77083"
"36,96800";"18,37747";"217,47845"
"36,97800";"18,39247";"224,40396"
"36,98800";"18,40746";"231,46758"
"36,99800";"18,42245";"238,64650"
"37,00800";"18,43733";"245,94980"
"37,01800";"18,45232";"253,33717"
"37,02800";"18,46720";"260,76407"
"37,03800";"18,48242";"268,28033"
"37,04800";"18,49765";"276,07837"
"37,05000";"18,50072";"277,67203"
"37,05200";"18,50367";"279,27319"
"37,06200";"18,51690";"287,28818"
"37,07200";"18,52445";"294,00247"
"37,07800";"18,52646";"295,94162"
"37,08800";"18,52575";"293,84155"
"37,09800";"18,52091";"284,13364"
"37,10800";"18,50970";"265,80707"
"37,11800";"18,49281";"236,42683"
"37,12800";"18,47263";"195,27655"
"37,13800";"18,45090";"146,55310"
"37,14800";"18,42883";"97,57366"
"37,15800";"18,40734";"55,30177"
"37,16800";"18,38656";"24,08835"
"37,17800";"18,36673";"4,61209"
"37,18800";"18,34772";"-5,23759"
"37,19800";"18,32931";"-8,06741"
"37,20800";"18,31148";"-6,59523"
"37,21800";"18,29448";"-3,43992"
"37,22800";"18,27795";"-0,45767"
"37,23800";"18,26166";"1,56098"
"37,24800";"18,24572";"2,51085"
"37,25800";"18,22990";"2,61435"
"37,26800";"18,21444";"2,19602"
"37,27800";"18,19885";"1,51595"
"37,28800";"18,18339";"0,76427"
"37,29800";"18,16828";"0,06080"
"37,30800";"18,15329";"-0,53463"
"37,31800";"18,13841";"-1,00276"
"37,32800";"18,12342";"-1,36959"
"37,33800";"18,10830";"-1,65449"
"37,34800";"18,09296";"-1,89574"
"37,35800";"18,07761";"-2,12218"
"37,36800";"18,06226";"-2,32182"
"37,37800";"18,04715";"-2,49658"
"37,38800";"18,03216";"-2,65437"
"37,39800";"18,01705";"-2,79421"
"37,40800";"18,00194";"-2,91686"
"37,41800";"17,98683";"-3,01279"
"37,42800";"17,97171";"-3,09354"
"37,43800";"17,95672";"-3,14841"
"37,44800";"17,94185";"-3,19156"
"37,45800";"17,92686";"-3,22756"
"37,46800";"17,91198";"-3,24093"
"37,47800";"17,89710";"-3,24360"
"37,48800";"17,88211";"-3,24495"
"37,49800";"17,86700";"-3,23447"
"37,50800";"17,85189";"-3,20374"
"37,51800";"17,83690";"-3,16448"
"37,52800";"17,82190";"-3,12129"
"37,53800";"17,80691";"-3,08678"
"37,54800";"17,79192";"-3,04451"
"37,55800";"17,77716";"-3,00422"
"37,56800";"17,76217";"-2,96645"
"37,57800";"17,74706";"-2,93420"
"37,58800";"17,73195";"-2,89465"
"37,59800";"17,71695";"-2,85898"
"37,60800";"17,70196";"-2,82259"
"37,61800";"17,68696";"-2,77818"
"37,62800";"17,67197";"-2,71212"
"37,63800";"17,65698";"-2,64671"
"37,64800";"17,64187";"-2,58580"
"37,65800";"17,62688";"-2,52624"
"37,66800";"17,61176";"-2,46114"
"37,67800";"17,59689";"-2,39901"
"37,68800";"17,58213";"-2,34027"
"37,69800";"17,56714";"-2,27734"
"37,70800";"17,55215";"-2,21643"
"37,71800";"17,53703";"-2,16060"
"37,72800";"17,52204";"-2,09987"
"37,73800";"17,50705";"-2,05108"
"37,74800";"17,49194";"-2,00584"
"37,75800";"17,47694";"-1,96550"
"37,76800";"17,46207";"-1,92081"
"37,77800";"17,44719";"-1,86929"
"37,78800";"17,43220";"-1,81660"
"37,79800";"17,41721";"-1,76986"
"37,80800";"17,40210";"-1,72726"
"37,81800";"17,38699";"-1,68157"
"37,82800";"17,37188";"-1,64223"
"37,83800";"17,35688";"-1,61521"
"37,84800";"17,34189";"-1,58379"
"37,85800";"17,32701";"-1,53534"
"37,86800";"17,31190";"-1,49101"
"37,87800";"17,29703";"-1,44622"
"37,88800";"17,28215";"-1,40184"
"37,89800";"17,26716";"-1,35255"
"37,90800";"17,25205";"-1,29703"
"37,91800";"17,23706";"-1,24442"
"37,92800";"17,22206";"-1,20190"
"37,93800";"17,20719";"-1,16301"
"37,94800";"17,19219";"-1,11942"
"37,95800";"17,17708";"-1,08162"
"37,96800";"17,16197";"-1,04112"
"37,97800";"17,14698";"-1,00147"
"37,98800";"17,13199";"-0,96335"
"37,99800";"17,11687";"-0,93018"
"38,00800";"17,10200";"-0,90540"
"38,01800";"17,08713";"-0,88017"
"38,02800";"17,07201";"-0,85437"
"38,03800";"17,05690";"-0,82960"
"38,04800";"17,04191";"-0,81220"
"38,05800";"17,02692";"-0,78156"
"38,06800";"17,01192";"-0,74942"
"38,07800";"16,99693";"-0,71962"
"38,08800";"16,98206";"-0,69849"
"38,09800";"16,96718";"-0,67862"
"38,10800";"16,95207";"-0,64425"
"38,11800";"16,93696";"-0,60939"
"38,12800";"16,92185";"-0,58860"
"38,13800";"16,90686";"-0,57307"
"38,14800";"16,89186";"-0,55120"
"38,15800";"16,87687";"-0,53252"
"38,16800";"16,86188";"-0,51859"
"38,17800";"16,84688";"-0,50676"
"38,18800";"16,83201";"-0,49484"
"38,19800";"16,81689";"-0,47736"
"38,20800";"16,80190";"-0,45248"
"38,21800";"16,78691";"-0,41664"
"38,22800";"16,77192";"-0,38059"
"38,23800";"16,75692";"-0,34185"
"38,24800";"16,74193";"-0,31037"
"38,25800";"16,72706";"-0,29473"
"38,26800";"16,71194";"-0,28268"
"38,27800";"16,69695";"-0,27353"
"38,28800";"16,68184";"-0,25634"
"38,29800";"16,66685";"-0,24572"
"38,30800";"16,65197";"-0,23860"
"38,31800";"16,63710";"-0,22533"
"38,32800";"16,62211";"-0,21439"
"38,33800";"16,60699";"-0,20521"
"38,34800";"16,59212";"-0,19751"
"38,35800";"16,57701";"-0,19210"
"38,36800";"16,56190";"-0,19427"
"38,37800";"16,54679";"-0,20114"
"38,38800";"16,53191";"-0,20225"
"38,39800";"16,51704";"-0,19369"
"38,40800";"16,50204";"-0,18688"
"38,41800";"16,48705";"-0,18145"
"38,42800";"16,47194";"-0,17213"
"38,43800";"16,45695";"-0,15964"
"38,44800";"16,44183";"-0,14473"
"38,45800";"16,42672";"-0,13590"
"38,46800";"16,41185";"-0,12449"
"38,47800";"16,39697";"-0,11940"
"38,48800";"16,38210";"-0,11056"
"38,49800";"16,36710";"-0,11109"
"38,50800";"16,35211";"-0,11722"
"38,51800";"16,33724";"-0,11666"
"38,52800";"16,32224";"-0,10850"
"38,53800";"16,30713";"-0,09228"
"38,54800";"16,29226";"-0,07575"
"38,55800";"16,27738";"-0,06579"
"38,56800";"16,26239";"-0,05835"
"38,57800";"16,24716";"-0,04328"
"38,58800";"16,23205";"-0,03327"
"38,59800";"16,21717";"-0,02213"
"38,60800";"16,20206";"-0,01604"
"38,61800";"16,18707";"-0,01479"
"38,62800";"16,17208";"-0,01820"
"38,63800";"16,15720";"-0,01598"
"38,64800";"16,14221";"-0,01325"
"38,65800";"16,12710";"-0,00784"
"38,66800";"16,11187";"-0,00091"
"38,67800";"16,09687";"0,00323"
"38,68800";"16,08177";"0,01064"
"38,69800";"16,06677";"0,01677"
"38,70800";"16,05178";"0,02399"
"38,71800";"16,03690";"0,03362"
"38,72800";"16,02203";"0,04073"
"38,73800";"16,00704";"0,04282"
"38,74800";"15,99192";"0,04339"
"38,75800";"15,97693";"0,05059"
"38,76800";"15,96206";"0,05951"
"38,77800";"15,94706";"0,06679"
"38,78800";"15,93207";"0,06874"
"38,79800";"15,91696";"0,07190"
"38,80800";"15,90220";"0,07888"
"38,81800";"15,88721";"0,08529"
"38,82800";"15,87222";"0,08735"
"38,83800";"15,85710";"0,08566"
"38,84800";"15,84211";"0,08381"
"38,85800";"15,82712";"0,09603"
"38,86800";"15,81213";"0,10231"
"38,87800";"15,79713";"0,09783"
"38,88800";"15,78226";"0,09555"
"38,89800";"15,76738";"0,09655"
"38,90800";"15,75227";"0,09547"
"38,91800";"15,73704";"0,09025"
"38,92800";"15,72193";"0,09328"
"38,93800";"15,70706";"0,10552"
"38,94800";"15,69206";"0,11902"
"38,95800";"15,67707";"0,12613"
"38,96800";"15,66208";"0,13493"
"38,97800";"15,64720";"0,14208"
"38,98800";"15,63209";"0,14767"
"38,99800";"15,61686";"0,15060"
"39,00800";"15,60187";"0,14925"
"39,01800";"15,58687";"0,14636"
"39,02800";"15,57200";"0,14984"
"39,03800";"15,55689";"0,15096"
"39,04800";"15,54190";"0,15386"
"39,05800";"15,52690";"0,16402"
"39,06800";"15,51191";"0,17294"
"39,07800";"15,49680";"0,16914"
"39,08800";"15,48169";"0,16130"
"39,09800";"15,46681";"0,15897"
"39,10800";"15,45194";"0,16223"
"39,11800";"15,43694";"0,16722"
"39,12800";"15,42195";"0,17042"
"39,13800";"15,40707";"0,17567"
"39,14800";"15,39208";"0,17365"
"39,15800";"15,37709";"0,16238"
"39,16800";"15,36198";"0,15541"
"39,17800";"15,34710";"0,15223"
"39,18800";"15,33223";"0,15402"
"39,19800";"15,31723";"0,16255"
"39,20800";"15,30212";"0,16967"
"39,21800";"15,28713";"0,18002"
"39,22800";"15,27214";"0,18351"
"39,23800";"15,25703";"0,19025"
"39,24800";"15,24203";"0,19376"
"39,25800";"15,22704";"0,18710"
"39,26800";"15,21205";"0,18445"
"39,27800";"15,19717";"0,17946"
"39,28800";"15,18206";"0,17489"
"39,29800";"15,16707";"0,17341"
"39,30800";"15,15219";"0,17563"
"39,31800";"15,13720";"0,18131"
"39,32800";"15,12209";"0,18357"
"39,33800";"15,10710";"0,18524"
"39,34800";"15,09210";"0,17856"
"39,35800";"15,07735";"0,17753"
"39,36800";"15,06223";"0,17701"
"39,37800";"15,04713";"0,17663"
"39,38800";"15,03201";"0,17328"
"39,39800";"15,01702";"0,17844"
"39,40800";"15,00203";"0,18186"
"39,41800";"14,98692";"0,18263"
"39,42800";"14,97204";"0,17831"
"39,43800";"14,95717";"0,17434"
"39,44800";"14,94229";"0,17265"
"39,45800";"14,92730";"0,16775"
"39,46800";"14,91242";"0,16445"
"39,47800";"14,89755";"0,16367"
"39,48800";"14,88255";"0,16129"
"39,49800";"14,86721";"0,16487"
"39,50800";"14,85210";"0,17022"
"39,51800";"14,83722";"0,17813"
"39,52800";"14,82211";"0,18782"
"39,53800";"14,80700";"0,19377"
"39,54800";"14,79189";"0,19152"
"39,55800";"14,77701";"0,18977"
"39,56800";"14,76214";"0,19702"
"39,57800";"14,74714";"0,20585"
"39,58800";"14,73215";"0,21669"
"39,59800";"14,71716";"0,21716"
"39,60800";"14,70217";"0,21270"
"39,61800";"14,68706";"0,21267"
"39,62800";"14,67194";"0,20954"
"39,63800";"14,65695";"0,20023"
"39,64800";"14,64208";"0,19651"
"39,65800";"14,62697";"0,19949"
"39,66800";"14,61197";"0,20280"
"39,67800";"14,59698";"0,20440"
"39,68800";"14,58199";"0,20546"
"39,69800";"14,56687";"0,20486"
"39,70800";"14,55165";"0,20498"
"39,71800";"14,53677";"0,20056"
"39,72800";"14,52190";"0,20889"
"39,73800";"14,50690";"0,21211"
"39,74800";"14,49179";"0,20625"
"39,75800";"14,47680";"0,19543"
"39,76800";"14,46192";"0,18954"
"39,77800";"14,44693";"0,18741"
"39,78800";"14,43182";"0,19131"
"39,79800";"14,41671";"0,19362"
"39,80800";"14,40183";"0,20027"
"39,81800";"14,38696";"0,20554"
"39,82800";"14,37185";"0,20668"
"39,83800";"14,35674";"0,20331"
"39,84800";"14,34186";"0,19106"
"39,85800";"14,32675";"0,18568"
"39,86800";"14,31152";"0,18276"
"39,87800";"14,29665";"0,18547"
"39,88800";"14,28189";"0,18803"
"39,89800";"14,26701";"0,18991"
"39,90800";"14,25202";"0,19726"
"39,91800";"14,23691";"0,20669"
"39,92800";"14,22192";"0,21551"
"39,93800";"14,20681";"0,21421"
"39,94800";"14,19169";"0,21352"
"39,95800";"14,17670";"0,21250"
"39,96800";"14,16194";"0,21360"
"39,97800";"14,14719";"0,21375"
"39,98800";"14,13208";"0,21000"
"39,99800";"14,11697";"0,20676"
"40,00800";"14,10197";"0,20418"
"40,01800";"14,08698";"0,20890"
"40,02800";"14,07199";"0,21094"
"40,03800";"14,05688";"0,21199"
"40,04800";"14,04200";"0,21380"
"40,05800";"14,02724";"0,21069"
"40,06800";"14,01225";"0,21047"
"40,07800";"13,99726";"0,20543"
"40,08800";"13,98226";"0,19976"
"40,09800";"13,96739";"0,20185"
"40,10800";"13,95228";"0,21140"
"40,11800";"13,93729";"0,20804"
"40,12800";"13,92229";"0,20666"
"40,13800";"13,90730";"0,20374"
"40,14800";"13,89231";"0,21104"
"40,15800";"13,87719";"0,21609"
"40,16800";"13,86196";"0,21418"
"40,17800";"13,84709";"0,21447"
"40,18800";"13,83210";"0,21164"
"40,19800";"13,81699";"0,20658"
"40,20800";"13,80199";"0,20564"
"40,21800";"13,78712";"0,20581"
"40,22800";"13,77201";"0,20368"
"40,23800";"13,75690";"0,20680"
"40,24800";"13,74179";"0,20187"
"40,25800";"13,72679";"0,19602"
"40,26800";"13,71180";"0,19488"
"40,27800";"13,69681";"0,20446"
"40,28800";"13,68193";"0,21389"
"40,29800";"13,66706";"0,21937"
"40,30800";"13,65230";"0,22602"
"40,31800";"13,63707";"0,22939"
"40,32800";"13,62196";"0,22590"
"40,33800";"13,60685";"0,22334"
"40,34800";"13,59197";"0,22327"
"40,35800";"13,57698";"0,22544"
"40,36800";"13,56199";"0,22773"
"40,37800";"13,54688";"0,22617"
"40,38800";"13,53200";"0,22082"
"40,39800";"13,51701";"0,22448"
"40,40800";"13,50190";"0,22419"
"40,41800";"13,48678";"0,22822"
"40,42800";"13,47191";"0,23444"
"40,43800";"13,45704";"0,23963"
"40,44800";"13,44204";"0,25097"
"40,45800";"13,42705";"0,25610"
"40,46800";"13,41206";"0,25727"
"40,47800";"13,39706";"0,25681"
"40,48800";"13,38195";"0,26069"
"40,49800";"13,36684";"0,26448"
"40,50800";"13,35185";"0,26184"
"40,51800";"13,33709";"0,26578"
"40,52800";"13,32210";"0,27083"
"40,53800";"13,30699";"0,28355"
"40,54800";"13,29199";"0,28683"
"40,55800";"13,27700";"0,28068"
"40,56800";"13,26189";"0,27945"
"40,57800";"13,24666";"0,27937"
"40,58800";"13,23167";"0,27375"
"40,59800";"13,21691";"0,25753"
"40,60800";"13,20215";"0,25428"
"40,61800";"13,18704";"0,25461"
"40,62800";"13,17193";"0,25786"
"40,63800";"13,15694";"0,26244"
"40,64800";"13,14194";"0,26749"
"40,65800";"13,12671";"0,26858"
"40,66800";"13,11172";"0,26770"
"40,67800";"13,09685";"0,26948"
"40,68800";"13,08209";"0,27176"
"40,69800";"13,06710";"0,27007"
"40,70800";"13,05199";"0,26301"
"40,71800";"13,03699";"0,25253"
"40,72800";"13,02200";"0,24800"
"40,73800";"13,00689";"0,25155"
"40,74800";"12,99178";"0,25497"
"40,75800";"12,97690";"0,26148"
"40,76800";"12,96203";"0,26737"
"40,77800";"12,94703";"0,26330"
"40,78800";"12,93192";"0,25970"
"40,79800";"12,91693";"0,25686"
"40,80800";"12,90194";"0,25938"
"40,81800";"12,88694";"0,25904"
"40,82800";"12,87195";"0,25301"
"40,83800";"12,85708";"0,24590"
"40,84800";"12,84220";"0,24592"
"40,85800";"12,82709";"0,24985"
"40,86800";"12,81198";"0,25059"
"40,87800";"12,79699";"0,24894"
"40,88800";"12,78199";"0,24598"
"40,89800";"12,76700";"0,24787"
"40,90800";"12,75201";"0,25024"
"40,91800";"12,73701";"0,25246"
"40,92800";"12,72214";"0,25210"
"40,93800";"12,70715";"0,25217"
"40,94800";"12,69192";"0,25403"
"40,95800";"12,67681";"0,25344"
"40,96800";"12,66181";"0,25736"
"40,97800";"12,64682";"0,26328"
"40,98800";"12,63183";"0,26692"
"40,99800";"12,61683";"0,26673"
"41,00800";"12,60184";"0,26526"
"41,01800";"12,58697";"0,25642"
"41,02800";"12,57197";"0,25323"
"41,03800";"12,55686";"0,25308"
"41,04800";"12,54187";"0,25039"
"41,05800";"12,52688";"0,25221"
"41,06800";"12,51188";"0,24935"
"41,07800";"12,49689";"0,24704"
"41,08800";"12,48190";"0,24596"
"41,09800";"12,46690";"0,25325"
"41,10800";"12,45191";"0,26815"
"41,11800";"12,43692";"0,28148"
"41,12800";"12,42180";"0,27790"
"41,13800";"12,40681";"0,26568"
"41,14800";"12,39206";"0,26352"
"41,15800";"12,37706";"0,26318"
"41,16800";"12,36195";"0,26415"
"41,17800";"12,34696";"0,26685"
"41,18800";"12,33196";"0,27142"
"41,19800";"12,31685";"0,27004"
"41,20800";"12,30174";"0,26526"
"41,21800";"12,28675";"0,26569"
"41,22800";"12,27188";"0,26766"
"41,23800";"12,25712";"0,26838"
"41,24800";"12,24212";"0,27010"
"41,25800";"12,22713";"0,26617"
"41,26800";"12,21214";"0,25771"
"41,27800";"12,19703";"0,26117"
"41,28800";"12,18192";"0,27221"
"41,29800";"12,16704";"0,27755"
"41,30800";"12,15205";"0,27822"
"41,31800";"12,13717";"0,28179"
"41,32800";"12,12206";"0,28086"
"41,33800";"12,10707";"0,27937"
"41,34800";"12,09219";"0,27943"
"41,35800";"12,07720";"0,28666"
"41,36800";"12,06221";"0,28799"
"41,37800";"12,04710";"0,28451"
"41,38800";"12,03222";"0,28089"
"41,39800";"12,01723";"0,28259"
"41,40800";"12,00212";"0,28697"
"41,41800";"11,98701";"0,28736"
"41,42800";"11,97201";"0,29018"
"41,43800";"11,95690";"0,29423"
"41,44800";"11,94179";"0,30098"
"41,45800";"11,92680";"0,30310"
"41,46800";"11,91192";"0,29496"
"41,47800";"11,89717";"0,29635"
"41,48800";"11,88206";"0,29343"
"41,49800";"11,86695";"0,29028"
"41,50800";"11,85195";"0,28656"
"41,51800";"11,83684";"0,27938"
"41,52800";"11,82185";"0,27572"
"41,53800";"11,80674";"0,27962"
"41,54800";"11,79186";"0,28063"
"41,55800";"11,77699";"0,28510"
"41,56800";"11,76211";"0,28939"
"41,57800";"11,74688";"0,29146"
"41,58800";"11,73189";"0,29049"
"41,59800";"11,71701";"0,29551"
"41,60800";"11,70202";"0,30622"
"41,61800";"11,68703";"0,32248"
"41,62800";"11,67204";"0,32772"
"41,63800";"11,65693";"0,32265"
"41,64800";"11,64205";"0,31565"
"41,65800";"11,62706";"0,31627"
"41,66800";"11,61195";"0,32148"
"41,67800";"11,59695";"0,31946"
"41,68800";"11,58196";"0,31819"
"41,69800";"11,56697";"0,31993"
"41,70800";"11,55197";"0,31619"
"41,71800";"11,53698";"0,31488"
"41,72800";"11,52199";"0,31217"
"41,73800";"11,50699";"0,30831"
"41,74800";"11,49188";"0,30444"
"41,75800";"11,47677";"0,30182"
"41,76800";"11,46190";"0,29833"
"41,77800";"11,44702";"0,28697"
"41,78800";"11,43203";"0,28596"
"41,79800";"11,41715";"0,29006"
"41,80800";"11,40216";"0,29343"
"41,81800";"11,38717";"0,29615"
"41,82800";"11,37206";"0,30009"
"41,83800";"11,35683";"0,30452"
"41,84800";"11,34183";"0,30864"
"41,85800";"11,32696";"0,30682"
"41,86800";"11,31196";"0,30585"
"41,87800";"11,29697";"0,30343"
"41,88800";"11,28198";"0,30253"
"41,89800";"11,26710";"0,30547"
"41,90800";"11,25211";"0,30494"
"41,91800";"11,23700";"0,29910"
"41,92800";"11,22201";"0,29631"
"41,93800";"11,20713";"0,30151"
"41,94800";"11,19202";"0,30625"
"41,95800";"11,17691";"0,30732"
"41,96800";"11,16192";"0,29745"
"41,97800";"11,14704";"0,29233"
"41,98800";"11,13205";"0,29501"
"41,99800";"11,11694";"0,30611"
"42,00800";"11,10194";"0,31634"
"42,01800";"11,08707";"0,32472"
"42,02800";"11,07208";"0,32494"
"42,03800";"11,05696";"0,31215"
"42,04800";"11,04185";"0,30292"
"42,05800";"11,02686";"0,29841"
"42,06800";"11,01187";"0,30060"
"42,07800";"10,99688";"0,30484"
"42,08800";"10,98188";"0,30150"
"42,09800";"10,96701";"0,29432"
"42,10800";"10,95225";"0,29705"
"42,11800";"10,93714";"0,30312"
"42,12800";"10,92203";"0,30440"
"42,13800";"10,90692";"0,30658"
"42,14800";"10,89192";"0,30104"
"42,15800";"10,87681";"0,29256"
"42,16800";"10,86182";"0,28674"
"42,17800";"10,84683";"0,28519"
"42,18800";"10,83195";"0,28987"
"42,19800";"10,81684";"0,29659"
"42,20800";"10,80173";"0,30011"
"42,21800";"10,78674";"0,30431"
"42,22800";"10,77186";"0,31010"
"42,23800";"10,75687";"0,30881"
"42,24800";"10,74199";"0,30815"
"42,25800";"10,72700";"0,30576"
"42,26800";"10,71224";"0,30318"
"42,27800";"10,69725";"0,29750"
"42,28800";"10,68226";"0,29737"
"42,29800";"10,66715";"0,29976"
"42,30800";"10,65227";"0,29903"
"42,31800";"10,63728";"0,29387"
"42,32800";"10,62228";"0,28394"
"42,33800";"10,60729";"0,28693"
"42,34800";"10,59242";"0,29203"
"42,35800";"10,57742";"0,29669"
"42,36800";"10,56219";"0,29542"
"42,37800";"10,54708";"0,30212"
"42,38800";"10,53197";"0,30748"
"42,39800";"10,51710";"0,30228"
"42,40800";"10,50222";"0,30408"
"42,41800";"10,48723";"0,30488"
"42,42800";"10,47235";"0,30607"
"42,43800";"10,45736";"0,30428"
"42,44800";"10,44225";"0,30022"
"42,45800";"10,42726";"0,30052"
"42,46800";"10,41215";"0,29625"
"42,47800";"10,39715";"0,29542"
"42,48800";"10,38216";"0,30107"
"42,49800";"10,36717";"0,30464"
"42,50800";"10,35206";"0,29595"
"42,51800";"10,33706";"0,29475"
"42,52800";"10,32207";"0,30739"
"42,53800";"10,30696";"0,32067"
"42,54800";"10,29185";"0,32352"
"42,55800";"10,27697";"0,32368"
"42,56800";"10,26198";"0,31843"
"42,57800";"10,24687";"0,31225"
"42,58800";"10,23187";"0,30314"
"42,59800";"10,21700";"0,29288"
"42,60800";"10,20213";"0,28626"
"42,61800";"10,18701";"0,28850"
"42,62800";"10,17190";"0,28823"
"42,63800";"10,15703";"0,27873"
"42,64800";"10,14204";"0,27217"
"42,65800";"10,12692";"0,27313"
"42,66800";"10,11181";"0,28088"
"42,67800";"10,09682";"0,28434"
"42,68800";"10,08183";"0,28767"
"42,69800";"10,06671";"0,28828"
"42,70800";"10,05160";"0,28912"
"42,71800";"10,03673";"0,29395"
"42,72800";"10,02185";"0,29906"
"42,73800";"10,00698";"0,30225"
"42,74800";"9,99187";"0,29756"
"42,75800";"9,97688";"0,28934"
"42,76800";"9,96200";"0,28925"
"42,77800";"9,94689";"0,29383"
"42,78800";"9,93178";"0,29749"
"42,79800";"9,91690";"0,30280"
"42,80800";"9,90215";"0,30930"
"42,81800";"9,88715";"0,31393"
"42,82800";"9,87204";"0,31188"
"42,83800";"9,85693";"0,30548"
"42,84800";"9,84194";"0,29478"
"42,85800";"9,82695";"0,29838"
"42,86800";"9,81183";"0,30865"
"42,87800";"9,79684";"0,31253"
"42,88800";"9,78197";"0,30709"
"42,89800";"9,76709";"0,30223"
"42,90800";"9,75198";"0,29943"
"42,91800";"9,73699";"0,30249"
"42,92800";"9,72211";"0,30532"
"42,93800";"9,70724";"0,30816"
"42,94800";"9,69213";"0,31249"
"42,95800";"9,67701";"0,30790"
"42,96800";"9,66214";"0,31197"
"42,97800";"9,64726";"0,31620"
"42,98800";"9,63215";"0,31935"
"42,99800";"9,61692";"0,31628"
"43,00800";"9,60193";"0,30976"
"43,01800";"9,58706";"0,30075"
"43,02800";"9,57206";"0,30505"
"43,03800";"9,55707";"0,30741"
"43,04800";"9,54220";"0,30083"
"43,05800";"9,52732";"0,30253"
"43,06800";"9,51221";"0,30330"
"43,07800";"9,49710";"0,30036"
"43,08800";"9,48199";"0,30065"
"43,09800";"9,46711";"0,30095"
"43,10800";"9,45212";"0,30365"
"43,11800";"9,43713";"0,30314"
"43,12800";"9,42213";"0,30614"
"43,13800";"9,40714";"0,30899"
"43,14800";"9,39215";"0,30606"
"43,15800";"9,37704";"0,29917"
"43,16800";"9,36180";"0,29044"
"43,17800";"9,34693";"0,28547"
"43,18800";"9,33194";"0,29432"
"43,19800";"9,31694";"0,30752"
"43,20800";"9,30195";"0,30403"
"43,21800";"9,28708";"0,29519"
"43,22800";"9,27220";"0,28898"
"43,23800";"9,25721";"0,29049"
"43,24800";"9,24210";"0,29868"
"43,25800";"9,22699";"0,29639"
"43,26800";"9,21211";"0,29334"
"43,27800";"9,19712";"0,28883"
"43,28800";"9,18201";"0,29595"
"43,29800";"9,16701";"0,30237"
"43,30800";"9,15202";"0,30074"
"43,31800";"9,13703";"0,29478"
"43,32800";"9,12192";"0,29674"
"43,33800";"9,10692";"0,30283"
"43,34800";"9,09205";"0,30888"
"43,35800";"9,07717";"0,31385"
"43,36800";"9,06194";"0,31138"
"43,37800";"9,04683";"0,30621"
"43,38800";"9,03196";"0,30661"
"43,39800";"9,01696";"0,31081"
"43,40800";"9,00185";"0,31258"
"43,41800";"8,98674";"0,31158"
"43,42800";"8,97175";"0,30727"
"43,43800";"8,95699";"0,30099"
"43,44800";"8,94200";"0,30071"
"43,45800";"8,92689";"0,29590"
"43,46800";"8,91190";"0,29639"
"43,47800";"8,89702";"0,30612"
"43,48800";"8,88191";"0,30729"
"43,49800";"8,86680";"0,30658"
"43,50800";"8,85192";"0,30349"
"43,51800";"8,83717";"0,29903"
"43,52800";"8,82217";"0,29859"
"43,53800";"8,80694";"0,30118"
"43,54800";"8,79195";"0,30158"
"43,55800";"8,77708";"0,30908"
"43,56800";"8,76197";"0,31436"
"43,57800";"8,74697";"0,31477"
"43,58800";"8,73198";"0,31097"
"43,59800";"8,71722";"0,31097"
"43,60800";"8,70235";"0,30354"
"43,61800";"8,68712";"0,29706"
"43,62800";"8,67213";"0,29959"
"43,63800";"8,65713";"0,30096"
"43,64800";"8,64214";"0,30351"
"43,65800";"8,62703";"0,30499"
"43,66800";"8,61203";"0,30612"
"43,67800";"8,59728";"0,30658"
"43,68800";"8,58240";"0,30221"
"43,69800";"8,56717";"0,29202"
"43,70800";"8,55206";"0,28927"
"43,71800";"8,53695";"0,29932"
"43,72800";"8,52196";"0,30526"
"43,73800";"8,50685";"0,30020"
"43,74800";"8,49185";"0,29774"
"43,75800";"8,47686";"0,29625"
"43,76800";"8,46199";"0,29746"
"43,77800";"8,44687";"0,30979"
"43,78800";"8,43176";"0,31621"
"43,79800";"8,41665";"0,31271"
"43,80800";"8,40178";"0,31429"
"43,81800";"8,38679";"0,30965"
"43,82800";"8,37179";"0,30264"
"43,83800";"8,35680";"0,29351"
"43,84800";"8,34204";"0,29074"
"43,85800";"8,32705";"0,29022"
"43,86800";"8,31194";"0,29413"
"43,87800";"8,29683";"0,29737"
"43,88800";"8,28183";"0,30462"
"43,89800";"8,26696";"0,31214"
"43,90800";"8,25185";"0,32474"
"43,91800";"8,23685";"0,33146"
"43,92800";"8,22186";"0,32388"
"43,93800";"8,20687";"0,31073"
"43,94800";"8,19176";"0,30161"
"43,95800";"8,17665";"0,29442"
"43,96800";"8,16177";"0,28260"
"43,97800";"8,14701";"0,28136"
"43,98800";"8,13202";"0,28402"
"43,99800";"8,11703";"0,28897"
"44,00800";"8,10192";"0,28967"
"44,01800";"8,08704";"0,29428"
"44,02800";"8,07193";"0,29866"
"44,03800";"8,05682";"0,29487"
"44,04800";"8,04183";"0,28934"
"44,05800";"8,02695";"0,28940"
"44,06800";"8,01208";"0,29239"
"44,07800";"7,99708";"0,29542"
"44,08800";"7,98209";"0,29438"
"44,09800";"7,96710";"0,29566"
"44,10800";"7,95199";"0,30037"
"44,11800";"7,93688";"0,30327"
"44,12800";"7,92188";"0,30841"
"44,13800";"7,90701";"0,30633"
"44,14800";"7,89225";"0,30344"
"44,15800";"7,87714";"0,30207"
"44,16800";"7,86203";"0,30103"
"44,17800";"7,84704";"0,30169"
"44,18800";"7,83204";"0,29771"
"44,19800";"7,81693";"0,29717"
"44,20800";"7,80182";"0,30039"
"44,21800";"7,78694";"0,29308"
"44,22800";"7,77219";"0,29059"
"44,23800";"7,75731";"0,29948"
"44,24800";"7,74208";"0,30413"
"44,25800";"7,72709";"0,30321"
"44,26800";"7,71222";"0,30335"
"44,27800";"7,69710";"0,30510"
"44,28800";"7,68199";"0,30561"
"44,29800";"7,66700";"0,29912"
"44,30800";"7,65224";"0,29104"
"44,31800";"7,63713";"0,29479"
"44,32800";"7,62202";"0,29610"
"44,33800";"7,60691";"0,29646"
"44,34800";"7,59192";"0,29348"
"44,35800";"7,57681";"0,28604"
"44,36800";"7,56169";"0,28725"
"44,37800";"7,54670";"0,29102"
"44,38800";"7,53194";"0,29090"
"44,39800";"7,51695";"0,29637"
"44,40800";"7,50184";"0,29816"
"44,41800";"7,48685";"0,30602"
"44,42800";"7,47185";"0,31818"
"44,43800";"7,45686";"0,32665"
"44,44800";"7,44187";"0,32264"
"44,45800";"7,42687";"0,30773"
"44,46800";"7,41200";"0,29346"
"44,47800";"7,39701";"0,28743"
"44,48800";"7,38201";"0,29073"
"44,49800";"7,36690";"0,29538"
"44,50800";"7,35179";"0,30055"
"44,51800";"7,33680";"0,30774"
"44,52800";"7,32181";"0,30532"
"44,53800";"7,30681";"0,30063"
"44,54800";"7,29182";"0,29616"
"44,55800";"7,27694";"0,28975"
"44,56800";"7,26195";"0,28892"
"44,57800";"7,24684";"0,29727"
"44,58800";"7,23173";"0,29929"
"44,59800";"7,21685";"0,30718"
"44,60800";"7,20198";"0,31360"
"44,61800";"7,18699";"0,31909"
"44,62800";"7,17211";"0,31461"
"44,63800";"7,15712";"0,30608"
"44,64800";"7,14212";"0,30203"
"44,65800";"7,12701";"0,30059"
"44,66800";"7,11202";"0,29492"
"44,67800";"7,09703";"0,29187"
"44,68800";"7,08204";"0,29351"
"44,69800";"7,06704";"0,29773"
"44,70800";"7,05205";"0,29967"
"44,71800";"7,03706";"0,30075"
"44,72800";"7,02194";"0,30073"
"44,73800";"7,00683";"0,30499"
"44,74800";"6,99184";"0,30449"
"44,75800";"6,97685";"0,30426"
"44,76800";"6,96197";"0,30747"
"44,77800";"6,94710";"0,30348"
"44,78800";"6,93210";"0,30563"
"44,79800";"6,91711";"0,31057"
"44,80800";"6,90224";"0,31186"
"44,81800";"6,88724";"0,31030"
"44,82800";"6,87201";"0,31242"
"44,83800";"6,85702";"0,31277"
"44,84800";"6,84215";"0,31264"
"44,85800";"6,82715";"0,30793"
"44,86800";"6,81216";"0,30288"
"44,87800";"6,79705";"0,30027"
"44,88800";"6,78206";"0,29380"
"44,89800";"6,76706";"0,29543"
"44,90800";"6,75195";"0,28856"
"44,91800";"6,73696";"0,28634"
"44,92800";"6,72208";"0,28838"
"44,93800";"6,70709";"0,28812"
"44,94800";"6,69210";"0,29253"
"44,95800";"6,67710";"0,29959"
"44,96800";"6,66211";"0,31004"
"44,97800";"6,64724";"0,31054"
"44,98800";"6,63224";"0,30186"
"44,99800";"6,61690";"0,29528"
"45,00800";"6,60190";"0,28501"
"45,01800";"6,58703";"0,27543"
"45,02800";"6,57203";"0,27298"
"45,03800";"6,55692";"0,27404"
"45,04800";"6,54181";"0,27657"
"45,05800";"6,52682";"0,27630"
"45,06800";"6,51183";"0,28852"
"45,07800";"6,49672";"0,30076"
"45,08800";"6,48184";"0,30838"
"45,09800";"6,46696";"0,30580"
"45,10800";"6,45209";"0,30450"
"45,11800";"6,43710";"0,30356"
"45,12800";"6,42210";"0,29356"
"45,13800";"6,40711";"0,28198"
"45,14800";"6,39212";"0,28133"
"45,15800";"6,37712";"0,28691"
"45,16800";"6,36213";"0,29183"
"45,17800";"6,34714";"0,29535"
"45,18800";"6,33215";"0,29784"
"45,19800";"6,31703";"0,29520"
"45,20800";"6,30204";"0,29285"
"45,21800";"6,28693";"0,28570"
"45,22800";"6,27206";"0,27839"
"45,23800";"6,25718";"0,28338"
"45,24800";"6,24219";"0,28935"
"45,25800";"6,22731";"0,29013"
"45,26800";"6,21232";"0,29211"
"45,27800";"6,19721";"0,29328"
"45,28800";"6,18186";"0,29416"
"45,29800";"6,16675";"0,29843"
"45,30800";"6,15164";"0,30045"
"45,31800";"6,13676";"0,29154"
"45,32800";"6,12177";"0,28107"
"45,33800";"6,10678";"0,27982"
"45,34800";"6,09190";"0,28605"
"45,35800";"6,07691";"0,29331"
"45,36800";"6,06192";"0,30066"
"45,37800";"6,04681";"0,30471"
"45,38800";"6,03193";"0,30880"
"45,39800";"6,01706";"0,30313"
"45,40800";"6,00206";"0,29811"
"45,41800";"5,98695";"0,29420"
"45,42800";"5,97196";"0,28693"
"45,43800";"5,95708";"0,28431"
"45,44800";"5,94197";"0,29396"
"45,45800";"5,92686";"0,30542"
"45,46800";"5,91187";"0,31291"
"45,47800";"5,89699";"0,31104"
"45,48800";"5,88212";"0,30649"
"45,49800";"5,86701";"0,30332"
"45,50800";"5,85201";"0,29553"
"45,51800";"5,83714";"0,29150"
"45,52800";"5,82215";"0,29460"
"45,53800";"5,80703";"0,29876"
"45,54800";"5,79204";"0,29848"
"45,55800";"5,77729";"0,29578"
"45,56800";"5,76241";"0,28796"
"45,57800";"5,74718";"0,27846"
"45,58800";"5,73219";"0,27524"
"45,59800";"5,71719";"0,27667"
"45,60800";"5,70220";"0,27295"
"45,61800";"5,68709";"0,27615"
"45,62800";"5,67186";"0,29115"
"45,63800";"5,65699";"0,30084"
"45,64800";"5,64211";"0,30591"
"45,65800";"5,62700";"0,31079"
"45,66800";"5,61189";"0,30585"
"45,67800";"5,59690";"0,29796"
"45,68800";"5,58190";"0,29632"
"45,69800";"5,56691";"0,29655"
"45,70800";"5,55192";"0,29600"
"45,71800";"5,53692";"0,29087"
"45,72800";"5,52205";"0,28880"
"45,73800";"5,50706";"0,28909"
"45,74800";"5,49194";"0,29434"
"45,75800";"5,47683";"0,29665"
"45,76800";"5,46184";"0,30023"
"45,77800";"5,44685";"0,31013"
"45,78800";"5,43185";"0,31684"
"45,79800";"5,41686";"0,30453"
"45,80800";"5,40210";"0,28815"
"45,81800";"5,38723";"0,27924"
"45,82800";"5,37212";"0,27519"
"45,83800";"5,35701";"0,27718"
"45,84800";"5,34213";"0,28022"
"45,85800";"5,32714";"0,28606"
"45,86800";"5,31215";"0,29239"
"45,87800";"5,29715";"0,29260"
"45,88800";"5,28216";"0,29356"
"45,89800";"5,26728";"0,29473"
"45,90800";"5,25217";"0,29712"
"45,91800";"5,23694";"0,29572"
"45,92800";"5,22195";"0,28969"
"45,93800";"5,20696";"0,29182"
"45,94800";"5,19197";"0,28795"
"45,95800";"5,17697";"0,27966"
"45,96800";"5,16210";"0,28029"
"45,97800";"5,14722";"0,28969"
"45,98800";"5,13223";"0,29777"
"45,99800";"5,11700";"0,30272"
"46,00800";"5,10189";"0,30321"
"46,01800";"5,08701";"0,30524"
"46,02800";"5,07202";"0,30817"
"46,03800";"5,05703";"0,31147"
"46,04800";"5,04204";"0,30571"
"46,05800";"5,02716";"0,29830"
"46,06800";"5,01217";"0,29449"
"46,07800";"4,99694";"0,28540"
"46,08800";"4,98183";"0,27475"
"46,09800";"4,96683";"0,28096"
"46,10800";"4,95184";"0,29411"
"46,11800";"4,93673";"0,30601"
"46,12800";"4,92174";"0,30338"
"46,13800";"4,90686";"0,30084"
"46,14800";"4,89187";"0,29871"
"46,15800";"4,87676";"0,29569"
"46,16800";"4,86165";"0,28925"
"46,17800";"4,84677";"0,28937"
"46,18800";"4,83201";"0,29219"
"46,19800";"4,81714";"0,29219"
"46,20800";"4,80215";"0,29079"
"46,21800";"4,78715";"0,29123"
"46,22800";"4,77228";"0,29590"
"46,23800";"4,75717";"0,30018"
"46,24800";"4,74194";"0,29799"
"46,25800";"4,72694";"0,29200"
"46,26800";"4,71207";"0,28907"
"46,27800";"4,69719";"0,29347"
"46,28800";"4,68208";"0,29559"
"46,29800";"4,66709";"0,29472"
"46,30800";"4,65210";"0,29177"
"46,31800";"4,63710";"0,29076"
"46,32800";"4,62187";"0,29004"
"46,33800";"4,60676";"0,28863"
"46,34800";"4,59189";"0,28120"
"46,35800";"4,57701";"0,27655"
"46,36800";"4,56202";"0,27976"
"46,37800";"4,54703";"0,28098"
"46,38800";"4,53227";"0,28708"
"46,39800";"4,51740";"0,29327"
"46,40800";"4,50228";"0,30426"
"46,41800";"4,48729";"0,31205"
"46,42800";"4,47242";"0,31022"
"46,43800";"4,45754";"0,30694"
"46,44800";"4,44255";"0,30687"
"46,45800";"4,42732";"0,29968"
"46,46800";"4,41233";"0,29625"
"46,47800";"4,39722";"0,29222"
"46,48800";"4,38210";"0,29144"
"46,49800";"4,36699";"0,28769"
"46,50800";"4,35200";"0,28177"
"46,51800";"4,33724";"0,28263"
"46,52800";"4,32213";"0,28708"
"46,53800";"4,30702";"0,29268"
"46,54800";"4,29191";"0,28777"
"46,55800";"4,27703";"0,29529"
"46,56800";"4,26216";"0,30844"
"46,57800";"4,24705";"0,30647"
"46,58800";"4,23206";"0,29860"
"46,59800";"4,21742";"0,28772"
"46,60800";"4,20242";"0,28364"
"46,61800";"4,18719";"0,28548"
"46,62800";"4,17197";"0,29042"
"46,63800";"4,15697";"0,28957"
"46,64800";"4,14210";"0,28587"
"46,65800";"4,12699";"0,28494"
"46,66800";"4,11188";"0,28286"
"46,67800";"4,09700";"0,28609"
"46,68800";"4,08213";"0,28832"
"46,69800";"4,06701";"0,29196"
"46,70800";"4,05190";"0,29861"
"46,71800";"4,03691";"0,30176"
"46,72800";"4,02203";"0,30342"
"46,73800";"4,00716";"0,30485"
"46,74800";"3,99193";"0,29624"
"46,75800";"3,97694";"0,29137"
"46,76800";"3,96206";"0,28817"
"46,77800";"3,94683";"0,28723"
"46,78800";"3,93172";"0,29008"
"46,79800";"3,91673";"0,29247"
"46,80800";"3,90197";"0,29322"
"46,81800";"3,88698";"0,29651"
"46,82800";"3,87187";"0,30169"
"46,83800";"3,85676";"0,29876"
"46,84800";"3,84176";"0,29566"
"46,85800";"3,82677";"0,30056"
"46,86800";"3,81154";"0,30341"
"46,87800";"3,79655";"0,29733"
"46,88800";"3,78167";"0,29202"
"46,89800";"3,76680";"0,28724"
"46,90800";"3,75181";"0,29003"
"46,91800";"3,73669";"0,28682"
"46,92800";"3,72170";"0,28140"
"46,93800";"3,70671";"0,28150"
"46,94800";"3,69160";"0,28851"
"46,95800";"3,67649";"0,29015"
"46,96800";"3,66161";"0,30256"
"46,97800";"3,64697";"0,31723"
"46,98800";"3,63198";"0,32080"
"46,99800";"3,61699";"0,31120"
"47,00800";"3,60211";"0,29602"
"47,01800";"3,58724";"0,29124"
"47,02800";"3,57212";"0,28608"
"47,03800";"3,55701";"0,28641"
"47,04800";"3,54214";"0,28591"
"47,05800";"3,52726";"0,28657"
"47,06800";"3,51239";"0,28958"
"47,07800";"3,49716";"0,29311"
"47,08800";"3,48205";"0,28658"
"47,09800";"3,46706";"0,28985"
"47,10800";"3,45194";"0,28906"
"47,11800";"3,43695";"0,28556"
"47,12800";"3,42196";"0,28925"
"47,13800";"3,40720";"0,28658"
"47,14800";"3,39233";"0,29383"
"47,15800";"3,37722";"0,29880"
"47,16800";"3,36210";"0,29677"
"47,17800";"3,34711";"0,29735"
"47,18800";"3,33200";"0,29245"
"47,19800";"3,31689";"0,29118"
"47,20800";"3,30190";"0,29281"
"47,21800";"3,28702";"0,29222"
"47,22800";"3,27215";"0,29125"
"47,23800";"3,25703";"0,29575"
"47,24800";"3,24181";"0,30211"
"47,25800";"3,22681";"0,30395"
"47,26800";"3,21194";"0,30210"
"47,27800";"3,19694";"0,30292"
"47,28800";"3,18195";"0,29638"
"47,29800";"3,16696";"0,29528"
"47,30800";"3,15197";"0,29350"
"47,31800";"3,13697";"0,29743"
"47,32800";"3,12186";"0,29897"
"47,33800";"3,10687";"0,29724"
"47,34800";"3,09187";"0,29745"
"47,35800";"3,07700";"0,29749"
"47,36800";"3,06201";"0,29651"
"47,37800";"3,04701";"0,28923"
"47,38800";"3,03214";"0,28222"
"47,39800";"3,01715";"0,28396"
"47,40800";"3,00203";"0,28397"
"47,41800";"2,98692";"0,28585"
"47,42800";"2,97193";"0,28212"
"47,43800";"2,95706";"0,28192"
"47,44800";"2,94218";"0,28743"
"47,45800";"2,92719";"0,28895"
"47,46800";"2,91219";"0,28488"
"47,47800";"2,89720";"0,27972"
"47,48800";"2,88197";"0,28686"
"47,49800";"2,86686";"0,29582"
"47,50800";"2,85187";"0,29325"
"47,51800";"2,83688";"0,28956"
"47,52800";"2,82188";"0,28725"
"47,53800";"2,80689";"0,28643"
"47,54800";"2,79190";"0,28419"
"47,55800";"2,77690";"0,28341"
"47,56800";"2,76191";"0,29442"
"47,57800";"2,74668";"0,30255"
"47,58800";"2,73169";"0,30397"
"47,59800";"2,71693";"0,30376"
"47,60800";"2,70206";"0,30445"
"47,61800";"2,68694";"0,29798"
"47,62800";"2,67195";"0,29596"
"47,63800";"2,65696";"0,29808"
"47,64800";"2,64197";"0,29852"
"47,65800";"2,62685";"0,29518"
"47,66800";"2,61174";"0,29105"
"47,67800";"2,59687";"0,29049"
"47,68800";"2,58199";"0,30090"
"47,69800";"2,56700";"0,30775"
"47,70800";"2,55189";"0,31528"
"47,71800";"2,53701";"0,31551"
"47,72800";"2,52202";"0,30952"
"47,73800";"2,50691";"0,30266"
"47,74800";"2,49192";"0,30122"
"47,75800";"2,47704";"0,29607"
"47,76800";"2,46217";"0,28838"
"47,77800";"2,44717";"0,28663"
"47,78800";"2,43206";"0,28155"
"47,79800";"2,41695";"0,27706"
"47,80800";"2,40196";"0,28190"
"47,81800";"2,38673";"0,28828"
"47,82800";"2,37162";"0,29200"
"47,83800";"2,35663";"0,29021"
"47,84800";"2,34187";"0,28807"
"47,85800";"2,32699";"0,28253"
"47,86800";"2,31200";"0,27119"
"47,87800";"2,29701";"0,27245"
"47,88800";"2,28201";"0,28324"
"47,89800";"2,26702";"0,29381"
"47,90800";"2,25203";"0,30538"
"47,91800";"2,23703";"0,30658"
"47,92800";"2,22216";"0,29939"
"47,93800";"2,20717";"0,29730"
"47,94800";"2,19206";"0,30045"
"47,95800";"2,17706";"0,29914"
"47,96800";"2,16207";"0,29265"
"47,97800";"2,14708";"0,28855"
"47,98800";"2,13197";"0,29217"
"47,99800";"2,11709";"0,29952"
"48,00800";"2,10210";"0,29615"
"48,01800";"2,08710";"0,28941"
"48,02800";"2,07199";"0,27861"
"48,03800";"2,05688";"0,27443"
"48,04800";"2,04189";"0,27189"
"48,05800";"2,02690";"0,27214"
"48,06800";"2,01190";"0,27663"
"48,07800";"1,99703";"0,28442"
"48,08800";"1,98203";"0,28746"
"48,09800";"1,96704";"0,28668"
"48,10800";"1,95193";"0,28107"
"48,11800";"1,93694";"0,28599"
"48,12800";"1,92183";"0,28620"
"48,13800";"1,90683";"0,27966"
"48,14800";"1,89184";"0,27941"
"48,15800";"1,87685";"0,28654"
"48,16800";"1,86197";"0,29075"
"48,17800";"1,84698";"0,29532"
"48,18800";"1,83199";"0,30003"
"48,19800";"1,81699";"0,29381"
"48,20800";"1,80188";"0,28698"
"48,21800";"1,78689";"0,29209"
"48,22800";"1,77190";"0,29190"
"48,23800";"1,75702";"0,28901"
"48,24800";"1,74203";"0,29551"
"48,25800";"1,72703";"0,29854"
"48,26800";"1,71204";"0,29912"
"48,27800";"1,69705";"0,29666"
"48,28800";"1,68194";"0,28837"
"48,29800";"1,66694";"0,28403"
"48,30800";"1,65207";"0,28026"
"48,31800";"1,63708";"0,28162"
"48,32800";"1,62208";"0,28793"
"48,33800";"1,60709";"0,28787"
"48,34800";"1,59210";"0,29353"
"48,35800";"1,57710";"0,29860"
"48,36800";"1,56199";"0,29566"
"48,37800";"1,54700";"0,28759"
"48,38800";"1,53212";"0,28197"
"48,39800";"1,51713";"0,28027"
"48,40800";"1,50214";"0,27647"
"48,41800";"1,48691";"0,27704"
"48,42800";"1,47192";"0,28023"
"48,43800";"1,45692";"0,28625"
"48,44800";"1,44181";"0,28830"
"48,45800";"1,42682";"0,28522"
"48,46800";"1,41183";"0,28802"
"48,47800";"1,39695";"0,28929"
"48,48800";"1,38196";"0,28639"
"48,49800";"1,36697";"0,28883"
"48,50800";"1,35185";"0,29110"
"48,51800";"1,33698";"0,29161"
"48,52800";"1,32187";"0,29261"
"48,53800";"1,30687";"0,29475"
"48,54800";"1,29188";"0,28679"
"48,55800";"1,27701";"0,27877"
"48,56800";"1,26213";"0,27804"
"48,57800";"1,24702";"0,27369"
"48,58800";"1,23203";"0,27089"
"48,59800";"1,21715";"0,26918"
"48,60800";"1,20204";"0,27461"
"48,61800";"1,18705";"0,27675"
"48,62800";"1,17206";"0,28469"
"48,63800";"1,15718";"0,28467"
"48,64800";"1,14219";"0,29479"
"48,65800";"1,12708";"0,30273"
"48,66800";"1,11185";"0,30215"
"48,67800";"1,09685";"0,29352"
"48,68800";"1,08198";"0,28516"
"48,69800";"1,06699";"0,28250"
"48,70800";"1,05199";"0,28227"
"48,71800";"1,03700";"0,28073"
"48,72800";"1,02201";"0,28536"
"48,73800";"1,00701";"0,29254"
"48,74800";"0,99190";"0,29110"
"48,75800";"0,97691";"0,29390"
"48,76800";"0,96203";"0,29217"
"48,77800";"0,94704";"0,29643"
"48,78800";"0,93205";"0,30244"
"48,79800";"0,91706";"0,30769"
"48,80800";"0,90206";"0,30749"
"48,81800";"0,88707";"0,29553"
"48,82800";"0,87196";"0,28144"
"48,83800";"0,85685";"0,27752"
"48,84800";"0,84185";"0,28069"
"48,85800";"0,82698";"0,28581"
"48,86800";"0,81199";"0,29534"
"48,87800";"0,79688";"0,29853"
"48,88800";"0,78200";"0,29422"
"48,89800";"0,76712";"0,29233"
"48,90800";"0,75213";"0,29161"
"48,91800";"0,73714";"0,28987"
"48,92800";"0,72215";"0,29197"
"48,93800";"0,70715";"0,29039"
"48,94800";"0,69216";"0,28416"
"48,95800";"0,67705";"0,28575"
"48,96800";"0,66206";"0,28324"
"48,97800";"0,64718";"0,28456"
"48,98800";"0,63219";"0,28574"
"48,99800";"0,61708";"0,28687"
"49,00800";"0,60197";"0,28966"
"49,01800";"0,58709";"0,28787"
"49,02800";"0,57198";"0,28151"
"49,03800";"0,55699";"0,28402"
"49,04800";"0,54188";"0,28475"
"49,05800";"0,52688";"0,28652"
"49,06800";"0,51177";"0,28549"
"49,07800";"0,49666";"0,28661"
"49,08800";"0,48155";"0,28334"
"49,09800";"0,46679";"0,28096"
"49,10800";"0,45203";"0,28419"
"49,11800";"0,43692";"0,28384"
"49,12800";"0,42193";"0,27791"
"49,13800";"0,40694";"0,27455"
"49,14800";"0,39206";"0,27563"
"49,15800";"0,37683";"0,27994"
"49,16800";"0,36184";"0,28391"
"49,17800";"0,34685";"0,28113"
"49,18800";"0,33209";"0,27303"
"49,19800";"0,31710";"0,26796"
"49,20800";"0,30199";"0,26510"
"49,21800";"0,28699";"0,26895"
"49,22800";"0,27212";"0,27034"
"49,23800";"0,25701";"0,27879"
"49,24800";"0,24201";"0,29034"
"49,25800";"0,22702";"0,30232"
"49,26800";"0,21215";"0,30212"
"49,27800";"0,19715";"0,30272"
"49,28800";"0,18192";"0,29579"
"49,29800";"0,16681";"0,29624"
"49,30800";"0,15194";"0,29869"
"49,31800";"0,13694";"0,30051"
"49,32800";"0,12195";"0,30413"
"49,33800";"0,10708";"0,30214"
"49,34800";"0,09232";"0,29050"
"49,35800";"0,07744";"0,27459"
"49,36800";"0,06233";"0,26894"
"49,37800";"0,04722";"0,26973"
"49,38800";"0,03223";"0,27246"
"49,39800";"0,01724";"0,28399"
"49,40800";"0,00224";"0,29272"
"49,41000";"-0,00083";"0,29430"
