Hardness 1 : Kraftbei  Hardness 1;"376,36697";N
A1 : A1;"0,97254";J
A2 : A2;"0,15150";J
Springiness : Springiness;"0,00066";m
Cohesiveness : Cohesiveness;"0,15578";
Chewiness : Chewiness;"0,03843";J

Zeit;Traversenweg;Kraft
(s);(mm);(N)
"0,00000";"0,00000";"0,34267"
"0,01000";"0,00094";"0,34408"
"0,02000";"0,00555";"0,36464"
"0,03000";"0,01617";"0,39085"
"0,04000";"0,03117";"0,40595"
"0,05000";"0,04888";"0,40919"
"0,06000";"0,06776";"0,40301"
"0,07000";"0,08701";"0,38845"
"0,08000";"0,10590";"0,37211"
"0,09000";"0,12431";"0,35882"
"0,10000";"0,14214";"0,34936"
"0,11000";"0,15938";"0,34440"
"0,12000";"0,17614";"0,33892"
"0,13000";"0,19255";"0,34154"
"0,14000";"0,20872";"0,34669"
"0,15000";"0,22454";"0,35025"
"0,16000";"0,24036";"0,34787"
"0,17000";"0,25594";"0,34629"
"0,18000";"0,27141";"0,34450"
"0,19000";"0,28676";"0,34036"
"0,20000";"0,30199";"0,33662"
"0,21000";"0,31733";"0,34010"
"0,22000";"0,33256";"0,34120"
"0,23000";"0,34756";"0,34490"
"0,24000";"0,36267";"0,35478"
"0,25000";"0,37766";"0,35486"
"0,26000";"0,39265";"0,35252"
"0,27000";"0,40776";"0,35224"
"0,28000";"0,42288";"0,35212"
"0,29000";"0,43787";"0,35210"
"0,30000";"0,45310";"0,34875"
"0,31000";"0,46809";"0,34182"
"0,32000";"0,48308";"0,34084"
"0,33000";"0,49808";"0,34664"
"0,34000";"0,51295";"0,34430"
"0,35000";"0,52794";"0,34099"
"0,36000";"0,54294";"0,34006"
"0,37000";"0,55805";"0,34148"
"0,38000";"0,57304";"0,34910"
"0,39000";"0,58803";"0,35804"
"0,40000";"0,60303";"0,36261"
"0,41000";"0,61802";"0,36296"
"0,42000";"0,63313";"0,35748"
"0,43000";"0,64812";"0,35204"
"0,44000";"0,66312";"0,34501"
"0,45000";"0,67823";"0,34029"
"0,46000";"0,69322";"0,34684"
"0,47000";"0,70822";"0,33948"
"0,48000";"0,72309";"0,33044"
"0,49000";"0,73820";"0,33510"
"0,50000";"0,75308";"0,33599"
"0,51000";"0,76807";"0,33954"
"0,52000";"0,78318";"0,35129"
"0,53000";"0,79817";"0,35753"
"0,54000";"0,81328";"0,36231"
"0,55000";"0,82816";"0,36416"
"0,56000";"0,84303";"0,36038"
"0,57000";"0,85791";"0,35129"
"0,58000";"0,87290";"0,34068"
"0,59000";"0,88790";"0,33697"
"0,60000";"0,90289";"0,33656"
"0,61000";"0,91800";"0,34294"
"0,62000";"0,93299";"0,34213"
"0,63000";"0,94810";"0,34188"
"0,64000";"0,96310";"0,34517"
"0,65000";"0,97809";"0,34749"
"0,66000";"0,99308";"0,34800"
"0,67000";"1,00808";"0,34101"
"0,68000";"1,02307";"0,34215"
"0,69000";"1,03818";"0,34593"
"0,70000";"1,05317";"0,35210"
"0,71000";"1,06805";"0,35792"
"0,72000";"1,08304";"0,36083"
"0,73000";"1,09815";"0,35683"
"0,74000";"1,11303";"0,34735"
"0,75000";"1,12814";"0,33710"
"0,76000";"1,14313";"0,34234"
"0,77000";"1,15813";"0,34972"
"0,78000";"1,17312";"0,34621"
"0,79000";"1,18811";"0,34325"
"0,80000";"1,20310";"0,34171"
"0,81000";"1,21810";"0,34117"
"0,82000";"1,23309";"0,34275"
"0,83000";"1,24808";"0,34865"
"0,84000";"1,26319";"0,35034"
"0,85000";"1,27819";"0,35379"
"0,86000";"1,29306";"0,34898"
"0,87000";"1,30806";"0,34367"
"0,88000";"1,32305";"0,33529"
"0,89000";"1,33792";"0,33957"
"0,90000";"1,35292";"0,34204"
"0,91000";"1,36791";"0,34234"
"0,92000";"1,38302";"0,34156"
"0,93000";"1,39801";"0,34059"
"0,94000";"1,41313";"0,33455"
"0,95000";"1,42800";"0,33029"
"0,96000";"1,44311";"0,33332"
"0,97000";"1,45799";"0,33257"
"0,98000";"1,47298";"0,33271"
"0,99000";"1,48797";"0,33902"
"1,00000";"1,50308";"0,34727"
"1,01000";"1,51808";"0,35654"
"1,02000";"1,53307";"0,35680"
"1,03000";"1,54806";"0,35379"
"1,04000";"1,56306";"0,36072"
"1,05000";"1,57805";"0,36252"
"1,06000";"1,59304";"0,35610"
"1,07000";"1,60803";"0,35001"
"1,08000";"1,62315";"0,34889"
"1,09000";"1,63814";"0,34437"
"1,10000";"1,65301";"0,34286"
"1,11000";"1,66801";"0,34096"
"1,12000";"1,68300";"0,34131"
"1,13000";"1,69799";"0,34259"
"1,14000";"1,71310";"0,34125"
"1,15000";"1,72810";"0,34276"
"1,16000";"1,74321";"0,34420"
"1,17000";"1,75808";"0,33834"
"1,18000";"1,77308";"0,33547"
"1,19000";"1,78795";"0,33333"
"1,20000";"1,80294";"0,33310"
"1,21000";"1,81782";"0,34174"
"1,22000";"1,83281";"0,35607"
"1,23000";"1,84781";"0,37191"
"1,24000";"1,86292";"0,36887"
"1,25000";"1,87791";"0,36065"
"1,26000";"1,89290";"0,35590"
"1,27000";"1,90778";"0,35388"
"1,28000";"1,92265";"0,34724"
"1,29000";"1,93765";"0,33737"
"1,30000";"1,95264";"0,33744"
"1,31000";"1,96775";"0,35240"
"1,32000";"1,98286";"0,36111"
"1,33000";"1,99797";"0,35621"
"1,34000";"2,01297";"0,34658"
"1,35000";"2,02796";"0,34156"
"1,36000";"2,04295";"0,34643"
"1,37000";"2,05783";"0,34921"
"1,38000";"2,07294";"0,34802"
"1,39000";"2,08805";"0,34784"
"1,40000";"2,10304";"0,34610"
"1,41000";"2,11803";"0,34510"
"1,42000";"2,13303";"0,34267"
"1,43000";"2,14814";"0,34012"
"1,44000";"2,16313";"0,33738"
"1,45000";"2,17813";"0,33741"
"1,46000";"2,19312";"0,33974"
"1,47000";"2,20823";"0,34855"
"1,48000";"2,22322";"0,35730"
"1,49000";"2,23810";"0,36162"
"1,50000";"2,25309";"0,35902"
"1,51000";"2,26797";"0,35918"
"1,52000";"2,28272";"0,35798"
"1,53000";"2,29760";"0,35881"
"1,54000";"2,31271";"0,36331"
"1,55000";"2,32782";"0,36035"
"1,56000";"2,34281";"0,35168"
"1,57000";"2,35781";"0,34796"
"1,58000";"2,37292";"0,34257"
"1,59000";"2,38803";"0,34726"
"1,60000";"2,40302";"0,34995"
"1,61000";"2,41801";"0,35026"
"1,62000";"2,43301";"0,35178"
"1,63000";"2,44812";"0,34712"
"1,64000";"2,46323";"0,34289"
"1,65000";"2,47834";"0,34437"
"1,66000";"2,49345";"0,34702"
"1,67000";"2,50844";"0,34781"
"1,68000";"2,52332";"0,34990"
"1,69000";"2,53819";"0,35041"
"1,70000";"2,55307";"0,34471"
"1,71000";"2,56806";"0,34784"
"1,72000";"2,58306";"0,35035"
"1,73000";"2,59805";"0,34690"
"1,74000";"2,61292";"0,34042"
"1,75000";"2,62792";"0,33189"
"1,76000";"2,64291";"0,32956"
"1,77000";"2,65778";"0,33353"
"1,78000";"2,67266";"0,34196"
"1,79000";"2,68753";"0,34135"
"1,80000";"2,70253";"0,34286"
"1,81000";"2,71740";"0,34253"
"1,82000";"2,73251";"0,34629"
"1,83000";"2,74751";"0,34607"
"1,84000";"2,76250";"0,35377"
"1,85000";"2,77761";"0,36396"
"1,86000";"2,79284";"0,37018"
"1,87000";"2,80795";"0,36923"
"1,88000";"2,82306";"0,35712"
"1,89000";"2,83817";"0,34376"
"1,90000";"2,85328";"0,33774"
"1,91000";"2,86828";"0,33593"
"1,92000";"2,88315";"0,33709"
"1,93000";"2,89826";"0,34072"
"1,94000";"2,91326";"0,33711"
"1,95000";"2,92837";"0,32543"
"1,96000";"2,94336";"0,32337"
"1,97000";"2,95847";"0,33167"
"1,98000";"2,97335";"0,33677"
"1,99000";"2,98834";"0,33472"
"2,00000";"3,00322";"0,33564"
"2,01000";"3,01821";"0,33833"
"2,02000";"3,03308";"0,34703"
"2,03000";"3,04808";"0,35254"
"2,04000";"3,06295";"0,35734"
"2,05000";"3,07794";"0,35548"
"2,06000";"3,09306";"0,35373"
"2,07000";"3,10793";"0,34600"
"2,08000";"3,12281";"0,34457"
"2,09000";"3,13768";"0,34338"
"2,10000";"3,15244";"0,33975"
"2,11000";"3,16731";"0,33023"
"2,12000";"3,18231";"0,32742"
"2,13000";"3,19742";"0,32877"
"2,14000";"3,21253";"0,33453"
"2,15000";"3,22776";"0,34024"
"2,16000";"3,24287";"0,35043"
"2,17000";"3,25810";"0,35586"
"2,18000";"3,27321";"0,34728"
"2,19000";"3,28820";"0,33659"
"2,20000";"3,30319";"0,32936"
"2,21000";"3,31831";"0,33092"
"2,22000";"3,33330";"0,33757"
"2,23000";"3,34829";"0,34596"
"2,24000";"3,36328";"0,34933"
"2,25000";"3,37840";"0,34920"
"2,26000";"3,39351";"0,34900"
"2,27000";"3,40850";"0,35204"
"2,28000";"3,42349";"0,35501"
"2,29000";"3,43849";"0,35591"
"2,30000";"3,45336";"0,35666"
"2,31000";"3,46824";"0,35566"
"2,32000";"3,48311";"0,34432"
"2,33000";"3,49810";"0,34006"
"2,34000";"3,51298";"0,34735"
"2,35000";"3,52785";"0,35104"
"2,36000";"3,54273";"0,35148"
"2,37000";"3,55772";"0,35235"
"2,38000";"3,57272";"0,35961"
"2,39000";"3,58747";"0,35702"
"2,40000";"3,60235";"0,35152"
"2,41000";"3,61734";"0,35216"
"2,42000";"3,63245";"0,35039"
"2,43000";"3,64756";"0,35177"
"2,44000";"3,66267";"0,35596"
"2,45000";"3,67778";"0,35110"
"2,46000";"3,69278";"0,34124"
"2,47000";"3,70777";"0,34153"
"2,48000";"3,72276";"0,33981"
"2,49000";"3,73799";"0,33212"
"2,50000";"3,75299";"0,33482"
"2,51000";"3,76822";"0,33881"
"2,52000";"3,78344";"0,34501"
"2,53000";"3,79844";"0,34246"
"2,54000";"3,81331";"0,34450"
"2,55000";"3,82831";"0,34447"
"2,56000";"3,84342";"0,33792"
"2,57000";"3,85841";"0,33897"
"2,58000";"3,87340";"0,35031"
"2,59000";"3,88840";"0,35697"
"2,60000";"3,90339";"0,35678"
"2,61000";"3,91838";"0,35533"
"2,62000";"3,93338";"0,34918"
"2,63000";"3,94825";"0,34301"
"2,64000";"3,96312";"0,34066"
"2,65000";"3,97812";"0,34421"
"2,66000";"3,99311";"0,35379"
"2,67000";"4,00799";"0,35842"
"2,68000";"4,02274";"0,35466"
"2,69000";"4,03762";"0,35218"
"2,70000";"4,05261";"0,35418"
"2,71000";"4,06749";"0,35593"
"2,72000";"4,08248";"0,35521"
"2,73000";"4,09759";"0,35733"
"2,74000";"4,11282";"0,35253"
"2,75000";"4,12793";"0,34350"
"2,76000";"4,14292";"0,34293"
"2,77000";"4,15803";"0,34646"
"2,78000";"4,17315";"0,34763"
"2,79000";"4,18826";"0,34808"
"2,80000";"4,20337";"0,35255"
"2,81000";"4,21848";"0,35482"
"2,82000";"4,23359";"0,35818"
"2,83000";"4,24847";"0,36277"
"2,84000";"4,26334";"0,37126"
"2,85000";"4,27833";"0,36653"
"2,86000";"4,29321";"0,36142"
"2,87000";"4,30808";"0,34594"
"2,88000";"4,32308";"0,34274"
"2,89000";"4,33807";"0,33686"
"2,90000";"4,35318";"0,34028"
"2,91000";"4,36829";"0,34951"
"2,92000";"4,38328";"0,35657"
"2,93000";"4,39816";"0,35849"
"2,94000";"4,41315";"0,35462"
"2,95000";"4,42803";"0,34653"
"2,96000";"4,44302";"0,34198"
"2,97000";"4,45790";"0,33302"
"2,98000";"4,47289";"0,33059"
"2,99000";"4,48788";"0,32808"
"3,00000";"4,50288";"0,33279"
"3,01000";"4,51775";"0,34361"
"3,02000";"4,53263";"0,34902"
"3,03000";"4,54762";"0,34798"
"3,04000";"4,56273";"0,34894"
"3,05000";"4,57784";"0,35479"
"3,06000";"4,59283";"0,36009"
"3,07000";"4,60794";"0,36200"
"3,08000";"4,62294";"0,36288"
"3,09000";"4,63793";"0,36340"
"3,10000";"4,65292";"0,35605"
"3,11000";"4,66804";"0,35350"
"3,12000";"4,68315";"0,35605"
"3,13000";"4,69826";"0,34963"
"3,14000";"4,71325";"0,34648"
"3,15000";"4,72824";"0,34686"
"3,16000";"4,74335";"0,34675"
"3,17000";"4,75823";"0,35012"
"3,18000";"4,77310";"0,35081"
"3,19000";"4,78810";"0,35197"
"3,20000";"4,80297";"0,35367"
"3,21000";"4,81808";"0,35421"
"3,22000";"4,83319";"0,34614"
"3,23000";"4,84807";"0,33621"
"3,24000";"4,86306";"0,33458"
"3,25000";"4,87794";"0,33533"
"3,26000";"4,89269";"0,34076"
"3,27000";"4,90769";"0,34116"
"3,28000";"4,92268";"0,34015"
"3,29000";"4,93767";"0,34463"
"3,30000";"4,95267";"0,35328"
"3,31000";"4,96766";"0,34986"
"3,32000";"4,98277";"0,34424"
"3,33000";"4,99788";"0,34656"
"3,34000";"5,01299";"0,34824"
"3,35000";"5,02810";"0,34171"
"3,36000";"5,04322";"0,33444"
"3,37000";"5,05833";"0,32857"
"3,38000";"5,07344";"0,32913"
"3,39000";"5,08843";"0,33023"
"3,40000";"5,10342";"0,33385"
"3,41000";"5,11830";"0,34441"
"3,42000";"5,13317";"0,35679"
"3,43000";"5,14817";"0,36076"
"3,44000";"5,16316";"0,36195"
"3,45000";"5,17827";"0,35995"
"3,46000";"5,19326";"0,35024"
"3,47000";"5,20814";"0,33799"
"3,48000";"5,22313";"0,33350"
"3,49000";"5,23801";"0,33575"
"3,50000";"5,25288";"0,34560"
"3,51000";"5,26788";"0,35245"
"3,52000";"5,28299";"0,36485"
"3,53000";"5,29798";"0,37928"
"3,54000";"5,31297";"0,39922"
"3,55000";"5,32785";"0,41807"
"3,56000";"5,34272";"0,44512"
"3,57000";"5,35772";"0,47439"
"3,58000";"5,37271";"0,50866"
"3,59000";"5,38782";"0,53770"
"3,60000";"5,40281";"0,57042"
"3,61000";"5,41804";"0,60910"
"3,62000";"5,43303";"0,64354"
"3,63000";"5,44803";"0,67264"
"3,64000";"5,46314";"0,70785"
"3,65000";"5,47801";"0,75114"
"3,66000";"5,49312";"0,79382"
"3,67000";"5,50824";"0,84423"
"3,68000";"5,52323";"0,90048"
"3,69000";"5,53822";"0,96792"
"3,70000";"5,55322";"1,03671"
"3,71000";"5,56821";"1,11485"
"3,72000";"5,58308";"1,18939"
"3,73000";"5,59796";"1,26482"
"3,74000";"5,61295";"1,33506"
"3,75000";"5,62806";"1,40571"
"3,76000";"5,64306";"1,47593"
"3,77000";"5,65805";"1,56008"
"3,78000";"5,67304";"1,64497"
"3,79000";"5,68815";"1,73000"
"3,80000";"5,70315";"1,81683"
"3,81000";"5,71802";"1,90585"
"3,82000";"5,73301";"1,99697"
"3,83000";"5,74813";"2,08922"
"3,84000";"5,76312";"2,17952"
"3,85000";"5,77811";"2,26664"
"3,86000";"5,79299";"2,35078"
"3,87000";"5,80798";"2,44331"
"3,88000";"5,82297";"2,52898"
"3,89000";"5,83785";"2,62055"
"3,90000";"5,85296";"2,71208"
"3,91000";"5,86807";"2,80058"
"3,92000";"5,88318";"2,88302"
"3,93000";"5,89817";"2,97419"
"3,94000";"5,91317";"3,07382"
"3,95000";"5,92816";"3,17480"
"3,96000";"5,94315";"3,26545"
"3,97000";"5,95803";"3,35870"
"3,98000";"5,97302";"3,44688"
"3,99000";"5,98813";"3,53566"
"4,00000";"6,00312";"3,62086"
"4,01000";"6,01812";"3,70116"
"4,02000";"6,03311";"3,79099"
"4,03000";"6,04822";"3,88129"
"4,04000";"6,06310";"3,97240"
"4,05000";"6,07809";"4,06105"
"4,06000";"6,09308";"4,15333"
"4,07000";"6,10796";"4,25182"
"4,08000";"6,12295";"4,34746"
"4,09000";"6,13794";"4,43658"
"4,10000";"6,15282";"4,52530"
"4,11000";"6,16793";"4,61090"
"4,12000";"6,18281";"4,69441"
"4,13000";"6,19780";"4,77830"
"4,14000";"6,21291";"4,86343"
"4,15000";"6,22802";"4,94189"
"4,16000";"6,24313";"5,02819"
"4,17000";"6,25812";"5,11468"
"4,18000";"6,27324";"5,20511"
"4,19000";"6,28811";"5,29839"
"4,20000";"6,30299";"5,37560"
"4,21000";"6,31798";"5,45445"
"4,22000";"6,33309";"5,54165"
"4,23000";"6,34808";"5,63029"
"4,24000";"6,36308";"5,72153"
"4,25000";"6,37807";"5,81165"
"4,26000";"6,39306";"5,89169"
"4,27000";"6,40806";"5,97487"
"4,28000";"6,42293";"6,05583"
"4,29000";"6,43792";"6,13714"
"4,30000";"6,45303";"6,22920"
"4,31000";"6,46803";"6,32062"
"4,32000";"6,48302";"6,41338"
"4,33000";"6,49790";"6,49709"
"4,34000";"6,51289";"6,58927"
"4,35000";"6,52788";"6,68733"
"4,36000";"6,54287";"6,78005"
"4,37000";"6,55775";"6,86466"
"4,38000";"6,57286";"6,94705"
"4,39000";"6,58797";"7,02993"
"4,40000";"6,60297";"7,11332"
"4,41000";"6,61796";"7,19566"
"4,42000";"6,63295";"7,27381"
"4,43000";"6,64794";"7,35548"
"4,44000";"6,66282";"7,44453"
"4,45000";"6,67781";"7,53348"
"4,46000";"6,69292";"7,62153"
"4,47000";"6,70792";"7,69959"
"4,48000";"6,72291";"7,78227"
"4,49000";"6,73790";"7,86990"
"4,50000";"6,75290";"7,96748"
"4,51000";"6,76801";"8,06659"
"4,52000";"6,78288";"8,14731"
"4,53000";"6,79799";"8,22854"
"4,54000";"6,81299";"8,31868"
"4,55000";"6,82798";"8,40933"
"4,56000";"6,84297";"8,50334"
"4,57000";"6,85796";"8,59645"
"4,58000";"6,87296";"8,68349"
"4,59000";"6,88795";"8,77005"
"4,60000";"6,90294";"8,86265"
"4,61000";"6,91794";"8,95034"
"4,62000";"6,93293";"9,03759"
"4,63000";"6,94804";"9,12564"
"4,64000";"6,96303";"9,21990"
"4,65000";"6,97803";"9,30952"
"4,66000";"6,99302";"9,40064"
"4,67000";"7,00790";"9,49822"
"4,68000";"7,02289";"9,59249"
"4,69000";"7,03788";"9,68278"
"4,70000";"7,05288";"9,76915"
"4,71000";"7,06787";"9,85726"
"4,72000";"7,08298";"9,94998"
"4,73000";"7,09797";"10,04053"
"4,74000";"7,11297";"10,13350"
"4,75000";"7,12796";"10,22921"
"4,76000";"7,14283";"10,33165"
"4,77000";"7,15794";"10,43453"
"4,78000";"7,17306";"10,53476"
"4,79000";"7,18805";"10,63117"
"4,80000";"7,20304";"10,72342"
"4,81000";"7,21803";"10,81695"
"4,82000";"7,23303";"10,91031"
"4,83000";"7,24802";"11,00053"
"4,84000";"7,26301";"11,09296"
"4,85000";"7,27801";"11,19112"
"4,86000";"7,29300";"11,29572"
"4,87000";"7,30811";"11,39736"
"4,88000";"7,32310";"11,49115"
"4,89000";"7,33810";"11,58372"
"4,90000";"7,35297";"11,67064"
"4,91000";"7,36797";"11,76463"
"4,92000";"7,38296";"11,86553"
"4,93000";"7,39807";"11,96156"
"4,94000";"7,41318";"12,05792"
"4,95000";"7,42817";"12,14952"
"4,96000";"7,44305";"12,25096"
"4,97000";"7,45804";"12,35896"
"4,98000";"7,47292";"12,47242"
"4,99000";"7,48791";"12,58283"
"5,00000";"7,50290";"12,68384"
"5,01000";"7,51801";"12,78242"
"5,02000";"7,53301";"12,88284"
"5,03000";"7,54800";"12,98547"
"5,04000";"7,56299";"13,08584"
"5,05000";"7,57799";"13,19010"
"5,06000";"7,59286";"13,29078"
"5,07000";"7,60774";"13,38380"
"5,08000";"7,62273";"13,48436"
"5,09000";"7,63772";"13,58885"
"5,10000";"7,65295";"13,69242"
"5,11000";"7,66806";"13,79979"
"5,12000";"7,68294";"13,90842"
"5,13000";"7,69793";"14,01045"
"5,14000";"7,71292";"14,11866"
"5,15000";"7,72792";"14,22826"
"5,16000";"7,74291";"14,33630"
"5,17000";"7,75790";"14,43432"
"5,18000";"7,77278";"14,53255"
"5,19000";"7,78777";"14,63313"
"5,20000";"7,80265";"14,74087"
"5,21000";"7,81776";"14,84807"
"5,22000";"7,83263";"14,94925"
"5,23000";"7,84762";"15,04907"
"5,24000";"7,86274";"15,15452"
"5,25000";"7,87785";"15,27141"
"5,26000";"7,89296";"15,39039"
"5,27000";"7,90795";"15,50004"
"5,28000";"7,92294";"15,60271"
"5,29000";"7,93794";"15,70985"
"5,30000";"7,95293";"15,81842"
"5,31000";"7,96792";"15,92773"
"5,32000";"7,98292";"16,03720"
"5,33000";"7,99803";"16,14837"
"5,34000";"8,01302";"16,25670"
"5,35000";"8,02813";"16,36357"
"5,36000";"8,04313";"16,46492"
"5,37000";"8,05812";"16,57458"
"5,38000";"8,07311";"16,69204"
"5,39000";"8,08799";"16,80930"
"5,40000";"8,10298";"16,91306"
"5,41000";"8,11797";"17,01919"
"5,42000";"8,13297";"17,12657"
"5,43000";"8,14796";"17,24275"
"5,44000";"8,16295";"17,36157"
"5,45000";"8,17794";"17,47124"
"5,46000";"8,19294";"17,58603"
"5,47000";"8,20793";"17,70200"
"5,48000";"8,22292";"17,81697"
"5,49000";"8,23792";"17,92935"
"5,50000";"8,25303";"18,04378"
"5,51000";"8,26814";"18,16381"
"5,52000";"8,28313";"18,28009"
"5,53000";"8,29813";"18,39177"
"5,54000";"8,31312";"18,50671"
"5,55000";"8,32811";"18,62486"
"5,56000";"8,34322";"18,74023"
"5,57000";"8,35833";"18,84949"
"5,58000";"8,37321";"18,97105"
"5,59000";"8,38820";"19,09366"
"5,60000";"8,40308";"19,20601"
"5,61000";"8,41795";"19,32260"
"5,62000";"8,43283";"19,44001"
"5,63000";"8,44782";"19,56020"
"5,64000";"8,46293";"19,67337"
"5,65000";"8,47792";"19,78280"
"5,66000";"8,49304";"19,89882"
"5,67000";"8,50815";"20,01954"
"5,68000";"8,52314";"20,14428"
"5,69000";"8,53801";"20,26717"
"5,70000";"8,55301";"20,38833"
"5,71000";"8,56800";"20,51439"
"5,72000";"8,58311";"20,63609"
"5,73000";"8,59810";"20,75727"
"5,74000";"8,61322";"20,88646"
"5,75000";"8,62833";"21,01571"
"5,76000";"8,64320";"21,14030"
"5,77000";"8,65808";"21,26886"
"5,78000";"8,67295";"21,38234"
"5,79000";"8,68795";"21,49204"
"5,80000";"8,70306";"21,61136"
"5,81000";"8,71793";"21,74061"
"5,82000";"8,73292";"21,87543"
"5,83000";"8,74792";"22,01204"
"5,84000";"8,76291";"22,14587"
"5,85000";"8,77790";"22,27299"
"5,86000";"8,79278";"22,39387"
"5,87000";"8,80789";"22,51325"
"5,88000";"8,82288";"22,64203"
"5,89000";"8,83799";"22,78224"
"5,90000";"8,85287";"22,91726"
"5,91000";"8,86798";"23,05097"
"5,92000";"8,88297";"23,18660"
"5,93000";"8,89785";"23,32172"
"5,94000";"8,91284";"23,45794"
"5,95000";"8,92783";"23,59180"
"5,96000";"8,94294";"23,72322"
"5,97000";"8,95794";"23,86347"
"5,98000";"8,97281";"23,99565"
"5,99000";"8,98780";"24,12251"
"6,00000";"9,00292";"24,25080"
"6,01000";"9,01779";"24,37934"
"6,02000";"9,03279";"24,50696"
"6,03000";"9,04790";"24,64966"
"6,04000";"9,06289";"24,79538"
"6,05000";"9,07800";"24,93377"
"6,06000";"9,09287";"25,07092"
"6,07000";"9,10799";"25,20134"
"6,08000";"9,12298";"25,33863"
"6,09000";"9,13797";"25,48002"
"6,10000";"9,15297";"25,63319"
"6,11000";"9,16796";"25,77845"
"6,12000";"9,18307";"25,92452"
"6,13000";"9,19806";"26,07214"
"6,14000";"9,21317";"26,21330"
"6,15000";"9,22817";"26,34930"
"6,16000";"9,24316";"26,49562"
"6,17000";"9,25815";"26,64569"
"6,18000";"9,27315";"26,78477"
"6,19000";"9,28814";"26,92435"
"6,20000";"9,30313";"27,07567"
"6,21000";"9,31813";"27,21878"
"6,22000";"9,33312";"27,36896"
"6,23000";"9,34811";"27,52513"
"6,24000";"9,36299";"27,67418"
"6,25000";"9,37810";"27,82460"
"6,26000";"9,39297";"27,97174"
"6,27000";"9,40797";"28,12115"
"6,28000";"9,42308";"28,27316"
"6,29000";"9,43819";"28,43397"
"6,30000";"9,45318";"28,59633"
"6,31000";"9,46829";"28,75548"
"6,32000";"9,48317";"28,91755"
"6,33000";"9,49804";"29,07800"
"6,34000";"9,51315";"29,22657"
"6,35000";"9,52803";"29,37124"
"6,36000";"9,54302";"29,52606"
"6,37000";"9,55801";"29,68690"
"6,38000";"9,57312";"29,84986"
"6,39000";"9,58812";"30,01364"
"6,40000";"9,60299";"30,18185"
"6,41000";"9,61799";"30,34452"
"6,42000";"9,63298";"30,50618"
"6,43000";"9,64797";"30,66403"
"6,44000";"9,66297";"30,82571"
"6,45000";"9,67784";"30,99168"
"6,46000";"9,69295";"31,16161"
"6,47000";"9,70806";"31,33703"
"6,48000";"9,72294";"31,50736"
"6,49000";"9,73805";"31,67740"
"6,50000";"9,75304";"31,84562"
"6,51000";"9,76803";"32,02429"
"6,52000";"9,78303";"32,19752"
"6,53000";"9,79790";"32,37083"
"6,54000";"9,81290";"32,54409"
"6,55000";"9,82789";"32,71581"
"6,56000";"9,84276";"32,88573"
"6,57000";"9,85764";"33,05769"
"6,58000";"9,87275";"33,23262"
"6,59000";"9,88786";"33,40529"
"6,60000";"9,90297";"33,58738"
"6,61000";"9,91808";"33,77792"
"6,62000";"9,93308";"33,96672"
"6,63000";"9,94807";"34,15515"
"6,64000";"9,96294";"34,34288"
"6,65000";"9,97794";"34,52995"
"6,66000";"9,99293";"34,71222"
"6,67000";"10,00804";"34,89006"
"6,68000";"10,02304";"35,07222"
"6,69000";"10,03803";"35,26612"
"6,70000";"10,05314";"35,45889"
"6,71000";"10,06813";"35,65105"
"6,72000";"10,08301";"35,84740"
"6,73000";"10,09800";"36,03704"
"6,74000";"10,11299";"36,21833"
"6,75000";"10,12810";"36,41024"
"6,76000";"10,14310";"36,61190"
"6,77000";"10,15809";"36,81392"
"6,78000";"10,17320";"37,01423"
"6,79000";"10,18820";"37,22012"
"6,80000";"10,20319";"37,42563"
"6,81000";"10,21818";"37,62489"
"6,82000";"10,23318";"37,82064"
"6,83000";"10,24828";"38,01498"
"6,84000";"10,26328";"38,21126"
"6,85000";"10,27827";"38,41446"
"6,86000";"10,29315";"38,61949"
"6,87000";"10,30814";"38,82845"
"6,88000";"10,32313";"39,03228"
"6,89000";"10,33813";"39,23447"
"6,90000";"10,35312";"39,44342"
"6,91000";"10,36823";"39,65781"
"6,92000";"10,38334";"39,88154"
"6,93000";"10,39833";"40,10408"
"6,94000";"10,41333";"40,32690"
"6,95000";"10,42820";"40,54590"
"6,96000";"10,44308";"40,76946"
"6,97000";"10,45807";"40,98237"
"6,98000";"10,47318";"41,20023"
"6,99000";"10,48817";"41,42698"
"7,00000";"10,50317";"41,65784"
"7,01000";"10,51816";"41,88554"
"7,02000";"10,53315";"42,10042"
"7,03000";"10,54803";"42,31823"
"7,04000";"10,56290";"42,53511"
"7,05000";"10,57790";"42,76143"
"7,06000";"10,59289";"42,99004"
"7,07000";"10,60788";"43,22079"
"7,08000";"10,62288";"43,45129"
"7,09000";"10,63787";"43,68918"
"7,10000";"10,65286";"43,92752"
"7,11000";"10,66785";"44,16663"
"7,12000";"10,68285";"44,40447"
"7,13000";"10,69784";"44,63904"
"7,14000";"10,71283";"44,88020"
"7,15000";"10,72783";"45,13005"
"7,16000";"10,74282";"45,37485"
"7,17000";"10,75781";"45,61679"
"7,18000";"10,77281";"45,86100"
"7,19000";"10,78780";"46,10357"
"7,20000";"10,80279";"46,35142"
"7,21000";"10,81779";"46,60482"
"7,22000";"10,83290";"46,86371"
"7,23000";"10,84789";"47,11855"
"7,24000";"10,86288";"47,36920"
"7,25000";"10,87788";"47,62083"
"7,26000";"10,89287";"47,87334"
"7,27000";"10,90786";"48,12533"
"7,28000";"10,92285";"48,38397"
"7,29000";"10,93797";"48,64645"
"7,30000";"10,95308";"48,91360"
"7,31000";"10,96807";"49,18491"
"7,32000";"10,98306";"49,45082"
"7,33000";"10,99817";"49,71727"
"7,34000";"11,01305";"49,98485"
"7,35000";"11,02804";"50,25421"
"7,36000";"11,04303";"50,52289"
"7,37000";"11,05803";"50,78147"
"7,38000";"11,07302";"51,04165"
"7,39000";"11,08801";"51,31118"
"7,40000";"11,10301";"51,58348"
"7,41000";"11,11800";"51,86205"
"7,42000";"11,13299";"52,13787"
"7,43000";"11,14799";"52,41124"
"7,44000";"11,16298";"52,68133"
"7,45000";"11,17809";"52,95925"
"7,46000";"11,19308";"53,24561"
"7,47000";"11,20808";"53,53738"
"7,48000";"11,22307";"53,82550"
"7,49000";"11,23794";"54,11554"
"7,50000";"11,25306";"54,40670"
"7,51000";"11,26793";"54,70058"
"7,52000";"11,28304";"54,99244"
"7,53000";"11,29803";"55,28286"
"7,54000";"11,31315";"55,57956"
"7,55000";"11,32814";"55,87737"
"7,56000";"11,34301";"56,17981"
"7,57000";"11,35801";"56,48262"
"7,58000";"11,37300";"56,78590"
"7,59000";"11,38788";"57,09254"
"7,60000";"11,40298";"57,39112"
"7,61000";"11,41798";"57,69647"
"7,62000";"11,43309";"58,00603"
"7,63000";"11,44808";"58,31593"
"7,64000";"11,46319";"58,63370"
"7,65000";"11,47807";"58,95643"
"7,66000";"11,49306";"59,26852"
"7,67000";"11,50806";"59,57158"
"7,68000";"11,52305";"59,87292"
"7,69000";"11,53816";"60,17311"
"7,70000";"11,55315";"60,48748"
"7,71000";"11,56815";"60,80799"
"7,72000";"11,58314";"61,12354"
"7,73000";"11,59825";"61,43169"
"7,74000";"11,61312";"61,74516"
"7,75000";"11,62812";"62,06224"
"7,76000";"11,64311";"62,37918"
"7,77000";"11,65799";"62,69872"
"7,78000";"11,67298";"63,02205"
"7,79000";"11,68797";"63,34766"
"7,80000";"11,70296";"63,67179"
"7,81000";"11,71796";"63,99664"
"7,82000";"11,73295";"64,32319"
"7,83000";"11,74794";"64,65261"
"7,84000";"11,76306";"64,99264"
"7,85000";"11,77805";"65,33643"
"7,86000";"11,79304";"65,66991"
"7,87000";"11,80792";"66,00200"
"7,88000";"11,82303";"66,33066"
"7,89000";"11,83802";"66,66586"
"7,90000";"11,85290";"67,00193"
"7,91000";"11,86789";"67,32958"
"7,92000";"11,88288";"67,65771"
"7,93000";"11,89799";"67,99313"
"7,94000";"11,91299";"68,33286"
"7,95000";"11,92798";"68,67570"
"7,96000";"11,94297";"69,01827"
"7,97000";"11,95797";"69,36171"
"7,98000";"11,97284";"69,69778"
"7,99000";"11,98783";"70,02964"
"8,00000";"12,00294";"70,35835"
"8,01000";"12,01794";"70,70121"
"8,02000";"12,03293";"71,05322"
"8,03000";"12,04792";"71,40915"
"8,04000";"12,06292";"71,75690"
"8,05000";"12,07803";"72,10136"
"8,06000";"12,09290";"72,44979"
"8,07000";"12,10790";"72,79902"
"8,08000";"12,12289";"73,15164"
"8,09000";"12,13800";"73,50508"
"8,10000";"12,15299";"73,85263"
"8,11000";"12,16787";"74,20241"
"8,12000";"12,18286";"74,55071"
"8,13000";"12,19774";"74,90353"
"8,14000";"12,21273";"75,25454"
"8,15000";"12,22772";"75,60127"
"8,16000";"12,24283";"75,94580"
"8,17000";"12,25795";"76,29670"
"8,18000";"12,27294";"76,65819"
"8,19000";"12,28793";"77,02080"
"8,20000";"12,30280";"77,37453"
"8,21000";"12,31768";"77,70737"
"8,22000";"12,33267";"78,03732"
"8,23000";"12,34767";"78,36932"
"8,24000";"12,36278";"78,70966"
"8,25000";"12,37789";"79,05842"
"8,26000";"12,39300";"79,42107"
"8,27000";"12,40799";"79,77980"
"8,28000";"12,42310";"80,13577"
"8,29000";"12,43798";"80,48618"
"8,30000";"12,45297";"80,82620"
"8,31000";"12,46808";"81,14984"
"8,32000";"12,48296";"81,46918"
"8,33000";"12,49807";"81,79204"
"8,34000";"12,51306";"82,11863"
"8,35000";"12,52805";"82,44323"
"8,36000";"12,54305";"82,76627"
"8,37000";"12,55792";"83,09163"
"8,38000";"12,57292";"83,40937"
"8,39000";"12,58779";"83,71812"
"8,40000";"12,60278";"84,02878"
"8,41000";"12,61778";"84,33759"
"8,42000";"12,63277";"84,64610"
"8,43000";"12,64776";"84,95982"
"8,44000";"12,66288";"85,27705"
"8,45000";"12,67787";"85,58647"
"8,46000";"12,69298";"85,88567"
"8,47000";"12,70809";"86,16879"
"8,48000";"12,72308";"86,45650"
"8,49000";"12,73819";"86,74694"
"8,50000";"12,75331";"87,03934"
"8,51000";"12,76818";"87,32104"
"8,52000";"12,78317";"87,58533"
"8,53000";"12,79805";"87,83989"
"8,54000";"12,81304";"88,08566"
"8,55000";"12,82815";"88,32717"
"8,56000";"12,84315";"88,57352"
"8,57000";"12,85814";"88,82299"
"8,58000";"12,87313";"89,05956"
"8,59000";"12,88813";"89,27551"
"8,60000";"12,90300";"89,47129"
"8,61000";"12,91776";"89,65599"
"8,62000";"12,93275";"89,83477"
"8,63000";"12,94786";"90,00880"
"8,64000";"12,96285";"90,17785"
"8,65000";"12,97773";"90,34540"
"8,66000";"12,99284";"90,50178"
"8,67000";"13,00783";"90,64600"
"8,68000";"13,02294";"90,78826"
"8,69000";"13,03794";"90,91959"
"8,70000";"13,05293";"91,02563"
"8,71000";"13,06804";"91,11040"
"8,72000";"13,08327";"91,19339"
"8,73000";"13,09814";"91,26620"
"8,74000";"13,11314";"91,31445"
"8,75000";"13,12813";"91,33190"
"8,76000";"13,14301";"91,33502"
"8,77000";"13,15776";"91,31310"
"8,78000";"13,17276";"91,25591"
"8,79000";"13,18787";"91,17202"
"8,80000";"13,20286";"91,06144"
"8,81000";"13,21797";"90,93990"
"8,82000";"13,23297";"90,82851"
"8,83000";"13,24808";"90,73386"
"8,84000";"13,26295";"90,65189"
"8,85000";"13,27783";"90,55466"
"8,86000";"13,29282";"90,43394"
"8,87000";"13,30781";"90,32958"
"8,88000";"13,32292";"90,25680"
"8,89000";"13,33792";"90,19440"
"8,90000";"13,35303";"90,12375"
"8,91000";"13,36790";"90,05016"
"8,92000";"13,38290";"89,96439"
"8,93000";"13,39789";"89,86328"
"8,94000";"13,41288";"89,75606"
"8,95000";"13,42787";"89,64789"
"8,96000";"13,44287";"89,54339"
"8,97000";"13,45786";"89,43711"
"8,98000";"13,47297";"89,31666"
"8,99000";"13,48808";"89,17854"
"9,00000";"13,50296";"89,02398"
"9,01000";"13,51807";"88,86472"
"9,02000";"13,53306";"88,69534"
"9,03000";"13,54806";"88,50642"
"9,04000";"13,56305";"88,29369"
"9,05000";"13,57804";"88,05624"
"9,06000";"13,59303";"87,79792"
"9,07000";"13,60803";"87,51360"
"9,08000";"13,62290";"87,20541"
"9,09000";"13,63790";"86,88590"
"9,10000";"13,65301";"86,55226"
"9,11000";"13,66800";"86,23230"
"9,12000";"13,68299";"85,91725"
"9,13000";"13,69810";"85,61381"
"9,14000";"13,71310";"85,31261"
"9,15000";"13,72809";"84,99551"
"9,16000";"13,74296";"84,65982"
"9,17000";"13,75808";"84,29640"
"9,18000";"13,77307";"83,92292"
"9,19000";"13,78806";"83,54792"
"9,20000";"13,80306";"83,17244"
"9,21000";"13,81817";"82,77927"
"9,22000";"13,83316";"82,37013"
"9,23000";"13,84815";"81,95065"
"9,24000";"13,86303";"81,52486"
"9,25000";"13,87814";"81,09173"
"9,26000";"13,89313";"80,65276"
"9,27000";"13,90813";"80,20946"
"9,28000";"13,92312";"79,75990"
"9,29000";"13,93823";"79,30590"
"9,30000";"13,95334";"78,85069"
"9,31000";"13,96821";"78,39286"
"9,32000";"13,98321";"77,93262"
"9,33000";"13,99820";"77,46309"
"9,34000";"14,01319";"76,99448"
"9,35000";"14,02819";"76,52207"
"9,36000";"14,04306";"76,03853"
"9,37000";"14,05794";"75,54567"
"9,38000";"14,07293";"75,03953"
"9,39000";"14,08781";"74,51896"
"9,40000";"14,10268";"73,98821"
"9,41000";"14,11779";"73,45943"
"9,42000";"14,13278";"72,95229"
"9,43000";"14,14790";"72,45470"
"9,44000";"14,16301";"71,97184"
"9,45000";"14,17800";"71,51228"
"9,46000";"14,19311";"71,05965"
"9,47000";"14,20799";"70,61626"
"9,48000";"14,22286";"70,18477"
"9,49000";"14,23797";"69,77683"
"9,50000";"14,25308";"69,40931"
"9,51000";"14,26808";"69,08506"
"9,52000";"14,28307";"68,78500"
"9,53000";"14,29818";"68,50725"
"9,54000";"14,31317";"68,25739"
"9,55000";"14,32817";"68,03217"
"9,56000";"14,34304";"67,82028"
"9,57000";"14,35803";"67,62255"
"9,58000";"14,37303";"67,44624"
"9,59000";"14,38802";"67,30338"
"9,60000";"14,40301";"67,18835"
"9,61000";"14,41813";"67,11264"
"9,62000";"14,43312";"67,06677"
"9,63000";"14,44811";"67,03870"
"9,64000";"14,46299";"67,00422"
"9,65000";"14,47810";"66,97163"
"9,66000";"14,49309";"66,96837"
"9,67000";"14,50820";"66,98444"
"9,68000";"14,52319";"67,02325"
"9,69000";"14,53807";"67,06436"
"9,70000";"14,55318";"67,10644"
"9,71000";"14,56806";"67,16100"
"9,72000";"14,58293";"67,22057"
"9,73000";"14,59792";"67,28334"
"9,74000";"14,61303";"67,36304"
"9,75000";"14,62815";"67,47297"
"9,76000";"14,64314";"67,60108"
"9,77000";"14,65825";"67,73965"
"9,78000";"14,67313";"67,88745"
"9,79000";"14,68800";"68,03891"
"9,80000";"14,70299";"68,19615"
"9,81000";"14,71799";"68,37747"
"9,82000";"14,73310";"68,58928"
"9,83000";"14,74821";"68,82981"
"9,84000";"14,76320";"69,06635"
"9,85000";"14,77831";"69,28703"
"9,86000";"14,79319";"69,50336"
"9,87000";"14,80818";"69,72952"
"9,88000";"14,82317";"69,97439"
"9,89000";"14,83817";"70,23103"
"9,90000";"14,85304";"70,50256"
"9,91000";"14,86804";"70,80789"
"9,92000";"14,88291";"71,13100"
"9,93000";"14,89790";"71,46326"
"9,94000";"14,91290";"71,81029"
"9,95000";"14,92789";"72,18003"
"9,96000";"14,94288";"72,56707"
"9,97000";"14,95799";"72,95933"
"9,98000";"14,97299";"73,35700"
"9,99000";"14,98798";"73,75353"
"10,00000";"15,00297";"74,15679"
"10,01000";"15,01797";"74,56694"
"10,02000";"15,03284";"74,96639"
"10,03000";"15,04783";"75,37134"
"10,04000";"15,06295";"75,77331"
"10,05000";"15,07806";"76,16566"
"10,06000";"15,09317";"76,56160"
"10,07000";"15,10828";"76,98132"
"10,08000";"15,12327";"77,42912"
"10,09000";"15,13815";"77,88158"
"10,10000";"15,15290";"78,32772"
"10,11000";"15,16778";"78,76881"
"10,12000";"15,18277";"79,22381"
"10,13000";"15,19776";"79,69541"
"10,14000";"15,21287";"80,16824"
"10,15000";"15,22787";"80,64103"
"10,16000";"15,24298";"81,13035"
"10,17000";"15,25785";"81,62787"
"10,18000";"15,27285";"82,12711"
"10,19000";"15,28784";"82,60987"
"10,20000";"15,30295";"83,08086"
"10,21000";"15,31794";"83,57142"
"10,22000";"15,33294";"84,07731"
"10,23000";"15,34793";"84,57957"
"10,24000";"15,36292";"85,07045"
"10,25000";"15,37803";"85,55664"
"10,26000";"15,39291";"86,03835"
"10,27000";"15,40790";"86,51225"
"10,28000";"15,42301";"87,00569"
"10,29000";"15,43801";"87,51387"
"10,30000";"15,45300";"88,02442"
"10,31000";"15,46799";"88,52419"
"10,32000";"15,48299";"89,01834"
"10,33000";"15,49798";"89,50922"
"10,34000";"15,51285";"89,99024"
"10,35000";"15,52773";"90,45121"
"10,36000";"15,54284";"90,90078"
"10,37000";"15,55783";"91,35730"
"10,38000";"15,57283";"91,83284"
"10,39000";"15,58794";"92,32815"
"10,40000";"15,60293";"92,83627"
"10,41000";"15,61792";"93,35337"
"10,42000";"15,63280";"93,87067"
"10,43000";"15,64779";"94,37689"
"10,44000";"15,66290";"94,89252"
"10,45000";"15,67813";"95,43849"
"10,46000";"15,69324";"96,00867"
"10,47000";"15,70835";"96,57421"
"10,48000";"15,72323";"97,10809"
"10,49000";"15,73822";"97,61747"
"10,50000";"15,75310";"98,10473"
"10,51000";"15,76797";"98,57468"
"10,52000";"15,78297";"99,03594"
"10,53000";"15,79796";"99,51115"
"10,54000";"15,81295";"99,98383"
"10,55000";"15,82794";"100,45432"
"10,56000";"15,84294";"100,93304"
"10,57000";"15,85793";"101,42573"
"10,58000";"15,87292";"101,93683"
"10,59000";"15,88803";"102,47074"
"10,60000";"15,90303";"103,01939"
"10,61000";"15,91802";"103,58140"
"10,62000";"15,93301";"104,15765"
"10,63000";"15,94801";"104,73430"
"10,64000";"15,96288";"105,29670"
"10,65000";"15,97788";"105,82305"
"10,66000";"15,99275";"106,35612"
"10,67000";"16,00786";"106,91351"
"10,68000";"16,02286";"107,49655"
"10,69000";"16,03785";"108,08087"
"10,70000";"16,05296";"108,68689"
"10,71000";"16,06795";"109,30042"
"10,72000";"16,08294";"109,91008"
"10,73000";"16,09794";"110,52110"
"10,74000";"16,11293";"111,13950"
"10,75000";"16,12804";"111,76019"
"10,76000";"16,14304";"112,39968"
"10,77000";"16,15803";"113,02774"
"10,78000";"16,17314";"113,67551"
"10,79000";"16,18825";"114,32624"
"10,80000";"16,20324";"114,99659"
"10,81000";"16,21812";"115,66747"
"10,82000";"16,23311";"116,32736"
"10,83000";"16,24811";"116,98087"
"10,84000";"16,26310";"117,63612"
"10,85000";"16,27809";"118,27089"
"10,86000";"16,29296";"118,87489"
"10,87000";"16,30808";"119,47071"
"10,88000";"16,32319";"120,08322"
"10,89000";"16,33806";"120,70419"
"10,90000";"16,35306";"121,30851"
"10,91000";"16,36817";"121,91198"
"10,92000";"16,38316";"122,51381"
"10,93000";"16,39804";"123,09086"
"10,94000";"16,41303";"123,65414"
"10,95000";"16,42802";"124,19650"
"10,96000";"16,44289";"124,71686"
"10,97000";"16,45777";"125,23418"
"10,98000";"16,47276";"125,75613"
"10,99000";"16,48788";"126,29945"
"11,00000";"16,50287";"126,88457"
"11,01000";"16,51798";"127,48243"
"11,02000";"16,53297";"128,05769"
"11,03000";"16,54808";"128,60216"
"11,04000";"16,56296";"129,09047"
"11,05000";"16,57795";"129,51283"
"11,06000";"16,59283";"129,93288"
"11,07000";"16,60794";"130,39445"
"11,08000";"16,62305";"130,93660"
"11,09000";"16,63804";"131,55276"
"11,10000";"16,65315";"132,21704"
"11,11000";"16,66814";"132,90239"
"11,12000";"16,68314";"133,57864"
"11,13000";"16,69801";"134,23407"
"11,14000";"16,71313";"134,88269"
"11,15000";"16,72800";"135,59317"
"11,16000";"16,74299";"136,39128"
"11,17000";"16,75787";"137,24268"
"11,18000";"16,77286";"138,11935"
"11,19000";"16,78786";"139,01118"
"11,20000";"16,80285";"139,92146"
"11,21000";"16,81784";"140,82446"
"11,22000";"16,83283";"141,68831"
"11,23000";"16,84795";"142,51068"
"11,24000";"16,86294";"143,31177"
"11,25000";"16,87793";"144,08360"
"11,26000";"16,89293";"144,83406"
"11,27000";"16,90792";"145,59958"
"11,28000";"16,92279";"146,40860"
"11,29000";"16,93778";"147,23123"
"11,30000";"16,95290";"148,04587"
"11,31000";"16,96801";"148,88115"
"11,32000";"16,98300";"149,74870"
"11,33000";"16,99799";"150,63625"
"11,34000";"17,01299";"151,54332"
"11,35000";"17,02798";"152,48933"
"11,36000";"17,04285";"153,48238"
"11,37000";"17,05785";"154,46811"
"11,38000";"17,07284";"155,43460"
"11,39000";"17,08783";"156,39732"
"11,40000";"17,10283";"157,36497"
"11,41000";"17,11782";"158,33075"
"11,42000";"17,13293";"159,27039"
"11,43000";"17,14792";"160,20633"
"11,44000";"17,16292";"161,15433"
"11,45000";"17,17779";"162,10747"
"11,46000";"17,19290";"163,04422"
"11,47000";"17,20790";"164,00993"
"11,48000";"17,22301";"164,99898"
"11,49000";"17,23788";"165,97729"
"11,50000";"17,25288";"166,91272"
"11,51000";"17,26787";"167,84471"
"11,52000";"17,28274";"168,78728"
"11,53000";"17,29774";"169,75406"
"11,54000";"17,31273";"170,73807"
"11,55000";"17,32760";"171,75320"
"11,56000";"17,34260";"172,78018"
"11,57000";"17,35759";"173,86209"
"11,58000";"17,37258";"174,97597"
"11,59000";"17,38781";"176,12558"
"11,60000";"17,40281";"177,31461"
"11,61000";"17,41792";"178,55194"
"11,62000";"17,43303";"179,83594"
"11,63000";"17,44814";"181,15674"
"11,64000";"17,46325";"182,49658"
"11,65000";"17,47824";"183,84599"
"11,66000";"17,49324";"185,16269"
"11,67000";"17,50811";"186,44203"
"11,68000";"17,52299";"187,71916"
"11,69000";"17,53786";"189,03035"
"11,70000";"17,55285";"190,43959"
"11,71000";"17,56785";"191,90620"
"11,72000";"17,58284";"193,46219"
"11,73000";"17,59783";"195,09596"
"11,74000";"17,61283";"196,77492"
"11,75000";"17,62782";"198,45338"
"11,76000";"17,64281";"200,19572"
"11,77000";"17,65769";"201,98051"
"11,78000";"17,67268";"203,77663"
"11,79000";"17,68768";"205,55756"
"11,80000";"17,70267";"207,30049"
"11,81000";"17,71766";"209,07159"
"11,82000";"17,73265";"210,93924"
"11,83000";"17,74765";"212,89336"
"11,84000";"17,76276";"214,88010"
"11,85000";"17,77775";"216,89729"
"11,86000";"17,79274";"218,98878"
"11,87000";"17,80785";"221,12520"
"11,88000";"17,82297";"223,28809"
"11,89000";"17,83808";"225,47635"
"11,90000";"17,85307";"227,67667"
"11,91000";"17,86806";"229,86858"
"11,92000";"17,88305";"232,00836"
"11,93000";"17,89817";"234,12610"
"11,94000";"17,91328";"236,30415"
"11,95000";"17,92827";"238,57767"
"11,96000";"17,94314";"240,91183"
"11,97000";"17,95814";"243,27185"
"11,98000";"17,97313";"245,68167"
"11,99000";"17,98801";"248,22740"
"12,00000";"18,00300";"250,86850"
"12,01000";"18,01799";"253,60155"
"12,02000";"18,03299";"256,39252"
"12,03000";"18,04798";"259,21527"
"12,04000";"18,06297";"262,02228"
"12,05000";"18,07797";"264,86478"
"12,06000";"18,09284";"267,73788"
"12,07000";"18,10772";"270,60852"
"12,08000";"18,12247";"273,38208"
"12,09000";"18,13747";"276,10663"
"12,10000";"18,15246";"278,96674"
"12,11000";"18,16745";"282,00247"
"12,12000";"18,18256";"285,24454"
"12,13000";"18,19767";"288,65646"
"12,14000";"18,21267";"292,17261"
"12,15000";"18,22754";"295,75714"
"12,16000";"18,24254";"299,32007"
"12,17000";"18,25776";"302,95758"
"12,18000";"18,27287";"306,84888"
"12,19000";"18,28799";"310,92224"
"12,20000";"18,30310";"315,13776"
"12,21000";"18,31809";"319,39841"
"12,22000";"18,33297";"323,66104"
"12,23000";"18,34796";"327,94043"
"12,24000";"18,36283";"332,27377"
"12,25000";"18,37794";"336,68073"
"12,26000";"18,39293";"341,16016"
"12,27000";"18,40793";"345,67673"
"12,28000";"18,42281";"350,34061"
"12,29000";"18,43780";"355,11316"
"12,30000";"18,45267";"359,95517"
"12,31000";"18,46755";"364,84464"
"12,32000";"18,48266";"369,88220"
"12,33000";"18,49765";"375,25632"
"12,33200";"18,50072";"376,36697"
"12,33400";"18,50379";"377,48270"
"12,34400";"18,51678";"383,07095"
"12,35400";"18,52421";"387,01358"
"12,36000";"18,52622";"386,82745"
"12,37000";"18,52540";"379,92728"
"12,38000";"18,52056";"363,42194"
"12,39000";"18,50922";"335,00571"
"12,40000";"18,49234";"288,89890"
"12,41000";"18,47215";"223,24976"
"12,42000";"18,45043";"147,43997"
"12,43000";"18,42847";"76,01296"
"12,44000";"18,40710";"19,74292"
"12,45000";"18,38656";"-17,87735"
"12,46000";"18,36673";"-37,24128"
"12,47000";"18,34808";"-41,41624"
"12,48000";"18,33013";"-37,12883"
"12,49000";"18,31254";"-29,77369"
"12,50000";"18,29519";"-22,39493"
"12,51000";"18,27831";"-16,07767"
"12,52000";"18,26178";"-11,30556"
"12,53000";"18,24549";"-8,33222"
"12,54000";"18,22967";"-6,95498"
"12,55000";"18,21408";"-6,65913"
"12,56000";"18,19850";"-6,93580"
"12,57000";"18,18315";"-7,38384"
"12,58000";"18,16792";"-7,79712"
"12,59000";"18,15281";"-8,09990"
"12,60000";"18,13770";"-8,25085"
"12,61000";"18,12259";"-8,32539"
"12,62000";"18,10736";"-8,36973"
"12,63000";"18,09225";"-8,40164"
"12,64000";"18,07726";"-8,42198"
"12,65000";"18,06226";"-8,40093"
"12,66000";"18,04727";"-8,30588"
"12,67000";"18,03228";"-8,15464"
"12,68000";"18,01728";"-8,01037"
"12,69000";"18,00217";"-7,89582"
"12,70000";"17,98706";"-7,79132"
"12,71000";"17,97207";"-7,69362"
"12,72000";"17,95708";"-7,60040"
"12,73000";"17,94220";"-7,50805"
"12,74000";"17,92709";"-7,40628"
"12,75000";"17,91210";"-7,27487"
"12,76000";"17,89722";"-7,13428"
"12,77000";"17,88247";"-6,98404"
"12,78000";"17,86747";"-6,81340"
"12,79000";"17,85224";"-6,61219"
"12,80000";"17,83701";"-6,40618"
"12,81000";"17,82190";"-6,22011"
"12,82000";"17,80691";"-6,05293"
"12,83000";"17,79180";"-5,89313"
"12,84000";"17,77704";"-5,72526"
"12,85000";"17,76205";"-5,55201"
"12,86000";"17,74694";"-5,38949"
"12,87000";"17,73183";"-5,23623"
"12,88000";"17,71683";"-5,08560"
"12,89000";"17,70184";"-4,92731"
"12,90000";"17,68696";"-4,76709"
"12,91000";"17,67186";"-4,60566"
"12,92000";"17,65686";"-4,44843"
"12,93000";"17,64175";"-4,29850"
"12,94000";"17,62675";"-4,16051"
"12,95000";"17,61165";"-4,02023"
"12,96000";"17,59677";"-3,86896"
"12,97000";"17,58201";"-3,72532"
"12,98000";"17,56702";"-3,58989"
"12,99000";"17,55202";"-3,45722"
"13,00000";"17,53703";"-3,33766"
"13,01000";"17,52204";"-3,22489"
"13,02000";"17,50705";"-3,11917"
"13,03000";"17,49194";"-3,01209"
"13,04000";"17,47694";"-2,90951"
"13,05000";"17,46207";"-2,81669"
"13,06000";"17,44719";"-2,73001"
"13,07000";"17,43220";"-2,64618"
"13,08000";"17,41709";"-2,56528"
"13,09000";"17,40210";"-2,48138"
"13,10000";"17,38699";"-2,39818"
"13,11000";"17,37188";"-2,30783"
"13,12000";"17,35688";"-2,22554"
"13,13000";"17,34201";"-2,15684"
"13,14000";"17,32713";"-2,09442"
"13,15000";"17,31202";"-2,03547"
"13,16000";"17,29703";"-1,97804"
"13,17000";"17,28204";"-1,92113"
"13,18000";"17,26716";"-1,86724"
"13,19000";"17,25193";"-1,80891"
"13,20000";"17,23694";"-1,75397"
"13,21000";"17,22206";"-1,70773"
"13,22000";"17,20719";"-1,67230"
"13,23000";"17,19208";"-1,64210"
"13,24000";"17,17708";"-1,61304"
"13,25000";"17,16197";"-1,58948"
"13,26000";"17,14698";"-1,56226"
"13,27000";"17,13187";"-1,53204"
"13,28000";"17,11687";"-1,51085"
"13,29000";"17,10200";"-1,49106"
"13,30000";"17,08713";"-1,47262"
"13,31000";"17,07201";"-1,44802"
"13,32000";"17,05690";"-1,41830"
"13,33000";"17,04203";"-1,38694"
"13,34000";"17,02703";"-1,35920"
"13,35000";"17,01192";"-1,34011"
"13,36000";"16,99693";"-1,32420"
"13,37000";"16,98206";"-1,29774"
"13,38000";"16,96718";"-1,26841"
"13,39000";"16,95207";"-1,23905"
"13,40000";"16,93696";"-1,21991"
"13,41000";"16,92196";"-1,20392"
"13,42000";"16,90686";"-1,17932"
"13,43000";"16,89186";"-1,15034"
"13,44000";"16,87687";"-1,12300"
"13,45000";"16,86188";"-1,09802"
"13,46000";"16,84688";"-1,07492"
"13,47000";"16,83201";"-1,05524"
"13,48000";"16,81701";"-1,02478"
"13,49000";"16,80190";"-0,99676"
"13,50000";"16,78691";"-0,97241"
"13,51000";"16,77192";"-0,94392"
"13,52000";"16,75692";"-0,90207"
"13,53000";"16,74193";"-0,86363"
"13,54000";"16,72694";"-0,83397"
"13,55000";"16,71194";"-0,81486"
"13,56000";"16,69695";"-0,79376"
"13,57000";"16,68184";"-0,77222"
"13,58000";"16,66673";"-0,75769"
"13,59000";"16,65185";"-0,74236"
"13,60000";"16,63710";"-0,71691"
"13,61000";"16,62211";"-0,68395"
"13,62000";"16,60699";"-0,65690"
"13,63000";"16,59200";"-0,63827"
"13,64000";"16,57689";"-0,62653"
"13,65000";"16,56178";"-0,61378"
"13,66000";"16,54667";"-0,60796"
"13,67000";"16,53179";"-0,59040"
"13,68000";"16,51692";"-0,57125"
"13,69000";"16,50204";"-0,55450"
"13,70000";"16,48705";"-0,53537"
"13,71000";"16,47194";"-0,51966"
"13,72000";"16,45706";"-0,51293"
"13,73000";"16,44195";"-0,50331"
"13,74000";"16,42684";"-0,50557"
"13,75000";"16,41197";"-0,50768"
"13,76000";"16,39709";"-0,50192"
"13,77000";"16,38210";"-0,48614"
"13,78000";"16,36710";"-0,48290"
"13,79000";"16,35211";"-0,48176"
"13,80000";"16,33724";"-0,47321"
"13,81000";"16,32224";"-0,46492"
"13,82000";"16,30713";"-0,45466"
"13,83000";"16,29214";"-0,44592"
"13,84000";"16,27727";"-0,43747"
"13,85000";"16,26227";"-0,43038"
"13,86000";"16,24716";"-0,42828"
"13,87000";"16,23205";"-0,43022"
"13,88000";"16,21706";"-0,42451"
"13,89000";"16,20206";"-0,41272"
"13,90000";"16,18707";"-0,40365"
"13,91000";"16,17208";"-0,40548"
"13,92000";"16,15720";"-0,41234"
"13,93000";"16,14233";"-0,41513"
"13,94000";"16,12710";"-0,41335"
"13,95000";"16,11187";"-0,40652"
"13,96000";"16,09687";"-0,40397"
"13,97000";"16,08177";"-0,40038"
"13,98000";"16,06665";"-0,39632"
"13,99000";"16,05166";"-0,39316"
"14,00000";"16,03690";"-0,38977"
"14,01000";"16,02203";"-0,38105"
"14,02000";"16,00704";"-0,37611"
"14,03000";"15,99192";"-0,37585"
"14,04000";"15,97681";"-0,37206"
"14,05000";"15,96194";"-0,36376"
"14,06000";"15,94706";"-0,35650"
"14,07000";"15,93195";"-0,35820"
"14,08000";"15,91708";"-0,34598"
"14,09000";"15,90220";"-0,33677"
"14,10000";"15,88721";"-0,32845"
"14,11000";"15,87222";"-0,31693"
"14,12000";"15,85710";"-0,30887"
"14,13000";"15,84211";"-0,30104"
"14,14000";"15,82712";"-0,29585"
"14,15000";"15,81213";"-0,29835"
"14,16000";"15,79713";"-0,30112"
"14,17000";"15,78214";"-0,29414"
"14,18000";"15,76727";"-0,28178"
"14,19000";"15,75215";"-0,28031"
"14,20000";"15,73704";"-0,27873"
"14,21000";"15,72205";"-0,27611"
"14,22000";"15,70706";"-0,27268"
"14,23000";"15,69218";"-0,27477"
"14,24000";"15,67719";"-0,27581"
"14,25000";"15,66220";"-0,27685"
"14,26000";"15,64732";"-0,27537"
"14,27000";"15,63221";"-0,26984"
"14,28000";"15,61710";"-0,26667"
"14,29000";"15,60187";"-0,26520"
"14,30000";"15,58687";"-0,26585"
"14,31000";"15,57176";"-0,26828"
"14,32000";"15,55689";"-0,27116"
"14,33000";"15,54178";"-0,27148"
"14,34000";"15,52690";"-0,27190"
"14,35000";"15,51191";"-0,26160"
"14,36000";"15,49680";"-0,24851"
"14,37000";"15,48180";"-0,23492"
"14,38000";"15,46681";"-0,22562"
"14,39000";"15,45205";"-0,23400"
"14,40000";"15,43706";"-0,24545"
"14,41000";"15,42195";"-0,25268"
"14,42000";"15,40707";"-0,25407"
"14,43000";"15,39208";"-0,25065"
"14,44000";"15,37709";"-0,24859"
"14,45000";"15,36198";"-0,24164"
"14,46000";"15,34699";"-0,24043"
"14,47000";"15,33211";"-0,23738"
"14,48000";"15,31712";"-0,23539"
"14,49000";"15,30201";"-0,23255"
"14,50000";"15,28701";"-0,22999"
"14,51000";"15,27202";"-0,22962"
"14,52000";"15,25703";"-0,22306"
"14,53000";"15,24192";"-0,22014"
"14,54000";"15,22692";"-0,21886"
"14,55000";"15,21205";"-0,21050"
"14,56000";"15,19717";"-0,20313"
"14,57000";"15,18206";"-0,20487"
"14,58000";"15,16707";"-0,20587"
"14,59000";"15,15219";"-0,20824"
"14,60000";"15,13720";"-0,21305"
"14,61000";"15,12209";"-0,20512"
"14,62000";"15,10710";"-0,18913"
"14,63000";"15,09222";"-0,18676"
"14,64000";"15,07735";"-0,18612"
"14,65000";"15,06235";"-0,19331"
"14,66000";"15,04713";"-0,19633"
"14,67000";"15,03213";"-0,20234"
"14,68000";"15,01714";"-0,20202"
"14,69000";"15,00203";"-0,19841"
"14,70000";"14,98703";"-0,20176"
"14,71000";"14,97216";"-0,20520"
"14,72000";"14,95728";"-0,20179"
"14,73000";"14,94229";"-0,19485"
"14,74000";"14,92718";"-0,19222"
"14,75000";"14,91219";"-0,19351"
"14,76000";"14,89731";"-0,18872"
"14,77000";"14,88232";"-0,18715"
"14,78000";"14,86721";"-0,18380"
"14,79000";"14,85210";"-0,18805"
"14,80000";"14,83734";"-0,17960"
"14,81000";"14,82223";"-0,16073"
"14,82000";"14,80712";"-0,15078"
"14,83000";"14,79212";"-0,13952"
"14,84000";"14,77713";"-0,12914"
"14,85000";"14,76226";"-0,11729"
"14,86000";"14,74714";"-0,10831"
"14,87000";"14,73203";"-0,10635"
"14,88000";"14,71716";"-0,11076"
"14,89000";"14,70217";"-0,11000"
"14,90000";"14,68706";"-0,11423"
"14,91000";"14,67194";"-0,12132"
"14,92000";"14,65695";"-0,13158"
"14,93000";"14,64208";"-0,13305"
"14,94000";"14,62708";"-0,12887"
"14,95000";"14,61197";"-0,13262"
"14,96000";"14,59698";"-0,13392"
"14,97000";"14,58199";"-0,12652"
"14,98000";"14,56687";"-0,11474"
"14,99000";"14,55165";"-0,10465"
"15,00000";"14,53677";"-0,10047"
"15,01000";"14,52190";"-0,09879"
"15,02000";"14,50702";"-0,09737"
"15,03000";"14,49179";"-0,10121"
"15,04000";"14,47680";"-0,10485"
"15,05000";"14,46204";"-0,10148"
"15,06000";"14,44693";"-0,09954"
"15,07000";"14,43182";"-0,09414"
"15,08000";"14,41683";"-0,09489"
"15,09000";"14,40195";"-0,09509"
"15,10000";"14,38708";"-0,09663"
"15,11000";"14,37197";"-0,09098"
"15,12000";"14,35697";"-0,08122"
"15,13000";"14,34198";"-0,06909"
"15,14000";"14,32687";"-0,06008"
"15,15000";"14,31164";"-0,04749"
"15,16000";"14,29653";"-0,04490"
"15,17000";"14,28177";"-0,04834"
"15,18000";"14,26690";"-0,04325"
"15,19000";"14,25190";"-0,03766"
"15,20000";"14,23679";"-0,03813"
"15,21000";"14,22180";"-0,04191"
"15,22000";"14,20681";"-0,04197"
"15,23000";"14,19169";"-0,03902"
"15,24000";"14,17670";"-0,03835"
"15,25000";"14,16194";"-0,03646"
"15,26000";"14,14719";"-0,03407"
"15,27000";"14,13219";"-0,02550"
"15,28000";"14,11697";"-0,01105"
"15,29000";"14,10197";"-0,00506"
"15,30000";"14,08698";"-0,00299"
"15,31000";"14,07187";"-0,00225"
"15,32000";"14,05676";"-0,00301"
"15,33000";"14,04188";"-0,00949"
"15,34000";"14,02713";"-0,01043"
"15,35000";"14,01225";"-0,00405"
"15,36000";"13,99714";"-0,00053"
"15,37000";"13,98226";"0,00341"
"15,38000";"13,96739";"0,00712"
"15,39000";"13,95228";"0,01011"
"15,40000";"13,93717";"0,01517"
"15,41000";"13,92217";"0,01611"
"15,42000";"13,90730";"0,01878"
"15,43000";"13,89231";"0,01919"
"15,44000";"13,87719";"0,01164"
"15,45000";"13,86196";"-0,00034"
"15,46000";"13,84697";"-0,00149"
"15,47000";"13,83210";"0,00464"
"15,48000";"13,81699";"0,01314"
"15,49000";"13,80199";"0,02191"
"15,50000";"13,78712";"0,02852"
"15,51000";"13,77212";"0,03747"
"15,52000";"13,75690";"0,04240"
"15,53000";"13,74179";"0,03808"
"15,54000";"13,72679";"0,03075"
"15,55000";"13,71180";"0,02912"
"15,56000";"13,69681";"0,02644"
"15,57000";"13,68181";"0,02486"
"15,58000";"13,66706";"0,02520"
"15,59000";"13,65218";"0,03261"
"15,60000";"13,63707";"0,03811"
"15,61000";"13,62196";"0,04111"
"15,62000";"13,60685";"0,04548"
"15,63000";"13,59197";"0,05241"
"15,64000";"13,57710";"0,06331"
"15,65000";"13,56199";"0,06289"
"15,66000";"13,54699";"0,06330"
"15,67000";"13,53200";"0,06402"
"15,68000";"13,51701";"0,06772"
"15,69000";"13,50190";"0,07035"
"15,70000";"13,48678";"0,06703"
"15,71000";"13,47191";"0,06273"
"15,72000";"13,45704";"0,06335"
"15,73000";"13,44192";"0,07548"
"15,74000";"13,42705";"0,09025"
"15,75000";"13,41206";"0,09336"
"15,76000";"13,39706";"0,09470"
"15,77000";"13,38195";"0,09306"
"15,78000";"13,36684";"0,09308"
"15,79000";"13,35185";"0,09296"
"15,80000";"13,33709";"0,09664"
"15,81000";"13,32210";"0,09697"
"15,82000";"13,30699";"0,09416"
"15,83000";"13,29199";"0,09878"
"15,84000";"13,27700";"0,10304"
"15,85000";"13,26189";"0,09514"
"15,86000";"13,24678";"0,08294"
"15,87000";"13,23178";"0,07998"
"15,88000";"13,21703";"0,08102"
"15,89000";"13,20203";"0,08438"
"15,90000";"13,18704";"0,08463"
"15,91000";"13,17193";"0,09088"
"15,92000";"13,15694";"0,09933"
"15,93000";"13,14183";"0,10636"
"15,94000";"13,12671";"0,10978"
"15,95000";"13,11172";"0,10720"
"15,96000";"13,09697";"0,10234"
"15,97000";"13,08209";"0,10089"
"15,98000";"13,06698";"0,09847"
"15,99000";"13,05199";"0,09688"
"16,00000";"13,03699";"0,10326"
"16,01000";"13,02200";"0,10747"
"16,02000";"13,00689";"0,11261"
"16,03000";"12,99178";"0,11890"
"16,04000";"12,97702";"0,12110"
"16,05000";"12,96215";"0,11798"
"16,06000";"12,94715";"0,11753"
"16,07000";"12,93204";"0,11165"
"16,08000";"12,91705";"0,10720"
"16,09000";"12,90217";"0,11287"
"16,10000";"12,88706";"0,12391"
"16,11000";"12,87195";"0,13704"
"16,12000";"12,85708";"0,14214"
"16,13000";"12,84220";"0,14030"
"16,14000";"12,82709";"0,14100"
"16,15000";"12,81198";"0,14357"
"16,16000";"12,79699";"0,13302"
"16,17000";"12,78211";"0,12312"
"16,18000";"12,76700";"0,12048"
"16,19000";"12,75201";"0,11900"
"16,20000";"12,73701";"0,12048"
"16,21000";"12,72226";"0,12285"
"16,22000";"12,70715";"0,12877"
"16,23000";"12,69203";"0,13467"
"16,24000";"12,67681";"0,14197"
"16,25000";"12,66181";"0,14378"
"16,26000";"12,64682";"0,14486"
"16,27000";"12,63183";"0,14743"
"16,28000";"12,61683";"0,14996"
"16,29000";"12,60184";"0,14743"
"16,30000";"12,58697";"0,14765"
"16,31000";"12,57197";"0,14448"
"16,32000";"12,55686";"0,14712"
"16,33000";"12,54175";"0,15580"
"16,34000";"12,52688";"0,16298"
"16,35000";"12,51188";"0,16997"
"16,36000";"12,49689";"0,17395"
"16,37000";"12,48201";"0,16306"
"16,38000";"12,46702";"0,15707"
"16,39000";"12,45203";"0,15508"
"16,40000";"12,43692";"0,15346"
"16,41000";"12,42192";"0,15741"
"16,42000";"12,40693";"0,16346"
"16,43000";"12,39206";"0,16976"
"16,44000";"12,37706";"0,17298"
"16,45000";"12,36207";"0,17288"
"16,46000";"12,34708";"0,17349"
"16,47000";"12,33196";"0,17839"
"16,48000";"12,31697";"0,18418"
"16,49000";"12,30174";"0,18100"
"16,50000";"12,28675";"0,17540"
"16,51000";"12,27188";"0,17511"
"16,52000";"12,25700";"0,17821"
"16,53000";"12,24201";"0,17929"
"16,54000";"12,22690";"0,18284"
"16,55000";"12,21190";"0,18905"
"16,56000";"12,19691";"0,19609"
"16,57000";"12,18180";"0,19327"
"16,58000";"12,16681";"0,19304"
"16,59000";"12,15193";"0,19229"
"16,60000";"12,13706";"0,18859"
"16,61000";"12,12194";"0,17880"
"16,62000";"12,10695";"0,17596"
"16,63000";"12,09208";"0,18544"
"16,64000";"12,07720";"0,19328"
"16,65000";"12,06209";"0,19725"
"16,66000";"12,04722";"0,19534"
"16,67000";"12,03234";"0,19478"
"16,68000";"12,01723";"0,19364"
"16,69000";"12,00212";"0,19365"
"16,70000";"11,98701";"0,19425"
"16,71000";"11,97190";"0,19477"
"16,72000";"11,95679";"0,19353"
"16,73000";"11,94179";"0,18954"
"16,74000";"11,92680";"0,18262"
"16,75000";"11,91192";"0,18406"
"16,76000";"11,89705";"0,18152"
"16,77000";"11,88194";"0,19077"
"16,78000";"11,86683";"0,20138"
"16,79000";"11,85183";"0,20892"
"16,80000";"11,83684";"0,22436"
"16,81000";"11,82185";"0,23823"
"16,82000";"11,80674";"0,22913"
"16,83000";"11,79186";"0,21469"
"16,84000";"11,77699";"0,21581"
"16,85000";"11,76199";"0,22679"
"16,86000";"11,74700";"0,22943"
"16,87000";"11,73189";"0,22224"
"16,88000";"11,71690";"0,21672"
"16,89000";"11,70202";"0,21457"
"16,90000";"11,68703";"0,21732"
"16,91000";"11,67192";"0,21949"
"16,92000";"11,65693";"0,22347"
"16,93000";"11,64193";"0,22848"
"16,94000";"11,62694";"0,22696"
"16,95000";"11,61195";"0,22222"
"16,96000";"11,59695";"0,22555"
"16,97000";"11,58196";"0,22819"
"16,98000";"11,56708";"0,22557"
"16,99000";"11,55197";"0,22183"
"17,00000";"11,53698";"0,22513"
"17,01000";"11,52199";"0,22412"
"17,02000";"11,50699";"0,23133"
"17,03000";"11,49188";"0,23652"
"17,04000";"11,47689";"0,23607"
"17,05000";"11,46201";"0,23220"
"17,06000";"11,44702";"0,23172"
"17,07000";"11,43215";"0,23153"
"17,08000";"11,41715";"0,23419"
"17,09000";"11,40216";"0,23216"
"17,10000";"11,38717";"0,23718"
"17,11000";"11,37206";"0,23772"
"17,12000";"11,35683";"0,23802"
"17,13000";"11,34183";"0,23721"
"17,14000";"11,32696";"0,23820"
"17,15000";"11,31196";"0,23555"
"17,16000";"11,29697";"0,23598"
"17,17000";"11,28198";"0,23306"
"17,18000";"11,26710";"0,22976"
"17,19000";"11,25211";"0,23570"
"17,20000";"11,23700";"0,23833"
"17,21000";"11,22201";"0,23423"
"17,22000";"11,20713";"0,23016"
"17,23000";"11,19202";"0,22874"
"17,24000";"11,17703";"0,22592"
"17,25000";"11,16192";"0,22508"
"17,26000";"11,14704";"0,22396"
"17,27000";"11,13205";"0,21975"
"17,28000";"11,11694";"0,21983"
"17,29000";"11,10194";"0,22831"
"17,30000";"11,08707";"0,23609"
"17,31000";"11,07208";"0,24272"
"17,32000";"11,05696";"0,24273"
"17,33000";"11,04185";"0,23753"
"17,34000";"11,02686";"0,24310"
"17,35000";"11,01187";"0,24755"
"17,36000";"10,99688";"0,25114"
"17,37000";"10,98188";"0,25026"
"17,38000";"10,96701";"0,24703"
"17,39000";"10,95213";"0,24575"
"17,40000";"10,93702";"0,24548"
"17,41000";"10,92191";"0,24548"
"17,42000";"10,90692";"0,24284"
"17,43000";"10,89192";"0,23425"
"17,44000";"10,87681";"0,23651"
"17,45000";"10,86170";"0,24117"
"17,46000";"10,84683";"0,24030"
"17,47000";"10,83195";"0,23783"
"17,48000";"10,81696";"0,24165"
"17,49000";"10,80173";"0,24308"
"17,50000";"10,78686";"0,24459"
"17,51000";"10,77198";"0,24742"
"17,52000";"10,75699";"0,25904"
"17,53000";"10,74199";"0,26716"
"17,54000";"10,72700";"0,26696"
"17,55000";"10,71213";"0,26283"
"17,56000";"10,69725";"0,26512"
"17,57000";"10,68226";"0,26983"
"17,58000";"10,66715";"0,26277"
"17,59000";"10,65227";"0,25281"
"17,60000";"10,63728";"0,25250"
"17,61000";"10,62217";"0,25290"
"17,62000";"10,60717";"0,25127"
"17,63000";"10,59230";"0,24357"
"17,64000";"10,57731";"0,23972"
"17,65000";"10,56219";"0,24233"
"17,66000";"10,54708";"0,24458"
"17,67000";"10,53209";"0,24457"
"17,68000";"10,51722";"0,25069"
"17,69000";"10,50234";"0,24393"
"17,70000";"10,48735";"0,23998"
"17,71000";"10,47235";"0,23903"
"17,72000";"10,45736";"0,23700"
"17,73000";"10,44237";"0,23665"
"17,74000";"10,42714";"0,23706"
"17,75000";"10,41215";"0,23973"
"17,76000";"10,39715";"0,24302"
"17,77000";"10,38216";"0,24477"
"17,78000";"10,36717";"0,24741"
"17,79000";"10,35206";"0,25242"
"17,80000";"10,33706";"0,24882"
"17,81000";"10,32207";"0,24832"
"17,82000";"10,30696";"0,24661"
"17,83000";"10,29197";"0,24760"
"17,84000";"10,27697";"0,24940"
"17,85000";"10,26198";"0,25084"
"17,86000";"10,24699";"0,24339"
"17,87000";"10,23199";"0,23511"
"17,88000";"10,21712";"0,23389"
"17,89000";"10,20213";"0,24008"
"17,90000";"10,18701";"0,24463"
"17,91000";"10,17190";"0,24066"
"17,92000";"10,15691";"0,24201"
"17,93000";"10,14204";"0,24194"
"17,94000";"10,12692";"0,24155"
"17,95000";"10,11181";"0,24107"
"17,96000";"10,09682";"0,24751"
"17,97000";"10,08183";"0,24892"
"17,98000";"10,06671";"0,24214"
"17,99000";"10,05160";"0,23410"
"18,00000";"10,03673";"0,23350"
"18,01000";"10,02197";"0,23533"
"18,02000";"10,00698";"0,24075"
"18,03000";"9,99187";"0,23520"
"18,04000";"9,97688";"0,23635"
"18,05000";"9,96200";"0,23611"
"18,06000";"9,94689";"0,23877"
"18,07000";"9,93190";"0,24203"
"18,08000";"9,91690";"0,24474"
"18,09000";"9,90203";"0,24784"
"18,10000";"9,88703";"0,24090"
"18,11000";"9,87192";"0,23411"
"18,12000";"9,85681";"0,23141"
"18,13000";"9,84194";"0,23880"
"18,14000";"9,82683";"0,24400"
"18,15000";"9,81183";"0,24965"
"18,16000";"9,79696";"0,24947"
"18,17000";"9,78208";"0,24435"
"18,18000";"9,76709";"0,24629"
"18,19000";"9,75210";"0,24061"
"18,20000";"9,73699";"0,23124"
"18,21000";"9,72211";"0,23030"
"18,22000";"9,70712";"0,23546"
"18,23000";"9,69213";"0,23592"
"18,24000";"9,67701";"0,23430"
"18,25000";"9,66214";"0,22868"
"18,26000";"9,64726";"0,22178"
"18,27000";"9,63215";"0,22274"
"18,28000";"9,61692";"0,23351"
"18,29000";"9,60193";"0,23687"
"18,30000";"9,58706";"0,22998"
"18,31000";"9,57218";"0,22875"
"18,32000";"9,55719";"0,22910"
"18,33000";"9,54220";"0,22992"
"18,34000";"9,52732";"0,22934"
"18,35000";"9,51233";"0,23385"
"18,36000";"9,49710";"0,23309"
"18,37000";"9,48199";"0,23345"
"18,38000";"9,46711";"0,22972"
"18,39000";"9,45212";"0,22425"
"18,40000";"9,43701";"0,22297"
"18,41000";"9,42201";"0,23025"
"18,42000";"9,40714";"0,22968"
"18,43000";"9,39215";"0,22263"
"18,44000";"9,37704";"0,22279"
"18,45000";"9,36192";"0,22098"
"18,46000";"9,34693";"0,21894"
"18,47000";"9,33206";"0,22000"
"18,48000";"9,31694";"0,22074"
"18,49000";"9,30195";"0,22235"
"18,50000";"9,28708";"0,22847"
"18,51000";"9,27220";"0,23859"
"18,52000";"9,25721";"0,24853"
"18,53000";"9,24198";"0,25113"
"18,54000";"9,22699";"0,24585"
"18,55000";"9,21211";"0,24102"
"18,56000";"9,19712";"0,24399"
"18,57000";"9,18201";"0,24388"
"18,58000";"9,16701";"0,23994"
"18,59000";"9,15202";"0,23674"
"18,60000";"9,13703";"0,23487"
"18,61000";"9,12192";"0,22802"
"18,62000";"9,10692";"0,22881"
"18,63000";"9,09205";"0,23574"
"18,64000";"9,07717";"0,24118"
"18,65000";"9,06206";"0,24594"
"18,66000";"9,04695";"0,24280"
"18,67000";"9,03196";"0,23171"
"18,68000";"9,01696";"0,22775"
"18,69000";"9,00185";"0,22448"
"18,70000";"8,98662";"0,22667"
"18,71000";"8,97175";"0,22835"
"18,72000";"8,95699";"0,22590"
"18,73000";"8,94188";"0,22385"
"18,74000";"8,92689";"0,22566"
"18,75000";"8,91190";"0,22928"
"18,76000";"8,89702";"0,23965"
"18,77000";"8,88191";"0,25295"
"18,78000";"8,86692";"0,26138"
"18,79000";"8,85204";"0,26324"
"18,80000";"8,83717";"0,26308"
"18,81000";"8,82217";"0,26566"
"18,82000";"8,80694";"0,25721"
"18,83000";"8,79195";"0,25056"
"18,84000";"8,77708";"0,24789"
"18,85000";"8,76197";"0,24540"
"18,86000";"8,74685";"0,24199"
"18,87000";"8,73198";"0,23541"
"18,88000";"8,71722";"0,23525"
"18,89000";"8,70223";"0,23948"
"18,90000";"8,68712";"0,24171"
"18,91000";"8,67213";"0,24136"
"18,92000";"8,65713";"0,23721"
"18,93000";"8,64214";"0,23522"
"18,94000";"8,62703";"0,23752"
"18,95000";"8,61203";"0,24466"
"18,96000";"8,59728";"0,25509"
"18,97000";"8,58228";"0,25648"
"18,98000";"8,56717";"0,25362"
"18,99000";"8,55206";"0,24876"
"19,00000";"8,53695";"0,24801"
"19,01000";"8,52196";"0,25091"
"19,02000";"8,50685";"0,24836"
"19,03000";"8,49174";"0,24495"
"19,04000";"8,47686";"0,24237"
"19,05000";"8,46199";"0,23930"
"19,06000";"8,44687";"0,23974"
"19,07000";"8,43176";"0,24288"
"19,08000";"8,41665";"0,24496"
"19,09000";"8,40166";"0,24509"
"19,10000";"8,38679";"0,24045"
"19,11000";"8,37179";"0,23454"
"19,12000";"8,35680";"0,22772"
"19,13000";"8,34192";"0,22218"
"19,14000";"8,32705";"0,22097"
"19,15000";"8,31194";"0,22286"
"19,16000";"8,29695";"0,22821"
"19,17000";"8,28195";"0,22843"
"19,18000";"8,26696";"0,22829"
"19,19000";"8,25185";"0,22747"
"19,20000";"8,23685";"0,23056"
"19,21000";"8,22198";"0,23516"
"19,22000";"8,20699";"0,24197"
"19,23000";"8,19188";"0,25209"
"19,24000";"8,17676";"0,25023"
"19,25000";"8,16177";"0,24522"
"19,26000";"8,14690";"0,24845"
"19,27000";"8,13202";"0,25141"
"19,28000";"8,11691";"0,24751"
"19,29000";"8,10192";"0,24591"
"19,30000";"8,08692";"0,24387"
"19,31000";"8,07181";"0,23781"
"19,32000";"8,05670";"0,23609"
"19,33000";"8,04171";"0,23697"
"19,34000";"8,02695";"0,24387"
"19,35000";"8,01208";"0,24879"
"19,36000";"7,99708";"0,24644"
"19,37000";"7,98209";"0,23909"
"19,38000";"7,96710";"0,23413"
"19,39000";"7,95199";"0,23293"
"19,40000";"7,93688";"0,23642"
"19,41000";"7,92188";"0,24207"
"19,42000";"7,90701";"0,24435"
"19,43000";"7,89225";"0,24256"
"19,44000";"7,87714";"0,24264"
"19,45000";"7,86203";"0,23765"
"19,46000";"7,84704";"0,23080"
"19,47000";"7,83204";"0,23290"
"19,48000";"7,81693";"0,23828"
"19,49000";"7,80182";"0,23514"
"19,50000";"7,78694";"0,23455"
"19,51000";"7,77219";"0,24026"
"19,52000";"7,75731";"0,24689"
"19,53000";"7,74220";"0,24702"
"19,54000";"7,72721";"0,24303"
"19,55000";"7,71222";"0,23909"
"19,56000";"7,69710";"0,23558"
"19,57000";"7,68199";"0,23145"
"19,58000";"7,66712";"0,22481"
"19,59000";"7,65212";"0,22038"
"19,60000";"7,63713";"0,22634"
"19,61000";"7,62202";"0,23967"
"19,62000";"7,60691";"0,25241"
"19,63000";"7,59192";"0,25776"
"19,64000";"7,57681";"0,25315"
"19,65000";"7,56169";"0,24869"
"19,66000";"7,54670";"0,24568"
"19,67000";"7,53194";"0,24304"
"19,68000";"7,51695";"0,23739"
"19,69000";"7,50184";"0,23647"
"19,70000";"7,48685";"0,23259"
"19,71000";"7,47185";"0,22752"
"19,72000";"7,45686";"0,23024"
"19,73000";"7,44187";"0,23275"
"19,74000";"7,42687";"0,23460"
"19,75000";"7,41200";"0,23720"
"19,76000";"7,39701";"0,24839"
"19,77000";"7,38201";"0,25108"
"19,78000";"7,36679";"0,24347"
"19,79000";"7,35179";"0,23838"
"19,80000";"7,33680";"0,23707"
"19,81000";"7,32181";"0,23733"
"19,82000";"7,30681";"0,23183"
"19,83000";"7,29194";"0,22872"
"19,84000";"7,27706";"0,22485"
"19,85000";"7,26207";"0,23085"
"19,86000";"7,24696";"0,22916"
"19,87000";"7,23185";"0,22713"
"19,88000";"7,21685";"0,22450"
"19,89000";"7,20198";"0,22608"
"19,90000";"7,18699";"0,22772"
"19,91000";"7,17199";"0,22932"
"19,92000";"7,15700";"0,23068"
"19,93000";"7,14212";"0,23406"
"19,94000";"7,12701";"0,24244"
"19,95000";"7,11190";"0,24983"
"19,96000";"7,09691";"0,24881"
"19,97000";"7,08204";"0,24148"
"19,98000";"7,06704";"0,24025"
"19,99000";"7,05193";"0,24017"
"20,00000";"7,03694";"0,23624"
"20,01000";"7,02194";"0,23353"
"20,02000";"7,00683";"0,24203"
"20,03000";"6,99184";"0,24496"
"20,04000";"6,97697";"0,24520"
"20,05000";"6,96209";"0,24477"
"20,06000";"6,94733";"0,24929"
"20,07000";"6,93222";"0,25426"
"20,08000";"6,91711";"0,25079"
"20,09000";"6,90224";"0,24911"
"20,10000";"6,88713";"0,24725"
"20,11000";"6,87201";"0,24801"
"20,12000";"6,85702";"0,24573"
"20,13000";"6,84203";"0,24460"
"20,14000";"6,82715";"0,24716"
"20,15000";"6,81204";"0,24539"
"20,16000";"6,79705";"0,23775"
"20,17000";"6,78194";"0,23306"
"20,18000";"6,76694";"0,24159"
"20,19000";"6,75183";"0,24482"
"20,20000";"6,73684";"0,24053"
"20,21000";"6,72197";"0,23990"
"20,22000";"6,70709";"0,24196"
"20,23000";"6,69198";"0,24259"
"20,24000";"6,67699";"0,23749"
"20,25000";"6,66188";"0,22577"
"20,26000";"6,64688";"0,22854"
"20,27000";"6,63189";"0,23877"
"20,28000";"6,61678";"0,24827"
"20,29000";"6,60178";"0,25756"
"20,30000";"6,58715";"0,26230"
"20,31000";"6,57227";"0,26545"
"20,32000";"6,55728";"0,26670"
"20,33000";"6,54228";"0,26035"
"20,34000";"6,52729";"0,25931"
"20,35000";"6,51206";"0,26293"
"20,36000";"6,49683";"0,25806"
"20,37000";"6,48172";"0,24804"
"20,38000";"6,46685";"0,23828"
"20,39000";"6,45185";"0,23809"
"20,40000";"6,43686";"0,24565"
"20,41000";"6,42199";"0,25028"
"20,42000";"6,40699";"0,25512"
"20,43000";"6,39212";"0,25456"
"20,44000";"6,37712";"0,25068"
"20,45000";"6,36213";"0,24660"
"20,46000";"6,34714";"0,24327"
"20,47000";"6,33215";"0,24739"
"20,48000";"6,31703";"0,25683"
"20,49000";"6,30192";"0,26216"
"20,50000";"6,28693";"0,26410"
"20,51000";"6,27194";"0,27035"
"20,52000";"6,25683";"0,27669"
"20,53000";"6,24183";"0,27871"
"20,54000";"6,22696";"0,27493"
"20,55000";"6,21197";"0,27265"
"20,56000";"6,19697";"0,27904"
"20,57000";"6,18186";"0,28335"
"20,58000";"6,16675";"0,28688"
"20,59000";"6,15176";"0,29319"
"20,60000";"6,13700";"0,30001"
"20,61000";"6,12201";"0,30065"
"20,62000";"6,10701";"0,29821"
"20,63000";"6,09202";"0,29382"
"20,64000";"6,07703";"0,29629"
"20,65000";"6,06192";"0,29756"
"20,66000";"6,04681";"0,29167"
"20,67000";"6,03181";"0,28817"
"20,68000";"6,01694";"0,28875"
"20,69000";"6,00194";"0,29633"
"20,70000";"5,98695";"0,29807"
"20,71000";"5,97196";"0,30218"
"20,72000";"5,95708";"0,30247"
"20,73000";"5,94197";"0,29997"
"20,74000";"5,92686";"0,30131"
"20,75000";"5,91187";"0,30162"
"20,76000";"5,89723";"0,29890"
"20,77000";"5,88224";"0,29076"
"20,78000";"5,86713";"0,28465"
"20,79000";"5,85201";"0,28632"
"20,80000";"5,83702";"0,28543"
"20,81000";"5,82203";"0,29088"
"20,82000";"5,80692";"0,29997"
"20,83000";"5,79192";"0,31038"
"20,84000";"5,77717";"0,31642"
"20,85000";"5,76229";"0,31464"
"20,86000";"5,74718";"0,31162"
"20,87000";"5,73207";"0,30583"
"20,88000";"5,71719";"0,30720"
"20,89000";"5,70220";"0,30805"
"20,90000";"5,68709";"0,30895"
"20,91000";"5,67198";"0,30773"
"20,92000";"5,65699";"0,30177"
"20,93000";"5,64211";"0,30109"
"20,94000";"5,62712";"0,30762"
"20,95000";"5,61189";"0,31008"
"20,96000";"5,59690";"0,31574"
"20,97000";"5,58179";"0,30778"
"20,98000";"5,56679";"0,30274"
"20,99000";"5,55180";"0,30558"
"21,00000";"5,53692";"0,30661"
"21,01000";"5,52205";"0,30470"
"21,02000";"5,50706";"0,30099"
"21,03000";"5,49194";"0,30066"
"21,04000";"5,47695";"0,29839"
"21,05000";"5,46196";"0,29903"
"21,06000";"5,44697";"0,29814"
"21,07000";"5,43185";"0,29782"
"21,08000";"5,41698";"0,30002"
"21,09000";"5,40222";"0,30588"
"21,10000";"5,38723";"0,31290"
"21,11000";"5,37212";"0,31486"
"21,12000";"5,35713";"0,31480"
"21,13000";"5,34201";"0,31243"
"21,14000";"5,32714";"0,31331"
"21,15000";"5,31203";"0,31915"
"21,16000";"5,29704";"0,32053"
"21,17000";"5,28216";"0,31989"
"21,18000";"5,26728";"0,32010"
"21,19000";"5,25217";"0,32449"
"21,20000";"5,23706";"0,32646"
"21,21000";"5,22207";"0,31949"
"21,22000";"5,20696";"0,31582"
"21,23000";"5,19197";"0,31033"
"21,24000";"5,17697";"0,29944"
"21,25000";"5,16210";"0,29320"
"21,26000";"5,14710";"0,29545"
"21,27000";"5,13211";"0,30387"
"21,28000";"5,11700";"0,30353"
"21,29000";"5,10189";"0,29864"
"21,30000";"5,08701";"0,29806"
"21,31000";"5,07214";"0,30205"
"21,32000";"5,05715";"0,30615"
"21,33000";"5,04215";"0,30357"
"21,34000";"5,02728";"0,30129"
"21,35000";"5,01228";"0,30498"
"21,36000";"4,99706";"0,30839"
"21,37000";"4,98194";"0,30463"
"21,38000";"4,96695";"0,30117"
"21,39000";"4,95196";"0,29923"
"21,40000";"4,93673";"0,30143"
"21,41000";"4,92174";"0,29660"
"21,42000";"4,90686";"0,30040"
"21,43000";"4,89187";"0,30145"
"21,44000";"4,87676";"0,30487"
"21,45000";"4,86165";"0,30973"
"21,46000";"4,84677";"0,30869"
"21,47000";"4,83201";"0,30178"
"21,48000";"4,81702";"0,30368"
"21,49000";"4,80203";"0,30715"
"21,50000";"4,78715";"0,30454"
"21,51000";"4,77216";"0,31094"
"21,52000";"4,75717";"0,31259"
"21,53000";"4,74194";"0,31195"
"21,54000";"4,72694";"0,30197"
"21,55000";"4,71207";"0,29686"
"21,56000";"4,69719";"0,29657"
"21,57000";"4,68208";"0,30322"
"21,58000";"4,66709";"0,30738"
"21,59000";"4,65222";"0,31761"
"21,60000";"4,63722";"0,32411"
"21,61000";"4,62199";"0,32331"
"21,62000";"4,60688";"0,31378"
"21,63000";"4,59201";"0,31186"
"21,64000";"4,57713";"0,30913"
"21,65000";"4,56214";"0,30927"
"21,66000";"4,54715";"0,30866"
"21,67000";"4,53227";"0,30679"
"21,68000";"4,51740";"0,30685"
"21,69000";"4,50228";"0,30469"
"21,70000";"4,48717";"0,30197"
"21,71000";"4,47230";"0,30047"
"21,72000";"4,45742";"0,30352"
"21,73000";"4,44243";"0,30588"
"21,74000";"4,42720";"0,31592"
"21,75000";"4,41209";"0,31727"
"21,76000";"4,39710";"0,31333"
"21,77000";"4,38199";"0,31013"
"21,78000";"4,36699";"0,30687"
"21,79000";"4,35200";"0,30642"
"21,80000";"4,33712";"0,30741"
"21,81000";"4,32225";"0,30849"
"21,82000";"4,30702";"0,30619"
"21,83000";"4,29203";"0,30554"
"21,84000";"4,27715";"0,30215"
"21,85000";"4,26216";"0,29996"
"21,86000";"4,24705";"0,30146"
"21,87000";"4,23206";"0,29884"
"21,88000";"4,21730";"0,29763"
"21,89000";"4,20242";"0,30558"
"21,90000";"4,18731";"0,31356"
"21,91000";"4,17208";"0,31876"
"21,92000";"4,15709";"0,31527"
"21,93000";"4,14233";"0,31183"
"21,94000";"4,12722";"0,30609"
"21,95000";"4,11211";"0,29768"
"21,96000";"4,09712";"0,28879"
"21,97000";"4,08213";"0,28778"
"21,98000";"4,06713";"0,29448"
"21,99000";"4,05190";"0,29794"
"22,00000";"4,03691";"0,29824"
"22,01000";"4,02203";"0,30224"
"22,02000";"4,00704";"0,29685"
"22,03000";"3,99193";"0,29502"
"22,04000";"3,97694";"0,29563"
"22,05000";"3,96194";"0,29655"
"22,06000";"3,94683";"0,30203"
"22,07000";"3,93160";"0,30438"
"22,08000";"3,91661";"0,29608"
"22,09000";"3,90185";"0,29036"
"22,10000";"3,88698";"0,29787"
"22,11000";"3,87187";"0,29853"
"22,12000";"3,85676";"0,30527"
"22,13000";"3,84176";"0,30923"
"22,14000";"3,82665";"0,31587"
"22,15000";"3,81154";"0,31665"
"22,16000";"3,79643";"0,31769"
"22,17000";"3,78167";"0,31910"
"22,18000";"3,76680";"0,32201"
"22,19000";"3,75169";"0,31592"
"22,20000";"3,73669";"0,31058"
"22,21000";"3,72170";"0,30550"
"22,22000";"3,70683";"0,30196"
"22,23000";"3,69172";"0,29864"
"22,24000";"3,67660";"0,29727"
"22,25000";"3,66173";"0,29657"
"22,26000";"3,64697";"0,29519"
"22,27000";"3,63210";"0,29803"
"22,28000";"3,61699";"0,29582"
"22,29000";"3,60211";"0,29442"
"22,30000";"3,58712";"0,29847"
"22,31000";"3,57212";"0,30310"
"22,32000";"3,55690";"0,30555"
"22,33000";"3,54202";"0,30274"
"22,34000";"3,52715";"0,30678"
"22,35000";"3,51227";"0,31121"
"22,36000";"3,49704";"0,30857"
"22,37000";"3,48193";"0,30152"
"22,38000";"3,46694";"0,30414"
"22,39000";"3,45194";"0,30711"
"22,40000";"3,43695";"0,30212"
"22,41000";"3,42208";"0,29979"
"22,42000";"3,40732";"0,30080"
"22,43000";"3,39233";"0,30225"
"22,44000";"3,37722";"0,30873"
"22,45000";"3,36210";"0,30873"
"22,46000";"3,34711";"0,30601"
"22,47000";"3,33200";"0,30355"
"22,48000";"3,31689";"0,29853"
"22,49000";"3,30190";"0,29960"
"22,50000";"3,28702";"0,30962"
"22,51000";"3,27226";"0,32278"
"22,52000";"3,25727";"0,32913"
"22,53000";"3,24216";"0,32820"
"22,54000";"3,22705";"0,32246"
"22,55000";"3,21217";"0,31812"
"22,56000";"3,19706";"0,32118"
"22,57000";"3,18195";"0,31658"
"22,58000";"3,16708";"0,30003"
"22,59000";"3,15197";"0,29169"
"22,60000";"3,13685";"0,29324"
"22,61000";"3,12174";"0,30481"
"22,62000";"3,10675";"0,31073"
"22,63000";"3,09187";"0,30635"
"22,64000";"3,07688";"0,30506"
"22,65000";"3,06189";"0,29980"
"22,66000";"3,04690";"0,29793"
"22,67000";"3,03202";"0,30050"
"22,68000";"3,01703";"0,30826"
"22,69000";"3,00192";"0,31339"
"22,70000";"2,98692";"0,30795"
"22,71000";"2,97193";"0,30660"
"22,72000";"2,95706";"0,30576"
"22,73000";"2,94218";"0,30232"
"22,74000";"2,92719";"0,29924"
"22,75000";"2,91219";"0,29658"
"22,76000";"2,89720";"0,29714"
"22,77000";"2,88209";"0,29626"
"22,78000";"2,86686";"0,29277"
"22,79000";"2,85175";"0,28878"
"22,80000";"2,83688";"0,29337"
"22,81000";"2,82188";"0,29900"
"22,82000";"2,80689";"0,30599"
"22,83000";"2,79201";"0,31670"
"22,84000";"2,77702";"0,32251"
"22,85000";"2,76191";"0,32743"
"22,86000";"2,74680";"0,32103"
"22,87000";"2,73181";"0,31615"
"22,88000";"2,71705";"0,30850"
"22,89000";"2,70206";"0,30058"
"22,90000";"2,68694";"0,29658"
"22,91000";"2,67195";"0,29331"
"22,92000";"2,65696";"0,29533"
"22,93000";"2,64197";"0,30322"
"22,94000";"2,62685";"0,30584"
"22,95000";"2,61174";"0,30450"
"22,96000";"2,59687";"0,30792"
"22,97000";"2,58199";"0,31018"
"22,98000";"2,56700";"0,30922"
"22,99000";"2,55189";"0,29868"
"23,00000";"2,53690";"0,29254"
"23,01000";"2,52190";"0,29270"
"23,02000";"2,50679";"0,30102"
"23,03000";"2,49180";"0,29975"
"23,04000";"2,47704";"0,29973"
"23,05000";"2,46217";"0,29832"
"23,06000";"2,44717";"0,30335"
"23,07000";"2,43194";"0,30420"
"23,08000";"2,41695";"0,30246"
"23,09000";"2,40196";"0,29507"
"23,10000";"2,38673";"0,29603"
"23,11000";"2,37174";"0,30052"
"23,12000";"2,35674";"0,30086"
"23,13000";"2,34210";"0,29651"
"23,14000";"2,32711";"0,30468"
"23,15000";"2,31200";"0,31028"
"23,16000";"2,29701";"0,30823"
"23,17000";"2,28201";"0,30555"
"23,18000";"2,26702";"0,30870"
"23,19000";"2,25203";"0,31097"
"23,20000";"2,23703";"0,31544"
"23,21000";"2,22216";"0,31394"
"23,22000";"2,20717";"0,30854"
"23,23000";"2,19206";"0,29930"
"23,24000";"2,17706";"0,29374"
"23,25000";"2,16207";"0,28760"
"23,26000";"2,14708";"0,29362"
"23,27000";"2,13208";"0,30513"
"23,28000";"2,11709";"0,30585"
"23,29000";"2,10210";"0,30730"
"23,30000";"2,08710";"0,30950"
"23,31000";"2,07199";"0,30960"
"23,32000";"2,05688";"0,30567"
"23,33000";"2,04177";"0,29801"
"23,34000";"2,02678";"0,29065"
"23,35000";"2,01190";"0,28579"
"23,36000";"1,99691";"0,28406"
"23,37000";"1,98203";"0,29059"
"23,38000";"1,96704";"0,29734"
"23,39000";"1,95193";"0,30331"
"23,40000";"1,93682";"0,30298"
"23,41000";"1,92183";"0,30079"
"23,42000";"1,90695";"0,30337"
"23,43000";"1,89196";"0,31079"
"23,44000";"1,87697";"0,31476"
"23,45000";"1,86197";"0,31094"
"23,46000";"1,84710";"0,30640"
"23,47000";"1,83210";"0,30359"
"23,48000";"1,81699";"0,30291"
"23,49000";"1,80188";"0,30617"
"23,50000";"1,78689";"0,31163"
"23,51000";"1,77201";"0,31504"
"23,52000";"1,75702";"0,32167"
"23,53000";"1,74203";"0,32089"
"23,54000";"1,72703";"0,31446"
"23,55000";"1,71216";"0,31076"
"23,56000";"1,69705";"0,31116"
"23,57000";"1,68194";"0,30873"
"23,58000";"1,66694";"0,31066"
"23,59000";"1,65207";"0,30744"
"23,60000";"1,63708";"0,30871"
"23,61000";"1,62208";"0,30332"
"23,62000";"1,60697";"0,30237"
"23,63000";"1,59198";"0,29778"
"23,64000";"1,57710";"0,29604"
"23,65000";"1,56199";"0,29989"
"23,66000";"1,54700";"0,30452"
"23,67000";"1,53201";"0,30604"
"23,68000";"1,51713";"0,30960"
"23,69000";"1,50202";"0,31387"
"23,70000";"1,48691";"0,31626"
"23,71000";"1,47192";"0,31690"
"23,72000";"1,45692";"0,32058"
"23,73000";"1,44193";"0,31643"
"23,74000";"1,42682";"0,31234"
"23,75000";"1,41194";"0,31270"
"23,76000";"1,39707";"0,32176"
"23,77000";"1,38208";"0,32738"
"23,78000";"1,36697";"0,32444"
"23,79000";"1,35185";"0,31653"
"23,80000";"1,33686";"0,31579"
"23,81000";"1,32175";"0,31405"
"23,82000";"1,30676";"0,31085"
"23,83000";"1,29188";"0,30745"
"23,84000";"1,27701";"0,30943"
"23,85000";"1,26213";"0,30378"
"23,86000";"1,24714";"0,29972"
"23,87000";"1,23215";"0,29729"
"23,88000";"1,21715";"0,29583"
"23,89000";"1,20216";"0,30098"
"23,90000";"1,18705";"0,30793"
"23,91000";"1,17206";"0,30741"
"23,92000";"1,15706";"0,30821"
"23,93000";"1,14207";"0,30708"
"23,94000";"1,12696";"0,30148"
"23,95000";"1,11185";"0,29935"
"23,96000";"1,09685";"0,29783"
"23,97000";"1,08198";"0,29469"
"23,98000";"1,06710";"0,29761"
"23,99000";"1,05199";"0,29489"
"24,00000";"1,03700";"0,29744"
"24,01000";"1,02201";"0,30460"
"24,02000";"1,00690";"0,31196"
"24,03000";"0,99190";"0,31725"
"24,04000";"0,97691";"0,31754"
"24,05000";"0,96192";"0,32121"
"24,06000";"0,94704";"0,32279"
"24,07000";"0,93193";"0,31670"
"24,08000";"0,91706";"0,31212"
"24,09000";"0,90206";"0,31485"
"24,10000";"0,88707";"0,31413"
"24,11000";"0,87196";"0,31529"
"24,12000";"0,85685";"0,32204"
"24,13000";"0,84185";"0,31916"
"24,14000";"0,82698";"0,31387"
"24,15000";"0,81199";"0,30713"
"24,16000";"0,79688";"0,30361"
"24,17000";"0,78200";"0,30471"
"24,18000";"0,76724";"0,30092"
"24,19000";"0,75225";"0,30034"
"24,20000";"0,73714";"0,30374"
"24,21000";"0,72215";"0,30709"
"24,22000";"0,70715";"0,31264"
"24,23000";"0,69216";"0,31315"
"24,24000";"0,67705";"0,31248"
"24,25000";"0,66206";"0,31271"
"24,26000";"0,64718";"0,30929"
"24,27000";"0,63219";"0,31459"
"24,28000";"0,61696";"0,31837"
"24,29000";"0,60197";"0,31472"
"24,30000";"0,58709";"0,31577"
"24,31000";"0,57210";"0,32284"
"24,32000";"0,55699";"0,32776"
"24,33000";"0,54188";"0,32656"
"24,34000";"0,52688";"0,32293"
"24,35000";"0,51189";"0,32844"
"24,36000";"0,49678";"0,33122"
"24,37000";"0,48167";"0,32639"
"24,38000";"0,46679";"0,32318"
"24,39000";"0,45203";"0,32067"
"24,40000";"0,43692";"0,31472"
"24,41000";"0,42181";"0,31737"
"24,42000";"0,40694";"0,31548"
"24,43000";"0,39194";"0,31245"
"24,44000";"0,37683";"0,30906"
"24,45000";"0,36172";"0,31237"
"24,46000";"0,34685";"0,31395"
"24,47000";"0,33209";"0,32157"
"24,48000";"0,31722";"0,31859"
"24,49000";"0,30222";"0,31595"
"24,50000";"0,28711";"0,30731"
"24,51000";"0,27224";"0,30413"
"24,52000";"0,25713";"0,31126"
"24,53000";"0,24190";"0,31700"
"24,54000";"0,22690";"0,31601"
"24,55000";"0,21203";"0,30930"
"24,56000";"0,19703";"0,30695"
"24,57000";"0,18181";"0,31001"
"24,58000";"0,16669";"0,31245"
"24,59000";"0,15182";"0,31176"
"24,60000";"0,13694";"0,31905"
"24,61000";"0,12195";"0,31811"
"24,62000";"0,10708";"0,31584"
"24,63000";"0,09232";"0,31490"
"24,64000";"0,07744";"0,31512"
"24,65000";"0,06233";"0,31350"
"24,66000";"0,04722";"0,31008"
"24,67000";"0,03211";"0,31191"
"24,68000";"0,01724";"0,31106"
"24,69000";"0,00213";"0,30830"
"24,69200";"-0,00083";"0,30801"
"24,69400";"-0,00390";"0,30783"
"24,70400";"-0,01676";"0,31038"
"24,71400";"-0,02397";"0,32614"
"24,72000";"-0,02574";"0,33745"
"24,73000";"-0,02491";"0,35331"
"24,74000";"-0,01983";"0,36441"
"24,75000";"-0,00826";"0,37617"
"24,76000";"0,00885";"0,38938"
"24,77000";"0,02928";"0,38158"
"24,78000";"0,05088";"0,36432"
"24,79000";"0,07260";"0,33771"
"24,80000";"0,09409";"0,32201"
"24,81000";"0,11475";"0,31236"
"24,82000";"0,13435";"0,30320"
"24,83000";"0,15324";"0,30498"
"24,84000";"0,17118";"0,30894"
"24,85000";"0,18853";"0,30873"
"24,86000";"0,20553";"0,31104"
"24,87000";"0,22206";"0,31001"
"24,88000";"0,23835";"0,31136"
"24,89000";"0,25429";"0,31314"
"24,90000";"0,26999";"0,31259"
"24,91000";"0,28558";"0,30674"
"24,92000";"0,30104";"0,30516"
"24,93000";"0,31651";"0,31177"
"24,94000";"0,33197";"0,31460"
"24,95000";"0,34708";"0,30712"
"24,96000";"0,36231";"0,31023"
"24,97000";"0,37742";"0,31422"
"24,98000";"0,39242";"0,31376"
"24,99000";"0,40741";"0,30871"
"25,00000";"0,42264";"0,30832"
"25,01000";"0,43775";"0,31175"
"25,02000";"0,45286";"0,31532"
"25,03000";"0,46785";"0,31535"
"25,04000";"0,48285";"0,31218"
"25,05000";"0,49784";"0,31108"
"25,06000";"0,51272";"0,31502"
"25,07000";"0,52771";"0,32270"
"25,08000";"0,54282";"0,32855"
"25,09000";"0,55781";"0,32691"
"25,10000";"0,57281";"0,32036"
"25,11000";"0,58792";"0,31432"
"25,12000";"0,60291";"0,31064"
"25,13000";"0,61802";"0,30395"
"25,14000";"0,63301";"0,30246"
"25,15000";"0,64789";"0,31011"
"25,16000";"0,66300";"0,31283"
"25,17000";"0,67799";"0,30507"
"25,18000";"0,69299";"0,31135"
"25,19000";"0,70798";"0,31772"
"25,20000";"0,72285";"0,31693"
"25,21000";"0,73797";"0,32073"
"25,22000";"0,75296";"0,32169"
"25,23000";"0,76795";"0,32414"
"25,24000";"0,78294";"0,32390"
"25,25000";"0,79806";"0,31971"
"25,26000";"0,81305";"0,31450"
"25,27000";"0,82804";"0,31471"
"25,28000";"0,84292";"0,31928"
"25,29000";"0,85791";"0,32285"
"25,30000";"0,87290";"0,32446"
"25,31000";"0,88790";"0,32803"
"25,32000";"0,90289";"0,32223"
"25,33000";"0,91788";"0,31297"
"25,34000";"0,93299";"0,32030"
"25,35000";"0,94799";"0,32710"
"25,36000";"0,96298";"0,32579"
"25,37000";"0,97797";"0,32624"
"25,38000";"0,99285";"0,32493"
"25,39000";"1,00784";"0,31965"
"25,40000";"1,02295";"0,31473"
"25,41000";"1,03794";"0,31566"
"25,42000";"1,05294";"0,31974"
"25,43000";"1,06793";"0,32692"
"25,44000";"1,08292";"0,33688"
"25,45000";"1,09803";"0,33393"
"25,46000";"1,11291";"0,33080"
"25,47000";"1,12790";"0,33652"
"25,48000";"1,14301";"0,32993"
"25,49000";"1,15801";"0,32134"
"25,50000";"1,17300";"0,31233"
"25,51000";"1,18788";"0,30752"
"25,52000";"1,20287";"0,31609"
"25,53000";"1,21786";"0,32931"
"25,54000";"1,23285";"0,33345"
"25,55000";"1,24797";"0,33443"
"25,56000";"1,26296";"0,33345"
"25,57000";"1,27807";"0,33208"
"25,58000";"1,29306";"0,32998"
"25,59000";"1,30794";"0,32752"
"25,60000";"1,32293";"0,31854"
"25,61000";"1,33792";"0,31174"
"25,62000";"1,35280";"0,31645"
"25,63000";"1,36779";"0,32471"
"25,64000";"1,38290";"0,32980"
"25,65000";"1,39801";"0,33325"
"25,66000";"1,41301";"0,32998"
"25,67000";"1,42800";"0,33470"
"25,68000";"1,44299";"0,33629"
"25,69000";"1,45799";"0,33101"
"25,70000";"1,47286";"0,32948"
"25,71000";"1,48785";"0,32942"
"25,72000";"1,50297";"0,32852"
"25,73000";"1,51808";"0,32887"
"25,74000";"1,53295";"0,33383"
"25,75000";"1,54794";"0,33200"
"25,76000";"1,56306";"0,32676"
"25,77000";"1,57793";"0,32026"
"25,78000";"1,59292";"0,31634"
"25,79000";"1,60803";"0,32056"
"25,80000";"1,62303";"0,32354"
"25,81000";"1,63802";"0,32754"
"25,82000";"1,65301";"0,32332"
"25,83000";"1,66801";"0,31814"
"25,84000";"1,68300";"0,31731"
"25,85000";"1,69799";"0,31686"
"25,86000";"1,71299";"0,31976"
"25,87000";"1,72798";"0,32614"
"25,88000";"1,74297";"0,32745"
"25,89000";"1,75808";"0,33437"
"25,90000";"1,77308";"0,33790"
"25,91000";"1,78795";"0,33860"
"25,92000";"1,80294";"0,34241"
"25,93000";"1,81794";"0,34420"
"25,94000";"1,83281";"0,34245"
"25,95000";"1,84792";"0,33744"
"25,96000";"1,86292";"0,33587"
"25,97000";"1,87803";"0,33968"
"25,98000";"1,89302";"0,34359"
"25,99000";"1,90801";"0,34183"
"26,00000";"1,92301";"0,34251"
"26,01000";"1,93800";"0,33773"
"26,02000";"1,95288";"0,33352"
"26,03000";"1,96799";"0,33303"
"26,04000";"1,98298";"0,33267"
"26,05000";"1,99797";"0,32927"
"26,06000";"2,01297";"0,32353"
"26,07000";"2,02796";"0,32734"
"26,08000";"2,04295";"0,34015"
"26,09000";"2,05783";"0,34269"
"26,10000";"2,07282";"0,33722"
"26,11000";"2,08793";"0,32772"
"26,12000";"2,10292";"0,32142"
"26,13000";"2,11792";"0,31822"
"26,14000";"2,13291";"0,31887"
"26,15000";"2,14790";"0,32079"
"26,16000";"2,16290";"0,32617"
"26,17000";"2,17789";"0,32777"
"26,18000";"2,19288";"0,33251"
"26,19000";"2,20788";"0,33412"
"26,20000";"2,22287";"0,33318"
"26,21000";"2,23774";"0,33511"
"26,22000";"2,25285";"0,34021"
"26,23000";"2,26785";"0,33280"
"26,24000";"2,28272";"0,32577"
"26,25000";"2,29772";"0,32499"
"26,26000";"2,31283";"0,32350"
"26,27000";"2,32794";"0,33191"
"26,28000";"2,34305";"0,33207"
"26,29000";"2,35804";"0,33918"
"26,30000";"2,37315";"0,34361"
"26,31000";"2,38826";"0,33891"
"26,32000";"2,40326";"0,33632"
"26,33000";"2,41825";"0,33876"
"26,34000";"2,43324";"0,34217"
"26,35000";"2,44835";"0,34444"
"26,36000";"2,46335";"0,34561"
"26,37000";"2,47834";"0,34788"
"26,38000";"2,49333";"0,34695"
"26,39000";"2,50821";"0,34807"
"26,40000";"2,52308";"0,35001"
"26,41000";"2,53784";"0,34388"
"26,42000";"2,55260";"0,33636"
"26,43000";"2,56759";"0,33823"
"26,44000";"2,58247";"0,34422"
"26,45000";"2,59734";"0,34149"
"26,46000";"2,61233";"0,34475"
"26,47000";"2,62733";"0,34157"
"26,48000";"2,64232";"0,34047"
"26,49000";"2,65743";"0,34023"
"26,50000";"2,67254";"0,33889"
"26,51000";"2,68753";"0,33429"
"26,52000";"2,70253";"0,32942"
"26,53000";"2,71764";"0,33056"
"26,54000";"2,73275";"0,33354"
"26,55000";"2,74810";"0,33482"
"26,56000";"2,76321";"0,33713"
"26,57000";"2,77832";"0,34205"
"26,58000";"2,79331";"0,34447"
"26,59000";"2,80842";"0,34733"
"26,60000";"2,82342";"0,35153"
"26,61000";"2,83841";"0,35043"
"26,62000";"2,85340";"0,35073"
"26,63000";"2,86840";"0,35596"
"26,64000";"2,88327";"0,36299"
"26,65000";"2,89815";"0,36238"
"26,66000";"2,91314";"0,34832"
"26,67000";"2,92813";"0,33426"
"26,68000";"2,94313";"0,32803"
"26,69000";"2,95824";"0,34024"
"26,70000";"2,97323";"0,34776"
"26,71000";"2,98810";"0,34981"
"26,72000";"3,00310";"0,35320"
"26,73000";"3,01797";"0,35043"
"26,74000";"3,03297";"0,34932"
"26,75000";"3,04784";"0,34895"
"26,76000";"3,06272";"0,35406"
"26,77000";"3,07747";"0,35761"
"26,78000";"3,09223";"0,36250"
"26,79000";"3,10722";"0,35869"
"26,80000";"3,12210";"0,34715"
"26,81000";"3,13721";"0,34264"
"26,82000";"3,15232";"0,33508"
"26,83000";"3,16767";"0,33151"
"26,84000";"3,18290";"0,33212"
"26,85000";"3,19812";"0,33326"
"26,86000";"3,21324";"0,33733"
"26,87000";"3,22823";"0,34122"
"26,88000";"3,24334";"0,34067"
"26,89000";"3,25845";"0,34653"
"26,90000";"3,27356";"0,35069"
"26,91000";"3,28867";"0,34714"
"26,92000";"3,30367";"0,34715"
"26,93000";"3,31854";"0,34996"
"26,94000";"3,33353";"0,35663"
"26,95000";"3,34841";"0,35255"
"26,96000";"3,36317";"0,34997"
"26,97000";"3,37816";"0,34859"
"26,98000";"3,39327";"0,34892"
"26,99000";"3,40826";"0,34670"
"27,00000";"3,42326";"0,34676"
"27,01000";"3,43825";"0,35085"
"27,02000";"3,45312";"0,35336"
"27,03000";"3,46800";"0,36377"
"27,04000";"3,48276";"0,37210"
"27,05000";"3,49775";"0,37029"
"27,06000";"3,51239";"0,36401"
"27,07000";"3,52726";"0,35313"
"27,08000";"3,54214";"0,34642"
"27,09000";"3,55701";"0,34164"
"27,10000";"3,57212";"0,33939"
"27,11000";"3,58712";"0,33471"
"27,12000";"3,60235";"0,33349"
"27,13000";"3,61769";"0,33682"
"27,14000";"3,63281";"0,34491"
"27,15000";"3,64803";"0,35271"
"27,16000";"3,66315";"0,35751"
"27,17000";"3,67826";"0,35892"
"27,18000";"3,69337";"0,35473"
"27,19000";"3,70848";"0,35341"
"27,20000";"3,72359";"0,34718"
"27,21000";"3,73858";"0,34223"
"27,22000";"3,75358";"0,33703"
"27,23000";"3,76857";"0,32900"
"27,24000";"3,78356";"0,32880"
"27,25000";"3,79844";"0,32937"
"27,26000";"3,81331";"0,32683"
"27,27000";"3,82819";"0,32863"
"27,28000";"3,84306";"0,33123"
"27,29000";"3,85806";"0,32916"
"27,30000";"3,87317";"0,33205"
"27,31000";"3,88816";"0,33567"
"27,32000";"3,90315";"0,33946"
"27,33000";"3,91815";"0,34291"
"27,34000";"3,93314";"0,34048"
"27,35000";"3,94790";"0,33925"
"27,36000";"3,96265";"0,34014"
"27,37000";"3,97753";"0,33421"
"27,38000";"3,99240";"0,32367"
"27,39000";"4,00728";"0,32421"
"27,40000";"4,02239";"0,32881"
"27,41000";"4,03750";"0,33232"
"27,42000";"4,05273";"0,33675"
"27,43000";"4,06784";"0,33841"
"27,44000";"4,08295";"0,34222"
"27,45000";"4,09818";"0,34296"
"27,46000";"4,11341";"0,34535"
"27,47000";"4,12852";"0,34393"
"27,48000";"4,14375";"0,35252"
"27,49000";"4,15886";"0,35577"
"27,50000";"4,17374";"0,35074"
"27,51000";"4,18873";"0,35385"
"27,52000";"4,20360";"0,35765"
"27,53000";"4,21860";"0,36422"
"27,54000";"4,23347";"0,36823"
"27,55000";"4,24835";"0,37080"
"27,56000";"4,26310";"0,37622"
"27,57000";"4,27810";"0,37836"
"27,58000";"4,29297";"0,37240"
"27,59000";"4,30785";"0,36305"
"27,60000";"4,32284";"0,35790"
"27,61000";"4,33795";"0,34900"
"27,62000";"4,35306";"0,34146"
"27,63000";"4,36806";"0,33307"
"27,64000";"4,38293";"0,33083"
"27,65000";"4,39781";"0,33270"
"27,66000";"4,41268";"0,33843"
"27,67000";"4,42767";"0,33923"
"27,68000";"4,44267";"0,34277"
"27,69000";"4,45778";"0,34886"
"27,70000";"4,47277";"0,35196"
"27,71000";"4,48788";"0,34899"
"27,72000";"4,50288";"0,34677"
"27,73000";"4,51799";"0,34114"
"27,74000";"4,53286";"0,33541"
"27,75000";"4,54797";"0,33314"
"27,76000";"4,56320";"0,33328"
"27,77000";"4,57831";"0,33663"
"27,78000";"4,59331";"0,33870"
"27,79000";"4,60830";"0,33412"
"27,80000";"4,62317";"0,33501"
"27,81000";"4,63805";"0,33773"
"27,82000";"4,65292";"0,33827"
"27,83000";"4,66780";"0,34138"
"27,84000";"4,68291";"0,34432"
"27,85000";"4,69802";"0,35760"
"27,86000";"4,71301";"0,36574"
"27,87000";"4,72813";"0,36044"
"27,88000";"4,74324";"0,35352"
"27,89000";"4,75823";"0,35012"
"27,90000";"4,77310";"0,34780"
"27,91000";"4,78798";"0,34798"
"27,92000";"4,80297";"0,34843"
"27,93000";"4,81785";"0,34876"
"27,94000";"4,83284";"0,35442"
"27,95000";"4,84783";"0,35125"
"27,96000";"4,86271";"0,34654"
"27,97000";"4,87770";"0,34315"
"27,98000";"4,89258";"0,34515"
"27,99000";"4,90769";"0,34452"
"28,00000";"4,92280";"0,34075"
"28,01000";"4,93779";"0,33340"
"28,02000";"4,95290";"0,33954"
"28,03000";"4,96801";"0,35386"
"28,04000";"4,98313";"0,35952"
"28,05000";"4,99835";"0,35511"
"28,06000";"5,01335";"0,34857"
"28,07000";"5,02834";"0,33841"
"28,08000";"5,04345";"0,32777"
"28,09000";"5,05844";"0,32796"
"28,10000";"5,07344";"0,33648"
"28,11000";"5,08831";"0,33929"
"28,12000";"5,10331";"0,33795"
"28,13000";"5,11818";"0,33910"
"28,14000";"5,13306";"0,34471"
"28,15000";"5,14805";"0,34614"
"28,16000";"5,16304";"0,34833"
"28,17000";"5,17815";"0,35589"
"28,18000";"5,19326";"0,35603"
"28,19000";"5,20814";"0,35986"
"28,20000";"5,22301";"0,36449"
"28,21000";"5,23789";"0,36285"
"28,22000";"5,25276";"0,35440"
"28,23000";"5,26776";"0,35215"
"28,24000";"5,28287";"0,35068"
"28,25000";"5,29786";"0,35076"
"28,26000";"5,31285";"0,34878"
"28,27000";"5,32797";"0,35140"
"28,28000";"5,34296";"0,35597"
"28,29000";"5,35807";"0,36249"
"28,30000";"5,37306";"0,36630"
"28,31000";"5,38806";"0,36795"
"28,32000";"5,40305";"0,36374"
"28,33000";"5,41816";"0,35524"
"28,34000";"5,43315";"0,35010"
"28,35000";"5,44826";"0,34624"
"28,36000";"5,46326";"0,34139"
"28,37000";"5,47813";"0,34513"
"28,38000";"5,49312";"0,35191"
"28,39000";"5,50812";"0,35566"
"28,40000";"5,52311";"0,35700"
"28,41000";"5,53799";"0,35762"
"28,42000";"5,55310";"0,35425"
"28,43000";"5,56797";"0,35533"
"28,44000";"5,58297";"0,36244"
"28,45000";"5,59796";"0,36338"
"28,46000";"5,61295";"0,36730"
"28,47000";"5,62794";"0,36385"
"28,48000";"5,64306";"0,36179"
"28,49000";"5,65793";"0,35686"
"28,50000";"5,67292";"0,35423"
"28,51000";"5,68804";"0,35437"
"28,52000";"5,70303";"0,35219"
"28,53000";"5,71790";"0,35698"
"28,54000";"5,73301";"0,35892"
"28,55000";"5,74801";"0,35767"
"28,56000";"5,76312";"0,35749"
"28,57000";"5,77811";"0,35300"
"28,58000";"5,79310";"0,35312"
"28,59000";"5,80810";"0,35265"
"28,60000";"5,82309";"0,35309"
"28,61000";"5,83808";"0,35456"
"28,62000";"5,85308";"0,35547"
"28,63000";"5,86819";"0,36500"
"28,64000";"5,88318";"0,37839"
"28,65000";"5,89817";"0,38230"
"28,66000";"5,91305";"0,38168"
"28,67000";"5,92804";"0,37401"
"28,68000";"5,94303";"0,36219"
"28,69000";"5,95791";"0,35470"
"28,70000";"5,97290";"0,35346"
"28,71000";"5,98801";"0,35420"
"28,72000";"6,00301";"0,35082"
"28,73000";"6,01812";"0,35221"
"28,74000";"6,03311";"0,35821"
"28,75000";"6,04810";"0,35521"
"28,76000";"6,06310";"0,34785"
"28,77000";"6,07797";"0,34611"
"28,78000";"6,09308";"0,35040"
"28,79000";"6,10796";"0,35435"
"28,80000";"6,12295";"0,35684"
"28,81000";"6,13794";"0,35413"
"28,82000";"6,15294";"0,35058"
"28,83000";"6,16793";"0,34655"
"28,84000";"6,18292";"0,34658"
"28,85000";"6,19792";"0,34836"
"28,86000";"6,21303";"0,35382"
"28,87000";"6,22814";"0,35890"
"28,88000";"6,24325";"0,35717"
"28,89000";"6,25824";"0,35435"
"28,90000";"6,27324";"0,35532"
"28,91000";"6,28811";"0,35807"
"28,92000";"6,30299";"0,36053"
"28,93000";"6,31810";"0,36225"
"28,94000";"6,33309";"0,36335"
"28,95000";"6,34808";"0,36521"
"28,96000";"6,36308";"0,37107"
"28,97000";"6,37795";"0,37930"
"28,98000";"6,39294";"0,37865"
"28,99000";"6,40794";"0,38023"
"29,00000";"6,42293";"0,37248"
"29,01000";"6,43792";"0,36646"
"29,02000";"6,45303";"0,36485"
"29,03000";"6,46803";"0,36553"
"29,04000";"6,48290";"0,36798"
"29,05000";"6,49790";"0,36665"
"29,06000";"6,51289";"0,36296"
"29,07000";"6,52788";"0,36173"
"29,08000";"6,54276";"0,35854"
"29,09000";"6,55775";"0,35930"
"29,10000";"6,57274";"0,35994"
"29,11000";"6,58785";"0,36124"
"29,12000";"6,60285";"0,35726"
"29,13000";"6,61796";"0,35591"
"29,14000";"6,63295";"0,35793"
"29,15000";"6,64794";"0,36622"
"29,16000";"6,66282";"0,37243"
"29,17000";"6,67781";"0,36899"
"29,18000";"6,69292";"0,35766"
"29,19000";"6,70792";"0,35254"
"29,20000";"6,72291";"0,35301"
"29,21000";"6,73790";"0,35657"
"29,22000";"6,75290";"0,36466"
"29,23000";"6,76801";"0,37405"
"29,24000";"6,78288";"0,38038"
"29,25000";"6,79799";"0,38334"
"29,26000";"6,81299";"0,38133"
"29,27000";"6,82798";"0,38157"
"29,28000";"6,84297";"0,37536"
"29,29000";"6,85796";"0,37051"
"29,30000";"6,87296";"0,36899"
"29,31000";"6,88807";"0,37045"
"29,32000";"6,90306";"0,37762"
"29,33000";"6,91806";"0,38495"
"29,34000";"6,93305";"0,38878"
"29,35000";"6,94804";"0,38802"
"29,36000";"6,96303";"0,38903"
"29,37000";"6,97803";"0,38822"
"29,38000";"6,99290";"0,38903"
"29,39000";"7,00778";"0,39007"
"29,40000";"7,02277";"0,39379"
"29,41000";"7,03776";"0,39393"
"29,42000";"7,05276";"0,39386"
"29,43000";"7,06787";"0,39221"
"29,44000";"7,08298";"0,39209"
"29,45000";"7,09797";"0,39646"
"29,46000";"7,11297";"0,40343"
"29,47000";"7,12796";"0,40174"
"29,48000";"7,14295";"0,39361"
"29,49000";"7,15794";"0,38982"
"29,50000";"7,17306";"0,39059"
"29,51000";"7,18805";"0,39105"
"29,52000";"7,20304";"0,39050"
"29,53000";"7,21815";"0,38550"
"29,54000";"7,23303";"0,38155"
"29,55000";"7,24790";"0,38226"
"29,56000";"7,26301";"0,38352"
"29,57000";"7,27801";"0,38072"
"29,58000";"7,29300";"0,38211"
"29,59000";"7,30799";"0,38767"
"29,60000";"7,32299";"0,39014"
"29,61000";"7,33810";"0,38950"
"29,62000";"7,35309";"0,39348"
"29,63000";"7,36808";"0,39145"
"29,64000";"7,38308";"0,38950"
"29,65000";"7,39819";"0,38597"
"29,66000";"7,41318";"0,39017"
"29,67000";"7,42817";"0,39143"
"29,68000";"7,44305";"0,39139"
"29,69000";"7,45792";"0,39049"
"29,70000";"7,47292";"0,39524"
"29,71000";"7,48791";"0,40290"
"29,72000";"7,50290";"0,40770"
"29,73000";"7,51790";"0,40249"
"29,74000";"7,53289";"0,38993"
"29,75000";"7,54800";"0,38355"
"29,76000";"7,56299";"0,38211"
"29,77000";"7,57799";"0,38879"
"29,78000";"7,59286";"0,39858"
"29,79000";"7,60774";"0,39700"
"29,80000";"7,62285";"0,38694"
"29,81000";"7,63784";"0,38122"
"29,82000";"7,65295";"0,38185"
"29,83000";"7,66806";"0,39116"
"29,84000";"7,68306";"0,40204"
"29,85000";"7,69793";"0,40868"
"29,86000";"7,71292";"0,41227"
"29,87000";"7,72780";"0,41339"
"29,88000";"7,74279";"0,41145"
"29,89000";"7,75778";"0,40654"
"29,90000";"7,77278";"0,40577"
"29,91000";"7,78777";"0,40293"
"29,92000";"7,80276";"0,40376"
"29,93000";"7,81776";"0,40884"
"29,94000";"7,83275";"0,40980"
"29,95000";"7,84774";"0,41683"
"29,96000";"7,86285";"0,42224"
"29,97000";"7,87785";"0,42705"
"29,98000";"7,89284";"0,42932"
"29,99000";"7,90783";"0,43618"
"30,00000";"7,92294";"0,43481"
"30,01000";"7,93794";"0,42798"
"30,02000";"7,95281";"0,41747"
"30,03000";"7,96781";"0,40866"
"30,04000";"7,98292";"0,40317"
"30,05000";"7,99791";"0,40965"
"30,06000";"8,01290";"0,42146"
"30,07000";"8,02801";"0,42332"
"30,08000";"8,04313";"0,42426"
"30,09000";"8,05812";"0,42004"
"30,10000";"8,07299";"0,41362"
"30,11000";"8,08799";"0,41282"
"30,12000";"8,10298";"0,41717"
"30,13000";"8,11797";"0,42058"
"30,14000";"8,13297";"0,42073"
"30,15000";"8,14796";"0,41709"
"30,16000";"8,16295";"0,41109"
"30,17000";"8,17794";"0,40856"
"30,18000";"8,19294";"0,40927"
"30,19000";"8,20793";"0,41647"
"30,20000";"8,22292";"0,42917"
"30,21000";"8,23803";"0,43933"
"30,22000";"8,25315";"0,43772"
"30,23000";"8,26826";"0,43412"
"30,24000";"8,28325";"0,42953"
"30,25000";"8,29824";"0,42456"
"30,26000";"8,31312";"0,42634"
"30,27000";"8,32811";"0,42248"
"30,28000";"8,34322";"0,41736"
"30,29000";"8,35822";"0,41800"
"30,30000";"8,37321";"0,42516"
"30,31000";"8,38808";"0,42849"
"30,32000";"8,40296";"0,42283"
"30,33000";"8,41795";"0,41848"
"30,34000";"8,43283";"0,41873"
"30,35000";"8,44782";"0,42310"
"30,36000";"8,46281";"0,43199"
"30,37000";"8,47792";"0,42956"
"30,38000";"8,49315";"0,42520"
"30,39000";"8,50815";"0,42265"
"30,40000";"8,52326";"0,42440"
"30,41000";"8,53813";"0,42645"
"30,42000";"8,55301";"0,43873"
"30,43000";"8,56800";"0,45467"
"30,44000";"8,58311";"0,45839"
"30,45000";"8,59810";"0,45465"
"30,46000";"8,61322";"0,44878"
"30,47000";"8,62821";"0,44337"
"30,48000";"8,64320";"0,44107"
"30,49000";"8,65808";"0,43412"
"30,50000";"8,67295";"0,42896"
"30,51000";"8,68806";"0,42695"
"30,52000";"8,70306";"0,43049"
"30,53000";"8,71805";"0,42852"
"30,54000";"8,73292";"0,42973"
"30,55000";"8,74803";"0,43676"
"30,56000";"8,76291";"0,44961"
"30,57000";"8,77790";"0,44986"
"30,58000";"8,79278";"0,44873"
"30,59000";"8,80789";"0,44270"
"30,60000";"8,82288";"0,43783"
"30,61000";"8,83799";"0,42910"
"30,62000";"8,85287";"0,42328"
"30,63000";"8,86786";"0,42233"
"30,64000";"8,88297";"0,42652"
"30,65000";"8,89785";"0,43294"
"30,66000";"8,91284";"0,43801"
"30,67000";"8,92783";"0,43619"
"30,68000";"8,94294";"0,43530"
"30,69000";"8,95794";"0,43872"
"30,70000";"8,97281";"0,44109"
"30,71000";"8,98792";"0,44207"
"30,72000";"9,00292";"0,44304"
"30,73000";"9,01779";"0,44162"
"30,74000";"9,03267";"0,44725"
"30,75000";"9,04778";"0,45913"
"30,76000";"9,06289";"0,45572"
"30,77000";"9,07800";"0,45158"
"30,78000";"9,09299";"0,45068"
"30,79000";"9,10810";"0,45230"
"30,80000";"9,12310";"0,45886"
"30,81000";"9,13809";"0,46324"
"30,82000";"9,15308";"0,46796"
"30,83000";"9,16796";"0,46206"
"30,84000";"9,18307";"0,45602"
"30,85000";"9,19818";"0,45442"
"30,86000";"9,21317";"0,45492"
"30,87000";"9,22817";"0,45314"
"30,88000";"9,24316";"0,45241"
"30,89000";"9,25803";"0,45297"
"30,90000";"9,27303";"0,44993"
"30,91000";"9,28802";"0,44602"
"30,92000";"9,30301";"0,44218"
"30,93000";"9,31813";"0,44758"
"30,94000";"9,33312";"0,44784"
"30,95000";"9,34811";"0,45143"
"30,96000";"9,36310";"0,45607"
"30,97000";"9,37810";"0,46416"
"30,98000";"9,39321";"0,46550"
"30,99000";"9,40808";"0,46543"
"31,00000";"9,42308";"0,46445"
"31,01000";"9,43819";"0,46857"
"31,02000";"9,45330";"0,46860"
"31,03000";"9,46829";"0,46453"
"31,04000";"9,48317";"0,46559"
"31,05000";"9,49804";"0,47226"
"31,06000";"9,51304";"0,46930"
"31,07000";"9,52803";"0,46863"
"31,08000";"9,54302";"0,47270"
"31,09000";"9,55813";"0,47125"
"31,10000";"9,57312";"0,46800"
"31,11000";"9,58812";"0,46713"
"31,12000";"9,60311";"0,46372"
"31,13000";"9,61799";"0,46356"
"31,14000";"9,63310";"0,46351"
"31,15000";"9,64797";"0,46552"
"31,16000";"9,66297";"0,46739"
"31,17000";"9,67796";"0,47408"
"31,18000";"9,69295";"0,47959"
"31,19000";"9,70794";"0,47821"
"31,20000";"9,72294";"0,47317"
"31,21000";"9,73793";"0,47336"
"31,22000";"9,75304";"0,47112"
"31,23000";"9,76803";"0,46932"
"31,24000";"9,78303";"0,46485"
"31,25000";"9,79802";"0,46551"
"31,26000";"9,81301";"0,46868"
"31,27000";"9,82801";"0,46976"
"31,28000";"9,84288";"0,47416"
"31,29000";"9,85776";"0,47505"
"31,30000";"9,87287";"0,47506"
"31,31000";"9,88798";"0,46616"
"31,32000";"9,90297";"0,45690"
"31,33000";"9,91796";"0,45231"
"31,34000";"9,93308";"0,45575"
"31,35000";"9,94807";"0,46205"
"31,36000";"9,96294";"0,47014"
"31,37000";"9,97794";"0,47195"
"31,38000";"9,99293";"0,47438"
"31,39000";"10,00804";"0,47487"
"31,40000";"10,02304";"0,48110"
"31,41000";"10,03803";"0,48542"
"31,42000";"10,05314";"0,48392"
"31,43000";"10,06813";"0,47484"
"31,44000";"10,08301";"0,47005"
"31,45000";"10,09800";"0,46765"
"31,46000";"10,11299";"0,47121"
"31,47000";"10,12799";"0,46869"
"31,48000";"10,14310";"0,46297"
"31,49000";"10,15809";"0,46231"
"31,50000";"10,17308";"0,47350"
"31,51000";"10,18820";"0,47819"
"31,52000";"10,20307";"0,47381"
"31,53000";"10,21818";"0,47474"
"31,54000";"10,23318";"0,47248"
"31,55000";"10,24828";"0,47057"
"31,56000";"10,26340";"0,46640"
"31,57000";"10,27827";"0,45800"
"31,58000";"10,29315";"0,45830"
"31,59000";"10,30814";"0,46582"
"31,60000";"10,32313";"0,47406"
"31,61000";"10,33813";"0,48169"
"31,62000";"10,35312";"0,48918"
"31,63000";"10,36823";"0,49241"
"31,64000";"10,38334";"0,49043"
"31,65000";"10,39833";"0,48511"
"31,66000";"10,41321";"0,48531"
"31,67000";"10,42808";"0,47860"
"31,68000";"10,44308";"0,47105"
"31,69000";"10,45807";"0,46621"
"31,70000";"10,47306";"0,46635"
"31,71000";"10,48817";"0,46710"
"31,72000";"10,50317";"0,46848"
"31,73000";"10,51816";"0,47429"
"31,74000";"10,53315";"0,48015"
"31,75000";"10,54803";"0,48572"
"31,76000";"10,56290";"0,48486"
"31,77000";"10,57801";"0,48058"
"31,78000";"10,59301";"0,47416"
"31,79000";"10,60788";"0,47308"
"31,80000";"10,62288";"0,47377"
"31,81000";"10,63787";"0,48150"
"31,82000";"10,65286";"0,48791"
"31,83000";"10,66785";"0,49159"
"31,84000";"10,68297";"0,49398"
"31,85000";"10,69796";"0,49218"
"31,86000";"10,71295";"0,49887"
"31,87000";"10,72794";"0,50175"
"31,88000";"10,74282";"0,50855"
"31,89000";"10,75781";"0,51055"
"31,90000";"10,77281";"0,50179"
"31,91000";"10,78780";"0,49259"
"31,92000";"10,80279";"0,48088"
"31,93000";"10,81779";"0,47586"
"31,94000";"10,83290";"0,47107"
"31,95000";"10,84789";"0,47832"
"31,96000";"10,86300";"0,48523"
"31,97000";"10,87799";"0,49135"
"31,98000";"10,89299";"0,49360"
"31,99000";"10,90786";"0,49326"
"32,00000";"10,92285";"0,49575"
"32,01000";"10,93797";"0,50055"
"32,02000";"10,95296";"0,50701"
"32,03000";"10,96795";"0,51320"
"32,04000";"10,98306";"0,51075"
"32,05000";"10,99806";"0,49962"
"32,06000";"11,01305";"0,49190"
"32,07000";"11,02804";"0,49005"
"32,08000";"11,04303";"0,48835"
"32,09000";"11,05803";"0,49129"
"32,10000";"11,07302";"0,49637"
"32,11000";"11,08801";"0,50397"
"32,12000";"11,10289";"0,50868"
"32,13000";"11,11800";"0,51012"
"32,14000";"11,13299";"0,51513"
"32,15000";"11,14799";"0,51672"
"32,16000";"11,16298";"0,51405"
"32,17000";"11,17809";"0,51028"
"32,18000";"11,19320";"0,50224"
"32,19000";"11,20808";"0,49544"
"32,20000";"11,22307";"0,49540"
"32,21000";"11,23806";"0,50117"
"32,22000";"11,25294";"0,50601"
"32,23000";"11,26793";"0,51199"
"32,24000";"11,28304";"0,51663"
"32,25000";"11,29803";"0,51321"
"32,26000";"11,31303";"0,50467"
"32,27000";"11,32802";"0,50215"
"32,28000";"11,34290";"0,50280"
"32,29000";"11,35789";"0,50612"
"32,30000";"11,37288";"0,50966"
"32,31000";"11,38788";"0,51214"
"32,32000";"11,40287";"0,51461"
"32,33000";"11,41798";"0,51305"
"32,34000";"11,43309";"0,50628"
"32,35000";"11,44820";"0,50613"
"32,36000";"11,46319";"0,50977"
"32,37000";"11,47819";"0,51103"
"32,38000";"11,49306";"0,51101"
"32,39000";"11,50806";"0,51212"
"32,40000";"11,52317";"0,50814"
"32,41000";"11,53816";"0,51250"
"32,42000";"11,55327";"0,51500"
"32,43000";"11,56826";"0,51800"
"32,44000";"11,58326";"0,51942"
"32,45000";"11,59825";"0,51791"
"32,46000";"11,61312";"0,51349"
"32,47000";"11,62812";"0,51047"
"32,48000";"11,64311";"0,51608"
"32,49000";"11,65810";"0,51351"
"32,50000";"11,67310";"0,50715"
"32,51000";"11,68797";"0,50550"
"32,52000";"11,70296";"0,50567"
"32,53000";"11,71796";"0,50704"
"32,54000";"11,73283";"0,51442"
"32,55000";"11,74794";"0,52173"
"32,56000";"11,76306";"0,52871"
"32,57000";"11,77805";"0,53155"
"32,58000";"11,79304";"0,52279"
"32,59000";"11,80792";"0,51141"
"32,60000";"11,82291";"0,50191"
"32,61000";"11,83790";"0,49827"
"32,62000";"11,85278";"0,50598"
"32,63000";"11,86777";"0,51636"
"32,64000";"11,88288";"0,52485"
"32,65000";"11,89787";"0,52592"
"32,66000";"11,91299";"0,52712"
"32,67000";"11,92798";"0,52286"
"32,68000";"11,94297";"0,52237"
"32,69000";"11,95797";"0,52028"
"32,70000";"11,97284";"0,51532"
"32,71000";"11,98795";"0,51902"
"32,72000";"12,00294";"0,52499"
"32,73000";"12,01806";"0,52610"
"32,74000";"12,03305";"0,52343"
"32,75000";"12,04804";"0,52467"
"32,76000";"12,06304";"0,52109"
"32,77000";"12,07803";"0,51630"
"32,78000";"12,09302";"0,51657"
"32,79000";"12,10801";"0,52343"
"32,80000";"12,12301";"0,53595"
"32,81000";"12,13800";"0,53526"
"32,82000";"12,15299";"0,53409"
"32,83000";"12,16787";"0,53491"
"32,84000";"12,18286";"0,53929"
"32,85000";"12,19774";"0,54527"
"32,86000";"12,21273";"0,54410"
"32,87000";"12,22772";"0,54604"
"32,88000";"12,24272";"0,54164"
"32,89000";"12,25783";"0,54145"
"32,90000";"12,27294";"0,53204"
"32,91000";"12,28781";"0,52647"
"32,92000";"12,30280";"0,53267"
"32,93000";"12,31780";"0,54585"
"32,94000";"12,33267";"0,55103"
"32,95000";"12,34778";"0,55698"
"32,96000";"12,36278";"0,55462"
"32,97000";"12,37789";"0,54833"
"32,98000";"12,39300";"0,54563"
"32,99000";"12,40799";"0,54381"
"33,00000";"12,42299";"0,53238"
"33,01000";"12,43810";"0,53077"
"33,02000";"12,45297";"0,54318"
"33,03000";"12,46808";"0,54877"
"33,04000";"12,48308";"0,54621"
"33,05000";"12,49807";"0,54153"
"33,06000";"12,51306";"0,54376"
"33,07000";"12,52805";"0,54710"
"33,08000";"12,54305";"0,55212"
"33,09000";"12,55792";"0,55793"
"33,10000";"12,57280";"0,56087"
"33,11000";"12,58791";"0,56435"
"33,12000";"12,60290";"0,55615"
"33,13000";"12,61790";"0,55217"
"33,14000";"12,63289";"0,55503"
"33,15000";"12,64776";"0,55421"
"33,16000";"12,66276";"0,54786"
"33,17000";"12,67787";"0,54907"
"33,18000";"12,69286";"0,55134"
"33,19000";"12,70797";"0,55585"
"33,20000";"12,72308";"0,55461"
"33,21000";"12,73819";"0,55185"
"33,22000";"12,75331";"0,55444"
"33,23000";"12,76830";"0,56001"
"33,24000";"12,78317";"0,56700"
"33,25000";"12,79805";"0,56146"
"33,26000";"12,81304";"0,55276"
"33,27000";"12,82815";"0,56099"
"33,28000";"12,84315";"0,56954"
"33,29000";"12,85802";"0,57233"
"33,30000";"12,87301";"0,57430"
"33,31000";"12,88801";"0,57220"
"33,32000";"12,90300";"0,57048"
"33,33000";"12,91776";"0,57428"
"33,34000";"12,93287";"0,57282"
"33,35000";"12,94786";"0,57161"
"33,36000";"12,96285";"0,56446"
"33,37000";"12,97785";"0,55665"
"33,38000";"12,99284";"0,55332"
"33,39000";"13,00795";"0,55549"
"33,40000";"13,02306";"0,56041"
"33,41000";"13,03794";"0,57096"
"33,42000";"13,05305";"0,57948"
"33,43000";"13,06816";"0,58363"
"33,44000";"13,08315";"0,58319"
"33,45000";"13,09814";"0,58376"
"33,46000";"13,11314";"0,58218"
"33,47000";"13,12801";"0,58399"
"33,48000";"13,14289";"0,58232"
"33,49000";"13,15776";"0,58152"
"33,50000";"13,17276";"0,58395"
"33,51000";"13,18775";"0,59293"
"33,52000";"13,20286";"0,59773"
"33,53000";"13,21797";"0,60187"
"33,54000";"13,23297";"0,60994"
"33,55000";"13,24796";"0,60619"
"33,56000";"13,26283";"0,60017"
"33,57000";"13,27783";"0,59162"
"33,58000";"13,29282";"0,59125"
"33,59000";"13,30781";"0,59335"
"33,60000";"13,32292";"0,59834"
"33,61000";"13,33792";"0,59944"
"33,62000";"13,35303";"0,59815"
"33,63000";"13,36802";"0,60135"
"33,64000";"13,38290";"0,61275"
"33,65000";"13,39789";"0,61776"
"33,66000";"13,41300";"0,61711"
"33,67000";"13,42799";"0,61084"
"33,68000";"13,44299";"0,60988"
"33,69000";"13,45798";"0,61982"
"33,70000";"13,47297";"0,62169"
"33,71000";"13,48796";"0,62075"
"33,72000";"13,50296";"0,62535"
"33,73000";"13,51795";"0,62473"
"33,74000";"13,53294";"0,62451"
"33,75000";"13,54794";"0,62027"
"33,76000";"13,56293";"0,62400"
"33,77000";"13,57792";"0,63135"
"33,78000";"13,59292";"0,63706"
"33,79000";"13,60791";"0,63756"
"33,80000";"13,62290";"0,63759"
"33,81000";"13,63790";"0,63861"
"33,82000";"13,65301";"0,65058"
"33,83000";"13,66800";"0,65434"
"33,84000";"13,68311";"0,64947"
"33,85000";"13,69810";"0,64898"
"33,86000";"13,71310";"0,65237"
"33,87000";"13,72809";"0,65382"
"33,88000";"13,74296";"0,65311"
"33,89000";"13,75796";"0,64852"
"33,90000";"13,77295";"0,65408"
"33,91000";"13,78794";"0,65574"
"33,92000";"13,80306";"0,66018"
"33,93000";"13,81805";"0,65973"
"33,94000";"13,83328";"0,66878"
"33,95000";"13,84827";"0,67409"
"33,96000";"13,86315";"0,67324"
"33,97000";"13,87814";"0,67382"
"33,98000";"13,89325";"0,67690"
"33,99000";"13,90813";"0,67637"
"34,00000";"13,92312";"0,67420"
"34,01000";"13,93811";"0,67333"
"34,02000";"13,95310";"0,67927"
"34,03000";"13,96810";"0,68409"
"34,04000";"13,98297";"0,68785"
"34,05000";"13,99808";"0,70087"
"34,06000";"14,01308";"0,71163"
"34,07000";"14,02807";"0,71422"
"34,08000";"14,04306";"0,71229"
"34,09000";"14,05805";"0,71806"
"34,10000";"14,07305";"0,72666"
"34,11000";"14,08792";"0,72863"
"34,12000";"14,10292";"0,72956"
"34,13000";"14,11791";"0,73290"
"34,14000";"14,13290";"0,74184"
"34,15000";"14,14790";"0,74037"
"34,16000";"14,16301";"0,74093"
"34,17000";"14,17800";"0,74319"
"34,18000";"14,19299";"0,74241"
"34,19000";"14,20787";"0,74282"
"34,20000";"14,22274";"0,73919"
"34,21000";"14,23785";"0,74567"
"34,22000";"14,25296";"0,75738"
"34,23000";"14,26808";"0,77105"
"34,24000";"14,28319";"0,78118"
"34,25000";"14,29830";"0,78551"
"34,26000";"14,31329";"0,78568"
"34,27000";"14,32817";"0,79257"
"34,28000";"14,34304";"0,80274"
"34,29000";"14,35803";"0,81276"
"34,30000";"14,37303";"0,81210"
"34,31000";"14,38802";"0,81722"
"34,32000";"14,40301";"0,82312"
"34,33000";"14,41801";"0,82385"
"34,34000";"14,43312";"0,82942"
"34,35000";"14,44799";"0,84315"
"34,36000";"14,46299";"0,85254"
"34,37000";"14,47798";"0,85769"
"34,38000";"14,49309";"0,85752"
"34,39000";"14,50808";"0,86461"
"34,40000";"14,52308";"0,86829"
"34,41000";"14,53819";"0,87851"
"34,42000";"14,55318";"0,89021"
"34,43000";"14,56817";"0,90160"
"34,44000";"14,58305";"0,90797"
"34,45000";"14,59804";"0,91542"
"34,46000";"14,61315";"0,92199"
"34,47000";"14,62815";"0,92856"
"34,48000";"14,64314";"0,93667"
"34,49000";"14,65825";"0,94232"
"34,50000";"14,67313";"0,94537"
"34,51000";"14,68800";"0,95392"
"34,52000";"14,70287";"0,97248"
"34,53000";"14,71799";"0,99384"
"34,54000";"14,73310";"1,00499"
"34,55000";"14,74821";"1,00840"
"34,56000";"14,76332";"1,01055"
"34,57000";"14,77831";"1,00760"
"34,58000";"14,79331";"1,01093"
"34,59000";"14,80818";"1,02212"
"34,60000";"14,82317";"1,03508"
"34,61000";"14,83817";"1,04965"
"34,62000";"14,85304";"1,06309"
"34,63000";"14,86792";"1,07848"
"34,64000";"14,88291";"1,09125"
"34,65000";"14,89779";"1,09875"
"34,66000";"14,91278";"1,10838"
"34,67000";"14,92777";"1,11774"
"34,68000";"14,94288";"1,12419"
"34,69000";"14,95799";"1,13749"
"34,70000";"14,97310";"1,15159"
"34,71000";"14,98810";"1,17126"
"34,72000";"15,00321";"1,18030"
"34,73000";"15,01820";"1,18717"
"34,74000";"15,03308";"1,19960"
"34,75000";"15,04795";"1,20868"
"34,76000";"15,06306";"1,22139"
"34,77000";"15,07806";"1,23297"
"34,78000";"15,09317";"1,24360"
"34,79000";"15,10816";"1,25508"
"34,80000";"15,12327";"1,27078"
"34,81000";"15,13815";"1,28388"
"34,82000";"15,15302";"1,29417"
"34,83000";"15,16790";"1,29873"
"34,84000";"15,18289";"1,30565"
"34,85000";"15,19800";"1,32083"
"34,86000";"15,21299";"1,34337"
"34,87000";"15,22799";"1,36693"
"34,88000";"15,24298";"1,38722"
"34,89000";"15,25785";"1,40950"
"34,90000";"15,27273";"1,42767"
"34,91000";"15,28772";"1,43984"
"34,92000";"15,30272";"1,45265"
"34,93000";"15,31783";"1,46836"
"34,94000";"15,33282";"1,48347"
"34,95000";"15,34781";"1,50632"
"34,96000";"15,36280";"1,52917"
"34,97000";"15,37792";"1,54979"
"34,98000";"15,39291";"1,57393"
"34,99000";"15,40790";"1,59457"
"35,00000";"15,42290";"1,61818"
"35,01000";"15,43801";"1,64148"
"35,02000";"15,45300";"1,66495"
"35,03000";"15,46799";"1,69626"
"35,04000";"15,48299";"1,72270"
"35,05000";"15,49786";"1,74242"
"35,06000";"15,51285";"1,76831"
"35,07000";"15,52785";"1,80023"
"35,08000";"15,54296";"1,82304"
"35,09000";"15,55807";"1,84628"
"35,10000";"15,57318";"1,87055"
"35,11000";"15,58817";"1,89917"
"35,12000";"15,60317";"1,93158"
"35,13000";"15,61816";"1,96562"
"35,14000";"15,63315";"2,00446"
"35,15000";"15,64815";"2,03796"
"35,16000";"15,66314";"2,06878"
"35,17000";"15,67813";"2,09895"
"35,18000";"15,69324";"2,13216"
"35,19000";"15,70824";"2,16852"
"35,20000";"15,72311";"2,20241"
"35,21000";"15,73811";"2,23435"
"35,22000";"15,75298";"2,26637"
"35,23000";"15,76785";"2,29963"
"35,24000";"15,78285";"2,33820"
"35,25000";"15,79772";"2,37769"
"35,26000";"15,81283";"2,41847"
"35,27000";"15,82783";"2,46419"
"35,28000";"15,84282";"2,50610"
"35,29000";"15,85781";"2,55286"
"35,30000";"15,87281";"2,59363"
"35,31000";"15,88792";"2,63188"
"35,32000";"15,90303";"2,66817"
"35,33000";"15,91814";"2,70987"
"35,34000";"15,93313";"2,75838"
"35,35000";"15,94813";"2,80060"
"35,36000";"15,96324";"2,84354"
"35,37000";"15,97823";"2,88481"
"35,38000";"15,99322";"2,93024"
"35,39000";"16,00810";"2,97461"
"35,40000";"16,02309";"3,01861"
"35,41000";"16,03808";"3,07374"
"35,42000";"16,05308";"3,12432"
"35,43000";"16,06819";"3,17862"
"35,44000";"16,08306";"3,23000"
"35,45000";"16,09794";"3,28428"
"35,46000";"16,11293";"3,34217"
"35,47000";"16,12792";"3,39670"
"35,48000";"16,14304";"3,45304"
"35,49000";"16,15803";"3,51484"
"35,50000";"16,17302";"3,58099"
"35,51000";"16,18801";"3,64090"
"35,52000";"16,20300";"3,70102"
"35,53000";"16,21800";"3,76672"
"35,54000";"16,23299";"3,82749"
"35,55000";"16,24799";"3,88643"
"35,56000";"16,26298";"3,95081"
"35,57000";"16,27797";"4,02035"
"35,58000";"16,29285";"4,09540"
"35,59000";"16,30796";"4,16916"
"35,60000";"16,32307";"4,24992"
"35,61000";"16,33806";"4,33048"
"35,62000";"16,35306";"4,40971"
"35,63000";"16,36817";"4,48928"
"35,64000";"16,38316";"4,56474"
"35,65000";"16,39815";"4,64867"
"35,66000";"16,41315";"4,73581"
"35,67000";"16,42814";"4,82862"
"35,68000";"16,44301";"4,92209"
"35,69000";"16,45789";"5,01333"
"35,70000";"16,47288";"5,11314"
"35,71000";"16,48799";"5,21557"
"35,72000";"16,50299";"5,31892"
"35,73000";"16,51798";"5,42196"
"35,74000";"16,53309";"5,53477"
"35,75000";"16,54797";"5,64210"
"35,76000";"16,56296";"5,75101"
"35,77000";"16,57795";"5,86120"
"35,78000";"16,59283";"5,98150"
"35,79000";"16,60782";"6,11119"
"35,80000";"16,62293";"6,24610"
"35,81000";"16,63804";"6,39169"
"35,82000";"16,65303";"6,54108"
"35,83000";"16,66803";"6,68751"
"35,84000";"16,68302";"6,83144"
"35,85000";"16,69801";"6,97922"
"35,86000";"16,71301";"7,13624"
"35,87000";"16,72788";"7,30864"
"35,88000";"16,74287";"7,48005"
"35,89000";"16,75787";"7,65676"
"35,90000";"16,77286";"7,83394"
"35,91000";"16,78786";"8,01523"
"35,92000";"16,80297";"8,20467"
"35,93000";"16,81796";"8,40115"
"35,94000";"16,83307";"8,61583"
"35,95000";"16,84806";"8,84014"
"35,96000";"16,86306";"9,06262"
"35,97000";"16,87805";"9,29510"
"35,98000";"16,89304";"9,53911"
"35,99000";"16,90804";"9,79010"
"36,00000";"16,92291";"10,05261"
"36,01000";"16,93790";"10,31301"
"36,02000";"16,95301";"10,57836"
"36,03000";"16,96801";"10,85828"
"36,04000";"16,98312";"11,15318"
"36,05000";"16,99811";"11,45795"
"36,06000";"17,01311";"11,78474"
"36,07000";"17,02810";"12,12548"
"36,08000";"17,04285";"12,47256"
"36,09000";"17,05785";"12,83111"
"36,10000";"17,07284";"13,19746"
"36,11000";"17,08783";"13,57665"
"36,12000";"17,10283";"13,96855"
"36,13000";"17,11782";"14,37606"
"36,14000";"17,13293";"14,79361"
"36,15000";"17,14792";"15,22839"
"36,16000";"17,16292";"15,68513"
"36,17000";"17,17791";"16,16510"
"36,18000";"17,19290";"16,66512"
"36,19000";"17,20801";"17,17872"
"36,20000";"17,22301";"17,71406"
"36,21000";"17,23788";"18,26424"
"36,22000";"17,25299";"18,84254"
"36,23000";"17,26799";"19,44866"
"36,24000";"17,28286";"20,08052"
"36,25000";"17,29774";"20,73602"
"36,26000";"17,31273";"21,41460"
"36,27000";"17,32772";"22,11035"
"36,28000";"17,34283";"22,84449"
"36,29000";"17,35771";"23,61214"
"36,30000";"17,37270";"24,40550"
"36,31000";"17,38781";"25,23717"
"36,32000";"17,40281";"26,09983"
"36,33000";"17,41792";"27,01031"
"36,34000";"17,43291";"27,96097"
"36,35000";"17,44814";"28,96196"
"36,36000";"17,46325";"30,02904"
"36,37000";"17,47812";"31,14140"
"36,38000";"17,49312";"32,27922"
"36,39000";"17,50811";"33,46507"
"36,40000";"17,52299";"34,71545"
"36,41000";"17,53786";"36,01190"
"36,42000";"17,55285";"37,36467"
"36,43000";"17,56773";"38,74394"
"36,44000";"17,58272";"40,16686"
"36,45000";"17,59772";"41,66536"
"36,46000";"17,61259";"43,24813"
"36,47000";"17,62758";"44,91129"
"36,48000";"17,64246";"46,67024"
"36,49000";"17,65757";"48,50694"
"36,50000";"17,67256";"50,39669"
"36,51000";"17,68768";"52,34577"
"36,52000";"17,70290";"54,37125"
"36,53000";"17,71802";"56,49347"
"36,54000";"17,73313";"58,68908"
"36,55000";"17,74812";"60,95407"
"36,56000";"17,76323";"63,26165"
"36,57000";"17,77822";"65,61450"
"36,58000";"17,79322";"68,01866"
"36,59000";"17,80821";"70,46551"
"36,60000";"17,82320";"72,95441"
"36,61000";"17,83808";"75,47645"
"36,62000";"17,85295";"78,05942"
"36,63000";"17,86783";"80,69490"
"36,64000";"17,88282";"83,39984"
"36,65000";"17,89793";"86,17877"
"36,66000";"17,91304";"89,05031"
"36,67000";"17,92804";"92,01211"
"36,68000";"17,94303";"95,07608"
"36,69000";"17,95790";"98,21336"
"36,70000";"17,97278";"101,40454"
"36,71000";"17,98765";"104,64306"
"36,72000";"18,00241";"107,92461"
"36,73000";"18,01740";"111,28177"
"36,74000";"18,03251";"114,77022"
"36,75000";"18,04751";"118,41075"
"36,76000";"18,06262";"122,17226"
"36,77000";"18,07773";"126,03801"
"36,78000";"18,09260";"129,99648"
"36,79000";"18,10760";"134,03949"
"36,80000";"18,12271";"138,18498"
"36,81000";"18,13794";"142,50175"
"36,82000";"18,15305";"147,01465"
"36,83000";"18,16816";"151,70522"
"36,84000";"18,18315";"156,54826"
"36,85000";"18,19814";"161,53889"
"36,86000";"18,21314";"166,74390"
"36,87000";"18,22801";"172,19257"
"36,88000";"18,24289";"177,85236"
"36,89000";"18,25788";"183,72023"
"36,90000";"18,27299";"189,85391"
"36,91000";"18,28799";"196,25104"
"36,92000";"18,30298";"202,86298"
"36,93000";"18,31785";"209,56357"
"36,94000";"18,33285";"216,32669"
"36,95000";"18,34760";"223,21053"
"36,96000";"18,36260";"230,26028"
"36,97000";"18,37747";"237,57780"
"36,98000";"18,39258";"245,21922"
"36,99000";"18,40758";"253,12286"
"37,00000";"18,42245";"261,26590"
"37,01000";"18,43744";"269,59793"
"37,02000";"18,45232";"278,11166"
"37,03000";"18,46720";"286,70197"
"37,04000";"18,48242";"295,33304"
"37,05000";"18,49754";"304,19843"
"37,05200";"18,50061";"305,98785"
"37,05400";"18,50356";"307,77896"
"37,06400";"18,51678";"316,71521"
"37,07400";"18,52421";"324,33740"
"37,08000";"18,52622";"326,78693"
"37,09000";"18,52551";"325,20010"
"37,10000";"18,52067";"315,36874"
"37,11000";"18,50946";"296,18839"
"37,12000";"18,49246";"265,04306"
"37,13000";"18,47227";"221,07420"
"37,14000";"18,45043";"168,72893"
"37,15000";"18,42836";"115,79537"
"37,16000";"18,40699";"69,18426"
"37,17000";"18,38633";"32,79875"
"37,18000";"18,36661";"7,81035"
"37,19000";"18,34760";"-6,55966"
"37,20000";"18,32931";"-11,82178"
"37,21000";"18,31160";"-10,72628"
"37,22000";"18,29460";"-6,88901"
"37,23000";"18,27807";"-3,02360"
"37,24000";"18,26190";"-0,34970"
"37,25000";"18,24584";"1,00301"
"37,26000";"18,23014";"1,30954"
"37,27000";"18,21467";"0,98373"
"37,28000";"18,19944";"0,45015"
"37,29000";"18,18433";"-0,08829"
"37,30000";"18,16922";"-0,56995"
"37,31000";"18,15376";"-1,00589"
"37,32000";"18,13829";"-1,40005"
"37,33000";"18,12271";"-1,76822"
"37,34000";"18,10736";"-2,10247"
"37,35000";"18,09201";"-2,38603"
"37,36000";"18,07702";"-2,61836"
"37,37000";"18,06191";"-2,80296"
"37,38000";"18,04704";"-2,93991"
"37,39000";"18,03204";"-3,04710"
"37,40000";"18,01705";"-3,13475"
"37,41000";"18,00206";"-3,21270"
"37,42000";"17,98695";"-3,28598"
"37,43000";"17,97195";"-3,34349"
"37,44000";"17,95696";"-3,38821"
"37,45000";"17,94185";"-3,41665"
"37,46000";"17,92697";"-3,42035"
"37,47000";"17,91210";"-3,39406"
"37,48000";"17,89722";"-3,35635"
"37,49000";"17,88223";"-3,29907"
"37,50000";"17,86700";"-3,23644"
"37,51000";"17,85189";"-3,17540"
"37,52000";"17,83678";"-3,12324"
"37,53000";"17,82178";"-3,06758"
"37,54000";"17,80691";"-3,01024"
"37,55000";"17,79192";"-2,93999"
"37,56000";"17,77716";"-2,86364"
"37,57000";"17,76217";"-2,79330"
"37,58000";"17,74718";"-2,73075"
"37,59000";"17,73206";"-2,67182"
"37,60000";"17,71707";"-2,60716"
"37,61000";"17,70208";"-2,54580"
"37,62000";"17,68708";"-2,49749"
"37,63000";"17,67186";"-2,44600"
"37,64000";"17,65686";"-2,39457"
"37,65000";"17,64175";"-2,34678"
"37,66000";"17,62675";"-2,29921"
"37,67000";"17,61176";"-2,24002"
"37,68000";"17,59677";"-2,17425"
"37,69000";"17,58201";"-2,10670"
"37,70000";"17,56714";"-2,03680"
"37,71000";"17,55202";"-1,97529"
"37,72000";"17,53703";"-1,92014"
"37,73000";"17,52216";"-1,86230"
"37,74000";"17,50705";"-1,80206"
"37,75000";"17,49194";"-1,74526"
"37,76000";"17,47706";"-1,68857"
"37,77000";"17,46231";"-1,63181"
"37,78000";"17,44743";"-1,56931"
"37,79000";"17,43232";"-1,50857"
"37,80000";"17,41721";"-1,45318"
"37,81000";"17,40221";"-1,40169"
"37,82000";"17,38711";"-1,35928"
"37,83000";"17,37188";"-1,31284"
"37,84000";"17,35688";"-1,27055"
"37,85000";"17,34189";"-1,22480"
"37,86000";"17,32690";"-1,18407"
"37,87000";"17,31178";"-1,14636"
"37,88000";"17,29691";"-1,11168"
"37,89000";"17,28192";"-1,07694"
"37,90000";"17,26692";"-1,03570"
"37,91000";"17,25193";"-0,99182"
"37,92000";"17,23694";"-0,95455"
"37,93000";"17,22206";"-0,92050"
"37,94000";"17,20707";"-0,88718"
"37,95000";"17,19208";"-0,84805"
"37,96000";"17,17696";"-0,80854"
"37,97000";"17,16197";"-0,77163"
"37,98000";"17,14698";"-0,73720"
"37,99000";"17,13199";"-0,70347"
"38,00000";"17,11699";"-0,67284"
"38,01000";"17,10200";"-0,64987"
"38,02000";"17,08724";"-0,62499"
"38,03000";"17,07213";"-0,59642"
"38,04000";"17,05702";"-0,57490"
"38,05000";"17,04214";"-0,56289"
"38,06000";"17,02715";"-0,54727"
"38,07000";"17,01204";"-0,52971"
"38,08000";"16,99705";"-0,51762"
"38,09000";"16,98206";"-0,50489"
"38,10000";"16,96706";"-0,48372"
"38,11000";"16,95207";"-0,46845"
"38,12000";"16,93696";"-0,45934"
"38,13000";"16,92185";"-0,45478"
"38,14000";"16,90686";"-0,44148"
"38,15000";"16,89186";"-0,42527"
"38,16000";"16,87687";"-0,40408"
"38,17000";"16,86188";"-0,38757"
"38,18000";"16,84688";"-0,37356"
"38,19000";"16,83201";"-0,35960"
"38,20000";"16,81689";"-0,35216"
"38,21000";"16,80190";"-0,34309"
"38,22000";"16,78691";"-0,32701"
"38,23000";"16,77192";"-0,30621"
"38,24000";"16,75692";"-0,29122"
"38,25000";"16,74193";"-0,27572"
"38,26000";"16,72706";"-0,26203"
"38,27000";"16,71206";"-0,25436"
"38,28000";"16,69695";"-0,24733"
"38,29000";"16,68184";"-0,23925"
"38,30000";"16,66685";"-0,23746"
"38,31000";"16,65197";"-0,22717"
"38,32000";"16,63710";"-0,21450"
"38,33000";"16,62211";"-0,20257"
"38,34000";"16,60699";"-0,19816"
"38,35000";"16,59200";"-0,19088"
"38,36000";"16,57689";"-0,18293"
"38,37000";"16,56178";"-0,16875"
"38,38000";"16,54667";"-0,16375"
"38,39000";"16,53179";"-0,16934"
"38,40000";"16,51692";"-0,17123"
"38,41000";"16,50204";"-0,16400"
"38,42000";"16,48693";"-0,15195"
"38,43000";"16,47194";"-0,14412"
"38,44000";"16,45706";"-0,13868"
"38,45000";"16,44195";"-0,13364"
"38,46000";"16,42684";"-0,13155"
"38,47000";"16,41185";"-0,12802"
"38,48000";"16,39709";"-0,12437"
"38,49000";"16,38210";"-0,12035"
"38,50000";"16,36699";"-0,10782"
"38,51000";"16,35211";"-0,09884"
"38,52000";"16,33724";"-0,08751"
"38,53000";"16,32224";"-0,07312"
"38,54000";"16,30713";"-0,06912"
"38,55000";"16,29214";"-0,06570"
"38,56000";"16,27727";"-0,05995"
"38,57000";"16,26227";"-0,05953"
"38,58000";"16,24716";"-0,05697"
"38,59000";"16,23205";"-0,05438"
"38,60000";"16,21706";"-0,04916"
"38,61000";"16,20218";"-0,04854"
"38,62000";"16,18719";"-0,04799"
"38,63000";"16,17220";"-0,04589"
"38,64000";"16,15732";"-0,04177"
"38,65000";"16,14233";"-0,03477"
"38,66000";"16,12710";"-0,03394"
"38,67000";"16,11187";"-0,03811"
"38,68000";"16,09687";"-0,03867"
"38,69000";"16,08177";"-0,02868"
"38,70000";"16,06665";"-0,01462"
"38,71000";"16,05166";"-0,01054"
"38,72000";"16,03679";"-0,01148"
"38,73000";"16,02203";"-0,01029"
"38,74000";"16,00704";"-0,01025"
"38,75000";"15,99192";"-0,00146"
"38,76000";"15,97693";"0,00121"
"38,77000";"15,96194";"0,00730"
"38,78000";"15,94706";"0,01496"
"38,79000";"15,93195";"0,01262"
"38,80000";"15,91708";"0,01526"
"38,81000";"15,90220";"0,02050"
"38,82000";"15,88721";"0,02535"
"38,83000";"15,87210";"0,02687"
"38,84000";"15,85710";"0,02855"
"38,85000";"15,84211";"0,03207"
"38,86000";"15,82724";"0,04378"
"38,87000";"15,81213";"0,05481"
"38,88000";"15,79713";"0,05863"
"38,89000";"15,78226";"0,05568"
"38,90000";"15,76727";"0,05227"
"38,91000";"15,75215";"0,05236"
"38,92000";"15,73716";"0,05700"
"38,93000";"15,72205";"0,05693"
"38,94000";"15,70717";"0,05462"
"38,95000";"15,69218";"0,05543"
"38,96000";"15,67707";"0,05890"
"38,97000";"15,66208";"0,06518"
"38,98000";"15,64720";"0,06910"
"38,99000";"15,63209";"0,07184"
"39,00000";"15,61686";"0,07330"
"39,01000";"15,60175";"0,07401"
"39,02000";"15,58676";"0,07690"
"39,03000";"15,57176";"0,08471"
"39,04000";"15,55677";"0,08754"
"39,05000";"15,54190";"0,08377"
"39,06000";"15,52690";"0,08446"
"39,07000";"15,51191";"0,08725"
"39,08000";"15,49680";"0,09381"
"39,09000";"15,48169";"0,09509"
"39,10000";"15,46681";"0,09839"
"39,11000";"15,45205";"0,10015"
"39,12000";"15,43706";"0,10298"
"39,13000";"15,42195";"0,10090"
"39,14000";"15,40707";"0,09839"
"39,15000";"15,39220";"0,10201"
"39,16000";"15,37709";"0,10705"
"39,17000";"15,36198";"0,10519"
"39,18000";"15,34699";"0,10191"
"39,19000";"15,33211";"0,10299"
"39,20000";"15,31712";"0,10527"
"39,21000";"15,30201";"0,10528"
"39,22000";"15,28701";"0,10819"
"39,23000";"15,27214";"0,11405"
"39,24000";"15,25715";"0,12686"
"39,25000";"15,24203";"0,12815"
"39,26000";"15,22704";"0,13091"
"39,27000";"15,21217";"0,12554"
"39,28000";"15,19717";"0,12596"
"39,29000";"15,18206";"0,12475"
"39,30000";"15,16707";"0,11901"
"39,31000";"15,15219";"0,12096"
"39,32000";"15,13720";"0,12542"
"39,33000";"15,12209";"0,12490"
"39,34000";"15,10698";"0,11551"
"39,35000";"15,09210";"0,10870"
"39,36000";"15,07723";"0,10501"
"39,37000";"15,06223";"0,10264"
"39,38000";"15,04713";"0,10527"
"39,39000";"15,03201";"0,11233"
"39,40000";"15,01702";"0,12608"
"39,41000";"15,00203";"0,14042"
"39,42000";"14,98703";"0,14621"
"39,43000";"14,97216";"0,14261"
"39,44000";"14,95728";"0,14355"
"39,45000";"14,94229";"0,14590"
"39,46000";"14,92718";"0,13835"
"39,47000";"14,91219";"0,12806"
"39,48000";"14,89731";"0,13162"
"39,49000";"14,88232";"0,13262"
"39,50000";"14,86709";"0,13609"
"39,51000";"14,85210";"0,14072"
"39,52000";"14,83722";"0,14722"
"39,53000";"14,82235";"0,14540"
"39,54000";"14,80712";"0,13877"
"39,55000";"14,79212";"0,12446"
"39,56000";"14,77713";"0,11974"
"39,57000";"14,76226";"0,11929"
"39,58000";"14,74726";"0,12552"
"39,59000";"14,73215";"0,13052"
"39,60000";"14,71716";"0,13178"
"39,61000";"14,70228";"0,13611"
"39,62000";"14,68717";"0,14022"
"39,63000";"14,67194";"0,14917"
"39,64000";"14,65695";"0,15721"
"39,65000";"14,64208";"0,15532"
"39,66000";"14,62697";"0,15132"
"39,67000";"14,61185";"0,14995"
"39,68000";"14,59686";"0,14325"
"39,69000";"14,58187";"0,14205"
"39,70000";"14,56676";"0,14795"
"39,71000";"14,55165";"0,14817"
"39,72000";"14,53665";"0,15641"
"39,73000";"14,52190";"0,16215"
"39,74000";"14,50690";"0,16785"
"39,75000";"14,49179";"0,16913"
"39,76000";"14,47680";"0,17159"
"39,77000";"14,46192";"0,17293"
"39,78000";"14,44693";"0,17412"
"39,79000";"14,43182";"0,17510"
"39,80000";"14,41671";"0,17168"
"39,81000";"14,40183";"0,16408"
"39,82000";"14,38696";"0,16578"
"39,83000";"14,37185";"0,17511"
"39,84000";"14,35674";"0,18536"
"39,85000";"14,34186";"0,19389"
"39,86000";"14,32675";"0,19895"
"39,87000";"14,31152";"0,19730"
"39,88000";"14,29653";"0,19454"
"39,89000";"14,28189";"0,18953"
"39,90000";"14,26701";"0,18354"
"39,91000";"14,25202";"0,18482"
"39,92000";"14,23679";"0,18154"
"39,93000";"14,22180";"0,18388"
"39,94000";"14,20681";"0,19132"
"39,95000";"14,19169";"0,20314"
"39,96000";"14,17670";"0,21307"
"39,97000";"14,16194";"0,21315"
"39,98000";"14,14719";"0,21558"
"39,99000";"14,13219";"0,21759"
"40,00000";"14,11697";"0,21491"
"40,01000";"14,10197";"0,20956"
"40,02000";"14,08710";"0,20539"
"40,03000";"14,07199";"0,20910"
"40,04000";"14,05688";"0,21223"
"40,05000";"14,04200";"0,22208"
"40,06000";"14,02724";"0,23131"
"40,07000";"14,01225";"0,23553"
"40,08000";"13,99714";"0,22844"
"40,09000";"13,98226";"0,21878"
"40,10000";"13,96727";"0,21584"
"40,11000";"13,95228";"0,21342"
"40,12000";"13,93717";"0,21625"
"40,13000";"13,92229";"0,21554"
"40,14000";"13,90730";"0,20933"
"40,15000";"13,89231";"0,20407"
"40,16000";"13,87719";"0,20692"
"40,17000";"13,86196";"0,20919"
"40,18000";"13,84697";"0,21179"
"40,19000";"13,83210";"0,21417"
"40,20000";"13,81699";"0,22147"
"40,21000";"13,80199";"0,22298"
"40,22000";"13,78712";"0,21456"
"40,23000";"13,77201";"0,20524"
"40,24000";"13,75690";"0,19987"
"40,25000";"13,74179";"0,19230"
"40,26000";"13,72679";"0,19872"
"40,27000";"13,71180";"0,20255"
"40,28000";"13,69681";"0,20835"
"40,29000";"13,68193";"0,21752"
"40,30000";"13,66706";"0,21507"
"40,31000";"13,65230";"0,21013"
"40,32000";"13,63719";"0,20922"
"40,33000";"13,62196";"0,20486"
"40,34000";"13,60697";"0,20356"
"40,35000";"13,59197";"0,20118"
"40,36000";"13,57698";"0,20907"
"40,37000";"13,56199";"0,21690"
"40,38000";"13,54688";"0,21884"
"40,39000";"13,53200";"0,21351"
"40,40000";"13,51701";"0,21245"
"40,41000";"13,50178";"0,21792"
"40,42000";"13,48678";"0,22152"
"40,43000";"13,47179";"0,22172"
"40,44000";"13,45704";"0,21805"
"40,45000";"13,44192";"0,22155"
"40,46000";"13,42693";"0,22699"
"40,47000";"13,41194";"0,22948"
"40,48000";"13,39706";"0,23590"
"40,49000";"13,38183";"0,24491"
"40,50000";"13,36672";"0,24878"
"40,51000";"13,35185";"0,25198"
"40,52000";"13,33709";"0,25486"
"40,53000";"13,32210";"0,25981"
"40,54000";"13,30710";"0,25720"
"40,55000";"13,29211";"0,25486"
"40,56000";"13,27700";"0,25486"
"40,57000";"13,26201";"0,25512"
"40,58000";"13,24678";"0,25485"
"40,59000";"13,23178";"0,26022"
"40,60000";"13,21703";"0,26377"
"40,61000";"13,20215";"0,26491"
"40,62000";"13,18704";"0,26455"
"40,63000";"13,17193";"0,25360"
"40,64000";"13,15694";"0,25190"
"40,65000";"13,14183";"0,25298"
"40,66000";"13,12671";"0,25319"
"40,67000";"13,11172";"0,25186"
"40,68000";"13,09685";"0,25633"
"40,69000";"13,08209";"0,26223"
"40,70000";"13,06710";"0,26380"
"40,71000";"13,05199";"0,26791"
"40,72000";"13,03699";"0,26791"
"40,73000";"13,02212";"0,26438"
"40,74000";"13,00701";"0,26429"
"40,75000";"12,99189";"0,26277"
"40,76000";"12,97702";"0,26150"
"40,77000";"12,96215";"0,26307"
"40,78000";"12,94703";"0,26002"
"40,79000";"12,93204";"0,25262"
"40,80000";"12,91693";"0,24584"
"40,81000";"12,90205";"0,24496"
"40,82000";"12,88694";"0,24618"
"40,83000";"12,87195";"0,25141"
"40,84000";"12,85708";"0,25709"
"40,85000";"12,84220";"0,26443"
"40,86000";"12,82709";"0,26324"
"40,87000";"12,81198";"0,26020"
"40,88000";"12,79699";"0,25801"
"40,89000";"12,78199";"0,25699"
"40,90000";"12,76700";"0,26129"
"40,91000";"12,75201";"0,26808"
"40,92000";"12,73701";"0,26368"
"40,93000";"12,72214";"0,25240"
"40,94000";"12,70715";"0,25082"
"40,95000";"12,69192";"0,25308"
"40,96000";"12,67681";"0,24997"
"40,97000";"12,66181";"0,25473"
"40,98000";"12,64682";"0,25454"
"40,99000";"12,63183";"0,26012"
"41,00000";"12,61683";"0,26434"
"41,01000";"12,60184";"0,26504"
"41,02000";"12,58697";"0,26311"
"41,03000";"12,57197";"0,26634"
"41,04000";"12,55686";"0,26583"
"41,05000";"12,54175";"0,25292"
"41,06000";"12,52688";"0,25395"
"41,07000";"12,51188";"0,26035"
"41,08000";"12,49689";"0,26242"
"41,09000";"12,48190";"0,26387"
"41,10000";"12,46690";"0,26099"
"41,11000";"12,45203";"0,26343"
"41,12000";"12,43692";"0,26124"
"41,13000";"12,42192";"0,25732"
"41,14000";"12,40693";"0,25672"
"41,15000";"12,39206";"0,25205"
"41,16000";"12,37706";"0,24991"
"41,17000";"12,36207";"0,25007"
"41,18000";"12,34708";"0,24780"
"41,19000";"12,33208";"0,24977"
"41,20000";"12,31697";"0,24699"
"41,21000";"12,30186";"0,25043"
"41,22000";"12,28687";"0,25557"
"41,23000";"12,27199";"0,26291"
"41,24000";"12,25700";"0,26611"
"41,25000";"12,24201";"0,26047"
"41,26000";"12,22701";"0,25629"
"41,27000";"12,21202";"0,25040"
"41,28000";"12,19691";"0,25260"
"41,29000";"12,18180";"0,25248"
"41,30000";"12,16681";"0,25555"
"41,31000";"12,15193";"0,25921"
"41,32000";"12,13706";"0,26551"
"41,33000";"12,12206";"0,26546"
"41,34000";"12,10707";"0,26329"
"41,35000";"12,09208";"0,26079"
"41,36000";"12,07720";"0,25382"
"41,37000";"12,06209";"0,25676"
"41,38000";"12,04722";"0,25634"
"41,39000";"12,03234";"0,25769"
"41,40000";"12,01723";"0,26033"
"41,41000";"12,00224";"0,27201"
"41,42000";"11,98701";"0,27405"
"41,43000";"11,97190";"0,26510"
"41,44000";"11,95690";"0,25509"
"41,45000";"11,94191";"0,25139"
"41,46000";"11,92692";"0,25094"
"41,47000";"11,91204";"0,25264"
"41,48000";"11,89717";"0,25546"
"41,49000";"11,88206";"0,25545"
"41,50000";"11,86695";"0,25236"
"41,51000";"11,85195";"0,25290"
"41,52000";"11,83696";"0,24859"
"41,53000";"11,82185";"0,24583"
"41,54000";"11,80685";"0,24616"
"41,55000";"11,79186";"0,25097"
"41,56000";"11,77699";"0,26188"
"41,57000";"11,76199";"0,26862"
"41,58000";"11,74688";"0,27280"
"41,59000";"11,73177";"0,27095"
"41,60000";"11,71690";"0,26953"
"41,61000";"11,70190";"0,26786"
"41,62000";"11,68691";"0,27353"
"41,63000";"11,67192";"0,27117"
"41,64000";"11,65693";"0,27509"
"41,65000";"11,64205";"0,27742"
"41,66000";"11,62694";"0,27672"
"41,67000";"11,61195";"0,27128"
"41,68000";"11,59683";"0,26557"
"41,69000";"11,58196";"0,26152"
"41,70000";"11,56697";"0,26363"
"41,71000";"11,55197";"0,26774"
"41,72000";"11,53698";"0,26478"
"41,73000";"11,52199";"0,26514"
"41,74000";"11,50699";"0,26708"
"41,75000";"11,49188";"0,27395"
"41,76000";"11,47689";"0,27471"
"41,77000";"11,46201";"0,27258"
"41,78000";"11,44702";"0,26545"
"41,79000";"11,43203";"0,25701"
"41,80000";"11,41704";"0,25779"
"41,81000";"11,40204";"0,26552"
"41,82000";"11,38705";"0,27011"
"41,83000";"11,37194";"0,26645"
"41,84000";"11,35683";"0,27047"
"41,85000";"11,34183";"0,27269"
"41,86000";"11,32684";"0,27689"
"41,87000";"11,31185";"0,28342"
"41,88000";"11,29697";"0,28536"
"41,89000";"11,28198";"0,27841"
"41,90000";"11,26710";"0,27013"
"41,91000";"11,25211";"0,26242"
"41,92000";"11,23700";"0,26550"
"41,93000";"11,22201";"0,27070"
"41,94000";"11,20713";"0,26921"
"41,95000";"11,19214";"0,27370"
"41,96000";"11,17703";"0,27368"
"41,97000";"11,16192";"0,26705"
"41,98000";"11,14704";"0,26582"
"41,99000";"11,13205";"0,26623"
"42,00000";"11,11694";"0,26683"
"42,01000";"11,10194";"0,27358"
"42,02000";"11,08707";"0,28042"
"42,03000";"11,07208";"0,27900"
"42,04000";"11,05696";"0,26965"
"42,05000";"11,04197";"0,26222"
"42,06000";"11,02686";"0,25645"
"42,07000";"11,01187";"0,25822"
"42,08000";"10,99676";"0,26529"
"42,09000";"10,98176";"0,27408"
"42,10000";"10,96701";"0,27753"
"42,11000";"10,95213";"0,28184"
"42,12000";"10,93702";"0,28271"
"42,13000";"10,92191";"0,27658"
"42,14000";"10,90692";"0,27406"
"42,15000";"10,89192";"0,27441"
"42,16000";"10,87681";"0,27394"
"42,17000";"10,86182";"0,27441"
"42,18000";"10,84683";"0,26826"
"42,19000";"10,83195";"0,26774"
"42,20000";"10,81684";"0,26725"
"42,21000";"10,80185";"0,26412"
"42,22000";"10,78686";"0,26380"
"42,23000";"10,77186";"0,26268"
"42,24000";"10,75699";"0,26108"
"42,25000";"10,74199";"0,26289"
"42,26000";"10,72712";"0,26268"
"42,27000";"10,71213";"0,26460"
"42,28000";"10,69725";"0,26948"
"42,29000";"10,68226";"0,26851"
"42,30000";"10,66715";"0,26296"
"42,31000";"10,65215";"0,25888"
"42,32000";"10,63728";"0,26842"
"42,33000";"10,62217";"0,27762"
"42,34000";"10,60717";"0,27637"
"42,35000";"10,59230";"0,27497"
"42,36000";"10,57731";"0,27285"
"42,37000";"10,56219";"0,28023"
"42,38000";"10,54720";"0,28698"
"42,39000";"10,53209";"0,28152"
"42,40000";"10,51722";"0,27810"
"42,41000";"10,50234";"0,27889"
"42,42000";"10,48723";"0,28075"
"42,43000";"10,47224";"0,27557"
"42,44000";"10,45724";"0,27874"
"42,45000";"10,44225";"0,27887"
"42,46000";"10,42714";"0,28125"
"42,47000";"10,41203";"0,28729"
"42,48000";"10,39715";"0,29344"
"42,49000";"10,38216";"0,29142"
"42,50000";"10,36717";"0,29466"
"42,51000";"10,35206";"0,29563"
"42,52000";"10,33718";"0,30153"
"42,53000";"10,32207";"0,29679"
"42,54000";"10,30696";"0,29359"
"42,55000";"10,29197";"0,29453"
"42,56000";"10,27697";"0,29296"
"42,57000";"10,26210";"0,29684"
"42,58000";"10,24699";"0,29011"
"42,59000";"10,23199";"0,28140"
"42,60000";"10,21712";"0,27922"
"42,61000";"10,20213";"0,27553"
"42,62000";"10,18713";"0,27496"
"42,63000";"10,17190";"0,28449"
"42,64000";"10,15691";"0,29321"
"42,65000";"10,14204";"0,30415"
"42,66000";"10,12692";"0,30223"
"42,67000";"10,11181";"0,29549"
"42,68000";"10,09682";"0,29241"
"42,69000";"10,08183";"0,28882"
"42,70000";"10,06671";"0,28282"
"42,71000";"10,05172";"0,28773"
"42,72000";"10,03673";"0,29412"
"42,73000";"10,02197";"0,30209"
"42,74000";"10,00698";"0,31133"
"42,75000";"9,99187";"0,29948"
"42,76000";"9,97688";"0,29171"
"42,77000";"9,96200";"0,28843"
"42,78000";"9,94701";"0,28212"
"42,79000";"9,93190";"0,27753"
"42,80000";"9,91690";"0,27549"
"42,81000";"9,90203";"0,27596"
"42,82000";"9,88703";"0,27989"
"42,83000";"9,87192";"0,27822"
"42,84000";"9,85693";"0,27730"
"42,85000";"9,84194";"0,29231"
"42,86000";"9,82695";"0,30106"
"42,87000";"9,81183";"0,30280"
"42,88000";"9,79684";"0,29801"
"42,89000";"9,78208";"0,28854"
"42,90000";"9,76709";"0,28144"
"42,91000";"9,75210";"0,27921"
"42,92000";"9,73699";"0,27837"
"42,93000";"9,72211";"0,28881"
"42,94000";"9,70724";"0,30035"
"42,95000";"9,69213";"0,30395"
"42,96000";"9,67701";"0,29786"
"42,97000";"9,66214";"0,29322"
"42,98000";"9,64726";"0,29500"
"42,99000";"9,63215";"0,30206"
"43,00000";"9,61704";"0,30232"
"43,01000";"9,60205";"0,29338"
"43,02000";"9,58706";"0,28357"
"43,03000";"9,57206";"0,27568"
"43,04000";"9,55707";"0,27739"
"43,05000";"9,54220";"0,27451"
"43,06000";"9,52732";"0,27135"
"43,07000";"9,51221";"0,27285"
"43,08000";"9,49710";"0,27985"
"43,09000";"9,48199";"0,28768"
"43,10000";"9,46711";"0,29362"
"43,11000";"9,45212";"0,29987"
"43,12000";"9,43701";"0,30689"
"43,13000";"9,42213";"0,30555"
"43,14000";"9,40714";"0,30143"
"43,15000";"9,39215";"0,30565"
"43,16000";"9,37704";"0,30824"
"43,17000";"9,36192";"0,31161"
"43,18000";"9,34693";"0,31261"
"43,19000";"9,33206";"0,30622"
"43,20000";"9,31706";"0,29277"
"43,21000";"9,30195";"0,28456"
"43,22000";"9,28708";"0,28802"
"43,23000";"9,27220";"0,29792"
"43,24000";"9,25709";"0,30199"
"43,25000";"9,24198";"0,29840"
"43,26000";"9,22699";"0,30089"
"43,27000";"9,21211";"0,30215"
"43,28000";"9,19712";"0,29809"
"43,29000";"9,18201";"0,28970"
"43,30000";"9,16701";"0,28673"
"43,31000";"9,15202";"0,28499"
"43,32000";"9,13703";"0,28542"
"43,33000";"9,12192";"0,28729"
"43,34000";"9,10681";"0,29144"
"43,35000";"9,09205";"0,29606"
"43,36000";"9,07717";"0,30089"
"43,37000";"9,06206";"0,30375"
"43,38000";"9,04695";"0,29904"
"43,39000";"9,03196";"0,29537"
"43,40000";"9,01708";"0,29194"
"43,41000";"9,00185";"0,28989"
"43,42000";"8,98662";"0,28376"
"43,43000";"8,97175";"0,27321"
"43,44000";"8,95699";"0,26882"
"43,45000";"8,94200";"0,27490"
"43,46000";"8,92689";"0,28302"
"43,47000";"8,91190";"0,28290"
"43,48000";"8,89702";"0,28557"
"43,49000";"8,88191";"0,29483"
"43,50000";"8,86680";"0,28684"
"43,51000";"8,85192";"0,27825"
"43,52000";"8,83717";"0,27730"
"43,53000";"8,82217";"0,28192"
"43,54000";"8,80694";"0,28963"
"43,55000";"8,79195";"0,28978"
"43,56000";"8,77708";"0,28965"
"43,57000";"8,76197";"0,28771"
"43,58000";"8,74697";"0,29332"
"43,59000";"8,73198";"0,28661"
"43,60000";"8,71722";"0,28165"
"43,61000";"8,70235";"0,28654"
"43,62000";"8,68712";"0,29091"
"43,63000";"8,67213";"0,29295"
"43,64000";"8,65713";"0,29540"
"43,65000";"8,64202";"0,29102"
"43,66000";"8,62703";"0,29358"
"43,67000";"8,61203";"0,29718"
"43,68000";"8,59716";"0,28802"
"43,69000";"8,58228";"0,28325"
"43,70000";"8,56729";"0,28122"
"43,71000";"8,55218";"0,28671"
"43,72000";"8,53707";"0,28736"
"43,73000";"8,52196";"0,28883"
"43,74000";"8,50685";"0,29271"
"43,75000";"8,49174";"0,29156"
"43,76000";"8,47686";"0,29456"
"43,77000";"8,46199";"0,29783"
"43,78000";"8,44687";"0,29936"
"43,79000";"8,43165";"0,29960"
"43,80000";"8,41665";"0,29600"
"43,81000";"8,40178";"0,29580"
"43,82000";"8,38679";"0,29313"
"43,83000";"8,37179";"0,29057"
"43,84000";"8,35680";"0,29421"
"43,85000";"8,34204";"0,29960"
"43,86000";"8,32717";"0,30026"
"43,87000";"8,31206";"0,29632"
"43,88000";"8,29695";"0,29796"
"43,89000";"8,28195";"0,30235"
"43,90000";"8,26696";"0,30497"
"43,91000";"8,25185";"0,30157"
"43,92000";"8,23685";"0,29094"
"43,93000";"8,22186";"0,28629"
"43,94000";"8,20687";"0,29110"
"43,95000";"8,19176";"0,29983"
"43,96000";"8,17665";"0,29995"
"43,97000";"8,16177";"0,29876"
"43,98000";"8,14701";"0,29821"
"43,99000";"8,13202";"0,30161"
"44,00000";"8,11703";"0,30599"
"44,01000";"8,10204";"0,30526"
"44,02000";"8,08692";"0,30313"
"44,03000";"8,07193";"0,30180"
"44,04000";"8,05682";"0,29973"
"44,05000";"8,04183";"0,30284"
"44,06000";"8,02695";"0,30031"
"44,07000";"8,01208";"0,30733"
"44,08000";"7,99708";"0,31025"
"44,09000";"7,98209";"0,31113"
"44,10000";"7,96710";"0,30274"
"44,11000";"7,95210";"0,30183"
"44,12000";"7,93699";"0,30533"
"44,13000";"7,92188";"0,30622"
"44,14000";"7,90701";"0,30567"
"44,15000";"7,89225";"0,31094"
"44,16000";"7,87714";"0,30667"
"44,17000";"7,86203";"0,29409"
"44,18000";"7,84704";"0,29190"
"44,19000";"7,83204";"0,29445"
"44,20000";"7,81693";"0,29750"
"44,21000";"7,80194";"0,30245"
"44,22000";"7,78694";"0,30507"
"44,23000";"7,77207";"0,30896"
"44,24000";"7,75708";"0,31568"
"44,25000";"7,74208";"0,31693"
"44,26000";"7,72709";"0,31288"
"44,27000";"7,71210";"0,30986"
"44,28000";"7,69710";"0,30067"
"44,29000";"7,68211";"0,29831"
"44,30000";"7,66712";"0,29524"
"44,31000";"7,65224";"0,29950"
"44,32000";"7,63725";"0,31122"
"44,33000";"7,62214";"0,32136"
"44,34000";"7,60703";"0,31893"
"44,35000";"7,59192";"0,31325"
"44,36000";"7,57692";"0,30408"
"44,37000";"7,56169";"0,29812"
"44,38000";"7,54670";"0,29608"
"44,39000";"7,53183";"0,29868"
"44,40000";"7,51695";"0,30965"
"44,41000";"7,50184";"0,31113"
"44,42000";"7,48685";"0,31315"
"44,43000";"7,47185";"0,31152"
"44,44000";"7,45686";"0,30691"
"44,45000";"7,44187";"0,30135"
"44,46000";"7,42687";"0,29859"
"44,47000";"7,41200";"0,30082"
"44,48000";"7,39713";"0,30230"
"44,49000";"7,38201";"0,30225"
"44,50000";"7,36690";"0,30954"
"44,51000";"7,35191";"0,31339"
"44,52000";"7,33680";"0,31122"
"44,53000";"7,32181";"0,31723"
"44,54000";"7,30681";"0,32218"
"44,55000";"7,29194";"0,31840"
"44,56000";"7,27694";"0,31632"
"44,57000";"7,26207";"0,31444"
"44,58000";"7,24696";"0,31358"
"44,59000";"7,23185";"0,30918"
"44,60000";"7,21685";"0,30420"
"44,61000";"7,20198";"0,30497"
"44,62000";"7,18699";"0,30800"
"44,63000";"7,17199";"0,31565"
"44,64000";"7,15700";"0,31517"
"44,65000";"7,14201";"0,31421"
"44,66000";"7,12701";"0,31107"
"44,67000";"7,11190";"0,31200"
"44,68000";"7,09703";"0,31145"
"44,69000";"7,08204";"0,31439"
"44,70000";"7,06704";"0,31825"
"44,71000";"7,05205";"0,31864"
"44,72000";"7,03706";"0,31151"
"44,73000";"7,02194";"0,31072"
"44,74000";"7,00683";"0,30956"
"44,75000";"6,99184";"0,30982"
"44,76000";"6,97685";"0,30508"
"44,77000";"6,96209";"0,30485"
"44,78000";"6,94722";"0,30821"
"44,79000";"6,93210";"0,29995"
"44,80000";"6,91723";"0,28997"
"44,81000";"6,90224";"0,28964"
"44,82000";"6,88724";"0,29510"
"44,83000";"6,87201";"0,30234"
"44,84000";"6,85702";"0,30563"
"44,85000";"6,84203";"0,30881"
"44,86000";"6,82715";"0,30837"
"44,87000";"6,81216";"0,30555"
"44,88000";"6,79705";"0,29444"
"44,89000";"6,78217";"0,27982"
"44,90000";"6,76718";"0,27976"
"44,91000";"6,75207";"0,28768"
"44,92000";"6,73696";"0,28843"
"44,93000";"6,72197";"0,29123"
"44,94000";"6,70697";"0,30017"
"44,95000";"6,69198";"0,30739"
"44,96000";"6,67687";"0,30813"
"44,97000";"6,66188";"0,31028"
"44,98000";"6,64688";"0,30771"
"44,99000";"6,63177";"0,31245"
"45,00000";"6,61678";"0,31041"
"45,01000";"6,60178";"0,30122"
"45,02000";"6,58691";"0,29862"
"45,03000";"6,57203";"0,29495"
"45,04000";"6,55692";"0,29668"
"45,05000";"6,54193";"0,29879"
"45,06000";"6,52694";"0,29786"
"45,07000";"6,51183";"0,29756"
"45,08000";"6,49683";"0,29962"
"45,09000";"6,48184";"0,29904"
"45,10000";"6,46696";"0,30620"
"45,11000";"6,45209";"0,31497"
"45,12000";"6,43710";"0,32195"
"45,13000";"6,42210";"0,32248"
"45,14000";"6,40723";"0,31470"
"45,15000";"6,39224";"0,30874"
"45,16000";"6,37724";"0,31420"
"45,17000";"6,36237";"0,31385"
"45,18000";"6,34749";"0,30612"
"45,19000";"6,33238";"0,30345"
"45,20000";"6,31715";"0,30084"
"45,21000";"6,30181";"0,29705"
"45,22000";"6,28669";"0,28989"
"45,23000";"6,27170";"0,28508"
"45,24000";"6,25683";"0,28485"
"45,25000";"6,24183";"0,28856"
"45,26000";"6,22684";"0,29708"
"45,27000";"6,21197";"0,31010"
"45,28000";"6,19697";"0,31289"
"45,29000";"6,18174";"0,30803"
"45,30000";"6,16663";"0,29183"
"45,31000";"6,15164";"0,28829"
"45,32000";"6,13676";"0,29375"
"45,33000";"6,12177";"0,30212"
"45,34000";"6,10690";"0,31007"
"45,35000";"6,09202";"0,31943"
"45,36000";"6,07703";"0,32156"
"45,37000";"6,06192";"0,31254"
"45,38000";"6,04681";"0,30658"
"45,39000";"6,03181";"0,29920"
"45,40000";"6,01706";"0,28872"
"45,41000";"6,00206";"0,28064"
"45,42000";"5,98695";"0,28183"
"45,43000";"5,97208";"0,28819"
"45,44000";"5,95720";"0,29950"
"45,45000";"5,94221";"0,30135"
"45,46000";"5,92698";"0,30158"
"45,47000";"5,91210";"0,29495"
"45,48000";"5,89723";"0,29469"
"45,49000";"5,88212";"0,29691"
"45,50000";"5,86713";"0,29638"
"45,51000";"5,85201";"0,29095"
"45,52000";"5,83702";"0,29180"
"45,53000";"5,82203";"0,29213"
"45,54000";"5,80692";"0,28230"
"45,55000";"5,79192";"0,27666"
"45,56000";"5,77717";"0,27108"
"45,57000";"5,76217";"0,26965"
"45,58000";"5,74718";"0,27445"
"45,59000";"5,73219";"0,28207"
"45,60000";"5,71719";"0,28694"
"45,61000";"5,70220";"0,29601"
"45,62000";"5,68709";"0,30781"
"45,63000";"5,67186";"0,30864"
"45,64000";"5,65699";"0,30616"
"45,65000";"5,64199";"0,29684"
"45,66000";"5,62700";"0,30229"
"45,67000";"5,61189";"0,30134"
"45,68000";"5,59690";"0,30048"
"45,69000";"5,58190";"0,30721"
"45,70000";"5,56679";"0,30472"
"45,71000";"5,55180";"0,30342"
"45,72000";"5,53692";"0,30284"
"45,73000";"5,52205";"0,30131"
"45,74000";"5,50717";"0,30110"
"45,75000";"5,49206";"0,29148"
"45,76000";"5,47707";"0,28389"
"45,77000";"5,46196";"0,28037"
"45,78000";"5,44697";"0,28806"
"45,79000";"5,43185";"0,29577"
"45,80000";"5,41698";"0,29616"
"45,81000";"5,40222";"0,29291"
"45,82000";"5,38711";"0,29041"
"45,83000";"5,37212";"0,28861"
"45,84000";"5,35701";"0,29121"
"45,85000";"5,34201";"0,29350"
"45,86000";"5,32714";"0,30161"
"45,87000";"5,31215";"0,30672"
"45,88000";"5,29715";"0,30665"
"45,89000";"5,28228";"0,30343"
"45,90000";"5,26728";"0,30560"
"45,91000";"5,25206";"0,30340"
"45,92000";"5,23706";"0,29807"
"45,93000";"5,22195";"0,29330"
"45,94000";"5,20696";"0,29578"
"45,95000";"5,19197";"0,29339"
"45,96000";"5,17697";"0,28769"
"45,97000";"5,16210";"0,28813"
"45,98000";"5,14722";"0,29845"
"45,99000";"5,13211";"0,30297"
"46,00000";"5,11700";"0,29991"
"46,01000";"5,10189";"0,30239"
"46,02000";"5,08690";"0,30751"
"46,03000";"5,07202";"0,30846"
"46,04000";"5,05715";"0,30978"
"46,05000";"5,04215";"0,30432"
"46,06000";"5,02728";"0,30585"
"46,07000";"5,01217";"0,31081"
"46,08000";"4,99706";"0,31261"
"46,09000";"4,98183";"0,30930"
"46,10000";"4,96683";"0,30724"
"46,11000";"4,95184";"0,30869"
"46,12000";"4,93673";"0,30553"
"46,13000";"4,92174";"0,29930"
"46,14000";"4,90686";"0,28610"
"46,15000";"4,89199";"0,28199"
"46,16000";"4,87688";"0,28812"
"46,17000";"4,86176";"0,29206"
"46,18000";"4,84677";"0,29295"
"46,19000";"4,83201";"0,29658"
"46,20000";"4,81702";"0,29657"
"46,21000";"4,80203";"0,30159"
"46,22000";"4,78715";"0,30664"
"46,23000";"4,77216";"0,31060"
"46,24000";"4,75717";"0,30722"
"46,25000";"4,74194";"0,30590"
"46,26000";"4,72694";"0,30769"
"46,27000";"4,71207";"0,30781"
"46,28000";"4,69719";"0,31236"
"46,29000";"4,68208";"0,31429"
"46,30000";"4,66709";"0,31049"
"46,31000";"4,65210";"0,30657"
"46,32000";"4,63710";"0,30867"
"46,33000";"4,62199";"0,30867"
"46,34000";"4,60688";"0,30849"
"46,35000";"4,59189";"0,30957"
"46,36000";"4,57701";"0,30677"
"46,37000";"4,56202";"0,29796"
"46,38000";"4,54703";"0,29383"
"46,39000";"4,53215";"0,29236"
"46,40000";"4,51740";"0,29410"
"46,41000";"4,50228";"0,29662"
"46,42000";"4,48717";"0,29381"
"46,43000";"4,47230";"0,29467"
"46,44000";"4,45754";"0,29490"
"46,45000";"4,44243";"0,29498"
"46,46000";"4,42732";"0,28765"
"46,47000";"4,41221";"0,28334"
"46,48000";"4,39722";"0,27383"
"46,49000";"4,38210";"0,26721"
"46,50000";"4,36699";"0,26862"
"46,51000";"4,35200";"0,28382"
"46,52000";"4,33712";"0,29681"
"46,53000";"4,32213";"0,30926"
"46,54000";"4,30702";"0,32003"
"46,55000";"4,29203";"0,31886"
"46,56000";"4,27715";"0,30306"
"46,57000";"4,26216";"0,29560"
"46,58000";"4,24705";"0,29616"
"46,59000";"4,23217";"0,30155"
"46,60000";"4,21730";"0,29857"
"46,61000";"4,20242";"0,29417"
"46,62000";"4,18731";"0,29660"
"46,63000";"4,17208";"0,29972"
"46,64000";"4,15709";"0,29757"
"46,65000";"4,14222";"0,29021"
"46,66000";"4,12722";"0,29016"
"46,67000";"4,11199";"0,29145"
"46,68000";"4,09712";"0,28728"
"46,69000";"4,08213";"0,28835"
"46,70000";"4,06701";"0,29119"
"46,71000";"4,05190";"0,28929"
"46,72000";"4,03679";"0,29503"
"46,73000";"4,02203";"0,29598"
"46,74000";"4,00704";"0,29221"
"46,75000";"3,99193";"0,28780"
"46,76000";"3,97694";"0,28535"
"46,77000";"3,96206";"0,28769"
"46,78000";"3,94695";"0,29543"
"46,79000";"3,93172";"0,29821"
"46,80000";"3,91673";"0,29645"
"46,81000";"3,90185";"0,29815"
"46,82000";"3,88698";"0,30481"
"46,83000";"3,87187";"0,30607"
"46,84000";"3,85664";"0,29843"
"46,85000";"3,84176";"0,29072"
"46,86000";"3,82677";"0,29266"
"46,87000";"3,81154";"0,29557"
"46,88000";"3,79643";"0,30147"
"46,89000";"3,78167";"0,30343"
"46,90000";"3,76680";"0,30184"
"46,91000";"3,75181";"0,30416"
"46,92000";"3,73669";"0,30371"
"46,93000";"3,72182";"0,30526"
"46,94000";"3,70683";"0,30972"
"46,95000";"3,69172";"0,31061"
"46,96000";"3,67649";"0,31425"
"46,97000";"3,66161";"0,31806"
"46,98000";"3,64685";"0,31758"
"46,99000";"3,63198";"0,32029"
"47,00000";"3,61699";"0,31405"
"47,01000";"3,60199";"0,30627"
"47,02000";"3,58712";"0,30296"
"47,03000";"3,57212";"0,30482"
"47,04000";"3,55701";"0,30000"
"47,05000";"3,54214";"0,29636"
"47,06000";"3,52738";"0,30142"
"47,07000";"3,51239";"0,29975"
"47,08000";"3,49716";"0,29726"
"47,09000";"3,48205";"0,29446"
"47,10000";"3,46706";"0,29524"
"47,11000";"3,45194";"0,29906"
"47,12000";"3,43695";"0,30367"
"47,13000";"3,42208";"0,30831"
"47,14000";"3,40720";"0,30463"
"47,15000";"3,39233";"0,29935"
"47,16000";"3,37710";"0,29325"
"47,17000";"3,36210";"0,28911"
"47,18000";"3,34711";"0,28968"
"47,19000";"3,33200";"0,29975"
"47,20000";"3,31689";"0,30285"
"47,21000";"3,30190";"0,30202"
"47,22000";"3,28702";"0,30072"
"47,23000";"3,27215";"0,29729"
"47,24000";"3,25703";"0,29333"
"47,25000";"3,24192";"0,28710"
"47,26000";"3,22693";"0,28292"
"47,27000";"3,21206";"0,28797"
"47,28000";"3,19706";"0,29529"
"47,29000";"3,18195";"0,29730"
"47,30000";"3,16696";"0,30268"
"47,31000";"3,15208";"0,30604"
"47,32000";"3,13697";"0,30661"
"47,33000";"3,12186";"0,29905"
"47,34000";"3,10699";"0,29567"
"47,35000";"3,09199";"0,29495"
"47,36000";"3,07700";"0,30197"
"47,37000";"3,06201";"0,30709"
"47,38000";"3,04701";"0,30375"
"47,39000";"3,03214";"0,30285"
"47,40000";"3,01715";"0,30590"
"47,41000";"3,00203";"0,30987"
"47,42000";"2,98692";"0,31228"
"47,43000";"2,97193";"0,30982"
"47,44000";"2,95706";"0,30587"
"47,45000";"2,94206";"0,30055"
"47,46000";"2,92707";"0,29683"
"47,47000";"2,91208";"0,29283"
"47,48000";"2,89708";"0,28803"
"47,49000";"2,88197";"0,28910"
"47,50000";"2,86686";"0,30023"
"47,51000";"2,85187";"0,30728"
"47,52000";"2,83688";"0,31207"
"47,53000";"2,82188";"0,31902"
"47,54000";"2,80689";"0,31837"
"47,55000";"2,79201";"0,31325"
"47,56000";"2,77702";"0,30566"
"47,57000";"2,76191";"0,29847"
"47,58000";"2,74680";"0,29680"
"47,59000";"2,73181";"0,30127"
"47,60000";"2,71693";"0,30946"
"47,61000";"2,70206";"0,31277"
"47,62000";"2,68694";"0,31422"
"47,63000";"2,67195";"0,30701"
"47,64000";"2,65708";"0,30259"
"47,65000";"2,64197";"0,30029"
"47,66000";"2,62685";"0,29963"
"47,67000";"2,61186";"0,29519"
"47,68000";"2,59687";"0,29193"
"47,69000";"2,58211";"0,29627"
"47,70000";"2,56700";"0,29584"
"47,71000";"2,55189";"0,29722"
"47,72000";"2,53690";"0,29999"
"47,73000";"2,52190";"0,30093"
"47,74000";"2,50679";"0,30712"
"47,75000";"2,49180";"0,31074"
"47,76000";"2,47692";"0,30459"
"47,77000";"2,46205";"0,30543"
"47,78000";"2,44706";"0,30759"
"47,79000";"2,43194";"0,31162"
"47,80000";"2,41695";"0,31900"
"47,81000";"2,40196";"0,31744"
"47,82000";"2,38685";"0,31049"
"47,83000";"2,37174";"0,30347"
"47,84000";"2,35674";"0,30120"
"47,85000";"2,34199";"0,30021"
"47,86000";"2,32711";"0,30836"
"47,87000";"2,31200";"0,31599"
"47,88000";"2,29701";"0,32002"
"47,89000";"2,28201";"0,32383"
"47,90000";"2,26702";"0,32171"
"47,91000";"2,25203";"0,31699"
"47,92000";"2,23703";"0,31368"
"47,93000";"2,22216";"0,30944"
"47,94000";"2,20717";"0,29866"
"47,95000";"2,19206";"0,29620"
"47,96000";"2,17706";"0,29551"
"47,97000";"2,16207";"0,29231"
"47,98000";"2,14708";"0,30001"
"47,99000";"2,13197";"0,30679"
"48,00000";"2,11709";"0,30296"
"48,01000";"2,10210";"0,29072"
"48,02000";"2,08710";"0,28239"
"48,03000";"2,07199";"0,28656"
"48,04000";"2,05688";"0,29113"
"48,05000";"2,04189";"0,28880"
"48,06000";"2,02690";"0,29200"
"48,07000";"2,01190";"0,29704"
"48,08000";"1,99691";"0,30024"
"48,09000";"1,98203";"0,29790"
"48,10000";"1,96704";"0,29532"
"48,11000";"1,95193";"0,29507"
"48,12000";"1,93694";"0,29441"
"48,13000";"1,92183";"0,28602"
"48,14000";"1,90683";"0,28018"
"48,15000";"1,89184";"0,28360"
"48,16000";"1,87685";"0,29156"
"48,17000";"1,86197";"0,30145"
"48,18000";"1,84710";"0,30822"
"48,19000";"1,83199";"0,30868"
"48,20000";"1,81699";"0,29688"
"48,21000";"1,80188";"0,28926"
"48,22000";"1,78689";"0,28743"
"48,23000";"1,77201";"0,28268"
"48,24000";"1,75702";"0,28790"
"48,25000";"1,74203";"0,29599"
"48,26000";"1,72703";"0,30385"
"48,27000";"1,71216";"0,31092"
"48,28000";"1,69705";"0,31104"
"48,29000";"1,68206";"0,30438"
"48,30000";"1,66694";"0,29299"
"48,31000";"1,65207";"0,28658"
"48,32000";"1,63719";"0,29572"
"48,33000";"1,62208";"0,30289"
"48,34000";"1,60709";"0,30461"
"48,35000";"1,59210";"0,30608"
"48,36000";"1,57699";"0,30227"
"48,37000";"1,56187";"0,29654"
"48,38000";"1,54688";"0,29846"
"48,39000";"1,53201";"0,30765"
"48,40000";"1,51713";"0,30884"
"48,41000";"1,50214";"0,30924"
"48,42000";"1,48703";"0,30231"
"48,43000";"1,47192";"0,28713"
"48,44000";"1,45692";"0,28037"
"48,45000";"1,44181";"0,27972"
"48,46000";"1,42682";"0,28271"
"48,47000";"1,41194";"0,28757"
"48,48000";"1,39707";"0,29211"
"48,49000";"1,38208";"0,29729"
"48,50000";"1,36697";"0,30732"
"48,51000";"1,35185";"0,31443"
"48,52000";"1,33686";"0,32243"
"48,53000";"1,32175";"0,32780"
"48,54000";"1,30676";"0,32507"
"48,55000";"1,29188";"0,32066"
"48,56000";"1,27713";"0,31763"
"48,57000";"1,26213";"0,31708"
"48,58000";"1,24714";"0,30873"
"48,59000";"1,23215";"0,29906"
"48,60000";"1,21715";"0,29580"
"48,61000";"1,20216";"0,30127"
"48,62000";"1,18705";"0,30540"
"48,63000";"1,17206";"0,30477"
"48,64000";"1,15706";"0,30660"
"48,65000";"1,14219";"0,30536"
"48,66000";"1,12708";"0,30326"
"48,67000";"1,11185";"0,30003"
"48,68000";"1,09697";"0,30374"
"48,69000";"1,08198";"0,31302"
"48,70000";"1,06710";"0,32504"
"48,71000";"1,05199";"0,33219"
"48,72000";"1,03700";"0,32745"
"48,73000";"1,02201";"0,32206"
"48,74000";"1,00690";"0,31383"
"48,75000";"0,99190";"0,30930"
"48,76000";"0,97679";"0,30738"
"48,77000";"0,96192";"0,30417"
"48,78000";"0,94692";"0,30464"
"48,79000";"0,93193";"0,30947"
"48,80000";"0,91706";"0,31519"
"48,81000";"0,90206";"0,31824"
"48,82000";"0,88707";"0,31780"
"48,83000";"0,87196";"0,31991"
"48,84000";"0,85685";"0,32143"
"48,85000";"0,84185";"0,32136"
"48,86000";"0,82698";"0,31836"
"48,87000";"0,81199";"0,32116"
"48,88000";"0,79699";"0,31504"
"48,89000";"0,78200";"0,30944"
"48,90000";"0,76724";"0,31117"
"48,91000";"0,75225";"0,31591"
"48,92000";"0,73714";"0,31933"
"48,93000";"0,72215";"0,32435"
"48,94000";"0,70715";"0,32423"
"48,95000";"0,69216";"0,32848"
"48,96000";"0,67705";"0,32513"
"48,97000";"0,66206";"0,32317"
"48,98000";"0,64718";"0,32054"
"48,99000";"0,63219";"0,32196"
"49,00000";"0,61708";"0,32102"
"49,01000";"0,60208";"0,32733"
"49,02000";"0,58709";"0,33200"
"49,03000";"0,57198";"0,33400"
"49,04000";"0,55687";"0,33225"
"49,05000";"0,54188";"0,32835"
"49,06000";"0,52688";"0,32887"
"49,07000";"0,51189";"0,33054"
"49,08000";"0,49678";"0,32370"
"49,09000";"0,48167";"0,32018"
"49,10000";"0,46679";"0,31447"
"49,11000";"0,45203";"0,31387"
"49,12000";"0,43692";"0,30950"
"49,13000";"0,42193";"0,30548"
"49,14000";"0,40694";"0,30718"
"49,15000";"0,39194";"0,31652"
"49,16000";"0,37683";"0,32391"
"49,17000";"0,36172";"0,32394"
"49,18000";"0,34685";"0,31778"
"49,19000";"0,33197";"0,31745"
"49,20000";"0,31710";"0,31644"
"49,21000";"0,30199";"0,31943"
"49,22000";"0,28711";"0,31486"
"49,23000";"0,27224";"0,31434"
"49,24000";"0,25713";"0,31662"
"49,25000";"0,24201";"0,31983"
"49,26000";"0,22702";"0,32423"
"49,27000";"0,21215";"0,32788"
"49,28000";"0,19715";"0,32970"
"49,29000";"0,18192";"0,33000"
"49,30000";"0,16681";"0,31595"
"49,31000";"0,15194";"0,30680"
"49,32000";"0,13694";"0,30587"
"49,33000";"0,12183";"0,31169"
"49,34000";"0,10708";"0,31908"
"49,35000";"0,09232";"0,32428"
"49,36000";"0,07733";"0,32584"
"49,37000";"0,06233";"0,32887"
"49,38000";"0,04722";"0,32823"
"49,39000";"0,03223";"0,32668"
"49,40000";"0,01724";"0,32413"
"49,41000";"0,00224";"0,32858"
"49,41200";"-0,00083";"0,33004"
