Hardness 1 : Kraftbei  Hardness 1;"366,15948";N
A1 : A1;"0,97570";J
A2 : A2;"0,10475";J
Springiness : Springiness;"0,00066";m
Cohesiveness : Cohesiveness;"0,10736";
Chewiness : Chewiness;"0,02577";J

Zeit;Traversenweg;Kraft
(s);(mm);(N)
"0,00000";"0,00000";"0,10677"
"0,01000";"0,00094";"0,10851"
"0,02000";"0,00567";"0,11592"
"0,03000";"0,01629";"0,12989"
"0,04000";"0,03128";"0,14570"
"0,05000";"0,04899";"0,15695"
"0,06000";"0,06776";"0,15302"
"0,07000";"0,08701";"0,13986"
"0,08000";"0,10590";"0,12385"
"0,09000";"0,12419";"0,10712"
"0,10000";"0,14214";"0,09940"
"0,11000";"0,15938";"0,10099"
"0,12000";"0,17614";"0,09563"
"0,13000";"0,19267";"0,09096"
"0,14000";"0,20884";"0,08929"
"0,15000";"0,22466";"0,09091"
"0,16000";"0,24036";"0,09434"
"0,17000";"0,25594";"0,10250"
"0,18000";"0,27129";"0,10864"
"0,19000";"0,28664";"0,10821"
"0,20000";"0,30199";"0,10687"
"0,21000";"0,31733";"0,10088"
"0,22000";"0,33244";"0,09859"
"0,23000";"0,34756";"0,09825"
"0,24000";"0,36267";"0,10997"
"0,25000";"0,37766";"0,11643"
"0,26000";"0,39265";"0,11884"
"0,27000";"0,40776";"0,11502"
"0,28000";"0,42288";"0,10714"
"0,29000";"0,43799";"0,09834"
"0,30000";"0,45310";"0,08966"
"0,31000";"0,46821";"0,09009"
"0,32000";"0,48308";"0,10400"
"0,33000";"0,49808";"0,11550"
"0,34000";"0,51307";"0,11680"
"0,35000";"0,52794";"0,11486"
"0,36000";"0,54306";"0,11634"
"0,37000";"0,55817";"0,11702"
"0,38000";"0,57316";"0,11064"
"0,39000";"0,58815";"0,10500"
"0,40000";"0,60315";"0,10895"
"0,41000";"0,61814";"0,11864"
"0,42000";"0,63313";"0,11960"
"0,43000";"0,64812";"0,12146"
"0,44000";"0,66324";"0,12523"
"0,45000";"0,67823";"0,12213"
"0,46000";"0,69310";"0,11123"
"0,47000";"0,70810";"0,10458"
"0,48000";"0,72297";"0,10024"
"0,49000";"0,73808";"0,10458"
"0,50000";"0,75308";"0,10623"
"0,51000";"0,76807";"0,10849"
"0,52000";"0,78318";"0,10960"
"0,53000";"0,79829";"0,11082"
"0,54000";"0,81328";"0,11298"
"0,55000";"0,82828";"0,11514"
"0,56000";"0,84315";"0,11268"
"0,57000";"0,85803";"0,10198"
"0,58000";"0,87302";"0,09724"
"0,59000";"0,88801";"0,10244"
"0,60000";"0,90301";"0,11350"
"0,61000";"0,91812";"0,12130"
"0,62000";"0,93311";"0,11866"
"0,63000";"0,94810";"0,11630"
"0,64000";"0,96310";"0,11533"
"0,65000";"0,97797";"0,10942"
"0,66000";"0,99297";"0,10287"
"0,67000";"1,00796";"0,10125"
"0,68000";"1,02307";"0,09931"
"0,69000";"1,03818";"0,10196"
"0,70000";"1,05317";"0,11481"
"0,71000";"1,06805";"0,12269"
"0,72000";"1,08316";"0,11631"
"0,73000";"1,09815";"0,11397"
"0,74000";"1,11303";"0,10862"
"0,75000";"1,12802";"0,10895"
"0,76000";"1,14313";"0,10707"
"0,77000";"1,15813";"0,10132"
"0,78000";"1,17300";"0,10463"
"0,79000";"1,18799";"0,11078"
"0,80000";"1,20299";"0,11213"
"0,81000";"1,21798";"0,10885"
"0,82000";"1,23285";"0,11190"
"0,83000";"1,24797";"0,11058"
"0,84000";"1,26308";"0,10699"
"0,85000";"1,27807";"0,10395"
"0,86000";"1,29306";"0,09605"
"0,87000";"1,30794";"0,09622"
"0,88000";"1,32305";"0,09706"
"0,89000";"1,33792";"0,10488"
"0,90000";"1,35292";"0,11274"
"0,91000";"1,36791";"0,11333"
"0,92000";"1,38302";"0,11003"
"0,93000";"1,39813";"0,11108"
"0,94000";"1,41313";"0,10749"
"0,95000";"1,42812";"0,10068"
"0,96000";"1,44311";"0,10239"
"0,97000";"1,45810";"0,10501"
"0,98000";"1,47298";"0,10246"
"0,99000";"1,48797";"0,09987"
"1,00000";"1,50308";"0,10211"
"1,01000";"1,51808";"0,10579"
"1,02000";"1,53307";"0,11183"
"1,03000";"1,54794";"0,10638"
"1,04000";"1,56294";"0,09650"
"1,05000";"1,57781";"0,09874"
"1,06000";"1,59292";"0,10977"
"1,07000";"1,60792";"0,11535"
"1,08000";"1,62303";"0,11444"
"1,09000";"1,63814";"0,11592"
"1,10000";"1,65301";"0,11668"
"1,11000";"1,66801";"0,11747"
"1,12000";"1,68300";"0,11304"
"1,13000";"1,69799";"0,10138"
"1,14000";"1,71299";"0,09664"
"1,15000";"1,72810";"0,09579"
"1,16000";"1,74309";"0,09776"
"1,17000";"1,75808";"0,10398"
"1,18000";"1,77308";"0,10543"
"1,19000";"1,78807";"0,10383"
"1,20000";"1,80306";"0,10738"
"1,21000";"1,81794";"0,11818"
"1,22000";"1,83293";"0,11714"
"1,23000";"1,84804";"0,11153"
"1,24000";"1,86303";"0,10674"
"1,25000";"1,87815";"0,10334"
"1,26000";"1,89302";"0,10033"
"1,27000";"1,90813";"0,10696"
"1,28000";"1,92313";"0,11648"
"1,29000";"1,93800";"0,12374"
"1,30000";"1,95299";"0,12572"
"1,31000";"1,96799";"0,11967"
"1,32000";"1,98310";"0,11264"
"1,33000";"1,99809";"0,11019"
"1,34000";"2,01297";"0,11194"
"1,35000";"2,02796";"0,11878"
"1,36000";"2,04295";"0,12022"
"1,37000";"2,05783";"0,12071"
"1,38000";"2,07294";"0,11388"
"1,39000";"2,08793";"0,11501"
"1,40000";"2,10292";"0,11537"
"1,41000";"2,11792";"0,11159"
"1,42000";"2,13291";"0,10997"
"1,43000";"2,14778";"0,10819"
"1,44000";"2,16278";"0,10431"
"1,45000";"2,17777";"0,10007"
"1,46000";"2,19288";"0,10539"
"1,47000";"2,20811";"0,11331"
"1,48000";"2,22322";"0,11466"
"1,49000";"2,23822";"0,11703"
"1,50000";"2,25321";"0,11280"
"1,51000";"2,26820";"0,11203"
"1,52000";"2,28319";"0,11195"
"1,53000";"2,29807";"0,11057"
"1,54000";"2,31318";"0,11035"
"1,55000";"2,32817";"0,11113"
"1,56000";"2,34317";"0,11713"
"1,57000";"2,35816";"0,11610"
"1,58000";"2,37315";"0,11100"
"1,59000";"2,38815";"0,11459"
"1,60000";"2,40302";"0,11398"
"1,61000";"2,41801";"0,10737"
"1,62000";"2,43301";"0,10188"
"1,63000";"2,44812";"0,10801"
"1,64000";"2,46311";"0,11038"
"1,65000";"2,47810";"0,10949"
"1,66000";"2,49310";"0,10745"
"1,67000";"2,50809";"0,10567"
"1,68000";"2,52297";"0,10106"
"1,69000";"2,53784";"0,09461"
"1,70000";"2,55272";"0,08854"
"1,71000";"2,56759";"0,09126"
"1,72000";"2,58247";"0,09941"
"1,73000";"2,59722";"0,10401"
"1,74000";"2,61233";"0,10818"
"1,75000";"2,62733";"0,11212"
"1,76000";"2,64232";"0,11365"
"1,77000";"2,65743";"0,11661"
"1,78000";"2,67254";"0,10529"
"1,79000";"2,68765";"0,10387"
"1,80000";"2,70288";"0,10811"
"1,81000";"2,71811";"0,10979"
"1,82000";"2,73346";"0,10765"
"1,83000";"2,74857";"0,10875"
"1,84000";"2,76344";"0,10484"
"1,85000";"2,77844";"0,11156"
"1,86000";"2,79343";"0,11817"
"1,87000";"2,80842";"0,12086"
"1,88000";"2,82330";"0,11977"
"1,89000";"2,83829";"0,11951"
"1,90000";"2,85328";"0,10693"
"1,91000";"2,86816";"0,10642"
"1,92000";"2,88315";"0,10750"
"1,93000";"2,89803";"0,10382"
"1,94000";"2,91302";"0,09494"
"1,95000";"2,92801";"0,09324"
"1,96000";"2,94313";"0,09740"
"1,97000";"2,95812";"0,09717"
"1,98000";"2,97299";"0,09315"
"1,99000";"2,98799";"0,10217"
"2,00000";"3,00286";"0,10913"
"2,01000";"3,01774";"0,11056"
"2,02000";"3,03273";"0,11000"
"2,03000";"3,04760";"0,10315"
"2,04000";"3,06248";"0,10385"
"2,05000";"3,07735";"0,10245"
"2,06000";"3,09246";"0,10734"
"2,07000";"3,10758";"0,11426"
"2,08000";"3,12257";"0,11916"
"2,09000";"3,13780";"0,12831"
"2,10000";"3,15291";"0,13679"
"2,11000";"3,16790";"0,13696"
"2,12000";"3,18301";"0,13248"
"2,13000";"3,19812";"0,12745"
"2,14000";"3,21324";"0,12099"
"2,15000";"3,22835";"0,12111"
"2,16000";"3,24346";"0,11511"
"2,17000";"3,25857";"0,11298"
"2,18000";"3,27356";"0,10944"
"2,19000";"3,28856";"0,11240"
"2,20000";"3,30343";"0,10817"
"2,21000";"3,31842";"0,11028"
"2,22000";"3,33330";"0,11249"
"2,23000";"3,34817";"0,11352"
"2,24000";"3,36305";"0,11468"
"2,25000";"3,37804";"0,10977"
"2,26000";"3,39315";"0,10863"
"2,27000";"3,40815";"0,11009"
"2,28000";"3,42314";"0,10898"
"2,29000";"3,43801";"0,10907"
"2,30000";"3,45301";"0,11316"
"2,31000";"3,46765";"0,11302"
"2,32000";"3,48252";"0,11336"
"2,33000";"3,49740";"0,11726"
"2,34000";"3,51239";"0,12378"
"2,35000";"3,52750";"0,11896"
"2,36000";"3,54249";"0,11565"
"2,37000";"3,55760";"0,11375"
"2,38000";"3,57272";"0,11917"
"2,39000";"3,58771";"0,11865"
"2,40000";"3,60270";"0,12173"
"2,41000";"3,61793";"0,12058"
"2,42000";"3,63304";"0,11289"
"2,43000";"3,64815";"0,11140"
"2,44000";"3,66338";"0,11685"
"2,45000";"3,67849";"0,11548"
"2,46000";"3,69349";"0,11043"
"2,47000";"3,70836";"0,11206"
"2,48000";"3,72335";"0,11529"
"2,49000";"3,73835";"0,11970"
"2,50000";"3,75346";"0,12575"
"2,51000";"3,76845";"0,11892"
"2,52000";"3,78344";"0,11242"
"2,53000";"3,79832";"0,11848"
"2,54000";"3,81319";"0,12081"
"2,55000";"3,82807";"0,11944"
"2,56000";"3,84306";"0,11916"
"2,57000";"3,85794";"0,11629"
"2,58000";"3,87293";"0,11478"
"2,59000";"3,88792";"0,11724"
"2,60000";"3,90292";"0,11738"
"2,61000";"3,91779";"0,11289"
"2,62000";"3,93267";"0,10947"
"2,63000";"3,94754";"0,10397"
"2,64000";"3,96265";"0,09754"
"2,65000";"3,97765";"0,09504"
"2,66000";"3,99276";"0,10101"
"2,67000";"4,00775";"0,10492"
"2,68000";"4,02286";"0,10609"
"2,69000";"4,03785";"0,10554"
"2,70000";"4,05297";"0,10586"
"2,71000";"4,06796";"0,10967"
"2,72000";"4,08319";"0,11138"
"2,73000";"4,09842";"0,11381"
"2,74000";"4,11353";"0,10761"
"2,75000";"4,12864";"0,10679"
"2,76000";"4,14363";"0,10451"
"2,77000";"4,15863";"0,10032"
"2,78000";"4,17350";"0,09715"
"2,79000";"4,18837";"0,09603"
"2,80000";"4,20337";"0,09808"
"2,81000";"4,21836";"0,10196"
"2,82000";"4,23324";"0,11106"
"2,83000";"4,24811";"0,11811"
"2,84000";"4,26299";"0,12610"
"2,85000";"4,27798";"0,12612"
"2,86000";"4,29285";"0,11936"
"2,87000";"4,30785";"0,11090"
"2,88000";"4,32284";"0,10638"
"2,89000";"4,33783";"0,10480"
"2,90000";"4,35283";"0,10826"
"2,91000";"4,36782";"0,11825"
"2,92000";"4,38281";"0,11747"
"2,93000";"4,39781";"0,10901"
"2,94000";"4,41268";"0,10367"
"2,95000";"4,42767";"0,10179"
"2,96000";"4,44278";"0,09634"
"2,97000";"4,45790";"0,09574"
"2,98000";"4,47301";"0,09629"
"2,99000";"4,48800";"0,09431"
"3,00000";"4,50299";"0,10133"
"3,01000";"4,51810";"0,10612"
"3,02000";"4,53310";"0,10734"
"3,03000";"4,54821";"0,11199"
"3,04000";"4,56332";"0,10998"
"3,05000";"4,57843";"0,10922"
"3,06000";"4,59331";"0,11133"
"3,07000";"4,60830";"0,11476"
"3,08000";"4,62317";"0,12086"
"3,09000";"4,63805";"0,12107"
"3,10000";"4,65281";"0,11493"
"3,11000";"4,66792";"0,11369"
"3,12000";"4,68291";"0,11413"
"3,13000";"4,69802";"0,11274"
"3,14000";"4,71301";"0,11005"
"3,15000";"4,72813";"0,10730"
"3,16000";"4,74312";"0,10570"
"3,17000";"4,75799";"0,09724"
"3,18000";"4,77287";"0,09921"
"3,19000";"4,78774";"0,10881"
"3,20000";"4,80262";"0,11088"
"3,21000";"4,81773";"0,11061"
"3,22000";"4,83272";"0,11011"
"3,23000";"4,84772";"0,11681"
"3,24000";"4,86283";"0,11767"
"3,25000";"4,87782";"0,11507"
"3,26000";"4,89281";"0,11207"
"3,27000";"4,90781";"0,10921"
"3,28000";"4,92292";"0,11011"
"3,29000";"4,93803";"0,10990"
"3,30000";"4,95314";"0,10979"
"3,31000";"4,96813";"0,10450"
"3,32000";"4,98324";"0,09624"
"3,33000";"4,99824";"0,10137"
"3,34000";"5,01335";"0,10264"
"3,35000";"5,02834";"0,09865"
"3,36000";"5,04333";"0,10148"
"3,37000";"5,05844";"0,11525"
"3,38000";"5,07332";"0,12168"
"3,39000";"5,08831";"0,12384"
"3,40000";"5,10319";"0,12007"
"3,41000";"5,11806";"0,11382"
"3,42000";"5,13306";"0,11298"
"3,43000";"5,14805";"0,10488"
"3,44000";"5,16304";"0,10176"
"3,45000";"5,17815";"0,10814"
"3,46000";"5,19315";"0,11468"
"3,47000";"5,20802";"0,12579"
"3,48000";"5,22290";"0,13155"
"3,49000";"5,23777";"0,12810"
"3,50000";"5,25265";"0,12357"
"3,51000";"5,26764";"0,11040"
"3,52000";"5,28287";"0,09829"
"3,53000";"5,29798";"0,09089"
"3,54000";"5,31309";"0,09421"
"3,55000";"5,32808";"0,10341"
"3,56000";"5,34308";"0,11124"
"3,57000";"5,35807";"0,11688"
"3,58000";"5,37306";"0,11634"
"3,59000";"5,38817";"0,11647"
"3,60000";"5,40317";"0,11057"
"3,61000";"5,41816";"0,10830"
"3,62000";"5,43315";"0,11446"
"3,63000";"5,44815";"0,11593"
"3,64000";"5,46314";"0,11646"
"3,65000";"5,47801";"0,12023"
"3,66000";"5,49312";"0,12140"
"3,67000";"5,50812";"0,11947"
"3,68000";"5,52311";"0,11158"
"3,69000";"5,53810";"0,10384"
"3,70000";"5,55310";"0,09960"
"3,71000";"5,56809";"0,10354"
"3,72000";"5,58308";"0,11973"
"3,73000";"5,59796";"0,14553"
"3,74000";"5,61283";"0,17431"
"3,75000";"5,62783";"0,21376"
"3,76000";"5,64294";"0,26328"
"3,77000";"5,65781";"0,31230"
"3,78000";"5,67281";"0,35629"
"3,79000";"5,68792";"0,40128"
"3,80000";"5,70279";"0,45192"
"3,81000";"5,71778";"0,51207"
"3,82000";"5,73301";"0,57538"
"3,83000";"5,74824";"0,64946"
"3,84000";"5,76335";"0,73657"
"3,85000";"5,77823";"0,83078"
"3,86000";"5,79322";"0,91817"
"3,87000";"5,80822";"1,01132"
"3,88000";"5,82321";"1,11609"
"3,89000";"5,83808";"1,22283"
"3,90000";"5,85308";"1,33560"
"3,91000";"5,86807";"1,45337"
"3,92000";"5,88318";"1,57097"
"3,93000";"5,89817";"1,68501"
"3,94000";"5,91317";"1,79659"
"3,95000";"5,92804";"1,90339"
"3,96000";"5,94303";"2,01259"
"3,97000";"5,95803";"2,12351"
"3,98000";"5,97302";"2,23736"
"3,99000";"5,98801";"2,35559"
"4,00000";"6,00312";"2,47018"
"4,01000";"6,01812";"2,58521"
"4,02000";"6,03299";"2,69659"
"4,03000";"6,04799";"2,80590"
"4,04000";"6,06298";"2,91863"
"4,05000";"6,07785";"3,03685"
"4,06000";"6,09285";"3,15147"
"4,07000";"6,10784";"3,26305"
"4,08000";"6,12283";"3,36956"
"4,09000";"6,13783";"3,46839"
"4,10000";"6,15282";"3,57453"
"4,11000";"6,16793";"3,68174"
"4,12000";"6,18292";"3,78734"
"4,13000";"6,19792";"3,89037"
"4,14000";"6,21303";"3,98964"
"4,15000";"6,22814";"4,10178"
"4,16000";"6,24325";"4,21556"
"4,17000";"6,25824";"4,31834"
"4,18000";"6,27324";"4,40886"
"4,19000";"6,28799";"4,50081"
"4,20000";"6,30299";"4,60157"
"4,21000";"6,31798";"4,71263"
"4,22000";"6,33309";"4,81975"
"4,23000";"6,34808";"4,92954"
"4,24000";"6,36308";"5,03884"
"4,25000";"6,37795";"5,15116"
"4,26000";"6,39294";"5,25327"
"4,27000";"6,40806";"5,35281"
"4,28000";"6,42281";"5,45501"
"4,29000";"6,43792";"5,56179"
"4,30000";"6,45292";"5,65811"
"4,31000";"6,46791";"5,75416"
"4,32000";"6,48290";"5,85309"
"4,33000";"6,49778";"5,95489"
"4,34000";"6,51277";"6,06267"
"4,35000";"6,52776";"6,17426"
"4,36000";"6,54264";"6,28411"
"4,37000";"6,55763";"6,38585"
"4,38000";"6,57286";"6,48676"
"4,39000";"6,58797";"6,59063"
"4,40000";"6,60308";"6,68891"
"4,41000";"6,61808";"6,78673"
"4,42000";"6,63307";"6,88423"
"4,43000";"6,64794";"6,99165"
"4,44000";"6,66294";"7,10134"
"4,45000";"6,67793";"7,20973"
"4,46000";"6,69304";"7,32344"
"4,47000";"6,70803";"7,42686"
"4,48000";"6,72303";"7,52655"
"4,49000";"6,73802";"7,62723"
"4,50000";"6,75301";"7,73133"
"4,51000";"6,76801";"7,84425"
"4,52000";"6,78288";"7,96191"
"4,53000";"6,79799";"8,07530"
"4,54000";"6,81310";"8,18306"
"4,55000";"6,82810";"8,28791"
"4,56000";"6,84309";"8,39040"
"4,57000";"6,85808";"8,49651"
"4,58000";"6,87308";"8,60170"
"4,59000";"6,88795";"8,70804"
"4,60000";"6,90294";"8,81445"
"4,61000";"6,91794";"8,92615"
"4,62000";"6,93293";"9,03597"
"4,63000";"6,94792";"9,14752"
"4,64000";"6,96303";"9,25986"
"4,65000";"6,97803";"9,37396"
"4,66000";"6,99290";"9,48884"
"4,67000";"7,00790";"9,59884"
"4,68000";"7,02289";"9,70592"
"4,69000";"7,03800";"9,81848"
"4,70000";"7,05288";"9,93225"
"4,71000";"7,06799";"10,03971"
"4,72000";"7,08298";"10,14978"
"4,73000";"7,09797";"10,26845"
"4,74000";"7,11297";"10,39443"
"4,75000";"7,12784";"10,51362"
"4,76000";"7,14283";"10,62708"
"4,77000";"7,15794";"10,74765"
"4,78000";"7,17294";"10,86451"
"4,79000";"7,18805";"10,97630"
"4,80000";"7,20304";"11,09090"
"4,81000";"7,21803";"11,20280"
"4,82000";"7,23303";"11,31406"
"4,83000";"7,24790";"11,43278"
"4,84000";"7,26301";"11,55614"
"4,85000";"7,27801";"11,67830"
"4,86000";"7,29312";"11,80339"
"4,87000";"7,30811";"11,92491"
"4,88000";"7,32299";"12,03670"
"4,89000";"7,33798";"12,15543"
"4,90000";"7,35297";"12,27283"
"4,91000";"7,36785";"12,38423"
"4,92000";"7,38284";"12,50703"
"4,93000";"7,39795";"12,63394"
"4,94000";"7,41306";"12,76182"
"4,95000";"7,42806";"12,88849"
"4,96000";"7,44305";"13,01350"
"4,97000";"7,45792";"13,13747"
"4,98000";"7,47292";"13,26910"
"4,99000";"7,48791";"13,39275"
"5,00000";"7,50278";"13,52083"
"5,01000";"7,51790";"13,63824"
"5,02000";"7,53301";"13,75768"
"5,03000";"7,54800";"13,88073"
"5,04000";"7,56299";"14,00130"
"5,05000";"7,57799";"14,11419"
"5,06000";"7,59298";"14,23978"
"5,07000";"7,60785";"14,36566"
"5,08000";"7,62285";"14,48850"
"5,09000";"7,63796";"14,61775"
"5,10000";"7,65307";"14,75336"
"5,11000";"7,66818";"14,88962"
"5,12000";"7,68306";"15,01776"
"5,13000";"7,69793";"15,14975"
"5,14000";"7,71292";"15,28275"
"5,15000";"7,72780";"15,41604"
"5,16000";"7,74291";"15,54818"
"5,17000";"7,75790";"15,67014"
"5,18000";"7,77278";"15,78669"
"5,19000";"7,78777";"15,91185"
"5,20000";"7,80276";"16,03760"
"5,21000";"7,81764";"16,16523"
"5,22000";"7,83263";"16,29622"
"5,23000";"7,84774";"16,43300"
"5,24000";"7,86285";"16,57090"
"5,25000";"7,87797";"16,70194"
"5,26000";"7,89308";"16,83291"
"5,27000";"7,90807";"16,96676"
"5,28000";"7,92306";"17,10118"
"5,29000";"7,93806";"17,23500"
"5,30000";"7,95293";"17,36911"
"5,31000";"7,96781";"17,50233"
"5,32000";"7,98292";"17,63524"
"5,33000";"7,99791";"17,77224"
"5,34000";"8,01290";"17,90999"
"5,35000";"8,02801";"18,04635"
"5,36000";"8,04301";"18,19154"
"5,37000";"8,05800";"18,33319"
"5,38000";"8,07299";"18,46382"
"5,39000";"8,08799";"18,60284"
"5,40000";"8,10298";"18,74168"
"5,41000";"8,11797";"18,87490"
"5,42000";"8,13308";"19,01344"
"5,43000";"8,14796";"19,16171"
"5,44000";"8,16295";"19,30251"
"5,45000";"8,17794";"19,44418"
"5,46000";"8,19294";"19,59037"
"5,47000";"8,20793";"19,73044"
"5,48000";"8,22304";"19,86785"
"5,49000";"8,23803";"20,00320"
"5,50000";"8,25303";"20,13456"
"5,51000";"8,26802";"20,27195"
"5,52000";"8,28301";"20,41368"
"5,53000";"8,29801";"20,56092"
"5,54000";"8,31300";"20,71094"
"5,55000";"8,32811";"20,85386"
"5,56000";"8,34322";"20,99930"
"5,57000";"8,35833";"21,14529"
"5,58000";"8,37333";"21,29874"
"5,59000";"8,38820";"21,44638"
"5,60000";"8,40308";"21,58636"
"5,61000";"8,41795";"21,72208"
"5,62000";"8,43294";"21,86973"
"5,63000";"8,44794";"22,02191"
"5,64000";"8,46293";"22,17249"
"5,65000";"8,47804";"22,32548"
"5,66000";"8,49315";"22,48378"
"5,67000";"8,50826";"22,63865"
"5,68000";"8,52326";"22,79184"
"5,69000";"8,53813";"22,93919"
"5,70000";"8,55301";"23,09151"
"5,71000";"8,56812";"23,24392"
"5,72000";"8,58299";"23,39554"
"5,73000";"8,59810";"23,55025"
"5,74000";"8,61310";"23,71293"
"5,75000";"8,62809";"23,88117"
"5,76000";"8,64308";"24,03969"
"5,77000";"8,65784";"24,19883"
"5,78000";"8,67272";"24,36238"
"5,79000";"8,68783";"24,52619"
"5,80000";"8,70294";"24,68265"
"5,81000";"8,71793";"24,83474"
"5,82000";"8,73304";"24,98223"
"5,83000";"8,74803";"25,13826"
"5,84000";"8,76303";"25,30527"
"5,85000";"8,77802";"25,47374"
"5,86000";"8,79290";"25,63761"
"5,87000";"8,80801";"25,80841"
"5,88000";"8,82300";"25,98261"
"5,89000";"8,83799";"26,14611"
"5,90000";"8,85287";"26,31502"
"5,91000";"8,86786";"26,48541"
"5,92000";"8,88297";"26,65642"
"5,93000";"8,89785";"26,81873"
"5,94000";"8,91272";"26,98094"
"5,95000";"8,92783";"27,14670"
"5,96000";"8,94294";"27,32139"
"5,97000";"8,95782";"27,49802"
"5,98000";"8,97281";"27,67354"
"5,99000";"8,98780";"27,85237"
"6,00000";"9,00280";"28,03216"
"6,01000";"9,01779";"28,21315"
"6,02000";"9,03267";"28,38590"
"6,03000";"9,04778";"28,56138"
"6,04000";"9,06289";"28,74370"
"6,05000";"9,07800";"28,92309"
"6,06000";"9,09287";"29,09990"
"6,07000";"9,10799";"29,28049"
"6,08000";"9,12310";"29,46186"
"6,09000";"9,13809";"29,64327"
"6,10000";"9,15308";"29,83368"
"6,11000";"9,16808";"30,03159"
"6,12000";"9,18307";"30,21881"
"6,13000";"9,19818";"30,40325"
"6,14000";"9,21317";"30,59521"
"6,15000";"9,22817";"30,79304"
"6,16000";"9,24316";"30,98587"
"6,17000";"9,25803";"31,17493"
"6,18000";"9,27303";"31,36205"
"6,19000";"9,28814";"31,54934"
"6,20000";"9,30313";"31,74550"
"6,21000";"9,31824";"31,94818"
"6,22000";"9,33324";"32,15474"
"6,23000";"9,34823";"32,35995"
"6,24000";"9,36310";"32,55949"
"6,25000";"9,37810";"32,75925"
"6,26000";"9,39321";"32,96746"
"6,27000";"9,40808";"33,18147"
"6,28000";"9,42319";"33,38810"
"6,29000";"9,43819";"33,59477"
"6,30000";"9,45318";"33,79483"
"6,31000";"9,46817";"34,00129"
"6,32000";"9,48305";"34,21114"
"6,33000";"9,49804";"34,41700"
"6,34000";"9,51304";"34,62252"
"6,35000";"9,52803";"34,83326"
"6,36000";"9,54290";"35,04985"
"6,37000";"9,55801";"35,25937"
"6,38000";"9,57301";"35,47228"
"6,39000";"9,58800";"35,68922"
"6,40000";"9,60299";"35,91311"
"6,41000";"9,61787";"36,13600"
"6,42000";"9,63298";"36,35862"
"6,43000";"9,64809";"36,58311"
"6,44000";"9,66297";"36,81086"
"6,45000";"9,67796";"37,03927"
"6,46000";"9,69295";"37,26654"
"6,47000";"9,70794";"37,49088"
"6,48000";"9,72282";"37,72285"
"6,49000";"9,73793";"37,95861"
"6,50000";"9,75304";"38,19899"
"6,51000";"9,76803";"38,44060"
"6,52000";"9,78303";"38,67612"
"6,53000";"9,79790";"38,90229"
"6,54000";"9,81290";"39,13590"
"6,55000";"9,82789";"39,38104"
"6,56000";"9,84276";"39,62705"
"6,57000";"9,85776";"39,86853"
"6,58000";"9,87287";"40,11526"
"6,59000";"9,88798";"40,36199"
"6,60000";"9,90297";"40,61279"
"6,61000";"9,91796";"40,86139"
"6,62000";"9,93308";"41,11446"
"6,63000";"9,94807";"41,37493"
"6,64000";"9,96294";"41,62804"
"6,65000";"9,97794";"41,87969"
"6,66000";"9,99293";"42,13466"
"6,67000";"10,00804";"42,39281"
"6,68000";"10,02304";"42,66277"
"6,69000";"10,03803";"42,93116"
"6,70000";"10,05314";"43,19543"
"6,71000";"10,06801";"43,46363"
"6,72000";"10,08301";"43,73690"
"6,73000";"10,09800";"44,00811"
"6,74000";"10,11299";"44,27011"
"6,75000";"10,12799";"44,53437"
"6,76000";"10,14298";"44,80426"
"6,77000";"10,15809";"45,07457"
"6,78000";"10,17308";"45,35118"
"6,79000";"10,18820";"45,63918"
"6,80000";"10,20319";"45,93379"
"6,81000";"10,21818";"46,21987"
"6,82000";"10,23329";"46,50505"
"6,83000";"10,24840";"46,79214"
"6,84000";"10,26340";"47,07930"
"6,85000";"10,27827";"47,36614"
"6,86000";"10,29315";"47,64950"
"6,87000";"10,30814";"47,93562"
"6,88000";"10,32313";"48,22629"
"6,89000";"10,33813";"48,52690"
"6,90000";"10,35312";"48,82952"
"6,91000";"10,36823";"49,12941"
"6,92000";"10,38322";"49,43376"
"6,93000";"10,39822";"49,74473"
"6,94000";"10,41321";"50,05127"
"6,95000";"10,42808";"50,35381"
"6,96000";"10,44308";"50,65833"
"6,97000";"10,45807";"50,95335"
"6,98000";"10,47318";"51,26531"
"6,99000";"10,48829";"51,58633"
"7,00000";"10,50328";"51,91280"
"7,01000";"10,51828";"52,23819"
"7,02000";"10,53327";"52,55707"
"7,03000";"10,54815";"52,87457"
"7,04000";"10,56290";"53,19270"
"7,05000";"10,57790";"53,51662"
"7,06000";"10,59289";"53,84656"
"7,07000";"10,60788";"54,18040"
"7,08000";"10,62276";"54,50996"
"7,09000";"10,63775";"54,83482"
"7,10000";"10,65286";"55,15882"
"7,11000";"10,66774";"55,49275"
"7,12000";"10,68273";"55,83075"
"7,13000";"10,69784";"56,17866"
"7,14000";"10,71283";"56,53135"
"7,15000";"10,72783";"56,87806"
"7,16000";"10,74282";"57,23469"
"7,17000";"10,75781";"57,58566"
"7,18000";"10,77292";"57,93639"
"7,19000";"10,78780";"58,28078"
"7,20000";"10,80279";"58,63867"
"7,21000";"10,81779";"58,99839"
"7,22000";"10,83290";"59,36576"
"7,23000";"10,84789";"59,73489"
"7,24000";"10,86288";"60,10976"
"7,25000";"10,87788";"60,47747"
"7,26000";"10,89287";"60,84830"
"7,27000";"10,90786";"61,21987"
"7,28000";"10,92285";"61,59763"
"7,29000";"10,93797";"61,97568"
"7,30000";"10,95308";"62,35855"
"7,31000";"10,96819";"62,74681"
"7,32000";"10,98318";"63,13942"
"7,33000";"10,99817";"63,53097"
"7,34000";"11,01305";"63,91527"
"7,35000";"11,02792";"64,30055"
"7,36000";"11,04292";"64,67995"
"7,37000";"11,05803";"65,06145"
"7,38000";"11,07302";"65,44376"
"7,39000";"11,08801";"65,84515"
"7,40000";"11,10301";"66,25787"
"7,41000";"11,11800";"66,66498"
"7,42000";"11,13299";"67,05559"
"7,43000";"11,14799";"67,45287"
"7,44000";"11,16310";"67,84671"
"7,45000";"11,17809";"68,25105"
"7,46000";"11,19320";"68,66940"
"7,47000";"11,20820";"69,09720"
"7,48000";"11,22307";"69,51520"
"7,49000";"11,23806";"69,93764"
"7,50000";"11,25294";"70,35838"
"7,51000";"11,26793";"70,76940"
"7,52000";"11,28304";"71,18053"
"7,53000";"11,29803";"71,59451"
"7,54000";"11,31303";"72,01205"
"7,55000";"11,32802";"72,43777"
"7,56000";"11,34290";"72,87225"
"7,57000";"11,35789";"73,30391"
"7,58000";"11,37288";"73,73001"
"7,59000";"11,38788";"74,15517"
"7,60000";"11,40298";"74,58032"
"7,61000";"11,41798";"75,02316"
"7,62000";"11,43321";"75,47668"
"7,63000";"11,44820";"75,93876"
"7,64000";"11,46319";"76,40785"
"7,65000";"11,47807";"76,86821"
"7,66000";"11,49306";"77,31264"
"7,67000";"11,50794";"77,74335"
"7,68000";"11,52305";"78,16868"
"7,69000";"11,53804";"78,59832"
"7,70000";"11,55315";"79,04058"
"7,71000";"11,56815";"79,49364"
"7,72000";"11,58326";"79,94191"
"7,73000";"11,59813";"80,38672"
"7,74000";"11,61312";"80,83652"
"7,75000";"11,62800";"81,28284"
"7,76000";"11,64299";"81,72751"
"7,77000";"11,65799";"82,17448"
"7,78000";"11,67310";"82,62752"
"7,79000";"11,68797";"83,08811"
"7,80000";"11,70296";"83,55209"
"7,81000";"11,71796";"84,01385"
"7,82000";"11,73295";"84,48370"
"7,83000";"11,74794";"84,96922"
"7,84000";"11,76306";"85,45939"
"7,85000";"11,77817";"85,94643"
"7,86000";"11,79304";"86,43404"
"7,87000";"11,80792";"86,91788"
"7,88000";"11,82291";"87,40002"
"7,89000";"11,83790";"87,88223"
"7,90000";"11,85278";"88,36287"
"7,91000";"11,86777";"88,84271"
"7,92000";"11,88276";"89,32205"
"7,93000";"11,89799";"89,80505"
"7,94000";"11,91299";"90,29681"
"7,95000";"11,92798";"90,80196"
"7,96000";"11,94297";"91,31503"
"7,97000";"11,95797";"91,81396"
"7,98000";"11,97284";"92,30069"
"7,99000";"11,98783";"92,77670"
"8,00000";"12,00294";"93,25179"
"8,01000";"12,01806";"93,74379"
"8,02000";"12,03305";"94,23261"
"8,03000";"12,04792";"94,72146"
"8,04000";"12,06304";"95,20676"
"8,05000";"12,07803";"95,69476"
"8,06000";"12,09290";"96,18452"
"8,07000";"12,10790";"96,66704"
"8,08000";"12,12289";"97,14068"
"8,09000";"12,13800";"97,61053"
"8,10000";"12,15287";"98,08516"
"8,11000";"12,16775";"98,55356"
"8,12000";"12,18274";"99,00318"
"8,13000";"12,19774";"99,45101"
"8,14000";"12,21273";"99,89625"
"8,15000";"12,22772";"100,35135"
"8,16000";"12,24283";"100,80946"
"8,17000";"12,25795";"101,26350"
"8,18000";"12,27294";"101,71469"
"8,19000";"12,28793";"102,14564"
"8,20000";"12,30292";"102,56422"
"8,21000";"12,31780";"102,97141"
"8,22000";"12,33267";"103,36649"
"8,23000";"12,34778";"103,76172"
"8,24000";"12,36290";"104,17184"
"8,25000";"12,37801";"104,58870"
"8,26000";"12,39300";"105,01237"
"8,27000";"12,40799";"105,43485"
"8,28000";"12,42299";"105,84978"
"8,29000";"12,43786";"106,25442"
"8,30000";"12,45286";"106,64982"
"8,31000";"12,46785";"107,04439"
"8,32000";"12,48296";"107,44419"
"8,33000";"12,49795";"107,85452"
"8,34000";"12,51294";"108,26385"
"8,35000";"12,52794";"108,66426"
"8,36000";"12,54293";"109,06090"
"8,37000";"12,55792";"109,44385"
"8,38000";"12,57280";"109,82113"
"8,39000";"12,58791";"110,19321"
"8,40000";"12,60290";"110,55354"
"8,41000";"12,61790";"110,91722"
"8,42000";"12,63289";"111,27684"
"8,43000";"12,64788";"111,62206"
"8,44000";"12,66288";"111,94992"
"8,45000";"12,67787";"112,26056"
"8,46000";"12,69286";"112,55603"
"8,47000";"12,70797";"112,85230"
"8,48000";"12,72297";"113,15631"
"8,49000";"12,73808";"113,46066"
"8,50000";"12,75319";"113,75082"
"8,51000";"12,76818";"114,01667"
"8,52000";"12,78317";"114,25200"
"8,53000";"12,79805";"114,45614"
"8,54000";"12,81304";"114,63659"
"8,55000";"12,82815";"114,81159"
"8,56000";"12,84326";"114,98714"
"8,57000";"12,85814";"115,15760"
"8,58000";"12,87313";"115,30132"
"8,59000";"12,88813";"115,41253"
"8,60000";"12,90300";"115,49975"
"8,61000";"12,91787";"115,55962"
"8,62000";"12,93275";"115,56647"
"8,63000";"12,94786";"115,54604"
"8,64000";"12,96285";"115,50928"
"8,65000";"12,97773";"115,45464"
"8,66000";"12,99272";"115,36201"
"8,67000";"13,00783";"115,22937"
"8,68000";"13,02294";"115,07196"
"8,69000";"13,03782";"114,87929"
"8,70000";"13,05293";"114,63732"
"8,71000";"13,06804";"114,34965"
"8,72000";"13,08315";"114,03329"
"8,73000";"13,09814";"113,70212"
"8,74000";"13,11314";"113,34504"
"8,75000";"13,12801";"112,94652"
"8,76000";"13,14301";"112,51868"
"8,77000";"13,15788";"112,04913"
"8,78000";"13,17287";"111,53559"
"8,79000";"13,18787";"111,01131"
"8,80000";"13,20298";"110,50102"
"8,81000";"13,21809";"109,98089"
"8,82000";"13,23308";"109,44649"
"8,83000";"13,24808";"108,89371"
"8,84000";"13,26295";"108,31390"
"8,85000";"13,27783";"107,70055"
"8,86000";"13,29294";"107,06746"
"8,87000";"13,30793";"106,43941"
"8,88000";"13,32292";"105,82050"
"8,89000";"13,33792";"105,18407"
"8,90000";"13,35291";"104,51694"
"8,91000";"13,36790";"103,84184"
"8,92000";"13,38290";"103,14931"
"8,93000";"13,39777";"102,44046"
"8,94000";"13,41288";"101,72497"
"8,95000";"13,42799";"101,02802"
"8,96000";"13,44299";"100,35822"
"8,97000";"13,45798";"99,70126"
"8,98000";"13,47297";"99,04938"
"8,99000";"13,48796";"98,41009"
"9,00000";"13,50296";"97,78074"
"9,01000";"13,51795";"97,12685"
"9,02000";"13,53294";"96,46111"
"9,03000";"13,54806";"95,78918"
"9,04000";"13,56305";"95,12593"
"9,05000";"13,57804";"94,47314"
"9,06000";"13,59303";"93,82124"
"9,07000";"13,60803";"93,17532"
"9,08000";"13,62302";"92,54494"
"9,09000";"13,63790";"91,92757"
"9,10000";"13,65301";"91,34074"
"9,11000";"13,66812";"90,78432"
"9,12000";"13,68311";"90,24461"
"9,13000";"13,69810";"89,70628"
"9,14000";"13,71321";"89,15147"
"9,15000";"13,72809";"88,59052"
"9,16000";"13,74308";"88,02076"
"9,17000";"13,75808";"87,44585"
"9,18000";"13,77307";"86,85669"
"9,19000";"13,78818";"86,25768"
"9,20000";"13,80317";"85,64043"
"9,21000";"13,81817";"84,99656"
"9,22000";"13,83316";"84,33290"
"9,23000";"13,84815";"83,67484"
"9,24000";"13,86303";"83,03251"
"9,25000";"13,87814";"82,42330"
"9,26000";"13,89313";"81,86352"
"9,27000";"13,90813";"81,35442"
"9,28000";"13,92312";"80,87875"
"9,29000";"13,93823";"80,42731"
"9,30000";"13,95322";"79,98876"
"9,31000";"13,96821";"79,57126"
"9,32000";"13,98297";"79,16903"
"9,33000";"13,99797";"78,76401"
"9,34000";"14,01308";"78,37012"
"9,35000";"14,02807";"78,00040"
"9,36000";"14,04306";"77,64842"
"9,37000";"14,05805";"77,29224"
"9,38000";"14,07305";"76,91674"
"9,39000";"14,08804";"76,53610"
"9,40000";"14,10292";"76,13734"
"9,41000";"14,11791";"75,72612"
"9,42000";"14,13302";"75,31987"
"9,43000";"14,14801";"74,93109"
"9,44000";"14,16301";"74,54452"
"9,45000";"14,17800";"74,19659"
"9,46000";"14,19299";"73,89968"
"9,47000";"14,20787";"73,62922"
"9,48000";"14,22274";"73,37616"
"9,49000";"14,23785";"73,14119"
"9,50000";"14,25296";"72,95520"
"9,51000";"14,26808";"72,80704"
"9,52000";"14,28307";"72,67575"
"9,53000";"14,29818";"72,54683"
"9,54000";"14,31317";"72,43058"
"9,55000";"14,32817";"72,31091"
"9,56000";"14,34304";"72,16508"
"9,57000";"14,35815";"71,99962"
"9,58000";"14,37315";"71,83519"
"9,59000";"14,38814";"71,67559"
"9,60000";"14,40313";"71,51880"
"9,61000";"14,41813";"71,37110"
"9,62000";"14,43312";"71,18772"
"9,63000";"14,44799";"70,96821"
"9,64000";"14,46299";"70,72630"
"9,65000";"14,47810";"70,48956"
"9,66000";"14,49309";"70,27669"
"9,67000";"14,50820";"70,10347"
"9,68000";"14,52319";"69,96941"
"9,69000";"14,53819";"69,86802"
"9,70000";"14,55318";"69,80495"
"9,71000";"14,56817";"69,76582"
"9,72000";"14,58305";"69,74776"
"9,73000";"14,59804";"69,73665"
"9,74000";"14,61315";"69,74523"
"9,75000";"14,62815";"69,76286"
"9,76000";"14,64326";"69,77254"
"9,77000";"14,65825";"69,75735"
"9,78000";"14,67324";"69,71668"
"9,79000";"14,68812";"69,66681"
"9,80000";"14,70311";"69,59846"
"9,81000";"14,71810";"69,51917"
"9,82000";"14,73322";"69,44520"
"9,83000";"14,74833";"69,37431"
"9,84000";"14,76320";"69,30589"
"9,85000";"14,77820";"69,22311"
"9,86000";"14,79319";"69,12840"
"9,87000";"14,80806";"69,04050"
"9,88000";"14,82317";"68,96067"
"9,89000";"14,83817";"68,88201"
"9,90000";"14,85304";"68,81536"
"9,91000";"14,86792";"68,76421"
"9,92000";"14,88291";"68,70786"
"9,93000";"14,89790";"68,65527"
"9,94000";"14,91290";"68,60138"
"9,95000";"14,92801";"68,56400"
"9,96000";"14,94300";"68,52605"
"9,97000";"14,95811";"68,48209"
"9,98000";"14,97322";"68,43308"
"9,99000";"14,98822";"68,37917"
"10,00000";"15,00321";"68,30631"
"10,01000";"15,01820";"68,21474"
"10,02000";"15,03308";"68,10981"
"10,03000";"15,04795";"68,01149"
"10,04000";"15,06306";"67,93268"
"10,05000";"15,07806";"67,88618"
"10,06000";"15,09317";"67,86732"
"10,07000";"15,10816";"67,87810"
"10,08000";"15,12315";"67,91706"
"10,09000";"15,13803";"67,96108"
"10,10000";"15,15290";"67,97713"
"10,11000";"15,16778";"67,96968"
"10,12000";"15,18289";"67,94205"
"10,13000";"15,19800";"67,90625"
"10,14000";"15,21299";"67,87780"
"10,15000";"15,22799";"67,85480"
"10,16000";"15,24298";"67,84424"
"10,17000";"15,25797";"67,83773"
"10,18000";"15,27285";"67,83048"
"10,19000";"15,28772";"67,80644"
"10,20000";"15,30283";"67,78978"
"10,21000";"15,31794";"67,78687"
"10,22000";"15,33294";"67,78994"
"10,23000";"15,34793";"67,79353"
"10,24000";"15,36304";"67,79852"
"10,25000";"15,37803";"67,80623"
"10,26000";"15,39291";"67,81989"
"10,27000";"15,40790";"67,82815"
"10,28000";"15,42301";"67,84168"
"10,29000";"15,43801";"67,85978"
"10,30000";"15,45312";"67,86420"
"10,31000";"15,46799";"67,86863"
"10,32000";"15,48299";"67,88360"
"10,33000";"15,49798";"67,89318"
"10,34000";"15,51285";"67,90018"
"10,35000";"15,52773";"67,90666"
"10,36000";"15,54284";"67,93118"
"10,37000";"15,55795";"67,97565"
"10,38000";"15,57294";"68,03934"
"10,39000";"15,58805";"68,12630"
"10,40000";"15,60305";"68,22843"
"10,41000";"15,61804";"68,34895"
"10,42000";"15,63304";"68,49199"
"10,43000";"15,64815";"68,65671"
"10,44000";"15,66314";"68,84367"
"10,45000";"15,67825";"69,04816"
"10,46000";"15,69324";"69,27177"
"10,47000";"15,70812";"69,49098"
"10,48000";"15,72311";"69,70135"
"10,49000";"15,73799";"69,91760"
"10,50000";"15,75286";"70,14413"
"10,51000";"15,76797";"70,38580"
"10,52000";"15,78297";"70,65707"
"10,53000";"15,79808";"70,98331"
"10,54000";"15,81307";"71,34837"
"10,55000";"15,82806";"71,74096"
"10,56000";"15,84306";"72,12494"
"10,57000";"15,85805";"72,51963"
"10,58000";"15,87292";"72,91697"
"10,59000";"15,88803";"73,31445"
"10,60000";"15,90315";"73,71230"
"10,61000";"15,91814";"74,13059"
"10,62000";"15,93301";"74,56862"
"10,63000";"15,94801";"75,00288"
"10,64000";"15,96288";"75,42805"
"10,65000";"15,97788";"75,86382"
"10,66000";"15,99287";"76,33254"
"10,67000";"16,00786";"76,82765"
"10,68000";"16,02286";"77,32232"
"10,69000";"16,03785";"77,82411"
"10,70000";"16,05296";"78,34332"
"10,71000";"16,06807";"78,87714"
"10,72000";"16,08306";"79,42443"
"10,73000";"16,09794";"79,96040"
"10,74000";"16,11293";"80,49117"
"10,75000";"16,12792";"81,01940"
"10,76000";"16,14304";"81,54958"
"10,77000";"16,15803";"82,07461"
"10,78000";"16,17314";"82,59527"
"10,79000";"16,18813";"83,11935"
"10,80000";"16,20312";"83,65318"
"10,81000";"16,21812";"84,20838"
"10,82000";"16,23299";"84,78088"
"10,83000";"16,24811";"85,38113"
"10,84000";"16,26310";"86,02674"
"10,85000";"16,27809";"86,70242"
"10,86000";"16,29296";"87,38123"
"10,87000";"16,30808";"88,05173"
"10,88000";"16,32307";"88,72526"
"10,89000";"16,33806";"89,40755"
"10,90000";"16,35306";"90,09311"
"10,91000";"16,36817";"90,80917"
"10,92000";"16,38316";"91,55078"
"10,93000";"16,39815";"92,30684"
"10,94000";"16,41303";"93,06512"
"10,95000";"16,42802";"93,81568"
"10,96000";"16,44289";"94,56448"
"10,97000";"16,45789";"95,32321"
"10,98000";"16,47288";"96,09895"
"10,99000";"16,48799";"96,91122"
"11,00000";"16,50311";"97,76003"
"11,01000";"16,51810";"98,62019"
"11,02000";"16,53309";"99,48013"
"11,03000";"16,54797";"100,35130"
"11,04000";"16,56296";"101,24731"
"11,05000";"16,57784";"102,15356"
"11,06000";"16,59283";"103,06427"
"11,07000";"16,60782";"104,01871"
"11,08000";"16,62293";"104,99988"
"11,09000";"16,63792";"105,98040"
"11,10000";"16,65303";"106,94275"
"11,11000";"16,66803";"107,89973"
"11,12000";"16,68302";"108,85345"
"11,13000";"16,69801";"109,79366"
"11,14000";"16,71313";"110,71733"
"11,15000";"16,72800";"111,67194"
"11,16000";"16,74299";"112,65458"
"11,17000";"16,75799";"113,63046"
"11,18000";"16,77286";"114,58034"
"11,19000";"16,78786";"115,51815"
"11,20000";"16,80285";"116,47901"
"11,21000";"16,81772";"117,46743"
"11,22000";"16,83283";"118,47050"
"11,23000";"16,84795";"119,47799"
"11,24000";"16,86294";"120,49420"
"11,25000";"16,87793";"121,51253"
"11,26000";"16,89293";"122,51465"
"11,27000";"16,90792";"123,49711"
"11,28000";"16,92291";"124,47910"
"11,29000";"16,93790";"125,45859"
"11,30000";"16,95301";"126,44476"
"11,31000";"16,96812";"127,45621"
"11,32000";"16,98312";"128,49944"
"11,33000";"16,99811";"129,55554"
"11,34000";"17,01311";"130,59578"
"11,35000";"17,02798";"131,60515"
"11,36000";"17,04285";"132,60732"
"11,37000";"17,05785";"133,61932"
"11,38000";"17,07284";"134,65381"
"11,39000";"17,08795";"135,74286"
"11,40000";"17,10295";"136,90398"
"11,41000";"17,11782";"138,09340"
"11,42000";"17,13281";"139,25174"
"11,43000";"17,14781";"140,37447"
"11,44000";"17,16280";"141,47182"
"11,45000";"17,17779";"142,55722"
"11,46000";"17,19290";"143,64439"
"11,47000";"17,20790";"144,75340"
"11,48000";"17,22289";"145,85599"
"11,49000";"17,23788";"146,95796"
"11,50000";"17,25288";"148,05444"
"11,51000";"17,26787";"149,18332"
"11,52000";"17,28274";"150,32674"
"11,53000";"17,29762";"151,46431"
"11,54000";"17,31261";"152,63029"
"11,55000";"17,32772";"153,87579"
"11,56000";"17,34283";"155,20987"
"11,57000";"17,35783";"156,62907"
"11,58000";"17,37282";"158,03624"
"11,59000";"17,38793";"159,40457"
"11,60000";"17,40293";"160,71938"
"11,61000";"17,41792";"161,99847"
"11,62000";"17,43303";"163,30353"
"11,63000";"17,44814";"164,71881"
"11,64000";"17,46313";"166,24461"
"11,65000";"17,47812";"167,85234"
"11,66000";"17,49312";"169,47269"
"11,67000";"17,50799";"171,04758"
"11,68000";"17,52287";"172,61043"
"11,69000";"17,53786";"174,20552"
"11,70000";"17,55274";"175,86807"
"11,71000";"17,56785";"177,54561"
"11,72000";"17,58284";"179,23830"
"11,73000";"17,59783";"180,95287"
"11,74000";"17,61271";"182,65387"
"11,75000";"17,62782";"184,31361"
"11,76000";"17,64270";"185,97339"
"11,77000";"17,65757";"187,62492"
"11,78000";"17,67245";"189,35139"
"11,79000";"17,68744";"191,17432"
"11,80000";"17,70243";"193,05060"
"11,81000";"17,71754";"194,94250"
"11,82000";"17,73253";"196,87749"
"11,83000";"17,74753";"198,82562"
"11,84000";"17,76264";"200,76442"
"11,85000";"17,77799";"202,75546"
"11,86000";"17,79310";"204,87405"
"11,87000";"17,80832";"207,06035"
"11,88000";"17,82332";"209,26959"
"11,89000";"17,83843";"211,43742"
"11,90000";"17,85331";"213,58551"
"11,91000";"17,86818";"215,75481"
"11,92000";"17,88317";"217,97636"
"11,93000";"17,89828";"220,28729"
"11,94000";"17,91316";"222,75427"
"11,95000";"17,92827";"225,35808"
"11,96000";"17,94314";"228,06677"
"11,97000";"17,95802";"230,83360"
"11,98000";"17,97301";"233,70239"
"11,99000";"17,98789";"236,73502"
"12,00000";"18,00288";"239,85016"
"12,01000";"18,01787";"242,99341"
"12,02000";"18,03287";"246,15031"
"12,03000";"18,04786";"249,35262"
"12,04000";"18,06274";"252,53757"
"12,05000";"18,07773";"255,68959"
"12,06000";"18,09249";"258,74857"
"12,07000";"18,10724";"261,67261"
"12,08000";"18,12235";"264,48749"
"12,09000";"18,13747";"267,26514"
"12,10000";"18,15269";"270,05795"
"12,11000";"18,16769";"272,90729"
"12,12000";"18,18268";"275,84998"
"12,13000";"18,19779";"278,97897"
"12,14000";"18,21290";"282,31052"
"12,15000";"18,22790";"285,80264"
"12,16000";"18,24301";"289,35971"
"12,17000";"18,25812";"292,97894"
"12,18000";"18,27311";"296,68668"
"12,19000";"18,28810";"300,44589"
"12,20000";"18,30310";"304,27161"
"12,21000";"18,31809";"308,18799"
"12,22000";"18,33297";"312,12286"
"12,23000";"18,34784";"316,06662"
"12,24000";"18,36283";"320,14716"
"12,25000";"18,37783";"324,48132"
"12,26000";"18,39282";"329,06058"
"12,27000";"18,40781";"333,79922"
"12,28000";"18,42281";"338,67151"
"12,29000";"18,43768";"343,56140"
"12,30000";"18,45256";"348,53427"
"12,31000";"18,46743";"353,64932"
"12,32000";"18,48254";"359,05649"
"12,33000";"18,49765";"364,93674"
"12,33200";"18,50072";"366,15948"
"12,33400";"18,50379";"367,39334"
"12,34400";"18,51678";"373,62903"
"12,35400";"18,52433";"378,23587"
"12,36000";"18,52622";"378,40805"
"12,37000";"18,52551";"372,01816"
"12,38000";"18,52067";"355,86874"
"12,39000";"18,50934";"327,12729"
"12,40000";"18,49246";"279,19858"
"12,41000";"18,47227";"210,48274"
"12,42000";"18,45067";"131,90607"
"12,43000";"18,42859";"59,09129"
"12,44000";"18,40722";"2,59264"
"12,45000";"18,38656";"-34,05932"
"12,46000";"18,36673";"-52,37785"
"12,47000";"18,34760";"-55,12225"
"12,48000";"18,32919";"-47,06359"
"12,49000";"18,31136";"-35,10990"
"12,50000";"18,29460";"-23,49772"
"12,51000";"18,27842";"-14,84323"
"12,52000";"18,26237";"-9,55227"
"12,53000";"18,24631";"-6,86456"
"12,54000";"18,23014";"-5,84160"
"12,55000";"18,21432";"-5,74735"
"12,56000";"18,19874";"-6,05978"
"12,57000";"18,18315";"-6,48757"
"12,58000";"18,16792";"-6,84988"
"12,59000";"18,15281";"-7,04967"
"12,60000";"18,13758";"-7,14385"
"12,61000";"18,12235";"-7,17948"
"12,62000";"18,10724";"-7,17489"
"12,63000";"18,09213";"-7,15516"
"12,64000";"18,07714";"-7,13350"
"12,65000";"18,06215";"-7,11689"
"12,66000";"18,04715";"-7,08280"
"12,67000";"18,03228";"-7,03290"
"12,68000";"18,01728";"-6,98961"
"12,69000";"18,00217";"-6,95434"
"12,70000";"17,98706";"-6,91214"
"12,71000";"17,97207";"-6,86270"
"12,72000";"17,95696";"-6,81333"
"12,73000";"17,94208";"-6,75206"
"12,74000";"17,92709";"-6,66774"
"12,75000";"17,91222";"-6,56645"
"12,76000";"17,89722";"-6,46668"
"12,77000";"17,88211";"-6,36088"
"12,78000";"17,86700";"-6,25613"
"12,79000";"17,85177";"-6,15759"
"12,80000";"17,83690";"-6,05717"
"12,81000";"17,82214";"-5,94917"
"12,82000";"17,80715";"-5,83928"
"12,83000";"17,79215";"-5,72259"
"12,84000";"17,77716";"-5,60341"
"12,85000";"17,76217";"-5,49355"
"12,86000";"17,74706";"-5,37482"
"12,87000";"17,73183";"-5,24861"
"12,88000";"17,71683";"-5,12387"
"12,89000";"17,70196";"-5,00579"
"12,90000";"17,68696";"-4,89187"
"12,91000";"17,67186";"-4,78171"
"12,92000";"17,65686";"-4,67618"
"12,93000";"17,64175";"-4,57080"
"12,94000";"17,62675";"-4,46872"
"12,95000";"17,61176";"-4,35399"
"12,96000";"17,59689";"-4,23779"
"12,97000";"17,58213";"-4,11178"
"12,98000";"17,56714";"-3,98931"
"12,99000";"17,55215";"-3,87218"
"13,00000";"17,53692";"-3,76438"
"13,01000";"17,52204";"-3,67249"
"13,02000";"17,50693";"-3,57831"
"13,03000";"17,49194";"-3,48129"
"13,04000";"17,47694";"-3,38523"
"13,05000";"17,46219";"-3,29134"
"13,06000";"17,44719";"-3,19715"
"13,07000";"17,43220";"-3,10999"
"13,08000";"17,41709";"-3,02606"
"13,09000";"17,40210";"-2,94422"
"13,10000";"17,38711";"-2,86381"
"13,11000";"17,37199";"-2,78494"
"13,12000";"17,35700";"-2,70015"
"13,13000";"17,34201";"-2,60632"
"13,14000";"17,32713";"-2,52321"
"13,15000";"17,31190";"-2,45062"
"13,16000";"17,29691";"-2,38938"
"13,17000";"17,28192";"-2,33094"
"13,18000";"17,26704";"-2,26823"
"13,19000";"17,25193";"-2,20803"
"13,20000";"17,23694";"-2,15368"
"13,21000";"17,22206";"-2,10333"
"13,22000";"17,20719";"-2,05686"
"13,23000";"17,19208";"-2,01136"
"13,24000";"17,17696";"-1,96508"
"13,25000";"17,16197";"-1,91718"
"13,26000";"17,14698";"-1,86411"
"13,27000";"17,13199";"-1,81146"
"13,28000";"17,11687";"-1,76867"
"13,29000";"17,10200";"-1,73729"
"13,30000";"17,08701";"-1,70732"
"13,31000";"17,07201";"-1,67298"
"13,32000";"17,05690";"-1,64646"
"13,33000";"17,04191";"-1,62379"
"13,34000";"17,02703";"-1,59527"
"13,35000";"17,01204";"-1,55891"
"13,36000";"16,99705";"-1,52440"
"13,37000";"16,98217";"-1,49256"
"13,38000";"16,96730";"-1,46394"
"13,39000";"16,95219";"-1,43492"
"13,40000";"16,93708";"-1,40192"
"13,41000";"16,92196";"-1,37853"
"13,42000";"16,90686";"-1,36226"
"13,43000";"16,89186";"-1,35245"
"13,44000";"16,87675";"-1,34395"
"13,45000";"16,86176";"-1,33246"
"13,46000";"16,84688";"-1,31884"
"13,47000";"16,83189";"-1,30239"
"13,48000";"16,81689";"-1,28156"
"13,49000";"16,80179";"-1,26837"
"13,50000";"16,78679";"-1,26250"
"13,51000";"16,77204";"-1,25919"
"13,52000";"16,75704";"-1,24783"
"13,53000";"16,74205";"-1,22396"
"13,54000";"16,72706";"-1,20474"
"13,55000";"16,71206";"-1,18722"
"13,56000";"16,69707";"-1,16499"
"13,57000";"16,68196";"-1,15037"
"13,58000";"16,66697";"-1,13300"
"13,59000";"16,65197";"-1,11385"
"13,60000";"16,63710";"-1,10410"
"13,61000";"16,62211";"-1,09276"
"13,62000";"16,60687";"-1,08280"
"13,63000";"16,59188";"-1,06925"
"13,64000";"16,57689";"-1,05480"
"13,65000";"16,56178";"-1,04003"
"13,66000";"16,54667";"-1,02104"
"13,67000";"16,53179";"-1,00132"
"13,68000";"16,51692";"-0,98018"
"13,69000";"16,50204";"-0,96780"
"13,70000";"16,48693";"-0,96367"
"13,71000";"16,47194";"-0,96571"
"13,72000";"16,45695";"-0,95382"
"13,73000";"16,44195";"-0,94634"
"13,74000";"16,42684";"-0,93679"
"13,75000";"16,41197";"-0,93575"
"13,76000";"16,39709";"-0,93079"
"13,77000";"16,38210";"-0,91753"
"13,78000";"16,36710";"-0,90653"
"13,79000";"16,35211";"-0,89349"
"13,80000";"16,33724";"-0,86603"
"13,81000";"16,32212";"-0,83481"
"13,82000";"16,30701";"-0,79687"
"13,83000";"16,29214";"-0,76153"
"13,84000";"16,27727";"-0,74320"
"13,85000";"16,26227";"-0,73598"
"13,86000";"16,24704";"-0,73968"
"13,87000";"16,23193";"-0,74325"
"13,88000";"16,21706";"-0,74386"
"13,89000";"16,20206";"-0,73476"
"13,90000";"16,18707";"-0,71568"
"13,91000";"16,17220";"-0,70256"
"13,92000";"16,15732";"-0,68007"
"13,93000";"16,14233";"-0,66585"
"13,94000";"16,12710";"-0,65147"
"13,95000";"16,11199";"-0,64415"
"13,96000";"16,09699";"-0,64573"
"13,97000";"16,08200";"-0,64528"
"13,98000";"16,06677";"-0,64032"
"13,99000";"16,05178";"-0,62993"
"14,00000";"16,03690";"-0,61710"
"14,01000";"16,02203";"-0,60394"
"14,02000";"16,00692";"-0,59109"
"14,03000";"15,99181";"-0,57933"
"14,04000";"15,97669";"-0,56174"
"14,05000";"15,96182";"-0,54717"
"14,06000";"15,94695";"-0,53524"
"14,07000";"15,93183";"-0,52859"
"14,08000";"15,91696";"-0,52655"
"14,09000";"15,90208";"-0,52174"
"14,10000";"15,88721";"-0,51853"
"14,11000";"15,87222";"-0,50988"
"14,12000";"15,85710";"-0,49963"
"14,13000";"15,84211";"-0,49324"
"14,14000";"15,82712";"-0,48573"
"14,15000";"15,81213";"-0,49276"
"14,16000";"15,79713";"-0,50257"
"14,17000";"15,78226";"-0,50927"
"14,18000";"15,76727";"-0,50824"
"14,19000";"15,75215";"-0,49913"
"14,20000";"15,73704";"-0,48784"
"14,21000";"15,72205";"-0,47231"
"14,22000";"15,70706";"-0,45960"
"14,23000";"15,69218";"-0,45424"
"14,24000";"15,67719";"-0,45986"
"14,25000";"15,66208";"-0,46645"
"14,26000";"15,64720";"-0,46780"
"14,27000";"15,63209";"-0,46862"
"14,28000";"15,61698";"-0,46886"
"14,29000";"15,60175";"-0,45953"
"14,30000";"15,58687";"-0,44350"
"14,31000";"15,57188";"-0,43003"
"14,32000";"15,55689";"-0,42267"
"14,33000";"15,54190";"-0,42821"
"14,34000";"15,52702";"-0,43210"
"14,35000";"15,51203";"-0,42619"
"14,36000";"15,49692";"-0,41825"
"14,37000";"15,48180";"-0,41655"
"14,38000";"15,46693";"-0,41831"
"14,39000";"15,45205";"-0,41570"
"14,40000";"15,43706";"-0,40729"
"14,41000";"15,42195";"-0,40114"
"14,42000";"15,40696";"-0,39891"
"14,43000";"15,39208";"-0,39501"
"14,44000";"15,37697";"-0,38921"
"14,45000";"15,36186";"-0,39071"
"14,46000";"15,34687";"-0,40185"
"14,47000";"15,33211";"-0,39907"
"14,48000";"15,31712";"-0,39198"
"14,49000";"15,30201";"-0,38085"
"14,50000";"15,28690";"-0,36921"
"14,51000";"15,27202";"-0,36267"
"14,52000";"15,25703";"-0,35230"
"14,53000";"15,24203";"-0,35010"
"14,54000";"15,22704";"-0,35310"
"14,55000";"15,21217";"-0,35385"
"14,56000";"15,19717";"-0,35810"
"14,57000";"15,18206";"-0,36250"
"14,58000";"15,16707";"-0,35392"
"14,59000";"15,15219";"-0,33761"
"14,60000";"15,13720";"-0,32458"
"14,61000";"15,12209";"-0,32538"
"14,62000";"15,10710";"-0,32445"
"14,63000";"15,09222";"-0,31973"
"14,64000";"15,07735";"-0,31919"
"14,65000";"15,06223";"-0,31836"
"14,66000";"15,04713";"-0,31997"
"14,67000";"15,03213";"-0,31940"
"14,68000";"15,01702";"-0,32171"
"14,69000";"15,00215";"-0,32108"
"14,70000";"14,98703";"-0,31536"
"14,71000";"14,97216";"-0,31092"
"14,72000";"14,95740";"-0,30346"
"14,73000";"14,94229";"-0,30096"
"14,74000";"14,92718";"-0,30373"
"14,75000";"14,91219";"-0,30384"
"14,76000";"14,89731";"-0,29907"
"14,77000";"14,88232";"-0,29731"
"14,78000";"14,86721";"-0,29768"
"14,79000";"14,85210";"-0,30365"
"14,80000";"14,83722";"-0,30305"
"14,81000";"14,82223";"-0,30782"
"14,82000";"14,80700";"-0,31097"
"14,83000";"14,79189";"-0,30832"
"14,84000";"14,77701";"-0,29334"
"14,85000";"14,76214";"-0,27792"
"14,86000";"14,74703";"-0,27488"
"14,87000";"14,73215";"-0,28104"
"14,88000";"14,71716";"-0,28491"
"14,89000";"14,70217";"-0,27999"
"14,90000";"14,68706";"-0,27708"
"14,91000";"14,67194";"-0,27802"
"14,92000";"14,65707";"-0,28296"
"14,93000";"14,64219";"-0,27582"
"14,94000";"14,62708";"-0,25955"
"14,95000";"14,61209";"-0,24711"
"14,96000";"14,59710";"-0,23815"
"14,97000";"14,58199";"-0,23259"
"14,98000";"14,56687";"-0,22277"
"14,99000";"14,55165";"-0,21121"
"15,00000";"14,53677";"-0,20405"
"15,01000";"14,52190";"-0,20117"
"15,02000";"14,50690";"-0,19486"
"15,03000";"14,49179";"-0,19044"
"15,04000";"14,47680";"-0,18602"
"15,05000";"14,46181";"-0,18476"
"15,06000";"14,44681";"-0,18473"
"15,07000";"14,43170";"-0,17798"
"15,08000";"14,41671";"-0,17191"
"15,09000";"14,40195";"-0,16599"
"15,10000";"14,38696";"-0,16539"
"15,11000";"14,37185";"-0,15848"
"15,12000";"14,35685";"-0,15571"
"15,13000";"14,34186";"-0,15255"
"15,14000";"14,32687";"-0,14590"
"15,15000";"14,31164";"-0,13989"
"15,16000";"14,29665";"-0,13378"
"15,17000";"14,28189";"-0,12587"
"15,18000";"14,26701";"-0,11715"
"15,19000";"14,25190";"-0,11291"
"15,20000";"14,23679";"-0,11217"
"15,21000";"14,22180";"-0,11833"
"15,22000";"14,20681";"-0,12315"
"15,23000";"14,19169";"-0,12902"
"15,24000";"14,17670";"-0,13431"
"15,25000";"14,16183";"-0,13850"
"15,26000";"14,14719";"-0,13884"
"15,27000";"14,13219";"-0,13712"
"15,28000";"14,11697";"-0,13525"
"15,29000";"14,10197";"-0,13358"
"15,30000";"14,08698";"-0,13483"
"15,31000";"14,07199";"-0,13246"
"15,32000";"14,05688";"-0,12799"
"15,33000";"14,04200";"-0,13307"
"15,34000";"14,02724";"-0,13118"
"15,35000";"14,01237";"-0,11947"
"15,36000";"13,99726";"-0,11021"
"15,37000";"13,98226";"-0,09607"
"15,38000";"13,96739";"-0,09856"
"15,39000";"13,95240";"-0,10087"
"15,40000";"13,93717";"-0,10940"
"15,41000";"13,92229";"-0,11083"
"15,42000";"13,90730";"-0,10715"
"15,43000";"13,89231";"-0,10726"
"15,44000";"13,87708";"-0,11283"
"15,45000";"13,86196";"-0,11812"
"15,46000";"13,84697";"-0,12089"
"15,47000";"13,83198";"-0,10945"
"15,48000";"13,81710";"-0,08907"
"15,49000";"13,80211";"-0,07106"
"15,50000";"13,78724";"-0,05991"
"15,51000";"13,77212";"-0,05806"
"15,52000";"13,75690";"-0,05210"
"15,53000";"13,74179";"-0,04948"
"15,54000";"13,72679";"-0,04938"
"15,55000";"13,71192";"-0,04748"
"15,56000";"13,69692";"-0,04982"
"15,57000";"13,68181";"-0,04789"
"15,58000";"13,66706";"-0,04593"
"15,59000";"13,65206";"-0,04474"
"15,60000";"13,63695";"-0,04050"
"15,61000";"13,62184";"-0,03139"
"15,62000";"13,60685";"-0,03374"
"15,63000";"13,59197";"-0,03565"
"15,64000";"13,57698";"-0,03773"
"15,65000";"13,56199";"-0,04232"
"15,66000";"13,54699";"-0,04258"
"15,67000";"13,53200";"-0,04456"
"15,68000";"13,51701";"-0,04515"
"15,69000";"13,50190";"-0,03981"
"15,70000";"13,48678";"-0,03942"
"15,71000";"13,47191";"-0,04155"
"15,72000";"13,45704";"-0,04374"
"15,73000";"13,44204";"-0,04308"
"15,74000";"13,42705";"-0,04611"
"15,75000";"13,41206";"-0,04926"
"15,76000";"13,39706";"-0,03795"
"15,77000";"13,38195";"-0,02390"
"15,78000";"13,36672";"-0,01931"
"15,79000";"13,35185";"-0,02199"
"15,80000";"13,33709";"-0,02107"
"15,81000";"13,32210";"-0,02114"
"15,82000";"13,30699";"-0,02775"
"15,83000";"13,29199";"-0,02959"
"15,84000";"13,27712";"-0,02858"
"15,85000";"13,26201";"-0,02803"
"15,86000";"13,24678";"-0,03005"
"15,87000";"13,23178";"-0,03137"
"15,88000";"13,21703";"-0,03050"
"15,89000";"13,20215";"-0,02676"
"15,90000";"13,18704";"-0,01606"
"15,91000";"13,17193";"-0,01088"
"15,92000";"13,15706";"-0,00985"
"15,93000";"13,14194";"-0,00904"
"15,94000";"13,12683";"-0,01667"
"15,95000";"13,11184";"-0,01938"
"15,96000";"13,09697";"-0,02396"
"15,97000";"13,08209";"-0,02557"
"15,98000";"13,06698";"-0,02343"
"15,99000";"13,05187";"-0,02936"
"16,00000";"13,03687";"-0,03260"
"16,01000";"13,02188";"-0,03193"
"16,02000";"13,00677";"-0,02113"
"16,03000";"12,99178";"-0,01204"
"16,04000";"12,97690";"-0,00386"
"16,05000";"12,96215";"0,00089"
"16,06000";"12,94703";"-0,00730"
"16,07000";"12,93192";"-0,01558"
"16,08000";"12,91693";"-0,02251"
"16,09000";"12,90205";"-0,02544"
"16,10000";"12,88706";"-0,02821"
"16,11000";"12,87195";"-0,02593"
"16,12000";"12,85719";"-0,02682"
"16,13000";"12,84220";"-0,02070"
"16,14000";"12,82709";"-0,02030"
"16,15000";"12,81198";"-0,02371"
"16,16000";"12,79699";"-0,03449"
"16,17000";"12,78199";"-0,03521"
"16,18000";"12,76688";"-0,01845"
"16,19000";"12,75189";"-0,01155"
"16,20000";"12,73701";"-0,00706"
"16,21000";"12,72214";"-0,00433"
"16,22000";"12,70715";"-0,00768"
"16,23000";"12,69192";"-0,00386"
"16,24000";"12,67681";"-0,00532"
"16,25000";"12,66181";"-0,00554"
"16,26000";"12,64682";"0,00096"
"16,27000";"12,63183";"-0,00007"
"16,28000";"12,61683";"0,00482"
"16,29000";"12,60184";"0,00566"
"16,30000";"12,58697";"0,01373"
"16,31000";"12,57185";"0,01019"
"16,32000";"12,55674";"0,00291"
"16,33000";"12,54175";"-0,01224"
"16,34000";"12,52688";"-0,01852"
"16,35000";"12,51188";"-0,01869"
"16,36000";"12,49689";"-0,01401"
"16,37000";"12,48190";"-0,00277"
"16,38000";"12,46690";"0,00721"
"16,39000";"12,45179";"0,01363"
"16,40000";"12,43680";"0,01556"
"16,41000";"12,42169";"0,01109"
"16,42000";"12,40693";"0,00675"
"16,43000";"12,39206";"0,00300"
"16,44000";"12,37718";"0,00031"
"16,45000";"12,36207";"0,00056"
"16,46000";"12,34708";"0,00400"
"16,47000";"12,33208";"0,00544"
"16,48000";"12,31697";"0,00091"
"16,49000";"12,30186";"-0,00756"
"16,50000";"12,28687";"-0,00708"
"16,51000";"12,27199";"-0,00751"
"16,52000";"12,25712";"-0,00698"
"16,53000";"12,24212";"-0,00176"
"16,54000";"12,22713";"0,00148"
"16,55000";"12,21202";"-0,00248"
"16,56000";"12,19703";"-0,00378"
"16,57000";"12,18180";"-0,00245"
"16,58000";"12,16681";"-0,00908"
"16,59000";"12,15193";"-0,00813"
"16,60000";"12,13706";"-0,00702"
"16,61000";"12,12206";"-0,00799"
"16,62000";"12,10695";"-0,00266"
"16,63000";"12,09208";"-0,00136"
"16,64000";"12,07708";"-0,00083"
"16,65000";"12,06209";"0,00167"
"16,66000";"12,04722";"0,00403"
"16,67000";"12,03234";"0,00840"
"16,68000";"12,01735";"0,00926"
"16,69000";"12,00224";"0,00730"
"16,70000";"11,98701";"0,00066"
"16,71000";"11,97190";"-0,00650"
"16,72000";"11,95690";"-0,00914"
"16,73000";"11,94191";"-0,00467"
"16,74000";"11,92692";"-0,00401"
"16,75000";"11,91204";"0,00458"
"16,76000";"11,89717";"0,01284"
"16,77000";"11,88206";"0,01608"
"16,78000";"11,86683";"0,01651"
"16,79000";"11,85183";"0,01572"
"16,80000";"11,83684";"0,02313"
"16,81000";"11,82185";"0,02966"
"16,82000";"11,80685";"0,02498"
"16,83000";"11,79186";"0,01805"
"16,84000";"11,77710";"0,02695"
"16,85000";"11,76211";"0,03362"
"16,86000";"11,74688";"0,03596"
"16,87000";"11,73189";"0,03979"
"16,88000";"11,71690";"0,04296"
"16,89000";"11,70202";"0,04967"
"16,90000";"11,68691";"0,05084"
"16,91000";"11,67192";"0,04570"
"16,92000";"11,65693";"0,04260"
"16,93000";"11,64193";"0,03823"
"16,94000";"11,62694";"0,03927"
"16,95000";"11,61195";"0,04054"
"16,96000";"11,59683";"0,04337"
"16,97000";"11,58196";"0,04828"
"16,98000";"11,56697";"0,04580"
"16,99000";"11,55197";"0,05302"
"17,00000";"11,53698";"0,05883"
"17,01000";"11,52199";"0,05485"
"17,02000";"11,50687";"0,05713"
"17,03000";"11,49188";"0,06018"
"17,04000";"11,47677";"0,06501"
"17,05000";"11,46190";"0,07051"
"17,06000";"11,44714";"0,07018"
"17,07000";"11,43215";"0,06787"
"17,08000";"11,41715";"0,06302"
"17,09000";"11,40216";"0,05062"
"17,10000";"11,38717";"0,03624"
"17,11000";"11,37206";"0,03641"
"17,12000";"11,35694";"0,05087"
"17,13000";"11,34195";"0,05864"
"17,14000";"11,32696";"0,05866"
"17,15000";"11,31196";"0,05893"
"17,16000";"11,29697";"0,06093"
"17,17000";"11,28198";"0,05521"
"17,18000";"11,26699";"0,05649"
"17,19000";"11,25199";"0,06064"
"17,20000";"11,23688";"0,06787"
"17,21000";"11,22201";"0,06758"
"17,22000";"11,20701";"0,05955"
"17,23000";"11,19202";"0,05320"
"17,24000";"11,17691";"0,04950"
"17,25000";"11,16192";"0,04964"
"17,26000";"11,14704";"0,05281"
"17,27000";"11,13205";"0,05402"
"17,28000";"11,11694";"0,04969"
"17,29000";"11,10194";"0,05022"
"17,30000";"11,08707";"0,04822"
"17,31000";"11,07219";"0,05030"
"17,32000";"11,05696";"0,04824"
"17,33000";"11,04185";"0,04328"
"17,34000";"11,02686";"0,04334"
"17,35000";"11,01187";"0,04468"
"17,36000";"10,99676";"0,05393"
"17,37000";"10,98188";"0,05811"
"17,38000";"10,96701";"0,06305"
"17,39000";"10,95213";"0,05710"
"17,40000";"10,93702";"0,04828"
"17,41000";"10,92191";"0,04164"
"17,42000";"10,90692";"0,04190"
"17,43000";"10,89192";"0,04896"
"17,44000";"10,87681";"0,04822"
"17,45000";"10,86182";"0,04403"
"17,46000";"10,84694";"0,03897"
"17,47000";"10,83207";"0,04143"
"17,48000";"10,81696";"0,05269"
"17,49000";"10,80173";"0,05283"
"17,50000";"10,78686";"0,05749"
"17,51000";"10,77198";"0,05801"
"17,52000";"10,75699";"0,06115"
"17,53000";"10,74199";"0,06964"
"17,54000";"10,72700";"0,06471"
"17,55000";"10,71213";"0,05470"
"17,56000";"10,69713";"0,04724"
"17,57000";"10,68214";"0,04627"
"17,58000";"10,66703";"0,04198"
"17,59000";"10,65215";"0,04170"
"17,60000";"10,63716";"0,04786"
"17,61000";"10,62217";"0,05219"
"17,62000";"10,60717";"0,05296"
"17,63000";"10,59230";"0,05043"
"17,64000";"10,57731";"0,04872"
"17,65000";"10,56219";"0,04041"
"17,66000";"10,54720";"0,03392"
"17,67000";"10,53209";"0,02630"
"17,68000";"10,51733";"0,02135"
"17,69000";"10,50246";"0,02487"
"17,70000";"10,48746";"0,03711"
"17,71000";"10,47247";"0,04145"
"17,72000";"10,45736";"0,04102"
"17,73000";"10,44237";"0,05084"
"17,74000";"10,42726";"0,05352"
"17,75000";"10,41215";"0,04642"
"17,76000";"10,39715";"0,03797"
"17,77000";"10,38216";"0,03867"
"17,78000";"10,36717";"0,04489"
"17,79000";"10,35217";"0,05699"
"17,80000";"10,33706";"0,06509"
"17,81000";"10,32207";"0,06637"
"17,82000";"10,30696";"0,05374"
"17,83000";"10,29197";"0,04924"
"17,84000";"10,27697";"0,05054"
"17,85000";"10,26198";"0,06180"
"17,86000";"10,24699";"0,05764"
"17,87000";"10,23187";"0,04685"
"17,88000";"10,21700";"0,03999"
"17,89000";"10,20213";"0,04308"
"17,90000";"10,18701";"0,04387"
"17,91000";"10,17190";"0,04708"
"17,92000";"10,15691";"0,04790"
"17,93000";"10,14192";"0,04770"
"17,94000";"10,12681";"0,04304"
"17,95000";"10,11169";"0,03563"
"17,96000";"10,09670";"0,03411"
"17,97000";"10,08171";"0,03245"
"17,98000";"10,06660";"0,03486"
"17,99000";"10,05160";"0,03643"
"18,00000";"10,03685";"0,03645"
"18,01000";"10,02197";"0,03426"
"18,02000";"10,00710";"0,03784"
"18,03000";"9,99187";"0,04154"
"18,04000";"9,97688";"0,03968"
"18,05000";"9,96200";"0,03752"
"18,06000";"9,94701";"0,03854"
"18,07000";"9,93190";"0,03915"
"18,08000";"9,91702";"0,03915"
"18,09000";"9,90215";"0,04584"
"18,10000";"9,88715";"0,05142"
"18,11000";"9,87204";"0,05141"
"18,12000";"9,85693";"0,04477"
"18,13000";"9,84194";"0,04046"
"18,14000";"9,82683";"0,04394"
"18,15000";"9,81183";"0,05665"
"18,16000";"9,79684";"0,05984"
"18,17000";"9,78197";"0,05798"
"18,18000";"9,76709";"0,05371"
"18,19000";"9,75198";"0,05008"
"18,20000";"9,73699";"0,03801"
"18,21000";"9,72211";"0,02636"
"18,22000";"9,70712";"0,02516"
"18,23000";"9,69213";"0,02637"
"18,24000";"9,67701";"0,03543"
"18,25000";"9,66214";"0,04270"
"18,26000";"9,64726";"0,04868"
"18,27000";"9,63215";"0,05352"
"18,28000";"9,61692";"0,05159"
"18,29000";"9,60205";"0,04408"
"18,30000";"9,58706";"0,04754"
"18,31000";"9,57206";"0,04505"
"18,32000";"9,55707";"0,04206"
"18,33000";"9,54220";"0,03233"
"18,34000";"9,52720";"0,03129"
"18,35000";"9,51221";"0,03345"
"18,36000";"9,49698";"0,03737"
"18,37000";"9,48199";"0,03296"
"18,38000";"9,46699";"0,02398"
"18,39000";"9,45212";"0,02461"
"18,40000";"9,43713";"0,03158"
"18,41000";"9,42213";"0,03659"
"18,42000";"9,40726";"0,03981"
"18,43000";"9,39215";"0,04733"
"18,44000";"9,37715";"0,05029"
"18,45000";"9,36192";"0,04932"
"18,46000";"9,34705";"0,04214"
"18,47000";"9,33206";"0,03629"
"18,48000";"9,31706";"0,03131"
"18,49000";"9,30207";"0,03180"
"18,50000";"9,28719";"0,03676"
"18,51000";"9,27220";"0,03521"
"18,52000";"9,25709";"0,03293"
"18,53000";"9,24198";"0,02717"
"18,54000";"9,22699";"0,02847"
"18,55000";"9,21211";"0,03810"
"18,56000";"9,19700";"0,04858"
"18,57000";"9,18189";"0,05006"
"18,58000";"9,16690";"0,04460"
"18,59000";"9,15190";"0,03001"
"18,60000";"9,13691";"0,02247"
"18,61000";"9,12180";"0,02457"
"18,62000";"9,10681";"0,02973"
"18,63000";"9,09205";"0,04208"
"18,64000";"9,07717";"0,04274"
"18,65000";"9,06206";"0,04371"
"18,66000";"9,04695";"0,04651"
"18,67000";"9,03196";"0,05034"
"18,68000";"9,01696";"0,04682"
"18,69000";"9,00185";"0,04040"
"18,70000";"8,98674";"0,04054"
"18,71000";"8,97187";"0,03297"
"18,72000";"8,95699";"0,01831"
"18,73000";"8,94200";"0,01750"
"18,74000";"8,92689";"0,02746"
"18,75000";"8,91190";"0,04049"
"18,76000";"8,89690";"0,04646"
"18,77000";"8,88191";"0,05168"
"18,78000";"8,86680";"0,05382"
"18,79000";"8,85192";"0,04761"
"18,80000";"8,83717";"0,04275"
"18,81000";"8,82217";"0,04102"
"18,82000";"8,80694";"0,04468"
"18,83000";"8,79195";"0,04843"
"18,84000";"8,77708";"0,04708"
"18,85000";"8,76208";"0,03020"
"18,86000";"8,74697";"0,02060"
"18,87000";"8,73210";"0,02548"
"18,88000";"8,71734";"0,02684"
"18,89000";"8,70235";"0,02173"
"18,90000";"8,68712";"0,02061"
"18,91000";"8,67201";"0,02617"
"18,92000";"8,65713";"0,03199"
"18,93000";"8,64214";"0,03412"
"18,94000";"8,62703";"0,04012"
"18,95000";"8,61215";"0,04362"
"18,96000";"8,59728";"0,04425"
"18,97000";"8,58228";"0,03938"
"18,98000";"8,56717";"0,03133"
"18,99000";"8,55218";"0,02306"
"19,00000";"8,53707";"0,02591"
"19,01000";"8,52208";"0,03376"
"19,02000";"8,50697";"0,04228"
"19,03000";"8,49185";"0,04495"
"19,04000";"8,47698";"0,04619"
"19,05000";"8,46199";"0,04558"
"19,06000";"8,44687";"0,04677"
"19,07000";"8,43176";"0,05384"
"19,08000";"8,41665";"0,05541"
"19,09000";"8,40166";"0,05589"
"19,10000";"8,38679";"0,05222"
"19,11000";"8,37167";"0,04952"
"19,12000";"8,35680";"0,03872"
"19,13000";"8,34192";"0,03061"
"19,14000";"8,32693";"0,02956"
"19,15000";"8,31182";"0,03312"
"19,16000";"8,29683";"0,04497"
"19,17000";"8,28183";"0,05134"
"19,18000";"8,26684";"0,05533"
"19,19000";"8,25185";"0,05948"
"19,20000";"8,23685";"0,05985"
"19,21000";"8,22186";"0,04785"
"19,22000";"8,20699";"0,03576"
"19,23000";"8,19188";"0,02880"
"19,24000";"8,17676";"0,02605"
"19,25000";"8,16189";"0,03258"
"19,26000";"8,14701";"0,03840"
"19,27000";"8,13202";"0,04093"
"19,28000";"8,11703";"0,04067"
"19,29000";"8,10204";"0,03979"
"19,30000";"8,08704";"0,04286"
"19,31000";"8,07193";"0,04155"
"19,32000";"8,05682";"0,04294"
"19,33000";"8,04183";"0,04593"
"19,34000";"8,02695";"0,05527"
"19,35000";"8,01208";"0,05207"
"19,36000";"7,99708";"0,04246"
"19,37000";"7,98197";"0,03876"
"19,38000";"7,96698";"0,03124"
"19,39000";"7,95199";"0,03194"
"19,40000";"7,93688";"0,03954"
"19,41000";"7,92200";"0,04188"
"19,42000";"7,90712";"0,03531"
"19,43000";"7,89225";"0,02951"
"19,44000";"7,87714";"0,03375"
"19,45000";"7,86203";"0,03473"
"19,46000";"7,84704";"0,03165"
"19,47000";"7,83204";"0,03054"
"19,48000";"7,81693";"0,03942"
"19,49000";"7,80182";"0,04307"
"19,50000";"7,78694";"0,04589"
"19,51000";"7,77207";"0,04615"
"19,52000";"7,75719";"0,04537"
"19,53000";"7,74208";"0,03910"
"19,54000";"7,72709";"0,02186"
"19,55000";"7,71210";"0,02125"
"19,56000";"7,69710";"0,03094"
"19,57000";"7,68199";"0,03741"
"19,58000";"7,66700";"0,04673"
"19,59000";"7,65212";"0,05159"
"19,60000";"7,63713";"0,06107"
"19,61000";"7,62202";"0,07095"
"19,62000";"7,60691";"0,06873"
"19,63000";"7,59192";"0,06177"
"19,64000";"7,57681";"0,05766"
"19,65000";"7,56169";"0,04737"
"19,66000";"7,54682";"0,04420"
"19,67000";"7,53194";"0,04260"
"19,68000";"7,51695";"0,05214"
"19,69000";"7,50184";"0,06034"
"19,70000";"7,48685";"0,06330"
"19,71000";"7,47185";"0,06317"
"19,72000";"7,45686";"0,05837"
"19,73000";"7,44187";"0,06041"
"19,74000";"7,42687";"0,05981"
"19,75000";"7,41200";"0,05530"
"19,76000";"7,39701";"0,05206"
"19,77000";"7,38190";"0,04948"
"19,78000";"7,36679";"0,04336"
"19,79000";"7,35179";"0,04857"
"19,80000";"7,33680";"0,04792"
"19,81000";"7,32181";"0,04876"
"19,82000";"7,30693";"0,05085"
"19,83000";"7,29194";"0,05424"
"19,84000";"7,27706";"0,06358"
"19,85000";"7,26195";"0,06550"
"19,86000";"7,24696";"0,05842"
"19,87000";"7,23185";"0,05195"
"19,88000";"7,21697";"0,04716"
"19,89000";"7,20198";"0,05268"
"19,90000";"7,18699";"0,05756"
"19,91000";"7,17199";"0,06105"
"19,92000";"7,15700";"0,06717"
"19,93000";"7,14201";"0,07350"
"19,94000";"7,12690";"0,07356"
"19,95000";"7,11190";"0,06612"
"19,96000";"7,09679";"0,05195"
"19,97000";"7,08192";"0,04968"
"19,98000";"7,06692";"0,04679"
"19,99000";"7,05193";"0,04562"
"20,00000";"7,03694";"0,04265"
"20,01000";"7,02194";"0,04918"
"20,02000";"7,00683";"0,05889"
"20,03000";"6,99184";"0,06347"
"20,04000";"6,97697";"0,06421"
"20,05000";"6,96209";"0,06377"
"20,06000";"6,94722";"0,06393"
"20,07000";"6,93222";"0,06230"
"20,08000";"6,91711";"0,05681"
"20,09000";"6,90224";"0,05947"
"20,10000";"6,88713";"0,06542"
"20,11000";"6,87201";"0,06692"
"20,12000";"6,85702";"0,06597"
"20,13000";"6,84203";"0,06312"
"20,14000";"6,82715";"0,05999"
"20,15000";"6,81204";"0,05789"
"20,16000";"6,79705";"0,05868"
"20,17000";"6,78194";"0,06025"
"20,18000";"6,76706";"0,06422"
"20,19000";"6,75195";"0,06584"
"20,20000";"6,73696";"0,06395"
"20,21000";"6,72208";"0,05865"
"20,22000";"6,70709";"0,06217"
"20,23000";"6,69210";"0,07352"
"20,24000";"6,67687";"0,07728"
"20,25000";"6,66199";"0,07869"
"20,26000";"6,64700";"0,07331"
"20,27000";"6,63189";"0,07720"
"20,28000";"6,61678";"0,08050"
"20,29000";"6,60178";"0,07844"
"20,30000";"6,58715";"0,07736"
"20,31000";"6,57215";"0,07486"
"20,32000";"6,55692";"0,06928"
"20,33000";"6,54193";"0,05932"
"20,34000";"6,52694";"0,05119"
"20,35000";"6,51183";"0,05347"
"20,36000";"6,49683";"0,05853"
"20,37000";"6,48184";"0,05996"
"20,38000";"6,46696";"0,06320"
"20,39000";"6,45209";"0,06310"
"20,40000";"6,43710";"0,06219"
"20,41000";"6,42210";"0,06249"
"20,42000";"6,40711";"0,05765"
"20,43000";"6,39224";"0,06129"
"20,44000";"6,37712";"0,06672"
"20,45000";"6,36213";"0,06011"
"20,46000";"6,34726";"0,05733"
"20,47000";"6,33226";"0,06105"
"20,48000";"6,31727";"0,05999"
"20,49000";"6,30216";"0,05902"
"20,50000";"6,28693";"0,06190"
"20,51000";"6,27194";"0,06247"
"20,52000";"6,25694";"0,07419"
"20,53000";"6,24195";"0,08408"
"20,54000";"6,22696";"0,07826"
"20,55000";"6,21197";"0,07176"
"20,56000";"6,19685";"0,06762"
"20,57000";"6,18174";"0,06498"
"20,58000";"6,16675";"0,05986"
"20,59000";"6,15164";"0,06051"
"20,60000";"6,13676";"0,06212"
"20,61000";"6,12189";"0,06033"
"20,62000";"6,10690";"0,06003"
"20,63000";"6,09190";"0,06672"
"20,64000";"6,07703";"0,07221"
"20,65000";"6,06192";"0,06943"
"20,66000";"6,04681";"0,06090"
"20,67000";"6,03181";"0,05806"
"20,68000";"6,01706";"0,05879"
"20,69000";"6,00206";"0,05941"
"20,70000";"5,98695";"0,06186"
"20,71000";"5,97196";"0,05900"
"20,72000";"5,95708";"0,06342"
"20,73000";"5,94197";"0,06167"
"20,74000";"5,92686";"0,06097"
"20,75000";"5,91199";"0,06248"
"20,76000";"5,89723";"0,05970"
"20,77000";"5,88224";"0,06284"
"20,78000";"5,86713";"0,06658"
"20,79000";"5,85201";"0,07087"
"20,80000";"5,83702";"0,07205"
"20,81000";"5,82203";"0,06960"
"20,82000";"5,80692";"0,06909"
"20,83000";"5,79204";"0,05726"
"20,84000";"5,77729";"0,05436"
"20,85000";"5,76241";"0,05695"
"20,86000";"5,74718";"0,06233"
"20,87000";"5,73207";"0,05912"
"20,88000";"5,71708";"0,05785"
"20,89000";"5,70220";"0,06199"
"20,90000";"5,68697";"0,06391"
"20,91000";"5,67186";"0,06399"
"20,92000";"5,65687";"0,06170"
"20,93000";"5,64211";"0,06295"
"20,94000";"5,62688";"0,06232"
"20,95000";"5,61177";"0,05907"
"20,96000";"5,59678";"0,05593"
"20,97000";"5,58190";"0,05393"
"20,98000";"5,56691";"0,05395"
"20,99000";"5,55192";"0,05343"
"21,00000";"5,53704";"0,06170"
"21,01000";"5,52217";"0,07085"
"21,02000";"5,50717";"0,07935"
"21,03000";"5,49206";"0,08153"
"21,04000";"5,47695";"0,07256"
"21,05000";"5,46196";"0,06629"
"21,06000";"5,44697";"0,05969"
"21,07000";"5,43185";"0,05458"
"21,08000";"5,41698";"0,05648"
"21,09000";"5,40210";"0,05929"
"21,10000";"5,38711";"0,05862"
"21,11000";"5,37200";"0,05419"
"21,12000";"5,35701";"0,04726"
"21,13000";"5,34201";"0,04232"
"21,14000";"5,32714";"0,04079"
"21,15000";"5,31215";"0,04376"
"21,16000";"5,29715";"0,04873"
"21,17000";"5,28216";"0,05316"
"21,18000";"5,26717";"0,05172"
"21,19000";"5,25206";"0,04996"
"21,20000";"5,23694";"0,04869"
"21,21000";"5,22195";"0,04852"
"21,22000";"5,20708";"0,05164"
"21,23000";"5,19208";"0,05361"
"21,24000";"5,17709";"0,05374"
"21,25000";"5,16221";"0,05460"
"21,26000";"5,14722";"0,05446"
"21,27000";"5,13223";"0,05369"
"21,28000";"5,11700";"0,05299"
"21,29000";"5,10201";"0,04719"
"21,30000";"5,08701";"0,04260"
"21,31000";"5,07202";"0,03550"
"21,32000";"5,05715";"0,03576"
"21,33000";"5,04215";"0,03785"
"21,34000";"5,02716";"0,03338"
"21,35000";"5,01217";"0,03532"
"21,36000";"4,99706";"0,03811"
"21,37000";"4,98183";"0,04079"
"21,38000";"4,96683";"0,04428"
"21,39000";"4,95196";"0,04907"
"21,40000";"4,93685";"0,05947"
"21,41000";"4,92185";"0,06256"
"21,42000";"4,90686";"0,06071"
"21,43000";"4,89187";"0,06000"
"21,44000";"4,87676";"0,06033"
"21,45000";"4,86165";"0,06208"
"21,46000";"4,84677";"0,06239"
"21,47000";"4,83201";"0,05143"
"21,48000";"4,81714";"0,05434"
"21,49000";"4,80203";"0,05180"
"21,50000";"4,78703";"0,05069"
"21,51000";"4,77216";"0,05183"
"21,52000";"4,75717";"0,05490"
"21,53000";"4,74194";"0,05753"
"21,54000";"4,72694";"0,06447"
"21,55000";"4,71219";"0,05888"
"21,56000";"4,69731";"0,05198"
"21,57000";"4,68220";"0,05386"
"21,58000";"4,66709";"0,05995"
"21,59000";"4,65222";"0,05723"
"21,60000";"4,63710";"0,05864"
"21,61000";"4,62199";"0,05859"
"21,62000";"4,60688";"0,06345"
"21,63000";"4,59201";"0,05619"
"21,64000";"4,57701";"0,05278"
"21,65000";"4,56202";"0,05095"
"21,66000";"4,54703";"0,04997"
"21,67000";"4,53215";"0,04304"
"21,68000";"4,51728";"0,03507"
"21,69000";"4,50228";"0,03763"
"21,70000";"4,48717";"0,04379"
"21,71000";"4,47230";"0,04511"
"21,72000";"4,45742";"0,05379"
"21,73000";"4,44231";"0,05751"
"21,74000";"4,42720";"0,05669"
"21,75000";"4,41209";"0,05085"
"21,76000";"4,39722";"0,04629"
"21,77000";"4,38210";"0,05477"
"21,78000";"4,36699";"0,06548"
"21,79000";"4,35200";"0,06628"
"21,80000";"4,33712";"0,05789"
"21,81000";"4,32213";"0,05354"
"21,82000";"4,30702";"0,05913"
"21,83000";"4,29203";"0,06401"
"21,84000";"4,27715";"0,07025"
"21,85000";"4,26216";"0,07183"
"21,86000";"4,24717";"0,06931"
"21,87000";"4,23217";"0,06706"
"21,88000";"4,21730";"0,06302"
"21,89000";"4,20242";"0,06298"
"21,90000";"4,18719";"0,06593"
"21,91000";"4,17208";"0,06491"
"21,92000";"4,15709";"0,06189"
"21,93000";"4,14222";"0,05842"
"21,94000";"4,12710";"0,05490"
"21,95000";"4,11211";"0,05192"
"21,96000";"4,09712";"0,06147"
"21,97000";"4,08213";"0,06527"
"21,98000";"4,06713";"0,06416"
"21,99000";"4,05190";"0,06335"
"22,00000";"4,03691";"0,05887"
"22,01000";"4,02215";"0,05294"
"22,02000";"4,00704";"0,04815"
"22,03000";"3,99193";"0,04478"
"22,04000";"3,97694";"0,04073"
"22,05000";"3,96194";"0,04135"
"22,06000";"3,94683";"0,04036"
"22,07000";"3,93172";"0,04144"
"22,08000";"3,91661";"0,04411"
"22,09000";"3,90185";"0,04780"
"22,10000";"3,88698";"0,05472"
"22,11000";"3,87187";"0,05135"
"22,12000";"3,85664";"0,04674"
"22,13000";"3,84165";"0,04251"
"22,14000";"3,82665";"0,04364"
"22,15000";"3,81166";"0,05117"
"22,16000";"3,79655";"0,05649"
"22,17000";"3,78167";"0,05407"
"22,18000";"3,76692";"0,05681"
"22,19000";"3,75181";"0,05961"
"22,20000";"3,73681";"0,06148"
"22,21000";"3,72170";"0,06118"
"22,22000";"3,70683";"0,06094"
"22,23000";"3,69172";"0,06037"
"22,24000";"3,67660";"0,05819"
"22,25000";"3,66173";"0,05904"
"22,26000";"3,64697";"0,06029"
"22,27000";"3,63198";"0,06610"
"22,28000";"3,61687";"0,07151"
"22,29000";"3,60187";"0,07381"
"22,30000";"3,58712";"0,06621"
"22,31000";"3,57201";"0,05402"
"22,32000";"3,55701";"0,05252"
"22,33000";"3,54202";"0,05012"
"22,34000";"3,52726";"0,04995"
"22,35000";"3,51227";"0,05521"
"22,36000";"3,49716";"0,05135"
"22,37000";"3,48205";"0,04852"
"22,38000";"3,46706";"0,05387"
"22,39000";"3,45206";"0,05469"
"22,40000";"3,43707";"0,05081"
"22,41000";"3,42219";"0,04662"
"22,42000";"3,40744";"0,04508"
"22,43000";"3,39244";"0,04790"
"22,44000";"3,37722";"0,05425"
"22,45000";"3,36210";"0,04924"
"22,46000";"3,34711";"0,04397"
"22,47000";"3,33200";"0,04062"
"22,48000";"3,31677";"0,03910"
"22,49000";"3,30178";"0,04165"
"22,50000";"3,28690";"0,04631"
"22,51000";"3,27215";"0,05320"
"22,52000";"3,25703";"0,06166"
"22,53000";"3,24192";"0,06471"
"22,54000";"3,22693";"0,06221"
"22,55000";"3,21194";"0,06306"
"22,56000";"3,19694";"0,06786"
"22,57000";"3,18195";"0,06343"
"22,58000";"3,16708";"0,05617"
"22,59000";"3,15208";"0,05291"
"22,60000";"3,13697";"0,05118"
"22,61000";"3,12186";"0,05391"
"22,62000";"3,10687";"0,05293"
"22,63000";"3,09199";"0,05055"
"22,64000";"3,07700";"0,05856"
"22,65000";"3,06201";"0,06457"
"22,66000";"3,04701";"0,06673"
"22,67000";"3,03214";"0,06758"
"22,68000";"3,01703";"0,06365"
"22,69000";"3,00180";"0,05626"
"22,70000";"2,98669";"0,05022"
"22,71000";"2,97181";"0,04348"
"22,72000";"2,95694";"0,04603"
"22,73000";"2,94206";"0,05154"
"22,74000";"2,92707";"0,05613"
"22,75000";"2,91208";"0,05818"
"22,76000";"2,89708";"0,06390"
"22,77000";"2,88197";"0,06814"
"22,78000";"2,86686";"0,06506"
"22,79000";"2,85187";"0,06084"
"22,80000";"2,83699";"0,05673"
"22,81000";"2,82200";"0,05347"
"22,82000";"2,80701";"0,05429"
"22,83000";"2,79201";"0,05184"
"22,84000";"2,77702";"0,05016"
"22,85000";"2,76191";"0,05475"
"22,86000";"2,74680";"0,05348"
"22,87000";"2,73169";"0,04527"
"22,88000";"2,71693";"0,04315"
"22,89000";"2,70206";"0,03695"
"22,90000";"2,68694";"0,03388"
"22,91000";"2,67195";"0,03177"
"22,92000";"2,65696";"0,03972"
"22,93000";"2,64197";"0,04724"
"22,94000";"2,62685";"0,04927"
"22,95000";"2,61174";"0,04240"
"22,96000";"2,59687";"0,03679"
"22,97000";"2,58211";"0,04044"
"22,98000";"2,56700";"0,04626"
"22,99000";"2,55189";"0,04604"
"23,00000";"2,53690";"0,04767"
"23,01000";"2,52190";"0,05761"
"23,02000";"2,50679";"0,06558"
"23,03000";"2,49180";"0,05626"
"23,04000";"2,47704";"0,04673"
"23,05000";"2,46217";"0,05073"
"23,06000";"2,44717";"0,05297"
"23,07000";"2,43194";"0,05234"
"23,08000";"2,41683";"0,04804"
"23,09000";"2,40184";"0,05261"
"23,10000";"2,38673";"0,05365"
"23,11000";"2,37162";"0,05581"
"23,12000";"2,35674";"0,06031"
"23,13000";"2,34199";"0,05924"
"23,14000";"2,32711";"0,05339"
"23,15000";"2,31200";"0,04581"
"23,16000";"2,29701";"0,04513"
"23,17000";"2,28213";"0,04504"
"23,18000";"2,26714";"0,04963"
"23,19000";"2,25215";"0,05450"
"23,20000";"2,23715";"0,05015"
"23,21000";"2,22216";"0,05039"
"23,22000";"2,20717";"0,05679"
"23,23000";"2,19206";"0,05898"
"23,24000";"2,17706";"0,05815"
"23,25000";"2,16195";"0,05323"
"23,26000";"2,14696";"0,05029"
"23,27000";"2,13197";"0,04770"
"23,28000";"2,11697";"0,04495"
"23,29000";"2,10198";"0,04755"
"23,30000";"2,08699";"0,04848"
"23,31000";"2,07188";"0,04840"
"23,32000";"2,05676";"0,05158"
"23,33000";"2,04177";"0,05830"
"23,34000";"2,02678";"0,06522"
"23,35000";"2,01178";"0,06569"
"23,36000";"1,99691";"0,07199"
"23,37000";"1,98203";"0,07173"
"23,38000";"1,96716";"0,06175"
"23,39000";"1,95205";"0,05490"
"23,40000";"1,93706";"0,04993"
"23,41000";"1,92194";"0,04777"
"23,42000";"1,90695";"0,04474"
"23,43000";"1,89196";"0,04682"
"23,44000";"1,87708";"0,04849"
"23,45000";"1,86209";"0,04802"
"23,46000";"1,84710";"0,04798"
"23,47000";"1,83199";"0,05160"
"23,48000";"1,81699";"0,05584"
"23,49000";"1,80188";"0,06129"
"23,50000";"1,78689";"0,06449"
"23,51000";"1,77201";"0,06376"
"23,52000";"1,75702";"0,05805"
"23,53000";"1,74203";"0,04925"
"23,54000";"1,72703";"0,03996"
"23,55000";"1,71204";"0,03651"
"23,56000";"1,69705";"0,03250"
"23,57000";"1,68194";"0,03246"
"23,58000";"1,66694";"0,03327"
"23,59000";"1,65207";"0,04397"
"23,60000";"1,63708";"0,05608"
"23,61000";"1,62208";"0,05413"
"23,62000";"1,60697";"0,04961"
"23,63000";"1,59198";"0,03877"
"23,64000";"1,57699";"0,03312"
"23,65000";"1,56187";"0,03711"
"23,66000";"1,54688";"0,03831"
"23,67000";"1,53201";"0,03570"
"23,68000";"1,51701";"0,02994"
"23,69000";"1,50202";"0,03512"
"23,70000";"1,48691";"0,03542"
"23,71000";"1,47192";"0,03596"
"23,72000";"1,45692";"0,03687"
"23,73000";"1,44181";"0,03463"
"23,74000";"1,42682";"0,03264"
"23,75000";"1,41194";"0,03111"
"23,76000";"1,39707";"0,03095"
"23,77000";"1,38208";"0,02576"
"23,78000";"1,36697";"0,02465"
"23,79000";"1,35185";"0,02741"
"23,80000";"1,33686";"0,03302"
"23,81000";"1,32187";"0,04275"
"23,82000";"1,30687";"0,05239"
"23,83000";"1,29188";"0,05663"
"23,84000";"1,27713";"0,05273"
"23,85000";"1,26213";"0,04710"
"23,86000";"1,24702";"0,03805"
"23,87000";"1,23203";"0,02898"
"23,88000";"1,21715";"0,03013"
"23,89000";"1,20216";"0,03403"
"23,90000";"1,18705";"0,03937"
"23,91000";"1,17206";"0,04017"
"23,92000";"1,15706";"0,04085"
"23,93000";"1,14207";"0,04296"
"23,94000";"1,12696";"0,04003"
"23,95000";"1,11185";"0,04162"
"23,96000";"1,09685";"0,04094"
"23,97000";"1,08198";"0,04374"
"23,98000";"1,06710";"0,05108"
"23,99000";"1,05211";"0,05947"
"24,00000";"1,03712";"0,05590"
"24,01000";"1,02201";"0,05694"
"24,02000";"1,00690";"0,05477"
"24,03000";"0,99190";"0,04759"
"24,04000";"0,97679";"0,04500"
"24,05000";"0,96192";"0,04155"
"24,06000";"0,94692";"0,03676"
"24,07000";"0,93193";"0,02817"
"24,08000";"0,91706";"0,02360"
"24,09000";"0,90206";"0,03203"
"24,10000";"0,88707";"0,04344"
"24,11000";"0,87196";"0,05086"
"24,12000";"0,85697";"0,04602"
"24,13000";"0,84197";"0,04251"
"24,14000";"0,82698";"0,04752"
"24,15000";"0,81199";"0,04922"
"24,16000";"0,79699";"0,04521"
"24,17000";"0,78212";"0,03453"
"24,18000";"0,76724";"0,02582"
"24,19000";"0,75225";"0,02556"
"24,20000";"0,73714";"0,02881"
"24,21000";"0,72215";"0,03332"
"24,22000";"0,70715";"0,03765"
"24,23000";"0,69216";"0,02749"
"24,24000";"0,67705";"0,01939"
"24,25000";"0,66206";"0,01361"
"24,26000";"0,64706";"0,01500"
"24,27000";"0,63207";"0,02567"
"24,28000";"0,61696";"0,03511"
"24,29000";"0,60197";"0,03606"
"24,30000";"0,58709";"0,03845"
"24,31000";"0,57210";"0,03922"
"24,32000";"0,55687";"0,03990"
"24,33000";"0,54176";"0,03767"
"24,34000";"0,52676";"0,04098"
"24,35000";"0,51189";"0,04438"
"24,36000";"0,49678";"0,04450"
"24,37000";"0,48167";"0,04790"
"24,38000";"0,46691";"0,04774"
"24,39000";"0,45203";"0,03613"
"24,40000";"0,43704";"0,02659"
"24,41000";"0,42193";"0,02228"
"24,42000";"0,40694";"0,02072"
"24,43000";"0,39194";"0,02096"
"24,44000";"0,37683";"0,02975"
"24,45000";"0,36184";"0,04420"
"24,46000";"0,34685";"0,05721"
"24,47000";"0,33209";"0,06380"
"24,48000";"0,31710";"0,05755"
"24,49000";"0,30199";"0,04457"
"24,50000";"0,28699";"0,03222"
"24,51000";"0,27212";"0,02645"
"24,52000";"0,25701";"0,03066"
"24,53000";"0,24201";"0,03969"
"24,54000";"0,22702";"0,03701"
"24,55000";"0,21215";"0,02312"
"24,56000";"0,19715";"0,01710"
"24,57000";"0,18192";"0,02068"
"24,58000";"0,16681";"0,02752"
"24,59000";"0,15194";"0,03151"
"24,60000";"0,13694";"0,03443"
"24,61000";"0,12195";"0,03415"
"24,62000";"0,10708";"0,04075"
"24,63000";"0,09220";"0,04995"
"24,64000";"0,07721";"0,05221"
"24,65000";"0,06222";"0,04939"
"24,66000";"0,04710";"0,04365"
"24,67000";"0,03211";"0,03756"
"24,68000";"0,01724";"0,03392"
"24,69000";"0,00224";"0,02812"
"24,69200";"-0,00071";"0,02752"
"24,69400";"-0,00378";"0,02693"
"24,70400";"-0,01665";"0,02494"
"24,71400";"-0,02385";"0,04650"
"24,71800";"-0,02526";"0,05660"
"24,72800";"-0,02479";"0,07679"
"24,73800";"-0,01983";"0,09117"
"24,74800";"-0,00850";"0,09601"
"24,75800";"0,00838";"0,09780"
"24,76800";"0,02857";"0,09047"
"24,77800";"0,05017";"0,07283"
"24,78800";"0,07201";"0,06030"
"24,79800";"0,09338";"0,05410"
"24,80800";"0,11404";"0,04991"
"24,81800";"0,13387";"0,04622"
"24,82800";"0,15276";"0,03932"
"24,83800";"0,17071";"0,02922"
"24,84800";"0,18830";"0,02639"
"24,85800";"0,20542";"0,03082"
"24,86800";"0,22206";"0,03647"
"24,87800";"0,23824";"0,05022"
"24,88800";"0,25417";"0,06329"
"24,89800";"0,26999";"0,06717"
"24,90800";"0,28558";"0,06123"
"24,91800";"0,30104";"0,05918"
"24,92800";"0,31651";"0,05783"
"24,93800";"0,33185";"0,05820"
"24,94800";"0,34708";"0,06516"
"24,95800";"0,36219";"0,07283"
"24,96800";"0,37731";"0,07664"
"24,97800";"0,39242";"0,06542"
"24,98800";"0,40741";"0,06047"
"24,99800";"0,42252";"0,05565"
"25,00800";"0,43775";"0,05364"
"25,01800";"0,45286";"0,04685"
"25,02800";"0,46797";"0,04064"
"25,03800";"0,48297";"0,04131"
"25,04800";"0,49796";"0,04595"
"25,05800";"0,51283";"0,05215"
"25,06800";"0,52771";"0,05799"
"25,07800";"0,54282";"0,06168"
"25,08800";"0,55793";"0,05964"
"25,09800";"0,57292";"0,05960"
"25,10800";"0,58792";"0,06415"
"25,11800";"0,60291";"0,06984"
"25,12800";"0,61790";"0,06865"
"25,13800";"0,63290";"0,06534"
"25,14800";"0,64789";"0,06902"
"25,15800";"0,66300";"0,07622"
"25,16800";"0,67799";"0,07876"
"25,17800";"0,69299";"0,07889"
"25,18800";"0,70786";"0,07477"
"25,19800";"0,72285";"0,06958"
"25,20800";"0,73797";"0,06718"
"25,21800";"0,75284";"0,06935"
"25,22800";"0,76795";"0,07646"
"25,23800";"0,78294";"0,07898"
"25,24800";"0,79806";"0,08201"
"25,25800";"0,81305";"0,08231"
"25,26800";"0,82804";"0,08514"
"25,27800";"0,84292";"0,08430"
"25,28800";"0,85791";"0,08054"
"25,29800";"0,87290";"0,07402"
"25,30800";"0,88778";"0,06931"
"25,31800";"0,90289";"0,06830"
"25,32800";"0,91800";"0,07051"
"25,33800";"0,93311";"0,07052"
"25,34800";"0,94810";"0,07900"
"25,35800";"0,96310";"0,08197"
"25,36800";"0,97797";"0,07391"
"25,37800";"0,99297";"0,06953"
"25,38800";"1,00796";"0,06895"
"25,39800";"1,02307";"0,06956"
"25,40800";"1,03818";"0,06368"
"25,41800";"1,05317";"0,05966"
"25,42800";"1,06805";"0,05911"
"25,43800";"1,08316";"0,06223"
"25,44800";"1,09803";"0,06818"
"25,45800";"1,11303";"0,07585"
"25,46800";"1,12802";"0,08111"
"25,47800";"1,14313";"0,07968"
"25,48800";"1,15801";"0,06297"
"25,49800";"1,17300";"0,05655"
"25,50800";"1,18799";"0,05963"
"25,51800";"1,20299";"0,06050"
"25,52800";"1,21786";"0,06422"
"25,53800";"1,23285";"0,07095"
"25,54800";"1,24797";"0,07221"
"25,55800";"1,26296";"0,07559"
"25,56800";"1,27807";"0,07125"
"25,57800";"1,29306";"0,07074"
"25,58800";"1,30794";"0,07178"
"25,59800";"1,32293";"0,07743"
"25,60800";"1,33792";"0,08727"
"25,61800";"1,35292";"0,09302"
"25,62800";"1,36791";"0,08636"
"25,63800";"1,38302";"0,07707"
"25,64800";"1,39801";"0,07595"
"25,65800";"1,41313";"0,07437"
"25,66800";"1,42812";"0,07805"
"25,67800";"1,44311";"0,08269"
"25,68800";"1,45810";"0,08433"
"25,69800";"1,47298";"0,08279"
"25,70800";"1,48797";"0,07610"
"25,71800";"1,50308";"0,07046"
"25,72800";"1,51808";"0,07073"
"25,73800";"1,53307";"0,07146"
"25,74800";"1,54806";"0,07431"
"25,75800";"1,56306";"0,07051"
"25,76800";"1,57793";"0,07192"
"25,77800";"1,59292";"0,07721"
"25,78800";"1,60803";"0,07695"
"25,79800";"1,62315";"0,07622"
"25,80800";"1,63814";"0,07694"
"25,81800";"1,65301";"0,08009"
"25,82800";"1,66801";"0,08560"
"25,83800";"1,68300";"0,08303"
"25,84800";"1,69799";"0,07825"
"25,85800";"1,71299";"0,07723"
"25,86800";"1,72810";"0,07423"
"25,87800";"1,74309";"0,07765"
"25,88800";"1,75808";"0,08422"
"25,89800";"1,77308";"0,09106"
"25,90800";"1,78807";"0,09793"
"25,91800";"1,80294";"0,09672"
"25,92800";"1,81794";"0,09117"
"25,93800";"1,83293";"0,08245"
"25,94800";"1,84792";"0,07587"
"25,95800";"1,86303";"0,07558"
"25,96800";"1,87803";"0,07531"
"25,97800";"1,89302";"0,07864"
"25,98800";"1,90801";"0,08302"
"25,99800";"1,92313";"0,08363"
"26,00800";"1,93800";"0,07530"
"26,01800";"1,95299";"0,07021"
"26,02800";"1,96799";"0,06559"
"26,03800";"1,98310";"0,06196"
"26,04800";"1,99809";"0,06864"
"26,05800";"2,01297";"0,07393"
"26,06800";"2,02796";"0,07891"
"26,07800";"2,04283";"0,08097"
"26,08800";"2,05771";"0,08309"
"26,09800";"2,07270";"0,09070"
"26,10800";"2,08769";"0,09449"
"26,11800";"2,10269";"0,09469"
"26,12800";"2,11768";"0,09764"
"26,13800";"2,13279";"0,10036"
"26,14800";"2,14778";"0,09629"
"26,15800";"2,16290";"0,09713"
"26,16800";"2,17801";"0,09407"
"26,17800";"2,19312";"0,08900"
"26,18800";"2,20823";"0,08467"
"26,19800";"2,22322";"0,09232"
"26,20800";"2,23822";"0,09476"
"26,21800";"2,25321";"0,09765"
"26,22800";"2,26832";"0,10404"
"26,23800";"2,28319";"0,10251"
"26,24800";"2,29819";"0,10285"
"26,25800";"2,31318";"0,09627"
"26,26800";"2,32817";"0,10033"
"26,27800";"2,34317";"0,10016"
"26,28800";"2,35816";"0,09175"
"26,29800";"2,37315";"0,08043"
"26,30800";"2,38815";"0,07656"
"26,31800";"2,40302";"0,08397"
"26,32800";"2,41790";"0,09413"
"26,33800";"2,43289";"0,10045"
"26,34800";"2,44788";"0,10255"
"26,35800";"2,46288";"0,10022"
"26,36800";"2,47787";"0,09708"
"26,37800";"2,49286";"0,08858"
"26,38800";"2,50762";"0,08640"
"26,39800";"2,52237";"0,08836"
"26,40800";"2,53725";"0,09414"
"26,41800";"2,55213";"0,09510"
"26,42800";"2,56712";"0,09323"
"26,43800";"2,58235";"0,09617"
"26,44800";"2,59734";"0,08800"
"26,45800";"2,61257";"0,08247"
"26,46800";"2,62768";"0,08757"
"26,47800";"2,64291";"0,08886"
"26,48800";"2,65814";"0,08260"
"26,49800";"2,67337";"0,07752"
"26,50800";"2,68848";"0,06924"
"26,51800";"2,70347";"0,06812"
"26,52800";"2,71847";"0,07551"
"26,53800";"2,73346";"0,08748"
"26,54800";"2,74845";"0,10136"
"26,55800";"2,76333";"0,10763"
"26,56800";"2,77820";"0,10886"
"26,57800";"2,79319";"0,10839"
"26,58800";"2,80831";"0,10479"
"26,59800";"2,82318";"0,10114"
"26,60800";"2,83817";"0,10075"
"26,61800";"2,85317";"0,09786"
"26,62800";"2,86804";"0,09653"
"26,63800";"2,88303";"0,09753"
"26,64800";"2,89791";"0,09922"
"26,65800";"2,91290";"0,10460"
"26,66800";"2,92790";"0,10535"
"26,67800";"2,94289";"0,10643"
"26,68800";"2,95776";"0,11275"
"26,69800";"2,97264";"0,10939"
"26,70800";"2,98740";"0,10556"
"26,71800";"3,00227";"0,09555"
"26,72800";"3,01726";"0,08654"
"26,73800";"3,03226";"0,08429"
"26,74800";"3,04737";"0,07941"
"26,75800";"3,06260";"0,08019"
"26,76800";"3,07783";"0,08892"
"26,77800";"3,09294";"0,10216"
"26,78800";"3,10805";"0,10417"
"26,79800";"3,12316";"0,09797"
"26,80800";"3,13815";"0,09816"
"26,81800";"3,15326";"0,10180"
"26,82800";"3,16837";"0,10450"
"26,83800";"3,18349";"0,10787"
"26,84800";"3,19860";"0,10698"
"26,85800";"3,21359";"0,10930"
"26,86800";"3,22847";"0,10510"
"26,87800";"3,24334";"0,10278"
"26,88800";"3,25833";"0,10238"
"26,89800";"3,27333";"0,09959"
"26,90800";"3,28820";"0,09174"
"26,91800";"3,30319";"0,08891"
"26,92800";"3,31819";"0,09620"
"26,93800";"3,33306";"0,10470"
"26,94800";"3,34806";"0,11129"
"26,95800";"3,36281";"0,11217"
"26,96800";"3,37792";"0,10675"
"26,97800";"3,39292";"0,10737"
"26,98800";"3,40779";"0,11178"
"26,99800";"3,42267";"0,11310"
"27,00800";"3,43754";"0,11145"
"27,01800";"3,45253";"0,10945"
"27,02800";"3,46753";"0,10424"
"27,03800";"3,48252";"0,09731"
"27,04800";"3,49763";"0,09614"
"27,05800";"3,51274";"0,09586"
"27,06800";"3,52785";"0,09473"
"27,07800";"3,54285";"0,09701"
"27,08800";"3,55796";"0,10006"
"27,09800";"3,57307";"0,09871"
"27,10800";"3,58806";"0,10208"
"27,11800";"3,60317";"0,10535"
"27,12800";"3,61828";"0,10192"
"27,13800";"3,63340";"0,09747"
"27,14800";"3,64839";"0,09730"
"27,15800";"3,66338";"0,09596"
"27,16800";"3,67826";"0,09938"
"27,17800";"3,69325";"0,11164"
"27,18800";"3,70813";"0,11857"
"27,19800";"3,72312";"0,12033"
"27,20800";"3,73811";"0,12462"
"27,21800";"3,75322";"0,12240"
"27,22800";"3,76822";"0,11416"
"27,23800";"3,78321";"0,10385"
"27,24800";"3,79808";"0,09969"
"27,25800";"3,81308";"0,10137"
"27,26800";"3,82783";"0,09708"
"27,27800";"3,84271";"0,09156"
"27,28800";"3,85758";"0,09329"
"27,29800";"3,87246";"0,10018"
"27,30800";"3,88733";"0,10231"
"27,31800";"3,90233";"0,10394"
"27,32800";"3,91744";"0,10388"
"27,33800";"3,93278";"0,10617"
"27,34800";"3,94801";"0,10775"
"27,35800";"3,96324";"0,10616"
"27,36800";"3,97835";"0,10764"
"27,37800";"3,99335";"0,10350"
"27,38800";"4,00834";"0,09353"
"27,39800";"4,02345";"0,08741"
"27,40800";"4,03844";"0,08959"
"27,41800";"4,05344";"0,09331"
"27,42800";"4,06843";"0,09862"
"27,43800";"4,08342";"0,09725"
"27,44800";"4,09842";"0,09036"
"27,45800";"4,11341";"0,09613"
"27,46800";"4,12840";"0,09858"
"27,47800";"4,14328";"0,10010"
"27,48800";"4,15827";"0,10122"
"27,49800";"4,17326";"0,09996"
"27,50800";"4,18814";"0,09513"
"27,51800";"4,20313";"0,08750"
"27,52800";"4,21824";"0,09115"
"27,53800";"4,23324";"0,08699"
"27,54800";"4,24811";"0,08410"
"27,55800";"4,26299";"0,08828"
"27,56800";"4,27786";"0,08977"
"27,57800";"4,29262";"0,09435"
"27,58800";"4,30749";"0,09176"
"27,59800";"4,32249";"0,09330"
"27,60800";"4,33760";"0,08935"
"27,61800";"4,35271";"0,08997"
"27,62800";"4,36782";"0,09038"
"27,63800";"4,38281";"0,08951"
"27,64800";"4,39781";"0,09440"
"27,65800";"4,41292";"0,09133"
"27,66800";"4,42791";"0,09475"
"27,67800";"4,44314";"0,09707"
"27,68800";"4,45825";"0,10144"
"27,69800";"4,47348";"0,10784"
"27,70800";"4,48847";"0,10644"
"27,71800";"4,50347";"0,10090"
"27,72800";"4,51834";"0,09284"
"27,73800";"4,53322";"0,08816"
"27,74800";"4,54821";"0,09075"
"27,75800";"4,56320";"0,09915"
"27,76800";"4,57819";"0,10108"
"27,77800";"4,59307";"0,09569"
"27,78800";"4,60806";"0,08931"
"27,79800";"4,62294";"0,08818"
"27,80800";"4,63793";"0,09574"
"27,81800";"4,65281";"0,10195"
"27,82800";"4,66768";"0,10957"
"27,83800";"4,68291";"0,11391"
"27,84800";"4,69790";"0,11710"
"27,85800";"4,71290";"0,11814"
"27,86800";"4,72777";"0,11706"
"27,87800";"4,74288";"0,11869"
"27,88800";"4,75776";"0,11806"
"27,89800";"4,77263";"0,10668"
"27,90800";"4,78763";"0,09917"
"27,91800";"4,80274";"0,09687"
"27,92800";"4,81785";"0,08906"
"27,93800";"4,83284";"0,09374"
"27,94800";"4,84795";"0,10721"
"27,95800";"4,86294";"0,11187"
"27,96800";"4,87806";"0,11757"
"27,97800";"4,89305";"0,11916"
"27,98800";"4,90816";"0,11973"
"27,99800";"4,92315";"0,11736"
"28,00800";"4,93826";"0,11460"
"28,01800";"4,95326";"0,10464"
"28,02800";"4,96825";"0,10230"
"28,03800";"4,98324";"0,10292"
"28,04800";"4,99824";"0,10533"
"28,05800";"5,01323";"0,11186"
"28,06800";"5,02822";"0,11190"
"28,07800";"5,04322";"0,11173"
"28,08800";"5,05821";"0,11168"
"28,09800";"5,07320";"0,10614"
"28,10800";"5,08819";"0,09789"
"28,11800";"5,10307";"0,09835"
"28,12800";"5,11794";"0,10415"
"28,13800";"5,13282";"0,10464"
"28,14800";"5,14793";"0,10664"
"28,15800";"5,16292";"0,10632"
"28,16800";"5,17803";"0,10405"
"28,17800";"5,19303";"0,10316"
"28,18800";"5,20790";"0,10183"
"28,19800";"5,22290";"0,10230"
"28,20800";"5,23789";"0,10665"
"28,21800";"5,25288";"0,10771"
"28,22800";"5,26788";"0,11216"
"28,23800";"5,28299";"0,11108"
"28,24800";"5,29810";"0,11214"
"28,25800";"5,31309";"0,11836"
"28,26800";"5,32808";"0,11886"
"28,27800";"5,34319";"0,11689"
"28,28800";"5,35807";"0,11142"
"28,29800";"5,37318";"0,10344"
"28,30800";"5,38817";"0,09457"
"28,31800";"5,40317";"0,09536"
"28,32800";"5,41816";"0,09972"
"28,33800";"5,43315";"0,10604"
"28,34800";"5,44815";"0,11056"
"28,35800";"5,46314";"0,10853"
"28,36800";"5,47801";"0,11027"
"28,37800";"5,49301";"0,10489"
"28,38800";"5,50800";"0,09653"
"28,39800";"5,52299";"0,08421"
"28,40800";"5,53799";"0,08060"
"28,41800";"5,55298";"0,08874"
"28,42800";"5,56797";"0,09122"
"28,43800";"5,58297";"0,09356"
"28,44800";"5,59784";"0,09806"
"28,45800";"5,61283";"0,10479"
"28,46800";"5,62771";"0,11187"
"28,47800";"5,64282";"0,11123"
"28,48800";"5,65781";"0,10504"
"28,49800";"5,67292";"0,09714"
"28,50800";"5,68815";"0,08947"
"28,51800";"5,70315";"0,08987"
"28,52800";"5,71814";"0,10157"
"28,53800";"5,73313";"0,10648"
"28,54800";"5,74836";"0,10550"
"28,55800";"5,76347";"0,10936"
"28,56800";"5,77835";"0,10898"
"28,57800";"5,79322";"0,10885"
"28,58800";"5,80822";"0,10342"
"28,59800";"5,82321";"0,09925"
"28,60800";"5,83797";"0,09587"
"28,61800";"5,85296";"0,09426"
"28,62800";"5,86807";"0,09194"
"28,63800";"5,88318";"0,09385"
"28,64800";"5,89806";"0,09744"
"28,65800";"5,91305";"0,09936"
"28,66800";"5,92804";"0,10029"
"28,67800";"5,94292";"0,10085"
"28,68800";"5,95779";"0,10171"
"28,69800";"5,97278";"0,10405"
"28,70800";"5,98790";"0,10712"
"28,71800";"6,00289";"0,10765"
"28,72800";"6,01800";"0,11042"
"28,73800";"6,03299";"0,11636"
"28,74800";"6,04810";"0,11403"
"28,75800";"6,06298";"0,10587"
"28,76800";"6,07797";"0,10256"
"28,77800";"6,09308";"0,09647"
"28,78800";"6,10808";"0,09280"
"28,79800";"6,12319";"0,09784"
"28,80800";"6,13818";"0,10497"
"28,81800";"6,15306";"0,11079"
"28,82800";"6,16805";"0,11361"
"28,83800";"6,18304";"0,11419"
"28,84800";"6,19803";"0,11319"
"28,85800";"6,21303";"0,11391"
"28,86800";"6,22814";"0,11591"
"28,87800";"6,24313";"0,11667"
"28,88800";"6,25812";"0,11048"
"28,89800";"6,27312";"0,10346"
"28,90800";"6,28799";"0,09541"
"28,91800";"6,30299";"0,08699"
"28,92800";"6,31786";"0,08210"
"28,93800";"6,33297";"0,08639"
"28,94800";"6,34796";"0,09774"
"28,95800";"6,36296";"0,10476"
"28,96800";"6,37783";"0,10646"
"28,97800";"6,39283";"0,10362"
"28,98800";"6,40782";"0,10575"
"28,99800";"6,42269";"0,10321"
"29,00800";"6,43781";"0,09947"
"29,01800";"6,45292";"0,10006"
"29,02800";"6,46803";"0,10405"
"29,03800";"6,48302";"0,10326"
"29,04800";"6,49801";"0,10508"
"29,05800";"6,51301";"0,10651"
"29,06800";"6,52800";"0,10719"
"29,07800";"6,54287";"0,10757"
"29,08800";"6,55787";"0,10598"
"29,09800";"6,57298";"0,11352"
"29,10800";"6,58797";"0,11788"
"29,11800";"6,60297";"0,11327"
"29,12800";"6,61796";"0,10859"
"29,13800";"6,63295";"0,10749"
"29,14800";"6,64783";"0,10391"
"29,15800";"6,66270";"0,09969"
"29,16800";"6,67781";"0,09676"
"29,17800";"6,69281";"0,09900"
"29,18800";"6,70792";"0,09335"
"29,19800";"6,72291";"0,09513"
"29,20800";"6,73790";"0,10559"
"29,21800";"6,75290";"0,11324"
"29,22800";"6,76789";"0,11508"
"29,23800";"6,78288";"0,12123"
"29,24800";"6,79788";"0,11729"
"29,25800";"6,81299";"0,10443"
"29,26800";"6,82798";"0,09533"
"29,27800";"6,84297";"0,09209"
"29,28800";"6,85796";"0,09152"
"29,29800";"6,87296";"0,09696"
"29,30800";"6,88795";"0,10102"
"29,31800";"6,90294";"0,11376"
"29,32800";"6,91806";"0,12244"
"29,33800";"6,93305";"0,11614"
"29,34800";"6,94804";"0,11231"
"29,35800";"6,96303";"0,10406"
"29,36800";"6,97803";"0,09759"
"29,37800";"6,99302";"0,10149"
"29,38800";"7,00801";"0,09959"
"29,39800";"7,02289";"0,09802"
"29,40800";"7,03788";"0,09682"
"29,41800";"7,05288";"0,09074"
"29,42800";"7,06787";"0,08862"
"29,43800";"7,08298";"0,09181"
"29,44800";"7,09797";"0,10174"
"29,45800";"7,11297";"0,10008"
"29,46800";"7,12784";"0,10197"
"29,47800";"7,14283";"0,10913"
"29,48800";"7,15783";"0,11045"
"29,49800";"7,17294";"0,10404"
"29,50800";"7,18793";"0,09991"
"29,51800";"7,20292";"0,10214"
"29,52800";"7,21803";"0,10030"
"29,53800";"7,23303";"0,10513"
"29,54800";"7,24790";"0,10473"
"29,55800";"7,26290";"0,10678"
"29,56800";"7,27813";"0,11422"
"29,57800";"7,29312";"0,11152"
"29,58800";"7,30799";"0,10946"
"29,59800";"7,32287";"0,11372"
"29,60800";"7,33786";"0,11956"
"29,61800";"7,35309";"0,12553"
"29,62800";"7,36808";"0,12533"
"29,63800";"7,38308";"0,12489"
"29,64800";"7,39819";"0,12098"
"29,65800";"7,41318";"0,11127"
"29,66800";"7,42817";"0,10290"
"29,67800";"7,44305";"0,09731"
"29,68800";"7,45804";"0,09239"
"29,69800";"7,47292";"0,09742"
"29,70800";"7,48791";"0,09886"
"29,71800";"7,50290";"0,10016"
"29,72800";"7,51790";"0,10186"
"29,73800";"7,53301";"0,10613"
"29,74800";"7,54800";"0,11409"
"29,75800";"7,56311";"0,11496"
"29,76800";"7,57799";"0,11704"
"29,77800";"7,59298";"0,11996"
"29,78800";"7,60785";"0,12484"
"29,79800";"7,62285";"0,12316"
"29,80800";"7,63796";"0,11737"
"29,81800";"7,65295";"0,10433"
"29,82800";"7,66794";"0,09614"
"29,83800";"7,68294";"0,09474"
"29,84800";"7,69781";"0,10133"
"29,85800";"7,71281";"0,10412"
"29,86800";"7,72768";"0,10639"
"29,87800";"7,74279";"0,10938"
"29,88800";"7,75778";"0,11158"
"29,89800";"7,77290";"0,10648"
"29,90800";"7,78789";"0,10773"
"29,91800";"7,80288";"0,10678"
"29,92800";"7,81788";"0,10258"
"29,93800";"7,83287";"0,09868"
"29,94800";"7,84786";"0,09482"
"29,95800";"7,86285";"0,09570"
"29,96800";"7,87797";"0,10501"
"29,97800";"7,89296";"0,11411"
"29,98800";"7,90807";"0,12110"
"29,99800";"7,92306";"0,11645"
"30,00800";"7,93806";"0,11098"
"30,01800";"7,95293";"0,10395"
"30,02800";"7,96781";"0,09920"
"30,03800";"7,98292";"0,10353"
"30,04800";"7,99791";"0,10386"
"30,05800";"8,01290";"0,10313"
"30,06800";"8,02801";"0,10797"
"30,07800";"8,04301";"0,11350"
"30,08800";"8,05800";"0,10393"
"30,09800";"8,07299";"0,09830"
"30,10800";"8,08787";"0,09900"
"30,11800";"8,10286";"0,09972"
"30,12800";"8,11797";"0,10665"
"30,13800";"8,13297";"0,10571"
"30,14800";"8,14796";"0,10332"
"30,15800";"8,16295";"0,09916"
"30,16800";"8,17806";"0,09935"
"30,17800";"8,19294";"0,10535"
"30,18800";"8,20793";"0,11014"
"30,19800";"8,22304";"0,11424"
"30,20800";"8,23803";"0,11363"
"30,21800";"8,25315";"0,11618"
"30,22800";"8,26814";"0,11806"
"30,23800";"8,28325";"0,12421"
"30,24800";"8,29813";"0,13002"
"30,25800";"8,31312";"0,12378"
"30,26800";"8,32811";"0,11255"
"30,27800";"8,34322";"0,10834"
"30,28800";"8,35822";"0,10806"
"30,29800";"8,37321";"0,10110"
"30,30800";"8,38808";"0,09519"
"30,31800";"8,40308";"0,09934"
"30,32800";"8,41795";"0,10058"
"30,33800";"8,43294";"0,09538"
"30,34800";"8,44794";"0,09708"
"30,35800";"8,46293";"0,09648"
"30,36800";"8,47804";"0,10157"
"30,37800";"8,49315";"0,10492"
"30,38800";"8,50815";"0,10619"
"30,39800";"8,52326";"0,10636"
"30,40800";"8,53801";"0,10743"
"30,41800";"8,55301";"0,11059"
"30,42800";"8,56800";"0,11231"
"30,43800";"8,58299";"0,11708"
"30,44800";"8,59799";"0,11653"
"30,45800";"8,61310";"0,11180"
"30,46800";"8,62821";"0,11258"
"30,47800";"8,64320";"0,11248"
"30,48800";"8,65808";"0,11509"
"30,49800";"8,67283";"0,11661"
"30,50800";"8,68795";"0,11481"
"30,51800";"8,70294";"0,11095"
"30,52800";"8,71793";"0,10475"
"30,53800";"8,73304";"0,10319"
"30,54800";"8,74803";"0,09993"
"30,55800";"8,76303";"0,10812"
"30,56800";"8,77790";"0,11161"
"30,57800";"8,79290";"0,10859"
"30,58800";"8,80789";"0,10905"
"30,59800";"8,82300";"0,11048"
"30,60800";"8,83799";"0,11110"
"30,61800";"8,85287";"0,11317"
"30,62800";"8,86786";"0,11162"
"30,63800";"8,88285";"0,10749"
"30,64800";"8,89785";"0,10785"
"30,65800";"8,91272";"0,10717"
"30,66800";"8,92783";"0,10418"
"30,67800";"8,94294";"0,10622"
"30,68800";"8,95782";"0,10360"
"30,69800";"8,97281";"0,10397"
"30,70800";"8,98780";"0,10385"
"30,71800";"9,00280";"0,10955"
"30,72800";"9,01767";"0,10771"
"30,73800";"9,03267";"0,10333"
"30,74800";"9,04778";"0,09742"
"30,75800";"9,06301";"0,09907"
"30,76800";"9,07800";"0,10057"
"30,77800";"9,09299";"0,10413"
"30,78800";"9,10810";"0,10765"
"30,79800";"9,12310";"0,11550"
"30,80800";"9,13809";"0,11696"
"30,81800";"9,15297";"0,11458"
"30,82800";"9,16808";"0,11272"
"30,83800";"9,18307";"0,12030"
"30,84800";"9,19818";"0,12860"
"30,85800";"9,21317";"0,13000"
"30,86800";"9,22829";"0,12707"
"30,87800";"9,24316";"0,12241"
"30,88800";"9,25815";"0,11652"
"30,89800";"9,27315";"0,11042"
"30,90800";"9,28814";"0,10533"
"30,91800";"9,30313";"0,10425"
"30,92800";"9,31813";"0,10557"
"30,93800";"9,33324";"0,11450"
"30,94800";"9,34823";"0,12288"
"30,95800";"9,36310";"0,12209"
"30,96800";"9,37810";"0,11358"
"30,97800";"9,39309";"0,11413"
"30,98800";"9,40808";"0,11483"
"30,99800";"9,42308";"0,11516"
"31,00800";"9,43819";"0,11316"
"31,01800";"9,45318";"0,10731"
"31,02800";"9,46817";"0,10600"
"31,03800";"9,48305";"0,10803"
"31,04800";"9,49792";"0,11387"
"31,05800";"9,51304";"0,11866"
"31,06800";"9,52803";"0,11954"
"31,07800";"9,54302";"0,11823"
"31,08800";"9,55801";"0,11166"
"31,09800";"9,57312";"0,10847"
"31,10800";"9,58800";"0,10784"
"31,11800";"9,60299";"0,10758"
"31,12800";"9,61799";"0,11471"
"31,13800";"9,63298";"0,12528"
"31,14800";"9,64809";"0,13421"
"31,15800";"9,66308";"0,12969"
"31,16800";"9,67796";"0,11851"
"31,17800";"9,69307";"0,11048"
"31,18800";"9,70806";"0,10091"
"31,19800";"9,72294";"0,10114"
"31,20800";"9,73793";"0,10012"
"31,21800";"9,75304";"0,09508"
"31,22800";"9,76815";"0,08994"
"31,23800";"9,78303";"0,08922"
"31,24800";"9,79802";"0,08796"
"31,25800";"9,81290";"0,09228"
"31,26800";"9,82789";"0,09863"
"31,27800";"9,84276";"0,10037"
"31,28800";"9,85776";"0,10416"
"31,29800";"9,87287";"0,11170"
"31,30800";"9,88798";"0,12147"
"31,31800";"9,90297";"0,12025"
"31,32800";"9,91808";"0,12171"
"31,33800";"9,93308";"0,12442"
"31,34800";"9,94807";"0,12582"
"31,35800";"9,96294";"0,12205"
"31,36800";"9,97782";"0,11606"
"31,37800";"9,99293";"0,10647"
"31,38800";"10,00804";"0,10158"
"31,39800";"10,02304";"0,09872"
"31,40800";"10,03803";"0,09626"
"31,41800";"10,05314";"0,08599"
"31,42800";"10,06801";"0,08518"
"31,43800";"10,08301";"0,09466"
"31,44800";"10,09788";"0,10560"
"31,45800";"10,11288";"0,10901"
"31,46800";"10,12799";"0,10646"
"31,47800";"10,14310";"0,10249"
"31,48800";"10,15809";"0,09986"
"31,49800";"10,17308";"0,10488"
"31,50800";"10,18820";"0,10955"
"31,51800";"10,20319";"0,11191"
"31,52800";"10,21818";"0,11539"
"31,53800";"10,23329";"0,11757"
"31,54800";"10,24840";"0,11719"
"31,55800";"10,26328";"0,11716"
"31,56800";"10,27827";"0,11868"
"31,57800";"10,29315";"0,12407"
"31,58800";"10,30814";"0,12451"
"31,59800";"10,32313";"0,12238"
"31,60800";"10,33813";"0,11760"
"31,61800";"10,35312";"0,11527"
"31,62800";"10,36823";"0,11558"
"31,63800";"10,38322";"0,10946"
"31,64800";"10,39822";"0,11004"
"31,65800";"10,41321";"0,11617"
"31,66800";"10,42808";"0,11806"
"31,67800";"10,44296";"0,11496"
"31,68800";"10,45807";"0,10364"
"31,69800";"10,47318";"0,09856"
"31,70800";"10,48817";"0,09768"
"31,71800";"10,50328";"0,10508"
"31,72800";"10,51828";"0,11571"
"31,73800";"10,53327";"0,12129"
"31,74800";"10,54815";"0,12055"
"31,75800";"10,56302";"0,11715"
"31,76800";"10,57801";"0,11976"
"31,77800";"10,59301";"0,12441"
"31,78800";"10,60800";"0,12007"
"31,79800";"10,62288";"0,11549"
"31,80800";"10,63799";"0,12238"
"31,81800";"10,65286";"0,12387"
"31,82800";"10,66785";"0,11053"
"31,83800";"10,68285";"0,09843"
"31,84800";"10,69784";"0,09104"
"31,85800";"10,71283";"0,08700"
"31,86800";"10,72783";"0,09305"
"31,87800";"10,74282";"0,10379"
"31,88800";"10,75781";"0,11297"
"31,89800";"10,77292";"0,12111"
"31,90800";"10,78780";"0,11469"
"31,91800";"10,80279";"0,11271"
"31,92800";"10,81779";"0,11838"
"31,93800";"10,83290";"0,12233"
"31,94800";"10,84789";"0,11984"
"31,95800";"10,86300";"0,11664"
"31,96800";"10,87799";"0,10653"
"31,97800";"10,89299";"0,10068"
"31,98800";"10,90786";"0,10062"
"31,99800";"10,92285";"0,10750"
"32,00800";"10,93785";"0,11720"
"32,01800";"10,95296";"0,11460"
"32,02800";"10,96807";"0,11407"
"32,03800";"10,98295";"0,11777"
"32,04800";"10,99806";"0,11881"
"32,05800";"11,01293";"0,11383"
"32,06800";"11,02792";"0,10353"
"32,07800";"11,04292";"0,09676"
"32,08800";"11,05803";"0,10217"
"32,09800";"11,07314";"0,10350"
"32,10800";"11,08801";"0,10549"
"32,11800";"11,10301";"0,10619"
"32,12800";"11,11800";"0,11286"
"32,13800";"11,13311";"0,11875"
"32,14800";"11,14799";"0,12284"
"32,15800";"11,16310";"0,12282"
"32,16800";"11,17821";"0,12263"
"32,17800";"11,19320";"0,12006"
"32,18800";"11,20820";"0,11496"
"32,19800";"11,22307";"0,10815"
"32,20800";"11,23806";"0,10391"
"32,21800";"11,25306";"0,10164"
"32,22800";"11,26793";"0,10550"
"32,23800";"11,28292";"0,11768"
"32,24800";"11,29803";"0,12118"
"32,25800";"11,31303";"0,11804"
"32,26800";"11,32802";"0,11979"
"32,27800";"11,34290";"0,11992"
"32,28800";"11,35789";"0,11837"
"32,29800";"11,37288";"0,11698"
"32,30800";"11,38788";"0,11189"
"32,31800";"11,40298";"0,10822"
"32,32800";"11,41810";"0,10386"
"32,33800";"11,43309";"0,10434"
"32,34800";"11,44820";"0,10615"
"32,35800";"11,46319";"0,10885"
"32,36800";"11,47819";"0,11021"
"32,37800";"11,49306";"0,11027"
"32,38800";"11,50806";"0,11103"
"32,39800";"11,52317";"0,11652"
"32,40800";"11,53816";"0,11896"
"32,41800";"11,55315";"0,12066"
"32,42800";"11,56826";"0,11652"
"32,43800";"11,58326";"0,11492"
"32,44800";"11,59825";"0,11632"
"32,45800";"11,61312";"0,11211"
"32,46800";"11,62800";"0,10992"
"32,47800";"11,64311";"0,10708"
"32,48800";"11,65810";"0,09932"
"32,49800";"11,67310";"0,09507"
"32,50800";"11,68809";"0,09349"
"32,51800";"11,70296";"0,09292"
"32,52800";"11,71808";"0,09722"
"32,53800";"11,73295";"0,09833"
"32,54800";"11,74806";"0,10588"
"32,55800";"11,76306";"0,10576"
"32,56800";"11,77805";"0,09760"
"32,57800";"11,79304";"0,09722"
"32,58800";"11,80803";"0,09939"
"32,59800";"11,82291";"0,10184"
"32,60800";"11,83790";"0,10278"
"32,61800";"11,85278";"0,10467"
"32,62800";"11,86777";"0,11134"
"32,63800";"11,88276";"0,11625"
"32,64800";"11,89787";"0,12341"
"32,65800";"11,91299";"0,12495"
"32,66800";"11,92798";"0,11683"
"32,67800";"11,94309";"0,10731"
"32,68800";"11,95808";"0,10570"
"32,69800";"11,97296";"0,11039"
"32,70800";"11,98795";"0,11231"
"32,71800";"12,00306";"0,11305"
"32,72800";"12,01806";"0,11735"
"32,73800";"12,03305";"0,11537"
"32,74800";"12,04804";"0,11822"
"32,75800";"12,06304";"0,12130"
"32,76800";"12,07803";"0,12102"
"32,77800";"12,09290";"0,11989"
"32,78800";"12,10790";"0,12018"
"32,79800";"12,12301";"0,12232"
"32,80800";"12,13800";"0,11640"
"32,81800";"12,15287";"0,11303"
"32,82800";"12,16787";"0,11428"
"32,83800";"12,18274";"0,11637"
"32,84800";"12,19774";"0,11854"
"32,85800";"12,21273";"0,12071"
"32,86800";"12,22772";"0,12912"
"32,87800";"12,24283";"0,13103"
"32,88800";"12,25795";"0,12511"
"32,89800";"12,27305";"0,12400"
"32,90800";"12,28793";"0,11719"
"32,91800";"12,30292";"0,11603"
"32,92800";"12,31780";"0,11989"
"32,93800";"12,33279";"0,12302"
"32,94800";"12,34778";"0,12956"
"32,95800";"12,36290";"0,11793"
"32,96800";"12,37801";"0,10953"
"32,97800";"12,39312";"0,11203"
"32,98800";"12,40811";"0,11380"
"32,99800";"12,42310";"0,12060"
"33,00800";"12,43798";"0,12525"
"33,01800";"12,45297";"0,12441"
"33,02800";"12,46797";"0,12254"
"33,03800";"12,48296";"0,12018"
"33,04800";"12,49795";"0,12639"
"33,05800";"12,51294";"0,12836"
"33,06800";"12,52805";"0,11703"
"33,07800";"12,54305";"0,11633"
"33,08800";"12,55792";"0,12258"
"33,09800";"12,57280";"0,12603"
"33,10800";"12,58779";"0,13281"
"33,11800";"12,60290";"0,13475"
"33,12800";"12,61790";"0,13536"
"33,13800";"12,63289";"0,13420"
"33,14800";"12,64788";"0,12648"
"33,15800";"12,66276";"0,11842"
"33,16800";"12,67787";"0,11604"
"33,17800";"12,69286";"0,11576"
"33,18800";"12,70809";"0,12329"
"33,19800";"12,72308";"0,13015"
"33,20800";"12,73819";"0,13595"
"33,21800";"12,75319";"0,13455"
"33,22800";"12,76830";"0,13468"
"33,23800";"12,78317";"0,13223"
"33,24800";"12,79805";"0,12140"
"33,25800";"12,81304";"0,11725"
"33,26800";"12,82804";"0,11882"
"33,27800";"12,84315";"0,11765"
"33,28800";"12,85814";"0,12043"
"33,29800";"12,87313";"0,12149"
"33,30800";"12,88824";"0,12248"
"33,31800";"12,90312";"0,12828"
"33,32800";"12,91787";"0,13552"
"33,33800";"12,93287";"0,13713"
"33,34800";"12,94786";"0,13048"
"33,35800";"12,96285";"0,12860"
"33,36800";"12,97785";"0,13011"
"33,37800";"12,99284";"0,13389"
"33,38800";"13,00783";"0,13912"
"33,39800";"13,02294";"0,14002"
"33,40800";"13,03782";"0,13508"
"33,41800";"13,05293";"0,13126"
"33,42800";"13,06804";"0,13196"
"33,43800";"13,08315";"0,13254"
"33,44800";"13,09803";"0,13748"
"33,45800";"13,11302";"0,14147"
"33,46800";"13,12801";"0,14228"
"33,47800";"13,14289";"0,13780"
"33,48800";"13,15788";"0,12337"
"33,49800";"13,17276";"0,11861"
"33,50800";"13,18787";"0,12046"
"33,51800";"13,20286";"0,12064"
"33,52800";"13,21797";"0,11548"
"33,53800";"13,23297";"0,12234"
"33,54800";"13,24796";"0,13223"
"33,55800";"13,26283";"0,13769"
"33,56800";"13,27783";"0,14218"
"33,57800";"13,29270";"0,13692"
"33,58800";"13,30781";"0,13358"
"33,59800";"13,32292";"0,13443"
"33,60800";"13,33792";"0,13070"
"33,61800";"13,35291";"0,12450"
"33,62800";"13,36790";"0,12563"
"33,63800";"13,38290";"0,12601"
"33,64800";"13,39789";"0,13041"
"33,65800";"13,41288";"0,13425"
"33,66800";"13,42799";"0,13141"
"33,67800";"13,44299";"0,13276"
"33,68800";"13,45798";"0,12667"
"33,69800";"13,47297";"0,12330"
"33,70800";"13,48808";"0,13113"
"33,71800";"13,50308";"0,13507"
"33,72800";"13,51807";"0,13329"
"33,73800";"13,53306";"0,13388"
"33,74800";"13,54806";"0,13068"
"33,75800";"13,56305";"0,12819"
"33,76800";"13,57804";"0,12622"
"33,77800";"13,59303";"0,12628"
"33,78800";"13,60803";"0,13450"
"33,79800";"13,62290";"0,13590"
"33,80800";"13,63790";"0,13338"
"33,81800";"13,65301";"0,13263"
"33,82800";"13,66800";"0,13160"
"33,83800";"13,68299";"0,13929"
"33,84800";"13,69810";"0,14268"
"33,85800";"13,71310";"0,14397"
"33,86800";"13,72809";"0,14543"
"33,87800";"13,74308";"0,15218"
"33,88800";"13,75796";"0,15134"
"33,89800";"13,77307";"0,15001"
"33,90800";"13,78806";"0,15224"
"33,91800";"13,80317";"0,14903"
"33,92800";"13,81817";"0,14099"
"33,93800";"13,83328";"0,14034"
"33,94800";"13,84827";"0,13232"
"33,95800";"13,86326";"0,12569"
"33,96800";"13,87814";"0,12885"
"33,97800";"13,89325";"0,13991"
"33,98800";"13,90813";"0,14985"
"33,99800";"13,92300";"0,14779"
"34,00800";"13,93799";"0,14746"
"34,01800";"13,95310";"0,15183"
"34,02800";"13,96810";"0,15121"
"34,03800";"13,98297";"0,15302"
"34,04800";"13,99808";"0,15060"
"34,05800";"14,01319";"0,15243"
"34,06800";"14,02819";"0,15651"
"34,07800";"14,04306";"0,15805"
"34,08800";"14,05805";"0,16623"
"34,09800";"14,07305";"0,17512"
"34,10800";"14,08781";"0,17293"
"34,11800";"14,10280";"0,17075"
"34,12800";"14,11779";"0,16431"
"34,13800";"14,13278";"0,15877"
"34,14800";"14,14778";"0,14987"
"34,15800";"14,16289";"0,14264"
"34,16800";"14,17788";"0,13618"
"34,17800";"14,19299";"0,14360"
"34,18800";"14,20787";"0,15696"
"34,19800";"14,22286";"0,17093"
"34,20800";"14,23785";"0,18282"
"34,21800";"14,25296";"0,18481"
"34,22800";"14,26808";"0,18310"
"34,23800";"14,28319";"0,17256"
"34,24800";"14,29818";"0,16469"
"34,25800";"14,31317";"0,16445"
"34,26800";"14,32817";"0,16476"
"34,27800";"14,34304";"0,16895"
"34,28800";"14,35803";"0,16976"
"34,29800";"14,37303";"0,17234"
"34,30800";"14,38802";"0,17834"
"34,31800";"14,40301";"0,17630"
"34,32800";"14,41813";"0,17497"
"34,33800";"14,43312";"0,17725"
"34,34800";"14,44811";"0,17968"
"34,35800";"14,46299";"0,18619"
"34,36800";"14,47810";"0,19082"
"34,37800";"14,49321";"0,19882"
"34,38800";"14,50808";"0,20392"
"34,39800";"14,52308";"0,19972"
"34,40800";"14,53807";"0,19745"
"34,41800";"14,55318";"0,19412"
"34,42800";"14,56806";"0,19369"
"34,43800";"14,58305";"0,19420"
"34,44800";"14,59804";"0,19549"
"34,45800";"14,61315";"0,20242"
"34,46800";"14,62826";"0,20893"
"34,47800";"14,64326";"0,21476"
"34,48800";"14,65825";"0,22026"
"34,49800";"14,67324";"0,22409"
"34,50800";"14,68812";"0,22407"
"34,51800";"14,70299";"0,22510"
"34,52800";"14,71810";"0,22812"
"34,53800";"14,73322";"0,23528"
"34,54800";"14,74821";"0,23514"
"34,55800";"14,76320";"0,23190"
"34,56800";"14,77820";"0,23053"
"34,57800";"14,79319";"0,22995"
"34,58800";"14,80806";"0,23608"
"34,59800";"14,82306";"0,24188"
"34,60800";"14,83805";"0,24329"
"34,61800";"14,85304";"0,24262"
"34,62800";"14,86792";"0,23899"
"34,63800";"14,88291";"0,24582"
"34,64800";"14,89790";"0,26284"
"34,65800";"14,91290";"0,27664"
"34,66800";"14,92789";"0,27586"
"34,67800";"14,94288";"0,27326"
"34,68800";"14,95799";"0,26934"
"34,69800";"14,97310";"0,27022"
"34,70800";"14,98810";"0,28023"
"34,71800";"15,00309";"0,28798"
"34,72800";"15,01808";"0,29120"
"34,73800";"15,03308";"0,29877"
"34,74800";"15,04795";"0,31162"
"34,75800";"15,06306";"0,32381"
"34,76800";"15,07817";"0,33001"
"34,77800";"15,09328";"0,32929"
"34,78800";"15,10828";"0,33214"
"34,79800";"15,12327";"0,33576"
"34,80800";"15,13815";"0,33823"
"34,81800";"15,15302";"0,34231"
"34,82800";"15,16790";"0,35598"
"34,83800";"15,18289";"0,36007"
"34,84800";"15,19800";"0,37084"
"34,85800";"15,21299";"0,38128"
"34,86800";"15,22799";"0,38432"
"34,87800";"15,24286";"0,38621"
"34,88800";"15,25785";"0,39253"
"34,89800";"15,27273";"0,39451"
"34,90800";"15,28772";"0,39992"
"34,91800";"15,30283";"0,40801"
"34,92800";"15,31783";"0,41023"
"34,93800";"15,33294";"0,40685"
"34,94800";"15,34781";"0,41743"
"34,95800";"15,36280";"0,43008"
"34,96800";"15,37780";"0,44003"
"34,97800";"15,39279";"0,44850"
"34,98800";"15,40778";"0,45972"
"34,99800";"15,42278";"0,46805"
"35,00800";"15,43801";"0,47385"
"35,01800";"15,45300";"0,49330"
"35,02800";"15,46799";"0,51034"
"35,03800";"15,48299";"0,51907"
"35,04800";"15,49798";"0,52211"
"35,05800";"15,51297";"0,52871"
"35,06800";"15,52797";"0,53519"
"35,07800";"15,54308";"0,54398"
"35,08800";"15,55819";"0,55885"
"35,09800";"15,57318";"0,57520"
"35,10800";"15,58829";"0,58845"
"35,11800";"15,60328";"0,60053"
"35,12800";"15,61816";"0,60895"
"35,13800";"15,63304";"0,61568"
"35,14800";"15,64803";"0,62457"
"35,15800";"15,66302";"0,63877"
"35,16800";"15,67801";"0,65349"
"35,17800";"15,69312";"0,65891"
"35,18800";"15,70812";"0,66914"
"35,19800";"15,72311";"0,68323"
"35,20800";"15,73799";"0,69623"
"35,21800";"15,75286";"0,71410"
"35,22800";"15,76785";"0,72563"
"35,23800";"15,78297";"0,72901"
"35,24800";"15,79784";"0,74260"
"35,25800";"15,81283";"0,76582"
"35,26800";"15,82783";"0,79266"
"35,27800";"15,84282";"0,81106"
"35,28800";"15,85781";"0,82151"
"35,29800";"15,87292";"0,82979"
"35,30800";"15,88792";"0,84259"
"35,31800";"15,90303";"0,85918"
"35,32800";"15,91826";"0,88009"
"35,33800";"15,93325";"0,90066"
"35,34800";"15,94824";"0,91909"
"35,35800";"15,96312";"0,93696"
"35,36800";"15,97811";"0,95919"
"35,37800";"15,99310";"0,97726"
"35,38800";"16,00810";"0,99853"
"35,39800";"16,02309";"1,01889"
"35,40800";"16,03808";"1,03910"
"35,41800";"16,05308";"1,05496"
"35,42800";"16,06807";"1,06768"
"35,43800";"16,08306";"1,08729"
"35,44800";"16,09794";"1,10877"
"35,45800";"16,11293";"1,13601"
"35,46800";"16,12804";"1,16278"
"35,47800";"16,14304";"1,18515"
"35,48800";"16,15803";"1,20401"
"35,49800";"16,17302";"1,21558"
"35,50800";"16,18813";"1,23415"
"35,51800";"16,20300";"1,26896"
"35,52800";"16,21788";"1,31265"
"35,53800";"16,23276";"1,34979"
"35,54800";"16,24775";"1,38505"
"35,55800";"16,26286";"1,41708"
"35,56800";"16,27785";"1,44859"
"35,57800";"16,29285";"1,48919"
"35,58800";"16,30796";"1,52820"
"35,59800";"16,32307";"1,56529"
"35,60800";"16,33806";"1,60241"
"35,61800";"16,35317";"1,64120"
"35,62800";"16,36828";"1,66922"
"35,63800";"16,38340";"1,70535"
"35,64800";"16,39839";"1,74681"
"35,65800";"16,41326";"1,79080"
"35,66800";"16,42826";"1,83972"
"35,67800";"16,44313";"1,88636"
"35,68800";"16,45813";"1,94263"
"35,69800";"16,47300";"1,99656"
"35,70800";"16,48811";"2,04520"
"35,71800";"16,50311";"2,09453"
"35,72800";"16,51810";"2,15210"
"35,73800";"16,53309";"2,20768"
"35,74800";"16,54808";"2,25879"
"35,75800";"16,56296";"2,31474"
"35,76800";"16,57795";"2,37655"
"35,77800";"16,59295";"2,43311"
"35,78800";"16,60794";"2,49160"
"35,79800";"16,62293";"2,55990"
"35,80800";"16,63804";"2,63128"
"35,81800";"16,65303";"2,70338"
"35,82800";"16,66803";"2,77562"
"35,83800";"16,68302";"2,85060"
"35,84800";"16,69790";"2,92875"
"35,85800";"16,71289";"3,01335"
"35,86800";"16,72800";"3,10275"
"35,87800";"16,74299";"3,18931"
"35,88800";"16,75787";"3,28653"
"35,89800";"16,77286";"3,38922"
"35,90800";"16,78797";"3,48479"
"35,91800";"16,80297";"3,58228"
"35,92800";"16,81796";"3,68330"
"35,93800";"16,83295";"3,78296"
"35,94800";"16,84806";"3,89123"
"35,95800";"16,86306";"4,01185"
"35,96800";"16,87805";"4,14272"
"35,97800";"16,89304";"4,27365"
"35,98800";"16,90804";"4,40396"
"35,99800";"16,92291";"4,52947"
"36,00800";"16,93790";"4,66436"
"36,01800";"16,95290";"4,80791"
"36,02800";"16,96801";"4,95975"
"36,03800";"16,98312";"5,10942"
"36,04800";"16,99811";"5,26510"
"36,05800";"17,01311";"5,42222"
"36,06800";"17,02810";"5,59116"
"36,07800";"17,04297";"5,77267"
"36,08800";"17,05785";"5,95621"
"36,09800";"17,07284";"6,14192"
"36,10800";"17,08783";"6,34067"
"36,11800";"17,10283";"6,54013"
"36,12800";"17,11770";"6,75505"
"36,13800";"17,13270";"6,98429"
"36,14800";"17,14781";"7,22407"
"36,15800";"17,16268";"7,46974"
"36,16800";"17,17768";"7,72890"
"36,17800";"17,19267";"8,00390"
"36,18800";"17,20778";"8,28107"
"36,19800";"17,22301";"8,56925"
"36,20800";"17,23800";"8,86989"
"36,21800";"17,25311";"9,17831"
"36,22800";"17,26810";"9,50434"
"36,23800";"17,28310";"9,84575"
"36,24800";"17,29797";"10,19757"
"36,25800";"17,31297";"10,56326"
"36,26800";"17,32796";"10,93588"
"36,27800";"17,34295";"11,31472"
"36,28800";"17,35794";"11,71669"
"36,29800";"17,37282";"12,13258"
"36,30800";"17,38793";"12,56017"
"36,31800";"17,40293";"13,00339"
"36,32800";"17,41792";"13,46874"
"36,33800";"17,43303";"13,96123"
"36,34800";"17,44814";"14,47725"
"36,35800";"17,46313";"15,00995"
"36,36800";"17,47812";"15,56791"
"36,37800";"17,49300";"16,15899"
"36,38800";"17,50788";"16,77135"
"36,39800";"17,52263";"17,40811"
"36,40800";"17,53751";"18,05958"
"36,41800";"17,55238";"18,73945"
"36,42800";"17,56749";"19,45141"
"36,43800";"17,58261";"20,20395"
"36,44800";"17,59760";"20,98531"
"36,45800";"17,61259";"21,80169"
"36,46800";"17,62770";"22,65755"
"36,47800";"17,64281";"23,55847"
"36,48800";"17,65804";"24,49356"
"36,49800";"17,67304";"25,48101"
"36,50800";"17,68815";"26,51128"
"36,51800";"17,70326";"27,57648"
"36,52800";"17,71825";"28,68153"
"36,53800";"17,73324";"29,83619"
"36,54800";"17,74824";"31,03950"
"36,55800";"17,76323";"32,28778"
"36,56800";"17,77822";"33,59480"
"36,57800";"17,79322";"34,95199"
"36,58800";"17,80821";"36,38218"
"36,59800";"17,82320";"37,88189"
"36,60800";"17,83808";"39,46195"
"36,61800";"17,85307";"41,12741"
"36,62800";"17,86806";"42,87975"
"36,63800";"17,88294";"44,71544"
"36,64800";"17,89793";"46,62757"
"36,65800";"17,91304";"48,62141"
"36,66800";"17,92804";"50,70813"
"36,67800";"17,94279";"52,87797"
"36,68800";"17,95767";"55,11232"
"36,69800";"17,97254";"57,43353"
"36,70800";"17,98742";"59,86800"
"36,71800";"18,00241";"62,43141"
"36,72800";"18,01752";"65,14542"
"36,73800";"18,03263";"68,03920"
"36,74800";"18,04762";"71,12495"
"36,75800";"18,06274";"74,38233"
"36,76800";"18,07797";"77,84117"
"36,77800";"18,09296";"81,51034"
"36,78800";"18,10795";"85,39032"
"36,79800";"18,12295";"89,49011"
"36,80800";"18,13806";"93,86354"
"36,81800";"18,15305";"98,58503"
"36,82800";"18,16804";"103,79677"
"36,83800";"18,18303";"109,55803"
"36,84800";"18,19803";"115,85606"
"36,85800";"18,21314";"122,65359"
"36,86800";"18,22790";"129,93237"
"36,87800";"18,24289";"137,63908"
"36,88800";"18,25788";"145,83452"
"36,89800";"18,27287";"154,62993"
"36,90800";"18,28787";"164,06110"
"36,91800";"18,30286";"173,91229"
"36,92800";"18,31762";"183,82510"
"36,93800";"18,33261";"193,53259"
"36,94800";"18,34749";"202,85808"
"36,95800";"18,36236";"211,77075"
"36,96800";"18,37747";"220,50148"
"36,97800";"18,39247";"229,25923"
"36,98800";"18,40746";"238,18887"
"36,99800";"18,42245";"247,44659"
"37,00800";"18,43744";"256,98734"
"37,01800";"18,45232";"266,81866"
"37,02800";"18,46731";"276,87982"
"37,03800";"18,48242";"287,08823"
"37,04800";"18,49754";"297,48712"
"37,05000";"18,50048";"299,58807"
"37,05200";"18,50356";"301,69604"
"37,06200";"18,51678";"312,29208"
"37,07200";"18,52433";"321,71774"
"37,07800";"18,52622";"325,22980"
"37,08800";"18,52551";"325,16104"
"37,09800";"18,52056";"316,39987"
"37,10800";"18,50911";"297,68042"
"37,11800";"18,49210";"266,44882"
"37,12800";"18,47192";"222,30682"
"37,13800";"18,45031";"170,05582"
"37,14800";"18,42824";"117,35853"
"37,15800";"18,40687";"70,70083"
"37,16800";"18,38644";"34,15754"
"37,17800";"18,36661";"8,97931"
"37,18800";"18,34760";"-5,57419"
"37,19800";"18,32919";"-11,02924"
"37,20800";"18,31148";"-9,99876"
"37,21800";"18,29448";"-5,94886"
"37,22800";"18,27795";"-1,74880"
"37,23800";"18,26178";"1,22088"
"37,24800";"18,24572";"2,73841"
"37,25800";"18,23002";"3,11275"
"37,26800";"18,21444";"2,77272"
"37,27800";"18,19897";"2,07016"
"37,28800";"18,18363";"1,25443"
"37,29800";"18,16851";"0,50381"
"37,30800";"18,15352";"-0,11176"
"37,31800";"18,13865";"-0,59968"
"37,32800";"18,12342";"-0,98421"
"37,33800";"18,10795";"-1,29164"
"37,34800";"18,09260";"-1,56587"
"37,35800";"18,07714";"-1,80597"
"37,36800";"18,06203";"-2,00885"
"37,37800";"18,04692";"-2,17336"
"37,38800";"18,03193";"-2,30772"
"37,39800";"18,01681";"-2,41727"
"37,40800";"18,00182";"-2,50646"
"37,41800";"17,98671";"-2,58279"
"37,42800";"17,97171";"-2,64500"
"37,43800";"17,95684";"-2,69572"
"37,44800";"17,94197";"-2,74494"
"37,45800";"17,92697";"-2,77883"
"37,46800";"17,91210";"-2,79362"
"37,47800";"17,89710";"-2,80429"
"37,48800";"17,88211";"-2,81810"
"37,49800";"17,86712";"-2,82209"
"37,50800";"17,85201";"-2,81977"
"37,51800";"17,83690";"-2,81691"
"37,52800";"17,82202";"-2,80593"
"37,53800";"17,80703";"-2,78447"
"37,54800";"17,79192";"-2,74825"
"37,55800";"17,77704";"-2,71149"
"37,56800";"17,76205";"-2,67251"
"37,57800";"17,74706";"-2,62020"
"37,58800";"17,73183";"-2,56060"
"37,59800";"17,71695";"-2,50623"
"37,60800";"17,70208";"-2,45740"
"37,61800";"17,68708";"-2,40373"
"37,62800";"17,67197";"-2,35093"
"37,63800";"17,65698";"-2,30664"
"37,64800";"17,64187";"-2,26531"
"37,65800";"17,62675";"-2,20401"
"37,66800";"17,61176";"-2,13557"
"37,67800";"17,59689";"-2,07306"
"37,68800";"17,58213";"-2,01192"
"37,69800";"17,56726";"-1,93982"
"37,70800";"17,55215";"-1,88051"
"37,71800";"17,53703";"-1,82325"
"37,72800";"17,52204";"-1,76866"
"37,73800";"17,50693";"-1,72113"
"37,74800";"17,49194";"-1,66786"
"37,75800";"17,47694";"-1,61166"
"37,76800";"17,46207";"-1,56632"
"37,77800";"17,44731";"-1,51971"
"37,78800";"17,43220";"-1,46912"
"37,79800";"17,41709";"-1,42526"
"37,80800";"17,40210";"-1,38501"
"37,81800";"17,38699";"-1,34669"
"37,82800";"17,37188";"-1,30723"
"37,83800";"17,35688";"-1,26377"
"37,84800";"17,34201";"-1,22024"
"37,85800";"17,32701";"-1,16372"
"37,86800";"17,31190";"-1,12347"
"37,87800";"17,29691";"-1,09054"
"37,88800";"17,28204";"-1,06258"
"37,89800";"17,26704";"-1,04029"
"37,90800";"17,25193";"-1,01273"
"37,91800";"17,23694";"-0,98921"
"37,92800";"17,22206";"-0,96634"
"37,93800";"17,20719";"-0,94781"
"37,94800";"17,19208";"-0,92561"
"37,95800";"17,17696";"-0,89950"
"37,96800";"17,16197";"-0,87645"
"37,97800";"17,14686";"-0,84996"
"37,98800";"17,13199";"-0,82136"
"37,99800";"17,11699";"-0,80049"
"38,00800";"17,10212";"-0,78115"
"38,01800";"17,08724";"-0,76846"
"38,02800";"17,07213";"-0,74697"
"38,03800";"17,05690";"-0,72510"
"38,04800";"17,04203";"-0,69793"
"38,05800";"17,02703";"-0,67361"
"38,06800";"17,01192";"-0,65871"
"38,07800";"16,99693";"-0,64825"
"38,08800";"16,98206";"-0,63223"
"38,09800";"16,96718";"-0,62049"
"38,10800";"16,95207";"-0,60531"
"38,11800";"16,93696";"-0,59253"
"38,12800";"16,92185";"-0,58408"
"38,13800";"16,90686";"-0,58529"
"38,14800";"16,89186";"-0,58723"
"38,15800";"16,87687";"-0,58891"
"38,16800";"16,86188";"-0,58708"
"38,17800";"16,84688";"-0,57369"
"38,18800";"16,83201";"-0,56018"
"38,19800";"16,81701";"-0,55121"
"38,20800";"16,80190";"-0,54871"
"38,21800";"16,78691";"-0,54887"
"38,22800";"16,77204";"-0,54867"
"38,23800";"16,75704";"-0,54161"
"38,24800";"16,74205";"-0,53174"
"38,25800";"16,72706";"-0,52440"
"38,26800";"16,71206";"-0,52060"
"38,27800";"16,69695";"-0,51909"
"38,28800";"16,68184";"-0,51131"
"38,29800";"16,66685";"-0,50110"
"38,30800";"16,65197";"-0,48646"
"38,31800";"16,63710";"-0,47999"
"38,32800";"16,62211";"-0,47462"
"38,33800";"16,60699";"-0,47466"
"38,34800";"16,59188";"-0,47173"
"38,35800";"16,57689";"-0,47226"
"38,36800";"16,56178";"-0,46119"
"38,37800";"16,54667";"-0,45055"
"38,38800";"16,53179";"-0,43951"
"38,39800";"16,51704";"-0,42236"
"38,40800";"16,50216";"-0,41195"
"38,41800";"16,48705";"-0,40429"
"38,42800";"16,47206";"-0,39463"
"38,43800";"16,45706";"-0,37447"
"38,44800";"16,44195";"-0,34966"
"38,45800";"16,42684";"-0,33657"
"38,46800";"16,41197";"-0,33831"
"38,47800";"16,39709";"-0,34348"
"38,48800";"16,38222";"-0,33619"
"38,49800";"16,36710";"-0,33057"
"38,50800";"16,35211";"-0,32737"
"38,51800";"16,33724";"-0,33288"
"38,52800";"16,32224";"-0,34137"
"38,53800";"16,30713";"-0,34611"
"38,54800";"16,29214";"-0,34340"
"38,55800";"16,27727";"-0,33153"
"38,56800";"16,26227";"-0,32342"
"38,57800";"16,24704";"-0,31996"
"38,58800";"16,23193";"-0,32283"
"38,59800";"16,21694";"-0,31736"
"38,60800";"16,20194";"-0,31305"
"38,61800";"16,18695";"-0,31373"
"38,62800";"16,17208";"-0,30778"
"38,63800";"16,15732";"-0,30335"
"38,64800";"16,14233";"-0,28996"
"38,65800";"16,12710";"-0,27614"
"38,66800";"16,11187";"-0,27029"
"38,67800";"16,09687";"-0,27718"
"38,68800";"16,08188";"-0,27521"
"38,69800";"16,06665";"-0,26460"
"38,70800";"16,05178";"-0,25702"
"38,71800";"16,03690";"-0,25933"
"38,72800";"16,02203";"-0,25553"
"38,73800";"16,00692";"-0,25049"
"38,74800";"15,99181";"-0,24126"
"38,75800";"15,97681";"-0,24057"
"38,76800";"15,96194";"-0,23714"
"38,77800";"15,94706";"-0,22446"
"38,78800";"15,93195";"-0,20763"
"38,79800";"15,91708";"-0,20299"
"38,80800";"15,90220";"-0,20541"
"38,81800";"15,88721";"-0,20480"
"38,82800";"15,87222";"-0,20191"
"38,83800";"15,85710";"-0,20660"
"38,84800";"15,84211";"-0,20808"
"38,85800";"15,82712";"-0,21249"
"38,86800";"15,81213";"-0,20687"
"38,87800";"15,79713";"-0,20871"
"38,88800";"15,78226";"-0,21087"
"38,89800";"15,76727";"-0,20071"
"38,90800";"15,75215";"-0,19003"
"38,91800";"15,73704";"-0,17928"
"38,92800";"15,72193";"-0,17927"
"38,93800";"15,70706";"-0,18431"
"38,94800";"15,69206";"-0,18164"
"38,95800";"15,67707";"-0,18351"
"38,96800";"15,66208";"-0,18676"
"38,97800";"15,64708";"-0,18890"
"38,98800";"15,63209";"-0,18311"
"38,99800";"15,61686";"-0,16951"
"39,00800";"15,60187";"-0,16436"
"39,01800";"15,58687";"-0,16080"
"39,02800";"15,57188";"-0,15407"
"39,03800";"15,55701";"-0,14917"
"39,04800";"15,54201";"-0,15451"
"39,05800";"15,52702";"-0,15805"
"39,06800";"15,51203";"-0,16557"
"39,07800";"15,49680";"-0,16643"
"39,08800";"15,48180";"-0,16873"
"39,09800";"15,46681";"-0,17333"
"39,10800";"15,45205";"-0,17959"
"39,11800";"15,43706";"-0,17524"
"39,12800";"15,42195";"-0,16117"
"39,13800";"15,40707";"-0,14877"
"39,14800";"15,39208";"-0,14028"
"39,15800";"15,37709";"-0,13475"
"39,16800";"15,36186";"-0,13580"
"39,17800";"15,34699";"-0,13613"
"39,18800";"15,33211";"-0,13729"
"39,19800";"15,31723";"-0,13364"
"39,20800";"15,30201";"-0,12408"
"39,21800";"15,28701";"-0,11970"
"39,22800";"15,27202";"-0,11058"
"39,23800";"15,25703";"-0,10201"
"39,24800";"15,24192";"-0,09957"
"39,25800";"15,22704";"-0,09934"
"39,26800";"15,21217";"-0,10232"
"39,27800";"15,19717";"-0,10375"
"39,28800";"15,18206";"-0,10916"
"39,29800";"15,16707";"-0,11582"
"39,30800";"15,15219";"-0,11912"
"39,31800";"15,13720";"-0,11140"
"39,32800";"15,12197";"-0,11064"
"39,33800";"15,10698";"-0,11398"
"39,34800";"15,09222";"-0,11363"
"39,35800";"15,07735";"-0,10141"
"39,36800";"15,06223";"-0,08218"
"39,37800";"15,04713";"-0,07737"
"39,38800";"15,03201";"-0,07772"
"39,39800";"15,01702";"-0,07883"
"39,40800";"15,00203";"-0,08014"
"39,41800";"14,98703";"-0,08875"
"39,42800";"14,97216";"-0,09318"
"39,43800";"14,95728";"-0,09026"
"39,44800";"14,94229";"-0,07204"
"39,45800";"14,92718";"-0,06683"
"39,46800";"14,91219";"-0,07510"
"39,47800";"14,89731";"-0,07425"
"39,48800";"14,88232";"-0,06899"
"39,49800";"14,86721";"-0,06104"
"39,50800";"14,85210";"-0,05477"
"39,51800";"14,83722";"-0,05686"
"39,52800";"14,82223";"-0,05430"
"39,53800";"14,80700";"-0,05986"
"39,54800";"14,79189";"-0,06588"
"39,55800";"14,77701";"-0,06655"
"39,56800";"14,76214";"-0,06241"
"39,57800";"14,74714";"-0,05494"
"39,58800";"14,73215";"-0,05876"
"39,59800";"14,71728";"-0,05412"
"39,60800";"14,70217";"-0,04954"
"39,61800";"14,68717";"-0,05046"
"39,62800";"14,67194";"-0,05112"
"39,63800";"14,65707";"-0,04744"
"39,64800";"14,64219";"-0,04272"
"39,65800";"14,62708";"-0,04145"
"39,66800";"14,61197";"-0,04130"
"39,67800";"14,59698";"-0,04336"
"39,68800";"14,58199";"-0,04240"
"39,69800";"14,56676";"-0,03740"
"39,70800";"14,55165";"-0,02905"
"39,71800";"14,53677";"-0,02521"
"39,72800";"14,52190";"-0,03265"
"39,73800";"14,50702";"-0,03642"
"39,74800";"14,49179";"-0,03173"
"39,75800";"14,47680";"-0,03730"
"39,76800";"14,46181";"-0,04192"
"39,77800";"14,44681";"-0,03443"
"39,78800";"14,43170";"-0,03053"
"39,79800";"14,41671";"-0,02913"
"39,80800";"14,40183";"-0,02412"
"39,81800";"14,38696";"-0,01604"
"39,82800";"14,37185";"-0,01141"
"39,83800";"14,35685";"-0,00984"
"39,84800";"14,34186";"-0,01500"
"39,85800";"14,32687";"-0,01670"
"39,86800";"14,31164";"-0,01686"
"39,87800";"14,29665";"-0,00949"
"39,88800";"14,28189";"-0,00123"
"39,89800";"14,26713";"0,00574"
"39,90800";"14,25202";"0,01483"
"39,91800";"14,23679";"0,01493"
"39,92800";"14,22180";"0,00019"
"39,93800";"14,20692";"-0,00090"
"39,94800";"14,19169";"0,00740"
"39,95800";"14,17670";"0,01602"
"39,96800";"14,16194";"0,03165"
"39,97800";"14,14719";"0,04972"
"39,98800";"14,13219";"0,05996"
"39,99800";"14,11697";"0,05720"
"40,00800";"14,10197";"0,05631"
"40,01800";"14,08698";"0,05989"
"40,02800";"14,07199";"0,05982"
"40,03800";"14,05688";"0,05813"
"40,04800";"14,04200";"0,05322"
"40,05800";"14,02724";"0,05557"
"40,06800";"14,01225";"0,05008"
"40,07800";"13,99714";"0,04484"
"40,08800";"13,98215";"0,04516"
"40,09800";"13,96727";"0,04022"
"40,10800";"13,95228";"0,04095"
"40,11800";"13,93717";"0,04634"
"40,12800";"13,92217";"0,04644"
"40,13800";"13,90730";"0,04619"
"40,14800";"13,89231";"0,05868"
"40,15800";"13,87708";"0,06556"
"40,16800";"13,86208";"0,05965"
"40,17800";"13,84709";"0,04431"
"40,18800";"13,83222";"0,03660"
"40,19800";"13,81722";"0,03315"
"40,20800";"13,80223";"0,02858"
"40,21800";"13,78724";"0,02830"
"40,22800";"13,77212";"0,03468"
"40,23800";"13,75690";"0,03796"
"40,24800";"13,74167";"0,04094"
"40,25800";"13,72667";"0,04715"
"40,26800";"13,71180";"0,05569"
"40,27800";"13,69681";"0,05982"
"40,28800";"13,68193";"0,04975"
"40,29800";"13,66706";"0,03330"
"40,30800";"13,65218";"0,02890"
"40,31800";"13,63707";"0,03695"
"40,32800";"13,62184";"0,04872"
"40,33800";"13,60685";"0,05120"
"40,34800";"13,59197";"0,04939"
"40,35800";"13,57698";"0,04900"
"40,36800";"13,56199";"0,04834"
"40,37800";"13,54688";"0,05639"
"40,38800";"13,53188";"0,06056"
"40,39800";"13,51689";"0,06395"
"40,40800";"13,50178";"0,06659"
"40,41800";"13,48678";"0,06474"
"40,42800";"13,47191";"0,05878"
"40,43800";"13,45704";"0,05638"
"40,44800";"13,44204";"0,05109"
"40,45800";"13,42705";"0,04605"
"40,46800";"13,41206";"0,04005"
"40,47800";"13,39706";"0,04198"
"40,48800";"13,38195";"0,05120"
"40,49800";"13,36672";"0,05657"
"40,50800";"13,35185";"0,05632"
"40,51800";"13,33709";"0,06129"
"40,52800";"13,32210";"0,06585"
"40,53800";"13,30699";"0,06609"
"40,54800";"13,29199";"0,05621"
"40,55800";"13,27700";"0,04776"
"40,56800";"13,26189";"0,05106"
"40,57800";"13,24678";"0,05465"
"40,58800";"13,23178";"0,05463"
"40,59800";"13,21703";"0,05657"
"40,60800";"13,20215";"0,05591"
"40,61800";"13,18704";"0,05754"
"40,62800";"13,17193";"0,05709"
"40,63800";"13,15694";"0,05626"
"40,64800";"13,14194";"0,05987"
"40,65800";"13,12671";"0,05611"
"40,66800";"13,11172";"0,04826"
"40,67800";"13,09685";"0,04900"
"40,68800";"13,08209";"0,04909"
"40,69800";"13,06698";"0,05352"
"40,70800";"13,05187";"0,05337"
"40,71800";"13,03687";"0,05605"
"40,72800";"13,02188";"0,06287"
"40,73800";"13,00677";"0,06579"
"40,74800";"12,99178";"0,06691"
"40,75800";"12,97690";"0,06933"
"40,76800";"12,96215";"0,07230"
"40,77800";"12,94715";"0,07190"
"40,78800";"12,93204";"0,06829"
"40,79800";"12,91705";"0,06858"
"40,80800";"12,90205";"0,06540"
"40,81800";"12,88706";"0,06333"
"40,82800";"12,87195";"0,06643"
"40,83800";"12,85708";"0,07048"
"40,84800";"12,84220";"0,07611"
"40,85800";"12,82721";"0,08267"
"40,86800";"12,81198";"0,08483"
"40,87800";"12,79699";"0,07822"
"40,88800";"12,78199";"0,06658"
"40,89800";"12,76700";"0,05940"
"40,90800";"12,75189";"0,05518"
"40,91800";"12,73701";"0,05168"
"40,92800";"12,72214";"0,05289"
"40,93800";"12,70703";"0,05621"
"40,94800";"12,69192";"0,06180"
"40,95800";"12,67681";"0,06096"
"40,96800";"12,66181";"0,05936"
"40,97800";"12,64682";"0,05994"
"40,98800";"12,63183";"0,05926"
"40,99800";"12,61683";"0,06369"
"41,00800";"12,60196";"0,06641"
"41,01800";"12,58697";"0,07213"
"41,02800";"12,57197";"0,07238"
"41,03800";"12,55698";"0,06757"
"41,04800";"12,54187";"0,06324"
"41,05800";"12,52688";"0,06089"
"41,06800";"12,51188";"0,06222"
"41,07800";"12,49689";"0,06310"
"41,08800";"12,48190";"0,06254"
"41,09800";"12,46690";"0,06313"
"41,10800";"12,45179";"0,06752"
"41,11800";"12,43680";"0,07061"
"41,12800";"12,42169";"0,07252"
"41,13800";"12,40681";"0,07348"
"41,14800";"12,39194";"0,07681"
"41,15800";"12,37706";"0,07693"
"41,16800";"12,36207";"0,07419"
"41,17800";"12,34708";"0,07473"
"41,18800";"12,33208";"0,06880"
"41,19800";"12,31697";"0,06417"
"41,20800";"12,30186";"0,06663"
"41,21800";"12,28687";"0,07487"
"41,22800";"12,27199";"0,07420"
"41,23800";"12,25700";"0,08204"
"41,24800";"12,24201";"0,09151"
"41,25800";"12,22701";"0,10154"
"41,26800";"12,21202";"0,10052"
"41,27800";"12,19691";"0,09358"
"41,28800";"12,18180";"0,08314"
"41,29800";"12,16681";"0,07675"
"41,30800";"12,15193";"0,07968"
"41,31800";"12,13706";"0,08310"
"41,32800";"12,12194";"0,08502"
"41,33800";"12,10695";"0,08359"
"41,34800";"12,09208";"0,07565"
"41,35800";"12,07708";"0,06939"
"41,36800";"12,06209";"0,07120"
"41,37800";"12,04722";"0,06969"
"41,38800";"12,03234";"0,07353"
"41,39800";"12,01735";"0,07975"
"41,40800";"12,00224";"0,08405"
"41,41800";"11,98713";"0,08521"
"41,42800";"11,97201";"0,08480"
"41,43800";"11,95690";"0,08344"
"41,44800";"11,94191";"0,08543"
"41,45800";"11,92692";"0,08389"
"41,46800";"11,91204";"0,07975"
"41,47800";"11,89717";"0,07683"
"41,48800";"11,88206";"0,07537"
"41,49800";"11,86695";"0,07342"
"41,50800";"11,85183";"0,07272"
"41,51800";"11,83684";"0,06906"
"41,52800";"11,82173";"0,07034"
"41,53800";"11,80674";"0,07741"
"41,54800";"11,79186";"0,07957"
"41,55800";"11,77699";"0,07140"
"41,56800";"11,76199";"0,07039"
"41,57800";"11,74688";"0,07359"
"41,58800";"11,73189";"0,07877"
"41,59800";"11,71690";"0,08255"
"41,60800";"11,70202";"0,08540"
"41,61800";"11,68703";"0,08463"
"41,62800";"11,67204";"0,07223"
"41,63800";"11,65693";"0,06200"
"41,64800";"11,64193";"0,05488"
"41,65800";"11,62694";"0,05943"
"41,66800";"11,61195";"0,06500"
"41,67800";"11,59683";"0,06566"
"41,68800";"11,58196";"0,07205"
"41,69800";"11,56697";"0,07299"
"41,70800";"11,55197";"0,07413"
"41,71800";"11,53698";"0,07271"
"41,72800";"11,52199";"0,06940"
"41,73800";"11,50699";"0,06825"
"41,74800";"11,49188";"0,07126"
"41,75800";"11,47689";"0,07134"
"41,76800";"11,46201";"0,06827"
"41,77800";"11,44714";"0,06693"
"41,78800";"11,43215";"0,06910"
"41,79800";"11,41715";"0,07548"
"41,80800";"11,40216";"0,07467"
"41,81800";"11,38717";"0,06988"
"41,82800";"11,37194";"0,07133"
"41,83800";"11,35694";"0,07199"
"41,84800";"11,34195";"0,07690"
"41,85800";"11,32696";"0,08387"
"41,86800";"11,31196";"0,08687"
"41,87800";"11,29697";"0,08347"
"41,88800";"11,28186";"0,07901"
"41,89800";"11,26699";"0,07459"
"41,90800";"11,25199";"0,07442"
"41,91800";"11,23688";"0,06830"
"41,92800";"11,22189";"0,05918"
"41,93800";"11,20701";"0,05608"
"41,94800";"11,19190";"0,05651"
"41,95800";"11,17679";"0,05446"
"41,96800";"11,16180";"0,06207"
"41,97800";"11,14692";"0,07393"
"41,98800";"11,13205";"0,07491"
"41,99800";"11,11694";"0,07497"
"42,00800";"11,10194";"0,07228"
"42,01800";"11,08719";"0,07118"
"42,02800";"11,07219";"0,06708"
"42,03800";"11,05708";"0,06397"
"42,04800";"11,04197";"0,05932"
"42,05800";"11,02686";"0,05610"
"42,06800";"11,01187";"0,05673"
"42,07800";"10,99676";"0,05765"
"42,08800";"10,98188";"0,05969"
"42,09800";"10,96701";"0,06886"
"42,10800";"10,95213";"0,07630"
"42,11800";"10,93702";"0,07726"
"42,12800";"10,92191";"0,07403"
"42,13800";"10,90703";"0,07035"
"42,14800";"10,89192";"0,07085"
"42,15800";"10,87681";"0,06815"
"42,16800";"10,86182";"0,07094"
"42,17800";"10,84694";"0,06967"
"42,18800";"10,83207";"0,06443"
"42,19800";"10,81696";"0,06645"
"42,20800";"10,80173";"0,06793"
"42,21800";"10,78686";"0,06855"
"42,22800";"10,77186";"0,05936"
"42,23800";"10,75699";"0,05070"
"42,24800";"10,74188";"0,05175"
"42,25800";"10,72700";"0,04956"
"42,26800";"10,71213";"0,04339"
"42,27800";"10,69713";"0,03835"
"42,28800";"10,68214";"0,04267"
"42,29800";"10,66715";"0,04762"
"42,30800";"10,65215";"0,05733"
"42,31800";"10,63728";"0,06815"
"42,32800";"10,62217";"0,06915"
"42,33800";"10,60729";"0,07059"
"42,34800";"10,59242";"0,07721"
"42,35800";"10,57742";"0,08193"
"42,36800";"10,56231";"0,08304"
"42,37800";"10,54720";"0,08376"
"42,38800";"10,53221";"0,06835"
"42,39800";"10,51722";"0,06291"
"42,40800";"10,50234";"0,06215"
"42,41800";"10,48735";"0,06683"
"42,42800";"10,47235";"0,06447"
"42,43800";"10,45736";"0,07478"
"42,44800";"10,44225";"0,07406"
"42,45800";"10,42714";"0,06942"
"42,46800";"10,41203";"0,06387"
"42,47800";"10,39715";"0,06399"
"42,48800";"10,38216";"0,07266"
"42,49800";"10,36717";"0,07626"
"42,50800";"10,35206";"0,07709"
"42,51800";"10,33706";"0,07924"
"42,52800";"10,32195";"0,07269"
"42,53800";"10,30684";"0,06474"
"42,54800";"10,29185";"0,05390"
"42,55800";"10,27697";"0,05632"
"42,56800";"10,26198";"0,06220"
"42,57800";"10,24699";"0,06867"
"42,58800";"10,23199";"0,06391"
"42,59800";"10,21700";"0,05834"
"42,60800";"10,20213";"0,05373"
"42,61800";"10,18713";"0,05161"
"42,62800";"10,17190";"0,05365"
"42,63800";"10,15691";"0,06123"
"42,64800";"10,14204";"0,06870"
"42,65800";"10,12692";"0,07769"
"42,66800";"10,11181";"0,08209"
"42,67800";"10,09670";"0,08780"
"42,68800";"10,08171";"0,09037"
"42,69800";"10,06660";"0,08565"
"42,70800";"10,05160";"0,07616"
"42,71800";"10,03673";"0,07528"
"42,72800";"10,02197";"0,07948"
"42,73800";"10,00698";"0,08101"
"42,74800";"9,99187";"0,07938"
"42,75800";"9,97688";"0,06840"
"42,76800";"9,96200";"0,06053"
"42,77800";"9,94701";"0,05659"
"42,78800";"9,93190";"0,05271"
"42,79800";"9,91690";"0,05487"
"42,80800";"9,90215";"0,06461"
"42,81800";"9,88715";"0,08032"
"42,82800";"9,87204";"0,08325"
"42,83800";"9,85693";"0,07574"
"42,84800";"9,84194";"0,07195"
"42,85800";"9,82683";"0,06620"
"42,86800";"9,81183";"0,06697"
"42,87800";"9,79684";"0,06975"
"42,88800";"9,78197";"0,06731"
"42,89800";"9,76709";"0,06736"
"42,90800";"9,75198";"0,06505"
"42,91800";"9,73699";"0,06233"
"42,92800";"9,72199";"0,06636"
"42,93800";"9,70724";"0,06703"
"42,94800";"9,69213";"0,06920"
"42,95800";"9,67701";"0,06720"
"42,96800";"9,66214";"0,06072"
"42,97800";"9,64726";"0,06531"
"42,98800";"9,63215";"0,07068"
"42,99800";"9,61704";"0,07157"
"43,00800";"9,60205";"0,07316"
"43,01800";"9,58717";"0,07610"
"43,02800";"9,57218";"0,07850"
"43,03800";"9,55719";"0,07576"
"43,04800";"9,54231";"0,07034"
"43,05800";"9,52732";"0,06463"
"43,06800";"9,51221";"0,06031"
"43,07800";"9,49710";"0,05558"
"43,08800";"9,48199";"0,05354"
"43,09800";"9,46699";"0,05950"
"43,10800";"9,45212";"0,07186"
"43,11800";"9,43701";"0,07915"
"43,12800";"9,42213";"0,07818"
"43,13800";"9,40714";"0,07295"
"43,14800";"9,39215";"0,06554"
"43,15800";"9,37692";"0,06731"
"43,16800";"9,36180";"0,06523"
"43,17800";"9,34693";"0,06435"
"43,18800";"9,33206";"0,06802"
"43,19800";"9,31706";"0,07312"
"43,20800";"9,30195";"0,07732"
"43,21800";"9,28708";"0,07906"
"43,22800";"9,27220";"0,08434"
"43,23800";"9,25709";"0,08784"
"43,24800";"9,24210";"0,08315"
"43,25800";"9,22699";"0,06918"
"43,26800";"9,21211";"0,06579"
"43,27800";"9,19712";"0,07427"
"43,28800";"9,18201";"0,08149"
"43,29800";"9,16690";"0,08631"
"43,30800";"9,15202";"0,09050"
"43,31800";"9,13703";"0,09058"
"43,32800";"9,12192";"0,08728"
"43,33800";"9,10692";"0,08037"
"43,34800";"9,09205";"0,07263"
"43,35800";"9,07729";"0,07196"
"43,36800";"9,06206";"0,07573"
"43,37800";"9,04695";"0,07168"
"43,38800";"9,03196";"0,06019"
"43,39800";"9,01696";"0,05827"
"43,40800";"9,00174";"0,05843"
"43,41800";"8,98662";"0,05834"
"43,42800";"8,97175";"0,05859"
"43,43800";"8,95699";"0,06044"
"43,44800";"8,94200";"0,05782"
"43,45800";"8,92677";"0,05801"
"43,46800";"8,91178";"0,05903"
"43,47800";"8,89690";"0,06446"
"43,48800";"8,88191";"0,07077"
"43,49800";"8,86680";"0,08239"
"43,50800";"8,85192";"0,08408"
"43,51800";"8,83717";"0,08191"
"43,52800";"8,82217";"0,07632"
"43,53800";"8,80706";"0,06364"
"43,54800";"8,79207";"0,05203"
"43,55800";"8,77719";"0,04916"
"43,56800";"8,76220";"0,05178"
"43,57800";"8,74709";"0,04860"
"43,58800";"8,73210";"0,05410"
"43,59800";"8,71734";"0,06021"
"43,60800";"8,70235";"0,06738"
"43,61800";"8,68724";"0,07191"
"43,62800";"8,67213";"0,07146"
"43,63800";"8,65713";"0,07052"
"43,64800";"8,64214";"0,06439"
"43,65800";"8,62703";"0,06307"
"43,66800";"8,61203";"0,06108"
"43,67800";"8,59716";"0,06387"
"43,68800";"8,58228";"0,06475"
"43,69800";"8,56717";"0,07351"
"43,70800";"8,55206";"0,08110"
"43,71800";"8,53695";"0,08636"
"43,72800";"8,52196";"0,08754"
"43,73800";"8,50685";"0,08305"
"43,74800";"8,49185";"0,07044"
"43,75800";"8,47698";"0,06514"
"43,76800";"8,46199";"0,05626"
"43,77800";"8,44687";"0,05314"
"43,78800";"8,43176";"0,05555"
"43,79800";"8,41677";"0,06438"
"43,80800";"8,40178";"0,07104"
"43,81800";"8,38679";"0,07420"
"43,82800";"8,37179";"0,07504"
"43,83800";"8,35692";"0,08176"
"43,84800";"8,34192";"0,08668"
"43,85800";"8,32693";"0,08770"
"43,86800";"8,31182";"0,08058"
"43,87800";"8,29683";"0,06887"
"43,88800";"8,28172";"0,06004"
"43,89800";"8,26684";"0,05374"
"43,90800";"8,25185";"0,05420"
"43,91800";"8,23685";"0,05821"
"43,92800";"8,22186";"0,06687"
"43,93800";"8,20699";"0,07396"
"43,94800";"8,19188";"0,07162"
"43,95800";"8,17676";"0,06325"
"43,96800";"8,16189";"0,05767"
"43,97800";"8,14701";"0,06057"
"43,98800";"8,13202";"0,07195"
"43,99800";"8,11691";"0,07412"
"44,00800";"8,10192";"0,07496"
"44,01800";"8,08692";"0,07438"
"44,02800";"8,07181";"0,07039"
"44,03800";"8,05682";"0,06737"
"44,04800";"8,04171";"0,06528"
"44,05800";"8,02695";"0,07756"
"44,06800";"8,01220";"0,07949"
"44,07800";"7,99708";"0,07515"
"44,08800";"7,98209";"0,06510"
"44,09800";"7,96710";"0,05487"
"44,10800";"7,95210";"0,04850"
"44,11800";"7,93699";"0,04872"
"44,12800";"7,92200";"0,05791"
"44,13800";"7,90712";"0,06876"
"44,14800";"7,89225";"0,07827"
"44,15800";"7,87714";"0,07962"
"44,16800";"7,86203";"0,07626"
"44,17800";"7,84704";"0,07135"
"44,18800";"7,83204";"0,06884"
"44,19800";"7,81693";"0,06579"
"44,20800";"7,80182";"0,05535"
"44,21800";"7,78694";"0,04515"
"44,22800";"7,77219";"0,04207"
"44,23800";"7,75719";"0,04865"
"44,24800";"7,74208";"0,05781"
"44,25800";"7,72697";"0,06264"
"44,26800";"7,71210";"0,06787"
"44,27800";"7,69699";"0,07658"
"44,28800";"7,68199";"0,08096"
"44,29800";"7,66700";"0,07949"
"44,30800";"7,65212";"0,07566"
"44,31800";"7,63713";"0,07700"
"44,32800";"7,62202";"0,08240"
"44,33800";"7,60691";"0,07361"
"44,34800";"7,59192";"0,06375"
"44,35800";"7,57681";"0,06838"
"44,36800";"7,56169";"0,07738"
"44,37800";"7,54682";"0,07984"
"44,38800";"7,53194";"0,08047"
"44,39800";"7,51707";"0,08022"
"44,40800";"7,50196";"0,08413"
"44,41800";"7,48685";"0,08650"
"44,42800";"7,47185";"0,07721"
"44,43800";"7,45686";"0,06714"
"44,44800";"7,44187";"0,06477"
"44,45800";"7,42676";"0,06557"
"44,46800";"7,41188";"0,07072"
"44,47800";"7,39701";"0,07732"
"44,48800";"7,38190";"0,07761"
"44,49800";"7,36679";"0,07762"
"44,50800";"7,35179";"0,07696"
"44,51800";"7,33680";"0,07938"
"44,52800";"7,32181";"0,07805"
"44,53800";"7,30681";"0,07809"
"44,54800";"7,29194";"0,08065"
"44,55800";"7,27694";"0,07874"
"44,56800";"7,26195";"0,08055"
"44,57800";"7,24684";"0,08239"
"44,58800";"7,23185";"0,07606"
"44,59800";"7,21685";"0,06506"
"44,60800";"7,20186";"0,06082"
"44,61800";"7,18699";"0,06526"
"44,62800";"7,17199";"0,06763"
"44,63800";"7,15700";"0,07396"
"44,64800";"7,14201";"0,07521"
"44,65800";"7,12690";"0,07931"
"44,66800";"7,11190";"0,07546"
"44,67800";"7,09691";"0,07169"
"44,68800";"7,08192";"0,07189"
"44,69800";"7,06704";"0,07647"
"44,70800";"7,05193";"0,06840"
"44,71800";"7,03694";"0,06594"
"44,72800";"7,02194";"0,07638"
"44,73800";"7,00683";"0,08306"
"44,74800";"6,99184";"0,08825"
"44,75800";"6,97697";"0,09529"
"44,76800";"6,96221";"0,09282"
"44,77800";"6,94722";"0,08400"
"44,78800";"6,93222";"0,07726"
"44,79800";"6,91723";"0,07271"
"44,80800";"6,90224";"0,07147"
"44,81800";"6,88713";"0,08248"
"44,82800";"6,87201";"0,08832"
"44,83800";"6,85690";"0,08535"
"44,84800";"6,84203";"0,08351"
"44,85800";"6,82715";"0,09007"
"44,86800";"6,81204";"0,08849"
"44,87800";"6,79705";"0,08724"
"44,88800";"6,78206";"0,09134"
"44,89800";"6,76706";"0,09201"
"44,90800";"6,75183";"0,09625"
"44,91800";"6,73684";"0,10217"
"44,92800";"6,72197";"0,09660"
"44,93800";"6,70709";"0,09586"
"44,94800";"6,69210";"0,10350"
"44,95800";"6,67699";"0,10179"
"44,96800";"6,66188";"0,09192"
"44,97800";"6,64700";"0,08390"
"44,98800";"6,63177";"0,08523"
"44,99800";"6,61678";"0,09002"
"45,00800";"6,60190";"0,08997"
"45,01800";"6,58726";"0,08144"
"45,02800";"6,57239";"0,07767"
"45,03800";"6,55728";"0,08591"
"45,04800";"6,54205";"0,08811"
"45,05800";"6,52694";"0,09255"
"45,06800";"6,51183";"0,10396"
"45,07800";"6,49672";"0,11024"
"45,08800";"6,48172";"0,10477"
"45,09800";"6,46696";"0,10003"
"45,10800";"6,45209";"0,08862"
"45,11800";"6,43710";"0,08490"
"45,12800";"6,42210";"0,08613"
"45,13800";"6,40711";"0,08867"
"45,14800";"6,39212";"0,08485"
"45,15800";"6,37712";"0,08103"
"45,16800";"6,36213";"0,07334"
"45,17800";"6,34714";"0,07344"
"45,18800";"6,33215";"0,07346"
"45,19800";"6,31703";"0,07749"
"45,20800";"6,30192";"0,08897"
"45,21800";"6,28693";"0,10064"
"45,22800";"6,27182";"0,09262"
"45,23800";"6,25694";"0,08266"
"45,24800";"6,24183";"0,07842"
"45,25800";"6,22696";"0,08139"
"45,26800";"6,21197";"0,08533"
"45,27800";"6,19685";"0,08959"
"45,28800";"6,18174";"0,09769"
"45,29800";"6,16675";"0,09853"
"45,30800";"6,15199";"0,10137"
"45,31800";"6,13700";"0,10706"
"45,32800";"6,12201";"0,10932"
"45,33800";"6,10701";"0,10853"
"45,34800";"6,09190";"0,10930"
"45,35800";"6,07691";"0,11037"
"45,36800";"6,06192";"0,10710"
"45,37800";"6,04681";"0,10239"
"45,38800";"6,03181";"0,09686"
"45,39800";"6,01706";"0,08846"
"45,40800";"6,00206";"0,08885"
"45,41800";"5,98695";"0,09501"
"45,42800";"5,97196";"0,09788"
"45,43800";"5,95708";"0,09397"
"45,44800";"5,94197";"0,09058"
"45,45800";"5,92686";"0,09293"
"45,46800";"5,91187";"0,09544"
"45,47800";"5,89699";"0,09453"
"45,48800";"5,88212";"0,09947"
"45,49800";"5,86713";"0,09694"
"45,50800";"5,85201";"0,09306"
"45,51800";"5,83702";"0,08412"
"45,52800";"5,82203";"0,08828"
"45,53800";"5,80692";"0,09302"
"45,54800";"5,79192";"0,09043"
"45,55800";"5,77729";"0,09001"
"45,56800";"5,76229";"0,10005"
"45,57800";"5,74718";"0,11123"
"45,58800";"5,73219";"0,11187"
"45,59800";"5,71719";"0,10558"
"45,60800";"5,70220";"0,10364"
"45,61800";"5,68709";"0,10177"
"45,62800";"5,67186";"0,09772"
"45,63800";"5,65699";"0,10214"
"45,64800";"5,64211";"0,10642"
"45,65800";"5,62700";"0,10452"
"45,66800";"5,61177";"0,09521"
"45,67800";"5,59678";"0,09165"
"45,68800";"5,58179";"0,09309"
"45,69800";"5,56679";"0,09646"
"45,70800";"5,55192";"0,09229"
"45,71800";"5,53704";"0,09947"
"45,72800";"5,52217";"0,09869"
"45,73800";"5,50717";"0,10023"
"45,74800";"5,49206";"0,10044"
"45,75800";"5,47695";"0,10173"
"45,76800";"5,46208";"0,10082"
"45,77800";"5,44697";"0,10120"
"45,78800";"5,43197";"0,10089"
"45,79800";"5,41698";"0,10149"
"45,80800";"5,40222";"0,10940"
"45,81800";"5,38711";"0,11304"
"45,82800";"5,37200";"0,11387"
"45,83800";"5,35701";"0,10992"
"45,84800";"5,34201";"0,10844"
"45,85800";"5,32714";"0,11867"
"45,86800";"5,31215";"0,12703"
"45,87800";"5,29715";"0,12116"
"45,88800";"5,28228";"0,11020"
"45,89800";"5,26717";"0,10008"
"45,90800";"5,25206";"0,09129"
"45,91800";"5,23706";"0,09321"
"45,92800";"5,22207";"0,09300"
"45,93800";"5,20708";"0,09538"
"45,94800";"5,19208";"0,09677"
"45,95800";"5,17709";"0,09220"
"45,96800";"5,16210";"0,08153"
"45,97800";"5,14722";"0,07553"
"45,98800";"5,13211";"0,07889"
"45,99800";"5,11700";"0,08102"
"46,00800";"5,10189";"0,08200"
"46,01800";"5,08701";"0,09006"
"46,02800";"5,07202";"0,09485"
"46,03800";"5,05703";"0,09374"
"46,04800";"5,04215";"0,09179"
"46,05800";"5,02716";"0,09079"
"46,06800";"5,01217";"0,09038"
"46,07800";"4,99706";"0,09059"
"46,08800";"4,98183";"0,09723"
"46,09800";"4,96695";"0,10079"
"46,10800";"4,95196";"0,09998"
"46,11800";"4,93685";"0,09353"
"46,12800";"4,92185";"0,08499"
"46,13800";"4,90686";"0,08067"
"46,14800";"4,89187";"0,08997"
"46,15800";"4,87676";"0,09297"
"46,16800";"4,86165";"0,08639"
"46,17800";"4,84677";"0,08438"
"46,18800";"4,83201";"0,09315"
"46,19800";"4,81714";"0,09925"
"46,20800";"4,80203";"0,10110"
"46,21800";"4,78703";"0,09168"
"46,22800";"4,77216";"0,08213"
"46,23800";"4,75705";"0,08019"
"46,24800";"4,74194";"0,07740"
"46,25800";"4,72683";"0,07366"
"46,26800";"4,71207";"0,07625"
"46,27800";"4,69731";"0,07739"
"46,28800";"4,68220";"0,08037"
"46,29800";"4,66709";"0,07499"
"46,30800";"4,65210";"0,07373"
"46,31800";"4,63710";"0,07602"
"46,32800";"4,62199";"0,08084"
"46,33800";"4,60700";"0,08506"
"46,34800";"4,59201";"0,08638"
"46,35800";"4,57713";"0,08937"
"46,36800";"4,56214";"0,10159"
"46,37800";"4,54715";"0,10645"
"46,38800";"4,53227";"0,09861"
"46,39800";"4,51728";"0,09363"
"46,40800";"4,50228";"0,09784"
"46,41800";"4,48717";"0,09436"
"46,42800";"4,47230";"0,08860"
"46,43800";"4,45742";"0,08797"
"46,44800";"4,44231";"0,08755"
"46,45800";"4,42720";"0,07915"
"46,46800";"4,41209";"0,07814"
"46,47800";"4,39710";"0,08741"
"46,48800";"4,38199";"0,09615"
"46,49800";"4,36699";"0,09756"
"46,50800";"4,35200";"0,08579"
"46,51800";"4,33724";"0,08050"
"46,52800";"4,32225";"0,08154"
"46,53800";"4,30702";"0,08351"
"46,54800";"4,29203";"0,08292"
"46,55800";"4,27715";"0,08112"
"46,56800";"4,26228";"0,08865"
"46,57800";"4,24717";"0,09474"
"46,58800";"4,23217";"0,09398"
"46,59800";"4,21742";"0,09188"
"46,60800";"4,20242";"0,09637"
"46,61800";"4,18719";"0,09104"
"46,62800";"4,17208";"0,08457"
"46,63800";"4,15709";"0,07972"
"46,64800";"4,14222";"0,07852"
"46,65800";"4,12722";"0,07961"
"46,66800";"4,11199";"0,07296"
"46,67800";"4,09712";"0,07359"
"46,68800";"4,08213";"0,07876"
"46,69800";"4,06701";"0,08704"
"46,70800";"4,05190";"0,09182"
"46,71800";"4,03691";"0,09250"
"46,72800";"4,02203";"0,09631"
"46,73800";"4,00704";"0,10590"
"46,74800";"3,99193";"0,10677"
"46,75800";"3,97694";"0,10264"
"46,76800";"3,96194";"0,09824"
"46,77800";"3,94695";"0,09805"
"46,78800";"3,93172";"0,08876"
"46,79800";"3,91673";"0,07573"
"46,80800";"3,90185";"0,07238"
"46,81800";"3,88698";"0,07928"
"46,82800";"3,87187";"0,08749"
"46,83800";"3,85664";"0,08850"
"46,84800";"3,84165";"0,08717"
"46,85800";"3,82665";"0,09118"
"46,86800";"3,81154";"0,09245"
"46,87800";"3,79655";"0,08464"
"46,88800";"3,78179";"0,08099"
"46,89800";"3,76692";"0,08202"
"46,90800";"3,75192";"0,08359"
"46,91800";"3,73681";"0,08202"
"46,92800";"3,72182";"0,08130"
"46,93800";"3,70694";"0,08672"
"46,94800";"3,69172";"0,08690"
"46,95800";"3,67660";"0,08380"
"46,96800";"3,66173";"0,07631"
"46,97800";"3,64697";"0,07421"
"46,98800";"3,63186";"0,07692"
"46,99800";"3,61687";"0,08387"
"47,00800";"3,60187";"0,08696"
"47,01800";"3,58700";"0,09117"
"47,02800";"3,57201";"0,09706"
"47,03800";"3,55690";"0,09336"
"47,04800";"3,54202";"0,08745"
"47,05800";"3,52726";"0,08668"
"47,06800";"3,51227";"0,08513"
"47,07800";"3,49716";"0,07752"
"47,08800";"3,48205";"0,06645"
"47,09800";"3,46717";"0,06456"
"47,10800";"3,45206";"0,06724"
"47,11800";"3,43695";"0,07304"
"47,12800";"3,42208";"0,07678"
"47,13800";"3,40720";"0,06770"
"47,14800";"3,39233";"0,07008"
"47,15800";"3,37722";"0,06797"
"47,16800";"3,36199";"0,07171"
"47,17800";"3,34711";"0,07995"
"47,18800";"3,33212";"0,08421"
"47,19800";"3,31689";"0,08628"
"47,20800";"3,30190";"0,08737"
"47,21800";"3,28702";"0,09543"
"47,22800";"3,27215";"0,10112"
"47,23800";"3,25703";"0,09668"
"47,24800";"3,24192";"0,08513"
"47,25800";"3,22693";"0,08189"
"47,26800";"3,21206";"0,07879"
"47,27800";"3,19694";"0,07899"
"47,28800";"3,18195";"0,07791"
"47,29800";"3,16708";"0,07982"
"47,30800";"3,15208";"0,07647"
"47,31800";"3,13697";"0,08019"
"47,32800";"3,12186";"0,08318"
"47,33800";"3,10675";"0,08624"
"47,34800";"3,09187";"0,08994"
"47,35800";"3,07700";"0,09252"
"47,36800";"3,06201";"0,09094"
"47,37800";"3,04701";"0,08718"
"47,38800";"3,03214";"0,08234"
"47,39800";"3,01703";"0,07717"
"47,40800";"3,00192";"0,07669"
"47,41800";"2,98681";"0,08081"
"47,42800";"2,97181";"0,08558"
"47,43800";"2,95706";"0,08443"
"47,44800";"2,94206";"0,08811"
"47,45800";"2,92719";"0,08375"
"47,46800";"2,91208";"0,07567"
"47,47800";"2,89708";"0,07923"
"47,48800";"2,88197";"0,08811"
"47,49800";"2,86698";"0,09448"
"47,50800";"2,85187";"0,09348"
"47,51800";"2,83699";"0,09464"
"47,52800";"2,82200";"0,09931"
"47,53800";"2,80713";"0,09788"
"47,54800";"2,79213";"0,09126"
"47,55800";"2,77702";"0,08791"
"47,56800";"2,76191";"0,08688"
"47,57800";"2,74680";"0,08534"
"47,58800";"2,73169";"0,08037"
"47,59800";"2,71693";"0,08022"
"47,60800";"2,70194";"0,07940"
"47,61800";"2,68683";"0,07492"
"47,62800";"2,67183";"0,06627"
"47,63800";"2,65696";"0,06418"
"47,64800";"2,64197";"0,07416"
"47,65800";"2,62685";"0,08127"
"47,66800";"2,61174";"0,08224"
"47,67800";"2,59687";"0,08094"
"47,68800";"2,58211";"0,08296"
"47,69800";"2,56700";"0,09241"
"47,70800";"2,55189";"0,09685"
"47,71800";"2,53690";"0,09203"
"47,72800";"2,52190";"0,08287"
"47,73800";"2,50679";"0,08033"
"47,74800";"2,49180";"0,07354"
"47,75800";"2,47704";"0,07009"
"47,76800";"2,46217";"0,07517"
"47,77800";"2,44717";"0,08544"
"47,78800";"2,43194";"0,09331"
"47,79800";"2,41683";"0,08880"
"47,80800";"2,40184";"0,08546"
"47,81800";"2,38673";"0,08683"
"47,82800";"2,37162";"0,09394"
"47,83800";"2,35674";"0,09575"
"47,84800";"2,34199";"0,09227"
"47,85800";"2,32699";"0,08402"
"47,86800";"2,31200";"0,07485"
"47,87800";"2,29689";"0,07749"
"47,88800";"2,28201";"0,07913"
"47,89800";"2,26702";"0,08281"
"47,90800";"2,25203";"0,08763"
"47,91800";"2,23703";"0,08724"
"47,92800";"2,22216";"0,08660"
"47,93800";"2,20717";"0,08584"
"47,94800";"2,19206";"0,08893"
"47,95800";"2,17706";"0,08364"
"47,96800";"2,16207";"0,07568"
"47,97800";"2,14696";"0,07086"
"47,98800";"2,13197";"0,07010"
"47,99800";"2,11697";"0,07224"
"48,00800";"2,10210";"0,07758"
"48,01800";"2,08710";"0,08522"
"48,02800";"2,07188";"0,08849"
"48,03800";"2,05676";"0,08376"
"48,04800";"2,04177";"0,07881"
"48,05800";"2,02678";"0,07531"
"48,06800";"2,01190";"0,07460"
"48,07800";"1,99703";"0,07973"
"48,08800";"1,98203";"0,07883"
"48,09800";"1,96704";"0,07761"
"48,10800";"1,95205";"0,07003"
"48,11800";"1,93694";"0,07056"
"48,12800";"1,92194";"0,08166"
"48,13800";"1,90695";"0,08632"
"48,14800";"1,89208";"0,08388"
"48,15800";"1,87708";"0,08114"
"48,16800";"1,86209";"0,07492"
"48,17800";"1,84710";"0,06461"
"48,18800";"1,83199";"0,06475"
"48,19800";"1,81699";"0,07286"
"48,20800";"1,80188";"0,07983"
"48,21800";"1,78689";"0,07905"
"48,22800";"1,77201";"0,07614"
"48,23800";"1,75702";"0,07631"
"48,24800";"1,74203";"0,07277"
"48,25800";"1,72692";"0,06863"
"48,26800";"1,71204";"0,06829"
"48,27800";"1,69705";"0,06864"
"48,28800";"1,68194";"0,06876"
"48,29800";"1,66694";"0,07147"
"48,30800";"1,65207";"0,08140"
"48,31800";"1,63719";"0,09093"
"48,32800";"1,62208";"0,09109"
"48,33800";"1,60697";"0,08199"
"48,34800";"1,59198";"0,07753"
"48,35800";"1,57699";"0,07513"
"48,36800";"1,56187";"0,08130"
"48,37800";"1,54688";"0,08580"
"48,38800";"1,53201";"0,08460"
"48,39800";"1,51713";"0,08497"
"48,40800";"1,50202";"0,07921"
"48,41800";"1,48691";"0,07331"
"48,42800";"1,47192";"0,06836"
"48,43800";"1,45692";"0,06649"
"48,44800";"1,44193";"0,06474"
"48,45800";"1,42682";"0,06667"
"48,46800";"1,41206";"0,07028"
"48,47800";"1,39719";"0,07618"
"48,48800";"1,38208";"0,07943"
"48,49800";"1,36685";"0,07418"
"48,50800";"1,35185";"0,06578"
"48,51800";"1,33686";"0,06263"
"48,52800";"1,32175";"0,06414"
"48,53800";"1,30687";"0,07276"
"48,54800";"1,29188";"0,07650"
"48,55800";"1,27701";"0,08289"
"48,56800";"1,26213";"0,08218"
"48,57800";"1,24714";"0,07969"
"48,58800";"1,23203";"0,07724"
"48,59800";"1,21715";"0,07696"
"48,60800";"1,20216";"0,07141"
"48,61800";"1,18705";"0,06865"
"48,62800";"1,17206";"0,06199"
"48,63800";"1,15706";"0,05438"
"48,64800";"1,14207";"0,05598"
"48,65800";"1,12696";"0,05942"
"48,66800";"1,11185";"0,06601"
"48,67800";"1,09685";"0,06733"
"48,68800";"1,08198";"0,06799"
"48,69800";"1,06710";"0,07079"
"48,70800";"1,05211";"0,07545"
"48,71800";"1,03712";"0,07774"
"48,72800";"1,02213";"0,08217"
"48,73800";"1,00701";"0,07913"
"48,74800";"0,99202";"0,06793"
"48,75800";"0,97703";"0,05816"
"48,76800";"0,96203";"0,06260"
"48,77800";"0,94704";"0,07576"
"48,78800";"0,93205";"0,08104"
"48,79800";"0,91706";"0,08603"
"48,80800";"0,90206";"0,10001"
"48,81800";"0,88707";"0,09799"
"48,82800";"0,87196";"0,09005"
"48,83800";"0,85685";"0,08284"
"48,84800";"0,84185";"0,07739"
"48,85800";"0,82698";"0,07379"
"48,86800";"0,81199";"0,07071"
"48,87800";"0,79699";"0,06023"
"48,88800";"0,78212";"0,05768"
"48,89800";"0,76724";"0,06384"
"48,90800";"0,75225";"0,06579"
"48,91800";"0,73714";"0,06641"
"48,92800";"0,72215";"0,07039"
"48,93800";"0,70715";"0,06972"
"48,94800";"0,69204";"0,07480"
"48,95800";"0,67705";"0,07725"
"48,96800";"0,66194";"0,06745"
"48,97800";"0,64706";"0,05625"
"48,98800";"0,63207";"0,05186"
"48,99800";"0,61684";"0,05443"
"49,00800";"0,60185";"0,05253"
"49,01800";"0,58697";"0,05952"
"49,02800";"0,57198";"0,05948"
"49,03800";"0,55699";"0,05858"
"49,04800";"0,54188";"0,06566"
"49,05800";"0,52688";"0,08007"
"49,06800";"0,51189";"0,09236"
"49,07800";"0,49678";"0,09432"
"49,08800";"0,48178";"0,09167"
"49,09800";"0,46691";"0,08482"
"49,10800";"0,45215";"0,07994"
"49,11800";"0,43704";"0,07630"
"49,12800";"0,42193";"0,07054"
"49,13800";"0,40694";"0,07269"
"49,14800";"0,39194";"0,07957"
"49,15800";"0,37683";"0,08775"
"49,16800";"0,36172";"0,08814"
"49,17800";"0,34685";"0,08874"
"49,18800";"0,33197";"0,09089"
"49,19800";"0,31710";"0,08742"
"49,20800";"0,30199";"0,07718"
"49,21800";"0,28699";"0,07221"
"49,22800";"0,27212";"0,06852"
"49,23800";"0,25701";"0,06391"
"49,24800";"0,24201";"0,06580"
"49,25800";"0,22702";"0,07220"
"49,26800";"0,21215";"0,07036"
"49,27800";"0,19703";"0,07168"
"49,28800";"0,18181";"0,07460"
"49,29800";"0,16681";"0,07666"
"49,30800";"0,15182";"0,07706"
"49,31800";"0,13694";"0,08005"
"49,32800";"0,12195";"0,08266"
"49,33800";"0,10719";"0,08546"
"49,34800";"0,09244";"0,08180"
"49,35800";"0,07744";"0,08214"
"49,36800";"0,06222";"0,07948"
"49,37800";"0,04710";"0,07814"
"49,38800";"0,03223";"0,07064"
"49,39800";"0,01724";"0,07151"
"49,40800";"0,00224";"0,07184"
"49,41000";"-0,00083";"0,07198"
