Hardness 1 : Kraftbei  Hardness 1;"372,25143";N
A1 : A1;"0,84674";J
A2 : A2;"0,13298";J
Springiness : Springiness;"0,00066";m
Cohesiveness : Cohesiveness;"0,15705";
Chewiness : Chewiness;"0,03832";J

Zeit;Traversenweg;Kraft
(s);(mm);(N)
"0,00000";"0,00000";"0,43029"
"0,01000";"0,00094";"0,41805"
"0,02000";"0,00578";"0,42473"
"0,03000";"0,01641";"0,44679"
"0,04000";"0,03164";"0,46958"
"0,05000";"0,04935";"0,47854"
"0,06000";"0,06824";"0,47249"
"0,07000";"0,08736";"0,46400"
"0,08000";"0,10625";"0,45472"
"0,09000";"0,12467";"0,44138"
"0,10000";"0,14238";"0,42841"
"0,11000";"0,15961";"0,42646"
"0,12000";"0,17626";"0,42645"
"0,13000";"0,19278";"0,42366"
"0,14000";"0,20884";"0,42645"
"0,15000";"0,22478";"0,42551"
"0,16000";"0,24036";"0,42946"
"0,17000";"0,25594";"0,43105"
"0,18000";"0,27141";"0,43082"
"0,19000";"0,28664";"0,43675"
"0,20000";"0,30199";"0,43180"
"0,21000";"0,31733";"0,43344"
"0,22000";"0,33256";"0,43158"
"0,23000";"0,34767";"0,43179"
"0,24000";"0,36267";"0,42507"
"0,25000";"0,37766";"0,41835"
"0,26000";"0,39265";"0,42677"
"0,27000";"0,40765";"0,43307"
"0,28000";"0,42288";"0,43698"
"0,29000";"0,43799";"0,43659"
"0,30000";"0,45310";"0,43540"
"0,31000";"0,46809";"0,42850"
"0,32000";"0,48308";"0,42661"
"0,33000";"0,49808";"0,43580"
"0,34000";"0,51295";"0,43935"
"0,35000";"0,52794";"0,44287"
"0,36000";"0,54306";"0,44800"
"0,37000";"0,55805";"0,44876"
"0,38000";"0,57304";"0,44896"
"0,39000";"0,58803";"0,44174"
"0,40000";"0,60303";"0,43335"
"0,41000";"0,61814";"0,42929"
"0,42000";"0,63313";"0,42747"
"0,43000";"0,64812";"0,42440"
"0,44000";"0,66324";"0,42093"
"0,45000";"0,67823";"0,42006"
"0,46000";"0,69322";"0,43004"
"0,47000";"0,70810";"0,43870"
"0,48000";"0,72309";"0,44329"
"0,49000";"0,73808";"0,44242"
"0,50000";"0,75308";"0,44106"
"0,51000";"0,76807";"0,44325"
"0,52000";"0,78318";"0,43726"
"0,53000";"0,79817";"0,43624"
"0,54000";"0,81317";"0,43644"
"0,55000";"0,82816";"0,44208"
"0,56000";"0,84303";"0,44425"
"0,57000";"0,85791";"0,44187"
"0,58000";"0,87290";"0,43827"
"0,59000";"0,88778";"0,43386"
"0,60000";"0,90289";"0,43567"
"0,61000";"0,91800";"0,44544"
"0,62000";"0,93311";"0,45113"
"0,63000";"0,94810";"0,45768"
"0,64000";"0,96310";"0,46220"
"0,65000";"0,97809";"0,45315"
"0,66000";"0,99308";"0,44501"
"0,67000";"1,00808";"0,44065"
"0,68000";"1,02307";"0,44061"
"0,69000";"1,03818";"0,43965"
"0,70000";"1,05317";"0,43928"
"0,71000";"1,06817";"0,43391"
"0,72000";"1,08316";"0,42511"
"0,73000";"1,09815";"0,41879"
"0,74000";"1,11303";"0,42034"
"0,75000";"1,12802";"0,42471"
"0,76000";"1,14313";"0,42796"
"0,77000";"1,15801";"0,43389"
"0,78000";"1,17300";"0,44256"
"0,79000";"1,18799";"0,44012"
"0,80000";"1,20299";"0,43719"
"0,81000";"1,21798";"0,43526"
"0,82000";"1,23297";"0,44386"
"0,83000";"1,24797";"0,44973"
"0,84000";"1,26308";"0,44588"
"0,85000";"1,27819";"0,44170"
"0,86000";"1,29306";"0,44372"
"0,87000";"1,30806";"0,44348"
"0,88000";"1,32293";"0,44586"
"0,89000";"1,33792";"0,44323"
"0,90000";"1,35292";"0,44319"
"0,91000";"1,36791";"0,44607"
"0,92000";"1,38302";"0,44502"
"0,93000";"1,39813";"0,44578"
"0,94000";"1,41313";"0,44632"
"0,95000";"1,42812";"0,44828"
"0,96000";"1,44311";"0,44918"
"0,97000";"1,45799";"0,44498"
"0,98000";"1,47298";"0,44477"
"0,99000";"1,48797";"0,44403"
"1,00000";"1,50308";"0,44702"
"1,01000";"1,51808";"0,44400"
"1,02000";"1,53307";"0,44065"
"1,03000";"1,54806";"0,44075"
"1,04000";"1,56317";"0,44083"
"1,05000";"1,57805";"0,44506"
"1,06000";"1,59304";"0,44303"
"1,07000";"1,60803";"0,44003"
"1,08000";"1,62315";"0,43709"
"1,09000";"1,63814";"0,43736"
"1,10000";"1,65301";"0,43844"
"1,11000";"1,66801";"0,43131"
"1,12000";"1,68300";"0,43199"
"1,13000";"1,69799";"0,43301"
"1,14000";"1,71299";"0,43198"
"1,15000";"1,72810";"0,42906"
"1,16000";"1,74309";"0,41781"
"1,17000";"1,75808";"0,41478"
"1,18000";"1,77308";"0,41769"
"1,19000";"1,78807";"0,42248"
"1,20000";"1,80306";"0,43014"
"1,21000";"1,81794";"0,43472"
"1,22000";"1,83293";"0,42877"
"1,23000";"1,84792";"0,42463"
"1,24000";"1,86303";"0,42280"
"1,25000";"1,87803";"0,43082"
"1,26000";"1,89302";"0,44428"
"1,27000";"1,90790";"0,44952"
"1,28000";"1,92301";"0,45399"
"1,29000";"1,93788";"0,45220"
"1,30000";"1,95288";"0,44798"
"1,31000";"1,96775";"0,44642"
"1,32000";"1,98286";"0,45076"
"1,33000";"1,99797";"0,44779"
"1,34000";"2,01285";"0,44313"
"1,35000";"2,02772";"0,43737"
"1,36000";"2,04272";"0,43610"
"1,37000";"2,05771";"0,43734"
"1,38000";"2,07294";"0,43730"
"1,39000";"2,08805";"0,44004"
"1,40000";"2,10304";"0,44036"
"1,41000";"2,11803";"0,44013"
"1,42000";"2,13303";"0,44252"
"1,43000";"2,14814";"0,45017"
"1,44000";"2,16313";"0,45369"
"1,45000";"2,17824";"0,45361"
"1,46000";"2,19324";"0,44833"
"1,47000";"2,20835";"0,44265"
"1,48000";"2,22334";"0,43811"
"1,49000";"2,23833";"0,43751"
"1,50000";"2,25333";"0,42731"
"1,51000";"2,26820";"0,42343"
"1,52000";"2,28308";"0,42184"
"1,53000";"2,29783";"0,42464"
"1,54000";"2,31283";"0,42882"
"1,55000";"2,32782";"0,42591"
"1,56000";"2,34269";"0,42838"
"1,57000";"2,35757";"0,43628"
"1,58000";"2,37256";"0,43969"
"1,59000";"2,38744";"0,43563"
"1,60000";"2,40231";"0,43549"
"1,61000";"2,41731";"0,42920"
"1,62000";"2,43253";"0,42750"
"1,63000";"2,44765";"0,42489"
"1,64000";"2,46288";"0,41815"
"1,65000";"2,47799";"0,42331"
"1,66000";"2,49322";"0,42850"
"1,67000";"2,50821";"0,43982"
"1,68000";"2,52320";"0,44089"
"1,69000";"2,53808";"0,44197"
"1,70000";"2,55307";"0,44210"
"1,71000";"2,56794";"0,43798"
"1,72000";"2,58306";"0,43079"
"1,73000";"2,59805";"0,42668"
"1,74000";"2,61304";"0,42188"
"1,75000";"2,62815";"0,42115"
"1,76000";"2,64303";"0,42897"
"1,77000";"2,65790";"0,44100"
"1,78000";"2,67301";"0,44804"
"1,79000";"2,68801";"0,44836"
"1,80000";"2,70300";"0,44888"
"1,81000";"2,71799";"0,44670"
"1,82000";"2,73299";"0,44245"
"1,83000";"2,74798";"0,44502"
"1,84000";"2,76285";"0,44727"
"1,85000";"2,77773";"0,44814"
"1,86000";"2,79272";"0,45095"
"1,87000";"2,80760";"0,45246"
"1,88000";"2,82259";"0,45664"
"1,89000";"2,83747";"0,46317"
"1,90000";"2,85246";"0,46083"
"1,91000";"2,86745";"0,45324"
"1,92000";"2,88256";"0,44628"
"1,93000";"2,89767";"0,44124"
"1,94000";"2,91278";"0,43880"
"1,95000";"2,92801";"0,43348"
"1,96000";"2,94313";"0,42683"
"1,97000";"2,95824";"0,42634"
"1,98000";"2,97323";"0,43673"
"1,99000";"2,98834";"0,43550"
"2,00000";"3,00322";"0,43378"
"2,01000";"3,01833";"0,43094"
"2,02000";"3,03344";"0,43698"
"2,03000";"3,04843";"0,43548"
"2,04000";"3,06342";"0,43851"
"2,05000";"3,07830";"0,44208"
"2,06000";"3,09329";"0,43999"
"2,07000";"3,10828";"0,44664"
"2,08000";"3,12316";"0,44674"
"2,09000";"3,13815";"0,44040"
"2,10000";"3,15315";"0,43566"
"2,11000";"3,16814";"0,43423"
"2,12000";"3,18313";"0,43402"
"2,13000";"3,19812";"0,43456"
"2,14000";"3,21312";"0,43966"
"2,15000";"3,22799";"0,44550"
"2,16000";"3,24275";"0,44392"
"2,17000";"3,25762";"0,43690"
"2,18000";"3,27238";"0,43669"
"2,19000";"3,28737";"0,44045"
"2,20000";"3,30237";"0,43802"
"2,21000";"3,31748";"0,43200"
"2,22000";"3,33259";"0,43334"
"2,23000";"3,34782";"0,44233"
"2,24000";"3,36317";"0,44966"
"2,25000";"3,37840";"0,44828"
"2,26000";"3,39374";"0,43757"
"2,27000";"3,40874";"0,43501"
"2,28000";"3,42373";"0,43894"
"2,29000";"3,43872";"0,43913"
"2,30000";"3,45360";"0,44183"
"2,31000";"3,46847";"0,44427"
"2,32000";"3,48335";"0,44262"
"2,33000";"3,49810";"0,43749"
"2,34000";"3,51298";"0,43312"
"2,35000";"3,52797";"0,42572"
"2,36000";"3,54285";"0,42152"
"2,37000";"3,55784";"0,42279"
"2,38000";"3,57283";"0,43106"
"2,39000";"3,58783";"0,43582"
"2,40000";"3,60282";"0,44532"
"2,41000";"3,61793";"0,44713"
"2,42000";"3,63292";"0,44601"
"2,43000";"3,64803";"0,44804"
"2,44000";"3,66303";"0,44086"
"2,45000";"3,67802";"0,43919"
"2,46000";"3,69290";"0,43684"
"2,47000";"3,70765";"0,43070"
"2,48000";"3,72253";"0,43359"
"2,49000";"3,73764";"0,43428"
"2,50000";"3,75263";"0,43472"
"2,51000";"3,76762";"0,43928"
"2,52000";"3,78274";"0,43642"
"2,53000";"3,79785";"0,42642"
"2,54000";"3,81284";"0,42365"
"2,55000";"3,82783";"0,42721"
"2,56000";"3,84283";"0,43282"
"2,57000";"3,85806";"0,43265"
"2,58000";"3,87317";"0,43191"
"2,59000";"3,88840";"0,43339"
"2,60000";"3,90362";"0,43419"
"2,61000";"3,91862";"0,43244"
"2,62000";"3,93361";"0,43803"
"2,63000";"3,94849";"0,44400"
"2,64000";"3,96336";"0,44839"
"2,65000";"3,97824";"0,44744"
"2,66000";"3,99323";"0,44797"
"2,67000";"4,00810";"0,45050"
"2,68000";"4,02310";"0,45045"
"2,69000";"4,03821";"0,45170"
"2,70000";"4,05320";"0,44410"
"2,71000";"4,06808";"0,44362"
"2,72000";"4,08319";"0,44505"
"2,73000";"4,09818";"0,44833"
"2,74000";"4,11317";"0,45162"
"2,75000";"4,12805";"0,44672"
"2,76000";"4,14292";"0,43621"
"2,77000";"4,15780";"0,43386"
"2,78000";"4,17279";"0,43283"
"2,79000";"4,18767";"0,43278"
"2,80000";"4,20266";"0,43365"
"2,81000";"4,21765";"0,44035"
"2,82000";"4,23276";"0,44487"
"2,83000";"4,24776";"0,44148"
"2,84000";"4,26275";"0,43444"
"2,85000";"4,27786";"0,42911"
"2,86000";"4,29297";"0,42666"
"2,87000";"4,30808";"0,43252"
"2,88000";"4,32319";"0,44241"
"2,89000";"4,33842";"0,45043"
"2,90000";"4,35353";"0,45436"
"2,91000";"4,36853";"0,45858"
"2,92000";"4,38352";"0,46174"
"2,93000";"4,39840";"0,45959"
"2,94000";"4,41327";"0,45364"
"2,95000";"4,42826";"0,44948"
"2,96000";"4,44314";"0,44604"
"2,97000";"4,45825";"0,44305"
"2,98000";"4,47324";"0,43769"
"2,99000";"4,48824";"0,43414"
"3,00000";"4,50323";"0,44208"
"3,01000";"4,51810";"0,44393"
"3,02000";"4,53310";"0,43053"
"3,03000";"4,54797";"0,42132"
"3,04000";"4,56297";"0,42557"
"3,05000";"4,57784";"0,42532"
"3,06000";"4,59272";"0,42794"
"3,07000";"4,60771";"0,43795"
"3,08000";"4,62258";"0,44842"
"3,09000";"4,63758";"0,45427"
"3,10000";"4,65245";"0,45508"
"3,11000";"4,66756";"0,45850"
"3,12000";"4,68267";"0,45499"
"3,13000";"4,69778";"0,45075"
"3,14000";"4,71290";"0,44673"
"3,15000";"4,72801";"0,44392"
"3,16000";"4,74312";"0,44584"
"3,17000";"4,75823";"0,44718"
"3,18000";"4,77322";"0,44976"
"3,19000";"4,78822";"0,45758"
"3,20000";"4,80321";"0,46740"
"3,21000";"4,81832";"0,47152"
"3,22000";"4,83331";"0,47221"
"3,23000";"4,84831";"0,47357"
"3,24000";"4,86318";"0,48243"
"3,25000";"4,87806";"0,48736"
"3,26000";"4,89293";"0,49468"
"3,27000";"4,90792";"0,50828"
"3,28000";"4,92304";"0,52364"
"3,29000";"4,93803";"0,53547"
"3,30000";"4,95302";"0,54199"
"3,31000";"4,96790";"0,55061"
"3,32000";"4,98289";"0,55963"
"3,33000";"4,99788";"0,56344"
"3,34000";"5,01288";"0,56973"
"3,35000";"5,02787";"0,57077"
"3,36000";"5,04286";"0,57837"
"3,37000";"5,05797";"0,59303"
"3,38000";"5,07297";"0,60619"
"3,39000";"5,08808";"0,61566"
"3,40000";"5,10307";"0,63005"
"3,41000";"5,11794";"0,63378"
"3,42000";"5,13294";"0,63730"
"3,43000";"5,14793";"0,65353"
"3,44000";"5,16304";"0,66520"
"3,45000";"5,17827";"0,67615"
"3,46000";"5,19338";"0,68650"
"3,47000";"5,20837";"0,69682"
"3,48000";"5,22337";"0,71021"
"3,49000";"5,23813";"0,71813"
"3,50000";"5,25312";"0,72621"
"3,51000";"5,26811";"0,73749"
"3,52000";"5,28310";"0,74862"
"3,53000";"5,29822";"0,76139"
"3,54000";"5,31309";"0,78650"
"3,55000";"5,32808";"0,81426"
"3,56000";"5,34308";"0,83436"
"3,57000";"5,35795";"0,85050"
"3,58000";"5,37306";"0,85933"
"3,59000";"5,38806";"0,86715"
"3,60000";"5,40293";"0,87467"
"3,61000";"5,41792";"0,89084"
"3,62000";"5,43292";"0,90957"
"3,63000";"5,44791";"0,91785"
"3,64000";"5,46290";"0,92795"
"3,65000";"5,47778";"0,93925"
"3,66000";"5,49277";"0,95559"
"3,67000";"5,50788";"0,97306"
"3,68000";"5,52288";"0,98553"
"3,69000";"5,53799";"1,00368"
"3,70000";"5,55298";"1,02128"
"3,71000";"5,56797";"1,03484"
"3,72000";"5,58297";"1,04873"
"3,73000";"5,59784";"1,06604"
"3,74000";"5,61295";"1,07802"
"3,75000";"5,62794";"1,09627"
"3,76000";"5,64306";"1,11310"
"3,77000";"5,65817";"1,13681"
"3,78000";"5,67316";"1,17035"
"3,79000";"5,68827";"1,19612"
"3,80000";"5,70326";"1,21997"
"3,81000";"5,71826";"1,24510"
"3,82000";"5,73325";"1,27500"
"3,83000";"5,74824";"1,30188"
"3,84000";"5,76335";"1,32942"
"3,85000";"5,77823";"1,35604"
"3,86000";"5,79310";"1,37901"
"3,87000";"5,80810";"1,40482"
"3,88000";"5,82297";"1,43867"
"3,89000";"5,83785";"1,47139"
"3,90000";"5,85284";"1,50482"
"3,91000";"5,86783";"1,54179"
"3,92000";"5,88283";"1,58255"
"3,93000";"5,89782";"1,62415"
"3,94000";"5,91281";"1,66574"
"3,95000";"5,92781";"1,70780"
"3,96000";"5,94280";"1,75040"
"3,97000";"5,95791";"1,79526"
"3,98000";"5,97302";"1,84667"
"3,99000";"5,98801";"1,89969"
"4,00000";"6,00312";"1,94859"
"4,01000";"6,01812";"1,99921"
"4,02000";"6,03311";"2,05332"
"4,03000";"6,04822";"2,11448"
"4,04000";"6,06310";"2,17093"
"4,05000";"6,07809";"2,22902"
"4,06000";"6,09308";"2,29224"
"4,07000";"6,10808";"2,35536"
"4,08000";"6,12307";"2,42665"
"4,09000";"6,13806";"2,49635"
"4,10000";"6,15294";"2,56323"
"4,11000";"6,16793";"2,63229"
"4,12000";"6,18292";"2,70401"
"4,13000";"6,19792";"2,76910"
"4,14000";"6,21303";"2,83198"
"4,15000";"6,22802";"2,90162"
"4,16000";"6,24313";"2,96977"
"4,17000";"6,25824";"3,03615"
"4,18000";"6,27312";"3,10351"
"4,19000";"6,28811";"3,17230"
"4,20000";"6,30299";"3,23292"
"4,21000";"6,31798";"3,29617"
"4,22000";"6,33297";"3,36682"
"4,23000";"6,34796";"3,44233"
"4,24000";"6,36284";"3,51058"
"4,25000";"6,37783";"3,57837"
"4,26000";"6,39294";"3,64265"
"4,27000";"6,40794";"3,70756"
"4,28000";"6,42281";"3,77573"
"4,29000";"6,43792";"3,85154"
"4,30000";"6,45292";"3,92639"
"4,31000";"6,46791";"3,99428"
"4,32000";"6,48302";"4,06290"
"4,33000";"6,49801";"4,13241"
"4,34000";"6,51301";"4,19493"
"4,35000";"6,52800";"4,26788"
"4,36000";"6,54287";"4,33948"
"4,37000";"6,55787";"4,41578"
"4,38000";"6,57286";"4,49556"
"4,39000";"6,58797";"4,57465"
"4,40000";"6,60297";"4,64267"
"4,41000";"6,61796";"4,71638"
"4,42000";"6,63295";"4,78994"
"4,43000";"6,64783";"4,86077"
"4,44000";"6,66282";"4,92963"
"4,45000";"6,67781";"4,99402"
"4,46000";"6,69281";"5,06972"
"4,47000";"6,70780";"5,15206"
"4,48000";"6,72291";"5,23333"
"4,49000";"6,73778";"5,31017"
"4,50000";"6,75290";"5,38397"
"4,51000";"6,76789";"5,46875"
"4,52000";"6,78276";"5,55274"
"4,53000";"6,79788";"5,63778"
"4,54000";"6,81299";"5,72273"
"4,55000";"6,82798";"5,79712"
"4,56000";"6,84297";"5,86843"
"4,57000";"6,85808";"5,94344"
"4,58000";"6,87308";"6,02115"
"4,59000";"6,88807";"6,09919"
"4,60000";"6,90306";"6,18464"
"4,61000";"6,91806";"6,26925"
"4,62000";"6,93305";"6,34630"
"4,63000";"6,94816";"6,42223"
"4,64000";"6,96315";"6,49954"
"4,65000";"6,97815";"6,57442"
"4,66000";"6,99314";"6,65492"
"4,67000";"7,00801";"6,73885"
"4,68000";"7,02289";"6,82812"
"4,69000";"7,03788";"6,92115"
"4,70000";"7,05276";"7,01566"
"4,71000";"7,06775";"7,09750"
"4,72000";"7,08286";"7,17924"
"4,73000";"7,09785";"7,25468"
"4,74000";"7,11285";"7,32637"
"4,75000";"7,12784";"7,40151"
"4,76000";"7,14283";"7,48424"
"4,77000";"7,15783";"7,56560"
"4,78000";"7,17294";"7,65108"
"4,79000";"7,18805";"7,73298"
"4,80000";"7,20304";"7,82557"
"4,81000";"7,21803";"7,92108"
"4,82000";"7,23303";"8,00459"
"4,83000";"7,24802";"8,08048"
"4,84000";"7,26301";"8,15386"
"4,85000";"7,27813";"8,22946"
"4,86000";"7,29312";"8,31262"
"4,87000";"7,30811";"8,40239"
"4,88000";"7,32310";"8,48914"
"4,89000";"7,33810";"8,57453"
"4,90000";"7,35309";"8,65512"
"4,91000";"7,36797";"8,74041"
"4,92000";"7,38296";"8,83571"
"4,93000";"7,39807";"8,92398"
"4,94000";"7,41318";"9,01323"
"4,95000";"7,42817";"9,10276"
"4,96000";"7,44317";"9,18584"
"4,97000";"7,45804";"9,27084"
"4,98000";"7,47292";"9,35845"
"4,99000";"7,48791";"9,44671"
"5,00000";"7,50290";"9,54193"
"5,01000";"7,51790";"9,63880"
"5,02000";"7,53289";"9,73350"
"5,03000";"7,54788";"9,82390"
"5,04000";"7,56299";"9,91783"
"5,05000";"7,57799";"10,01310"
"5,06000";"7,59286";"10,10037"
"5,07000";"7,60774";"10,19236"
"5,08000";"7,62273";"10,28045"
"5,09000";"7,63784";"10,37584"
"5,10000";"7,65283";"10,47220"
"5,11000";"7,66794";"10,56276"
"5,12000";"7,68294";"10,65239"
"5,13000";"7,69793";"10,73438"
"5,14000";"7,71292";"10,81710"
"5,15000";"7,72792";"10,90954"
"5,16000";"7,74303";"11,00641"
"5,17000";"7,75790";"11,11129"
"5,18000";"7,77290";"11,21238"
"5,19000";"7,78789";"11,31427"
"5,20000";"7,80276";"11,40934"
"5,21000";"7,81776";"11,50165"
"5,22000";"7,83275";"11,59037"
"5,23000";"7,84774";"11,68096"
"5,24000";"7,86274";"11,76656"
"5,25000";"7,87785";"11,85745"
"5,26000";"7,89284";"11,95258"
"5,27000";"7,90795";"12,04968"
"5,28000";"7,92294";"12,14805"
"5,29000";"7,93794";"12,24485"
"5,30000";"7,95281";"12,33879"
"5,31000";"7,96769";"12,43492"
"5,32000";"7,98280";"12,53225"
"5,33000";"7,99779";"12,63435"
"5,34000";"8,01290";"12,74061"
"5,35000";"8,02801";"12,84975"
"5,36000";"8,04301";"12,94523"
"5,37000";"8,05800";"13,04603"
"5,38000";"8,07299";"13,14379"
"5,39000";"8,08799";"13,24626"
"5,40000";"8,10298";"13,35256"
"5,41000";"8,11797";"13,46272"
"5,42000";"8,13308";"13,56759"
"5,43000";"8,14808";"13,66417"
"5,44000";"8,16307";"13,75948"
"5,45000";"8,17818";"13,86019"
"5,46000";"8,19306";"13,96261"
"5,47000";"8,20805";"14,06659"
"5,48000";"8,22304";"14,16757"
"5,49000";"8,23803";"14,26550"
"5,50000";"8,25315";"14,37005"
"5,51000";"8,26814";"14,47578"
"5,52000";"8,28313";"14,58321"
"5,53000";"8,29813";"14,69492"
"5,54000";"8,31312";"14,79918"
"5,55000";"8,32811";"14,90774"
"5,56000";"8,34322";"15,01067"
"5,57000";"8,35822";"15,11100"
"5,58000";"8,37321";"15,22130"
"5,59000";"8,38808";"15,32811"
"5,60000";"8,40296";"15,43775"
"5,61000";"8,41795";"15,54699"
"5,62000";"8,43294";"15,64966"
"5,63000";"8,44782";"15,74898"
"5,64000";"8,46293";"15,85175"
"5,65000";"8,47792";"15,96199"
"5,66000";"8,49304";"16,08216"
"5,67000";"8,50815";"16,20000"
"5,68000";"8,52314";"16,30941"
"5,69000";"8,53801";"16,42675"
"5,70000";"8,55301";"16,54717"
"5,71000";"8,56800";"16,65968"
"5,72000";"8,58299";"16,76535"
"5,73000";"8,59810";"16,87396"
"5,74000";"8,61322";"16,97624"
"5,75000";"8,62821";"17,08782"
"5,76000";"8,64320";"17,20491"
"5,77000";"8,65808";"17,32471"
"5,78000";"8,67295";"17,44388"
"5,79000";"8,68795";"17,55838"
"5,80000";"8,70306";"17,67114"
"5,81000";"8,71793";"17,78853"
"5,82000";"8,73292";"17,90718"
"5,83000";"8,74792";"18,02001"
"5,84000";"8,76303";"18,12417"
"5,85000";"8,77790";"18,24284"
"5,86000";"8,79278";"18,36693"
"5,87000";"8,80789";"18,48798"
"5,88000";"8,82288";"18,60777"
"5,89000";"8,83788";"18,73584"
"5,90000";"8,85287";"18,86628"
"5,91000";"8,86786";"18,98917"
"5,92000";"8,88285";"19,10928"
"5,93000";"8,89785";"19,22387"
"5,94000";"8,91272";"19,33958"
"5,95000";"8,92783";"19,45457"
"5,96000";"8,94294";"19,57455"
"5,97000";"8,95794";"19,69394"
"5,98000";"8,97293";"19,81782"
"5,99000";"8,98792";"19,95050"
"6,00000";"9,00292";"20,08615"
"6,01000";"9,01779";"20,21506"
"6,02000";"9,03279";"20,33894"
"6,03000";"9,04778";"20,46457"
"6,04000";"9,06289";"20,58894"
"6,05000";"9,07800";"20,72228"
"6,06000";"9,09287";"20,85585"
"6,07000";"9,10799";"20,98384"
"6,08000";"9,12298";"21,11698"
"6,09000";"9,13797";"21,24292"
"6,10000";"9,15285";"21,36205"
"6,11000";"9,16796";"21,48953"
"6,12000";"9,18295";"21,62801"
"6,13000";"9,19806";"21,76761"
"6,14000";"9,21317";"21,90598"
"6,15000";"9,22817";"22,04640"
"6,16000";"9,24316";"22,18741"
"6,17000";"9,25815";"22,32465"
"6,18000";"9,27315";"22,46158"
"6,19000";"9,28814";"22,59684"
"6,20000";"9,30313";"22,73428"
"6,21000";"9,31824";"22,87222"
"6,22000";"9,33324";"23,01088"
"6,23000";"9,34811";"23,14895"
"6,24000";"9,36310";"23,29247"
"6,25000";"9,37810";"23,42734"
"6,26000";"9,39309";"23,55962"
"6,27000";"9,40808";"23,69734"
"6,28000";"9,42308";"23,84555"
"6,29000";"9,43819";"23,99432"
"6,30000";"9,45318";"24,13592"
"6,31000";"9,46817";"24,28094"
"6,32000";"9,48305";"24,41965"
"6,33000";"9,49792";"24,55393"
"6,34000";"9,51304";"24,69306"
"6,35000";"9,52803";"24,84348"
"6,36000";"9,54302";"24,99582"
"6,37000";"9,55813";"25,14543"
"6,38000";"9,57312";"25,30153"
"6,39000";"9,58812";"25,46130"
"6,40000";"9,60299";"25,61521"
"6,41000";"9,61799";"25,76090"
"6,42000";"9,63298";"25,90584"
"6,43000";"9,64797";"26,05883"
"6,44000";"9,66297";"26,21766"
"6,45000";"9,67796";"26,37384"
"6,46000";"9,69295";"26,52969"
"6,47000";"9,70806";"26,68384"
"6,48000";"9,72294";"26,84024"
"6,49000";"9,73793";"26,99819"
"6,50000";"9,75304";"27,15370"
"6,51000";"9,76803";"27,31620"
"6,52000";"9,78303";"27,47905"
"6,53000";"9,79790";"27,63896"
"6,54000";"9,81290";"27,79135"
"6,55000";"9,82801";"27,94602"
"6,56000";"9,84288";"28,10548"
"6,57000";"9,85787";"28,26883"
"6,58000";"9,87299";"28,43843"
"6,59000";"9,88798";"28,60668"
"6,60000";"9,90309";"28,77278"
"6,61000";"9,91808";"28,94384"
"6,62000";"9,93308";"29,11059"
"6,63000";"9,94807";"29,28202"
"6,64000";"9,96294";"29,45570"
"6,65000";"9,97794";"29,62630"
"6,66000";"9,99293";"29,79934"
"6,67000";"10,00804";"29,96714"
"6,68000";"10,02304";"30,13558"
"6,69000";"10,03803";"30,29979"
"6,70000";"10,05302";"30,48018"
"6,71000";"10,06801";"30,66391"
"6,72000";"10,08301";"30,83970"
"6,73000";"10,09800";"31,01131"
"6,74000";"10,11299";"31,18809"
"6,75000";"10,12799";"31,37235"
"6,76000";"10,14310";"31,55790"
"6,77000";"10,15809";"31,73491"
"6,78000";"10,17308";"31,92092"
"6,79000";"10,18820";"32,10122"
"6,80000";"10,20319";"32,28613"
"6,81000";"10,21818";"32,46993"
"6,82000";"10,23329";"32,65812"
"6,83000";"10,24840";"32,84035"
"6,84000";"10,26340";"33,02813"
"6,85000";"10,27827";"33,22055"
"6,86000";"10,29315";"33,40584"
"6,87000";"10,30814";"33,58957"
"6,88000";"10,32313";"33,77747"
"6,89000";"10,33813";"33,96959"
"6,90000";"10,35312";"34,16495"
"6,91000";"10,36823";"34,36798"
"6,92000";"10,38322";"34,57977"
"6,93000";"10,39822";"34,78692"
"6,94000";"10,41321";"34,98032"
"6,95000";"10,42808";"35,16564"
"6,96000";"10,44308";"35,35358"
"6,97000";"10,45807";"35,54816"
"6,98000";"10,47318";"35,74653"
"6,99000";"10,48817";"35,94691"
"7,00000";"10,50317";"36,15696"
"7,01000";"10,51816";"36,37663"
"7,02000";"10,53315";"36,59301"
"7,03000";"10,54803";"36,79936"
"7,04000";"10,56290";"36,99602"
"7,05000";"10,57790";"37,19729"
"7,06000";"10,59289";"37,39931"
"7,07000";"10,60788";"37,60884"
"7,08000";"10,62288";"37,82227"
"7,09000";"10,63787";"38,03727"
"7,10000";"10,65286";"38,26566"
"7,11000";"10,66785";"38,48175"
"7,12000";"10,68285";"38,70160"
"7,13000";"10,69784";"38,91229"
"7,14000";"10,71283";"39,11333"
"7,15000";"10,72794";"39,32875"
"7,16000";"10,74282";"39,55337"
"7,17000";"10,75781";"39,78110"
"7,18000";"10,77292";"40,00753"
"7,19000";"10,78780";"40,22710"
"7,20000";"10,80279";"40,45210"
"7,21000";"10,81779";"40,68902"
"7,22000";"10,83290";"40,93080"
"7,23000";"10,84789";"41,16949"
"7,24000";"10,86300";"41,40282"
"7,25000";"10,87799";"41,63260"
"7,26000";"10,89287";"41,86615"
"7,27000";"10,90786";"42,09628"
"7,28000";"10,92285";"42,32608"
"7,29000";"10,93785";"42,56297"
"7,30000";"10,95296";"42,80561"
"7,31000";"10,96807";"43,05002"
"7,32000";"10,98306";"43,29559"
"7,33000";"10,99806";"43,53859"
"7,34000";"11,01305";"43,78118"
"7,35000";"11,02792";"44,02360"
"7,36000";"11,04292";"44,26936"
"7,37000";"11,05803";"44,52079"
"7,38000";"11,07302";"44,77703"
"7,39000";"11,08801";"45,02303"
"7,40000";"11,10301";"45,26724"
"7,41000";"11,11800";"45,51147"
"7,42000";"11,13311";"45,75616"
"7,43000";"11,14799";"46,00278"
"7,44000";"11,16310";"46,25812"
"7,45000";"11,17809";"46,52241"
"7,46000";"11,19308";"46,78227"
"7,47000";"11,20808";"47,04693"
"7,48000";"11,22307";"47,30764"
"7,49000";"11,23806";"47,56656"
"7,50000";"11,25306";"47,82651"
"7,51000";"11,26805";"48,08783"
"7,52000";"11,28304";"48,34497"
"7,53000";"11,29815";"48,60698"
"7,54000";"11,31315";"48,86823"
"7,55000";"11,32814";"49,13740"
"7,56000";"11,34301";"49,40333"
"7,57000";"11,35801";"49,66559"
"7,58000";"11,37288";"49,92321"
"7,59000";"11,38788";"50,18625"
"7,60000";"11,40298";"50,45874"
"7,61000";"11,41798";"50,73912"
"7,62000";"11,43309";"51,02269"
"7,63000";"11,44820";"51,29617"
"7,64000";"11,46319";"51,56103"
"7,65000";"11,47807";"51,83289"
"7,66000";"11,49306";"52,11312"
"7,67000";"11,50794";"52,39107"
"7,68000";"11,52305";"52,67244"
"7,69000";"11,53804";"52,95476"
"7,70000";"11,55304";"53,24678"
"7,71000";"11,56815";"53,54257"
"7,72000";"11,58314";"53,83687"
"7,73000";"11,59813";"54,11686"
"7,74000";"11,61312";"54,38935"
"7,75000";"11,62812";"54,66345"
"7,76000";"11,64311";"54,94470"
"7,77000";"11,65822";"55,23137"
"7,78000";"11,67322";"55,52720"
"7,79000";"11,68809";"55,81882"
"7,80000";"11,70308";"56,10740"
"7,81000";"11,71808";"56,39233"
"7,82000";"11,73295";"56,67633"
"7,83000";"11,74794";"56,96711"
"7,84000";"11,76306";"57,25906"
"7,85000";"11,77817";"57,55131"
"7,86000";"11,79304";"57,84243"
"7,87000";"11,80803";"58,12974"
"7,88000";"11,82303";"58,42591"
"7,89000";"11,83802";"58,72522"
"7,90000";"11,85290";"59,01639"
"7,91000";"11,86777";"59,30425"
"7,92000";"11,88288";"59,58816"
"7,93000";"11,89787";"59,87027"
"7,94000";"11,91299";"60,15725"
"7,95000";"11,92798";"60,44629"
"7,96000";"11,94297";"60,73025"
"7,97000";"11,95797";"61,00543"
"7,98000";"11,97284";"61,27959"
"7,99000";"11,98795";"61,55040"
"8,00000";"12,00294";"61,83817"
"8,01000";"12,01794";"62,13979"
"8,02000";"12,03293";"62,43744"
"8,03000";"12,04792";"62,72510"
"8,04000";"12,06292";"63,01811"
"8,05000";"12,07791";"63,31125"
"8,06000";"12,09290";"63,60181"
"8,07000";"12,10790";"63,88776"
"8,08000";"12,12301";"64,17366"
"8,09000";"12,13800";"64,46160"
"8,10000";"12,15299";"64,74896"
"8,11000";"12,16787";"65,03406"
"8,12000";"12,18286";"65,31869"
"8,13000";"12,19785";"65,60291"
"8,14000";"12,21285";"65,88824"
"8,15000";"12,22772";"66,16521"
"8,16000";"12,24283";"66,43979"
"8,17000";"12,25795";"66,71077"
"8,18000";"12,27294";"66,98969"
"8,19000";"12,28793";"67,27281"
"8,20000";"12,30280";"67,55305"
"8,21000";"12,31768";"67,82657"
"8,22000";"12,33267";"68,09172"
"8,23000";"12,34767";"68,35524"
"8,24000";"12,36278";"68,62418"
"8,25000";"12,37789";"68,89491"
"8,26000";"12,39300";"69,16797"
"8,27000";"12,40799";"69,44265"
"8,28000";"12,42299";"69,70795"
"8,29000";"12,43798";"69,96676"
"8,30000";"12,45297";"70,19989"
"8,31000";"12,46797";"70,41951"
"8,32000";"12,48284";"70,63515"
"8,33000";"12,49783";"70,85496"
"8,34000";"12,51294";"71,06873"
"8,35000";"12,52805";"71,28076"
"8,36000";"12,54305";"71,50122"
"8,37000";"12,55792";"71,72803"
"8,38000";"12,57292";"71,94270"
"8,39000";"12,58791";"72,15073"
"8,40000";"12,60290";"72,36355"
"8,41000";"12,61790";"72,57255"
"8,42000";"12,63289";"72,79540"
"8,43000";"12,64776";"73,02422"
"8,44000";"12,66288";"73,25378"
"8,45000";"12,67775";"73,48162"
"8,46000";"12,69286";"73,70779"
"8,47000";"12,70797";"73,93378"
"8,48000";"12,72308";"74,17138"
"8,49000";"12,73819";"74,41785"
"8,50000";"12,75319";"74,66708"
"8,51000";"12,76818";"74,90341"
"8,52000";"12,78317";"75,13444"
"8,53000";"12,79805";"75,35626"
"8,54000";"12,81304";"75,56795"
"8,55000";"12,82815";"75,78046"
"8,56000";"12,84315";"75,99338"
"8,57000";"12,85802";"76,19459"
"8,58000";"12,87301";"76,38833"
"8,59000";"12,88813";"76,57299"
"8,60000";"12,90300";"76,75469"
"8,61000";"12,91776";"76,93380"
"8,62000";"12,93275";"77,09937"
"8,63000";"12,94786";"77,25936"
"8,64000";"12,96274";"77,42213"
"8,65000";"12,97773";"77,57714"
"8,66000";"12,99284";"77,73261"
"8,67000";"13,00795";"77,87730"
"8,68000";"13,02306";"78,01245"
"8,69000";"13,03794";"78,13214"
"8,70000";"13,05305";"78,21505"
"8,71000";"13,06816";"78,26710"
"8,72000";"13,08315";"78,30675"
"8,73000";"13,09814";"78,32919"
"8,74000";"13,11314";"78,34334"
"8,75000";"13,12813";"78,35121"
"8,76000";"13,14301";"78,35376"
"8,77000";"13,15788";"78,36259"
"8,78000";"13,17276";"78,38169"
"8,79000";"13,18775";"78,41228"
"8,80000";"13,20286";"78,45002"
"8,81000";"13,21785";"78,47916"
"8,82000";"13,23297";"78,50000"
"8,83000";"13,24796";"78,51194"
"8,84000";"13,26283";"78,52895"
"8,85000";"13,27771";"78,54558"
"8,86000";"13,29270";"78,57805"
"8,87000";"13,30781";"78,62755"
"8,88000";"13,32292";"78,68992"
"8,89000";"13,33792";"78,75954"
"8,90000";"13,35303";"78,81188"
"8,91000";"13,36802";"78,85476"
"8,92000";"13,38301";"78,88031"
"8,93000";"13,39789";"78,87879"
"8,94000";"13,41288";"78,85280"
"8,95000";"13,42799";"78,80844"
"8,96000";"13,44299";"78,72493"
"8,97000";"13,45798";"78,56879"
"8,98000";"13,47309";"78,31296"
"8,99000";"13,48808";"77,94662"
"9,00000";"13,50308";"77,50256"
"9,01000";"13,51807";"76,98960"
"9,02000";"13,53306";"76,46923"
"9,03000";"13,54794";"75,98924"
"9,04000";"13,56305";"75,58835"
"9,05000";"13,57804";"75,25321"
"9,06000";"13,59303";"74,94449"
"9,07000";"13,60803";"74,65233"
"9,08000";"13,62290";"74,38939"
"9,09000";"13,63790";"74,15710"
"9,10000";"13,65289";"73,95265"
"9,11000";"13,66800";"73,76769"
"9,12000";"13,68311";"73,61003"
"9,13000";"13,69810";"73,47138"
"9,14000";"13,71321";"73,33465"
"9,15000";"13,72809";"73,19032"
"9,16000";"13,74308";"73,03249"
"9,17000";"13,75808";"72,87240"
"9,18000";"13,77295";"72,71295"
"9,19000";"13,78794";"72,55667"
"9,20000";"13,80306";"72,41358"
"9,21000";"13,81817";"72,28472"
"9,22000";"13,83328";"72,15603"
"9,23000";"13,84815";"72,00665"
"9,24000";"13,86315";"71,82307"
"9,25000";"13,87814";"71,59279"
"9,26000";"13,89313";"71,34627"
"9,27000";"13,90801";"71,10687"
"9,28000";"13,92312";"70,88239"
"9,29000";"13,93811";"70,68011"
"9,30000";"13,95322";"70,50895"
"9,31000";"13,96821";"70,34955"
"9,32000";"13,98309";"70,18730"
"9,33000";"13,99820";"70,01806"
"9,34000";"14,01319";"69,85087"
"9,35000";"14,02819";"69,67964"
"9,36000";"14,04318";"69,49863"
"9,37000";"14,05805";"69,32150"
"9,38000";"14,07293";"69,14958"
"9,39000";"14,08781";"68,98812"
"9,40000";"14,10268";"68,82861"
"9,41000";"14,11779";"68,67813"
"9,42000";"14,13278";"68,54328"
"9,43000";"14,14790";"68,39735"
"9,44000";"14,16301";"68,20953"
"9,45000";"14,17800";"67,98209"
"9,46000";"14,19299";"67,72224"
"9,47000";"14,20799";"67,42332"
"9,48000";"14,22286";"67,09162"
"9,49000";"14,23797";"66,77186"
"9,50000";"14,25296";"66,50063"
"9,51000";"14,26808";"66,27763"
"9,52000";"14,28319";"66,10193"
"9,53000";"14,29818";"65,98109"
"9,54000";"14,31317";"65,90827"
"9,55000";"14,32817";"65,88118"
"9,56000";"14,34304";"65,88303"
"9,57000";"14,35803";"65,89052"
"9,58000";"14,37303";"65,90106"
"9,59000";"14,38802";"65,90419"
"9,60000";"14,40301";"65,89317"
"9,61000";"14,41813";"65,87086"
"9,62000";"14,43312";"65,84029"
"9,63000";"14,44811";"65,81665"
"9,64000";"14,46299";"65,79859"
"9,65000";"14,47810";"65,78623"
"9,66000";"14,49321";"65,78892"
"9,67000";"14,50820";"65,80197"
"9,68000";"14,52308";"65,79255"
"9,69000";"14,53807";"65,75729"
"9,70000";"14,55318";"65,72388"
"9,71000";"14,56817";"65,69514"
"9,72000";"14,58305";"65,67058"
"9,73000";"14,59816";"65,63736"
"9,74000";"14,61327";"65,61665"
"9,75000";"14,62826";"65,62327"
"9,76000";"14,64326";"65,63186"
"9,77000";"14,65813";"65,64429"
"9,78000";"14,67313";"65,65905"
"9,79000";"14,68800";"65,67490"
"9,80000";"14,70287";"65,69373"
"9,81000";"14,71799";"65,71667"
"9,82000";"14,73298";"65,75585"
"9,83000";"14,74821";"65,82237"
"9,84000";"14,76320";"65,90419"
"9,85000";"14,77820";"65,98226"
"9,86000";"14,79319";"66,06253"
"9,87000";"14,80818";"66,15474"
"9,88000";"14,82306";"66,24651"
"9,89000";"14,83817";"66,34123"
"9,90000";"14,85304";"66,44470"
"9,91000";"14,86804";"66,54179"
"9,92000";"14,88291";"66,62695"
"9,93000";"14,89802";"66,69354"
"9,94000";"14,91301";"66,75770"
"9,95000";"14,92801";"66,82267"
"9,96000";"14,94300";"66,87971"
"9,97000";"14,95799";"66,92563"
"9,98000";"14,97310";"66,96660"
"9,99000";"14,98810";"67,00106"
"10,00000";"15,00321";"67,00606"
"10,01000";"15,01820";"66,97672"
"10,02000";"15,03308";"66,91872"
"10,03000";"15,04807";"66,84650"
"10,04000";"15,06306";"66,76990"
"10,05000";"15,07806";"66,70284"
"10,06000";"15,09317";"66,65549"
"10,07000";"15,10816";"66,62904"
"10,08000";"15,12327";"66,61424"
"10,09000";"15,13815";"66,59904"
"10,10000";"15,15302";"66,58018"
"10,11000";"15,16778";"66,55435"
"10,12000";"15,18277";"66,52748"
"10,13000";"15,19776";"66,52385"
"10,14000";"15,21287";"66,53065"
"10,15000";"15,22787";"66,53105"
"10,16000";"15,24274";"66,52191"
"10,17000";"15,25774";"66,49582"
"10,18000";"15,27273";"66,44997"
"10,19000";"15,28772";"66,39480"
"10,20000";"15,30295";"66,35752"
"10,21000";"15,31794";"66,37271"
"10,22000";"15,33305";"66,42668"
"10,23000";"15,34805";"66,50723"
"10,24000";"15,36304";"66,61109"
"10,25000";"15,37815";"66,72301"
"10,26000";"15,39315";"66,83379"
"10,27000";"15,40802";"66,92245"
"10,28000";"15,42313";"66,98660"
"10,29000";"15,43813";"67,04572"
"10,30000";"15,45324";"67,09599"
"10,31000";"15,46823";"67,14193"
"10,32000";"15,48310";"67,18682"
"10,33000";"15,49810";"67,22784"
"10,34000";"15,51297";"67,29195"
"10,35000";"15,52785";"67,38641"
"10,36000";"15,54284";"67,52663"
"10,37000";"15,55795";"67,71522"
"10,38000";"15,57294";"67,95982"
"10,39000";"15,58794";"68,23741"
"10,40000";"15,60293";"68,52898"
"10,41000";"15,61792";"68,83192"
"10,42000";"15,63280";"69,13074"
"10,43000";"15,64779";"69,41537"
"10,44000";"15,66279";"69,70810"
"10,45000";"15,67790";"70,01971"
"10,46000";"15,69301";"70,33627"
"10,47000";"15,70812";"70,64386"
"10,48000";"15,72323";"70,93826"
"10,49000";"15,73822";"71,22055"
"10,50000";"15,75310";"71,47952"
"10,51000";"15,76809";"71,71436"
"10,52000";"15,78308";"71,93173"
"10,53000";"15,79808";"72,17194"
"10,54000";"15,81307";"72,43626"
"10,55000";"15,82806";"72,72234"
"10,56000";"15,84306";"73,02032"
"10,57000";"15,85805";"73,35238"
"10,58000";"15,87304";"73,70060"
"10,59000";"15,88803";"74,05896"
"10,60000";"15,90315";"74,41908"
"10,61000";"15,91826";"74,78110"
"10,62000";"15,93313";"75,13946"
"10,63000";"15,94801";"75,46889"
"10,64000";"15,96300";"75,79406"
"10,65000";"15,97788";"76,13873"
"10,66000";"15,99287";"76,52590"
"10,67000";"16,00786";"76,93995"
"10,68000";"16,02274";"77,36336"
"10,69000";"16,03785";"77,79430"
"10,70000";"16,05284";"78,24978"
"10,71000";"16,06795";"78,71103"
"10,72000";"16,08294";"79,17941"
"10,73000";"16,09782";"79,65836"
"10,74000";"16,11281";"80,14553"
"10,75000";"16,12781";"80,63925"
"10,76000";"16,14292";"81,16364"
"10,77000";"16,15815";"81,71107"
"10,78000";"16,17326";"82,26307"
"10,79000";"16,18825";"82,79449"
"10,80000";"16,20324";"83,28367"
"10,81000";"16,21812";"83,72336"
"10,82000";"16,23311";"84,13919"
"10,83000";"16,24811";"84,56052"
"10,84000";"16,26298";"84,99140"
"10,85000";"16,27797";"85,42705"
"10,86000";"16,29296";"85,87268"
"10,87000";"16,30796";"86,34448"
"10,88000";"16,32319";"86,83955"
"10,89000";"16,33806";"87,37050"
"10,90000";"16,35317";"87,90739"
"10,91000";"16,36817";"88,44624"
"10,92000";"16,38316";"88,97153"
"10,93000";"16,39815";"89,48406"
"10,94000";"16,41303";"90,00168"
"10,95000";"16,42802";"90,53294"
"10,96000";"16,44289";"91,08109"
"10,97000";"16,45777";"91,65187"
"10,98000";"16,47276";"92,24287"
"10,99000";"16,48776";"92,86649"
"11,00000";"16,50287";"93,51415"
"11,01000";"16,51786";"94,18491"
"11,02000";"16,53297";"94,85227"
"11,03000";"16,54797";"95,52580"
"11,04000";"16,56296";"96,21022"
"11,05000";"16,57784";"96,90308"
"11,06000";"16,59295";"97,61511"
"11,07000";"16,60794";"98,37044"
"11,08000";"16,62305";"99,17377"
"11,09000";"16,63804";"100,01945"
"11,10000";"16,65315";"100,87320"
"11,11000";"16,66814";"101,73119"
"11,12000";"16,68314";"102,60921"
"11,13000";"16,69801";"103,49226"
"11,14000";"16,71301";"104,36778"
"11,15000";"16,72800";"105,27243"
"11,16000";"16,74287";"106,20518"
"11,17000";"16,75787";"107,15438"
"11,18000";"16,77286";"108,12984"
"11,19000";"16,78786";"109,13025"
"11,20000";"16,80285";"110,17204"
"11,21000";"16,81784";"111,23764"
"11,22000";"16,83283";"112,29290"
"11,23000";"16,84795";"113,34322"
"11,24000";"16,86294";"114,41087"
"11,25000";"16,87805";"115,46574"
"11,26000";"16,89293";"116,47919"
"11,27000";"16,90792";"117,43950"
"11,28000";"16,92279";"118,37830"
"11,29000";"16,93778";"119,29947"
"11,30000";"16,95290";"120,22062"
"11,31000";"16,96801";"121,17830"
"11,32000";"16,98300";"122,19284"
"11,33000";"16,99799";"123,21982"
"11,34000";"17,01311";"124,25309"
"11,35000";"17,02810";"125,29491"
"11,36000";"17,04297";"126,33076"
"11,37000";"17,05785";"127,32032"
"11,38000";"17,07284";"128,30055"
"11,39000";"17,08783";"129,32416"
"11,40000";"17,10283";"130,37679"
"11,41000";"17,11782";"131,43782"
"11,42000";"17,13281";"132,48384"
"11,43000";"17,14792";"133,52426"
"11,44000";"17,16280";"134,56671"
"11,45000";"17,17779";"135,59470"
"11,46000";"17,19290";"136,61987"
"11,47000";"17,20790";"137,68643"
"11,48000";"17,22301";"138,81100"
"11,49000";"17,23788";"139,99898"
"11,50000";"17,25288";"141,21902"
"11,51000";"17,26799";"142,48306"
"11,52000";"17,28286";"143,79796"
"11,53000";"17,29786";"145,12633"
"11,54000";"17,31285";"146,43983"
"11,55000";"17,32784";"147,77629"
"11,56000";"17,34283";"149,15683"
"11,57000";"17,35771";"150,59215"
"11,58000";"17,37258";"152,00757"
"11,59000";"17,38746";"153,39102"
"11,60000";"17,40245";"154,81505"
"11,61000";"17,41756";"156,29742"
"11,62000";"17,43279";"157,83313"
"11,63000";"17,44814";"159,43080"
"11,64000";"17,46325";"161,03979"
"11,65000";"17,47836";"162,63901"
"11,66000";"17,49335";"164,22916"
"11,67000";"17,50823";"165,79503"
"11,68000";"17,52310";"167,35971"
"11,69000";"17,53798";"168,94899"
"11,70000";"17,55285";"170,59721"
"11,71000";"17,56785";"172,27856"
"11,72000";"17,58284";"174,03351"
"11,73000";"17,59783";"175,85884"
"11,74000";"17,61271";"177,72285"
"11,75000";"17,62782";"179,62027"
"11,76000";"17,64270";"181,58189"
"11,77000";"17,65780";"183,57455"
"11,78000";"17,67268";"185,64723"
"11,79000";"17,68768";"187,77086"
"11,80000";"17,70278";"189,96072"
"11,81000";"17,71789";"192,19661"
"11,82000";"17,73289";"194,50894"
"11,83000";"17,74776";"196,83002"
"11,84000";"17,76276";"199,14052"
"11,85000";"17,77775";"201,46022"
"11,86000";"17,79274";"203,85187"
"11,87000";"17,80785";"206,29323"
"11,88000";"17,82285";"208,77409"
"11,89000";"17,83784";"211,26096"
"11,90000";"17,85283";"213,78514"
"11,91000";"17,86783";"216,41193"
"11,92000";"17,88294";"219,14555"
"11,93000";"17,89817";"221,94582"
"11,94000";"17,91316";"224,79944"
"11,95000";"17,92827";"227,66643"
"11,96000";"17,94326";"230,50993"
"11,97000";"17,95814";"233,31627"
"11,98000";"17,97301";"236,12570"
"11,99000";"17,98789";"239,04073"
"12,00000";"18,00277";"242,02399"
"12,01000";"18,01787";"245,10190"
"12,02000";"18,03287";"248,31972"
"12,03000";"18,04786";"251,60443"
"12,04000";"18,06297";"254,84213"
"12,05000";"18,07797";"258,06134"
"12,06000";"18,09284";"261,27118"
"12,07000";"18,10772";"264,49673"
"12,08000";"18,12271";"267,74457"
"12,09000";"18,13770";"271,10678"
"12,10000";"18,15281";"274,66797"
"12,11000";"18,16781";"278,37262"
"12,12000";"18,18268";"282,07364"
"12,13000";"18,19756";"285,77811"
"12,14000";"18,21255";"289,57834"
"12,15000";"18,22754";"293,48026"
"12,16000";"18,24254";"297,44434"
"12,17000";"18,25753";"301,47861"
"12,18000";"18,27264";"305,63052"
"12,19000";"18,28775";"309,89093"
"12,20000";"18,30286";"314,24216"
"12,21000";"18,31797";"318,59857"
"12,22000";"18,33297";"322,91711"
"12,23000";"18,34796";"327,15771"
"12,24000";"18,36295";"331,38522"
"12,25000";"18,37794";"335,68338"
"12,26000";"18,39293";"340,10568"
"12,27000";"18,40793";"344,54434"
"12,28000";"18,42292";"349,06747"
"12,29000";"18,43780";"353,52261"
"12,30000";"18,45267";"357,86011"
"12,31000";"18,46755";"362,13177"
"12,32000";"18,48266";"366,46280"
"12,33000";"18,49777";"371,22726"
"12,33200";"18,50072";"372,25143"
"12,33400";"18,50379";"373,29642"
"12,34400";"18,51690";"378,74039"
"12,35400";"18,52433";"382,90390"
"12,36000";"18,52622";"382,93481"
"12,37000";"18,52540";"376,38608"
"12,38000";"18,52032";"360,15323"
"12,39000";"18,50875";"331,50293"
"12,40000";"18,49163";"284,40564"
"12,41000";"18,47145";"217,58116"
"12,42000";"18,44972";"141,12761"
"12,43000";"18,42776";"69,63485"
"12,44000";"18,40651";"12,81594"
"12,45000";"18,38597";"-26,09525"
"12,46000";"18,36626";"-46,47680"
"12,47000";"18,34737";"-51,25328"
"12,48000";"18,32907";"-45,86104"
"12,49000";"18,31136";"-36,42274"
"12,50000";"18,29448";"-27,23052"
"12,51000";"18,27795";"-19,84391"
"12,52000";"18,26190";"-14,93625"
"12,53000";"18,24584";"-11,98242"
"12,54000";"18,23002";"-9,92487"
"12,55000";"18,21444";"-8,48429"
"12,56000";"18,19885";"-7,75202"
"12,57000";"18,18339";"-7,57648"
"12,58000";"18,16828";"-7,70070"
"12,59000";"18,15305";"-7,89829"
"12,60000";"18,13794";"-8,08072"
"12,61000";"18,12271";"-8,16560"
"12,62000";"18,10748";"-8,11080"
"12,63000";"18,09237";"-8,01477"
"12,64000";"18,07726";"-7,86732"
"12,65000";"18,06226";"-7,72268"
"12,66000";"18,04727";"-7,61213"
"12,67000";"18,03228";"-7,53492"
"12,68000";"18,01728";"-7,46495"
"12,69000";"18,00217";"-7,38895"
"12,70000";"17,98706";"-7,30202"
"12,71000";"17,97207";"-7,20083"
"12,72000";"17,95708";"-7,09444"
"12,73000";"17,94232";"-6,98360"
"12,74000";"17,92756";"-6,86108"
"12,75000";"17,91269";"-6,72218"
"12,76000";"17,89770";"-6,57879"
"12,77000";"17,88247";"-6,43942"
"12,78000";"17,86700";"-6,32722"
"12,79000";"17,85177";"-6,22395"
"12,80000";"17,83654";"-6,13308"
"12,81000";"17,82155";"-6,03560"
"12,82000";"17,80667";"-5,92426"
"12,83000";"17,79180";"-5,81186"
"12,84000";"17,77692";"-5,69751"
"12,85000";"17,76205";"-5,58315"
"12,86000";"17,74706";"-5,46164"
"12,87000";"17,73195";"-5,35267"
"12,88000";"17,71695";"-5,25271"
"12,89000";"17,70196";"-5,14961"
"12,90000";"17,68696";"-5,04277"
"12,91000";"17,67186";"-4,93659"
"12,92000";"17,65686";"-4,82293"
"12,93000";"17,64175";"-4,69511"
"12,94000";"17,62675";"-4,56086"
"12,95000";"17,61176";"-4,43476"
"12,96000";"17,59689";"-4,32453"
"12,97000";"17,58201";"-4,21857"
"12,98000";"17,56714";"-4,10407"
"12,99000";"17,55215";"-3,98217"
"13,00000";"17,53703";"-3,86589"
"13,01000";"17,52204";"-3,75991"
"13,02000";"17,50705";"-3,64609"
"13,03000";"17,49194";"-3,52103"
"13,04000";"17,47694";"-3,38744"
"13,05000";"17,46219";"-3,23967"
"13,06000";"17,44719";"-3,09265"
"13,07000";"17,43220";"-2,96004"
"13,08000";"17,41709";"-2,84394"
"13,09000";"17,40210";"-2,74262"
"13,10000";"17,38699";"-2,65778"
"13,11000";"17,37188";"-2,57650"
"13,12000";"17,35688";"-2,50048"
"13,13000";"17,34201";"-2,41907"
"13,14000";"17,32701";"-2,34127"
"13,15000";"17,31202";"-2,27292"
"13,16000";"17,29703";"-2,21364"
"13,17000";"17,28204";"-2,15474"
"13,18000";"17,26704";"-2,08809"
"13,19000";"17,25193";"-2,02666"
"13,20000";"17,23694";"-1,97511"
"13,21000";"17,22206";"-1,92482"
"13,22000";"17,20719";"-1,87626"
"13,23000";"17,19208";"-1,82979"
"13,24000";"17,17708";"-1,78867"
"13,25000";"17,16209";"-1,74767"
"13,26000";"17,14698";"-1,70751"
"13,27000";"17,13199";"-1,66501"
"13,28000";"17,11699";"-1,62842"
"13,29000";"17,10200";"-1,59082"
"13,30000";"17,08713";"-1,56026"
"13,31000";"17,07201";"-1,53598"
"13,32000";"17,05690";"-1,50775"
"13,33000";"17,04203";"-1,47877"
"13,34000";"17,02703";"-1,44436"
"13,35000";"17,01192";"-1,41440"
"13,36000";"16,99693";"-1,38249"
"13,37000";"16,98206";"-1,35427"
"13,38000";"16,96718";"-1,32480"
"13,39000";"16,95207";"-1,29471"
"13,40000";"16,93708";"-1,26934"
"13,41000";"16,92196";"-1,25509"
"13,42000";"16,90697";"-1,23920"
"13,43000";"16,89186";"-1,21879"
"13,44000";"16,87687";"-1,19433"
"13,45000";"16,86188";"-1,16659"
"13,46000";"16,84688";"-1,13797"
"13,47000";"16,83189";"-1,10307"
"13,48000";"16,81689";"-1,06893"
"13,49000";"16,80179";"-1,04415"
"13,50000";"16,78679";"-1,02323"
"13,51000";"16,77192";"-1,00580"
"13,52000";"16,75692";"-0,99389"
"13,53000";"16,74193";"-0,98180"
"13,54000";"16,72694";"-0,96905"
"13,55000";"16,71194";"-0,95118"
"13,56000";"16,69695";"-0,93734"
"13,57000";"16,68196";"-0,92681"
"13,58000";"16,66685";"-0,91089"
"13,59000";"16,65197";"-0,89075"
"13,60000";"16,63710";"-0,88464"
"13,61000";"16,62211";"-0,87907"
"13,62000";"16,60699";"-0,87627"
"13,63000";"16,59200";"-0,86751"
"13,64000";"16,57689";"-0,85902"
"13,65000";"16,56178";"-0,85228"
"13,66000";"16,54667";"-0,83424"
"13,67000";"16,53179";"-0,81170"
"13,68000";"16,51692";"-0,79128"
"13,69000";"16,50204";"-0,78396"
"13,70000";"16,48705";"-0,77846"
"13,71000";"16,47194";"-0,76979"
"13,72000";"16,45695";"-0,75941"
"13,73000";"16,44195";"-0,75011"
"13,74000";"16,42696";"-0,74658"
"13,75000";"16,41197";"-0,73589"
"13,76000";"16,39721";"-0,72160"
"13,77000";"16,38210";"-0,70087"
"13,78000";"16,36710";"-0,69001"
"13,79000";"16,35211";"-0,67566"
"13,80000";"16,33724";"-0,66473"
"13,81000";"16,32212";"-0,65756"
"13,82000";"16,30713";"-0,64793"
"13,83000";"16,29214";"-0,64366"
"13,84000";"16,27727";"-0,63552"
"13,85000";"16,26227";"-0,62528"
"13,86000";"16,24704";"-0,61071"
"13,87000";"16,23205";"-0,59074"
"13,88000";"16,21706";"-0,57443"
"13,89000";"16,20206";"-0,56963"
"13,90000";"16,18707";"-0,56220"
"13,91000";"16,17208";"-0,55084"
"13,92000";"16,15720";"-0,54496"
"13,93000";"16,14221";"-0,53519"
"13,94000";"16,12710";"-0,51968"
"13,95000";"16,11187";"-0,50950"
"13,96000";"16,09687";"-0,49691"
"13,97000";"16,08188";"-0,48653"
"13,98000";"16,06677";"-0,47860"
"13,99000";"16,05178";"-0,47171"
"14,00000";"16,03679";"-0,48051"
"14,01000";"16,02203";"-0,48523"
"14,02000";"16,00704";"-0,47811"
"14,03000";"15,99192";"-0,47205"
"14,04000";"15,97693";"-0,46021"
"14,05000";"15,96206";"-0,44264"
"14,06000";"15,94706";"-0,43082"
"14,07000";"15,93195";"-0,42652"
"14,08000";"15,91696";"-0,42427"
"14,09000";"15,90208";"-0,42006"
"14,10000";"15,88709";"-0,41098"
"14,11000";"15,87210";"-0,40672"
"14,12000";"15,85710";"-0,40337"
"14,13000";"15,84211";"-0,39792"
"14,14000";"15,82712";"-0,39402"
"14,15000";"15,81213";"-0,38738"
"14,16000";"15,79713";"-0,37916"
"14,17000";"15,78226";"-0,37101"
"14,18000";"15,76738";"-0,36501"
"14,19000";"15,75227";"-0,35891"
"14,20000";"15,73716";"-0,35558"
"14,21000";"15,72205";"-0,35851"
"14,22000";"15,70706";"-0,35980"
"14,23000";"15,69218";"-0,36249"
"14,24000";"15,67719";"-0,36557"
"14,25000";"15,66220";"-0,36562"
"14,26000";"15,64720";"-0,36887"
"14,27000";"15,63209";"-0,36218"
"14,28000";"15,61686";"-0,35159"
"14,29000";"15,60175";"-0,33985"
"14,30000";"15,58676";"-0,32705"
"14,31000";"15,57176";"-0,31711"
"14,32000";"15,55689";"-0,31555"
"14,33000";"15,54190";"-0,31391"
"14,34000";"15,52702";"-0,31171"
"14,35000";"15,51203";"-0,30217"
"14,36000";"15,49692";"-0,29659"
"14,37000";"15,48180";"-0,29751"
"14,38000";"15,46693";"-0,30051"
"14,39000";"15,45205";"-0,29613"
"14,40000";"15,43694";"-0,28576"
"14,41000";"15,42195";"-0,27504"
"14,42000";"15,40707";"-0,26370"
"14,43000";"15,39208";"-0,25959"
"14,44000";"15,37709";"-0,25127"
"14,45000";"15,36198";"-0,24403"
"14,46000";"15,34699";"-0,23573"
"14,47000";"15,33211";"-0,22478"
"14,48000";"15,31700";"-0,21931"
"14,49000";"15,30201";"-0,20483"
"14,50000";"15,28701";"-0,18736"
"14,51000";"15,27214";"-0,18017"
"14,52000";"15,25703";"-0,17127"
"14,53000";"15,24192";"-0,17094"
"14,54000";"15,22692";"-0,16545"
"14,55000";"15,21205";"-0,16132"
"14,56000";"15,19706";"-0,15233"
"14,57000";"15,18206";"-0,14632"
"14,58000";"15,16707";"-0,14663"
"14,59000";"15,15219";"-0,14812"
"14,60000";"15,13732";"-0,14242"
"14,61000";"15,12209";"-0,13699"
"14,62000";"15,10710";"-0,13916"
"14,63000";"15,09222";"-0,14216"
"14,64000";"15,07723";"-0,14126"
"14,65000";"15,06223";"-0,13180"
"14,66000";"15,04713";"-0,12630"
"14,67000";"15,03201";"-0,11443"
"14,68000";"15,01702";"-0,09711"
"14,69000";"15,00203";"-0,07382"
"14,70000";"14,98692";"-0,06137"
"14,71000";"14,97204";"-0,05565"
"14,72000";"14,95717";"-0,05085"
"14,73000";"14,94229";"-0,05201"
"14,74000";"14,92718";"-0,05312"
"14,75000";"14,91219";"-0,04572"
"14,76000";"14,89731";"-0,03842"
"14,77000";"14,88232";"-0,02712"
"14,78000";"14,86721";"-0,02134"
"14,79000";"14,85222";"-0,01569"
"14,80000";"14,83734";"-0,00895"
"14,81000";"14,82235";"-0,01003"
"14,82000";"14,80712";"-0,01118"
"14,83000";"14,79201";"-0,01434"
"14,84000";"14,77701";"-0,01584"
"14,85000";"14,76214";"-0,00907"
"14,86000";"14,74714";"-0,00054"
"14,87000";"14,73215";"0,00705"
"14,88000";"14,71716";"0,01555"
"14,89000";"14,70228";"0,01863"
"14,90000";"14,68717";"0,02132"
"14,91000";"14,67194";"0,02540"
"14,92000";"14,65695";"0,03525"
"14,93000";"14,64208";"0,04257"
"14,94000";"14,62697";"0,04548"
"14,95000";"14,61197";"0,05079"
"14,96000";"14,59698";"0,04762"
"14,97000";"14,58199";"0,04186"
"14,98000";"14,56687";"0,04280"
"14,99000";"14,55176";"0,04362"
"15,00000";"14,53677";"0,04046"
"15,01000";"14,52190";"0,03406"
"15,02000";"14,50690";"0,03184"
"15,03000";"14,49167";"0,02604"
"15,04000";"14,47680";"0,02829"
"15,05000";"14,46181";"0,02957"
"15,06000";"14,44693";"0,03038"
"15,07000";"14,43170";"0,03254"
"15,08000";"14,41671";"0,04015"
"15,09000";"14,40183";"0,04037"
"15,10000";"14,38708";"0,04697"
"15,11000";"14,37197";"0,05710"
"15,12000";"14,35685";"0,06281"
"15,13000";"14,34198";"0,06395"
"15,14000";"14,32687";"0,06197"
"15,15000";"14,31164";"0,06494"
"15,16000";"14,29665";"0,06890"
"15,17000";"14,28201";"0,07336"
"15,18000";"14,26713";"0,07584"
"15,19000";"14,25202";"0,07450"
"15,20000";"14,23691";"0,07057"
"15,21000";"14,22192";"0,06785"
"15,22000";"14,20692";"0,07562"
"15,23000";"14,19181";"0,09245"
"15,24000";"14,17670";"0,10266"
"15,25000";"14,16183";"0,11380"
"15,26000";"14,14707";"0,12585"
"15,27000";"14,13208";"0,13190"
"15,28000";"14,11697";"0,13121"
"15,29000";"14,10197";"0,12807"
"15,30000";"14,08698";"0,13403"
"15,31000";"14,07187";"0,14017"
"15,32000";"14,05676";"0,14354"
"15,33000";"14,04188";"0,14838"
"15,34000";"14,02713";"0,15153"
"15,35000";"14,01225";"0,15768"
"15,36000";"13,99714";"0,16561"
"15,37000";"13,98226";"0,16769"
"15,38000";"13,96739";"0,16561"
"15,39000";"13,95240";"0,16794"
"15,40000";"13,93729";"0,16915"
"15,41000";"13,92229";"0,16912"
"15,42000";"13,90730";"0,16334"
"15,43000";"13,89231";"0,16860"
"15,44000";"13,87719";"0,17249"
"15,45000";"13,86208";"0,16165"
"15,46000";"13,84709";"0,15730"
"15,47000";"13,83210";"0,16220"
"15,48000";"13,81710";"0,16648"
"15,49000";"13,80211";"0,16773"
"15,50000";"13,78712";"0,17579"
"15,51000";"13,77212";"0,18523"
"15,52000";"13,75701";"0,18649"
"15,53000";"13,74179";"0,18223"
"15,54000";"13,72679";"0,18372"
"15,55000";"13,71192";"0,18463"
"15,56000";"13,69692";"0,18261"
"15,57000";"13,68193";"0,17974"
"15,58000";"13,66706";"0,17667"
"15,59000";"13,65218";"0,18122"
"15,60000";"13,63707";"0,18644"
"15,61000";"13,62196";"0,18916"
"15,62000";"13,60685";"0,19224"
"15,63000";"13,59197";"0,20031"
"15,64000";"13,57698";"0,20735"
"15,65000";"13,56187";"0,20574"
"15,66000";"13,54688";"0,19643"
"15,67000";"13,53188";"0,18917"
"15,68000";"13,51701";"0,19123"
"15,69000";"13,50178";"0,19214"
"15,70000";"13,48678";"0,18786"
"15,71000";"13,47179";"0,18941"
"15,72000";"13,45704";"0,19366"
"15,73000";"13,44204";"0,19687"
"15,74000";"13,42705";"0,19035"
"15,75000";"13,41217";"0,19048"
"15,76000";"13,39718";"0,19098"
"15,77000";"13,38207";"0,19110"
"15,78000";"13,36684";"0,19305"
"15,79000";"13,35197";"0,19813"
"15,80000";"13,33721";"0,20417"
"15,81000";"13,32222";"0,21304"
"15,82000";"13,30722";"0,21532"
"15,83000";"13,29211";"0,21367"
"15,84000";"13,27712";"0,20977"
"15,85000";"13,26189";"0,20933"
"15,86000";"13,24678";"0,21118"
"15,87000";"13,23167";"0,21032"
"15,88000";"13,21691";"0,20974"
"15,89000";"13,20203";"0,21236"
"15,90000";"13,18692";"0,21353"
"15,91000";"13,17181";"0,21093"
"15,92000";"13,15694";"0,22041"
"15,93000";"13,14183";"0,22200"
"15,94000";"13,12671";"0,22531"
"15,95000";"13,11172";"0,22278"
"15,96000";"13,09697";"0,22351"
"15,97000";"13,08209";"0,22003"
"15,98000";"13,06698";"0,21844"
"15,99000";"13,05187";"0,21448"
"16,00000";"13,03699";"0,21136"
"16,01000";"13,02188";"0,20689"
"16,02000";"13,00677";"0,21150"
"16,03000";"12,99178";"0,21624"
"16,04000";"12,97690";"0,21177"
"16,05000";"12,96203";"0,21060"
"16,06000";"12,94703";"0,21607"
"16,07000";"12,93192";"0,22077"
"16,08000";"12,91693";"0,22042"
"16,09000";"12,90205";"0,22222"
"16,10000";"12,88706";"0,22849"
"16,11000";"12,87207";"0,23189"
"16,12000";"12,85719";"0,22392"
"16,13000";"12,84232";"0,22416"
"16,14000";"12,82721";"0,22409"
"16,15000";"12,81210";"0,21489"
"16,16000";"12,79699";"0,21166"
"16,17000";"12,78211";"0,20967"
"16,18000";"12,76700";"0,20390"
"16,19000";"12,75189";"0,19905"
"16,20000";"12,73701";"0,20064"
"16,21000";"12,72214";"0,20669"
"16,22000";"12,70715";"0,21425"
"16,23000";"12,69192";"0,21499"
"16,24000";"12,67681";"0,21098"
"16,25000";"12,66169";"0,20262"
"16,26000";"12,64670";"0,19998"
"16,27000";"12,63171";"0,19835"
"16,28000";"12,61672";"0,19694"
"16,29000";"12,60184";"0,19309"
"16,30000";"12,58697";"0,19327"
"16,31000";"12,57197";"0,19519"
"16,32000";"12,55686";"0,19510"
"16,33000";"12,54187";"0,20812"
"16,34000";"12,52688";"0,20664"
"16,35000";"12,51188";"0,20049"
"16,36000";"12,49689";"0,20226"
"16,37000";"12,48201";"0,19910"
"16,38000";"12,46702";"0,19905"
"16,39000";"12,45203";"0,20188"
"16,40000";"12,43704";"0,20872"
"16,41000";"12,42192";"0,20705"
"16,42000";"12,40705";"0,20501"
"16,43000";"12,39217";"0,21030"
"16,44000";"12,37718";"0,22119"
"16,45000";"12,36207";"0,22869"
"16,46000";"12,34708";"0,22765"
"16,47000";"12,33208";"0,22281"
"16,48000";"12,31697";"0,21811"
"16,49000";"12,30186";"0,21699"
"16,50000";"12,28675";"0,21790"
"16,51000";"12,27188";"0,21939"
"16,52000";"12,25700";"0,22483"
"16,53000";"12,24201";"0,21894"
"16,54000";"12,22701";"0,20941"
"16,55000";"12,21202";"0,20379"
"16,56000";"12,19691";"0,21088"
"16,57000";"12,18180";"0,21561"
"16,58000";"12,16681";"0,22161"
"16,59000";"12,15193";"0,22942"
"16,60000";"12,13706";"0,23256"
"16,61000";"12,12206";"0,23101"
"16,62000";"12,10707";"0,23098"
"16,63000";"12,09219";"0,23083"
"16,64000";"12,07720";"0,23293"
"16,65000";"12,06209";"0,22851"
"16,66000";"12,04710";"0,22171"
"16,67000";"12,03222";"0,22287"
"16,68000";"12,01723";"0,22583"
"16,69000";"12,00212";"0,22626"
"16,70000";"11,98701";"0,22190"
"16,71000";"11,97201";"0,22517"
"16,72000";"11,95690";"0,22428"
"16,73000";"11,94191";"0,22805"
"16,74000";"11,92692";"0,23137"
"16,75000";"11,91204";"0,22844"
"16,76000";"11,89705";"0,23062"
"16,77000";"11,88206";"0,22828"
"16,78000";"11,86683";"0,22252"
"16,79000";"11,85183";"0,21270"
"16,80000";"11,83684";"0,20837"
"16,81000";"11,82185";"0,20960"
"16,82000";"11,80674";"0,21526"
"16,83000";"11,79186";"0,21375"
"16,84000";"11,77699";"0,21826"
"16,85000";"11,76211";"0,22019"
"16,86000";"11,74688";"0,22796"
"16,87000";"11,73189";"0,23040"
"16,88000";"11,71690";"0,22351"
"16,89000";"11,70202";"0,22025"
"16,90000";"11,68691";"0,22206"
"16,91000";"11,67192";"0,22340"
"16,92000";"11,65693";"0,22185"
"16,93000";"11,64205";"0,22492"
"16,94000";"11,62706";"0,22906"
"16,95000";"11,61206";"0,23380"
"16,96000";"11,59695";"0,23341"
"16,97000";"11,58196";"0,22648"
"16,98000";"11,56708";"0,22594"
"16,99000";"11,55209";"0,22470"
"17,00000";"11,53710";"0,22531"
"17,01000";"11,52210";"0,23180"
"17,02000";"11,50711";"0,23154"
"17,03000";"11,49200";"0,22607"
"17,04000";"11,47689";"0,22947"
"17,05000";"11,46201";"0,22921"
"17,06000";"11,44702";"0,22320"
"17,07000";"11,43203";"0,22587"
"17,08000";"11,41704";"0,22968"
"17,09000";"11,40216";"0,23394"
"17,10000";"11,38717";"0,24259"
"17,11000";"11,37206";"0,24704"
"17,12000";"11,35683";"0,23779"
"17,13000";"11,34183";"0,23435"
"17,14000";"11,32696";"0,23733"
"17,15000";"11,31185";"0,24281"
"17,16000";"11,29685";"0,24478"
"17,17000";"11,28198";"0,24716"
"17,18000";"11,26699";"0,24554"
"17,19000";"11,25199";"0,24662"
"17,20000";"11,23688";"0,24934"
"17,21000";"11,22201";"0,24601"
"17,22000";"11,20701";"0,24207"
"17,23000";"11,19202";"0,23012"
"17,24000";"11,17691";"0,22423"
"17,25000";"11,16192";"0,22088"
"17,26000";"11,14704";"0,22020"
"17,27000";"11,13205";"0,22320"
"17,28000";"11,11694";"0,22088"
"17,29000";"11,10194";"0,21608"
"17,30000";"11,08707";"0,21985"
"17,31000";"11,07219";"0,22905"
"17,32000";"11,05708";"0,23095"
"17,33000";"11,04197";"0,22079"
"17,34000";"11,02698";"0,21473"
"17,35000";"11,01199";"0,21348"
"17,36000";"10,99688";"0,21113"
"17,37000";"10,98188";"0,21660"
"17,38000";"10,96701";"0,21966"
"17,39000";"10,95213";"0,22627"
"17,40000";"10,93702";"0,22717"
"17,41000";"10,92191";"0,23002"
"17,42000";"10,90692";"0,23328"
"17,43000";"10,89192";"0,24206"
"17,44000";"10,87681";"0,24525"
"17,45000";"10,86170";"0,24684"
"17,46000";"10,84683";"0,24199"
"17,47000";"10,83195";"0,23777"
"17,48000";"10,81684";"0,24055"
"17,49000";"10,80173";"0,24359"
"17,50000";"10,78686";"0,24406"
"17,51000";"10,77198";"0,24656"
"17,52000";"10,75699";"0,25565"
"17,53000";"10,74188";"0,25544"
"17,54000";"10,72700";"0,25564"
"17,55000";"10,71213";"0,25918"
"17,56000";"10,69725";"0,26111"
"17,57000";"10,68226";"0,26381"
"17,58000";"10,66715";"0,26207"
"17,59000";"10,65215";"0,25057"
"17,60000";"10,63716";"0,24556"
"17,61000";"10,62217";"0,24659"
"17,62000";"10,60717";"0,24687"
"17,63000";"10,59230";"0,25418"
"17,64000";"10,57731";"0,25985"
"17,65000";"10,56231";"0,25964"
"17,66000";"10,54720";"0,25270"
"17,67000";"10,53209";"0,24370"
"17,68000";"10,51722";"0,23968"
"17,69000";"10,50234";"0,24667"
"17,70000";"10,48735";"0,25306"
"17,71000";"10,47235";"0,24518"
"17,72000";"10,45736";"0,23648"
"17,73000";"10,44237";"0,23200"
"17,74000";"10,42726";"0,24025"
"17,75000";"10,41215";"0,23611"
"17,76000";"10,39715";"0,23444"
"17,77000";"10,38216";"0,23810"
"17,78000";"10,36717";"0,24002"
"17,79000";"10,35206";"0,24661"
"17,80000";"10,33706";"0,25180"
"17,81000";"10,32207";"0,25646"
"17,82000";"10,30696";"0,25496"
"17,83000";"10,29185";"0,24743"
"17,84000";"10,27697";"0,24285"
"17,85000";"10,26198";"0,24085"
"17,86000";"10,24687";"0,23665"
"17,87000";"10,23187";"0,24585"
"17,88000";"10,21700";"0,25548"
"17,89000";"10,20213";"0,25906"
"17,90000";"10,18713";"0,26102"
"17,91000";"10,17190";"0,26324"
"17,92000";"10,15691";"0,26564"
"17,93000";"10,14192";"0,27245"
"17,94000";"10,12681";"0,27109"
"17,95000";"10,11181";"0,26848"
"17,96000";"10,09682";"0,26677"
"17,97000";"10,08183";"0,26530"
"17,98000";"10,06671";"0,26801"
"17,99000";"10,05160";"0,27650"
"18,00000";"10,03673";"0,27789"
"18,01000";"10,02185";"0,28027"
"18,02000";"10,00686";"0,28949"
"18,03000";"9,99175";"0,29759"
"18,04000";"9,97688";"0,29313"
"18,05000";"9,96200";"0,28690"
"18,06000";"9,94701";"0,27684"
"18,07000";"9,93178";"0,26882"
"18,08000";"9,91690";"0,26215"
"18,09000";"9,90203";"0,26200"
"18,10000";"9,88715";"0,27452"
"18,11000";"9,87204";"0,28477"
"18,12000";"9,85693";"0,28355"
"18,13000";"9,84194";"0,28376"
"18,14000";"9,82695";"0,28370"
"18,15000";"9,81183";"0,28335"
"18,16000";"9,79684";"0,28995"
"18,17000";"9,78208";"0,30139"
"18,18000";"9,76709";"0,30764"
"18,19000";"9,75210";"0,30417"
"18,20000";"9,73710";"0,29185"
"18,21000";"9,72211";"0,28617"
"18,22000";"9,70724";"0,28161"
"18,23000";"9,69213";"0,28059"
"18,24000";"9,67701";"0,28377"
"18,25000";"9,66202";"0,28129"
"18,26000";"9,64715";"0,27569"
"18,27000";"9,63215";"0,27669"
"18,28000";"9,61704";"0,28202"
"18,29000";"9,60205";"0,28456"
"18,30000";"9,58717";"0,27321"
"18,31000";"9,57218";"0,26186"
"18,32000";"9,55719";"0,25651"
"18,33000";"9,54220";"0,25872"
"18,34000";"9,52732";"0,26746"
"18,35000";"9,51233";"0,27159"
"18,36000";"9,49710";"0,27411"
"18,37000";"9,48199";"0,27252"
"18,38000";"9,46699";"0,27724"
"18,39000";"9,45212";"0,28908"
"18,40000";"9,43701";"0,29340"
"18,41000";"9,42201";"0,29694"
"18,42000";"9,40714";"0,29709"
"18,43000";"9,39215";"0,29140"
"18,44000";"9,37704";"0,28699"
"18,45000";"9,36180";"0,28242"
"18,46000";"9,34693";"0,27523"
"18,47000";"9,33206";"0,27314"
"18,48000";"9,31694";"0,27723"
"18,49000";"9,30195";"0,27530"
"18,50000";"9,28708";"0,27499"
"18,51000";"9,27232";"0,28076"
"18,52000";"9,25721";"0,29098"
"18,53000";"9,24210";"0,29046"
"18,54000";"9,22699";"0,28331"
"18,55000";"9,21211";"0,27579"
"18,56000";"9,19712";"0,28200"
"18,57000";"9,18201";"0,28898"
"18,58000";"9,16701";"0,28879"
"18,59000";"9,15214";"0,28250"
"18,60000";"9,13703";"0,28035"
"18,61000";"9,12192";"0,28416"
"18,62000";"9,10692";"0,28957"
"18,63000";"9,09205";"0,29303"
"18,64000";"9,07717";"0,30172"
"18,65000";"9,06194";"0,30057"
"18,66000";"9,04695";"0,29634"
"18,67000";"9,03196";"0,29472"
"18,68000";"9,01696";"0,29636"
"18,69000";"9,00185";"0,29725"
"18,70000";"8,98674";"0,28766"
"18,71000";"8,97187";"0,27815"
"18,72000";"8,95699";"0,27787"
"18,73000";"8,94188";"0,28711"
"18,74000";"8,92677";"0,29069"
"18,75000";"8,91190";"0,28657"
"18,76000";"8,89702";"0,28302"
"18,77000";"8,88191";"0,28595"
"18,78000";"8,86680";"0,29523"
"18,79000";"8,85192";"0,30028"
"18,80000";"8,83717";"0,30412"
"18,81000";"8,82217";"0,30276"
"18,82000";"8,80706";"0,30104"
"18,83000";"8,79195";"0,29534"
"18,84000";"8,77696";"0,29199"
"18,85000";"8,76197";"0,29199"
"18,86000";"8,74685";"0,28867"
"18,87000";"8,73198";"0,28899"
"18,88000";"8,71722";"0,29098"
"18,89000";"8,70235";"0,29335"
"18,90000";"8,68724";"0,29447"
"18,91000";"8,67213";"0,29202"
"18,92000";"8,65725";"0,29737"
"18,93000";"8,64214";"0,29846"
"18,94000";"8,62703";"0,29307"
"18,95000";"8,61203";"0,28250"
"18,96000";"8,59716";"0,28183"
"18,97000";"8,58228";"0,28950"
"18,98000";"8,56717";"0,29842"
"18,99000";"8,55206";"0,30281"
"19,00000";"8,53707";"0,30257"
"19,01000";"8,52196";"0,29792"
"19,02000";"8,50673";"0,29677"
"19,03000";"8,49174";"0,28953"
"19,04000";"8,47686";"0,29020"
"19,05000";"8,46199";"0,30213"
"19,06000";"8,44687";"0,30733"
"19,07000";"8,43176";"0,31078"
"19,08000";"8,41677";"0,31049"
"19,09000";"8,40178";"0,30302"
"19,10000";"8,38690";"0,29636"
"19,11000";"8,37179";"0,29096"
"19,12000";"8,35692";"0,29733"
"19,13000";"8,34204";"0,31296"
"19,14000";"8,32705";"0,32348"
"19,15000";"8,31194";"0,32236"
"19,16000";"8,29683";"0,31365"
"19,17000";"8,28183";"0,30389"
"19,18000";"8,26696";"0,29566"
"19,19000";"8,25185";"0,29211"
"19,20000";"8,23685";"0,29334"
"19,21000";"8,22186";"0,28997"
"19,22000";"8,20687";"0,29007"
"19,23000";"8,19176";"0,29294"
"19,24000";"8,17665";"0,30020"
"19,25000";"8,16177";"0,30176"
"19,26000";"8,14701";"0,29839"
"19,27000";"8,13202";"0,30155"
"19,28000";"8,11691";"0,29472"
"19,29000";"8,10192";"0,28699"
"19,30000";"8,08704";"0,29248"
"19,31000";"8,07193";"0,30048"
"19,32000";"8,05682";"0,31172"
"19,33000";"8,04183";"0,31217"
"19,34000";"8,02695";"0,30451"
"19,35000";"8,01208";"0,31014"
"19,36000";"7,99708";"0,31113"
"19,37000";"7,98209";"0,30085"
"19,38000";"7,96710";"0,29087"
"19,39000";"7,95210";"0,28670"
"19,40000";"7,93699";"0,28887"
"19,41000";"7,92188";"0,29606"
"19,42000";"7,90701";"0,30334"
"19,43000";"7,89213";"0,31124"
"19,44000";"7,87714";"0,31344"
"19,45000";"7,86203";"0,31687"
"19,46000";"7,84704";"0,30926"
"19,47000";"7,83204";"0,30762"
"19,48000";"7,81693";"0,30981"
"19,49000";"7,80182";"0,31228"
"19,50000";"7,78694";"0,31101"
"19,51000";"7,77207";"0,31211"
"19,52000";"7,75719";"0,31525"
"19,53000";"7,74208";"0,31311"
"19,54000";"7,72709";"0,31542"
"19,55000";"7,71210";"0,31162"
"19,56000";"7,69710";"0,31110"
"19,57000";"7,68199";"0,31022"
"19,58000";"7,66712";"0,30230"
"19,59000";"7,65224";"0,30028"
"19,60000";"7,63725";"0,30161"
"19,61000";"7,62202";"0,30229"
"19,62000";"7,60703";"0,30179"
"19,63000";"7,59192";"0,30659"
"19,64000";"7,57692";"0,30869"
"19,65000";"7,56169";"0,30395"
"19,66000";"7,54682";"0,29901"
"19,67000";"7,53194";"0,29764"
"19,68000";"7,51707";"0,30004"
"19,69000";"7,50196";"0,31001"
"19,70000";"7,48697";"0,31382"
"19,71000";"7,47197";"0,31173"
"19,72000";"7,45698";"0,30270"
"19,73000";"7,44187";"0,29617"
"19,74000";"7,42687";"0,29782"
"19,75000";"7,41188";"0,30402"
"19,76000";"7,39701";"0,30795"
"19,77000";"7,38190";"0,31119"
"19,78000";"7,36679";"0,31198"
"19,79000";"7,35179";"0,31568"
"19,80000";"7,33668";"0,31530"
"19,81000";"7,32181";"0,30788"
"19,82000";"7,30681";"0,30005"
"19,83000";"7,29194";"0,29614"
"19,84000";"7,27706";"0,29698"
"19,85000";"7,26207";"0,30277"
"19,86000";"7,24696";"0,30827"
"19,87000";"7,23185";"0,31093"
"19,88000";"7,21697";"0,31067"
"19,89000";"7,20198";"0,30958"
"19,90000";"7,18699";"0,31539"
"19,91000";"7,17199";"0,31912"
"19,92000";"7,15712";"0,31990"
"19,93000";"7,14212";"0,32380"
"19,94000";"7,12701";"0,32723"
"19,95000";"7,11190";"0,32702"
"19,96000";"7,09691";"0,32705"
"19,97000";"7,08204";"0,33748"
"19,98000";"7,06692";"0,34787"
"19,99000";"7,05193";"0,35929"
"20,00000";"7,03694";"0,37069"
"20,01000";"7,02183";"0,37213"
"20,02000";"7,00683";"0,36013"
"20,03000";"6,99184";"0,35698"
"20,04000";"6,97685";"0,35625"
"20,05000";"6,96209";"0,35721"
"20,06000";"6,94722";"0,36139"
"20,07000";"6,93222";"0,35818"
"20,08000";"6,91723";"0,34933"
"20,09000";"6,90235";"0,34425"
"20,10000";"6,88724";"0,34618"
"20,11000";"6,87213";"0,35569"
"20,12000";"6,85702";"0,36188"
"20,13000";"6,84215";"0,36573"
"20,14000";"6,82715";"0,36148"
"20,15000";"6,81204";"0,35849"
"20,16000";"6,79705";"0,35450"
"20,17000";"6,78206";"0,34884"
"20,18000";"6,76694";"0,34696"
"20,19000";"6,75183";"0,34363"
"20,20000";"6,73672";"0,33690"
"20,21000";"6,72185";"0,33590"
"20,22000";"6,70697";"0,33768"
"20,23000";"6,69198";"0,34372"
"20,24000";"6,67699";"0,35215"
"20,25000";"6,66188";"0,36221"
"20,26000";"6,64700";"0,36600"
"20,27000";"6,63177";"0,36483"
"20,28000";"6,61678";"0,35580"
"20,29000";"6,60202";"0,34657"
"20,30000";"6,58726";"0,34723"
"20,31000";"6,57239";"0,35734"
"20,32000";"6,55716";"0,35894"
"20,33000";"6,54205";"0,36077"
"20,34000";"6,52694";"0,36805"
"20,35000";"6,51183";"0,36764"
"20,36000";"6,49672";"0,36209"
"20,37000";"6,48172";"0,35526"
"20,38000";"6,46685";"0,35545"
"20,39000";"6,45197";"0,35753"
"20,40000";"6,43710";"0,35828"
"20,41000";"6,42210";"0,35455"
"20,42000";"6,40711";"0,34792"
"20,43000";"6,39212";"0,34435"
"20,44000";"6,37701";"0,34900"
"20,45000";"6,36201";"0,34714"
"20,46000";"6,34714";"0,34393"
"20,47000";"6,33215";"0,34377"
"20,48000";"6,31703";"0,34815"
"20,49000";"6,30204";"0,35446"
"20,50000";"6,28693";"0,35545"
"20,51000";"6,27194";"0,35516"
"20,52000";"6,25694";"0,35769"
"20,53000";"6,24195";"0,35937"
"20,54000";"6,22708";"0,35152"
"20,55000";"6,21208";"0,34300"
"20,56000";"6,19709";"0,34602"
"20,57000";"6,18210";"0,34514"
"20,58000";"6,16699";"0,34118"
"20,59000";"6,15188";"0,33903"
"20,60000";"6,13688";"0,34209"
"20,61000";"6,12177";"0,33938"
"20,62000";"6,10690";"0,34552"
"20,63000";"6,09190";"0,35448"
"20,64000";"6,07691";"0,36077"
"20,65000";"6,06192";"0,36053"
"20,66000";"6,04681";"0,35627"
"20,67000";"6,03181";"0,34679"
"20,68000";"6,01706";"0,34181"
"20,69000";"6,00206";"0,34251"
"20,70000";"5,98707";"0,34470"
"20,71000";"5,97196";"0,34824"
"20,72000";"5,95708";"0,35229"
"20,73000";"5,94197";"0,35400"
"20,74000";"5,92674";"0,35173"
"20,75000";"5,91187";"0,34491"
"20,76000";"5,89699";"0,34489"
"20,77000";"5,88200";"0,34630"
"20,78000";"5,86701";"0,34269"
"20,79000";"5,85201";"0,34428"
"20,80000";"5,83702";"0,35024"
"20,81000";"5,82203";"0,35862"
"20,82000";"5,80692";"0,35758"
"20,83000";"5,79192";"0,35645"
"20,84000";"5,77717";"0,34728"
"20,85000";"5,76229";"0,34843"
"20,86000";"5,74718";"0,34222"
"20,87000";"5,73219";"0,33319"
"20,88000";"5,71731";"0,33258"
"20,89000";"5,70232";"0,33939"
"20,90000";"5,68709";"0,35116"
"20,91000";"5,67198";"0,35212"
"20,92000";"5,65699";"0,35045"
"20,93000";"5,64199";"0,35330"
"20,94000";"5,62700";"0,35154"
"20,95000";"5,61177";"0,35001"
"20,96000";"5,59690";"0,35341"
"20,97000";"5,58190";"0,35857"
"20,98000";"5,56679";"0,36499"
"20,99000";"5,55180";"0,36708"
"21,00000";"5,53692";"0,36683"
"21,01000";"5,52205";"0,36835"
"21,02000";"5,50706";"0,36569"
"21,03000";"5,49206";"0,36215"
"21,04000";"5,47695";"0,35137"
"21,05000";"5,46196";"0,34650"
"21,06000";"5,44697";"0,34902"
"21,07000";"5,43185";"0,35754"
"21,08000";"5,41698";"0,36603"
"21,09000";"5,40210";"0,36905"
"21,10000";"5,38723";"0,36181"
"21,11000";"5,37200";"0,35126"
"21,12000";"5,35701";"0,34916"
"21,13000";"5,34201";"0,35689"
"21,14000";"5,32714";"0,36533"
"21,15000";"5,31203";"0,37207"
"21,16000";"5,29715";"0,37228"
"21,17000";"5,28216";"0,36812"
"21,18000";"5,26717";"0,36559"
"21,19000";"5,25206";"0,36754"
"21,20000";"5,23706";"0,35932"
"21,21000";"5,22195";"0,35292"
"21,22000";"5,20696";"0,35400"
"21,23000";"5,19197";"0,36155"
"21,24000";"5,17697";"0,35973"
"21,25000";"5,16210";"0,35633"
"21,26000";"5,14734";"0,35448"
"21,27000";"5,13223";"0,35724"
"21,28000";"5,11700";"0,35760"
"21,29000";"5,10201";"0,35420"
"21,30000";"5,08701";"0,35409"
"21,31000";"5,07214";"0,36375"
"21,32000";"5,05715";"0,37450"
"21,33000";"5,04215";"0,37956"
"21,34000";"5,02728";"0,38061"
"21,35000";"5,01217";"0,37932"
"21,36000";"4,99706";"0,37385"
"21,37000";"4,98183";"0,36224"
"21,38000";"4,96683";"0,35439"
"21,39000";"4,95184";"0,35744"
"21,40000";"4,93673";"0,36439"
"21,41000";"4,92174";"0,36270"
"21,42000";"4,90686";"0,36362"
"21,43000";"4,89187";"0,36354"
"21,44000";"4,87688";"0,36647"
"21,45000";"4,86176";"0,36388"
"21,46000";"4,84677";"0,35567"
"21,47000";"4,83201";"0,35420"
"21,48000";"4,81702";"0,35882"
"21,49000";"4,80203";"0,35994"
"21,50000";"4,78703";"0,35551"
"21,51000";"4,77216";"0,36294"
"21,52000";"4,75705";"0,36919"
"21,53000";"4,74194";"0,37218"
"21,54000";"4,72694";"0,36659"
"21,55000";"4,71207";"0,36819"
"21,56000";"4,69731";"0,37474"
"21,57000";"4,68220";"0,38619"
"21,58000";"4,66709";"0,38045"
"21,59000";"4,65222";"0,37552"
"21,60000";"4,63722";"0,37577"
"21,61000";"4,62199";"0,37133"
"21,62000";"4,60688";"0,36512"
"21,63000";"4,59189";"0,36088"
"21,64000";"4,57701";"0,36081"
"21,65000";"4,56202";"0,36949"
"21,66000";"4,54703";"0,38050"
"21,67000";"4,53227";"0,37727"
"21,68000";"4,51740";"0,37954"
"21,69000";"4,50228";"0,38193"
"21,70000";"4,48717";"0,37620"
"21,71000";"4,47230";"0,37294"
"21,72000";"4,45742";"0,37316"
"21,73000";"4,44243";"0,37773"
"21,74000";"4,42720";"0,37669"
"21,75000";"4,41209";"0,37537"
"21,76000";"4,39710";"0,37529"
"21,77000";"4,38199";"0,38156"
"21,78000";"4,36687";"0,38390"
"21,79000";"4,35188";"0,38614"
"21,80000";"4,33712";"0,38066"
"21,81000";"4,32213";"0,37214"
"21,82000";"4,30702";"0,37087"
"21,83000";"4,29203";"0,36958"
"21,84000";"4,27715";"0,37302"
"21,85000";"4,26228";"0,38004"
"21,86000";"4,24717";"0,38454"
"21,87000";"4,23217";"0,38538"
"21,88000";"4,21742";"0,38104"
"21,89000";"4,20254";"0,37548"
"21,90000";"4,18743";"0,37740"
"21,91000";"4,17208";"0,37436"
"21,92000";"4,15709";"0,36789"
"21,93000";"4,14222";"0,37347"
"21,94000";"4,12710";"0,38160"
"21,95000";"4,11199";"0,37736"
"21,96000";"4,09700";"0,37346"
"21,97000";"4,08213";"0,37307"
"21,98000";"4,06701";"0,36700"
"21,99000";"4,05178";"0,36131"
"22,00000";"4,03679";"0,36365"
"22,01000";"4,02192";"0,36565"
"22,02000";"4,00704";"0,37203"
"22,03000";"3,99193";"0,37373"
"22,04000";"3,97694";"0,37373"
"22,05000";"3,96194";"0,36983"
"22,06000";"3,94683";"0,36126"
"22,07000";"3,93172";"0,35972"
"22,08000";"3,91661";"0,36083"
"22,09000";"3,90185";"0,36014"
"22,10000";"3,88698";"0,36298"
"22,11000";"3,87187";"0,36584"
"22,12000";"3,85676";"0,37285"
"22,13000";"3,84176";"0,38498"
"22,14000";"3,82677";"0,38913"
"22,15000";"3,81166";"0,38535"
"22,16000";"3,79655";"0,37476"
"22,17000";"3,78167";"0,36893"
"22,18000";"3,76692";"0,37493"
"22,19000";"3,75181";"0,38296"
"22,20000";"3,73681";"0,39042"
"22,21000";"3,72182";"0,39375"
"22,22000";"3,70683";"0,38854"
"22,23000";"3,69172";"0,38371"
"22,24000";"3,67660";"0,37789"
"22,25000";"3,66173";"0,36916"
"22,26000";"3,64685";"0,36573"
"22,27000";"3,63198";"0,36604"
"22,28000";"3,61687";"0,36655"
"22,29000";"3,60187";"0,36939"
"22,30000";"3,58700";"0,37562"
"22,31000";"3,57201";"0,38288"
"22,32000";"3,55690";"0,38757"
"22,33000";"3,54190";"0,39309"
"22,34000";"3,52715";"0,40194"
"22,35000";"3,51215";"0,40277"
"22,36000";"3,49704";"0,39108"
"22,37000";"3,48193";"0,38658"
"22,38000";"3,46694";"0,38464"
"22,39000";"3,45194";"0,38203"
"22,40000";"3,43695";"0,38472"
"22,41000";"3,42208";"0,38098"
"22,42000";"3,40732";"0,37953"
"22,43000";"3,39244";"0,38316"
"22,44000";"3,37733";"0,38779"
"22,45000";"3,36210";"0,38845"
"22,46000";"3,34711";"0,38159"
"22,47000";"3,33212";"0,37751"
"22,48000";"3,31689";"0,37749"
"22,49000";"3,30190";"0,37922"
"22,50000";"3,28702";"0,38766"
"22,51000";"3,27215";"0,39083"
"22,52000";"3,25703";"0,39483"
"22,53000";"3,24192";"0,39872"
"22,54000";"3,22693";"0,40179"
"22,55000";"3,21194";"0,40189"
"22,56000";"3,19694";"0,40895"
"22,57000";"3,18183";"0,41179"
"22,58000";"3,16696";"0,41840"
"22,59000";"3,15197";"0,42611"
"22,60000";"3,13697";"0,43623"
"22,61000";"3,12174";"0,44190"
"22,62000";"3,10687";"0,44976"
"22,63000";"3,09199";"0,45885"
"22,64000";"3,07700";"0,46082"
"22,65000";"3,06201";"0,45738"
"22,66000";"3,04701";"0,45684"
"22,67000";"3,03214";"0,45442"
"22,68000";"3,01703";"0,45144"
"22,69000";"3,00192";"0,45329"
"22,70000";"2,98692";"0,45800"
"22,71000";"2,97193";"0,45455"
"22,72000";"2,95706";"0,45868"
"22,73000";"2,94218";"0,46271"
"22,74000";"2,92707";"0,45810"
"22,75000";"2,91219";"0,45587"
"22,76000";"2,89708";"0,45800"
"22,77000";"2,88197";"0,46554"
"22,78000";"2,86686";"0,47210"
"22,79000";"2,85187";"0,46736"
"22,80000";"2,83688";"0,45844"
"22,81000";"2,82200";"0,45366"
"22,82000";"2,80701";"0,45717"
"22,83000";"2,79201";"0,45813"
"22,84000";"2,77702";"0,45620"
"22,85000";"2,76191";"0,45982"
"22,86000";"2,74680";"0,45841"
"22,87000";"2,73181";"0,45224"
"22,88000";"2,71693";"0,45136"
"22,89000";"2,70206";"0,45248"
"22,90000";"2,68694";"0,45007"
"22,91000";"2,67195";"0,43655"
"22,92000";"2,65696";"0,43607"
"22,93000";"2,64197";"0,44497"
"22,94000";"2,62674";"0,45338"
"22,95000";"2,61162";"0,45310"
"22,96000";"2,59675";"0,46093"
"22,97000";"2,58199";"0,46461"
"22,98000";"2,56688";"0,46296"
"22,99000";"2,55189";"0,45930"
"23,00000";"2,53690";"0,45870"
"23,01000";"2,52190";"0,45874"
"23,02000";"2,50691";"0,45077"
"23,03000";"2,49180";"0,43810"
"23,04000";"2,47704";"0,42955"
"23,05000";"2,46217";"0,43233"
"23,06000";"2,44717";"0,43265"
"23,07000";"2,43206";"0,42830"
"23,08000";"2,41695";"0,43120"
"23,09000";"2,40196";"0,43971"
"23,10000";"2,38685";"0,44044"
"23,11000";"2,37174";"0,44368"
"23,12000";"2,35674";"0,44291"
"23,13000";"2,34199";"0,44506"
"23,14000";"2,32711";"0,44262"
"23,15000";"2,31200";"0,44747"
"23,16000";"2,29701";"0,44169"
"23,17000";"2,28201";"0,43690"
"23,18000";"2,26702";"0,43727"
"23,19000";"2,25203";"0,45292"
"23,20000";"2,23703";"0,45743"
"23,21000";"2,22216";"0,45681"
"23,22000";"2,20717";"0,46283"
"23,23000";"2,19217";"0,45988"
"23,24000";"2,17706";"0,45251"
"23,25000";"2,16207";"0,44647"
"23,26000";"2,14708";"0,44458"
"23,27000";"2,13197";"0,44608"
"23,28000";"2,11697";"0,43982"
"23,29000";"2,10198";"0,43455"
"23,30000";"2,08687";"0,44023"
"23,31000";"2,07176";"0,44923"
"23,32000";"2,05676";"0,45634"
"23,33000";"2,04177";"0,46158"
"23,34000";"2,02678";"0,45921"
"23,35000";"2,01178";"0,45466"
"23,36000";"1,99691";"0,45511"
"23,37000";"1,98203";"0,45318"
"23,38000";"1,96704";"0,45004"
"23,39000";"1,95205";"0,44788"
"23,40000";"1,93694";"0,45065"
"23,41000";"1,92194";"0,44853"
"23,42000";"1,90695";"0,45263"
"23,43000";"1,89196";"0,45916"
"23,44000";"1,87697";"0,46120"
"23,45000";"1,86197";"0,45681"
"23,46000";"1,84710";"0,45324"
"23,47000";"1,83210";"0,44057"
"23,48000";"1,81699";"0,43548"
"23,49000";"1,80188";"0,43848"
"23,50000";"1,78689";"0,44316"
"23,51000";"1,77201";"0,45068"
"23,52000";"1,75702";"0,45565"
"23,53000";"1,74191";"0,46137"
"23,54000";"1,72692";"0,45872"
"23,55000";"1,71204";"0,46187"
"23,56000";"1,69705";"0,46472"
"23,57000";"1,68194";"0,46370"
"23,58000";"1,66683";"0,45852"
"23,59000";"1,65195";"0,44457"
"23,60000";"1,63708";"0,44001"
"23,61000";"1,62208";"0,44266"
"23,62000";"1,60697";"0,44659"
"23,63000";"1,59210";"0,44549"
"23,64000";"1,57710";"0,44752"
"23,65000";"1,56199";"0,45096"
"23,66000";"1,54700";"0,44422"
"23,67000";"1,53212";"0,43884"
"23,68000";"1,51713";"0,43946"
"23,69000";"1,50202";"0,44784"
"23,70000";"1,48703";"0,45577"
"23,71000";"1,47192";"0,45102"
"23,72000";"1,45692";"0,45042"
"23,73000";"1,44181";"0,44771"
"23,74000";"1,42682";"0,44524"
"23,75000";"1,41194";"0,44425"
"23,76000";"1,39695";"0,44640"
"23,77000";"1,38196";"0,44715"
"23,78000";"1,36685";"0,44908"
"23,79000";"1,35185";"0,44642"
"23,80000";"1,33686";"0,44012"
"23,81000";"1,32187";"0,44016"
"23,82000";"1,30687";"0,43822"
"23,83000";"1,29188";"0,43432"
"23,84000";"1,27701";"0,43448"
"23,85000";"1,26213";"0,44374"
"23,86000";"1,24702";"0,45492"
"23,87000";"1,23203";"0,45467"
"23,88000";"1,21715";"0,44970"
"23,89000";"1,20204";"0,44405"
"23,90000";"1,18705";"0,44040"
"23,91000";"1,17194";"0,44204"
"23,92000";"1,15706";"0,44246"
"23,93000";"1,14207";"0,43959"
"23,94000";"1,12696";"0,44487"
"23,95000";"1,11185";"0,44501"
"23,96000";"1,09685";"0,44444"
"23,97000";"1,08198";"0,43777"
"23,98000";"1,06699";"0,43933"
"23,99000";"1,05211";"0,43765"
"24,00000";"1,03700";"0,43420"
"24,01000";"1,02213";"0,43252"
"24,02000";"1,00713";"0,43397"
"24,03000";"0,99202";"0,44147"
"24,04000";"0,97703";"0,44409"
"24,05000";"0,96203";"0,45038"
"24,06000";"0,94704";"0,45202"
"24,07000";"0,93205";"0,44938"
"24,08000";"0,91706";"0,44902"
"24,09000";"0,90206";"0,44864"
"24,10000";"0,88707";"0,45104"
"24,11000";"0,87196";"0,46035"
"24,12000";"0,85685";"0,46565"
"24,13000";"0,84185";"0,46081"
"24,14000";"0,82686";"0,45424"
"24,15000";"0,81199";"0,44555"
"24,16000";"0,79699";"0,44879"
"24,17000";"0,78200";"0,45564"
"24,18000";"0,76724";"0,45539"
"24,19000";"0,75213";"0,45597"
"24,20000";"0,73714";"0,45783"
"24,21000";"0,72215";"0,45903"
"24,22000";"0,70715";"0,45857"
"24,23000";"0,69216";"0,45622"
"24,24000";"0,67705";"0,45501"
"24,25000";"0,66206";"0,45189"
"24,26000";"0,64718";"0,45844"
"24,27000";"0,63219";"0,46293"
"24,28000";"0,61696";"0,45699"
"24,29000";"0,60197";"0,45371"
"24,30000";"0,58709";"0,45231"
"24,31000";"0,57198";"0,45000"
"24,32000";"0,55687";"0,44818"
"24,33000";"0,54176";"0,45302"
"24,34000";"0,52688";"0,45765"
"24,35000";"0,51189";"0,46069"
"24,36000";"0,49678";"0,45826"
"24,37000";"0,48167";"0,45702"
"24,38000";"0,46691";"0,46025"
"24,39000";"0,45203";"0,45948"
"24,40000";"0,43704";"0,45394"
"24,41000";"0,42193";"0,44721"
"24,42000";"0,40694";"0,44720"
"24,43000";"0,39194";"0,44504"
"24,44000";"0,37683";"0,44751"
"24,45000";"0,36184";"0,45078"
"24,46000";"0,34685";"0,45162"
"24,47000";"0,33209";"0,44964"
"24,48000";"0,31710";"0,44816"
"24,49000";"0,30210";"0,44609"
"24,50000";"0,28711";"0,44977"
"24,51000";"0,27212";"0,44647"
"24,52000";"0,25701";"0,44937"
"24,53000";"0,24190";"0,45592"
"24,54000";"0,22690";"0,45635"
"24,55000";"0,21203";"0,45365"
"24,56000";"0,19703";"0,45496"
"24,57000";"0,18181";"0,45678"
"24,58000";"0,16681";"0,45860"
"24,59000";"0,15182";"0,45611"
"24,60000";"0,13694";"0,45942"
"24,61000";"0,12195";"0,45925"
"24,62000";"0,10708";"0,45196"
"24,63000";"0,09232";"0,44583"
"24,64000";"0,07733";"0,44638"
"24,65000";"0,06222";"0,44662"
"24,66000";"0,04722";"0,45018"
"24,67000";"0,03223";"0,45448"
"24,68000";"0,01724";"0,45815"
"24,69000";"0,00213";"0,45578"
"24,69200";"-0,00083";"0,45566"
"24,69400";"-0,00378";"0,45514"
"24,70400";"-0,01688";"0,45378"
"24,71400";"-0,02397";"0,46856"
"24,72000";"-0,02574";"0,48044"
"24,73000";"-0,02479";"0,50014"
"24,74000";"-0,01948";"0,50903"
"24,75000";"-0,00767";"0,50923"
"24,76000";"0,00956";"0,51310"
"24,77000";"0,02999";"0,50097"
"24,78000";"0,05147";"0,47919"
"24,79000";"0,07331";"0,45772"
"24,80000";"0,09456";"0,45173"
"24,81000";"0,11510";"0,44514"
"24,82000";"0,13482";"0,44056"
"24,83000";"0,15347";"0,43320"
"24,84000";"0,17142";"0,43151"
"24,85000";"0,18877";"0,43363"
"24,86000";"0,20565";"0,44178"
"24,87000";"0,22218";"0,45088"
"24,88000";"0,23835";"0,44968"
"24,89000";"0,25429";"0,44257"
"24,90000";"0,26999";"0,43516"
"24,91000";"0,28558";"0,43634"
"24,92000";"0,30104";"0,44226"
"24,93000";"0,31651";"0,44240"
"24,94000";"0,33185";"0,44580"
"24,95000";"0,34708";"0,44667"
"24,96000";"0,36219";"0,45270"
"24,97000";"0,37731";"0,45334"
"24,98000";"0,39230";"0,45256"
"24,99000";"0,40741";"0,44993"
"25,00000";"0,42252";"0,44433"
"25,01000";"0,43775";"0,43937"
"25,02000";"0,45286";"0,43250"
"25,03000";"0,46797";"0,43072"
"25,04000";"0,48297";"0,43426"
"25,05000";"0,49796";"0,43134"
"25,06000";"0,51283";"0,43419"
"25,07000";"0,52771";"0,43937"
"25,08000";"0,54282";"0,44761"
"25,09000";"0,55781";"0,44632"
"25,10000";"0,57292";"0,44533"
"25,11000";"0,58792";"0,44520"
"25,12000";"0,60291";"0,44677"
"25,13000";"0,61790";"0,44919"
"25,14000";"0,63290";"0,45002"
"25,15000";"0,64801";"0,45185"
"25,16000";"0,66300";"0,45160"
"25,17000";"0,67811";"0,44694"
"25,18000";"0,69299";"0,44118"
"25,19000";"0,70798";"0,44097"
"25,20000";"0,72297";"0,43737"
"25,21000";"0,73797";"0,43885"
"25,22000";"0,75296";"0,44878"
"25,23000";"0,76795";"0,45316"
"25,24000";"0,78306";"0,44975"
"25,25000";"0,79806";"0,44717"
"25,26000";"0,81305";"0,44373"
"25,27000";"0,82804";"0,44551"
"25,28000";"0,84292";"0,45196"
"25,29000";"0,85791";"0,45465"
"25,30000";"0,87278";"0,45840"
"25,31000";"0,88766";"0,45844"
"25,32000";"0,90277";"0,45904"
"25,33000";"0,91788";"0,46070"
"25,34000";"0,93299";"0,45484"
"25,35000";"0,94810";"0,45441"
"25,36000";"0,96310";"0,45787"
"25,37000";"0,97809";"0,45407"
"25,38000";"0,99297";"0,45426"
"25,39000";"1,00808";"0,46000"
"25,40000";"1,02307";"0,46784"
"25,41000";"1,03818";"0,46171"
"25,42000";"1,05317";"0,45548"
"25,43000";"1,06817";"0,44769"
"25,44000";"1,08316";"0,43553"
"25,45000";"1,09815";"0,43250"
"25,46000";"1,11303";"0,43456"
"25,47000";"1,12802";"0,44170"
"25,48000";"1,14301";"0,44765"
"25,49000";"1,15801";"0,45147"
"25,50000";"1,17288";"0,45400"
"25,51000";"1,18788";"0,44386"
"25,52000";"1,20287";"0,43780"
"25,53000";"1,21786";"0,44034"
"25,54000";"1,23285";"0,44608"
"25,55000";"1,24797";"0,44625"
"25,56000";"1,26308";"0,44806"
"25,57000";"1,27819";"0,44296"
"25,58000";"1,29306";"0,44735"
"25,59000";"1,30806";"0,45200"
"25,60000";"1,32293";"0,44662"
"25,61000";"1,33792";"0,43520"
"25,62000";"1,35280";"0,43543"
"25,63000";"1,36791";"0,44396"
"25,64000";"1,38302";"0,44510"
"25,65000";"1,39813";"0,44337"
"25,66000";"1,41313";"0,43872"
"25,67000";"1,42800";"0,43860"
"25,68000";"1,44299";"0,44304"
"25,69000";"1,45799";"0,45048"
"25,70000";"1,47286";"0,45443"
"25,71000";"1,48797";"0,45225"
"25,72000";"1,50297";"0,45298"
"25,73000";"1,51808";"0,45046"
"25,74000";"1,53307";"0,44866"
"25,75000";"1,54794";"0,44961"
"25,76000";"1,56294";"0,44940"
"25,77000";"1,57793";"0,45362"
"25,78000";"1,59304";"0,45392"
"25,79000";"1,60803";"0,45162"
"25,80000";"1,62315";"0,45125"
"25,81000";"1,63814";"0,44819"
"25,82000";"1,65313";"0,45433"
"25,83000";"1,66801";"0,45842"
"25,84000";"1,68312";"0,45659"
"25,85000";"1,69799";"0,45655"
"25,86000";"1,71299";"0,45356"
"25,87000";"1,72810";"0,44908"
"25,88000";"1,74309";"0,44488"
"25,89000";"1,75808";"0,44354"
"25,90000";"1,77296";"0,44798"
"25,91000";"1,78783";"0,44882"
"25,92000";"1,80283";"0,44381"
"25,93000";"1,81782";"0,43893"
"25,94000";"1,83281";"0,43814"
"25,95000";"1,84792";"0,44041"
"25,96000";"1,86292";"0,44095"
"25,97000";"1,87803";"0,44087"
"25,98000";"1,89302";"0,43546"
"25,99000";"1,90801";"0,43991"
"26,00000";"1,92313";"0,44254"
"26,01000";"1,93800";"0,44845"
"26,02000";"1,95276";"0,44624"
"26,03000";"1,96763";"0,44517"
"26,04000";"1,98274";"0,44395"
"26,05000";"1,99785";"0,44363"
"26,06000";"2,01297";"0,44814"
"26,07000";"2,02796";"0,45127"
"26,08000";"2,04295";"0,44868"
"26,09000";"2,05794";"0,45504"
"26,10000";"2,07294";"0,45944"
"26,11000";"2,08805";"0,45538"
"26,12000";"2,10292";"0,44961"
"26,13000";"2,11803";"0,45034"
"26,14000";"2,13303";"0,44708"
"26,15000";"2,14802";"0,44397"
"26,16000";"2,16301";"0,44061"
"26,17000";"2,17801";"0,44057"
"26,18000";"2,19312";"0,44169"
"26,19000";"2,20823";"0,44529"
"26,20000";"2,22322";"0,44951"
"26,21000";"2,23822";"0,44778"
"26,22000";"2,25309";"0,44202"
"26,23000";"2,26797";"0,44758"
"26,24000";"2,28272";"0,45590"
"26,25000";"2,29760";"0,45368"
"26,26000";"2,31259";"0,44833"
"26,27000";"2,32758";"0,44882"
"26,28000";"2,34258";"0,44796"
"26,29000";"2,35757";"0,44462"
"26,30000";"2,37268";"0,43220"
"26,31000";"2,38779";"0,43283"
"26,32000";"2,40278";"0,43899"
"26,33000";"2,41778";"0,43952"
"26,34000";"2,43301";"0,43397"
"26,35000";"2,44812";"0,43377"
"26,36000";"2,46323";"0,44180"
"26,37000";"2,47834";"0,44620"
"26,38000";"2,49333";"0,44595"
"26,39000";"2,50844";"0,44911"
"26,40000";"2,52332";"0,44957"
"26,41000";"2,53819";"0,45706"
"26,42000";"2,55319";"0,46070"
"26,43000";"2,56806";"0,46104"
"26,44000";"2,58306";"0,46488"
"26,45000";"2,59805";"0,46718"
"26,46000";"2,61304";"0,46420"
"26,47000";"2,62803";"0,46113"
"26,48000";"2,64291";"0,46234"
"26,49000";"2,65778";"0,45894"
"26,50000";"2,67290";"0,44391"
"26,51000";"2,68789";"0,43870"
"26,52000";"2,70288";"0,44469"
"26,53000";"2,71764";"0,45163"
"26,54000";"2,73251";"0,44954"
"26,55000";"2,74751";"0,44725"
"26,56000";"2,76238";"0,44940"
"26,57000";"2,77737";"0,44014"
"26,58000";"2,79249";"0,44091"
"26,59000";"2,80760";"0,44715"
"26,60000";"2,82271";"0,45115"
"26,61000";"2,83782";"0,45191"
"26,62000";"2,85305";"0,45251"
"26,63000";"2,86804";"0,45187"
"26,64000";"2,88303";"0,44792"
"26,65000";"2,89803";"0,44092"
"26,66000";"2,91302";"0,43997"
"26,67000";"2,92813";"0,43577"
"26,68000";"2,94324";"0,43414"
"26,69000";"2,95847";"0,43976"
"26,70000";"2,97347";"0,44542"
"26,71000";"2,98846";"0,44653"
"26,72000";"3,00333";"0,44792"
"26,73000";"3,01833";"0,44642"
"26,74000";"3,03332";"0,44431"
"26,75000";"3,04819";"0,44242"
"26,76000";"3,06307";"0,44593"
"26,77000";"3,07806";"0,44835"
"26,78000";"3,09294";"0,44082"
"26,79000";"3,10793";"0,43393"
"26,80000";"3,12304";"0,43321"
"26,81000";"3,13792";"0,43381"
"26,82000";"3,15291";"0,44057"
"26,83000";"3,16778";"0,44503"
"26,84000";"3,18254";"0,44489"
"26,85000";"3,19742";"0,44454"
"26,86000";"3,21241";"0,44990"
"26,87000";"3,22728";"0,45037"
"26,88000";"3,24228";"0,44918"
"26,89000";"3,25739";"0,44407"
"26,90000";"3,27262";"0,44324"
"26,91000";"3,28797";"0,45288"
"26,92000";"3,30319";"0,45329"
"26,93000";"3,31831";"0,45454"
"26,94000";"3,33330";"0,45738"
"26,95000";"3,34829";"0,44995"
"26,96000";"3,36328";"0,44749"
"26,97000";"3,37851";"0,45437"
"26,98000";"3,39363";"0,45516"
"26,99000";"3,40862";"0,45059"
"27,00000";"3,42361";"0,44219"
"27,01000";"3,43860";"0,43856"
"27,02000";"3,45348";"0,44616"
"27,03000";"3,46835";"0,45061"
"27,04000";"3,48323";"0,45274"
"27,05000";"3,49810";"0,45369"
"27,06000";"3,51298";"0,45609"
"27,07000";"3,52797";"0,46300"
"27,08000";"3,54297";"0,46520"
"27,09000";"3,55796";"0,45891"
"27,10000";"3,57283";"0,46121"
"27,11000";"3,58771";"0,46618"
"27,12000";"3,60270";"0,46917"
"27,13000";"3,61758";"0,46642"
"27,14000";"3,63245";"0,45901"
"27,15000";"3,64744";"0,44978"
"27,16000";"3,66256";"0,44779"
"27,17000";"3,67755";"0,44833"
"27,18000";"3,69254";"0,44908"
"27,19000";"3,70742";"0,44705"
"27,20000";"3,72253";"0,45102"
"27,21000";"3,73752";"0,44574"
"27,22000";"3,75263";"0,43980"
"27,23000";"3,76774";"0,44101"
"27,24000";"3,78297";"0,44634"
"27,25000";"3,79820";"0,44815"
"27,26000";"3,81343";"0,45655"
"27,27000";"3,82854";"0,46303"
"27,28000";"3,84353";"0,46315"
"27,29000";"3,85865";"0,46026"
"27,30000";"3,87364";"0,46618"
"27,31000";"3,88863";"0,46882"
"27,32000";"3,90362";"0,46586"
"27,33000";"3,91862";"0,45505"
"27,34000";"3,93349";"0,45087"
"27,35000";"3,94837";"0,44554"
"27,36000";"3,96324";"0,44424"
"27,37000";"3,97824";"0,44100"
"27,38000";"3,99311";"0,43294"
"27,39000";"4,00810";"0,43364"
"27,40000";"4,02310";"0,43543"
"27,41000";"4,03797";"0,43453"
"27,42000";"4,05285";"0,43201"
"27,43000";"4,06772";"0,43666"
"27,44000";"4,08248";"0,44291"
"27,45000";"4,09747";"0,45157"
"27,46000";"4,11258";"0,44451"
"27,47000";"4,12758";"0,43815"
"27,48000";"4,14269";"0,43882"
"27,49000";"4,15780";"0,43917"
"27,50000";"4,17279";"0,43277"
"27,51000";"4,18779";"0,43468"
"27,52000";"4,20290";"0,43677"
"27,53000";"4,21813";"0,44288"
"27,54000";"4,23335";"0,45198"
"27,55000";"4,24847";"0,45610"
"27,56000";"4,26346";"0,46074"
"27,57000";"4,27857";"0,45572"
"27,58000";"4,29344";"0,44919"
"27,59000";"4,30832";"0,44953"
"27,60000";"4,32331";"0,44448"
"27,61000";"4,33831";"0,44376"
"27,62000";"4,35330";"0,44989"
"27,63000";"4,36841";"0,45064"
"27,64000";"4,38328";"0,45532"
"27,65000";"4,39828";"0,45798"
"27,66000";"4,41315";"0,45474"
"27,67000";"4,42803";"0,44967"
"27,68000";"4,44314";"0,44584"
"27,69000";"4,45801";"0,44232"
"27,70000";"4,47312";"0,43737"
"27,71000";"4,48800";"0,43948"
"27,72000";"4,50288";"0,43835"
"27,73000";"4,51775";"0,43209"
"27,74000";"4,53274";"0,43869"
"27,75000";"4,54762";"0,44453"
"27,76000";"4,56261";"0,45260"
"27,77000";"4,57772";"0,46307"
"27,78000";"4,59283";"0,46971"
"27,79000";"4,60771";"0,46250"
"27,80000";"4,62270";"0,45042"
"27,81000";"4,63769";"0,44497"
"27,82000";"4,65269";"0,44386"
"27,83000";"4,66792";"0,44215"
"27,84000";"4,68315";"0,44282"
"27,85000";"4,69826";"0,44444"
"27,86000";"4,71337";"0,44989"
"27,87000";"4,72836";"0,44865"
"27,88000";"4,74347";"0,44937"
"27,89000";"4,75835";"0,45328"
"27,90000";"4,77322";"0,44859"
"27,91000";"4,78810";"0,44162"
"27,92000";"4,80309";"0,43626"
"27,93000";"4,81808";"0,44225"
"27,94000";"4,83319";"0,45115"
"27,95000";"4,84819";"0,45822"
"27,96000";"4,86318";"0,46400"
"27,97000";"4,87806";"0,45924"
"27,98000";"4,89281";"0,45602"
"27,99000";"4,90781";"0,45015"
"28,00000";"4,92280";"0,44424"
"28,01000";"4,93779";"0,44600"
"28,02000";"4,95278";"0,44939"
"28,03000";"4,96778";"0,44567"
"28,04000";"4,98277";"0,44384"
"28,05000";"4,99776";"0,44474"
"28,06000";"5,01288";"0,45375"
"28,07000";"5,02799";"0,46275"
"28,08000";"5,04298";"0,46139"
"28,09000";"5,05809";"0,45662"
"28,10000";"5,07320";"0,45229"
"28,11000";"5,08819";"0,45517"
"28,12000";"5,10331";"0,46034"
"28,13000";"5,11830";"0,46522"
"28,14000";"5,13329";"0,46499"
"28,15000";"5,14828";"0,45478"
"28,16000";"5,16328";"0,45460"
"28,17000";"5,17839";"0,45613"
"28,18000";"5,19338";"0,46069"
"28,19000";"5,20826";"0,46042"
"28,20000";"5,22313";"0,45533"
"28,21000";"5,23813";"0,44788"
"28,22000";"5,25300";"0,44245"
"28,23000";"5,26799";"0,44000"
"28,24000";"5,28299";"0,44491"
"28,25000";"5,29810";"0,45254"
"28,26000";"5,31309";"0,45189"
"28,27000";"5,32797";"0,44999"
"28,28000";"5,34296";"0,44908"
"28,29000";"5,35783";"0,44918"
"28,30000";"5,37283";"0,45036"
"28,31000";"5,38794";"0,44923"
"28,32000";"5,40281";"0,44508"
"28,33000";"5,41781";"0,45149"
"28,34000";"5,43292";"0,45733"
"28,35000";"5,44791";"0,45919"
"28,36000";"5,46302";"0,45928"
"28,37000";"5,47790";"0,45576"
"28,38000";"5,49301";"0,45346"
"28,39000";"5,50800";"0,45195"
"28,40000";"5,52299";"0,44972"
"28,41000";"5,53810";"0,44516"
"28,42000";"5,55310";"0,44596"
"28,43000";"5,56809";"0,44720"
"28,44000";"5,58308";"0,45349"
"28,45000";"5,59796";"0,45168"
"28,46000";"5,61295";"0,44872"
"28,47000";"5,62794";"0,45142"
"28,48000";"5,64294";"0,45566"
"28,49000";"5,65805";"0,46205"
"28,50000";"5,67304";"0,45699"
"28,51000";"5,68815";"0,44293"
"28,52000";"5,70315";"0,43025"
"28,53000";"5,71814";"0,42460"
"28,54000";"5,73325";"0,42608"
"28,55000";"5,74824";"0,42190"
"28,56000";"5,76324";"0,42116"
"28,57000";"5,77811";"0,42781"
"28,58000";"5,79299";"0,43345"
"28,59000";"5,80798";"0,44858"
"28,60000";"5,82297";"0,45073"
"28,61000";"5,83785";"0,45087"
"28,62000";"5,85284";"0,44984"
"28,63000";"5,86795";"0,44635"
"28,64000";"5,88294";"0,43983"
"28,65000";"5,89806";"0,43912"
"28,66000";"5,91305";"0,43974"
"28,67000";"5,92804";"0,43405"
"28,68000";"5,94303";"0,43038"
"28,69000";"5,95791";"0,42979"
"28,70000";"5,97302";"0,43397"
"28,71000";"5,98801";"0,43876"
"28,72000";"6,00312";"0,44065"
"28,73000";"6,01812";"0,43784"
"28,74000";"6,03311";"0,43484"
"28,75000";"6,04810";"0,42898"
"28,76000";"6,06310";"0,43182"
"28,77000";"6,07809";"0,43097"
"28,78000";"6,09308";"0,43840"
"28,79000";"6,10808";"0,44856"
"28,80000";"6,12307";"0,45090"
"28,81000";"6,13818";"0,45042"
"28,82000";"6,15306";"0,44725"
"28,83000";"6,16805";"0,44232"
"28,84000";"6,18292";"0,43598"
"28,85000";"6,19792";"0,43642"
"28,86000";"6,21291";"0,43540"
"28,87000";"6,22802";"0,43317"
"28,88000";"6,24301";"0,43628"
"28,89000";"6,25801";"0,44049"
"28,90000";"6,27312";"0,44577"
"28,91000";"6,28799";"0,44007"
"28,92000";"6,30299";"0,43789"
"28,93000";"6,31810";"0,44111"
"28,94000";"6,33309";"0,44771"
"28,95000";"6,34808";"0,45246"
"28,96000";"6,36308";"0,45082"
"28,97000";"6,37807";"0,44211"
"28,98000";"6,39306";"0,44246"
"28,99000";"6,40806";"0,44360"
"29,00000";"6,42293";"0,43855"
"29,01000";"6,43792";"0,43440"
"29,02000";"6,45303";"0,43387"
"29,03000";"6,46803";"0,43356"
"29,04000";"6,48290";"0,43400"
"29,05000";"6,49790";"0,43478"
"29,06000";"6,51289";"0,43592"
"29,07000";"6,52788";"0,43469"
"29,08000";"6,54287";"0,43188"
"29,09000";"6,55787";"0,43160"
"29,10000";"6,57298";"0,42593"
"29,11000";"6,58809";"0,42469"
"29,12000";"6,60308";"0,43117"
"29,13000";"6,61796";"0,44163"
"29,14000";"6,63295";"0,44684"
"29,15000";"6,64783";"0,44776"
"29,16000";"6,66270";"0,45059"
"29,17000";"6,67758";"0,44830"
"29,18000";"6,69269";"0,44897"
"29,19000";"6,70768";"0,45027"
"29,20000";"6,72279";"0,45255"
"29,21000";"6,73790";"0,46226"
"29,22000";"6,75301";"0,46190"
"29,23000";"6,76801";"0,45283"
"29,24000";"6,78300";"0,44836"
"29,25000";"6,79799";"0,44121"
"29,26000";"6,81310";"0,44262"
"29,27000";"6,82810";"0,44850"
"29,28000";"6,84309";"0,45263"
"29,29000";"6,85808";"0,45428"
"29,30000";"6,87308";"0,44876"
"29,31000";"6,88807";"0,44515"
"29,32000";"6,90306";"0,44146"
"29,33000";"6,91817";"0,43911"
"29,34000";"6,93317";"0,43624"
"29,35000";"6,94816";"0,43657"
"29,36000";"6,96315";"0,43559"
"29,37000";"6,97815";"0,44504"
"29,38000";"6,99302";"0,45549"
"29,39000";"7,00801";"0,46535"
"29,40000";"7,02289";"0,46854"
"29,41000";"7,03788";"0,46087"
"29,42000";"7,05288";"0,45275"
"29,43000";"7,06787";"0,44967"
"29,44000";"7,08286";"0,44359"
"29,45000";"7,09797";"0,43711"
"29,46000";"7,11297";"0,43621"
"29,47000";"7,12784";"0,43571"
"29,48000";"7,14283";"0,43908"
"29,49000";"7,15783";"0,44138"
"29,50000";"7,17294";"0,44205"
"29,51000";"7,18805";"0,44301"
"29,52000";"7,20304";"0,44286"
"29,53000";"7,21815";"0,44064"
"29,54000";"7,23315";"0,43760"
"29,55000";"7,24802";"0,44211"
"29,56000";"7,26301";"0,44331"
"29,57000";"7,27813";"0,44190"
"29,58000";"7,29312";"0,44161"
"29,59000";"7,30811";"0,44833"
"29,60000";"7,32310";"0,44897"
"29,61000";"7,33810";"0,44959"
"29,62000";"7,35309";"0,45613"
"29,63000";"7,36797";"0,46057"
"29,64000";"7,38296";"0,45693"
"29,65000";"7,39807";"0,44629"
"29,66000";"7,41318";"0,44107"
"29,67000";"7,42817";"0,44451"
"29,68000";"7,44317";"0,45065"
"29,69000";"7,45804";"0,45861"
"29,70000";"7,47292";"0,46196"
"29,71000";"7,48791";"0,45501"
"29,72000";"7,50290";"0,45056"
"29,73000";"7,51790";"0,45028"
"29,74000";"7,53301";"0,44656"
"29,75000";"7,54788";"0,43700"
"29,76000";"7,56288";"0,43801"
"29,77000";"7,57787";"0,44348"
"29,78000";"7,59286";"0,44516"
"29,79000";"7,60774";"0,44754"
"29,80000";"7,62273";"0,45294"
"29,81000";"7,63784";"0,45262"
"29,82000";"7,65295";"0,45022"
"29,83000";"7,66806";"0,44970"
"29,84000";"7,68306";"0,44789"
"29,85000";"7,69805";"0,44696"
"29,86000";"7,71304";"0,44773"
"29,87000";"7,72792";"0,44840"
"29,88000";"7,74303";"0,44611"
"29,89000";"7,75802";"0,43885"
"29,90000";"7,77290";"0,43395"
"29,91000";"7,78777";"0,43033"
"29,92000";"7,80276";"0,42869"
"29,93000";"7,81776";"0,42951"
"29,94000";"7,83275";"0,43823"
"29,95000";"7,84774";"0,44426"
"29,96000";"7,86285";"0,44168"
"29,97000";"7,87785";"0,44173"
"29,98000";"7,89296";"0,44262"
"29,99000";"7,90795";"0,44575"
"30,00000";"7,92283";"0,44614"
"30,01000";"7,93794";"0,44041"
"30,02000";"7,95281";"0,44090"
"30,03000";"7,96769";"0,44592"
"30,04000";"7,98280";"0,44782"
"30,05000";"7,99779";"0,44418"
"30,06000";"8,01290";"0,45003"
"30,07000";"8,02801";"0,45163"
"30,08000";"8,04301";"0,44463"
"30,09000";"8,05812";"0,44617"
"30,10000";"8,07311";"0,44734"
"30,11000";"8,08810";"0,45193"
"30,12000";"8,10310";"0,45674"
"30,13000";"8,11821";"0,45330"
"30,14000";"8,13320";"0,45088"
"30,15000";"8,14819";"0,44932"
"30,16000";"8,16319";"0,45054"
"30,17000";"8,17818";"0,45193"
"30,18000";"8,19306";"0,46186"
"30,19000";"8,20805";"0,47186"
"30,20000";"8,22304";"0,46817"
"30,21000";"8,23803";"0,45683"
"30,22000";"8,25315";"0,45077"
"30,23000";"8,26814";"0,45136"
"30,24000";"8,28325";"0,44914"
"30,25000";"8,29824";"0,44566"
"30,26000";"8,31312";"0,44865"
"30,27000";"8,32811";"0,45292"
"30,28000";"8,34322";"0,44899"
"30,29000";"8,35822";"0,44204"
"30,30000";"8,37321";"0,44333"
"30,31000";"8,38808";"0,44340"
"30,32000";"8,40296";"0,44999"
"30,33000";"8,41783";"0,46213"
"30,34000";"8,43283";"0,47333"
"30,35000";"8,44782";"0,47042"
"30,36000";"8,46281";"0,46048"
"30,37000";"8,47792";"0,44725"
"30,38000";"8,49315";"0,44196"
"30,39000";"8,50815";"0,43275"
"30,40000";"8,52326";"0,43346"
"30,41000";"8,53801";"0,43779"
"30,42000";"8,55301";"0,44167"
"30,43000";"8,56812";"0,44488"
"30,44000";"8,58311";"0,44850"
"30,45000";"8,59810";"0,45254"
"30,46000";"8,61322";"0,45574"
"30,47000";"8,62821";"0,45362"
"30,48000";"8,64320";"0,45103"
"30,49000";"8,65796";"0,44854"
"30,50000";"8,67295";"0,44377"
"30,51000";"8,68795";"0,44410"
"30,52000";"8,70306";"0,44459"
"30,53000";"8,71805";"0,44450"
"30,54000";"8,73304";"0,44140"
"30,55000";"8,74803";"0,44584"
"30,56000";"8,76315";"0,45239"
"30,57000";"8,77802";"0,46170"
"30,58000";"8,79290";"0,46518"
"30,59000";"8,80789";"0,46301"
"30,60000";"8,82288";"0,45913"
"30,61000";"8,83788";"0,45307"
"30,62000";"8,85287";"0,44883"
"30,63000";"8,86786";"0,45129"
"30,64000";"8,88297";"0,44892"
"30,65000";"8,89785";"0,44599"
"30,66000";"8,91284";"0,44410"
"30,67000";"8,92795";"0,44735"
"30,68000";"8,94294";"0,45828"
"30,69000";"8,95794";"0,46765"
"30,70000";"8,97281";"0,46645"
"30,71000";"8,98792";"0,45836"
"30,72000";"9,00292";"0,45336"
"30,73000";"9,01779";"0,45684"
"30,74000";"9,03279";"0,45503"
"30,75000";"9,04778";"0,44788"
"30,76000";"9,06289";"0,44480"
"30,77000";"9,07800";"0,44123"
"30,78000";"9,09299";"0,44409"
"30,79000";"9,10799";"0,44884"
"30,80000";"9,12310";"0,45190"
"30,81000";"9,13797";"0,45347"
"30,82000";"9,15297";"0,45048"
"30,83000";"9,16796";"0,44214"
"30,84000";"9,18307";"0,43770"
"30,85000";"9,19818";"0,43444"
"30,86000";"9,21317";"0,42829"
"30,87000";"9,22817";"0,42798"
"30,88000";"9,24316";"0,43485"
"30,89000";"9,25815";"0,44748"
"30,90000";"9,27303";"0,45069"
"30,91000";"9,28802";"0,45046"
"30,92000";"9,30301";"0,44625"
"30,93000";"9,31813";"0,44701"
"30,94000";"9,33312";"0,44263"
"30,95000";"9,34811";"0,43485"
"30,96000";"9,36310";"0,43444"
"30,97000";"9,37810";"0,44103"
"30,98000";"9,39309";"0,44674"
"30,99000";"9,40808";"0,44327"
"31,00000";"9,42308";"0,42967"
"31,01000";"9,43819";"0,41831"
"31,02000";"9,45318";"0,41941"
"31,03000";"9,46817";"0,42406"
"31,04000";"9,48305";"0,43058"
"31,05000";"9,49804";"0,43905"
"31,06000";"9,51315";"0,44073"
"31,07000";"9,52815";"0,43547"
"31,08000";"9,54314";"0,43346"
"31,09000";"9,55813";"0,43682"
"31,10000";"9,57324";"0,44519"
"31,11000";"9,58812";"0,44967"
"31,12000";"9,60311";"0,44502"
"31,13000";"9,61799";"0,43417"
"31,14000";"9,63310";"0,42913"
"31,15000";"9,64809";"0,43545"
"31,16000";"9,66297";"0,44778"
"31,17000";"9,67796";"0,45740"
"31,18000";"9,69295";"0,46173"
"31,19000";"9,70794";"0,45798"
"31,20000";"9,72282";"0,45686"
"31,21000";"9,73781";"0,45908"
"31,22000";"9,75292";"0,46029"
"31,23000";"9,76803";"0,44987"
"31,24000";"9,78303";"0,43288"
"31,25000";"9,79802";"0,42576"
"31,26000";"9,81301";"0,42672"
"31,27000";"9,82801";"0,43382"
"31,28000";"9,84288";"0,44155"
"31,29000";"9,85787";"0,44278"
"31,30000";"9,87287";"0,44011"
"31,31000";"9,88798";"0,43706"
"31,32000";"9,90309";"0,43827"
"31,33000";"9,91808";"0,43152"
"31,34000";"9,93308";"0,43101"
"31,35000";"9,94807";"0,43318"
"31,36000";"9,96294";"0,43820"
"31,37000";"9,97782";"0,45476"
"31,38000";"9,99293";"0,46700"
"31,39000";"10,00792";"0,47065"
"31,40000";"10,02304";"0,46960"
"31,41000";"10,03803";"0,47092"
"31,42000";"10,05302";"0,46433"
"31,43000";"10,06813";"0,45924"
"31,44000";"10,08301";"0,45792"
"31,45000";"10,09800";"0,46101"
"31,46000";"10,11299";"0,46026"
"31,47000";"10,12799";"0,45476"
"31,48000";"10,14310";"0,44855"
"31,49000";"10,15809";"0,45017"
"31,50000";"10,17320";"0,45427"
"31,51000";"10,18820";"0,45265"
"31,52000";"10,20319";"0,44676"
"31,53000";"10,21818";"0,44597"
"31,54000";"10,23329";"0,44993"
"31,55000";"10,24828";"0,45020"
"31,56000";"10,26328";"0,45091"
"31,57000";"10,27827";"0,44231"
"31,58000";"10,29315";"0,43881"
"31,59000";"10,30814";"0,44080"
"31,60000";"10,32313";"0,44288"
"31,61000";"10,33813";"0,43905"
"31,62000";"10,35312";"0,43822"
"31,63000";"10,36823";"0,44328"
"31,64000";"10,38322";"0,44671"
"31,65000";"10,39822";"0,44736"
"31,66000";"10,41321";"0,44758"
"31,67000";"10,42820";"0,44533"
"31,68000";"10,44308";"0,44712"
"31,69000";"10,45807";"0,44655"
"31,70000";"10,47306";"0,44377"
"31,71000";"10,48817";"0,44035"
"31,72000";"10,50317";"0,44258"
"31,73000";"10,51828";"0,44098"
"31,74000";"10,53327";"0,43678"
"31,75000";"10,54815";"0,43788"
"31,76000";"10,56302";"0,44368"
"31,77000";"10,57801";"0,44844"
"31,78000";"10,59289";"0,44706"
"31,79000";"10,60788";"0,44785"
"31,80000";"10,62288";"0,45155"
"31,81000";"10,63787";"0,44593"
"31,82000";"10,65286";"0,44132"
"31,83000";"10,66785";"0,44346"
"31,84000";"10,68297";"0,44199"
"31,85000";"10,69796";"0,44260"
"31,86000";"10,71295";"0,44175"
"31,87000";"10,72794";"0,44229"
"31,88000";"10,74294";"0,43470"
"31,89000";"10,75781";"0,43271"
"31,90000";"10,77292";"0,43000"
"31,91000";"10,78780";"0,42728"
"31,92000";"10,80279";"0,43457"
"31,93000";"10,81779";"0,44437"
"31,94000";"10,83290";"0,45074"
"31,95000";"10,84789";"0,45579"
"31,96000";"10,86300";"0,46019"
"31,97000";"10,87788";"0,46380"
"31,98000";"10,89287";"0,46422"
"31,99000";"10,90774";"0,46576"
"32,00000";"10,92274";"0,46357"
"32,01000";"10,93785";"0,45589"
"32,02000";"10,95296";"0,44613"
"32,03000";"10,96807";"0,44317"
"32,04000";"10,98306";"0,44633"
"32,05000";"10,99817";"0,44122"
"32,06000";"11,01317";"0,44027"
"32,07000";"11,02804";"0,44427"
"32,08000";"11,04303";"0,45010"
"32,09000";"11,05803";"0,45499"
"32,10000";"11,07314";"0,45890"
"32,11000";"11,08801";"0,46097"
"32,12000";"11,10301";"0,45683"
"32,13000";"11,11800";"0,45207"
"32,14000";"11,13299";"0,45009"
"32,15000";"11,14799";"0,45075"
"32,16000";"11,16298";"0,45056"
"32,17000";"11,17809";"0,45142"
"32,18000";"11,19308";"0,45763"
"32,19000";"11,20808";"0,46351"
"32,20000";"11,22307";"0,46752"
"32,21000";"11,23806";"0,46334"
"32,22000";"11,25306";"0,45756"
"32,23000";"11,26805";"0,45253"
"32,24000";"11,28304";"0,44647"
"32,25000";"11,29803";"0,44224"
"32,26000";"11,31315";"0,44290"
"32,27000";"11,32802";"0,45146"
"32,28000";"11,34301";"0,46005"
"32,29000";"11,35789";"0,46237"
"32,30000";"11,37288";"0,45754"
"32,31000";"11,38788";"0,45419"
"32,32000";"11,40298";"0,44817"
"32,33000";"11,41798";"0,44404"
"32,34000";"11,43309";"0,44570"
"32,35000";"11,44820";"0,44941"
"32,36000";"11,46319";"0,45362"
"32,37000";"11,47819";"0,45101"
"32,38000";"11,49306";"0,45039"
"32,39000";"11,50806";"0,44816"
"32,40000";"11,52305";"0,44565"
"32,41000";"11,53804";"0,44899"
"32,42000";"11,55315";"0,44901"
"32,43000";"11,56815";"0,45276"
"32,44000";"11,58326";"0,45910"
"32,45000";"11,59825";"0,45836"
"32,46000";"11,61312";"0,46264"
"32,47000";"11,62812";"0,46224"
"32,48000";"11,64311";"0,46930"
"32,49000";"11,65810";"0,47319"
"32,50000";"11,67310";"0,47422"
"32,51000";"11,68809";"0,46578"
"32,52000";"11,70296";"0,45724"
"32,53000";"11,71796";"0,45123"
"32,54000";"11,73295";"0,43884"
"32,55000";"11,74794";"0,43704"
"32,56000";"11,76306";"0,43262"
"32,57000";"11,77805";"0,43435"
"32,58000";"11,79304";"0,44682"
"32,59000";"11,80792";"0,45711"
"32,60000";"11,82291";"0,46795"
"32,61000";"11,83790";"0,47165"
"32,62000";"11,85290";"0,46823"
"32,63000";"11,86777";"0,46919"
"32,64000";"11,88288";"0,46580"
"32,65000";"11,89799";"0,46045"
"32,66000";"11,91299";"0,46048"
"32,67000";"11,92810";"0,46863"
"32,68000";"11,94309";"0,46770"
"32,69000";"11,95797";"0,46336"
"32,70000";"11,97296";"0,45873"
"32,71000";"11,98795";"0,45605"
"32,72000";"12,00294";"0,45383"
"32,73000";"12,01806";"0,45155"
"32,74000";"12,03293";"0,45071"
"32,75000";"12,04792";"0,45889"
"32,76000";"12,06292";"0,46618"
"32,77000";"12,07803";"0,46215"
"32,78000";"12,09290";"0,46155"
"32,79000";"12,10790";"0,45566"
"32,80000";"12,12289";"0,45539"
"32,81000";"12,13800";"0,46314"
"32,82000";"12,15299";"0,46467"
"32,83000";"12,16787";"0,46107"
"32,84000";"12,18286";"0,46243"
"32,85000";"12,19774";"0,46568"
"32,86000";"12,21273";"0,46104"
"32,87000";"12,22772";"0,45805"
"32,88000";"12,24283";"0,45986"
"32,89000";"12,25783";"0,46964"
"32,90000";"12,27294";"0,47076"
"32,91000";"12,28781";"0,46310"
"32,92000";"12,30280";"0,46279"
"32,93000";"12,31780";"0,45929"
"32,94000";"12,33267";"0,46047"
"32,95000";"12,34778";"0,46116"
"32,96000";"12,36278";"0,46677"
"32,97000";"12,37801";"0,46670"
"32,98000";"12,39312";"0,46491"
"32,99000";"12,40799";"0,46853"
"33,00000";"12,42299";"0,46630"
"33,01000";"12,43798";"0,45880"
"33,02000";"12,45297";"0,45489"
"33,03000";"12,46797";"0,45180"
"33,04000";"12,48308";"0,44624"
"33,05000";"12,49807";"0,44267"
"33,06000";"12,51306";"0,44711"
"33,07000";"12,52805";"0,45620"
"33,08000";"12,54305";"0,46580"
"33,09000";"12,55804";"0,46989"
"33,10000";"12,57292";"0,46940"
"33,11000";"12,58791";"0,46693"
"33,12000";"12,60290";"0,46388"
"33,13000";"12,61790";"0,45513"
"33,14000";"12,63289";"0,44493"
"33,15000";"12,64776";"0,43724"
"33,16000";"12,66288";"0,43987"
"33,17000";"12,67775";"0,44710"
"33,18000";"12,69286";"0,45723"
"33,19000";"12,70797";"0,46572"
"33,20000";"12,72308";"0,46424"
"33,21000";"12,73819";"0,45671"
"33,22000";"12,75331";"0,44754"
"33,23000";"12,76830";"0,44769"
"33,24000";"12,78317";"0,45995"
"33,25000";"12,79817";"0,47170"
"33,26000";"12,81316";"0,47498"
"33,27000";"12,82815";"0,46687"
"33,28000";"12,84326";"0,45945"
"33,29000";"12,85814";"0,46097"
"33,30000";"12,87313";"0,46475"
"33,31000";"12,88813";"0,46905"
"33,32000";"12,90300";"0,47659"
"33,33000";"12,91787";"0,47939"
"33,34000";"12,93275";"0,48102"
"33,35000";"12,94774";"0,48313"
"33,36000";"12,96274";"0,48265"
"33,37000";"12,97773";"0,48144"
"33,38000";"12,99284";"0,47621"
"33,39000";"13,00795";"0,47263"
"33,40000";"13,02306";"0,47308"
"33,41000";"13,03794";"0,46771"
"33,42000";"13,05293";"0,46044"
"33,43000";"13,06816";"0,46344"
"33,44000";"13,08315";"0,46790"
"33,45000";"13,09814";"0,47048"
"33,46000";"13,11314";"0,47263"
"33,47000";"13,12801";"0,46662"
"33,48000";"13,14289";"0,46942"
"33,49000";"13,15776";"0,47815"
"33,50000";"13,17276";"0,48570"
"33,51000";"13,18775";"0,48573"
"33,52000";"13,20286";"0,48525"
"33,53000";"13,21797";"0,48568"
"33,54000";"13,23297";"0,48166"
"33,55000";"13,24796";"0,48513"
"33,56000";"13,26283";"0,48661"
"33,57000";"13,27771";"0,48608"
"33,58000";"13,29270";"0,48558"
"33,59000";"13,30781";"0,48468"
"33,60000";"13,32292";"0,48539"
"33,61000";"13,33792";"0,49505"
"33,62000";"13,35303";"0,50048"
"33,63000";"13,36802";"0,49519"
"33,64000";"13,38301";"0,48648"
"33,65000";"13,39801";"0,48357"
"33,66000";"13,41300";"0,47512"
"33,67000";"13,42799";"0,47957"
"33,68000";"13,44299";"0,49920"
"33,69000";"13,45798";"0,51157"
"33,70000";"13,47309";"0,51252"
"33,71000";"13,48808";"0,50621"
"33,72000";"13,50308";"0,51102"
"33,73000";"13,51795";"0,51694"
"33,74000";"13,53294";"0,51451"
"33,75000";"13,54794";"0,51870"
"33,76000";"13,56293";"0,52075"
"33,77000";"13,57804";"0,52606"
"33,78000";"13,59303";"0,53147"
"33,79000";"13,60803";"0,53687"
"33,80000";"13,62290";"0,54041"
"33,81000";"13,63790";"0,54351"
"33,82000";"13,65289";"0,54043"
"33,83000";"13,66800";"0,53725"
"33,84000";"13,68311";"0,54334"
"33,85000";"13,69810";"0,55511"
"33,86000";"13,71310";"0,56207"
"33,87000";"13,72809";"0,56227"
"33,88000";"13,74308";"0,56048"
"33,89000";"13,75808";"0,56807"
"33,90000";"13,77307";"0,57738"
"33,91000";"13,78806";"0,57837"
"33,92000";"13,80306";"0,57347"
"33,93000";"13,81817";"0,56988"
"33,94000";"13,83316";"0,57273"
"33,95000";"13,84815";"0,57908"
"33,96000";"13,86315";"0,59044"
"33,97000";"13,87814";"0,59606"
"33,98000";"13,89313";"0,59427"
"33,99000";"13,90813";"0,58895"
"34,00000";"13,92312";"0,59106"
"34,01000";"13,93811";"0,59258"
"34,02000";"13,95322";"0,60060"
"34,03000";"13,96821";"0,61137"
"34,04000";"13,98309";"0,61465"
"34,05000";"13,99808";"0,60817"
"34,06000";"14,01308";"0,60078"
"34,07000";"14,02819";"0,60210"
"34,08000";"14,04318";"0,61124"
"34,09000";"14,05817";"0,61597"
"34,10000";"14,07305";"0,61779"
"34,11000";"14,08792";"0,61489"
"34,12000";"14,10280";"0,61229"
"34,13000";"14,11779";"0,61577"
"34,14000";"14,13278";"0,61979"
"34,15000";"14,14778";"0,62854"
"34,16000";"14,16289";"0,63159"
"34,17000";"14,17788";"0,62689"
"34,18000";"14,19299";"0,62644"
"34,19000";"14,20799";"0,61838"
"34,20000";"14,22286";"0,61323"
"34,21000";"14,23797";"0,61187"
"34,22000";"14,25296";"0,61802"
"34,23000";"14,26808";"0,62574"
"34,24000";"14,28319";"0,62688"
"34,25000";"14,29818";"0,62546"
"34,26000";"14,31329";"0,63177"
"34,27000";"14,32817";"0,63888"
"34,28000";"14,34316";"0,63838"
"34,29000";"14,35803";"0,64222"
"34,30000";"14,37303";"0,65416"
"34,31000";"14,38802";"0,65747"
"34,32000";"14,40301";"0,66034"
"34,33000";"14,41801";"0,65703"
"34,34000";"14,43312";"0,65309"
"34,35000";"14,44799";"0,65426"
"34,36000";"14,46299";"0,65857"
"34,37000";"14,47810";"0,66313"
"34,38000";"14,49309";"0,66801"
"34,39000";"14,50820";"0,66561"
"34,40000";"14,52319";"0,66431"
"34,41000";"14,53819";"0,66714"
"34,42000";"14,55318";"0,67188"
"34,43000";"14,56806";"0,67802"
"34,44000";"14,58293";"0,68781"
"34,45000";"14,59804";"0,69489"
"34,46000";"14,61303";"0,70132"
"34,47000";"14,62815";"0,70497"
"34,48000";"14,64314";"0,71153"
"34,49000";"14,65825";"0,70790"
"34,50000";"14,67313";"0,71285"
"34,51000";"14,68800";"0,71150"
"34,52000";"14,70299";"0,71358"
"34,53000";"14,71799";"0,71594"
"34,54000";"14,73310";"0,72138"
"34,55000";"14,74821";"0,72317"
"34,56000";"14,76320";"0,72257"
"34,57000";"14,77820";"0,72577"
"34,58000";"14,79319";"0,73800"
"34,59000";"14,80818";"0,74683"
"34,60000";"14,82317";"0,75304"
"34,61000";"14,83817";"0,75993"
"34,62000";"14,85304";"0,76498"
"34,63000";"14,86804";"0,76993"
"34,64000";"14,88291";"0,77111"
"34,65000";"14,89790";"0,76848"
"34,66000";"14,91290";"0,76777"
"34,67000";"14,92789";"0,77081"
"34,68000";"14,94300";"0,77508"
"34,69000";"14,95799";"0,77759"
"34,70000";"14,97310";"0,78319"
"34,71000";"14,98810";"0,79506"
"34,72000";"15,00309";"0,80548"
"34,73000";"15,01808";"0,81235"
"34,74000";"15,03284";"0,81439"
"34,75000";"15,04783";"0,81842"
"34,76000";"15,06295";"0,82240"
"34,77000";"15,07794";"0,82685"
"34,78000";"15,09305";"0,83206"
"34,79000";"15,10816";"0,83458"
"34,80000";"15,12315";"0,84371"
"34,81000";"15,13815";"0,85829"
"34,82000";"15,15302";"0,86115"
"34,83000";"15,16801";"0,86950"
"34,84000";"15,18301";"0,88100"
"34,85000";"15,19800";"0,89624"
"34,86000";"15,21299";"0,90269"
"34,87000";"15,22810";"0,90248"
"34,88000";"15,24298";"0,90058"
"34,89000";"15,25797";"0,89815"
"34,90000";"15,27285";"0,89780"
"34,91000";"15,28784";"0,90197"
"34,92000";"15,30283";"0,92323"
"34,93000";"15,31783";"0,94828"
"34,94000";"15,33282";"0,96091"
"34,95000";"15,34781";"0,96502"
"34,96000";"15,36292";"0,96601"
"34,97000";"15,37792";"0,96550"
"34,98000";"15,39291";"0,96855"
"34,99000";"15,40802";"0,97597"
"35,00000";"15,42301";"0,98172"
"35,01000";"15,43801";"0,98488"
"35,02000";"15,45300";"0,99329"
"35,03000";"15,46787";"1,00781"
"35,04000";"15,48287";"1,02851"
"35,05000";"15,49786";"1,04719"
"35,06000";"15,51274";"1,06415"
"35,07000";"15,52773";"1,07748"
"35,08000";"15,54284";"1,08446"
"35,09000";"15,55783";"1,08863"
"35,10000";"15,57306";"1,09185"
"35,11000";"15,58817";"1,09588"
"35,12000";"15,60328";"1,10613"
"35,13000";"15,61828";"1,11791"
"35,14000";"15,63315";"1,13386"
"35,15000";"15,64815";"1,15233"
"35,16000";"15,66314";"1,17386"
"35,17000";"15,67813";"1,19385"
"35,18000";"15,69312";"1,20969"
"35,19000";"15,70824";"1,22619"
"35,20000";"15,72311";"1,23898"
"35,21000";"15,73811";"1,24569"
"35,22000";"15,75298";"1,25289"
"35,23000";"15,76797";"1,26251"
"35,24000";"15,78297";"1,27507"
"35,25000";"15,79796";"1,29118"
"35,26000";"15,81295";"1,30821"
"35,27000";"15,82794";"1,33051"
"35,28000";"15,84294";"1,35684"
"35,29000";"15,85793";"1,37623"
"35,30000";"15,87281";"1,39563"
"35,31000";"15,88780";"1,42072"
"35,32000";"15,90279";"1,44256"
"35,33000";"15,91790";"1,46196"
"35,34000";"15,93301";"1,48072"
"35,35000";"15,94801";"1,50436"
"35,36000";"15,96300";"1,52276"
"35,37000";"15,97799";"1,54715"
"35,38000";"15,99299";"1,56877"
"35,39000";"16,00810";"1,59061"
"35,40000";"16,02309";"1,61295"
"35,41000";"16,03808";"1,64200"
"35,42000";"16,05319";"1,67036"
"35,43000";"16,06819";"1,69965"
"35,44000";"16,08318";"1,72581"
"35,45000";"16,09794";"1,75571"
"35,46000";"16,11293";"1,78270"
"35,47000";"16,12792";"1,80891"
"35,48000";"16,14304";"1,83505"
"35,49000";"16,15803";"1,86878"
"35,50000";"16,17302";"1,90060"
"35,51000";"16,18813";"1,93908"
"35,52000";"16,20312";"1,98849"
"35,53000";"16,21812";"2,04091"
"35,54000";"16,23299";"2,07378"
"35,55000";"16,24799";"2,10031"
"35,56000";"16,26298";"2,13259"
"35,57000";"16,27809";"2,17132"
"35,58000";"16,29296";"2,21696"
"35,59000";"16,30796";"2,27142"
"35,60000";"16,32307";"2,32464"
"35,61000";"16,33806";"2,37571"
"35,62000";"16,35306";"2,42145"
"35,63000";"16,36805";"2,47089"
"35,64000";"16,38304";"2,52252"
"35,65000";"16,39804";"2,58359"
"35,66000";"16,41291";"2,64472"
"35,67000";"16,42790";"2,70511"
"35,68000";"16,44301";"2,77304"
"35,69000";"16,45801";"2,83788"
"35,70000";"16,47300";"2,90147"
"35,71000";"16,48811";"2,97494"
"35,72000";"16,50311";"3,04639"
"35,73000";"16,51822";"3,12418"
"35,74000";"16,53321";"3,20450"
"35,75000";"16,54808";"3,27929"
"35,76000";"16,56296";"3,36017"
"35,77000";"16,57784";"3,44520"
"35,78000";"16,59283";"3,53258"
"35,79000";"16,60782";"3,62398"
"35,80000";"16,62293";"3,71781"
"35,81000";"16,63804";"3,81325"
"35,82000";"16,65303";"3,91066"
"35,83000";"16,66814";"4,00828"
"35,84000";"16,68314";"4,12225"
"35,85000";"16,69801";"4,23559"
"35,86000";"16,71313";"4,34927"
"35,87000";"16,72800";"4,47320"
"35,88000";"16,74287";"4,60871"
"35,89000";"16,75787";"4,74339"
"35,90000";"16,77286";"4,87941"
"35,91000";"16,78786";"5,01545"
"35,92000";"16,80285";"5,15038"
"35,93000";"16,81784";"5,29055"
"35,94000";"16,83295";"5,43176"
"35,95000";"16,84795";"5,58652"
"35,96000";"16,86306";"5,75171"
"35,97000";"16,87817";"5,92620"
"35,98000";"16,89316";"6,10641"
"35,99000";"16,90815";"6,29004"
"36,00000";"16,92303";"6,48381"
"36,01000";"16,93802";"6,68045"
"36,02000";"16,95301";"6,88580"
"36,03000";"16,96812";"7,09839"
"36,04000";"16,98312";"7,32243"
"36,05000";"16,99811";"7,55952"
"36,06000";"17,01299";"7,80719"
"36,07000";"17,02798";"8,04185"
"36,08000";"17,04285";"8,28394"
"36,09000";"17,05785";"8,53768"
"36,10000";"17,07284";"8,80446"
"36,11000";"17,08783";"9,08762"
"36,12000";"17,10283";"9,38449"
"36,13000";"17,11782";"9,68529"
"36,14000";"17,13281";"10,00107"
"36,15000";"17,14792";"10,32707"
"36,16000";"17,16292";"10,66234"
"36,17000";"17,17791";"11,01597"
"36,18000";"17,19290";"11,38107"
"36,19000";"17,20801";"11,76599"
"36,20000";"17,22289";"12,17062"
"36,21000";"17,23776";"12,58719"
"36,22000";"17,25276";"13,02646"
"36,23000";"17,26787";"13,49014"
"36,24000";"17,28274";"13,97448"
"36,25000";"17,29774";"14,47601"
"36,26000";"17,31285";"15,00363"
"36,27000";"17,32796";"15,55629"
"36,28000";"17,34307";"16,13024"
"36,29000";"17,35794";"16,72822"
"36,30000";"17,37294";"17,34759"
"36,31000";"17,38781";"17,99645"
"36,32000";"17,40281";"18,68238"
"36,33000";"17,41792";"19,39632"
"36,34000";"17,43303";"20,13777"
"36,35000";"17,44814";"20,91470"
"36,36000";"17,46325";"21,72192"
"36,37000";"17,47812";"22,56689"
"36,38000";"17,49312";"23,45350"
"36,39000";"17,50811";"24,37326"
"36,40000";"17,52299";"25,33208"
"36,41000";"17,53798";"26,33220"
"36,42000";"17,55285";"27,37742"
"36,43000";"17,56785";"28,45532"
"36,44000";"17,58284";"29,56921"
"36,45000";"17,59772";"30,71318"
"36,46000";"17,61247";"31,89668"
"36,47000";"17,62747";"33,12822"
"36,48000";"17,64234";"34,43306"
"36,49000";"17,65733";"35,78990"
"36,50000";"17,67233";"37,21505"
"36,51000";"17,68744";"38,70497"
"36,52000";"17,70255";"40,24722"
"36,53000";"17,71766";"41,89510"
"36,54000";"17,73289";"43,66449"
"36,55000";"17,74824";"45,56684"
"36,56000";"17,76335";"47,58112"
"36,57000";"17,77846";"49,66478"
"36,58000";"17,79345";"51,78086"
"36,59000";"17,80844";"53,93644"
"36,60000";"17,82344";"56,16460"
"36,61000";"17,83831";"58,51983"
"36,62000";"17,85319";"61,02583"
"36,63000";"17,86806";"63,66924"
"36,64000";"17,88305";"66,41831"
"36,65000";"17,89805";"69,26378"
"36,66000";"17,91304";"72,22025"
"36,67000";"17,92815";"75,30838"
"36,68000";"17,94303";"78,55593"
"36,69000";"17,95790";"81,95801"
"36,70000";"17,97290";"85,51112"
"36,71000";"17,98765";"89,16465"
"36,72000";"18,00253";"92,88214"
"36,73000";"18,01764";"96,74834"
"36,74000";"18,03251";"100,76894"
"36,75000";"18,04739";"104,90446"
"36,76000";"18,06238";"109,08395"
"36,77000";"18,07749";"113,34849"
"36,78000";"18,09249";"117,72816"
"36,79000";"18,10748";"122,24312"
"36,80000";"18,12259";"126,86295"
"36,81000";"18,13758";"131,55531"
"36,82000";"18,15281";"136,32230"
"36,83000";"18,16804";"141,16692"
"36,84000";"18,18315";"145,95053"
"36,85000";"18,19827";"150,68448"
"36,86000";"18,21326";"155,60645"
"36,87000";"18,22813";"160,72450"
"36,88000";"18,24301";"166,09676"
"36,89000";"18,25800";"171,85921"
"36,90000";"18,27299";"178,05022"
"36,91000";"18,28799";"184,51912"
"36,92000";"18,30298";"191,16928"
"36,93000";"18,31785";"197,98474"
"36,94000";"18,33285";"204,98273"
"36,95000";"18,34772";"212,18416"
"36,96000";"18,36260";"219,61517"
"36,97000";"18,37759";"227,32687"
"36,98000";"18,39258";"235,28915"
"36,99000";"18,40758";"243,47151"
"37,00000";"18,42245";"251,89153"
"37,01000";"18,43744";"260,49130"
"37,02000";"18,45232";"269,24551"
"37,03000";"18,46720";"278,07947"
"37,04000";"18,48242";"286,99063"
"37,05000";"18,49754";"296,12799"
"37,05200";"18,50061";"297,98056"
"37,05400";"18,50356";"299,83749"
"37,06400";"18,51666";"309,07339"
"37,07400";"18,52410";"316,99319"
"37,08000";"18,52611";"319,69412"
"37,09000";"18,52528";"318,63031"
"37,10000";"18,52020";"309,48370"
"37,11000";"18,50851";"291,07867"
"37,12000";"18,49151";"260,95047"
"37,13000";"18,47109";"218,69086"
"37,14000";"18,44937";"168,54639"
"37,15000";"18,42741";"117,59031"
"37,16000";"18,40604";"72,59951"
"37,17000";"18,38562";"37,66417"
"37,18000";"18,36602";"13,87682"
"37,19000";"18,34725";"0,37649"
"37,20000";"18,32907";"-5,31231"
"37,21000";"18,31136";"-6,30551"
"37,22000";"18,29448";"-4,78142"
"37,23000";"18,27795";"-2,31179"
"37,24000";"18,26178";"-0,04952"
"37,25000";"18,24619";"1,43725"
"37,26000";"18,23073";"2,12728"
"37,27000";"18,21538";"2,18594"
"37,28000";"18,19956";"1,80933"
"37,29000";"18,18386";"1,19019"
"37,30000";"18,16840";"0,49228"
"37,31000";"18,15305";"-0,14542"
"37,32000";"18,13770";"-0,66670"
"37,33000";"18,12247";"-1,08231"
"37,34000";"18,10736";"-1,40887"
"37,35000";"18,09225";"-1,66304"
"37,36000";"18,07714";"-1,86931"
"37,37000";"18,06215";"-2,03224"
"37,38000";"18,04704";"-2,16593"
"37,39000";"18,03216";"-2,27667"
"37,40000";"18,01717";"-2,37524"
"37,41000";"18,00206";"-2,46966"
"37,42000";"17,98695";"-2,55835"
"37,43000";"17,97195";"-2,62381"
"37,44000";"17,95684";"-2,67615"
"37,45000";"17,94185";"-2,72176"
"37,46000";"17,92697";"-2,76658"
"37,47000";"17,91198";"-2,79521"
"37,48000";"17,89710";"-2,81697"
"37,49000";"17,88211";"-2,83561"
"37,50000";"17,86700";"-2,85119"
"37,51000";"17,85189";"-2,86464"
"37,52000";"17,83690";"-2,87200"
"37,53000";"17,82190";"-2,87198"
"37,54000";"17,80691";"-2,85874"
"37,55000";"17,79215";"-2,84639"
"37,56000";"17,77740";"-2,81796"
"37,57000";"17,76264";"-2,78565"
"37,58000";"17,74741";"-2,74636"
"37,59000";"17,73206";"-2,70223"
"37,60000";"17,71695";"-2,65889"
"37,61000";"17,70196";"-2,62380"
"37,62000";"17,68696";"-2,58060"
"37,63000";"17,67186";"-2,53404"
"37,64000";"17,65674";"-2,49121"
"37,65000";"17,64175";"-2,44737"
"37,66000";"17,62664";"-2,39876"
"37,67000";"17,61165";"-2,35509"
"37,68000";"17,59677";"-2,31626"
"37,69000";"17,58190";"-2,26948"
"37,70000";"17,56702";"-2,21179"
"37,71000";"17,55202";"-2,15924"
"37,72000";"17,53703";"-2,10022"
"37,73000";"17,52204";"-2,03792"
"37,74000";"17,50705";"-1,97735"
"37,75000";"17,49194";"-1,91712"
"37,76000";"17,47694";"-1,86220"
"37,77000";"17,46219";"-1,80931"
"37,78000";"17,44731";"-1,74810"
"37,79000";"17,43220";"-1,68986"
"37,80000";"17,41709";"-1,63455"
"37,81000";"17,40210";"-1,58496"
"37,82000";"17,38699";"-1,53889"
"37,83000";"17,37188";"-1,49725"
"37,84000";"17,35688";"-1,45899"
"37,85000";"17,34201";"-1,42158"
"37,86000";"17,32701";"-1,37498"
"37,87000";"17,31190";"-1,31771"
"37,88000";"17,29691";"-1,25610"
"37,89000";"17,28204";"-1,20034"
"37,90000";"17,26704";"-1,15195"
"37,91000";"17,25193";"-1,10868"
"37,92000";"17,23694";"-1,06524"
"37,93000";"17,22206";"-1,02715"
"37,94000";"17,20719";"-0,98168"
"37,95000";"17,19219";"-0,93715"
"37,96000";"17,17708";"-0,89918"
"37,97000";"17,16209";"-0,86121"
"37,98000";"17,14698";"-0,82652"
"37,99000";"17,13199";"-0,80483"
"38,00000";"17,11699";"-0,78510"
"38,01000";"17,10200";"-0,75442"
"38,02000";"17,08713";"-0,72867"
"38,03000";"17,07201";"-0,70519"
"38,04000";"17,05690";"-0,68427"
"38,05000";"17,04203";"-0,66433"
"38,06000";"17,02703";"-0,63276"
"38,07000";"17,01192";"-0,59292"
"38,08000";"16,99693";"-0,55497"
"38,09000";"16,98194";"-0,52966"
"38,10000";"16,96706";"-0,50490"
"38,11000";"16,95207";"-0,47919"
"38,12000";"16,93696";"-0,45347"
"38,13000";"16,92196";"-0,43063"
"38,14000";"16,90686";"-0,41030"
"38,15000";"16,89186";"-0,39058"
"38,16000";"16,87687";"-0,37093"
"38,17000";"16,86188";"-0,36166"
"38,18000";"16,84700";"-0,35196"
"38,19000";"16,83201";"-0,34067"
"38,20000";"16,81689";"-0,32719"
"38,21000";"16,80190";"-0,32051"
"38,22000";"16,78691";"-0,30925"
"38,23000";"16,77192";"-0,28446"
"38,24000";"16,75692";"-0,26907"
"38,25000";"16,74193";"-0,25587"
"38,26000";"16,72694";"-0,24054"
"38,27000";"16,71206";"-0,23238"
"38,28000";"16,69707";"-0,22969"
"38,29000";"16,68196";"-0,22574"
"38,30000";"16,66685";"-0,21935"
"38,31000";"16,65197";"-0,21482"
"38,32000";"16,63710";"-0,19848"
"38,33000";"16,62211";"-0,18693"
"38,34000";"16,60699";"-0,18356"
"38,35000";"16,59200";"-0,19097"
"38,36000";"16,57689";"-0,19264"
"38,37000";"16,56178";"-0,18262"
"38,38000";"16,54667";"-0,18159"
"38,39000";"16,53179";"-0,18674"
"38,40000";"16,51692";"-0,18290"
"38,41000";"16,50192";"-0,17390"
"38,42000";"16,48693";"-0,17123"
"38,43000";"16,47194";"-0,16243"
"38,44000";"16,45695";"-0,15073"
"38,45000";"16,44183";"-0,14305"
"38,46000";"16,42684";"-0,14005"
"38,47000";"16,41185";"-0,13496"
"38,48000";"16,39709";"-0,12649"
"38,49000";"16,38210";"-0,10611"
"38,50000";"16,36710";"-0,09686"
"38,51000";"16,35223";"-0,09337"
"38,52000";"16,33724";"-0,08283"
"38,53000";"16,32224";"-0,07044"
"38,54000";"16,30713";"-0,06774"
"38,55000";"16,29214";"-0,06406"
"38,56000";"16,27727";"-0,05550"
"38,57000";"16,26215";"-0,04969"
"38,58000";"16,24716";"-0,05469"
"38,59000";"16,23205";"-0,06000"
"38,60000";"16,21706";"-0,05304"
"38,61000";"16,20218";"-0,03628"
"38,62000";"16,18707";"-0,02769"
"38,63000";"16,17208";"-0,03052"
"38,64000";"16,15720";"-0,02839"
"38,65000";"16,14221";"-0,03098"
"38,66000";"16,12710";"-0,03361"
"38,67000";"16,11199";"-0,03751"
"38,68000";"16,09687";"-0,04215"
"38,69000";"16,08188";"-0,04326"
"38,70000";"16,06689";"-0,03014"
"38,71000";"16,05190";"-0,01873"
"38,72000";"16,03690";"-0,00997"
"38,73000";"16,02203";"-0,00362"
"38,74000";"16,00692";"-0,00404"
"38,75000";"15,99181";"-0,00561"
"38,76000";"15,97681";"-0,00536"
"38,77000";"15,96194";"-0,00581"
"38,78000";"15,94695";"-0,00542"
"38,79000";"15,93195";"-0,00593"
"38,80000";"15,91708";"-0,00573"
"38,81000";"15,90208";"0,00226"
"38,82000";"15,88721";"0,01340"
"38,83000";"15,87210";"0,01914"
"38,84000";"15,85710";"0,01671"
"38,85000";"15,84211";"0,02091"
"38,86000";"15,82712";"0,02912"
"38,87000";"15,81213";"0,03611"
"38,88000";"15,79713";"0,03946"
"38,89000";"15,78226";"0,04460"
"38,90000";"15,76727";"0,04643"
"38,91000";"15,75215";"0,05341"
"38,92000";"15,73716";"0,06378"
"38,93000";"15,72205";"0,06510"
"38,94000";"15,70706";"0,05975"
"38,95000";"15,69206";"0,06442"
"38,96000";"15,67719";"0,07284"
"38,97000";"15,66220";"0,08244"
"38,98000";"15,64720";"0,09361"
"38,99000";"15,63209";"0,10252"
"39,00000";"15,61698";"0,10385"
"39,01000";"15,60175";"0,10489"
"39,02000";"15,58676";"0,10480"
"39,03000";"15,57176";"0,10772"
"39,04000";"15,55677";"0,10469"
"39,05000";"15,54178";"0,11681"
"39,06000";"15,52690";"0,13073"
"39,07000";"15,51203";"0,13643"
"39,08000";"15,49692";"0,14157"
"39,09000";"15,48180";"0,15145"
"39,10000";"15,46693";"0,15428"
"39,11000";"15,45205";"0,16215"
"39,12000";"15,43706";"0,16580"
"39,13000";"15,42207";"0,17213"
"39,14000";"15,40719";"0,17834"
"39,15000";"15,39220";"0,17655"
"39,16000";"15,37721";"0,17841"
"39,17000";"15,36198";"0,17925"
"39,18000";"15,34699";"0,17907"
"39,19000";"15,33211";"0,18326"
"39,20000";"15,31712";"0,18035"
"39,21000";"15,30201";"0,17915"
"39,22000";"15,28701";"0,17986"
"39,23000";"15,27202";"0,18030"
"39,24000";"15,25703";"0,18631"
"39,25000";"15,24192";"0,19586"
"39,26000";"15,22692";"0,19878"
"39,27000";"15,21205";"0,20620"
"39,28000";"15,19717";"0,21365"
"39,29000";"15,18206";"0,21586"
"39,30000";"15,16707";"0,21432"
"39,31000";"15,15219";"0,20695"
"39,32000";"15,13720";"0,20639"
"39,33000";"15,12209";"0,20412"
"39,34000";"15,10698";"0,19494"
"39,35000";"15,09222";"0,18853"
"39,36000";"15,07735";"0,18789"
"39,37000";"15,06223";"0,19014"
"39,38000";"15,04713";"0,19857"
"39,39000";"15,03213";"0,20820"
"39,40000";"15,01702";"0,22426"
"39,41000";"15,00191";"0,23594"
"39,42000";"14,98692";"0,24556"
"39,43000";"14,97204";"0,24431"
"39,44000";"14,95717";"0,23702"
"39,45000";"14,94217";"0,24051"
"39,46000";"14,92718";"0,24531"
"39,47000";"14,91219";"0,24749"
"39,48000";"14,89731";"0,24964"
"39,49000";"14,88232";"0,24991"
"39,50000";"14,86721";"0,24738"
"39,51000";"14,85210";"0,24359"
"39,52000";"14,83734";"0,24377"
"39,53000";"14,82223";"0,25385"
"39,54000";"14,80712";"0,26881"
"39,55000";"14,79201";"0,27912"
"39,56000";"14,77713";"0,28702"
"39,57000";"14,76226";"0,29265"
"39,58000";"14,74714";"0,30043"
"39,59000";"14,73215";"0,29608"
"39,60000";"14,71716";"0,29765"
"39,61000";"14,70228";"0,30133"
"39,62000";"14,68706";"0,30887"
"39,63000";"14,67194";"0,31504"
"39,64000";"14,65695";"0,31655"
"39,65000";"14,64208";"0,32062"
"39,66000";"14,62697";"0,32602"
"39,67000";"14,61185";"0,31891"
"39,68000";"14,59686";"0,31700"
"39,69000";"14,58199";"0,32356"
"39,70000";"14,56676";"0,32407"
"39,71000";"14,55165";"0,31662"
"39,72000";"14,53665";"0,30836"
"39,73000";"14,52190";"0,30564"
"39,74000";"14,50690";"0,31290"
"39,75000";"14,49167";"0,31879"
"39,76000";"14,47680";"0,32424"
"39,77000";"14,46192";"0,32946"
"39,78000";"14,44693";"0,34006"
"39,79000";"14,43170";"0,34682"
"39,80000";"14,41671";"0,33967"
"39,81000";"14,40183";"0,32700"
"39,82000";"14,38696";"0,32052"
"39,83000";"14,37185";"0,31857"
"39,84000";"14,35685";"0,31561"
"39,85000";"14,34186";"0,31204"
"39,86000";"14,32687";"0,31353"
"39,87000";"14,31164";"0,31935"
"39,88000";"14,29665";"0,32717"
"39,89000";"14,28201";"0,33356"
"39,90000";"14,26725";"0,33682"
"39,91000";"14,25226";"0,33947"
"39,92000";"14,23715";"0,33670"
"39,93000";"14,22204";"0,33332"
"39,94000";"14,20692";"0,32837"
"39,95000";"14,19169";"0,32910"
"39,96000";"14,17658";"0,32658"
"39,97000";"14,16171";"0,32337"
"39,98000";"14,14695";"0,31748"
"39,99000";"14,13196";"0,32122"
"40,00000";"14,11685";"0,32300"
"40,01000";"14,10185";"0,32360"
"40,02000";"14,08686";"0,32268"
"40,03000";"14,07175";"0,32642"
"40,04000";"14,05676";"0,33747"
"40,05000";"14,04200";"0,34817"
"40,06000";"14,02713";"0,34917"
"40,07000";"14,01225";"0,34780"
"40,08000";"13,99726";"0,34235"
"40,09000";"13,98238";"0,33572"
"40,10000";"13,96751";"0,33145"
"40,11000";"13,95240";"0,33432"
"40,12000";"13,93729";"0,34163"
"40,13000";"13,92229";"0,34532"
"40,14000";"13,90730";"0,33951"
"40,15000";"13,89231";"0,33279"
"40,16000";"13,87708";"0,32927"
"40,17000";"13,86208";"0,33156"
"40,18000";"13,84697";"0,33521"
"40,19000";"13,83210";"0,34237"
"40,20000";"13,81699";"0,35302"
"40,21000";"13,80199";"0,35928"
"40,22000";"13,78712";"0,35451"
"40,23000";"13,77212";"0,35287"
"40,24000";"13,75690";"0,35177"
"40,25000";"13,74179";"0,35430"
"40,26000";"13,72679";"0,35861"
"40,27000";"13,71180";"0,36277"
"40,28000";"13,69681";"0,36780"
"40,29000";"13,68181";"0,36390"
"40,30000";"13,66706";"0,35439"
"40,31000";"13,65218";"0,34737"
"40,32000";"13,63707";"0,35461"
"40,33000";"13,62196";"0,35587"
"40,34000";"13,60697";"0,35491"
"40,35000";"13,59197";"0,35758"
"40,36000";"13,57698";"0,35617"
"40,37000";"13,56187";"0,35134"
"40,38000";"13,54688";"0,34977"
"40,39000";"13,53200";"0,34982"
"40,40000";"13,51701";"0,34598"
"40,41000";"13,50190";"0,34101"
"40,42000";"13,48678";"0,34224"
"40,43000";"13,47179";"0,34072"
"40,44000";"13,45692";"0,33762"
"40,45000";"13,44192";"0,33775"
"40,46000";"13,42693";"0,34192"
"40,47000";"13,41206";"0,34907"
"40,48000";"13,39706";"0,35885"
"40,49000";"13,38207";"0,36089"
"40,50000";"13,36708";"0,35869"
"40,51000";"13,35208";"0,35864"
"40,52000";"13,33721";"0,35321"
"40,53000";"13,32210";"0,35218"
"40,54000";"13,30699";"0,35177"
"40,55000";"13,29199";"0,34809"
"40,56000";"13,27700";"0,34478"
"40,57000";"13,26189";"0,35556"
"40,58000";"13,24666";"0,36815"
"40,59000";"13,23167";"0,37717"
"40,60000";"13,21691";"0,37538"
"40,61000";"13,20203";"0,37253"
"40,62000";"13,18692";"0,37059"
"40,63000";"13,17181";"0,36712"
"40,64000";"13,15694";"0,36808"
"40,65000";"13,14194";"0,37130"
"40,66000";"13,12671";"0,37459"
"40,67000";"13,11172";"0,37185"
"40,68000";"13,09697";"0,37083"
"40,69000";"13,08209";"0,37187"
"40,70000";"13,06710";"0,36315"
"40,71000";"13,05199";"0,36389"
"40,72000";"13,03699";"0,36868"
"40,73000";"13,02200";"0,36963"
"40,74000";"13,00689";"0,37790"
"40,75000";"12,99178";"0,37871"
"40,76000";"12,97690";"0,37768"
"40,77000";"12,96203";"0,37260"
"40,78000";"12,94703";"0,36611"
"40,79000";"12,93204";"0,35977"
"40,80000";"12,91705";"0,36024"
"40,81000";"12,90205";"0,36446"
"40,82000";"12,88694";"0,36748"
"40,83000";"12,87195";"0,37195"
"40,84000";"12,85708";"0,36928"
"40,85000";"12,84220";"0,36007"
"40,86000";"12,82709";"0,35942"
"40,87000";"12,81198";"0,36551"
"40,88000";"12,79699";"0,36615"
"40,89000";"12,78211";"0,36304"
"40,90000";"12,76700";"0,35906"
"40,91000";"12,75201";"0,35782"
"40,92000";"12,73701";"0,35580"
"40,93000";"12,72214";"0,35920"
"40,94000";"12,70715";"0,36686"
"40,95000";"12,69192";"0,36903"
"40,96000";"12,67681";"0,36229"
"40,97000";"12,66193";"0,36154"
"40,98000";"12,64682";"0,35960"
"40,99000";"12,63183";"0,36101"
"41,00000";"12,61683";"0,35926"
"41,01000";"12,60184";"0,35855"
"41,02000";"12,58697";"0,35734"
"41,03000";"12,57197";"0,34959"
"41,04000";"12,55686";"0,34556"
"41,05000";"12,54175";"0,35183"
"41,06000";"12,52688";"0,36013"
"41,07000";"12,51176";"0,36095"
"41,08000";"12,49689";"0,36314"
"41,09000";"12,48190";"0,36897"
"41,10000";"12,46702";"0,36428"
"41,11000";"12,45191";"0,35492"
"41,12000";"12,43692";"0,35405"
"41,13000";"12,42180";"0,35739"
"41,14000";"12,40681";"0,35593"
"41,15000";"12,39194";"0,35697"
"41,16000";"12,37694";"0,36882"
"41,17000";"12,36207";"0,37120"
"41,18000";"12,34708";"0,36957"
"41,19000";"12,33208";"0,36840"
"41,20000";"12,31697";"0,36768"
"41,21000";"12,30186";"0,36587"
"41,22000";"12,28687";"0,36192"
"41,23000";"12,27188";"0,36227"
"41,24000";"12,25700";"0,36403"
"41,25000";"12,24201";"0,36426"
"41,26000";"12,22701";"0,35604"
"41,27000";"12,21214";"0,34939"
"41,28000";"12,19703";"0,35165"
"41,29000";"12,18192";"0,35672"
"41,30000";"12,16692";"0,35790"
"41,31000";"12,15205";"0,35405"
"41,32000";"12,13706";"0,35712"
"41,33000";"12,12206";"0,37102"
"41,34000";"12,10707";"0,37764"
"41,35000";"12,09219";"0,37524"
"41,36000";"12,07720";"0,36766"
"41,37000";"12,06209";"0,36853"
"41,38000";"12,04710";"0,36941"
"41,39000";"12,03222";"0,37460"
"41,40000";"12,01723";"0,37857"
"41,41000";"12,00212";"0,38312"
"41,42000";"11,98701";"0,38315"
"41,43000";"11,97190";"0,37411"
"41,44000";"11,95690";"0,36866"
"41,45000";"11,94191";"0,37022"
"41,46000";"11,92692";"0,36545"
"41,47000";"11,91204";"0,36010"
"41,48000";"11,89717";"0,35843"
"41,49000";"11,88206";"0,35568"
"41,50000";"11,86695";"0,35408"
"41,51000";"11,85195";"0,34920"
"41,52000";"11,83696";"0,34454"
"41,53000";"11,82185";"0,34567"
"41,54000";"11,80685";"0,34819"
"41,55000";"11,79186";"0,34740"
"41,56000";"11,77699";"0,34858"
"41,57000";"11,76199";"0,35122"
"41,58000";"11,74688";"0,35807"
"41,59000";"11,73189";"0,36047"
"41,60000";"11,71690";"0,35764"
"41,61000";"11,70190";"0,35123"
"41,62000";"11,68691";"0,34852"
"41,63000";"11,67192";"0,35212"
"41,64000";"11,65693";"0,35317"
"41,65000";"11,64193";"0,34741"
"41,66000";"11,62694";"0,35077"
"41,67000";"11,61195";"0,35628"
"41,68000";"11,59683";"0,35919"
"41,69000";"11,58184";"0,35564"
"41,70000";"11,56697";"0,35000"
"41,71000";"11,55197";"0,34475"
"41,72000";"11,53698";"0,34590"
"41,73000";"11,52199";"0,34984"
"41,74000";"11,50699";"0,35132"
"41,75000";"11,49188";"0,35260"
"41,76000";"11,47689";"0,35069"
"41,77000";"11,46190";"0,34651"
"41,78000";"11,44702";"0,34418"
"41,79000";"11,43203";"0,33842"
"41,80000";"11,41704";"0,33440"
"41,81000";"11,40216";"0,33330"
"41,82000";"11,38717";"0,33683"
"41,83000";"11,37206";"0,33966"
"41,84000";"11,35683";"0,33736"
"41,85000";"11,34183";"0,33430"
"41,86000";"11,32684";"0,34221"
"41,87000";"11,31185";"0,35114"
"41,88000";"11,29697";"0,35376"
"41,89000";"11,28198";"0,35609"
"41,90000";"11,26710";"0,35066"
"41,91000";"11,25211";"0,34427"
"41,92000";"11,23700";"0,33953"
"41,93000";"11,22213";"0,33491"
"41,94000";"11,20713";"0,33406"
"41,95000";"11,19202";"0,33316"
"41,96000";"11,17691";"0,32573"
"41,97000";"11,16192";"0,32716"
"41,98000";"11,14704";"0,33322"
"41,99000";"11,13205";"0,33201"
"42,00000";"11,11694";"0,32481"
"42,01000";"11,10194";"0,32797"
"42,02000";"11,08707";"0,33498"
"42,03000";"11,07219";"0,33950"
"42,04000";"11,05708";"0,34360"
"42,05000";"11,04197";"0,33976"
"42,06000";"11,02698";"0,33787"
"42,07000";"11,01187";"0,33454"
"42,08000";"10,99688";"0,33795"
"42,09000";"10,98188";"0,33910"
"42,10000";"10,96701";"0,33126"
"42,11000";"10,95213";"0,33473"
"42,12000";"10,93714";"0,33637"
"42,13000";"10,92191";"0,33255"
"42,14000";"10,90692";"0,33171"
"42,15000";"10,89192";"0,33691"
"42,16000";"10,87681";"0,35034"
"42,17000";"10,86170";"0,35421"
"42,18000";"10,84683";"0,35000"
"42,19000";"10,83195";"0,34736"
"42,20000";"10,81696";"0,34618"
"42,21000";"10,80173";"0,34755"
"42,22000";"10,78686";"0,34614"
"42,23000";"10,77198";"0,34573"
"42,24000";"10,75699";"0,35320"
"42,25000";"10,74199";"0,35904"
"42,26000";"10,72700";"0,36041"
"42,27000";"10,71213";"0,36135"
"42,28000";"10,69725";"0,36098"
"42,29000";"10,68226";"0,35667"
"42,30000";"10,66715";"0,35571"
"42,31000";"10,65215";"0,35443"
"42,32000";"10,63728";"0,35102"
"42,33000";"10,62217";"0,34559"
"42,34000";"10,60717";"0,34038"
"42,35000";"10,59230";"0,34215"
"42,36000";"10,57731";"0,33745"
"42,37000";"10,56219";"0,32861"
"42,38000";"10,54708";"0,32362"
"42,39000";"10,53197";"0,31997"
"42,40000";"10,51722";"0,33036"
"42,41000";"10,50234";"0,34382"
"42,42000";"10,48735";"0,35099"
"42,43000";"10,47247";"0,34609"
"42,44000";"10,45736";"0,34504"
"42,45000";"10,44225";"0,34922"
"42,46000";"10,42714";"0,34804"
"42,47000";"10,41215";"0,33881"
"42,48000";"10,39715";"0,33319"
"42,49000";"10,38216";"0,33026"
"42,50000";"10,36705";"0,32788"
"42,51000";"10,35206";"0,32362"
"42,52000";"10,33706";"0,32177"
"42,53000";"10,32207";"0,33065"
"42,54000";"10,30696";"0,33817"
"42,55000";"10,29197";"0,34104"
"42,56000";"10,27697";"0,33696"
"42,57000";"10,26198";"0,33881"
"42,58000";"10,24687";"0,33671"
"42,59000";"10,23199";"0,33445"
"42,60000";"10,21712";"0,33661"
"42,61000";"10,20213";"0,33648"
"42,62000";"10,18713";"0,33499"
"42,63000";"10,17202";"0,32982"
"42,64000";"10,15703";"0,32901"
"42,65000";"10,14204";"0,33062"
"42,66000";"10,12692";"0,33547"
"42,67000";"10,11181";"0,33642"
"42,68000";"10,09682";"0,33215"
"42,69000";"10,08183";"0,33685"
"42,70000";"10,06671";"0,34695"
"42,71000";"10,05172";"0,34790"
"42,72000";"10,03673";"0,34725"
"42,73000";"10,02197";"0,34854"
"42,74000";"10,00698";"0,35273"
"42,75000";"9,99187";"0,35839"
"42,76000";"9,97676";"0,35243"
"42,77000";"9,96200";"0,34345"
"42,78000";"9,94689";"0,33784"
"42,79000";"9,93178";"0,34046"
"42,80000";"9,91690";"0,33790"
"42,81000";"9,90203";"0,33711"
"42,82000";"9,88703";"0,34538"
"42,83000";"9,87204";"0,35313"
"42,84000";"9,85693";"0,35207"
"42,85000";"9,84206";"0,34661"
"42,86000";"9,82695";"0,34623"
"42,87000";"9,81195";"0,34110"
"42,88000";"9,79696";"0,34379"
"42,89000";"9,78208";"0,34711"
"42,90000";"9,76709";"0,34622"
"42,91000";"9,75210";"0,34352"
"42,92000";"9,73699";"0,34473"
"42,93000";"9,72211";"0,34783"
"42,94000";"9,70712";"0,35064"
"42,95000";"9,69213";"0,35152"
"42,96000";"9,67701";"0,34606"
"42,97000";"9,66202";"0,33847"
"42,98000";"9,64715";"0,33997"
"42,99000";"9,63215";"0,34231"
"43,00000";"9,61692";"0,34492"
"43,01000";"9,60205";"0,33345"
"43,02000";"9,58717";"0,33263"
"43,03000";"9,57218";"0,34134"
"43,04000";"9,55719";"0,34997"
"43,05000";"9,54220";"0,35567"
"43,06000";"9,52732";"0,35540"
"43,07000";"9,51233";"0,35117"
"43,08000";"9,49710";"0,34573"
"43,09000";"9,48199";"0,34984"
"43,10000";"9,46699";"0,34702"
"43,11000";"9,45212";"0,34426"
"43,12000";"9,43701";"0,34660"
"43,13000";"9,42201";"0,34399"
"43,14000";"9,40714";"0,33864"
"43,15000";"9,39215";"0,34136"
"43,16000";"9,37704";"0,34343"
"43,17000";"9,36192";"0,34240"
"43,18000";"9,34693";"0,34044"
"43,19000";"9,33206";"0,33632"
"43,20000";"9,31694";"0,33809"
"43,21000";"9,30195";"0,33839"
"43,22000";"9,28708";"0,33466"
"43,23000";"9,27220";"0,33776"
"43,24000";"9,25721";"0,33571"
"43,25000";"9,24210";"0,32935"
"43,26000";"9,22699";"0,32634"
"43,27000";"9,21211";"0,32182"
"43,28000";"9,19712";"0,31831"
"43,29000";"9,18201";"0,31367"
"43,30000";"9,16701";"0,30928"
"43,31000";"9,15214";"0,31802"
"43,32000";"9,13703";"0,32892"
"43,33000";"9,12192";"0,33136"
"43,34000";"9,10692";"0,33346"
"43,35000";"9,09205";"0,34024"
"43,36000";"9,07717";"0,33895"
"43,37000";"9,06206";"0,34008"
"43,38000";"9,04695";"0,33841"
"43,39000";"9,03196";"0,34296"
"43,40000";"9,01708";"0,35535"
"43,41000";"9,00185";"0,36207"
"43,42000";"8,98674";"0,35413"
"43,43000";"8,97187";"0,34740"
"43,44000";"8,95699";"0,34435"
"43,45000";"8,94188";"0,34225"
"43,46000";"8,92677";"0,33757"
"43,47000";"8,91190";"0,33488"
"43,48000";"8,89690";"0,34004"
"43,49000";"8,88179";"0,35732"
"43,50000";"8,86680";"0,36141"
"43,51000";"8,85192";"0,35391"
"43,52000";"8,83717";"0,35051"
"43,53000";"8,82206";"0,35758"
"43,54000";"8,80694";"0,35889"
"43,55000";"8,79195";"0,35803"
"43,56000";"8,77708";"0,35329"
"43,57000";"8,76197";"0,34641"
"43,58000";"8,74685";"0,33605"
"43,59000";"8,73198";"0,32974"
"43,60000";"8,71722";"0,33090"
"43,61000";"8,70235";"0,33639"
"43,62000";"8,68724";"0,33061"
"43,63000";"8,67213";"0,32799"
"43,64000";"8,65725";"0,32402"
"43,65000";"8,64214";"0,32555"
"43,66000";"8,62703";"0,33167"
"43,67000";"8,61215";"0,33503"
"43,68000";"8,59728";"0,33105"
"43,69000";"8,58240";"0,33412"
"43,70000";"8,56717";"0,34146"
"43,71000";"8,55206";"0,34418"
"43,72000";"8,53707";"0,34699"
"43,73000";"8,52196";"0,34906"
"43,74000";"8,50685";"0,34158"
"43,75000";"8,49174";"0,33665"
"43,76000";"8,47686";"0,32844"
"43,77000";"8,46187";"0,32135"
"43,78000";"8,44676";"0,31672"
"43,79000";"8,43165";"0,31715"
"43,80000";"8,41665";"0,32189"
"43,81000";"8,40166";"0,32765"
"43,82000";"8,38679";"0,32595"
"43,83000";"8,37179";"0,32798"
"43,84000";"8,35680";"0,33245"
"43,85000";"8,34204";"0,33971"
"43,86000";"8,32705";"0,33891"
"43,87000";"8,31194";"0,33714"
"43,88000";"8,29683";"0,33247"
"43,89000";"8,28183";"0,33069"
"43,90000";"8,26696";"0,33266"
"43,91000";"8,25185";"0,33305"
"43,92000";"8,23685";"0,33891"
"43,93000";"8,22198";"0,34537"
"43,94000";"8,20699";"0,34436"
"43,95000";"8,19188";"0,33505"
"43,96000";"8,17676";"0,33011"
"43,97000";"8,16189";"0,33253"
"43,98000";"8,14701";"0,33726"
"43,99000";"8,13202";"0,34005"
"44,00000";"8,11703";"0,34335"
"44,01000";"8,10204";"0,34923"
"44,02000";"8,08704";"0,34819"
"44,03000";"8,07193";"0,34554"
"44,04000";"8,05682";"0,34079"
"44,05000";"8,04183";"0,33866"
"44,06000";"8,02695";"0,34296"
"44,07000";"8,01208";"0,34756"
"44,08000";"7,99708";"0,34047"
"44,09000";"7,98197";"0,33200"
"44,10000";"7,96698";"0,32859"
"44,11000";"7,95199";"0,33287"
"44,12000";"7,93688";"0,33083"
"44,13000";"7,92188";"0,32555"
"44,14000";"7,90701";"0,32544"
"44,15000";"7,89225";"0,33160"
"44,16000";"7,87714";"0,34162"
"44,17000";"7,86203";"0,34581"
"44,18000";"7,84704";"0,34372"
"44,19000";"7,83204";"0,34485"
"44,20000";"7,81693";"0,34603"
"44,21000";"7,80182";"0,34064"
"44,22000";"7,78694";"0,33868"
"44,23000";"7,77219";"0,34056"
"44,24000";"7,75719";"0,34052"
"44,25000";"7,74208";"0,34011"
"44,26000";"7,72709";"0,33836"
"44,27000";"7,71222";"0,34448"
"44,28000";"7,69710";"0,34869"
"44,29000";"7,68199";"0,36018"
"44,30000";"7,66700";"0,35605"
"44,31000";"7,65212";"0,34742"
"44,32000";"7,63713";"0,34095"
"44,33000";"7,62202";"0,33902"
"44,34000";"7,60691";"0,33644"
"44,35000";"7,59192";"0,33076"
"44,36000";"7,57681";"0,32797"
"44,37000";"7,56169";"0,33043"
"44,38000";"7,54670";"0,33652"
"44,39000";"7,53194";"0,34165"
"44,40000";"7,51707";"0,34418"
"44,41000";"7,50196";"0,34645"
"44,42000";"7,48697";"0,34979"
"44,43000";"7,47197";"0,35143"
"44,44000";"7,45686";"0,35349"
"44,45000";"7,44187";"0,35331"
"44,46000";"7,42687";"0,34687"
"44,47000";"7,41188";"0,34292"
"44,48000";"7,39701";"0,34162"
"44,49000";"7,38201";"0,34009"
"44,50000";"7,36690";"0,34056"
"44,51000";"7,35179";"0,34163"
"44,52000";"7,33668";"0,34046"
"44,53000";"7,32169";"0,33783"
"44,54000";"7,30669";"0,33241"
"44,55000";"7,29194";"0,33327"
"44,56000";"7,27694";"0,34190"
"44,57000";"7,26195";"0,35269"
"44,58000";"7,24696";"0,35418"
"44,59000";"7,23185";"0,35203"
"44,60000";"7,21685";"0,35277"
"44,61000";"7,20198";"0,36154"
"44,62000";"7,18699";"0,35774"
"44,63000";"7,17199";"0,35593"
"44,64000";"7,15712";"0,35178"
"44,65000";"7,14212";"0,34857"
"44,66000";"7,12701";"0,34704"
"44,67000";"7,11190";"0,34396"
"44,68000";"7,09691";"0,33902"
"44,69000";"7,08192";"0,33473"
"44,70000";"7,06692";"0,33464"
"44,71000";"7,05193";"0,33871"
"44,72000";"7,03694";"0,34494"
"44,73000";"7,02183";"0,35457"
"44,74000";"7,00683";"0,35927"
"44,75000";"6,99184";"0,36658"
"44,76000";"6,97685";"0,36482"
"44,77000";"6,96209";"0,36259"
"44,78000";"6,94722";"0,35825"
"44,79000";"6,93222";"0,35564"
"44,80000";"6,91723";"0,35532"
"44,81000";"6,90235";"0,35419"
"44,82000";"6,88724";"0,35568"
"44,83000";"6,87201";"0,35819"
"44,84000";"6,85702";"0,35875"
"44,85000";"6,84215";"0,35821"
"44,86000";"6,82727";"0,35634"
"44,87000";"6,81228";"0,35069"
"44,88000";"6,79717";"0,34141"
"44,89000";"6,78206";"0,34054"
"44,90000";"6,76706";"0,34719"
"44,91000";"6,75183";"0,35892"
"44,92000";"6,73684";"0,36575"
"44,93000";"6,72185";"0,36715"
"44,94000";"6,70697";"0,36859"
"44,95000";"6,69198";"0,36998"
"44,96000";"6,67687";"0,36356"
"44,97000";"6,66188";"0,35300"
"44,98000";"6,64688";"0,35050"
"44,99000";"6,63177";"0,35197"
"45,00000";"6,61678";"0,35638"
"45,01000";"6,60178";"0,36488"
"45,02000";"6,58703";"0,37312"
"45,03000";"6,57215";"0,37900"
"45,04000";"6,55704";"0,37902"
"45,05000";"6,54193";"0,37240"
"45,06000";"6,52694";"0,36404"
"45,07000";"6,51183";"0,35877"
"45,08000";"6,49683";"0,37214"
"45,09000";"6,48184";"0,38028"
"45,10000";"6,46696";"0,38730"
"45,11000";"6,45209";"0,38785"
"45,12000";"6,43710";"0,38586"
"45,13000";"6,42234";"0,38406"
"45,14000";"6,40746";"0,38614"
"45,15000";"6,39259";"0,37919"
"45,16000";"6,37736";"0,37649"
"45,17000";"6,36225";"0,37608"
"45,18000";"6,34714";"0,37931"
"45,19000";"6,33203";"0,37540"
"45,20000";"6,31692";"0,37312"
"45,21000";"6,30181";"0,37472"
"45,22000";"6,28681";"0,37334"
"45,23000";"6,27182";"0,37513"
"45,24000";"6,25683";"0,37960"
"45,25000";"6,24183";"0,37810"
"45,26000";"6,22696";"0,37397"
"45,27000";"6,21197";"0,37633"
"45,28000";"6,19697";"0,38238"
"45,29000";"6,18186";"0,39334"
"45,30000";"6,16675";"0,39608"
"45,31000";"6,15176";"0,39670"
"45,32000";"6,13676";"0,39383"
"45,33000";"6,12177";"0,39380"
"45,34000";"6,10690";"0,39115"
"45,35000";"6,09202";"0,38450"
"45,36000";"6,07703";"0,37901"
"45,37000";"6,06192";"0,37743"
"45,38000";"6,04681";"0,38029"
"45,39000";"6,03193";"0,38206"
"45,40000";"6,01706";"0,39264"
"45,41000";"6,00206";"0,40033"
"45,42000";"5,98707";"0,39917"
"45,43000";"5,97219";"0,39554"
"45,44000";"5,95720";"0,39876"
"45,45000";"5,94209";"0,39621"
"45,46000";"5,92686";"0,39102"
"45,47000";"5,91187";"0,38988"
"45,48000";"5,89699";"0,38950"
"45,49000";"5,88200";"0,39118"
"45,50000";"5,86701";"0,38661"
"45,51000";"5,85201";"0,38211"
"45,52000";"5,83702";"0,38341"
"45,53000";"5,82191";"0,38304"
"45,54000";"5,80680";"0,38931"
"45,55000";"5,79192";"0,39519"
"45,56000";"5,77705";"0,39899"
"45,57000";"5,76217";"0,39805"
"45,58000";"5,74718";"0,39527"
"45,59000";"5,73207";"0,38652"
"45,60000";"5,71719";"0,38281"
"45,61000";"5,70232";"0,38545"
"45,62000";"5,68709";"0,37895"
"45,63000";"5,67198";"0,37957"
"45,64000";"5,65699";"0,38053"
"45,65000";"5,64211";"0,38769"
"45,66000";"5,62700";"0,38651"
"45,67000";"5,61189";"0,38529"
"45,68000";"5,59690";"0,38606"
"45,69000";"5,58190";"0,38548"
"45,70000";"5,56679";"0,38771"
"45,71000";"5,55180";"0,39438"
"45,72000";"5,53692";"0,38799"
"45,73000";"5,52205";"0,38078"
"45,74000";"5,50706";"0,37712"
"45,75000";"5,49194";"0,37001"
"45,76000";"5,47695";"0,36268"
"45,77000";"5,46196";"0,36966"
"45,78000";"5,44685";"0,38466"
"45,79000";"5,43185";"0,39553"
"45,80000";"5,41698";"0,39657"
"45,81000";"5,40210";"0,39138"
"45,82000";"5,38723";"0,38469"
"45,83000";"5,37212";"0,38327"
"45,84000";"5,35701";"0,38766"
"45,85000";"5,34201";"0,39389"
"45,86000";"5,32714";"0,39347"
"45,87000";"5,31215";"0,39385"
"45,88000";"5,29704";"0,40307"
"45,89000";"5,28216";"0,41127"
"45,90000";"5,26717";"0,41054"
"45,91000";"5,25206";"0,40621"
"45,92000";"5,23706";"0,40980"
"45,93000";"5,22207";"0,41342"
"45,94000";"5,20708";"0,41518"
"45,95000";"5,19197";"0,41853"
"45,96000";"5,17697";"0,42245"
"45,97000";"5,16210";"0,41590"
"45,98000";"5,14734";"0,41670"
"45,99000";"5,13223";"0,41302"
"46,00000";"5,11700";"0,41241"
"46,01000";"5,10201";"0,41723"
"46,02000";"5,08701";"0,42197"
"46,03000";"5,07214";"0,42300"
"46,04000";"5,05715";"0,42608"
"46,05000";"5,04215";"0,42996"
"46,06000";"5,02716";"0,42791"
"46,07000";"5,01217";"0,42931"
"46,08000";"4,99706";"0,43492"
"46,09000";"4,98194";"0,43449"
"46,10000";"4,96683";"0,42200"
"46,11000";"4,95184";"0,41522"
"46,12000";"4,93673";"0,41875"
"46,13000";"4,92174";"0,42628"
"46,14000";"4,90686";"0,43146"
"46,15000";"4,89187";"0,43502"
"46,16000";"4,87688";"0,43541"
"46,17000";"4,86165";"0,43182"
"46,18000";"4,84677";"0,43058"
"46,19000";"4,83201";"0,43194"
"46,20000";"4,81714";"0,43305"
"46,21000";"4,80215";"0,43069"
"46,22000";"4,78715";"0,43013"
"46,23000";"4,77228";"0,43185"
"46,24000";"4,75717";"0,42958"
"46,25000";"4,74206";"0,42936"
"46,26000";"4,72694";"0,42779"
"46,27000";"4,71207";"0,42228"
"46,28000";"4,69719";"0,42142"
"46,29000";"4,68208";"0,42112"
"46,30000";"4,66697";"0,41909"
"46,31000";"4,65210";"0,41892"
"46,32000";"4,63710";"0,42126"
"46,33000";"4,62187";"0,42380"
"46,34000";"4,60676";"0,42352"
"46,35000";"4,59189";"0,41970"
"46,36000";"4,57701";"0,42054"
"46,37000";"4,56202";"0,41709"
"46,38000";"4,54715";"0,41657"
"46,39000";"4,53227";"0,42030"
"46,40000";"4,51740";"0,43468"
"46,41000";"4,50228";"0,44504"
"46,42000";"4,48717";"0,44445"
"46,43000";"4,47230";"0,44274"
"46,44000";"4,45742";"0,44022"
"46,45000";"4,44243";"0,43331"
"46,46000";"4,42720";"0,42165"
"46,47000";"4,41221";"0,41802"
"46,48000";"4,39722";"0,41829"
"46,49000";"4,38210";"0,42078"
"46,50000";"4,36699";"0,42550"
"46,51000";"4,35200";"0,42696"
"46,52000";"4,33712";"0,42877"
"46,53000";"4,32225";"0,43596"
"46,54000";"4,30702";"0,44289"
"46,55000";"4,29215";"0,44363"
"46,56000";"4,27727";"0,44320"
"46,57000";"4,26228";"0,44316"
"46,58000";"4,24705";"0,44520"
"46,59000";"4,23206";"0,44036"
"46,60000";"4,21730";"0,43728"
"46,61000";"4,20242";"0,43376"
"46,62000";"4,18731";"0,42890"
"46,63000";"4,17208";"0,42581"
"46,64000";"4,15709";"0,42116"
"46,65000";"4,14222";"0,41383"
"46,66000";"4,12710";"0,41984"
"46,67000";"4,11211";"0,42370"
"46,68000";"4,09724";"0,42485"
"46,69000";"4,08224";"0,42064"
"46,70000";"4,06713";"0,41840"
"46,71000";"4,05190";"0,41813"
"46,72000";"4,03691";"0,42004"
"46,73000";"4,02192";"0,42399"
"46,74000";"4,00692";"0,43008"
"46,75000";"3,99181";"0,42997"
"46,76000";"3,97682";"0,42166"
"46,77000";"3,96194";"0,42114"
"46,78000";"3,94695";"0,42454"
"46,79000";"3,93172";"0,42235"
"46,80000";"3,91673";"0,42543"
"46,81000";"3,90197";"0,43221"
"46,82000";"3,88698";"0,43642"
"46,83000";"3,87187";"0,43206"
"46,84000";"3,85676";"0,42522"
"46,85000";"3,84176";"0,42666"
"46,86000";"3,82677";"0,43705"
"46,87000";"3,81154";"0,44366"
"46,88000";"3,79643";"0,44330"
"46,89000";"3,78156";"0,43993"
"46,90000";"3,76680";"0,43912"
"46,91000";"3,75181";"0,43787"
"46,92000";"3,73669";"0,43073"
"46,93000";"3,72170";"0,42774"
"46,94000";"3,70683";"0,42810"
"46,95000";"3,69172";"0,43513"
"46,96000";"3,67660";"0,43656"
"46,97000";"3,66185";"0,43649"
"46,98000";"3,64709";"0,44048"
"46,99000";"3,63198";"0,44496"
"47,00000";"3,61699";"0,44283"
"47,01000";"3,60199";"0,43746"
"47,02000";"3,58712";"0,44275"
"47,03000";"3,57201";"0,44024"
"47,04000";"3,55690";"0,43903"
"47,05000";"3,54202";"0,43727"
"47,06000";"3,52715";"0,44011"
"47,07000";"3,51227";"0,44651"
"47,08000";"3,49716";"0,44415"
"47,09000";"3,48217";"0,43846"
"47,10000";"3,46717";"0,43309"
"47,11000";"3,45194";"0,43228"
"47,12000";"3,43695";"0,42528"
"47,13000";"3,42208";"0,42299"
"47,14000";"3,40720";"0,42520"
"47,15000";"3,39233";"0,42570"
"47,16000";"3,37710";"0,42860"
"47,17000";"3,36199";"0,42611"
"47,18000";"3,34711";"0,42270"
"47,19000";"3,33200";"0,41810"
"47,20000";"3,31689";"0,41827"
"47,21000";"3,30190";"0,42162"
"47,22000";"3,28702";"0,42605"
"47,23000";"3,27215";"0,42369"
"47,24000";"3,25703";"0,42764"
"47,25000";"3,24192";"0,42823"
"47,26000";"3,22693";"0,42577"
"47,27000";"3,21194";"0,43230"
"47,28000";"3,19694";"0,43844"
"47,29000";"3,18195";"0,43724"
"47,30000";"3,16696";"0,43218"
"47,31000";"3,15197";"0,43046"
"47,32000";"3,13685";"0,42765"
"47,33000";"3,12186";"0,42791"
"47,34000";"3,10687";"0,43543"
"47,35000";"3,09187";"0,43689"
"47,36000";"3,07700";"0,43547"
"47,37000";"3,06201";"0,43252"
"47,38000";"3,04713";"0,43418"
"47,39000";"3,03226";"0,43856"
"47,40000";"3,01715";"0,44494"
"47,41000";"3,00192";"0,44408"
"47,42000";"2,98692";"0,44104"
"47,43000";"2,97193";"0,44092"
"47,44000";"2,95706";"0,44225"
"47,45000";"2,94206";"0,44500"
"47,46000";"2,92707";"0,43994"
"47,47000";"2,91208";"0,43718"
"47,48000";"2,89708";"0,43568"
"47,49000";"2,88197";"0,43108"
"47,50000";"2,86686";"0,43394"
"47,51000";"2,85187";"0,43606"
"47,52000";"2,83688";"0,43376"
"47,53000";"2,82188";"0,43031"
"47,54000";"2,80689";"0,44108"
"47,55000";"2,79201";"0,44507"
"47,56000";"2,77702";"0,44677"
"47,57000";"2,76191";"0,44580"
"47,58000";"2,74680";"0,44149"
"47,59000";"2,73192";"0,43529"
"47,60000";"2,71705";"0,43182"
"47,61000";"2,70206";"0,42753"
"47,62000";"2,68694";"0,41925"
"47,63000";"2,67195";"0,41500"
"47,64000";"2,65696";"0,41411"
"47,65000";"2,64185";"0,41785"
"47,66000";"2,62674";"0,42064"
"47,67000";"2,61174";"0,42160"
"47,68000";"2,59687";"0,42762"
"47,69000";"2,58199";"0,43067"
"47,70000";"2,56688";"0,42863"
"47,71000";"2,55189";"0,42763"
"47,72000";"2,53690";"0,42347"
"47,73000";"2,52190";"0,42612"
"47,74000";"2,50679";"0,43337"
"47,75000";"2,49180";"0,43933"
"47,76000";"2,47692";"0,44337"
"47,77000";"2,46217";"0,44680"
"47,78000";"2,44717";"0,44763"
"47,79000";"2,43194";"0,44665"
"47,80000";"2,41695";"0,44632"
"47,81000";"2,40196";"0,44401"
"47,82000";"2,38673";"0,43573"
"47,83000";"2,37162";"0,43239"
"47,84000";"2,35663";"0,42422"
"47,85000";"2,34187";"0,42229"
"47,86000";"2,32699";"0,42296"
"47,87000";"2,31200";"0,42002"
"47,88000";"2,29701";"0,41138"
"47,89000";"2,28201";"0,40835"
"47,90000";"2,26702";"0,41298"
"47,91000";"2,25203";"0,42448"
"47,92000";"2,23703";"0,43048"
"47,93000";"2,22216";"0,42415"
"47,94000";"2,20717";"0,42427"
"47,95000";"2,19206";"0,42829"
"47,96000";"2,17706";"0,42548"
"47,97000";"2,16207";"0,42578"
"47,98000";"2,14708";"0,43367"
"47,99000";"2,13208";"0,43993"
"48,00000";"2,11709";"0,43940"
"48,01000";"2,10210";"0,43768"
"48,02000";"2,08710";"0,43778"
"48,03000";"2,07188";"0,44403"
"48,04000";"2,05676";"0,44400"
"48,05000";"2,04177";"0,43999"
"48,06000";"2,02690";"0,44033"
"48,07000";"2,01178";"0,44736"
"48,08000";"1,99691";"0,45424"
"48,09000";"1,98203";"0,45307"
"48,10000";"1,96704";"0,44920"
"48,11000";"1,95205";"0,44813"
"48,12000";"1,93694";"0,44601"
"48,13000";"1,92194";"0,43909"
"48,14000";"1,90695";"0,42667"
"48,15000";"1,89196";"0,41923"
"48,16000";"1,87697";"0,41599"
"48,17000";"1,86197";"0,41647"
"48,18000";"1,84698";"0,42091"
"48,19000";"1,83199";"0,43127"
"48,20000";"1,81699";"0,43814"
"48,21000";"1,80188";"0,43907"
"48,22000";"1,78689";"0,43973"
"48,23000";"1,77190";"0,43760"
"48,24000";"1,75702";"0,44353"
"48,25000";"1,74191";"0,44907"
"48,26000";"1,72703";"0,44438"
"48,27000";"1,71204";"0,44807"
"48,28000";"1,69705";"0,45664"
"48,29000";"1,68182";"0,45744"
"48,30000";"1,66683";"0,44933"
"48,31000";"1,65195";"0,44379"
"48,32000";"1,63708";"0,44025"
"48,33000";"1,62208";"0,43669"
"48,34000";"1,60697";"0,43051"
"48,35000";"1,59210";"0,42601"
"48,36000";"1,57710";"0,42668"
"48,37000";"1,56199";"0,42962"
"48,38000";"1,54700";"0,43311"
"48,39000";"1,53212";"0,43264"
"48,40000";"1,51713";"0,43320"
"48,41000";"1,50214";"0,43448"
"48,42000";"1,48703";"0,43233"
"48,43000";"1,47203";"0,43198"
"48,44000";"1,45692";"0,43637"
"48,45000";"1,44181";"0,44143"
"48,46000";"1,42682";"0,44211"
"48,47000";"1,41183";"0,44050"
"48,48000";"1,39695";"0,43147"
"48,49000";"1,38196";"0,43221"
"48,50000";"1,36697";"0,43487"
"48,51000";"1,35185";"0,42731"
"48,52000";"1,33686";"0,43050"
"48,53000";"1,32187";"0,43537"
"48,54000";"1,30687";"0,44152"
"48,55000";"1,29188";"0,44313"
"48,56000";"1,27713";"0,44885"
"48,57000";"1,26213";"0,45327"
"48,58000";"1,24714";"0,45102"
"48,59000";"1,23215";"0,44192"
"48,60000";"1,21727";"0,43248"
"48,61000";"1,20216";"0,42931"
"48,62000";"1,18705";"0,42966"
"48,63000";"1,17206";"0,43685"
"48,64000";"1,15706";"0,43919"
"48,65000";"1,14219";"0,43995"
"48,66000";"1,12708";"0,44094"
"48,67000";"1,11197";"0,44143"
"48,68000";"1,09697";"0,43512"
"48,69000";"1,08198";"0,43684"
"48,70000";"1,06710";"0,43835"
"48,71000";"1,05211";"0,43923"
"48,72000";"1,03700";"0,43837"
"48,73000";"1,02201";"0,43947"
"48,74000";"1,00701";"0,43825"
"48,75000";"0,99202";"0,44404"
"48,76000";"0,97691";"0,44532"
"48,77000";"0,96192";"0,43854"
"48,78000";"0,94692";"0,43502"
"48,79000";"0,93193";"0,43864"
"48,80000";"0,91694";"0,43563"
"48,81000";"0,90206";"0,42751"
"48,82000";"0,88707";"0,42834"
"48,83000";"0,87196";"0,42804"
"48,84000";"0,85685";"0,42955"
"48,85000";"0,84185";"0,42822"
"48,86000";"0,82686";"0,42860"
"48,87000";"0,81187";"0,42724"
"48,88000";"0,79688";"0,42499"
"48,89000";"0,78200";"0,42301"
"48,90000";"0,76724";"0,42734"
"48,91000";"0,75225";"0,43720"
"48,92000";"0,73714";"0,44392"
"48,93000";"0,72215";"0,44274"
"48,94000";"0,70715";"0,44071"
"48,95000";"0,69216";"0,43774"
"48,96000";"0,67705";"0,44059"
"48,97000";"0,66206";"0,44379"
"48,98000";"0,64718";"0,44111"
"48,99000";"0,63219";"0,43462"
"49,00000";"0,61708";"0,43160"
"49,01000";"0,60208";"0,42998"
"49,02000";"0,58709";"0,42850"
"49,03000";"0,57198";"0,42598"
"49,04000";"0,55687";"0,42674"
"49,05000";"0,54176";"0,43192"
"49,06000";"0,52688";"0,43269"
"49,07000";"0,51189";"0,43175"
"49,08000";"0,49666";"0,43451"
"49,09000";"0,48167";"0,43477"
"49,10000";"0,46679";"0,43094"
"49,11000";"0,45203";"0,42981"
"49,12000";"0,43704";"0,42529"
"49,13000";"0,42193";"0,41962"
"49,14000";"0,40694";"0,41885"
"49,15000";"0,39206";"0,41940"
"49,16000";"0,37695";"0,42880"
"49,17000";"0,36184";"0,43321"
"49,18000";"0,34685";"0,42665"
"49,19000";"0,33197";"0,42055"
"49,20000";"0,31710";"0,42327"
"49,21000";"0,30199";"0,42645"
"49,22000";"0,28699";"0,42719"
"49,23000";"0,27200";"0,43241"
"49,24000";"0,25701";"0,43613"
"49,25000";"0,24190";"0,43390"
"49,26000";"0,22690";"0,42913"
"49,27000";"0,21203";"0,43530"
"49,28000";"0,19703";"0,43531"
"49,29000";"0,18192";"0,43354"
"49,30000";"0,16681";"0,43060"
"49,31000";"0,15182";"0,43075"
"49,32000";"0,13694";"0,43444"
"49,33000";"0,12195";"0,43054"
"49,34000";"0,10708";"0,42310"
"49,35000";"0,09232";"0,42413"
"49,36000";"0,07744";"0,42404"
"49,37000";"0,06233";"0,42712"
"49,38000";"0,04722";"0,42788"
"49,39000";"0,03223";"0,43373"
"49,40000";"0,01724";"0,44189"
"49,41000";"0,00224";"0,44917"
"49,41200";"-0,00083";"0,44886"
