Hardness 1 : Kraftbei  Hardness 1;"373,02325";N
A1 : A1;"0,94543";J
A2 : A2;"0,12068";J
Springiness : Springiness;"0,00066";m
Cohesiveness : Cohesiveness;"0,12764";
Chewiness : Chewiness;"0,03121";J

Zeit;Traversenweg;Kraft
(s);(mm);(N)
"0,00000";"0,00000";"0,02049"
"0,01000";"0,00094";"0,01972"
"0,02000";"0,00578";"0,02434"
"0,03000";"0,01653";"0,03824"
"0,04000";"0,03164";"0,05450"
"0,05000";"0,04935";"0,06006"
"0,06000";"0,06824";"0,05413"
"0,07000";"0,08736";"0,03971"
"0,08000";"0,10637";"0,02753"
"0,09000";"0,12467";"0,01829"
"0,10000";"0,14249";"0,01029"
"0,11000";"0,15961";"0,00197"
"0,12000";"0,17638";"0,00777"
"0,13000";"0,19278";"0,01294"
"0,14000";"0,20884";"0,01301"
"0,15000";"0,22478";"0,01821"
"0,16000";"0,24048";"0,02375"
"0,17000";"0,25606";"0,03582"
"0,18000";"0,27141";"0,04103"
"0,19000";"0,28664";"0,04079"
"0,20000";"0,30199";"0,03739"
"0,21000";"0,31722";"0,03331"
"0,22000";"0,33244";"0,01932"
"0,23000";"0,34767";"0,01616"
"0,24000";"0,36267";"0,01781"
"0,25000";"0,37766";"0,02396"
"0,26000";"0,39265";"0,02827"
"0,27000";"0,40765";"0,03440"
"0,28000";"0,42276";"0,03839"
"0,29000";"0,43787";"0,04044"
"0,30000";"0,45298";"0,04007"
"0,31000";"0,46809";"0,04018"
"0,32000";"0,48308";"0,03218"
"0,33000";"0,49796";"0,02680"
"0,34000";"0,51283";"0,02663"
"0,35000";"0,52783";"0,02558"
"0,36000";"0,54294";"0,02799"
"0,37000";"0,55805";"0,03239"
"0,38000";"0,57304";"0,03662"
"0,39000";"0,58815";"0,03884"
"0,40000";"0,60315";"0,03407"
"0,41000";"0,61814";"0,03187"
"0,42000";"0,63313";"0,03096"
"0,43000";"0,64812";"0,02754"
"0,44000";"0,66324";"0,02902"
"0,45000";"0,67823";"0,02592"
"0,46000";"0,69322";"0,02546"
"0,47000";"0,70810";"0,02527"
"0,48000";"0,72297";"0,02175"
"0,49000";"0,73808";"0,01838"
"0,50000";"0,75308";"0,01825"
"0,51000";"0,76807";"0,02164"
"0,52000";"0,78318";"0,02977"
"0,53000";"0,79817";"0,03160"
"0,54000";"0,81317";"0,03748"
"0,55000";"0,82816";"0,03850"
"0,56000";"0,84303";"0,03526"
"0,57000";"0,85791";"0,02517"
"0,58000";"0,87290";"0,01313"
"0,59000";"0,88790";"0,00738"
"0,60000";"0,90289";"0,01248"
"0,61000";"0,91788";"0,01452"
"0,62000";"0,93299";"0,01327"
"0,63000";"0,94799";"0,01208"
"0,64000";"0,96310";"0,01286"
"0,65000";"0,97797";"0,01751"
"0,66000";"0,99297";"0,01985"
"0,67000";"1,00796";"0,01631"
"0,68000";"1,02307";"0,01047"
"0,69000";"1,03806";"0,01605"
"0,70000";"1,05317";"0,02017"
"0,71000";"1,06805";"0,02474"
"0,72000";"1,08316";"0,02866"
"0,73000";"1,09803";"0,03182"
"0,74000";"1,11291";"0,04011"
"0,75000";"1,12802";"0,04454"
"0,76000";"1,14301";"0,04818"
"0,77000";"1,15801";"0,04147"
"0,78000";"1,17300";"0,03585"
"0,79000";"1,18799";"0,03069"
"0,80000";"1,20299";"0,02690"
"0,81000";"1,21798";"0,02100"
"0,82000";"1,23285";"0,01642"
"0,83000";"1,24797";"0,01277"
"0,84000";"1,26308";"0,00925"
"0,85000";"1,27819";"0,00971"
"0,86000";"1,29306";"0,01535"
"0,87000";"1,30806";"0,01213"
"0,88000";"1,32293";"0,01652"
"0,89000";"1,33792";"0,02965"
"0,90000";"1,35280";"0,03810"
"0,91000";"1,36791";"0,04002"
"0,92000";"1,38290";"0,03573"
"0,93000";"1,39813";"0,03542"
"0,94000";"1,41301";"0,03187"
"0,95000";"1,42800";"0,02801"
"0,96000";"1,44311";"0,02516"
"0,97000";"1,45799";"0,02493"
"0,98000";"1,47298";"0,02204"
"0,99000";"1,48797";"0,01511"
"1,00000";"1,50308";"0,01578"
"1,01000";"1,51808";"0,02605"
"1,02000";"1,53319";"0,03810"
"1,03000";"1,54806";"0,03835"
"1,04000";"1,56306";"0,03621"
"1,05000";"1,57805";"0,03758"
"1,06000";"1,59304";"0,03994"
"1,07000";"1,60803";"0,03315"
"1,08000";"1,62315";"0,02461"
"1,09000";"1,63814";"0,02462"
"1,10000";"1,65301";"0,02824"
"1,11000";"1,66801";"0,02699"
"1,12000";"1,68300";"0,02548"
"1,13000";"1,69799";"0,02005"
"1,14000";"1,71299";"0,01246"
"1,15000";"1,72810";"0,01780"
"1,16000";"1,74309";"0,02707"
"1,17000";"1,75808";"0,02860"
"1,18000";"1,77308";"0,02068"
"1,19000";"1,78795";"0,01420"
"1,20000";"1,80294";"0,00435"
"1,21000";"1,81794";"0,00509"
"1,22000";"1,83281";"0,01950"
"1,23000";"1,84792";"0,03249"
"1,24000";"1,86292";"0,03486"
"1,25000";"1,87791";"0,02873"
"1,26000";"1,89278";"0,02596"
"1,27000";"1,90778";"0,02854"
"1,28000";"1,92265";"0,02924"
"1,29000";"1,93753";"0,02763"
"1,30000";"1,95252";"0,03168"
"1,31000";"1,96763";"0,03376"
"1,32000";"1,98274";"0,03520"
"1,33000";"1,99785";"0,04126"
"1,34000";"2,01297";"0,03568"
"1,35000";"2,02796";"0,03256"
"1,36000";"2,04295";"0,03513"
"1,37000";"2,05794";"0,03351"
"1,38000";"2,07306";"0,02284"
"1,39000";"2,08805";"0,02111"
"1,40000";"2,10304";"0,01368"
"1,41000";"2,11815";"0,01252"
"1,42000";"2,13315";"0,01461"
"1,43000";"2,14814";"0,02524"
"1,44000";"2,16313";"0,02926"
"1,45000";"2,17824";"0,02942"
"1,46000";"2,19324";"0,03011"
"1,47000";"2,20823";"0,02972"
"1,48000";"2,22322";"0,02775"
"1,49000";"2,23810";"0,02937"
"1,50000";"2,25297";"0,03383"
"1,51000";"2,26797";"0,02346"
"1,52000";"2,28272";"0,02080"
"1,53000";"2,29760";"0,02356"
"1,54000";"2,31259";"0,02333"
"1,55000";"2,32758";"0,02005"
"1,56000";"2,34258";"0,02722"
"1,57000";"2,35769";"0,02891"
"1,58000";"2,37280";"0,02433"
"1,59000";"2,38779";"0,01227"
"1,60000";"2,40278";"0,00873"
"1,61000";"2,41778";"0,01448"
"1,62000";"2,43301";"0,01803"
"1,63000";"2,44812";"0,01906"
"1,64000";"2,46323";"0,02211"
"1,65000";"2,47834";"0,02044"
"1,66000";"2,49345";"0,02315"
"1,67000";"2,50844";"0,02454"
"1,68000";"2,52332";"0,02303"
"1,69000";"2,53819";"0,02810"
"1,70000";"2,55319";"0,03232"
"1,71000";"2,56806";"0,02628"
"1,72000";"2,58306";"0,02272"
"1,73000";"2,59793";"0,01544"
"1,74000";"2,61304";"0,00878"
"1,75000";"2,62803";"0,02030"
"1,76000";"2,64291";"0,03090"
"1,77000";"2,65790";"0,03161"
"1,78000";"2,67290";"0,02336"
"1,79000";"2,68789";"0,01459"
"1,80000";"2,70276";"0,01418"
"1,81000";"2,71764";"0,01464"
"1,82000";"2,73251";"0,01420"
"1,83000";"2,74739";"0,02188"
"1,84000";"2,76226";"0,02487"
"1,85000";"2,77726";"0,02624"
"1,86000";"2,79237";"0,02477"
"1,87000";"2,80748";"0,02033"
"1,88000";"2,82259";"0,02030"
"1,89000";"2,83782";"0,02361"
"1,90000";"2,85305";"0,02702"
"1,91000";"2,86804";"0,02852"
"1,92000";"2,88303";"0,03643"
"1,93000";"2,89815";"0,04164"
"1,94000";"2,91314";"0,04139"
"1,95000";"2,92825";"0,03693"
"1,96000";"2,94336";"0,03588"
"1,97000";"2,95859";"0,03243"
"1,98000";"2,97358";"0,02525"
"1,99000";"2,98846";"0,02057"
"2,00000";"3,00333";"0,01486"
"2,01000";"3,01821";"0,01391"
"2,02000";"3,03320";"0,01413"
"2,03000";"3,04808";"0,01823"
"2,04000";"3,06307";"0,01891"
"2,05000";"3,07794";"0,01320"
"2,06000";"3,09306";"0,01449"
"2,07000";"3,10793";"0,01704"
"2,08000";"3,12292";"0,01987"
"2,09000";"3,13792";"0,01882"
"2,10000";"3,15279";"0,01379"
"2,11000";"3,16767";"0,00726"
"2,12000";"3,18242";"0,00806"
"2,13000";"3,19742";"0,01545"
"2,14000";"3,21241";"0,01637"
"2,15000";"3,22740";"0,01881"
"2,16000";"3,24251";"0,02921"
"2,17000";"3,25762";"0,03734"
"2,18000";"3,27285";"0,03909"
"2,19000";"3,28808";"0,03815"
"2,20000";"3,30319";"0,03227"
"2,21000";"3,31831";"0,02151"
"2,22000";"3,33342";"0,02333"
"2,23000";"3,34841";"0,02260"
"2,24000";"3,36340";"0,02306"
"2,25000";"3,37851";"0,02585"
"2,26000";"3,39363";"0,02859"
"2,27000";"3,40862";"0,02961"
"2,28000";"3,42361";"0,03469"
"2,29000";"3,43860";"0,03572"
"2,30000";"3,45348";"0,03784"
"2,31000";"3,46824";"0,03229"
"2,32000";"3,48311";"0,02516"
"2,33000";"3,49810";"0,02151"
"2,34000";"3,51298";"0,02222"
"2,35000";"3,52797";"0,02286"
"2,36000";"3,54297";"0,01827"
"2,37000";"3,55796";"0,02248"
"2,38000";"3,57283";"0,02269"
"2,39000";"3,58759";"0,02732"
"2,40000";"3,60247";"0,03271"
"2,41000";"3,61746";"0,03561"
"2,42000";"3,63233";"0,04114"
"2,43000";"3,64733";"0,03715"
"2,44000";"3,66232";"0,02812"
"2,45000";"3,67731";"0,02584"
"2,46000";"3,69242";"0,02660"
"2,47000";"3,70742";"0,02476"
"2,48000";"3,72253";"0,02945"
"2,49000";"3,73764";"0,03040"
"2,50000";"3,75275";"0,03448"
"2,51000";"3,76810";"0,03414"
"2,52000";"3,78333";"0,02720"
"2,53000";"3,79856";"0,02056"
"2,54000";"3,81367";"0,02086"
"2,55000";"3,82866";"0,02691"
"2,56000";"3,84365";"0,02902"
"2,57000";"3,85865";"0,02893"
"2,58000";"3,87364";"0,02188"
"2,59000";"3,88863";"0,01842"
"2,60000";"3,90362";"0,01177"
"2,61000";"3,91862";"0,01419"
"2,62000";"3,93349";"0,00895"
"2,63000";"3,94825";"0,00803"
"2,64000";"3,96324";"0,00847"
"2,65000";"3,97812";"0,01534"
"2,66000";"3,99311";"0,01551"
"2,67000";"4,00810";"0,01329"
"2,68000";"4,02310";"0,01968"
"2,69000";"4,03797";"0,02762"
"2,70000";"4,05273";"0,03279"
"2,71000";"4,06749";"0,03348"
"2,72000";"4,08248";"0,02806"
"2,73000";"4,09747";"0,02318"
"2,74000";"4,11247";"0,01747"
"2,75000";"4,12758";"0,01253"
"2,76000";"4,14269";"0,00977"
"2,77000";"4,15768";"0,01332"
"2,78000";"4,17267";"0,02379"
"2,79000";"4,18790";"0,02491"
"2,80000";"4,20301";"0,02923"
"2,81000";"4,21836";"0,03281"
"2,82000";"4,23359";"0,03829"
"2,83000";"4,24870";"0,03173"
"2,84000";"4,26358";"0,03071"
"2,85000";"4,27857";"0,02952"
"2,86000";"4,29344";"0,03568"
"2,87000";"4,30832";"0,03288"
"2,88000";"4,32331";"0,03323"
"2,89000";"4,33831";"0,03088"
"2,90000";"4,35330";"0,02616"
"2,91000";"4,36841";"0,02735"
"2,92000";"4,38328";"0,03081"
"2,93000";"4,39828";"0,03031"
"2,94000";"4,41315";"0,03114"
"2,95000";"4,42803";"0,03549"
"2,96000";"4,44314";"0,03891"
"2,97000";"4,45813";"0,03768"
"2,98000";"4,47301";"0,03698"
"2,99000";"4,48788";"0,03618"
"3,00000";"4,50276";"0,02967"
"3,01000";"4,51775";"0,02236"
"3,02000";"4,53263";"0,02651"
"3,03000";"4,54750";"0,03070"
"3,04000";"4,56261";"0,02098"
"3,05000";"4,57772";"0,01652"
"3,06000";"4,59272";"0,01430"
"3,07000";"4,60771";"0,01101"
"3,08000";"4,62270";"0,00885"
"3,09000";"4,63769";"0,00443"
"3,10000";"4,65281";"0,00432"
"3,11000";"4,66792";"0,01266"
"3,12000";"4,68326";"0,01859"
"3,13000";"4,69838";"0,02504"
"3,14000";"4,71337";"0,02435"
"3,15000";"4,72836";"0,02591"
"3,16000";"4,74347";"0,02646"
"3,17000";"4,75835";"0,02963"
"3,18000";"4,77322";"0,03344"
"3,19000";"4,78810";"0,02854"
"3,20000";"4,80309";"0,01903"
"3,21000";"4,81820";"0,01468"
"3,22000";"4,83319";"0,01826"
"3,23000";"4,84819";"0,03153"
"3,24000";"4,86306";"0,03866"
"3,25000";"4,87794";"0,03799"
"3,26000";"4,89281";"0,03734"
"3,27000";"4,90781";"0,03673"
"3,28000";"4,92280";"0,03198"
"3,29000";"4,93767";"0,03085"
"3,30000";"4,95278";"0,02691"
"3,31000";"4,96766";"0,02706"
"3,32000";"4,98277";"0,02496"
"3,33000";"4,99788";"0,02585"
"3,34000";"5,01299";"0,02952"
"3,35000";"5,02799";"0,02879"
"3,36000";"5,04310";"0,02882"
"3,37000";"5,05821";"0,03079"
"3,38000";"5,07320";"0,02698"
"3,39000";"5,08831";"0,02061"
"3,40000";"5,10331";"0,01696"
"3,41000";"5,11830";"0,01334"
"3,42000";"5,13317";"0,01619"
"3,43000";"5,14817";"0,02259"
"3,44000";"5,16328";"0,02610"
"3,45000";"5,17827";"0,02379"
"3,46000";"5,19326";"0,02693"
"3,47000";"5,20826";"0,03336"
"3,48000";"5,22313";"0,04433"
"3,49000";"5,23801";"0,04917"
"3,50000";"5,25288";"0,04534"
"3,51000";"5,26799";"0,03288"
"3,52000";"5,28299";"0,02131"
"3,53000";"5,29810";"0,01605"
"3,54000";"5,31309";"0,01615"
"3,55000";"5,32808";"0,02259"
"3,56000";"5,34296";"0,03293"
"3,57000";"5,35795";"0,03600"
"3,58000";"5,37294";"0,03446"
"3,59000";"5,38782";"0,02931"
"3,60000";"5,40281";"0,03274"
"3,61000";"5,41781";"0,03819"
"3,62000";"5,43292";"0,04034"
"3,63000";"5,44803";"0,03747"
"3,64000";"5,46302";"0,02294"
"3,65000";"5,47790";"0,01235"
"3,66000";"5,49301";"0,01069"
"3,67000";"5,50800";"0,01909"
"3,68000";"5,52299";"0,03097"
"3,69000";"5,53810";"0,04051"
"3,70000";"5,55322";"0,04462"
"3,71000";"5,56821";"0,04227"
"3,72000";"5,58308";"0,03383"
"3,73000";"5,59808";"0,02970"
"3,74000";"5,61307";"0,02741"
"3,75000";"5,62806";"0,03695"
"3,76000";"5,64317";"0,05456"
"3,77000";"5,65805";"0,07286"
"3,78000";"5,67316";"0,09173"
"3,79000";"5,68827";"0,11246"
"3,80000";"5,70326";"0,14349"
"3,81000";"5,71814";"0,17257"
"3,82000";"5,73313";"0,20865"
"3,83000";"5,74813";"0,25182"
"3,84000";"5,76312";"0,29331"
"3,85000";"5,77811";"0,33248"
"3,86000";"5,79299";"0,37587"
"3,87000";"5,80810";"0,42280"
"3,88000";"5,82297";"0,46272"
"3,89000";"5,83785";"0,50907"
"3,90000";"5,85296";"0,56552"
"3,91000";"5,86795";"0,61616"
"3,92000";"5,88306";"0,66950"
"3,93000";"5,89806";"0,73002"
"3,94000";"5,91305";"0,79302"
"3,95000";"5,92804";"0,85535"
"3,96000";"5,94303";"0,92017"
"3,97000";"5,95803";"0,99198"
"3,98000";"5,97302";"1,06291"
"3,99000";"5,98813";"1,14098"
"4,00000";"6,00312";"1,22196"
"4,01000";"6,01824";"1,30108"
"4,02000";"6,03323";"1,39198"
"4,03000";"6,04822";"1,48776"
"4,04000";"6,06310";"1,59166"
"4,05000";"6,07809";"1,69037"
"4,06000";"6,09308";"1,79720"
"4,07000";"6,10808";"1,90204"
"4,08000";"6,12307";"2,00691"
"4,09000";"6,13806";"2,11186"
"4,10000";"6,15306";"2,21566"
"4,11000";"6,16793";"2,32390"
"4,12000";"6,18292";"2,44155"
"4,13000";"6,19780";"2,55999"
"4,14000";"6,21279";"2,67205"
"4,15000";"6,22790";"2,78160"
"4,16000";"6,24301";"2,89835"
"4,17000";"6,25801";"3,01093"
"4,18000";"6,27300";"3,12861"
"4,19000";"6,28799";"3,24668"
"4,20000";"6,30299";"3,36262"
"4,21000";"6,31798";"3,47042"
"4,22000";"6,33309";"3,58399"
"4,23000";"6,34796";"3,69547"
"4,24000";"6,36296";"3,80980"
"4,25000";"6,37795";"3,92256"
"4,26000";"6,39306";"4,03053"
"4,27000";"6,40806";"4,13375"
"4,28000";"6,42293";"4,23473"
"4,29000";"6,43804";"4,33980"
"4,30000";"6,45303";"4,45068"
"4,31000";"6,46803";"4,56812"
"4,32000";"6,48302";"4,69226"
"4,33000";"6,49801";"4,80444"
"4,34000";"6,51301";"4,90971"
"4,35000";"6,52800";"5,01533"
"4,36000";"6,54287";"5,12118"
"4,37000";"6,55787";"5,22878"
"4,38000";"6,57286";"5,33631"
"4,39000";"6,58797";"5,44481"
"4,40000";"6,60297";"5,54818"
"4,41000";"6,61796";"5,65541"
"4,42000";"6,63283";"5,75829"
"4,43000";"6,64771";"5,86705"
"4,44000";"6,66258";"5,97598"
"4,45000";"6,67769";"6,08223"
"4,46000";"6,69269";"6,18292"
"4,47000";"6,70780";"6,28307"
"4,48000";"6,72279";"6,38493"
"4,49000";"6,73790";"6,49104"
"4,50000";"6,75301";"6,59527"
"4,51000";"6,76801";"6,71195"
"4,52000";"6,78300";"6,82374"
"4,53000";"6,79799";"6,92843"
"4,54000";"6,81310";"7,02725"
"4,55000";"6,82810";"7,12397"
"4,56000";"6,84309";"7,22485"
"4,57000";"6,85808";"7,32697"
"4,58000";"6,87308";"7,43470"
"4,59000";"6,88807";"7,54278"
"4,60000";"6,90306";"7,64877"
"4,61000";"6,91806";"7,75446"
"4,62000";"6,93305";"7,84734"
"4,63000";"6,94816";"7,94425"
"4,64000";"6,96303";"8,03986"
"4,65000";"6,97803";"8,14617"
"4,66000";"6,99302";"8,24924"
"4,67000";"7,00790";"8,35151"
"4,68000";"7,02289";"8,45631"
"4,69000";"7,03788";"8,56605"
"4,70000";"7,05276";"8,67719"
"4,71000";"7,06787";"8,78174"
"4,72000";"7,08286";"8,88146"
"4,73000";"7,09797";"8,98820"
"4,74000";"7,11297";"9,09862"
"4,75000";"7,12796";"9,20522"
"4,76000";"7,14283";"9,30665"
"4,77000";"7,15794";"9,40714"
"4,78000";"7,17306";"9,50435"
"4,79000";"7,18805";"9,60360"
"4,80000";"7,20304";"9,70601"
"4,81000";"7,21803";"9,80804"
"4,82000";"7,23303";"9,91021"
"4,83000";"7,24802";"10,02078"
"4,84000";"7,26301";"10,12868"
"4,85000";"7,27813";"10,23134"
"4,86000";"7,29300";"10,33730"
"4,87000";"7,30811";"10,44713"
"4,88000";"7,32310";"10,56080"
"4,89000";"7,33810";"10,67948"
"4,90000";"7,35309";"10,79351"
"4,91000";"7,36808";"10,89681"
"4,92000";"7,38308";"10,99119"
"4,93000";"7,39819";"11,09359"
"4,94000";"7,41318";"11,19984"
"4,95000";"7,42817";"11,31189"
"4,96000";"7,44317";"11,42770"
"4,97000";"7,45804";"11,54539"
"4,98000";"7,47292";"11,66233"
"4,99000";"7,48791";"11,76660"
"5,00000";"7,50278";"11,86782"
"5,01000";"7,51790";"11,97901"
"5,02000";"7,53289";"12,08928"
"5,03000";"7,54800";"12,19722"
"5,04000";"7,56288";"12,31031"
"5,05000";"7,57787";"12,42326"
"5,06000";"7,59286";"12,53605"
"5,07000";"7,60774";"12,65127"
"5,08000";"7,62285";"12,75992"
"5,09000";"7,63796";"12,87019"
"5,10000";"7,65307";"12,98595"
"5,11000";"7,66806";"13,10940"
"5,12000";"7,68306";"13,23075"
"5,13000";"7,69793";"13,34154"
"5,14000";"7,71281";"13,45220"
"5,15000";"7,72780";"13,55137"
"5,16000";"7,74291";"13,65359"
"5,17000";"7,75790";"13,76160"
"5,18000";"7,77278";"13,87519"
"5,19000";"7,78789";"13,99288"
"5,20000";"7,80276";"14,11096"
"5,21000";"7,81776";"14,23416"
"5,22000";"7,83275";"14,35335"
"5,23000";"7,84774";"14,46970"
"5,24000";"7,86285";"14,58688"
"5,25000";"7,87785";"14,70397"
"5,26000";"7,89296";"14,82388"
"5,27000";"7,90795";"14,93884"
"5,28000";"7,92294";"15,05260"
"5,29000";"7,93794";"15,17147"
"5,30000";"7,95281";"15,29149"
"5,31000";"7,96781";"15,40277"
"5,32000";"7,98292";"15,51309"
"5,33000";"7,99791";"15,61825"
"5,34000";"8,01290";"15,72991"
"5,35000";"8,02801";"15,85693"
"5,36000";"8,04313";"15,98428"
"5,37000";"8,05812";"16,11633"
"5,38000";"8,07299";"16,24474"
"5,39000";"8,08799";"16,37411"
"5,40000";"8,10298";"16,49305"
"5,41000";"8,11797";"16,60786"
"5,42000";"8,13297";"16,72371"
"5,43000";"8,14796";"16,84713"
"5,44000";"8,16307";"16,96664"
"5,45000";"8,17806";"17,08382"
"5,46000";"8,19306";"17,19770"
"5,47000";"8,20805";"17,31194"
"5,48000";"8,22304";"17,43775"
"5,49000";"8,23803";"17,56922"
"5,50000";"8,25315";"17,69638"
"5,51000";"8,26826";"17,81953"
"5,52000";"8,28325";"17,94601"
"5,53000";"8,29824";"18,07437"
"5,54000";"8,31324";"18,20400"
"5,55000";"8,32823";"18,32695"
"5,56000";"8,34322";"18,44451"
"5,57000";"8,35833";"18,55982"
"5,58000";"8,37321";"18,67395"
"5,59000";"8,38820";"18,79247"
"5,60000";"8,40296";"18,92180"
"5,61000";"8,41783";"19,05198"
"5,62000";"8,43283";"19,17310"
"5,63000";"8,44782";"19,29458"
"5,64000";"8,46281";"19,41582"
"5,65000";"8,47781";"19,54662"
"5,66000";"8,49304";"19,67424"
"5,67000";"8,50815";"19,80424"
"5,68000";"8,52314";"19,93141"
"5,69000";"8,53801";"20,06364"
"5,70000";"8,55301";"20,19633"
"5,71000";"8,56812";"20,33643"
"5,72000";"8,58311";"20,47411"
"5,73000";"8,59810";"20,60062"
"5,74000";"8,61322";"20,72340"
"5,75000";"8,62821";"20,85964"
"5,76000";"8,64320";"20,99217"
"5,77000";"8,65808";"21,12524"
"5,78000";"8,67295";"21,24642"
"5,79000";"8,68806";"21,37005"
"5,80000";"8,70306";"21,49912"
"5,81000";"8,71805";"21,63746"
"5,82000";"8,73292";"21,77788"
"5,83000";"8,74803";"21,90996"
"5,84000";"8,76303";"22,04070"
"5,85000";"8,77790";"22,17324"
"5,86000";"8,79278";"22,30485"
"5,87000";"8,80789";"22,43499"
"5,88000";"8,82300";"22,57291"
"5,89000";"8,83799";"22,70968"
"5,90000";"8,85299";"22,84889"
"5,91000";"8,86798";"22,98738"
"5,92000";"8,88297";"23,13047"
"5,93000";"8,89785";"23,26680"
"5,94000";"8,91272";"23,39641"
"5,95000";"8,92783";"23,53477"
"5,96000";"8,94294";"23,67517"
"5,97000";"8,95794";"23,81664"
"5,98000";"8,97281";"23,96244"
"5,99000";"8,98780";"24,09475"
"6,00000";"9,00280";"24,23187"
"6,01000";"9,01779";"24,37022"
"6,02000";"9,03267";"24,50656"
"6,03000";"9,04778";"24,65102"
"6,04000";"9,06289";"24,79992"
"6,05000";"9,07800";"24,94406"
"6,06000";"9,09299";"25,08867"
"6,07000";"9,10810";"25,23758"
"6,08000";"9,12310";"25,38880"
"6,09000";"9,13809";"25,53543"
"6,10000";"9,15308";"25,68050"
"6,11000";"9,16808";"25,82750"
"6,12000";"9,18307";"25,97671"
"6,13000";"9,19818";"26,12289"
"6,14000";"9,21317";"26,26489"
"6,15000";"9,22817";"26,41694"
"6,16000";"9,24316";"26,57480"
"6,17000";"9,25815";"26,72440"
"6,18000";"9,27315";"26,87096"
"6,19000";"9,28802";"27,02795"
"6,20000";"9,30313";"27,18202"
"6,21000";"9,31813";"27,33159"
"6,22000";"9,33312";"27,48068"
"6,23000";"9,34811";"27,63054"
"6,24000";"9,36310";"27,79063"
"6,25000";"9,37810";"27,95379"
"6,26000";"9,39309";"28,11987"
"6,27000";"9,40808";"28,27599"
"6,28000";"9,42308";"28,43546"
"6,29000";"9,43819";"28,59571"
"6,30000";"9,45318";"28,76151"
"6,31000";"9,46817";"28,93354"
"6,32000";"9,48305";"29,09484"
"6,33000";"9,49804";"29,25508"
"6,34000";"9,51315";"29,41921"
"6,35000";"9,52803";"29,58186"
"6,36000";"9,54302";"29,74506"
"6,37000";"9,55813";"29,90061"
"6,38000";"9,57312";"30,06144"
"6,39000";"9,58812";"30,22626"
"6,40000";"9,60299";"30,39307"
"6,41000";"9,61799";"30,56480"
"6,42000";"9,63298";"30,73359"
"6,43000";"9,64797";"30,90444"
"6,44000";"9,66285";"31,07836"
"6,45000";"9,67784";"31,24822"
"6,46000";"9,69295";"31,42142"
"6,47000";"9,70806";"31,59424"
"6,48000";"9,72294";"31,76910"
"6,49000";"9,73805";"31,94661"
"6,50000";"9,75316";"32,11666"
"6,51000";"9,76815";"32,29076"
"6,52000";"9,78303";"32,46796"
"6,53000";"9,79802";"32,64949"
"6,54000";"9,81301";"32,82953"
"6,55000";"9,82801";"33,01020"
"6,56000";"9,84288";"33,19873"
"6,57000";"9,85787";"33,38079"
"6,58000";"9,87287";"33,55805"
"6,59000";"9,88798";"33,73906"
"6,60000";"9,90297";"33,92548"
"6,61000";"9,91796";"34,11203"
"6,62000";"9,93308";"34,30178"
"6,63000";"9,94807";"34,49795"
"6,64000";"9,96294";"34,68886"
"6,65000";"9,97782";"34,87257"
"6,66000";"9,99293";"35,06284"
"6,67000";"10,00804";"35,26143"
"6,68000";"10,02304";"35,46380"
"6,69000";"10,03803";"35,65804"
"6,70000";"10,05314";"35,85522"
"6,71000";"10,06813";"36,05945"
"6,72000";"10,08301";"36,26561"
"6,73000";"10,09800";"36,46793"
"6,74000";"10,11299";"36,66388"
"6,75000";"10,12799";"36,85762"
"6,76000";"10,14310";"37,05629"
"6,77000";"10,15809";"37,25929"
"6,78000";"10,17308";"37,46479"
"6,79000";"10,18820";"37,67535"
"6,80000";"10,20319";"37,89080"
"6,81000";"10,21818";"38,10280"
"6,82000";"10,23329";"38,30904"
"6,83000";"10,24828";"38,51202"
"6,84000";"10,26340";"38,71847"
"6,85000";"10,27827";"38,93120"
"6,86000";"10,29326";"39,14115"
"6,87000";"10,30814";"39,35316"
"6,88000";"10,32313";"39,56940"
"6,89000";"10,33813";"39,78813"
"6,90000";"10,35312";"40,00162"
"6,91000";"10,36823";"40,21594"
"6,92000";"10,38322";"40,42909"
"6,93000";"10,39822";"40,65549"
"6,94000";"10,41321";"40,88911"
"6,95000";"10,42808";"41,11948"
"6,96000";"10,44296";"41,34668"
"6,97000";"10,45807";"41,56849"
"6,98000";"10,47318";"41,78782"
"6,99000";"10,48817";"42,02005"
"7,00000";"10,50317";"42,25915"
"7,01000";"10,51828";"42,50254"
"7,02000";"10,53315";"42,73964"
"7,03000";"10,54803";"42,97229"
"7,04000";"10,56290";"43,20066"
"7,05000";"10,57801";"43,42777"
"7,06000";"10,59289";"43,65948"
"7,07000";"10,60788";"43,89660"
"7,08000";"10,62288";"44,14016"
"7,09000";"10,63787";"44,38319"
"7,10000";"10,65286";"44,62883"
"7,11000";"10,66785";"44,87466"
"7,12000";"10,68285";"45,12292"
"7,13000";"10,69784";"45,36519"
"7,14000";"10,71283";"45,60561"
"7,15000";"10,72783";"45,84356"
"7,16000";"10,74282";"46,08986"
"7,17000";"10,75781";"46,33944"
"7,18000";"10,77281";"46,58857"
"7,19000";"10,78780";"46,84999"
"7,20000";"10,80267";"47,11478"
"7,21000";"10,81779";"47,37499"
"7,22000";"10,83278";"47,63597"
"7,23000";"10,84789";"47,89631"
"7,24000";"10,86288";"48,15997"
"7,25000";"10,87788";"48,42341"
"7,26000";"10,89287";"48,68933"
"7,27000";"10,90786";"48,95988"
"7,28000";"10,92285";"49,22399"
"7,29000";"10,93785";"49,48310"
"7,30000";"10,95296";"49,74925"
"7,31000";"10,96807";"50,02231"
"7,32000";"10,98318";"50,30664"
"7,33000";"10,99817";"50,58860"
"7,34000";"11,01305";"50,86527"
"7,35000";"11,02804";"51,14006"
"7,36000";"11,04303";"51,41438"
"7,37000";"11,05803";"51,68477"
"7,38000";"11,07302";"51,96334"
"7,39000";"11,08801";"52,24480"
"7,40000";"11,10289";"52,52376"
"7,41000";"11,11788";"52,79548"
"7,42000";"11,13299";"53,07013"
"7,43000";"11,14787";"53,35038"
"7,44000";"11,16298";"53,63179"
"7,45000";"11,17809";"53,92205"
"7,46000";"11,19308";"54,22063"
"7,47000";"11,20820";"54,52190"
"7,48000";"11,22307";"54,82089"
"7,49000";"11,23806";"55,11809"
"7,50000";"11,25306";"55,41067"
"7,51000";"11,26805";"55,70180"
"7,52000";"11,28316";"55,99224"
"7,53000";"11,29815";"56,29655"
"7,54000";"11,31315";"56,60369"
"7,55000";"11,32802";"56,90264"
"7,56000";"11,34290";"57,20163"
"7,57000";"11,35789";"57,50108"
"7,58000";"11,37288";"57,79964"
"7,59000";"11,38788";"58,11149"
"7,60000";"11,40298";"58,42611"
"7,61000";"11,41798";"58,74799"
"7,62000";"11,43309";"59,07346"
"7,63000";"11,44808";"59,39725"
"7,64000";"11,46308";"59,71995"
"7,65000";"11,47807";"60,04211"
"7,66000";"11,49306";"60,35834"
"7,67000";"11,50806";"60,67059"
"7,68000";"11,52305";"60,98222"
"7,69000";"11,53816";"61,29764"
"7,70000";"11,55315";"61,61781"
"7,71000";"11,56815";"61,94569"
"7,72000";"11,58326";"62,26913"
"7,73000";"11,59825";"62,59447"
"7,74000";"11,61312";"62,91484"
"7,75000";"11,62812";"63,23069"
"7,76000";"11,64311";"63,54905"
"7,77000";"11,65810";"63,86635"
"7,78000";"11,67310";"64,18938"
"7,79000";"11,68797";"64,51281"
"7,80000";"11,70296";"64,84093"
"7,81000";"11,71796";"65,17036"
"7,82000";"11,73295";"65,49834"
"7,83000";"11,74794";"65,83049"
"7,84000";"11,76306";"66,16813"
"7,85000";"11,77805";"66,50926"
"7,86000";"11,79304";"66,84946"
"7,87000";"11,80792";"67,18390"
"7,88000";"11,82291";"67,51707"
"7,89000";"11,83790";"67,85043"
"7,90000";"11,85278";"68,18871"
"7,91000";"11,86777";"68,52647"
"7,92000";"11,88288";"68,85389"
"7,93000";"11,89799";"69,18475"
"7,94000";"11,91299";"69,52248"
"7,95000";"11,92798";"69,86757"
"7,96000";"11,94297";"70,21231"
"7,97000";"11,95797";"70,55421"
"7,98000";"11,97284";"70,88850"
"7,99000";"11,98783";"71,20231"
"8,00000";"12,00294";"71,51465"
"8,01000";"12,01794";"71,84468"
"8,02000";"12,03293";"72,17855"
"8,03000";"12,04792";"72,51145"
"8,04000";"12,06304";"72,83716"
"8,05000";"12,07803";"73,16463"
"8,06000";"12,09290";"73,48619"
"8,07000";"12,10790";"73,80663"
"8,08000";"12,12301";"74,13347"
"8,09000";"12,13800";"74,45852"
"8,10000";"12,15287";"74,77293"
"8,11000";"12,16787";"75,08842"
"8,12000";"12,18286";"75,40837"
"8,13000";"12,19774";"75,72656"
"8,14000";"12,21273";"76,04679"
"8,15000";"12,22772";"76,36491"
"8,16000";"12,24272";"76,68381"
"8,17000";"12,25795";"77,00740"
"8,18000";"12,27294";"77,34113"
"8,19000";"12,28793";"77,67847"
"8,20000";"12,30280";"78,00601"
"8,21000";"12,31768";"78,32164"
"8,22000";"12,33267";"78,61948"
"8,23000";"12,34767";"78,91871"
"8,24000";"12,36278";"79,22298"
"8,25000";"12,37789";"79,53919"
"8,26000";"12,39300";"79,86755"
"8,27000";"12,40799";"80,19316"
"8,28000";"12,42299";"80,50036"
"8,29000";"12,43798";"80,80077"
"8,30000";"12,45297";"81,09417"
"8,31000";"12,46797";"81,38263"
"8,32000";"12,48296";"81,67348"
"8,33000";"12,49795";"81,96493"
"8,34000";"12,51294";"82,26259"
"8,35000";"12,52805";"82,55666"
"8,36000";"12,54305";"82,84678"
"8,37000";"12,55792";"83,14161"
"8,38000";"12,57280";"83,42837"
"8,39000";"12,58779";"83,70998"
"8,40000";"12,60278";"83,99744"
"8,41000";"12,61790";"84,29368"
"8,42000";"12,63289";"84,59952"
"8,43000";"12,64776";"84,89380"
"8,44000";"12,66276";"85,17824"
"8,45000";"12,67775";"85,46674"
"8,46000";"12,69286";"85,75598"
"8,47000";"12,70797";"86,06120"
"8,48000";"12,72308";"86,38699"
"8,49000";"12,73819";"86,71012"
"8,50000";"12,75331";"87,02807"
"8,51000";"12,76830";"87,33630"
"8,52000";"12,78317";"87,63317"
"8,53000";"12,79805";"87,92265"
"8,54000";"12,81304";"88,19471"
"8,55000";"12,82804";"88,46450"
"8,56000";"12,84303";"88,74448"
"8,57000";"12,85802";"89,03389"
"8,58000";"12,87301";"89,31152"
"8,59000";"12,88801";"89,58035"
"8,60000";"12,90300";"89,83511"
"8,61000";"12,91787";"90,08025"
"8,62000";"12,93275";"90,30522"
"8,63000";"12,94786";"90,52767"
"8,64000";"12,96285";"90,75298"
"8,65000";"12,97785";"90,96939"
"8,66000";"12,99284";"91,16780"
"8,67000";"13,00795";"91,35483"
"8,68000";"13,02294";"91,52050"
"8,69000";"13,03794";"91,67324"
"8,70000";"13,05293";"91,81102"
"8,71000";"13,06804";"91,93915"
"8,72000";"13,08315";"92,07098"
"8,73000";"13,09814";"92,21641"
"8,74000";"13,11314";"92,36296"
"8,75000";"13,12813";"92,50092"
"8,76000";"13,14301";"92,62323"
"8,77000";"13,15776";"92,72930"
"8,78000";"13,17276";"92,82755"
"8,79000";"13,18787";"92,92535"
"8,80000";"13,20286";"93,03445"
"8,81000";"13,21797";"93,15977"
"8,82000";"13,23297";"93,29526"
"8,83000";"13,24796";"93,42773"
"8,84000";"13,26283";"93,54895"
"8,85000";"13,27771";"93,63980"
"8,86000";"13,29270";"93,70501"
"8,87000";"13,30781";"93,76337"
"8,88000";"13,32281";"93,83089"
"8,89000";"13,33792";"93,89106"
"8,90000";"13,35303";"93,94687"
"8,91000";"13,36802";"93,99185"
"8,92000";"13,38301";"94,01168"
"8,93000";"13,39789";"94,02023"
"8,94000";"13,41300";"94,01960"
"8,95000";"13,42799";"94,01656"
"8,96000";"13,44299";"94,01860"
"8,97000";"13,45786";"94,01723"
"8,98000";"13,47297";"93,99898"
"8,99000";"13,48808";"93,96710"
"9,00000";"13,50308";"93,94657"
"9,01000";"13,51807";"93,91490"
"9,02000";"13,53306";"93,86507"
"9,03000";"13,54806";"93,79189"
"9,04000";"13,56305";"93,69939"
"9,05000";"13,57816";"93,59882"
"9,06000";"13,59315";"93,48941"
"9,07000";"13,60803";"93,35663"
"9,08000";"13,62290";"93,20203"
"9,09000";"13,63790";"93,02608"
"9,10000";"13,65289";"92,85000"
"9,11000";"13,66800";"92,67682"
"9,12000";"13,68299";"92,51646"
"9,13000";"13,69810";"92,36948"
"9,14000";"13,71310";"92,22478"
"9,15000";"13,72797";"92,07043"
"9,16000";"13,74296";"91,91496"
"9,17000";"13,75796";"91,76247"
"9,18000";"13,77295";"91,61584"
"9,19000";"13,78806";"91,47025"
"9,20000";"13,80306";"91,32777"
"9,21000";"13,81817";"91,19347"
"9,22000";"13,83328";"91,05922"
"9,23000";"13,84827";"90,92132"
"9,24000";"13,86326";"90,76490"
"9,25000";"13,87826";"90,58411"
"9,26000";"13,89325";"90,39478"
"9,27000";"13,90813";"90,20638"
"9,28000";"13,92312";"90,01100"
"9,29000";"13,93811";"89,80631"
"9,30000";"13,95322";"89,58757"
"9,31000";"13,96821";"89,36033"
"9,32000";"13,98309";"89,12167"
"9,33000";"13,99808";"88,86105"
"9,34000";"14,01319";"88,59482"
"9,35000";"14,02819";"88,32083"
"9,36000";"14,04306";"88,01524"
"9,37000";"14,05805";"87,67338"
"9,38000";"14,07293";"87,30077"
"9,39000";"14,08781";"86,90429"
"9,40000";"14,10280";"86,49976"
"9,41000";"14,11779";"86,10560"
"9,42000";"14,13267";"85,71713"
"9,43000";"14,14778";"85,32996"
"9,44000";"14,16289";"84,94765"
"9,45000";"14,17788";"84,59386"
"9,46000";"14,19299";"84,26348"
"9,47000";"14,20799";"83,96289"
"9,48000";"14,22286";"83,69321"
"9,49000";"14,23797";"83,43351"
"9,50000";"14,25308";"83,19087"
"9,51000";"14,26808";"82,95959"
"9,52000";"14,28319";"82,71839"
"9,53000";"14,29818";"82,47777"
"9,54000";"14,31329";"82,24794"
"9,55000";"14,32817";"82,02216"
"9,56000";"14,34304";"81,77332"
"9,57000";"14,35803";"81,49662"
"9,58000";"14,37303";"81,21664"
"9,59000";"14,38802";"80,94259"
"9,60000";"14,40301";"80,67986"
"9,61000";"14,41801";"80,41573"
"9,62000";"14,43312";"80,17523"
"9,63000";"14,44811";"79,98380"
"9,64000";"14,46310";"79,82167"
"9,65000";"14,47810";"79,67344"
"9,66000";"14,49321";"79,54796"
"9,67000";"14,50820";"79,44202"
"9,68000";"14,52319";"79,34182"
"9,69000";"14,53819";"79,26046"
"9,70000";"14,55318";"79,21164"
"9,71000";"14,56806";"79,18443"
"9,72000";"14,58293";"79,16927"
"9,73000";"14,59804";"79,15445"
"9,74000";"14,61315";"79,15977"
"9,75000";"14,62815";"79,20355"
"9,76000";"14,64326";"79,28215"
"9,77000";"14,65825";"79,37385"
"9,78000";"14,67313";"79,47199"
"9,79000";"14,68812";"79,58154"
"9,80000";"14,70299";"79,69823"
"9,81000";"14,71810";"79,81535"
"9,82000";"14,73310";"79,94245"
"9,83000";"14,74821";"80,09005"
"9,84000";"14,76332";"80,23976"
"9,85000";"14,77831";"80,37462"
"9,86000";"14,79319";"80,48558"
"9,87000";"14,80818";"80,58510"
"9,88000";"14,82317";"80,68140"
"9,89000";"14,83817";"80,78730"
"9,90000";"14,85304";"80,91046"
"9,91000";"14,86792";"81,04826"
"9,92000";"14,88279";"81,19490"
"9,93000";"14,89790";"81,35080"
"9,94000";"14,91290";"81,52920"
"9,95000";"14,92789";"81,73545"
"9,96000";"14,94288";"81,95300"
"9,97000";"14,95799";"82,19089"
"9,98000";"14,97310";"82,44646"
"9,99000";"14,98810";"82,70554"
"10,00000";"15,00309";"82,96668"
"10,01000";"15,01808";"83,21613"
"10,02000";"15,03296";"83,44401"
"10,03000";"15,04795";"83,66200"
"10,04000";"15,06295";"83,88938"
"10,05000";"15,07806";"84,12566"
"10,06000";"15,09317";"84,37745"
"10,07000";"15,10828";"84,64789"
"10,08000";"15,12327";"84,92643"
"10,09000";"15,13826";"85,19338"
"10,10000";"15,15314";"85,43225"
"10,11000";"15,16790";"85,63277"
"10,12000";"15,18289";"85,81567"
"10,13000";"15,19788";"86,00623"
"10,14000";"15,21287";"86,20499"
"10,15000";"15,22787";"86,41457"
"10,16000";"15,24286";"86,63221"
"10,17000";"15,25785";"86,85039"
"10,18000";"15,27273";"87,04324"
"10,19000";"15,28772";"87,20086"
"10,20000";"15,30283";"87,35534"
"10,21000";"15,31783";"87,51611"
"10,22000";"15,33294";"87,67810"
"10,23000";"15,34793";"87,82327"
"10,24000";"15,36292";"87,94468"
"10,25000";"15,37803";"88,05959"
"10,26000";"15,39291";"88,17874"
"10,27000";"15,40790";"88,28703"
"10,28000";"15,42290";"88,39677"
"10,29000";"15,43789";"88,52277"
"10,30000";"15,45288";"88,64930"
"10,31000";"15,46787";"88,77061"
"10,32000";"15,48287";"88,89769"
"10,33000";"15,49786";"89,02441"
"10,34000";"15,51274";"89,15378"
"10,35000";"15,52785";"89,27074"
"10,36000";"15,54296";"89,38866"
"10,37000";"15,55807";"89,53234"
"10,38000";"15,57318";"89,69568"
"10,39000";"15,58829";"89,86861"
"10,40000";"15,60317";"90,03268"
"10,41000";"15,61816";"90,17556"
"10,42000";"15,63315";"90,30811"
"10,43000";"15,64815";"90,43934"
"10,44000";"15,66302";"90,57490"
"10,45000";"15,67813";"90,71165"
"10,46000";"15,69312";"90,86014"
"10,47000";"15,70824";"91,01572"
"10,48000";"15,72311";"91,16636"
"10,49000";"15,73811";"91,29608"
"10,50000";"15,75286";"91,41378"
"10,51000";"15,76797";"91,52224"
"10,52000";"15,78285";"91,63245"
"10,53000";"15,79784";"91,75883"
"10,54000";"15,81283";"91,90143"
"10,55000";"15,82783";"92,05257"
"10,56000";"15,84270";"92,20135"
"10,57000";"15,85769";"92,36836"
"10,58000";"15,87269";"92,56767"
"10,59000";"15,88768";"92,77989"
"10,60000";"15,90279";"92,99610"
"10,61000";"15,91790";"93,22543"
"10,62000";"15,93301";"93,47423"
"10,63000";"15,94801";"93,73055"
"10,64000";"15,96312";"93,98392"
"10,65000";"15,97823";"94,25707"
"10,66000";"15,99322";"94,55935"
"10,67000";"16,00834";"94,88204"
"10,68000";"16,02321";"95,20929"
"10,69000";"16,03820";"95,51546"
"10,70000";"16,05319";"95,82986"
"10,71000";"16,06819";"96,15334"
"10,72000";"16,08306";"96,49078"
"10,73000";"16,09806";"96,83674"
"10,74000";"16,11293";"97,18769"
"10,75000";"16,12792";"97,55712"
"10,76000";"16,14292";"97,95986"
"10,77000";"16,15803";"98,37827"
"10,78000";"16,17302";"98,82655"
"10,79000";"16,18801";"99,29826"
"10,80000";"16,20300";"99,78178"
"10,81000";"16,21800";"100,23664"
"10,82000";"16,23299";"100,66985"
"10,83000";"16,24799";"101,09084"
"10,84000";"16,26286";"101,50816"
"10,85000";"16,27785";"101,90272"
"10,86000";"16,29273";"102,27473"
"10,87000";"16,30772";"102,63585"
"10,88000";"16,32283";"103,00901"
"10,89000";"16,33794";"103,42269"
"10,90000";"16,35306";"103,86428"
"10,91000";"16,36805";"104,33952"
"10,92000";"16,38316";"104,84244"
"10,93000";"16,39815";"105,33227"
"10,94000";"16,41315";"105,75957"
"10,95000";"16,42814";"106,16939"
"10,96000";"16,44301";"106,57659"
"10,97000";"16,45789";"107,00105"
"10,98000";"16,47288";"107,42846"
"10,99000";"16,48799";"107,88383"
"11,00000";"16,50299";"108,38387"
"11,01000";"16,51810";"108,91131"
"11,02000";"16,53309";"109,44184"
"11,03000";"16,54808";"109,97775"
"11,04000";"16,56296";"110,50701"
"11,05000";"16,57784";"111,02667"
"11,06000";"16,59283";"111,55605"
"11,07000";"16,60794";"112,14162"
"11,08000";"16,62293";"112,79140"
"11,09000";"16,63804";"113,46118"
"11,10000";"16,65303";"114,11835"
"11,11000";"16,66803";"114,76978"
"11,12000";"16,68302";"115,41295"
"11,13000";"16,69790";"116,02913"
"11,14000";"16,71289";"116,61021"
"11,15000";"16,72788";"117,22562"
"11,16000";"16,74276";"117,89035"
"11,17000";"16,75775";"118,56628"
"11,18000";"16,77274";"119,27038"
"11,19000";"16,78773";"119,99763"
"11,20000";"16,80285";"120,75829"
"11,21000";"16,81796";"121,51858"
"11,22000";"16,83307";"122,24376"
"11,23000";"16,84806";"122,94656"
"11,24000";"16,86317";"123,66488"
"11,25000";"16,87817";"124,38376"
"11,26000";"16,89316";"125,09924"
"11,27000";"16,90804";"125,80846"
"11,28000";"16,92303";"126,52487"
"11,29000";"16,93790";"127,26488"
"11,30000";"16,95301";"128,06261"
"11,31000";"16,96812";"128,92842"
"11,32000";"16,98312";"129,85881"
"11,33000";"16,99811";"130,80283"
"11,34000";"17,01311";"131,71451"
"11,35000";"17,02810";"132,59084"
"11,36000";"17,04285";"133,46855"
"11,37000";"17,05785";"134,32788"
"11,38000";"17,07284";"135,18015"
"11,39000";"17,08783";"136,06635"
"11,40000";"17,10295";"136,98613"
"11,41000";"17,11782";"137,92694"
"11,42000";"17,13293";"138,86278"
"11,43000";"17,14781";"139,80743"
"11,44000";"17,16280";"140,76965"
"11,45000";"17,17768";"141,75479"
"11,46000";"17,19267";"142,76970"
"11,47000";"17,20766";"143,87733"
"11,48000";"17,22265";"145,04861"
"11,49000";"17,23776";"146,27144"
"11,50000";"17,25288";"147,50401"
"11,51000";"17,26799";"148,73402"
"11,52000";"17,28298";"149,95337"
"11,53000";"17,29786";"151,12883"
"11,54000";"17,31285";"152,27383"
"11,55000";"17,32796";"153,44655"
"11,56000";"17,34295";"154,65364"
"11,57000";"17,35783";"155,88487"
"11,58000";"17,37282";"157,11864"
"11,59000";"17,38781";"158,38403"
"11,60000";"17,40281";"159,68903"
"11,61000";"17,41792";"161,04971"
"11,62000";"17,43303";"162,44368"
"11,63000";"17,44814";"163,85501"
"11,64000";"17,46325";"165,27051"
"11,65000";"17,47812";"166,71021"
"11,66000";"17,49312";"168,14389"
"11,67000";"17,50799";"169,55037"
"11,68000";"17,52287";"170,92691"
"11,69000";"17,53786";"172,32642"
"11,70000";"17,55262";"173,77492"
"11,71000";"17,56749";"175,19392"
"11,72000";"17,58249";"176,62393"
"11,73000";"17,59748";"178,05226"
"11,74000";"17,61247";"179,44229"
"11,75000";"17,62747";"180,80540"
"11,76000";"17,64246";"182,22145"
"11,77000";"17,65757";"183,69466"
"11,78000";"17,67256";"185,28725"
"11,79000";"17,68768";"187,02049"
"11,80000";"17,70302";"188,91446"
"11,81000";"17,71813";"190,91483"
"11,82000";"17,73324";"192,93970"
"11,83000";"17,74824";"194,93382"
"11,84000";"17,76335";"196,89996"
"11,85000";"17,77834";"198,87225"
"11,86000";"17,79333";"200,90179"
"11,87000";"17,80844";"202,95715"
"11,88000";"17,82332";"205,05885"
"11,89000";"17,83831";"207,19890"
"11,90000";"17,85319";"209,42502"
"11,91000";"17,86806";"211,75586"
"11,92000";"17,88294";"214,16325"
"11,93000";"17,89805";"216,65034"
"11,94000";"17,91304";"219,23695"
"11,95000";"17,92804";"221,90666"
"11,96000";"17,94291";"224,61688"
"11,97000";"17,95790";"227,30627"
"11,98000";"17,97278";"229,99443"
"11,99000";"17,98765";"232,73805"
"12,00000";"18,00241";"235,46323"
"12,01000";"18,01752";"238,19504"
"12,02000";"18,03251";"241,08829"
"12,03000";"18,04762";"244,14714"
"12,04000";"18,06262";"247,30977"
"12,05000";"18,07773";"250,54471"
"12,06000";"18,09272";"253,82712"
"12,07000";"18,10760";"257,13663"
"12,08000";"18,12283";"260,50317"
"12,09000";"18,13794";"264,01736"
"12,10000";"18,15305";"267,64380"
"12,11000";"18,16804";"271,34543"
"12,12000";"18,18315";"275,11130"
"12,13000";"18,19814";"278,88007"
"12,14000";"18,21326";"282,65271"
"12,15000";"18,22813";"286,49393"
"12,16000";"18,24301";"290,30588"
"12,17000";"18,25812";"294,19342"
"12,18000";"18,27311";"298,28152"
"12,19000";"18,28810";"302,52203"
"12,20000";"18,30310";"306,94373"
"12,21000";"18,31797";"311,46005"
"12,22000";"18,33285";"316,02618"
"12,23000";"18,34772";"320,62854"
"12,24000";"18,36260";"325,33997"
"12,25000";"18,37759";"330,15561"
"12,26000";"18,39258";"335,08438"
"12,27000";"18,40758";"340,10748"
"12,28000";"18,42257";"345,26599"
"12,29000";"18,43744";"350,46945"
"12,30000";"18,45232";"355,68491"
"12,31000";"18,46731";"360,90338"
"12,32000";"18,48242";"366,24622"
"12,33000";"18,49754";"371,87677"
"12,33200";"18,50048";"373,02325"
"12,33400";"18,50356";"374,16916"
"12,34400";"18,51654";"379,83179"
"12,35400";"18,52410";"383,78198"
"12,36400";"18,52670";"381,82971"
"12,37200";"18,52670";"374,02780"
"12,38200";"18,52516";"356,79352"
"12,39200";"18,51914";"333,95181"
"12,40200";"18,50651";"301,99783"
"12,41200";"18,48892";"252,07462"
"12,42200";"18,46861";"183,72786"
"12,43200";"18,44701";"109,16837"
"12,44200";"18,42540";"42,22561"
"12,45200";"18,40439";"-7,61256"
"12,46200";"18,38420";"-36,77321"
"12,47200";"18,36472";"-48,23330"
"12,48200";"18,34607";"-47,53276"
"12,49200";"18,32801";"-39,45665"
"12,50200";"18,31042";"-28,40108"
"12,51200";"18,29365";"-18,13511"
"12,52200";"18,27724";"-10,73633"
"12,53200";"18,26119";"-6,51156"
"12,54200";"18,24537";"-4,74270"
"12,55200";"18,22978";"-4,43903"
"12,56200";"18,21444";"-4,76589"
"12,57200";"18,19921";"-5,22472"
"12,58200";"18,18422";"-5,59313"
"12,59200";"18,16911";"-5,80868"
"12,60200";"18,15376";"-5,92308"
"12,61200";"18,13829";"-6,01071"
"12,62200";"18,12271";"-6,08825"
"12,63200";"18,10724";"-6,13747"
"12,64200";"18,09201";"-6,14827"
"12,65200";"18,07702";"-6,13268"
"12,66200";"18,06203";"-6,09875"
"12,67200";"18,04704";"-6,02902"
"12,68200";"18,03204";"-5,93772"
"12,69200";"18,01693";"-5,84932"
"12,70200";"18,00194";"-5,76521"
"12,71200";"17,98683";"-5,66474"
"12,72200";"17,97183";"-5,55568"
"12,73200";"17,95684";"-5,45195"
"12,74200";"17,94185";"-5,34332"
"12,75200";"17,92686";"-5,22307"
"12,76200";"17,91198";"-5,10019"
"12,77200";"17,89710";"-4,99036"
"12,78200";"17,88211";"-4,90251"
"12,79200";"17,86700";"-4,82111"
"12,80200";"17,85189";"-4,72600"
"12,81200";"17,83690";"-4,61956"
"12,82200";"17,82190";"-4,52240"
"12,83200";"17,80691";"-4,42448"
"12,84200";"17,79203";"-4,31578"
"12,85200";"17,77728";"-4,21119"
"12,86200";"17,76229";"-4,10612"
"12,87200";"17,74729";"-3,98825"
"12,88200";"17,73206";"-3,87147"
"12,89200";"17,71707";"-3,76177"
"12,90200";"17,70208";"-3,65504"
"12,91200";"17,68696";"-3,53379"
"12,92200";"17,67186";"-3,41127"
"12,93200";"17,65674";"-3,29498"
"12,94200";"17,64175";"-3,17806"
"12,95200";"17,62675";"-3,06370"
"12,96200";"17,61165";"-2,95873"
"12,97200";"17,59677";"-2,85594"
"12,98200";"17,58201";"-2,75847"
"12,99200";"17,56714";"-2,66590"
"13,00200";"17,55202";"-2,57703"
"13,01200";"17,53703";"-2,49739"
"13,02200";"17,52204";"-2,42591"
"13,03200";"17,50705";"-2,35116"
"13,04200";"17,49206";"-2,27420"
"13,05200";"17,47706";"-2,19563"
"13,06200";"17,46231";"-2,12497"
"13,07200";"17,44731";"-2,05422"
"13,08200";"17,43232";"-1,98659"
"13,09200";"17,41721";"-1,92362"
"13,10200";"17,40221";"-1,85977"
"13,11200";"17,38711";"-1,80306"
"13,12200";"17,37188";"-1,75799"
"13,13200";"17,35688";"-1,70866"
"13,14200";"17,34189";"-1,65703"
"13,15200";"17,32701";"-1,60665"
"13,16200";"17,31190";"-1,55805"
"13,17200";"17,29703";"-1,51663"
"13,18200";"17,28204";"-1,48514"
"13,19200";"17,26704";"-1,44868"
"13,20200";"17,25193";"-1,41331"
"13,21200";"17,23694";"-1,38170"
"13,22200";"17,22194";"-1,34843"
"13,23200";"17,20707";"-1,31714"
"13,24200";"17,19208";"-1,27406"
"13,25200";"17,17708";"-1,23086"
"13,26200";"17,16197";"-1,19719"
"13,27200";"17,14698";"-1,17062"
"13,28200";"17,13199";"-1,14484"
"13,29200";"17,11687";"-1,12348"
"13,30200";"17,10200";"-1,09739"
"13,31200";"17,08713";"-1,06732"
"13,32200";"17,07201";"-1,03666"
"13,33200";"17,05702";"-1,01416"
"13,34200";"17,04203";"-0,99990"
"13,35200";"17,02703";"-0,98613"
"13,36200";"17,01192";"-0,96698"
"13,37200";"16,99693";"-0,94640"
"13,38200";"16,98206";"-0,92785"
"13,39200";"16,96706";"-0,91198"
"13,40200";"16,95207";"-0,89502"
"13,41200";"16,93696";"-0,87865"
"13,42200";"16,92196";"-0,86767"
"13,43200";"16,90697";"-0,86095"
"13,44200";"16,89186";"-0,84929"
"13,45200";"16,87687";"-0,83688"
"13,46200";"16,86188";"-0,82502"
"13,47200";"16,84688";"-0,81561"
"13,48200";"16,83201";"-0,80624"
"13,49200";"16,81701";"-0,80034"
"13,50200";"16,80190";"-0,79726"
"13,51200";"16,78691";"-0,80513"
"13,52200";"16,77204";"-0,80612"
"13,53200";"16,75704";"-0,79965"
"13,54200";"16,74205";"-0,78658"
"13,55200";"16,72706";"-0,76520"
"13,56200";"16,71206";"-0,74764"
"13,57200";"16,69707";"-0,73407"
"13,58200";"16,68196";"-0,72050"
"13,59200";"16,66685";"-0,72348"
"13,60200";"16,65197";"-0,73499"
"13,61200";"16,63710";"-0,73689"
"13,62200";"16,62211";"-0,73366"
"13,63200";"16,60699";"-0,72376"
"13,64200";"16,59188";"-0,71284"
"13,65200";"16,57689";"-0,69893"
"13,66200";"16,56178";"-0,68420"
"13,67200";"16,54667";"-0,67257"
"13,68200";"16,53179";"-0,66482"
"13,69200";"16,51692";"-0,65404"
"13,70200";"16,50204";"-0,64534"
"13,71200";"16,48705";"-0,63714"
"13,72200";"16,47217";"-0,63307"
"13,73200";"16,45718";"-0,62897"
"13,74200";"16,44207";"-0,61393"
"13,75200";"16,42684";"-0,60849"
"13,76200";"16,41185";"-0,60958"
"13,77200";"16,39697";"-0,61643"
"13,78200";"16,38210";"-0,61428"
"13,79200";"16,36710";"-0,60965"
"13,80200";"16,35211";"-0,60255"
"13,81200";"16,33724";"-0,58163"
"13,82200";"16,32224";"-0,56292"
"13,83200";"16,30713";"-0,54372"
"13,84200";"16,29214";"-0,53416"
"13,85200";"16,27727";"-0,53461"
"13,86200";"16,26227";"-0,53212"
"13,87200";"16,24716";"-0,53249"
"13,88200";"16,23205";"-0,53447"
"13,89200";"16,21717";"-0,53173"
"13,90200";"16,20218";"-0,52617"
"13,91200";"16,18707";"-0,51963"
"13,92200";"16,17208";"-0,51717"
"13,93200";"16,15720";"-0,51311"
"13,94200";"16,14221";"-0,50550"
"13,95200";"16,12710";"-0,50072"
"13,96200";"16,11187";"-0,49262"
"13,97200";"16,09687";"-0,48960"
"13,98200";"16,08177";"-0,48924"
"13,99200";"16,06665";"-0,49015"
"14,00200";"16,05166";"-0,48821"
"14,01200";"16,03679";"-0,48834"
"14,02200";"16,02203";"-0,48857"
"14,03200";"16,00704";"-0,48976"
"14,04200";"15,99192";"-0,49352"
"14,05200";"15,97693";"-0,48980"
"14,06200";"15,96206";"-0,48947"
"14,07200";"15,94706";"-0,48834"
"14,08200";"15,93207";"-0,47854"
"14,09200";"15,91708";"-0,47196"
"14,10200";"15,90220";"-0,46234"
"14,11200";"15,88721";"-0,45260"
"14,12200";"15,87222";"-0,44651"
"14,13200";"15,85710";"-0,44222"
"14,14200";"15,84211";"-0,43886"
"14,15200";"15,82712";"-0,43729"
"14,16200";"15,81213";"-0,42947"
"14,17200";"15,79713";"-0,42178"
"14,18200";"15,78226";"-0,41869"
"14,19200";"15,76727";"-0,41482"
"14,20200";"15,75215";"-0,41465"
"14,21200";"15,73704";"-0,41820"
"14,22200";"15,72205";"-0,41760"
"14,23200";"15,70706";"-0,41683"
"14,24200";"15,69218";"-0,41714"
"14,25200";"15,67707";"-0,41215"
"14,26200";"15,66220";"-0,41312"
"14,27200";"15,64720";"-0,41118"
"14,28200";"15,63209";"-0,40867"
"14,29200";"15,61698";"-0,41213"
"14,30200";"15,60187";"-0,41328"
"14,31200";"15,58687";"-0,41249"
"14,32200";"15,57176";"-0,40916"
"14,33200";"15,55677";"-0,40744"
"14,34200";"15,54190";"-0,40725"
"14,35200";"15,52690";"-0,41011"
"14,36200";"15,51203";"-0,41046"
"14,37200";"15,49680";"-0,40499"
"14,38200";"15,48169";"-0,40488"
"14,39200";"15,46681";"-0,40539"
"14,40200";"15,45205";"-0,40064"
"14,41200";"15,43694";"-0,40063"
"14,42200";"15,42207";"-0,39419"
"14,43200";"15,40707";"-0,38574"
"14,44200";"15,39220";"-0,37997"
"14,45200";"15,37709";"-0,37339"
"14,46200";"15,36198";"-0,36178"
"14,47200";"15,34699";"-0,35901"
"14,48200";"15,33211";"-0,34708"
"14,49200";"15,31712";"-0,33544"
"14,50200";"15,30201";"-0,32257"
"14,51200";"15,28701";"-0,31460"
"14,52200";"15,27214";"-0,30415"
"14,53200";"15,25715";"-0,29580"
"14,54200";"15,24203";"-0,29008"
"14,55200";"15,22692";"-0,29337"
"14,56200";"15,21205";"-0,29213"
"14,57200";"15,19717";"-0,28165"
"14,58200";"15,18206";"-0,28365"
"14,59200";"15,16695";"-0,29059"
"14,60200";"15,15219";"-0,28915"
"14,61200";"15,13720";"-0,28341"
"14,62200";"15,12209";"-0,28248"
"14,63200";"15,10698";"-0,28000"
"14,64200";"15,09210";"-0,28523"
"14,65200";"15,07723";"-0,28866"
"14,66200";"15,06235";"-0,28744"
"14,67200";"15,04724";"-0,29066"
"14,68200";"15,03213";"-0,29367"
"14,69200";"15,01702";"-0,29369"
"14,70200";"15,00203";"-0,27992"
"14,71200";"14,98692";"-0,26670"
"14,72200";"14,97204";"-0,26325"
"14,73200";"14,95728";"-0,26513"
"14,74200";"14,94229";"-0,26033"
"14,75200";"14,92718";"-0,25395"
"14,76200";"14,91219";"-0,25174"
"14,77200";"14,89719";"-0,25027"
"14,78200";"14,88220";"-0,25518"
"14,79200";"14,86709";"-0,25891"
"14,80200";"14,85210";"-0,26380"
"14,81200";"14,83722";"-0,26899"
"14,82200";"14,82223";"-0,26177"
"14,83200";"14,80712";"-0,25613"
"14,84200";"14,79201";"-0,24805"
"14,85200";"14,77713";"-0,24762"
"14,86200";"14,76214";"-0,24942"
"14,87200";"14,74714";"-0,23916"
"14,88200";"14,73215";"-0,22734"
"14,89200";"14,71728";"-0,21635"
"14,90200";"14,70228";"-0,21397"
"14,91200";"14,68706";"-0,21880"
"14,92200";"14,67194";"-0,21808"
"14,93200";"14,65695";"-0,22570"
"14,94200";"14,64208";"-0,23341"
"14,95200";"14,62708";"-0,23452"
"14,96200";"14,61197";"-0,23977"
"14,97200";"14,59698";"-0,24084"
"14,98200";"14,58199";"-0,23404"
"14,99200";"14,56687";"-0,22823"
"15,00200";"14,55165";"-0,22448"
"15,01200";"14,53677";"-0,21593"
"15,02200";"14,52190";"-0,21547"
"15,03200";"14,50690";"-0,20874"
"15,04200";"14,49179";"-0,19691"
"15,05200";"14,47680";"-0,19751"
"15,06200";"14,46192";"-0,20632"
"15,07200";"14,44693";"-0,20010"
"15,08200";"14,43182";"-0,18784"
"15,09200";"14,41671";"-0,17622"
"15,10200";"14,40183";"-0,16363"
"15,11200";"14,38696";"-0,16199"
"15,12200";"14,37185";"-0,16190"
"15,13200";"14,35674";"-0,16117"
"15,14200";"14,34186";"-0,16608"
"15,15200";"14,32675";"-0,16384"
"15,16200";"14,31152";"-0,16398"
"15,17200";"14,29653";"-0,16510"
"15,18200";"14,28189";"-0,16248"
"15,19200";"14,26701";"-0,15646"
"15,20200";"14,25190";"-0,15727"
"15,21200";"14,23679";"-0,16577"
"15,22200";"14,22180";"-0,16514"
"15,23200";"14,20681";"-0,16249"
"15,24200";"14,19181";"-0,15972"
"15,25200";"14,17670";"-0,15849"
"15,26200";"14,16194";"-0,15622"
"15,27200";"14,14707";"-0,15628"
"15,28200";"14,13208";"-0,15702"
"15,29200";"14,11697";"-0,15771"
"15,30200";"14,10197";"-0,16186"
"15,31200";"14,08710";"-0,16543"
"15,32200";"14,07199";"-0,15922"
"15,33200";"14,05688";"-0,15250"
"15,34200";"14,04200";"-0,15621"
"15,35200";"14,02713";"-0,15388"
"15,36200";"14,01225";"-0,14593"
"15,37200";"13,99714";"-0,14238"
"15,38200";"13,98226";"-0,14348"
"15,39200";"13,96739";"-0,14302"
"15,40200";"13,95228";"-0,14781"
"15,41200";"13,93717";"-0,14910"
"15,42200";"13,92229";"-0,14810"
"15,43200";"13,90742";"-0,15350"
"15,44200";"13,89242";"-0,14919"
"15,45200";"13,87719";"-0,14099"
"15,46200";"13,86208";"-0,13694"
"15,47200";"13,84721";"-0,13711"
"15,48200";"13,83222";"-0,14161"
"15,49200";"13,81710";"-0,13569"
"15,50200";"13,80211";"-0,13478"
"15,51200";"13,78712";"-0,14527"
"15,52200";"13,77212";"-0,14573"
"15,53200";"13,75701";"-0,14785"
"15,54200";"13,74179";"-0,14782"
"15,55200";"13,72679";"-0,14094"
"15,56200";"13,71192";"-0,13323"
"15,57200";"13,69681";"-0,13444"
"15,58200";"13,68181";"-0,13500"
"15,59200";"13,66694";"-0,14115"
"15,60200";"13,65218";"-0,13985"
"15,61200";"13,63707";"-0,13580"
"15,62200";"13,62196";"-0,13165"
"15,63200";"13,60685";"-0,12718"
"15,64200";"13,59197";"-0,12123"
"15,65200";"13,57698";"-0,11395"
"15,66200";"13,56199";"-0,11517"
"15,67200";"13,54688";"-0,12798"
"15,68200";"13,53200";"-0,13833"
"15,69200";"13,51701";"-0,13982"
"15,70200";"13,50190";"-0,14183"
"15,71200";"13,48678";"-0,13868"
"15,72200";"13,47191";"-0,13398"
"15,73200";"13,45692";"-0,13260"
"15,74200";"13,44192";"-0,12668"
"15,75200";"13,42693";"-0,12698"
"15,76200";"13,41206";"-0,11940"
"15,77200";"13,39706";"-0,11963"
"15,78200";"13,38195";"-0,11144"
"15,79200";"13,36672";"-0,10015"
"15,80200";"13,35185";"-0,09474"
"15,81200";"13,33709";"-0,09192"
"15,82200";"13,32210";"-0,09180"
"15,83200";"13,30710";"-0,09302"
"15,84200";"13,29211";"-0,09253"
"15,85200";"13,27712";"-0,09211"
"15,86200";"13,26201";"-0,09589"
"15,87200";"13,24678";"-0,10388"
"15,88200";"13,23178";"-0,10706"
"15,89200";"13,21691";"-0,09969"
"15,90200";"13,20203";"-0,09008"
"15,91200";"13,18692";"-0,08871"
"15,92200";"13,17193";"-0,09358"
"15,93200";"13,15694";"-0,10009"
"15,94200";"13,14194";"-0,09613"
"15,95200";"13,12671";"-0,09526"
"15,96200";"13,11172";"-0,10413"
"15,97200";"13,09697";"-0,11302"
"15,98200";"13,08209";"-0,11803"
"15,99200";"13,06710";"-0,11485"
"16,00200";"13,05199";"-0,10878"
"16,01200";"13,03699";"-0,10817"
"16,02200";"13,02200";"-0,11115"
"16,03200";"13,00689";"-0,11018"
"16,04200";"12,99189";"-0,10915"
"16,05200";"12,97702";"-0,10392"
"16,06200";"12,96226";"-0,10165"
"16,07200";"12,94727";"-0,09860"
"16,08200";"12,93216";"-0,10070"
"16,09200";"12,91705";"-0,09698"
"16,10200";"12,90205";"-0,10201"
"16,11200";"12,88694";"-0,10618"
"16,12200";"12,87183";"-0,10639"
"16,13200";"12,85696";"-0,10703"
"16,14200";"12,84208";"-0,10361"
"16,15200";"12,82709";"-0,09902"
"16,16200";"12,81198";"-0,10033"
"16,17200";"12,79699";"-0,10293"
"16,18200";"12,78199";"-0,10074"
"16,19200";"12,76700";"-0,09774"
"16,20200";"12,75189";"-0,10072"
"16,21200";"12,73690";"-0,10095"
"16,22200";"12,72214";"-0,09854"
"16,23200";"12,70715";"-0,10708"
"16,24200";"12,69192";"-0,10795"
"16,25200";"12,67681";"-0,10488"
"16,26200";"12,66181";"-0,10940"
"16,27200";"12,64682";"-0,10591"
"16,28200";"12,63183";"-0,10184"
"16,29200";"12,61683";"-0,10030"
"16,30200";"12,60184";"-0,09778"
"16,31200";"12,58697";"-0,10476"
"16,32200";"12,57197";"-0,11199"
"16,33200";"12,55686";"-0,12215"
"16,34200";"12,54187";"-0,12217"
"16,35200";"12,52688";"-0,11530"
"16,36200";"12,51188";"-0,10137"
"16,37200";"12,49677";"-0,09011"
"16,38200";"12,48190";"-0,08660"
"16,39200";"12,46690";"-0,08971"
"16,40200";"12,45191";"-0,09459"
"16,41200";"12,43680";"-0,10515"
"16,42200";"12,42180";"-0,10783"
"16,43200";"12,40693";"-0,10028"
"16,44200";"12,39206";"-0,10048"
"16,45200";"12,37706";"-0,09933"
"16,46200";"12,36207";"-0,10075"
"16,47200";"12,34708";"-0,10380"
"16,48200";"12,33208";"-0,10471"
"16,49200";"12,31697";"-0,10485"
"16,50200";"12,30186";"-0,10451"
"16,51200";"12,28687";"-0,10427"
"16,52200";"12,27188";"-0,10408"
"16,53200";"12,25700";"-0,10458"
"16,54200";"12,24201";"-0,09776"
"16,55200";"12,22690";"-0,09743"
"16,56200";"12,21202";"-0,09349"
"16,57200";"12,19691";"-0,08954"
"16,58200";"12,18180";"-0,08318"
"16,59200";"12,16681";"-0,08080"
"16,60200";"12,15193";"-0,07947"
"16,61200";"12,13706";"-0,07652"
"16,62200";"12,12206";"-0,08524"
"16,63200";"12,10707";"-0,09999"
"16,64200";"12,09208";"-0,10863"
"16,65200";"12,07720";"-0,10632"
"16,66200";"12,06209";"-0,10580"
"16,67200";"12,04710";"-0,10480"
"16,68200";"12,03222";"-0,10228"
"16,69200";"12,01711";"-0,10216"
"16,70200";"12,00212";"-0,09185"
"16,71200";"11,98701";"-0,08013"
"16,72200";"11,97190";"-0,08010"
"16,73200";"11,95690";"-0,09048"
"16,74200";"11,94191";"-0,10249"
"16,75200";"11,92692";"-0,10965"
"16,76200";"11,91204";"-0,10271"
"16,77200";"11,89705";"-0,09473"
"16,78200";"11,88206";"-0,09271"
"16,79200";"11,86695";"-0,09701"
"16,80200";"11,85195";"-0,10116"
"16,81200";"11,83696";"-0,10205"
"16,82200";"11,82185";"-0,10152"
"16,83200";"11,80685";"-0,10060"
"16,84200";"11,79186";"-0,10238"
"16,85200";"11,77699";"-0,10522"
"16,86200";"11,76199";"-0,10581"
"16,87200";"11,74688";"-0,10407"
"16,88200";"11,73189";"-0,11027"
"16,89200";"11,71701";"-0,10806"
"16,90200";"11,70202";"-0,09664"
"16,91200";"11,68703";"-0,09851"
"16,92200";"11,67192";"-0,09918"
"16,93200";"11,65693";"-0,10201"
"16,94200";"11,64193";"-0,10112"
"16,95200";"11,62694";"-0,10034"
"16,96200";"11,61195";"-0,10690"
"16,97200";"11,59683";"-0,10696"
"16,98200";"11,58184";"-0,10928"
"16,99200";"11,56697";"-0,11152"
"17,00200";"11,55197";"-0,11150"
"17,01200";"11,53698";"-0,10510"
"17,02200";"11,52199";"-0,09796"
"17,03200";"11,50699";"-0,08903"
"17,04200";"11,49188";"-0,09074"
"17,05200";"11,47689";"-0,09288"
"17,06200";"11,46190";"-0,09577"
"17,07200";"11,44702";"-0,09914"
"17,08200";"11,43203";"-0,10114"
"17,09200";"11,41704";"-0,10412"
"17,10200";"11,40216";"-0,11036"
"17,11200";"11,38705";"-0,11429"
"17,12200";"11,37194";"-0,11014"
"17,13200";"11,35683";"-0,10536"
"17,14200";"11,34183";"-0,10058"
"17,15200";"11,32684";"-0,09350"
"17,16200";"11,31185";"-0,08737"
"17,17200";"11,29685";"-0,08309"
"17,18200";"11,28198";"-0,08729"
"17,19200";"11,26710";"-0,09520"
"17,20200";"11,25211";"-0,08869"
"17,21200";"11,23712";"-0,08808"
"17,22200";"11,22213";"-0,09629"
"17,23200";"11,20713";"-0,10543"
"17,24200";"11,19214";"-0,10743"
"17,25200";"11,17703";"-0,10652"
"17,26200";"11,16192";"-0,10152"
"17,27200";"11,14704";"-0,09659"
"17,28200";"11,13205";"-0,08908"
"17,29200";"11,11694";"-0,08757"
"17,30200";"11,10206";"-0,08839"
"17,31200";"11,08707";"-0,09350"
"17,32200";"11,07219";"-0,08797"
"17,33200";"11,05708";"-0,08371"
"17,34200";"11,04197";"-0,08362"
"17,35200";"11,02698";"-0,08202"
"17,36200";"11,01187";"-0,08118"
"17,37200";"10,99676";"-0,07850"
"17,38200";"10,98188";"-0,07404"
"17,39200";"10,96701";"-0,07880"
"17,40200";"10,95213";"-0,08046"
"17,41200";"10,93714";"-0,07395"
"17,42200";"10,92191";"-0,06951"
"17,43200";"10,90692";"-0,06161"
"17,44200";"10,89192";"-0,05159"
"17,45200";"10,87681";"-0,04949"
"17,46200";"10,86182";"-0,05404"
"17,47200";"10,84683";"-0,05801"
"17,48200";"10,83195";"-0,05786"
"17,49200";"10,81696";"-0,06354"
"17,50200";"10,80185";"-0,06994"
"17,51200";"10,78686";"-0,07010"
"17,52200";"10,77198";"-0,07071"
"17,53200";"10,75699";"-0,06690"
"17,54200";"10,74199";"-0,07437"
"17,55200";"10,72700";"-0,08085"
"17,56200";"10,71213";"-0,08875"
"17,57200";"10,69725";"-0,08428"
"17,58200";"10,68226";"-0,08501"
"17,59200";"10,66715";"-0,08230"
"17,60200";"10,65215";"-0,07237"
"17,61200";"10,63728";"-0,06584"
"17,62200";"10,62217";"-0,06391"
"17,63200";"10,60717";"-0,06856"
"17,64200";"10,59230";"-0,07342"
"17,65200";"10,57742";"-0,06892"
"17,66200";"10,56231";"-0,06519"
"17,67200";"10,54720";"-0,06771"
"17,68200";"10,53209";"-0,07090"
"17,69200";"10,51722";"-0,06819"
"17,70200";"10,50222";"-0,06146"
"17,71200";"10,48735";"-0,06621"
"17,72200";"10,47235";"-0,07346"
"17,73200";"10,45736";"-0,07412"
"17,74200";"10,44225";"-0,06065"
"17,75200";"10,42726";"-0,06219"
"17,76200";"10,41226";"-0,06776"
"17,77200";"10,39727";"-0,06506"
"17,78200";"10,38216";"-0,05540"
"17,79200";"10,36705";"-0,05099"
"17,80200";"10,35206";"-0,04663"
"17,81200";"10,33706";"-0,04537"
"17,82200";"10,32195";"-0,04875"
"17,83200";"10,30696";"-0,04903"
"17,84200";"10,29185";"-0,05023"
"17,85200";"10,27697";"-0,05243"
"17,86200";"10,26198";"-0,04806"
"17,87200";"10,24687";"-0,04446"
"17,88200";"10,23199";"-0,04845"
"17,89200";"10,21712";"-0,05392"
"17,90200";"10,20213";"-0,04586"
"17,91200";"10,18713";"-0,03923"
"17,92200";"10,17202";"-0,04262"
"17,93200";"10,15703";"-0,05033"
"17,94200";"10,14192";"-0,04552"
"17,95200";"10,12681";"-0,04671"
"17,96200";"10,11169";"-0,04829"
"17,97200";"10,09670";"-0,05468"
"17,98200";"10,08183";"-0,05385"
"17,99200";"10,06671";"-0,05030"
"18,00200";"10,05160";"-0,05165"
"18,01200";"10,03673";"-0,04671"
"18,02200";"10,02197";"-0,04095"
"18,03200";"10,00686";"-0,03205"
"18,04200";"9,99187";"-0,02161"
"18,05200";"9,97688";"-0,02025"
"18,06200";"9,96200";"-0,02828"
"18,07200";"9,94689";"-0,04012"
"18,08200";"9,93178";"-0,04740"
"18,09200";"9,91679";"-0,04973"
"18,10200";"9,90203";"-0,04416"
"18,11200";"9,88703";"-0,03866"
"18,12200";"9,87192";"-0,04129"
"18,13200";"9,85693";"-0,03953"
"18,14200";"9,84194";"-0,03692"
"18,15200";"9,82695";"-0,04128"
"18,16200";"9,81183";"-0,04155"
"18,17200";"9,79684";"-0,04172"
"18,18200";"9,78208";"-0,04851"
"18,19200";"9,76709";"-0,04877"
"18,20200";"9,75210";"-0,04570"
"18,21200";"9,73710";"-0,04665"
"18,22200";"9,72211";"-0,04291"
"18,23200";"9,70724";"-0,04032"
"18,24200";"9,69213";"-0,03835"
"18,25200";"9,67701";"-0,04421"
"18,26200";"9,66202";"-0,05564"
"18,27200";"9,64726";"-0,05976"
"18,28200";"9,63215";"-0,06252"
"18,29200";"9,61704";"-0,06097"
"18,30200";"9,60205";"-0,06258"
"18,31200";"9,58706";"-0,06418"
"18,32200";"9,57206";"-0,05335"
"18,33200";"9,55707";"-0,04652"
"18,34200";"9,54208";"-0,04355"
"18,35200";"9,52720";"-0,04650"
"18,36200";"9,51221";"-0,05028"
"18,37200";"9,49710";"-0,04688"
"18,38200";"9,48199";"-0,04416"
"18,39200";"9,46699";"-0,04244"
"18,40200";"9,45212";"-0,03651"
"18,41200";"9,43701";"-0,03335"
"18,42200";"9,42201";"-0,03505"
"18,43200";"9,40714";"-0,03714"
"18,44200";"9,39215";"-0,04673"
"18,45200";"9,37704";"-0,05718"
"18,46200";"9,36192";"-0,06164"
"18,47200";"9,34693";"-0,06242"
"18,48200";"9,33206";"-0,06577"
"18,49200";"9,31694";"-0,06887"
"18,50200";"9,30195";"-0,07236"
"18,51200";"9,28708";"-0,07717"
"18,52200";"9,27220";"-0,08124"
"18,53200";"9,25721";"-0,08004"
"18,54200";"9,24198";"-0,07694"
"18,55200";"9,22699";"-0,06501"
"18,56200";"9,21211";"-0,05127"
"18,57200";"9,19712";"-0,04176"
"18,58200";"9,18201";"-0,04570"
"18,59200";"9,16701";"-0,04651"
"18,60200";"9,15214";"-0,04832"
"18,61200";"9,13703";"-0,05295"
"18,62200";"9,12192";"-0,05781"
"18,63200";"9,10692";"-0,05840"
"18,64200";"9,09205";"-0,05468"
"18,65200";"9,07717";"-0,05447"
"18,66200";"9,06206";"-0,05820"
"18,67200";"9,04695";"-0,05508"
"18,68200";"9,03196";"-0,05097"
"18,69200";"9,01696";"-0,04494"
"18,70200";"9,00174";"-0,04370"
"18,71200";"8,98662";"-0,05424"
"18,72200";"8,97175";"-0,05859"
"18,73200";"8,95688";"-0,06090"
"18,74200";"8,94188";"-0,06262"
"18,75200";"8,92689";"-0,06249"
"18,76200";"8,91190";"-0,05816"
"18,77200";"8,89702";"-0,05816"
"18,78200";"8,88191";"-0,05602"
"18,79200";"8,86680";"-0,05250"
"18,80200";"8,85204";"-0,05671"
"18,81200";"8,83717";"-0,05941"
"18,82200";"8,82217";"-0,05202"
"18,83200";"8,80706";"-0,05270"
"18,84200";"8,79195";"-0,04911"
"18,85200";"8,77708";"-0,04798"
"18,86200";"8,76197";"-0,04229"
"18,87200";"8,74697";"-0,04022"
"18,88200";"8,73198";"-0,04229"
"18,89200";"8,71722";"-0,03747"
"18,90200";"8,70235";"-0,04108"
"18,91200";"8,68724";"-0,04482"
"18,92200";"8,67213";"-0,04362"
"18,93200";"8,65713";"-0,03960"
"18,94200";"8,64214";"-0,04027"
"18,95200";"8,62703";"-0,04208"
"18,96200";"8,61203";"-0,04797"
"18,97200";"8,59728";"-0,05293"
"18,98200";"8,58228";"-0,04844"
"18,99200";"8,56717";"-0,03895"
"19,00200";"8,55206";"-0,03378"
"19,01200";"8,53707";"-0,03874"
"19,02200";"8,52196";"-0,03428"
"19,03200";"8,50685";"-0,03805"
"19,04200";"8,49174";"-0,05470"
"19,05200";"8,47686";"-0,06142"
"19,06200";"8,46199";"-0,06537"
"19,07200";"8,44687";"-0,06046"
"19,08200";"8,43165";"-0,05441"
"19,09200";"8,41665";"-0,04652"
"19,10200";"8,40178";"-0,04748"
"19,11200";"8,38679";"-0,04796"
"19,12200";"8,37167";"-0,04354"
"19,13200";"8,35680";"-0,03555"
"19,14200";"8,34192";"-0,02631"
"19,15200";"8,32705";"-0,01812"
"19,16200";"8,31194";"-0,02358"
"19,17200";"8,29683";"-0,03266"
"19,18200";"8,28195";"-0,04615"
"19,19200";"8,26696";"-0,05485"
"19,20200";"8,25185";"-0,05732"
"19,21200";"8,23685";"-0,05337"
"19,22200";"8,22198";"-0,05491"
"19,23200";"8,20699";"-0,05804"
"19,24200";"8,19188";"-0,06625"
"19,25200";"8,17676";"-0,06721"
"19,26200";"8,16189";"-0,06439"
"19,27200";"8,14701";"-0,05583"
"19,28200";"8,13202";"-0,03972"
"19,29200";"8,11703";"-0,03251"
"19,30200";"8,10192";"-0,03302"
"19,31200";"8,08692";"-0,04207"
"19,32200";"8,07193";"-0,05171"
"19,33200";"8,05682";"-0,04981"
"19,34200";"8,04183";"-0,04904"
"19,35200";"8,02695";"-0,05032"
"19,36200";"8,01208";"-0,04641"
"19,37200";"7,99708";"-0,04547"
"19,38200";"7,98209";"-0,03812"
"19,39200";"7,96710";"-0,03694"
"19,40200";"7,95210";"-0,04065"
"19,41200";"7,93699";"-0,04154"
"19,42200";"7,92188";"-0,04364"
"19,43200";"7,90701";"-0,04000"
"19,44200";"7,89213";"-0,03828"
"19,45200";"7,87714";"-0,03847"
"19,46200";"7,86203";"-0,05098"
"19,47200";"7,84704";"-0,06307"
"19,48200";"7,83204";"-0,06410"
"19,49200";"7,81693";"-0,05402"
"19,50200";"7,80194";"-0,05249"
"19,51200";"7,78706";"-0,04696"
"19,52200";"7,77219";"-0,04262"
"19,53200";"7,75719";"-0,03909"
"19,54200";"7,74208";"-0,04100"
"19,55200";"7,72709";"-0,05266"
"19,56200";"7,71210";"-0,04849"
"19,57200";"7,69710";"-0,04085"
"19,58200";"7,68199";"-0,04376"
"19,59200";"7,66712";"-0,05024"
"19,60200";"7,65224";"-0,05812"
"19,61200";"7,63725";"-0,05999"
"19,62200";"7,62214";"-0,05549"
"19,63200";"7,60703";"-0,05011"
"19,64200";"7,59203";"-0,04284"
"19,65200";"7,57692";"-0,04144"
"19,66200";"7,56169";"-0,04459"
"19,67200";"7,54670";"-0,05294"
"19,68200";"7,53183";"-0,05843"
"19,69200";"7,51695";"-0,06385"
"19,70200";"7,50184";"-0,06358"
"19,71200";"7,48685";"-0,05923"
"19,72200";"7,47185";"-0,05090"
"19,73200";"7,45686";"-0,05133"
"19,74200";"7,44187";"-0,05630"
"19,75200";"7,42687";"-0,05850"
"19,76200";"7,41188";"-0,06255"
"19,77200";"7,39701";"-0,07031"
"19,78200";"7,38201";"-0,07326"
"19,79200";"7,36690";"-0,07330"
"19,80200";"7,35191";"-0,07332"
"19,81200";"7,33680";"-0,07475"
"19,82200";"7,32181";"-0,07310"
"19,83200";"7,30681";"-0,07000"
"19,84200";"7,29182";"-0,07110"
"19,85200";"7,27694";"-0,06908"
"19,86200";"7,26195";"-0,06679"
"19,87200";"7,24684";"-0,06157"
"19,88200";"7,23185";"-0,05640"
"19,89200";"7,21674";"-0,04975"
"19,90200";"7,20186";"-0,04729"
"19,91200";"7,18699";"-0,04919"
"19,92200";"7,17199";"-0,05259"
"19,93200";"7,15700";"-0,05382"
"19,94200";"7,14201";"-0,05647"
"19,95200";"7,12701";"-0,05206"
"19,96200";"7,11190";"-0,05360"
"19,97200";"7,09691";"-0,05652"
"19,98200";"7,08204";"-0,04998"
"19,99200";"7,06704";"-0,04455"
"20,00200";"7,05205";"-0,04435"
"20,01200";"7,03694";"-0,04981"
"20,02200";"7,02194";"-0,06129"
"20,03200";"7,00683";"-0,07369"
"20,04200";"6,99184";"-0,07886"
"20,05200";"6,97685";"-0,08291"
"20,06200";"6,96209";"-0,08054"
"20,07200";"6,94710";"-0,07463"
"20,08200";"6,93210";"-0,06685"
"20,09200";"6,91723";"-0,06327"
"20,10200";"6,90235";"-0,05805"
"20,11200";"6,88724";"-0,06029"
"20,12200";"6,87213";"-0,06689"
"20,13200";"6,85702";"-0,07787"
"20,14200";"6,84203";"-0,08487"
"20,15200";"6,82715";"-0,08254"
"20,16200";"6,81228";"-0,07845"
"20,17200";"6,79728";"-0,07638"
"20,18200";"6,78229";"-0,07710"
"20,19200";"6,76718";"-0,08029"
"20,20200";"6,75195";"-0,07929"
"20,21200";"6,73672";"-0,07628"
"20,22200";"6,72185";"-0,07175"
"20,23200";"6,70697";"-0,06519"
"20,24200";"6,69198";"-0,06388"
"20,25200";"6,67687";"-0,06717"
"20,26200";"6,66188";"-0,06852"
"20,27200";"6,64688";"-0,07151"
"20,28200";"6,63177";"-0,06723"
"20,29200";"6,61666";"-0,06429"
"20,30200";"6,60178";"-0,06753"
"20,31200";"6,58703";"-0,07068"
"20,32200";"6,57203";"-0,06348"
"20,33200";"6,55704";"-0,06183"
"20,34200";"6,54193";"-0,06134"
"20,35200";"6,52694";"-0,06118"
"20,36200";"6,51194";"-0,06212"
"20,37200";"6,49683";"-0,05957"
"20,38200";"6,48184";"-0,06428"
"20,39200";"6,46696";"-0,07091"
"20,40200";"6,45209";"-0,06778"
"20,41200";"6,43698";"-0,06204"
"20,42200";"6,42199";"-0,06186"
"20,43200";"6,40711";"-0,06854"
"20,44200";"6,39235";"-0,07357"
"20,45200";"6,37748";"-0,07823"
"20,46200";"6,36249";"-0,08057"
"20,47200";"6,34737";"-0,08092"
"20,48200";"6,33215";"-0,07561"
"20,49200";"6,31703";"-0,07861"
"20,50200";"6,30181";"-0,08376"
"20,51200";"6,28681";"-0,09034"
"20,52200";"6,27182";"-0,08830"
"20,53200";"6,25683";"-0,08897"
"20,54200";"6,24183";"-0,09741"
"20,55200";"6,22696";"-0,10203"
"20,56200";"6,21197";"-0,09635"
"20,57200";"6,19697";"-0,08597"
"20,58200";"6,18186";"-0,08238"
"20,59200";"6,16663";"-0,08209"
"20,60200";"6,15164";"-0,07359"
"20,61200";"6,13676";"-0,06411"
"20,62200";"6,12177";"-0,06002"
"20,63200";"6,10678";"-0,06223"
"20,64200";"6,09202";"-0,06709"
"20,65200";"6,07703";"-0,07462"
"20,66200";"6,06192";"-0,07581"
"20,67200";"6,04692";"-0,07705"
"20,68200";"6,03193";"-0,07739"
"20,69200";"6,01706";"-0,07473"
"20,70200";"6,00206";"-0,07426"
"20,71200";"5,98695";"-0,07440"
"20,72200";"5,97196";"-0,07479"
"20,73200";"5,95708";"-0,07153"
"20,74200";"5,94209";"-0,06659"
"20,75200";"5,92698";"-0,06276"
"20,76200";"5,91199";"-0,06321"
"20,77200";"5,89711";"-0,06870"
"20,78200";"5,88212";"-0,07422"
"20,79200";"5,86713";"-0,07678"
"20,80200";"5,85213";"-0,08558"
"20,81200";"5,83714";"-0,09180"
"20,82200";"5,82215";"-0,09124"
"20,83200";"5,80692";"-0,09585"
"20,84200";"5,79192";"-0,10496"
"20,85200";"5,77717";"-0,10504"
"20,86200";"5,76217";"-0,10237"
"20,87200";"5,74706";"-0,09856"
"20,88200";"5,73207";"-0,09667"
"20,89200";"5,71719";"-0,10095"
"20,90200";"5,70220";"-0,10400"
"20,91200";"5,68709";"-0,09559"
"20,92200";"5,67186";"-0,08605"
"20,93200";"5,65699";"-0,07448"
"20,94200";"5,64211";"-0,06928"
"20,95200";"5,62700";"-0,06918"
"20,96200";"5,61177";"-0,07890"
"20,97200";"5,59690";"-0,08728"
"20,98200";"5,58190";"-0,08523"
"20,99200";"5,56679";"-0,08051"
"21,00200";"5,55180";"-0,08453"
"21,01200";"5,53692";"-0,09092"
"21,02200";"5,52217";"-0,09216"
"21,03200";"5,50717";"-0,09004"
"21,04200";"5,49206";"-0,08398"
"21,05200";"5,47695";"-0,07766"
"21,06200";"5,46196";"-0,07837"
"21,07200";"5,44697";"-0,08109"
"21,08200";"5,43185";"-0,08742"
"21,09200";"5,41698";"-0,09499"
"21,10200";"5,40210";"-0,09602"
"21,11200";"5,38723";"-0,09233"
"21,12200";"5,37212";"-0,09363"
"21,13200";"5,35713";"-0,09898"
"21,14200";"5,34213";"-0,10066"
"21,15200";"5,32714";"-0,10415"
"21,16200";"5,31215";"-0,10358"
"21,17200";"5,29715";"-0,11191"
"21,18200";"5,28216";"-0,11811"
"21,19200";"5,26717";"-0,11700"
"21,20200";"5,25206";"-0,11729"
"21,21200";"5,23706";"-0,11070"
"21,22200";"5,22207";"-0,09452"
"21,23200";"5,20708";"-0,08667"
"21,24200";"5,19197";"-0,08365"
"21,25200";"5,17697";"-0,08552"
"21,26200";"5,16210";"-0,08634"
"21,27200";"5,14722";"-0,08499"
"21,28200";"5,13223";"-0,08767"
"21,29200";"5,11700";"-0,09327"
"21,30200";"5,10189";"-0,10001"
"21,31200";"5,08701";"-0,10062"
"21,32200";"5,07202";"-0,09925"
"21,33200";"5,05703";"-0,09734"
"21,34200";"5,04215";"-0,09941"
"21,35200";"5,02716";"-0,10054"
"21,36200";"5,01217";"-0,10219"
"21,37200";"4,99706";"-0,09760"
"21,38200";"4,98183";"-0,09618"
"21,39200";"4,96695";"-0,09602"
"21,40200";"4,95196";"-0,09130"
"21,41200";"4,93685";"-0,08358"
"21,42200";"4,92185";"-0,07370"
"21,43200";"4,90686";"-0,07176"
"21,44200";"4,89187";"-0,07494"
"21,45200";"4,87676";"-0,06916"
"21,46200";"4,86165";"-0,06750"
"21,47200";"4,84677";"-0,06817"
"21,48200";"4,83201";"-0,07306"
"21,49200";"4,81714";"-0,07557"
"21,50200";"4,80203";"-0,08036"
"21,51200";"4,78703";"-0,08691"
"21,52200";"4,77216";"-0,08433"
"21,53200";"4,75717";"-0,08040"
"21,54200";"4,74194";"-0,07507"
"21,55200";"4,72694";"-0,07428"
"21,56200";"4,71207";"-0,06916"
"21,57200";"4,69731";"-0,06470"
"21,58200";"4,68220";"-0,06730"
"21,59200";"4,66709";"-0,07374"
"21,60200";"4,65222";"-0,07313"
"21,61200";"4,63710";"-0,07034"
"21,62200";"4,62187";"-0,07670"
"21,63200";"4,60688";"-0,07894"
"21,64200";"4,59189";"-0,07879"
"21,65200";"4,57701";"-0,08198"
"21,66200";"4,56202";"-0,08087"
"21,67200";"4,54703";"-0,08347"
"21,68200";"4,53227";"-0,08392"
"21,69200";"4,51740";"-0,07177"
"21,70200";"4,50228";"-0,05791"
"21,71200";"4,48717";"-0,04949"
"21,72200";"4,47230";"-0,04879"
"21,73200";"4,45742";"-0,05321"
"21,74200";"4,44243";"-0,06050"
"21,75200";"4,42720";"-0,07260"
"21,76200";"4,41221";"-0,07859"
"21,77200";"4,39722";"-0,07992"
"21,78200";"4,38210";"-0,06987"
"21,79200";"4,36699";"-0,06485"
"21,80200";"4,35200";"-0,05932"
"21,81200";"4,33712";"-0,05326"
"21,82200";"4,32225";"-0,05464"
"21,83200";"4,30702";"-0,05825"
"21,84200";"4,29203";"-0,06151"
"21,85200";"4,27715";"-0,05660"
"21,86200";"4,26216";"-0,05595"
"21,87200";"4,24705";"-0,05544"
"21,88200";"4,23206";"-0,06430"
"21,89200";"4,21730";"-0,07470"
"21,90200";"4,20242";"-0,07594"
"21,91200";"4,18719";"-0,06671"
"21,92200";"4,17208";"-0,05906"
"21,93200";"4,15709";"-0,05218"
"21,94200";"4,14222";"-0,04609"
"21,95200";"4,12710";"-0,03719"
"21,96200";"4,11199";"-0,03809"
"21,97200";"4,09712";"-0,04589"
"21,98200";"4,08224";"-0,05505"
"21,99200";"4,06713";"-0,06177"
"22,00200";"4,05202";"-0,06767"
"22,01200";"4,03703";"-0,06899"
"22,02200";"4,02203";"-0,06515"
"22,03200";"4,00704";"-0,05197"
"22,04200";"3,99193";"-0,04359"
"22,05200";"3,97682";"-0,04357"
"22,06200";"3,96194";"-0,04686"
"22,07200";"3,94683";"-0,04632"
"22,08200";"3,93160";"-0,04624"
"22,09200";"3,91673";"-0,04849"
"22,10200";"3,90185";"-0,04970"
"22,11200";"3,88710";"-0,05239"
"22,12200";"3,87187";"-0,04932"
"22,13200";"3,85676";"-0,04703"
"22,14200";"3,84176";"-0,03839"
"22,15200";"3,82677";"-0,03904"
"22,16200";"3,81154";"-0,04324"
"22,17200";"3,79655";"-0,04853"
"22,18200";"3,78167";"-0,05570"
"22,19200";"3,76692";"-0,05006"
"22,20200";"3,75181";"-0,05057"
"22,21200";"3,73669";"-0,05476"
"22,22200";"3,72170";"-0,05309"
"22,23200";"3,70683";"-0,04833"
"22,24200";"3,69160";"-0,04236"
"22,25200";"3,67649";"-0,03966"
"22,26200";"3,66161";"-0,03779"
"22,27200";"3,64685";"-0,04008"
"22,28200";"3,63198";"-0,04420"
"22,29200";"3,61687";"-0,04626"
"22,30200";"3,60199";"-0,05259"
"22,31200";"3,58712";"-0,05320"
"22,32200";"3,57201";"-0,05326"
"22,33200";"3,55690";"-0,05481"
"22,34200";"3,54202";"-0,06278"
"22,35200";"3,52726";"-0,06131"
"22,36200";"3,51239";"-0,05386"
"22,37200";"3,49716";"-0,04790"
"22,38200";"3,48205";"-0,04876"
"22,39200";"3,46717";"-0,04596"
"22,40200";"3,45206";"-0,04493"
"22,41200";"3,43707";"-0,04625"
"22,42200";"3,42208";"-0,04491"
"22,43200";"3,40732";"-0,04527"
"22,44200";"3,39244";"-0,04222"
"22,45200";"3,37722";"-0,04298"
"22,46200";"3,36210";"-0,05222"
"22,47200";"3,34711";"-0,05683"
"22,48200";"3,33200";"-0,06044"
"22,49200";"3,31689";"-0,06146"
"22,50200";"3,30178";"-0,05766"
"22,51200";"3,28690";"-0,05207"
"22,52200";"3,27215";"-0,05357"
"22,53200";"3,25703";"-0,05683"
"22,54200";"3,24192";"-0,05725"
"22,55200";"3,22693";"-0,04233"
"22,56200";"3,21194";"-0,03243"
"22,57200";"3,19694";"-0,02653"
"22,58200";"3,18195";"-0,02326"
"22,59200";"3,16696";"-0,02592"
"22,60200";"3,15208";"-0,02338"
"22,61200";"3,13697";"-0,02589"
"22,62200";"3,12186";"-0,03232"
"22,63200";"3,10687";"-0,03511"
"22,64200";"3,09187";"-0,03422"
"22,65200";"3,07700";"-0,03893"
"22,66200";"3,06189";"-0,04150"
"22,67200";"3,04701";"-0,03892"
"22,68200";"3,03214";"-0,03389"
"22,69200";"3,01726";"-0,02762"
"22,70200";"3,00203";"-0,02121"
"22,71200";"2,98692";"-0,02130"
"22,72200";"2,97193";"-0,01962"
"22,73200";"2,95706";"-0,01513"
"22,74200";"2,94206";"-0,01882"
"22,75200";"2,92707";"-0,02729"
"22,76200";"2,91208";"-0,03422"
"22,77200";"2,89708";"-0,03488"
"22,78200";"2,88185";"-0,03677"
"22,79200";"2,86674";"-0,03228"
"22,80200";"2,85175";"-0,02774"
"22,81200";"2,83688";"-0,02569"
"22,82200";"2,82188";"-0,02316"
"22,83200";"2,80689";"-0,01963"
"22,84200";"2,79190";"-0,01794"
"22,85200";"2,77690";"-0,02274"
"22,86200";"2,76191";"-0,02889"
"22,87200";"2,74680";"-0,02910"
"22,88200";"2,73181";"-0,02303"
"22,89200";"2,71693";"-0,01587"
"22,90200";"2,70206";"-0,01381"
"22,91200";"2,68706";"-0,01183"
"22,92200";"2,67195";"-0,01061"
"22,93200";"2,65696";"-0,00619"
"22,94200";"2,64197";"-0,01293"
"22,95200";"2,62685";"-0,02235"
"22,96200";"2,61174";"-0,03040"
"22,97200";"2,59687";"-0,02614"
"22,98200";"2,58199";"-0,02672"
"22,99200";"2,56700";"-0,02486"
"23,00200";"2,55189";"-0,02664"
"23,01200";"2,53690";"-0,02084"
"23,02200";"2,52190";"-0,01033"
"23,03200";"2,50679";"-0,01311"
"23,04200";"2,49180";"-0,01694"
"23,05200";"2,47692";"-0,02148"
"23,06200";"2,46217";"-0,02623"
"23,07200";"2,44717";"-0,02983"
"23,08200";"2,43194";"-0,03008"
"23,09200";"2,41695";"-0,02430"
"23,10200";"2,40196";"-0,02610"
"23,11200";"2,38685";"-0,03209"
"23,12200";"2,37162";"-0,03549"
"23,13200";"2,35674";"-0,03534"
"23,14200";"2,34187";"-0,03306"
"23,15200";"2,32699";"-0,03497"
"23,16200";"2,31188";"-0,03437"
"23,17200";"2,29689";"-0,02831"
"23,18200";"2,28201";"-0,02165"
"23,19200";"2,26702";"-0,02321"
"23,20200";"2,25203";"-0,02701"
"23,21200";"2,23715";"-0,02925"
"23,22200";"2,22216";"-0,03015"
"23,23200";"2,20717";"-0,02730"
"23,24200";"2,19217";"-0,01907"
"23,25200";"2,17706";"-0,01912"
"23,26200";"2,16207";"-0,02126"
"23,27200";"2,14696";"-0,02418"
"23,28200";"2,13197";"-0,03110"
"23,29200";"2,11697";"-0,03338"
"23,30200";"2,10198";"-0,03367"
"23,31200";"2,08710";"-0,03729"
"23,32200";"2,07188";"-0,04276"
"23,33200";"2,05688";"-0,04396"
"23,34200";"2,04177";"-0,03977"
"23,35200";"2,02678";"-0,02787"
"23,36200";"2,01190";"-0,01989"
"23,37200";"1,99691";"-0,01933"
"23,38200";"1,98203";"-0,02144"
"23,39200";"1,96704";"-0,02675"
"23,40200";"1,95193";"-0,03359"
"23,41200";"1,93694";"-0,03788"
"23,42200";"1,92183";"-0,04281"
"23,43200";"1,90683";"-0,04277"
"23,44200";"1,89184";"-0,04186"
"23,45200";"1,87685";"-0,04061"
"23,46200";"1,86185";"-0,03069"
"23,47200";"1,84698";"-0,02052"
"23,48200";"1,83210";"-0,01492"
"23,49200";"1,81699";"-0,01672"
"23,50200";"1,80188";"-0,02590"
"23,51200";"1,78689";"-0,03205"
"23,52200";"1,77201";"-0,02933"
"23,53200";"1,75702";"-0,02836"
"23,54200";"1,74191";"-0,02913"
"23,55200";"1,72692";"-0,02708"
"23,56200";"1,71204";"-0,02864"
"23,57200";"1,69693";"-0,03132"
"23,58200";"1,68194";"-0,03100"
"23,59200";"1,66694";"-0,02651"
"23,60200";"1,65207";"-0,01858"
"23,61200";"1,63708";"-0,01766"
"23,62200";"1,62208";"-0,02762"
"23,63200";"1,60709";"-0,03640"
"23,64200";"1,59210";"-0,03995"
"23,65200";"1,57710";"-0,04158"
"23,66200";"1,56199";"-0,03630"
"23,67200";"1,54688";"-0,03191"
"23,68200";"1,53201";"-0,02506"
"23,69200";"1,51713";"-0,02329"
"23,70200";"1,50214";"-0,02398"
"23,71200";"1,48691";"-0,01363"
"23,72200";"1,47192";"-0,00601"
"23,73200";"1,45692";"0,00292"
"23,74200";"1,44181";"0,00962"
"23,75200";"1,42682";"0,01386"
"23,76200";"1,41183";"0,01632"
"23,77200";"1,39695";"0,01070"
"23,78200";"1,38196";"0,00466"
"23,79200";"1,36685";"0,00244"
"23,80200";"1,35185";"0,00589"
"23,81200";"1,33686";"-0,00070"
"23,82200";"1,32175";"0,00101"
"23,83200";"1,30687";"0,01123"
"23,84200";"1,29188";"0,01507"
"23,85200";"1,27701";"0,00711"
"23,86200";"1,26213";"0,00300"
"23,87200";"1,24702";"0,00043"
"23,88200";"1,23203";"0,00070"
"23,89200";"1,21715";"-0,00228"
"23,90200";"1,20216";"0,00402"
"23,91200";"1,18705";"0,00553"
"23,92200";"1,17206";"-0,00385"
"23,93200";"1,15718";"-0,00069"
"23,94200";"1,14219";"0,00392"
"23,95200";"1,12708";"0,00691"
"23,96200";"1,11197";"0,01051"
"23,97200";"1,09697";"0,00309"
"23,98200";"1,08210";"-0,00245"
"23,99200";"1,06710";"-0,00573"
"24,00200";"1,05211";"-0,00695"
"24,01200";"1,03700";"-0,00313"
"24,02200";"1,02201";"-0,00322"
"24,03200";"1,00701";"-0,00486"
"24,04200";"0,99202";"-0,00324"
"24,05200";"0,97691";"-0,00067"
"24,06200";"0,96192";"0,00195"
"24,07200";"0,94692";"0,00806"
"24,08200";"0,93193";"0,00638"
"24,09200";"0,91694";"-0,00358"
"24,10200";"0,90206";"-0,01184"
"24,11200";"0,88707";"-0,00950"
"24,12200";"0,87196";"-0,00133"
"24,13200";"0,85685";"-0,00365"
"24,14200";"0,84185";"-0,00979"
"24,15200";"0,82698";"-0,00588"
"24,16200";"0,81199";"-0,00638"
"24,17200";"0,79699";"-0,01316"
"24,18200";"0,78212";"-0,00808"
"24,19200";"0,76724";"-0,00041"
"24,20200";"0,75225";"0,00631"
"24,21200";"0,73714";"0,00670"
"24,22200";"0,72215";"0,00264"
"24,23200";"0,70715";"0,00299"
"24,24200";"0,69216";"0,00483"
"24,25200";"0,67705";"-0,00412"
"24,26200";"0,66206";"-0,00301"
"24,27200";"0,64718";"-0,00300"
"24,28200";"0,63219";"0,00083"
"24,29200";"0,61696";"0,00267"
"24,30200";"0,60197";"0,00407"
"24,31200";"0,58709";"0,00035"
"24,32200";"0,57210";"-0,00041"
"24,33200";"0,55699";"0,00201"
"24,34200";"0,54199";"-0,00310"
"24,35200";"0,52688";"-0,00433"
"24,36200";"0,51189";"-0,00509"
"24,37200";"0,49666";"-0,00472"
"24,38200";"0,48155";"-0,00641"
"24,39200";"0,46679";"-0,01026"
"24,40200";"0,45192";"-0,01194"
"24,41200";"0,43681";"-0,00888"
"24,42200";"0,42181";"-0,00265"
"24,43200";"0,40682";"0,00407"
"24,44200";"0,39194";"0,01183"
"24,45200";"0,37683";"0,00662"
"24,46200";"0,36172";"-0,00653"
"24,47200";"0,34685";"-0,01170"
"24,48200";"0,33209";"-0,00857"
"24,49200";"0,31710";"-0,02042"
"24,50200";"0,30210";"-0,02862"
"24,51200";"0,28711";"-0,02546"
"24,52200";"0,27224";"-0,01392"
"24,53200";"0,25701";"-0,00082"
"24,54200";"0,24190";"0,00721"
"24,55200";"0,22690";"-0,00014"
"24,56200";"0,21203";"-0,00514"
"24,57200";"0,19703";"-0,00042"
"24,58200";"0,18192";"0,00819"
"24,59200";"0,16681";"0,01073"
"24,60200";"0,15194";"0,01027"
"24,61200";"0,13694";"0,01505"
"24,62200";"0,12195";"0,01929"
"24,63200";"0,10708";"0,01235"
"24,64200";"0,09232";"0,01014"
"24,65200";"0,07744";"0,00625"
"24,66200";"0,06233";"0,00677"
"24,67200";"0,04722";"0,00372"
"24,68200";"0,03223";"-0,00299"
"24,69200";"0,01724";"-0,00697"
"24,70200";"0,00213";"-0,01360"
"24,70400";"-0,00083";"-0,01495"
"24,70600";"-0,00390";"-0,01591"
"24,71600";"-0,01688";"-0,01721"
"24,72600";"-0,02408";"-0,00015"
"24,73200";"-0,02574";"0,01652"
"24,74200";"-0,02491";"0,03344"
"24,75200";"-0,01972";"0,04590"
"24,76200";"-0,00803";"0,05778"
"24,77200";"0,00909";"0,05516"
"24,78200";"0,02940";"0,04983"
"24,79200";"0,05100";"0,04311"
"24,80200";"0,07284";"0,02771"
"24,81200";"0,09421";"0,02008"
"24,82200";"0,11475";"0,00674"
"24,83200";"0,13447";"0,00013"
"24,84200";"0,15324";"-0,01240"
"24,85200";"0,17118";"-0,01838"
"24,86200";"0,18865";"-0,01755"
"24,87200";"0,20565";"-0,01497"
"24,88200";"0,22218";"-0,01467"
"24,89200";"0,23835";"-0,01294"
"24,90200";"0,25429";"-0,00281"
"24,91200";"0,27011";"0,01345"
"24,92200";"0,28558";"0,02854"
"24,93200";"0,30104";"0,03126"
"24,94200";"0,31651";"0,02308"
"24,95200";"0,33197";"0,01585"
"24,96200";"0,34720";"0,01494"
"24,97200";"0,36231";"0,01288"
"24,98200";"0,37731";"0,00444"
"24,99200";"0,39242";"-0,00019"
"25,00200";"0,40741";"0,00116"
"25,01200";"0,42252";"0,00694"
"25,02200";"0,43763";"0,00782"
"25,03200";"0,45274";"0,00358"
"25,04200";"0,46785";"-0,00445"
"25,05200";"0,48285";"-0,00575"
"25,06200";"0,49784";"-0,00252"
"25,07200";"0,51272";"-0,00113"
"25,08200";"0,52759";"-0,00041"
"25,09200";"0,54270";"-0,00095"
"25,10200";"0,55781";"-0,00235"
"25,11200";"0,57281";"-0,00582"
"25,12200";"0,58792";"-0,00284"
"25,13200";"0,60291";"-0,00197"
"25,14200";"0,61802";"-0,00375"
"25,15200";"0,63301";"-0,00456"
"25,16200";"0,64801";"-0,00321"
"25,17200";"0,66312";"-0,00284"
"25,18200";"0,67811";"-0,00320"
"25,19200";"0,69299";"-0,00321"
"25,20200";"0,70798";"-0,00187"
"25,21200";"0,72297";"0,00056"
"25,22200";"0,73797";"0,00873"
"25,23200";"0,75296";"0,01068"
"25,24200";"0,76795";"0,01181"
"25,25200";"0,78306";"0,00381"
"25,26200";"0,79806";"0,00236"
"25,27200";"0,81305";"0,01162"
"25,28200";"0,82804";"0,01399"
"25,29200";"0,84292";"0,01348"
"25,30200";"0,85791";"0,00771"
"25,31200";"0,87290";"0,00591"
"25,32200";"0,88778";"0,00867"
"25,33200";"0,90289";"0,00200"
"25,34200";"0,91788";"-0,00323"
"25,35200";"0,93299";"0,00629"
"25,36200";"0,94799";"0,01598"
"25,37200";"0,96298";"0,01951"
"25,38200";"0,97797";"0,01727"
"25,39200";"0,99297";"0,00778"
"25,40200";"1,00796";"-0,00109"
"25,41200";"1,02295";"-0,00791"
"25,42200";"1,03794";"-0,00541"
"25,43200";"1,05294";"-0,00327"
"25,44200";"1,06805";"-0,00259"
"25,45200";"1,08304";"-0,00530"
"25,46200";"1,09803";"-0,00506"
"25,47200";"1,11303";"0,00067"
"25,48200";"1,12802";"0,00127"
"25,49200";"1,14313";"0,00499"
"25,50200";"1,15801";"0,00926"
"25,51200";"1,17300";"0,01499"
"25,52200";"1,18799";"0,01537"
"25,53200";"1,20299";"0,01683"
"25,54200";"1,21798";"0,01675"
"25,55200";"1,23297";"0,02303"
"25,56200";"1,24797";"0,02332"
"25,57200";"1,26308";"0,02329"
"25,58200";"1,27807";"0,02406"
"25,59200";"1,29306";"0,02188"
"25,60200";"1,30794";"0,01827"
"25,61200";"1,32293";"0,01899"
"25,62200";"1,33792";"0,01813"
"25,63200";"1,35292";"0,01954"
"25,64200";"1,36791";"0,01721"
"25,65200";"1,38302";"0,01647"
"25,66200";"1,39801";"0,01242"
"25,67200";"1,41301";"0,01316"
"25,68200";"1,42800";"0,00967"
"25,69200";"1,44299";"0,00832"
"25,70200";"1,45799";"0,01139"
"25,71200";"1,47286";"0,01137"
"25,72200";"1,48797";"0,00882"
"25,73200";"1,50297";"0,00444"
"25,74200";"1,51808";"-0,00005"
"25,75200";"1,53295";"0,00444"
"25,76200";"1,54806";"0,00690"
"25,77200";"1,56306";"0,00838"
"25,78200";"1,57805";"0,00532"
"25,79200";"1,59292";"-0,00208"
"25,80200";"1,60803";"-0,00273"
"25,81200";"1,62315";"-0,00222"
"25,82200";"1,63802";"-0,00182"
"25,83200";"1,65301";"0,00215"
"25,84200";"1,66813";"-0,00189"
"25,85200";"1,68312";"-0,00258"
"25,86200";"1,69811";"0,00613"
"25,87200";"1,71310";"0,01180"
"25,88200";"1,72822";"0,00640"
"25,89200";"1,74321";"0,00081"
"25,90200";"1,75820";"0,00145"
"25,91200";"1,77308";"0,00455"
"25,92200";"1,78795";"0,00557"
"25,93200";"1,80294";"0,01565"
"25,94200";"1,81794";"0,01841"
"25,95200";"1,83281";"0,01453"
"25,96200";"1,84792";"0,01402"
"25,97200";"1,86292";"0,01512"
"25,98200";"1,87803";"0,01279"
"25,99200";"1,89302";"0,00860"
"26,00200";"1,90801";"0,00538"
"26,01200";"1,92289";"0,00607"
"26,02200";"1,93788";"0,01230"
"26,03200";"1,95276";"0,01703"
"26,04200";"1,96775";"0,01826"
"26,05200";"1,98286";"0,01661"
"26,06200";"1,99785";"0,01657"
"26,07200";"2,01285";"0,01543"
"26,08200";"2,02796";"0,01359"
"26,09200";"2,04295";"0,00628"
"26,10200";"2,05794";"0,00294"
"26,11200";"2,07294";"0,00862"
"26,12200";"2,08793";"0,01715"
"26,13200";"2,10292";"0,02601"
"26,14200";"2,11803";"0,02749"
"26,15200";"2,13303";"0,02107"
"26,16200";"2,14802";"0,01043"
"26,17200";"2,16301";"0,00597"
"26,18200";"2,17801";"0,00664"
"26,19200";"2,19300";"0,01344"
"26,20200";"2,20799";"0,02119"
"26,21200";"2,22299";"0,02140"
"26,22200";"2,23798";"0,02025"
"26,23200";"2,25285";"0,02501"
"26,24200";"2,26785";"0,03102"
"26,25200";"2,28284";"0,02924"
"26,26200";"2,29783";"0,02755"
"26,27200";"2,31271";"0,02314"
"26,28200";"2,32782";"0,02017"
"26,29200";"2,34293";"0,01947"
"26,30200";"2,35792";"0,01305"
"26,31200";"2,37292";"0,00260"
"26,32200";"2,38803";"-0,00155"
"26,33200";"2,40302";"-0,00298"
"26,34200";"2,41801";"-0,00431"
"26,35200";"2,43313";"0,00213"
"26,36200";"2,44824";"0,00300"
"26,37200";"2,46323";"0,00976"
"26,38200";"2,47822";"0,02301"
"26,39200";"2,49322";"0,02647"
"26,40200";"2,50809";"0,02382"
"26,41200";"2,52285";"0,02526"
"26,42200";"2,53772";"0,02194"
"26,43200";"2,55272";"0,01391"
"26,44200";"2,56759";"0,00864"
"26,45200";"2,58258";"0,00736"
"26,46200";"2,59746";"0,01294"
"26,47200";"2,61257";"0,01283"
"26,48200";"2,62744";"0,00517"
"26,49200";"2,64232";"0,00351"
"26,50200";"2,65719";"0,01201"
"26,51200";"2,67231";"0,01943"
"26,52200";"2,68742";"0,01857"
"26,53200";"2,70253";"0,02279"
"26,54200";"2,71776";"0,02785"
"26,55200";"2,73275";"0,03309"
"26,56200";"2,74798";"0,03328"
"26,57200";"2,76297";"0,03473"
"26,58200";"2,77820";"0,03089"
"26,59200";"2,79331";"0,02296"
"26,60200";"2,80831";"0,02421"
"26,61200";"2,82330";"0,01928"
"26,62200";"2,83829";"0,01278"
"26,63200";"2,85340";"0,01068"
"26,64200";"2,86840";"0,00705"
"26,65200";"2,88339";"0,00644"
"26,66200";"2,89826";"0,00167"
"26,67200";"2,91326";"0,00572"
"26,68200";"2,92825";"0,00965"
"26,69200";"2,94324";"0,01288"
"26,70200";"2,95824";"0,00933"
"26,71200";"2,97323";"0,00590"
"26,72200";"2,98822";"0,00919"
"26,73200";"3,00310";"0,01227"
"26,74200";"3,01809";"0,01345"
"26,75200";"3,03297";"0,01492"
"26,76200";"3,04796";"0,01510"
"26,77200";"3,06283";"0,01411"
"26,78200";"3,07783";"0,01109"
"26,79200";"3,09270";"0,00669"
"26,80200";"3,10758";"0,00745"
"26,81200";"3,12233";"0,00357"
"26,82200";"3,13733";"0,00257"
"26,83200";"3,15232";"0,00094"
"26,84200";"3,16731";"0,00046"
"26,85200";"3,18254";"0,00119"
"26,86200";"3,19789";"0,00394"
"26,87200";"3,21312";"0,00722"
"26,88200";"3,22811";"0,00996"
"26,89200";"3,24322";"0,01243"
"26,90200";"3,25833";"0,01569"
"26,91200";"3,27333";"0,01680"
"26,92200";"3,28844";"0,01698"
"26,93200";"3,30355";"0,01715"
"26,94200";"3,31866";"0,01472"
"26,95200";"3,33365";"0,01631"
"26,96200";"3,34853";"0,02485"
"26,97200";"3,36340";"0,02396"
"26,98200";"3,37840";"0,02761"
"26,99200";"3,39339";"0,02261"
"27,00200";"3,40826";"0,01592"
"27,01200";"3,42326";"0,00937"
"27,02200";"3,43825";"0,00463"
"27,03200";"3,45312";"0,00642"
"27,04200";"3,46800";"0,00607"
"27,05200";"3,48276";"0,00343"
"27,06200";"3,49775";"0,00319"
"27,07200";"3,51251";"0,00917"
"27,08200";"3,52738";"0,02385"
"27,09200";"3,54238";"0,02388"
"27,10200";"3,55737";"0,01948"
"27,11200";"3,57236";"0,02017"
"27,12200";"3,58724";"0,02090"
"27,13200";"3,60235";"0,02037"
"27,14200";"3,61758";"0,01765"
"27,15200";"3,63281";"0,01984"
"27,16200";"3,64792";"0,02039"
"27,17200";"3,66303";"0,01740"
"27,18200";"3,67814";"0,01884"
"27,19200";"3,69313";"0,02419"
"27,20200";"3,70813";"0,02893"
"27,21200";"3,72324";"0,03332"
"27,22200";"3,73847";"0,03196"
"27,23200";"3,75346";"0,02604"
"27,24200";"3,76857";"0,02294"
"27,25200";"3,78368";"0,01878"
"27,26200";"3,79856";"0,01569"
"27,27200";"3,81343";"0,01942"
"27,28200";"3,82831";"0,02503"
"27,29200";"3,84318";"0,03242"
"27,30200";"3,85817";"0,02837"
"27,31200";"3,87317";"0,02678"
"27,32200";"3,88816";"0,02341"
"27,33200";"3,90315";"0,02082"
"27,34200";"3,91815";"0,01621"
"27,35200";"3,93314";"0,01226"
"27,36200";"3,94790";"0,00805"
"27,37200";"3,96277";"0,00408"
"27,38200";"3,97776";"0,00393"
"27,39200";"3,99264";"0,00603"
"27,40200";"4,00763";"0,00740"
"27,41200";"4,02263";"0,01273"
"27,42200";"4,03762";"0,01711"
"27,43200";"4,05261";"0,02783"
"27,44200";"4,06772";"0,03459"
"27,45200";"4,08272";"0,03022"
"27,46200";"4,09783";"0,02256"
"27,47200";"4,11306";"0,02765"
"27,48200";"4,12817";"0,03428"
"27,49200";"4,14340";"0,03031"
"27,50200";"4,15851";"0,02547"
"27,51200";"4,17362";"0,01887"
"27,52200";"4,18861";"0,01940"
"27,53200";"4,20360";"0,01978"
"27,54200";"4,21860";"0,01407"
"27,55200";"4,23359";"0,01257"
"27,56200";"4,24847";"0,00492"
"27,57200";"4,26322";"-0,00174"
"27,58200";"4,27810";"-0,00063"
"27,59200";"4,29297";"0,00196"
"27,60200";"4,30797";"0,00595"
"27,61200";"4,32296";"0,01075"
"27,62200";"4,33795";"0,02218"
"27,63200";"4,35306";"0,02306"
"27,64200";"4,36806";"0,02007"
"27,65200";"4,38305";"0,02439"
"27,66200";"4,39792";"0,02982"
"27,67200";"4,41280";"0,03751"
"27,68200";"4,42779";"0,04006"
"27,69200";"4,44278";"0,04361"
"27,70200";"4,45790";"0,04307"
"27,71200";"4,47277";"0,03563"
"27,72200";"4,48776";"0,03488"
"27,73200";"4,50288";"0,04005"
"27,74200";"4,51787";"0,04090"
"27,75200";"4,53274";"0,03399"
"27,76200";"4,54785";"0,02592"
"27,77200";"4,56297";"0,01719"
"27,78200";"4,57819";"0,01287"
"27,79200";"4,59331";"0,00877"
"27,80200";"4,60830";"0,01138"
"27,81200";"4,62329";"0,01979"
"27,82200";"4,63817";"0,02674"
"27,83200";"4,65304";"0,02363"
"27,84200";"4,66804";"0,02578"
"27,85200";"4,68315";"0,02417"
"27,86200";"4,69814";"0,02337"
"27,87200";"4,71313";"0,02088"
"27,88200";"4,72813";"0,01537"
"27,89200";"4,74324";"0,01344"
"27,90200";"4,75823";"0,01946"
"27,91200";"4,77310";"0,02667"
"27,92200";"4,78798";"0,02967"
"27,93200";"4,80297";"0,02259"
"27,94200";"4,81797";"0,01404"
"27,95200";"4,83296";"0,00734"
"27,96200";"4,84783";"0,00759"
"27,97200";"4,86271";"0,01347"
"27,98200";"4,87770";"0,01961"
"27,99200";"4,89258";"0,02164"
"28,00200";"4,90757";"0,02177"
"28,01200";"4,92268";"0,02252"
"28,02200";"4,93779";"0,02198"
"28,03200";"4,95290";"0,02187"
"28,04200";"4,96790";"0,02156"
"28,05200";"4,98301";"0,02314"
"28,06200";"4,99812";"0,01971"
"28,07200";"5,01311";"0,01525"
"28,08200";"5,02834";"0,01995"
"28,09200";"5,04345";"0,02709"
"28,10200";"5,05856";"0,02121"
"28,11200";"5,07356";"0,01633"
"28,12200";"5,08843";"0,01469"
"28,13200";"5,10331";"0,00782"
"28,14200";"5,11830";"0,00290"
"28,15200";"5,13306";"-0,00061"
"28,16200";"5,14817";"-0,00449"
"28,17200";"5,16304";"-0,00540"
"28,18200";"5,17815";"-0,00254"
"28,19200";"5,19326";"0,00417"
"28,20200";"5,20814";"0,00400"
"28,21200";"5,22301";"-0,00046"
"28,22200";"5,23789";"0,00655"
"28,23200";"5,25276";"0,01992"
"28,24200";"5,26776";"0,02767"
"28,25200";"5,28287";"0,03368"
"28,26200";"5,29786";"0,03661"
"28,27200";"5,31285";"0,03401"
"28,28200";"5,32785";"0,03237"
"28,29200";"5,34284";"0,03110"
"28,30200";"5,35795";"0,02617"
"28,31200";"5,37294";"0,02463"
"28,32200";"5,38806";"0,03159"
"28,33200";"5,40305";"0,03553"
"28,34200";"5,41816";"0,04045"
"28,35200";"5,43315";"0,04490"
"28,36200";"5,44826";"0,04661"
"28,37200";"5,46326";"0,04351"
"28,38200";"5,47825";"0,04515"
"28,39200";"5,49324";"0,04202"
"28,40200";"5,50824";"0,04044"
"28,41200";"5,52311";"0,03184"
"28,42200";"5,53810";"0,03093"
"28,43200";"5,55310";"0,02611"
"28,44200";"5,56809";"0,01541"
"28,45200";"5,58308";"0,01230"
"28,46200";"5,59796";"0,01000"
"28,47200";"5,61295";"0,00972"
"28,48200";"5,62794";"0,01425"
"28,49200";"5,64294";"0,01846"
"28,50200";"5,65793";"0,02590"
"28,51200";"5,67304";"0,03678"
"28,52200";"5,68804";"0,03951"
"28,53200";"5,70303";"0,03354"
"28,54200";"5,71790";"0,02957"
"28,55200";"5,73301";"0,02754"
"28,56200";"5,74801";"0,02530"
"28,57200";"5,76300";"0,02630"
"28,58200";"5,77799";"0,02140"
"28,59200";"5,79299";"0,01858"
"28,60200";"5,80810";"0,02528"
"28,61200";"5,82309";"0,02366"
"28,62200";"5,83797";"0,02343"
"28,63200";"5,85296";"0,02199"
"28,64200";"5,86807";"0,02176"
"28,65200";"5,88318";"0,02320"
"28,66200";"5,89817";"0,02447"
"28,67200";"5,91317";"0,02452"
"28,68200";"5,92828";"0,02136"
"28,69200";"5,94315";"0,02442"
"28,70200";"5,95815";"0,03327"
"28,71200";"5,97302";"0,03337"
"28,72200";"5,98813";"0,02862"
"28,73200";"6,00312";"0,02090"
"28,74200";"6,01812";"0,01608"
"28,75200";"6,03311";"0,01311"
"28,76200";"6,04810";"0,01077"
"28,77200";"6,06310";"0,00900"
"28,78200";"6,07797";"0,00456"
"28,79200";"6,09297";"0,01010"
"28,80200";"6,10796";"0,01449"
"28,81200";"6,12295";"0,02153"
"28,82200";"6,13783";"0,02496"
"28,83200";"6,15282";"0,02707"
"28,84200";"6,16781";"0,03109"
"28,85200";"6,18281";"0,02853"
"28,86200";"6,19780";"0,02589"
"28,87200";"6,21279";"0,02398"
"28,88200";"6,22802";"0,02950"
"28,89200";"6,24313";"0,03147"
"28,90200";"6,25812";"0,03033"
"28,91200";"6,27312";"0,02889"
"28,92200";"6,28811";"0,02972"
"28,93200";"6,30299";"0,03296"
"28,94200";"6,31810";"0,02698"
"28,95200";"6,33321";"0,02021"
"28,96200";"6,34820";"0,02220"
"28,97200";"6,36319";"0,02234"
"28,98200";"6,37807";"0,01817"
"28,99200";"6,39318";"0,02008"
"29,00200";"6,40817";"0,02448"
"29,01200";"6,42305";"0,03264"
"29,02200";"6,43804";"0,03713"
"29,03200";"6,45303";"0,03558"
"29,04200";"6,46803";"0,03685"
"29,05200";"6,48302";"0,03815"
"29,06200";"6,49801";"0,04109"
"29,07200";"6,51301";"0,03627"
"29,08200";"6,52788";"0,03211"
"29,09200";"6,54276";"0,03482"
"29,10200";"6,55775";"0,03159"
"29,11200";"6,57274";"0,01977"
"29,12200";"6,58785";"0,01787"
"29,13200";"6,60285";"0,02442"
"29,14200";"6,61796";"0,02836"
"29,15200";"6,63295";"0,03314"
"29,16200";"6,64783";"0,03691"
"29,17200";"6,66282";"0,04889"
"29,18200";"6,67781";"0,04919"
"29,19200";"6,69292";"0,04994"
"29,20200";"6,70792";"0,04170"
"29,21200";"6,72303";"0,03347"
"29,22200";"6,73790";"0,01877"
"29,23200";"6,75290";"0,01249"
"29,24200";"6,76801";"0,00978"
"29,25200";"6,78300";"0,00596"
"29,26200";"6,79811";"0,00877"
"29,27200";"6,81310";"0,01751"
"29,28200";"6,82810";"0,02317"
"29,29200";"6,84321";"0,02767"
"29,30200";"6,85808";"0,02574"
"29,31200";"6,87308";"0,02771"
"29,32200";"6,88807";"0,02309"
"29,33200";"6,90306";"0,01673"
"29,34200";"6,91806";"0,02141"
"29,35200";"6,93305";"0,02630"
"29,36200";"6,94804";"0,03508"
"29,37200";"6,96292";"0,03859"
"29,38200";"6,97791";"0,03958"
"29,39200";"6,99290";"0,04677"
"29,40200";"7,00778";"0,05402"
"29,41200";"7,02277";"0,04909"
"29,42200";"7,03788";"0,04514"
"29,43200";"7,05288";"0,04702"
"29,44200";"7,06787";"0,04578"
"29,45200";"7,08298";"0,04082"
"29,46200";"7,09809";"0,03825"
"29,47200";"7,11297";"0,03375"
"29,48200";"7,12796";"0,03110"
"29,49200";"7,14295";"0,03008"
"29,50200";"7,15794";"0,03268"
"29,51200";"7,17306";"0,04511"
"29,52200";"7,18805";"0,04704"
"29,53200";"7,20304";"0,04317"
"29,54200";"7,21815";"0,03778"
"29,55200";"7,23303";"0,03040"
"29,56200";"7,24802";"0,02837"
"29,57200";"7,26301";"0,03272"
"29,58200";"7,27813";"0,03567"
"29,59200";"7,29312";"0,03894"
"29,60200";"7,30823";"0,04484"
"29,61200";"7,32310";"0,04594"
"29,62200";"7,33810";"0,04244"
"29,63200";"7,35309";"0,02947"
"29,64200";"7,36797";"0,02171"
"29,65200";"7,38296";"0,02031"
"29,66200";"7,39807";"0,02312"
"29,67200";"7,41318";"0,02333"
"29,68200";"7,42806";"0,02211"
"29,69200";"7,44305";"0,03043"
"29,70200";"7,45804";"0,03345"
"29,71200";"7,47292";"0,03839"
"29,72200";"7,48791";"0,04348"
"29,73200";"7,50290";"0,04474"
"29,74200";"7,51790";"0,05071"
"29,75200";"7,53301";"0,04294"
"29,76200";"7,54800";"0,02981"
"29,77200";"7,56299";"0,02505"
"29,78200";"7,57799";"0,02475"
"29,79200";"7,59286";"0,02552"
"29,80200";"7,60785";"0,03433"
"29,81200";"7,62285";"0,03822"
"29,82200";"7,63784";"0,04382"
"29,83200";"7,65295";"0,04473"
"29,84200";"7,66806";"0,04141"
"29,85200";"7,68306";"0,03714"
"29,86200";"7,69793";"0,03741"
"29,87200";"7,71292";"0,03717"
"29,88200";"7,72792";"0,04380"
"29,89200";"7,74291";"0,04975"
"29,90200";"7,75790";"0,05217"
"29,91200";"7,77278";"0,05110"
"29,92200";"7,78777";"0,04548"
"29,93200";"7,80265";"0,03734"
"29,94200";"7,81764";"0,03134"
"29,95200";"7,83263";"0,02914"
"29,96200";"7,84774";"0,02791"
"29,97200";"7,86285";"0,02889"
"29,98200";"7,87785";"0,02434"
"29,99200";"7,89296";"0,01871"
"30,00200";"7,90795";"0,01475"
"30,01200";"7,92294";"0,01130"
"30,02200";"7,93794";"0,02021"
"30,03200";"7,95281";"0,03697"
"30,04200";"7,96781";"0,04852"
"30,05200";"7,98292";"0,05607"
"30,06200";"7,99791";"0,04321"
"30,07200";"8,01302";"0,03325"
"30,08200";"8,02801";"0,03064"
"30,09200";"8,04313";"0,03190"
"30,10200";"8,05812";"0,03502"
"30,11200";"8,07299";"0,04251"
"30,12200";"8,08799";"0,04742"
"30,13200";"8,10298";"0,04592"
"30,14200";"8,11809";"0,03467"
"30,15200";"8,13308";"0,03088"
"30,16200";"8,14808";"0,02759"
"30,17200";"8,16319";"0,03438"
"30,18200";"8,17818";"0,04316"
"30,19200";"8,19317";"0,04891"
"30,20200";"8,20805";"0,05383"
"30,21200";"8,22304";"0,05567"
"30,22200";"8,23815";"0,05686"
"30,23200";"8,25315";"0,05377"
"30,24200";"8,26814";"0,05002"
"30,25200";"8,28313";"0,04475"
"30,26200";"8,29813";"0,03982"
"30,27200";"8,31312";"0,03879"
"30,28200";"8,32811";"0,03885"
"30,29200";"8,34322";"0,03651"
"30,30200";"8,35833";"0,03457"
"30,31200";"8,37321";"0,03532"
"30,32200";"8,38820";"0,03644"
"30,33200";"8,40308";"0,03536"
"30,34200";"8,41783";"0,03746"
"30,35200";"8,43283";"0,04108"
"30,36200";"8,44782";"0,03920"
"30,37200";"8,46281";"0,03957"
"30,38200";"8,47792";"0,03608"
"30,39200";"8,49304";"0,02899"
"30,40200";"8,50815";"0,03026"
"30,41200";"8,52326";"0,02561"
"30,42200";"8,53801";"0,02475"
"30,43200";"8,55301";"0,02924"
"30,44200";"8,56812";"0,03527"
"30,45200";"8,58311";"0,03129"
"30,46200";"8,59822";"0,02724"
"30,47200";"8,61322";"0,02435"
"30,48200";"8,62821";"0,03009"
"30,49200";"8,64320";"0,02900"
"30,50200";"8,65796";"0,02772"
"30,51200";"8,67283";"0,02351"
"30,52200";"8,68795";"0,01978"
"30,53200";"8,70294";"0,02442"
"30,54200";"8,71793";"0,03230"
"30,55200";"8,73292";"0,03689"
"30,56200";"8,74803";"0,03311"
"30,57200";"8,76291";"0,03255"
"30,58200";"8,77790";"0,03897"
"30,59200";"8,79278";"0,03785"
"30,60200";"8,80789";"0,03378"
"30,61200";"8,82300";"0,03246"
"30,62200";"8,83799";"0,03510"
"30,63200";"8,85287";"0,02690"
"30,64200";"8,86786";"0,02510"
"30,65200";"8,88297";"0,02688"
"30,66200";"8,89785";"0,02385"
"30,67200";"8,91272";"0,02448"
"30,68200";"8,92783";"0,03242"
"30,69200";"8,94294";"0,03648"
"30,70200";"8,95794";"0,03993"
"30,71200";"8,97281";"0,03610"
"30,72200";"8,98792";"0,03703"
"30,73200";"9,00292";"0,03873"
"30,74200";"9,01779";"0,03401"
"30,75200";"9,03279";"0,03109"
"30,76200";"9,04778";"0,02408"
"30,77200";"9,06289";"0,02184"
"30,78200";"9,07800";"0,02506"
"30,79200";"9,09287";"0,03643"
"30,80200";"9,10799";"0,04499"
"30,81200";"9,12298";"0,04726"
"30,82200";"9,13797";"0,04919"
"30,83200";"9,15297";"0,04287"
"30,84200";"9,16796";"0,03317"
"30,85200";"9,18307";"0,03579"
"30,86200";"9,19806";"0,04047"
"30,87200";"9,21317";"0,04468"
"30,88200";"9,22817";"0,04327"
"30,89200";"9,24316";"0,04195"
"30,90200";"9,25815";"0,03845"
"30,91200";"9,27315";"0,02784"
"30,92200";"9,28814";"0,02593"
"30,93200";"9,30313";"0,03629"
"30,94200";"9,31813";"0,04006"
"30,95200";"9,33312";"0,04178"
"30,96200";"9,34811";"0,04810"
"30,97200";"9,36310";"0,05023"
"30,98200";"9,37810";"0,05660"
"30,99200";"9,39309";"0,06161"
"31,00200";"9,40808";"0,05684"
"31,01200";"9,42308";"0,03986"
"31,02200";"9,43819";"0,02628"
"31,03200";"9,45330";"0,01779"
"31,04200";"9,46829";"0,02047"
"31,05200";"9,48305";"0,02757"
"31,06200";"9,49804";"0,03378"
"31,07200";"9,51304";"0,04380"
"31,08200";"9,52803";"0,04998"
"31,09200";"9,54302";"0,05472"
"31,10200";"9,55813";"0,06244"
"31,11200";"9,57312";"0,06208"
"31,12200";"9,58812";"0,05382"
"31,13200";"9,60311";"0,05013"
"31,14200";"9,61799";"0,04509"
"31,15200";"9,63310";"0,04900"
"31,16200";"9,64809";"0,04946"
"31,17200";"9,66297";"0,04272"
"31,18200";"9,67796";"0,04238"
"31,19200";"9,69307";"0,04094"
"31,20200";"9,70806";"0,04155"
"31,21200";"9,72294";"0,04142"
"31,22200";"9,73793";"0,04369"
"31,23200";"9,75304";"0,04608"
"31,24200";"9,76803";"0,04530"
"31,25200";"9,78303";"0,04084"
"31,26200";"9,79790";"0,03864"
"31,27200";"9,81301";"0,03822"
"31,28200";"9,82801";"0,03703"
"31,29200";"9,84288";"0,04222"
"31,30200";"9,85776";"0,05171"
"31,31200";"9,87287";"0,05113"
"31,32200";"9,88798";"0,04569"
"31,33200";"9,90297";"0,04604"
"31,34200";"9,91796";"0,04989"
"31,35200";"9,93308";"0,05377"
"31,36200";"9,94807";"0,05285"
"31,37200";"9,96294";"0,05423"
"31,38200";"9,97794";"0,05700"
"31,39200";"9,99293";"0,05549"
"31,40200";"10,00804";"0,05587"
"31,41200";"10,02304";"0,05815"
"31,42200";"10,03803";"0,05789"
"31,43200";"10,05314";"0,05830"
"31,44200";"10,06813";"0,05539"
"31,45200";"10,08301";"0,04629"
"31,46200";"10,09800";"0,03437"
"31,47200";"10,11299";"0,03121"
"31,48200";"10,12799";"0,03589"
"31,49200";"10,14310";"0,04125"
"31,50200";"10,15809";"0,04146"
"31,51200";"10,17308";"0,04081"
"31,52200";"10,18820";"0,04593"
"31,53200";"10,20319";"0,05156"
"31,54200";"10,21818";"0,05558"
"31,55200";"10,23318";"0,05706"
"31,56200";"10,24828";"0,05328"
"31,57200";"10,26328";"0,04552"
"31,58200";"10,27827";"0,04184"
"31,59200";"10,29315";"0,03420"
"31,60200";"10,30814";"0,03222"
"31,61200";"10,32313";"0,03139"
"31,62200";"10,33813";"0,04106"
"31,63200";"10,35312";"0,05136"
"31,64200";"10,36823";"0,05561"
"31,65200";"10,38322";"0,05585"
"31,66200";"10,39822";"0,05204"
"31,67200";"10,41321";"0,04968"
"31,68200";"10,42808";"0,05361"
"31,69200";"10,44308";"0,05376"
"31,70200";"10,45807";"0,05130"
"31,71200";"10,47318";"0,05300"
"31,72200";"10,48817";"0,04737"
"31,73200";"10,50328";"0,03930"
"31,74200";"10,51828";"0,03457"
"31,75200";"10,53315";"0,03774"
"31,76200";"10,54803";"0,04154"
"31,77200";"10,56302";"0,04659"
"31,78200";"10,57801";"0,04571"
"31,79200";"10,59301";"0,04206"
"31,80200";"10,60788";"0,04491"
"31,81200";"10,62288";"0,04977"
"31,82200";"10,63787";"0,05062"
"31,83200";"10,65286";"0,05652"
"31,84200";"10,66785";"0,06155"
"31,85200";"10,68285";"0,06048"
"31,86200";"10,69784";"0,05881"
"31,87200";"10,71283";"0,05975"
"31,88200";"10,72794";"0,05983"
"31,89200";"10,74294";"0,05882"
"31,90200";"10,75781";"0,05533"
"31,91200";"10,77292";"0,05790"
"31,92200";"10,78780";"0,06653"
"31,93200";"10,80267";"0,06684"
"31,94200";"10,81779";"0,06322"
"31,95200";"10,83290";"0,05962"
"31,96200";"10,84789";"0,05767"
"31,97200";"10,86300";"0,05415"
"31,98200";"10,87799";"0,04878"
"31,99200";"10,89299";"0,05675"
"32,00200";"10,90786";"0,06104"
"32,01200";"10,92274";"0,06370"
"32,02200";"10,93785";"0,06720"
"32,03200";"10,95296";"0,06643"
"32,04200";"10,96807";"0,06750"
"32,05200";"10,98306";"0,06818"
"32,06200";"10,99806";"0,07503"
"32,07200";"11,01305";"0,08018"
"32,08200";"11,02792";"0,07836"
"32,09200";"11,04292";"0,07262"
"32,10200";"11,05803";"0,06336"
"32,11200";"11,07302";"0,06194"
"32,12200";"11,08801";"0,06126"
"32,13200";"11,10289";"0,06787"
"32,14200";"11,11788";"0,07476"
"32,15200";"11,13288";"0,07388"
"32,16200";"11,14799";"0,06840"
"32,17200";"11,16298";"0,06968"
"32,18200";"11,17809";"0,07049"
"32,19200";"11,19308";"0,07275"
"32,20200";"11,20808";"0,07973"
"32,21200";"11,22307";"0,07543"
"32,22200";"11,23806";"0,06688"
"32,23200";"11,25306";"0,06353"
"32,24200";"11,26805";"0,06825"
"32,25200";"11,28304";"0,07929"
"32,26200";"11,29803";"0,08456"
"32,27200";"11,31315";"0,08434"
"32,28200";"11,32814";"0,08770"
"32,29200";"11,34301";"0,09385"
"32,30200";"11,35789";"0,09358"
"32,31200";"11,37288";"0,08760"
"32,32200";"11,38788";"0,08851"
"32,33200";"11,40287";"0,09390"
"32,34200";"11,41798";"0,09363"
"32,35200";"11,43309";"0,08842"
"32,36200";"11,44820";"0,07944"
"32,37200";"11,46319";"0,07432"
"32,38200";"11,47819";"0,07476"
"32,39200";"11,49318";"0,08015"
"32,40200";"11,50806";"0,08260"
"32,41200";"11,52317";"0,07921"
"32,42200";"11,53804";"0,07434"
"32,43200";"11,55315";"0,07736"
"32,44200";"11,56815";"0,07488"
"32,45200";"11,58314";"0,06950"
"32,46200";"11,59825";"0,06718"
"32,47200";"11,61312";"0,07325"
"32,48200";"11,62812";"0,08214"
"32,49200";"11,64311";"0,09243"
"32,50200";"11,65810";"0,09093"
"32,51200";"11,67310";"0,08782"
"32,52200";"11,68797";"0,09619"
"32,53200";"11,70296";"0,09729"
"32,54200";"11,71796";"0,10115"
"32,55200";"11,73295";"0,10020"
"32,56200";"11,74794";"0,09560"
"32,57200";"11,76306";"0,08931"
"32,58200";"11,77817";"0,08263"
"32,59200";"11,79304";"0,07780"
"32,60200";"11,80803";"0,07503"
"32,61200";"11,82303";"0,07183"
"32,62200";"11,83802";"0,07586"
"32,63200";"11,85290";"0,08302"
"32,64200";"11,86777";"0,08251"
"32,65200";"11,88288";"0,08042"
"32,66200";"11,89799";"0,07445"
"32,67200";"11,91299";"0,07897"
"32,68200";"11,92798";"0,08167"
"32,69200";"11,94297";"0,08680"
"32,70200";"11,95797";"0,08496"
"32,71200";"11,97284";"0,08250"
"32,72200";"11,98783";"0,08278"
"32,73200";"12,00294";"0,07745"
"32,74200";"12,01794";"0,08034"
"32,75200";"12,03293";"0,08721"
"32,76200";"12,04792";"0,09105"
"32,77200";"12,06304";"0,09402"
"32,78200";"12,07803";"0,09020"
"32,79200";"12,09290";"0,08166"
"32,80200";"12,10790";"0,07918"
"32,81200";"12,12301";"0,07556"
"32,82200";"12,13800";"0,07867"
"32,83200";"12,15287";"0,09120"
"32,84200";"12,16775";"0,10198"
"32,85200";"12,18274";"0,10727"
"32,86200";"12,19774";"0,11095"
"32,87200";"12,21273";"0,10831"
"32,88200";"12,22772";"0,10243"
"32,89200";"12,24283";"0,09493"
"32,90200";"12,25795";"0,08382"
"32,91200";"12,27294";"0,08019"
"32,92200";"12,28793";"0,08404"
"32,93200";"12,30280";"0,08842"
"32,94200";"12,31768";"0,10063"
"32,95200";"12,33267";"0,10356"
"32,96200";"12,34778";"0,10421"
"32,97200";"12,36278";"0,10621"
"32,98200";"12,37801";"0,10766"
"32,99200";"12,39312";"0,10992"
"33,00200";"12,40811";"0,10746"
"33,01200";"12,42310";"0,10326"
"33,02200";"12,43810";"0,10027"
"33,03200";"12,45309";"0,10458"
"33,04200";"12,46797";"0,10867"
"33,05200";"12,48308";"0,10681"
"33,06200";"12,49795";"0,09851"
"33,07200";"12,51306";"0,09174"
"33,08200";"12,52805";"0,09574"
"33,09200";"12,54305";"0,09892"
"33,10200";"12,55792";"0,10027"
"33,11200";"12,57292";"0,10582"
"33,12200";"12,58791";"0,10622"
"33,13200";"12,60278";"0,10627"
"33,14200";"12,61790";"0,09666"
"33,15200";"12,63289";"0,08573"
"33,16200";"12,64776";"0,08238"
"33,17200";"12,66276";"0,08724"
"33,18200";"12,67775";"0,09615"
"33,19200";"12,69286";"0,10481"
"33,20200";"12,70797";"0,10937"
"33,21200";"12,72308";"0,11124"
"33,22200";"12,73819";"0,10903"
"33,23200";"12,75331";"0,09928"
"33,24200";"12,76830";"0,09453"
"33,25200";"12,78317";"0,09384"
"33,26200";"12,79805";"0,09941"
"33,27200";"12,81304";"0,10749"
"33,28200";"12,82815";"0,11579"
"33,29200";"12,84315";"0,11775"
"33,30200";"12,85814";"0,11949"
"33,31200";"12,87313";"0,11484"
"33,32200";"12,88813";"0,10166"
"33,33200";"12,90312";"0,08718"
"33,34200";"12,91787";"0,08443"
"33,35200";"12,93287";"0,08977"
"33,36200";"12,94786";"0,10141"
"33,37200";"12,96285";"0,10941"
"33,38200";"12,97785";"0,11166"
"33,39200";"12,99284";"0,11269"
"33,40200";"13,00795";"0,11146"
"33,41200";"13,02306";"0,11906"
"33,42200";"13,03806";"0,12387"
"33,43200";"13,05305";"0,11575"
"33,44200";"13,06816";"0,10790"
"33,45200";"13,08315";"0,11109"
"33,46200";"13,09814";"0,11631"
"33,47200";"13,11314";"0,11742"
"33,48200";"13,12813";"0,12111"
"33,49200";"13,14289";"0,12079"
"33,50200";"13,15776";"0,12725"
"33,51200";"13,17276";"0,13345"
"33,52200";"13,18775";"0,13030"
"33,53200";"13,20286";"0,12044"
"33,54200";"13,21797";"0,11825"
"33,55200";"13,23297";"0,11909"
"33,56200";"13,24796";"0,11874"
"33,57200";"13,26283";"0,11882"
"33,58200";"13,27783";"0,12074"
"33,59200";"13,29282";"0,12015"
"33,60200";"13,30781";"0,12574"
"33,61200";"13,32292";"0,12818"
"33,62200";"13,33792";"0,13153"
"33,63200";"13,35291";"0,13078"
"33,64200";"13,36790";"0,12538"
"33,65200";"13,38290";"0,12567"
"33,66200";"13,39789";"0,13011"
"33,67200";"13,41288";"0,13086"
"33,68200";"13,42787";"0,12603"
"33,69200";"13,44299";"0,12150"
"33,70200";"13,45798";"0,12111"
"33,71200";"13,47297";"0,11929"
"33,72200";"13,48808";"0,12131"
"33,73200";"13,50308";"0,12363"
"33,74200";"13,51807";"0,12870"
"33,75200";"13,53306";"0,13467"
"33,76200";"13,54806";"0,13052"
"33,77200";"13,56305";"0,13431"
"33,78200";"13,57804";"0,14363"
"33,79200";"13,59303";"0,15061"
"33,80200";"13,60803";"0,14978"
"33,81200";"13,62290";"0,14926"
"33,82200";"13,63790";"0,15832"
"33,83200";"13,65301";"0,15899"
"33,84200";"13,66800";"0,15899"
"33,85200";"13,68299";"0,16003"
"33,86200";"13,69810";"0,15913"
"33,87200";"13,71310";"0,15884"
"33,88200";"13,72809";"0,15699"
"33,89200";"13,74296";"0,15538"
"33,90200";"13,75796";"0,15399"
"33,91200";"13,77295";"0,15802"
"33,92200";"13,78794";"0,16457"
"33,93200";"13,80294";"0,16769"
"33,94200";"13,81817";"0,16305"
"33,95200";"13,83328";"0,15938"
"33,96200";"13,84827";"0,16076"
"33,97200";"13,86315";"0,16085"
"33,98200";"13,87814";"0,16222"
"33,99200";"13,89313";"0,16475"
"34,00200";"13,90801";"0,15664"
"34,01200";"13,92300";"0,15380"
"34,02200";"13,93811";"0,16236"
"34,03200";"13,95310";"0,17329"
"34,04200";"13,96810";"0,18097"
"34,05200";"13,98309";"0,17645"
"34,06200";"13,99797";"0,17109"
"34,07200";"14,01296";"0,16996"
"34,08200";"14,02807";"0,17458"
"34,09200";"14,04294";"0,18085"
"34,10200";"14,05794";"0,18943"
"34,11200";"14,07293";"0,18926"
"34,12200";"14,08781";"0,19319"
"34,13200";"14,10280";"0,20357"
"34,14200";"14,11791";"0,21010"
"34,15200";"14,13290";"0,20679"
"34,16200";"14,14790";"0,19956"
"34,17200";"14,16301";"0,19705"
"34,18200";"14,17800";"0,18979"
"34,19200";"14,19311";"0,18388"
"34,20200";"14,20799";"0,18628"
"34,21200";"14,22286";"0,18989"
"34,22200";"14,23797";"0,19319"
"34,23200";"14,25296";"0,19086"
"34,24200";"14,26808";"0,19595"
"34,25200";"14,28307";"0,19998"
"34,26200";"14,29818";"0,20439"
"34,27200";"14,31317";"0,20996"
"34,28200";"14,32817";"0,21502"
"34,29200";"14,34304";"0,21808"
"34,30200";"14,35803";"0,21973"
"34,31200";"14,37303";"0,21877"
"34,32200";"14,38802";"0,21457"
"34,33200";"14,40301";"0,21391"
"34,34200";"14,41801";"0,21429"
"34,35200";"14,43312";"0,21902"
"34,36200";"14,44799";"0,22748"
"34,37200";"14,46299";"0,23603"
"34,38200";"14,47798";"0,24495"
"34,39200";"14,49309";"0,24769"
"34,40200";"14,50808";"0,24169"
"34,41200";"14,52308";"0,23909"
"34,42200";"14,53807";"0,23669"
"34,43200";"14,55318";"0,23619"
"34,44200";"14,56817";"0,23385"
"34,45200";"14,58317";"0,22811"
"34,46200";"14,59804";"0,22723"
"34,47200";"14,61315";"0,22630"
"34,48200";"14,62815";"0,22871"
"34,49200";"14,64326";"0,23467"
"34,50200";"14,65813";"0,23546"
"34,51200";"14,67313";"0,23735"
"34,52200";"14,68800";"0,24334"
"34,53200";"14,70299";"0,24966"
"34,54200";"14,71810";"0,25454"
"34,55200";"14,73322";"0,25699"
"34,56200";"14,74833";"0,26435"
"34,57200";"14,76332";"0,27119"
"34,58200";"14,77831";"0,27579"
"34,59200";"14,79331";"0,27126"
"34,60200";"14,80818";"0,27038"
"34,61200";"14,82317";"0,28296"
"34,62200";"14,83805";"0,30163"
"34,63200";"14,85292";"0,31622"
"34,64200";"14,86792";"0,32525"
"34,65200";"14,88291";"0,32972"
"34,66200";"14,89790";"0,32700"
"34,67200";"14,91278";"0,32050"
"34,68200";"14,92777";"0,31267"
"34,69200";"14,94276";"0,31578"
"34,70200";"14,95788";"0,32721"
"34,71200";"14,97299";"0,33950"
"34,72200";"14,98822";"0,34858"
"34,73200";"15,00321";"0,34986"
"34,74200";"15,01820";"0,35077"
"34,75200";"15,03319";"0,35676"
"34,76200";"15,04807";"0,36455"
"34,77200";"15,06318";"0,37032"
"34,78200";"15,07817";"0,37307"
"34,79200";"15,09317";"0,37669"
"34,80200";"15,10828";"0,37999"
"34,81200";"15,12327";"0,39197"
"34,82200";"15,13815";"0,40462"
"34,83200";"15,15302";"0,41151"
"34,84200";"15,16790";"0,41127"
"34,85200";"15,18289";"0,40929"
"34,86200";"15,19788";"0,41522"
"34,87200";"15,21287";"0,42216"
"34,88200";"15,22787";"0,43659"
"34,89200";"15,24286";"0,44924"
"34,90200";"15,25774";"0,46353"
"34,91200";"15,27261";"0,47978"
"34,92200";"15,28760";"0,49088"
"34,93200";"15,30260";"0,49883"
"34,94200";"15,31771";"0,50903"
"34,95200";"15,33282";"0,51669"
"34,96200";"15,34781";"0,52600"
"34,97200";"15,36280";"0,54158"
"34,98200";"15,37792";"0,54866"
"34,99200";"15,39303";"0,55244"
"35,00200";"15,40802";"0,56458"
"35,01200";"15,42313";"0,58632"
"35,02200";"15,43824";"0,61032"
"35,03200";"15,45324";"0,62189"
"35,04200";"15,46823";"0,62643"
"35,05200";"15,48322";"0,63035"
"35,06200";"15,49810";"0,63355"
"35,07200";"15,51297";"0,63859"
"35,08200";"15,52785";"0,66004"
"35,09200";"15,54296";"0,67640"
"35,10200";"15,55807";"0,68565"
"35,11200";"15,57306";"0,70276"
"35,12200";"15,58805";"0,71912"
"35,13200";"15,60305";"0,73186"
"35,14200";"15,61804";"0,74210"
"35,15200";"15,63304";"0,75191"
"35,16200";"15,64803";"0,76805"
"35,17200";"15,66302";"0,79044"
"35,18200";"15,67813";"0,81380"
"35,19200";"15,69312";"0,84168"
"35,20200";"15,70812";"0,86997"
"35,21200";"15,72299";"0,88987"
"35,22200";"15,73787";"0,90899"
"35,23200";"15,75274";"0,92343"
"35,24200";"15,76785";"0,93726"
"35,25200";"15,78285";"0,95936"
"35,26200";"15,79784";"0,97524"
"35,27200";"15,81283";"0,98614"
"35,28200";"15,82794";"1,00398"
"35,29200";"15,84306";"1,02177"
"35,30200";"15,85817";"1,04727"
"35,31200";"15,87316";"1,07989"
"35,32200";"15,88815";"1,10969"
"35,33200";"15,90326";"1,14045"
"35,34200";"15,91826";"1,16583"
"35,35200";"15,93325";"1,18962"
"35,36200";"15,94813";"1,22031"
"35,37200";"15,96312";"1,24691"
"35,38200";"15,97811";"1,27352"
"35,39200";"15,99310";"1,30686"
"35,40200";"16,00810";"1,33420"
"35,41200";"16,02309";"1,35990"
"35,42200";"16,03808";"1,38827"
"35,43200";"16,05308";"1,41426"
"35,44200";"16,06807";"1,44111"
"35,45200";"16,08294";"1,47027"
"35,46200";"16,09782";"1,50023"
"35,47200";"16,11269";"1,53325"
"35,48200";"16,12769";"1,56216"
"35,49200";"16,14268";"1,59273"
"35,50200";"16,15779";"1,62140"
"35,51200";"16,17278";"1,65941"
"35,52200";"16,18790";"1,71234"
"35,53200";"16,20289";"1,76298"
"35,54200";"16,21788";"1,79732"
"35,55200";"16,23288";"1,82469"
"35,56200";"16,24799";"1,85796"
"35,57200";"16,26310";"1,90072"
"35,58200";"16,27809";"1,94951"
"35,59200";"16,29320";"1,99223"
"35,60200";"16,30831";"2,04030"
"35,61200";"16,32331";"2,08763"
"35,62200";"16,33830";"2,13066"
"35,63200";"16,35329";"2,17114"
"35,64200";"16,36828";"2,21785"
"35,65200";"16,38328";"2,26784"
"35,66200";"16,39815";"2,31383"
"35,67200";"16,41303";"2,36785"
"35,68200";"16,42802";"2,42694"
"35,69200";"16,44301";"2,48759"
"35,70200";"16,45789";"2,55029"
"35,71200";"16,47288";"2,60359"
"35,72200";"16,48788";"2,66216"
"35,73200";"16,50299";"2,72273"
"35,74200";"16,51798";"2,78918"
"35,75200";"16,53297";"2,86867"
"35,76200";"16,54797";"2,95294"
"35,77200";"16,56284";"3,03382"
"35,78200";"16,57771";"3,10995"
"35,79200";"16,59271";"3,19396"
"35,80200";"16,60770";"3,27616"
"35,81200";"16,62281";"3,35625"
"35,82200";"16,63792";"3,44012"
"35,83200";"16,65303";"3,52890"
"35,84200";"16,66814";"3,62728"
"35,85200";"16,68314";"3,73716"
"35,86200";"16,69813";"3,84071"
"35,87200";"16,71313";"3,93707"
"35,88200";"16,72812";"4,03551"
"35,89200";"16,74311";"4,13873"
"35,90200";"16,75810";"4,24782"
"35,91200";"16,77298";"4,36443"
"35,92200";"16,78797";"4,48654"
"35,93200";"16,80297";"4,61835"
"35,94200";"16,81796";"4,75246"
"35,95200";"16,83307";"4,88758"
"35,96200";"16,84806";"5,02575"
"35,97200";"16,86306";"5,17384"
"35,98200";"16,87805";"5,32660"
"35,99200";"16,89304";"5,48107"
"36,00200";"16,90804";"5,63895"
"36,01200";"16,92303";"5,79833"
"36,02200";"16,93790";"5,96374"
"36,03200";"16,95301";"6,13668"
"36,04200";"16,96801";"6,32111"
"36,05200";"16,98312";"6,51749"
"36,06200";"16,99799";"6,71519"
"36,07200";"17,01299";"6,92255"
"36,08200";"17,02798";"7,13535"
"36,09200";"17,04285";"7,35702"
"36,10200";"17,05773";"7,58622"
"36,11200";"17,07272";"7,82268"
"36,12200";"17,08783";"8,06490"
"36,13200";"17,10283";"8,31930"
"36,14200";"17,11782";"8,58837"
"36,15200";"17,13293";"8,87605"
"36,16200";"17,14804";"9,17697"
"36,17200";"17,16303";"9,48239"
"36,18200";"17,17791";"9,80024"
"36,19200";"17,19290";"10,12925"
"36,20200";"17,20790";"10,46570"
"36,21200";"17,22289";"10,81444"
"36,22200";"17,23788";"11,19071"
"36,23200";"17,25288";"11,59290"
"36,24200";"17,26787";"12,00442"
"36,25200";"17,28286";"12,43619"
"36,26200";"17,29774";"12,87797"
"36,27200";"17,31285";"13,33394"
"36,28200";"17,32784";"13,81549"
"36,29200";"17,34283";"14,32378"
"36,30200";"17,35783";"14,85457"
"36,31200";"17,37282";"15,41004"
"36,32200";"17,38781";"15,99325"
"36,33200";"17,40281";"16,60266"
"36,34200";"17,41768";"17,22846"
"36,35200";"17,43267";"17,87845"
"36,36200";"17,44778";"18,56230"
"36,37200";"17,46278";"19,28013"
"36,38200";"17,47765";"20,03115"
"36,39200";"17,49265";"20,81803"
"36,40200";"17,50764";"21,63910"
"36,41200";"17,52263";"22,49437"
"36,42200";"17,53774";"23,39490"
"36,43200";"17,55285";"24,33943"
"36,44200";"17,56808";"25,31827"
"36,45200";"17,58319";"26,34400"
"36,46200";"17,59819";"27,41517"
"36,47200";"17,61318";"28,52322"
"36,48200";"17,62817";"29,66682"
"36,49200";"17,64305";"30,85825"
"36,50200";"17,65804";"32,11090"
"36,51200";"17,67292";"33,42585"
"36,52200";"17,68791";"34,80594"
"36,53200";"17,70290";"36,24480"
"36,54200";"17,71802";"37,72530"
"36,55200";"17,73301";"39,26490"
"36,56200";"17,74800";"40,84551"
"36,57200";"17,76311";"42,48866"
"36,58200";"17,77810";"44,20248"
"36,59200";"17,79310";"46,00436"
"36,60200";"17,80809";"47,90570"
"36,61200";"17,82308";"49,90029"
"36,62200";"17,83796";"51,97593"
"36,63200";"17,85283";"54,10234"
"36,64200";"17,86759";"56,29830"
"36,65200";"17,88247";"58,55926"
"36,66200";"17,89758";"60,94036"
"36,67200";"17,91269";"63,47582"
"36,68200";"17,92780";"66,18036"
"36,69200";"17,94279";"69,05095"
"36,70200";"17,95778";"72,06203"
"36,71200";"17,97278";"75,20737"
"36,72200";"17,98789";"78,51937"
"36,73200";"18,00300";"82,01793"
"36,74200";"18,01811";"85,70052"
"36,75200";"18,03322";"89,60277"
"36,76200";"18,04822";"93,73888"
"36,77200";"18,06321";"98,06581"
"36,78200";"18,07808";"102,61368"
"36,79200";"18,09296";"107,35015"
"36,80200";"18,10783";"112,24520"
"36,81200";"18,12283";"117,30657"
"36,82200";"18,13782";"122,55762"
"36,83200";"18,15293";"128,02066"
"36,84200";"18,16792";"133,65948"
"36,85200";"18,18292";"139,46606"
"36,86200";"18,19791";"145,41858"
"36,87200";"18,21302";"151,52237"
"36,88200";"18,22778";"157,79131"
"36,89200";"18,24277";"164,18692"
"36,90200";"18,25776";"170,77415"
"36,91200";"18,27276";"177,55493"
"36,92200";"18,28775";"184,47461"
"36,93200";"18,30263";"191,54391"
"36,94200";"18,31750";"198,71570"
"36,95200";"18,33237";"206,01070"
"36,96200";"18,34725";"213,48123"
"36,97200";"18,36224";"221,14034"
"36,98200";"18,37724";"228,94380"
"36,99200";"18,39235";"236,88614"
"37,00200";"18,40746";"244,95369"
"37,01200";"18,42257";"253,27492"
"37,02200";"18,43768";"261,90778"
"37,03200";"18,45256";"270,72470"
"37,04200";"18,46755";"279,55798"
"37,05200";"18,48278";"288,49347"
"37,06200";"18,49777";"297,71994"
"37,06400";"18,50084";"299,59982"
"37,06600";"18,50379";"301,48697"
"37,07600";"18,51690";"310,95963"
"37,08600";"18,52445";"319,12894"
"37,09200";"18,52634";"321,84076"
"37,10200";"18,52551";"320,49789"
"37,11200";"18,52056";"310,66583"
"37,12200";"18,50899";"291,21414"
"37,13200";"18,49199";"259,64081"
"37,14200";"18,47168";"215,51859"
"37,15200";"18,44984";"163,47023"
"37,16200";"18,42788";"111,12956"
"37,17200";"18,40663";"65,45329"
"37,18200";"18,38633";"30,27906"
"37,19200";"18,36661";"7,21372"
"37,20200";"18,34772";"-4,38688"
"37,21200";"18,32931";"-7,34574"
"37,22200";"18,31148";"-5,42569"
"37,23200";"18,29436";"-1,85630"
"37,24200";"18,27783";"1,35398"
"37,25200";"18,26154";"3,37663"
"37,26200";"18,24560";"4,17240"
"37,27200";"18,22978";"4,08125"
"37,28200";"18,21432";"3,49069"
"37,29200";"18,19874";"2,69027"
"37,30200";"18,18351";"1,86715"
"37,31200";"18,16828";"1,13087"
"37,32200";"18,15317";"0,52492"
"37,33200";"18,13794";"0,04681"
"37,34200";"18,12271";"-0,35023"
"37,35200";"18,10760";"-0,68828"
"37,36200";"18,09237";"-0,98148"
"37,37200";"18,07738";"-1,23159"
"37,38200";"18,06250";"-1,43926"
"37,39200";"18,04786";"-1,60316"
"37,40200";"18,03299";"-1,73149"
"37,41200";"18,01787";"-1,85359"
"37,42200";"18,00253";"-1,98614"
"37,43200";"17,98718";"-2,10748"
"37,44200";"17,97195";"-2,20428"
"37,45200";"17,95672";"-2,28775"
"37,46200";"17,94173";"-2,35632"
"37,47200";"17,92673";"-2,40101"
"37,48200";"17,91186";"-2,41560"
"37,49200";"17,89699";"-2,41749"
"37,50200";"17,88199";"-2,42723"
"37,51200";"17,86688";"-2,42554"
"37,52200";"17,85177";"-2,41924"
"37,53200";"17,83678";"-2,41026"
"37,54200";"17,82178";"-2,39710"
"37,55200";"17,80691";"-2,36790"
"37,56200";"17,79203";"-2,32901"
"37,57200";"17,77716";"-2,28883"
"37,58200";"17,76217";"-2,25138"
"37,59200";"17,74706";"-2,21162"
"37,60200";"17,73195";"-2,17182"
"37,61200";"17,71695";"-2,13377"
"37,62200";"17,70196";"-2,09694"
"37,63200";"17,68696";"-2,05605"
"37,64200";"17,67186";"-2,02209"
"37,65200";"17,65686";"-1,98415"
"37,66200";"17,64187";"-1,94342"
"37,67200";"17,62675";"-1,90183"
"37,68200";"17,61176";"-1,85942"
"37,69200";"17,59689";"-1,80944"
"37,70200";"17,58213";"-1,75107"
"37,71200";"17,56714";"-1,69790"
"37,72200";"17,55215";"-1,64913"
"37,73200";"17,53703";"-1,60289"
"37,74200";"17,52204";"-1,55598"
"37,75200";"17,50705";"-1,50001"
"37,76200";"17,49194";"-1,44423"
"37,77200";"17,47694";"-1,39347"
"37,78200";"17,46207";"-1,33697"
"37,79200";"17,44719";"-1,28496"
"37,80200";"17,43220";"-1,24991"
"37,81200";"17,41721";"-1,21343"
"37,82200";"17,40221";"-1,17667"
"37,83200";"17,38711";"-1,14213"
"37,84200";"17,37188";"-1,10472"
"37,85200";"17,35700";"-1,05968"
"37,86200";"17,34201";"-1,02031"
"37,87200";"17,32701";"-0,97548"
"37,88200";"17,31202";"-0,93513"
"37,89200";"17,29691";"-0,90063"
"37,90200";"17,28204";"-0,87443"
"37,91200";"17,26704";"-0,84454"
"37,92200";"17,25193";"-0,81726"
"37,93200";"17,23694";"-0,79607"
"37,94200";"17,22206";"-0,77593"
"37,95200";"17,20719";"-0,75165"
"37,96200";"17,19208";"-0,73082"
"37,97200";"17,17696";"-0,71132"
"37,98200";"17,16197";"-0,69113"
"37,99200";"17,14698";"-0,66255"
"38,00200";"17,13199";"-0,63870"
"38,01200";"17,11699";"-0,62151"
"38,02200";"17,10200";"-0,61530"
"38,03200";"17,08713";"-0,60523"
"38,04200";"17,07201";"-0,59271"
"38,05200";"17,05690";"-0,57090"
"38,06200";"17,04203";"-0,55921"
"38,07200";"17,02692";"-0,55690"
"38,08200";"17,01192";"-0,54743"
"38,09200";"16,99693";"-0,53019"
"38,10200";"16,98194";"-0,51808"
"38,11200";"16,96706";"-0,51474"
"38,12200";"16,95207";"-0,51362"
"38,13200";"16,93696";"-0,50827"
"38,14200";"16,92196";"-0,50576"
"38,15200";"16,90697";"-0,49754"
"38,16200";"16,89198";"-0,48672"
"38,17200";"16,87687";"-0,47148"
"38,18200";"16,86188";"-0,45584"
"38,19200";"16,84688";"-0,44887"
"38,20200";"16,83201";"-0,44281"
"38,21200";"16,81689";"-0,43180"
"38,22200";"16,80190";"-0,43090"
"38,23200";"16,78679";"-0,41954"
"38,24200";"16,77192";"-0,40169"
"38,25200";"16,75692";"-0,38823"
"38,26200";"16,74193";"-0,38127"
"38,27200";"16,72694";"-0,37897"
"38,28200";"16,71206";"-0,36898"
"38,29200";"16,69695";"-0,36292"
"38,30200";"16,68184";"-0,35474"
"38,31200";"16,66685";"-0,35041"
"38,32200";"16,65197";"-0,34763"
"38,33200";"16,63710";"-0,34627"
"38,34200";"16,62199";"-0,34246"
"38,35200";"16,60699";"-0,33253"
"38,36200";"16,59200";"-0,32802"
"38,37200";"16,57701";"-0,32072"
"38,38200";"16,56190";"-0,31829"
"38,39200";"16,54679";"-0,31872"
"38,40200";"16,53179";"-0,32330"
"38,41200";"16,51692";"-0,32423"
"38,42200";"16,50204";"-0,31760"
"38,43200";"16,48705";"-0,31043"
"38,44200";"16,47206";"-0,31038"
"38,45200";"16,45706";"-0,30306"
"38,46200";"16,44195";"-0,29975"
"38,47200";"16,42684";"-0,29818"
"38,48200";"16,41185";"-0,29197"
"38,49200";"16,39709";"-0,28787"
"38,50200";"16,38210";"-0,29131"
"38,51200";"16,36699";"-0,29390"
"38,52200";"16,35211";"-0,30173"
"38,53200";"16,33712";"-0,30225"
"38,54200";"16,32212";"-0,28813"
"38,55200";"16,30713";"-0,26354"
"38,56200";"16,29214";"-0,24119"
"38,57200";"16,27715";"-0,22793"
"38,58200";"16,26215";"-0,22308"
"38,59200";"16,24716";"-0,22019"
"38,60200";"16,23205";"-0,22311"
"38,61200";"16,21717";"-0,22686"
"38,62200";"16,20218";"-0,23310"
"38,63200";"16,18719";"-0,23220"
"38,64200";"16,17220";"-0,23444"
"38,65200";"16,15732";"-0,23200"
"38,66200";"16,14233";"-0,22249"
"38,67200";"16,12710";"-0,20850"
"38,68200";"16,11199";"-0,20162"
"38,69200";"16,09687";"-0,19628"
"38,70200";"16,08177";"-0,19521"
"38,71200";"16,06677";"-0,19986"
"38,72200";"16,05178";"-0,20846"
"38,73200";"16,03690";"-0,21152"
"38,74200";"16,02203";"-0,20686"
"38,75200";"16,00704";"-0,20753"
"38,76200";"15,99192";"-0,20410"
"38,77200";"15,97693";"-0,20403"
"38,78200";"15,96206";"-0,20743"
"38,79200";"15,94706";"-0,20927"
"38,80200";"15,93195";"-0,20808"
"38,81200";"15,91696";"-0,20320"
"38,82200";"15,90208";"-0,20490"
"38,83200";"15,88721";"-0,20532"
"38,84200";"15,87210";"-0,20228"
"38,85200";"15,85710";"-0,20046"
"38,86200";"15,84211";"-0,20067"
"38,87200";"15,82712";"-0,19539"
"38,88200";"15,81213";"-0,18306"
"38,89200";"15,79713";"-0,17922"
"38,90200";"15,78226";"-0,18491"
"38,91200";"15,76727";"-0,19018"
"38,92200";"15,75215";"-0,18838"
"38,93200";"15,73704";"-0,19033"
"38,94200";"15,72193";"-0,19101"
"38,95200";"15,70706";"-0,18555"
"38,96200";"15,69206";"-0,18151"
"38,97200";"15,67707";"-0,17334"
"38,98200";"15,66220";"-0,16939"
"38,99200";"15,64720";"-0,17054"
"39,00200";"15,63221";"-0,16605"
"39,01200";"15,61698";"-0,16328"
"39,02200";"15,60187";"-0,16766"
"39,03200";"15,58687";"-0,18196"
"39,04200";"15,57188";"-0,18659"
"39,05200";"15,55677";"-0,18336"
"39,06200";"15,54178";"-0,17804"
"39,07200";"15,52690";"-0,17346"
"39,08200";"15,51191";"-0,17063"
"39,09200";"15,49680";"-0,17172"
"39,10200";"15,48169";"-0,17544"
"39,11200";"15,46681";"-0,18175"
"39,12200";"15,45194";"-0,17948"
"39,13200";"15,43694";"-0,18147"
"39,14200";"15,42195";"-0,18306"
"39,15200";"15,40707";"-0,18024"
"39,16200";"15,39220";"-0,16879"
"39,17200";"15,37709";"-0,15635"
"39,18200";"15,36198";"-0,14905"
"39,19200";"15,34699";"-0,14148"
"39,20200";"15,33211";"-0,13988"
"39,21200";"15,31712";"-0,14409"
"39,22200";"15,30201";"-0,14771"
"39,23200";"15,28701";"-0,15389"
"39,24200";"15,27202";"-0,15570"
"39,25200";"15,25703";"-0,15023"
"39,26200";"15,24192";"-0,14326"
"39,27200";"15,22704";"-0,13382"
"39,28200";"15,21217";"-0,12471"
"39,29200";"15,19717";"-0,11295"
"39,30200";"15,18218";"-0,10682"
"39,31200";"15,16707";"-0,10656"
"39,32200";"15,15219";"-0,11100"
"39,33200";"15,13720";"-0,10889"
"39,34200";"15,12209";"-0,10357"
"39,35200";"15,10698";"-0,10099"
"39,36200";"15,09210";"-0,09432"
"39,37200";"15,07723";"-0,07564"
"39,38200";"15,06212";"-0,06042"
"39,39200";"15,04713";"-0,05942"
"39,40200";"15,03213";"-0,07022"
"39,41200";"15,01714";"-0,07781"
"39,42200";"15,00203";"-0,08159"
"39,43200";"14,98703";"-0,09506"
"39,44200";"14,97216";"-0,10545"
"39,45200";"14,95728";"-0,10876"
"39,46200";"14,94229";"-0,10316"
"39,47200";"14,92718";"-0,09140"
"39,48200";"14,91219";"-0,08173"
"39,49200";"14,89731";"-0,07924"
"39,50200";"14,88220";"-0,07832"
"39,51200";"14,86709";"-0,07932"
"39,52200";"14,85210";"-0,08025"
"39,53200";"14,83722";"-0,08119"
"39,54200";"14,82223";"-0,08191"
"39,55200";"14,80712";"-0,08024"
"39,56200";"14,79201";"-0,07917"
"39,57200";"14,77713";"-0,08307"
"39,58200";"14,76214";"-0,08662"
"39,59200";"14,74726";"-0,08718"
"39,60200";"14,73215";"-0,08600"
"39,61200";"14,71728";"-0,08074"
"39,62200";"14,70228";"-0,06934"
"39,63200";"14,68717";"-0,06822"
"39,64200";"14,67194";"-0,07032"
"39,65200";"14,65695";"-0,07608"
"39,66200";"14,64208";"-0,06513"
"39,67200";"14,62697";"-0,05291"
"39,68200";"14,61197";"-0,05396"
"39,69200";"14,59698";"-0,06239"
"39,70200";"14,58199";"-0,06808"
"39,71200";"14,56687";"-0,06730"
"39,72200";"14,55176";"-0,06642"
"39,73200";"14,53677";"-0,06715"
"39,74200";"14,52190";"-0,06423"
"39,75200";"14,50690";"-0,05920"
"39,76200";"14,49179";"-0,06033"
"39,77200";"14,47680";"-0,06061"
"39,78200";"14,46192";"-0,05595"
"39,79200";"14,44693";"-0,05212"
"39,80200";"14,43170";"-0,04406"
"39,81200";"14,41671";"-0,04599"
"39,82200";"14,40183";"-0,04695"
"39,83200";"14,38696";"-0,04837"
"39,84200";"14,37185";"-0,04850"
"39,85200";"14,35674";"-0,04988"
"39,86200";"14,34186";"-0,05238"
"39,87200";"14,32675";"-0,05405"
"39,88200";"14,31152";"-0,05354"
"39,89200";"14,29653";"-0,06202"
"39,90200";"14,28189";"-0,06049"
"39,91200";"14,26701";"-0,05463"
"39,92200";"14,25190";"-0,05166"
"39,93200";"14,23691";"-0,05063"
"39,94200";"14,22192";"-0,05110"
"39,95200";"14,20692";"-0,04833"
"39,96200";"14,19181";"-0,04191"
"39,97200";"14,17670";"-0,04751"
"39,98200";"14,16206";"-0,05105"
"39,99200";"14,14719";"-0,05373"
"40,00200";"14,13231";"-0,04912"
"40,01200";"14,11708";"-0,04115"
"40,02200";"14,10197";"-0,03864"
"40,03200";"14,08710";"-0,03935"
"40,04200";"14,07187";"-0,04159"
"40,05200";"14,05676";"-0,03991"
"40,06200";"14,04200";"-0,03462"
"40,07200";"14,02713";"-0,03566"
"40,08200";"14,01225";"-0,03913"
"40,09200";"13,99714";"-0,03060"
"40,10200";"13,98215";"-0,02563"
"40,11200";"13,96727";"-0,01898"
"40,12200";"13,95228";"-0,01022"
"40,13200";"13,93717";"-0,01449"
"40,14200";"13,92217";"-0,01314"
"40,15200";"13,90730";"-0,01158"
"40,16200";"13,89231";"-0,00884"
"40,17200";"13,87708";"-0,01421"
"40,18200";"13,86196";"-0,02860"
"40,19200";"13,84709";"-0,03933"
"40,20200";"13,83210";"-0,04159"
"40,21200";"13,81710";"-0,02953"
"40,22200";"13,80211";"-0,02338"
"40,23200";"13,78712";"-0,01748"
"40,24200";"13,77212";"-0,01485"
"40,25200";"13,75701";"-0,01703"
"40,26200";"13,74179";"-0,02308"
"40,27200";"13,72679";"-0,03003"
"40,28200";"13,71180";"-0,02751"
"40,29200";"13,69681";"-0,02195"
"40,30200";"13,68181";"-0,01779"
"40,31200";"13,66694";"-0,01403"
"40,32200";"13,65218";"-0,01392"
"40,33200";"13,63707";"-0,01612"
"40,34200";"13,62196";"-0,02196"
"40,35200";"13,60697";"-0,02104"
"40,36200";"13,59209";"-0,01190"
"40,37200";"13,57710";"-0,00251"
"40,38200";"13,56199";"0,00246"
"40,39200";"13,54699";"0,00483"
"40,40200";"13,53212";"0,00494"
"40,41200";"13,51712";"0,00543"
"40,42200";"13,50201";"0,00008"
"40,43200";"13,48690";"-0,00865"
"40,44200";"13,47191";"-0,01649"
"40,45200";"13,45704";"-0,02235"
"40,46200";"13,44204";"-0,02309"
"40,47200";"13,42705";"-0,02165"
"40,48200";"13,41206";"-0,01477"
"40,49200";"13,39706";"-0,00124"
"40,50200";"13,38195";"0,00177"
"40,51200";"13,36672";"-0,00109"
"40,52200";"13,35185";"-0,00374"
"40,53200";"13,33709";"-0,01047"
"40,54200";"13,32210";"-0,01246"
"40,55200";"13,30699";"-0,00555"
"40,56200";"13,29211";"-0,00392"
"40,57200";"13,27724";"-0,00852"
"40,58200";"13,26224";"-0,01043"
"40,59200";"13,24701";"-0,00465"
"40,60200";"13,23190";"-0,00005"
"40,61200";"13,21703";"0,00532"
"40,62200";"13,20203";"0,00614"
"40,63200";"13,18692";"0,00467"
"40,64200";"13,17181";"0,00552"
"40,65200";"13,15694";"0,00751"
"40,66200";"13,14183";"0,01365"
"40,67200";"13,12671";"0,01707"
"40,68200";"13,11172";"0,00796"
"40,69200";"13,09685";"0,00440"
"40,70200";"13,08209";"0,00015"
"40,71200";"13,06698";"0,00135"
"40,72200";"13,05199";"0,00243"
"40,73200";"13,03699";"-0,00146"
"40,74200";"13,02200";"-0,00479"
"40,75200";"13,00689";"-0,00709"
"40,76200";"12,99189";"-0,00582"
"40,77200";"12,97702";"0,00636"
"40,78200";"12,96215";"0,00952"
"40,79200";"12,94703";"0,01072"
"40,80200";"12,93192";"0,01383"
"40,81200";"12,91693";"0,01628"
"40,82200";"12,90205";"0,01036"
"40,83200";"12,88706";"-0,00137"
"40,84200";"12,87195";"-0,00591"
"40,85200";"12,85708";"-0,00470"
"40,86200";"12,84220";"-0,00496"
"40,87200";"12,82709";"-0,00207"
"40,88200";"12,81198";"0,00074"
"40,89200";"12,79699";"-0,00485"
"40,90200";"12,78199";"-0,00303"
"40,91200";"12,76700";"-0,00185"
"40,92200";"12,75189";"-0,00333"
"40,93200";"12,73701";"-0,00857"
"40,94200";"12,72214";"-0,01350"
"40,95200";"12,70715";"-0,01550"
"40,96200";"12,69192";"-0,01165"
"40,97200";"12,67681";"-0,01223"
"40,98200";"12,66181";"-0,01816"
"40,99200";"12,64682";"-0,01453"
"41,00200";"12,63183";"-0,00511"
"41,01200";"12,61683";"0,00147"
"41,02200";"12,60184";"-0,00051"
"41,03200";"12,58697";"-0,00113"
"41,04200";"12,57185";"-0,00435"
"41,05200";"12,55686";"-0,00697"
"41,06200";"12,54187";"-0,00708"
"41,07200";"12,52688";"-0,00939"
"41,08200";"12,51188";"-0,01490"
"41,09200";"12,49677";"-0,02094"
"41,10200";"12,48190";"-0,02149"
"41,11200";"12,46690";"-0,01810"
"41,12200";"12,45203";"-0,00746"
"41,13200";"12,43692";"-0,00174"
"41,14200";"12,42180";"-0,00353"
"41,15200";"12,40693";"-0,00441"
"41,16200";"12,39206";"-0,00039"
"41,17200";"12,37706";"0,00538"
"41,18200";"12,36207";"-0,00257"
"41,19200";"12,34708";"-0,01273"
"41,20200";"12,33208";"-0,02175"
"41,21200";"12,31697";"-0,02338"
"41,22200";"12,30186";"-0,02794"
"41,23200";"12,28675";"-0,01923"
"41,24200";"12,27188";"-0,01085"
"41,25200";"12,25700";"-0,00658"
"41,26200";"12,24201";"-0,00594"
"41,27200";"12,22701";"-0,00245"
"41,28200";"12,21202";"0,00220"
"41,29200";"12,19691";"0,00364"
"41,30200";"12,18180";"-0,00622"
"41,31200";"12,16681";"-0,01683"
"41,32200";"12,15193";"-0,01777"
"41,33200";"12,13694";"-0,00989"
"41,34200";"12,12194";"-0,00089"
"41,35200";"12,10695";"0,00161"
"41,36200";"12,09208";"0,00129"
"41,37200";"12,07720";"-0,00099"
"41,38200";"12,06209";"-0,00304"
"41,39200";"12,04710";"-0,00176"
"41,40200";"12,03222";"-0,01471"
"41,41200";"12,01723";"-0,02548"
"41,42200";"12,00212";"-0,02336"
"41,43200";"11,98701";"-0,02163"
"41,44200";"11,97190";"-0,01635"
"41,45200";"11,95690";"-0,01557"
"41,46200";"11,94179";"-0,01341"
"41,47200";"11,92680";"-0,01644"
"41,48200";"11,91192";"-0,01606"
"41,49200";"11,89705";"-0,00671"
"41,50200";"11,88206";"0,00037"
"41,51200";"11,86695";"0,00078"
"41,52200";"11,85195";"-0,01065"
"41,53200";"11,83696";"-0,01967"
"41,54200";"11,82197";"-0,01737"
"41,55200";"11,80685";"-0,00848"
"41,56200";"11,79198";"0,00122"
"41,57200";"11,77710";"0,00381"
"41,58200";"11,76199";"0,00577"
"41,59200";"11,74688";"0,00564"
"41,60200";"11,73189";"-0,00262"
"41,61200";"11,71690";"-0,01508"
"41,62200";"11,70202";"-0,02376"
"41,63200";"11,68691";"-0,02459"
"41,64200";"11,67192";"-0,02108"
"41,65200";"11,65693";"-0,02460"
"41,66200";"11,64193";"-0,01743"
"41,67200";"11,62694";"-0,00669"
"41,68200";"11,61195";"-0,00961"
"41,69200";"11,59695";"-0,01755"
"41,70200";"11,58196";"-0,02398"
"41,71200";"11,56697";"-0,02311"
"41,72200";"11,55197";"-0,02160"
"41,73200";"11,53698";"-0,01913"
"41,74200";"11,52199";"-0,00908"
"41,75200";"11,50699";"-0,00733"
"41,76200";"11,49200";"-0,00201"
"41,77200";"11,47689";"-0,00119"
"41,78200";"11,46201";"-0,00371"
"41,79200";"11,44702";"-0,00867"
"41,80200";"11,43203";"-0,01685"
"41,81200";"11,41704";"-0,01799"
"41,82200";"11,40204";"-0,01361"
"41,83200";"11,38705";"-0,00569"
"41,84200";"11,37194";"0,00047"
"41,85200";"11,35683";"0,00238"
"41,86200";"11,34183";"-0,00093"
"41,87200";"11,32696";"0,00091"
"41,88200";"11,31185";"-0,00615"
"41,89200";"11,29685";"-0,01653"
"41,90200";"11,28198";"-0,02021"
"41,91200";"11,26710";"-0,02309"
"41,92200";"11,25211";"-0,01813"
"41,93200";"11,23712";"-0,01306"
"41,94200";"11,22213";"-0,00992"
"41,95200";"11,20713";"-0,00353"
"41,96200";"11,19202";"-0,00019"
"41,97200";"11,17691";"-0,00437"
"41,98200";"11,16192";"-0,01520"
"41,99200";"11,14704";"-0,02108"
"42,00200";"11,13205";"-0,02629"
"42,01200";"11,11694";"-0,02814"
"42,02200";"11,10194";"-0,02845"
"42,03200";"11,08707";"-0,03589"
"42,04200";"11,07208";"-0,03547"
"42,05200";"11,05696";"-0,02099"
"42,06200";"11,04197";"-0,01687"
"42,07200";"11,02698";"-0,01874"
"42,08200";"11,01187";"-0,02029"
"42,09200";"10,99688";"-0,02529"
"42,10200";"10,98188";"-0,02763"
"42,11200";"10,96701";"-0,02373"
"42,12200";"10,95213";"-0,02181"
"42,13200";"10,93714";"-0,01775"
"42,14200";"10,92203";"-0,01439"
"42,15200";"10,90703";"-0,01765"
"42,16200";"10,89204";"-0,01880"
"42,17200";"10,87681";"-0,02099"
"42,18200";"10,86182";"-0,02422"
"42,19200";"10,84683";"-0,01869"
"42,20200";"10,83195";"-0,01656"
"42,21200";"10,81696";"-0,01656"
"42,22200";"10,80173";"-0,01225"
"42,23200";"10,78674";"-0,00864"
"42,24200";"10,77186";"-0,00345"
"42,25200";"10,75687";"-0,00160"
"42,26200";"10,74199";"-0,00627"
"42,27200";"10,72700";"-0,01008"
"42,28200";"10,71213";"-0,00207"
"42,29200";"10,69725";"0,00168"
"42,30200";"10,68214";"0,00029"
"42,31200";"10,66715";"-0,00136"
"42,32200";"10,65215";"-0,00544"
"42,33200";"10,63728";"-0,00905"
"42,34200";"10,62217";"-0,00839"
"42,35200";"10,60717";"-0,01159"
"42,36200";"10,59230";"-0,00821"
"42,37200";"10,57731";"-0,00352"
"42,38200";"10,56219";"-0,00346"
"42,39200";"10,54708";"-0,00063"
"42,40200";"10,53221";"-0,00107"
"42,41200";"10,51733";"-0,00275"
"42,42200";"10,50246";"-0,00706"
"42,43200";"10,48746";"-0,01099"
"42,44200";"10,47235";"-0,01011"
"42,45200";"10,45736";"-0,00998"
"42,46200";"10,44225";"-0,01092"
"42,47200";"10,42714";"-0,01728"
"42,48200";"10,41203";"-0,01720"
"42,49200";"10,39715";"-0,01208"
"42,50200";"10,38216";"-0,00413"
"42,51200";"10,36705";"0,00501"
"42,52200";"10,35206";"0,00041"
"42,53200";"10,33706";"0,00082"
"42,54200";"10,32207";"0,00125"
"42,55200";"10,30696";"0,00416"
"42,56200";"10,29197";"0,00062"
"42,57200";"10,27697";"-0,00833"
"42,58200";"10,26210";"-0,01361"
"42,59200";"10,24699";"-0,01901"
"42,60200";"10,23199";"-0,02098"
"42,61200";"10,21712";"-0,03086"
"42,62200";"10,20224";"-0,02776"
"42,63200";"10,18713";"-0,02464"
"42,64200";"10,17190";"-0,02810"
"42,65200";"10,15691";"-0,03279"
"42,66200";"10,14192";"-0,02764"
"42,67200";"10,12681";"-0,02125"
"42,68200";"10,11169";"-0,02100"
"42,69200";"10,09670";"-0,01586"
"42,70200";"10,08183";"-0,00770"
"42,71200";"10,06671";"-0,00503"
"42,72200";"10,05160";"-0,00483"
"42,73200";"10,03673";"-0,00238"
"42,74200";"10,02185";"0,00127"
"42,75200";"10,00686";"0,00917"
"42,76200";"9,99187";"0,01449"
"42,77200";"9,97688";"0,00867"
"42,78200";"9,96200";"0,00826"
"42,79200";"9,94689";"0,00225"
"42,80200";"9,93178";"0,00312"
"42,81200";"9,91690";"0,00354"
"42,82200";"9,90203";"0,00352"
"42,83200";"9,88703";"-0,00047"
"42,84200";"9,87204";"-0,00442"
"42,85200";"9,85693";"-0,00660"
"42,86200";"9,84194";"-0,00218"
"42,87200";"9,82695";"0,00223"
"42,88200";"9,81183";"0,00575"
"42,89200";"9,79684";"0,00336"
"42,90200";"9,78197";"0,00536"
"42,91200";"9,76709";"0,00243"
"42,92200";"9,75210";"0,00159"
"42,93200";"9,73699";"0,00334"
"42,94200";"9,72211";"0,00009"
"42,95200";"9,70724";"-0,00545"
"42,96200";"9,69213";"-0,00890"
"42,97200";"9,67701";"-0,01127"
"42,98200";"9,66202";"-0,01801"
"42,99200";"9,64715";"-0,01857"
"43,00200";"9,63204";"-0,01678"
"43,01200";"9,61692";"-0,01852"
"43,02200";"9,60193";"-0,02218"
"43,03200";"9,58706";"-0,02082"
"43,04200";"9,57206";"-0,01524"
"43,05200";"9,55707";"-0,01274"
"43,06200";"9,54220";"-0,00948"
"43,07200";"9,52732";"-0,00583"
"43,08200";"9,51233";"-0,00219"
"43,09200";"9,49710";"-0,00699"
"43,10200";"9,48199";"-0,01135"
"43,11200";"9,46699";"-0,00701"
"43,12200";"9,45212";"-0,00843"
"43,13200";"9,43701";"-0,01666"
"43,14200";"9,42213";"-0,01802"
"43,15200";"9,40714";"-0,01537"
"43,16200";"9,39215";"-0,01172"
"43,17200";"9,37704";"-0,01460"
"43,18200";"9,36192";"-0,02124"
"43,19200";"9,34693";"-0,01748"
"43,20200";"9,33206";"-0,00056"
"43,21200";"9,31694";"0,01547"
"43,22200";"9,30195";"0,01963"
"43,23200";"9,28719";"0,01421"
"43,24200";"9,27220";"0,01354"
"43,25200";"9,25721";"0,00649"
"43,26200";"9,24198";"-0,00231"
"43,27200";"9,22699";"-0,01218"
"43,28200";"9,21211";"-0,00881"
"43,29200";"9,19712";"-0,00250"
"43,30200";"9,18189";"-0,00419"
"43,31200";"9,16701";"-0,00817"
"43,32200";"9,15214";"-0,00829"
"43,33200";"9,13703";"-0,00873"
"43,34200";"9,12192";"-0,00792"
"43,35200";"9,10692";"-0,00500"
"43,36200";"9,09205";"-0,00234"
"43,37200";"9,07717";"-0,00366"
"43,38200";"9,06206";"-0,00064"
"43,39200";"9,04695";"0,00034"
"43,40200";"9,03196";"-0,00576"
"43,41200";"9,01708";"-0,00580"
"43,42200";"9,00185";"0,00140"
"43,43200";"8,98674";"0,00626"
"43,44200";"8,97175";"0,00327"
"43,45200";"8,95688";"-0,00242"
"43,46200";"8,94188";"-0,00371"
"43,47200";"8,92677";"-0,00338"
"43,48200";"8,91190";"-0,00472"
"43,49200";"8,89702";"-0,00906"
"43,50200";"8,88191";"-0,01045"
"43,51200";"8,86692";"-0,00748"
"43,52200";"8,85204";"0,00052"
"43,53200";"8,83728";"0,00397"
"43,54200";"8,82217";"0,00077"
"43,55200";"8,80706";"-0,00174"
"43,56200";"8,79207";"-0,00516"
"43,57200";"8,77708";"-0,00896"
"43,58200";"8,76197";"-0,01147"
"43,59200";"8,74685";"-0,00796"
"43,60200";"8,73198";"-0,00648"
"43,61200";"8,71722";"-0,00326"
"43,62200";"8,70223";"-0,00254"
"43,63200";"8,68712";"-0,00253"
"43,64200";"8,67201";"-0,00008"
"43,65200";"8,65713";"0,00635"
"43,66200";"8,64214";"0,00656"
"43,67200";"8,62703";"0,00680"
"43,68200";"8,61203";"-0,00066"
"43,69200";"8,59728";"-0,00457"
"43,70200";"8,58228";"-0,00429"
"43,71200";"8,56717";"-0,00379"
"43,72200";"8,55206";"-0,00685"
"43,73200";"8,53695";"-0,00396"
"43,74200";"8,52196";"-0,00172"
"43,75200";"8,50685";"-0,00197"
"43,76200";"8,49174";"-0,00530"
"43,77200";"8,47686";"-0,00933"
"43,78200";"8,46199";"-0,01618"
"43,79200";"8,44687";"-0,01893"
"43,80200";"8,43165";"-0,01610"
"43,81200";"8,41665";"-0,01064"
"43,82200";"8,40178";"-0,00738"
"43,83200";"8,38679";"-0,00795"
"43,84200";"8,37179";"-0,00808"
"43,85200";"8,35692";"-0,00631"
"43,86200";"8,34204";"-0,00778"
"43,87200";"8,32705";"-0,00235"
"43,88200";"8,31194";"0,00975"
"43,89200";"8,29683";"0,00700"
"43,90200";"8,28183";"0,00852"
"43,91200";"8,26696";"0,01068"
"43,92200";"8,25185";"0,00932"
"43,93200";"8,23685";"0,00876"
"43,94200";"8,22186";"0,00737"
"43,95200";"8,20699";"0,01193"
"43,96200";"8,19188";"0,02003"
"43,97200";"8,17676";"0,02470"
"43,98200";"8,16189";"0,01834"
"43,99200";"8,14701";"0,00910"
"44,00200";"8,13202";"0,00800"
"44,01200";"8,11703";"0,00103"
"44,02200";"8,10192";"-0,01254"
"44,03200";"8,08704";"-0,01456"
"44,04200";"8,07193";"-0,00784"
"44,05200";"8,05682";"-0,00067"
"44,06200";"8,04183";"-0,00505"
"44,07200";"8,02695";"-0,01130"
"44,08200";"8,01208";"-0,01326"
"44,09200";"7,99708";"-0,01037"
"44,10200";"7,98197";"-0,00806"
"44,11200";"7,96710";"-0,00482"
"44,12200";"7,95210";"-0,00414"
"44,13200";"7,93699";"0,00463"
"44,14200";"7,92200";"0,00539"
"44,15200";"7,90712";"0,00504"
"44,16200";"7,89225";"0,00343"
"44,17200";"7,87714";"0,00073"
"44,18200";"7,86191";"-0,00108"
"44,19200";"7,84692";"0,00575"
"44,20200";"7,83192";"0,00526"
"44,21200";"7,81693";"0,00927"
"44,22200";"7,80182";"0,01567"
"44,23200";"7,78694";"0,02534"
"44,24200";"7,77219";"0,02835"
"44,25200";"7,75719";"0,02133"
"44,26200";"7,74208";"0,01272"
"44,27200";"7,72709";"0,00665"
"44,28200";"7,71222";"0,00423"
"44,29200";"7,69710";"-0,00287"
"44,30200";"7,68199";"-0,01424"
"44,31200";"7,66700";"-0,02068"
"44,32200";"7,65212";"-0,01753"
"44,33200";"7,63725";"-0,01460"
"44,34200";"7,62202";"-0,01295"
"44,35200";"7,60703";"-0,00696"
"44,36200";"7,59192";"-0,00709"
"44,37200";"7,57681";"-0,00411"
"44,38200";"7,56169";"0,00569"
"44,39200";"7,54670";"0,01118"
"44,40200";"7,53183";"0,01205"
"44,41200";"7,51695";"0,00833"
"44,42200";"7,50184";"-0,00034"
"44,43200";"7,48685";"-0,00859"
"44,44200";"7,47197";"-0,00982"
"44,45200";"7,45698";"-0,01044"
"44,46200";"7,44187";"-0,00761"
"44,47200";"7,42687";"-0,00451"
"44,48200";"7,41200";"-0,00637"
"44,49200";"7,39701";"-0,00554"
"44,50200";"7,38201";"-0,00247"
"44,51200";"7,36690";"0,00066"
"44,52200";"7,35191";"0,00042"
"44,53200";"7,33680";"0,00186"
"44,54200";"7,32181";"0,00026"
"44,55200";"7,30681";"-0,00178"
"44,56200";"7,29194";"0,00469"
"44,57200";"7,27694";"0,00339"
"44,58200";"7,26195";"-0,00271"
"44,59200";"7,24684";"-0,00952"
"44,60200";"7,23185";"-0,01472"
"44,61200";"7,21685";"-0,01672"
"44,62200";"7,20186";"-0,01842"
"44,63200";"7,18699";"-0,02130"
"44,64200";"7,17199";"-0,02268"
"44,65200";"7,15700";"-0,02197"
"44,66200";"7,14212";"-0,01906"
"44,67200";"7,12701";"-0,01260"
"44,68200";"7,11190";"-0,01057"
"44,69200";"7,09703";"-0,01185"
"44,70200";"7,08204";"-0,00865"
"44,71200";"7,06704";"-0,01193"
"44,72200";"7,05205";"-0,00878"
"44,73200";"7,03694";"-0,00698"
"44,74200";"7,02194";"-0,00462"
"44,75200";"7,00695";"-0,00067"
"44,76200";"6,99196";"-0,00927"
"44,77200";"6,97697";"-0,02162"
"44,78200";"6,96209";"-0,02946"
"44,79200";"6,94710";"-0,02412"
"44,80200";"6,93210";"-0,01502"
"44,81200";"6,91711";"-0,01492"
"44,82200";"6,90224";"-0,02166"
"44,83200";"6,88724";"-0,02617"
"44,84200";"6,87213";"-0,03124"
"44,85200";"6,85702";"-0,03236"
"44,86200";"6,84215";"-0,02871"
"44,87200";"6,82715";"-0,02294"
"44,88200";"6,81216";"-0,02106"
"44,89200";"6,79705";"-0,02489"
"44,90200";"6,78206";"-0,02087"
"44,91200";"6,76706";"-0,01798"
"44,92200";"6,75195";"-0,00928"
"44,93200";"6,73684";"-0,00149"
"44,94200";"6,72197";"0,00001"
"44,95200";"6,70709";"0,00025"
"44,96200";"6,69198";"-0,00324"
"44,97200";"6,67699";"-0,00584"
"44,98200";"6,66199";"-0,00768"
"44,99200";"6,64700";"-0,00876"
"45,00200";"6,63189";"-0,01124"
"45,01200";"6,61690";"-0,01574"
"45,02200";"6,60202";"-0,02324"
"45,03200";"6,58715";"-0,01897"
"45,04200";"6,57215";"-0,01040"
"45,05200";"6,55704";"-0,00935"
"45,06200";"6,54193";"-0,01288"
"45,07200";"6,52694";"-0,01436"
"45,08200";"6,51183";"-0,01638"
"45,09200";"6,49683";"-0,00507"
"45,10200";"6,48184";"-0,00578"
"45,11200";"6,46696";"-0,01002"
"45,12200";"6,45209";"-0,01369"
"45,13200";"6,43710";"-0,01108"
"45,14200";"6,42210";"-0,01148"
"45,15200";"6,40711";"-0,00667"
"45,16200";"6,39212";"-0,01146"
"45,17200";"6,37712";"-0,01746"
"45,18200";"6,36201";"-0,02520"
"45,19200";"6,34714";"-0,03137"
"45,20200";"6,33203";"-0,03271"
"45,21200";"6,31703";"-0,02622"
"45,22200";"6,30204";"-0,02398"
"45,23200";"6,28705";"-0,01306"
"45,24200";"6,27206";"-0,00347"
"45,25200";"6,25694";"0,00076"
"45,26200";"6,24195";"-0,00297"
"45,27200";"6,22708";"-0,00888"
"45,28200";"6,21220";"-0,01591"
"45,29200";"6,19709";"-0,02213"
"45,30200";"6,18210";"-0,02479"
"45,31200";"6,16699";"-0,02924"
"45,32200";"6,15188";"-0,02978"
"45,33200";"6,13688";"-0,03172"
"45,34200";"6,12189";"-0,03131"
"45,35200";"6,10690";"-0,02772"
"45,36200";"6,09190";"-0,03004"
"45,37200";"6,07703";"-0,02782"
"45,38200";"6,06192";"-0,02531"
"45,39200";"6,04681";"-0,02567"
"45,40200";"6,03193";"-0,02424"
"45,41200";"6,01706";"-0,01299"
"45,42200";"6,00194";"-0,00382"
"45,43200";"5,98683";"-0,00844"
"45,44200";"5,97196";"-0,01927"
"45,45200";"5,95708";"-0,02160"
"45,46200";"5,94197";"-0,01542"
"45,47200";"5,92686";"-0,01135"
"45,48200";"5,91187";"-0,00737"
"45,49200";"5,89699";"-0,00687"
"45,50200";"5,88212";"-0,00278"
"45,51200";"5,86701";"0,00047"
"45,52200";"5,85201";"-0,00422"
"45,53200";"5,83714";"-0,01764"
"45,54200";"5,82203";"-0,02807"
"45,55200";"5,80692";"-0,02719"
"45,56200";"5,79192";"-0,02032"
"45,57200";"5,77729";"-0,01531"
"45,58200";"5,76229";"-0,01622"
"45,59200";"5,74718";"-0,01509"
"45,60200";"5,73219";"-0,01623"
"45,61200";"5,71719";"-0,01399"
"45,62200";"5,70220";"-0,01663"
"45,63200";"5,68709";"-0,01771"
"45,64200";"5,67198";"-0,01734"
"45,65200";"5,65699";"-0,01977"
"45,66200";"5,64211";"-0,02403"
"45,67200";"5,62700";"-0,01961"
"45,68200";"5,61189";"-0,01615"
"45,69200";"5,59690";"-0,01083"
"45,70200";"5,58190";"-0,00790"
"45,71200";"5,56679";"-0,00567"
"45,72200";"5,55180";"-0,00129"
"45,73200";"5,53692";"-0,00703"
"45,74200";"5,52205";"-0,00727"
"45,75200";"5,50717";"-0,01087"
"45,76200";"5,49206";"-0,01751"
"45,77200";"5,47695";"-0,02706"
"45,78200";"5,46196";"-0,02888"
"45,79200";"5,44697";"-0,02887"
"45,80200";"5,43185";"-0,02404"
"45,81200";"5,41698";"-0,02649"
"45,82200";"5,40210";"-0,03003"
"45,83200";"5,38711";"-0,02541"
"45,84200";"5,37200";"-0,02554"
"45,85200";"5,35701";"-0,01472"
"45,86200";"5,34213";"-0,00778"
"45,87200";"5,32714";"-0,00822"
"45,88200";"5,31215";"-0,01029"
"45,89200";"5,29715";"-0,01205"
"45,90200";"5,28228";"-0,01360"
"45,91200";"5,26728";"-0,01697"
"45,92200";"5,25217";"-0,01641"
"45,93200";"5,23706";"-0,01849"
"45,94200";"5,22207";"-0,01343"
"45,95200";"5,20696";"-0,00325"
"45,96200";"5,19197";"0,00709"
"45,97200";"5,17697";"0,00632"
"45,98200";"5,16210";"0,00333"
"45,99200";"5,14722";"0,00102"
"46,00200";"5,13211";"-0,00339"
"46,01200";"5,11700";"-0,00418"
"46,02200";"5,10189";"-0,00609"
"46,03200";"5,08701";"-0,01464"
"46,04200";"5,07202";"-0,01929"
"46,05200";"5,05703";"-0,02605"
"46,06200";"5,04215";"-0,03027"
"46,07200";"5,02716";"-0,03699"
"46,08200";"5,01217";"-0,04049"
"46,09200";"4,99706";"-0,03869"
"46,10200";"4,98194";"-0,03734"
"46,11200";"4,96695";"-0,03593"
"46,12200";"4,95196";"-0,03122"
"46,13200";"4,93673";"-0,02599"
"46,14200";"4,92174";"-0,02409"
"46,15200";"4,90686";"-0,01733"
"46,16200";"4,89187";"-0,02025"
"46,17200";"4,87676";"-0,02690"
"46,18200";"4,86165";"-0,02415"
"46,19200";"4,84677";"-0,01610"
"46,20200";"4,83201";"-0,00579"
"46,21200";"4,81714";"-0,00469"
"46,22200";"4,80203";"-0,00985"
"46,23200";"4,78703";"-0,01911"
"46,24200";"4,77216";"-0,02684"
"46,25200";"4,75705";"-0,02690"
"46,26200";"4,74194";"-0,02104"
"46,27200";"4,72694";"-0,01565"
"46,28200";"4,71207";"-0,01881"
"46,29200";"4,69719";"-0,01695"
"46,30200";"4,68220";"-0,01647"
"46,31200";"4,66709";"-0,01581"
"46,32200";"4,65222";"-0,01196"
"46,33200";"4,63722";"-0,00872"
"46,34200";"4,62199";"-0,00780"
"46,35200";"4,60688";"-0,00215"
"46,36200";"4,59201";"0,00452"
"46,37200";"4,57701";"0,01697"
"46,38200";"4,56202";"0,02051"
"46,39200";"4,54703";"0,01006"
"46,40200";"4,53227";"0,00448"
"46,41200";"4,51740";"0,00578"
"46,42200";"4,50228";"0,00812"
"46,43200";"4,48717";"0,01397"
"46,44200";"4,47230";"0,00814"
"46,45200";"4,45742";"-0,00105"
"46,46200";"4,44243";"-0,00598"
"46,47200";"4,42720";"-0,00416"
"46,48200";"4,41221";"-0,00328"
"46,49200";"4,39722";"0,00298"
"46,50200";"4,38210";"0,01043"
"46,51200";"4,36699";"0,01497"
"46,52200";"4,35200";"0,01472"
"46,53200";"4,33724";"0,00919"
"46,54200";"4,32225";"0,01075"
"46,55200";"4,30702";"0,01322"
"46,56200";"4,29203";"0,01640"
"46,57200";"4,27715";"0,01921"
"46,58200";"4,26216";"0,01813"
"46,59200";"4,24717";"0,01953"
"46,60200";"4,23217";"0,02249"
"46,61200";"4,21742";"0,02344"
"46,62200";"4,20254";"0,02365"
"46,63200";"4,18731";"0,01882"
"46,64200";"4,17208";"0,01237"
"46,65200";"4,15721";"0,00804"
"46,66200";"4,14233";"0,00825"
"46,67200";"4,12722";"0,01488"
"46,68200";"4,11199";"0,01621"
"46,69200";"4,09712";"0,01319"
"46,70200";"4,08213";"0,01131"
"46,71200";"4,06690";"0,01177"
"46,72200";"4,05178";"0,01513"
"46,73200";"4,03679";"0,00594"
"46,74200";"4,02192";"0,00078"
"46,75200";"4,00704";"0,00550"
"46,76200";"3,99181";"0,01074"
"46,77200";"3,97682";"0,01421"
"46,78200";"3,96194";"0,02275"
"46,79200";"3,94683";"0,01899"
"46,80200";"3,93172";"0,01334"
"46,81200";"3,91673";"0,00262"
"46,82200";"3,90185";"0,00426"
"46,83200";"3,88710";"0,01086"
"46,84200";"3,87187";"0,01600"
"46,85200";"3,85676";"0,01587"
"46,86200";"3,84176";"0,00817"
"46,87200";"3,82677";"0,00464"
"46,88200";"3,81154";"-0,00180"
"46,89200";"3,79655";"-0,00846"
"46,90200";"3,78167";"-0,00849"
"46,91200";"3,76680";"-0,00332"
"46,92200";"3,75181";"0,00032"
"46,93200";"3,73669";"0,00215"
"46,94200";"3,72182";"0,00380"
"46,95200";"3,70683";"0,00796"
"46,96200";"3,69160";"0,00737"
"46,97200";"3,67649";"0,00696"
"46,98200";"3,66161";"0,01082"
"46,99200";"3,64685";"0,01706"
"47,00200";"3,63186";"0,01678"
"47,01200";"3,61687";"0,01769"
"47,02200";"3,60199";"0,01734"
"47,03200";"3,58700";"0,01160"
"47,04200";"3,57212";"0,00366"
"47,05200";"3,55701";"0,00138"
"47,06200";"3,54202";"0,00162"
"47,07200";"3,52726";"0,00569"
"47,08200";"3,51239";"0,00302"
"47,09200";"3,49716";"0,00845"
"47,10200";"3,48217";"0,01114"
"47,11200";"3,46717";"0,01469"
"47,12200";"3,45206";"0,01669"
"47,13200";"3,43695";"0,02017"
"47,14200";"3,42208";"0,01364"
"47,15200";"3,40732";"0,01310"
"47,16200";"3,39233";"0,01296"
"47,17200";"3,37710";"0,00723"
"47,18200";"3,36199";"-0,00147"
"47,19200";"3,34711";"0,00255"
"47,20200";"3,33200";"0,00912"
"47,21200";"3,31689";"0,01232"
"47,22200";"3,30190";"0,01283"
"47,23200";"3,28702";"0,02020"
"47,24200";"3,27215";"0,02998"
"47,25200";"3,25703";"0,03549"
"47,26200";"3,24192";"0,03571"
"47,27200";"3,22693";"0,02909"
"47,28200";"3,21194";"0,02060"
"47,29200";"3,19694";"0,02168"
"47,30200";"3,18183";"0,02264"
"47,31200";"3,16696";"0,02477"
"47,32200";"3,15197";"0,02453"
"47,33200";"3,13697";"0,03327"
"47,34200";"3,12186";"0,03836"
"47,35200";"3,10687";"0,03486"
"47,36200";"3,09187";"0,03311"
"47,37200";"3,07700";"0,02966"
"47,38200";"3,06201";"0,02620"
"47,39200";"3,04701";"0,02144"
"47,40200";"3,03226";"0,02119"
"47,41200";"3,01715";"0,01943"
"47,42200";"3,00203";"0,02076"
"47,43200";"2,98692";"0,01665"
"47,44200";"2,97205";"0,01160"
"47,45200";"2,95706";"0,01470"
"47,46200";"2,94218";"0,01718"
"47,47200";"2,92719";"0,01711"
"47,48200";"2,91208";"0,01562"
"47,49200";"2,89708";"0,01417"
"47,50200";"2,88197";"0,01233"
"47,51200";"2,86686";"0,01207"
"47,52200";"2,85187";"0,01134"
"47,53200";"2,83699";"0,01041"
"47,54200";"2,82200";"0,00967"
"47,55200";"2,80689";"0,00427"
"47,56200";"2,79201";"0,00629"
"47,57200";"2,77702";"0,00918"
"47,58200";"2,76191";"0,00458"
"47,59200";"2,74680";"0,00973"
"47,60200";"2,73169";"0,00893"
"47,61200";"2,71693";"0,01239"
"47,62200";"2,70194";"0,02347"
"47,63200";"2,68694";"0,03186"
"47,64200";"2,67195";"0,03042"
"47,65200";"2,65708";"0,03380"
"47,66200";"2,64208";"0,03554"
"47,67200";"2,62685";"0,04006"
"47,68200";"2,61186";"0,03532"
"47,69200";"2,59699";"0,02368"
"47,70200";"2,58211";"0,01796"
"47,71200";"2,56700";"0,01702"
"47,72200";"2,55189";"0,01455"
"47,73200";"2,53690";"0,01602"
"47,74200";"2,52190";"0,02607"
"47,75200";"2,50679";"0,02581"
"47,76200";"2,49180";"0,02607"
"47,77200";"2,47704";"0,02600"
"47,78200";"2,46217";"0,02772"
"47,79200";"2,44717";"0,02332"
"47,80200";"2,43206";"0,01289"
"47,81200";"2,41695";"0,00859"
"47,82200";"2,40196";"0,01317"
"47,83200";"2,38685";"0,01375"
"47,84200";"2,37162";"0,01526"
"47,85200";"2,35674";"0,01751"
"47,86200";"2,34199";"0,02156"
"47,87200";"2,32711";"0,02956"
"47,88200";"2,31212";"0,03326"
"47,89200";"2,29701";"0,03193"
"47,90200";"2,28201";"0,02501"
"47,91200";"2,26690";"0,02290"
"47,92200";"2,25191";"0,02685"
"47,93200";"2,23692";"0,03036"
"47,94200";"2,22204";"0,03336"
"47,95200";"2,20705";"0,04036"
"47,96200";"2,19206";"0,04083"
"47,97200";"2,17694";"0,03515"
"47,98200";"2,16207";"0,02681"
"47,99200";"2,14696";"0,01878"
"48,00200";"2,13197";"0,01728"
"48,01200";"2,11685";"0,02253"
"48,02200";"2,10198";"0,01598"
"48,03200";"2,08699";"0,01260"
"48,04200";"2,07188";"0,00664"
"48,05200";"2,05688";"0,00864"
"48,06200";"2,04189";"0,00888"
"48,07200";"2,02690";"0,00424"
"48,08200";"2,01190";"0,01210"
"48,09200";"1,99691";"0,02427"
"48,10200";"1,98203";"0,02266"
"48,11200";"1,96704";"0,01983"
"48,12200";"1,95193";"0,01671"
"48,13200";"1,93682";"0,02164"
"48,14200";"1,92183";"0,02269"
"48,15200";"1,90683";"0,02488"
"48,16200";"1,89184";"0,02533"
"48,17200";"1,87685";"0,02063"
"48,18200";"1,86197";"0,01051"
"48,19200";"1,84698";"0,00833"
"48,20200";"1,83199";"0,01442"
"48,21200";"1,81688";"0,01969"
"48,22200";"1,80176";"0,01492"
"48,23200";"1,78689";"0,01636"
"48,24200";"1,77201";"0,01830"
"48,25200";"1,75702";"0,02168"
"48,26200";"1,74191";"0,01486"
"48,27200";"1,72703";"0,01622"
"48,28200";"1,71204";"0,01970"
"48,29200";"1,69705";"0,01890"
"48,30200";"1,68194";"0,02093"
"48,31200";"1,66694";"0,02072"
"48,32200";"1,65207";"0,02083"
"48,33200";"1,63708";"0,02286"
"48,34200";"1,62208";"0,02150"
"48,35200";"1,60709";"0,02027"
"48,36200";"1,59210";"0,01696"
"48,37200";"1,57710";"0,02180"
"48,38200";"1,56199";"0,02312"
"48,39200";"1,54700";"0,01534"
"48,40200";"1,53201";"0,00710"
"48,41200";"1,51713";"-0,00005"
"48,42200";"1,50214";"0,00049"
"48,43200";"1,48703";"0,00313"
"48,44200";"1,47192";"0,00582"
"48,45200";"1,45692";"0,00777"
"48,46200";"1,44193";"0,01015"
"48,47200";"1,42682";"0,00515"
"48,48200";"1,41183";"0,00703"
"48,49200";"1,39695";"0,02225"
"48,50200";"1,38196";"0,03494"
"48,51200";"1,36685";"0,02912"
"48,52200";"1,35174";"0,01187"
"48,53200";"1,33686";"-0,00050"
"48,54200";"1,32175";"-0,00220"
"48,55200";"1,30676";"0,01141"
"48,56200";"1,29188";"0,01934"
"48,57200";"1,27701";"0,01889"
"48,58200";"1,26213";"0,01772"
"48,59200";"1,24714";"0,01465"
"48,60200";"1,23215";"0,01106"
"48,61200";"1,21727";"0,00667"
"48,62200";"1,20216";"0,00304"
"48,63200";"1,18705";"0,00684"
"48,64200";"1,17206";"0,00603"
"48,65200";"1,15706";"0,00927"
"48,66200";"1,14219";"0,00719"
"48,67200";"1,12708";"0,00726"
"48,68200";"1,11197";"0,01367"
"48,69200";"1,09697";"0,01873"
"48,70200";"1,08210";"0,02926"
"48,71200";"1,06710";"0,03855"
"48,72200";"1,05211";"0,04062"
"48,73200";"1,03700";"0,03433"
"48,74200";"1,02201";"0,02800"
"48,75200";"1,00701";"0,02284"
"48,76200";"0,99190";"0,01986"
"48,77200";"0,97691";"0,02216"
"48,78200";"0,96192";"0,02556"
"48,79200";"0,94692";"0,03428"
"48,80200";"0,93193";"0,03938"
"48,81200";"0,91706";"0,03665"
"48,82200";"0,90206";"0,03187"
"48,83200";"0,88707";"0,02980"
"48,84200";"0,87196";"0,02643"
"48,85200";"0,85685";"0,01485"
"48,86200";"0,84185";"0,00445"
"48,87200";"0,82698";"-0,00320"
"48,88200";"0,81199";"-0,00800"
"48,89200";"0,79699";"-0,00653"
"48,90200";"0,78212";"-0,00053"
"48,91200";"0,76724";"0,00116"
"48,92200";"0,75225";"0,00785"
"48,93200";"0,73714";"0,00906"
"48,94200";"0,72215";"0,00983"
"48,95200";"0,70715";"0,01689"
"48,96200";"0,69216";"0,02132"
"48,97200";"0,67705";"0,01670"
"48,98200";"0,66206";"0,00860"
"48,99200";"0,64718";"0,01036"
"49,00200";"0,63219";"0,01204"
"49,01200";"0,61696";"0,01247"
"49,02200";"0,60197";"0,01277"
"49,03200";"0,58709";"0,01181"
"49,04200";"0,57198";"0,01259"
"49,05200";"0,55687";"0,01299"
"49,06200";"0,54176";"0,00913"
"49,07200";"0,52688";"-0,00116"
"49,08200";"0,51189";"-0,00009"
"49,09200";"0,49678";"0,00216"
"49,10200";"0,48167";"0,00660"
"49,11200";"0,46679";"0,00781"
"49,12200";"0,45203";"0,00657"
"49,13200";"0,43692";"0,00583"
"49,14200";"0,42193";"0,00229"
"49,15200";"0,40694";"-0,00137"
"49,16200";"0,39194";"0,00803"
"49,17200";"0,37683";"0,02094"
"49,18200";"0,36172";"0,02144"
"49,19200";"0,34685";"0,01957"
"49,20200";"0,33197";"0,01312"
"49,21200";"0,31698";"0,00835"
"49,22200";"0,30199";"0,00666"
"49,23200";"0,28699";"0,01259"
"49,24200";"0,27212";"0,01093"
"49,25200";"0,25701";"0,00575"
"49,26200";"0,24201";"0,00719"
"49,27200";"0,22702";"0,00298"
"49,28200";"0,21203";"0,00453"
"49,29200";"0,19703";"0,00938"
"49,30200";"0,18192";"0,00678"
"49,31200";"0,16681";"0,00041"
"49,32200";"0,15194";"0,00455"
"49,33200";"0,13694";"0,00707"
"49,34200";"0,12195";"0,01347"
"49,35200";"0,10708";"0,01874"
"49,36200";"0,09220";"0,02344"
"49,37200";"0,07733";"0,02899"
"49,38200";"0,06222";"0,02556"
"49,39200";"0,04722";"0,01417"
"49,40200";"0,03223";"0,00758"
"49,41200";"0,01724";"0,00935"
"49,42200";"0,00224";"0,01705"
"49,42400";"-0,00083";"0,01873"
