Hardness 1 : Kraftbei  Hardness 1;"383,96918";N
A1 : A1;"0,98170";J
A2 : A2;"0,12313";J
Springiness : Springiness;"0,00066";m
Cohesiveness : Cohesiveness;"0,12543";
Chewiness : Chewiness;"0,03157";J

Zeit;Traversenweg;Kraft
(s);(mm);(N)
"0,00000";"0,00000";"0,01000"
"0,01000";"0,00094";"0,00488"
"0,02000";"0,00567";"0,01056"
"0,03000";"0,01629";"0,02858"
"0,04000";"0,03140";"0,04400"
"0,05000";"0,04911";"0,05410"
"0,06000";"0,06812";"0,05408"
"0,07000";"0,08724";"0,04344"
"0,08000";"0,10625";"0,03729"
"0,09000";"0,12455";"0,02749"
"0,10000";"0,14238";"0,01872"
"0,11000";"0,15961";"0,00212"
"0,12000";"0,17626";"-0,00038"
"0,13000";"0,19278";"-0,00361"
"0,14000";"0,20884";"-0,01055"
"0,15000";"0,22478";"-0,01078"
"0,16000";"0,24048";"-0,00289"
"0,17000";"0,25594";"-0,00489"
"0,18000";"0,27141";"-0,00799"
"0,19000";"0,28664";"-0,00885"
"0,20000";"0,30199";"-0,01016"
"0,21000";"0,31722";"-0,01392"
"0,22000";"0,33244";"-0,01366"
"0,23000";"0,34756";"-0,01069"
"0,24000";"0,36267";"-0,00557"
"0,25000";"0,37766";"-0,00709"
"0,26000";"0,39265";"-0,00774"
"0,27000";"0,40765";"-0,01018"
"0,28000";"0,42288";"-0,00690"
"0,29000";"0,43799";"-0,00521"
"0,30000";"0,45310";"-0,00379"
"0,31000";"0,46821";"0,00069"
"0,32000";"0,48308";"-0,00161"
"0,33000";"0,49808";"0,00156"
"0,34000";"0,51295";"0,00708"
"0,35000";"0,52794";"0,00653"
"0,36000";"0,54306";"0,00434"
"0,37000";"0,55805";"-0,00065"
"0,38000";"0,57304";"-0,00092"
"0,39000";"0,58803";"0,00703"
"0,40000";"0,60303";"0,01574"
"0,41000";"0,61814";"0,01910"
"0,42000";"0,63313";"0,02792"
"0,43000";"0,64812";"0,02695"
"0,44000";"0,66324";"0,01827"
"0,45000";"0,67823";"0,00955"
"0,46000";"0,69310";"0,00070"
"0,47000";"0,70810";"-0,00198"
"0,48000";"0,72309";"0,00126"
"0,49000";"0,73820";"0,01059"
"0,50000";"0,75308";"0,01431"
"0,51000";"0,76819";"0,01650"
"0,52000";"0,78318";"0,00936"
"0,53000";"0,79817";"0,00620"
"0,54000";"0,81328";"0,00806"
"0,55000";"0,82816";"0,00859"
"0,56000";"0,84303";"0,01225"
"0,57000";"0,85803";"0,01834"
"0,58000";"0,87290";"0,01557"
"0,59000";"0,88778";"0,01257"
"0,60000";"0,90277";"0,00637"
"0,61000";"0,91788";"-0,00788"
"0,62000";"0,93288";"-0,01235"
"0,63000";"0,94799";"-0,01472"
"0,64000";"0,96298";"-0,01289"
"0,65000";"0,97797";"-0,01513"
"0,66000";"0,99297";"-0,01742"
"0,67000";"1,00796";"-0,01374"
"0,68000";"1,02295";"-0,00797"
"0,69000";"1,03806";"-0,00061"
"0,70000";"1,05317";"0,00264"
"0,71000";"1,06817";"0,00505"
"0,72000";"1,08316";"-0,00318"
"0,73000";"1,09815";"-0,00034"
"0,74000";"1,11303";"0,00895"
"0,75000";"1,12814";"0,01207"
"0,76000";"1,14313";"0,01272"
"0,77000";"1,15801";"0,01596"
"0,78000";"1,17300";"0,01140"
"0,79000";"1,18799";"0,00310"
"0,80000";"1,20299";"-0,00058"
"0,81000";"1,21798";"0,00515"
"0,82000";"1,23297";"0,00777"
"0,83000";"1,24797";"0,00439"
"0,84000";"1,26308";"0,00240"
"0,85000";"1,27807";"0,00195"
"0,86000";"1,29306";"0,00390"
"0,87000";"1,30794";"0,00329"
"0,88000";"1,32293";"0,00768"
"0,89000";"1,33792";"0,00794"
"0,90000";"1,35280";"0,01222"
"0,91000";"1,36791";"0,00973"
"0,92000";"1,38290";"0,01184"
"0,93000";"1,39801";"0,01119"
"0,94000";"1,41301";"0,01152"
"0,95000";"1,42788";"0,01211"
"0,96000";"1,44299";"0,01134"
"0,97000";"1,45787";"0,02251"
"0,98000";"1,47274";"0,02127"
"0,99000";"1,48785";"0,01390"
"1,00000";"1,50285";"0,00936"
"1,01000";"1,51808";"-0,00094"
"1,02000";"1,53307";"-0,01197"
"1,03000";"1,54806";"-0,01937"
"1,04000";"1,56294";"-0,02534"
"1,05000";"1,57793";"-0,02505"
"1,06000";"1,59292";"-0,01473"
"1,07000";"1,60803";"-0,00395"
"1,08000";"1,62303";"0,00057"
"1,09000";"1,63802";"0,01050"
"1,10000";"1,65301";"0,01767"
"1,11000";"1,66801";"0,01710"
"1,12000";"1,68300";"0,01628"
"1,13000";"1,69799";"0,01595"
"1,14000";"1,71299";"0,00948"
"1,15000";"1,72810";"-0,00044"
"1,16000";"1,74309";"-0,00251"
"1,17000";"1,75808";"-0,00266"
"1,18000";"1,77308";"-0,00246"
"1,19000";"1,78795";"-0,00216"
"1,20000";"1,80294";"0,00241"
"1,21000";"1,81794";"0,00421"
"1,22000";"1,83281";"0,00218"
"1,23000";"1,84792";"-0,00338"
"1,24000";"1,86292";"-0,00155"
"1,25000";"1,87791";"0,00647"
"1,26000";"1,89302";"0,01327"
"1,27000";"1,90801";"0,01185"
"1,28000";"1,92301";"0,01155"
"1,29000";"1,93800";"0,01653"
"1,30000";"1,95288";"0,01712"
"1,31000";"1,96799";"0,02014"
"1,32000";"1,98298";"0,02199"
"1,33000";"1,99797";"0,01730"
"1,34000";"2,01285";"0,01237"
"1,35000";"2,02784";"0,01010"
"1,36000";"2,04283";"0,00930"
"1,37000";"2,05783";"0,00408"
"1,38000";"2,07294";"-0,00468"
"1,39000";"2,08793";"-0,00995"
"1,40000";"2,10292";"-0,00930"
"1,41000";"2,11792";"-0,00496"
"1,42000";"2,13303";"-0,00159"
"1,43000";"2,14802";"0,00639"
"1,44000";"2,16301";"0,01890"
"1,45000";"2,17813";"0,02137"
"1,46000";"2,19312";"0,02466"
"1,47000";"2,20823";"0,02700"
"1,48000";"2,22322";"0,02970"
"1,49000";"2,23833";"0,02408"
"1,50000";"2,25333";"0,01229"
"1,51000";"2,26832";"0,00438"
"1,52000";"2,28319";"0,00026"
"1,53000";"2,29807";"0,00754"
"1,54000";"2,31306";"0,01959"
"1,55000";"2,32794";"0,02278"
"1,56000";"2,34293";"0,01844"
"1,57000";"2,35781";"0,02003"
"1,58000";"2,37280";"0,01027"
"1,59000";"2,38779";"0,00735"
"1,60000";"2,40267";"0,00321"
"1,61000";"2,41754";"-0,00075"
"1,62000";"2,43253";"-0,00208"
"1,63000";"2,44765";"0,00374"
"1,64000";"2,46264";"-0,00043"
"1,65000";"2,47763";"0,00420"
"1,66000";"2,49274";"0,00057"
"1,67000";"2,50774";"0,00315"
"1,68000";"2,52261";"0,00313"
"1,69000";"2,53760";"0,00170"
"1,70000";"2,55260";"0,00184"
"1,71000";"2,56771";"-0,00044"
"1,72000";"2,58282";"0,00063"
"1,73000";"2,59781";"0,00494"
"1,74000";"2,61292";"0,00964"
"1,75000";"2,62803";"0,01083"
"1,76000";"2,64303";"0,00873"
"1,77000";"2,65814";"0,00843"
"1,78000";"2,67313";"0,01145"
"1,79000";"2,68824";"0,00488"
"1,80000";"2,70324";"0,00192"
"1,81000";"2,71823";"0,00553"
"1,82000";"2,73334";"0,01160"
"1,83000";"2,74833";"0,01315"
"1,84000";"2,76321";"0,01214"
"1,85000";"2,77808";"0,00618"
"1,86000";"2,79308";"0,00842"
"1,87000";"2,80807";"0,00835"
"1,88000";"2,82306";"0,01407"
"1,89000";"2,83794";"0,01752"
"1,90000";"2,85281";"0,01824"
"1,91000";"2,86769";"0,01749"
"1,92000";"2,88256";"0,01576"
"1,93000";"2,89732";"0,00981"
"1,94000";"2,91231";"0,00542"
"1,95000";"2,92731";"0,00131"
"1,96000";"2,94242";"0,00631"
"1,97000";"2,95753";"0,01333"
"1,98000";"2,97276";"0,01413"
"1,99000";"2,98799";"0,01348"
"2,00000";"3,00298";"0,00831"
"2,01000";"3,01809";"0,00892"
"2,02000";"3,03320";"0,01166"
"2,03000";"3,04819";"0,01081"
"2,04000";"3,06319";"0,00849"
"2,05000";"3,07830";"0,01341"
"2,06000";"3,09341";"0,01600"
"2,07000";"3,10852";"0,01919"
"2,08000";"3,12351";"0,01559"
"2,09000";"3,13851";"0,00956"
"2,10000";"3,15338";"-0,00175"
"2,11000";"3,16837";"-0,00825"
"2,12000";"3,18337";"-0,00790"
"2,13000";"3,19836";"0,00006"
"2,14000";"3,21335";"0,00099"
"2,15000";"3,22823";"-0,00552"
"2,16000";"3,24310";"-0,00453"
"2,17000";"3,25810";"-0,00675"
"2,18000";"3,27309";"-0,00587"
"2,19000";"3,28797";"-0,00268"
"2,20000";"3,30296";"0,00145"
"2,21000";"3,31783";"0,00710"
"2,22000";"3,33271";"0,00699"
"2,23000";"3,34747";"0,00321"
"2,24000";"3,36222";"-0,00285"
"2,25000";"3,37733";"0,00445"
"2,26000";"3,39256";"0,01754"
"2,27000";"3,40779";"0,02744"
"2,28000";"3,42314";"0,02687"
"2,29000";"3,43825";"0,01347"
"2,30000";"3,45324";"0,00290"
"2,31000";"3,46824";"-0,00008"
"2,32000";"3,48323";"-0,00299"
"2,33000";"3,49822";"0,00560"
"2,34000";"3,51322";"0,01599"
"2,35000";"3,52833";"0,02213"
"2,36000";"3,54332";"0,02398"
"2,37000";"3,55831";"0,01739"
"2,38000";"3,57331";"0,01478"
"2,39000";"3,58818";"0,01237"
"2,40000";"3,60306";"0,01146"
"2,41000";"3,61805";"0,01284"
"2,42000";"3,63304";"0,01985"
"2,43000";"3,64792";"0,02212"
"2,44000";"3,66291";"0,02181"
"2,45000";"3,67790";"0,01844"
"2,46000";"3,69278";"0,01466"
"2,47000";"3,70777";"0,00823"
"2,48000";"3,72276";"0,00380"
"2,49000";"3,73787";"0,00109"
"2,50000";"3,75287";"0,00308"
"2,51000";"3,76774";"0,00723"
"2,52000";"3,78274";"0,00778"
"2,53000";"3,79761";"0,00662"
"2,54000";"3,81237";"0,00891"
"2,55000";"3,82736";"0,01269"
"2,56000";"3,84259";"0,01527"
"2,57000";"3,85782";"0,00914"
"2,58000";"3,87317";"0,00431"
"2,59000";"3,88828";"-0,00544"
"2,60000";"3,90339";"-0,00531"
"2,61000";"3,91850";"-0,00281"
"2,62000";"3,93361";"-0,00854"
"2,63000";"3,94860";"-0,00159"
"2,64000";"3,96360";"0,00014"
"2,65000";"3,97859";"-0,00152"
"2,66000";"3,99347";"0,00081"
"2,67000";"4,00846";"0,00636"
"2,68000";"4,02345";"0,00848"
"2,69000";"4,03833";"0,01306"
"2,70000";"4,05320";"0,01560"
"2,71000";"4,06819";"0,01810"
"2,72000";"4,08307";"0,01214"
"2,73000";"4,09794";"0,00709"
"2,74000";"4,11306";"-0,00306"
"2,75000";"4,12805";"-0,01306"
"2,76000";"4,14304";"-0,01420"
"2,77000";"4,15815";"-0,00377"
"2,78000";"4,17303";"0,00747"
"2,79000";"4,18802";"0,01150"
"2,80000";"4,20290";"0,00559"
"2,81000";"4,21789";"-0,00042"
"2,82000";"4,23288";"-0,00029"
"2,83000";"4,24776";"0,00358"
"2,84000";"4,26251";"0,01566"
"2,85000";"4,27763";"0,01664"
"2,86000";"4,29250";"0,01043"
"2,87000";"4,30761";"0,00554"
"2,88000";"4,32272";"0,00564"
"2,89000";"4,33783";"0,01255"
"2,90000";"4,35306";"0,01791"
"2,91000";"4,36829";"0,01109"
"2,92000";"4,38340";"0,00755"
"2,93000";"4,39851";"0,00557"
"2,94000";"4,41339";"0,00533"
"2,95000";"4,42838";"0,00647"
"2,96000";"4,44338";"0,01192"
"2,97000";"4,45837";"0,01544"
"2,98000";"4,47336";"0,01421"
"2,99000";"4,48824";"0,00810"
"3,00000";"4,50323";"0,00406"
"3,01000";"4,51822";"0,00538"
"3,02000";"4,53310";"0,00983"
"3,03000";"4,54809";"0,01412"
"3,04000";"4,56308";"0,01957"
"3,05000";"4,57808";"0,02169"
"3,06000";"4,59307";"0,01887"
"3,07000";"4,60806";"0,01036"
"3,08000";"4,62282";"0,00463"
"3,09000";"4,63758";"0,00470"
"3,10000";"4,65245";"0,00602"
"3,11000";"4,66744";"0,00350"
"3,12000";"4,68256";"0,00492"
"3,13000";"4,69755";"0,01026"
"3,14000";"4,71266";"0,00491"
"3,15000";"4,72777";"0,00084"
"3,16000";"4,74276";"-0,00432"
"3,17000";"4,75787";"-0,00349"
"3,18000";"4,77287";"-0,00256"
"3,19000";"4,78798";"0,00257"
"3,20000";"4,80309";"0,01439"
"3,21000";"4,81820";"0,01791"
"3,22000";"4,83343";"0,01919"
"3,23000";"4,84842";"0,01041"
"3,24000";"4,86330";"-0,00285"
"3,25000";"4,87829";"-0,00212"
"3,26000";"4,89305";"-0,00517"
"3,27000";"4,90804";"-0,00932"
"3,28000";"4,92315";"-0,00725"
"3,29000";"4,93815";"-0,01194"
"3,30000";"4,95314";"-0,01081"
"3,31000";"4,96813";"-0,01138"
"3,32000";"4,98324";"-0,00921"
"3,33000";"4,99824";"-0,00679"
"3,34000";"5,01311";"-0,00785"
"3,35000";"5,02799";"-0,00702"
"3,36000";"5,04298";"-0,00276"
"3,37000";"5,05797";"-0,00145"
"3,38000";"5,07297";"0,00492"
"3,39000";"5,08796";"0,00068"
"3,40000";"5,10283";"-0,00511"
"3,41000";"5,11783";"-0,00808"
"3,42000";"5,13282";"-0,00673"
"3,43000";"5,14781";"-0,00659"
"3,44000";"5,16292";"-0,00611"
"3,45000";"5,17803";"-0,01140"
"3,46000";"5,19315";"-0,01276"
"3,47000";"5,20814";"-0,01774"
"3,48000";"5,22313";"-0,01749"
"3,49000";"5,23813";"-0,01281"
"3,50000";"5,25312";"-0,00754"
"3,51000";"5,26823";"-0,00815"
"3,52000";"5,28322";"-0,00834"
"3,53000";"5,29822";"-0,00887"
"3,54000";"5,31321";"-0,00910"
"3,55000";"5,32820";"-0,01206"
"3,56000";"5,34308";"-0,01803"
"3,57000";"5,35807";"-0,02754"
"3,58000";"5,37306";"-0,02258"
"3,59000";"5,38817";"-0,01035"
"3,60000";"5,40317";"-0,00852"
"3,61000";"5,41816";"-0,00909"
"3,62000";"5,43315";"-0,00431"
"3,63000";"5,44803";"0,00394"
"3,64000";"5,46302";"0,01500"
"3,65000";"5,47790";"0,02366"
"3,66000";"5,49289";"0,04588"
"3,67000";"5,50788";"0,07717"
"3,68000";"5,52276";"0,11433"
"3,69000";"5,53775";"0,16933"
"3,70000";"5,55274";"0,23897"
"3,71000";"5,56785";"0,30426"
"3,72000";"5,58285";"0,36897"
"3,73000";"5,59784";"0,43361"
"3,74000";"5,61283";"0,50363"
"3,75000";"5,62794";"0,57731"
"3,76000";"5,64306";"0,64666"
"3,77000";"5,65805";"0,71777"
"3,78000";"5,67316";"0,80020"
"3,79000";"5,68827";"0,88216"
"3,80000";"5,70326";"0,96598"
"3,81000";"5,71826";"1,05108"
"3,82000";"5,73325";"1,13778"
"3,83000";"5,74836";"1,22571"
"3,84000";"5,76335";"1,32170"
"3,85000";"5,77835";"1,41653"
"3,86000";"5,79322";"1,51343"
"3,87000";"5,80810";"1,61572"
"3,88000";"5,82309";"1,72045"
"3,89000";"5,83797";"1,82742"
"3,90000";"5,85296";"1,93432"
"3,91000";"5,86807";"2,04501"
"3,92000";"5,88306";"2,15678"
"3,93000";"5,89794";"2,26740"
"3,94000";"5,91293";"2,36986"
"3,95000";"5,92781";"2,48205"
"3,96000";"5,94280";"2,60032"
"3,97000";"5,95779";"2,71522"
"3,98000";"5,97278";"2,82096"
"3,99000";"5,98790";"2,93125"
"4,00000";"6,00301";"3,04348"
"4,01000";"6,01812";"3,16162"
"4,02000";"6,03311";"3,28457"
"4,03000";"6,04822";"3,40142"
"4,04000";"6,06310";"3,51126"
"4,05000";"6,07809";"3,61762"
"4,06000";"6,09308";"3,72631"
"4,07000";"6,10808";"3,83212"
"4,08000";"6,12319";"3,94480"
"4,09000";"6,13806";"4,05835"
"4,10000";"6,15306";"4,17084"
"4,11000";"6,16793";"4,28759"
"4,12000";"6,18292";"4,39799"
"4,13000";"6,19780";"4,51087"
"4,14000";"6,21291";"4,62714"
"4,15000";"6,22802";"4,74131"
"4,16000";"6,24301";"4,84842"
"4,17000";"6,25801";"4,94992"
"4,18000";"6,27312";"5,05809"
"4,19000";"6,28811";"5,16725"
"4,20000";"6,30299";"5,27230"
"4,21000";"6,31810";"5,37694"
"4,22000";"6,33309";"5,47641"
"4,23000";"6,34808";"5,57172"
"4,24000";"6,36296";"5,68100"
"4,25000";"6,37783";"5,78957"
"4,26000";"6,39294";"5,90162"
"4,27000";"6,40794";"6,01314"
"4,28000";"6,42281";"6,12006"
"4,29000";"6,43781";"6,22258"
"4,30000";"6,45292";"6,33107"
"4,31000";"6,46791";"6,44036"
"4,32000";"6,48290";"6,54070"
"4,33000";"6,49790";"6,64076"
"4,34000";"6,51289";"6,74038"
"4,35000";"6,52788";"6,84706"
"4,36000";"6,54276";"6,96358"
"4,37000";"6,55775";"7,07409"
"4,38000";"6,57286";"7,17604"
"4,39000";"6,58785";"7,27274"
"4,40000";"6,60285";"7,37492"
"4,41000";"6,61796";"7,48107"
"4,42000";"6,63295";"7,58635"
"4,43000";"6,64783";"7,69306"
"4,44000";"6,66270";"7,80477"
"4,45000";"6,67769";"7,91737"
"4,46000";"6,69269";"8,02399"
"4,47000";"6,70780";"8,13724"
"4,48000";"6,72279";"8,24544"
"4,49000";"6,73790";"8,34954"
"4,50000";"6,75301";"8,44510"
"4,51000";"6,76801";"8,54430"
"4,52000";"6,78300";"8,65180"
"4,53000";"6,79799";"8,76458"
"4,54000";"6,81299";"8,88036"
"4,55000";"6,82798";"8,99331"
"4,56000";"6,84297";"9,10862"
"4,57000";"6,85796";"9,21516"
"4,58000";"6,87308";"9,32371"
"4,59000";"6,88807";"9,43404"
"4,60000";"6,90306";"9,53762"
"4,61000";"6,91806";"9,64706"
"4,62000";"6,93305";"9,76553"
"4,63000";"6,94816";"9,87742"
"4,64000";"6,96315";"9,99138"
"4,65000";"6,97815";"10,10588"
"4,66000";"6,99314";"10,21447"
"4,67000";"7,00801";"10,32099"
"4,68000";"7,02289";"10,42775"
"4,69000";"7,03788";"10,54530"
"4,70000";"7,05288";"10,65446"
"4,71000";"7,06787";"10,76387"
"4,72000";"7,08286";"10,87346"
"4,73000";"7,09797";"10,98655"
"4,74000";"7,11297";"11,09460"
"4,75000";"7,12784";"11,20964"
"4,76000";"7,14283";"11,32664"
"4,77000";"7,15794";"11,43923"
"4,78000";"7,17306";"11,55241"
"4,79000";"7,18805";"11,66742"
"4,80000";"7,20304";"11,78321"
"4,81000";"7,21815";"11,89380"
"4,82000";"7,23315";"12,00845"
"4,83000";"7,24802";"12,12199"
"4,84000";"7,26301";"12,22936"
"4,85000";"7,27813";"12,33704"
"4,86000";"7,29312";"12,44763"
"4,87000";"7,30823";"12,56270"
"4,88000";"7,32310";"12,67339"
"4,89000";"7,33810";"12,77916"
"4,90000";"7,35309";"12,88971"
"4,91000";"7,36797";"13,00854"
"4,92000";"7,38296";"13,11992"
"4,93000";"7,39807";"13,23307"
"4,94000";"7,41306";"13,35108"
"4,95000";"7,42806";"13,47691"
"4,96000";"7,44305";"13,59112"
"4,97000";"7,45804";"13,70221"
"4,98000";"7,47292";"13,81605"
"4,99000";"7,48791";"13,93286"
"5,00000";"7,50290";"14,05386"
"5,01000";"7,51790";"14,17750"
"5,02000";"7,53301";"14,29603"
"5,03000";"7,54800";"14,41355"
"5,04000";"7,56299";"14,52775"
"5,05000";"7,57810";"14,64096"
"5,06000";"7,59298";"14,76314"
"5,07000";"7,60785";"14,88372"
"5,08000";"7,62285";"15,00643"
"5,09000";"7,63796";"15,12902"
"5,10000";"7,65295";"15,24204"
"5,11000";"7,66806";"15,35663"
"5,12000";"7,68294";"15,47419"
"5,13000";"7,69793";"15,59041"
"5,14000";"7,71281";"15,71120"
"5,15000";"7,72780";"15,82363"
"5,16000";"7,74291";"15,93346"
"5,17000";"7,75790";"16,04966"
"5,18000";"7,77278";"16,16830"
"5,19000";"7,78777";"16,28903"
"5,20000";"7,80276";"16,40461"
"5,21000";"7,81776";"16,53106"
"5,22000";"7,83275";"16,65814"
"5,23000";"7,84774";"16,78143"
"5,24000";"7,86285";"16,90981"
"5,25000";"7,87797";"17,03423"
"5,26000";"7,89296";"17,15620"
"5,27000";"7,90795";"17,27677"
"5,28000";"7,92294";"17,39656"
"5,29000";"7,93794";"17,51906"
"5,30000";"7,95281";"17,64425"
"5,31000";"7,96769";"17,77487"
"5,32000";"7,98280";"17,89417"
"5,33000";"7,99779";"18,01084"
"5,34000";"8,01290";"18,13117"
"5,35000";"8,02801";"18,26203"
"5,36000";"8,04313";"18,38722"
"5,37000";"8,05812";"18,50659"
"5,38000";"8,07311";"18,63619"
"5,39000";"8,08810";"18,76709"
"5,40000";"8,10310";"18,89977"
"5,41000";"8,11809";"19,02565"
"5,42000";"8,13308";"19,14914"
"5,43000";"8,14808";"19,26737"
"5,44000";"8,16307";"19,39146"
"5,45000";"8,17818";"19,51633"
"5,46000";"8,19306";"19,63827"
"5,47000";"8,20805";"19,75834"
"5,48000";"8,22304";"19,87848"
"5,49000";"8,23815";"20,00924"
"5,50000";"8,25315";"20,14981"
"5,51000";"8,26826";"20,28574"
"5,52000";"8,28325";"20,41984"
"5,53000";"8,29824";"20,54843"
"5,54000";"8,31312";"20,68087"
"5,55000";"8,32811";"20,81381"
"5,56000";"8,34322";"20,94559"
"5,57000";"8,35822";"21,07489"
"5,58000";"8,37321";"21,20920"
"5,59000";"8,38808";"21,34389"
"5,60000";"8,40296";"21,47663"
"5,61000";"8,41783";"21,60917"
"5,62000";"8,43271";"21,73941"
"5,63000";"8,44782";"21,87359"
"5,64000";"8,46281";"22,00604"
"5,65000";"8,47804";"22,14221"
"5,66000";"8,49315";"22,28223"
"5,67000";"8,50826";"22,41739"
"5,68000";"8,52326";"22,55746"
"5,69000";"8,53813";"22,69558"
"5,70000";"8,55301";"22,82986"
"5,71000";"8,56800";"22,96876"
"5,72000";"8,58299";"23,10620"
"5,73000";"8,59810";"23,24879"
"5,74000";"8,61310";"23,39568"
"5,75000";"8,62809";"23,54481"
"5,76000";"8,64308";"23,68787"
"5,77000";"8,65796";"23,82826"
"5,78000";"8,67295";"23,96642"
"5,79000";"8,68795";"24,10825"
"5,80000";"8,70306";"24,25383"
"5,81000";"8,71793";"24,39632"
"5,82000";"8,73304";"24,53320"
"5,83000";"8,74803";"24,67703"
"5,84000";"8,76303";"24,82287"
"5,85000";"8,77790";"24,96735"
"5,86000";"8,79278";"25,10493"
"5,87000";"8,80789";"25,24555"
"5,88000";"8,82288";"25,39971"
"5,89000";"8,83788";"25,54377"
"5,90000";"8,85275";"25,69441"
"5,91000";"8,86786";"25,85117"
"5,92000";"8,88285";"26,00755"
"5,93000";"8,89785";"26,16536"
"5,94000";"8,91284";"26,31695"
"5,95000";"8,92795";"26,46739"
"5,96000";"8,94294";"26,62154"
"5,97000";"8,95794";"26,77526"
"5,98000";"8,97293";"26,93015"
"5,99000";"8,98792";"27,09097"
"6,00000";"9,00292";"27,25300"
"6,01000";"9,01779";"27,40608"
"6,02000";"9,03279";"27,56189"
"6,03000";"9,04778";"27,71448"
"6,04000";"9,06289";"27,86843"
"6,05000";"9,07800";"28,02525"
"6,06000";"9,09287";"28,18755"
"6,07000";"9,10799";"28,34837"
"6,08000";"9,12310";"28,50888"
"6,09000";"9,13797";"28,67593"
"6,10000";"9,15297";"28,83658"
"6,11000";"9,16796";"28,99213"
"6,12000";"9,18295";"29,15723"
"6,13000";"9,19818";"29,33473"
"6,14000";"9,21317";"29,51792"
"6,15000";"9,22817";"29,69110"
"6,16000";"9,24316";"29,86120"
"6,17000";"9,25815";"30,02377"
"6,18000";"9,27315";"30,18779"
"6,19000";"9,28802";"30,35863"
"6,20000";"9,30313";"30,53139"
"6,21000";"9,31813";"30,70115"
"6,22000";"9,33324";"30,87707"
"6,23000";"9,34823";"31,04645"
"6,24000";"9,36310";"31,21549"
"6,25000";"9,37810";"31,38564"
"6,26000";"9,39321";"31,56195"
"6,27000";"9,40808";"31,73512"
"6,28000";"9,42308";"31,91572"
"6,29000";"9,43807";"32,10258"
"6,30000";"9,45318";"32,29618"
"6,31000";"9,46817";"32,48377"
"6,32000";"9,48305";"32,66469"
"6,33000";"9,49792";"32,84245"
"6,34000";"9,51304";"33,02776"
"6,35000";"9,52803";"33,22427"
"6,36000";"9,54290";"33,41516"
"6,37000";"9,55801";"33,59904"
"6,38000";"9,57312";"33,78065"
"6,39000";"9,58812";"33,96726"
"6,40000";"9,60299";"34,15887"
"6,41000";"9,61799";"34,35071"
"6,42000";"9,63310";"34,54078"
"6,43000";"9,64809";"34,73495"
"6,44000";"9,66297";"34,93303"
"6,45000";"9,67796";"35,12653"
"6,46000";"9,69295";"35,32703"
"6,47000";"9,70806";"35,52554"
"6,48000";"9,72294";"35,72646"
"6,49000";"9,73793";"35,92811"
"6,50000";"9,75304";"36,13194"
"6,51000";"9,76803";"36,33267"
"6,52000";"9,78303";"36,53476"
"6,53000";"9,79802";"36,74076"
"6,54000";"9,81301";"36,94958"
"6,55000";"9,82801";"37,15522"
"6,56000";"9,84276";"37,36729"
"6,57000";"9,85776";"37,58246"
"6,58000";"9,87287";"37,78992"
"6,59000";"9,88798";"37,99598"
"6,60000";"9,90297";"38,20563"
"6,61000";"9,91808";"38,42313"
"6,62000";"9,93320";"38,64372"
"6,63000";"9,94819";"38,86414"
"6,64000";"9,96306";"39,09079"
"6,65000";"9,97794";"39,31532"
"6,66000";"9,99305";"39,53311"
"6,67000";"10,00804";"39,74467"
"6,68000";"10,02304";"39,96458"
"6,69000";"10,03803";"40,18435"
"6,70000";"10,05314";"40,41989"
"6,71000";"10,06813";"40,66190"
"6,72000";"10,08301";"40,89196"
"6,73000";"10,09800";"41,11614"
"6,74000";"10,11299";"41,34169"
"6,75000";"10,12810";"41,56618"
"6,76000";"10,14310";"41,80938"
"6,77000";"10,15809";"42,05175"
"6,78000";"10,17320";"42,28707"
"6,79000";"10,18831";"42,51900"
"6,80000";"10,20319";"42,75830"
"6,81000";"10,21818";"43,00172"
"6,82000";"10,23329";"43,24387"
"6,83000";"10,24840";"43,48801"
"6,84000";"10,26328";"43,74021"
"6,85000";"10,27827";"43,99684"
"6,86000";"10,29315";"44,25085"
"6,87000";"10,30814";"44,50297"
"6,88000";"10,32313";"44,74600"
"6,89000";"10,33813";"44,98152"
"6,90000";"10,35312";"45,22079"
"6,91000";"10,36823";"45,47016"
"6,92000";"10,38322";"45,72488"
"6,93000";"10,39822";"45,98943"
"6,94000";"10,41321";"46,26822"
"6,95000";"10,42820";"46,55080"
"6,96000";"10,44308";"46,82450"
"6,97000";"10,45819";"47,08358"
"6,98000";"10,47318";"47,33926"
"6,99000";"10,48829";"47,60728"
"7,00000";"10,50328";"47,87945"
"7,01000";"10,51828";"48,15326"
"7,02000";"10,53315";"48,41713"
"7,03000";"10,54803";"48,68474"
"7,04000";"10,56290";"48,95985"
"7,05000";"10,57790";"49,23569"
"7,06000";"10,59289";"49,51595"
"7,07000";"10,60788";"49,80154"
"7,08000";"10,62288";"50,09079"
"7,09000";"10,63787";"50,37519"
"7,10000";"10,65286";"50,65277"
"7,11000";"10,66774";"50,93214"
"7,12000";"10,68273";"51,21927"
"7,13000";"10,69784";"51,50716"
"7,14000";"10,71283";"51,79975"
"7,15000";"10,72783";"52,09820"
"7,16000";"10,74282";"52,39936"
"7,17000";"10,75781";"52,70397"
"7,18000";"10,77281";"53,00054"
"7,19000";"10,78780";"53,29929"
"7,20000";"10,80279";"53,59599"
"7,21000";"10,81779";"53,89268"
"7,22000";"10,83290";"54,20187"
"7,23000";"10,84789";"54,51209"
"7,24000";"10,86300";"54,82902"
"7,25000";"10,87799";"55,14290"
"7,26000";"10,89299";"55,45534"
"7,27000";"10,90786";"55,77104"
"7,28000";"10,92274";"56,08220"
"7,29000";"10,93785";"56,39537"
"7,30000";"10,95296";"56,71436"
"7,31000";"10,96807";"57,03709"
"7,32000";"10,98306";"57,36673"
"7,33000";"10,99806";"57,69402"
"7,34000";"11,01305";"58,01982"
"7,35000";"11,02792";"58,35570"
"7,36000";"11,04303";"58,68154"
"7,37000";"11,05803";"59,00195"
"7,38000";"11,07302";"59,33207"
"7,39000";"11,08801";"59,66991"
"7,40000";"11,10301";"60,01593"
"7,41000";"11,11800";"60,35757"
"7,42000";"11,13311";"60,69350"
"7,43000";"11,14799";"61,02628"
"7,44000";"11,16310";"61,35993"
"7,45000";"11,17821";"61,69619"
"7,46000";"11,19320";"62,04558"
"7,47000";"11,20808";"62,39549"
"7,48000";"11,22307";"62,74257"
"7,49000";"11,23794";"63,08604"
"7,50000";"11,25294";"63,43462"
"7,51000";"11,26793";"63,78758"
"7,52000";"11,28304";"64,14489"
"7,53000";"11,29803";"64,50963"
"7,54000";"11,31315";"64,87836"
"7,55000";"11,32802";"65,24549"
"7,56000";"11,34301";"65,61359"
"7,57000";"11,35801";"65,97895"
"7,58000";"11,37288";"66,33956"
"7,59000";"11,38788";"66,70945"
"7,60000";"11,40298";"67,07688"
"7,61000";"11,41798";"67,44809"
"7,62000";"11,43309";"67,82139"
"7,63000";"11,44808";"68,19774"
"7,64000";"11,46319";"68,57968"
"7,65000";"11,47807";"68,96237"
"7,66000";"11,49306";"69,33872"
"7,67000";"11,50794";"69,71423"
"7,68000";"11,52305";"70,08853"
"7,69000";"11,53804";"70,45978"
"7,70000";"11,55304";"70,83501"
"7,71000";"11,56815";"71,21769"
"7,72000";"11,58314";"71,60764"
"7,73000";"11,59813";"72,00306"
"7,74000";"11,61312";"72,39150"
"7,75000";"11,62800";"72,77106"
"7,76000";"11,64311";"73,14948"
"7,77000";"11,65810";"73,53733"
"7,78000";"11,67310";"73,93459"
"7,79000";"11,68809";"74,33426"
"7,80000";"11,70296";"74,72706"
"7,81000";"11,71808";"75,12062"
"7,82000";"11,73307";"75,51488"
"7,83000";"11,74806";"75,91378"
"7,84000";"11,76317";"76,31895"
"7,85000";"11,77817";"76,72137"
"7,86000";"11,79304";"77,12529"
"7,87000";"11,80792";"77,53722"
"7,88000";"11,82291";"77,94733"
"7,89000";"11,83790";"78,34728"
"7,90000";"11,85278";"78,74964"
"7,91000";"11,86777";"79,15411"
"7,92000";"11,88288";"79,55746"
"7,93000";"11,89799";"79,96967"
"7,94000";"11,91299";"80,39630"
"7,95000";"11,92798";"80,82677"
"7,96000";"11,94297";"81,24567"
"7,97000";"11,95797";"81,65684"
"7,98000";"11,97284";"82,05645"
"7,99000";"11,98783";"82,44608"
"8,00000";"12,00294";"82,84003"
"8,01000";"12,01794";"83,23876"
"8,02000";"12,03293";"83,65621"
"8,03000";"12,04792";"84,07656"
"8,04000";"12,06292";"84,48961"
"8,05000";"12,07791";"84,89597"
"8,06000";"12,09290";"85,30315"
"8,07000";"12,10790";"85,71049"
"8,08000";"12,12289";"86,11134"
"8,09000";"12,13788";"86,52028"
"8,10000";"12,15287";"86,92940"
"8,11000";"12,16787";"87,33421"
"8,12000";"12,18274";"87,73093"
"8,13000";"12,19774";"88,13387"
"8,14000";"12,21273";"88,53240"
"8,15000";"12,22772";"88,92685"
"8,16000";"12,24283";"89,33083"
"8,17000";"12,25795";"89,73000"
"8,18000";"12,27294";"90,12772"
"8,19000";"12,28793";"90,52276"
"8,20000";"12,30292";"90,91376"
"8,21000";"12,31780";"91,30559"
"8,22000";"12,33267";"91,68072"
"8,23000";"12,34767";"92,05233"
"8,24000";"12,36278";"92,43015"
"8,25000";"12,37789";"92,80772"
"8,26000";"12,39300";"93,19183"
"8,27000";"12,40799";"93,57378"
"8,28000";"12,42287";"93,94148"
"8,29000";"12,43786";"94,29777"
"8,30000";"12,45286";"94,64004"
"8,31000";"12,46785";"94,98225"
"8,32000";"12,48284";"95,33106"
"8,33000";"12,49795";"95,66628"
"8,34000";"12,51294";"96,01089"
"8,35000";"12,52794";"96,35513"
"8,36000";"12,54305";"96,69392"
"8,37000";"12,55792";"97,04260"
"8,38000";"12,57280";"97,38161"
"8,39000";"12,58779";"97,70427"
"8,40000";"12,60278";"98,02097"
"8,41000";"12,61790";"98,33450"
"8,42000";"12,63277";"98,64914"
"8,43000";"12,64776";"98,95898"
"8,44000";"12,66276";"99,26404"
"8,45000";"12,67775";"99,55167"
"8,46000";"12,69286";"99,82693"
"8,47000";"12,70797";"100,09673"
"8,48000";"12,72297";"100,36461"
"8,49000";"12,73808";"100,62718"
"8,50000";"12,75319";"100,89288"
"8,51000";"12,76818";"101,14970"
"8,52000";"12,78317";"101,39938"
"8,53000";"12,79805";"101,62910"
"8,54000";"12,81316";"101,82967"
"8,55000";"12,82815";"102,02565"
"8,56000";"12,84315";"102,22280"
"8,57000";"12,85814";"102,41763"
"8,58000";"12,87313";"102,58714"
"8,59000";"12,88813";"102,74789"
"8,60000";"12,90300";"102,89181"
"8,61000";"12,91787";"103,01440"
"8,62000";"12,93275";"103,10016"
"8,63000";"12,94786";"103,15769"
"8,64000";"12,96274";"103,21971"
"8,65000";"12,97773";"103,28503"
"8,66000";"12,99272";"103,35624"
"8,67000";"13,00783";"103,43377"
"8,68000";"13,02294";"103,52856"
"8,69000";"13,03794";"103,62865"
"8,70000";"13,05293";"103,70653"
"8,71000";"13,06804";"103,76570"
"8,72000";"13,08315";"103,81559"
"8,73000";"13,09814";"103,86540"
"8,74000";"13,11314";"103,89381"
"8,75000";"13,12813";"103,88770"
"8,76000";"13,14289";"103,84833"
"8,77000";"13,15788";"103,77674"
"8,78000";"13,17287";"103,69531"
"8,79000";"13,18787";"103,61499"
"8,80000";"13,20298";"103,53477"
"8,81000";"13,21797";"103,45146"
"8,82000";"13,23297";"103,37189"
"8,83000";"13,24796";"103,28703"
"8,84000";"13,26283";"103,19086"
"8,85000";"13,27771";"103,07021"
"8,86000";"13,29270";"102,91711"
"8,87000";"13,30781";"102,74591"
"8,88000";"13,32281";"102,55952"
"8,89000";"13,33780";"102,36051"
"8,90000";"13,35279";"102,14340"
"8,91000";"13,36790";"101,91341"
"8,92000";"13,38290";"101,66718"
"8,93000";"13,39789";"101,39891"
"8,94000";"13,41288";"101,11575"
"8,95000";"13,42799";"100,82973"
"8,96000";"13,44299";"100,54266"
"8,97000";"13,45798";"100,23969"
"8,98000";"13,47309";"99,92051"
"8,99000";"13,48808";"99,58592"
"9,00000";"13,50308";"99,22466"
"9,01000";"13,51807";"98,83006"
"9,02000";"13,53306";"98,41012"
"9,03000";"13,54806";"97,98573"
"9,04000";"13,56305";"97,54437"
"9,05000";"13,57804";"97,09573"
"9,06000";"13,59303";"96,64684"
"9,07000";"13,60791";"96,21680"
"9,08000";"13,62290";"95,82683"
"9,09000";"13,63790";"95,47204"
"9,10000";"13,65289";"95,14349"
"9,11000";"13,66800";"94,83287"
"9,12000";"13,68299";"94,52533"
"9,13000";"13,69810";"94,22404"
"9,14000";"13,71310";"93,91263"
"9,15000";"13,72809";"93,59351"
"9,16000";"13,74296";"93,26683"
"9,17000";"13,75808";"92,93446"
"9,18000";"13,77295";"92,62266"
"9,19000";"13,78794";"92,33101"
"9,20000";"13,80306";"92,05675"
"9,21000";"13,81805";"91,80237"
"9,22000";"13,83304";"91,55924"
"9,23000";"13,84803";"91,32745"
"9,24000";"13,86315";"91,09661"
"9,25000";"13,87814";"90,86204"
"9,26000";"13,89313";"90,63113"
"9,27000";"13,90813";"90,38132"
"9,28000";"13,92312";"90,11812"
"9,29000";"13,93811";"89,85575"
"9,30000";"13,95322";"89,61172"
"9,31000";"13,96810";"89,38448"
"9,32000";"13,98309";"89,16957"
"9,33000";"13,99820";"88,95619"
"9,34000";"14,01319";"88,74352"
"9,35000";"14,02819";"88,53693"
"9,36000";"14,04306";"88,33358"
"9,37000";"14,05805";"88,11900"
"9,38000";"14,07293";"87,89370"
"9,39000";"14,08792";"87,65038"
"9,40000";"14,10280";"87,38869"
"9,41000";"14,11779";"87,12596"
"9,42000";"14,13278";"86,85999"
"9,43000";"14,14790";"86,58721"
"9,44000";"14,16289";"86,31007"
"9,45000";"14,17800";"86,03746"
"9,46000";"14,19299";"85,77209"
"9,47000";"14,20799";"85,49600"
"9,48000";"14,22286";"85,20003"
"9,49000";"14,23797";"84,88505"
"9,50000";"14,25296";"84,57729"
"9,51000";"14,26808";"84,27551"
"9,52000";"14,28307";"83,96604"
"9,53000";"14,29818";"83,64233"
"9,54000";"14,31317";"83,31179"
"9,55000";"14,32817";"82,98160"
"9,56000";"14,34304";"82,64943"
"9,57000";"14,35815";"82,31609"
"9,58000";"14,37303";"82,00685"
"9,59000";"14,38814";"81,73624"
"9,60000";"14,40313";"81,48708"
"9,61000";"14,41813";"81,24962"
"9,62000";"14,43324";"81,02907"
"9,63000";"14,44811";"80,82090"
"9,64000";"14,46299";"80,59203"
"9,65000";"14,47798";"80,34566"
"9,66000";"14,49297";"80,10041"
"9,67000";"14,50797";"79,87141"
"9,68000";"14,52308";"79,65054"
"9,69000";"14,53807";"79,44934"
"9,70000";"14,55318";"79,27104"
"9,71000";"14,56817";"79,10931"
"9,72000";"14,58317";"78,94291"
"9,73000";"14,59816";"78,76991"
"9,74000";"14,61327";"78,60390"
"9,75000";"14,62826";"78,44916"
"9,76000";"14,64337";"78,29593"
"9,77000";"14,65837";"78,14091"
"9,78000";"14,67324";"78,01791"
"9,79000";"14,68800";"77,91388"
"9,80000";"14,70287";"77,82613"
"9,81000";"14,71787";"77,76196"
"9,82000";"14,73298";"77,73367"
"9,83000";"14,74809";"77,73900"
"9,84000";"14,76308";"77,77271"
"9,85000";"14,77820";"77,81485"
"9,86000";"14,79319";"77,84940"
"9,87000";"14,80806";"77,87709"
"9,88000";"14,82317";"77,89230"
"9,89000";"14,83817";"77,90953"
"9,90000";"14,85304";"77,93422"
"9,91000";"14,86804";"77,96595"
"9,92000";"14,88291";"78,00150"
"9,93000";"14,89790";"78,03838"
"9,94000";"14,91290";"78,09075"
"9,95000";"14,92789";"78,16767"
"9,96000";"14,94288";"78,26886"
"9,97000";"14,95799";"78,37947"
"9,98000";"14,97310";"78,49166"
"9,99000";"14,98822";"78,62506"
"10,00000";"15,00321";"78,76235"
"10,01000";"15,01820";"78,88583"
"10,02000";"15,03308";"79,00260"
"10,03000";"15,04807";"79,11609"
"10,04000";"15,06306";"79,22749"
"10,05000";"15,07806";"79,32637"
"10,06000";"15,09317";"79,41986"
"10,07000";"15,10816";"79,51931"
"10,08000";"15,12315";"79,61708"
"10,09000";"15,13815";"79,71564"
"10,10000";"15,15290";"79,80854"
"10,11000";"15,16778";"79,89345"
"10,12000";"15,18277";"79,98193"
"10,13000";"15,19776";"80,07190"
"10,14000";"15,21276";"80,15079"
"10,15000";"15,22787";"80,22645"
"10,16000";"15,24274";"80,30419"
"10,17000";"15,25774";"80,36367"
"10,18000";"15,27273";"80,40079"
"10,19000";"15,28760";"80,41335"
"10,20000";"15,30272";"80,42564"
"10,21000";"15,31783";"80,46548"
"10,22000";"15,33294";"80,52524"
"10,23000";"15,34793";"80,59022"
"10,24000";"15,36304";"80,65311"
"10,25000";"15,37815";"80,71384"
"10,26000";"15,39315";"80,77143"
"10,27000";"15,40814";"80,82024"
"10,28000";"15,42313";"80,87702"
"10,29000";"15,43824";"80,95451"
"10,30000";"15,45324";"81,04828"
"10,31000";"15,46823";"81,13815"
"10,32000";"15,48310";"81,22388"
"10,33000";"15,49810";"81,32182"
"10,34000";"15,51297";"81,43979"
"10,35000";"15,52797";"81,56393"
"10,36000";"15,54296";"81,69647"
"10,37000";"15,55807";"81,85253"
"10,38000";"15,57306";"82,02765"
"10,39000";"15,58805";"82,21332"
"10,40000";"15,60293";"82,39087"
"10,41000";"15,61792";"82,56563"
"10,42000";"15,63280";"82,74310"
"10,43000";"15,64779";"82,91786"
"10,44000";"15,66279";"83,10863"
"10,45000";"15,67790";"83,31345"
"10,46000";"15,69301";"83,52232"
"10,47000";"15,70800";"83,73164"
"10,48000";"15,72299";"83,92293"
"10,49000";"15,73799";"84,10002"
"10,50000";"15,75298";"84,24094"
"10,51000";"15,76809";"84,36987"
"10,52000";"15,78320";"84,49542"
"10,53000";"15,79819";"84,63374"
"10,54000";"15,81319";"84,78197"
"10,55000";"15,82818";"84,93858"
"10,56000";"15,84317";"85,08137"
"10,57000";"15,85817";"85,22841"
"10,58000";"15,87316";"85,39291"
"10,59000";"15,88815";"85,57156"
"10,60000";"15,90315";"85,75723"
"10,61000";"15,91826";"85,95956"
"10,62000";"15,93325";"86,17297"
"10,63000";"15,94813";"86,38927"
"10,64000";"15,96312";"86,60500"
"10,65000";"15,97799";"86,83008"
"10,66000";"15,99287";"87,07445"
"10,67000";"16,00786";"87,33514"
"10,68000";"16,02274";"87,61789"
"10,69000";"16,03773";"87,91261"
"10,70000";"16,05272";"88,21715"
"10,71000";"16,06771";"88,52265"
"10,72000";"16,08271";"88,82307"
"10,73000";"16,09770";"89,12197"
"10,74000";"16,11269";"89,43876"
"10,75000";"16,12781";"89,77357"
"10,76000";"16,14280";"90,12678"
"10,77000";"16,15791";"90,47863"
"10,78000";"16,17302";"90,82808"
"10,79000";"16,18813";"91,17714"
"10,80000";"16,20324";"91,53152"
"10,81000";"16,21824";"91,89137"
"10,82000";"16,23335";"92,28320"
"10,83000";"16,24834";"92,70039"
"10,84000";"16,26322";"93,14673"
"10,85000";"16,27821";"93,60875"
"10,86000";"16,29308";"94,09996"
"10,87000";"16,30820";"94,63243"
"10,88000";"16,32319";"95,20394"
"10,89000";"16,33818";"95,80980"
"10,90000";"16,35317";"96,41663"
"10,91000";"16,36817";"97,04772"
"10,92000";"16,38328";"97,70243"
"10,93000";"16,39827";"98,37914"
"10,94000";"16,41315";"99,03717"
"10,95000";"16,42802";"99,66808"
"10,96000";"16,44289";"100,27465"
"10,97000";"16,45777";"100,86674"
"10,98000";"16,47276";"101,44608"
"10,99000";"16,48776";"102,03460"
"11,00000";"16,50275";"102,65709"
"11,01000";"16,51786";"103,28256"
"11,02000";"16,53274";"103,90901"
"11,03000";"16,54773";"104,53491"
"11,04000";"16,56272";"105,15636"
"11,05000";"16,57760";"105,78034"
"11,06000";"16,59271";"106,41618"
"11,07000";"16,60782";"107,07865"
"11,08000";"16,62305";"107,76122"
"11,09000";"16,63816";"108,43149"
"11,10000";"16,65327";"109,07465"
"11,11000";"16,66838";"109,68774"
"11,12000";"16,68338";"110,28438"
"11,13000";"16,69825";"110,85534"
"11,14000";"16,71324";"111,39854"
"11,15000";"16,72824";"111,95763"
"11,16000";"16,74311";"112,54084"
"11,17000";"16,75799";"113,12883"
"11,18000";"16,77298";"113,71669"
"11,19000";"16,78797";"114,31229"
"11,20000";"16,80297";"114,93722"
"11,21000";"16,81796";"115,57360"
"11,22000";"16,83295";"116,18531"
"11,23000";"16,84795";"116,79191"
"11,24000";"16,86294";"117,40596"
"11,25000";"16,87793";"118,03645"
"11,26000";"16,89293";"118,69878"
"11,27000";"16,90792";"119,38821"
"11,28000";"16,92279";"120,11309"
"11,29000";"16,93778";"120,84789"
"11,30000";"16,95290";"121,60532"
"11,31000";"16,96789";"122,38896"
"11,32000";"16,98288";"123,20273"
"11,33000";"16,99788";"124,03397"
"11,34000";"17,01287";"124,89531"
"11,35000";"17,02798";"125,77087"
"11,36000";"17,04285";"126,66229"
"11,37000";"17,05785";"127,54176"
"11,38000";"17,07284";"128,42462"
"11,39000";"17,08783";"129,34801"
"11,40000";"17,10295";"130,32545"
"11,41000";"17,11782";"131,34499"
"11,42000";"17,13293";"132,38057"
"11,43000";"17,14792";"133,44754"
"11,44000";"17,16280";"134,55882"
"11,45000";"17,17779";"135,72090"
"11,46000";"17,19290";"136,92694"
"11,47000";"17,20790";"138,20158"
"11,48000";"17,22301";"139,52826"
"11,49000";"17,23788";"140,88307"
"11,50000";"17,25288";"142,21326"
"11,51000";"17,26799";"143,55197"
"11,52000";"17,28286";"144,93842"
"11,53000";"17,29786";"146,33688"
"11,54000";"17,31285";"147,74205"
"11,55000";"17,32784";"149,16187"
"11,56000";"17,34295";"150,58406"
"11,57000";"17,35783";"152,03423"
"11,58000";"17,37270";"153,45477"
"11,59000";"17,38758";"154,86478"
"11,60000";"17,40245";"156,27176"
"11,61000";"17,41733";"157,69670"
"11,62000";"17,43244";"159,18275"
"11,63000";"17,44755";"160,74896"
"11,64000";"17,46278";"162,40138"
"11,65000";"17,47789";"164,16548"
"11,66000";"17,49300";"165,99889"
"11,67000";"17,50811";"167,81039"
"11,68000";"17,52310";"169,56888"
"11,69000";"17,53810";"171,29291"
"11,70000";"17,55309";"173,03641"
"11,71000";"17,56808";"174,79607"
"11,72000";"17,58308";"176,63821"
"11,73000";"17,59807";"178,56285"
"11,74000";"17,61306";"180,56345"
"11,75000";"17,62806";"182,63925"
"11,76000";"17,64293";"184,79147"
"11,77000";"17,65792";"186,96269"
"11,78000";"17,67280";"189,15869"
"11,79000";"17,68779";"191,32935"
"11,80000";"17,70290";"193,48682"
"11,81000";"17,71802";"195,69374"
"11,82000";"17,73289";"198,00806"
"11,83000";"17,74788";"200,41400"
"11,84000";"17,76287";"202,89952"
"11,85000";"17,77787";"205,42238"
"11,86000";"17,79274";"207,94846"
"11,87000";"17,80774";"210,47052"
"11,88000";"17,82273";"213,02997"
"11,89000";"17,83772";"215,65343"
"11,90000";"17,85272";"218,40695"
"11,91000";"17,86759";"221,22720"
"11,92000";"17,88258";"224,03859"
"11,93000";"17,89781";"226,85919"
"11,94000";"17,91292";"229,74718"
"11,95000";"17,92815";"232,69214"
"11,96000";"17,94314";"235,62602"
"11,97000";"17,95826";"238,50536"
"11,98000";"17,97325";"241,34381"
"11,99000";"17,98812";"244,20029"
"12,00000";"18,00300";"247,07248"
"12,01000";"18,01799";"250,02634"
"12,02000";"18,03299";"253,12260"
"12,03000";"18,04798";"256,31335"
"12,04000";"18,06309";"259,51086"
"12,05000";"18,07808";"262,74582"
"12,06000";"18,09296";"266,01962"
"12,07000";"18,10783";"269,32947"
"12,08000";"18,12283";"272,66550"
"12,09000";"18,13794";"276,07974"
"12,10000";"18,15293";"279,63632"
"12,11000";"18,16792";"283,23322"
"12,12000";"18,18292";"286,82620"
"12,13000";"18,19791";"290,41245"
"12,14000";"18,21279";"293,95792"
"12,15000";"18,22742";"297,40280"
"12,16000";"18,24230";"300,78818"
"12,17000";"18,25741";"304,35919"
"12,18000";"18,27240";"308,25888"
"12,19000";"18,28752";"312,46793"
"12,20000";"18,30251";"317,01971"
"12,21000";"18,31750";"321,81128"
"12,22000";"18,33261";"326,73581"
"12,23000";"18,34772";"331,74063"
"12,24000";"18,36283";"336,83340"
"12,25000";"18,37794";"341,98242"
"12,26000";"18,39306";"347,14026"
"12,27000";"18,40805";"352,16992"
"12,28000";"18,42304";"357,10596"
"12,29000";"18,43792";"361,98889"
"12,30000";"18,45279";"366,89349"
"12,31000";"18,46766";"371,85855"
"12,32000";"18,48278";"377,08319"
"12,33000";"18,49789";"382,78546"
"12,33200";"18,50096";"383,96918"
"12,33400";"18,50391";"385,15958"
"12,34400";"18,51701";"391,08972"
"12,35400";"18,52445";"395,21625"
"12,36000";"18,52634";"394,91989"
"12,37000";"18,52563";"387,29944"
"12,38000";"18,52067";"369,45529"
"12,39000";"18,50922";"338,71091"
"12,40000";"18,49234";"288,70490"
"12,41000";"18,47215";"217,90411"
"12,42000";"18,45043";"137,17920"
"12,43000";"18,42847";"63,21127"
"12,44000";"18,40699";"8,39419"
"12,45000";"18,38644";"-22,62539"
"12,46000";"18,36661";"-33,43974"
"12,47000";"18,34760";"-31,54286"
"12,48000";"18,32931";"-24,37469"
"12,49000";"18,31172";"-16,11843"
"12,50000";"18,29472";"-9,08193"
"12,51000";"18,27807";"-4,35284"
"12,52000";"18,26178";"-1,94938"
"12,53000";"18,24560";"-1,25738"
"12,54000";"18,22990";"-1,55029"
"12,55000";"18,21420";"-2,23273"
"12,56000";"18,19874";"-2,92573"
"12,57000";"18,18339";"-3,49546"
"12,58000";"18,16816";"-3,92521"
"12,59000";"18,15305";"-4,26245"
"12,60000";"18,13794";"-4,52337"
"12,61000";"18,12271";"-4,73494"
"12,62000";"18,10760";"-4,91514"
"12,63000";"18,09249";"-5,06157"
"12,64000";"18,07738";"-5,18734"
"12,65000";"18,06238";"-5,29230"
"12,66000";"18,04739";"-5,36744"
"12,67000";"18,03240";"-5,40299"
"12,68000";"18,01728";"-5,40937"
"12,69000";"18,00217";"-5,40168"
"12,70000";"17,98742";"-5,37691"
"12,71000";"17,97266";"-5,33803"
"12,72000";"17,95767";"-5,29121"
"12,73000";"17,94255";"-5,24823"
"12,74000";"17,92721";"-5,20315"
"12,75000";"17,91198";"-5,15213"
"12,76000";"17,89699";"-5,10745"
"12,77000";"17,88188";"-5,06364"
"12,78000";"17,86665";"-5,01404"
"12,79000";"17,85154";"-4,94637"
"12,80000";"17,83654";"-4,87196"
"12,81000";"17,82167";"-4,78749"
"12,82000";"17,80679";"-4,69857"
"12,83000";"17,79192";"-4,60087"
"12,84000";"17,77704";"-4,50125"
"12,85000";"17,76229";"-4,41074"
"12,86000";"17,74718";"-4,32514"
"12,87000";"17,73195";"-4,24538"
"12,88000";"17,71695";"-4,17232"
"12,89000";"17,70196";"-4,10380"
"12,90000";"17,68696";"-4,02750"
"12,91000";"17,67197";"-3,94515"
"12,92000";"17,65686";"-3,85848"
"12,93000";"17,64187";"-3,76819"
"12,94000";"17,62688";"-3,67321"
"12,95000";"17,61176";"-3,59161"
"12,96000";"17,59701";"-3,51719"
"12,97000";"17,58213";"-3,44657"
"12,98000";"17,56726";"-3,37842"
"12,99000";"17,55226";"-3,31970"
"13,00000";"17,53727";"-3,27257"
"13,01000";"17,52228";"-3,21874"
"13,02000";"17,50705";"-3,15874"
"13,03000";"17,49194";"-3,10309"
"13,04000";"17,47694";"-3,04605"
"13,05000";"17,46207";"-2,98140"
"13,06000";"17,44708";"-2,91287"
"13,07000";"17,43209";"-2,84658"
"13,08000";"17,41709";"-2,78421"
"13,09000";"17,40210";"-2,73377"
"13,10000";"17,38699";"-2,68166"
"13,11000";"17,37176";"-2,62893"
"13,12000";"17,35688";"-2,56887"
"13,13000";"17,34201";"-2,50676"
"13,14000";"17,32701";"-2,45056"
"13,15000";"17,31202";"-2,39554"
"13,16000";"17,29703";"-2,33486"
"13,17000";"17,28215";"-2,27683"
"13,18000";"17,26716";"-2,22624"
"13,19000";"17,25205";"-2,17236"
"13,20000";"17,23706";"-2,11356"
"13,21000";"17,22218";"-2,05692"
"13,22000";"17,20731";"-2,00550"
"13,23000";"17,19219";"-1,96553"
"13,24000";"17,17708";"-1,93391"
"13,25000";"17,16209";"-1,90324"
"13,26000";"17,14710";"-1,87798"
"13,27000";"17,13199";"-1,84801"
"13,28000";"17,11699";"-1,81922"
"13,29000";"17,10200";"-1,79950"
"13,30000";"17,08713";"-1,77497"
"13,31000";"17,07201";"-1,74871"
"13,32000";"17,05690";"-1,71184"
"13,33000";"17,04191";"-1,67909"
"13,34000";"17,02692";"-1,64702"
"13,35000";"17,01192";"-1,61013"
"13,36000";"16,99693";"-1,57626"
"13,37000";"16,98194";"-1,54778"
"13,38000";"16,96718";"-1,51594"
"13,39000";"16,95219";"-1,49050"
"13,40000";"16,93708";"-1,46793"
"13,41000";"16,92196";"-1,43860"
"13,42000";"16,90697";"-1,41535"
"13,43000";"16,89186";"-1,38597"
"13,44000";"16,87687";"-1,34897"
"13,45000";"16,86188";"-1,32132"
"13,46000";"16,84688";"-1,30134"
"13,47000";"16,83201";"-1,26821"
"13,48000";"16,81689";"-1,23386"
"13,49000";"16,80190";"-1,20489"
"13,50000";"16,78679";"-1,17940"
"13,51000";"16,77192";"-1,15616"
"13,52000";"16,75704";"-1,13673"
"13,53000";"16,74193";"-1,11869"
"13,54000";"16,72706";"-1,09683"
"13,55000";"16,71206";"-1,07216"
"13,56000";"16,69707";"-1,05452"
"13,57000";"16,68196";"-1,04610"
"13,58000";"16,66697";"-1,03915"
"13,59000";"16,65197";"-1,03110"
"13,60000";"16,63721";"-1,01771"
"13,61000";"16,62211";"-1,01203"
"13,62000";"16,60699";"-1,00727"
"13,63000";"16,59200";"-1,00515"
"13,64000";"16,57689";"-0,99181"
"13,65000";"16,56178";"-0,97930"
"13,66000";"16,54667";"-0,96833"
"13,67000";"16,53179";"-0,95531"
"13,68000";"16,51692";"-0,93835"
"13,69000";"16,50204";"-0,91520"
"13,70000";"16,48705";"-0,89899"
"13,71000";"16,47206";"-0,88881"
"13,72000";"16,45706";"-0,87560"
"13,73000";"16,44195";"-0,86239"
"13,74000";"16,42684";"-0,85186"
"13,75000";"16,41197";"-0,84470"
"13,76000";"16,39709";"-0,83310"
"13,77000";"16,38210";"-0,82505"
"13,78000";"16,36710";"-0,81757"
"13,79000";"16,35223";"-0,80304"
"13,80000";"16,33724";"-0,79202"
"13,81000";"16,32224";"-0,78416"
"13,82000";"16,30713";"-0,78020"
"13,83000";"16,29214";"-0,76458"
"13,84000";"16,27727";"-0,75839"
"13,85000";"16,26227";"-0,74808"
"13,86000";"16,24716";"-0,72885"
"13,87000";"16,23205";"-0,70734"
"13,88000";"16,21706";"-0,68008"
"13,89000";"16,20206";"-0,65018"
"13,90000";"16,18707";"-0,62995"
"13,91000";"16,17208";"-0,61658"
"13,92000";"16,15720";"-0,60750"
"13,93000";"16,14233";"-0,59767"
"13,94000";"16,12710";"-0,59248"
"13,95000";"16,11199";"-0,58040"
"13,96000";"16,09687";"-0,56396"
"13,97000";"16,08188";"-0,55562"
"13,98000";"16,06677";"-0,54900"
"13,99000";"16,05178";"-0,54759"
"14,00000";"16,03690";"-0,54668"
"14,01000";"16,02215";"-0,54727"
"14,02000";"16,00715";"-0,54204"
"14,03000";"15,99204";"-0,53686"
"14,04000";"15,97705";"-0,52905"
"14,05000";"15,96206";"-0,51994"
"14,06000";"15,94695";"-0,50880"
"14,07000";"15,93195";"-0,49552"
"14,08000";"15,91696";"-0,48146"
"14,09000";"15,90208";"-0,47659"
"14,10000";"15,88721";"-0,47355"
"14,11000";"15,87210";"-0,47123"
"14,12000";"15,85710";"-0,46691"
"14,13000";"15,84211";"-0,46436"
"14,14000";"15,82724";"-0,45653"
"14,15000";"15,81213";"-0,44802"
"14,16000";"15,79713";"-0,44501"
"14,17000";"15,78226";"-0,45120"
"14,18000";"15,76727";"-0,45730"
"14,19000";"15,75215";"-0,45316"
"14,20000";"15,73704";"-0,44923"
"14,21000";"15,72205";"-0,44901"
"14,22000";"15,70706";"-0,44722"
"14,23000";"15,69218";"-0,44340"
"14,24000";"15,67719";"-0,43974"
"14,25000";"15,66220";"-0,44505"
"14,26000";"15,64720";"-0,44212"
"14,27000";"15,63209";"-0,43938"
"14,28000";"15,61698";"-0,43593"
"14,29000";"15,60187";"-0,42939"
"14,30000";"15,58676";"-0,42684"
"14,31000";"15,57176";"-0,42288"
"14,32000";"15,55677";"-0,41825"
"14,33000";"15,54190";"-0,41977"
"14,34000";"15,52702";"-0,42065"
"14,35000";"15,51203";"-0,41904"
"14,36000";"15,49692";"-0,42121"
"14,37000";"15,48180";"-0,42869"
"14,38000";"15,46693";"-0,43649"
"14,39000";"15,45205";"-0,43513"
"14,40000";"15,43706";"-0,42292"
"14,41000";"15,42207";"-0,41799"
"14,42000";"15,40707";"-0,41301"
"14,43000";"15,39220";"-0,40892"
"14,44000";"15,37709";"-0,40186"
"14,45000";"15,36186";"-0,39850"
"14,46000";"15,34699";"-0,38779"
"14,47000";"15,33211";"-0,37801"
"14,48000";"15,31712";"-0,37559"
"14,49000";"15,30201";"-0,37414"
"14,50000";"15,28701";"-0,38082"
"14,51000";"15,27214";"-0,37836"
"14,52000";"15,25703";"-0,37853"
"14,53000";"15,24192";"-0,38907"
"14,54000";"15,22704";"-0,38664"
"14,55000";"15,21217";"-0,38244"
"14,56000";"15,19717";"-0,37362"
"14,57000";"15,18206";"-0,36613"
"14,58000";"15,16707";"-0,36104"
"14,59000";"15,15219";"-0,34869"
"14,60000";"15,13720";"-0,34233"
"14,61000";"15,12209";"-0,34528"
"14,62000";"15,10710";"-0,34429"
"14,63000";"15,09210";"-0,34146"
"14,64000";"15,07723";"-0,34779"
"14,65000";"15,06212";"-0,36194"
"14,66000";"15,04713";"-0,37522"
"14,67000";"15,03201";"-0,37445"
"14,68000";"15,01702";"-0,36162"
"14,69000";"15,00203";"-0,35270"
"14,70000";"14,98703";"-0,35091"
"14,71000";"14,97216";"-0,35903"
"14,72000";"14,95728";"-0,36212"
"14,73000";"14,94229";"-0,35831"
"14,74000";"14,92730";"-0,35134"
"14,75000";"14,91231";"-0,34686"
"14,76000";"14,89743";"-0,34337"
"14,77000";"14,88244";"-0,34208"
"14,78000";"14,86721";"-0,34256"
"14,79000";"14,85210";"-0,34323"
"14,80000";"14,83722";"-0,33723"
"14,81000";"14,82223";"-0,33656"
"14,82000";"14,80712";"-0,33912"
"14,83000";"14,79201";"-0,33635"
"14,84000";"14,77701";"-0,32978"
"14,85000";"14,76214";"-0,31825"
"14,86000";"14,74714";"-0,30962"
"14,87000";"14,73203";"-0,30938"
"14,88000";"14,71716";"-0,31096"
"14,89000";"14,70217";"-0,31556"
"14,90000";"14,68717";"-0,31489"
"14,91000";"14,67206";"-0,31126"
"14,92000";"14,65707";"-0,30946"
"14,93000";"14,64219";"-0,30949"
"14,94000";"14,62708";"-0,30885"
"14,95000";"14,61197";"-0,30678"
"14,96000";"14,59698";"-0,30828"
"14,97000";"14,58199";"-0,30620"
"14,98000";"14,56687";"-0,30487"
"14,99000";"14,55165";"-0,30902"
"15,00000";"14,53677";"-0,30256"
"15,01000";"14,52190";"-0,29477"
"15,02000";"14,50690";"-0,29548"
"15,03000";"14,49179";"-0,29256"
"15,04000";"14,47680";"-0,28568"
"15,05000";"14,46181";"-0,28069"
"15,06000";"14,44681";"-0,27644"
"15,07000";"14,43170";"-0,27442"
"15,08000";"14,41659";"-0,27271"
"15,09000";"14,40183";"-0,27139"
"15,10000";"14,38708";"-0,26929"
"15,11000";"14,37208";"-0,26675"
"15,12000";"14,35697";"-0,26429"
"15,13000";"14,34210";"-0,26481"
"15,14000";"14,32699";"-0,26643"
"15,15000";"14,31176";"-0,26376"
"15,16000";"14,29665";"-0,25882"
"15,17000";"14,28189";"-0,25642"
"15,18000";"14,26701";"-0,24832"
"15,19000";"14,25202";"-0,24578"
"15,20000";"14,23691";"-0,25206"
"15,21000";"14,22180";"-0,25732"
"15,22000";"14,20681";"-0,24656"
"15,23000";"14,19169";"-0,22963"
"15,24000";"14,17670";"-0,22199"
"15,25000";"14,16183";"-0,22199"
"15,26000";"14,14707";"-0,21816"
"15,27000";"14,13208";"-0,21665"
"15,28000";"14,11697";"-0,20982"
"15,29000";"14,10197";"-0,20835"
"15,30000";"14,08698";"-0,21028"
"15,31000";"14,07187";"-0,20681"
"15,32000";"14,05688";"-0,20684"
"15,33000";"14,04200";"-0,21254"
"15,34000";"14,02724";"-0,21707"
"15,35000";"14,01225";"-0,21230"
"15,36000";"13,99714";"-0,21165"
"15,37000";"13,98215";"-0,20490"
"15,38000";"13,96727";"-0,20215"
"15,39000";"13,95228";"-0,19988"
"15,40000";"13,93717";"-0,19874"
"15,41000";"13,92217";"-0,20965"
"15,42000";"13,90730";"-0,21062"
"15,43000";"13,89242";"-0,20927"
"15,44000";"13,87719";"-0,20753"
"15,45000";"13,86208";"-0,20803"
"15,46000";"13,84709";"-0,19948"
"15,47000";"13,83210";"-0,19118"
"15,48000";"13,81710";"-0,18554"
"15,49000";"13,80211";"-0,18299"
"15,50000";"13,78724";"-0,18295"
"15,51000";"13,77224";"-0,18586"
"15,52000";"13,75701";"-0,18772"
"15,53000";"13,74167";"-0,18806"
"15,54000";"13,72667";"-0,19216"
"15,55000";"13,71180";"-0,19590"
"15,56000";"13,69681";"-0,19290"
"15,57000";"13,68181";"-0,18517"
"15,58000";"13,66694";"-0,17985"
"15,59000";"13,65218";"-0,17194"
"15,60000";"13,63707";"-0,16887"
"15,61000";"13,62196";"-0,16790"
"15,62000";"13,60685";"-0,16793"
"15,63000";"13,59197";"-0,17491"
"15,64000";"13,57698";"-0,18043"
"15,65000";"13,56187";"-0,17897"
"15,66000";"13,54688";"-0,17800"
"15,67000";"13,53188";"-0,17473"
"15,68000";"13,51701";"-0,17171"
"15,69000";"13,50190";"-0,17176"
"15,70000";"13,48678";"-0,17518"
"15,71000";"13,47191";"-0,18089"
"15,72000";"13,45704";"-0,18092"
"15,73000";"13,44204";"-0,18019"
"15,74000";"13,42705";"-0,17625"
"15,75000";"13,41217";"-0,18042"
"15,76000";"13,39718";"-0,19084"
"15,77000";"13,38195";"-0,19006"
"15,78000";"13,36684";"-0,18168"
"15,79000";"13,35185";"-0,17636"
"15,80000";"13,33709";"-0,17110"
"15,81000";"13,32210";"-0,16715"
"15,82000";"13,30699";"-0,17132"
"15,83000";"13,29199";"-0,17838"
"15,84000";"13,27700";"-0,18341"
"15,85000";"13,26189";"-0,18209"
"15,86000";"13,24666";"-0,17694"
"15,87000";"13,23178";"-0,17132"
"15,88000";"13,21691";"-0,16836"
"15,89000";"13,20203";"-0,16898"
"15,90000";"13,18692";"-0,17406"
"15,91000";"13,17193";"-0,17161"
"15,92000";"13,15694";"-0,15957"
"15,93000";"13,14194";"-0,15391"
"15,94000";"13,12671";"-0,15119"
"15,95000";"13,11172";"-0,16273"
"15,96000";"13,09697";"-0,17151"
"15,97000";"13,08209";"-0,17759"
"15,98000";"13,06710";"-0,17224"
"15,99000";"13,05210";"-0,16003"
"16,00000";"13,03711";"-0,15429"
"16,01000";"13,02224";"-0,15461"
"16,02000";"13,00701";"-0,16423"
"16,03000";"12,99189";"-0,17287"
"16,04000";"12,97690";"-0,16859"
"16,05000";"12,96203";"-0,15995"
"16,06000";"12,94703";"-0,14880"
"16,07000";"12,93204";"-0,13811"
"16,08000";"12,91705";"-0,14917"
"16,09000";"12,90205";"-0,16456"
"16,10000";"12,88694";"-0,17022"
"16,11000";"12,87195";"-0,16981"
"16,12000";"12,85708";"-0,17034"
"16,13000";"12,84220";"-0,17384"
"16,14000";"12,82709";"-0,17945"
"16,15000";"12,81198";"-0,17529"
"16,16000";"12,79699";"-0,17520"
"16,17000";"12,78199";"-0,17533"
"16,18000";"12,76700";"-0,17150"
"16,19000";"12,75189";"-0,16000"
"16,20000";"12,73690";"-0,15678"
"16,21000";"12,72202";"-0,16132"
"16,22000";"12,70703";"-0,16337"
"16,23000";"12,69180";"-0,16731"
"16,24000";"12,67669";"-0,16604"
"16,25000";"12,66169";"-0,16470"
"16,26000";"12,64670";"-0,16479"
"16,27000";"12,63171";"-0,16686"
"16,28000";"12,61672";"-0,16952"
"16,29000";"12,60184";"-0,17616"
"16,30000";"12,58697";"-0,18032"
"16,31000";"12,57197";"-0,18134"
"16,32000";"12,55686";"-0,17988"
"16,33000";"12,54187";"-0,18490"
"16,34000";"12,52688";"-0,18797"
"16,35000";"12,51188";"-0,18664"
"16,36000";"12,49689";"-0,18509"
"16,37000";"12,48190";"-0,18191"
"16,38000";"12,46690";"-0,17834"
"16,39000";"12,45191";"-0,17797"
"16,40000";"12,43680";"-0,17864"
"16,41000";"12,42169";"-0,18351"
"16,42000";"12,40681";"-0,18239"
"16,43000";"12,39194";"-0,17858"
"16,44000";"12,37706";"-0,17435"
"16,45000";"12,36207";"-0,17062"
"16,46000";"12,34696";"-0,17612"
"16,47000";"12,33196";"-0,18047"
"16,48000";"12,31685";"-0,18167"
"16,49000";"12,30174";"-0,17946"
"16,50000";"12,28675";"-0,17973"
"16,51000";"12,27188";"-0,18523"
"16,52000";"12,25688";"-0,19525"
"16,53000";"12,24189";"-0,20409"
"16,54000";"12,22690";"-0,20562"
"16,55000";"12,21202";"-0,19706"
"16,56000";"12,19691";"-0,18805"
"16,57000";"12,18180";"-0,18344"
"16,58000";"12,16681";"-0,18315"
"16,59000";"12,15193";"-0,17801"
"16,60000";"12,13706";"-0,17240"
"16,61000";"12,12206";"-0,16365"
"16,62000";"12,10707";"-0,15811"
"16,63000";"12,09219";"-0,16025"
"16,64000";"12,07720";"-0,16877"
"16,65000";"12,06221";"-0,18026"
"16,66000";"12,04722";"-0,19240"
"16,67000";"12,03222";"-0,19356"
"16,68000";"12,01735";"-0,18684"
"16,69000";"12,00224";"-0,17943"
"16,70000";"11,98713";"-0,18506"
"16,71000";"11,97201";"-0,19300"
"16,72000";"11,95702";"-0,19514"
"16,73000";"11,94191";"-0,19752"
"16,74000";"11,92692";"-0,20070"
"16,75000";"11,91192";"-0,20210"
"16,76000";"11,89705";"-0,19868"
"16,77000";"11,88194";"-0,19473"
"16,78000";"11,86683";"-0,18713"
"16,79000";"11,85183";"-0,18791"
"16,80000";"11,83684";"-0,18916"
"16,81000";"11,82173";"-0,18589"
"16,82000";"11,80674";"-0,18615"
"16,83000";"11,79174";"-0,19391"
"16,84000";"11,77699";"-0,20142"
"16,85000";"11,76199";"-0,20471"
"16,86000";"11,74688";"-0,19942"
"16,87000";"11,73189";"-0,19095"
"16,88000";"11,71701";"-0,18815"
"16,89000";"11,70202";"-0,19395"
"16,90000";"11,68691";"-0,20630"
"16,91000";"11,67192";"-0,21375"
"16,92000";"11,65693";"-0,21363"
"16,93000";"11,64205";"-0,20349"
"16,94000";"11,62694";"-0,19401"
"16,95000";"11,61195";"-0,18900"
"16,96000";"11,59695";"-0,18096"
"16,97000";"11,58196";"-0,17924"
"16,98000";"11,56697";"-0,18162"
"16,99000";"11,55197";"-0,18262"
"17,00000";"11,53698";"-0,18496"
"17,01000";"11,52199";"-0,18709"
"17,02000";"11,50699";"-0,20177"
"17,03000";"11,49188";"-0,20451"
"17,04000";"11,47689";"-0,20200"
"17,05000";"11,46201";"-0,18863"
"17,06000";"11,44702";"-0,18447"
"17,07000";"11,43203";"-0,18881"
"17,08000";"11,41704";"-0,19584"
"17,09000";"11,40204";"-0,19081"
"17,10000";"11,38717";"-0,18171"
"17,11000";"11,37206";"-0,18225"
"17,12000";"11,35694";"-0,18829"
"17,13000";"11,34183";"-0,19846"
"17,14000";"11,32696";"-0,20110"
"17,15000";"11,31196";"-0,19403"
"17,16000";"11,29685";"-0,19974"
"17,17000";"11,28198";"-0,20355"
"17,18000";"11,26710";"-0,20557"
"17,19000";"11,25199";"-0,20177"
"17,20000";"11,23700";"-0,19973"
"17,21000";"11,22201";"-0,19809"
"17,22000";"11,20701";"-0,19310"
"17,23000";"11,19190";"-0,19099"
"17,24000";"11,17691";"-0,18690"
"17,25000";"11,16192";"-0,18682"
"17,26000";"11,14704";"-0,18620"
"17,27000";"11,13217";"-0,18997"
"17,28000";"11,11694";"-0,19002"
"17,29000";"11,10206";"-0,18840"
"17,30000";"11,08719";"-0,18712"
"17,31000";"11,07219";"-0,18000"
"17,32000";"11,05708";"-0,17192"
"17,33000";"11,04197";"-0,16815"
"17,34000";"11,02698";"-0,16385"
"17,35000";"11,01187";"-0,16540"
"17,36000";"10,99676";"-0,16723"
"17,37000";"10,98176";"-0,17124"
"17,38000";"10,96701";"-0,16769"
"17,39000";"10,95213";"-0,15835"
"17,40000";"10,93702";"-0,15002"
"17,41000";"10,92191";"-0,14174"
"17,42000";"10,90692";"-0,13716"
"17,43000";"10,89192";"-0,13600"
"17,44000";"10,87681";"-0,13483"
"17,45000";"10,86170";"-0,13732"
"17,46000";"10,84683";"-0,13905"
"17,47000";"10,83195";"-0,13670"
"17,48000";"10,81696";"-0,13147"
"17,49000";"10,80173";"-0,13013"
"17,50000";"10,78686";"-0,12741"
"17,51000";"10,77198";"-0,12412"
"17,52000";"10,75699";"-0,12011"
"17,53000";"10,74199";"-0,12324"
"17,54000";"10,72700";"-0,12529"
"17,55000";"10,71213";"-0,13834"
"17,56000";"10,69725";"-0,14721"
"17,57000";"10,68214";"-0,14788"
"17,58000";"10,66715";"-0,14372"
"17,59000";"10,65215";"-0,14455"
"17,60000";"10,63716";"-0,14486"
"17,61000";"10,62217";"-0,14798"
"17,62000";"10,60717";"-0,15009"
"17,63000";"10,59230";"-0,14209"
"17,64000";"10,57742";"-0,13324"
"17,65000";"10,56231";"-0,12934"
"17,66000";"10,54732";"-0,13557"
"17,67000";"10,53221";"-0,13919"
"17,68000";"10,51722";"-0,13660"
"17,69000";"10,50234";"-0,13541"
"17,70000";"10,48723";"-0,13295"
"17,71000";"10,47235";"-0,12548"
"17,72000";"10,45736";"-0,13300"
"17,73000";"10,44237";"-0,13655"
"17,74000";"10,42726";"-0,13356"
"17,75000";"10,41215";"-0,12938"
"17,76000";"10,39715";"-0,12589"
"17,77000";"10,38216";"-0,12204"
"17,78000";"10,36705";"-0,12866"
"17,79000";"10,35206";"-0,13747"
"17,80000";"10,33718";"-0,13987"
"17,81000";"10,32207";"-0,13468"
"17,82000";"10,30696";"-0,12752"
"17,83000";"10,29185";"-0,12715"
"17,84000";"10,27697";"-0,13749"
"17,85000";"10,26198";"-0,14196"
"17,86000";"10,24699";"-0,14410"
"17,87000";"10,23199";"-0,14740"
"17,88000";"10,21712";"-0,14800"
"17,89000";"10,20213";"-0,13930"
"17,90000";"10,18713";"-0,13446"
"17,91000";"10,17190";"-0,13852"
"17,92000";"10,15691";"-0,14052"
"17,93000";"10,14192";"-0,13659"
"17,94000";"10,12692";"-0,13066"
"17,95000";"10,11181";"-0,12882"
"17,96000";"10,09682";"-0,13511"
"17,97000";"10,08183";"-0,13994"
"17,98000";"10,06671";"-0,14253"
"17,99000";"10,05160";"-0,13930"
"18,00000";"10,03673";"-0,13528"
"18,01000";"10,02185";"-0,13498"
"18,02000";"10,00686";"-0,13232"
"18,03000";"9,99175";"-0,12870"
"18,04000";"9,97688";"-0,13077"
"18,05000";"9,96200";"-0,14264"
"18,06000";"9,94701";"-0,14499"
"18,07000";"9,93190";"-0,14442"
"18,08000";"9,91690";"-0,14182"
"18,09000";"9,90215";"-0,13778"
"18,10000";"9,88715";"-0,13115"
"18,11000";"9,87204";"-0,12162"
"18,12000";"9,85693";"-0,12665"
"18,13000";"9,84194";"-0,12907"
"18,14000";"9,82695";"-0,12737"
"18,15000";"9,81183";"-0,13027"
"18,16000";"9,79684";"-0,13290"
"18,17000";"9,78197";"-0,13469"
"18,18000";"9,76709";"-0,13492"
"18,19000";"9,75198";"-0,13010"
"18,20000";"9,73699";"-0,12822"
"18,21000";"9,72199";"-0,12659"
"18,22000";"9,70712";"-0,12853"
"18,23000";"9,69201";"-0,12597"
"18,24000";"9,67701";"-0,12290"
"18,25000";"9,66202";"-0,12530"
"18,26000";"9,64726";"-0,13352"
"18,27000";"9,63215";"-0,13753"
"18,28000";"9,61704";"-0,13503"
"18,29000";"9,60193";"-0,12715"
"18,30000";"9,58706";"-0,12105"
"18,31000";"9,57218";"-0,12295"
"18,32000";"9,55707";"-0,12592"
"18,33000";"9,54220";"-0,13028"
"18,34000";"9,52732";"-0,12609"
"18,35000";"9,51221";"-0,12918"
"18,36000";"9,49710";"-0,13169"
"18,37000";"9,48199";"-0,13600"
"18,38000";"9,46711";"-0,14129"
"18,39000";"9,45212";"-0,14539"
"18,40000";"9,43713";"-0,14297"
"18,41000";"9,42213";"-0,14000"
"18,42000";"9,40726";"-0,13378"
"18,43000";"9,39226";"-0,12051"
"18,44000";"9,37704";"-0,11697"
"18,45000";"9,36192";"-0,12115"
"18,46000";"9,34693";"-0,12438"
"18,47000";"9,33206";"-0,12518"
"18,48000";"9,31706";"-0,12363"
"18,49000";"9,30195";"-0,12858"
"18,50000";"9,28708";"-0,13538"
"18,51000";"9,27220";"-0,13489"
"18,52000";"9,25721";"-0,12980"
"18,53000";"9,24198";"-0,12955"
"18,54000";"9,22699";"-0,13020"
"18,55000";"9,21211";"-0,13139"
"18,56000";"9,19712";"-0,13091"
"18,57000";"9,18189";"-0,12909"
"18,58000";"9,16690";"-0,12183"
"18,59000";"9,15202";"-0,11869"
"18,60000";"9,13703";"-0,11842"
"18,61000";"9,12192";"-0,12146"
"18,62000";"9,10692";"-0,12326"
"18,63000";"9,09217";"-0,12305"
"18,64000";"9,07717";"-0,12315"
"18,65000";"9,06206";"-0,12342"
"18,66000";"9,04695";"-0,12842"
"18,67000";"9,03196";"-0,13645"
"18,68000";"9,01708";"-0,14209"
"18,69000";"9,00185";"-0,13556"
"18,70000";"8,98674";"-0,13426"
"18,71000";"8,97187";"-0,13306"
"18,72000";"8,95699";"-0,12789"
"18,73000";"8,94200";"-0,12167"
"18,74000";"8,92689";"-0,11880"
"18,75000";"8,91190";"-0,11766"
"18,76000";"8,89702";"-0,11654"
"18,77000";"8,88191";"-0,11856"
"18,78000";"8,86680";"-0,11987"
"18,79000";"8,85192";"-0,11926"
"18,80000";"8,83705";"-0,12218"
"18,81000";"8,82206";"-0,12292"
"18,82000";"8,80694";"-0,12456"
"18,83000";"8,79195";"-0,12692"
"18,84000";"8,77708";"-0,12825"
"18,85000";"8,76197";"-0,13011"
"18,86000";"8,74697";"-0,13280"
"18,87000";"8,73198";"-0,13516"
"18,88000";"8,71722";"-0,13597"
"18,89000";"8,70235";"-0,13783"
"18,90000";"8,68724";"-0,13885"
"18,91000";"8,67213";"-0,13592"
"18,92000";"8,65713";"-0,13057"
"18,93000";"8,64214";"-0,12596"
"18,94000";"8,62703";"-0,12912"
"18,95000";"8,61203";"-0,12819"
"18,96000";"8,59716";"-0,13002"
"18,97000";"8,58228";"-0,13155"
"18,98000";"8,56717";"-0,12397"
"18,99000";"8,55206";"-0,11678"
"19,00000";"8,53695";"-0,10624"
"19,01000";"8,52196";"-0,10632"
"19,02000";"8,50685";"-0,10836"
"19,03000";"8,49174";"-0,10746"
"19,04000";"8,47686";"-0,11448"
"19,05000";"8,46199";"-0,12579"
"19,06000";"8,44687";"-0,13264"
"19,07000";"8,43176";"-0,12906"
"19,08000";"8,41665";"-0,13179"
"19,09000";"8,40178";"-0,12702"
"19,10000";"8,38679";"-0,11709"
"19,11000";"8,37179";"-0,12224"
"19,12000";"8,35680";"-0,13455"
"19,13000";"8,34204";"-0,13881"
"19,14000";"8,32705";"-0,14662"
"19,15000";"8,31194";"-0,14930"
"19,16000";"8,29683";"-0,15508"
"19,17000";"8,28183";"-0,15354"
"19,18000";"8,26696";"-0,14551"
"19,19000";"8,25185";"-0,13619"
"19,20000";"8,23685";"-0,12727"
"19,21000";"8,22186";"-0,12083"
"19,22000";"8,20699";"-0,11362"
"19,23000";"8,19188";"-0,11581"
"19,24000";"8,17676";"-0,12835"
"19,25000";"8,16189";"-0,13586"
"19,26000";"8,14701";"-0,14356"
"19,27000";"8,13202";"-0,13497"
"19,28000";"8,11703";"-0,12752"
"19,29000";"8,10204";"-0,13349"
"19,30000";"8,08704";"-0,14445"
"19,31000";"8,07205";"-0,14847"
"19,32000";"8,05694";"-0,15272"
"19,33000";"8,04194";"-0,14587"
"19,34000";"8,02707";"-0,13066"
"19,35000";"8,01220";"-0,11767"
"19,36000";"7,99708";"-0,12108"
"19,37000";"7,98197";"-0,13065"
"19,38000";"7,96698";"-0,12983"
"19,39000";"7,95199";"-0,12794"
"19,40000";"7,93688";"-0,12681"
"19,41000";"7,92188";"-0,12631"
"19,42000";"7,90701";"-0,12863"
"19,43000";"7,89213";"-0,12923"
"19,44000";"7,87714";"-0,12651"
"19,45000";"7,86203";"-0,13047"
"19,46000";"7,84704";"-0,13741"
"19,47000";"7,83216";"-0,14472"
"19,48000";"7,81693";"-0,14611"
"19,49000";"7,80194";"-0,14769"
"19,50000";"7,78694";"-0,15051"
"19,51000";"7,77219";"-0,14878"
"19,52000";"7,75719";"-0,14565"
"19,53000";"7,74220";"-0,14452"
"19,54000";"7,72721";"-0,14536"
"19,55000";"7,71222";"-0,14996"
"19,56000";"7,69710";"-0,15834"
"19,57000";"7,68199";"-0,15539"
"19,58000";"7,66700";"-0,14786"
"19,59000";"7,65212";"-0,14165"
"19,60000";"7,63713";"-0,13718"
"19,61000";"7,62202";"-0,12589"
"19,62000";"7,60703";"-0,11937"
"19,63000";"7,59192";"-0,12568"
"19,64000";"7,57681";"-0,13071"
"19,65000";"7,56181";"-0,13346"
"19,66000";"7,54682";"-0,14202"
"19,67000";"7,53194";"-0,14799"
"19,68000";"7,51695";"-0,15397"
"19,69000";"7,50196";"-0,15572"
"19,70000";"7,48697";"-0,15679"
"19,71000";"7,47197";"-0,15885"
"19,72000";"7,45698";"-0,16210"
"19,73000";"7,44187";"-0,15769"
"19,74000";"7,42687";"-0,15682"
"19,75000";"7,41188";"-0,15249"
"19,76000";"7,39701";"-0,14413"
"19,77000";"7,38190";"-0,13809"
"19,78000";"7,36679";"-0,13443"
"19,79000";"7,35179";"-0,13519"
"19,80000";"7,33668";"-0,13300"
"19,81000";"7,32169";"-0,12947"
"19,82000";"7,30681";"-0,13425"
"19,83000";"7,29194";"-0,13564"
"19,84000";"7,27706";"-0,13848"
"19,85000";"7,26207";"-0,13659"
"19,86000";"7,24708";"-0,13136"
"19,87000";"7,23185";"-0,12968"
"19,88000";"7,21697";"-0,12737"
"19,89000";"7,20198";"-0,13525"
"19,90000";"7,18699";"-0,14334"
"19,91000";"7,17199";"-0,14880"
"19,92000";"7,15712";"-0,15137"
"19,93000";"7,14212";"-0,15433"
"19,94000";"7,12701";"-0,14960"
"19,95000";"7,11202";"-0,14301"
"19,96000";"7,09691";"-0,14346"
"19,97000";"7,08204";"-0,14329"
"19,98000";"7,06704";"-0,14826"
"19,99000";"7,05205";"-0,15510"
"20,00000";"7,03706";"-0,16042"
"20,01000";"7,02194";"-0,15951"
"20,02000";"7,00695";"-0,15853"
"20,03000";"6,99184";"-0,16257"
"20,04000";"6,97697";"-0,16475"
"20,05000";"6,96209";"-0,16052"
"20,06000";"6,94722";"-0,15711"
"20,07000";"6,93222";"-0,14786"
"20,08000";"6,91723";"-0,13731"
"20,09000";"6,90235";"-0,13271"
"20,10000";"6,88724";"-0,13584"
"20,11000";"6,87201";"-0,14333"
"20,12000";"6,85702";"-0,15314"
"20,13000";"6,84203";"-0,15375"
"20,14000";"6,82703";"-0,15021"
"20,15000";"6,81204";"-0,15196"
"20,16000";"6,79693";"-0,15457"
"20,17000";"6,78194";"-0,16223"
"20,18000";"6,76706";"-0,16074"
"20,19000";"6,75183";"-0,15346"
"20,20000";"6,73684";"-0,14646"
"20,21000";"6,72197";"-0,13776"
"20,22000";"6,70697";"-0,13459"
"20,23000";"6,69210";"-0,14093"
"20,24000";"6,67699";"-0,14643"
"20,25000";"6,66211";"-0,14995"
"20,26000";"6,64724";"-0,15844"
"20,27000";"6,63212";"-0,16313"
"20,28000";"6,61690";"-0,16653"
"20,29000";"6,60190";"-0,16529"
"20,30000";"6,58703";"-0,15895"
"20,31000";"6,57203";"-0,15385"
"20,32000";"6,55692";"-0,15645"
"20,33000";"6,54193";"-0,15397"
"20,34000";"6,52694";"-0,15204"
"20,35000";"6,51183";"-0,15168"
"20,36000";"6,49683";"-0,15456"
"20,37000";"6,48184";"-0,15898"
"20,38000";"6,46685";"-0,16498"
"20,39000";"6,45197";"-0,16299"
"20,40000";"6,43698";"-0,15929"
"20,41000";"6,42199";"-0,16167"
"20,42000";"6,40711";"-0,16716"
"20,43000";"6,39200";"-0,16604"
"20,44000";"6,37712";"-0,16108"
"20,45000";"6,36213";"-0,15524"
"20,46000";"6,34726";"-0,15595"
"20,47000";"6,33226";"-0,15889"
"20,48000";"6,31715";"-0,15816"
"20,49000";"6,30204";"-0,15357"
"20,50000";"6,28693";"-0,15238"
"20,51000";"6,27194";"-0,15664"
"20,52000";"6,25706";"-0,15650"
"20,53000";"6,24207";"-0,16088"
"20,54000";"6,22719";"-0,16872"
"20,55000";"6,21232";"-0,16894"
"20,56000";"6,19709";"-0,16656"
"20,57000";"6,18186";"-0,16746"
"20,58000";"6,16675";"-0,17033"
"20,59000";"6,15176";"-0,16848"
"20,60000";"6,13676";"-0,16248"
"20,61000";"6,12177";"-0,15682"
"20,62000";"6,10690";"-0,15801"
"20,63000";"6,09202";"-0,15874"
"20,64000";"6,07703";"-0,16006"
"20,65000";"6,06204";"-0,15245"
"20,66000";"6,04704";"-0,15587"
"20,67000";"6,03205";"-0,16069"
"20,68000";"6,01717";"-0,16315"
"20,69000";"6,00206";"-0,16838"
"20,70000";"5,98695";"-0,17598"
"20,71000";"5,97208";"-0,17295"
"20,72000";"5,95708";"-0,16517"
"20,73000";"5,94197";"-0,15725"
"20,74000";"5,92686";"-0,14903"
"20,75000";"5,91199";"-0,15395"
"20,76000";"5,89711";"-0,15820"
"20,77000";"5,88212";"-0,16060"
"20,78000";"5,86713";"-0,16251"
"20,79000";"5,85213";"-0,16310"
"20,80000";"5,83714";"-0,16787"
"20,81000";"5,82215";"-0,16939"
"20,82000";"5,80692";"-0,16245"
"20,83000";"5,79204";"-0,16233"
"20,84000";"5,77729";"-0,16005"
"20,85000";"5,76229";"-0,15665"
"20,86000";"5,74718";"-0,14967"
"20,87000";"5,73219";"-0,14706"
"20,88000";"5,71731";"-0,14359"
"20,89000";"5,70220";"-0,14477"
"20,90000";"5,68709";"-0,14412"
"20,91000";"5,67198";"-0,14027"
"20,92000";"5,65699";"-0,14059"
"20,93000";"5,64211";"-0,13686"
"20,94000";"5,62700";"-0,13031"
"20,95000";"5,61189";"-0,13318"
"20,96000";"5,59690";"-0,13976"
"20,97000";"5,58190";"-0,14760"
"20,98000";"5,56679";"-0,15339"
"20,99000";"5,55180";"-0,15899"
"21,00000";"5,53704";"-0,15856"
"21,01000";"5,52217";"-0,15332"
"21,02000";"5,50717";"-0,15294"
"21,03000";"5,49206";"-0,15238"
"21,04000";"5,47695";"-0,15053"
"21,05000";"5,46196";"-0,15324"
"21,06000";"5,44697";"-0,15427"
"21,07000";"5,43185";"-0,14974"
"21,08000";"5,41698";"-0,14588"
"21,09000";"5,40210";"-0,14559"
"21,10000";"5,38711";"-0,13813"
"21,11000";"5,37200";"-0,13432"
"21,12000";"5,35701";"-0,13720"
"21,13000";"5,34201";"-0,13745"
"21,14000";"5,32702";"-0,14098"
"21,15000";"5,31203";"-0,14285"
"21,16000";"5,29715";"-0,13608"
"21,17000";"5,28216";"-0,13105"
"21,18000";"5,26728";"-0,13668"
"21,19000";"5,25217";"-0,13668"
"21,20000";"5,23694";"-0,13022"
"21,21000";"5,22195";"-0,12245"
"21,22000";"5,20696";"-0,11360"
"21,23000";"5,19197";"-0,10966"
"21,24000";"5,17697";"-0,10118"
"21,25000";"5,16210";"-0,08982"
"21,26000";"5,14722";"-0,07171"
"21,27000";"5,13223";"-0,06148"
"21,28000";"5,11700";"-0,05351"
"21,29000";"5,10189";"-0,05177"
"21,30000";"5,08701";"-0,05356"
"21,31000";"5,07190";"-0,05693"
"21,32000";"5,05703";"-0,05751"
"21,33000";"5,04204";"-0,06289"
"21,34000";"5,02716";"-0,06382"
"21,35000";"5,01217";"-0,06136"
"21,36000";"4,99706";"-0,05051"
"21,37000";"4,98183";"-0,05334"
"21,38000";"4,96683";"-0,05927"
"21,39000";"4,95184";"-0,04989"
"21,40000";"4,93673";"-0,04452"
"21,41000";"4,92174";"-0,04303"
"21,42000";"4,90686";"-0,04501"
"21,43000";"4,89187";"-0,04672"
"21,44000";"4,87676";"-0,04991"
"21,45000";"4,86176";"-0,05127"
"21,46000";"4,84677";"-0,05166"
"21,47000";"4,83201";"-0,04897"
"21,48000";"4,81714";"-0,04725"
"21,49000";"4,80203";"-0,04972"
"21,50000";"4,78715";"-0,04794"
"21,51000";"4,77216";"-0,04545"
"21,52000";"4,75717";"-0,03942"
"21,53000";"4,74194";"-0,03726"
"21,54000";"4,72694";"-0,03980"
"21,55000";"4,71207";"-0,04823"
"21,56000";"4,69719";"-0,05229"
"21,57000";"4,68208";"-0,05306"
"21,58000";"4,66709";"-0,05619"
"21,59000";"4,65222";"-0,05944"
"21,60000";"4,63722";"-0,05848"
"21,61000";"4,62211";"-0,05222"
"21,62000";"4,60688";"-0,04661"
"21,63000";"4,59201";"-0,03823"
"21,64000";"4,57701";"-0,03802"
"21,65000";"4,56214";"-0,03859"
"21,66000";"4,54715";"-0,04434"
"21,67000";"4,53227";"-0,05165"
"21,68000";"4,51740";"-0,05364"
"21,69000";"4,50228";"-0,05126"
"21,70000";"4,48717";"-0,04726"
"21,71000";"4,47230";"-0,04634"
"21,72000";"4,45742";"-0,04921"
"21,73000";"4,44231";"-0,05078"
"21,74000";"4,42720";"-0,05226"
"21,75000";"4,41209";"-0,06061"
"21,76000";"4,39710";"-0,06529"
"21,77000";"4,38199";"-0,06891"
"21,78000";"4,36687";"-0,06600"
"21,79000";"4,35200";"-0,06483"
"21,80000";"4,33712";"-0,06117"
"21,81000";"4,32225";"-0,05192"
"21,82000";"4,30714";"-0,04364"
"21,83000";"4,29215";"-0,04282"
"21,84000";"4,27727";"-0,05084"
"21,85000";"4,26228";"-0,04802"
"21,86000";"4,24717";"-0,04371"
"21,87000";"4,23217";"-0,04230"
"21,88000";"4,21730";"-0,04521"
"21,89000";"4,20242";"-0,04977"
"21,90000";"4,18719";"-0,04786"
"21,91000";"4,17208";"-0,05284"
"21,92000";"4,15709";"-0,06121"
"21,93000";"4,14222";"-0,06835"
"21,94000";"4,12710";"-0,06762"
"21,95000";"4,11199";"-0,06356"
"21,96000";"4,09712";"-0,06160"
"21,97000";"4,08213";"-0,06349"
"21,98000";"4,06701";"-0,06641"
"21,99000";"4,05178";"-0,07085"
"22,00000";"4,03679";"-0,07012"
"22,01000";"4,02192";"-0,06230"
"22,02000";"4,00704";"-0,05800"
"22,03000";"3,99181";"-0,05745"
"22,04000";"3,97682";"-0,05898"
"22,05000";"3,96194";"-0,05750"
"22,06000";"3,94683";"-0,05761"
"22,07000";"3,93172";"-0,06170"
"22,08000";"3,91673";"-0,06070"
"22,09000";"3,90185";"-0,05815"
"22,10000";"3,88710";"-0,05609"
"22,11000";"3,87187";"-0,05665"
"22,12000";"3,85676";"-0,06490"
"22,13000";"3,84176";"-0,06735"
"22,14000";"3,82665";"-0,06459"
"22,15000";"3,81142";"-0,06455"
"22,16000";"3,79643";"-0,06590"
"22,17000";"3,78179";"-0,06460"
"22,18000";"3,76692";"-0,06091"
"22,19000";"3,75181";"-0,04934"
"22,20000";"3,73681";"-0,04752"
"22,21000";"3,72170";"-0,05271"
"22,22000";"3,70683";"-0,05697"
"22,23000";"3,69160";"-0,05069"
"22,24000";"3,67649";"-0,05076"
"22,25000";"3,66173";"-0,05069"
"22,26000";"3,64685";"-0,05287"
"22,27000";"3,63198";"-0,05106"
"22,28000";"3,61687";"-0,05181"
"22,29000";"3,60187";"-0,05201"
"22,30000";"3,58700";"-0,05072"
"22,31000";"3,57201";"-0,04467"
"22,32000";"3,55678";"-0,04335"
"22,33000";"3,54190";"-0,04840"
"22,34000";"3,52715";"-0,05756"
"22,35000";"3,51215";"-0,05919"
"22,36000";"3,49704";"-0,05374"
"22,37000";"3,48193";"-0,05529"
"22,38000";"3,46694";"-0,06483"
"22,39000";"3,45194";"-0,06739"
"22,40000";"3,43707";"-0,06469"
"22,41000";"3,42219";"-0,06753"
"22,42000";"3,40732";"-0,06595"
"22,43000";"3,39244";"-0,06500"
"22,44000";"3,37722";"-0,06135"
"22,45000";"3,36210";"-0,06153"
"22,46000";"3,34711";"-0,06496"
"22,47000";"3,33200";"-0,06230"
"22,48000";"3,31689";"-0,05866"
"22,49000";"3,30190";"-0,05727"
"22,50000";"3,28702";"-0,05215"
"22,51000";"3,27215";"-0,05427"
"22,52000";"3,25703";"-0,06611"
"22,53000";"3,24204";"-0,06966"
"22,54000";"3,22693";"-0,06973"
"22,55000";"3,21206";"-0,07071"
"22,56000";"3,19706";"-0,06859"
"22,57000";"3,18195";"-0,06453"
"22,58000";"3,16696";"-0,06589"
"22,59000";"3,15197";"-0,06979"
"22,60000";"3,13685";"-0,06701"
"22,61000";"3,12186";"-0,06222"
"22,62000";"3,10687";"-0,06818"
"22,63000";"3,09187";"-0,07162"
"22,64000";"3,07688";"-0,07835"
"22,65000";"3,06201";"-0,07943"
"22,66000";"3,04701";"-0,07138"
"22,67000";"3,03214";"-0,06107"
"22,68000";"3,01703";"-0,05835"
"22,69000";"3,00203";"-0,05855"
"22,70000";"2,98692";"-0,06676"
"22,71000";"2,97193";"-0,07701"
"22,72000";"2,95706";"-0,08008"
"22,73000";"2,94206";"-0,08351"
"22,74000";"2,92707";"-0,08017"
"22,75000";"2,91208";"-0,08194"
"22,76000";"2,89708";"-0,08263"
"22,77000";"2,88197";"-0,07918"
"22,78000";"2,86686";"-0,08087"
"22,79000";"2,85187";"-0,08296"
"22,80000";"2,83688";"-0,08291"
"22,81000";"2,82200";"-0,08050"
"22,82000";"2,80701";"-0,08023"
"22,83000";"2,79213";"-0,08173"
"22,84000";"2,77702";"-0,08498"
"22,85000";"2,76203";"-0,07683"
"22,86000";"2,74680";"-0,07014"
"22,87000";"2,73181";"-0,06829"
"22,88000";"2,71693";"-0,07036"
"22,89000";"2,70206";"-0,07312"
"22,90000";"2,68683";"-0,07001"
"22,91000";"2,67183";"-0,06814"
"22,92000";"2,65684";"-0,06448"
"22,93000";"2,64185";"-0,05655"
"22,94000";"2,62674";"-0,04885"
"22,95000";"2,61174";"-0,05487"
"22,96000";"2,59687";"-0,06331"
"22,97000";"2,58199";"-0,06527"
"22,98000";"2,56700";"-0,07019"
"22,99000";"2,55189";"-0,07598"
"23,00000";"2,53690";"-0,07317"
"23,01000";"2,52202";"-0,06665"
"23,02000";"2,50679";"-0,06326"
"23,03000";"2,49180";"-0,06236"
"23,04000";"2,47692";"-0,06439"
"23,05000";"2,46217";"-0,06422"
"23,06000";"2,44717";"-0,06824"
"23,07000";"2,43206";"-0,07361"
"23,08000";"2,41695";"-0,08323"
"23,09000";"2,40196";"-0,08323"
"23,10000";"2,38685";"-0,07181"
"23,11000";"2,37162";"-0,06289"
"23,12000";"2,35674";"-0,05838"
"23,13000";"2,34199";"-0,06402"
"23,14000";"2,32711";"-0,06522"
"23,15000";"2,31200";"-0,06630"
"23,16000";"2,29701";"-0,07005"
"23,17000";"2,28213";"-0,07097"
"23,18000";"2,26714";"-0,07127"
"23,19000";"2,25203";"-0,06987"
"23,20000";"2,23703";"-0,06901"
"23,21000";"2,22216";"-0,06948"
"23,22000";"2,20717";"-0,06668"
"23,23000";"2,19217";"-0,05929"
"23,24000";"2,17706";"-0,05670"
"23,25000";"2,16207";"-0,06458"
"23,26000";"2,14708";"-0,06807"
"23,27000";"2,13197";"-0,06822"
"23,28000";"2,11697";"-0,06816"
"23,29000";"2,10198";"-0,07594"
"23,30000";"2,08699";"-0,07551"
"23,31000";"2,07188";"-0,07317"
"23,32000";"2,05676";"-0,06631"
"23,33000";"2,04177";"-0,06558"
"23,34000";"2,02678";"-0,07141"
"23,35000";"2,01178";"-0,07514"
"23,36000";"1,99691";"-0,07327"
"23,37000";"1,98203";"-0,08062"
"23,38000";"1,96704";"-0,08583"
"23,39000";"1,95205";"-0,08534"
"23,40000";"1,93694";"-0,07810"
"23,41000";"1,92194";"-0,06641"
"23,42000";"1,90695";"-0,06291"
"23,43000";"1,89196";"-0,05892"
"23,44000";"1,87697";"-0,05599"
"23,45000";"1,86197";"-0,05743"
"23,46000";"1,84698";"-0,05993"
"23,47000";"1,83199";"-0,05442"
"23,48000";"1,81699";"-0,05454"
"23,49000";"1,80176";"-0,06034"
"23,50000";"1,78677";"-0,05961"
"23,51000";"1,77190";"-0,06535"
"23,52000";"1,75702";"-0,06790"
"23,53000";"1,74203";"-0,06681"
"23,54000";"1,72703";"-0,05919"
"23,55000";"1,71204";"-0,05520"
"23,56000";"1,69705";"-0,05442"
"23,57000";"1,68194";"-0,05407"
"23,58000";"1,66694";"-0,05022"
"23,59000";"1,65207";"-0,04956"
"23,60000";"1,63708";"-0,04567"
"23,61000";"1,62208";"-0,04331"
"23,62000";"1,60709";"-0,05014"
"23,63000";"1,59210";"-0,05569"
"23,64000";"1,57710";"-0,04932"
"23,65000";"1,56199";"-0,05335"
"23,66000";"1,54688";"-0,05946"
"23,67000";"1,53201";"-0,06262"
"23,68000";"1,51701";"-0,05790"
"23,69000";"1,50202";"-0,05444"
"23,70000";"1,48691";"-0,06161"
"23,71000";"1,47192";"-0,06253"
"23,72000";"1,45692";"-0,05650"
"23,73000";"1,44193";"-0,05102"
"23,74000";"1,42682";"-0,04702"
"23,75000";"1,41194";"-0,04803"
"23,76000";"1,39695";"-0,05265"
"23,77000";"1,38196";"-0,05648"
"23,78000";"1,36685";"-0,05561"
"23,79000";"1,35185";"-0,05234"
"23,80000";"1,33686";"-0,05386"
"23,81000";"1,32187";"-0,06020"
"23,82000";"1,30687";"-0,05650"
"23,83000";"1,29188";"-0,05031"
"23,84000";"1,27701";"-0,04980"
"23,85000";"1,26213";"-0,04462"
"23,86000";"1,24702";"-0,03724"
"23,87000";"1,23203";"-0,03603"
"23,88000";"1,21703";"-0,04252"
"23,89000";"1,20204";"-0,04481"
"23,90000";"1,18693";"-0,04186"
"23,91000";"1,17194";"-0,04761"
"23,92000";"1,15694";"-0,04724"
"23,93000";"1,14207";"-0,04678"
"23,94000";"1,12696";"-0,05149"
"23,95000";"1,11185";"-0,05523"
"23,96000";"1,09697";"-0,05199"
"23,97000";"1,08210";"-0,05486"
"23,98000";"1,06710";"-0,06291"
"23,99000";"1,05211";"-0,05813"
"24,00000";"1,03712";"-0,04361"
"24,01000";"1,02213";"-0,03446"
"24,02000";"1,00713";"-0,02816"
"24,03000";"0,99202";"-0,03159"
"24,04000";"0,97691";"-0,03731"
"24,05000";"0,96192";"-0,03709"
"24,06000";"0,94692";"-0,03735"
"24,07000";"0,93193";"-0,03813"
"24,08000";"0,91694";"-0,03847"
"24,09000";"0,90194";"-0,04080"
"24,10000";"0,88707";"-0,04949"
"24,11000";"0,87196";"-0,05722"
"24,12000";"0,85685";"-0,05815"
"24,13000";"0,84185";"-0,05627"
"24,14000";"0,82686";"-0,05392"
"24,15000";"0,81199";"-0,04604"
"24,16000";"0,79699";"-0,03839"
"24,17000";"0,78212";"-0,03360"
"24,18000";"0,76724";"-0,02845"
"24,19000";"0,75225";"-0,03197"
"24,20000";"0,73714";"-0,04140"
"24,21000";"0,72215";"-0,04598"
"24,22000";"0,70715";"-0,04551"
"24,23000";"0,69216";"-0,03457"
"24,24000";"0,67705";"-0,03116"
"24,25000";"0,66206";"-0,03175"
"24,26000";"0,64706";"-0,03452"
"24,27000";"0,63219";"-0,02650"
"24,28000";"0,61708";"-0,01964"
"24,29000";"0,60197";"-0,02397"
"24,30000";"0,58709";"-0,03901"
"24,31000";"0,57198";"-0,04392"
"24,32000";"0,55687";"-0,04334"
"24,33000";"0,54188";"-0,04069"
"24,34000";"0,52676";"-0,04389"
"24,35000";"0,51189";"-0,04455"
"24,36000";"0,49666";"-0,04086"
"24,37000";"0,48155";"-0,03849"
"24,38000";"0,46679";"-0,03611"
"24,39000";"0,45192";"-0,02861"
"24,40000";"0,43692";"-0,02353"
"24,41000";"0,42193";"-0,02882"
"24,42000";"0,40694";"-0,03528"
"24,43000";"0,39194";"-0,03506"
"24,44000";"0,37683";"-0,03590"
"24,45000";"0,36172";"-0,04282"
"24,46000";"0,34685";"-0,04348"
"24,47000";"0,33209";"-0,04930"
"24,48000";"0,31710";"-0,05343"
"24,49000";"0,30199";"-0,06188"
"24,50000";"0,28711";"-0,06076"
"24,51000";"0,27212";"-0,05608"
"24,52000";"0,25701";"-0,04578"
"24,53000";"0,24190";"-0,03548"
"24,54000";"0,22702";"-0,03685"
"24,55000";"0,21203";"-0,03720"
"24,56000";"0,19703";"-0,03709"
"24,57000";"0,18192";"-0,03756"
"24,58000";"0,16681";"-0,04281"
"24,59000";"0,15182";"-0,04731"
"24,60000";"0,13694";"-0,04696"
"24,61000";"0,12195";"-0,04638"
"24,62000";"0,10708";"-0,04630"
"24,63000";"0,09220";"-0,04405"
"24,64000";"0,07733";"-0,04479"
"24,65000";"0,06233";"-0,04421"
"24,66000";"0,04722";"-0,04188"
"24,67000";"0,03211";"-0,03995"
"24,68000";"0,01724";"-0,03200"
"24,69000";"0,00213";"-0,02924"
"24,69200";"-0,00083";"-0,03001"
"24,69400";"-0,00378";"-0,03068"
"24,70400";"-0,01688";"-0,03327"
"24,71400";"-0,02397";"-0,02300"
"24,72000";"-0,02574";"-0,00956"
"24,73000";"-0,02491";"0,01172"
"24,74000";"-0,01983";"0,02220"
"24,75000";"-0,00826";"0,02932"
"24,76000";"0,00885";"0,02847"
"24,77000";"0,02916";"0,02738"
"24,78000";"0,05076";"0,01776"
"24,79000";"0,07260";"0,00085"
"24,80000";"0,09397";"-0,01369"
"24,81000";"0,11463";"-0,01916"
"24,82000";"0,13435";"-0,02874"
"24,83000";"0,15324";"-0,04491"
"24,84000";"0,17118";"-0,04668"
"24,85000";"0,18865";"-0,04107"
"24,86000";"0,20565";"-0,03714"
"24,87000";"0,22218";"-0,03357"
"24,88000";"0,23835";"-0,02910"
"24,89000";"0,25429";"-0,02816"
"24,90000";"0,27011";"-0,02694"
"24,91000";"0,28558";"-0,03662"
"24,92000";"0,30104";"-0,04429"
"24,93000";"0,31651";"-0,04435"
"24,94000";"0,33185";"-0,04137"
"24,95000";"0,34708";"-0,03503"
"24,96000";"0,36231";"-0,03505"
"24,97000";"0,37731";"-0,03699"
"24,98000";"0,39242";"-0,03762"
"24,99000";"0,40741";"-0,03727"
"25,00000";"0,42252";"-0,02894"
"25,01000";"0,43763";"-0,02309"
"25,02000";"0,45274";"-0,02422"
"25,03000";"0,46785";"-0,02768"
"25,04000";"0,48297";"-0,03756"
"25,05000";"0,49796";"-0,03847"
"25,06000";"0,51283";"-0,03560"
"25,07000";"0,52771";"-0,02938"
"25,08000";"0,54282";"-0,02210"
"25,09000";"0,55781";"-0,01867"
"25,10000";"0,57281";"-0,02207"
"25,11000";"0,58792";"-0,02322"
"25,12000";"0,60279";"-0,02578"
"25,13000";"0,61790";"-0,02858"
"25,14000";"0,63290";"-0,03019"
"25,15000";"0,64789";"-0,02890"
"25,16000";"0,66300";"-0,02165"
"25,17000";"0,67811";"-0,02116"
"25,18000";"0,69310";"-0,02794"
"25,19000";"0,70798";"-0,03304"
"25,20000";"0,72297";"-0,03454"
"25,21000";"0,73808";"-0,03034"
"25,22000";"0,75296";"-0,02917"
"25,23000";"0,76807";"-0,02581"
"25,24000";"0,78306";"-0,01853"
"25,25000";"0,79806";"-0,01436"
"25,26000";"0,81317";"-0,01510"
"25,27000";"0,82804";"-0,01630"
"25,28000";"0,84292";"-0,01899"
"25,29000";"0,85791";"-0,02525"
"25,30000";"0,87278";"-0,03091"
"25,31000";"0,88778";"-0,03505"
"25,32000";"0,90289";"-0,04057"
"25,33000";"0,91788";"-0,03991"
"25,34000";"0,93299";"-0,03605"
"25,35000";"0,94799";"-0,03196"
"25,36000";"0,96298";"-0,02827"
"25,37000";"0,97797";"-0,02872"
"25,38000";"0,99297";"-0,03027"
"25,39000";"1,00796";"-0,02401"
"25,40000";"1,02307";"-0,01338"
"25,41000";"1,03806";"-0,01221"
"25,42000";"1,05317";"-0,01438"
"25,43000";"1,06817";"-0,02025"
"25,44000";"1,08316";"-0,02595"
"25,45000";"1,09815";"-0,02844"
"25,46000";"1,11303";"-0,02318"
"25,47000";"1,12802";"-0,02360"
"25,48000";"1,14301";"-0,02565"
"25,49000";"1,15801";"-0,03121"
"25,50000";"1,17300";"-0,03115"
"25,51000";"1,18788";"-0,02930"
"25,52000";"1,20287";"-0,02170"
"25,53000";"1,21786";"-0,01826"
"25,54000";"1,23285";"-0,01609"
"25,55000";"1,24785";"-0,01515"
"25,56000";"1,26308";"-0,02437"
"25,57000";"1,27807";"-0,03619"
"25,58000";"1,29294";"-0,03900"
"25,59000";"1,30794";"-0,03885"
"25,60000";"1,32293";"-0,03431"
"25,61000";"1,33792";"-0,02416"
"25,62000";"1,35292";"-0,02266"
"25,63000";"1,36791";"-0,02122"
"25,64000";"1,38302";"-0,01628"
"25,65000";"1,39813";"-0,01630"
"25,66000";"1,41313";"-0,01701"
"25,67000";"1,42800";"-0,01959"
"25,68000";"1,44311";"-0,02191"
"25,69000";"1,45799";"-0,02360"
"25,70000";"1,47298";"-0,02199"
"25,71000";"1,48797";"-0,01541"
"25,72000";"1,50297";"-0,01447"
"25,73000";"1,51808";"-0,01860"
"25,74000";"1,53307";"-0,01972"
"25,75000";"1,54806";"-0,02917"
"25,76000";"1,56306";"-0,02658"
"25,77000";"1,57805";"-0,02356"
"25,78000";"1,59304";"-0,01967"
"25,79000";"1,60815";"-0,01948"
"25,80000";"1,62315";"-0,01899"
"25,81000";"1,63814";"-0,01669"
"25,82000";"1,65301";"-0,01690"
"25,83000";"1,66801";"-0,01551"
"25,84000";"1,68312";"-0,01184"
"25,85000";"1,69799";"-0,00813"
"25,86000";"1,71299";"-0,00543"
"25,87000";"1,72810";"-0,00395"
"25,88000";"1,74309";"-0,01115"
"25,89000";"1,75808";"-0,01262"
"25,90000";"1,77308";"-0,00914"
"25,91000";"1,78795";"-0,00322"
"25,92000";"1,80294";"-0,00392"
"25,93000";"1,81794";"-0,00107"
"25,94000";"1,83281";"-0,00174"
"25,95000";"1,84792";"-0,00668"
"25,96000";"1,86292";"-0,00351"
"25,97000";"1,87803";"-0,00509"
"25,98000";"1,89302";"-0,00977"
"25,99000";"1,90801";"-0,01486"
"26,00000";"1,92301";"-0,01726"
"26,01000";"1,93788";"-0,02114"
"26,02000";"1,95288";"-0,02213"
"26,03000";"1,96775";"-0,02125"
"26,04000";"1,98286";"-0,02018"
"26,05000";"1,99785";"-0,02263"
"26,06000";"2,01261";"-0,02059"
"26,07000";"2,02760";"-0,01908"
"26,08000";"2,04272";"-0,01875"
"26,09000";"2,05771";"-0,01677"
"26,10000";"2,07282";"-0,01676"
"26,11000";"2,08781";"-0,02241"
"26,12000";"2,10292";"-0,02113"
"26,13000";"2,11792";"-0,02218"
"26,14000";"2,13303";"-0,02600"
"26,15000";"2,14814";"-0,02437"
"26,16000";"2,16313";"-0,02358"
"26,17000";"2,17813";"-0,02787"
"26,18000";"2,19324";"-0,02269"
"26,19000";"2,20835";"-0,01520"
"26,20000";"2,22334";"-0,01192"
"26,21000";"2,23833";"-0,01187"
"26,22000";"2,25321";"-0,00988"
"26,23000";"2,26820";"-0,00775"
"26,24000";"2,28308";"-0,00591"
"26,25000";"2,29783";"-0,00777"
"26,26000";"2,31283";"-0,00909"
"26,27000";"2,32782";"-0,01563"
"26,28000";"2,34269";"-0,02421"
"26,29000";"2,35769";"-0,02461"
"26,30000";"2,37256";"-0,02238"
"26,31000";"2,38756";"-0,02042"
"26,32000";"2,40243";"-0,01777"
"26,33000";"2,41742";"-0,01268"
"26,34000";"2,43265";"-0,00805"
"26,35000";"2,44776";"-0,00475"
"26,36000";"2,46288";"-0,00556"
"26,37000";"2,47810";"-0,01078"
"26,38000";"2,49322";"-0,00954"
"26,39000";"2,50821";"-0,00489"
"26,40000";"2,52320";"-0,00231"
"26,41000";"2,53808";"-0,00914"
"26,42000";"2,55307";"-0,01177"
"26,43000";"2,56806";"-0,00971"
"26,44000";"2,58317";"-0,00747"
"26,45000";"2,59817";"-0,01016"
"26,46000";"2,61316";"-0,01501"
"26,47000";"2,62827";"-0,01164"
"26,48000";"2,64315";"-0,00479"
"26,49000";"2,65814";"-0,00249"
"26,50000";"2,67301";"-0,00738"
"26,51000";"2,68801";"-0,00675"
"26,52000";"2,70300";"0,00074"
"26,53000";"2,71799";"0,00437"
"26,54000";"2,73299";"0,00384"
"26,55000";"2,74798";"0,00554"
"26,56000";"2,76274";"0,00721"
"26,57000";"2,77761";"0,00482"
"26,58000";"2,79249";"-0,00762"
"26,59000";"2,80736";"-0,01457"
"26,60000";"2,82235";"-0,01763"
"26,61000";"2,83747";"-0,01865"
"26,62000";"2,85246";"-0,01486"
"26,63000";"2,86745";"-0,00841"
"26,64000";"2,88256";"-0,00940"
"26,65000";"2,89779";"-0,01328"
"26,66000";"2,91290";"-0,01898"
"26,67000";"2,92801";"-0,02352"
"26,68000";"2,94313";"-0,02166"
"26,69000";"2,95824";"-0,01818"
"26,70000";"2,97335";"-0,01430"
"26,71000";"2,98834";"-0,01489"
"26,72000";"3,00333";"-0,01536"
"26,73000";"3,01833";"-0,01534"
"26,74000";"3,03344";"-0,01754"
"26,75000";"3,04831";"-0,01719"
"26,76000";"3,06331";"-0,02104"
"26,77000";"3,07818";"-0,01956"
"26,78000";"3,09329";"-0,01201"
"26,79000";"3,10817";"-0,00338"
"26,80000";"3,12316";"0,00168"
"26,81000";"3,13803";"-0,00239"
"26,82000";"3,15303";"-0,00791"
"26,83000";"3,16802";"-0,01261"
"26,84000";"3,18301";"-0,01891"
"26,85000";"3,19801";"-0,01942"
"26,86000";"3,21300";"-0,02981"
"26,87000";"3,22776";"-0,03500"
"26,88000";"3,24251";"-0,02895"
"26,89000";"3,25739";"-0,02424"
"26,90000";"3,27238";"-0,01398"
"26,91000";"3,28737";"-0,00204"
"26,92000";"3,30237";"0,00326"
"26,93000";"3,31760";"0,00528"
"26,94000";"3,33283";"0,00439"
"26,95000";"3,34806";"0,00079"
"26,96000";"3,36317";"-0,00096"
"26,97000";"3,37828";"-0,00017"
"26,98000";"3,39327";"0,01101"
"26,99000";"3,40826";"0,00781"
"27,00000";"3,42326";"0,00204"
"27,01000";"3,43837";"-0,00098"
"27,02000";"3,45336";"-0,00048"
"27,03000";"3,46835";"-0,00303"
"27,04000";"3,48335";"-0,00305"
"27,05000";"3,49822";"-0,00634"
"27,06000";"3,51322";"-0,00738"
"27,07000";"3,52821";"-0,00819"
"27,08000";"3,54320";"-0,00869"
"27,09000";"3,55819";"-0,00657"
"27,10000";"3,57319";"-0,01210"
"27,11000";"3,58806";"-0,01347"
"27,12000";"3,60294";"-0,00712"
"27,13000";"3,61793";"0,00365"
"27,14000";"3,63292";"0,00785"
"27,15000";"3,64780";"0,00256"
"27,16000";"3,66267";"-0,00059"
"27,17000";"3,67755";"-0,00809"
"27,18000";"3,69254";"-0,01860"
"27,19000";"3,70742";"-0,02405"
"27,20000";"3,72241";"-0,02226"
"27,21000";"3,73752";"-0,01128"
"27,22000";"3,75263";"-0,00778"
"27,23000";"3,76774";"-0,00846"
"27,24000";"3,78297";"-0,01196"
"27,25000";"3,79808";"-0,01262"
"27,26000";"3,81296";"-0,01559"
"27,27000";"3,82795";"-0,01106"
"27,28000";"3,84294";"-0,00750"
"27,29000";"3,85794";"-0,01166"
"27,30000";"3,87317";"-0,01103"
"27,31000";"3,88828";"-0,00909"
"27,32000";"3,90339";"-0,00680"
"27,33000";"3,91850";"-0,00937"
"27,34000";"3,93361";"-0,01105"
"27,35000";"3,94860";"-0,01099"
"27,36000";"3,96360";"-0,00915"
"27,37000";"3,97847";"-0,00652"
"27,38000";"3,99347";"-0,00411"
"27,39000";"4,00834";"-0,00497"
"27,40000";"4,02333";"-0,01096"
"27,41000";"4,03833";"-0,01193"
"27,42000";"4,05320";"-0,00911"
"27,43000";"4,06808";"-0,00807"
"27,44000";"4,08295";"-0,00778"
"27,45000";"4,09794";"-0,00954"
"27,46000";"4,11294";"-0,01185"
"27,47000";"4,12781";"-0,01346"
"27,48000";"4,14269";"-0,00640"
"27,49000";"4,15768";"0,00251"
"27,50000";"4,17256";"0,00628"
"27,51000";"4,18755";"0,00346"
"27,52000";"4,20266";"-0,00285"
"27,53000";"4,21789";"-0,00596"
"27,54000";"4,23288";"-0,00868"
"27,55000";"4,24787";"-0,01385"
"27,56000";"4,26287";"-0,02106"
"27,57000";"4,27798";"-0,01873"
"27,58000";"4,29297";"-0,01243"
"27,59000";"4,30808";"-0,01445"
"27,60000";"4,32319";"-0,01250"
"27,61000";"4,33831";"-0,01270"
"27,62000";"4,35353";"-0,01772"
"27,63000";"4,36853";"-0,02224"
"27,64000";"4,38352";"-0,01773"
"27,65000";"4,39840";"-0,00882"
"27,66000";"4,41339";"-0,00191"
"27,67000";"4,42826";"0,00122"
"27,68000";"4,44326";"-0,00026"
"27,69000";"4,45825";"-0,00177"
"27,70000";"4,47324";"0,00307"
"27,71000";"4,48824";"0,00597"
"27,72000";"4,50311";"-0,00315"
"27,73000";"4,51799";"-0,00877"
"27,74000";"4,53286";"-0,00206"
"27,75000";"4,54774";"0,00637"
"27,76000";"4,56261";"0,01148"
"27,77000";"4,57760";"0,00329"
"27,78000";"4,59272";"-0,00327"
"27,79000";"4,60759";"-0,00704"
"27,80000";"4,62258";"-0,01150"
"27,81000";"4,63758";"-0,01355"
"27,82000";"4,65257";"-0,02055"
"27,83000";"4,66768";"-0,02466"
"27,84000";"4,68279";"-0,02123"
"27,85000";"4,69790";"-0,01858"
"27,86000";"4,71301";"-0,01688"
"27,87000";"4,72813";"-0,01509"
"27,88000";"4,74335";"-0,01276"
"27,89000";"4,75835";"-0,01079"
"27,90000";"4,77322";"-0,01181"
"27,91000";"4,78822";"-0,00288"
"27,92000";"4,80321";"0,00042"
"27,93000";"4,81832";"0,00382"
"27,94000";"4,83331";"0,00237"
"27,95000";"4,84831";"0,00050"
"27,96000";"4,86330";"-0,00273"
"27,97000";"4,87817";"-0,00596"
"27,98000";"4,89305";"-0,00726"
"27,99000";"4,90804";"-0,00414"
"28,00000";"4,92304";"-0,00476"
"28,01000";"4,93803";"-0,00637"
"28,02000";"4,95290";"-0,00320"
"28,03000";"4,96778";"-0,00370"
"28,04000";"4,98277";"-0,00424"
"28,05000";"4,99776";"-0,00214"
"28,06000";"5,01288";"-0,00087"
"28,07000";"5,02775";"0,00738"
"28,08000";"5,04286";"0,00544"
"28,09000";"5,05797";"0,00702"
"28,10000";"5,07308";"0,00155"
"28,11000";"5,08808";"-0,00264"
"28,12000";"5,10307";"-0,00740"
"28,13000";"5,11806";"-0,01382"
"28,14000";"5,13306";"-0,01676"
"28,15000";"5,14805";"-0,01954"
"28,16000";"5,16316";"-0,02648"
"28,17000";"5,17839";"-0,02759"
"28,18000";"5,19338";"-0,02186"
"28,19000";"5,20837";"-0,01637"
"28,20000";"5,22337";"-0,00480"
"28,21000";"5,23813";"-0,00110"
"28,22000";"5,25300";"0,00261"
"28,23000";"5,26811";"0,01103"
"28,24000";"5,28310";"0,01073"
"28,25000";"5,29822";"0,00658"
"28,26000";"5,31321";"0,00078"
"28,27000";"5,32808";"-0,00224"
"28,28000";"5,34308";"0,00171"
"28,29000";"5,35807";"0,00398"
"28,30000";"5,37306";"-0,00344"
"28,31000";"5,38806";"-0,00745"
"28,32000";"5,40293";"-0,00039"
"28,33000";"5,41781";"0,00995"
"28,34000";"5,43280";"0,01813"
"28,35000";"5,44779";"0,01349"
"28,36000";"5,46290";"0,01178"
"28,37000";"5,47778";"0,00753"
"28,38000";"5,49289";"0,00453"
"28,39000";"5,50800";"-0,00093"
"28,40000";"5,52299";"-0,00796"
"28,41000";"5,53799";"-0,01337"
"28,42000";"5,55298";"-0,00537"
"28,43000";"5,56797";"-0,00130"
"28,44000";"5,58297";"0,00449"
"28,45000";"5,59784";"0,00195"
"28,46000";"5,61295";"0,00504"
"28,47000";"5,62794";"0,00556"
"28,48000";"5,64306";"0,00642"
"28,49000";"5,65805";"0,00448"
"28,50000";"5,67316";"0,01157"
"28,51000";"5,68827";"0,01924"
"28,52000";"5,70326";"0,02277"
"28,53000";"5,71826";"0,01752"
"28,54000";"5,73337";"0,01312"
"28,55000";"5,74836";"0,00803"
"28,56000";"5,76335";"-0,00450"
"28,57000";"5,77835";"-0,00832"
"28,58000";"5,79322";"-0,01232"
"28,59000";"5,80810";"-0,00331"
"28,60000";"5,82297";"0,00528"
"28,61000";"5,83785";"0,00838"
"28,62000";"5,85272";"0,00387"
"28,63000";"5,86783";"0,00194"
"28,64000";"5,88283";"0,00270"
"28,65000";"5,89782";"0,00312"
"28,66000";"5,91281";"0,00662"
"28,67000";"5,92792";"0,00558"
"28,68000";"5,94292";"0,00042"
"28,69000";"5,95803";"-0,00088"
"28,70000";"5,97302";"-0,00047"
"28,71000";"5,98801";"-0,00254"
"28,72000";"6,00312";"-0,00764"
"28,73000";"6,01824";"-0,00952"
"28,74000";"6,03311";"-0,01098"
"28,75000";"6,04822";"-0,00656"
"28,76000";"6,06310";"-0,00275"
"28,77000";"6,07809";"0,00264"
"28,78000";"6,09308";"0,00626"
"28,79000";"6,10808";"0,00699"
"28,80000";"6,12307";"0,00929"
"28,81000";"6,13806";"0,00262"
"28,82000";"6,15306";"-0,00438"
"28,83000";"6,16805";"-0,00721"
"28,84000";"6,18304";"-0,00852"
"28,85000";"6,19803";"-0,00530"
"28,86000";"6,21303";"0,00444"
"28,87000";"6,22814";"0,00499"
"28,88000";"6,24313";"0,00731"
"28,89000";"6,25812";"0,01025"
"28,90000";"6,27312";"0,00812"
"28,91000";"6,28799";"0,00703"
"28,92000";"6,30287";"0,00718"
"28,93000";"6,31786";"0,00610"
"28,94000";"6,33297";"0,00354"
"28,95000";"6,34785";"0,01096"
"28,96000";"6,36296";"0,01607"
"28,97000";"6,37795";"0,02448"
"28,98000";"6,39306";"0,02419"
"28,99000";"6,40806";"0,01674"
"29,00000";"6,42305";"0,01305"
"29,01000";"6,43804";"0,01593"
"29,02000";"6,45303";"0,01712"
"29,03000";"6,46803";"0,01941"
"29,04000";"6,48302";"0,01389"
"29,05000";"6,49790";"0,00174"
"29,06000";"6,51289";"-0,00955"
"29,07000";"6,52788";"-0,00991"
"29,08000";"6,54276";"-0,01219"
"29,09000";"6,55775";"-0,00762"
"29,10000";"6,57286";"0,00253"
"29,11000";"6,58797";"0,01269"
"29,12000";"6,60308";"0,01483"
"29,13000";"6,61808";"0,01587"
"29,14000";"6,63307";"0,01499"
"29,15000";"6,64806";"0,00864"
"29,16000";"6,66294";"0,00331"
"29,17000";"6,67793";"0,00580"
"29,18000";"6,69292";"0,01207"
"29,19000";"6,70803";"0,02268"
"29,20000";"6,72303";"0,02213"
"29,21000";"6,73790";"0,00809"
"29,22000";"6,75301";"0,00505"
"29,23000";"6,76789";"0,00681"
"29,24000";"6,78288";"0,00422"
"29,25000";"6,79799";"0,00303"
"29,26000";"6,81299";"0,00643"
"29,27000";"6,82810";"0,00758"
"29,28000";"6,84309";"0,00009"
"29,29000";"6,85796";"0,00010"
"29,30000";"6,87296";"0,00322"
"29,31000";"6,88807";"0,01005"
"29,32000";"6,90306";"0,01055"
"29,33000";"6,91794";"0,00348"
"29,34000";"6,93305";"-0,00375"
"29,35000";"6,94792";"-0,00433"
"29,36000";"6,96292";"0,00420"
"29,37000";"6,97791";"0,01399"
"29,38000";"6,99290";"0,01228"
"29,39000";"7,00790";"-0,00070"
"29,40000";"7,02277";"-0,00416"
"29,41000";"7,03788";"-0,00335"
"29,42000";"7,05288";"0,00381"
"29,43000";"7,06787";"0,01251"
"29,44000";"7,08298";"0,01794"
"29,45000";"7,09797";"0,01537"
"29,46000";"7,11297";"0,01276"
"29,47000";"7,12796";"0,01383"
"29,48000";"7,14295";"0,01798"
"29,49000";"7,15794";"0,01737"
"29,50000";"7,17306";"0,02226"
"29,51000";"7,18817";"0,02945"
"29,52000";"7,20304";"0,03533"
"29,53000";"7,21815";"0,03776"
"29,54000";"7,23315";"0,02827"
"29,55000";"7,24802";"0,01817"
"29,56000";"7,26301";"0,02052"
"29,57000";"7,27813";"0,01978"
"29,58000";"7,29312";"0,01713"
"29,59000";"7,30811";"0,01523"
"29,60000";"7,32310";"0,01574"
"29,61000";"7,33810";"0,00884"
"29,62000";"7,35309";"0,00373"
"29,63000";"7,36797";"-0,00305"
"29,64000";"7,38296";"-0,00558"
"29,65000";"7,39807";"0,00156"
"29,66000";"7,41306";"0,00617"
"29,67000";"7,42817";"0,00551"
"29,68000";"7,44305";"0,01341"
"29,69000";"7,45804";"0,01994"
"29,70000";"7,47303";"0,02314"
"29,71000";"7,48791";"0,02381"
"29,72000";"7,50290";"0,02321"
"29,73000";"7,51790";"0,02454"
"29,74000";"7,53301";"0,01896"
"29,75000";"7,54800";"0,01308"
"29,76000";"7,56299";"0,00989"
"29,77000";"7,57810";"0,00836"
"29,78000";"7,59298";"0,01079"
"29,79000";"7,60785";"0,01457"
"29,80000";"7,62285";"0,01612"
"29,81000";"7,63796";"0,01797"
"29,82000";"7,65295";"0,02513"
"29,83000";"7,66806";"0,02500"
"29,84000";"7,68306";"0,01759"
"29,85000";"7,69793";"0,01347"
"29,86000";"7,71292";"0,01564"
"29,87000";"7,72780";"0,01832"
"29,88000";"7,74291";"0,01548"
"29,89000";"7,75790";"0,02280"
"29,90000";"7,77290";"0,02654"
"29,91000";"7,78777";"0,02387"
"29,92000";"7,80276";"0,02047"
"29,93000";"7,81776";"0,01770"
"29,94000";"7,83263";"0,01260"
"29,95000";"7,84774";"0,00916"
"29,96000";"7,86285";"0,00224"
"29,97000";"7,87785";"0,00202"
"29,98000";"7,89284";"0,01066"
"29,99000";"7,90795";"0,02315"
"30,00000";"7,92294";"0,03226"
"30,01000";"7,93794";"0,03565"
"30,02000";"7,95281";"0,03353"
"30,03000";"7,96781";"0,03581"
"30,04000";"7,98292";"0,03495"
"30,05000";"7,99791";"0,03229"
"30,06000";"8,01290";"0,02444"
"30,07000";"8,02801";"0,02032"
"30,08000";"8,04313";"0,02345"
"30,09000";"8,05812";"0,02149"
"30,10000";"8,07311";"0,02451"
"30,11000";"8,08810";"0,03292"
"30,12000";"8,10310";"0,03773"
"30,13000";"8,11809";"0,04024"
"30,14000";"8,13320";"0,03671"
"30,15000";"8,14808";"0,03425"
"30,16000";"8,16319";"0,02797"
"30,17000";"8,17806";"0,02139"
"30,18000";"8,19306";"0,01736"
"30,19000";"8,20805";"0,01822"
"30,20000";"8,22304";"0,02447"
"30,21000";"8,23803";"0,03173"
"30,22000";"8,25315";"0,03433"
"30,23000";"8,26814";"0,03250"
"30,24000";"8,28325";"0,02862"
"30,25000";"8,29824";"0,02611"
"30,26000";"8,31312";"0,02308"
"30,27000";"8,32811";"0,02813"
"30,28000";"8,34322";"0,03527"
"30,29000";"8,35822";"0,04153"
"30,30000";"8,37333";"0,04431"
"30,31000";"8,38820";"0,03734"
"30,32000";"8,40308";"0,03230"
"30,33000";"8,41795";"0,02951"
"30,34000";"8,43294";"0,02963"
"30,35000";"8,44794";"0,02243"
"30,36000";"8,46293";"0,01845"
"30,37000";"8,47804";"0,01499"
"30,38000";"8,49315";"0,01879"
"30,39000";"8,50815";"0,01922"
"30,40000";"8,52314";"0,01552"
"30,41000";"8,53801";"0,01217"
"30,42000";"8,55301";"0,01489"
"30,43000";"8,56800";"0,01834"
"30,44000";"8,58299";"0,02013"
"30,45000";"8,59799";"0,02717"
"30,46000";"8,61310";"0,02865"
"30,47000";"8,62809";"0,03525"
"30,48000";"8,64308";"0,03425"
"30,49000";"8,65796";"0,02590"
"30,50000";"8,67283";"0,01734"
"30,51000";"8,68795";"0,01690"
"30,52000";"8,70306";"0,01953"
"30,53000";"8,71805";"0,02089"
"30,54000";"8,73304";"0,01704"
"30,55000";"8,74803";"0,01647"
"30,56000";"8,76303";"0,01047"
"30,57000";"8,77802";"0,01069"
"30,58000";"8,79290";"0,02183"
"30,59000";"8,80801";"0,03493"
"30,60000";"8,82300";"0,04666"
"30,61000";"8,83788";"0,04734"
"30,62000";"8,85299";"0,04938"
"30,63000";"8,86798";"0,04403"
"30,64000";"8,88297";"0,03885"
"30,65000";"8,89785";"0,03236"
"30,66000";"8,91284";"0,02881"
"30,67000";"8,92795";"0,02763"
"30,68000";"8,94294";"0,02909"
"30,69000";"8,95782";"0,03221"
"30,70000";"8,97281";"0,02942"
"30,71000";"8,98780";"0,02980"
"30,72000";"9,00280";"0,03312"
"30,73000";"9,01779";"0,03776"
"30,74000";"9,03279";"0,04074"
"30,75000";"9,04790";"0,05012"
"30,76000";"9,06301";"0,05471"
"30,77000";"9,07800";"0,05149"
"30,78000";"9,09299";"0,03306"
"30,79000";"9,10810";"0,01983"
"30,80000";"9,12310";"0,01322"
"30,81000";"9,13809";"0,01946"
"30,82000";"9,15308";"0,02846"
"30,83000";"9,16796";"0,03956"
"30,84000";"9,18307";"0,04624"
"30,85000";"9,19818";"0,05073"
"30,86000";"9,21317";"0,04848"
"30,87000";"9,22817";"0,05338"
"30,88000";"9,24316";"0,05175"
"30,89000";"9,25815";"0,04483"
"30,90000";"9,27315";"0,02982"
"30,91000";"9,28814";"0,02690"
"30,92000";"9,30325";"0,03455"
"30,93000";"9,31824";"0,04449"
"30,94000";"9,33324";"0,05064"
"30,95000";"9,34811";"0,04831"
"30,96000";"9,36310";"0,04595"
"30,97000";"9,37810";"0,04545"
"30,98000";"9,39309";"0,04218"
"30,99000";"9,40808";"0,03292"
"31,00000";"9,42296";"0,02594"
"31,01000";"9,43807";"0,03000"
"31,02000";"9,45306";"0,03522"
"31,03000";"9,46806";"0,04517"
"31,04000";"9,48281";"0,04635"
"31,05000";"9,49781";"0,04622"
"31,06000";"9,51292";"0,04413"
"31,07000";"9,52803";"0,03661"
"31,08000";"9,54302";"0,03336"
"31,09000";"9,55813";"0,02903"
"31,10000";"9,57324";"0,02777"
"31,11000";"9,58824";"0,03140"
"31,12000";"9,60311";"0,03754"
"31,13000";"9,61810";"0,03904"
"31,14000";"9,63310";"0,03570"
"31,15000";"9,64809";"0,02921"
"31,16000";"9,66297";"0,02691"
"31,17000";"9,67796";"0,02972"
"31,18000";"9,69307";"0,03229"
"31,19000";"9,70806";"0,03160"
"31,20000";"9,72294";"0,03476"
"31,21000";"9,73793";"0,03753"
"31,22000";"9,75304";"0,04046"
"31,23000";"9,76815";"0,04211"
"31,24000";"9,78303";"0,05064"
"31,25000";"9,79802";"0,05595"
"31,26000";"9,81301";"0,06256"
"31,27000";"9,82801";"0,06630"
"31,28000";"9,84288";"0,05972"
"31,29000";"9,85776";"0,05571"
"31,30000";"9,87287";"0,04800"
"31,31000";"9,88798";"0,04027"
"31,32000";"9,90297";"0,03522"
"31,33000";"9,91796";"0,03620"
"31,34000";"9,93296";"0,03659"
"31,35000";"9,94807";"0,04439"
"31,36000";"9,96294";"0,05097"
"31,37000";"9,97794";"0,05089"
"31,38000";"9,99293";"0,05358"
"31,39000";"10,00804";"0,05240"
"31,40000";"10,02304";"0,04507"
"31,41000";"10,03803";"0,04543"
"31,42000";"10,05314";"0,04174"
"31,43000";"10,06813";"0,04534"
"31,44000";"10,08301";"0,05137"
"31,45000";"10,09800";"0,05045"
"31,46000";"10,11299";"0,05000"
"31,47000";"10,12799";"0,05260"
"31,48000";"10,14310";"0,04940"
"31,49000";"10,15809";"0,04134"
"31,50000";"10,17320";"0,03473"
"31,51000";"10,18820";"0,03923"
"31,52000";"10,20319";"0,04470"
"31,53000";"10,21830";"0,04895"
"31,54000";"10,23329";"0,05603"
"31,55000";"10,24840";"0,06064"
"31,56000";"10,26340";"0,06026"
"31,57000";"10,27827";"0,06058"
"31,58000";"10,29315";"0,06041"
"31,59000";"10,30814";"0,05619"
"31,60000";"10,32301";"0,05087"
"31,61000";"10,33813";"0,04453"
"31,62000";"10,35312";"0,04231"
"31,63000";"10,36811";"0,04478"
"31,64000";"10,38322";"0,04854"
"31,65000";"10,39822";"0,05374"
"31,66000";"10,41321";"0,05751"
"31,67000";"10,42820";"0,05403"
"31,68000";"10,44308";"0,04475"
"31,69000";"10,45807";"0,03925"
"31,70000";"10,47318";"0,04279"
"31,71000";"10,48817";"0,04627"
"31,72000";"10,50328";"0,04869"
"31,73000";"10,51828";"0,05719"
"31,74000";"10,53315";"0,06243"
"31,75000";"10,54803";"0,05826"
"31,76000";"10,56302";"0,05603"
"31,77000";"10,57801";"0,05266"
"31,78000";"10,59289";"0,05023"
"31,79000";"10,60788";"0,04626"
"31,80000";"10,62288";"0,04287"
"31,81000";"10,63787";"0,04095"
"31,82000";"10,65286";"0,04012"
"31,83000";"10,66785";"0,03890"
"31,84000";"10,68285";"0,04346"
"31,85000";"10,69796";"0,05682"
"31,86000";"10,71295";"0,06560"
"31,87000";"10,72794";"0,06565"
"31,88000";"10,74294";"0,06128"
"31,89000";"10,75793";"0,05703"
"31,90000";"10,77292";"0,05896"
"31,91000";"10,78780";"0,06272"
"31,92000";"10,80279";"0,06927"
"31,93000";"10,81779";"0,08106"
"31,94000";"10,83290";"0,08985"
"31,95000";"10,84789";"0,09102"
"31,96000";"10,86288";"0,08873"
"31,97000";"10,87788";"0,08238"
"31,98000";"10,89287";"0,08106"
"31,99000";"10,90774";"0,07898"
"32,00000";"10,92262";"0,07357"
"32,01000";"10,93773";"0,06936"
"32,02000";"10,95296";"0,06878"
"32,03000";"10,96807";"0,06602"
"32,04000";"10,98318";"0,06628"
"32,05000";"10,99817";"0,07068"
"32,06000";"11,01317";"0,07516"
"32,07000";"11,02804";"0,07086"
"32,08000";"11,04303";"0,07451"
"32,09000";"11,05815";"0,08864"
"32,10000";"11,07314";"0,09981"
"32,11000";"11,08813";"0,10329"
"32,12000";"11,10301";"0,10531"
"32,13000";"11,11800";"0,09448"
"32,14000";"11,13311";"0,07990"
"32,15000";"11,14799";"0,07175"
"32,16000";"11,16310";"0,07275"
"32,17000";"11,17809";"0,07812"
"32,18000";"11,19308";"0,08251"
"32,19000";"11,20808";"0,08335"
"32,20000";"11,22307";"0,09014"
"32,21000";"11,23806";"0,09558"
"32,22000";"11,25306";"0,09267"
"32,23000";"11,26805";"0,09207"
"32,24000";"11,28304";"0,09367"
"32,25000";"11,29803";"0,09798"
"32,26000";"11,31303";"0,09548"
"32,27000";"11,32802";"0,08898"
"32,28000";"11,34301";"0,08350"
"32,29000";"11,35789";"0,08608"
"32,30000";"11,37288";"0,08563"
"32,31000";"11,38788";"0,08268"
"32,32000";"11,40298";"0,08098"
"32,33000";"11,41810";"0,07817"
"32,34000";"11,43321";"0,07751"
"32,35000";"11,44820";"0,07748"
"32,36000";"11,46331";"0,07796"
"32,37000";"11,47819";"0,07820"
"32,38000";"11,49318";"0,08270"
"32,39000";"11,50806";"0,09164"
"32,40000";"11,52305";"0,10070"
"32,41000";"11,53804";"0,10219"
"32,42000";"11,55315";"0,10434"
"32,43000";"11,56815";"0,10800"
"32,44000";"11,58314";"0,11267"
"32,45000";"11,59825";"0,11628"
"32,46000";"11,61312";"0,12086"
"32,47000";"11,62812";"0,12076"
"32,48000";"11,64311";"0,11877"
"32,49000";"11,65810";"0,11660"
"32,50000";"11,67310";"0,10281"
"32,51000";"11,68809";"0,09639"
"32,52000";"11,70296";"0,09055"
"32,53000";"11,71796";"0,08878"
"32,54000";"11,73295";"0,08512"
"32,55000";"11,74794";"0,08456"
"32,56000";"11,76306";"0,08745"
"32,57000";"11,77817";"0,09044"
"32,58000";"11,79304";"0,09904"
"32,59000";"11,80792";"0,10923"
"32,60000";"11,82291";"0,11738"
"32,61000";"11,83790";"0,11924"
"32,62000";"11,85278";"0,11878"
"32,63000";"11,86777";"0,11331"
"32,64000";"11,88288";"0,10744"
"32,65000";"11,89799";"0,10763"
"32,66000";"11,91299";"0,10927"
"32,67000";"11,92798";"0,11137"
"32,68000";"11,94309";"0,12202"
"32,69000";"11,95808";"0,13141"
"32,70000";"11,97296";"0,13362"
"32,71000";"11,98795";"0,12725"
"32,72000";"12,00294";"0,11798"
"32,73000";"12,01794";"0,10861"
"32,74000";"12,03293";"0,10325"
"32,75000";"12,04792";"0,09544"
"32,76000";"12,06304";"0,09887"
"32,77000";"12,07803";"0,09545"
"32,78000";"12,09302";"0,09180"
"32,79000";"12,10790";"0,10153"
"32,80000";"12,12301";"0,11177"
"32,81000";"12,13800";"0,11991"
"32,82000";"12,15287";"0,12865"
"32,83000";"12,16787";"0,12634"
"32,84000";"12,18286";"0,12014"
"32,85000";"12,19774";"0,12076"
"32,86000";"12,21273";"0,12266"
"32,87000";"12,22772";"0,11695"
"32,88000";"12,24283";"0,11503"
"32,89000";"12,25783";"0,12254"
"32,90000";"12,27294";"0,12838"
"32,91000";"12,28793";"0,12994"
"32,92000";"12,30280";"0,13887"
"32,93000";"12,31768";"0,14261"
"32,94000";"12,33267";"0,14478"
"32,95000";"12,34767";"0,14797"
"32,96000";"12,36278";"0,14288"
"32,97000";"12,37789";"0,13342"
"32,98000";"12,39300";"0,13917"
"32,99000";"12,40799";"0,15030"
"33,00000";"12,42299";"0,15231"
"33,01000";"12,43798";"0,15186"
"33,02000";"12,45297";"0,14629"
"33,03000";"12,46808";"0,14136"
"33,04000";"12,48308";"0,14159"
"33,05000";"12,49807";"0,14070"
"33,06000";"12,51306";"0,14011"
"33,07000";"12,52794";"0,14051"
"33,08000";"12,54305";"0,12867"
"33,09000";"12,55792";"0,12460"
"33,10000";"12,57292";"0,12754"
"33,11000";"12,58803";"0,12794"
"33,12000";"12,60290";"0,13160"
"33,13000";"12,61790";"0,13801"
"33,14000";"12,63289";"0,14392"
"33,15000";"12,64788";"0,14845"
"33,16000";"12,66288";"0,15309"
"33,17000";"12,67775";"0,14923"
"33,18000";"12,69286";"0,15132"
"33,19000";"12,70797";"0,16627"
"33,20000";"12,72308";"0,18011"
"33,21000";"12,73808";"0,18502"
"33,22000";"12,75319";"0,18811"
"33,23000";"12,76818";"0,18496"
"33,24000";"12,78317";"0,17392"
"33,25000";"12,79805";"0,15899"
"33,26000";"12,81304";"0,14988"
"33,27000";"12,82815";"0,14958"
"33,28000";"12,84315";"0,14695"
"33,29000";"12,85814";"0,15023"
"33,30000";"12,87313";"0,15267"
"33,31000";"12,88824";"0,15973"
"33,32000";"12,90312";"0,16354"
"33,33000";"12,91787";"0,16612"
"33,34000";"12,93287";"0,16812"
"33,35000";"12,94786";"0,16934"
"33,36000";"12,96274";"0,17425"
"33,37000";"12,97773";"0,17806"
"33,38000";"12,99272";"0,17969"
"33,39000";"13,00783";"0,17867"
"33,40000";"13,02294";"0,17578"
"33,41000";"13,03794";"0,17591"
"33,42000";"13,05293";"0,17556"
"33,43000";"13,06804";"0,17260"
"33,44000";"13,08315";"0,17840"
"33,45000";"13,09814";"0,18321"
"33,46000";"13,11314";"0,18404"
"33,47000";"13,12813";"0,18397"
"33,48000";"13,14301";"0,17952"
"33,49000";"13,15788";"0,17149"
"33,50000";"13,17276";"0,16400"
"33,51000";"13,18787";"0,16685"
"33,52000";"13,20286";"0,17586"
"33,53000";"13,21797";"0,18380"
"33,54000";"13,23297";"0,18954"
"33,55000";"13,24796";"0,19390"
"33,56000";"13,26283";"0,20303"
"33,57000";"13,27759";"0,21388"
"33,58000";"13,29270";"0,21620"
"33,59000";"13,30769";"0,21488"
"33,60000";"13,32281";"0,21246"
"33,61000";"13,33780";"0,20678"
"33,62000";"13,35291";"0,19838"
"33,63000";"13,36790";"0,18849"
"33,64000";"13,38301";"0,18870"
"33,65000";"13,39801";"0,19091"
"33,66000";"13,41300";"0,19542"
"33,67000";"13,42799";"0,20156"
"33,68000";"13,44299";"0,20344"
"33,69000";"13,45810";"0,20841"
"33,70000";"13,47309";"0,20851"
"33,71000";"13,48820";"0,20918"
"33,72000";"13,50319";"0,20779"
"33,73000";"13,51819";"0,20248"
"33,74000";"13,53306";"0,20407"
"33,75000";"13,54806";"0,20342"
"33,76000";"13,56305";"0,21096"
"33,77000";"13,57804";"0,21850"
"33,78000";"13,59303";"0,22607"
"33,79000";"13,60803";"0,22737"
"33,80000";"13,62290";"0,23249"
"33,81000";"13,63790";"0,23776"
"33,82000";"13,65301";"0,24471"
"33,83000";"13,66800";"0,24506"
"33,84000";"13,68311";"0,24633"
"33,85000";"13,69810";"0,24543"
"33,86000";"13,71310";"0,24317"
"33,87000";"13,72809";"0,23769"
"33,88000";"13,74296";"0,22966"
"33,89000";"13,75796";"0,22479"
"33,90000";"13,77295";"0,22678"
"33,91000";"13,78794";"0,23285"
"33,92000";"13,80306";"0,23623"
"33,93000";"13,81817";"0,23625"
"33,94000";"13,83316";"0,23221"
"33,95000";"13,84815";"0,22690"
"33,96000";"13,86315";"0,22991"
"33,97000";"13,87814";"0,23469"
"33,98000";"13,89313";"0,23249"
"33,99000";"13,90801";"0,23775"
"34,00000";"13,92312";"0,24252"
"34,01000";"13,93823";"0,24392"
"34,02000";"13,95322";"0,24099"
"34,03000";"13,96821";"0,24424"
"34,04000";"13,98321";"0,24389"
"34,05000";"13,99820";"0,24549"
"34,06000";"14,01319";"0,24675"
"34,07000";"14,02819";"0,25193"
"34,08000";"14,04318";"0,25857"
"34,09000";"14,05805";"0,26027"
"34,10000";"14,07305";"0,26462"
"34,11000";"14,08792";"0,27214"
"34,12000";"14,10280";"0,27283"
"34,13000";"14,11779";"0,27171"
"34,14000";"14,13278";"0,27869"
"34,15000";"14,14778";"0,28461"
"34,16000";"14,16289";"0,27471"
"34,17000";"14,17788";"0,26813"
"34,18000";"14,19276";"0,27347"
"34,19000";"14,20763";"0,28000"
"34,20000";"14,22262";"0,29136"
"34,21000";"14,23774";"0,30080"
"34,22000";"14,25296";"0,30540"
"34,23000";"14,26808";"0,31519"
"34,24000";"14,28319";"0,31268"
"34,25000";"14,29830";"0,30497"
"34,26000";"14,31329";"0,30038"
"34,27000";"14,32829";"0,30632"
"34,28000";"14,34316";"0,30995"
"34,29000";"14,35815";"0,32021"
"34,30000";"14,37315";"0,32604"
"34,31000";"14,38814";"0,32040"
"34,32000";"14,40313";"0,32384"
"34,33000";"14,41813";"0,32293"
"34,34000";"14,43312";"0,32161"
"34,35000";"14,44799";"0,32273"
"34,36000";"14,46299";"0,32427"
"34,37000";"14,47798";"0,32943"
"34,38000";"14,49309";"0,32614"
"34,39000";"14,50808";"0,33066"
"34,40000";"14,52319";"0,34177"
"34,41000";"14,53819";"0,35312"
"34,42000";"14,55318";"0,35053"
"34,43000";"14,56817";"0,34655"
"34,44000";"14,58305";"0,34906"
"34,45000";"14,59804";"0,35295"
"34,46000";"14,61303";"0,36099"
"34,47000";"14,62803";"0,36803"
"34,48000";"14,64302";"0,38079"
"34,49000";"14,65813";"0,38646"
"34,50000";"14,67313";"0,38108"
"34,51000";"14,68812";"0,38508"
"34,52000";"14,70299";"0,38749"
"34,53000";"14,71810";"0,39045"
"34,54000";"14,73322";"0,39232"
"34,55000";"14,74821";"0,38797"
"34,56000";"14,76320";"0,39497"
"34,57000";"14,77831";"0,40795"
"34,58000";"14,79319";"0,42104"
"34,59000";"14,80818";"0,43333"
"34,60000";"14,82317";"0,43913"
"34,61000";"14,83817";"0,44517"
"34,62000";"14,85304";"0,45698"
"34,63000";"14,86804";"0,46763"
"34,64000";"14,88291";"0,47139"
"34,65000";"14,89802";"0,47701"
"34,66000";"14,91301";"0,47789"
"34,67000";"14,92801";"0,48017"
"34,68000";"14,94300";"0,48014"
"34,69000";"14,95811";"0,48406"
"34,70000";"14,97310";"0,48795"
"34,71000";"14,98810";"0,49273"
"34,72000";"15,00309";"0,50405"
"34,73000";"15,01808";"0,51094"
"34,74000";"15,03308";"0,52408"
"34,75000";"15,04795";"0,53361"
"34,76000";"15,06295";"0,54242"
"34,77000";"15,07794";"0,55033"
"34,78000";"15,09293";"0,55538"
"34,79000";"15,10804";"0,56099"
"34,80000";"15,12303";"0,56071"
"34,81000";"15,13803";"0,56128"
"34,82000";"15,15290";"0,57209"
"34,83000";"15,16778";"0,57935"
"34,84000";"15,18289";"0,59449"
"34,85000";"15,19800";"0,61285"
"34,86000";"15,21299";"0,62279"
"34,87000";"15,22810";"0,62845"
"34,88000";"15,24298";"0,63383"
"34,89000";"15,25797";"0,63472"
"34,90000";"15,27285";"0,63933"
"34,91000";"15,28784";"0,65368"
"34,92000";"15,30295";"0,67020"
"34,93000";"15,31794";"0,69099"
"34,94000";"15,33294";"0,71087"
"34,95000";"15,34781";"0,72780"
"34,96000";"15,36292";"0,73926"
"34,97000";"15,37803";"0,74620"
"34,98000";"15,39291";"0,75771"
"34,99000";"15,40790";"0,76873"
"35,00000";"15,42301";"0,78221"
"35,01000";"15,43801";"0,78570"
"35,02000";"15,45312";"0,78039"
"35,03000";"15,46811";"0,79277"
"35,04000";"15,48299";"0,80913"
"35,05000";"15,49786";"0,81907"
"35,06000";"15,51274";"0,83282"
"35,07000";"15,52761";"0,84339"
"35,08000";"15,54272";"0,85534"
"35,09000";"15,55783";"0,86588"
"35,10000";"15,57294";"0,88394"
"35,11000";"15,58805";"0,90638"
"35,12000";"15,60305";"0,92204"
"35,13000";"15,61804";"0,94084"
"35,14000";"15,63315";"0,96441"
"35,15000";"15,64815";"0,98701"
"35,16000";"15,66314";"1,01232"
"35,17000";"15,67813";"1,02812"
"35,18000";"15,69324";"1,04519"
"35,19000";"15,70824";"1,06182"
"35,20000";"15,72323";"1,08227"
"35,21000";"15,73811";"1,11199"
"35,22000";"15,75298";"1,13032"
"35,23000";"15,76797";"1,14763"
"35,24000";"15,78308";"1,16744"
"35,25000";"15,79796";"1,19034"
"35,26000";"15,81307";"1,21426"
"35,27000";"15,82806";"1,23976"
"35,28000";"15,84306";"1,26349"
"35,29000";"15,85805";"1,28381"
"35,30000";"15,87304";"1,30983"
"35,31000";"15,88803";"1,34500"
"35,32000";"15,90303";"1,37224"
"35,33000";"15,91802";"1,40059"
"35,34000";"15,93290";"1,42465"
"35,35000";"15,94789";"1,45345"
"35,36000";"15,96276";"1,48665"
"35,37000";"15,97776";"1,52103"
"35,38000";"15,99287";"1,55695"
"35,39000";"16,00786";"1,59690"
"35,40000";"16,02286";"1,63172"
"35,41000";"16,03797";"1,66896"
"35,42000";"16,05308";"1,70759"
"35,43000";"16,06807";"1,73642"
"35,44000";"16,08318";"1,76991"
"35,45000";"16,09806";"1,80494"
"35,46000";"16,11305";"1,84474"
"35,47000";"16,12804";"1,89894"
"35,48000";"16,14315";"1,95204"
"35,49000";"16,15815";"2,00639"
"35,50000";"16,17326";"2,05324"
"35,51000";"16,18825";"2,09578"
"35,52000";"16,20324";"2,14231"
"35,53000";"16,21812";"2,19374"
"35,54000";"16,23311";"2,24532"
"35,55000";"16,24811";"2,29379"
"35,56000";"16,26310";"2,34856"
"35,57000";"16,27797";"2,39872"
"35,58000";"16,29296";"2,44803"
"35,59000";"16,30796";"2,49459"
"35,60000";"16,32319";"2,55372"
"35,61000";"16,33818";"2,62316"
"35,62000";"16,35306";"2,69064"
"35,63000";"16,36817";"2,75861"
"35,64000";"16,38316";"2,82472"
"35,65000";"16,39815";"2,89061"
"35,66000";"16,41303";"2,96325"
"35,67000";"16,42802";"3,03521"
"35,68000";"16,44301";"3,09500"
"35,69000";"16,45789";"3,16470"
"35,70000";"16,47288";"3,24202"
"35,71000";"16,48799";"3,31381"
"35,72000";"16,50311";"3,39000"
"35,73000";"16,51822";"3,47154"
"35,74000";"16,53309";"3,55763"
"35,75000";"16,54808";"3,63691"
"35,76000";"16,56296";"3,71831"
"35,77000";"16,57784";"3,80175"
"35,78000";"16,59283";"3,88254"
"35,79000";"16,60794";"3,97723"
"35,80000";"16,62293";"4,07087"
"35,81000";"16,63804";"4,16227"
"35,82000";"16,65303";"4,26090"
"35,83000";"16,66814";"4,36350"
"35,84000";"16,68314";"4,46910"
"35,85000";"16,69801";"4,57255"
"35,86000";"16,71313";"4,67247"
"35,87000";"16,72812";"4,78138"
"35,88000";"16,74299";"4,89655"
"35,89000";"16,75799";"5,01480"
"35,90000";"16,77298";"5,14344"
"35,91000";"16,78797";"5,27485"
"35,92000";"16,80285";"5,41316"
"35,93000";"16,81784";"5,54932"
"35,94000";"16,83283";"5,68864"
"35,95000";"16,84783";"5,83413"
"35,96000";"16,86294";"5,98155"
"35,97000";"16,87793";"6,13542"
"35,98000";"16,89293";"6,29194"
"35,99000";"16,90804";"6,44597"
"36,00000";"16,92303";"6,61576"
"36,01000";"16,93802";"6,79711"
"36,02000";"16,95313";"6,98171"
"36,03000";"16,96812";"7,17078"
"36,04000";"16,98312";"7,36055"
"36,05000";"16,99811";"7,56019"
"36,06000";"17,01311";"7,77155"
"36,07000";"17,02810";"7,99557"
"36,08000";"17,04285";"8,21728"
"36,09000";"17,05785";"8,43631"
"36,10000";"17,07284";"8,66080"
"36,11000";"17,08783";"8,90454"
"36,12000";"17,10283";"9,16859"
"36,13000";"17,11782";"9,43665"
"36,14000";"17,13293";"9,72460"
"36,15000";"17,14792";"10,03209"
"36,16000";"17,16292";"10,35332"
"36,17000";"17,17791";"10,67396"
"36,18000";"17,19290";"11,00957"
"36,19000";"17,20790";"11,36084"
"36,20000";"17,22301";"11,72063"
"36,21000";"17,23788";"12,09830"
"36,22000";"17,25288";"12,48503"
"36,23000";"17,26787";"12,88022"
"36,24000";"17,28274";"13,28819"
"36,25000";"17,29762";"13,70812"
"36,26000";"17,31261";"14,15193"
"36,27000";"17,32772";"14,62985"
"36,28000";"17,34283";"15,13303"
"36,29000";"17,35794";"15,66365"
"36,30000";"17,37294";"16,20968"
"36,31000";"17,38793";"16,77223"
"36,32000";"17,40293";"17,35829"
"36,33000";"17,41792";"17,96476"
"36,34000";"17,43303";"18,58930"
"36,35000";"17,44802";"19,23762"
"36,36000";"17,46313";"19,91724"
"36,37000";"17,47812";"20,63457"
"36,38000";"17,49312";"21,39021"
"36,39000";"17,50811";"22,17704"
"36,40000";"17,52299";"22,98643"
"36,41000";"17,53786";"23,82496"
"36,42000";"17,55285";"24,69986"
"36,43000";"17,56785";"25,61984"
"36,44000";"17,58296";"26,58938"
"36,45000";"17,59783";"27,60777"
"36,46000";"17,61283";"28,66164"
"36,47000";"17,62782";"29,73990"
"36,48000";"17,64270";"30,85201"
"36,49000";"17,65757";"31,99957"
"36,50000";"17,67245";"33,18934"
"36,51000";"17,68744";"34,43875"
"36,52000";"17,70255";"35,74352"
"36,53000";"17,71766";"37,10783"
"36,54000";"17,73265";"38,52414"
"36,55000";"17,74765";"40,00113"
"36,56000";"17,76276";"41,54307"
"36,57000";"17,77799";"43,15720"
"36,58000";"17,79322";"44,85655"
"36,59000";"17,80844";"46,65825"
"36,60000";"17,82344";"48,55380"
"36,61000";"17,83843";"50,52237"
"36,62000";"17,85331";"52,58029"
"36,63000";"17,86818";"54,73742"
"36,64000";"17,88317";"56,99549"
"36,65000";"17,89817";"59,36677"
"36,66000";"17,91316";"61,89648"
"36,67000";"17,92815";"64,61755"
"36,68000";"17,94314";"67,51717"
"36,69000";"17,95802";"70,57613"
"36,70000";"17,97301";"73,81989"
"36,71000";"17,98789";"77,25025"
"36,72000";"18,00277";"80,84901"
"36,73000";"18,01787";"84,62318"
"36,74000";"18,03275";"88,61221"
"36,75000";"18,04774";"92,88615"
"36,76000";"18,06274";"97,49614"
"36,77000";"18,07761";"102,47563"
"36,78000";"18,09249";"107,74258"
"36,79000";"18,10724";"113,19975"
"36,80000";"18,12235";"118,71951"
"36,81000";"18,13747";"124,34123"
"36,82000";"18,15258";"130,16934"
"36,83000";"18,16757";"136,21272"
"36,84000";"18,18268";"142,37291"
"36,85000";"18,19767";"148,56990"
"36,86000";"18,21290";"154,95488"
"36,87000";"18,22790";"161,55020"
"36,88000";"18,24301";"168,25923"
"36,89000";"18,25812";"175,09258"
"36,90000";"18,27311";"182,14122"
"36,91000";"18,28810";"189,42773"
"36,92000";"18,30298";"196,86150"
"36,93000";"18,31797";"204,20224"
"36,94000";"18,33285";"211,52794"
"36,95000";"18,34772";"219,00179"
"36,96000";"18,36272";"226,78802"
"36,97000";"18,37771";"234,84314"
"36,98000";"18,39270";"242,99167"
"36,99000";"18,40770";"251,12900"
"37,00000";"18,42269";"259,34296"
"37,01000";"18,43756";"267,62479"
"37,02000";"18,45244";"275,87213"
"37,03000";"18,46731";"284,14801"
"37,04000";"18,48254";"292,60477"
"37,05000";"18,49765";"301,45602"
"37,05200";"18,50061";"303,26788"
"37,05400";"18,50356";"305,08896"
"37,06400";"18,51666";"314,16412"
"37,07400";"18,52410";"321,89871"
"37,08000";"18,52611";"324,42917"
"37,09000";"18,52528";"322,88882"
"37,10000";"18,52044";"312,96237"
"37,11000";"18,50899";"293,50818"
"37,12000";"18,49199";"261,93390"
"37,13000";"18,47180";"217,79091"
"37,14000";"18,44996";"165,92218"
"37,15000";"18,42800";"114,05206"
"37,16000";"18,40663";"69,64499"
"37,17000";"18,38609";"37,09296"
"37,18000";"18,36626";"16,57033"
"37,19000";"18,34737";"5,75535"
"37,20000";"18,32907";"1,54025"
"37,21000";"18,31148";"1,11144"
"37,22000";"18,29460";"2,28766"
"37,23000";"18,27819";"3,65037"
"37,24000";"18,26201";"4,48739"
"37,25000";"18,24584";"4,63803"
"37,26000";"18,23002";"4,24257"
"37,27000";"18,21444";"3,53644"
"37,28000";"18,19885";"2,70602"
"37,29000";"18,18339";"1,89289"
"37,30000";"18,16828";"1,17485"
"37,31000";"18,15305";"0,58605"
"37,32000";"18,13794";"0,09051"
"37,33000";"18,12271";"-0,33907"
"37,34000";"18,10748";"-0,72257"
"37,35000";"18,09237";"-1,05532"
"37,36000";"18,07726";"-1,34778"
"37,37000";"18,06226";"-1,61108"
"37,38000";"18,04727";"-1,83744"
"37,39000";"18,03228";"-2,02641"
"37,40000";"18,01728";"-2,19166"
"37,41000";"18,00217";"-2,33952"
"37,42000";"17,98706";"-2,47353"
"37,43000";"17,97195";"-2,57771"
"37,44000";"17,95696";"-2,65292"
"37,45000";"17,94197";"-2,70491"
"37,46000";"17,92709";"-2,74166"
"37,47000";"17,91222";"-2,75356"
"37,48000";"17,89734";"-2,75803"
"37,49000";"17,88223";"-2,76302"
"37,50000";"17,86712";"-2,77485"
"37,51000";"17,85189";"-2,78060"
"37,52000";"17,83690";"-2,78236"
"37,53000";"17,82202";"-2,77576"
"37,54000";"17,80703";"-2,75745"
"37,55000";"17,79203";"-2,72912"
"37,56000";"17,77716";"-2,69897"
"37,57000";"17,76217";"-2,66536"
"37,58000";"17,74706";"-2,63151"
"37,59000";"17,73195";"-2,60419"
"37,60000";"17,71695";"-2,58096"
"37,61000";"17,70196";"-2,55133"
"37,62000";"17,68696";"-2,50799"
"37,63000";"17,67186";"-2,46726"
"37,64000";"17,65686";"-2,42629"
"37,65000";"17,64187";"-2,37887"
"37,66000";"17,62675";"-2,32733"
"37,67000";"17,61176";"-2,27154"
"37,68000";"17,59689";"-2,20961"
"37,69000";"17,58201";"-2,15200"
"37,70000";"17,56714";"-2,10152"
"37,71000";"17,55215";"-2,05561"
"37,72000";"17,53715";"-2,00621"
"37,73000";"17,52204";"-1,95536"
"37,74000";"17,50705";"-1,90702"
"37,75000";"17,49194";"-1,85877"
"37,76000";"17,47694";"-1,81677"
"37,77000";"17,46219";"-1,77676"
"37,78000";"17,44731";"-1,73074"
"37,79000";"17,43220";"-1,67881"
"37,80000";"17,41721";"-1,63049"
"37,81000";"17,40210";"-1,58778"
"37,82000";"17,38711";"-1,54723"
"37,83000";"17,37188";"-1,50569"
"37,84000";"17,35688";"-1,47090"
"37,85000";"17,34201";"-1,43209"
"37,86000";"17,32701";"-1,39407"
"37,87000";"17,31190";"-1,35767"
"37,88000";"17,29691";"-1,32444"
"37,89000";"17,28204";"-1,29746"
"37,90000";"17,26716";"-1,26494"
"37,91000";"17,25193";"-1,23588"
"37,92000";"17,23694";"-1,20257"
"37,93000";"17,22218";"-1,16976"
"37,94000";"17,20731";"-1,14119"
"37,95000";"17,19219";"-1,11324"
"37,96000";"17,17708";"-1,08888"
"37,97000";"17,16197";"-1,05593"
"37,98000";"17,14698";"-1,02012"
"37,99000";"17,13187";"-0,98776"
"38,00000";"17,11687";"-0,97068"
"38,01000";"17,10200";"-0,95835"
"38,02000";"17,08701";"-0,93540"
"38,03000";"17,07201";"-0,90761"
"38,04000";"17,05690";"-0,88769"
"38,05000";"17,04203";"-0,87345"
"38,06000";"17,02703";"-0,86178"
"38,07000";"17,01204";"-0,84748"
"38,08000";"16,99693";"-0,83238"
"38,09000";"16,98206";"-0,82035"
"38,10000";"16,96706";"-0,80494"
"38,11000";"16,95207";"-0,78728"
"38,12000";"16,93708";"-0,76799"
"38,13000";"16,92196";"-0,75592"
"38,14000";"16,90697";"-0,74532"
"38,15000";"16,89198";"-0,72859"
"38,16000";"16,87698";"-0,70638"
"38,17000";"16,86199";"-0,69034"
"38,18000";"16,84700";"-0,66769"
"38,19000";"16,83201";"-0,64037"
"38,20000";"16,81689";"-0,62401"
"38,21000";"16,80179";"-0,61502"
"38,22000";"16,78679";"-0,60756"
"38,23000";"16,77180";"-0,59309"
"38,24000";"16,75692";"-0,58009"
"38,25000";"16,74193";"-0,57030"
"38,26000";"16,72706";"-0,56155"
"38,27000";"16,71206";"-0,55755"
"38,28000";"16,69707";"-0,55656"
"38,29000";"16,68196";"-0,54841"
"38,30000";"16,66685";"-0,53903"
"38,31000";"16,65197";"-0,52448"
"38,32000";"16,63710";"-0,50768"
"38,33000";"16,62211";"-0,49172"
"38,34000";"16,60699";"-0,47927"
"38,35000";"16,59200";"-0,46828"
"38,36000";"16,57701";"-0,45808"
"38,37000";"16,56178";"-0,44804"
"38,38000";"16,54667";"-0,44209"
"38,39000";"16,53167";"-0,42678"
"38,40000";"16,51680";"-0,40728"
"38,41000";"16,50192";"-0,39428"
"38,42000";"16,48693";"-0,37582"
"38,43000";"16,47194";"-0,36383"
"38,44000";"16,45706";"-0,35210"
"38,45000";"16,44195";"-0,34292"
"38,46000";"16,42684";"-0,33942"
"38,47000";"16,41197";"-0,33901"
"38,48000";"16,39709";"-0,34090"
"38,49000";"16,38210";"-0,33294"
"38,50000";"16,36710";"-0,33070"
"38,51000";"16,35211";"-0,32990"
"38,52000";"16,33724";"-0,31986"
"38,53000";"16,32224";"-0,30936"
"38,54000";"16,30713";"-0,30034"
"38,55000";"16,29214";"-0,29484"
"38,56000";"16,27727";"-0,29194"
"38,57000";"16,26227";"-0,28687"
"38,58000";"16,24716";"-0,28160"
"38,59000";"16,23205";"-0,27246"
"38,60000";"16,21706";"-0,26593"
"38,61000";"16,20206";"-0,26226"
"38,62000";"16,18707";"-0,26286"
"38,63000";"16,17208";"-0,25764"
"38,64000";"16,15720";"-0,25155"
"38,65000";"16,14233";"-0,24495"
"38,66000";"16,12733";"-0,24255"
"38,67000";"16,11222";"-0,23977"
"38,68000";"16,09711";"-0,23879"
"38,69000";"16,08200";"-0,22660"
"38,70000";"16,06677";"-0,20685"
"38,71000";"16,05166";"-0,20162"
"38,72000";"16,03679";"-0,20205"
"38,73000";"16,02203";"-0,20678"
"38,74000";"16,00704";"-0,20721"
"38,75000";"15,99192";"-0,21579"
"38,76000";"15,97693";"-0,21811"
"38,77000";"15,96194";"-0,21685"
"38,78000";"15,94695";"-0,20772"
"38,79000";"15,93195";"-0,19658"
"38,80000";"15,91696";"-0,19889"
"38,81000";"15,90208";"-0,20449"
"38,82000";"15,88709";"-0,20646"
"38,83000";"15,87210";"-0,19710"
"38,84000";"15,85710";"-0,19822"
"38,85000";"15,84211";"-0,19592"
"38,86000";"15,82712";"-0,19203"
"38,87000";"15,81213";"-0,18997"
"38,88000";"15,79713";"-0,18742"
"38,89000";"15,78226";"-0,18970"
"38,90000";"15,76727";"-0,19167"
"38,91000";"15,75215";"-0,19018"
"38,92000";"15,73704";"-0,19203"
"38,93000";"15,72205";"-0,19603"
"38,94000";"15,70706";"-0,19578"
"38,95000";"15,69218";"-0,18567"
"38,96000";"15,67719";"-0,18684"
"38,97000";"15,66220";"-0,18708"
"38,98000";"15,64708";"-0,19250"
"38,99000";"15,63209";"-0,19605"
"39,00000";"15,61686";"-0,20046"
"39,01000";"15,60175";"-0,19854"
"39,02000";"15,58676";"-0,19514"
"39,03000";"15,57176";"-0,19332"
"39,04000";"15,55677";"-0,18802"
"39,05000";"15,54190";"-0,18667"
"39,06000";"15,52702";"-0,18997"
"39,07000";"15,51203";"-0,19263"
"39,08000";"15,49692";"-0,18687"
"39,09000";"15,48192";"-0,18701"
"39,10000";"15,46705";"-0,18354"
"39,11000";"15,45217";"-0,17761"
"39,12000";"15,43706";"-0,17306"
"39,13000";"15,42207";"-0,17288"
"39,14000";"15,40707";"-0,17555"
"39,15000";"15,39220";"-0,17664"
"39,16000";"15,37709";"-0,17381"
"39,17000";"15,36186";"-0,18037"
"39,18000";"15,34699";"-0,18117"
"39,19000";"15,33199";"-0,17949"
"39,20000";"15,31712";"-0,17796"
"39,21000";"15,30201";"-0,17696"
"39,22000";"15,28701";"-0,17662"
"39,23000";"15,27202";"-0,17222"
"39,24000";"15,25715";"-0,16693"
"39,25000";"15,24203";"-0,16938"
"39,26000";"15,22704";"-0,17705"
"39,27000";"15,21217";"-0,17745"
"39,28000";"15,19717";"-0,17504"
"39,29000";"15,18206";"-0,17488"
"39,30000";"15,16707";"-0,17461"
"39,31000";"15,15219";"-0,17276"
"39,32000";"15,13732";"-0,16484"
"39,33000";"15,12209";"-0,16396"
"39,34000";"15,10698";"-0,16199"
"39,35000";"15,09199";"-0,16013"
"39,36000";"15,07723";"-0,16342"
"39,37000";"15,06212";"-0,16467"
"39,38000";"15,04713";"-0,15819"
"39,39000";"15,03201";"-0,15700"
"39,40000";"15,01702";"-0,15624"
"39,41000";"15,00203";"-0,15440"
"39,42000";"14,98692";"-0,15627"
"39,43000";"14,97204";"-0,15566"
"39,44000";"14,95728";"-0,14725"
"39,45000";"14,94229";"-0,14604"
"39,46000";"14,92718";"-0,14701"
"39,47000";"14,91231";"-0,14517"
"39,48000";"14,89731";"-0,14008"
"39,49000";"14,88232";"-0,13924"
"39,50000";"14,86721";"-0,14170"
"39,51000";"14,85222";"-0,14399"
"39,52000";"14,83734";"-0,14613"
"39,53000";"14,82235";"-0,14608"
"39,54000";"14,80712";"-0,14166"
"39,55000";"14,79201";"-0,14032"
"39,56000";"14,77713";"-0,13891"
"39,57000";"14,76214";"-0,13168"
"39,58000";"14,74714";"-0,12835"
"39,59000";"14,73215";"-0,13243"
"39,60000";"14,71728";"-0,13119"
"39,61000";"14,70228";"-0,13463"
"39,62000";"14,68717";"-0,14064"
"39,63000";"14,67194";"-0,13841"
"39,64000";"14,65695";"-0,13387"
"39,65000";"14,64208";"-0,13433"
"39,66000";"14,62697";"-0,13445"
"39,67000";"14,61197";"-0,13097"
"39,68000";"14,59698";"-0,12614"
"39,69000";"14,58199";"-0,12197"
"39,70000";"14,56687";"-0,12100"
"39,71000";"14,55165";"-0,12945"
"39,72000";"14,53665";"-0,13654"
"39,73000";"14,52190";"-0,13664"
"39,74000";"14,50690";"-0,12532"
"39,75000";"14,49179";"-0,11803"
"39,76000";"14,47680";"-0,11409"
"39,77000";"14,46181";"-0,10736"
"39,78000";"14,44681";"-0,09656"
"39,79000";"14,43170";"-0,08539"
"39,80000";"14,41671";"-0,07617"
"39,81000";"14,40183";"-0,07184"
"39,82000";"14,38696";"-0,06327"
"39,83000";"14,37185";"-0,06504"
"39,84000";"14,35685";"-0,07601"
"39,85000";"14,34198";"-0,08849"
"39,86000";"14,32699";"-0,08759"
"39,87000";"14,31164";"-0,08102"
"39,88000";"14,29665";"-0,08223"
"39,89000";"14,28189";"-0,07759"
"39,90000";"14,26701";"-0,07487"
"39,91000";"14,25214";"-0,07996"
"39,92000";"14,23715";"-0,08779"
"39,93000";"14,22204";"-0,09376"
"39,94000";"14,20692";"-0,09609"
"39,95000";"14,19169";"-0,09616"
"39,96000";"14,17658";"-0,09699"
"39,97000";"14,16183";"-0,09586"
"39,98000";"14,14695";"-0,09380"
"39,99000";"14,13208";"-0,08812"
"40,00000";"14,11685";"-0,08681"
"40,01000";"14,10185";"-0,08786"
"40,02000";"14,08698";"-0,08847"
"40,03000";"14,07187";"-0,09049"
"40,04000";"14,05676";"-0,09301"
"40,05000";"14,04188";"-0,09382"
"40,06000";"14,02713";"-0,09073"
"40,07000";"14,01213";"-0,09286"
"40,08000";"13,99714";"-0,08928"
"40,09000";"13,98226";"-0,08539"
"40,10000";"13,96739";"-0,07957"
"40,11000";"13,95240";"-0,06989"
"40,12000";"13,93729";"-0,06955"
"40,13000";"13,92229";"-0,07821"
"40,14000";"13,90742";"-0,08461"
"40,15000";"13,89242";"-0,08521"
"40,16000";"13,87719";"-0,08257"
"40,17000";"13,86196";"-0,08220"
"40,18000";"13,84697";"-0,08281"
"40,19000";"13,83210";"-0,08117"
"40,20000";"13,81699";"-0,08735"
"40,21000";"13,80199";"-0,09240"
"40,22000";"13,78712";"-0,09233"
"40,23000";"13,77212";"-0,09265"
"40,24000";"13,75701";"-0,08804"
"40,25000";"13,74179";"-0,08441"
"40,26000";"13,72679";"-0,08283"
"40,27000";"13,71180";"-0,07818"
"40,28000";"13,69692";"-0,07685"
"40,29000";"13,68181";"-0,07215"
"40,30000";"13,66706";"-0,07486"
"40,31000";"13,65218";"-0,07533"
"40,32000";"13,63707";"-0,07654"
"40,33000";"13,62196";"-0,07754"
"40,34000";"13,60685";"-0,07940"
"40,35000";"13,59197";"-0,08101"
"40,36000";"13,57698";"-0,08674"
"40,37000";"13,56199";"-0,09546"
"40,38000";"13,54688";"-0,10212"
"40,39000";"13,53200";"-0,09913"
"40,40000";"13,51701";"-0,09234"
"40,41000";"13,50190";"-0,08763"
"40,42000";"13,48678";"-0,08433"
"40,43000";"13,47191";"-0,08881"
"40,44000";"13,45704";"-0,08824"
"40,45000";"13,44192";"-0,08419"
"40,46000";"13,42693";"-0,08112"
"40,47000";"13,41206";"-0,08344"
"40,48000";"13,39706";"-0,08528"
"40,49000";"13,38195";"-0,08307"
"40,50000";"13,36684";"-0,08841"
"40,51000";"13,35185";"-0,09264"
"40,52000";"13,33721";"-0,09143"
"40,53000";"13,32210";"-0,08368"
"40,54000";"13,30699";"-0,08286"
"40,55000";"13,29199";"-0,08757"
"40,56000";"13,27700";"-0,08469"
"40,57000";"13,26189";"-0,08659"
"40,58000";"13,24666";"-0,09401"
"40,59000";"13,23178";"-0,09168"
"40,60000";"13,21691";"-0,08705"
"40,61000";"13,20203";"-0,08609"
"40,62000";"13,18704";"-0,08999"
"40,63000";"13,17193";"-0,09040"
"40,64000";"13,15694";"-0,09711"
"40,65000";"13,14194";"-0,10061"
"40,66000";"13,12671";"-0,10373"
"40,67000";"13,11172";"-0,10582"
"40,68000";"13,09697";"-0,10761"
"40,69000";"13,08209";"-0,11132"
"40,70000";"13,06698";"-0,11633"
"40,71000";"13,05199";"-0,11677"
"40,72000";"13,03699";"-0,11220"
"40,73000";"13,02200";"-0,10945"
"40,74000";"13,00677";"-0,10583"
"40,75000";"12,99178";"-0,10854"
"40,76000";"12,97690";"-0,10828"
"40,77000";"12,96203";"-0,10333"
"40,78000";"12,94703";"-0,09336"
"40,79000";"12,93192";"-0,08797"
"40,80000";"12,91693";"-0,08795"
"40,81000";"12,90205";"-0,08082"
"40,82000";"12,88694";"-0,07753"
"40,83000";"12,87195";"-0,07584"
"40,84000";"12,85708";"-0,08317"
"40,85000";"12,84220";"-0,09079"
"40,86000";"12,82721";"-0,09239"
"40,87000";"12,81210";"-0,09352"
"40,88000";"12,79710";"-0,09374"
"40,89000";"12,78211";"-0,08678"
"40,90000";"12,76700";"-0,07375"
"40,91000";"12,75189";"-0,06550"
"40,92000";"12,73701";"-0,06007"
"40,93000";"12,72214";"-0,05916"
"40,94000";"12,70715";"-0,06745"
"40,95000";"12,69192";"-0,07234"
"40,96000";"12,67681";"-0,07385"
"40,97000";"12,66181";"-0,07047"
"40,98000";"12,64682";"-0,06894"
"40,99000";"12,63183";"-0,07319"
"41,00000";"12,61672";"-0,07423"
"41,01000";"12,60184";"-0,06973"
"41,02000";"12,58697";"-0,06564"
"41,03000";"12,57185";"-0,06547"
"41,04000";"12,55686";"-0,07125"
"41,05000";"12,54187";"-0,07107"
"41,06000";"12,52688";"-0,07141"
"41,07000";"12,51188";"-0,07013"
"41,08000";"12,49689";"-0,07271"
"41,09000";"12,48190";"-0,07989"
"41,10000";"12,46690";"-0,07897"
"41,11000";"12,45191";"-0,07776"
"41,12000";"12,43692";"-0,08124"
"41,13000";"12,42180";"-0,08315"
"41,14000";"12,40693";"-0,08846"
"41,15000";"12,39206";"-0,08159"
"41,16000";"12,37706";"-0,07847"
"41,17000";"12,36207";"-0,07766"
"41,18000";"12,34708";"-0,07993"
"41,19000";"12,33208";"-0,08012"
"41,20000";"12,31697";"-0,07466"
"41,21000";"12,30186";"-0,07100"
"41,22000";"12,28687";"-0,06831"
"41,23000";"12,27199";"-0,06290"
"41,24000";"12,25700";"-0,05808"
"41,25000";"12,24201";"-0,06038"
"41,26000";"12,22701";"-0,06811"
"41,27000";"12,21202";"-0,07592"
"41,28000";"12,19703";"-0,08428"
"41,29000";"12,18180";"-0,09038"
"41,30000";"12,16692";"-0,08721"
"41,31000";"12,15193";"-0,06800"
"41,32000";"12,13706";"-0,05358"
"41,33000";"12,12206";"-0,05316"
"41,34000";"12,10695";"-0,06627"
"41,35000";"12,09208";"-0,07233"
"41,36000";"12,07708";"-0,07513"
"41,37000";"12,06209";"-0,07871"
"41,38000";"12,04710";"-0,07777"
"41,39000";"12,03222";"-0,07720"
"41,40000";"12,01723";"-0,07492"
"41,41000";"12,00212";"-0,07077"
"41,42000";"11,98701";"-0,06686"
"41,43000";"11,97201";"-0,06643"
"41,44000";"11,95702";"-0,06397"
"41,45000";"11,94191";"-0,06650"
"41,46000";"11,92692";"-0,07230"
"41,47000";"11,91204";"-0,07161"
"41,48000";"11,89717";"-0,06488"
"41,49000";"11,88206";"-0,06600"
"41,50000";"11,86695";"-0,07019"
"41,51000";"11,85195";"-0,07675"
"41,52000";"11,83696";"-0,08215"
"41,53000";"11,82185";"-0,07495"
"41,54000";"11,80685";"-0,06496"
"41,55000";"11,79186";"-0,06087"
"41,56000";"11,77699";"-0,06502"
"41,57000";"11,76199";"-0,06677"
"41,58000";"11,74688";"-0,06497"
"41,59000";"11,73189";"-0,07180"
"41,60000";"11,71690";"-0,07662"
"41,61000";"11,70190";"-0,07608"
"41,62000";"11,68691";"-0,07454"
"41,63000";"11,67192";"-0,07577"
"41,64000";"11,65693";"-0,08264"
"41,65000";"11,64193";"-0,08641"
"41,66000";"11,62694";"-0,08308"
"41,67000";"11,61195";"-0,07895"
"41,68000";"11,59683";"-0,08487"
"41,69000";"11,58196";"-0,08278"
"41,70000";"11,56697";"-0,07804"
"41,71000";"11,55197";"-0,08127"
"41,72000";"11,53698";"-0,08751"
"41,73000";"11,52199";"-0,08662"
"41,74000";"11,50699";"-0,08112"
"41,75000";"11,49188";"-0,07792"
"41,76000";"11,47689";"-0,07674"
"41,77000";"11,46190";"-0,06898"
"41,78000";"11,44714";"-0,05969"
"41,79000";"11,43215";"-0,06100"
"41,80000";"11,41715";"-0,06395"
"41,81000";"11,40216";"-0,06971"
"41,82000";"11,38717";"-0,07649"
"41,83000";"11,37206";"-0,07206"
"41,84000";"11,35694";"-0,06321"
"41,85000";"11,34195";"-0,06123"
"41,86000";"11,32696";"-0,05457"
"41,87000";"11,31196";"-0,05585"
"41,88000";"11,29697";"-0,06382"
"41,89000";"11,28198";"-0,06324"
"41,90000";"11,26710";"-0,05500"
"41,91000";"11,25211";"-0,04994"
"41,92000";"11,23700";"-0,05316"
"41,93000";"11,22201";"-0,05757"
"41,94000";"11,20701";"-0,06186"
"41,95000";"11,19190";"-0,06356"
"41,96000";"11,17691";"-0,06963"
"41,97000";"11,16192";"-0,06753"
"41,98000";"11,14692";"-0,06836"
"41,99000";"11,13205";"-0,07405"
"42,00000";"11,11682";"-0,07545"
"42,01000";"11,10194";"-0,07323"
"42,02000";"11,08707";"-0,06597"
"42,03000";"11,07219";"-0,05999"
"42,04000";"11,05708";"-0,06091"
"42,05000";"11,04197";"-0,06240"
"42,06000";"11,02698";"-0,06068"
"42,07000";"11,01199";"-0,05562"
"42,08000";"10,99688";"-0,05682"
"42,09000";"10,98188";"-0,05891"
"42,10000";"10,96701";"-0,06298"
"42,11000";"10,95213";"-0,06699"
"42,12000";"10,93702";"-0,07168"
"42,13000";"10,92191";"-0,06851"
"42,14000";"10,90692";"-0,06896"
"42,15000";"10,89181";"-0,07556"
"42,16000";"10,87681";"-0,08028"
"42,17000";"10,86170";"-0,07544"
"42,18000";"10,84683";"-0,07005"
"42,19000";"10,83195";"-0,06275"
"42,20000";"10,81684";"-0,05064"
"42,21000";"10,80173";"-0,05107"
"42,22000";"10,78686";"-0,06123"
"42,23000";"10,77186";"-0,06617"
"42,24000";"10,75699";"-0,06516"
"42,25000";"10,74199";"-0,05738"
"42,26000";"10,72700";"-0,05975"
"42,27000";"10,71224";"-0,06273"
"42,28000";"10,69737";"-0,05575"
"42,29000";"10,68226";"-0,05473"
"42,30000";"10,66715";"-0,05786"
"42,31000";"10,65215";"-0,06435"
"42,32000";"10,63716";"-0,07549"
"42,33000";"10,62205";"-0,08194"
"42,34000";"10,60706";"-0,08067"
"42,35000";"10,59218";"-0,07566"
"42,36000";"10,57731";"-0,06614"
"42,37000";"10,56219";"-0,05850"
"42,38000";"10,54708";"-0,05234"
"42,39000";"10,53209";"-0,05392"
"42,40000";"10,51722";"-0,06058"
"42,41000";"10,50234";"-0,06753"
"42,42000";"10,48735";"-0,07420"
"42,43000";"10,47235";"-0,07175"
"42,44000";"10,45736";"-0,06963"
"42,45000";"10,44225";"-0,06596"
"42,46000";"10,42714";"-0,05958"
"42,47000";"10,41215";"-0,05418"
"42,48000";"10,39715";"-0,05673"
"42,49000";"10,38216";"-0,06037"
"42,50000";"10,36705";"-0,06311"
"42,51000";"10,35206";"-0,06239"
"42,52000";"10,33706";"-0,06471"
"42,53000";"10,32207";"-0,06314"
"42,54000";"10,30696";"-0,05763"
"42,55000";"10,29185";"-0,06166"
"42,56000";"10,27697";"-0,05690"
"42,57000";"10,26198";"-0,05402"
"42,58000";"10,24699";"-0,05803"
"42,59000";"10,23199";"-0,05899"
"42,60000";"10,21712";"-0,06121"
"42,61000";"10,20224";"-0,05881"
"42,62000";"10,18725";"-0,05287"
"42,63000";"10,17202";"-0,05476"
"42,64000";"10,15703";"-0,06295"
"42,65000";"10,14204";"-0,07054"
"42,66000";"10,12692";"-0,07288"
"42,67000";"10,11181";"-0,07757"
"42,68000";"10,09682";"-0,07577"
"42,69000";"10,08183";"-0,07450"
"42,70000";"10,06671";"-0,07109"
"42,71000";"10,05160";"-0,07200"
"42,72000";"10,03673";"-0,07033"
"42,73000";"10,02197";"-0,06615"
"42,74000";"10,00686";"-0,06708"
"42,75000";"9,99175";"-0,06847"
"42,76000";"9,97688";"-0,06619"
"42,77000";"9,96200";"-0,06775"
"42,78000";"9,94701";"-0,06696"
"42,79000";"9,93190";"-0,06692"
"42,80000";"9,91690";"-0,06741"
"42,81000";"9,90203";"-0,06447"
"42,82000";"9,88703";"-0,05801"
"42,83000";"9,87204";"-0,06085"
"42,84000";"9,85693";"-0,06690"
"42,85000";"9,84194";"-0,06815"
"42,86000";"9,82695";"-0,07216"
"42,87000";"9,81183";"-0,06905"
"42,88000";"9,79684";"-0,06353"
"42,89000";"9,78208";"-0,06049"
"42,90000";"9,76709";"-0,05240"
"42,91000";"9,75198";"-0,05223"
"42,92000";"9,73699";"-0,06218"
"42,93000";"9,72199";"-0,06378"
"42,94000";"9,70712";"-0,05998"
"42,95000";"9,69213";"-0,06412"
"42,96000";"9,67701";"-0,06672"
"42,97000";"9,66202";"-0,06558"
"42,98000";"9,64715";"-0,06164"
"42,99000";"9,63215";"-0,05523"
"43,00000";"9,61704";"-0,05098"
"43,01000";"9,60205";"-0,05392"
"43,02000";"9,58717";"-0,06318"
"43,03000";"9,57218";"-0,07149"
"43,04000";"9,55719";"-0,07793"
"43,05000";"9,54220";"-0,07891"
"43,06000";"9,52732";"-0,06881"
"43,07000";"9,51233";"-0,05816"
"43,08000";"9,49710";"-0,05330"
"43,09000";"9,48199";"-0,05642"
"43,10000";"9,46699";"-0,06613"
"43,11000";"9,45200";"-0,08303"
"43,12000";"9,43689";"-0,09492"
"43,13000";"9,42190";"-0,09847"
"43,14000";"9,40702";"-0,09091"
"43,15000";"9,39203";"-0,08000"
"43,16000";"9,37692";"-0,07261"
"43,17000";"9,36180";"-0,06636"
"43,18000";"9,34693";"-0,06376"
"43,19000";"9,33206";"-0,06598"
"43,20000";"9,31694";"-0,06175"
"43,21000";"9,30195";"-0,06416"
"43,22000";"9,28708";"-0,06899"
"43,23000";"9,27232";"-0,07329"
"43,24000";"9,25721";"-0,07889"
"43,25000";"9,24210";"-0,07775"
"43,26000";"9,22710";"-0,07287"
"43,27000";"9,21211";"-0,06541"
"43,28000";"9,19712";"-0,05631"
"43,29000";"9,18189";"-0,05140"
"43,30000";"9,16690";"-0,05259"
"43,31000";"9,15202";"-0,05346"
"43,32000";"9,13691";"-0,06347"
"43,33000";"9,12180";"-0,06832"
"43,34000";"9,10681";"-0,07622"
"43,35000";"9,09205";"-0,08239"
"43,36000";"9,07717";"-0,08318"
"43,37000";"9,06206";"-0,08810"
"43,38000";"9,04695";"-0,08973"
"43,39000";"9,03196";"-0,08688"
"43,40000";"9,01696";"-0,08051"
"43,41000";"9,00185";"-0,07841"
"43,42000";"8,98674";"-0,07412"
"43,43000";"8,97175";"-0,06982"
"43,44000";"8,95699";"-0,06241"
"43,45000";"8,94200";"-0,06062"
"43,46000";"8,92689";"-0,06424"
"43,47000";"8,91190";"-0,06692"
"43,48000";"8,89702";"-0,07537"
"43,49000";"8,88191";"-0,07463"
"43,50000";"8,86680";"-0,07494"
"43,51000";"8,85192";"-0,07764"
"43,52000";"8,83717";"-0,07200"
"43,53000";"8,82217";"-0,06083"
"43,54000";"8,80694";"-0,05477"
"43,55000";"8,79195";"-0,06210"
"43,56000";"8,77696";"-0,07253"
"43,57000";"8,76185";"-0,08095"
"43,58000";"8,74685";"-0,08742"
"43,59000";"8,73198";"-0,09049"
"43,60000";"8,71722";"-0,08899"
"43,61000";"8,70223";"-0,09800"
"43,62000";"8,68712";"-0,09844"
"43,63000";"8,67213";"-0,09668"
"43,64000";"8,65725";"-0,08924"
"43,65000";"8,64214";"-0,07587"
"43,66000";"8,62703";"-0,06567"
"43,67000";"8,61215";"-0,06607"
"43,68000";"8,59728";"-0,06921"
"43,69000";"8,58228";"-0,06632"
"43,70000";"8,56717";"-0,06963"
"43,71000";"8,55206";"-0,08420"
"43,72000";"8,53695";"-0,10043"
"43,73000";"8,52196";"-0,10659"
"43,74000";"8,50673";"-0,10320"
"43,75000";"8,49174";"-0,08937"
"43,76000";"8,47686";"-0,08070"
"43,77000";"8,46199";"-0,07287"
"43,78000";"8,44687";"-0,07064"
"43,79000";"8,43176";"-0,07262"
"43,80000";"8,41677";"-0,07986"
"43,81000";"8,40178";"-0,08300"
"43,82000";"8,38690";"-0,08090"
"43,83000";"8,37179";"-0,08525"
"43,84000";"8,35680";"-0,08529"
"43,85000";"8,34204";"-0,07521"
"43,86000";"8,32705";"-0,07435"
"43,87000";"8,31194";"-0,07691"
"43,88000";"8,29683";"-0,08470"
"43,89000";"8,28183";"-0,09082"
"43,90000";"8,26696";"-0,09012"
"43,91000";"8,25185";"-0,08963"
"43,92000";"8,23685";"-0,09240"
"43,93000";"8,22186";"-0,09337"
"43,94000";"8,20699";"-0,09289"
"43,95000";"8,19188";"-0,08834"
"43,96000";"8,17676";"-0,08511"
"43,97000";"8,16189";"-0,08812"
"43,98000";"8,14701";"-0,09654"
"43,99000";"8,13202";"-0,09573"
"44,00000";"8,11703";"-0,09813"
"44,01000";"8,10204";"-0,09991"
"44,02000";"8,08704";"-0,10487"
"44,03000";"8,07193";"-0,10356"
"44,04000";"8,05682";"-0,10064"
"44,05000";"8,04183";"-0,09259"
"44,06000";"8,02695";"-0,08691"
"44,07000";"8,01208";"-0,08418"
"44,08000";"7,99708";"-0,08154"
"44,09000";"7,98197";"-0,07985"
"44,10000";"7,96710";"-0,07694"
"44,11000";"7,95210";"-0,07777"
"44,12000";"7,93699";"-0,08725"
"44,13000";"7,92200";"-0,09298"
"44,14000";"7,90701";"-0,09656"
"44,15000";"7,89213";"-0,09958"
"44,16000";"7,87714";"-0,09936"
"44,17000";"7,86203";"-0,10675"
"44,18000";"7,84704";"-0,11557"
"44,19000";"7,83204";"-0,10969"
"44,20000";"7,81693";"-0,09812"
"44,21000";"7,80194";"-0,09342"
"44,22000";"7,78694";"-0,09601"
"44,23000";"7,77219";"-0,10374"
"44,24000";"7,75719";"-0,10820"
"44,25000";"7,74208";"-0,10611"
"44,26000";"7,72709";"-0,09920"
"44,27000";"7,71222";"-0,09602"
"44,28000";"7,69710";"-0,09160"
"44,29000";"7,68199";"-0,09171"
"44,30000";"7,66700";"-0,09439"
"44,31000";"7,65212";"-0,09796"
"44,32000";"7,63713";"-0,09866"
"44,33000";"7,62202";"-0,10421"
"44,34000";"7,60691";"-0,10449"
"44,35000";"7,59192";"-0,09714"
"44,36000";"7,57681";"-0,10115"
"44,37000";"7,56181";"-0,10592"
"44,38000";"7,54682";"-0,10696"
"44,39000";"7,53194";"-0,10260"
"44,40000";"7,51695";"-0,10111"
"44,41000";"7,50196";"-0,09804"
"44,42000";"7,48697";"-0,09507"
"44,43000";"7,47197";"-0,09713"
"44,44000";"7,45686";"-0,09589"
"44,45000";"7,44187";"-0,10049"
"44,46000";"7,42676";"-0,10607"
"44,47000";"7,41188";"-0,11102"
"44,48000";"7,39701";"-0,11454"
"44,49000";"7,38190";"-0,11233"
"44,50000";"7,36679";"-0,11319"
"44,51000";"7,35179";"-0,10802"
"44,52000";"7,33680";"-0,09907"
"44,53000";"7,32181";"-0,09060"
"44,54000";"7,30681";"-0,09109"
"44,55000";"7,29194";"-0,09356"
"44,56000";"7,27706";"-0,10154"
"44,57000";"7,26207";"-0,09985"
"44,58000";"7,24696";"-0,09502"
"44,59000";"7,23185";"-0,09949"
"44,60000";"7,21685";"-0,10456"
"44,61000";"7,20198";"-0,10656"
"44,62000";"7,18699";"-0,11020"
"44,63000";"7,17199";"-0,10859"
"44,64000";"7,15712";"-0,11002"
"44,65000";"7,14212";"-0,10806"
"44,66000";"7,12713";"-0,10827"
"44,67000";"7,11202";"-0,11177"
"44,68000";"7,09691";"-0,11126"
"44,69000";"7,08204";"-0,11034"
"44,70000";"7,06704";"-0,10744"
"44,71000";"7,05205";"-0,10474"
"44,72000";"7,03694";"-0,09830"
"44,73000";"7,02194";"-0,09894"
"44,74000";"7,00695";"-0,10216"
"44,75000";"6,99184";"-0,10217"
"44,76000";"6,97697";"-0,09437"
"44,77000";"6,96221";"-0,09637"
"44,78000";"6,94722";"-0,10088"
"44,79000";"6,93222";"-0,09957"
"44,80000";"6,91723";"-0,09744"
"44,81000";"6,90224";"-0,09561"
"44,82000";"6,88724";"-0,09532"
"44,83000";"6,87213";"-0,10398"
"44,84000";"6,85714";"-0,11603"
"44,85000";"6,84203";"-0,11960"
"44,86000";"6,82703";"-0,11544"
"44,87000";"6,81204";"-0,10845"
"44,88000";"6,79693";"-0,10904"
"44,89000";"6,78194";"-0,10862"
"44,90000";"6,76694";"-0,11160"
"44,91000";"6,75183";"-0,11684"
"44,92000";"6,73672";"-0,11065"
"44,93000";"6,72185";"-0,11080"
"44,94000";"6,70697";"-0,11330"
"44,95000";"6,69198";"-0,11341"
"44,96000";"6,67699";"-0,10792"
"44,97000";"6,66199";"-0,11334"
"44,98000";"6,64700";"-0,11962"
"44,99000";"6,63189";"-0,12388"
"45,00000";"6,61678";"-0,11699"
"45,01000";"6,60190";"-0,10688"
"45,02000";"6,58715";"-0,09894"
"45,03000";"6,57215";"-0,09190"
"45,04000";"6,55704";"-0,08768"
"45,05000";"6,54205";"-0,09918"
"45,06000";"6,52706";"-0,10532"
"45,07000";"6,51194";"-0,10332"
"45,08000";"6,49695";"-0,10116"
"45,09000";"6,48208";"-0,10517"
"45,10000";"6,46720";"-0,11199"
"45,11000";"6,45233";"-0,10895"
"45,12000";"6,43722";"-0,10184"
"45,13000";"6,42210";"-0,09984"
"45,14000";"6,40699";"-0,10926"
"45,15000";"6,39200";"-0,11794"
"45,16000";"6,37689";"-0,12074"
"45,17000";"6,36190";"-0,12684"
"45,18000";"6,34702";"-0,12706"
"45,19000";"6,33203";"-0,11755"
"45,20000";"6,31703";"-0,10423"
"45,21000";"6,30192";"-0,08953"
"45,22000";"6,28681";"-0,08205"
"45,23000";"6,27194";"-0,08082"
"45,24000";"6,25694";"-0,08232"
"45,25000";"6,24195";"-0,09058"
"45,26000";"6,22696";"-0,10517"
"45,27000";"6,21208";"-0,11411"
"45,28000";"6,19697";"-0,11551"
"45,29000";"6,18186";"-0,11092"
"45,30000";"6,16675";"-0,10221"
"45,31000";"6,15176";"-0,09744"
"45,32000";"6,13676";"-0,08758"
"45,33000";"6,12177";"-0,08247"
"45,34000";"6,10690";"-0,08878"
"45,35000";"6,09202";"-0,09492"
"45,36000";"6,07703";"-0,09500"
"45,37000";"6,06215";"-0,09581"
"45,38000";"6,04716";"-0,09506"
"45,39000";"6,03217";"-0,09821"
"45,40000";"6,01717";"-0,09791"
"45,41000";"6,00218";"-0,09961"
"45,42000";"5,98707";"-0,09898"
"45,43000";"5,97208";"-0,09931"
"45,44000";"5,95708";"-0,09402"
"45,45000";"5,94197";"-0,08526"
"45,46000";"5,92686";"-0,08431"
"45,47000";"5,91187";"-0,08666"
"45,48000";"5,89699";"-0,08786"
"45,49000";"5,88212";"-0,08467"
"45,50000";"5,86701";"-0,07145"
"45,51000";"5,85201";"-0,06022"
"45,52000";"5,83702";"-0,05137"
"45,53000";"5,82203";"-0,04066"
"45,54000";"5,80692";"-0,03306"
"45,55000";"5,79192";"-0,02989"
"45,56000";"5,77729";"-0,03012"
"45,57000";"5,76229";"-0,02919"
"45,58000";"5,74718";"-0,02863"
"45,59000";"5,73231";"-0,03095"
"45,60000";"5,71731";"-0,03001"
"45,61000";"5,70232";"-0,03248"
"45,62000";"5,68709";"-0,02989"
"45,63000";"5,67186";"-0,03154"
"45,64000";"5,65687";"-0,03114"
"45,65000";"5,64199";"-0,02566"
"45,66000";"5,62688";"-0,01817"
"45,67000";"5,61177";"-0,02090"
"45,68000";"5,59678";"-0,02755"
"45,69000";"5,58179";"-0,03107"
"45,70000";"5,56679";"-0,03963"
"45,71000";"5,55180";"-0,04429"
"45,72000";"5,53692";"-0,04653"
"45,73000";"5,52205";"-0,04045"
"45,74000";"5,50717";"-0,03403"
"45,75000";"5,49206";"-0,03290"
"45,76000";"5,47695";"-0,03490"
"45,77000";"5,46208";"-0,03363"
"45,78000";"5,44697";"-0,03726"
"45,79000";"5,43185";"-0,04278"
"45,80000";"5,41698";"-0,04095"
"45,81000";"5,40210";"-0,03243"
"45,82000";"5,38723";"-0,02265"
"45,83000";"5,37212";"-0,01582"
"45,84000";"5,35713";"-0,01528"
"45,85000";"5,34213";"-0,02115"
"45,86000";"5,32714";"-0,02057"
"45,87000";"5,31215";"-0,01675"
"45,88000";"5,29715";"-0,01320"
"45,89000";"5,28228";"-0,01983"
"45,90000";"5,26717";"-0,02792"
"45,91000";"5,25206";"-0,03624"
"45,92000";"5,23694";"-0,04388"
"45,93000";"5,22195";"-0,04659"
"45,94000";"5,20696";"-0,04266"
"45,95000";"5,19185";"-0,03346"
"45,96000";"5,17685";"-0,03027"
"45,97000";"5,16198";"-0,02932"
"45,98000";"5,14722";"-0,03253"
"45,99000";"5,13211";"-0,03515"
"46,00000";"5,11700";"-0,03258"
"46,01000";"5,10201";"-0,02868"
"46,02000";"5,08701";"-0,01745"
"46,03000";"5,07214";"-0,00680"
"46,04000";"5,05715";"-0,00650"
"46,05000";"5,04215";"-0,01033"
"46,06000";"5,02716";"-0,00723"
"46,07000";"5,01217";"-0,00732"
"46,08000";"4,99694";"-0,01949"
"46,09000";"4,98183";"-0,03116"
"46,10000";"4,96683";"-0,03534"
"46,11000";"4,95184";"-0,03391"
"46,12000";"4,93673";"-0,02652"
"46,13000";"4,92185";"-0,01966"
"46,14000";"4,90686";"-0,01830"
"46,15000";"4,89199";"-0,01469"
"46,16000";"4,87688";"-0,01554"
"46,17000";"4,86176";"-0,02041"
"46,18000";"4,84677";"-0,02618"
"46,19000";"4,83201";"-0,02395"
"46,20000";"4,81714";"-0,02067"
"46,21000";"4,80203";"-0,01718"
"46,22000";"4,78703";"-0,02217"
"46,23000";"4,77216";"-0,01491"
"46,24000";"4,75705";"-0,00492"
"46,25000";"4,74194";"-0,00338"
"46,26000";"4,72694";"-0,00709"
"46,27000";"4,71207";"-0,01230"
"46,28000";"4,69719";"-0,01394"
"46,29000";"4,68208";"-0,01169"
"46,30000";"4,66709";"-0,01497"
"46,31000";"4,65222";"-0,01988"
"46,32000";"4,63722";"-0,01370"
"46,33000";"4,62211";"-0,00653"
"46,34000";"4,60688";"-0,01263"
"46,35000";"4,59201";"-0,01721"
"46,36000";"4,57713";"-0,01915"
"46,37000";"4,56214";"-0,02143"
"46,38000";"4,54715";"-0,01727"
"46,39000";"4,53227";"-0,01319"
"46,40000";"4,51740";"-0,01064"
"46,41000";"4,50228";"-0,01317"
"46,42000";"4,48717";"-0,01960"
"46,43000";"4,47230";"-0,02469"
"46,44000";"4,45742";"-0,02561"
"46,45000";"4,44243";"-0,02146"
"46,46000";"4,42720";"-0,01805"
"46,47000";"4,41221";"-0,02194"
"46,48000";"4,39710";"-0,01853"
"46,49000";"4,38199";"-0,01488"
"46,50000";"4,36687";"-0,01764"
"46,51000";"4,35188";"-0,01751"
"46,52000";"4,33712";"-0,01700"
"46,53000";"4,32213";"-0,01127"
"46,54000";"4,30702";"-0,00768"
"46,55000";"4,29203";"-0,01372"
"46,56000";"4,27715";"-0,02394"
"46,57000";"4,26216";"-0,03196"
"46,58000";"4,24717";"-0,02819"
"46,59000";"4,23217";"-0,02259"
"46,60000";"4,21742";"-0,02193"
"46,61000";"4,20254";"-0,02073"
"46,62000";"4,18731";"-0,01564"
"46,63000";"4,17220";"-0,01605"
"46,64000";"4,15721";"-0,01973"
"46,65000";"4,14222";"-0,02062"
"46,66000";"4,12710";"-0,02611"
"46,67000";"4,11199";"-0,03126"
"46,68000";"4,09712";"-0,03364"
"46,69000";"4,08213";"-0,03089"
"46,70000";"4,06701";"-0,02268"
"46,71000";"4,05190";"-0,01677"
"46,72000";"4,03691";"-0,01356"
"46,73000";"4,02203";"-0,01104"
"46,74000";"4,00704";"-0,01232"
"46,75000";"3,99193";"-0,01867"
"46,76000";"3,97694";"-0,02211"
"46,77000";"3,96206";"-0,02662"
"46,78000";"3,94695";"-0,03029"
"46,79000";"3,93172";"-0,03032"
"46,80000";"3,91661";"-0,03548"
"46,81000";"3,90185";"-0,04057"
"46,82000";"3,88698";"-0,04203"
"46,83000";"3,87175";"-0,04021"
"46,84000";"3,85664";"-0,03561"
"46,85000";"3,84165";"-0,02644"
"46,86000";"3,82665";"-0,02290"
"46,87000";"3,81142";"-0,02345"
"46,88000";"3,79643";"-0,02454"
"46,89000";"3,78167";"-0,02052"
"46,90000";"3,76692";"-0,01765"
"46,91000";"3,75181";"-0,01732"
"46,92000";"3,73681";"-0,01283"
"46,93000";"3,72182";"-0,01655"
"46,94000";"3,70683";"-0,01968"
"46,95000";"3,69172";"-0,02283"
"46,96000";"3,67649";"-0,02661"
"46,97000";"3,66173";"-0,02903"
"46,98000";"3,64685";"-0,02930"
"46,99000";"3,63198";"-0,03173"
"47,00000";"3,61699";"-0,02732"
"47,01000";"3,60199";"-0,02526"
"47,02000";"3,58712";"-0,03234"
"47,03000";"3,57212";"-0,03558"
"47,04000";"3,55690";"-0,04094"
"47,05000";"3,54202";"-0,04075"
"47,06000";"3,52726";"-0,03211"
"47,07000";"3,51227";"-0,02007"
"47,08000";"3,49704";"-0,01602"
"47,09000";"3,48193";"-0,01511"
"47,10000";"3,46694";"-0,00969"
"47,11000";"3,45194";"-0,01211"
"47,12000";"3,43683";"-0,02063"
"47,13000";"3,42196";"-0,02815"
"47,14000";"3,40720";"-0,03216"
"47,15000";"3,39221";"-0,03014"
"47,16000";"3,37710";"-0,03077"
"47,17000";"3,36199";"-0,03775"
"47,18000";"3,34711";"-0,03824"
"47,19000";"3,33212";"-0,03375"
"47,20000";"3,31701";"-0,01372"
"47,21000";"3,30190";"-0,00485"
"47,22000";"3,28702";"-0,00815"
"47,23000";"3,27226";"-0,00649"
"47,24000";"3,25715";"-0,01063"
"47,25000";"3,24204";"-0,01815"
"47,26000";"3,22693";"-0,02928"
"47,27000";"3,21194";"-0,03688"
"47,28000";"3,19694";"-0,02854"
"47,29000";"3,18195";"-0,02090"
"47,30000";"3,16696";"-0,02284"
"47,31000";"3,15197";"-0,01761"
"47,32000";"3,13697";"-0,01696"
"47,33000";"3,12186";"-0,01495"
"47,34000";"3,10687";"-0,01435"
"47,35000";"3,09199";"-0,01465"
"47,36000";"3,07700";"-0,01487"
"47,37000";"3,06201";"-0,01741"
"47,38000";"3,04701";"-0,02416"
"47,39000";"3,03214";"-0,02746"
"47,40000";"3,01703";"-0,03237"
"47,41000";"3,00192";"-0,03369"
"47,42000";"2,98681";"-0,03363"
"47,43000";"2,97181";"-0,03451"
"47,44000";"2,95694";"-0,03042"
"47,45000";"2,94206";"-0,01891"
"47,46000";"2,92707";"-0,01425"
"47,47000";"2,91208";"-0,01443"
"47,48000";"2,89708";"-0,02214"
"47,49000";"2,88197";"-0,03017"
"47,50000";"2,86686";"-0,03507"
"47,51000";"2,85187";"-0,03934"
"47,52000";"2,83699";"-0,04204"
"47,53000";"2,82200";"-0,04238"
"47,54000";"2,80701";"-0,03758"
"47,55000";"2,79201";"-0,03175"
"47,56000";"2,77702";"-0,02672"
"47,57000";"2,76191";"-0,02691"
"47,58000";"2,74680";"-0,02815"
"47,59000";"2,73181";"-0,02971"
"47,60000";"2,71693";"-0,02845"
"47,61000";"2,70206";"-0,03117"
"47,62000";"2,68694";"-0,02738"
"47,63000";"2,67195";"-0,01917"
"47,64000";"2,65696";"-0,01873"
"47,65000";"2,64197";"-0,01821"
"47,66000";"2,62685";"-0,02446"
"47,67000";"2,61174";"-0,02742"
"47,68000";"2,59687";"-0,02779"
"47,69000";"2,58199";"-0,02722"
"47,70000";"2,56700";"-0,02318"
"47,71000";"2,55189";"-0,02115"
"47,72000";"2,53690";"-0,02317"
"47,73000";"2,52190";"-0,02235"
"47,74000";"2,50679";"-0,01933"
"47,75000";"2,49180";"-0,02649"
"47,76000";"2,47704";"-0,03021"
"47,77000";"2,46217";"-0,03157"
"47,78000";"2,44717";"-0,02651"
"47,79000";"2,43206";"-0,03025"
"47,80000";"2,41695";"-0,03599"
"47,81000";"2,40196";"-0,03403"
"47,82000";"2,38685";"-0,02946"
"47,83000";"2,37162";"-0,03349"
"47,84000";"2,35674";"-0,03970"
"47,85000";"2,34187";"-0,03474"
"47,86000";"2,32699";"-0,03077"
"47,87000";"2,31200";"-0,03318"
"47,88000";"2,29701";"-0,03149"
"47,89000";"2,28201";"-0,03272"
"47,90000";"2,26702";"-0,03416"
"47,91000";"2,25203";"-0,03347"
"47,92000";"2,23715";"-0,03563"
"47,93000";"2,22228";"-0,04474"
"47,94000";"2,20728";"-0,05283"
"47,95000";"2,19217";"-0,05796"
"47,96000";"2,17706";"-0,05727"
"47,97000";"2,16207";"-0,04876"
"47,98000";"2,14696";"-0,04093"
"47,99000";"2,13197";"-0,03982"
"48,00000";"2,11697";"-0,04087"
"48,01000";"2,10198";"-0,03749"
"48,02000";"2,08699";"-0,03258"
"48,03000";"2,07188";"-0,03611"
"48,04000";"2,05676";"-0,03395"
"48,05000";"2,04177";"-0,03709"
"48,06000";"2,02678";"-0,03731"
"48,07000";"2,01178";"-0,03591"
"48,08000";"1,99679";"-0,03377"
"48,09000";"1,98192";"-0,03254"
"48,10000";"1,96704";"-0,03385"
"48,11000";"1,95205";"-0,03799"
"48,12000";"1,93694";"-0,04024"
"48,13000";"1,92194";"-0,04456"
"48,14000";"1,90695";"-0,04634"
"48,15000";"1,89196";"-0,05804"
"48,16000";"1,87697";"-0,05984"
"48,17000";"1,86197";"-0,05535"
"48,18000";"1,84710";"-0,05392"
"48,19000";"1,83210";"-0,04610"
"48,20000";"1,81699";"-0,03698"
"48,21000";"1,80188";"-0,02757"
"48,22000";"1,78689";"-0,02458"
"48,23000";"1,77201";"-0,02668"
"48,24000";"1,75702";"-0,03025"
"48,25000";"1,74203";"-0,04003"
"48,26000";"1,72703";"-0,05092"
"48,27000";"1,71204";"-0,04744"
"48,28000";"1,69705";"-0,04069"
"48,29000";"1,68194";"-0,04075"
"48,30000";"1,66694";"-0,03989"
"48,31000";"1,65195";"-0,03584"
"48,32000";"1,63708";"-0,03237"
"48,33000";"1,62208";"-0,03671"
"48,34000";"1,60697";"-0,04195"
"48,35000";"1,59210";"-0,04064"
"48,36000";"1,57710";"-0,03246"
"48,37000";"1,56199";"-0,02861"
"48,38000";"1,54712";"-0,03041"
"48,39000";"1,53212";"-0,04102"
"48,40000";"1,51725";"-0,05133"
"48,41000";"1,50214";"-0,05542"
"48,42000";"1,48691";"-0,04579"
"48,43000";"1,47192";"-0,02974"
"48,44000";"1,45681";"-0,02263"
"48,45000";"1,44169";"-0,02368"
"48,46000";"1,42670";"-0,03274"
"48,47000";"1,41183";"-0,03772"
"48,48000";"1,39695";"-0,03760"
"48,49000";"1,38208";"-0,03702"
"48,50000";"1,36697";"-0,03701"
"48,51000";"1,35185";"-0,03731"
"48,52000";"1,33686";"-0,03862"
"48,53000";"1,32187";"-0,03270"
"48,54000";"1,30687";"-0,03124"
"48,55000";"1,29188";"-0,03534"
"48,56000";"1,27701";"-0,03606"
"48,57000";"1,26213";"-0,03734"
"48,58000";"1,24714";"-0,03576"
"48,59000";"1,23215";"-0,03863"
"48,60000";"1,21715";"-0,04383"
"48,61000";"1,20216";"-0,04083"
"48,62000";"1,18705";"-0,03771"
"48,63000";"1,17206";"-0,03149"
"48,64000";"1,15706";"-0,02868"
"48,65000";"1,14207";"-0,03152"
"48,66000";"1,12696";"-0,03453"
"48,67000";"1,11185";"-0,03145"
"48,68000";"1,09685";"-0,02956"
"48,69000";"1,08198";"-0,03400"
"48,70000";"1,06699";"-0,03697"
"48,71000";"1,05211";"-0,04318"
"48,72000";"1,03700";"-0,04549"
"48,73000";"1,02213";"-0,04564"
"48,74000";"1,00701";"-0,04244"
"48,75000";"0,99202";"-0,03897"
"48,76000";"0,97691";"-0,03770"
"48,77000";"0,96203";"-0,03736"
"48,78000";"0,94704";"-0,03260"
"48,79000";"0,93205";"-0,02790"
"48,80000";"0,91706";"-0,03104"
"48,81000";"0,90206";"-0,03411"
"48,82000";"0,88707";"-0,04152"
"48,83000";"0,87196";"-0,04480"
"48,84000";"0,85685";"-0,04627"
"48,85000";"0,84185";"-0,04291"
"48,86000";"0,82698";"-0,04426"
"48,87000";"0,81199";"-0,04722"
"48,88000";"0,79699";"-0,04470"
"48,89000";"0,78212";"-0,04669"
"48,90000";"0,76724";"-0,04346"
"48,91000";"0,75225";"-0,04060"
"48,92000";"0,73714";"-0,03411"
"48,93000";"0,72215";"-0,02787"
"48,94000";"0,70727";"-0,02764"
"48,95000";"0,69216";"-0,02797"
"48,96000";"0,67705";"-0,03338"
"48,97000";"0,66206";"-0,03683"
"48,98000";"0,64718";"-0,03669"
"48,99000";"0,63219";"-0,03417"
"49,00000";"0,61696";"-0,03178"
"49,01000";"0,60197";"-0,03552"
"49,02000";"0,58709";"-0,03635"
"49,03000";"0,57210";"-0,03465"
"49,04000";"0,55687";"-0,03618"
"49,05000";"0,54188";"-0,04051"
"49,06000";"0,52688";"-0,04769"
"49,07000";"0,51189";"-0,04756"
"49,08000";"0,49678";"-0,04297"
"49,09000";"0,48167";"-0,03903"
"49,10000";"0,46691";"-0,03183"
"49,11000";"0,45203";"-0,03208"
"49,12000";"0,43704";"-0,04046"
"49,13000";"0,42193";"-0,04910"
"49,14000";"0,40694";"-0,04660"
"49,15000";"0,39194";"-0,04494"
"49,16000";"0,37683";"-0,04200"
"49,17000";"0,36172";"-0,03691"
"49,18000";"0,34685";"-0,03840"
"49,19000";"0,33197";"-0,03829"
"49,20000";"0,31698";"-0,02656"
"49,21000";"0,30199";"-0,01903"
"49,22000";"0,28699";"-0,01967"
"49,23000";"0,27212";"-0,02551"
"49,24000";"0,25701";"-0,02799"
"49,25000";"0,24190";"-0,03064"
"49,26000";"0,22690";"-0,03644"
"49,27000";"0,21203";"-0,03165"
"49,28000";"0,19703";"-0,02680"
"49,29000";"0,18192";"-0,03273"
"49,30000";"0,16681";"-0,03256"
"49,31000";"0,15182";"-0,03087"
"49,32000";"0,13694";"-0,02912"
"49,33000";"0,12195";"-0,03535"
"49,34000";"0,10719";"-0,04265"
"49,35000";"0,09232";"-0,04314"
"49,36000";"0,07733";"-0,03882"
"49,37000";"0,06233";"-0,03461"
"49,38000";"0,04722";"-0,03099"
"49,39000";"0,03223";"-0,03266"
"49,40000";"0,01724";"-0,03149"
"49,41000";"0,00213";"-0,02935"
"49,41200";"-0,00083";"-0,02969"
