Hardness 1 : Kraftbei  Hardness 1;"370,76978";N
A1 : A1;"0,91799";J
A2 : A2;"0,11073";J
Springiness : Springiness;"0,00066";m
Cohesiveness : Cohesiveness;"0,12062";
Chewiness : Chewiness;"0,02932";J

Zeit;Traversenweg;Kraft
(s);(mm);(N)
"0,00000";"0,00000";"0,01745"
"0,01000";"0,00094";"0,01894"
"0,02000";"0,00567";"0,02091"
"0,03000";"0,01629";"0,03959"
"0,04000";"0,03140";"0,05795"
"0,05000";"0,04899";"0,06539"
"0,06000";"0,06788";"0,06070"
"0,07000";"0,08713";"0,05648"
"0,08000";"0,10590";"0,05223"
"0,09000";"0,12443";"0,04752"
"0,10000";"0,14226";"0,03554"
"0,11000";"0,15938";"0,02444"
"0,12000";"0,17626";"0,01690"
"0,13000";"0,19267";"0,01650"
"0,14000";"0,20884";"0,01819"
"0,15000";"0,22478";"0,01731"
"0,16000";"0,24048";"0,01813"
"0,17000";"0,25594";"0,00934"
"0,18000";"0,27141";"0,00136"
"0,19000";"0,28664";"-0,00371"
"0,20000";"0,30187";"-0,00043"
"0,21000";"0,31722";"0,00315"
"0,22000";"0,33256";"0,00372"
"0,23000";"0,34767";"0,00436"
"0,24000";"0,36278";"0,00178"
"0,25000";"0,37778";"0,00410"
"0,26000";"0,39265";"0,00345"
"0,27000";"0,40776";"0,00440"
"0,28000";"0,42288";"0,00188"
"0,29000";"0,43799";"-0,00054"
"0,30000";"0,45310";"0,00049"
"0,31000";"0,46809";"0,00127"
"0,32000";"0,48308";"-0,00178"
"0,33000";"0,49808";"0,00240"
"0,34000";"0,51295";"0,00212"
"0,35000";"0,52794";"0,00259"
"0,36000";"0,54294";"-0,00020"
"0,37000";"0,55805";"0,00371"
"0,38000";"0,57304";"0,01050"
"0,39000";"0,58803";"0,01732"
"0,40000";"0,60303";"0,01817"
"0,41000";"0,61802";"0,01409"
"0,42000";"0,63313";"0,00858"
"0,43000";"0,64812";"0,00659"
"0,44000";"0,66312";"0,01562"
"0,45000";"0,67823";"0,02498"
"0,46000";"0,69322";"0,02976"
"0,47000";"0,70810";"0,02503"
"0,48000";"0,72309";"0,02255"
"0,49000";"0,73820";"0,02175"
"0,50000";"0,75308";"0,01590"
"0,51000";"0,76819";"0,01230"
"0,52000";"0,78318";"0,00960"
"0,53000";"0,79817";"0,00352"
"0,54000";"0,81328";"0,00185"
"0,55000";"0,82816";"0,00374"
"0,56000";"0,84303";"0,00188"
"0,57000";"0,85791";"0,00866"
"0,58000";"0,87278";"0,01475"
"0,59000";"0,88778";"0,02090"
"0,60000";"0,90289";"0,02128"
"0,61000";"0,91788";"0,02023"
"0,62000";"0,93299";"0,02041"
"0,63000";"0,94810";"0,02366"
"0,64000";"0,96310";"0,02400"
"0,65000";"0,97797";"0,02297"
"0,66000";"0,99297";"0,01935"
"0,67000";"1,00808";"0,01400"
"0,68000";"1,02307";"0,01423"
"0,69000";"1,03818";"0,01438"
"0,70000";"1,05317";"0,01658"
"0,71000";"1,06817";"0,01654"
"0,72000";"1,08316";"0,01130"
"0,73000";"1,09815";"0,00671"
"0,74000";"1,11303";"0,00893"
"0,75000";"1,12802";"0,00512"
"0,76000";"1,14301";"-0,00207"
"0,77000";"1,15801";"0,00513"
"0,78000";"1,17300";"0,01395"
"0,79000";"1,18799";"0,01788"
"0,80000";"1,20299";"0,02105"
"0,81000";"1,21798";"0,01611"
"0,82000";"1,23297";"0,01686"
"0,83000";"1,24797";"0,02089"
"0,84000";"1,26308";"0,02036"
"0,85000";"1,27819";"0,01990"
"0,86000";"1,29306";"0,01111"
"0,87000";"1,30806";"0,00126"
"0,88000";"1,32305";"-0,00860"
"0,89000";"1,33792";"-0,01188"
"0,90000";"1,35292";"-0,01139"
"0,91000";"1,36791";"-0,00399"
"0,92000";"1,38302";"0,00530"
"0,93000";"1,39813";"0,01158"
"0,94000";"1,41313";"0,01354"
"0,95000";"1,42812";"0,01890"
"0,96000";"1,44311";"0,01624"
"0,97000";"1,45799";"0,01427"
"0,98000";"1,47286";"0,01474"
"0,99000";"1,48785";"0,01923"
"1,00000";"1,50285";"0,01633"
"1,01000";"1,51784";"0,01219"
"1,02000";"1,53283";"0,00507"
"1,03000";"1,54783";"-0,00005"
"1,04000";"1,56282";"0,00185"
"1,05000";"1,57781";"0,00418"
"1,06000";"1,59292";"0,01228"
"1,07000";"1,60792";"0,01411"
"1,08000";"1,62303";"0,01576"
"1,09000";"1,63802";"0,01963"
"1,10000";"1,65301";"0,01917"
"1,11000";"1,66789";"0,01825"
"1,12000";"1,68300";"0,02288"
"1,13000";"1,69788";"0,02741"
"1,14000";"1,71287";"0,02543"
"1,15000";"1,72798";"0,01645"
"1,16000";"1,74297";"0,00747"
"1,17000";"1,75797";"0,00207"
"1,18000";"1,77296";"0,00757"
"1,19000";"1,78795";"0,01526"
"1,20000";"1,80294";"0,01764"
"1,21000";"1,81782";"0,01615"
"1,22000";"1,83293";"0,02291"
"1,23000";"1,84792";"0,02721"
"1,24000";"1,86292";"0,02734"
"1,25000";"1,87791";"0,02820"
"1,26000";"1,89302";"0,02775"
"1,27000";"1,90801";"0,02550"
"1,28000";"1,92301";"0,01832"
"1,29000";"1,93776";"0,01436"
"1,30000";"1,95264";"0,01105"
"1,31000";"1,96775";"0,01055"
"1,32000";"1,98286";"0,01401"
"1,33000";"1,99797";"0,02064"
"1,34000";"2,01285";"0,01955"
"1,35000";"2,02796";"0,01759"
"1,36000";"2,04283";"0,01100"
"1,37000";"2,05783";"0,00539"
"1,38000";"2,07294";"0,00050"
"1,39000";"2,08793";"-0,00055"
"1,40000";"2,10292";"0,00009"
"1,41000";"2,11803";"0,00080"
"1,42000";"2,13303";"0,00725"
"1,43000";"2,14802";"0,01519"
"1,44000";"2,16301";"0,01727"
"1,45000";"2,17813";"0,01615"
"1,46000";"2,19324";"0,01693"
"1,47000";"2,20823";"0,01895"
"1,48000";"2,22322";"0,02752"
"1,49000";"2,23810";"0,02913"
"1,50000";"2,25309";"0,02920"
"1,51000";"2,26808";"0,02125"
"1,52000";"2,28284";"0,01219"
"1,53000";"2,29772";"0,00298"
"1,54000";"2,31259";"0,00198"
"1,55000";"2,32758";"0,00879"
"1,56000";"2,34258";"0,02028"
"1,57000";"2,35757";"0,02809"
"1,58000";"2,37268";"0,03118"
"1,59000";"2,38779";"0,02848"
"1,60000";"2,40278";"0,01814"
"1,61000";"2,41778";"0,01419"
"1,62000";"2,43301";"0,00784"
"1,63000";"2,44812";"0,00186"
"1,64000";"2,46323";"0,00589"
"1,65000";"2,47822";"0,01267"
"1,66000";"2,49333";"0,01023"
"1,67000";"2,50844";"0,01122"
"1,68000";"2,52332";"0,01558"
"1,69000";"2,53819";"0,01901"
"1,70000";"2,55319";"0,02052"
"1,71000";"2,56806";"0,01977"
"1,72000";"2,58306";"0,01722"
"1,73000";"2,59805";"0,00753"
"1,74000";"2,61304";"-0,00279"
"1,75000";"2,62803";"-0,00175"
"1,76000";"2,64279";"-0,00261"
"1,77000";"2,65778";"-0,00292"
"1,78000";"2,67290";"-0,00017"
"1,79000";"2,68777";"0,00224"
"1,80000";"2,70265";"0,00839"
"1,81000";"2,71752";"0,01508"
"1,82000";"2,73251";"0,01608"
"1,83000";"2,74739";"0,01795"
"1,84000";"2,76238";"0,02873"
"1,85000";"2,77737";"0,03686"
"1,86000";"2,79260";"0,03857"
"1,87000";"2,80772";"0,03535"
"1,88000";"2,82283";"0,02756"
"1,89000";"2,83806";"0,01783"
"1,90000";"2,85317";"0,01280"
"1,91000";"2,86828";"0,00557"
"1,92000";"2,88315";"0,00220"
"1,93000";"2,89826";"0,00841"
"1,94000";"2,91326";"0,01438"
"1,95000";"2,92825";"0,01956"
"1,96000";"2,94336";"0,01740"
"1,97000";"2,95847";"0,01098"
"1,98000";"2,97347";"0,00779"
"1,99000";"2,98846";"0,00216"
"2,00000";"3,00333";"0,00113"
"2,01000";"3,01833";"-0,00058"
"2,02000";"3,03320";"0,00053"
"2,03000";"3,04819";"-0,00337"
"2,04000";"3,06307";"0,00330"
"2,05000";"3,07806";"0,01659"
"2,06000";"3,09317";"0,03348"
"2,07000";"3,10805";"0,03946"
"2,08000";"3,12304";"0,03787"
"2,09000";"3,13792";"0,02926"
"2,10000";"3,15279";"0,02500"
"2,11000";"3,16767";"0,02072"
"2,12000";"3,18254";"0,01188"
"2,13000";"3,19742";"0,00760"
"2,14000";"3,21241";"0,00050"
"2,15000";"3,22740";"0,00044"
"2,16000";"3,24240";"0,00659"
"2,17000";"3,25762";"0,00957"
"2,18000";"3,27297";"0,00607"
"2,19000";"3,28808";"0,01482"
"2,20000";"3,30331";"0,01966"
"2,21000";"3,31842";"0,02330"
"2,22000";"3,33342";"0,01881"
"2,23000";"3,34841";"0,01192"
"2,24000";"3,36340";"0,01710"
"2,25000";"3,37863";"0,01953"
"2,26000";"3,39374";"0,01910"
"2,27000";"3,40874";"0,00703"
"2,28000";"3,42361";"0,00351"
"2,29000";"3,43860";"0,00065"
"2,30000";"3,45348";"-0,00051"
"2,31000";"3,46824";"0,00929"
"2,32000";"3,48311";"0,01825"
"2,33000";"3,49799";"0,02265"
"2,34000";"3,51298";"0,01611"
"2,35000";"3,52785";"0,01719"
"2,36000";"3,54285";"0,02245"
"2,37000";"3,55784";"0,02162"
"2,38000";"3,57272";"0,01529"
"2,39000";"3,58759";"0,00822"
"2,40000";"3,60247";"0,00037"
"2,41000";"3,61734";"0,00080"
"2,42000";"3,63222";"0,00398"
"2,43000";"3,64721";"0,01903"
"2,44000";"3,66220";"0,03631"
"2,45000";"3,67731";"0,04238"
"2,46000";"3,69231";"0,03863"
"2,47000";"3,70753";"0,03282"
"2,48000";"3,72276";"0,03383"
"2,49000";"3,73799";"0,03072"
"2,50000";"3,75322";"0,02399"
"2,51000";"3,76833";"0,01480"
"2,52000";"3,78356";"-0,00180"
"2,53000";"3,79867";"-0,00568"
"2,54000";"3,81378";"-0,00107"
"2,55000";"3,82866";"0,00046"
"2,56000";"3,84365";"0,00520"
"2,57000";"3,85853";"0,01289"
"2,58000";"3,87352";"0,01856"
"2,59000";"3,88851";"0,02259"
"2,60000";"3,90339";"0,02724"
"2,61000";"3,91838";"0,02693"
"2,62000";"3,93326";"0,02379"
"2,63000";"3,94813";"0,01451"
"2,64000";"3,96324";"0,00681"
"2,65000";"3,97812";"0,00984"
"2,66000";"3,99311";"0,01407"
"2,67000";"4,00810";"0,01191"
"2,68000";"4,02310";"0,01279"
"2,69000";"4,03785";"0,01261"
"2,70000";"4,05261";"0,01336"
"2,71000";"4,06737";"0,01277"
"2,72000";"4,08236";"0,00966"
"2,73000";"4,09735";"0,00641"
"2,74000";"4,11235";"0,01363"
"2,75000";"4,12758";"0,01086"
"2,76000";"4,14269";"0,00480"
"2,77000";"4,15792";"0,00187"
"2,78000";"4,17303";"-0,00258"
"2,79000";"4,18814";"-0,00403"
"2,80000";"4,20325";"-0,00122"
"2,81000";"4,21836";"0,00176"
"2,82000";"4,23347";"0,00441"
"2,83000";"4,24858";"0,01819"
"2,84000";"4,26358";"0,02871"
"2,85000";"4,27857";"0,03268"
"2,86000";"4,29344";"0,02645"
"2,87000";"4,30832";"0,01335"
"2,88000";"4,32331";"0,00304"
"2,89000";"4,33831";"-0,00086"
"2,90000";"4,35330";"-0,00002"
"2,91000";"4,36829";"-0,00097"
"2,92000";"4,38317";"-0,00229"
"2,93000";"4,39816";"0,00531"
"2,94000";"4,41303";"0,01242"
"2,95000";"4,42803";"0,01502"
"2,96000";"4,44302";"0,02429"
"2,97000";"4,45813";"0,02802"
"2,98000";"4,47301";"0,02877"
"2,99000";"4,48788";"0,02923"
"3,00000";"4,50288";"0,03101"
"3,01000";"4,51787";"0,01961"
"3,02000";"4,53263";"0,00952"
"3,03000";"4,54762";"0,00838"
"3,04000";"4,56273";"0,01243"
"3,05000";"4,57784";"0,01976"
"3,06000";"4,59283";"0,02530"
"3,07000";"4,60771";"0,02196"
"3,08000";"4,62282";"0,02032"
"3,09000";"4,63769";"0,01785"
"3,10000";"4,65281";"0,02090"
"3,11000";"4,66792";"0,02150"
"3,12000";"4,68315";"0,02047"
"3,13000";"4,69826";"0,01739"
"3,14000";"4,71337";"0,01163"
"3,15000";"4,72836";"0,01431"
"3,16000";"4,74335";"0,02245"
"3,17000";"4,75835";"0,02277"
"3,18000";"4,77322";"0,01973"
"3,19000";"4,78810";"0,01524"
"3,20000";"4,80309";"0,01692"
"3,21000";"4,81808";"0,02602"
"3,22000";"4,83319";"0,02524"
"3,23000";"4,84819";"0,01725"
"3,24000";"4,86306";"0,01167"
"3,25000";"4,87806";"0,00440"
"3,26000";"4,89293";"0,00032"
"3,27000";"4,90781";"0,00197"
"3,28000";"4,92280";"0,00400"
"3,29000";"4,93779";"0,00878"
"3,30000";"4,95278";"0,01602"
"3,31000";"4,96778";"0,02768"
"3,32000";"4,98277";"0,02808"
"3,33000";"4,99788";"0,02250"
"3,34000";"5,01288";"0,01538"
"3,35000";"5,02787";"0,00194"
"3,36000";"5,04298";"-0,00499"
"3,37000";"5,05809";"-0,00654"
"3,38000";"5,07320";"-0,00343"
"3,39000";"5,08831";"0,00472"
"3,40000";"5,10331";"0,01779"
"3,41000";"5,11830";"0,02874"
"3,42000";"5,13317";"0,03238"
"3,43000";"5,14817";"0,03012"
"3,44000";"5,16328";"0,02917"
"3,45000";"5,17827";"0,02579"
"3,46000";"5,19338";"0,01856"
"3,47000";"5,20826";"0,01234"
"3,48000";"5,22313";"0,00408"
"3,49000";"5,23801";"-0,00059"
"3,50000";"5,25288";"0,00263"
"3,51000";"5,26788";"0,00946"
"3,52000";"5,28299";"0,01498"
"3,53000";"5,29810";"0,01888"
"3,54000";"5,31297";"0,01797"
"3,55000";"5,32797";"0,01361"
"3,56000";"5,34284";"0,01083"
"3,57000";"5,35783";"0,01116"
"3,58000";"5,37283";"0,01898"
"3,59000";"5,38782";"0,01950"
"3,60000";"5,40269";"0,02982"
"3,61000";"5,41781";"0,03381"
"3,62000";"5,43292";"0,02825"
"3,63000";"5,44803";"0,02782"
"3,64000";"5,46302";"0,02929"
"3,65000";"5,47801";"0,03742"
"3,66000";"5,49301";"0,04927"
"3,67000";"5,50812";"0,06004"
"3,68000";"5,52311";"0,08060"
"3,69000";"5,53822";"0,09698"
"3,70000";"5,55322";"0,11762"
"3,71000";"5,56809";"0,14150"
"3,72000";"5,58308";"0,16937"
"3,73000";"5,59808";"0,20358"
"3,74000";"5,61307";"0,23337"
"3,75000";"5,62806";"0,26568"
"3,76000";"5,64306";"0,30119"
"3,77000";"5,65805";"0,33681"
"3,78000";"5,67316";"0,37834"
"3,79000";"5,68815";"0,41715"
"3,80000";"5,70315";"0,45423"
"3,81000";"5,71814";"0,49255"
"3,82000";"5,73313";"0,52597"
"3,83000";"5,74813";"0,57009"
"3,84000";"5,76324";"0,61637"
"3,85000";"5,77811";"0,66814"
"3,86000";"5,79310";"0,71923"
"3,87000";"5,80798";"0,76704"
"3,88000";"5,82297";"0,81866"
"3,89000";"5,83785";"0,86890"
"3,90000";"5,85284";"0,93055"
"3,91000";"5,86795";"0,99886"
"3,92000";"5,88306";"1,07433"
"3,93000";"5,89806";"1,15160"
"3,94000";"5,91305";"1,23432"
"3,95000";"5,92804";"1,32000"
"3,96000";"5,94303";"1,41481"
"3,97000";"5,95791";"1,51609"
"3,98000";"5,97302";"1,61603"
"3,99000";"5,98801";"1,71241"
"4,00000";"6,00312";"1,81630"
"4,01000";"6,01824";"1,91579"
"4,02000";"6,03323";"2,00646"
"4,03000";"6,04834";"2,10743"
"4,04000";"6,06322";"2,21846"
"4,05000";"6,07821";"2,32948"
"4,06000";"6,09320";"2,43370"
"4,07000";"6,10808";"2,53653"
"4,08000";"6,12307";"2,64209"
"4,09000";"6,13806";"2,74552"
"4,10000";"6,15294";"2,83811"
"4,11000";"6,16793";"2,93695"
"4,12000";"6,18281";"3,03549"
"4,13000";"6,19780";"3,13363"
"4,14000";"6,21279";"3,23344"
"4,15000";"6,22790";"3,33706"
"4,16000";"6,24301";"3,43795"
"4,17000";"6,25801";"3,54106"
"4,18000";"6,27300";"3,64672"
"4,19000";"6,28799";"3,74940"
"4,20000";"6,30299";"3,84859"
"4,21000";"6,31798";"3,94640"
"4,22000";"6,33297";"4,04080"
"4,23000";"6,34796";"4,14144"
"4,24000";"6,36296";"4,24665"
"4,25000";"6,37795";"4,35058"
"4,26000";"6,39294";"4,44548"
"4,27000";"6,40794";"4,53825"
"4,28000";"6,42281";"4,64419"
"4,29000";"6,43781";"4,75066"
"4,30000";"6,45292";"4,84453"
"4,31000";"6,46803";"4,93492"
"4,32000";"6,48302";"5,02187"
"4,33000";"6,49801";"5,11302"
"4,34000";"6,51289";"5,21033"
"4,35000";"6,52788";"5,31054"
"4,36000";"6,54287";"5,40462"
"4,37000";"6,55787";"5,48921"
"4,38000";"6,57286";"5,57952"
"4,39000";"6,58797";"5,67519"
"4,40000";"6,60297";"5,77173"
"4,41000";"6,61796";"5,86330"
"4,42000";"6,63295";"5,96279"
"4,43000";"6,64783";"6,06241"
"4,44000";"6,66270";"6,16019"
"4,45000";"6,67781";"6,25934"
"4,46000";"6,69281";"6,35759"
"4,47000";"6,70792";"6,44936"
"4,48000";"6,72291";"6,54059"
"4,49000";"6,73790";"6,63617"
"4,50000";"6,75301";"6,73900"
"4,51000";"6,76801";"6,84348"
"4,52000";"6,78288";"6,94400"
"4,53000";"6,79799";"7,03377"
"4,54000";"6,81299";"7,12666"
"4,55000";"6,82798";"7,22448"
"4,56000";"6,84309";"7,32932"
"4,57000";"6,85796";"7,43136"
"4,58000";"6,87296";"7,52131"
"4,59000";"6,88795";"7,61117"
"4,60000";"6,90306";"7,71013"
"4,61000";"6,91806";"7,81051"
"4,62000";"6,93317";"7,91205"
"4,63000";"6,94816";"8,01489"
"4,64000";"6,96315";"8,11575"
"4,65000";"6,97815";"8,20637"
"4,66000";"6,99302";"8,29426"
"4,67000";"7,00790";"8,38540"
"4,68000";"7,02289";"8,48155"
"4,69000";"7,03788";"8,58680"
"4,70000";"7,05288";"8,69063"
"4,71000";"7,06787";"8,80115"
"4,72000";"7,08286";"8,90142"
"4,73000";"7,09797";"8,99775"
"4,74000";"7,11297";"9,09665"
"4,75000";"7,12784";"9,20193"
"4,76000";"7,14283";"9,30171"
"4,77000";"7,15794";"9,40127"
"4,78000";"7,17294";"9,50082"
"4,79000";"7,18805";"9,59803"
"4,80000";"7,20304";"9,70067"
"4,81000";"7,21815";"9,80688"
"4,82000";"7,23315";"9,91534"
"4,83000";"7,24802";"10,02046"
"4,84000";"7,26301";"10,12451"
"4,85000";"7,27813";"10,22710"
"4,86000";"7,29312";"10,33517"
"4,87000";"7,30811";"10,44742"
"4,88000";"7,32299";"10,55238"
"4,89000";"7,33810";"10,64773"
"4,90000";"7,35309";"10,74200"
"4,91000";"7,36808";"10,83459"
"4,92000";"7,38308";"10,93981"
"4,93000";"7,39807";"11,04900"
"4,94000";"7,41318";"11,16121"
"4,95000";"7,42817";"11,26975"
"4,96000";"7,44317";"11,37208"
"4,97000";"7,45804";"11,47617"
"4,98000";"7,47303";"11,58602"
"4,99000";"7,48791";"11,69680"
"5,00000";"7,50290";"11,81119"
"5,01000";"7,51801";"11,92636"
"5,02000";"7,53301";"12,03105"
"5,03000";"7,54800";"12,13080"
"5,04000";"7,56311";"12,23652"
"5,05000";"7,57810";"12,35295"
"5,06000";"7,59298";"12,46438"
"5,07000";"7,60785";"12,57517"
"5,08000";"7,62285";"12,68273"
"5,09000";"7,63784";"12,78956"
"5,10000";"7,65295";"12,89233"
"5,11000";"7,66806";"12,99890"
"5,12000";"7,68306";"13,11517"
"5,13000";"7,69793";"13,22824"
"5,14000";"7,71292";"13,34247"
"5,15000";"7,72792";"13,45019"
"5,16000";"7,74291";"13,56019"
"5,17000";"7,75790";"13,66781"
"5,18000";"7,77290";"13,78137"
"5,19000";"7,78789";"13,89728"
"5,20000";"7,80276";"14,01773"
"5,21000";"7,81776";"14,13772"
"5,22000";"7,83275";"14,24869"
"5,23000";"7,84774";"14,35977"
"5,24000";"7,86285";"14,47596"
"5,25000";"7,87785";"14,59110"
"5,26000";"7,89296";"14,71023"
"5,27000";"7,90795";"14,82779"
"5,28000";"7,92294";"14,94062"
"5,29000";"7,93794";"15,05400"
"5,30000";"7,95281";"15,17196"
"5,31000";"7,96769";"15,29142"
"5,32000";"7,98268";"15,40309"
"5,33000";"7,99767";"15,51722"
"5,34000";"8,01278";"15,63016"
"5,35000";"8,02801";"15,74635"
"5,36000";"8,04313";"15,86973"
"5,37000";"8,05812";"15,99996"
"5,38000";"8,07311";"16,12486"
"5,39000";"8,08810";"16,24378"
"5,40000";"8,10298";"16,35935"
"5,41000";"8,11809";"16,47115"
"5,42000";"8,13308";"16,59238"
"5,43000";"8,14808";"16,71000"
"5,44000";"8,16319";"16,82674"
"5,45000";"8,17818";"16,95183"
"5,46000";"8,19317";"17,08299"
"5,47000";"8,20817";"17,21589"
"5,48000";"8,22304";"17,34110"
"5,49000";"8,23815";"17,46639"
"5,50000";"8,25315";"17,58984"
"5,51000";"8,26826";"17,70764"
"5,52000";"8,28325";"17,83049"
"5,53000";"8,29824";"17,95779"
"5,54000";"8,31312";"18,09363"
"5,55000";"8,32811";"18,22522"
"5,56000";"8,34322";"18,35104"
"5,57000";"8,35822";"18,47381"
"5,58000";"8,37321";"18,59343"
"5,59000";"8,38808";"18,71214"
"5,60000";"8,40296";"18,82908"
"5,61000";"8,41795";"18,95576"
"5,62000";"8,43283";"19,07915"
"5,63000";"8,44782";"19,20201"
"5,64000";"8,46293";"19,32812"
"5,65000";"8,47792";"19,46251"
"5,66000";"8,49315";"19,59464"
"5,67000";"8,50815";"19,73416"
"5,68000";"8,52314";"19,86962"
"5,69000";"8,53801";"20,00440"
"5,70000";"8,55289";"20,13996"
"5,71000";"8,56800";"20,27403"
"5,72000";"8,58299";"20,40066"
"5,73000";"8,59799";"20,53197"
"5,74000";"8,61310";"20,66368"
"5,75000";"8,62821";"20,79573"
"5,76000";"8,64320";"20,92756"
"5,77000";"8,65808";"21,06063"
"5,78000";"8,67295";"21,19325"
"5,79000";"8,68806";"21,32535"
"5,80000";"8,70306";"21,45384"
"5,81000";"8,71805";"21,58634"
"5,82000";"8,73304";"21,72226"
"5,83000";"8,74803";"21,85425"
"5,84000";"8,76303";"21,98754"
"5,85000";"8,77790";"22,12643"
"5,86000";"8,79290";"22,26460"
"5,87000";"8,80789";"22,40437"
"5,88000";"8,82288";"22,54451"
"5,89000";"8,83788";"22,68154"
"5,90000";"8,85287";"22,82087"
"5,91000";"8,86786";"22,95931"
"5,92000";"8,88285";"23,09946"
"5,93000";"8,89785";"23,23987"
"5,94000";"8,91284";"23,38753"
"5,95000";"8,92795";"23,53641"
"5,96000";"8,94294";"23,67887"
"5,97000";"8,95794";"23,81952"
"5,98000";"8,97293";"23,96758"
"5,99000";"8,98792";"24,12353"
"6,00000";"9,00292";"24,27201"
"6,01000";"9,01779";"24,41908"
"6,02000";"9,03267";"24,55918"
"6,03000";"9,04778";"24,70044"
"6,04000";"9,06289";"24,83922"
"6,05000";"9,07800";"24,97706"
"6,06000";"9,09299";"25,11940"
"6,07000";"9,10799";"25,26334"
"6,08000";"9,12310";"25,41306"
"6,09000";"9,13809";"25,56427"
"6,10000";"9,15297";"25,71696"
"6,11000";"9,16796";"25,87393"
"6,12000";"9,18307";"26,02965"
"6,13000";"9,19818";"26,18825"
"6,14000";"9,21329";"26,34217"
"6,15000";"9,22817";"26,49541"
"6,16000";"9,24316";"26,64251"
"6,17000";"9,25815";"26,79728"
"6,18000";"9,27315";"26,95376"
"6,19000";"9,28802";"27,10158"
"6,20000";"9,30301";"27,25810"
"6,21000";"9,31813";"27,41061"
"6,22000";"9,33312";"27,56384"
"6,23000";"9,34811";"27,72292"
"6,24000";"9,36310";"27,88314"
"6,25000";"9,37810";"28,04172"
"6,26000";"9,39309";"28,19950"
"6,27000";"9,40808";"28,35736"
"6,28000";"9,42308";"28,51469"
"6,29000";"9,43819";"28,68261"
"6,30000";"9,45318";"28,85320"
"6,31000";"9,46817";"29,01812"
"6,32000";"9,48305";"29,18591"
"6,33000";"9,49804";"29,35069"
"6,34000";"9,51304";"29,50451"
"6,35000";"9,52803";"29,66327"
"6,36000";"9,54302";"29,83551"
"6,37000";"9,55801";"30,01095"
"6,38000";"9,57312";"30,18694"
"6,39000";"9,58812";"30,35701"
"6,40000";"9,60299";"30,52555"
"6,41000";"9,61799";"30,68567"
"6,42000";"9,63310";"30,85222"
"6,43000";"9,64809";"31,02517"
"6,44000";"9,66297";"31,19575"
"6,45000";"9,67796";"31,36576"
"6,46000";"9,69307";"31,53304"
"6,47000";"9,70806";"31,70897"
"6,48000";"9,72294";"31,88481"
"6,49000";"9,73793";"32,05762"
"6,50000";"9,75304";"32,23411"
"6,51000";"9,76803";"32,41701"
"6,52000";"9,78303";"32,60333"
"6,53000";"9,79802";"32,78585"
"6,54000";"9,81301";"32,96893"
"6,55000";"9,82801";"33,15352"
"6,56000";"9,84288";"33,33430"
"6,57000";"9,85787";"33,51133"
"6,58000";"9,87299";"33,68540"
"6,59000";"9,88810";"33,87157"
"6,60000";"9,90309";"34,05652"
"6,61000";"9,91808";"34,24973"
"6,62000";"9,93308";"34,44304"
"6,63000";"9,94807";"34,63428"
"6,64000";"9,96294";"34,83036"
"6,65000";"9,97782";"35,02339"
"6,66000";"9,99293";"35,20872"
"6,67000";"10,00804";"35,40117"
"6,68000";"10,02304";"35,59981"
"6,69000";"10,03803";"35,80345"
"6,70000";"10,05314";"36,00810"
"6,71000";"10,06801";"36,20536"
"6,72000";"10,08289";"36,40633"
"6,73000";"10,09788";"36,60550"
"6,74000";"10,11288";"36,79535"
"6,75000";"10,12799";"36,98462"
"6,76000";"10,14310";"37,18341"
"6,77000";"10,15809";"37,38381"
"6,78000";"10,17320";"37,58942"
"6,79000";"10,18820";"37,79934"
"6,80000";"10,20331";"38,00600"
"6,81000";"10,21830";"38,21347"
"6,82000";"10,23329";"38,41808"
"6,83000";"10,24840";"38,62376"
"6,84000";"10,26340";"38,83368"
"6,85000";"10,27827";"39,04270"
"6,86000";"10,29315";"39,25253"
"6,87000";"10,30814";"39,46026"
"6,88000";"10,32313";"39,66376"
"6,89000";"10,33813";"39,87732"
"6,90000";"10,35312";"40,09260"
"6,91000";"10,36823";"40,31716"
"6,92000";"10,38322";"40,54391"
"6,93000";"10,39822";"40,77356"
"6,94000";"10,41321";"40,99481"
"6,95000";"10,42808";"41,20803"
"6,96000";"10,44296";"41,42546"
"6,97000";"10,45807";"41,64624"
"6,98000";"10,47318";"41,86677"
"6,99000";"10,48817";"42,08222"
"7,00000";"10,50317";"42,31494"
"7,01000";"10,51816";"42,55285"
"7,02000";"10,53315";"42,79013"
"7,03000";"10,54803";"43,02215"
"7,04000";"10,56290";"43,25257"
"7,05000";"10,57790";"43,48255"
"7,06000";"10,59289";"43,71261"
"7,07000";"10,60776";"43,94481"
"7,08000";"10,62276";"44,18188"
"7,09000";"10,63787";"44,41958"
"7,10000";"10,65286";"44,65334"
"7,11000";"10,66785";"44,89189"
"7,12000";"10,68285";"45,13279"
"7,13000";"10,69784";"45,36924"
"7,14000";"10,71283";"45,61156"
"7,15000";"10,72794";"45,85504"
"7,16000";"10,74282";"46,09211"
"7,17000";"10,75781";"46,32878"
"7,18000";"10,77292";"46,57772"
"7,19000";"10,78780";"46,83203"
"7,20000";"10,80279";"47,08565"
"7,21000";"10,81790";"47,33018"
"7,22000";"10,83290";"47,57386"
"7,23000";"10,84789";"47,82409"
"7,24000";"10,86300";"48,07951"
"7,25000";"10,87799";"48,33585"
"7,26000";"10,89299";"48,59322"
"7,27000";"10,90786";"48,85404"
"7,28000";"10,92285";"49,10801"
"7,29000";"10,93797";"49,36389"
"7,30000";"10,95296";"49,62778"
"7,31000";"10,96807";"49,87885"
"7,32000";"10,98306";"50,13596"
"7,33000";"10,99817";"50,40006"
"7,34000";"11,01305";"50,66117"
"7,35000";"11,02792";"50,91487"
"7,36000";"11,04292";"51,16811"
"7,37000";"11,05803";"51,42436"
"7,38000";"11,07302";"51,68237"
"7,39000";"11,08801";"51,94599"
"7,40000";"11,10301";"52,21067"
"7,41000";"11,11800";"52,47517"
"7,42000";"11,13299";"52,74221"
"7,43000";"11,14799";"53,01036"
"7,44000";"11,16310";"53,27858"
"7,45000";"11,17809";"53,54665"
"7,46000";"11,19308";"53,81100"
"7,47000";"11,20808";"54,07867"
"7,48000";"11,22307";"54,35690"
"7,49000";"11,23794";"54,63320"
"7,50000";"11,25294";"54,90866"
"7,51000";"11,26805";"55,18108"
"7,52000";"11,28304";"55,45859"
"7,53000";"11,29803";"55,73405"
"7,54000";"11,31303";"56,01310"
"7,55000";"11,32802";"56,29113"
"7,56000";"11,34301";"56,56843"
"7,57000";"11,35789";"56,84221"
"7,58000";"11,37288";"57,10558"
"7,59000";"11,38788";"57,37080"
"7,60000";"11,40298";"57,64740"
"7,61000";"11,41810";"57,92216"
"7,62000";"11,43321";"58,19845"
"7,63000";"11,44820";"58,47846"
"7,64000";"11,46319";"58,75953"
"7,65000";"11,47819";"59,03432"
"7,66000";"11,49306";"59,30685"
"7,67000";"11,50794";"59,57631"
"7,68000";"11,52305";"59,84359"
"7,69000";"11,53804";"60,12001"
"7,70000";"11,55315";"60,40490"
"7,71000";"11,56815";"60,69752"
"7,72000";"11,58314";"60,98724"
"7,73000";"11,59825";"61,26995"
"7,74000";"11,61312";"61,55332"
"7,75000";"11,62812";"61,83771"
"7,76000";"11,64311";"62,11843"
"7,77000";"11,65810";"62,39174"
"7,78000";"11,67310";"62,68001"
"7,79000";"11,68809";"62,97624"
"7,80000";"11,70308";"63,27770"
"7,81000";"11,71808";"63,56972"
"7,82000";"11,73295";"63,86315"
"7,83000";"11,74794";"64,15081"
"7,84000";"11,76306";"64,43425"
"7,85000";"11,77793";"64,71086"
"7,86000";"11,79292";"64,98366"
"7,87000";"11,80792";"65,25705"
"7,88000";"11,82291";"65,53338"
"7,89000";"11,83790";"65,80742"
"7,90000";"11,85278";"66,07659"
"7,91000";"11,86777";"66,35069"
"7,92000";"11,88288";"66,63089"
"7,93000";"11,89799";"66,91476"
"7,94000";"11,91299";"67,19780"
"7,95000";"11,92798";"67,49152"
"7,96000";"11,94309";"67,77828"
"7,97000";"11,95797";"68,05450"
"7,98000";"11,97296";"68,32035"
"7,99000";"11,98795";"68,57701"
"8,00000";"12,00306";"68,83523"
"8,01000";"12,01806";"69,10069"
"8,02000";"12,03305";"69,36829"
"8,03000";"12,04792";"69,63005"
"8,04000";"12,06304";"69,89119"
"8,05000";"12,07803";"70,15595"
"8,06000";"12,09302";"70,41403"
"8,07000";"12,10790";"70,65920"
"8,08000";"12,12301";"70,89440"
"8,09000";"12,13800";"71,13721"
"8,10000";"12,15287";"71,37675"
"8,11000";"12,16787";"71,62347"
"8,12000";"12,18274";"71,86617"
"8,13000";"12,19774";"72,10057"
"8,14000";"12,21273";"72,33032"
"8,15000";"12,22772";"72,54681"
"8,16000";"12,24272";"72,75931"
"8,17000";"12,25783";"72,97380"
"8,18000";"12,27294";"73,18296"
"8,19000";"12,28793";"73,38470"
"8,20000";"12,30280";"73,56299"
"8,21000";"12,31780";"73,72684"
"8,22000";"12,33267";"73,87394"
"8,23000";"12,34767";"74,01710"
"8,24000";"12,36278";"74,16027"
"8,25000";"12,37789";"74,29696"
"8,26000";"12,39288";"74,42778"
"8,27000";"12,40788";"74,55607"
"8,28000";"12,42299";"74,68456"
"8,29000";"12,43798";"74,81451"
"8,30000";"12,45297";"74,94672"
"8,31000";"12,46808";"75,07035"
"8,32000";"12,48308";"75,19670"
"8,33000";"12,49807";"75,33309"
"8,34000";"12,51306";"75,46832"
"8,35000";"12,52805";"75,59189"
"8,36000";"12,54305";"75,70150"
"8,37000";"12,55792";"75,80424"
"8,38000";"12,57280";"75,89571"
"8,39000";"12,58779";"75,96973"
"8,40000";"12,60278";"76,03859"
"8,41000";"12,61790";"76,11501"
"8,42000";"12,63277";"76,19833"
"8,43000";"12,64776";"76,26850"
"8,44000";"12,66276";"76,30645"
"8,45000";"12,67775";"76,32282"
"8,46000";"12,69286";"76,32539"
"8,47000";"12,70797";"76,31905"
"8,48000";"12,72308";"76,31092"
"8,49000";"12,73819";"76,29442"
"8,50000";"12,75331";"76,26882"
"8,51000";"12,76830";"76,23124"
"8,52000";"12,78329";"76,16071"
"8,53000";"12,79817";"76,05904"
"8,54000";"12,81316";"75,92125"
"8,55000";"12,82815";"75,75374"
"8,56000";"12,84315";"75,55405"
"8,57000";"12,85814";"75,31115"
"8,58000";"12,87313";"75,01712"
"8,59000";"12,88813";"74,67182"
"8,60000";"12,90312";"74,29625"
"8,61000";"12,91787";"73,89665"
"8,62000";"12,93287";"73,45729"
"8,63000";"12,94786";"72,98080"
"8,64000";"12,96285";"72,47881"
"8,65000";"12,97785";"71,94630"
"8,66000";"12,99284";"71,37582"
"8,67000";"13,00795";"70,76674"
"8,68000";"13,02294";"70,14666"
"8,69000";"13,03794";"69,53950"
"8,70000";"13,05293";"68,93167"
"8,71000";"13,06804";"68,32020"
"8,72000";"13,08315";"67,71028"
"8,73000";"13,09814";"67,10606"
"8,74000";"13,11314";"66,49162"
"8,75000";"13,12813";"65,85534"
"8,76000";"13,14301";"65,19391"
"8,77000";"13,15788";"64,49937"
"8,78000";"13,17287";"63,78564"
"8,79000";"13,18787";"63,08178"
"8,80000";"13,20298";"62,40489"
"8,81000";"13,21797";"61,76257"
"8,82000";"13,23297";"61,15052"
"8,83000";"13,24796";"60,55479"
"8,84000";"13,26283";"59,96152"
"8,85000";"13,27771";"59,37281"
"8,86000";"13,29270";"58,77511"
"8,87000";"13,30769";"58,17592"
"8,88000";"13,32281";"57,59315"
"8,89000";"13,33792";"57,02214"
"8,90000";"13,35303";"56,39070"
"8,91000";"13,36802";"55,68465"
"8,92000";"13,38301";"54,94499"
"8,93000";"13,39812";"54,20551"
"8,94000";"13,41312";"53,50796"
"8,95000";"13,42811";"52,87456"
"8,96000";"13,44310";"52,32127"
"8,97000";"13,45798";"51,85161"
"8,98000";"13,47309";"51,47344"
"8,99000";"13,48808";"51,16057"
"9,00000";"13,50308";"50,85221"
"9,01000";"13,51807";"50,51972"
"9,02000";"13,53294";"50,15619"
"9,03000";"13,54794";"49,78700"
"9,04000";"13,56305";"49,43560"
"9,05000";"13,57804";"49,12381"
"9,06000";"13,59303";"48,85366"
"9,07000";"13,60803";"48,62150"
"9,08000";"13,62302";"48,41836"
"9,09000";"13,63801";"48,25254"
"9,10000";"13,65301";"48,09753"
"9,11000";"13,66800";"47,94880"
"9,12000";"13,68299";"47,81282"
"9,13000";"13,69810";"47,67103"
"9,14000";"13,71310";"47,50775"
"9,15000";"13,72797";"47,33433"
"9,16000";"13,74296";"47,15107"
"9,17000";"13,75808";"46,96344"
"9,18000";"13,77307";"46,77669"
"9,19000";"13,78806";"46,59359"
"9,20000";"13,80317";"46,40896"
"9,21000";"13,81828";"46,21469"
"9,22000";"13,83328";"46,01930"
"9,23000";"13,84827";"45,82375"
"9,24000";"13,86315";"45,62738"
"9,25000";"13,87814";"45,43616"
"9,26000";"13,89313";"45,27525"
"9,27000";"13,90801";"45,13335"
"9,28000";"13,92300";"45,00999"
"9,29000";"13,93811";"44,91698"
"9,30000";"13,95322";"44,83384"
"9,31000";"13,96810";"44,73433"
"9,32000";"13,98309";"44,63121"
"9,33000";"13,99820";"44,52959"
"9,34000";"14,01319";"44,43850"
"9,35000";"14,02819";"44,37320"
"9,36000";"14,04318";"44,33350"
"9,37000";"14,05805";"44,31919"
"9,38000";"14,07305";"44,33805"
"9,39000";"14,08781";"44,39098"
"9,40000";"14,10268";"44,47738"
"9,41000";"14,11767";"44,60027"
"9,42000";"14,13267";"44,77286"
"9,43000";"14,14778";"44,98635"
"9,44000";"14,16277";"45,22054"
"9,45000";"14,17788";"45,47299"
"9,46000";"14,19299";"45,72984"
"9,47000";"14,20799";"45,98407"
"9,48000";"14,22286";"46,23450"
"9,49000";"14,23797";"46,48461"
"9,50000";"14,25308";"46,73455"
"9,51000";"14,26819";"46,98378"
"9,52000";"14,28331";"47,23951"
"9,53000";"14,29830";"47,49683"
"9,54000";"14,31329";"47,76014"
"9,55000";"14,32817";"48,01561"
"9,56000";"14,34304";"48,26521"
"9,57000";"14,35803";"48,52306"
"9,58000";"14,37303";"48,80499"
"9,59000";"14,38802";"49,11145"
"9,60000";"14,40301";"49,41940"
"9,61000";"14,41801";"49,73506"
"9,62000";"14,43312";"50,06242"
"9,63000";"14,44799";"50,40169"
"9,64000";"14,46299";"50,73976"
"9,65000";"14,47810";"51,06490"
"9,66000";"14,49309";"51,40078"
"9,67000";"14,50808";"51,74826"
"9,68000";"14,52308";"52,10943"
"9,69000";"14,53819";"52,47758"
"9,70000";"14,55318";"52,86499"
"9,71000";"14,56794";"53,26297"
"9,72000";"14,58293";"53,66068"
"9,73000";"14,59804";"54,06213"
"9,74000";"14,61315";"54,47500"
"9,75000";"14,62826";"54,89681"
"9,76000";"14,64326";"55,32208"
"9,77000";"14,65825";"55,73785"
"9,78000";"14,67313";"56,15013"
"9,79000";"14,68800";"56,56258"
"9,80000";"14,70299";"56,97243"
"9,81000";"14,71799";"57,37125"
"9,82000";"14,73298";"57,75534"
"9,83000";"14,74809";"58,16013"
"9,84000";"14,76320";"58,58907"
"9,85000";"14,77820";"59,03483"
"9,86000";"14,79319";"59,49522"
"9,87000";"14,80818";"59,96849"
"9,88000";"14,82317";"60,44788"
"9,89000";"14,83817";"60,93472"
"9,90000";"14,85304";"61,42922"
"9,91000";"14,86804";"61,93973"
"9,92000";"14,88291";"62,46420"
"9,93000";"14,89802";"62,98979"
"9,94000";"14,91301";"63,50932"
"9,95000";"14,92801";"64,03795"
"9,96000";"14,94300";"64,56853"
"9,97000";"14,95799";"65,09963"
"9,98000";"14,97310";"65,62061"
"9,99000";"14,98798";"66,14608"
"10,00000";"15,00297";"66,66491"
"10,01000";"15,01797";"67,17073"
"10,02000";"15,03284";"67,66632"
"10,03000";"15,04783";"68,17950"
"10,04000";"15,06295";"68,72121"
"10,05000";"15,07806";"69,29766"
"10,06000";"15,09317";"69,90924"
"10,07000";"15,10828";"70,51277"
"10,08000";"15,12327";"71,10539"
"10,09000";"15,13826";"71,71288"
"10,10000";"15,15302";"72,32738"
"10,11000";"15,16790";"72,95044"
"10,12000";"15,18289";"73,61298"
"10,13000";"15,19788";"74,32495"
"10,14000";"15,21287";"75,07085"
"10,15000";"15,22787";"75,82595"
"10,16000";"15,24286";"76,58492"
"10,17000";"15,25774";"77,34969"
"10,18000";"15,27273";"78,12585"
"10,19000";"15,28772";"78,90091"
"10,20000";"15,30272";"79,68204"
"10,21000";"15,31771";"80,48084"
"10,22000";"15,33282";"81,29005"
"10,23000";"15,34781";"82,10548"
"10,24000";"15,36280";"82,92330"
"10,25000";"15,37792";"83,75919"
"10,26000";"15,39279";"84,61512"
"10,27000";"15,40778";"85,45360"
"10,28000";"15,42290";"86,29748"
"10,29000";"15,43801";"87,14079"
"10,30000";"15,45300";"87,98485"
"10,31000";"15,46787";"88,82040"
"10,32000";"15,48299";"89,65612"
"10,33000";"15,49798";"90,49767"
"10,34000";"15,51297";"91,35883"
"10,35000";"15,52808";"92,22739"
"10,36000";"15,54308";"93,09658"
"10,37000";"15,55819";"93,96663"
"10,38000";"15,57318";"94,83613"
"10,39000";"15,58817";"95,68549"
"10,40000";"15,60317";"96,52180"
"10,41000";"15,61804";"97,35944"
"10,42000";"15,63304";"98,19790"
"10,43000";"15,64803";"99,03153"
"10,44000";"15,66290";"99,86973"
"10,45000";"15,67801";"100,72228"
"10,46000";"15,69301";"101,59016"
"10,47000";"15,70812";"102,45956"
"10,48000";"15,72311";"103,32860"
"10,49000";"15,73799";"104,20127"
"10,50000";"15,75286";"105,06837"
"10,51000";"15,76785";"105,93356"
"10,52000";"15,78285";"106,81288"
"10,53000";"15,79772";"107,71427"
"10,54000";"15,81283";"108,61987"
"10,55000";"15,82783";"109,53924"
"10,56000";"15,84282";"110,46106"
"10,57000";"15,85781";"111,39518"
"10,58000";"15,87281";"112,32314"
"10,59000";"15,88792";"113,24261"
"10,60000";"15,90303";"114,17290"
"10,61000";"15,91814";"115,11905"
"10,62000";"15,93313";"116,08183"
"10,63000";"15,94813";"117,03266"
"10,64000";"15,96312";"117,92326"
"10,65000";"15,97811";"118,77355"
"10,66000";"15,99310";"119,62032"
"10,67000";"16,00810";"120,46253"
"10,68000";"16,02309";"121,32978"
"10,69000";"16,03797";"122,21172"
"10,70000";"16,05308";"123,11464"
"10,71000";"16,06807";"124,02002"
"10,72000";"16,08306";"124,92691"
"10,73000";"16,09794";"125,81593"
"10,74000";"16,11293";"126,66870"
"10,75000";"16,12792";"127,50713"
"10,76000";"16,14292";"128,35945"
"10,77000";"16,15803";"129,20499"
"10,78000";"16,17302";"130,04413"
"10,79000";"16,18801";"130,88036"
"10,80000";"16,20300";"131,70673"
"10,81000";"16,21776";"132,49760"
"10,82000";"16,23276";"133,24544"
"10,83000";"16,24775";"133,98853"
"10,84000";"16,26274";"134,75952"
"10,85000";"16,27773";"135,53123"
"10,86000";"16,29285";"136,31580"
"10,87000";"16,30796";"137,12041"
"10,88000";"16,32307";"137,91129"
"10,89000";"16,33806";"138,66855"
"10,90000";"16,35317";"139,39125"
"10,91000";"16,36828";"140,08705"
"10,92000";"16,38340";"140,72348"
"10,93000";"16,39839";"141,24950"
"10,94000";"16,41326";"141,65364"
"10,95000";"16,42814";"141,98938"
"10,96000";"16,44313";"142,28905"
"10,97000";"16,45789";"142,59206"
"10,98000";"16,47288";"142,88287"
"10,99000";"16,48799";"143,21033"
"11,00000";"16,50299";"143,55627"
"11,01000";"16,51810";"143,90070"
"11,02000";"16,53309";"144,22804"
"11,03000";"16,54797";"144,51297"
"11,04000";"16,56296";"144,72237"
"11,05000";"16,57784";"144,86690"
"11,06000";"16,59283";"145,01646"
"11,07000";"16,60782";"145,23782"
"11,08000";"16,62293";"145,51921"
"11,09000";"16,63792";"145,87468"
"11,10000";"16,65303";"146,27847"
"11,11000";"16,66803";"146,71744"
"11,12000";"16,68302";"147,17902"
"11,13000";"16,69790";"147,66530"
"11,14000";"16,71289";"148,13167"
"11,15000";"16,72788";"148,61842"
"11,16000";"16,74287";"149,13849"
"11,17000";"16,75787";"149,65109"
"11,18000";"16,77286";"150,13240"
"11,19000";"16,78786";"150,59836"
"11,20000";"16,80297";"151,06863"
"11,21000";"16,81796";"151,54002"
"11,22000";"16,83295";"151,98766"
"11,23000";"16,84806";"152,42984"
"11,24000";"16,86306";"152,92403"
"11,25000";"16,87805";"153,45303"
"11,26000";"16,89304";"153,98543"
"11,27000";"16,90804";"154,52959"
"11,28000";"16,92291";"155,09415"
"11,29000";"16,93790";"155,62283"
"11,30000";"16,95301";"156,14618"
"11,31000";"16,96812";"156,68822"
"11,32000";"16,98312";"157,25296"
"11,33000";"16,99811";"157,80760"
"11,34000";"17,01311";"158,34625"
"11,35000";"17,02810";"158,86903"
"11,36000";"17,04285";"159,39688"
"11,37000";"17,05785";"159,87076"
"11,38000";"17,07284";"160,31647"
"11,39000";"17,08783";"160,77678"
"11,40000";"17,10283";"161,24937"
"11,41000";"17,11770";"161,71432"
"11,42000";"17,13270";"162,16023"
"11,43000";"17,14769";"162,60580"
"11,44000";"17,16268";"163,06837"
"11,45000";"17,17768";"163,56366"
"11,46000";"17,19267";"164,09471"
"11,47000";"17,20790";"164,69472"
"11,48000";"17,22301";"165,34599"
"11,49000";"17,23812";"166,00093"
"11,50000";"17,25323";"166,59703"
"11,51000";"17,26822";"167,12532"
"11,52000";"17,28310";"167,60190"
"11,53000";"17,29797";"168,03711"
"11,54000";"17,31297";"168,44768"
"11,55000";"17,32796";"168,89444"
"11,56000";"17,34295";"169,38663"
"11,57000";"17,35794";"169,94810"
"11,58000";"17,37282";"170,55078"
"11,59000";"17,38781";"171,17596"
"11,60000";"17,40281";"171,86960"
"11,61000";"17,41780";"172,64923"
"11,62000";"17,43291";"173,51068"
"11,63000";"17,44802";"174,43727"
"11,64000";"17,46313";"175,41287"
"11,65000";"17,47801";"176,47845"
"11,66000";"17,49300";"177,57660"
"11,67000";"17,50788";"178,70007"
"11,68000";"17,52263";"179,85953"
"11,69000";"17,53751";"181,07755"
"11,70000";"17,55250";"182,42339"
"11,71000";"17,56749";"183,86591"
"11,72000";"17,58261";"185,40228"
"11,73000";"17,59760";"186,97437"
"11,74000";"17,61271";"188,52130"
"11,75000";"17,62770";"190,05579"
"11,76000";"17,64281";"191,66458"
"11,77000";"17,65792";"193,34036"
"11,78000";"17,67292";"195,09317"
"11,79000";"17,68803";"196,85875"
"11,80000";"17,70314";"198,60687"
"11,81000";"17,71813";"200,37617"
"11,82000";"17,73324";"202,16090"
"11,83000";"17,74824";"203,95982"
"11,84000";"17,76311";"205,76846"
"11,85000";"17,77822";"207,61374"
"11,86000";"17,79322";"209,56506"
"11,87000";"17,80832";"211,61012"
"11,88000";"17,82320";"213,69603"
"11,89000";"17,83820";"215,80975"
"11,90000";"17,85319";"217,98579"
"11,91000";"17,86806";"220,21181"
"11,92000";"17,88294";"222,44075"
"11,93000";"17,89805";"224,71100"
"11,94000";"17,91292";"227,07280"
"11,95000";"17,92792";"229,47858"
"11,96000";"17,94279";"231,86905"
"11,97000";"17,95755";"234,16840"
"11,98000";"17,97254";"236,44542"
"11,99000";"17,98742";"238,88338"
"12,00000";"18,00229";"241,43141"
"12,01000";"18,01752";"244,08037"
"12,02000";"18,03263";"246,84552"
"12,03000";"18,04762";"249,67801"
"12,04000";"18,06274";"252,54266"
"12,05000";"18,07797";"255,51646"
"12,06000";"18,09296";"258,62851"
"12,07000";"18,10807";"261,81421"
"12,08000";"18,12306";"265,05118"
"12,09000";"18,13817";"268,34601"
"12,10000";"18,15317";"271,73544"
"12,11000";"18,16816";"275,24496"
"12,12000";"18,18315";"278,83377"
"12,13000";"18,19827";"282,43411"
"12,14000";"18,21326";"286,05994"
"12,15000";"18,22801";"289,70071"
"12,16000";"18,24289";"293,33603"
"12,17000";"18,25800";"297,08957"
"12,18000";"18,27299";"301,02338"
"12,19000";"18,28787";"305,10150"
"12,20000";"18,30286";"309,35529"
"12,21000";"18,31774";"313,71704"
"12,22000";"18,33273";"318,14142"
"12,23000";"18,34760";"322,58249"
"12,24000";"18,36260";"327,06610"
"12,25000";"18,37747";"331,58078"
"12,26000";"18,39247";"336,02182"
"12,27000";"18,40734";"340,34241"
"12,28000";"18,42233";"344,72812"
"12,29000";"18,43733";"349,26477"
"12,30000";"18,45232";"354,03009"
"12,31000";"18,46731";"359,01993"
"12,32000";"18,48242";"364,18777"
"12,33000";"18,49765";"369,64886"
"12,33200";"18,50072";"370,76978"
"12,33400";"18,50367";"371,89304"
"12,34400";"18,51690";"377,49146"
"12,35400";"18,52457";"381,34790"
"12,35800";"18,52598";"381,42413"
"12,36800";"18,52575";"375,83392"
"12,37800";"18,52091";"360,02872"
"12,38800";"18,50970";"330,80521"
"12,39800";"18,49293";"282,16046"
"12,40800";"18,47298";"212,67198"
"12,41800";"18,45125";"132,91563"
"12,42800";"18,42918";"58,96727"
"12,43800";"18,40746";"2,71646"
"12,44800";"18,38680";"-30,70810"
"12,45800";"18,36673";"-40,81363"
"12,46800";"18,34760";"-35,62305"
"12,47800";"18,32931";"-25,25124"
"12,48800";"18,31148";"-15,22654"
"12,49800";"18,29436";"-7,82210"
"12,50800";"18,27783";"-3,44262"
"12,51800";"18,26166";"-1,49188"
"12,52800";"18,24572";"-1,13185"
"12,53800";"18,22990";"-1,59876"
"12,54800";"18,21444";"-2,33898"
"12,55800";"18,19885";"-3,06393"
"12,56800";"18,18363";"-3,66032"
"12,57800";"18,16851";"-4,05955"
"12,58800";"18,15364";"-4,30601"
"12,59800";"18,13865";"-4,45441"
"12,60800";"18,12354";"-4,52977"
"12,61800";"18,10807";"-4,58341"
"12,62800";"18,09272";"-4,64598"
"12,63800";"18,07738";"-4,72812"
"12,64800";"18,06215";"-4,81120"
"12,65800";"18,04704";"-4,86676"
"12,66800";"18,03204";"-4,88120"
"12,67800";"18,01693";"-4,86538"
"12,68800";"18,00194";"-4,83400"
"12,69800";"17,98683";"-4,79237"
"12,70800";"17,97171";"-4,74106"
"12,71800";"17,95672";"-4,67754"
"12,72800";"17,94185";"-4,62229"
"12,73800";"17,92686";"-4,57505"
"12,74800";"17,91198";"-4,52160"
"12,75800";"17,89699";"-4,46292"
"12,76800";"17,88211";"-4,41158"
"12,77800";"17,86700";"-4,36289"
"12,78800";"17,85189";"-4,30051"
"12,79800";"17,83701";"-4,23449"
"12,80800";"17,82202";"-4,16207"
"12,81800";"17,80703";"-4,08591"
"12,82800";"17,79203";"-4,01386"
"12,83800";"17,77716";"-3,94509"
"12,84800";"17,76229";"-3,86398"
"12,85800";"17,74718";"-3,78194"
"12,86800";"17,73195";"-3,70254"
"12,87800";"17,71695";"-3,63633"
"12,88800";"17,70196";"-3,56941"
"12,89800";"17,68696";"-3,50284"
"12,90800";"17,67197";"-3,42242"
"12,91800";"17,65698";"-3,34672"
"12,92800";"17,64187";"-3,26471"
"12,93800";"17,62675";"-3,18179"
"12,94800";"17,61176";"-3,09353"
"12,95800";"17,59677";"-3,01287"
"12,96800";"17,58201";"-2,93636"
"12,97800";"17,56714";"-2,86683"
"12,98800";"17,55215";"-2,79800"
"12,99800";"17,53715";"-2,72506"
"13,00800";"17,52216";"-2,64651"
"13,01800";"17,50705";"-2,57800"
"13,02800";"17,49194";"-2,52477"
"13,03800";"17,47706";"-2,47823"
"13,04800";"17,46219";"-2,42226"
"13,05800";"17,44731";"-2,36545"
"13,06800";"17,43220";"-2,31509"
"13,07800";"17,41709";"-2,26976"
"13,08800";"17,40221";"-2,22205"
"13,09800";"17,38711";"-2,16631"
"13,10800";"17,37188";"-2,10774"
"13,11800";"17,35688";"-2,05688"
"13,12800";"17,34201";"-2,01343"
"13,13800";"17,32701";"-1,96175"
"13,14800";"17,31202";"-1,92452"
"13,15800";"17,29691";"-1,89376"
"13,16800";"17,28204";"-1,85951"
"13,17800";"17,26704";"-1,82400"
"13,18800";"17,25193";"-1,78614"
"13,19800";"17,23694";"-1,75264"
"13,20800";"17,22206";"-1,71670"
"13,21800";"17,20719";"-1,67312"
"13,22800";"17,19208";"-1,63221"
"13,23800";"17,17708";"-1,59581"
"13,24800";"17,16209";"-1,56353"
"13,25800";"17,14710";"-1,52416"
"13,26800";"17,13199";"-1,48158"
"13,27800";"17,11699";"-1,44946"
"13,28800";"17,10200";"-1,41847"
"13,29800";"17,08713";"-1,38913"
"13,30800";"17,07201";"-1,35384"
"13,31800";"17,05690";"-1,32113"
"13,32800";"17,04191";"-1,28755"
"13,33800";"17,02692";"-1,25889"
"13,34800";"17,01192";"-1,22623"
"13,35800";"16,99693";"-1,20232"
"13,36800";"16,98194";"-1,18331"
"13,37800";"16,96706";"-1,16939"
"13,38800";"16,95207";"-1,14936"
"13,39800";"16,93708";"-1,14014"
"13,40800";"16,92196";"-1,12565"
"13,41800";"16,90686";"-1,11131"
"13,42800";"16,89198";"-1,08970"
"13,43800";"16,87687";"-1,07686"
"13,44800";"16,86188";"-1,06347"
"13,45800";"16,84688";"-1,04618"
"13,46800";"16,83201";"-1,02317"
"13,47800";"16,81689";"-1,00507"
"13,48800";"16,80190";"-0,99238"
"13,49800";"16,78691";"-0,97861"
"13,50800";"16,77192";"-0,95602"
"13,51800";"16,75692";"-0,94469"
"13,52800";"16,74193";"-0,92951"
"13,53800";"16,72706";"-0,91704"
"13,54800";"16,71206";"-0,90425"
"13,55800";"16,69707";"-0,88621"
"13,56800";"16,68196";"-0,86362"
"13,57800";"16,66685";"-0,84553"
"13,58800";"16,65197";"-0,83560"
"13,59800";"16,63710";"-0,83481"
"13,60800";"16,62199";"-0,83101"
"13,61800";"16,60699";"-0,81868"
"13,62800";"16,59200";"-0,80920"
"13,63800";"16,57689";"-0,78844"
"13,64800";"16,56178";"-0,76728"
"13,65800";"16,54667";"-0,75141"
"13,66800";"16,53179";"-0,74285"
"13,67800";"16,51692";"-0,73731"
"13,68800";"16,50204";"-0,72615"
"13,69800";"16,48705";"-0,72133"
"13,70800";"16,47206";"-0,71488"
"13,71800";"16,45706";"-0,70163"
"13,72800";"16,44195";"-0,68546"
"13,73800";"16,42684";"-0,67602"
"13,74800";"16,41185";"-0,66100"
"13,75800";"16,39709";"-0,64668"
"13,76800";"16,38210";"-0,63368"
"13,77800";"16,36710";"-0,62957"
"13,78800";"16,35211";"-0,62563"
"13,79800";"16,33724";"-0,62495"
"13,80800";"16,32224";"-0,62833"
"13,81800";"16,30713";"-0,63100"
"13,82800";"16,29214";"-0,63705"
"13,83800";"16,27727";"-0,63589"
"13,84800";"16,26227";"-0,62254"
"13,85800";"16,24716";"-0,60286"
"13,86800";"16,23217";"-0,58577"
"13,87800";"16,21717";"-0,58131"
"13,88800";"16,20218";"-0,58502"
"13,89800";"16,18707";"-0,58100"
"13,90800";"16,17208";"-0,57390"
"13,91800";"16,15720";"-0,56939"
"13,92800";"16,14221";"-0,56804"
"13,93800";"16,12710";"-0,55503"
"13,94800";"16,11199";"-0,55185"
"13,95800";"16,09687";"-0,55487"
"13,96800";"16,08188";"-0,55468"
"13,97800";"16,06677";"-0,54330"
"13,98800";"16,05178";"-0,53269"
"13,99800";"16,03690";"-0,52191"
"14,00800";"16,02203";"-0,51625"
"14,01800";"16,00704";"-0,51306"
"14,02800";"15,99192";"-0,50822"
"14,03800";"15,97693";"-0,50690"
"14,04800";"15,96194";"-0,49879"
"14,05800";"15,94695";"-0,48908"
"14,06800";"15,93195";"-0,48225"
"14,07800";"15,91696";"-0,47772"
"14,08800";"15,90208";"-0,47424"
"14,09800";"15,88709";"-0,46962"
"14,10800";"15,87210";"-0,46803"
"14,11800";"15,85699";"-0,46791"
"14,12800";"15,84199";"-0,46791"
"14,13800";"15,82712";"-0,46304"
"14,14800";"15,81213";"-0,45517"
"14,15800";"15,79713";"-0,45255"
"14,16800";"15,78226";"-0,45521"
"14,17800";"15,76738";"-0,45718"
"14,18800";"15,75239";"-0,45896"
"14,19800";"15,73716";"-0,45632"
"14,20800";"15,72205";"-0,45707"
"14,21800";"15,70706";"-0,45594"
"14,22800";"15,69206";"-0,44964"
"14,23800";"15,67707";"-0,44248"
"14,24800";"15,66208";"-0,44170"
"14,25800";"15,64708";"-0,44230"
"14,26800";"15,63209";"-0,43392"
"14,27800";"15,61686";"-0,42441"
"14,28800";"15,60175";"-0,41823"
"14,29800";"15,58676";"-0,41455"
"14,30800";"15,57176";"-0,40466"
"14,31800";"15,55677";"-0,40581"
"14,32800";"15,54190";"-0,40505"
"14,33800";"15,52702";"-0,39918"
"14,34800";"15,51203";"-0,39158"
"14,35800";"15,49692";"-0,39155"
"14,36800";"15,48180";"-0,39292"
"14,37800";"15,46693";"-0,39617"
"14,38800";"15,45217";"-0,39370"
"14,39800";"15,43706";"-0,39043"
"14,40800";"15,42207";"-0,37807"
"14,41800";"15,40707";"-0,37225"
"14,42800";"15,39220";"-0,36880"
"14,43800";"15,37709";"-0,37116"
"14,44800";"15,36198";"-0,37404"
"14,45800";"15,34699";"-0,38533"
"14,46800";"15,33211";"-0,38290"
"14,47800";"15,31712";"-0,37057"
"14,48800";"15,30201";"-0,36366"
"14,49800";"15,28701";"-0,36270"
"14,50800";"15,27202";"-0,36071"
"14,51800";"15,25703";"-0,36083"
"14,52800";"15,24192";"-0,35811"
"14,53800";"15,22692";"-0,35605"
"14,54800";"15,21205";"-0,35719"
"14,55800";"15,19706";"-0,36109"
"14,56800";"15,18206";"-0,35667"
"14,57800";"15,16707";"-0,35720"
"14,58800";"15,15219";"-0,35840"
"14,59800";"15,13720";"-0,35051"
"14,60800";"15,12209";"-0,34810"
"14,61800";"15,10698";"-0,34721"
"14,62800";"15,09210";"-0,34964"
"14,63800";"15,07723";"-0,35124"
"14,64800";"15,06223";"-0,34806"
"14,65800";"15,04713";"-0,33375"
"14,66800";"15,03213";"-0,33270"
"14,67800";"15,01702";"-0,33156"
"14,68800";"15,00203";"-0,33431"
"14,69800";"14,98703";"-0,33487"
"14,70800";"14,97204";"-0,33475"
"14,71800";"14,95717";"-0,32390"
"14,72800";"14,94229";"-0,31027"
"14,73800";"14,92730";"-0,29570"
"14,74800";"14,91231";"-0,28333"
"14,75800";"14,89731";"-0,28216"
"14,76800";"14,88232";"-0,28271"
"14,77800";"14,86709";"-0,28335"
"14,78800";"14,85210";"-0,28134"
"14,79800";"14,83722";"-0,27819"
"14,80800";"14,82223";"-0,27982"
"14,81800";"14,80712";"-0,28027"
"14,82800";"14,79201";"-0,27715"
"14,83800";"14,77713";"-0,26577"
"14,84800";"14,76214";"-0,24858"
"14,85800";"14,74714";"-0,24063"
"14,86800";"14,73215";"-0,24106"
"14,87800";"14,71716";"-0,24664"
"14,88800";"14,70228";"-0,24860"
"14,89800";"14,68706";"-0,25094"
"14,90800";"14,67194";"-0,25382"
"14,91800";"14,65695";"-0,25152"
"14,92800";"14,64208";"-0,25376"
"14,93800";"14,62708";"-0,25435"
"14,94800";"14,61197";"-0,24725"
"14,95800";"14,59698";"-0,23946"
"14,96800";"14,58210";"-0,24362"
"14,97800";"14,56699";"-0,24040"
"14,98800";"14,55176";"-0,23595"
"14,99800";"14,53677";"-0,23408"
"15,00800";"14,52190";"-0,22850"
"15,01800";"14,50690";"-0,22384"
"15,02800";"14,49179";"-0,22646"
"15,03800";"14,47680";"-0,23568"
"15,04800";"14,46192";"-0,23633"
"15,05800";"14,44681";"-0,22700"
"15,06800";"14,43170";"-0,22006"
"15,07800";"14,41659";"-0,21858"
"15,08800";"14,40183";"-0,21809"
"15,09800";"14,38684";"-0,21863"
"15,10800";"14,37173";"-0,21097"
"15,11800";"14,35674";"-0,20068"
"15,12800";"14,34186";"-0,19211"
"15,13800";"14,32687";"-0,18439"
"15,14800";"14,31164";"-0,17800"
"15,15800";"14,29665";"-0,16978"
"15,16800";"14,28189";"-0,15281"
"15,17800";"14,26713";"-0,14075"
"15,18800";"14,25202";"-0,13258"
"15,19800";"14,23691";"-0,13205"
"15,20800";"14,22192";"-0,13164"
"15,21800";"14,20692";"-0,13555"
"15,22800";"14,19181";"-0,13727"
"15,23800";"14,17670";"-0,14397"
"15,24800";"14,16183";"-0,14943"
"15,25800";"14,14707";"-0,14545"
"15,26800";"14,13208";"-0,13920"
"15,27800";"14,11697";"-0,13605"
"15,28800";"14,10197";"-0,13137"
"15,29800";"14,08698";"-0,13069"
"15,30800";"14,07187";"-0,12982"
"15,31800";"14,05688";"-0,12938"
"15,32800";"14,04200";"-0,13206"
"15,33800";"14,02713";"-0,12970"
"15,34800";"14,01225";"-0,11983"
"15,35800";"13,99714";"-0,11777"
"15,36800";"13,98215";"-0,12066"
"15,37800";"13,96739";"-0,12496"
"15,38800";"13,95228";"-0,12459"
"15,39800";"13,93729";"-0,12435"
"15,40800";"13,92229";"-0,12951"
"15,41800";"13,90730";"-0,12782"
"15,42800";"13,89231";"-0,12938"
"15,43800";"13,87708";"-0,12862"
"15,44800";"13,86196";"-0,12946"
"15,45800";"13,84709";"-0,13413"
"15,46800";"13,83210";"-0,13151"
"15,47800";"13,81699";"-0,12572"
"15,48800";"13,80199";"-0,11942"
"15,49800";"13,78712";"-0,11520"
"15,50800";"13,77212";"-0,10816"
"15,51800";"13,75690";"-0,10564"
"15,52800";"13,74179";"-0,10392"
"15,53800";"13,72679";"-0,10692"
"15,54800";"13,71180";"-0,09749"
"15,55800";"13,69692";"-0,09148"
"15,56800";"13,68193";"-0,08401"
"15,57800";"13,66706";"-0,07853"
"15,58800";"13,65218";"-0,08089"
"15,59800";"13,63707";"-0,08055"
"15,60800";"13,62196";"-0,08279"
"15,61800";"13,60685";"-0,08621"
"15,62800";"13,59197";"-0,08319"
"15,63800";"13,57698";"-0,07336"
"15,64800";"13,56187";"-0,07474"
"15,65800";"13,54688";"-0,08295"
"15,66800";"13,53188";"-0,08175"
"15,67800";"13,51689";"-0,07796"
"15,68800";"13,50178";"-0,08078"
"15,69800";"13,48678";"-0,08038"
"15,70800";"13,47179";"-0,08180"
"15,71800";"13,45704";"-0,08458"
"15,72800";"13,44204";"-0,08341"
"15,73800";"13,42705";"-0,07977"
"15,74800";"13,41206";"-0,07548"
"15,75800";"13,39718";"-0,06561"
"15,76800";"13,38207";"-0,06474"
"15,77800";"13,36684";"-0,07372"
"15,78800";"13,35185";"-0,07916"
"15,79800";"13,33709";"-0,07381"
"15,80800";"13,32210";"-0,07054"
"15,81800";"13,30699";"-0,06833"
"15,82800";"13,29199";"-0,06685"
"15,83800";"13,27700";"-0,06049"
"15,84800";"13,26201";"-0,05438"
"15,85800";"13,24690";"-0,05716"
"15,86800";"13,23190";"-0,06909"
"15,87800";"13,21714";"-0,07609"
"15,88800";"13,20215";"-0,07863"
"15,89800";"13,18692";"-0,07817"
"15,90800";"13,17181";"-0,07325"
"15,91800";"13,15694";"-0,07173"
"15,92800";"13,14183";"-0,07612"
"15,93800";"13,12671";"-0,08603"
"15,94800";"13,11172";"-0,09643"
"15,95800";"13,09685";"-0,09687"
"15,96800";"13,08209";"-0,09866"
"15,97800";"13,06698";"-0,09913"
"15,98800";"13,05187";"-0,09409"
"15,99800";"13,03687";"-0,08739"
"16,00800";"13,02200";"-0,08635"
"16,01800";"13,00677";"-0,08183"
"16,02800";"12,99178";"-0,07411"
"16,03800";"12,97690";"-0,07239"
"16,04800";"12,96203";"-0,07673"
"16,05800";"12,94715";"-0,07950"
"16,06800";"12,93204";"-0,08324"
"16,07800";"12,91705";"-0,08361"
"16,08800";"12,90205";"-0,07732"
"16,09800";"12,88694";"-0,06959"
"16,10800";"12,87195";"-0,06576"
"16,11800";"12,85708";"-0,07307"
"16,12800";"12,84208";"-0,07459"
"16,13800";"12,82709";"-0,08354"
"16,14800";"12,81198";"-0,08760"
"16,15800";"12,79699";"-0,09075"
"16,16800";"12,78199";"-0,08921"
"16,17800";"12,76700";"-0,09618"
"16,18800";"12,75189";"-0,09794"
"16,19800";"12,73701";"-0,10210"
"16,20800";"12,72214";"-0,09805"
"16,21800";"12,70715";"-0,09420"
"16,22800";"12,69192";"-0,09322"
"16,23800";"12,67681";"-0,09927"
"16,24800";"12,66181";"-0,09653"
"16,25800";"12,64682";"-0,09095"
"16,26800";"12,63183";"-0,08882"
"16,27800";"12,61683";"-0,08548"
"16,28800";"12,60196";"-0,08558"
"16,29800";"12,58697";"-0,08938"
"16,30800";"12,57197";"-0,08141"
"16,31800";"12,55686";"-0,07315"
"16,32800";"12,54187";"-0,07760"
"16,33800";"12,52688";"-0,07555"
"16,34800";"12,51200";"-0,07218"
"16,35800";"12,49689";"-0,06917"
"16,36800";"12,48201";"-0,06925"
"16,37800";"12,46702";"-0,07684"
"16,38800";"12,45191";"-0,08472"
"16,39800";"12,43692";"-0,09465"
"16,40800";"12,42180";"-0,10386"
"16,41800";"12,40681";"-0,10611"
"16,42800";"12,39206";"-0,09770"
"16,43800";"12,37706";"-0,08378"
"16,44800";"12,36207";"-0,07325"
"16,45800";"12,34708";"-0,07214"
"16,46800";"12,33208";"-0,07270"
"16,47800";"12,31697";"-0,07763"
"16,48800";"12,30186";"-0,08003"
"16,49800";"12,28687";"-0,08415"
"16,50800";"12,27199";"-0,09192"
"16,51800";"12,25712";"-0,08831"
"16,52800";"12,24212";"-0,09405"
"16,53800";"12,22713";"-0,10664"
"16,54800";"12,21214";"-0,11232"
"16,55800";"12,19703";"-0,10592"
"16,56800";"12,18192";"-0,09807"
"16,57800";"12,16692";"-0,09471"
"16,58800";"12,15205";"-0,09054"
"16,59800";"12,13706";"-0,08904"
"16,60800";"12,12194";"-0,08892"
"16,61800";"12,10695";"-0,08395"
"16,62800";"12,09208";"-0,08419"
"16,63800";"12,07708";"-0,08205"
"16,64800";"12,06197";"-0,08124"
"16,65800";"12,04710";"-0,08530"
"16,66800";"12,03210";"-0,08158"
"16,67800";"12,01723";"-0,08109"
"16,68800";"12,00212";"-0,08054"
"16,69800";"11,98701";"-0,08228"
"16,70800";"11,97201";"-0,08199"
"16,71800";"11,95690";"-0,08351"
"16,72800";"11,94191";"-0,08790"
"16,73800";"11,92692";"-0,09310"
"16,74800";"11,91204";"-0,09442"
"16,75800";"11,89717";"-0,09018"
"16,76800";"11,88206";"-0,08744"
"16,77800";"11,86695";"-0,08348"
"16,78800";"11,85183";"-0,08134"
"16,79800";"11,83684";"-0,08559"
"16,80800";"11,82185";"-0,09109"
"16,81800";"11,80674";"-0,08694"
"16,82800";"11,79186";"-0,08228"
"16,83800";"11,77699";"-0,08255"
"16,84800";"11,76199";"-0,08668"
"16,85800";"11,74688";"-0,08731"
"16,86800";"11,73189";"-0,08643"
"16,87800";"11,71690";"-0,07981"
"16,88800";"11,70202";"-0,07420"
"16,89800";"11,68691";"-0,07561"
"16,90800";"11,67192";"-0,07807"
"16,91800";"11,65693";"-0,07919"
"16,92800";"11,64193";"-0,07760"
"16,93800";"11,62694";"-0,07818"
"16,94800";"11,61195";"-0,08279"
"16,95800";"11,59683";"-0,08608"
"16,96800";"11,58184";"-0,07766"
"16,97800";"11,56697";"-0,06156"
"16,98800";"11,55185";"-0,05496"
"16,99800";"11,53698";"-0,06102"
"17,00800";"11,52199";"-0,06982"
"17,01800";"11,50687";"-0,07275"
"17,02800";"11,49188";"-0,06381"
"17,03800";"11,47677";"-0,06083"
"17,04800";"11,46190";"-0,05769"
"17,05800";"11,44702";"-0,05582"
"17,06800";"11,43203";"-0,04835"
"17,07800";"11,41704";"-0,04147"
"17,08800";"11,40216";"-0,04164"
"17,09800";"11,38717";"-0,04520"
"17,10800";"11,37206";"-0,05653"
"17,11800";"11,35694";"-0,06714"
"17,12800";"11,34183";"-0,06858"
"17,13800";"11,32696";"-0,05924"
"17,14800";"11,31185";"-0,05394"
"17,15800";"11,29697";"-0,05794"
"17,16800";"11,28198";"-0,06690"
"17,17800";"11,26710";"-0,06326"
"17,18800";"11,25211";"-0,04792"
"17,19800";"11,23700";"-0,03832"
"17,20800";"11,22213";"-0,04167"
"17,21800";"11,20701";"-0,04577"
"17,22800";"11,19202";"-0,04107"
"17,23800";"11,17691";"-0,03882"
"17,24800";"11,16192";"-0,04193"
"17,25800";"11,14704";"-0,04091"
"17,26800";"11,13205";"-0,03925"
"17,27800";"11,11694";"-0,03480"
"17,28800";"11,10194";"-0,04081"
"17,29800";"11,08707";"-0,04703"
"17,30800";"11,07208";"-0,04824"
"17,31800";"11,05696";"-0,05195"
"17,32800";"11,04197";"-0,05533"
"17,33800";"11,02686";"-0,05157"
"17,34800";"11,01187";"-0,05187"
"17,35800";"10,99676";"-0,05655"
"17,36800";"10,98176";"-0,06637"
"17,37800";"10,96689";"-0,06657"
"17,38800";"10,95213";"-0,06144"
"17,39800";"10,93702";"-0,05434"
"17,40800";"10,92191";"-0,05118"
"17,41800";"10,90692";"-0,05562"
"17,42800";"10,89192";"-0,05741"
"17,43800";"10,87681";"-0,05274"
"17,44800";"10,86182";"-0,05317"
"17,45800";"10,84683";"-0,05579"
"17,46800";"10,83195";"-0,05652"
"17,47800";"10,81696";"-0,06198"
"17,48800";"10,80173";"-0,06587"
"17,49800";"10,78686";"-0,07096"
"17,50800";"10,77186";"-0,07281"
"17,51800";"10,75687";"-0,06822"
"17,52800";"10,74188";"-0,06247"
"17,53800";"10,72700";"-0,05717"
"17,54800";"10,71213";"-0,06735"
"17,55800";"10,69725";"-0,06633"
"17,56800";"10,68214";"-0,05573"
"17,57800";"10,66715";"-0,05328"
"17,58800";"10,65215";"-0,06002"
"17,59800";"10,63716";"-0,05970"
"17,60800";"10,62217";"-0,04677"
"17,61800";"10,60717";"-0,04126"
"17,62800";"10,59230";"-0,03724"
"17,63800";"10,57731";"-0,03802"
"17,64800";"10,56231";"-0,03401"
"17,65800";"10,54720";"-0,03168"
"17,66800";"10,53221";"-0,04003"
"17,67800";"10,51722";"-0,04819"
"17,68800";"10,50234";"-0,04652"
"17,69800";"10,48735";"-0,04691"
"17,70800";"10,47247";"-0,04640"
"17,71800";"10,45748";"-0,04371"
"17,72800";"10,44237";"-0,03867"
"17,73800";"10,42726";"-0,02982"
"17,74800";"10,41215";"-0,03476"
"17,75800";"10,39715";"-0,04128"
"17,76800";"10,38216";"-0,04016"
"17,77800";"10,36705";"-0,04094"
"17,78800";"10,35206";"-0,04702"
"17,79800";"10,33706";"-0,05369"
"17,80800";"10,32207";"-0,05330"
"17,81800";"10,30696";"-0,05098"
"17,82800";"10,29185";"-0,04531"
"17,83800";"10,27697";"-0,04980"
"17,84800";"10,26210";"-0,04963"
"17,85800";"10,24699";"-0,05199"
"17,86800";"10,23199";"-0,06076"
"17,87800";"10,21712";"-0,06846"
"17,88800";"10,20224";"-0,06633"
"17,89800";"10,18713";"-0,05958"
"17,90800";"10,17202";"-0,05660"
"17,91800";"10,15703";"-0,04918"
"17,92800";"10,14204";"-0,04923"
"17,93800";"10,12692";"-0,04938"
"17,94800";"10,11181";"-0,05063"
"17,95800";"10,09682";"-0,04857"
"17,96800";"10,08183";"-0,04512"
"17,97800";"10,06671";"-0,05096"
"17,98800";"10,05160";"-0,05331"
"17,99800";"10,03673";"-0,05821"
"18,00800";"10,02185";"-0,06470"
"18,01800";"10,00686";"-0,05810"
"18,02800";"9,99175";"-0,04888"
"18,03800";"9,97676";"-0,04150"
"18,04800";"9,96188";"-0,03602"
"18,05800";"9,94689";"-0,03825"
"18,06800";"9,93178";"-0,04083"
"18,07800";"9,91690";"-0,04703"
"18,08800";"9,90203";"-0,04936"
"18,09800";"9,88715";"-0,05706"
"18,10800";"9,87204";"-0,06450"
"18,11800";"9,85693";"-0,06495"
"18,12800";"9,84194";"-0,06185"
"18,13800";"9,82695";"-0,05795"
"18,14800";"9,81195";"-0,04950"
"18,15800";"9,79696";"-0,04851"
"18,16800";"9,78208";"-0,04786"
"18,17800";"9,76709";"-0,04463"
"18,18800";"9,75198";"-0,03880"
"18,19800";"9,73699";"-0,03957"
"18,20800";"9,72211";"-0,04764"
"18,21800";"9,70712";"-0,04982"
"18,22800";"9,69213";"-0,04797"
"18,23800";"9,67701";"-0,04462"
"18,24800";"9,66214";"-0,04652"
"18,25800";"9,64726";"-0,04467"
"18,26800";"9,63215";"-0,03947"
"18,27800";"9,61704";"-0,03845"
"18,28800";"9,60205";"-0,04239"
"18,29800";"9,58706";"-0,04662"
"18,30800";"9,57206";"-0,04981"
"18,31800";"9,55707";"-0,05212"
"18,32800";"9,54220";"-0,05172"
"18,33800";"9,52732";"-0,05493"
"18,34800";"9,51221";"-0,05664"
"18,35800";"9,49710";"-0,05290"
"18,36800";"9,48199";"-0,04773"
"18,37800";"9,46699";"-0,03885"
"18,38800";"9,45212";"-0,03931"
"18,39800";"9,43701";"-0,03696"
"18,40800";"9,42201";"-0,03335"
"18,41800";"9,40714";"-0,03481"
"18,42800";"9,39215";"-0,04082"
"18,43800";"9,37704";"-0,04270"
"18,44800";"9,36192";"-0,04471"
"18,45800";"9,34693";"-0,04702"
"18,46800";"9,33206";"-0,04793"
"18,47800";"9,31694";"-0,04320"
"18,48800";"9,30195";"-0,04052"
"18,49800";"9,28708";"-0,04360"
"18,50800";"9,27232";"-0,04568"
"18,51800";"9,25721";"-0,04139"
"18,52800";"9,24210";"-0,03640"
"18,53800";"9,22699";"-0,03703"
"18,54800";"9,21211";"-0,03970"
"18,55800";"9,19712";"-0,04614"
"18,56800";"9,18201";"-0,04613"
"18,57800";"9,16701";"-0,04707"
"18,58800";"9,15202";"-0,04986"
"18,59800";"9,13703";"-0,04724"
"18,60800";"9,12192";"-0,04842"
"18,61800";"9,10681";"-0,04969"
"18,62800";"9,09205";"-0,05289"
"18,63800";"9,07717";"-0,05505"
"18,64800";"9,06206";"-0,05164"
"18,65800";"9,04695";"-0,05139"
"18,66800";"9,03196";"-0,05643"
"18,67800";"9,01696";"-0,06269"
"18,68800";"9,00185";"-0,05762"
"18,69800";"8,98674";"-0,05034"
"18,70800";"8,97187";"-0,04980"
"18,71800";"8,95699";"-0,04789"
"18,72800";"8,94188";"-0,04591"
"18,73800";"8,92677";"-0,04845"
"18,74800";"8,91190";"-0,04151"
"18,75800";"8,89690";"-0,03355"
"18,76800";"8,88179";"-0,03365"
"18,77800";"8,86680";"-0,03659"
"18,78800";"8,85192";"-0,03471"
"18,79800";"8,83717";"-0,03473"
"18,80800";"8,82217";"-0,03176"
"18,81800";"8,80694";"-0,02574"
"18,82800";"8,79195";"-0,03021"
"18,83800";"8,77696";"-0,03409"
"18,84800";"8,76197";"-0,03164"
"18,85800";"8,74685";"-0,03203"
"18,86800";"8,73198";"-0,03545"
"18,87800";"8,71722";"-0,03060"
"18,88800";"8,70235";"-0,02679"
"18,89800";"8,68724";"-0,02611"
"18,90800";"8,67213";"-0,03287"
"18,91800";"8,65725";"-0,03696"
"18,92800";"8,64214";"-0,04008"
"18,93800";"8,62703";"-0,03431"
"18,94800";"8,61203";"-0,03140"
"18,95800";"8,59716";"-0,03164"
"18,96800";"8,58228";"-0,02965"
"18,97800";"8,56717";"-0,02200"
"18,98800";"8,55206";"-0,01690"
"18,99800";"8,53695";"-0,01529"
"19,00800";"8,52196";"-0,02125"
"19,01800";"8,50685";"-0,02862"
"19,02800";"8,49174";"-0,03679"
"19,03800";"8,47686";"-0,04081"
"19,04800";"8,46199";"-0,03905"
"19,05800";"8,44687";"-0,03618"
"19,06800";"8,43176";"-0,03101"
"19,07800";"8,41665";"-0,02989"
"19,08800";"8,40178";"-0,03112"
"19,09800";"8,38679";"-0,03596"
"19,10800";"8,37179";"-0,03966"
"19,11800";"8,35680";"-0,03981"
"19,12800";"8,34204";"-0,03643"
"19,13800";"8,32705";"-0,03387"
"19,14800";"8,31194";"-0,02996"
"19,15800";"8,29683";"-0,02905"
"19,16800";"8,28183";"-0,02725"
"19,17800";"8,26696";"-0,03272"
"19,18800";"8,25185";"-0,03723"
"19,19800";"8,23685";"-0,04294"
"19,20800";"8,22186";"-0,04619"
"19,21800";"8,20699";"-0,04315"
"19,22800";"8,19188";"-0,03938"
"19,23800";"8,17676";"-0,03808"
"19,24800";"8,16189";"-0,04027"
"19,25800";"8,14701";"-0,03920"
"19,26800";"8,13202";"-0,03144"
"19,27800";"8,11703";"-0,02568"
"19,28800";"8,10204";"-0,02509"
"19,29800";"8,08704";"-0,01949"
"19,30800";"8,07193";"-0,01628"
"19,31800";"8,05682";"-0,01912"
"19,32800";"8,04183";"-0,02165"
"19,33800";"8,02707";"-0,02427"
"19,34800";"8,01208";"-0,02090"
"19,35800";"7,99708";"-0,01546"
"19,36800";"7,98209";"-0,01680"
"19,37800";"7,96698";"-0,02700"
"19,38800";"7,95199";"-0,03613"
"19,39800";"7,93688";"-0,03532"
"19,40800";"7,92188";"-0,03226"
"19,41800";"7,90701";"-0,02629"
"19,42800";"7,89213";"-0,02509"
"19,43800";"7,87714";"-0,02595"
"19,44800";"7,86203";"-0,02492"
"19,45800";"7,84692";"-0,02269"
"19,46800";"7,83204";"-0,02405"
"19,47800";"7,81693";"-0,02701"
"19,48800";"7,80194";"-0,02630"
"19,49800";"7,78694";"-0,02802"
"19,50800";"7,77219";"-0,02950"
"19,51800";"7,75719";"-0,02716"
"19,52800";"7,74208";"-0,02680"
"19,53800";"7,72709";"-0,02497"
"19,54800";"7,71222";"-0,02099"
"19,55800";"7,69710";"-0,02261"
"19,56800";"7,68199";"-0,02309"
"19,57800";"7,66712";"-0,02309"
"19,58800";"7,65224";"-0,02116"
"19,59800";"7,63725";"-0,02573"
"19,60800";"7,62202";"-0,03388"
"19,61800";"7,60703";"-0,03250"
"19,62800";"7,59192";"-0,02519"
"19,63800";"7,57692";"-0,01998"
"19,64800";"7,56181";"-0,01588"
"19,65800";"7,54682";"-0,01598"
"19,66800";"7,53194";"-0,01038"
"19,67800";"7,51695";"-0,00229"
"19,68800";"7,50184";"-0,00425"
"19,69800";"7,48685";"-0,01534"
"19,70800";"7,47185";"-0,02693"
"19,71800";"7,45686";"-0,03035"
"19,72800";"7,44187";"-0,02454"
"19,73800";"7,42687";"-0,01707"
"19,74800";"7,41188";"-0,01835"
"19,75800";"7,39701";"-0,01510"
"19,76800";"7,38190";"-0,00819"
"19,77800";"7,36679";"-0,00019"
"19,78800";"7,35179";"-0,00107"
"19,79800";"7,33680";"-0,00713"
"19,80800";"7,32181";"-0,01433"
"19,81800";"7,30681";"-0,02296"
"19,82800";"7,29194";"-0,02314"
"19,83800";"7,27706";"-0,02574"
"19,84800";"7,26195";"-0,02340"
"19,85800";"7,24696";"-0,01556"
"19,86800";"7,23185";"-0,02252"
"19,87800";"7,21685";"-0,03118"
"19,88800";"7,20198";"-0,03288"
"19,89800";"7,18699";"-0,03080"
"19,90800";"7,17199";"-0,02680"
"19,91800";"7,15712";"-0,02948"
"19,92800";"7,14212";"-0,03220"
"19,93800";"7,12713";"-0,02693"
"19,94800";"7,11202";"-0,03135"
"19,95800";"7,09703";"-0,03711"
"19,96800";"7,08204";"-0,04157"
"19,97800";"7,06692";"-0,04721"
"19,98800";"7,05181";"-0,05287"
"19,99800";"7,03682";"-0,05119"
"20,00800";"7,02183";"-0,04934"
"20,01800";"7,00683";"-0,04325"
"20,02800";"6,99172";"-0,03429"
"20,03800";"6,97685";"-0,02630"
"20,04800";"6,96209";"-0,01193"
"20,05800";"6,94722";"-0,00128"
"20,06800";"6,93222";"-0,00587"
"20,07800";"6,91723";"-0,01147"
"20,08800";"6,90235";"-0,02216"
"20,09800";"6,88724";"-0,03312"
"20,10800";"6,87213";"-0,03497"
"20,11800";"6,85702";"-0,03130"
"20,12800";"6,84203";"-0,02720"
"20,13800";"6,82715";"-0,02851"
"20,14800";"6,81204";"-0,02706"
"20,15800";"6,79705";"-0,02433"
"20,16800";"6,78206";"-0,02198"
"20,17800";"6,76706";"-0,02280"
"20,18800";"6,75195";"-0,02616"
"20,19800";"6,73684";"-0,03009"
"20,20800";"6,72197";"-0,02565"
"20,21800";"6,70709";"-0,02216"
"20,22800";"6,69210";"-0,02210"
"20,23800";"6,67710";"-0,02326"
"20,24800";"6,66211";"-0,02416"
"20,25800";"6,64700";"-0,02162"
"20,26800";"6,63189";"-0,02204"
"20,27800";"6,61678";"-0,02297"
"20,28800";"6,60178";"-0,02479"
"20,29800";"6,58703";"-0,02682"
"20,30800";"6,57203";"-0,03071"
"20,31800";"6,55692";"-0,03563"
"20,32800";"6,54193";"-0,04199"
"20,33800";"6,52694";"-0,04414"
"20,34800";"6,51194";"-0,04295"
"20,35800";"6,49683";"-0,03977"
"20,36800";"6,48184";"-0,03455"
"20,37800";"6,46696";"-0,03432"
"20,38800";"6,45209";"-0,03210"
"20,39800";"6,43710";"-0,02654"
"20,40800";"6,42210";"-0,02887"
"20,41800";"6,40711";"-0,03932"
"20,42800";"6,39212";"-0,04898"
"20,43800";"6,37712";"-0,05191"
"20,44800";"6,36213";"-0,04837"
"20,45800";"6,34714";"-0,04317"
"20,46800";"6,33226";"-0,03989"
"20,47800";"6,31715";"-0,03923"
"20,48800";"6,30204";"-0,03525"
"20,49800";"6,28693";"-0,02395"
"20,50800";"6,27206";"-0,02165"
"20,51800";"6,25718";"-0,02584"
"20,52800";"6,24207";"-0,02987"
"20,53800";"6,22719";"-0,03193"
"20,54800";"6,21208";"-0,03381"
"20,55800";"6,19697";"-0,03023"
"20,56800";"6,18186";"-0,02950"
"20,57800";"6,16675";"-0,03613"
"20,58800";"6,15164";"-0,04377"
"20,59800";"6,13676";"-0,04146"
"20,60800";"6,12177";"-0,03641"
"20,61800";"6,10690";"-0,03227"
"20,62800";"6,09202";"-0,02712"
"20,63800";"6,07703";"-0,03189"
"20,64800";"6,06204";"-0,03267"
"20,65800";"6,04692";"-0,03598"
"20,66800";"6,03193";"-0,03697"
"20,67800";"6,01706";"-0,03618"
"20,68800";"6,00206";"-0,03597"
"20,69800";"5,98707";"-0,03336"
"20,70800";"5,97208";"-0,03212"
"20,71800";"5,95708";"-0,03361"
"20,72800";"5,94209";"-0,03756"
"20,73800";"5,92686";"-0,04075"
"20,74800";"5,91199";"-0,03571"
"20,75800";"5,89711";"-0,03160"
"20,76800";"5,88212";"-0,02762"
"20,77800";"5,86713";"-0,02517"
"20,78800";"5,85213";"-0,03058"
"20,79800";"5,83714";"-0,03333"
"20,80800";"5,82215";"-0,03294"
"20,81800";"5,80703";"-0,03716"
"20,82800";"5,79204";"-0,04204"
"20,83800";"5,77729";"-0,04136"
"20,84800";"5,76229";"-0,03194"
"20,85800";"5,74718";"-0,03147"
"20,86800";"5,73219";"-0,03656"
"20,87800";"5,71719";"-0,04017"
"20,88800";"5,70220";"-0,03682"
"20,89800";"5,68709";"-0,03785"
"20,90800";"5,67198";"-0,03987"
"20,91800";"5,65699";"-0,03579"
"20,92800";"5,64211";"-0,03357"
"20,93800";"5,62700";"-0,03724"
"20,94800";"5,61177";"-0,03982"
"20,95800";"5,59678";"-0,04219"
"20,96800";"5,58179";"-0,04316"
"20,97800";"5,56679";"-0,04567"
"20,98800";"5,55180";"-0,04032"
"20,99800";"5,53692";"-0,03825"
"21,00800";"5,52205";"-0,02791"
"21,01800";"5,50717";"-0,02343"
"21,02800";"5,49206";"-0,02371"
"21,03800";"5,47695";"-0,02745"
"21,04800";"5,46208";"-0,02899"
"21,05800";"5,44697";"-0,03596"
"21,06800";"5,43197";"-0,03587"
"21,07800";"5,41698";"-0,04152"
"21,08800";"5,40222";"-0,04520"
"21,09800";"5,38735";"-0,04346"
"21,10800";"5,37212";"-0,04389"
"21,11800";"5,35713";"-0,04512"
"21,12800";"5,34201";"-0,03850"
"21,13800";"5,32714";"-0,03095"
"21,14800";"5,31203";"-0,02381"
"21,15800";"5,29704";"-0,01272"
"21,16800";"5,28216";"-0,00970"
"21,17800";"5,26717";"-0,01194"
"21,18800";"5,25206";"-0,01545"
"21,19800";"5,23706";"-0,01966"
"21,20800";"5,22207";"-0,02344"
"21,21800";"5,20708";"-0,02375"
"21,22800";"5,19197";"-0,01449"
"21,23800";"5,17697";"-0,00974"
"21,24800";"5,16210";"-0,01422"
"21,25800";"5,14722";"-0,01401"
"21,26800";"5,13223";"-0,01463"
"21,27800";"5,11700";"-0,02163"
"21,28800";"5,10189";"-0,02893"
"21,29800";"5,08701";"-0,02969"
"21,30800";"5,07202";"-0,02932"
"21,31800";"5,05703";"-0,02602"
"21,32800";"5,04215";"-0,02232"
"21,33800";"5,02716";"-0,02510"
"21,34800";"5,01217";"-0,02368"
"21,35800";"4,99694";"-0,01883"
"21,36800";"4,98183";"-0,02076"
"21,37800";"4,96683";"-0,02576"
"21,38800";"4,95184";"-0,02755"
"21,39800";"4,93673";"-0,02399"
"21,40800";"4,92174";"-0,02480"
"21,41800";"4,90686";"-0,01909"
"21,42800";"4,89187";"-0,01449"
"21,43800";"4,87676";"-0,01072"
"21,44800";"4,86165";"-0,01176"
"21,45800";"4,84677";"-0,00981"
"21,46800";"4,83201";"-0,01708"
"21,47800";"4,81714";"-0,02133"
"21,48800";"4,80215";"-0,02405"
"21,49800";"4,78727";"-0,01919"
"21,50800";"4,77228";"-0,01629"
"21,51800";"4,75717";"-0,01416"
"21,52800";"4,74194";"-0,01068"
"21,53800";"4,72694";"-0,00628"
"21,54800";"4,71207";"-0,00566"
"21,55800";"4,69708";"-0,01193"
"21,56800";"4,68208";"-0,01837"
"21,57800";"4,66697";"-0,02608"
"21,58800";"4,65210";"-0,03430"
"21,59800";"4,63710";"-0,03850"
"21,60800";"4,62199";"-0,04546"
"21,61800";"4,60688";"-0,04512"
"21,62800";"4,59201";"-0,03313"
"21,63800";"4,57713";"-0,02713"
"21,64800";"4,56214";"-0,01484"
"21,65800";"4,54715";"-0,00459"
"21,66800";"4,53227";"-0,00538"
"21,67800";"4,51740";"-0,00542"
"21,68800";"4,50228";"-0,00188"
"21,69800";"4,48717";"-0,00183"
"21,70800";"4,47230";"-0,00488"
"21,71800";"4,45742";"-0,00727"
"21,72800";"4,44231";"-0,00780"
"21,73800";"4,42720";"-0,01085"
"21,74800";"4,41209";"-0,01098"
"21,75800";"4,39710";"-0,01303"
"21,76800";"4,38199";"-0,00477"
"21,77800";"4,36687";"0,00147"
"21,78800";"4,35200";"0,00161"
"21,79800";"4,33724";"-0,00246"
"21,80800";"4,32237";"-0,01251"
"21,81800";"4,30726";"-0,02195"
"21,82800";"4,29215";"-0,02463"
"21,83800";"4,27727";"-0,02114"
"21,84800";"4,26228";"-0,01826"
"21,85800";"4,24717";"-0,02058"
"21,86800";"4,23217";"-0,02147"
"21,87800";"4,21730";"-0,02084"
"21,88800";"4,20242";"-0,01473"
"21,89800";"4,18719";"-0,01469"
"21,90800";"4,17197";"-0,01460"
"21,91800";"4,15709";"-0,02086"
"21,92800";"4,14210";"-0,01991"
"21,93800";"4,12699";"-0,02089"
"21,94800";"4,11188";"-0,03063"
"21,95800";"4,09700";"-0,03670"
"21,96800";"4,08213";"-0,03211"
"21,97800";"4,06701";"-0,01979"
"21,98800";"4,05190";"-0,01695"
"21,99800";"4,03679";"-0,01746"
"22,00800";"4,02192";"-0,01884"
"22,01800";"4,00704";"-0,01806"
"22,02800";"3,99181";"-0,01819"
"22,03800";"3,97694";"-0,01521"
"22,04800";"3,96206";"-0,01826"
"22,05800";"3,94707";"-0,02163"
"22,06800";"3,93184";"-0,02293"
"22,07800";"3,91685";"-0,02489"
"22,08800";"3,90197";"-0,02129"
"22,09800";"3,88698";"-0,01635"
"22,10800";"3,87187";"-0,01734"
"22,11800";"3,85676";"-0,01654"
"22,12800";"3,84176";"-0,01409"
"22,13800";"3,82665";"-0,01389"
"22,14800";"3,81154";"-0,02048"
"22,15800";"3,79643";"-0,02880"
"22,16800";"3,78156";"-0,03409"
"22,17800";"3,76680";"-0,04177"
"22,18800";"3,75169";"-0,04830"
"22,19800";"3,73669";"-0,04470"
"22,20800";"3,72170";"-0,03815"
"22,21800";"3,70671";"-0,03782"
"22,22800";"3,69160";"-0,04138"
"22,23800";"3,67649";"-0,04234"
"22,24800";"3,66173";"-0,03350"
"22,25800";"3,64697";"-0,03432"
"22,26800";"3,63198";"-0,03439"
"22,27800";"3,61699";"-0,03235"
"22,28800";"3,60199";"-0,02821"
"22,29800";"3,58712";"-0,02187"
"22,30800";"3,57201";"-0,02176"
"22,31800";"3,55690";"-0,02286"
"22,32800";"3,54202";"-0,02471"
"22,33800";"3,52715";"-0,02414"
"22,34800";"3,51227";"-0,02149"
"22,35800";"3,49704";"-0,02123"
"22,36800";"3,48205";"-0,02159"
"22,37800";"3,46717";"-0,02346"
"22,38800";"3,45206";"-0,02047"
"22,39800";"3,43707";"-0,01621"
"22,40800";"3,42208";"-0,01997"
"22,41800";"3,40732";"-0,02372"
"22,42800";"3,39244";"-0,02666"
"22,43800";"3,37722";"-0,02750"
"22,44800";"3,36210";"-0,02753"
"22,45800";"3,34711";"-0,02400"
"22,46800";"3,33212";"-0,02053"
"22,47800";"3,31689";"-0,01608"
"22,48800";"3,30190";"-0,02351"
"22,49800";"3,28702";"-0,03253"
"22,50800";"3,27215";"-0,02953"
"22,51800";"3,25703";"-0,02482"
"22,52800";"3,24192";"-0,02266"
"22,53800";"3,22693";"-0,02133"
"22,54800";"3,21206";"-0,02026"
"22,55800";"3,19694";"-0,02103"
"22,56800";"3,18195";"-0,02192"
"22,57800";"3,16696";"-0,01889"
"22,58800";"3,15197";"-0,02416"
"22,59800";"3,13685";"-0,03001"
"22,60800";"3,12186";"-0,03333"
"22,61800";"3,10687";"-0,02994"
"22,62800";"3,09187";"-0,02527"
"22,63800";"3,07700";"-0,02351"
"22,64800";"3,06201";"-0,01794"
"22,65800";"3,04701";"-0,02408"
"22,66800";"3,03214";"-0,02251"
"22,67800";"3,01715";"-0,01140"
"22,68800";"3,00203";"-0,01001"
"22,69800";"2,98692";"-0,01333"
"22,70800";"2,97193";"-0,01734"
"22,71800";"2,95706";"-0,01620"
"22,72800";"2,94218";"-0,00582"
"22,73800";"2,92719";"-0,00591"
"22,74800";"2,91208";"-0,01344"
"22,75800";"2,89708";"-0,01872"
"22,76800";"2,88197";"-0,01770"
"22,77800";"2,86686";"-0,02144"
"22,78800";"2,85175";"-0,01790"
"22,79800";"2,83688";"-0,01388"
"22,80800";"2,82188";"-0,01740"
"22,81800";"2,80689";"-0,02471"
"22,82800";"2,79201";"-0,02467"
"22,83800";"2,77702";"-0,02313"
"22,84800";"2,76203";"-0,02058"
"22,85800";"2,74680";"-0,02421"
"22,86800";"2,73181";"-0,03051"
"22,87800";"2,71693";"-0,03458"
"22,88800";"2,70194";"-0,04039"
"22,89800";"2,68683";"-0,04124"
"22,90800";"2,67183";"-0,04214"
"22,91800";"2,65696";"-0,03949"
"22,92800";"2,64185";"-0,03109"
"22,93800";"2,62674";"-0,02444"
"22,94800";"2,61174";"-0,01523"
"22,95800";"2,59687";"-0,01250"
"22,96800";"2,58199";"-0,01117"
"22,97800";"2,56700";"-0,00845"
"22,98800";"2,55201";"-0,01119"
"22,99800";"2,53701";"-0,01930"
"23,00800";"2,52202";"-0,02426"
"23,01800";"2,50691";"-0,02549"
"23,02800";"2,49180";"-0,02433"
"23,03800";"2,47704";"-0,02570"
"23,04800";"2,46217";"-0,01998"
"23,05800";"2,44717";"-0,01064"
"23,06800";"2,43206";"-0,00755"
"23,07800";"2,41695";"-0,00706"
"23,08800";"2,40196";"-0,01138"
"23,09800";"2,38685";"-0,02041"
"23,10800";"2,37162";"-0,03327"
"23,11800";"2,35674";"-0,03962"
"23,12800";"2,34187";"-0,03894"
"23,13800";"2,32699";"-0,03335"
"23,14800";"2,31200";"-0,03015"
"23,15800";"2,29701";"-0,02633"
"23,16800";"2,28201";"-0,02551"
"23,17800";"2,26702";"-0,02240"
"23,18800";"2,25191";"-0,02073"
"23,19800";"2,23692";"-0,01906"
"23,20800";"2,22204";"-0,01635"
"23,21800";"2,20717";"-0,00824"
"23,22800";"2,19206";"-0,00810"
"23,23800";"2,17706";"-0,01254"
"23,24800";"2,16207";"-0,01683"
"23,25800";"2,14708";"-0,00983"
"23,26800";"2,13208";"-0,00737"
"23,27800";"2,11709";"-0,01232"
"23,28800";"2,10210";"-0,02579"
"23,29800";"2,08710";"-0,03302"
"23,30800";"2,07199";"-0,03770"
"23,31800";"2,05676";"-0,04464"
"23,32800";"2,04177";"-0,05003"
"23,33800";"2,02678";"-0,04006"
"23,34800";"2,01178";"-0,01922"
"23,35800";"1,99691";"-0,01317"
"23,36800";"1,98192";"-0,01501"
"23,37800";"1,96704";"-0,01457"
"23,38800";"1,95205";"-0,01609"
"23,39800";"1,93694";"-0,01970"
"23,40800";"1,92194";"-0,02099"
"23,41800";"1,90695";"-0,02276"
"23,42800";"1,89196";"-0,01734"
"23,43800";"1,87697";"-0,01001"
"23,44800";"1,86197";"-0,01027"
"23,45800";"1,84698";"-0,01614"
"23,46800";"1,83199";"-0,02765"
"23,47800";"1,81688";"-0,03617"
"23,48800";"1,80188";"-0,04217"
"23,49800";"1,78689";"-0,03868"
"23,50800";"1,77201";"-0,03146"
"23,51800";"1,75702";"-0,01559"
"23,52800";"1,74191";"-0,00110"
"23,53800";"1,72703";"0,00382"
"23,54800";"1,71204";"-0,00383"
"23,55800";"1,69693";"-0,00722"
"23,56800";"1,68194";"-0,00517"
"23,57800";"1,66694";"-0,00207"
"23,58800";"1,65207";"0,00067"
"23,59800";"1,63708";"0,00737"
"23,60800";"1,62197";"0,00427"
"23,61800";"1,60697";"-0,00849"
"23,62800";"1,59210";"-0,01612"
"23,63800";"1,57710";"-0,01521"
"23,64800";"1,56199";"-0,01588"
"23,65800";"1,54688";"-0,02555"
"23,66800";"1,53201";"-0,02352"
"23,67800";"1,51713";"-0,01836"
"23,68800";"1,50202";"-0,01265"
"23,69800";"1,48703";"-0,01259"
"23,70800";"1,47192";"-0,01433"
"23,71800";"1,45692";"-0,01436"
"23,72800";"1,44181";"-0,01455"
"23,73800";"1,42682";"-0,01519"
"23,74800";"1,41183";"-0,01782"
"23,75800";"1,39695";"-0,02440"
"23,76800";"1,38196";"-0,02629"
"23,77800";"1,36685";"-0,02489"
"23,78800";"1,35185";"-0,02916"
"23,79800";"1,33686";"-0,02597"
"23,80800";"1,32187";"-0,01688"
"23,81800";"1,30687";"-0,00588"
"23,82800";"1,29188";"-0,00316"
"23,83800";"1,27713";"-0,00382"
"23,84800";"1,26213";"-0,01026"
"23,85800";"1,24714";"-0,01905"
"23,86800";"1,23215";"-0,03129"
"23,87800";"1,21715";"-0,02965"
"23,88800";"1,20216";"-0,02182"
"23,89800";"1,18705";"-0,00696"
"23,90800";"1,17206";"0,00612"
"23,91800";"1,15706";"0,01153"
"23,92800";"1,14207";"0,00904"
"23,93800";"1,12696";"0,00246"
"23,94800";"1,11185";"-0,00630"
"23,95800";"1,09685";"-0,01090"
"23,96800";"1,08198";"-0,01595"
"23,97800";"1,06699";"-0,01600"
"23,98800";"1,05211";"-0,01439"
"23,99800";"1,03700";"-0,01280"
"24,00800";"1,02213";"-0,01228"
"24,01800";"1,00713";"-0,00579"
"24,02800";"0,99202";"-0,00849"
"24,03800";"0,97691";"-0,01396"
"24,04800";"0,96192";"-0,01380"
"24,05800";"0,94692";"-0,00752"
"24,06800";"0,93193";"-0,00430"
"24,07800";"0,91706";"-0,01402"
"24,08800";"0,90206";"-0,01577"
"24,09800";"0,88707";"-0,01093"
"24,10800";"0,87196";"-0,00878"
"24,11800";"0,85685";"-0,00942"
"24,12800";"0,84185";"-0,00568"
"24,13800";"0,82698";"-0,00195"
"24,14800";"0,81199";"-0,00017"
"24,15800";"0,79699";"-0,00700"
"24,16800";"0,78212";"-0,01147"
"24,17800";"0,76724";"-0,00795"
"24,18800";"0,75225";"-0,00161"
"24,19800";"0,73714";"-0,00305"
"24,20800";"0,72215";"-0,00619"
"24,21800";"0,70727";"-0,00546"
"24,22800";"0,69216";"-0,00543"
"24,23800";"0,67705";"-0,00430"
"24,24800";"0,66206";"-0,00211"
"24,25800";"0,64706";"-0,00832"
"24,26800";"0,63219";"-0,01461"
"24,27800";"0,61696";"-0,01303"
"24,28800";"0,60197";"-0,00326"
"24,29800";"0,58697";"0,00376"
"24,30800";"0,57198";"0,01656"
"24,31800";"0,55687";"0,01321"
"24,32800";"0,54188";"-0,00122"
"24,33800";"0,52688";"-0,01189"
"24,34800";"0,51177";"-0,02329"
"24,35800";"0,49666";"-0,01779"
"24,36800";"0,48167";"-0,00552"
"24,37800";"0,46691";"-0,00592"
"24,38800";"0,45203";"-0,01257"
"24,39800";"0,43692";"-0,02088"
"24,40800";"0,42181";"-0,01906"
"24,41800";"0,40694";"-0,01859"
"24,42800";"0,39194";"-0,01601"
"24,43800";"0,37683";"-0,01093"
"24,44800";"0,36184";"-0,01067"
"24,45800";"0,34685";"-0,00960"
"24,46800";"0,33209";"-0,00406"
"24,47800";"0,31710";"-0,00637"
"24,48800";"0,30199";"-0,00948"
"24,49800";"0,28699";"-0,01375"
"24,50800";"0,27212";"-0,01861"
"24,51800";"0,25701";"-0,01127"
"24,52800";"0,24190";"-0,00649"
"24,53800";"0,22690";"-0,01190"
"24,54800";"0,21203";"-0,01545"
"24,55800";"0,19703";"-0,01688"
"24,56800";"0,18192";"-0,00809"
"24,57800";"0,16681";"-0,00049"
"24,58800";"0,15194";"0,00838"
"24,59800";"0,13706";"0,00650"
"24,60800";"0,12195";"-0,00198"
"24,61800";"0,10708";"-0,00825"
"24,62800";"0,09232";"-0,01395"
"24,63800";"0,07744";"-0,01529"
"24,64800";"0,06233";"-0,01337"
"24,65800";"0,04722";"-0,01841"
"24,66800";"0,03223";"-0,02040"
"24,67800";"0,01724";"-0,02198"
"24,68800";"0,00213";"-0,02211"
"24,69000";"-0,00083";"-0,02132"
"24,69200";"-0,00378";"-0,02026"
"24,70200";"-0,01688";"-0,01200"
"24,71200";"-0,02397";"0,00583"
"24,71800";"-0,02574";"0,01822"
"24,72800";"-0,02491";"0,03235"
"24,73800";"-0,01972";"0,03442"
"24,74800";"-0,00791";"0,04672"
"24,75800";"0,00909";"0,06386"
"24,76800";"0,02940";"0,06067"
"24,77800";"0,05100";"0,03380"
"24,78800";"0,07284";"0,00154"
"24,79800";"0,09421";"-0,01704"
"24,80800";"0,11487";"-0,02563"
"24,81800";"0,13447";"-0,02976"
"24,82800";"0,15335";"-0,02531"
"24,83800";"0,17130";"-0,03051"
"24,84800";"0,18877";"-0,03635"
"24,85800";"0,20565";"-0,03194"
"24,86800";"0,22218";"-0,03026"
"24,87800";"0,23835";"-0,03277"
"24,88800";"0,25429";"-0,03287"
"24,89800";"0,26999";"-0,02378"
"24,90800";"0,28546";"-0,00966"
"24,91800";"0,30104";"-0,00956"
"24,92800";"0,31651";"-0,00150"
"24,93800";"0,33185";"-0,00017"
"24,94800";"0,34708";"-0,00231"
"24,95800";"0,36231";"-0,01063"
"24,96800";"0,37742";"-0,01996"
"24,97800";"0,39242";"-0,03119"
"24,98800";"0,40741";"-0,03071"
"24,99800";"0,42264";"-0,02728"
"25,00800";"0,43775";"-0,02581"
"25,01800";"0,45286";"-0,02670"
"25,02800";"0,46785";"-0,02062"
"25,03800";"0,48285";"-0,01927"
"25,04800";"0,49784";"-0,01360"
"25,05800";"0,51272";"-0,00770"
"25,06800";"0,52771";"0,00341"
"25,07800";"0,54282";"0,00267"
"25,08800";"0,55781";"0,00544"
"25,09800";"0,57292";"0,00319"
"25,10800";"0,58792";"-0,00401"
"25,11800";"0,60291";"-0,01043"
"25,12800";"0,61790";"-0,01038"
"25,13800";"0,63290";"-0,00885"
"25,14800";"0,64801";"-0,01438"
"25,15800";"0,66300";"-0,01584"
"25,16800";"0,67799";"-0,00828"
"25,17800";"0,69299";"-0,00079"
"25,18800";"0,70786";"0,00663"
"25,19800";"0,72297";"0,01138"
"25,20800";"0,73797";"0,00577"
"25,21800";"0,75296";"-0,00259"
"25,22800";"0,76795";"-0,00948"
"25,23800";"0,78306";"-0,01788"
"25,24800";"0,79806";"-0,01891"
"25,25800";"0,81305";"-0,01072"
"25,26800";"0,82804";"-0,00563"
"25,27800";"0,84292";"-0,00300"
"25,28800";"0,85791";"-0,00551"
"25,29800";"0,87278";"-0,00742"
"25,30800";"0,88790";"-0,00310"
"25,31800";"0,90289";"0,00218"
"25,32800";"0,91800";"0,01062"
"25,33800";"0,93299";"0,01791"
"25,34800";"0,94799";"0,01417"
"25,35800";"0,96298";"0,00271"
"25,36800";"0,97797";"-0,01367"
"25,37800";"0,99297";"-0,02198"
"25,38800";"1,00796";"-0,01472"
"25,39800";"1,02307";"-0,00753"
"25,40800";"1,03806";"-0,00222"
"25,41800";"1,05306";"0,00231"
"25,42800";"1,06805";"0,00914"
"25,43800";"1,08304";"0,01067"
"25,44800";"1,09803";"0,00550"
"25,45800";"1,11291";"-0,00148"
"25,46800";"1,12790";"-0,00672"
"25,47800";"1,14301";"-0,00527"
"25,48800";"1,15789";"-0,00329"
"25,49800";"1,17300";"-0,00081"
"25,50800";"1,18788";"0,00109"
"25,51800";"1,20287";"0,00483"
"25,52800";"1,21786";"0,00137"
"25,53800";"1,23285";"-0,00570"
"25,54800";"1,24797";"-0,00544"
"25,55800";"1,26308";"-0,00282"
"25,56800";"1,27819";"-0,00375"
"25,57800";"1,29306";"-0,00293"
"25,58800";"1,30806";"0,00222"
"25,59800";"1,32305";"0,00352"
"25,60800";"1,33792";"0,00003"
"25,61800";"1,35292";"0,00074"
"25,62800";"1,36803";"0,00059"
"25,63800";"1,38302";"0,00353"
"25,64800";"1,39813";"0,00322"
"25,65800";"1,41313";"0,00189"
"25,66800";"1,42800";"0,00840"
"25,67800";"1,44299";"0,00836"
"25,68800";"1,45799";"0,01222"
"25,69800";"1,47286";"0,01688"
"25,70800";"1,48785";"0,01474"
"25,71800";"1,50297";"0,00910"
"25,72800";"1,51808";"0,00785"
"25,73800";"1,53307";"0,00510"
"25,74800";"1,54794";"0,00182"
"25,75800";"1,56294";"0,00102"
"25,76800";"1,57793";"0,00042"
"25,77800";"1,59292";"0,00665"
"25,78800";"1,60803";"0,00905"
"25,79800";"1,62303";"0,00382"
"25,80800";"1,63814";"-0,00249"
"25,81800";"1,65301";"-0,00047"
"25,82800";"1,66801";"0,00679"
"25,83800";"1,68300";"0,01228"
"25,84800";"1,69799";"0,00910"
"25,85800";"1,71299";"0,00510"
"25,86800";"1,72810";"0,00521"
"25,87800";"1,74309";"0,00904"
"25,88800";"1,75808";"0,00549"
"25,89800";"1,77308";"0,00818"
"25,90800";"1,78807";"0,00471"
"25,91800";"1,80306";"0,00328"
"25,92800";"1,81794";"0,00261"
"25,93800";"1,83293";"0,00414"
"25,94800";"1,84792";"0,00403"
"25,95800";"1,86292";"0,00583"
"25,96800";"1,87803";"0,01486"
"25,97800";"1,89290";"0,02164"
"25,98800";"1,90801";"0,02336"
"25,99800";"1,92301";"0,02416"
"26,00800";"1,93788";"0,02180"
"26,01800";"1,95288";"0,02200"
"26,02800";"1,96787";"0,01737"
"26,03800";"1,98286";"0,00771"
"26,04800";"1,99797";"0,00249"
"26,05800";"2,01297";"0,00115"
"26,06800";"2,02784";"0,00222"
"26,07800";"2,04283";"0,00037"
"26,08800";"2,05783";"0,00215"
"26,09800";"2,07294";"0,00624"
"26,10800";"2,08793";"0,01254"
"26,11800";"2,10292";"0,01879"
"26,12800";"2,11803";"0,02229"
"26,13800";"2,13303";"0,01765"
"26,14800";"2,14802";"0,01678"
"26,15800";"2,16313";"0,01906"
"26,16800";"2,17813";"0,01206"
"26,17800";"2,19312";"0,00681"
"26,18800";"2,20811";"0,00492"
"26,19800";"2,22310";"0,01219"
"26,20800";"2,23810";"0,01654"
"26,21800";"2,25297";"0,01968"
"26,22800";"2,26797";"0,02239"
"26,23800";"2,28296";"0,02210"
"26,24800";"2,29783";"0,01871"
"26,25800";"2,31283";"0,01588"
"26,26800";"2,32782";"0,00880"
"26,27800";"2,34281";"0,00477"
"26,28800";"2,35781";"0,00562"
"26,29800";"2,37292";"0,01381"
"26,30800";"2,38791";"0,02656"
"26,31800";"2,40278";"0,03131"
"26,32800";"2,41778";"0,02481"
"26,33800";"2,43301";"0,02082"
"26,34800";"2,44812";"0,02122"
"26,35800";"2,46323";"0,01503"
"26,36800";"2,47822";"0,01690"
"26,37800";"2,49322";"0,02271"
"26,38800";"2,50821";"0,02741"
"26,39800";"2,52308";"0,02580"
"26,40800";"2,53796";"0,01711"
"26,41800";"2,55283";"0,01520"
"26,42800";"2,56783";"0,01137"
"26,43800";"2,58270";"0,00571"
"26,44800";"2,59758";"0,00155"
"26,45800";"2,61257";"-0,00407"
"26,46800";"2,62756";"-0,00404"
"26,47800";"2,64232";"0,00653"
"26,48800";"2,65719";"0,01722"
"26,49800";"2,67231";"0,01933"
"26,50800";"2,68742";"0,01957"
"26,51800";"2,70253";"0,02444"
"26,52800";"2,71764";"0,03068"
"26,53800";"2,73263";"0,03441"
"26,54800";"2,74774";"0,02869"
"26,55800";"2,76285";"0,02165"
"26,56800";"2,77808";"0,01429"
"26,57800";"2,79331";"0,00855"
"26,58800";"2,80842";"0,00472"
"26,59800";"2,82342";"0,00371"
"26,60800";"2,83841";"0,00002"
"26,61800";"2,85340";"-0,01036"
"26,62800";"2,86840";"-0,01312"
"26,63800";"2,88327";"-0,00151"
"26,64800";"2,89826";"0,00673"
"26,65800";"2,91314";"0,01915"
"26,66800";"2,92813";"0,01691"
"26,67800";"2,94313";"0,00931"
"26,68800";"2,95824";"0,01045"
"26,69800";"2,97323";"0,01188"
"26,70800";"2,98810";"0,01290"
"26,71800";"3,00298";"0,01461"
"26,72800";"3,01797";"0,02053"
"26,73800";"3,03297";"0,01962"
"26,74800";"3,04784";"0,01400"
"26,75800";"3,06283";"0,01112"
"26,76800";"3,07783";"0,01722"
"26,77800";"3,09270";"0,02049"
"26,78800";"3,10758";"0,01469"
"26,79800";"3,12245";"0,00491"
"26,80800";"3,13733";"0,00230"
"26,81800";"3,15232";"0,00605"
"26,82800";"3,16731";"0,01269"
"26,83800";"3,18242";"0,02198"
"26,84800";"3,19777";"0,02325"
"26,85800";"3,21300";"0,02359"
"26,86800";"3,22811";"0,02072"
"26,87800";"3,24310";"0,01995"
"26,88800";"3,25822";"0,01849"
"26,89800";"3,27333";"0,01441"
"26,90800";"3,28832";"0,00670"
"26,91800";"3,30343";"0,00350"
"26,92800";"3,31866";"-0,00072"
"26,93800";"3,33365";"-0,00463"
"26,94800";"3,34853";"-0,00064"
"26,95800";"3,36340";"0,00465"
"26,96800";"3,37840";"0,00364"
"26,97800";"3,39339";"0,00194"
"26,98800";"3,40826";"-0,00144"
"26,99800";"3,42314";"-0,00269"
"27,00800";"3,43813";"0,00017"
"27,01800";"3,45301";"0,00213"
"27,02800";"3,46788";"0,00601"
"27,03800";"3,48287";"0,00856"
"27,04800";"3,49775";"0,00500"
"27,05800";"3,51263";"0,00718"
"27,06800";"3,52762";"0,00323"
"27,07800";"3,54249";"0,00198"
"27,08800";"3,55737";"0,00442"
"27,09800";"3,57236";"0,01225"
"27,10800";"3,58724";"0,01719"
"27,11800";"3,60223";"0,01930"
"27,12800";"3,61746";"0,02120"
"27,13800";"3,63269";"0,02410"
"27,14800";"3,64792";"0,02696"
"27,15800";"3,66303";"0,02574"
"27,16800";"3,67802";"0,01514"
"27,17800";"3,69301";"0,01284"
"27,18800";"3,70813";"0,01499"
"27,19800";"3,72324";"0,02102"
"27,20800";"3,73847";"0,02527"
"27,21800";"3,75358";"0,02419"
"27,22800";"3,76857";"0,01362"
"27,23800";"3,78356";"0,00802"
"27,24800";"3,79856";"0,01090"
"27,25800";"3,81343";"0,01186"
"27,26800";"3,82831";"0,01774"
"27,27800";"3,84318";"0,02395"
"27,28800";"3,85806";"0,02335"
"27,29800";"3,87305";"0,01953"
"27,30800";"3,88804";"0,01320"
"27,31800";"3,90303";"0,01101"
"27,32800";"3,91803";"0,00557"
"27,33800";"3,93302";"0,00129"
"27,34800";"3,94801";"0,00293"
"27,35800";"3,96301";"0,01196"
"27,36800";"3,97800";"0,02100"
"27,37800";"3,99288";"0,01930"
"27,38800";"4,00775";"0,02119"
"27,39800";"4,02263";"0,01705"
"27,40800";"4,03762";"0,01832"
"27,41800";"4,05261";"0,03082"
"27,42800";"4,06760";"0,03267"
"27,43800";"4,08272";"0,02902"
"27,44800";"4,09783";"0,03069"
"27,45800";"4,11306";"0,02443"
"27,46800";"4,12817";"0,00867"
"27,47800";"4,14328";"0,00273"
"27,48800";"4,15851";"0,00540"
"27,49800";"4,17362";"0,01377"
"27,50800";"4,18861";"0,01597"
"27,51800";"4,20372";"0,01636"
"27,52800";"4,21860";"0,01685"
"27,53800";"4,23359";"0,01694"
"27,54800";"4,24847";"0,01299"
"27,55800";"4,26322";"0,00755"
"27,56800";"4,27810";"0,01011"
"27,57800";"4,29297";"0,00931"
"27,58800";"4,30797";"0,01565"
"27,59800";"4,32296";"0,01314"
"27,60800";"4,33807";"0,01222"
"27,61800";"4,35318";"0,01210"
"27,62800";"4,36817";"0,00999"
"27,63800";"4,38317";"0,00470"
"27,64800";"4,39816";"0,00382"
"27,65800";"4,41292";"0,00692"
"27,66800";"4,42779";"0,01280"
"27,67800";"4,44278";"0,02297"
"27,68800";"4,45778";"0,02789"
"27,69800";"4,47277";"0,02610"
"27,70800";"4,48776";"0,02692"
"27,71800";"4,50276";"0,02370"
"27,72800";"4,51775";"0,01756"
"27,73800";"4,53263";"0,00879"
"27,74800";"4,54774";"0,00633"
"27,75800";"4,56297";"0,00929"
"27,76800";"4,57808";"0,01116"
"27,77800";"4,59319";"0,01194"
"27,78800";"4,60830";"0,00757"
"27,79800";"4,62317";"-0,00103"
"27,80800";"4,63817";"-0,00033"
"27,81800";"4,65304";"0,00244"
"27,82800";"4,66804";"0,01287"
"27,83800";"4,68315";"0,02226"
"27,84800";"4,69814";"0,01990"
"27,85800";"4,71313";"0,01916"
"27,86800";"4,72813";"0,02030"
"27,87800";"4,74324";"0,01946"
"27,88800";"4,75811";"0,01670"
"27,89800";"4,77310";"0,01827"
"27,90800";"4,78798";"0,01508"
"27,91800";"4,80297";"0,01446"
"27,92800";"4,81797";"0,01770"
"27,93800";"4,83308";"0,01869"
"27,94800";"4,84795";"0,01797"
"27,95800";"4,86283";"0,01842"
"27,96800";"4,87782";"0,01930"
"27,97800";"4,89269";"0,02453"
"27,98800";"4,90757";"0,02389"
"27,99800";"4,92268";"0,02097"
"28,00800";"4,93779";"0,01310"
"28,01800";"4,95278";"0,00695"
"28,02800";"4,96778";"0,00250"
"28,03800";"4,98301";"0,00128"
"28,04800";"4,99800";"0,00170"
"28,05800";"5,01311";"0,00416"
"28,06800";"5,02822";"0,00895"
"28,07800";"5,04333";"0,01257"
"28,08800";"5,05844";"0,00951"
"28,09800";"5,07344";"0,00392"
"28,10800";"5,08843";"0,00041"
"28,11800";"5,10331";"0,00714"
"28,12800";"5,11818";"0,01405"
"28,13800";"5,13317";"0,01585"
"28,14800";"5,14817";"0,01655"
"28,15800";"5,16316";"0,01705"
"28,16800";"5,17827";"0,02080"
"28,17800";"5,19326";"0,02416"
"28,18800";"5,20814";"0,02445"
"28,19800";"5,22301";"0,02044"
"28,20800";"5,23789";"0,01647"
"28,21800";"5,25276";"0,01221"
"28,22800";"5,26788";"0,00956"
"28,23800";"5,28287";"0,00948"
"28,24800";"5,29798";"0,01182"
"28,25800";"5,31297";"0,01353"
"28,26800";"5,32785";"0,01422"
"28,27800";"5,34284";"0,01221"
"28,28800";"5,35783";"0,00440"
"28,29800";"5,37294";"0,00452"
"28,30800";"5,38794";"0,00376"
"28,31800";"5,40293";"0,00961"
"28,32800";"5,41804";"0,01485"
"28,33800";"5,43303";"0,01955"
"28,34800";"5,44815";"0,01893"
"28,35800";"5,46326";"0,01740"
"28,36800";"5,47825";"0,01681"
"28,37800";"5,49324";"0,01673"
"28,38800";"5,50824";"0,01782"
"28,39800";"5,52323";"0,01334"
"28,40800";"5,53810";"0,00687"
"28,41800";"5,55310";"0,00266"
"28,42800";"5,56797";"0,00219"
"28,43800";"5,58297";"0,00197"
"28,44800";"5,59784";"0,00681"
"28,45800";"5,61283";"0,01050"
"28,46800";"5,62783";"0,01146"
"28,47800";"5,64282";"0,01407"
"28,48800";"5,65781";"0,01580"
"28,49800";"5,67292";"0,01492"
"28,50800";"5,68804";"0,00814"
"28,51800";"5,70303";"0,00609"
"28,52800";"5,71814";"0,00699"
"28,53800";"5,73313";"0,01141"
"28,54800";"5,74813";"0,01445"
"28,55800";"5,76312";"0,01666"
"28,56800";"5,77811";"0,02111"
"28,57800";"5,79310";"0,02092"
"28,58800";"5,80810";"0,02398"
"28,59800";"5,82309";"0,02145"
"28,60800";"5,83797";"0,01306"
"28,61800";"5,85296";"0,01160"
"28,62800";"5,86807";"0,01654"
"28,63800";"5,88318";"0,01220"
"28,64800";"5,89817";"0,00986"
"28,65800";"5,91317";"0,01420"
"28,66800";"5,92816";"0,02313"
"28,67800";"5,94315";"0,02826"
"28,68800";"5,95803";"0,02898"
"28,69800";"5,97302";"0,01872"
"28,70800";"5,98813";"0,01043"
"28,71800";"6,00312";"0,00196"
"28,72800";"6,01812";"0,00216"
"28,73800";"6,03311";"0,00227"
"28,74800";"6,04810";"0,00260"
"28,75800";"6,06310";"-0,00002"
"28,76800";"6,07797";"0,00541"
"28,77800";"6,09297";"0,00341"
"28,78800";"6,10796";"-0,00010"
"28,79800";"6,12295";"0,00497"
"28,80800";"6,13794";"0,00714"
"28,81800";"6,15282";"0,00728"
"28,82800";"6,16781";"0,00773"
"28,83800";"6,18281";"0,01236"
"28,84800";"6,19780";"0,01367"
"28,85800";"6,21279";"0,00875"
"28,86800";"6,22802";"0,01284"
"28,87800";"6,24313";"0,02462"
"28,88800";"6,25812";"0,03489"
"28,89800";"6,27312";"0,03901"
"28,90800";"6,28811";"0,03676"
"28,91800";"6,30310";"0,02343"
"28,92800";"6,31810";"0,01533"
"28,93800";"6,33321";"0,01728"
"28,94800";"6,34820";"0,01490"
"28,95800";"6,36308";"0,00979"
"28,96800";"6,37807";"0,00769"
"28,97800";"6,39306";"0,01209"
"28,98800";"6,40806";"0,01853"
"28,99800";"6,42293";"0,02055"
"29,00800";"6,43792";"0,02320"
"29,01800";"6,45292";"0,01659"
"29,02800";"6,46791";"0,01393"
"29,03800";"6,48290";"0,01913"
"29,04800";"6,49790";"0,02026"
"29,05800";"6,51289";"0,01857"
"29,06800";"6,52776";"0,01285"
"29,07800";"6,54276";"0,00489"
"29,08800";"6,55775";"0,00381"
"29,09800";"6,57286";"0,00917"
"29,10800";"6,58797";"0,02188"
"29,11800";"6,60308";"0,01939"
"29,12800";"6,61808";"0,01796"
"29,13800";"6,63307";"0,02080"
"29,14800";"6,64794";"0,02056"
"29,15800";"6,66282";"0,01674"
"29,16800";"6,67793";"0,00684"
"29,17800";"6,69281";"0,00475"
"29,18800";"6,70792";"0,01128"
"29,19800";"6,72291";"0,02209"
"29,20800";"6,73790";"0,02460"
"29,21800";"6,75301";"0,02711"
"29,22800";"6,76801";"0,03138"
"29,23800";"6,78300";"0,02940"
"29,24800";"6,79811";"0,02123"
"29,25800";"6,81310";"0,00997"
"29,26800";"6,82810";"0,00127"
"29,27800";"6,84309";"0,00443"
"29,28800";"6,85808";"0,00994"
"29,29800";"6,87308";"0,01330"
"29,30800";"6,88807";"0,01739"
"29,31800";"6,90306";"0,02104"
"29,32800";"6,91806";"0,01861"
"29,33800";"6,93305";"0,01023"
"29,34800";"6,94816";"0,01234"
"29,35800";"6,96303";"0,01723"
"29,36800";"6,97803";"0,02547"
"29,37800";"6,99290";"0,03182"
"29,38800";"7,00790";"0,02570"
"29,39800";"7,02289";"0,01853"
"29,40800";"7,03788";"0,01030"
"29,41800";"7,05288";"0,00431"
"29,42800";"7,06787";"0,00644"
"29,43800";"7,08298";"0,01364"
"29,44800";"7,09797";"0,01918"
"29,45800";"7,11297";"0,02201"
"29,46800";"7,12796";"0,01658"
"29,47800";"7,14283";"0,00821"
"29,48800";"7,15794";"0,01261"
"29,49800";"7,17294";"0,02059"
"29,50800";"7,18805";"0,02888"
"29,51800";"7,20304";"0,03307"
"29,52800";"7,21815";"0,03228"
"29,53800";"7,23315";"0,03143"
"29,54800";"7,24802";"0,02505"
"29,55800";"7,26301";"0,01651"
"29,56800";"7,27813";"0,02105"
"29,57800";"7,29312";"0,02404"
"29,58800";"7,30811";"0,02697"
"29,59800";"7,32310";"0,02719"
"29,60800";"7,33810";"0,02665"
"29,61800";"7,35309";"0,02970"
"29,62800";"7,36797";"0,02895"
"29,63800";"7,38296";"0,02822"
"29,64800";"7,39807";"0,02762"
"29,65800";"7,41306";"0,02440"
"29,66800";"7,42806";"0,02247"
"29,67800";"7,44305";"0,02437"
"29,68800";"7,45804";"0,02913"
"29,69800";"7,47292";"0,02323"
"29,70800";"7,48791";"0,01922"
"29,71800";"7,50290";"0,01266"
"29,72800";"7,51801";"0,01123"
"29,73800";"7,53301";"0,01469"
"29,74800";"7,54800";"0,02296"
"29,75800";"7,56299";"0,03177"
"29,76800";"7,57799";"0,03649"
"29,77800";"7,59286";"0,03636"
"29,78800";"7,60774";"0,03071"
"29,79800";"7,62273";"0,02844"
"29,80800";"7,63784";"0,03470"
"29,81800";"7,65295";"0,03224"
"29,82800";"7,66806";"0,02176"
"29,83800";"7,68306";"0,02168"
"29,84800";"7,69793";"0,03197"
"29,85800";"7,71292";"0,03048"
"29,86800";"7,72792";"0,02778"
"29,87800";"7,74303";"0,02718"
"29,88800";"7,75802";"0,03353"
"29,89800";"7,77290";"0,03464"
"29,90800";"7,78789";"0,03271"
"29,91800";"7,80276";"0,02363"
"29,92800";"7,81776";"0,02032"
"29,93800";"7,83275";"0,02227"
"29,94800";"7,84774";"0,02344"
"29,95800";"7,86285";"0,02658"
"29,96800";"7,87785";"0,02544"
"29,97800";"7,89296";"0,02365"
"29,98800";"7,90795";"0,01902"
"29,99800";"7,92294";"0,01989"
"30,00800";"7,93794";"0,01746"
"30,01800";"7,95281";"0,01447"
"30,02800";"7,96781";"0,00822"
"30,03800";"7,98280";"0,00526"
"30,04800";"7,99779";"0,01043"
"30,05800";"8,01290";"0,01863"
"30,06800";"8,02801";"0,02159"
"30,07800";"8,04313";"0,02640"
"30,08800";"8,05812";"0,02684"
"30,09800";"8,07299";"0,02446"
"30,10800";"8,08799";"0,02799"
"30,11800";"8,10298";"0,02367"
"30,12800";"8,11809";"0,00386"
"30,13800";"8,13308";"-0,00608"
"30,14800";"8,14808";"-0,00539"
"30,15800";"8,16307";"0,00028"
"30,16800";"8,17818";"0,00714"
"30,17800";"8,19306";"0,00508"
"30,18800";"8,20805";"0,00789"
"30,19800";"8,22304";"0,01600"
"30,20800";"8,23803";"0,01797"
"30,21800";"8,25315";"0,02244"
"30,22800";"8,26814";"0,02933"
"30,23800";"8,28313";"0,03578"
"30,24800";"8,29824";"0,03042"
"30,25800";"8,31324";"0,02301"
"30,26800";"8,32823";"0,01263"
"30,27800";"8,34334";"0,00969"
"30,28800";"8,35833";"0,01244"
"30,29800";"8,37321";"0,01660"
"30,30800";"8,38808";"0,02051"
"30,31800";"8,40296";"0,02519"
"30,32800";"8,41783";"0,03105"
"30,33800";"8,43271";"0,03775"
"30,34800";"8,44782";"0,03438"
"30,35800";"8,46281";"0,02716"
"30,36800";"8,47792";"0,02423"
"30,37800";"8,49304";"0,02194"
"30,38800";"8,50826";"0,02146"
"30,39800";"8,52326";"0,02045"
"30,40800";"8,53813";"0,02039"
"30,41800";"8,55313";"0,02180"
"30,42800";"8,56812";"0,02629"
"30,43800";"8,58311";"0,02726"
"30,44800";"8,59810";"0,01952"
"30,45800";"8,61322";"0,01226"
"30,46800";"8,62821";"0,00556"
"30,47800";"8,64320";"0,00035"
"30,48800";"8,65808";"0,00383"
"30,49800";"8,67295";"0,00754"
"30,50800";"8,68806";"0,00997"
"30,51800";"8,70306";"0,01288"
"30,52800";"8,71805";"0,01310"
"30,53800";"8,73304";"0,01083"
"30,54800";"8,74803";"0,00789"
"30,55800";"8,76315";"0,00551"
"30,56800";"8,77802";"0,00864"
"30,57800";"8,79290";"0,00380"
"30,58800";"8,80789";"0,00584"
"30,59800";"8,82300";"0,01056"
"30,60800";"8,83788";"0,01145"
"30,61800";"8,85287";"0,01315"
"30,62800";"8,86786";"0,01546"
"30,63800";"8,88285";"0,02017"
"30,64800";"8,89785";"0,02455"
"30,65800";"8,91284";"0,02336"
"30,66800";"8,92795";"0,02274"
"30,67800";"8,94294";"0,01973"
"30,68800";"8,95794";"0,01846"
"30,69800";"8,97293";"0,02248"
"30,70800";"8,98792";"0,02507"
"30,71800";"9,00292";"0,01756"
"30,72800";"9,01779";"0,02188"
"30,73800";"9,03279";"0,02821"
"30,74800";"9,04778";"0,03046"
"30,75800";"9,06289";"0,02939"
"30,76800";"9,07800";"0,03313"
"30,77800";"9,09299";"0,02520"
"30,78800";"9,10799";"0,02389"
"30,79800";"9,12310";"0,02379"
"30,80800";"9,13809";"0,02338"
"30,81800";"9,15297";"0,02013"
"30,82800";"9,16796";"0,02402"
"30,83800";"9,18307";"0,02448"
"30,84800";"9,19818";"0,01932"
"30,85800";"9,21317";"0,01596"
"30,86800";"9,22817";"0,01345"
"30,87800";"9,24316";"0,01412"
"30,88800";"9,25815";"0,01540"
"30,89800";"9,27315";"0,02070"
"30,90800";"9,28814";"0,02578"
"30,91800";"9,30313";"0,03423"
"30,92800";"9,31813";"0,03606"
"30,93800";"9,33324";"0,03255"
"30,94800";"9,34811";"0,02777"
"30,95800";"9,36310";"0,02300"
"30,96800";"9,37810";"0,01695"
"30,97800";"9,39309";"0,01266"
"30,98800";"9,40808";"0,01151"
"30,99800";"9,42308";"0,01272"
"31,00800";"9,43807";"0,01429"
"31,01800";"9,45318";"0,01714"
"31,02800";"9,46817";"0,02002"
"31,03800";"9,48305";"0,02597"
"31,04800";"9,49804";"0,03091"
"31,05800";"9,51304";"0,03827"
"31,06800";"9,52803";"0,03541"
"31,07800";"9,54302";"0,03108"
"31,08800";"9,55813";"0,02933"
"31,09800";"9,57324";"0,02145"
"31,10800";"9,58812";"0,01624"
"31,11800";"9,60299";"0,01399"
"31,12800";"9,61799";"0,01240"
"31,13800";"9,63298";"0,01592"
"31,14800";"9,64797";"0,01670"
"31,15800";"9,66297";"0,00812"
"31,16800";"9,67784";"0,00066"
"31,17800";"9,69295";"0,00619"
"31,18800";"9,70794";"0,01478"
"31,19800";"9,72294";"0,02181"
"31,20800";"9,73793";"0,01765"
"31,21800";"9,75304";"0,01501"
"31,22800";"9,76803";"0,02228"
"31,23800";"9,78303";"0,03203"
"31,24800";"9,79790";"0,03610"
"31,25800";"9,81301";"0,03685"
"31,26800";"9,82801";"0,03430"
"31,27800";"9,84276";"0,03560"
"31,28800";"9,85776";"0,03132"
"31,29800";"9,87287";"0,01856"
"31,30800";"9,88798";"0,02559"
"31,31800";"9,90309";"0,02789"
"31,32800";"9,91808";"0,02905"
"31,33800";"9,93308";"0,03126"
"31,34800";"9,94807";"0,02283"
"31,35800";"9,96294";"0,01552"
"31,36800";"9,97794";"0,01077"
"31,37800";"9,99305";"0,01102"
"31,38800";"10,00804";"0,01803"
"31,39800";"10,02304";"0,02393"
"31,40800";"10,03803";"0,02384"
"31,41800";"10,05302";"0,02415"
"31,42800";"10,06801";"0,02019"
"31,43800";"10,08289";"0,01816"
"31,44800";"10,09788";"0,01103"
"31,45800";"10,11288";"0,00441"
"31,46800";"10,12799";"0,00499"
"31,47800";"10,14310";"0,00993"
"31,48800";"10,15809";"0,00865"
"31,49800";"10,17320";"0,00713"
"31,50800";"10,18820";"0,01178"
"31,51800";"10,20319";"0,01680"
"31,52800";"10,21830";"0,02302"
"31,53800";"10,23329";"0,02551"
"31,54800";"10,24828";"0,02140"
"31,55800";"10,26328";"0,03071"
"31,56800";"10,27827";"0,03644"
"31,57800";"10,29315";"0,03517"
"31,58800";"10,30814";"0,02895"
"31,59800";"10,32301";"0,02589"
"31,60800";"10,33813";"0,02299"
"31,61800";"10,35312";"0,01844"
"31,62800";"10,36823";"0,00961"
"31,63800";"10,38322";"0,00617"
"31,64800";"10,39833";"0,00899"
"31,65800";"10,41321";"0,01059"
"31,66800";"10,42820";"0,01562"
"31,67800";"10,44308";"0,02505"
"31,68800";"10,45819";"0,02782"
"31,69800";"10,47318";"0,02416"
"31,70800";"10,48817";"0,02022"
"31,71800";"10,50328";"0,01806"
"31,72800";"10,51828";"0,01634"
"31,73800";"10,53327";"0,01883"
"31,74800";"10,54803";"0,02505"
"31,75800";"10,56290";"0,02725"
"31,76800";"10,57790";"0,02549"
"31,77800";"10,59289";"0,01809"
"31,78800";"10,60788";"0,01222"
"31,79800";"10,62288";"0,01694"
"31,80800";"10,63787";"0,02265"
"31,81800";"10,65286";"0,02448"
"31,82800";"10,66785";"0,02340"
"31,83800";"10,68297";"0,01915"
"31,84800";"10,69796";"0,01450"
"31,85800";"10,71295";"0,00913"
"31,86800";"10,72794";"0,00521"
"31,87800";"10,74294";"0,00657"
"31,88800";"10,75781";"0,01614"
"31,89800";"10,77281";"0,02081"
"31,90800";"10,78780";"0,02590"
"31,91800";"10,80267";"0,02243"
"31,92800";"10,81779";"0,01517"
"31,93800";"10,83278";"0,01031"
"31,94800";"10,84789";"0,00822"
"31,95800";"10,86288";"0,01000"
"31,96800";"10,87799";"0,01466"
"31,97800";"10,89287";"0,01558"
"31,98800";"10,90786";"0,01955"
"31,99800";"10,92285";"0,01892"
"32,00800";"10,93797";"0,01274"
"32,01800";"10,95296";"0,01115"
"32,02800";"10,96807";"0,01078"
"32,03800";"10,98318";"0,01573"
"32,04800";"10,99817";"0,01652"
"32,05800";"11,01317";"0,01466"
"32,06800";"11,02804";"0,01808"
"32,07800";"11,04303";"0,01779"
"32,08800";"11,05803";"0,01324"
"32,09800";"11,07314";"0,00633"
"32,10800";"11,08801";"-0,00151"
"32,11800";"11,10301";"-0,00383"
"32,12800";"11,11800";"0,00185"
"32,13800";"11,13299";"0,01042"
"32,14800";"11,14799";"0,01626"
"32,15800";"11,16298";"0,01947"
"32,16800";"11,17797";"0,01957"
"32,17800";"11,19308";"0,02282"
"32,18800";"11,20808";"0,02305"
"32,19800";"11,22307";"0,01499"
"32,20800";"11,23794";"0,00584"
"32,21800";"11,25306";"0,00147"
"32,22800";"11,26805";"0,00618"
"32,23800";"11,28304";"0,01229"
"32,24800";"11,29803";"0,01957"
"32,25800";"11,31303";"0,02924"
"32,26800";"11,32802";"0,02903"
"32,27800";"11,34301";"0,03193"
"32,28800";"11,35801";"0,03182"
"32,29800";"11,37300";"0,03457"
"32,30800";"11,38799";"0,04027"
"32,31800";"11,40298";"0,04009"
"32,32800";"11,41810";"0,04234"
"32,33800";"11,43309";"0,04587"
"32,34800";"11,44820";"0,04456"
"32,35800";"11,46319";"0,03882"
"32,36800";"11,47807";"0,03605"
"32,37800";"11,49306";"0,03278"
"32,38800";"11,50806";"0,03732"
"32,39800";"11,52305";"0,03861"
"32,40800";"11,53804";"0,03658"
"32,41800";"11,55315";"0,03211"
"32,42800";"11,56815";"0,02887"
"32,43800";"11,58314";"0,02719"
"32,44800";"11,59825";"0,02706"
"32,45800";"11,61312";"0,02519"
"32,46800";"11,62812";"0,02215"
"32,47800";"11,64311";"0,01740"
"32,48800";"11,65810";"0,01389"
"32,49800";"11,67310";"0,00996"
"32,50800";"11,68809";"0,00666"
"32,51800";"11,70296";"-0,00109"
"32,52800";"11,71796";"0,00149"
"32,53800";"11,73295";"0,00754"
"32,54800";"11,74794";"0,01538"
"32,55800";"11,76306";"0,01922"
"32,56800";"11,77805";"0,02589"
"32,57800";"11,79292";"0,02916"
"32,58800";"11,80792";"0,02298"
"32,59800";"11,82303";"0,02376"
"32,60800";"11,83790";"0,02768"
"32,61800";"11,85290";"0,03330"
"32,62800";"11,86777";"0,03290"
"32,63800";"11,88288";"0,02722"
"32,64800";"11,89799";"0,02118"
"32,65800";"11,91299";"0,02211"
"32,66800";"11,92810";"0,02545"
"32,67800";"11,94309";"0,03029"
"32,68800";"11,95808";"0,03705"
"32,69800";"11,97296";"0,04642"
"32,70800";"11,98795";"0,04308"
"32,71800";"12,00306";"0,03414"
"32,72800";"12,01806";"0,03271"
"32,73800";"12,03293";"0,02411"
"32,74800";"12,04792";"0,01860"
"32,75800";"12,06304";"0,01383"
"32,76800";"12,07791";"0,01287"
"32,77800";"12,09290";"0,01963"
"32,78800";"12,10790";"0,02629"
"32,79800";"12,12289";"0,02618"
"32,80800";"12,13800";"0,02474"
"32,81800";"12,15287";"0,01624"
"32,82800";"12,16787";"0,01063"
"32,83800";"12,18286";"0,01511"
"32,84800";"12,19774";"0,02000"
"32,85800";"12,21273";"0,01960"
"32,86800";"12,22784";"0,01678"
"32,87800";"12,24283";"0,01908"
"32,88800";"12,25795";"0,02510"
"32,89800";"12,27294";"0,03072"
"32,90800";"12,28793";"0,03114"
"32,91800";"12,30280";"0,03097"
"32,92800";"12,31780";"0,03134"
"32,93800";"12,33267";"0,03878"
"32,94800";"12,34778";"0,03877"
"32,95800";"12,36278";"0,04451"
"32,96800";"12,37789";"0,04612"
"32,97800";"12,39300";"0,03398"
"32,98800";"12,40799";"0,02295"
"32,99800";"12,42299";"0,00851"
"33,00800";"12,43798";"-0,00117"
"33,01800";"12,45297";"0,00961"
"33,02800";"12,46797";"0,02622"
"33,03800";"12,48308";"0,03295"
"33,04800";"12,49795";"0,03131"
"33,05800";"12,51306";"0,03808"
"33,06800";"12,52805";"0,04594"
"33,07800";"12,54305";"0,04513"
"33,08800";"12,55792";"0,04228"
"33,09800";"12,57292";"0,04234"
"33,10800";"12,58791";"0,04568"
"33,11800";"12,60290";"0,04827"
"33,12800";"12,61790";"0,04337"
"33,13800";"12,63277";"0,03917"
"33,14800";"12,64776";"0,04184"
"33,15800";"12,66288";"0,04396"
"33,16800";"12,67775";"0,03585"
"33,17800";"12,69286";"0,03184"
"33,18800";"12,70797";"0,02773"
"33,19800";"12,72308";"0,03400"
"33,20800";"12,73819";"0,04306"
"33,21800";"12,75331";"0,04834"
"33,22800";"12,76830";"0,04371"
"33,23800";"12,78317";"0,03906"
"33,24800";"12,79805";"0,03226"
"33,25800";"12,81304";"0,03175"
"33,26800";"12,82815";"0,03555"
"33,27800";"12,84315";"0,04103"
"33,28800";"12,85814";"0,04511"
"33,29800";"12,87313";"0,04420"
"33,30800";"12,88813";"0,04279"
"33,31800";"12,90312";"0,04024"
"33,32800";"12,91787";"0,03538"
"33,33800";"12,93287";"0,03152"
"33,34800";"12,94786";"0,04176"
"33,35800";"12,96285";"0,04793"
"33,36800";"12,97773";"0,04461"
"33,37800";"12,99284";"0,03225"
"33,38800";"13,00783";"0,02794"
"33,39800";"13,02294";"0,03148"
"33,40800";"13,03794";"0,03829"
"33,41800";"13,05293";"0,04791"
"33,42800";"13,06804";"0,05442"
"33,43800";"13,08315";"0,05915"
"33,44800";"13,09814";"0,04863"
"33,45800";"13,11314";"0,03601"
"33,46800";"13,12813";"0,03565"
"33,47800";"13,14289";"0,03863"
"33,48800";"13,15776";"0,03818"
"33,49800";"13,17276";"0,03944"
"33,50800";"13,18775";"0,04004"
"33,51800";"13,20286";"0,04517"
"33,52800";"13,21797";"0,04717"
"33,53800";"13,23297";"0,05706"
"33,54800";"13,24796";"0,06684"
"33,55800";"13,26283";"0,06581"
"33,56800";"13,27783";"0,06163"
"33,57800";"13,29282";"0,05625"
"33,58800";"13,30781";"0,05458"
"33,59800";"13,32292";"0,05813"
"33,60800";"13,33792";"0,05912"
"33,61800";"13,35291";"0,05819"
"33,62800";"13,36802";"0,05469"
"33,63800";"13,38290";"0,05676"
"33,64800";"13,39789";"0,06181"
"33,65800";"13,41300";"0,06057"
"33,66800";"13,42799";"0,05721"
"33,67800";"13,44299";"0,05520"
"33,68800";"13,45798";"0,06056"
"33,69800";"13,47297";"0,06448"
"33,70800";"13,48808";"0,06740"
"33,71800";"13,50308";"0,06348"
"33,72800";"13,51807";"0,06439"
"33,73800";"13,53294";"0,06812"
"33,74800";"13,54794";"0,07035"
"33,75800";"13,56305";"0,07119"
"33,76800";"13,57804";"0,06834"
"33,77800";"13,59292";"0,07524"
"33,78800";"13,60791";"0,08083"
"33,79800";"13,62278";"0,08112"
"33,80800";"13,63778";"0,07431"
"33,81800";"13,65289";"0,07348"
"33,82800";"13,66788";"0,06954"
"33,83800";"13,68299";"0,06265"
"33,84800";"13,69810";"0,07121"
"33,85800";"13,71321";"0,07949"
"33,86800";"13,72809";"0,07954"
"33,87800";"13,74308";"0,08260"
"33,88800";"13,75808";"0,08561"
"33,89800";"13,77307";"0,08695"
"33,90800";"13,78806";"0,08480"
"33,91800";"13,80306";"0,07935"
"33,92800";"13,81817";"0,08102"
"33,93800";"13,83328";"0,08018"
"33,94800";"13,84827";"0,07939"
"33,95800";"13,86315";"0,07912"
"33,96800";"13,87814";"0,08159"
"33,97800";"13,89313";"0,08502"
"33,98800";"13,90801";"0,08906"
"33,99800";"13,92300";"0,09210"
"34,00800";"13,93811";"0,08801"
"34,01800";"13,95310";"0,08215"
"34,02800";"13,96810";"0,08549"
"34,03800";"13,98309";"0,08309"
"34,04800";"13,99808";"0,08740"
"34,05800";"14,01319";"0,09159"
"34,06800";"14,02807";"0,08962"
"34,07800";"14,04306";"0,09162"
"34,08800";"14,05805";"0,09156"
"34,09800";"14,07293";"0,09347"
"34,10800";"14,08792";"0,09961"
"34,11800";"14,10280";"0,10387"
"34,12800";"14,11791";"0,11455"
"34,13800";"14,13290";"0,11780"
"34,14800";"14,14790";"0,11277"
"34,15800";"14,16301";"0,11018"
"34,16800";"14,17800";"0,11012"
"34,17800";"14,19299";"0,10681"
"34,18800";"14,20799";"0,10293"
"34,19800";"14,22286";"0,10893"
"34,20800";"14,23797";"0,11737"
"34,21800";"14,25296";"0,11843"
"34,22800";"14,26808";"0,12436"
"34,23800";"14,28307";"0,12257"
"34,24800";"14,29818";"0,12403"
"34,25800";"14,31317";"0,12489"
"34,26800";"14,32817";"0,12824"
"34,27800";"14,34304";"0,12637"
"34,28800";"14,35815";"0,12361"
"34,29800";"14,37303";"0,11666"
"34,30800";"14,38802";"0,11588"
"34,31800";"14,40301";"0,11806"
"34,32800";"14,41801";"0,11356"
"34,33800";"14,43300";"0,12270"
"34,34800";"14,44799";"0,13344"
"34,35800";"14,46299";"0,13414"
"34,36800";"14,47798";"0,14040"
"34,37800";"14,49297";"0,14915"
"34,38800";"14,50808";"0,16048"
"34,39800";"14,52308";"0,16346"
"34,40800";"14,53819";"0,16445"
"34,41800";"14,55318";"0,16395"
"34,42800";"14,56817";"0,17135"
"34,43800";"14,58305";"0,17448"
"34,44800";"14,59804";"0,17871"
"34,45800";"14,61315";"0,18379"
"34,46800";"14,62826";"0,19005"
"34,47800";"14,64326";"0,19314"
"34,48800";"14,65825";"0,19062"
"34,49800";"14,67313";"0,18648"
"34,50800";"14,68800";"0,18366"
"34,51800";"14,70299";"0,18072"
"34,52800";"14,71799";"0,18786"
"34,53800";"14,73310";"0,19260"
"34,54800";"14,74821";"0,20079"
"34,55800";"14,76320";"0,21122"
"34,56800";"14,77820";"0,21961"
"34,57800";"14,79319";"0,22653"
"34,58800";"14,80818";"0,22597"
"34,59800";"14,82317";"0,22560"
"34,60800";"14,83817";"0,22247"
"34,61800";"14,85304";"0,22409"
"34,62800";"14,86792";"0,23129"
"34,63800";"14,88279";"0,23647"
"34,64800";"14,89790";"0,24906"
"34,65800";"14,91290";"0,25838"
"34,66800";"14,92789";"0,26495"
"34,67800";"14,94300";"0,26710"
"34,68800";"14,95799";"0,26628"
"34,69800";"14,97310";"0,26528"
"34,70800";"14,98810";"0,27378"
"34,71800";"15,00309";"0,28493"
"34,72800";"15,01808";"0,29122"
"34,73800";"15,03308";"0,29987"
"34,74800";"15,04807";"0,30522"
"34,75800";"15,06318";"0,31162"
"34,76800";"15,07817";"0,31868"
"34,77800";"15,09328";"0,32519"
"34,78800";"15,10828";"0,32286"
"34,79800";"15,12327";"0,31919"
"34,80800";"15,13815";"0,32472"
"34,81800";"15,15302";"0,33754"
"34,82800";"15,16790";"0,35132"
"34,83800";"15,18289";"0,36528"
"34,84800";"15,19788";"0,37365"
"34,85800";"15,21287";"0,37119"
"34,86800";"15,22787";"0,37205"
"34,87800";"15,24274";"0,37348"
"34,88800";"15,25774";"0,37548"
"34,89800";"15,27261";"0,38597"
"34,90800";"15,28760";"0,40011"
"34,91800";"15,30260";"0,41218"
"34,92800";"15,31771";"0,42073"
"34,93800";"15,33282";"0,42888"
"34,94800";"15,34781";"0,43742"
"34,95800";"15,36304";"0,44462"
"34,96800";"15,37815";"0,46077"
"34,97800";"15,39315";"0,47383"
"34,98800";"15,40814";"0,48388"
"34,99800";"15,42313";"0,49587"
"35,00800";"15,43824";"0,50572"
"35,01800";"15,45324";"0,51564"
"35,02800";"15,46823";"0,52361"
"35,03800";"15,48322";"0,53154"
"35,04800";"15,49810";"0,53692"
"35,05800";"15,51309";"0,54342"
"35,06800";"15,52797";"0,55206"
"35,07800";"15,54296";"0,56384"
"35,08800";"15,55807";"0,57799"
"35,09800";"15,57306";"0,59138"
"35,10800";"15,58805";"0,59979"
"35,11800";"15,60305";"0,61356"
"35,12800";"15,61804";"0,62460"
"35,13800";"15,63292";"0,63425"
"35,14800";"15,64791";"0,64462"
"35,15800";"15,66290";"0,66123"
"35,16800";"15,67801";"0,67871"
"35,17800";"15,69301";"0,68890"
"35,18800";"15,70800";"0,69902"
"35,19800";"15,72299";"0,71302"
"35,20800";"15,73787";"0,73179"
"35,21800";"15,75286";"0,74419"
"35,22800";"15,76785";"0,75226"
"35,23800";"15,78297";"0,76512"
"35,24800";"15,79796";"0,78462"
"35,25800";"15,81307";"0,80439"
"35,26800";"15,82818";"0,82062"
"35,27800";"15,84317";"0,83766"
"35,28800";"15,85817";"0,85228"
"35,29800";"15,87304";"0,86751"
"35,30800";"15,88815";"0,89231"
"35,31800";"15,90315";"0,91690"
"35,32800";"15,91826";"0,94376"
"35,33800";"15,93313";"0,97026"
"35,34800";"15,94813";"0,99979"
"35,35800";"15,96312";"1,03379"
"35,36800";"15,97811";"1,05463"
"35,37800";"15,99299";"1,07173"
"35,38800";"16,00810";"1,09404"
"35,39800";"16,02297";"1,11421"
"35,40800";"16,03797";"1,13731"
"35,41800";"16,05296";"1,16346"
"35,42800";"16,06783";"1,18431"
"35,43800";"16,08283";"1,21290"
"35,44800";"16,09759";"1,24905"
"35,45800";"16,11258";"1,28664"
"35,46800";"16,12769";"1,32237"
"35,47800";"16,14280";"1,36281"
"35,48800";"16,15779";"1,40040"
"35,49800";"16,17290";"1,42425"
"35,50800";"16,18801";"1,44493"
"35,51800";"16,20300";"1,47930"
"35,52800";"16,21812";"1,51752"
"35,53800";"16,23311";"1,55226"
"35,54800";"16,24822";"1,59397"
"35,55800";"16,26322";"1,63942"
"35,56800";"16,27821";"1,68194"
"35,57800";"16,29320";"1,72610"
"35,58800";"16,30820";"1,76847"
"35,59800";"16,32331";"1,81898"
"35,60800";"16,33818";"1,87617"
"35,61800";"16,35329";"1,92115"
"35,62800";"16,36828";"1,96194"
"35,63800";"16,38328";"2,00797"
"35,64800";"16,39815";"2,05782"
"35,65800";"16,41315";"2,10719"
"35,66800";"16,42802";"2,14885"
"35,67800";"16,44301";"2,20656"
"35,68800";"16,45789";"2,26564"
"35,69800";"16,47288";"2,32746"
"35,70800";"16,48788";"2,39100"
"35,71800";"16,50287";"2,45722"
"35,72800";"16,51786";"2,52244"
"35,73800";"16,53286";"2,60324"
"35,74800";"16,54785";"2,67708"
"35,75800";"16,56272";"2,74951"
"35,76800";"16,57771";"2,83117"
"35,77800";"16,59271";"2,91975"
"35,78800";"16,60770";"3,00345"
"35,79800";"16,62293";"3,09395"
"35,80800";"16,63804";"3,17571"
"35,81800";"16,65315";"3,25853"
"35,82800";"16,66826";"3,35001"
"35,83800";"16,68326";"3,44870"
"35,84800";"16,69813";"3,55664"
"35,85800";"16,71313";"3,66550"
"35,86800";"16,72812";"3,77697"
"35,87800";"16,74311";"3,88815"
"35,88800";"16,75799";"4,01221"
"35,89800";"16,77298";"4,13684"
"35,90800";"16,78797";"4,26189"
"35,91800";"16,80297";"4,38626"
"35,92800";"16,81796";"4,50833"
"35,93800";"16,83295";"4,64896"
"35,94800";"16,84806";"4,79496"
"35,95800";"16,86306";"4,94147"
"35,96800";"16,87805";"5,10307"
"35,97800";"16,89304";"5,26532"
"35,98800";"16,90804";"5,42250"
"35,99800";"16,92303";"5,59281"
"36,00800";"16,93802";"5,76555"
"36,01800";"16,95301";"5,95050"
"36,02800";"16,96801";"6,14147"
"36,03800";"16,98312";"6,34061"
"36,04800";"16,99811";"6,54684"
"36,05800";"17,01311";"6,76151"
"36,06800";"17,02798";"6,98164"
"36,07800";"17,04285";"7,21403"
"36,08800";"17,05773";"7,45046"
"36,09800";"17,07284";"7,69459"
"36,10800";"17,08783";"7,94904"
"36,11800";"17,10283";"8,22116"
"36,12800";"17,11782";"8,50197"
"36,13800";"17,13293";"8,78932"
"36,14800";"17,14792";"9,09787"
"36,15800";"17,16292";"9,42072"
"36,16800";"17,17791";"9,75201"
"36,17800";"17,19290";"10,08861"
"36,18800";"17,20801";"10,44636"
"36,19800";"17,22301";"10,82049"
"36,20800";"17,23788";"11,20515"
"36,21800";"17,25299";"11,60820"
"36,22800";"17,26799";"12,02234"
"36,23800";"17,28286";"12,45337"
"36,24800";"17,29786";"12,90251"
"36,25800";"17,31285";"13,37673"
"36,26800";"17,32784";"13,86978"
"36,27800";"17,34283";"14,38653"
"36,28800";"17,35783";"14,92326"
"36,29800";"17,37270";"15,48840"
"36,30800";"17,38758";"16,08723"
"36,31800";"17,40245";"16,70254"
"36,32800";"17,41745";"17,34370"
"36,33800";"17,43256";"18,01656"
"36,34800";"17,44767";"18,72967"
"36,35800";"17,46278";"19,48370"
"36,36800";"17,47789";"20,27299"
"36,37800";"17,49288";"21,10012"
"36,38800";"17,50811";"21,95667"
"36,39800";"17,52310";"22,83799"
"36,40800";"17,53822";"23,73942"
"36,41800";"17,55321";"24,68312"
"36,42800";"17,56820";"25,67651"
"36,43800";"17,58319";"26,70686"
"36,44800";"17,59807";"27,75980"
"36,45800";"17,61306";"28,84385"
"36,46800";"17,62806";"29,97058"
"36,47800";"17,64293";"31,14433"
"36,48800";"17,65792";"32,36370"
"36,49800";"17,67280";"33,64656"
"36,50800";"17,68779";"34,98844"
"36,51800";"17,70290";"36,35513"
"36,52800";"17,71802";"37,77441"
"36,53800";"17,73301";"39,26202"
"36,54800";"17,74812";"40,78885"
"36,55800";"17,76299";"42,37151"
"36,56800";"17,77810";"44,00404"
"36,57800";"17,79310";"45,70168"
"36,58800";"17,80797";"47,45723"
"36,59800";"17,82285";"49,25110"
"36,60800";"17,83772";"51,09981"
"36,61800";"17,85260";"53,02902"
"36,62800";"17,86759";"55,05189"
"36,63800";"17,88258";"57,15852"
"36,64800";"17,89770";"59,35674"
"36,65800";"17,91281";"61,68308"
"36,66800";"17,92792";"64,11773"
"36,67800";"17,94303";"66,65408"
"36,68800";"17,95814";"69,30114"
"36,69800";"17,97313";"72,03872"
"36,70800";"17,98812";"74,90549"
"36,71800";"18,00312";"77,89579"
"36,72800";"18,01811";"81,01346"
"36,73800";"18,03310";"84,28412"
"36,74800";"18,04810";"87,75054"
"36,75800";"18,06309";"91,36863"
"36,76800";"18,07808";"95,14054"
"36,77800";"18,09296";"99,06439"
"36,78800";"18,10783";"103,13567"
"36,79800";"18,12295";"107,33018"
"36,80800";"18,13794";"111,63892"
"36,81800";"18,15305";"116,07314"
"36,82800";"18,16804";"120,62672"
"36,83800";"18,18292";"125,26304"
"36,84800";"18,19803";"129,97028"
"36,85800";"18,21302";"134,77780"
"36,86800";"18,22778";"139,71834"
"36,87800";"18,24265";"144,76553"
"36,88800";"18,25753";"149,96603"
"36,89800";"18,27240";"155,42361"
"36,90800";"18,28740";"161,16142"
"36,91800";"18,30239";"167,20328"
"36,92800";"18,31738";"173,53000"
"36,93800";"18,33237";"180,13193"
"36,94800";"18,34737";"187,03960"
"36,95800";"18,36248";"194,28238"
"36,96800";"18,37771";"201,94492"
"36,97800";"18,39282";"210,05978"
"36,98800";"18,40793";"218,57938"
"36,99800";"18,42292";"227,52145"
"37,00800";"18,43792";"236,85216"
"37,01800";"18,45267";"246,51733"
"37,02800";"18,46755";"256,57211"
"37,03800";"18,48266";"267,38864"
"37,04800";"18,49765";"279,20245"
"37,05000";"18,50072";"281,65161"
"37,05200";"18,50367";"284,11624"
"37,06200";"18,51678";"296,49030"
"37,07200";"18,52421";"307,34549"
"37,08000";"18,52646";"312,21210"
"37,09000";"18,52540";"310,83707"
"37,10000";"18,52020";"300,37231"
"37,11000";"18,50840";"280,02469"
"37,12000";"18,49128";"247,29381"
"37,13000";"18,47097";"202,11159"
"37,14000";"18,44913";"149,84779"
"37,15000";"18,42729";"99,33293"
"37,16000";"18,40592";"57,68563"
"37,17000";"18,38562";"28,67438"
"37,18000";"18,36614";"12,18318"
"37,19000";"18,34725";"4,97716"
"37,20000";"18,32907";"3,18386"
"37,21000";"18,31148";"3,71726"
"37,22000";"18,29436";"4,76090"
"37,23000";"18,27783";"5,48448"
"37,24000";"18,26142";"5,63454"
"37,25000";"18,24549";"5,27346"
"37,26000";"18,22978";"4,60951"
"37,27000";"18,21432";"3,82060"
"37,28000";"18,19885";"3,03057"
"37,29000";"18,18351";"2,31237"
"37,30000";"18,16828";"1,68564"
"37,31000";"18,15317";"1,15732"
"37,32000";"18,13794";"0,69854"
"37,33000";"18,12271";"0,29727"
"37,34000";"18,10760";"-0,04914"
"37,35000";"18,09237";"-0,34247"
"37,36000";"18,07726";"-0,60168"
"37,37000";"18,06226";"-0,82929"
"37,38000";"18,04727";"-1,02776"
"37,39000";"18,03228";"-1,20187"
"37,40000";"18,01740";"-1,36592"
"37,41000";"18,00253";"-1,51194"
"37,42000";"17,98765";"-1,63266"
"37,43000";"17,97266";"-1,72418"
"37,44000";"17,95743";"-1,80655"
"37,45000";"17,94220";"-1,89077"
"37,46000";"17,92709";"-1,97730"
"37,47000";"17,91198";"-2,04025"
"37,48000";"17,89699";"-2,08780"
"37,49000";"17,88199";"-2,11975"
"37,50000";"17,86688";"-2,13829"
"37,51000";"17,85165";"-2,14035"
"37,52000";"17,83666";"-2,14252"
"37,53000";"17,82178";"-2,14015"
"37,54000";"17,80679";"-2,12609"
"37,55000";"17,79192";"-2,10438"
"37,56000";"17,77716";"-2,07948"
"37,57000";"17,76229";"-2,05141"
"37,58000";"17,74718";"-2,01533"
"37,59000";"17,73195";"-1,98717"
"37,60000";"17,71683";"-1,95933"
"37,61000";"17,70196";"-1,92869"
"37,62000";"17,68696";"-1,88794"
"37,63000";"17,67186";"-1,85431"
"37,64000";"17,65686";"-1,82739"
"37,65000";"17,64175";"-1,79512"
"37,66000";"17,62675";"-1,76278"
"37,67000";"17,61165";"-1,72967"
"37,68000";"17,59677";"-1,69055"
"37,69000";"17,58201";"-1,64580"
"37,70000";"17,56714";"-1,59558"
"37,71000";"17,55215";"-1,55427"
"37,72000";"17,53715";"-1,51851"
"37,73000";"17,52216";"-1,47474"
"37,74000";"17,50705";"-1,42498"
"37,75000";"17,49194";"-1,37241"
"37,76000";"17,47706";"-1,32778"
"37,77000";"17,46219";"-1,29320"
"37,78000";"17,44731";"-1,25465"
"37,79000";"17,43220";"-1,22359"
"37,80000";"17,41721";"-1,18996"
"37,81000";"17,40221";"-1,15846"
"37,82000";"17,38711";"-1,12183"
"37,83000";"17,37188";"-1,08060"
"37,84000";"17,35688";"-1,04854"
"37,85000";"17,34201";"-1,01803"
"37,86000";"17,32713";"-0,98519"
"37,87000";"17,31202";"-0,95464"
"37,88000";"17,29703";"-0,93443"
"37,89000";"17,28204";"-0,90997"
"37,90000";"17,26704";"-0,88361"
"37,91000";"17,25193";"-0,86463"
"37,92000";"17,23694";"-0,85270"
"37,93000";"17,22206";"-0,83492"
"37,94000";"17,20719";"-0,82123"
"37,95000";"17,19208";"-0,80128"
"37,96000";"17,17696";"-0,77982"
"37,97000";"17,16209";"-0,76190"
"37,98000";"17,14698";"-0,73992"
"37,99000";"17,13199";"-0,72758"
"38,00000";"17,11699";"-0,71616"
"38,01000";"17,10200";"-0,71162"
"38,02000";"17,08701";"-0,70085"
"38,03000";"17,07201";"-0,68910"
"38,04000";"17,05690";"-0,67703"
"38,05000";"17,04191";"-0,65807"
"38,06000";"17,02692";"-0,63711"
"38,07000";"17,01192";"-0,61387"
"38,08000";"16,99693";"-0,59769"
"38,09000";"16,98194";"-0,58602"
"38,10000";"16,96706";"-0,58001"
"38,11000";"16,95207";"-0,56966"
"38,12000";"16,93696";"-0,55421"
"38,13000";"16,92196";"-0,53680"
"38,14000";"16,90697";"-0,52729"
"38,15000";"16,89198";"-0,50481"
"38,16000";"16,87698";"-0,47756"
"38,17000";"16,86199";"-0,46109"
"38,18000";"16,84700";"-0,45202"
"38,19000";"16,83201";"-0,45093"
"38,20000";"16,81701";"-0,43991"
"38,21000";"16,80190";"-0,43187"
"38,22000";"16,78691";"-0,42531"
"38,23000";"16,77192";"-0,41628"
"38,24000";"16,75692";"-0,40821"
"38,25000";"16,74193";"-0,40480"
"38,26000";"16,72694";"-0,40077"
"38,27000";"16,71194";"-0,39392"
"38,28000";"16,69695";"-0,39357"
"38,29000";"16,68184";"-0,39520"
"38,30000";"16,66685";"-0,39461"
"38,31000";"16,65197";"-0,38685"
"38,32000";"16,63710";"-0,37783"
"38,33000";"16,62199";"-0,37237"
"38,34000";"16,60699";"-0,37161"
"38,35000";"16,59188";"-0,36896"
"38,36000";"16,57689";"-0,37105"
"38,37000";"16,56178";"-0,36376"
"38,38000";"16,54667";"-0,35870"
"38,39000";"16,53179";"-0,35199"
"38,40000";"16,51692";"-0,34124"
"38,41000";"16,50204";"-0,33497"
"38,42000";"16,48705";"-0,33262"
"38,43000";"16,47206";"-0,32528"
"38,44000";"16,45706";"-0,31889"
"38,45000";"16,44207";"-0,31509"
"38,46000";"16,42696";"-0,31646"
"38,47000";"16,41197";"-0,31539"
"38,48000";"16,39709";"-0,31673"
"38,49000";"16,38210";"-0,31308"
"38,50000";"16,36710";"-0,30286"
"38,51000";"16,35223";"-0,29750"
"38,52000";"16,33747";"-0,30155"
"38,53000";"16,32236";"-0,30327"
"38,54000";"16,30725";"-0,30520"
"38,55000";"16,29214";"-0,30366"
"38,56000";"16,27715";"-0,29976"
"38,57000";"16,26215";"-0,28672"
"38,58000";"16,24704";"-0,26804"
"38,59000";"16,23193";"-0,25327"
"38,60000";"16,21694";"-0,25043"
"38,61000";"16,20194";"-0,26115"
"38,62000";"16,18695";"-0,27137"
"38,63000";"16,17196";"-0,27789"
"38,64000";"16,15708";"-0,27850"
"38,65000";"16,14221";"-0,28598"
"38,66000";"16,12710";"-0,29162"
"38,67000";"16,11187";"-0,28979"
"38,68000";"16,09687";"-0,27762"
"38,69000";"16,08188";"-0,26260"
"38,70000";"16,06677";"-0,25403"
"38,71000";"16,05178";"-0,24790"
"38,72000";"16,03690";"-0,24929"
"38,73000";"16,02215";"-0,25556"
"38,74000";"16,00704";"-0,24652"
"38,75000";"15,99192";"-0,24499"
"38,76000";"15,97693";"-0,25016"
"38,77000";"15,96194";"-0,25386"
"38,78000";"15,94706";"-0,25257"
"38,79000";"15,93195";"-0,25259"
"38,80000";"15,91696";"-0,24824"
"38,81000";"15,90208";"-0,23871"
"38,82000";"15,88721";"-0,23191"
"38,83000";"15,87222";"-0,23158"
"38,84000";"15,85710";"-0,24039"
"38,85000";"15,84211";"-0,23812"
"38,86000";"15,82712";"-0,23345"
"38,87000";"15,81213";"-0,22679"
"38,88000";"15,79702";"-0,23958"
"38,89000";"15,78226";"-0,24240"
"38,90000";"15,76727";"-0,23501"
"38,91000";"15,75227";"-0,22595"
"38,92000";"15,73716";"-0,22644"
"38,93000";"15,72205";"-0,22739"
"38,94000";"15,70706";"-0,22285"
"38,95000";"15,69218";"-0,21724"
"38,96000";"15,67707";"-0,21406"
"38,97000";"15,66220";"-0,21822"
"38,98000";"15,64720";"-0,21668"
"38,99000";"15,63221";"-0,21080"
"39,00000";"15,61698";"-0,20534"
"39,01000";"15,60175";"-0,20671"
"39,02000";"15,58676";"-0,20265"
"39,03000";"15,57176";"-0,19922"
"39,04000";"15,55677";"-0,19396"
"39,05000";"15,54178";"-0,19073"
"39,06000";"15,52690";"-0,19291"
"39,07000";"15,51191";"-0,19679"
"39,08000";"15,49680";"-0,19376"
"39,09000";"15,48180";"-0,19244"
"39,10000";"15,46693";"-0,18714"
"39,11000";"15,45205";"-0,18382"
"39,12000";"15,43718";"-0,17575"
"39,13000";"15,42207";"-0,17879"
"39,14000";"15,40719";"-0,18416"
"39,15000";"15,39220";"-0,18674"
"39,16000";"15,37709";"-0,18613"
"39,17000";"15,36186";"-0,18646"
"39,18000";"15,34699";"-0,19173"
"39,19000";"15,33211";"-0,19280"
"39,20000";"15,31712";"-0,19235"
"39,21000";"15,30201";"-0,18579"
"39,22000";"15,28701";"-0,18100"
"39,23000";"15,27202";"-0,17852"
"39,24000";"15,25703";"-0,17335"
"39,25000";"15,24192";"-0,16854"
"39,26000";"15,22692";"-0,17270"
"39,27000";"15,21205";"-0,17635"
"39,28000";"15,19706";"-0,16951"
"39,29000";"15,18206";"-0,16804"
"39,30000";"15,16707";"-0,16715"
"39,31000";"15,15219";"-0,16009"
"39,32000";"15,13720";"-0,16069"
"39,33000";"15,12209";"-0,16091"
"39,34000";"15,10710";"-0,16731"
"39,35000";"15,09210";"-0,16952"
"39,36000";"15,07735";"-0,16683"
"39,37000";"15,06223";"-0,15860"
"39,38000";"15,04713";"-0,15419"
"39,39000";"15,03201";"-0,15351"
"39,40000";"15,01714";"-0,15022"
"39,41000";"15,00203";"-0,14237"
"39,42000";"14,98703";"-0,13196"
"39,43000";"14,97216";"-0,12284"
"39,44000";"14,95728";"-0,12492"
"39,45000";"14,94229";"-0,12799"
"39,46000";"14,92718";"-0,13380"
"39,47000";"14,91219";"-0,13893"
"39,48000";"14,89731";"-0,14280"
"39,49000";"14,88232";"-0,14228"
"39,50000";"14,86721";"-0,14370"
"39,51000";"14,85210";"-0,14032"
"39,52000";"14,83722";"-0,13520"
"39,53000";"14,82223";"-0,12756"
"39,54000";"14,80712";"-0,12863"
"39,55000";"14,79189";"-0,12860"
"39,56000";"14,77701";"-0,13023"
"39,57000";"14,76214";"-0,13233"
"39,58000";"14,74714";"-0,12395"
"39,59000";"14,73215";"-0,12274"
"39,60000";"14,71716";"-0,12148"
"39,61000";"14,70217";"-0,12355"
"39,62000";"14,68706";"-0,12207"
"39,63000";"14,67194";"-0,11933"
"39,64000";"14,65695";"-0,11030"
"39,65000";"14,64208";"-0,10391"
"39,66000";"14,62708";"-0,10761"
"39,67000";"14,61197";"-0,11196"
"39,68000";"14,59698";"-0,10453"
"39,69000";"14,58199";"-0,09802"
"39,70000";"14,56687";"-0,09952"
"39,71000";"14,55176";"-0,10517"
"39,72000";"14,53677";"-0,10669"
"39,73000";"14,52201";"-0,10561"
"39,74000";"14,50690";"-0,10143"
"39,75000";"14,49179";"-0,09311"
"39,76000";"14,47680";"-0,09911"
"39,77000";"14,46192";"-0,10013"
"39,78000";"14,44693";"-0,09713"
"39,79000";"14,43182";"-0,09719"
"39,80000";"14,41671";"-0,09550"
"39,81000";"14,40183";"-0,09191"
"39,82000";"14,38696";"-0,08740"
"39,83000";"14,37173";"-0,08706"
"39,84000";"14,35674";"-0,08832"
"39,85000";"14,34186";"-0,09067"
"39,86000";"14,32687";"-0,09621"
"39,87000";"14,31164";"-0,10415"
"39,88000";"14,29665";"-0,10388"
"39,89000";"14,28189";"-0,09554"
"39,90000";"14,26701";"-0,08160"
"39,91000";"14,25190";"-0,07483"
"39,92000";"14,23679";"-0,07326"
"39,93000";"14,22180";"-0,06550"
"39,94000";"14,20692";"-0,06240"
"39,95000";"14,19181";"-0,05890"
"39,96000";"14,17670";"-0,06084"
"39,97000";"14,16194";"-0,06433"
"39,98000";"14,14707";"-0,06989"
"39,99000";"14,13219";"-0,07173"
"40,00000";"14,11697";"-0,07273"
"40,01000";"14,10197";"-0,06957"
"40,02000";"14,08698";"-0,07254"
"40,03000";"14,07187";"-0,07870"
"40,04000";"14,05688";"-0,08446"
"40,05000";"14,04200";"-0,08170"
"40,06000";"14,02724";"-0,07253"
"40,07000";"14,01225";"-0,06280"
"40,08000";"13,99726";"-0,06135"
"40,09000";"13,98226";"-0,05720"
"40,10000";"13,96739";"-0,05212"
"40,11000";"13,95240";"-0,04249"
"40,12000";"13,93729";"-0,04069"
"40,13000";"13,92229";"-0,04964"
"40,14000";"13,90730";"-0,05816"
"40,15000";"13,89231";"-0,06334"
"40,16000";"13,87719";"-0,06384"
"40,17000";"13,86196";"-0,05920"
"40,18000";"13,84697";"-0,06063"
"40,19000";"13,83198";"-0,06722"
"40,20000";"13,81699";"-0,06803"
"40,21000";"13,80199";"-0,06472"
"40,22000";"13,78700";"-0,05789"
"40,23000";"13,77201";"-0,05679"
"40,24000";"13,75690";"-0,05552"
"40,25000";"13,74179";"-0,05210"
"40,26000";"13,72679";"-0,04895"
"40,27000";"13,71192";"-0,04906"
"40,28000";"13,69681";"-0,04873"
"40,29000";"13,68193";"-0,05171"
"40,30000";"13,66706";"-0,05252"
"40,31000";"13,65218";"-0,05455"
"40,32000";"13,63707";"-0,05585"
"40,33000";"13,62196";"-0,05590"
"40,34000";"13,60685";"-0,05574"
"40,35000";"13,59197";"-0,06026"
"40,36000";"13,57698";"-0,06205"
"40,37000";"13,56199";"-0,06422"
"40,38000";"13,54699";"-0,06679"
"40,39000";"13,53200";"-0,06531"
"40,40000";"13,51701";"-0,05746"
"40,41000";"13,50190";"-0,04942"
"40,42000";"13,48678";"-0,05492"
"40,43000";"13,47191";"-0,05762"
"40,44000";"13,45704";"-0,05979"
"40,45000";"13,44204";"-0,06314"
"40,46000";"13,42705";"-0,06829"
"40,47000";"13,41206";"-0,06433"
"40,48000";"13,39718";"-0,06344"
"40,49000";"13,38195";"-0,06516"
"40,50000";"13,36684";"-0,06205"
"40,51000";"13,35185";"-0,06154"
"40,52000";"13,33709";"-0,06205"
"40,53000";"13,32210";"-0,06251"
"40,54000";"13,30699";"-0,06188"
"40,55000";"13,29199";"-0,06153"
"40,56000";"13,27700";"-0,05478"
"40,57000";"13,26201";"-0,04671"
"40,58000";"13,24678";"-0,04166"
"40,59000";"13,23178";"-0,04678"
"40,60000";"13,21691";"-0,04869"
"40,61000";"13,20203";"-0,04733"
"40,62000";"13,18692";"-0,04947"
"40,63000";"13,17193";"-0,05520"
"40,64000";"13,15694";"-0,05425"
"40,65000";"13,14206";"-0,04967"
"40,66000";"13,12683";"-0,04938"
"40,67000";"13,11184";"-0,04790"
"40,68000";"13,09697";"-0,04825"
"40,69000";"13,08209";"-0,04486"
"40,70000";"13,06698";"-0,04294"
"40,71000";"13,05187";"-0,05345"
"40,72000";"13,03687";"-0,06419"
"40,73000";"13,02188";"-0,06935"
"40,74000";"13,00677";"-0,06843"
"40,75000";"12,99178";"-0,06493"
"40,76000";"12,97690";"-0,06541"
"40,77000";"12,96203";"-0,05567"
"40,78000";"12,94703";"-0,03918"
"40,79000";"12,93204";"-0,03302"
"40,80000";"12,91693";"-0,03198"
"40,81000";"12,90205";"-0,03080"
"40,82000";"12,88706";"-0,03015"
"40,83000";"12,87207";"-0,03658"
"40,84000";"12,85708";"-0,04949"
"40,85000";"12,84220";"-0,06036"
"40,86000";"12,82721";"-0,05622"
"40,87000";"12,81210";"-0,05222"
"40,88000";"12,79699";"-0,05549"
"40,89000";"12,78199";"-0,05441"
"40,90000";"12,76700";"-0,04707"
"40,91000";"12,75189";"-0,03392"
"40,92000";"12,73701";"-0,02318"
"40,93000";"12,72214";"-0,02347"
"40,94000";"12,70703";"-0,02236"
"40,95000";"12,69192";"-0,01837"
"40,96000";"12,67681";"-0,02046"
"40,97000";"12,66181";"-0,01734"
"40,98000";"12,64682";"-0,01491"
"40,99000";"12,63183";"-0,01252"
"41,00000";"12,61683";"-0,00928"
"41,01000";"12,60184";"-0,01054"
"41,02000";"12,58697";"-0,01832"
"41,03000";"12,57197";"-0,02311"
"41,04000";"12,55686";"-0,02399"
"41,05000";"12,54187";"-0,02524"
"41,06000";"12,52688";"-0,02852"
"41,07000";"12,51188";"-0,02276"
"41,08000";"12,49689";"-0,01735"
"41,09000";"12,48201";"-0,00552"
"41,10000";"12,46702";"0,00457"
"41,11000";"12,45203";"0,00965"
"41,12000";"12,43692";"0,00491"
"41,13000";"12,42180";"0,00671"
"41,14000";"12,40693";"0,00445"
"41,15000";"12,39206";"0,01099"
"41,16000";"12,37706";"0,00712"
"41,17000";"12,36195";"-0,00384"
"41,18000";"12,34696";"-0,00692"
"41,19000";"12,33196";"-0,00981"
"41,20000";"12,31685";"-0,01581"
"41,21000";"12,30174";"-0,02326"
"41,22000";"12,28675";"-0,02437"
"41,23000";"12,27188";"-0,01988"
"41,24000";"12,25688";"-0,01629"
"41,25000";"12,24201";"-0,02194"
"41,26000";"12,22701";"-0,02636"
"41,27000";"12,21202";"-0,03021"
"41,28000";"12,19703";"-0,02861"
"41,29000";"12,18192";"-0,02526"
"41,30000";"12,16692";"-0,02335"
"41,31000";"12,15205";"-0,02037"
"41,32000";"12,13706";"-0,01827"
"41,33000";"12,12206";"-0,01739"
"41,34000";"12,10707";"-0,01841"
"41,35000";"12,09219";"-0,01465"
"41,36000";"12,07720";"-0,00787"
"41,37000";"12,06209";"-0,00411"
"41,38000";"12,04710";"-0,00421"
"41,39000";"12,03222";"-0,00642"
"41,40000";"12,01723";"-0,01186"
"41,41000";"12,00212";"-0,01547"
"41,42000";"11,98701";"-0,01633"
"41,43000";"11,97190";"-0,01058"
"41,44000";"11,95690";"-0,00152"
"41,45000";"11,94179";"0,00185"
"41,46000";"11,92680";"0,00418"
"41,47000";"11,91192";"0,00481"
"41,48000";"11,89705";"0,00128"
"41,49000";"11,88194";"-0,00287"
"41,50000";"11,86683";"-0,00422"
"41,51000";"11,85183";"-0,00715"
"41,52000";"11,83684";"-0,00953"
"41,53000";"11,82185";"-0,00892"
"41,54000";"11,80674";"-0,00748"
"41,55000";"11,79186";"-0,01416"
"41,56000";"11,77710";"-0,01832"
"41,57000";"11,76199";"-0,01713"
"41,58000";"11,74688";"-0,01414"
"41,59000";"11,73189";"-0,01020"
"41,60000";"11,71690";"-0,00880"
"41,61000";"11,70202";"-0,00052"
"41,62000";"11,68691";"0,00394"
"41,63000";"11,67192";"0,00811"
"41,64000";"11,65693";"-0,00011"
"41,65000";"11,64205";"-0,00439"
"41,66000";"11,62706";"-0,00024"
"41,67000";"11,61206";"-0,00154"
"41,68000";"11,59695";"-0,00563"
"41,69000";"11,58208";"-0,00488"
"41,70000";"11,56708";"-0,00111"
"41,71000";"11,55197";"-0,00364"
"41,72000";"11,53698";"-0,01535"
"41,73000";"11,52199";"-0,02271"
"41,74000";"11,50699";"-0,02591"
"41,75000";"11,49188";"-0,02764"
"41,76000";"11,47689";"-0,02659"
"41,77000";"11,46190";"-0,01915"
"41,78000";"11,44702";"-0,00420"
"41,79000";"11,43203";"0,00667"
"41,80000";"11,41704";"0,00766"
"41,81000";"11,40204";"-0,00024"
"41,82000";"11,38705";"-0,01464"
"41,83000";"11,37194";"-0,02140"
"41,84000";"11,35694";"-0,02412"
"41,85000";"11,34183";"-0,02861"
"41,86000";"11,32696";"-0,02831"
"41,87000";"11,31185";"-0,02119"
"41,88000";"11,29685";"-0,01194"
"41,89000";"11,28198";"-0,00345"
"41,90000";"11,26710";"-0,00027"
"41,91000";"11,25211";"-0,00547"
"41,92000";"11,23700";"-0,01179"
"41,93000";"11,22213";"-0,01769"
"41,94000";"11,20713";"-0,01815"
"41,95000";"11,19202";"-0,01672"
"41,96000";"11,17691";"-0,01186"
"41,97000";"11,16192";"-0,00464"
"41,98000";"11,14704";"-0,00438"
"41,99000";"11,13205";"-0,00647"
"42,00000";"11,11694";"-0,00708"
"42,01000";"11,10194";"-0,01219"
"42,02000";"11,08707";"-0,01914"
"42,03000";"11,07208";"-0,02114"
"42,04000";"11,05708";"-0,02329"
"42,05000";"11,04197";"-0,02177"
"42,06000";"11,02698";"-0,01773"
"42,07000";"11,01187";"-0,01370"
"42,08000";"10,99688";"-0,00635"
"42,09000";"10,98188";"-0,00695"
"42,10000";"10,96701";"-0,00950"
"42,11000";"10,95213";"-0,01056"
"42,12000";"10,93714";"-0,01122"
"42,13000";"10,92203";"-0,01195"
"42,14000";"10,90703";"-0,01009"
"42,15000";"10,89192";"-0,00729"
"42,16000";"10,87681";"-0,00396"
"42,17000";"10,86182";"-0,01188"
"42,18000";"10,84683";"-0,02402"
"42,19000";"10,83195";"-0,02884"
"42,20000";"10,81684";"-0,02458"
"42,21000";"10,80173";"-0,02739"
"42,22000";"10,78686";"-0,02838"
"42,23000";"10,77186";"-0,02496"
"42,24000";"10,75699";"-0,02612"
"42,25000";"10,74199";"-0,01671"
"42,26000";"10,72712";"-0,01641"
"42,27000";"10,71224";"-0,02248"
"42,28000";"10,69725";"-0,02571"
"42,29000";"10,68214";"-0,02736"
"42,30000";"10,66715";"-0,02212"
"42,31000";"10,65215";"-0,01548"
"42,32000";"10,63716";"-0,01047"
"42,33000";"10,62217";"-0,01295"
"42,34000";"10,60717";"-0,01951"
"42,35000";"10,59218";"-0,02252"
"42,36000";"10,57731";"-0,01064"
"42,37000";"10,56219";"-0,00151"
"42,38000";"10,54708";"-0,00427"
"42,39000";"10,53209";"-0,00677"
"42,40000";"10,51722";"-0,00207"
"42,41000";"10,50234";"-0,00137"
"42,42000";"10,48735";"-0,00039"
"42,43000";"10,47235";"0,00026"
"42,44000";"10,45736";"-0,00525"
"42,45000";"10,44237";"-0,00752"
"42,46000";"10,42726";"-0,00979"
"42,47000";"10,41215";"-0,01999"
"42,48000";"10,39715";"-0,02177"
"42,49000";"10,38216";"-0,01673"
"42,50000";"10,36717";"-0,01689"
"42,51000";"10,35206";"-0,02456"
"42,52000";"10,33706";"-0,02659"
"42,53000";"10,32207";"-0,02285"
"42,54000";"10,30696";"-0,01349"
"42,55000";"10,29185";"-0,01440"
"42,56000";"10,27697";"-0,01440"
"42,57000";"10,26198";"-0,01127"
"42,58000";"10,24687";"-0,01685"
"42,59000";"10,23199";"-0,02126"
"42,60000";"10,21712";"-0,02167"
"42,61000";"10,20224";"-0,01956"
"42,62000";"10,18713";"-0,02046"
"42,63000";"10,17202";"-0,01670"
"42,64000";"10,15703";"-0,01674"
"42,65000";"10,14204";"-0,00769"
"42,66000";"10,12692";"-0,00685"
"42,67000";"10,11181";"-0,00683"
"42,68000";"10,09682";"-0,00883"
"42,69000";"10,08183";"-0,00726"
"42,70000";"10,06671";"-0,00550"
"42,71000";"10,05160";"-0,01477"
"42,72000";"10,03673";"-0,02082"
"42,73000";"10,02185";"-0,02019"
"42,74000";"10,00686";"-0,01610"
"42,75000";"9,99187";"-0,00998"
"42,76000";"9,97688";"-0,00787"
"42,77000";"9,96200";"-0,00126"
"42,78000";"9,94689";"0,00023"
"42,79000";"9,93178";"-0,00681"
"42,80000";"9,91690";"-0,01374"
"42,81000";"9,90203";"-0,01495"
"42,82000";"9,88703";"-0,00634"
"42,83000";"9,87204";"0,00290"
"42,84000";"9,85693";"0,00150"
"42,85000";"9,84194";"-0,00317"
"42,86000";"9,82695";"-0,00671"
"42,87000";"9,81195";"-0,00267"
"42,88000";"9,79696";"-0,00361"
"42,89000";"9,78208";"-0,01351"
"42,90000";"9,76709";"-0,01901"
"42,91000";"9,75210";"-0,02160"
"42,92000";"9,73699";"-0,02423"
"42,93000";"9,72211";"-0,01846"
"42,94000";"9,70712";"-0,01539"
"42,95000";"9,69213";"-0,01030"
"42,96000";"9,67701";"-0,00885"
"42,97000";"9,66214";"-0,00591"
"42,98000";"9,64726";"-0,00480"
"42,99000";"9,63215";"0,00117"
"43,00000";"9,61704";"-0,00114"
"43,01000";"9,60205";"-0,00475"
"43,02000";"9,58706";"-0,01644"
"43,03000";"9,57218";"-0,01992"
"43,04000";"9,55719";"-0,02122"
"43,05000";"9,54220";"-0,01630"
"43,06000";"9,52732";"-0,00806"
"43,07000";"9,51233";"-0,00421"
"43,08000";"9,49710";"-0,00573"
"43,09000";"9,48199";"-0,00330"
"43,10000";"9,46711";"-0,00947"
"43,11000";"9,45212";"-0,01975"
"43,12000";"9,43701";"-0,02409"
"43,13000";"9,42201";"-0,02582"
"43,14000";"9,40714";"-0,02362"
"43,15000";"9,39203";"-0,01805"
"43,16000";"9,37692";"-0,01297"
"43,17000";"9,36180";"-0,01349"
"43,18000";"9,34693";"-0,01153"
"43,19000";"9,33206";"-0,00833"
"43,20000";"9,31694";"-0,00883"
"43,21000";"9,30195";"-0,02063"
"43,22000";"9,28719";"-0,03172"
"43,23000";"9,27232";"-0,03771"
"43,24000";"9,25721";"-0,03367"
"43,25000";"9,24210";"-0,02576"
"43,26000";"9,22699";"-0,01533"
"43,27000";"9,21211";"-0,01110"
"43,28000";"9,19712";"-0,01047"
"43,29000";"9,18189";"-0,00636"
"43,30000";"9,16690";"-0,00414"
"43,31000";"9,15202";"-0,00378"
"43,32000";"9,13703";"0,00704"
"43,33000";"9,12192";"0,00984"
"43,34000";"9,10692";"-0,00353"
"43,35000";"9,09217";"-0,01534"
"43,36000";"9,07717";"-0,02345"
"43,37000";"9,06206";"-0,02697"
"43,38000";"9,04695";"-0,02428"
"43,39000";"9,03196";"-0,01599"
"43,40000";"9,01708";"-0,00654"
"43,41000";"9,00185";"0,00517"
"43,42000";"8,98674";"0,00510"
"43,43000";"8,97187";"-0,00365"
"43,44000";"8,95688";"-0,01334"
"43,45000";"8,94188";"-0,01669"
"43,46000";"8,92689";"-0,02475"
"43,47000";"8,91190";"-0,02456"
"43,48000";"8,89690";"-0,02034"
"43,49000";"8,88179";"-0,02238"
"43,50000";"8,86680";"-0,02895"
"43,51000";"8,85192";"-0,02695"
"43,52000";"8,83717";"-0,01493"
"43,53000";"8,82206";"-0,00746"
"43,54000";"8,80694";"-0,01082"
"43,55000";"8,79195";"-0,01193"
"43,56000";"8,77708";"-0,00806"
"43,57000";"8,76197";"-0,01461"
"43,58000";"8,74697";"-0,02134"
"43,59000";"8,73198";"-0,02363"
"43,60000";"8,71722";"-0,02982"
"43,61000";"8,70235";"-0,02888"
"43,62000";"8,68724";"-0,02583"
"43,63000";"8,67213";"-0,01944"
"43,64000";"8,65725";"-0,01202"
"43,65000";"8,64214";"-0,00793"
"43,66000";"8,62703";"0,00329"
"43,67000";"8,61215";"0,00690"
"43,68000";"8,59728";"0,00977"
"43,69000";"8,58228";"0,00692"
"43,70000";"8,56717";"0,01080"
"43,71000";"8,55206";"0,01149"
"43,72000";"8,53695";"0,00766"
"43,73000";"8,52184";"0,00357"
"43,74000";"8,50673";"-0,00452"
"43,75000";"8,49174";"-0,00595"
"43,76000";"8,47674";"-0,00158"
"43,77000";"8,46187";"0,00512"
"43,78000";"8,44676";"0,00545"
"43,79000";"8,43165";"0,01334"
"43,80000";"8,41665";"0,01947"
"43,81000";"8,40178";"0,02955"
"43,82000";"8,38679";"0,03386"
"43,83000";"8,37179";"0,03501"
"43,84000";"8,35692";"0,03447"
"43,85000";"8,34204";"0,03137"
"43,86000";"8,32705";"0,02872"
"43,87000";"8,31194";"0,02780"
"43,88000";"8,29695";"0,02752"
"43,89000";"8,28183";"0,02644"
"43,90000";"8,26696";"0,02971"
"43,91000";"8,25185";"0,03797"
"43,92000";"8,23685";"0,03668"
"43,93000";"8,22198";"0,02571"
"43,94000";"8,20699";"0,02151"
"43,95000";"8,19188";"0,02145"
"43,96000";"8,17676";"0,01930"
"43,97000";"8,16189";"0,01907"
"43,98000";"8,14701";"0,01031"
"43,99000";"8,13202";"0,01096"
"44,00000";"8,11703";"0,01602"
"44,01000";"8,10204";"0,02001"
"44,02000";"8,08704";"0,01570"
"44,03000";"8,07193";"0,01172"
"44,04000";"8,05682";"0,01010"
"44,05000";"8,04183";"0,01024"
"44,06000";"8,02695";"0,00925"
"44,07000";"8,01208";"0,01076"
"44,08000";"7,99708";"0,01618"
"44,09000";"7,98209";"0,01875"
"44,10000";"7,96710";"0,01500"
"44,11000";"7,95199";"0,02068"
"44,12000";"7,93699";"0,02753"
"44,13000";"7,92200";"0,02202"
"44,14000";"7,90712";"0,02066"
"44,15000";"7,89213";"0,02425"
"44,16000";"7,87714";"0,02861"
"44,17000";"7,86203";"0,03307"
"44,18000";"7,84704";"0,02824"
"44,19000";"7,83204";"0,03684"
"44,20000";"7,81693";"0,04464"
"44,21000";"7,80194";"0,04429"
"44,22000";"7,78694";"0,03725"
"44,23000";"7,77219";"0,02477"
"44,24000";"7,75719";"0,01389"
"44,25000";"7,74208";"0,00518"
"44,26000";"7,72709";"0,00109"
"44,27000";"7,71222";"-0,00173"
"44,28000";"7,69710";"-0,00575"
"44,29000";"7,68199";"-0,00432"
"44,30000";"7,66700";"0,00312"
"44,31000";"7,65212";"0,00775"
"44,32000";"7,63713";"0,00970"
"44,33000";"7,62202";"0,01373"
"44,34000";"7,60691";"0,01145"
"44,35000";"7,59192";"0,00842"
"44,36000";"7,57681";"0,01024"
"44,37000";"7,56169";"0,01239"
"44,38000";"7,54682";"0,01031"
"44,39000";"7,53194";"0,00989"
"44,40000";"7,51695";"0,01066"
"44,41000";"7,50196";"0,01646"
"44,42000";"7,48697";"0,02197"
"44,43000";"7,47197";"0,02668"
"44,44000";"7,45686";"0,02733"
"44,45000";"7,44187";"0,02909"
"44,46000";"7,42687";"0,02402"
"44,47000";"7,41188";"0,01517"
"44,48000";"7,39701";"0,00303"
"44,49000";"7,38190";"0,00081"
"44,50000";"7,36679";"0,00569"
"44,51000";"7,35191";"0,01280"
"44,52000";"7,33680";"0,01457"
"44,53000";"7,32181";"0,01364"
"44,54000";"7,30681";"0,01750"
"44,55000";"7,29194";"0,02052"
"44,56000";"7,27706";"0,02117"
"44,57000";"7,26207";"0,02147"
"44,58000";"7,24696";"0,01663"
"44,59000";"7,23185";"0,01603"
"44,60000";"7,21685";"0,01453"
"44,61000";"7,20186";"0,01689"
"44,62000";"7,18699";"0,01341"
"44,63000";"7,17188";"0,00855"
"44,64000";"7,15700";"0,01309"
"44,65000";"7,14201";"0,01348"
"44,66000";"7,12701";"0,00754"
"44,67000";"7,11190";"-0,00244"
"44,68000";"7,09691";"0,00217"
"44,69000";"7,08204";"0,00666"
"44,70000";"7,06704";"0,01046"
"44,71000";"7,05205";"0,00940"
"44,72000";"7,03694";"0,01301"
"44,73000";"7,02194";"0,01513"
"44,74000";"7,00683";"0,02030"
"44,75000";"6,99184";"0,02213"
"44,76000";"6,97685";"0,01434"
"44,77000";"6,96209";"0,00593"
"44,78000";"6,94722";"0,00455"
"44,79000";"6,93222";"0,01052"
"44,80000";"6,91735";"0,01059"
"44,81000";"6,90247";"0,01564"
"44,82000";"6,88736";"0,02346"
"44,83000";"6,87213";"0,03005"
"44,84000";"6,85702";"0,02647"
"44,85000";"6,84203";"0,02645"
"44,86000";"6,82703";"0,02836"
"44,87000";"6,81204";"0,02614"
"44,88000";"6,79693";"0,02011"
"44,89000";"6,78194";"0,01744"
"44,90000";"6,76694";"0,01347"
"44,91000";"6,75183";"0,01527"
"44,92000";"6,73672";"0,01438"
"44,93000";"6,72185";"0,01629"
"44,94000";"6,70697";"0,01633"
"44,95000";"6,69198";"0,02232"
"44,96000";"6,67699";"0,02536"
"44,97000";"6,66188";"0,02490"
"44,98000";"6,64700";"0,02194"
"44,99000";"6,63189";"0,02041"
"45,00000";"6,61678";"0,02793"
"45,01000";"6,60190";"0,02828"
"45,02000";"6,58703";"0,02473"
"45,03000";"6,57215";"0,01813"
"45,04000";"6,55704";"0,01576"
"45,05000";"6,54205";"0,01113"
"45,06000";"6,52706";"0,00594"
"45,07000";"6,51206";"0,00318"
"45,08000";"6,49707";"0,00489"
"45,09000";"6,48208";"0,00992"
"45,10000";"6,46708";"0,01459"
"45,11000";"6,45209";"0,01572"
"45,12000";"6,43698";"0,01536"
"45,13000";"6,42187";"0,00559"
"45,14000";"6,40699";"0,00493"
"45,15000";"6,39200";"0,00530"
"45,16000";"6,37701";"0,00878"
"45,17000";"6,36201";"0,01166"
"45,18000";"6,34702";"0,01326"
"45,19000";"6,33215";"0,01904"
"45,20000";"6,31703";"0,02511"
"45,21000";"6,30192";"0,02388"
"45,22000";"6,28693";"0,02207"
"45,23000";"6,27206";"0,02986"
"45,24000";"6,25694";"0,03820"
"45,25000";"6,24195";"0,03383"
"45,26000";"6,22708";"0,02371"
"45,27000";"6,21208";"0,01110"
"45,28000";"6,19709";"0,00124"
"45,29000";"6,18198";"-0,00311"
"45,30000";"6,16675";"-0,00251"
"45,31000";"6,15176";"-0,00428"
"45,32000";"6,13676";"0,00234"
"45,33000";"6,12177";"0,00684"
"45,34000";"6,10678";"0,00976"
"45,35000";"6,09202";"0,01558"
"45,36000";"6,07715";"0,01122"
"45,37000";"6,06215";"0,01508"
"45,38000";"6,04704";"0,01301"
"45,39000";"6,03205";"0,01350"
"45,40000";"6,01706";"0,01501"
"45,41000";"6,00206";"0,01474"
"45,42000";"5,98707";"0,01240"
"45,43000";"5,97208";"0,00770"
"45,44000";"5,95720";"0,00955"
"45,45000";"5,94209";"0,01132"
"45,46000";"5,92686";"0,01322"
"45,47000";"5,91187";"0,01164"
"45,48000";"5,89711";"0,01879"
"45,49000";"5,88212";"0,02515"
"45,50000";"5,86701";"0,02065"
"45,51000";"5,85201";"0,01296"
"45,52000";"5,83702";"0,01059"
"45,53000";"5,82203";"0,01814"
"45,54000";"5,80692";"0,02167"
"45,55000";"5,79192";"0,02066"
"45,56000";"5,77729";"0,02194"
"45,57000";"5,76229";"0,02129"
"45,58000";"5,74718";"0,02161"
"45,59000";"5,73207";"0,01879"
"45,60000";"5,71719";"0,01616"
"45,61000";"5,70220";"0,02055"
"45,62000";"5,68709";"0,02147"
"45,63000";"5,67186";"0,01948"
"45,64000";"5,65699";"0,01905"
"45,65000";"5,64211";"0,01879"
"45,66000";"5,62700";"0,02190"
"45,67000";"5,61189";"0,02312"
"45,68000";"5,59690";"0,01634"
"45,69000";"5,58190";"0,00699"
"45,70000";"5,56679";"-0,00201"
"45,71000";"5,55180";"0,00004"
"45,72000";"5,53681";"0,00681"
"45,73000";"5,52205";"0,01444"
"45,74000";"5,50717";"0,01900"
"45,75000";"5,49206";"0,01413"
"45,76000";"5,47707";"0,00391"
"45,77000";"5,46208";"-0,00421"
"45,78000";"5,44708";"-0,00223"
"45,79000";"5,43197";"0,00344"
"45,80000";"5,41698";"0,00685"
"45,81000";"5,40210";"0,00543"
"45,82000";"5,38711";"0,01295"
"45,83000";"5,37200";"0,01663"
"45,84000";"5,35701";"0,01583"
"45,85000";"5,34201";"0,01358"
"45,86000";"5,32702";"0,01512"
"45,87000";"5,31215";"0,01548"
"45,88000";"5,29704";"0,00992"
"45,89000";"5,28216";"0,00660"
"45,90000";"5,26717";"0,01205"
"45,91000";"5,25217";"0,01860"
"45,92000";"5,23706";"0,02160"
"45,93000";"5,22207";"0,01442"
"45,94000";"5,20708";"0,01604"
"45,95000";"5,19197";"0,01446"
"45,96000";"5,17697";"0,01535"
"45,97000";"5,16210";"0,01144"
"45,98000";"5,14734";"0,00973"
"45,99000";"5,13223";"0,01173"
"46,00000";"5,11700";"0,00832"
"46,01000";"5,10189";"0,01053"
"46,02000";"5,08701";"0,02052"
"46,03000";"5,07202";"0,02446"
"46,04000";"5,05703";"0,01940"
"46,05000";"5,04215";"0,01173"
"46,06000";"5,02716";"0,00901"
"46,07000";"5,01217";"0,00217"
"46,08000";"4,99694";"0,00141"
"46,09000";"4,98183";"-0,00215"
"46,10000";"4,96683";"0,00222"
"46,11000";"4,95184";"0,00890"
"46,12000";"4,93673";"0,01023"
"46,13000";"4,92185";"0,00737"
"46,14000";"4,90698";"0,00395"
"46,15000";"4,89199";"0,00583"
"46,16000";"4,87688";"0,00613"
"46,17000";"4,86176";"0,00303"
"46,18000";"4,84689";"-0,00411"
"46,19000";"4,83201";"-0,00756"
"46,20000";"4,81714";"-0,00218"
"46,21000";"4,80215";"0,00982"
"46,22000";"4,78715";"0,01326"
"46,23000";"4,77216";"0,01601"
"46,24000";"4,75717";"0,02301"
"46,25000";"4,74194";"0,02759"
"46,26000";"4,72694";"0,02248"
"46,27000";"4,71207";"0,01765"
"46,28000";"4,69719";"0,01768"
"46,29000";"4,68208";"0,02211"
"46,30000";"4,66709";"0,01685"
"46,31000";"4,65222";"0,01455"
"46,32000";"4,63722";"0,01067"
"46,33000";"4,62199";"0,01016"
"46,34000";"4,60688";"0,00941"
"46,35000";"4,59201";"0,01160"
"46,36000";"4,57701";"0,01426"
"46,37000";"4,56202";"0,00929"
"46,38000";"4,54703";"0,01165"
"46,39000";"4,53227";"0,01702"
"46,40000";"4,51740";"0,02249"
"46,41000";"4,50228";"0,01780"
"46,42000";"4,48717";"0,01423"
"46,43000";"4,47230";"0,01790"
"46,44000";"4,45742";"0,02400"
"46,45000";"4,44243";"0,02253"
"46,46000";"4,42720";"0,01851"
"46,47000";"4,41221";"0,01181"
"46,48000";"4,39710";"0,01149"
"46,49000";"4,38210";"0,01294"
"46,50000";"4,36699";"0,01226"
"46,51000";"4,35200";"0,01364"
"46,52000";"4,33712";"0,01918"
"46,53000";"4,32213";"0,01961"
"46,54000";"4,30702";"0,01073"
"46,55000";"4,29203";"0,01068"
"46,56000";"4,27715";"0,01458"
"46,57000";"4,26216";"0,01918"
"46,58000";"4,24717";"0,01972"
"46,59000";"4,23217";"0,01205"
"46,60000";"4,21742";"0,00719"
"46,61000";"4,20254";"0,00850"
"46,62000";"4,18743";"0,01128"
"46,63000";"4,17220";"0,00699"
"46,64000";"4,15721";"0,00086"
"46,65000";"4,14222";"-0,00512"
"46,66000";"4,12710";"0,00124"
"46,67000";"4,11188";"0,00291"
"46,68000";"4,09700";"-0,00003"
"46,69000";"4,08201";"0,00066"
"46,70000";"4,06690";"0,00677"
"46,71000";"4,05167";"0,01003"
"46,72000";"4,03667";"0,01031"
"46,73000";"4,02192";"0,00549"
"46,74000";"4,00704";"0,00359"
"46,75000";"3,99193";"0,00510"
"46,76000";"3,97682";"0,00285"
"46,77000";"3,96194";"0,00391"
"46,78000";"3,94695";"0,01615"
"46,79000";"3,93172";"0,02266"
"46,80000";"3,91673";"0,02526"
"46,81000";"3,90185";"0,02449"
"46,82000";"3,88698";"0,02460"
"46,83000";"3,87187";"0,02412"
"46,84000";"3,85664";"0,01463"
"46,85000";"3,84176";"0,00601"
"46,86000";"3,82665";"0,00531"
"46,87000";"3,81154";"0,00951"
"46,88000";"3,79643";"0,01189"
"46,89000";"3,78167";"0,01947"
"46,90000";"3,76680";"0,02199"
"46,91000";"3,75192";"0,02383"
"46,92000";"3,73681";"0,01920"
"46,93000";"3,72182";"0,01400"
"46,94000";"3,70683";"0,01308"
"46,95000";"3,69172";"0,01289"
"46,96000";"3,67649";"0,01059"
"46,97000";"3,66161";"0,00999"
"46,98000";"3,64685";"0,01680"
"46,99000";"3,63186";"0,02352"
"47,00000";"3,61687";"0,02768"
"47,01000";"3,60187";"0,02664"
"47,02000";"3,58700";"0,01648"
"47,03000";"3,57201";"0,00933"
"47,04000";"3,55690";"0,00640"
"47,05000";"3,54202";"0,01055"
"47,06000";"3,52715";"0,01751"
"47,07000";"3,51227";"0,02241"
"47,08000";"3,49704";"0,02150"
"47,09000";"3,48193";"0,01233"
"47,10000";"3,46706";"0,01038"
"47,11000";"3,45206";"0,01566"
"47,12000";"3,43695";"0,02650"
"47,13000";"3,42219";"0,03283"
"47,14000";"3,40732";"0,02760"
"47,15000";"3,39244";"0,02408"
"47,16000";"3,37722";"0,01587"
"47,17000";"3,36210";"-0,00049"
"47,18000";"3,34723";"-0,00568"
"47,19000";"3,33212";"-0,00264"
"47,20000";"3,31689";"-0,00061"
"47,21000";"3,30190";"-0,00270"
"47,22000";"3,28690";"-0,00209"
"47,23000";"3,27203";"0,00129"
"47,24000";"3,25703";"0,00497"
"47,25000";"3,24192";"0,00835"
"47,26000";"3,22681";"0,01244"
"47,27000";"3,21182";"0,01415"
"47,28000";"3,19683";"0,00739"
"47,29000";"3,18183";"0,00414"
"47,30000";"3,16684";"-0,00084"
"47,31000";"3,15197";"0,00522"
"47,32000";"3,13697";"0,01505"
"47,33000";"3,12198";"0,01687"
"47,34000";"3,10699";"0,00872"
"47,35000";"3,09199";"-0,00018"
"47,36000";"3,07700";"-0,00532"
"47,37000";"3,06201";"-0,00589"
"47,38000";"3,04701";"-0,00830"
"47,39000";"3,03214";"-0,00252"
"47,40000";"3,01703";"0,00054"
"47,41000";"3,00192";"0,01188"
"47,42000";"2,98692";"0,01851"
"47,43000";"2,97193";"0,02465"
"47,44000";"2,95706";"0,02142"
"47,45000";"2,94218";"0,00927"
"47,46000";"2,92707";"0,00598"
"47,47000";"2,91208";"0,00708"
"47,48000";"2,89708";"0,00636"
"47,49000";"2,88209";"0,00373"
"47,50000";"2,86686";"0,00934"
"47,51000";"2,85187";"0,00781"
"47,52000";"2,83699";"0,00769"
"47,53000";"2,82200";"0,01348"
"47,54000";"2,80701";"0,02019"
"47,55000";"2,79201";"0,02572"
"47,56000";"2,77702";"0,02602"
"47,57000";"2,76191";"0,02385"
"47,58000";"2,74680";"0,01618"
"47,59000";"2,73181";"0,00628"
"47,60000";"2,71693";"0,00794"
"47,61000";"2,70206";"0,00914"
"47,62000";"2,68694";"0,00545"
"47,63000";"2,67195";"0,00505"
"47,64000";"2,65696";"0,00641"
"47,65000";"2,64197";"0,00633"
"47,66000";"2,62674";"0,00484"
"47,67000";"2,61174";"0,00014"
"47,68000";"2,59675";"-0,00244"
"47,69000";"2,58199";"-0,00674"
"47,70000";"2,56688";"-0,00890"
"47,71000";"2,55189";"-0,00826"
"47,72000";"2,53690";"-0,00378"
"47,73000";"2,52202";"0,00709"
"47,74000";"2,50679";"0,01490"
"47,75000";"2,49192";"0,00851"
"47,76000";"2,47704";"0,00032"
"47,77000";"2,46217";"-0,00927"
"47,78000";"2,44717";"-0,01196"
"47,79000";"2,43206";"-0,01190"
"47,80000";"2,41707";"-0,01137"
"47,81000";"2,40208";"-0,00886"
"47,82000";"2,38697";"0,00169"
"47,83000";"2,37174";"0,00691"
"47,84000";"2,35674";"0,00708"
"47,85000";"2,34199";"0,00688"
"47,86000";"2,32699";"0,01331"
"47,87000";"2,31200";"0,01842"
"47,88000";"2,29689";"0,01783"
"47,89000";"2,28201";"0,01291"
"47,90000";"2,26702";"0,01301"
"47,91000";"2,25191";"0,01629"
"47,92000";"2,23692";"0,01598"
"47,93000";"2,22204";"0,02138"
"47,94000";"2,20705";"0,02159"
"47,95000";"2,19206";"0,01328"
"47,96000";"2,17694";"0,00298"
"47,97000";"2,16195";"0,00031"
"47,98000";"2,14696";"0,00443"
"47,99000";"2,13197";"0,01127"
"48,00000";"2,11697";"0,01446"
"48,01000";"2,10198";"0,01286"
"48,02000";"2,08699";"0,01276"
"48,03000";"2,07188";"0,01715"
"48,04000";"2,05676";"0,01857"
"48,05000";"2,04177";"0,02320"
"48,06000";"2,02690";"0,02272"
"48,07000";"2,01190";"0,01245"
"48,08000";"1,99691";"-0,00020"
"48,09000";"1,98203";"-0,00627"
"48,10000";"1,96704";"-0,00206"
"48,11000";"1,95205";"0,00923"
"48,12000";"1,93694";"0,01023"
"48,13000";"1,92194";"0,01575"
"48,14000";"1,90683";"0,01655"
"48,15000";"1,89184";"0,01176"
"48,16000";"1,87685";"0,01132"
"48,17000";"1,86197";"0,01183"
"48,18000";"1,84698";"0,01155"
"48,19000";"1,83199";"0,00874"
"48,20000";"1,81688";"0,00797"
"48,21000";"1,80188";"0,00845"
"48,22000";"1,78677";"0,00857"
"48,23000";"1,77190";"0,00544"
"48,24000";"1,75702";"-0,00411"
"48,25000";"1,74203";"-0,01239"
"48,26000";"1,72703";"-0,01944"
"48,27000";"1,71204";"-0,01799"
"48,28000";"1,69693";"-0,00482"
"48,29000";"1,68182";"0,00854"
"48,30000";"1,66683";"0,01051"
"48,31000";"1,65195";"0,00580"
"48,32000";"1,63708";"0,00381"
"48,33000";"1,62208";"0,00674"
"48,34000";"1,60709";"0,00749"
"48,35000";"1,59210";"0,01000"
"48,36000";"1,57710";"0,01266"
"48,37000";"1,56199";"0,00896"
"48,38000";"1,54700";"0,00819"
"48,39000";"1,53212";"0,00889"
"48,40000";"1,51725";"0,01266"
"48,41000";"1,50214";"0,01930"
"48,42000";"1,48691";"0,01442"
"48,43000";"1,47192";"0,00752"
"48,44000";"1,45692";"0,00881"
"48,45000";"1,44181";"0,00927"
"48,46000";"1,42682";"0,00904"
"48,47000";"1,41183";"0,00403"
"48,48000";"1,39695";"-0,00182"
"48,49000";"1,38196";"-0,00176"
"48,50000";"1,36685";"-0,00596"
"48,51000";"1,35185";"-0,00856"
"48,52000";"1,33686";"-0,00756"
"48,53000";"1,32175";"-0,00351"
"48,54000";"1,30676";"0,00552"
"48,55000";"1,29188";"0,01562"
"48,56000";"1,27713";"0,01308"
"48,57000";"1,26213";"0,01234"
"48,58000";"1,24714";"0,01095"
"48,59000";"1,23215";"0,00729"
"48,60000";"1,21715";"0,00370"
"48,61000";"1,20216";"0,00026"
"48,62000";"1,18705";"-0,00739"
"48,63000";"1,17206";"-0,01050"
"48,64000";"1,15706";"-0,01119"
"48,65000";"1,14219";"-0,01301"
"48,66000";"1,12696";"-0,00174"
"48,67000";"1,11197";"0,00432"
"48,68000";"1,09697";"0,00388"
"48,69000";"1,08198";"0,00437"
"48,70000";"1,06699";"0,00308"
"48,71000";"1,05211";"-0,00847"
"48,72000";"1,03700";"-0,01539"
"48,73000";"1,02201";"-0,01802"
"48,74000";"1,00701";"-0,01140"
"48,75000";"0,99202";"-0,00622"
"48,76000";"0,97691";"-0,01155"
"48,77000";"0,96203";"-0,00603"
"48,78000";"0,94704";"0,00074"
"48,79000";"0,93193";"0,00247"
"48,80000";"0,91694";"0,00125"
"48,81000";"0,90206";"-0,00379"
"48,82000";"0,88707";"0,00165"
"48,83000";"0,87196";"0,01100"
"48,84000";"0,85685";"0,01614"
"48,85000";"0,84185";"0,02697"
"48,86000";"0,82686";"0,02509"
"48,87000";"0,81199";"0,01903"
"48,88000";"0,79688";"0,01054"
"48,89000";"0,78212";"0,00259"
"48,90000";"0,76724";"0,00137"
"48,91000";"0,75213";"0,00257"
"48,92000";"0,73714";"-0,00167"
"48,93000";"0,72215";"0,00050"
"48,94000";"0,70715";"0,00499"
"48,95000";"0,69216";"0,00505"
"48,96000";"0,67705";"0,00851"
"48,97000";"0,66206";"0,01184"
"48,98000";"0,64718";"0,01304"
"48,99000";"0,63219";"0,01230"
"49,00000";"0,61696";"0,01049"
"49,01000";"0,60197";"0,00890"
"49,02000";"0,58709";"0,01043"
"49,03000";"0,57198";"0,01074"
"49,04000";"0,55687";"0,01234"
"49,05000";"0,54188";"0,00892"
"49,06000";"0,52688";"0,00542"
"49,07000";"0,51189";"0,00664"
"49,08000";"0,49678";"0,00683"
"49,09000";"0,48167";"0,01076"
"49,10000";"0,46691";"0,01646"
"49,11000";"0,45203";"0,01998"
"49,12000";"0,43704";"0,02002"
"49,13000";"0,42193";"0,01029"
"49,14000";"0,40694";"-0,00132"
"49,15000";"0,39206";"-0,00862"
"49,16000";"0,37683";"-0,01375"
"49,17000";"0,36172";"-0,01259"
"49,18000";"0,34685";"-0,01077"
"49,19000";"0,33197";"-0,00649"
"49,20000";"0,31710";"0,00380"
"49,21000";"0,30199";"0,00956"
"49,22000";"0,28699";"0,01111"
"49,23000";"0,27212";"0,01170"
"49,24000";"0,25701";"0,01094"
"49,25000";"0,24190";"0,00477"
"49,26000";"0,22690";"-0,00300"
"49,27000";"0,21203";"-0,00775"
"49,28000";"0,19703";"-0,01405"
"49,29000";"0,18192";"-0,00844"
"49,30000";"0,16681";"-0,00163"
"49,31000";"0,15182";"-0,00244"
"49,32000";"0,13694";"-0,00113"
"49,33000";"0,12195";"-0,00348"
"49,34000";"0,10708";"-0,00684"
"49,35000";"0,09232";"-0,00241"
"49,36000";"0,07744";"0,00417"
"49,37000";"0,06233";"0,00668"
"49,38000";"0,04722";"0,00484"
"49,39000";"0,03223";"0,00576"
"49,40000";"0,01724";"0,00205"
"49,41000";"0,00224";"-0,00303"
"49,41200";"-0,00083";"-0,00443"
