Hardness 1 : Kraftbei  Hardness 1;"346,37418";N
A1 : A1;"0,86915";J
A2 : A2;"0,11486";J
Springiness : Springiness;"0,00066";m
Cohesiveness : Cohesiveness;"0,13215";
Chewiness : Chewiness;"0,03001";J

Zeit;Traversenweg;Kraft
(s);(mm);(N)
"0,00000";"0,00000";"0,37575"
"0,01000";"0,00094";"0,38603"
"0,02000";"0,00578";"0,39868"
"0,03000";"0,01641";"0,41697"
"0,04000";"0,03152";"0,43283"
"0,05000";"0,04923";"0,43867"
"0,06000";"0,06812";"0,43584"
"0,07000";"0,08724";"0,41919"
"0,08000";"0,10613";"0,39947"
"0,09000";"0,12443";"0,38461"
"0,10000";"0,14226";"0,37284"
"0,11000";"0,15949";"0,36677"
"0,12000";"0,17626";"0,36145"
"0,13000";"0,19267";"0,35970"
"0,14000";"0,20884";"0,35937"
"0,15000";"0,22466";"0,35420"
"0,16000";"0,24036";"0,35431"
"0,17000";"0,25594";"0,35240"
"0,18000";"0,27141";"0,35222"
"0,19000";"0,28664";"0,35873"
"0,20000";"0,30199";"0,36891"
"0,21000";"0,31733";"0,37570"
"0,22000";"0,33244";"0,37757"
"0,23000";"0,34767";"0,37768"
"0,24000";"0,36267";"0,37637"
"0,25000";"0,37766";"0,37336"
"0,26000";"0,39265";"0,37103"
"0,27000";"0,40765";"0,36972"
"0,28000";"0,42276";"0,37130"
"0,29000";"0,43787";"0,37540"
"0,30000";"0,45298";"0,37358"
"0,31000";"0,46809";"0,36853"
"0,32000";"0,48308";"0,36891"
"0,33000";"0,49808";"0,37316"
"0,34000";"0,51295";"0,37159"
"0,35000";"0,52794";"0,37632"
"0,36000";"0,54294";"0,37947"
"0,37000";"0,55805";"0,37396"
"0,38000";"0,57304";"0,36066"
"0,39000";"0,58803";"0,35356"
"0,40000";"0,60303";"0,35271"
"0,41000";"0,61814";"0,35587"
"0,42000";"0,63313";"0,36146"
"0,43000";"0,64812";"0,36553"
"0,44000";"0,66312";"0,36344"
"0,45000";"0,67823";"0,36682"
"0,46000";"0,69310";"0,37123"
"0,47000";"0,70798";"0,36862"
"0,48000";"0,72297";"0,36784"
"0,49000";"0,73808";"0,37074"
"0,50000";"0,75308";"0,37018"
"0,51000";"0,76807";"0,36550"
"0,52000";"0,78318";"0,36441"
"0,53000";"0,79817";"0,36674"
"0,54000";"0,81317";"0,37870"
"0,55000";"0,82816";"0,38337"
"0,56000";"0,84303";"0,37287"
"0,57000";"0,85803";"0,36365"
"0,58000";"0,87290";"0,35258"
"0,59000";"0,88790";"0,35526"
"0,60000";"0,90289";"0,36098"
"0,61000";"0,91800";"0,37238"
"0,62000";"0,93311";"0,37746"
"0,63000";"0,94810";"0,37521"
"0,64000";"0,96310";"0,37117"
"0,65000";"0,97797";"0,36443"
"0,66000";"0,99297";"0,36320"
"0,67000";"1,00796";"0,36500"
"0,68000";"1,02307";"0,36669"
"0,69000";"1,03806";"0,37099"
"0,70000";"1,05306";"0,37318"
"0,71000";"1,06805";"0,37540"
"0,72000";"1,08316";"0,36858"
"0,73000";"1,09815";"0,36508"
"0,74000";"1,11315";"0,36528"
"0,75000";"1,12814";"0,36119"
"0,76000";"1,14313";"0,36642"
"0,77000";"1,15813";"0,37080"
"0,78000";"1,17300";"0,37703"
"0,79000";"1,18799";"0,38129"
"0,80000";"1,20299";"0,37986"
"0,81000";"1,21798";"0,37989"
"0,82000";"1,23285";"0,38365"
"0,83000";"1,24797";"0,38521"
"0,84000";"1,26308";"0,37084"
"0,85000";"1,27807";"0,36109"
"0,86000";"1,29294";"0,35736"
"0,87000";"1,30794";"0,35886"
"0,88000";"1,32293";"0,36301"
"0,89000";"1,33792";"0,36670"
"0,90000";"1,35280";"0,37099"
"0,91000";"1,36779";"0,36751"
"0,92000";"1,38290";"0,37166"
"0,93000";"1,39813";"0,37365"
"0,94000";"1,41313";"0,37485"
"0,95000";"1,42812";"0,37294"
"0,96000";"1,44323";"0,37710"
"0,97000";"1,45810";"0,37806"
"0,98000";"1,47310";"0,38146"
"0,99000";"1,48809";"0,38554"
"1,00000";"1,50308";"0,38512"
"1,01000";"1,51819";"0,38091"
"1,02000";"1,53319";"0,37460"
"1,03000";"1,54818";"0,37371"
"1,04000";"1,56306";"0,37306"
"1,05000";"1,57805";"0,37945"
"1,06000";"1,59304";"0,37633"
"1,07000";"1,60803";"0,37026"
"1,08000";"1,62303";"0,36459"
"1,09000";"1,63802";"0,36269"
"1,10000";"1,65301";"0,35967"
"1,11000";"1,66801";"0,37366"
"1,12000";"1,68300";"0,38809"
"1,13000";"1,69799";"0,39000"
"1,14000";"1,71299";"0,38766"
"1,15000";"1,72810";"0,38504"
"1,16000";"1,74309";"0,37866"
"1,17000";"1,75820";"0,37366"
"1,18000";"1,77308";"0,37569"
"1,19000";"1,78807";"0,37891"
"1,20000";"1,80306";"0,37677"
"1,21000";"1,81794";"0,37678"
"1,22000";"1,83293";"0,37520"
"1,23000";"1,84792";"0,37142"
"1,24000";"1,86303";"0,36853"
"1,25000";"1,87803";"0,36555"
"1,26000";"1,89302";"0,36629"
"1,27000";"1,90801";"0,36897"
"1,28000";"1,92301";"0,37200"
"1,29000";"1,93800";"0,37512"
"1,30000";"1,95288";"0,37479"
"1,31000";"1,96787";"0,37525"
"1,32000";"1,98298";"0,38600"
"1,33000";"1,99797";"0,38704"
"1,34000";"2,01297";"0,37955"
"1,35000";"2,02796";"0,37258"
"1,36000";"2,04295";"0,37182"
"1,37000";"2,05794";"0,37875"
"1,38000";"2,07294";"0,38102"
"1,39000";"2,08793";"0,37895"
"1,40000";"2,10292";"0,38101"
"1,41000";"2,11792";"0,37983"
"1,42000";"2,13303";"0,37413"
"1,43000";"2,14802";"0,36945"
"1,44000";"2,16301";"0,36848"
"1,45000";"2,17813";"0,37041"
"1,46000";"2,19324";"0,37007"
"1,47000";"2,20823";"0,37829"
"1,48000";"2,22322";"0,39022"
"1,49000";"2,23810";"0,39534"
"1,50000";"2,25309";"0,38967"
"1,51000";"2,26797";"0,37769"
"1,52000";"2,28284";"0,37123"
"1,53000";"2,29772";"0,37544"
"1,54000";"2,31283";"0,37819"
"1,55000";"2,32782";"0,37870"
"1,56000";"2,34293";"0,37210"
"1,57000";"2,35804";"0,36948"
"1,58000";"2,37303";"0,36036"
"1,59000";"2,38815";"0,36996"
"1,60000";"2,40302";"0,37994"
"1,61000";"2,41790";"0,38808"
"1,62000";"2,43301";"0,38938"
"1,63000";"2,44812";"0,39323"
"1,64000";"2,46323";"0,38666"
"1,65000";"2,47822";"0,37336"
"1,66000";"2,49322";"0,36316"
"1,67000";"2,50821";"0,36289"
"1,68000";"2,52308";"0,36701"
"1,69000";"2,53796";"0,37401"
"1,70000";"2,55295";"0,37677"
"1,71000";"2,56783";"0,37179"
"1,72000";"2,58282";"0,37460"
"1,73000";"2,59781";"0,38351"
"1,74000";"2,61281";"0,38925"
"1,75000";"2,62780";"0,38739"
"1,76000";"2,64279";"0,37943"
"1,77000";"2,65767";"0,37272"
"1,78000";"2,67254";"0,37117"
"1,79000";"2,68730";"0,36532"
"1,80000";"2,70229";"0,36336"
"1,81000";"2,71717";"0,36016"
"1,82000";"2,73228";"0,36552"
"1,83000";"2,74751";"0,37150"
"1,84000";"2,76250";"0,37755"
"1,85000";"2,77761";"0,38141"
"1,86000";"2,79284";"0,37638"
"1,87000";"2,80819";"0,37534"
"1,88000";"2,82342";"0,38056"
"1,89000";"2,83853";"0,38222"
"1,90000";"2,85352";"0,38275"
"1,91000";"2,86840";"0,38009"
"1,92000";"2,88327";"0,38002"
"1,93000";"2,89826";"0,38227"
"1,94000";"2,91314";"0,38499"
"1,95000";"2,92825";"0,38483"
"1,96000";"2,94324";"0,38299"
"1,97000";"2,95824";"0,37933"
"1,98000";"2,97311";"0,37722"
"1,99000";"2,98810";"0,37944"
"2,00000";"3,00310";"0,37718"
"2,01000";"3,01809";"0,37280"
"2,02000";"3,03308";"0,37156"
"2,03000";"3,04808";"0,36750"
"2,04000";"3,06307";"0,36887"
"2,05000";"3,07794";"0,36914"
"2,06000";"3,09294";"0,38042"
"2,07000";"3,10793";"0,38393"
"2,08000";"3,12281";"0,37707"
"2,09000";"3,13768";"0,36915"
"2,10000";"3,15256";"0,35992"
"2,11000";"3,16743";"0,36030"
"2,12000";"3,18242";"0,36542"
"2,13000";"3,19753";"0,37514"
"2,14000";"3,21276";"0,37816"
"2,15000";"3,22787";"0,38047"
"2,16000";"3,24299";"0,38122"
"2,17000";"3,25810";"0,38209"
"2,18000";"3,27321";"0,38828"
"2,19000";"3,28820";"0,38169"
"2,20000";"3,30331";"0,37293"
"2,21000";"3,31842";"0,37554"
"2,22000";"3,33342";"0,38765"
"2,23000";"3,34841";"0,39832"
"2,24000";"3,36328";"0,40215"
"2,25000";"3,37828";"0,39658"
"2,26000";"3,39327";"0,39108"
"2,27000";"3,40826";"0,38296"
"2,28000";"3,42314";"0,38356"
"2,29000";"3,43813";"0,38263"
"2,30000";"3,45324";"0,38003"
"2,31000";"3,46812";"0,38099"
"2,32000";"3,48311";"0,37448"
"2,33000";"3,49810";"0,37315"
"2,34000";"3,51310";"0,37049"
"2,35000";"3,52797";"0,37483"
"2,36000";"3,54285";"0,37741"
"2,37000";"3,55772";"0,37799"
"2,38000";"3,57260";"0,37822"
"2,39000";"3,58735";"0,38124"
"2,40000";"3,60223";"0,37910"
"2,41000";"3,61734";"0,38239"
"2,42000";"3,63233";"0,38496"
"2,43000";"3,64756";"0,38501"
"2,44000";"3,66267";"0,38634"
"2,45000";"3,67790";"0,38415"
"2,46000";"3,69290";"0,38686"
"2,47000";"3,70789";"0,38971"
"2,48000";"3,72300";"0,39208"
"2,49000";"3,73811";"0,39261"
"2,50000";"3,75334";"0,38484"
"2,51000";"3,76857";"0,38193"
"2,52000";"3,78368";"0,37164"
"2,53000";"3,79867";"0,35818"
"2,54000";"3,81355";"0,35496"
"2,55000";"3,82831";"0,36395"
"2,56000";"3,84318";"0,37926"
"2,57000";"3,85794";"0,38429"
"2,58000";"3,87293";"0,38760"
"2,59000";"3,88804";"0,38804"
"2,60000";"3,90315";"0,38314"
"2,61000";"3,91826";"0,39023"
"2,62000";"3,93338";"0,39303"
"2,63000";"3,94825";"0,39454"
"2,64000";"3,96324";"0,39056"
"2,65000";"3,97824";"0,38188"
"2,66000";"3,99311";"0,37639"
"2,67000";"4,00799";"0,37472"
"2,68000";"4,02274";"0,37747"
"2,69000";"4,03774";"0,37677"
"2,70000";"4,05273";"0,37222"
"2,71000";"4,06760";"0,37093"
"2,72000";"4,08260";"0,36714"
"2,73000";"4,09771";"0,36838"
"2,74000";"4,11282";"0,37092"
"2,75000";"4,12793";"0,37077"
"2,76000";"4,14292";"0,37064"
"2,77000";"4,15803";"0,37106"
"2,78000";"4,17315";"0,36957"
"2,79000";"4,18826";"0,36284"
"2,80000";"4,20349";"0,36331"
"2,81000";"4,21860";"0,36936"
"2,82000";"4,23359";"0,38064"
"2,83000";"4,24847";"0,38546"
"2,84000";"4,26334";"0,39157"
"2,85000";"4,27822";"0,39496"
"2,86000";"4,29309";"0,39448"
"2,87000";"4,30797";"0,39774"
"2,88000";"4,32296";"0,39431"
"2,89000";"4,33807";"0,38502"
"2,90000";"4,35330";"0,37814"
"2,91000";"4,36829";"0,37596"
"2,92000";"4,38328";"0,37369"
"2,93000";"4,39816";"0,38028"
"2,94000";"4,41315";"0,38411"
"2,95000";"4,42803";"0,38457"
"2,96000";"4,44302";"0,38093"
"2,97000";"4,45801";"0,37636"
"2,98000";"4,47289";"0,37324"
"2,99000";"4,48788";"0,37111"
"3,00000";"4,50276";"0,37308"
"3,01000";"4,51763";"0,37937"
"3,02000";"4,53251";"0,37974"
"3,03000";"4,54750";"0,38220"
"3,04000";"4,56261";"0,38253"
"3,05000";"4,57772";"0,38526"
"3,06000";"4,59283";"0,38333"
"3,07000";"4,60794";"0,37799"
"3,08000";"4,62306";"0,37583"
"3,09000";"4,63805";"0,37831"
"3,10000";"4,65304";"0,38296"
"3,11000";"4,66815";"0,38707"
"3,12000";"4,68326";"0,38164"
"3,13000";"4,69838";"0,37533"
"3,14000";"4,71337";"0,37311"
"3,15000";"4,72836";"0,37196"
"3,16000";"4,74335";"0,37050"
"3,17000";"4,75823";"0,37245"
"3,18000";"4,77310";"0,37155"
"3,19000";"4,78798";"0,37363"
"3,20000";"4,80297";"0,37802"
"3,21000";"4,81808";"0,37809"
"3,22000";"4,83308";"0,36761"
"3,23000";"4,84807";"0,36050"
"3,24000";"4,86294";"0,36235"
"3,25000";"4,87782";"0,36093"
"3,26000";"4,89258";"0,36054"
"3,27000";"4,90757";"0,36184"
"3,28000";"4,92268";"0,36802"
"3,29000";"4,93767";"0,36421"
"3,30000";"4,95278";"0,36373"
"3,31000";"4,96790";"0,36076"
"3,32000";"4,98289";"0,35863"
"3,33000";"4,99800";"0,36224"
"3,34000";"5,01311";"0,36491"
"3,35000";"5,02810";"0,36369"
"3,36000";"5,04322";"0,36050"
"3,37000";"5,05844";"0,36285"
"3,38000";"5,07344";"0,36856"
"3,39000";"5,08843";"0,37882"
"3,40000";"5,10342";"0,38283"
"3,41000";"5,11830";"0,37880"
"3,42000";"5,13317";"0,37076"
"3,43000";"5,14817";"0,37377"
"3,44000";"5,16304";"0,38400"
"3,45000";"5,17815";"0,39327"
"3,46000";"5,19326";"0,39698"
"3,47000";"5,20814";"0,39473"
"3,48000";"5,22313";"0,39443"
"3,49000";"5,23801";"0,39865"
"3,50000";"5,25288";"0,39642"
"3,51000";"5,26788";"0,40061"
"3,52000";"5,28299";"0,40229"
"3,53000";"5,29798";"0,40908"
"3,54000";"5,31285";"0,41899"
"3,55000";"5,32785";"0,43014"
"3,56000";"5,34272";"0,43986"
"3,57000";"5,35772";"0,45470"
"3,58000";"5,37283";"0,47828"
"3,59000";"5,38782";"0,49702"
"3,60000";"5,40293";"0,51557"
"3,61000";"5,41804";"0,53434"
"3,62000";"5,43303";"0,55884"
"3,63000";"5,44803";"0,58117"
"3,64000";"5,46302";"0,59584"
"3,65000";"5,47801";"0,61376"
"3,66000";"5,49312";"0,63932"
"3,67000";"5,50812";"0,65756"
"3,68000";"5,52311";"0,67693"
"3,69000";"5,53810";"0,70369"
"3,70000";"5,55322";"0,73481"
"3,71000";"5,56821";"0,76617"
"3,72000";"5,58308";"0,80272"
"3,73000";"5,59808";"0,85123"
"3,74000";"5,61307";"0,90152"
"3,75000";"5,62806";"0,94780"
"3,76000";"5,64306";"0,98427"
"3,77000";"5,65805";"1,02047"
"3,78000";"5,67316";"1,06151"
"3,79000";"5,68815";"1,10047"
"3,80000";"5,70315";"1,14589"
"3,81000";"5,71802";"1,19149"
"3,82000";"5,73313";"1,23485"
"3,83000";"5,74813";"1,28378"
"3,84000";"5,76312";"1,33624"
"3,85000";"5,77811";"1,39244"
"3,86000";"5,79299";"1,44783"
"3,87000";"5,80810";"1,49907"
"3,88000";"5,82309";"1,55832"
"3,89000";"5,83808";"1,61392"
"3,90000";"5,85308";"1,66680"
"3,91000";"5,86819";"1,72577"
"3,92000";"5,88318";"1,78558"
"3,93000";"5,89806";"1,85423"
"3,94000";"5,91317";"1,91175"
"3,95000";"5,92816";"1,96885"
"3,96000";"5,94303";"2,01641"
"3,97000";"5,95803";"2,07789"
"3,98000";"5,97302";"2,14658"
"3,99000";"5,98813";"2,21682"
"4,00000";"6,00324";"2,28852"
"4,01000";"6,01824";"2,35610"
"4,02000";"6,03323";"2,42772"
"4,03000";"6,04822";"2,50655"
"4,04000";"6,06310";"2,57957"
"4,05000";"6,07809";"2,64842"
"4,06000";"6,09320";"2,70984"
"4,07000";"6,10808";"2,77488"
"4,08000";"6,12307";"2,84085"
"4,09000";"6,13806";"2,90258"
"4,10000";"6,15294";"2,95975"
"4,11000";"6,16793";"3,02600"
"4,12000";"6,18281";"3,10374"
"4,13000";"6,19768";"3,18173"
"4,14000";"6,21279";"3,25415"
"4,15000";"6,22790";"3,32509"
"4,16000";"6,24301";"3,39354"
"4,17000";"6,25812";"3,46050"
"4,18000";"6,27312";"3,53245"
"4,19000";"6,28811";"3,60650"
"4,20000";"6,30299";"3,68077"
"4,21000";"6,31798";"3,74744"
"4,22000";"6,33297";"3,81450"
"4,23000";"6,34808";"3,88683"
"4,24000";"6,36308";"3,96810"
"4,25000";"6,37795";"4,04608"
"4,26000";"6,39306";"4,11750"
"4,27000";"6,40806";"4,19015"
"4,28000";"6,42305";"4,26913"
"4,29000";"6,43804";"4,35394"
"4,30000";"6,45303";"4,43029"
"4,31000";"6,46803";"4,50046"
"4,32000";"6,48302";"4,57756"
"4,33000";"6,49801";"4,64935"
"4,34000";"6,51301";"4,71792"
"4,35000";"6,52800";"4,79284"
"4,36000";"6,54287";"4,87125"
"4,37000";"6,55787";"4,94670"
"4,38000";"6,57286";"5,02613"
"4,39000";"6,58785";"5,10918"
"4,40000";"6,60285";"5,18744"
"4,41000";"6,61784";"5,26250"
"4,42000";"6,63283";"5,32389"
"4,43000";"6,64771";"5,38927"
"4,44000";"6,66258";"5,46545"
"4,45000";"6,67769";"5,53904"
"4,46000";"6,69281";"5,61648"
"4,47000";"6,70792";"5,69107"
"4,48000";"6,72291";"5,76663"
"4,49000";"6,73790";"5,84231"
"4,50000";"6,75301";"5,91007"
"4,51000";"6,76801";"5,98800"
"4,52000";"6,78300";"6,07758"
"4,53000";"6,79799";"6,16655"
"4,54000";"6,81299";"6,24445"
"4,55000";"6,82798";"6,32372"
"4,56000";"6,84309";"6,39730"
"4,57000";"6,85808";"6,46580"
"4,58000";"6,87308";"6,54426"
"4,59000";"6,88807";"6,62672"
"4,60000";"6,90306";"6,70192"
"4,61000";"6,91806";"6,78561"
"4,62000";"6,93305";"6,86935"
"4,63000";"6,94816";"6,95859"
"4,64000";"6,96303";"7,03426"
"4,65000";"6,97803";"7,10707"
"4,66000";"6,99302";"7,19389"
"4,67000";"7,00790";"7,28706"
"4,68000";"7,02289";"7,37961"
"4,69000";"7,03788";"7,46393"
"4,70000";"7,05288";"7,53829"
"4,71000";"7,06787";"7,61508"
"4,72000";"7,08298";"7,69554"
"4,73000";"7,09797";"7,77370"
"4,74000";"7,11297";"7,84539"
"4,75000";"7,12796";"7,92308"
"4,76000";"7,14295";"8,00909"
"4,77000";"7,15794";"8,10173"
"4,78000";"7,17294";"8,19290"
"4,79000";"7,18805";"8,28784"
"4,80000";"7,20304";"8,37897"
"4,81000";"7,21803";"8,46488"
"4,82000";"7,23303";"8,55230"
"4,83000";"7,24790";"8,63600"
"4,84000";"7,26290";"8,71225"
"4,85000";"7,27801";"8,79507"
"4,86000";"7,29312";"8,89130"
"4,87000";"7,30811";"8,98476"
"4,88000";"7,32310";"9,07279"
"4,89000";"7,33810";"9,15861"
"4,90000";"7,35309";"9,24663"
"4,91000";"7,36797";"9,32857"
"4,92000";"7,38296";"9,41083"
"4,93000";"7,39807";"9,49533"
"4,94000";"7,41306";"9,58227"
"4,95000";"7,42817";"9,67351"
"4,96000";"7,44317";"9,76856"
"4,97000";"7,45804";"9,85795"
"4,98000";"7,47303";"9,94882"
"4,99000";"7,48791";"10,03957"
"5,00000";"7,50290";"10,12966"
"5,01000";"7,51790";"10,21907"
"5,02000";"7,53301";"10,31510"
"5,03000";"7,54800";"10,41127"
"5,04000";"7,56299";"10,51263"
"5,05000";"7,57799";"10,60659"
"5,06000";"7,59298";"10,69586"
"5,07000";"7,60785";"10,79159"
"5,08000";"7,62285";"10,88126"
"5,09000";"7,63784";"10,98117"
"5,10000";"7,65295";"11,08296"
"5,11000";"7,66806";"11,17938"
"5,12000";"7,68306";"11,26800"
"5,13000";"7,69793";"11,36824"
"5,14000";"7,71292";"11,47044"
"5,15000";"7,72792";"11,56955"
"5,16000";"7,74291";"11,66363"
"5,17000";"7,75790";"11,76097"
"5,18000";"7,77278";"11,85982"
"5,19000";"7,78777";"11,96193"
"5,20000";"7,80276";"12,06605"
"5,21000";"7,81764";"12,17332"
"5,22000";"7,83263";"12,27812"
"5,23000";"7,84762";"12,37973"
"5,24000";"7,86285";"12,48142"
"5,25000";"7,87797";"12,58484"
"5,26000";"7,89296";"12,68648"
"5,27000";"7,90807";"12,78530"
"5,28000";"7,92306";"12,88460"
"5,29000";"7,93806";"12,98504"
"5,30000";"7,95293";"13,09117"
"5,31000";"7,96781";"13,19934"
"5,32000";"7,98292";"13,30218"
"5,33000";"7,99791";"13,40721"
"5,34000";"8,01290";"13,51891"
"5,35000";"8,02801";"13,63092"
"5,36000";"8,04301";"13,74343"
"5,37000";"8,05812";"13,85167"
"5,38000";"8,07299";"13,95508"
"5,39000";"8,08799";"14,06126"
"5,40000";"8,10298";"14,17720"
"5,41000";"8,11797";"14,28800"
"5,42000";"8,13297";"14,39761"
"5,43000";"8,14796";"14,51049"
"5,44000";"8,16307";"14,62204"
"5,45000";"8,17806";"14,73374"
"5,46000";"8,19306";"14,84505"
"5,47000";"8,20805";"14,95367"
"5,48000";"8,22304";"15,06460"
"5,49000";"8,23803";"15,18032"
"5,50000";"8,25303";"15,29259"
"5,51000";"8,26814";"15,40597"
"5,52000";"8,28313";"15,52256"
"5,53000";"8,29813";"15,63348"
"5,54000";"8,31312";"15,75187"
"5,55000";"8,32811";"15,86390"
"5,56000";"8,34310";"15,97767"
"5,57000";"8,35810";"16,09392"
"5,58000";"8,37309";"16,21838"
"5,59000";"8,38797";"16,34107"
"5,60000";"8,40296";"16,45934"
"5,61000";"8,41795";"16,57734"
"5,62000";"8,43294";"16,69176"
"5,63000";"8,44794";"16,80522"
"5,64000";"8,46293";"16,92146"
"5,65000";"8,47804";"17,03794"
"5,66000";"8,49327";"17,15612"
"5,67000";"8,50826";"17,27786"
"5,68000";"8,52326";"17,40479"
"5,69000";"8,53813";"17,52567"
"5,70000";"8,55301";"17,64198"
"5,71000";"8,56812";"17,76248"
"5,72000";"8,58299";"17,87992"
"5,73000";"8,59810";"18,00189"
"5,74000";"8,61310";"18,13214"
"5,75000";"8,62821";"18,26205"
"5,76000";"8,64320";"18,39554"
"5,77000";"8,65808";"18,53335"
"5,78000";"8,67283";"18,66190"
"5,79000";"8,68795";"18,78114"
"5,80000";"8,70294";"18,90047"
"5,81000";"8,71793";"19,02531"
"5,82000";"8,73292";"19,15070"
"5,83000";"8,74792";"19,27297"
"5,84000";"8,76291";"19,39780"
"5,85000";"8,77779";"19,52829"
"5,86000";"8,79278";"19,65745"
"5,87000";"8,80789";"19,79088"
"5,88000";"8,82288";"19,92523"
"5,89000";"8,83799";"20,06542"
"5,90000";"8,85287";"20,20243"
"5,91000";"8,86798";"20,33192"
"5,92000";"8,88297";"20,47134"
"5,93000";"8,89785";"20,60939"
"5,94000";"8,91284";"20,74773"
"5,95000";"8,92795";"20,88309"
"5,96000";"8,94294";"21,01939"
"5,97000";"8,95794";"21,15320"
"5,98000";"8,97281";"21,29213"
"5,99000";"8,98792";"21,43233"
"6,00000";"9,00280";"21,57218"
"6,01000";"9,01767";"21,71371"
"6,02000";"9,03267";"21,84783"
"6,03000";"9,04778";"21,98123"
"6,04000";"9,06289";"22,11817"
"6,05000";"9,07800";"22,26478"
"6,06000";"9,09299";"22,41315"
"6,07000";"9,10810";"22,55642"
"6,08000";"9,12310";"22,69963"
"6,09000";"9,13809";"22,83760"
"6,10000";"9,15308";"22,97573"
"6,11000";"9,16808";"23,12589"
"6,12000";"9,18307";"23,27607"
"6,13000";"9,19818";"23,42540"
"6,14000";"9,21317";"23,57087"
"6,15000";"9,22817";"23,72245"
"6,16000";"9,24316";"23,87395"
"6,17000";"9,25815";"24,03035"
"6,18000";"9,27303";"24,17731"
"6,19000";"9,28802";"24,32026"
"6,20000";"9,30313";"24,46541"
"6,21000";"9,31813";"24,61600"
"6,22000";"9,33312";"24,76810"
"6,23000";"9,34811";"24,92631"
"6,24000";"9,36310";"25,07645"
"6,25000";"9,37810";"25,22451"
"6,26000";"9,39309";"25,38621"
"6,27000";"9,40808";"25,54699"
"6,28000";"9,42308";"25,70652"
"6,29000";"9,43819";"25,86452"
"6,30000";"9,45318";"26,02437"
"6,31000";"9,46817";"26,18430"
"6,32000";"9,48305";"26,34296"
"6,33000";"9,49792";"26,50227"
"6,34000";"9,51304";"26,66569"
"6,35000";"9,52791";"26,82774"
"6,36000";"9,54290";"26,98623"
"6,37000";"9,55801";"27,14876"
"6,38000";"9,57301";"27,31631"
"6,39000";"9,58800";"27,48613"
"6,40000";"9,60299";"27,66207"
"6,41000";"9,61799";"27,83163"
"6,42000";"9,63310";"28,00066"
"6,43000";"9,64809";"28,17092"
"6,44000";"9,66297";"28,34127"
"6,45000";"9,67796";"28,51372"
"6,46000";"9,69307";"28,68599"
"6,47000";"9,70806";"28,86026"
"6,48000";"9,72294";"29,03480"
"6,49000";"9,73805";"29,20517"
"6,50000";"9,75304";"29,37449"
"6,51000";"9,76803";"29,55273"
"6,52000";"9,78303";"29,73242"
"6,53000";"9,79790";"29,91255"
"6,54000";"9,81290";"30,08962"
"6,55000";"9,82789";"30,26340"
"6,56000";"9,84276";"30,43574"
"6,57000";"9,85776";"30,61444"
"6,58000";"9,87287";"30,79825"
"6,59000";"9,88798";"30,99019"
"6,60000";"9,90297";"31,18475"
"6,61000";"9,91808";"31,37628"
"6,62000";"9,93308";"31,56795"
"6,63000";"9,94807";"31,76129"
"6,64000";"9,96294";"31,95222"
"6,65000";"9,97794";"32,13810"
"6,66000";"9,99305";"32,31689"
"6,67000";"10,00816";"32,50440"
"6,68000";"10,02315";"32,70311"
"6,69000";"10,03815";"32,90407"
"6,70000";"10,05314";"33,10017"
"6,71000";"10,06813";"33,29973"
"6,72000";"10,08301";"33,50552"
"6,73000";"10,09800";"33,70567"
"6,74000";"10,11288";"33,90381"
"6,75000";"10,12799";"34,09800"
"6,76000";"10,14298";"34,29868"
"6,77000";"10,15797";"34,49745"
"6,78000";"10,17297";"34,69923"
"6,79000";"10,18808";"34,90530"
"6,80000";"10,20307";"35,10804"
"6,81000";"10,21818";"35,31833"
"6,82000";"10,23318";"35,53040"
"6,83000";"10,24828";"35,74250"
"6,84000";"10,26328";"35,95992"
"6,85000";"10,27827";"36,18774"
"6,86000";"10,29326";"36,40977"
"6,87000";"10,30814";"36,62092"
"6,88000";"10,32313";"36,82515"
"6,89000";"10,33813";"37,04200"
"6,90000";"10,35312";"37,26197"
"6,91000";"10,36823";"37,48706"
"6,92000";"10,38322";"37,71530"
"6,93000";"10,39822";"37,93377"
"6,94000";"10,41321";"38,15022"
"6,95000";"10,42808";"38,37522"
"6,96000";"10,44296";"38,60910"
"6,97000";"10,45807";"38,84094"
"6,98000";"10,47318";"39,06888"
"6,99000";"10,48817";"39,29507"
"7,00000";"10,50328";"39,51862"
"7,01000";"10,51828";"39,74275"
"7,02000";"10,53327";"39,97998"
"7,03000";"10,54803";"40,22367"
"7,04000";"10,56302";"40,46569"
"7,05000";"10,57801";"40,70081"
"7,06000";"10,59289";"40,93163"
"7,07000";"10,60788";"41,16831"
"7,08000";"10,62288";"41,40560"
"7,09000";"10,63787";"41,64943"
"7,10000";"10,65286";"41,89236"
"7,11000";"10,66785";"42,13558"
"7,12000";"10,68285";"42,38589"
"7,13000";"10,69784";"42,64161"
"7,14000";"10,71283";"42,89246"
"7,15000";"10,72783";"43,13676"
"7,16000";"10,74282";"43,38208"
"7,17000";"10,75781";"43,63345"
"7,18000";"10,77281";"43,89339"
"7,19000";"10,78780";"44,16117"
"7,20000";"10,80279";"44,43129"
"7,21000";"10,81779";"44,69030"
"7,22000";"10,83290";"44,94679"
"7,23000";"10,84789";"45,21329"
"7,24000";"10,86288";"45,48030"
"7,25000";"10,87799";"45,74858"
"7,26000";"10,89299";"46,01683"
"7,27000";"10,90786";"46,29237"
"7,28000";"10,92285";"46,56681"
"7,29000";"10,93797";"46,83899"
"7,30000";"10,95308";"47,11379"
"7,31000";"10,96807";"47,39310"
"7,32000";"10,98306";"47,67507"
"7,33000";"10,99806";"47,95287"
"7,34000";"11,01305";"48,22404"
"7,35000";"11,02792";"48,50336"
"7,36000";"11,04303";"48,78590"
"7,37000";"11,05803";"49,07380"
"7,38000";"11,07302";"49,36482"
"7,39000";"11,08801";"49,65983"
"7,40000";"11,10301";"49,94984"
"7,41000";"11,11800";"50,24023"
"7,42000";"11,13299";"50,52919"
"7,43000";"11,14799";"50,81559"
"7,44000";"11,16310";"51,10764"
"7,45000";"11,17809";"51,39803"
"7,46000";"11,19320";"51,69199"
"7,47000";"11,20808";"51,99607"
"7,48000";"11,22307";"52,30288"
"7,49000";"11,23806";"52,61215"
"7,50000";"11,25294";"52,91957"
"7,51000";"11,26793";"53,22271"
"7,52000";"11,28304";"53,51912"
"7,53000";"11,29803";"53,82793"
"7,54000";"11,31303";"54,14591"
"7,55000";"11,32802";"54,45687"
"7,56000";"11,34301";"54,76926"
"7,57000";"11,35789";"55,08942"
"7,58000";"11,37288";"55,41278"
"7,59000";"11,38788";"55,73228"
"7,60000";"11,40298";"56,05670"
"7,61000";"11,41798";"56,38245"
"7,62000";"11,43309";"56,70842"
"7,63000";"11,44820";"57,03338"
"7,64000";"11,46319";"57,35991"
"7,65000";"11,47819";"57,69355"
"7,66000";"11,49318";"58,02789"
"7,67000";"11,50806";"58,35170"
"7,68000";"11,52317";"58,68207"
"7,69000";"11,53816";"59,01769"
"7,70000";"11,55315";"59,36186"
"7,71000";"11,56815";"59,70558"
"7,72000";"11,58314";"60,04171"
"7,73000";"11,59813";"60,37883"
"7,74000";"11,61312";"60,71798"
"7,75000";"11,62800";"61,05554"
"7,76000";"11,64311";"61,39728"
"7,77000";"11,65810";"61,73535"
"7,78000";"11,67310";"62,08628"
"7,79000";"11,68797";"62,43563"
"7,80000";"11,70296";"62,78908"
"7,81000";"11,71796";"63,13717"
"7,82000";"11,73295";"63,49220"
"7,83000";"11,74794";"63,85102"
"7,84000";"11,76306";"64,20711"
"7,85000";"11,77805";"64,56848"
"7,86000";"11,79304";"64,93713"
"7,87000";"11,80803";"65,30315"
"7,88000";"11,82303";"65,67152"
"7,89000";"11,83790";"66,03767"
"7,90000";"11,85290";"66,39857"
"7,91000";"11,86777";"66,75439"
"7,92000";"11,88276";"67,11076"
"7,93000";"11,89799";"67,48096"
"7,94000";"11,91299";"67,85602"
"7,95000";"11,92798";"68,23618"
"7,96000";"11,94297";"68,62168"
"7,97000";"11,95797";"69,00587"
"7,98000";"11,97296";"69,38315"
"7,99000";"11,98795";"69,75748"
"8,00000";"12,00306";"70,13602"
"8,01000";"12,01806";"70,51923"
"8,02000";"12,03293";"70,90066"
"8,03000";"12,04792";"71,27216"
"8,04000";"12,06304";"71,65147"
"8,05000";"12,07803";"72,02897"
"8,06000";"12,09290";"72,40797"
"8,07000";"12,10790";"72,78760"
"8,08000";"12,12289";"73,16479"
"8,09000";"12,13800";"73,53689"
"8,10000";"12,15287";"73,91745"
"8,11000";"12,16775";"74,30257"
"8,12000";"12,18274";"74,68046"
"8,13000";"12,19774";"75,05594"
"8,14000";"12,21273";"75,43153"
"8,15000";"12,22772";"75,80822"
"8,16000";"12,24272";"76,19356"
"8,17000";"12,25783";"76,58556"
"8,18000";"12,27294";"76,97683"
"8,19000";"12,28793";"77,36787"
"8,20000";"12,30292";"77,75060"
"8,21000";"12,31780";"78,12944"
"8,22000";"12,33267";"78,50327"
"8,23000";"12,34778";"78,86723"
"8,24000";"12,36290";"79,23180"
"8,25000";"12,37801";"79,61034"
"8,26000";"12,39300";"79,99906"
"8,27000";"12,40811";"80,38341"
"8,28000";"12,42310";"80,76587"
"8,29000";"12,43810";"81,14835"
"8,30000";"12,45297";"81,52070"
"8,31000";"12,46808";"81,87996"
"8,32000";"12,48296";"82,23601"
"8,33000";"12,49795";"82,58710"
"8,34000";"12,51294";"82,93262"
"8,35000";"12,52794";"83,28150"
"8,36000";"12,54293";"83,62770"
"8,37000";"12,55781";"83,97684"
"8,38000";"12,57280";"84,33453"
"8,39000";"12,58779";"84,68918"
"8,40000";"12,60278";"85,04018"
"8,41000";"12,61790";"85,39570"
"8,42000";"12,63277";"85,74783"
"8,43000";"12,64776";"86,09413"
"8,44000";"12,66288";"86,42802"
"8,45000";"12,67787";"86,76262"
"8,46000";"12,69286";"87,10223"
"8,47000";"12,70809";"87,44142"
"8,48000";"12,72308";"87,78304"
"8,49000";"12,73819";"88,12716"
"8,50000";"12,75331";"88,46371"
"8,51000";"12,76830";"88,79270"
"8,52000";"12,78317";"89,10581"
"8,53000";"12,79805";"89,39414"
"8,54000";"12,81304";"89,67029"
"8,55000";"12,82804";"89,94758"
"8,56000";"12,84315";"90,23434"
"8,57000";"12,85802";"90,52457"
"8,58000";"12,87313";"90,80730"
"8,59000";"12,88813";"91,07518"
"8,60000";"12,90312";"91,33762"
"8,61000";"12,91787";"91,58957"
"8,62000";"12,93287";"91,81720"
"8,63000";"12,94786";"92,04476"
"8,64000";"12,96274";"92,28297"
"8,65000";"12,97773";"92,51471"
"8,66000";"12,99272";"92,75130"
"8,67000";"13,00783";"92,98311"
"8,68000";"13,02294";"93,21842"
"8,69000";"13,03794";"93,43991"
"8,70000";"13,05293";"93,65353"
"8,71000";"13,06804";"93,85694"
"8,72000";"13,08315";"94,05987"
"8,73000";"13,09814";"94,25329"
"8,74000";"13,11314";"94,42411"
"8,75000";"13,12813";"94,57327"
"8,76000";"13,14301";"94,71252"
"8,77000";"13,15788";"94,81835"
"8,78000";"13,17287";"94,91312"
"8,79000";"13,18787";"95,00652"
"8,80000";"13,20298";"95,09943"
"8,81000";"13,21797";"95,18961"
"8,82000";"13,23297";"95,26857"
"8,83000";"13,24796";"95,33044"
"8,84000";"13,26283";"95,36169"
"8,85000";"13,27783";"95,35841"
"8,86000";"13,29282";"95,31980"
"8,87000";"13,30793";"95,26739"
"8,88000";"13,32292";"95,21162"
"8,89000";"13,33792";"95,14449"
"8,90000";"13,35303";"95,04990"
"8,91000";"13,36802";"94,93739"
"8,92000";"13,38290";"94,81406"
"8,93000";"13,39789";"94,68327"
"8,94000";"13,41288";"94,55740"
"8,95000";"13,42799";"94,42637"
"8,96000";"13,44299";"94,28737"
"8,97000";"13,45798";"94,13930"
"8,98000";"13,47297";"93,97263"
"8,99000";"13,48808";"93,80386"
"9,00000";"13,50308";"93,63713"
"9,01000";"13,51807";"93,47161"
"9,02000";"13,53306";"93,29829"
"9,03000";"13,54806";"93,12654"
"9,04000";"13,56305";"92,94628"
"9,05000";"13,57804";"92,75118"
"9,06000";"13,59303";"92,54181"
"9,07000";"13,60803";"92,30673"
"9,08000";"13,62290";"92,03978"
"9,09000";"13,63790";"91,76233"
"9,10000";"13,65289";"91,48206"
"9,11000";"13,66788";"91,20232"
"9,12000";"13,68299";"90,92554"
"9,13000";"13,69799";"90,66228"
"9,14000";"13,71310";"90,40424"
"9,15000";"13,72809";"90,14911"
"9,16000";"13,74296";"89,90816"
"9,17000";"13,75808";"89,67439"
"9,18000";"13,77307";"89,44122"
"9,19000";"13,78806";"89,21019"
"9,20000";"13,80317";"88,98862"
"9,21000";"13,81817";"88,76859"
"9,22000";"13,83328";"88,55405"
"9,23000";"13,84827";"88,33041"
"9,24000";"13,86315";"88,09305"
"9,25000";"13,87814";"87,84050"
"9,26000";"13,89313";"87,57920"
"9,27000";"13,90801";"87,30952"
"9,28000";"13,92300";"87,02924"
"9,29000";"13,93811";"86,74870"
"9,30000";"13,95310";"86,47300"
"9,31000";"13,96810";"86,20660"
"9,32000";"13,98309";"85,95357"
"9,33000";"13,99808";"85,70845"
"9,34000";"14,01319";"85,48162"
"9,35000";"14,02819";"85,26982"
"9,36000";"14,04318";"85,07286"
"9,37000";"14,05805";"84,89333"
"9,38000";"14,07305";"84,71017"
"9,39000";"14,08792";"84,52144"
"9,40000";"14,10280";"84,32410"
"9,41000";"14,11791";"84,10986"
"9,42000";"14,13290";"83,89930"
"9,43000";"14,14790";"83,69034"
"9,44000";"14,16301";"83,47836"
"9,45000";"14,17800";"83,28247"
"9,46000";"14,19311";"83,10774"
"9,47000";"14,20799";"82,93577"
"9,48000";"14,22286";"82,74427"
"9,49000";"14,23797";"82,53400"
"9,50000";"14,25296";"82,31400"
"9,51000";"14,26796";"82,09991"
"9,52000";"14,28307";"81,89021"
"9,53000";"14,29818";"81,67403"
"9,54000";"14,31317";"81,45953"
"9,55000";"14,32805";"81,25807"
"9,56000";"14,34304";"81,04607"
"9,57000";"14,35803";"80,83286"
"9,58000";"14,37303";"80,61858"
"9,59000";"14,38802";"80,40533"
"9,60000";"14,40301";"80,19733"
"9,61000";"14,41813";"80,01315"
"9,62000";"14,43324";"79,85650"
"9,63000";"14,44811";"79,71709"
"9,64000";"14,46310";"79,57612"
"9,65000";"14,47810";"79,43626"
"9,66000";"14,49321";"79,30367"
"9,67000";"14,50820";"79,18277"
"9,68000";"14,52308";"79,05710"
"9,69000";"14,53807";"78,93173"
"9,70000";"14,55306";"78,81771"
"9,71000";"14,56806";"78,70918"
"9,72000";"14,58305";"78,58252"
"9,73000";"14,59804";"78,42802"
"9,74000";"14,61315";"78,26230"
"9,75000";"14,62826";"78,08768"
"9,76000";"14,64326";"77,90820"
"9,77000";"14,65825";"77,71984"
"9,78000";"14,67313";"77,53061"
"9,79000";"14,68800";"77,33652"
"9,80000";"14,70299";"77,14478"
"9,81000";"14,71810";"76,95284"
"9,82000";"14,73322";"76,76267"
"9,83000";"14,74821";"76,58052"
"9,84000";"14,76320";"76,39398"
"9,85000";"14,77820";"76,17715"
"9,86000";"14,79319";"75,92654"
"9,87000";"14,80818";"75,67641"
"9,88000";"14,82317";"75,43005"
"9,89000";"14,83817";"75,18900"
"9,90000";"14,85304";"74,96212"
"9,91000";"14,86792";"74,73128"
"9,92000";"14,88291";"74,49339"
"9,93000";"14,89790";"74,25974"
"9,94000";"14,91290";"73,99995"
"9,95000";"14,92789";"73,68359"
"9,96000";"14,94288";"73,31666"
"9,97000";"14,95799";"72,94091"
"9,98000";"14,97299";"72,58494"
"9,99000";"14,98810";"72,27865"
"10,00000";"15,00309";"72,01750"
"10,01000";"15,01820";"71,78471"
"10,02000";"15,03308";"71,58312"
"10,03000";"15,04807";"71,42886"
"10,04000";"15,06318";"71,30750"
"10,05000";"15,07817";"71,20930"
"10,06000";"15,09328";"71,13105"
"10,07000";"15,10828";"71,06873"
"10,08000";"15,12327";"71,01183"
"10,09000";"15,13815";"70,93668"
"10,10000";"15,15290";"70,84715"
"10,11000";"15,16778";"70,75033"
"10,12000";"15,18265";"70,66727"
"10,13000";"15,19776";"70,61635"
"10,14000";"15,21276";"70,57944"
"10,15000";"15,22787";"70,55906"
"10,16000";"15,24286";"70,55791"
"10,17000";"15,25785";"70,56116"
"10,18000";"15,27285";"70,56019"
"10,19000";"15,28784";"70,55938"
"10,20000";"15,30295";"70,56547"
"10,21000";"15,31806";"70,57357"
"10,22000";"15,33305";"70,59209"
"10,23000";"15,34805";"70,61882"
"10,24000";"15,36304";"70,65521"
"10,25000";"15,37803";"70,69030"
"10,26000";"15,39303";"70,72861"
"10,27000";"15,40802";"70,76749"
"10,28000";"15,42313";"70,82288"
"10,29000";"15,43813";"70,88971"
"10,30000";"15,45312";"70,96889"
"10,31000";"15,46811";"71,06393"
"10,32000";"15,48310";"71,16422"
"10,33000";"15,49810";"71,26971"
"10,34000";"15,51297";"71,38711"
"10,35000";"15,52797";"71,51376"
"10,36000";"15,54296";"71,65334"
"10,37000";"15,55795";"71,80467"
"10,38000";"15,57306";"71,96899"
"10,39000";"15,58805";"72,13728"
"10,40000";"15,60293";"72,29468"
"10,41000";"15,61792";"72,45650"
"10,42000";"15,63280";"72,62663"
"10,43000";"15,64779";"72,79121"
"10,44000";"15,66279";"72,95706"
"10,45000";"15,67790";"73,13779"
"10,46000";"15,69312";"73,34005"
"10,47000";"15,70812";"73,55170"
"10,48000";"15,72311";"73,74881"
"10,49000";"15,73811";"73,93251"
"10,50000";"15,75298";"74,08774"
"10,51000";"15,76809";"74,21294"
"10,52000";"15,78308";"74,34440"
"10,53000";"15,79808";"74,50064"
"10,54000";"15,81307";"74,67864"
"10,55000";"15,82806";"74,86817"
"10,56000";"15,84306";"75,05511"
"10,57000";"15,85805";"75,25681"
"10,58000";"15,87304";"75,46978"
"10,59000";"15,88815";"75,69776"
"10,60000";"15,90315";"75,93768"
"10,61000";"15,91826";"76,21374"
"10,62000";"15,93325";"76,51804"
"10,63000";"15,94813";"76,81979"
"10,64000";"15,96300";"77,10508"
"10,65000";"15,97799";"77,36649"
"10,66000";"15,99287";"77,63682"
"10,67000";"16,00774";"77,90868"
"10,68000";"16,02274";"78,18249"
"10,69000";"16,03785";"78,45411"
"10,70000";"16,05284";"78,74335"
"10,71000";"16,06783";"79,04121"
"10,72000";"16,08283";"79,33312"
"10,73000";"16,09770";"79,60686"
"10,74000";"16,11269";"79,86996"
"10,75000";"16,12792";"80,13869"
"10,76000";"16,14304";"80,42332"
"10,77000";"16,15815";"80,70939"
"10,78000";"16,17326";"80,99337"
"10,79000";"16,18837";"81,26821"
"10,80000";"16,20324";"81,52807"
"10,81000";"16,21824";"81,74229"
"10,82000";"16,23311";"81,92687"
"10,83000";"16,24811";"82,11034"
"10,84000";"16,26310";"82,30502"
"10,85000";"16,27809";"82,49638"
"10,86000";"16,29296";"82,67500"
"10,87000";"16,30808";"82,86249"
"10,88000";"16,32319";"83,06322"
"10,89000";"16,33806";"83,28652"
"10,90000";"16,35306";"83,51299"
"10,91000";"16,36805";"83,75233"
"10,92000";"16,38316";"83,99701"
"10,93000";"16,39804";"84,24519"
"10,94000";"16,41303";"84,50173"
"10,95000";"16,42802";"84,77536"
"10,96000";"16,44289";"85,05374"
"10,97000";"16,45777";"85,36354"
"10,98000";"16,47276";"85,70856"
"10,99000";"16,48788";"86,11160"
"11,00000";"16,50287";"86,57505"
"11,01000";"16,51798";"87,08994"
"11,02000";"16,53297";"87,62701"
"11,03000";"16,54785";"88,18223"
"11,04000";"16,56296";"88,73153"
"11,05000";"16,57795";"89,27836"
"11,06000";"16,59283";"89,83206"
"11,07000";"16,60782";"90,39816"
"11,08000";"16,62293";"90,99273"
"11,09000";"16,63804";"91,61687"
"11,10000";"16,65315";"92,26105"
"11,11000";"16,66814";"92,92411"
"11,12000";"16,68314";"93,59035"
"11,13000";"16,69801";"94,24633"
"11,14000";"16,71313";"94,90108"
"11,15000";"16,72812";"95,59972"
"11,16000";"16,74299";"96,35162"
"11,17000";"16,75799";"97,11993"
"11,18000";"16,77298";"97,88391"
"11,19000";"16,78797";"98,63119"
"11,20000";"16,80297";"99,39554"
"11,21000";"16,81796";"100,17708"
"11,22000";"16,83295";"100,96618"
"11,23000";"16,84795";"101,77306"
"11,24000";"16,86306";"102,61984"
"11,25000";"16,87793";"103,47108"
"11,26000";"16,89293";"104,29533"
"11,27000";"16,90792";"105,09322"
"11,28000";"16,92279";"105,91087"
"11,29000";"16,93778";"106,74540"
"11,30000";"16,95290";"107,62688"
"11,31000";"16,96789";"108,55988"
"11,32000";"16,98288";"109,51355"
"11,33000";"16,99799";"110,46198"
"11,34000";"17,01299";"111,40550"
"11,35000";"17,02798";"112,33291"
"11,36000";"17,04285";"113,24314"
"11,37000";"17,05785";"114,12207"
"11,38000";"17,07284";"114,98983"
"11,39000";"17,08795";"115,87238"
"11,40000";"17,10295";"116,77952"
"11,41000";"17,11782";"117,69720"
"11,42000";"17,13281";"118,62148"
"11,43000";"17,14792";"119,56168"
"11,44000";"17,16280";"120,54377"
"11,45000";"17,17779";"121,57469"
"11,46000";"17,19290";"122,64791"
"11,47000";"17,20790";"123,76279"
"11,48000";"17,22289";"124,90620"
"11,49000";"17,23788";"126,06059"
"11,50000";"17,25288";"127,21059"
"11,51000";"17,26787";"128,38434"
"11,52000";"17,28274";"129,58588"
"11,53000";"17,29762";"130,82147"
"11,54000";"17,31261";"132,08080"
"11,55000";"17,32760";"133,37190"
"11,56000";"17,34260";"134,69926"
"11,57000";"17,35747";"136,07901"
"11,58000";"17,37235";"137,50815"
"11,59000";"17,38746";"139,02451"
"11,60000";"17,40245";"140,61359"
"11,61000";"17,41756";"142,25076"
"11,62000";"17,43279";"143,93721"
"11,63000";"17,44802";"145,64793"
"11,64000";"17,46337";"147,35516"
"11,65000";"17,47836";"149,03668"
"11,66000";"17,49335";"150,65526"
"11,67000";"17,50823";"152,24504"
"11,68000";"17,52310";"153,85672"
"11,69000";"17,53810";"155,53714"
"11,70000";"17,55297";"157,32079"
"11,71000";"17,56797";"159,14169"
"11,72000";"17,58296";"160,99045"
"11,73000";"17,59795";"162,84360"
"11,74000";"17,61295";"164,66772"
"11,75000";"17,62794";"166,45418"
"11,76000";"17,64293";"168,22037"
"11,77000";"17,65780";"169,96378"
"11,78000";"17,67280";"171,72543"
"11,79000";"17,68768";"173,51169"
"11,80000";"17,70278";"175,36040"
"11,81000";"17,71778";"177,32112"
"11,82000";"17,73265";"179,38788"
"11,83000";"17,74765";"181,48618"
"11,84000";"17,76264";"183,60664"
"11,85000";"17,77775";"185,75294"
"11,86000";"17,79274";"187,97388"
"11,87000";"17,80785";"190,24306"
"11,88000";"17,82285";"192,54878"
"11,89000";"17,83772";"194,80315"
"11,90000";"17,85283";"196,96638"
"11,91000";"17,86783";"199,07979"
"11,92000";"17,88294";"201,13258"
"11,93000";"17,89817";"203,18697"
"11,94000";"17,91328";"205,32310"
"11,95000";"17,92839";"207,52834"
"11,96000";"17,94326";"209,76505"
"11,97000";"17,95826";"211,99385"
"11,98000";"17,97313";"214,25078"
"11,99000";"17,98812";"216,62569"
"12,00000";"18,00300";"219,10670"
"12,01000";"18,01799";"221,72528"
"12,02000";"18,03299";"224,54219"
"12,03000";"18,04798";"227,52777"
"12,04000";"18,06297";"230,57776"
"12,05000";"18,07797";"233,65828"
"12,06000";"18,09284";"236,72906"
"12,07000";"18,10772";"239,77298"
"12,08000";"18,12271";"242,75475"
"12,09000";"18,13770";"245,74196"
"12,10000";"18,15269";"248,80330"
"12,11000";"18,16757";"251,90900"
"12,12000";"18,18256";"255,05215"
"12,13000";"18,19756";"258,27396"
"12,14000";"18,21255";"261,62027"
"12,15000";"18,22754";"265,15146"
"12,16000";"18,24241";"268,82648"
"12,17000";"18,25753";"272,58228"
"12,18000";"18,27264";"276,43735"
"12,19000";"18,28775";"280,34637"
"12,20000";"18,30286";"284,37607"
"12,21000";"18,31797";"288,57120"
"12,22000";"18,33297";"292,83511"
"12,23000";"18,34796";"297,09586"
"12,24000";"18,36295";"301,43765"
"12,25000";"18,37794";"305,92761"
"12,26000";"18,39293";"310,51685"
"12,27000";"18,40793";"315,08929"
"12,28000";"18,42281";"319,75977"
"12,29000";"18,43780";"324,55045"
"12,30000";"18,45267";"329,50302"
"12,31000";"18,46766";"334,55029"
"12,32000";"18,48278";"339,75089"
"12,33000";"18,49789";"345,25031"
"12,33200";"18,50084";"346,37418"
"12,33400";"18,50391";"347,50208"
"12,34400";"18,51690";"353,09616"
"12,35400";"18,52433";"356,98596"
"12,36000";"18,52622";"356,81412"
"12,37000";"18,52540";"350,06146"
"12,38000";"18,52032";"333,95990"
"12,39000";"18,50863";"305,83084"
"12,40000";"18,49163";"259,75830"
"12,41000";"18,47133";"195,02708"
"12,42000";"18,44960";"122,27020"
"12,43000";"18,42765";"55,50762"
"12,44000";"18,40640";"4,19156"
"12,45000";"18,38585";"-28,47121"
"12,46000";"18,36614";"-43,43384"
"12,47000";"18,34725";"-44,01525"
"12,48000";"18,32895";"-36,69154"
"12,49000";"18,31124";"-27,36105"
"12,50000";"18,29436";"-19,08463"
"12,51000";"18,27795";"-12,89963"
"12,52000";"18,26178";"-8,83156"
"12,53000";"18,24584";"-6,37833"
"12,54000";"18,23002";"-5,17142"
"12,55000";"18,21444";"-4,81969"
"12,56000";"18,19885";"-4,96887"
"12,57000";"18,18339";"-5,35080"
"12,58000";"18,16828";"-5,77035"
"12,59000";"18,15305";"-6,12997"
"12,60000";"18,13794";"-6,39136"
"12,61000";"18,12271";"-6,57122"
"12,62000";"18,10748";"-6,69859"
"12,63000";"18,09237";"-6,76968"
"12,64000";"18,07726";"-6,78901"
"12,65000";"18,06226";"-6,76717"
"12,66000";"18,04739";"-6,72520"
"12,67000";"18,03251";"-6,66739"
"12,68000";"18,01740";"-6,58394"
"12,69000";"18,00229";"-6,49584"
"12,70000";"17,98718";"-6,39951"
"12,71000";"17,97207";"-6,30163"
"12,72000";"17,95696";"-6,21143"
"12,73000";"17,94197";"-6,13588"
"12,74000";"17,92721";"-6,05645"
"12,75000";"17,91245";"-5,95591"
"12,76000";"17,89758";"-5,84794"
"12,77000";"17,88235";"-5,74438"
"12,78000";"17,86700";"-5,64505"
"12,79000";"17,85177";"-5,54774"
"12,80000";"17,83666";"-5,46364"
"12,81000";"17,82167";"-5,38010"
"12,82000";"17,80667";"-5,29595"
"12,83000";"17,79180";"-5,19820"
"12,84000";"17,77692";"-5,09887"
"12,85000";"17,76205";"-4,99676"
"12,86000";"17,74706";"-4,88001"
"12,87000";"17,73183";"-4,76237"
"12,88000";"17,71695";"-4,65118"
"12,89000";"17,70196";"-4,54165"
"12,90000";"17,68696";"-4,42962"
"12,91000";"17,67197";"-4,31440"
"12,92000";"17,65686";"-4,20640"
"12,93000";"17,64187";"-4,09502"
"12,94000";"17,62688";"-3,97705"
"12,95000";"17,61176";"-3,85925"
"12,96000";"17,59677";"-3,73802"
"12,97000";"17,58201";"-3,61549"
"12,98000";"17,56702";"-3,50188"
"12,99000";"17,55202";"-3,39632"
"13,00000";"17,53715";"-3,29934"
"13,01000";"17,52216";"-3,20487"
"13,02000";"17,50705";"-3,11475"
"13,03000";"17,49194";"-3,02821"
"13,04000";"17,47694";"-2,93875"
"13,05000";"17,46207";"-2,84037"
"13,06000";"17,44719";"-2,73324"
"13,07000";"17,43220";"-2,62427"
"13,08000";"17,41709";"-2,51648"
"13,09000";"17,40210";"-2,41784"
"13,10000";"17,38699";"-2,32808"
"13,11000";"17,37188";"-2,24221"
"13,12000";"17,35688";"-2,17228"
"13,13000";"17,34201";"-2,10459"
"13,14000";"17,32701";"-2,03334"
"13,15000";"17,31202";"-1,96767"
"13,16000";"17,29703";"-1,90897"
"13,17000";"17,28204";"-1,84909"
"13,18000";"17,26716";"-1,78543"
"13,19000";"17,25205";"-1,72443"
"13,20000";"17,23694";"-1,66756"
"13,21000";"17,22206";"-1,61968"
"13,22000";"17,20719";"-1,57111"
"13,23000";"17,19208";"-1,52674"
"13,24000";"17,17708";"-1,47744"
"13,25000";"17,16209";"-1,43202"
"13,26000";"17,14710";"-1,38791"
"13,27000";"17,13199";"-1,34232"
"13,28000";"17,11687";"-1,30914"
"13,29000";"17,10200";"-1,28624"
"13,30000";"17,08713";"-1,25859"
"13,31000";"17,07201";"-1,22910"
"13,32000";"17,05690";"-1,19957"
"13,33000";"17,04191";"-1,17314"
"13,34000";"17,02692";"-1,13713"
"13,35000";"17,01192";"-1,10643"
"13,36000";"16,99693";"-1,07837"
"13,37000";"16,98194";"-1,05949"
"13,38000";"16,96706";"-1,04483"
"13,39000";"16,95207";"-1,02330"
"13,40000";"16,93696";"-1,00254"
"13,41000";"16,92196";"-0,98980"
"13,42000";"16,90686";"-0,97297"
"13,43000";"16,89186";"-0,94448"
"13,44000";"16,87687";"-0,91541"
"13,45000";"16,86188";"-0,89149"
"13,46000";"16,84700";"-0,87401"
"13,47000";"16,83201";"-0,85435"
"13,48000";"16,81701";"-0,83557"
"13,49000";"16,80190";"-0,81929"
"13,50000";"16,78691";"-0,80672"
"13,51000";"16,77192";"-0,79034"
"13,52000";"16,75692";"-0,77373"
"13,53000";"16,74205";"-0,76114"
"13,54000";"16,72706";"-0,74320"
"13,55000";"16,71206";"-0,71249"
"13,56000";"16,69707";"-0,69077"
"13,57000";"16,68184";"-0,67752"
"13,58000";"16,66685";"-0,66900"
"13,59000";"16,65197";"-0,65948"
"13,60000";"16,63698";"-0,64511"
"13,61000";"16,62199";"-0,63064"
"13,62000";"16,60687";"-0,62315"
"13,63000";"16,59188";"-0,61696"
"13,64000";"16,57689";"-0,60977"
"13,65000";"16,56166";"-0,59016"
"13,66000";"16,54667";"-0,56644"
"13,67000";"16,53179";"-0,54805"
"13,68000";"16,51704";"-0,53355"
"13,69000";"16,50216";"-0,52672"
"13,70000";"16,48705";"-0,51299"
"13,71000";"16,47206";"-0,50268"
"13,72000";"16,45718";"-0,49626"
"13,73000";"16,44207";"-0,48526"
"13,74000";"16,42696";"-0,47760"
"13,75000";"16,41197";"-0,46925"
"13,76000";"16,39709";"-0,45801"
"13,77000";"16,38222";"-0,45036"
"13,78000";"16,36710";"-0,44408"
"13,79000";"16,35223";"-0,44048"
"13,80000";"16,33724";"-0,43890"
"13,81000";"16,32224";"-0,43730"
"13,82000";"16,30713";"-0,43551"
"13,83000";"16,29214";"-0,43283"
"13,84000";"16,27727";"-0,42781"
"13,85000";"16,26227";"-0,41828"
"13,86000";"16,24704";"-0,40870"
"13,87000";"16,23205";"-0,39880"
"13,88000";"16,21717";"-0,38922"
"13,89000";"16,20218";"-0,37453"
"13,90000";"16,18707";"-0,36070"
"13,91000";"16,17208";"-0,35106"
"13,92000";"16,15720";"-0,34292"
"13,93000";"16,14221";"-0,33140"
"13,94000";"16,12710";"-0,32149"
"13,95000";"16,11187";"-0,31698"
"13,96000";"16,09687";"-0,31295"
"13,97000";"16,08177";"-0,30865"
"13,98000";"16,06665";"-0,30532"
"13,99000";"16,05178";"-0,29891"
"14,00000";"16,03679";"-0,29009"
"14,01000";"16,02203";"-0,28761"
"14,02000";"16,00704";"-0,28795"
"14,03000";"15,99192";"-0,28785"
"14,04000";"15,97681";"-0,28378"
"14,05000";"15,96194";"-0,27208"
"14,06000";"15,94695";"-0,26460"
"14,07000";"15,93195";"-0,26127"
"14,08000";"15,91696";"-0,26689"
"14,09000";"15,90208";"-0,26977"
"14,10000";"15,88721";"-0,26937"
"14,11000";"15,87210";"-0,27366"
"14,12000";"15,85710";"-0,27902"
"14,13000";"15,84211";"-0,27603"
"14,14000";"15,82712";"-0,27028"
"14,15000";"15,81213";"-0,26705"
"14,16000";"15,79713";"-0,26323"
"14,17000";"15,78226";"-0,26639"
"14,18000";"15,76727";"-0,26929"
"14,19000";"15,75227";"-0,26493"
"14,20000";"15,73704";"-0,26192"
"14,21000";"15,72193";"-0,26278"
"14,22000";"15,70694";"-0,26539"
"14,23000";"15,69206";"-0,26595"
"14,24000";"15,67707";"-0,26379"
"14,25000";"15,66220";"-0,26416"
"14,26000";"15,64720";"-0,26217"
"14,27000";"15,63221";"-0,25793"
"14,28000";"15,61698";"-0,25504"
"14,29000";"15,60187";"-0,24706"
"14,30000";"15,58687";"-0,23849"
"14,31000";"15,57176";"-0,23834"
"14,32000";"15,55689";"-0,23773"
"14,33000";"15,54190";"-0,23845"
"14,34000";"15,52690";"-0,24274"
"14,35000";"15,51191";"-0,24623"
"14,36000";"15,49680";"-0,24843"
"14,37000";"15,48180";"-0,25245"
"14,38000";"15,46681";"-0,25068"
"14,39000";"15,45205";"-0,24565"
"14,40000";"15,43706";"-0,24442"
"14,41000";"15,42195";"-0,24074"
"14,42000";"15,40707";"-0,23334"
"14,43000";"15,39208";"-0,21943"
"14,44000";"15,37709";"-0,20283"
"14,45000";"15,36198";"-0,18844"
"14,46000";"15,34699";"-0,18047"
"14,47000";"15,33211";"-0,17322"
"14,48000";"15,31712";"-0,16980"
"14,49000";"15,30201";"-0,17155"
"14,50000";"15,28701";"-0,16851"
"14,51000";"15,27202";"-0,15890"
"14,52000";"15,25703";"-0,14242"
"14,53000";"15,24192";"-0,13317"
"14,54000";"15,22692";"-0,13550"
"14,55000";"15,21205";"-0,13821"
"14,56000";"15,19717";"-0,12859"
"14,57000";"15,18206";"-0,12009"
"14,58000";"15,16707";"-0,11488"
"14,59000";"15,15219";"-0,10635"
"14,60000";"15,13720";"-0,09573"
"14,61000";"15,12209";"-0,08222"
"14,62000";"15,10710";"-0,07585"
"14,63000";"15,09222";"-0,07042"
"14,64000";"15,07735";"-0,05397"
"14,65000";"15,06235";"-0,04082"
"14,66000";"15,04724";"-0,03364"
"14,67000";"15,03213";"-0,02700"
"14,68000";"15,01714";"-0,02340"
"14,69000";"15,00215";"-0,01396"
"14,70000";"14,98703";"-0,01336"
"14,71000";"14,97216";"-0,00640"
"14,72000";"14,95728";"0,00366"
"14,73000";"14,94229";"0,01129"
"14,74000";"14,92718";"0,01400"
"14,75000";"14,91219";"0,01601"
"14,76000";"14,89719";"0,01777"
"14,77000";"14,88220";"0,01652"
"14,78000";"14,86709";"0,01598"
"14,79000";"14,85210";"0,01665"
"14,80000";"14,83710";"0,02041"
"14,81000";"14,82211";"0,02710"
"14,82000";"14,80700";"0,03257"
"14,83000";"14,79189";"0,02623"
"14,84000";"14,77701";"0,02131"
"14,85000";"14,76214";"0,02031"
"14,86000";"14,74714";"0,03182"
"14,87000";"14,73215";"0,02713"
"14,88000";"14,71716";"0,02846"
"14,89000";"14,70228";"0,03195"
"14,90000";"14,68717";"0,03104"
"14,91000";"14,67206";"0,03312"
"14,92000";"14,65707";"0,03409"
"14,93000";"14,64208";"0,03131"
"14,94000";"14,62708";"0,03131"
"14,95000";"14,61209";"0,03018"
"14,96000";"14,59710";"0,03297"
"14,97000";"14,58199";"0,03800"
"14,98000";"14,56687";"0,04570"
"14,99000";"14,55165";"0,04594"
"15,00000";"14,53677";"0,04031"
"15,01000";"14,52190";"0,03276"
"15,02000";"14,50690";"0,03175"
"15,03000";"14,49179";"0,03574"
"15,04000";"14,47680";"0,03621"
"15,05000";"14,46192";"0,03239"
"15,06000";"14,44693";"0,03306"
"15,07000";"14,43182";"0,03949"
"15,08000";"14,41683";"0,04068"
"15,09000";"14,40195";"0,04315"
"15,10000";"14,38696";"0,03907"
"15,11000";"14,37185";"0,02891"
"15,12000";"14,35674";"0,02872"
"15,13000";"14,34186";"0,03649"
"15,14000";"14,32675";"0,04372"
"15,15000";"14,31164";"0,04660"
"15,16000";"14,29665";"0,05536"
"15,17000";"14,28189";"0,06668"
"15,18000";"14,26701";"0,07978"
"15,19000";"14,25202";"0,09230"
"15,20000";"14,23679";"0,10213"
"15,21000";"14,22180";"0,10221"
"15,22000";"14,20692";"0,10037"
"15,23000";"14,19181";"0,09209"
"15,24000";"14,17670";"0,08580"
"15,25000";"14,16194";"0,07719"
"15,26000";"14,14707";"0,08053"
"15,27000";"14,13219";"0,08219"
"15,28000";"14,11708";"0,08528"
"15,29000";"14,10209";"0,08751"
"15,30000";"14,08710";"0,08619"
"15,31000";"14,07187";"0,08097"
"15,32000";"14,05688";"0,07552"
"15,33000";"14,04200";"0,07519"
"15,34000";"14,02713";"0,07837"
"15,35000";"14,01225";"0,07773"
"15,36000";"13,99714";"0,07614"
"15,37000";"13,98226";"0,07358"
"15,38000";"13,96727";"0,07641"
"15,39000";"13,95228";"0,08377"
"15,40000";"13,93705";"0,08160"
"15,41000";"13,92217";"0,07242"
"15,42000";"13,90730";"0,07815"
"15,43000";"13,89231";"0,08497"
"15,44000";"13,87719";"0,08605"
"15,45000";"13,86208";"0,09112"
"15,46000";"13,84709";"0,10139"
"15,47000";"13,83210";"0,10965"
"15,48000";"13,81710";"0,10889"
"15,49000";"13,80211";"0,10993"
"15,50000";"13,78712";"0,11143"
"15,51000";"13,77212";"0,12146"
"15,52000";"13,75690";"0,13097"
"15,53000";"13,74179";"0,12495"
"15,54000";"13,72679";"0,12793"
"15,55000";"13,71180";"0,13057"
"15,56000";"13,69681";"0,13417"
"15,57000";"13,68193";"0,13665"
"15,58000";"13,66706";"0,13124"
"15,59000";"13,65218";"0,12338"
"15,60000";"13,63707";"0,12150"
"15,61000";"13,62184";"0,12118"
"15,62000";"13,60685";"0,12524"
"15,63000";"13,59197";"0,12975"
"15,64000";"13,57698";"0,13581"
"15,65000";"13,56187";"0,14458"
"15,66000";"13,54699";"0,14158"
"15,67000";"13,53200";"0,14326"
"15,68000";"13,51701";"0,15016"
"15,69000";"13,50201";"0,15580"
"15,70000";"13,48690";"0,14667"
"15,71000";"13,47191";"0,14540"
"15,72000";"13,45704";"0,15652"
"15,73000";"13,44204";"0,16576"
"15,74000";"13,42693";"0,16982"
"15,75000";"13,41206";"0,16903"
"15,76000";"13,39706";"0,17724"
"15,77000";"13,38195";"0,18293"
"15,78000";"13,36672";"0,18277"
"15,79000";"13,35185";"0,18129"
"15,80000";"13,33709";"0,17548"
"15,81000";"13,32210";"0,17438"
"15,82000";"13,30699";"0,17507"
"15,83000";"13,29199";"0,17832"
"15,84000";"13,27700";"0,18027"
"15,85000";"13,26189";"0,18655"
"15,86000";"13,24690";"0,19300"
"15,87000";"13,23190";"0,20013"
"15,88000";"13,21714";"0,20574"
"15,89000";"13,20239";"0,20713"
"15,90000";"13,18728";"0,21190"
"15,91000";"13,17205";"0,22219"
"15,92000";"13,15694";"0,22844"
"15,93000";"13,14183";"0,23314"
"15,94000";"13,12660";"0,24191"
"15,95000";"13,11160";"0,24307"
"15,96000";"13,09685";"0,23750"
"15,97000";"13,08197";"0,23312"
"15,98000";"13,06698";"0,23591"
"15,99000";"13,05187";"0,22612"
"16,00000";"13,03687";"0,21782"
"16,01000";"13,02188";"0,21101"
"16,02000";"13,00677";"0,21621"
"16,03000";"12,99178";"0,21806"
"16,04000";"12,97690";"0,22744"
"16,05000";"12,96215";"0,23947"
"16,06000";"12,94715";"0,23994"
"16,07000";"12,93204";"0,23164"
"16,08000";"12,91705";"0,23096"
"16,09000";"12,90205";"0,23228"
"16,10000";"12,88706";"0,24644"
"16,11000";"12,87195";"0,26008"
"16,12000";"12,85708";"0,26181"
"16,13000";"12,84220";"0,25263"
"16,14000";"12,82709";"0,24265"
"16,15000";"12,81198";"0,24473"
"16,16000";"12,79699";"0,24785"
"16,17000";"12,78199";"0,24170"
"16,18000";"12,76700";"0,23567"
"16,19000";"12,75189";"0,23768"
"16,20000";"12,73701";"0,24123"
"16,21000";"12,72214";"0,23719"
"16,22000";"12,70715";"0,22488"
"16,23000";"12,69192";"0,21989"
"16,24000";"12,67681";"0,21400"
"16,25000";"12,66181";"0,21228"
"16,26000";"12,64682";"0,21214"
"16,27000";"12,63183";"0,22775"
"16,28000";"12,61683";"0,23964"
"16,29000";"12,60196";"0,24471"
"16,30000";"12,58697";"0,24566"
"16,31000";"12,57197";"0,24986"
"16,32000";"12,55686";"0,24805"
"16,33000";"12,54187";"0,24110"
"16,34000";"12,52688";"0,23490"
"16,35000";"12,51188";"0,22734"
"16,36000";"12,49689";"0,21918"
"16,37000";"12,48190";"0,21137"
"16,38000";"12,46690";"0,20422"
"16,39000";"12,45191";"0,21060"
"16,40000";"12,43692";"0,21201"
"16,41000";"12,42180";"0,22132"
"16,42000";"12,40693";"0,23100"
"16,43000";"12,39206";"0,23887"
"16,44000";"12,37706";"0,24483"
"16,45000";"12,36207";"0,24306"
"16,46000";"12,34708";"0,23487"
"16,47000";"12,33208";"0,22210"
"16,48000";"12,31697";"0,21262"
"16,49000";"12,30186";"0,20542"
"16,50000";"12,28687";"0,20761"
"16,51000";"12,27199";"0,21433"
"16,52000";"12,25700";"0,22205"
"16,53000";"12,24201";"0,22088"
"16,54000";"12,22701";"0,21463"
"16,55000";"12,21202";"0,21936"
"16,56000";"12,19703";"0,22253"
"16,57000";"12,18180";"0,22843"
"16,58000";"12,16692";"0,23498"
"16,59000";"12,15205";"0,23328"
"16,60000";"12,13706";"0,22801"
"16,61000";"12,12206";"0,22856"
"16,62000";"12,10707";"0,23100"
"16,63000";"12,09219";"0,23413"
"16,64000";"12,07720";"0,24045"
"16,65000";"12,06209";"0,24102"
"16,66000";"12,04710";"0,23748"
"16,67000";"12,03222";"0,23098"
"16,68000";"12,01723";"0,23687"
"16,69000";"12,00212";"0,24010"
"16,70000";"11,98701";"0,23419"
"16,71000";"11,97190";"0,22549"
"16,72000";"11,95690";"0,22236"
"16,73000";"11,94179";"0,22622"
"16,74000";"11,92680";"0,23701"
"16,75000";"11,91192";"0,24676"
"16,76000";"11,89705";"0,25034"
"16,77000";"11,88194";"0,24541"
"16,78000";"11,86683";"0,23859"
"16,79000";"11,85183";"0,22967"
"16,80000";"11,83684";"0,22249"
"16,81000";"11,82185";"0,21838"
"16,82000";"11,80674";"0,21824"
"16,83000";"11,79186";"0,22361"
"16,84000";"11,77699";"0,23462"
"16,85000";"11,76211";"0,23862"
"16,86000";"11,74700";"0,24638"
"16,87000";"11,73201";"0,24319"
"16,88000";"11,71701";"0,24394"
"16,89000";"11,70214";"0,24244"
"16,90000";"11,68715";"0,23919"
"16,91000";"11,67204";"0,23773"
"16,92000";"11,65704";"0,23694"
"16,93000";"11,64205";"0,24605"
"16,94000";"11,62706";"0,25048"
"16,95000";"11,61195";"0,24731"
"16,96000";"11,59695";"0,24138"
"16,97000";"11,58196";"0,23384"
"16,98000";"11,56697";"0,22315"
"16,99000";"11,55197";"0,22186"
"17,00000";"11,53710";"0,22038"
"17,01000";"11,52199";"0,21809"
"17,02000";"11,50699";"0,22119"
"17,03000";"11,49200";"0,21976"
"17,04000";"11,47689";"0,22343"
"17,05000";"11,46201";"0,22897"
"17,06000";"11,44702";"0,23645"
"17,07000";"11,43203";"0,23844"
"17,08000";"11,41704";"0,22729"
"17,09000";"11,40216";"0,21364"
"17,10000";"11,38717";"0,20948"
"17,11000";"11,37206";"0,21215"
"17,12000";"11,35694";"0,21343"
"17,13000";"11,34183";"0,21586"
"17,14000";"11,32696";"0,21251"
"17,15000";"11,31185";"0,20762"
"17,16000";"11,29685";"0,20604"
"17,17000";"11,28198";"0,20873"
"17,18000";"11,26710";"0,20749"
"17,19000";"11,25211";"0,21121"
"17,20000";"11,23700";"0,21161"
"17,21000";"11,22201";"0,20443"
"17,22000";"11,20713";"0,20969"
"17,23000";"11,19202";"0,21335"
"17,24000";"11,17691";"0,21446"
"17,25000";"11,16192";"0,20645"
"17,26000";"11,14704";"0,20291"
"17,27000";"11,13193";"0,20125"
"17,28000";"11,11694";"0,21085"
"17,29000";"11,10194";"0,22244"
"17,30000";"11,08707";"0,23107"
"17,31000";"11,07208";"0,23040"
"17,32000";"11,05708";"0,22389"
"17,33000";"11,04185";"0,21310"
"17,34000";"11,02686";"0,20536"
"17,35000";"11,01187";"0,20684"
"17,36000";"10,99676";"0,20692"
"17,37000";"10,98188";"0,20168"
"17,38000";"10,96701";"0,20295"
"17,39000";"10,95213";"0,21346"
"17,40000";"10,93702";"0,22113"
"17,41000";"10,92191";"0,21205"
"17,42000";"10,90692";"0,20374"
"17,43000";"10,89192";"0,20189"
"17,44000";"10,87681";"0,19941"
"17,45000";"10,86182";"0,19781"
"17,46000";"10,84683";"0,19705"
"17,47000";"10,83195";"0,20344"
"17,48000";"10,81696";"0,20896"
"17,49000";"10,80185";"0,20500"
"17,50000";"10,78686";"0,19605"
"17,51000";"10,77186";"0,19339"
"17,52000";"10,75687";"0,19151"
"17,53000";"10,74188";"0,18386"
"17,54000";"10,72700";"0,18180"
"17,55000";"10,71213";"0,18257"
"17,56000";"10,69725";"0,18306"
"17,57000";"10,68214";"0,18551"
"17,58000";"10,66715";"0,18987"
"17,59000";"10,65215";"0,19449"
"17,60000";"10,63728";"0,19123"
"17,61000";"10,62217";"0,18738"
"17,62000";"10,60717";"0,18406"
"17,63000";"10,59230";"0,17735"
"17,64000";"10,57731";"0,17882"
"17,65000";"10,56219";"0,19168"
"17,66000";"10,54708";"0,20404"
"17,67000";"10,53209";"0,21256"
"17,68000";"10,51722";"0,21512"
"17,69000";"10,50234";"0,21661"
"17,70000";"10,48735";"0,21330"
"17,71000";"10,47235";"0,20515"
"17,72000";"10,45736";"0,19682"
"17,73000";"10,44225";"0,19064"
"17,74000";"10,42714";"0,18668"
"17,75000";"10,41215";"0,17916"
"17,76000";"10,39715";"0,17815"
"17,77000";"10,38216";"0,18271"
"17,78000";"10,36717";"0,18772"
"17,79000";"10,35206";"0,19306"
"17,80000";"10,33718";"0,19683"
"17,81000";"10,32207";"0,19080"
"17,82000";"10,30696";"0,18431"
"17,83000";"10,29197";"0,18602"
"17,84000";"10,27697";"0,19129"
"17,85000";"10,26210";"0,18947"
"17,86000";"10,24699";"0,18940"
"17,87000";"10,23199";"0,19062"
"17,88000";"10,21712";"0,19224"
"17,89000";"10,20224";"0,19425"
"17,90000";"10,18713";"0,20128"
"17,91000";"10,17190";"0,19951"
"17,92000";"10,15691";"0,19059"
"17,93000";"10,14192";"0,18249"
"17,94000";"10,12681";"0,17681"
"17,95000";"10,11169";"0,17261"
"17,96000";"10,09670";"0,17906"
"17,97000";"10,08183";"0,17878"
"17,98000";"10,06671";"0,17266"
"17,99000";"10,05160";"0,17344"
"18,00000";"10,03673";"0,17745"
"18,01000";"10,02197";"0,17811"
"18,02000";"10,00698";"0,17437"
"18,03000";"9,99187";"0,17293"
"18,04000";"9,97688";"0,17365"
"18,05000";"9,96200";"0,17665"
"18,06000";"9,94689";"0,18872"
"18,07000";"9,93190";"0,19227"
"18,08000";"9,91690";"0,19449"
"18,09000";"9,90203";"0,19382"
"18,10000";"9,88703";"0,19909"
"18,11000";"9,87204";"0,19567"
"18,12000";"9,85693";"0,18828"
"18,13000";"9,84194";"0,17947"
"18,14000";"9,82683";"0,17722"
"18,15000";"9,81183";"0,17761"
"18,16000";"9,79684";"0,18302"
"18,17000";"9,78208";"0,18451"
"18,18000";"9,76721";"0,18319"
"18,19000";"9,75210";"0,18378"
"18,20000";"9,73699";"0,18356"
"18,21000";"9,72211";"0,18850"
"18,22000";"9,70724";"0,19352"
"18,23000";"9,69213";"0,18592"
"18,24000";"9,67701";"0,17693"
"18,25000";"9,66214";"0,18011"
"18,26000";"9,64726";"0,19501"
"18,27000";"9,63215";"0,20422"
"18,28000";"9,61704";"0,19842"
"18,29000";"9,60205";"0,18660"
"18,30000";"9,58717";"0,18412"
"18,31000";"9,57218";"0,19566"
"18,32000";"9,55707";"0,19938"
"18,33000";"9,54220";"0,19009"
"18,34000";"9,52720";"0,18793"
"18,35000";"9,51221";"0,19554"
"18,36000";"9,49710";"0,20022"
"18,37000";"9,48199";"0,19865"
"18,38000";"9,46711";"0,20024"
"18,39000";"9,45212";"0,20469"
"18,40000";"9,43701";"0,20861"
"18,41000";"9,42213";"0,20813"
"18,42000";"9,40726";"0,20690"
"18,43000";"9,39215";"0,20586"
"18,44000";"9,37704";"0,20393"
"18,45000";"9,36192";"0,20159"
"18,46000";"9,34693";"0,19996"
"18,47000";"9,33206";"0,19421"
"18,48000";"9,31694";"0,19242"
"18,49000";"9,30195";"0,19378"
"18,50000";"9,28696";"0,20343"
"18,51000";"9,27220";"0,21377"
"18,52000";"9,25709";"0,21629"
"18,53000";"9,24198";"0,21473"
"18,54000";"9,22699";"0,21016"
"18,55000";"9,21211";"0,20402"
"18,56000";"9,19712";"0,19621"
"18,57000";"9,18201";"0,19605"
"18,58000";"9,16701";"0,19165"
"18,59000";"9,15214";"0,19446"
"18,60000";"9,13703";"0,19515"
"18,61000";"9,12192";"0,19008"
"18,62000";"9,10692";"0,18881"
"18,63000";"9,09205";"0,18755"
"18,64000";"9,07717";"0,18663"
"18,65000";"9,06206";"0,19078"
"18,66000";"9,04695";"0,19381"
"18,67000";"9,03196";"0,19617"
"18,68000";"9,01696";"0,19969"
"18,69000";"9,00185";"0,20645"
"18,70000";"8,98662";"0,20222"
"18,71000";"8,97175";"0,20663"
"18,72000";"8,95699";"0,20853"
"18,73000";"8,94188";"0,20342"
"18,74000";"8,92677";"0,19416"
"18,75000";"8,91190";"0,18636"
"18,76000";"8,89702";"0,18414"
"18,77000";"8,88191";"0,18623"
"18,78000";"8,86680";"0,18816"
"18,79000";"8,85192";"0,19687"
"18,80000";"8,83717";"0,21017"
"18,81000";"8,82217";"0,21498"
"18,82000";"8,80694";"0,21294"
"18,83000";"8,79195";"0,20984"
"18,84000";"8,77708";"0,21008"
"18,85000";"8,76197";"0,21579"
"18,86000";"8,74697";"0,21130"
"18,87000";"8,73198";"0,20149"
"18,88000";"8,71722";"0,19940"
"18,89000";"8,70235";"0,20056"
"18,90000";"8,68724";"0,20311"
"18,91000";"8,67213";"0,19990"
"18,92000";"8,65713";"0,19990"
"18,93000";"8,64214";"0,19351"
"18,94000";"8,62703";"0,19146"
"18,95000";"8,61203";"0,19917"
"18,96000";"8,59716";"0,21287"
"18,97000";"8,58228";"0,21280"
"18,98000";"8,56717";"0,19850"
"18,99000";"8,55206";"0,18922"
"19,00000";"8,53707";"0,19254"
"19,01000";"8,52196";"0,19811"
"19,02000";"8,50685";"0,19681"
"19,03000";"8,49185";"0,19264"
"19,04000";"8,47686";"0,19135"
"19,05000";"8,46199";"0,19405"
"19,06000";"8,44687";"0,19849"
"19,07000";"8,43176";"0,20119"
"19,08000";"8,41665";"0,20049"
"19,09000";"8,40178";"0,20060"
"19,10000";"8,38679";"0,20899"
"19,11000";"8,37179";"0,21156"
"19,12000";"8,35680";"0,21636"
"19,13000";"8,34192";"0,22332"
"19,14000";"8,32705";"0,22605"
"19,15000";"8,31194";"0,22746"
"19,16000";"8,29683";"0,22661"
"19,17000";"8,28183";"0,22807"
"19,18000";"8,26696";"0,22641"
"19,19000";"8,25185";"0,21872"
"19,20000";"8,23685";"0,20928"
"19,21000";"8,22186";"0,21016"
"19,22000";"8,20687";"0,21613"
"19,23000";"8,19188";"0,22512"
"19,24000";"8,17676";"0,23225"
"19,25000";"8,16189";"0,23995"
"19,26000";"8,14701";"0,24143"
"19,27000";"8,13202";"0,24171"
"19,28000";"8,11703";"0,24512"
"19,29000";"8,10192";"0,24477"
"19,30000";"8,08692";"0,23620"
"19,31000";"8,07181";"0,22679"
"19,32000";"8,05670";"0,21357"
"19,33000";"8,04171";"0,20217"
"19,34000";"8,02695";"0,20021"
"19,35000";"8,01208";"0,20002"
"19,36000";"7,99708";"0,19795"
"19,37000";"7,98197";"0,19250"
"19,38000";"7,96698";"0,18775"
"19,39000";"7,95199";"0,19761"
"19,40000";"7,93699";"0,20592"
"19,41000";"7,92200";"0,21019"
"19,42000";"7,90712";"0,21549"
"19,43000";"7,89225";"0,22287"
"19,44000";"7,87714";"0,22544"
"19,45000";"7,86203";"0,22317"
"19,46000";"7,84704";"0,22009"
"19,47000";"7,83204";"0,22026"
"19,48000";"7,81693";"0,22330"
"19,49000";"7,80194";"0,21767"
"19,50000";"7,78694";"0,21243"
"19,51000";"7,77219";"0,21285"
"19,52000";"7,75719";"0,21489"
"19,53000";"7,74208";"0,21353"
"19,54000";"7,72709";"0,21511"
"19,55000";"7,71210";"0,21985"
"19,56000";"7,69710";"0,21864"
"19,57000";"7,68199";"0,21634"
"19,58000";"7,66700";"0,21116"
"19,59000";"7,65212";"0,21245"
"19,60000";"7,63713";"0,22268"
"19,61000";"7,62202";"0,22728"
"19,62000";"7,60703";"0,22914"
"19,63000";"7,59203";"0,22758"
"19,64000";"7,57692";"0,22554"
"19,65000";"7,56169";"0,22730"
"19,66000";"7,54682";"0,23202"
"19,67000";"7,53183";"0,22770"
"19,68000";"7,51695";"0,21940"
"19,69000";"7,50184";"0,21162"
"19,70000";"7,48685";"0,20651"
"19,71000";"7,47185";"0,20768"
"19,72000";"7,45686";"0,20976"
"19,73000";"7,44175";"0,21142"
"19,74000";"7,42687";"0,21048"
"19,75000";"7,41200";"0,21367"
"19,76000";"7,39701";"0,21711"
"19,77000";"7,38201";"0,22384"
"19,78000";"7,36690";"0,22557"
"19,79000";"7,35191";"0,22555"
"19,80000";"7,33692";"0,22717"
"19,81000";"7,32181";"0,22961"
"19,82000";"7,30681";"0,23424"
"19,83000";"7,29194";"0,23264"
"19,84000";"7,27706";"0,22797"
"19,85000";"7,26207";"0,22551"
"19,86000";"7,24696";"0,21994"
"19,87000";"7,23185";"0,22159"
"19,88000";"7,21685";"0,22729"
"19,89000";"7,20198";"0,23041"
"19,90000";"7,18687";"0,22943"
"19,91000";"7,17199";"0,22630"
"19,92000";"7,15700";"0,21715"
"19,93000";"7,14201";"0,20863"
"19,94000";"7,12701";"0,20534"
"19,95000";"7,11190";"0,21090"
"19,96000";"7,09691";"0,21748"
"19,97000";"7,08204";"0,22194"
"19,98000";"7,06704";"0,22465"
"19,99000";"7,05193";"0,21973"
"20,00000";"7,03694";"0,21879"
"20,01000";"7,02194";"0,22709"
"20,02000";"7,00683";"0,23267"
"20,03000";"6,99172";"0,23642"
"20,04000";"6,97685";"0,24035"
"20,05000";"6,96209";"0,23773"
"20,06000";"6,94722";"0,23226"
"20,07000";"6,93222";"0,23192"
"20,08000";"6,91723";"0,22746"
"20,09000";"6,90224";"0,22121"
"20,10000";"6,88724";"0,22666"
"20,11000";"6,87201";"0,23181"
"20,12000";"6,85702";"0,22962"
"20,13000";"6,84203";"0,22770"
"20,14000";"6,82715";"0,22664"
"20,15000";"6,81204";"0,22762"
"20,16000";"6,79705";"0,22992"
"20,17000";"6,78206";"0,22916"
"20,18000";"6,76706";"0,23288"
"20,19000";"6,75195";"0,23439"
"20,20000";"6,73696";"0,23153"
"20,21000";"6,72197";"0,22446"
"20,22000";"6,70709";"0,22067"
"20,23000";"6,69210";"0,22269"
"20,24000";"6,67710";"0,22955"
"20,25000";"6,66211";"0,23269"
"20,26000";"6,64712";"0,23464"
"20,27000";"6,63201";"0,24138"
"20,28000";"6,61678";"0,23995"
"20,29000";"6,60178";"0,23604"
"20,30000";"6,58691";"0,22799"
"20,31000";"6,57203";"0,23165"
"20,32000";"6,55692";"0,23604"
"20,33000";"6,54193";"0,23149"
"20,34000";"6,52682";"0,23120"
"20,35000";"6,51183";"0,23237"
"20,36000";"6,49683";"0,23622"
"20,37000";"6,48184";"0,23532"
"20,38000";"6,46696";"0,23814"
"20,39000";"6,45209";"0,23688"
"20,40000";"6,43710";"0,23847"
"20,41000";"6,42210";"0,23363"
"20,42000";"6,40723";"0,22774"
"20,43000";"6,39224";"0,22076"
"20,44000";"6,37712";"0,22042"
"20,45000";"6,36213";"0,22391"
"20,46000";"6,34714";"0,22493"
"20,47000";"6,33215";"0,22687"
"20,48000";"6,31715";"0,22894"
"20,49000";"6,30204";"0,22255"
"20,50000";"6,28693";"0,22555"
"20,51000";"6,27206";"0,23015"
"20,52000";"6,25706";"0,23644"
"20,53000";"6,24219";"0,23512"
"20,54000";"6,22719";"0,22736"
"20,55000";"6,21208";"0,22640"
"20,56000";"6,19697";"0,23017"
"20,57000";"6,18174";"0,23387"
"20,58000";"6,16663";"0,23675"
"20,59000";"6,15152";"0,23918"
"20,60000";"6,13665";"0,23933"
"20,61000";"6,12177";"0,23207"
"20,62000";"6,10690";"0,22845"
"20,63000";"6,09202";"0,22839"
"20,64000";"6,07703";"0,23351"
"20,65000";"6,06192";"0,23516"
"20,66000";"6,04692";"0,23050"
"20,67000";"6,03193";"0,23072"
"20,68000";"6,01706";"0,23288"
"20,69000";"6,00206";"0,22958"
"20,70000";"5,98707";"0,22847"
"20,71000";"5,97208";"0,22401"
"20,72000";"5,95708";"0,22311"
"20,73000";"5,94197";"0,22364"
"20,74000";"5,92686";"0,22325"
"20,75000";"5,91199";"0,22643"
"20,76000";"5,89711";"0,22559"
"20,77000";"5,88224";"0,22530"
"20,78000";"5,86713";"0,22279"
"20,79000";"5,85213";"0,22485"
"20,80000";"5,83714";"0,22807"
"20,81000";"5,82215";"0,23159"
"20,82000";"5,80703";"0,23350"
"20,83000";"5,79204";"0,24008"
"20,84000";"5,77729";"0,24633"
"20,85000";"5,76229";"0,24959"
"20,86000";"5,74730";"0,25032"
"20,87000";"5,73219";"0,24903"
"20,88000";"5,71719";"0,24903"
"20,89000";"5,70220";"0,25773"
"20,90000";"5,68697";"0,26464"
"20,91000";"5,67186";"0,26812"
"20,92000";"5,65687";"0,26410"
"20,93000";"5,64199";"0,26754"
"20,94000";"5,62700";"0,26934"
"20,95000";"5,61177";"0,26561"
"20,96000";"5,59690";"0,26036"
"20,97000";"5,58190";"0,25923"
"20,98000";"5,56679";"0,26001"
"20,99000";"5,55180";"0,26055"
"21,00000";"5,53692";"0,26179"
"21,01000";"5,52217";"0,25720"
"21,02000";"5,50717";"0,25903"
"21,03000";"5,49206";"0,26030"
"21,04000";"5,47695";"0,25863"
"21,05000";"5,46196";"0,25967"
"21,06000";"5,44685";"0,26378"
"21,07000";"5,43185";"0,26913"
"21,08000";"5,41686";"0,26906"
"21,09000";"5,40210";"0,26289"
"21,10000";"5,38711";"0,26207"
"21,11000";"5,37212";"0,25931"
"21,12000";"5,35701";"0,25874"
"21,13000";"5,34213";"0,25946"
"21,14000";"5,32714";"0,25880"
"21,15000";"5,31215";"0,26327"
"21,16000";"5,29715";"0,26516"
"21,17000";"5,28216";"0,26816"
"21,18000";"5,26728";"0,27405"
"21,19000";"5,25206";"0,28129"
"21,20000";"5,23694";"0,29082"
"21,21000";"5,22195";"0,30063"
"21,22000";"5,20696";"0,29894"
"21,23000";"5,19197";"0,29670"
"21,24000";"5,17697";"0,29041"
"21,25000";"5,16210";"0,29075"
"21,26000";"5,14722";"0,29398"
"21,27000";"5,13211";"0,29832"
"21,28000";"5,11700";"0,29941"
"21,29000";"5,10189";"0,29403"
"21,30000";"5,08701";"0,29172"
"21,31000";"5,07202";"0,29424"
"21,32000";"5,05703";"0,30197"
"21,33000";"5,04215";"0,30778"
"21,34000";"5,02716";"0,30730"
"21,35000";"5,01217";"0,30154"
"21,36000";"4,99706";"0,29512"
"21,37000";"4,98194";"0,29129"
"21,38000";"4,96695";"0,28865"
"21,39000";"4,95196";"0,29208"
"21,40000";"4,93685";"0,29703"
"21,41000";"4,92185";"0,29674"
"21,42000";"4,90686";"0,30052"
"21,43000";"4,89187";"0,30185"
"21,44000";"4,87688";"0,29785"
"21,45000";"4,86165";"0,30335"
"21,46000";"4,84677";"0,30895"
"21,47000";"4,83201";"0,31367"
"21,48000";"4,81702";"0,31442"
"21,49000";"4,80203";"0,31394"
"21,50000";"4,78703";"0,31425"
"21,51000";"4,77216";"0,31073"
"21,52000";"4,75705";"0,30373"
"21,53000";"4,74194";"0,29692"
"21,54000";"4,72694";"0,29605"
"21,55000";"4,71207";"0,29662"
"21,56000";"4,69731";"0,29937"
"21,57000";"4,68220";"0,29770"
"21,58000";"4,66709";"0,29686"
"21,59000";"4,65210";"0,29802"
"21,60000";"4,63710";"0,29862"
"21,61000";"4,62199";"0,30520"
"21,62000";"4,60688";"0,31013"
"21,63000";"4,59189";"0,31789"
"21,64000";"4,57701";"0,31443"
"21,65000";"4,56202";"0,30152"
"21,66000";"4,54703";"0,29449"
"21,67000";"4,53227";"0,29098"
"21,68000";"4,51740";"0,28643"
"21,69000";"4,50228";"0,29633"
"21,70000";"4,48717";"0,30503"
"21,71000";"4,47230";"0,30912"
"21,72000";"4,45742";"0,31027"
"21,73000";"4,44243";"0,30862"
"21,74000";"4,42720";"0,30665"
"21,75000";"4,41221";"0,30809"
"21,76000";"4,39722";"0,30926"
"21,77000";"4,38210";"0,31054"
"21,78000";"4,36711";"0,30968"
"21,79000";"4,35212";"0,31010"
"21,80000";"4,33724";"0,30466"
"21,81000";"4,32225";"0,30044"
"21,82000";"4,30702";"0,30124"
"21,83000";"4,29203";"0,29827"
"21,84000";"4,27715";"0,29178"
"21,85000";"4,26228";"0,29129"
"21,86000";"4,24717";"0,29625"
"21,87000";"4,23217";"0,30757"
"21,88000";"4,21730";"0,31260"
"21,89000";"4,20242";"0,31916"
"21,90000";"4,18719";"0,32047"
"21,91000";"4,17197";"0,31674"
"21,92000";"4,15697";"0,31218"
"21,93000";"4,14210";"0,31678"
"21,94000";"4,12699";"0,32141"
"21,95000";"4,11199";"0,31890"
"21,96000";"4,09700";"0,31615"
"21,97000";"4,08213";"0,31790"
"21,98000";"4,06701";"0,31372"
"21,99000";"4,05190";"0,29931"
"22,00000";"4,03691";"0,28540"
"22,01000";"4,02203";"0,28880"
"22,02000";"4,00704";"0,29229"
"22,03000";"3,99181";"0,29276"
"22,04000";"3,97682";"0,29617"
"22,05000";"3,96183";"0,30527"
"22,06000";"3,94683";"0,31311"
"22,07000";"3,93160";"0,31774"
"22,08000";"3,91661";"0,31414"
"22,09000";"3,90185";"0,30424"
"22,10000";"3,88698";"0,29903"
"22,11000";"3,87187";"0,30631"
"22,12000";"3,85676";"0,31408"
"22,13000";"3,84188";"0,32013"
"22,14000";"3,82677";"0,31534"
"22,15000";"3,81166";"0,31182"
"22,16000";"3,79667";"0,31226"
"22,17000";"3,78167";"0,31195"
"22,18000";"3,76692";"0,31227"
"22,19000";"3,75181";"0,31404"
"22,20000";"3,73669";"0,31453"
"22,21000";"3,72170";"0,31016"
"22,22000";"3,70671";"0,31594"
"22,23000";"3,69160";"0,32452"
"22,24000";"3,67649";"0,31927"
"22,25000";"3,66161";"0,31372"
"22,26000";"3,64685";"0,31652"
"22,27000";"3,63198";"0,32252"
"22,28000";"3,61687";"0,32738"
"22,29000";"3,60199";"0,31762"
"22,30000";"3,58712";"0,31049"
"22,31000";"3,57201";"0,31113"
"22,32000";"3,55690";"0,31682"
"22,33000";"3,54202";"0,32071"
"22,34000";"3,52726";"0,31990"
"22,35000";"3,51239";"0,32412"
"22,36000";"3,49716";"0,31943"
"22,37000";"3,48217";"0,30850"
"22,38000";"3,46717";"0,30163"
"22,39000";"3,45218";"0,30569"
"22,40000";"3,43707";"0,31206"
"22,41000";"3,42208";"0,31548"
"22,42000";"3,40732";"0,31280"
"22,43000";"3,39244";"0,31106"
"22,44000";"3,37722";"0,30482"
"22,45000";"3,36210";"0,30031"
"22,46000";"3,34711";"0,30176"
"22,47000";"3,33200";"0,31430"
"22,48000";"3,31689";"0,32085"
"22,49000";"3,30178";"0,32022"
"22,50000";"3,28690";"0,31696"
"22,51000";"3,27203";"0,31364"
"22,52000";"3,25703";"0,31083"
"22,53000";"3,24192";"0,30321"
"22,54000";"3,22693";"0,30399"
"22,55000";"3,21206";"0,30575"
"22,56000";"3,19694";"0,31685"
"22,57000";"3,18195";"0,31328"
"22,58000";"3,16696";"0,30909"
"22,59000";"3,15208";"0,30576"
"22,60000";"3,13697";"0,30423"
"22,61000";"3,12186";"0,31133"
"22,62000";"3,10675";"0,31306"
"22,63000";"3,09187";"0,31376"
"22,64000";"3,07688";"0,31709"
"22,65000";"3,06189";"0,31395"
"22,66000";"3,04701";"0,31307"
"22,67000";"3,03214";"0,31167"
"22,68000";"3,01703";"0,31907"
"22,69000";"3,00192";"0,32908"
"22,70000";"2,98681";"0,33296"
"22,71000";"2,97193";"0,32906"
"22,72000";"2,95706";"0,33202"
"22,73000";"2,94218";"0,32882"
"22,74000";"2,92719";"0,31634"
"22,75000";"2,91219";"0,30972"
"22,76000";"2,89720";"0,30541"
"22,77000";"2,88209";"0,30333"
"22,78000";"2,86686";"0,31195"
"22,79000";"2,85187";"0,32943"
"22,80000";"2,83699";"0,33092"
"22,81000";"2,82188";"0,33143"
"22,82000";"2,80689";"0,32987"
"22,83000";"2,79190";"0,32046"
"22,84000";"2,77690";"0,31442"
"22,85000";"2,76191";"0,31736"
"22,86000";"2,74668";"0,31928"
"22,87000";"2,73169";"0,31321"
"22,88000";"2,71693";"0,30989"
"22,89000";"2,70206";"0,31636"
"22,90000";"2,68694";"0,32127"
"22,91000";"2,67183";"0,31155"
"22,92000";"2,65696";"0,30544"
"22,93000";"2,64197";"0,30807"
"22,94000";"2,62685";"0,30513"
"22,95000";"2,61174";"0,30321"
"22,96000";"2,59687";"0,30532"
"22,97000";"2,58211";"0,30891"
"22,98000";"2,56700";"0,31697"
"22,99000";"2,55201";"0,31231"
"23,00000";"2,53701";"0,30782"
"23,01000";"2,52202";"0,30072"
"23,02000";"2,50679";"0,30473"
"23,03000";"2,49180";"0,30529"
"23,04000";"2,47704";"0,30832"
"23,05000";"2,46217";"0,31190"
"23,06000";"2,44717";"0,31245"
"23,07000";"2,43194";"0,31438"
"23,08000";"2,41695";"0,31410"
"23,09000";"2,40196";"0,31867"
"23,10000";"2,38685";"0,32360"
"23,11000";"2,37174";"0,32517"
"23,12000";"2,35674";"0,31872"
"23,13000";"2,34199";"0,30750"
"23,14000";"2,32711";"0,30230"
"23,15000";"2,31200";"0,29763"
"23,16000";"2,29701";"0,29509"
"23,17000";"2,28201";"0,28962"
"23,18000";"2,26702";"0,29208"
"23,19000";"2,25203";"0,29837"
"23,20000";"2,23703";"0,30697"
"23,21000";"2,22216";"0,30705"
"23,22000";"2,20717";"0,31197"
"23,23000";"2,19206";"0,31391"
"23,24000";"2,17706";"0,30983"
"23,25000";"2,16207";"0,30039"
"23,26000";"2,14708";"0,30084"
"23,27000";"2,13197";"0,30310"
"23,28000";"2,11709";"0,30590"
"23,29000";"2,10210";"0,30439"
"23,30000";"2,08710";"0,30349"
"23,31000";"2,07199";"0,30259"
"23,32000";"2,05676";"0,29486"
"23,33000";"2,04189";"0,29536"
"23,34000";"2,02690";"0,30062"
"23,35000";"2,01190";"0,30412"
"23,36000";"1,99691";"0,30831"
"23,37000";"1,98203";"0,31192"
"23,38000";"1,96704";"0,30915"
"23,39000";"1,95205";"0,30224"
"23,40000";"1,93694";"0,30361"
"23,41000";"1,92183";"0,29336"
"23,42000";"1,90695";"0,28384"
"23,43000";"1,89184";"0,28115"
"23,44000";"1,87697";"0,28460"
"23,45000";"1,86197";"0,29436"
"23,46000";"1,84698";"0,30497"
"23,47000";"1,83199";"0,31116"
"23,48000";"1,81688";"0,32386"
"23,49000";"1,80188";"0,33055"
"23,50000";"1,78689";"0,33660"
"23,51000";"1,77201";"0,33721"
"23,52000";"1,75702";"0,33942"
"23,53000";"1,74191";"0,34075"
"23,54000";"1,72703";"0,33393"
"23,55000";"1,71204";"0,32801"
"23,56000";"1,69705";"0,32013"
"23,57000";"1,68194";"0,31559"
"23,58000";"1,66694";"0,31160"
"23,59000";"1,65207";"0,31195"
"23,60000";"1,63719";"0,32147"
"23,61000";"1,62208";"0,32839"
"23,62000";"1,60697";"0,32951"
"23,63000";"1,59198";"0,32529"
"23,64000";"1,57699";"0,31841"
"23,65000";"1,56199";"0,31276"
"23,66000";"1,54700";"0,30857"
"23,67000";"1,53201";"0,29977"
"23,68000";"1,51713";"0,31017"
"23,69000";"1,50202";"0,31711"
"23,70000";"1,48691";"0,31183"
"23,71000";"1,47192";"0,31149"
"23,72000";"1,45692";"0,31892"
"23,73000";"1,44193";"0,32114"
"23,74000";"1,42694";"0,32216"
"23,75000";"1,41194";"0,31581"
"23,76000";"1,39707";"0,30881"
"23,77000";"1,38208";"0,31086"
"23,78000";"1,36685";"0,31381"
"23,79000";"1,35185";"0,31554"
"23,80000";"1,33686";"0,31165"
"23,81000";"1,32187";"0,31431"
"23,82000";"1,30687";"0,32060"
"23,83000";"1,29188";"0,32610"
"23,84000";"1,27701";"0,32610"
"23,85000";"1,26201";"0,32104"
"23,86000";"1,24702";"0,31627"
"23,87000";"1,23203";"0,31062"
"23,88000";"1,21715";"0,30509"
"23,89000";"1,20216";"0,31393"
"23,90000";"1,18705";"0,31735"
"23,91000";"1,17206";"0,31910"
"23,92000";"1,15706";"0,32256"
"23,93000";"1,14219";"0,32570"
"23,94000";"1,12708";"0,32050"
"23,95000";"1,11185";"0,30497"
"23,96000";"1,09697";"0,29707"
"23,97000";"1,08198";"0,30067"
"23,98000";"1,06710";"0,31048"
"23,99000";"1,05211";"0,32319"
"24,00000";"1,03700";"0,32679"
"24,01000";"1,02201";"0,32378"
"24,02000";"1,00701";"0,31802"
"24,03000";"0,99190";"0,31796"
"24,04000";"0,97691";"0,31233"
"24,05000";"0,96192";"0,30777"
"24,06000";"0,94704";"0,30440"
"24,07000";"0,93205";"0,30925"
"24,08000";"0,91706";"0,31478"
"24,09000";"0,90206";"0,32484"
"24,10000";"0,88707";"0,32351"
"24,11000";"0,87196";"0,31345"
"24,12000";"0,85685";"0,30985"
"24,13000";"0,84185";"0,30978"
"24,14000";"0,82698";"0,31846"
"24,15000";"0,81199";"0,32749"
"24,16000";"0,79699";"0,32823"
"24,17000";"0,78212";"0,32585"
"24,18000";"0,76724";"0,32305"
"24,19000";"0,75225";"0,31770"
"24,20000";"0,73714";"0,31172"
"24,21000";"0,72215";"0,30890"
"24,22000";"0,70715";"0,30699"
"24,23000";"0,69216";"0,30955"
"24,24000";"0,67705";"0,31252"
"24,25000";"0,66206";"0,31511"
"24,26000";"0,64706";"0,31645"
"24,27000";"0,63207";"0,32484"
"24,28000";"0,61696";"0,32913"
"24,29000";"0,60197";"0,32935"
"24,30000";"0,58709";"0,32634"
"24,31000";"0,57210";"0,33101"
"24,32000";"0,55699";"0,33940"
"24,33000";"0,54188";"0,33020"
"24,34000";"0,52688";"0,31765"
"24,35000";"0,51189";"0,30942"
"24,36000";"0,49678";"0,30755"
"24,37000";"0,48178";"0,30236"
"24,38000";"0,46691";"0,30737"
"24,39000";"0,45203";"0,31434"
"24,40000";"0,43692";"0,31473"
"24,41000";"0,42181";"0,31241"
"24,42000";"0,40682";"0,31584"
"24,43000";"0,39183";"0,32179"
"24,44000";"0,37672";"0,32538"
"24,45000";"0,36172";"0,33266"
"24,46000";"0,34685";"0,33375"
"24,47000";"0,33209";"0,32716"
"24,48000";"0,31710";"0,32173"
"24,49000";"0,30210";"0,31232"
"24,50000";"0,28711";"0,30797"
"24,51000";"0,27224";"0,31343"
"24,52000";"0,25713";"0,32643"
"24,53000";"0,24201";"0,32516"
"24,54000";"0,22702";"0,31939"
"24,55000";"0,21215";"0,31783"
"24,56000";"0,19715";"0,31747"
"24,57000";"0,18192";"0,31419"
"24,58000";"0,16681";"0,30546"
"24,59000";"0,15194";"0,30562"
"24,60000";"0,13694";"0,31151"
"24,61000";"0,12195";"0,31307"
"24,62000";"0,10708";"0,31792"
"24,63000";"0,09232";"0,31523"
"24,64000";"0,07733";"0,31558"
"24,65000";"0,06222";"0,31525"
"24,66000";"0,04710";"0,31132"
"24,67000";"0,03211";"0,31888"
"24,68000";"0,01724";"0,32089"
"24,69000";"0,00213";"0,32267"
"24,69200";"-0,00083";"0,32239"
"24,69400";"-0,00378";"0,32185"
"24,70400";"-0,01688";"0,32045"
"24,71400";"-0,02397";"0,33067"
"24,72000";"-0,02562";"0,33792"
"24,73000";"-0,02479";"0,34731"
"24,74000";"-0,01948";"0,36044"
"24,75000";"-0,00756";"0,37074"
"24,76000";"0,00968";"0,37274"
"24,77000";"0,02999";"0,37004"
"24,78000";"0,05159";"0,36296"
"24,79000";"0,07331";"0,34724"
"24,80000";"0,09468";"0,33122"
"24,81000";"0,11510";"0,32639"
"24,82000";"0,13482";"0,32690"
"24,83000";"0,15347";"0,32142"
"24,84000";"0,17142";"0,31177"
"24,85000";"0,18877";"0,31398"
"24,86000";"0,20565";"0,31487"
"24,87000";"0,22218";"0,32122"
"24,88000";"0,23835";"0,33081"
"24,89000";"0,25429";"0,34079"
"24,90000";"0,26999";"0,34000"
"24,91000";"0,28558";"0,33388"
"24,92000";"0,30104";"0,33509"
"24,93000";"0,31651";"0,33765"
"24,94000";"0,33185";"0,33679"
"24,95000";"0,34708";"0,34126"
"24,96000";"0,36219";"0,34260"
"24,97000";"0,37731";"0,33961"
"24,98000";"0,39230";"0,34041"
"24,99000";"0,40741";"0,34292"
"25,00000";"0,42252";"0,33971"
"25,01000";"0,43763";"0,33863"
"25,02000";"0,45274";"0,33256"
"25,03000";"0,46785";"0,32012"
"25,04000";"0,48285";"0,31992"
"25,05000";"0,49784";"0,33289"
"25,06000";"0,51272";"0,34161"
"25,07000";"0,52771";"0,34889"
"25,08000";"0,54270";"0,35682"
"25,09000";"0,55781";"0,35981"
"25,10000";"0,57292";"0,36373"
"25,11000";"0,58803";"0,35920"
"25,12000";"0,60303";"0,35102"
"25,13000";"0,61802";"0,34566"
"25,14000";"0,63301";"0,34102"
"25,15000";"0,64801";"0,33730"
"25,16000";"0,66300";"0,33114"
"25,17000";"0,67811";"0,33555"
"25,18000";"0,69299";"0,34944"
"25,19000";"0,70786";"0,35496"
"25,20000";"0,72285";"0,35545"
"25,21000";"0,73797";"0,34833"
"25,22000";"0,75296";"0,34380"
"25,23000";"0,76795";"0,34114"
"25,24000";"0,78306";"0,33636"
"25,25000";"0,79806";"0,33727"
"25,26000";"0,81317";"0,34501"
"25,27000";"0,82804";"0,34879"
"25,28000";"0,84292";"0,34366"
"25,29000";"0,85791";"0,34562"
"25,30000";"0,87290";"0,34250"
"25,31000";"0,88778";"0,33451"
"25,32000";"0,90289";"0,32901"
"25,33000";"0,91788";"0,32708"
"25,34000";"0,93299";"0,32241"
"25,35000";"0,94799";"0,32419"
"25,36000";"0,96298";"0,32790"
"25,37000";"0,97797";"0,33427"
"25,38000";"0,99297";"0,34153"
"25,39000";"1,00796";"0,34645"
"25,40000";"1,02295";"0,34997"
"25,41000";"1,03794";"0,34871"
"25,42000";"1,05306";"0,34359"
"25,43000";"1,06805";"0,34664"
"25,44000";"1,08304";"0,34011"
"25,45000";"1,09803";"0,33910"
"25,46000";"1,11303";"0,33950"
"25,47000";"1,12802";"0,34215"
"25,48000";"1,14313";"0,35092"
"25,49000";"1,15801";"0,35396"
"25,50000";"1,17300";"0,35867"
"25,51000";"1,18799";"0,35684"
"25,52000";"1,20299";"0,35447"
"25,53000";"1,21786";"0,35649"
"25,54000";"1,23285";"0,36176"
"25,55000";"1,24797";"0,36759"
"25,56000";"1,26296";"0,36211"
"25,57000";"1,27807";"0,35397"
"25,58000";"1,29294";"0,34978"
"25,59000";"1,30794";"0,35283"
"25,60000";"1,32293";"0,35126"
"25,61000";"1,33792";"0,35057"
"25,62000";"1,35280";"0,34864"
"25,63000";"1,36791";"0,34218"
"25,64000";"1,38302";"0,33498"
"25,65000";"1,39813";"0,33745"
"25,66000";"1,41313";"0,34819"
"25,67000";"1,42812";"0,34745"
"25,68000";"1,44311";"0,34294"
"25,69000";"1,45810";"0,34820"
"25,70000";"1,47298";"0,34511"
"25,71000";"1,48797";"0,33819"
"25,72000";"1,50308";"0,33713"
"25,73000";"1,51819";"0,33843"
"25,74000";"1,53307";"0,33816"
"25,75000";"1,54806";"0,33230"
"25,76000";"1,56306";"0,32786"
"25,77000";"1,57805";"0,32714"
"25,78000";"1,59304";"0,33398"
"25,79000";"1,60815";"0,34260"
"25,80000";"1,62315";"0,35834"
"25,81000";"1,63814";"0,36602"
"25,82000";"1,65301";"0,37001"
"25,83000";"1,66801";"0,36914"
"25,84000";"1,68300";"0,36958"
"25,85000";"1,69799";"0,36969"
"25,86000";"1,71310";"0,36557"
"25,87000";"1,72810";"0,36163"
"25,88000";"1,74309";"0,36051"
"25,89000";"1,75808";"0,36413"
"25,90000";"1,77308";"0,35840"
"25,91000";"1,78795";"0,35451"
"25,92000";"1,80294";"0,35055"
"25,93000";"1,81794";"0,35324"
"25,94000";"1,83281";"0,35587"
"25,95000";"1,84792";"0,35783"
"25,96000";"1,86292";"0,35983"
"25,97000";"1,87803";"0,35773"
"25,98000";"1,89302";"0,36118"
"25,99000";"1,90801";"0,36296"
"26,00000";"1,92301";"0,35969"
"26,01000";"1,93788";"0,35154"
"26,02000";"1,95288";"0,34704"
"26,03000";"1,96799";"0,34519"
"26,04000";"1,98298";"0,34965"
"26,05000";"1,99797";"0,34965"
"26,06000";"2,01297";"0,34754"
"26,07000";"2,02796";"0,34704"
"26,08000";"2,04295";"0,34783"
"26,09000";"2,05783";"0,34489"
"26,10000";"2,07282";"0,34721"
"26,11000";"2,08793";"0,35275"
"26,12000";"2,10292";"0,35625"
"26,13000";"2,11792";"0,35163"
"26,14000";"2,13291";"0,35274"
"26,15000";"2,14790";"0,35518"
"26,16000";"2,16290";"0,36207"
"26,17000";"2,17777";"0,36730"
"26,18000";"2,19288";"0,37492"
"26,19000";"2,20799";"0,37963"
"26,20000";"2,22299";"0,37220"
"26,21000";"2,23810";"0,36103"
"26,22000";"2,25309";"0,35665"
"26,23000";"2,26808";"0,36314"
"26,24000";"2,28296";"0,36857"
"26,25000";"2,29783";"0,36541"
"26,26000";"2,31294";"0,36067"
"26,27000";"2,32794";"0,35403"
"26,28000";"2,34293";"0,34930"
"26,29000";"2,35792";"0,34911"
"26,30000";"2,37292";"0,36317"
"26,31000";"2,38803";"0,36869"
"26,32000";"2,40302";"0,37558"
"26,33000";"2,41801";"0,37350"
"26,34000";"2,43313";"0,37032"
"26,35000";"2,44824";"0,36296"
"26,36000";"2,46323";"0,35875"
"26,37000";"2,47822";"0,36179"
"26,38000";"2,49322";"0,36115"
"26,39000";"2,50809";"0,35957"
"26,40000";"2,52308";"0,35577"
"26,41000";"2,53784";"0,35584"
"26,42000";"2,55272";"0,35794"
"26,43000";"2,56759";"0,36199"
"26,44000";"2,58247";"0,37266"
"26,45000";"2,59746";"0,37455"
"26,46000";"2,61233";"0,37672"
"26,47000";"2,62733";"0,37852"
"26,48000";"2,64232";"0,37656"
"26,49000";"2,65731";"0,37875"
"26,50000";"2,67254";"0,38177"
"26,51000";"2,68765";"0,37793"
"26,52000";"2,70265";"0,37640"
"26,53000";"2,71776";"0,37483"
"26,54000";"2,73299";"0,37154"
"26,55000";"2,74822";"0,36264"
"26,56000";"2,76344";"0,35976"
"26,57000";"2,77844";"0,36216"
"26,58000";"2,79343";"0,36062"
"26,59000";"2,80842";"0,35879"
"26,60000";"2,82342";"0,36114"
"26,61000";"2,83841";"0,36419"
"26,62000";"2,85328";"0,36720"
"26,63000";"2,86828";"0,37533"
"26,64000";"2,88315";"0,38324"
"26,65000";"2,89803";"0,38457"
"26,66000";"2,91302";"0,38448"
"26,67000";"2,92801";"0,37880"
"26,68000";"2,94301";"0,37447"
"26,69000";"2,95812";"0,36783"
"26,70000";"2,97299";"0,37199"
"26,71000";"2,98799";"0,37183"
"26,72000";"3,00286";"0,36756"
"26,73000";"3,01785";"0,37095"
"26,74000";"3,03285";"0,37199"
"26,75000";"3,04772";"0,37134"
"26,76000";"3,06260";"0,37271"
"26,77000";"3,07735";"0,37184"
"26,78000";"3,09223";"0,37680"
"26,79000";"3,10722";"0,38217"
"26,80000";"3,12210";"0,38168"
"26,81000";"3,13721";"0,38332"
"26,82000";"3,15244";"0,38283"
"26,83000";"3,16767";"0,37923"
"26,84000";"3,18290";"0,37057"
"26,85000";"3,19812";"0,36613"
"26,86000";"3,21324";"0,36524"
"26,87000";"3,22823";"0,36282"
"26,88000";"3,24334";"0,36832"
"26,89000";"3,25845";"0,37354"
"26,90000";"3,27356";"0,37631"
"26,91000";"3,28867";"0,37856"
"26,92000";"3,30367";"0,37784"
"26,93000";"3,31866";"0,37620"
"26,94000";"3,33365";"0,38320"
"26,95000";"3,34841";"0,37662"
"26,96000";"3,36317";"0,37270"
"26,97000";"3,37828";"0,37398"
"26,98000";"3,39327";"0,37004"
"26,99000";"3,40826";"0,36596"
"27,00000";"3,42326";"0,37211"
"27,01000";"3,43825";"0,37320"
"27,02000";"3,45312";"0,37206"
"27,03000";"3,46800";"0,36627"
"27,04000";"3,48276";"0,36550"
"27,05000";"3,49763";"0,36360"
"27,06000";"3,51239";"0,36525"
"27,07000";"3,52726";"0,36862"
"27,08000";"3,54214";"0,36999"
"27,09000";"3,55713";"0,36973"
"27,10000";"3,57212";"0,36468"
"27,11000";"3,58724";"0,36260"
"27,12000";"3,60247";"0,36174"
"27,13000";"3,61781";"0,35865"
"27,14000";"3,63292";"0,36229"
"27,15000";"3,64792";"0,36364"
"27,16000";"3,66303";"0,36296"
"27,17000";"3,67814";"0,36662"
"27,18000";"3,69337";"0,37272"
"27,19000";"3,70848";"0,37413"
"27,20000";"3,72347";"0,36929"
"27,21000";"3,73858";"0,36563"
"27,22000";"3,75358";"0,36111"
"27,23000";"3,76857";"0,36288"
"27,24000";"3,78356";"0,36739"
"27,25000";"3,79844";"0,37238"
"27,26000";"3,81343";"0,37894"
"27,27000";"3,82819";"0,37952"
"27,28000";"3,84318";"0,38299"
"27,29000";"3,85817";"0,37482"
"27,30000";"3,87317";"0,36805"
"27,31000";"3,88828";"0,36879"
"27,32000";"3,90315";"0,37208"
"27,33000";"3,91815";"0,37400"
"27,34000";"3,93314";"0,37237"
"27,35000";"3,94790";"0,37108"
"27,36000";"3,96265";"0,38402"
"27,37000";"3,97765";"0,39048"
"27,38000";"3,99276";"0,38274"
"27,39000";"4,00763";"0,37155"
"27,40000";"4,02251";"0,37335"
"27,41000";"4,03762";"0,38489"
"27,42000";"4,05261";"0,38888"
"27,43000";"4,06749";"0,38810"
"27,44000";"4,08260";"0,38145"
"27,45000";"4,09783";"0,37314"
"27,46000";"4,11317";"0,37142"
"27,47000";"4,12852";"0,37018"
"27,48000";"4,14363";"0,37008"
"27,49000";"4,15874";"0,37411"
"27,50000";"4,17374";"0,37070"
"27,51000";"4,18861";"0,36461"
"27,52000";"4,20360";"0,36734"
"27,53000";"4,21848";"0,37022"
"27,54000";"4,23347";"0,37099"
"27,55000";"4,24823";"0,36927"
"27,56000";"4,26310";"0,37089"
"27,57000";"4,27810";"0,36511"
"27,58000";"4,29297";"0,36121"
"27,59000";"4,30797";"0,35699"
"27,60000";"4,32296";"0,35565"
"27,61000";"4,33807";"0,35521"
"27,62000";"4,35318";"0,36374"
"27,63000";"4,36817";"0,36190"
"27,64000";"4,38305";"0,36820"
"27,65000";"4,39792";"0,37185"
"27,66000";"4,41280";"0,37459"
"27,67000";"4,42767";"0,37400"
"27,68000";"4,44267";"0,36812"
"27,69000";"4,45778";"0,36454"
"27,70000";"4,47277";"0,37138"
"27,71000";"4,48776";"0,37558"
"27,72000";"4,50288";"0,37208"
"27,73000";"4,51787";"0,37276"
"27,74000";"4,53286";"0,36973"
"27,75000";"4,54797";"0,37623"
"27,76000";"4,56320";"0,37296"
"27,77000";"4,57831";"0,37443"
"27,78000";"4,59342";"0,36980"
"27,79000";"4,60830";"0,36455"
"27,80000";"4,62317";"0,35895"
"27,81000";"4,63805";"0,36559"
"27,82000";"4,65292";"0,36805"
"27,83000";"4,66792";"0,37184"
"27,84000";"4,68303";"0,37599"
"27,85000";"4,69814";"0,37771"
"27,86000";"4,71313";"0,37751"
"27,87000";"4,72813";"0,38133"
"27,88000";"4,74312";"0,38279"
"27,89000";"4,75811";"0,37997"
"27,90000";"4,77299";"0,37900"
"27,91000";"4,78798";"0,37950"
"27,92000";"4,80285";"0,37468"
"27,93000";"4,81785";"0,37096"
"27,94000";"4,83284";"0,37513"
"27,95000";"4,84783";"0,37969"
"27,96000";"4,86271";"0,37618"
"27,97000";"4,87770";"0,37088"
"27,98000";"4,89258";"0,36624"
"27,99000";"4,90769";"0,36834"
"28,00000";"4,92280";"0,37825"
"28,01000";"4,93779";"0,37783"
"28,02000";"4,95290";"0,37334"
"28,03000";"4,96801";"0,37574"
"28,04000";"4,98313";"0,37478"
"28,05000";"4,99835";"0,37483"
"28,06000";"5,01335";"0,37269"
"28,07000";"5,02834";"0,37914"
"28,08000";"5,04333";"0,37538"
"28,09000";"5,05844";"0,37359"
"28,10000";"5,07332";"0,37682"
"28,11000";"5,08831";"0,38292"
"28,12000";"5,10319";"0,38196"
"28,13000";"5,11806";"0,37488"
"28,14000";"5,13294";"0,37373"
"28,15000";"5,14793";"0,37746"
"28,16000";"5,16292";"0,37719"
"28,17000";"5,17815";"0,37145"
"28,18000";"5,19326";"0,36373"
"28,19000";"5,20814";"0,36029"
"28,20000";"5,22313";"0,36288"
"28,21000";"5,23801";"0,37052"
"28,22000";"5,25276";"0,37703"
"28,23000";"5,26776";"0,38259"
"28,24000";"5,28287";"0,38064"
"28,25000";"5,29786";"0,37471"
"28,26000";"5,31285";"0,36604"
"28,27000";"5,32797";"0,36557"
"28,28000";"5,34296";"0,37268"
"28,29000";"5,35795";"0,37484"
"28,30000";"5,37294";"0,37194"
"28,31000";"5,38806";"0,37507"
"28,32000";"5,40305";"0,37413"
"28,33000";"5,41816";"0,37545"
"28,34000";"5,43315";"0,37765"
"28,35000";"5,44815";"0,37427"
"28,36000";"5,46314";"0,37399"
"28,37000";"5,47813";"0,36970"
"28,38000";"5,49312";"0,36158"
"28,39000";"5,50812";"0,36146"
"28,40000";"5,52311";"0,35758"
"28,41000";"5,53810";"0,35763"
"28,42000";"5,55310";"0,36061"
"28,43000";"5,56809";"0,36783"
"28,44000";"5,58297";"0,36803"
"28,45000";"5,59796";"0,36637"
"28,46000";"5,61295";"0,36787"
"28,47000";"5,62806";"0,37416"
"28,48000";"5,64306";"0,38024"
"28,49000";"5,65793";"0,38257"
"28,50000";"5,67304";"0,37468"
"28,51000";"5,68804";"0,37147"
"28,52000";"5,70303";"0,36831"
"28,53000";"5,71802";"0,36921"
"28,54000";"5,73301";"0,37503"
"28,55000";"5,74801";"0,37295"
"28,56000";"5,76324";"0,36877"
"28,57000";"5,77823";"0,37407"
"28,58000";"5,79310";"0,37488"
"28,59000";"5,80810";"0,37362"
"28,60000";"5,82309";"0,37466"
"28,61000";"5,83808";"0,37864"
"28,62000";"5,85308";"0,37996"
"28,63000";"5,86819";"0,37871"
"28,64000";"5,88318";"0,37062"
"28,65000";"5,89817";"0,36602"
"28,66000";"5,91317";"0,36188"
"28,67000";"5,92816";"0,36211"
"28,68000";"5,94303";"0,36380"
"28,69000";"5,95803";"0,36831"
"28,70000";"5,97302";"0,37319"
"28,71000";"5,98801";"0,37850"
"28,72000";"6,00301";"0,38227"
"28,73000";"6,01800";"0,38411"
"28,74000";"6,03311";"0,37677"
"28,75000";"6,04810";"0,37456"
"28,76000";"6,06310";"0,37447"
"28,77000";"6,07797";"0,37446"
"28,78000";"6,09297";"0,37690"
"28,79000";"6,10796";"0,37511"
"28,80000";"6,12295";"0,37184"
"28,81000";"6,13794";"0,36228"
"28,82000";"6,15294";"0,35363"
"28,83000";"6,16793";"0,34288"
"28,84000";"6,18281";"0,34135"
"28,85000";"6,19792";"0,35201"
"28,86000";"6,21303";"0,36450"
"28,87000";"6,22814";"0,37239"
"28,88000";"6,24313";"0,37785"
"28,89000";"6,25812";"0,37935"
"28,90000";"6,27312";"0,38005"
"28,91000";"6,28811";"0,37973"
"28,92000";"6,30299";"0,37367"
"28,93000";"6,31798";"0,37090"
"28,94000";"6,33309";"0,37208"
"28,95000";"6,34808";"0,37429"
"28,96000";"6,36308";"0,37920"
"28,97000";"6,37807";"0,38671"
"28,98000";"6,39306";"0,38831"
"28,99000";"6,40806";"0,38443"
"29,00000";"6,42293";"0,37823"
"29,01000";"6,43804";"0,37293"
"29,02000";"6,45315";"0,37166"
"29,03000";"6,46815";"0,37410"
"29,04000";"6,48302";"0,37930"
"29,05000";"6,49801";"0,37589"
"29,06000";"6,51301";"0,37501"
"29,07000";"6,52788";"0,36724"
"29,08000";"6,54287";"0,36139"
"29,09000";"6,55775";"0,36599"
"29,10000";"6,57286";"0,36958"
"29,11000";"6,58797";"0,37498"
"29,12000";"6,60297";"0,38046"
"29,13000";"6,61796";"0,37452"
"29,14000";"6,63295";"0,36477"
"29,15000";"6,64783";"0,36133"
"29,16000";"6,66282";"0,35935"
"29,17000";"6,67781";"0,36012"
"29,18000";"6,69281";"0,36675"
"29,19000";"6,70792";"0,37397"
"29,20000";"6,72291";"0,37392"
"29,21000";"6,73790";"0,37338"
"29,22000";"6,75301";"0,37423"
"29,23000";"6,76801";"0,36679"
"29,24000";"6,78300";"0,36249"
"29,25000";"6,79799";"0,36869"
"29,26000";"6,81299";"0,37402"
"29,27000";"6,82810";"0,38067"
"29,28000";"6,84297";"0,38364"
"29,29000";"6,85796";"0,38320"
"29,30000";"6,87296";"0,37913"
"29,31000";"6,88795";"0,38131"
"29,32000";"6,90294";"0,37851"
"29,33000";"6,91794";"0,37077"
"29,34000";"6,93293";"0,36182"
"29,35000";"6,94792";"0,36496"
"29,36000";"6,96292";"0,36916"
"29,37000";"6,97791";"0,37737"
"29,38000";"6,99290";"0,37976"
"29,39000";"7,00790";"0,38216"
"29,40000";"7,02289";"0,37610"
"29,41000";"7,03788";"0,36966"
"29,42000";"7,05288";"0,36988"
"29,43000";"7,06787";"0,37501"
"29,44000";"7,08298";"0,37314"
"29,45000";"7,09797";"0,37003"
"29,46000";"7,11297";"0,37328"
"29,47000";"7,12796";"0,37665"
"29,48000";"7,14283";"0,37560"
"29,49000";"7,15794";"0,37105"
"29,50000";"7,17294";"0,36428"
"29,51000";"7,18805";"0,36165"
"29,52000";"7,20304";"0,35710"
"29,53000";"7,21803";"0,35784"
"29,54000";"7,23303";"0,36686"
"29,55000";"7,24790";"0,36985"
"29,56000";"7,26290";"0,37562"
"29,57000";"7,27801";"0,36967"
"29,58000";"7,29300";"0,36516"
"29,59000";"7,30811";"0,36534"
"29,60000";"7,32299";"0,36927"
"29,61000";"7,33810";"0,37133"
"29,62000";"7,35309";"0,37583"
"29,63000";"7,36797";"0,37512"
"29,64000";"7,38296";"0,38231"
"29,65000";"7,39807";"0,38246"
"29,66000";"7,41318";"0,38054"
"29,67000";"7,42817";"0,38092"
"29,68000";"7,44317";"0,37734"
"29,69000";"7,45804";"0,37658"
"29,70000";"7,47303";"0,38057"
"29,71000";"7,48791";"0,38325"
"29,72000";"7,50290";"0,38856"
"29,73000";"7,51790";"0,38959"
"29,74000";"7,53301";"0,38467"
"29,75000";"7,54800";"0,37575"
"29,76000";"7,56299";"0,36938"
"29,77000";"7,57799";"0,36801"
"29,78000";"7,59298";"0,36431"
"29,79000";"7,60785";"0,35919"
"29,80000";"7,62285";"0,36708"
"29,81000";"7,63796";"0,37088"
"29,82000";"7,65307";"0,37355"
"29,83000";"7,66806";"0,37485"
"29,84000";"7,68306";"0,36934"
"29,85000";"7,69793";"0,36537"
"29,86000";"7,71281";"0,36599"
"29,87000";"7,72780";"0,37190"
"29,88000";"7,74279";"0,37368"
"29,89000";"7,75778";"0,37652"
"29,90000";"7,77278";"0,37782"
"29,91000";"7,78765";"0,37993"
"29,92000";"7,80265";"0,38047"
"29,93000";"7,81764";"0,38678"
"29,94000";"7,83263";"0,38317"
"29,95000";"7,84774";"0,38325"
"29,96000";"7,86285";"0,38181"
"29,97000";"7,87797";"0,37754"
"29,98000";"7,89308";"0,37266"
"29,99000";"7,90807";"0,36848"
"30,00000";"7,92306";"0,36323"
"30,01000";"7,93794";"0,35878"
"30,02000";"7,95293";"0,35848"
"30,03000";"7,96781";"0,36044"
"30,04000";"7,98292";"0,35641"
"30,05000";"7,99803";"0,35871"
"30,06000";"8,01302";"0,36727"
"30,07000";"8,02801";"0,37125"
"30,08000";"8,04313";"0,36765"
"30,09000";"8,05812";"0,36542"
"30,10000";"8,07311";"0,36645"
"30,11000";"8,08799";"0,36949"
"30,12000";"8,10298";"0,37120"
"30,13000";"8,11797";"0,37694"
"30,14000";"8,13308";"0,38159"
"30,15000";"8,14796";"0,38149"
"30,16000";"8,16307";"0,38044"
"30,17000";"8,17806";"0,38234"
"30,18000";"8,19306";"0,38903"
"30,19000";"8,20805";"0,39281"
"30,20000";"8,22304";"0,39425"
"30,21000";"8,23803";"0,38643"
"30,22000";"8,25315";"0,37812"
"30,23000";"8,26814";"0,36499"
"30,24000";"8,28325";"0,36639"
"30,25000";"8,29824";"0,37218"
"30,26000";"8,31324";"0,37414"
"30,27000";"8,32823";"0,37313"
"30,28000";"8,34322";"0,37021"
"30,29000";"8,35822";"0,36715"
"30,30000";"8,37321";"0,36784"
"30,31000";"8,38808";"0,37123"
"30,32000";"8,40296";"0,37557"
"30,33000";"8,41783";"0,37539"
"30,34000";"8,43283";"0,37809"
"30,35000";"8,44782";"0,38186"
"30,36000";"8,46281";"0,38648"
"30,37000";"8,47792";"0,38996"
"30,38000";"8,49315";"0,39124"
"30,39000";"8,50826";"0,38785"
"30,40000";"8,52326";"0,38027"
"30,41000";"8,53813";"0,37325"
"30,42000";"8,55313";"0,37873"
"30,43000";"8,56812";"0,37791"
"30,44000";"8,58299";"0,38215"
"30,45000";"8,59799";"0,38697"
"30,46000";"8,61310";"0,39310"
"30,47000";"8,62809";"0,39477"
"30,48000";"8,64308";"0,38975"
"30,49000";"8,65796";"0,38240"
"30,50000";"8,67283";"0,37667"
"30,51000";"8,68795";"0,37218"
"30,52000";"8,70306";"0,36703"
"30,53000";"8,71805";"0,37594"
"30,54000";"8,73304";"0,38458"
"30,55000";"8,74815";"0,38691"
"30,56000";"8,76315";"0,38487"
"30,57000";"8,77802";"0,38323"
"30,58000";"8,79301";"0,38685"
"30,59000";"8,80801";"0,38725"
"30,60000";"8,82300";"0,38552"
"30,61000";"8,83811";"0,39090"
"30,62000";"8,85299";"0,39663"
"30,63000";"8,86798";"0,38982"
"30,64000";"8,88297";"0,38406"
"30,65000";"8,89785";"0,38539"
"30,66000";"8,91284";"0,38705"
"30,67000";"8,92795";"0,38619"
"30,68000";"8,94294";"0,39109"
"30,69000";"8,95794";"0,39036"
"30,70000";"8,97281";"0,38746"
"30,71000";"8,98780";"0,39184"
"30,72000";"9,00280";"0,39282"
"30,73000";"9,01767";"0,38950"
"30,74000";"9,03267";"0,38318"
"30,75000";"9,04778";"0,38223"
"30,76000";"9,06289";"0,38211"
"30,77000";"9,07788";"0,38584"
"30,78000";"9,09299";"0,38555"
"30,79000";"9,10810";"0,38330"
"30,80000";"9,12322";"0,38164"
"30,81000";"9,13809";"0,38561"
"30,82000";"9,15308";"0,38507"
"30,83000";"9,16808";"0,38181"
"30,84000";"9,18307";"0,37836"
"30,85000";"9,19818";"0,38364"
"30,86000";"9,21329";"0,39081"
"30,87000";"9,22817";"0,39369"
"30,88000";"9,24316";"0,39341"
"30,89000";"9,25815";"0,38839"
"30,90000";"9,27303";"0,37795"
"30,91000";"9,28802";"0,37446"
"30,92000";"9,30301";"0,37611"
"30,93000";"9,31813";"0,38709"
"30,94000";"9,33312";"0,39127"
"30,95000";"9,34811";"0,38335"
"30,96000";"9,36310";"0,38045"
"30,97000";"9,37810";"0,38760"
"30,98000";"9,39309";"0,39231"
"30,99000";"9,40808";"0,39375"
"31,00000";"9,42308";"0,38838"
"31,01000";"9,43819";"0,38541"
"31,02000";"9,45318";"0,38046"
"31,03000";"9,46817";"0,38140"
"31,04000";"9,48305";"0,38010"
"31,05000";"9,49804";"0,37413"
"31,06000";"9,51304";"0,36988"
"31,07000";"9,52803";"0,36760"
"31,08000";"9,54302";"0,37392"
"31,09000";"9,55813";"0,37407"
"31,10000";"9,57312";"0,37240"
"31,11000";"9,58812";"0,37424"
"31,12000";"9,60311";"0,37645"
"31,13000";"9,61799";"0,37778"
"31,14000";"9,63310";"0,38398"
"31,15000";"9,64809";"0,37837"
"31,16000";"9,66297";"0,37188"
"31,17000";"9,67796";"0,37630"
"31,18000";"9,69307";"0,37931"
"31,19000";"9,70806";"0,38025"
"31,20000";"9,72294";"0,38618"
"31,21000";"9,73805";"0,39349"
"31,22000";"9,75304";"0,39523"
"31,23000";"9,76803";"0,39448"
"31,24000";"9,78303";"0,39797"
"31,25000";"9,79802";"0,39872"
"31,26000";"9,81301";"0,39243"
"31,27000";"9,82789";"0,38417"
"31,28000";"9,84276";"0,37948"
"31,29000";"9,85776";"0,38604"
"31,30000";"9,87287";"0,38551"
"31,31000";"9,88798";"0,38419"
"31,32000";"9,90297";"0,38658"
"31,33000";"9,91796";"0,38049"
"31,34000";"9,93308";"0,37427"
"31,35000";"9,94807";"0,36941"
"31,36000";"9,96294";"0,36689"
"31,37000";"9,97794";"0,36702"
"31,38000";"9,99305";"0,36519"
"31,39000";"10,00804";"0,36666"
"31,40000";"10,02304";"0,37263"
"31,41000";"10,03815";"0,38325"
"31,42000";"10,05314";"0,38930"
"31,43000";"10,06813";"0,39335"
"31,44000";"10,08301";"0,39527"
"31,45000";"10,09800";"0,39359"
"31,46000";"10,11299";"0,38976"
"31,47000";"10,12799";"0,38590"
"31,48000";"10,14310";"0,37971"
"31,49000";"10,15809";"0,37442"
"31,50000";"10,17308";"0,37387"
"31,51000";"10,18820";"0,36887"
"31,52000";"10,20319";"0,37278"
"31,53000";"10,21818";"0,37479"
"31,54000";"10,23329";"0,37613"
"31,55000";"10,24840";"0,37946"
"31,56000";"10,26340";"0,38926"
"31,57000";"10,27827";"0,38692"
"31,58000";"10,29315";"0,38351"
"31,59000";"10,30814";"0,38243"
"31,60000";"10,32313";"0,38334"
"31,61000";"10,33813";"0,38523"
"31,62000";"10,35312";"0,38900"
"31,63000";"10,36823";"0,38942"
"31,64000";"10,38322";"0,38939"
"31,65000";"10,39822";"0,38831"
"31,66000";"10,41321";"0,38379"
"31,67000";"10,42808";"0,37949"
"31,68000";"10,44296";"0,38314"
"31,69000";"10,45807";"0,38411"
"31,70000";"10,47318";"0,38169"
"31,71000";"10,48829";"0,38414"
"31,72000";"10,50328";"0,38476"
"31,73000";"10,51828";"0,38595"
"31,74000";"10,53327";"0,39541"
"31,75000";"10,54815";"0,40047"
"31,76000";"10,56302";"0,40895"
"31,77000";"10,57801";"0,40539"
"31,78000";"10,59301";"0,39981"
"31,79000";"10,60788";"0,39429"
"31,80000";"10,62288";"0,39094"
"31,81000";"10,63799";"0,39389"
"31,82000";"10,65298";"0,40040"
"31,83000";"10,66785";"0,40561"
"31,84000";"10,68285";"0,40651"
"31,85000";"10,69784";"0,40750"
"31,86000";"10,71283";"0,40276"
"31,87000";"10,72794";"0,40221"
"31,88000";"10,74282";"0,39456"
"31,89000";"10,75781";"0,38507"
"31,90000";"10,77281";"0,38289"
"31,91000";"10,78780";"0,38723"
"31,92000";"10,80279";"0,39319"
"31,93000";"10,81779";"0,39301"
"31,94000";"10,83290";"0,38882"
"31,95000";"10,84789";"0,38933"
"31,96000";"10,86300";"0,38870"
"31,97000";"10,87799";"0,38318"
"31,98000";"10,89299";"0,37661"
"31,99000";"10,90786";"0,38135"
"32,00000";"10,92285";"0,38818"
"32,01000";"10,93785";"0,38724"
"32,02000";"10,95296";"0,39006"
"32,03000";"10,96807";"0,39767"
"32,04000";"10,98306";"0,40503"
"32,05000";"10,99806";"0,40700"
"32,06000";"11,01305";"0,40579"
"32,07000";"11,02792";"0,40570"
"32,08000";"11,04292";"0,40955"
"32,09000";"11,05803";"0,41285"
"32,10000";"11,07302";"0,41183"
"32,11000";"11,08801";"0,40764"
"32,12000";"11,10301";"0,39995"
"32,13000";"11,11800";"0,39398"
"32,14000";"11,13299";"0,39996"
"32,15000";"11,14799";"0,40338"
"32,16000";"11,16298";"0,40261"
"32,17000";"11,17809";"0,39871"
"32,18000";"11,19320";"0,40218"
"32,19000";"11,20820";"0,40328"
"32,20000";"11,22307";"0,40271"
"32,21000";"11,23806";"0,39608"
"32,22000";"11,25306";"0,39145"
"32,23000";"11,26805";"0,38626"
"32,24000";"11,28304";"0,38308"
"32,25000";"11,29803";"0,37973"
"32,26000";"11,31315";"0,38496"
"32,27000";"11,32802";"0,38885"
"32,28000";"11,34301";"0,38663"
"32,29000";"11,35789";"0,38403"
"32,30000";"11,37288";"0,38245"
"32,31000";"11,38788";"0,38116"
"32,32000";"11,40287";"0,37741"
"32,33000";"11,41798";"0,37433"
"32,34000";"11,43309";"0,37751"
"32,35000";"11,44820";"0,38627"
"32,36000";"11,46319";"0,39125"
"32,37000";"11,47819";"0,39503"
"32,38000";"11,49306";"0,39799"
"32,39000";"11,50806";"0,39850"
"32,40000";"11,52305";"0,39776"
"32,41000";"11,53804";"0,39774"
"32,42000";"11,55315";"0,40028"
"32,43000";"11,56815";"0,40127"
"32,44000";"11,58326";"0,39864"
"32,45000";"11,59825";"0,39871"
"32,46000";"11,61312";"0,40200"
"32,47000";"11,62800";"0,40569"
"32,48000";"11,64299";"0,40195"
"32,49000";"11,65810";"0,40034"
"32,50000";"11,67310";"0,39731"
"32,51000";"11,68809";"0,39979"
"32,52000";"11,70296";"0,41053"
"32,53000";"11,71808";"0,41568"
"32,54000";"11,73307";"0,41102"
"32,55000";"11,74806";"0,40169"
"32,56000";"11,76317";"0,39312"
"32,57000";"11,77817";"0,39359"
"32,58000";"11,79316";"0,39333"
"32,59000";"11,80803";"0,39611"
"32,60000";"11,82303";"0,40089"
"32,61000";"11,83790";"0,40487"
"32,62000";"11,85290";"0,41455"
"32,63000";"11,86777";"0,41403"
"32,64000";"11,88288";"0,41642"
"32,65000";"11,89787";"0,42430"
"32,66000";"11,91299";"0,42490"
"32,67000";"11,92798";"0,42087"
"32,68000";"11,94297";"0,40991"
"32,69000";"11,95797";"0,40779"
"32,70000";"11,97284";"0,41064"
"32,71000";"11,98795";"0,41359"
"32,72000";"12,00306";"0,41557"
"32,73000";"12,01806";"0,41548"
"32,74000";"12,03305";"0,41837"
"32,75000";"12,04792";"0,41177"
"32,76000";"12,06292";"0,41251"
"32,77000";"12,07803";"0,41609"
"32,78000";"12,09290";"0,40907"
"32,79000";"12,10801";"0,40436"
"32,80000";"12,12301";"0,40102"
"32,81000";"12,13800";"0,39849"
"32,82000";"12,15299";"0,40013"
"32,83000";"12,16787";"0,40734"
"32,84000";"12,18286";"0,41094"
"32,85000";"12,19774";"0,41030"
"32,86000";"12,21273";"0,41529"
"32,87000";"12,22772";"0,42122"
"32,88000";"12,24272";"0,42404"
"32,89000";"12,25795";"0,42424"
"32,90000";"12,27294";"0,41960"
"32,91000";"12,28793";"0,40963"
"32,92000";"12,30280";"0,40762"
"32,93000";"12,31780";"0,40623"
"32,94000";"12,33267";"0,40680"
"32,95000";"12,34778";"0,40968"
"32,96000";"12,36278";"0,41477"
"32,97000";"12,37789";"0,42023"
"32,98000";"12,39300";"0,41564"
"32,99000";"12,40799";"0,41768"
"33,00000";"12,42299";"0,42201"
"33,01000";"12,43798";"0,41393"
"33,02000";"12,45297";"0,41096"
"33,03000";"12,46797";"0,41560"
"33,04000";"12,48296";"0,41646"
"33,05000";"12,49795";"0,41830"
"33,06000";"12,51294";"0,41530"
"33,07000";"12,52794";"0,41168"
"33,08000";"12,54305";"0,40986"
"33,09000";"12,55792";"0,41538"
"33,10000";"12,57280";"0,42146"
"33,11000";"12,58791";"0,42634"
"33,12000";"12,60290";"0,42732"
"33,13000";"12,61790";"0,43132"
"33,14000";"12,63289";"0,43697"
"33,15000";"12,64788";"0,43952"
"33,16000";"12,66288";"0,44117"
"33,17000";"12,67787";"0,44328"
"33,18000";"12,69286";"0,44217"
"33,19000";"12,70797";"0,43813"
"33,20000";"12,72308";"0,43179"
"33,21000";"12,73808";"0,42643"
"33,22000";"12,75319";"0,42813"
"33,23000";"12,76818";"0,42853"
"33,24000";"12,78317";"0,42271"
"33,25000";"12,79793";"0,42220"
"33,26000";"12,81304";"0,42098"
"33,27000";"12,82804";"0,41937"
"33,28000";"12,84315";"0,41295"
"33,29000";"12,85802";"0,41537"
"33,30000";"12,87313";"0,41614"
"33,31000";"12,88813";"0,41898"
"33,32000";"12,90312";"0,43294"
"33,33000";"12,91787";"0,44285"
"33,34000";"12,93287";"0,44571"
"33,35000";"12,94786";"0,44989"
"33,36000";"12,96285";"0,44606"
"33,37000";"12,97773";"0,44088"
"33,38000";"12,99284";"0,44078"
"33,39000";"13,00795";"0,44175"
"33,40000";"13,02306";"0,43805"
"33,41000";"13,03806";"0,43283"
"33,42000";"13,05305";"0,43173"
"33,43000";"13,06816";"0,43613"
"33,44000";"13,08315";"0,43655"
"33,45000";"13,09814";"0,43532"
"33,46000";"13,11314";"0,43591"
"33,47000";"13,12801";"0,43317"
"33,48000";"13,14289";"0,42651"
"33,49000";"13,15776";"0,42686"
"33,50000";"13,17276";"0,43125"
"33,51000";"13,18775";"0,43408"
"33,52000";"13,20298";"0,43646"
"33,53000";"13,21797";"0,43617"
"33,54000";"13,23308";"0,43562"
"33,55000";"13,24808";"0,43528"
"33,56000";"13,26295";"0,43791"
"33,57000";"13,27783";"0,44085"
"33,58000";"13,29282";"0,44890"
"33,59000";"13,30781";"0,45494"
"33,60000";"13,32292";"0,45945"
"33,61000";"13,33792";"0,45457"
"33,62000";"13,35291";"0,45244"
"33,63000";"13,36790";"0,44934"
"33,64000";"13,38290";"0,44898"
"33,65000";"13,39789";"0,45505"
"33,66000";"13,41288";"0,46158"
"33,67000";"13,42787";"0,46408"
"33,68000";"13,44299";"0,45691"
"33,69000";"13,45798";"0,44731"
"33,70000";"13,47297";"0,44337"
"33,71000";"13,48808";"0,44519"
"33,72000";"13,50308";"0,44970"
"33,73000";"13,51807";"0,46130"
"33,74000";"13,53306";"0,46640"
"33,75000";"13,54806";"0,46680"
"33,76000";"13,56305";"0,46492"
"33,77000";"13,57804";"0,46530"
"33,78000";"13,59303";"0,47110"
"33,79000";"13,60803";"0,47578"
"33,80000";"13,62290";"0,47926"
"33,81000";"13,63790";"0,47799"
"33,82000";"13,65301";"0,48465"
"33,83000";"13,66800";"0,48677"
"33,84000";"13,68299";"0,48370"
"33,85000";"13,69810";"0,48807"
"33,86000";"13,71310";"0,48164"
"33,87000";"13,72809";"0,47020"
"33,88000";"13,74296";"0,46968"
"33,89000";"13,75796";"0,47566"
"33,90000";"13,77295";"0,48248"
"33,91000";"13,78794";"0,48623"
"33,92000";"13,80306";"0,49300"
"33,93000";"13,81817";"0,49111"
"33,94000";"13,83328";"0,48506"
"33,95000";"13,84815";"0,47948"
"33,96000";"13,86315";"0,47802"
"33,97000";"13,87814";"0,47435"
"33,98000";"13,89313";"0,47841"
"33,99000";"13,90813";"0,48509"
"34,00000";"13,92300";"0,49656"
"34,01000";"13,93811";"0,50144"
"34,02000";"13,95322";"0,50557"
"34,03000";"13,96821";"0,50303"
"34,04000";"13,98309";"0,49951"
"34,05000";"13,99808";"0,50334"
"34,06000";"14,01319";"0,51221"
"34,07000";"14,02807";"0,52441"
"34,08000";"14,04306";"0,53359"
"34,09000";"14,05805";"0,53477"
"34,10000";"14,07305";"0,52701"
"34,11000";"14,08804";"0,52560"
"34,12000";"14,10292";"0,52392"
"34,13000";"14,11791";"0,52967"
"34,14000";"14,13290";"0,53927"
"34,15000";"14,14790";"0,54366"
"34,16000";"14,16289";"0,54193"
"34,17000";"14,17788";"0,53884"
"34,18000";"14,19299";"0,53590"
"34,19000";"14,20787";"0,53592"
"34,20000";"14,22274";"0,53125"
"34,21000";"14,23785";"0,52980"
"34,22000";"14,25285";"0,54218"
"34,23000";"14,26796";"0,55285"
"34,24000";"14,28307";"0,56599"
"34,25000";"14,29818";"0,57120"
"34,26000";"14,31317";"0,56923"
"34,27000";"14,32817";"0,56889"
"34,28000";"14,34316";"0,57232"
"34,29000";"14,35815";"0,56812"
"34,30000";"14,37303";"0,57069"
"34,31000";"14,38802";"0,57374"
"34,32000";"14,40301";"0,57314"
"34,33000";"14,41813";"0,57286"
"34,34000";"14,43312";"0,57152"
"34,35000";"14,44799";"0,57261"
"34,36000";"14,46299";"0,58014"
"34,37000";"14,47798";"0,59494"
"34,38000";"14,49309";"0,60776"
"34,39000";"14,50808";"0,61781"
"34,40000";"14,52319";"0,62278"
"34,41000";"14,53819";"0,62732"
"34,42000";"14,55318";"0,63753"
"34,43000";"14,56806";"0,64114"
"34,44000";"14,58293";"0,64473"
"34,45000";"14,59804";"0,64626"
"34,46000";"14,61315";"0,64391"
"34,47000";"14,62815";"0,63718"
"34,48000";"14,64326";"0,63878"
"34,49000";"14,65825";"0,64578"
"34,50000";"14,67313";"0,65051"
"34,51000";"14,68800";"0,65804"
"34,52000";"14,70299";"0,66957"
"34,53000";"14,71799";"0,68044"
"34,54000";"14,73322";"0,69116"
"34,55000";"14,74821";"0,69729"
"34,56000";"14,76320";"0,69840"
"34,57000";"14,77831";"0,70248"
"34,58000";"14,79319";"0,70600"
"34,59000";"14,80818";"0,70984"
"34,60000";"14,82317";"0,70341"
"34,61000";"14,83817";"0,70193"
"34,62000";"14,85304";"0,70924"
"34,63000";"14,86792";"0,72600"
"34,64000";"14,88279";"0,73446"
"34,65000";"14,89779";"0,74065"
"34,66000";"14,91290";"0,74677"
"34,67000";"14,92789";"0,75915"
"34,68000";"14,94300";"0,77276"
"34,69000";"14,95799";"0,78957"
"34,70000";"14,97310";"0,80030"
"34,71000";"14,98822";"0,80355"
"34,72000";"15,00321";"0,81015"
"34,73000";"15,01820";"0,81445"
"34,74000";"15,03308";"0,82014"
"34,75000";"15,04807";"0,82657"
"34,76000";"15,06306";"0,83122"
"34,77000";"15,07806";"0,83248"
"34,78000";"15,09317";"0,83724"
"34,79000";"15,10816";"0,83956"
"34,80000";"15,12315";"0,85130"
"34,81000";"15,13815";"0,85910"
"34,82000";"15,15290";"0,86740"
"34,83000";"15,16790";"0,88704"
"34,84000";"15,18289";"0,90927"
"34,85000";"15,19788";"0,92772"
"34,86000";"15,21299";"0,94339"
"34,87000";"15,22799";"0,95127"
"34,88000";"15,24298";"0,95560"
"34,89000";"15,25785";"0,96623"
"34,90000";"15,27285";"0,98170"
"34,91000";"15,28772";"0,98857"
"34,92000";"15,30283";"0,99511"
"34,93000";"15,31783";"1,00763"
"34,94000";"15,33282";"1,02163"
"34,95000";"15,34781";"1,03052"
"34,96000";"15,36292";"1,04267"
"34,97000";"15,37803";"1,05321"
"34,98000";"15,39303";"1,05850"
"34,99000";"15,40802";"1,06578"
"35,00000";"15,42301";"1,07492"
"35,01000";"15,43801";"1,09129"
"35,02000";"15,45300";"1,11633"
"35,03000";"15,46799";"1,14273"
"35,04000";"15,48287";"1,15385"
"35,05000";"15,49786";"1,16118"
"35,06000";"15,51274";"1,17237"
"35,07000";"15,52773";"1,18448"
"35,08000";"15,54284";"1,20449"
"35,09000";"15,55795";"1,22431"
"35,10000";"15,57306";"1,24771"
"35,11000";"15,58817";"1,27704"
"35,12000";"15,60317";"1,29506"
"35,13000";"15,61816";"1,31042"
"35,14000";"15,63315";"1,32216"
"35,15000";"15,64815";"1,33613"
"35,16000";"15,66302";"1,35565"
"35,17000";"15,67813";"1,37371"
"35,18000";"15,69312";"1,39978"
"35,19000";"15,70824";"1,42511"
"35,20000";"15,72311";"1,43780"
"35,21000";"15,73811";"1,45756"
"35,22000";"15,75298";"1,48042"
"35,23000";"15,76797";"1,51091"
"35,24000";"15,78297";"1,53806"
"35,25000";"15,79796";"1,56524"
"35,26000";"15,81295";"1,59013"
"35,27000";"15,82794";"1,61297"
"35,28000";"15,84294";"1,63479"
"35,29000";"15,85793";"1,65706"
"35,30000";"15,87281";"1,68240"
"35,31000";"15,88780";"1,70621"
"35,32000";"15,90291";"1,72959"
"35,33000";"15,91790";"1,75400"
"35,34000";"15,93301";"1,78140"
"35,35000";"15,94789";"1,81143"
"35,36000";"15,96288";"1,84784"
"35,37000";"15,97788";"1,88918"
"35,38000";"15,99299";"1,93253"
"35,39000";"16,00810";"1,95930"
"35,40000";"16,02309";"1,98914"
"35,41000";"16,03808";"2,02049"
"35,42000";"16,05319";"2,05737"
"35,43000";"16,06819";"2,09610"
"35,44000";"16,08318";"2,13096"
"35,45000";"16,09806";"2,16110"
"35,46000";"16,11293";"2,19981"
"35,47000";"16,12804";"2,23667"
"35,48000";"16,14304";"2,27974"
"35,49000";"16,15815";"2,32437"
"35,50000";"16,17314";"2,36806"
"35,51000";"16,18825";"2,40524"
"35,52000";"16,20324";"2,44255"
"35,53000";"16,21812";"2,47909"
"35,54000";"16,23299";"2,51883"
"35,55000";"16,24799";"2,56883"
"35,56000";"16,26298";"2,62303"
"35,57000";"16,27797";"2,67749"
"35,58000";"16,29285";"2,73223"
"35,59000";"16,30796";"2,79090"
"35,60000";"16,32295";"2,84221"
"35,61000";"16,33794";"2,89126"
"35,62000";"16,35294";"2,94431"
"35,63000";"16,36805";"3,00277"
"35,64000";"16,38304";"3,06914"
"35,65000";"16,39804";"3,13494"
"35,66000";"16,41303";"3,20344"
"35,67000";"16,42802";"3,26745"
"35,68000";"16,44301";"3,33369"
"35,69000";"16,45801";"3,40090"
"35,70000";"16,47300";"3,47139"
"35,71000";"16,48811";"3,54613"
"35,72000";"16,50322";"3,61800"
"35,73000";"16,51822";"3,68928"
"35,74000";"16,53309";"3,75809"
"35,75000";"16,54808";"3,83404"
"35,76000";"16,56296";"3,91549"
"35,77000";"16,57784";"3,99361"
"35,78000";"16,59283";"4,07761"
"35,79000";"16,60782";"4,16653"
"35,80000";"16,62293";"4,26293"
"35,81000";"16,63804";"4,36142"
"35,82000";"16,65303";"4,45857"
"35,83000";"16,66814";"4,56094"
"35,84000";"16,68314";"4,66163"
"35,85000";"16,69801";"4,76351"
"35,86000";"16,71313";"4,86655"
"35,87000";"16,72812";"4,97974"
"35,88000";"16,74299";"5,09329"
"35,89000";"16,75787";"5,20397"
"35,90000";"16,77286";"5,31592"
"35,91000";"16,78786";"5,43903"
"35,92000";"16,80285";"5,56975"
"35,93000";"16,81784";"5,69486"
"35,94000";"16,83295";"5,82461"
"35,95000";"16,84795";"5,96892"
"35,96000";"16,86306";"6,11592"
"35,97000";"16,87817";"6,26955"
"35,98000";"16,89316";"6,42089"
"35,99000";"16,90815";"6,56387"
"36,00000";"16,92303";"6,71923"
"36,01000";"16,93802";"6,88735"
"36,02000";"16,95301";"7,06482"
"36,03000";"16,96812";"7,25205"
"36,04000";"16,98300";"7,44147"
"36,05000";"16,99811";"7,63595"
"36,06000";"17,01311";"7,84199"
"36,07000";"17,02810";"8,04690"
"36,08000";"17,04285";"8,26494"
"36,09000";"17,05785";"8,49761"
"36,10000";"17,07284";"8,73525"
"36,11000";"17,08795";"8,98212"
"36,12000";"17,10295";"9,24182"
"36,13000";"17,11794";"9,50909"
"36,14000";"17,13293";"9,78117"
"36,15000";"17,14792";"10,07075"
"36,16000";"17,16292";"10,37077"
"36,17000";"17,17768";"10,67398"
"36,18000";"17,19267";"10,98179"
"36,19000";"17,20766";"11,30103"
"36,20000";"17,22265";"11,63428"
"36,21000";"17,23753";"11,98946"
"36,22000";"17,25264";"12,35565"
"36,23000";"17,26763";"12,72895"
"36,24000";"17,28263";"13,11726"
"36,25000";"17,29786";"13,52501"
"36,26000";"17,31297";"13,95831"
"36,27000";"17,32808";"14,41098"
"36,28000";"17,34319";"14,87378"
"36,29000";"17,35806";"15,35653"
"36,30000";"17,37305";"15,86040"
"36,31000";"17,38793";"16,36951"
"36,32000";"17,40293";"16,89682"
"36,33000";"17,41792";"17,44370"
"36,34000";"17,43303";"18,01207"
"36,35000";"17,44814";"18,62004"
"36,36000";"17,46325";"19,25100"
"36,37000";"17,47824";"19,90774"
"36,38000";"17,49312";"20,59632"
"36,39000";"17,50811";"21,29829"
"36,40000";"17,52299";"22,02755"
"36,41000";"17,53786";"22,79140"
"36,42000";"17,55285";"23,58676"
"36,43000";"17,56785";"24,41198"
"36,44000";"17,58284";"25,26001"
"36,45000";"17,59772";"26,13590"
"36,46000";"17,61271";"27,04658"
"36,47000";"17,62770";"27,99123"
"36,48000";"17,64258";"28,98290"
"36,49000";"17,65745";"30,01406"
"36,50000";"17,67245";"31,09752"
"36,51000";"17,68744";"32,22621"
"36,52000";"17,70255";"33,40391"
"36,53000";"17,71778";"34,63871"
"36,54000";"17,73301";"35,94394"
"36,55000";"17,74812";"37,32357"
"36,56000";"17,76323";"38,76072"
"36,57000";"17,77834";"40,24655"
"36,58000";"17,79333";"41,78580"
"36,59000";"17,80832";"43,38508"
"36,60000";"17,82332";"45,04305"
"36,61000";"17,83831";"46,75320"
"36,62000";"17,85319";"48,52470"
"36,63000";"17,86806";"50,38247"
"36,64000";"17,88305";"52,35394"
"36,65000";"17,89817";"54,42461"
"36,66000";"17,91316";"56,56037"
"36,67000";"17,92827";"58,81193"
"36,68000";"17,94314";"61,17460"
"36,69000";"17,95802";"63,61088"
"36,70000";"17,97290";"66,14099"
"36,71000";"17,98777";"68,80984"
"36,72000";"18,00265";"71,62497"
"36,73000";"18,01764";"74,60889"
"36,74000";"18,03251";"77,78572"
"36,75000";"18,04751";"81,14281"
"36,76000";"18,06238";"84,66304"
"36,77000";"18,07749";"88,40257"
"36,78000";"18,09249";"92,39110"
"36,79000";"18,10748";"96,62515"
"36,80000";"18,12247";"101,06290"
"36,81000";"18,13758";"105,66896"
"36,82000";"18,15269";"110,41142"
"36,83000";"18,16792";"115,27309"
"36,84000";"18,18303";"120,26807"
"36,85000";"18,19814";"125,41876"
"36,86000";"18,21314";"130,74329"
"36,87000";"18,22801";"136,24133"
"36,88000";"18,24301";"141,92267"
"36,89000";"18,25812";"147,83318"
"36,90000";"18,27311";"153,96565"
"36,91000";"18,28810";"160,31966"
"36,92000";"18,30310";"166,93391"
"36,93000";"18,31797";"173,76003"
"36,94000";"18,33285";"180,62650"
"36,95000";"18,34772";"187,57729"
"36,96000";"18,36260";"194,78137"
"36,97000";"18,37771";"202,32744"
"36,98000";"18,39270";"210,23224"
"36,99000";"18,40758";"218,40720"
"37,00000";"18,42257";"226,78831"
"37,01000";"18,43744";"235,32114"
"37,02000";"18,45232";"243,99992"
"37,03000";"18,46720";"252,84102"
"37,04000";"18,48242";"261,92282"
"37,05000";"18,49754";"271,40155"
"37,05200";"18,50061";"273,33612"
"37,05400";"18,50356";"275,27811"
"37,06400";"18,51666";"284,97726"
"37,07400";"18,52410";"293,39603"
"37,08000";"18,52611";"296,38586"
"37,09000";"18,52528";"295,80704"
"37,10000";"18,52008";"287,15329"
"37,11000";"18,50851";"269,33658"
"37,12000";"18,49128";"240,04570"
"37,13000";"18,47086";"199,00237"
"37,14000";"18,44913";"150,75809"
"37,15000";"18,42717";"102,67426"
"37,16000";"18,40592";"61,53737"
"37,17000";"18,38550";"30,73002"
"37,18000";"18,36590";"10,89444"
"37,19000";"18,34701";"0,84991"
"37,20000";"18,32883";"-2,30252"
"37,21000";"18,31124";"-1,60084"
"37,22000";"18,29436";"0,38991"
"37,23000";"18,27795";"2,23479"
"37,24000";"18,26178";"3,35954"
"37,25000";"18,24596";"3,69923"
"37,26000";"18,23061";"3,44343"
"37,27000";"18,21538";"2,84180"
"37,28000";"18,19980";"2,09133"
"37,29000";"18,18410";"1,32084"
"37,30000";"18,16851";"0,60597"
"37,31000";"18,15305";"-0,00803"
"37,32000";"18,13770";"-0,52018"
"37,33000";"18,12235";"-0,93811"
"37,34000";"18,10724";"-1,27162"
"37,35000";"18,09201";"-1,53879"
"37,36000";"18,07690";"-1,76903"
"37,37000";"18,06203";"-1,97054"
"37,38000";"18,04715";"-2,13293"
"37,39000";"18,03216";"-2,25945"
"37,40000";"18,01717";"-2,37458"
"37,41000";"18,00206";"-2,48148"
"37,42000";"17,98695";"-2,57375"
"37,43000";"17,97195";"-2,65114"
"37,44000";"17,95696";"-2,70861"
"37,45000";"17,94208";"-2,74681"
"37,46000";"17,92721";"-2,75572"
"37,47000";"17,91233";"-2,74900"
"37,48000";"17,89746";"-2,73716"
"37,49000";"17,88235";"-2,71904"
"37,50000";"17,86700";"-2,71710"
"37,51000";"17,85177";"-2,72211"
"37,52000";"17,83678";"-2,71629"
"37,53000";"17,82178";"-2,69927"
"37,54000";"17,80691";"-2,67351"
"37,55000";"17,79192";"-2,64694"
"37,56000";"17,77704";"-2,61454"
"37,57000";"17,76229";"-2,57615"
"37,58000";"17,74718";"-2,53397"
"37,59000";"17,73195";"-2,49916"
"37,60000";"17,71695";"-2,47156"
"37,61000";"17,70196";"-2,44505"
"37,62000";"17,68685";"-2,41300"
"37,63000";"17,67186";"-2,37226"
"37,64000";"17,65686";"-2,31892"
"37,65000";"17,64175";"-2,27280"
"37,66000";"17,62675";"-2,22641"
"37,67000";"17,61176";"-2,17693"
"37,68000";"17,59689";"-2,12115"
"37,69000";"17,58213";"-2,06515"
"37,70000";"17,56714";"-2,01015"
"37,71000";"17,55215";"-1,95507"
"37,72000";"17,53703";"-1,90804"
"37,73000";"17,52204";"-1,86793"
"37,74000";"17,50693";"-1,82512"
"37,75000";"17,49194";"-1,77373"
"37,76000";"17,47694";"-1,71706"
"37,77000";"17,46219";"-1,65841"
"37,78000";"17,44719";"-1,59952"
"37,79000";"17,43220";"-1,54265"
"37,80000";"17,41721";"-1,48948"
"37,81000";"17,40221";"-1,43575"
"37,82000";"17,38711";"-1,39580"
"37,83000";"17,37188";"-1,35755"
"37,84000";"17,35688";"-1,31874"
"37,85000";"17,34201";"-1,26893"
"37,86000";"17,32701";"-1,21369"
"37,87000";"17,31190";"-1,15879"
"37,88000";"17,29691";"-1,10291"
"37,89000";"17,28192";"-1,04894"
"37,90000";"17,26704";"-0,99648"
"37,91000";"17,25193";"-0,94860"
"37,92000";"17,23682";"-0,90460"
"37,93000";"17,22206";"-0,86633"
"37,94000";"17,20707";"-0,82745"
"37,95000";"17,19208";"-0,78909"
"37,96000";"17,17696";"-0,74676"
"37,97000";"17,16197";"-0,70862"
"37,98000";"17,14698";"-0,66630"
"37,99000";"17,13199";"-0,62560"
"38,00000";"17,11699";"-0,59047"
"38,01000";"17,10212";"-0,54760"
"38,02000";"17,08713";"-0,49942"
"38,03000";"17,07201";"-0,46505"
"38,04000";"17,05690";"-0,44292"
"38,05000";"17,04203";"-0,42768"
"38,06000";"17,02703";"-0,41265"
"38,07000";"17,01192";"-0,39877"
"38,08000";"16,99693";"-0,38619"
"38,09000";"16,98206";"-0,37217"
"38,10000";"16,96706";"-0,35885"
"38,11000";"16,95207";"-0,34688"
"38,12000";"16,93696";"-0,33089"
"38,13000";"16,92196";"-0,31622"
"38,14000";"16,90686";"-0,30461"
"38,15000";"16,89186";"-0,29109"
"38,16000";"16,87687";"-0,26946"
"38,17000";"16,86188";"-0,25917"
"38,18000";"16,84688";"-0,25840"
"38,19000";"16,83201";"-0,25544"
"38,20000";"16,81689";"-0,25431"
"38,21000";"16,80190";"-0,24500"
"38,22000";"16,78691";"-0,23596"
"38,23000";"16,77192";"-0,22108"
"38,24000";"16,75704";"-0,19563"
"38,25000";"16,74193";"-0,16901"
"38,26000";"16,72706";"-0,14979"
"38,27000";"16,71206";"-0,14012"
"38,28000";"16,69707";"-0,12918"
"38,29000";"16,68196";"-0,11657"
"38,30000";"16,66685";"-0,10720"
"38,31000";"16,65197";"-0,10299"
"38,32000";"16,63710";"-0,09703"
"38,33000";"16,62199";"-0,09297"
"38,34000";"16,60699";"-0,08356"
"38,35000";"16,59200";"-0,07267"
"38,36000";"16,57689";"-0,05837"
"38,37000";"16,56178";"-0,04510"
"38,38000";"16,54667";"-0,04589"
"38,39000";"16,53167";"-0,04464"
"38,40000";"16,51692";"-0,03846"
"38,41000";"16,50204";"-0,03311"
"38,42000";"16,48705";"-0,02835"
"38,43000";"16,47206";"-0,02852"
"38,44000";"16,45706";"-0,01594"
"38,45000";"16,44195";"-0,00796"
"38,46000";"16,42684";"0,00482"
"38,47000";"16,41197";"0,01618"
"38,48000";"16,39721";"0,02099"
"38,49000";"16,38210";"0,03067"
"38,50000";"16,36710";"0,03969"
"38,51000";"16,35211";"0,04205"
"38,52000";"16,33724";"0,03590"
"38,53000";"16,32224";"0,02612"
"38,54000";"16,30725";"0,02501"
"38,55000";"16,29214";"0,03355"
"38,56000";"16,27727";"0,04407"
"38,57000";"16,26215";"0,05917"
"38,58000";"16,24704";"0,06820"
"38,59000";"16,23193";"0,07645"
"38,60000";"16,21694";"0,07592"
"38,61000";"16,20206";"0,07130"
"38,62000";"16,18695";"0,07746"
"38,63000";"16,17196";"0,08559"
"38,64000";"16,15720";"0,08996"
"38,65000";"16,14221";"0,09162"
"38,66000";"16,12710";"0,08620"
"38,67000";"16,11187";"0,07905"
"38,68000";"16,09687";"0,07312"
"38,69000";"16,08177";"0,07822"
"38,70000";"16,06677";"0,08562"
"38,71000";"16,05178";"0,09534"
"38,72000";"16,03690";"0,10020"
"38,73000";"16,02215";"0,10054"
"38,74000";"16,00704";"0,10347"
"38,75000";"15,99192";"0,10274"
"38,76000";"15,97693";"0,09887"
"38,77000";"15,96206";"0,10325"
"38,78000";"15,94706";"0,11171"
"38,79000";"15,93195";"0,11644"
"38,80000";"15,91708";"0,11614"
"38,81000";"15,90220";"0,11321"
"38,82000";"15,88721";"0,11363"
"38,83000";"15,87210";"0,11970"
"38,84000";"15,85710";"0,13745"
"38,85000";"15,84211";"0,15636"
"38,86000";"15,82712";"0,17751"
"38,87000";"15,81213";"0,18591"
"38,88000";"15,79713";"0,18449"
"38,89000";"15,78214";"0,18541"
"38,90000";"15,76727";"0,18608"
"38,91000";"15,75215";"0,18024"
"38,92000";"15,73716";"0,17818"
"38,93000";"15,72205";"0,18048"
"38,94000";"15,70706";"0,18818"
"38,95000";"15,69206";"0,19819"
"38,96000";"15,67707";"0,20854"
"38,97000";"15,66220";"0,21030"
"38,98000";"15,64720";"0,20698"
"38,99000";"15,63209";"0,20721"
"39,00000";"15,61698";"0,20920"
"39,01000";"15,60187";"0,21235"
"39,02000";"15,58687";"0,21313"
"39,03000";"15,57188";"0,20966"
"39,04000";"15,55689";"0,21113"
"39,05000";"15,54190";"0,21603"
"39,06000";"15,52690";"0,21342"
"39,07000";"15,51191";"0,21509"
"39,08000";"15,49680";"0,21501"
"39,09000";"15,48169";"0,21035"
"39,10000";"15,46681";"0,21364"
"39,11000";"15,45194";"0,21541"
"39,12000";"15,43694";"0,21414"
"39,13000";"15,42195";"0,20390"
"39,14000";"15,40707";"0,19268"
"39,15000";"15,39208";"0,19203"
"39,16000";"15,37709";"0,19330"
"39,17000";"15,36198";"0,19502"
"39,18000";"15,34699";"0,20730"
"39,19000";"15,33211";"0,21146"
"39,20000";"15,31723";"0,21110"
"39,21000";"15,30212";"0,20895"
"39,22000";"15,28701";"0,20391"
"39,23000";"15,27214";"0,20111"
"39,24000";"15,25715";"0,20211"
"39,25000";"15,24203";"0,21006"
"39,26000";"15,22704";"0,21554"
"39,27000";"15,21217";"0,22115"
"39,28000";"15,19717";"0,22458"
"39,29000";"15,18206";"0,22308"
"39,30000";"15,16707";"0,21692"
"39,31000";"15,15219";"0,21320"
"39,32000";"15,13720";"0,20976"
"39,33000";"15,12209";"0,21178"
"39,34000";"15,10698";"0,21337"
"39,35000";"15,09210";"0,21487"
"39,36000";"15,07723";"0,21985"
"39,37000";"15,06212";"0,22233"
"39,38000";"15,04713";"0,22176"
"39,39000";"15,03213";"0,21558"
"39,40000";"15,01714";"0,20910"
"39,41000";"15,00215";"0,20203"
"39,42000";"14,98715";"0,20165"
"39,43000";"14,97228";"0,20855"
"39,44000";"14,95740";"0,21748"
"39,45000";"14,94241";"0,22577"
"39,46000";"14,92718";"0,23003"
"39,47000";"14,91219";"0,23067"
"39,48000";"14,89731";"0,23192"
"39,49000";"14,88232";"0,23771"
"39,50000";"14,86721";"0,24176"
"39,51000";"14,85210";"0,23350"
"39,52000";"14,83722";"0,22134"
"39,53000";"14,82223";"0,21170"
"39,54000";"14,80700";"0,21024"
"39,55000";"14,79201";"0,21039"
"39,56000";"14,77701";"0,21004"
"39,57000";"14,76214";"0,22010"
"39,58000";"14,74714";"0,23698"
"39,59000";"14,73215";"0,23976"
"39,60000";"14,71716";"0,23607"
"39,61000";"14,70217";"0,23205"
"39,62000";"14,68706";"0,23361"
"39,63000";"14,67194";"0,23439"
"39,64000";"14,65695";"0,23777"
"39,65000";"14,64208";"0,24320"
"39,66000";"14,62708";"0,24516"
"39,67000";"14,61197";"0,24212"
"39,68000";"14,59698";"0,23444"
"39,69000";"14,58199";"0,23600"
"39,70000";"14,56687";"0,23728"
"39,71000";"14,55165";"0,24309"
"39,72000";"14,53677";"0,24463"
"39,73000";"14,52190";"0,24370"
"39,74000";"14,50690";"0,23935"
"39,75000";"14,49179";"0,23951"
"39,76000";"14,47680";"0,23856"
"39,77000";"14,46181";"0,24079"
"39,78000";"14,44693";"0,24353"
"39,79000";"14,43182";"0,24342"
"39,80000";"14,41671";"0,23681"
"39,81000";"14,40195";"0,23498"
"39,82000";"14,38696";"0,23397"
"39,83000";"14,37185";"0,23863"
"39,84000";"14,35674";"0,24672"
"39,85000";"14,34186";"0,25115"
"39,86000";"14,32687";"0,25572"
"39,87000";"14,31164";"0,25556"
"39,88000";"14,29665";"0,25031"
"39,89000";"14,28189";"0,24534"
"39,90000";"14,26701";"0,24752"
"39,91000";"14,25202";"0,24884"
"39,92000";"14,23679";"0,24474"
"39,93000";"14,22180";"0,23667"
"39,94000";"14,20681";"0,23881"
"39,95000";"14,19169";"0,24719"
"39,96000";"14,17670";"0,25095"
"39,97000";"14,16194";"0,24817"
"39,98000";"14,14707";"0,24559"
"39,99000";"14,13219";"0,24500"
"40,00000";"14,11708";"0,25067"
"40,01000";"14,10209";"0,26004"
"40,02000";"14,08721";"0,27019"
"40,03000";"14,07199";"0,28057"
"40,04000";"14,05699";"0,28476"
"40,05000";"14,04200";"0,27622"
"40,06000";"14,02724";"0,26582"
"40,07000";"14,01225";"0,26267"
"40,08000";"13,99726";"0,26148"
"40,09000";"13,98226";"0,25860"
"40,10000";"13,96739";"0,26074"
"40,11000";"13,95228";"0,26757"
"40,12000";"13,93717";"0,27612"
"40,13000";"13,92217";"0,27635"
"40,14000";"13,90730";"0,27435"
"40,15000";"13,89231";"0,28090"
"40,16000";"13,87708";"0,28251"
"40,17000";"13,86196";"0,28856"
"40,18000";"13,84709";"0,29227"
"40,19000";"13,83210";"0,29586"
"40,20000";"13,81699";"0,29428"
"40,21000";"13,80199";"0,28944"
"40,22000";"13,78712";"0,28754"
"40,23000";"13,77212";"0,28881"
"40,24000";"13,75690";"0,28973"
"40,25000";"13,74179";"0,29722"
"40,26000";"13,72679";"0,30101"
"40,27000";"13,71192";"0,29600"
"40,28000";"13,69681";"0,29417"
"40,29000";"13,68193";"0,30282"
"40,30000";"13,66706";"0,30829"
"40,31000";"13,65218";"0,30649"
"40,32000";"13,63707";"0,30385"
"40,33000";"13,62196";"0,30566"
"40,34000";"13,60697";"0,30780"
"40,35000";"13,59209";"0,30928"
"40,36000";"13,57710";"0,30788"
"40,37000";"13,56199";"0,29921"
"40,38000";"13,54688";"0,29021"
"40,39000";"13,53200";"0,29388"
"40,40000";"13,51701";"0,30301"
"40,41000";"13,50190";"0,30849"
"40,42000";"13,48690";"0,31319"
"40,43000";"13,47191";"0,31467"
"40,44000";"13,45704";"0,31493"
"40,45000";"13,44204";"0,31536"
"40,46000";"13,42705";"0,30507"
"40,47000";"13,41206";"0,30190"
"40,48000";"13,39706";"0,30520"
"40,49000";"13,38195";"0,30549"
"40,50000";"13,36672";"0,29610"
"40,51000";"13,35185";"0,28699"
"40,52000";"13,33709";"0,29172"
"40,53000";"13,32210";"0,30481"
"40,54000";"13,30699";"0,30743"
"40,55000";"13,29199";"0,30779"
"40,56000";"13,27700";"0,30627"
"40,57000";"13,26189";"0,30312"
"40,58000";"13,24678";"0,29995"
"40,59000";"13,23178";"0,30105"
"40,60000";"13,21703";"0,30610"
"40,61000";"13,20215";"0,31309"
"40,62000";"13,18704";"0,31598"
"40,63000";"13,17193";"0,31517"
"40,64000";"13,15694";"0,31341"
"40,65000";"13,14194";"0,31092"
"40,66000";"13,12671";"0,30819"
"40,67000";"13,11172";"0,30399"
"40,68000";"13,09708";"0,30385"
"40,69000";"13,08233";"0,30269"
"40,70000";"13,06722";"0,30225"
"40,71000";"13,05210";"0,30129"
"40,72000";"13,03699";"0,30396"
"40,73000";"13,02200";"0,30795"
"40,74000";"13,00677";"0,31177"
"40,75000";"12,99178";"0,31234"
"40,76000";"12,97690";"0,31171"
"40,77000";"12,96203";"0,31534"
"40,78000";"12,94703";"0,31770"
"40,79000";"12,93204";"0,31763"
"40,80000";"12,91705";"0,31525"
"40,81000";"12,90205";"0,31650"
"40,82000";"12,88706";"0,31175"
"40,83000";"12,87195";"0,30539"
"40,84000";"12,85708";"0,29988"
"40,85000";"12,84220";"0,29699"
"40,86000";"12,82709";"0,29441"
"40,87000";"12,81198";"0,29779"
"40,88000";"12,79699";"0,29933"
"40,89000";"12,78199";"0,30324"
"40,90000";"12,76688";"0,30603"
"40,91000";"12,75189";"0,30257"
"40,92000";"12,73690";"0,29990"
"40,93000";"12,72202";"0,29667"
"40,94000";"12,70703";"0,30196"
"40,95000";"12,69192";"0,30867"
"40,96000";"12,67681";"0,31328"
"40,97000";"12,66181";"0,31129"
"40,98000";"12,64682";"0,30869"
"40,99000";"12,63171";"0,30820"
"41,00000";"12,61683";"0,29762"
"41,01000";"12,60184";"0,29052"
"41,02000";"12,58697";"0,29349"
"41,03000";"12,57197";"0,30113"
"41,04000";"12,55698";"0,30983"
"41,05000";"12,54187";"0,30535"
"41,06000";"12,52688";"0,30327"
"41,07000";"12,51188";"0,31255"
"41,08000";"12,49689";"0,31819"
"41,09000";"12,48190";"0,31214"
"41,10000";"12,46690";"0,30115"
"41,11000";"12,45191";"0,28838"
"41,12000";"12,43680";"0,29121"
"41,13000";"12,42180";"0,29092"
"41,14000";"12,40681";"0,29084"
"41,15000";"12,39194";"0,29462"
"41,16000";"12,37706";"0,30236"
"41,17000";"12,36195";"0,30824"
"41,18000";"12,34708";"0,30816"
"41,19000";"12,33196";"0,30750"
"41,20000";"12,31697";"0,30244"
"41,21000";"12,30186";"0,29171"
"41,22000";"12,28675";"0,29002"
"41,23000";"12,27188";"0,29106"
"41,24000";"12,25700";"0,29583"
"41,25000";"12,24201";"0,30004"
"41,26000";"12,22701";"0,30585"
"41,27000";"12,21202";"0,31419"
"41,28000";"12,19691";"0,32181"
"41,29000";"12,18180";"0,31811"
"41,30000";"12,16681";"0,30974"
"41,31000";"12,15193";"0,29869"
"41,32000";"12,13706";"0,29749"
"41,33000";"12,12206";"0,30094"
"41,34000";"12,10707";"0,30302"
"41,35000";"12,09219";"0,29805"
"41,36000";"12,07732";"0,29686"
"41,37000";"12,06221";"0,30517"
"41,38000";"12,04722";"0,31681"
"41,39000";"12,03234";"0,32280"
"41,40000";"12,01735";"0,32504"
"41,41000";"12,00224";"0,32344"
"41,42000";"11,98713";"0,31801"
"41,43000";"11,97201";"0,31168"
"41,44000";"11,95690";"0,30210"
"41,45000";"11,94179";"0,29492"
"41,46000";"11,92680";"0,29722"
"41,47000";"11,91192";"0,29207"
"41,48000";"11,89705";"0,29281"
"41,49000";"11,88194";"0,29448"
"41,50000";"11,86683";"0,28708"
"41,51000";"11,85183";"0,28453"
"41,52000";"11,83684";"0,28091"
"41,53000";"11,82173";"0,28267"
"41,54000";"11,80685";"0,28103"
"41,55000";"11,79186";"0,28517"
"41,56000";"11,77710";"0,29153"
"41,57000";"11,76199";"0,28777"
"41,58000";"11,74688";"0,28807"
"41,59000";"11,73189";"0,28691"
"41,60000";"11,71701";"0,28427"
"41,61000";"11,70202";"0,28722"
"41,62000";"11,68703";"0,28985"
"41,63000";"11,67204";"0,29279"
"41,64000";"11,65693";"0,29145"
"41,65000";"11,64205";"0,28651"
"41,66000";"11,62706";"0,28433"
"41,67000";"11,61195";"0,28677"
"41,68000";"11,59695";"0,28766"
"41,69000";"11,58208";"0,29271"
"41,70000";"11,56708";"0,29691"
"41,71000";"11,55197";"0,29872"
"41,72000";"11,53710";"0,29871"
"41,73000";"11,52199";"0,29307"
"41,74000";"11,50699";"0,29144"
"41,75000";"11,49200";"0,29650"
"41,76000";"11,47689";"0,30366"
"41,77000";"11,46201";"0,31143"
"41,78000";"11,44714";"0,31159"
"41,79000";"11,43203";"0,31290"
"41,80000";"11,41704";"0,31105"
"41,81000";"11,40216";"0,30044"
"41,82000";"11,38705";"0,29001"
"41,83000";"11,37194";"0,27959"
"41,84000";"11,35694";"0,27905"
"41,85000";"11,34183";"0,27897"
"41,86000";"11,32684";"0,28056"
"41,87000";"11,31185";"0,28198"
"41,88000";"11,29685";"0,28677"
"41,89000";"11,28198";"0,29347"
"41,90000";"11,26699";"0,29592"
"41,91000";"11,25211";"0,29544"
"41,92000";"11,23700";"0,28841"
"41,93000";"11,22213";"0,27982"
"41,94000";"11,20713";"0,28136"
"41,95000";"11,19214";"0,28954"
"41,96000";"11,17715";"0,29316"
"41,97000";"11,16203";"0,28898"
"41,98000";"11,14716";"0,28303"
"41,99000";"11,13217";"0,28070"
"42,00000";"11,11706";"0,28008"
"42,01000";"11,10206";"0,27561"
"42,02000";"11,08719";"0,27023"
"42,03000";"11,07219";"0,27645"
"42,04000";"11,05708";"0,28820"
"42,05000";"11,04185";"0,29570"
"42,06000";"11,02686";"0,29837"
"42,07000";"11,01187";"0,29826"
"42,08000";"10,99676";"0,29549"
"42,09000";"10,98176";"0,29142"
"42,10000";"10,96701";"0,28624"
"42,11000";"10,95213";"0,28292"
"42,12000";"10,93702";"0,28255"
"42,13000";"10,92191";"0,27668"
"42,14000";"10,90692";"0,26988"
"42,15000";"10,89192";"0,27287"
"42,16000";"10,87681";"0,27343"
"42,17000";"10,86182";"0,27228"
"42,18000";"10,84683";"0,27579"
"42,19000";"10,83195";"0,28381"
"42,20000";"10,81696";"0,28504"
"42,21000";"10,80185";"0,28922"
"42,22000";"10,78686";"0,28790"
"42,23000";"10,77198";"0,28275"
"42,24000";"10,75699";"0,28123"
"42,25000";"10,74199";"0,28593"
"42,26000";"10,72700";"0,28360"
"42,27000";"10,71213";"0,27791"
"42,28000";"10,69713";"0,27782"
"42,29000";"10,68214";"0,27647"
"42,30000";"10,66715";"0,27650"
"42,31000";"10,65215";"0,27507"
"42,32000";"10,63728";"0,27334"
"42,33000";"10,62228";"0,27512"
"42,34000";"10,60729";"0,27330"
"42,35000";"10,59230";"0,26859"
"42,36000";"10,57731";"0,27941"
"42,37000";"10,56219";"0,28991"
"42,38000";"10,54720";"0,28609"
"42,39000";"10,53209";"0,28175"
"42,40000";"10,51722";"0,28032"
"42,41000";"10,50234";"0,28500"
"42,42000";"10,48735";"0,28328"
"42,43000";"10,47235";"0,27744"
"42,44000";"10,45736";"0,27032"
"42,45000";"10,44225";"0,26867"
"42,46000";"10,42714";"0,26761"
"42,47000";"10,41203";"0,26592"
"42,48000";"10,39703";"0,26158"
"42,49000";"10,38216";"0,26128"
"42,50000";"10,36705";"0,26867"
"42,51000";"10,35206";"0,27840"
"42,52000";"10,33706";"0,28550"
"42,53000";"10,32207";"0,29019"
"42,54000";"10,30696";"0,28688"
"42,55000";"10,29197";"0,28561"
"42,56000";"10,27697";"0,27974"
"42,57000";"10,26198";"0,28407"
"42,58000";"10,24699";"0,28630"
"42,59000";"10,23199";"0,28204"
"42,60000";"10,21712";"0,27884"
"42,61000";"10,20224";"0,27834"
"42,62000";"10,18713";"0,27677"
"42,63000";"10,17202";"0,27472"
"42,64000";"10,15703";"0,26915"
"42,65000";"10,14204";"0,26714"
"42,66000";"10,12692";"0,26535"
"42,67000";"10,11181";"0,26183"
"42,68000";"10,09670";"0,25871"
"42,69000";"10,08183";"0,26618"
"42,70000";"10,06671";"0,27089"
"42,71000";"10,05160";"0,27649"
"42,72000";"10,03673";"0,28175"
"42,73000";"10,02197";"0,28724"
"42,74000";"10,00686";"0,28293"
"42,75000";"9,99187";"0,27250"
"42,76000";"9,97688";"0,26487"
"42,77000";"9,96200";"0,26664"
"42,78000";"9,94701";"0,26706"
"42,79000";"9,93190";"0,26199"
"42,80000";"9,91690";"0,25953"
"42,81000";"9,90215";"0,26170"
"42,82000";"9,88715";"0,26938"
"42,83000";"9,87204";"0,27758"
"42,84000";"9,85693";"0,27629"
"42,85000";"9,84194";"0,27926"
"42,86000";"9,82695";"0,27707"
"42,87000";"9,81183";"0,27562"
"42,88000";"9,79684";"0,27333"
"42,89000";"9,78208";"0,27285"
"42,90000";"9,76709";"0,27636"
"42,91000";"9,75210";"0,27966"
"42,92000";"9,73699";"0,27486"
"42,93000";"9,72211";"0,26800"
"42,94000";"9,70724";"0,26546"
"42,95000";"9,69213";"0,27042"
"42,96000";"9,67701";"0,27777"
"42,97000";"9,66214";"0,28339"
"42,98000";"9,64726";"0,28498"
"42,99000";"9,63215";"0,29033"
"43,00000";"9,61704";"0,29428"
"43,01000";"9,60205";"0,29692"
"43,02000";"9,58706";"0,29659"
"43,03000";"9,57206";"0,29230"
"43,04000";"9,55707";"0,28847"
"43,05000";"9,54220";"0,28492"
"43,06000";"9,52732";"0,28707"
"43,07000";"9,51221";"0,29412"
"43,08000";"9,49710";"0,28806"
"43,09000";"9,48199";"0,28063"
"43,10000";"9,46711";"0,27769"
"43,11000";"9,45212";"0,27954"
"43,12000";"9,43713";"0,27762"
"43,13000";"9,42201";"0,27855"
"43,14000";"9,40714";"0,28806"
"43,15000";"9,39215";"0,29561"
"43,16000";"9,37704";"0,30100"
"43,17000";"9,36192";"0,30112"
"43,18000";"9,34693";"0,30226"
"43,19000";"9,33206";"0,30585"
"43,20000";"9,31694";"0,30906"
"43,21000";"9,30195";"0,30812"
"43,22000";"9,28708";"0,30591"
"43,23000";"9,27232";"0,30579"
"43,24000";"9,25721";"0,30838"
"43,25000";"9,24210";"0,30962"
"43,26000";"9,22699";"0,30755"
"43,27000";"9,21211";"0,30849"
"43,28000";"9,19712";"0,30890"
"43,29000";"9,18189";"0,31117"
"43,30000";"9,16701";"0,31281"
"43,31000";"9,15202";"0,31002"
"43,32000";"9,13703";"0,31200"
"43,33000";"9,12192";"0,30988"
"43,34000";"9,10692";"0,31154"
"43,35000";"9,09217";"0,31638"
"43,36000";"9,07729";"0,32317"
"43,37000";"9,06206";"0,32491"
"43,38000";"9,04695";"0,32324"
"43,39000";"9,03196";"0,32688"
"43,40000";"9,01708";"0,32956"
"43,41000";"9,00185";"0,32628"
"43,42000";"8,98662";"0,32695"
"43,43000";"8,97175";"0,33345"
"43,44000";"8,95688";"0,34086"
"43,45000";"8,94188";"0,34108"
"43,46000";"8,92677";"0,32886"
"43,47000";"8,91178";"0,31891"
"43,48000";"8,89690";"0,31761"
"43,49000";"8,88179";"0,31761"
"43,50000";"8,86680";"0,31658"
"43,51000";"8,85192";"0,31337"
"43,52000";"8,83717";"0,31679"
"43,53000";"8,82217";"0,32363"
"43,54000";"8,80706";"0,32845"
"43,55000";"8,79207";"0,32475"
"43,56000";"8,77708";"0,32719"
"43,57000";"8,76208";"0,33876"
"43,58000";"8,74697";"0,34144"
"43,59000";"8,73210";"0,34596"
"43,60000";"8,71734";"0,34043"
"43,61000";"8,70235";"0,33854"
"43,62000";"8,68712";"0,33890"
"43,63000";"8,67213";"0,33522"
"43,64000";"8,65713";"0,33283"
"43,65000";"8,64202";"0,32754"
"43,66000";"8,62703";"0,32660"
"43,67000";"8,61203";"0,32817"
"43,68000";"8,59716";"0,33384"
"43,69000";"8,58240";"0,33598"
"43,70000";"8,56717";"0,33722"
"43,71000";"8,55206";"0,33716"
"43,72000";"8,53707";"0,33717"
"43,73000";"8,52196";"0,33595"
"43,74000";"8,50685";"0,33412"
"43,75000";"8,49185";"0,32783"
"43,76000";"8,47686";"0,31791"
"43,77000";"8,46199";"0,31097"
"43,78000";"8,44687";"0,31285"
"43,79000";"8,43176";"0,31796"
"43,80000";"8,41665";"0,32227"
"43,81000";"8,40178";"0,32190"
"43,82000";"8,38679";"0,32453"
"43,83000";"8,37179";"0,33488"
"43,84000";"8,35680";"0,34751"
"43,85000";"8,34192";"0,35481"
"43,86000";"8,32705";"0,35172"
"43,87000";"8,31194";"0,34643"
"43,88000";"8,29683";"0,33978"
"43,89000";"8,28183";"0,34007"
"43,90000";"8,26696";"0,34228"
"43,91000";"8,25185";"0,34680"
"43,92000";"8,23685";"0,33693"
"43,93000";"8,22198";"0,32321"
"43,94000";"8,20699";"0,32668"
"43,95000";"8,19188";"0,33699"
"43,96000";"8,17676";"0,33659"
"43,97000";"8,16189";"0,33673"
"43,98000";"8,14701";"0,33819"
"43,99000";"8,13202";"0,34014"
"44,00000";"8,11703";"0,33870"
"44,01000";"8,10192";"0,33595"
"44,02000";"8,08692";"0,33973"
"44,03000";"8,07193";"0,34763"
"44,04000";"8,05682";"0,34951"
"44,05000";"8,04183";"0,34774"
"44,06000";"8,02695";"0,34979"
"44,07000";"8,01208";"0,35103"
"44,08000";"7,99697";"0,34983"
"44,09000";"7,98197";"0,34560"
"44,10000";"7,96698";"0,33383"
"44,11000";"7,95199";"0,33056"
"44,12000";"7,93688";"0,32637"
"44,13000";"7,92188";"0,33383"
"44,14000";"7,90701";"0,34506"
"44,15000";"7,89225";"0,34883"
"44,16000";"7,87714";"0,34608"
"44,17000";"7,86203";"0,33161"
"44,18000";"7,84704";"0,31826"
"44,19000";"7,83216";"0,31131"
"44,20000";"7,81705";"0,31106"
"44,21000";"7,80194";"0,30614"
"44,22000";"7,78694";"0,30285"
"44,23000";"7,77219";"0,30442"
"44,24000";"7,75719";"0,30979"
"44,25000";"7,74208";"0,31440"
"44,26000";"7,72709";"0,32618"
"44,27000";"7,71222";"0,33229"
"44,28000";"7,69710";"0,33941"
"44,29000";"7,68199";"0,34145"
"44,30000";"7,66700";"0,33577"
"44,31000";"7,65224";"0,32996"
"44,32000";"7,63713";"0,32754"
"44,33000";"7,62202";"0,32620"
"44,34000";"7,60691";"0,31760"
"44,35000";"7,59192";"0,31792"
"44,36000";"7,57681";"0,32035"
"44,37000";"7,56169";"0,32688"
"44,38000";"7,54670";"0,33533"
"44,39000";"7,53183";"0,33943"
"44,40000";"7,51695";"0,34038"
"44,41000";"7,50184";"0,33900"
"44,42000";"7,48685";"0,33723"
"44,43000";"7,47185";"0,33892"
"44,44000";"7,45686";"0,34335"
"44,45000";"7,44187";"0,34367"
"44,46000";"7,42687";"0,33591"
"44,47000";"7,41200";"0,32372"
"44,48000";"7,39701";"0,32079"
"44,49000";"7,38201";"0,32352"
"44,50000";"7,36690";"0,31341"
"44,51000";"7,35191";"0,31336"
"44,52000";"7,33680";"0,31165"
"44,53000";"7,32181";"0,31869"
"44,54000";"7,30681";"0,32927"
"44,55000";"7,29194";"0,32677"
"44,56000";"7,27706";"0,31742"
"44,57000";"7,26207";"0,30739"
"44,58000";"7,24696";"0,30331"
"44,59000";"7,23185";"0,30741"
"44,60000";"7,21685";"0,31501"
"44,61000";"7,20186";"0,31630"
"44,62000";"7,18687";"0,32240"
"44,63000";"7,17199";"0,32946"
"44,64000";"7,15700";"0,32162"
"44,65000";"7,14201";"0,31471"
"44,66000";"7,12690";"0,31647"
"44,67000";"7,11190";"0,31602"
"44,68000";"7,09691";"0,32041"
"44,69000";"7,08204";"0,32052"
"44,70000";"7,06704";"0,31963"
"44,71000";"7,05205";"0,31636"
"44,72000";"7,03706";"0,31614"
"44,73000";"7,02194";"0,30683"
"44,74000";"7,00695";"0,30560"
"44,75000";"6,99184";"0,30889"
"44,76000";"6,97697";"0,31626"
"44,77000";"6,96209";"0,33020"
"44,78000";"6,94722";"0,33523"
"44,79000";"6,93222";"0,33686"
"44,80000";"6,91723";"0,33328"
"44,81000";"6,90224";"0,33169"
"44,82000";"6,88724";"0,32350"
"44,83000";"6,87201";"0,31853"
"44,84000";"6,85702";"0,30856"
"44,85000";"6,84203";"0,30486"
"44,86000";"6,82715";"0,30908"
"44,87000";"6,81204";"0,31328"
"44,88000";"6,79693";"0,31346"
"44,89000";"6,78194";"0,31175"
"44,90000";"6,76694";"0,31355"
"44,91000";"6,75183";"0,31588"
"44,92000";"6,73684";"0,31701"
"44,93000";"6,72197";"0,31894"
"44,94000";"6,70709";"0,32430"
"44,95000";"6,69198";"0,32325"
"44,96000";"6,67687";"0,31481"
"44,97000";"6,66188";"0,31070"
"44,98000";"6,64688";"0,31753"
"44,99000";"6,63189";"0,32813"
"45,00000";"6,61678";"0,32818"
"45,01000";"6,60190";"0,33096"
"45,02000";"6,58715";"0,32956"
"45,03000";"6,57215";"0,32158"
"45,04000";"6,55692";"0,31370"
"45,05000";"6,54193";"0,32143"
"45,06000";"6,52694";"0,33304"
"45,07000";"6,51194";"0,33951"
"45,08000";"6,49707";"0,34220"
"45,09000";"6,48219";"0,33407"
"45,10000";"6,46732";"0,31969"
"45,11000";"6,45221";"0,31671"
"45,12000";"6,43710";"0,31717"
"45,13000";"6,42199";"0,31006"
"45,14000";"6,40711";"0,30558"
"45,15000";"6,39212";"0,31465"
"45,16000";"6,37701";"0,32816"
"45,17000";"6,36201";"0,33067"
"45,18000";"6,34702";"0,32995"
"45,19000";"6,33203";"0,33242"
"45,20000";"6,31692";"0,33459"
"45,21000";"6,30192";"0,33306"
"45,22000";"6,28681";"0,33045"
"45,23000";"6,27182";"0,32821"
"45,24000";"6,25683";"0,32897"
"45,25000";"6,24183";"0,33032"
"45,26000";"6,22696";"0,32701"
"45,27000";"6,21197";"0,32686"
"45,28000";"6,19697";"0,33104"
"45,29000";"6,18186";"0,33083"
"45,30000";"6,16675";"0,32680"
"45,31000";"6,15176";"0,32674"
"45,32000";"6,13688";"0,32907"
"45,33000";"6,12189";"0,33456"
"45,34000";"6,10690";"0,33628"
"45,35000";"6,09202";"0,33504"
"45,36000";"6,07715";"0,34268"
"45,37000";"6,06215";"0,34401"
"45,38000";"6,04704";"0,34199"
"45,39000";"6,03193";"0,34030"
"45,40000";"6,01706";"0,34036"
"45,41000";"6,00194";"0,34379"
"45,42000";"5,98695";"0,34160"
"45,43000";"5,97196";"0,32947"
"45,44000";"5,95708";"0,32217"
"45,45000";"5,94197";"0,32792"
"45,46000";"5,92686";"0,32909"
"45,47000";"5,91187";"0,33084"
"45,48000";"5,89699";"0,33132"
"45,49000";"5,88212";"0,33483"
"45,50000";"5,86701";"0,33383"
"45,51000";"5,85213";"0,32711"
"45,52000";"5,83714";"0,32259"
"45,53000";"5,82215";"0,32265"
"45,54000";"5,80692";"0,32549"
"45,55000";"5,79192";"0,32440"
"45,56000";"5,77717";"0,32065"
"45,57000";"5,76217";"0,32327"
"45,58000";"5,74706";"0,32416"
"45,59000";"5,73207";"0,32351"
"45,60000";"5,71708";"0,32581"
"45,61000";"5,70220";"0,32944"
"45,62000";"5,68709";"0,32603"
"45,63000";"5,67198";"0,32843"
"45,64000";"5,65699";"0,32673"
"45,65000";"5,64211";"0,33397"
"45,66000";"5,62700";"0,34141"
"45,67000";"5,61189";"0,34399"
"45,68000";"5,59690";"0,34421"
"45,69000";"5,58190";"0,34131"
"45,70000";"5,56691";"0,34144"
"45,71000";"5,55192";"0,33878"
"45,72000";"5,53692";"0,34290"
"45,73000";"5,52217";"0,33508"
"45,74000";"5,50717";"0,33134"
"45,75000";"5,49206";"0,32993"
"45,76000";"5,47707";"0,33402"
"45,77000";"5,46208";"0,33407"
"45,78000";"5,44697";"0,32853"
"45,79000";"5,43185";"0,33013"
"45,80000";"5,41698";"0,33249"
"45,81000";"5,40210";"0,33498"
"45,82000";"5,38711";"0,33887"
"45,83000";"5,37200";"0,33970"
"45,84000";"5,35701";"0,33676"
"45,85000";"5,34190";"0,33561"
"45,86000";"5,32702";"0,32865"
"45,87000";"5,31203";"0,31974"
"45,88000";"5,29704";"0,31782"
"45,89000";"5,28216";"0,31067"
"45,90000";"5,26717";"0,31525"
"45,91000";"5,25206";"0,32672"
"45,92000";"5,23706";"0,33853"
"45,93000";"5,22207";"0,34507"
"45,94000";"5,20708";"0,34845"
"45,95000";"5,19208";"0,34430"
"45,96000";"5,17709";"0,33655"
"45,97000";"5,16221";"0,32961"
"45,98000";"5,14722";"0,33188"
"45,99000";"5,13223";"0,33517"
"46,00000";"5,11712";"0,33587"
"46,01000";"5,10189";"0,34169"
"46,02000";"5,08701";"0,34152"
"46,03000";"5,07202";"0,34380"
"46,04000";"5,05703";"0,34659"
"46,05000";"5,04215";"0,35134"
"46,06000";"5,02716";"0,35127"
"46,07000";"5,01217";"0,34809"
"46,08000";"4,99706";"0,33965"
"46,09000";"4,98183";"0,33936"
"46,10000";"4,96683";"0,33890"
"46,11000";"4,95184";"0,34299"
"46,12000";"4,93685";"0,34597"
"46,13000";"4,92185";"0,34558"
"46,14000";"4,90686";"0,34820"
"46,15000";"4,89187";"0,34928"
"46,16000";"4,87688";"0,35198"
"46,17000";"4,86176";"0,35017"
"46,18000";"4,84677";"0,34660"
"46,19000";"4,83201";"0,34456"
"46,20000";"4,81714";"0,34671"
"46,21000";"4,80203";"0,34277"
"46,22000";"4,78703";"0,33577"
"46,23000";"4,77216";"0,33610"
"46,24000";"4,75705";"0,34028"
"46,25000";"4,74194";"0,34405"
"46,26000";"4,72694";"0,34287"
"46,27000";"4,71207";"0,34147"
"46,28000";"4,69719";"0,34506"
"46,29000";"4,68220";"0,34540"
"46,30000";"4,66709";"0,34531"
"46,31000";"4,65222";"0,34103"
"46,32000";"4,63722";"0,33475"
"46,33000";"4,62199";"0,32847"
"46,34000";"4,60700";"0,32360"
"46,35000";"4,59201";"0,32843"
"46,36000";"4,57713";"0,33479"
"46,37000";"4,56214";"0,34476"
"46,38000";"4,54715";"0,35412"
"46,39000";"4,53227";"0,36319"
"46,40000";"4,51740";"0,36457"
"46,41000";"4,50228";"0,36374"
"46,42000";"4,48717";"0,35738"
"46,43000";"4,47230";"0,35685"
"46,44000";"4,45742";"0,35809"
"46,45000";"4,44231";"0,36494"
"46,46000";"4,42720";"0,36575"
"46,47000";"4,41221";"0,36691"
"46,48000";"4,39710";"0,35873"
"46,49000";"4,38210";"0,35109"
"46,50000";"4,36699";"0,34435"
"46,51000";"4,35200";"0,34478"
"46,52000";"4,33724";"0,35215"
"46,53000";"4,32225";"0,36278"
"46,54000";"4,30702";"0,37147"
"46,55000";"4,29203";"0,38244"
"46,56000";"4,27715";"0,38276"
"46,57000";"4,26216";"0,37801"
"46,58000";"4,24705";"0,37526"
"46,59000";"4,23206";"0,37422"
"46,60000";"4,21730";"0,38374"
"46,61000";"4,20242";"0,39337"
"46,62000";"4,18719";"0,39739"
"46,63000";"4,17208";"0,39362"
"46,64000";"4,15721";"0,38082"
"46,65000";"4,14222";"0,37213"
"46,66000";"4,12710";"0,36533"
"46,67000";"4,11199";"0,36054"
"46,68000";"4,09700";"0,36844"
"46,69000";"4,08213";"0,36594"
"46,70000";"4,06701";"0,37306"
"46,71000";"4,05190";"0,37788"
"46,72000";"4,03691";"0,37579"
"46,73000";"4,02203";"0,37057"
"46,74000";"4,00704";"0,37412"
"46,75000";"3,99193";"0,37761"
"46,76000";"3,97694";"0,37445"
"46,77000";"3,96194";"0,38171"
"46,78000";"3,94683";"0,38124"
"46,79000";"3,93172";"0,38126"
"46,80000";"3,91673";"0,38172"
"46,81000";"3,90185";"0,37859"
"46,82000";"3,88698";"0,37755"
"46,83000";"3,87187";"0,37446"
"46,84000";"3,85664";"0,37506"
"46,85000";"3,84176";"0,37828"
"46,86000";"3,82665";"0,38913"
"46,87000";"3,81154";"0,39121"
"46,88000";"3,79643";"0,39327"
"46,89000";"3,78167";"0,39749"
"46,90000";"3,76692";"0,39567"
"46,91000";"3,75181";"0,38687"
"46,92000";"3,73681";"0,37534"
"46,93000";"3,72182";"0,36821"
"46,94000";"3,70694";"0,36631"
"46,95000";"3,69172";"0,37092"
"46,96000";"3,67649";"0,37968"
"46,97000";"3,66161";"0,38375"
"46,98000";"3,64685";"0,38568"
"46,99000";"3,63186";"0,38588"
"47,00000";"3,61675";"0,38674"
"47,01000";"3,60187";"0,37965"
"47,02000";"3,58700";"0,37690"
"47,03000";"3,57201";"0,38245"
"47,04000";"3,55701";"0,37996"
"47,05000";"3,54202";"0,37733"
"47,06000";"3,52726";"0,38326"
"47,07000";"3,51227";"0,38454"
"47,08000";"3,49716";"0,38330"
"47,09000";"3,48205";"0,37315"
"47,10000";"3,46706";"0,36662"
"47,11000";"3,45206";"0,36927"
"47,12000";"3,43695";"0,37345"
"47,13000";"3,42219";"0,37912"
"47,14000";"3,40732";"0,38494"
"47,15000";"3,39233";"0,38923"
"47,16000";"3,37722";"0,38617"
"47,17000";"3,36199";"0,37589"
"47,18000";"3,34699";"0,37337"
"47,19000";"3,33200";"0,37558"
"47,20000";"3,31689";"0,37327"
"47,21000";"3,30190";"0,37589"
"47,22000";"3,28702";"0,37845"
"47,23000";"3,27215";"0,39229"
"47,24000";"3,25715";"0,39539"
"47,25000";"3,24204";"0,39572"
"47,26000";"3,22693";"0,38725"
"47,27000";"3,21194";"0,37732"
"47,28000";"3,19694";"0,37190"
"47,29000";"3,18195";"0,37587"
"47,30000";"3,16696";"0,37734"
"47,31000";"3,15208";"0,38099"
"47,32000";"3,13697";"0,38550"
"47,33000";"3,12186";"0,38750"
"47,34000";"3,10687";"0,38599"
"47,35000";"3,09199";"0,38043"
"47,36000";"3,07700";"0,38311"
"47,37000";"3,06201";"0,38781"
"47,38000";"3,04701";"0,39407"
"47,39000";"3,03214";"0,38796"
"47,40000";"3,01703";"0,38286"
"47,41000";"3,00192";"0,38234"
"47,42000";"2,98681";"0,37965"
"47,43000";"2,97193";"0,37396"
"47,44000";"2,95706";"0,37044"
"47,45000";"2,94206";"0,37502"
"47,46000";"2,92707";"0,38101"
"47,47000";"2,91208";"0,38135"
"47,48000";"2,89708";"0,39073"
"47,49000";"2,88197";"0,39619"
"47,50000";"2,86686";"0,39792"
"47,51000";"2,85187";"0,38709"
"47,52000";"2,83688";"0,37968"
"47,53000";"2,82200";"0,38125"
"47,54000";"2,80701";"0,37819"
"47,55000";"2,79201";"0,38216"
"47,56000";"2,77702";"0,39146"
"47,57000";"2,76191";"0,40193"
"47,58000";"2,74680";"0,40625"
"47,59000";"2,73181";"0,39855"
"47,60000";"2,71693";"0,39016"
"47,61000";"2,70206";"0,37992"
"47,62000";"2,68694";"0,37084"
"47,63000";"2,67195";"0,36483"
"47,64000";"2,65696";"0,36356"
"47,65000";"2,64197";"0,36370"
"47,66000";"2,62685";"0,36235"
"47,67000";"2,61174";"0,36498"
"47,68000";"2,59687";"0,37238"
"47,69000";"2,58211";"0,37597"
"47,70000";"2,56700";"0,37883"
"47,71000";"2,55201";"0,38210"
"47,72000";"2,53701";"0,38841"
"47,73000";"2,52202";"0,39209"
"47,74000";"2,50691";"0,39305"
"47,75000";"2,49180";"0,38818"
"47,76000";"2,47704";"0,38160"
"47,77000";"2,46217";"0,38327"
"47,78000";"2,44717";"0,39070"
"47,79000";"2,43194";"0,39121"
"47,80000";"2,41695";"0,38989"
"47,81000";"2,40184";"0,38896"
"47,82000";"2,38685";"0,38639"
"47,83000";"2,37162";"0,38250"
"47,84000";"2,35674";"0,37445"
"47,85000";"2,34187";"0,36580"
"47,86000";"2,32699";"0,36465"
"47,87000";"2,31200";"0,36838"
"47,88000";"2,29701";"0,37562"
"47,89000";"2,28213";"0,38100"
"47,90000";"2,26714";"0,38438"
"47,91000";"2,25203";"0,38883"
"47,92000";"2,23715";"0,38729"
"47,93000";"2,22228";"0,38799"
"47,94000";"2,20717";"0,39418"
"47,95000";"2,19206";"0,39591"
"47,96000";"2,17694";"0,39460"
"47,97000";"2,16195";"0,39347"
"47,98000";"2,14696";"0,38898"
"47,99000";"2,13197";"0,38801"
"48,00000";"2,11697";"0,39196"
"48,01000";"2,10198";"0,38699"
"48,02000";"2,08699";"0,37555"
"48,03000";"2,07188";"0,37584"
"48,04000";"2,05688";"0,37219"
"48,05000";"2,04189";"0,37281"
"48,06000";"2,02690";"0,36657"
"48,07000";"2,01190";"0,36558"
"48,08000";"1,99703";"0,36069"
"48,09000";"1,98203";"0,35932"
"48,10000";"1,96704";"0,35690"
"48,11000";"1,95205";"0,35773"
"48,12000";"1,93694";"0,36067"
"48,13000";"1,92194";"0,36142"
"48,14000";"1,90683";"0,36216"
"48,15000";"1,89184";"0,36257"
"48,16000";"1,87697";"0,36500"
"48,17000";"1,86197";"0,36162"
"48,18000";"1,84698";"0,36075"
"48,19000";"1,83199";"0,36598"
"48,20000";"1,81688";"0,36831"
"48,21000";"1,80188";"0,37860"
"48,22000";"1,78689";"0,38980"
"48,23000";"1,77190";"0,39068"
"48,24000";"1,75702";"0,39017"
"48,25000";"1,74191";"0,38315"
"48,26000";"1,72692";"0,37061"
"48,27000";"1,71204";"0,36278"
"48,28000";"1,69705";"0,36239"
"48,29000";"1,68194";"0,36392"
"48,30000";"1,66694";"0,36926"
"48,31000";"1,65207";"0,37348"
"48,32000";"1,63708";"0,37102"
"48,33000";"1,62208";"0,36480"
"48,34000";"1,60709";"0,35886"
"48,35000";"1,59210";"0,35260"
"48,36000";"1,57710";"0,35252"
"48,37000";"1,56199";"0,35040"
"48,38000";"1,54688";"0,35217"
"48,39000";"1,53201";"0,35576"
"48,40000";"1,51701";"0,36683"
"48,41000";"1,50202";"0,36838"
"48,42000";"1,48691";"0,36643"
"48,43000";"1,47192";"0,37145"
"48,44000";"1,45692";"0,37852"
"48,45000";"1,44181";"0,37784"
"48,46000";"1,42682";"0,37360"
"48,47000";"1,41183";"0,38124"
"48,48000";"1,39695";"0,39067"
"48,49000";"1,38208";"0,39190"
"48,50000";"1,36685";"0,38483"
"48,51000";"1,35185";"0,37900"
"48,52000";"1,33686";"0,38134"
"48,53000";"1,32187";"0,37336"
"48,54000";"1,30687";"0,36372"
"48,55000";"1,29188";"0,36305"
"48,56000";"1,27701";"0,36009"
"48,57000";"1,26213";"0,36448"
"48,58000";"1,24702";"0,36507"
"48,59000";"1,23203";"0,35869"
"48,60000";"1,21715";"0,36014"
"48,61000";"1,20204";"0,36844"
"48,62000";"1,18705";"0,37708"
"48,63000";"1,17206";"0,37800"
"48,64000";"1,15718";"0,38280"
"48,65000";"1,14219";"0,38414"
"48,66000";"1,12708";"0,38012"
"48,67000";"1,11197";"0,37693"
"48,68000";"1,09697";"0,37182"
"48,69000";"1,08210";"0,37509"
"48,70000";"1,06710";"0,37796"
"48,71000";"1,05211";"0,38039"
"48,72000";"1,03712";"0,37256"
"48,73000";"1,02213";"0,37199"
"48,74000";"1,00701";"0,37554"
"48,75000";"0,99202";"0,37324"
"48,76000";"0,97691";"0,36987"
"48,77000";"0,96192";"0,37223"
"48,78000";"0,94692";"0,37368"
"48,79000";"0,93193";"0,37339"
"48,80000";"0,91694";"0,37440"
"48,81000";"0,90206";"0,36603"
"48,82000";"0,88707";"0,36818"
"48,83000";"0,87196";"0,37586"
"48,84000";"0,85685";"0,37910"
"48,85000";"0,84185";"0,38357"
"48,86000";"0,82698";"0,39599"
"48,87000";"0,81199";"0,40350"
"48,88000";"0,79699";"0,40381"
"48,89000";"0,78212";"0,39559"
"48,90000";"0,76724";"0,38707"
"48,91000";"0,75225";"0,37651"
"48,92000";"0,73714";"0,36817"
"48,93000";"0,72215";"0,36683"
"48,94000";"0,70715";"0,36699"
"48,95000";"0,69204";"0,37143"
"48,96000";"0,67693";"0,37464"
"48,97000";"0,66206";"0,38249"
"48,98000";"0,64718";"0,38234"
"48,99000";"0,63207";"0,38326"
"49,00000";"0,61696";"0,38337"
"49,01000";"0,60197";"0,38040"
"49,02000";"0,58709";"0,37631"
"49,03000";"0,57210";"0,37229"
"49,04000";"0,55699";"0,37327"
"49,05000";"0,54188";"0,37480"
"49,06000";"0,52688";"0,37611"
"49,07000";"0,51189";"0,37928"
"49,08000";"0,49678";"0,39074"
"49,09000";"0,48167";"0,39116"
"49,10000";"0,46691";"0,39164"
"49,11000";"0,45203";"0,39097"
"49,12000";"0,43692";"0,38948"
"49,13000";"0,42181";"0,38683"
"49,14000";"0,40694";"0,38067"
"49,15000";"0,39194";"0,37659"
"49,16000";"0,37683";"0,37521"
"49,17000";"0,36172";"0,36910"
"49,18000";"0,34685";"0,36472"
"49,19000";"0,33197";"0,36594"
"49,20000";"0,31698";"0,37334"
"49,21000";"0,30199";"0,38106"
"49,22000";"0,28699";"0,38246"
"49,23000";"0,27212";"0,38419"
"49,24000";"0,25701";"0,38278"
"49,25000";"0,24190";"0,38796"
"49,26000";"0,22690";"0,38458"
"49,27000";"0,21203";"0,37980"
"49,28000";"0,19703";"0,38510"
"49,29000";"0,18192";"0,38027"
"49,30000";"0,16681";"0,37180"
"49,31000";"0,15194";"0,37664"
"49,32000";"0,13694";"0,38413"
"49,33000";"0,12207";"0,38340"
"49,34000";"0,10719";"0,37516"
"49,35000";"0,09232";"0,36731"
"49,36000";"0,07744";"0,36556"
"49,37000";"0,06233";"0,36461"
"49,38000";"0,04722";"0,37022"
"49,39000";"0,03223";"0,37925"
"49,40000";"0,01724";"0,38023"
"49,41000";"0,00224";"0,37685"
"49,41200";"-0,00083";"0,37576"
