Hardness 1 : Kraftbei  Hardness 1;"356,18503";N
A1 : A1;"0,91485";J
A2 : A2;"0,12356";J
Springiness : Springiness;"0,00066";m
Cohesiveness : Cohesiveness;"0,13506";
Chewiness : Chewiness;"0,03153";J

Zeit;Traversenweg;Kraft
(s);(mm);(N)
"0,00000";"0,00437";"0,38145"
"0,01000";"0,01381";"0,39923"
"0,02000";"0,02822";"0,41016"
"0,03000";"0,04557";"0,41865"
"0,04000";"0,06434";"0,42613"
"0,05000";"0,08347";"0,42616"
"0,06000";"0,10259";"0,41710"
"0,07000";"0,12101";"0,40393"
"0,08000";"0,13895";"0,39123"
"0,09000";"0,15631";"0,38258"
"0,10000";"0,17295";"0,37510"
"0,11000";"0,18948";"0,37634"
"0,12000";"0,20565";"0,37742"
"0,13000";"0,22159";"0,37575"
"0,14000";"0,23729";"0,37750"
"0,15000";"0,25288";"0,38333"
"0,16000";"0,26834";"0,38319"
"0,17000";"0,28357";"0,37926"
"0,18000";"0,29892";"0,38032"
"0,19000";"0,31426";"0,37587"
"0,20000";"0,32937";"0,36927"
"0,21000";"0,34460";"0,37472"
"0,22000";"0,35960";"0,37961"
"0,23000";"0,37459";"0,38738"
"0,24000";"0,38958";"0,39732"
"0,25000";"0,40469";"0,40565"
"0,26000";"0,41969";"0,40412"
"0,27000";"0,43492";"0,39392"
"0,28000";"0,45003";"0,38274"
"0,29000";"0,46514";"0,38101"
"0,30000";"0,48013";"0,37516"
"0,31000";"0,49512";"0,37570"
"0,32000";"0,51000";"0,37689"
"0,33000";"0,52499";"0,37675"
"0,34000";"0,53999";"0,38261"
"0,35000";"0,55510";"0,37793"
"0,36000";"0,57009";"0,37065"
"0,37000";"0,58508";"0,36469"
"0,38000";"0,60008";"0,36926"
"0,39000";"0,61507";"0,37862"
"0,40000";"0,63018";"0,38899"
"0,41000";"0,64517";"0,38993"
"0,42000";"0,66017";"0,39106"
"0,43000";"0,67516";"0,39889"
"0,44000";"0,69015";"0,39536"
"0,45000";"0,70515";"0,38739"
"0,46000";"0,72014";"0,38095"
"0,47000";"0,73513";"0,38292"
"0,48000";"0,75013";"0,38794"
"0,49000";"0,76512";"0,38874"
"0,50000";"0,78011";"0,39112"
"0,51000";"0,79522";"0,38445"
"0,52000";"0,81022";"0,38294"
"0,53000";"0,82521";"0,37716"
"0,54000";"0,84008";"0,37886"
"0,55000";"0,85508";"0,37870"
"0,56000";"0,86995";"0,37792"
"0,57000";"0,88494";"0,38306"
"0,58000";"0,89994";"0,38894"
"0,59000";"0,91505";"0,39324"
"0,60000";"0,93004";"0,39383"
"0,61000";"0,94503";"0,38673"
"0,62000";"0,96003";"0,37717"
"0,63000";"0,97502";"0,38023"
"0,64000";"0,98990";"0,37983"
"0,65000";"1,00489";"0,37594"
"0,66000";"1,02000";"0,37603"
"0,67000";"1,03499";"0,37432"
"0,68000";"1,04999";"0,37587"
"0,69000";"1,06510";"0,37629"
"0,70000";"1,08009";"0,38088"
"0,71000";"1,09508";"0,38735"
"0,72000";"1,11008";"0,38973"
"0,73000";"1,12507";"0,39070"
"0,74000";"1,14018";"0,39029"
"0,75000";"1,15517";"0,38287"
"0,76000";"1,17017";"0,38020"
"0,77000";"1,18504";"0,37747"
"0,78000";"1,20003";"0,37599"
"0,79000";"1,21503";"0,37979"
"0,80000";"1,23002";"0,37924"
"0,81000";"1,24501";"0,38419"
"0,82000";"1,26013";"0,38815"
"0,83000";"1,27512";"0,38529"
"0,84000";"1,29011";"0,38768"
"0,85000";"1,30510";"0,39417"
"0,86000";"1,31998";"0,40290"
"0,87000";"1,33497";"0,40457"
"0,88000";"1,34985";"0,39679"
"0,89000";"1,36496";"0,37960"
"0,90000";"1,37995";"0,37119"
"0,91000";"1,39518";"0,37015"
"0,92000";"1,41017";"0,37432"
"0,93000";"1,42505";"0,36857"
"0,94000";"1,44004";"0,36878"
"0,95000";"1,45503";"0,37525"
"0,96000";"1,46991";"0,38267"
"0,97000";"1,48490";"0,38436"
"0,98000";"1,49990";"0,38009"
"0,99000";"1,51501";"0,37458"
"1,00000";"1,53000";"0,37310"
"1,01000";"1,54499";"0,37465"
"1,02000";"1,55999";"0,37149"
"1,03000";"1,57486";"0,37929"
"1,04000";"1,58997";"0,38607"
"1,05000";"1,60497";"0,38884"
"1,06000";"1,62008";"0,39052"
"1,07000";"1,63507";"0,38968"
"1,08000";"1,65006";"0,39046"
"1,09000";"1,66506";"0,39146"
"1,10000";"1,68017";"0,39505"
"1,11000";"1,69504";"0,39803"
"1,12000";"1,71015";"0,39582"
"1,13000";"1,72515";"0,39982"
"1,14000";"1,74014";"0,39876"
"1,15000";"1,75513";"0,38975"
"1,16000";"1,77013";"0,38411"
"1,17000";"1,78500";"0,38646"
"1,18000";"1,79999";"0,38239"
"1,19000";"1,81487";"0,37658"
"1,20000";"1,82986";"0,37163"
"1,21000";"1,84485";"0,37403"
"1,22000";"1,85985";"0,38277"
"1,23000";"1,87496";"0,38842"
"1,24000";"1,88995";"0,38830"
"1,25000";"1,90494";"0,38554"
"1,26000";"1,92006";"0,37863"
"1,27000";"1,93493";"0,37727"
"1,28000";"1,94992";"0,38006"
"1,29000";"1,96492";"0,37806"
"1,30000";"1,97991";"0,38033"
"1,31000";"1,99490";"0,38218"
"1,32000";"2,00990";"0,37903"
"1,33000";"2,02489";"0,38173"
"1,34000";"2,03988";"0,38385"
"1,35000";"2,05488";"0,38335"
"1,36000";"2,06987";"0,38355"
"1,37000";"2,08486";"0,39049"
"1,38000";"2,09985";"0,39038"
"1,39000";"2,11473";"0,39198"
"1,40000";"2,12972";"0,39061"
"1,41000";"2,14483";"0,39254"
"1,42000";"2,15983";"0,39137"
"1,43000";"2,17494";"0,39242"
"1,44000";"2,19005";"0,38973"
"1,45000";"2,20516";"0,38285"
"1,46000";"2,22027";"0,38159"
"1,47000";"2,23526";"0,38318"
"1,48000";"2,25026";"0,38875"
"1,49000";"2,26525";"0,39191"
"1,50000";"2,28012";"0,39193"
"1,51000";"2,29512";"0,39167"
"1,52000";"2,31011";"0,38983"
"1,53000";"2,32522";"0,38920"
"1,54000";"2,34022";"0,39266"
"1,55000";"2,35521";"0,39528"
"1,56000";"2,37020";"0,39110"
"1,57000";"2,38508";"0,38658"
"1,58000";"2,39995";"0,38239"
"1,59000";"2,41483";"0,38227"
"1,60000";"2,42982";"0,38172"
"1,61000";"2,44481";"0,38475"
"1,62000";"2,45992";"0,39086"
"1,63000";"2,47492";"0,39089"
"1,64000";"2,48991";"0,38796"
"1,65000";"2,50490";"0,38482"
"1,66000";"2,51978";"0,38131"
"1,67000";"2,53453";"0,37916"
"1,68000";"2,54929";"0,37319"
"1,69000";"2,56417";"0,38147"
"1,70000";"2,57916";"0,39223"
"1,71000";"2,59427";"0,39227"
"1,72000";"2,60950";"0,38902"
"1,73000";"2,62449";"0,38991"
"1,74000";"2,63960";"0,38618"
"1,75000";"2,65472";"0,38320"
"1,76000";"2,66994";"0,39319"
"1,77000";"2,68529";"0,40750"
"1,78000";"2,70040";"0,40537"
"1,79000";"2,71540";"0,40255"
"1,80000";"2,73039";"0,39384"
"1,81000";"2,74538";"0,38765"
"1,82000";"2,76026";"0,38243"
"1,83000";"2,77525";"0,38078"
"1,84000";"2,79024";"0,37980"
"1,85000";"2,80524";"0,38174"
"1,86000";"2,82023";"0,38059"
"1,87000";"2,83522";"0,38286"
"1,88000";"2,85022";"0,38155"
"1,89000";"2,86521";"0,38580"
"1,90000";"2,88008";"0,39237"
"1,91000";"2,89496";"0,39321"
"1,92000";"2,90995";"0,39637"
"1,93000";"2,92506";"0,39432"
"1,94000";"2,94006";"0,38721"
"1,95000";"2,95493";"0,38222"
"1,96000";"2,96992";"0,38391"
"1,97000";"2,98480";"0,39585"
"1,98000";"2,99956";"0,40052"
"1,99000";"3,01443";"0,39469"
"2,00000";"3,02942";"0,39045"
"2,01000";"3,04442";"0,38769"
"2,02000";"3,05941";"0,38335"
"2,03000";"3,07452";"0,38395"
"2,04000";"3,08975";"0,38429"
"2,05000";"3,10498";"0,37984"
"2,06000";"3,12009";"0,37742"
"2,07000";"3,13508";"0,37713"
"2,08000";"3,15008";"0,38351"
"2,09000";"3,16507";"0,38805"
"2,10000";"3,18018";"0,38533"
"2,11000";"3,19541";"0,38344"
"2,12000";"3,21052";"0,38245"
"2,13000";"3,22563";"0,37659"
"2,14000";"3,24051";"0,37099"
"2,15000";"3,25550";"0,37304"
"2,16000";"3,27049";"0,37558"
"2,17000";"3,28537";"0,38172"
"2,18000";"3,30036";"0,38502"
"2,19000";"3,31535";"0,38408"
"2,20000";"3,33023";"0,38539"
"2,21000";"3,34510";"0,38844"
"2,22000";"3,35998";"0,38791"
"2,23000";"3,37497";"0,39219"
"2,24000";"3,38985";"0,39571"
"2,25000";"3,40484";"0,39017"
"2,26000";"3,41972";"0,39310"
"2,27000";"3,43459";"0,39184"
"2,28000";"3,44947";"0,39523"
"2,29000";"3,46434";"0,39854"
"2,30000";"3,47933";"0,39927"
"2,31000";"3,49433";"0,39829"
"2,32000";"3,50956";"0,39068"
"2,33000";"3,52478";"0,38822"
"2,34000";"3,54013";"0,38452"
"2,35000";"3,55524";"0,38472"
"2,36000";"3,57024";"0,37954"
"2,37000";"3,58523";"0,37790"
"2,38000";"3,60010";"0,37337"
"2,39000";"3,61522";"0,36978"
"2,40000";"3,63033";"0,37277"
"2,41000";"3,64532";"0,37994"
"2,42000";"3,66043";"0,38910"
"2,43000";"3,67531";"0,39303"
"2,44000";"3,69030";"0,39775"
"2,45000";"3,70517";"0,39708"
"2,46000";"3,72005";"0,39145"
"2,47000";"3,73504";"0,39037"
"2,48000";"3,75015";"0,38525"
"2,49000";"3,76526";"0,38060"
"2,50000";"3,78026";"0,38274"
"2,51000";"3,79525";"0,38100"
"2,52000";"3,81012";"0,37736"
"2,53000";"3,82500";"0,37521"
"2,54000";"3,83976";"0,38135"
"2,55000";"3,85463";"0,39471"
"2,56000";"3,86951";"0,40636"
"2,57000";"3,88450";"0,41245"
"2,58000";"3,89949";"0,41515"
"2,59000";"3,91449";"0,41180"
"2,60000";"3,92960";"0,40021"
"2,61000";"3,94471";"0,38868"
"2,62000";"3,95994";"0,38134"
"2,63000";"3,97517";"0,37891"
"2,64000";"3,99028";"0,38166"
"2,65000";"4,00527";"0,38881"
"2,66000";"4,02038";"0,38608"
"2,67000";"4,03538";"0,38174"
"2,68000";"4,05037";"0,38172"
"2,69000";"4,06548";"0,37886"
"2,70000";"4,08047";"0,37921"
"2,71000";"4,09558";"0,37714"
"2,72000";"4,11058";"0,37217"
"2,73000";"4,12545";"0,37271"
"2,74000";"4,14033";"0,37842"
"2,75000";"4,15532";"0,38421"
"2,76000";"4,17019";"0,38939"
"2,77000";"4,18507";"0,38831"
"2,78000";"4,20006";"0,38112"
"2,79000";"4,21517";"0,38076"
"2,80000";"4,23017";"0,38486"
"2,81000";"4,24516";"0,37995"
"2,82000";"4,26003";"0,36835"
"2,83000";"4,27491";"0,36451"
"2,84000";"4,28978";"0,36492"
"2,85000";"4,30466";"0,36141"
"2,86000";"4,31965";"0,36601"
"2,87000";"4,33465";"0,37437"
"2,88000";"4,34988";"0,38398"
"2,89000";"4,36487";"0,38394"
"2,90000";"4,37986";"0,37631"
"2,91000";"4,39485";"0,37522"
"2,92000";"4,40985";"0,37768"
"2,93000";"4,42484";"0,38116"
"2,94000";"4,43995";"0,38256"
"2,95000";"4,45506";"0,38310"
"2,96000";"4,47017";"0,38204"
"2,97000";"4,48517";"0,38044"
"2,98000";"4,50028";"0,38108"
"2,99000";"4,51527";"0,38161"
"3,00000";"4,53026";"0,38241"
"3,01000";"4,54526";"0,38214"
"3,02000";"4,56025";"0,38226"
"3,03000";"4,57524";"0,37628"
"3,04000";"4,59024";"0,37544"
"3,05000";"4,60511";"0,38376"
"3,06000";"4,61999";"0,38278"
"3,07000";"4,63498";"0,37128"
"3,08000";"4,64985";"0,37360"
"3,09000";"4,66485";"0,37840"
"3,10000";"4,67996";"0,37808"
"3,11000";"4,69507";"0,37838"
"3,12000";"4,71006";"0,38922"
"3,13000";"4,72506";"0,39651"
"3,14000";"4,73993";"0,39556"
"3,15000";"4,75481";"0,39728"
"3,16000";"4,76968";"0,39163"
"3,17000";"4,78456";"0,38666"
"3,18000";"4,79967";"0,37991"
"3,19000";"4,81478";"0,37085"
"3,20000";"4,82989";"0,37143"
"3,21000";"4,84488";"0,36908"
"3,22000";"4,85987";"0,37351"
"3,23000";"4,87499";"0,37573"
"3,24000";"4,88986";"0,37871"
"3,25000";"4,90497";"0,38483"
"3,26000";"4,92008";"0,38914"
"3,27000";"4,93519";"0,38762"
"3,28000";"4,95019";"0,38537"
"3,29000";"4,96518";"0,38880"
"3,30000";"4,98029";"0,39837"
"3,31000";"4,99528";"0,40519"
"3,32000";"5,01028";"0,41397"
"3,33000";"5,02527";"0,42781"
"3,34000";"5,04015";"0,43539"
"3,35000";"5,05526";"0,44699"
"3,36000";"5,07025";"0,45844"
"3,37000";"5,08512";"0,46211"
"3,38000";"5,10012";"0,46620"
"3,39000";"5,11511";"0,47211"
"3,40000";"5,12999";"0,47003"
"3,41000";"5,14486";"0,47593"
"3,42000";"5,15985";"0,49247"
"3,43000";"5,17485";"0,50842"
"3,44000";"5,18996";"0,52292"
"3,45000";"5,20495";"0,53491"
"3,46000";"5,21983";"0,54165"
"3,47000";"5,23470";"0,55852"
"3,48000";"5,24981";"0,57761"
"3,49000";"5,26492";"0,58958"
"3,50000";"5,28003";"0,60009"
"3,51000";"5,29515";"0,60760"
"3,52000";"5,31014";"0,61832"
"3,53000";"5,32513";"0,63322"
"3,54000";"5,34013";"0,65419"
"3,55000";"5,35512";"0,67349"
"3,56000";"5,37011";"0,67885"
"3,57000";"5,38522";"0,68577"
"3,58000";"5,40022";"0,69408"
"3,59000";"5,41521";"0,69643"
"3,60000";"5,43008";"0,71130"
"3,61000";"5,44519";"0,73976"
"3,62000";"5,46007";"0,76671"
"3,63000";"5,47506";"0,79204"
"3,64000";"5,49006";"0,81993"
"3,65000";"5,50505";"0,84653"
"3,66000";"5,52004";"0,88242"
"3,67000";"5,53504";"0,91992"
"3,68000";"5,55015";"0,95855"
"3,69000";"5,56514";"1,00549"
"3,70000";"5,58001";"1,05577"
"3,71000";"5,59489";"1,10661"
"3,72000";"5,60988";"1,15504"
"3,73000";"5,62488";"1,19980"
"3,74000";"5,63987";"1,23849"
"3,75000";"5,65474";"1,28468"
"3,76000";"5,66974";"1,33837"
"3,77000";"5,68497";"1,39557"
"3,78000";"5,70008";"1,45338"
"3,79000";"5,71519";"1,50713"
"3,80000";"5,73018";"1,56115"
"3,81000";"5,74529";"1,61353"
"3,82000";"5,76028";"1,67050"
"3,83000";"5,77540";"1,73126"
"3,84000";"5,79027";"1,79535"
"3,85000";"5,80526";"1,86504"
"3,86000";"5,82014";"1,93732"
"3,87000";"5,83501";"2,01318"
"3,88000";"5,85001";"2,08943"
"3,89000";"5,86512";"2,16191"
"3,90000";"5,88011";"2,23263"
"3,91000";"5,89510";"2,30196"
"3,92000";"5,90998";"2,37703"
"3,93000";"5,92497";"2,45528"
"3,94000";"5,93997";"2,53757"
"3,95000";"5,95496";"2,61850"
"3,96000";"5,96995";"2,70330"
"3,97000";"5,98494";"2,79129"
"3,98000";"6,00006";"2,87912"
"3,99000";"6,01505";"2,95323"
"4,00000";"6,03004";"3,03260"
"4,01000";"6,04503";"3,11745"
"4,02000";"6,05991";"3,20074"
"4,03000";"6,07490";"3,28653"
"4,04000";"6,08990";"3,36745"
"4,05000";"6,10489";"3,45974"
"4,06000";"6,12000";"3,55384"
"4,07000";"6,13499";"3,64812"
"4,08000";"6,14999";"3,74028"
"4,09000";"6,16486";"3,82143"
"4,10000";"6,17985";"3,90528"
"4,11000";"6,19485";"3,99420"
"4,12000";"6,20996";"4,08493"
"4,13000";"6,22507";"4,17742"
"4,14000";"6,24018";"4,26410"
"4,15000";"6,25517";"4,34504"
"4,16000";"6,27017";"4,42605"
"4,17000";"6,28516";"4,51481"
"4,18000";"6,30003";"4,60217"
"4,19000";"6,31503";"4,68206"
"4,20000";"6,33002";"4,75826"
"4,21000";"6,34501";"4,84298"
"4,22000";"6,36001";"4,92747"
"4,23000";"6,37500";"5,01390"
"4,24000";"6,38999";"5,10183"
"4,25000";"6,40510";"5,19201"
"4,26000";"6,41998";"5,28044"
"4,27000";"6,43497";"5,36586"
"4,28000";"6,44997";"5,45082"
"4,29000";"6,46496";"5,54125"
"4,30000";"6,47983";"5,62052"
"4,31000";"6,49483";"5,70007"
"4,32000";"6,50970";"5,78131"
"4,33000";"6,52469";"5,86726"
"4,34000";"6,53969";"5,95543"
"4,35000";"6,55468";"6,04418"
"4,36000";"6,56979";"6,12708"
"4,37000";"6,58490";"6,20606"
"4,38000";"6,59990";"6,28694"
"4,39000";"6,61501";"6,36872"
"4,40000";"6,63000";"6,45762"
"4,41000";"6,64499";"6,54766"
"4,42000";"6,65987";"6,63749"
"4,43000";"6,67486";"6,71907"
"4,44000";"6,68997";"6,79501"
"4,45000";"6,70496";"6,87563"
"4,46000";"6,72008";"6,95988"
"4,47000";"6,73495";"7,04538"
"4,48000";"6,75006";"7,12873"
"4,49000";"6,76506";"7,20857"
"4,50000";"6,77993";"7,29913"
"4,51000";"6,79492";"7,38776"
"4,52000";"6,80992";"7,47820"
"4,53000";"6,82491";"7,56759"
"4,54000";"6,84002";"7,65442"
"4,55000";"6,85501";"7,73153"
"4,56000";"6,87001";"7,81073"
"4,57000";"6,88488";"7,89302"
"4,58000";"6,89988";"7,98145"
"4,59000";"6,91487";"8,07654"
"4,60000";"6,92986";"8,17031"
"4,61000";"6,94497";"8,26739"
"4,62000";"6,95996";"8,35799"
"4,63000";"6,97496";"8,44079"
"4,64000";"6,99007";"8,52539"
"4,65000";"7,00494";"8,60796"
"4,66000";"7,01994";"8,69676"
"4,67000";"7,03481";"8,78787"
"4,68000";"7,04981";"8,87344"
"4,69000";"7,06492";"8,96304"
"4,70000";"7,07991";"9,04551"
"4,71000";"7,09490";"9,13671"
"4,72000";"7,11001";"9,23338"
"4,73000";"7,12489";"9,33175"
"4,74000";"7,13988";"9,42452"
"4,75000";"7,15487";"9,51761"
"4,76000";"7,16999";"9,60489"
"4,77000";"7,18498";"9,69793"
"4,78000";"7,19997";"9,78800"
"4,79000";"7,21497";"9,88300"
"4,80000";"7,22996";"9,97771"
"4,81000";"7,24495";"10,07331"
"4,82000";"7,25994";"10,17199"
"4,83000";"7,27494";"10,27117"
"4,84000";"7,29005";"10,36954"
"4,85000";"7,30504";"10,46099"
"4,86000";"7,32003";"10,54506"
"4,87000";"7,33503";"10,63344"
"4,88000";"7,35014";"10,72580"
"4,89000";"7,36501";"10,81989"
"4,90000";"7,38001";"10,91394"
"4,91000";"7,39512";"11,01011"
"4,92000";"7,41011";"11,11392"
"4,93000";"7,42510";"11,21285"
"4,94000";"7,44010";"11,30491"
"4,95000";"7,45497";"11,39720"
"4,96000";"7,46996";"11,49715"
"4,97000";"7,48484";"11,59859"
"4,98000";"7,49972";"11,69207"
"4,99000";"7,51483";"11,79270"
"5,00000";"7,52994";"11,89630"
"5,01000";"7,54505";"12,00378"
"5,02000";"7,56004";"12,10567"
"5,03000";"7,57503";"12,20357"
"5,04000";"7,59003";"12,29870"
"5,05000";"7,60490";"12,39025"
"5,06000";"7,61990";"12,48965"
"5,07000";"7,63489";"12,59478"
"5,08000";"7,65000";"12,69663"
"5,09000";"7,66499";"12,80032"
"5,10000";"7,67999";"12,90577"
"5,11000";"7,69486";"13,00523"
"5,12000";"7,70985";"13,11154"
"5,13000";"7,72473";"13,21724"
"5,14000";"7,73984";"13,32249"
"5,15000";"7,75483";"13,42361"
"5,16000";"7,76983";"13,52339"
"5,17000";"7,78482";"13,62130"
"5,18000";"7,79981";"13,72004"
"5,19000";"7,81469";"13,82901"
"5,20000";"7,82968";"13,93480"
"5,21000";"7,84479";"14,03795"
"5,22000";"7,85990";"14,13701"
"5,23000";"7,87490";"14,23776"
"5,24000";"7,89001";"14,34254"
"5,25000";"7,90500";"14,45327"
"5,26000";"7,91999";"14,57714"
"5,27000";"7,93510";"14,69715"
"5,28000";"7,94998";"14,81225"
"5,29000";"7,96497";"14,92097"
"5,30000";"7,97996";"15,02246"
"5,31000";"7,99496";"15,11915"
"5,32000";"8,00995";"15,22375"
"5,33000";"8,02495";"15,33707"
"5,34000";"8,04006";"15,44366"
"5,35000";"8,05505";"15,54904"
"5,36000";"8,07004";"15,65313"
"5,37000";"8,08492";"15,76307"
"5,38000";"8,09991";"15,87864"
"5,39000";"8,11490";"16,00430"
"5,40000";"8,12990";"16,11416"
"5,41000";"8,14489";"16,21768"
"5,42000";"8,16000";"16,33007"
"5,43000";"8,17499";"16,44389"
"5,44000";"8,18999";"16,56352"
"5,45000";"8,20498";"16,68335"
"5,46000";"8,21997";"16,80283"
"5,47000";"8,23508";"16,92229"
"5,48000";"8,25008";"17,03991"
"5,49000";"8,26519";"17,15399"
"5,50000";"8,28018";"17,26085"
"5,51000";"8,29517";"17,36656"
"5,52000";"8,31017";"17,47349"
"5,53000";"8,32516";"17,58152"
"5,54000";"8,34015";"17,69421"
"5,55000";"8,35526";"17,81364"
"5,56000";"8,37014";"17,93306"
"5,57000";"8,38513";"18,04360"
"5,58000";"8,40001";"18,16546"
"5,59000";"8,41488";"18,28626"
"5,60000";"8,42988";"18,40007"
"5,61000";"8,44487";"18,51249"
"5,62000";"8,45986";"18,62442"
"5,63000";"8,47497";"18,73617"
"5,64000";"8,49008";"18,85510"
"5,65000";"8,50519";"18,97993"
"5,66000";"8,52019";"19,10268"
"5,67000";"8,53506";"19,22959"
"5,68000";"8,54994";"19,35525"
"5,69000";"8,56493";"19,47441"
"5,70000";"8,58004";"19,59421"
"5,71000";"8,59504";"19,71649"
"5,72000";"8,61015";"19,84607"
"5,73000";"8,62526";"19,96881"
"5,74000";"8,64025";"20,09007"
"5,75000";"8,65513";"20,20671"
"5,76000";"8,66988";"20,32506"
"5,77000";"8,68499";"20,45195"
"5,78000";"8,70010";"20,58418"
"5,79000";"8,71498";"20,71284"
"5,80000";"8,73009";"20,83408"
"5,81000";"8,74508";"20,95081"
"5,82000";"8,76008";"21,06971"
"5,83000";"8,77507";"21,19708"
"5,84000";"8,78994";"21,32775"
"5,85000";"8,80494";"21,45767"
"5,86000";"8,81993";"21,58130"
"5,87000";"8,83492";"21,70672"
"5,88000";"8,84992";"21,82829"
"5,89000";"8,86491";"21,96353"
"5,90000";"8,87990";"22,09610"
"5,91000";"8,89490";"22,22704"
"5,92000";"8,90977";"22,36044"
"5,93000";"8,92476";"22,49191"
"5,94000";"8,93976";"22,61924"
"5,95000";"8,95475";"22,75518"
"5,96000";"8,96974";"22,88578"
"5,97000";"8,98474";"23,01637"
"5,98000";"8,99985";"23,14424"
"5,99000";"9,01484";"23,27493"
"6,00000";"9,02983";"23,40257"
"6,01000";"9,04483";"23,53364"
"6,02000";"9,06006";"23,67425"
"6,03000";"9,07505";"23,81675"
"6,04000";"9,09004";"23,96496"
"6,05000";"9,10515";"24,10240"
"6,06000";"9,12015";"24,23981"
"6,07000";"9,13514";"24,37685"
"6,08000";"9,15001";"24,51410"
"6,09000";"9,16501";"24,64570"
"6,10000";"9,18012";"24,77864"
"6,11000";"9,19511";"24,91630"
"6,12000";"9,21010";"25,06211"
"6,13000";"9,22522";"25,20046"
"6,14000";"9,24021";"25,34415"
"6,15000";"9,25508";"25,49241"
"6,16000";"9,27008";"25,64425"
"6,17000";"9,28507";"25,78920"
"6,18000";"9,30006";"25,92685"
"6,19000";"9,31517";"26,06977"
"6,20000";"9,33017";"26,21384"
"6,21000";"9,34516";"26,36148"
"6,22000";"9,36015";"26,51434"
"6,23000";"9,37515";"26,66582"
"6,24000";"9,39014";"26,80716"
"6,25000";"9,40513";"26,94740"
"6,26000";"9,42013";"27,09579"
"6,27000";"9,43512";"27,24291"
"6,28000";"9,45023";"27,39943"
"6,29000";"9,46522";"27,55783"
"6,30000";"9,48010";"27,71783"
"6,31000";"9,49509";"27,87210"
"6,32000";"9,51008";"28,02183"
"6,33000";"9,52508";"28,17503"
"6,34000";"9,54007";"28,32556"
"6,35000";"9,55506";"28,47274"
"6,36000";"9,57017";"28,62341"
"6,37000";"9,58517";"28,78618"
"6,38000";"9,60004";"28,95086"
"6,39000";"9,61492";"29,11450"
"6,40000";"9,63003";"29,27346"
"6,41000";"9,64502";"29,43466"
"6,42000";"9,65990";"29,59520"
"6,43000";"9,67489";"29,74441"
"6,44000";"9,68988";"29,89221"
"6,45000";"9,70487";"30,05179"
"6,46000";"9,71987";"30,22344"
"6,47000";"9,73474";"30,39662"
"6,48000";"9,74985";"30,56457"
"6,49000";"9,76497";"30,72803"
"6,50000";"9,77996";"30,89418"
"6,51000";"9,79495";"31,06309"
"6,52000";"9,81006";"31,23287"
"6,53000";"9,82494";"31,40623"
"6,54000";"9,83993";"31,57902"
"6,55000";"9,85481";"31,75010"
"6,56000";"9,86992";"31,92775"
"6,57000";"9,88503";"32,10626"
"6,58000";"9,90002";"32,28174"
"6,59000";"9,91501";"32,45807"
"6,60000";"9,93013";"32,62991"
"6,61000";"9,94512";"32,80196"
"6,62000";"9,95999";"32,97173"
"6,63000";"9,97487";"33,14674"
"6,64000";"9,98998";"33,33325"
"6,65000";"10,00509";"33,52213"
"6,66000";"10,02008";"33,71733"
"6,67000";"10,03508";"33,90519"
"6,68000";"10,05007";"34,08619"
"6,69000";"10,06506";"34,26822"
"6,70000";"10,08006";"34,45254"
"6,71000";"10,09493";"34,64246"
"6,72000";"10,10992";"34,82967"
"6,73000";"10,12504";"35,01143"
"6,74000";"10,14003";"35,19708"
"6,75000";"10,15502";"35,38713"
"6,76000";"10,17001";"35,57246"
"6,77000";"10,18513";"35,76308"
"6,78000";"10,20012";"35,95950"
"6,79000";"10,21511";"36,15382"
"6,80000";"10,23034";"36,34879"
"6,81000";"10,24533";"36,54351"
"6,82000";"10,26044";"36,74984"
"6,83000";"10,27532";"36,95955"
"6,84000";"10,29019";"37,16824"
"6,85000";"10,30519";"37,36885"
"6,86000";"10,32018";"37,57264"
"6,87000";"10,33517";"37,77003"
"6,88000";"10,35017";"37,97131"
"6,89000";"10,36516";"38,16904"
"6,90000";"10,38015";"38,36960"
"6,91000";"10,39526";"38,57637"
"6,92000";"10,41014";"38,78279"
"6,93000";"10,42513";"38,98446"
"6,94000";"10,44001";"39,19075"
"6,95000";"10,45500";"39,39947"
"6,96000";"10,47011";"39,61004"
"6,97000";"10,48510";"39,82377"
"6,98000";"10,50010";"40,04527"
"6,99000";"10,51521";"40,27608"
"7,00000";"10,53020";"40,50592"
"7,01000";"10,54508";"40,72606"
"7,02000";"10,55995";"40,94139"
"7,03000";"10,57494";"41,15268"
"7,04000";"10,58994";"41,37373"
"7,05000";"10,60493";"41,59969"
"7,06000";"10,61981";"41,82549"
"7,07000";"10,63480";"42,05033"
"7,08000";"10,64979";"42,27705"
"7,09000";"10,66479";"42,50898"
"7,10000";"10,67978";"42,74246"
"7,11000";"10,69477";"42,97569"
"7,12000";"10,70976";"43,21267"
"7,13000";"10,72488";"43,44767"
"7,14000";"10,73987";"43,68389"
"7,15000";"10,75486";"43,91642"
"7,16000";"10,76997";"44,15095"
"7,17000";"10,78497";"44,39461"
"7,18000";"10,79984";"44,64288"
"7,19000";"10,81495";"44,88877"
"7,20000";"10,82995";"45,13260"
"7,21000";"10,84494";"45,37776"
"7,22000";"10,85993";"45,61999"
"7,23000";"10,87492";"45,86427"
"7,24000";"10,88992";"46,11211"
"7,25000";"10,90479";"46,35872"
"7,26000";"10,91979";"46,60980"
"7,27000";"10,93478";"46,86474"
"7,28000";"10,94989";"47,12717"
"7,29000";"10,96500";"47,39054"
"7,30000";"10,98011";"47,65916"
"7,31000";"10,99510";"47,92895"
"7,32000";"11,01010";"48,19434"
"7,33000";"11,02497";"48,44914"
"7,34000";"11,03996";"48,70693"
"7,35000";"11,05496";"48,96564"
"7,36000";"11,07007";"49,22375"
"7,37000";"11,08506";"49,48587"
"7,38000";"11,09994";"49,74813"
"7,39000";"11,11493";"50,01623"
"7,40000";"11,13004";"50,29248"
"7,41000";"11,14492";"50,56670"
"7,42000";"11,16003";"50,83889"
"7,43000";"11,17514";"51,11766"
"7,44000";"11,19013";"51,39614"
"7,45000";"11,20513";"51,67704"
"7,46000";"11,22012";"51,96373"
"7,47000";"11,23511";"52,24846"
"7,48000";"11,24999";"52,53521"
"7,49000";"11,26498";"52,82297"
"7,50000";"11,27997";"53,10879"
"7,51000";"11,29508";"53,39840"
"7,52000";"11,31019";"53,68362"
"7,53000";"11,32507";"53,97231"
"7,54000";"11,33994";"54,25812"
"7,55000";"11,35494";"54,54634"
"7,56000";"11,36993";"54,83833"
"7,57000";"11,38492";"55,13090"
"7,58000";"11,39992";"55,42456"
"7,59000";"11,41503";"55,72231"
"7,60000";"11,43014";"56,02427"
"7,61000";"11,44513";"56,34068"
"7,62000";"11,46012";"56,65945"
"7,63000";"11,47512";"56,97020"
"7,64000";"11,49011";"57,27631"
"7,65000";"11,50499";"57,57618"
"7,66000";"11,52010";"57,87213"
"7,67000";"11,53509";"58,17646"
"7,68000";"11,55008";"58,48355"
"7,69000";"11,56508";"58,80234"
"7,70000";"11,58019";"59,12310"
"7,71000";"11,59518";"59,43849"
"7,72000";"11,61005";"59,75983"
"7,73000";"11,62505";"60,07698"
"7,74000";"11,64004";"60,38889"
"7,75000";"11,65515";"60,70407"
"7,76000";"11,67015";"61,02827"
"7,77000";"11,68514";"61,36028"
"7,78000";"11,70001";"61,69487"
"7,79000";"11,71501";"62,02258"
"7,80000";"11,73000";"62,34606"
"7,81000";"11,74499";"62,67659"
"7,82000";"11,76010";"63,00836"
"7,83000";"11,77522";"63,34282"
"7,84000";"11,79009";"63,68143"
"7,85000";"11,80508";"64,02193"
"7,86000";"11,82008";"64,36456"
"7,87000";"11,83495";"64,70097"
"7,88000";"11,84983";"65,03522"
"7,89000";"11,86482";"65,36317"
"7,90000";"11,87981";"65,69030"
"7,91000";"11,89492";"66,02063"
"7,92000";"11,91003";"66,36083"
"7,93000";"11,92491";"66,72027"
"7,94000";"11,94002";"67,07867"
"7,95000";"11,95501";"67,43116"
"7,96000";"11,96989";"67,77396"
"7,97000";"11,98488";"68,11345"
"7,98000";"11,99988";"68,46204"
"7,99000";"12,01499";"68,82206"
"8,00000";"12,02998";"69,17912"
"8,01000";"12,04497";"69,54216"
"8,02000";"12,05997";"69,89868"
"8,03000";"12,07508";"70,25639"
"8,04000";"12,08995";"70,60372"
"8,05000";"12,10494";"70,95026"
"8,06000";"12,11994";"71,29622"
"8,07000";"12,13493";"71,64307"
"8,08000";"12,14992";"71,99718"
"8,09000";"12,16480";"72,35513"
"8,10000";"12,17967";"72,70850"
"8,11000";"12,19467";"73,05318"
"8,12000";"12,20966";"73,39626"
"8,13000";"12,22477";"73,74996"
"8,14000";"12,23976";"74,11429"
"8,15000";"12,25487";"74,48550"
"8,16000";"12,26999";"74,86868"
"8,17000";"12,28498";"75,25167"
"8,18000";"12,29985";"75,62145"
"8,19000";"12,31473";"75,98029"
"8,20000";"12,32972";"76,32387"
"8,21000";"12,34471";"76,66801"
"8,22000";"12,35983";"77,01727"
"8,23000";"12,37494";"77,37299"
"8,24000";"12,38993";"77,73496"
"8,25000";"12,40504";"78,10390"
"8,26000";"12,41992";"78,47363"
"8,27000";"12,43503";"78,84527"
"8,28000";"12,44990";"79,20464"
"8,29000";"12,46501";"79,55175"
"8,30000";"12,48001";"79,89182"
"8,31000";"12,49500";"80,23450"
"8,32000";"12,50988";"80,57711"
"8,33000";"12,52499";"80,91865"
"8,34000";"12,53998";"81,26337"
"8,35000";"12,55485";"81,61077"
"8,36000";"12,56985";"81,95452"
"8,37000";"12,58484";"82,28033"
"8,38000";"12,59983";"82,61121"
"8,39000";"12,61483";"82,94638"
"8,40000";"12,62982";"83,27525"
"8,41000";"12,64481";"83,59433"
"8,42000";"12,65981";"83,90934"
"8,43000";"12,67492";"84,22565"
"8,44000";"12,68991";"84,55051"
"8,45000";"12,70502";"84,86456"
"8,46000";"12,72013";"85,17277"
"8,47000";"12,73512";"85,47528"
"8,48000";"12,75024";"85,78005"
"8,49000";"12,76523";"86,06830"
"8,50000";"12,78010";"86,33736"
"8,51000";"12,79498";"86,57785"
"8,52000";"12,80997";"86,79411"
"8,53000";"12,82508";"86,99949"
"8,54000";"12,84008";"87,21455"
"8,55000";"12,85507";"87,42307"
"8,56000";"12,87006";"87,61354"
"8,57000";"12,88517";"87,79998"
"8,58000";"12,90017";"87,98221"
"8,59000";"12,91492";"88,14620"
"8,60000";"12,92980";"88,29050"
"8,61000";"12,94491";"88,42300"
"8,62000";"12,95990";"88,54824"
"8,63000";"12,97490";"88,67454"
"8,64000";"12,98989";"88,79935"
"8,65000";"13,00500";"88,90979"
"8,66000";"13,01999";"89,00906"
"8,67000";"13,03499";"89,08787"
"8,68000";"13,04998";"89,14403"
"8,69000";"13,06497";"89,16837"
"8,70000";"13,08008";"89,17918"
"8,71000";"13,09508";"89,17683"
"8,72000";"13,11007";"89,15833"
"8,73000";"13,12506";"89,12906"
"8,74000";"13,14005";"89,09020"
"8,75000";"13,15493";"89,03782"
"8,76000";"13,16981";"88,96881"
"8,77000";"13,18480";"88,88274"
"8,78000";"13,19991";"88,79717"
"8,79000";"13,21490";"88,70935"
"8,80000";"13,22990";"88,61075"
"8,81000";"13,24489";"88,49211"
"8,82000";"13,25976";"88,36783"
"8,83000";"13,27476";"88,22479"
"8,84000";"13,28975";"88,05457"
"8,85000";"13,30474";"87,86568"
"8,86000";"13,31985";"87,64915"
"8,87000";"13,33485";"87,41262"
"8,88000";"13,34996";"87,15118"
"8,89000";"13,36495";"86,87704"
"8,90000";"13,37994";"86,59924"
"8,91000";"13,39482";"86,33360"
"8,92000";"13,40993";"86,07270"
"8,93000";"13,42504";"85,82194"
"8,94000";"13,44003";"85,58501"
"8,95000";"13,45503";"85,34938"
"8,96000";"13,47002";"85,09875"
"8,97000";"13,48513";"84,84583"
"8,98000";"13,50012";"84,59589"
"8,99000";"13,51512";"84,36101"
"9,00000";"13,53011";"84,15070"
"9,01000";"13,54499";"83,94710"
"9,02000";"13,56010";"83,74565"
"9,03000";"13,57509";"83,55891"
"9,04000";"13,59008";"83,39291"
"9,05000";"13,60508";"83,24341"
"9,06000";"13,61995";"83,10542"
"9,07000";"13,63494";"82,96152"
"9,08000";"13,64994";"82,81041"
"9,09000";"13,66493";"82,65182"
"9,10000";"13,67992";"82,49611"
"9,11000";"13,69492";"82,34071"
"9,12000";"13,71003";"82,18148"
"9,13000";"13,72502";"82,00855"
"9,14000";"13,74001";"81,83310"
"9,15000";"13,75501";"81,64592"
"9,16000";"13,77000";"81,45261"
"9,17000";"13,78499";"81,25684"
"9,18000";"13,80010";"81,05270"
"9,19000";"13,81510";"80,84877"
"9,20000";"13,83021";"80,63833"
"9,21000";"13,84520";"80,42625"
"9,22000";"13,86020";"80,22840"
"9,23000";"13,87531";"80,04276"
"9,24000";"13,89018";"79,86491"
"9,25000";"13,90517";"79,67946"
"9,26000";"13,92017";"79,48534"
"9,27000";"13,93516";"79,28127"
"9,28000";"13,95015";"79,09038"
"9,29000";"13,96515";"78,90714"
"9,30000";"13,98002";"78,73323"
"9,31000";"13,99501";"78,56934"
"9,32000";"14,01012";"78,39822"
"9,33000";"14,02512";"78,20341"
"9,34000";"14,04011";"77,99346"
"9,35000";"14,05510";"77,76473"
"9,36000";"14,07010";"77,52790"
"9,37000";"14,08497";"77,28812"
"9,38000";"14,09985";"77,02953"
"9,39000";"14,11484";"76,74309"
"9,40000";"14,12983";"76,43485"
"9,41000";"14,14483";"76,10200"
"9,42000";"14,15994";"75,73443"
"9,43000";"14,17493";"75,35355"
"9,44000";"14,19004";"74,97806"
"9,45000";"14,20492";"74,59686"
"9,46000";"14,21991";"74,21761"
"9,47000";"14,23490";"73,82671"
"9,48000";"14,25001";"73,41747"
"9,49000";"14,26512";"72,95461"
"9,50000";"14,28012";"72,37238"
"9,51000";"14,29523";"71,67359"
"9,52000";"14,31022";"70,94751"
"9,53000";"14,32521";"70,27295"
"9,54000";"14,34009";"69,70514"
"9,55000";"14,35508";"69,27171"
"9,56000";"14,37008";"68,97120"
"9,57000";"14,38507";"68,75837"
"9,58000";"14,40006";"68,59622"
"9,59000";"14,41506";"68,46831"
"9,60000";"14,43017";"68,36631"
"9,61000";"14,44504";"68,29404"
"9,62000";"14,46003";"68,23705"
"9,63000";"14,47503";"68,19305"
"9,64000";"14,49014";"68,17670"
"9,65000";"14,50513";"68,18149"
"9,66000";"14,52013";"68,20898"
"9,67000";"14,53512";"68,24496"
"9,68000";"14,55011";"68,30517"
"9,69000";"14,56510";"68,39735"
"9,70000";"14,58010";"68,51073"
"9,71000";"14,59509";"68,63271"
"9,72000";"14,61020";"68,77211"
"9,73000";"14,62519";"68,92916"
"9,74000";"14,64031";"69,10694"
"9,75000";"14,65530";"69,30064"
"9,76000";"14,67029";"69,49837"
"9,77000";"14,68517";"69,70474"
"9,78000";"14,69992";"69,90362"
"9,79000";"14,71503";"70,09943"
"9,80000";"14,73015";"70,31610"
"9,81000";"14,74514";"70,55016"
"9,82000";"14,76025";"70,78332"
"9,83000";"14,77524";"71,00375"
"9,84000";"14,79012";"71,20345"
"9,85000";"14,80511";"71,38519"
"9,86000";"14,82010";"71,57063"
"9,87000";"14,83510";"71,76717"
"9,88000";"14,84997";"71,97799"
"9,89000";"14,86497";"72,19790"
"9,90000";"14,87996";"72,42686"
"9,91000";"14,89483";"72,66010"
"9,92000";"14,90994";"72,88870"
"9,93000";"14,92494";"73,13417"
"9,94000";"14,93993";"73,37698"
"9,95000";"14,95504";"73,60050"
"9,96000";"14,97003";"73,79578"
"9,97000";"14,98503";"73,97112"
"9,98000";"15,00014";"74,14360"
"9,99000";"15,01513";"74,32578"
"10,00000";"15,03013";"74,53104"
"10,01000";"15,04512";"74,75549"
"10,02000";"15,06011";"74,98037"
"10,03000";"15,07510";"75,21753"
"10,04000";"15,09021";"75,47336"
"10,05000";"15,10521";"75,75267"
"10,06000";"15,12020";"76,05681"
"10,07000";"15,13519";"76,35645"
"10,08000";"15,14995";"76,64336"
"10,09000";"15,16483";"76,92852"
"10,10000";"15,17982";"77,22385"
"10,11000";"15,19481";"77,53729"
"10,12000";"15,20992";"77,86495"
"10,13000";"15,22492";"78,18945"
"10,14000";"15,23991";"78,49667"
"10,15000";"15,25479";"78,78288"
"10,16000";"15,26966";"79,05877"
"10,17000";"15,28465";"79,31405"
"10,18000";"15,29976";"79,57256"
"10,19000";"15,31476";"79,85179"
"10,20000";"15,32987";"80,15321"
"10,21000";"15,34486";"80,44716"
"10,22000";"15,35985";"80,73593"
"10,23000";"15,37496";"81,01863"
"10,24000";"15,38996";"81,31045"
"10,25000";"15,40495";"81,60172"
"10,26000";"15,41994";"81,89574"
"10,27000";"15,43506";"82,20207"
"10,28000";"15,45017";"82,53244"
"10,29000";"15,46516";"82,86513"
"10,30000";"15,48015";"83,18233"
"10,31000";"15,49503";"83,47633"
"10,32000";"15,51002";"83,74593"
"10,33000";"15,52490";"84,00002"
"10,34000";"15,54001";"84,25642"
"10,35000";"15,55500";"84,54320"
"10,36000";"15,57011";"84,85857"
"10,37000";"15,58522";"85,19455"
"10,38000";"15,60022";"85,54147"
"10,39000";"15,61509";"85,89341"
"10,40000";"15,63008";"86,25520"
"10,41000";"15,64508";"86,62565"
"10,42000";"15,65995";"87,00204"
"10,43000";"15,67506";"87,39497"
"10,44000";"15,69006";"87,78559"
"10,45000";"15,70505";"88,15883"
"10,46000";"15,72004";"88,51587"
"10,47000";"15,73492";"88,87154"
"10,48000";"15,74979";"89,22227"
"10,49000";"15,76479";"89,57065"
"10,50000";"15,77978";"89,91309"
"10,51000";"15,79477";"90,25320"
"10,52000";"15,80988";"90,60429"
"10,53000";"15,82487";"90,96365"
"10,54000";"15,83987";"91,31603"
"10,55000";"15,85498";"91,65468"
"10,56000";"15,87009";"91,98957"
"10,57000";"15,88520";"92,31605"
"10,58000";"15,90031";"92,63192"
"10,59000";"15,91531";"92,90975"
"10,60000";"15,93030";"93,17389"
"10,61000";"15,94517";"93,42028"
"10,62000";"15,96005";"93,64639"
"10,63000";"15,97504";"93,86803"
"10,64000";"15,99004";"94,14028"
"10,65000";"16,00503";"94,45687"
"10,66000";"16,02002";"94,80655"
"10,67000";"16,03501";"95,16487"
"10,68000";"16,05001";"95,52635"
"10,69000";"16,06500";"95,89114"
"10,70000";"16,07999";"96,26707"
"10,71000";"16,09487";"96,63755"
"10,72000";"16,10986";"96,99523"
"10,73000";"16,12485";"97,35773"
"10,74000";"16,13985";"97,74283"
"10,75000";"16,15484";"98,11591"
"10,76000";"16,16983";"98,47694"
"10,77000";"16,18483";"98,82011"
"10,78000";"16,19982";"99,16560"
"10,79000";"16,21481";"99,49476"
"10,80000";"16,22981";"99,81654"
"10,81000";"16,24492";"100,13999"
"10,82000";"16,25991";"100,49276"
"10,83000";"16,27490";"100,85468"
"10,84000";"16,29001";"101,22488"
"10,85000";"16,30513";"101,61916"
"10,86000";"16,32024";"102,03221"
"10,87000";"16,33523";"102,46132"
"10,88000";"16,35034";"102,87635"
"10,89000";"16,36533";"103,28285"
"10,90000";"16,38021";"103,68057"
"10,91000";"16,39520";"104,08600"
"10,92000";"16,41007";"104,51073"
"10,93000";"16,42507";"104,96073"
"10,94000";"16,44006";"105,43740"
"10,95000";"16,45494";"105,93320"
"10,96000";"16,46981";"106,41997"
"10,97000";"16,48492";"106,92251"
"10,98000";"16,50004";"107,46619"
"10,99000";"16,51503";"108,02730"
"11,00000";"16,53014";"108,59086"
"11,01000";"16,54502";"109,13562"
"11,02000";"16,55989";"109,64774"
"11,03000";"16,57476";"110,14187"
"11,04000";"16,58976";"110,62877"
"11,05000";"16,60475";"111,11491"
"11,06000";"16,61974";"111,63074"
"11,07000";"16,63486";"112,19202"
"11,08000";"16,64997";"112,78871"
"11,09000";"16,66508";"113,42085"
"11,10000";"16,68007";"114,09173"
"11,11000";"16,69506";"114,76838"
"11,12000";"16,71005";"115,42750"
"11,13000";"16,72517";"116,08385"
"11,14000";"16,74016";"116,76978"
"11,15000";"16,75515";"117,47087"
"11,16000";"16,77015";"118,18571"
"11,17000";"16,78502";"118,91963"
"11,18000";"16,80001";"119,68499"
"11,19000";"16,81501";"120,47366"
"11,20000";"16,83000";"121,26488"
"11,21000";"16,84499";"122,06513"
"11,22000";"16,85999";"122,88455"
"11,23000";"16,87498";"123,71317"
"11,24000";"16,88997";"124,55426"
"11,25000";"16,90496";"125,43787"
"11,26000";"16,91996";"126,37842"
"11,27000";"16,93495";"127,34671"
"11,28000";"16,94994";"128,31639"
"11,29000";"16,96506";"129,29070"
"11,30000";"16,98005";"130,31406"
"11,31000";"16,99504";"131,37135"
"11,32000";"17,01003";"132,43408"
"11,33000";"17,02503";"133,50378"
"11,34000";"17,03990";"134,57797"
"11,35000";"17,05466";"135,63101"
"11,36000";"17,06965";"136,66673"
"11,37000";"17,08465";"137,75267"
"11,38000";"17,09952";"138,86279"
"11,39000";"17,11463";"139,99033"
"11,40000";"17,12963";"141,13791"
"11,41000";"17,14474";"142,30455"
"11,42000";"17,15985";"143,50417"
"11,43000";"17,17496";"144,71997"
"11,44000";"17,19007";"145,90236"
"11,45000";"17,20518";"147,02805"
"11,46000";"17,22017";"148,08897"
"11,47000";"17,23505";"149,12895"
"11,48000";"17,25004";"150,19331"
"11,49000";"17,26504";"151,31639"
"11,50000";"17,27991";"152,51701"
"11,51000";"17,29490";"153,75346"
"11,52000";"17,30990";"155,00706"
"11,53000";"17,32489";"156,28004"
"11,54000";"17,33988";"157,53528"
"11,55000";"17,35488";"158,78094"
"11,56000";"17,36987";"160,01753"
"11,57000";"17,38486";"161,24992"
"11,58000";"17,39985";"162,49219"
"11,59000";"17,41485";"163,74954"
"11,60000";"17,42984";"165,03687"
"11,61000";"17,44483";"166,37889"
"11,62000";"17,45983";"167,77722"
"11,63000";"17,47470";"169,21178"
"11,64000";"17,48958";"170,65022"
"11,65000";"17,50457";"172,09891"
"11,66000";"17,51956";"173,60223"
"11,67000";"17,53455";"175,18297"
"11,68000";"17,54943";"176,83910"
"11,69000";"17,56454";"178,53133"
"11,70000";"17,57965";"180,27303"
"11,71000";"17,59488";"182,07198"
"11,72000";"17,60999";"183,88580"
"11,73000";"17,62522";"185,61980"
"11,74000";"17,64022";"187,26517"
"11,75000";"17,65521";"188,81197"
"11,76000";"17,67008";"190,31348"
"11,77000";"17,68507";"191,76503"
"11,78000";"17,70007";"193,17050"
"11,79000";"17,71506";"194,59204"
"11,80000";"17,73005";"196,11154"
"11,81000";"17,74505";"197,76854"
"11,82000";"17,76004";"199,57112"
"11,83000";"17,77503";"201,49341"
"11,84000";"17,79015";"203,55754"
"11,85000";"17,80514";"205,71507"
"11,86000";"17,82013";"207,85381"
"11,87000";"17,83512";"209,91023"
"11,88000";"17,85000";"211,90953"
"11,89000";"17,86488";"213,89870"
"11,90000";"17,87975";"215,93585"
"11,91000";"17,89474";"218,03300"
"11,92000";"17,90974";"220,19853"
"11,93000";"17,92473";"222,43646"
"11,94000";"17,93972";"224,73763"
"11,95000";"17,95472";"227,03645"
"11,96000";"17,96983";"229,33073"
"11,97000";"17,98470";"231,69931"
"11,98000";"17,99969";"234,10339"
"11,99000";"18,01480";"236,54338"
"12,00000";"18,02992";"239,10596"
"12,01000";"18,04503";"241,81853"
"12,02000";"18,06014";"244,58656"
"12,03000";"18,07525";"247,36357"
"12,04000";"18,09013";"250,15727"
"12,05000";"18,10500";"252,93080"
"12,06000";"18,11987";"255,65538"
"12,07000";"18,13499";"258,37909"
"12,08000";"18,14998";"261,23203"
"12,09000";"18,16497";"264,26523"
"12,10000";"18,18008";"267,44403"
"12,11000";"18,19508";"270,74936"
"12,12000";"18,21007";"274,21671"
"12,13000";"18,22494";"277,86172"
"12,14000";"18,23994";"281,56720"
"12,15000";"18,25493";"285,24448"
"12,16000";"18,26992";"288,97113"
"12,17000";"18,28492";"292,73700"
"12,18000";"18,29991";"296,58768"
"12,19000";"18,31479";"300,51028"
"12,20000";"18,32954";"304,41846"
"12,21000";"18,34430";"308,24673"
"12,22000";"18,35917";"312,10208"
"12,23000";"18,37417";"316,05426"
"12,24000";"18,38928";"320,13699"
"12,25000";"18,40439";"324,39795"
"12,26000";"18,41938";"328,92548"
"12,27000";"18,43438";"333,71887"
"12,28000";"18,44949";"338,68982"
"12,29000";"18,46460";"343,73843"
"12,30000";"18,47983";"348,81842"
"12,31000";"18,49506";"354,04874"
"12,31400";"18,50108";"356,18503"
"12,31600";"18,50415";"357,25723"
"12,32600";"18,51725";"362,58072"
"12,33600";"18,52469";"366,26566"
"12,34600";"18,52693";"364,19373"
"12,35600";"18,52551";"353,59207"
"12,36600";"18,51997";"334,33716"
"12,37600";"18,50780";"303,87796"
"12,38600";"18,49045";"255,00359"
"12,39600";"18,47003";"187,12584"
"12,40600";"18,44854";"112,10058"
"12,41600";"18,42682";"44,66656"
"12,42600";"18,40569";"-6,52988"
"12,43600";"18,38538";"-38,71322"
"12,44600";"18,36555";"-52,87017"
"12,45600";"18,34666";"-52,40128"
"12,46600";"18,32836";"-43,16674"
"12,47600";"18,31077";"-31,41649"
"12,48600";"18,29389";"-20,80087"
"12,49600";"18,27748";"-12,93195"
"12,50600";"18,26142";"-8,06107"
"12,51600";"18,24549";"-5,61938"
"12,52600";"18,22967";"-4,83106"
"12,53600";"18,21420";"-4,99883"
"12,54600";"18,19862";"-5,52608"
"12,55600";"18,18327";"-6,00568"
"12,56600";"18,16816";"-6,29449"
"12,57600";"18,15305";"-6,42790"
"12,58600";"18,13794";"-6,44604"
"12,59600";"18,12271";"-6,42764"
"12,60600";"18,10783";"-6,38493"
"12,61600";"18,09296";"-6,31327"
"12,62600";"18,07797";"-6,23104"
"12,63600";"18,06285";"-6,16396"
"12,64600";"18,04762";"-6,10150"
"12,65600";"18,03228";"-6,05414"
"12,66600";"18,01705";"-6,01933"
"12,67600";"18,00182";"-5,98285"
"12,68600";"17,98671";"-5,93780"
"12,69600";"17,97171";"-5,87700"
"12,70600";"17,95672";"-5,78850"
"12,71600";"17,94173";"-5,68212"
"12,72600";"17,92686";"-5,57304"
"12,73600";"17,91198";"-5,45854"
"12,74600";"17,89710";"-5,36176"
"12,75600";"17,88211";"-5,27767"
"12,76600";"17,86700";"-5,19518"
"12,77600";"17,85201";"-5,10782"
"12,78600";"17,83713";"-5,01911"
"12,79600";"17,82214";"-4,93536"
"12,80600";"17,80715";"-4,83321"
"12,81600";"17,79215";"-4,72541"
"12,82600";"17,77728";"-4,62677"
"12,83600";"17,76217";"-4,53112"
"12,84600";"17,74706";"-4,43052"
"12,85600";"17,73183";"-4,33316"
"12,86600";"17,71683";"-4,25061"
"12,87600";"17,70184";"-4,15949"
"12,88600";"17,68685";"-4,06406"
"12,89600";"17,67186";"-3,96375"
"12,90600";"17,65686";"-3,86375"
"12,91600";"17,64187";"-3,76782"
"12,92600";"17,62675";"-3,67858"
"12,93600";"17,61165";"-3,59006"
"12,94600";"17,59677";"-3,49632"
"12,95600";"17,58201";"-3,39241"
"12,96600";"17,56702";"-3,29504"
"12,97600";"17,55202";"-3,21078"
"12,98600";"17,53703";"-3,13501"
"12,99600";"17,52204";"-3,06622"
"13,00600";"17,50693";"-3,00318"
"13,01600";"17,49194";"-2,93715"
"13,02600";"17,47694";"-2,86883"
"13,03600";"17,46207";"-2,79684"
"13,04600";"17,44731";"-2,72916"
"13,05600";"17,43220";"-2,66619"
"13,06600";"17,41721";"-2,60562"
"13,07600";"17,40221";"-2,54802"
"13,08600";"17,38711";"-2,49157"
"13,09600";"17,37188";"-2,43436"
"13,10600";"17,35688";"-2,38229"
"13,11600";"17,34201";"-2,33061"
"13,12600";"17,32701";"-2,28040"
"13,13600";"17,31190";"-2,22441"
"13,14600";"17,29691";"-2,16705"
"13,15600";"17,28204";"-2,10432"
"13,16600";"17,26704";"-2,04112"
"13,17600";"17,25193";"-1,97509"
"13,18600";"17,23694";"-1,91171"
"13,19600";"17,22206";"-1,85777"
"13,20600";"17,20719";"-1,81000"
"13,21600";"17,19208";"-1,75989"
"13,22600";"17,17696";"-1,70430"
"13,23600";"17,16197";"-1,64203"
"13,24600";"17,14686";"-1,59452"
"13,25600";"17,13187";"-1,55451"
"13,26600";"17,11687";"-1,51963"
"13,27600";"17,10200";"-1,49196"
"13,28600";"17,08713";"-1,45882"
"13,29600";"17,07201";"-1,43653"
"13,30600";"17,05690";"-1,41740"
"13,31600";"17,04191";"-1,39787"
"13,32600";"17,02692";"-1,38296"
"13,33600";"17,01192";"-1,36480"
"13,34600";"16,99693";"-1,33795"
"13,35600";"16,98206";"-1,31037"
"13,36600";"16,96718";"-1,28149"
"13,37600";"16,95219";"-1,24634"
"13,38600";"16,93708";"-1,21111"
"13,39600";"16,92196";"-1,17111"
"13,40600";"16,90686";"-1,13039"
"13,41600";"16,89186";"-1,09275"
"13,42600";"16,87687";"-1,07143"
"13,43600";"16,86176";"-1,06043"
"13,44600";"16,84688";"-1,04998"
"13,45600";"16,83201";"-1,03565"
"13,46600";"16,81689";"-1,02635"
"13,47600";"16,80190";"-1,02062"
"13,48600";"16,78691";"-1,00528"
"13,49600";"16,77192";"-0,99433"
"13,50600";"16,75704";"-0,98205"
"13,51600";"16,74193";"-0,96828"
"13,52600";"16,72694";"-0,95802"
"13,53600";"16,71206";"-0,95750"
"13,54600";"16,69695";"-0,95124"
"13,55600";"16,68196";"-0,93654"
"13,56600";"16,66685";"-0,92134"
"13,57600";"16,65197";"-0,91071"
"13,58600";"16,63710";"-0,89838"
"13,59600";"16,62199";"-0,89477"
"13,60600";"16,60687";"-0,89052"
"13,61600";"16,59188";"-0,88027"
"13,62600";"16,57689";"-0,85768"
"13,63600";"16,56166";"-0,84028"
"13,64600";"16,54655";"-0,82659"
"13,65600";"16,53167";"-0,81265"
"13,66600";"16,51692";"-0,78996"
"13,67600";"16,50204";"-0,76600"
"13,68600";"16,48705";"-0,75170"
"13,69600";"16,47206";"-0,74219"
"13,70600";"16,45706";"-0,72207"
"13,71600";"16,44195";"-0,69840"
"13,72600";"16,42684";"-0,68200"
"13,73600";"16,41197";"-0,66561"
"13,74600";"16,39709";"-0,66001"
"13,75600";"16,38210";"-0,64681"
"13,76600";"16,36710";"-0,63323"
"13,77600";"16,35211";"-0,62457"
"13,78600";"16,33724";"-0,61460"
"13,79600";"16,32224";"-0,60344"
"13,80600";"16,30713";"-0,59451"
"13,81600";"16,29214";"-0,58714"
"13,82600";"16,27727";"-0,57450"
"13,83600";"16,26239";"-0,56472"
"13,84600";"16,24716";"-0,55631"
"13,85600";"16,23205";"-0,55218"
"13,86600";"16,21706";"-0,55722"
"13,87600";"16,20206";"-0,56188"
"13,88600";"16,18707";"-0,56246"
"13,89600";"16,17208";"-0,56350"
"13,90600";"16,15720";"-0,55720"
"13,91600";"16,14221";"-0,54044"
"13,92600";"16,12710";"-0,52314"
"13,93600";"16,11187";"-0,51787"
"13,94600";"16,09687";"-0,51505"
"13,95600";"16,08177";"-0,51200"
"13,96600";"16,06665";"-0,50785"
"13,97600";"16,05178";"-0,49494"
"13,98600";"16,03690";"-0,47442"
"13,99600";"16,02203";"-0,46375"
"14,00600";"16,00704";"-0,46142"
"14,01600";"15,99192";"-0,46441"
"14,02600";"15,97693";"-0,46842"
"14,03600";"15,96206";"-0,46658"
"14,04600";"15,94706";"-0,45629"
"14,05600";"15,93207";"-0,44689"
"14,06600";"15,91708";"-0,43984"
"14,07600";"15,90208";"-0,44073"
"14,08600";"15,88721";"-0,43387"
"14,09600";"15,87222";"-0,43009"
"14,10600";"15,85722";"-0,42845"
"14,11600";"15,84223";"-0,43287"
"14,12600";"15,82724";"-0,43645"
"14,13600";"15,81213";"-0,43887"
"14,14600";"15,79713";"-0,43797"
"14,15600";"15,78214";"-0,43752"
"14,16600";"15,76727";"-0,42743"
"14,17600";"15,75215";"-0,41513"
"14,18600";"15,73704";"-0,41210"
"14,19600";"15,72205";"-0,40979"
"14,20600";"15,70706";"-0,40477"
"14,21600";"15,69206";"-0,39723"
"14,22600";"15,67707";"-0,38863"
"14,23600";"15,66220";"-0,38297"
"14,24600";"15,64720";"-0,37906"
"14,25600";"15,63209";"-0,37459"
"14,26600";"15,61698";"-0,36288"
"14,27600";"15,60187";"-0,35581"
"14,28600";"15,58687";"-0,35492"
"14,29600";"15,57188";"-0,35467"
"14,30600";"15,55689";"-0,35212"
"14,31600";"15,54201";"-0,35195"
"14,32600";"15,52702";"-0,34915"
"14,33600";"15,51203";"-0,34791"
"14,34600";"15,49680";"-0,34672"
"14,35600";"15,48169";"-0,35301"
"14,36600";"15,46681";"-0,35607"
"14,37600";"15,45194";"-0,35125"
"14,38600";"15,43694";"-0,34213"
"14,39600";"15,42195";"-0,33830"
"14,40600";"15,40696";"-0,34112"
"14,41600";"15,39208";"-0,33930"
"14,42600";"15,37697";"-0,33895"
"14,43600";"15,36186";"-0,33959"
"14,44600";"15,34699";"-0,33254"
"14,45600";"15,33211";"-0,32083"
"14,46600";"15,31712";"-0,31386"
"14,47600";"15,30201";"-0,31439"
"14,48600";"15,28701";"-0,31444"
"14,49600";"15,27214";"-0,31467"
"14,50600";"15,25703";"-0,31044"
"14,51600";"15,24203";"-0,30976"
"14,52600";"15,22704";"-0,31344"
"14,53600";"15,21217";"-0,31574"
"14,54600";"15,19717";"-0,31603"
"14,55600";"15,18206";"-0,31411"
"14,56600";"15,16707";"-0,31102"
"14,57600";"15,15219";"-0,30014"
"14,58600";"15,13720";"-0,28410"
"14,59600";"15,12197";"-0,27102"
"14,60600";"15,10698";"-0,26754"
"14,61600";"15,09210";"-0,27721"
"14,62600";"15,07735";"-0,27335"
"14,63600";"15,06235";"-0,27208"
"14,64600";"15,04724";"-0,26719"
"14,65600";"15,03213";"-0,26152"
"14,66600";"15,01702";"-0,25159"
"14,67600";"15,00191";"-0,24561"
"14,68600";"14,98692";"-0,24942"
"14,69600";"14,97216";"-0,25403"
"14,70600";"14,95740";"-0,25349"
"14,71600";"14,94229";"-0,25134"
"14,72600";"14,92718";"-0,25628"
"14,73600";"14,91219";"-0,26012"
"14,74600";"14,89731";"-0,26046"
"14,75600";"14,88232";"-0,25891"
"14,76600";"14,86709";"-0,25006"
"14,77600";"14,85210";"-0,24275"
"14,78600";"14,83722";"-0,23762"
"14,79600";"14,82223";"-0,23206"
"14,80600";"14,80700";"-0,22053"
"14,81600";"14,79201";"-0,20805"
"14,82600";"14,77701";"-0,20342"
"14,83600";"14,76214";"-0,19739"
"14,84600";"14,74714";"-0,18857"
"14,85600";"14,73215";"-0,17957"
"14,86600";"14,71716";"-0,17948"
"14,87600";"14,70217";"-0,18375"
"14,88600";"14,68706";"-0,18800"
"14,89600";"14,67194";"-0,19677"
"14,90600";"14,65707";"-0,20297"
"14,91600";"14,64219";"-0,20596"
"14,92600";"14,62708";"-0,19896"
"14,93600";"14,61197";"-0,18554"
"14,94600";"14,59698";"-0,17854"
"14,95600";"14,58199";"-0,16757"
"14,96600";"14,56687";"-0,15598"
"14,97600";"14,55165";"-0,15372"
"14,98600";"14,53677";"-0,15847"
"14,99600";"14,52190";"-0,15485"
"15,00600";"14,50690";"-0,14484"
"15,01600";"14,49179";"-0,13332"
"15,02600";"14,47680";"-0,12472"
"15,03600";"14,46192";"-0,11497"
"15,04600";"14,44693";"-0,10039"
"15,05600";"14,43182";"-0,08724"
"15,06600";"14,41671";"-0,08661"
"15,07600";"14,40195";"-0,09032"
"15,08600";"14,38696";"-0,09181"
"15,09600";"14,37185";"-0,09292"
"15,10600";"14,35674";"-0,09312"
"15,11600";"14,34186";"-0,08353"
"15,12600";"14,32687";"-0,07305"
"15,13600";"14,31176";"-0,06229"
"15,14600";"14,29688";"-0,05610"
"15,15600";"14,28201";"-0,05120"
"15,16600";"14,26713";"-0,04463"
"15,17600";"14,25190";"-0,03660"
"15,18600";"14,23679";"-0,03013"
"15,19600";"14,22168";"-0,02970"
"15,20600";"14,20681";"-0,03150"
"15,21600";"14,19169";"-0,02879"
"15,22600";"14,17670";"-0,02325"
"15,23600";"14,16194";"-0,01400"
"15,24600";"14,14707";"0,00628"
"15,25600";"14,13208";"0,02259"
"15,26600";"14,11697";"0,03166"
"15,27600";"14,10197";"0,03818"
"15,28600";"14,08698";"0,03954"
"15,29600";"14,07187";"0,03186"
"15,30600";"14,05676";"0,02708"
"15,31600";"14,04188";"0,02894"
"15,32600";"14,02713";"0,03226"
"15,33600";"14,01225";"0,03567"
"15,34600";"13,99714";"0,03334"
"15,35600";"13,98226";"0,03286"
"15,36600";"13,96739";"0,03357"
"15,37600";"13,95228";"0,03404"
"15,38600";"13,93717";"0,03201"
"15,39600";"13,92217";"0,02874"
"15,40600";"13,90730";"0,02893"
"15,41600";"13,89231";"0,03305"
"15,42600";"13,87708";"0,03869"
"15,43600";"13,86196";"0,04423"
"15,44600";"13,84709";"0,05347"
"15,45600";"13,83210";"0,06014"
"15,46600";"13,81699";"0,05974"
"15,47600";"13,80211";"0,05098"
"15,48600";"13,78712";"0,04611"
"15,49600";"13,77212";"0,04534"
"15,50600";"13,75701";"0,04282"
"15,51600";"13,74179";"0,03822"
"15,52600";"13,72679";"0,04405"
"15,53600";"13,71192";"0,04800"
"15,54600";"13,69692";"0,04991"
"15,55600";"13,68193";"0,06105"
"15,56600";"13,66706";"0,07014"
"15,57600";"13,65218";"0,07002"
"15,58600";"13,63707";"0,06501"
"15,59600";"13,62196";"0,06520"
"15,60600";"13,60685";"0,06708"
"15,61600";"13,59197";"0,06411"
"15,62600";"13,57710";"0,06659"
"15,63600";"13,56199";"0,07000"
"15,64600";"13,54699";"0,07296"
"15,65600";"13,53212";"0,08010"
"15,66600";"13,51712";"0,08698"
"15,67600";"13,50201";"0,09519"
"15,68600";"13,48690";"0,10075"
"15,69600";"13,47191";"0,10502"
"15,70600";"13,45704";"0,10262"
"15,71600";"13,44204";"0,10191"
"15,72600";"13,42705";"0,10072"
"15,73600";"13,41206";"0,09787"
"15,74600";"13,39706";"0,09799"
"15,75600";"13,38195";"0,10560"
"15,76600";"13,36672";"0,11630"
"15,77600";"13,35185";"0,12572"
"15,78600";"13,33709";"0,12597"
"15,79600";"13,32210";"0,12234"
"15,80600";"13,30699";"0,12144"
"15,81600";"13,29199";"0,12509"
"15,82600";"13,27700";"0,12562"
"15,83600";"13,26201";"0,12785"
"15,84600";"13,24678";"0,12993"
"15,85600";"13,23178";"0,13121"
"15,86600";"13,21703";"0,13624"
"15,87600";"13,20215";"0,14351"
"15,88600";"13,18704";"0,14529"
"15,89600";"13,17193";"0,14038"
"15,90600";"13,15706";"0,13537"
"15,91600";"13,14194";"0,13858"
"15,92600";"13,12683";"0,14448"
"15,93600";"13,11172";"0,14759"
"15,94600";"13,09697";"0,14568"
"15,95600";"13,08209";"0,14370"
"15,96600";"13,06698";"0,14270"
"15,97600";"13,05187";"0,14625"
"15,98600";"13,03687";"0,14826"
"15,99600";"13,02188";"0,14381"
"16,00600";"13,00677";"0,14155"
"16,01600";"12,99178";"0,13820"
"16,02600";"12,97690";"0,13348"
"16,03600";"12,96215";"0,14212"
"16,04600";"12,94703";"0,14600"
"16,05600";"12,93204";"0,14977"
"16,06600";"12,91705";"0,14926"
"16,07600";"12,90217";"0,15262"
"16,08600";"12,88706";"0,15882"
"16,09600";"12,87207";"0,16919"
"16,10600";"12,85719";"0,17990"
"16,11600";"12,84220";"0,17859"
"16,12600";"12,82721";"0,18155"
"16,13600";"12,81210";"0,18275"
"16,14600";"12,79699";"0,17294"
"16,15600";"12,78211";"0,16994"
"16,16600";"12,76700";"0,17051"
"16,17600";"12,75201";"0,16947"
"16,18600";"12,73701";"0,16654"
"16,19600";"12,72214";"0,17260"
"16,20600";"12,70715";"0,17444"
"16,21600";"12,69192";"0,17301"
"16,22600";"12,67681";"0,17850"
"16,23600";"12,66181";"0,18427"
"16,24600";"12,64682";"0,18202"
"16,25600";"12,63183";"0,17762"
"16,26600";"12,61683";"0,16839"
"16,27600";"12,60184";"0,16906"
"16,28600";"12,58697";"0,18134"
"16,29600";"12,57197";"0,19492"
"16,30600";"12,55686";"0,19279"
"16,31600";"12,54187";"0,17878"
"16,32600";"12,52688";"0,17305"
"16,33600";"12,51188";"0,17729"
"16,34600";"12,49689";"0,17612"
"16,35600";"12,48190";"0,17831"
"16,36600";"12,46690";"0,18109"
"16,37600";"12,45191";"0,18734"
"16,38600";"12,43680";"0,19210"
"16,39600";"12,42180";"0,19432"
"16,40600";"12,40693";"0,20311"
"16,41600";"12,39206";"0,20984"
"16,42600";"12,37718";"0,21065"
"16,43600";"12,36207";"0,20236"
"16,44600";"12,34708";"0,19989"
"16,45600";"12,33208";"0,20145"
"16,46600";"12,31697";"0,19991"
"16,47600";"12,30186";"0,19721"
"16,48600";"12,28687";"0,19208"
"16,49600";"12,27188";"0,18435"
"16,50600";"12,25700";"0,18144"
"16,51600";"12,24201";"0,18438"
"16,52600";"12,22690";"0,18845"
"16,53600";"12,21202";"0,18860"
"16,54600";"12,19691";"0,18675"
"16,55600";"12,18168";"0,18998"
"16,56600";"12,16681";"0,20165"
"16,57600";"12,15193";"0,20093"
"16,58600";"12,13706";"0,19941"
"16,59600";"12,12194";"0,19999"
"16,60600";"12,10707";"0,20044"
"16,61600";"12,09219";"0,19752"
"16,62600";"12,07720";"0,19470"
"16,63600";"12,06209";"0,19274"
"16,64600";"12,04722";"0,18550"
"16,65600";"12,03222";"0,18181"
"16,66600";"12,01723";"0,18154"
"16,67600";"12,00212";"0,18128"
"16,68600";"11,98701";"0,18177"
"16,69600";"11,97201";"0,18472"
"16,70600";"11,95690";"0,18879"
"16,71600";"11,94191";"0,19126"
"16,72600";"11,92692";"0,18908"
"16,73600";"11,91204";"0,19409"
"16,74600";"11,89717";"0,19610"
"16,75600";"11,88206";"0,20071"
"16,76600";"11,86695";"0,19859"
"16,77600";"11,85183";"0,19453"
"16,78600";"11,83684";"0,19866"
"16,79600";"11,82185";"0,20329"
"16,80600";"11,80674";"0,20220"
"16,81600";"11,79186";"0,20322"
"16,82600";"11,77699";"0,20066"
"16,83600";"11,76211";"0,19591"
"16,84600";"11,74688";"0,19796"
"16,85600";"11,73189";"0,20049"
"16,86600";"11,71690";"0,19960"
"16,87600";"11,70202";"0,19777"
"16,88600";"11,68703";"0,20539"
"16,89600";"11,67204";"0,21456"
"16,90600";"11,65693";"0,21748"
"16,91600";"11,64205";"0,22233"
"16,92600";"11,62706";"0,22568"
"16,93600";"11,61195";"0,22205"
"16,94600";"11,59695";"0,21840"
"16,95600";"11,58196";"0,21485"
"16,96600";"11,56697";"0,21807"
"16,97600";"11,55197";"0,21419"
"16,98600";"11,53698";"0,21009"
"16,99600";"11,52199";"0,20579"
"17,00600";"11,50711";"0,19719"
"17,01600";"11,49200";"0,19688"
"17,02600";"11,47689";"0,19948"
"17,03600";"11,46201";"0,20112"
"17,04600";"11,44702";"0,20685"
"17,05600";"11,43203";"0,20584"
"17,06600";"11,41704";"0,19544"
"17,07600";"11,40204";"0,18883"
"17,08600";"11,38705";"0,19519"
"17,09600";"11,37194";"0,20804"
"17,10600";"11,35683";"0,21585"
"17,11600";"11,34183";"0,21882"
"17,12600";"11,32696";"0,22202"
"17,13600";"11,31196";"0,22479"
"17,14600";"11,29697";"0,22568"
"17,15600";"11,28198";"0,22320"
"17,16600";"11,26710";"0,22471"
"17,17600";"11,25211";"0,23206"
"17,18600";"11,23700";"0,23022"
"17,19600";"11,22213";"0,22581"
"17,20600";"11,20713";"0,22080"
"17,21600";"11,19214";"0,22600"
"17,22600";"11,17691";"0,22643"
"17,23600";"11,16203";"0,22914"
"17,24600";"11,14716";"0,22852"
"17,25600";"11,13217";"0,22400"
"17,26600";"11,11706";"0,20927"
"17,27600";"11,10206";"0,20864"
"17,28600";"11,08719";"0,20469"
"17,29600";"11,07219";"0,20890"
"17,30600";"11,05708";"0,20885"
"17,31600";"11,04197";"0,20757"
"17,32600";"11,02698";"0,20972"
"17,33600";"11,01187";"0,22072"
"17,34600";"10,99676";"0,23618"
"17,35600";"10,98176";"0,24429"
"17,36600";"10,96701";"0,24200"
"17,37600";"10,95213";"0,24155"
"17,38600";"10,93702";"0,23319"
"17,39600";"10,92191";"0,23083"
"17,40600";"10,90692";"0,23738"
"17,41600";"10,89181";"0,24323"
"17,42600";"10,87681";"0,24289"
"17,43600";"10,86182";"0,23851"
"17,44600";"10,84683";"0,23359"
"17,45600";"10,83195";"0,23285"
"17,46600";"10,81696";"0,23680"
"17,47600";"10,80185";"0,23424"
"17,48600";"10,78697";"0,23384"
"17,49600";"10,77198";"0,23048"
"17,50600";"10,75699";"0,22758"
"17,51600";"10,74188";"0,22975"
"17,52600";"10,72700";"0,23441"
"17,53600";"10,71213";"0,24434"
"17,54600";"10,69713";"0,25076"
"17,55600";"10,68214";"0,25558"
"17,56600";"10,66715";"0,25900"
"17,57600";"10,65215";"0,26111"
"17,58600";"10,63716";"0,25436"
"17,59600";"10,62217";"0,25052"
"17,60600";"10,60717";"0,24441"
"17,61600";"10,59230";"0,23822"
"17,62600";"10,57731";"0,23479"
"17,63600";"10,56231";"0,23518"
"17,64600";"10,54720";"0,24162"
"17,65600";"10,53221";"0,25141"
"17,66600";"10,51733";"0,25460"
"17,67600";"10,50234";"0,26242"
"17,68600";"10,48735";"0,26465"
"17,69600";"10,47235";"0,26515"
"17,70600";"10,45736";"0,25902"
"17,71600";"10,44225";"0,25025"
"17,72600";"10,42714";"0,23871"
"17,73600";"10,41203";"0,23745"
"17,74600";"10,39703";"0,24132"
"17,75600";"10,38216";"0,24693"
"17,76600";"10,36705";"0,25677"
"17,77600";"10,35206";"0,25775"
"17,78600";"10,33706";"0,24819"
"17,79600";"10,32207";"0,24137"
"17,80600";"10,30696";"0,24036"
"17,81600";"10,29197";"0,23674"
"17,82600";"10,27709";"0,23720"
"17,83600";"10,26210";"0,24414"
"17,84600";"10,24699";"0,25024"
"17,85600";"10,23211";"0,25522"
"17,86600";"10,21724";"0,25403"
"17,87600";"10,20224";"0,25312"
"17,88600";"10,18725";"0,25605"
"17,89600";"10,17202";"0,25912"
"17,90600";"10,15703";"0,26229"
"17,91600";"10,14204";"0,27028"
"17,92600";"10,12692";"0,27140"
"17,93600";"10,11181";"0,26869"
"17,94600";"10,09670";"0,26028"
"17,95600";"10,08183";"0,25371"
"17,96600";"10,06671";"0,25553"
"17,97600";"10,05160";"0,25919"
"17,98600";"10,03673";"0,25861"
"17,99600";"10,02185";"0,25633"
"18,00600";"10,00686";"0,25217"
"18,01600";"9,99175";"0,25532"
"18,02600";"9,97688";"0,26012"
"18,03600";"9,96200";"0,26511"
"18,04600";"9,94689";"0,26846"
"18,05600";"9,93190";"0,26956"
"18,06600";"9,91690";"0,26668"
"18,07600";"9,90203";"0,26756"
"18,08600";"9,88703";"0,27217"
"18,09600";"9,87192";"0,27437"
"18,10600";"9,85693";"0,27269"
"18,11600";"9,84194";"0,27112"
"18,12600";"9,82695";"0,27064"
"18,13600";"9,81183";"0,26925"
"18,14600";"9,79696";"0,27053"
"18,15600";"9,78208";"0,26878"
"18,16600";"9,76709";"0,27445"
"18,17600";"9,75210";"0,27683"
"18,18600";"9,73699";"0,27380"
"18,19600";"9,72211";"0,27463"
"18,20600";"9,70724";"0,27590"
"18,21600";"9,69213";"0,27461"
"18,22600";"9,67701";"0,26842"
"18,23600";"9,66214";"0,26808"
"18,24600";"9,64715";"0,27174"
"18,25600";"9,63215";"0,27376"
"18,26600";"9,61692";"0,28958"
"18,27600";"9,60193";"0,29336"
"18,28600";"9,58706";"0,28871"
"18,29600";"9,57206";"0,28723"
"18,30600";"9,55707";"0,29354"
"18,31600";"9,54220";"0,30214"
"18,32600";"9,52720";"0,30461"
"18,33600";"9,51221";"0,31028"
"18,34600";"9,49710";"0,30784"
"18,35600";"9,48187";"0,30637"
"18,36600";"9,46699";"0,30494"
"18,37600";"9,45200";"0,30284"
"18,38600";"9,43701";"0,29898"
"18,39600";"9,42201";"0,29013"
"18,40600";"9,40726";"0,28523"
"18,41600";"9,39215";"0,27938"
"18,42600";"9,37715";"0,27382"
"18,43600";"9,36192";"0,27849"
"18,44600";"9,34705";"0,28638"
"18,45600";"9,33217";"0,29931"
"18,46600";"9,31706";"0,30818"
"18,47600";"9,30195";"0,30551"
"18,48600";"9,28708";"0,30746"
"18,49600";"9,27220";"0,30758"
"18,50600";"9,25721";"0,31310"
"18,51600";"9,24198";"0,31348"
"18,52600";"9,22699";"0,30961"
"18,53600";"9,21211";"0,30974"
"18,54600";"9,19712";"0,31071"
"18,55600";"9,18189";"0,31354"
"18,56600";"9,16690";"0,31559"
"18,57600";"9,15202";"0,32093"
"18,58600";"9,13703";"0,31936"
"18,59600";"9,12192";"0,31374"
"18,60600";"9,10692";"0,30826"
"18,61600";"9,09205";"0,30101"
"18,62600";"9,07717";"0,30327"
"18,63600";"9,06206";"0,30305"
"18,64600";"9,04695";"0,29598"
"18,65600";"9,03196";"0,29149"
"18,66600";"9,01696";"0,29453"
"18,67600";"9,00185";"0,30356"
"18,68600";"8,98662";"0,30420"
"18,69600";"8,97175";"0,29701"
"18,70600";"8,95688";"0,29940"
"18,71600";"8,94188";"0,30489"
"18,72600";"8,92677";"0,30696"
"18,73600";"8,91190";"0,30909"
"18,74600";"8,89702";"0,31651"
"18,75600";"8,88191";"0,31850"
"18,76600";"8,86692";"0,31596"
"18,77600";"8,85192";"0,31105"
"18,78600";"8,83717";"0,31182"
"18,79600";"8,82217";"0,31751"
"18,80600";"8,80706";"0,31651"
"18,81600";"8,79195";"0,30378"
"18,82600";"8,77708";"0,29448"
"18,83600";"8,76208";"0,29802"
"18,84600";"8,74697";"0,30005"
"18,85600";"8,73210";"0,30445"
"18,86600";"8,71722";"0,31116"
"18,87600";"8,70235";"0,31943"
"18,88600";"8,68712";"0,32586"
"18,89600";"8,67201";"0,32045"
"18,90600";"8,65713";"0,31705"
"18,91600";"8,64202";"0,31520"
"18,92600";"8,62703";"0,31573"
"18,93600";"8,61203";"0,31444"
"18,94600";"8,59716";"0,31717"
"18,95600";"8,58228";"0,31894"
"18,96600";"8,56717";"0,31305"
"18,97600";"8,55206";"0,30783"
"18,98600";"8,53707";"0,30275"
"18,99600";"8,52196";"0,30322"
"19,00600";"8,50685";"0,30274"
"19,01600";"8,49185";"0,30304"
"19,02600";"8,47698";"0,30232"
"19,03600";"8,46199";"0,30474"
"19,04600";"8,44687";"0,30599"
"19,05600";"8,43176";"0,30367"
"19,06600";"8,41677";"0,30057"
"19,07600";"8,40178";"0,30706"
"19,08600";"8,38679";"0,31253"
"19,09600";"8,37179";"0,31945"
"19,10600";"8,35680";"0,32172"
"19,11600";"8,34192";"0,32112"
"19,12600";"8,32705";"0,32252"
"19,13600";"8,31194";"0,32687"
"19,14600";"8,29683";"0,33071"
"19,15600";"8,28183";"0,32585"
"19,16600";"8,26684";"0,31919"
"19,17600";"8,25185";"0,31590"
"19,18600";"8,23685";"0,31554"
"19,19600";"8,22198";"0,31532"
"19,20600";"8,20687";"0,30947"
"19,21600";"8,19188";"0,31406"
"19,22600";"8,17676";"0,32289"
"19,23600";"8,16189";"0,33208"
"19,24600";"8,14701";"0,34143"
"19,25600";"8,13202";"0,33277"
"19,26600";"8,11691";"0,32565"
"19,27600";"8,10192";"0,32962"
"19,28600";"8,08692";"0,33641"
"19,29600";"8,07181";"0,33816"
"19,30600";"8,05670";"0,33745"
"19,31600";"8,04171";"0,33838"
"19,32600";"8,02695";"0,34218"
"19,33600";"8,01208";"0,34817"
"19,34600";"7,99708";"0,34596"
"19,35600";"7,98209";"0,34356"
"19,36600";"7,96710";"0,33572"
"19,37600";"7,95210";"0,33415"
"19,38600";"7,93699";"0,33663"
"19,39600";"7,92200";"0,34218"
"19,40600";"7,90712";"0,35344"
"19,41600";"7,89225";"0,35528"
"19,42600";"7,87714";"0,35232"
"19,43600";"7,86203";"0,34850"
"19,44600";"7,84704";"0,35512"
"19,45600";"7,83204";"0,36622"
"19,46600";"7,81693";"0,36915"
"19,47600";"7,80182";"0,36300"
"19,48600";"7,78694";"0,36198"
"19,49600";"7,77207";"0,35644"
"19,50600";"7,75719";"0,36021"
"19,51600";"7,74208";"0,36265"
"19,52600";"7,72709";"0,36431"
"19,53600";"7,71210";"0,37358"
"19,54600";"7,69699";"0,38044"
"19,55600";"7,68188";"0,38099"
"19,56600";"7,66700";"0,37700"
"19,57600";"7,65212";"0,37221"
"19,58600";"7,63713";"0,36425"
"19,59600";"7,62202";"0,35151"
"19,60600";"7,60703";"0,34328"
"19,61600";"7,59203";"0,34078"
"19,62600";"7,57704";"0,34236"
"19,63600";"7,56181";"0,34915"
"19,64600";"7,54682";"0,34926"
"19,65600";"7,53194";"0,35697"
"19,66600";"7,51707";"0,36434"
"19,67600";"7,50196";"0,36780"
"19,68600";"7,48685";"0,37033"
"19,69600";"7,47185";"0,37058"
"19,70600";"7,45686";"0,36708"
"19,71600";"7,44175";"0,36144"
"19,72600";"7,42676";"0,35567"
"19,73600";"7,41188";"0,35886"
"19,74600";"7,39701";"0,36377"
"19,75600";"7,38201";"0,36955"
"19,76600";"7,36690";"0,36749"
"19,77600";"7,35191";"0,35830"
"19,78600";"7,33692";"0,34290"
"19,79600";"7,32181";"0,34274"
"19,80600";"7,30681";"0,34628"
"19,81600";"7,29194";"0,34945"
"19,82600";"7,27706";"0,35194"
"19,83600";"7,26195";"0,35419"
"19,84600";"7,24696";"0,36026"
"19,85600";"7,23185";"0,36444"
"19,86600";"7,21685";"0,36874"
"19,87600";"7,20186";"0,37038"
"19,88600";"7,18687";"0,37099"
"19,89600";"7,17199";"0,36652"
"19,90600";"7,15700";"0,36219"
"19,91600";"7,14201";"0,35453"
"19,92600";"7,12701";"0,35375"
"19,93600";"7,11190";"0,34821"
"19,94600";"7,09691";"0,34359"
"19,95600";"7,08204";"0,34603"
"19,96600";"7,06692";"0,35536"
"19,97600";"7,05193";"0,36468"
"19,98600";"7,03694";"0,36642"
"19,99600";"7,02194";"0,35719"
"20,00600";"7,00683";"0,35642"
"20,01600";"6,99184";"0,35220"
"20,02600";"6,97697";"0,34667"
"20,03600";"6,96209";"0,34077"
"20,04600";"6,94722";"0,34920"
"20,05600";"6,93222";"0,35934"
"20,06600";"6,91723";"0,36223"
"20,07600";"6,90224";"0,36351"
"20,08600";"6,88724";"0,36366"
"20,09600";"6,87201";"0,36595"
"20,10600";"6,85702";"0,36848"
"20,11600";"6,84203";"0,36794"
"20,12600";"6,82703";"0,36241"
"20,13600";"6,81204";"0,36312"
"20,14600";"6,79705";"0,36215"
"20,15600";"6,78194";"0,36073"
"20,16600";"6,76694";"0,36275"
"20,17600";"6,75183";"0,36008"
"20,18600";"6,73684";"0,35875"
"20,19600";"6,72208";"0,35435"
"20,20600";"6,70721";"0,35118"
"20,21600";"6,69233";"0,35551"
"20,22600";"6,67710";"0,36701"
"20,23600";"6,66199";"0,37308"
"20,24600";"6,64700";"0,37761"
"20,25600";"6,63189";"0,37704"
"20,26600";"6,61678";"0,36770"
"20,27600";"6,60178";"0,35652"
"20,28600";"6,58703";"0,35360"
"20,29600";"6,57203";"0,35303"
"20,30600";"6,55692";"0,35136"
"20,31600";"6,54193";"0,34736"
"20,32600";"6,52682";"0,34285"
"20,33600";"6,51183";"0,34661"
"20,34600";"6,49672";"0,35370"
"20,35600";"6,48184";"0,36652"
"20,36600";"6,46696";"0,37240"
"20,37600";"6,45209";"0,37173"
"20,38600";"6,43710";"0,36703"
"20,39600";"6,42210";"0,36069"
"20,40600";"6,40723";"0,35664"
"20,41600";"6,39224";"0,35363"
"20,42600";"6,37712";"0,35543"
"20,43600";"6,36213";"0,35060"
"20,44600";"6,34714";"0,35176"
"20,45600";"6,33215";"0,35792"
"20,46600";"6,31703";"0,36649"
"20,47600";"6,30204";"0,37322"
"20,48600";"6,28717";"0,38072"
"20,49600";"6,27217";"0,37989"
"20,50600";"6,25706";"0,37266"
"20,51600";"6,24195";"0,36537"
"20,52600";"6,22696";"0,36067"
"20,53600";"6,21197";"0,35794"
"20,54600";"6,19685";"0,35766"
"20,55600";"6,18186";"0,35159"
"20,56600";"6,16675";"0,34736"
"20,57600";"6,15176";"0,35202"
"20,58600";"6,13676";"0,35962"
"20,59600";"6,12177";"0,36539"
"20,60600";"6,10690";"0,36426"
"20,61600";"6,09202";"0,36437"
"20,62600";"6,07703";"0,36320"
"20,63600";"6,06204";"0,35568"
"20,64600";"6,04692";"0,33990"
"20,65600";"6,03193";"0,33598"
"20,66600";"6,01706";"0,34914"
"20,67600";"6,00206";"0,35850"
"20,68600";"5,98695";"0,36015"
"20,69600";"5,97196";"0,35773"
"20,70600";"5,95708";"0,35648"
"20,71600";"5,94197";"0,35468"
"20,72600";"5,92686";"0,35794"
"20,73600";"5,91187";"0,36325"
"20,74600";"5,89711";"0,36763"
"20,75600";"5,88212";"0,36515"
"20,76600";"5,86713";"0,35876"
"20,77600";"5,85213";"0,35345"
"20,78600";"5,83714";"0,34585"
"20,79600";"5,82203";"0,34120"
"20,80600";"5,80692";"0,33843"
"20,81600";"5,79192";"0,33278"
"20,82600";"5,77705";"0,33776"
"20,83600";"5,76217";"0,34566"
"20,84600";"5,74718";"0,34399"
"20,85600";"5,73207";"0,33944"
"20,86600";"5,71719";"0,33843"
"20,87600";"5,70220";"0,33879"
"20,88600";"5,68709";"0,34280"
"20,89600";"5,67198";"0,34868"
"20,90600";"5,65699";"0,35680"
"20,91600";"5,64211";"0,36444"
"20,92600";"5,62700";"0,36789"
"20,93600";"5,61189";"0,36523"
"20,94600";"5,59690";"0,36238"
"20,95600";"5,58190";"0,35708"
"20,96600";"5,56691";"0,35001"
"20,97600";"5,55180";"0,33353"
"20,98600";"5,53692";"0,32713"
"20,99600";"5,52217";"0,33586"
"21,00600";"5,50717";"0,34060"
"21,01600";"5,49206";"0,34223"
"21,02600";"5,47695";"0,34205"
"21,03600";"5,46196";"0,34395"
"21,04600";"5,44697";"0,35287"
"21,05600";"5,43185";"0,35959"
"21,06600";"5,41698";"0,35606"
"21,07600";"5,40210";"0,35601"
"21,08600";"5,38723";"0,35802"
"21,09600";"5,37200";"0,35419"
"21,10600";"5,35701";"0,35983"
"21,11600";"5,34201";"0,36723"
"21,12600";"5,32714";"0,36556"
"21,13600";"5,31203";"0,36174"
"21,14600";"5,29715";"0,35809"
"21,15600";"5,28216";"0,35516"
"21,16600";"5,26717";"0,35111"
"21,17600";"5,25206";"0,35451"
"21,18600";"5,23706";"0,35026"
"21,19600";"5,22207";"0,35069"
"21,20600";"5,20708";"0,35704"
"21,21600";"5,19197";"0,36161"
"21,22600";"5,17697";"0,35443"
"21,23600";"5,16210";"0,34502"
"21,24600";"5,14734";"0,33527"
"21,25600";"5,13223";"0,32913"
"21,26600";"5,11700";"0,33002"
"21,27600";"5,10189";"0,33080"
"21,28600";"5,08690";"0,33692"
"21,29600";"5,07202";"0,34669"
"21,30600";"5,05703";"0,35160"
"21,31600";"5,04204";"0,35477"
"21,32600";"5,02704";"0,35511"
"21,33600";"5,01205";"0,35065"
"21,34600";"4,99694";"0,34458"
"21,35600";"4,98183";"0,34361"
"21,36600";"4,96695";"0,34419"
"21,37600";"4,95196";"0,35345"
"21,38600";"4,93685";"0,35549"
"21,39600";"4,92185";"0,34993"
"21,40600";"4,90698";"0,34603"
"21,41600";"4,89199";"0,34932"
"21,42600";"4,87688";"0,34991"
"21,43600";"4,86176";"0,34915"
"21,44600";"4,84677";"0,35352"
"21,45600";"4,83201";"0,36551"
"21,46600";"4,81702";"0,36449"
"21,47600";"4,80203";"0,36692"
"21,48600";"4,78703";"0,37175"
"21,49600";"4,77216";"0,37072"
"21,50600";"4,75705";"0,35885"
"21,51600";"4,74194";"0,34696"
"21,52600";"4,72694";"0,34067"
"21,53600";"4,71207";"0,34906"
"21,54600";"4,69731";"0,34832"
"21,55600";"4,68220";"0,34339"
"21,56600";"4,66709";"0,34190"
"21,57600";"4,65222";"0,34624"
"21,58600";"4,63722";"0,35362"
"21,59600";"4,62199";"0,36003"
"21,60600";"4,60688";"0,35579"
"21,61600";"4,59189";"0,35113"
"21,62600";"4,57701";"0,34253"
"21,63600";"4,56202";"0,33975"
"21,64600";"4,54703";"0,33678"
"21,65600";"4,53227";"0,33514"
"21,66600";"4,51740";"0,34164"
"21,67600";"4,50228";"0,34957"
"21,68600";"4,48717";"0,35433"
"21,69600";"4,47230";"0,35272"
"21,70600";"4,45754";"0,35022"
"21,71600";"4,44243";"0,34457"
"21,72600";"4,42720";"0,34030"
"21,73600";"4,41221";"0,34519"
"21,74600";"4,39710";"0,34975"
"21,75600";"4,38210";"0,34973"
"21,76600";"4,36699";"0,34966"
"21,77600";"4,35200";"0,34928"
"21,78600";"4,33712";"0,35531"
"21,79600";"4,32225";"0,35985"
"21,80600";"4,30702";"0,35868"
"21,81600";"4,29203";"0,35342"
"21,82600";"4,27715";"0,35191"
"21,83600";"4,26228";"0,34628"
"21,84600";"4,24717";"0,33975"
"21,85600";"4,23206";"0,33319"
"21,86600";"4,21730";"0,33743"
"21,87600";"4,20242";"0,33998"
"21,88600";"4,18719";"0,34408"
"21,89600";"4,17208";"0,34880"
"21,90600";"4,15709";"0,35738"
"21,91600";"4,14222";"0,35687"
"21,92600";"4,12710";"0,35641"
"21,93600";"4,11199";"0,34637"
"21,94600";"4,09700";"0,33893"
"21,95600";"4,08213";"0,33780"
"21,96600";"4,06701";"0,34419"
"21,97600";"4,05190";"0,35169"
"21,98600";"4,03691";"0,35661"
"21,99600";"4,02203";"0,35161"
"22,00600";"4,00716";"0,35300"
"22,01600";"3,99205";"0,35537"
"22,02600";"3,97694";"0,35680"
"22,03600";"3,96194";"0,36111"
"22,04600";"3,94683";"0,36603"
"22,05600";"3,93172";"0,36641"
"22,06600";"3,91673";"0,35392"
"22,07600";"3,90185";"0,34464"
"22,08600";"3,88698";"0,34346"
"22,09600";"3,87187";"0,34964"
"22,10600";"3,85676";"0,35558"
"22,11600";"3,84176";"0,36116"
"22,12600";"3,82677";"0,36387"
"22,13600";"3,81154";"0,36354"
"22,14600";"3,79643";"0,36019"
"22,15600";"3,78167";"0,36162"
"22,16600";"3,76680";"0,36246"
"22,17600";"3,75181";"0,35548"
"22,18600";"3,73681";"0,34401"
"22,19600";"3,72182";"0,34038"
"22,20600";"3,70683";"0,34473"
"22,21600";"3,69160";"0,35021"
"22,22600";"3,67649";"0,35042"
"22,23600";"3,66173";"0,35127"
"22,24600";"3,64697";"0,35184"
"22,25600";"3,63198";"0,35391"
"22,26600";"3,61687";"0,35599"
"22,27600";"3,60199";"0,35019"
"22,28600";"3,58712";"0,35461"
"22,29600";"3,57212";"0,36210"
"22,30600";"3,55690";"0,35882"
"22,31600";"3,54202";"0,35918"
"22,32600";"3,52726";"0,36168"
"22,33600";"3,51227";"0,36400"
"22,34600";"3,49704";"0,36639"
"22,35600";"3,48205";"0,36838"
"22,36600";"3,46706";"0,36762"
"22,37600";"3,45206";"0,36923"
"22,38600";"3,43695";"0,36083"
"22,39600";"3,42208";"0,35294"
"22,40600";"3,40732";"0,35098"
"22,41600";"3,39244";"0,34899"
"22,42600";"3,37722";"0,34003"
"22,43600";"3,36210";"0,33073"
"22,44600";"3,34711";"0,33230"
"22,45600";"3,33200";"0,33930"
"22,46600";"3,31689";"0,35140"
"22,47600";"3,30190";"0,36211"
"22,48600";"3,28702";"0,36601"
"22,49600";"3,27215";"0,36730"
"22,50600";"3,25703";"0,36607"
"22,51600";"3,24192";"0,36613"
"22,52600";"3,22693";"0,35600"
"22,53600";"3,21206";"0,35403"
"22,54600";"3,19694";"0,35022"
"22,55600";"3,18195";"0,34709"
"22,56600";"3,16696";"0,33840"
"22,57600";"3,15208";"0,33917"
"22,58600";"3,13697";"0,34450"
"22,59600";"3,12186";"0,34948"
"22,60600";"3,10699";"0,35436"
"22,61600";"3,09199";"0,36136"
"22,62600";"3,07700";"0,36847"
"22,63600";"3,06201";"0,37396"
"22,64600";"3,04701";"0,37263"
"22,65600";"3,03214";"0,36817"
"22,66600";"3,01703";"0,35960"
"22,67600";"3,00192";"0,34971"
"22,68600";"2,98681";"0,34371"
"22,69600";"2,97193";"0,34454"
"22,70600";"2,95706";"0,34843"
"22,71600";"2,94206";"0,35904"
"22,72600";"2,92707";"0,36488"
"22,73600";"2,91208";"0,37010"
"22,74600";"2,89708";"0,37433"
"22,75600";"2,88209";"0,37861"
"22,76600";"2,86686";"0,37243"
"22,77600";"2,85187";"0,36936"
"22,78600";"2,83699";"0,36686"
"22,79600";"2,82188";"0,36831"
"22,80600";"2,80689";"0,36151"
"22,81600";"2,79201";"0,35589"
"22,82600";"2,77702";"0,34980"
"22,83600";"2,76191";"0,35098"
"22,84600";"2,74680";"0,35474"
"22,85600";"2,73181";"0,35344"
"22,86600";"2,71693";"0,35184"
"22,87600";"2,70194";"0,34433"
"22,88600";"2,68694";"0,34054"
"22,89600";"2,67183";"0,34613"
"22,90600";"2,65696";"0,35778"
"22,91600";"2,64197";"0,36253"
"22,92600";"2,62674";"0,36282"
"22,93600";"2,61174";"0,36509"
"22,94600";"2,59687";"0,36614"
"22,95600";"2,58199";"0,36965"
"22,96600";"2,56700";"0,37310"
"22,97600";"2,55201";"0,36509"
"22,98600";"2,53701";"0,35703"
"22,99600";"2,52202";"0,35898"
"23,00600";"2,50679";"0,35791"
"23,01600";"2,49180";"0,34654"
"23,02600";"2,47704";"0,32822"
"23,03600";"2,46217";"0,33362"
"23,04600";"2,44717";"0,34624"
"23,05600";"2,43194";"0,35363"
"23,06600";"2,41695";"0,35665"
"23,07600";"2,40196";"0,35914"
"23,08600";"2,38673";"0,36463"
"23,09600";"2,37162";"0,37012"
"23,10600";"2,35674";"0,36928"
"23,11600";"2,34199";"0,36375"
"23,12600";"2,32711";"0,36704"
"23,13600";"2,31200";"0,36627"
"23,14600";"2,29701";"0,35924"
"23,15600";"2,28201";"0,34943"
"23,16600";"2,26702";"0,34895"
"23,17600";"2,25203";"0,35260"
"23,18600";"2,23703";"0,35812"
"23,19600";"2,22216";"0,36209"
"23,20600";"2,20717";"0,35740"
"23,21600";"2,19217";"0,35200"
"23,22600";"2,17706";"0,35168"
"23,23600";"2,16207";"0,35385"
"23,24600";"2,14708";"0,35906"
"23,25600";"2,13197";"0,36216"
"23,26600";"2,11697";"0,36118"
"23,27600";"2,10198";"0,36150"
"23,28600";"2,08710";"0,36803"
"23,29600";"2,07188";"0,37341"
"23,30600";"2,05688";"0,37234"
"23,31600";"2,04189";"0,36968"
"23,32600";"2,02678";"0,36304"
"23,33600";"2,01190";"0,35615"
"23,34600";"1,99691";"0,35419"
"23,35600";"1,98203";"0,34988"
"23,36600";"1,96704";"0,33920"
"23,37600";"1,95193";"0,33542"
"23,38600";"1,93694";"0,34399"
"23,39600";"1,92194";"0,34249"
"23,40600";"1,90695";"0,33615"
"23,41600";"1,89196";"0,33207"
"23,42600";"1,87685";"0,33671"
"23,43600";"1,86197";"0,33891"
"23,44600";"1,84710";"0,33762"
"23,45600";"1,83199";"0,33670"
"23,46600";"1,81699";"0,34495"
"23,47600";"1,80176";"0,34885"
"23,48600";"1,78677";"0,34788"
"23,49600";"1,77190";"0,34613"
"23,50600";"1,75690";"0,35001"
"23,51600";"1,74191";"0,35180"
"23,52600";"1,72692";"0,34888"
"23,53600";"1,71204";"0,35046"
"23,54600";"1,69705";"0,35841"
"23,55600";"1,68206";"0,35854"
"23,56600";"1,66694";"0,36114"
"23,57600";"1,65207";"0,36669"
"23,58600";"1,63719";"0,36583"
"23,59600";"1,62208";"0,36598"
"23,60600";"1,60709";"0,36753"
"23,61600";"1,59210";"0,35989"
"23,62600";"1,57710";"0,34892"
"23,63600";"1,56199";"0,34608"
"23,64600";"1,54688";"0,34102"
"23,65600";"1,53201";"0,34240"
"23,66600";"1,51701";"0,34466"
"23,67600";"1,50202";"0,34718"
"23,68600";"1,48691";"0,35373"
"23,69600";"1,47192";"0,35255"
"23,70600";"1,45692";"0,35282"
"23,71600";"1,44193";"0,35826"
"23,72600";"1,42682";"0,35340"
"23,73600";"1,41194";"0,34432"
"23,74600";"1,39707";"0,33728"
"23,75600";"1,38208";"0,33974"
"23,76600";"1,36685";"0,35071"
"23,77600";"1,35185";"0,36054"
"23,78600";"1,33686";"0,36466"
"23,79600";"1,32175";"0,36743"
"23,80600";"1,30676";"0,36914"
"23,81600";"1,29188";"0,37001"
"23,82600";"1,27701";"0,36973"
"23,83600";"1,26213";"0,37021"
"23,84600";"1,24714";"0,36990"
"23,85600";"1,23203";"0,36342"
"23,86600";"1,21715";"0,36143"
"23,87600";"1,20216";"0,36398"
"23,88600";"1,18705";"0,36958"
"23,89600";"1,17206";"0,36577"
"23,90600";"1,15718";"0,35915"
"23,91600";"1,14219";"0,35962"
"23,92600";"1,12708";"0,35776"
"23,93600";"1,11197";"0,34380"
"23,94600";"1,09697";"0,33610"
"23,95600";"1,08210";"0,34264"
"23,96600";"1,06710";"0,35229"
"23,97600";"1,05211";"0,34977"
"23,98600";"1,03712";"0,34008"
"23,99600";"1,02201";"0,33877"
"24,00600";"1,00701";"0,33901"
"24,01600";"0,99190";"0,33845"
"24,02600";"0,97691";"0,34111"
"24,03600";"0,96192";"0,34707"
"24,04600";"0,94692";"0,35451"
"24,05600";"0,93193";"0,36002"
"24,06600";"0,91694";"0,34938"
"24,07600";"0,90206";"0,34116"
"24,08600";"0,88695";"0,35053"
"24,09600";"0,87184";"0,35895"
"24,10600";"0,85685";"0,36076"
"24,11600";"0,84185";"0,35324"
"24,12600";"0,82686";"0,35256"
"24,13600";"0,81199";"0,35128"
"24,14600";"0,79699";"0,34841"
"24,15600";"0,78212";"0,34315"
"24,16600";"0,76724";"0,34436"
"24,17600";"0,75237";"0,34742"
"24,18600";"0,73726";"0,34763"
"24,19600";"0,72215";"0,34992"
"24,20600";"0,70727";"0,35617"
"24,21600";"0,69216";"0,35966"
"24,22600";"0,67705";"0,36420"
"24,23600";"0,66194";"0,36630"
"24,24600";"0,64706";"0,37191"
"24,25600";"0,63207";"0,36755"
"24,26600";"0,61696";"0,35769"
"24,27600";"0,60185";"0,35427"
"24,28600";"0,58697";"0,35051"
"24,29600";"0,57198";"0,34758"
"24,30600";"0,55687";"0,35008"
"24,31600";"0,54176";"0,35647"
"24,32600";"0,52688";"0,35735"
"24,33600";"0,51189";"0,35131"
"24,34600";"0,49666";"0,34976"
"24,35600";"0,48167";"0,35058"
"24,36600";"0,46691";"0,34615"
"24,37600";"0,45203";"0,34987"
"24,38600";"0,43692";"0,35326"
"24,39600";"0,42181";"0,35754"
"24,40600";"0,40694";"0,35806"
"24,41600";"0,39194";"0,36445"
"24,42600";"0,37683";"0,36743"
"24,43600";"0,36172";"0,36680"
"24,44600";"0,34685";"0,36709"
"24,45600";"0,33197";"0,35844"
"24,46600";"0,31710";"0,35098"
"24,47600";"0,30199";"0,34519"
"24,48600";"0,28711";"0,33812"
"24,49600";"0,27212";"0,33669"
"24,50600";"0,25701";"0,33513"
"24,51600";"0,24201";"0,33880"
"24,52600";"0,22702";"0,34274"
"24,53600";"0,21215";"0,35133"
"24,54600";"0,19703";"0,35846"
"24,55600";"0,18192";"0,35722"
"24,56600";"0,16681";"0,34840"
"24,57600";"0,15194";"0,34180"
"24,58600";"0,13694";"0,34326"
"24,59600";"0,12195";"0,34611"
"24,60600";"0,10708";"0,34520"
"24,61600";"0,09232";"0,34092"
"24,62600";"0,07744";"0,33945"
"24,63600";"0,06233";"0,34556"
"24,64600";"0,04722";"0,35082"
"24,65600";"0,03223";"0,35641"
"24,66600";"0,01724";"0,36233"
"24,67600";"0,00213";"0,36873"
"24,67800";"-0,00083";"0,36916"
"24,68000";"-0,00378";"0,36913"
"24,69000";"-0,01676";"0,36693"
"24,70000";"-0,02397";"0,37786"
"24,70600";"-0,02562";"0,39101"
"24,71600";"-0,02479";"0,40548"
"24,72600";"-0,01948";"0,40690"
"24,73600";"-0,00756";"0,41183"
"24,74600";"0,00980";"0,42246"
"24,75600";"0,03010";"0,42601"
"24,76600";"0,05171";"0,42588"
"24,77600";"0,07355";"0,41126"
"24,78600";"0,09480";"0,39212"
"24,79600";"0,11522";"0,36658"
"24,80600";"0,13482";"0,34732"
"24,81600";"0,15359";"0,33806"
"24,82600";"0,17142";"0,33441"
"24,83600";"0,18889";"0,33928"
"24,84600";"0,20577";"0,34495"
"24,85600";"0,22230";"0,34732"
"24,86600";"0,23847";"0,34141"
"24,87600";"0,25429";"0,33574"
"24,88600";"0,27011";"0,34563"
"24,89600";"0,28558";"0,35115"
"24,90600";"0,30104";"0,35127"
"24,91600";"0,31651";"0,35392"
"24,92600";"0,33174";"0,35908"
"24,93600";"0,34708";"0,36986"
"24,94600";"0,36219";"0,37146"
"24,95600";"0,37731";"0,37032"
"24,96600";"0,39230";"0,37437"
"24,97600";"0,40741";"0,37676"
"24,98600";"0,42252";"0,37239"
"24,99600";"0,43763";"0,36549"
"25,00600";"0,45274";"0,36610"
"25,01600";"0,46785";"0,35937"
"25,02600";"0,48285";"0,35448"
"25,03600";"0,49784";"0,35503"
"25,04600";"0,51283";"0,35889"
"25,05600";"0,52771";"0,35836"
"25,06600";"0,54282";"0,35958"
"25,07600";"0,55793";"0,35825"
"25,08600";"0,57292";"0,35763"
"25,09600";"0,58792";"0,34784"
"25,10600";"0,60291";"0,33818"
"25,11600";"0,61802";"0,34038"
"25,12600";"0,63290";"0,34032"
"25,13600";"0,64801";"0,33524"
"25,14600";"0,66300";"0,33717"
"25,15600";"0,67799";"0,34264"
"25,16600";"0,69299";"0,34513"
"25,17600";"0,70786";"0,34333"
"25,18600";"0,72285";"0,33993"
"25,19600";"0,73797";"0,34195"
"25,20600";"0,75296";"0,33959"
"25,21600";"0,76795";"0,33730"
"25,22600";"0,78306";"0,33856"
"25,23600";"0,79806";"0,33727"
"25,24600";"0,81317";"0,34169"
"25,25600";"0,82816";"0,34793"
"25,26600";"0,84303";"0,34938"
"25,27600";"0,85791";"0,34501"
"25,28600";"0,87290";"0,33859"
"25,29600";"0,88778";"0,33511"
"25,30600";"0,90277";"0,33792"
"25,31600";"0,91788";"0,34164"
"25,32600";"0,93288";"0,34831"
"25,33600";"0,94799";"0,35030"
"25,34600";"0,96298";"0,35189"
"25,35600";"0,97785";"0,35390"
"25,36600";"0,99285";"0,35854"
"25,37600";"1,00784";"0,35536"
"25,38600";"1,02295";"0,35068"
"25,39600";"1,03794";"0,35872"
"25,40600";"1,05306";"0,35957"
"25,41600";"1,06805";"0,36094"
"25,42600";"1,08304";"0,35813"
"25,43600";"1,09803";"0,35443"
"25,44600";"1,11303";"0,35754"
"25,45600";"1,12802";"0,35876"
"25,46600";"1,14301";"0,36122"
"25,47600";"1,15801";"0,35926"
"25,48600";"1,17300";"0,35791"
"25,49600";"1,18799";"0,36294"
"25,50600";"1,20299";"0,36307"
"25,51600";"1,21798";"0,35307"
"25,52600";"1,23285";"0,34353"
"25,53600";"1,24797";"0,33982"
"25,54600";"1,26308";"0,34142"
"25,55600";"1,27807";"0,35004"
"25,56600";"1,29306";"0,35740"
"25,57600";"1,30806";"0,36209"
"25,58600";"1,32293";"0,35996"
"25,59600";"1,33792";"0,35792"
"25,60600";"1,35292";"0,35892"
"25,61600";"1,36791";"0,35934"
"25,62600";"1,38302";"0,36003"
"25,63600";"1,39813";"0,35547"
"25,64600";"1,41313";"0,35132"
"25,65600";"1,42800";"0,34895"
"25,66600";"1,44311";"0,34322"
"25,67600";"1,45799";"0,35001"
"25,68600";"1,47286";"0,36105"
"25,69600";"1,48797";"0,36801"
"25,70600";"1,50308";"0,37177"
"25,71600";"1,51808";"0,37417"
"25,72600";"1,53307";"0,37716"
"25,73600";"1,54806";"0,37417"
"25,74600";"1,56306";"0,37562"
"25,75600";"1,57793";"0,37654"
"25,76600";"1,59292";"0,37494"
"25,77600";"1,60803";"0,37677"
"25,78600";"1,62315";"0,36603"
"25,79600";"1,63814";"0,36164"
"25,80600";"1,65301";"0,36226"
"25,81600";"1,66801";"0,36100"
"25,82600";"1,68312";"0,36331"
"25,83600";"1,69799";"0,35712"
"25,84600";"1,71299";"0,35578"
"25,85600";"1,72810";"0,36161"
"25,86600";"1,74309";"0,36121"
"25,87600";"1,75808";"0,36022"
"25,88600";"1,77308";"0,36146"
"25,89600";"1,78795";"0,36191"
"25,90600";"1,80294";"0,35885"
"25,91600";"1,81782";"0,35234"
"25,92600";"1,83281";"0,34897"
"25,93600";"1,84792";"0,34288"
"25,94600";"1,86292";"0,33743"
"25,95600";"1,87803";"0,33419"
"25,96600";"1,89302";"0,33377"
"25,97600";"1,90801";"0,32820"
"25,98600";"1,92301";"0,32465"
"25,99600";"1,93800";"0,32935"
"26,00600";"1,95299";"0,33461"
"26,01600";"1,96799";"0,34076"
"26,02600";"1,98298";"0,34480"
"26,03600";"1,99797";"0,34555"
"26,04600";"2,01297";"0,34698"
"26,05600";"2,02796";"0,34736"
"26,06600";"2,04295";"0,34772"
"26,07600";"2,05783";"0,34812"
"26,08600";"2,07282";"0,34627"
"26,09600";"2,08781";"0,34528"
"26,10600";"2,10281";"0,34964"
"26,11600";"2,11780";"0,34931"
"26,12600";"2,13279";"0,35510"
"26,13600";"2,14790";"0,35912"
"26,14600";"2,16290";"0,35871"
"26,15600";"2,17801";"0,35166"
"26,16600";"2,19300";"0,34348"
"26,17600";"2,20811";"0,34462"
"26,18600";"2,22310";"0,35118"
"26,19600";"2,23810";"0,35432"
"26,20600";"2,25321";"0,34684"
"26,21600";"2,26820";"0,34592"
"26,22600";"2,28308";"0,34986"
"26,23600";"2,29795";"0,35806"
"26,24600";"2,31306";"0,36517"
"26,25600";"2,32806";"0,36957"
"26,26600";"2,34293";"0,37422"
"26,27600";"2,35792";"0,37158"
"26,28600";"2,37303";"0,36607"
"26,29600";"2,38803";"0,35698"
"26,30600";"2,40290";"0,35021"
"26,31600";"2,41766";"0,34635"
"26,32600";"2,43265";"0,34781"
"26,33600";"2,44765";"0,34801"
"26,34600";"2,46264";"0,34341"
"26,35600";"2,47763";"0,34483"
"26,36600";"2,49262";"0,34899"
"26,37600";"2,50762";"0,35753"
"26,38600";"2,52249";"0,36660"
"26,39600";"2,53749";"0,37264"
"26,40600";"2,55248";"0,36769"
"26,41600";"2,56759";"0,36154"
"26,42600";"2,58270";"0,35473"
"26,43600";"2,59793";"0,34541"
"26,44600";"2,61304";"0,33789"
"26,45600";"2,62815";"0,33207"
"26,46600";"2,64303";"0,33283"
"26,47600";"2,65814";"0,33713"
"26,48600";"2,67325";"0,34490"
"26,49600";"2,68824";"0,35152"
"26,50600";"2,70324";"0,34940"
"26,51600";"2,71835";"0,34672"
"26,52600";"2,73322";"0,34933"
"26,53600";"2,74822";"0,35151"
"26,54600";"2,76321";"0,34959"
"26,55600";"2,77808";"0,35943"
"26,56600";"2,79308";"0,36225"
"26,57600";"2,80807";"0,36313"
"26,58600";"2,82306";"0,36573"
"26,59600";"2,83806";"0,36593"
"26,60600";"2,85317";"0,36598"
"26,61600";"2,86804";"0,36410"
"26,62600";"2,88292";"0,36058"
"26,63600";"2,89779";"0,35553"
"26,64600";"2,91267";"0,35166"
"26,65600";"2,92754";"0,35055"
"26,66600";"2,94242";"0,34994"
"26,67600";"2,95741";"0,34712"
"26,68600";"2,97252";"0,34789"
"26,69600";"2,98763";"0,34736"
"26,70600";"3,00262";"0,34656"
"26,71600";"3,01774";"0,34673"
"26,72600";"3,03297";"0,35277"
"26,73600";"3,04796";"0,35067"
"26,74600";"3,06295";"0,34684"
"26,75600";"3,07806";"0,35445"
"26,76600";"3,09317";"0,36068"
"26,77600";"3,10828";"0,36157"
"26,78600";"3,12340";"0,36214"
"26,79600";"3,13851";"0,36393"
"26,80600";"3,15350";"0,36804"
"26,81600";"3,16849";"0,37082"
"26,82600";"3,18349";"0,36630"
"26,83600";"3,19848";"0,36934"
"26,84600";"3,21347";"0,37616"
"26,85600";"3,22835";"0,37534"
"26,86600";"3,24322";"0,37483"
"26,87600";"3,25822";"0,37357"
"26,88600";"3,27309";"0,36529"
"26,89600";"3,28820";"0,35804"
"26,90600";"3,30319";"0,35174"
"26,91600";"3,31819";"0,34975"
"26,92600";"3,33306";"0,35684"
"26,93600";"3,34770";"0,36130"
"26,94600";"3,36234";"0,35861"
"26,95600";"3,37733";"0,35118"
"26,96600";"3,39244";"0,34770"
"26,97600";"3,40744";"0,35205"
"26,98600";"3,42255";"0,36015"
"26,99600";"3,43778";"0,36619"
"27,00600";"3,45312";"0,36901"
"27,01600";"3,46835";"0,36577"
"27,02600";"3,48335";"0,36133"
"27,03600";"3,49834";"0,36215"
"27,04600";"3,51322";"0,36215"
"27,05600";"3,52821";"0,36296"
"27,06600";"3,54332";"0,36138"
"27,07600";"3,55831";"0,35350"
"27,08600";"3,57331";"0,35139"
"27,09600";"3,58818";"0,34615"
"27,10600";"3,60306";"0,34062"
"27,11600";"3,61805";"0,33969"
"27,12600";"3,63304";"0,34271"
"27,13600";"3,64803";"0,35222"
"27,14600";"3,66291";"0,35876"
"27,15600";"3,67802";"0,37177"
"27,16600";"3,69301";"0,37457"
"27,17600";"3,70789";"0,36871"
"27,18600";"3,72300";"0,36486"
"27,19600";"3,73811";"0,35906"
"27,20600";"3,75310";"0,35154"
"27,21600";"3,76810";"0,34306"
"27,22600";"3,78309";"0,34538"
"27,23600";"3,79797";"0,34715"
"27,24600";"3,81272";"0,34926"
"27,25600";"3,82748";"0,35570"
"27,26600";"3,84235";"0,35094"
"27,27600";"3,85735";"0,34379"
"27,28600";"3,87258";"0,34400"
"27,29600";"3,88792";"0,35009"
"27,30600";"3,90315";"0,35522"
"27,31600";"3,91826";"0,35511"
"27,32600";"3,93326";"0,35032"
"27,33600";"3,94825";"0,33959"
"27,34600";"3,96336";"0,34030"
"27,35600";"3,97847";"0,34344"
"27,36600";"3,99358";"0,34778"
"27,37600";"4,00858";"0,35337"
"27,38600";"4,02357";"0,35609"
"27,39600";"4,03844";"0,36044"
"27,40600";"4,05332";"0,36248"
"27,41600";"4,06819";"0,36130"
"27,42600";"4,08307";"0,35508"
"27,43600";"4,09806";"0,35600"
"27,44600";"4,11306";"0,35989"
"27,45600";"4,12817";"0,35639"
"27,46600";"4,14316";"0,34526"
"27,47600";"4,15827";"0,34172"
"27,48600";"4,17315";"0,34125"
"27,49600";"4,18814";"0,34209"
"27,50600";"4,20313";"0,33662"
"27,51600";"4,21813";"0,33327"
"27,52600";"4,23300";"0,34193"
"27,53600";"4,24787";"0,34860"
"27,54600";"4,26275";"0,34864"
"27,55600";"4,27763";"0,34501"
"27,56600";"4,29250";"0,34247"
"27,57600";"4,30749";"0,34108"
"27,58600";"4,32260";"0,34571"
"27,59600";"4,33772";"0,34772"
"27,60600";"4,35283";"0,35255"
"27,61600";"4,36806";"0,34895"
"27,62600";"4,38317";"0,35055"
"27,63600";"4,39828";"0,34547"
"27,64600";"4,41327";"0,34332"
"27,65600";"4,42838";"0,34295"
"27,66600";"4,44349";"0,34269"
"27,67600";"4,45849";"0,34708"
"27,68600";"4,47348";"0,35118"
"27,69600";"4,48835";"0,35819"
"27,70600";"4,50335";"0,36655"
"27,71600";"4,51822";"0,36574"
"27,72600";"4,53310";"0,36117"
"27,73600";"4,54809";"0,35941"
"27,74600";"4,56308";"0,35993"
"27,75600";"4,57808";"0,35643"
"27,76600";"4,59307";"0,35188"
"27,77600";"4,60806";"0,35198"
"27,78600";"4,62294";"0,35307"
"27,79600";"4,63781";"0,34771"
"27,80600";"4,65269";"0,34011"
"27,81600";"4,66756";"0,34344"
"27,82600";"4,68256";"0,34943"
"27,83600";"4,69767";"0,35058"
"27,84600";"4,71266";"0,35297"
"27,85600";"4,72765";"0,35461"
"27,86600";"4,74276";"0,35294"
"27,87600";"4,75787";"0,35044"
"27,88600";"4,77275";"0,35396"
"27,89600";"4,78774";"0,35205"
"27,90600";"4,80285";"0,35226"
"27,91600";"4,81797";"0,35788"
"27,92600";"4,83319";"0,35820"
"27,93600";"4,84831";"0,35814"
"27,94600";"4,86330";"0,35385"
"27,95600";"4,87829";"0,34633"
"27,96600";"4,89317";"0,35130"
"27,97600";"4,90816";"0,36457"
"27,98600";"4,92315";"0,36934"
"27,99600";"4,93826";"0,36943"
"28,00600";"4,95314";"0,36481"
"28,01600";"4,96813";"0,35655"
"28,02600";"4,98313";"0,34280"
"28,03600";"4,99812";"0,33244"
"28,04600";"5,01311";"0,33281"
"28,05600";"5,02810";"0,33612"
"28,06600";"5,04310";"0,34806"
"28,07600";"5,05809";"0,35192"
"28,08600";"5,07308";"0,35207"
"28,09600";"5,08796";"0,34457"
"28,10600";"5,10283";"0,33769"
"28,11600";"5,11783";"0,33463"
"28,12600";"5,13270";"0,33678"
"28,13600";"5,14769";"0,35123"
"28,14600";"5,16281";"0,35740"
"28,15600";"5,17803";"0,35751"
"28,16600";"5,19326";"0,35007"
"28,17600";"5,20826";"0,34423"
"28,18600";"5,22313";"0,34186"
"28,19600";"5,23813";"0,33900"
"28,20600";"5,25300";"0,33875"
"28,21600";"5,26811";"0,34300"
"28,22600";"5,28322";"0,35231"
"28,23600";"5,29822";"0,35569"
"28,24600";"5,31333";"0,35744"
"28,25600";"5,32820";"0,36146"
"28,26600";"5,34319";"0,36134"
"28,27600";"5,35807";"0,36242"
"28,28600";"5,37306";"0,36994"
"28,29600";"5,38806";"0,37260"
"28,30600";"5,40305";"0,37112"
"28,31600";"5,41804";"0,36317"
"28,32600";"5,43315";"0,35906"
"28,33600";"5,44815";"0,36079"
"28,34600";"5,46314";"0,35946"
"28,35600";"5,47801";"0,35752"
"28,36600";"5,49301";"0,35736"
"28,37600";"5,50800";"0,35585"
"28,38600";"5,52299";"0,35166"
"28,39600";"5,53799";"0,34940"
"28,40600";"5,55298";"0,34915"
"28,41600";"5,56785";"0,34675"
"28,42600";"5,58273";"0,35207"
"28,43600";"5,59772";"0,36072"
"28,44600";"5,61283";"0,35953"
"28,45600";"5,62794";"0,35852"
"28,46600";"5,64306";"0,35558"
"28,47600";"5,65805";"0,35999"
"28,48600";"5,67316";"0,36016"
"28,49600";"5,68827";"0,35680"
"28,50600";"5,70326";"0,35614"
"28,51600";"5,71826";"0,35397"
"28,52600";"5,73325";"0,34800"
"28,53600";"5,74836";"0,34936"
"28,54600";"5,76335";"0,35228"
"28,55600";"5,77823";"0,35465"
"28,56600";"5,79322";"0,35379"
"28,57600";"5,80810";"0,35360"
"28,58600";"5,82309";"0,35478"
"28,59600";"5,83797";"0,36003"
"28,60600";"5,85296";"0,35628"
"28,61600";"5,86807";"0,35290"
"28,62600";"5,88306";"0,35618"
"28,63600";"5,89806";"0,35972"
"28,64600";"5,91305";"0,36323"
"28,65600";"5,92804";"0,36906"
"28,66600";"5,94292";"0,37124"
"28,67600";"5,95791";"0,36852"
"28,68600";"5,97290";"0,36087"
"28,69600";"5,98790";"0,35593"
"28,70600";"6,00289";"0,35702"
"28,71600";"6,01800";"0,36098"
"28,72600";"6,03299";"0,36446"
"28,73600";"6,04810";"0,35748"
"28,74600";"6,06310";"0,35668"
"28,75600";"6,07797";"0,35486"
"28,76600";"6,09308";"0,35841"
"28,77600";"6,10808";"0,36376"
"28,78600";"6,12307";"0,36846"
"28,79600";"6,13806";"0,37179"
"28,80600";"6,15306";"0,36104"
"28,81600";"6,16805";"0,35064"
"28,82600";"6,18292";"0,34677"
"28,83600";"6,19792";"0,34915"
"28,84600";"6,21303";"0,35615"
"28,85600";"6,22814";"0,36474"
"28,86600";"6,24313";"0,36801"
"28,87600";"6,25812";"0,36780"
"28,88600";"6,27312";"0,35768"
"28,89600";"6,28811";"0,35281"
"28,90600";"6,30310";"0,35053"
"28,91600";"6,31810";"0,35274"
"28,92600";"6,33321";"0,35444"
"28,93600";"6,34820";"0,35200"
"28,94600";"6,36308";"0,35221"
"28,95600";"6,37807";"0,34977"
"28,96600";"6,39306";"0,34896"
"28,97600";"6,40806";"0,35310"
"28,98600";"6,42281";"0,35359"
"28,99600";"6,43792";"0,35199"
"29,00600";"6,45292";"0,35659"
"29,01600";"6,46803";"0,35759"
"29,02600";"6,48290";"0,35075"
"29,03600";"6,49790";"0,34752"
"29,04600";"6,51289";"0,35324"
"29,05600";"6,52788";"0,36742"
"29,06600";"6,54276";"0,38133"
"29,07600";"6,55775";"0,38501"
"29,08600";"6,57286";"0,38215"
"29,09600";"6,58785";"0,37749"
"29,10600";"6,60297";"0,37247"
"29,11600";"6,61796";"0,36020"
"29,12600";"6,63295";"0,35798"
"29,13600";"6,64794";"0,36133"
"29,14600";"6,66282";"0,36666"
"29,15600";"6,67793";"0,37043"
"29,16600";"6,69292";"0,36668"
"29,17600";"6,70792";"0,36191"
"29,18600";"6,72291";"0,35678"
"29,19600";"6,73790";"0,35353"
"29,20600";"6,75301";"0,35296"
"29,21600";"6,76801";"0,35056"
"29,22600";"6,78300";"0,34915"
"29,23600";"6,79799";"0,34388"
"29,24600";"6,81299";"0,34184"
"29,25600";"6,82798";"0,34724"
"29,26600";"6,84297";"0,35810"
"29,27600";"6,85796";"0,36233"
"29,28600";"6,87296";"0,36069"
"29,29600";"6,88783";"0,36556"
"29,30600";"6,90294";"0,36878"
"29,31600";"6,91794";"0,36672"
"29,32600";"6,93305";"0,36807"
"29,33600";"6,94804";"0,36170"
"29,34600";"6,96303";"0,35888"
"29,35600";"6,97803";"0,36510"
"29,36600";"6,99302";"0,37682"
"29,37600";"7,00790";"0,38671"
"29,38600";"7,02289";"0,39001"
"29,39600";"7,03788";"0,37901"
"29,40600";"7,05288";"0,36839"
"29,41600";"7,06787";"0,35865"
"29,42600";"7,08298";"0,35836"
"29,43600";"7,09797";"0,36855"
"29,44600";"7,11297";"0,36762"
"29,45600";"7,12784";"0,36944"
"29,46600";"7,14283";"0,36930"
"29,47600";"7,15783";"0,37155"
"29,48600";"7,17282";"0,37809"
"29,49600";"7,18793";"0,37976"
"29,50600";"7,20304";"0,38277"
"29,51600";"7,21815";"0,37832"
"29,52600";"7,23315";"0,36942"
"29,53600";"7,24802";"0,36133"
"29,54600";"7,26313";"0,35935"
"29,55600";"7,27813";"0,35768"
"29,56600";"7,29312";"0,36236"
"29,57600";"7,30823";"0,36784"
"29,58600";"7,32310";"0,37058"
"29,59600";"7,33810";"0,37444"
"29,60600";"7,35309";"0,37927"
"29,61600";"7,36797";"0,37447"
"29,62600";"7,38296";"0,37017"
"29,63600";"7,39807";"0,37446"
"29,64600";"7,41306";"0,37378"
"29,65600";"7,42806";"0,38004"
"29,66600";"7,44305";"0,37548"
"29,67600";"7,45792";"0,36639"
"29,68600";"7,47280";"0,36393"
"29,69600";"7,48779";"0,37017"
"29,70600";"7,50278";"0,37181"
"29,71600";"7,51790";"0,37357"
"29,72600";"7,53301";"0,38000"
"29,73600";"7,54800";"0,39223"
"29,74600";"7,56299";"0,39247"
"29,75600";"7,57799";"0,38759"
"29,76600";"7,59298";"0,38521"
"29,77600";"7,60785";"0,38057"
"29,78600";"7,62285";"0,38962"
"29,79600";"7,63796";"0,38781"
"29,80600";"7,65307";"0,38699"
"29,81600";"7,66806";"0,38365"
"29,82600";"7,68306";"0,38460"
"29,83600";"7,69805";"0,38846"
"29,84600";"7,71304";"0,39236"
"29,85600";"7,72792";"0,38967"
"29,86600";"7,74291";"0,38315"
"29,87600";"7,75790";"0,39086"
"29,88600";"7,77278";"0,40013"
"29,89600";"7,78777";"0,39733"
"29,90600";"7,80276";"0,39547"
"29,91600";"7,81776";"0,38789"
"29,92600";"7,83275";"0,38422"
"29,93600";"7,84774";"0,37633"
"29,94600";"7,86285";"0,37446"
"29,95600";"7,87785";"0,37625"
"29,96600";"7,89296";"0,38308"
"29,97600";"7,90795";"0,38487"
"29,98600";"7,92294";"0,38253"
"29,99600";"7,93794";"0,38912"
"30,00600";"7,95269";"0,38326"
"30,01600";"7,96769";"0,37507"
"30,02600";"7,98280";"0,37200"
"30,03600";"7,99791";"0,37013"
"30,04600";"8,01290";"0,37328"
"30,05600";"8,02801";"0,38034"
"30,06600";"8,04313";"0,38760"
"30,07600";"8,05812";"0,40391"
"30,08600";"8,07299";"0,40736"
"30,09600";"8,08799";"0,40780"
"30,10600";"8,10310";"0,40403"
"30,11600";"8,11809";"0,39668"
"30,12600";"8,13320";"0,39416"
"30,13600";"8,14808";"0,40309"
"30,14600";"8,16319";"0,40680"
"30,15600";"8,17818";"0,40554"
"30,16600";"8,19306";"0,40464"
"30,17600";"8,20805";"0,40413"
"30,18600";"8,22304";"0,39520"
"30,19600";"8,23803";"0,39603"
"30,20600";"8,25315";"0,39703"
"30,21600";"8,26814";"0,40538"
"30,22600";"8,28325";"0,41503"
"30,23600";"8,29813";"0,41624"
"30,24600";"8,31312";"0,41150"
"30,25600";"8,32811";"0,40260"
"30,26600";"8,34310";"0,39995"
"30,27600";"8,35822";"0,38987"
"30,28600";"8,37309";"0,38908"
"30,29600";"8,38797";"0,39204"
"30,30600";"8,40284";"0,39358"
"30,31600";"8,41783";"0,40097"
"30,32600";"8,43283";"0,41175"
"30,33600";"8,44782";"0,41785"
"30,34600";"8,46293";"0,41838"
"30,35600";"8,47804";"0,41780"
"30,36600";"8,49327";"0,41469"
"30,37600";"8,50826";"0,40828"
"30,38600";"8,52326";"0,40266"
"30,39600";"8,53813";"0,39522"
"30,40600";"8,55313";"0,39307"
"30,41600";"8,56812";"0,39785"
"30,42600";"8,58311";"0,40287"
"30,43600";"8,59822";"0,41038"
"30,44600";"8,61322";"0,41279"
"30,45600";"8,62821";"0,40923"
"30,46600";"8,64320";"0,41061"
"30,47600";"8,65796";"0,41497"
"30,48600";"8,67283";"0,41312"
"30,49600";"8,68795";"0,41078"
"30,50600";"8,70294";"0,42068"
"30,51600";"8,71793";"0,42364"
"30,52600";"8,73292";"0,42036"
"30,53600";"8,74792";"0,41221"
"30,54600";"8,76291";"0,40427"
"30,55600";"8,77779";"0,39844"
"30,56600";"8,79278";"0,39787"
"30,57600";"8,80777";"0,39363"
"30,58600";"8,82276";"0,39162"
"30,59600";"8,83788";"0,39822"
"30,60600";"8,85287";"0,40784"
"30,61600";"8,86786";"0,41145"
"30,62600";"8,88297";"0,40995"
"30,63600";"8,89785";"0,41573"
"30,64600";"8,91284";"0,41565"
"30,65600";"8,92795";"0,41435"
"30,66600";"8,94294";"0,41708"
"30,67600";"8,95794";"0,42399"
"30,68600";"8,97293";"0,42734"
"30,69600";"8,98792";"0,42912"
"30,70600";"9,00292";"0,42672"
"30,71600";"9,01791";"0,41944"
"30,72600";"9,03279";"0,40905"
"30,73600";"9,04778";"0,40589"
"30,74600";"9,06289";"0,40526"
"30,75600";"9,07788";"0,40481"
"30,76600";"9,09287";"0,40402"
"30,77600";"9,10799";"0,40889"
"30,78600";"9,12310";"0,41233"
"30,79600";"9,13797";"0,41419"
"30,80600";"9,15297";"0,41295"
"30,81600";"9,16796";"0,41436"
"30,82600";"9,18295";"0,42191"
"30,83600";"9,19806";"0,43392"
"30,84600";"9,21305";"0,43071"
"30,85600";"9,22805";"0,42551"
"30,86600";"9,24304";"0,41506"
"30,87600";"9,25803";"0,40862"
"30,88600";"9,27303";"0,40740"
"30,89600";"9,28814";"0,40872"
"30,90600";"9,30313";"0,40586"
"30,91600";"9,31813";"0,40699"
"30,92600";"9,33324";"0,41321"
"30,93600";"9,34823";"0,42133"
"30,94600";"9,36310";"0,42322"
"30,95600";"9,37810";"0,42549"
"30,96600";"9,39309";"0,42343"
"30,97600";"9,40808";"0,42272"
"30,98600";"9,42308";"0,42709"
"30,99600";"9,43819";"0,42384"
"31,00600";"9,45330";"0,42254"
"31,01600";"9,46829";"0,42379"
"31,02600";"9,48305";"0,42260"
"31,03600";"9,49804";"0,42703"
"31,04600";"9,51304";"0,43210"
"31,05600";"9,52803";"0,43216"
"31,06600";"9,54290";"0,43214"
"31,07600";"9,55801";"0,42720"
"31,08600";"9,57301";"0,43044"
"31,09600";"9,58800";"0,43075"
"31,10600";"9,60299";"0,42686"
"31,11600";"9,61787";"0,42199"
"31,12600";"9,63298";"0,41682"
"31,13600";"9,64797";"0,41221"
"31,14600";"9,66285";"0,41384"
"31,15600";"9,67784";"0,41595"
"31,16600";"9,69295";"0,41310"
"31,17600";"9,70806";"0,41374"
"31,18600";"9,72294";"0,41524"
"31,19600";"9,73793";"0,41327"
"31,20600";"9,75304";"0,41927"
"31,21600";"9,76803";"0,42045"
"31,22600";"9,78303";"0,42325"
"31,23600";"9,79802";"0,42426"
"31,24600";"9,81290";"0,42236"
"31,25600";"9,82789";"0,41081"
"31,26600";"9,84276";"0,41028"
"31,27600";"9,85776";"0,40450"
"31,28600";"9,87287";"0,41043"
"31,29600";"9,88798";"0,42004"
"31,30600";"9,90309";"0,42514"
"31,31600";"9,91808";"0,43124"
"31,32600";"9,93320";"0,43322"
"31,33600";"9,94819";"0,43277"
"31,34600";"9,96306";"0,42661"
"31,35600";"9,97794";"0,42412"
"31,36600";"9,99293";"0,42878"
"31,37600";"10,00804";"0,42903"
"31,38600";"10,02304";"0,43192"
"31,39600";"10,03803";"0,43470"
"31,40600";"10,05302";"0,43292"
"31,41600";"10,06801";"0,42863"
"31,42600";"10,08289";"0,42319"
"31,43600";"10,09788";"0,42566"
"31,44600";"10,11288";"0,42343"
"31,45600";"10,12799";"0,42044"
"31,46600";"10,14298";"0,42564"
"31,47600";"10,15797";"0,43549"
"31,48600";"10,17308";"0,44206"
"31,49600";"10,18820";"0,44466"
"31,50600";"10,20319";"0,44201"
"31,51600";"10,21818";"0,43431"
"31,52600";"10,23329";"0,42880"
"31,53600";"10,24828";"0,42721"
"31,54600";"10,26328";"0,42619"
"31,55600";"10,27827";"0,43638"
"31,56600";"10,29326";"0,43803"
"31,57600";"10,30814";"0,43144"
"31,58600";"10,32313";"0,42832"
"31,59600";"10,33813";"0,42769"
"31,60600";"10,35312";"0,42520"
"31,61600";"10,36823";"0,42318"
"31,62600";"10,38322";"0,42044"
"31,63600";"10,39822";"0,42742"
"31,64600";"10,41321";"0,43726"
"31,65600";"10,42808";"0,44657"
"31,66600";"10,44308";"0,44892"
"31,67600";"10,45807";"0,45135"
"31,68600";"10,47318";"0,45174"
"31,69600";"10,48817";"0,44769"
"31,70600";"10,50317";"0,44170"
"31,71600";"10,51828";"0,43816"
"31,72600";"10,53315";"0,44484"
"31,73600";"10,54803";"0,43940"
"31,74600";"10,56302";"0,43565"
"31,75600";"10,57790";"0,43591"
"31,76600";"10,59289";"0,43118"
"31,77600";"10,60788";"0,42490"
"31,78600";"10,62288";"0,42583"
"31,79600";"10,63787";"0,42930"
"31,80600";"10,65286";"0,43651"
"31,81600";"10,66785";"0,45098"
"31,82600";"10,68285";"0,45685"
"31,83600";"10,69784";"0,45788"
"31,84600";"10,71283";"0,44900"
"31,85600";"10,72794";"0,44136"
"31,86600";"10,74282";"0,43749"
"31,87600";"10,75781";"0,44391"
"31,88600";"10,77292";"0,44396"
"31,89600";"10,78792";"0,44514"
"31,90600";"10,80279";"0,44363"
"31,91600";"10,81790";"0,44382"
"31,92600";"10,83290";"0,44871"
"31,93600";"10,84789";"0,45077"
"31,94600";"10,86300";"0,43910"
"31,95600";"10,87799";"0,43015"
"31,96600";"10,89299";"0,43256"
"31,97600";"10,90786";"0,44068"
"31,98600";"10,92285";"0,45019"
"31,99600";"10,93785";"0,45634"
"32,00600";"10,95296";"0,45162"
"32,01600";"10,96807";"0,44335"
"32,02600";"10,98306";"0,43947"
"32,03600";"10,99806";"0,43647"
"32,04600";"11,01305";"0,43778"
"32,05600";"11,02792";"0,44809"
"32,06600";"11,04292";"0,45602"
"32,07600";"11,05803";"0,45597"
"32,08600";"11,07302";"0,45897"
"32,09600";"11,08801";"0,45891"
"32,10600";"11,10301";"0,45221"
"32,11600";"11,11800";"0,44554"
"32,12600";"11,13299";"0,44358"
"32,13600";"11,14799";"0,45024"
"32,14600";"11,16298";"0,45104"
"32,15600";"11,17809";"0,45015"
"32,16600";"11,19308";"0,45090"
"32,17600";"11,20808";"0,45319"
"32,18600";"11,22307";"0,45103"
"32,19600";"11,23794";"0,45165"
"32,20600";"11,25294";"0,45262"
"32,21600";"11,26793";"0,45256"
"32,22600";"11,28304";"0,45718"
"32,23600";"11,29803";"0,45888"
"32,24600";"11,31303";"0,46200"
"32,25600";"11,32802";"0,46412"
"32,26600";"11,34301";"0,46728"
"32,27600";"11,35801";"0,46446"
"32,28600";"11,37288";"0,46202"
"32,29600";"11,38788";"0,45873"
"32,30600";"11,40298";"0,45947"
"32,31600";"11,41810";"0,45650"
"32,32600";"11,43321";"0,45627"
"32,33600";"11,44820";"0,45643"
"32,34600";"11,46319";"0,44959"
"32,35600";"11,47819";"0,44644"
"32,36600";"11,49306";"0,44519"
"32,37600";"11,50806";"0,44950"
"32,38600";"11,52305";"0,45339"
"32,39600";"11,53816";"0,45405"
"32,40600";"11,55315";"0,45279"
"32,41600";"11,56815";"0,45304"
"32,42600";"11,58314";"0,46165"
"32,43600";"11,59813";"0,47151"
"32,44600";"11,61312";"0,47326"
"32,45600";"11,62800";"0,46702"
"32,46600";"11,64311";"0,45742"
"32,47600";"11,65810";"0,45788"
"32,48600";"11,67310";"0,46229"
"32,49600";"11,68797";"0,46020"
"32,50600";"11,70296";"0,46540"
"32,51600";"11,71808";"0,47137"
"32,52600";"11,73307";"0,47227"
"32,53600";"11,74806";"0,47422"
"32,54600";"11,76317";"0,46760"
"32,55600";"11,77817";"0,46872"
"32,56600";"11,79316";"0,46806"
"32,57600";"11,80803";"0,47077"
"32,58600";"11,82303";"0,47394"
"32,59600";"11,83802";"0,47661"
"32,60600";"11,85290";"0,47526"
"32,61600";"11,86777";"0,46561"
"32,62600";"11,88276";"0,46443"
"32,63600";"11,89787";"0,46593"
"32,64600";"11,91299";"0,46919"
"32,65600";"11,92798";"0,47426"
"32,66600";"11,94309";"0,47807"
"32,67600";"11,95797";"0,47752"
"32,68600";"11,97296";"0,47620"
"32,69600";"11,98795";"0,47202"
"32,70600";"12,00294";"0,47062"
"32,71600";"12,01806";"0,46939"
"32,72600";"12,03305";"0,46859"
"32,73600";"12,04804";"0,46932"
"32,74600";"12,06304";"0,45874"
"32,75600";"12,07803";"0,45244"
"32,76600";"12,09290";"0,45332"
"32,77600";"12,10790";"0,45958"
"32,78600";"12,12301";"0,46607"
"32,79600";"12,13800";"0,47651"
"32,80600";"12,15299";"0,48364"
"32,81600";"12,16787";"0,48232"
"32,82600";"12,18286";"0,49155"
"32,83600";"12,19774";"0,49223"
"32,84600";"12,21273";"0,49224"
"32,85600";"12,22772";"0,49678"
"32,86600";"12,24283";"0,49168"
"32,87600";"12,25795";"0,48786"
"32,88600";"12,27294";"0,48778"
"32,89600";"12,28793";"0,48834"
"32,90600";"12,30292";"0,48957"
"32,91600";"12,31780";"0,49065"
"32,92600";"12,33267";"0,49170"
"32,93600";"12,34778";"0,49139"
"32,94600";"12,36278";"0,48410"
"32,95600";"12,37801";"0,48377"
"32,96600";"12,39300";"0,48901"
"32,97600";"12,40799";"0,49479"
"32,98600";"12,42299";"0,50211"
"32,99600";"12,43798";"0,50872"
"33,00600";"12,45297";"0,51101"
"33,01600";"12,46797";"0,51190"
"33,02600";"12,48296";"0,51306"
"33,03600";"12,49795";"0,50564"
"33,04600";"12,51294";"0,49666"
"33,05600";"12,52805";"0,49368"
"33,06600";"12,54305";"0,49666"
"33,07600";"12,55792";"0,49485"
"33,08600";"12,57292";"0,49479"
"33,09600";"12,58791";"0,49999"
"33,10600";"12,60290";"0,50776"
"33,11600";"12,61790";"0,51133"
"33,12600";"12,63289";"0,51187"
"33,13600";"12,64788";"0,51487"
"33,14600";"12,66288";"0,51992"
"33,15600";"12,67787";"0,52419"
"33,16600";"12,69286";"0,52992"
"33,17600";"12,70797";"0,53020"
"33,18600";"12,72308";"0,52931"
"33,19600";"12,73808";"0,53017"
"33,20600";"12,75319";"0,53156"
"33,21600";"12,76818";"0,53329"
"33,22600";"12,78306";"0,53472"
"33,23600";"12,79805";"0,52870"
"33,24600";"12,81304";"0,52091"
"33,25600";"12,82815";"0,51975"
"33,26600";"12,84315";"0,52516"
"33,27600";"12,85802";"0,52640"
"33,28600";"12,87313";"0,52632"
"33,29600";"12,88813";"0,52789"
"33,30600";"12,90312";"0,52403"
"33,31600";"12,91787";"0,52266"
"33,32600";"12,93287";"0,51916"
"33,33600";"12,94786";"0,52218"
"33,34600";"12,96285";"0,53174"
"33,35600";"12,97785";"0,54048"
"33,36600";"12,99284";"0,54609"
"33,37600";"13,00795";"0,54876"
"33,38600";"13,02294";"0,54567"
"33,39600";"13,03782";"0,54134"
"33,40600";"13,05293";"0,53855"
"33,41600";"13,06804";"0,53658"
"33,42600";"13,08315";"0,53806"
"33,43600";"13,09814";"0,53930"
"33,44600";"13,11314";"0,54164"
"33,45600";"13,12801";"0,54464"
"33,46600";"13,14301";"0,55562"
"33,47600";"13,15788";"0,55496"
"33,48600";"13,17287";"0,56184"
"33,49600";"13,18787";"0,57096"
"33,50600";"13,20286";"0,57077"
"33,51600";"13,21797";"0,56326"
"33,52600";"13,23297";"0,56233"
"33,53600";"13,24796";"0,56762"
"33,54600";"13,26283";"0,57235"
"33,55600";"13,27783";"0,57349"
"33,56600";"13,29270";"0,57476"
"33,57600";"13,30781";"0,56960"
"33,58600";"13,32281";"0,57317"
"33,59600";"13,33792";"0,57726"
"33,60600";"13,35291";"0,57591"
"33,61600";"13,36790";"0,57271"
"33,62600";"13,38290";"0,57355"
"33,63600";"13,39789";"0,57233"
"33,64600";"13,41288";"0,57200"
"33,65600";"13,42787";"0,57470"
"33,66600";"13,44299";"0,57394"
"33,67600";"13,45798";"0,57674"
"33,68600";"13,47297";"0,57857"
"33,69600";"13,48796";"0,58226"
"33,70600";"13,50308";"0,58600"
"33,71600";"13,51807";"0,57980"
"33,72600";"13,53306";"0,57182"
"33,73600";"13,54806";"0,57409"
"33,74600";"13,56305";"0,57916"
"33,75600";"13,57804";"0,58496"
"33,76600";"13,59303";"0,58864"
"33,77600";"13,60803";"0,59042"
"33,78600";"13,62290";"0,59833"
"33,79600";"13,63790";"0,60303"
"33,80600";"13,65289";"0,60302"
"33,81600";"13,66800";"0,59594"
"33,82600";"13,68299";"0,59500"
"33,83600";"13,69799";"0,59370"
"33,84600";"13,71310";"0,59234"
"33,85600";"13,72797";"0,58127"
"33,86600";"13,74296";"0,58826"
"33,87600";"13,75808";"0,60110"
"33,88600";"13,77295";"0,61392"
"33,89600";"13,78806";"0,61892"
"33,90600";"13,80306";"0,61618"
"33,91600";"13,81817";"0,61285"
"33,92600";"13,83328";"0,61296"
"33,93600";"13,84815";"0,60627"
"33,94600";"13,86315";"0,60018"
"33,95600";"13,87814";"0,60625"
"33,96600";"13,89313";"0,61882"
"33,97600";"13,90801";"0,62182"
"33,98600";"13,92300";"0,62388"
"33,99600";"13,93799";"0,62809"
"34,00600";"13,95310";"0,62901"
"34,01600";"13,96810";"0,63051"
"34,02600";"13,98309";"0,63332"
"34,03600";"13,99808";"0,63258"
"34,04600";"14,01319";"0,64097"
"34,05600";"14,02831";"0,64403"
"34,06600";"14,04318";"0,64133"
"34,07600";"14,05817";"0,63778"
"34,08600";"14,07305";"0,63588"
"34,09600";"14,08792";"0,63967"
"34,10600";"14,10280";"0,64483"
"34,11600";"14,11791";"0,65271"
"34,12600";"14,13290";"0,65597"
"34,13600";"14,14790";"0,66680"
"34,14600";"14,16301";"0,67278"
"34,15600";"14,17800";"0,67855"
"34,16600";"14,19299";"0,67864"
"34,17600";"14,20787";"0,67909"
"34,18600";"14,22286";"0,68182"
"34,19600";"14,23785";"0,68074"
"34,20600";"14,25296";"0,68070"
"34,21600";"14,26796";"0,67986"
"34,22600";"14,28319";"0,67599"
"34,23600";"14,29818";"0,67279"
"34,24600";"14,31317";"0,67662"
"34,25600";"14,32805";"0,67814"
"34,26600";"14,34292";"0,68122"
"34,27600";"14,35803";"0,67809"
"34,28600";"14,37303";"0,67134"
"34,29600";"14,38802";"0,67618"
"34,30600";"14,40313";"0,68949"
"34,31600";"14,41813";"0,69351"
"34,32600";"14,43324";"0,69777"
"34,33600";"14,44811";"0,69942"
"34,34600";"14,46310";"0,70020"
"34,35600";"14,47810";"0,69382"
"34,36600";"14,49309";"0,69244"
"34,37600";"14,50820";"0,69095"
"34,38600";"14,52319";"0,70182"
"34,39600";"14,53819";"0,71570"
"34,40600";"14,55318";"0,72100"
"34,41600";"14,56806";"0,72765"
"34,42600";"14,58305";"0,72861"
"34,43600";"14,59804";"0,73184"
"34,44600";"14,61315";"0,72945"
"34,45600";"14,62826";"0,72776"
"34,46600";"14,64326";"0,73196"
"34,47600";"14,65825";"0,73996"
"34,48600";"14,67324";"0,74101"
"34,49600";"14,68800";"0,74198"
"34,50600";"14,70299";"0,74654"
"34,51600";"14,71799";"0,75125"
"34,52600";"14,73310";"0,76210"
"34,53600";"14,74809";"0,76439"
"34,54600";"14,76308";"0,76041"
"34,55600";"14,77820";"0,75903"
"34,56600";"14,79319";"0,75681"
"34,57600";"14,80806";"0,75332"
"34,58600";"14,82306";"0,74777"
"34,59600";"14,83805";"0,75710"
"34,60600";"14,85304";"0,76934"
"34,61600";"14,86804";"0,77585"
"34,62600";"14,88303";"0,77467"
"34,63600";"14,89802";"0,77927"
"34,64600";"14,91301";"0,79396"
"34,65600";"14,92812";"0,80250"
"34,66600";"14,94312";"0,81029"
"34,67600";"14,95811";"0,81730"
"34,68600";"14,97322";"0,81346"
"34,69600";"14,98822";"0,81144"
"34,70600";"15,00321";"0,81785"
"34,71600";"15,01820";"0,82350"
"34,72600";"15,03308";"0,82428"
"34,73600";"15,04807";"0,82284"
"34,74600";"15,06306";"0,81622"
"34,75600";"15,07806";"0,81548"
"34,76600";"15,09317";"0,82214"
"34,77600";"15,10816";"0,83062"
"34,78600";"15,12315";"0,84063"
"34,79600";"15,13803";"0,84661"
"34,80600";"15,15290";"0,85404"
"34,81600";"15,16778";"0,86334"
"34,82600";"15,18265";"0,86200"
"34,83600";"15,19765";"0,86235"
"34,84600";"15,21276";"0,86526"
"34,85600";"15,22775";"0,86304"
"34,86600";"15,24286";"0,85922"
"34,87600";"15,25774";"0,86166"
"34,88600";"15,27273";"0,86827"
"34,89600";"15,28772";"0,87190"
"34,90600";"15,30283";"0,88064"
"34,91600";"15,31806";"0,88607"
"34,92600";"15,33305";"0,88981"
"34,93600";"15,34817";"0,89150"
"34,94600";"15,36316";"0,90025"
"34,95600";"15,37815";"0,90697"
"34,96600";"15,39315";"0,91406"
"34,97600";"15,40802";"0,92505"
"34,98600";"15,42313";"0,93131"
"34,99600";"15,43813";"0,94033"
"35,00600";"15,45312";"0,94932"
"35,01600";"15,46811";"0,95209"
"35,02600";"15,48310";"0,96121"
"35,03600";"15,49810";"0,95872"
"35,04600";"15,51297";"0,96474"
"35,05600";"15,52797";"0,97399"
"35,06600";"15,54308";"0,98793"
"35,07600";"15,55807";"0,99793"
"35,08600";"15,57318";"1,00374"
"35,09600";"15,58817";"1,01037"
"35,10600";"15,60305";"1,02369"
"35,11600";"15,61792";"1,03580"
"35,12600";"15,63280";"1,03885"
"35,13600";"15,64779";"1,04463"
"35,14600";"15,66279";"1,05947"
"35,15600";"15,67790";"1,08196"
"35,16600";"15,69301";"1,09589"
"35,17600";"15,70800";"1,10063"
"35,18600";"15,72299";"1,10359"
"35,19600";"15,73811";"1,11088"
"35,20600";"15,75310";"1,13145"
"35,21600";"15,76809";"1,15855"
"35,22600";"15,78320";"1,18040"
"35,23600";"15,79819";"1,19190"
"35,24600";"15,81319";"1,21068"
"35,25600";"15,82806";"1,22859"
"35,26600";"15,84317";"1,24901"
"35,27600";"15,85817";"1,26198"
"35,28600";"15,87304";"1,27827"
"35,29600";"15,88815";"1,29951"
"35,30600";"15,90315";"1,32249"
"35,31600";"15,91826";"1,34757"
"35,32600";"15,93325";"1,37038"
"35,33600";"15,94813";"1,39859"
"35,34600";"15,96312";"1,42805"
"35,35600";"15,97799";"1,45182"
"35,36600";"15,99299";"1,47502"
"35,37600";"16,00798";"1,49136"
"35,38600";"16,02286";"1,50709"
"35,39600";"16,03773";"1,52873"
"35,40600";"16,05272";"1,56303"
"35,41600";"16,06771";"1,59543"
"35,42600";"16,08271";"1,62757"
"35,43600";"16,09770";"1,65938"
"35,44600";"16,11281";"1,68964"
"35,45600";"16,12781";"1,71334"
"35,46600";"16,14292";"1,74362"
"35,47600";"16,15803";"1,77964"
"35,48600";"16,17314";"1,82431"
"35,49600";"16,18825";"1,86469"
"35,50600";"16,20336";"1,90016"
"35,51600";"16,21824";"1,92759"
"35,52600";"16,23323";"1,96906"
"35,53600";"16,24822";"2,01664"
"35,54600";"16,26310";"2,06743"
"35,55600";"16,27809";"2,11392"
"35,56600";"16,29308";"2,15480"
"35,57600";"16,30808";"2,18702"
"35,58600";"16,32319";"2,22122"
"35,59600";"16,33806";"2,26442"
"35,60600";"16,35306";"2,31215"
"35,61600";"16,36817";"2,37080"
"35,62600";"16,38328";"2,42204"
"35,63600";"16,39815";"2,47503"
"35,64600";"16,41315";"2,53057"
"35,65600";"16,42802";"2,58493"
"35,66600";"16,44301";"2,63392"
"35,67600";"16,45789";"2,68919"
"35,68600";"16,47288";"2,75346"
"35,69600";"16,48788";"2,81743"
"35,70600";"16,50299";"2,87910"
"35,71600";"16,51798";"2,94376"
"35,72600";"16,53297";"3,01267"
"35,73600";"16,54797";"3,08134"
"35,74600";"16,56284";"3,14762"
"35,75600";"16,57771";"3,21795"
"35,76600";"16,59271";"3,29948"
"35,77600";"16,60794";"3,38830"
"35,78600";"16,62293";"3,47705"
"35,79600";"16,63804";"3,56858"
"35,80600";"16,65315";"3,66868"
"35,81600";"16,66826";"3,76705"
"35,82600";"16,68326";"3,86300"
"35,83600";"16,69813";"3,95985"
"35,84600";"16,71313";"4,06621"
"35,85600";"16,72812";"4,16992"
"35,86600";"16,74299";"4,26707"
"35,87600";"16,75799";"4,36629"
"35,88600";"16,77286";"4,48193"
"35,89600";"16,78786";"4,60619"
"35,90600";"16,80285";"4,73819"
"35,91600";"16,81784";"4,87913"
"35,92600";"16,83295";"5,01352"
"35,93600";"16,84795";"5,15148"
"35,94600";"16,86306";"5,29177"
"35,95600";"16,87805";"5,44242"
"35,96600";"16,89304";"5,60323"
"35,97600";"16,90804";"5,77194"
"35,98600";"16,92291";"5,94737"
"35,99600";"16,93790";"6,12144"
"36,00600";"16,95290";"6,29498"
"36,01600";"16,96789";"6,47946"
"36,02600";"16,98288";"6,67031"
"36,03600";"16,99788";"6,86284"
"36,04600";"17,01299";"7,08003"
"36,05600";"17,02798";"7,30921"
"36,06600";"17,04297";"7,55489"
"36,07600";"17,05785";"7,80501"
"36,08600";"17,07296";"8,06008"
"36,09600";"17,08795";"8,31617"
"36,10600";"17,10295";"8,58372"
"36,11600";"17,11794";"8,86998"
"36,12600";"17,13293";"9,17695"
"36,13600";"17,14792";"9,48602"
"36,14600";"17,16292";"9,79803"
"36,15600";"17,17779";"10,11537"
"36,16600";"17,19290";"10,45497"
"36,17600";"17,20790";"10,81162"
"36,18600";"17,22289";"11,18909"
"36,19600";"17,23788";"11,57353"
"36,20600";"17,25288";"11,96838"
"36,21600";"17,26799";"12,38753"
"36,22600";"17,28286";"12,82225"
"36,23600";"17,29786";"13,27108"
"36,24600";"17,31285";"13,74092"
"36,25600";"17,32784";"14,23175"
"36,26600";"17,34272";"14,74448"
"36,27600";"17,35759";"15,27277"
"36,28600";"17,37247";"15,81635"
"36,29600";"17,38746";"16,38348"
"36,30600";"17,40245";"16,97976"
"36,31600";"17,41745";"17,60300"
"36,32600";"17,43256";"18,25766"
"36,33600";"17,44778";"18,94775"
"36,34600";"17,46313";"19,67901"
"36,35600";"17,47824";"20,44647"
"36,36600";"17,49335";"21,23243"
"36,37600";"17,50835";"22,04390"
"36,38600";"17,52322";"22,87915"
"36,39600";"17,53810";"23,74970"
"36,40600";"17,55309";"24,66178"
"36,41600";"17,56808";"25,61564"
"36,42600";"17,58308";"26,60996"
"36,43600";"17,59807";"27,65807"
"36,44600";"17,61295";"28,76687"
"36,45600";"17,62794";"29,92600"
"36,46600";"17,64293";"31,13607"
"36,47600";"17,65780";"32,40905"
"36,48600";"17,67280";"33,77029"
"36,49600";"17,68779";"35,23010"
"36,50600";"17,70290";"36,80513"
"36,51600";"17,71789";"38,50244"
"36,52600";"17,73289";"40,34199"
"36,53600";"17,74788";"42,32887"
"36,54600";"17,76276";"44,44939"
"36,55600";"17,77763";"46,64273"
"36,56600";"17,79262";"48,87874"
"36,57600";"17,80762";"51,15665"
"36,58600";"17,82273";"53,47145"
"36,59600";"17,83772";"55,82410"
"36,60600";"17,85272";"58,19469"
"36,61600";"17,86771";"60,56367"
"36,62600";"17,88270";"62,94071"
"36,63600";"17,89805";"65,33634"
"36,64600";"17,91328";"67,80474"
"36,65600";"17,92839";"70,34042"
"36,66600";"17,94338";"72,90037"
"36,67600";"17,95826";"75,48654"
"36,68600";"17,97325";"78,12400"
"36,69600";"17,98812";"80,86593"
"36,70600";"18,00300";"83,72144"
"36,71600";"18,01799";"86,66987"
"36,72600";"18,03299";"89,72865"
"36,73600";"18,04798";"92,95399"
"36,74600";"18,06285";"96,36509"
"36,75600";"18,07797";"99,94683"
"36,76600";"18,09284";"103,68224"
"36,77600";"18,10772";"107,56051"
"36,78600";"18,12271";"111,60880"
"36,79600";"18,13770";"115,87368"
"36,80600";"18,15281";"120,36552"
"36,81600";"18,16781";"125,19017"
"36,82600";"18,18280";"130,42451"
"36,83600";"18,19767";"136,07454"
"36,84600";"18,21267";"142,17609"
"36,85600";"18,22742";"148,77911"
"36,86600";"18,24230";"155,68512"
"36,87600";"18,25741";"162,70844"
"36,88600";"18,27252";"169,74719"
"36,89600";"18,28752";"176,69920"
"36,90600";"18,30263";"183,53790"
"36,91600";"18,31762";"190,30437"
"36,92600";"18,33273";"197,05476"
"36,93600";"18,34772";"203,81252"
"36,94600";"18,36283";"210,60143"
"36,95600";"18,37783";"217,53738"
"36,96600";"18,39282";"224,68524"
"36,97600";"18,40793";"232,01956"
"36,98600";"18,42281";"239,53909"
"36,99600";"18,43780";"247,17729"
"37,00600";"18,45267";"255,00525"
"37,01600";"18,46755";"262,98428"
"37,02600";"18,48266";"271,12836"
"37,03600";"18,49765";"279,53201"
"37,03800";"18,50072";"281,23669"
"37,04000";"18,50379";"282,94379"
"37,05000";"18,51678";"291,42941"
"37,06000";"18,52433";"298,56296"
"37,06600";"18,52611";"300,79330"
"37,07600";"18,52540";"299,09384"
"37,08600";"18,52020";"289,70706"
"37,09600";"18,50840";"271,67419"
"37,10600";"18,49128";"242,68074"
"37,11600";"18,47086";"202,28244"
"37,12600";"18,44901";"154,71068"
"37,13600";"18,42706";"106,77097"
"37,14600";"18,40581";"64,60173"
"37,15600";"18,38538";"31,78193"
"37,16600";"18,36590";"9,58374"
"37,17600";"18,34713";"-2,43877"
"37,18600";"18,32895";"-6,45928"
"37,19600";"18,31148";"-5,59815"
"37,20600";"18,29448";"-2,83032"
"37,21600";"18,27807";"-0,07423"
"37,22600";"18,26190";"1,82826"
"37,23600";"18,24572";"2,71697"
"37,24600";"18,23002";"2,81299"
"37,25600";"18,21432";"2,40787"
"37,26600";"18,19874";"1,76787"
"37,27600";"18,18339";"1,07330"
"37,28600";"18,16828";"0,43525"
"37,29600";"18,15305";"-0,10400"
"37,30600";"18,13794";"-0,54671"
"37,31600";"18,12271";"-0,91212"
"37,32600";"18,10760";"-1,22026"
"37,33600";"18,09237";"-1,46082"
"37,34600";"18,07726";"-1,66235"
"37,35600";"18,06226";"-1,84254"
"37,36600";"18,04727";"-2,00562"
"37,37600";"18,03228";"-2,14184"
"37,38600";"18,01717";"-2,25006"
"37,39600";"18,00206";"-2,34262"
"37,40600";"17,98695";"-2,42503"
"37,41600";"17,97207";"-2,48815"
"37,42600";"17,95731";"-2,53940"
"37,43600";"17,94255";"-2,57745"
"37,44600";"17,92756";"-2,60281"
"37,45600";"17,91245";"-2,61683"
"37,46600";"17,89734";"-2,63492"
"37,47600";"17,88211";"-2,65163"
"37,48600";"17,86688";"-2,65737"
"37,49600";"17,85165";"-2,64695"
"37,50600";"17,83666";"-2,62143"
"37,51600";"17,82167";"-2,58997"
"37,52600";"17,80679";"-2,54984"
"37,53600";"17,79192";"-2,49333"
"37,54600";"17,77704";"-2,43769"
"37,55600";"17,76217";"-2,38200"
"37,56600";"17,74706";"-2,33685"
"37,57600";"17,73183";"-2,29247"
"37,58600";"17,71683";"-2,24991"
"37,59600";"17,70196";"-2,21225"
"37,60600";"17,68696";"-2,17227"
"37,61600";"17,67186";"-2,13095"
"37,62600";"17,65686";"-2,08924"
"37,63600";"17,64187";"-2,03745"
"37,64600";"17,62675";"-1,98955"
"37,65600";"17,61176";"-1,95077"
"37,66600";"17,59689";"-1,90957"
"37,67600";"17,58213";"-1,86799"
"37,68600";"17,56714";"-1,81984"
"37,69600";"17,55215";"-1,76713"
"37,70600";"17,53715";"-1,72052"
"37,71600";"17,52204";"-1,67885"
"37,72600";"17,50705";"-1,64578"
"37,73600";"17,49194";"-1,61523"
"37,74600";"17,47694";"-1,57802"
"37,75600";"17,46207";"-1,53897"
"37,76600";"17,44719";"-1,50255"
"37,77600";"17,43220";"-1,47258"
"37,78600";"17,41709";"-1,43627"
"37,79600";"17,40221";"-1,39242"
"37,80600";"17,38711";"-1,35028"
"37,81600";"17,37188";"-1,31217"
"37,82600";"17,35688";"-1,28037"
"37,83600";"17,34212";"-1,24854"
"37,84600";"17,32713";"-1,21101"
"37,85600";"17,31202";"-1,16949"
"37,86600";"17,29703";"-1,13085"
"37,87600";"17,28204";"-1,10243"
"37,88600";"17,26704";"-1,06696"
"37,89600";"17,25193";"-1,03312"
"37,90600";"17,23706";"-1,00528"
"37,91600";"17,22206";"-0,97652"
"37,92600";"17,20719";"-0,94630"
"37,93600";"17,19208";"-0,91333"
"37,94600";"17,17696";"-0,88411"
"37,95600";"17,16197";"-0,85781"
"37,96600";"17,14698";"-0,83659"
"37,97600";"17,13187";"-0,81290"
"37,98600";"17,11687";"-0,78518"
"37,99600";"17,10188";"-0,75959"
"38,00600";"17,08701";"-0,73776"
"38,01600";"17,07201";"-0,72231"
"38,02600";"17,05690";"-0,70892"
"38,03600";"17,04191";"-0,68554"
"38,04600";"17,02703";"-0,65995"
"38,05600";"17,01204";"-0,63089"
"38,06600";"16,99693";"-0,60440"
"38,07600";"16,98206";"-0,58285"
"38,08600";"16,96718";"-0,56853"
"38,09600";"16,95219";"-0,55437"
"38,10600";"16,93708";"-0,52954"
"38,11600";"16,92196";"-0,50432"
"38,12600";"16,90686";"-0,47852"
"38,13600";"16,89186";"-0,44654"
"38,14600";"16,87687";"-0,42365"
"38,15600";"16,86188";"-0,39861"
"38,16600";"16,84700";"-0,37607"
"38,17600";"16,83201";"-0,35859"
"38,18600";"16,81701";"-0,33716"
"38,19600";"16,80190";"-0,31997"
"38,20600";"16,78679";"-0,31090"
"38,21600";"16,77192";"-0,30728"
"38,22600";"16,75692";"-0,29743"
"38,23600";"16,74193";"-0,28914"
"38,24600";"16,72706";"-0,27550"
"38,25600";"16,71206";"-0,26214"
"38,26600";"16,69695";"-0,24557"
"38,27600";"16,68184";"-0,22547"
"38,28600";"16,66685";"-0,21315"
"38,29600";"16,65197";"-0,20045"
"38,30600";"16,63710";"-0,18544"
"38,31600";"16,62199";"-0,17468"
"38,32600";"16,60699";"-0,17553"
"38,33600";"16,59188";"-0,17078"
"38,34600";"16,57689";"-0,15758"
"38,35600";"16,56178";"-0,14589"
"38,36600";"16,54667";"-0,14097"
"38,37600";"16,53179";"-0,14039"
"38,38600";"16,51692";"-0,13569"
"38,39600";"16,50204";"-0,13334"
"38,40600";"16,48705";"-0,12436"
"38,41600";"16,47194";"-0,11782"
"38,42600";"16,45706";"-0,11230"
"38,43600";"16,44195";"-0,10542"
"38,44600";"16,42684";"-0,09486"
"38,45600";"16,41197";"-0,08474"
"38,46600";"16,39709";"-0,08047"
"38,47600";"16,38210";"-0,07185"
"38,48600";"16,36710";"-0,06431"
"38,49600";"16,35211";"-0,05815"
"38,50600";"16,33724";"-0,05449"
"38,51600";"16,32224";"-0,05049"
"38,52600";"16,30713";"-0,04828"
"38,53600";"16,29202";"-0,04643"
"38,54600";"16,27727";"-0,04852"
"38,55600";"16,26215";"-0,04425"
"38,56600";"16,24704";"-0,04579"
"38,57600";"16,23193";"-0,04539"
"38,58600";"16,21706";"-0,04266"
"38,59600";"16,20206";"-0,03134"
"38,60600";"16,18695";"-0,02866"
"38,61600";"16,17208";"-0,03086"
"38,62600";"16,15720";"-0,03136"
"38,63600";"16,14221";"-0,01905"
"38,64600";"16,12710";"-0,00883"
"38,65600";"16,11199";"-0,00077"
"38,66600";"16,09699";"-0,00490"
"38,67600";"16,08200";"-0,00004"
"38,68600";"16,06689";"0,00210"
"38,69600";"16,05178";"0,00448"
"38,70600";"16,03690";"0,00825"
"38,71600";"16,02203";"0,01101"
"38,72600";"16,00692";"0,01637"
"38,73600";"15,99181";"0,02565"
"38,74600";"15,97681";"0,03332"
"38,75600";"15,96182";"0,04022"
"38,76600";"15,94695";"0,04554"
"38,77600";"15,93195";"0,04773"
"38,78600";"15,91696";"0,05246"
"38,79600";"15,90208";"0,05677"
"38,80600";"15,88721";"0,05243"
"38,81600";"15,87210";"0,04889"
"38,82600";"15,85710";"0,04838"
"38,83600";"15,84211";"0,04562"
"38,84600";"15,82712";"0,04872"
"38,85600";"15,81213";"0,05945"
"38,86600";"15,79713";"0,06489"
"38,87600";"15,78214";"0,06300"
"38,88600";"15,76727";"0,05805"
"38,89600";"15,75215";"0,06335"
"38,90600";"15,73704";"0,06669"
"38,91600";"15,72193";"0,06673"
"38,92600";"15,70706";"0,07457"
"38,93600";"15,69206";"0,08244"
"38,94600";"15,67707";"0,08209"
"38,95600";"15,66208";"0,06819"
"38,96600";"15,64720";"0,05884"
"38,97600";"15,63209";"0,06284"
"38,98600";"15,61698";"0,06838"
"38,99600";"15,60187";"0,06688"
"39,00600";"15,58687";"0,06220"
"39,01600";"15,57188";"0,06678"
"39,02600";"15,55689";"0,07449"
"39,03600";"15,54190";"0,07041"
"39,04600";"15,52702";"0,06643"
"39,05600";"15,51203";"0,06897"
"39,06600";"15,49680";"0,07544"
"39,07600";"15,48180";"0,07702"
"39,08600";"15,46681";"0,07733"
"39,09600";"15,45205";"0,08067"
"39,10600";"15,43706";"0,08775"
"39,11600";"15,42207";"0,09489"
"39,12600";"15,40707";"0,09793"
"39,13600";"15,39208";"0,10739"
"39,14600";"15,37709";"0,12145"
"39,15600";"15,36186";"0,13005"
"39,16600";"15,34699";"0,12694"
"39,17600";"15,33211";"0,12862"
"39,18600";"15,31712";"0,12096"
"39,19600";"15,30201";"0,11260"
"39,20600";"15,28701";"0,10691"
"39,21600";"15,27214";"0,11363"
"39,22600";"15,25715";"0,12260"
"39,23600";"15,24203";"0,12942"
"39,24600";"15,22704";"0,13090"
"39,25600";"15,21217";"0,13475"
"39,26600";"15,19717";"0,13389"
"39,27600";"15,18218";"0,14249"
"39,28600";"15,16707";"0,14871"
"39,29600";"15,15219";"0,15147"
"39,30600";"15,13720";"0,15676"
"39,31600";"15,12197";"0,15697"
"39,32600";"15,10698";"0,15893"
"39,33600";"15,09210";"0,16510"
"39,34600";"15,07723";"0,17000"
"39,35600";"15,06212";"0,17277"
"39,36600";"15,04713";"0,17084"
"39,37600";"15,03201";"0,16510"
"39,38600";"15,01702";"0,15651"
"39,39600";"15,00203";"0,15240"
"39,40600";"14,98703";"0,15211"
"39,41600";"14,97216";"0,15060"
"39,42600";"14,95728";"0,14997"
"39,43600";"14,94229";"0,15821"
"39,44600";"14,92730";"0,16574"
"39,45600";"14,91231";"0,17178"
"39,46600";"14,89731";"0,17192"
"39,47600";"14,88232";"0,16980"
"39,48600";"14,86721";"0,16890"
"39,49600";"14,85210";"0,17316"
"39,50600";"14,83734";"0,17747"
"39,51600";"14,82223";"0,17430"
"39,52600";"14,80712";"0,16900"
"39,53600";"14,79201";"0,17279"
"39,54600";"14,77713";"0,17480"
"39,55600";"14,76214";"0,17397"
"39,56600";"14,74714";"0,18619"
"39,57600";"14,73215";"0,19035"
"39,58600";"14,71716";"0,19570"
"39,59600";"14,70217";"0,19825"
"39,60600";"14,68706";"0,19945"
"39,61600";"14,67194";"0,19846"
"39,62600";"14,65695";"0,19288"
"39,63600";"14,64219";"0,19230"
"39,64600";"14,62708";"0,19663"
"39,65600";"14,61197";"0,20361"
"39,66600";"14,59698";"0,20078"
"39,67600";"14,58199";"0,19194"
"39,68600";"14,56687";"0,19183"
"39,69600";"14,55165";"0,18793"
"39,70600";"14,53665";"0,18938"
"39,71600";"14,52190";"0,19393"
"39,72600";"14,50690";"0,19992"
"39,73600";"14,49179";"0,20494"
"39,74600";"14,47680";"0,21515"
"39,75600";"14,46192";"0,22297"
"39,76600";"14,44681";"0,21960"
"39,77600";"14,43170";"0,20993"
"39,78600";"14,41671";"0,20246"
"39,79600";"14,40183";"0,19954"
"39,80600";"14,38696";"0,20072"
"39,81600";"14,37185";"0,20897"
"39,82600";"14,35685";"0,21139"
"39,83600";"14,34186";"0,21447"
"39,84600";"14,32687";"0,22063"
"39,85600";"14,31164";"0,22253"
"39,86600";"14,29665";"0,22245"
"39,87600";"14,28189";"0,22029"
"39,88600";"14,26701";"0,22757"
"39,89600";"14,25202";"0,23021"
"39,90600";"14,23679";"0,22715"
"39,91600";"14,22180";"0,23217"
"39,92600";"14,20692";"0,23862"
"39,93600";"14,19181";"0,24344"
"39,94600";"14,17682";"0,24412"
"39,95600";"14,16194";"0,23629"
"39,96600";"14,14719";"0,22880"
"39,97600";"14,13208";"0,22633"
"39,98600";"14,11685";"0,22500"
"39,99600";"14,10185";"0,22371"
"40,00600";"14,08698";"0,21982"
"40,01600";"14,07187";"0,21434"
"40,02600";"14,05688";"0,22286"
"40,03600";"14,04200";"0,23958"
"40,04600";"14,02713";"0,24990"
"40,05600";"14,01225";"0,24557"
"40,06600";"13,99714";"0,24370"
"40,07600";"13,98215";"0,24810"
"40,08600";"13,96727";"0,24761"
"40,09600";"13,95228";"0,24601"
"40,10600";"13,93717";"0,24386"
"40,11600";"13,92217";"0,24025"
"40,12600";"13,90730";"0,23576"
"40,13600";"13,89231";"0,24073"
"40,14600";"13,87719";"0,23967"
"40,15600";"13,86208";"0,23283"
"40,16600";"13,84709";"0,23755"
"40,17600";"13,83210";"0,24611"
"40,18600";"13,81699";"0,25291"
"40,19600";"13,80211";"0,25471"
"40,20600";"13,78712";"0,24473"
"40,21600";"13,77212";"0,23904"
"40,22600";"13,75701";"0,24544"
"40,23600";"13,74179";"0,24699"
"40,24600";"13,72679";"0,24602"
"40,25600";"13,71180";"0,24976"
"40,26600";"13,69681";"0,25614"
"40,27600";"13,68193";"0,26012"
"40,28600";"13,66706";"0,25586"
"40,29600";"13,65218";"0,24821"
"40,30600";"13,63707";"0,23915"
"40,31600";"13,62196";"0,24273"
"40,32600";"13,60697";"0,24982"
"40,33600";"13,59197";"0,24772"
"40,34600";"13,57698";"0,24834"
"40,35600";"13,56199";"0,24876"
"40,36600";"13,54699";"0,25099"
"40,37600";"13,53212";"0,24610"
"40,38600";"13,51712";"0,24252"
"40,39600";"13,50190";"0,24089"
"40,40600";"13,48690";"0,24118"
"40,41600";"13,47191";"0,24569"
"40,42600";"13,45704";"0,25494"
"40,43600";"13,44204";"0,25760"
"40,44600";"13,42705";"0,25246"
"40,45600";"13,41206";"0,25137"
"40,46600";"13,39706";"0,25340"
"40,47600";"13,38195";"0,25560"
"40,48600";"13,36672";"0,25831"
"40,49600";"13,35185";"0,25813"
"40,50600";"13,33697";"0,25296"
"40,51600";"13,32210";"0,25579"
"40,52600";"13,30710";"0,25653"
"40,53600";"13,29211";"0,24958"
"40,54600";"13,27712";"0,24990"
"40,55600";"13,26189";"0,25349"
"40,56600";"13,24666";"0,26207"
"40,57600";"13,23167";"0,27135"
"40,58600";"13,21691";"0,27089"
"40,59600";"13,20203";"0,26548"
"40,60600";"13,18692";"0,26831"
"40,61600";"13,17193";"0,26938"
"40,62600";"13,15706";"0,27291"
"40,63600";"13,14194";"0,27442"
"40,64600";"13,12683";"0,27396"
"40,65600";"13,11184";"0,27482"
"40,66600";"13,09697";"0,27230"
"40,67600";"13,08209";"0,27545"
"40,68600";"13,06698";"0,27402"
"40,69600";"13,05187";"0,28155"
"40,70600";"13,03687";"0,29022"
"40,71600";"13,02188";"0,28555"
"40,72600";"13,00677";"0,28549"
"40,73600";"12,99178";"0,28224"
"40,74600";"12,97690";"0,28545"
"40,75600";"12,96203";"0,28735"
"40,76600";"12,94703";"0,28427"
"40,77600";"12,93204";"0,27392"
"40,78600";"12,91705";"0,26670"
"40,79600";"12,90205";"0,26782"
"40,80600";"12,88706";"0,26974"
"40,81600";"12,87207";"0,26284"
"40,82600";"12,85708";"0,25547"
"40,83600";"12,84220";"0,25742"
"40,84600";"12,82721";"0,26641"
"40,85600";"12,81198";"0,27214"
"40,86600";"12,79699";"0,27365"
"40,87600";"12,78211";"0,27825"
"40,88600";"12,76712";"0,28611"
"40,89600";"12,75201";"0,30077"
"40,90600";"12,73701";"0,30805"
"40,91600";"12,72214";"0,30868"
"40,92600";"12,70715";"0,30548"
"40,93600";"12,69192";"0,29689"
"40,94600";"12,67681";"0,28959"
"40,95600";"12,66181";"0,28383"
"40,96600";"12,64682";"0,28144"
"40,97600";"12,63183";"0,28069"
"40,98600";"12,61683";"0,28264"
"40,99600";"12,60196";"0,27765"
"41,00600";"12,58697";"0,27608"
"41,01600";"12,57197";"0,28440"
"41,02600";"12,55686";"0,29479"
"41,03600";"12,54187";"0,29437"
"41,04600";"12,52688";"0,28955"
"41,05600";"12,51188";"0,28969"
"41,06600";"12,49689";"0,29032"
"41,07600";"12,48190";"0,28873"
"41,08600";"12,46690";"0,29533"
"41,09600";"12,45191";"0,30234"
"41,10600";"12,43692";"0,30400"
"41,11600";"12,42180";"0,30486"
"41,12600";"12,40681";"0,30506"
"41,13600";"12,39194";"0,30359"
"41,14600";"12,37694";"0,29793"
"41,15600";"12,36195";"0,29443"
"41,16600";"12,34696";"0,28362"
"41,17600";"12,33196";"0,27346"
"41,18600";"12,31697";"0,27564"
"41,19600";"12,30186";"0,27665"
"41,20600";"12,28687";"0,27139"
"41,21600";"12,27199";"0,26418"
"41,22600";"12,25712";"0,26296"
"41,23600";"12,24212";"0,26163"
"41,24600";"12,22701";"0,26610"
"41,25600";"12,21202";"0,26999"
"41,26600";"12,19691";"0,27827"
"41,27600";"12,18180";"0,28777"
"41,28600";"12,16692";"0,28888"
"41,29600";"12,15193";"0,28638"
"41,30600";"12,13706";"0,28189"
"41,31600";"12,12206";"0,28093"
"41,32600";"12,10695";"0,28279"
"41,33600";"12,09208";"0,28480"
"41,34600";"12,07720";"0,28621"
"41,35600";"12,06209";"0,28067"
"41,36600";"12,04710";"0,27752"
"41,37600";"12,03222";"0,28093"
"41,38600";"12,01723";"0,29045"
"41,39600";"12,00212";"0,29570"
"41,40600";"11,98701";"0,29586"
"41,41600";"11,97201";"0,29089"
"41,42600";"11,95702";"0,28936"
"41,43600";"11,94191";"0,28702"
"41,44600";"11,92692";"0,28669"
"41,45600";"11,91204";"0,28682"
"41,46600";"11,89717";"0,28825"
"41,47600";"11,88206";"0,28898"
"41,48600";"11,86695";"0,28271"
"41,49600";"11,85195";"0,27413"
"41,50600";"11,83696";"0,27426"
"41,51600";"11,82185";"0,28895"
"41,52600";"11,80685";"0,29377"
"41,53600";"11,79186";"0,29036"
"41,54600";"11,77699";"0,28891"
"41,55600";"11,76199";"0,29369"
"41,56600";"11,74688";"0,29396"
"41,57600";"11,73189";"0,28678"
"41,58600";"11,71690";"0,28313"
"41,59600";"11,70202";"0,27828"
"41,60600";"11,68703";"0,28348"
"41,61600";"11,67192";"0,29123"
"41,62600";"11,65693";"0,29356"
"41,63600";"11,64193";"0,29513"
"41,64600";"11,62694";"0,29289"
"41,65600";"11,61195";"0,27960"
"41,66600";"11,59683";"0,26881"
"41,67600";"11,58184";"0,26227"
"41,68600";"11,56697";"0,26906"
"41,69600";"11,55197";"0,28168"
"41,70600";"11,53686";"0,28277"
"41,71600";"11,52199";"0,28025"
"41,72600";"11,50699";"0,27504"
"41,73600";"11,49188";"0,26825"
"41,74600";"11,47689";"0,26938"
"41,75600";"11,46190";"0,28105"
"41,76600";"11,44714";"0,28830"
"41,77600";"11,43203";"0,28736"
"41,78600";"11,41704";"0,28692"
"41,79600";"11,40216";"0,27964"
"41,80600";"11,38717";"0,27371"
"41,81600";"11,37206";"0,26737"
"41,82600";"11,35694";"0,26524"
"41,83600";"11,34195";"0,26137"
"41,84600";"11,32696";"0,25925"
"41,85600";"11,31196";"0,25682"
"41,86600";"11,29697";"0,26174"
"41,87600";"11,28198";"0,26889"
"41,88600";"11,26710";"0,27607"
"41,89600";"11,25199";"0,28126"
"41,90600";"11,23700";"0,28220"
"41,91600";"11,22201";"0,28028"
"41,92600";"11,20701";"0,28155"
"41,93600";"11,19202";"0,28522"
"41,94600";"11,17691";"0,28237"
"41,95600";"11,16192";"0,27153"
"41,96600";"11,14704";"0,26651"
"41,97600";"11,13205";"0,26457"
"41,98600";"11,11694";"0,26980"
"41,99600";"11,10194";"0,27419"
"42,00600";"11,08707";"0,27199"
"42,01600";"11,07208";"0,27256"
"42,02600";"11,05696";"0,26616"
"42,03600";"11,04197";"0,26218"
"42,04600";"11,02686";"0,26801"
"42,05600";"11,01187";"0,27344"
"42,06600";"10,99676";"0,28335"
"42,07600";"10,98176";"0,28717"
"42,08600";"10,96701";"0,28209"
"42,09600";"10,95213";"0,27814"
"42,10600";"10,93714";"0,27275"
"42,11600";"10,92191";"0,27029"
"42,12600";"10,90692";"0,26725"
"42,13600";"10,89192";"0,27320"
"42,14600";"10,87693";"0,27460"
"42,15600";"10,86182";"0,27313"
"42,16600";"10,84694";"0,26597"
"42,17600";"10,83207";"0,25848"
"42,18600";"10,81696";"0,25939"
"42,19600";"10,80185";"0,26043"
"42,20600";"10,78686";"0,25881"
"42,21600";"10,77198";"0,25750"
"42,22600";"10,75699";"0,26590"
"42,23600";"10,74199";"0,27290"
"42,24600";"10,72700";"0,27496"
"42,25600";"10,71213";"0,27101"
"42,26600";"10,69725";"0,26768"
"42,27600";"10,68214";"0,26606"
"42,28600";"10,66715";"0,26095"
"42,29600";"10,65215";"0,26392"
"42,30600";"10,63716";"0,26530"
"42,31600";"10,62205";"0,26094"
"42,32600";"10,60706";"0,26055"
"42,33600";"10,59218";"0,25606"
"42,34600";"10,57731";"0,25979"
"42,35600";"10,56219";"0,26833"
"42,36600";"10,54708";"0,27308"
"42,37600";"10,53209";"0,27462"
"42,38600";"10,51722";"0,27280"
"42,39600";"10,50234";"0,26692"
"42,40600";"10,48735";"0,26108"
"42,41600";"10,47235";"0,25332"
"42,42600";"10,45736";"0,25692"
"42,43600";"10,44225";"0,26673"
"42,44600";"10,42714";"0,27253"
"42,45600";"10,41215";"0,28117"
"42,46600";"10,39715";"0,28649"
"42,47600";"10,38216";"0,29536"
"42,48600";"10,36717";"0,29921"
"42,49600";"10,35206";"0,29312"
"42,50600";"10,33706";"0,28362"
"42,51600";"10,32207";"0,27814"
"42,52600";"10,30696";"0,28302"
"42,53600";"10,29197";"0,28684"
"42,54600";"10,27697";"0,29082"
"42,55600";"10,26210";"0,30230"
"42,56600";"10,24699";"0,31388"
"42,57600";"10,23199";"0,31818"
"42,58600";"10,21712";"0,31698"
"42,59600";"10,20224";"0,31970"
"42,60600";"10,18713";"0,31835"
"42,61600";"10,17202";"0,31532"
"42,62600";"10,15703";"0,31046"
"42,63600";"10,14204";"0,30137"
"42,64600";"10,12692";"0,29328"
"42,65600";"10,11169";"0,29593"
"42,66600";"10,09670";"0,30096"
"42,67600";"10,08183";"0,30714"
"42,68600";"10,06671";"0,31760"
"42,69600";"10,05160";"0,31563"
"42,70600";"10,03673";"0,30775"
"42,71600";"10,02185";"0,29967"
"42,72600";"10,00686";"0,29962"
"42,73600";"9,99175";"0,29511"
"42,74600";"9,97688";"0,29275"
"42,75600";"9,96200";"0,29041"
"42,76600";"9,94701";"0,29417"
"42,77600";"9,93190";"0,29895"
"42,78600";"9,91702";"0,30058"
"42,79600";"9,90215";"0,30004"
"42,80600";"9,88703";"0,30313"
"42,81600";"9,87192";"0,30118"
"42,82600";"9,85693";"0,29203"
"42,83600";"9,84194";"0,28715"
"42,84600";"9,82695";"0,29003"
"42,85600";"9,81183";"0,29928"
"42,86600";"9,79684";"0,30062"
"42,87600";"9,78197";"0,30271"
"42,88600";"9,76709";"0,30489"
"42,89600";"9,75198";"0,30268"
"42,90600";"9,73699";"0,30049"
"42,91600";"9,72211";"0,29907"
"42,92600";"9,70724";"0,29741"
"42,93600";"9,69224";"0,29989"
"42,94600";"9,67701";"0,29802"
"42,95600";"9,66214";"0,29277"
"42,96600";"9,64726";"0,28642"
"42,97600";"9,63215";"0,28385"
"42,98600";"9,61704";"0,28578"
"42,99600";"9,60205";"0,29257"
"43,00600";"9,58706";"0,30226"
"43,01600";"9,57206";"0,30416"
"43,02600";"9,55707";"0,30380"
"43,03600";"9,54208";"0,30430"
"43,04600";"9,52720";"0,30223"
"43,05600";"9,51221";"0,30266"
"43,06600";"9,49710";"0,30398"
"43,07600";"9,48199";"0,30282"
"43,08600";"9,46699";"0,29637"
"43,09600";"9,45212";"0,29685"
"43,10600";"9,43701";"0,29580"
"43,11600";"9,42201";"0,29788"
"43,12600";"9,40714";"0,30691"
"43,13600";"9,39215";"0,31176"
"43,14600";"9,37704";"0,31277"
"43,15600";"9,36192";"0,31115"
"43,16600";"9,34693";"0,30800"
"43,17600";"9,33206";"0,30557"
"43,18600";"9,31706";"0,29989"
"43,19600";"9,30207";"0,29016"
"43,20600";"9,28719";"0,28515"
"43,21600";"9,27232";"0,28598"
"43,22600";"9,25721";"0,28956"
"43,23600";"9,24210";"0,29645"
"43,24600";"9,22699";"0,30291"
"43,25600";"9,21211";"0,30138"
"43,26600";"9,19712";"0,29624"
"43,27600";"9,18189";"0,29215"
"43,28600";"9,16690";"0,28563"
"43,29600";"9,15202";"0,28581"
"43,30600";"9,13691";"0,29006"
"43,31600";"9,12192";"0,29135"
"43,32600";"9,10692";"0,28246"
"43,33600";"9,09205";"0,27541"
"43,34600";"9,07717";"0,28089"
"43,35600";"9,06206";"0,28918"
"43,36600";"9,04695";"0,30010"
"43,37600";"9,03196";"0,30554"
"43,38600";"9,01708";"0,30720"
"43,39600";"9,00197";"0,30900"
"43,40600";"8,98674";"0,31008"
"43,41600";"8,97187";"0,30351"
"43,42600";"8,95699";"0,29804"
"43,43600";"8,94200";"0,29318"
"43,44600";"8,92677";"0,28573"
"43,45600";"8,91178";"0,27887"
"43,46600";"8,89690";"0,28114"
"43,47600";"8,88179";"0,28420"
"43,48600";"8,86680";"0,28864"
"43,49600";"8,85192";"0,28870"
"43,50600";"8,83717";"0,29320"
"43,51600";"8,82217";"0,29575"
"43,52600";"8,80706";"0,29660"
"43,53600";"8,79195";"0,29780"
"43,54600";"8,77708";"0,30041"
"43,55600";"8,76197";"0,30767"
"43,56600";"8,74697";"0,31719"
"43,57600";"8,73198";"0,32098"
"43,58600";"8,71722";"0,31867"
"43,59600";"8,70235";"0,32201"
"43,60600";"8,68712";"0,31606"
"43,61600";"8,67213";"0,30846"
"43,62600";"8,65713";"0,30992"
"43,63600";"8,64202";"0,31859"
"43,64600";"8,62703";"0,31711"
"43,65600";"8,61203";"0,31041"
"43,66600";"8,59716";"0,30170"
"43,67600";"8,58228";"0,30103"
"43,68600";"8,56717";"0,29842"
"43,69600";"8,55206";"0,29497"
"43,70600";"8,53707";"0,29523"
"43,71600";"8,52196";"0,29359"
"43,72600";"8,50685";"0,29025"
"43,73600";"8,49185";"0,28380"
"43,74600";"8,47686";"0,28505"
"43,75600";"8,46199";"0,29473"
"43,76600";"8,44687";"0,29777"
"43,77600";"8,43176";"0,29816"
"43,78600";"8,41665";"0,30295"
"43,79600";"8,40178";"0,30737"
"43,80600";"8,38679";"0,31274"
"43,81600";"8,37179";"0,31911"
"43,82600";"8,35680";"0,31307"
"43,83600";"8,34192";"0,30531"
"43,84600";"8,32705";"0,30363"
"43,85600";"8,31194";"0,30170"
"43,86600";"8,29683";"0,30299"
"43,87600";"8,28183";"0,30675"
"43,88600";"8,26684";"0,30681"
"43,89600";"8,25185";"0,30538"
"43,90600";"8,23685";"0,30463"
"43,91600";"8,22198";"0,30553"
"43,92600";"8,20699";"0,30403"
"43,93600";"8,19188";"0,30739"
"43,94600";"8,17676";"0,31238"
"43,95600";"8,16189";"0,31780"
"43,96600";"8,14701";"0,31552"
"43,97600";"8,13202";"0,31334"
"43,98600";"8,11691";"0,30690"
"43,99600";"8,10192";"0,31234"
"44,00600";"8,08704";"0,32054"
"44,01600";"8,07193";"0,32830"
"44,02600";"8,05682";"0,32893"
"44,03600";"8,04183";"0,31551"
"44,04600";"8,02695";"0,31309"
"44,05600";"8,01208";"0,31652"
"44,06600";"7,99708";"0,32317"
"44,07600";"7,98197";"0,32813"
"44,08600";"7,96710";"0,32857"
"44,09600";"7,95199";"0,33116"
"44,10600";"7,93699";"0,33669"
"44,11600";"7,92188";"0,33993"
"44,12600";"7,90712";"0,33530"
"44,13600";"7,89225";"0,32707"
"44,14600";"7,87714";"0,32683"
"44,15600";"7,86203";"0,32909"
"44,16600";"7,84704";"0,31495"
"44,17600";"7,83204";"0,30387"
"44,18600";"7,81693";"0,30160"
"44,19600";"7,80194";"0,30247"
"44,20600";"7,78694";"0,30551"
"44,21600";"7,77207";"0,30226"
"44,22600";"7,75719";"0,29982"
"44,23600";"7,74208";"0,30143"
"44,24600";"7,72709";"0,30797"
"44,25600";"7,71222";"0,31339"
"44,26600";"7,69710";"0,31549"
"44,27600";"7,68199";"0,31567"
"44,28600";"7,66700";"0,31794"
"44,29600";"7,65212";"0,32069"
"44,30600";"7,63713";"0,31674"
"44,31600";"7,62202";"0,31875"
"44,32600";"7,60703";"0,32508"
"44,33600";"7,59192";"0,33232"
"44,34600";"7,57692";"0,34079"
"44,35600";"7,56181";"0,34173"
"44,36600";"7,54682";"0,33551"
"44,37600";"7,53194";"0,32831"
"44,38600";"7,51707";"0,32939"
"44,39600";"7,50196";"0,33711"
"44,40600";"7,48697";"0,33894"
"44,41600";"7,47185";"0,33362"
"44,42600";"7,45698";"0,33652"
"44,43600";"7,44187";"0,33097"
"44,44600";"7,42687";"0,31967"
"44,45600";"7,41188";"0,31662"
"44,46600";"7,39701";"0,31837"
"44,47600";"7,38190";"0,32022"
"44,48600";"7,36679";"0,31960"
"44,49600";"7,35179";"0,32057"
"44,50600";"7,33680";"0,32289"
"44,51600";"7,32169";"0,32674"
"44,52600";"7,30681";"0,32746"
"44,53600";"7,29182";"0,31620"
"44,54600";"7,27706";"0,30856"
"44,55600";"7,26195";"0,30637"
"44,56600";"7,24696";"0,31030"
"44,57600";"7,23185";"0,31840"
"44,58600";"7,21685";"0,31844"
"44,59600";"7,20186";"0,31819"
"44,60600";"7,18687";"0,31458"
"44,61600";"7,17199";"0,31025"
"44,62600";"7,15700";"0,30690"
"44,63600";"7,14201";"0,30383"
"44,64600";"7,12701";"0,30498"
"44,65600";"7,11190";"0,31653"
"44,66600";"7,09691";"0,32587"
"44,67600";"7,08204";"0,33155"
"44,68600";"7,06704";"0,34038"
"44,69600";"7,05205";"0,33775"
"44,70600";"7,03706";"0,33158"
"44,71600";"7,02206";"0,32279"
"44,72600";"7,00695";"0,32035"
"44,73600";"6,99196";"0,32710"
"44,74600";"6,97697";"0,33017"
"44,75600";"6,96221";"0,33017"
"44,76600";"6,94733";"0,32865"
"44,77600";"6,93234";"0,33084"
"44,78600";"6,91723";"0,33071"
"44,79600";"6,90224";"0,33030"
"44,80600";"6,88713";"0,33188"
"44,81600";"6,87201";"0,33206"
"44,82600";"6,85690";"0,33167"
"44,83600";"6,84203";"0,33965"
"44,84600";"6,82703";"0,34192"
"44,85600";"6,81204";"0,33367"
"44,86600";"6,79693";"0,31894"
"44,87600";"6,78194";"0,30475"
"44,88600";"6,76694";"0,30745"
"44,89600";"6,75183";"0,31047"
"44,90600";"6,73684";"0,30667"
"44,91600";"6,72185";"0,31036"
"44,92600";"6,70697";"0,32378"
"44,93600";"6,69198";"0,33139"
"44,94600";"6,67687";"0,33260"
"44,95600";"6,66188";"0,33361"
"44,96600";"6,64688";"0,33360"
"44,97600";"6,63177";"0,32445"
"44,98600";"6,61678";"0,31659"
"44,99600";"6,60190";"0,31812"
"45,00600";"6,58703";"0,32605"
"45,01600";"6,57215";"0,33882"
"45,02600";"6,55716";"0,34207"
"45,03600";"6,54228";"0,33961"
"45,04600";"6,52729";"0,33993"
"45,05600";"6,51218";"0,34400"
"45,06600";"6,49695";"0,35025"
"45,07600";"6,48184";"0,35296"
"45,08600";"6,46685";"0,33901"
"45,09600";"6,45185";"0,32469"
"45,10600";"6,43686";"0,31815"
"45,11600";"6,42199";"0,31929"
"45,12600";"6,40711";"0,31925"
"45,13600";"6,39212";"0,31644"
"45,14600";"6,37712";"0,32181"
"45,15600";"6,36213";"0,32687"
"45,16600";"6,34714";"0,32977"
"45,17600";"6,33203";"0,33383"
"45,18600";"6,31703";"0,33919"
"45,19600";"6,30192";"0,33825"
"45,20600";"6,28693";"0,33855"
"45,21600";"6,27182";"0,34483"
"45,22600";"6,25683";"0,35089"
"45,23600";"6,24183";"0,35121"
"45,24600";"6,22696";"0,34518"
"45,25600";"6,21197";"0,33477"
"45,26600";"6,19697";"0,32858"
"45,27600";"6,18186";"0,32737"
"45,28600";"6,16675";"0,32512"
"45,29600";"6,15176";"0,33234"
"45,30600";"6,13700";"0,33459"
"45,31600";"6,12201";"0,34432"
"45,32600";"6,10713";"0,33972"
"45,33600";"6,09214";"0,33408"
"45,34600";"6,07703";"0,33718"
"45,35600";"6,06192";"0,33585"
"45,36600";"6,04681";"0,33969"
"45,37600";"6,03181";"0,34117"
"45,38600";"6,01694";"0,34211"
"45,39600";"6,00194";"0,33794"
"45,40600";"5,98683";"0,33330"
"45,41600";"5,97196";"0,32648"
"45,42600";"5,95708";"0,32200"
"45,43600";"5,94209";"0,31897"
"45,44600";"5,92686";"0,32711"
"45,45600";"5,91187";"0,33585"
"45,46600";"5,89699";"0,33825"
"45,47600";"5,88212";"0,34267"
"45,48600";"5,86701";"0,34008"
"45,49600";"5,85201";"0,33548"
"45,50600";"5,83714";"0,33551"
"45,51600";"5,82215";"0,33633"
"45,52600";"5,80692";"0,32720"
"45,53600";"5,79204";"0,31758"
"45,54600";"5,77717";"0,31586"
"45,55600";"5,76229";"0,32145"
"45,56600";"5,74718";"0,32535"
"45,57600";"5,73219";"0,32333"
"45,58600";"5,71719";"0,32323"
"45,59600";"5,70232";"0,32732"
"45,60600";"5,68709";"0,33106"
"45,61600";"5,67198";"0,33666"
"45,62600";"5,65699";"0,34458"
"45,63600";"5,64211";"0,34545"
"45,64600";"5,62700";"0,34695"
"45,65600";"5,61177";"0,34255"
"45,66600";"5,59678";"0,33709"
"45,67600";"5,58190";"0,33337"
"45,68600";"5,56679";"0,32360"
"45,69600";"5,55180";"0,31573"
"45,70600";"5,53692";"0,31296"
"45,71600";"5,52217";"0,31306"
"45,72600";"5,50717";"0,32678"
"45,73600";"5,49206";"0,33378"
"45,74600";"5,47695";"0,32859"
"45,75600";"5,46208";"0,33003"
"45,76600";"5,44697";"0,32779"
"45,77600";"5,43185";"0,33016"
"45,78600";"5,41698";"0,32838"
"45,79600";"5,40210";"0,32742"
"45,80600";"5,38711";"0,33353"
"45,81600";"5,37200";"0,34095"
"45,82600";"5,35701";"0,34137"
"45,83600";"5,34201";"0,33864"
"45,84600";"5,32702";"0,34111"
"45,85600";"5,31203";"0,34472"
"45,86600";"5,29704";"0,34153"
"45,87600";"5,28216";"0,33978"
"45,88600";"5,26717";"0,34286"
"45,89600";"5,25217";"0,34849"
"45,90600";"5,23706";"0,35044"
"45,91600";"5,22207";"0,34294"
"45,92600";"5,20708";"0,33781"
"45,93600";"5,19208";"0,33247"
"45,94600";"5,17709";"0,32732"
"45,95600";"5,16221";"0,32320"
"45,96600";"5,14734";"0,32322"
"45,97600";"5,13223";"0,32516"
"45,98600";"5,11700";"0,33084"
"45,99600";"5,10189";"0,33742"
"46,00600";"5,08701";"0,35008"
"46,01600";"5,07202";"0,35701"
"46,02600";"5,05703";"0,36017"
"46,03600";"5,04204";"0,35607"
"46,04600";"5,02716";"0,34935"
"46,05600";"5,01217";"0,34135"
"46,06600";"4,99706";"0,33564"
"46,07600";"4,98183";"0,33371"
"46,08600";"4,96683";"0,33027"
"46,09600";"4,95184";"0,32937"
"46,10600";"4,93673";"0,33312"
"46,11600";"4,92174";"0,33533"
"46,12600";"4,90686";"0,34048"
"46,13600";"4,89187";"0,34515"
"46,14600";"4,87676";"0,35976"
"46,15600";"4,86176";"0,36863"
"46,16600";"4,84677";"0,37532"
"46,17600";"4,83201";"0,37236"
"46,18600";"4,81714";"0,37052"
"46,19600";"4,80203";"0,36833"
"46,20600";"4,78715";"0,36479"
"46,21600";"4,77216";"0,36464"
"46,22600";"4,75717";"0,35894"
"46,23600";"4,74194";"0,35637"
"46,24600";"4,72694";"0,35544"
"46,25600";"4,71207";"0,35271"
"46,26600";"4,69731";"0,35339"
"46,27600";"4,68220";"0,35947"
"46,28600";"4,66709";"0,35357"
"46,29600";"4,65222";"0,34916"
"46,30600";"4,63722";"0,34711"
"46,31600";"4,62199";"0,34247"
"46,32600";"4,60688";"0,34015"
"46,33600";"4,59189";"0,35091"
"46,34600";"4,57701";"0,35920"
"46,35600";"4,56202";"0,36081"
"46,36600";"4,54703";"0,36255"
"46,37600";"4,53227";"0,36399"
"46,38600";"4,51740";"0,36205"
"46,39600";"4,50228";"0,36074"
"46,40600";"4,48717";"0,36016"
"46,41600";"4,47230";"0,36326"
"46,42600";"4,45742";"0,35894"
"46,43600";"4,44231";"0,35875"
"46,44600";"4,42720";"0,35596"
"46,45600";"4,41221";"0,35632"
"46,46600";"4,39722";"0,35606"
"46,47600";"4,38210";"0,35601"
"46,48600";"4,36699";"0,35879"
"46,49600";"4,35200";"0,35528"
"46,50600";"4,33724";"0,35702"
"46,51600";"4,32213";"0,35763"
"46,52600";"4,30702";"0,35678"
"46,53600";"4,29203";"0,35266"
"46,54600";"4,27715";"0,35354"
"46,55600";"4,26216";"0,35061"
"46,56600";"4,24717";"0,35139"
"46,57600";"4,23217";"0,34952"
"46,58600";"4,21730";"0,35033"
"46,59600";"4,20242";"0,34843"
"46,60600";"4,18719";"0,35154"
"46,61600";"4,17197";"0,35111"
"46,62600";"4,15709";"0,35408"
"46,63600";"4,14210";"0,35647"
"46,64600";"4,12710";"0,36003"
"46,65600";"4,11199";"0,36239"
"46,66600";"4,09712";"0,35740"
"46,67600";"4,08213";"0,35505"
"46,68600";"4,06701";"0,35734"
"46,69600";"4,05190";"0,35987"
"46,70600";"4,03691";"0,36132"
"46,71600";"4,02203";"0,36251"
"46,72600";"4,00704";"0,36815"
"46,73600";"3,99193";"0,36113"
"46,74600";"3,97694";"0,35495"
"46,75600";"3,96194";"0,35869"
"46,76600";"3,94695";"0,36376"
"46,77600";"3,93172";"0,36928"
"46,78600";"3,91673";"0,37244"
"46,79600";"3,90185";"0,37105"
"46,80600";"3,88698";"0,36535"
"46,81600";"3,87187";"0,36227"
"46,82600";"3,85676";"0,36374"
"46,83600";"3,84176";"0,36861"
"46,84600";"3,82665";"0,36698"
"46,85600";"3,81154";"0,36215"
"46,86600";"3,79643";"0,35707"
"46,87600";"3,78167";"0,36639"
"46,88600";"3,76680";"0,37035"
"46,89600";"3,75181";"0,36861"
"46,90600";"3,73681";"0,35927"
"46,91600";"3,72182";"0,35366"
"46,92600";"3,70683";"0,35357"
"46,93600";"3,69172";"0,36043"
"46,94600";"3,67660";"0,36431"
"46,95600";"3,66173";"0,36043"
"46,96600";"3,64697";"0,35694"
"46,97600";"3,63198";"0,35411"
"46,98600";"3,61687";"0,35160"
"46,99600";"3,60199";"0,34931"
"47,00600";"3,58712";"0,35167"
"47,01600";"3,57201";"0,35876"
"47,02600";"3,55690";"0,36608"
"47,03600";"3,54190";"0,36300"
"47,04600";"3,52715";"0,35901"
"47,05600";"3,51227";"0,35990"
"47,06600";"3,49716";"0,36216"
"47,07600";"3,48205";"0,35475"
"47,08600";"3,46717";"0,34742"
"47,09600";"3,45206";"0,33799"
"47,10600";"3,43707";"0,34345"
"47,11600";"3,42219";"0,35170"
"47,12600";"3,40732";"0,35718"
"47,13600";"3,39233";"0,35772"
"47,14600";"3,37722";"0,35966"
"47,15600";"3,36199";"0,35599"
"47,16600";"3,34711";"0,35404"
"47,17600";"3,33200";"0,35744"
"47,18600";"3,31689";"0,36426"
"47,19600";"3,30190";"0,36560"
"47,20600";"3,28702";"0,37343"
"47,21600";"3,27215";"0,38255"
"47,22600";"3,25703";"0,38641"
"47,23600";"3,24192";"0,38500"
"47,24600";"3,22693";"0,38290"
"47,25600";"3,21194";"0,37664"
"47,26600";"3,19694";"0,36748"
"47,27600";"3,18195";"0,36786"
"47,28600";"3,16696";"0,36803"
"47,29600";"3,15197";"0,36857"
"47,30600";"3,13685";"0,36927"
"47,31600";"3,12186";"0,36758"
"47,32600";"3,10687";"0,36226"
"47,33600";"3,09187";"0,35664"
"47,34600";"3,07700";"0,34825"
"47,35600";"3,06201";"0,34616"
"47,36600";"3,04713";"0,35363"
"47,37600";"3,03214";"0,36402"
"47,38600";"3,01715";"0,36750"
"47,39600";"3,00192";"0,36880"
"47,40600";"2,98692";"0,36194"
"47,41600";"2,97193";"0,35645"
"47,42600";"2,95706";"0,34949"
"47,43600";"2,94206";"0,34527"
"47,44600";"2,92707";"0,34191"
"47,45600";"2,91219";"0,33998"
"47,46600";"2,89708";"0,33973"
"47,47600";"2,88197";"0,33952"
"47,48600";"2,86686";"0,34239"
"47,49600";"2,85187";"0,33931"
"47,50600";"2,83699";"0,33628"
"47,51600";"2,82200";"0,34014"
"47,52600";"2,80701";"0,34352"
"47,53600";"2,79213";"0,34102"
"47,54600";"2,77702";"0,33927"
"47,55600";"2,76191";"0,34208"
"47,56600";"2,74680";"0,35152"
"47,57600";"2,73169";"0,35864"
"47,58600";"2,71681";"0,36376"
"47,59600";"2,70194";"0,36257"
"47,60600";"2,68683";"0,35855"
"47,61600";"2,67183";"0,35615"
"47,62600";"2,65696";"0,35608"
"47,63600";"2,64197";"0,35605"
"47,64600";"2,62685";"0,34777"
"47,65600";"2,61174";"0,34850"
"47,66600";"2,59699";"0,34997"
"47,67600";"2,58211";"0,35208"
"47,68600";"2,56700";"0,35065"
"47,69600";"2,55201";"0,34174"
"47,70600";"2,53690";"0,33646"
"47,71600";"2,52190";"0,34230"
"47,72600";"2,50679";"0,34473"
"47,73600";"2,49180";"0,35028"
"47,74600";"2,47704";"0,35864"
"47,75600";"2,46217";"0,36039"
"47,76600";"2,44717";"0,35170"
"47,77600";"2,43194";"0,34611"
"47,78600";"2,41695";"0,34421"
"47,79600";"2,40196";"0,34298"
"47,80600";"2,38673";"0,34798"
"47,81600";"2,37162";"0,35804"
"47,82600";"2,35674";"0,36512"
"47,83600";"2,34187";"0,37092"
"47,84600";"2,32699";"0,37033"
"47,85600";"2,31200";"0,37016"
"47,86600";"2,29701";"0,36501"
"47,87600";"2,28201";"0,35558"
"47,88600";"2,26714";"0,35186"
"47,89600";"2,25215";"0,35339"
"47,90600";"2,23715";"0,35359"
"47,91600";"2,22228";"0,34741"
"47,92600";"2,20728";"0,34504"
"47,93600";"2,19217";"0,34613"
"47,94600";"2,17718";"0,34632"
"47,95600";"2,16207";"0,35432"
"47,96600";"2,14696";"0,36202"
"47,97600";"2,13197";"0,36767"
"47,98600";"2,11697";"0,36921"
"47,99600";"2,10198";"0,36330"
"48,00600";"2,08687";"0,36071"
"48,01600";"2,07176";"0,36417"
"48,02600";"2,05676";"0,36474"
"48,03600";"2,04177";"0,36302"
"48,04600";"2,02678";"0,36197"
"48,05600";"2,01190";"0,35654"
"48,06600";"1,99691";"0,35789"
"48,07600";"1,98203";"0,35520"
"48,08600";"1,96704";"0,34665"
"48,09600";"1,95205";"0,34419"
"48,10600";"1,93694";"0,34230"
"48,11600";"1,92194";"0,34371"
"48,12600";"1,90695";"0,34193"
"48,13600";"1,89196";"0,33780"
"48,14600";"1,87697";"0,33667"
"48,15600";"1,86197";"0,34373"
"48,16600";"1,84698";"0,34569"
"48,17600";"1,83199";"0,34164"
"48,18600";"1,81699";"0,33736"
"48,19600";"1,80188";"0,33726"
"48,20600";"1,78689";"0,33611"
"48,21600";"1,77201";"0,33377"
"48,22600";"1,75702";"0,33218"
"48,23600";"1,74203";"0,33415"
"48,24600";"1,72703";"0,33758"
"48,25600";"1,71204";"0,34379"
"48,26600";"1,69705";"0,34653"
"48,27600";"1,68194";"0,34539"
"48,28600";"1,66694";"0,34849"
"48,29600";"1,65207";"0,35079"
"48,30600";"1,63708";"0,35968"
"48,31600";"1,62208";"0,36757"
"48,32600";"1,60697";"0,35916"
"48,33600";"1,59210";"0,34699"
"48,34600";"1,57699";"0,34133"
"48,35600";"1,56199";"0,34387"
"48,36600";"1,54688";"0,34362"
"48,37600";"1,53201";"0,34370"
"48,38600";"1,51701";"0,34564"
"48,39600";"1,50202";"0,35196"
"48,40600";"1,48691";"0,35529"
"48,41600";"1,47192";"0,36044"
"48,42600";"1,45692";"0,36631"
"48,43600";"1,44193";"0,36584"
"48,44600";"1,42682";"0,36181"
"48,45600";"1,41194";"0,35640"
"48,46600";"1,39707";"0,35319"
"48,47600";"1,38196";"0,35598"
"48,48600";"1,36697";"0,36211"
"48,49600";"1,35185";"0,36675"
"48,50600";"1,33686";"0,36718"
"48,51600";"1,32187";"0,35660"
"48,52600";"1,30676";"0,35399"
"48,53600";"1,29188";"0,35554"
"48,54600";"1,27713";"0,36199"
"48,55600";"1,26213";"0,36990"
"48,56600";"1,24702";"0,36408"
"48,57600";"1,23203";"0,35058"
"48,58600";"1,21715";"0,34232"
"48,59600";"1,20216";"0,34229"
"48,60600";"1,18705";"0,33562"
"48,61600";"1,17206";"0,32962"
"48,62600";"1,15718";"0,33048"
"48,63600";"1,14219";"0,34166"
"48,64600";"1,12708";"0,35286"
"48,65600";"1,11197";"0,35800"
"48,66600";"1,09697";"0,36313"
"48,67600";"1,08210";"0,36681"
"48,68600";"1,06710";"0,36968"
"48,69600";"1,05211";"0,36575"
"48,70600";"1,03712";"0,35737"
"48,71600";"1,02201";"0,35101"
"48,72600";"1,00701";"0,35436"
"48,73600";"0,99190";"0,35866"
"48,74600";"0,97703";"0,35302"
"48,75600";"0,96203";"0,34597"
"48,76600";"0,94704";"0,34133"
"48,77600";"0,93193";"0,34643"
"48,78600";"0,91694";"0,35820"
"48,79600";"0,90194";"0,36551"
"48,80600";"0,88695";"0,36607"
"48,81600";"0,87196";"0,36598"
"48,82600";"0,85685";"0,35390"
"48,83600";"0,84185";"0,34148"
"48,84600";"0,82698";"0,33733"
"48,85600";"0,81199";"0,33552"
"48,86600";"0,79699";"0,33799"
"48,87600";"0,78212";"0,34746"
"48,88600";"0,76724";"0,35062"
"48,89600";"0,75225";"0,35760"
"48,90600";"0,73714";"0,35109"
"48,91600";"0,72215";"0,34893"
"48,92600";"0,70715";"0,35062"
"48,93600";"0,69216";"0,35056"
"48,94600";"0,67705";"0,35591"
"48,95600";"0,66206";"0,36130"
"48,96600";"0,64706";"0,36399"
"48,97600";"0,63219";"0,36223"
"48,98600";"0,61696";"0,36026"
"48,99600";"0,60197";"0,35502"
"49,00600";"0,58709";"0,35376"
"49,01600";"0,57198";"0,35601"
"49,02600";"0,55687";"0,34904"
"49,03600";"0,54176";"0,34304"
"49,04600";"0,52676";"0,34229"
"49,05600";"0,51177";"0,34284"
"49,06600";"0,49666";"0,34375"
"49,07600";"0,48167";"0,34542"
"49,08600";"0,46679";"0,34499"
"49,09600";"0,45203";"0,34884"
"49,10600";"0,43692";"0,35375"
"49,11600";"0,42193";"0,35385"
"49,12600";"0,40694";"0,35728"
"49,13600";"0,39194";"0,35389"
"49,14600";"0,37683";"0,35612"
"49,15600";"0,36184";"0,35052"
"49,16600";"0,34685";"0,34390"
"49,17600";"0,33209";"0,34311"
"49,18600";"0,31710";"0,34820"
"49,19600";"0,30199";"0,34954"
"49,20600";"0,28711";"0,34827"
"49,21600";"0,27212";"0,35037"
"49,22600";"0,25701";"0,35249"
"49,23600";"0,24201";"0,35181"
"49,24600";"0,22702";"0,34624"
"49,25600";"0,21215";"0,34337"
"49,26600";"0,19715";"0,34362"
"49,27600";"0,18192";"0,34793"
"49,28600";"0,16693";"0,34418"
"49,29600";"0,15194";"0,33857"
"49,30600";"0,13694";"0,33792"
"49,31600";"0,12195";"0,33931"
"49,32600";"0,10708";"0,33526"
"49,33600";"0,09220";"0,33325"
"49,34600";"0,07721";"0,34048"
"49,35600";"0,06222";"0,34815"
"49,36600";"0,04710";"0,35350"
"49,37600";"0,03211";"0,35849"
"49,38600";"0,01724";"0,36146"
"49,39600";"0,00213";"0,35944"
"49,39800";"-0,00083";"0,36012"
