5.65	-2.4267
5.66	-2.4276
5.65	-2.4303
5.66	-2.4344
5.66	-2.4393
5.66	-2.4441
5.65	-2.4484
5.65	-2.4515
5.65	-2.4536
5.66	-2.4543
5.66	-2.4539
5.66	-2.4522
5.67	-2.4499
5.67	-2.4470
5.67	-2.4437
5.68	-2.4401
5.68	-2.4368
5.69	-2.4337
5.70	-2.4310
5.70	-2.4289
5.71	-2.4272
5.71	-2.4263
5.71	-2.4259
5.72	-2.4260
5.73	-2.4267
5.73	-2.4277
5.74	-2.4293
5.75	-2.4312
5.76	-2.4334
5.77	-2.4360
5.78	-2.4387
5.78	-2.4416
5.79	-2.4445
5.79	-2.4476
5.79	-2.4505
5.80	-2.4534
5.81	-2.4559
5.83	-2.4585
5.83	-2.4609
5.83	-2.4628
5.84	-2.4647
5.84	-2.4661
5.86	-2.4673
5.87	-2.4679
5.87	-2.4684
5.88	-2.4685
5.89	-2.4682
5.90	-2.4676
5.91	-2.4667
5.91	-2.4655
5.92	-2.4639
5.93	-2.4618
5.94	-2.4597
5.95	-2.4572
5.96	-2.4542
5.96	-2.4513
5.97	-2.4479
5.98	-2.4444
5.99	-2.4405
5.99	-2.4365
6.00	-2.4324
6.01	-2.4281
6.02	-2.4236
6.03	-2.4192
6.03	-2.4145
6.04	-2.4097
6.04	-2.4048
6.06	-2.3999
6.06	-2.3950
6.08	-2.3900
6.08	-2.3848
6.09	-2.3797
6.10	-2.3746
6.11	-2.3696
6.12	-2.3645
6.13	-2.3594
6.13	-2.3543
6.14	-2.3493
6.15	-2.3443
6.15	-2.3394
6.16	-2.3344
6.17	-2.3296
6.18	-2.3248
6.19	-2.3201
6.20	-2.3155
6.20	-2.3109
6.21	-2.3064
6.22	-2.3021
6.23	-2.2977
6.24	-2.2936
6.25	-2.2893
6.25	-2.2853
6.27	-2.2813
6.28	-2.2774
6.28	-2.2735
6.29	-2.2697
6.29	-2.2660
6.30	-2.2623
6.31	-2.2587
6.32	-2.2553
6.33	-2.2517
6.34	-2.2484
6.34	-2.2451
6.36	-2.2420
6.37	-2.2388
6.38	-2.2360
6.38	-2.2330
6.38	-2.2301
6.39	-2.2272
6.40	-2.2244
6.41	-2.2217
6.42	-2.2189
6.43	-2.2163
6.44	-2.2135
6.45	-2.2110
6.45	-2.2084
6.46	-2.2059
6.47	-2.2035
6.48	-2.2011
6.49	-2.1988
6.50	-2.1966
6.50	-2.1945
6.51	-2.1925
6.52	-2.1905
6.53	-2.1883
6.54	-2.1863
6.54	-2.1845
6.55	-2.1826
6.56	-2.1808
6.57	-2.1790
6.57	-2.1771
6.58	-2.1755
6.59	-2.1738
6.60	-2.1721
6.61	-2.1703
6.62	-2.1686
6.63	-2.1669
6.63	-2.1653
6.64	-2.1637
6.65	-2.1620
6.66	-2.1606
6.67	-2.1591
6.67	-2.1576
6.68	-2.1561
6.69	-2.1547
6.70	-2.1533
6.71	-2.1518
6.72	-2.1504
6.73	-2.1490
6.73	-2.1477
6.73	-2.1464
6.75	-2.1450
6.76	-2.1436
6.76	-2.1422
6.78	-2.1409
6.78	-2.1397
6.79	-2.1383
6.79	-2.1369
6.79	-2.1357
6.80	-2.1345
6.82	-2.1332
6.83	-2.1319
6.84	-2.1306
6.84	-2.1294
6.86	-2.1283
6.87	-2.1270
6.88	-2.1256
6.89	-2.1243
6.89	-2.1232
6.90	-2.1220
6.91	-2.1208
6.92	-2.1195
6.92	-2.1184
6.93	-2.1173
6.94	-2.1161
6.95	-2.1149
6.95	-2.1137
6.96	-2.1125
6.98	-2.1114
6.98	-2.1101
6.99	-2.1089
7.00	-2.1078
7.01	-2.1065
7.01	-2.1053
7.02	-2.1042
7.03	-2.1030
7.04	-2.1018
7.05	-2.1006
7.06	-2.0994
7.06	-2.0983
7.07	-2.0973
7.08	-2.0963
7.09	-2.0954
7.09	-2.0944
7.11	-2.0932
7.12	-2.0921
7.12	-2.0910
7.13	-2.0900
7.14	-2.0888
7.15	-2.0877
7.16	-2.0866
7.17	-2.0855
7.17	-2.0844
7.18	-2.0833
7.19	-2.0822
7.20	-2.0810
7.21	-2.0799
7.22	-2.0789
7.23	-2.0779
7.23	-2.0770
7.24	-2.0762
7.25	-2.0753
7.25	-2.0743
7.26	-2.0735
7.27	-2.0727
7.28	-2.0718
7.29	-2.0709
7.30	-2.0700
7.31	-2.0692
7.32	-2.0683
7.33	-2.0674
7.33	-2.0666
7.34	-2.0657
7.34	-2.0649
7.36	-2.0641
7.36	-2.0633
7.37	-2.0623
7.38	-2.0614
7.39	-2.0606
7.40	-2.0597
7.40	-2.0588
7.41	-2.0580
7.42	-2.0571
7.42	-2.0562
7.44	-2.0554
7.45	-2.0545
7.45	-2.0536
7.46	-2.0528
7.47	-2.0519
7.48	-2.0511
7.49	-2.0503
7.49	-2.0495
7.50	-2.0487
7.51	-2.0481
7.52	-2.0473
7.53	-2.0464
7.53	-2.0457
7.54	-2.0448
7.55	-2.0441
7.56	-2.0433
7.57	-2.0424
7.58	-2.0417
7.58	-2.0408
7.59	-2.0400
7.60	-2.0392
7.61	-2.0384
7.62	-2.0377
7.63	-2.0369
7.63	-2.0362
7.65	-2.0354
7.65	-2.0346
7.66	-2.0339
7.67	-2.0332
7.67	-2.0325
7.68	-2.0316
7.68	-2.0308
7.70	-2.0300
7.71	-2.0294
7.72	-2.0286
7.73	-2.0281
7.74	-2.0273
7.75	-2.0268
7.75	-2.0261
7.76	-2.0254
7.77	-2.0248
7.78	-2.0242
7.79	-2.0236
7.79	-2.0229
7.80	-2.0223
7.81	-2.0217
7.82	-2.0209
7.83	-2.0202
7.83	-2.0195
7.84	-2.0188
7.85	-2.0182
7.86	-2.0175
7.87	-2.0167
7.87	-2.0159
7.88	-2.0153
7.89	-2.0146
7.90	-2.0139
7.91	-2.0133
7.92	-2.0127
7.92	-2.0120
7.93	-2.0115
7.94	-2.0109
7.95	-2.0104
7.96	-2.0098
7.97	-2.0092
7.98	-2.0087
7.99	-2.0082
8.00	-2.0077
8.00	-2.0071
8.01	-2.0065
8.02	-2.0060
8.03	-2.0054
8.03	-2.0049
8.04	-2.0042
8.05	-2.0036
8.06	-2.0031
8.07	-2.0026
8.08	-2.0021
8.09	-2.0014
8.09	-2.0009
8.10	-2.0003
8.11	-1.9997
8.12	-1.9990
8.13	-1.9984
8.13	-1.9979
8.13	-1.9971
8.15	-1.9965
8.16	-1.9959
8.18	-1.9953
8.18	-1.9947
8.19	-1.9942
8.19	-1.9936
8.20	-1.9930
8.21	-1.9924
8.22	-1.9919
8.23	-1.9912
8.24	-1.9906
8.24	-1.9899
8.25	-1.9893
8.26	-1.9886
8.27	-1.9879
8.27	-1.9872
8.28	-1.9863
8.29	-1.9859
8.29	-1.9853
8.30	-1.9846
8.31	-1.9839
8.32	-1.9833
8.33	-1.9827
8.34	-1.9821
8.35	-1.9816
8.36	-1.9809
8.36	-1.9804
8.37	-1.9797
8.38	-1.9789
8.39	-1.9782
8.40	-1.9775
8.40	-1.9770
8.41	-1.9764
8.42	-1.9757
8.43	-1.9752
8.44	-1.9746
8.45	-1.9739
8.45	-1.9731
8.46	-1.9725
8.47	-1.9719
8.48	-1.9714
8.49	-1.9709
8.50	-1.9704
8.50	-1.9698
8.51	-1.9692
8.52	-1.9685
8.53	-1.9678
8.53	-1.9672
8.54	-1.9665
8.55	-1.9658
8.56	-1.9651
8.57	-1.9644
8.58	-1.9639
8.58	-1.9632
8.60	-1.9627
8.60	-1.9620
8.61	-1.9613
8.62	-1.9607
8.63	-1.9602
8.64	-1.9595
8.64	-1.9590
8.65	-1.9584
8.66	-1.9579
8.67	-1.9574
8.68	-1.9569
8.69	-1.9563
8.70	-1.9557
8.70	-1.9551
8.71	-1.9545
8.72	-1.9539
8.72	-1.9534
8.74	-1.9527
8.75	-1.9520
8.76	-1.9515
8.77	-1.9508
8.78	-1.9503
8.78	-1.9498
8.79	-1.9492
8.80	-1.9488
8.80	-1.9482
8.80	-1.9477
8.82	-1.9471
8.83	-1.9466
8.84	-1.9458
8.85	-1.9452
8.85	-1.9446
8.86	-1.9440
8.87	-1.9433
8.88	-1.9426
8.89	-1.9420
8.89	-1.9414
8.90	-1.9408
8.91	-1.9403
8.92	-1.9395
8.93	-1.9390
8.94	-1.9384
8.95	-1.9377
8.95	-1.9371
8.96	-1.9365
8.97	-1.9359
8.98	-1.9353
8.99	-1.9346
8.99	-1.9339
9.00	-1.9334
9.01	-1.9329
9.02	-1.9321
9.03	-1.9315
9.04	-1.9309
9.04	-1.9303
9.05	-1.9296
9.06	-1.9290
9.07	-1.9284
9.08	-1.9278
9.09	-1.9271
9.10	-1.9266
9.10	-1.9260
9.11	-1.9254
9.12	-1.9247
9.13	-1.9241
9.13	-1.9235
9.14	-1.9228
9.15	-1.9223
9.16	-1.9217
9.17	-1.9211
9.18	-1.9206
9.19	-1.9200
9.20	-1.9195
9.20	-1.9188
9.20	-1.9183
9.21	-1.9178
9.22	-1.9174
9.23	-1.9168
9.24	-1.9162
9.25	-1.9157
9.25	-1.9151
9.26	-1.9144
9.27	-1.9137
9.28	-1.9131
9.29	-1.9123
9.29	-1.9117
9.31	-1.9112
9.32	-1.9107
9.33	-1.9101
9.33	-1.9096
9.34	-1.9090
9.35	-1.9085
9.36	-1.9080
9.37	-1.9074
9.38	-1.9069
9.38	-1.9064
9.39	-1.9059
9.40	-1.9054
9.41	-1.9049
9.42	-1.9045
9.43	-1.9040
9.43	-1.9036
9.44	-1.9030
9.45	-1.9026
9.46	-1.9021
9.47	-1.9016
9.47	-1.9011
9.48	-1.9006
9.49	-1.9001
9.50	-1.8997
9.51	-1.8993
9.52	-1.8986
9.52	-1.8981
9.53	-1.8975
9.54	-1.8970
9.55	-1.8964
9.55	-1.8958
9.56	-1.8952
9.56	-1.8948
9.57	-1.8943
9.59	-1.8938
9.60	-1.8932
9.61	-1.8928
9.62	-1.8922
9.63	-1.8916
9.64	-1.8912
9.64	-1.8907
9.65	-1.8902
9.66	-1.8896
9.67	-1.8891
9.68	-1.8886
9.68	-1.8880
9.69	-1.8874
9.70	-1.8869
9.70	-1.8863
9.71	-1.8859
9.72	-1.8854
9.73	-1.8848
9.74	-1.8842
9.75	-1.8837
9.76	-1.8831
9.77	-1.8827
9.78	-1.8820
9.78	-1.8815
9.79	-1.8809
9.80	-1.8804
9.81	-1.8799
9.81	-1.8794
9.82	-1.8790
9.83	-1.8785
9.84	-1.8780
9.85	-1.8775
9.86	-1.8769
9.87	-1.8762
9.88	-1.8756
9.88	-1.8753
9.89	-1.8748
9.89	-1.8743
9.90	-1.8737
9.91	-1.8734
9.92	-1.8729
9.93	-1.8725
9.94	-1.8720
9.95	-1.8714
9.95	-1.8709
9.96	-1.8703
9.97	-1.8699
9.98	-1.8693
9.99	-1.8688
10.00	-1.8683
10.00	-1.8679
10.02	-1.8675
10.03	-1.8669
10.03	-1.8665
10.04	-1.8661
10.05	-1.8658
10.06	-1.8654
10.07	-1.8651
10.07	-1.8647
10.08	-1.8642
10.09	-1.8638
10.10	-1.8634
10.10	-1.8632
10.12	-1.8628
10.12	-1.8625
10.13	-1.8620
10.13	-1.8617
10.15	-1.8614
10.16	-1.8611
10.17	-1.8607
10.18	-1.8606
10.18	-1.8602
10.18	-1.8599
10.19	-1.8594
10.20	-1.8591
10.21	-1.8587
10.22	-1.8584
10.23	-1.8580
10.23	-1.8577
10.25	-1.8574
10.25	-1.8568
10.26	-1.8564
10.27	-1.8561
10.28	-1.8557
10.29	-1.8553
10.30	-1.8549
10.30	-1.8544
10.31	-1.8540
10.32	-1.8535
10.33	-1.8532
10.34	-1.8528
10.35	-1.8525
10.36	-1.8522
10.37	-1.8519
10.38	-1.8515
10.38	-1.8511
10.39	-1.8508
10.40	-1.8504
10.40	-1.8501
10.41	-1.8496
10.42	-1.8493
10.43	-1.8490
10.44	-1.8487
10.45	-1.8484
10.45	-1.8480
10.46	-1.8477
10.47	-1.8473
10.48	-1.8470
10.49	-1.8466
10.50	-1.8463
10.50	-1.8460
10.52	-1.8457
10.53	-1.8454
10.53	-1.8450
10.54	-1.8447
10.54	-1.8443
10.55	-1.8441
10.56	-1.8438
10.57	-1.8436
10.58	-1.8432
10.59	-1.8431
10.60	-1.8428
10.61	-1.8425
10.62	-1.8422
10.62	-1.8419
10.63	-1.8418
10.64	-1.8416
10.65	-1.8414
10.65	-1.8413
10.67	-1.8411
10.68	-1.8407
10.68	-1.8406
10.68	-1.8404
10.70	-1.8402
10.71	-1.8399
10.71	-1.8397
10.72	-1.8394
10.73	-1.8391
10.74	-1.8389
10.75	-1.8387
10.76	-1.8384
10.77	-1.8382
10.77	-1.8380
10.78	-1.8378
10.79	-1.8377
10.80	-1.8376
10.80	-1.8374
10.82	-1.8373
10.83	-1.8372
10.84	-1.8370
10.84	-1.8368
10.85	-1.8368
10.86	-1.8366
10.86	-1.8364
10.87	-1.8363
10.88	-1.8363
10.89	-1.8362
10.90	-1.8360
10.90	-1.8359
10.92	-1.8357
10.92	-1.8355
10.93	-1.8354
10.94	-1.8352
10.95	-1.8350
10.95	-1.8349
10.96	-1.8348
10.97	-1.8347
10.98	-1.8345
10.98	-1.8343
11.00	-1.8340
11.00	-1.8340
11.01	-1.8337
11.02	-1.8336
11.03	-1.8334
11.03	-1.8332
11.04	-1.8330
11.05	-1.8325
11.05	-1.8323
11.06	-1.8321
11.07	-1.8318
11.08	-1.8316
11.09	-1.8314
11.10	-1.8311
11.11	-1.8309
11.12	-1.8308
11.13	-1.8306
11.13	-1.8304
11.14	-1.8303
11.15	-1.8301
11.16	-1.8299
11.18	-1.8297
11.18	-1.8294
11.18	-1.8293
11.20	-1.8290
11.20	-1.8288
11.21	-1.8286
11.22	-1.8284
11.23	-1.8283
11.23	-1.8280
11.25	-1.8279
11.25	-1.8276
11.26	-1.8274
11.27	-1.8271
11.28	-1.8269
11.29	-1.8267
11.30	-1.8265
11.30	-1.8263
11.31	-1.8260
11.32	-1.8257
11.33	-1.8255
11.33	-1.8253
11.35	-1.8252
11.35	-1.8251
11.35	-1.8248
11.36	-1.8247
11.37	-1.8245
11.38	-1.8242
11.40	-1.8239
11.40	-1.8236
11.41	-1.8234
11.42	-1.8232
11.43	-1.8229
11.44	-1.8226
11.45	-1.8222
11.45	-1.8221
11.46	-1.8218
11.47	-1.8216
11.47	-1.8213
11.48	-1.8210
11.49	-1.8208
11.50	-1.8205
11.51	-1.8203
11.52	-1.8201
11.53	-1.8201
11.53	-1.8199
11.54	-1.8198
11.55	-1.8196
11.56	-1.8194
11.57	-1.8192
11.58	-1.8191
11.59	-1.8188
11.60	-1.8186
11.60	-1.8185
11.61	-1.8183
11.62	-1.8181
11.63	-1.8180
11.63	-1.8178
11.64	-1.8177
11.65	-1.8175
11.66	-1.8173
11.67	-1.8171
11.68	-1.8169
11.68	-1.8165
11.70	-1.8163
11.70	-1.8162
11.71	-1.8160
11.73	-1.8159
11.73	-1.8154
11.73	-1.8151
11.75	-1.8149
11.75	-1.8146
11.76	-1.8144
11.77	-1.8141
11.78	-1.8138
11.78	-1.8135
11.80	-1.8132
11.80	-1.8130
11.81	-1.8127
11.82	-1.8125
11.83	-1.8121
11.84	-1.8118
11.85	-1.8115
11.85	-1.8111
11.86	-1.8108
11.87	-1.8105
11.88	-1.8101
11.88	-1.8099
11.89	-1.8095
11.90	-1.8093
11.90	-1.8090
11.91	-1.8086
11.92	-1.8084
11.93	-1.8080
11.94	-1.8076
11.95	-1.8073
11.95	-1.8070
11.96	-1.8067
11.97	-1.8064
11.99	-1.8061
12.00	-1.8059
12.00	-1.8056
12.00	-1.8053
12.01	-1.8051
12.02	-1.8048
12.03	-1.8045
12.03	-1.8042
12.05	-1.8040
12.06	-1.8037
12.07	-1.8035
12.08	-1.8034
12.08	-1.8032
12.09	-1.8030
12.10	-1.8027
12.11	-1.8024
12.12	-1.8021
12.12	-1.8018
12.13	-1.8014
12.14	-1.8011
12.15	-1.8008
12.16	-1.8005
12.17	-1.8000
12.18	-1.7999
12.18	-1.7995
12.19	-1.7992
12.20	-1.7988
12.20	-1.7986
12.22	-1.7983
12.23	-1.7981
12.23	-1.7978
12.24	-1.7976
12.25	-1.7973
12.25	-1.7971
12.26	-1.7969
12.27	-1.7966
12.28	-1.7964
12.29	-1.7962
12.30	-1.7960
12.31	-1.7958
12.32	-1.7955
12.33	-1.7953
12.33	-1.7952
12.34	-1.7949
12.35	-1.7946
12.36	-1.7943
12.37	-1.7940
12.38	-1.7937
12.39	-1.7934
12.40	-1.7932
12.40	-1.7929
12.42	-1.7926
12.42	-1.7921
12.43	-1.7919
12.43	-1.7916
12.44	-1.7914
12.45	-1.7911
12.45	-1.7908
12.47	-1.7905
12.48	-1.7902
12.48	-1.7899
12.49	-1.7895
12.50	-1.7892
12.51	-1.7889
12.52	-1.7885
12.53	-1.7882
12.53	-1.7878
12.54	-1.7875
12.55	-1.7871
12.56	-1.7867
12.57	-1.7863
12.58	-1.7860
12.58	-1.7856
12.59	-1.7852
12.60	-1.7848
12.61	-1.7844
12.62	-1.7840
12.63	-1.7836
12.64	-1.7833
12.65	-1.7829
12.65	-1.7826
12.66	-1.7823
12.67	-1.7820
12.68	-1.7816
12.68	-1.7813
12.69	-1.7808
12.70	-1.7804
12.71	-1.7801
12.72	-1.7797
12.73	-1.7793
12.73	-1.7790
12.74	-1.7786
12.75	-1.7783
12.75	-1.7778
12.76	-1.7776
12.77	-1.7772
12.78	-1.7769
12.79	-1.7766
12.80	-1.7763
12.80	-1.7760
12.81	-1.7758
12.82	-1.7754
12.83	-1.7752
12.84	-1.7749
12.85	-1.7745
12.85	-1.7741
12.86	-1.7737
12.87	-1.7734
12.88	-1.7729
12.89	-1.7726
12.90	-1.7723
12.90	-1.7720
12.91	-1.7716
12.92	-1.7714
12.93	-1.7710
12.94	-1.7706
12.95	-1.7704
12.96	-1.7700
12.97	-1.7697
12.97	-1.7694
12.98	-1.7691
12.99	-1.7688
13.00	-1.7685
13.01	-1.7682
13.02	-1.7680
13.02	-1.7676
13.03	-1.7673
13.04	-1.7671
13.05	-1.7668
13.06	-1.7666
13.07	-1.7663
13.07	-1.7660
13.08	-1.7657
13.08	-1.7654
13.10	-1.7650
13.10	-1.7647
13.11	-1.7644
13.12	-1.7641
13.14	-1.7637
13.14	-1.7635
13.15	-1.7630
13.15	-1.7626
13.16	-1.7623
13.17	-1.7619
13.18	-1.7615
13.19	-1.7612
13.20	-1.7608
13.20	-1.7605
13.21	-1.7601
13.23	-1.7597
13.23	-1.7594
13.24	-1.7591
13.24	-1.7587
13.25	-1.7584
13.26	-1.7579
13.27	-1.7575
13.28	-1.7571
13.29	-1.7568
13.30	-1.7564
13.30	-1.7559
13.31	-1.7556
13.32	-1.7552
13.33	-1.7549
13.34	-1.7545
13.35	-1.7541
13.35	-1.7537
13.36	-1.7533
13.37	-1.7530
13.38	-1.7526
13.39	-1.7522
13.40	-1.7519
13.40	-1.7515
13.41	-1.7511
13.42	-1.7508
13.43	-1.7505
13.43	-1.7501
13.45	-1.7497
13.45	-1.7493
13.46	-1.7489
13.47	-1.7485
13.48	-1.7482
13.49	-1.7477
13.50	-1.7475
13.50	-1.7471
13.52	-1.7467
13.53	-1.7465
13.53	-1.7462
13.54	-1.7458
13.55	-1.7455
13.55	-1.7451
13.56	-1.7446
13.57	-1.7442
13.58	-1.7437
13.59	-1.7432
13.60	-1.7427
13.60	-1.7425
13.61	-1.7419
13.62	-1.7416
13.63	-1.7412
13.63	-1.7410
13.64	-1.7406
13.65	-1.7403
13.66	-1.7400
13.67	-1.7396
13.68	-1.7393
13.69	-1.7390
13.70	-1.7388
13.70	-1.7385
13.71	-1.7382
13.72	-1.7379
13.73	-1.7376
13.74	-1.7373
13.74	-1.7370
13.75	-1.7367
13.76	-1.7365
13.78	-1.7362
13.78	-1.7359
13.78	-1.7357
13.79	-1.7355
13.80	-1.7353
13.81	-1.7349
13.82	-1.7346
13.83	-1.7342
13.84	-1.7339
13.85	-1.7336
13.85	-1.7332
13.86	-1.7328
13.87	-1.7325
13.88	-1.7321
13.89	-1.7317
13.90	-1.7315
13.90	-1.7311
13.91	-1.7308
13.92	-1.7304
13.93	-1.7300
13.93	-1.7297
13.95	-1.7293
13.95	-1.7290
13.96	-1.7287
13.98	-1.7283
13.98	-1.7279
13.99	-1.7275
13.99	-1.7271
14.00	-1.7266
14.01	-1.7262
14.02	-1.7258
14.03	-1.7255
14.03	-1.7251
14.04	-1.7248
14.05	-1.7244
14.06	-1.7239
14.06	-1.7235
14.07	-1.7232
14.08	-1.7228
14.10	-1.7225
14.10	-1.7221
14.12	-1.7218
14.12	-1.7215
14.13	-1.7213
14.14	-1.7208
14.15	-1.7203
14.15	-1.7200
14.16	-1.7197
14.17	-1.7192
14.18	-1.7189
14.19	-1.7184
14.20	-1.7181
14.20	-1.7178
14.21	-1.7174
14.22	-1.7170
14.23	-1.7167
14.24	-1.7163
14.25	-1.7161
14.25	-1.7158
14.26	-1.7155
14.27	-1.7153
14.28	-1.7148
14.28	-1.7145
14.29	-1.7142
14.30	-1.7139
14.32	-1.7134
14.32	-1.7129
14.33	-1.7126
14.34	-1.7121
14.34	-1.7118
14.35	-1.7114
14.36	-1.7110
14.37	-1.7107
14.38	-1.7103
14.39	-1.7099
14.40	-1.7096
14.40	-1.7093
14.41	-1.7091
14.42	-1.7087
14.43	-1.7085
14.44	-1.7083
14.45	-1.7080
14.45	-1.7078
14.46	-1.7075
14.47	-1.7073
14.48	-1.7072
14.48	-1.7068
14.49	-1.7066
14.50	-1.7064
14.51	-1.7060
14.52	-1.7057
14.53	-1.7053
14.54	-1.7051
14.54	-1.7048
14.55	-1.7045
14.56	-1.7042
14.57	-1.7040
14.58	-1.7037
14.58	-1.7034
14.59	-1.7031
14.60	-1.7028
14.61	-1.7025
14.62	-1.7021
14.63	-1.7018
14.64	-1.7015
14.64	-1.7011
14.65	-1.7008
14.66	-1.7004
14.67	-1.7000
14.68	-1.6996
14.69	-1.6992
14.69	-1.6988
14.70	-1.6985
14.71	-1.6982
14.72	-1.6979
14.73	-1.6976
14.73	-1.6974
14.74	-1.6971
14.74	-1.6967
14.75	-1.6964
14.77	-1.6961
14.78	-1.6958
14.79	-1.6953
14.80	-1.6948
14.80	-1.6944
14.81	-1.6939
14.82	-1.6935
14.83	-1.6932
14.84	-1.6928
14.85	-1.6924
14.85	-1.6920
14.86	-1.6916
14.87	-1.6913
14.88	-1.6909
14.88	-1.6906
14.89	-1.6903
14.90	-1.6900
14.91	-1.6896
14.91	-1.6893
14.93	-1.6889
14.93	-1.6886
14.94	-1.6883
14.95	-1.6879
14.96	-1.6877
14.97	-1.6874
14.98	-1.6871
14.98	-1.6869
14.99	-1.6867
15.00	-1.6863
15.01	-1.6861
15.02	-1.6855
15.03	-1.6852
15.03	-1.6848
15.04	-1.6845
15.05	-1.6841
15.06	-1.6837
15.06	-1.6832
15.08	-1.6829
15.09	-1.6825
15.09	-1.6822
15.10	-1.6818
15.11	-1.6814
15.12	-1.6811
15.13	-1.6809
15.13	-1.6805
15.14	-1.6803
15.15	-1.6799
15.16	-1.6797
15.18	-1.6794
15.18	-1.6791
15.18	-1.6789
15.19	-1.6788
15.20	-1.6785
15.21	-1.6782
15.22	-1.6781
15.22	-1.6780
15.23	-1.6778
15.24	-1.6774
15.25	-1.6772
15.26	-1.6770
15.27	-1.6768
15.28	-1.6764
15.29	-1.6762
15.30	-1.6759
15.30	-1.6757
15.30	-1.6755
15.32	-1.6752
15.33	-1.6749
15.34	-1.6747
15.34	-1.6744
15.35	-1.6741
15.35	-1.6738
15.37	-1.6734
15.38	-1.6731
15.39	-1.6727
15.40	-1.6724
15.40	-1.6720
15.41	-1.6716
15.42	-1.6712
15.43	-1.6709
15.43	-1.6705
15.44	-1.6701
15.45	-1.6697
15.45	-1.6693
15.46	-1.6689
15.47	-1.6686
15.48	-1.6684
15.48	-1.6681
15.49	-1.6678
15.50	-1.6675
15.51	-1.6672
15.52	-1.6668
15.53	-1.6665
15.54	-1.6662
15.55	-1.6660
15.56	-1.6657
15.57	-1.6653
15.57	-1.6649
15.58	-1.6645
15.59	-1.6643
15.60	-1.6639
15.61	-1.6635
15.62	-1.6631
15.62	-1.6627
15.63	-1.6624
15.64	-1.6621
15.65	-1.6618
15.65	-1.6615
15.66	-1.6611
15.68	-1.6608
15.68	-1.6606
15.69	-1.6603
15.70	-1.6600
15.70	-1.6597
15.71	-1.6595
15.72	-1.6592
15.73	-1.6589
15.74	-1.6586
15.75	-1.6584
15.76	-1.6581
15.76	-1.6578
15.77	-1.6575
15.78	-1.6572
15.79	-1.6568
15.80	-1.6566
15.80	-1.6562
15.81	-1.6558
15.82	-1.6555
15.83	-1.6551
15.84	-1.6548
15.85	-1.6545
15.86	-1.6543
15.86	-1.6540
15.88	-1.6538
15.88	-1.6536
15.89	-1.6534
15.90	-1.6532
15.91	-1.6530
15.92	-1.6528
15.93	-1.6525
15.93	-1.6522
15.94	-1.6521
15.95	-1.6518
15.95	-1.6517
15.97	-1.6514
15.98	-1.6512
15.98	-1.6510
15.99	-1.6508
16.00	-1.6506
16.01	-1.6503
16.02	-1.6501
16.02	-1.6499
16.03	-1.6497
16.04	-1.6495
16.05	-1.6492
16.06	-1.6488
16.07	-1.6487
16.07	-1.6482
16.08	-1.6480
16.09	-1.6478
16.09	-1.6475
16.10	-1.6472
16.11	-1.6468
16.12	-1.6466
16.13	-1.6463
16.14	-1.6461
16.15	-1.6458
16.15	-1.6455
16.16	-1.6452
16.18	-1.6447
16.18	-1.6445
16.19	-1.6442
16.20	-1.6438
16.21	-1.6435
16.22	-1.6432
16.23	-1.6430
16.23	-1.6428
16.24	-1.6425
16.25	-1.6422
16.25	-1.6420
16.26	-1.6417
16.27	-1.6414
16.28	-1.6410
16.30	-1.6407
16.30	-1.6405
16.30	-1.6402
16.31	-1.6399
16.31	-1.6396
16.32	-1.6393
16.34	-1.6390
16.34	-1.6387
16.35	-1.6384
16.36	-1.6382
16.37	-1.6379
16.38	-1.6375
16.38	-1.6373
16.40	-1.6370
16.40	-1.6367
16.41	-1.6365
16.42	-1.6362
16.42	-1.6360
16.43	-1.6358
16.45	-1.6355
16.45	-1.6354
16.46	-1.6352
16.47	-1.6350
16.48	-1.6348
16.49	-1.6347
16.49	-1.6343
16.50	-1.6340
16.51	-1.6335
16.52	-1.6333
16.53	-1.6328
16.53	-1.6325
16.54	-1.6321
16.55	-1.6319
16.56	-1.6316
16.57	-1.6314
16.58	-1.6311
16.59	-1.6310
16.60	-1.6307
16.60	-1.6304
16.61	-1.6303
16.62	-1.6300
16.63	-1.6299
16.64	-1.6298
16.65	-1.6297
16.65	-1.6295
16.66	-1.6295
16.67	-1.6293
16.68	-1.6291
16.69	-1.6289
16.70	-1.6289
16.70	-1.6287
16.71	-1.6286
16.72	-1.6285
16.73	-1.6283
16.73	-1.6281
16.75	-1.6279
16.75	-1.6278
16.76	-1.6276
16.77	-1.6274
16.78	-1.6273
16.79	-1.6272
16.80	-1.6270
16.81	-1.6269
16.81	-1.6267
16.82	-1.6265
16.83	-1.6264
16.84	-1.6261
16.84	-1.6258
16.86	-1.6255
16.87	-1.6254
16.87	-1.6252
16.88	-1.6249
16.88	-1.6247
16.89	-1.6245
16.90	-1.6244
16.91	-1.6242
16.92	-1.6239
16.93	-1.6237
16.94	-1.6235
16.95	-1.6232
16.95	-1.6230
16.96	-1.6227
16.97	-1.6225
16.98	-1.6224
16.99	-1.6221
17.00	-1.6220
17.01	-1.6217
17.02	-1.6215
17.02	-1.6214
17.03	-1.6213
17.04	-1.6211
17.05	-1.6210
17.05	-1.6209
17.06	-1.6206
17.07	-1.6204
17.08	-1.6203
17.09	-1.6201
17.09	-1.6199
17.10	-1.6197
17.11	-1.6195
17.12	-1.6193
17.13	-1.6192
17.14	-1.6191
17.15	-1.6189
17.15	-1.6187
17.16	-1.6186
17.17	-1.6186
17.18	-1.6184
17.18	-1.6183
17.20	-1.6182
17.20	-1.6181
17.21	-1.6180
17.22	-1.6181
17.23	-1.6180
17.23	-1.6178
17.24	-1.6178
17.25	-1.6177
17.26	-1.6174
17.27	-1.6173
17.28	-1.6171
17.28	-1.6171
17.29	-1.6168
17.30	-1.6166
17.30	-1.6165
17.32	-1.6164
17.32	-1.6163
17.33	-1.6163
17.34	-1.6163
17.35	-1.6162
17.35	-1.6162
17.37	-1.6164
17.38	-1.6164
17.38	-1.6165
17.40	-1.6166
17.41	-1.6165
17.41	-1.6166
17.42	-1.6165
17.43	-1.6166
17.43	-1.6166
17.44	-1.6167
17.45	-1.6168
17.46	-1.6168
17.47	-1.6168
17.48	-1.6170
17.48	-1.6170
17.49	-1.6171
17.50	-1.6170
17.51	-1.6171
17.52	-1.6172
17.53	-1.6174
17.53	-1.6174
17.54	-1.6174
17.55	-1.6173
17.56	-1.6174
17.57	-1.6174
17.57	-1.6174
17.58	-1.6174
17.59	-1.6173
17.60	-1.6174
17.61	-1.6174
17.62	-1.6175
17.62	-1.6175
17.63	-1.6175
17.64	-1.6175
17.65	-1.6175
17.66	-1.6175
17.67	-1.6174
17.68	-1.6174
17.69	-1.6173
17.69	-1.6174
17.70	-1.6174
17.71	-1.6173
17.72	-1.6174
17.73	-1.6174
17.73	-1.6174
17.75	-1.6175
17.75	-1.6177
17.76	-1.6177
17.77	-1.6177
17.78	-1.6178
17.78	-1.6178
17.79	-1.6179
17.81	-1.6180
17.82	-1.6180
17.82	-1.6180
17.83	-1.6180
17.84	-1.6181
17.84	-1.6182
17.85	-1.6183
17.86	-1.6184
17.87	-1.6185
17.88	-1.6188
17.88	-1.6189
17.89	-1.6191
17.90	-1.6192
17.90	-1.6194
17.92	-1.6197
17.93	-1.6198
17.94	-1.6201
17.94	-1.6204
17.95	-1.6206
17.96	-1.6207
17.97	-1.6209
17.98	-1.6211
17.99	-1.6212
18.00	-1.6213
18.00	-1.6215
18.01	-1.6215
18.02	-1.6218
18.03	-1.6221
18.03	-1.6222
18.05	-1.6224
18.05	-1.6226
18.06	-1.6228
18.07	-1.6231
18.08	-1.6234
18.08	-1.6237
18.09	-1.6240
18.09	-1.6243
18.11	-1.6247
18.11	-1.6249
18.12	-1.6253
18.13	-1.6257
18.14	-1.6261
18.15	-1.6264
18.15	-1.6268
18.17	-1.6273
18.17	-1.6276
18.18	-1.6279
18.19	-1.6284
18.20	-1.6287
18.20	-1.6291
18.21	-1.6295
18.22	-1.6299
18.23	-1.6302
18.24	-1.6306
18.25	-1.6309
18.25	-1.6312
18.27	-1.6316
18.28	-1.6319
18.28	-1.6323
18.30	-1.6326
18.30	-1.6331
18.31	-1.6335
18.31	-1.6340
18.32	-1.6343
18.33	-1.6347
18.33	-1.6351
18.34	-1.6356
18.35	-1.6360
18.36	-1.6364
18.37	-1.6367
18.38	-1.6371
18.39	-1.6375
18.40	-1.6378
18.40	-1.6382
18.41	-1.6385
18.42	-1.6388
18.43	-1.6392
18.44	-1.6396
18.45	-1.6399
18.45	-1.6402
18.47	-1.6407
18.48	-1.6410
18.48	-1.6414
18.49	-1.6417
18.50	-1.6422
18.50	-1.6426
18.52	-1.6431
18.53	-1.6435
18.53	-1.6437
18.55	-1.6442
18.55	-1.6445
18.56	-1.6450
18.57	-1.6453
18.57	-1.6458
18.58	-1.6463
18.59	-1.6468
18.60	-1.6471
18.61	-1.6476
18.62	-1.6481
18.63	-1.6487
18.64	-1.6492
18.64	-1.6496
18.65	-1.6501
18.65	-1.6507
18.66	-1.6512
18.67	-1.6518
18.68	-1.6524
18.69	-1.6530
18.70	-1.6535
18.70	-1.6540
18.72	-1.6544
18.73	-1.6548
18.73	-1.6554
18.74	-1.6558
18.75	-1.6562
18.75	-1.6566
18.76	-1.6570
18.77	-1.6574
18.78	-1.6578
18.79	-1.6584
18.80	-1.6589
18.81	-1.6593
18.82	-1.6599
18.82	-1.6603
18.83	-1.6608
18.84	-1.6614
18.85	-1.6619
18.86	-1.6624
18.87	-1.6629
18.88	-1.6637
18.89	-1.6643
18.89	-1.6648
18.90	-1.6655
18.91	-1.6662
18.92	-1.6668
18.93	-1.6673
18.93	-1.6680
18.95	-1.6687
18.95	-1.6692
18.96	-1.6698
18.96	-1.6705
18.97	-1.6711
18.98	-1.6716
18.99	-1.6722
19.00	-1.6728
19.00	-1.6733
19.01	-1.6740
19.03	-1.6744
19.03	-1.6749
19.04	-1.6754
19.05	-1.6759
19.06	-1.6764
19.07	-1.6769
19.07	-1.6775
19.08	-1.6779
19.09	-1.6785
19.09	-1.6790
19.10	-1.6795
19.11	-1.6800
19.12	-1.6805
19.13	-1.6809
19.14	-1.6814
19.15	-1.6819
19.15	-1.6824
19.16	-1.6828
19.17	-1.6831
19.18	-1.6836
19.19	-1.6841
19.20	-1.6845
19.20	-1.6849
19.21	-1.6852
19.22	-1.6857
19.23	-1.6862
19.24	-1.6866
19.25	-1.6871
19.26	-1.6875
19.27	-1.6879
19.27	-1.6883
19.28	-1.6887
19.29	-1.6893
19.30	-1.6897
19.31	-1.6902
19.32	-1.6906
19.32	-1.6911
19.33	-1.6914
19.34	-1.6918
19.34	-1.6922
19.35	-1.6927
19.36	-1.6930
19.37	-1.6933
19.38	-1.6936
19.39	-1.6941
19.40	-1.6944
19.40	-1.6949
19.41	-1.6952
19.42	-1.6956
19.43	-1.6961
19.43	-1.6966
19.45	-1.6971
19.45	-1.6975
19.46	-1.6979
19.48	-1.6982
19.48	-1.6986
19.49	-1.6988
19.50	-1.6991
19.50	-1.6995
19.51	-1.6997
19.52	-1.7001
19.53	-1.7005
19.54	-1.7008
19.55	-1.7012
19.56	-1.7017
19.57	-1.7021
19.57	-1.7024
19.58	-1.7029
19.59	-1.7033
19.60	-1.7037
19.60	-1.7042
19.61	-1.7046
19.63	-1.7050
19.63	-1.7054
19.64	-1.7058
19.65	-1.7062
19.65	-1.7066
19.67	-1.7069
19.68	-1.7073
19.68	-1.7077
19.69	-1.7081
19.70	-1.7085
19.71	-1.7090
19.72	-1.7093
19.73	-1.7095
19.73	-1.7098
19.74	-1.7101
19.75	-1.7103
19.75	-1.7107
19.77	-1.7110
19.78	-1.7113
19.78	-1.7116
19.80	-1.7117
19.80	-1.7120
19.81	-1.7122
19.82	-1.7123
19.82	-1.7126
19.83	-1.7128
19.84	-1.7129
19.85	-1.7131
19.85	-1.7133
19.86	-1.7136
19.87	-1.7138
19.88	-1.7139
19.88	-1.7141
19.89	-1.7143
19.90	-1.7145
19.91	-1.7146
19.92	-1.7148
19.93	-1.7149
19.93	-1.7150
19.95	-1.7152
19.95	-1.7153
19.96	-1.7156
19.97	-1.7158
19.97	-1.7159
19.99	-1.7161
20.00	-1.7162
20.00	-1.7163
20.01	-1.7165
20.02	-1.7166
20.03	-1.7167
20.04	-1.7169
20.05	-1.7171
20.05	-1.7171
20.06	-1.7172
20.07	-1.7173
20.08	-1.7176
20.09	-1.7177
20.09	-1.7178
20.10	-1.7179
20.11	-1.7180
20.13	-1.7182
20.13	-1.7183
20.14	-1.7183
20.15	-1.7185
20.15	-1.7186
20.16	-1.7187
20.17	-1.7189
20.18	-1.7191
20.19	-1.7192
20.20	-1.7194
20.20	-1.7195
20.21	-1.7197
20.22	-1.7199
20.23	-1.7199
20.24	-1.7199
20.25	-1.7200
20.25	-1.7199
20.26	-1.7199
20.28	-1.7199
20.28	-1.7199
20.29	-1.7200
20.30	-1.7200
20.30	-1.7201
20.31	-1.7201
20.32	-1.7203
20.33	-1.7205
20.34	-1.7206
20.34	-1.7208
20.36	-1.7209
20.37	-1.7214
20.37	-1.7216
20.38	-1.7218
20.39	-1.7221
20.40	-1.7223
20.40	-1.7225
20.42	-1.7227
20.42	-1.7229
20.43	-1.7231
20.44	-1.7233
20.45	-1.7234
20.45	-1.7236
20.47	-1.7238
20.48	-1.7240
20.48	-1.7240
20.49	-1.7242
20.50	-1.7245
20.51	-1.7246
20.51	-1.7246
20.52	-1.7248
20.53	-1.7249
20.54	-1.7249
20.55	-1.7252
20.55	-1.7252
20.56	-1.7253
20.57	-1.7255
20.58	-1.7255
20.59	-1.7256
20.60	-1.7257
20.61	-1.7259
20.62	-1.7260
20.62	-1.7262
20.63	-1.7262
20.64	-1.7263
20.65	-1.7264
20.66	-1.7265
20.67	-1.7265
20.67	-1.7265
20.68	-1.7266
20.69	-1.7267
20.70	-1.7268
20.70	-1.7269
20.71	-1.7269
20.73	-1.7271
20.73	-1.7272
20.74	-1.7273
20.75	-1.7273
20.76	-1.7274
20.77	-1.7273
20.78	-1.7275
20.78	-1.7275
20.79	-1.7276
20.80	-1.7279
20.80	-1.7280
20.81	-1.7282
20.82	-1.7283
20.82	-1.7285
20.83	-1.7286
20.84	-1.7287
20.85	-1.7288
20.86	-1.7290
20.87	-1.7291
20.88	-1.7292
20.89	-1.7294
20.90	-1.7295
20.90	-1.7296
20.91	-1.7297
20.92	-1.7299
20.93	-1.7300
20.93	-1.7303
20.95	-1.7306
20.95	-1.7308
20.96	-1.7309
20.97	-1.7312
20.98	-1.7314
20.98	-1.7317
20.99	-1.7318
21.00	-1.7320
21.01	-1.7322
21.01	-1.7325
21.03	-1.7328
21.04	-1.7330
21.04	-1.7334
21.05	-1.7336
21.06	-1.7339
21.07	-1.7342
21.07	-1.7344
21.08	-1.7346
21.09	-1.7349
21.10	-1.7351
21.11	-1.7354
21.12	-1.7357
21.13	-1.7360
21.14	-1.7364
21.15	-1.7367
21.15	-1.7370
21.16	-1.7373
21.17	-1.7375
21.18	-1.7378
21.19	-1.7382
21.20	-1.7385
21.20	-1.7387
21.21	-1.7391
21.22	-1.7394
21.23	-1.7396
21.24	-1.7399
21.25	-1.7401
21.25	-1.7405
21.26	-1.7409
21.27	-1.7413
21.28	-1.7417
21.28	-1.7421
21.29	-1.7425
21.30	-1.7429
21.31	-1.7432
21.32	-1.7435
21.33	-1.7438
21.34	-1.7441
21.34	-1.7443
21.35	-1.7446
21.36	-1.7449
21.38	-1.7452
21.38	-1.7455
21.38	-1.7458
21.39	-1.7461
21.40	-1.7465
21.41	-1.7468
21.42	-1.7473
21.43	-1.7478
21.44	-1.7482
21.45	-1.7487
21.45	-1.7492
21.46	-1.7496
21.47	-1.7502
21.48	-1.7508
21.49	-1.7513
21.50	-1.7518
21.50	-1.7524
21.51	-1.7529
21.52	-1.7534
21.53	-1.7540
21.54	-1.7546
21.55	-1.7551
21.55	-1.7556
21.56	-1.7562
21.57	-1.7567
21.58	-1.7572
21.59	-1.7578
21.60	-1.7583
21.60	-1.7589
21.61	-1.7593
21.62	-1.7598
21.63	-1.7604
21.64	-1.7610
21.65	-1.7615
21.65	-1.7619
21.66	-1.7624
21.67	-1.7630
21.68	-1.7636
21.68	-1.7642
21.70	-1.7647
21.70	-1.7653
21.71	-1.7659
21.72	-1.7664
21.73	-1.7670
21.73	-1.7675
21.74	-1.7682
21.75	-1.7687
21.76	-1.7694
21.77	-1.7700
21.78	-1.7706
21.78	-1.7711
21.79	-1.7719
21.80	-1.7725
21.81	-1.7732
21.82	-1.7739
21.82	-1.7745
21.83	-1.7752
21.84	-1.7759
21.85	-1.7766
21.86	-1.7774
21.87	-1.7780
21.87	-1.7788
21.88	-1.7796
21.89	-1.7804
21.90	-1.7811
21.90	-1.7819
21.92	-1.7826
21.93	-1.7833
21.93	-1.7841
21.94	-1.7849
21.95	-1.7857
21.95	-1.7864
21.96	-1.7873
21.98	-1.7882
21.98	-1.7891
21.99	-1.7899
22.00	-1.7908
22.01	-1.7916
22.02	-1.7926
22.02	-1.7935
22.03	-1.7945
22.04	-1.7954
22.05	-1.7961
22.06	-1.7971
22.07	-1.7980
22.07	-1.7989
22.08	-1.8000
22.09	-1.8008
22.10	-1.8018
22.11	-1.8027
22.11	-1.8037
22.13	-1.8048
22.13	-1.8058
22.14	-1.8068
22.15	-1.8078
22.16	-1.8088
22.17	-1.8098
22.18	-1.8110
22.18	-1.8121
22.19	-1.8132
22.20	-1.8140
22.20	-1.8151
22.22	-1.8162
22.23	-1.8172
22.23	-1.8182
22.24	-1.8192
22.25	-1.8202
22.26	-1.8214
22.27	-1.8225
22.28	-1.8234
22.28	-1.8245
22.29	-1.8254
22.30	-1.8265
22.30	-1.8275
22.31	-1.8285
22.32	-1.8295
22.33	-1.8304
22.34	-1.8315
22.35	-1.8326
22.36	-1.8335
22.37	-1.8344
22.37	-1.8353
22.38	-1.8362
22.39	-1.8372
22.40	-1.8381
22.41	-1.8390
22.42	-1.8398
22.42	-1.8408
22.43	-1.8416
22.44	-1.8428
22.45	-1.8437
22.46	-1.8446
22.47	-1.8455
22.47	-1.8463
22.48	-1.8473
22.49	-1.8481
22.50	-1.8490
22.50	-1.8498
22.52	-1.8505
22.53	-1.8513
22.54	-1.8521
22.54	-1.8530
22.55	-1.8537
22.55	-1.8545
22.55	-1.8553
22.56	-1.8559
22.57	-1.8565
22.59	-1.8572
22.59	-1.8581
22.60	-1.8587
22.61	-1.8594
22.62	-1.8599
22.63	-1.8606
22.63	-1.8612
22.64	-1.8617
22.65	-1.8623
22.66	-1.8630
22.67	-1.8636
22.68	-1.8642
22.68	-1.8647
22.69	-1.8654
22.70	-1.8660
22.71	-1.8665
22.72	-1.8670
22.73	-1.8675
22.74	-1.8680
22.75	-1.8687
22.76	-1.8691
22.77	-1.8696
22.77	-1.8701
22.78	-1.8706
22.78	-1.8711
22.79	-1.8716
22.80	-1.8720
22.81	-1.8724
22.82	-1.8730
22.83	-1.8735
22.84	-1.8741
22.84	-1.8745
22.85	-1.8749
22.86	-1.8753
22.87	-1.8758
22.87	-1.8763
22.88	-1.8767
22.89	-1.8771
22.90	-1.8777
22.91	-1.8781
22.92	-1.8786
22.93	-1.8791
22.93	-1.8794
22.94	-1.8797
22.95	-1.8801
22.96	-1.8804
22.97	-1.8807
22.98	-1.8810
22.98	-1.8813
23.00	-1.8816
23.00	-1.8818
23.02	-1.8821
23.02	-1.8824
23.03	-1.8826
23.04	-1.8828
23.05	-1.8830
23.05	-1.8832
23.07	-1.8834
23.07	-1.8837
23.08	-1.8840
23.09	-1.8842
23.09	-1.8843
23.10	-1.8845
23.11	-1.8847
23.12	-1.8849
23.13	-1.8849
23.14	-1.8851
23.15	-1.8853
23.15	-1.8855
23.16	-1.8857
23.17	-1.8859
23.18	-1.8860
23.19	-1.8863
23.20	-1.8866
23.20	-1.8869
23.21	-1.8872
23.22	-1.8874
23.23	-1.8875
23.24	-1.8878
23.25	-1.8881
23.25	-1.8883
23.26	-1.8885
23.27	-1.8888
23.28	-1.8891
23.29	-1.8894
23.30	-1.8897
23.31	-1.8900
23.31	-1.8904
23.32	-1.8909
23.33	-1.8913
23.34	-1.8917
23.34	-1.8921
23.35	-1.8925
23.37	-1.8928
23.38	-1.8933
23.38	-1.8937
23.39	-1.8942
23.40	-1.8947
23.41	-1.8951
23.42	-1.8956
23.43	-1.8962
23.43	-1.8966
23.44	-1.8970
23.45	-1.8976
23.45	-1.8980
23.46	-1.8984
23.46	-1.8991
23.47	-1.8995
23.48	-1.9000
23.49	-1.9006
23.50	-1.9012
23.51	-1.9017
23.52	-1.9023
23.53	-1.9027
23.54	-1.9033
23.55	-1.9039
23.55	-1.9043
23.56	-1.9049
23.57	-1.9055
23.57	-1.9061
23.58	-1.9068
23.59	-1.9074
23.59	-1.9079
23.61	-1.9085
23.62	-1.9091
23.62	-1.9097
23.63	-1.9103
23.64	-1.9109
23.65	-1.9117
23.66	-1.9123
23.67	-1.9129
23.68	-1.9136
23.69	-1.9142
23.70	-1.9148
23.70	-1.9154
23.71	-1.9160
23.72	-1.9167
23.73	-1.9172
23.73	-1.9178
23.74	-1.9185
23.75	-1.9191
23.76	-1.9198
23.77	-1.9205
23.78	-1.9211
23.78	-1.9218
23.79	-1.9224
23.80	-1.9231
23.81	-1.9237
23.82	-1.9245
23.83	-1.9251
23.84	-1.9259
23.84	-1.9266
23.85	-1.9273
23.86	-1.9280
23.87	-1.9285
23.88	-1.9292
23.88	-1.9298
23.89	-1.9305
23.90	-1.9310
23.91	-1.9317
23.92	-1.9322
23.93	-1.9327
23.93	-1.9333
23.94	-1.9339
23.95	-1.9344
23.95	-1.9351
23.96	-1.9355
23.97	-1.9359
23.98	-1.9366
23.99	-1.9371
24.00	-1.9376
24.01	-1.9381
24.02	-1.9386
24.03	-1.9391
24.03	-1.9395
24.04	-1.9400
24.05	-1.9405
24.05	-1.9410
24.07	-1.9415
24.07	-1.9421
24.08	-1.9426
24.09	-1.9432
24.09	-1.9436
24.10	-1.9441
24.11	-1.9444
24.13	-1.9449
24.13	-1.9452
24.14	-1.9455
24.15	-1.9459
24.16	-1.9461
24.17	-1.9466
24.18	-1.9470
24.18	-1.9472
24.19	-1.9475
24.20	-1.9477
24.21	-1.9480
24.22	-1.9482
24.23	-1.9486
24.23	-1.9489
24.25	-1.9492
24.25	-1.9494
24.26	-1.9497
24.27	-1.9502
24.28	-1.9503
24.28	-1.9506
24.29	-1.9509
24.30	-1.9511
24.31	-1.9514
24.32	-1.9517
24.33	-1.9518
24.34	-1.9520
24.34	-1.9521
24.34	-1.9523
24.35	-1.9525
24.36	-1.9526
24.37	-1.9528
24.38	-1.9528
24.39	-1.9528
24.40	-1.9528
24.40	-1.9528
24.40	-1.9527
24.42	-1.9527
24.43	-1.9526
24.43	-1.9524
24.45	-1.9522
24.46	-1.9521
24.46	-1.9519
24.47	-1.9515
24.48	-1.9512
24.49	-1.9510
24.50	-1.9507
24.51	-1.9504
24.51	-1.9501
24.52	-1.9497
24.53	-1.9492
24.54	-1.9488
24.55	-1.9481
24.56	-1.9476
24.56	-1.9470
24.57	-1.9464
24.58	-1.9458
24.59	-1.9452
24.59	-1.9444
24.60	-1.9438
24.61	-1.9431
24.63	-1.9423
24.63	-1.9416
24.64	-1.9408
24.65	-1.9400
24.66	-1.9392
24.66	-1.9385
24.68	-1.9375
24.68	-1.9367
24.69	-1.9357
24.70	-1.9347
24.70	-1.9337
24.71	-1.9327
24.72	-1.9317
24.73	-1.9307
24.74	-1.9295
24.75	-1.9284
24.75	-1.9273
24.76	-1.9262
24.77	-1.9249
24.78	-1.9236
24.79	-1.9223
24.80	-1.9211
24.80	-1.9198
24.81	-1.9183
24.82	-1.9169
24.83	-1.9156
24.84	-1.9142
24.85	-1.9126
24.86	-1.9111
24.87	-1.9097
24.87	-1.9083
24.88	-1.9068
24.89	-1.9052
24.90	-1.9035
24.90	-1.9020
24.91	-1.9003
24.92	-1.8987
24.93	-1.8971
24.94	-1.8954
24.95	-1.8935
24.95	-1.8919
24.97	-1.8900
24.97	-1.8882
24.98	-1.8864
24.99	-1.8844
25.00	-1.8825
25.01	-1.8806
25.02	-1.8786
25.03	-1.8767
25.03	-1.8747
25.04	-1.8727
25.05	-1.8706
25.05	-1.8686
25.07	-1.8666
25.07	-1.8643
25.08	-1.8622
25.09	-1.8600
25.10	-1.8580
25.11	-1.8559
25.11	-1.8537
25.13	-1.8516
25.14	-1.8494
25.14	-1.8471
25.15	-1.8448
25.15	-1.8425
25.16	-1.8402
25.17	-1.8379
25.18	-1.8356
25.18	-1.8333
25.19	-1.8309
25.20	-1.8285
25.21	-1.8261
25.22	-1.8237
25.23	-1.8214
25.23	-1.8189
25.24	-1.8166
25.25	-1.8141
25.26	-1.8118
25.27	-1.8094
25.28	-1.8071
25.29	-1.8046
25.29	-1.8022
25.30	-1.7998
25.30	-1.7975
25.32	-1.7951
25.32	-1.7928
25.33	-1.7903
25.34	-1.7879
25.35	-1.7855
25.35	-1.7831
25.36	-1.7808
25.38	-1.7783
25.38	-1.7760
25.39	-1.7735
25.40	-1.7713
25.41	-1.7689
25.42	-1.7666
25.43	-1.7641
25.43	-1.7617
25.44	-1.7595
25.45	-1.7570
25.46	-1.7547
25.47	-1.7524
25.47	-1.7499
25.48	-1.7477
25.49	-1.7452
25.50	-1.7430
25.51	-1.7407
25.52	-1.7384
25.53	-1.7362
25.53	-1.7339
25.54	-1.7317
25.55	-1.7294
25.56	-1.7271
25.57	-1.7249
25.57	-1.7225
25.58	-1.7203
25.59	-1.7181
25.59	-1.7157
25.61	-1.7135
25.61	-1.7112
25.62	-1.7090
25.63	-1.7068
25.64	-1.7045
25.65	-1.7024
25.65	-1.7001
25.67	-1.6982
25.67	-1.6961
25.68	-1.6939
25.69	-1.6920
25.70	-1.6901
25.71	-1.6880
25.72	-1.6860
25.73	-1.6841
25.73	-1.6821
25.74	-1.6803
25.75	-1.6785
25.76	-1.6765
25.77	-1.6747
25.78	-1.6730
25.79	-1.6711
25.80	-1.6693
25.80	-1.6675
25.81	-1.6657
25.82	-1.6641
25.82	-1.6625
25.83	-1.6608
25.84	-1.6591
25.85	-1.6573
25.86	-1.6556
25.87	-1.6540
25.88	-1.6524
25.89	-1.6508
25.89	-1.6493
25.90	-1.6478
25.91	-1.6461
25.91	-1.6445
25.92	-1.6429
25.93	-1.6413
25.94	-1.6397
25.95	-1.6381
25.96	-1.6366
25.97	-1.6350
25.98	-1.6335
25.98	-1.6320
25.99	-1.6304
26.00	-1.6289
26.01	-1.6274
26.02	-1.6259
26.03	-1.6243
26.04	-1.6229
26.05	-1.6215
26.05	-1.6202
26.06	-1.6186
26.07	-1.6173
26.07	-1.6159
26.08	-1.6146
26.09	-1.6132
26.10	-1.6118
26.10	-1.6104
26.12	-1.6091
26.12	-1.6078
26.13	-1.6064
26.13	-1.6052
26.14	-1.6040
26.15	-1.6030
26.16	-1.6016
26.17	-1.6004
26.18	-1.5994
26.19	-1.5982
26.20	-1.5972
26.20	-1.5960
26.21	-1.5950
26.23	-1.5939
26.23	-1.5928
26.23	-1.5918
26.24	-1.5908
26.25	-1.5898
26.26	-1.5889
26.28	-1.5879
26.28	-1.5870
26.29	-1.5859
26.30	-1.5848
26.30	-1.5839
26.31	-1.5829
26.32	-1.5821
26.33	-1.5812
26.34	-1.5803
26.34	-1.5794
26.35	-1.5785
26.36	-1.5776
26.37	-1.5767
26.38	-1.5760
26.39	-1.5753
26.39	-1.5746
26.40	-1.5738
26.41	-1.5730
26.42	-1.5722
26.43	-1.5715
26.44	-1.5709
26.45	-1.5702
26.45	-1.5695
26.46	-1.5688
26.47	-1.5681
26.48	-1.5675
26.49	-1.5666
26.50	-1.5661
26.50	-1.5653
26.51	-1.5647
26.52	-1.5641
26.53	-1.5635
26.54	-1.5628
26.55	-1.5621
26.55	-1.5614
26.56	-1.5607
26.57	-1.5601
26.58	-1.5594
26.59	-1.5589
26.59	-1.5582
26.60	-1.5576
26.61	-1.5571
26.62	-1.5565
26.63	-1.5560
26.63	-1.5554
26.65	-1.5548
26.65	-1.5544
26.66	-1.5539
26.67	-1.5532
26.68	-1.5527
26.69	-1.5523
26.70	-1.5517
26.70	-1.5512
26.71	-1.5507
26.72	-1.5501
26.73	-1.5497
26.74	-1.5491
26.75	-1.5485
26.76	-1.5480
26.76	-1.5475
26.77	-1.5471
26.78	-1.5466
26.79	-1.5463
26.80	-1.5457
26.80	-1.5452
26.81	-1.5447
26.82	-1.5441
26.82	-1.5436
26.83	-1.5433
26.84	-1.5428
26.85	-1.5423
26.86	-1.5419
26.87	-1.5415
26.88	-1.5409
26.89	-1.5405
26.90	-1.5401
26.90	-1.5398
26.91	-1.5394
26.92	-1.5390
26.93	-1.5385
26.94	-1.5381
26.95	-1.5377
26.95	-1.5374
26.96	-1.5369
26.97	-1.5365
26.98	-1.5360
26.98	-1.5358
27.00	-1.5355
27.00	-1.5353
27.00	-1.5350
27.01	-1.5346
27.03	-1.5342
27.03	-1.5338
27.04	-1.5334
27.05	-1.5329
27.06	-1.5325
27.06	-1.5322
27.07	-1.5317
27.07	-1.5313
27.08	-1.5308
27.09	-1.5304
27.11	-1.5301
27.12	-1.5296
27.13	-1.5293
27.13	-1.5291
27.14	-1.5287
27.15	-1.5285
27.16	-1.5282
27.17	-1.5278
27.18	-1.5277
27.18	-1.5275
27.19	-1.5272
27.20	-1.5270
27.21	-1.5268
27.22	-1.5265
27.23	-1.5262
27.23	-1.5258
27.25	-1.5255
27.25	-1.5253
27.25	-1.5250
27.26	-1.5247
27.28	-1.5243
27.28	-1.5240
27.29	-1.5237
27.30	-1.5234
27.31	-1.5229
27.32	-1.5227
27.32	-1.5222
27.33	-1.5219
27.34	-1.5215
27.35	-1.5212
27.36	-1.5208
27.37	-1.5204
27.38	-1.5201
27.38	-1.5196
27.39	-1.5192
27.40	-1.5189
27.41	-1.5185
27.42	-1.5182
27.43	-1.5179
27.43	-1.5175
27.44	-1.5173
27.45	-1.5168
27.46	-1.5165
27.47	-1.5161
27.48	-1.5157
27.49	-1.5154
27.50	-1.5152
27.50	-1.5148
27.51	-1.5145
27.52	-1.5142
27.53	-1.5139
27.53	-1.5135
27.55	-1.5133
27.55	-1.5129
27.56	-1.5127
27.57	-1.5123
27.58	-1.5121
27.59	-1.5117
27.59	-1.5114
27.59	-1.5111
27.61	-1.5108
27.62	-1.5104
27.63	-1.5099
27.64	-1.5095
27.65	-1.5092
27.65	-1.5088
27.66	-1.5084
27.67	-1.5080
27.68	-1.5077
27.69	-1.5074
27.70	-1.5071
27.70	-1.5066
27.71	-1.5064
27.72	-1.5060
27.73	-1.5058
27.74	-1.5054
27.75	-1.5051
27.75	-1.5047
27.76	-1.5045
27.77	-1.5042
27.78	-1.5039
27.79	-1.5035
27.80	-1.5032
27.80	-1.5029
27.81	-1.5025
27.82	-1.5021
27.83	-1.5019
27.83	-1.5016
27.84	-1.5013
27.86	-1.5011
27.87	-1.5007
27.88	-1.5004
27.88	-1.5000
27.88	-1.4997
27.89	-1.4993
27.89	-1.4991
27.90	-1.4986
27.92	-1.4983
27.93	-1.4980
27.93	-1.4977
27.94	-1.4975
27.95	-1.4972
27.95	-1.4968
27.96	-1.4965
27.98	-1.4962
27.98	-1.4959
27.99	-1.4957
28.00	-1.4955
28.00	-1.4952
28.01	-1.4948
28.02	-1.4945
28.03	-1.4942
28.04	-1.4940
28.05	-1.4936
28.06	-1.4933
28.07	-1.4930
28.07	-1.4928
28.08	-1.4925
28.09	-1.4922
28.10	-1.4919
28.11	-1.4917
28.12	-1.4914
28.12	-1.4911
28.13	-1.4908
28.14	-1.4905
28.15	-1.4901
28.16	-1.4898
28.17	-1.4895
28.18	-1.4892
28.18	-1.4889
28.19	-1.4886
28.20	-1.4882
28.20	-1.4879
28.22	-1.4875
28.23	-1.4872
28.23	-1.4868
28.24	-1.4866
28.25	-1.4863
28.26	-1.4860
28.27	-1.4856
28.28	-1.4853
28.28	-1.4849
28.29	-1.4844
28.30	-1.4840
28.31	-1.4836
28.32	-1.4832
28.32	-1.4828
28.33	-1.4824
28.34	-1.4820
28.35	-1.4817
28.36	-1.4813
28.36	-1.4809
28.37	-1.4806
28.38	-1.4802
28.39	-1.4798
28.40	-1.4794
28.41	-1.4790
28.42	-1.4786
28.42	-1.4782
28.43	-1.4778
28.44	-1.4773
28.45	-1.4770
28.45	-1.4767
28.46	-1.4762
28.47	-1.4758
28.48	-1.4754
28.49	-1.4750
28.50	-1.4747
28.50	-1.4743
28.51	-1.4738
28.53	-1.4733
28.53	-1.4728
28.54	-1.4723
28.55	-1.4719
28.56	-1.4712
28.57	-1.4707
28.57	-1.4702
28.58	-1.4696
28.59	-1.4692
28.60	-1.4687
28.61	-1.4683
28.62	-1.4679
28.63	-1.4675
28.63	-1.4671
28.64	-1.4667
28.65	-1.4663
28.66	-1.4659
28.66	-1.4656
28.67	-1.4651
28.69	-1.4647
28.70	-1.4643
28.70	-1.4639
28.71	-1.4634
28.72	-1.4631
28.73	-1.4627
28.73	-1.4623
28.74	-1.4619
28.75	-1.4616
28.76	-1.4611
28.77	-1.4606
28.78	-1.4601
28.78	-1.4596
28.79	-1.4591
28.80	-1.4585
28.80	-1.4580
28.81	-1.4575
28.82	-1.4570
28.83	-1.4563
28.84	-1.4557
28.85	-1.4551
28.85	-1.4546
28.86	-1.4540
28.87	-1.4534
28.88	-1.4526
28.89	-1.4521
28.90	-1.4514
28.90	-1.4508
28.91	-1.4501
28.93	-1.4495
28.93	-1.4488
28.94	-1.4482
28.95	-1.4474
28.95	-1.4466
28.96	-1.4460
28.97	-1.4453
28.98	-1.4446
28.99	-1.4439
29.00	-1.4433
29.00	-1.4427
29.01	-1.4420
29.02	-1.4413
29.03	-1.4404
29.04	-1.4397
29.05	-1.4390
29.05	-1.4383
29.06	-1.4376
29.07	-1.4369
29.08	-1.4362
29.09	-1.4355
29.09	-1.4348
29.11	-1.4339
29.12	-1.4332
29.13	-1.4326
29.13	-1.4318
29.14	-1.4311
29.15	-1.4305
29.15	-1.4298
29.16	-1.4290
29.17	-1.4283
29.18	-1.4276
29.19	-1.4269
29.20	-1.4261
29.21	-1.4254
29.21	-1.4246
29.23	-1.4238
29.23	-1.4228
29.24	-1.4222
29.25	-1.4215
29.26	-1.4206
29.27	-1.4200
29.28	-1.4193
29.28	-1.4185
29.29	-1.4178
29.30	-1.4170
29.31	-1.4163
29.32	-1.4155
29.32	-1.4147
29.33	-1.4139
29.34	-1.4131
29.35	-1.4124
29.36	-1.4115
29.37	-1.4107
29.38	-1.4100
29.38	-1.4091
29.39	-1.4084
29.40	-1.4075
29.41	-1.4067
29.42	-1.4057
29.43	-1.4050
29.43	-1.4043
29.44	-1.4035
29.45	-1.4027
29.46	-1.4019
29.46	-1.4011
29.47	-1.4001
29.48	-1.3993
29.49	-1.3985
29.50	-1.3976
29.51	-1.3969
29.52	-1.3961
29.53	-1.3954
29.53	-1.3943
29.54	-1.3936
29.55	-1.3928
29.56	-1.3920
29.57	-1.3912
29.57	-1.3904
29.58	-1.3897
29.59	-1.3889
29.60	-1.3881
29.61	-1.3873
29.62	-1.3864
29.63	-1.3855
29.63	-1.3848
29.64	-1.3839
29.65	-1.3831
29.66	-1.3822
29.66	-1.3813
29.67	-1.3804
29.68	-1.3798
29.68	-1.3790
29.69	-1.3781
29.70	-1.3772
29.72	-1.3762
29.73	-1.3753
29.73	-1.3745
29.73	-1.3735
29.75	-1.3727
29.75	-1.3719
29.76	-1.3709
29.77	-1.3700
29.78	-1.3691
29.79	-1.3681
29.80	-1.3672
29.80	-1.3663
29.81	-1.3653
29.82	-1.3645
29.83	-1.3636
29.84	-1.3626
29.84	-1.3618
29.85	-1.3608
29.86	-1.3598
29.87	-1.3588
29.88	-1.3580
29.89	-1.3570
29.90	-1.3561
29.91	-1.3552
29.91	-1.3542
29.92	-1.3532
29.93	-1.3522
29.94	-1.3513
29.95	-1.3504
29.96	-1.3496
29.97	-1.3486
29.97	-1.3476
29.98	-1.3466
29.98	-1.3457
30.00	-1.3448
30.00	-1.3439
30.01	-1.3429
30.03	-1.3418
30.03	-1.3408
30.04	-1.3398
30.05	-1.3389
30.05	-1.3378
30.06	-1.3368
30.07	-1.3357
30.08	-1.3346
30.09	-1.3338
30.09	-1.3327
30.10	-1.3317
30.12	-1.3306
30.12	-1.3297
30.13	-1.3286
30.13	-1.3277
30.15	-1.3268
30.15	-1.3258
30.16	-1.3249
30.18	-1.3240
30.18	-1.3231
30.19	-1.3222
30.20	-1.3213
30.20	-1.3204
30.21	-1.3193
30.22	-1.3184
30.23	-1.3175
30.24	-1.3166
30.25	-1.3155
30.25	-1.3147
30.26	-1.3136
30.28	-1.3127
30.28	-1.3118
30.29	-1.3109
30.30	-1.3098
30.30	-1.3089
30.31	-1.3078
30.32	-1.3067
30.33	-1.3057
30.34	-1.3047
30.34	-1.3035
30.36	-1.3026
30.37	-1.3015
30.37	-1.3002
30.38	-1.2991
30.38	-1.2980
30.40	-1.2968
30.41	-1.2956
30.42	-1.2946
30.42	-1.2934
30.43	-1.2923
30.44	-1.2913
30.44	-1.2901
30.45	-1.2890
30.46	-1.2879
30.48	-1.2868
30.48	-1.2856
30.49	-1.2845
30.50	-1.2834
30.50	-1.2822
30.51	-1.2810
30.52	-1.2799
30.53	-1.2786
30.54	-1.2775
30.55	-1.2764
30.55	-1.2752
30.56	-1.2741
30.57	-1.2727
30.57	-1.2716
30.58	-1.2703
30.59	-1.2692
30.60	-1.2679
30.61	-1.2668
30.62	-1.2656
30.63	-1.2645
30.64	-1.2633
30.65	-1.2620
30.65	-1.2609
30.67	-1.2598
30.67	-1.2585
30.68	-1.2575
30.69	-1.2562
30.70	-1.2551
30.70	-1.2539
30.71	-1.2526
30.72	-1.2516
30.73	-1.2504
30.73	-1.2492
30.74	-1.2482
30.75	-1.2470
30.76	-1.2459
30.77	-1.2447
30.78	-1.2437
30.79	-1.2425
30.80	-1.2414
30.80	-1.2400
30.81	-1.2387
30.82	-1.2377
30.83	-1.2366
30.83	-1.2353
30.85	-1.2341
30.85	-1.2330
30.86	-1.2317
30.87	-1.2306
30.88	-1.2294
30.88	-1.2281
30.89	-1.2270
30.90	-1.2257
30.91	-1.2246
30.92	-1.2234
30.93	-1.2221
30.93	-1.2210
30.94	-1.2199
30.95	-1.2187
30.96	-1.2176
30.97	-1.2164
30.98	-1.2151
30.99	-1.2141
31.00	-1.2129
31.00	-1.2116
31.01	-1.2104
31.02	-1.2092
31.03	-1.2081
31.03	-1.2069
31.04	-1.2056
31.05	-1.2044
31.06	-1.2033
31.07	-1.2021
31.08	-1.2008
31.09	-1.1996
31.09	-1.1984
31.10	-1.1973
31.11	-1.1960
31.12	-1.1946
31.13	-1.1934
31.14	-1.1923
31.15	-1.1910
31.15	-1.1897
31.16	-1.1885
31.17	-1.1872
31.18	-1.1859
31.18	-1.1848
31.19	-1.1835
31.20	-1.1823
31.21	-1.1811
31.23	-1.1798
31.23	-1.1787
31.24	-1.1773
31.25	-1.1762
31.25	-1.1749
31.26	-1.1737
31.27	-1.1724
31.28	-1.1713
31.28	-1.1700
31.29	-1.1689
31.30	-1.1677
31.31	-1.1664
31.32	-1.1651
31.32	-1.1639
31.34	-1.1626
31.34	-1.1614
31.35	-1.1600
31.36	-1.1587
31.37	-1.1574
31.38	-1.1562
31.39	-1.1549
31.40	-1.1535
31.40	-1.1524
31.41	-1.1512
31.42	-1.1498
31.43	-1.1486
31.43	-1.1473
31.44	-1.1462
31.45	-1.1449
31.46	-1.1435
31.47	-1.1422
31.47	-1.1410
31.48	-1.1397
31.50	-1.1384
31.50	-1.1371
31.51	-1.1359
31.52	-1.1344
31.52	-1.1331
31.53	-1.1318
31.54	-1.1304
31.55	-1.1291
31.55	-1.1276
31.56	-1.1263
31.57	-1.1249
31.58	-1.1237
31.59	-1.1222
31.60	-1.1208
31.61	-1.1193
31.62	-1.1179
31.63	-1.1166
31.63	-1.1152
31.64	-1.1138
31.65	-1.1126
31.66	-1.1113
31.67	-1.1100
31.68	-1.1089
31.69	-1.1078
31.69	-1.1066
31.70	-1.1054
31.71	-1.1042
31.72	-1.1029
31.73	-1.1015
31.73	-1.1003
31.74	-1.0990
31.75	-1.0977
31.76	-1.0964
31.77	-1.0952
31.78	-1.0940
31.78	-1.0926
31.79	-1.0914
31.80	-1.0900
31.81	-1.0888
31.82	-1.0874
31.82	-1.0860
31.83	-1.0847
31.84	-1.0832
31.85	-1.0819
31.86	-1.0804
31.86	-1.0790
31.88	-1.0776
31.88	-1.0761
31.89	-1.0747
31.90	-1.0731
31.91	-1.0716
31.92	-1.0703
31.92	-1.0687
31.93	-1.0674
31.94	-1.0656
31.95	-1.0642
31.96	-1.0628
31.97	-1.0613
31.98	-1.0598
31.98	-1.0583
32.00	-1.0568
32.00	-1.0554
32.01	-1.0538
32.02	-1.0523
32.03	-1.0508
32.04	-1.0492
32.05	-1.0477
32.05	-1.0461
32.06	-1.0446
32.07	-1.0430
32.08	-1.0415
32.08	-1.0400
32.09	-1.0386
32.10	-1.0371
32.11	-1.0355
32.12	-1.0341
32.13	-1.0324
32.14	-1.0309
32.15	-1.0295
32.16	-1.0279
32.16	-1.0263
32.17	-1.0249
32.18	-1.0234
32.19	-1.0219
32.20	-1.0205
32.20	-1.0190
32.21	-1.0176
32.22	-1.0160
32.23	-1.0146
32.24	-1.0132
32.24	-1.0119
32.25	-1.0104
32.26	-1.0090
32.27	-1.0076
32.28	-1.0062
32.28	-1.0047
32.29	-1.0033
32.30	-1.0017
32.31	-1.0004
32.32	-0.9988
32.33	-0.9974
32.33	-0.9958
32.34	-0.9944
32.35	-0.9930
32.36	-0.9915
32.37	-0.9901
32.37	-0.9887
32.38	-0.9871
32.39	-0.9857
32.40	-0.9842
32.40	-0.9826
32.42	-0.9813
32.42	-0.9798
32.43	-0.9784
32.44	-0.9770
32.44	-0.9755
32.45	-0.9741
32.47	-0.9728
32.48	-0.9713
32.48	-0.9698
32.49	-0.9683
32.50	-0.9670
32.51	-0.9655
32.52	-0.9640
32.52	-0.9626
32.53	-0.9613
32.54	-0.9597
32.55	-0.9583
32.56	-0.9569
32.57	-0.9555
32.58	-0.9540
32.58	-0.9526
32.59	-0.9511
32.60	-0.9497
32.61	-0.9482
32.62	-0.9467
32.62	-0.9453
32.63	-0.9437
32.65	-0.9423
32.65	-0.9409
32.65	-0.9394
32.66	-0.9378
32.67	-0.9363
32.68	-0.9348
32.69	-0.9334
32.70	-0.9319
32.71	-0.9305
32.71	-0.9289
32.73	-0.9275
32.73	-0.9260
32.74	-0.9246
32.74	-0.9232
32.75	-0.9217
32.77	-0.9202
32.77	-0.9189
32.79	-0.9176
32.80	-0.9162
32.80	-0.9147
32.80	-0.9133
32.82	-0.9119
32.82	-0.9104
32.83	-0.9090
32.83	-0.9077
32.84	-0.9063
32.85	-0.9048
32.86	-0.9036
32.88	-0.9023
32.88	-0.9009
32.89	-0.8994
32.90	-0.8981
32.90	-0.8968
32.91	-0.8954
32.92	-0.8940
32.93	-0.8926
32.94	-0.8913
32.95	-0.8900
32.95	-0.8885
32.97	-0.8873
32.98	-0.8860
32.98	-0.8846
32.99	-0.8832
33.00	-0.8819
33.01	-0.8806
33.02	-0.8792
33.02	-0.8780
33.03	-0.8766
33.04	-0.8752
33.05	-0.8739
33.06	-0.8726
33.06	-0.8710
33.07	-0.8698
33.08	-0.8684
33.09	-0.8671
33.09	-0.8656
33.10	-0.8642
33.11	-0.8629
33.12	-0.8615
33.13	-0.8599
33.14	-0.8585
33.15	-0.8571
33.16	-0.8556
33.17	-0.8543
33.17	-0.8530
33.18	-0.8515
33.19	-0.8501
33.20	-0.8488
33.20	-0.8476
33.22	-0.8464
33.22	-0.8453
33.23	-0.8440
33.23	-0.8429
33.24	-0.8417
33.25	-0.8407
33.26	-0.8395
33.27	-0.8383
33.28	-0.8371
33.29	-0.8362
33.30	-0.8352
33.31	-0.8341
33.32	-0.8329
33.32	-0.8318
33.33	-0.8307
33.34	-0.8295
33.34	-0.8282
33.36	-0.8271
33.37	-0.8259
33.37	-0.8247
33.38	-0.8236
33.39	-0.8223
33.40	-0.8212
33.41	-0.8201
33.41	-0.8189
33.42	-0.8177
33.43	-0.8166
33.44	-0.8155
33.45	-0.8143
33.45	-0.8133
33.46	-0.8123
33.47	-0.8112
33.48	-0.8101
33.48	-0.8090
33.49	-0.8080
33.50	-0.8070
33.51	-0.8059
33.52	-0.8048
33.53	-0.8038
33.54	-0.8027
33.55	-0.8017
33.55	-0.8005
33.56	-0.7996
33.57	-0.7984
33.58	-0.7975
33.59	-0.7965
33.60	-0.7955
33.61	-0.7944
33.62	-0.7934
33.62	-0.7926
33.63	-0.7918
33.64	-0.7909
33.65	-0.7900
33.66	-0.7891
33.67	-0.7882
33.67	-0.7873
33.68	-0.7867
33.69	-0.7859
33.70	-0.7853
33.70	-0.7846
33.71	-0.7838
33.72	-0.7832
33.73	-0.7825
33.74	-0.7819
33.75	-0.7814
33.76	-0.7808
33.77	-0.7804
33.77	-0.7799
33.78	-0.7794
33.79	-0.7790
33.80	-0.7785
33.80	-0.7780
33.81	-0.7777
33.82	-0.7772
33.83	-0.7769
33.84	-0.7765
33.84	-0.7763
33.85	-0.7760
33.87	-0.7756
33.88	-0.7755
33.88	-0.7753
33.89	-0.7752
33.90	-0.7752
33.91	-0.7751
33.91	-0.7751
33.92	-0.7751
33.93	-0.7751
33.94	-0.7752
33.95	-0.7753
33.96	-0.7755
33.97	-0.7757
33.98	-0.7758
33.98	-0.7762
33.99	-0.7764
34.00	-0.7767
34.00	-0.7770
34.01	-0.7774
34.02	-0.7778
34.03	-0.7782
34.04	-0.7786
34.05	-0.7791
34.06	-0.7798
34.06	-0.7804
34.07	-0.7811
34.08	-0.7818
34.09	-0.7826
34.09	-0.7834
34.10	-0.7842
34.12	-0.7850
34.12	-0.7859
34.13	-0.7868
34.14	-0.7877
34.14	-0.7889
34.15	-0.7898
34.16	-0.7910
34.17	-0.7921
34.18	-0.7935
34.19	-0.7947
34.19	-0.7960
34.20	-0.7972
34.21	-0.7987
34.22	-0.8003
34.23	-0.8018
34.24	-0.8034
34.24	-0.8051
34.25	-0.8069
34.27	-0.8086
34.27	-0.8105
34.27	-0.8123
34.29	-0.8142
34.29	-0.8162
34.30	-0.8183
34.31	-0.8205
34.32	-0.8226
34.33	-0.8249
34.33	-0.8273
34.34	-0.8297
34.34	-0.8321
34.36	-0.8346
34.37	-0.8374
34.38	-0.8401
34.38	-0.8430
34.39	-0.8458
34.40	-0.8488
34.41	-0.8518
34.42	-0.8549
34.43	-0.8581
34.43	-0.8613
34.44	-0.8647
34.45	-0.8680
34.46	-0.8714
34.47	-0.8749
34.48	-0.8784
34.49	-0.8820
34.49	-0.8858
34.50	-0.8898
34.51	-0.8936
34.52	-0.8978
34.52	-0.9020
34.53	-0.9062
34.54	-0.9106
34.55	-0.9149
34.56	-0.9194
34.57	-0.9241
34.58	-0.9289
34.59	-0.9335
34.59	-0.9384
34.60	-0.9433
34.61	-0.9484
34.62	-0.9535
34.63	-0.9588
34.63	-0.9641
34.65	-0.9696
34.65	-0.9750
34.66	-0.9805
34.67	-0.9860
34.68	-0.9918
34.68	-0.9977
34.69	-1.0037
34.70	-1.0096
34.71	-1.0157
34.72	-1.0219
34.73	-1.0283
34.73	-1.0347
34.74	-1.0411
34.75	-1.0479
34.76	-1.0546
34.77	-1.0615
34.78	-1.0684
34.79	-1.0754
34.80	-1.0826
34.81	-1.0900
34.82	-1.0974
34.83	-1.1049
34.83	-1.1123
34.83	-1.1200
34.84	-1.1277
34.85	-1.1355
34.86	-1.1435
34.87	-1.1515
34.88	-1.1595
34.88	-1.1676
34.89	-1.1759
34.90	-1.1843
34.91	-1.1926
34.92	-1.2011
34.93	-1.2097
34.94	-1.2182
34.95	-1.2267
34.96	-1.2354
34.96	-1.2441
34.97	-1.2528
34.98	-1.2615
34.99	-1.2704
34.99	-1.2793
35.00	-1.2882
35.01	-1.2971
35.02	-1.3060
35.03	-1.3149
35.03	-1.3240
35.04	-1.3331
35.05	-1.3421
35.06	-1.3512
35.06	-1.3604
35.08	-1.3695
35.09	-1.3784
35.09	-1.3875
35.10	-1.3968
35.10	-1.4058
35.12	-1.4148
35.13	-1.4240
35.14	-1.4331
35.15	-1.4421
35.15	-1.4510
35.16	-1.4600
35.17	-1.4688
35.18	-1.4777
35.18	-1.4866
35.19	-1.4953
35.20	-1.5039
35.20	-1.5125
35.22	-1.5211
35.23	-1.5296
35.24	-1.5381
35.24	-1.5466
35.25	-1.5547
35.26	-1.5630
35.27	-1.5710
35.27	-1.5791
35.29	-1.5870
35.30	-1.5949
35.30	-1.6025
35.31	-1.6101
35.32	-1.6176
35.33	-1.6250
35.33	-1.6321
35.34	-1.6393
35.35	-1.6464
35.36	-1.6532
35.37	-1.6599
35.38	-1.6665
35.39	-1.6731
35.40	-1.6794
35.40	-1.6856
35.41	-1.6916
35.42	-1.6975
35.43	-1.7034
35.43	-1.7090
35.44	-1.7145
35.45	-1.7199
35.46	-1.7250
35.47	-1.7301
35.48	-1.7350
35.48	-1.7398
35.49	-1.7443
35.50	-1.7487
35.51	-1.7530
35.52	-1.7570
35.52	-1.7610
35.53	-1.7648
35.54	-1.7684
35.55	-1.7718
35.56	-1.7751
35.57	-1.7783
35.58	-1.7814
35.58	-1.7844
35.59	-1.7871
35.60	-1.7898
35.61	-1.7921
35.62	-1.7944
35.63	-1.7964
35.63	-1.7986
35.64	-1.8004
35.65	-1.8021
35.66	-1.8036
35.67	-1.8051
35.68	-1.8064
35.68	-1.8074
35.70	-1.8085
35.70	-1.8093
35.71	-1.8101
35.72	-1.8106
35.73	-1.8111
35.73	-1.8114
35.74	-1.8117
35.75	-1.8118
35.76	-1.8121
35.77	-1.8121
35.78	-1.8120
35.79	-1.8119
35.80	-1.8116
35.80	-1.8112
35.81	-1.8109
35.82	-1.8103
35.83	-1.8098
35.84	-1.8090
35.84	-1.8081
35.85	-1.8074
35.86	-1.8063
35.87	-1.8054
35.88	-1.8043
35.88	-1.8033
35.90	-1.8020
35.90	-1.8009
35.91	-1.7997
35.91	-1.7983
35.92	-1.7969
35.93	-1.7955
35.94	-1.7941
35.95	-1.7926
35.96	-1.7910
35.97	-1.7896
35.98	-1.7881
35.98	-1.7865
35.99	-1.7847
36.00	-1.7832
36.00	-1.7815
36.02	-1.7797
36.02	-1.7780
36.03	-1.7764
36.04	-1.7746
36.05	-1.7729
36.06	-1.7711
36.06	-1.7694
36.08	-1.7677
36.08	-1.7659
36.09	-1.7642
36.09	-1.7623
36.11	-1.7606
36.12	-1.7589
36.12	-1.7572
36.13	-1.7556
36.14	-1.7539
36.15	-1.7521
36.15	-1.7505
36.16	-1.7488
36.17	-1.7472
36.18	-1.7456
36.19	-1.7439
36.20	-1.7426
36.21	-1.7409
36.22	-1.7395
36.22	-1.7379
36.23	-1.7365
36.24	-1.7349
36.24	-1.7334
36.26	-1.7320
36.27	-1.7305
36.27	-1.7291
36.28	-1.7278
36.29	-1.7265
36.30	-1.7251
36.31	-1.7239
36.32	-1.7226
36.32	-1.7214
36.33	-1.7202
36.34	-1.7191
36.35	-1.7182
36.35	-1.7172
36.36	-1.7162
36.38	-1.7153
36.38	-1.7144
36.39	-1.7136
36.40	-1.7129
36.41	-1.7122
36.42	-1.7115
36.43	-1.7110
36.44	-1.7103
36.44	-1.7097
36.45	-1.7092
36.45	-1.7087
36.46	-1.7083
36.47	-1.7078
36.48	-1.7073
36.49	-1.7070
36.49	-1.7066
36.51	-1.7062
36.52	-1.7058
36.52	-1.7054
36.53	-1.7052
36.54	-1.7049
36.55	-1.7048
36.55	-1.7044
36.57	-1.7042
36.57	-1.7041
36.58	-1.7040
36.59	-1.7039
36.60	-1.7039
36.61	-1.7040
36.62	-1.7040
36.63	-1.7043
36.64	-1.7044
36.65	-1.7045
36.65	-1.7048
36.66	-1.7049
36.67	-1.7052
36.68	-1.7055
36.68	-1.7058
36.69	-1.7061
36.70	-1.7065
36.70	-1.7070
36.72	-1.7075
36.73	-1.7080
36.73	-1.7088
36.74	-1.7094
36.75	-1.7101
36.76	-1.7107
36.77	-1.7117
36.77	-1.7125
36.78	-1.7134
36.79	-1.7144
36.80	-1.7155
36.80	-1.7165
36.81	-1.7176
36.82	-1.7188
36.83	-1.7199
36.84	-1.7211
36.85	-1.7224
36.86	-1.7237
36.87	-1.7248
36.88	-1.7262
36.88	-1.7277
36.89	-1.7292
36.90	-1.7307
36.91	-1.7324
36.92	-1.7339
36.93	-1.7354
36.93	-1.7373
36.94	-1.7390
36.95	-1.7409
36.95	-1.7428
36.96	-1.7446
36.98	-1.7464
36.98	-1.7484
36.99	-1.7504
37.00	-1.7524
37.00	-1.7545
37.01	-1.7565
37.02	-1.7586
37.03	-1.7606
37.04	-1.7626
37.05	-1.7648
37.06	-1.7668
37.07	-1.7690
37.08	-1.7711
37.08	-1.7733
37.09	-1.7755
37.10	-1.7776
37.11	-1.7799
37.11	-1.7821
37.12	-1.7844
37.13	-1.7866
37.14	-1.7889
37.15	-1.7910
37.15	-1.7932
37.16	-1.7955
37.18	-1.7977
37.18	-1.7999
37.19	-1.8021
37.20	-1.8042
37.20	-1.8064
37.21	-1.8085
37.22	-1.8107
37.23	-1.8129
37.24	-1.8148
37.24	-1.8169
37.25	-1.8189
37.27	-1.8209
37.27	-1.8229
37.29	-1.8250
37.29	-1.8269
37.30	-1.8288
37.31	-1.8307
37.32	-1.8325
37.32	-1.8344
37.33	-1.8363
37.34	-1.8380
37.34	-1.8397
37.35	-1.8415
37.36	-1.8430
37.37	-1.8447
37.38	-1.8464
37.39	-1.8477
37.40	-1.8493
37.41	-1.8509
37.42	-1.8524
37.43	-1.8536
37.43	-1.8549
37.44	-1.8564
37.45	-1.8577
37.45	-1.8590
37.47	-1.8602
37.48	-1.8617
37.48	-1.8628
37.49	-1.8641
37.50	-1.8650
37.50	-1.8662
37.52	-1.8672
37.52	-1.8682
37.53	-1.8691
37.55	-1.8701
37.55	-1.8711
37.56	-1.8720
37.57	-1.8728
37.58	-1.8737
37.58	-1.8745
37.59	-1.8753
37.59	-1.8761
37.61	-1.8768
37.62	-1.8774
37.62	-1.8780
37.63	-1.8787
37.64	-1.8792
37.65	-1.8797
37.65	-1.8801
37.66	-1.8807
37.67	-1.8811
37.68	-1.8815
37.68	-1.8817
37.69	-1.8821
37.70	-1.8825
37.71	-1.8828
37.72	-1.8830
37.73	-1.8833
37.73	-1.8835
37.74	-1.8835
37.76	-1.8835
37.76	-1.8836
37.77	-1.8836
37.77	-1.8836
37.79	-1.8835
37.80	-1.8834
37.80	-1.8833
37.81	-1.8833
37.82	-1.8830
37.83	-1.8829
37.84	-1.8827
37.84	-1.8825
37.85	-1.8823
37.86	-1.8820
37.87	-1.8816
37.88	-1.8811
37.88	-1.8807
37.90	-1.8803
37.90	-1.8797
37.91	-1.8792
37.92	-1.8786
37.93	-1.8779
37.94	-1.8773
37.95	-1.8766
37.95	-1.8760
37.96	-1.8753
37.97	-1.8747
37.98	-1.8740
37.99	-1.8732
37.99	-1.8724
38.00	-1.8716
38.01	-1.8708
38.02	-1.8700
38.03	-1.8691
38.04	-1.8682
38.05	-1.8674
38.06	-1.8666
38.07	-1.8655
38.07	-1.8645
38.08	-1.8636
38.09	-1.8626
38.09	-1.8617
38.11	-1.8604
38.12	-1.8591
38.12	-1.8579
38.13	-1.8567
38.14	-1.8554
38.15	-1.8541
38.16	-1.8528
38.17	-1.8515
38.18	-1.8500
38.18	-1.8487
38.19	-1.8472
38.20	-1.8458
38.20	-1.8443
38.21	-1.8429
38.23	-1.8413
38.23	-1.8399
38.24	-1.8383
38.24	-1.8367
38.25	-1.8352
38.27	-1.8334
38.27	-1.8317
38.28	-1.8302
38.29	-1.8286
38.30	-1.8267
38.31	-1.8250
38.32	-1.8232
38.33	-1.8214
38.34	-1.8196
38.34	-1.8179
38.35	-1.8162
38.35	-1.8146
38.37	-1.8129
38.37	-1.8111
38.38	-1.8093
38.39	-1.8075
38.40	-1.8056
38.41	-1.8039
38.42	-1.8021
38.42	-1.8003
38.43	-1.7986
38.44	-1.7970
38.45	-1.7952
38.46	-1.7935
38.47	-1.7917
38.48	-1.7901
38.48	-1.7883
38.49	-1.7868
38.50	-1.7851
38.51	-1.7835
38.51	-1.7819
38.52	-1.7803
38.53	-1.7786
38.54	-1.7771
38.55	-1.7756
38.56	-1.7741
38.57	-1.7725
38.57	-1.7711
38.58	-1.7696
38.59	-1.7683
38.60	-1.7666
38.60	-1.7653
38.61	-1.7640
38.62	-1.7625
38.63	-1.7613
38.64	-1.7601
38.65	-1.7589
38.65	-1.7577
38.66	-1.7566
38.67	-1.7554
38.68	-1.7545
38.69	-1.7536
38.70	-1.7526
38.70	-1.7518
38.71	-1.7507
38.72	-1.7500
38.73	-1.7493
38.74	-1.7485
38.74	-1.7478
38.75	-1.7473
38.76	-1.7467
38.77	-1.7461
38.77	-1.7454
38.78	-1.7450
38.79	-1.7446
38.81	-1.7444
38.82	-1.7441
38.83	-1.7439
38.83	-1.7438
38.84	-1.7437
38.84	-1.7437
38.85	-1.7436
38.86	-1.7436
38.87	-1.7438
38.88	-1.7439
38.89	-1.7440
38.90	-1.7442
38.90	-1.7446
38.91	-1.7451
38.92	-1.7456
38.93	-1.7461
38.94	-1.7465
38.95	-1.7469
38.95	-1.7475
38.96	-1.7481
38.98	-1.7487
38.98	-1.7493
38.99	-1.7500
39.00	-1.7506
39.00	-1.7514
39.01	-1.7521
39.02	-1.7531
39.03	-1.7539
39.04	-1.7549
39.05	-1.7558
39.06	-1.7567
39.06	-1.7576
39.08	-1.7586
39.08	-1.7597
39.09	-1.7607
39.09	-1.7618
39.10	-1.7629
39.11	-1.7639
39.12	-1.7651
39.13	-1.7661
39.14	-1.7671
39.15	-1.7682
39.15	-1.7692
39.16	-1.7704
39.17	-1.7713
39.18	-1.7724
39.19	-1.7734
39.20	-1.7745
39.20	-1.7754
39.22	-1.7764
39.23	-1.7773
39.23	-1.7782
39.24	-1.7791
39.25	-1.7801
39.25	-1.7809
39.26	-1.7819
39.27	-1.7827
39.28	-1.7835
39.29	-1.7842
39.30	-1.7850
39.31	-1.7857
39.32	-1.7863
39.32	-1.7869
39.33	-1.7874
39.34	-1.7880
39.34	-1.7884
39.36	-1.7889
39.36	-1.7894
39.37	-1.7899
39.38	-1.7904
39.39	-1.7907
39.40	-1.7911
39.40	-1.7915
39.41	-1.7919
39.43	-1.7920
39.43	-1.7922
39.44	-1.7923
39.45	-1.7924
39.46	-1.7926
39.47	-1.7927
39.47	-1.7927
39.48	-1.7929
39.49	-1.7929
39.49	-1.7927
39.50	-1.7925
39.51	-1.7924
39.52	-1.7923
39.52	-1.7921
39.54	-1.7918
39.55	-1.7916
39.55	-1.7914
39.56	-1.7911
39.57	-1.7907
39.58	-1.7904
39.58	-1.7901
39.59	-1.7898
39.60	-1.7895
39.61	-1.7891
39.62	-1.7889
39.63	-1.7885
39.64	-1.7882
39.64	-1.7879
39.65	-1.7876
39.66	-1.7873
39.67	-1.7867
39.68	-1.7863
39.69	-1.7860
39.70	-1.7856
39.70	-1.7853
39.71	-1.7849
39.72	-1.7844
39.73	-1.7841
39.74	-1.7837
39.74	-1.7833
39.75	-1.7828
39.76	-1.7823
39.77	-1.7819
39.78	-1.7815
39.79	-1.7808
39.79	-1.7803
39.80	-1.7797
39.82	-1.7793
39.82	-1.7788
39.83	-1.7782
39.84	-1.7777
39.85	-1.7772
39.86	-1.7766
39.86	-1.7761
39.87	-1.7757
39.88	-1.7751
39.89	-1.7745
39.90	-1.7741
39.91	-1.7736
39.91	-1.7731
39.93	-1.7726
39.93	-1.7721
39.94	-1.7716
39.95	-1.7712
39.95	-1.7707
39.96	-1.7702
39.97	-1.7697
39.98	-1.7693
39.99	-1.7688
40.00	-1.7684
40.01	-1.7679
40.02	-1.7675
40.02	-1.7672
40.03	-1.7670
40.04	-1.7666
40.05	-1.7663
40.06	-1.7658
40.07	-1.7655
40.07	-1.7651
40.08	-1.7648
40.09	-1.7644
40.10	-1.7641
40.11	-1.7639
40.11	-1.7636
40.13	-1.7632
40.13	-1.7630
40.14	-1.7625
40.15	-1.7622
40.16	-1.7619
40.17	-1.7617
40.18	-1.7616
40.19	-1.7613
40.19	-1.7611
40.20	-1.7609
40.20	-1.7607
40.21	-1.7605
40.23	-1.7603
40.23	-1.7600
40.24	-1.7598
40.25	-1.7596
40.26	-1.7594
40.27	-1.7593
40.28	-1.7592
40.28	-1.7591
40.29	-1.7588
40.30	-1.7586
40.30	-1.7585
40.32	-1.7583
40.33	-1.7582
40.33	-1.7581
40.34	-1.7580
40.34	-1.7577
40.35	-1.7576
40.36	-1.7574
40.37	-1.7573
40.38	-1.7573
40.39	-1.7571
40.40	-1.7569
40.40	-1.7570
40.41	-1.7569
40.42	-1.7568
40.43	-1.7568
40.43	-1.7568
40.45	-1.7567
40.45	-1.7566
40.46	-1.7567
40.48	-1.7566
40.48	-1.7566
40.48	-1.7564
40.49	-1.7563
40.50	-1.7563
40.51	-1.7561
40.52	-1.7560
40.53	-1.7560
40.54	-1.7559
40.55	-1.7559
40.55	-1.7560
40.56	-1.7558
40.57	-1.7558
40.58	-1.7557
40.59	-1.7556
40.59	-1.7555
40.60	-1.7554
40.61	-1.7552
40.62	-1.7549
40.63	-1.7549
40.64	-1.7548
40.65	-1.7548
40.65	-1.7548
40.66	-1.7546
40.67	-1.7545
40.68	-1.7545
40.68	-1.7544
40.69	-1.7544
40.70	-1.7542
40.71	-1.7541
40.72	-1.7541
40.73	-1.7541
40.74	-1.7539
40.74	-1.7538
40.75	-1.7537
40.76	-1.7537
40.77	-1.7535
40.78	-1.7536
40.79	-1.7535
40.80	-1.7536
40.80	-1.7536
40.81	-1.7536
40.82	-1.7535
40.83	-1.7534
40.83	-1.7534
40.84	-1.7533
40.85	-1.7533
40.86	-1.7532
40.87	-1.7532
40.88	-1.7532
40.88	-1.7532
40.89	-1.7531
40.90	-1.7531
40.91	-1.7529
40.92	-1.7530
40.93	-1.7528
40.94	-1.7528
40.95	-1.7527
40.95	-1.7526
40.96	-1.7525
40.97	-1.7525
40.98	-1.7523
40.99	-1.7522
40.99	-1.7520
40.99	-1.7518
41.01	-1.7518
41.02	-1.7517
41.03	-1.7517
41.04	-1.7516
41.05	-1.7516
41.05	-1.7518
41.06	-1.7518
41.07	-1.7516
41.08	-1.7516
41.09	-1.7516
41.09	-1.7517
41.10	-1.7518
41.11	-1.7519
41.12	-1.7520
41.13	-1.7520
41.13	-1.7520
41.14	-1.7520
41.15	-1.7519
41.16	-1.7520
41.17	-1.7518
41.18	-1.7519
41.19	-1.7518
41.20	-1.7518
41.20	-1.7518
41.22	-1.7518
41.22	-1.7518
41.23	-1.7519
41.24	-1.7518
41.24	-1.7519
41.25	-1.7520
41.26	-1.7521
41.27	-1.7522
41.27	-1.7525
41.28	-1.7526
41.30	-1.7528
41.30	-1.7529
41.31	-1.7531
41.32	-1.7533
41.33	-1.7534
41.34	-1.7535
41.34	-1.7536
41.35	-1.7538
41.36	-1.7540
41.37	-1.7541
41.38	-1.7544
41.38	-1.7544
41.39	-1.7546
41.40	-1.7547
41.41	-1.7548
41.42	-1.7549
41.43	-1.7551
41.43	-1.7551
41.44	-1.7551
41.45	-1.7552
41.46	-1.7553
41.47	-1.7556
41.48	-1.7558
41.49	-1.7560
41.49	-1.7561
41.50	-1.7562
41.51	-1.7564
41.52	-1.7567
41.52	-1.7568
41.53	-1.7568
41.54	-1.7571
41.55	-1.7571
41.56	-1.7572
41.57	-1.7573
41.58	-1.7574
41.59	-1.7576
41.59	-1.7578
41.60	-1.7579
41.61	-1.7582
41.62	-1.7583
41.63	-1.7585
41.64	-1.7586
41.64	-1.7589
41.65	-1.7591
41.67	-1.7592
41.67	-1.7595
41.68	-1.7595
41.69	-1.7597
41.69	-1.7599
41.70	-1.7601
41.71	-1.7602
41.72	-1.7603
41.73	-1.7605
41.73	-1.7607
41.74	-1.7609
41.75	-1.7609
41.76	-1.7611
41.77	-1.7615
41.77	-1.7617
41.78	-1.7620
41.79	-1.7621
41.81	-1.7622
41.81	-1.7624
41.82	-1.7626
41.83	-1.7629
41.84	-1.7632
41.84	-1.7634
41.85	-1.7637
41.87	-1.7640
41.88	-1.7642
41.88	-1.7646
41.89	-1.7649
41.90	-1.7653
41.90	-1.7655
41.91	-1.7658
41.92	-1.7661
41.93	-1.7665
41.94	-1.7668
41.95	-1.7670
41.95	-1.7673
41.96	-1.7677
41.97	-1.7681
41.98	-1.7683
41.98	-1.7685
41.99	-1.7687
42.00	-1.7690
42.01	-1.7693
42.02	-1.7696
42.02	-1.7697
42.03	-1.7701
42.04	-1.7704
42.05	-1.7709
42.06	-1.7713
42.07	-1.7717
42.08	-1.7722
42.09	-1.7725
42.10	-1.7729
42.10	-1.7733
42.11	-1.7735
42.12	-1.7740
42.13	-1.7743
42.13	-1.7746
42.15	-1.7750
42.15	-1.7755
42.16	-1.7757
42.17	-1.7760
42.18	-1.7765
42.18	-1.7767
42.19	-1.7770
42.20	-1.7774
42.21	-1.7778
42.22	-1.7781
42.23	-1.7784
42.23	-1.7787
42.24	-1.7790
42.25	-1.7794
42.26	-1.7798
42.27	-1.7802
42.27	-1.7805
42.28	-1.7809
42.29	-1.7814
42.30	-1.7817
42.31	-1.7821
42.32	-1.7824
42.33	-1.7828
42.33	-1.7831
42.34	-1.7834
42.35	-1.7838
42.36	-1.7841
42.37	-1.7844
42.38	-1.7848
42.38	-1.7853
42.39	-1.7855
42.40	-1.7859
42.41	-1.7862
42.42	-1.7865
42.43	-1.7869
42.43	-1.7872
42.44	-1.7876
42.45	-1.7878
42.46	-1.7881
42.47	-1.7884
42.48	-1.7888
42.49	-1.7892
42.49	-1.7896
42.49	-1.7898
42.50	-1.7901
42.52	-1.7906
42.52	-1.7908
42.53	-1.7912
42.54	-1.7915
42.55	-1.7918
42.55	-1.7921
42.56	-1.7925
42.57	-1.7928
42.58	-1.7932
42.59	-1.7935
42.60	-1.7938
42.61	-1.7941
42.62	-1.7944
42.63	-1.7946
42.63	-1.7949
42.64	-1.7952
42.65	-1.7955
42.66	-1.7959
42.67	-1.7962
42.68	-1.7966
42.68	-1.7968
42.70	-1.7971
42.70	-1.7973
42.71	-1.7978
42.72	-1.7981
42.73	-1.7984
42.73	-1.7987
42.74	-1.7991
42.75	-1.7993
42.76	-1.7997
42.77	-1.7999
42.77	-1.8002
42.78	-1.8005
42.79	-1.8007
42.80	-1.8010
42.81	-1.8012
42.82	-1.8016
42.83	-1.8020
42.83	-1.8023
42.84	-1.8024
42.85	-1.8026
42.86	-1.8029
42.87	-1.8031
42.88	-1.8033
42.89	-1.8036
42.90	-1.8039
42.90	-1.8041
42.91	-1.8044
42.92	-1.8048
42.93	-1.8052
42.94	-1.8054
42.95	-1.8058
42.95	-1.8061
42.96	-1.8066
42.97	-1.8069
42.98	-1.8073
42.99	-1.8076
42.99	-1.8080
43.00	-1.8085
43.01	-1.8087
43.02	-1.8091
43.03	-1.8094
43.03	-1.8097
43.04	-1.8099
43.05	-1.8102
43.05	-1.8105
43.07	-1.8108
43.08	-1.8111
43.08	-1.8113
43.09	-1.8116
43.10	-1.8119
43.11	-1.8121
43.12	-1.8124
43.12	-1.8125
43.13	-1.8128
43.14	-1.8131
43.15	-1.8132
43.15	-1.8134
43.17	-1.8136
43.18	-1.8138
43.18	-1.8140
43.19	-1.8142
43.20	-1.8144
43.21	-1.8146
43.22	-1.8148
43.23	-1.8150
43.23	-1.8152
43.24	-1.8154
43.24	-1.8156
43.25	-1.8157
43.26	-1.8159
43.27	-1.8161
43.28	-1.8163
43.29	-1.8163
43.30	-1.8166
43.31	-1.8168
43.32	-1.8169
43.33	-1.8171
43.33	-1.8173
43.34	-1.8175
43.35	-1.8176
43.35	-1.8178
43.37	-1.8180
43.38	-1.8181
43.38	-1.8183
43.39	-1.8186
43.40	-1.8188
43.41	-1.8192
43.42	-1.8193
43.43	-1.8195
43.44	-1.8198
43.44	-1.8201
43.45	-1.8202
43.46	-1.8204
43.47	-1.8206
43.48	-1.8207
43.49	-1.8208
43.49	-1.8211
43.50	-1.8212
43.51	-1.8214
43.52	-1.8217
43.53	-1.8219
43.53	-1.8222
43.54	-1.8226
43.55	-1.8229
43.56	-1.8231
43.56	-1.8234
43.58	-1.8236
43.59	-1.8239
43.59	-1.8241
43.60	-1.8244
43.61	-1.8247
43.61	-1.8250
43.63	-1.8252
43.63	-1.8256
43.64	-1.8258
43.65	-1.8260
43.66	-1.8264
43.67	-1.8266
43.68	-1.8269
43.68	-1.8273
43.69	-1.8275
43.70	-1.8277
43.71	-1.8280
43.72	-1.8282
43.73	-1.8284
43.73	-1.8284
43.74	-1.8288
43.75	-1.8289
43.75	-1.8293
43.77	-1.8294
43.78	-1.8298
43.78	-1.8301
43.80	-1.8304
43.80	-1.8304
43.81	-1.8308
43.82	-1.8310
43.83	-1.8313
43.83	-1.8315
43.84	-1.8318
43.85	-1.8320
43.86	-1.8323
43.87	-1.8326
43.88	-1.8328
43.89	-1.8331
43.90	-1.8334
43.90	-1.8338
43.91	-1.8341
43.92	-1.8344
43.93	-1.8345
43.93	-1.8347
43.94	-1.8349
43.95	-1.8352
43.96	-1.8354
43.97	-1.8357
43.98	-1.8360
43.98	-1.8360
43.99	-1.8364
44.00	-1.8366
44.01	-1.8367
44.02	-1.8370
44.02	-1.8371
44.03	-1.8372
44.04	-1.8374
44.05	-1.8376
44.05	-1.8379
44.06	-1.8380
44.08	-1.8382
44.08	-1.8383
44.09	-1.8386
44.09	-1.8387
44.10	-1.8389
44.12	-1.8391
44.12	-1.8394
44.13	-1.8396
44.14	-1.8397
44.15	-1.8398
44.15	-1.8399
44.16	-1.8401
44.17	-1.8402
44.18	-1.8404
44.19	-1.8404
44.20	-1.8405
44.20	-1.8406
44.21	-1.8407
44.22	-1.8407
44.23	-1.8408
44.24	-1.8409
44.24	-1.8410
44.25	-1.8411
44.26	-1.8410
44.27	-1.8410
44.27	-1.8411
44.29	-1.8412
44.30	-1.8413
44.31	-1.8413
44.31	-1.8413
44.33	-1.8415
44.33	-1.8415
44.34	-1.8416
44.35	-1.8417
44.36	-1.8417
44.37	-1.8419
44.38	-1.8419
44.38	-1.8419
44.39	-1.8420
44.40	-1.8422
44.40	-1.8422
44.41	-1.8422
44.42	-1.8423
44.43	-1.8424
44.44	-1.8424
44.45	-1.8426
44.45	-1.8426
44.47	-1.8427
44.48	-1.8428
44.48	-1.8429
44.49	-1.8430
44.49	-1.8430
44.50	-1.8431
44.52	-1.8430
44.52	-1.8430
44.53	-1.8430
44.54	-1.8428
44.55	-1.8428
44.55	-1.8427
44.56	-1.8427
44.58	-1.8427
44.58	-1.8426
44.59	-1.8426
44.59	-1.8425
44.60	-1.8424
44.61	-1.8424
44.62	-1.8423
44.63	-1.8423
44.64	-1.8424
44.65	-1.8424
44.66	-1.8425
44.67	-1.8425
44.67	-1.8425
44.68	-1.8426
44.69	-1.8426
44.70	-1.8427
44.71	-1.8428
44.72	-1.8429
44.73	-1.8430
44.73	-1.8432
44.74	-1.8433
44.75	-1.8434
44.75	-1.8434
44.76	-1.8435
44.77	-1.8434
44.79	-1.8435
44.79	-1.8434
44.80	-1.8434
44.81	-1.8433
44.81	-1.8431
44.82	-1.8432
44.83	-1.8430
44.83	-1.8429
44.84	-1.8427
44.86	-1.8426
44.86	-1.8425
44.87	-1.8423
44.88	-1.8423
44.89	-1.8422
44.90	-1.8421
44.90	-1.8420
44.91	-1.8418
44.92	-1.8417
44.93	-1.8416
44.93	-1.8414
44.94	-1.8413
44.96	-1.8412
44.97	-1.8411
44.97	-1.8409
44.98	-1.8407
44.99	-1.8406
44.99	-1.8405
45.01	-1.8404
45.02	-1.8402
45.02	-1.8400
45.03	-1.8398
45.03	-1.8397
45.04	-1.8397
45.05	-1.8395
45.06	-1.8394
45.07	-1.8393
45.08	-1.8392
45.09	-1.8391
45.10	-1.8391
45.10	-1.8389
45.11	-1.8388
45.12	-1.8387
45.13	-1.8387
45.14	-1.8386
45.15	-1.8386
45.16	-1.8386
45.17	-1.8387
45.18	-1.8385
45.18	-1.8384
45.19	-1.8384
45.20	-1.8383
45.21	-1.8383
45.22	-1.8383
45.23	-1.8383
45.23	-1.8383
45.24	-1.8384
45.24	-1.8383
45.25	-1.8383
45.26	-1.8382
45.27	-1.8382
45.28	-1.8381
45.29	-1.8381
45.30	-1.8381
45.30	-1.8381
45.31	-1.8381
45.32	-1.8381
45.33	-1.8380
45.34	-1.8381
45.34	-1.8381
45.35	-1.8381
45.37	-1.8381
45.37	-1.8382
45.38	-1.8382
45.38	-1.8381
45.39	-1.8382
45.40	-1.8383
45.41	-1.8382
45.42	-1.8383
45.43	-1.8383
45.45	-1.8383
45.45	-1.8383
45.45	-1.8384
45.46	-1.8384
45.48	-1.8384
45.48	-1.8385
45.49	-1.8386
45.50	-1.8387
45.51	-1.8387
45.51	-1.8390
45.52	-1.8390
45.52	-1.8392
45.54	-1.8393
45.55	-1.8393
45.56	-1.8394
45.56	-1.8394
45.58	-1.8394
45.58	-1.8397
45.59	-1.8398
45.60	-1.8399
45.60	-1.8400
45.61	-1.8400
45.62	-1.8401
45.63	-1.8402
45.64	-1.8404
45.65	-1.8405
45.66	-1.8406
45.67	-1.8407
45.68	-1.8407
45.68	-1.8408
45.70	-1.8408
45.70	-1.8409
45.70	-1.8411
45.71	-1.8412
45.72	-1.8412
45.73	-1.8414
45.73	-1.8414
45.74	-1.8416
45.75	-1.8417
45.76	-1.8418
45.77	-1.8419
45.77	-1.8421
45.78	-1.8422
45.79	-1.8424
45.80	-1.8425
45.81	-1.8425
45.83	-1.8427
45.83	-1.8429
45.84	-1.8429
45.84	-1.8431
45.85	-1.8432
45.86	-1.8433
45.88	-1.8434
45.88	-1.8434
45.88	-1.8434
45.90	-1.8436
45.90	-1.8437
45.92	-1.8438
45.92	-1.8439
45.93	-1.8439
45.94	-1.8440
45.94	-1.8440
45.95	-1.8442
45.96	-1.8441
45.97	-1.8442
45.98	-1.8444
45.99	-1.8445
45.99	-1.8446
46.00	-1.8447
46.01	-1.8448
46.02	-1.8449
46.03	-1.8451
46.04	-1.8452
46.05	-1.8454
46.06	-1.8455
46.07	-1.8456
46.07	-1.8456
46.08	-1.8458
46.09	-1.8459
46.09	-1.8460
46.10	-1.8460
46.11	-1.8464
46.12	-1.8465
46.13	-1.8467
46.14	-1.8467
46.15	-1.8467
46.15	-1.8469
46.16	-1.8470
46.18	-1.8471
46.18	-1.8473
46.19	-1.8474
46.20	-1.8476
46.20	-1.8477
46.21	-1.8478
46.22	-1.8479
46.23	-1.8480
46.24	-1.8481
46.24	-1.8480
46.26	-1.8479
46.26	-1.8479
46.27	-1.8478
46.27	-1.8477
46.29	-1.8476
46.29	-1.8477
46.30	-1.8477
46.32	-1.8477
46.33	-1.8477
46.33	-1.8478
46.34	-1.8479
46.35	-1.8480
46.36	-1.8481
46.37	-1.8482
46.38	-1.8483
46.38	-1.8484
46.39	-1.8484
46.40	-1.8486
46.40	-1.8486
46.41	-1.8486
46.42	-1.8487
46.43	-1.8487
46.43	-1.8488
46.45	-1.8488
46.46	-1.8490
46.47	-1.8490
46.48	-1.8490
46.48	-1.8490
46.49	-1.8489
46.49	-1.8489
46.50	-1.8489
46.52	-1.8489
46.52	-1.8488
46.53	-1.8486
46.54	-1.8486
46.55	-1.8486
46.55	-1.8485
46.56	-1.8486
46.58	-1.8484
46.58	-1.8484
46.59	-1.8485
46.59	-1.8484
46.60	-1.8482
46.61	-1.8482
46.62	-1.8480
46.63	-1.8480
46.63	-1.8479
46.65	-1.8477
46.66	-1.8477
46.66	-1.8478
46.67	-1.8477
46.68	-1.8476
46.68	-1.8476
46.69	-1.8475
46.70	-1.8475
46.71	-1.8473
46.72	-1.8473
46.73	-1.8472
46.74	-1.8471
46.74	-1.8468
46.75	-1.8468
46.76	-1.8467
46.77	-1.8466
46.79	-1.8465
46.79	-1.8465
46.80	-1.8463
46.80	-1.8460
46.81	-1.8459
46.82	-1.8458
46.83	-1.8456
46.83	-1.8455
46.84	-1.8454
46.86	-1.8452
46.87	-1.8451
46.87	-1.8450
46.88	-1.8449
46.89	-1.8448
46.90	-1.8446
46.90	-1.8446
46.92	-1.8446
46.93	-1.8443
46.93	-1.8443
46.94	-1.8442
46.95	-1.8439
46.95	-1.8439
46.96	-1.8438
46.97	-1.8437
46.98	-1.8436
46.99	-1.8436
46.99	-1.8435
47.00	-1.8434
47.01	-1.8433
47.02	-1.8432
47.04	-1.8432
47.05	-1.8431
47.05	-1.8430
47.06	-1.8428
47.07	-1.8428
47.07	-1.8427
47.08	-1.8427
47.09	-1.8426
47.09	-1.8425
47.10	-1.8425
47.11	-1.8424
47.13	-1.8425
47.13	-1.8424
47.14	-1.8424
47.15	-1.8423
47.15	-1.8424
47.16	-1.8422
47.18	-1.8421
47.18	-1.8420
47.19	-1.8419
47.20	-1.8419
47.21	-1.8418
47.22	-1.8416
47.22	-1.8416
47.23	-1.8416
47.24	-1.8416
47.25	-1.8415
47.26	-1.8415
47.27	-1.8414
47.27	-1.8414
47.28	-1.8413
47.29	-1.8413
47.30	-1.8413
47.30	-1.8412
47.32	-1.8414
47.32	-1.8414
47.33	-1.8413
47.34	-1.8413
47.34	-1.8413
47.35	-1.8412
47.36	-1.8410
47.37	-1.8408
47.38	-1.8407
47.40	-1.8405
47.40	-1.8403
47.41	-1.8403
47.42	-1.8402
47.42	-1.8400
47.43	-1.8400
47.44	-1.8399
47.45	-1.8399
47.45	-1.8397
47.47	-1.8396
47.47	-1.8395
47.48	-1.8393
47.49	-1.8393
47.49	-1.8391
47.50	-1.8390
47.51	-1.8389
47.52	-1.8387
47.53	-1.8387
47.54	-1.8386
47.55	-1.8384
47.55	-1.8384
47.56	-1.8383
47.57	-1.8383
47.58	-1.8382
47.59	-1.8381
47.59	-1.8380
47.60	-1.8379
47.61	-1.8377
47.62	-1.8375
47.63	-1.8374
47.63	-1.8373
47.64	-1.8372
47.65	-1.8370
47.66	-1.8369
47.67	-1.8368
47.68	-1.8367
47.68	-1.8366
47.69	-1.8365
47.70	-1.8364
47.71	-1.8364
47.72	-1.8363
47.73	-1.8362
47.73	-1.8361
47.74	-1.8360
47.75	-1.8359
47.76	-1.8358
47.77	-1.8358
47.78	-1.8357
47.78	-1.8356
47.80	-1.8355
47.81	-1.8354
47.81	-1.8353
47.82	-1.8352
47.83	-1.8351
47.83	-1.8349
47.84	-1.8349
47.85	-1.8348
47.86	-1.8347
47.87	-1.8346
47.88	-1.8345
47.89	-1.8344
47.89	-1.8343
47.90	-1.8342
47.91	-1.8342
47.92	-1.8340
47.93	-1.8340
47.94	-1.8339
47.95	-1.8339
47.95	-1.8337
47.96	-1.8336
47.97	-1.8335
47.98	-1.8332
47.98	-1.8331
48.00	-1.8328
48.00	-1.8324
48.01	-1.8322
48.02	-1.8321
48.03	-1.8318
48.04	-1.8317
48.05	-1.8315
48.05	-1.8312
48.06	-1.8311
48.07	-1.8310
48.08	-1.8310
48.09	-1.8310
48.09	-1.8308
48.10	-1.8309
48.11	-1.8309
48.12	-1.8309
48.13	-1.8308
48.14	-1.8306
48.15	-1.8307
48.16	-1.8307
48.17	-1.8306
48.18	-1.8306
48.18	-1.8305
48.19	-1.8304
48.20	-1.8303
48.20	-1.8303
48.21	-1.8303
48.23	-1.8303
48.23	-1.8301
48.24	-1.8300
48.25	-1.8299
48.25	-1.8299
48.27	-1.8298
48.27	-1.8297
48.28	-1.8296
48.29	-1.8297
48.30	-1.8294
48.31	-1.8293
48.32	-1.8293
48.33	-1.8292
48.33	-1.8291
48.34	-1.8289
48.35	-1.8288
48.36	-1.8287
48.36	-1.8286
48.37	-1.8284
48.38	-1.8282
48.38	-1.8282
48.39	-1.8281
48.40	-1.8280
48.42	-1.8279
48.42	-1.8277
48.43	-1.8275
48.44	-1.8273
48.44	-1.8271
48.45	-1.8269
48.46	-1.8269
48.48	-1.8267
48.48	-1.8266
48.49	-1.8264
48.50	-1.8263
48.50	-1.8262
48.51	-1.8262
48.52	-1.8260
48.53	-1.8259
48.54	-1.8258
48.55	-1.8256
48.56	-1.8255
48.57	-1.8255
48.58	-1.8253
48.58	-1.8253
48.59	-1.8251
48.59	-1.8251
48.60	-1.8248
48.61	-1.8246
48.62	-1.8246
48.63	-1.8246
48.64	-1.8245
48.65	-1.8244
48.66	-1.8244
48.67	-1.8244
48.68	-1.8243
48.68	-1.8244
48.69	-1.8244
48.70	-1.8243
48.70	-1.8244
48.71	-1.8243
48.73	-1.8245
48.73	-1.8245
48.74	-1.8246
48.75	-1.8245
48.75	-1.8247
48.76	-1.8246
48.77	-1.8246
48.78	-1.8247
48.79	-1.8248
48.80	-1.8248
48.81	-1.8249
48.83	-1.8251
48.83	-1.8251
48.84	-1.8252
48.84	-1.8254
48.85	-1.8256
48.86	-1.8257
48.86	-1.8257
48.87	-1.8259
48.88	-1.8259
48.89	-1.8261
48.90	-1.8262
48.91	-1.8263
48.92	-1.8264
48.93	-1.8265
48.93	-1.8266
48.94	-1.8269
48.95	-1.8270
48.96	-1.8273
48.97	-1.8273
48.98	-1.8275
48.98	-1.8277
48.99	-1.8279
49.00	-1.8280
49.01	-1.8282
49.02	-1.8284
49.02	-1.8284
49.03	-1.8286
49.05	-1.8287
49.05	-1.8288
49.05	-1.8290
49.07	-1.8291
49.08	-1.8293
49.08	-1.8295
49.09	-1.8297
49.10	-1.8300
49.11	-1.8302
49.12	-1.8305
49.13	-1.8310
49.13	-1.8312
49.14	-1.8315
49.15	-1.8318
49.15	-1.8320
49.17	-1.8323
49.18	-1.8326
49.18	-1.8328
49.19	-1.8331
49.20	-1.8333
49.22	-1.8337
49.22	-1.8341
49.23	-1.8344
49.23	-1.8348
49.24	-1.8352
49.25	-1.8355
49.25	-1.8357
49.27	-1.8360
49.27	-1.8363
49.28	-1.8368
49.29	-1.8371
49.30	-1.8375
49.31	-1.8379
49.32	-1.8382
49.33	-1.8387
49.33	-1.8394
49.34	-1.8396
49.34	-1.8399
49.35	-1.8403
49.36	-1.8406
49.38	-1.8410
49.38	-1.8413
49.39	-1.8419
49.40	-1.8423
49.40	-1.8427
49.41	-1.8431
49.42	-1.8436
49.43	-1.8440
49.43	-1.8445
49.45	-1.8450
49.45	-1.8457
49.46	-1.8462
49.47	-1.8466
49.48	-1.8472
49.49	-1.8477
49.50	-1.8484
49.50	-1.8489
49.51	-1.8495
49.52	-1.8501
49.53	-1.8507
49.54	-1.8512
49.55	-1.8517
49.55	-1.8523
49.56	-1.8531
49.57	-1.8537
49.58	-1.8543
49.59	-1.8549
49.59	-1.8556
49.61	-1.8563
49.61	-1.8569
49.62	-1.8578
49.63	-1.8585
49.64	-1.8592
49.65	-1.8599
49.66	-1.8606
49.66	-1.8612
49.67	-1.8619
49.68	-1.8628
49.69	-1.8635
49.70	-1.8643
49.70	-1.8652
49.71	-1.8659
49.72	-1.8667
49.73	-1.8676
49.74	-1.8685
49.75	-1.8694
49.75	-1.8701
49.77	-1.8708
49.77	-1.8716
49.78	-1.8726
49.79	-1.8733
49.80	-1.8742
49.80	-1.8750
49.81	-1.8759
49.82	-1.8769
49.83	-1.8779
49.84	-1.8789
49.85	-1.8798
49.86	-1.8808
49.87	-1.8820
49.88	-1.8831
49.88	-1.8842
49.89	-1.8853
49.90	-1.8865
49.91	-1.8876
49.91	-1.8888
49.92	-1.8900
49.93	-1.8912
49.94	-1.8925
49.95	-1.8937
49.95	-1.8949
49.96	-1.8963
49.97	-1.8976
49.98	-1.8989
49.99	-1.9001
50.00	-1.9016
50.01	-1.9029
50.02	-1.9041
50.02	-1.9056
50.03	-1.9069
50.04	-1.9081
50.05	-1.9092
50.06	-1.9106
50.07	-1.9118
50.08	-1.9132
50.09	-1.9145
50.09	-1.9160
50.10	-1.9174
50.11	-1.9188
50.12	-1.9202
50.13	-1.9215
50.13	-1.9229
50.14	-1.9244
50.15	-1.9260
50.15	-1.9275
50.16	-1.9289
50.17	-1.9306
50.18	-1.9320
50.19	-1.9336
50.19	-1.9354
50.20	-1.9369
50.21	-1.9384
50.23	-1.9401
50.23	-1.9417
50.24	-1.9432
50.25	-1.9449
50.26	-1.9465
50.27	-1.9481
50.27	-1.9499
50.28	-1.9515
50.29	-1.9533
50.30	-1.9551
50.31	-1.9568
50.32	-1.9585
50.33	-1.9604
50.33	-1.9622
50.34	-1.9641
50.35	-1.9659
50.35	-1.9678
50.36	-1.9698
50.37	-1.9715
50.38	-1.9733
50.39	-1.9753
50.40	-1.9772
50.41	-1.9791
50.42	-1.9809
50.42	-1.9828
50.43	-1.9850
50.44	-1.9869
50.45	-1.9889
50.46	-1.9909
50.47	-1.9929
50.48	-1.9949
50.48	-1.9970
50.49	-1.9992
50.50	-2.0012
50.50	-2.0033
50.52	-2.0053
50.52	-2.0073
50.53	-2.0094
50.54	-2.0114
50.55	-2.0135
50.55	-2.0155
50.56	-2.0173
50.57	-2.0195
50.58	-2.0215
50.59	-2.0234
50.60	-2.0254
50.61	-2.0273
50.61	-2.0293
50.62	-2.0313
50.63	-2.0333
50.64	-2.0352
50.65	-2.0372
50.66	-2.0391
50.67	-2.0412
50.67	-2.0432
50.68	-2.0450
50.69	-2.0468
50.70	-2.0487
50.71	-2.0505
50.72	-2.0524
50.73	-2.0542
50.73	-2.0560
50.74	-2.0580
50.75	-2.0598
50.76	-2.0615
50.77	-2.0636
50.77	-2.0653
50.78	-2.0673
50.80	-2.0691
50.80	-2.0709
50.81	-2.0728
50.81	-2.0745
50.82	-2.0763
50.83	-2.0781
50.84	-2.0797
50.84	-2.0815
50.86	-2.0832
50.87	-2.0848
50.88	-2.0864
50.88	-2.0881
50.89	-2.0898
50.90	-2.0915
50.91	-2.0931
50.91	-2.0947
50.92	-2.0964
50.93	-2.0980
50.95	-2.0994
50.95	-2.1009
50.95	-2.1024
50.97	-2.1040
50.98	-2.1055
50.98	-2.1071
51.00	-2.1085
51.00	-2.1098
51.01	-2.1114
51.02	-2.1127
51.02	-2.1140
51.03	-2.1153
51.04	-2.1166
51.05	-2.1177
51.06	-2.1190
51.07	-2.1202
51.08	-2.1215
51.08	-2.1225
51.09	-2.1236
51.10	-2.1248
51.10	-2.1259
51.11	-2.1270
51.12	-2.1281
51.13	-2.1291
51.14	-2.1303
51.15	-2.1314
51.15	-2.1326
51.16	-2.1334
51.17	-2.1346
51.18	-2.1356
51.19	-2.1365
51.20	-2.1375
51.21	-2.1383
51.21	-2.1391
51.22	-2.1399
51.23	-2.1407
51.24	-2.1415
51.25	-2.1423
51.25	-2.1431
51.27	-2.1440
51.27	-2.1448
51.28	-2.1454
51.29	-2.1461
51.30	-2.1467
51.30	-2.1473
51.31	-2.1480
51.32	-2.1488
51.33	-2.1495
51.34	-2.1501
51.35	-2.1507
51.35	-2.1513
51.36	-2.1518
51.37	-2.1524
51.38	-2.1530
51.39	-2.1535
51.40	-2.1541
51.40	-2.1546
51.41	-2.1551
51.43	-2.1556
51.43	-2.1561
51.44	-2.1565
51.45	-2.1570
51.45	-2.1575
51.46	-2.1580
51.47	-2.1584
51.48	-2.1589
51.49	-2.1594
51.50	-2.1599
51.50	-2.1603
51.51	-2.1607
51.52	-2.1610
51.53	-2.1614
51.54	-2.1618
51.55	-2.1621
51.56	-2.1623
51.56	-2.1626
51.57	-2.1628
51.58	-2.1629
51.59	-2.1631
51.60	-2.1631
51.61	-2.1634
51.61	-2.1637
51.62	-2.1639
51.63	-2.1641
51.64	-2.1643
51.65	-2.1647
51.66	-2.1651
51.67	-2.1656
51.68	-2.1659
51.68	-2.1660
51.69	-2.1663
51.70	-2.1665
51.70	-2.1670
51.71	-2.1672
51.72	-2.1675
51.73	-2.1677
51.74	-2.1678
51.75	-2.1681
51.76	-2.1682
51.77	-2.1684
51.77	-2.1686
51.78	-2.1687
51.79	-2.1689
51.80	-2.1692
51.80	-2.1695
51.82	-2.1697
51.83	-2.1698
51.83	-2.1699
51.84	-2.1700
51.85	-2.1701
51.86	-2.1702
51.87	-2.1703
51.88	-2.1703
51.89	-2.1704
51.89	-2.1704
51.90	-2.1705
51.91	-2.1705
51.92	-2.1707
51.92	-2.1706
51.93	-2.1707
51.94	-2.1708
51.95	-2.1710
51.95	-2.1710
51.96	-2.1711
51.98	-2.1712
51.98	-2.1712
51.99	-2.1713
52.00	-2.1714
52.01	-2.1714
52.01	-2.1715
52.02	-2.1716
52.02	-2.1717
52.04	-2.1719
52.05	-2.1721
52.05	-2.1721
52.06	-2.1721
52.07	-2.1724
52.08	-2.1725
52.09	-2.1726
52.10	-2.1727
52.10	-2.1729
52.11	-2.1730
52.12	-2.1731
52.13	-2.1732
52.14	-2.1733
52.15	-2.1735
52.16	-2.1736
52.17	-2.1737
52.18	-2.1738
52.18	-2.1740
52.19	-2.1741
52.20	-2.1743
52.21	-2.1745
52.21	-2.1747
52.22	-2.1748
52.23	-2.1749
52.24	-2.1751
52.25	-2.1753
52.25	-2.1754
52.26	-2.1755
52.27	-2.1759
52.28	-2.1761
52.29	-2.1762
52.30	-2.1765
52.31	-2.1767
52.32	-2.1771
52.32	-2.1772
52.33	-2.1774
52.34	-2.1775
52.34	-2.1776
52.36	-2.1779
52.37	-2.1780
52.37	-2.1782
52.38	-2.1783
52.39	-2.1785
52.40	-2.1787
52.40	-2.1789
52.42	-2.1791
52.42	-2.1791
52.43	-2.1793
52.44	-2.1796
52.45	-2.1799
52.45	-2.1800
52.46	-2.1801
52.47	-2.1803
52.48	-2.1805
52.49	-2.1808
52.50	-2.1811
52.51	-2.1813
52.52	-2.1813
52.52	-2.1816
52.53	-2.1817
52.54	-2.1820
52.54	-2.1823
52.55	-2.1826
52.56	-2.1829
52.58	-2.1831
52.58	-2.1835
52.59	-2.1839
52.59	-2.1841
52.60	-2.1844
52.61	-2.1846
52.62	-2.1846
52.63	-2.1848
52.64	-2.1851
52.65	-2.1854
52.65	-2.1856
52.66	-2.1858
52.67	-2.1859
52.68	-2.1860
52.69	-2.1861
52.70	-2.1862
52.70	-2.1864
52.72	-2.1865
52.72	-2.1865
52.73	-2.1868
52.74	-2.1871
52.75	-2.1871
52.76	-2.1873
52.76	-2.1877
52.77	-2.1879
52.78	-2.1881
52.79	-2.1884
52.80	-2.1885
52.80	-2.1886
52.81	-2.1888
52.82	-2.1891
52.83	-2.1892
52.84	-2.1894
52.84	-2.1896
52.85	-2.1897
52.86	-2.1899
52.87	-2.1902
52.88	-2.1904
52.89	-2.1905
52.90	-2.1910
52.90	-2.1911
52.91	-2.1912
52.92	-2.1914
52.93	-2.1916
52.93	-2.1918
52.94	-2.1919
52.95	-2.1921
52.96	-2.1922
52.97	-2.1923
52.98	-2.1925
52.99	-2.1926
53.00	-2.1929
53.00	-2.1930
53.02	-2.1932
53.02	-2.1935
53.03	-2.1936
53.04	-2.1938
53.05	-2.1940
53.05	-2.1940
53.06	-2.1943
53.07	-2.1945
53.08	-2.1946
53.09	-2.1949
53.09	-2.1951
53.10	-2.1955
53.11	-2.1957
53.12	-2.1957
53.13	-2.1958
53.14	-2.1959
53.15	-2.1959
53.15	-2.1961
53.16	-2.1962
53.17	-2.1964
53.18	-2.1966
53.18	-2.1967
53.19	-2.1967
53.20	-2.1968
53.21	-2.1970
53.22	-2.1971
53.23	-2.1972
53.24	-2.1972
53.25	-2.1974
53.25	-2.1974
53.26	-2.1974
53.27	-2.1976
53.27	-2.1977
53.28	-2.1979
53.29	-2.1980
53.30	-2.1982
53.31	-2.1983
53.32	-2.1986
53.33	-2.1987
53.33	-2.1989
53.34	-2.1990
53.35	-2.1991
53.36	-2.1990
53.37	-2.1990
53.38	-2.1989
53.39	-2.1987
53.39	-2.1987
53.40	-2.1987
53.41	-2.1987
53.42	-2.1989
53.43	-2.1990
53.44	-2.1991
53.45	-2.1993
53.45	-2.1994
53.46	-2.1996
53.47	-2.1998
53.48	-2.1999
53.49	-2.2001
53.50	-2.2001
53.50	-2.2003
53.51	-2.2004
53.52	-2.2007
53.53	-2.2008
53.54	-2.2008
53.54	-2.2010
53.55	-2.2011
53.56	-2.2011
53.57	-2.2012
53.58	-2.2013
53.59	-2.2014
53.60	-2.2015
53.61	-2.2016
53.61	-2.2018
53.62	-2.2018
53.63	-2.2019
53.64	-2.2020
53.65	-2.2021
53.66	-2.2023
53.66	-2.2024
53.67	-2.2025
53.68	-2.2026
53.69	-2.2026
53.70	-2.2027
53.70	-2.2026
53.71	-2.2027
53.72	-2.2027
53.73	-2.2029
53.74	-2.2029
53.74	-2.2028
53.75	-2.2029
53.76	-2.2029
53.77	-2.2031
53.77	-2.2031
53.78	-2.2032
53.80	-2.2032
53.81	-2.2034
53.81	-2.2034
53.82	-2.2035
53.83	-2.2035
53.84	-2.2034
53.84	-2.2034
53.85	-2.2035
53.86	-2.2034
53.87	-2.2034
53.88	-2.2034
53.88	-2.2034
53.89	-2.2035
53.90	-2.2035
53.91	-2.2035
53.92	-2.2036
53.93	-2.2037
53.93	-2.2037
53.95	-2.2037
53.95	-2.2037
53.96	-2.2037
53.97	-2.2038
53.98	-2.2038
53.99	-2.2038
54.00	-2.2039
54.00	-2.2038
54.01	-2.2040
54.02	-2.2040
54.03	-2.2041
54.04	-2.2041
54.05	-2.2041
54.06	-2.2041
54.06	-2.2041
54.07	-2.2041
54.08	-2.2040
54.09	-2.2040
54.09	-2.2041
54.10	-2.2042
54.11	-2.2044
54.12	-2.2046
54.13	-2.2047
54.14	-2.2048
54.15	-2.2049
54.15	-2.2050
54.16	-2.2051
54.17	-2.2052
54.18	-2.2053
54.19	-2.2054
54.20	-2.2056
54.20	-2.2057
54.21	-2.2057
54.22	-2.2059
54.23	-2.2059
54.24	-2.2059
54.25	-2.2061
54.25	-2.2061
54.26	-2.2061
54.27	-2.2062
54.28	-2.2063
54.29	-2.2064
54.30	-2.2065
54.30	-2.2065
54.31	-2.2066
54.32	-2.2067
54.33	-2.2068
54.34	-2.2069
54.34	-2.2069
54.35	-2.2070
54.36	-2.2070
54.37	-2.2071
54.38	-2.2072
54.39	-2.2072
54.40	-2.2073
54.40	-2.2074
54.41	-2.2074
54.42	-2.2075
54.43	-2.2076
54.44	-2.2077
54.45	-2.2077
54.45	-2.2077
54.47	-2.2078
54.47	-2.2079
54.48	-2.2081
54.48	-2.2081
54.49	-2.2081
54.50	-2.2082
54.52	-2.2083
54.53	-2.2084
54.53	-2.2085
54.54	-2.2085
54.55	-2.2086
54.55	-2.2086
54.56	-2.2089
54.57	-2.2089
54.58	-2.2089
54.58	-2.2089
54.59	-2.2091
54.60	-2.2091
54.61	-2.2092
54.62	-2.2092
54.63	-2.2092
54.64	-2.2092
54.65	-2.2092
54.65	-2.2093
54.66	-2.2094
54.66	-2.2095
54.68	-2.2096
54.68	-2.2096
54.69	-2.2097
54.70	-2.2098
54.71	-2.2100
54.72	-2.2100
54.73	-2.2101
54.74	-2.2102
54.75	-2.2104
54.75	-2.2105
54.76	-2.2107
54.77	-2.2108
54.77	-2.2110
54.78	-2.2111
54.79	-2.2111
54.80	-2.2111
54.81	-2.2110
54.82	-2.2112
54.83	-2.2113
54.83	-2.2115
54.84	-2.2115
54.85	-2.2115
54.86	-2.2116
54.87	-2.2117
54.88	-2.2117
54.89	-2.2118
54.90	-2.2118
54.90	-2.2119
54.91	-2.2119
54.92	-2.2121
54.93	-2.2121
54.94	-2.2121
54.94	-2.2121
54.95	-2.2121
54.96	-2.2123
54.97	-2.2124
54.97	-2.2125
54.98	-2.2127
55.00	-2.2128
55.00	-2.2129
55.01	-2.2130
55.02	-2.2129
55.02	-2.2130
55.03	-2.2130
55.04	-2.2130
55.05	-2.2130
55.06	-2.2132
55.07	-2.2133
55.08	-2.2135
55.08	-2.2136
55.09	-2.2138
55.10	-2.2138
55.11	-2.2139
55.12	-2.2140
55.13	-2.2141
55.14	-2.2142
55.14	-2.2142
55.15	-2.2142
55.16	-2.2143
55.17	-2.2144
55.18	-2.2145
55.18	-2.2145
55.19	-2.2146
55.20	-2.2145
55.21	-2.2146
55.22	-2.2147
55.23	-2.2147
55.24	-2.2149
55.25	-2.2150
55.25	-2.2152
55.26	-2.2152
55.27	-2.2152
55.27	-2.2152
55.29	-2.2154
55.29	-2.2155
55.30	-2.2156
55.31	-2.2157
55.32	-2.2158
55.33	-2.2160
55.34	-2.2160
55.34	-2.2161
55.35	-2.2161
55.36	-2.2162
55.37	-2.2162
55.38	-2.2162
55.38	-2.2163
55.39	-2.2164
55.40	-2.2164
55.41	-2.2165
55.42	-2.2166
55.43	-2.2167
55.43	-2.2168
55.45	-2.2169
55.46	-2.2169
55.46	-2.2170
55.47	-2.2171
55.48	-2.2171
55.48	-2.2173
55.49	-2.2173
55.50	-2.2174
55.50	-2.2175
55.51	-2.2175
55.52	-2.2176
55.53	-2.2175
55.54	-2.2175
55.55	-2.2176
55.56	-2.2178
55.57	-2.2179
55.58	-2.2181
55.58	-2.2181
55.59	-2.2183
55.60	-2.2184
55.61	-2.2185
55.62	-2.2187
55.62	-2.2188
55.63	-2.2189
55.64	-2.2191
55.65	-2.2192
55.66	-2.2193
55.67	-2.2195
55.68	-2.2196
55.68	-2.2198
55.69	-2.2199
55.70	-2.2199
55.71	-2.2200
55.72	-2.2200
55.73	-2.2199
55.73	-2.2199
55.74	-2.2199
55.75	-2.2200
55.76	-2.2200
55.77	-2.2200
55.78	-2.2199
55.79	-2.2201
55.80	-2.2202
55.81	-2.2202
55.81	-2.2203
55.82	-2.2204
55.83	-2.2204
55.83	-2.2206
55.85	-2.2207
55.86	-2.2207
55.85	-2.2208
55.87	-2.2209
55.89	-2.2209
55.90	-2.2211
55.90	-2.2211
55.89	-2.2214
55.90	-2.2212
55.91	-2.2214
55.92	-2.2214
55.93	-2.2215
55.94	-2.2216
55.95	-2.2216
55.95	-2.2216
55.96	-2.2217
55.96	-2.2218
55.97	-2.2219
55.98	-2.2220
56.00	-2.2220
56.01	-2.2219
56.02	-2.2220
56.02	-2.2219
56.03	-2.2220
56.05	-2.2220
56.05	-2.2221
56.05	-2.2222
56.07	-2.2223
56.07	-2.2225
56.08	-2.2226
56.09	-2.2227
56.10	-2.2228
56.11	-2.2228
56.12	-2.2228
56.13	-2.2229
56.14	-2.2230
56.14	-2.2231
56.15	-2.2232
56.16	-2.2233
56.16	-2.2233
56.18	-2.2234
56.19	-2.2233
56.19	-2.2235
56.20	-2.2236
56.21	-2.2239
56.22	-2.2239
56.23	-2.2239
56.23	-2.2240
56.24	-2.2241
56.25	-2.2242
56.26	-2.2243
56.27	-2.2244
56.27	-2.2245
56.28	-2.2246
56.29	-2.2247
56.30	-2.2248
56.30	-2.2249
56.31	-2.2251
56.33	-2.2252
56.33	-2.2253
56.34	-2.2254
56.35	-2.2254
56.36	-2.2254
56.37	-2.2255
56.38	-2.2255
56.38	-2.2254
56.39	-2.2254
56.40	-2.2255
56.40	-2.2255
56.41	-2.2257
56.42	-2.2257
56.43	-2.2258
56.44	-2.2258
56.45	-2.2260
56.46	-2.2259
56.46	-2.2260
56.47	-2.2260
56.48	-2.2262
56.49	-2.2263
56.50	-2.2265
56.51	-2.2265
56.52	-2.2267
56.52	-2.2267
56.53	-2.2267
56.54	-2.2269
56.54	-2.2269
56.55	-2.2270
56.57	-2.2272
56.57	-2.2273
56.58	-2.2274
56.59	-2.2274
56.59	-2.2275
56.60	-2.2276
56.61	-2.2278
56.62	-2.2279
56.63	-2.2280
56.64	-2.2280
56.65	-2.2281
56.65	-2.2281
56.67	-2.2283
56.68	-2.2282
56.68	-2.2283
56.69	-2.2283
56.70	-2.2284
56.71	-2.2284
56.72	-2.2284
56.73	-2.2284
56.73	-2.2284
56.74	-2.2285
56.75	-2.2285
56.75	-2.2286
56.76	-2.2286
56.78	-2.2287
56.78	-2.2287
56.79	-2.2288
56.80	-2.2291
56.81	-2.2292
56.81	-2.2294
56.83	-2.2296
56.83	-2.2297
56.84	-2.2299
56.84	-2.2300
56.85	-2.2300
56.87	-2.2302
56.88	-2.2304
56.89	-2.2305
56.90	-2.2305
56.90	-2.2305
56.91	-2.2307
56.92	-2.2308
56.93	-2.2308
56.93	-2.2309
56.94	-2.2309
56.95	-2.2310
56.96	-2.2310
56.97	-2.2311
56.98	-2.2313
56.98	-2.2313
56.99	-2.2314
57.00	-2.2314
57.00	-2.2314
57.02	-2.2315
57.02	-2.2314
57.03	-2.2315
57.04	-2.2316
57.05	-2.2316
57.05	-2.2316
57.07	-2.2319
57.08	-2.2319
57.08	-2.2319
57.09	-2.2320
57.09	-2.2320
57.11	-2.2321
57.12	-2.2322
57.13	-2.2323
57.13	-2.2322
57.14	-2.2323
57.15	-2.2325
57.16	-2.2325
57.17	-2.2327
57.18	-2.2327
57.18	-2.2327
57.19	-2.2328
57.20	-2.2330
57.21	-2.2329
57.22	-2.2329
57.23	-2.2331
57.24	-2.2333
57.24	-2.2333
57.25	-2.2334
57.26	-2.2334
57.27	-2.2336
57.27	-2.2336
57.28	-2.2337
57.28	-2.2339
57.30	-2.2339
57.30	-2.2341
57.31	-2.2342
57.32	-2.2344
57.33	-2.2346
57.34	-2.2347
57.34	-2.2348
57.35	-2.2348
57.36	-2.2349
57.37	-2.2350
57.38	-2.2350
57.38	-2.2350
57.39	-2.2351
57.41	-2.2353
57.42	-2.2353
57.43	-2.2354
57.43	-2.2355
57.44	-2.2357
57.45	-2.2357
57.45	-2.2358
57.46	-2.2358
57.47	-2.2359
57.48	-2.2360
57.49	-2.2361
57.49	-2.2360
57.50	-2.2360
57.52	-2.2362
57.52	-2.2363
57.53	-2.2364
57.54	-2.2365
57.55	-2.2366
57.56	-2.2367
57.56	-2.2368
57.57	-2.2370
57.58	-2.2369
57.59	-2.2368
57.59	-2.2369
57.60	-2.2369
57.62	-2.2369
57.63	-2.2370
57.63	-2.2372
57.64	-2.2373
57.65	-2.2374
57.65	-2.2376
57.66	-2.2375
57.67	-2.2376
57.68	-2.2377
57.69	-2.2378
57.70	-2.2379
57.71	-2.2380
57.71	-2.2380
57.72	-2.2383
57.73	-2.2382
57.74	-2.2382
57.75	-2.2383
57.76	-2.2384
57.76	-2.2385
57.77	-2.2384
57.78	-2.2386
57.79	-2.2388
57.79	-2.2390
57.80	-2.2391
57.81	-2.2392
57.82	-2.2393
57.83	-2.2394
57.84	-2.2395
57.85	-2.2396
57.86	-2.2396
57.87	-2.2398
57.88	-2.2397
57.88	-2.2397
57.89	-2.2399
57.90	-2.2401
57.90	-2.2402
57.91	-2.2402
57.92	-2.2403
57.93	-2.2405
57.94	-2.2405
57.94	-2.2406
57.95	-2.2408
57.96	-2.2409
57.97	-2.2411
57.98	-2.2412
57.99	-2.2415
58.00	-2.2416
58.00	-2.2417
58.01	-2.2418
58.02	-2.2419
58.03	-2.2420
58.04	-2.2422
58.04	-2.2422
58.05	-2.2422
58.06	-2.2423
58.08	-2.2424
58.08	-2.2424
58.09	-2.2425
58.10	-2.2426
58.11	-2.2427
58.12	-2.2427
58.12	-2.2430
58.13	-2.2431
58.14	-2.2432
58.15	-2.2432
58.15	-2.2433
58.16	-2.2433
58.17	-2.2435
58.18	-2.2435
58.19	-2.2435
58.20	-2.2437
58.20	-2.2437
58.21	-2.2438
58.22	-2.2438
58.23	-2.2438
58.23	-2.2438
58.24	-2.2438
58.25	-2.2440
58.26	-2.2440
58.27	-2.2440
58.28	-2.2443
58.29	-2.2442
58.30	-2.2444
58.30	-2.2445
58.31	-2.2447
58.32	-2.2448
58.33	-2.2449
58.33	-2.2451
58.34	-2.2451
58.36	-2.2453
58.36	-2.2453
58.37	-2.2454
58.38	-2.2455
58.38	-2.2458
58.39	-2.2458
58.40	-2.2460
58.41	-2.2461
58.42	-2.2461
58.43	-2.2462
58.43	-2.2463
58.44	-2.2464
58.45	-2.2465
58.46	-2.2464
58.47	-2.2465
58.48	-2.2465
58.49	-2.2466
58.49	-2.2467
58.50	-2.2468
58.51	-2.2469
58.52	-2.2470
58.52	-2.2471
58.54	-2.2472
58.55	-2.2473
58.55	-2.2473
58.56	-2.2475
58.57	-2.2476
58.58	-2.2477
58.59	-2.2478
58.60	-2.2479
58.60	-2.2481
58.61	-2.2481
58.62	-2.2480
58.63	-2.2482
58.63	-2.2483
58.64	-2.2483
58.65	-2.2484
58.66	-2.2485
58.67	-2.2486
58.68	-2.2486
58.69	-2.2487
58.70	-2.2488
58.70	-2.2488
58.70	-2.2488
58.72	-2.2488
58.73	-2.2488
58.74	-2.2489
58.74	-2.2490
58.75	-2.2491
58.76	-2.2493
58.77	-2.2493
58.77	-2.2495
58.78	-2.2495
58.79	-2.2496
58.80	-2.2498
58.81	-2.2499
58.82	-2.2500
58.83	-2.2501
58.84	-2.2500
58.84	-2.2501
58.85	-2.2502
58.85	-2.2504
58.87	-2.2504
58.88	-2.2506
58.88	-2.2507
58.90	-2.2507
58.90	-2.2508
58.91	-2.2508
58.92	-2.2511
58.93	-2.2512
58.94	-2.2512
58.95	-2.2513
58.95	-2.2514
58.96	-2.2514
58.97	-2.2515
58.98	-2.2517
58.98	-2.2516
59.00	-2.2517
59.01	-2.2516
59.02	-2.2518
59.02	-2.2518
59.02	-2.2518
59.03	-2.2519
59.04	-2.2521
59.05	-2.2521
59.06	-2.2523
59.07	-2.2525
59.08	-2.2525
59.08	-2.2524
59.09	-2.2525
59.10	-2.2527
59.10	-2.2527
59.12	-2.2528
59.13	-2.2528
59.14	-2.2529
59.14	-2.2529
59.15	-2.2530
59.16	-2.2531
59.17	-2.2532
59.17	-2.2530
59.18	-2.2531
59.19	-2.2531
59.20	-2.2533
59.21	-2.2533
59.21	-2.2533
59.23	-2.2535
59.23	-2.2536
59.24	-2.2537
59.25	-2.2537
59.26	-2.2537
59.27	-2.2536
59.27	-2.2537
59.28	-2.2539
59.29	-2.2539
59.30	-2.2539
59.31	-2.2540
59.32	-2.2541
59.33	-2.2542
59.33	-2.2543
59.34	-2.2544
59.34	-2.2544
59.35	-2.2544
59.36	-2.2546
59.38	-2.2548
59.39	-2.2548
59.40	-2.2549
59.40	-2.2550
59.41	-2.2551
59.42	-2.2553
59.43	-2.2553
59.43	-2.2554
59.44	-2.2554
59.45	-2.2556
59.46	-2.2556
59.47	-2.2557
59.47	-2.2558
59.48	-2.2559
59.49	-2.2560
59.50	-2.2565
59.51	-2.2566
59.52	-2.2567
59.52	-2.2568
59.53	-2.2569
59.54	-2.2570
59.55	-2.2571
59.56	-2.2572
59.57	-2.2573
59.58	-2.2574
59.58	-2.2573
59.59	-2.2575
59.60	-2.2575
59.61	-2.2576
59.62	-2.2578
59.62	-2.2578
59.63	-2.2580
59.64	-2.2579
59.65	-2.2581
59.66	-2.2581
59.67	-2.2581
59.67	-2.2581
59.68	-2.2581
59.69	-2.2583
59.70	-2.2583
59.71	-2.2583
59.72	-2.2585
59.73	-2.2585
59.73	-2.2586
59.74	-2.2587
59.75	-2.2588
59.76	-2.2591
59.77	-2.2592
59.77	-2.2593
59.78	-2.2595
59.79	-2.2597
59.80	-2.2597
59.81	-2.2599
59.82	-2.2598
59.83	-2.2599
59.83	-2.2599
59.84	-2.2598
59.85	-2.2600
59.86	-2.2599
59.87	-2.2600
59.88	-2.2600
59.88	-2.2600
59.90	-2.2600
59.90	-2.2602
59.91	-2.2601
59.92	-2.2603
59.93	-2.2603
59.93	-2.2604
59.94	-2.2604
59.95	-2.2604
59.95	-2.2605
59.96	-2.2606
59.98	-2.2608
59.98	-2.2609
59.99	-2.2610
59.99	-2.2610
60.00	-2.2612
60.01	-2.2612
60.02	-2.2613
60.03	-2.2614
60.04	-2.2616
60.05	-2.2617
60.06	-2.2618
60.06	-2.2618
60.07	-2.2618
60.08	-2.2618
60.09	-2.2620
60.09	-2.2620
60.11	-2.2620
60.12	-2.2623
60.13	-2.2624
60.13	-2.2625
60.14	-2.2626
60.15	-2.2628
60.15	-2.2629
60.16	-2.2629
60.17	-2.2630
60.18	-2.2629
60.19	-2.2630
60.20	-2.2630
60.21	-2.2631
60.21	-2.2632
60.22	-2.2633
60.23	-2.2634
60.24	-2.2635
60.25	-2.2637
60.26	-2.2636
60.27	-2.2637
60.27	-2.2638
60.28	-2.2639
60.29	-2.2639
60.30	-2.2639
60.30	-2.2640
60.31	-2.2640
60.32	-2.2640
60.33	-2.2642
60.34	-2.2643
60.34	-2.2643
60.35	-2.2644
60.36	-2.2645
60.38	-2.2645
60.38	-2.2645
60.39	-2.2645
60.40	-2.2647
60.41	-2.2648
60.41	-2.2649
60.42	-2.2649
60.43	-2.2651
60.44	-2.2652
60.45	-2.2654
60.46	-2.2656
60.46	-2.2657
60.47	-2.2658
60.48	-2.2658
60.49	-2.2659
60.50	-2.2659
60.51	-2.2660
60.52	-2.2661
60.52	-2.2662
60.53	-2.2665
60.54	-2.2666
60.55	-2.2666
60.56	-2.2668
60.56	-2.2668
60.58	-2.2668
60.58	-2.2672
60.59	-2.2672
60.59	-2.2673
60.60	-2.2675
60.61	-2.2676
60.62	-2.2676
60.63	-2.2677
60.64	-2.2678
60.65	-2.2680
60.66	-2.2681
60.67	-2.2682
60.67	-2.2682
60.68	-2.2682
60.69	-2.2683
60.70	-2.2683
60.70	-2.2684
60.71	-2.2684
60.72	-2.2685
60.73	-2.2685
60.74	-2.2685
60.75	-2.2686
60.75	-2.2686
60.76	-2.2686
60.77	-2.2687
60.78	-2.2688
60.79	-2.2689
60.80	-2.2690
60.80	-2.2690
60.81	-2.2691
60.83	-2.2693
60.83	-2.2694
60.84	-2.2695
60.84	-2.2697
60.85	-2.2697
60.86	-2.2699
60.87	-2.2698
60.88	-2.2699
60.88	-2.2698
60.89	-2.2699
60.90	-2.2700
60.91	-2.2702
60.91	-2.2703
60.92	-2.2703
60.93	-2.2704
60.94	-2.2705
60.95	-2.2706
60.96	-2.2707
60.97	-2.2707
60.98	-2.2708
60.98	-2.2709
61.00	-2.2711
61.00	-2.2711
61.01	-2.2712
61.02	-2.2713
61.03	-2.2714
61.04	-2.2714
61.05	-2.2715
61.05	-2.2717
61.06	-2.2718
61.07	-2.2718
61.08	-2.2720
61.08	-2.2720
61.09	-2.2721
61.10	-2.2722
61.11	-2.2724
61.12	-2.2722
61.13	-2.2723
61.14	-2.2725
61.15	-2.2726
61.15	-2.2725
61.16	-2.2726
61.17	-2.2726
61.18	-2.2727
61.18	-2.2728
61.19	-2.2729
61.20	-2.2731
61.21	-2.2732
61.23	-2.2732
61.23	-2.2733
61.24	-2.2735
61.25	-2.2736
61.25	-2.2736
61.26	-2.2736
61.27	-2.2737
61.28	-2.2738
61.29	-2.2738
61.30	-2.2739
61.30	-2.2739
61.32	-2.2741
61.32	-2.2741
61.33	-2.2741
61.34	-2.2742
61.35	-2.2742
61.35	-2.2743
61.36	-2.2744
61.37	-2.2743
61.38	-2.2743
61.38	-2.2744
61.39	-2.2745
61.40	-2.2746
61.41	-2.2747
61.42	-2.2749
61.43	-2.2751
61.44	-2.2754
61.45	-2.2754
61.45	-2.2755
61.46	-2.2756
61.47	-2.2758
61.48	-2.2758
61.49	-2.2759
61.50	-2.2760
61.50	-2.2760
61.51	-2.2761
61.52	-2.2761
61.53	-2.2763
61.54	-2.2764
61.54	-2.2764
61.56	-2.2765
61.57	-2.2766
61.58	-2.2766
61.58	-2.2769
61.58	-2.2770
61.59	-2.2772
61.60	-2.2772
61.61	-2.2772
61.62	-2.2773
61.63	-2.2775
61.64	-2.2774
61.65	-2.2776
61.65	-2.2778
61.66	-2.2778
61.67	-2.2779
61.68	-2.2780
61.69	-2.2781
61.70	-2.2780
61.70	-2.2782
61.71	-2.2784
61.72	-2.2786
61.73	-2.2787
61.73	-2.2788
61.74	-2.2790
61.75	-2.2790
61.76	-2.2792
61.77	-2.2793
61.77	-2.2794
61.78	-2.2795
61.79	-2.2795
61.80	-2.2796
61.80	-2.2798
61.81	-2.2799
61.83	-2.2799
61.83	-2.2801
61.84	-2.2803
61.84	-2.2803
61.86	-2.2804
61.87	-2.2805
61.88	-2.2808
61.88	-2.2809
61.90	-2.2810
61.90	-2.2810
61.91	-2.2812
61.91	-2.2812
61.92	-2.2813
61.93	-2.2813
61.94	-2.2813
61.95	-2.2813
61.96	-2.2815
61.96	-2.2816
61.98	-2.2817
61.98	-2.2817
61.99	-2.2818
62.00	-2.2818
62.01	-2.2818
62.02	-2.2818
62.02	-2.2818
62.03	-2.2819
62.05	-2.2821
62.05	-2.2822
62.06	-2.2824
62.06	-2.2825
62.07	-2.2827
62.08	-2.2826
62.09	-2.2828
62.10	-2.2830
62.10	-2.2831
62.12	-2.2831
62.13	-2.2832
62.13	-2.2835
62.14	-2.2836
62.15	-2.2836
62.16	-2.2838
62.17	-2.2839
62.18	-2.2841
62.18	-2.2841
62.19	-2.2841
62.20	-2.2843
62.21	-2.2843
62.22	-2.2844
62.23	-2.2845
62.23	-2.2846
62.24	-2.2846
62.25	-2.2847
62.26	-2.2847
62.27	-2.2850
62.27	-2.2850
62.28	-2.2851
62.29	-2.2852
62.30	-2.2854
62.31	-2.2854
62.32	-2.2854
62.33	-2.2856
62.33	-2.2857
62.34	-2.2857
62.35	-2.2858
62.35	-2.2859
62.37	-2.2861
62.38	-2.2862
62.38	-2.2864
62.40	-2.2863
62.40	-2.2865
62.41	-2.2866
62.42	-2.2866
62.43	-2.2867
62.43	-2.2868
62.44	-2.2870
62.45	-2.2870
62.46	-2.2872
62.47	-2.2874
62.48	-2.2876
62.48	-2.2876
62.49	-2.2877
62.50	-2.2878
62.51	-2.2879
62.52	-2.2879
62.52	-2.2879
62.54	-2.2880
62.55	-2.2881
62.56	-2.2882
62.56	-2.2882
62.57	-2.2882
62.58	-2.2884
62.58	-2.2884
62.59	-2.2884
62.60	-2.2886
62.61	-2.2886
62.62	-2.2887
62.63	-2.2888
62.63	-2.2888
62.64	-2.2891
62.65	-2.2891
62.65	-2.2891
62.66	-2.2891
62.67	-2.2892
62.68	-2.2892
62.69	-2.2893
62.70	-2.2894
62.70	-2.2896
62.71	-2.2896
62.72	-2.2896
62.73	-2.2898
62.74	-2.2898
62.74	-2.2899
62.75	-2.2900
62.76	-2.2901
62.77	-2.2902
62.77	-2.2902
62.79	-2.2904
62.80	-2.2905
62.81	-2.2907
62.81	-2.2908
62.82	-2.2910
62.83	-2.2910
62.84	-2.2912
62.85	-2.2913
62.86	-2.2913
62.87	-2.2914
62.87	-2.2915
62.88	-2.2916
62.89	-2.2917
62.90	-2.2918
62.90	-2.2919
62.91	-2.2919
62.92	-2.2921
62.93	-2.2922
62.94	-2.2923
62.95	-2.2924
62.95	-2.2925
62.96	-2.2925
62.97	-2.2925
62.98	-2.2927
62.99	-2.2928
63.00	-2.2928
63.01	-2.2930
63.01	-2.2930
63.02	-2.2931
63.02	-2.2932
63.04	-2.2933
63.04	-2.2933
63.05	-2.2934
63.06	-2.2934
63.08	-2.2936
63.08	-2.2935
63.09	-2.2937
63.10	-2.2938
63.10	-2.2939
63.11	-2.2939
63.12	-2.2940
63.13	-2.2940
63.14	-2.2941
63.15	-2.2943
63.16	-2.2943
63.16	-2.2945
63.17	-2.2945
63.18	-2.2946
63.19	-2.2946
63.20	-2.2946
63.21	-2.2946
63.21	-2.2948
63.22	-2.2949
63.23	-2.2951
63.24	-2.2951
63.25	-2.2952
63.26	-2.2953
63.27	-2.2953
63.27	-2.2953
63.28	-2.2953
63.29	-2.2953
63.30	-2.2954
63.30	-2.2957
63.31	-2.2957
63.33	-2.2957
63.33	-2.2959
63.34	-2.2960
63.34	-2.2961
63.35	-2.2962
63.36	-2.2964
63.37	-2.2965
63.38	-2.2966
63.39	-2.2966
63.40	-2.2966
63.41	-2.2969
63.41	-2.2970
63.42	-2.2972
63.43	-2.2973
63.44	-2.2973
63.45	-2.2973
63.45	-2.2973
63.46	-2.2974
63.47	-2.2975
63.48	-2.2975
63.49	-2.2976
63.50	-2.2975
63.50	-2.2976
63.51	-2.2977
63.52	-2.2978
63.53	-2.2978
63.54	-2.2979
63.55	-2.2980
63.55	-2.2980
63.56	-2.2982
63.57	-2.2983
63.58	-2.2984
63.59	-2.2986
63.60	-2.2986
63.60	-2.2987
63.61	-2.2988
63.62	-2.2988
63.63	-2.2989
63.64	-2.2990
63.65	-2.2992
63.65	-2.2994
63.66	-2.2994
63.67	-2.2995
63.68	-2.2997
63.69	-2.2999
63.69	-2.3000
63.70	-2.2999
63.71	-2.2999
63.72	-2.3000
63.73	-2.3001
63.74	-2.3002
63.75	-2.3003
63.75	-2.3003
63.76	-2.3003
63.77	-2.3002
63.77	-2.3003
63.79	-2.3003
63.79	-2.3004
63.80	-2.3004
63.81	-2.3004
63.82	-2.3006
63.83	-2.3006
63.83	-2.3007
63.84	-2.3007
63.85	-2.3008
63.86	-2.3009
63.88	-2.3011
63.88	-2.3013
63.89	-2.3013
63.90	-2.3015
63.90	-2.3016
63.92	-2.3016
63.92	-2.3017
63.93	-2.3019
63.93	-2.3019
63.94	-2.3019
63.95	-2.3020
63.96	-2.3021
63.97	-2.3021
63.98	-2.3021
63.99	-2.3023
64.00	-2.3023
64.00	-2.3024
64.01	-2.3023
64.02	-2.3024
64.03	-2.3025
64.04	-2.3024
64.05	-2.3024
64.05	-2.3025
64.07	-2.3026
64.07	-2.3026
64.08	-2.3028
64.09	-2.3029
64.10	-2.3029
64.10	-2.3030
64.11	-2.3031
64.12	-2.3032
64.13	-2.3033
64.14	-2.3034
64.15	-2.3035
64.16	-2.3036
64.16	-2.3037
64.17	-2.3038
64.18	-2.3038
64.19	-2.3039
64.20	-2.3041
64.20	-2.3042
64.21	-2.3043
64.22	-2.3046
64.23	-2.3047
64.23	-2.3047
64.25	-2.3048
64.25	-2.3050
64.26	-2.3052
64.27	-2.3053
64.28	-2.3054
64.28	-2.3053
64.30	-2.3054
64.30	-2.3054
64.31	-2.3054
64.32	-2.3054
64.33	-2.3057
64.34	-2.3056
64.35	-2.3058
64.36	-2.3058
64.36	-2.3058
64.37	-2.3059
64.38	-2.3061
64.39	-2.3060
64.39	-2.3060
64.40	-2.3061
64.41	-2.3062
64.42	-2.3063
64.43	-2.3064
64.43	-2.3064
64.44	-2.3065
64.45	-2.3066
64.46	-2.3067
64.47	-2.3069
64.48	-2.3070
64.49	-2.3070
64.49	-2.3071
64.50	-2.3072
64.51	-2.3072
64.52	-2.3074
64.53	-2.3075
64.53	-2.3075
64.55	-2.3077
64.55	-2.3076
64.56	-2.3078
64.57	-2.3080
64.58	-2.3080
64.58	-2.3080
64.59	-2.3081
64.60	-2.3082
64.61	-2.3082
64.62	-2.3082
64.63	-2.3084
64.63	-2.3085
64.64	-2.3086
64.65	-2.3087
64.67	-2.3087
64.67	-2.3088
64.68	-2.3090
64.69	-2.3091
64.69	-2.3092
64.70	-2.3092
64.71	-2.3091
64.72	-2.3092
64.73	-2.3091
64.73	-2.3091
64.75	-2.3092
64.75	-2.3093
64.76	-2.3093
64.77	-2.3092
64.78	-2.3093
64.79	-2.3094
64.80	-2.3094
64.80	-2.3093
64.81	-2.3093
64.82	-2.3094
64.83	-2.3094
64.84	-2.3093
64.85	-2.3093
64.85	-2.3093
64.86	-2.3094
64.87	-2.3093
64.88	-2.3095
64.89	-2.3095
64.90	-2.3096
64.90	-2.3098
64.91	-2.3099
64.92	-2.3100
64.93	-2.3102
64.93	-2.3103
64.95	-2.3106
64.96	-2.3107
64.97	-2.3109
64.97	-2.3111
64.98	-2.3112
64.99	-2.3114
64.99	-2.3115
65.00	-2.3117
65.01	-2.3118
65.02	-2.3120
65.03	-2.3121
65.04	-2.3122
65.05	-2.3123
65.05	-2.3123
65.06	-2.3125
65.07	-2.3127
65.08	-2.3127
65.09	-2.3128
65.09	-2.3127
65.11	-2.3128
65.12	-2.3127
65.12	-2.3127
65.13	-2.3127
65.14	-2.3127
65.15	-2.3126
65.16	-2.3126
65.16	-2.3126
65.17	-2.3127
65.18	-2.3128
65.19	-2.3128
65.20	-2.3127
65.20	-2.3127
65.22	-2.3128
65.22	-2.3128
65.23	-2.3129
65.24	-2.3130
65.25	-2.3130
65.25	-2.3131
65.26	-2.3132
65.28	-2.3132
65.28	-2.3133
65.29	-2.3133
65.30	-2.3133
65.31	-2.3133
65.31	-2.3134
65.32	-2.3132
65.33	-2.3132
65.34	-2.3130
65.34	-2.3130
65.35	-2.3130
65.36	-2.3130
65.37	-2.3130
65.38	-2.3131
65.39	-2.3133
65.40	-2.3135
65.41	-2.3136
65.41	-2.3137
65.42	-2.3136
65.43	-2.3138
65.44	-2.3138
65.45	-2.3139
65.45	-2.3140
65.47	-2.3140
65.47	-2.3140
65.48	-2.3139
65.49	-2.3140
65.49	-2.3140
65.50	-2.3142
65.51	-2.3143
65.52	-2.3143
65.53	-2.3144
65.53	-2.3146
65.54	-2.3147
65.55	-2.3148
65.56	-2.3151
65.57	-2.3152
65.58	-2.3154
65.59	-2.3155
65.59	-2.3155
65.61	-2.3156
65.61	-2.3157
65.62	-2.3157
65.63	-2.3158
65.64	-2.3158
65.65	-2.3159
65.66	-2.3161
65.67	-2.3162
65.67	-2.3164
65.68	-2.3165
65.69	-2.3164
65.70	-2.3165
65.71	-2.3165
65.72	-2.3166
65.72	-2.3169
65.73	-2.3167
65.74	-2.3169
65.75	-2.3169
65.76	-2.3171
65.76	-2.3171
65.77	-2.3172
65.78	-2.3172
65.79	-2.3173
65.80	-2.3174
65.81	-2.3176
65.81	-2.3178
65.82	-2.3178
65.83	-2.3181
65.84	-2.3183
65.84	-2.3183
65.85	-2.3184
65.86	-2.3184
65.88	-2.3185
65.88	-2.3187
65.89	-2.3188
65.89	-2.3189
65.91	-2.3190
65.92	-2.3192
65.92	-2.3192
65.93	-2.3192
65.94	-2.3192
65.95	-2.3194
65.95	-2.3193
65.96	-2.3195
65.97	-2.3197
65.98	-2.3198
65.99	-2.3199
66.00	-2.3200
66.01	-2.3200
66.02	-2.3201
66.03	-2.3202
66.03	-2.3203
66.04	-2.3204
66.05	-2.3205
66.06	-2.3205
66.07	-2.3205
66.08	-2.3206
66.08	-2.3206
66.09	-2.3207
66.10	-2.3208
66.11	-2.3209
66.12	-2.3210
66.13	-2.3212
66.14	-2.3213
66.14	-2.3213
66.15	-2.3215
66.16	-2.3216
66.17	-2.3217
66.17	-2.3217
66.18	-2.3217
66.19	-2.3219
66.20	-2.3220
66.20	-2.3221
66.22	-2.3221
66.22	-2.3222
66.23	-2.3224
66.24	-2.3225
66.25	-2.3226
66.25	-2.3227
66.26	-2.3227
66.27	-2.3228
66.28	-2.3229
66.29	-2.3230
66.30	-2.3231
66.30	-2.3230
66.32	-2.3231
66.32	-2.3231
66.33	-2.3231
66.34	-2.3231
66.35	-2.3232
66.36	-2.3233
66.36	-2.3234
66.37	-2.3235
66.38	-2.3237
66.39	-2.3238
66.40	-2.3237
66.40	-2.3238
66.41	-2.3238
66.42	-2.3239
66.43	-2.3241
66.44	-2.3242
66.45	-2.3244
66.45	-2.3244
66.46	-2.3245
66.47	-2.3246
66.48	-2.3247
66.49	-2.3247
66.50	-2.3250
66.50	-2.3251
66.51	-2.3252
66.52	-2.3251
66.53	-2.3252
66.54	-2.3253
66.55	-2.3254
66.55	-2.3255
66.56	-2.3255
66.57	-2.3255
66.58	-2.3256
66.59	-2.3256
66.60	-2.3258
66.60	-2.3258
66.61	-2.3259
66.62	-2.3258
66.63	-2.3258
66.64	-2.3260
66.65	-2.3261
66.66	-2.3261
66.67	-2.3263
66.67	-2.3264
66.68	-2.3265
66.69	-2.3266
66.70	-2.3265
66.70	-2.3266
66.71	-2.3266
66.72	-2.3266
66.73	-2.3268
66.74	-2.3268
66.75	-2.3269
66.76	-2.3271
66.76	-2.3272
66.77	-2.3273
66.78	-2.3275
66.79	-2.3275
66.80	-2.3275
66.80	-2.3277
66.81	-2.3278
66.82	-2.3279
66.83	-2.3280
66.84	-2.3280
66.84	-2.3279
66.85	-2.3279
66.87	-2.3280
66.88	-2.3280
66.88	-2.3281
66.89	-2.3281
66.90	-2.3282
66.91	-2.3282
66.92	-2.3282
66.92	-2.3283
66.93	-2.3284
66.94	-2.3284
66.95	-2.3285
66.96	-2.3285
66.96	-2.3286
66.97	-2.3286
66.98	-2.3286
66.99	-2.3288
67.00	-2.3288
67.01	-2.3290
67.01	-2.3291
67.02	-2.3291
67.03	-2.3291
67.04	-2.3292
67.05	-2.3294
67.06	-2.3295
67.07	-2.3295
67.07	-2.3296
67.08	-2.3298
67.09	-2.3301
67.10	-2.3302
67.10	-2.3303
67.11	-2.3304
67.12	-2.3305
67.13	-2.3305
67.14	-2.3307
67.15	-2.3307
67.16	-2.3307
67.17	-2.3308
67.17	-2.3309
67.18	-2.3310
67.19	-2.3310
67.20	-2.3311
67.20	-2.3312
67.21	-2.3314
67.22	-2.3314
67.23	-2.3316
67.24	-2.3318
67.25	-2.3320
67.25	-2.3320
67.26	-2.3320
67.27	-2.3321
67.28	-2.3322
67.29	-2.3322
67.30	-2.3322
67.31	-2.3322
67.31	-2.3323
67.32	-2.3324
67.33	-2.3325
67.34	-2.3324
67.34	-2.3324
67.35	-2.3324
67.36	-2.3325
67.37	-2.3326
67.38	-2.3325
67.39	-2.3327
67.39	-2.3329
67.40	-2.3329
67.42	-2.3331
67.42	-2.3330
67.43	-2.3331
67.44	-2.3332
67.45	-2.3332
67.46	-2.3332
67.47	-2.3333
67.47	-2.3333
67.48	-2.3334
67.49	-2.3336
67.50	-2.3337
67.50	-2.3338
67.51	-2.3339
67.52	-2.3339
67.53	-2.3340
67.54	-2.3341
67.55	-2.3342
67.56	-2.3343
67.57	-2.3344
67.57	-2.3345
67.58	-2.3345
67.59	-2.3346
67.61	-2.3347
67.61	-2.3347
67.62	-2.3349
67.63	-2.3351
67.63	-2.3351
67.64	-2.3351
67.64	-2.3352
67.66	-2.3353
67.67	-2.3353
67.67	-2.3353
67.68	-2.3353
67.69	-2.3354
67.70	-2.3355
67.70	-2.3356
67.71	-2.3358
67.72	-2.3357
67.73	-2.3356
67.74	-2.3358
67.75	-2.3359
67.75	-2.3360
67.77	-2.3361
67.78	-2.3361
67.78	-2.3362
67.79	-2.3361
67.80	-2.3362
67.81	-2.3364
67.82	-2.3365
67.83	-2.3365
67.83	-2.3365
67.83	-2.3367
67.84	-2.3368
67.85	-2.3369
67.87	-2.3371
67.88	-2.3371
67.88	-2.3373
67.89	-2.3375
67.90	-2.3376
67.91	-2.3378
67.92	-2.3378
67.92	-2.3379
67.93	-2.3380
67.94	-2.3381
67.95	-2.3381
67.95	-2.3381
67.96	-2.3382
67.97	-2.3383
67.98	-2.3383
67.99	-2.3384
68.00	-2.3385
68.00	-2.3386
68.01	-2.3386
68.02	-2.3386
68.03	-2.3386
68.04	-2.3388
68.05	-2.3389
68.05	-2.3389
68.06	-2.3391
68.07	-2.3390
68.08	-2.3392
68.09	-2.3392
68.09	-2.3392
68.10	-2.3393
68.11	-2.3394
68.12	-2.3394
68.13	-2.3395
68.14	-2.3396
68.14	-2.3396
68.15	-2.3397
68.16	-2.3398
68.17	-2.3399
68.18	-2.3399
68.18	-2.3400
68.19	-2.3399
68.20	-2.3400
68.21	-2.3400
68.22	-2.3402
68.22	-2.3401
68.24	-2.3402
68.25	-2.3401
68.25	-2.3402
68.26	-2.3402
68.27	-2.3404
68.28	-2.3406
68.29	-2.3405
68.30	-2.3408
68.30	-2.3408
68.31	-2.3410
68.32	-2.3411
68.33	-2.3412
68.34	-2.3413
68.34	-2.3412
68.35	-2.3413
68.36	-2.3413
68.38	-2.3413
68.38	-2.3415
68.39	-2.3416
68.39	-2.3416
68.40	-2.3416
68.41	-2.3418
68.42	-2.3419
68.43	-2.3420
68.44	-2.3421
68.44	-2.3422
68.45	-2.3424
68.46	-2.3424
68.47	-2.3425
68.48	-2.3425
68.49	-2.3427
68.49	-2.3428
68.50	-2.3427
68.51	-2.3428
68.52	-2.3428
68.53	-2.3429
68.54	-2.3430
68.55	-2.3430
68.55	-2.3431
68.56	-2.3432
68.57	-2.3434
68.58	-2.3435
68.59	-2.3435
68.60	-2.3436
68.60	-2.3437
68.61	-2.3439
68.62	-2.3439
68.63	-2.3440
68.64	-2.3441
68.64	-2.3442
68.65	-2.3444
68.66	-2.3445
68.67	-2.3445
68.68	-2.3446
68.69	-2.3445
68.70	-2.3446
68.70	-2.3445
68.71	-2.3448
68.72	-2.3447
68.73	-2.3449
68.74	-2.3450
68.75	-2.3451
68.75	-2.3452
68.76	-2.3453
68.77	-2.3455
68.78	-2.3455
68.79	-2.3456
68.80	-2.3457
68.80	-2.3456
68.81	-2.3457
68.82	-2.3457
68.83	-2.3457
68.84	-2.3458
68.84	-2.3458
68.85	-2.3459
68.86	-2.3461
68.87	-2.3461
68.88	-2.3462
68.89	-2.3464
68.89	-2.3464
68.90	-2.3465
68.91	-2.3467
68.92	-2.3467
68.92	-2.3468
68.93	-2.3469
68.95	-2.3469
68.95	-2.3471
68.97	-2.3472
68.97	-2.3472
68.98	-2.3473
68.99	-2.3473
69.00	-2.3475
69.00	-2.3476
69.01	-2.3477
69.02	-2.3478
69.03	-2.3479
69.03	-2.3480
69.05	-2.3481
69.05	-2.3481
69.06	-2.3482
69.07	-2.3482
69.08	-2.3482
69.08	-2.3482
69.09	-2.3483
69.10	-2.3483
69.11	-2.3484
69.12	-2.3483
69.13	-2.3484
69.13	-2.3486
69.14	-2.3488
69.15	-2.3489
69.16	-2.3490
69.17	-2.3490
69.18	-2.3491
69.19	-2.3493
69.19	-2.3493
69.20	-2.3493
69.21	-2.3493
69.22	-2.3493
69.23	-2.3493
69.24	-2.3494
69.25	-2.3494
69.25	-2.3495
69.26	-2.3496
69.27	-2.3496
69.28	-2.3497
69.28	-2.3498
69.30	-2.3499
69.30	-2.3500
69.31	-2.3500
69.32	-2.3500
69.33	-2.3499
69.33	-2.3502
69.34	-2.3501
69.35	-2.3502
69.36	-2.3504
69.37	-2.3505
69.38	-2.3504
69.38	-2.3504
69.39	-2.3505
69.39	-2.3505
69.41	-2.3505
69.42	-2.3508
69.43	-2.3509
69.44	-2.3509
69.44	-2.3509
69.45	-2.3509
69.46	-2.3511
69.47	-2.3513
69.48	-2.3515
69.49	-2.3516
69.50	-2.3518
69.50	-2.3518
69.51	-2.3520
69.52	-2.3521
69.53	-2.3522
69.54	-2.3524
69.55	-2.3525
69.55	-2.3525
69.56	-2.3525
69.57	-2.3526
69.58	-2.3527
69.59	-2.3527
69.59	-2.3529
69.60	-2.3528
69.61	-2.3528
69.62	-2.3530
69.63	-2.3529
69.64	-2.3530
69.64	-2.3531
69.65	-2.3532
69.66	-2.3533
69.67	-2.3533
69.68	-2.3533
69.69	-2.3534
69.70	-2.3535
69.70	-2.3536
69.71	-2.3536
69.72	-2.3537
69.73	-2.3537
69.73	-2.3537
69.74	-2.3539
69.75	-2.3539
69.76	-2.3539
69.77	-2.3541
69.78	-2.3542
69.78	-2.3543
69.79	-2.3543
69.80	-2.3544
69.81	-2.3544
69.82	-2.3544
69.83	-2.3546
69.83	-2.3546
69.84	-2.3548
69.85	-2.3548
69.86	-2.3548
69.86	-2.3548
69.87	-2.3549
69.88	-2.3551
69.89	-2.3552
69.90	-2.3553
69.91	-2.3553
69.92	-2.3554
69.92	-2.3553
69.93	-2.3555
69.95	-2.3555
69.95	-2.3555
69.96	-2.3554
69.97	-2.3555
69.98	-2.3557
69.98	-2.3556
70.00	-2.3558
70.00	-2.3558
70.01	-2.3560
70.02	-2.3559
70.03	-2.3561
70.03	-2.3560
70.04	-2.3562
70.05	-2.3561
70.06	-2.3563
70.07	-2.3565
70.08	-2.3566
70.09	-2.3567
70.09	-2.3569
70.10	-2.3569
70.11	-2.3570
70.12	-2.3572
70.13	-2.3572
70.14	-2.3574
70.14	-2.3575
70.15	-2.3575
70.16	-2.3576
70.17	-2.3577
70.18	-2.3577
70.19	-2.3578
70.19	-2.3577
70.20	-2.3579
70.21	-2.3579
70.22	-2.3581
70.23	-2.3581
70.24	-2.3583
70.25	-2.3582
70.25	-2.3583
70.26	-2.3583
70.27	-2.3583
70.28	-2.3585
70.28	-2.3586
70.29	-2.3588
70.30	-2.3590
70.31	-2.3590
70.32	-2.3591
70.33	-2.3592
70.34	-2.3592
70.34	-2.3592
70.35	-2.3592
70.36	-2.3593
70.37	-2.3593
70.38	-2.3594
70.39	-2.3595
70.39	-2.3597
70.40	-2.3598
70.41	-2.3599
70.42	-2.3599
70.43	-2.3600
70.44	-2.3601
70.45	-2.3600
70.45	-2.3601
70.46	-2.3601
70.47	-2.3602
70.48	-2.3604
70.48	-2.3605
70.50	-2.3605
70.50	-2.3606
70.51	-2.3607
70.52	-2.3608
70.53	-2.3609
70.54	-2.3611
70.55	-2.3610
70.55	-2.3611
70.56	-2.3612
70.57	-2.3613
70.57	-2.3613
70.59	-2.3614
70.59	-2.3614
70.60	-2.3615
70.61	-2.3614
70.62	-2.3615
70.63	-2.3616
70.63	-2.3618
70.64	-2.3618
70.64	-2.3618
70.66	-2.3620
70.67	-2.3622
70.67	-2.3622
70.68	-2.3622
70.69	-2.3623
70.70	-2.3622
70.71	-2.3623
70.71	-2.3624
70.72	-2.3625
70.73	-2.3625
70.74	-2.3626
70.75	-2.3627
70.76	-2.3628
70.77	-2.3628
70.78	-2.3628
70.78	-2.3630
70.79	-2.3631
70.80	-2.3632
70.81	-2.3632
70.82	-2.3633
70.83	-2.3634
70.83	-2.3634
70.84	-2.3635
70.85	-2.3636
70.86	-2.3637
70.86	-2.3638
70.88	-2.3639
70.88	-2.3640
70.89	-2.3642
70.90	-2.3642
70.91	-2.3643
70.92	-2.3644
70.92	-2.3644
70.93	-2.3644
70.94	-2.3646
70.95	-2.3647
70.95	-2.3648
70.97	-2.3649
70.98	-2.3650
70.98	-2.3649
70.99	-2.3650
71.00	-2.3651
71.01	-2.3651
71.02	-2.3652
71.03	-2.3652
71.03	-2.3654
71.04	-2.3654
71.05	-2.3654
71.06	-2.3654
71.07	-2.3656
71.08	-2.3655
71.08	-2.3656
71.09	-2.3657
71.10	-2.3657
71.11	-2.3657
71.12	-2.3659
71.13	-2.3660
71.13	-2.3660
71.14	-2.3662
71.15	-2.3663
71.16	-2.3665
71.17	-2.3665
71.18	-2.3665
71.19	-2.3666
71.20	-2.3666
71.20	-2.3667
71.21	-2.3669
71.22	-2.3670
71.23	-2.3672
71.23	-2.3672
71.24	-2.3673
71.25	-2.3673
71.26	-2.3672
71.27	-2.3674
71.28	-2.3674
71.29	-2.3675
71.29	-2.3675
71.30	-2.3677
71.31	-2.3678
71.32	-2.3679
71.33	-2.3680
71.33	-2.3681
71.34	-2.3682
71.35	-2.3681
71.36	-2.3682
71.37	-2.3682
71.38	-2.3683
71.39	-2.3683
71.39	-2.3683
71.40	-2.3684
71.41	-2.3685
71.42	-2.3685
71.42	-2.3686
71.44	-2.3685
71.45	-2.3686
71.45	-2.3686
71.46	-2.3687
71.47	-2.3688
71.48	-2.3688
71.49	-2.3687
71.50	-2.3688
71.50	-2.3689
71.51	-2.3691
71.52	-2.3691
71.53	-2.3693
71.54	-2.3693
71.54	-2.3694
71.55	-2.3695
71.56	-2.3695
71.57	-2.3695
71.58	-2.3696
71.58	-2.3696
71.59	-2.3698
71.59	-2.3700
71.60	-2.3701
71.61	-2.3702
71.62	-2.3703
71.63	-2.3704
71.64	-2.3705
71.65	-2.3706
71.66	-2.3707
71.67	-2.3708
71.67	-2.3710
71.68	-2.3712
71.69	-2.3711
71.70	-2.3713
71.70	-2.3714
71.72	-2.3715
71.73	-2.3715
71.73	-2.3716
71.74	-2.3718
71.75	-2.3719
71.76	-2.3722
71.76	-2.3722
71.77	-2.3722
71.78	-2.3723
71.79	-2.3723
71.80	-2.3724
71.81	-2.3724
71.82	-2.3724
71.83	-2.3726
71.83	-2.3726
71.84	-2.3728
71.85	-2.3728
71.86	-2.3729
71.87	-2.3730
71.88	-2.3732
71.88	-2.3733
71.89	-2.3734
71.90	-2.3735
71.90	-2.3735
71.91	-2.3735
71.92	-2.3736
71.93	-2.3736
71.94	-2.3735
71.95	-2.3736
71.96	-2.3738
71.96	-2.3738
71.98	-2.3740
71.99	-2.3741
72.00	-2.3741
72.00	-2.3743
72.01	-2.3743
72.02	-2.3743
72.02	-2.3743
72.03	-2.3744
72.04	-2.3744
72.05	-2.3745
72.06	-2.3746
72.07	-2.3745
72.08	-2.3746
72.08	-2.3747
72.09	-2.3749
72.10	-2.3749
72.10	-2.3750
72.12	-2.3751
72.13	-2.3751
72.13	-2.3751
72.14	-2.3751
72.15	-2.3752
72.16	-2.3753
72.17	-2.3754
72.17	-2.3755
72.18	-2.3757
72.19	-2.3758
72.20	-2.3758
72.21	-2.3759
72.22	-2.3759
72.23	-2.3759
72.24	-2.3761
72.24	-2.3762
72.25	-2.3764
72.26	-2.3764
72.27	-2.3766
72.28	-2.3767
72.28	-2.3769
72.29	-2.3771
72.30	-2.3773
72.31	-2.3774
72.32	-2.3774
72.33	-2.3775
72.33	-2.3775
72.34	-2.3775
72.34	-2.3774
72.35	-2.3775
72.36	-2.3775
72.38	-2.3776
72.38	-2.3777
72.39	-2.3778
72.40	-2.3778
72.40	-2.3778
72.41	-2.3780
72.42	-2.3781
72.43	-2.3780
72.44	-2.3781
72.45	-2.3783
72.46	-2.3784
72.46	-2.3786
72.48	-2.3786
72.48	-2.3786
72.49	-2.3786
72.50	-2.3788
72.51	-2.3789
72.51	-2.3789
72.52	-2.3790
72.53	-2.3790
72.53	-2.3793
72.55	-2.3793
72.55	-2.3795
72.57	-2.3796
72.58	-2.3797
72.58	-2.3797
72.59	-2.3798
72.59	-2.3799
72.60	-2.3800
72.61	-2.3801
72.62	-2.3802
72.63	-2.3802
72.64	-2.3804
72.64	-2.3804
72.66	-2.3805
72.67	-2.3805
72.67	-2.3807
72.68	-2.3807
72.69	-2.3807
72.70	-2.3807
72.70	-2.3807
72.71	-2.3807
72.72	-2.3806
72.73	-2.3807
72.74	-2.3807
72.75	-2.3808
72.75	-2.3809
72.76	-2.3810
72.78	-2.3811
72.78	-2.3811
72.79	-2.3812
72.80	-2.3814
72.81	-2.3816
72.82	-2.3817
72.83	-2.3818
72.83	-2.3820
72.84	-2.3821
72.84	-2.3821
72.86	-2.3823
72.87	-2.3824
72.88	-2.3824
72.88	-2.3825
72.89	-2.3827
72.90	-2.3828
72.91	-2.3830
72.91	-2.3831
72.92	-2.3832
72.93	-2.3832
72.94	-2.3834
72.95	-2.3834
72.96	-2.3835
72.97	-2.3835
72.97	-2.3835
72.98	-2.3836
72.99	-2.3836
73.00	-2.3836
73.01	-2.3836
73.02	-2.3835
73.03	-2.3835
73.03	-2.3836
73.04	-2.3837
73.05	-2.3838
73.06	-2.3839
73.07	-2.3839
73.07	-2.3840
73.08	-2.3840
73.09	-2.3841
73.09	-2.3842
73.10	-2.3844
73.12	-2.3845
73.12	-2.3845
73.13	-2.3846
73.14	-2.3846
73.15	-2.3848
73.15	-2.3849
73.16	-2.3849
73.17	-2.3850
73.18	-2.3852
73.19	-2.3853
73.20	-2.3853
73.21	-2.3854
73.22	-2.3853
73.22	-2.3855
73.23	-2.3856
73.24	-2.3857
73.25	-2.3856
73.25	-2.3857
73.26	-2.3857
73.27	-2.3858
73.28	-2.3859
73.29	-2.3859
73.30	-2.3862
73.31	-2.3862
73.31	-2.3863
73.32	-2.3865
73.33	-2.3866
73.33	-2.3867
73.34	-2.3868
73.35	-2.3868
73.36	-2.3870
73.37	-2.3871
73.38	-2.3872
73.38	-2.3872
73.39	-2.3872
73.40	-2.3872
73.41	-2.3874
73.42	-2.3875
73.42	-2.3875
73.44	-2.3875
73.45	-2.3877
73.45	-2.3878
73.46	-2.3880
73.48	-2.3881
73.48	-2.3881
73.49	-2.3881
73.49	-2.3882
73.50	-2.3882
73.52	-2.3883
73.52	-2.3883
73.53	-2.3884
73.54	-2.3885
73.55	-2.3885
73.55	-2.3886
73.56	-2.3887
73.57	-2.3888
73.58	-2.3889
73.59	-2.3890
73.59	-2.3891
73.60	-2.3892
73.61	-2.3892
73.62	-2.3893
73.63	-2.3893
73.64	-2.3896
73.65	-2.3897
73.65	-2.3897
73.66	-2.3898
73.67	-2.3897
73.68	-2.3897
73.69	-2.3897
73.70	-2.3897
73.71	-2.3898
73.72	-2.3898
73.73	-2.3898
73.73	-2.3900
73.74	-2.3900
73.75	-2.3900
73.76	-2.3901
73.77	-2.3903
73.78	-2.3904
73.78	-2.3904
73.79	-2.3906
73.80	-2.3907
73.81	-2.3906
73.82	-2.3907
73.83	-2.3907
73.83	-2.3908
73.84	-2.3908
73.85	-2.3909
73.86	-2.3909
73.87	-2.3910
73.88	-2.3912
73.88	-2.3913
73.89	-2.3914
73.90	-2.3915
73.91	-2.3915
73.92	-2.3918
73.93	-2.3919
73.93	-2.3920
73.94	-2.3921
73.95	-2.3922
73.96	-2.3923
73.97	-2.3925
73.98	-2.3927
73.98	-2.3928
73.99	-2.3928
74.00	-2.3929
74.00	-2.3931
74.01	-2.3929
74.03	-2.3931
74.03	-2.3930
74.04	-2.3931
74.05	-2.3932
74.06	-2.3933
74.07	-2.3934
74.08	-2.3933
74.09	-2.3933
74.09	-2.3933
74.09	-2.3933
74.10	-2.3933
74.11	-2.3933
74.13	-2.3935
74.14	-2.3935
74.14	-2.3935
74.15	-2.3936
74.16	-2.3937
74.17	-2.3936
74.18	-2.3937
74.18	-2.3939
74.19	-2.3939
74.20	-2.3938
74.21	-2.3940
74.21	-2.3941
74.22	-2.3942
74.23	-2.3942
74.24	-2.3943
74.25	-2.3945
74.25	-2.3944
74.26	-2.3945
74.27	-2.3946
74.28	-2.3948
74.29	-2.3948
74.30	-2.3950
74.31	-2.3951
74.32	-2.3952
74.32	-2.3952
74.33	-2.3955
74.34	-2.3955
74.34	-2.3956
74.35	-2.3957
74.36	-2.3958
74.38	-2.3959
74.38	-2.3960
74.39	-2.3960
74.40	-2.3962
74.40	-2.3964
74.41	-2.3964
74.42	-2.3964
74.43	-2.3965
74.44	-2.3966
74.45	-2.3968
74.45	-2.3969
74.46	-2.3969
74.47	-2.3970
74.48	-2.3972
74.49	-2.3972
74.50	-2.3974
74.51	-2.3974
74.52	-2.3974
74.53	-2.3975
74.53	-2.3975
74.54	-2.3975
74.55	-2.3976
74.55	-2.3976
74.56	-2.3976
74.57	-2.3978
74.58	-2.3977
74.59	-2.3978
74.60	-2.3978
74.60	-2.3978
74.62	-2.3979
74.62	-2.3980
74.63	-2.3981
74.64	-2.3981
74.65	-2.3983
74.66	-2.3984
74.67	-2.3986
74.67	-2.3988
74.68	-2.3989
74.69	-2.3991
74.70	-2.3991
74.70	-2.3994
74.72	-2.3995
74.73	-2.3994
74.73	-2.3994
74.74	-2.3994
74.75	-2.3995
74.76	-2.3995
74.77	-2.3995
74.77	-2.3996
74.78	-2.3997
74.79	-2.3998
74.80	-2.3999
74.81	-2.3999
74.81	-2.4000
74.83	-2.4001
74.84	-2.4002
74.84	-2.4002
74.85	-2.4002
74.86	-2.4003
74.87	-2.4004
74.87	-2.4003
74.88	-2.4005
74.89	-2.4006
74.90	-2.4006
74.90	-2.4007
74.92	-2.4007
74.92	-2.4009
74.93	-2.4009
74.94	-2.4010
74.95	-2.4010
74.95	-2.4010
74.97	-2.4011
74.98	-2.4011
74.99	-2.4012
74.99	-2.4012
75.00	-2.4013
75.01	-2.4015
75.01	-2.4016
75.02	-2.4017
75.04	-2.4017
75.05	-2.4019
75.05	-2.4019
75.06	-2.4018
75.06	-2.4019
75.07	-2.4021
75.08	-2.4021
75.09	-2.4022
75.09	-2.4023
75.10	-2.4023
75.11	-2.4024
75.12	-2.4026
75.13	-2.4028
75.14	-2.4029
75.15	-2.4030
75.16	-2.4030
75.17	-2.4031
75.17	-2.4032
75.18	-2.4034
75.19	-2.4034
75.20	-2.4033
75.20	-2.4033
75.21	-2.4033
75.22	-2.4033
75.23	-2.4035
75.23	-2.4035
75.24	-2.4037
75.25	-2.4037
75.26	-2.4038
75.27	-2.4040
75.28	-2.4041
75.29	-2.4042
75.30	-2.4043
75.31	-2.4044
75.32	-2.4044
75.33	-2.4045
75.33	-2.4046
75.34	-2.4047
75.34	-2.4047
75.35	-2.4047
75.36	-2.4048
75.37	-2.4049
75.38	-2.4050
75.39	-2.4051
75.40	-2.4051
75.41	-2.4052
75.42	-2.4052
75.42	-2.4052
75.43	-2.4052
75.44	-2.4053
75.45	-2.4053
75.46	-2.4054
75.47	-2.4055
75.48	-2.4056
75.48	-2.4056
75.49	-2.4058
75.50	-2.4059
75.50	-2.4059
75.52	-2.4059
75.52	-2.4059
75.53	-2.4061
75.54	-2.4062
75.55	-2.4066
75.55	-2.4067
75.57	-2.4069
75.58	-2.4070
75.58	-2.4070
75.59	-2.4070
75.59	-2.4071
75.60	-2.4072
75.61	-2.4072
75.63	-2.4072
75.63	-2.4073
75.64	-2.4074
75.65	-2.4075
75.66	-2.4075
75.66	-2.4074
75.67	-2.4076
75.68	-2.4077
75.69	-2.4078
75.70	-2.4078
75.71	-2.4080
75.72	-2.4079
75.72	-2.4081
75.73	-2.4080
75.74	-2.4082
75.75	-2.4081
75.76	-2.4082
75.77	-2.4084
75.78	-2.4084
75.78	-2.4084
75.79	-2.4085
75.80	-2.4086
75.81	-2.4088
75.82	-2.4088
75.83	-2.4091
75.84	-2.4090
75.84	-2.4092
75.85	-2.4092
75.85	-2.4093
75.86	-2.4093
75.88	-2.4094
75.88	-2.4096
75.89	-2.4096
75.90	-2.4098
75.91	-2.4099
75.92	-2.4100
75.92	-2.4099
75.93	-2.4099
75.94	-2.4100
75.95	-2.4099
75.96	-2.4100
75.97	-2.4101
75.97	-2.4102
75.98	-2.4102
75.99	-2.4104
76.00	-2.4105
76.00	-2.4106
76.01	-2.4107
76.02	-2.4105
76.03	-2.4107
76.04	-2.4107
76.05	-2.4107
76.06	-2.4108
76.06	-2.4109
76.07	-2.4109
76.08	-2.4110
76.09	-2.4112
76.10	-2.4113
76.10	-2.4114
76.11	-2.4115
76.13	-2.4118
76.13	-2.4120
76.14	-2.4120
76.14	-2.4120
76.15	-2.4121
76.16	-2.4123
76.17	-2.4124
76.18	-2.4125
76.19	-2.4125
76.20	-2.4124
76.20	-2.4126
76.21	-2.4126
76.22	-2.4126
76.23	-2.4125
76.24	-2.4126
76.25	-2.4126
76.25	-2.4126
76.26	-2.4127
76.27	-2.4129
76.28	-2.4131
76.29	-2.4131
76.30	-2.4133
76.30	-2.4135
76.31	-2.4135
76.33	-2.4136
76.33	-2.4136
76.33	-2.4139
76.34	-2.4139
76.35	-2.4139
76.36	-2.4141
76.37	-2.4141
76.38	-2.4143
76.39	-2.4144
76.39	-2.4144
76.40	-2.4144
76.42	-2.4143
76.42	-2.4144
76.43	-2.4144
76.44	-2.4145
76.45	-2.4146
76.45	-2.4147
76.46	-2.4148
76.47	-2.4148
76.48	-2.4149
76.49	-2.4150
76.50	-2.4152
76.50	-2.4153
76.51	-2.4153
76.52	-2.4154
76.53	-2.4156
76.54	-2.4156
76.55	-2.4157
76.56	-2.4160
76.56	-2.4161
76.57	-2.4161
76.58	-2.4163
76.59	-2.4163
76.59	-2.4163
76.61	-2.4163
76.62	-2.4164
76.63	-2.4164
76.63	-2.4165
76.64	-2.4164
76.65	-2.4165
76.66	-2.4167
76.66	-2.4168
76.67	-2.4168
76.68	-2.4169
76.69	-2.4169
76.70	-2.4171
76.71	-2.4172
76.72	-2.4172
76.73	-2.4173
76.73	-2.4173
76.74	-2.4175
76.75	-2.4175
76.75	-2.4176
76.76	-2.4175
76.77	-2.4177
76.78	-2.4177
76.79	-2.4179
76.80	-2.4178
76.81	-2.4178
76.82	-2.4179
76.83	-2.4180
76.83	-2.4182
76.84	-2.4183
76.85	-2.4183
76.86	-2.4183
76.86	-2.4186
76.87	-2.4186
76.88	-2.4183
76.89	-2.4187
76.89	-2.4187
76.90	-2.4186
76.91	-2.4187
76.92	-2.4186
76.94	-2.4187
76.94	-2.4187
76.95	-2.4187
76.95	-2.4188
76.96	-2.4190
76.97	-2.4192
76.98	-2.4193
76.99	-2.4194
77.00	-2.4195
77.00	-2.4196
77.01	-2.4196
77.02	-2.4197
77.03	-2.4197
77.04	-2.4198
77.04	-2.4200
77.05	-2.4200
77.06	-2.4201
77.07	-2.4200
77.08	-2.4202
77.09	-2.4204
77.10	-2.4205
77.11	-2.4205
77.12	-2.4206
77.13	-2.4207
77.13	-2.4211
77.14	-2.4211
77.14	-2.4211
77.15	-2.4213
77.16	-2.4214
77.17	-2.4215
77.18	-2.4215
77.19	-2.4215
77.20	-2.4216
77.21	-2.4216
77.21	-2.4217
77.22	-2.4217
77.23	-2.4218
77.23	-2.4220
77.25	-2.4221
77.25	-2.4221
77.26	-2.4223
77.27	-2.4224
77.28	-2.4225
77.29	-2.4226
77.29	-2.4227
77.31	-2.4229
77.32	-2.4230
77.32	-2.4229
77.33	-2.4230
77.34	-2.4232
77.35	-2.4233
77.35	-2.4234
77.36	-2.4234
77.37	-2.4235
77.38	-2.4237
77.39	-2.4238
77.39	-2.4239
77.40	-2.4240
77.41	-2.4241
77.42	-2.4241
77.43	-2.4243
77.44	-2.4244
77.45	-2.4245
77.46	-2.4245
77.46	-2.4245
77.47	-2.4246
77.48	-2.4245
77.49	-2.4247
77.50	-2.4248
77.51	-2.4248
77.51	-2.4249
77.52	-2.4249
77.53	-2.4248
77.54	-2.4248
77.55	-2.4249
77.56	-2.4250
77.57	-2.4250
77.58	-2.4250
77.58	-2.4251
77.59	-2.4252
77.60	-2.4252
77.61	-2.4252
77.62	-2.4254
77.63	-2.4255
77.63	-2.4256
77.64	-2.4257
77.64	-2.4258
77.65	-2.4261
77.66	-2.4261
77.67	-2.4263
77.68	-2.4262
77.69	-2.4262
77.70	-2.4262
77.71	-2.4263
77.72	-2.4264
77.73	-2.4265
77.73	-2.4266
77.74	-2.4268
77.75	-2.4268
77.75	-2.4269
77.76	-2.4271
77.77	-2.4272
77.78	-2.4271
77.78	-2.4272
77.79	-2.4272
77.80	-2.4273
77.81	-2.4273
77.82	-2.4273
77.83	-2.4274
77.84	-2.4275
77.84	-2.4275
77.85	-2.4276
77.86	-2.4276
77.87	-2.4278
77.88	-2.4278
77.89	-2.4278
77.89	-2.4278
77.90	-2.4278
77.91	-2.4278
77.92	-2.4279
77.93	-2.4279
77.94	-2.4280
77.95	-2.4280
77.95	-2.4282
77.96	-2.4283
77.97	-2.4285
77.98	-2.4286
77.99	-2.4286
78.00	-2.4287
78.00	-2.4288
78.01	-2.4289
78.02	-2.4290
78.03	-2.4291
78.04	-2.4291
78.05	-2.4291
78.05	-2.4292
78.06	-2.4294
78.07	-2.4295
78.08	-2.4295
78.08	-2.4294
78.09	-2.4296
78.10	-2.4297
78.11	-2.4297
78.12	-2.4299
78.13	-2.4300
78.14	-2.4299
78.14	-2.4300
78.15	-2.4300
78.17	-2.4301
78.17	-2.4302
78.18	-2.4302
78.19	-2.4304
78.20	-2.4307
78.20	-2.4307
78.21	-2.4310
78.22	-2.4312
78.23	-2.4313
78.24	-2.4314
78.25	-2.4313
78.25	-2.4315
78.26	-2.4317
78.27	-2.4319
78.28	-2.4319
78.28	-2.4322
78.30	-2.4322
78.30	-2.4324
78.31	-2.4325
78.32	-2.4327
78.33	-2.4328
78.34	-2.4329
78.34	-2.4330
78.35	-2.4331
78.36	-2.4331
78.37	-2.4331
78.38	-2.4331
78.39	-2.4330
78.39	-2.4331
78.40	-2.4331
78.41	-2.4331
78.42	-2.4331
78.43	-2.4328
78.44	-2.4328
78.45	-2.4327
78.45	-2.4327
78.46	-2.4327
78.47	-2.4327
78.48	-2.4327
78.49	-2.4327
78.49	-2.4327
78.50	-2.4330
78.51	-2.4330
78.52	-2.4331
78.53	-2.4333
78.54	-2.4335
78.55	-2.4336
78.55	-2.4337
78.56	-2.4339
78.57	-2.4342
78.58	-2.4342
78.59	-2.4343
78.59	-2.4343
78.60	-2.4344
78.61	-2.4345
78.62	-2.4346
78.63	-2.4348
78.64	-2.4349
78.64	-2.4351
78.65	-2.4352
78.66	-2.4353
78.67	-2.4355
78.67	-2.4355
78.68	-2.4357
78.69	-2.4359
78.70	-2.4361
78.71	-2.4362
78.72	-2.4363
78.73	-2.4364
78.73	-2.4364
78.74	-2.4367
78.75	-2.4367
78.76	-2.4368
78.77	-2.4372
78.78	-2.4373
78.78	-2.4376
78.79	-2.4377
78.80	-2.4378
78.81	-2.4380
78.81	-2.4381
78.82	-2.4380
78.83	-2.4383
78.84	-2.4384
78.85	-2.4383
78.86	-2.4385
78.87	-2.4384
78.88	-2.4385
78.88	-2.4387
78.89	-2.4389
78.90	-2.4391
78.91	-2.4391
78.92	-2.4392
78.93	-2.4392
78.93	-2.4392
78.94	-2.4391
78.95	-2.4392
78.96	-2.4391
78.97	-2.4391
78.98	-2.4390
78.98	-2.4390
78.99	-2.4392
79.00	-2.4393
79.01	-2.4392
79.02	-2.4393
79.03	-2.4391
79.03	-2.4391
79.04	-2.4392
79.05	-2.4392
79.06	-2.4393
79.07	-2.4395
79.08	-2.4394
79.08	-2.4396
79.09	-2.4395
79.09	-2.4395
79.11	-2.4396
79.11	-2.4396
79.12	-2.4399
79.13	-2.4399
79.14	-2.4401
79.15	-2.4402
79.16	-2.4403
79.17	-2.4405
79.17	-2.4406
79.18	-2.4406
79.19	-2.4407
79.20	-2.4408
79.21	-2.4410
79.22	-2.4410
79.23	-2.4411
79.23	-2.4411
79.24	-2.4410
79.25	-2.4410
79.26	-2.4412
79.27	-2.4413
79.28	-2.4414
79.28	-2.4415
79.29	-2.4415
79.30	-2.4415
79.31	-2.4416
79.32	-2.4418
79.33	-2.4419
79.33	-2.4421
79.34	-2.4423
79.35	-2.4423
79.36	-2.4423
79.37	-2.4424
79.38	-2.4425
79.38	-2.4425
79.39	-2.4426
79.40	-2.4427
79.40	-2.4427
79.41	-2.4428
79.42	-2.4428
79.43	-2.4429
79.44	-2.4430
79.45	-2.4430
79.46	-2.4433
79.47	-2.4433
79.47	-2.4430
79.48	-2.4431
79.49	-2.4432
79.50	-2.4432
79.51	-2.4432
79.52	-2.4434
79.53	-2.4436
79.53	-2.4436
79.53	-2.4437
79.54	-2.4438
79.55	-2.4438
79.56	-2.4438
79.57	-2.4440
79.58	-2.4440
79.59	-2.4439
79.59	-2.4439
79.61	-2.4439
79.62	-2.4440
79.63	-2.4439
79.64	-2.4439
79.64	-2.4440
79.64	-2.4440
79.65	-2.4442
79.67	-2.4443
79.67	-2.4443
79.68	-2.4445
79.69	-2.4446
79.70	-2.4446
79.70	-2.4447
79.71	-2.4449
79.72	-2.4449
79.73	-2.4450
79.74	-2.4452
79.75	-2.4455
79.75	-2.4457
79.76	-2.4457
79.78	-2.4457
79.78	-2.4459
79.79	-2.4461
79.80	-2.4461
79.81	-2.4462
79.82	-2.4462
79.82	-2.4463
79.83	-2.4464
79.83	-2.4465
79.84	-2.4466
79.85	-2.4467
79.87	-2.4468
79.88	-2.4469
79.88	-2.4469
79.89	-2.4471
79.90	-2.4473
79.91	-2.4474
79.92	-2.4475
79.92	-2.4475
79.93	-2.4475
79.94	-2.4476
79.95	-2.4476
79.95	-2.4478
79.97	-2.4478
79.97	-2.4478
79.98	-2.4478
79.99	-2.4481
80.00	-2.4482
80.00	-2.4482
80.01	-2.4482
80.03	-2.4482
80.03	-2.4482
80.04	-2.4483
80.05	-2.4483
80.06	-2.4484
80.07	-2.4485
80.07	-2.4485
80.08	-2.4487
80.09	-2.4487
80.10	-2.4487
80.11	-2.4488
80.12	-2.4488
80.13	-2.4489
80.13	-2.4491
80.14	-2.4492
80.14	-2.4492
80.15	-2.4494
80.16	-2.4495
80.17	-2.4494
80.18	-2.4495
80.19	-2.4495
80.20	-2.4496
80.21	-2.4497
80.21	-2.4498
80.22	-2.4500
80.23	-2.4500
80.24	-2.4500
80.25	-2.4501
80.25	-2.4501
80.26	-2.4502
80.27	-2.4502
80.28	-2.4505
80.29	-2.4505
80.30	-2.4505
80.31	-2.4506
80.32	-2.4507
80.32	-2.4507
80.33	-2.4508
80.33	-2.4507
80.35	-2.4507
80.36	-2.4507
80.36	-2.4507
80.38	-2.4508
80.38	-2.4507
80.39	-2.4507
80.40	-2.4509
80.41	-2.4509
80.42	-2.4510
80.42	-2.4511
80.43	-2.4511
80.44	-2.4513
80.44	-2.4515
80.45	-2.4516
80.47	-2.4517
80.48	-2.4519
80.48	-2.4520
80.49	-2.4522
80.50	-2.4523
80.50	-2.4524
80.51	-2.4525
80.53	-2.4525
80.53	-2.4526
80.54	-2.4527
80.55	-2.4528
80.55	-2.4527
80.56	-2.4529
80.58	-2.4529
80.58	-2.4530
80.59	-2.4532
80.59	-2.4532
80.60	-2.4531
80.61	-2.4532
80.62	-2.4532
80.63	-2.4532
80.64	-2.4531
80.65	-2.4531
80.65	-2.4531
80.66	-2.4531
80.67	-2.4533
80.68	-2.4532
80.69	-2.4534
80.70	-2.4534
80.71	-2.4534
80.71	-2.4535
80.72	-2.4535
80.73	-2.4535
80.74	-2.4537
80.75	-2.4536
80.75	-2.4537
80.76	-2.4537
80.77	-2.4539
80.78	-2.4539
80.79	-2.4540
80.79	-2.4542
80.80	-2.4544
80.81	-2.4544
80.83	-2.4546
80.83	-2.4546
80.84	-2.4546
80.85	-2.4549
80.85	-2.4552
80.86	-2.4553
80.87	-2.4554
80.88	-2.4556
80.89	-2.4557
80.90	-2.4557
80.91	-2.4556
80.92	-2.4557
80.92	-2.4557
80.93	-2.4558
80.94	-2.4559
80.95	-2.4560
80.96	-2.4560
80.97	-2.4560
80.98	-2.4562
80.98	-2.4562
80.99	-2.4564
80.99	-2.4564
81.00	-2.4563
81.02	-2.4563
81.02	-2.4563
81.03	-2.4564
81.04	-2.4565
81.05	-2.4565
81.06	-2.4565
81.07	-2.4566
81.08	-2.4569
81.08	-2.4570
81.09	-2.4569
81.10	-2.4569
81.11	-2.4568
81.12	-2.4569
81.12	-2.4571
81.13	-2.4571
81.14	-2.4571
81.15	-2.4572
81.16	-2.4573
81.17	-2.4573
81.17	-2.4574
81.18	-2.4575
81.19	-2.4575
81.20	-2.4576
81.21	-2.4578
81.22	-2.4579
81.22	-2.4580
81.23	-2.4581
81.24	-2.4582
81.25	-2.4583
81.26	-2.4584
81.26	-2.4584
81.27	-2.4586
81.28	-2.4587
81.29	-2.4588
81.30	-2.4590
81.31	-2.4591
81.32	-2.4592
81.33	-2.4593
81.33	-2.4595
81.34	-2.4594
81.34	-2.4598
81.35	-2.4598
81.36	-2.4598
81.37	-2.4599
81.38	-2.4599
81.39	-2.4600
81.39	-2.4601
81.40	-2.4602
81.41	-2.4603
81.42	-2.4604
81.43	-2.4605
81.44	-2.4606
81.45	-2.4606
81.45	-2.4607
81.46	-2.4608
81.47	-2.4609
81.48	-2.4610
81.48	-2.4610
81.50	-2.4611
81.50	-2.4611
81.51	-2.4613
81.52	-2.4614
81.53	-2.4615
81.54	-2.4617
81.55	-2.4616
81.55	-2.4616
81.56	-2.4616
81.57	-2.4617
81.58	-2.4617
81.59	-2.4618
81.59	-2.4618
81.61	-2.4619
81.61	-2.4621
81.62	-2.4620
81.63	-2.4621
81.64	-2.4621
81.64	-2.4622
81.65	-2.4624
81.66	-2.4624
81.67	-2.4625
81.68	-2.4625
81.69	-2.4625
81.69	-2.4627
81.70	-2.4628
81.72	-2.4629
81.72	-2.4630
81.73	-2.4629
81.74	-2.4630
81.75	-2.4631
81.76	-2.4631
81.76	-2.4632
81.77	-2.4633
81.78	-2.4634
81.79	-2.4635
81.80	-2.4636
81.80	-2.4636
81.81	-2.4638
81.82	-2.4638
81.83	-2.4640
81.84	-2.4640
81.85	-2.4641
81.86	-2.4641
81.87	-2.4641
81.87	-2.4643
81.88	-2.4643
81.89	-2.4645
81.90	-2.4645
81.91	-2.4646
81.91	-2.4647
81.92	-2.4648
81.93	-2.4649
81.94	-2.4651
81.95	-2.4651
81.95	-2.4650
81.96	-2.4653
81.98	-2.4654
81.98	-2.4655
81.99	-2.4654
82.00	-2.4655
82.00	-2.4657
82.01	-2.4658
82.03	-2.4658
82.03	-2.4659
82.04	-2.4660
82.05	-2.4660
82.06	-2.4661
82.06	-2.4662
82.07	-2.4663
82.08	-2.4662
82.09	-2.4662
82.10	-2.4663
82.11	-2.4663
82.12	-2.4665
82.13	-2.4666
82.13	-2.4667
82.14	-2.4669
82.14	-2.4670
82.16	-2.4672
82.17	-2.4673
82.17	-2.4673
82.18	-2.4674
82.19	-2.4675
82.20	-2.4674
82.20	-2.4674
82.21	-2.4675
82.22	-2.4677
82.23	-2.4678
82.24	-2.4679
82.25	-2.4680
82.25	-2.4680
82.26	-2.4680
82.27	-2.4681
82.28	-2.4682
82.28	-2.4683
82.30	-2.4684
82.30	-2.4685
82.31	-2.4686
82.33	-2.4687
82.33	-2.4688
82.33	-2.4689
82.34	-2.4689
82.35	-2.4690
82.36	-2.4692
82.37	-2.4691
82.38	-2.4692
82.39	-2.4694
82.39	-2.4693
82.40	-2.4692
82.41	-2.4693
82.42	-2.4694
82.43	-2.4694
82.44	-2.4694
82.45	-2.4694
82.45	-2.4695
82.46	-2.4697
82.47	-2.4696
82.48	-2.4699
82.49	-2.4700
82.50	-2.4702
82.50	-2.4703
82.51	-2.4704
82.52	-2.4706
82.53	-2.4705
82.54	-2.4708
82.55	-2.4708
82.55	-2.4711
82.56	-2.4711
82.57	-2.4712
82.58	-2.4714
82.58	-2.4715
82.59	-2.4716
82.61	-2.4717
82.62	-2.4717
82.63	-2.4719
82.63	-2.4720
82.64	-2.4720
82.64	-2.4721
82.65	-2.4721
82.67	-2.4721
82.67	-2.4721
82.68	-2.4721
82.69	-2.4721
82.70	-2.4722
82.70	-2.4721
82.71	-2.4721
82.72	-2.4721
82.73	-2.4721
82.74	-2.4722
82.75	-2.4722
82.76	-2.4724
82.76	-2.4725
82.77	-2.4725
82.78	-2.4725
82.79	-2.4727
82.80	-2.4728
82.80	-2.4729
82.81	-2.4730
82.82	-2.4730
82.83	-2.4729
82.84	-2.4732
82.85	-2.4733
82.86	-2.4734
82.86	-2.4733
82.87	-2.4735
82.88	-2.4736
82.89	-2.4737
82.90	-2.4739
82.91	-2.4739
82.92	-2.4741
82.92	-2.4741
82.93	-2.4742
82.94	-2.4742
82.95	-2.4743
82.96	-2.4743
82.97	-2.4744
82.98	-2.4744
82.98	-2.4744
82.99	-2.4745
83.00	-2.4747
83.00	-2.4747
83.01	-2.4748
83.03	-2.4749
83.03	-2.4751
83.04	-2.4752
83.05	-2.4754
83.05	-2.4754
83.06	-2.4755
83.08	-2.4756
83.08	-2.4756
83.09	-2.4758
83.09	-2.4760
83.10	-2.4759
83.12	-2.4760
83.12	-2.4761
83.13	-2.4761
83.14	-2.4762
83.14	-2.4763
83.15	-2.4763
83.16	-2.4764
83.17	-2.4763
83.18	-2.4765
83.19	-2.4766
83.20	-2.4767
83.21	-2.4767
83.21	-2.4766
83.22	-2.4767
83.23	-2.4768
83.24	-2.4769
83.25	-2.4769
83.26	-2.4771
83.26	-2.4771
83.27	-2.4773
83.28	-2.4774
83.29	-2.4775
83.30	-2.4776
83.30	-2.4777
83.31	-2.4778
83.32	-2.4778
83.33	-2.4779
83.34	-2.4779
83.34	-2.4780
83.35	-2.4781
83.36	-2.4782
83.37	-2.4782
83.38	-2.4783
83.39	-2.4783
83.39	-2.4785
83.41	-2.4786
83.42	-2.4787
83.42	-2.4787
83.43	-2.4789
83.44	-2.4792
83.45	-2.4792
83.45	-2.4794
83.46	-2.4795
83.47	-2.4796
83.48	-2.4797
83.49	-2.4798
83.50	-2.4799
83.51	-2.4799
83.52	-2.4799
83.52	-2.4800
83.53	-2.4802
83.54	-2.4803
83.55	-2.4804
83.56	-2.4805
83.56	-2.4805
83.57	-2.4806
83.58	-2.4807
83.59	-2.4807
83.59	-2.4808
83.60	-2.4808
83.62	-2.4807
83.63	-2.4807
83.63	-2.4807
83.64	-2.4807
83.65	-2.4808
83.66	-2.4808
83.67	-2.4809
83.67	-2.4810
83.68	-2.4811
83.69	-2.4813
83.70	-2.4813
83.70	-2.4814
83.72	-2.4815
83.73	-2.4814
83.73	-2.4814
83.74	-2.4814
83.75	-2.4816
83.75	-2.4817
83.76	-2.4818
83.78	-2.4818
83.78	-2.4820
83.79	-2.4821
83.80	-2.4821
83.81	-2.4822
83.82	-2.4825
83.83	-2.4826
83.84	-2.4828
83.84	-2.4829
83.84	-2.4829
83.86	-2.4829
83.86	-2.4831
83.87	-2.4831
83.88	-2.4831
83.89	-2.4831
83.89	-2.4830
83.91	-2.4832
83.92	-2.4832
83.92	-2.4833
83.93	-2.4832
83.94	-2.4833
83.95	-2.4834
83.95	-2.4837
83.97	-2.4837
83.98	-2.4837
83.98	-2.4839
83.99	-2.4840
84.00	-2.4839
84.00	-2.4841
84.01	-2.4841
84.02	-2.4840
84.03	-2.4841
84.04	-2.4842
84.05	-2.4841
84.05	-2.4842
84.06	-2.4842
84.07	-2.4842
84.08	-2.4842
84.09	-2.4845
84.09	-2.4844
84.10	-2.4846
84.12	-2.4845
84.12	-2.4846
84.13	-2.4847
84.14	-2.4848
84.14	-2.4849
84.15	-2.4850
84.16	-2.4852
84.17	-2.4852
84.18	-2.4852
84.20	-2.4854
84.20	-2.4857
84.21	-2.4858
84.22	-2.4861
84.22	-2.4862
84.23	-2.4862
84.24	-2.4864
84.25	-2.4865
84.25	-2.4867
84.27	-2.4867
84.27	-2.4868
84.28	-2.4867
84.29	-2.4868
84.29	-2.4871
84.31	-2.4870
84.32	-2.4871
84.33	-2.4872
84.33	-2.4873
84.34	-2.4875
84.35	-2.4874
84.35	-2.4875
84.36	-2.4874
84.37	-2.4875
84.38	-2.4875
84.39	-2.4876
84.39	-2.4878
84.41	-2.4878
84.41	-2.4878
84.42	-2.4879
84.43	-2.4880
84.44	-2.4881
84.45	-2.4882
84.45	-2.4882
84.47	-2.4885
84.48	-2.4885
84.48	-2.4885
84.49	-2.4886
84.50	-2.4885
84.51	-2.4888
84.52	-2.4888
84.53	-2.4889
84.54	-2.4890
84.54	-2.4890
84.55	-2.4891
84.55	-2.4892
84.57	-2.4892
84.58	-2.4894
84.58	-2.4895
84.59	-2.4895
84.60	-2.4895
84.61	-2.4895
84.62	-2.4897
84.63	-2.4898
84.63	-2.4899
84.64	-2.4899
84.65	-2.4901
84.66	-2.4901
84.67	-2.4902
84.67	-2.4902
84.68	-2.4902
84.69	-2.4903
84.70	-2.4903
84.70	-2.4905
84.72	-2.4905
84.73	-2.4906
84.73	-2.4908
84.74	-2.4910
84.75	-2.4912
84.75	-2.4914
84.76	-2.4914
84.78	-2.4916
84.78	-2.4918
84.79	-2.4919
84.80	-2.4920
84.81	-2.4920
84.82	-2.4921
84.82	-2.4921
84.84	-2.4920
84.84	-2.4920
84.85	-2.4923
84.86	-2.4924
84.87	-2.4925
84.88	-2.4924
84.88	-2.4925
84.89	-2.4926
84.89	-2.4926
84.90	-2.4928
84.91	-2.4928
84.92	-2.4928
84.93	-2.4928
84.94	-2.4929
84.95	-2.4929
84.95	-2.4931
84.96	-2.4933
84.98	-2.4934
84.98	-2.4935
84.99	-2.4937
85.00	-2.4937
85.00	-2.4938
85.01	-2.4939
85.02	-2.4939
85.03	-2.4941
85.04	-2.4941
85.05	-2.4943
85.06	-2.4943
85.07	-2.4944
85.08	-2.4944
85.08	-2.4946
85.09	-2.4946
85.09	-2.4946
85.10	-2.4946
85.12	-2.4947
85.13	-2.4947
85.13	-2.4948
85.14	-2.4950
85.14	-2.4950
85.15	-2.4952
85.16	-2.4952
85.17	-2.4954
85.18	-2.4954
85.19	-2.4955
85.20	-2.4955
85.20	-2.4958
85.21	-2.4958
85.22	-2.4960
85.23	-2.4960
85.24	-2.4960
85.25	-2.4961
85.26	-2.4962
85.27	-2.4964
85.27	-2.4964
85.28	-2.4965
85.29	-2.4966
85.30	-2.4967
85.31	-2.4966
85.32	-2.4966
85.33	-2.4968
85.33	-2.4969
85.34	-2.4969
85.34	-2.4970
85.35	-2.4969
85.37	-2.4969
85.38	-2.4967
85.38	-2.4968
85.39	-2.4967
85.39	-2.4968
85.40	-2.4969
85.41	-2.4970
85.42	-2.4971
85.43	-2.4973
85.44	-2.4974
85.45	-2.4975
85.46	-2.4975
85.47	-2.4975
85.48	-2.4976
85.49	-2.4978
85.49	-2.4978
85.50	-2.4980
85.50	-2.4980
85.51	-2.4982
85.53	-2.4982
85.53	-2.4983
85.55	-2.4984
85.55	-2.4985
85.56	-2.4986
85.57	-2.4987
85.58	-2.4988
85.58	-2.4989
85.59	-2.4989
85.60	-2.4989
85.61	-2.4991
85.62	-2.4993
85.63	-2.4993
85.63	-2.4994
85.64	-2.4995
85.65	-2.4996
85.66	-2.4997
85.67	-2.4998
85.67	-2.5000
85.68	-2.5001
85.69	-2.5003
85.70	-2.5003
85.71	-2.5004
85.72	-2.5006
85.73	-2.5006
85.73	-2.5006
85.74	-2.5007
85.75	-2.5008
85.76	-2.5008
85.77	-2.5008
85.77	-2.5010
85.78	-2.5011
85.79	-2.5010
85.80	-2.5012
85.80	-2.5015
85.81	-2.5015
85.83	-2.5016
85.83	-2.5018
85.84	-2.5018
85.84	-2.5020
85.85	-2.5022
85.86	-2.5022
85.87	-2.5022
85.88	-2.5020
85.89	-2.5021
85.90	-2.5022
85.91	-2.5022
85.92	-2.5022
85.92	-2.5021
85.93	-2.5022
85.94	-2.5023
85.95	-2.5023
85.96	-2.5023
85.96	-2.5024
85.97	-2.5025
85.98	-2.5026
85.99	-2.5026
86.00	-2.5028
86.00	-2.5029
86.01	-2.5030
86.03	-2.5032
86.03	-2.5035
86.04	-2.5036
86.05	-2.5036
86.05	-2.5038
86.06	-2.5038
86.08	-2.5039
86.08	-2.5040
86.09	-2.5040
86.09	-2.5042
86.10	-2.5041
86.11	-2.5043
86.12	-2.5044
86.13	-2.5045
86.14	-2.5046
86.14	-2.5046
86.15	-2.5048
86.17	-2.5048
86.18	-2.5047
86.18	-2.5048
86.19	-2.5049
86.20	-2.5050
86.21	-2.5052
86.21	-2.5053
86.22	-2.5054
86.23	-2.5055
86.24	-2.5055
86.25	-2.5055
86.26	-2.5057
86.27	-2.5057
86.27	-2.5058
86.28	-2.5058
86.29	-2.5059
86.30	-2.5060
86.31	-2.5061
86.32	-2.5061
86.32	-2.5064
86.33	-2.5063
86.34	-2.5064
86.34	-2.5065
86.36	-2.5064
86.37	-2.5065
86.37	-2.5066
86.38	-2.5067
86.39	-2.5067
86.40	-2.5068
86.41	-2.5069
86.42	-2.5069
86.42	-2.5070
86.43	-2.5072
86.44	-2.5072
86.45	-2.5073
86.46	-2.5075
86.47	-2.5078
86.48	-2.5078
86.48	-2.5077
86.49	-2.5078
86.50	-2.5078
86.51	-2.5077
86.52	-2.5078
86.53	-2.5079
86.53	-2.5080
86.55	-2.5081
86.55	-2.5082
86.56	-2.5083
86.56	-2.5085
86.57	-2.5086
86.58	-2.5087
86.59	-2.5088
86.60	-2.5088
86.61	-2.5090
86.61	-2.5091
86.62	-2.5093
86.63	-2.5093
86.64	-2.5094
86.65	-2.5095
86.65	-2.5095
86.66	-2.5096
86.67	-2.5095
86.68	-2.5095
86.68	-2.5097
86.70	-2.5097
86.70	-2.5097
86.71	-2.5098
86.72	-2.5099
86.73	-2.5099
86.74	-2.5099
86.75	-2.5101
86.75	-2.5102
86.76	-2.5103
86.77	-2.5103
86.78	-2.5105
86.79	-2.5106
86.80	-2.5106
86.80	-2.5108
86.81	-2.5109
86.82	-2.5109
86.83	-2.5110
86.84	-2.5110
86.84	-2.5112
86.85	-2.5113
86.86	-2.5114
86.88	-2.5116
86.88	-2.5116
86.89	-2.5117
86.89	-2.5118
86.91	-2.5117
86.91	-2.5118
86.92	-2.5118
86.93	-2.5118
86.94	-2.5120
86.95	-2.5119
86.95	-2.5119
86.96	-2.5120
86.97	-2.5122
86.98	-2.5123
86.99	-2.5123
87.00	-2.5126
87.01	-2.5127
87.01	-2.5128
87.02	-2.5127
87.03	-2.5127
87.04	-2.5128
87.05	-2.5129
87.05	-2.5129
87.06	-2.5131
87.07	-2.5130
87.08	-2.5131
87.09	-2.5131
87.09	-2.5131
87.10	-2.5132
87.11	-2.5133
87.12	-2.5132
87.13	-2.5134
87.14	-2.5134
87.14	-2.5135
87.16	-2.5137
87.17	-2.5138
87.17	-2.5139
87.18	-2.5140
87.19	-2.5141
87.20	-2.5141
87.20	-2.5140
87.21	-2.5143
87.22	-2.5144
87.23	-2.5143
87.24	-2.5144
87.25	-2.5146
87.25	-2.5148
87.26	-2.5150
87.28	-2.5150
87.28	-2.5152
87.29	-2.5153
87.30	-2.5153
87.31	-2.5154
87.32	-2.5154
87.32	-2.5154
87.33	-2.5155
87.34	-2.5156
87.34	-2.5157
87.36	-2.5157
87.37	-2.5159
87.37	-2.5161
87.38	-2.5161
87.39	-2.5162
87.39	-2.5163
87.40	-2.5164
87.41	-2.5163
87.42	-2.5164
87.43	-2.5164
87.44	-2.5164
87.45	-2.5164
87.45	-2.5165
87.46	-2.5166
87.47	-2.5165
87.48	-2.5166
87.49	-2.5167
87.50	-2.5168
87.50	-2.5167
87.51	-2.5168
87.53	-2.5171
87.53	-2.5171
87.54	-2.5172
87.55	-2.5172
87.56	-2.5174
87.57	-2.5176
87.57	-2.5177
87.58	-2.5178
87.59	-2.5179
87.59	-2.5180
87.60	-2.5181
87.61	-2.5181
87.62	-2.5183
87.63	-2.5185
87.64	-2.5185
87.64	-2.5186
87.65	-2.5188
87.67	-2.5189
87.67	-2.5189
87.67	-2.5189
87.68	-2.5191
87.69	-2.5192
87.70	-2.5191
87.71	-2.5192
87.72	-2.5193
87.73	-2.5193
87.73	-2.5193
87.74	-2.5194
87.75	-2.5196
87.77	-2.5195
87.77	-2.5196
87.78	-2.5198
87.79	-2.5198
87.80	-2.5198
87.80	-2.5197
87.81	-2.5198
87.82	-2.5200
87.83	-2.5200
87.84	-2.5200
87.84	-2.5202
87.85	-2.5203
87.86	-2.5204
87.87	-2.5206
87.88	-2.5207
87.89	-2.5208
87.89	-2.5210
87.90	-2.5211
87.91	-2.5212
87.92	-2.5213
87.93	-2.5213
87.94	-2.5215
87.95	-2.5215
87.95	-2.5215
87.96	-2.5216
87.97	-2.5217
87.98	-2.5218
87.99	-2.5218
88.00	-2.5219
88.00	-2.5222
88.01	-2.5224
88.02	-2.5225
88.03	-2.5225
88.04	-2.5225
88.05	-2.5225
88.05	-2.5225
88.07	-2.5225
88.07	-2.5226
88.08	-2.5227
88.08	-2.5227
88.09	-2.5228
88.10	-2.5228
88.11	-2.5229
88.12	-2.5230
88.13	-2.5229
88.13	-2.5230
88.14	-2.5230
88.15	-2.5231
88.16	-2.5231
88.17	-2.5234
88.18	-2.5235
88.19	-2.5237
88.20	-2.5237
88.20	-2.5238
88.21	-2.5238
88.22	-2.5240
88.23	-2.5240
88.24	-2.5241
88.25	-2.5241
88.25	-2.5242
88.26	-2.5244
88.27	-2.5245
88.28	-2.5246
88.29	-2.5246
88.30	-2.5247
88.30	-2.5246
88.31	-2.5247
88.33	-2.5248
88.33	-2.5249
88.34	-2.5251
88.34	-2.5252
88.35	-2.5253
88.36	-2.5255
88.37	-2.5257
88.38	-2.5260
88.39	-2.5262
88.40	-2.5263
88.41	-2.5265
88.42	-2.5266
88.42	-2.5266
88.43	-2.5267
88.44	-2.5268
88.44	-2.5268
88.45	-2.5267
88.46	-2.5268
88.47	-2.5270
88.48	-2.5270
88.48	-2.5270
88.49	-2.5272
88.50	-2.5273
88.51	-2.5274
88.52	-2.5275
88.53	-2.5276
88.54	-2.5277
88.55	-2.5276
88.55	-2.5277
88.56	-2.5276
88.57	-2.5276
88.58	-2.5277
88.59	-2.5279
88.59	-2.5280
88.60	-2.5280
88.61	-2.5280
88.62	-2.5282
88.63	-2.5282
88.63	-2.5282
88.64	-2.5283
88.65	-2.5283
88.66	-2.5284
88.67	-2.5284
88.67	-2.5284
88.69	-2.5285
88.70	-2.5285
88.70	-2.5287
88.71	-2.5288
88.72	-2.5289
88.73	-2.5290
88.74	-2.5291
88.75	-2.5290
88.75	-2.5293
88.76	-2.5293
88.77	-2.5293
88.78	-2.5294
88.78	-2.5294
88.79	-2.5294
88.80	-2.5295
88.81	-2.5296
88.82	-2.5295
88.83	-2.5296
88.84	-2.5297
88.85	-2.5298
88.85	-2.5299
88.86	-2.5300
88.87	-2.5300
88.88	-2.5301
88.89	-2.5303
88.89	-2.5304
88.90	-2.5305
88.91	-2.5305
88.92	-2.5308
88.93	-2.5310
88.94	-2.5312
88.95	-2.5314
88.95	-2.5314
88.96	-2.5316
88.97	-2.5319
88.98	-2.5322
88.99	-2.5323
89.00	-2.5324
89.00	-2.5326
89.01	-2.5328
89.02	-2.5328
89.03	-2.5329
89.03	-2.5330
89.05	-2.5330
89.05	-2.5331
89.06	-2.5331
89.07	-2.5329
89.08	-2.5329
89.09	-2.5328
89.09	-2.5327
89.10	-2.5326
89.11	-2.5327
89.12	-2.5326
89.13	-2.5326
89.14	-2.5327
89.14	-2.5326
89.15	-2.5327
89.16	-2.5327
89.17	-2.5327
89.17	-2.5326
89.19	-2.5328
89.19	-2.5328
89.20	-2.5329
89.21	-2.5330
89.22	-2.5332
89.23	-2.5334
89.23	-2.5334
89.24	-2.5337
89.25	-2.5340
89.26	-2.5342
89.27	-2.5344
89.28	-2.5346
89.29	-2.5347
89.30	-2.5347
89.30	-2.5349
89.31	-2.5350
89.32	-2.5350
89.33	-2.5352
89.33	-2.5354
89.34	-2.5354
89.35	-2.5354
89.36	-2.5355
89.37	-2.5357
89.38	-2.5357
89.38	-2.5359
89.39	-2.5360
89.40	-2.5362
89.40	-2.5362
89.42	-2.5364
89.42	-2.5365
89.43	-2.5366
89.44	-2.5368
89.45	-2.5369
89.46	-2.5371
89.46	-2.5372
89.47	-2.5374
89.48	-2.5375
89.49	-2.5378
89.49	-2.5378
89.50	-2.5382
89.52	-2.5383
89.53	-2.5384
89.53	-2.5386
89.54	-2.5387
89.55	-2.5388
89.56	-2.5390
89.57	-2.5390
89.57	-2.5392
89.58	-2.5393
89.59	-2.5394
89.60	-2.5395
89.61	-2.5396
89.62	-2.5399
89.62	-2.5398
89.63	-2.5398
89.64	-2.5398
89.65	-2.5399
89.66	-2.5398
89.67	-2.5398
89.67	-2.5399
89.68	-2.5399
89.69	-2.5397
89.70	-2.5397
89.70	-2.5397
89.71	-2.5398
89.72	-2.5397
89.73	-2.5398
89.73	-2.5399
89.75	-2.5400
89.76	-2.5400
89.77	-2.5401
89.77	-2.5403
89.78	-2.5404
89.79	-2.5405
89.80	-2.5406
89.80	-2.5407
89.81	-2.5408
89.83	-2.5409
89.83	-2.5411
89.84	-2.5411
89.85	-2.5413
89.85	-2.5413
89.87	-2.5412
89.87	-2.5413
89.88	-2.5414
89.89	-2.5414
89.89	-2.5414
89.91	-2.5414
89.91	-2.5413
89.92	-2.5413
89.93	-2.5414
89.94	-2.5416
89.95	-2.5415
89.96	-2.5416
89.97	-2.5418
89.98	-2.5417
89.98	-2.5418
89.99	-2.5420
90.00	-2.5421
90.01	-2.5423
90.02	-2.5423
90.03	-2.5424
90.03	-2.5425
90.04	-2.5425
90.05	-2.5425
90.06	-2.5426
90.07	-2.5427
90.08	-2.5428
90.08	-2.5429
90.09	-2.5431
90.10	-2.5431
90.11	-2.5432
90.12	-2.5432
90.13	-2.5434
90.13	-2.5434
90.14	-2.5435
90.15	-2.5434
90.16	-2.5434
90.17	-2.5435
90.17	-2.5435
90.18	-2.5435
90.19	-2.5435
90.20	-2.5436
90.20	-2.5438
90.22	-2.5438
90.23	-2.5440
90.23	-2.5441
90.24	-2.5442
90.25	-2.5443
90.25	-2.5443
90.26	-2.5444
90.27	-2.5446
90.28	-2.5446
90.29	-2.5445
90.30	-2.5447
90.30	-2.5446
90.31	-2.5447
90.33	-2.5448
90.33	-2.5449
90.34	-2.5449
90.34	-2.5449
90.35	-2.5451
90.36	-2.5452
90.37	-2.5453
90.38	-2.5454
90.38	-2.5454
90.39	-2.5455
90.40	-2.5456
90.41	-2.5456
90.42	-2.5457
90.43	-2.5459
90.44	-2.5459
90.44	-2.5460
90.45	-2.5463
