6.00	-3.9786
6.00	-3.9802
6.00	-3.9856
6.00	-3.9942
6.00	-4.0045
6.00	-4.0157
6.00	-4.0268
6.00	-4.0371
6.01	-4.0462
6.01	-4.0542
6.02	-4.0606
6.02	-4.0653
6.02	-4.0690
6.02	-4.0710
6.02	-4.0721
6.03	-4.0718
6.03	-4.0705
6.03	-4.0683
6.04	-4.0651
6.04	-4.0611
6.05	-4.0565
6.05	-4.0512
6.06	-4.0452
6.07	-4.0385
6.07	-4.0310
6.08	-4.0228
6.08	-4.0139
6.08	-4.0046
6.09	-3.9945
6.10	-3.9840
6.11	-3.9729
6.12	-3.9617
6.12	-3.9498
6.13	-3.9374
6.14	-3.9248
6.14	-3.9116
6.15	-3.8984
6.15	-3.8849
6.17	-3.8711
6.17	-3.8571
6.18	-3.8431
6.19	-3.8289
6.20	-3.8147
6.20	-3.8003
6.21	-3.7859
6.22	-3.7716
6.22	-3.7575
6.23	-3.7433
6.24	-3.7293
6.25	-3.7153
6.26	-3.7017
6.26	-3.6882
6.28	-3.6750
6.28	-3.6620
6.29	-3.6492
6.29	-3.6368
6.30	-3.6246
6.31	-3.6128
6.32	-3.6015
6.33	-3.5903
6.33	-3.5794
6.34	-3.5688
6.35	-3.5588
6.36	-3.5490
6.37	-3.5397
6.38	-3.5306
6.38	-3.5220
6.39	-3.5137
6.39	-3.5059
6.40	-3.4985
6.41	-3.4913
6.42	-3.4846
6.43	-3.4781
6.44	-3.4721
6.45	-3.4664
6.45	-3.4609
6.46	-3.4557
6.47	-3.4509
6.48	-3.4463
6.48	-3.4419
6.49	-3.4379
6.50	-3.4341
6.51	-3.4307
6.51	-3.4275
6.52	-3.4245
6.53	-3.4217
6.54	-3.4192
6.54	-3.4169
6.55	-3.4148
6.56	-3.4127
6.57	-3.4110
6.58	-3.4095
6.59	-3.4081
6.59	-3.4069
6.60	-3.4058
6.61	-3.4049
6.62	-3.4042
6.63	-3.4035
6.64	-3.4030
6.65	-3.4026
6.65	-3.4021
6.66	-3.4020
6.67	-3.4018
6.67	-3.4018
6.68	-3.4020
6.70	-3.4023
6.71	-3.4026
6.71	-3.4030
6.72	-3.4034
6.73	-3.4037
6.73	-3.4041
6.75	-3.4047
6.75	-3.4053
6.76	-3.4059
6.77	-3.4063
6.78	-3.4069
6.78	-3.4076
6.79	-3.4082
6.80	-3.4088
6.81	-3.4094
6.81	-3.4102
6.83	-3.4108
6.83	-3.4117
6.83	-3.4122
6.84	-3.4128
6.85	-3.4134
6.86	-3.4140
6.88	-3.4147
6.89	-3.4154
6.90	-3.4160
6.90	-3.4168
6.91	-3.4174
6.92	-3.4181
6.92	-3.4186
6.93	-3.4192
6.94	-3.4197
6.95	-3.4203
6.96	-3.4208
6.97	-3.4213
6.98	-3.4218
6.98	-3.4223
6.99	-3.4226
7.00	-3.4230
7.01	-3.4234
7.02	-3.4238
7.03	-3.4241
7.03	-3.4244
7.04	-3.4248
7.04	-3.4252
7.05	-3.4255
7.06	-3.4258
7.07	-3.4262
7.08	-3.4265
7.09	-3.4266
7.10	-3.4268
7.11	-3.4270
7.12	-3.4271
7.12	-3.4273
7.13	-3.4275
7.14	-3.4276
7.15	-3.4276
7.15	-3.4276
7.16	-3.4277
7.17	-3.4278
7.18	-3.4277
7.19	-3.4277
7.20	-3.4276
7.20	-3.4276
7.21	-3.4274
7.22	-3.4274
7.23	-3.4272
7.24	-3.4270
7.25	-3.4269
7.26	-3.4268
7.27	-3.4265
7.27	-3.4263
7.28	-3.4260
7.29	-3.4258
7.30	-3.4254
7.31	-3.4251
7.31	-3.4248
7.32	-3.4244
7.33	-3.4242
7.34	-3.4239
7.34	-3.4234
7.35	-3.4229
7.36	-3.4223
7.37	-3.4219
7.38	-3.4215
7.38	-3.4210
7.39	-3.4207
7.40	-3.4201
7.41	-3.4197
7.42	-3.4192
7.43	-3.4189
7.43	-3.4183
7.44	-3.4177
7.45	-3.4171
7.45	-3.4163
7.46	-3.4157
7.47	-3.4150
7.48	-3.4143
7.49	-3.4137
7.50	-3.4129
7.51	-3.4121
7.52	-3.4113
7.53	-3.4104
7.53	-3.4097
7.54	-3.4088
7.55	-3.4080
7.56	-3.4071
7.57	-3.4061
7.57	-3.4052
7.58	-3.4043
7.59	-3.4035
7.60	-3.4025
7.61	-3.4015
7.62	-3.4005
7.63	-3.3995
7.62	-3.3985
7.62	-3.3975
7.65	-3.3965
7.66	-3.3956
7.67	-3.3945
7.68	-3.3934
7.69	-3.3923
7.69	-3.3912
7.70	-3.3901
7.71	-3.3891
7.72	-3.3881
7.73	-3.3870
7.73	-3.3857
7.75	-3.3846
7.75	-3.3836
7.76	-3.3825
7.77	-3.3815
7.78	-3.3805
7.78	-3.3794
7.79	-3.3783
7.80	-3.3773
7.81	-3.3762
7.82	-3.3752
7.83	-3.3742
7.83	-3.3733
7.84	-3.3724
7.85	-3.3712
7.86	-3.3702
7.86	-3.3693
7.88	-3.3685
7.88	-3.3675
7.89	-3.3666
7.90	-3.3656
7.91	-3.3646
7.91	-3.3636
7.92	-3.3628
7.93	-3.3617
7.94	-3.3608
7.95	-3.3599
7.95	-3.3592
7.96	-3.3583
7.97	-3.3574
7.98	-3.3565
7.99	-3.3556
8.00	-3.3547
8.01	-3.3537
8.01	-3.3528
8.02	-3.3520
8.03	-3.3511
8.04	-3.3502
8.04	-3.3494
8.05	-3.3485
8.06	-3.3476
8.07	-3.3467
8.08	-3.3460
8.09	-3.3453
8.10	-3.3446
8.10	-3.3439
8.11	-3.3433
8.12	-3.3425
8.13	-3.3417
8.14	-3.3411
8.14	-3.3404
8.15	-3.3397
8.16	-3.3389
8.17	-3.3381
8.18	-3.3374
8.19	-3.3365
8.20	-3.3357
8.21	-3.3349
8.21	-3.3341
8.22	-3.3333
8.23	-3.3325
8.24	-3.3317
8.25	-3.3309
8.26	-3.3300
8.27	-3.3292
8.28	-3.3283
8.28	-3.3275
8.29	-3.3266
8.29	-3.3258
8.30	-3.3249
8.31	-3.3241
8.32	-3.3233
8.32	-3.3224
8.33	-3.3216
8.34	-3.3208
8.35	-3.3201
8.36	-3.3193
8.37	-3.3185
8.38	-3.3176
8.38	-3.3168
8.39	-3.3159
8.40	-3.3152
8.41	-3.3144
8.42	-3.3134
8.43	-3.3127
8.44	-3.3119
8.45	-3.3110
8.45	-3.3102
8.46	-3.3093
8.47	-3.3085
8.47	-3.3077
8.49	-3.3069
8.50	-3.3062
8.50	-3.3054
8.51	-3.3047
8.52	-3.3039
8.53	-3.3030
8.53	-3.3022
8.54	-3.3014
8.55	-3.3006
8.56	-3.2998
8.57	-3.2991
8.58	-3.2984
8.58	-3.2977
8.59	-3.2969
8.60	-3.2962
8.61	-3.2954
8.62	-3.2947
8.63	-3.2940
8.63	-3.2934
8.64	-3.2929
8.65	-3.2922
8.66	-3.2916
8.67	-3.2909
8.68	-3.2904
8.68	-3.2897
8.69	-3.2890
8.70	-3.2884
8.71	-3.2875
8.72	-3.2870
8.72	-3.2863
8.73	-3.2858
8.74	-3.2852
8.75	-3.2846
8.76	-3.2840
8.77	-3.2834
8.78	-3.2828
8.79	-3.2822
8.79	-3.2815
8.80	-3.2811
8.80	-3.2806
8.82	-3.2803
8.82	-3.2796
8.83	-3.2792
8.84	-3.2787
8.85	-3.2781
8.86	-3.2776
8.86	-3.2770
8.88	-3.2764
8.88	-3.2759
8.89	-3.2753
8.89	-3.2747
8.91	-3.2741
8.92	-3.2734
8.93	-3.2727
8.94	-3.2720
8.95	-3.2713
8.95	-3.2708
8.96	-3.2702
8.97	-3.2697
8.97	-3.2690
8.98	-3.2683
9.00	-3.2676
9.00	-3.2668
9.01	-3.2661
9.02	-3.2654
9.03	-3.2646
9.03	-3.2640
9.04	-3.2634
9.05	-3.2627
9.06	-3.2621
9.07	-3.2614
9.07	-3.2607
9.08	-3.2601
9.09	-3.2595
9.10	-3.2588
9.11	-3.2581
9.12	-3.2574
9.13	-3.2568
9.13	-3.2562
9.14	-3.2555
9.15	-3.2548
9.16	-3.2542
9.17	-3.2536
9.17	-3.2531
9.18	-3.2524
9.19	-3.2519
9.20	-3.2513
9.20	-3.2508
9.21	-3.2502
9.22	-3.2496
9.22	-3.2490
9.23	-3.2485
9.25	-3.2479
9.25	-3.2474
9.26	-3.2468
9.27	-3.2463
9.28	-3.2456
9.29	-3.2451
9.29	-3.2445
9.30	-3.2440
9.31	-3.2435
9.32	-3.2430
9.33	-3.2424
9.33	-3.2419
9.34	-3.2414
9.35	-3.2410
9.36	-3.2406
9.37	-3.2402
9.38	-3.2397
9.39	-3.2392
9.39	-3.2388
9.40	-3.2384
9.41	-3.2379
9.42	-3.2375
9.43	-3.2372
9.43	-3.2368
9.44	-3.2364
9.45	-3.2360
9.46	-3.2355
9.47	-3.2353
9.47	-3.2347
9.48	-3.2344
9.49	-3.2340
9.50	-3.2338
9.51	-3.2336
9.52	-3.2334
9.52	-3.2333
9.53	-3.2331
9.54	-3.2329
9.55	-3.2327
9.56	-3.2325
9.57	-3.2323
9.58	-3.2320
9.58	-3.2316
9.59	-3.2312
9.60	-3.2307
9.61	-3.2304
9.62	-3.2300
9.63	-3.2297
9.63	-3.2293
9.64	-3.2289
9.65	-3.2285
9.66	-3.2281
9.67	-3.2278
9.68	-3.2275
9.68	-3.2272
9.69	-3.2270
9.70	-3.2267
9.71	-3.2262
9.72	-3.2258
9.72	-3.2254
9.73	-3.2250
9.74	-3.2246
9.75	-3.2242
9.76	-3.2238
9.77	-3.2235
9.78	-3.2231
9.78	-3.2227
9.79	-3.2224
9.80	-3.2222
9.81	-3.2218
9.82	-3.2216
9.83	-3.2212
9.83	-3.2209
9.84	-3.2207
9.85	-3.2204
9.86	-3.2201
9.87	-3.2198
9.88	-3.2195
9.88	-3.2192
9.89	-3.2189
9.90	-3.2187
9.91	-3.2184
9.92	-3.2181
9.93	-3.2178
9.94	-3.2177
9.95	-3.2173
9.95	-3.2170
9.96	-3.2168
9.97	-3.2166
9.97	-3.2163
9.98	-3.2161
9.99	-3.2159
10.00	-3.2157
10.00	-3.2156
10.01	-3.2154
10.03	-3.2153
10.04	-3.2150
10.05	-3.2148
10.05	-3.2145
10.06	-3.2143
10.07	-3.2141
10.08	-3.2140
10.08	-3.2137
10.09	-3.2136
10.10	-3.2135
10.10	-3.2133
10.11	-3.2131
10.12	-3.2129
10.13	-3.2128
10.14	-3.2127
10.14	-3.2126
10.15	-3.2124
10.16	-3.2123
10.17	-3.2121
10.18	-3.2121
10.19	-3.2119
10.20	-3.2118
10.21	-3.2116
10.21	-3.2115
10.22	-3.2115
10.23	-3.2114
10.23	-3.2114
10.24	-3.2113
10.25	-3.2113
10.26	-3.2112
10.27	-3.2111
10.28	-3.2110
10.29	-3.2109
10.29	-3.2108
10.30	-3.2106
10.31	-3.2106
10.32	-3.2105
10.33	-3.2103
10.34	-3.2100
10.35	-3.2099
10.35	-3.2097
10.36	-3.2094
10.37	-3.2092
10.38	-3.2091
10.38	-3.2088
10.39	-3.2087
10.40	-3.2084
10.41	-3.2082
10.42	-3.2080
10.43	-3.2077
10.44	-3.2075
10.45	-3.2072
10.45	-3.2070
10.46	-3.2067
10.47	-3.2064
10.48	-3.2062
10.48	-3.2059
10.50	-3.2056
10.51	-3.2053
10.51	-3.2050
10.52	-3.2048
10.53	-3.2045
10.54	-3.2043
10.55	-3.2040
10.55	-3.2038
10.56	-3.2035
10.58	-3.2032
10.58	-3.2030
10.59	-3.2027
10.60	-3.2024
10.61	-3.2023
10.62	-3.2020
10.63	-3.2017
10.63	-3.2015
10.64	-3.2013
10.65	-3.2011
10.66	-3.2009
10.67	-3.2007
10.68	-3.2004
10.68	-3.2001
10.69	-3.1999
10.70	-3.1998
10.70	-3.1996
10.71	-3.1992
10.72	-3.1992
10.73	-3.1989
10.74	-3.1988
10.75	-3.1987
10.75	-3.1984
10.76	-3.1982
10.77	-3.1982
10.78	-3.1980
10.79	-3.1977
10.80	-3.1976
10.80	-3.1974
10.81	-3.1974
10.82	-3.1972
10.83	-3.1971
10.84	-3.1970
10.85	-3.1969
10.86	-3.1967
10.87	-3.1965
10.87	-3.1963
10.88	-3.1962
10.89	-3.1961
10.90	-3.1959
10.90	-3.1957
10.91	-3.1955
10.92	-3.1953
10.93	-3.1952
10.94	-3.1952
10.94	-3.1953
10.95	-3.1953
10.96	-3.1954
10.97	-3.1953
10.98	-3.1952
10.98	-3.1950
10.99	-3.1950
11.00	-3.1949
11.01	-3.1947
11.02	-3.1946
11.03	-3.1944
11.03	-3.1942
11.04	-3.1939
11.05	-3.1937
11.05	-3.1934
11.06	-3.1932
11.08	-3.1930
11.08	-3.1927
11.10	-3.1925
11.10	-3.1923
11.11	-3.1922
11.12	-3.1920
11.13	-3.1917
11.13	-3.1915
11.14	-3.1912
11.15	-3.1911
11.15	-3.1909
11.17	-3.1906
11.18	-3.1904
11.18	-3.1901
11.20	-3.1898
11.20	-3.1897
11.20	-3.1894
11.21	-3.1891
11.23	-3.1890
11.23	-3.1886
11.25	-3.1884
11.25	-3.1881
11.26	-3.1878
11.27	-3.1875
11.28	-3.1873
11.28	-3.1870
11.29	-3.1867
11.30	-3.1864
11.31	-3.1861
11.32	-3.1859
11.33	-3.1856
11.34	-3.1853
11.35	-3.1851
11.35	-3.1847
11.36	-3.1842
11.37	-3.1840
11.38	-3.1838
11.38	-3.1837
11.39	-3.1834
11.40	-3.1832
11.41	-3.1830
11.42	-3.1828
11.43	-3.1825
11.43	-3.1823
11.44	-3.1822
11.45	-3.1819
11.46	-3.1818
11.47	-3.1817
11.48	-3.1816
11.49	-3.1814
11.50	-3.1813
11.50	-3.1811
11.51	-3.1810
11.52	-3.1808
11.53	-3.1807
11.53	-3.1805
11.54	-3.1804
11.55	-3.1803
11.56	-3.1801
11.57	-3.1800
11.58	-3.1798
11.59	-3.1796
11.60	-3.1795
11.60	-3.1794
11.60	-3.1794
11.61	-3.1792
11.62	-3.1790
11.63	-3.1788
11.65	-3.1788
11.65	-3.1788
11.66	-3.1789
11.66	-3.1789
11.68	-3.1790
11.68	-3.1791
11.69	-3.1792
11.70	-3.1791
11.70	-3.1791
11.71	-3.1791
11.73	-3.1790
11.74	-3.1789
11.75	-3.1787
11.75	-3.1785
11.76	-3.1783
11.77	-3.1782
11.78	-3.1780
11.78	-3.1777
11.79	-3.1777
11.80	-3.1774
11.81	-3.1772
11.82	-3.1771
11.83	-3.1770
11.83	-3.1767
11.84	-3.1764
11.85	-3.1761
11.85	-3.1760
11.86	-3.1758
11.87	-3.1756
11.88	-3.1752
11.89	-3.1749
11.90	-3.1747
11.91	-3.1746
11.92	-3.1742
11.92	-3.1741
11.93	-3.1737
11.94	-3.1735
11.94	-3.1732
11.96	-3.1729
11.97	-3.1727
11.97	-3.1724
11.98	-3.1720
11.99	-3.1717
12.00	-3.1713
12.00	-3.1711
12.01	-3.1708
12.02	-3.1705
12.03	-3.1703
12.04	-3.1700
12.04	-3.1698
12.05	-3.1697
12.07	-3.1696
12.07	-3.1693
12.08	-3.1692
12.09	-3.1690
12.10	-3.1688
12.10	-3.1685
12.11	-3.1682
12.12	-3.1678
12.13	-3.1677
12.14	-3.1674
12.15	-3.1672
12.15	-3.1670
12.17	-3.1667
12.17	-3.1665
12.18	-3.1664
12.19	-3.1662
12.20	-3.1660
12.20	-3.1659
12.21	-3.1658
12.22	-3.1657
12.23	-3.1656
12.24	-3.1654
12.25	-3.1653
12.25	-3.1652
12.26	-3.1649
12.28	-3.1649
12.28	-3.1648
12.28	-3.1646
12.29	-3.1645
12.30	-3.1643
12.31	-3.1643
12.32	-3.1641
12.33	-3.1640
12.33	-3.1639
12.34	-3.1640
12.35	-3.1639
12.36	-3.1637
12.37	-3.1636
12.38	-3.1636
12.39	-3.1636
12.40	-3.1635
12.41	-3.1634
12.41	-3.1634
12.42	-3.1633
12.43	-3.1632
12.44	-3.1630
12.46	-3.1628
12.46	-3.1626
12.47	-3.1625
12.48	-3.1623
12.48	-3.1620
12.48	-3.1618
12.49	-3.1615
12.50	-3.1614
12.51	-3.1612
12.52	-3.1610
12.53	-3.1607
12.54	-3.1605
12.55	-3.1602
12.56	-3.1600
12.56	-3.1598
12.57	-3.1596
12.58	-3.1592
12.59	-3.1589
12.60	-3.1587
12.60	-3.1585
12.61	-3.1582
12.62	-3.1579
12.63	-3.1577
12.63	-3.1574
12.65	-3.1571
12.65	-3.1569
12.66	-3.1566
12.67	-3.1562
12.68	-3.1558
12.69	-3.1556
12.69	-3.1554
12.70	-3.1550
12.72	-3.1547
12.73	-3.1544
12.73	-3.1542
12.74	-3.1538
12.75	-3.1537
12.75	-3.1533
12.76	-3.1531
12.77	-3.1528
12.78	-3.1525
12.78	-3.1523
12.79	-3.1521
12.80	-3.1519
12.81	-3.1518
12.82	-3.1515
12.83	-3.1513
12.83	-3.1511
12.84	-3.1509
12.85	-3.1508
12.86	-3.1505
12.86	-3.1503
12.87	-3.1501
12.88	-3.1500
12.89	-3.1498
12.90	-3.1496
12.91	-3.1494
12.92	-3.1491
12.93	-3.1489
12.93	-3.1488
12.94	-3.1487
12.95	-3.1483
12.96	-3.1483
12.97	-3.1482
12.98	-3.1481
12.98	-3.1480
12.99	-3.1479
13.00	-3.1477
13.00	-3.1476
13.01	-3.1475
13.02	-3.1474
13.03	-3.1472
13.04	-3.1471
13.05	-3.1469
13.06	-3.1467
13.07	-3.1465
13.08	-3.1463
13.08	-3.1462
13.09	-3.1461
13.10	-3.1460
13.11	-3.1461
13.12	-3.1461
13.13	-3.1461
13.13	-3.1460
13.14	-3.1458
13.15	-3.1458
13.16	-3.1456
13.16	-3.1456
13.17	-3.1454
13.18	-3.1451
13.19	-3.1450
13.20	-3.1448
13.21	-3.1446
13.22	-3.1444
13.23	-3.1442
13.24	-3.1440
13.24	-3.1438
13.25	-3.1435
13.26	-3.1433
13.26	-3.1430
13.27	-3.1428
13.28	-3.1426
13.30	-3.1424
13.30	-3.1422
13.31	-3.1420
13.32	-3.1417
13.33	-3.1415
13.34	-3.1413
13.34	-3.1410
13.35	-3.1407
13.36	-3.1404
13.37	-3.1401
13.38	-3.1400
13.38	-3.1397
13.39	-3.1394
13.40	-3.1391
13.41	-3.1389
13.42	-3.1386
13.43	-3.1382
13.43	-3.1379
13.44	-3.1377
13.45	-3.1374
13.46	-3.1370
13.47	-3.1368
13.48	-3.1365
13.48	-3.1361
13.49	-3.1358
13.50	-3.1356
13.51	-3.1354
13.52	-3.1351
13.53	-3.1349
13.53	-3.1347
13.54	-3.1345
13.55	-3.1343
13.56	-3.1341
13.57	-3.1339
13.58	-3.1336
13.58	-3.1333
13.59	-3.1332
13.60	-3.1331
13.61	-3.1328
13.61	-3.1327
13.62	-3.1324
13.63	-3.1323
13.64	-3.1322
13.65	-3.1320
13.65	-3.1318
13.67	-3.1316
13.68	-3.1314
13.68	-3.1312
13.69	-3.1311
13.70	-3.1309
13.70	-3.1307
13.71	-3.1305
13.73	-3.1304
13.73	-3.1302
13.74	-3.1302
13.75	-3.1301
13.75	-3.1300
13.76	-3.1298
13.77	-3.1298
13.78	-3.1296
13.79	-3.1295
13.80	-3.1293
13.80	-3.1293
13.81	-3.1292
13.82	-3.1292
13.83	-3.1292
13.83	-3.1291
13.85	-3.1291
13.85	-3.1290
13.86	-3.1289
13.87	-3.1288
13.88	-3.1287
13.89	-3.1286
13.90	-3.1285
13.90	-3.1282
13.91	-3.1281
13.92	-3.1279
13.93	-3.1277
13.94	-3.1275
13.95	-3.1274
13.96	-3.1270
13.96	-3.1268
13.97	-3.1265
13.98	-3.1263
13.99	-3.1260
14.00	-3.1256
14.00	-3.1252
14.02	-3.1249
14.03	-3.1245
14.03	-3.1240
14.04	-3.1236
14.05	-3.1232
14.05	-3.1228
14.06	-3.1224
14.07	-3.1221
14.08	-3.1217
14.09	-3.1215
14.10	-3.1211
14.11	-3.1208
14.12	-3.1206
14.12	-3.1204
14.13	-3.1201
14.14	-3.1198
14.15	-3.1196
14.15	-3.1193
14.16	-3.1191
14.17	-3.1188
14.18	-3.1186
14.19	-3.1185
14.20	-3.1182
14.20	-3.1180
14.22	-3.1177
14.22	-3.1176
14.23	-3.1173
14.23	-3.1170
14.25	-3.1168
14.26	-3.1166
14.27	-3.1164
14.28	-3.1162
14.28	-3.1161
14.29	-3.1160
14.30	-3.1159
14.30	-3.1157
14.31	-3.1156
14.32	-3.1154
14.33	-3.1153
14.34	-3.1151
14.35	-3.1151
14.35	-3.1149
14.36	-3.1148
14.37	-3.1146
14.38	-3.1146
14.39	-3.1145
14.40	-3.1144
14.40	-3.1142
14.41	-3.1142
14.42	-3.1142
14.43	-3.1141
14.44	-3.1140
14.45	-3.1139
14.45	-3.1138
14.47	-3.1137
14.47	-3.1136
14.48	-3.1134
14.49	-3.1133
14.50	-3.1131
14.50	-3.1130
14.51	-3.1130
14.52	-3.1129
14.53	-3.1128
14.53	-3.1128
14.54	-3.1128
14.55	-3.1128
14.56	-3.1129
14.57	-3.1129
14.58	-3.1129
14.58	-3.1128
14.59	-3.1127
14.60	-3.1126
14.61	-3.1124
14.62	-3.1123
14.63	-3.1121
14.63	-3.1119
14.64	-3.1116
14.65	-3.1114
14.65	-3.1112
14.66	-3.1109
14.67	-3.1107
14.68	-3.1105
14.69	-3.1103
14.70	-3.1100
14.71	-3.1099
14.72	-3.1096
14.73	-3.1093
14.73	-3.1092
14.74	-3.1088
14.75	-3.1086
14.75	-3.1084
14.76	-3.1082
14.77	-3.1080
14.78	-3.1077
14.80	-3.1075
14.80	-3.1072
14.81	-3.1069
14.82	-3.1067
14.82	-3.1065
14.83	-3.1062
14.84	-3.1059
14.85	-3.1057
14.86	-3.1054
14.87	-3.1052
14.88	-3.1050
14.88	-3.1048
14.89	-3.1045
14.90	-3.1042
14.91	-3.1040
14.92	-3.1036
14.93	-3.1034
14.93	-3.1032
14.94	-3.1030
14.95	-3.1028
14.96	-3.1025
14.97	-3.1022
14.98	-3.1020
14.98	-3.1018
14.99	-3.1017
15.00	-3.1014
15.01	-3.1013
15.02	-3.1011
15.03	-3.1010
15.03	-3.1009
15.04	-3.1007
15.05	-3.1005
15.06	-3.1003
15.06	-3.1000
15.08	-3.0998
15.08	-3.0996
15.09	-3.0995
15.10	-3.0995
15.11	-3.0993
15.12	-3.0993
15.13	-3.0992
15.14	-3.0990
15.14	-3.0989
15.15	-3.0986
15.16	-3.0985
15.17	-3.0984
15.18	-3.0983
15.19	-3.0981
15.19	-3.0981
15.20	-3.0981
15.21	-3.0979
15.22	-3.0977
15.23	-3.0977
15.23	-3.0975
15.24	-3.0975
15.25	-3.0974
15.25	-3.0973
15.27	-3.0972
15.28	-3.0972
15.28	-3.0973
15.30	-3.0973
15.30	-3.0974
15.30	-3.0976
15.32	-3.0976
15.33	-3.0976
15.33	-3.0975
15.34	-3.0975
15.35	-3.0973
15.36	-3.0972
15.37	-3.0970
15.38	-3.0968
15.39	-3.0966
15.39	-3.0964
15.40	-3.0964
15.41	-3.0964
15.42	-3.0962
15.42	-3.0961
15.43	-3.0959
15.44	-3.0957
15.45	-3.0955
15.45	-3.0954
15.47	-3.0951
15.47	-3.0950
15.48	-3.0948
15.48	-3.0945
15.50	-3.0942
15.51	-3.0941
15.52	-3.0939
15.53	-3.0936
15.53	-3.0934
15.54	-3.0932
15.55	-3.0930
15.56	-3.0927
15.56	-3.0926
15.58	-3.0923
15.58	-3.0920
15.59	-3.0917
15.60	-3.0915
15.60	-3.0914
15.61	-3.0912
15.62	-3.0910
15.63	-3.0907
15.64	-3.0905
15.65	-3.0903
15.66	-3.0902
15.67	-3.0901
15.68	-3.0899
15.68	-3.0897
15.69	-3.0896
15.69	-3.0896
15.70	-3.0893
15.71	-3.0892
15.72	-3.0890
15.73	-3.0888
15.74	-3.0887
15.75	-3.0886
15.76	-3.0884
15.77	-3.0883
15.78	-3.0881
15.78	-3.0880
15.79	-3.0881
15.80	-3.0880
15.80	-3.0879
15.81	-3.0878
15.82	-3.0877
15.83	-3.0876
15.84	-3.0875
15.85	-3.0873
15.86	-3.0873
15.86	-3.0871
15.87	-3.0871
15.88	-3.0870
15.89	-3.0869
15.90	-3.0868
15.90	-3.0867
15.91	-3.0866
15.92	-3.0866
15.93	-3.0865
15.94	-3.0865
15.95	-3.0865
15.95	-3.0864
15.96	-3.0863
15.97	-3.0862
15.98	-3.0862
15.98	-3.0861
16.00	-3.0861
16.01	-3.0861
16.02	-3.0862
16.02	-3.0865
16.03	-3.0865
16.04	-3.0866
16.05	-3.0866
16.05	-3.0868
16.06	-3.0868
16.07	-3.0868
16.07	-3.0869
16.09	-3.0868
16.10	-3.0868
16.10	-3.0867
16.12	-3.0866
16.12	-3.0865
16.13	-3.0866
16.14	-3.0865
16.15	-3.0864
16.15	-3.0862
16.16	-3.0861
16.17	-3.0859
16.18	-3.0857
16.18	-3.0856
16.20	-3.0854
16.20	-3.0852
16.21	-3.0850
16.22	-3.0849
16.23	-3.0847
16.24	-3.0846
16.25	-3.0844
16.26	-3.0843
16.26	-3.0843
16.27	-3.0841
16.28	-3.0840
16.29	-3.0839
16.29	-3.0838
16.30	-3.0837
16.31	-3.0836
16.32	-3.0834
16.32	-3.0834
16.33	-3.0831
16.34	-3.0830
16.35	-3.0829
16.36	-3.0828
16.37	-3.0825
16.38	-3.0824
16.38	-3.0823
16.39	-3.0821
16.40	-3.0821
16.41	-3.0821
16.42	-3.0820
16.43	-3.0821
16.43	-3.0820
16.44	-3.0820
16.45	-3.0818
16.46	-3.0817
16.47	-3.0816
16.48	-3.0816
16.49	-3.0815
16.50	-3.0815
16.50	-3.0815
16.51	-3.0814
16.52	-3.0814
16.52	-3.0815
16.53	-3.0814
16.54	-3.0813
16.55	-3.0813
16.56	-3.0814
16.56	-3.0814
16.57	-3.0813
16.58	-3.0813
16.59	-3.0815
16.60	-3.0816
16.61	-3.0816
16.62	-3.0817
16.63	-3.0818
16.63	-3.0819
16.64	-3.0820
16.65	-3.0822
16.66	-3.0822
16.67	-3.0824
16.68	-3.0826
16.68	-3.0827
16.69	-3.0829
16.70	-3.0831
16.71	-3.0833
16.72	-3.0834
16.73	-3.0835
16.74	-3.0836
16.75	-3.0838
16.75	-3.0839
16.76	-3.0842
16.77	-3.0844
16.78	-3.0846
16.78	-3.0849
16.79	-3.0849
16.80	-3.0851
16.80	-3.0853
16.82	-3.0855
16.82	-3.0855
16.84	-3.0857
16.84	-3.0857
16.85	-3.0859
16.86	-3.0860
16.87	-3.0861
16.88	-3.0862
16.89	-3.0864
16.90	-3.0865
16.90	-3.0865
16.91	-3.0866
16.92	-3.0867
16.93	-3.0868
16.93	-3.0868
16.94	-3.0868
16.95	-3.0869
16.95	-3.0870
16.97	-3.0871
16.98	-3.0872
16.99	-3.0873
17.00	-3.0874
17.00	-3.0875
17.01	-3.0875
17.02	-3.0876
17.02	-3.0877
17.03	-3.0878
17.04	-3.0879
17.05	-3.0881
17.06	-3.0881
17.07	-3.0881
17.08	-3.0883
17.09	-3.0883
17.09	-3.0884
17.10	-3.0886
17.11	-3.0887
17.12	-3.0889
17.13	-3.0892
17.14	-3.0891
17.15	-3.0893
17.15	-3.0896
17.16	-3.0897
17.17	-3.0898
17.18	-3.0900
17.19	-3.0902
17.20	-3.0903
17.20	-3.0905
17.20	-3.0907
17.21	-3.0909
17.23	-3.0912
17.23	-3.0915
17.24	-3.0918
17.25	-3.0922
17.25	-3.0925
17.26	-3.0926
17.27	-3.0931
17.28	-3.0933
17.29	-3.0936
17.30	-3.0940
17.30	-3.0943
17.32	-3.0948
17.32	-3.0952
17.33	-3.0956
17.34	-3.0960
17.34	-3.0964
17.35	-3.0967
17.37	-3.0973
17.38	-3.0977
17.38	-3.0981
17.39	-3.0985
17.40	-3.0989
17.40	-3.0994
17.41	-3.0998
17.42	-3.1004
17.43	-3.1007
17.44	-3.1012
17.45	-3.1016
17.45	-3.1023
17.47	-3.1027
17.48	-3.1032
17.48	-3.1037
17.49	-3.1043
17.50	-3.1049
17.51	-3.1055
17.52	-3.1061
17.53	-3.1068
17.53	-3.1074
17.54	-3.1078
17.54	-3.1083
17.55	-3.1089
17.56	-3.1094
17.57	-3.1099
17.58	-3.1104
17.59	-3.1109
17.59	-3.1113
17.60	-3.1119
17.61	-3.1123
17.61	-3.1127
17.63	-3.1131
17.64	-3.1136
17.65	-3.1140
17.66	-3.1143
17.67	-3.1148
17.68	-3.1153
17.68	-3.1158
17.69	-3.1164
17.70	-3.1169
17.70	-3.1174
17.71	-3.1180
17.72	-3.1184
17.73	-3.1188
17.74	-3.1193
17.75	-3.1196
17.76	-3.1202
17.77	-3.1206
17.77	-3.1213
17.78	-3.1218
17.79	-3.1222
17.80	-3.1227
17.80	-3.1233
17.81	-3.1237
17.82	-3.1243
17.83	-3.1248
17.84	-3.1254
17.84	-3.1260
17.85	-3.1266
17.86	-3.1272
17.87	-3.1278
17.88	-3.1284
17.89	-3.1290
17.90	-3.1295
17.91	-3.1301
17.92	-3.1308
17.92	-3.1314
17.93	-3.1320
17.94	-3.1326
17.95	-3.1333
17.96	-3.1339
17.96	-3.1346
17.97	-3.1352
17.98	-3.1360
17.99	-3.1368
18.00	-3.1375
18.00	-3.1383
18.01	-3.1390
18.02	-3.1398
18.03	-3.1407
18.04	-3.1416
18.05	-3.1424
18.06	-3.1432
18.07	-3.1441
18.07	-3.1448
18.08	-3.1458
18.09	-3.1467
18.09	-3.1475
18.10	-3.1484
18.11	-3.1493
18.12	-3.1502
18.13	-3.1512
18.13	-3.1520
18.14	-3.1528
18.15	-3.1537
18.16	-3.1546
18.17	-3.1557
18.17	-3.1566
18.18	-3.1574
18.19	-3.1584
18.20	-3.1593
18.21	-3.1602
18.22	-3.1613
18.23	-3.1623
18.23	-3.1634
18.24	-3.1644
18.25	-3.1656
18.26	-3.1667
18.27	-3.1678
18.27	-3.1689
18.29	-3.1698
18.30	-3.1707
18.30	-3.1718
18.31	-3.1726
18.32	-3.1735
18.32	-3.1743
18.33	-3.1752
18.34	-3.1760
18.34	-3.1769
18.35	-3.1779
18.36	-3.1787
18.38	-3.1796
18.38	-3.1804
18.40	-3.1811
18.40	-3.1821
18.41	-3.1830
18.42	-3.1838
18.42	-3.1847
18.43	-3.1856
18.44	-3.1865
18.45	-3.1873
18.47	-3.1882
18.47	-3.1891
18.48	-3.1898
18.48	-3.1906
18.49	-3.1917
18.50	-3.1927
18.50	-3.1935
18.51	-3.1945
18.53	-3.1953
18.54	-3.1962
18.55	-3.1971
18.55	-3.1979
18.56	-3.1988
18.57	-3.1997
18.57	-3.2005
18.59	-3.2013
18.59	-3.2023
18.60	-3.2032
18.61	-3.2041
18.62	-3.2051
18.63	-3.2061
18.63	-3.2071
18.64	-3.2080
18.65	-3.2089
18.66	-3.2098
18.67	-3.2107
18.68	-3.2116
18.68	-3.2126
18.70	-3.2135
18.70	-3.2145
18.71	-3.2155
18.72	-3.2165
18.73	-3.2174
18.74	-3.2183
18.74	-3.2193
18.75	-3.2201
18.76	-3.2211
18.77	-3.2220
18.78	-3.2228
18.79	-3.2238
18.80	-3.2246
18.80	-3.2255
18.81	-3.2263
18.82	-3.2274
18.82	-3.2283
18.83	-3.2292
18.84	-3.2300
18.85	-3.2311
18.86	-3.2320
18.88	-3.2330
18.88	-3.2339
18.88	-3.2348
18.89	-3.2357
18.90	-3.2365
18.91	-3.2376
18.92	-3.2385
18.93	-3.2393
18.94	-3.2403
18.95	-3.2412
18.96	-3.2421
18.97	-3.2432
18.97	-3.2441
18.98	-3.2451
18.98	-3.2461
18.99	-3.2470
18.99	-3.2482
19.00	-3.2492
19.02	-3.2500
19.02	-3.2509
19.03	-3.2518
19.04	-3.2526
19.05	-3.2535
19.06	-3.2542
19.07	-3.2551
19.07	-3.2559
19.08	-3.2567
19.09	-3.2574
19.10	-3.2583
19.11	-3.2589
19.12	-3.2597
19.13	-3.2605
19.13	-3.2611
19.14	-3.2619
19.15	-3.2628
19.16	-3.2635
19.17	-3.2642
19.17	-3.2648
19.18	-3.2654
19.19	-3.2662
19.20	-3.2667
19.21	-3.2672
19.21	-3.2680
19.22	-3.2686
19.23	-3.2692
19.24	-3.2699
19.25	-3.2706
19.26	-3.2712
19.26	-3.2720
19.27	-3.2728
19.28	-3.2734
19.29	-3.2739
19.30	-3.2746
19.31	-3.2751
19.32	-3.2757
19.32	-3.2762
19.33	-3.2768
19.34	-3.2775
19.35	-3.2780
19.36	-3.2784
19.36	-3.2790
19.38	-3.2797
19.38	-3.2804
19.40	-3.2808
19.40	-3.2815
19.41	-3.2821
19.42	-3.2828
19.42	-3.2833
19.43	-3.2839
19.44	-3.2845
19.45	-3.2851
19.45	-3.2857
19.47	-3.2864
19.48	-3.2869
19.48	-3.2875
19.49	-3.2880
19.50	-3.2886
19.51	-3.2891
19.52	-3.2896
19.52	-3.2903
19.53	-3.2909
19.54	-3.2916
19.55	-3.2922
19.55	-3.2928
19.56	-3.2933
19.57	-3.2940
19.58	-3.2946
19.59	-3.2953
19.60	-3.2959
19.61	-3.2967
19.61	-3.2972
19.63	-3.2978
19.63	-3.2984
19.64	-3.2991
19.65	-3.2997
19.66	-3.3002
19.67	-3.3007
19.67	-3.3012
19.68	-3.3019
19.69	-3.3024
19.70	-3.3029
19.71	-3.3032
19.72	-3.3038
19.73	-3.3044
19.73	-3.3050
19.74	-3.3057
19.74	-3.3063
19.74	-3.3069
19.74	-3.3075
19.76	-3.3079
19.78	-3.3084
19.79	-3.3089
19.80	-3.3093
19.80	-3.3098
19.82	-3.3102
19.82	-3.3106
19.83	-3.3110
19.84	-3.3115
19.85	-3.3117
19.85	-3.3121
19.86	-3.3124
19.87	-3.3127
19.88	-3.3129
19.89	-3.3132
19.90	-3.3135
19.90	-3.3137
19.91	-3.3140
19.92	-3.3143
19.93	-3.3145
19.94	-3.3149
19.95	-3.3152
19.95	-3.3154
19.96	-3.3156
19.97	-3.3159
19.98	-3.3160
19.99	-3.3162
19.99	-3.3164
20.00	-3.3167
20.01	-3.3167
20.02	-3.3170
20.03	-3.3171
20.04	-3.3173
20.05	-3.3175
20.06	-3.3176
20.06	-3.3178
20.07	-3.3181
20.08	-3.3183
20.09	-3.3185
20.10	-3.3187
20.11	-3.3189
20.12	-3.3190
20.12	-3.3193
20.13	-3.3196
20.14	-3.3199
20.15	-3.3200
20.15	-3.3202
20.16	-3.3204
20.18	-3.3206
20.19	-3.3208
20.19	-3.3210
20.20	-3.3211
20.20	-3.3214
20.21	-3.3215
20.22	-3.3217
20.23	-3.3220
20.24	-3.3222
20.24	-3.3223
20.25	-3.3225
20.26	-3.3227
20.28	-3.3229
20.28	-3.3230
20.29	-3.3231
20.30	-3.3234
20.30	-3.3237
20.31	-3.3239
20.32	-3.3242
20.33	-3.3245
20.34	-3.3247
20.35	-3.3249
20.35	-3.3251
20.36	-3.3252
20.37	-3.3256
20.38	-3.3258
20.39	-3.3260
20.40	-3.3262
20.40	-3.3264
20.41	-3.3266
20.42	-3.3268
20.43	-3.3270
20.44	-3.3272
20.45	-3.3275
20.45	-3.3276
20.47	-3.3277
20.48	-3.3281
20.48	-3.3283
20.49	-3.3287
20.50	-3.3289
20.50	-3.3291
20.51	-3.3294
20.52	-3.3297
20.53	-3.3298
20.54	-3.3298
20.55	-3.3298
20.55	-3.3299
20.56	-3.3299
20.57	-3.3301
20.58	-3.3300
20.59	-3.3302
20.60	-3.3301
20.60	-3.3301
20.61	-3.3300
20.62	-3.3301
20.63	-3.3301
20.64	-3.3301
20.65	-3.3303
20.65	-3.3303
20.67	-3.3304
20.68	-3.3304
20.68	-3.3305
20.69	-3.3305
20.70	-3.3306
20.70	-3.3306
20.71	-3.3306
20.72	-3.3307
20.73	-3.3307
20.74	-3.3307
20.75	-3.3308
20.76	-3.3307
20.76	-3.3308
20.77	-3.3308
20.78	-3.3309
20.79	-3.3310
20.80	-3.3311
20.80	-3.3312
20.82	-3.3313
20.82	-3.3313
20.82	-3.3314
20.83	-3.3315
20.84	-3.3316
20.85	-3.3317
20.85	-3.3318
20.87	-3.3319
20.88	-3.3321
20.88	-3.3321
20.90	-3.3323
20.90	-3.3324
20.91	-3.3326
20.92	-3.3326
20.93	-3.3327
20.93	-3.3330
20.94	-3.3332
20.95	-3.3334
20.96	-3.3335
20.97	-3.3337
20.98	-3.3338
20.99	-3.3343
21.00	-3.3345
21.00	-3.3347
21.01	-3.3350
21.02	-3.3352
21.03	-3.3353
21.04	-3.3356
21.05	-3.3357
21.05	-3.3360
21.06	-3.3364
21.07	-3.3367
21.07	-3.3369
21.09	-3.3373
21.09	-3.3376
21.10	-3.3379
21.11	-3.3384
21.12	-3.3387
21.13	-3.3391
21.14	-3.3395
21.15	-3.3398
21.15	-3.3402
21.16	-3.3406
21.17	-3.3411
21.18	-3.3415
21.19	-3.3420
21.20	-3.3425
21.20	-3.3429
21.21	-3.3433
21.22	-3.3437
21.23	-3.3441
21.23	-3.3445
21.24	-3.3450
21.25	-3.3454
21.26	-3.3460
21.27	-3.3464
21.28	-3.3468
21.29	-3.3472
21.30	-3.3478
21.30	-3.3484
21.31	-3.3489
21.32	-3.3494
21.32	-3.3500
21.34	-3.3504
21.34	-3.3509
21.35	-3.3513
21.36	-3.3520
21.37	-3.3525
21.38	-3.3530
21.38	-3.3535
21.39	-3.3540
21.40	-3.3546
21.41	-3.3552
21.42	-3.3558
21.43	-3.3564
21.44	-3.3570
21.45	-3.3576
21.45	-3.3581
21.46	-3.3588
21.47	-3.3595
21.48	-3.3600
21.48	-3.3608
21.49	-3.3616
21.50	-3.3622
21.51	-3.3629
21.52	-3.3634
21.53	-3.3640
21.54	-3.3647
21.54	-3.3654
21.55	-3.3662
21.56	-3.3670
21.57	-3.3676
21.58	-3.3684
21.59	-3.3692
21.59	-3.3701
21.60	-3.3709
21.60	-3.3717
21.61	-3.3724
21.63	-3.3731
21.63	-3.3738
21.64	-3.3745
21.65	-3.3751
21.65	-3.3760
21.66	-3.3766
21.67	-3.3774
21.68	-3.3782
21.69	-3.3790
21.70	-3.3798
21.70	-3.3807
21.72	-3.3815
21.72	-3.3824
21.73	-3.3832
21.74	-3.3841
21.75	-3.3848
21.76	-3.3858
21.77	-3.3867
21.78	-3.3875
21.78	-3.3884
21.79	-3.3893
21.80	-3.3902
21.80	-3.3912
21.82	-3.3921
21.82	-3.3931
21.83	-3.3941
21.84	-3.3950
21.85	-3.3961
21.86	-3.3970
21.87	-3.3979
21.87	-3.3988
21.89	-3.3997
21.90	-3.4008
21.90	-3.4018
21.91	-3.4028
21.91	-3.4038
21.93	-3.4049
21.93	-3.4061
21.94	-3.4072
21.95	-3.4083
21.95	-3.4094
21.96	-3.4105
21.97	-3.4118
21.98	-3.4129
21.99	-3.4141
22.00	-3.4151
22.00	-3.4162
22.01	-3.4174
22.02	-3.4185
22.03	-3.4196
22.05	-3.4208
22.05	-3.4222
22.06	-3.4233
22.07	-3.4245
22.07	-3.4256
22.08	-3.4269
22.09	-3.4280
22.10	-3.4291
22.10	-3.4303
22.11	-3.4316
22.13	-3.4329
22.13	-3.4341
22.14	-3.4353
22.15	-3.4367
22.16	-3.4379
22.17	-3.4392
22.17	-3.4405
22.18	-3.4418
22.19	-3.4431
22.20	-3.4444
22.21	-3.4457
22.22	-3.4470
22.23	-3.4483
22.23	-3.4495
22.24	-3.4507
22.25	-3.4520
22.25	-3.4534
22.26	-3.4546
22.27	-3.4558
22.28	-3.4570
22.29	-3.4583
22.30	-3.4594
22.31	-3.4605
22.32	-3.4617
22.32	-3.4629
22.33	-3.4640
22.34	-3.4653
22.35	-3.4665
22.36	-3.4678
22.37	-3.4690
22.38	-3.4702
22.38	-3.4714
22.39	-3.4726
22.40	-3.4736
22.41	-3.4747
22.42	-3.4757
22.43	-3.4769
22.43	-3.4781
22.44	-3.4791
22.45	-3.4803
22.46	-3.4813
22.46	-3.4824
22.47	-3.4837
22.48	-3.4847
22.49	-3.4858
22.50	-3.4866
22.51	-3.4876
22.52	-3.4887
22.53	-3.4896
22.53	-3.4907
22.54	-3.4916
22.55	-3.4925
22.55	-3.4935
22.56	-3.4945
22.57	-3.4954
22.57	-3.4962
22.58	-3.4970
22.59	-3.4980
22.60	-3.4989
22.61	-3.4998
22.62	-3.5007
22.63	-3.5016
22.63	-3.5024
22.64	-3.5034
22.65	-3.5042
22.66	-3.5050
22.67	-3.5058
22.68	-3.5066
22.69	-3.5073
22.70	-3.5082
22.70	-3.5090
22.71	-3.5098
22.72	-3.5106
22.72	-3.5113
22.73	-3.5120
22.75	-3.5128
22.75	-3.5135
22.76	-3.5142
22.77	-3.5149
22.78	-3.5156
22.79	-3.5163
22.79	-3.5171
22.80	-3.5178
22.81	-3.5185
22.82	-3.5191
22.83	-3.5197
22.84	-3.5203
22.84	-3.5208
22.84	-3.5214
22.86	-3.5219
22.87	-3.5225
22.88	-3.5232
22.88	-3.5237
22.89	-3.5242
22.90	-3.5248
22.91	-3.5253
22.92	-3.5259
22.93	-3.5265
22.94	-3.5270
22.95	-3.5275
22.95	-3.5280
22.96	-3.5287
22.97	-3.5293
22.98	-3.5299
22.98	-3.5304
23.00	-3.5310
23.00	-3.5315
23.01	-3.5319
23.02	-3.5323
23.03	-3.5327
23.03	-3.5330
23.04	-3.5333
23.05	-3.5337
23.06	-3.5341
23.07	-3.5344
23.08	-3.5349
23.08	-3.5352
23.09	-3.5354
23.09	-3.5359
23.11	-3.5361
23.11	-3.5364
23.13	-3.5368
23.13	-3.5371
23.14	-3.5373
23.15	-3.5378
23.16	-3.5382
23.17	-3.5384
23.18	-3.5388
23.18	-3.5391
23.19	-3.5395
23.20	-3.5399
23.21	-3.5402
23.22	-3.5406
23.23	-3.5410
23.24	-3.5415
23.25	-3.5418
23.25	-3.5423
23.26	-3.5428
23.27	-3.5433
23.28	-3.5437
23.28	-3.5444
23.30	-3.5448
23.30	-3.5453
23.31	-3.5458
23.32	-3.5463
23.32	-3.5468
23.33	-3.5474
23.34	-3.5479
23.35	-3.5484
23.35	-3.5490
23.37	-3.5496
23.38	-3.5503
23.39	-3.5509
23.40	-3.5515
23.40	-3.5521
23.41	-3.5527
23.42	-3.5535
23.43	-3.5541
23.43	-3.5549
23.44	-3.5556
23.45	-3.5564
23.45	-3.5571
23.46	-3.5578
23.47	-3.5586
23.48	-3.5593
23.49	-3.5601
23.51	-3.5608
23.52	-3.5617
23.52	-3.5625
23.53	-3.5633
23.53	-3.5640
23.54	-3.5649
23.55	-3.5657
23.55	-3.5663
23.56	-3.5671
23.57	-3.5679
23.57	-3.5687
23.59	-3.5695
23.59	-3.5702
23.60	-3.5710
23.61	-3.5718
23.62	-3.5728
23.63	-3.5736
23.64	-3.5743
23.65	-3.5752
23.65	-3.5761
23.66	-3.5769
23.68	-3.5779
23.69	-3.5787
23.69	-3.5795
23.70	-3.5804
23.70	-3.5812
23.71	-3.5820
23.72	-3.5829
23.73	-3.5837
23.74	-3.5845
23.75	-3.5852
23.76	-3.5860
23.76	-3.5868
23.77	-3.5878
23.78	-3.5886
23.79	-3.5894
23.79	-3.5902
23.80	-3.5909
23.81	-3.5916
23.82	-3.5925
23.83	-3.5933
23.84	-3.5941
23.84	-3.5947
23.85	-3.5955
23.86	-3.5962
23.87	-3.5968
23.88	-3.5976
23.89	-3.5983
23.90	-3.5989
23.90	-3.5996
23.92	-3.6002
23.93	-3.6009
23.93	-3.6014
23.94	-3.6021
23.95	-3.6027
23.95	-3.6032
23.96	-3.6037
23.97	-3.6042
23.98	-3.6046
23.99	-3.6052
24.00	-3.6056
24.01	-3.6060
24.02	-3.6065
24.03	-3.6069
24.03	-3.6074
24.03	-3.6078
24.05	-3.6082
24.05	-3.6086
24.06	-3.6089
24.07	-3.6093
24.08	-3.6096
24.09	-3.6099
24.10	-3.6101
24.11	-3.6104
24.11	-3.6107
24.12	-3.6110
24.13	-3.6111
24.14	-3.6113
24.15	-3.6115
24.15	-3.6117
24.16	-3.6118
24.17	-3.6118
24.18	-3.6119
24.19	-3.6120
24.20	-3.6122
24.20	-3.6122
24.21	-3.6123
24.22	-3.6123
24.23	-3.6123
24.24	-3.6123
24.25	-3.6123
24.25	-3.6122
24.26	-3.6121
24.27	-3.6120
24.28	-3.6118
24.28	-3.6116
24.30	-3.6113
24.31	-3.6111
24.31	-3.6109
24.32	-3.6106
24.33	-3.6104
24.33	-3.6101
24.34	-3.6097
24.35	-3.6092
24.36	-3.6088
24.37	-3.6084
24.38	-3.6081
24.38	-3.6077
24.39	-3.6074
24.40	-3.6069
24.41	-3.6064
24.42	-3.6056
24.42	-3.6049
24.43	-3.6042
24.44	-3.6036
24.45	-3.6028
24.46	-3.6020
24.47	-3.6011
24.48	-3.6001
24.48	-3.5990
24.49	-3.5981
24.50	-3.5971
24.50	-3.5960
24.51	-3.5949
24.52	-3.5938
24.53	-3.5925
24.54	-3.5914
24.55	-3.5902
24.55	-3.5889
24.56	-3.5876
24.57	-3.5861
24.58	-3.5847
24.59	-3.5833
24.59	-3.5819
24.60	-3.5803
24.62	-3.5789
24.63	-3.5775
24.64	-3.5760
24.64	-3.5746
24.65	-3.5729
24.66	-3.5714
24.66	-3.5699
24.67	-3.5681
24.68	-3.5664
24.69	-3.5647
24.70	-3.5631
24.71	-3.5613
24.71	-3.5596
24.73	-3.5578
24.73	-3.5559
24.74	-3.5543
24.75	-3.5525
24.76	-3.5506
24.77	-3.5487
24.77	-3.5468
24.78	-3.5450
24.79	-3.5430
24.80	-3.5411
24.80	-3.5392
24.82	-3.5373
24.82	-3.5355
24.83	-3.5336
24.84	-3.5316
24.85	-3.5297
24.86	-3.5279
24.87	-3.5258
24.88	-3.5238
24.88	-3.5218
24.89	-3.5198
24.90	-3.5177
24.91	-3.5157
24.92	-3.5136
24.93	-3.5115
24.94	-3.5095
24.94	-3.5073
24.95	-3.5053
24.96	-3.5032
24.97	-3.5010
24.98	-3.4990
24.98	-3.4969
24.99	-3.4947
25.00	-3.4926
25.00	-3.4904
25.02	-3.4882
25.03	-3.4862
25.04	-3.4840
25.05	-3.4819
25.05	-3.4798
25.06	-3.4776
25.07	-3.4756
25.07	-3.4735
25.08	-3.4714
25.09	-3.4693
25.10	-3.4673
25.11	-3.4650
25.12	-3.4627
25.13	-3.4606
25.13	-3.4585
25.14	-3.4564
25.15	-3.4541
25.15	-3.4520
25.17	-3.4498
25.18	-3.4476
25.18	-3.4455
25.19	-3.4433
25.20	-3.4411
25.20	-3.4390
25.21	-3.4369
25.23	-3.4349
25.23	-3.4328
25.24	-3.4308
25.25	-3.4287
25.25	-3.4265
25.26	-3.4242
25.27	-3.4222
25.28	-3.4202
25.29	-3.4180
25.29	-3.4160
25.30	-3.4139
25.31	-3.4119
25.32	-3.4099
25.32	-3.4077
25.34	-3.4057
25.34	-3.4037
25.35	-3.4017
25.36	-3.3999
25.37	-3.3980
25.38	-3.3960
25.39	-3.3941
25.40	-3.3922
25.40	-3.3903
25.41	-3.3884
25.42	-3.3865
25.43	-3.3847
25.44	-3.3827
25.45	-3.3809
25.45	-3.3791
25.46	-3.3772
25.47	-3.3754
25.48	-3.3736
25.48	-3.3718
25.49	-3.3701
25.50	-3.3684
25.50	-3.3666
25.52	-3.3649
25.52	-3.3632
25.53	-3.3615
25.55	-3.3597
25.55	-3.3580
25.56	-3.3563
25.57	-3.3548
25.58	-3.3531
25.58	-3.3515
25.59	-3.3498
25.60	-3.3481
25.61	-3.3465
25.62	-3.3449
25.63	-3.3433
25.64	-3.3417
25.65	-3.3402
25.65	-3.3387
25.66	-3.3372
25.67	-3.3357
25.68	-3.3342
25.68	-3.3328
25.69	-3.3314
25.70	-3.3298
25.71	-3.3285
25.72	-3.3271
25.73	-3.3258
25.73	-3.3244
25.75	-3.3231
25.75	-3.3218
25.76	-3.3205
25.77	-3.3192
25.78	-3.3178
25.79	-3.3165
25.79	-3.3151
25.80	-3.3139
25.81	-3.3129
25.81	-3.3117
25.82	-3.3106
25.84	-3.3095
25.84	-3.3085
25.85	-3.3074
25.86	-3.3061
25.87	-3.3051
25.88	-3.3039
25.88	-3.3029
25.89	-3.3017
25.90	-3.3007
25.91	-3.2995
25.92	-3.2983
25.93	-3.2973
25.93	-3.2961
25.94	-3.2950
25.95	-3.2938
25.96	-3.2927
25.97	-3.2916
25.98	-3.2905
25.99	-3.2894
25.99	-3.2883
26.00	-3.2872
26.00	-3.2861
26.02	-3.2850
26.03	-3.2841
26.04	-3.2831
26.04	-3.2821
26.05	-3.2811
26.06	-3.2802
26.07	-3.2793
26.07	-3.2783
26.08	-3.2772
26.09	-3.2762
26.10	-3.2750
26.11	-3.2742
26.12	-3.2731
26.13	-3.2722
26.13	-3.2714
26.14	-3.2705
26.15	-3.2697
26.15	-3.2687
26.16	-3.2679
26.17	-3.2670
26.18	-3.2662
26.19	-3.2654
26.20	-3.2646
26.21	-3.2638
26.22	-3.2630
26.23	-3.2621
26.23	-3.2613
26.24	-3.2605
26.25	-3.2598
26.25	-3.2590
26.27	-3.2581
26.28	-3.2576
26.28	-3.2568
26.29	-3.2560
26.30	-3.2553
26.31	-3.2546
26.31	-3.2540
26.32	-3.2535
26.33	-3.2529
26.34	-3.2523
26.35	-3.2517
26.36	-3.2512
26.36	-3.2507
26.37	-3.2500
26.38	-3.2496
26.39	-3.2489
26.40	-3.2483
26.41	-3.2479
26.41	-3.2474
26.42	-3.2469
26.43	-3.2464
26.44	-3.2458
26.45	-3.2454
26.45	-3.2450
26.46	-3.2445
26.48	-3.2439
26.48	-3.2435
26.49	-3.2430
26.50	-3.2425
26.50	-3.2419
26.51	-3.2415
26.52	-3.2410
26.53	-3.2406
26.54	-3.2402
26.55	-3.2398
26.55	-3.2393
26.56	-3.2388
26.57	-3.2384
26.58	-3.2380
26.58	-3.2376
26.59	-3.2371
26.61	-3.2367
26.62	-3.2362
26.62	-3.2357
26.63	-3.2352
26.64	-3.2346
26.65	-3.2342
26.66	-3.2339
26.67	-3.2333
26.68	-3.2330
26.68	-3.2326
26.69	-3.2321
26.70	-3.2318
26.70	-3.2314
26.71	-3.2310
26.72	-3.2305
26.73	-3.2301
26.74	-3.2297
26.75	-3.2292
26.75	-3.2287
26.76	-3.2282
26.77	-3.2277
26.78	-3.2272
26.79	-3.2267
26.80	-3.2262
26.80	-3.2258
26.82	-3.2253
26.82	-3.2249
26.83	-3.2244
26.84	-3.2240
26.84	-3.2236
26.85	-3.2231
26.86	-3.2226
26.87	-3.2222
26.88	-3.2218
26.89	-3.2213
26.90	-3.2209
26.90	-3.2205
26.91	-3.2200
26.92	-3.2194
26.93	-3.2191
26.94	-3.2186
26.95	-3.2182
26.95	-3.2178
26.96	-3.2173
26.97	-3.2169
26.98	-3.2165
26.99	-3.2161
26.99	-3.2158
27.00	-3.2153
27.00	-3.2150
27.02	-3.2146
27.02	-3.2143
27.03	-3.2139
27.04	-3.2135
27.05	-3.2131
27.06	-3.2125
27.07	-3.2122
27.07	-3.2118
27.08	-3.2114
27.09	-3.2111
27.10	-3.2106
27.11	-3.2103
27.12	-3.2099
27.13	-3.2095
27.13	-3.2092
27.14	-3.2088
27.15	-3.2085
27.15	-3.2081
27.16	-3.2078
27.17	-3.2073
27.18	-3.2068
27.19	-3.2065
27.20	-3.2059
27.21	-3.2056
27.21	-3.2050
27.22	-3.2046
27.23	-3.2042
27.24	-3.2038
27.25	-3.2033
27.26	-3.2031
27.27	-3.2028
27.28	-3.2026
27.28	-3.2023
27.29	-3.2021
27.30	-3.2017
27.30	-3.2014
27.32	-3.2010
27.32	-3.2007
27.33	-3.2003
27.34	-3.1999
27.35	-3.1996
27.36	-3.1992
27.37	-3.1988
27.37	-3.1984
27.38	-3.1980
27.39	-3.1975
27.40	-3.1969
27.40	-3.1964
27.41	-3.1959
27.43	-3.1954
27.43	-3.1949
27.44	-3.1944
27.45	-3.1940
27.45	-3.1935
27.46	-3.1930
27.48	-3.1926
27.48	-3.1921
27.49	-3.1918
27.50	-3.1913
27.50	-3.1908
27.51	-3.1903
27.53	-3.1896
27.53	-3.1891
27.54	-3.1886
27.55	-3.1883
27.56	-3.1878
27.57	-3.1874
27.57	-3.1869
27.59	-3.1866
27.59	-3.1860
27.60	-3.1855
27.60	-3.1851
27.61	-3.1847
27.62	-3.1844
27.63	-3.1838
27.65	-3.1834
27.65	-3.1830
27.66	-3.1827
27.67	-3.1822
27.67	-3.1818
27.68	-3.1813
27.69	-3.1809
27.70	-3.1805
27.71	-3.1800
27.72	-3.1797
27.73	-3.1794
27.74	-3.1792
27.75	-3.1787
27.75	-3.1784
27.76	-3.1779
27.77	-3.1776
27.78	-3.1772
27.79	-3.1767
27.80	-3.1764
27.80	-3.1760
27.81	-3.1756
27.82	-3.1752
27.82	-3.1747
27.83	-3.1745
27.84	-3.1741
27.85	-3.1738
27.86	-3.1733
27.87	-3.1731
27.88	-3.1727
27.88	-3.1723
27.89	-3.1720
27.90	-3.1716
27.90	-3.1713
27.91	-3.1709
27.93	-3.1705
27.93	-3.1702
27.93	-3.1699
27.93	-3.1696
27.95	-3.1693
27.96	-3.1690
27.97	-3.1686
27.98	-3.1683
27.99	-3.1679
28.00	-3.1676
28.00	-3.1673
28.02	-3.1669
28.03	-3.1665
28.03	-3.1663
28.04	-3.1661
28.05	-3.1658
28.06	-3.1655
28.07	-3.1652
28.07	-3.1650
28.08	-3.1647
28.09	-3.1644
28.10	-3.1642
28.11	-3.1638
28.12	-3.1637
28.12	-3.1634
28.13	-3.1630
28.14	-3.1628
28.15	-3.1625
28.15	-3.1621
28.17	-3.1618
28.18	-3.1615
28.18	-3.1611
28.19	-3.1608
28.20	-3.1604
28.21	-3.1602
28.21	-3.1599
28.22	-3.1596
28.23	-3.1594
28.24	-3.1590
28.25	-3.1587
28.25	-3.1582
28.26	-3.1579
28.27	-3.1575
28.28	-3.1572
28.29	-3.1568
28.30	-3.1565
28.31	-3.1561
28.32	-3.1558
28.32	-3.1555
28.33	-3.1551
28.34	-3.1546
28.34	-3.1542
28.35	-3.1538
28.36	-3.1535
28.37	-3.1530
28.38	-3.1525
28.39	-3.1521
28.40	-3.1518
28.41	-3.1514
28.42	-3.1510
28.43	-3.1505
28.43	-3.1501
28.44	-3.1498
28.45	-3.1494
28.46	-3.1491
28.46	-3.1487
28.48	-3.1483
28.48	-3.1479
28.49	-3.1475
28.50	-3.1470
28.51	-3.1467
28.52	-3.1462
28.53	-3.1458
28.53	-3.1455
28.54	-3.1450
28.55	-3.1446
28.55	-3.1442
28.57	-3.1438
28.57	-3.1434
28.58	-3.1430
28.59	-3.1426
28.59	-3.1421
28.60	-3.1418
28.61	-3.1414
28.62	-3.1410
28.63	-3.1406
28.64	-3.1401
28.65	-3.1397
28.65	-3.1392
28.66	-3.1388
28.67	-3.1383
28.68	-3.1379
28.69	-3.1375
28.70	-3.1370
28.70	-3.1366
28.71	-3.1359
28.72	-3.1356
28.73	-3.1352
28.74	-3.1347
28.75	-3.1342
28.75	-3.1339
28.76	-3.1335
28.77	-3.1333
28.78	-3.1329
28.79	-3.1325
28.80	-3.1323
28.80	-3.1318
28.81	-3.1313
28.82	-3.1308
28.83	-3.1304
28.84	-3.1297
28.84	-3.1292
28.85	-3.1285
28.86	-3.1281
28.87	-3.1275
28.88	-3.1269
28.88	-3.1265
28.89	-3.1259
28.90	-3.1254
28.91	-3.1248
28.91	-3.1243
28.93	-3.1236
28.94	-3.1229
28.95	-3.1224
28.95	-3.1216
28.96	-3.1210
28.97	-3.1205
28.98	-3.1198
28.98	-3.1192
29.00	-3.1186
29.00	-3.1179
29.01	-3.1174
29.02	-3.1168
29.03	-3.1162
29.04	-3.1157
29.04	-3.1150
29.05	-3.1143
29.06	-3.1137
29.07	-3.1131
29.07	-3.1124
29.08	-3.1119
29.09	-3.1113
29.10	-3.1106
29.11	-3.1099
29.12	-3.1094
29.13	-3.1087
29.14	-3.1081
29.15	-3.1074
29.15	-3.1068
29.16	-3.1062
29.17	-3.1055
29.18	-3.1049
29.18	-3.1043
29.19	-3.1037
29.20	-3.1031
29.21	-3.1025
29.22	-3.1018
29.23	-3.1012
29.24	-3.1006
29.25	-3.1000
29.25	-3.0994
29.26	-3.0988
29.27	-3.0982
29.28	-3.0977
29.29	-3.0971
29.30	-3.0966
29.30	-3.0960
29.31	-3.0953
29.32	-3.0947
29.32	-3.0941
29.33	-3.0934
29.34	-3.0928
29.35	-3.0923
29.36	-3.0916
29.37	-3.0911
29.38	-3.0906
29.39	-3.0900
29.40	-3.0895
29.40	-3.0889
29.42	-3.0883
29.42	-3.0877
29.43	-3.0872
29.44	-3.0866
29.45	-3.0859
29.46	-3.0852
29.47	-3.0847
29.47	-3.0841
29.48	-3.0835
29.49	-3.0829
29.50	-3.0821
29.51	-3.0814
29.51	-3.0809
29.52	-3.0803
29.53	-3.0797
29.54	-3.0791
29.55	-3.0785
29.55	-3.0780
29.56	-3.0774
29.57	-3.0769
29.58	-3.0762
29.59	-3.0754
29.59	-3.0749
29.60	-3.0742
29.61	-3.0735
29.62	-3.0729
29.63	-3.0723
29.64	-3.0717
29.65	-3.0711
29.66	-3.0705
29.66	-3.0699
29.67	-3.0692
29.68	-3.0685
29.68	-3.0679
29.69	-3.0673
29.70	-3.0667
29.71	-3.0660
29.71	-3.0655
29.72	-3.0648
29.73	-3.0642
29.74	-3.0635
29.75	-3.0627
29.76	-3.0621
29.76	-3.0614
29.78	-3.0607
29.78	-3.0600
29.79	-3.0593
29.80	-3.0587
29.81	-3.0579
29.82	-3.0573
29.82	-3.0566
29.83	-3.0558
29.84	-3.0551
29.85	-3.0544
29.86	-3.0537
29.86	-3.0529
29.87	-3.0522
29.88	-3.0515
29.89	-3.0507
29.90	-3.0501
29.91	-3.0492
29.91	-3.0486
29.92	-3.0479
29.93	-3.0472
29.94	-3.0464
29.95	-3.0457
29.96	-3.0450
29.97	-3.0443
29.98	-3.0434
29.98	-3.0427
29.99	-3.0419
30.00	-3.0412
30.01	-3.0404
30.02	-3.0397
30.02	-3.0390
30.03	-3.0383
30.05	-3.0376
30.05	-3.0366
30.05	-3.0360
30.07	-3.0353
30.07	-3.0345
30.08	-3.0338
30.09	-3.0330
30.09	-3.0323
30.11	-3.0315
30.12	-3.0306
30.12	-3.0298
30.13	-3.0292
30.14	-3.0285
30.15	-3.0278
30.16	-3.0270
30.17	-3.0262
30.18	-3.0254
30.18	-3.0245
30.19	-3.0237
30.20	-3.0228
30.20	-3.0221
30.22	-3.0214
30.23	-3.0207
30.23	-3.0199
30.25	-3.0191
30.25	-3.0182
30.26	-3.0175
30.27	-3.0168
30.28	-3.0162
30.28	-3.0156
30.30	-3.0147
30.30	-3.0140
30.30	-3.0132
30.31	-3.0125
30.32	-3.0115
30.33	-3.0108
30.34	-3.0099
30.35	-3.0091
30.36	-3.0082
30.37	-3.0072
30.38	-3.0063
30.38	-3.0053
30.39	-3.0043
30.40	-3.0034
30.41	-3.0025
30.42	-3.0016
30.43	-3.0006
30.43	-2.9995
30.44	-2.9985
30.45	-2.9976
30.46	-2.9965
30.47	-2.9957
30.48	-2.9947
30.48	-2.9936
30.49	-2.9926
30.50	-2.9917
30.51	-2.9907
30.52	-2.9897
30.52	-2.9888
30.53	-2.9878
30.54	-2.9867
30.55	-2.9857
30.56	-2.9848
30.57	-2.9837
30.57	-2.9828
30.58	-2.9818
30.59	-2.9806
30.59	-2.9796
30.61	-2.9786
30.62	-2.9775
30.63	-2.9766
30.63	-2.9757
30.64	-2.9746
30.65	-2.9734
30.65	-2.9724
30.66	-2.9714
30.67	-2.9704
30.68	-2.9694
30.69	-2.9684
30.70	-2.9675
30.71	-2.9665
30.72	-2.9657
30.72	-2.9647
30.73	-2.9638
30.74	-2.9629
30.75	-2.9619
30.76	-2.9611
30.76	-2.9601
30.78	-2.9593
30.78	-2.9584
30.79	-2.9576
30.80	-2.9565
30.80	-2.9557
30.81	-2.9547
30.82	-2.9537
30.83	-2.9527
30.84	-2.9518
30.85	-2.9507
30.85	-2.9498
30.86	-2.9489
30.87	-2.9480
30.88	-2.9472
30.89	-2.9464
30.90	-2.9455
30.91	-2.9445
30.92	-2.9437
30.93	-2.9428
30.93	-2.9418
30.94	-2.9409
30.95	-2.9398
30.95	-2.9389
30.97	-2.9379
30.98	-2.9370
30.98	-2.9360
30.99	-2.9351
31.00	-2.9342
31.00	-2.9333
31.01	-2.9323
31.02	-2.9313
31.03	-2.9302
31.04	-2.9293
31.04	-2.9284
31.05	-2.9274
31.07	-2.9263
31.07	-2.9254
31.08	-2.9244
31.09	-2.9235
31.10	-2.9224
31.10	-2.9214
31.11	-2.9203
31.12	-2.9193
31.13	-2.9182
31.14	-2.9172
31.15	-2.9163
31.15	-2.9152
31.17	-2.9141
31.18	-2.9131
31.18	-2.9122
31.19	-2.9112
31.20	-2.9102
31.20	-2.9091
31.22	-2.9081
31.23	-2.9072
31.23	-2.9061
31.24	-2.9049
31.25	-2.9038
31.26	-2.9026
31.26	-2.9014
31.27	-2.9004
31.28	-2.8994
31.29	-2.8983
31.30	-2.8972
31.30	-2.8960
31.31	-2.8950
31.32	-2.8940
31.33	-2.8929
31.34	-2.8918
31.35	-2.8906
31.35	-2.8896
31.36	-2.8886
31.38	-2.8875
31.39	-2.8864
31.39	-2.8853
31.40	-2.8841
31.40	-2.8829
31.41	-2.8818
31.42	-2.8806
31.43	-2.8795
31.44	-2.8782
31.45	-2.8772
31.46	-2.8761
31.46	-2.8751
31.47	-2.8740
31.48	-2.8727
31.48	-2.8716
31.50	-2.8705
31.50	-2.8693
31.51	-2.8684
31.53	-2.8670
31.53	-2.8660
31.54	-2.8648
31.54	-2.8636
31.55	-2.8625
31.56	-2.8611
31.57	-2.8599
31.58	-2.8588
31.58	-2.8575
31.60	-2.8564
31.60	-2.8551
31.61	-2.8540
31.62	-2.8529
31.63	-2.8518
31.63	-2.8506
31.65	-2.8495
31.65	-2.8482
31.66	-2.8470
31.67	-2.8458
31.68	-2.8444
31.68	-2.8431
31.69	-2.8419
31.70	-2.8406
31.71	-2.8395
31.72	-2.8383
31.73	-2.8370
31.74	-2.8358
31.75	-2.8346
31.75	-2.8333
31.76	-2.8322
31.77	-2.8308
31.78	-2.8295
31.78	-2.8284
31.79	-2.8273
31.80	-2.8262
31.81	-2.8250
31.82	-2.8238
31.83	-2.8228
31.84	-2.8216
31.85	-2.8203
31.85	-2.8189
31.86	-2.8176
31.87	-2.8163
31.88	-2.8149
31.88	-2.8135
31.89	-2.8122
31.90	-2.8108
31.90	-2.8095
31.92	-2.8081
31.93	-2.8068
31.93	-2.8055
31.94	-2.8041
31.95	-2.8027
31.96	-2.8012
31.97	-2.7999
31.98	-2.7985
31.98	-2.7971
31.99	-2.7956
32.00	-2.7942
32.01	-2.7929
32.01	-2.7915
32.02	-2.7901
32.03	-2.7888
32.05	-2.7874
32.05	-2.7859
32.06	-2.7844
32.07	-2.7829
32.08	-2.7815
32.08	-2.7800
32.09	-2.7786
32.10	-2.7772
32.11	-2.7759
32.12	-2.7744
32.13	-2.7728
32.13	-2.7715
32.14	-2.7701
32.15	-2.7687
32.16	-2.7672
32.17	-2.7657
32.18	-2.7642
32.19	-2.7626
32.20	-2.7612
32.20	-2.7598
32.21	-2.7583
32.22	-2.7569
32.23	-2.7554
32.24	-2.7540
32.24	-2.7526
32.25	-2.7513
32.26	-2.7497
32.27	-2.7484
32.27	-2.7470
32.28	-2.7456
32.29	-2.7441
32.30	-2.7428
32.31	-2.7414
32.32	-2.7399
32.33	-2.7385
32.33	-2.7370
32.34	-2.7355
32.35	-2.7342
32.35	-2.7328
32.36	-2.7315
32.37	-2.7301
32.38	-2.7286
32.39	-2.7273
32.40	-2.7258
32.41	-2.7244
32.42	-2.7229
32.42	-2.7215
32.43	-2.7200
32.44	-2.7185
32.45	-2.7170
32.45	-2.7155
32.46	-2.7140
32.47	-2.7125
32.48	-2.7110
32.49	-2.7095
32.50	-2.7081
32.50	-2.7066
32.52	-2.7051
32.52	-2.7036
32.53	-2.7021
32.54	-2.7006
32.55	-2.6990
32.56	-2.6975
32.57	-2.6961
32.58	-2.6946
32.58	-2.6931
32.59	-2.6916
32.61	-2.6900
32.61	-2.6886
32.62	-2.6871
32.63	-2.6854
32.63	-2.6838
32.64	-2.6823
32.65	-2.6807
32.65	-2.6791
32.66	-2.6776
32.67	-2.6761
32.68	-2.6746
32.70	-2.6730
32.70	-2.6717
32.71	-2.6702
32.72	-2.6687
32.73	-2.6671
32.73	-2.6655
32.74	-2.6640
32.74	-2.6624
32.76	-2.6608
32.77	-2.6594
32.77	-2.6577
32.78	-2.6562
32.79	-2.6547
32.80	-2.6532
32.81	-2.6516
32.81	-2.6500
32.82	-2.6485
32.83	-2.6470
32.84	-2.6452
32.85	-2.6436
32.85	-2.6422
32.87	-2.6405
32.88	-2.6390
32.88	-2.6375
32.89	-2.6360
32.90	-2.6343
32.91	-2.6327
32.91	-2.6311
32.92	-2.6294
32.93	-2.6278
32.94	-2.6263
32.95	-2.6247
32.96	-2.6232
32.97	-2.6215
32.98	-2.6198
32.98	-2.6184
32.99	-2.6166
33.00	-2.6150
33.01	-2.6134
33.02	-2.6117
33.02	-2.6100
33.03	-2.6085
33.04	-2.6069
33.05	-2.6053
33.06	-2.6037
33.07	-2.6020
33.08	-2.6004
33.08	-2.5988
33.09	-2.5972
33.10	-2.5957
33.11	-2.5940
33.12	-2.5925
33.13	-2.5910
33.13	-2.5894
33.14	-2.5878
33.15	-2.5861
33.16	-2.5847
33.17	-2.5829
33.17	-2.5813
33.18	-2.5798
33.19	-2.5783
33.20	-2.5766
33.21	-2.5751
33.22	-2.5736
33.22	-2.5719
33.23	-2.5704
33.24	-2.5688
33.24	-2.5673
33.25	-2.5658
33.26	-2.5642
33.27	-2.5627
33.28	-2.5612
33.29	-2.5596
33.30	-2.5581
33.30	-2.5566
33.31	-2.5549
33.32	-2.5535
33.33	-2.5520
33.34	-2.5505
33.34	-2.5491
33.35	-2.5477
33.36	-2.5462
33.37	-2.5449
33.38	-2.5432
33.38	-2.5419
33.40	-2.5403
33.40	-2.5389
33.41	-2.5373
33.42	-2.5358
33.42	-2.5343
33.44	-2.5328
33.45	-2.5313
33.45	-2.5298
33.46	-2.5283
33.47	-2.5268
33.48	-2.5252
33.49	-2.5237
33.49	-2.5222
33.50	-2.5206
33.51	-2.5192
33.52	-2.5178
33.53	-2.5164
33.53	-2.5150
33.55	-2.5136
33.55	-2.5123
33.56	-2.5108
33.57	-2.5093
33.58	-2.5079
33.59	-2.5064
33.59	-2.5051
33.60	-2.5036
33.61	-2.5023
33.62	-2.5010
33.63	-2.4997
33.63	-2.4983
33.65	-2.4970
33.66	-2.4958
33.67	-2.4945
33.67	-2.4933
33.68	-2.4920
33.69	-2.4909
33.70	-2.4898
33.70	-2.4886
33.71	-2.4875
33.72	-2.4862
33.73	-2.4851
33.74	-2.4841
33.74	-2.4830
33.75	-2.4820
33.77	-2.4810
33.77	-2.4799
33.78	-2.4789
33.79	-2.4780
33.80	-2.4772
33.80	-2.4763
33.81	-2.4755
33.82	-2.4745
33.83	-2.4737
33.84	-2.4730
33.84	-2.4721
33.86	-2.4714
33.86	-2.4708
33.87	-2.4702
33.88	-2.4695
33.89	-2.4689
33.90	-2.4680
33.91	-2.4674
33.92	-2.4669
33.92	-2.4662
33.93	-2.4657
33.94	-2.4651
33.95	-2.4647
33.95	-2.4642
33.96	-2.4637
33.98	-2.4632
33.98	-2.4628
33.99	-2.4624
33.99	-2.4619
34.00	-2.4616
34.01	-2.4615
34.02	-2.4613
34.03	-2.4611
34.03	-2.4610
34.04	-2.4608
34.05	-2.4606
34.06	-2.4604
34.07	-2.4602
34.08	-2.4601
34.09	-2.4601
34.09	-2.4601
34.10	-2.4601
34.11	-2.4602
34.12	-2.4604
34.13	-2.4605
34.14	-2.4606
34.15	-2.4610
34.15	-2.4611
34.15	-2.4614
34.17	-2.4616
34.18	-2.4618
34.19	-2.4622
34.20	-2.4625
34.20	-2.4630
34.21	-2.4635
34.22	-2.4640
34.23	-2.4644
34.23	-2.4650
34.24	-2.4657
34.24	-2.4663
34.26	-2.4670
34.27	-2.4678
34.28	-2.4686
34.29	-2.4693
34.30	-2.4703
34.30	-2.4712
34.31	-2.4720
34.31	-2.4730
34.33	-2.4740
34.34	-2.4751
34.34	-2.4762
34.35	-2.4774
34.36	-2.4787
34.37	-2.4799
34.38	-2.4813
34.38	-2.4827
34.39	-2.4841
34.40	-2.4855
34.41	-2.4871
34.42	-2.4887
34.43	-2.4904
34.43	-2.4920
34.44	-2.4937
34.45	-2.4956
34.45	-2.4975
34.47	-2.4993
34.48	-2.5013
34.49	-2.5033
34.49	-2.5053
34.50	-2.5075
34.51	-2.5098
34.52	-2.5121
34.52	-2.5144
34.54	-2.5168
34.54	-2.5193
34.55	-2.5219
34.56	-2.5243
34.57	-2.5271
34.58	-2.5297
34.58	-2.5325
34.59	-2.5355
34.59	-2.5385
34.60	-2.5415
34.62	-2.5447
34.63	-2.5480
34.64	-2.5512
34.65	-2.5545
34.65	-2.5580
34.66	-2.5614
34.67	-2.5650
34.68	-2.5687
34.68	-2.5725
34.69	-2.5763
34.70	-2.5803
34.71	-2.5845
34.72	-2.5885
34.73	-2.5927
34.73	-2.5970
34.74	-2.6014
34.75	-2.6059
34.76	-2.6105
34.77	-2.6152
34.77	-2.6200
34.78	-2.6249
34.79	-2.6299
34.80	-2.6350
34.81	-2.6402
34.82	-2.6455
34.83	-2.6509
34.83	-2.6564
34.84	-2.6621
34.84	-2.6678
34.86	-2.6736
34.87	-2.6796
34.88	-2.6857
34.88	-2.6918
34.89	-2.6980
34.90	-2.7044
34.91	-2.7111
34.92	-2.7175
34.93	-2.7243
34.93	-2.7312
34.94	-2.7381
34.95	-2.7451
34.96	-2.7522
34.96	-2.7594
34.97	-2.7665
34.98	-2.7739
34.99	-2.7814
34.99	-2.7890
35.00	-2.7967
35.01	-2.8045
35.02	-2.8123
35.03	-2.8202
35.04	-2.8283
35.05	-2.8365
35.05	-2.8448
35.07	-2.8531
35.08	-2.8617
35.08	-2.8704
35.09	-2.8790
35.10	-2.8879
35.10	-2.8968
35.11	-2.9058
35.12	-2.9148
35.13	-2.9240
35.13	-2.9331
35.15	-2.9424
35.15	-2.9518
35.17	-2.9612
35.18	-2.9708
35.18	-2.9804
35.19	-2.9900
35.20	-2.9997
35.20	-3.0095
35.21	-3.0194
35.22	-3.0294
35.23	-3.0393
35.24	-3.0494
35.25	-3.0596
35.26	-3.0698
35.27	-3.0801
35.27	-3.0903
35.28	-3.1006
35.29	-3.1109
35.30	-3.1213
35.31	-3.1316
35.32	-3.1421
35.33	-3.1525
35.33	-3.1630
35.34	-3.1736
35.35	-3.1840
35.36	-3.1945
35.36	-3.2049
35.37	-3.2154
35.38	-3.2258
35.39	-3.2361
35.40	-3.2464
35.41	-3.2568
35.42	-3.2670
35.43	-3.2773
35.44	-3.2875
35.45	-3.2977
35.45	-3.3079
35.46	-3.3181
35.46	-3.3283
35.48	-3.3382
35.48	-3.3481
35.49	-3.3580
35.50	-3.3676
35.51	-3.3774
35.52	-3.3870
35.52	-3.3964
35.53	-3.4058
35.54	-3.4149
35.55	-3.4240
35.55	-3.4330
35.57	-3.4419
35.58	-3.4505
35.58	-3.4592
35.59	-3.4675
35.60	-3.4758
35.61	-3.4840
35.62	-3.4921
35.62	-3.5001
35.63	-3.5077
35.64	-3.5152
35.65	-3.5226
35.66	-3.5298
35.67	-3.5369
35.68	-3.5439
35.68	-3.5507
35.69	-3.5571
35.70	-3.5638
35.71	-3.5699
35.72	-3.5760
35.73	-3.5819
35.74	-3.5876
35.74	-3.5932
35.75	-3.5986
35.76	-3.6038
35.77	-3.6088
35.77	-3.6137
35.78	-3.6184
35.79	-3.6229
35.80	-3.6273
35.81	-3.6315
35.82	-3.6353
35.83	-3.6391
35.83	-3.6428
35.84	-3.6461
35.85	-3.6495
35.86	-3.6527
35.87	-3.6556
35.88	-3.6585
35.89	-3.6611
35.90	-3.6637
35.90	-3.6660
35.90	-3.6683
35.92	-3.6703
35.93	-3.6723
35.93	-3.6741
35.94	-3.6758
35.95	-3.6774
35.95	-3.6788
35.97	-3.6801
35.97	-3.6812
35.98	-3.6823
35.99	-3.6831
35.99	-3.6839
36.00	-3.6846
36.01	-3.6851
36.02	-3.6857
36.03	-3.6861
36.04	-3.6864
36.05	-3.6866
36.05	-3.6869
36.06	-3.6868
36.07	-3.6866
36.08	-3.6866
36.08	-3.6863
36.09	-3.6861
36.10	-3.6858
36.12	-3.6855
36.13	-3.6849
36.13	-3.6843
36.14	-3.6838
36.14	-3.6832
36.15	-3.6824
36.16	-3.6818
36.17	-3.6810
36.18	-3.6802
36.18	-3.6794
36.19	-3.6785
36.20	-3.6775
36.22	-3.6765
36.22	-3.6755
36.23	-3.6743
36.24	-3.6733
36.25	-3.6720
36.26	-3.6710
36.26	-3.6699
36.27	-3.6689
36.27	-3.6679
36.29	-3.6669
36.29	-3.6657
36.30	-3.6647
36.31	-3.6636
36.32	-3.6625
36.32	-3.6614
36.33	-3.6603
36.34	-3.6593
36.35	-3.6582
36.36	-3.6574
36.37	-3.6563
36.38	-3.6554
36.38	-3.6544
36.40	-3.6535
36.41	-3.6526
36.42	-3.6517
36.43	-3.6508
36.43	-3.6501
36.43	-3.6492
36.44	-3.6483
36.45	-3.6475
36.46	-3.6467
36.47	-3.6461
36.48	-3.6456
36.49	-3.6450
36.49	-3.6445
36.50	-3.6441
36.51	-3.6436
36.52	-3.6431
36.52	-3.6428
36.54	-3.6424
36.55	-3.6421
36.55	-3.6417
36.56	-3.6413
36.57	-3.6409
36.58	-3.6406
36.59	-3.6403
36.59	-3.6402
36.60	-3.6400
36.61	-3.6399
36.62	-3.6396
36.63	-3.6395
36.64	-3.6394
36.64	-3.6393
36.65	-3.6392
36.66	-3.6391
36.67	-3.6390
36.68	-3.6392
36.69	-3.6393
36.70	-3.6394
36.71	-3.6398
36.71	-3.6400
36.72	-3.6401
36.73	-3.6404
36.73	-3.6406
36.74	-3.6408
36.75	-3.6411
36.76	-3.6415
36.77	-3.6417
36.78	-3.6422
36.79	-3.6427
36.80	-3.6431
36.80	-3.6438
36.81	-3.6443
36.82	-3.6449
36.83	-3.6456
36.84	-3.6463
36.84	-3.6472
36.85	-3.6479
36.86	-3.6489
36.87	-3.6497
36.88	-3.6507
36.88	-3.6515
36.89	-3.6524
36.90	-3.6535
36.91	-3.6547
36.92	-3.6558
36.93	-3.6570
36.93	-3.6583
36.95	-3.6596
36.95	-3.6609
36.96	-3.6623
36.97	-3.6637
36.98	-3.6652
36.98	-3.6668
36.99	-3.6683
37.00	-3.6698
37.01	-3.6716
37.02	-3.6731
37.02	-3.6748
37.03	-3.6766
37.04	-3.6785
37.05	-3.6804
37.06	-3.6824
37.07	-3.6843
37.08	-3.6862
37.09	-3.6882
37.09	-3.6902
37.10	-3.6922
37.11	-3.6941
37.12	-3.6964
37.13	-3.6986
37.13	-3.7008
37.14	-3.7029
37.15	-3.7050
37.16	-3.7072
37.17	-3.7096
37.18	-3.7118
37.18	-3.7141
37.20	-3.7164
37.20	-3.7187
37.21	-3.7209
37.22	-3.7233
37.23	-3.7257
37.24	-3.7280
37.24	-3.7304
37.26	-3.7330
37.26	-3.7354
37.27	-3.7376
37.28	-3.7400
37.28	-3.7423
37.30	-3.7449
37.30	-3.7472
37.31	-3.7496
37.32	-3.7520
37.33	-3.7543
37.34	-3.7567
37.34	-3.7590
37.35	-3.7613
37.36	-3.7637
37.36	-3.7661
37.38	-3.7684
37.38	-3.7706
37.40	-3.7728
37.40	-3.7752
37.41	-3.7774
37.42	-3.7797
37.43	-3.7819
37.44	-3.7842
37.44	-3.7863
37.45	-3.7885
37.46	-3.7907
37.47	-3.7928
37.48	-3.7950
37.49	-3.7970
37.49	-3.7992
37.50	-3.8013
37.51	-3.8033
37.52	-3.8052
37.52	-3.8072
37.53	-3.8092
37.55	-3.8111
37.55	-3.8130
37.56	-3.8148
37.57	-3.8166
37.58	-3.8185
37.59	-3.8201
37.59	-3.8218
37.60	-3.8235
37.62	-3.8251
37.63	-3.8267
37.63	-3.8285
37.63	-3.8301
37.65	-3.8316
37.65	-3.8333
37.66	-3.8348
37.67	-3.8363
37.68	-3.8379
37.69	-3.8392
37.69	-3.8406
37.70	-3.8420
37.71	-3.8434
37.71	-3.8446
37.73	-3.8459
37.73	-3.8471
37.74	-3.8483
37.75	-3.8496
37.75	-3.8506
37.76	-3.8517
37.77	-3.8529
37.78	-3.8539
37.79	-3.8549
37.80	-3.8558
37.81	-3.8568
37.82	-3.8578
37.83	-3.8587
37.83	-3.8595
37.84	-3.8604
37.85	-3.8611
37.86	-3.8619
37.87	-3.8625
37.88	-3.8630
37.88	-3.8635
37.89	-3.8641
37.90	-3.8646
37.91	-3.8652
37.92	-3.8657
37.93	-3.8662
37.93	-3.8666
37.94	-3.8670
37.95	-3.8674
37.96	-3.8677
37.97	-3.8680
37.98	-3.8681
37.98	-3.8683
37.99	-3.8685
38.00	-3.8685
38.01	-3.8687
38.02	-3.8687
38.02	-3.8687
38.04	-3.8688
38.05	-3.8688
38.05	-3.8687
38.06	-3.8686
38.07	-3.8685
38.08	-3.8684
38.09	-3.8682
38.09	-3.8681
38.10	-3.8679
38.10	-3.8676
38.12	-3.8673
38.13	-3.8670
38.13	-3.8667
38.14	-3.8662
38.15	-3.8657
38.16	-3.8650
38.17	-3.8642
38.18	-3.8635
38.19	-3.8627
38.20	-3.8622
38.20	-3.8612
38.21	-3.8604
38.22	-3.8595
38.23	-3.8585
38.24	-3.8575
38.24	-3.8565
38.25	-3.8554
38.26	-3.8543
38.27	-3.8533
38.27	-3.8521
38.28	-3.8511
38.30	-3.8497
38.30	-3.8486
38.31	-3.8474
38.32	-3.8461
38.33	-3.8450
38.34	-3.8437
38.34	-3.8424
38.35	-3.8411
38.36	-3.8398
38.37	-3.8385
38.37	-3.8371
38.38	-3.8358
38.39	-3.8344
38.40	-3.8330
38.41	-3.8315
38.42	-3.8301
38.43	-3.8287
38.43	-3.8273
38.44	-3.8257
38.45	-3.8242
38.46	-3.8227
38.47	-3.8212
38.48	-3.8196
38.48	-3.8181
38.49	-3.8166
38.50	-3.8152
38.51	-3.8135
38.52	-3.8120
38.52	-3.8105
38.54	-3.8090
38.55	-3.8074
38.56	-3.8059
38.56	-3.8044
38.57	-3.8028
38.58	-3.8012
38.58	-3.7997
38.59	-3.7983
38.60	-3.7967
38.61	-3.7953
38.62	-3.7940
38.63	-3.7926
38.63	-3.7911
38.64	-3.7897
38.65	-3.7884
38.66	-3.7871
38.67	-3.7857
38.68	-3.7844
38.69	-3.7831
38.70	-3.7819
38.70	-3.7806
38.70	-3.7793
38.71	-3.7779
38.72	-3.7766
38.73	-3.7753
38.74	-3.7740
38.75	-3.7729
38.75	-3.7718
38.76	-3.7707
38.77	-3.7696
38.78	-3.7686
38.79	-3.7675
38.80	-3.7665
38.81	-3.7656
38.82	-3.7648
38.83	-3.7638
38.84	-3.7629
38.84	-3.7619
38.85	-3.7612
38.86	-3.7604
38.86	-3.7596
38.88	-3.7590
38.88	-3.7583
38.89	-3.7577
38.90	-3.7571
38.90	-3.7566
38.92	-3.7559
38.93	-3.7554
38.94	-3.7551
38.94	-3.7547
38.95	-3.7544
38.95	-3.7541
38.96	-3.7539
38.97	-3.7538
38.98	-3.7537
38.99	-3.7536
39.00	-3.7536
39.00	-3.7535
39.01	-3.7537
39.02	-3.7539
39.03	-3.7540
39.05	-3.7542
39.05	-3.7543
39.06	-3.7545
39.07	-3.7547
39.08	-3.7550
39.08	-3.7552
39.09	-3.7555
39.10	-3.7559
39.11	-3.7565
39.12	-3.7570
39.13	-3.7576
39.13	-3.7582
39.14	-3.7587
39.15	-3.7595
39.16	-3.7603
39.17	-3.7611
39.18	-3.7619
39.18	-3.7629
39.19	-3.7636
39.20	-3.7643
39.21	-3.7650
39.21	-3.7659
39.23	-3.7669
39.23	-3.7677
39.24	-3.7687
39.24	-3.7696
39.26	-3.7705
39.27	-3.7714
39.27	-3.7726
39.28	-3.7735
39.29	-3.7746
39.30	-3.7756
39.31	-3.7767
39.33	-3.7777
39.33	-3.7787
39.33	-3.7797
39.34	-3.7807
39.35	-3.7817
39.36	-3.7826
39.36	-3.7835
39.37	-3.7845
39.38	-3.7855
39.39	-3.7865
39.40	-3.7875
39.41	-3.7885
39.42	-3.7893
39.43	-3.7902
39.43	-3.7911
39.44	-3.7921
39.45	-3.7930
39.45	-3.7939
39.46	-3.7947
39.47	-3.7955
39.48	-3.7963
39.49	-3.7970
39.49	-3.7978
39.50	-3.7986
39.51	-3.7992
39.52	-3.8000
39.53	-3.8006
39.54	-3.8012
39.55	-3.8017
39.55	-3.8022
39.56	-3.8027
39.57	-3.8032
39.58	-3.8036
39.59	-3.8040
39.60	-3.8046
39.60	-3.8050
39.62	-3.8053
39.63	-3.8057
39.63	-3.8060
39.64	-3.8063
39.65	-3.8067
39.65	-3.8070
39.66	-3.8071
39.67	-3.8074
39.68	-3.8075
39.69	-3.8078
39.70	-3.8079
39.70	-3.8082
39.71	-3.8083
39.72	-3.8084
39.73	-3.8085
39.74	-3.8087
39.74	-3.8088
39.75	-3.8089
39.76	-3.8090
39.77	-3.8089
39.78	-3.8090
39.79	-3.8090
39.79	-3.8090
39.80	-3.8088
39.81	-3.8087
39.82	-3.8086
39.83	-3.8083
39.84	-3.8081
39.84	-3.8078
39.85	-3.8077
39.86	-3.8074
39.88	-3.8072
39.88	-3.8070
39.89	-3.8067
39.90	-3.8065
39.90	-3.8062
39.92	-3.8058
39.92	-3.8055
39.93	-3.8052
39.93	-3.8050
39.95	-3.8046
39.97	-3.8042
39.97	-3.8037
39.98	-3.8034
39.98	-3.8030
39.99	-3.8026
40.00	-3.8022
40.00	-3.8018
40.01	-3.8014
40.02	-3.8012
40.03	-3.8009
40.04	-3.8005
40.05	-3.8003
40.06	-3.8000
40.07	-3.7998
40.07	-3.7994
40.08	-3.7991
40.09	-3.7989
40.10	-3.7987
40.11	-3.7984
40.11	-3.7980
40.12	-3.7977
40.13	-3.7975
40.14	-3.7974
40.15	-3.7971
40.16	-3.7970
40.17	-3.7968
40.18	-3.7967
40.18	-3.7965
40.19	-3.7964
40.20	-3.7962
40.21	-3.7960
40.21	-3.7959
40.22	-3.7958
40.23	-3.7957
40.24	-3.7956
40.25	-3.7954
40.26	-3.7954
40.27	-3.7954
40.27	-3.7953
40.28	-3.7953
40.29	-3.7953
40.30	-3.7953
40.31	-3.7953
40.32	-3.7952
40.33	-3.7951
40.33	-3.7951
40.34	-3.7951
40.34	-3.7952
40.35	-3.7952
40.36	-3.7952
40.37	-3.7952
40.38	-3.7952
40.39	-3.7951
40.40	-3.7951
40.40	-3.7951
40.41	-3.7952
40.42	-3.7952
40.43	-3.7952
40.44	-3.7953
40.45	-3.7954
40.45	-3.7954
40.47	-3.7955
40.47	-3.7955
40.48	-3.7956
40.49	-3.7956
40.49	-3.7957
40.50	-3.7958
40.51	-3.7959
40.52	-3.7960
40.53	-3.7960
40.54	-3.7960
40.54	-3.7960
40.55	-3.7960
40.56	-3.7960
40.57	-3.7961
40.58	-3.7963
40.59	-3.7964
40.60	-3.7964
40.61	-3.7964
40.62	-3.7965
40.63	-3.7966
40.63	-3.7966
40.64	-3.7967
40.64	-3.7968
40.65	-3.7967
40.66	-3.7968
40.67	-3.7969
40.68	-3.7970
40.69	-3.7972
40.70	-3.7974
40.70	-3.7975
40.71	-3.7976
40.72	-3.7977
40.73	-3.7977
40.74	-3.7980
40.74	-3.7980
40.75	-3.7981
40.77	-3.7982
40.77	-3.7982
40.78	-3.7984
40.79	-3.7986
40.80	-3.7986
40.80	-3.7987
40.81	-3.7987
40.83	-3.7990
40.83	-3.7991
40.84	-3.7991
40.84	-3.7992
40.85	-3.7993
40.86	-3.7994
40.87	-3.7996
40.88	-3.7996
40.89	-3.7997
40.90	-3.7998
40.90	-3.8000
40.91	-3.8000
40.92	-3.8001
40.93	-3.8004
40.94	-3.8005
40.95	-3.8006
40.96	-3.8006
40.97	-3.8007
40.97	-3.8008
40.98	-3.8010
40.99	-3.8012
40.99	-3.8014
41.00	-3.8015
41.01	-3.8017
41.02	-3.8018
41.03	-3.8019
41.04	-3.8019
41.05	-3.8020
41.05	-3.8021
41.06	-3.8022
41.07	-3.8023
41.08	-3.8024
41.09	-3.8025
41.09	-3.8026
41.10	-3.8028
41.11	-3.8030
41.12	-3.8032
41.13	-3.8033
41.14	-3.8033
41.15	-3.8034
41.15	-3.8036
41.16	-3.8037
41.17	-3.8038
41.18	-3.8040
41.19	-3.8041
41.20	-3.8043
41.20	-3.8044
41.21	-3.8046
41.22	-3.8049
41.23	-3.8051
41.24	-3.8053
41.24	-3.8055
41.25	-3.8057
41.26	-3.8060
41.27	-3.8061
41.27	-3.8063
41.28	-3.8066
41.29	-3.8066
41.30	-3.8069
41.31	-3.8070
41.32	-3.8071
41.33	-3.8073
41.33	-3.8075
41.34	-3.8079
41.35	-3.8083
41.36	-3.8087
41.37	-3.8090
41.37	-3.8092
41.38	-3.8097
41.40	-3.8102
41.40	-3.8106
41.41	-3.8107
41.42	-3.8110
41.43	-3.8113
41.43	-3.8116
41.44	-3.8118
41.45	-3.8120
41.46	-3.8121
41.47	-3.8124
41.48	-3.8125
41.49	-3.8126
41.49	-3.8129
41.50	-3.8131
41.51	-3.8132
41.52	-3.8135
41.53	-3.8137
41.53	-3.8138
41.54	-3.8141
41.55	-3.8143
41.56	-3.8144
41.57	-3.8148
41.58	-3.8149
41.59	-3.8151
41.59	-3.8154
41.60	-3.8156
41.61	-3.8158
41.62	-3.8162
41.63	-3.8164
41.63	-3.8167
41.64	-3.8168
41.65	-3.8171
41.66	-3.8174
41.67	-3.8176
41.68	-3.8177
41.68	-3.8179
41.69	-3.8181
41.70	-3.8184
41.71	-3.8187
41.72	-3.8191
41.73	-3.8193
41.74	-3.8196
41.74	-3.8203
41.75	-3.8205
41.76	-3.8207
41.77	-3.8211
41.78	-3.8214
41.79	-3.8218
41.80	-3.8221
41.80	-3.8225
41.81	-3.8229
41.83	-3.8232
41.83	-3.8235
41.83	-3.8238
41.84	-3.8242
41.85	-3.8247
41.86	-3.8251
41.87	-3.8257
41.88	-3.8260
41.88	-3.8265
41.89	-3.8269
41.90	-3.8273
41.91	-3.8278
41.92	-3.8283
41.93	-3.8288
41.93	-3.8293
41.95	-3.8298
41.96	-3.8302
41.97	-3.8307
41.98	-3.8312
41.98	-3.8317
41.99	-3.8324
41.99	-3.8328
42.00	-3.8334
42.01	-3.8339
42.02	-3.8345
42.02	-3.8350
42.03	-3.8355
42.05	-3.8362
42.05	-3.8368
42.06	-3.8373
42.07	-3.8379
42.08	-3.8384
42.09	-3.8390
42.09	-3.8395
42.10	-3.8401
42.11	-3.8407
42.12	-3.8415
42.13	-3.8420
42.13	-3.8427
42.14	-3.8432
42.15	-3.8437
42.16	-3.8443
42.17	-3.8450
42.18	-3.8457
42.18	-3.8463
42.19	-3.8469
42.20	-3.8475
42.21	-3.8481
42.22	-3.8488
42.22	-3.8495
42.23	-3.8502
42.24	-3.8507
42.25	-3.8514
42.26	-3.8521
42.27	-3.8527
42.27	-3.8534
42.29	-3.8540
42.29	-3.8546
42.30	-3.8552
42.30	-3.8557
42.31	-3.8563
42.32	-3.8570
42.33	-3.8577
42.34	-3.8583
42.34	-3.8589
42.35	-3.8596
42.36	-3.8602
42.38	-3.8609
42.39	-3.8614
42.39	-3.8619
42.40	-3.8627
42.41	-3.8632
42.42	-3.8637
42.43	-3.8643
42.44	-3.8650
42.44	-3.8656
42.45	-3.8662
42.46	-3.8670
42.46	-3.8675
42.47	-3.8681
42.48	-3.8686
42.49	-3.8691
42.50	-3.8698
42.51	-3.8703
42.52	-3.8710
42.53	-3.8715
42.53	-3.8720
42.54	-3.8727
42.55	-3.8732
42.56	-3.8737
42.57	-3.8743
42.58	-3.8749
42.58	-3.8756
42.59	-3.8762
42.60	-3.8769
42.61	-3.8776
42.62	-3.8781
42.63	-3.8786
42.64	-3.8792
42.64	-3.8799
42.65	-3.8803
42.66	-3.8810
42.67	-3.8815
42.68	-3.8821
42.68	-3.8828
42.69	-3.8834
42.70	-3.8840
42.70	-3.8845
42.71	-3.8850
42.73	-3.8856
42.73	-3.8862
42.74	-3.8866
42.75	-3.8872
42.76	-3.8878
42.77	-3.8886
42.77	-3.8891
42.78	-3.8898
42.79	-3.8902
42.80	-3.8908
42.81	-3.8913
42.82	-3.8920
42.83	-3.8925
42.83	-3.8930
42.84	-3.8936
42.85	-3.8941
42.86	-3.8947
42.87	-3.8951
42.88	-3.8956
42.88	-3.8963
42.89	-3.8969
42.90	-3.8974
42.90	-3.8980
42.91	-3.8986
42.93	-3.8991
42.93	-3.8998
42.94	-3.9004
42.95	-3.9010
42.96	-3.9016
42.97	-3.9021
42.98	-3.9026
42.98	-3.9033
42.99	-3.9038
43.00	-3.9044
43.01	-3.9052
43.02	-3.9056
43.02	-3.9061
43.03	-3.9066
43.04	-3.9072
43.05	-3.9078
43.05	-3.9084
43.06	-3.9090
43.07	-3.9097
43.08	-3.9103
43.09	-3.9108
43.09	-3.9114
43.10	-3.9119
43.12	-3.9125
43.12	-3.9130
43.13	-3.9134
43.14	-3.9139
43.14	-3.9144
43.15	-3.9147
43.16	-3.9152
43.17	-3.9158
43.18	-3.9163
43.19	-3.9166
43.20	-3.9172
43.20	-3.9175
43.21	-3.9180
43.22	-3.9184
43.23	-3.9187
43.24	-3.9190
43.24	-3.9195
43.25	-3.9198
43.27	-3.9202
43.27	-3.9206
43.28	-3.9209
43.29	-3.9213
43.30	-3.9217
43.30	-3.9222
43.31	-3.9225
43.32	-3.9228
43.33	-3.9231
43.34	-3.9234
43.35	-3.9238
43.36	-3.9242
43.37	-3.9246
43.38	-3.9249
43.39	-3.9251
43.39	-3.9257
43.40	-3.9260
43.40	-3.9265
43.41	-3.9269
43.42	-3.9272
43.43	-3.9277
43.45	-3.9281
43.45	-3.9284
43.46	-3.9289
43.47	-3.9295
43.48	-3.9298
43.48	-3.9304
43.49	-3.9309
43.49	-3.9313
43.50	-3.9318
43.51	-3.9324
43.52	-3.9329
43.53	-3.9333
43.54	-3.9339
43.55	-3.9346
43.55	-3.9351
43.56	-3.9356
43.58	-3.9362
43.58	-3.9367
43.59	-3.9372
43.60	-3.9377
43.61	-3.9383
43.62	-3.9388
43.63	-3.9395
43.63	-3.9401
43.64	-3.9407
43.65	-3.9413
43.66	-3.9419
43.67	-3.9426
43.68	-3.9431
43.68	-3.9436
43.69	-3.9440
43.70	-3.9445
43.71	-3.9451
43.72	-3.9456
43.73	-3.9464
43.73	-3.9470
43.74	-3.9477
43.75	-3.9481
43.76	-3.9487
43.77	-3.9494
43.77	-3.9500
43.77	-3.9505
43.78	-3.9512
43.80	-3.9517
43.81	-3.9523
43.81	-3.9529
43.82	-3.9533
43.83	-3.9538
43.84	-3.9544
43.85	-3.9550
43.86	-3.9556
43.87	-3.9559
43.88	-3.9565
43.88	-3.9570
43.89	-3.9575
43.90	-3.9580
43.90	-3.9586
43.91	-3.9592
43.92	-3.9599
43.93	-3.9603
43.94	-3.9608
43.95	-3.9613
43.95	-3.9618
43.96	-3.9621
43.97	-3.9626
43.98	-3.9631
43.98	-3.9638
43.99	-3.9643
44.00	-3.9650
44.01	-3.9655
44.02	-3.9662
44.02	-3.9666
44.03	-3.9669
44.04	-3.9676
44.05	-3.9681
44.05	-3.9686
44.06	-3.9690
44.08	-3.9696
44.09	-3.9699
44.09	-3.9703
44.10	-3.9708
44.11	-3.9713
44.12	-3.9720
44.13	-3.9724
44.13	-3.9728
44.14	-3.9733
44.15	-3.9738
44.16	-3.9742
44.17	-3.9746
44.18	-3.9751
44.18	-3.9757
44.19	-3.9761
44.20	-3.9766
44.21	-3.9770
44.22	-3.9775
44.23	-3.9778
44.24	-3.9782
44.24	-3.9787
44.25	-3.9790
44.26	-3.9794
44.27	-3.9799
44.28	-3.9803
44.29	-3.9806
44.30	-3.9811
44.30	-3.9816
44.31	-3.9820
44.32	-3.9824
44.33	-3.9828
44.33	-3.9832
44.34	-3.9837
44.35	-3.9840
44.36	-3.9845
44.38	-3.9849
44.38	-3.9853
44.39	-3.9857
44.40	-3.9860
44.40	-3.9864
44.41	-3.9867
44.42	-3.9872
44.43	-3.9876
44.44	-3.9878
44.45	-3.9882
44.45	-3.9885
44.46	-3.9887
44.47	-3.9891
44.48	-3.9895
44.49	-3.9897
44.49	-3.9902
44.50	-3.9905
44.52	-3.9909
44.52	-3.9913
44.53	-3.9915
44.54	-3.9918
44.54	-3.9921
44.55	-3.9924
44.55	-3.9926
44.57	-3.9929
44.58	-3.9931
44.58	-3.9933
44.59	-3.9937
44.60	-3.9939
44.61	-3.9941
44.62	-3.9943
44.63	-3.9946
44.64	-3.9951
44.65	-3.9953
44.66	-3.9954
44.66	-3.9958
44.67	-3.9961
44.68	-3.9965
44.68	-3.9967
44.70	-3.9970
44.70	-3.9973
44.72	-3.9976
44.72	-3.9978
44.73	-3.9979
44.74	-3.9984
44.74	-3.9986
44.75	-3.9990
44.76	-3.9994
44.77	-3.9998
44.78	-4.0001
44.79	-4.0004
44.80	-4.0005
44.80	-4.0007
44.81	-4.0008
44.82	-4.0009
44.82	-4.0011
44.83	-4.0011
44.84	-4.0013
44.85	-4.0015
44.85	-4.0017
44.86	-4.0019
44.87	-4.0020
44.88	-4.0020
44.89	-4.0021
44.90	-4.0022
44.90	-4.0025
44.92	-4.0026
44.93	-4.0027
44.93	-4.0028
44.94	-4.0030
44.95	-4.0031
44.96	-4.0031
44.97	-4.0032
44.97	-4.0032
44.98	-4.0033
44.99	-4.0034
45.00	-4.0034
45.01	-4.0034
45.02	-4.0036
45.02	-4.0037
45.03	-4.0039
45.04	-4.0040
45.05	-4.0040
45.06	-4.0041
45.07	-4.0041
45.08	-4.0042
45.09	-4.0043
45.09	-4.0045
45.10	-4.0047
45.11	-4.0049
45.11	-4.0050
45.12	-4.0050
45.13	-4.0053
45.14	-4.0054
45.15	-4.0054
45.16	-4.0056
45.17	-4.0057
45.18	-4.0059
45.18	-4.0061
45.19	-4.0061
45.20	-4.0064
45.20	-4.0065
45.21	-4.0068
45.22	-4.0069
45.23	-4.0072
45.24	-4.0073
45.25	-4.0076
45.26	-4.0079
45.27	-4.0081
45.28	-4.0083
45.29	-4.0084
45.30	-4.0086
45.30	-4.0088
45.31	-4.0089
45.32	-4.0091
45.33	-4.0094
45.34	-4.0096
45.34	-4.0100
45.35	-4.0103
45.36	-4.0105
45.37	-4.0109
45.38	-4.0111
45.38	-4.0113
45.40	-4.0115
45.40	-4.0118
45.41	-4.0119
45.42	-4.0122
45.43	-4.0124
45.43	-4.0127
45.44	-4.0129
45.45	-4.0133
45.46	-4.0135
45.47	-4.0139
45.48	-4.0141
45.49	-4.0144
45.49	-4.0146
45.50	-4.0149
45.51	-4.0151
45.52	-4.0155
45.52	-4.0158
45.54	-4.0161
45.55	-4.0165
45.56	-4.0169
45.56	-4.0172
45.57	-4.0175
45.57	-4.0178
45.58	-4.0180
45.59	-4.0183
45.60	-4.0186
45.61	-4.0190
45.62	-4.0193
45.62	-4.0195
45.63	-4.0199
45.64	-4.0202
45.65	-4.0205
45.66	-4.0210
45.67	-4.0213
45.68	-4.0216
45.69	-4.0219
45.69	-4.0221
45.70	-4.0224
45.71	-4.0226
45.72	-4.0230
45.73	-4.0232
45.73	-4.0235
45.74	-4.0238
45.75	-4.0242
45.76	-4.0245
45.77	-4.0249
45.77	-4.0250
45.78	-4.0254
45.79	-4.0257
45.80	-4.0259
45.80	-4.0261
45.81	-4.0265
45.83	-4.0267
45.83	-4.0271
45.84	-4.0274
45.85	-4.0279
45.86	-4.0281
45.87	-4.0285
45.87	-4.0286
45.88	-4.0289
45.89	-4.0292
45.90	-4.0295
45.91	-4.0297
45.92	-4.0302
45.93	-4.0306
45.93	-4.0308
45.95	-4.0313
45.95	-4.0315
45.96	-4.0318
45.97	-4.0321
45.98	-4.0324
45.99	-4.0326
45.99	-4.0328
46.00	-4.0331
46.01	-4.0334
46.02	-4.0337
46.02	-4.0341
46.03	-4.0344
46.04	-4.0347
46.05	-4.0351
46.06	-4.0355
46.07	-4.0359
46.08	-4.0360
46.08	-4.0364
46.09	-4.0368
46.10	-4.0371
46.11	-4.0374
46.12	-4.0376
46.13	-4.0378
46.13	-4.0383
46.14	-4.0386
46.15	-4.0390
46.16	-4.0392
46.17	-4.0396
46.18	-4.0399
46.18	-4.0402
46.19	-4.0405
46.20	-4.0409
46.21	-4.0411
46.22	-4.0414
46.23	-4.0417
46.24	-4.0420
46.24	-4.0424
46.25	-4.0427
46.26	-4.0431
46.27	-4.0433
46.27	-4.0437
46.28	-4.0440
46.29	-4.0444
46.30	-4.0447
46.31	-4.0450
46.32	-4.0454
46.33	-4.0456
46.33	-4.0457
46.34	-4.0461
46.35	-4.0465
46.36	-4.0468
46.37	-4.0471
46.38	-4.0474
46.39	-4.0477
46.40	-4.0479
46.40	-4.0482
46.41	-4.0484
46.42	-4.0489
46.43	-4.0492
46.43	-4.0493
46.44	-4.0496
46.45	-4.0500
46.46	-4.0503
46.47	-4.0507
46.48	-4.0510
46.48	-4.0514
46.49	-4.0516
46.50	-4.0520
46.51	-4.0523
46.52	-4.0526
46.52	-4.0528
46.53	-4.0529
46.54	-4.0532
46.55	-4.0534
46.56	-4.0535
46.57	-4.0537
46.58	-4.0539
46.58	-4.0541
46.59	-4.0543
46.59	-4.0544
46.61	-4.0547
46.62	-4.0549
46.63	-4.0551
46.63	-4.0552
46.64	-4.0554
46.65	-4.0556
46.65	-4.0558
46.66	-4.0559
46.68	-4.0560
46.69	-4.0563
46.70	-4.0564
46.70	-4.0566
46.71	-4.0568
46.72	-4.0568
46.72	-4.0568
46.73	-4.0569
46.74	-4.0571
46.74	-4.0571
46.75	-4.0572
46.76	-4.0573
46.77	-4.0572
46.78	-4.0573
46.79	-4.0574
46.80	-4.0574
46.81	-4.0575
46.82	-4.0578
46.83	-4.0578
46.83	-4.0579
46.84	-4.0579
46.85	-4.0580
46.86	-4.0582
46.86	-4.0583
46.87	-4.0585
46.88	-4.0587
46.89	-4.0589
46.90	-4.0588
46.91	-4.0589
46.92	-4.0589
46.93	-4.0591
46.93	-4.0593
46.95	-4.0593
46.95	-4.0594
46.95	-4.0595
46.96	-4.0597
46.97	-4.0598
46.98	-4.0599
46.99	-4.0602
47.00	-4.0603
47.01	-4.0606
47.02	-4.0608
47.02	-4.0611
47.03	-4.0613
47.04	-4.0615
47.05	-4.0617
47.06	-4.0619
47.07	-4.0620
47.08	-4.0623
47.08	-4.0625
47.09	-4.0627
47.09	-4.0628
47.10	-4.0630
47.12	-4.0631
47.13	-4.0633
47.14	-4.0635
47.15	-4.0637
47.15	-4.0639
47.16	-4.0640
47.17	-4.0643
47.18	-4.0644
47.19	-4.0646
47.19	-4.0647
47.20	-4.0649
47.21	-4.0652
47.22	-4.0655
47.23	-4.0656
47.23	-4.0659
47.24	-4.0661
47.24	-4.0664
47.26	-4.0667
47.27	-4.0669
47.27	-4.0671
47.29	-4.0674
47.29	-4.0676
47.30	-4.0678
47.31	-4.0679
47.32	-4.0681
47.32	-4.0683
47.34	-4.0684
47.34	-4.0687
47.35	-4.0688
47.36	-4.0689
47.37	-4.0690
47.38	-4.0693
47.39	-4.0693
47.40	-4.0693
47.40	-4.0695
47.41	-4.0696
47.42	-4.0696
47.43	-4.0697
47.44	-4.0699
47.44	-4.0702
47.45	-4.0703
47.46	-4.0704
47.47	-4.0707
47.48	-4.0707
47.48	-4.0709
47.49	-4.0709
47.50	-4.0711
47.50	-4.0711
47.51	-4.0712
47.52	-4.0714
47.53	-4.0715
47.54	-4.0714
47.55	-4.0716
47.56	-4.0716
47.57	-4.0716
47.57	-4.0717
47.58	-4.0719
47.59	-4.0720
47.59	-4.0720
47.61	-4.0721
47.62	-4.0722
47.62	-4.0722
47.63	-4.0724
47.63	-4.0724
47.65	-4.0725
47.66	-4.0726
47.67	-4.0726
47.68	-4.0727
47.68	-4.0728
47.69	-4.0729
47.70	-4.0730
47.70	-4.0731
47.71	-4.0734
47.72	-4.0735
47.73	-4.0736
47.74	-4.0737
47.75	-4.0739
47.76	-4.0741
47.76	-4.0741
47.77	-4.0742
47.78	-4.0743
47.79	-4.0744
47.80	-4.0745
47.81	-4.0745
47.81	-4.0746
47.83	-4.0747
47.83	-4.0748
47.84	-4.0750
47.84	-4.0750
47.86	-4.0751
47.87	-4.0752
47.87	-4.0754
47.88	-4.0755
47.89	-4.0756
47.90	-4.0756
47.90	-4.0757
47.91	-4.0758
47.92	-4.0758
47.93	-4.0759
47.94	-4.0760
47.94	-4.0761
47.95	-4.0761
47.96	-4.0762
47.97	-4.0762
47.98	-4.0762
47.99	-4.0763
48.00	-4.0764
48.01	-4.0765
48.02	-4.0766
48.02	-4.0766
48.03	-4.0767
48.04	-4.0768
48.05	-4.0768
48.05	-4.0769
48.07	-4.0770
48.08	-4.0770
48.08	-4.0770
48.09	-4.0771
48.10	-4.0772
48.10	-4.0773
48.11	-4.0775
48.13	-4.0776
48.13	-4.0776
48.14	-4.0776
48.15	-4.0778
48.16	-4.0778
48.17	-4.0779
48.18	-4.0781
48.18	-4.0782
48.19	-4.0783
48.20	-4.0784
48.20	-4.0786
48.22	-4.0788
48.23	-4.0790
48.23	-4.0792
48.24	-4.0794
48.25	-4.0795
48.26	-4.0795
48.26	-4.0797
48.27	-4.0797
48.28	-4.0798
48.29	-4.0798
48.30	-4.0798
48.31	-4.0797
48.32	-4.0796
48.33	-4.0797
48.33	-4.0797
48.34	-4.0798
48.35	-4.0798
48.36	-4.0799
48.37	-4.0799
48.38	-4.0798
48.38	-4.0797
48.38	-4.0798
48.39	-4.0797
48.40	-4.0796
48.40	-4.0796
48.41	-4.0795
48.43	-4.0796
48.44	-4.0796
48.45	-4.0796
48.45	-4.0795
48.46	-4.0795
48.47	-4.0796
48.48	-4.0795
48.49	-4.0796
48.50	-4.0795
48.51	-4.0795
48.52	-4.0796
48.52	-4.0795
48.53	-4.0795
48.54	-4.0795
48.55	-4.0793
48.55	-4.0793
48.56	-4.0792
48.57	-4.0793
48.58	-4.0794
48.59	-4.0795
48.59	-4.0795
48.61	-4.0796
48.62	-4.0797
48.63	-4.0798
48.63	-4.0798
48.64	-4.0800
48.65	-4.0801
48.65	-4.0801
48.66	-4.0802
48.67	-4.0805
48.68	-4.0807
48.69	-4.0806
48.70	-4.0807
48.71	-4.0809
48.72	-4.0810
48.72	-4.0813
48.73	-4.0815
48.74	-4.0817
48.75	-4.0819
48.76	-4.0822
48.77	-4.0824
48.77	-4.0827
48.78	-4.0828
48.79	-4.0831
48.79	-4.0833
48.80	-4.0835
48.81	-4.0837
48.83	-4.0839
48.83	-4.0843
48.84	-4.0848
48.85	-4.0850
48.86	-4.0853
48.87	-4.0856
48.88	-4.0858
48.88	-4.0863
48.89	-4.0864
48.90	-4.0868
48.91	-4.0870
48.92	-4.0874
48.93	-4.0875
48.93	-4.0881
48.94	-4.0883
48.95	-4.0886
48.96	-4.0888
48.97	-4.0890
48.98	-4.0894
48.98	-4.0897
48.99	-4.0900
49.00	-4.0903
49.00	-4.0906
49.01	-4.0910
49.02	-4.0913
49.03	-4.0917
49.05	-4.0920
49.05	-4.0923
49.06	-4.0926
49.07	-4.0930
49.08	-4.0933
49.08	-4.0937
49.09	-4.0941
49.10	-4.0944
49.11	-4.0946
49.12	-4.0949
49.13	-4.0954
49.13	-4.0957
49.14	-4.0961
49.15	-4.0964
49.16	-4.0968
49.16	-4.0972
49.18	-4.0977
49.19	-4.0981
49.19	-4.0985
49.20	-4.0989
49.20	-4.0994
49.22	-4.0997
49.23	-4.1002
49.24	-4.1005
49.25	-4.1010
49.25	-4.1015
49.26	-4.1020
49.27	-4.1025
49.27	-4.1030
49.28	-4.1036
49.28	-4.1040
49.29	-4.1045
49.30	-4.1049
49.31	-4.1054
49.32	-4.1060
49.33	-4.1065
49.34	-4.1071
49.34	-4.1077
49.35	-4.1082
49.36	-4.1087
49.37	-4.1092
49.38	-4.1097
49.38	-4.1102
49.39	-4.1107
49.40	-4.1115
49.41	-4.1119
49.43	-4.1125
49.43	-4.1131
49.44	-4.1138
49.45	-4.1143
49.46	-4.1148
49.46	-4.1156
49.47	-4.1163
49.48	-4.1169
49.48	-4.1175
49.49	-4.1182
49.50	-4.1188
49.51	-4.1194
49.52	-4.1203
49.53	-4.1209
49.54	-4.1217
49.55	-4.1224
49.55	-4.1231
49.57	-4.1237
49.58	-4.1244
49.58	-4.1251
49.59	-4.1257
49.59	-4.1266
49.60	-4.1273
49.61	-4.1281
49.62	-4.1290
49.63	-4.1297
49.64	-4.1304
49.65	-4.1312
49.66	-4.1319
49.67	-4.1328
49.68	-4.1337
49.68	-4.1344
49.69	-4.1352
49.70	-4.1360
49.70	-4.1367
49.71	-4.1377
49.72	-4.1386
49.73	-4.1395
49.74	-4.1404
49.74	-4.1411
49.75	-4.1421
49.76	-4.1430
49.77	-4.1441
49.78	-4.1450
49.79	-4.1461
49.80	-4.1469
49.80	-4.1480
49.81	-4.1490
49.83	-4.1499
49.83	-4.1509
49.84	-4.1520
49.85	-4.1531
49.86	-4.1542
49.86	-4.1553
49.87	-4.1564
49.88	-4.1575
49.89	-4.1587
49.89	-4.1598
49.90	-4.1609
49.91	-4.1619
49.92	-4.1631
49.93	-4.1646
49.94	-4.1657
49.95	-4.1669
49.95	-4.1681
49.96	-4.1695
49.97	-4.1709
49.98	-4.1722
49.99	-4.1737
50.00	-4.1752
50.00	-4.1766
50.02	-4.1781
50.02	-4.1794
50.03	-4.1807
50.04	-4.1820
50.05	-4.1833
50.06	-4.1846
50.06	-4.1858
50.07	-4.1872
50.08	-4.1884
50.09	-4.1900
50.09	-4.1912
50.10	-4.1927
50.12	-4.1940
50.13	-4.1955
50.13	-4.1970
50.14	-4.1983
50.15	-4.1999
50.15	-4.2014
50.16	-4.2027
50.18	-4.2041
50.18	-4.2057
50.19	-4.2072
50.20	-4.2087
50.20	-4.2106
50.21	-4.2120
50.22	-4.2135
50.23	-4.2152
50.24	-4.2168
50.25	-4.2184
50.25	-4.2202
50.26	-4.2219
50.27	-4.2236
50.28	-4.2254
50.29	-4.2271
50.30	-4.2288
50.30	-4.2306
50.31	-4.2323
50.32	-4.2342
50.33	-4.2361
50.34	-4.2379
50.35	-4.2399
50.36	-4.2417
50.37	-4.2437
50.37	-4.2455
50.38	-4.2475
50.39	-4.2495
50.40	-4.2515
50.41	-4.2534
50.41	-4.2555
50.42	-4.2577
50.43	-4.2596
50.44	-4.2617
50.45	-4.2639
50.45	-4.2660
50.46	-4.2682
50.48	-4.2703
50.48	-4.2727
50.49	-4.2749
50.50	-4.2772
50.51	-4.2795
50.51	-4.2818
50.52	-4.2841
50.53	-4.2864
50.54	-4.2888
50.55	-4.2910
50.56	-4.2934
50.56	-4.2958
50.57	-4.2982
50.58	-4.3006
50.59	-4.3030
50.60	-4.3054
50.61	-4.3078
50.61	-4.3104
50.63	-4.3130
50.63	-4.3155
50.65	-4.3180
50.65	-4.3205
50.65	-4.3229
50.66	-4.3255
50.67	-4.3280
50.68	-4.3305
50.69	-4.3330
50.70	-4.3356
50.70	-4.3381
50.72	-4.3407
50.73	-4.3432
50.73	-4.3457
50.74	-4.3481
50.75	-4.3508
50.75	-4.3534
50.76	-4.3560
50.77	-4.3586
50.77	-4.3611
50.79	-4.3637
50.80	-4.3662
50.81	-4.3688
50.82	-4.3713
50.83	-4.3739
50.83	-4.3765
50.84	-4.3790
50.85	-4.3814
50.86	-4.3840
50.87	-4.3864
50.88	-4.3889
50.88	-4.3915
50.89	-4.3940
50.89	-4.3965
50.90	-4.3990
50.91	-4.4016
50.93	-4.4041
50.93	-4.4066
50.94	-4.4089
50.95	-4.4114
50.96	-4.4137
50.97	-4.4161
50.97	-4.4183
50.98	-4.4207
50.99	-4.4230
51.00	-4.4254
51.01	-4.4276
51.02	-4.4299
51.02	-4.4321
51.03	-4.4345
51.04	-4.4366
51.05	-4.4389
51.05	-4.4412
51.06	-4.4432
51.07	-4.4455
51.08	-4.4476
51.09	-4.4499
51.09	-4.4520
51.10	-4.4541
51.11	-4.4561
51.12	-4.4582
51.13	-4.4603
51.14	-4.4621
51.15	-4.4643
51.15	-4.4664
51.16	-4.4683
51.17	-4.4703
51.18	-4.4721
51.18	-4.4741
51.20	-4.4758
51.20	-4.4779
51.21	-4.4796
51.23	-4.4813
51.23	-4.4832
51.24	-4.4850
51.25	-4.4870
51.25	-4.4887
51.26	-4.4904
51.27	-4.4922
51.28	-4.4939
51.28	-4.4956
51.29	-4.4973
51.30	-4.4989
51.31	-4.5004
51.32	-4.5020
51.33	-4.5035
51.34	-4.5052
51.34	-4.5068
51.35	-4.5084
51.36	-4.5100
51.37	-4.5114
51.38	-4.5129
51.38	-4.5145
51.39	-4.5159
51.40	-4.5173
51.41	-4.5186
51.42	-4.5201
51.43	-4.5215
51.43	-4.5228
51.45	-4.5242
51.45	-4.5256
51.46	-4.5268
51.47	-4.5280
51.48	-4.5292
51.49	-4.5304
51.49	-4.5316
51.50	-4.5328
51.51	-4.5340
51.52	-4.5350
51.53	-4.5362
51.54	-4.5373
51.54	-4.5385
51.55	-4.5397
51.56	-4.5407
51.57	-4.5418
51.58	-4.5428
51.59	-4.5438
51.59	-4.5447
51.61	-4.5457
51.62	-4.5466
51.62	-4.5474
51.63	-4.5482
51.64	-4.5492
51.65	-4.5501
51.65	-4.5511
51.66	-4.5520
51.67	-4.5528
51.68	-4.5535
51.69	-4.5542
51.70	-4.5551
51.70	-4.5557
51.71	-4.5565
51.72	-4.5572
51.73	-4.5578
51.74	-4.5586
51.75	-4.5594
51.75	-4.5601
51.76	-4.5609
51.77	-4.5615
51.78	-4.5622
51.79	-4.5631
51.80	-4.5637
51.80	-4.5644
51.82	-4.5651
51.82	-4.5657
51.83	-4.5661
51.84	-4.5666
51.84	-4.5671
51.85	-4.5676
51.86	-4.5681
51.87	-4.5685
51.88	-4.5689
51.89	-4.5693
51.90	-4.5697
51.90	-4.5701
51.91	-4.5704
51.92	-4.5709
51.93	-4.5712
51.93	-4.5716
51.95	-4.5720
51.95	-4.5723
51.96	-4.5727
51.97	-4.5730
51.98	-4.5734
51.99	-4.5738
51.99	-4.5742
52.00	-4.5747
52.01	-4.5750
52.02	-4.5755
52.02	-4.5758
52.03	-4.5763
52.05	-4.5766
52.05	-4.5769
52.06	-4.5773
52.07	-4.5776
52.08	-4.5780
52.09	-4.5783
52.09	-4.5788
52.10	-4.5791
52.11	-4.5794
52.12	-4.5797
52.13	-4.5800
52.14	-4.5804
52.14	-4.5807
52.15	-4.5812
52.16	-4.5815
52.17	-4.5820
52.18	-4.5824
52.18	-4.5827
52.19	-4.5831
52.20	-4.5836
52.21	-4.5840
52.22	-4.5843
52.23	-4.5847
52.24	-4.5850
52.25	-4.5855
52.25	-4.5859
52.26	-4.5862
52.27	-4.5866
52.27	-4.5871
52.28	-4.5874
52.30	-4.5879
52.30	-4.5883
52.31	-4.5888
52.32	-4.5894
52.33	-4.5899
52.34	-4.5905
52.34	-4.5910
52.35	-4.5916
52.36	-4.5920
52.37	-4.5924
52.38	-4.5931
52.39	-4.5935
52.40	-4.5939
52.40	-4.5944
52.41	-4.5949
52.42	-4.5954
52.43	-4.5958
52.44	-4.5963
52.45	-4.5970
52.45	-4.5976
52.46	-4.5982
52.47	-4.5987
52.48	-4.5992
52.49	-4.5997
52.50	-4.6003
52.51	-4.6009
52.51	-4.6013
52.52	-4.6019
52.53	-4.6023
52.54	-4.6030
52.55	-4.6035
52.55	-4.6039
52.56	-4.6045
52.57	-4.6052
52.58	-4.6058
52.58	-4.6063
52.59	-4.6068
52.60	-4.6074
52.61	-4.6079
52.62	-4.6084
52.63	-4.6090
52.64	-4.6094
52.64	-4.6100
52.65	-4.6106
52.66	-4.6111
52.67	-4.6116
52.68	-4.6120
52.69	-4.6125
52.70	-4.6131
52.70	-4.6136
52.71	-4.6142
52.72	-4.6147
52.73	-4.6151
52.74	-4.6157
52.75	-4.6161
52.75	-4.6168
52.77	-4.6172
52.77	-4.6176
52.78	-4.6182
52.79	-4.6187
52.80	-4.6191
52.80	-4.6195
52.81	-4.6198
52.82	-4.6203
52.83	-4.6209
52.83	-4.6213
52.84	-4.6218
52.84	-4.6223
52.85	-4.6228
52.86	-4.6232
52.87	-4.6238
52.88	-4.6243
52.89	-4.6248
52.90	-4.6251
52.91	-4.6255
52.92	-4.6260
52.93	-4.6263
52.93	-4.6267
52.94	-4.6271
52.95	-4.6276
52.96	-4.6280
52.97	-4.6284
52.98	-4.6290
52.98	-4.6293
53.00	-4.6299
53.01	-4.6304
53.01	-4.6311
53.02	-4.6316
53.02	-4.6317
53.03	-4.6323
53.05	-4.6328
53.05	-4.6331
53.06	-4.6335
53.07	-4.6340
53.08	-4.6345
53.08	-4.6348
53.09	-4.6353
53.10	-4.6359
53.11	-4.6362
53.12	-4.6367
53.13	-4.6370
53.13	-4.6374
53.14	-4.6379
53.15	-4.6383
53.16	-4.6388
53.17	-4.6391
53.18	-4.6397
53.18	-4.6399
53.19	-4.6403
53.20	-4.6406
53.21	-4.6411
53.22	-4.6414
53.22	-4.6419
53.23	-4.6423
53.25	-4.6426
53.25	-4.6430
53.26	-4.6435
53.27	-4.6438
53.27	-4.6442
53.28	-4.6445
53.29	-4.6448
53.30	-4.6451
53.30	-4.6455
53.32	-4.6459
53.33	-4.6463
53.33	-4.6467
53.34	-4.6471
53.34	-4.6475
53.35	-4.6478
53.36	-4.6482
53.38	-4.6486
53.38	-4.6490
53.40	-4.6492
53.41	-4.6496
53.41	-4.6499
53.42	-4.6501
53.43	-4.6505
53.43	-4.6508
53.44	-4.6512
53.45	-4.6515
53.46	-4.6518
53.47	-4.6521
53.48	-4.6524
53.48	-4.6528
53.49	-4.6531
53.50	-4.6536
53.51	-4.6539
53.52	-4.6542
53.52	-4.6546
53.53	-4.6549
53.54	-4.6552
53.55	-4.6557
53.56	-4.6562
53.57	-4.6566
53.58	-4.6571
53.58	-4.6578
53.59	-4.6582
53.60	-4.6587
53.61	-4.6591
53.62	-4.6595
53.63	-4.6597
53.63	-4.6600
53.64	-4.6603
53.65	-4.6605
53.66	-4.6608
53.67	-4.6611
53.68	-4.6613
53.68	-4.6615
53.69	-4.6617
53.70	-4.6619
53.71	-4.6620
53.72	-4.6622
53.73	-4.6624
53.73	-4.6625
53.74	-4.6627
53.75	-4.6629
53.75	-4.6631
53.76	-4.6632
53.77	-4.6633
53.78	-4.6636
53.79	-4.6638
53.80	-4.6640
53.81	-4.6641
53.82	-4.6644
53.82	-4.6647
53.83	-4.6650
53.84	-4.6651
53.85	-4.6651
53.86	-4.6653
53.87	-4.6653
53.88	-4.6655
53.88	-4.6656
53.89	-4.6657
53.89	-4.6660
53.90	-4.6661
53.92	-4.6664
53.93	-4.6668
53.93	-4.6669
53.94	-4.6673
53.95	-4.6675
53.96	-4.6679
53.97	-4.6681
53.98	-4.6684
53.98	-4.6686
53.99	-4.6687
54.00	-4.6691
54.01	-4.6694
54.02	-4.6697
54.02	-4.6701
54.02	-4.6704
54.04	-4.6706
54.05	-4.6708
54.05	-4.6711
54.06	-4.6713
54.08	-4.6717
54.08	-4.6720
54.09	-4.6722
54.10	-4.6725
54.10	-4.6730
54.12	-4.6733
54.13	-4.6738
54.13	-4.6742
54.14	-4.6745
54.15	-4.6747
54.15	-4.6751
54.16	-4.6755
54.17	-4.6759
54.18	-4.6763
54.19	-4.6766
54.20	-4.6771
54.21	-4.6774
54.22	-4.6777
54.23	-4.6781
54.23	-4.6785
54.24	-4.6789
54.25	-4.6792
54.26	-4.6795
54.27	-4.6798
54.27	-4.6802
54.28	-4.6807
54.29	-4.6809
54.30	-4.6813
54.31	-4.6816
54.32	-4.6821
54.33	-4.6825
54.33	-4.6829
54.33	-4.6833
54.35	-4.6837
54.36	-4.6840
54.37	-4.6844
54.38	-4.6847
54.38	-4.6851
54.39	-4.6854
54.40	-4.6859
54.41	-4.6862
54.42	-4.6867
54.43	-4.6871
54.43	-4.6874
54.44	-4.6877
54.45	-4.6882
54.46	-4.6884
54.47	-4.6887
54.48	-4.6890
54.48	-4.6894
54.49	-4.6896
54.50	-4.6899
54.52	-4.6903
54.52	-4.6905
54.53	-4.6908
54.54	-4.6913
54.55	-4.6915
54.55	-4.6918
54.56	-4.6921
54.57	-4.6924
54.58	-4.6925
54.59	-4.6930
54.59	-4.6933
54.60	-4.6937
54.61	-4.6939
54.62	-4.6943
54.63	-4.6948
54.63	-4.6950
54.64	-4.6953
54.65	-4.6956
54.66	-4.6959
54.66	-4.6962
54.68	-4.6966
54.68	-4.6969
54.69	-4.6972
54.70	-4.6974
54.70	-4.6977
54.72	-4.6980
54.73	-4.6983
54.73	-4.6987
54.74	-4.6990
54.75	-4.6992
54.75	-4.6995
54.76	-4.6998
54.77	-4.7001
54.77	-4.7003
54.79	-4.7006
54.80	-4.7010
54.80	-4.7013
54.81	-4.7017
54.83	-4.7020
54.83	-4.7024
54.84	-4.7028
54.84	-4.7030
54.85	-4.7033
54.87	-4.7036
54.88	-4.7039
54.88	-4.7041
54.89	-4.7043
54.90	-4.7047
54.90	-4.7052
54.91	-4.7056
54.93	-4.7059
54.93	-4.7062
54.94	-4.7066
54.95	-4.7068
54.95	-4.7070
54.97	-4.7073
54.98	-4.7074
54.98	-4.7076
54.99	-4.7079
55.00	-4.7083
55.00	-4.7086
55.01	-4.7090
55.02	-4.7093
55.03	-4.7096
55.04	-4.7098
55.05	-4.7101
55.06	-4.7105
55.07	-4.7108
55.08	-4.7111
55.08	-4.7113
55.09	-4.7117
55.09	-4.7120
55.11	-4.7125
55.12	-4.7128
55.12	-4.7130
55.13	-4.7134
55.14	-4.7137
55.15	-4.7140
55.16	-4.7143
55.16	-4.7147
55.17	-4.7151
55.18	-4.7154
55.19	-4.7156
55.20	-4.7160
55.21	-4.7163
55.22	-4.7167
55.23	-4.7170
55.23	-4.7173
55.24	-4.7177
55.25	-4.7180
55.26	-4.7185
55.27	-4.7187
55.27	-4.7190
55.28	-4.7193
55.29	-4.7196
55.30	-4.7199
55.30	-4.7200
55.31	-4.7203
55.33	-4.7206
55.33	-4.7209
55.34	-4.7211
55.34	-4.7215
55.35	-4.7219
55.37	-4.7221
55.38	-4.7224
55.38	-4.7227
55.39	-4.7230
55.40	-4.7232
55.41	-4.7235
55.42	-4.7238
55.43	-4.7242
55.43	-4.7244
55.44	-4.7247
55.45	-4.7251
55.46	-4.7253
55.47	-4.7256
55.48	-4.7257
55.48	-4.7260
55.49	-4.7262
55.50	-4.7265
55.50	-4.7266
55.51	-4.7269
55.52	-4.7272
55.53	-4.7275
55.54	-4.7276
55.54	-4.7281
55.55	-4.7285
55.56	-4.7287
55.57	-4.7287
55.58	-4.7290
55.59	-4.7293
55.60	-4.7297
55.60	-4.7300
55.61	-4.7303
55.62	-4.7306
55.63	-4.7309
55.64	-4.7311
55.65	-4.7314
55.65	-4.7319
55.66	-4.7324
55.67	-4.7327
55.68	-4.7329
55.69	-4.7333
55.70	-4.7336
55.70	-4.7339
55.71	-4.7341
55.72	-4.7343
55.73	-4.7345
55.73	-4.7349
55.75	-4.7352
55.75	-4.7355
55.77	-4.7359
55.77	-4.7362
55.78	-4.7364
55.79	-4.7367
55.80	-4.7370
55.80	-4.7372
55.81	-4.7375
55.83	-4.7377
55.82	-4.7379
55.84	-4.7384
55.86	-4.7385
55.85	-4.7388
55.86	-4.7390
55.88	-4.7394
55.89	-4.7396
55.89	-4.7399
55.89	-4.7401
55.89	-4.7404
55.90	-4.7407
55.92	-4.7410
55.93	-4.7414
55.94	-4.7417
55.95	-4.7419
55.95	-4.7422
55.96	-4.7425
55.96	-4.7427
55.97	-4.7430
55.97	-4.7432
55.99	-4.7435
56.01	-4.7439
56.02	-4.7443
56.02	-4.7445
56.02	-4.7448
56.04	-4.7451
56.05	-4.7454
56.05	-4.7456
56.07	-4.7459
56.07	-4.7463
56.08	-4.7464
56.09	-4.7468
56.09	-4.7469
56.11	-4.7473
56.10	-4.7476
56.12	-4.7479
56.13	-4.7484
56.14	-4.7486
56.15	-4.7490
56.15	-4.7493
56.16	-4.7495
56.17	-4.7498
56.18	-4.7501
56.19	-4.7503
56.20	-4.7507
56.20	-4.7509
56.21	-4.7513
56.22	-4.7517
56.23	-4.7520
56.24	-4.7525
56.25	-4.7528
56.25	-4.7531
56.26	-4.7536
56.27	-4.7539
56.27	-4.7541
56.28	-4.7543
56.29	-4.7547
56.30	-4.7551
56.31	-4.7554
56.32	-4.7556
56.33	-4.7559
56.34	-4.7561
56.34	-4.7564
56.35	-4.7567
56.36	-4.7569
56.38	-4.7571
56.38	-4.7574
56.39	-4.7577
56.40	-4.7580
56.40	-4.7584
56.41	-4.7586
56.42	-4.7590
56.43	-4.7593
56.44	-4.7596
56.45	-4.7599
56.45	-4.7603
56.46	-4.7606
56.47	-4.7608
56.48	-4.7610
56.48	-4.7612
56.49	-4.7615
56.50	-4.7619
56.51	-4.7624
56.52	-4.7627
56.52	-4.7630
56.53	-4.7632
56.54	-4.7636
56.55	-4.7638
56.56	-4.7641
56.57	-4.7644
56.58	-4.7646
56.58	-4.7650
56.59	-4.7652
56.60	-4.7656
56.61	-4.7659
56.62	-4.7662
56.63	-4.7666
56.64	-4.7668
56.64	-4.7670
56.65	-4.7672
56.66	-4.7674
56.67	-4.7677
56.68	-4.7679
56.69	-4.7684
56.70	-4.7688
56.70	-4.7691
56.71	-4.7692
56.72	-4.7695
56.73	-4.7697
56.74	-4.7700
56.74	-4.7704
56.75	-4.7707
56.76	-4.7710
56.77	-4.7712
56.78	-4.7716
56.78	-4.7717
56.79	-4.7719
56.80	-4.7721
56.80	-4.7725
56.82	-4.7727
56.83	-4.7731
56.84	-4.7733
56.84	-4.7736
56.85	-4.7738
56.86	-4.7740
56.87	-4.7742
56.88	-4.7744
56.88	-4.7747
56.90	-4.7749
56.90	-4.7752
56.91	-4.7757
56.92	-4.7758
56.93	-4.7762
56.93	-4.7765
56.95	-4.7767
56.95	-4.7770
56.96	-4.7772
56.97	-4.7774
56.98	-4.7779
56.98	-4.7783
56.99	-4.7786
57.00	-4.7788
57.01	-4.7791
57.01	-4.7794
57.02	-4.7797
57.03	-4.7800
57.04	-4.7802
57.05	-4.7805
57.06	-4.7808
57.07	-4.7810
57.08	-4.7815
57.09	-4.7817
57.09	-4.7820
57.10	-4.7824
57.11	-4.7828
57.12	-4.7831
57.13	-4.7834
57.14	-4.7837
57.15	-4.7841
57.15	-4.7845
57.16	-4.7848
57.17	-4.7851
57.18	-4.7854
57.19	-4.7856
57.19	-4.7859
57.20	-4.7862
57.21	-4.7865
57.22	-4.7868
57.23	-4.7872
57.24	-4.7874
57.25	-4.7878
57.25	-4.7883
57.26	-4.7886
57.27	-4.7889
57.27	-4.7892
57.28	-4.7896
57.29	-4.7899
57.30	-4.7903
57.31	-4.7907
57.31	-4.7909
57.32	-4.7912
57.33	-4.7914
57.34	-4.7919
57.34	-4.7922
57.35	-4.7925
57.37	-4.7927
57.37	-4.7931
57.38	-4.7935
57.39	-4.7937
57.40	-4.7940
57.40	-4.7942
57.42	-4.7946
57.43	-4.7950
57.43	-4.7952
57.44	-4.7957
57.45	-4.7959
57.45	-4.7962
57.46	-4.7966
57.48	-4.7969
57.48	-4.7972
57.49	-4.7976
57.50	-4.7979
57.51	-4.7985
57.52	-4.7985
57.52	-4.7986
57.52	-4.7990
57.54	-4.7992
57.55	-4.7995
57.56	-4.7999
57.57	-4.8001
57.58	-4.8005
57.58	-4.8008
57.59	-4.8010
57.59	-4.8012
57.60	-4.8017
57.62	-4.8020
57.63	-4.8024
57.63	-4.8027
57.64	-4.8031
57.65	-4.8034
57.65	-4.8036
57.66	-4.8040
57.68	-4.8043
57.68	-4.8046
57.69	-4.8048
57.70	-4.8051
57.71	-4.8053
57.72	-4.8056
57.73	-4.8058
57.73	-4.8061
57.74	-4.8063
57.75	-4.8066
57.76	-4.8070
57.76	-4.8073
57.77	-4.8075
57.78	-4.8079
57.79	-4.8083
57.79	-4.8086
57.80	-4.8089
57.81	-4.8093
57.82	-4.8096
57.83	-4.8099
57.84	-4.8101
57.85	-4.8106
57.86	-4.8108
57.87	-4.8110
57.88	-4.8113
57.88	-4.8117
57.89	-4.8119
57.90	-4.8121
57.90	-4.8125
57.91	-4.8128
57.92	-4.8132
57.93	-4.8134
57.94	-4.8137
57.95	-4.8140
57.96	-4.8143
57.97	-4.8146
57.97	-4.8150
57.98	-4.8152
57.99	-4.8155
58.00	-4.8157
58.01	-4.8161
58.02	-4.8166
58.03	-4.8168
58.03	-4.8173
58.04	-4.8176
58.05	-4.8180
58.06	-4.8183
58.07	-4.8185
58.08	-4.8189
58.08	-4.8191
58.09	-4.8195
58.10	-4.8199
58.11	-4.8201
58.12	-4.8204
58.13	-4.8206
58.13	-4.8208
58.14	-4.8211
58.15	-4.8213
58.15	-4.8216
58.16	-4.8218
58.17	-4.8220
58.18	-4.8222
58.18	-4.8224
58.20	-4.8226
58.20	-4.8229
58.22	-4.8233
58.22	-4.8235
58.23	-4.8237
58.24	-4.8241
58.24	-4.8243
58.25	-4.8248
58.26	-4.8251
58.27	-4.8253
58.27	-4.8255
58.28	-4.8259
58.29	-4.8261
58.30	-4.8264
58.31	-4.8266
58.32	-4.8269
58.33	-4.8272
58.34	-4.8275
58.34	-4.8277
58.35	-4.8280
58.36	-4.8284
58.37	-4.8287
58.37	-4.8291
58.38	-4.8293
58.40	-4.8295
58.40	-4.8297
58.41	-4.8301
58.42	-4.8305
58.43	-4.8308
58.43	-4.8311
58.45	-4.8315
58.45	-4.8318
58.46	-4.8319
58.47	-4.8322
58.48	-4.8325
58.49	-4.8328
58.50	-4.8331
58.50	-4.8334
58.51	-4.8337
58.52	-4.8340
58.53	-4.8342
58.54	-4.8346
58.55	-4.8349
58.55	-4.8352
58.56	-4.8355
58.57	-4.8358
58.58	-4.8361
58.59	-4.8364
58.59	-4.8366
58.60	-4.8369
58.61	-4.8373
58.62	-4.8377
58.63	-4.8380
58.63	-4.8383
58.64	-4.8386
58.65	-4.8387
58.66	-4.8390
58.67	-4.8394
58.68	-4.8397
58.69	-4.8399
58.70	-4.8401
58.70	-4.8405
58.71	-4.8407
58.72	-4.8410
58.73	-4.8413
58.74	-4.8417
58.75	-4.8420
58.76	-4.8422
58.77	-4.8423
58.77	-4.8427
58.78	-4.8430
58.79	-4.8432
58.80	-4.8435
58.80	-4.8438
58.81	-4.8441
58.82	-4.8444
58.83	-4.8447
58.83	-4.8450
58.84	-4.8453
58.85	-4.8456
58.86	-4.8458
58.87	-4.8461
58.88	-4.8463
58.88	-4.8466
58.89	-4.8469
58.90	-4.8473
58.91	-4.8477
58.92	-4.8479
58.93	-4.8481
58.94	-4.8484
58.95	-4.8488
58.95	-4.8491
58.96	-4.8493
58.97	-4.8496
58.98	-4.8500
58.98	-4.8503
59.00	-4.8505
59.00	-4.8507
59.01	-4.8511
59.02	-4.8513
59.03	-4.8516
59.04	-4.8519
59.05	-4.8521
59.05	-4.8523
59.06	-4.8525
59.07	-4.8529
59.08	-4.8531
59.08	-4.8534
59.09	-4.8536
59.10	-4.8541
59.10	-4.8543
59.11	-4.8547
59.12	-4.8548
59.13	-4.8551
59.14	-4.8554
59.15	-4.8557
59.16	-4.8560
59.16	-4.8563
59.17	-4.8566
59.18	-4.8570
59.19	-4.8574
59.20	-4.8576
59.21	-4.8579
59.22	-4.8581
59.23	-4.8584
59.23	-4.8588
59.24	-4.8591
59.25	-4.8594
59.26	-4.8598
59.27	-4.8600
59.28	-4.8604
59.28	-4.8607
59.29	-4.8610
59.30	-4.8612
59.31	-4.8616
59.32	-4.8619
59.33	-4.8623
59.33	-4.8626
59.34	-4.8630
59.35	-4.8634
59.36	-4.8638
59.36	-4.8642
59.37	-4.8645
59.38	-4.8648
59.39	-4.8651
59.40	-4.8655
59.41	-4.8658
59.42	-4.8661
59.43	-4.8664
59.43	-4.8669
59.45	-4.8671
59.45	-4.8674
59.46	-4.8678
59.47	-4.8682
59.48	-4.8685
59.48	-4.8688
59.49	-4.8691
59.49	-4.8694
59.50	-4.8698
59.52	-4.8701
59.53	-4.8703
59.53	-4.8707
59.54	-4.8710
59.55	-4.8714
59.56	-4.8717
59.56	-4.8720
59.57	-4.8723
59.58	-4.8725
59.59	-4.8727
59.60	-4.8731
59.61	-4.8734
59.62	-4.8738
59.63	-4.8741
59.63	-4.8744
59.64	-4.8747
59.65	-4.8750
59.66	-4.8754
59.67	-4.8755
59.68	-4.8758
59.69	-4.8760
59.69	-4.8762
59.70	-4.8765
59.70	-4.8767
59.72	-4.8771
59.73	-4.8774
59.73	-4.8777
59.75	-4.8780
59.75	-4.8784
59.76	-4.8787
59.77	-4.8790
59.77	-4.8793
59.79	-4.8796
59.79	-4.8799
59.80	-4.8802
59.81	-4.8804
59.82	-4.8808
59.83	-4.8810
59.83	-4.8814
59.84	-4.8816
59.85	-4.8819
59.86	-4.8822
59.87	-4.8826
59.87	-4.8829
59.88	-4.8832
59.89	-4.8835
59.90	-4.8838
59.91	-4.8841
59.92	-4.8844
59.93	-4.8847
59.93	-4.8850
59.94	-4.8854
59.95	-4.8857
59.96	-4.8861
59.96	-4.8863
59.97	-4.8865
59.98	-4.8868
59.99	-4.8871
60.00	-4.8876
60.00	-4.8878
60.01	-4.8881
60.02	-4.8885
60.02	-4.8889
60.03	-4.8891
60.05	-4.8894
60.05	-4.8897
60.07	-4.8900
60.07	-4.8904
60.08	-4.8906
60.08	-4.8909
60.09	-4.8913
60.10	-4.8917
60.11	-4.8920
60.12	-4.8923
60.13	-4.8927
60.14	-4.8929
60.14	-4.8932
60.15	-4.8935
60.16	-4.8937
60.18	-4.8941
60.18	-4.8942
60.19	-4.8945
60.20	-4.8946
60.20	-4.8950
60.21	-4.8954
60.23	-4.8957
60.23	-4.8960
60.23	-4.8964
60.25	-4.8968
60.26	-4.8970
60.26	-4.8974
60.27	-4.8978
60.28	-4.8980
60.29	-4.8983
60.30	-4.8986
60.30	-4.8989
60.32	-4.8991
60.33	-4.8994
60.33	-4.8996
60.33	-4.8999
60.34	-4.9001
60.35	-4.9002
60.36	-4.9007
60.37	-4.9009
60.38	-4.9012
60.39	-4.9016
60.40	-4.9019
60.40	-4.9022
60.41	-4.9026
60.42	-4.9029
60.43	-4.9032
60.44	-4.9035
60.45	-4.9039
60.46	-4.9042
60.47	-4.9044
60.47	-4.9048
60.48	-4.9052
60.49	-4.9056
60.50	-4.9059
60.50	-4.9062
60.51	-4.9066
60.52	-4.9069
60.53	-4.9073
60.54	-4.9076
60.55	-4.9079
60.55	-4.9082
60.56	-4.9086
60.57	-4.9090
60.58	-4.9093
60.59	-4.9097
60.60	-4.9101
60.61	-4.9103
60.62	-4.9108
60.63	-4.9109
60.63	-4.9112
60.64	-4.9116
60.65	-4.9119
60.66	-4.9122
60.66	-4.9127
60.67	-4.9131
60.68	-4.9133
60.69	-4.9137
60.70	-4.9141
60.70	-4.9144
60.72	-4.9147
60.73	-4.9150
60.73	-4.9155
60.74	-4.9159
60.75	-4.9161
60.75	-4.9164
60.76	-4.9168
60.77	-4.9171
60.78	-4.9175
60.79	-4.9179
60.80	-4.9182
60.80	-4.9184
60.81	-4.9188
60.82	-4.9191
60.83	-4.9193
60.84	-4.9196
60.84	-4.9199
60.85	-4.9201
60.86	-4.9204
60.87	-4.9208
60.88	-4.9212
60.88	-4.9214
60.90	-4.9216
60.91	-4.9220
60.91	-4.9224
60.92	-4.9227
60.93	-4.9231
60.94	-4.9235
60.95	-4.9238
60.95	-4.9243
60.96	-4.9246
60.97	-4.9249
60.98	-4.9252
60.99	-4.9256
60.99	-4.9259
61.00	-4.9261
61.01	-4.9264
61.02	-4.9267
61.02	-4.9271
61.04	-4.9273
61.05	-4.9277
61.05	-4.9282
61.06	-4.9286
61.07	-4.9290
61.08	-4.9293
61.09	-4.9297
61.09	-4.9298
61.10	-4.9302
61.11	-4.9305
61.12	-4.9307
61.13	-4.9312
61.14	-4.9316
61.15	-4.9319
61.15	-4.9322
61.16	-4.9325
61.17	-4.9330
61.18	-4.9332
61.18	-4.9335
61.20	-4.9339
61.20	-4.9341
61.21	-4.9345
61.22	-4.9349
61.23	-4.9352
61.23	-4.9356
61.25	-4.9359
61.25	-4.9362
61.26	-4.9366
61.27	-4.9369
61.27	-4.9372
61.28	-4.9376
61.29	-4.9379
61.30	-4.9382
61.31	-4.9386
61.32	-4.9390
61.33	-4.9393
61.33	-4.9394
61.34	-4.9397
61.35	-4.9402
61.36	-4.9405
61.38	-4.9408
61.38	-4.9413
61.38	-4.9416
61.39	-4.9420
61.40	-4.9422
61.41	-4.9427
61.42	-4.9430
61.43	-4.9434
61.43	-4.9438
61.43	-4.9441
61.44	-4.9443
61.46	-4.9447
61.47	-4.9451
61.48	-4.9453
61.48	-4.9456
61.50	-4.9459
61.51	-4.9462
61.51	-4.9465
61.52	-4.9469
61.53	-4.9474
61.54	-4.9477
61.54	-4.9482
61.55	-4.9486
61.56	-4.9490
61.58	-4.9494
61.58	-4.9497
61.59	-4.9500
61.60	-4.9505
61.60	-4.9508
61.61	-4.9512
61.62	-4.9517
61.63	-4.9520
61.64	-4.9524
61.65	-4.9527
61.65	-4.9530
61.66	-4.9532
61.67	-4.9536
61.68	-4.9538
61.68	-4.9541
61.70	-4.9545
61.70	-4.9550
61.71	-4.9554
61.72	-4.9558
61.73	-4.9562
61.73	-4.9564
61.74	-4.9568
61.75	-4.9572
61.76	-4.9575
61.77	-4.9579
61.77	-4.9581
61.78	-4.9585
61.79	-4.9588
61.80	-4.9591
61.80	-4.9595
61.81	-4.9599
61.82	-4.9601
61.83	-4.9605
61.83	-4.9606
61.84	-4.9608
61.86	-4.9611
61.86	-4.9614
61.87	-4.9619
61.88	-4.9621
61.89	-4.9626
61.90	-4.9629
61.91	-4.9634
61.91	-4.9638
61.92	-4.9642
61.93	-4.9645
61.94	-4.9647
61.95	-4.9652
61.95	-4.9655
61.97	-4.9658
61.98	-4.9661
61.98	-4.9665
61.99	-4.9668
62.00	-4.9672
62.00	-4.9677
62.01	-4.9680
62.02	-4.9683
62.03	-4.9688
62.04	-4.9691
62.05	-4.9695
62.05	-4.9698
62.07	-4.9703
62.07	-4.9707
62.08	-4.9710
62.09	-4.9714
62.09	-4.9718
62.11	-4.9724
62.12	-4.9727
62.13	-4.9731
62.13	-4.9737
62.14	-4.9740
62.15	-4.9743
62.16	-4.9747
62.17	-4.9751
62.17	-4.9753
62.18	-4.9759
62.20	-4.9763
62.20	-4.9766
62.21	-4.9771
62.22	-4.9774
62.23	-4.9779
62.23	-4.9783
62.24	-4.9787
62.24	-4.9791
62.25	-4.9794
62.27	-4.9798
62.27	-4.9802
62.28	-4.9804
62.29	-4.9808
62.30	-4.9814
62.31	-4.9817
62.32	-4.9821
62.33	-4.9826
62.33	-4.9830
62.34	-4.9833
62.35	-4.9836
62.36	-4.9840
62.37	-4.9844
62.38	-4.9848
62.38	-4.9851
62.39	-4.9854
62.40	-4.9859
62.41	-4.9864
62.42	-4.9869
62.42	-4.9872
62.43	-4.9876
62.44	-4.9878
62.45	-4.9882
62.45	-4.9885
62.46	-4.9890
62.48	-4.9892
62.49	-4.9897
62.49	-4.9902
62.50	-4.9905
62.51	-4.9908
62.52	-4.9911
62.52	-4.9914
62.53	-4.9917
62.54	-4.9920
62.55	-4.9924
62.56	-4.9930
62.57	-4.9934
62.58	-4.9938
62.58	-4.9942
62.59	-4.9946
62.59	-4.9949
62.61	-4.9953
62.62	-4.9955
62.63	-4.9960
62.63	-4.9965
62.64	-4.9970
62.65	-4.9974
62.65	-4.9980
62.66	-4.9983
62.68	-4.9987
62.68	-4.9992
62.69	-4.9995
62.70	-4.9998
62.70	-5.0002
62.71	-5.0006
62.72	-5.0010
62.73	-5.0013
62.74	-5.0016
62.75	-5.0022
62.75	-5.0025
62.76	-5.0029
62.77	-5.0034
62.77	-5.0038
62.78	-5.0041
62.79	-5.0045
62.80	-5.0050
62.81	-5.0054
62.82	-5.0057
62.83	-5.0060
62.84	-5.0065
62.84	-5.0068
62.85	-5.0072
62.86	-5.0075
62.87	-5.0078
62.88	-5.0083
62.88	-5.0087
62.90	-5.0090
62.90	-5.0093
62.91	-5.0098
62.92	-5.0101
62.93	-5.0107
62.93	-5.0112
62.95	-5.0115
62.95	-5.0117
62.96	-5.0122
62.97	-5.0125
62.98	-5.0129
62.98	-5.0132
63.00	-5.0135
63.00	-5.0139
63.01	-5.0142
63.02	-5.0145
63.03	-5.0147
63.04	-5.0152
63.05	-5.0156
63.05	-5.0160
63.06	-5.0163
63.07	-5.0168
63.08	-5.0172
63.09	-5.0176
63.09	-5.0179
63.10	-5.0183
63.11	-5.0188
63.12	-5.0191
63.13	-5.0196
63.14	-5.0199
63.15	-5.0203
63.15	-5.0207
63.16	-5.0213
63.17	-5.0216
63.18	-5.0221
63.18	-5.0224
63.20	-5.0227
63.20	-5.0230
63.21	-5.0233
63.22	-5.0237
63.23	-5.0241
63.23	-5.0244
63.24	-5.0248
63.25	-5.0252
63.26	-5.0256
63.27	-5.0259
63.28	-5.0264
63.29	-5.0267
63.29	-5.0270
63.30	-5.0272
63.31	-5.0278
63.32	-5.0282
63.33	-5.0287
63.34	-5.0292
63.34	-5.0296
63.35	-5.0300
63.36	-5.0304
63.37	-5.0308
63.38	-5.0312
63.39	-5.0317
63.39	-5.0321
63.40	-5.0324
63.40	-5.0327
63.41	-5.0332
63.43	-5.0336
63.44	-5.0340
63.44	-5.0344
63.45	-5.0349
63.46	-5.0351
63.47	-5.0356
63.48	-5.0359
63.49	-5.0363
63.50	-5.0364
63.50	-5.0369
63.51	-5.0372
63.52	-5.0375
63.52	-5.0380
63.53	-5.0386
63.54	-5.0391
63.55	-5.0395
63.56	-5.0399
63.57	-5.0403
63.57	-5.0406
63.58	-5.0411
63.59	-5.0414
63.60	-5.0419
63.61	-5.0422
63.62	-5.0424
63.63	-5.0428
63.63	-5.0433
63.64	-5.0437
63.65	-5.0441
63.66	-5.0445
63.67	-5.0450
63.68	-5.0455
63.69	-5.0459
63.69	-5.0462
63.70	-5.0466
63.71	-5.0469
63.72	-5.0472
63.73	-5.0475
63.73	-5.0479
63.74	-5.0484
63.75	-5.0487
63.76	-5.0492
63.77	-5.0497
63.77	-5.0500
63.78	-5.0504
63.79	-5.0508
63.80	-5.0511
63.81	-5.0514
63.82	-5.0518
63.83	-5.0521
63.84	-5.0528
63.84	-5.0531
63.85	-5.0533
63.86	-5.0537
63.87	-5.0540
63.88	-5.0544
63.88	-5.0547
63.89	-5.0551
63.90	-5.0554
63.91	-5.0559
63.92	-5.0562
63.93	-5.0565
63.94	-5.0570
63.94	-5.0572
63.95	-5.0576
63.96	-5.0579
63.97	-5.0582
63.98	-5.0585
63.99	-5.0589
63.99	-5.0595
64.00	-5.0599
64.01	-5.0602
64.02	-5.0604
64.03	-5.0607
64.04	-5.0610
64.05	-5.0614
64.05	-5.0617
64.06	-5.0619
64.07	-5.0622
64.08	-5.0626
64.09	-5.0628
64.10	-5.0631
64.10	-5.0636
64.11	-5.0640
64.12	-5.0644
64.13	-5.0647
64.13	-5.0651
64.14	-5.0653
64.15	-5.0658
64.16	-5.0662
64.17	-5.0664
64.18	-5.0669
64.18	-5.0672
64.20	-5.0674
64.20	-5.0678
64.21	-5.0681
64.21	-5.0684
64.22	-5.0686
64.24	-5.0691
64.24	-5.0693
64.25	-5.0696
64.26	-5.0699
64.27	-5.0702
64.28	-5.0705
64.28	-5.0709
64.29	-5.0711
64.30	-5.0716
64.31	-5.0718
64.32	-5.0722
64.33	-5.0725
64.33	-5.0729
64.34	-5.0732
64.35	-5.0736
64.36	-5.0738
64.37	-5.0742
64.38	-5.0745
64.38	-5.0748
64.39	-5.0750
64.40	-5.0755
64.40	-5.0758
64.41	-5.0761
64.42	-5.0765
64.43	-5.0768
64.44	-5.0771
64.45	-5.0772
64.45	-5.0776
64.46	-5.0778
64.47	-5.0780
64.48	-5.0783
64.49	-5.0785
64.49	-5.0789
64.50	-5.0792
64.52	-5.0795
64.53	-5.0798
64.53	-5.0801
64.54	-5.0804
64.54	-5.0807
64.55	-5.0811
64.56	-5.0814
64.57	-5.0818
64.58	-5.0821
64.59	-5.0824
64.59	-5.0827
64.60	-5.0829
64.62	-5.0832
64.63	-5.0834
64.63	-5.0837
64.64	-5.0839
64.64	-5.0842
64.66	-5.0844
64.67	-5.0849
64.67	-5.0853
64.68	-5.0855
64.69	-5.0858
64.70	-5.0860
64.71	-5.0862
64.72	-5.0865
64.72	-5.0869
64.73	-5.0872
64.74	-5.0875
64.75	-5.0878
64.76	-5.0881
64.76	-5.0885
64.78	-5.0889
64.78	-5.0892
64.79	-5.0896
64.80	-5.0899
64.80	-5.0902
64.82	-5.0905
64.83	-5.0910
64.83	-5.0913
64.84	-5.0915
64.85	-5.0921
64.86	-5.0924
64.86	-5.0927
64.87	-5.0930
64.88	-5.0933
64.89	-5.0937
64.89	-5.0940
64.90	-5.0944
64.91	-5.0946
64.92	-5.0948
64.92	-5.0952
64.94	-5.0954
64.95	-5.0957
64.96	-5.0960
64.96	-5.0963
64.97	-5.0966
64.98	-5.0971
64.99	-5.0974
65.00	-5.0975
65.01	-5.0979
65.01	-5.0984
65.03	-5.0988
65.03	-5.0992
65.04	-5.0995
65.05	-5.0998
65.06	-5.1001
65.07	-5.1003
65.07	-5.1007
65.08	-5.1009
65.09	-5.1011
65.09	-5.1013
65.11	-5.1013
65.12	-5.1017
65.13	-5.1019
65.14	-5.1023
65.14	-5.1024
65.15	-5.1026
65.16	-5.1029
65.17	-5.1029
65.17	-5.1030
65.19	-5.1032
65.19	-5.1034
65.20	-5.1035
65.21	-5.1037
65.22	-5.1039
65.22	-5.1042
65.24	-5.1044
65.25	-5.1046
65.25	-5.1048
65.26	-5.1049
65.27	-5.1051
65.28	-5.1053
65.29	-5.1054
65.29	-5.1055
65.30	-5.1056
65.30	-5.1056
65.31	-5.1058
65.32	-5.1059
65.33	-5.1061
65.34	-5.1063
65.35	-5.1067
65.35	-5.1069
65.37	-5.1072
65.38	-5.1075
65.38	-5.1076
65.39	-5.1078
65.40	-5.1080
65.41	-5.1083
65.41	-5.1086
65.42	-5.1089
65.43	-5.1091
65.44	-5.1093
65.45	-5.1095
65.45	-5.1098
65.46	-5.1101
65.47	-5.1104
65.48	-5.1108
65.49	-5.1111
65.50	-5.1115
65.50	-5.1118
65.51	-5.1121
65.53	-5.1123
65.53	-5.1127
65.54	-5.1131
65.55	-5.1134
65.56	-5.1138
65.56	-5.1141
65.58	-5.1145
65.58	-5.1149
65.59	-5.1153
65.60	-5.1156
65.61	-5.1161
65.62	-5.1165
65.62	-5.1168
65.63	-5.1174
65.64	-5.1178
65.65	-5.1182
65.66	-5.1186
65.67	-5.1190
65.67	-5.1195
65.68	-5.1199
65.69	-5.1203
65.70	-5.1208
65.71	-5.1210
65.71	-5.1214
65.72	-5.1218
65.73	-5.1222
65.74	-5.1225
65.75	-5.1229
65.76	-5.1234
65.77	-5.1236
65.78	-5.1239
65.78	-5.1244
65.80	-5.1249
65.80	-5.1252
65.81	-5.1256
65.81	-5.1258
65.83	-5.1262
65.83	-5.1265
65.84	-5.1269
65.85	-5.1273
65.86	-5.1277
65.87	-5.1280
65.88	-5.1284
65.89	-5.1288
65.89	-5.1294
65.90	-5.1298
65.91	-5.1302
65.92	-5.1306
65.92	-5.1307
65.93	-5.1311
65.94	-5.1314
65.95	-5.1318
65.96	-5.1320
65.97	-5.1324
65.98	-5.1328
65.99	-5.1331
65.99	-5.1337
66.00	-5.1339
66.01	-5.1344
66.02	-5.1347
66.03	-5.1350
66.03	-5.1354
66.04	-5.1357
66.05	-5.1360
66.06	-5.1364
66.07	-5.1367
66.08	-5.1372
66.09	-5.1376
66.09	-5.1377
66.10	-5.1381
66.11	-5.1384
66.12	-5.1388
66.13	-5.1390
66.13	-5.1393
66.14	-5.1397
66.15	-5.1401
66.16	-5.1403
66.17	-5.1407
66.18	-5.1408
66.18	-5.1413
66.19	-5.1415
66.20	-5.1420
66.21	-5.1423
66.22	-5.1426
66.22	-5.1430
66.23	-5.1432
66.24	-5.1438
66.25	-5.1440
66.26	-5.1445
66.27	-5.1446
66.28	-5.1450
66.28	-5.1452
66.29	-5.1456
66.30	-5.1460
66.31	-5.1463
66.31	-5.1464
66.32	-5.1469
66.33	-5.1474
66.34	-5.1477
66.35	-5.1481
66.36	-5.1483
66.37	-5.1487
66.38	-5.1490
66.38	-5.1494
66.39	-5.1498
66.40	-5.1502
66.41	-5.1505
66.42	-5.1508
66.42	-5.1512
66.43	-5.1515
66.44	-5.1518
66.45	-5.1521
66.46	-5.1525
66.47	-5.1529
66.47	-5.1534
66.48	-5.1537
66.50	-5.1540
66.50	-5.1544
66.50	-5.1547
66.52	-5.1550
66.53	-5.1555
66.53	-5.1557
66.54	-5.1559
66.55	-5.1562
66.56	-5.1565
66.57	-5.1569
66.58	-5.1573
66.59	-5.1576
66.59	-5.1579
66.60	-5.1583
66.61	-5.1585
66.62	-5.1588
66.62	-5.1592
66.63	-5.1594
66.64	-5.1598
66.65	-5.1602
66.65	-5.1606
66.67	-5.1609
66.68	-5.1612
66.69	-5.1615
66.69	-5.1619
66.70	-5.1622
66.71	-5.1624
66.72	-5.1628
66.73	-5.1633
66.74	-5.1636
66.75	-5.1639
66.75	-5.1642
66.76	-5.1645
66.77	-5.1647
66.78	-5.1651
66.78	-5.1652
66.79	-5.1654
66.80	-5.1659
66.81	-5.1661
66.82	-5.1665
66.83	-5.1669
66.83	-5.1671
66.84	-5.1674
66.85	-5.1678
66.86	-5.1681
66.87	-5.1683
66.88	-5.1686
66.88	-5.1690
66.89	-5.1693
66.90	-5.1696
66.91	-5.1698
66.92	-5.1701
66.92	-5.1704
66.93	-5.1707
66.94	-5.1710
66.95	-5.1712
66.96	-5.1717
66.97	-5.1720
66.98	-5.1723
66.99	-5.1728
67.00	-5.1731
67.00	-5.1733
67.01	-5.1737
67.02	-5.1741
67.02	-5.1744
67.03	-5.1747
67.04	-5.1750
67.05	-5.1752
67.06	-5.1755
67.07	-5.1758
67.08	-5.1763
67.08	-5.1766
67.09	-5.1770
67.10	-5.1772
67.11	-5.1775
67.11	-5.1777
67.12	-5.1781
67.13	-5.1784
67.14	-5.1787
67.14	-5.1790
67.16	-5.1795
67.17	-5.1798
67.18	-5.1802
67.18	-5.1805
67.19	-5.1809
67.20	-5.1812
67.20	-5.1814
67.21	-5.1817
67.22	-5.1820
67.23	-5.1823
67.24	-5.1828
67.25	-5.1831
67.25	-5.1833
67.26	-5.1837
67.27	-5.1841
67.28	-5.1845
67.29	-5.1849
67.30	-5.1852
67.31	-5.1855
67.32	-5.1859
67.32	-5.1863
67.33	-5.1866
67.34	-5.1870
67.34	-5.1873
67.35	-5.1875
67.37	-5.1879
67.38	-5.1881
67.38	-5.1885
67.39	-5.1888
67.39	-5.1892
67.41	-5.1895
67.42	-5.1898
67.42	-5.1899
67.44	-5.1902
67.44	-5.1906
67.45	-5.1908
67.45	-5.1911
67.47	-5.1913
67.47	-5.1916
67.48	-5.1919
67.49	-5.1923
67.50	-5.1925
67.51	-5.1928
67.52	-5.1929
67.53	-5.1933
67.54	-5.1934
67.54	-5.1937
67.55	-5.1940
67.56	-5.1944
67.57	-5.1946
67.57	-5.1949
67.58	-5.1951
67.59	-5.1955
67.60	-5.1959
67.60	-5.1962
67.61	-5.1964
67.62	-5.1966
67.63	-5.1971
67.64	-5.1974
67.64	-5.1976
67.65	-5.1977
67.66	-5.1980
67.67	-5.1983
67.68	-5.1986
67.69	-5.1989
67.70	-5.1991
67.70	-5.1995
67.71	-5.1998
67.72	-5.2002
67.73	-5.2005
67.74	-5.2009
67.75	-5.2011
67.75	-5.2014
67.76	-5.2017
67.77	-5.2019
67.78	-5.2021
67.79	-5.2024
67.80	-5.2027
67.81	-5.2031
67.81	-5.2034
67.83	-5.2036
67.83	-5.2040
67.84	-5.2042
67.85	-5.2046
67.86	-5.2051
67.87	-5.2054
67.88	-5.2057
67.88	-5.2060
67.89	-5.2063
67.89	-5.2066
67.90	-5.2069
67.92	-5.2072
67.92	-5.2075
67.93	-5.2078
67.94	-5.2084
67.95	-5.2087
67.95	-5.2091
67.96	-5.2095
67.97	-5.2096
67.98	-5.2099
67.99	-5.2102
68.00	-5.2105
68.00	-5.2109
68.01	-5.2113
68.02	-5.2116
68.03	-5.2120
68.03	-5.2124
68.05	-5.2126
68.05	-5.2129
68.06	-5.2132
68.07	-5.2136
68.08	-5.2140
68.09	-5.2142
68.09	-5.2146
68.10	-5.2149
68.11	-5.2152
68.12	-5.2155
68.13	-5.2159
68.14	-5.2162
68.14	-5.2166
68.15	-5.2169
68.16	-5.2173
68.17	-5.2176
68.18	-5.2179
68.19	-5.2182
68.20	-5.2185
68.20	-5.2189
68.21	-5.2192
68.22	-5.2196
68.23	-5.2198
68.24	-5.2200
68.25	-5.2204
68.25	-5.2206
68.26	-5.2211
68.27	-5.2213
68.28	-5.2216
68.29	-5.2220
68.30	-5.2222
68.31	-5.2225
68.31	-5.2228
68.32	-5.2230
68.33	-5.2233
68.34	-5.2236
68.34	-5.2239
68.35	-5.2243
68.37	-5.2246
68.38	-5.2251
68.38	-5.2254
68.39	-5.2257
68.39	-5.2260
68.41	-5.2265
68.42	-5.2268
68.42	-5.2270
68.43	-5.2275
68.44	-5.2278
68.45	-5.2281
68.46	-5.2285
68.47	-5.2288
68.48	-5.2291
68.48	-5.2296
68.49	-5.2299
68.50	-5.2304
68.50	-5.2309
68.51	-5.2312
68.52	-5.2315
68.53	-5.2317
68.54	-5.2322
68.55	-5.2325
68.56	-5.2329
68.57	-5.2333
68.58	-5.2336
68.58	-5.2341
68.58	-5.2345
68.59	-5.2347
68.60	-5.2350
68.61	-5.2353
68.63	-5.2356
68.63	-5.2361
68.64	-5.2365
68.64	-5.2367
68.66	-5.2370
68.67	-5.2374
68.67	-5.2378
68.68	-5.2380
68.69	-5.2383
68.70	-5.2385
68.70	-5.2388
68.72	-5.2392
68.73	-5.2395
68.74	-5.2397
68.74	-5.2401
68.75	-5.2403
68.75	-5.2410
68.76	-5.2412
68.78	-5.2415
68.78	-5.2418
68.79	-5.2420
68.80	-5.2424
68.81	-5.2427
68.82	-5.2430
68.83	-5.2432
68.83	-5.2434
68.84	-5.2437
68.84	-5.2440
68.85	-5.2442
68.86	-5.2443
68.87	-5.2447
68.88	-5.2448
68.89	-5.2451
68.89	-5.2454
68.90	-5.2458
68.92	-5.2460
68.92	-5.2462
68.92	-5.2465
68.94	-5.2470
68.94	-5.2473
68.95	-5.2475
68.96	-5.2478
68.97	-5.2482
68.98	-5.2485
68.99	-5.2488
69.00	-5.2490
69.00	-5.2493
69.01	-5.2495
69.02	-5.2500
69.03	-5.2503
69.03	-5.2508
69.04	-5.2512
69.05	-5.2515
69.06	-5.2517
69.07	-5.2520
69.08	-5.2523
69.08	-5.2524
69.09	-5.2528
69.10	-5.2531
69.11	-5.2533
69.12	-5.2536
69.13	-5.2538
69.14	-5.2540
69.14	-5.2543
69.15	-5.2546
69.16	-5.2549
69.17	-5.2551
69.18	-5.2555
69.19	-5.2559
69.19	-5.2563
69.20	-5.2566
69.21	-5.2569
69.22	-5.2572
69.23	-5.2576
69.24	-5.2578
69.25	-5.2581
69.25	-5.2583
69.26	-5.2586
69.27	-5.2590
69.28	-5.2593
69.28	-5.2597
69.29	-5.2601
69.30	-5.2602
69.31	-5.2605
69.32	-5.2609
69.33	-5.2612
69.34	-5.2615
69.35	-5.2618
69.35	-5.2620
69.36	-5.2622
69.37	-5.2627
69.38	-5.2629
69.39	-5.2633
69.39	-5.2635
69.40	-5.2638
69.41	-5.2641
69.42	-5.2644
69.43	-5.2646
69.43	-5.2650
69.44	-5.2653
69.45	-5.2658
69.46	-5.2662
69.47	-5.2667
69.48	-5.2670
69.49	-5.2674
69.50	-5.2678
69.50	-5.2683
69.51	-5.2685
69.52	-5.2688
69.53	-5.2691
69.53	-5.2693
69.55	-5.2696
69.55	-5.2698
69.56	-5.2700
69.57	-5.2703
69.58	-5.2706
69.58	-5.2709
69.59	-5.2711
69.60	-5.2714
69.61	-5.2718
69.62	-5.2722
69.63	-5.2724
69.63	-5.2727
69.64	-5.2730
69.65	-5.2735
69.66	-5.2737
69.67	-5.2740
69.68	-5.2744
69.68	-5.2746
69.69	-5.2749
69.70	-5.2752
69.71	-5.2755
69.72	-5.2758
69.73	-5.2760
69.74	-5.2763
69.75	-5.2765
69.75	-5.2769
69.76	-5.2770
69.77	-5.2773
69.78	-5.2776
69.79	-5.2779
69.80	-5.2784
69.80	-5.2788
69.81	-5.2789
69.82	-5.2793
69.83	-5.2796
69.83	-5.2799
69.84	-5.2802
69.85	-5.2804
69.86	-5.2809
69.87	-5.2812
69.88	-5.2815
69.88	-5.2819
69.89	-5.2821
69.89	-5.2824
69.91	-5.2826
69.92	-5.2830
69.92	-5.2833
69.93	-5.2835
69.94	-5.2839
69.95	-5.2842
69.96	-5.2846
69.97	-5.2850
69.98	-5.2852
69.98	-5.2856
69.99	-5.2859
70.00	-5.2863
70.01	-5.2866
70.02	-5.2870
70.03	-5.2873
70.03	-5.2875
70.04	-5.2879
70.05	-5.2881
70.06	-5.2883
70.07	-5.2886
70.08	-5.2889
70.08	-5.2893
70.09	-5.2894
70.10	-5.2897
70.11	-5.2901
70.12	-5.2902
70.13	-5.2905
70.13	-5.2909
70.14	-5.2911
70.15	-5.2915
70.16	-5.2919
70.17	-5.2923
70.17	-5.2927
70.18	-5.2932
70.19	-5.2936
70.20	-5.2939
70.21	-5.2945
70.22	-5.2947
70.23	-5.2950
70.24	-5.2954
70.25	-5.2958
70.25	-5.2960
70.26	-5.2963
70.27	-5.2966
70.28	-5.2971
70.28	-5.2976
70.30	-5.2980
70.30	-5.2984
70.31	-5.2986
70.32	-5.2989
70.33	-5.2992
70.33	-5.2994
70.34	-5.2997
70.35	-5.2999
70.36	-5.3002
70.37	-5.3004
70.38	-5.3010
70.38	-5.3013
70.39	-5.3014
70.40	-5.3018
70.41	-5.3020
70.42	-5.3023
70.43	-5.3025
70.44	-5.3028
70.45	-5.3029
70.45	-5.3032
70.46	-5.3033
70.47	-5.3038
70.48	-5.3042
70.48	-5.3045
70.50	-5.3049
70.50	-5.3052
70.51	-5.3056
70.52	-5.3059
70.52	-5.3062
70.53	-5.3065
70.54	-5.3070
70.55	-5.3072
70.56	-5.3075
70.57	-5.3078
70.58	-5.3082
70.58	-5.3085
70.59	-5.3088
70.60	-5.3092
70.61	-5.3094
70.62	-5.3097
70.63	-5.3102
70.63	-5.3103
70.64	-5.3107
70.64	-5.3111
70.65	-5.3114
70.66	-5.3118
70.67	-5.3123
70.68	-5.3127
70.69	-5.3130
70.70	-5.3132
70.71	-5.3137
70.71	-5.3141
70.72	-5.3143
70.73	-5.3144
70.74	-5.3147
70.75	-5.3150
70.76	-5.3154
70.76	-5.3158
70.77	-5.3162
70.78	-5.3165
70.79	-5.3169
70.80	-5.3172
70.81	-5.3176
70.82	-5.3179
70.82	-5.3182
70.83	-5.3184
70.84	-5.3189
70.85	-5.3192
70.86	-5.3193
70.87	-5.3196
70.88	-5.3200
70.88	-5.3203
70.89	-5.3205
70.89	-5.3209
70.90	-5.3211
70.92	-5.3214
70.92	-5.3217
70.93	-5.3220
70.94	-5.3223
70.95	-5.3226
70.96	-5.3230
70.96	-5.3233
70.97	-5.3234
70.98	-5.3237
70.99	-5.3239
71.00	-5.3242
71.01	-5.3246
71.02	-5.3248
71.03	-5.3250
71.03	-5.3252
71.04	-5.3255
71.05	-5.3259
71.06	-5.3262
71.06	-5.3265
71.07	-5.3268
71.08	-5.3272
71.09	-5.3276
71.10	-5.3278
71.11	-5.3280
71.12	-5.3285
71.12	-5.3288
71.13	-5.3293
71.14	-5.3295
71.15	-5.3298
71.16	-5.3301
71.17	-5.3303
71.17	-5.3308
71.18	-5.3311
71.19	-5.3313
71.20	-5.3317
71.20	-5.3320
71.21	-5.3323
71.22	-5.3325
71.23	-5.3327
71.25	-5.3330
71.25	-5.3332
71.26	-5.3335
71.27	-5.3339
71.28	-5.3341
71.28	-5.3344
71.30	-5.3346
71.30	-5.3349
71.31	-5.3354
71.32	-5.3356
71.33	-5.3359
71.33	-5.3362
71.34	-5.3366
71.35	-5.3370
71.36	-5.3374
71.37	-5.3378
71.38	-5.3383
71.38	-5.3387
71.39	-5.3389
71.39	-5.3393
71.40	-5.3395
71.41	-5.3398
71.42	-5.3400
71.43	-5.3404
71.44	-5.3408
71.45	-5.3411
71.46	-5.3416
71.47	-5.3420
71.48	-5.3423
71.48	-5.3428
71.49	-5.3430
71.50	-5.3433
71.51	-5.3436
71.52	-5.3438
71.53	-5.3440
71.53	-5.3443
71.54	-5.3445
71.55	-5.3449
71.55	-5.3452
71.56	-5.3456
71.57	-5.3459
71.58	-5.3462
71.58	-5.3464
71.59	-5.3467
71.60	-5.3468
71.62	-5.3471
71.62	-5.3474
71.63	-5.3478
71.64	-5.3481
71.64	-5.3485
71.65	-5.3485
71.66	-5.3488
71.67	-5.3491
71.68	-5.3495
71.69	-5.3498
71.70	-5.3501
71.70	-5.3505
71.71	-5.3508
71.73	-5.3512
71.73	-5.3515
71.74	-5.3518
71.75	-5.3521
71.75	-5.3523
71.76	-5.3527
71.77	-5.3530
71.78	-5.3532
71.79	-5.3535
71.80	-5.3537
71.80	-5.3542
71.81	-5.3544
71.82	-5.3547
71.83	-5.3549
71.83	-5.3552
71.84	-5.3555
71.85	-5.3559
71.86	-5.3562
71.87	-5.3564
71.88	-5.3568
71.89	-5.3571
71.89	-5.3574
71.90	-5.3576
71.91	-5.3580
71.92	-5.3584
71.93	-5.3586
71.94	-5.3588
71.95	-5.3592
71.95	-5.3595
71.95	-5.3598
71.97	-5.3602
71.98	-5.3604
71.99	-5.3606
72.00	-5.3610
72.00	-5.3615
72.01	-5.3618
72.02	-5.3621
72.03	-5.3624
72.03	-5.3628
72.05	-5.3631
72.06	-5.3633
72.07	-5.3636
72.08	-5.3639
72.08	-5.3641
72.09	-5.3644
72.09	-5.3648
72.11	-5.3651
72.12	-5.3654
72.13	-5.3657
72.13	-5.3660
72.14	-5.3663
72.14	-5.3668
72.15	-5.3671
72.16	-5.3674
72.17	-5.3677
72.18	-5.3682
72.19	-5.3685
72.20	-5.3688
72.21	-5.3692
72.22	-5.3695
72.22	-5.3700
72.23	-5.3703
72.24	-5.3706
72.25	-5.3707
72.25	-5.3711
72.26	-5.3713
72.27	-5.3716
72.28	-5.3719
72.29	-5.3722
72.30	-5.3726
72.30	-5.3728
72.31	-5.3732
72.33	-5.3736
72.33	-5.3739
72.34	-5.3741
72.34	-5.3744
72.35	-5.3746
72.37	-5.3749
72.38	-5.3752
72.38	-5.3755
72.39	-5.3757
72.39	-5.3763
72.40	-5.3766
72.41	-5.3769
72.42	-5.3771
72.43	-5.3775
72.44	-5.3777
72.44	-5.3780
72.45	-5.3784
72.46	-5.3788
72.47	-5.3791
72.48	-5.3795
72.48	-5.3798
72.49	-5.3802
72.50	-5.3804
72.51	-5.3808
72.52	-5.3812
72.53	-5.3814
72.53	-5.3819
72.55	-5.3821
72.55	-5.3825
72.56	-5.3828
72.57	-5.3829
72.58	-5.3833
72.58	-5.3836
72.59	-5.3839
72.60	-5.3842
72.61	-5.3845
72.62	-5.3848
72.63	-5.3851
72.64	-5.3853
72.64	-5.3858
72.65	-5.3861
72.66	-5.3863
72.66	-5.3868
72.67	-5.3871
72.69	-5.3874
72.69	-5.3877
72.70	-5.3882
72.71	-5.3885
72.72	-5.3888
72.73	-5.3891
72.74	-5.3894
72.74	-5.3898
72.75	-5.3901
72.76	-5.3905
72.77	-5.3907
72.78	-5.3910
72.79	-5.3915
72.80	-5.3918
72.80	-5.3922
72.81	-5.3926
72.82	-5.3929
72.83	-5.3933
72.84	-5.3936
72.84	-5.3939
72.85	-5.3942
72.86	-5.3946
72.87	-5.3950
72.88	-5.3954
72.89	-5.3957
72.89	-5.3960
72.90	-5.3962
72.91	-5.3964
72.92	-5.3968
72.93	-5.3970
72.94	-5.3973
72.95	-5.3976
72.95	-5.3977
72.96	-5.3983
72.98	-5.3986
72.98	-5.3988
72.99	-5.3991
73.00	-5.3992
73.00	-5.3994
73.01	-5.3997
73.02	-5.4002
73.03	-5.4006
73.04	-5.4010
73.05	-5.4015
73.05	-5.4018
73.06	-5.4021
73.08	-5.4023
73.08	-5.4026
73.09	-5.4029
73.09	-5.4033
73.10	-5.4036
73.11	-5.4037
73.12	-5.4041
73.13	-5.4043
73.13	-5.4048
73.14	-5.4050
73.15	-5.4053
73.16	-5.4057
73.17	-5.4060
73.18	-5.4063
73.19	-5.4066
73.20	-5.4069
73.21	-5.4071
73.22	-5.4074
73.22	-5.4077
73.23	-5.4080
73.23	-5.4083
73.25	-5.4087
73.25	-5.4091
73.26	-5.4095
73.27	-5.4096
73.28	-5.4101
73.29	-5.4105
73.30	-5.4109
73.30	-5.4112
73.31	-5.4115
73.32	-5.4119
73.33	-5.4121
73.34	-5.4124
73.34	-5.4127
73.35	-5.4130
73.36	-5.4133
73.37	-5.4138
73.38	-5.4143
73.39	-5.4146
73.39	-5.4150
73.40	-5.4152
73.41	-5.4154
73.42	-5.4158
73.42	-5.4162
73.43	-5.4163
73.44	-5.4167
73.45	-5.4169
73.46	-5.4174
73.47	-5.4178
73.48	-5.4181
73.48	-5.4184
73.49	-5.4188
73.49	-5.4191
73.50	-5.4193
73.52	-5.4197
73.53	-5.4201
73.53	-5.4205
73.55	-5.4209
73.55	-5.4212
73.56	-5.4216
73.57	-5.4219
73.58	-5.4223
73.59	-5.4225
73.59	-5.4228
73.60	-5.4231
73.61	-5.4235
73.62	-5.4238
73.63	-5.4241
73.64	-5.4244
73.64	-5.4246
73.65	-5.4247
73.66	-5.4250
73.67	-5.4253
73.68	-5.4255
73.69	-5.4256
73.70	-5.4260
73.70	-5.4262
73.71	-5.4265
73.72	-5.4268
73.73	-5.4272
73.73	-5.4274
73.74	-5.4277
73.75	-5.4280
73.76	-5.4282
73.77	-5.4285
73.78	-5.4288
73.79	-5.4292
73.80	-5.4297
73.80	-5.4299
73.81	-5.4303
73.83	-5.4306
73.83	-5.4309
73.84	-5.4313
73.84	-5.4316
73.85	-5.4319
73.86	-5.4322
73.87	-5.4324
73.88	-5.4329
73.89	-5.4332
73.90	-5.4335
73.90	-5.4339
73.91	-5.4343
73.92	-5.4346
73.93	-5.4349
73.94	-5.4353
73.94	-5.4357
73.95	-5.4361
73.97	-5.4364
73.98	-5.4366
73.98	-5.4371
73.99	-5.4376
74.00	-5.4380
74.00	-5.4383
74.02	-5.4385
74.02	-5.4388
74.03	-5.4392
74.04	-5.4395
74.05	-5.4397
74.05	-5.4400
74.07	-5.4403
74.08	-5.4406
74.08	-5.4410
74.09	-5.4412
74.09	-5.4416
74.10	-5.4419
74.11	-5.4425
74.12	-5.4428
74.13	-5.4431
74.14	-5.4434
74.14	-5.4436
74.15	-5.4438
74.16	-5.4440
74.17	-5.4442
74.18	-5.4445
74.19	-5.4448
74.20	-5.4453
74.20	-5.4455
74.21	-5.4458
74.21	-5.4461
74.22	-5.4464
74.23	-5.4467
74.24	-5.4470
74.25	-5.4475
74.26	-5.4478
74.27	-5.4481
74.28	-5.4485
74.28	-5.4490
74.29	-5.4492
74.30	-5.4496
74.31	-5.4500
74.32	-5.4504
74.33	-5.4507
74.33	-5.4509
74.34	-5.4512
74.35	-5.4515
74.36	-5.4518
74.37	-5.4523
74.38	-5.4527
74.39	-5.4530
74.39	-5.4533
74.40	-5.4537
74.41	-5.4540
74.42	-5.4543
74.42	-5.4547
74.43	-5.4550
74.44	-5.4553
74.45	-5.4557
74.46	-5.4559
74.47	-5.4563
74.48	-5.4567
74.49	-5.4569
74.50	-5.4572
74.50	-5.4575
74.51	-5.4578
74.52	-5.4582
74.53	-5.4585
74.54	-5.4588
74.55	-5.4592
74.56	-5.4594
74.56	-5.4597
74.57	-5.4600
74.58	-5.4601
74.58	-5.4605
74.59	-5.4609
74.60	-5.4614
74.61	-5.4617
74.62	-5.4621
74.63	-5.4626
74.64	-5.4628
74.64	-5.4631
74.65	-5.4634
74.66	-5.4637
74.67	-5.4640
74.68	-5.4644
74.69	-5.4645
74.70	-5.4648
74.70	-5.4651
74.71	-5.4654
74.71	-5.4656
74.73	-5.4660
74.74	-5.4663
74.75	-5.4665
74.75	-5.4668
74.76	-5.4671
74.77	-5.4675
74.78	-5.4679
74.79	-5.4682
74.80	-5.4684
74.81	-5.4687
74.82	-5.4690
74.82	-5.4694
74.83	-5.4697
74.84	-5.4701
74.84	-5.4704
74.85	-5.4708
74.86	-5.4712
74.87	-5.4716
74.88	-5.4719
74.89	-5.4723
74.89	-5.4726
74.90	-5.4730
74.91	-5.4734
74.92	-5.4738
74.93	-5.4739
74.94	-5.4743
74.95	-5.4747
74.95	-5.4750
74.96	-5.4754
74.97	-5.4756
74.98	-5.4761
74.98	-5.4762
74.99	-5.4766
75.00	-5.4771
75.01	-5.4774
75.03	-5.4779
75.03	-5.4781
75.04	-5.4784
75.05	-5.4788
75.05	-5.4791
75.06	-5.4794
75.08	-5.4797
75.08	-5.4801
75.09	-5.4804
75.09	-5.4807
75.09	-5.4810
75.11	-5.4814
75.11	-5.4817
75.12	-5.4820
75.13	-5.4824
75.14	-5.4826
75.15	-5.4829
75.16	-5.4833
75.17	-5.4835
75.17	-5.4836
75.18	-5.4840
75.19	-5.4845
75.20	-5.4849
75.20	-5.4851
75.22	-5.4855
75.23	-5.4859
75.23	-5.4861
75.24	-5.4865
75.25	-5.4866
75.25	-5.4870
75.27	-5.4873
75.28	-5.4875
75.28	-5.4877
75.29	-5.4881
75.30	-5.4884
75.31	-5.4887
75.32	-5.4891
75.33	-5.4894
75.34	-5.4898
75.34	-5.4901
75.35	-5.4904
75.36	-5.4907
75.37	-5.4911
75.38	-5.4915
75.38	-5.4918
75.39	-5.4920
75.40	-5.4924
75.41	-5.4926
75.42	-5.4930
75.43	-5.4932
75.43	-5.4937
75.44	-5.4939
75.46	-5.4943
75.46	-5.4946
75.47	-5.4949
75.47	-5.4951
75.48	-5.4956
75.49	-5.4960
75.50	-5.4963
75.51	-5.4966
75.52	-5.4971
75.53	-5.4973
75.53	-5.4977
75.55	-5.4980
75.55	-5.4984
75.56	-5.4988
75.57	-5.4990
75.58	-5.4994
75.59	-5.4997
75.59	-5.5000
75.59	-5.5002
75.60	-5.5006
75.62	-5.5009
75.62	-5.5014
75.63	-5.5015
75.64	-5.5020
75.65	-5.5023
75.66	-5.5027
75.67	-5.5030
75.68	-5.5033
75.68	-5.5036
75.69	-5.5039
75.70	-5.5042
75.71	-5.5046
75.72	-5.5048
75.73	-5.5052
75.73	-5.5055
75.74	-5.5058
75.75	-5.5061
75.76	-5.5065
75.77	-5.5068
75.78	-5.5071
75.79	-5.5073
75.79	-5.5075
75.80	-5.5078
75.81	-5.5082
75.82	-5.5086
75.83	-5.5088
75.83	-5.5093
75.84	-5.5096
75.85	-5.5099
75.87	-5.5102
75.87	-5.5105
75.88	-5.5108
75.88	-5.5114
75.89	-5.5118
75.90	-5.5122
75.91	-5.5125
75.92	-5.5127
75.92	-5.5130
75.94	-5.5134
75.94	-5.5137
75.95	-5.5139
75.96	-5.5144
75.97	-5.5147
75.98	-5.5149
75.98	-5.5152
75.99	-5.5156
76.00	-5.5156
76.01	-5.5160
76.02	-5.5163
76.03	-5.5166
76.03	-5.5171
76.04	-5.5175
76.05	-5.5177
76.06	-5.5180
76.07	-5.5182
76.08	-5.5185
76.08	-5.5189
76.09	-5.5191
76.09	-5.5193
76.11	-5.5195
76.12	-5.5199
76.13	-5.5202
76.13	-5.5206
76.14	-5.5210
76.15	-5.5213
76.16	-5.5215
76.17	-5.5219
76.17	-5.5223
76.18	-5.5225
76.19	-5.5228
76.20	-5.5231
76.20	-5.5235
76.21	-5.5238
76.23	-5.5242
76.23	-5.5244
76.24	-5.5247
76.25	-5.5250
76.25	-5.5253
76.27	-5.5256
76.27	-5.5259
76.28	-5.5262
76.29	-5.5263
76.30	-5.5267
76.31	-5.5271
76.32	-5.5274
76.33	-5.5276
76.33	-5.5280
76.34	-5.5282
76.35	-5.5286
76.36	-5.5290
76.37	-5.5293
76.38	-5.5296
76.38	-5.5301
76.39	-5.5304
76.40	-5.5308
76.41	-5.5311
76.42	-5.5316
76.43	-5.5318
76.43	-5.5322
76.44	-5.5326
76.45	-5.5330
76.46	-5.5334
76.46	-5.5339
76.47	-5.5342
76.48	-5.5346
76.49	-5.5349
76.50	-5.5352
76.50	-5.5356
76.51	-5.5359
76.52	-5.5365
76.53	-5.5368
76.55	-5.5372
76.55	-5.5375
76.56	-5.5378
76.57	-5.5381
76.58	-5.5384
76.58	-5.5387
76.59	-5.5390
76.60	-5.5393
76.61	-5.5397
76.61	-5.5401
76.62	-5.5405
76.63	-5.5408
76.64	-5.5411
76.64	-5.5414
76.66	-5.5417
76.67	-5.5421
76.68	-5.5423
76.68	-5.5428
76.69	-5.5432
76.70	-5.5437
76.71	-5.5440
76.72	-5.5444
76.73	-5.5447
76.74	-5.5451
76.74	-5.5453
76.75	-5.5459
76.76	-5.5462
76.77	-5.5465
76.78	-5.5468
76.79	-5.5471
76.80	-5.5476
76.80	-5.5479
76.81	-5.5482
76.82	-5.5484
76.83	-5.5489
76.84	-5.5490
76.84	-5.5493
76.85	-5.5497
76.86	-5.5500
76.87	-5.5503
76.87	-5.5507
76.88	-5.5510
76.89	-5.5514
76.89	-5.5517
76.90	-5.5522
76.91	-5.5525
76.92	-5.5527
76.93	-5.5531
76.94	-5.5533
76.95	-5.5537
76.95	-5.5539
76.96	-5.5543
76.98	-5.5545
76.98	-5.5549
76.99	-5.5551
77.00	-5.5555
77.00	-5.5558
77.02	-5.5561
77.03	-5.5565
77.03	-5.5569
77.04	-5.5572
77.05	-5.5575
77.05	-5.5578
77.06	-5.5581
77.08	-5.5585
77.08	-5.5588
77.09	-5.5591
77.09	-5.5593
77.10	-5.5595
77.11	-5.5598
77.12	-5.5601
77.13	-5.5605
77.14	-5.5607
77.15	-5.5611
77.15	-5.5615
77.17	-5.5618
77.17	-5.5621
77.18	-5.5624
77.19	-5.5629
77.20	-5.5632
77.21	-5.5636
77.22	-5.5638
77.23	-5.5641
77.23	-5.5646
77.24	-5.5648
77.25	-5.5651
77.26	-5.5653
77.27	-5.5655
77.27	-5.5658
77.28	-5.5662
77.29	-5.5666
77.30	-5.5669
77.30	-5.5672
77.31	-5.5675
77.32	-5.5678
77.33	-5.5682
77.34	-5.5686
77.34	-5.5689
77.35	-5.5693
77.36	-5.5697
77.38	-5.5701
77.38	-5.5704
77.39	-5.5709
77.40	-5.5713
77.41	-5.5716
77.41	-5.5720
77.42	-5.5723
77.42	-5.5728
77.43	-5.5731
77.45	-5.5736
77.45	-5.5741
77.46	-5.5745
77.48	-5.5747
77.48	-5.5749
77.49	-5.5752
77.49	-5.5756
77.51	-5.5757
77.52	-5.5759
77.53	-5.5761
77.53	-5.5764
77.54	-5.5766
77.55	-5.5771
77.56	-5.5776
77.57	-5.5779
77.58	-5.5782
77.58	-5.5784
77.59	-5.5787
77.60	-5.5790
77.61	-5.5793
77.62	-5.5796
77.63	-5.5801
77.63	-5.5805
77.64	-5.5808
77.65	-5.5811
77.66	-5.5813
77.67	-5.5817
77.67	-5.5820
77.68	-5.5822
77.69	-5.5826
77.70	-5.5829
77.70	-5.5833
77.71	-5.5835
77.73	-5.5839
77.74	-5.5841
77.74	-5.5845
77.75	-5.5848
77.76	-5.5850
77.76	-5.5852
77.77	-5.5857
77.78	-5.5861
77.79	-5.5865
77.79	-5.5867
77.80	-5.5871
77.81	-5.5874
77.82	-5.5878
77.83	-5.5880
77.84	-5.5884
77.84	-5.5887
77.85	-5.5891
77.86	-5.5896
77.87	-5.5900
77.88	-5.5902
77.89	-5.5904
77.89	-5.5907
77.90	-5.5908
77.91	-5.5912
77.92	-5.5914
77.93	-5.5916
77.94	-5.5918
77.95	-5.5920
77.96	-5.5924
77.96	-5.5926
77.97	-5.5928
77.98	-5.5932
77.99	-5.5936
78.00	-5.5940
78.00	-5.5942
78.01	-5.5946
78.03	-5.5950
78.03	-5.5953
78.04	-5.5956
78.05	-5.5959
78.05	-5.5962
78.06	-5.5964
78.07	-5.5967
78.08	-5.5970
78.09	-5.5973
78.09	-5.5977
78.11	-5.5979
78.11	-5.5984
78.12	-5.5987
78.13	-5.5990
78.14	-5.5992
78.15	-5.5995
78.16	-5.5998
78.17	-5.6001
78.17	-5.6004
78.18	-5.6008
78.19	-5.6011
78.20	-5.6015
78.20	-5.6018
78.21	-5.6022
78.22	-5.6024
78.23	-5.6027
78.24	-5.6030
78.24	-5.6033
78.25	-5.6037
78.26	-5.6040
78.27	-5.6045
78.28	-5.6048
78.29	-5.6051
78.30	-5.6055
78.31	-5.6058
78.32	-5.6061
78.33	-5.6065
78.33	-5.6067
78.34	-5.6070
78.35	-5.6073
78.36	-5.6077
78.37	-5.6082
78.38	-5.6087
78.39	-5.6089
78.39	-5.6093
78.40	-5.6096
78.41	-5.6098
78.42	-5.6100
78.42	-5.6102
78.43	-5.6103
78.44	-5.6106
78.45	-5.6111
78.45	-5.6113
78.46	-5.6116
78.48	-5.6120
78.48	-5.6123
78.49	-5.6127
78.50	-5.6133
78.50	-5.6139
78.51	-5.6142
78.52	-5.6145
78.53	-5.6150
78.54	-5.6155
78.55	-5.6159
78.56	-5.6163
78.56	-5.6166
78.57	-5.6170
78.58	-5.6177
78.59	-5.6181
78.60	-5.6185
78.61	-5.6189
78.62	-5.6193
78.63	-5.6198
78.63	-5.6201
78.64	-5.6206
78.64	-5.6209
78.66	-5.6212
78.66	-5.6217
78.67	-5.6221
78.67	-5.6226
78.69	-5.6232
78.69	-5.6236
78.70	-5.6241
78.71	-5.6247
78.72	-5.6250
78.73	-5.6254
78.73	-5.6257
78.74	-5.6262
78.75	-5.6265
78.76	-5.6269
78.77	-5.6275
78.78	-5.6279
78.78	-5.6283
78.79	-5.6287
78.80	-5.6291
78.81	-5.6294
78.82	-5.6296
78.83	-5.6300
78.83	-5.6302
78.84	-5.6307
78.85	-5.6310
78.86	-5.6314
78.87	-5.6317
78.88	-5.6318
78.88	-5.6321
78.89	-5.6324
78.91	-5.6326
78.91	-5.6329
78.92	-5.6332
78.92	-5.6335
78.93	-5.6338
78.94	-5.6341
78.95	-5.6344
78.96	-5.6346
78.97	-5.6348
78.98	-5.6351
78.98	-5.6352
78.99	-5.6356
79.00	-5.6357
79.01	-5.6361
79.02	-5.6364
79.03	-5.6368
79.04	-5.6370
79.04	-5.6373
79.05	-5.6376
79.06	-5.6378
79.08	-5.6379
79.08	-5.6383
79.09	-5.6387
79.09	-5.6388
79.10	-5.6391
79.11	-5.6395
79.12	-5.6397
79.13	-5.6399
79.13	-5.6402
79.14	-5.6404
79.15	-5.6406
79.16	-5.6409
79.17	-5.6412
79.17	-5.6414
79.18	-5.6418
79.20	-5.6420
79.20	-5.6422
79.21	-5.6427
79.22	-5.6429
79.23	-5.6432
79.23	-5.6435
79.24	-5.6437
79.25	-5.6440
79.26	-5.6442
79.26	-5.6446
79.28	-5.6450
79.28	-5.6453
79.29	-5.6455
79.30	-5.6456
79.31	-5.6457
79.32	-5.6461
79.33	-5.6462
79.34	-5.6464
79.34	-5.6467
79.35	-5.6471
79.35	-5.6474
79.37	-5.6477
79.38	-5.6479
79.39	-5.6481
79.39	-5.6484
79.40	-5.6485
79.41	-5.6485
79.42	-5.6486
79.42	-5.6489
79.43	-5.6491
79.44	-5.6493
79.45	-5.6498
79.46	-5.6500
79.47	-5.6503
79.48	-5.6507
79.48	-5.6510
79.49	-5.6513
79.50	-5.6517
79.51	-5.6519
79.52	-5.6522
79.53	-5.6524
79.53	-5.6528
79.54	-5.6532
79.55	-5.6534
79.56	-5.6538
79.57	-5.6541
79.57	-5.6544
79.58	-5.6547
79.59	-5.6552
79.60	-5.6554
79.61	-5.6557
79.61	-5.6559
79.62	-5.6563
79.63	-5.6567
79.64	-5.6571
79.64	-5.6575
79.65	-5.6578
79.66	-5.6583
79.67	-5.6584
79.68	-5.6588
79.69	-5.6592
79.70	-5.6594
79.71	-5.6599
79.71	-5.6603
79.73	-5.6607
79.73	-5.6610
79.74	-5.6614
79.75	-5.6618
79.75	-5.6623
79.76	-5.6626
79.77	-5.6631
79.78	-5.6636
79.79	-5.6640
79.80	-5.6644
79.81	-5.6646
79.82	-5.6648
79.82	-5.6650
79.83	-5.6653
79.84	-5.6657
79.85	-5.6661
79.86	-5.6665
79.87	-5.6669
79.88	-5.6672
79.88	-5.6675
79.89	-5.6679
79.90	-5.6682
79.90	-5.6685
79.91	-5.6687
79.92	-5.6690
79.93	-5.6694
79.94	-5.6697
79.95	-5.6700
79.95	-5.6702
79.96	-5.6705
79.97	-5.6707
79.98	-5.6710
79.99	-5.6712
80.00	-5.6715
80.01	-5.6718
80.01	-5.6723
80.02	-5.6726
80.03	-5.6728
80.04	-5.6731
80.05	-5.6733
80.05	-5.6735
80.06	-5.6737
80.07	-5.6740
80.08	-5.6742
80.09	-5.6745
80.10	-5.6747
80.11	-5.6750
80.12	-5.6753
80.12	-5.6755
80.13	-5.6758
80.14	-5.6762
80.14	-5.6763
80.15	-5.6766
80.16	-5.6770
80.17	-5.6774
80.18	-5.6775
80.19	-5.6780
80.20	-5.6784
80.20	-5.6787
80.22	-5.6791
80.23	-5.6793
80.23	-5.6797
80.24	-5.6799
80.25	-5.6803
80.25	-5.6806
80.26	-5.6811
80.27	-5.6815
80.28	-5.6820
80.29	-5.6822
80.30	-5.6827
80.30	-5.6831
80.31	-5.6834
80.32	-5.6837
80.33	-5.6841
80.34	-5.6844
80.35	-5.6847
80.36	-5.6849
80.36	-5.6853
80.38	-5.6857
80.38	-5.6859
80.38	-5.6862
80.39	-5.6864
80.40	-5.6866
80.41	-5.6870
80.42	-5.6873
80.43	-5.6876
80.44	-5.6878
80.45	-5.6882
80.45	-5.6883
80.46	-5.6887
80.47	-5.6889
80.48	-5.6893
80.49	-5.6896
80.49	-5.6899
80.50	-5.6902
80.51	-5.6906
80.52	-5.6908
80.53	-5.6912
80.54	-5.6914
80.55	-5.6917
80.55	-5.6920
80.56	-5.6924
80.57	-5.6927
80.58	-5.6931
80.58	-5.6936
80.59	-5.6940
80.60	-5.6943
80.61	-5.6946
80.62	-5.6949
80.63	-5.6951
80.64	-5.6954
80.65	-5.6958
80.66	-5.6961
80.67	-5.6966
80.67	-5.6968
80.68	-5.6971
80.69	-5.6975
80.70	-5.6978
80.70	-5.6983
80.71	-5.6987
80.72	-5.6989
80.73	-5.6993
80.74	-5.6998
80.75	-5.7001
80.75	-5.7005
80.76	-5.7008
80.77	-5.7012
80.78	-5.7016
80.79	-5.7019
80.80	-5.7022
80.80	-5.7025
80.81	-5.7029
80.82	-5.7032
80.83	-5.7034
80.84	-5.7038
80.84	-5.7041
80.85	-5.7044
80.86	-5.7047
80.87	-5.7051
80.88	-5.7055
80.89	-5.7059
80.90	-5.7062
80.91	-5.7064
80.91	-5.7067
80.92	-5.7071
80.92	-5.7073
80.93	-5.7078
80.95	-5.7080
80.96	-5.7084
80.96	-5.7086
80.97	-5.7091
80.98	-5.7094
80.99	-5.7097
81.00	-5.7100
81.00	-5.7103
81.02	-5.7107
81.03	-5.7109
81.03	-5.7112
81.04	-5.7115
81.05	-5.7119
81.05	-5.7122
81.06	-5.7123
81.08	-5.7126
81.08	-5.7130
81.09	-5.7132
81.09	-5.7134
81.10	-5.7139
81.11	-5.7141
81.12	-5.7144
81.13	-5.7147
81.14	-5.7150
81.14	-5.7153
81.15	-5.7156
81.16	-5.7159
81.17	-5.7163
81.18	-5.7166
81.19	-5.7168
81.20	-5.7172
81.20	-5.7175
81.21	-5.7179
81.22	-5.7184
81.23	-5.7186
81.24	-5.7188
81.25	-5.7192
81.25	-5.7196
81.26	-5.7199
81.27	-5.7202
81.28	-5.7206
81.29	-5.7209
81.30	-5.7213
81.30	-5.7217
81.31	-5.7219
81.32	-5.7222
81.33	-5.7224
81.33	-5.7228
81.34	-5.7230
81.36	-5.7235
81.36	-5.7239
81.37	-5.7242
81.38	-5.7245
81.38	-5.7248
81.39	-5.7251
81.40	-5.7254
81.41	-5.7258
81.42	-5.7261
81.42	-5.7264
81.43	-5.7268
81.45	-5.7272
81.45	-5.7276
81.46	-5.7278
81.47	-5.7282
81.48	-5.7285
81.48	-5.7289
81.49	-5.7290
81.50	-5.7294
81.51	-5.7297
81.52	-5.7303
81.53	-5.7306
81.53	-5.7310
81.54	-5.7312
81.55	-5.7316
81.56	-5.7319
81.57	-5.7323
81.58	-5.7327
81.59	-5.7329
81.59	-5.7334
81.60	-5.7337
81.61	-5.7340
81.62	-5.7343
81.63	-5.7347
81.64	-5.7351
81.64	-5.7353
81.65	-5.7355
81.66	-5.7360
81.67	-5.7364
81.68	-5.7367
81.69	-5.7371
81.70	-5.7374
81.70	-5.7376
81.71	-5.7379
81.72	-5.7381
81.72	-5.7384
81.73	-5.7386
81.75	-5.7389
81.75	-5.7394
81.76	-5.7397
81.77	-5.7401
81.78	-5.7404
81.79	-5.7407
81.80	-5.7410
81.80	-5.7414
81.81	-5.7417
81.82	-5.7418
81.83	-5.7422
81.83	-5.7425
81.83	-5.7428
81.84	-5.7431
81.86	-5.7434
81.87	-5.7437
81.88	-5.7440
81.89	-5.7443
81.90	-5.7446
81.90	-5.7451
81.91	-5.7455
81.92	-5.7460
81.93	-5.7463
81.94	-5.7466
81.94	-5.7470
81.95	-5.7472
81.96	-5.7477
81.97	-5.7481
81.98	-5.7486
81.99	-5.7490
82.00	-5.7493
82.00	-5.7498
82.01	-5.7500
82.02	-5.7505
82.03	-5.7508
82.04	-5.7512
82.05	-5.7518
82.05	-5.7521
82.06	-5.7523
82.07	-5.7527
82.08	-5.7530
82.09	-5.7534
82.09	-5.7536
82.10	-5.7538
82.11	-5.7541
82.12	-5.7544
82.13	-5.7548
82.14	-5.7550
82.14	-5.7552
82.15	-5.7555
82.16	-5.7557
82.17	-5.7560
82.18	-5.7562
82.19	-5.7566
82.20	-5.7568
82.20	-5.7572
82.21	-5.7576
82.22	-5.7578
82.23	-5.7581
82.23	-5.7583
82.25	-5.7587
82.25	-5.7590
82.26	-5.7593
82.27	-5.7596
82.28	-5.7599
82.28	-5.7602
82.29	-5.7606
82.30	-5.7610
82.31	-5.7613
82.32	-5.7616
82.33	-5.7619
82.33	-5.7621
82.34	-5.7625
82.34	-5.7628
82.36	-5.7631
82.37	-5.7634
82.38	-5.7638
82.39	-5.7642
82.39	-5.7645
82.40	-5.7649
82.41	-5.7652
82.42	-5.7656
82.43	-5.7658
82.44	-5.7662
82.45	-5.7664
82.45	-5.7668
82.46	-5.7670
82.47	-5.7673
82.48	-5.7676
82.49	-5.7680
82.50	-5.7683
82.51	-5.7686
82.51	-5.7690
82.52	-5.7692
82.53	-5.7694
82.54	-5.7697
82.55	-5.7701
82.55	-5.7705
82.56	-5.7707
82.57	-5.7709
82.58	-5.7713
82.59	-5.7716
82.60	-5.7719
82.61	-5.7722
82.61	-5.7727
82.62	-5.7729
82.63	-5.7733
82.64	-5.7735
82.64	-5.7738
82.65	-5.7743
82.67	-5.7746
82.67	-5.7748
82.68	-5.7751
82.69	-5.7757
82.70	-5.7760
82.70	-5.7763
82.71	-5.7768
82.72	-5.7771
82.73	-5.7773
82.74	-5.7778
82.75	-5.7782
82.76	-5.7785
82.76	-5.7790
82.77	-5.7793
82.78	-5.7798
82.79	-5.7801
82.80	-5.7803
82.80	-5.7807
82.81	-5.7810
82.82	-5.7813
82.83	-5.7816
82.84	-5.7820
82.85	-5.7823
82.86	-5.7825
82.87	-5.7829
82.87	-5.7832
82.88	-5.7834
82.89	-5.7837
82.89	-5.7841
82.90	-5.7845
82.91	-5.7849
82.92	-5.7851
82.93	-5.7856
82.93	-5.7860
82.95	-5.7864
82.95	-5.7866
82.96	-5.7870
82.97	-5.7873
82.98	-5.7875
82.99	-5.7880
83.00	-5.7883
83.00	-5.7885
83.02	-5.7887
83.02	-5.7893
83.03	-5.7896
83.04	-5.7899
83.05	-5.7903
83.05	-5.7906
83.06	-5.7910
83.08	-5.7913
83.08	-5.7917
83.09	-5.7920
83.10	-5.7924
83.10	-5.7929
83.11	-5.7932
83.12	-5.7935
83.13	-5.7939
83.14	-5.7944
83.14	-5.7947
83.15	-5.7949
83.16	-5.7953
83.17	-5.7955
83.18	-5.7958
83.19	-5.7962
83.20	-5.7966
83.20	-5.7968
83.21	-5.7972
83.22	-5.7976
83.23	-5.7979
83.23	-5.7982
83.25	-5.7986
83.25	-5.7989
83.26	-5.7992
83.27	-5.7997
83.28	-5.8000
83.28	-5.8004
83.29	-5.8006
83.30	-5.8008
83.32	-5.8011
83.33	-5.8013
83.33	-5.8016
83.34	-5.8018
83.34	-5.8023
83.36	-5.8027
83.36	-5.8033
83.37	-5.8037
83.38	-5.8039
83.39	-5.8044
83.39	-5.8047
83.40	-5.8051
83.41	-5.8054
83.42	-5.8057
83.43	-5.8061
83.44	-5.8067
83.45	-5.8070
83.45	-5.8073
83.46	-5.8076
83.47	-5.8081
83.48	-5.8083
83.49	-5.8086
83.50	-5.8090
83.50	-5.8095
83.51	-5.8097
83.52	-5.8101
83.53	-5.8102
83.54	-5.8106
83.55	-5.8109
83.56	-5.8111
83.56	-5.8114
83.57	-5.8117
83.58	-5.8120
83.58	-5.8123
83.59	-5.8128
83.61	-5.8131
83.61	-5.8135
83.62	-5.8137
83.63	-5.8140
83.63	-5.8142
83.64	-5.8147
83.65	-5.8150
83.67	-5.8155
83.67	-5.8158
83.68	-5.8163
83.69	-5.8166
83.70	-5.8168
83.70	-5.8170
83.71	-5.8173
83.72	-5.8175
83.73	-5.8178
83.74	-5.8179
83.75	-5.8181
83.75	-5.8184
83.76	-5.8187
83.77	-5.8191
83.78	-5.8194
83.79	-5.8196
83.80	-5.8197
83.80	-5.8200
83.81	-5.8204
83.82	-5.8207
83.83	-5.8211
83.84	-5.8216
83.85	-5.8219
83.86	-5.8221
83.87	-5.8224
83.87	-5.8228
83.88	-5.8231
83.89	-5.8234
83.90	-5.8236
83.91	-5.8239
83.92	-5.8243
83.92	-5.8245
83.93	-5.8249
83.94	-5.8253
83.95	-5.8258
83.96	-5.8260
83.96	-5.8264
83.97	-5.8268
83.98	-5.8271
83.98	-5.8274
83.99	-5.8277
84.00	-5.8281
84.00	-5.8284
84.02	-5.8288
84.03	-5.8291
84.03	-5.8295
84.04	-5.8299
84.05	-5.8301
84.06	-5.8306
84.07	-5.8310
84.08	-5.8313
84.09	-5.8317
84.09	-5.8321
84.10	-5.8326
84.11	-5.8330
84.12	-5.8334
84.13	-5.8337
84.13	-5.8342
84.14	-5.8344
84.15	-5.8348
84.16	-5.8350
84.17	-5.8353
84.17	-5.8356
84.19	-5.8360
84.20	-5.8364
84.20	-5.8369
84.21	-5.8372
84.22	-5.8374
84.23	-5.8378
84.23	-5.8381
84.25	-5.8383
84.25	-5.8386
84.26	-5.8391
84.27	-5.8394
84.28	-5.8397
84.29	-5.8401
84.30	-5.8406
84.31	-5.8409
84.31	-5.8411
84.32	-5.8415
84.33	-5.8419
84.34	-5.8423
84.34	-5.8426
84.35	-5.8433
84.36	-5.8438
84.37	-5.8439
84.38	-5.8443
84.39	-5.8447
84.39	-5.8450
84.40	-5.8453
84.41	-5.8455
84.42	-5.8458
84.43	-5.8464
84.44	-5.8466
84.45	-5.8470
84.45	-5.8474
84.46	-5.8478
84.47	-5.8482
84.48	-5.8486
84.49	-5.8491
84.50	-5.8494
84.50	-5.8499
84.51	-5.8501
84.52	-5.8505
84.53	-5.8510
84.54	-5.8513
84.55	-5.8516
84.55	-5.8520
84.56	-5.8523
84.57	-5.8525
84.58	-5.8529
84.59	-5.8533
84.59	-5.8536
84.60	-5.8541
84.61	-5.8544
84.62	-5.8546
84.63	-5.8550
84.63	-5.8553
84.64	-5.8555
84.65	-5.8559
84.67	-5.8561
84.67	-5.8565
84.68	-5.8570
84.69	-5.8572
84.70	-5.8576
84.70	-5.8580
84.72	-5.8584
84.73	-5.8588
84.73	-5.8592
84.74	-5.8594
84.75	-5.8597
84.75	-5.8601
84.77	-5.8606
84.78	-5.8610
84.78	-5.8615
84.79	-5.8618
84.80	-5.8622
84.80	-5.8623
84.81	-5.8627
84.83	-5.8630
84.83	-5.8634
84.84	-5.8639
84.84	-5.8643
84.85	-5.8646
84.86	-5.8650
84.87	-5.8653
84.88	-5.8657
84.88	-5.8660
84.89	-5.8665
84.90	-5.8668
84.91	-5.8670
84.92	-5.8674
84.92	-5.8678
84.94	-5.8682
84.95	-5.8686
84.95	-5.8690
84.96	-5.8693
84.97	-5.8697
84.98	-5.8700
84.98	-5.8703
84.99	-5.8706
85.00	-5.8711
85.01	-5.8714
85.02	-5.8718
85.03	-5.8722
85.04	-5.8727
85.04	-5.8730
85.05	-5.8733
85.06	-5.8736
85.07	-5.8742
85.08	-5.8745
85.09	-5.8748
85.09	-5.8752
85.10	-5.8756
85.11	-5.8758
85.12	-5.8762
85.13	-5.8765
85.14	-5.8767
85.14	-5.8771
85.15	-5.8774
85.16	-5.8778
85.17	-5.8781
85.17	-5.8785
85.19	-5.8789
85.20	-5.8793
85.21	-5.8796
85.21	-5.8801
85.22	-5.8803
85.23	-5.8806
85.24	-5.8810
85.25	-5.8812
85.26	-5.8816
85.26	-5.8820
85.27	-5.8825
85.28	-5.8827
85.29	-5.8832
85.30	-5.8836
85.30	-5.8841
85.31	-5.8843
85.32	-5.8846
85.33	-5.8849
85.33	-5.8853
85.34	-5.8856
85.35	-5.8861
85.36	-5.8866
85.37	-5.8869
85.38	-5.8873
85.39	-5.8876
85.39	-5.8879
85.40	-5.8883
85.41	-5.8887
85.42	-5.8891
85.43	-5.8895
85.44	-5.8899
85.45	-5.8904
85.45	-5.8906
85.46	-5.8908
85.47	-5.8912
85.48	-5.8915
85.49	-5.8918
85.50	-5.8922
85.51	-5.8926
85.51	-5.8930
85.52	-5.8932
85.53	-5.8936
85.54	-5.8941
85.55	-5.8945
85.55	-5.8949
85.57	-5.8953
85.57	-5.8959
85.58	-5.8962
85.59	-5.8967
85.59	-5.8972
85.61	-5.8975
85.61	-5.8979
85.63	-5.8984
85.63	-5.8988
85.63	-5.8990
85.64	-5.8993
85.64	-5.8995
85.66	-5.8998
85.67	-5.9000
85.68	-5.9002
85.68	-5.9004
85.69	-5.9008
85.70	-5.9010
85.71	-5.9014
85.72	-5.9017
85.73	-5.9020
85.74	-5.9023
85.75	-5.9026
85.75	-5.9029
85.76	-5.9032
85.77	-5.9035
85.78	-5.9038
85.79	-5.9042
85.80	-5.9047
85.80	-5.9049
85.81	-5.9053
85.81	-5.9055
85.82	-5.9058
85.83	-5.9061
85.84	-5.9065
85.85	-5.9067
85.86	-5.9071
85.87	-5.9076
85.88	-5.9079
85.89	-5.9082
85.89	-5.9085
85.90	-5.9088
85.91	-5.9091
85.92	-5.9094
85.92	-5.9098
85.93	-5.9102
85.94	-5.9108
85.95	-5.9111
85.96	-5.9114
85.97	-5.9117
85.98	-5.9121
85.98	-5.9124
85.99	-5.9126
86.00	-5.9130
86.01	-5.9134
86.02	-5.9140
86.03	-5.9143
86.03	-5.9147
86.04	-5.9152
86.05	-5.9156
86.06	-5.9160
86.07	-5.9165
86.08	-5.9168
86.09	-5.9175
86.09	-5.9177
86.10	-5.9181
86.11	-5.9184
86.12	-5.9187
86.13	-5.9191
86.14	-5.9193
86.14	-5.9198
86.15	-5.9202
86.16	-5.9206
86.17	-5.9210
86.17	-5.9215
86.19	-5.9218
86.20	-5.9221
86.20	-5.9225
86.21	-5.9227
86.22	-5.9232
86.23	-5.9234
86.23	-5.9236
86.24	-5.9239
86.25	-5.9241
86.26	-5.9243
86.27	-5.9247
86.28	-5.9249
86.28	-5.9253
86.29	-5.9256
86.30	-5.9260
86.31	-5.9263
86.32	-5.9266
86.33	-5.9270
86.33	-5.9273
86.34	-5.9276
86.35	-5.9280
86.36	-5.9284
86.37	-5.9285
86.38	-5.9286
86.38	-5.9291
86.39	-5.9293
86.40	-5.9295
86.41	-5.9296
86.42	-5.9300
86.42	-5.9304
86.43	-5.9306
86.45	-5.9308
86.45	-5.9311
86.46	-5.9313
86.47	-5.9316
86.48	-5.9319
86.49	-5.9323
86.49	-5.9326
86.50	-5.9331
86.51	-5.9333
86.52	-5.9337
86.53	-5.9341
86.54	-5.9344
86.55	-5.9349
86.55	-5.9354
86.56	-5.9357
86.57	-5.9360
86.58	-5.9364
86.58	-5.9366
86.59	-5.9370
86.60	-5.9374
86.61	-5.9380
86.62	-5.9383
86.63	-5.9388
86.63	-5.9391
86.64	-5.9395
86.65	-5.9397
86.66	-5.9401
86.67	-5.9402
86.67	-5.9405
86.68	-5.9408
86.69	-5.9412
86.70	-5.9417
86.71	-5.9420
86.72	-5.9422
86.73	-5.9426
86.73	-5.9429
86.74	-5.9431
86.75	-5.9434
86.76	-5.9437
86.77	-5.9443
86.78	-5.9446
86.78	-5.9448
86.79	-5.9452
86.80	-5.9454
86.81	-5.9456
86.82	-5.9458
86.82	-5.9462
86.83	-5.9465
86.84	-5.9471
86.85	-5.9473
86.86	-5.9477
86.87	-5.9479
86.87	-5.9483
86.88	-5.9487
86.89	-5.9490
86.90	-5.9494
86.91	-5.9496
86.92	-5.9501
86.92	-5.9504
86.93	-5.9508
86.94	-5.9511
86.95	-5.9514
86.96	-5.9517
86.97	-5.9520
86.98	-5.9524
86.98	-5.9528
87.00	-5.9532
87.00	-5.9535
87.00	-5.9538
87.01	-5.9543
87.02	-5.9547
87.03	-5.9550
87.04	-5.9553
87.05	-5.9557
87.06	-5.9561
87.07	-5.9564
87.08	-5.9568
87.08	-5.9571
87.09	-5.9575
87.10	-5.9579
87.11	-5.9583
87.12	-5.9586
87.13	-5.9588
87.14	-5.9593
87.14	-5.9596
87.15	-5.9599
87.15	-5.9601
87.16	-5.9606
87.17	-5.9609
87.18	-5.9612
87.19	-5.9616
87.20	-5.9618
87.21	-5.9622
87.22	-5.9623
87.23	-5.9627
87.24	-5.9631
87.24	-5.9632
87.25	-5.9635
87.26	-5.9638
87.27	-5.9642
87.28	-5.9645
87.28	-5.9650
87.29	-5.9652
87.30	-5.9656
87.31	-5.9658
87.32	-5.9663
87.33	-5.9666
87.33	-5.9670
87.34	-5.9674
87.35	-5.9679
87.36	-5.9681
87.37	-5.9684
87.37	-5.9687
87.38	-5.9689
87.39	-5.9693
87.40	-5.9697
87.41	-5.9699
87.42	-5.9701
87.42	-5.9706
87.43	-5.9711
87.44	-5.9716
87.45	-5.9719
87.46	-5.9723
87.47	-5.9727
87.48	-5.9728
87.49	-5.9732
87.50	-5.9735
87.50	-5.9738
87.51	-5.9742
87.52	-5.9745
87.53	-5.9749
87.53	-5.9752
87.55	-5.9754
87.55	-5.9757
87.55	-5.9762
87.56	-5.9765
87.57	-5.9767
87.58	-5.9772
87.59	-5.9774
87.59	-5.9778
87.61	-5.9782
87.61	-5.9786
87.62	-5.9790
87.63	-5.9793
87.64	-5.9796
87.65	-5.9799
87.65	-5.9803
87.66	-5.9805
87.67	-5.9808
87.68	-5.9811
87.69	-5.9815
87.70	-5.9818
87.71	-5.9821
87.72	-5.9825
87.73	-5.9827
87.73	-5.9832
87.74	-5.9835
87.75	-5.9838
87.76	-5.9842
87.76	-5.9845
87.78	-5.9848
87.78	-5.9853
87.79	-5.9857
87.80	-5.9861
87.81	-5.9864
87.82	-5.9867
87.82	-5.9871
87.83	-5.9874
87.84	-5.9877
87.85	-5.9880
87.85	-5.9883
87.86	-5.9887
87.87	-5.9889
87.88	-5.9892
87.89	-5.9896
87.90	-5.9900
87.91	-5.9903
87.92	-5.9904
87.92	-5.9907
87.93	-5.9910
87.94	-5.9912
87.95	-5.9916
87.96	-5.9919
87.97	-5.9921
87.98	-5.9924
87.98	-5.9926
87.99	-5.9929
88.00	-5.9934
88.01	-5.9937
88.02	-5.9941
88.03	-5.9945
88.03	-5.9950
88.04	-5.9952
88.05	-5.9956
88.06	-5.9958
88.07	-5.9960
88.08	-5.9964
88.08	-5.9966
88.09	-5.9970
88.10	-5.9972
88.11	-5.9978
88.12	-5.9981
88.13	-5.9985
88.13	-5.9988
88.14	-5.9991
88.15	-5.9994
88.16	-5.9996
88.17	-6.0000
88.18	-6.0003
88.18	-6.0005
88.19	-6.0010
88.20	-6.0013
88.21	-6.0017
88.21	-6.0020
88.22	-6.0023
88.23	-6.0025
88.24	-6.0028
88.25	-6.0032
88.26	-6.0035
88.27	-6.0040
88.28	-6.0042
88.28	-6.0046
88.29	-6.0049
88.30	-6.0052
88.31	-6.0056
88.32	-6.0059
88.33	-6.0062
88.34	-6.0066
88.34	-6.0069
88.35	-6.0072
88.36	-6.0075
88.37	-6.0077
88.38	-6.0080
88.39	-6.0083
88.39	-6.0086
88.40	-6.0090
88.41	-6.0095
88.42	-6.0098
88.42	-6.0103
88.43	-6.0106
88.44	-6.0108
88.45	-6.0113
88.45	-6.0117
88.46	-6.0120
88.47	-6.0125
88.48	-6.0128
88.49	-6.0131
88.50	-6.0134
88.50	-6.0137
88.51	-6.0142
88.52	-6.0145
88.53	-6.0148
88.54	-6.0150
88.55	-6.0153
88.55	-6.0155
88.56	-6.0158
88.57	-6.0161
88.58	-6.0162
88.59	-6.0165
88.59	-6.0168
88.60	-6.0172
88.61	-6.0174
88.62	-6.0178
88.63	-6.0182
88.64	-6.0185
88.64	-6.0188
88.65	-6.0193
88.66	-6.0196
88.67	-6.0199
88.68	-6.0203
88.69	-6.0208
88.70	-6.0210
88.70	-6.0212
88.72	-6.0217
88.72	-6.0220
88.73	-6.0221
88.74	-6.0225
88.75	-6.0227
88.75	-6.0231
88.76	-6.0232
88.77	-6.0236
88.78	-6.0240
88.79	-6.0242
88.80	-6.0246
88.80	-6.0250
88.81	-6.0253
88.82	-6.0258
88.83	-6.0261
88.84	-6.0263
88.84	-6.0266
88.85	-6.0270
88.86	-6.0272
88.88	-6.0276
88.88	-6.0278
88.89	-6.0281
88.90	-6.0282
88.90	-6.0285
88.91	-6.0287
88.92	-6.0291
88.92	-6.0295
88.94	-6.0297
88.95	-6.0301
88.95	-6.0304
88.96	-6.0308
88.97	-6.0311
88.98	-6.0313
88.99	-6.0316
89.00	-6.0319
89.00	-6.0323
89.01	-6.0326
89.02	-6.0330
89.03	-6.0333
89.04	-6.0337
89.05	-6.0340
89.06	-6.0343
89.07	-6.0346
89.08	-6.0349
89.08	-6.0352
89.09	-6.0356
89.09	-6.0361
89.11	-6.0364
89.12	-6.0366
89.13	-6.0367
89.13	-6.0368
89.14	-6.0370
89.14	-6.0373
89.15	-6.0376
89.17	-6.0379
89.17	-6.0383
89.18	-6.0388
89.19	-6.0392
89.20	-6.0396
89.20	-6.0399
89.22	-6.0404
89.22	-6.0408
89.23	-6.0413
89.24	-6.0417
89.25	-6.0424
89.25	-6.0428
89.26	-6.0433
89.27	-6.0437
89.28	-6.0443
89.29	-6.0449
89.30	-6.0455
89.30	-6.0460
89.31	-6.0464
89.32	-6.0467
89.33	-6.0472
89.33	-6.0477
89.34	-6.0481
89.35	-6.0485
89.36	-6.0492
89.37	-6.0494
89.38	-6.0498
89.39	-6.0503
89.39	-6.0507
89.40	-6.0512
89.41	-6.0517
89.42	-6.0523
89.42	-6.0528
89.43	-6.0533
89.44	-6.0538
89.45	-6.0543
89.46	-6.0548
89.47	-6.0552
89.48	-6.0557
89.48	-6.0561
89.50	-6.0564
89.50	-6.0567
89.51	-6.0570
89.52	-6.0575
89.52	-6.0576
89.53	-6.0578
89.54	-6.0580
89.55	-6.0584
89.55	-6.0588
89.56	-6.0590
89.58	-6.0593
89.58	-6.0596
89.59	-6.0599
89.60	-6.0601
89.61	-6.0604
89.62	-6.0607
89.63	-6.0612
89.64	-6.0616
89.64	-6.0619
89.65	-6.0622
89.66	-6.0626
89.67	-6.0628
89.67	-6.0632
89.68	-6.0633
89.69	-6.0636
89.70	-6.0638
89.71	-6.0640
89.72	-6.0643
89.72	-6.0645
89.73	-6.0647
89.74	-6.0650
89.75	-6.0653
89.76	-6.0656
89.77	-6.0658
89.78	-6.0659
89.78	-6.0663
89.79	-6.0667
89.80	-6.0669
89.81	-6.0672
89.82	-6.0676
89.83	-6.0680
89.83	-6.0682
89.84	-6.0684
89.85	-6.0687
89.86	-6.0689
89.87	-6.0692
89.88	-6.0697
89.88	-6.0698
89.89	-6.0700
89.90	-6.0704
89.91	-6.0708
89.91	-6.0711
89.92	-6.0714
89.93	-6.0716
89.94	-6.0719
89.95	-6.0721
89.95	-6.0726
89.97	-6.0729
89.98	-6.0731
89.98	-6.0734
89.99	-6.0737
90.00	-6.0741
90.01	-6.0743
90.01	-6.0746
90.03	-6.0747
90.03	-6.0752
90.04	-6.0755
90.05	-6.0757
90.06	-6.0759
90.07	-6.0762
90.08	-6.0766
90.08	-6.0768
90.09	-6.0770
90.10	-6.0772
90.11	-6.0775
90.12	-6.0777
90.13	-6.0781
90.13	-6.0783
90.14	-6.0787
90.15	-6.0788
90.16	-6.0793
90.17	-6.0793
90.17	-6.0796
90.18	-6.0798
90.19	-6.0800
90.20	-6.0803
90.21	-6.0806
90.22	-6.0808
90.23	-6.0811
90.23	-6.0814
90.24	-6.0817
90.25	-6.0820
90.26	-6.0823
90.26	-6.0827
90.28	-6.0833
90.28	-6.0838
90.29	-6.0841
90.30	-6.0842
90.30	-6.0846
90.32	-6.0850
90.32	-6.0853
90.33	-6.0857
90.34	-6.0862
90.35	-6.0864
90.36	-6.0870
90.36	-6.0874
90.37	-6.0877
90.38	-6.0880
90.39	-6.0883
90.40	-6.0885
90.40	-6.0887
90.41	-6.0889
90.42	-6.0892
90.43	-6.0895
90.44	-6.0898
90.45	-6.0900
90.45	-6.0904
90.46	-6.0909
90.47	-6.0912
90.48	-6.0914
90.49	-6.0918
90.50	-6.0922
90.51	-6.0925
90.52	-6.0930
90.53	-6.0933
90.53	-6.0936
90.54	-6.0939
90.55	-6.0942
90.55	-6.0945
90.56	-6.0948
90.58	-6.0952
90.58	-6.0956
90.59	-6.0958
90.60	-6.0961
90.61	-6.0965
90.62	-6.0968
90.62	-6.0971
90.63	-6.0973
90.64	-6.0977
90.64	-6.0981
90.65	-6.0985
90.66	-6.0988
90.67	-6.0991
90.68	-6.0992
90.69	-6.0996
