Hardness 1 : Kraftbei  Hardness 1;"352,06821";N
A1 : A1;"0,86898";J
A2 : A2;"0,10416";J
Springiness : Springiness;"0,00066";m
Cohesiveness : Cohesiveness;"0,11987";
Chewiness : Chewiness;"0,02766";J

Zeit;Traversenweg;Kraft
(s);(mm);(N)
"0,00000";"0,00000";"0,01089"
"0,01000";"0,00094";"0,02131"
"0,02000";"0,00578";"0,03677"
"0,03000";"0,01653";"0,05452"
"0,04000";"0,03176";"0,06246"
"0,05000";"0,04947";"0,06205"
"0,06000";"0,06835";"0,05144"
"0,07000";"0,08760";"0,03238"
"0,08000";"0,10649";"0,02012"
"0,09000";"0,12478";"0,01549"
"0,10000";"0,14261";"0,01089"
"0,11000";"0,15973";"0,00871"
"0,12000";"0,17638";"0,00387"
"0,13000";"0,19278";"0,00693"
"0,14000";"0,20884";"0,00496"
"0,15000";"0,22478";"0,00228"
"0,16000";"0,24048";"0,00953"
"0,17000";"0,25594";"0,01093"
"0,18000";"0,27141";"0,01183"
"0,19000";"0,28664";"0,01336"
"0,20000";"0,30199";"0,00995"
"0,21000";"0,31722";"-0,00418"
"0,22000";"0,33244";"-0,00634"
"0,23000";"0,34756";"-0,00134"
"0,24000";"0,36267";"0,00276"
"0,25000";"0,37766";"0,01124"
"0,26000";"0,39265";"0,01940"
"0,27000";"0,40765";"0,02205"
"0,28000";"0,42276";"0,02294"
"0,29000";"0,43787";"0,01937"
"0,30000";"0,45298";"0,02342"
"0,31000";"0,46809";"0,01956"
"0,32000";"0,48308";"0,01353"
"0,33000";"0,49808";"0,00872"
"0,34000";"0,51295";"0,00864"
"0,35000";"0,52794";"0,01182"
"0,36000";"0,54294";"0,01263"
"0,37000";"0,55805";"0,01279"
"0,38000";"0,57304";"0,00649"
"0,39000";"0,58815";"0,00746"
"0,40000";"0,60315";"0,01622"
"0,41000";"0,61802";"0,01936"
"0,42000";"0,63301";"0,01488"
"0,43000";"0,64812";"0,00589"
"0,44000";"0,66324";"0,00070"
"0,45000";"0,67823";"-0,00365"
"0,46000";"0,69310";"-0,00099"
"0,47000";"0,70810";"-0,00030"
"0,48000";"0,72297";"-0,00412"
"0,49000";"0,73808";"-0,00682"
"0,50000";"0,75308";"-0,00732"
"0,51000";"0,76807";"-0,00986"
"0,52000";"0,78306";"-0,01490"
"0,53000";"0,79817";"-0,01474"
"0,54000";"0,81317";"-0,01058"
"0,55000";"0,82816";"-0,00443"
"0,56000";"0,84303";"-0,00132"
"0,57000";"0,85803";"0,00362"
"0,58000";"0,87290";"0,00873"
"0,59000";"0,88790";"0,01541"
"0,60000";"0,90289";"0,01580"
"0,61000";"0,91800";"0,01465"
"0,62000";"0,93311";"0,01673"
"0,63000";"0,94810";"0,01642"
"0,64000";"0,96310";"0,01937"
"0,65000";"0,97809";"0,01498"
"0,66000";"0,99308";"0,01383"
"0,67000";"1,00808";"0,01192"
"0,68000";"1,02307";"0,01203"
"0,69000";"1,03818";"0,01351"
"0,70000";"1,05306";"0,01350"
"0,71000";"1,06805";"0,00812"
"0,72000";"1,08316";"0,00642"
"0,73000";"1,09815";"0,00307"
"0,74000";"1,11303";"-0,00217"
"0,75000";"1,12802";"-0,00029"
"0,76000";"1,14313";"0,00376"
"0,77000";"1,15813";"0,00185"
"0,78000";"1,17300";"0,00296"
"0,79000";"1,18799";"0,00115"
"0,80000";"1,20310";"-0,00270"
"0,81000";"1,21810";"-0,00188"
"0,82000";"1,23309";"0,00177"
"0,83000";"1,24808";"0,00360"
"0,84000";"1,26319";"0,00142"
"0,85000";"1,27819";"-0,00195"
"0,86000";"1,29306";"0,00341"
"0,87000";"1,30806";"0,01097"
"0,88000";"1,32305";"0,01992"
"0,89000";"1,33792";"0,01716"
"0,90000";"1,35292";"0,00903"
"0,91000";"1,36791";"0,00200"
"0,92000";"1,38290";"-0,00408"
"0,93000";"1,39813";"-0,00532"
"0,94000";"1,41313";"0,00123"
"0,95000";"1,42812";"0,00252"
"0,96000";"1,44311";"-0,00107"
"0,97000";"1,45799";"-0,00324"
"0,98000";"1,47298";"-0,00018"
"0,99000";"1,48797";"0,00537"
"1,00000";"1,50297";"0,00757"
"1,01000";"1,51808";"0,00642"
"1,02000";"1,53307";"0,00446"
"1,03000";"1,54806";"0,00315"
"1,04000";"1,56306";"0,00782"
"1,05000";"1,57805";"0,01230"
"1,06000";"1,59304";"0,01466"
"1,07000";"1,60815";"0,01350"
"1,08000";"1,62315";"0,00771"
"1,09000";"1,63814";"0,00807"
"1,10000";"1,65301";"0,00938"
"1,11000";"1,66801";"0,01584"
"1,12000";"1,68312";"0,01820"
"1,13000";"1,69799";"0,01431"
"1,14000";"1,71299";"0,00767"
"1,15000";"1,72810";"0,00470"
"1,16000";"1,74309";"0,01117"
"1,17000";"1,75808";"0,01029"
"1,18000";"1,77308";"0,00625"
"1,19000";"1,78795";"0,00855"
"1,20000";"1,80294";"0,00709"
"1,21000";"1,81794";"0,00362"
"1,22000";"1,83293";"-0,00380"
"1,23000";"1,84792";"-0,00974"
"1,24000";"1,86303";"-0,01038"
"1,25000";"1,87803";"-0,01356"
"1,26000";"1,89302";"-0,00699"
"1,27000";"1,90813";"0,00009"
"1,28000";"1,92301";"0,00614"
"1,29000";"1,93800";"0,01538"
"1,30000";"1,95288";"0,02414"
"1,31000";"1,96787";"0,02778"
"1,32000";"1,98274";"0,02984"
"1,33000";"1,99785";"0,02330"
"1,34000";"2,01285";"0,01731"
"1,35000";"2,02784";"0,01717"
"1,36000";"2,04283";"0,02188"
"1,37000";"2,05783";"0,01949"
"1,38000";"2,07282";"0,02300"
"1,39000";"2,08793";"0,02710"
"1,40000";"2,10281";"0,02773"
"1,41000";"2,11780";"0,03066"
"1,42000";"2,13291";"0,02704"
"1,43000";"2,14790";"0,02544"
"1,44000";"2,16290";"0,02046"
"1,45000";"2,17789";"0,02142"
"1,46000";"2,19312";"0,01357"
"1,47000";"2,20823";"0,00938"
"1,48000";"2,22322";"0,00996"
"1,49000";"2,23822";"0,00630"
"1,50000";"2,25321";"-0,00193"
"1,51000";"2,26820";"-0,00178"
"1,52000";"2,28308";"0,00280"
"1,53000";"2,29807";"0,00772"
"1,54000";"2,31306";"0,01555"
"1,55000";"2,32806";"0,01181"
"1,56000";"2,34305";"0,01381"
"1,57000";"2,35816";"0,01138"
"1,58000";"2,37315";"0,00835"
"1,59000";"2,38815";"0,00858"
"1,60000";"2,40302";"0,01461"
"1,61000";"2,41790";"0,01409"
"1,62000";"2,43289";"0,01545"
"1,63000";"2,44788";"0,01228"
"1,64000";"2,46288";"0,01056"
"1,65000";"2,47787";"0,00279"
"1,66000";"2,49286";"0,00360"
"1,67000";"2,50762";"0,01187"
"1,68000";"2,52249";"0,01900"
"1,69000";"2,53737";"0,02210"
"1,70000";"2,55236";"0,01842"
"1,71000";"2,56735";"0,00980"
"1,72000";"2,58235";"0,00744"
"1,73000";"2,59746";"0,00537"
"1,74000";"2,61269";"0,00549"
"1,75000";"2,62792";"0,00641"
"1,76000";"2,64291";"0,00431"
"1,77000";"2,65790";"0,00009"
"1,78000";"2,67301";"-0,00856"
"1,79000";"2,68812";"-0,00604"
"1,80000";"2,70312";"0,00504"
"1,81000";"2,71823";"0,00671"
"1,82000";"2,73334";"0,00941"
"1,83000";"2,74833";"0,01037"
"1,84000";"2,76333";"0,00853"
"1,85000";"2,77820";"0,01634"
"1,86000";"2,79319";"0,02016"
"1,87000";"2,80819";"0,02763"
"1,88000";"2,82318";"0,03227"
"1,89000";"2,83817";"0,02102"
"1,90000";"2,85317";"0,01067"
"1,91000";"2,86804";"0,00546"
"1,92000";"2,88292";"0,00122"
"1,93000";"2,89791";"-0,00385"
"1,94000";"2,91278";"0,00323"
"1,95000";"2,92766";"0,01377"
"1,96000";"2,94265";"0,02059"
"1,97000";"2,95753";"0,02055"
"1,98000";"2,97252";"0,02226"
"1,99000";"2,98751";"0,02494"
"2,00000";"3,00239";"0,02501"
"2,01000";"3,01750";"0,02062"
"2,02000";"3,03273";"0,01818"
"2,03000";"3,04784";"0,01431"
"2,04000";"3,06307";"0,01398"
"2,05000";"3,07818";"0,02033"
"2,06000";"3,09329";"0,02849"
"2,07000";"3,10828";"0,02989"
"2,08000";"3,12328";"0,02531"
"2,09000";"3,13827";"0,02127"
"2,10000";"3,15338";"0,01329"
"2,11000";"3,16837";"0,00700"
"2,12000";"3,18349";"0,00532"
"2,13000";"3,19848";"-0,00126"
"2,14000";"3,21347";"-0,00276"
"2,15000";"3,22835";"0,00828"
"2,16000";"3,24334";"0,02036"
"2,17000";"3,25822";"0,02773"
"2,18000";"3,27309";"0,02788"
"2,19000";"3,28808";"0,02468"
"2,20000";"3,30308";"0,01754"
"2,21000";"3,31807";"0,01028"
"2,22000";"3,33306";"0,01261"
"2,23000";"3,34794";"0,01709"
"2,24000";"3,36281";"0,01720"
"2,25000";"3,37781";"0,01630"
"2,26000";"3,39280";"0,01414"
"2,27000";"3,40767";"0,00318"
"2,28000";"3,42255";"-0,00993"
"2,29000";"3,43754";"-0,01289"
"2,30000";"3,45253";"-0,01113"
"2,31000";"3,46753";"-0,00415"
"2,32000";"3,48276";"0,00220"
"2,33000";"3,49787";"0,00720"
"2,34000";"3,51298";"0,00948"
"2,35000";"3,52809";"0,01189"
"2,36000";"3,54308";"0,00843"
"2,37000";"3,55819";"0,00879"
"2,38000";"3,57331";"0,00518"
"2,39000";"3,58830";"0,00827"
"2,40000";"3,60329";"0,01715"
"2,41000";"3,61840";"0,01947"
"2,42000";"3,63340";"0,01133"
"2,43000";"3,64839";"0,00752"
"2,44000";"3,66326";"0,00905"
"2,45000";"3,67826";"0,01505"
"2,46000";"3,69313";"0,00949"
"2,47000";"3,70789";"0,00615"
"2,48000";"3,72288";"0,00680"
"2,49000";"3,73787";"0,00875"
"2,50000";"3,75275";"0,00873"
"2,51000";"3,76786";"0,00894"
"2,52000";"3,78297";"0,01188"
"2,53000";"3,79797";"0,01441"
"2,54000";"3,81284";"0,01250"
"2,55000";"3,82760";"0,00587"
"2,56000";"3,84247";"0,00370"
"2,57000";"3,85735";"0,00653"
"2,58000";"3,87234";"0,00832"
"2,59000";"3,88745";"0,00851"
"2,60000";"3,90268";"0,01562"
"2,61000";"3,91815";"0,02041"
"2,62000";"3,93349";"0,01942"
"2,63000";"3,94872";"0,01359"
"2,64000";"3,96372";"0,01092"
"2,65000";"3,97859";"0,00333"
"2,66000";"3,99358";"0,00296"
"2,67000";"4,00858";"0,00695"
"2,68000";"4,02345";"0,01135"
"2,69000";"4,03844";"0,01503"
"2,70000";"4,05344";"0,01383"
"2,71000";"4,06831";"0,00713"
"2,72000";"4,08331";"0,01635"
"2,73000";"4,09818";"0,01049"
"2,74000";"4,11329";"-0,00213"
"2,75000";"4,12828";"-0,00604"
"2,76000";"4,14316";"-0,00466"
"2,77000";"4,15827";"-0,00827"
"2,78000";"4,17315";"-0,00809"
"2,79000";"4,18802";"-0,00623"
"2,80000";"4,20301";"-0,00580"
"2,81000";"4,21801";"-0,01073"
"2,82000";"4,23300";"-0,01601"
"2,83000";"4,24799";"-0,01474"
"2,84000";"4,26287";"-0,00840"
"2,85000";"4,27774";"-0,00142"
"2,86000";"4,29262";"0,00703"
"2,87000";"4,30761";"0,01820"
"2,88000";"4,32249";"0,02492"
"2,89000";"4,33760";"0,01939"
"2,90000";"4,35271";"0,01028"
"2,91000";"4,36782";"0,00229"
"2,92000";"4,38293";"0,00191"
"2,93000";"4,39804";"0,00396"
"2,94000";"4,41303";"0,00422"
"2,95000";"4,42815";"0,00994"
"2,96000";"4,44326";"0,00634"
"2,97000";"4,45849";"0,00004"
"2,98000";"4,47360";"-0,00121"
"2,99000";"4,48859";"0,00678"
"3,00000";"4,50347";"0,01294"
"3,01000";"4,51846";"0,01388"
"3,02000";"4,53322";"0,01361"
"3,03000";"4,54809";"0,01676"
"3,04000";"4,56308";"0,02108"
"3,05000";"4,57808";"0,02050"
"3,06000";"4,59307";"0,01238"
"3,07000";"4,60794";"0,00921"
"3,08000";"4,62294";"0,00733"
"3,09000";"4,63781";"0,01280"
"3,10000";"4,65269";"0,01397"
"3,11000";"4,66768";"0,01995"
"3,12000";"4,68267";"0,02433"
"3,13000";"4,69778";"0,02363"
"3,14000";"4,71266";"0,01434"
"3,15000";"4,72777";"0,00544"
"3,16000";"4,74288";"-0,00258"
"3,17000";"4,75776";"-0,00130"
"3,18000";"4,77275";"0,00573"
"3,19000";"4,78774";"0,00989"
"3,20000";"4,80285";"0,01002"
"3,21000";"4,81797";"0,01098"
"3,22000";"4,83308";"0,01540"
"3,23000";"4,84819";"0,01130"
"3,24000";"4,86318";"0,01090"
"3,25000";"4,87817";"0,01549"
"3,26000";"4,89317";"0,01079"
"3,27000";"4,90816";"0,00521"
"3,28000";"4,92327";"0,00414"
"3,29000";"4,93826";"0,00465"
"3,30000";"4,95326";"0,00302"
"3,31000";"4,96825";"0,00271"
"3,32000";"4,98324";"0,00093"
"3,33000";"4,99824";"0,00275"
"3,34000";"5,01311";"0,00535"
"3,35000";"5,02810";"0,00221"
"3,36000";"5,04310";"-0,00033"
"3,37000";"5,05821";"0,00442"
"3,38000";"5,07320";"0,01100"
"3,39000";"5,08808";"0,01269"
"3,40000";"5,10307";"0,01775"
"3,41000";"5,11783";"0,01745"
"3,42000";"5,13270";"0,01987"
"3,43000";"5,14769";"0,01094"
"3,44000";"5,16281";"0,00806"
"3,45000";"5,17780";"0,00926"
"3,46000";"5,19291";"0,00516"
"3,47000";"5,20802";"0,00269"
"3,48000";"5,22301";"0,00790"
"3,49000";"5,23801";"0,01508"
"3,50000";"5,25300";"0,02128"
"3,51000";"5,26799";"0,02334"
"3,52000";"5,28310";"0,01799"
"3,53000";"5,29822";"0,00589"
"3,54000";"5,31333";"0,00470"
"3,55000";"5,32832";"0,00772"
"3,56000";"5,34331";"0,00549"
"3,57000";"5,35819";"0,00435"
"3,58000";"5,37318";"0,00905"
"3,59000";"5,38817";"0,01128"
"3,60000";"5,40305";"0,01377"
"3,61000";"5,41804";"0,00645"
"3,62000";"5,43303";"0,00343"
"3,63000";"5,44803";"0,00632"
"3,64000";"5,46302";"-0,00016"
"3,65000";"5,47801";"-0,00752"
"3,66000";"5,49301";"-0,01772"
"3,67000";"5,50800";"-0,01673"
"3,68000";"5,52299";"-0,01021"
"3,69000";"5,53787";"-0,00260"
"3,70000";"5,55298";"0,00088"
"3,71000";"5,56785";"0,00970"
"3,72000";"5,58285";"0,02410"
"3,73000";"5,59760";"0,04404"
"3,74000";"5,61260";"0,06679"
"3,75000";"5,62771";"0,09336"
"3,76000";"5,64282";"0,11221"
"3,77000";"5,65793";"0,13189"
"3,78000";"5,67316";"0,15212"
"3,79000";"5,68827";"0,18276"
"3,80000";"5,70326";"0,21029"
"3,81000";"5,71826";"0,24388"
"3,82000";"5,73337";"0,27385"
"3,83000";"5,74836";"0,30738"
"3,84000";"5,76335";"0,34347"
"3,85000";"5,77835";"0,38480"
"3,86000";"5,79322";"0,42733"
"3,87000";"5,80822";"0,47203"
"3,88000";"5,82309";"0,52727"
"3,89000";"5,83797";"0,59431"
"3,90000";"5,85296";"0,65930"
"3,91000";"5,86795";"0,72412"
"3,92000";"5,88294";"0,79055"
"3,93000";"5,89794";"0,86339"
"3,94000";"5,91293";"0,93825"
"3,95000";"5,92804";"1,02259"
"3,96000";"5,94292";"1,10631"
"3,97000";"5,95791";"1,19245"
"3,98000";"5,97290";"1,28864"
"3,99000";"5,98790";"1,39290"
"4,00000";"6,00289";"1,48831"
"4,01000";"6,01800";"1,58582"
"4,02000";"6,03288";"1,68006"
"4,03000";"6,04787";"1,77644"
"4,04000";"6,06286";"1,88158"
"4,05000";"6,07785";"1,98103"
"4,06000";"6,09297";"2,07664"
"4,07000";"6,10796";"2,16346"
"4,08000";"6,12307";"2,24444"
"4,09000";"6,13806";"2,32256"
"4,10000";"6,15306";"2,41347"
"4,11000";"6,16805";"2,51173"
"4,12000";"6,18304";"2,60252"
"4,13000";"6,19803";"2,69479"
"4,14000";"6,21303";"2,78600"
"4,15000";"6,22814";"2,87365"
"4,16000";"6,24325";"2,96343"
"4,17000";"6,25824";"3,04833"
"4,18000";"6,27324";"3,12886"
"4,19000";"6,28811";"3,20932"
"4,20000";"6,30299";"3,28748"
"4,21000";"6,31798";"3,36518"
"4,22000";"6,33297";"3,45586"
"4,23000";"6,34808";"3,53731"
"4,24000";"6,36296";"3,62349"
"4,25000";"6,37795";"3,71486"
"4,26000";"6,39294";"3,79953"
"4,27000";"6,40794";"3,88746"
"4,28000";"6,42281";"3,97996"
"4,29000";"6,43781";"4,07235"
"4,30000";"6,45292";"4,16501"
"4,31000";"6,46791";"4,25204"
"4,32000";"6,48278";"4,32795"
"4,33000";"6,49778";"4,40306"
"4,34000";"6,51277";"4,48615"
"4,35000";"6,52788";"4,56702"
"4,36000";"6,54287";"4,65096"
"4,37000";"6,55787";"4,73817"
"4,38000";"6,57298";"4,83259"
"4,39000";"6,58809";"4,92826"
"4,40000";"6,60308";"5,00696"
"4,41000";"6,61808";"5,08349"
"4,42000";"6,63307";"5,16538"
"4,43000";"6,64794";"5,25572"
"4,44000";"6,66282";"5,33495"
"4,45000";"6,67781";"5,42059"
"4,46000";"6,69281";"5,50322"
"4,47000";"6,70792";"5,58234"
"4,48000";"6,72303";"5,66421"
"4,49000";"6,73790";"5,75081"
"4,50000";"6,75301";"5,83842"
"4,51000";"6,76801";"5,92512"
"4,52000";"6,78288";"6,00855"
"4,53000";"6,79799";"6,09696"
"4,54000";"6,81310";"6,19014"
"4,55000";"6,82798";"6,28908"
"4,56000";"6,84297";"6,37963"
"4,57000";"6,85796";"6,46765"
"4,58000";"6,87296";"6,55445"
"4,59000";"6,88795";"6,63498"
"4,60000";"6,90294";"6,71711"
"4,61000";"6,91794";"6,80467"
"4,62000";"6,93293";"6,89791"
"4,63000";"6,94792";"6,98456"
"4,64000";"6,96292";"7,06975"
"4,65000";"6,97791";"7,16154"
"4,66000";"6,99302";"7,24851"
"4,67000";"7,00790";"7,33186"
"4,68000";"7,02289";"7,42016"
"4,69000";"7,03788";"7,50699"
"4,70000";"7,05288";"7,60649"
"4,71000";"7,06787";"7,70704"
"4,72000";"7,08298";"7,80388"
"4,73000";"7,09797";"7,90640"
"4,74000";"7,11308";"7,99694"
"4,75000";"7,12796";"8,08399"
"4,76000";"7,14295";"8,17503"
"4,77000";"7,15794";"8,26842"
"4,78000";"7,17294";"8,36083"
"4,79000";"7,18793";"8,45710"
"4,80000";"7,20292";"8,55211"
"4,81000";"7,21803";"8,64966"
"4,82000";"7,23303";"8,74997"
"4,83000";"7,24790";"8,85528"
"4,84000";"7,26290";"8,95457"
"4,85000";"7,27801";"9,04669"
"4,86000";"7,29300";"9,14020"
"4,87000";"7,30799";"9,23316"
"4,88000";"7,32299";"9,33046"
"4,89000";"7,33798";"9,43084"
"4,90000";"7,35309";"9,53573"
"4,91000";"7,36797";"9,64428"
"4,92000";"7,38296";"9,74716"
"4,93000";"7,39807";"9,85644"
"4,94000";"7,41318";"9,95862"
"4,95000";"7,42806";"10,05288"
"4,96000";"7,44305";"10,15431"
"4,97000";"7,45792";"10,26008"
"4,98000";"7,47292";"10,36285"
"4,99000";"7,48779";"10,46739"
"5,00000";"7,50278";"10,57500"
"5,01000";"7,51790";"10,68949"
"5,02000";"7,53301";"10,80794"
"5,03000";"7,54812";"10,92018"
"5,04000";"7,56311";"11,03039"
"5,05000";"7,57810";"11,13984"
"5,06000";"7,59298";"11,24951"
"5,07000";"7,60774";"11,35220"
"5,08000";"7,62273";"11,45481"
"5,09000";"7,63784";"11,55961"
"5,10000";"7,65295";"11,66957"
"5,11000";"7,66806";"11,77939"
"5,12000";"7,68306";"11,89690"
"5,13000";"7,69793";"12,01787"
"5,14000";"7,71292";"12,13454"
"5,15000";"7,72792";"12,25442"
"5,16000";"7,74291";"12,36583"
"5,17000";"7,75790";"12,48284"
"5,18000";"7,77290";"12,60115"
"5,19000";"7,78777";"12,72029"
"5,20000";"7,80276";"12,84331"
"5,21000";"7,81776";"12,96301"
"5,22000";"7,83275";"13,08502"
"5,23000";"7,84762";"13,19967"
"5,24000";"7,86274";"13,31434"
"5,25000";"7,87773";"13,42967"
"5,26000";"7,89284";"13,54630"
"5,27000";"7,90795";"13,66309"
"5,28000";"7,92294";"13,78523"
"5,29000";"7,93794";"13,91111"
"5,30000";"7,95293";"14,02835"
"5,31000";"7,96781";"14,15205"
"5,32000";"7,98292";"14,27287"
"5,33000";"7,99803";"14,38910"
"5,34000";"8,01302";"14,51749"
"5,35000";"8,02813";"14,64117"
"5,36000";"8,04313";"14,76722"
"5,37000";"8,05812";"14,89147"
"5,38000";"8,07299";"15,01463"
"5,39000";"8,08799";"15,14063"
"5,40000";"8,10298";"15,27104"
"5,41000";"8,11797";"15,39746"
"5,42000";"8,13297";"15,52112"
"5,43000";"8,14808";"15,64580"
"5,44000";"8,16307";"15,77388"
"5,45000";"8,17806";"15,90384"
"5,46000";"8,19306";"16,03451"
"5,47000";"8,20805";"16,16804"
"5,48000";"8,22304";"16,31248"
"5,49000";"8,23815";"16,45316"
"5,50000";"8,25315";"16,58066"
"5,51000";"8,26826";"16,70186"
"5,52000";"8,28325";"16,82643"
"5,53000";"8,29824";"16,95752"
"5,54000";"8,31312";"17,09580"
"5,55000";"8,32811";"17,23059"
"5,56000";"8,34322";"17,36122"
"5,57000";"8,35822";"17,49154"
"5,58000";"8,37321";"17,62573"
"5,59000";"8,38820";"17,75401"
"5,60000";"8,40308";"17,88626"
"5,61000";"8,41795";"18,02332"
"5,62000";"8,43283";"18,15793"
"5,63000";"8,44782";"18,29371"
"5,64000";"8,46281";"18,43401"
"5,65000";"8,47792";"18,57253"
"5,66000";"8,49304";"18,70864"
"5,67000";"8,50815";"18,84633"
"5,68000";"8,52326";"18,98766"
"5,69000";"8,53813";"19,13239"
"5,70000";"8,55301";"19,27525"
"5,71000";"8,56812";"19,40875"
"5,72000";"8,58311";"19,53990"
"5,73000";"8,59810";"19,67279"
"5,74000";"8,61322";"19,81498"
"5,75000";"8,62821";"19,96639"
"5,76000";"8,64320";"20,12431"
"5,77000";"8,65796";"20,26657"
"5,78000";"8,67283";"20,40063"
"5,79000";"8,68783";"20,54169"
"5,80000";"8,70294";"20,68815"
"5,81000";"8,71793";"20,83796"
"5,82000";"8,73292";"20,98369"
"5,83000";"8,74803";"21,13374"
"5,84000";"8,76303";"21,28596"
"5,85000";"8,77790";"21,43353"
"5,86000";"8,79290";"21,57078"
"5,87000";"8,80789";"21,71144"
"5,88000";"8,82300";"21,85362"
"5,89000";"8,83799";"21,99290"
"5,90000";"8,85299";"22,13975"
"5,91000";"8,86798";"22,29129"
"5,92000";"8,88297";"22,43683"
"5,93000";"8,89785";"22,58525"
"5,94000";"8,91284";"22,73299"
"5,95000";"8,92795";"22,88325"
"5,96000";"8,94294";"23,03525"
"5,97000";"8,95794";"23,19410"
"5,98000";"8,97293";"23,35386"
"5,99000";"8,98792";"23,51327"
"6,00000";"9,00292";"23,66982"
"6,01000";"9,01779";"23,82744"
"6,02000";"9,03267";"23,98007"
"6,03000";"9,04778";"24,13083"
"6,04000";"9,06289";"24,28422"
"6,05000";"9,07800";"24,44932"
"6,06000";"9,09299";"24,62037"
"6,07000";"9,10810";"24,78426"
"6,08000";"9,12310";"24,94099"
"6,09000";"9,13797";"25,09526"
"6,10000";"9,15297";"25,25202"
"6,11000";"9,16796";"25,40843"
"6,12000";"9,18307";"25,56773"
"6,13000";"9,19818";"25,73342"
"6,14000";"9,21317";"25,90171"
"6,15000";"9,22817";"26,06578"
"6,16000";"9,24316";"26,23062"
"6,17000";"9,25815";"26,39754"
"6,18000";"9,27315";"26,56919"
"6,19000";"9,28802";"26,74196"
"6,20000";"9,30313";"26,91659"
"6,21000";"9,31813";"27,09237"
"6,22000";"9,33324";"27,26024"
"6,23000";"9,34811";"27,42766"
"6,24000";"9,36310";"27,59181"
"6,25000";"9,37810";"27,75771"
"6,26000";"9,39309";"27,92523"
"6,27000";"9,40808";"28,09649"
"6,28000";"9,42308";"28,26816"
"6,29000";"9,43819";"28,44116"
"6,30000";"9,45318";"28,61739"
"6,31000";"9,46817";"28,80272"
"6,32000";"9,48305";"28,98626"
"6,33000";"9,49804";"29,16658"
"6,34000";"9,51304";"29,33915"
"6,35000";"9,52803";"29,51782"
"6,36000";"9,54302";"29,70262"
"6,37000";"9,55801";"29,88307"
"6,38000";"9,57312";"30,06347"
"6,39000";"9,58800";"30,25005"
"6,40000";"9,60288";"30,44295"
"6,41000";"9,61799";"30,63775"
"6,42000";"9,63310";"30,82349"
"6,43000";"9,64797";"31,01188"
"6,44000";"9,66297";"31,19938"
"6,45000";"9,67796";"31,38707"
"6,46000";"9,69295";"31,57804"
"6,47000";"9,70806";"31,76916"
"6,48000";"9,72294";"31,96910"
"6,49000";"9,73805";"32,16814"
"6,50000";"9,75304";"32,36369"
"6,51000";"9,76803";"32,56020"
"6,52000";"9,78303";"32,76427"
"6,53000";"9,79802";"32,96325"
"6,54000";"9,81301";"33,16919"
"6,55000";"9,82801";"33,37259"
"6,56000";"9,84288";"33,57001"
"6,57000";"9,85776";"33,77408"
"6,58000";"9,87299";"33,97837"
"6,59000";"9,88798";"34,17870"
"6,60000";"9,90297";"34,38123"
"6,61000";"9,91796";"34,59036"
"6,62000";"9,93308";"34,80082"
"6,63000";"9,94807";"35,01451"
"6,64000";"9,96283";"35,22034"
"6,65000";"9,97782";"35,42410"
"6,66000";"9,99293";"35,63187"
"6,67000";"10,00804";"35,84687"
"6,68000";"10,02304";"36,07018"
"6,69000";"10,03803";"36,29413"
"6,70000";"10,05314";"36,52397"
"6,71000";"10,06813";"36,74842"
"6,72000";"10,08301";"36,97528"
"6,73000";"10,09800";"37,19561"
"6,74000";"10,11299";"37,40932"
"6,75000";"10,12799";"37,62666"
"6,76000";"10,14310";"37,85183"
"6,77000";"10,15809";"38,08649"
"6,78000";"10,17308";"38,32026"
"6,79000";"10,18820";"38,54732"
"6,80000";"10,20319";"38,77986"
"6,81000";"10,21818";"39,01259"
"6,82000";"10,23329";"39,24638"
"6,83000";"10,24828";"39,48482"
"6,84000";"10,26328";"39,72330"
"6,85000";"10,27827";"39,96413"
"6,86000";"10,29326";"40,21178"
"6,87000";"10,30826";"40,45750"
"6,88000";"10,32325";"40,69417"
"6,89000";"10,33813";"40,93274"
"6,90000";"10,35312";"41,17560"
"6,91000";"10,36823";"41,41245"
"6,92000";"10,38322";"41,65057"
"6,93000";"10,39822";"41,89124"
"6,94000";"10,41321";"42,13801"
"6,95000";"10,42808";"42,39055"
"6,96000";"10,44296";"42,65070"
"6,97000";"10,45807";"42,91404"
"6,98000";"10,47306";"43,17743"
"6,99000";"10,48806";"43,43925"
"7,00000";"10,50317";"43,70406"
"7,01000";"10,51816";"43,96355"
"7,02000";"10,53315";"44,22005"
"7,03000";"10,54803";"44,47009"
"7,04000";"10,56290";"44,71876"
"7,05000";"10,57801";"44,96771"
"7,06000";"10,59301";"45,23352"
"7,07000";"10,60788";"45,50946"
"7,08000";"10,62288";"45,78871"
"7,09000";"10,63799";"46,05982"
"7,10000";"10,65298";"46,32751"
"7,11000";"10,66785";"46,59984"
"7,12000";"10,68285";"46,87983"
"7,13000";"10,69784";"47,15968"
"7,14000";"10,71283";"47,43922"
"7,15000";"10,72783";"47,71759"
"7,16000";"10,74282";"47,99868"
"7,17000";"10,75781";"48,28241"
"7,18000";"10,77292";"48,55621"
"7,19000";"10,78780";"48,83137"
"7,20000";"10,80279";"49,11015"
"7,21000";"10,81779";"49,39230"
"7,22000";"10,83290";"49,68814"
"7,23000";"10,84789";"49,98600"
"7,24000";"10,86300";"50,28207"
"7,25000";"10,87799";"50,58437"
"7,26000";"10,89299";"50,88141"
"7,27000";"10,90786";"51,17569"
"7,28000";"10,92274";"51,45984"
"7,29000";"10,93785";"51,74316"
"7,30000";"10,95296";"52,04043"
"7,31000";"10,96807";"52,34296"
"7,32000";"10,98306";"52,64906"
"7,33000";"10,99817";"52,96623"
"7,34000";"11,01317";"53,28404"
"7,35000";"11,02804";"53,59125"
"7,36000";"11,04303";"53,89005"
"7,37000";"11,05815";"54,18771"
"7,38000";"11,07314";"54,49825"
"7,39000";"11,08801";"54,80960"
"7,40000";"11,10301";"55,12349"
"7,41000";"11,11800";"55,43525"
"7,42000";"11,13299";"55,74480"
"7,43000";"11,14799";"56,05978"
"7,44000";"11,16310";"56,37192"
"7,45000";"11,17809";"56,68660"
"7,46000";"11,19308";"57,00873"
"7,47000";"11,20808";"57,33794"
"7,48000";"11,22307";"57,67023"
"7,49000";"11,23806";"57,99897"
"7,50000";"11,25306";"58,32626"
"7,51000";"11,26805";"58,64795"
"7,52000";"11,28304";"58,97024"
"7,53000";"11,29803";"59,29185"
"7,54000";"11,31303";"59,62275"
"7,55000";"11,32802";"59,96458"
"7,56000";"11,34301";"60,31138"
"7,57000";"11,35789";"60,65106"
"7,58000";"11,37288";"60,98654"
"7,59000";"11,38788";"61,31652"
"7,60000";"11,40287";"61,64180"
"7,61000";"11,41798";"61,97489"
"7,62000";"11,43309";"62,32381"
"7,63000";"11,44820";"62,67529"
"7,64000";"11,46331";"63,03937"
"7,65000";"11,47819";"63,40558"
"7,66000";"11,49318";"63,75269"
"7,67000";"11,50806";"64,09389"
"7,68000";"11,52305";"64,42201"
"7,69000";"11,53816";"64,75111"
"7,70000";"11,55315";"65,09328"
"7,71000";"11,56815";"65,44131"
"7,72000";"11,58314";"65,78996"
"7,73000";"11,59825";"66,13728"
"7,74000";"11,61312";"66,48737"
"7,75000";"11,62800";"66,83366"
"7,76000";"11,64299";"67,16865"
"7,77000";"11,65799";"67,50249"
"7,78000";"11,67298";"67,84967"
"7,79000";"11,68785";"68,20500"
"7,80000";"11,70285";"68,55013"
"7,81000";"11,71796";"68,88799"
"7,82000";"11,73283";"69,23748"
"7,83000";"11,74794";"69,58643"
"7,84000";"11,76306";"69,93629"
"7,85000";"11,77805";"70,29250"
"7,86000";"11,79304";"70,65384"
"7,87000";"11,80803";"71,00836"
"7,88000";"11,82303";"71,35523"
"7,89000";"11,83802";"71,69788"
"7,90000";"11,85290";"72,03950"
"7,91000";"11,86789";"72,37410"
"7,92000";"11,88288";"72,70905"
"7,93000";"11,89799";"73,04357"
"7,94000";"11,91299";"73,37968"
"7,95000";"11,92810";"73,72395"
"7,96000";"11,94309";"74,07381"
"7,97000";"11,95797";"74,42150"
"7,98000";"11,97284";"74,76108"
"7,99000";"11,98783";"75,09045"
"8,00000";"12,00294";"75,40711"
"8,01000";"12,01794";"75,72954"
"8,02000";"12,03293";"76,05332"
"8,03000";"12,04792";"76,37357"
"8,04000";"12,06292";"76,69872"
"8,05000";"12,07803";"77,01942"
"8,06000";"12,09290";"77,33526"
"8,07000";"12,10790";"77,64138"
"8,08000";"12,12289";"77,94595"
"8,09000";"12,13800";"78,24358"
"8,10000";"12,15287";"78,54225"
"8,11000";"12,16787";"78,84564"
"8,12000";"12,18274";"79,14015"
"8,13000";"12,19774";"79,42725"
"8,14000";"12,21273";"79,71187"
"8,15000";"12,22772";"79,98936"
"8,16000";"12,24272";"80,26069"
"8,17000";"12,25783";"80,53358"
"8,18000";"12,27282";"80,80205"
"8,19000";"12,28781";"81,05845"
"8,20000";"12,30280";"81,30343"
"8,21000";"12,31780";"81,53481"
"8,22000";"12,33267";"81,74798"
"8,23000";"12,34778";"81,93098"
"8,24000";"12,36290";"82,10726"
"8,25000";"12,37801";"82,27879"
"8,26000";"12,39312";"82,43696"
"8,27000";"12,40811";"82,58325"
"8,28000";"12,42310";"82,71104"
"8,29000";"12,43798";"82,80844"
"8,30000";"12,45297";"82,88203"
"8,31000";"12,46808";"82,93056"
"8,32000";"12,48308";"82,96861"
"8,33000";"12,49807";"82,99232"
"8,34000";"12,51306";"82,99099"
"8,35000";"12,52805";"82,98254"
"8,36000";"12,54305";"82,96946"
"8,37000";"12,55792";"82,94730"
"8,38000";"12,57292";"82,90005"
"8,39000";"12,58791";"82,82463"
"8,40000";"12,60290";"82,75523"
"8,41000";"12,61790";"82,69942"
"8,42000";"12,63289";"82,65323"
"8,43000";"12,64776";"82,62134"
"8,44000";"12,66288";"82,58709"
"8,45000";"12,67775";"82,55099"
"8,46000";"12,69286";"82,49286"
"8,47000";"12,70797";"82,40430"
"8,48000";"12,72308";"82,28976"
"8,49000";"12,73808";"82,15525"
"8,50000";"12,75319";"82,00098"
"8,51000";"12,76830";"81,82745"
"8,52000";"12,78317";"81,61726"
"8,53000";"12,79805";"81,36651"
"8,54000";"12,81304";"81,08552"
"8,55000";"12,82815";"80,77715"
"8,56000";"12,84315";"80,44668"
"8,57000";"12,85814";"80,12088"
"8,58000";"12,87313";"79,80822"
"8,59000";"12,88813";"79,50805"
"8,60000";"12,90312";"79,22338"
"8,61000";"12,91787";"78,93991"
"8,62000";"12,93287";"78,65878"
"8,63000";"12,94786";"78,38612"
"8,64000";"12,96285";"78,13343"
"8,65000";"12,97785";"77,89584"
"8,66000";"12,99284";"77,66962"
"8,67000";"13,00795";"77,46389"
"8,68000";"13,02306";"77,28893"
"8,69000";"13,03794";"77,14262"
"8,70000";"13,05305";"77,01705"
"8,71000";"13,06816";"76,88967"
"8,72000";"13,08315";"76,75454"
"8,73000";"13,09814";"76,60416"
"8,74000";"13,11314";"76,41755"
"8,75000";"13,12801";"76,19878"
"8,76000";"13,14289";"75,95695"
"8,77000";"13,15788";"75,69421"
"8,78000";"13,17276";"75,41437"
"8,79000";"13,18787";"75,13457"
"8,80000";"13,20286";"74,84286"
"8,81000";"13,21797";"74,53484"
"8,82000";"13,23297";"74,20806"
"8,83000";"13,24808";"73,85651"
"8,84000";"13,26295";"73,47346"
"8,85000";"13,27783";"73,05695"
"8,86000";"13,29282";"72,61858"
"8,87000";"13,30793";"72,17063"
"8,88000";"13,32292";"71,73957"
"8,89000";"13,33792";"71,33278"
"8,90000";"13,35303";"70,95695"
"8,91000";"13,36802";"70,62168"
"8,92000";"13,38290";"70,30471"
"8,93000";"13,39789";"69,99282"
"8,94000";"13,41288";"69,68375"
"8,95000";"13,42787";"69,37292"
"8,96000";"13,44299";"69,05451"
"8,97000";"13,45786";"68,70882"
"8,98000";"13,47297";"68,33105"
"8,99000";"13,48796";"67,95518"
"9,00000";"13,50296";"67,59637"
"9,01000";"13,51795";"67,23937"
"9,02000";"13,53294";"66,88936"
"9,03000";"13,54794";"66,55407"
"9,04000";"13,56293";"66,23220"
"9,05000";"13,57804";"65,92850"
"9,06000";"13,59303";"65,63581"
"9,07000";"13,60803";"65,34890"
"9,08000";"13,62290";"65,05810"
"9,09000";"13,63790";"64,77608"
"9,10000";"13,65301";"64,50504"
"9,11000";"13,66800";"64,24705"
"9,12000";"13,68311";"63,98804"
"9,13000";"13,69810";"63,71264"
"9,14000";"13,71321";"63,42001"
"9,15000";"13,72809";"63,11154"
"9,16000";"13,74296";"62,78958"
"9,17000";"13,75796";"62,45932"
"9,18000";"13,77295";"62,14908"
"9,19000";"13,78794";"61,87362"
"9,20000";"13,80306";"61,61686"
"9,21000";"13,81805";"61,35027"
"9,22000";"13,83316";"61,05927"
"9,23000";"13,84815";"60,74976"
"9,24000";"13,86315";"60,42236"
"9,25000";"13,87814";"60,08756"
"9,26000";"13,89313";"59,75468"
"9,27000";"13,90801";"59,43566"
"9,28000";"13,92300";"59,12274"
"9,29000";"13,93811";"58,82124"
"9,30000";"13,95322";"58,55013"
"9,31000";"13,96821";"58,30530"
"9,32000";"13,98309";"58,06869"
"9,33000";"13,99808";"57,82528"
"9,34000";"14,01319";"57,58237"
"9,35000";"14,02819";"57,34460"
"9,36000";"14,04306";"57,12386"
"9,37000";"14,05805";"56,92655"
"9,38000";"14,07305";"56,76215"
"9,39000";"14,08792";"56,60360"
"9,40000";"14,10280";"56,42254"
"9,41000";"14,11779";"56,20251"
"9,42000";"14,13290";"55,95140"
"9,43000";"14,14790";"55,70637"
"9,44000";"14,16289";"55,47588"
"9,45000";"14,17800";"55,27088"
"9,46000";"14,19299";"55,10598"
"9,47000";"14,20799";"54,97433"
"9,48000";"14,22286";"54,86299"
"9,49000";"14,23797";"54,74747"
"9,50000";"14,25296";"54,64027"
"9,51000";"14,26796";"54,54559"
"9,52000";"14,28307";"54,46563"
"9,53000";"14,29818";"54,40917"
"9,54000";"14,31317";"54,36625"
"9,55000";"14,32817";"54,32825"
"9,56000";"14,34304";"54,29101"
"9,57000";"14,35803";"54,25800"
"9,58000";"14,37303";"54,23044"
"9,59000";"14,38802";"54,20455"
"9,60000";"14,40301";"54,18016"
"9,61000";"14,41813";"54,16358"
"9,62000";"14,43324";"54,15953"
"9,63000";"14,44811";"54,16853"
"9,64000";"14,46310";"54,18723"
"9,65000";"14,47810";"54,20721"
"9,66000";"14,49309";"54,24229"
"9,67000";"14,50820";"54,28344"
"9,68000";"14,52319";"54,31731"
"9,69000";"14,53819";"54,34701"
"9,70000";"14,55318";"54,37212"
"9,71000";"14,56817";"54,38861"
"9,72000";"14,58305";"54,40498"
"9,73000";"14,59804";"54,42321"
"9,74000";"14,61303";"54,46091"
"9,75000";"14,62815";"54,53267"
"9,76000";"14,64314";"54,65569"
"9,77000";"14,65813";"54,81439"
"9,78000";"14,67313";"55,01016"
"9,79000";"14,68800";"55,23573"
"9,80000";"14,70299";"55,47815"
"9,81000";"14,71799";"55,73383"
"9,82000";"14,73310";"56,00651"
"9,83000";"14,74821";"56,29787"
"9,84000";"14,76320";"56,61227"
"9,85000";"14,77820";"56,93763"
"9,86000";"14,79319";"57,24737"
"9,87000";"14,80818";"57,54087"
"9,88000";"14,82317";"57,82693"
"9,89000";"14,83817";"58,12538"
"9,90000";"14,85304";"58,43196"
"9,91000";"14,86804";"58,74513"
"9,92000";"14,88291";"59,05674"
"9,93000";"14,89790";"59,37965"
"9,94000";"14,91301";"59,72776"
"9,95000";"14,92801";"60,11669"
"9,96000";"14,94300";"60,52308"
"9,97000";"14,95799";"60,94550"
"9,98000";"14,97310";"61,38673"
"9,99000";"14,98810";"61,83848"
"10,00000";"15,00321";"62,29566"
"10,01000";"15,01808";"62,74128"
"10,02000";"15,03308";"63,15871"
"10,03000";"15,04795";"63,57233"
"10,04000";"15,06306";"63,98889"
"10,05000";"15,07794";"64,41249"
"10,06000";"15,09305";"64,82966"
"10,07000";"15,10804";"65,24399"
"10,08000";"15,12315";"65,65420"
"10,09000";"15,13815";"66,06571"
"10,10000";"15,15302";"66,47048"
"10,11000";"15,16790";"66,85970"
"10,12000";"15,18289";"67,23605"
"10,13000";"15,19788";"67,61566"
"10,14000";"15,21287";"68,00168"
"10,15000";"15,22787";"68,39164"
"10,16000";"15,24286";"68,76991"
"10,17000";"15,25785";"69,14030"
"10,18000";"15,27273";"69,50232"
"10,19000";"15,28772";"69,84530"
"10,20000";"15,30283";"70,17708"
"10,21000";"15,31794";"70,51746"
"10,22000";"15,33294";"70,86404"
"10,23000";"15,34793";"71,20061"
"10,24000";"15,36292";"71,53686"
"10,25000";"15,37803";"71,86509"
"10,26000";"15,39291";"72,20008"
"10,27000";"15,40790";"72,52724"
"10,28000";"15,42301";"72,86417"
"10,29000";"15,43801";"73,21802"
"10,30000";"15,45300";"73,58268"
"10,31000";"15,46799";"73,94533"
"10,32000";"15,48287";"74,30525"
"10,33000";"15,49786";"74,63868"
"10,34000";"15,51274";"74,95027"
"10,35000";"15,52773";"75,24079"
"10,36000";"15,54272";"75,54008"
"10,37000";"15,55783";"75,86500"
"10,38000";"15,57306";"76,22047"
"10,39000";"15,58817";"76,58530"
"10,40000";"15,60328";"76,94781"
"10,41000";"15,61816";"77,28763"
"10,42000";"15,63315";"77,61264"
"10,43000";"15,64803";"77,92154"
"10,44000";"15,66302";"78,22370"
"10,45000";"15,67801";"78,53600"
"10,46000";"15,69312";"78,87355"
"10,47000";"15,70812";"79,24603"
"10,48000";"15,72311";"79,63152"
"10,49000";"15,73811";"80,02859"
"10,50000";"15,75298";"80,42059"
"10,51000";"15,76797";"80,81239"
"10,52000";"15,78297";"81,20763"
"10,53000";"15,79796";"81,61253"
"10,54000";"15,81295";"82,01791"
"10,55000";"15,82794";"82,40865"
"10,56000";"15,84294";"82,79383"
"10,57000";"15,85793";"83,18336"
"10,58000";"15,87281";"83,57664"
"10,59000";"15,88780";"83,96102"
"10,60000";"15,90279";"84,34624"
"10,61000";"15,91790";"84,75578"
"10,62000";"15,93290";"85,19940"
"10,63000";"15,94801";"85,65392"
"10,64000";"15,96288";"86,10493"
"10,65000";"15,97788";"86,54282"
"10,66000";"15,99287";"86,97301"
"10,67000";"16,00798";"87,41198"
"10,68000";"16,02309";"87,85574"
"10,69000";"16,03808";"88,29010"
"10,70000";"16,05319";"88,73627"
"10,71000";"16,06819";"89,19678"
"10,72000";"16,08306";"89,66424"
"10,73000";"16,09794";"90,12358"
"10,74000";"16,11281";"90,57712"
"10,75000";"16,12792";"91,03167"
"10,76000";"16,14292";"91,50606"
"10,77000";"16,15803";"91,97729"
"10,78000";"16,17314";"92,45259"
"10,79000";"16,18813";"92,91679"
"10,80000";"16,20312";"93,35534"
"10,81000";"16,21812";"93,76762"
"10,82000";"16,23299";"94,16002"
"10,83000";"16,24799";"94,56825"
"10,84000";"16,26298";"95,01086"
"10,85000";"16,27797";"95,47681"
"10,86000";"16,29296";"95,97082"
"10,87000";"16,30796";"96,49921"
"10,88000";"16,32307";"97,04856"
"10,89000";"16,33806";"97,60813"
"10,90000";"16,35306";"98,15283"
"10,91000";"16,36805";"98,70886"
"10,92000";"16,38304";"99,27010"
"10,93000";"16,39804";"99,85358"
"10,94000";"16,41303";"100,45535"
"10,95000";"16,42802";"101,08458"
"10,96000";"16,44301";"101,73672"
"10,97000";"16,45801";"102,39594"
"10,98000";"16,47300";"103,06194"
"10,99000";"16,48811";"103,75246"
"11,00000";"16,50311";"104,46945"
"11,01000";"16,51810";"105,20856"
"11,02000";"16,53309";"105,95390"
"11,03000";"16,54808";"106,67377"
"11,04000";"16,56296";"107,30555"
"11,05000";"16,57784";"107,87632"
"11,06000";"16,59271";"108,42570"
"11,07000";"16,60782";"109,00617"
"11,08000";"16,62293";"109,64158"
"11,09000";"16,63804";"110,33018"
"11,10000";"16,65303";"111,06912"
"11,11000";"16,66814";"111,83701"
"11,12000";"16,68314";"112,63367"
"11,13000";"16,69801";"113,43828"
"11,14000";"16,71313";"114,23486"
"11,15000";"16,72812";"115,03839"
"11,16000";"16,74299";"115,88029"
"11,17000";"16,75799";"116,74124"
"11,18000";"16,77298";"117,58810"
"11,19000";"16,78797";"118,43351"
"11,20000";"16,80285";"119,30454"
"11,21000";"16,81784";"120,19508"
"11,22000";"16,83295";"121,11272"
"11,23000";"16,84806";"122,07481"
"11,24000";"16,86306";"123,06369"
"11,25000";"16,87805";"124,05738"
"11,26000";"16,89316";"125,03705"
"11,27000";"16,90815";"125,98786"
"11,28000";"16,92303";"126,90081"
"11,29000";"16,93802";"127,78607"
"11,30000";"16,95301";"128,65257"
"11,31000";"16,96801";"129,51862"
"11,32000";"16,98300";"130,42012"
"11,33000";"16,99799";"131,36069"
"11,34000";"17,01299";"132,32097"
"11,35000";"17,02798";"133,27426"
"11,36000";"17,04274";"134,20659"
"11,37000";"17,05773";"135,09386"
"11,38000";"17,07284";"135,96550"
"11,39000";"17,08783";"136,84833"
"11,40000";"17,10283";"137,74760"
"11,41000";"17,11782";"138,65959"
"11,42000";"17,13293";"139,56088"
"11,43000";"17,14792";"140,44446"
"11,44000";"17,16292";"141,31714"
"11,45000";"17,17791";"142,15286"
"11,46000";"17,19279";"142,89903"
"11,47000";"17,20790";"143,59628"
"11,48000";"17,22277";"144,30898"
"11,49000";"17,23765";"145,05199"
"11,50000";"17,25264";"145,80734"
"11,51000";"17,26763";"146,62265"
"11,52000";"17,28263";"147,49561"
"11,53000";"17,29774";"148,41699"
"11,54000";"17,31285";"149,41071"
"11,55000";"17,32796";"150,49472"
"11,56000";"17,34307";"151,65474"
"11,57000";"17,35806";"152,85912"
"11,58000";"17,37305";"154,04243"
"11,59000";"17,38805";"155,21637"
"11,60000";"17,40293";"156,39102"
"11,61000";"17,41792";"157,59912"
"11,62000";"17,43303";"158,84926"
"11,63000";"17,44802";"160,13364"
"11,64000";"17,46313";"161,41148"
"11,65000";"17,47812";"162,70213"
"11,66000";"17,49300";"164,00009"
"11,67000";"17,50799";"165,28754"
"11,68000";"17,52299";"166,59245"
"11,69000";"17,53786";"167,94812"
"11,70000";"17,55285";"169,38184"
"11,71000";"17,56785";"170,87337"
"11,72000";"17,58284";"172,39192"
"11,73000";"17,59772";"173,90785"
"11,74000";"17,61259";"175,38908"
"11,75000";"17,62758";"176,84158"
"11,76000";"17,64246";"178,36771"
"11,77000";"17,65745";"179,97656"
"11,78000";"17,67245";"181,70872"
"11,79000";"17,68756";"183,52959"
"11,80000";"17,70255";"185,41429"
"11,81000";"17,71778";"187,34955"
"11,82000";"17,73301";"189,38931"
"11,83000";"17,74812";"191,51878"
"11,84000";"17,76323";"193,68355"
"11,85000";"17,77846";"195,90125"
"11,86000";"17,79345";"198,17741"
"11,87000";"17,80844";"200,44463"
"11,88000";"17,82332";"202,70778"
"11,89000";"17,83831";"204,97281"
"11,90000";"17,85307";"207,27147"
"11,91000";"17,86794";"209,57042"
"11,92000";"17,88294";"211,90593"
"11,93000";"17,89793";"214,32074"
"11,94000";"17,91292";"216,82504"
"11,95000";"17,92804";"219,33588"
"11,96000";"17,94303";"221,80479"
"11,97000";"17,95802";"224,18765"
"11,98000";"17,97290";"226,53058"
"11,99000";"17,98789";"228,94022"
"12,00000";"18,00277";"231,42818"
"12,01000";"18,01776";"233,99055"
"12,02000";"18,03275";"236,60683"
"12,03000";"18,04762";"239,21440"
"12,04000";"18,06262";"241,77161"
"12,05000";"18,07761";"244,32892"
"12,06000";"18,09249";"246,94313"
"12,07000";"18,10748";"249,68724"
"12,08000";"18,12247";"252,56581"
"12,09000";"18,13758";"255,55956"
"12,10000";"18,15281";"258,63754"
"12,11000";"18,16792";"261,79578"
"12,12000";"18,18303";"265,04700"
"12,13000";"18,19827";"268,36398"
"12,14000";"18,21326";"271,69977"
"12,15000";"18,22813";"274,99026"
"12,16000";"18,24312";"278,23807"
"12,17000";"18,25824";"281,54333"
"12,18000";"18,27311";"285,03531"
"12,19000";"18,28810";"288,63977"
"12,20000";"18,30310";"292,31311"
"12,21000";"18,31797";"296,01749"
"12,22000";"18,33285";"299,79056"
"12,23000";"18,34772";"303,62173"
"12,24000";"18,36272";"307,58542"
"12,25000";"18,37771";"311,76447"
"12,26000";"18,39270";"316,20239"
"12,27000";"18,40770";"320,82458"
"12,28000";"18,42269";"325,69019"
"12,29000";"18,43768";"330,71637"
"12,30000";"18,45244";"335,79602"
"12,31000";"18,46743";"340,80643"
"12,32000";"18,48254";"345,79266"
"12,33000";"18,49765";"350,99652"
"12,33200";"18,50061";"352,06821"
"12,33400";"18,50367";"353,14655"
"12,34400";"18,51678";"358,54428"
"12,35400";"18,52433";"362,32840"
"12,36000";"18,52622";"362,08395"
"12,37000";"18,52540";"355,10126"
"12,38000";"18,52020";"338,52777"
"12,39000";"18,50863";"309,82932"
"12,40000";"18,49163";"263,49619"
"12,41000";"18,47133";"198,98781"
"12,42000";"18,44960";"126,54908"
"12,43000";"18,42765";"60,26827"
"12,44000";"18,40628";"9,59476"
"12,45000";"18,38574";"-21,57136"
"12,46000";"18,36602";"-35,60979"
"12,47000";"18,34713";"-36,51775"
"12,48000";"18,32883";"-29,13712"
"12,49000";"18,31113";"-19,60304"
"12,50000";"18,29424";"-11,17285"
"12,51000";"18,27772";"-5,43397"
"12,52000";"18,26166";"-2,30439"
"12,53000";"18,24608";"-1,10952"
"12,54000";"18,23073";"-1,11342"
"12,55000";"18,21527";"-1,74311"
"12,56000";"18,19956";"-2,62122"
"12,57000";"18,18386";"-3,46489"
"12,58000";"18,16828";"-4,12549"
"12,59000";"18,15293";"-4,59008"
"12,60000";"18,13770";"-4,88141"
"12,61000";"18,12247";"-5,05737"
"12,62000";"18,10724";"-5,14398"
"12,63000";"18,09213";"-5,17897"
"12,64000";"18,07702";"-5,20773"
"12,65000";"18,06203";"-5,25216"
"12,66000";"18,04727";"-5,29578"
"12,67000";"18,03228";"-5,33429"
"12,68000";"18,01740";"-5,38013"
"12,69000";"18,00229";"-5,41531"
"12,70000";"17,98706";"-5,42860"
"12,71000";"17,97195";"-5,43406"
"12,72000";"17,95684";"-5,43939"
"12,73000";"17,94185";"-5,42802"
"12,74000";"17,92686";"-5,39089"
"12,75000";"17,91198";"-5,34074"
"12,76000";"17,89699";"-5,28991"
"12,77000";"17,88199";"-5,24003"
"12,78000";"17,86688";"-5,18963"
"12,79000";"17,85177";"-5,14358"
"12,80000";"17,83678";"-5,10163"
"12,81000";"17,82190";"-5,05099"
"12,82000";"17,80691";"-4,98283"
"12,83000";"17,79203";"-4,90590"
"12,84000";"17,77728";"-4,81927"
"12,85000";"17,76240";"-4,73260"
"12,86000";"17,74729";"-4,64058"
"12,87000";"17,73206";"-4,54709"
"12,88000";"17,71695";"-4,45531"
"12,89000";"17,70196";"-4,36379"
"12,90000";"17,68696";"-4,27017"
"12,91000";"17,67186";"-4,16479"
"12,92000";"17,65686";"-4,05816"
"12,93000";"17,64175";"-3,95101"
"12,94000";"17,62664";"-3,84038"
"12,95000";"17,61165";"-3,73747"
"12,96000";"17,59689";"-3,63919"
"12,97000";"17,58201";"-3,54134"
"12,98000";"17,56714";"-3,44804"
"12,99000";"17,55202";"-3,35705"
"13,00000";"17,53703";"-3,27851"
"13,01000";"17,52204";"-3,19875"
"13,02000";"17,50693";"-3,11627"
"13,03000";"17,49182";"-3,03304"
"13,04000";"17,47694";"-2,95636"
"13,05000";"17,46207";"-2,88646"
"13,06000";"17,44719";"-2,82003"
"13,07000";"17,43220";"-2,75929"
"13,08000";"17,41721";"-2,69782"
"13,09000";"17,40221";"-2,63886"
"13,10000";"17,38711";"-2,58165"
"13,11000";"17,37188";"-2,51358"
"13,12000";"17,35688";"-2,44516"
"13,13000";"17,34201";"-2,38364"
"13,14000";"17,32701";"-2,31938"
"13,15000";"17,31190";"-2,25362"
"13,16000";"17,29691";"-2,20294"
"13,17000";"17,28204";"-2,15223"
"13,18000";"17,26704";"-2,10187"
"13,19000";"17,25193";"-2,05136"
"13,20000";"17,23694";"-2,00369"
"13,21000";"17,22206";"-1,95960"
"13,22000";"17,20719";"-1,91488"
"13,23000";"17,19208";"-1,86996"
"13,24000";"17,17696";"-1,83374"
"13,25000";"17,16197";"-1,79539"
"13,26000";"17,14698";"-1,75031"
"13,27000";"17,13199";"-1,71039"
"13,28000";"17,11687";"-1,67148"
"13,29000";"17,10200";"-1,63747"
"13,30000";"17,08701";"-1,60817"
"13,31000";"17,07213";"-1,57208"
"13,32000";"17,05690";"-1,52946"
"13,33000";"17,04203";"-1,49400"
"13,34000";"17,02703";"-1,45401"
"13,35000";"17,01192";"-1,42068"
"13,36000";"16,99693";"-1,38232"
"13,37000";"16,98194";"-1,35189"
"13,38000";"16,96706";"-1,33236"
"13,39000";"16,95207";"-1,31220"
"13,40000";"16,93708";"-1,28827"
"13,41000";"16,92196";"-1,26007"
"13,42000";"16,90697";"-1,23384"
"13,43000";"16,89198";"-1,20676"
"13,44000";"16,87687";"-1,18482"
"13,45000";"16,86188";"-1,16656"
"13,46000";"16,84700";"-1,15013"
"13,47000";"16,83201";"-1,13108"
"13,48000";"16,81689";"-1,10420"
"13,49000";"16,80190";"-1,08840"
"13,50000";"16,78691";"-1,07287"
"13,51000";"16,77192";"-1,05526"
"13,52000";"16,75692";"-1,03760"
"13,53000";"16,74193";"-1,02477"
"13,54000";"16,72694";"-1,01402"
"13,55000";"16,71206";"-0,99451"
"13,56000";"16,69707";"-0,98288"
"13,57000";"16,68196";"-0,98003"
"13,58000";"16,66685";"-0,97871"
"13,59000";"16,65197";"-0,97149"
"13,60000";"16,63698";"-0,95807"
"13,61000";"16,62199";"-0,94270"
"13,62000";"16,60687";"-0,93255"
"13,63000";"16,59188";"-0,91992"
"13,64000";"16,57689";"-0,90794"
"13,65000";"16,56178";"-0,89493"
"13,66000";"16,54667";"-0,89347"
"13,67000";"16,53179";"-0,88879"
"13,68000";"16,51692";"-0,88826"
"13,69000";"16,50192";"-0,88453"
"13,70000";"16,48693";"-0,87445"
"13,71000";"16,47194";"-0,86760"
"13,72000";"16,45695";"-0,84857"
"13,73000";"16,44195";"-0,83769"
"13,74000";"16,42684";"-0,83579"
"13,75000";"16,41197";"-0,83307"
"13,76000";"16,39709";"-0,83162"
"13,77000";"16,38210";"-0,83550"
"13,78000";"16,36710";"-0,82821"
"13,79000";"16,35211";"-0,81550"
"13,80000";"16,33724";"-0,80801"
"13,81000";"16,32224";"-0,80063"
"13,82000";"16,30713";"-0,79329"
"13,83000";"16,29214";"-0,79384"
"13,84000";"16,27715";"-0,79366"
"13,85000";"16,26227";"-0,79339"
"13,86000";"16,24716";"-0,79135"
"13,87000";"16,23205";"-0,79015"
"13,88000";"16,21706";"-0,78907"
"13,89000";"16,20206";"-0,78780"
"13,90000";"16,18707";"-0,78633"
"13,91000";"16,17208";"-0,78496"
"13,92000";"16,15720";"-0,78474"
"13,93000";"16,14233";"-0,78590"
"13,94000";"16,12710";"-0,77518"
"13,95000";"16,11199";"-0,76224"
"13,96000";"16,09699";"-0,75142"
"13,97000";"16,08200";"-0,74269"
"13,98000";"16,06677";"-0,73672"
"13,99000";"16,05178";"-0,73521"
"14,00000";"16,03690";"-0,73000"
"14,01000";"16,02203";"-0,72100"
"14,02000";"16,00704";"-0,72227"
"14,03000";"15,99192";"-0,73201"
"14,04000";"15,97693";"-0,73671"
"14,05000";"15,96206";"-0,73376"
"14,06000";"15,94706";"-0,72447"
"14,07000";"15,93195";"-0,72340"
"14,08000";"15,91696";"-0,71993"
"14,09000";"15,90208";"-0,70892"
"14,10000";"15,88721";"-0,69832"
"14,11000";"15,87222";"-0,69266"
"14,12000";"15,85722";"-0,69667"
"14,13000";"15,84211";"-0,70090"
"14,14000";"15,82712";"-0,69807"
"14,15000";"15,81201";"-0,69024"
"14,16000";"15,79702";"-0,67937"
"14,17000";"15,78202";"-0,67228"
"14,18000";"15,76715";"-0,67673"
"14,19000";"15,75204";"-0,68138"
"14,20000";"15,73704";"-0,67555"
"14,21000";"15,72193";"-0,66151"
"14,22000";"15,70706";"-0,64894"
"14,23000";"15,69218";"-0,64046"
"14,24000";"15,67719";"-0,64135"
"14,25000";"15,66220";"-0,63577"
"14,26000";"15,64732";"-0,63530"
"14,27000";"15,63221";"-0,63611"
"14,28000";"15,61698";"-0,63308"
"14,29000";"15,60187";"-0,62471"
"14,30000";"15,58676";"-0,61333"
"14,31000";"15,57176";"-0,59693"
"14,32000";"15,55677";"-0,58221"
"14,33000";"15,54190";"-0,58077"
"14,34000";"15,52690";"-0,58582"
"14,35000";"15,51203";"-0,58335"
"14,36000";"15,49680";"-0,56886"
"14,37000";"15,48169";"-0,56143"
"14,38000";"15,46681";"-0,55680"
"14,39000";"15,45205";"-0,54815"
"14,40000";"15,43706";"-0,54802"
"14,41000";"15,42207";"-0,54829"
"14,42000";"15,40719";"-0,55119"
"14,43000";"15,39220";"-0,54908"
"14,44000";"15,37709";"-0,54362"
"14,45000";"15,36198";"-0,54144"
"14,46000";"15,34699";"-0,53898"
"14,47000";"15,33211";"-0,53064"
"14,48000";"15,31712";"-0,51783"
"14,49000";"15,30201";"-0,50753"
"14,50000";"15,28701";"-0,49286"
"14,51000";"15,27214";"-0,48287"
"14,52000";"15,25703";"-0,47499"
"14,53000";"15,24192";"-0,47430"
"14,54000";"15,22704";"-0,48102"
"14,55000";"15,21217";"-0,48205"
"14,56000";"15,19717";"-0,47726"
"14,57000";"15,18206";"-0,46823"
"14,58000";"15,16707";"-0,45413"
"14,59000";"15,15219";"-0,44547"
"14,60000";"15,13708";"-0,42688"
"14,61000";"15,12197";"-0,41305"
"14,62000";"15,10698";"-0,40503"
"14,63000";"15,09210";"-0,39851"
"14,64000";"15,07723";"-0,39564"
"14,65000";"15,06223";"-0,39089"
"14,66000";"15,04713";"-0,38231"
"14,67000";"15,03213";"-0,37996"
"14,68000";"15,01714";"-0,37483"
"14,69000";"15,00215";"-0,37246"
"14,70000";"14,98703";"-0,37165"
"14,71000";"14,97216";"-0,37391"
"14,72000";"14,95740";"-0,36776"
"14,73000";"14,94229";"-0,35467"
"14,74000";"14,92718";"-0,35597"
"14,75000";"14,91219";"-0,34993"
"14,76000";"14,89731";"-0,33404"
"14,77000";"14,88220";"-0,31590"
"14,78000";"14,86709";"-0,31004"
"14,79000";"14,85210";"-0,30885"
"14,80000";"14,83722";"-0,30269"
"14,81000";"14,82223";"-0,29503"
"14,82000";"14,80712";"-0,28334"
"14,83000";"14,79201";"-0,27632"
"14,84000";"14,77713";"-0,27212"
"14,85000";"14,76226";"-0,26201"
"14,86000";"14,74714";"-0,26205"
"14,87000";"14,73215";"-0,26549"
"14,88000";"14,71716";"-0,27024"
"14,89000";"14,70217";"-0,26680"
"14,90000";"14,68706";"-0,25911"
"14,91000";"14,67194";"-0,25625"
"14,92000";"14,65695";"-0,26505"
"14,93000";"14,64208";"-0,27255"
"14,94000";"14,62708";"-0,26812"
"14,95000";"14,61197";"-0,26116"
"14,96000";"14,59698";"-0,25394"
"14,97000";"14,58199";"-0,24969"
"14,98000";"14,56687";"-0,25117"
"14,99000";"14,55176";"-0,25216"
"15,00000";"14,53689";"-0,24618"
"15,01000";"14,52201";"-0,23725"
"15,02000";"14,50702";"-0,22740"
"15,03000";"14,49179";"-0,22503"
"15,04000";"14,47680";"-0,23187"
"15,05000";"14,46181";"-0,23551"
"15,06000";"14,44681";"-0,24130"
"15,07000";"14,43158";"-0,24411"
"15,08000";"14,41671";"-0,24036"
"15,09000";"14,40183";"-0,23515"
"15,10000";"14,38696";"-0,22816"
"15,11000";"14,37185";"-0,22029"
"15,12000";"14,35674";"-0,21495"
"15,13000";"14,34186";"-0,20942"
"15,14000";"14,32687";"-0,20580"
"15,15000";"14,31164";"-0,19870"
"15,16000";"14,29676";"-0,19591"
"15,17000";"14,28201";"-0,19798"
"15,18000";"14,26713";"-0,20152"
"15,19000";"14,25202";"-0,20346"
"15,20000";"14,23691";"-0,21455"
"15,21000";"14,22192";"-0,22169"
"15,22000";"14,20692";"-0,22248"
"15,23000";"14,19169";"-0,22515"
"15,24000";"14,17670";"-0,22328"
"15,25000";"14,16194";"-0,21186"
"15,26000";"14,14719";"-0,20144"
"15,27000";"14,13219";"-0,19288"
"15,28000";"14,11697";"-0,18913"
"15,29000";"14,10209";"-0,18968"
"15,30000";"14,08710";"-0,19309"
"15,31000";"14,07187";"-0,19580"
"15,32000";"14,05688";"-0,19239"
"15,33000";"14,04188";"-0,18968"
"15,34000";"14,02713";"-0,18849"
"15,35000";"14,01213";"-0,18807"
"15,36000";"13,99702";"-0,18125"
"15,37000";"13,98215";"-0,17538"
"15,38000";"13,96739";"-0,18314"
"15,39000";"13,95228";"-0,19052"
"15,40000";"13,93729";"-0,19083"
"15,41000";"13,92229";"-0,18642"
"15,42000";"13,90742";"-0,18619"
"15,43000";"13,89242";"-0,18484"
"15,44000";"13,87719";"-0,17865"
"15,45000";"13,86208";"-0,17618"
"15,46000";"13,84709";"-0,17735"
"15,47000";"13,83210";"-0,16397"
"15,48000";"13,81699";"-0,14961"
"15,49000";"13,80199";"-0,14338"
"15,50000";"13,78712";"-0,14359"
"15,51000";"13,77201";"-0,15017"
"15,52000";"13,75690";"-0,15829"
"15,53000";"13,74179";"-0,16878"
"15,54000";"13,72679";"-0,17137"
"15,55000";"13,71180";"-0,16845"
"15,56000";"13,69681";"-0,15772"
"15,57000";"13,68181";"-0,14779"
"15,58000";"13,66706";"-0,15176"
"15,59000";"13,65218";"-0,15819"
"15,60000";"13,63719";"-0,15741"
"15,61000";"13,62196";"-0,15058"
"15,62000";"13,60697";"-0,15023"
"15,63000";"13,59197";"-0,15078"
"15,64000";"13,57710";"-0,14883"
"15,65000";"13,56199";"-0,14655"
"15,66000";"13,54699";"-0,14532"
"15,67000";"13,53200";"-0,14666"
"15,68000";"13,51712";"-0,14916"
"15,69000";"13,50190";"-0,14807"
"15,70000";"13,48690";"-0,14489"
"15,71000";"13,47191";"-0,13963"
"15,72000";"13,45704";"-0,13416"
"15,73000";"13,44204";"-0,13154"
"15,74000";"13,42693";"-0,13105"
"15,75000";"13,41206";"-0,12921"
"15,76000";"13,39706";"-0,13134"
"15,77000";"13,38195";"-0,12820"
"15,78000";"13,36684";"-0,13104"
"15,79000";"13,35185";"-0,13251"
"15,80000";"13,33709";"-0,12883"
"15,81000";"13,32210";"-0,12887"
"15,82000";"13,30687";"-0,12917"
"15,83000";"13,29199";"-0,12652"
"15,84000";"13,27700";"-0,12010"
"15,85000";"13,26189";"-0,11456"
"15,86000";"13,24678";"-0,11429"
"15,87000";"13,23178";"-0,12145"
"15,88000";"13,21703";"-0,12502"
"15,89000";"13,20215";"-0,12661"
"15,90000";"13,18716";"-0,12415"
"15,91000";"13,17205";"-0,12453"
"15,92000";"13,15706";"-0,11820"
"15,93000";"13,14194";"-0,10496"
"15,94000";"13,12671";"-0,10063"
"15,95000";"13,11172";"-0,10075"
"15,96000";"13,09685";"-0,10054"
"15,97000";"13,08209";"-0,09976"
"15,98000";"13,06698";"-0,10255"
"15,99000";"13,05187";"-0,09859"
"16,00000";"13,03699";"-0,09683"
"16,01000";"13,02212";"-0,09599"
"16,02000";"13,00689";"-0,09697"
"16,03000";"12,99189";"-0,10199"
"16,04000";"12,97690";"-0,10510"
"16,05000";"12,96203";"-0,10072"
"16,06000";"12,94703";"-0,09773"
"16,07000";"12,93204";"-0,09614"
"16,08000";"12,91705";"-0,09598"
"16,09000";"12,90205";"-0,10055"
"16,10000";"12,88706";"-0,10035"
"16,11000";"12,87195";"-0,09904"
"16,12000";"12,85708";"-0,10488"
"16,13000";"12,84220";"-0,11039"
"16,14000";"12,82709";"-0,11196"
"16,15000";"12,81198";"-0,10762"
"16,16000";"12,79699";"-0,10494"
"16,17000";"12,78199";"-0,10076"
"16,18000";"12,76700";"-0,09595"
"16,19000";"12,75189";"-0,09523"
"16,20000";"12,73690";"-0,09394"
"16,21000";"12,72214";"-0,09227"
"16,22000";"12,70715";"-0,08850"
"16,23000";"12,69192";"-0,08108"
"16,24000";"12,67681";"-0,08266"
"16,25000";"12,66181";"-0,08823"
"16,26000";"12,64682";"-0,09435"
"16,27000";"12,63183";"-0,09172"
"16,28000";"12,61683";"-0,09245"
"16,29000";"12,60184";"-0,09516"
"16,30000";"12,58697";"-0,09167"
"16,31000";"12,57197";"-0,08571"
"16,32000";"12,55686";"-0,08513"
"16,33000";"12,54187";"-0,08901"
"16,34000";"12,52688";"-0,08698"
"16,35000";"12,51188";"-0,08557"
"16,36000";"12,49677";"-0,09053"
"16,37000";"12,48190";"-0,09923"
"16,38000";"12,46690";"-0,09684"
"16,39000";"12,45203";"-0,09975"
"16,40000";"12,43692";"-0,09684"
"16,41000";"12,42192";"-0,09412"
"16,42000";"12,40693";"-0,09429"
"16,43000";"12,39206";"-0,08891"
"16,44000";"12,37706";"-0,08420"
"16,45000";"12,36207";"-0,08690"
"16,46000";"12,34696";"-0,08524"
"16,47000";"12,33196";"-0,08832"
"16,48000";"12,31697";"-0,10145"
"16,49000";"12,30186";"-0,10870"
"16,50000";"12,28675";"-0,11709"
"16,51000";"12,27188";"-0,13484"
"16,52000";"12,25688";"-0,14376"
"16,53000";"12,24201";"-0,13887"
"16,54000";"12,22690";"-0,13105"
"16,55000";"12,21202";"-0,12761"
"16,56000";"12,19691";"-0,11855"
"16,57000";"12,18192";"-0,11380"
"16,58000";"12,16692";"-0,10945"
"16,59000";"12,15205";"-0,10580"
"16,60000";"12,13706";"-0,10626"
"16,61000";"12,12206";"-0,10987"
"16,62000";"12,10707";"-0,11438"
"16,63000";"12,09219";"-0,11737"
"16,64000";"12,07720";"-0,11108"
"16,65000";"12,06197";"-0,10592"
"16,66000";"12,04698";"-0,10223"
"16,67000";"12,03210";"-0,10853"
"16,68000";"12,01711";"-0,11703"
"16,69000";"12,00200";"-0,11975"
"16,70000";"11,98689";"-0,11208"
"16,71000";"11,97190";"-0,10275"
"16,72000";"11,95690";"-0,09882"
"16,73000";"11,94179";"-0,10216"
"16,74000";"11,92680";"-0,10456"
"16,75000";"11,91204";"-0,10815"
"16,76000";"11,89705";"-0,11452"
"16,77000";"11,88206";"-0,11260"
"16,78000";"11,86695";"-0,10991"
"16,79000";"11,85195";"-0,10875"
"16,80000";"11,83696";"-0,11661"
"16,81000";"11,82185";"-0,11946"
"16,82000";"11,80674";"-0,12420"
"16,83000";"11,79186";"-0,12431"
"16,84000";"11,77699";"-0,11984"
"16,85000";"11,76211";"-0,11583"
"16,86000";"11,74700";"-0,11025"
"16,87000";"11,73189";"-0,10596"
"16,88000";"11,71701";"-0,10082"
"16,89000";"11,70202";"-0,09372"
"16,90000";"11,68703";"-0,08999"
"16,91000";"11,67192";"-0,09925"
"16,92000";"11,65693";"-0,10606"
"16,93000";"11,64193";"-0,10444"
"16,94000";"11,62694";"-0,11337"
"16,95000";"11,61195";"-0,12048"
"16,96000";"11,59683";"-0,12675"
"16,97000";"11,58184";"-0,12472"
"16,98000";"11,56697";"-0,11303"
"16,99000";"11,55197";"-0,09837"
"17,00000";"11,53698";"-0,08695"
"17,01000";"11,52210";"-0,08350"
"17,02000";"11,50699";"-0,09374"
"17,03000";"11,49200";"-0,09975"
"17,04000";"11,47701";"-0,10592"
"17,05000";"11,46201";"-0,10657"
"17,06000";"11,44714";"-0,10925"
"17,07000";"11,43215";"-0,11409"
"17,08000";"11,41704";"-0,11473"
"17,09000";"11,40216";"-0,10875"
"17,10000";"11,38717";"-0,09993"
"17,11000";"11,37194";"-0,09249"
"17,12000";"11,35694";"-0,08976"
"17,13000";"11,34195";"-0,09026"
"17,14000";"11,32696";"-0,08637"
"17,15000";"11,31185";"-0,08589"
"17,16000";"11,29697";"-0,09704"
"17,17000";"11,28198";"-0,11426"
"17,18000";"11,26710";"-0,12334"
"17,19000";"11,25211";"-0,11963"
"17,20000";"11,23700";"-0,11472"
"17,21000";"11,22213";"-0,10909"
"17,22000";"11,20713";"-0,11230"
"17,23000";"11,19202";"-0,11611"
"17,24000";"11,17691";"-0,11982"
"17,25000";"11,16192";"-0,11842"
"17,26000";"11,14704";"-0,11941"
"17,27000";"11,13205";"-0,11248"
"17,28000";"11,11694";"-0,10847"
"17,29000";"11,10194";"-0,10834"
"17,30000";"11,08719";"-0,10089"
"17,31000";"11,07219";"-0,09096"
"17,32000";"11,05708";"-0,09147"
"17,33000";"11,04197";"-0,09441"
"17,34000";"11,02698";"-0,09657"
"17,35000";"11,01187";"-0,09704"
"17,36000";"10,99676";"-0,09919"
"17,37000";"10,98188";"-0,09304"
"17,38000";"10,96701";"-0,08931"
"17,39000";"10,95213";"-0,09568"
"17,40000";"10,93714";"-0,09717"
"17,41000";"10,92203";"-0,09857"
"17,42000";"10,90703";"-0,09642"
"17,43000";"10,89192";"-0,09375"
"17,44000";"10,87681";"-0,09095"
"17,45000";"10,86182";"-0,08979"
"17,46000";"10,84683";"-0,09634"
"17,47000";"10,83195";"-0,10422"
"17,48000";"10,81684";"-0,11072"
"17,49000";"10,80185";"-0,11483"
"17,50000";"10,78686";"-0,10776"
"17,51000";"10,77198";"-0,09519"
"17,52000";"10,75699";"-0,08882"
"17,53000";"10,74199";"-0,08478"
"17,54000";"10,72700";"-0,07896"
"17,55000";"10,71213";"-0,08108"
"17,56000";"10,69725";"-0,08999"
"17,57000";"10,68226";"-0,09200"
"17,58000";"10,66715";"-0,09080"
"17,59000";"10,65227";"-0,09523"
"17,60000";"10,63728";"-0,09943"
"17,61000";"10,62217";"-0,09224"
"17,62000";"10,60717";"-0,08358"
"17,63000";"10,59230";"-0,08298"
"17,64000";"10,57731";"-0,08400"
"17,65000";"10,56219";"-0,09097"
"17,66000";"10,54720";"-0,09011"
"17,67000";"10,53209";"-0,08840"
"17,68000";"10,51722";"-0,08361"
"17,69000";"10,50222";"-0,08205"
"17,70000";"10,48723";"-0,06981"
"17,71000";"10,47224";"-0,05643"
"17,72000";"10,45736";"-0,05140"
"17,73000";"10,44225";"-0,04873"
"17,74000";"10,42714";"-0,04605"
"17,75000";"10,41215";"-0,04967"
"17,76000";"10,39715";"-0,05634"
"17,77000";"10,38204";"-0,06229"
"17,78000";"10,36705";"-0,05720"
"17,79000";"10,35206";"-0,05675"
"17,80000";"10,33706";"-0,06337"
"17,81000";"10,32207";"-0,06391"
"17,82000";"10,30696";"-0,06630"
"17,83000";"10,29197";"-0,06547"
"17,84000";"10,27709";"-0,06704"
"17,85000";"10,26210";"-0,06526"
"17,86000";"10,24699";"-0,06754"
"17,87000";"10,23199";"-0,06987"
"17,88000";"10,21712";"-0,06637"
"17,89000";"10,20224";"-0,06627"
"17,90000";"10,18713";"-0,06549"
"17,91000";"10,17190";"-0,06517"
"17,92000";"10,15691";"-0,06560"
"17,93000";"10,14192";"-0,05822"
"17,94000";"10,12681";"-0,06229"
"17,95000";"10,11181";"-0,07895"
"17,96000";"10,09682";"-0,07922"
"17,97000";"10,08183";"-0,07371"
"17,98000";"10,06671";"-0,06949"
"17,99000";"10,05172";"-0,06424"
"18,00000";"10,03673";"-0,05784"
"18,01000";"10,02197";"-0,04683"
"18,02000";"10,00698";"-0,04079"
"18,03000";"9,99187";"-0,04606"
"18,04000";"9,97688";"-0,05313"
"18,05000";"9,96200";"-0,05229"
"18,06000";"9,94689";"-0,04681"
"18,07000";"9,93178";"-0,04391"
"18,08000";"9,91679";"-0,03877"
"18,09000";"9,90191";"-0,03731"
"18,10000";"9,88692";"-0,04145"
"18,11000";"9,87192";"-0,05008"
"18,12000";"9,85681";"-0,05372"
"18,13000";"9,84194";"-0,05012"
"18,14000";"9,82695";"-0,04232"
"18,15000";"9,81183";"-0,03310"
"18,16000";"9,79684";"-0,03084"
"18,17000";"9,78208";"-0,02969"
"18,18000";"9,76709";"-0,03230"
"18,19000";"9,75210";"-0,03389"
"18,20000";"9,73699";"-0,03985"
"18,21000";"9,72211";"-0,05003"
"18,22000";"9,70724";"-0,05410"
"18,23000";"9,69213";"-0,05959"
"18,24000";"9,67701";"-0,06291"
"18,25000";"9,66214";"-0,06468"
"18,26000";"9,64726";"-0,06489"
"18,27000";"9,63215";"-0,06760"
"18,28000";"9,61704";"-0,06583"
"18,29000";"9,60205";"-0,06507"
"18,30000";"9,58717";"-0,05778"
"18,31000";"9,57218";"-0,04876"
"18,32000";"9,55719";"-0,04488"
"18,33000";"9,54220";"-0,05286"
"18,34000";"9,52732";"-0,06036"
"18,35000";"9,51221";"-0,06277"
"18,36000";"9,49698";"-0,05678"
"18,37000";"9,48199";"-0,05202"
"18,38000";"9,46699";"-0,05657"
"18,39000";"9,45200";"-0,06310"
"18,40000";"9,43701";"-0,06490"
"18,41000";"9,42201";"-0,06376"
"18,42000";"9,40714";"-0,06372"
"18,43000";"9,39215";"-0,05702"
"18,44000";"9,37704";"-0,04150"
"18,45000";"9,36192";"-0,03656"
"18,46000";"9,34693";"-0,04033"
"18,47000";"9,33206";"-0,03660"
"18,48000";"9,31694";"-0,03351"
"18,49000";"9,30183";"-0,03650"
"18,50000";"9,28696";"-0,04463"
"18,51000";"9,27208";"-0,04333"
"18,52000";"9,25709";"-0,04500"
"18,53000";"9,24198";"-0,04782"
"18,54000";"9,22699";"-0,04789"
"18,55000";"9,21211";"-0,04606"
"18,56000";"9,19700";"-0,04482"
"18,57000";"9,18189";"-0,04442"
"18,58000";"9,16701";"-0,04377"
"18,59000";"9,15214";"-0,03874"
"18,60000";"9,13703";"-0,03198"
"18,61000";"9,12192";"-0,02740"
"18,62000";"9,10692";"-0,02791"
"18,63000";"9,09205";"-0,02412"
"18,64000";"9,07717";"-0,02820"
"18,65000";"9,06206";"-0,03452"
"18,66000";"9,04695";"-0,04438"
"18,67000";"9,03196";"-0,04487"
"18,68000";"9,01696";"-0,04089"
"18,69000";"9,00185";"-0,03525"
"18,70000";"8,98662";"-0,03459"
"18,71000";"8,97175";"-0,03735"
"18,72000";"8,95699";"-0,03804"
"18,73000";"8,94188";"-0,04202"
"18,74000";"8,92689";"-0,04129"
"18,75000";"8,91190";"-0,03544"
"18,76000";"8,89702";"-0,02140"
"18,77000";"8,88191";"-0,01176"
"18,78000";"8,86680";"-0,00482"
"18,79000";"8,85192";"-0,00882"
"18,80000";"8,83717";"-0,02254"
"18,81000";"8,82217";"-0,03643"
"18,82000";"8,80694";"-0,04305"
"18,83000";"8,79195";"-0,04302"
"18,84000";"8,77708";"-0,04291"
"18,85000";"8,76197";"-0,04191"
"18,86000";"8,74685";"-0,04161"
"18,87000";"8,73198";"-0,04376"
"18,88000";"8,71710";"-0,04135"
"18,89000";"8,70223";"-0,03043"
"18,90000";"8,68712";"-0,03268"
"18,91000";"8,67213";"-0,03452"
"18,92000";"8,65725";"-0,03273"
"18,93000";"8,64214";"-0,02554"
"18,94000";"8,62703";"-0,02491"
"18,95000";"8,61203";"-0,02170"
"18,96000";"8,59728";"-0,02623"
"18,97000";"8,58228";"-0,02459"
"18,98000";"8,56717";"-0,02834"
"18,99000";"8,55206";"-0,03444"
"19,00000";"8,53695";"-0,03068"
"19,01000";"8,52196";"-0,02864"
"19,02000";"8,50685";"-0,03246"
"19,03000";"8,49174";"-0,03704"
"19,04000";"8,47686";"-0,03794"
"19,05000";"8,46199";"-0,02982"
"19,06000";"8,44676";"-0,01949"
"19,07000";"8,43176";"-0,01707"
"19,08000";"8,41665";"-0,02211"
"19,09000";"8,40178";"-0,02941"
"19,10000";"8,38679";"-0,02622"
"19,11000";"8,37167";"-0,02215"
"19,12000";"8,35680";"-0,02422"
"19,13000";"8,34192";"-0,03084"
"19,14000";"8,32705";"-0,03276"
"19,15000";"8,31182";"-0,02861"
"19,16000";"8,29683";"-0,02223"
"19,17000";"8,28183";"-0,02213"
"19,18000";"8,26684";"-0,02677"
"19,19000";"8,25185";"-0,03593"
"19,20000";"8,23685";"-0,03805"
"19,21000";"8,22198";"-0,04235"
"19,22000";"8,20699";"-0,04405"
"19,23000";"8,19188";"-0,03954"
"19,24000";"8,17676";"-0,03209"
"19,25000";"8,16189";"-0,02708"
"19,26000";"8,14701";"-0,02762"
"19,27000";"8,13202";"-0,02879"
"19,28000";"8,11691";"-0,03438"
"19,29000";"8,10192";"-0,03344"
"19,30000";"8,08692";"-0,02524"
"19,31000";"8,07193";"-0,01850"
"19,32000";"8,05670";"-0,01263"
"19,33000";"8,04171";"-0,01286"
"19,34000";"8,02695";"-0,01249"
"19,35000";"8,01208";"-0,01591"
"19,36000";"7,99708";"-0,02236"
"19,37000";"7,98209";"-0,03146"
"19,38000";"7,96710";"-0,03762"
"19,39000";"7,95210";"-0,03775"
"19,40000";"7,93699";"-0,03460"
"19,41000";"7,92200";"-0,03095"
"19,42000";"7,90712";"-0,03700"
"19,43000";"7,89213";"-0,04678"
"19,44000";"7,87714";"-0,05402"
"19,45000";"7,86203";"-0,05871"
"19,46000";"7,84704";"-0,06140"
"19,47000";"7,83204";"-0,06032"
"19,48000";"7,81693";"-0,04514"
"19,49000";"7,80194";"-0,04404"
"19,50000";"7,78694";"-0,03752"
"19,51000";"7,77219";"-0,03143"
"19,52000";"7,75719";"-0,03068"
"19,53000";"7,74208";"-0,03064"
"19,54000";"7,72709";"-0,02966"
"19,55000";"7,71222";"-0,02707"
"19,56000";"7,69710";"-0,02795"
"19,57000";"7,68199";"-0,02824"
"19,58000";"7,66712";"-0,02895"
"19,59000";"7,65212";"-0,03016"
"19,60000";"7,63725";"-0,03462"
"19,61000";"7,62202";"-0,02838"
"19,62000";"7,60703";"-0,02185"
"19,63000";"7,59192";"-0,01688"
"19,64000";"7,57681";"-0,02027"
"19,65000";"7,56169";"-0,02985"
"19,66000";"7,54670";"-0,03477"
"19,67000";"7,53194";"-0,03403"
"19,68000";"7,51695";"-0,03234"
"19,69000";"7,50196";"-0,02961"
"19,70000";"7,48685";"-0,03107"
"19,71000";"7,47185";"-0,03510"
"19,72000";"7,45686";"-0,03598"
"19,73000";"7,44187";"-0,03555"
"19,74000";"7,42687";"-0,03170"
"19,75000";"7,41188";"-0,03119"
"19,76000";"7,39701";"-0,02813"
"19,77000";"7,38201";"-0,02782"
"19,78000";"7,36690";"-0,02945"
"19,79000";"7,35191";"-0,03505"
"19,80000";"7,33692";"-0,04159"
"19,81000";"7,32181";"-0,04669"
"19,82000";"7,30681";"-0,04072"
"19,83000";"7,29194";"-0,03733"
"19,84000";"7,27706";"-0,03533"
"19,85000";"7,26207";"-0,03121"
"19,86000";"7,24696";"-0,02782"
"19,87000";"7,23185";"-0,03544"
"19,88000";"7,21685";"-0,03721"
"19,89000";"7,20186";"-0,03545"
"19,90000";"7,18687";"-0,03176"
"19,91000";"7,17188";"-0,02646"
"19,92000";"7,15700";"-0,02090"
"19,93000";"7,14201";"-0,02363"
"19,94000";"7,12701";"-0,02456"
"19,95000";"7,11190";"-0,02153"
"19,96000";"7,09691";"-0,01633"
"19,97000";"7,08192";"-0,01029"
"19,98000";"7,06692";"-0,01459"
"19,99000";"7,05193";"-0,03026"
"20,00000";"7,03694";"-0,03746"
"20,01000";"7,02194";"-0,03922"
"20,02000";"7,00683";"-0,03472"
"20,03000";"6,99184";"-0,03364"
"20,04000";"6,97697";"-0,03710"
"20,05000";"6,96209";"-0,03245"
"20,06000";"6,94722";"-0,01932"
"20,07000";"6,93222";"-0,01702"
"20,08000";"6,91723";"-0,01465"
"20,09000";"6,90235";"-0,02382"
"20,10000";"6,88724";"-0,03037"
"20,11000";"6,87213";"-0,03287"
"20,12000";"6,85702";"-0,03236"
"20,13000";"6,84215";"-0,03309"
"20,14000";"6,82715";"-0,03457"
"20,15000";"6,81216";"-0,03797"
"20,16000";"6,79693";"-0,04104"
"20,17000";"6,78194";"-0,04059"
"20,18000";"6,76694";"-0,03401"
"20,19000";"6,75183";"-0,03193"
"20,20000";"6,73672";"-0,03763"
"20,21000";"6,72185";"-0,04539"
"20,22000";"6,70697";"-0,05137"
"20,23000";"6,69198";"-0,05322"
"20,24000";"6,67687";"-0,05219"
"20,25000";"6,66188";"-0,04753"
"20,26000";"6,64688";"-0,03918"
"20,27000";"6,63189";"-0,03523"
"20,28000";"6,61678";"-0,03536"
"20,29000";"6,60178";"-0,03789"
"20,30000";"6,58715";"-0,03472"
"20,31000";"6,57215";"-0,02903"
"20,32000";"6,55704";"-0,02991"
"20,33000";"6,54205";"-0,03856"
"20,34000";"6,52706";"-0,04647"
"20,35000";"6,51194";"-0,03464"
"20,36000";"6,49695";"-0,03547"
"20,37000";"6,48196";"-0,03820"
"20,38000";"6,46696";"-0,03889"
"20,39000";"6,45221";"-0,03420"
"20,40000";"6,43733";"-0,03194"
"20,41000";"6,42246";"-0,03169"
"20,42000";"6,40746";"-0,02846"
"20,43000";"6,39235";"-0,02848"
"20,44000";"6,37701";"-0,03291"
"20,45000";"6,36190";"-0,04192"
"20,46000";"6,34690";"-0,04021"
"20,47000";"6,33191";"-0,04007"
"20,48000";"6,31692";"-0,03613"
"20,49000";"6,30181";"-0,03365"
"20,50000";"6,28681";"-0,03559"
"20,51000";"6,27182";"-0,03091"
"20,52000";"6,25683";"-0,02676"
"20,53000";"6,24183";"-0,02439"
"20,54000";"6,22696";"-0,03171"
"20,55000";"6,21208";"-0,04266"
"20,56000";"6,19697";"-0,04279"
"20,57000";"6,18186";"-0,04427"
"20,58000";"6,16675";"-0,04654"
"20,59000";"6,15176";"-0,04267"
"20,60000";"6,13688";"-0,03353"
"20,61000";"6,12189";"-0,02990"
"20,62000";"6,10690";"-0,02754"
"20,63000";"6,09190";"-0,02427"
"20,64000";"6,07703";"-0,02630"
"20,65000";"6,06192";"-0,02825"
"20,66000";"6,04681";"-0,03684"
"20,67000";"6,03193";"-0,04243"
"20,68000";"6,01717";"-0,04476"
"20,69000";"6,00218";"-0,04360"
"20,70000";"5,98719";"-0,04563"
"20,71000";"5,97219";"-0,04246"
"20,72000";"5,95708";"-0,03481"
"20,73000";"5,94197";"-0,02397"
"20,74000";"5,92686";"-0,02533"
"20,75000";"5,91187";"-0,02882"
"20,76000";"5,89699";"-0,02781"
"20,77000";"5,88200";"-0,02560"
"20,78000";"5,86701";"-0,02353"
"20,79000";"5,85201";"-0,02648"
"20,80000";"5,83714";"-0,03505"
"20,81000";"5,82215";"-0,04330"
"20,82000";"5,80692";"-0,04285"
"20,83000";"5,79192";"-0,04243"
"20,84000";"5,77705";"-0,04421"
"20,85000";"5,76217";"-0,03582"
"20,86000";"5,74706";"-0,02906"
"20,87000";"5,73195";"-0,01956"
"20,88000";"5,71708";"-0,01570"
"20,89000";"5,70208";"-0,02406"
"20,90000";"5,68709";"-0,03110"
"20,91000";"5,67186";"-0,04421"
"20,92000";"5,65699";"-0,05482"
"20,93000";"5,64211";"-0,05524"
"20,94000";"5,62700";"-0,04649"
"20,95000";"5,61189";"-0,03733"
"20,96000";"5,59690";"-0,02757"
"20,97000";"5,58202";"-0,02343"
"20,98000";"5,56691";"-0,02754"
"20,99000";"5,55192";"-0,03422"
"21,00000";"5,53704";"-0,03482"
"21,01000";"5,52217";"-0,03314"
"21,02000";"5,50717";"-0,03461"
"21,03000";"5,49206";"-0,03831"
"21,04000";"5,47695";"-0,04006"
"21,05000";"5,46196";"-0,04717"
"21,06000";"5,44697";"-0,04670"
"21,07000";"5,43174";"-0,04105"
"21,08000";"5,41686";"-0,03934"
"21,09000";"5,40210";"-0,04012"
"21,10000";"5,38711";"-0,03527"
"21,11000";"5,37200";"-0,03246"
"21,12000";"5,35701";"-0,03869"
"21,13000";"5,34201";"-0,03944"
"21,14000";"5,32702";"-0,04126"
"21,15000";"5,31203";"-0,04383"
"21,16000";"5,29704";"-0,04363"
"21,17000";"5,28216";"-0,04752"
"21,18000";"5,26717";"-0,04379"
"21,19000";"5,25217";"-0,03938"
"21,20000";"5,23706";"-0,03121"
"21,21000";"5,22207";"-0,02782"
"21,22000";"5,20708";"-0,02905"
"21,23000";"5,19197";"-0,03603"
"21,24000";"5,17697";"-0,04766"
"21,25000";"5,16210";"-0,05279"
"21,26000";"5,14722";"-0,05008"
"21,27000";"5,13223";"-0,04094"
"21,28000";"5,11700";"-0,03601"
"21,29000";"5,10201";"-0,04174"
"21,30000";"5,08701";"-0,04778"
"21,31000";"5,07202";"-0,05012"
"21,32000";"5,05703";"-0,04565"
"21,33000";"5,04215";"-0,04372"
"21,34000";"5,02716";"-0,04543"
"21,35000";"5,01217";"-0,04438"
"21,36000";"4,99706";"-0,04572"
"21,37000";"4,98183";"-0,04357"
"21,38000";"4,96683";"-0,04696"
"21,39000";"4,95184";"-0,04192"
"21,40000";"4,93673";"-0,03588"
"21,41000";"4,92185";"-0,04256"
"21,42000";"4,90698";"-0,04134"
"21,43000";"4,89199";"-0,03701"
"21,44000";"4,87688";"-0,03707"
"21,45000";"4,86176";"-0,04162"
"21,46000";"4,84677";"-0,03998"
"21,47000";"4,83201";"-0,04156"
"21,48000";"4,81702";"-0,04508"
"21,49000";"4,80203";"-0,04620"
"21,50000";"4,78715";"-0,04969"
"21,51000";"4,77216";"-0,04948"
"21,52000";"4,75717";"-0,03978"
"21,53000";"4,74194";"-0,03015"
"21,54000";"4,72694";"-0,03141"
"21,55000";"4,71219";"-0,03805"
"21,56000";"4,69731";"-0,04670"
"21,57000";"4,68220";"-0,05046"
"21,58000";"4,66709";"-0,05496"
"21,59000";"4,65222";"-0,05560"
"21,60000";"4,63722";"-0,05940"
"21,61000";"4,62199";"-0,05585"
"21,62000";"4,60688";"-0,04481"
"21,63000";"4,59189";"-0,04116"
"21,64000";"4,57701";"-0,03297"
"21,65000";"4,56202";"-0,03652"
"21,66000";"4,54703";"-0,04430"
"21,67000";"4,53215";"-0,04183"
"21,68000";"4,51740";"-0,03672"
"21,69000";"4,50228";"-0,03834"
"21,70000";"4,48717";"-0,04824"
"21,71000";"4,47230";"-0,05509"
"21,72000";"4,45754";"-0,05839"
"21,73000";"4,44243";"-0,05843"
"21,74000";"4,42732";"-0,05728"
"21,75000";"4,41221";"-0,05447"
"21,76000";"4,39722";"-0,05232"
"21,77000";"4,38210";"-0,05412"
"21,78000";"4,36699";"-0,05814"
"21,79000";"4,35188";"-0,06299"
"21,80000";"4,33712";"-0,06064"
"21,81000";"4,32213";"-0,04610"
"21,82000";"4,30702";"-0,03211"
"21,83000";"4,29203";"-0,02682"
"21,84000";"4,27715";"-0,02615"
"21,85000";"4,26216";"-0,03068"
"21,86000";"4,24705";"-0,03944"
"21,87000";"4,23206";"-0,04811"
"21,88000";"4,21730";"-0,05516"
"21,89000";"4,20242";"-0,05183"
"21,90000";"4,18731";"-0,04385"
"21,91000";"4,17208";"-0,04627"
"21,92000";"4,15709";"-0,05368"
"21,93000";"4,14222";"-0,06092"
"21,94000";"4,12710";"-0,05653"
"21,95000";"4,11199";"-0,05448"
"21,96000";"4,09712";"-0,05065"
"21,97000";"4,08213";"-0,04649"
"21,98000";"4,06701";"-0,03900"
"21,99000";"4,05190";"-0,03964"
"22,00000";"4,03691";"-0,05140"
"22,01000";"4,02215";"-0,05694"
"22,02000";"4,00716";"-0,05464"
"22,03000";"3,99193";"-0,05727"
"22,04000";"3,97694";"-0,06007"
"22,05000";"3,96194";"-0,05520"
"22,06000";"3,94683";"-0,04414"
"22,07000";"3,93160";"-0,03964"
"22,08000";"3,91661";"-0,04126"
"22,09000";"3,90185";"-0,03472"
"22,10000";"3,88698";"-0,02716"
"22,11000";"3,87175";"-0,02215"
"22,12000";"3,85664";"-0,03006"
"22,13000";"3,84176";"-0,03669"
"22,14000";"3,82677";"-0,03606"
"22,15000";"3,81166";"-0,03808"
"22,16000";"3,79655";"-0,04557"
"22,17000";"3,78179";"-0,04870"
"22,18000";"3,76692";"-0,04762"
"22,19000";"3,75181";"-0,04073"
"22,20000";"3,73681";"-0,03863"
"22,21000";"3,72170";"-0,04190"
"22,22000";"3,70671";"-0,04185"
"22,23000";"3,69160";"-0,04115"
"22,24000";"3,67649";"-0,04392"
"22,25000";"3,66161";"-0,04061"
"22,26000";"3,64685";"-0,03451"
"22,27000";"3,63186";"-0,03617"
"22,28000";"3,61687";"-0,03843"
"22,29000";"3,60199";"-0,04325"
"22,30000";"3,58724";"-0,04034"
"22,31000";"3,57212";"-0,03702"
"22,32000";"3,55701";"-0,03861"
"22,33000";"3,54214";"-0,05269"
"22,34000";"3,52726";"-0,06114"
"22,35000";"3,51227";"-0,05982"
"22,36000";"3,49704";"-0,05351"
"22,37000";"3,48205";"-0,04989"
"22,38000";"3,46706";"-0,04619"
"22,39000";"3,45194";"-0,03966"
"22,40000";"3,43695";"-0,04283"
"22,41000";"3,42208";"-0,04904"
"22,42000";"3,40720";"-0,05290"
"22,43000";"3,39233";"-0,04881"
"22,44000";"3,37722";"-0,04606"
"22,45000";"3,36199";"-0,04476"
"22,46000";"3,34711";"-0,04783"
"22,47000";"3,33212";"-0,04851"
"22,48000";"3,31701";"-0,04807"
"22,49000";"3,30190";"-0,04991"
"22,50000";"3,28702";"-0,04917"
"22,51000";"3,27203";"-0,04282"
"22,52000";"3,25703";"-0,03836"
"22,53000";"3,24192";"-0,04054"
"22,54000";"3,22693";"-0,04157"
"22,55000";"3,21194";"-0,04286"
"22,56000";"3,19694";"-0,04348"
"22,57000";"3,18195";"-0,04281"
"22,58000";"3,16696";"-0,03769"
"22,59000";"3,15208";"-0,03443"
"22,60000";"3,13697";"-0,03386"
"22,61000";"3,12186";"-0,03299"
"22,62000";"3,10687";"-0,03529"
"22,63000";"3,09187";"-0,04842"
"22,64000";"3,07688";"-0,05974"
"22,65000";"3,06189";"-0,06122"
"22,66000";"3,04690";"-0,05590"
"22,67000";"3,03202";"-0,04865"
"22,68000";"3,01703";"-0,04380"
"22,69000";"3,00192";"-0,04677"
"22,70000";"2,98692";"-0,05254"
"22,71000";"2,97193";"-0,05590"
"22,72000";"2,95706";"-0,05670"
"22,73000";"2,94206";"-0,05839"
"22,74000";"2,92707";"-0,06052"
"22,75000";"2,91219";"-0,06017"
"22,76000";"2,89720";"-0,06575"
"22,77000";"2,88209";"-0,06459"
"22,78000";"2,86686";"-0,06899"
"22,79000";"2,85187";"-0,06558"
"22,80000";"2,83699";"-0,06110"
"22,81000";"2,82200";"-0,06070"
"22,82000";"2,80689";"-0,05773"
"22,83000";"2,79201";"-0,05297"
"22,84000";"2,77690";"-0,04941"
"22,85000";"2,76191";"-0,04296"
"22,86000";"2,74680";"-0,03987"
"22,87000";"2,73181";"-0,04624"
"22,88000";"2,71693";"-0,05004"
"22,89000";"2,70206";"-0,05013"
"22,90000";"2,68694";"-0,04976"
"22,91000";"2,67195";"-0,04588"
"22,92000";"2,65696";"-0,04200"
"22,93000";"2,64197";"-0,03844"
"22,94000";"2,62674";"-0,03802"
"22,95000";"2,61174";"-0,03934"
"22,96000";"2,59687";"-0,04271"
"22,97000";"2,58199";"-0,03969"
"22,98000";"2,56700";"-0,04675"
"22,99000";"2,55189";"-0,04633"
"23,00000";"2,53690";"-0,04846"
"23,01000";"2,52202";"-0,05774"
"23,02000";"2,50679";"-0,06126"
"23,03000";"2,49180";"-0,06204"
"23,04000";"2,47704";"-0,06287"
"23,05000";"2,46217";"-0,06142"
"23,06000";"2,44717";"-0,06110"
"23,07000";"2,43206";"-0,06031"
"23,08000";"2,41707";"-0,05695"
"23,09000";"2,40196";"-0,05243"
"23,10000";"2,38697";"-0,04603"
"23,11000";"2,37174";"-0,04171"
"23,12000";"2,35686";"-0,04309"
"23,13000";"2,34199";"-0,04544"
"23,14000";"2,32699";"-0,05164"
"23,15000";"2,31200";"-0,05673"
"23,16000";"2,29701";"-0,06365"
"23,17000";"2,28201";"-0,06435"
"23,18000";"2,26702";"-0,05016"
"23,19000";"2,25203";"-0,04879"
"23,20000";"2,23703";"-0,04517"
"23,21000";"2,22204";"-0,04653"
"23,22000";"2,20717";"-0,04539"
"23,23000";"2,19206";"-0,04301"
"23,24000";"2,17706";"-0,04775"
"23,25000";"2,16207";"-0,05308"
"23,26000";"2,14708";"-0,05398"
"23,27000";"2,13208";"-0,04836"
"23,28000";"2,11697";"-0,04036"
"23,29000";"2,10210";"-0,03885"
"23,30000";"2,08710";"-0,04294"
"23,31000";"2,07199";"-0,04621"
"23,32000";"2,05688";"-0,04645"
"23,33000";"2,04177";"-0,04763"
"23,34000";"2,02690";"-0,04939"
"23,35000";"2,01190";"-0,05191"
"23,36000";"1,99691";"-0,05071"
"23,37000";"1,98203";"-0,05108"
"23,38000";"1,96704";"-0,05080"
"23,39000";"1,95205";"-0,05411"
"23,40000";"1,93694";"-0,05399"
"23,41000";"1,92183";"-0,05258"
"23,42000";"1,90683";"-0,05442"
"23,43000";"1,89196";"-0,05154"
"23,44000";"1,87685";"-0,05213"
"23,45000";"1,86197";"-0,05544"
"23,46000";"1,84698";"-0,05547"
"23,47000";"1,83199";"-0,05564"
"23,48000";"1,81699";"-0,05689"
"23,49000";"1,80188";"-0,05316"
"23,50000";"1,78689";"-0,05823"
"23,51000";"1,77201";"-0,05541"
"23,52000";"1,75702";"-0,04965"
"23,53000";"1,74191";"-0,05341"
"23,54000";"1,72703";"-0,05637"
"23,55000";"1,71204";"-0,05637"
"23,56000";"1,69693";"-0,05325"
"23,57000";"1,68194";"-0,05775"
"23,58000";"1,66683";"-0,05997"
"23,59000";"1,65195";"-0,06016"
"23,60000";"1,63696";"-0,04953"
"23,61000";"1,62197";"-0,04340"
"23,62000";"1,60697";"-0,04732"
"23,63000";"1,59198";"-0,05138"
"23,64000";"1,57699";"-0,05303"
"23,65000";"1,56187";"-0,04877"
"23,66000";"1,54688";"-0,05335"
"23,67000";"1,53201";"-0,06122"
"23,68000";"1,51701";"-0,07043"
"23,69000";"1,50202";"-0,07026"
"23,70000";"1,48703";"-0,06192"
"23,71000";"1,47192";"-0,05088"
"23,72000";"1,45704";"-0,04081"
"23,73000";"1,44193";"-0,03565"
"23,74000";"1,42682";"-0,03542"
"23,75000";"1,41183";"-0,04033"
"23,76000";"1,39695";"-0,04791"
"23,77000";"1,38196";"-0,05477"
"23,78000";"1,36685";"-0,05383"
"23,79000";"1,35185";"-0,05307"
"23,80000";"1,33686";"-0,05285"
"23,81000";"1,32187";"-0,05384"
"23,82000";"1,30687";"-0,05078"
"23,83000";"1,29188";"-0,05077"
"23,84000";"1,27701";"-0,04866"
"23,85000";"1,26213";"-0,04933"
"23,86000";"1,24702";"-0,05356"
"23,87000";"1,23215";"-0,05881"
"23,88000";"1,21715";"-0,05478"
"23,89000";"1,20216";"-0,04826"
"23,90000";"1,18705";"-0,04034"
"23,91000";"1,17206";"-0,03724"
"23,92000";"1,15706";"-0,04236"
"23,93000";"1,14207";"-0,05114"
"23,94000";"1,12708";"-0,05581"
"23,95000";"1,11197";"-0,05798"
"23,96000";"1,09697";"-0,05666"
"23,97000";"1,08210";"-0,05342"
"23,98000";"1,06710";"-0,05063"
"23,99000";"1,05211";"-0,05035"
"24,00000";"1,03700";"-0,05654"
"24,01000";"1,02201";"-0,06449"
"24,02000";"1,00701";"-0,07000"
"24,03000";"0,99190";"-0,06394"
"24,04000";"0,97691";"-0,05779"
"24,05000";"0,96192";"-0,04904"
"24,06000";"0,94692";"-0,04547"
"24,07000";"0,93193";"-0,05228"
"24,08000";"0,91694";"-0,05335"
"24,09000";"0,90206";"-0,04550"
"24,10000";"0,88695";"-0,03828"
"24,11000";"0,87196";"-0,03927"
"24,12000";"0,85685";"-0,03413"
"24,13000";"0,84185";"-0,02635"
"24,14000";"0,82698";"-0,01977"
"24,15000";"0,81199";"-0,01987"
"24,16000";"0,79699";"-0,02610"
"24,17000";"0,78212";"-0,03115"
"24,18000";"0,76724";"-0,03270"
"24,19000";"0,75225";"-0,03963"
"24,20000";"0,73714";"-0,03447"
"24,21000";"0,72215";"-0,03400"
"24,22000";"0,70715";"-0,03783"
"24,23000";"0,69204";"-0,04114"
"24,24000";"0,67693";"-0,04925"
"24,25000";"0,66194";"-0,04919"
"24,26000";"0,64718";"-0,04175"
"24,27000";"0,63219";"-0,03286"
"24,28000";"0,61696";"-0,02773"
"24,29000";"0,60197";"-0,02183"
"24,30000";"0,58709";"-0,02075"
"24,31000";"0,57198";"-0,01477"
"24,32000";"0,55687";"-0,00770"
"24,33000";"0,54188";"-0,01305"
"24,34000";"0,52688";"-0,01720"
"24,35000";"0,51189";"-0,02017"
"24,36000";"0,49678";"-0,02342"
"24,37000";"0,48167";"-0,02506"
"24,38000";"0,46679";"-0,02844"
"24,39000";"0,45203";"-0,03314"
"24,40000";"0,43692";"-0,02831"
"24,41000";"0,42181";"-0,03014"
"24,42000";"0,40682";"-0,03602"
"24,43000";"0,39194";"-0,03530"
"24,44000";"0,37683";"-0,03396"
"24,45000";"0,36172";"-0,03159"
"24,46000";"0,34685";"-0,03421"
"24,47000";"0,33209";"-0,04318"
"24,48000";"0,31710";"-0,03839"
"24,49000";"0,30199";"-0,03620"
"24,50000";"0,28711";"-0,03702"
"24,51000";"0,27212";"-0,02962"
"24,52000";"0,25701";"-0,01983"
"24,53000";"0,24190";"-0,02009"
"24,54000";"0,22690";"-0,01911"
"24,55000";"0,21203";"-0,01699"
"24,56000";"0,19703";"-0,02156"
"24,57000";"0,18181";"-0,02903"
"24,58000";"0,16669";"-0,03393"
"24,59000";"0,15182";"-0,02769"
"24,60000";"0,13683";"-0,01644"
"24,61000";"0,12195";"-0,01298"
"24,62000";"0,10708";"-0,01762"
"24,63000";"0,09220";"-0,02158"
"24,64000";"0,07733";"-0,02153"
"24,65000";"0,06233";"-0,01875"
"24,66000";"0,04722";"-0,01418"
"24,67000";"0,03223";"-0,01797"
"24,68000";"0,01724";"-0,01655"
"24,69000";"0,00224";"-0,01672"
"24,69200";"-0,00083";"-0,01734"
"24,69400";"-0,00378";"-0,01735"
"24,70400";"-0,01676";"-0,00946"
"24,71400";"-0,02385";"0,01127"
"24,72000";"-0,02562";"0,02587"
"24,73000";"-0,02467";"0,04139"
"24,74000";"-0,01924";"0,03994"
"24,75000";"-0,00744";"0,03949"
"24,76000";"0,00980";"0,03773"
"24,77000";"0,03022";"0,03332"
"24,78000";"0,05171";"0,02346"
"24,79000";"0,07355";"0,00677"
"24,80000";"0,09480";"-0,01027"
"24,81000";"0,11522";"-0,01936"
"24,82000";"0,13482";"-0,02512"
"24,83000";"0,15347";"-0,02944"
"24,84000";"0,17142";"-0,02918"
"24,85000";"0,18877";"-0,02397"
"24,86000";"0,20565";"-0,02107"
"24,87000";"0,22218";"-0,02409"
"24,88000";"0,23847";"-0,02759"
"24,89000";"0,25429";"-0,02740"
"24,90000";"0,26999";"-0,02357"
"24,91000";"0,28558";"-0,01715"
"24,92000";"0,30104";"-0,01599"
"24,93000";"0,31651";"-0,01780"
"24,94000";"0,33185";"-0,01721"
"24,95000";"0,34720";"-0,01802"
"24,96000";"0,36231";"-0,02288"
"24,97000";"0,37731";"-0,03116"
"24,98000";"0,39242";"-0,03444"
"24,99000";"0,40741";"-0,03351"
"25,00000";"0,42252";"-0,02852"
"25,01000";"0,43763";"-0,02710"
"25,02000";"0,45274";"-0,03019"
"25,03000";"0,46785";"-0,03463"
"25,04000";"0,48285";"-0,03589"
"25,05000";"0,49784";"-0,03036"
"25,06000";"0,51272";"-0,02623"
"25,07000";"0,52771";"-0,02493"
"25,08000";"0,54282";"-0,02159"
"25,09000";"0,55793";"-0,02269"
"25,10000";"0,57292";"-0,02600"
"25,11000";"0,58792";"-0,02041"
"25,12000";"0,60303";"-0,02009"
"25,13000";"0,61802";"-0,03052"
"25,14000";"0,63301";"-0,03641"
"25,15000";"0,64789";"-0,04146"
"25,16000";"0,66300";"-0,03364"
"25,17000";"0,67799";"-0,03044"
"25,18000";"0,69299";"-0,02986"
"25,19000";"0,70786";"-0,03309"
"25,20000";"0,72285";"-0,02708"
"25,21000";"0,73797";"-0,02428"
"25,22000";"0,75284";"-0,02496"
"25,23000";"0,76795";"-0,02145"
"25,24000";"0,78294";"-0,01778"
"25,25000";"0,79794";"-0,01136"
"25,26000";"0,81305";"-0,00646"
"25,27000";"0,82804";"-0,00350"
"25,28000";"0,84292";"-0,01152"
"25,29000";"0,85791";"-0,02143"
"25,30000";"0,87290";"-0,02344"
"25,31000";"0,88778";"-0,02035"
"25,32000";"0,90289";"-0,01563"
"25,33000";"0,91800";"-0,01077"
"25,34000";"0,93299";"-0,01555"
"25,35000";"0,94799";"-0,02367"
"25,36000";"0,96298";"-0,03632"
"25,37000";"0,97797";"-0,03816"
"25,38000";"0,99297";"-0,03866"
"25,39000";"1,00796";"-0,03638"
"25,40000";"1,02295";"-0,02972"
"25,41000";"1,03806";"-0,02615"
"25,42000";"1,05306";"-0,01824"
"25,43000";"1,06805";"-0,00726"
"25,44000";"1,08316";"-0,00240"
"25,45000";"1,09815";"-0,00933"
"25,46000";"1,11303";"-0,01298"
"25,47000";"1,12802";"-0,01620"
"25,48000";"1,14301";"-0,01894"
"25,49000";"1,15801";"-0,01812"
"25,50000";"1,17300";"-0,01625"
"25,51000";"1,18799";"-0,01685"
"25,52000";"1,20299";"-0,01769"
"25,53000";"1,21798";"-0,00988"
"25,54000";"1,23285";"-0,00505"
"25,55000";"1,24797";"-0,00261"
"25,56000";"1,26296";"-0,00112"
"25,57000";"1,27807";"-0,00385"
"25,58000";"1,29294";"-0,00325"
"25,59000";"1,30794";"-0,00564"
"25,60000";"1,32293";"-0,01049"
"25,61000";"1,33781";"-0,01991"
"25,62000";"1,35280";"-0,01930"
"25,63000";"1,36791";"-0,02102"
"25,64000";"1,38290";"-0,02869"
"25,65000";"1,39801";"-0,03352"
"25,66000";"1,41301";"-0,03029"
"25,67000";"1,42800";"-0,03089"
"25,68000";"1,44311";"-0,03350"
"25,69000";"1,45799";"-0,03545"
"25,70000";"1,47286";"-0,03131"
"25,71000";"1,48797";"-0,02425"
"25,72000";"1,50297";"-0,02244"
"25,73000";"1,51808";"-0,01941"
"25,74000";"1,53307";"-0,01133"
"25,75000";"1,54806";"-0,00931"
"25,76000";"1,56306";"-0,01277"
"25,77000";"1,57805";"-0,01733"
"25,78000";"1,59304";"-0,01694"
"25,79000";"1,60803";"-0,01354"
"25,80000";"1,62303";"-0,01076"
"25,81000";"1,63802";"-0,01052"
"25,82000";"1,65301";"-0,01501"
"25,83000";"1,66789";"-0,01441"
"25,84000";"1,68300";"-0,01313"
"25,85000";"1,69788";"-0,01907"
"25,86000";"1,71299";"-0,01556"
"25,87000";"1,72798";"-0,01803"
"25,88000";"1,74309";"-0,01790"
"25,89000";"1,75808";"-0,01570"
"25,90000";"1,77308";"-0,01907"
"25,91000";"1,78795";"-0,02768"
"25,92000";"1,80294";"-0,03532"
"25,93000";"1,81782";"-0,03693"
"25,94000";"1,83281";"-0,02916"
"25,95000";"1,84792";"-0,02969"
"25,96000";"1,86292";"-0,03306"
"25,97000";"1,87803";"-0,03979"
"25,98000";"1,89302";"-0,03343"
"25,99000";"1,90801";"-0,02782"
"26,00000";"1,92301";"-0,02453"
"26,01000";"1,93788";"-0,02241"
"26,02000";"1,95288";"-0,01945"
"26,03000";"1,96787";"-0,01926"
"26,04000";"1,98286";"-0,01887"
"26,05000";"1,99785";"-0,02298"
"26,06000";"2,01273";"-0,02660"
"26,07000";"2,02784";"-0,02679"
"26,08000";"2,04283";"-0,02851"
"26,09000";"2,05783";"-0,03651"
"26,10000";"2,07282";"-0,03897"
"26,11000";"2,08781";"-0,03797"
"26,12000";"2,10281";"-0,03543"
"26,13000";"2,11792";"-0,03091"
"26,14000";"2,13291";"-0,02772"
"26,15000";"2,14790";"-0,03248"
"26,16000";"2,16290";"-0,03752"
"26,17000";"2,17789";"-0,04177"
"26,18000";"2,19300";"-0,03990"
"26,19000";"2,20823";"-0,03216"
"26,20000";"2,22334";"-0,02006"
"26,21000";"2,23833";"-0,01560"
"26,22000";"2,25333";"-0,02189"
"26,23000";"2,26820";"-0,03534"
"26,24000";"2,28308";"-0,04135"
"26,25000";"2,29807";"-0,03526"
"26,26000";"2,31306";"-0,02523"
"26,27000";"2,32806";"-0,01652"
"26,28000";"2,34305";"-0,00829"
"26,29000";"2,35792";"0,00007"
"26,30000";"2,37292";"0,00614"
"26,31000";"2,38791";"0,00404"
"26,32000";"2,40278";"0,00144"
"26,33000";"2,41754";"-0,00626"
"26,34000";"2,43265";"-0,01104"
"26,35000";"2,44765";"-0,00953"
"26,36000";"2,46264";"-0,00171"
"26,37000";"2,47763";"-0,00030"
"26,38000";"2,49274";"-0,00822"
"26,39000";"2,50774";"-0,01358"
"26,40000";"2,52273";"-0,01572"
"26,41000";"2,53760";"-0,01988"
"26,42000";"2,55272";"-0,02149"
"26,43000";"2,56771";"-0,02038"
"26,44000";"2,58282";"-0,02719"
"26,45000";"2,59781";"-0,02922"
"26,46000";"2,61304";"-0,02639"
"26,47000";"2,62803";"-0,02447"
"26,48000";"2,64315";"-0,02628"
"26,49000";"2,65826";"-0,03128"
"26,50000";"2,67325";"-0,03115"
"26,51000";"2,68836";"-0,02675"
"26,52000";"2,70335";"-0,02522"
"26,53000";"2,71835";"-0,01704"
"26,54000";"2,73334";"-0,01362"
"26,55000";"2,74822";"-0,01641"
"26,56000";"2,76309";"-0,01508"
"26,57000";"2,77808";"-0,01450"
"26,58000";"2,79296";"-0,01855"
"26,59000";"2,80795";"-0,02231"
"26,60000";"2,82294";"-0,02259"
"26,61000";"2,83794";"-0,01725"
"26,62000";"2,85269";"-0,01657"
"26,63000";"2,86769";"-0,01042"
"26,64000";"2,88244";"-0,00404"
"26,65000";"2,89732";"-0,00759"
"26,66000";"2,91231";"-0,00708"
"26,67000";"2,92742";"-0,00911"
"26,68000";"2,94265";"-0,01246"
"26,69000";"2,95776";"-0,01933"
"26,70000";"2,97299";"-0,02522"
"26,71000";"2,98822";"-0,02759"
"26,72000";"3,00322";"-0,02593"
"26,73000";"3,01833";"-0,02383"
"26,74000";"3,03332";"-0,01559"
"26,75000";"3,04831";"-0,00993"
"26,76000";"3,06331";"-0,00460"
"26,77000";"3,07830";"0,00355"
"26,78000";"3,09341";"0,01301"
"26,79000";"3,10828";"0,00814"
"26,80000";"3,12328";"-0,00373"
"26,81000";"3,13827";"-0,01149"
"26,82000";"3,15315";"-0,01478"
"26,83000";"3,16826";"-0,02242"
"26,84000";"3,18325";"-0,02342"
"26,85000";"3,19824";"-0,02438"
"26,86000";"3,21324";"-0,02045"
"26,87000";"3,22823";"-0,00604"
"26,88000";"3,24310";"-0,00029"
"26,89000";"3,25810";"-0,00665"
"26,90000";"3,27309";"-0,00905"
"26,91000";"3,28797";"-0,00615"
"26,92000";"3,30284";"-0,00774"
"26,93000";"3,31772";"-0,00507"
"26,94000";"3,33259";"-0,00568"
"26,95000";"3,34735";"-0,01053"
"26,96000";"3,36222";"-0,01144"
"26,97000";"3,37745";"-0,01822"
"26,98000";"3,39268";"-0,02288"
"26,99000";"3,40791";"-0,01773"
"27,00000";"3,42314";"-0,01267"
"27,01000";"3,43825";"-0,01627"
"27,02000";"3,45324";"-0,01899"
"27,03000";"3,46812";"-0,02595"
"27,04000";"3,48311";"-0,03034"
"27,05000";"3,49810";"-0,03233"
"27,06000";"3,51322";"-0,02504"
"27,07000";"3,52821";"-0,01922"
"27,08000";"3,54320";"-0,01977"
"27,09000";"3,55831";"-0,01656"
"27,10000";"3,57331";"-0,01464"
"27,11000";"3,58818";"-0,01747"
"27,12000";"3,60317";"-0,02529"
"27,13000";"3,61828";"-0,03231"
"27,14000";"3,63328";"-0,03819"
"27,15000";"3,64815";"-0,03242"
"27,16000";"3,66315";"-0,02909"
"27,17000";"3,67814";"-0,02574"
"27,18000";"3,69301";"-0,01988"
"27,19000";"3,70789";"-0,02033"
"27,20000";"3,72276";"-0,01707"
"27,21000";"3,73776";"-0,00796"
"27,22000";"3,75263";"-0,00414"
"27,23000";"3,76762";"-0,01098"
"27,24000";"3,78262";"-0,01890"
"27,25000";"3,79749";"-0,01690"
"27,26000";"3,81249";"-0,01304"
"27,27000";"3,82760";"-0,01343"
"27,28000";"3,84271";"-0,01954"
"27,29000";"3,85806";"-0,01604"
"27,30000";"3,87317";"-0,01025"
"27,31000";"3,88828";"-0,01077"
"27,32000";"3,90339";"-0,02243"
"27,33000";"3,91850";"-0,03734"
"27,34000";"3,93349";"-0,04300"
"27,35000";"3,94849";"-0,04118"
"27,36000";"3,96336";"-0,03683"
"27,37000";"3,97835";"-0,02629"
"27,38000";"3,99323";"-0,02129"
"27,39000";"4,00822";"-0,02709"
"27,40000";"4,02322";"-0,02496"
"27,41000";"4,03833";"-0,01658"
"27,42000";"4,05332";"-0,01588"
"27,43000";"4,06819";"-0,01516"
"27,44000";"4,08319";"-0,02164"
"27,45000";"4,09830";"-0,02739"
"27,46000";"4,11329";"-0,02362"
"27,47000";"4,12828";"-0,02187"
"27,48000";"4,14328";"-0,01687"
"27,49000";"4,15827";"-0,01352"
"27,50000";"4,17315";"-0,01889"
"27,51000";"4,18802";"-0,01417"
"27,52000";"4,20278";"-0,01530"
"27,53000";"4,21777";"-0,01351"
"27,54000";"4,23276";"-0,01969"
"27,55000";"4,24764";"-0,02451"
"27,56000";"4,26251";"-0,02602"
"27,57000";"4,27751";"-0,02862"
"27,58000";"4,29250";"-0,03127"
"27,59000";"4,30761";"-0,03123"
"27,60000";"4,32260";"-0,02772"
"27,61000";"4,33783";"-0,02705"
"27,62000";"4,35318";"-0,02760"
"27,63000";"4,36841";"-0,02507"
"27,64000";"4,38352";"-0,02330"
"27,65000";"4,39851";"-0,02520"
"27,66000";"4,41351";"-0,02476"
"27,67000";"4,42838";"-0,02726"
"27,68000";"4,44349";"-0,02783"
"27,69000";"4,45837";"-0,02857"
"27,70000";"4,47336";"-0,02046"
"27,71000";"4,48835";"-0,01768"
"27,72000";"4,50323";"-0,01388"
"27,73000";"4,51822";"-0,01453"
"27,74000";"4,53298";"-0,01976"
"27,75000";"4,54797";"-0,02011"
"27,76000";"4,56308";"-0,01359"
"27,77000";"4,57796";"-0,00729"
"27,78000";"4,59295";"-0,00330"
"27,79000";"4,60794";"-0,00349"
"27,80000";"4,62270";"-0,00734"
"27,81000";"4,63746";"-0,00973"
"27,82000";"4,65233";"-0,00890"
"27,83000";"4,66733";"-0,01025"
"27,84000";"4,68244";"-0,01327"
"27,85000";"4,69767";"-0,01071"
"27,86000";"4,71278";"-0,01157"
"27,87000";"4,72789";"-0,00468"
"27,88000";"4,74300";"-0,00735"
"27,89000";"4,75799";"-0,00628"
"27,90000";"4,77299";"-0,01606"
"27,91000";"4,78810";"-0,02439"
"27,92000";"4,80321";"-0,03008"
"27,93000";"4,81832";"-0,02891"
"27,94000";"4,83343";"-0,02057"
"27,95000";"4,84842";"-0,01730"
"27,96000";"4,86342";"-0,01693"
"27,97000";"4,87829";"-0,01469"
"27,98000";"4,89317";"-0,01900"
"27,99000";"4,90804";"-0,02605"
"28,00000";"4,92304";"-0,02560"
"28,01000";"4,93815";"-0,02173"
"28,02000";"4,95314";"-0,02125"
"28,03000";"4,96813";"-0,02555"
"28,04000";"4,98324";"-0,02803"
"28,05000";"4,99812";"-0,03066"
"28,06000";"5,01311";"-0,03489"
"28,07000";"5,02799";"-0,03243"
"28,08000";"5,04298";"-0,03060"
"28,09000";"5,05797";"-0,03531"
"28,10000";"5,07297";"-0,04510"
"28,11000";"5,08784";"-0,05123"
"28,12000";"5,10283";"-0,04318"
"28,13000";"5,11771";"-0,02795"
"28,14000";"5,13270";"-0,01924"
"28,15000";"5,14781";"-0,00479"
"28,16000";"5,16292";"0,00566"
"28,17000";"5,17803";"0,00560"
"28,18000";"5,19315";"-0,00005"
"28,19000";"5,20814";"-0,00853"
"28,20000";"5,22313";"-0,01757"
"28,21000";"5,23813";"-0,02270"
"28,22000";"5,25312";"-0,02598"
"28,23000";"5,26823";"-0,02975"
"28,24000";"5,28334";"-0,03060"
"28,25000";"5,29833";"-0,02988"
"28,26000";"5,31333";"-0,02912"
"28,27000";"5,32832";"-0,02930"
"28,28000";"5,34319";"-0,02942"
"28,29000";"5,35819";"-0,03051"
"28,30000";"5,37306";"-0,03236"
"28,31000";"5,38806";"-0,02732"
"28,32000";"5,40305";"-0,02095"
"28,33000";"5,41804";"-0,01622"
"28,34000";"5,43303";"-0,01653"
"28,35000";"5,44803";"-0,01815"
"28,36000";"5,46290";"-0,02629"
"28,37000";"5,47778";"-0,03257"
"28,38000";"5,49277";"-0,03561"
"28,39000";"5,50776";"-0,03699"
"28,40000";"5,52276";"-0,04394"
"28,41000";"5,53775";"-0,04172"
"28,42000";"5,55286";"-0,03732"
"28,43000";"5,56785";"-0,02893"
"28,44000";"5,58297";"-0,02205"
"28,45000";"5,59796";"-0,01080"
"28,46000";"5,61283";"-0,00233"
"28,47000";"5,62794";"-0,00143"
"28,48000";"5,64306";"-0,00933"
"28,49000";"5,65817";"-0,01255"
"28,50000";"5,67316";"-0,01428"
"28,51000";"5,68839";"-0,01481"
"28,52000";"5,70326";"-0,01941"
"28,53000";"5,71826";"-0,01467"
"28,54000";"5,73325";"-0,01683"
"28,55000";"5,74824";"-0,02759"
"28,56000";"5,76324";"-0,03067"
"28,57000";"5,77823";"-0,02353"
"28,58000";"5,79322";"-0,01883"
"28,59000";"5,80810";"-0,01493"
"28,60000";"5,82309";"-0,01408"
"28,61000";"5,83797";"-0,01407"
"28,62000";"5,85296";"-0,00564"
"28,63000";"5,86795";"-0,00608"
"28,64000";"5,88294";"-0,01476"
"28,65000";"5,89782";"-0,01868"
"28,66000";"5,91281";"-0,02677"
"28,67000";"5,92781";"-0,03494"
"28,68000";"5,94280";"-0,04215"
"28,69000";"5,95779";"-0,04032"
"28,70000";"5,97278";"-0,03955"
"28,71000";"5,98790";"-0,03619"
"28,72000";"6,00301";"-0,03090"
"28,73000";"6,01812";"-0,02324"
"28,74000";"6,03323";"-0,01589"
"28,75000";"6,04810";"-0,01291"
"28,76000";"6,06310";"-0,01596"
"28,77000";"6,07809";"-0,01609"
"28,78000";"6,09308";"-0,01919"
"28,79000";"6,10819";"-0,02056"
"28,80000";"6,12319";"-0,01784"
"28,81000";"6,13818";"-0,01800"
"28,82000";"6,15317";"-0,02495"
"28,83000";"6,16817";"-0,02869"
"28,84000";"6,18304";"-0,02842"
"28,85000";"6,19803";"-0,02887"
"28,86000";"6,21303";"-0,02522"
"28,87000";"6,22814";"-0,02132"
"28,88000";"6,24325";"-0,02296"
"28,89000";"6,25824";"-0,01606"
"28,90000";"6,27324";"-0,00970"
"28,91000";"6,28811";"-0,01040"
"28,92000";"6,30299";"-0,00879"
"28,93000";"6,31798";"-0,00797"
"28,94000";"6,33297";"-0,01010"
"28,95000";"6,34785";"-0,01405"
"28,96000";"6,36284";"-0,01994"
"28,97000";"6,37783";"-0,01928"
"28,98000";"6,39283";"-0,01859"
"28,99000";"6,40782";"-0,01869"
"29,00000";"6,42281";"-0,01800"
"29,01000";"6,43792";"-0,01867"
"29,02000";"6,45292";"-0,01687"
"29,03000";"6,46791";"-0,01508"
"29,04000";"6,48290";"-0,01658"
"29,05000";"6,49790";"-0,02467"
"29,06000";"6,51289";"-0,03756"
"29,07000";"6,52800";"-0,04041"
"29,08000";"6,54287";"-0,04359"
"29,09000";"6,55787";"-0,03334"
"29,10000";"6,57286";"-0,02572"
"29,11000";"6,58797";"-0,01625"
"29,12000";"6,60308";"-0,01263"
"29,13000";"6,61808";"-0,01035"
"29,14000";"6,63307";"-0,00881"
"29,15000";"6,64794";"-0,01142"
"29,16000";"6,66282";"-0,01479"
"29,17000";"6,67781";"-0,01594"
"29,18000";"6,69292";"-0,01350"
"29,19000";"6,70803";"-0,01173"
"29,20000";"6,72303";"-0,01570"
"29,21000";"6,73802";"-0,01261"
"29,22000";"6,75301";"-0,01552"
"29,23000";"6,76789";"-0,02102"
"29,24000";"6,78288";"-0,02471"
"29,25000";"6,79788";"-0,02179"
"29,26000";"6,81287";"-0,02642"
"29,27000";"6,82786";"-0,02621"
"29,28000";"6,84297";"-0,02085"
"29,29000";"6,85796";"-0,01563"
"29,30000";"6,87296";"-0,01401"
"29,31000";"6,88795";"-0,01598"
"29,32000";"6,90294";"-0,02121"
"29,33000";"6,91794";"-0,01807"
"29,34000";"6,93293";"-0,01587"
"29,35000";"6,94804";"-0,01596"
"29,36000";"6,96303";"-0,00660"
"29,37000";"6,97803";"0,00427"
"29,38000";"6,99290";"0,00687"
"29,39000";"7,00790";"-0,00123"
"29,40000";"7,02289";"-0,00804"
"29,41000";"7,03788";"-0,00481"
"29,42000";"7,05288";"-0,00743"
"29,43000";"7,06787";"-0,01029"
"29,44000";"7,08298";"-0,01203"
"29,45000";"7,09797";"-0,01371"
"29,46000";"7,11297";"-0,01706"
"29,47000";"7,12796";"-0,02313"
"29,48000";"7,14295";"-0,02871"
"29,49000";"7,15794";"-0,03375"
"29,50000";"7,17294";"-0,03377"
"29,51000";"7,18805";"-0,03161"
"29,52000";"7,20304";"-0,03171"
"29,53000";"7,21803";"-0,02480"
"29,54000";"7,23303";"-0,01653"
"29,55000";"7,24790";"-0,01756"
"29,56000";"7,26301";"-0,01911"
"29,57000";"7,27801";"-0,01843"
"29,58000";"7,29300";"-0,02189"
"29,59000";"7,30811";"-0,02688"
"29,60000";"7,32299";"-0,02359"
"29,61000";"7,33810";"-0,01856"
"29,62000";"7,35309";"-0,01722"
"29,63000";"7,36797";"-0,01855"
"29,64000";"7,38296";"-0,01748"
"29,65000";"7,39807";"-0,01629"
"29,66000";"7,41318";"-0,01611"
"29,67000";"7,42817";"-0,02442"
"29,68000";"7,44305";"-0,03305"
"29,69000";"7,45804";"-0,04016"
"29,70000";"7,47292";"-0,03057"
"29,71000";"7,48779";"-0,02007"
"29,72000";"7,50278";"-0,01780"
"29,73000";"7,51790";"-0,02353"
"29,74000";"7,53301";"-0,01939"
"29,75000";"7,54800";"-0,02036"
"29,76000";"7,56299";"-0,01848"
"29,77000";"7,57799";"-0,02019"
"29,78000";"7,59286";"-0,02465"
"29,79000";"7,60774";"-0,02942"
"29,80000";"7,62285";"-0,02534"
"29,81000";"7,63784";"-0,01398"
"29,82000";"7,65295";"-0,00150"
"29,83000";"7,66806";"0,00122"
"29,84000";"7,68306";"-0,00425"
"29,85000";"7,69805";"-0,00446"
"29,86000";"7,71292";"-0,00507"
"29,87000";"7,72792";"-0,00963"
"29,88000";"7,74291";"-0,01590"
"29,89000";"7,75790";"-0,01804"
"29,90000";"7,77278";"-0,01668"
"29,91000";"7,78777";"-0,01657"
"29,92000";"7,80265";"-0,02239"
"29,93000";"7,81764";"-0,02596"
"29,94000";"7,83263";"-0,02871"
"29,95000";"7,84774";"-0,02469"
"29,96000";"7,86274";"-0,01827"
"29,97000";"7,87785";"-0,01405"
"29,98000";"7,89296";"-0,01060"
"29,99000";"7,90795";"-0,01312"
"30,00000";"7,92306";"-0,01112"
"30,01000";"7,93806";"-0,01374"
"30,02000";"7,95293";"-0,01316"
"30,03000";"7,96781";"-0,01530"
"30,04000";"7,98292";"-0,01541"
"30,05000";"7,99791";"-0,01133"
"30,06000";"8,01302";"-0,01225"
"30,07000";"8,02813";"-0,00849"
"30,08000";"8,04313";"-0,00949"
"30,09000";"8,05812";"-0,00920"
"30,10000";"8,07311";"-0,00916"
"30,11000";"8,08810";"-0,00946"
"30,12000";"8,10298";"-0,00606"
"30,13000";"8,11809";"-0,00122"
"30,14000";"8,13308";"-0,00469"
"30,15000";"8,14808";"0,00013"
"30,16000";"8,16307";"-0,00230"
"30,17000";"8,17818";"-0,00765"
"30,18000";"8,19306";"-0,01845"
"30,19000";"8,20805";"-0,02474"
"30,20000";"8,22304";"-0,02636"
"30,21000";"8,23803";"-0,02247"
"30,22000";"8,25315";"-0,00859"
"30,23000";"8,26826";"-0,00261"
"30,24000";"8,28325";"-0,00904"
"30,25000";"8,29824";"-0,01891"
"30,26000";"8,31324";"-0,02393"
"30,27000";"8,32823";"-0,01711"
"30,28000";"8,34322";"-0,01085"
"30,29000";"8,35822";"-0,01246"
"30,30000";"8,37321";"-0,00724"
"30,31000";"8,38820";"-0,00259"
"30,32000";"8,40296";"-0,00323"
"30,33000";"8,41783";"-0,00957"
"30,34000";"8,43283";"-0,01361"
"30,35000";"8,44770";"-0,01478"
"30,36000";"8,46269";"-0,01407"
"30,37000";"8,47781";"-0,01387"
"30,38000";"8,49304";"-0,01096"
"30,39000";"8,50815";"-0,01170"
"30,40000";"8,52314";"-0,00891"
"30,41000";"8,53801";"-0,00638"
"30,42000";"8,55301";"-0,01111"
"30,43000";"8,56800";"-0,01248"
"30,44000";"8,58311";"-0,01305"
"30,45000";"8,59810";"-0,01801"
"30,46000";"8,61333";"-0,01686"
"30,47000";"8,62833";"-0,01932"
"30,48000";"8,64332";"-0,01767"
"30,49000";"8,65808";"-0,01597"
"30,50000";"8,67295";"-0,00491"
"30,51000";"8,68795";"-0,00446"
"30,52000";"8,70306";"-0,01141"
"30,53000";"8,71793";"-0,02188"
"30,54000";"8,73292";"-0,03125"
"30,55000";"8,74803";"-0,03492"
"30,56000";"8,76303";"-0,03954"
"30,57000";"8,77790";"-0,04091"
"30,58000";"8,79290";"-0,03911"
"30,59000";"8,80801";"-0,04017"
"30,60000";"8,82300";"-0,04204"
"30,61000";"8,83799";"-0,04225"
"30,62000";"8,85299";"-0,03482"
"30,63000";"8,86798";"-0,02579"
"30,64000";"8,88309";"-0,01843"
"30,65000";"8,89797";"-0,00959"
"30,66000";"8,91284";"0,00072"
"30,67000";"8,92795";"0,00994"
"30,68000";"8,94294";"0,01005"
"30,69000";"8,95782";"-0,00254"
"30,70000";"8,97281";"-0,00688"
"30,71000";"8,98780";"-0,00766"
"30,72000";"9,00280";"-0,00749"
"30,73000";"9,01779";"-0,00415"
"30,74000";"9,03279";"-0,01128"
"30,75000";"9,04790";"-0,01684"
"30,76000";"9,06289";"-0,01688"
"30,77000";"9,07800";"-0,01520"
"30,78000";"9,09299";"-0,01746"
"30,79000";"9,10810";"-0,01979"
"30,80000";"9,12310";"-0,02168"
"30,81000";"9,13809";"-0,01995"
"30,82000";"9,15308";"-0,01671"
"30,83000";"9,16796";"-0,02081"
"30,84000";"9,18307";"-0,01805"
"30,85000";"9,19818";"-0,01595"
"30,86000";"9,21317";"-0,02123"
"30,87000";"9,22817";"-0,02180"
"30,88000";"9,24316";"-0,01842"
"30,89000";"9,25815";"-0,01073"
"30,90000";"9,27303";"-0,01060"
"30,91000";"9,28802";"-0,00751"
"30,92000";"9,30313";"-0,01014"
"30,93000";"9,31813";"-0,01100"
"30,94000";"9,33312";"-0,01209"
"30,95000";"9,34811";"-0,00895"
"30,96000";"9,36310";"-0,00554"
"30,97000";"9,37810";"0,00064"
"30,98000";"9,39309";"0,00155"
"30,99000";"9,40808";"0,00428"
"31,00000";"9,42308";"-0,00355"
"31,01000";"9,43819";"-0,00869"
"31,02000";"9,45330";"-0,00659"
"31,03000";"9,46829";"-0,00824"
"31,04000";"9,48317";"-0,01366"
"31,05000";"9,49804";"-0,01310"
"31,06000";"9,51304";"-0,00704"
"31,07000";"9,52803";"-0,00211"
"31,08000";"9,54302";"-0,00050"
"31,09000";"9,55801";"-0,00415"
"31,10000";"9,57312";"-0,01016"
"31,11000";"9,58812";"-0,01818"
"31,12000";"9,60299";"-0,01815"
"31,13000";"9,61799";"-0,01614"
"31,14000";"9,63298";"-0,01171"
"31,15000";"9,64797";"-0,00155"
"31,16000";"9,66285";"0,00263"
"31,17000";"9,67796";"-0,00667"
"31,18000";"9,69295";"-0,00689"
"31,19000";"9,70806";"0,00052"
"31,20000";"9,72294";"0,00065"
"31,21000";"9,73805";"-0,00865"
"31,22000";"9,75304";"-0,02219"
"31,23000";"9,76815";"-0,03439"
"31,24000";"9,78303";"-0,03943"
"31,25000";"9,79802";"-0,04141"
"31,26000";"9,81301";"-0,03727"
"31,27000";"9,82801";"-0,03381"
"31,28000";"9,84288";"-0,03121"
"31,29000";"9,85776";"-0,02363"
"31,30000";"9,87287";"-0,01642"
"31,31000";"9,88798";"-0,01699"
"31,32000";"9,90297";"-0,01274"
"31,33000";"9,91808";"-0,01331"
"31,34000";"9,93320";"-0,01903"
"31,35000";"9,94807";"-0,03086"
"31,36000";"9,96306";"-0,02979"
"31,37000";"9,97794";"-0,02727"
"31,38000";"9,99293";"-0,02309"
"31,39000";"10,00804";"-0,02129"
"31,40000";"10,02304";"-0,01708"
"31,41000";"10,03803";"-0,01785"
"31,42000";"10,05314";"-0,02336"
"31,43000";"10,06801";"-0,02399"
"31,44000";"10,08301";"-0,02110"
"31,45000";"10,09788";"-0,01381"
"31,46000";"10,11299";"-0,01275"
"31,47000";"10,12799";"-0,01551"
"31,48000";"10,14310";"-0,01228"
"31,49000";"10,15809";"-0,00931"
"31,50000";"10,17320";"-0,00212"
"31,51000";"10,18820";"0,00067"
"31,52000";"10,20319";"-0,00882"
"31,53000";"10,21818";"-0,01498"
"31,54000";"10,23329";"-0,01807"
"31,55000";"10,24828";"-0,01916"
"31,56000";"10,26328";"-0,01313"
"31,57000";"10,27827";"-0,00871"
"31,58000";"10,29315";"-0,00656"
"31,59000";"10,30814";"-0,01476"
"31,60000";"10,32313";"-0,01834"
"31,61000";"10,33813";"-0,01942"
"31,62000";"10,35312";"-0,01530"
"31,63000";"10,36811";"-0,01337"
"31,64000";"10,38322";"-0,00969"
"31,65000";"10,39822";"-0,00459"
"31,66000";"10,41321";"-0,00948"
"31,67000";"10,42808";"-0,01317"
"31,68000";"10,44308";"-0,01445"
"31,69000";"10,45807";"-0,01843"
"31,70000";"10,47318";"-0,01240"
"31,71000";"10,48817";"-0,00277"
"31,72000";"10,50317";"0,00038"
"31,73000";"10,51816";"-0,00314"
"31,74000";"10,53315";"-0,00579"
"31,75000";"10,54803";"-0,00774"
"31,76000";"10,56290";"-0,00505"
"31,77000";"10,57790";"-0,00686"
"31,78000";"10,59289";"-0,01000"
"31,79000";"10,60788";"-0,01058"
"31,80000";"10,62288";"-0,00293"
"31,81000";"10,63799";"-0,00024"
"31,82000";"10,65298";"0,00064"
"31,83000";"10,66785";"0,00083"
"31,84000";"10,68285";"0,00029"
"31,85000";"10,69796";"-0,00120"
"31,86000";"10,71295";"-0,00404"
"31,87000";"10,72794";"-0,00712"
"31,88000";"10,74282";"-0,00433"
"31,89000";"10,75781";"-0,00652"
"31,90000";"10,77292";"-0,01261"
"31,91000";"10,78768";"-0,01298"
"31,92000";"10,80267";"-0,01968"
"31,93000";"10,81779";"-0,02142"
"31,94000";"10,83290";"-0,01823"
"31,95000";"10,84801";"-0,00981"
"31,96000";"10,86300";"-0,00904"
"31,97000";"10,87799";"0,00243"
"31,98000";"10,89299";"0,01027"
"31,99000";"10,90786";"0,01317"
"32,00000";"10,92285";"0,01501"
"32,01000";"10,93797";"0,01177"
"32,02000";"10,95296";"0,00625"
"32,03000";"10,96807";"0,00785"
"32,04000";"10,98306";"0,00304"
"32,05000";"10,99817";"-0,00177"
"32,06000";"11,01305";"0,00120"
"32,07000";"11,02804";"-0,00120"
"32,08000";"11,04292";"-0,01094"
"32,09000";"11,05803";"-0,01870"
"32,10000";"11,07302";"-0,01563"
"32,11000";"11,08801";"-0,00543"
"32,12000";"11,10301";"-0,00322"
"32,13000";"11,11800";"-0,00440"
"32,14000";"11,13299";"0,00231"
"32,15000";"11,14799";"0,00800"
"32,16000";"11,16310";"0,01587"
"32,17000";"11,17809";"0,01604"
"32,18000";"11,19320";"0,00917"
"32,19000";"11,20808";"0,00578"
"32,20000";"11,22307";"0,00324"
"32,21000";"11,23806";"-0,00605"
"32,22000";"11,25306";"-0,01480"
"32,23000";"11,26805";"-0,02054"
"32,24000";"11,28304";"-0,02043"
"32,25000";"11,29803";"-0,02012"
"32,26000";"11,31315";"-0,02559"
"32,27000";"11,32802";"-0,02255"
"32,28000";"11,34301";"-0,02010"
"32,29000";"11,35801";"-0,01419"
"32,30000";"11,37288";"-0,01200"
"32,31000";"11,38788";"-0,00598"
"32,32000";"11,40298";"0,00438"
"32,33000";"11,41798";"0,00734"
"32,34000";"11,43309";"0,00273"
"32,35000";"11,44820";"0,00178"
"32,36000";"11,46319";"0,00039"
"32,37000";"11,47819";"-0,00471"
"32,38000";"11,49306";"-0,00803"
"32,39000";"11,50806";"-0,00444"
"32,40000";"11,52305";"0,00490"
"32,41000";"11,53816";"0,01465"
"32,42000";"11,55315";"0,01719"
"32,43000";"11,56815";"0,01163"
"32,44000";"11,58326";"-0,00319"
"32,45000";"11,59825";"-0,00441"
"32,46000";"11,61301";"-0,00053"
"32,47000";"11,62800";"0,00650"
"32,48000";"11,64311";"0,00642"
"32,49000";"11,65810";"0,00498"
"32,50000";"11,67310";"0,00492"
"32,51000";"11,68797";"0,00408"
"32,52000";"11,70296";"0,00156"
"32,53000";"11,71796";"0,00106"
"32,54000";"11,73295";"0,00238"
"32,55000";"11,74806";"-0,00065"
"32,56000";"11,76306";"-0,00488"
"32,57000";"11,77817";"-0,00785"
"32,58000";"11,79304";"-0,00746"
"32,59000";"11,80803";"-0,00990"
"32,60000";"11,82303";"-0,00247"
"32,61000";"11,83802";"0,00039"
"32,62000";"11,85290";"0,00051"
"32,63000";"11,86777";"-0,00044"
"32,64000";"11,88288";"0,00224"
"32,65000";"11,89787";"0,01135"
"32,66000";"11,91299";"0,01660"
"32,67000";"11,92798";"0,01861"
"32,68000";"11,94297";"0,01257"
"32,69000";"11,95797";"0,00769"
"32,70000";"11,97284";"0,00776"
"32,71000";"11,98783";"0,00292"
"32,72000";"12,00283";"0,00493"
"32,73000";"12,01794";"0,01165"
"32,74000";"12,03293";"0,01462"
"32,75000";"12,04792";"0,02381"
"32,76000";"12,06304";"0,02943"
"32,77000";"12,07803";"0,03467"
"32,78000";"12,09302";"0,03807"
"32,79000";"12,10801";"0,03423"
"32,80000";"12,12313";"0,02886"
"32,81000";"12,13800";"0,03144"
"32,82000";"12,15299";"0,02678"
"32,83000";"12,16799";"0,02228"
"32,84000";"12,18286";"0,02375"
"32,85000";"12,19774";"0,02515"
"32,86000";"12,21273";"0,02731"
"32,87000";"12,22784";"0,02763"
"32,88000";"12,24283";"0,02997"
"32,89000";"12,25783";"0,03225"
"32,90000";"12,27294";"0,03119"
"32,91000";"12,28793";"0,02650"
"32,92000";"12,30280";"0,02329"
"32,93000";"12,31768";"0,01736"
"32,94000";"12,33267";"0,00871"
"32,95000";"12,34778";"0,00629"
"32,96000";"12,36278";"0,00641"
"32,97000";"12,37789";"0,00576"
"32,98000";"12,39300";"0,01047"
"32,99000";"12,40811";"0,02419"
"33,00000";"12,42310";"0,02704"
"33,01000";"12,43810";"0,02278"
"33,02000";"12,45297";"0,02110"
"33,03000";"12,46808";"0,02617"
"33,04000";"12,48308";"0,02840"
"33,05000";"12,49807";"0,03379"
"33,06000";"12,51306";"0,03654"
"33,07000";"12,52805";"0,03696"
"33,08000";"12,54305";"0,03633"
"33,09000";"12,55792";"0,03335"
"33,10000";"12,57292";"0,03201"
"33,11000";"12,58791";"0,03185"
"33,12000";"12,60278";"0,03447"
"33,13000";"12,61790";"0,02737"
"33,14000";"12,63289";"0,02565"
"33,15000";"12,64788";"0,03313"
"33,16000";"12,66288";"0,04525"
"33,17000";"12,67787";"0,05138"
"33,18000";"12,69286";"0,05264"
"33,19000";"12,70809";"0,05025"
"33,20000";"12,72308";"0,05020"
"33,21000";"12,73819";"0,04558"
"33,22000";"12,75331";"0,04217"
"33,23000";"12,76830";"0,03594"
"33,24000";"12,78317";"0,03499"
"33,25000";"12,79805";"0,04002"
"33,26000";"12,81304";"0,04332"
"33,27000";"12,82804";"0,04559"
"33,28000";"12,84303";"0,05107"
"33,29000";"12,85802";"0,05646"
"33,30000";"12,87313";"0,05628"
"33,31000";"12,88813";"0,05898"
"33,32000";"12,90300";"0,06211"
"33,33000";"12,91787";"0,05842"
"33,34000";"12,93275";"0,04761"
"33,35000";"12,94786";"0,04622"
"33,36000";"12,96285";"0,04728"
"33,37000";"12,97785";"0,05754"
"33,38000";"12,99284";"0,07001"
"33,39000";"13,00795";"0,07238"
"33,40000";"13,02294";"0,06524"
"33,41000";"13,03794";"0,05347"
"33,42000";"13,05305";"0,05488"
"33,43000";"13,06816";"0,06623"
"33,44000";"13,08327";"0,07621"
"33,45000";"13,09826";"0,07416"
"33,46000";"13,11314";"0,07240"
"33,47000";"13,12813";"0,07529"
"33,48000";"13,14301";"0,07511"
"33,49000";"13,15788";"0,07242"
"33,50000";"13,17276";"0,07369"
"33,51000";"13,18775";"0,08305"
"33,52000";"13,20286";"0,08643"
"33,53000";"13,21797";"0,08405"
"33,54000";"13,23297";"0,08642"
"33,55000";"13,24796";"0,08816"
"33,56000";"13,26283";"0,09628"
"33,57000";"13,27771";"0,09471"
"33,58000";"13,29282";"0,08861"
"33,59000";"13,30781";"0,08545"
"33,60000";"13,32281";"0,08792"
"33,61000";"13,33792";"0,09064"
"33,62000";"13,35291";"0,08565"
"33,63000";"13,36790";"0,08219"
"33,64000";"13,38290";"0,08425"
"33,65000";"13,39789";"0,09207"
"33,66000";"13,41288";"0,10031"
"33,67000";"13,42787";"0,11314"
"33,68000";"13,44287";"0,11731"
"33,69000";"13,45786";"0,11887"
"33,70000";"13,47297";"0,11833"
"33,71000";"13,48808";"0,11808"
"33,72000";"13,50308";"0,12388"
"33,73000";"13,51819";"0,12815"
"33,74000";"13,53306";"0,13559"
"33,75000";"13,54806";"0,14072"
"33,76000";"13,56305";"0,15031"
"33,77000";"13,57816";"0,15301"
"33,78000";"13,59315";"0,15375"
"33,79000";"13,60803";"0,15402"
"33,80000";"13,62290";"0,15090"
"33,81000";"13,63790";"0,14488"
"33,82000";"13,65289";"0,13752"
"33,83000";"13,66800";"0,13119"
"33,84000";"13,68299";"0,12619"
"33,85000";"13,69810";"0,13109"
"33,86000";"13,71310";"0,13592"
"33,87000";"13,72797";"0,14699"
"33,88000";"13,74296";"0,15530"
"33,89000";"13,75796";"0,15610"
"33,90000";"13,77295";"0,16272"
"33,91000";"13,78794";"0,16093"
"33,92000";"13,80306";"0,15410"
"33,93000";"13,81805";"0,15142"
"33,94000";"13,83316";"0,15090"
"33,95000";"13,84815";"0,15060"
"33,96000";"13,86315";"0,15268"
"33,97000";"13,87814";"0,15829"
"33,98000";"13,89313";"0,16902"
"33,99000";"13,90813";"0,18383"
"34,00000";"13,92312";"0,18856"
"34,01000";"13,93823";"0,18372"
"34,02000";"13,95322";"0,17925"
"34,03000";"13,96821";"0,17280"
"34,04000";"13,98309";"0,16488"
"34,05000";"13,99808";"0,16800"
"34,06000";"14,01319";"0,17795"
"34,07000";"14,02807";"0,18352"
"34,08000";"14,04294";"0,19484"
"34,09000";"14,05794";"0,20469"
"34,10000";"14,07293";"0,21248"
"34,11000";"14,08781";"0,21199"
"34,12000";"14,10268";"0,20799"
"34,13000";"14,11779";"0,20553"
"34,14000";"14,13278";"0,21313"
"34,15000";"14,14790";"0,21462"
"34,16000";"14,16301";"0,21609"
"34,17000";"14,17800";"0,22208"
"34,18000";"14,19311";"0,21838"
"34,19000";"14,20799";"0,21231"
"34,20000";"14,22286";"0,21459"
"34,21000";"14,23797";"0,21834"
"34,22000";"14,25296";"0,22426"
"34,23000";"14,26808";"0,23223"
"34,24000";"14,28307";"0,24131"
"34,25000";"14,29818";"0,24677"
"34,26000";"14,31317";"0,24261"
"34,27000";"14,32817";"0,23997"
"34,28000";"14,34304";"0,24311"
"34,29000";"14,35803";"0,24333"
"34,30000";"14,37315";"0,23834"
"34,31000";"14,38802";"0,24021"
"34,32000";"14,40313";"0,24304"
"34,33000";"14,41813";"0,24337"
"34,34000";"14,43324";"0,24588"
"34,35000";"14,44811";"0,25625"
"34,36000";"14,46310";"0,26433"
"34,37000";"14,47810";"0,26802"
"34,38000";"14,49309";"0,26719"
"34,39000";"14,50808";"0,27166"
"34,40000";"14,52319";"0,27619"
"34,41000";"14,53819";"0,27638"
"34,42000";"14,55318";"0,27975"
"34,43000";"14,56806";"0,28512"
"34,44000";"14,58305";"0,29623"
"34,45000";"14,59804";"0,31005"
"34,46000";"14,61315";"0,32101"
"34,47000";"14,62826";"0,32297"
"34,48000";"14,64326";"0,32318"
"34,49000";"14,65825";"0,32298"
"34,50000";"14,67313";"0,32642"
"34,51000";"14,68800";"0,32332"
"34,52000";"14,70287";"0,32573"
"34,53000";"14,71787";"0,34008"
"34,54000";"14,73298";"0,34478"
"34,55000";"14,74809";"0,34715"
"34,56000";"14,76320";"0,35284"
"34,57000";"14,77820";"0,36130"
"34,58000";"14,79319";"0,37512"
"34,59000";"14,80818";"0,38809"
"34,60000";"14,82317";"0,39643"
"34,61000";"14,83817";"0,40283"
"34,62000";"14,85304";"0,40969"
"34,63000";"14,86792";"0,41008"
"34,64000";"14,88291";"0,41043"
"34,65000";"14,89790";"0,41481"
"34,66000";"14,91290";"0,41407"
"34,67000";"14,92789";"0,41370"
"34,68000";"14,94288";"0,42096"
"34,69000";"14,95799";"0,43200"
"34,70000";"14,97299";"0,44568"
"34,71000";"14,98810";"0,45408"
"34,72000";"15,00309";"0,46966"
"34,73000";"15,01820";"0,48352"
"34,74000";"15,03308";"0,48482"
"34,75000";"15,04807";"0,48236"
"34,76000";"15,06318";"0,48086"
"34,77000";"15,07817";"0,48588"
"34,78000";"15,09328";"0,49761"
"34,79000";"15,10828";"0,51224"
"34,80000";"15,12315";"0,52199"
"34,81000";"15,13803";"0,53325"
"34,82000";"15,15290";"0,54921"
"34,83000";"15,16778";"0,56918"
"34,84000";"15,18289";"0,58051"
"34,85000";"15,19776";"0,58569"
"34,86000";"15,21287";"0,58969"
"34,87000";"15,22787";"0,59403"
"34,88000";"15,24298";"0,59310"
"34,89000";"15,25785";"0,60521"
"34,90000";"15,27273";"0,61868"
"34,91000";"15,28772";"0,62619"
"34,92000";"15,30272";"0,63556"
"34,93000";"15,31783";"0,65044"
"34,94000";"15,33282";"0,66630"
"34,95000";"15,34781";"0,67846"
"34,96000";"15,36280";"0,68757"
"34,97000";"15,37792";"0,69944"
"34,98000";"15,39291";"0,70305"
"34,99000";"15,40790";"0,70582"
"35,00000";"15,42290";"0,72400"
"35,01000";"15,43813";"0,74330"
"35,02000";"15,45324";"0,75839"
"35,03000";"15,46823";"0,76996"
"35,04000";"15,48322";"0,77316"
"35,05000";"15,49810";"0,78155"
"35,06000";"15,51297";"0,79320"
"35,07000";"15,52797";"0,80232"
"35,08000";"15,54296";"0,81573"
"35,09000";"15,55807";"0,82241"
"35,10000";"15,57306";"0,83082"
"35,11000";"15,58805";"0,83978"
"35,12000";"15,60305";"0,85611"
"35,13000";"15,61804";"0,88239"
"35,14000";"15,63304";"0,90714"
"35,15000";"15,64803";"0,93345"
"35,16000";"15,66302";"0,96130"
"35,17000";"15,67813";"0,97440"
"35,18000";"15,69324";"0,98107"
"35,19000";"15,70824";"0,99650"
"35,20000";"15,72311";"1,02171"
"35,21000";"15,73799";"1,03668"
"35,22000";"15,75286";"1,04373"
"35,23000";"15,76774";"1,05024"
"35,24000";"15,78273";"1,06167"
"35,25000";"15,79772";"1,07950"
"35,26000";"15,81272";"1,10802"
"35,27000";"15,82783";"1,13203"
"35,28000";"15,84282";"1,16003"
"35,29000";"15,85793";"1,18543"
"35,30000";"15,87304";"1,21068"
"35,31000";"15,88815";"1,23380"
"35,32000";"15,90326";"1,25817"
"35,33000";"15,91837";"1,28237"
"35,34000";"15,93337";"1,30767"
"35,35000";"15,94824";"1,33442"
"35,36000";"15,96324";"1,35928"
"35,37000";"15,97811";"1,38347"
"35,38000";"15,99299";"1,40374"
"35,39000";"16,00798";"1,43168"
"35,40000";"16,02297";"1,46249"
"35,41000";"16,03797";"1,49211"
"35,42000";"16,05296";"1,51494"
"35,43000";"16,06795";"1,53179"
"35,44000";"16,08294";"1,55761"
"35,45000";"16,09770";"1,58223"
"35,46000";"16,11269";"1,61887"
"35,47000";"16,12781";"1,65163"
"35,48000";"16,14280";"1,68088"
"35,49000";"16,15791";"1,71245"
"35,50000";"16,17290";"1,74891"
"35,51000";"16,18801";"1,79696"
"35,52000";"16,20289";"1,84599"
"35,53000";"16,21788";"1,88498"
"35,54000";"16,23276";"1,92469"
"35,55000";"16,24787";"1,95834"
"35,56000";"16,26286";"1,99628"
"35,57000";"16,27785";"2,03475"
"35,58000";"16,29296";"2,08062"
"35,59000";"16,30820";"2,12316"
"35,60000";"16,32331";"2,16493"
"35,61000";"16,33842";"2,20870"
"35,62000";"16,35341";"2,26032"
"35,63000";"16,36840";"2,30505"
"35,64000";"16,38328";"2,35098"
"35,65000";"16,39827";"2,39777"
"35,66000";"16,41315";"2,44642"
"35,67000";"16,42814";"2,49478"
"35,68000";"16,44301";"2,54511"
"35,69000";"16,45789";"2,59881"
"35,70000";"16,47288";"2,65607"
"35,71000";"16,48799";"2,70688"
"35,72000";"16,50299";"2,75732"
"35,73000";"16,51798";"2,81847"
"35,74000";"16,53297";"2,87968"
"35,75000";"16,54797";"2,94292"
"35,76000";"16,56284";"3,01465"
"35,77000";"16,57771";"3,07976"
"35,78000";"16,59271";"3,14727"
"35,79000";"16,60770";"3,21242"
"35,80000";"16,62281";"3,28108"
"35,81000";"16,63792";"3,36029"
"35,82000";"16,65303";"3,43709"
"35,83000";"16,66803";"3,51554"
"35,84000";"16,68302";"3,59780"
"35,85000";"16,69801";"3,68443"
"35,86000";"16,71313";"3,77161"
"35,87000";"16,72812";"3,86249"
"35,88000";"16,74311";"3,95872"
"35,89000";"16,75810";"4,05547"
"35,90000";"16,77310";"4,14565"
"35,91000";"16,78821";"4,24158"
"35,92000";"16,80308";"4,34388"
"35,93000";"16,81808";"4,45313"
"35,94000";"16,83307";"4,55964"
"35,95000";"16,84806";"4,67106"
"35,96000";"16,86317";"4,79247"
"35,97000";"16,87817";"4,92047"
"35,98000";"16,89316";"5,04820"
"35,99000";"16,90804";"5,17517"
"36,00000";"16,92291";"5,30215"
"36,01000";"16,93790";"5,44111"
"36,02000";"16,95290";"5,59406"
"36,03000";"16,96801";"5,76178"
"36,04000";"16,98300";"5,94065"
"36,05000";"16,99799";"6,11349"
"36,06000";"17,01299";"6,29438"
"36,07000";"17,02810";"6,47583"
"36,08000";"17,04285";"6,66283"
"36,09000";"17,05773";"6,85751"
"36,10000";"17,07272";"7,07021"
"36,11000";"17,08772";"7,29554"
"36,12000";"17,10259";"7,52844"
"36,13000";"17,11758";"7,77381"
"36,14000";"17,13270";"8,01969"
"36,15000";"17,14769";"8,27721"
"36,16000";"17,16280";"8,53921"
"36,17000";"17,17791";"8,80911"
"36,18000";"17,19314";"9,09083"
"36,19000";"17,20825";"9,37936"
"36,20000";"17,22324";"9,67764"
"36,21000";"17,23824";"9,99094"
"36,22000";"17,25323";"10,30409"
"36,23000";"17,26822";"10,63382"
"36,24000";"17,28298";"10,97696"
"36,25000";"17,29797";"11,33315"
"36,26000";"17,31297";"11,70820"
"36,27000";"17,32796";"12,10052"
"36,28000";"17,34295";"12,50719"
"36,29000";"17,35783";"12,93212"
"36,30000";"17,37270";"13,38132"
"36,31000";"17,38781";"13,84795"
"36,32000";"17,40269";"14,32782"
"36,33000";"17,41768";"14,82836"
"36,34000";"17,43279";"15,35573"
"36,35000";"17,44790";"15,90049"
"36,36000";"17,46290";"16,46651"
"36,37000";"17,47777";"17,06318"
"36,38000";"17,49265";"17,67833"
"36,39000";"17,50764";"18,31050"
"36,40000";"17,52263";"18,96823"
"36,41000";"17,53763";"19,65944"
"36,42000";"17,55250";"20,37897"
"36,43000";"17,56761";"21,12193"
"36,44000";"17,58272";"21,89403"
"36,45000";"17,59783";"22,70251"
"36,46000";"17,61306";"23,55916"
"36,47000";"17,62817";"24,44777"
"36,48000";"17,64317";"25,36900"
"36,49000";"17,65828";"26,32365"
"36,50000";"17,67315";"27,32593"
"36,51000";"17,68815";"28,35332"
"36,52000";"17,70314";"29,41206"
"36,53000";"17,71825";"30,51087"
"36,54000";"17,73313";"31,67855"
"36,55000";"17,74812";"32,89854"
"36,56000";"17,76323";"34,17538"
"36,57000";"17,77822";"35,51721"
"36,58000";"17,79322";"36,92425"
"36,59000";"17,80809";"38,37252"
"36,60000";"17,82308";"39,87337"
"36,61000";"17,83808";"41,44658"
"36,62000";"17,85295";"43,09559"
"36,63000";"17,86771";"44,82073"
"36,64000";"17,88270";"46,63391"
"36,65000";"17,89770";"48,54737"
"36,66000";"17,91269";"50,57643"
"36,67000";"17,92768";"52,70374"
"36,68000";"17,94267";"54,92798"
"36,69000";"17,95767";"57,25751"
"36,70000";"17,97266";"59,70267"
"36,71000";"17,98765";"62,28436"
"36,72000";"18,00265";"65,01579"
"36,73000";"18,01776";"67,90610"
"36,74000";"18,03299";"71,00583"
"36,75000";"18,04810";"74,35710"
"36,76000";"18,06321";"77,88507"
"36,77000";"18,07832";"81,53065"
"36,78000";"18,09319";"85,30860"
"36,79000";"18,10807";"89,23781"
"36,80000";"18,12295";"93,35352"
"36,81000";"18,13794";"97,78313"
"36,82000";"18,15305";"102,60205"
"36,83000";"18,16804";"107,82106"
"36,84000";"18,18303";"113,46828"
"36,85000";"18,19803";"119,53904"
"36,86000";"18,21302";"126,06646"
"36,87000";"18,22790";"132,88948"
"36,88000";"18,24277";"139,85890"
"36,89000";"18,25776";"146,96660"
"36,90000";"18,27276";"154,24879"
"36,91000";"18,28775";"161,62199"
"36,92000";"18,30274";"169,07407"
"36,93000";"18,31774";"176,66385"
"36,94000";"18,33261";"184,37802"
"36,95000";"18,34737";"192,22429"
"36,96000";"18,36236";"200,14635"
"36,97000";"18,37747";"208,16536"
"36,98000";"18,39235";"216,30077"
"36,99000";"18,40746";"224,55089"
"37,00000";"18,42233";"232,98317"
"37,01000";"18,43733";"241,78854"
"37,02000";"18,45220";"251,07225"
"37,03000";"18,46731";"260,75259"
"37,04000";"18,48254";"270,72522"
"37,05000";"18,49777";"280,91772"
"37,05200";"18,50084";"282,97141"
"37,05400";"18,50379";"285,02423"
"37,06400";"18,51701";"295,19534"
"37,07400";"18,52445";"303,98727"
"37,08000";"18,52622";"307,13239"
"37,09000";"18,52540";"306,61816"
"37,10000";"18,52020";"297,76077"
"37,11000";"18,50851";"279,45178"
"37,12000";"18,49128";"249,34456"
"37,13000";"18,47097";"207,18434"
"37,14000";"18,44913";"157,53282"
"37,15000";"18,42741";"107,72098"
"37,16000";"18,40616";"64,18891"
"37,17000";"18,38562";"30,81993"
"37,18000";"18,36590";"8,87484"
"37,19000";"18,34701";"-2,86487"
"37,20000";"18,32883";"-6,63069"
"37,21000";"18,31113";"-5,00455"
"37,22000";"18,29424";"-1,37892"
"37,23000";"18,27783";"1,93860"
"37,24000";"18,26154";"4,03702"
"37,25000";"18,24560";"4,84165"
"37,26000";"18,22990";"4,70449"
"37,27000";"18,21432";"4,01965"
"37,28000";"18,19885";"3,11666"
"37,29000";"18,18339";"2,22684"
"37,30000";"18,16828";"1,45721"
"37,31000";"18,15317";"0,83534"
"37,32000";"18,13794";"0,30526"
"37,33000";"18,12283";"-0,14813"
"37,34000";"18,10795";"-0,52478"
"37,35000";"18,09308";"-0,83431"
"37,36000";"18,07808";"-1,10320"
"37,37000";"18,06285";"-1,35642"
"37,38000";"18,04751";"-1,59081"
"37,39000";"18,03228";"-1,80152"
"37,40000";"18,01717";"-1,98898"
"37,41000";"18,00194";"-2,15111"
"37,42000";"17,98695";"-2,29094"
"37,43000";"17,97195";"-2,40339"
"37,44000";"17,95684";"-2,48594"
"37,45000";"17,94185";"-2,55211"
"37,46000";"17,92686";"-2,61568"
"37,47000";"17,91198";"-2,66560"
"37,48000";"17,89710";"-2,70645"
"37,49000";"17,88211";"-2,73934"
"37,50000";"17,86700";"-2,76918"
"37,51000";"17,85177";"-2,80078"
"37,52000";"17,83666";"-2,81511"
"37,53000";"17,82178";"-2,81853"
"37,54000";"17,80679";"-2,81895"
"37,55000";"17,79192";"-2,81428"
"37,56000";"17,77704";"-2,79639"
"37,57000";"17,76217";"-2,76670"
"37,58000";"17,74706";"-2,72391"
"37,59000";"17,73195";"-2,68162"
"37,60000";"17,71695";"-2,64394"
"37,61000";"17,70196";"-2,60147"
"37,62000";"17,68696";"-2,55182"
"37,63000";"17,67186";"-2,49476"
"37,64000";"17,65686";"-2,43401"
"37,65000";"17,64187";"-2,37056"
"37,66000";"17,62688";"-2,30744"
"37,67000";"17,61176";"-2,24551"
"37,68000";"17,59689";"-2,18594"
"37,69000";"17,58201";"-2,12908"
"37,70000";"17,56714";"-2,07584"
"37,71000";"17,55215";"-2,02352"
"37,72000";"17,53715";"-1,98103"
"37,73000";"17,52228";"-1,93186"
"37,74000";"17,50717";"-1,87723"
"37,75000";"17,49194";"-1,83418"
"37,76000";"17,47706";"-1,79301"
"37,77000";"17,46207";"-1,74176"
"37,78000";"17,44719";"-1,68360"
"37,79000";"17,43209";"-1,62798"
"37,80000";"17,41709";"-1,58192"
"37,81000";"17,40210";"-1,53110"
"37,82000";"17,38711";"-1,48411"
"37,83000";"17,37188";"-1,44040"
"37,84000";"17,35688";"-1,39778"
"37,85000";"17,34201";"-1,35985"
"37,86000";"17,32701";"-1,32223"
"37,87000";"17,31190";"-1,29488"
"37,88000";"17,29691";"-1,26110"
"37,89000";"17,28204";"-1,22782"
"37,90000";"17,26692";"-1,19004"
"37,91000";"17,25193";"-1,14448"
"37,92000";"17,23694";"-1,09983"
"37,93000";"17,22194";"-1,06163"
"37,94000";"17,20707";"-1,02922"
"37,95000";"17,19208";"-0,99925"
"37,96000";"17,17708";"-0,97230"
"37,97000";"17,16209";"-0,94717"
"37,98000";"17,14710";"-0,91174"
"37,99000";"17,13199";"-0,87315"
"38,00000";"17,11699";"-0,84898"
"38,01000";"17,10200";"-0,83309"
"38,02000";"17,08713";"-0,82081"
"38,03000";"17,07213";"-0,80364"
"38,04000";"17,05702";"-0,77622"
"38,05000";"17,04203";"-0,74829"
"38,06000";"17,02703";"-0,71701"
"38,07000";"17,01192";"-0,68132"
"38,08000";"16,99693";"-0,65692"
"38,09000";"16,98194";"-0,64270"
"38,10000";"16,96706";"-0,62409"
"38,11000";"16,95207";"-0,60784"
"38,12000";"16,93696";"-0,59733"
"38,13000";"16,92196";"-0,59343"
"38,14000";"16,90686";"-0,59458"
"38,15000";"16,89186";"-0,58347"
"38,16000";"16,87687";"-0,57270"
"38,17000";"16,86176";"-0,56628"
"38,18000";"16,84688";"-0,56005"
"38,19000";"16,83189";"-0,55548"
"38,20000";"16,81689";"-0,55036"
"38,21000";"16,80190";"-0,54875"
"38,22000";"16,78679";"-0,54701"
"38,23000";"16,77180";"-0,53945"
"38,24000";"16,75692";"-0,52553"
"38,25000";"16,74193";"-0,50705"
"38,26000";"16,72706";"-0,49551"
"38,27000";"16,71218";"-0,49377"
"38,28000";"16,69707";"-0,48954"
"38,29000";"16,68196";"-0,48381"
"38,30000";"16,66697";"-0,47603"
"38,31000";"16,65209";"-0,47824"
"38,32000";"16,63710";"-0,47654"
"38,33000";"16,62211";"-0,47351"
"38,34000";"16,60699";"-0,47300"
"38,35000";"16,59200";"-0,47410"
"38,36000";"16,57689";"-0,47331"
"38,37000";"16,56178";"-0,46981"
"38,38000";"16,54667";"-0,47044"
"38,39000";"16,53179";"-0,46688"
"38,40000";"16,51692";"-0,45625"
"38,41000";"16,50204";"-0,44989"
"38,42000";"16,48705";"-0,44520"
"38,43000";"16,47206";"-0,43993"
"38,44000";"16,45706";"-0,43869"
"38,45000";"16,44195";"-0,44135"
"38,46000";"16,42696";"-0,43629"
"38,47000";"16,41208";"-0,43789"
"38,48000";"16,39721";"-0,42892"
"38,49000";"16,38222";"-0,41999"
"38,50000";"16,36710";"-0,41701"
"38,51000";"16,35211";"-0,41754"
"38,52000";"16,33712";"-0,41447"
"38,53000";"16,32212";"-0,40759"
"38,54000";"16,30701";"-0,40716"
"38,55000";"16,29202";"-0,41119"
"38,56000";"16,27715";"-0,41239"
"38,57000";"16,26227";"-0,40659"
"38,58000";"16,24716";"-0,40193"
"38,59000";"16,23205";"-0,39849"
"38,60000";"16,21717";"-0,38870"
"38,61000";"16,20218";"-0,37831"
"38,62000";"16,18707";"-0,36953"
"38,63000";"16,17208";"-0,36814"
"38,64000";"16,15720";"-0,36307"
"38,65000";"16,14221";"-0,34511"
"38,66000";"16,12710";"-0,32328"
"38,67000";"16,11187";"-0,30939"
"38,68000";"16,09687";"-0,30509"
"38,69000";"16,08177";"-0,29526"
"38,70000";"16,06665";"-0,29286"
"38,71000";"16,05166";"-0,29562"
"38,72000";"16,03679";"-0,30014"
"38,73000";"16,02203";"-0,30730"
"38,74000";"16,00715";"-0,31422"
"38,75000";"15,99192";"-0,30819"
"38,76000";"15,97693";"-0,30490"
"38,77000";"15,96206";"-0,30032"
"38,78000";"15,94718";"-0,29643"
"38,79000";"15,93207";"-0,29063"
"38,80000";"15,91708";"-0,29388"
"38,81000";"15,90220";"-0,30566"
"38,82000";"15,88721";"-0,30423"
"38,83000";"15,87210";"-0,30384"
"38,84000";"15,85710";"-0,29998"
"38,85000";"15,84211";"-0,29671"
"38,86000";"15,82712";"-0,29023"
"38,87000";"15,81213";"-0,28605"
"38,88000";"15,79702";"-0,28457"
"38,89000";"15,78214";"-0,28973"
"38,90000";"15,76715";"-0,28876"
"38,91000";"15,75215";"-0,29148"
"38,92000";"15,73704";"-0,29592"
"38,93000";"15,72205";"-0,29739"
"38,94000";"15,70706";"-0,29657"
"38,95000";"15,69206";"-0,29330"
"38,96000";"15,67707";"-0,29184"
"38,97000";"15,66220";"-0,29824"
"38,98000";"15,64720";"-0,30680"
"38,99000";"15,63221";"-0,31323"
"39,00000";"15,61698";"-0,30579"
"39,01000";"15,60187";"-0,29240"
"39,02000";"15,58687";"-0,28048"
"39,03000";"15,57176";"-0,27868"
"39,04000";"15,55689";"-0,29048"
"39,05000";"15,54190";"-0,29498"
"39,06000";"15,52702";"-0,29960"
"39,07000";"15,51203";"-0,30372"
"39,08000";"15,49692";"-0,31624"
"39,09000";"15,48180";"-0,32030"
"39,10000";"15,46681";"-0,31704"
"39,11000";"15,45194";"-0,30513"
"39,12000";"15,43694";"-0,29262"
"39,13000";"15,42195";"-0,29008"
"39,14000";"15,40696";"-0,28239"
"39,15000";"15,39208";"-0,27796"
"39,16000";"15,37697";"-0,27447"
"39,17000";"15,36186";"-0,28023"
"39,18000";"15,34687";"-0,28987"
"39,19000";"15,33211";"-0,28950"
"39,20000";"15,31712";"-0,28087"
"39,21000";"15,30201";"-0,27006"
"39,22000";"15,28701";"-0,26270"
"39,23000";"15,27214";"-0,25912"
"39,24000";"15,25715";"-0,25206"
"39,25000";"15,24203";"-0,25693"
"39,26000";"15,22716";"-0,25925"
"39,27000";"15,21217";"-0,26054"
"39,28000";"15,19717";"-0,25489"
"39,29000";"15,18218";"-0,24716"
"39,30000";"15,16707";"-0,24808"
"39,31000";"15,15219";"-0,24798"
"39,32000";"15,13720";"-0,24789"
"39,33000";"15,12197";"-0,24426"
"39,34000";"15,10698";"-0,23582"
"39,35000";"15,09210";"-0,22749"
"39,36000";"15,07723";"-0,22217"
"39,37000";"15,06223";"-0,21785"
"39,38000";"15,04713";"-0,22245"
"39,39000";"15,03201";"-0,22398"
"39,40000";"15,01702";"-0,22944"
"39,41000";"15,00203";"-0,23164"
"39,42000";"14,98692";"-0,22901"
"39,43000";"14,97204";"-0,22664"
"39,44000";"14,95728";"-0,22371"
"39,45000";"14,94217";"-0,22424"
"39,46000";"14,92718";"-0,22335"
"39,47000";"14,91219";"-0,21488"
"39,48000";"14,89719";"-0,20686"
"39,49000";"14,88232";"-0,19413"
"39,50000";"14,86721";"-0,18971"
"39,51000";"14,85222";"-0,18611"
"39,52000";"14,83734";"-0,18840"
"39,53000";"14,82223";"-0,18883"
"39,54000";"14,80712";"-0,18859"
"39,55000";"14,79201";"-0,19495"
"39,56000";"14,77713";"-0,19840"
"39,57000";"14,76226";"-0,18670"
"39,58000";"14,74714";"-0,17259"
"39,59000";"14,73215";"-0,16654"
"39,60000";"14,71716";"-0,15667"
"39,61000";"14,70228";"-0,15020"
"39,62000";"14,68717";"-0,15337"
"39,63000";"14,67194";"-0,16336"
"39,64000";"14,65695";"-0,16959"
"39,65000";"14,64208";"-0,17264"
"39,66000";"14,62697";"-0,17234"
"39,67000";"14,61197";"-0,17145"
"39,68000";"14,59698";"-0,17263"
"39,69000";"14,58199";"-0,16920"
"39,70000";"14,56687";"-0,16317"
"39,71000";"14,55165";"-0,16401"
"39,72000";"14,53677";"-0,16582"
"39,73000";"14,52201";"-0,16072"
"39,74000";"14,50690";"-0,15423"
"39,75000";"14,49179";"-0,14572"
"39,76000";"14,47680";"-0,14209"
"39,77000";"14,46192";"-0,14454"
"39,78000";"14,44693";"-0,14430"
"39,79000";"14,43182";"-0,15011"
"39,80000";"14,41683";"-0,15007"
"39,81000";"14,40207";"-0,15374"
"39,82000";"14,38708";"-0,15429"
"39,83000";"14,37185";"-0,15249"
"39,84000";"14,35674";"-0,15055"
"39,85000";"14,34174";"-0,14757"
"39,86000";"14,32675";"-0,14354"
"39,87000";"14,31152";"-0,14490"
"39,88000";"14,29665";"-0,13875"
"39,89000";"14,28189";"-0,13628"
"39,90000";"14,26701";"-0,14067"
"39,91000";"14,25202";"-0,14159"
"39,92000";"14,23691";"-0,14372"
"39,93000";"14,22192";"-0,14193"
"39,94000";"14,20692";"-0,13501"
"39,95000";"14,19181";"-0,12680"
"39,96000";"14,17670";"-0,13144"
"39,97000";"14,16194";"-0,14012"
"39,98000";"14,14707";"-0,13846"
"39,99000";"14,13208";"-0,14077"
"40,00000";"14,11697";"-0,13967"
"40,01000";"14,10197";"-0,13198"
"40,02000";"14,08698";"-0,11975"
"40,03000";"14,07187";"-0,10673"
"40,04000";"14,05688";"-0,09828"
"40,05000";"14,04188";"-0,09754"
"40,06000";"14,02713";"-0,09996"
"40,07000";"14,01213";"-0,10041"
"40,08000";"13,99714";"-0,09035"
"40,09000";"13,98226";"-0,09355"
"40,10000";"13,96739";"-0,09487"
"40,11000";"13,95228";"-0,09184"
"40,12000";"13,93717";"-0,08700"
"40,13000";"13,92217";"-0,08859"
"40,14000";"13,90730";"-0,08470"
"40,15000";"13,89231";"-0,07944"
"40,16000";"13,87708";"-0,07749"
"40,17000";"13,86196";"-0,08139"
"40,18000";"13,84709";"-0,08542"
"40,19000";"13,83210";"-0,08586"
"40,20000";"13,81722";"-0,08745"
"40,21000";"13,80211";"-0,08722"
"40,22000";"13,78724";"-0,08563"
"40,23000";"13,77224";"-0,07883"
"40,24000";"13,75701";"-0,07126"
"40,25000";"13,74190";"-0,06916"
"40,26000";"13,72679";"-0,06828"
"40,27000";"13,71180";"-0,06810"
"40,28000";"13,69681";"-0,06692"
"40,29000";"13,68181";"-0,06875"
"40,30000";"13,66694";"-0,06960"
"40,31000";"13,65218";"-0,07186"
"40,32000";"13,63707";"-0,06997"
"40,33000";"13,62196";"-0,07460"
"40,34000";"13,60685";"-0,08114"
"40,35000";"13,59197";"-0,08731"
"40,36000";"13,57710";"-0,09024"
"40,37000";"13,56199";"-0,09587"
"40,38000";"13,54699";"-0,08994"
"40,39000";"13,53200";"-0,07440"
"40,40000";"13,51701";"-0,06573"
"40,41000";"13,50178";"-0,06547"
"40,42000";"13,48667";"-0,06920"
"40,43000";"13,47179";"-0,07199"
"40,44000";"13,45692";"-0,07090"
"40,45000";"13,44192";"-0,07435"
"40,46000";"13,42693";"-0,07783"
"40,47000";"13,41206";"-0,08311"
"40,48000";"13,39706";"-0,08673"
"40,49000";"13,38207";"-0,09162"
"40,50000";"13,36684";"-0,08472"
"40,51000";"13,35197";"-0,07847"
"40,52000";"13,33709";"-0,07703"
"40,53000";"13,32210";"-0,07790"
"40,54000";"13,30699";"-0,07614"
"40,55000";"13,29211";"-0,07790"
"40,56000";"13,27712";"-0,08760"
"40,57000";"13,26201";"-0,08837"
"40,58000";"13,24678";"-0,08350"
"40,59000";"13,23178";"-0,07906"
"40,60000";"13,21691";"-0,07536"
"40,61000";"13,20203";"-0,07415"
"40,62000";"13,18692";"-0,06840"
"40,63000";"13,17193";"-0,06758"
"40,64000";"13,15694";"-0,07205"
"40,65000";"13,14194";"-0,07754"
"40,66000";"13,12671";"-0,08668"
"40,67000";"13,11172";"-0,09003"
"40,68000";"13,09697";"-0,08095"
"40,69000";"13,08209";"-0,07918"
"40,70000";"13,06698";"-0,07049"
"40,71000";"13,05199";"-0,06093"
"40,72000";"13,03699";"-0,05988"
"40,73000";"13,02200";"-0,06730"
"40,74000";"13,00689";"-0,06712"
"40,75000";"12,99178";"-0,07058"
"40,76000";"12,97690";"-0,07540"
"40,77000";"12,96203";"-0,07791"
"40,78000";"12,94715";"-0,08125"
"40,79000";"12,93204";"-0,07648"
"40,80000";"12,91705";"-0,07261"
"40,81000";"12,90217";"-0,07775"
"40,82000";"12,88706";"-0,08241"
"40,83000";"12,87195";"-0,08098"
"40,84000";"12,85708";"-0,07954"
"40,85000";"12,84220";"-0,06736"
"40,86000";"12,82709";"-0,05417"
"40,87000";"12,81198";"-0,05977"
"40,88000";"12,79699";"-0,06981"
"40,89000";"12,78199";"-0,07609"
"40,90000";"12,76700";"-0,07708"
"40,91000";"12,75189";"-0,07797"
"40,92000";"12,73690";"-0,08119"
"40,93000";"12,72202";"-0,07781"
"40,94000";"12,70715";"-0,05983"
"40,95000";"12,69192";"-0,04303"
"40,96000";"12,67681";"-0,03959"
"40,97000";"12,66193";"-0,04195"
"40,98000";"12,64682";"-0,04123"
"40,99000";"12,63183";"-0,03991"
"41,00000";"12,61683";"-0,04635"
"41,01000";"12,60184";"-0,05340"
"41,02000";"12,58685";"-0,04835"
"41,03000";"12,57185";"-0,04303"
"41,04000";"12,55686";"-0,04535"
"41,05000";"12,54187";"-0,05119"
"41,06000";"12,52688";"-0,05743"
"41,07000";"12,51188";"-0,06237"
"41,08000";"12,49689";"-0,06692"
"41,09000";"12,48201";"-0,06951"
"41,10000";"12,46702";"-0,07020"
"41,11000";"12,45203";"-0,07023"
"41,12000";"12,43704";"-0,06768"
"41,13000";"12,42192";"-0,06469"
"41,14000";"12,40693";"-0,06284"
"41,15000";"12,39206";"-0,06136"
"41,16000";"12,37706";"-0,05838"
"41,17000";"12,36195";"-0,05882"
"41,18000";"12,34696";"-0,06132"
"41,19000";"12,33208";"-0,06442"
"41,20000";"12,31697";"-0,06781"
"41,21000";"12,30174";"-0,07161"
"41,22000";"12,28675";"-0,07427"
"41,23000";"12,27188";"-0,07417"
"41,24000";"12,25688";"-0,06403"
"41,25000";"12,24189";"-0,05862"
"41,26000";"12,22701";"-0,04835"
"41,27000";"12,21202";"-0,03940"
"41,28000";"12,19703";"-0,03442"
"41,29000";"12,18180";"-0,03078"
"41,30000";"12,16681";"-0,03630"
"41,31000";"12,15193";"-0,04419"
"41,32000";"12,13694";"-0,04941"
"41,33000";"12,12194";"-0,04883"
"41,34000";"12,10695";"-0,05266"
"41,35000";"12,09219";"-0,05216"
"41,36000";"12,07720";"-0,04904"
"41,37000";"12,06209";"-0,05046"
"41,38000";"12,04710";"-0,05705"
"41,39000";"12,03222";"-0,06504"
"41,40000";"12,01723";"-0,06201"
"41,41000";"12,00212";"-0,05829"
"41,42000";"11,98701";"-0,05361"
"41,43000";"11,97201";"-0,05637"
"41,44000";"11,95702";"-0,06020"
"41,45000";"11,94191";"-0,06374"
"41,46000";"11,92692";"-0,06484"
"41,47000";"11,91204";"-0,06599"
"41,48000";"11,89705";"-0,06498"
"41,49000";"11,88206";"-0,06255"
"41,50000";"11,86695";"-0,06234"
"41,51000";"11,85195";"-0,06028"
"41,52000";"11,83696";"-0,05847"
"41,53000";"11,82185";"-0,05571"
"41,54000";"11,80685";"-0,05641"
"41,55000";"11,79186";"-0,05978"
"41,56000";"11,77699";"-0,05798"
"41,57000";"11,76187";"-0,05326"
"41,58000";"11,74676";"-0,04781"
"41,59000";"11,73177";"-0,04821"
"41,60000";"11,71690";"-0,05734"
"41,61000";"11,70190";"-0,05721"
"41,62000";"11,68691";"-0,05986"
"41,63000";"11,67192";"-0,06143"
"41,64000";"11,65693";"-0,05911"
"41,65000";"11,64193";"-0,05627"
"41,66000";"11,62706";"-0,05478"
"41,67000";"11,61195";"-0,05325"
"41,68000";"11,59695";"-0,05232"
"41,69000";"11,58196";"-0,04584"
"41,70000";"11,56708";"-0,04091"
"41,71000";"11,55197";"-0,03875"
"41,72000";"11,53710";"-0,04367"
"41,73000";"11,52210";"-0,04306"
"41,74000";"11,50699";"-0,04337"
"41,75000";"11,49200";"-0,04805"
"41,76000";"11,47701";"-0,05387"
"41,77000";"11,46201";"-0,05626"
"41,78000";"11,44714";"-0,05230"
"41,79000";"11,43215";"-0,04428"
"41,80000";"11,41715";"-0,04225"
"41,81000";"11,40216";"-0,04649"
"41,82000";"11,38717";"-0,05115"
"41,83000";"11,37194";"-0,05802"
"41,84000";"11,35683";"-0,06052"
"41,85000";"11,34183";"-0,06364"
"41,86000";"11,32696";"-0,06272"
"41,87000";"11,31185";"-0,05345"
"41,88000";"11,29685";"-0,03550"
"41,89000";"11,28198";"-0,02454"
"41,90000";"11,26699";"-0,02747"
"41,91000";"11,25199";"-0,02919"
"41,92000";"11,23700";"-0,03262"
"41,93000";"11,22201";"-0,03775"
"41,94000";"11,20713";"-0,03935"
"41,95000";"11,19202";"-0,03625"
"41,96000";"11,17691";"-0,03418"
"41,97000";"11,16192";"-0,03972"
"41,98000";"11,14704";"-0,04830"
"41,99000";"11,13205";"-0,05205"
"42,00000";"11,11694";"-0,04771"
"42,01000";"11,10194";"-0,05133"
"42,02000";"11,08707";"-0,05307"
"42,03000";"11,07208";"-0,05383"
"42,04000";"11,05696";"-0,05578"
"42,05000";"11,04197";"-0,05437"
"42,06000";"11,02686";"-0,04836"
"42,07000";"11,01187";"-0,04509"
"42,08000";"10,99688";"-0,03705"
"42,09000";"10,98188";"-0,03636"
"42,10000";"10,96701";"-0,03686"
"42,11000";"10,95213";"-0,03961"
"42,12000";"10,93714";"-0,04708"
"42,13000";"10,92203";"-0,04923"
"42,14000";"10,90703";"-0,04359"
"42,15000";"10,89192";"-0,03936"
"42,16000";"10,87681";"-0,03932"
"42,17000";"10,86182";"-0,04344"
"42,18000";"10,84683";"-0,03928"
"42,19000";"10,83195";"-0,03407"
"42,20000";"10,81684";"-0,02526"
"42,21000";"10,80185";"-0,01871"
"42,22000";"10,78686";"-0,01760"
"42,23000";"10,77186";"-0,01986"
"42,24000";"10,75699";"-0,02696"
"42,25000";"10,74188";"-0,03151"
"42,26000";"10,72700";"-0,03511"
"42,27000";"10,71213";"-0,03353"
"42,28000";"10,69725";"-0,02416"
"42,29000";"10,68214";"-0,01575"
"42,30000";"10,66715";"-0,02046"
"42,31000";"10,65215";"-0,02161"
"42,32000";"10,63716";"-0,02036"
"42,33000";"10,62217";"-0,02285"
"42,34000";"10,60717";"-0,02925"
"42,35000";"10,59230";"-0,02964"
"42,36000";"10,57731";"-0,02414"
"42,37000";"10,56219";"-0,02275"
"42,38000";"10,54708";"-0,02308"
"42,39000";"10,53209";"-0,02885"
"42,40000";"10,51722";"-0,02947"
"42,41000";"10,50234";"-0,02798"
"42,42000";"10,48723";"-0,02357"
"42,43000";"10,47235";"-0,02602"
"42,44000";"10,45736";"-0,02919"
"42,45000";"10,44225";"-0,02806"
"42,46000";"10,42714";"-0,02751"
"42,47000";"10,41215";"-0,02712"
"42,48000";"10,39715";"-0,01721"
"42,49000";"10,38216";"-0,01078"
"42,50000";"10,36705";"-0,01604"
"42,51000";"10,35206";"-0,03355"
"42,52000";"10,33706";"-0,04301"
"42,53000";"10,32207";"-0,04356"
"42,54000";"10,30696";"-0,03931"
"42,55000";"10,29197";"-0,03413"
"42,56000";"10,27697";"-0,02717"
"42,57000";"10,26210";"-0,02287"
"42,58000";"10,24699";"-0,01825"
"42,59000";"10,23199";"-0,01797"
"42,60000";"10,21712";"-0,01741"
"42,61000";"10,20224";"-0,01979"
"42,62000";"10,18713";"-0,01863"
"42,63000";"10,17202";"-0,02080"
"42,64000";"10,15703";"-0,02698"
"42,65000";"10,14192";"-0,03236"
"42,66000";"10,12681";"-0,03492"
"42,67000";"10,11181";"-0,03275"
"42,68000";"10,09670";"-0,02857"
"42,69000";"10,08183";"-0,01649"
"42,70000";"10,06671";"-0,00728"
"42,71000";"10,05172";"-0,00153"
"42,72000";"10,03673";"-0,00289"
"42,73000";"10,02185";"-0,00409"
"42,74000";"10,00686";"-0,00885"
"42,75000";"9,99187";"-0,01948"
"42,76000";"9,97688";"-0,02585"
"42,77000";"9,96200";"-0,02625"
"42,78000";"9,94701";"-0,02164"
"42,79000";"9,93190";"-0,02388"
"42,80000";"9,91690";"-0,03008"
"42,81000";"9,90203";"-0,02819"
"42,82000";"9,88703";"-0,02476"
"42,83000";"9,87192";"-0,02793"
"42,84000";"9,85681";"-0,02571"
"42,85000";"9,84194";"-0,02397"
"42,86000";"9,82695";"-0,02264"
"42,87000";"9,81183";"-0,01947"
"42,88000";"9,79684";"-0,01525"
"42,89000";"9,78208";"-0,01330"
"42,90000";"9,76721";"-0,00551"
"42,91000";"9,75210";"-0,01163"
"42,92000";"9,73710";"-0,02054"
"42,93000";"9,72211";"-0,02259"
"42,94000";"9,70724";"-0,01930"
"42,95000";"9,69213";"-0,01994"
"42,96000";"9,67701";"-0,03023"
"42,97000";"9,66214";"-0,02906"
"42,98000";"9,64726";"-0,02010"
"42,99000";"9,63215";"-0,00979"
"43,00000";"9,61704";"0,00167"
"43,01000";"9,60205";"0,00217"
"43,02000";"9,58706";"0,00031"
"43,03000";"9,57206";"-0,00579"
"43,04000";"9,55707";"-0,01120"
"43,05000";"9,54208";"-0,02009"
"43,06000";"9,52720";"-0,01963"
"43,07000";"9,51221";"-0,02080"
"43,08000";"9,49710";"-0,03070"
"43,09000";"9,48199";"-0,03124"
"43,10000";"9,46711";"-0,02796"
"43,11000";"9,45212";"-0,01897"
"43,12000";"9,43701";"-0,01415"
"43,13000";"9,42201";"-0,00832"
"43,14000";"9,40726";"0,00020"
"43,15000";"9,39215";"0,00251"
"43,16000";"9,37704";"0,00655"
"43,17000";"9,36192";"0,00318"
"43,18000";"9,34705";"-0,01221"
"43,19000";"9,33217";"-0,02199"
"43,20000";"9,31694";"-0,02717"
"43,21000";"9,30195";"-0,02748"
"43,22000";"9,28708";"-0,02618"
"43,23000";"9,27220";"-0,01619"
"43,24000";"9,25709";"-0,00774"
"43,25000";"9,24198";"-0,00487"
"43,26000";"9,22687";"-0,00022"
"43,27000";"9,21199";"-0,00225"
"43,28000";"9,19700";"-0,00022"
"43,29000";"9,18189";"-0,00070"
"43,30000";"9,16701";"-0,01017"
"43,31000";"9,15214";"-0,00988"
"43,32000";"9,13703";"-0,00913"
"43,33000";"9,12192";"-0,00766"
"43,34000";"9,10692";"-0,00183"
"43,35000";"9,09205";"0,00383"
"43,36000";"9,07717";"0,01046"
"43,37000";"9,06206";"0,00754"
"43,38000";"9,04695";"-0,00251"
"43,39000";"9,03208";"-0,01353"
"43,40000";"9,01708";"-0,01534"
"43,41000";"9,00185";"-0,00875"
"43,42000";"8,98674";"-0,00933"
"43,43000";"8,97187";"-0,00064"
"43,44000";"8,95699";"0,00025"
"43,45000";"8,94188";"-0,00461"
"43,46000";"8,92689";"-0,00808"
"43,47000";"8,91190";"-0,01339"
"43,48000";"8,89702";"-0,02057"
"43,49000";"8,88191";"-0,02387"
"43,50000";"8,86680";"-0,02513"
"43,51000";"8,85192";"-0,02304"
"43,52000";"8,83717";"-0,01977"
"43,53000";"8,82217";"-0,02396"
"43,54000";"8,80694";"-0,02206"
"43,55000";"8,79195";"-0,02066"
"43,56000";"8,77696";"-0,01524"
"43,57000";"8,76197";"-0,00794"
"43,58000";"8,74685";"-0,00392"
"43,59000";"8,73198";"-0,00482"
"43,60000";"8,71710";"-0,01234"
"43,61000";"8,70223";"-0,01667"
"43,62000";"8,68712";"-0,02195"
"43,63000";"8,67201";"-0,02372"
"43,64000";"8,65713";"-0,01492"
"43,65000";"8,64214";"-0,00663"
"43,66000";"8,62703";"0,00122"
"43,67000";"8,61203";"-0,00064"
"43,68000";"8,59716";"-0,00957"
"43,69000";"8,58240";"-0,01668"
"43,70000";"8,56729";"-0,02037"
"43,71000";"8,55206";"-0,02180"
"43,72000";"8,53707";"-0,02478"
"43,73000";"8,52196";"-0,02440"
"43,74000";"8,50685";"-0,01721"
"43,75000";"8,49185";"-0,01155"
"43,76000";"8,47686";"-0,01542"
"43,77000";"8,46199";"-0,02431"
"43,78000";"8,44687";"-0,03030"
"43,79000";"8,43176";"-0,03318"
"43,80000";"8,41665";"-0,02851"
"43,81000";"8,40166";"-0,01783"
"43,82000";"8,38679";"-0,01671"
"43,83000";"8,37179";"-0,02347"
"43,84000";"8,35680";"-0,02359"
"43,85000";"8,34204";"-0,01547"
"43,86000";"8,32705";"-0,01354"
"43,87000";"8,31194";"-0,00847"
"43,88000";"8,29695";"-0,00316"
"43,89000";"8,28183";"0,00406"
"43,90000";"8,26696";"0,00681"
"43,91000";"8,25185";"0,00050"
"43,92000";"8,23685";"-0,01151"
"43,93000";"8,22186";"-0,01143"
"43,94000";"8,20687";"-0,01427"
"43,95000";"8,19176";"-0,00717"
"43,96000";"8,17665";"-0,00607"
"43,97000";"8,16177";"-0,00840"
"43,98000";"8,14701";"-0,00509"
"43,99000";"8,13190";"-0,00552"
"44,00000";"8,11691";"-0,00730"
"44,01000";"8,10192";"-0,01205"
"44,02000";"8,08704";"-0,01916"
"44,03000";"8,07193";"-0,01730"
"44,04000";"8,05682";"-0,01763"
"44,05000";"8,04183";"-0,01644"
"44,06000";"8,02707";"-0,01067"
"44,07000";"8,01208";"-0,00126"
"44,08000";"7,99708";"-0,00073"
"44,09000";"7,98209";"-0,00342"
"44,10000";"7,96710";"0,00223"
"44,11000";"7,95210";"0,00563"
"44,12000";"7,93699";"-0,00578"
"44,13000";"7,92200";"-0,01502"
"44,14000";"7,90712";"-0,01596"
"44,15000";"7,89213";"-0,01663"
"44,16000";"7,87714";"-0,01208"
"44,17000";"7,86203";"-0,01170"
"44,18000";"7,84704";"-0,01059"
"44,19000";"7,83204";"-0,01392"
"44,20000";"7,81681";"-0,01666"
"44,21000";"7,80182";"-0,01981"
"44,22000";"7,78694";"-0,02118"
"44,23000";"7,77207";"-0,01820"
"44,24000";"7,75719";"-0,01214"
"44,25000";"7,74208";"-0,00910"
"44,26000";"7,72709";"-0,00729"
"44,27000";"7,71210";"-0,00590"
"44,28000";"7,69710";"-0,00398"
"44,29000";"7,68199";"-0,00828"
"44,30000";"7,66700";"-0,00600"
"44,31000";"7,65212";"-0,00019"
"44,32000";"7,63713";"0,00055"
"44,33000";"7,62214";"-0,00033"
"44,34000";"7,60703";"-0,00583"
"44,35000";"7,59203";"-0,01116"
"44,36000";"7,57704";"-0,00890"
"44,37000";"7,56181";"-0,00836"
"44,38000";"7,54682";"-0,01194"
"44,39000";"7,53194";"-0,01850"
"44,40000";"7,51707";"-0,02587"
"44,41000";"7,50196";"-0,02626"
"44,42000";"7,48697";"-0,02331"
"44,43000";"7,47185";"-0,02961"
"44,44000";"7,45686";"-0,02824"
"44,45000";"7,44187";"-0,02411"
"44,46000";"7,42687";"-0,02061"
"44,47000";"7,41188";"-0,01169"
"44,48000";"7,39689";"-0,00591"
"44,49000";"7,38190";"-0,00853"
"44,50000";"7,36679";"-0,01473"
"44,51000";"7,35179";"-0,01362"
"44,52000";"7,33680";"-0,01696"
"44,53000";"7,32181";"-0,01739"
"44,54000";"7,30681";"-0,01944"
"44,55000";"7,29194";"-0,01610"
"44,56000";"7,27706";"-0,01467"
"44,57000";"7,26195";"-0,02493"
"44,58000";"7,24696";"-0,03145"
"44,59000";"7,23185";"-0,03771"
"44,60000";"7,21685";"-0,03894"
"44,61000";"7,20186";"-0,03329"
"44,62000";"7,18699";"-0,02762"
"44,63000";"7,17199";"-0,01582"
"44,64000";"7,15712";"-0,01032"
"44,65000";"7,14212";"-0,00267"
"44,66000";"7,12701";"0,00582"
"44,67000";"7,11202";"0,00851"
"44,68000";"7,09691";"0,00124"
"44,69000";"7,08204";"-0,01210"
"44,70000";"7,06704";"-0,01647"
"44,71000";"7,05205";"-0,02229"
"44,72000";"7,03694";"-0,02256"
"44,73000";"7,02194";"-0,02480"
"44,74000";"7,00683";"-0,02385"
"44,75000";"6,99184";"-0,02282"
"44,76000";"6,97697";"-0,01956"
"44,77000";"6,96209";"-0,01915"
"44,78000";"6,94722";"-0,01721"
"44,79000";"6,93222";"-0,01540"
"44,80000";"6,91723";"-0,01835"
"44,81000";"6,90224";"-0,01869"
"44,82000";"6,88724";"-0,01601"
"44,83000";"6,87201";"-0,00710"
"44,84000";"6,85702";"-0,01073"
"44,85000";"6,84203";"-0,01909"
"44,86000";"6,82715";"-0,02537"
"44,87000";"6,81204";"-0,02991"
"44,88000";"6,79705";"-0,03236"
"44,89000";"6,78206";"-0,02672"
"44,90000";"6,76706";"-0,02746"
"44,91000";"6,75195";"-0,01837"
"44,92000";"6,73684";"-0,01452"
"44,93000";"6,72197";"-0,00639"
"44,94000";"6,70709";"-0,00473"
"44,95000";"6,69210";"-0,00645"
"44,96000";"6,67710";"-0,00743"
"44,97000";"6,66223";"-0,00705"
"44,98000";"6,64712";"-0,00964"
"44,99000";"6,63189";"-0,00453"
"45,00000";"6,61678";"0,00161"
"45,01000";"6,60178";"0,00544"
"45,02000";"6,58691";"0,01474"
"45,03000";"6,57203";"0,01107"
"45,04000";"6,55692";"-0,00223"
"45,05000";"6,54193";"-0,01669"
"45,06000";"6,52694";"-0,02510"
"45,07000";"6,51183";"-0,02193"
"45,08000";"6,49683";"-0,01848"
"45,09000";"6,48184";"-0,01967"
"45,10000";"6,46696";"-0,02463"
"45,11000";"6,45209";"-0,02966"
"45,12000";"6,43710";"-0,03167"
"45,13000";"6,42210";"-0,03843"
"45,14000";"6,40711";"-0,04234"
"45,15000";"6,39212";"-0,04047"
"45,16000";"6,37712";"-0,03892"
"45,17000";"6,36201";"-0,04039"
"45,18000";"6,34702";"-0,03810"
"45,19000";"6,33215";"-0,03606"
"45,20000";"6,31703";"-0,03507"
"45,21000";"6,30204";"-0,02937"
"45,22000";"6,28693";"-0,02562"
"45,23000";"6,27206";"-0,02083"
"45,24000";"6,25718";"-0,01925"
"45,25000";"6,24231";"-0,01353"
"45,26000";"6,22731";"-0,00727"
"45,27000";"6,21232";"-0,01988"
"45,28000";"6,19709";"-0,02669"
"45,29000";"6,18186";"-0,02893"
"45,30000";"6,16663";"-0,02857"
"45,31000";"6,15164";"-0,02271"
"45,32000";"6,13665";"-0,01737"
"45,33000";"6,12177";"-0,01019"
"45,34000";"6,10678";"-0,01330"
"45,35000";"6,09202";"-0,02695"
"45,36000";"6,07703";"-0,04144"
"45,37000";"6,06192";"-0,04949"
"45,38000";"6,04692";"-0,04543"
"45,39000";"6,03193";"-0,03461"
"45,40000";"6,01694";"-0,02652"
"45,41000";"6,00194";"-0,01984"
"45,42000";"5,98695";"-0,02702"
"45,43000";"5,97196";"-0,02549"
"45,44000";"5,95708";"-0,02397"
"45,45000";"5,94197";"-0,01839"
"45,46000";"5,92686";"-0,01151"
"45,47000";"5,91199";"-0,02063"
"45,48000";"5,89711";"-0,02361"
"45,49000";"5,88212";"-0,01879"
"45,50000";"5,86701";"-0,01828"
"45,51000";"5,85201";"-0,02736"
"45,52000";"5,83702";"-0,03199"
"45,53000";"5,82203";"-0,02806"
"45,54000";"5,80703";"-0,02986"
"45,55000";"5,79204";"-0,03024"
"45,56000";"5,77717";"-0,02997"
"45,57000";"5,76229";"-0,02488"
"45,58000";"5,74706";"-0,02190"
"45,59000";"5,73207";"-0,02059"
"45,60000";"5,71719";"-0,02173"
"45,61000";"5,70220";"-0,01621"
"45,62000";"5,68697";"-0,01297"
"45,63000";"5,67186";"-0,01341"
"45,64000";"5,65699";"-0,01382"
"45,65000";"5,64211";"-0,01574"
"45,66000";"5,62700";"-0,02199"
"45,67000";"5,61189";"-0,02406"
"45,68000";"5,59690";"-0,02204"
"45,69000";"5,58190";"-0,02798"
"45,70000";"5,56679";"-0,02953"
"45,71000";"5,55180";"-0,02903"
"45,72000";"5,53692";"-0,02896"
"45,73000";"5,52205";"-0,03419"
"45,74000";"5,50717";"-0,03671"
"45,75000";"5,49206";"-0,03682"
"45,76000";"5,47707";"-0,02943"
"45,77000";"5,46208";"-0,03033"
"45,78000";"5,44697";"-0,03281"
"45,79000";"5,43185";"-0,03141"
"45,80000";"5,41698";"-0,03379"
"45,81000";"5,40210";"-0,03853"
"45,82000";"5,38711";"-0,03297"
"45,83000";"5,37212";"-0,02120"
"45,84000";"5,35701";"-0,01915"
"45,85000";"5,34213";"-0,02326"
"45,86000";"5,32714";"-0,02121"
"45,87000";"5,31215";"-0,01605"
"45,88000";"5,29715";"-0,01899"
"45,89000";"5,28216";"-0,02141"
"45,90000";"5,26717";"-0,02301"
"45,91000";"5,25206";"-0,02132"
"45,92000";"5,23706";"-0,02589"
"45,93000";"5,22207";"-0,03691"
"45,94000";"5,20708";"-0,04060"
"45,95000";"5,19208";"-0,03371"
"45,96000";"5,17697";"-0,02102"
"45,97000";"5,16210";"-0,01609"
"45,98000";"5,14722";"-0,01782"
"45,99000";"5,13211";"-0,02210"
"46,00000";"5,11700";"-0,02153"
"46,01000";"5,10189";"-0,02661"
"46,02000";"5,08701";"-0,02539"
"46,03000";"5,07202";"-0,02102"
"46,04000";"5,05703";"-0,02018"
"46,05000";"5,04215";"-0,02447"
"46,06000";"5,02728";"-0,02526"
"46,07000";"5,01217";"-0,02686"
"46,08000";"4,99706";"-0,02825"
"46,09000";"4,98183";"-0,02896"
"46,10000";"4,96683";"-0,02191"
"46,11000";"4,95184";"-0,01468"
"46,12000";"4,93673";"-0,01209"
"46,13000";"4,92174";"-0,01004"
"46,14000";"4,90686";"-0,00663"
"46,15000";"4,89187";"-0,00081"
"46,16000";"4,87676";"-0,00059"
"46,17000";"4,86176";"-0,00300"
"46,18000";"4,84677";"-0,01312"
"46,19000";"4,83201";"-0,01962"
"46,20000";"4,81702";"-0,02234"
"46,21000";"4,80203";"-0,02886"
"46,22000";"4,78715";"-0,03835"
"46,23000";"4,77228";"-0,04034"
"46,24000";"4,75717";"-0,03957"
"46,25000";"4,74206";"-0,04012"
"46,26000";"4,72694";"-0,03548"
"46,27000";"4,71219";"-0,03475"
"46,28000";"4,69719";"-0,02980"
"46,29000";"4,68220";"-0,02303"
"46,30000";"4,66697";"-0,01956"
"46,31000";"4,65222";"-0,01696"
"46,32000";"4,63722";"-0,01898"
"46,33000";"4,62199";"-0,02145"
"46,34000";"4,60688";"-0,02161"
"46,35000";"4,59201";"-0,02239"
"46,36000";"4,57713";"-0,02166"
"46,37000";"4,56214";"-0,02046"
"46,38000";"4,54703";"-0,02325"
"46,39000";"4,53227";"-0,02711"
"46,40000";"4,51740";"-0,03088"
"46,41000";"4,50228";"-0,03462"
"46,42000";"4,48717";"-0,03636"
"46,43000";"4,47230";"-0,03846"
"46,44000";"4,45742";"-0,03499"
"46,45000";"4,44231";"-0,02743"
"46,46000";"4,42720";"-0,02599"
"46,47000";"4,41209";"-0,02229"
"46,48000";"4,39710";"-0,01515"
"46,49000";"4,38210";"-0,01528"
"46,50000";"4,36699";"-0,02181"
"46,51000";"4,35200";"-0,03461"
"46,52000";"4,33712";"-0,03348"
"46,53000";"4,32225";"-0,02567"
"46,54000";"4,30714";"-0,02290"
"46,55000";"4,29215";"-0,02377"
"46,56000";"4,27715";"-0,02984"
"46,57000";"4,26216";"-0,03365"
"46,58000";"4,24717";"-0,03034"
"46,59000";"4,23217";"-0,02392"
"46,60000";"4,21742";"-0,02656"
"46,61000";"4,20254";"-0,02621"
"46,62000";"4,18731";"-0,02595"
"46,63000";"4,17208";"-0,02163"
"46,64000";"4,15709";"-0,01446"
"46,65000";"4,14222";"-0,01358"
"46,66000";"4,12710";"-0,01734"
"46,67000";"4,11199";"-0,02240"
"46,68000";"4,09700";"-0,03020"
"46,69000";"4,08213";"-0,02833"
"46,70000";"4,06701";"-0,02165"
"46,71000";"4,05190";"-0,02283"
"46,72000";"4,03679";"-0,02736"
"46,73000";"4,02203";"-0,02603"
"46,74000";"4,00704";"-0,01702"
"46,75000";"3,99181";"-0,02010"
"46,76000";"3,97682";"-0,02815"
"46,77000";"3,96194";"-0,03333"
"46,78000";"3,94683";"-0,03358"
"46,79000";"3,93160";"-0,02950"
"46,80000";"3,91673";"-0,02732"
"46,81000";"3,90197";"-0,02244"
"46,82000";"3,88698";"-0,02171"
"46,83000";"3,87187";"-0,02139"
"46,84000";"3,85676";"-0,03275"
"46,85000";"3,84176";"-0,03485"
"46,86000";"3,82677";"-0,03392"
"46,87000";"3,81154";"-0,03122"
"46,88000";"3,79655";"-0,03208"
"46,89000";"3,78167";"-0,03664"
"46,90000";"3,76692";"-0,03164"
"46,91000";"3,75181";"-0,02475"
"46,92000";"3,73681";"-0,02674"
"46,93000";"3,72170";"-0,03060"
"46,94000";"3,70683";"-0,02706"
"46,95000";"3,69172";"-0,01512"
"46,96000";"3,67649";"-0,00925"
"46,97000";"3,66161";"-0,01795"
"46,98000";"3,64697";"-0,03231"
"46,99000";"3,63198";"-0,03468"
"47,00000";"3,61687";"-0,02603"
"47,01000";"3,60199";"-0,02665"
"47,02000";"3,58700";"-0,02564"
"47,03000";"3,57201";"-0,02223"
"47,04000";"3,55690";"-0,02652"
"47,05000";"3,54190";"-0,02636"
"47,06000";"3,52715";"-0,02673"
"47,07000";"3,51215";"-0,01963"
"47,08000";"3,49704";"-0,01586"
"47,09000";"3,48193";"-0,02235"
"47,10000";"3,46717";"-0,02866"
"47,11000";"3,45206";"-0,03199"
"47,12000";"3,43707";"-0,02652"
"47,13000";"3,42208";"-0,02317"
"47,14000";"3,40732";"-0,02339"
"47,15000";"3,39244";"-0,02316"
"47,16000";"3,37722";"-0,02490"
"47,17000";"3,36210";"-0,02930"
"47,18000";"3,34711";"-0,03538"
"47,19000";"3,33212";"-0,03422"
"47,20000";"3,31689";"-0,03090"
"47,21000";"3,30190";"-0,03014"
"47,22000";"3,28702";"-0,03065"
"47,23000";"3,27226";"-0,02704"
"47,24000";"3,25715";"-0,01905"
"47,25000";"3,24204";"-0,01896"
"47,26000";"3,22693";"-0,02236"
"47,27000";"3,21206";"-0,01917"
"47,28000";"3,19706";"-0,01684"
"47,29000";"3,18195";"-0,02036"
"47,30000";"3,16696";"-0,01903"
"47,31000";"3,15197";"-0,01886"
"47,32000";"3,13685";"-0,02045"
"47,33000";"3,12174";"-0,02800"
"47,34000";"3,10675";"-0,03156"
"47,35000";"3,09187";"-0,02871"
"47,36000";"3,07700";"-0,03140"
"47,37000";"3,06201";"-0,02921"
"47,38000";"3,04701";"-0,02629"
"47,39000";"3,03214";"-0,01798"
"47,40000";"3,01715";"-0,02272"
"47,41000";"3,00203";"-0,02526"
"47,42000";"2,98692";"-0,02951"
"47,43000";"2,97193";"-0,03833"
"47,44000";"2,95706";"-0,04050"
"47,45000";"2,94206";"-0,04028"
"47,46000";"2,92707";"-0,02759"
"47,47000";"2,91208";"-0,02013"
"47,48000";"2,89708";"-0,01491"
"47,49000";"2,88197";"-0,01763"
"47,50000";"2,86686";"-0,01698"
"47,51000";"2,85187";"-0,01824"
"47,52000";"2,83699";"-0,01508"
"47,53000";"2,82200";"-0,01710"
"47,54000";"2,80689";"-0,02505"
"47,55000";"2,79201";"-0,02955"
"47,56000";"2,77702";"-0,03552"
"47,57000";"2,76191";"-0,03045"
"47,58000";"2,74680";"-0,02243"
"47,59000";"2,73181";"-0,02222"
"47,60000";"2,71693";"-0,02402"
"47,61000";"2,70194";"-0,02723"
"47,62000";"2,68683";"-0,02956"
"47,63000";"2,67183";"-0,02941"
"47,64000";"2,65696";"-0,02988"
"47,65000";"2,64185";"-0,02859"
"47,66000";"2,62674";"-0,03916"
"47,67000";"2,61174";"-0,04287"
"47,68000";"2,59687";"-0,03599"
"47,69000";"2,58199";"-0,02875"
"47,70000";"2,56700";"-0,02038"
"47,71000";"2,55189";"-0,01993"
"47,72000";"2,53690";"-0,02224"
"47,73000";"2,52202";"-0,02144"
"47,74000";"2,50679";"-0,01533"
"47,75000";"2,49180";"-0,01816"
"47,76000";"2,47704";"-0,02411"
"47,77000";"2,46228";"-0,03033"
"47,78000";"2,44717";"-0,03925"
"47,79000";"2,43206";"-0,04295"
"47,80000";"2,41695";"-0,04504"
"47,81000";"2,40208";"-0,04498"
"47,82000";"2,38685";"-0,04212"
"47,83000";"2,37174";"-0,04097"
"47,84000";"2,35686";"-0,03677"
"47,85000";"2,34199";"-0,03383"
"47,86000";"2,32699";"-0,03566"
"47,87000";"2,31200";"-0,03516"
"47,88000";"2,29701";"-0,03800"
"47,89000";"2,28213";"-0,04258"
"47,90000";"2,26702";"-0,04372"
"47,91000";"2,25203";"-0,04084"
"47,92000";"2,23703";"-0,04302"
"47,93000";"2,22204";"-0,04336"
"47,94000";"2,20717";"-0,04546"
"47,95000";"2,19206";"-0,04446"
"47,96000";"2,17694";"-0,04710"
"47,97000";"2,16195";"-0,04883"
"47,98000";"2,14696";"-0,04534"
"47,99000";"2,13185";"-0,04090"
"48,00000";"2,11685";"-0,04097"
"48,01000";"2,10198";"-0,03716"
"48,02000";"2,08699";"-0,03872"
"48,03000";"2,07199";"-0,03280"
"48,04000";"2,05688";"-0,03225"
"48,05000";"2,04189";"-0,03897"
"48,06000";"2,02690";"-0,04542"
"48,07000";"2,01190";"-0,03930"
"48,08000";"1,99703";"-0,02791"
"48,09000";"1,98203";"-0,03067"
"48,10000";"1,96704";"-0,03727"
"48,11000";"1,95205";"-0,04073"
"48,12000";"1,93694";"-0,03408"
"48,13000";"1,92194";"-0,03281"
"48,14000";"1,90695";"-0,03382"
"48,15000";"1,89196";"-0,03135"
"48,16000";"1,87685";"-0,03411"
"48,17000";"1,86185";"-0,03589"
"48,18000";"1,84698";"-0,03928"
"48,19000";"1,83199";"-0,04407"
"48,20000";"1,81688";"-0,04197"
"48,21000";"1,80188";"-0,04237"
"48,22000";"1,78677";"-0,04985"
"48,23000";"1,77201";"-0,05193"
"48,24000";"1,75702";"-0,05333"
"48,25000";"1,74191";"-0,05165"
"48,26000";"1,72703";"-0,04355"
"48,27000";"1,71204";"-0,03796"
"48,28000";"1,69693";"-0,03540"
"48,29000";"1,68182";"-0,03472"
"48,30000";"1,66683";"-0,03141"
"48,31000";"1,65195";"-0,03755"
"48,32000";"1,63708";"-0,03353"
"48,33000";"1,62208";"-0,03284"
"48,34000";"1,60709";"-0,03663"
"48,35000";"1,59210";"-0,03555"
"48,36000";"1,57710";"-0,02967"
"48,37000";"1,56199";"-0,02334"
"48,38000";"1,54688";"-0,02183"
"48,39000";"1,53201";"-0,02447"
"48,40000";"1,51701";"-0,03312"
"48,41000";"1,50202";"-0,04143"
"48,42000";"1,48691";"-0,04594"
"48,43000";"1,47192";"-0,04252"
"48,44000";"1,45704";"-0,04431"
"48,45000";"1,44193";"-0,04397"
"48,46000";"1,42682";"-0,04514"
"48,47000";"1,41183";"-0,04218"
"48,48000";"1,39695";"-0,04207"
"48,49000";"1,38196";"-0,04290"
"48,50000";"1,36685";"-0,04010"
"48,51000";"1,35185";"-0,03951"
"48,52000";"1,33686";"-0,04130"
"48,53000";"1,32175";"-0,04288"
"48,54000";"1,30676";"-0,03991"
"48,55000";"1,29188";"-0,03316"
"48,56000";"1,27701";"-0,03853"
"48,57000";"1,26213";"-0,04460"
"48,58000";"1,24702";"-0,04805"
"48,59000";"1,23203";"-0,04703"
"48,60000";"1,21715";"-0,04410"
"48,61000";"1,20216";"-0,04052"
"48,62000";"1,18705";"-0,04196"
"48,63000";"1,17206";"-0,04647"
"48,64000";"1,15706";"-0,04686"
"48,65000";"1,14219";"-0,04329"
"48,66000";"1,12708";"-0,03671"
"48,67000";"1,11197";"-0,04000"
"48,68000";"1,09697";"-0,04127"
"48,69000";"1,08210";"-0,03964"
"48,70000";"1,06699";"-0,03751"
"48,71000";"1,05211";"-0,03375"
"48,72000";"1,03700";"-0,03806"
"48,73000";"1,02201";"-0,04386"
"48,74000";"1,00701";"-0,04713"
"48,75000";"0,99190";"-0,05180"
"48,76000";"0,97691";"-0,05805"
"48,77000";"0,96192";"-0,05944"
"48,78000";"0,94692";"-0,05131"
"48,79000";"0,93193";"-0,04404"
"48,80000";"0,91706";"-0,03535"
"48,81000";"0,90206";"-0,02792"
"48,82000";"0,88707";"-0,02749"
"48,83000";"0,87196";"-0,02571"
"48,84000";"0,85685";"-0,02888"
"48,85000";"0,84185";"-0,03127"
"48,86000";"0,82698";"-0,03990"
"48,87000";"0,81199";"-0,04621"
"48,88000";"0,79688";"-0,05024"
"48,89000";"0,78212";"-0,05835"
"48,90000";"0,76724";"-0,06367"
"48,91000";"0,75225";"-0,06052"
"48,92000";"0,73714";"-0,05257"
"48,93000";"0,72215";"-0,04942"
"48,94000";"0,70715";"-0,04397"
"48,95000";"0,69216";"-0,03916"
"48,96000";"0,67705";"-0,04350"
"48,97000";"0,66206";"-0,04819"
"48,98000";"0,64718";"-0,04525"
"48,99000";"0,63219";"-0,04146"
"49,00000";"0,61708";"-0,04136"
"49,01000";"0,60208";"-0,04626"
"49,02000";"0,58709";"-0,04748"
"49,03000";"0,57210";"-0,04757"
"49,04000";"0,55687";"-0,04557"
"49,05000";"0,54188";"-0,04227"
"49,06000";"0,52688";"-0,04176"
"49,07000";"0,51189";"-0,04761"
"49,08000";"0,49678";"-0,04341"
"49,09000";"0,48167";"-0,03761"
"49,10000";"0,46679";"-0,02655"
"49,11000";"0,45192";"-0,02333"
"49,12000";"0,43692";"-0,02639"
"49,13000";"0,42181";"-0,03911"
"49,14000";"0,40682";"-0,04678"
"49,15000";"0,39194";"-0,04775"
"49,16000";"0,37683";"-0,04641"
"49,17000";"0,36172";"-0,04309"
"49,18000";"0,34685";"-0,04180"
"49,19000";"0,33209";"-0,04057"
"49,20000";"0,31710";"-0,04249"
"49,21000";"0,30210";"-0,05177"
"49,22000";"0,28711";"-0,05463"
"49,23000";"0,27212";"-0,04276"
"49,24000";"0,25701";"-0,03467"
"49,25000";"0,24201";"-0,03288"
"49,26000";"0,22702";"-0,04011"
"49,27000";"0,21215";"-0,04667"
"49,28000";"0,19715";"-0,04697"
"49,29000";"0,18204";"-0,05005"
"49,30000";"0,16681";"-0,05614"
"49,31000";"0,15194";"-0,04979"
"49,32000";"0,13694";"-0,04283"
"49,33000";"0,12183";"-0,03747"
"49,34000";"0,10696";"-0,04600"
"49,35000";"0,09208";"-0,05343"
"49,36000";"0,07721";"-0,04504"
"49,37000";"0,06222";"-0,03260"
"49,38000";"0,04722";"-0,03253"
"49,39000";"0,03223";"-0,03835"
"49,40000";"0,01724";"-0,04133"
"49,41000";"0,00213";"-0,04118"
"49,41200";"-0,00083";"-0,04155"
