Hardness 1 : Kraftbei  Hardness 1;"365,23419";N
A1 : A1;"0,96651";J
A2 : A2;"0,10235";J
Springiness : Springiness;"0,00066";m
Cohesiveness : Cohesiveness;"0,10590";
Chewiness : Chewiness;"0,02535";J

Zeit;Traversenweg;Kraft
(s);(mm);(N)
"0,00000";"0,00000";"-0,00051"
"0,01000";"0,00094";"0,00555"
"0,02000";"0,00578";"0,01984"
"0,03000";"0,01653";"0,03615"
"0,04000";"0,03164";"0,05276"
"0,05000";"0,04947";"0,05885"
"0,06000";"0,06835";"0,05444"
"0,07000";"0,08748";"0,04084"
"0,08000";"0,10637";"0,02354"
"0,09000";"0,12467";"0,01178"
"0,10000";"0,14249";"0,00455"
"0,11000";"0,15961";"-0,00096"
"0,12000";"0,17638";"-0,00373"
"0,13000";"0,19267";"-0,00628"
"0,14000";"0,20884";"-0,00382"
"0,15000";"0,22478";"-0,00215"
"0,16000";"0,24048";"0,00428"
"0,17000";"0,25606";"0,01046"
"0,18000";"0,27141";"0,00943"
"0,19000";"0,28676";"0,00241"
"0,20000";"0,30199";"-0,00154"
"0,21000";"0,31733";"-0,00517"
"0,22000";"0,33244";"-0,00581"
"0,23000";"0,34767";"0,00025"
"0,24000";"0,36267";"0,00719"
"0,25000";"0,37778";"0,01116"
"0,26000";"0,39277";"0,00983"
"0,27000";"0,40776";"0,00042"
"0,28000";"0,42288";"-0,00400"
"0,29000";"0,43787";"-0,00218"
"0,30000";"0,45298";"0,00697"
"0,31000";"0,46809";"0,01294"
"0,32000";"0,48308";"0,02362"
"0,33000";"0,49808";"0,02079"
"0,34000";"0,51295";"0,01016"
"0,35000";"0,52794";"0,01016"
"0,36000";"0,54294";"0,01367"
"0,37000";"0,55805";"0,00920"
"0,38000";"0,57304";"0,00216"
"0,39000";"0,58815";"-0,00828"
"0,40000";"0,60315";"-0,00928"
"0,41000";"0,61814";"-0,00628"
"0,42000";"0,63313";"-0,00253"
"0,43000";"0,64812";"-0,00166"
"0,44000";"0,66324";"0,00227"
"0,45000";"0,67823";"0,00805"
"0,46000";"0,69310";"0,01146"
"0,47000";"0,70798";"0,00912"
"0,48000";"0,72297";"0,01121"
"0,49000";"0,73808";"0,01817"
"0,50000";"0,75308";"0,02416"
"0,51000";"0,76807";"0,02447"
"0,52000";"0,78306";"0,01699"
"0,53000";"0,79806";"0,01140"
"0,54000";"0,81317";"0,01386"
"0,55000";"0,82816";"0,01013"
"0,56000";"0,84303";"0,01194"
"0,57000";"0,85791";"0,01685"
"0,58000";"0,87290";"0,02751"
"0,59000";"0,88790";"0,02953"
"0,60000";"0,90289";"0,02344"
"0,61000";"0,91800";"0,02283"
"0,62000";"0,93311";"0,02090"
"0,63000";"0,94810";"0,01180"
"0,64000";"0,96310";"0,00457"
"0,65000";"0,97797";"0,00425"
"0,66000";"0,99297";"0,01022"
"0,67000";"1,00796";"0,01751"
"0,68000";"1,02295";"0,02169"
"0,69000";"1,03806";"0,01927"
"0,70000";"1,05306";"0,01380"
"0,71000";"1,06805";"0,00923"
"0,72000";"1,08304";"0,00169"
"0,73000";"1,09803";"0,00646"
"0,74000";"1,11303";"0,01294"
"0,75000";"1,12802";"0,01425"
"0,76000";"1,14313";"0,01493"
"0,77000";"1,15801";"0,01797"
"0,78000";"1,17312";"0,01617"
"0,79000";"1,18799";"0,01294"
"0,80000";"1,20310";"0,00950"
"0,81000";"1,21810";"0,01001"
"0,82000";"1,23297";"0,01071"
"0,83000";"1,24808";"0,01268"
"0,84000";"1,26319";"0,01423"
"0,85000";"1,27819";"0,01685"
"0,86000";"1,29318";"0,01570"
"0,87000";"1,30806";"0,00790"
"0,88000";"1,32305";"0,00717"
"0,89000";"1,33792";"0,00541"
"0,90000";"1,35292";"0,00604"
"0,91000";"1,36791";"0,01131"
"0,92000";"1,38290";"0,01932"
"0,93000";"1,39801";"0,02132"
"0,94000";"1,41301";"0,02361"
"0,95000";"1,42800";"0,02279"
"0,96000";"1,44299";"0,01888"
"0,97000";"1,45799";"0,01091"
"0,98000";"1,47286";"0,00160"
"0,99000";"1,48797";"0,00240"
"1,00000";"1,50297";"0,01292"
"1,01000";"1,51808";"0,01776"
"1,02000";"1,53307";"0,01938"
"1,03000";"1,54806";"0,02078"
"1,04000";"1,56306";"0,02426"
"1,05000";"1,57805";"0,01836"
"1,06000";"1,59304";"0,01839"
"1,07000";"1,60803";"0,01499"
"1,08000";"1,62303";"0,01055"
"1,09000";"1,63814";"0,00576"
"1,10000";"1,65313";"0,00565"
"1,11000";"1,66813";"0,00449"
"1,12000";"1,68312";"-0,00130"
"1,13000";"1,69811";"-0,00143"
"1,14000";"1,71310";"0,01241"
"1,15000";"1,72810";"0,01464"
"1,16000";"1,74309";"0,01830"
"1,17000";"1,75808";"0,02397"
"1,18000";"1,77319";"0,01849"
"1,19000";"1,78807";"0,01137"
"1,20000";"1,80294";"0,00310"
"1,21000";"1,81794";"0,00496"
"1,22000";"1,83293";"0,00898"
"1,23000";"1,84792";"0,01585"
"1,24000";"1,86292";"0,01519"
"1,25000";"1,87803";"0,01356"
"1,26000";"1,89302";"0,01107"
"1,27000";"1,90790";"0,01330"
"1,28000";"1,92277";"0,01766"
"1,29000";"1,93765";"0,01975"
"1,30000";"1,95252";"0,02297"
"1,31000";"1,96763";"0,02145"
"1,32000";"1,98263";"0,01583"
"1,33000";"1,99774";"0,00940"
"1,34000";"2,01285";"0,00346"
"1,35000";"2,02784";"0,00610"
"1,36000";"2,04295";"0,01189"
"1,37000";"2,05794";"0,01661"
"1,38000";"2,07294";"0,00999"
"1,39000";"2,08793";"0,01123"
"1,40000";"2,10292";"0,01588"
"1,41000";"2,11803";"0,01355"
"1,42000";"2,13315";"0,00358"
"1,43000";"2,14826";"-0,00215"
"1,44000";"2,16325";"-0,00190"
"1,45000";"2,17824";"0,00598"
"1,46000";"2,19324";"0,01227"
"1,47000";"2,20823";"0,01271"
"1,48000";"2,22322";"0,01456"
"1,49000";"2,23810";"0,01142"
"1,50000";"2,25309";"0,00398"
"1,51000";"2,26797";"0,00349"
"1,52000";"2,28272";"0,00408"
"1,53000";"2,29772";"0,00991"
"1,54000";"2,31271";"0,01498"
"1,55000";"2,32758";"0,02015"
"1,56000";"2,34258";"0,03143"
"1,57000";"2,35757";"0,04010"
"1,58000";"2,37256";"0,03318"
"1,59000";"2,38756";"0,02775"
"1,60000";"2,40243";"0,02174"
"1,61000";"2,41742";"0,01901"
"1,62000";"2,43265";"0,01130"
"1,63000";"2,44776";"0,00993"
"1,64000";"2,46288";"0,00017"
"1,65000";"2,47799";"-0,00712"
"1,66000";"2,49310";"-0,00894"
"1,67000";"2,50809";"-0,00089"
"1,68000";"2,52308";"0,01105"
"1,69000";"2,53796";"0,02287"
"1,70000";"2,55295";"0,02230"
"1,71000";"2,56806";"0,01107"
"1,72000";"2,58329";"0,00592"
"1,73000";"2,59828";"0,00355"
"1,74000";"2,61328";"0,00695"
"1,75000";"2,62839";"0,01163"
"1,76000";"2,64315";"0,01512"
"1,77000";"2,65814";"0,01671"
"1,78000";"2,67313";"0,01249"
"1,79000";"2,68812";"0,00953"
"1,80000";"2,70312";"0,00738"
"1,81000";"2,71811";"0,00235"
"1,82000";"2,73310";"0,00174"
"1,83000";"2,74798";"0,00597"
"1,84000";"2,76285";"0,00843"
"1,85000";"2,77761";"0,00402"
"1,86000";"2,79249";"-0,00475"
"1,87000";"2,80736";"-0,00663"
"1,88000";"2,82235";"0,00413"
"1,89000";"2,83735";"0,01415"
"1,90000";"2,85246";"0,01446"
"1,91000";"2,86757";"0,01058"
"1,92000";"2,88268";"0,00651"
"1,93000";"2,89779";"0,00489"
"1,94000";"2,91290";"0,00805"
"1,95000";"2,92813";"0,01025"
"1,96000";"2,94324";"0,01589"
"1,97000";"2,95835";"0,01465"
"1,98000";"2,97347";"0,01504"
"1,99000";"2,98846";"0,01616"
"2,00000";"3,00345";"0,01125"
"2,01000";"3,01856";"0,00831"
"2,02000";"3,03356";"0,00760"
"2,03000";"3,04843";"0,01089"
"2,04000";"3,06331";"0,01712"
"2,05000";"3,07830";"0,02322"
"2,06000";"3,09329";"0,02248"
"2,07000";"3,10817";"0,01269"
"2,08000";"3,12316";"0,00921"
"2,09000";"3,13803";"0,01185"
"2,10000";"3,15303";"0,02188"
"2,11000";"3,16802";"0,02647"
"2,12000";"3,18313";"0,02554"
"2,13000";"3,19812";"0,02454"
"2,14000";"3,21312";"0,02393"
"2,15000";"3,22787";"0,01919"
"2,16000";"3,24263";"0,02041"
"2,17000";"3,25751";"0,01565"
"2,18000";"3,27238";"0,00495"
"2,19000";"3,28726";"-0,00743"
"2,20000";"3,30237";"-0,01189"
"2,21000";"3,31748";"-0,00797"
"2,22000";"3,33271";"0,00314"
"2,23000";"3,34794";"0,01472"
"2,24000";"3,36305";"0,02144"
"2,25000";"3,37828";"0,01578"
"2,26000";"3,39339";"0,00543"
"2,27000";"3,40850";"0,00289"
"2,28000";"3,42361";"0,01016"
"2,29000";"3,43872";"0,01660"
"2,30000";"3,45372";"0,01750"
"2,31000";"3,46859";"0,02088"
"2,32000";"3,48358";"0,02614"
"2,33000";"3,49834";"0,02921"
"2,34000";"3,51322";"0,03209"
"2,35000";"3,52809";"0,02441"
"2,36000";"3,54308";"0,02443"
"2,37000";"3,55808";"0,02844"
"2,38000";"3,57307";"0,02600"
"2,39000";"3,58794";"0,02597"
"2,40000";"3,60282";"0,02117"
"2,41000";"3,61793";"0,01692"
"2,42000";"3,63292";"0,01469"
"2,43000";"3,64792";"0,01270"
"2,44000";"3,66291";"0,01171"
"2,45000";"3,67778";"0,01740"
"2,46000";"3,69254";"0,02537"
"2,47000";"3,70730";"0,02876"
"2,48000";"3,72229";"0,03365"
"2,49000";"3,73717";"0,03092"
"2,50000";"3,75228";"0,01868"
"2,51000";"3,76751";"0,00878"
"2,52000";"3,78262";"0,00715"
"2,53000";"3,79773";"0,00850"
"2,54000";"3,81296";"0,01420"
"2,55000";"3,82807";"0,01975"
"2,56000";"3,84318";"0,02158"
"2,57000";"3,85841";"0,02322"
"2,58000";"3,87352";"0,01922"
"2,59000";"3,88875";"0,01553"
"2,60000";"3,90386";"0,01723"
"2,61000";"3,91885";"0,02195"
"2,62000";"3,93373";"0,02083"
"2,63000";"3,94860";"0,01773"
"2,64000";"3,96348";"0,01735"
"2,65000";"3,97835";"0,02041"
"2,66000";"3,99335";"0,02104"
"2,67000";"4,00822";"0,01831"
"2,68000";"4,02322";"0,01400"
"2,69000";"4,03821";"0,01094"
"2,70000";"4,05308";"0,00809"
"2,71000";"4,06796";"0,00682"
"2,72000";"4,08307";"0,01264"
"2,73000";"4,09806";"0,01766"
"2,74000";"4,11306";"0,02228"
"2,75000";"4,12793";"0,02271"
"2,76000";"4,14281";"0,02129"
"2,77000";"4,15780";"0,01667"
"2,78000";"4,17267";"0,00764"
"2,79000";"4,18755";"0,00168"
"2,80000";"4,20242";"0,00619"
"2,81000";"4,21754";"0,00769"
"2,82000";"4,23265";"0,00544"
"2,83000";"4,24776";"0,00614"
"2,84000";"4,26287";"0,01039"
"2,85000";"4,27798";"0,01355"
"2,86000";"4,29321";"0,01012"
"2,87000";"4,30832";"0,00295"
"2,88000";"4,32343";"0,00313"
"2,89000";"4,33854";"0,00349"
"2,90000";"4,35365";"0,00679"
"2,91000";"4,36865";"0,00729"
"2,92000";"4,38364";"0,00759"
"2,93000";"4,39851";"0,00287"
"2,94000";"4,41339";"0,00495"
"2,95000";"4,42826";"0,00888"
"2,96000";"4,44326";"0,01069"
"2,97000";"4,45825";"0,00491"
"2,98000";"4,47312";"-0,00101"
"2,99000";"4,48812";"0,00545"
"3,00000";"4,50311";"0,01181"
"3,01000";"4,51799";"0,01779"
"3,02000";"4,53286";"0,01759"
"3,03000";"4,54774";"0,01870"
"3,04000";"4,56261";"0,01750"
"3,05000";"4,57760";"0,01329"
"3,06000";"4,59260";"0,01393"
"3,07000";"4,60759";"0,01060"
"3,08000";"4,62258";"0,00461"
"3,09000";"4,63758";"0,00087"
"3,10000";"4,65245";"-0,00135"
"3,11000";"4,66756";"0,00696"
"3,12000";"4,68279";"0,00862"
"3,13000";"4,69790";"0,00876"
"3,14000";"4,71313";"0,01400"
"3,15000";"4,72824";"0,01657"
"3,16000";"4,74347";"0,01419"
"3,17000";"4,75847";"0,00518"
"3,18000";"4,77346";"0,00577"
"3,19000";"4,78833";"0,01301"
"3,20000";"4,80333";"0,01248"
"3,21000";"4,81832";"0,01313"
"3,22000";"4,83331";"0,00917"
"3,23000";"4,84831";"0,01000"
"3,24000";"4,86318";"0,01267"
"3,25000";"4,87806";"0,01467"
"3,26000";"4,89293";"0,01540"
"3,27000";"4,90781";"0,02317"
"3,28000";"4,92292";"0,02996"
"3,29000";"4,93791";"0,03048"
"3,30000";"4,95290";"0,03256"
"3,31000";"4,96790";"0,03427"
"3,32000";"4,98289";"0,03566"
"3,33000";"4,99776";"0,03480"
"3,34000";"5,01276";"0,04196"
"3,35000";"5,02775";"0,04542"
"3,36000";"5,04274";"0,05217"
"3,37000";"5,05797";"0,07407"
"3,38000";"5,07308";"0,10511"
"3,39000";"5,08808";"0,13396"
"3,40000";"5,10307";"0,15789"
"3,41000";"5,11806";"0,17927"
"3,42000";"5,13294";"0,20115"
"3,43000";"5,14805";"0,22779"
"3,44000";"5,16316";"0,26631"
"3,45000";"5,17827";"0,31290"
"3,46000";"5,19338";"0,35419"
"3,47000";"5,20837";"0,39693"
"3,48000";"5,22337";"0,44399"
"3,49000";"5,23824";"0,48905"
"3,50000";"5,25312";"0,53649"
"3,51000";"5,26811";"0,58433"
"3,52000";"5,28310";"0,63801"
"3,53000";"5,29810";"0,69403"
"3,54000";"5,31321";"0,75626"
"3,55000";"5,32808";"0,81606"
"3,56000";"5,34308";"0,88045"
"3,57000";"5,35807";"0,93516"
"3,58000";"5,37306";"0,99643"
"3,59000";"5,38806";"1,06787"
"3,60000";"5,40293";"1,13058"
"3,61000";"5,41792";"1,19046"
"3,62000";"5,43292";"1,25317"
"3,63000";"5,44779";"1,31382"
"3,64000";"5,46278";"1,37950"
"3,65000";"5,47766";"1,44329"
"3,66000";"5,49265";"1,50711"
"3,67000";"5,50788";"1,57638"
"3,68000";"5,52299";"1,64294"
"3,69000";"5,53799";"1,71079"
"3,70000";"5,55310";"1,77238"
"3,71000";"5,56809";"1,84248"
"3,72000";"5,58308";"1,91831"
"3,73000";"5,59808";"1,98948"
"3,74000";"5,61307";"2,05919"
"3,75000";"5,62818";"2,13499"
"3,76000";"5,64317";"2,22085"
"3,77000";"5,65817";"2,30739"
"3,78000";"5,67316";"2,39215"
"3,79000";"5,68827";"2,47348"
"3,80000";"5,70326";"2,55212"
"3,81000";"5,71814";"2,63558"
"3,82000";"5,73325";"2,72307"
"3,83000";"5,74824";"2,81299"
"3,84000";"5,76324";"2,89867"
"3,85000";"5,77823";"2,97977"
"3,86000";"5,79322";"3,06292"
"3,87000";"5,80810";"3,14535"
"3,88000";"5,82297";"3,23331"
"3,89000";"5,83797";"3,32944"
"3,90000";"5,85284";"3,42321"
"3,91000";"5,86783";"3,51768"
"3,92000";"5,88294";"3,60977"
"3,93000";"5,89782";"3,69497"
"3,94000";"5,91281";"3,77850"
"3,95000";"5,92781";"3,86900"
"3,96000";"5,94280";"3,95809"
"3,97000";"5,95779";"4,04537"
"3,98000";"5,97290";"4,14150"
"3,99000";"5,98801";"4,23588"
"4,00000";"6,00312";"4,33309"
"4,01000";"6,01812";"4,42844"
"4,02000";"6,03311";"4,51912"
"4,03000";"6,04822";"4,60652"
"4,04000";"6,06310";"4,69185"
"4,05000";"6,07809";"4,78054"
"4,06000";"6,09308";"4,87927"
"4,07000";"6,10808";"4,98147"
"4,08000";"6,12307";"5,07290"
"4,09000";"6,13806";"5,16437"
"4,10000";"6,15306";"5,25168"
"4,11000";"6,16805";"5,34802"
"4,12000";"6,18304";"5,44086"
"4,13000";"6,19803";"5,52851"
"4,14000";"6,21303";"5,62336"
"4,15000";"6,22814";"5,71869"
"4,16000";"6,24313";"5,81324"
"4,17000";"6,25812";"5,91105"
"4,18000";"6,27312";"6,00521"
"4,19000";"6,28799";"6,10146"
"4,20000";"6,30287";"6,19214"
"4,21000";"6,31786";"6,28254"
"4,22000";"6,33285";"6,37698"
"4,23000";"6,34785";"6,46654"
"4,24000";"6,36284";"6,55906"
"4,25000";"6,37783";"6,64965"
"4,26000";"6,39294";"6,73967"
"4,27000";"6,40794";"6,83707"
"4,28000";"6,42281";"6,93397"
"4,29000";"6,43792";"7,03307"
"4,30000";"6,45292";"7,12994"
"4,31000";"6,46803";"7,22783"
"4,32000";"6,48302";"7,33316"
"4,33000";"6,49790";"7,43116"
"4,34000";"6,51289";"7,52906"
"4,35000";"6,52788";"7,62545"
"4,36000";"6,54276";"7,71870"
"4,37000";"6,55775";"7,81509"
"4,38000";"6,57286";"7,91225"
"4,39000";"6,58797";"8,01280"
"4,40000";"6,60297";"8,10872"
"4,41000";"6,61796";"8,21009"
"4,42000";"6,63295";"8,30822"
"4,43000";"6,64783";"8,40783"
"4,44000";"6,66270";"8,50926"
"4,45000";"6,67769";"8,61123"
"4,46000";"6,69281";"8,70576"
"4,47000";"6,70780";"8,79561"
"4,48000";"6,72291";"8,89037"
"4,49000";"6,73790";"8,99459"
"4,50000";"6,75290";"9,09929"
"4,51000";"6,76789";"9,20291"
"4,52000";"6,78300";"9,30077"
"4,53000";"6,79799";"9,40709"
"4,54000";"6,81299";"9,52040"
"4,55000";"6,82810";"9,63124"
"4,56000";"6,84321";"9,73327"
"4,57000";"6,85808";"9,82752"
"4,58000";"6,87308";"9,92635"
"4,59000";"6,88807";"10,02392"
"4,60000";"6,90294";"10,12527"
"4,61000";"6,91806";"10,22959"
"4,62000";"6,93305";"10,34220"
"4,63000";"6,94804";"10,45232"
"4,64000";"6,96303";"10,55219"
"4,65000";"6,97803";"10,65316"
"4,66000";"6,99302";"10,76409"
"4,67000";"7,00790";"10,88062"
"4,68000";"7,02289";"10,98713"
"4,69000";"7,03788";"11,09096"
"4,70000";"7,05288";"11,19336"
"4,71000";"7,06787";"11,30682"
"4,72000";"7,08298";"11,42254"
"4,73000";"7,09797";"11,53387"
"4,74000";"7,11297";"11,64720"
"4,75000";"7,12796";"11,75620"
"4,76000";"7,14295";"11,87044"
"4,77000";"7,15794";"11,98118"
"4,78000";"7,17294";"12,09580"
"4,79000";"7,18793";"12,21265"
"4,80000";"7,20304";"12,32948"
"4,81000";"7,21815";"12,44351"
"4,82000";"7,23303";"12,55200"
"4,83000";"7,24790";"12,66106"
"4,84000";"7,26301";"12,77332"
"4,85000";"7,27801";"12,89070"
"4,86000";"7,29312";"13,00792"
"4,87000";"7,30811";"13,12011"
"4,88000";"7,32299";"13,23543"
"4,89000";"7,33798";"13,35217"
"4,90000";"7,35309";"13,46303"
"4,91000";"7,36797";"13,57251"
"4,92000";"7,38296";"13,68334"
"4,93000";"7,39807";"13,80025"
"4,94000";"7,41306";"13,91633"
"4,95000";"7,42806";"14,03406"
"4,96000";"7,44305";"14,14879"
"4,97000";"7,45792";"14,26191"
"4,98000";"7,47292";"14,37687"
"4,99000";"7,48779";"14,49839"
"5,00000";"7,50278";"14,62562"
"5,01000";"7,51790";"14,75342"
"5,02000";"7,53301";"14,87431"
"5,03000";"7,54800";"14,99323"
"5,04000";"7,56299";"15,11626"
"5,05000";"7,57810";"15,24557"
"5,06000";"7,59298";"15,37659"
"5,07000";"7,60785";"15,50605"
"5,08000";"7,62285";"15,63083"
"5,09000";"7,63784";"15,74778"
"5,10000";"7,65295";"15,86902"
"5,11000";"7,66806";"15,99604"
"5,12000";"7,68306";"16,11015"
"5,13000";"7,69805";"16,22625"
"5,14000";"7,71292";"16,35213"
"5,15000";"7,72792";"16,48221"
"5,16000";"7,74291";"16,61098"
"5,17000";"7,75778";"16,73203"
"5,18000";"7,77278";"16,85240"
"5,19000";"7,78765";"16,97593"
"5,20000";"7,80265";"17,09796"
"5,21000";"7,81764";"17,21426"
"5,22000";"7,83263";"17,33922"
"5,23000";"7,84774";"17,47700"
"5,24000";"7,86285";"17,61304"
"5,25000";"7,87785";"17,74971"
"5,26000";"7,89296";"17,87406"
"5,27000";"7,90807";"18,00304"
"5,28000";"7,92294";"18,13554"
"5,29000";"7,93806";"18,27751"
"5,30000";"7,95293";"18,41604"
"5,31000";"7,96792";"18,54727"
"5,32000";"7,98292";"18,67725"
"5,33000";"7,99803";"18,79924"
"5,34000";"8,01302";"18,92629"
"5,35000";"8,02813";"19,06058"
"5,36000";"8,04313";"19,19594"
"5,37000";"8,05812";"19,33695"
"5,38000";"8,07299";"19,48277"
"5,39000";"8,08799";"19,61885"
"5,40000";"8,10298";"19,75021"
"5,41000";"8,11797";"19,88001"
"5,42000";"8,13297";"20,01235"
"5,43000";"8,14796";"20,14673"
"5,44000";"8,16307";"20,27383"
"5,45000";"8,17794";"20,41470"
"5,46000";"8,19294";"20,56520"
"5,47000";"8,20793";"20,71071"
"5,48000";"8,22292";"20,84420"
"5,49000";"8,23803";"20,97734"
"5,50000";"8,25315";"21,10423"
"5,51000";"8,26814";"21,23934"
"5,52000";"8,28313";"21,38637"
"5,53000";"8,29824";"21,53061"
"5,54000";"8,31312";"21,67852"
"5,55000";"8,32811";"21,83037"
"5,56000";"8,34322";"21,97897"
"5,57000";"8,35822";"22,12174"
"5,58000";"8,37321";"22,26337"
"5,59000";"8,38820";"22,41139"
"5,60000";"8,40308";"22,56199"
"5,61000";"8,41795";"22,70745"
"5,62000";"8,43283";"22,85139"
"5,63000";"8,44782";"23,00585"
"5,64000";"8,46281";"23,15767"
"5,65000";"8,47792";"23,30498"
"5,66000";"8,49315";"23,45332"
"5,67000";"8,50826";"23,60254"
"5,68000";"8,52314";"23,75596"
"5,69000";"8,53813";"23,91197"
"5,70000";"8,55301";"24,06497"
"5,71000";"8,56800";"24,21552"
"5,72000";"8,58299";"24,37524"
"5,73000";"8,59799";"24,53235"
"5,74000";"8,61310";"24,68501"
"5,75000";"8,62821";"24,84247"
"5,76000";"8,64320";"24,99531"
"5,77000";"8,65796";"25,14931"
"5,78000";"8,67283";"25,30185"
"5,79000";"8,68795";"25,45067"
"5,80000";"8,70294";"25,60106"
"5,81000";"8,71793";"25,75519"
"5,82000";"8,73292";"25,91925"
"5,83000";"8,74803";"26,08778"
"5,84000";"8,76291";"26,25897"
"5,85000";"8,77790";"26,42695"
"5,86000";"8,79278";"26,59038"
"5,87000";"8,80777";"26,74874"
"5,88000";"8,82288";"26,90725"
"5,89000";"8,83788";"27,06572"
"5,90000";"8,85299";"27,22727"
"5,91000";"8,86798";"27,39378"
"5,92000";"8,88297";"27,56790"
"5,93000";"8,89785";"27,74603"
"5,94000";"8,91284";"27,92563"
"5,95000";"8,92795";"28,09828"
"5,96000";"8,94294";"28,26526"
"5,97000";"8,95794";"28,43447"
"5,98000";"8,97281";"28,60224"
"5,99000";"8,98792";"28,77007"
"6,00000";"9,00280";"28,93951"
"6,01000";"9,01779";"29,11102"
"6,02000";"9,03279";"29,28259"
"6,03000";"9,04778";"29,45245"
"6,04000";"9,06289";"29,62491"
"6,05000";"9,07800";"29,79836"
"6,06000";"9,09299";"29,98572"
"6,07000";"9,10810";"30,17787"
"6,08000";"9,12310";"30,36362"
"6,09000";"9,13809";"30,54880"
"6,10000";"9,15308";"30,73137"
"6,11000";"9,16808";"30,91089"
"6,12000";"9,18307";"31,09733"
"6,13000";"9,19818";"31,29007"
"6,14000";"9,21329";"31,48062"
"6,15000";"9,22817";"31,67257"
"6,16000";"9,24316";"31,86687"
"6,17000";"9,25815";"32,05507"
"6,18000";"9,27303";"32,23948"
"6,19000";"9,28802";"32,43065"
"6,20000";"9,30301";"32,61735"
"6,21000";"9,31813";"32,80518"
"6,22000";"9,33312";"33,00576"
"6,23000";"9,34811";"33,20461"
"6,24000";"9,36310";"33,40235"
"6,25000";"9,37810";"33,60365"
"6,26000";"9,39309";"33,79905"
"6,27000";"9,40808";"33,99760"
"6,28000";"9,42308";"34,19329"
"6,29000";"9,43819";"34,38986"
"6,30000";"9,45330";"34,59695"
"6,31000";"9,46817";"34,80537"
"6,32000";"9,48305";"35,00521"
"6,33000";"9,49804";"35,20405"
"6,34000";"9,51304";"35,40393"
"6,35000";"9,52803";"35,61626"
"6,36000";"9,54302";"35,83038"
"6,37000";"9,55813";"36,04713"
"6,38000";"9,57324";"36,26271"
"6,39000";"9,58824";"36,48391"
"6,40000";"9,60299";"36,70459"
"6,41000";"9,61799";"36,91267"
"6,42000";"9,63298";"37,12893"
"6,43000";"9,64797";"37,34956"
"6,44000";"9,66285";"37,56633"
"6,45000";"9,67796";"37,78417"
"6,46000";"9,69295";"38,00802"
"6,47000";"9,70806";"38,22964"
"6,48000";"9,72294";"38,45835"
"6,49000";"9,73793";"38,68211"
"6,50000";"9,75304";"38,90453"
"6,51000";"9,76803";"39,13187"
"6,52000";"9,78303";"39,36369"
"6,53000";"9,79802";"39,59645"
"6,54000";"9,81301";"39,82932"
"6,55000";"9,82801";"40,06837"
"6,56000";"9,84276";"40,30532"
"6,57000";"9,85776";"40,53651"
"6,58000";"9,87287";"40,76249"
"6,59000";"9,88798";"40,99646"
"6,60000";"9,90297";"41,23534"
"6,61000";"9,91808";"41,47409"
"6,62000";"9,93308";"41,71038"
"6,63000";"9,94807";"41,95657"
"6,64000";"9,96294";"42,20401"
"6,65000";"9,97782";"42,44621"
"6,66000";"9,99293";"42,68901"
"6,67000";"10,00804";"42,93847"
"6,68000";"10,02304";"43,19620"
"6,69000";"10,03803";"43,45717"
"6,70000";"10,05314";"43,71410"
"6,71000";"10,06813";"43,96574"
"6,72000";"10,08301";"44,22361"
"6,73000";"10,09788";"44,48490"
"6,74000";"10,11288";"44,73956"
"6,75000";"10,12799";"45,00402"
"6,76000";"10,14298";"45,26685"
"6,77000";"10,15797";"45,52356"
"6,78000";"10,17308";"45,78080"
"6,79000";"10,18808";"46,04741"
"6,80000";"10,20307";"46,32400"
"6,81000";"10,21806";"46,60017"
"6,82000";"10,23318";"46,87516"
"6,83000";"10,24828";"47,14333"
"6,84000";"10,26328";"47,41350"
"6,85000";"10,27827";"47,68291"
"6,86000";"10,29315";"47,95130"
"6,87000";"10,30826";"48,22456"
"6,88000";"10,32313";"48,51169"
"6,89000";"10,33824";"48,80873"
"6,90000";"10,35324";"49,10077"
"6,91000";"10,36823";"49,38575"
"6,92000";"10,38322";"49,66667"
"6,93000";"10,39822";"49,95517"
"6,94000";"10,41321";"50,24151"
"6,95000";"10,42808";"50,52987"
"6,96000";"10,44296";"50,81732"
"6,97000";"10,45807";"51,10180"
"6,98000";"10,47306";"51,39086"
"6,99000";"10,48817";"51,69525"
"7,00000";"10,50317";"52,00458"
"7,01000";"10,51828";"52,31075"
"7,02000";"10,53315";"52,61263"
"7,03000";"10,54803";"52,91382"
"7,04000";"10,56290";"53,20832"
"7,05000";"10,57790";"53,50086"
"7,06000";"10,59289";"53,80054"
"7,07000";"10,60776";"54,10725"
"7,08000";"10,62288";"54,41525"
"7,09000";"10,63787";"54,72750"
"7,10000";"10,65286";"55,05140"
"7,11000";"10,66785";"55,37285"
"7,12000";"10,68285";"55,69435"
"7,13000";"10,69784";"56,02131"
"7,14000";"10,71283";"56,34472"
"7,15000";"10,72783";"56,66552"
"7,16000";"10,74282";"56,97978"
"7,17000";"10,75781";"57,29808"
"7,18000";"10,77292";"57,62505"
"7,19000";"10,78780";"57,94736"
"7,20000";"10,80279";"58,27742"
"7,21000";"10,81790";"58,60989"
"7,22000";"10,83290";"58,94666"
"7,23000";"10,84789";"59,29049"
"7,24000";"10,86300";"59,63179"
"7,25000";"10,87799";"59,97611"
"7,26000";"10,89299";"60,31618"
"7,27000";"10,90786";"60,65140"
"7,28000";"10,92285";"60,98582"
"7,29000";"10,93797";"61,31830"
"7,30000";"10,95308";"61,65611"
"7,31000";"10,96807";"62,00383"
"7,32000";"10,98306";"62,35759"
"7,33000";"10,99817";"62,71174"
"7,34000";"11,01305";"63,06136"
"7,35000";"11,02792";"63,40612"
"7,36000";"11,04292";"63,75539"
"7,37000";"11,05803";"64,11610"
"7,38000";"11,07302";"64,47289"
"7,39000";"11,08801";"64,83573"
"7,40000";"11,10301";"65,19773"
"7,41000";"11,11800";"65,56236"
"7,42000";"11,13299";"65,92098"
"7,43000";"11,14799";"66,28060"
"7,44000";"11,16310";"66,64272"
"7,45000";"11,17809";"67,00835"
"7,46000";"11,19320";"67,37695"
"7,47000";"11,20820";"67,74330"
"7,48000";"11,22307";"68,11496"
"7,49000";"11,23806";"68,48038"
"7,50000";"11,25306";"68,84617"
"7,51000";"11,26805";"69,21852"
"7,52000";"11,28304";"69,59280"
"7,53000";"11,29803";"69,98027"
"7,54000";"11,31315";"70,37799"
"7,55000";"11,32802";"70,76997"
"7,56000";"11,34301";"71,14762"
"7,57000";"11,35789";"71,51682"
"7,58000";"11,37288";"71,89071"
"7,59000";"11,38788";"72,27091"
"7,60000";"11,40298";"72,65400"
"7,61000";"11,41798";"73,04092"
"7,62000";"11,43309";"73,43506"
"7,63000";"11,44820";"73,84169"
"7,64000";"11,46319";"74,24560"
"7,65000";"11,47819";"74,64288"
"7,66000";"11,49306";"75,03630"
"7,67000";"11,50806";"75,41122"
"7,68000";"11,52305";"75,78262"
"7,69000";"11,53804";"76,15636"
"7,70000";"11,55304";"76,53844"
"7,71000";"11,56803";"76,93338"
"7,72000";"11,58314";"77,33046"
"7,73000";"11,59825";"77,73055"
"7,74000";"11,61312";"78,13398"
"7,75000";"11,62812";"78,52808"
"7,76000";"11,64311";"78,91392"
"7,77000";"11,65810";"79,30048"
"7,78000";"11,67310";"79,68484"
"7,79000";"11,68809";"80,07776"
"7,80000";"11,70296";"80,47170"
"7,81000";"11,71808";"80,86459"
"7,82000";"11,73307";"81,25741"
"7,83000";"11,74806";"81,65530"
"7,84000";"11,76317";"82,05788"
"7,85000";"11,77817";"82,46262"
"7,86000";"11,79304";"82,86674"
"7,87000";"11,80803";"83,25555"
"7,88000";"11,82303";"83,64288"
"7,89000";"11,83790";"84,03059"
"7,90000";"11,85290";"84,40863"
"7,91000";"11,86777";"84,78470"
"7,92000";"11,88276";"85,16649"
"7,93000";"11,89787";"85,54657"
"7,94000";"11,91299";"85,94107"
"7,95000";"11,92798";"86,33598"
"7,96000";"11,94297";"86,73205"
"7,97000";"11,95797";"87,11905"
"7,98000";"11,97284";"87,48856"
"7,99000";"11,98783";"87,84496"
"8,00000";"12,00294";"88,19606"
"8,01000";"12,01794";"88,55537"
"8,02000";"12,03293";"88,91962"
"8,03000";"12,04792";"89,27815"
"8,04000";"12,06304";"89,63270"
"8,05000";"12,07803";"89,98740"
"8,06000";"12,09302";"90,34174"
"8,07000";"12,10801";"90,68945"
"8,08000";"12,12301";"91,01963"
"8,09000";"12,13800";"91,34128"
"8,10000";"12,15299";"91,66457"
"8,11000";"12,16787";"91,98403"
"8,12000";"12,18286";"92,29883"
"8,13000";"12,19774";"92,60266"
"8,14000";"12,21273";"92,88671"
"8,15000";"12,22772";"93,17781"
"8,16000";"12,24272";"93,47433"
"8,17000";"12,25783";"93,77037"
"8,18000";"12,27282";"94,06862"
"8,19000";"12,28781";"94,35950"
"8,20000";"12,30280";"94,64250"
"8,21000";"12,31768";"94,90538"
"8,22000";"12,33267";"95,14881"
"8,23000";"12,34778";"95,37884"
"8,24000";"12,36290";"95,60460"
"8,25000";"12,37801";"95,82159"
"8,26000";"12,39300";"96,03814"
"8,27000";"12,40811";"96,22804"
"8,28000";"12,42299";"96,39583"
"8,29000";"12,43798";"96,53495"
"8,30000";"12,45297";"96,64877"
"8,31000";"12,46797";"96,74982"
"8,32000";"12,48296";"96,84688"
"8,33000";"12,49795";"96,93623"
"8,34000";"12,51294";"97,02245"
"8,35000";"12,52794";"97,09949"
"8,36000";"12,54305";"97,15710"
"8,37000";"12,55781";"97,20898"
"8,38000";"12,57280";"97,24339"
"8,39000";"12,58779";"97,25457"
"8,40000";"12,60278";"97,24660"
"8,41000";"12,61790";"97,23627"
"8,42000";"12,63289";"97,21919"
"8,43000";"12,64788";"97,16360"
"8,44000";"12,66288";"97,05680"
"8,45000";"12,67787";"96,90677"
"8,46000";"12,69286";"96,69878"
"8,47000";"12,70797";"96,43623"
"8,48000";"12,72308";"96,12792"
"8,49000";"12,73808";"95,78735"
"8,50000";"12,75319";"95,40233"
"8,51000";"12,76830";"94,96778"
"8,52000";"12,78317";"94,46941"
"8,53000";"12,79805";"93,90733"
"8,54000";"12,81316";"93,27558"
"8,55000";"12,82815";"92,58556"
"8,56000";"12,84315";"91,86031"
"8,57000";"12,85814";"91,10243"
"8,58000";"12,87313";"90,29900"
"8,59000";"12,88824";"89,45985"
"8,60000";"12,90300";"88,58894"
"8,61000";"12,91787";"87,65122"
"8,62000";"12,93287";"86,63731"
"8,63000";"12,94786";"85,56657"
"8,64000";"12,96285";"84,48474"
"8,65000";"12,97785";"83,40017"
"8,66000";"12,99284";"82,32449"
"8,67000";"13,00795";"81,27157"
"8,68000";"13,02294";"80,24329"
"8,69000";"13,03794";"79,23092"
"8,70000";"13,05293";"78,21278"
"8,71000";"13,06804";"77,20930"
"8,72000";"13,08315";"76,25236"
"8,73000";"13,09814";"75,34095"
"8,74000";"13,11314";"74,44937"
"8,75000";"13,12813";"73,56710"
"8,76000";"13,14289";"72,69286"
"8,77000";"13,15776";"71,81982"
"8,78000";"13,17276";"70,97053"
"8,79000";"13,18775";"70,17166"
"8,80000";"13,20286";"69,44381"
"8,81000";"13,21797";"68,78882"
"8,82000";"13,23308";"68,20352"
"8,83000";"13,24808";"67,66093"
"8,84000";"13,26295";"67,14285"
"8,85000";"13,27783";"66,62189"
"8,86000";"13,29282";"66,09565"
"8,87000";"13,30793";"65,56928"
"8,88000";"13,32292";"65,03688"
"8,89000";"13,33792";"64,50417"
"8,90000";"13,35303";"63,97797"
"8,91000";"13,36802";"63,46526"
"8,92000";"13,38290";"62,96871"
"8,93000";"13,39789";"62,49818"
"8,94000";"13,41288";"62,06363"
"8,95000";"13,42799";"61,65927"
"8,96000";"13,44299";"61,30040"
"8,97000";"13,45798";"60,98750"
"8,98000";"13,47309";"60,70263"
"8,99000";"13,48808";"60,45126"
"9,00000";"13,50308";"60,23423"
"9,01000";"13,51807";"60,04994"
"9,02000";"13,53306";"59,87934"
"9,03000";"13,54806";"59,72161"
"9,04000";"13,56305";"59,59139"
"9,05000";"13,57804";"59,50011"
"9,06000";"13,59303";"59,44239"
"9,07000";"13,60803";"59,40117"
"9,08000";"13,62302";"59,36665"
"9,09000";"13,63790";"59,34089"
"9,10000";"13,65301";"59,30615"
"9,11000";"13,66800";"59,26764"
"9,12000";"13,68299";"59,22333"
"9,13000";"13,69810";"59,18095"
"9,14000";"13,71310";"59,13939"
"9,15000";"13,72797";"59,10994"
"9,16000";"13,74296";"59,08016"
"9,17000";"13,75796";"59,05773"
"9,18000";"13,77295";"59,04574"
"9,19000";"13,78794";"59,04055"
"9,20000";"13,80306";"59,04248"
"9,21000";"13,81817";"59,04808"
"9,22000";"13,83328";"59,05149"
"9,23000";"13,84827";"59,06176"
"9,24000";"13,86315";"59,07635"
"9,25000";"13,87826";"59,09920"
"9,26000";"13,89325";"59,12672"
"9,27000";"13,90813";"59,16866"
"9,28000";"13,92312";"59,23191"
"9,29000";"13,93811";"59,32642"
"9,30000";"13,95322";"59,45406"
"9,31000";"13,96810";"59,61358"
"9,32000";"13,98297";"59,77677"
"9,33000";"13,99797";"59,93109"
"9,34000";"14,01308";"60,08598"
"9,35000";"14,02807";"60,24389"
"9,36000";"14,04306";"60,40256"
"9,37000";"14,05805";"60,57267"
"9,38000";"14,07317";"60,75267"
"9,39000";"14,08804";"60,94150"
"9,40000";"14,10292";"61,12010"
"9,41000";"14,11791";"61,29192"
"9,42000";"14,13290";"61,47397"
"9,43000";"14,14790";"61,66073"
"9,44000";"14,16289";"61,84869"
"9,45000";"14,17788";"62,04820"
"9,46000";"14,19288";"62,25076"
"9,47000";"14,20775";"62,44590"
"9,48000";"14,22274";"62,63406"
"9,49000";"14,23785";"62,82789"
"9,50000";"14,25296";"63,04029"
"9,51000";"14,26808";"63,26658"
"9,52000";"14,28319";"63,49658"
"9,53000";"14,29830";"63,74413"
"9,54000";"14,31329";"64,01314"
"9,55000";"14,32817";"64,28758"
"9,56000";"14,34304";"64,55563"
"9,57000";"14,35803";"64,81960"
"9,58000";"14,37303";"65,08842"
"9,59000";"14,38802";"65,37090"
"9,60000";"14,40301";"65,66207"
"9,61000";"14,41813";"65,95916"
"9,62000";"14,43312";"66,26065"
"9,63000";"14,44811";"66,56927"
"9,64000";"14,46310";"66,87144"
"9,65000";"14,47810";"67,16847"
"9,66000";"14,49321";"67,47213"
"9,67000";"14,50820";"67,77623"
"9,68000";"14,52319";"68,08662"
"9,69000";"14,53819";"68,38947"
"9,70000";"14,55318";"68,69056"
"9,71000";"14,56806";"68,99170"
"9,72000";"14,58305";"69,29327"
"9,73000";"14,59804";"69,58224"
"9,74000";"14,61303";"69,86971"
"9,75000";"14,62803";"70,15841"
"9,76000";"14,64302";"70,43938"
"9,77000";"14,65801";"70,70934"
"9,78000";"14,67301";"70,98492"
"9,79000";"14,68800";"71,26607"
"9,80000";"14,70299";"71,55428"
"9,81000";"14,71799";"71,84568"
"9,82000";"14,73310";"72,14553"
"9,83000";"14,74821";"72,46275"
"9,84000";"14,76320";"72,79350"
"9,85000";"14,77820";"73,11821"
"9,86000";"14,79319";"73,42268"
"9,87000";"14,80818";"73,71277"
"9,88000";"14,82317";"73,98188"
"9,89000";"14,83817";"74,23438"
"9,90000";"14,85304";"74,47713"
"9,91000";"14,86804";"74,70532"
"9,92000";"14,88303";"74,94217"
"9,93000";"14,89790";"75,19279"
"9,94000";"14,91301";"75,44744"
"9,95000";"14,92801";"75,72350"
"9,96000";"14,94300";"76,02401"
"9,97000";"14,95799";"76,33681"
"9,98000";"14,97310";"76,65412"
"9,99000";"14,98822";"76,97708"
"10,00000";"15,00321";"77,28798"
"10,01000";"15,01820";"77,58605"
"10,02000";"15,03308";"77,88695"
"10,03000";"15,04807";"78,19783"
"10,04000";"15,06295";"78,52065"
"10,05000";"15,07806";"78,85686"
"10,06000";"15,09305";"79,20176"
"10,07000";"15,10816";"79,55518"
"10,08000";"15,12315";"79,91387"
"10,09000";"15,13803";"80,27979"
"10,10000";"15,15290";"80,64165"
"10,11000";"15,16790";"80,98776"
"10,12000";"15,18277";"81,31711"
"10,13000";"15,19788";"81,64194"
"10,14000";"15,21287";"81,96531"
"10,15000";"15,22787";"82,28018"
"10,16000";"15,24274";"82,57806"
"10,17000";"15,25774";"82,87320"
"10,18000";"15,27273";"83,17822"
"10,19000";"15,28772";"83,49288"
"10,20000";"15,30283";"83,81818"
"10,21000";"15,31794";"84,16797"
"10,22000";"15,33305";"84,52647"
"10,23000";"15,34805";"84,86239"
"10,24000";"15,36304";"85,17299"
"10,25000";"15,37815";"85,46095"
"10,26000";"15,39303";"85,73952"
"10,27000";"15,40802";"85,98994"
"10,28000";"15,42313";"86,23295"
"10,29000";"15,43813";"86,48395"
"10,30000";"15,45312";"86,73360"
"10,31000";"15,46823";"86,98431"
"10,32000";"15,48310";"87,26529"
"10,33000";"15,49810";"87,56945"
"10,34000";"15,51297";"87,90053"
"10,35000";"15,52785";"88,25479"
"10,36000";"15,54296";"88,63528"
"10,37000";"15,55807";"89,06292"
"10,38000";"15,57306";"89,51422"
"10,39000";"15,58805";"89,95528"
"10,40000";"15,60305";"90,39753"
"10,41000";"15,61792";"90,84023"
"10,42000";"15,63280";"91,28641"
"10,43000";"15,64779";"91,71648"
"10,44000";"15,66267";"92,13869"
"10,45000";"15,67778";"92,55014"
"10,46000";"15,69289";"92,96395"
"10,47000";"15,70788";"93,39049"
"10,48000";"15,72299";"93,81473"
"10,49000";"15,73799";"94,23310"
"10,50000";"15,75298";"94,62881"
"10,51000";"15,76809";"94,99570"
"10,52000";"15,78308";"95,34016"
"10,53000";"15,79808";"95,69678"
"10,54000";"15,81307";"96,06682"
"10,55000";"15,82806";"96,43839"
"10,56000";"15,84317";"96,80511"
"10,57000";"15,85817";"97,18728"
"10,58000";"15,87304";"97,56671"
"10,59000";"15,88815";"97,94720"
"10,60000";"15,90315";"98,31079"
"10,61000";"15,91826";"98,65685"
"10,62000";"15,93325";"99,00552"
"10,63000";"15,94813";"99,34317"
"10,64000";"15,96312";"99,66040"
"10,65000";"15,97799";"99,95131"
"10,66000";"15,99287";"100,24825"
"10,67000";"16,00774";"100,55935"
"10,68000";"16,02274";"100,87799"
"10,69000";"16,03761";"101,18285"
"10,70000";"16,05272";"101,48609"
"10,71000";"16,06771";"101,80132"
"10,72000";"16,08271";"102,12196"
"10,73000";"16,09759";"102,41470"
"10,74000";"16,11269";"102,68487"
"10,75000";"16,12781";"102,94078"
"10,76000";"16,14292";"103,18595"
"10,77000";"16,15803";"103,41377"
"10,78000";"16,17326";"103,62090"
"10,79000";"16,18837";"103,79559"
"10,80000";"16,20336";"103,91645"
"10,81000";"16,21835";"103,98804"
"10,82000";"16,23323";"104,04781"
"10,83000";"16,24822";"104,12241"
"10,84000";"16,26322";"104,21449"
"10,85000";"16,27821";"104,32684"
"10,86000";"16,29308";"104,47771"
"10,87000";"16,30820";"104,69694"
"10,88000";"16,32319";"104,99483"
"10,89000";"16,33818";"105,33559"
"10,90000";"16,35317";"105,70789"
"10,91000";"16,36817";"106,10921"
"10,92000";"16,38316";"106,52415"
"10,93000";"16,39815";"106,93456"
"10,94000";"16,41303";"107,30739"
"10,95000";"16,42802";"107,65948"
"10,96000";"16,44289";"108,00885"
"10,97000";"16,45777";"108,37315"
"10,98000";"16,47265";"108,73810"
"10,99000";"16,48776";"109,14010"
"11,00000";"16,50275";"109,57757"
"11,01000";"16,51774";"110,00372"
"11,02000";"16,53286";"110,38526"
"11,03000";"16,54785";"110,75543"
"11,04000";"16,56284";"111,12328"
"11,05000";"16,57784";"111,50262"
"11,06000";"16,59283";"111,92374"
"11,07000";"16,60794";"112,40804"
"11,08000";"16,62305";"112,95277"
"11,09000";"16,63816";"113,51122"
"11,10000";"16,65327";"114,06919"
"11,11000";"16,66826";"114,60201"
"11,12000";"16,68314";"115,12238"
"11,13000";"16,69813";"115,62893"
"11,14000";"16,71313";"116,14881"
"11,15000";"16,72812";"116,72855"
"11,16000";"16,74299";"117,36493"
"11,17000";"16,75799";"118,02617"
"11,18000";"16,77298";"118,71629"
"11,19000";"16,78797";"119,44479"
"11,20000";"16,80297";"120,23540"
"11,21000";"16,81796";"121,05282"
"11,22000";"16,83295";"121,87706"
"11,23000";"16,84795";"122,71581"
"11,24000";"16,86306";"123,58018"
"11,25000";"16,87805";"124,45868"
"11,26000";"16,89304";"125,30410"
"11,27000";"16,90792";"126,09493"
"11,28000";"16,92279";"126,82238"
"11,29000";"16,93778";"127,50967"
"11,30000";"16,95290";"128,20047"
"11,31000";"16,96789";"128,92693"
"11,32000";"16,98288";"129,73329"
"11,33000";"16,99788";"130,56532"
"11,34000";"17,01287";"131,37912"
"11,35000";"17,02798";"132,17575"
"11,36000";"17,04297";"132,99374"
"11,37000";"17,05785";"133,80795"
"11,38000";"17,07296";"134,62952"
"11,39000";"17,08795";"135,50632"
"11,40000";"17,10295";"136,43861"
"11,41000";"17,11782";"137,42467"
"11,42000";"17,13293";"138,44969"
"11,43000";"17,14792";"139,53218"
"11,44000";"17,16292";"140,65335"
"11,45000";"17,17779";"141,78110"
"11,46000";"17,19290";"142,92902"
"11,47000";"17,20790";"144,12535"
"11,48000";"17,22289";"145,34741"
"11,49000";"17,23788";"146,59364"
"11,50000";"17,25288";"147,88110"
"11,51000";"17,26787";"149,21257"
"11,52000";"17,28274";"150,59988"
"11,53000";"17,29774";"152,03542"
"11,54000";"17,31273";"153,54181"
"11,55000";"17,32760";"155,13385"
"11,56000";"17,34260";"156,73770"
"11,57000";"17,35747";"158,34250"
"11,58000";"17,37235";"159,93289"
"11,59000";"17,38734";"161,51492"
"11,60000";"17,40233";"163,06242"
"11,61000";"17,41745";"164,57961"
"11,62000";"17,43267";"166,06981"
"11,63000";"17,44790";"167,52531"
"11,64000";"17,46313";"168,99142"
"11,65000";"17,47836";"170,52982"
"11,66000";"17,49335";"172,09845"
"11,67000";"17,50835";"173,65033"
"11,68000";"17,52322";"175,19858"
"11,69000";"17,53810";"176,72876"
"11,70000";"17,55297";"178,26309"
"11,71000";"17,56797";"179,85187"
"11,72000";"17,58296";"181,57724"
"11,73000";"17,59795";"183,46767"
"11,74000";"17,61295";"185,50069"
"11,75000";"17,62782";"187,62878"
"11,76000";"17,64281";"189,84026"
"11,77000";"17,65780";"192,12180"
"11,78000";"17,67280";"194,50246"
"11,79000";"17,68779";"196,92609"
"11,80000";"17,70290";"199,38687"
"11,81000";"17,71789";"201,85451"
"11,82000";"17,73289";"204,31947"
"11,83000";"17,74788";"206,79196"
"11,84000";"17,76276";"209,27385"
"11,85000";"17,77763";"211,75342"
"11,86000";"17,79262";"214,31793"
"11,87000";"17,80774";"216,98851"
"11,88000";"17,82273";"219,74507"
"11,89000";"17,83784";"222,51266"
"11,90000";"17,85272";"225,24725"
"11,91000";"17,86771";"227,93916"
"11,92000";"17,88282";"230,60365"
"11,93000";"17,89805";"233,31378"
"11,94000";"17,91316";"236,08130"
"11,95000";"17,92827";"238,83940"
"11,96000";"17,94326";"241,53027"
"11,97000";"17,95826";"244,09293"
"11,98000";"17,97325";"246,55548"
"11,99000";"17,98812";"249,02856"
"12,00000";"18,00300";"251,56003"
"12,01000";"18,01799";"254,19286"
"12,02000";"18,03299";"256,95203"
"12,03000";"18,04798";"259,80508"
"12,04000";"18,06297";"262,67023"
"12,05000";"18,07797";"265,53833"
"12,06000";"18,09284";"268,38559"
"12,07000";"18,10783";"271,17468"
"12,08000";"18,12283";"273,93774"
"12,09000";"18,13782";"276,77148"
"12,10000";"18,15281";"279,76270"
"12,11000";"18,16781";"282,92184"
"12,12000";"18,18280";"286,14032"
"12,13000";"18,19767";"289,33481"
"12,14000";"18,21255";"292,47830"
"12,15000";"18,22742";"295,57736"
"12,16000";"18,24241";"298,64355"
"12,17000";"18,25753";"301,76862"
"12,18000";"18,27264";"305,13184"
"12,19000";"18,28763";"308,64807"
"12,20000";"18,30274";"312,26880"
"12,21000";"18,31785";"315,94897"
"12,22000";"18,33285";"319,68784"
"12,23000";"18,34796";"323,41522"
"12,24000";"18,36295";"327,14966"
"12,25000";"18,37806";"330,92755"
"12,26000";"18,39306";"334,73499"
"12,27000";"18,40805";"338,46909"
"12,28000";"18,42292";"342,27133"
"12,29000";"18,43780";"346,23474"
"12,30000";"18,45267";"350,28571"
"12,31000";"18,46766";"354,46814"
"12,32000";"18,48278";"359,05786"
"12,33000";"18,49777";"364,16681"
"12,33200";"18,50084";"365,23419"
"12,33400";"18,50379";"366,31158"
"12,34400";"18,51690";"371,74847"
"12,35400";"18,52433";"375,54742"
"12,36000";"18,52622";"375,21863"
"12,37000";"18,52540";"367,93497"
"12,38000";"18,52020";"350,87350"
"12,39000";"18,50863";"321,32837"
"12,40000";"18,49163";"273,43961"
"12,41000";"18,47133";"206,70613"
"12,42000";"18,44960";"132,40598"
"12,43000";"18,42765";"64,82613"
"12,44000";"18,40628";"12,55822"
"12,45000";"18,38574";"-20,80503"
"12,46000";"18,36614";"-36,58915"
"12,47000";"18,34725";"-39,82437"
"12,48000";"18,32907";"-35,23332"
"12,49000";"18,31148";"-26,85081"
"12,50000";"18,29460";"-18,20026"
"12,51000";"18,27807";"-11,58456"
"12,52000";"18,26190";"-7,62427"
"12,53000";"18,24584";"-5,81300"
"12,54000";"18,23002";"-5,24295"
"12,55000";"18,21444";"-5,25313"
"12,56000";"18,19874";"-5,47078"
"12,57000";"18,18339";"-5,69232"
"12,58000";"18,16816";"-5,88972"
"12,59000";"18,15293";"-6,07147"
"12,60000";"18,13782";"-6,21156"
"12,61000";"18,12259";"-6,26388"
"12,62000";"18,10748";"-6,21726"
"12,63000";"18,09237";"-6,14646"
"12,64000";"18,07726";"-6,11056"
"12,65000";"18,06226";"-6,08821"
"12,66000";"18,04715";"-6,07156"
"12,67000";"18,03228";"-6,06091"
"12,68000";"18,01717";"-6,04954"
"12,69000";"18,00217";"-6,04694"
"12,70000";"17,98706";"-6,03429"
"12,71000";"17,97219";"-5,99937"
"12,72000";"17,95755";"-5,94874"
"12,73000";"17,94279";"-5,88366"
"12,74000";"17,92780";"-5,81305"
"12,75000";"17,91269";"-5,73513"
"12,76000";"17,89734";"-5,65839"
"12,77000";"17,88199";"-5,58087"
"12,78000";"17,86676";"-5,48920"
"12,79000";"17,85142";"-5,38712"
"12,80000";"17,83642";"-5,27736"
"12,81000";"17,82155";"-5,16124"
"12,82000";"17,80667";"-5,03531"
"12,83000";"17,79180";"-4,90600"
"12,84000";"17,77704";"-4,77981"
"12,85000";"17,76229";"-4,66801"
"12,86000";"17,74718";"-4,56374"
"12,87000";"17,73195";"-4,46122"
"12,88000";"17,71683";"-4,36071"
"12,89000";"17,70184";"-4,26326"
"12,90000";"17,68685";"-4,18122"
"12,91000";"17,67186";"-4,10489"
"12,92000";"17,65686";"-4,03263"
"12,93000";"17,64175";"-3,96173"
"12,94000";"17,62675";"-3,89067"
"12,95000";"17,61165";"-3,81809"
"12,96000";"17,59689";"-3,74227"
"12,97000";"17,58201";"-3,66008"
"12,98000";"17,56702";"-3,57717"
"12,99000";"17,55202";"-3,49271"
"13,00000";"17,53703";"-3,41368"
"13,01000";"17,52204";"-3,34112"
"13,02000";"17,50705";"-3,26514"
"13,03000";"17,49206";"-3,20629"
"13,04000";"17,47706";"-3,15654"
"13,05000";"17,46231";"-3,10040"
"13,06000";"17,44731";"-3,04391"
"13,07000";"17,43220";"-2,98502"
"13,08000";"17,41709";"-2,92159"
"13,09000";"17,40210";"-2,86137"
"13,10000";"17,38699";"-2,79432"
"13,11000";"17,37188";"-2,71943"
"13,12000";"17,35688";"-2,63920"
"13,13000";"17,34201";"-2,56025"
"13,14000";"17,32701";"-2,48500"
"13,15000";"17,31190";"-2,41600"
"13,16000";"17,29691";"-2,36076"
"13,17000";"17,28204";"-2,31421"
"13,18000";"17,26704";"-2,27069"
"13,19000";"17,25193";"-2,21860"
"13,20000";"17,23694";"-2,16994"
"13,21000";"17,22206";"-2,13116"
"13,22000";"17,20719";"-2,08885"
"13,23000";"17,19208";"-2,04275"
"13,24000";"17,17696";"-1,98966"
"13,25000";"17,16209";"-1,93139"
"13,26000";"17,14710";"-1,87724"
"13,27000";"17,13199";"-1,82875"
"13,28000";"17,11699";"-1,78911"
"13,29000";"17,10200";"-1,74452"
"13,30000";"17,08713";"-1,69749"
"13,31000";"17,07201";"-1,64595"
"13,32000";"17,05690";"-1,60180"
"13,33000";"17,04203";"-1,56238"
"13,34000";"17,02703";"-1,52444"
"13,35000";"17,01192";"-1,48292"
"13,36000";"16,99693";"-1,44421"
"13,37000";"16,98194";"-1,41383"
"13,38000";"16,96706";"-1,38892"
"13,39000";"16,95207";"-1,37001"
"13,40000";"16,93696";"-1,35648"
"13,41000";"16,92196";"-1,33956"
"13,42000";"16,90697";"-1,32628"
"13,43000";"16,89186";"-1,30790"
"13,44000";"16,87687";"-1,29175"
"13,45000";"16,86188";"-1,26856"
"13,46000";"16,84700";"-1,24222"
"13,47000";"16,83201";"-1,20926"
"13,48000";"16,81701";"-1,17729"
"13,49000";"16,80190";"-1,15951"
"13,50000";"16,78691";"-1,13485"
"13,51000";"16,77192";"-1,11830"
"13,52000";"16,75704";"-1,10383"
"13,53000";"16,74193";"-1,09110"
"13,54000";"16,72694";"-1,07095"
"13,55000";"16,71206";"-1,04897"
"13,56000";"16,69695";"-1,03162"
"13,57000";"16,68196";"-1,01928"
"13,58000";"16,66685";"-1,00506"
"13,59000";"16,65197";"-0,98100"
"13,60000";"16,63698";"-0,95874"
"13,61000";"16,62199";"-0,94225"
"13,62000";"16,60687";"-0,92168"
"13,63000";"16,59188";"-0,90751"
"13,64000";"16,57689";"-0,89172"
"13,65000";"16,56178";"-0,87292"
"13,66000";"16,54667";"-0,85758"
"13,67000";"16,53179";"-0,83879"
"13,68000";"16,51704";"-0,82109"
"13,69000";"16,50204";"-0,80761"
"13,70000";"16,48705";"-0,79842"
"13,71000";"16,47194";"-0,78956"
"13,72000";"16,45706";"-0,78194"
"13,73000";"16,44195";"-0,77058"
"13,74000";"16,42684";"-0,76334"
"13,75000";"16,41185";"-0,76401"
"13,76000";"16,39709";"-0,76507"
"13,77000";"16,38210";"-0,75173"
"13,78000";"16,36710";"-0,71793"
"13,79000";"16,35211";"-0,68402"
"13,80000";"16,33724";"-0,65685"
"13,81000";"16,32224";"-0,62969"
"13,82000";"16,30713";"-0,60890"
"13,83000";"16,29214";"-0,59118"
"13,84000";"16,27727";"-0,57943"
"13,85000";"16,26227";"-0,57974"
"13,86000";"16,24704";"-0,58159"
"13,87000";"16,23205";"-0,58336"
"13,88000";"16,21706";"-0,58559"
"13,89000";"16,20206";"-0,57301"
"13,90000";"16,18707";"-0,55158"
"13,91000";"16,17208";"-0,52987"
"13,92000";"16,15720";"-0,50583"
"13,93000";"16,14233";"-0,48786"
"13,94000";"16,12721";"-0,47105"
"13,95000";"16,11199";"-0,45568"
"13,96000";"16,09687";"-0,43543"
"13,97000";"16,08188";"-0,41627"
"13,98000";"16,06665";"-0,40167"
"13,99000";"16,05166";"-0,39316"
"14,00000";"16,03679";"-0,39015"
"14,01000";"16,02191";"-0,38780"
"14,02000";"16,00692";"-0,38770"
"14,03000";"15,99181";"-0,38819"
"14,04000";"15,97681";"-0,38346"
"14,05000";"15,96194";"-0,37573"
"14,06000";"15,94706";"-0,36982"
"14,07000";"15,93207";"-0,37287"
"14,08000";"15,91708";"-0,36893"
"14,09000";"15,90220";"-0,36143"
"14,10000";"15,88733";"-0,35157"
"14,11000";"15,87222";"-0,34403"
"14,12000";"15,85722";"-0,33563"
"14,13000";"15,84223";"-0,33483"
"14,14000";"15,82724";"-0,33282"
"14,15000";"15,81213";"-0,32436"
"14,16000";"15,79713";"-0,31123"
"14,17000";"15,78226";"-0,30452"
"14,18000";"15,76727";"-0,30412"
"14,19000";"15,75215";"-0,30094"
"14,20000";"15,73704";"-0,30486"
"14,21000";"15,72205";"-0,30963"
"14,22000";"15,70706";"-0,30969"
"14,23000";"15,69206";"-0,30195"
"14,24000";"15,67707";"-0,28799"
"14,25000";"15,66208";"-0,27896"
"14,26000";"15,64720";"-0,27661"
"14,27000";"15,63209";"-0,26910"
"14,28000";"15,61698";"-0,26294"
"14,29000";"15,60187";"-0,25775"
"14,30000";"15,58687";"-0,26161"
"14,31000";"15,57188";"-0,26692"
"14,32000";"15,55689";"-0,26567"
"14,33000";"15,54178";"-0,25944"
"14,34000";"15,52690";"-0,25307"
"14,35000";"15,51191";"-0,24730"
"14,36000";"15,49680";"-0,24131"
"14,37000";"15,48169";"-0,24083"
"14,38000";"15,46681";"-0,24419"
"14,39000";"15,45205";"-0,23569"
"14,40000";"15,43694";"-0,22216"
"14,41000";"15,42195";"-0,21566"
"14,42000";"15,40707";"-0,22056"
"14,43000";"15,39220";"-0,21784"
"14,44000";"15,37709";"-0,21501"
"14,45000";"15,36186";"-0,21123"
"14,46000";"15,34687";"-0,21258"
"14,47000";"15,33199";"-0,21937"
"14,48000";"15,31712";"-0,22287"
"14,49000";"15,30201";"-0,22514"
"14,50000";"15,28701";"-0,22865"
"14,51000";"15,27214";"-0,23539"
"14,52000";"15,25715";"-0,23837"
"14,53000";"15,24203";"-0,23578"
"14,54000";"15,22704";"-0,22887"
"14,55000";"15,21205";"-0,22575"
"14,56000";"15,19717";"-0,22381"
"14,57000";"15,18206";"-0,21523"
"14,58000";"15,16707";"-0,20673"
"14,59000";"15,15231";"-0,20715"
"14,60000";"15,13732";"-0,20314"
"14,61000";"15,12221";"-0,20303"
"14,62000";"15,10710";"-0,20877"
"14,63000";"15,09210";"-0,22066"
"14,64000";"15,07735";"-0,22070"
"14,65000";"15,06223";"-0,21077"
"14,66000";"15,04713";"-0,20663"
"14,67000";"15,03213";"-0,20689"
"14,68000";"15,01714";"-0,20687"
"14,69000";"15,00215";"-0,20342"
"14,70000";"14,98703";"-0,20173"
"14,71000";"14,97216";"-0,19333"
"14,72000";"14,95728";"-0,18905"
"14,73000";"14,94229";"-0,18417"
"14,74000";"14,92718";"-0,18800"
"14,75000";"14,91219";"-0,19174"
"14,76000";"14,89719";"-0,19809"
"14,77000";"14,88220";"-0,19673"
"14,78000";"14,86709";"-0,18813"
"14,79000";"14,85210";"-0,17787"
"14,80000";"14,83722";"-0,16962"
"14,81000";"14,82223";"-0,15711"
"14,82000";"14,80712";"-0,14447"
"14,83000";"14,79212";"-0,13977"
"14,84000";"14,77713";"-0,13927"
"14,85000";"14,76226";"-0,13567"
"14,86000";"14,74726";"-0,14093"
"14,87000";"14,73215";"-0,14489"
"14,88000";"14,71728";"-0,14276"
"14,89000";"14,70217";"-0,13788"
"14,90000";"14,68706";"-0,13289"
"14,91000";"14,67194";"-0,12586"
"14,92000";"14,65683";"-0,12840"
"14,93000";"14,64208";"-0,13352"
"14,94000";"14,62697";"-0,13305"
"14,95000";"14,61185";"-0,12980"
"14,96000";"14,59686";"-0,12979"
"14,97000";"14,58187";"-0,12450"
"14,98000";"14,56676";"-0,11538"
"14,99000";"14,55165";"-0,11657"
"15,00000";"14,53677";"-0,12038"
"15,01000";"14,52190";"-0,12288"
"15,02000";"14,50690";"-0,11975"
"15,03000";"14,49179";"-0,11530"
"15,04000";"14,47680";"-0,11386"
"15,05000";"14,46192";"-0,11091"
"15,06000";"14,44693";"-0,11021"
"15,07000";"14,43170";"-0,11190"
"15,08000";"14,41671";"-0,10923"
"15,09000";"14,40195";"-0,11073"
"15,10000";"14,38696";"-0,10168"
"15,11000";"14,37197";"-0,10285"
"15,12000";"14,35685";"-0,10583"
"15,13000";"14,34198";"-0,10954"
"15,14000";"14,32687";"-0,11087"
"15,15000";"14,31176";"-0,10623"
"15,16000";"14,29688";"-0,10434"
"15,17000";"14,28213";"-0,10839"
"15,18000";"14,26713";"-0,11260"
"15,19000";"14,25202";"-0,11292"
"15,20000";"14,23679";"-0,11591"
"15,21000";"14,22180";"-0,11130"
"15,22000";"14,20669";"-0,10327"
"15,23000";"14,19158";"-0,09816"
"15,24000";"14,17658";"-0,09241"
"15,25000";"14,16171";"-0,09109"
"15,26000";"14,14707";"-0,09090"
"15,27000";"14,13208";"-0,09233"
"15,28000";"14,11697";"-0,09252"
"15,29000";"14,10197";"-0,09132"
"15,30000";"14,08710";"-0,08351"
"15,31000";"14,07187";"-0,07630"
"15,32000";"14,05688";"-0,07134"
"15,33000";"14,04200";"-0,06675"
"15,34000";"14,02713";"-0,06942"
"15,35000";"14,01225";"-0,07491"
"15,36000";"13,99714";"-0,08157"
"15,37000";"13,98215";"-0,09109"
"15,38000";"13,96727";"-0,09158"
"15,39000";"13,95228";"-0,08640"
"15,40000";"13,93717";"-0,08294"
"15,41000";"13,92217";"-0,07748"
"15,42000";"13,90730";"-0,07406"
"15,43000";"13,89242";"-0,07787"
"15,44000";"13,87719";"-0,07538"
"15,45000";"13,86208";"-0,07713"
"15,46000";"13,84721";"-0,08391"
"15,47000";"13,83210";"-0,07636"
"15,48000";"13,81710";"-0,07111"
"15,49000";"13,80199";"-0,07203"
"15,50000";"13,78712";"-0,07705"
"15,51000";"13,77212";"-0,07818"
"15,52000";"13,75690";"-0,08205"
"15,53000";"13,74179";"-0,08875"
"15,54000";"13,72679";"-0,08762"
"15,55000";"13,71192";"-0,08190"
"15,56000";"13,69692";"-0,07556"
"15,57000";"13,68193";"-0,07420"
"15,58000";"13,66706";"-0,07307"
"15,59000";"13,65218";"-0,07377"
"15,60000";"13,63707";"-0,07552"
"15,61000";"13,62196";"-0,07744"
"15,62000";"13,60685";"-0,07465"
"15,63000";"13,59197";"-0,07475"
"15,64000";"13,57698";"-0,07377"
"15,65000";"13,56199";"-0,06826"
"15,66000";"13,54688";"-0,06589"
"15,67000";"13,53200";"-0,06802"
"15,68000";"13,51701";"-0,07461"
"15,69000";"13,50190";"-0,07805"
"15,70000";"13,48678";"-0,08441"
"15,71000";"13,47191";"-0,08791"
"15,72000";"13,45704";"-0,07954"
"15,73000";"13,44204";"-0,06891"
"15,74000";"13,42705";"-0,05940"
"15,75000";"13,41206";"-0,06215"
"15,76000";"13,39718";"-0,06775"
"15,77000";"13,38195";"-0,07493"
"15,78000";"13,36684";"-0,08295"
"15,79000";"13,35185";"-0,08524"
"15,80000";"13,33709";"-0,08174"
"15,81000";"13,32210";"-0,07045"
"15,82000";"13,30699";"-0,06835"
"15,83000";"13,29199";"-0,07273"
"15,84000";"13,27700";"-0,06956"
"15,85000";"13,26201";"-0,05849"
"15,86000";"13,24678";"-0,05274"
"15,87000";"13,23190";"-0,04920"
"15,88000";"13,21703";"-0,05083"
"15,89000";"13,20215";"-0,05484"
"15,90000";"13,18692";"-0,06031"
"15,91000";"13,17193";"-0,06514"
"15,92000";"13,15694";"-0,06560"
"15,93000";"13,14183";"-0,06159"
"15,94000";"13,12671";"-0,05143"
"15,95000";"13,11172";"-0,04639"
"15,96000";"13,09697";"-0,04178"
"15,97000";"13,08209";"-0,04003"
"15,98000";"13,06698";"-0,03953"
"15,99000";"13,05187";"-0,04289"
"16,00000";"13,03699";"-0,04887"
"16,01000";"13,02200";"-0,05161"
"16,02000";"13,00689";"-0,05082"
"16,03000";"12,99178";"-0,05039"
"16,04000";"12,97702";"-0,05577"
"16,05000";"12,96215";"-0,06108"
"16,06000";"12,94727";"-0,06137"
"16,07000";"12,93216";"-0,06082"
"16,08000";"12,91717";"-0,05928"
"16,09000";"12,90205";"-0,05428"
"16,10000";"12,88694";"-0,04322"
"16,11000";"12,87195";"-0,03126"
"16,12000";"12,85708";"-0,02983"
"16,13000";"12,84208";"-0,03545"
"16,14000";"12,82709";"-0,04383"
"16,15000";"12,81198";"-0,04309"
"16,16000";"12,79699";"-0,03278"
"16,17000";"12,78211";"-0,02963"
"16,18000";"12,76700";"-0,03537"
"16,19000";"12,75189";"-0,03693"
"16,20000";"12,73690";"-0,03831"
"16,21000";"12,72214";"-0,03985"
"16,22000";"12,70703";"-0,04385"
"16,23000";"12,69192";"-0,04106"
"16,24000";"12,67681";"-0,03123"
"16,25000";"12,66181";"-0,02626"
"16,26000";"12,64682";"-0,02867"
"16,27000";"12,63183";"-0,02857"
"16,28000";"12,61683";"-0,03042"
"16,29000";"12,60196";"-0,03128"
"16,30000";"12,58697";"-0,03306"
"16,31000";"12,57185";"-0,03292"
"16,32000";"12,55686";"-0,02870"
"16,33000";"12,54175";"-0,03046"
"16,34000";"12,52688";"-0,03420"
"16,35000";"12,51188";"-0,03119"
"16,36000";"12,49677";"-0,03718"
"16,37000";"12,48201";"-0,04131"
"16,38000";"12,46702";"-0,04318"
"16,39000";"12,45215";"-0,04083"
"16,40000";"12,43704";"-0,03589"
"16,41000";"12,42192";"-0,03131"
"16,42000";"12,40705";"-0,02907"
"16,43000";"12,39217";"-0,02801"
"16,44000";"12,37718";"-0,03060"
"16,45000";"12,36219";"-0,04111"
"16,46000";"12,34708";"-0,04883"
"16,47000";"12,33208";"-0,05098"
"16,48000";"12,31709";"-0,04845"
"16,49000";"12,30186";"-0,04089"
"16,50000";"12,28687";"-0,04270"
"16,51000";"12,27188";"-0,04456"
"16,52000";"12,25688";"-0,03897"
"16,53000";"12,24189";"-0,02862"
"16,54000";"12,22690";"-0,01825"
"16,55000";"12,21190";"-0,01875"
"16,56000";"12,19679";"-0,01937"
"16,57000";"12,18168";"-0,02554"
"16,58000";"12,16681";"-0,02928"
"16,59000";"12,15193";"-0,02658"
"16,60000";"12,13694";"-0,02695"
"16,61000";"12,12206";"-0,03267"
"16,62000";"12,10707";"-0,03507"
"16,63000";"12,09219";"-0,02944"
"16,64000";"12,07720";"-0,02563"
"16,65000";"12,06209";"-0,02724"
"16,66000";"12,04710";"-0,02551"
"16,67000";"12,03222";"-0,02295"
"16,68000";"12,01723";"-0,02536"
"16,69000";"12,00224";"-0,02393"
"16,70000";"11,98701";"-0,02304"
"16,71000";"11,97201";"-0,02102"
"16,72000";"11,95690";"-0,01790"
"16,73000";"11,94191";"-0,01405"
"16,74000";"11,92692";"-0,01451"
"16,75000";"11,91192";"-0,02363"
"16,76000";"11,89705";"-0,03107"
"16,77000";"11,88206";"-0,03284"
"16,78000";"11,86683";"-0,03195"
"16,79000";"11,85183";"-0,02910"
"16,80000";"11,83684";"-0,02659"
"16,81000";"11,82173";"-0,02255"
"16,82000";"11,80674";"-0,02212"
"16,83000";"11,79174";"-0,02729"
"16,84000";"11,77699";"-0,02563"
"16,85000";"11,76199";"-0,02397"
"16,86000";"11,74700";"-0,02817"
"16,87000";"11,73189";"-0,02920"
"16,88000";"11,71701";"-0,02129"
"16,89000";"11,70202";"-0,01925"
"16,90000";"11,68703";"-0,01607"
"16,91000";"11,67192";"-0,01927"
"16,92000";"11,65693";"-0,02304"
"16,93000";"11,64193";"-0,02555"
"16,94000";"11,62694";"-0,03243"
"16,95000";"11,61195";"-0,03222"
"16,96000";"11,59683";"-0,03185"
"16,97000";"11,58196";"-0,02668"
"16,98000";"11,56697";"-0,02618"
"16,99000";"11,55197";"-0,02893"
"17,00000";"11,53698";"-0,02553"
"17,01000";"11,52199";"-0,02450"
"17,02000";"11,50699";"-0,02072"
"17,03000";"11,49200";"-0,02510"
"17,04000";"11,47701";"-0,03790"
"17,05000";"11,46201";"-0,04403"
"17,06000";"11,44714";"-0,04201"
"17,07000";"11,43203";"-0,03283"
"17,08000";"11,41704";"-0,02169"
"17,09000";"11,40216";"-0,01911"
"17,10000";"11,38717";"-0,02740"
"17,11000";"11,37194";"-0,03752"
"17,12000";"11,35694";"-0,04494"
"17,13000";"11,34183";"-0,04218"
"17,14000";"11,32684";"-0,03964"
"17,15000";"11,31185";"-0,03365"
"17,16000";"11,29685";"-0,03182"
"17,17000";"11,28198";"-0,03129"
"17,18000";"11,26710";"-0,02640"
"17,19000";"11,25211";"-0,02670"
"17,20000";"11,23700";"-0,02611"
"17,21000";"11,22201";"-0,02322"
"17,22000";"11,20713";"-0,02411"
"17,23000";"11,19202";"-0,02699"
"17,24000";"11,17691";"-0,03265"
"17,25000";"11,16192";"-0,03952"
"17,26000";"11,14704";"-0,04189"
"17,27000";"11,13205";"-0,04801"
"17,28000";"11,11694";"-0,05243"
"17,29000";"11,10194";"-0,05073"
"17,30000";"11,08707";"-0,04752"
"17,31000";"11,07208";"-0,04174"
"17,32000";"11,05696";"-0,03867"
"17,33000";"11,04197";"-0,04470"
"17,34000";"11,02698";"-0,04451"
"17,35000";"11,01199";"-0,04188"
"17,36000";"10,99688";"-0,03836"
"17,37000";"10,98188";"-0,03545"
"17,38000";"10,96712";"-0,03381"
"17,39000";"10,95225";"-0,02481"
"17,40000";"10,93714";"-0,01732"
"17,41000";"10,92203";"-0,01651"
"17,42000";"10,90703";"-0,02150"
"17,43000";"10,89192";"-0,02641"
"17,44000";"10,87681";"-0,03170"
"17,45000";"10,86182";"-0,03584"
"17,46000";"10,84683";"-0,03699"
"17,47000";"10,83195";"-0,03952"
"17,48000";"10,81684";"-0,04399"
"17,49000";"10,80173";"-0,04725"
"17,50000";"10,78686";"-0,04558"
"17,51000";"10,77186";"-0,04556"
"17,52000";"10,75687";"-0,04246"
"17,53000";"10,74188";"-0,04112"
"17,54000";"10,72700";"-0,04581"
"17,55000";"10,71213";"-0,04964"
"17,56000";"10,69713";"-0,04140"
"17,57000";"10,68214";"-0,02972"
"17,58000";"10,66703";"-0,01790"
"17,59000";"10,65215";"-0,01916"
"17,60000";"10,63716";"-0,02690"
"17,61000";"10,62217";"-0,03023"
"17,62000";"10,60717";"-0,04274"
"17,63000";"10,59230";"-0,04671"
"17,64000";"10,57731";"-0,04642"
"17,65000";"10,56231";"-0,04475"
"17,66000";"10,54708";"-0,04626"
"17,67000";"10,53221";"-0,04246"
"17,68000";"10,51733";"-0,04513"
"17,69000";"10,50234";"-0,04127"
"17,70000";"10,48735";"-0,03831"
"17,71000";"10,47235";"-0,04618"
"17,72000";"10,45736";"-0,05127"
"17,73000";"10,44237";"-0,04929"
"17,74000";"10,42714";"-0,04674"
"17,75000";"10,41215";"-0,04761"
"17,76000";"10,39715";"-0,03857"
"17,77000";"10,38216";"-0,03098"
"17,78000";"10,36705";"-0,03526"
"17,79000";"10,35206";"-0,04220"
"17,80000";"10,33706";"-0,03869"
"17,81000";"10,32207";"-0,02605"
"17,82000";"10,30708";"-0,01848"
"17,83000";"10,29197";"-0,02025"
"17,84000";"10,27709";"-0,02780"
"17,85000";"10,26210";"-0,03148"
"17,86000";"10,24699";"-0,03345"
"17,87000";"10,23199";"-0,03144"
"17,88000";"10,21712";"-0,02882"
"17,89000";"10,20224";"-0,02862"
"17,90000";"10,18713";"-0,03107"
"17,91000";"10,17202";"-0,03046"
"17,92000";"10,15691";"-0,03069"
"17,93000";"10,14192";"-0,03061"
"17,94000";"10,12681";"-0,02770"
"17,95000";"10,11169";"-0,02673"
"17,96000";"10,09670";"-0,03137"
"17,97000";"10,08171";"-0,03332"
"17,98000";"10,06671";"-0,02934"
"17,99000";"10,05160";"-0,02838"
"18,00000";"10,03685";"-0,02975"
"18,01000";"10,02197";"-0,03426"
"18,02000";"10,00698";"-0,03969"
"18,03000";"9,99187";"-0,03741"
"18,04000";"9,97688";"-0,04101"
"18,05000";"9,96200";"-0,04990"
"18,06000";"9,94689";"-0,05154"
"18,07000";"9,93190";"-0,05538"
"18,08000";"9,91690";"-0,05677"
"18,09000";"9,90203";"-0,05733"
"18,10000";"9,88703";"-0,05701"
"18,11000";"9,87192";"-0,05892"
"18,12000";"9,85693";"-0,05805"
"18,13000";"9,84194";"-0,05345"
"18,14000";"9,82695";"-0,05498"
"18,15000";"9,81183";"-0,05171"
"18,16000";"9,79684";"-0,05389"
"18,17000";"9,78197";"-0,04989"
"18,18000";"9,76709";"-0,04932"
"18,19000";"9,75210";"-0,04947"
"18,20000";"9,73699";"-0,05539"
"18,21000";"9,72211";"-0,05079"
"18,22000";"9,70724";"-0,03973"
"18,23000";"9,69213";"-0,03619"
"18,24000";"9,67701";"-0,03681"
"18,25000";"9,66202";"-0,03768"
"18,26000";"9,64715";"-0,03421"
"18,27000";"9,63215";"-0,03588"
"18,28000";"9,61704";"-0,03907"
"18,29000";"9,60205";"-0,04431"
"18,30000";"9,58717";"-0,05098"
"18,31000";"9,57218";"-0,05438"
"18,32000";"9,55719";"-0,05754"
"18,33000";"9,54220";"-0,05568"
"18,34000";"9,52732";"-0,05006"
"18,35000";"9,51221";"-0,04183"
"18,36000";"9,49710";"-0,03801"
"18,37000";"9,48199";"-0,03945"
"18,38000";"9,46711";"-0,03912"
"18,39000";"9,45212";"-0,04134"
"18,40000";"9,43713";"-0,04218"
"18,41000";"9,42201";"-0,04422"
"18,42000";"9,40726";"-0,03917"
"18,43000";"9,39215";"-0,03743"
"18,44000";"9,37704";"-0,03370"
"18,45000";"9,36192";"-0,03334"
"18,46000";"9,34693";"-0,03929"
"18,47000";"9,33206";"-0,04380"
"18,48000";"9,31694";"-0,04230"
"18,49000";"9,30195";"-0,03945"
"18,50000";"9,28708";"-0,04083"
"18,51000";"9,27220";"-0,03624"
"18,52000";"9,25709";"-0,03784"
"18,53000";"9,24198";"-0,04241"
"18,54000";"9,22699";"-0,04299"
"18,55000";"9,21211";"-0,03960"
"18,56000";"9,19700";"-0,03312"
"18,57000";"9,18189";"-0,03239"
"18,58000";"9,16690";"-0,03627"
"18,59000";"9,15202";"-0,03821"
"18,60000";"9,13703";"-0,04693"
"18,61000";"9,12192";"-0,05574"
"18,62000";"9,10692";"-0,06184"
"18,63000";"9,09205";"-0,06368"
"18,64000";"9,07717";"-0,05873"
"18,65000";"9,06206";"-0,05549"
"18,66000";"9,04695";"-0,05580"
"18,67000";"9,03196";"-0,05438"
"18,68000";"9,01708";"-0,04805"
"18,69000";"9,00185";"-0,04214"
"18,70000";"8,98662";"-0,04510"
"18,71000";"8,97175";"-0,04811"
"18,72000";"8,95688";"-0,05208"
"18,73000";"8,94188";"-0,04979"
"18,74000";"8,92677";"-0,04176"
"18,75000";"8,91190";"-0,05073"
"18,76000";"8,89690";"-0,04812"
"18,77000";"8,88191";"-0,04479"
"18,78000";"8,86692";"-0,04073"
"18,79000";"8,85204";"-0,03420"
"18,80000";"8,83717";"-0,03435"
"18,81000";"8,82217";"-0,03428"
"18,82000";"8,80694";"-0,03621"
"18,83000";"8,79195";"-0,04095"
"18,84000";"8,77708";"-0,04551"
"18,85000";"8,76197";"-0,05242"
"18,86000";"8,74685";"-0,05193"
"18,87000";"8,73198";"-0,04369"
"18,88000";"8,71710";"-0,03980"
"18,89000";"8,70223";"-0,04402"
"18,90000";"8,68712";"-0,04866"
"18,91000";"8,67213";"-0,05673"
"18,92000";"8,65713";"-0,06861"
"18,93000";"8,64214";"-0,07283"
"18,94000";"8,62703";"-0,06520"
"18,95000";"8,61203";"-0,05387"
"18,96000";"8,59716";"-0,04447"
"18,97000";"8,58228";"-0,04196"
"18,98000";"8,56717";"-0,04631"
"18,99000";"8,55206";"-0,04531"
"19,00000";"8,53707";"-0,04088"
"19,01000";"8,52196";"-0,03930"
"19,02000";"8,50685";"-0,04251"
"19,03000";"8,49174";"-0,04638"
"19,04000";"8,47686";"-0,04716"
"19,05000";"8,46199";"-0,04778"
"19,06000";"8,44687";"-0,04294"
"19,07000";"8,43176";"-0,04166"
"19,08000";"8,41677";"-0,04676"
"19,09000";"8,40178";"-0,05035"
"19,10000";"8,38679";"-0,05003"
"19,11000";"8,37179";"-0,04905"
"19,12000";"8,35680";"-0,04008"
"19,13000";"8,34192";"-0,03227"
"19,14000";"8,32705";"-0,02951"
"19,15000";"8,31194";"-0,03611"
"19,16000";"8,29683";"-0,05247"
"19,17000";"8,28183";"-0,05995"
"19,18000";"8,26684";"-0,05343"
"19,19000";"8,25185";"-0,05117"
"19,20000";"8,23685";"-0,05269"
"19,21000";"8,22198";"-0,05390"
"19,22000";"8,20699";"-0,05111"
"19,23000";"8,19188";"-0,05636"
"19,24000";"8,17676";"-0,05753"
"19,25000";"8,16189";"-0,05838"
"19,26000";"8,14701";"-0,05751"
"19,27000";"8,13202";"-0,04814"
"19,28000";"8,11691";"-0,04152"
"19,29000";"8,10192";"-0,04410"
"19,30000";"8,08704";"-0,04732"
"19,31000";"8,07193";"-0,04473"
"19,32000";"8,05682";"-0,04625"
"19,33000";"8,04171";"-0,04686"
"19,34000";"8,02695";"-0,04868"
"19,35000";"8,01208";"-0,04549"
"19,36000";"7,99708";"-0,04060"
"19,37000";"7,98197";"-0,03447"
"19,38000";"7,96710";"-0,04315"
"19,39000";"7,95210";"-0,05202"
"19,40000";"7,93699";"-0,05502"
"19,41000";"7,92200";"-0,05178"
"19,42000";"7,90712";"-0,04516"
"19,43000";"7,89225";"-0,04336"
"19,44000";"7,87714";"-0,03517"
"19,45000";"7,86203";"-0,02778"
"19,46000";"7,84704";"-0,02953"
"19,47000";"7,83204";"-0,04018"
"19,48000";"7,81693";"-0,04925"
"19,49000";"7,80182";"-0,04842"
"19,50000";"7,78694";"-0,04917"
"19,51000";"7,77207";"-0,04915"
"19,52000";"7,75719";"-0,04460"
"19,53000";"7,74208";"-0,04470"
"19,54000";"7,72709";"-0,04666"
"19,55000";"7,71222";"-0,04470"
"19,56000";"7,69710";"-0,04299"
"19,57000";"7,68199";"-0,04653"
"19,58000";"7,66712";"-0,05482"
"19,59000";"7,65212";"-0,06369"
"19,60000";"7,63725";"-0,06641"
"19,61000";"7,62214";"-0,05995"
"19,62000";"7,60703";"-0,06073"
"19,63000";"7,59203";"-0,06643"
"19,64000";"7,57692";"-0,06571"
"19,65000";"7,56181";"-0,06241"
"19,66000";"7,54682";"-0,06565"
"19,67000";"7,53194";"-0,07210"
"19,68000";"7,51695";"-0,06943"
"19,69000";"7,50196";"-0,06466"
"19,70000";"7,48685";"-0,06399"
"19,71000";"7,47185";"-0,06482"
"19,72000";"7,45686";"-0,06633"
"19,73000";"7,44187";"-0,06912"
"19,74000";"7,42687";"-0,06501"
"19,75000";"7,41188";"-0,05372"
"19,76000";"7,39701";"-0,04639"
"19,77000";"7,38190";"-0,04349"
"19,78000";"7,36690";"-0,04825"
"19,79000";"7,35179";"-0,05431"
"19,80000";"7,33680";"-0,06120"
"19,81000";"7,32181";"-0,05941"
"19,82000";"7,30669";"-0,05610"
"19,83000";"7,29182";"-0,05715"
"19,84000";"7,27694";"-0,06155"
"19,85000";"7,26195";"-0,06389"
"19,86000";"7,24696";"-0,06323"
"19,87000";"7,23185";"-0,06237"
"19,88000";"7,21685";"-0,06831"
"19,89000";"7,20186";"-0,07631"
"19,90000";"7,18699";"-0,07818"
"19,91000";"7,17199";"-0,07793"
"19,92000";"7,15700";"-0,08052"
"19,93000";"7,14201";"-0,07222"
"19,94000";"7,12701";"-0,06481"
"19,95000";"7,11190";"-0,06299"
"19,96000";"7,09691";"-0,07243"
"19,97000";"7,08204";"-0,08102"
"19,98000";"7,06704";"-0,08294"
"19,99000";"7,05193";"-0,07497"
"20,00000";"7,03694";"-0,07171"
"20,01000";"7,02194";"-0,06551"
"20,02000";"7,00695";"-0,05895"
"20,03000";"6,99184";"-0,05760"
"20,04000";"6,97697";"-0,05376"
"20,05000";"6,96209";"-0,05266"
"20,06000";"6,94722";"-0,04808"
"20,07000";"6,93222";"-0,04313"
"20,08000";"6,91723";"-0,04718"
"20,09000";"6,90224";"-0,04863"
"20,10000";"6,88736";"-0,04490"
"20,11000";"6,87213";"-0,05497"
"20,12000";"6,85702";"-0,06465"
"20,13000";"6,84203";"-0,06476"
"20,14000";"6,82703";"-0,06940"
"20,15000";"6,81204";"-0,07214"
"20,16000";"6,79705";"-0,07314"
"20,17000";"6,78206";"-0,07398"
"20,18000";"6,76706";"-0,07373"
"20,19000";"6,75195";"-0,06932"
"20,20000";"6,73696";"-0,06821"
"20,21000";"6,72197";"-0,06566"
"20,22000";"6,70709";"-0,07334"
"20,23000";"6,69198";"-0,07563"
"20,24000";"6,67699";"-0,07056"
"20,25000";"6,66199";"-0,06223"
"20,26000";"6,64688";"-0,06304"
"20,27000";"6,63177";"-0,06814"
"20,28000";"6,61666";"-0,06774"
"20,29000";"6,60178";"-0,07025"
"20,30000";"6,58691";"-0,07366"
"20,31000";"6,57203";"-0,07468"
"20,32000";"6,55704";"-0,07264"
"20,33000";"6,54193";"-0,07324"
"20,34000";"6,52694";"-0,06170"
"20,35000";"6,51206";"-0,05480"
"20,36000";"6,49719";"-0,05043"
"20,37000";"6,48231";"-0,04927"
"20,38000";"6,46732";"-0,05057"
"20,39000";"6,45221";"-0,05761"
"20,40000";"6,43710";"-0,06362"
"20,41000";"6,42199";"-0,07029"
"20,42000";"6,40699";"-0,07497"
"20,43000";"6,39200";"-0,07097"
"20,44000";"6,37689";"-0,06177"
"20,45000";"6,36201";"-0,06591"
"20,46000";"6,34702";"-0,07568"
"20,47000";"6,33203";"-0,07616"
"20,48000";"6,31703";"-0,06998"
"20,49000";"6,30192";"-0,06420"
"20,50000";"6,28693";"-0,06398"
"20,51000";"6,27194";"-0,06479"
"20,52000";"6,25683";"-0,06136"
"20,53000";"6,24183";"-0,05241"
"20,54000";"6,22696";"-0,05317"
"20,55000";"6,21208";"-0,05377"
"20,56000";"6,19709";"-0,04621"
"20,57000";"6,18198";"-0,04076"
"20,58000";"6,16675";"-0,04357"
"20,59000";"6,15176";"-0,05629"
"20,60000";"6,13676";"-0,06194"
"20,61000";"6,12177";"-0,06099"
"20,62000";"6,10690";"-0,06380"
"20,63000";"6,09202";"-0,06535"
"20,64000";"6,07715";"-0,06170"
"20,65000";"6,06215";"-0,05901"
"20,66000";"6,04704";"-0,05208"
"20,67000";"6,03205";"-0,05582"
"20,68000";"6,01706";"-0,05486"
"20,69000";"6,00194";"-0,05356"
"20,70000";"5,98695";"-0,05940"
"20,71000";"5,97196";"-0,06463"
"20,72000";"5,95697";"-0,06957"
"20,73000";"5,94197";"-0,06255"
"20,74000";"5,92674";"-0,05479"
"20,75000";"5,91187";"-0,04893"
"20,76000";"5,89699";"-0,05188"
"20,77000";"5,88212";"-0,04867"
"20,78000";"5,86701";"-0,04569"
"20,79000";"5,85201";"-0,04652"
"20,80000";"5,83702";"-0,04388"
"20,81000";"5,82203";"-0,04181"
"20,82000";"5,80692";"-0,04304"
"20,83000";"5,79204";"-0,04646"
"20,84000";"5,77729";"-0,05646"
"20,85000";"5,76241";"-0,05619"
"20,86000";"5,74730";"-0,05874"
"20,87000";"5,73219";"-0,06057"
"20,88000";"5,71719";"-0,07110"
"20,89000";"5,70220";"-0,06940"
"20,90000";"5,68709";"-0,06731"
"20,91000";"5,67186";"-0,06499"
"20,92000";"5,65687";"-0,05549"
"20,93000";"5,64199";"-0,04287"
"20,94000";"5,62688";"-0,04045"
"20,95000";"5,61177";"-0,04748"
"20,96000";"5,59690";"-0,05289"
"20,97000";"5,58190";"-0,06092"
"20,98000";"5,56679";"-0,06214"
"20,99000";"5,55180";"-0,05919"
"21,00000";"5,53692";"-0,05454"
"21,01000";"5,52205";"-0,05269"
"21,02000";"5,50706";"-0,05490"
"21,03000";"5,49206";"-0,05634"
"21,04000";"5,47695";"-0,05936"
"21,05000";"5,46208";"-0,05903"
"21,06000";"5,44697";"-0,05500"
"21,07000";"5,43185";"-0,05321"
"21,08000";"5,41698";"-0,05834"
"21,09000";"5,40210";"-0,06071"
"21,10000";"5,38711";"-0,05099"
"21,11000";"5,37212";"-0,04985"
"21,12000";"5,35701";"-0,05487"
"21,13000";"5,34213";"-0,05953"
"21,14000";"5,32726";"-0,05912"
"21,15000";"5,31215";"-0,05605"
"21,16000";"5,29704";"-0,05487"
"21,17000";"5,28216";"-0,05638"
"21,18000";"5,26717";"-0,05493"
"21,19000";"5,25206";"-0,05118"
"21,20000";"5,23706";"-0,05474"
"21,21000";"5,22207";"-0,04602"
"21,22000";"5,20708";"-0,04243"
"21,23000";"5,19197";"-0,04164"
"21,24000";"5,17697";"-0,04829"
"21,25000";"5,16210";"-0,05705"
"21,26000";"5,14710";"-0,06135"
"21,27000";"5,13211";"-0,06605"
"21,28000";"5,11700";"-0,07442"
"21,29000";"5,10189";"-0,07388"
"21,30000";"5,08701";"-0,06917"
"21,31000";"5,07202";"-0,06277"
"21,32000";"5,05703";"-0,05452"
"21,33000";"5,04215";"-0,05718"
"21,34000";"5,02716";"-0,06809"
"21,35000";"5,01217";"-0,07053"
"21,36000";"4,99706";"-0,06530"
"21,37000";"4,98183";"-0,06364"
"21,38000";"4,96683";"-0,06865"
"21,39000";"4,95184";"-0,06747"
"21,40000";"4,93673";"-0,06802"
"21,41000";"4,92185";"-0,06470"
"21,42000";"4,90698";"-0,06184"
"21,43000";"4,89199";"-0,05866"
"21,44000";"4,87688";"-0,06022"
"21,45000";"4,86176";"-0,05884"
"21,46000";"4,84677";"-0,05414"
"21,47000";"4,83201";"-0,05401"
"21,48000";"4,81702";"-0,05276"
"21,49000";"4,80203";"-0,04825"
"21,50000";"4,78703";"-0,04533"
"21,51000";"4,77216";"-0,03776"
"21,52000";"4,75705";"-0,03557"
"21,53000";"4,74194";"-0,04609"
"21,54000";"4,72694";"-0,05185"
"21,55000";"4,71207";"-0,05114"
"21,56000";"4,69719";"-0,05177"
"21,57000";"4,68208";"-0,05009"
"21,58000";"4,66709";"-0,04563"
"21,59000";"4,65222";"-0,04989"
"21,60000";"4,63722";"-0,05760"
"21,61000";"4,62211";"-0,06106"
"21,62000";"4,60700";"-0,06445"
"21,63000";"4,59201";"-0,06327"
"21,64000";"4,57713";"-0,05758"
"21,65000";"4,56214";"-0,04850"
"21,66000";"4,54715";"-0,04378"
"21,67000";"4,53227";"-0,04735"
"21,68000";"4,51740";"-0,05220"
"21,69000";"4,50228";"-0,05595"
"21,70000";"4,48717";"-0,05844"
"21,71000";"4,47230";"-0,06077"
"21,72000";"4,45742";"-0,05694"
"21,73000";"4,44243";"-0,05161"
"21,74000";"4,42720";"-0,04788"
"21,75000";"4,41221";"-0,05099"
"21,76000";"4,39710";"-0,05680"
"21,77000";"4,38210";"-0,05509"
"21,78000";"4,36687";"-0,05421"
"21,79000";"4,35200";"-0,05398"
"21,80000";"4,33712";"-0,06094"
"21,81000";"4,32225";"-0,06060"
"21,82000";"4,30702";"-0,05203"
"21,83000";"4,29203";"-0,05501"
"21,84000";"4,27715";"-0,05979"
"21,85000";"4,26216";"-0,05511"
"21,86000";"4,24705";"-0,05596"
"21,87000";"4,23217";"-0,05638"
"21,88000";"4,21730";"-0,05976"
"21,89000";"4,20242";"-0,06398"
"21,90000";"4,18719";"-0,06674"
"21,91000";"4,17208";"-0,07347"
"21,92000";"4,15709";"-0,07567"
"21,93000";"4,14222";"-0,06415"
"21,94000";"4,12710";"-0,05700"
"21,95000";"4,11199";"-0,06077"
"21,96000";"4,09712";"-0,06328"
"21,97000";"4,08224";"-0,06041"
"21,98000";"4,06701";"-0,06027"
"21,99000";"4,05190";"-0,06080"
"22,00000";"4,03679";"-0,06721"
"22,01000";"4,02203";"-0,07362"
"22,02000";"4,00704";"-0,07143"
"22,03000";"3,99181";"-0,07419"
"22,04000";"3,97694";"-0,07259"
"22,05000";"3,96194";"-0,06356"
"22,06000";"3,94695";"-0,04991"
"22,07000";"3,93172";"-0,04873"
"22,08000";"3,91661";"-0,05256"
"22,09000";"3,90185";"-0,05659"
"22,10000";"3,88686";"-0,05507"
"22,11000";"3,87175";"-0,05816"
"22,12000";"3,85664";"-0,05771"
"22,13000";"3,84176";"-0,05641"
"22,14000";"3,82677";"-0,05203"
"22,15000";"3,81154";"-0,04710"
"22,16000";"3,79655";"-0,05326"
"22,17000";"3,78179";"-0,05948"
"22,18000";"3,76692";"-0,06410"
"22,19000";"3,75181";"-0,06621"
"22,20000";"3,73681";"-0,06960"
"22,21000";"3,72182";"-0,06537"
"22,22000";"3,70671";"-0,06080"
"22,23000";"3,69160";"-0,05277"
"22,24000";"3,67649";"-0,05501"
"22,25000";"3,66161";"-0,05628"
"22,26000";"3,64685";"-0,05518"
"22,27000";"3,63186";"-0,05227"
"22,28000";"3,61687";"-0,05551"
"22,29000";"3,60187";"-0,06051"
"22,30000";"3,58700";"-0,05714"
"22,31000";"3,57201";"-0,05976"
"22,32000";"3,55701";"-0,06007"
"22,33000";"3,54202";"-0,06009"
"22,34000";"3,52726";"-0,06112"
"22,35000";"3,51239";"-0,05632"
"22,36000";"3,49716";"-0,04642"
"22,37000";"3,48205";"-0,04255"
"22,38000";"3,46706";"-0,04928"
"22,39000";"3,45206";"-0,05591"
"22,40000";"3,43695";"-0,05827"
"22,41000";"3,42208";"-0,05848"
"22,42000";"3,40720";"-0,06069"
"22,43000";"3,39244";"-0,06135"
"22,44000";"3,37722";"-0,05782"
"22,45000";"3,36222";"-0,05352"
"22,46000";"3,34723";"-0,05185"
"22,47000";"3,33212";"-0,05056"
"22,48000";"3,31689";"-0,04405"
"22,49000";"3,30190";"-0,02882"
"22,50000";"3,28690";"-0,02463"
"22,51000";"3,27203";"-0,02199"
"22,52000";"3,25703";"-0,02903"
"22,53000";"3,24192";"-0,04632"
"22,54000";"3,22693";"-0,06044"
"22,55000";"3,21194";"-0,06309"
"22,56000";"3,19706";"-0,05616"
"22,57000";"3,18207";"-0,04481"
"22,58000";"3,16708";"-0,04905"
"22,59000";"3,15208";"-0,04827"
"22,60000";"3,13697";"-0,04081"
"22,61000";"3,12186";"-0,03721"
"22,62000";"3,10675";"-0,04654"
"22,63000";"3,09187";"-0,05836"
"22,64000";"3,07688";"-0,07133"
"22,65000";"3,06189";"-0,06804"
"22,66000";"3,04690";"-0,06900"
"22,67000";"3,03214";"-0,06713"
"22,68000";"3,01703";"-0,06470"
"22,69000";"3,00192";"-0,05936"
"22,70000";"2,98692";"-0,05980"
"22,71000";"2,97193";"-0,05530"
"22,72000";"2,95706";"-0,04422"
"22,73000";"2,94206";"-0,03678"
"22,74000";"2,92719";"-0,03610"
"22,75000";"2,91219";"-0,04049"
"22,76000";"2,89720";"-0,04602"
"22,77000";"2,88209";"-0,04939"
"22,78000";"2,86686";"-0,04712"
"22,79000";"2,85187";"-0,05128"
"22,80000";"2,83688";"-0,05742"
"22,81000";"2,82188";"-0,05825"
"22,82000";"2,80689";"-0,05413"
"22,83000";"2,79190";"-0,05019"
"22,84000";"2,77690";"-0,04641"
"22,85000";"2,76191";"-0,03778"
"22,86000";"2,74680";"-0,03545"
"22,87000";"2,73181";"-0,03923"
"22,88000";"2,71693";"-0,03997"
"22,89000";"2,70206";"-0,03703"
"22,90000";"2,68694";"-0,03749"
"22,91000";"2,67195";"-0,04944"
"22,92000";"2,65696";"-0,05986"
"22,93000";"2,64197";"-0,05922"
"22,94000";"2,62685";"-0,05942"
"22,95000";"2,61174";"-0,05606"
"22,96000";"2,59687";"-0,04532"
"22,97000";"2,58199";"-0,04006"
"22,98000";"2,56700";"-0,04352"
"22,99000";"2,55189";"-0,05101"
"23,00000";"2,53690";"-0,05817"
"23,01000";"2,52190";"-0,06079"
"23,02000";"2,50679";"-0,05973"
"23,03000";"2,49180";"-0,05705"
"23,04000";"2,47692";"-0,05583"
"23,05000";"2,46217";"-0,05388"
"23,06000";"2,44717";"-0,05044"
"23,07000";"2,43194";"-0,05258"
"23,08000";"2,41695";"-0,05945"
"23,09000";"2,40196";"-0,06080"
"23,10000";"2,38685";"-0,06488"
"23,11000";"2,37162";"-0,06629"
"23,12000";"2,35674";"-0,06676"
"23,13000";"2,34187";"-0,05880"
"23,14000";"2,32699";"-0,04339"
"23,15000";"2,31200";"-0,02950"
"23,16000";"2,29701";"-0,03168"
"23,17000";"2,28213";"-0,04057"
"23,18000";"2,26714";"-0,04082"
"23,19000";"2,25203";"-0,04255"
"23,20000";"2,23703";"-0,04900"
"23,21000";"2,22204";"-0,04819"
"23,22000";"2,20717";"-0,05587"
"23,23000";"2,19206";"-0,06209"
"23,24000";"2,17706";"-0,06361"
"23,25000";"2,16207";"-0,05914"
"23,26000";"2,14696";"-0,05123"
"23,27000";"2,13197";"-0,05388"
"23,28000";"2,11697";"-0,05963"
"23,29000";"2,10210";"-0,06183"
"23,30000";"2,08710";"-0,05985"
"23,31000";"2,07199";"-0,06006"
"23,32000";"2,05688";"-0,05352"
"23,33000";"2,04189";"-0,04592"
"23,34000";"2,02690";"-0,04559"
"23,35000";"2,01190";"-0,05285"
"23,36000";"1,99691";"-0,06171"
"23,37000";"1,98192";"-0,06552"
"23,38000";"1,96704";"-0,06721"
"23,39000";"1,95205";"-0,06156"
"23,40000";"1,93694";"-0,05822"
"23,41000";"1,92183";"-0,06332"
"23,42000";"1,90683";"-0,06479"
"23,43000";"1,89196";"-0,06019"
"23,44000";"1,87685";"-0,05301"
"23,45000";"1,86197";"-0,05235"
"23,46000";"1,84698";"-0,05195"
"23,47000";"1,83199";"-0,05273"
"23,48000";"1,81699";"-0,05458"
"23,49000";"1,80188";"-0,05635"
"23,50000";"1,78689";"-0,05472"
"23,51000";"1,77201";"-0,05078"
"23,52000";"1,75690";"-0,05517"
"23,53000";"1,74191";"-0,05809"
"23,54000";"1,72692";"-0,05975"
"23,55000";"1,71204";"-0,06078"
"23,56000";"1,69705";"-0,05916"
"23,57000";"1,68194";"-0,05353"
"23,58000";"1,66694";"-0,04957"
"23,59000";"1,65195";"-0,04365"
"23,60000";"1,63708";"-0,03483"
"23,61000";"1,62197";"-0,03762"
"23,62000";"1,60697";"-0,05070"
"23,63000";"1,59198";"-0,06033"
"23,64000";"1,57710";"-0,06023"
"23,65000";"1,56199";"-0,06426"
"23,66000";"1,54700";"-0,06773"
"23,67000";"1,53201";"-0,07817"
"23,68000";"1,51701";"-0,07570"
"23,69000";"1,50202";"-0,07259"
"23,70000";"1,48703";"-0,06874"
"23,71000";"1,47192";"-0,06223"
"23,72000";"1,45704";"-0,06099"
"23,73000";"1,44193";"-0,06579"
"23,74000";"1,42682";"-0,07359"
"23,75000";"1,41194";"-0,07185"
"23,76000";"1,39695";"-0,06610"
"23,77000";"1,38196";"-0,05764"
"23,78000";"1,36685";"-0,05258"
"23,79000";"1,35185";"-0,04981"
"23,80000";"1,33686";"-0,04788"
"23,81000";"1,32175";"-0,04640"
"23,82000";"1,30676";"-0,05472"
"23,83000";"1,29176";"-0,05679"
"23,84000";"1,27701";"-0,05257"
"23,85000";"1,26213";"-0,05132"
"23,86000";"1,24714";"-0,05605"
"23,87000";"1,23215";"-0,06272"
"23,88000";"1,21727";"-0,06250"
"23,89000";"1,20216";"-0,05690"
"23,90000";"1,18705";"-0,05181"
"23,91000";"1,17206";"-0,05512"
"23,92000";"1,15706";"-0,05861"
"23,93000";"1,14207";"-0,06403"
"23,94000";"1,12708";"-0,07129"
"23,95000";"1,11197";"-0,06973"
"23,96000";"1,09697";"-0,06202"
"23,97000";"1,08210";"-0,05765"
"23,98000";"1,06710";"-0,05484"
"23,99000";"1,05199";"-0,05724"
"24,00000";"1,03700";"-0,06135"
"24,01000";"1,02201";"-0,06068"
"24,02000";"1,00701";"-0,05905"
"24,03000";"0,99190";"-0,05169"
"24,04000";"0,97691";"-0,04832"
"24,05000";"0,96192";"-0,04903"
"24,06000";"0,94692";"-0,04996"
"24,07000";"0,93193";"-0,05471"
"24,08000";"0,91694";"-0,05621"
"24,09000";"0,90206";"-0,04941"
"24,10000";"0,88707";"-0,03831"
"24,11000";"0,87196";"-0,03335"
"24,12000";"0,85685";"-0,03883"
"24,13000";"0,84185";"-0,04279"
"24,14000";"0,82698";"-0,05051"
"24,15000";"0,81199";"-0,05355"
"24,16000";"0,79699";"-0,04733"
"24,17000";"0,78212";"-0,04585"
"24,18000";"0,76724";"-0,04309"
"24,19000";"0,75225";"-0,04448"
"24,20000";"0,73714";"-0,04844"
"24,21000";"0,72215";"-0,05794"
"24,22000";"0,70715";"-0,06055"
"24,23000";"0,69204";"-0,05223"
"24,24000";"0,67705";"-0,04346"
"24,25000";"0,66206";"-0,03305"
"24,26000";"0,64718";"-0,02651"
"24,27000";"0,63219";"-0,02451"
"24,28000";"0,61696";"-0,02810"
"24,29000";"0,60197";"-0,03777"
"24,30000";"0,58709";"-0,04169"
"24,31000";"0,57198";"-0,04296"
"24,32000";"0,55687";"-0,03839"
"24,33000";"0,54188";"-0,03315"
"24,34000";"0,52688";"-0,03060"
"24,35000";"0,51189";"-0,03619"
"24,36000";"0,49678";"-0,03616"
"24,37000";"0,48167";"-0,02992"
"24,38000";"0,46691";"-0,02789"
"24,39000";"0,45192";"-0,02119"
"24,40000";"0,43692";"-0,01562"
"24,41000";"0,42181";"-0,01937"
"24,42000";"0,40682";"-0,03182"
"24,43000";"0,39194";"-0,03949"
"24,44000";"0,37683";"-0,04367"
"24,45000";"0,36172";"-0,03827"
"24,46000";"0,34685";"-0,03870"
"24,47000";"0,33197";"-0,03916"
"24,48000";"0,31710";"-0,03092"
"24,49000";"0,30199";"-0,02386"
"24,50000";"0,28711";"-0,02537"
"24,51000";"0,27224";"-0,03702"
"24,52000";"0,25713";"-0,05005"
"24,53000";"0,24201";"-0,05766"
"24,54000";"0,22690";"-0,05351"
"24,55000";"0,21203";"-0,03440"
"24,56000";"0,19703";"-0,02721"
"24,57000";"0,18192";"-0,03089"
"24,58000";"0,16681";"-0,03142"
"24,59000";"0,15182";"-0,02912"
"24,60000";"0,13694";"-0,03121"
"24,61000";"0,12195";"-0,03992"
"24,62000";"0,10708";"-0,04590"
"24,63000";"0,09220";"-0,04712"
"24,64000";"0,07733";"-0,04150"
"24,65000";"0,06222";"-0,04551"
"24,66000";"0,04722";"-0,04381"
"24,67000";"0,03223";"-0,04055"
"24,68000";"0,01724";"-0,03529"
"24,69000";"0,00213";"-0,02557"
"24,69200";"-0,00083";"-0,02463"
"24,69400";"-0,00390";"-0,02394"
"24,70400";"-0,01676";"-0,02306"
"24,71400";"-0,02397";"-0,01379"
"24,72000";"-0,02562";"-0,00104"
"24,73000";"-0,02479";"0,01464"
"24,74000";"-0,01948";"0,01901"
"24,75000";"-0,00756";"0,02648"
"24,76000";"0,00968";"0,02961"
"24,77000";"0,02999";"0,02836"
"24,78000";"0,05159";"0,01950"
"24,79000";"0,07331";"0,00595"
"24,80000";"0,09456";"-0,01067"
"24,81000";"0,11510";"-0,02438"
"24,82000";"0,13470";"-0,03536"
"24,83000";"0,15347";"-0,04314"
"24,84000";"0,17142";"-0,05121"
"24,85000";"0,18877";"-0,05199"
"24,86000";"0,20577";"-0,05633"
"24,87000";"0,22230";"-0,05009"
"24,88000";"0,23847";"-0,03709"
"24,89000";"0,25441";"-0,03334"
"24,90000";"0,27011";"-0,03542"
"24,91000";"0,28558";"-0,03150"
"24,92000";"0,30116";"-0,03038"
"24,93000";"0,31651";"-0,02530"
"24,94000";"0,33185";"-0,02924"
"24,95000";"0,34708";"-0,03079"
"24,96000";"0,36219";"-0,03093"
"24,97000";"0,37731";"-0,03339"
"24,98000";"0,39230";"-0,03198"
"24,99000";"0,40741";"-0,02639"
"25,00000";"0,42252";"-0,01728"
"25,01000";"0,43763";"-0,01794"
"25,02000";"0,45274";"-0,01489"
"25,03000";"0,46785";"-0,01185"
"25,04000";"0,48285";"-0,01272"
"25,05000";"0,49784";"-0,02413"
"25,06000";"0,51283";"-0,02927"
"25,07000";"0,52783";"-0,02591"
"25,08000";"0,54282";"-0,02571"
"25,09000";"0,55793";"-0,02799"
"25,10000";"0,57292";"-0,02505"
"25,11000";"0,58792";"-0,01918"
"25,12000";"0,60303";"-0,02169"
"25,13000";"0,61802";"-0,02560"
"25,14000";"0,63290";"-0,02586"
"25,15000";"0,64801";"-0,02794"
"25,16000";"0,66300";"-0,02319"
"25,17000";"0,67799";"-0,01822"
"25,18000";"0,69299";"-0,01903"
"25,19000";"0,70798";"-0,02511"
"25,20000";"0,72285";"-0,02813"
"25,21000";"0,73797";"-0,02659"
"25,22000";"0,75296";"-0,01814"
"25,23000";"0,76795";"-0,00825"
"25,24000";"0,78306";"-0,00406"
"25,25000";"0,79806";"-0,00539"
"25,26000";"0,81317";"-0,00705"
"25,27000";"0,82804";"-0,01519"
"25,28000";"0,84292";"-0,02656"
"25,29000";"0,85791";"-0,03213"
"25,30000";"0,87278";"-0,03461"
"25,31000";"0,88778";"-0,03242"
"25,32000";"0,90289";"-0,02330"
"25,33000";"0,91788";"-0,01551"
"25,34000";"0,93299";"-0,00501"
"25,35000";"0,94799";"0,00282"
"25,36000";"0,96298";"0,00477"
"25,37000";"0,97797";"-0,00310"
"25,38000";"0,99297";"-0,01158"
"25,39000";"1,00796";"-0,01557"
"25,40000";"1,02295";"-0,01884"
"25,41000";"1,03794";"-0,02767"
"25,42000";"1,05306";"-0,03399"
"25,43000";"1,06805";"-0,03638"
"25,44000";"1,08304";"-0,03182"
"25,45000";"1,09803";"-0,03549"
"25,46000";"1,11303";"-0,04423"
"25,47000";"1,12802";"-0,05246"
"25,48000";"1,14313";"-0,05690"
"25,49000";"1,15801";"-0,05004"
"25,50000";"1,17300";"-0,03971"
"25,51000";"1,18799";"-0,02933"
"25,52000";"1,20299";"-0,02910"
"25,53000";"1,21798";"-0,03121"
"25,54000";"1,23297";"-0,03197"
"25,55000";"1,24808";"-0,03300"
"25,56000";"1,26308";"-0,02975"
"25,57000";"1,27819";"-0,02653"
"25,58000";"1,29306";"-0,02374"
"25,59000";"1,30806";"-0,02042"
"25,60000";"1,32305";"-0,02220"
"25,61000";"1,33792";"-0,02516"
"25,62000";"1,35292";"-0,02672"
"25,63000";"1,36791";"-0,02802"
"25,64000";"1,38302";"-0,02808"
"25,65000";"1,39801";"-0,03017"
"25,66000";"1,41301";"-0,02959"
"25,67000";"1,42800";"-0,02114"
"25,68000";"1,44311";"-0,01399"
"25,69000";"1,45799";"-0,01718"
"25,70000";"1,47298";"-0,02099"
"25,71000";"1,48797";"-0,02788"
"25,72000";"1,50308";"-0,03229"
"25,73000";"1,51808";"-0,03986"
"25,74000";"1,53307";"-0,03669"
"25,75000";"1,54806";"-0,02877"
"25,76000";"1,56306";"-0,02343"
"25,77000";"1,57793";"-0,02441"
"25,78000";"1,59292";"-0,02371"
"25,79000";"1,60803";"-0,02342"
"25,80000";"1,62303";"-0,02548"
"25,81000";"1,63802";"-0,03072"
"25,82000";"1,65301";"-0,02460"
"25,83000";"1,66801";"-0,02696"
"25,84000";"1,68300";"-0,03092"
"25,85000";"1,69799";"-0,02647"
"25,86000";"1,71299";"-0,02155"
"25,87000";"1,72810";"-0,02198"
"25,88000";"1,74309";"-0,02030"
"25,89000";"1,75808";"-0,02079"
"25,90000";"1,77319";"-0,01872"
"25,91000";"1,78807";"-0,02332"
"25,92000";"1,80294";"-0,02300"
"25,93000";"1,81782";"-0,01942"
"25,94000";"1,83281";"-0,01280"
"25,95000";"1,84792";"-0,00656"
"25,96000";"1,86292";"-0,00484"
"25,97000";"1,87803";"-0,01116"
"25,98000";"1,89302";"-0,01251"
"25,99000";"1,90801";"-0,00801"
"26,00000";"1,92301";"-0,00771"
"26,01000";"1,93800";"-0,00155"
"26,02000";"1,95288";"-0,00693"
"26,03000";"1,96787";"-0,01646"
"26,04000";"1,98286";"-0,02069"
"26,05000";"1,99797";"-0,01765"
"26,06000";"2,01297";"-0,00913"
"26,07000";"2,02796";"-0,00724"
"26,08000";"2,04295";"-0,00914"
"26,09000";"2,05783";"-0,01303"
"26,10000";"2,07294";"-0,01553"
"26,11000";"2,08793";"-0,01303"
"26,12000";"2,10292";"-0,01023"
"26,13000";"2,11792";"-0,01347"
"26,14000";"2,13303";"-0,01789"
"26,15000";"2,14802";"-0,01516"
"26,16000";"2,16301";"-0,00548"
"26,17000";"2,17801";"-0,00615"
"26,18000";"2,19312";"-0,00941"
"26,19000";"2,20811";"-0,00478"
"26,20000";"2,22310";"-0,00865"
"26,21000";"2,23810";"-0,01829"
"26,22000";"2,25309";"-0,02838"
"26,23000";"2,26797";"-0,03204"
"26,24000";"2,28284";"-0,03369"
"26,25000";"2,29772";"-0,02986"
"26,26000";"2,31259";"-0,02613"
"26,27000";"2,32758";"-0,01728"
"26,28000";"2,34269";"-0,00995"
"26,29000";"2,35769";"-0,00958"
"26,30000";"2,37280";"-0,01306"
"26,31000";"2,38779";"-0,01450"
"26,32000";"2,40278";"-0,01681"
"26,33000";"2,41778";"-0,02147"
"26,34000";"2,43277";"-0,02045"
"26,35000";"2,44788";"-0,02137"
"26,36000";"2,46299";"-0,01459"
"26,37000";"2,47810";"-0,00568"
"26,38000";"2,49322";"-0,00236"
"26,39000";"2,50821";"-0,00551"
"26,40000";"2,52320";"-0,01231"
"26,41000";"2,53808";"-0,02225"
"26,42000";"2,55295";"-0,02995"
"26,43000";"2,56794";"-0,02609"
"26,44000";"2,58294";"-0,01408"
"26,45000";"2,59793";"-0,00877"
"26,46000";"2,61292";"-0,00623"
"26,47000";"2,62792";"-0,00816"
"26,48000";"2,64279";"-0,01674"
"26,49000";"2,65778";"-0,02275"
"26,50000";"2,67278";"-0,02164"
"26,51000";"2,68765";"-0,02342"
"26,52000";"2,70253";"-0,02472"
"26,53000";"2,71740";"-0,02647"
"26,54000";"2,73240";"-0,01891"
"26,55000";"2,74739";"-0,01373"
"26,56000";"2,76238";"-0,00805"
"26,57000";"2,77737";"-0,00804"
"26,58000";"2,79249";"-0,01178"
"26,59000";"2,80760";"-0,01427"
"26,60000";"2,82283";"-0,00787"
"26,61000";"2,83806";"-0,00244"
"26,62000";"2,85340";"-0,00918"
"26,63000";"2,86851";"-0,01529"
"26,64000";"2,88351";"-0,01540"
"26,65000";"2,89838";"-0,01735"
"26,66000";"2,91338";"-0,01535"
"26,67000";"2,92837";"-0,01383"
"26,68000";"2,94348";"-0,01240"
"26,69000";"2,95847";"-0,01025"
"26,70000";"2,97335";"-0,00884"
"26,71000";"2,98834";"-0,00647"
"26,72000";"3,00322";"-0,00550"
"26,73000";"3,01809";"-0,00962"
"26,74000";"3,03308";"-0,01256"
"26,75000";"3,04796";"-0,00878"
"26,76000";"3,06295";"-0,00763"
"26,77000";"3,07794";"0,00048"
"26,78000";"3,09306";"0,00199"
"26,79000";"3,10793";"-0,00649"
"26,80000";"3,12292";"-0,00863"
"26,81000";"3,13792";"-0,00849"
"26,82000";"3,15279";"-0,00467"
"26,83000";"3,16767";"-0,00121"
"26,84000";"3,18242";"-0,00236"
"26,85000";"3,19742";"-0,01058"
"26,86000";"3,21241";"-0,01044"
"26,87000";"3,22740";"-0,00621"
"26,88000";"3,24251";"-0,00981"
"26,89000";"3,25774";"-0,01671"
"26,90000";"3,27297";"-0,02086"
"26,91000";"3,28808";"-0,02674"
"26,92000";"3,30319";"-0,02808"
"26,93000";"3,31831";"-0,02418"
"26,94000";"3,33330";"-0,02526"
"26,95000";"3,34829";"-0,02381"
"26,96000";"3,36328";"-0,02982"
"26,97000";"3,37840";"-0,03206"
"26,98000";"3,39351";"-0,03136"
"26,99000";"3,40850";"-0,02104"
"27,00000";"3,42349";"-0,00985"
"27,01000";"3,43849";"-0,00706"
"27,02000";"3,45336";"-0,00985"
"27,03000";"3,46824";"-0,00629"
"27,04000";"3,48311";"-0,00160"
"27,05000";"3,49799";"0,00017"
"27,06000";"3,51286";"-0,00251"
"27,07000";"3,52785";"-0,00467"
"27,08000";"3,54285";"-0,00739"
"27,09000";"3,55784";"-0,00948"
"27,10000";"3,57272";"-0,00651"
"27,11000";"3,58747";"-0,00471"
"27,12000";"3,60235";"-0,00613"
"27,13000";"3,61734";"-0,01057"
"27,14000";"3,63233";"-0,00651"
"27,15000";"3,64733";"0,00464"
"27,16000";"3,66244";"0,00702"
"27,17000";"3,67755";"0,00140"
"27,18000";"3,69266";"-0,00528"
"27,19000";"3,70777";"-0,01031"
"27,20000";"3,72288";"-0,00385"
"27,21000";"3,73799";"-0,00081"
"27,22000";"3,75310";"-0,00117"
"27,23000";"3,76822";"-0,00282"
"27,24000";"3,78344";"-0,00048"
"27,25000";"3,79867";"0,00612"
"27,26000";"3,81367";"-0,00337"
"27,27000";"3,82854";"-0,01350"
"27,28000";"3,84353";"-0,01697"
"27,29000";"3,85841";"-0,02397"
"27,30000";"3,87340";"-0,02347"
"27,31000";"3,88840";"-0,02180"
"27,32000";"3,90339";"-0,02418"
"27,33000";"3,91838";"-0,02349"
"27,34000";"3,93326";"-0,01522"
"27,35000";"3,94813";"-0,00884"
"27,36000";"3,96312";"-0,00508"
"27,37000";"3,97800";"-0,00529"
"27,38000";"3,99299";"-0,01296"
"27,39000";"4,00787";"-0,01798"
"27,40000";"4,02274";"-0,01893"
"27,41000";"4,03774";"-0,02100"
"27,42000";"4,05261";"-0,02835"
"27,43000";"4,06749";"-0,03095"
"27,44000";"4,08260";"-0,02719"
"27,45000";"4,09759";"-0,02465"
"27,46000";"4,11270";"-0,01867"
"27,47000";"4,12781";"-0,01884"
"27,48000";"4,14292";"-0,01914"
"27,49000";"4,15803";"-0,01719"
"27,50000";"4,17303";"-0,01997"
"27,51000";"4,18814";"-0,01863"
"27,52000";"4,20325";"-0,00799"
"27,53000";"4,21836";"-0,00438"
"27,54000";"4,23359";"-0,00810"
"27,55000";"4,24858";"-0,01008"
"27,56000";"4,26346";"-0,01400"
"27,57000";"4,27845";"-0,02343"
"27,58000";"4,29333";"-0,02733"
"27,59000";"4,30820";"-0,02207"
"27,60000";"4,32319";"-0,01372"
"27,61000";"4,33819";"-0,01265"
"27,62000";"4,35330";"-0,00859"
"27,63000";"4,36829";"-0,00911"
"27,64000";"4,38328";"-0,01077"
"27,65000";"4,39816";"-0,00975"
"27,66000";"4,41303";"-0,00935"
"27,67000";"4,42803";"-0,00558"
"27,68000";"4,44302";"0,00288"
"27,69000";"4,45813";"0,00253"
"27,70000";"4,47301";"-0,00530"
"27,71000";"4,48800";"-0,00609"
"27,72000";"4,50288";"-0,01253"
"27,73000";"4,51787";"-0,01556"
"27,74000";"4,53274";"-0,01144"
"27,75000";"4,54762";"-0,01129"
"27,76000";"4,56261";"-0,01181"
"27,77000";"4,57772";"-0,01314"
"27,78000";"4,59272";"-0,02208"
"27,79000";"4,60771";"-0,02417"
"27,80000";"4,62282";"-0,02143"
"27,81000";"4,63781";"-0,01607"
"27,82000";"4,65292";"-0,01836"
"27,83000";"4,66804";"-0,01507"
"27,84000";"4,68326";"-0,00963"
"27,85000";"4,69838";"-0,01471"
"27,86000";"4,71337";"-0,02355"
"27,87000";"4,72836";"-0,02572"
"27,88000";"4,74335";"-0,02812"
"27,89000";"4,75823";"-0,02177"
"27,90000";"4,77310";"-0,00885"
"27,91000";"4,78798";"-0,00308"
"27,92000";"4,80297";"-0,00585"
"27,93000";"4,81808";"-0,00652"
"27,94000";"4,83308";"-0,00862"
"27,95000";"4,84819";"-0,00665"
"27,96000";"4,86306";"-0,01237"
"27,97000";"4,87794";"-0,01942"
"27,98000";"4,89269";"-0,02334"
"27,99000";"4,90769";"-0,02075"
"28,00000";"4,92268";"-0,01776"
"28,01000";"4,93779";"-0,02094"
"28,02000";"4,95278";"-0,02488"
"28,03000";"4,96790";"-0,02988"
"28,04000";"4,98289";"-0,03793"
"28,05000";"4,99800";"-0,03442"
"28,06000";"5,01299";"-0,02507"
"28,07000";"5,02799";"-0,01749"
"28,08000";"5,04298";"-0,01235"
"28,09000";"5,05809";"-0,00487"
"28,10000";"5,07320";"-0,00072"
"28,11000";"5,08831";"-0,00066"
"28,12000";"5,10331";"-0,00684"
"28,13000";"5,11830";"-0,00911"
"28,14000";"5,13317";"-0,01089"
"28,15000";"5,14817";"-0,01202"
"28,16000";"5,16316";"-0,01030"
"28,17000";"5,17827";"-0,00561"
"28,18000";"5,19326";"-0,00437"
"28,19000";"5,20814";"-0,00732"
"28,20000";"5,22313";"-0,01300"
"28,21000";"5,23801";"-0,01909"
"28,22000";"5,25300";"-0,01987"
"28,23000";"5,26799";"-0,02044"
"28,24000";"5,28299";"-0,02146"
"28,25000";"5,29810";"-0,02443"
"28,26000";"5,31309";"-0,02265"
"28,27000";"5,32808";"-0,01896"
"28,28000";"5,34296";"-0,01332"
"28,29000";"5,35783";"-0,00977"
"28,30000";"5,37283";"-0,01444"
"28,31000";"5,38782";"-0,02226"
"28,32000";"5,40281";"-0,02116"
"28,33000";"5,41781";"-0,01362"
"28,34000";"5,43292";"-0,01387"
"28,35000";"5,44803";"-0,01946"
"28,36000";"5,46302";"-0,02341"
"28,37000";"5,47790";"-0,02393"
"28,38000";"5,49301";"-0,02543"
"28,39000";"5,50800";"-0,02250"
"28,40000";"5,52311";"-0,02004"
"28,41000";"5,53810";"-0,01547"
"28,42000";"5,55322";"-0,01165"
"28,43000";"5,56821";"-0,01228"
"28,44000";"5,58320";"-0,02371"
"28,45000";"5,59808";"-0,03972"
"28,46000";"5,61295";"-0,04084"
"28,47000";"5,62806";"-0,03387"
"28,48000";"5,64306";"-0,03260"
"28,49000";"5,65805";"-0,02746"
"28,50000";"5,67304";"-0,01852"
"28,51000";"5,68815";"-0,01170"
"28,52000";"5,70315";"-0,01314"
"28,53000";"5,71814";"-0,01450"
"28,54000";"5,73313";"-0,00959"
"28,55000";"5,74813";"-0,00911"
"28,56000";"5,76312";"-0,00718"
"28,57000";"5,77799";"-0,00321"
"28,58000";"5,79299";"-0,00232"
"28,59000";"5,80798";"-0,00641"
"28,60000";"5,82285";"-0,01494"
"28,61000";"5,83785";"-0,01634"
"28,62000";"5,85284";"-0,01477"
"28,63000";"5,86795";"-0,01831"
"28,64000";"5,88306";"-0,01665"
"28,65000";"5,89806";"-0,01861"
"28,66000";"5,91305";"-0,01423"
"28,67000";"5,92804";"-0,01393"
"28,68000";"5,94303";"-0,02127"
"28,69000";"5,95803";"-0,03339"
"28,70000";"5,97302";"-0,03679"
"28,71000";"5,98813";"-0,03700"
"28,72000";"6,00324";"-0,03280"
"28,73000";"6,01824";"-0,02085"
"28,74000";"6,03323";"-0,00984"
"28,75000";"6,04822";"-0,00947"
"28,76000";"6,06310";"-0,00995"
"28,77000";"6,07797";"-0,00973"
"28,78000";"6,09308";"-0,00660"
"28,79000";"6,10796";"-0,00789"
"28,80000";"6,12307";"-0,00510"
"28,81000";"6,13806";"-0,00172"
"28,82000";"6,15306";"-0,00622"
"28,83000";"6,16793";"-0,02044"
"28,84000";"6,18292";"-0,02959"
"28,85000";"6,19780";"-0,02256"
"28,86000";"6,21279";"-0,00771"
"28,87000";"6,22790";"-0,00284"
"28,88000";"6,24301";"-0,01025"
"28,89000";"6,25801";"-0,01616"
"28,90000";"6,27300";"-0,02549"
"28,91000";"6,28799";"-0,02978"
"28,92000";"6,30299";"-0,02617"
"28,93000";"6,31798";"-0,02187"
"28,94000";"6,33309";"-0,01528"
"28,95000";"6,34808";"-0,01097"
"28,96000";"6,36296";"-0,01442"
"28,97000";"6,37807";"-0,01987"
"28,98000";"6,39306";"-0,02180"
"28,99000";"6,40806";"-0,02099"
"29,00000";"6,42305";"-0,02483"
"29,01000";"6,43804";"-0,02159"
"29,02000";"6,45303";"-0,01612"
"29,03000";"6,46803";"-0,01713"
"29,04000";"6,48290";"-0,01283"
"29,05000";"6,49790";"-0,01243"
"29,06000";"6,51289";"-0,00944"
"29,07000";"6,52788";"-0,00853"
"29,08000";"6,54287";"-0,01202"
"29,09000";"6,55787";"-0,01367"
"29,10000";"6,57298";"-0,01403"
"29,11000";"6,58809";"-0,01216"
"29,12000";"6,60297";"-0,00650"
"29,13000";"6,61796";"-0,00565"
"29,14000";"6,63295";"-0,00749"
"29,15000";"6,64783";"-0,00735"
"29,16000";"6,66270";"-0,00248"
"29,17000";"6,67769";"-0,00042"
"29,18000";"6,69281";"-0,00564"
"29,19000";"6,70792";"-0,00615"
"29,20000";"6,72291";"-0,00606"
"29,21000";"6,73802";"-0,00779"
"29,22000";"6,75301";"-0,01244"
"29,23000";"6,76789";"-0,01262"
"29,24000";"6,78288";"-0,00603"
"29,25000";"6,79788";"-0,00593"
"29,26000";"6,81299";"-0,00540"
"29,27000";"6,82798";"-0,01064"
"29,28000";"6,84309";"-0,00802"
"29,29000";"6,85808";"-0,00607"
"29,30000";"6,87308";"-0,00806"
"29,31000";"6,88807";"-0,01433"
"29,32000";"6,90306";"-0,01661"
"29,33000";"6,91806";"-0,01683"
"29,34000";"6,93305";"-0,01506"
"29,35000";"6,94804";"-0,01512"
"29,36000";"6,96303";"-0,01328"
"29,37000";"6,97803";"-0,01502"
"29,38000";"6,99302";"-0,01310"
"29,39000";"7,00801";"-0,00519"
"29,40000";"7,02301";"-0,00135"
"29,41000";"7,03788";"-0,00809"
"29,42000";"7,05288";"-0,01356"
"29,43000";"7,06787";"-0,01096"
"29,44000";"7,08298";"-0,00557"
"29,45000";"7,09797";"-0,00550"
"29,46000";"7,11297";"-0,01686"
"29,47000";"7,12796";"-0,02646"
"29,48000";"7,14295";"-0,03155"
"29,49000";"7,15794";"-0,02177"
"29,50000";"7,17294";"-0,01332"
"29,51000";"7,18805";"-0,00545"
"29,52000";"7,20304";"-0,00473"
"29,53000";"7,21803";"-0,00631"
"29,54000";"7,23303";"-0,00489"
"29,55000";"7,24778";"-0,00166"
"29,56000";"7,26278";"-0,00278"
"29,57000";"7,27789";"-0,00552"
"29,58000";"7,29288";"-0,01664"
"29,59000";"7,30799";"-0,02423"
"29,60000";"7,32299";"-0,02943"
"29,61000";"7,33810";"-0,03108"
"29,62000";"7,35309";"-0,02956"
"29,63000";"7,36808";"-0,02492"
"29,64000";"7,38308";"-0,02433"
"29,65000";"7,39819";"-0,01673"
"29,66000";"7,41318";"-0,00961"
"29,67000";"7,42817";"-0,00672"
"29,68000";"7,44317";"-0,00287"
"29,69000";"7,45804";"-0,00021"
"29,70000";"7,47303";"0,00066"
"29,71000";"7,48791";"-0,00009"
"29,72000";"7,50290";"0,00083"
"29,73000";"7,51790";"0,00942"
"29,74000";"7,53289";"0,01979"
"29,75000";"7,54800";"0,02004"
"29,76000";"7,56299";"0,01438"
"29,77000";"7,57799";"0,00927"
"29,78000";"7,59286";"0,00246"
"29,79000";"7,60785";"-0,00550"
"29,80000";"7,62285";"-0,01257"
"29,81000";"7,63784";"-0,01251"
"29,82000";"7,65295";"-0,01245"
"29,83000";"7,66794";"-0,01070"
"29,84000";"7,68294";"-0,01249"
"29,85000";"7,69793";"-0,01142"
"29,86000";"7,71281";"-0,00661"
"29,87000";"7,72780";"-0,00594"
"29,88000";"7,74279";"-0,00209"
"29,89000";"7,75778";"-0,00140"
"29,90000";"7,77278";"-0,00174"
"29,91000";"7,78789";"-0,01008"
"29,92000";"7,80276";"-0,01389"
"29,93000";"7,81776";"-0,01582"
"29,94000";"7,83275";"-0,02122"
"29,95000";"7,84774";"-0,02602"
"29,96000";"7,86285";"-0,03032"
"29,97000";"7,87785";"-0,03170"
"29,98000";"7,89296";"-0,02758"
"29,99000";"7,90795";"-0,01589"
"30,00000";"7,92294";"-0,00412"
"30,01000";"7,93806";"-0,00097"
"30,02000";"7,95293";"-0,00076"
"30,03000";"7,96781";"-0,00114"
"30,04000";"7,98292";"-0,00094"
"30,05000";"7,99791";"0,00032"
"30,06000";"8,01302";"-0,00346"
"30,07000";"8,02801";"-0,00633"
"30,08000";"8,04313";"-0,00765"
"30,09000";"8,05812";"-0,01328"
"30,10000";"8,07299";"-0,01471"
"30,11000";"8,08787";"-0,00819"
"30,12000";"8,10286";"-0,00403"
"30,13000";"8,11786";"-0,00297"
"30,14000";"8,13297";"-0,01042"
"30,15000";"8,14796";"-0,02143"
"30,16000";"8,16295";"-0,02081"
"30,17000";"8,17794";"-0,02323"
"30,18000";"8,19294";"-0,02118"
"30,19000";"8,20805";"-0,01906"
"30,20000";"8,22304";"-0,01440"
"30,21000";"8,23815";"-0,01208"
"30,22000";"8,25326";"-0,00812"
"30,23000";"8,26826";"-0,00505"
"30,24000";"8,28325";"-0,00257"
"30,25000";"8,29824";"-0,00442"
"30,26000";"8,31312";"-0,01401"
"30,27000";"8,32811";"-0,01107"
"30,28000";"8,34322";"-0,00706"
"30,29000";"8,35822";"-0,00636"
"30,30000";"8,37321";"-0,00120"
"30,31000";"8,38808";"0,00904"
"30,32000";"8,40296";"0,01930"
"30,33000";"8,41795";"0,01732"
"30,34000";"8,43283";"0,00689"
"30,35000";"8,44782";"-0,00366"
"30,36000";"8,46281";"-0,00621"
"30,37000";"8,47792";"-0,01273"
"30,38000";"8,49304";"-0,01580"
"30,39000";"8,50826";"-0,01303"
"30,40000";"8,52314";"-0,01947"
"30,41000";"8,53813";"-0,02707"
"30,42000";"8,55301";"-0,02214"
"30,43000";"8,56800";"-0,01800"
"30,44000";"8,58299";"-0,01534"
"30,45000";"8,59799";"-0,01912"
"30,46000";"8,61310";"-0,01976"
"30,47000";"8,62821";"-0,02321"
"30,48000";"8,64308";"-0,01818"
"30,49000";"8,65796";"-0,01722"
"30,50000";"8,67283";"-0,01611"
"30,51000";"8,68783";"-0,01158"
"30,52000";"8,70294";"-0,01237"
"30,53000";"8,71793";"-0,01326"
"30,54000";"8,73304";"-0,00908"
"30,55000";"8,74803";"0,00016"
"30,56000";"8,76303";"-0,00196"
"30,57000";"8,77790";"-0,00542"
"30,58000";"8,79290";"-0,01197"
"30,59000";"8,80789";"-0,01876"
"30,60000";"8,82300";"-0,02092"
"30,61000";"8,83811";"-0,01372"
"30,62000";"8,85299";"-0,01371"
"30,63000";"8,86798";"-0,01644"
"30,64000";"8,88309";"-0,01926"
"30,65000";"8,89797";"-0,01745"
"30,66000";"8,91284";"-0,01189"
"30,67000";"8,92795";"-0,00717"
"30,68000";"8,94294";"-0,00448"
"30,69000";"8,95794";"-0,00308"
"30,70000";"8,97281";"-0,00022"
"30,71000";"8,98780";"0,00738"
"30,72000";"9,00280";"0,01290"
"30,73000";"9,01767";"0,01360"
"30,74000";"9,03267";"0,01041"
"30,75000";"9,04778";"0,00609"
"30,76000";"9,06289";"0,00301"
"30,77000";"9,07800";"0,01071"
"30,78000";"9,09299";"0,01332"
"30,79000";"9,10810";"0,01262"
"30,80000";"9,12310";"0,00734"
"30,81000";"9,13809";"0,00021"
"30,82000";"9,15308";"-0,00423"
"30,83000";"9,16808";"-0,00754"
"30,84000";"9,18307";"-0,00466"
"30,85000";"9,19818";"-0,00359"
"30,86000";"9,21329";"-0,00026"
"30,87000";"9,22817";"0,00129"
"30,88000";"9,24316";"-0,00054"
"30,89000";"9,25815";"-0,00021"
"30,90000";"9,27303";"0,00513"
"30,91000";"9,28802";"0,01003"
"30,92000";"9,30301";"0,00873"
"30,93000";"9,31813";"0,00502"
"30,94000";"9,33324";"-0,00159"
"30,95000";"9,34811";"-0,00664"
"30,96000";"9,36310";"-0,01066"
"30,97000";"9,37810";"-0,00947"
"30,98000";"9,39309";"-0,01026"
"30,99000";"9,40808";"-0,00783"
"31,00000";"9,42308";"-0,00694"
"31,01000";"9,43819";"-0,00977"
"31,02000";"9,45318";"-0,01303"
"31,03000";"9,46817";"-0,01246"
"31,04000";"9,48305";"-0,00676"
"31,05000";"9,49804";"-0,00020"
"31,06000";"9,51304";"-0,00116"
"31,07000";"9,52803";"-0,00117"
"31,08000";"9,54302";"-0,00604"
"31,09000";"9,55801";"-0,01581"
"31,10000";"9,57312";"-0,01725"
"31,11000";"9,58812";"-0,01162"
"31,12000";"9,60299";"-0,00834"
"31,13000";"9,61799";"-0,00419"
"31,14000";"9,63298";"-0,00491"
"31,15000";"9,64797";"-0,00232"
"31,16000";"9,66285";"-0,00079"
"31,17000";"9,67796";"0,00275"
"31,18000";"9,69295";"0,00072"
"31,19000";"9,70806";"-0,00457"
"31,20000";"9,72294";"-0,00493"
"31,21000";"9,73793";"0,00084"
"31,22000";"9,75292";"0,00387"
"31,23000";"9,76803";"-0,00229"
"31,24000";"9,78303";"-0,01163"
"31,25000";"9,79802";"-0,02268"
"31,26000";"9,81301";"-0,02321"
"31,27000";"9,82801";"-0,01995"
"31,28000";"9,84288";"-0,01824"
"31,29000";"9,85776";"-0,01238"
"31,30000";"9,87287";"0,00098"
"31,31000";"9,88798";"0,00825"
"31,32000";"9,90297";"0,01420"
"31,33000";"9,91796";"0,00927"
"31,34000";"9,93308";"0,00367"
"31,35000";"9,94807";"0,00403"
"31,36000";"9,96294";"0,00802"
"31,37000";"9,97782";"0,00927"
"31,38000";"9,99293";"0,00542"
"31,39000";"10,00804";"-0,00054"
"31,40000";"10,02304";"-0,00451"
"31,41000";"10,03803";"-0,00079"
"31,42000";"10,05314";"0,00316"
"31,43000";"10,06813";"-0,00192"
"31,44000";"10,08301";"0,00243"
"31,45000";"10,09800";"0,00028"
"31,46000";"10,11299";"-0,00868"
"31,47000";"10,12799";"-0,01685"
"31,48000";"10,14310";"-0,01635"
"31,49000";"10,15809";"-0,01418"
"31,50000";"10,17308";"-0,01013"
"31,51000";"10,18820";"-0,01429"
"31,52000";"10,20307";"-0,01785"
"31,53000";"10,21818";"-0,01228"
"31,54000";"10,23329";"-0,00377"
"31,55000";"10,24828";"0,00144"
"31,56000";"10,26340";"-0,00061"
"31,57000";"10,27827";"-0,00319"
"31,58000";"10,29315";"-0,00539"
"31,59000";"10,30814";"-0,01160"
"31,60000";"10,32313";"-0,00736"
"31,61000";"10,33813";"-0,00868"
"31,62000";"10,35312";"-0,01255"
"31,63000";"10,36823";"-0,01715"
"31,64000";"10,38322";"-0,01522"
"31,65000";"10,39822";"-0,00860"
"31,66000";"10,41321";"-0,00246"
"31,67000";"10,42808";"-0,00902"
"31,68000";"10,44308";"-0,00941"
"31,69000";"10,45807";"-0,01102"
"31,70000";"10,47318";"-0,00624"
"31,71000";"10,48817";"0,00458"
"31,72000";"10,50328";"0,00877"
"31,73000";"10,51828";"0,00623"
"31,74000";"10,53327";"-0,00001"
"31,75000";"10,54815";"-0,00973"
"31,76000";"10,56302";"-0,02148"
"31,77000";"10,57801";"-0,02653"
"31,78000";"10,59301";"-0,02840"
"31,79000";"10,60788";"-0,02449"
"31,80000";"10,62288";"-0,01411"
"31,81000";"10,63799";"-0,00484"
"31,82000";"10,65298";"-0,00280"
"31,83000";"10,66785";"-0,00354"
"31,84000";"10,68285";"-0,00825"
"31,85000";"10,69784";"-0,01292"
"31,86000";"10,71283";"-0,01461"
"31,87000";"10,72783";"-0,02638"
"31,88000";"10,74282";"-0,03031"
"31,89000";"10,75781";"-0,02541"
"31,90000";"10,77292";"-0,01456"
"31,91000";"10,78780";"-0,00475"
"31,92000";"10,80267";"0,00097"
"31,93000";"10,81779";"0,00027"
"31,94000";"10,83290";"-0,00312"
"31,95000";"10,84789";"-0,01016"
"31,96000";"10,86300";"-0,01274"
"31,97000";"10,87811";"-0,01993"
"31,98000";"10,89299";"-0,01792"
"31,99000";"10,90798";"-0,00973"
"32,00000";"10,92285";"-0,00432"
"32,01000";"10,93797";"0,00088"
"32,02000";"10,95308";"0,00123"
"32,03000";"10,96807";"0,00206"
"32,04000";"10,98306";"0,00665"
"32,05000";"10,99817";"0,00928"
"32,06000";"11,01305";"0,00522"
"32,07000";"11,02792";"0,00034"
"32,08000";"11,04292";"-0,00290"
"32,09000";"11,05791";"0,00058"
"32,10000";"11,07302";"0,00411"
"32,11000";"11,08801";"0,00094"
"32,12000";"11,10301";"-0,00623"
"32,13000";"11,11800";"-0,01039"
"32,14000";"11,13299";"-0,01254"
"32,15000";"11,14799";"0,00113"
"32,16000";"11,16298";"0,00680"
"32,17000";"11,17797";"0,00752"
"32,18000";"11,19308";"0,00541"
"32,19000";"11,20808";"0,00359"
"32,20000";"11,22307";"-0,00459"
"32,21000";"11,23806";"-0,00982"
"32,22000";"11,25306";"-0,01043"
"32,23000";"11,26793";"-0,00982"
"32,24000";"11,28304";"-0,00766"
"32,25000";"11,29803";"-0,01221"
"32,26000";"11,31303";"-0,01947"
"32,27000";"11,32802";"-0,01976"
"32,28000";"11,34301";"-0,02008"
"32,29000";"11,35789";"-0,01597"
"32,30000";"11,37288";"-0,01029"
"32,31000";"11,38788";"-0,01278"
"32,32000";"11,40287";"-0,01166"
"32,33000";"11,41786";"-0,00627"
"32,34000";"11,43297";"-0,00298"
"32,35000";"11,44808";"-0,00157"
"32,36000";"11,46308";"0,00402"
"32,37000";"11,47807";"0,00858"
"32,38000";"11,49306";"0,00387"
"32,39000";"11,50806";"-0,00369"
"32,40000";"11,52317";"-0,00922"
"32,41000";"11,53816";"-0,00875"
"32,42000";"11,55315";"-0,00177"
"32,43000";"11,56815";"0,00462"
"32,44000";"11,58326";"0,00454"
"32,45000";"11,59825";"0,00512"
"32,46000";"11,61312";"0,00844"
"32,47000";"11,62800";"0,00840"
"32,48000";"11,64311";"0,00375"
"32,49000";"11,65810";"-0,00025"
"32,50000";"11,67310";"0,00211"
"32,51000";"11,68809";"0,00588"
"32,52000";"11,70308";"0,00693"
"32,53000";"11,71808";"0,00446"
"32,54000";"11,73295";"0,00610"
"32,55000";"11,74794";"0,00609"
"32,56000";"11,76306";"-0,00248"
"32,57000";"11,77805";"-0,00442"
"32,58000";"11,79304";"-0,00698"
"32,59000";"11,80803";"-0,00705"
"32,60000";"11,82303";"-0,00511"
"32,61000";"11,83802";"-0,00135"
"32,62000";"11,85290";"0,00018"
"32,63000";"11,86777";"-0,00248"
"32,64000";"11,88276";"0,00062"
"32,65000";"11,89787";"0,00160"
"32,66000";"11,91299";"0,00182"
"32,67000";"11,92798";"-0,00173"
"32,68000";"11,94297";"-0,00049"
"32,69000";"11,95797";"0,00259"
"32,70000";"11,97284";"0,00751"
"32,71000";"11,98783";"0,00953"
"32,72000";"12,00294";"0,00754"
"32,73000";"12,01794";"0,00134"
"32,74000";"12,03293";"-0,00071"
"32,75000";"12,04792";"-0,01377"
"32,76000";"12,06304";"-0,02037"
"32,77000";"12,07803";"-0,02506"
"32,78000";"12,09302";"-0,02280"
"32,79000";"12,10801";"-0,01871"
"32,80000";"12,12301";"-0,01689"
"32,81000";"12,13800";"-0,01928"
"32,82000";"12,15299";"-0,01882"
"32,83000";"12,16787";"-0,02323"
"32,84000";"12,18286";"-0,02195"
"32,85000";"12,19774";"-0,02057"
"32,86000";"12,21273";"-0,01609"
"32,87000";"12,22772";"-0,00972"
"32,88000";"12,24283";"-0,00180"
"32,89000";"12,25783";"0,00336"
"32,90000";"12,27294";"0,01057"
"32,91000";"12,28793";"0,01225"
"32,92000";"12,30292";"0,02048"
"32,93000";"12,31780";"0,02390"
"32,94000";"12,33267";"0,02691"
"32,95000";"12,34778";"0,02629"
"32,96000";"12,36278";"0,01440"
"32,97000";"12,37789";"0,01336"
"32,98000";"12,39300";"0,01893"
"32,99000";"12,40799";"0,02080"
"33,00000";"12,42299";"0,02095"
"33,01000";"12,43798";"0,02488"
"33,02000";"12,45297";"0,02262"
"33,03000";"12,46797";"0,01833"
"33,04000";"12,48296";"0,02162"
"33,05000";"12,49795";"0,02045"
"33,06000";"12,51294";"0,01781"
"33,07000";"12,52794";"0,02023"
"33,08000";"12,54293";"0,02098"
"33,09000";"12,55792";"0,01880"
"33,10000";"12,57280";"0,01744"
"33,11000";"12,58779";"0,00813"
"33,12000";"12,60290";"0,00297"
"33,13000";"12,61790";"-0,00065"
"33,14000";"12,63289";"0,00291"
"33,15000";"12,64788";"0,01103"
"33,16000";"12,66288";"0,00818"
"33,17000";"12,67787";"0,00490"
"33,18000";"12,69286";"0,00816"
"33,19000";"12,70797";"0,00969"
"33,20000";"12,72308";"0,00659"
"33,21000";"12,73819";"0,00452"
"33,22000";"12,75319";"0,00050"
"33,23000";"12,76830";"-0,00559"
"33,24000";"12,78317";"-0,00049"
"33,25000";"12,79793";"0,00462"
"33,26000";"12,81304";"0,00591"
"33,27000";"12,82815";"0,01284"
"33,28000";"12,84303";"0,01519"
"33,29000";"12,85802";"0,01331"
"33,30000";"12,87313";"0,00622"
"33,31000";"12,88813";"0,00323"
"33,32000";"12,90300";"-0,00064"
"33,33000";"12,91787";"-0,00357"
"33,34000";"12,93287";"-0,01127"
"33,35000";"12,94786";"-0,01328"
"33,36000";"12,96274";"-0,01097"
"33,37000";"12,97773";"-0,00579"
"33,38000";"12,99272";"-0,00309"
"33,39000";"13,00795";"0,00829"
"33,40000";"13,02294";"0,01380"
"33,41000";"13,03794";"0,01447"
"33,42000";"13,05293";"0,01068"
"33,43000";"13,06816";"0,00586"
"33,44000";"13,08327";"0,00336"
"33,45000";"13,09814";"-0,00011"
"33,46000";"13,11314";"-0,00346"
"33,47000";"13,12813";"0,00015"
"33,48000";"13,14301";"0,00345"
"33,49000";"13,15776";"0,00834"
"33,50000";"13,17276";"0,01520"
"33,51000";"13,18787";"0,02327"
"33,52000";"13,20286";"0,02294"
"33,53000";"13,21797";"0,02245"
"33,54000";"13,23297";"0,02058"
"33,55000";"13,24796";"0,01786"
"33,56000";"13,26295";"0,01970"
"33,57000";"13,27771";"0,01158"
"33,58000";"13,29282";"0,01089"
"33,59000";"13,30781";"0,01219"
"33,60000";"13,32292";"0,01202"
"33,61000";"13,33792";"0,01687"
"33,62000";"13,35291";"0,01774"
"33,63000";"13,36790";"0,01738"
"33,64000";"13,38290";"0,01609"
"33,65000";"13,39789";"0,02048"
"33,66000";"13,41276";"0,02225"
"33,67000";"13,42787";"0,02080"
"33,68000";"13,44287";"0,01610"
"33,69000";"13,45786";"0,01375"
"33,70000";"13,47297";"0,01360"
"33,71000";"13,48808";"0,02588"
"33,72000";"13,50308";"0,02997"
"33,73000";"13,51807";"0,02641"
"33,74000";"13,53306";"0,01897"
"33,75000";"13,54794";"0,01374"
"33,76000";"13,56305";"0,01860"
"33,77000";"13,57816";"0,02785"
"33,78000";"13,59315";"0,03242"
"33,79000";"13,60803";"0,03558"
"33,80000";"13,62290";"0,02626"
"33,81000";"13,63790";"0,01951"
"33,82000";"13,65289";"0,01883"
"33,83000";"13,66800";"0,01980"
"33,84000";"13,68299";"0,02534"
"33,85000";"13,69810";"0,02676"
"33,86000";"13,71310";"0,02092"
"33,87000";"13,72797";"0,02031"
"33,88000";"13,74296";"0,02044"
"33,89000";"13,75796";"0,02179"
"33,90000";"13,77307";"0,02626"
"33,91000";"13,78806";"0,02939"
"33,92000";"13,80306";"0,03081"
"33,93000";"13,81817";"0,03796"
"33,94000";"13,83328";"0,04334"
"33,95000";"13,84815";"0,04061"
"33,96000";"13,86315";"0,03684"
"33,97000";"13,87814";"0,03889"
"33,98000";"13,89313";"0,03442"
"33,99000";"13,90813";"0,02482"
"34,00000";"13,92312";"0,01963"
"34,01000";"13,93823";"0,02570"
"34,02000";"13,95322";"0,03567"
"34,03000";"13,96821";"0,04526"
"34,04000";"13,98309";"0,04383"
"34,05000";"13,99808";"0,04346"
"34,06000";"14,01319";"0,04325"
"34,07000";"14,02819";"0,04606"
"34,08000";"14,04306";"0,05146"
"34,09000";"14,05805";"0,05116"
"34,10000";"14,07305";"0,05107"
"34,11000";"14,08792";"0,04992"
"34,12000";"14,10280";"0,04665"
"34,13000";"14,11779";"0,03760"
"34,14000";"14,13278";"0,03302"
"34,15000";"14,14790";"0,03369"
"34,16000";"14,16289";"0,04257"
"34,17000";"14,17800";"0,05734"
"34,18000";"14,19299";"0,06788"
"34,19000";"14,20799";"0,06964"
"34,20000";"14,22286";"0,06838"
"34,21000";"14,23797";"0,06184"
"34,22000";"14,25296";"0,05790"
"34,23000";"14,26808";"0,06001"
"34,24000";"14,28307";"0,06445"
"34,25000";"14,29818";"0,06487"
"34,26000";"14,31317";"0,06674"
"34,27000";"14,32817";"0,06661"
"34,28000";"14,34304";"0,06764"
"34,29000";"14,35803";"0,06416"
"34,30000";"14,37303";"0,06050"
"34,31000";"14,38802";"0,05848"
"34,32000";"14,40301";"0,05268"
"34,33000";"14,41813";"0,07223"
"34,34000";"14,43312";"0,08463"
"34,35000";"14,44811";"0,08927"
"34,36000";"14,46310";"0,08397"
"34,37000";"14,47810";"0,07795"
"34,38000";"14,49321";"0,07761"
"34,39000";"14,50820";"0,08456"
"34,40000";"14,52319";"0,08420"
"34,41000";"14,53819";"0,08537"
"34,42000";"14,55318";"0,08747"
"34,43000";"14,56806";"0,08771"
"34,44000";"14,58293";"0,08751"
"34,45000";"14,59792";"0,09035"
"34,46000";"14,61303";"0,09500"
"34,47000";"14,62815";"0,10126"
"34,48000";"14,64314";"0,09978"
"34,49000";"14,65825";"0,10019"
"34,50000";"14,67313";"0,10209"
"34,51000";"14,68800";"0,10269"
"34,52000";"14,70299";"0,10885"
"34,53000";"14,71799";"0,10856"
"34,54000";"14,73310";"0,10910"
"34,55000";"14,74821";"0,10765"
"34,56000";"14,76320";"0,10997"
"34,57000";"14,77831";"0,11533"
"34,58000";"14,79331";"0,11266"
"34,59000";"14,80818";"0,10892"
"34,60000";"14,82306";"0,11339"
"34,61000";"14,83805";"0,12358"
"34,62000";"14,85292";"0,13486"
"34,63000";"14,86792";"0,14240"
"34,64000";"14,88291";"0,14689"
"34,65000";"14,89790";"0,14965"
"34,66000";"14,91290";"0,15334"
"34,67000";"14,92789";"0,15346"
"34,68000";"14,94288";"0,15724"
"34,69000";"14,95799";"0,15942"
"34,70000";"14,97299";"0,16630"
"34,71000";"14,98810";"0,16825"
"34,72000";"15,00309";"0,17298"
"34,73000";"15,01808";"0,17459"
"34,74000";"15,03308";"0,17578"
"34,75000";"15,04795";"0,17534"
"34,76000";"15,06306";"0,17776"
"34,77000";"15,07806";"0,18495"
"34,78000";"15,09317";"0,19504"
"34,79000";"15,10816";"0,19902"
"34,80000";"15,12315";"0,19803"
"34,81000";"15,13803";"0,19336"
"34,82000";"15,15290";"0,19620"
"34,83000";"15,16790";"0,20639"
"34,84000";"15,18289";"0,20657"
"34,85000";"15,19788";"0,20655"
"34,86000";"15,21299";"0,20847"
"34,87000";"15,22799";"0,21875"
"34,88000";"15,24298";"0,23138"
"34,89000";"15,25785";"0,23695"
"34,90000";"15,27273";"0,23722"
"34,91000";"15,28772";"0,24374"
"34,92000";"15,30283";"0,25719"
"34,93000";"15,31783";"0,27431"
"34,94000";"15,33282";"0,28984"
"34,95000";"15,34781";"0,29285"
"34,96000";"15,36292";"0,29047"
"34,97000";"15,37792";"0,28652"
"34,98000";"15,39291";"0,29123"
"34,99000";"15,40790";"0,30372"
"35,00000";"15,42301";"0,31519"
"35,01000";"15,43801";"0,32810"
"35,02000";"15,45312";"0,33433"
"35,03000";"15,46799";"0,34242"
"35,04000";"15,48299";"0,34744"
"35,05000";"15,49798";"0,35333"
"35,06000";"15,51285";"0,36236"
"35,07000";"15,52773";"0,38479"
"35,08000";"15,54272";"0,39631"
"35,09000";"15,55783";"0,40269"
"35,10000";"15,57294";"0,41425"
"35,11000";"15,58805";"0,42217"
"35,12000";"15,60317";"0,42931"
"35,13000";"15,61816";"0,44166"
"35,14000";"15,63315";"0,45067"
"35,15000";"15,64815";"0,46217"
"35,16000";"15,66314";"0,47595"
"35,17000";"15,67813";"0,49093"
"35,18000";"15,69324";"0,50425"
"35,19000";"15,70824";"0,50691"
"35,20000";"15,72311";"0,50811"
"35,21000";"15,73811";"0,51471"
"35,22000";"15,75298";"0,52895"
"35,23000";"15,76797";"0,54471"
"35,24000";"15,78297";"0,55621"
"35,25000";"15,79796";"0,56897"
"35,26000";"15,81295";"0,58138"
"35,27000";"15,82794";"0,59973"
"35,28000";"15,84306";"0,62360"
"35,29000";"15,85793";"0,63693"
"35,30000";"15,87292";"0,64344"
"35,31000";"15,88792";"0,66107"
"35,32000";"15,90291";"0,67538"
"35,33000";"15,91790";"0,69267"
"35,34000";"15,93290";"0,70239"
"35,35000";"15,94789";"0,71149"
"35,36000";"15,96288";"0,72079"
"35,37000";"15,97788";"0,73941"
"35,38000";"15,99287";"0,76145"
"35,39000";"16,00786";"0,78548"
"35,40000";"16,02297";"0,81152"
"35,41000";"16,03808";"0,82577"
"35,42000";"16,05319";"0,83970"
"35,43000";"16,06819";"0,85417"
"35,44000";"16,08318";"0,87428"
"35,45000";"16,09806";"0,88895"
"35,46000";"16,11293";"0,90453"
"35,47000";"16,12792";"0,93144"
"35,48000";"16,14292";"0,95966"
"35,49000";"16,15803";"0,99438"
"35,50000";"16,17314";"1,02279"
"35,51000";"16,18813";"1,05814"
"35,52000";"16,20312";"1,08245"
"35,53000";"16,21812";"1,10027"
"35,54000";"16,23299";"1,11869"
"35,55000";"16,24811";"1,14172"
"35,56000";"16,26298";"1,16952"
"35,57000";"16,27797";"1,20429"
"35,58000";"16,29296";"1,24013"
"35,59000";"16,30808";"1,27051"
"35,60000";"16,32307";"1,29947"
"35,61000";"16,33794";"1,32928"
"35,62000";"16,35294";"1,35919"
"35,63000";"16,36793";"1,39266"
"35,64000";"16,38292";"1,43522"
"35,65000";"16,39792";"1,47570"
"35,66000";"16,41291";"1,50959"
"35,67000";"16,42790";"1,55811"
"35,68000";"16,44289";"1,60201"
"35,69000";"16,45789";"1,63987"
"35,70000";"16,47288";"1,67991"
"35,71000";"16,48799";"1,72505"
"35,72000";"16,50311";"1,77122"
"35,73000";"16,51810";"1,81790"
"35,74000";"16,53321";"1,87317"
"35,75000";"16,54808";"1,93168"
"35,76000";"16,56308";"1,99771"
"35,77000";"16,57795";"2,04977"
"35,78000";"16,59283";"2,09846"
"35,79000";"16,60794";"2,14960"
"35,80000";"16,62293";"2,20102"
"35,81000";"16,63804";"2,25764"
"35,82000";"16,65303";"2,31978"
"35,83000";"16,66814";"2,37933"
"35,84000";"16,68314";"2,45345"
"35,85000";"16,69801";"2,53474"
"35,86000";"16,71301";"2,61421"
"35,87000";"16,72800";"2,69569"
"35,88000";"16,74299";"2,77718"
"35,89000";"16,75799";"2,85749"
"35,90000";"16,77286";"2,93961"
"35,91000";"16,78786";"3,02774"
"35,92000";"16,80285";"3,12301"
"35,93000";"16,81784";"3,21379"
"35,94000";"16,83283";"3,30867"
"35,95000";"16,84795";"3,40622"
"35,96000";"16,86294";"3,51477"
"35,97000";"16,87805";"3,62526"
"35,98000";"16,89304";"3,74206"
"35,99000";"16,90804";"3,86168"
"36,00000";"16,92303";"3,98870"
"36,01000";"16,93802";"4,12048"
"36,02000";"16,95313";"4,25398"
"36,03000";"16,96812";"4,39115"
"36,04000";"16,98312";"4,53333"
"36,05000";"16,99811";"4,68228"
"36,06000";"17,01311";"4,83557"
"36,07000";"17,02810";"4,99623"
"36,08000";"17,04285";"5,16478"
"36,09000";"17,05785";"5,33935"
"36,10000";"17,07284";"5,52107"
"36,11000";"17,08783";"5,70899"
"36,12000";"17,10283";"5,90589"
"36,13000";"17,11794";"6,11690"
"36,14000";"17,13293";"6,33283"
"36,15000";"17,14792";"6,55352"
"36,16000";"17,16292";"6,78778"
"36,17000";"17,17791";"7,03025"
"36,18000";"17,19290";"7,28519"
"36,19000";"17,20778";"7,55340"
"36,20000";"17,22277";"7,82401"
"36,21000";"17,23765";"8,10677"
"36,22000";"17,25252";"8,39502"
"36,23000";"17,26751";"8,69930"
"36,24000";"17,28251";"9,01376"
"36,25000";"17,29750";"9,34055"
"36,26000";"17,31261";"9,68497"
"36,27000";"17,32784";"10,05102"
"36,28000";"17,34307";"10,44104"
"36,29000";"17,35806";"10,85667"
"36,30000";"17,37317";"11,28436"
"36,31000";"17,38817";"11,73240"
"36,32000";"17,40304";"12,19576"
"36,33000";"17,41803";"12,68252"
"36,34000";"17,43315";"13,18579"
"36,35000";"17,44826";"13,71872"
"36,36000";"17,46325";"14,27062"
"36,37000";"17,47824";"14,84658"
"36,38000";"17,49312";"15,44016"
"36,39000";"17,50811";"16,06211"
"36,40000";"17,52299";"16,71120"
"36,41000";"17,53786";"17,39074"
"36,42000";"17,55285";"18,09847"
"36,43000";"17,56785";"18,84154"
"36,44000";"17,58284";"19,61269"
"36,45000";"17,59783";"20,42484"
"36,46000";"17,61271";"21,26329"
"36,47000";"17,62770";"22,13283"
"36,48000";"17,64246";"23,04132"
"36,49000";"17,65745";"23,98733"
"36,50000";"17,67245";"24,98229"
"36,51000";"17,68744";"26,02688"
"36,52000";"17,70255";"27,13507"
"36,53000";"17,71766";"28,30214"
"36,54000";"17,73277";"29,51460"
"36,55000";"17,74788";"30,79021"
"36,56000";"17,76311";"32,15633"
"36,57000";"17,77822";"33,60950"
"36,58000";"17,79333";"35,15488"
"36,59000";"17,80844";"36,78706"
"36,60000";"17,82344";"38,49862"
"36,61000";"17,83843";"40,29446"
"36,62000";"17,85319";"42,16466"
"36,63000";"17,86806";"44,10754"
"36,64000";"17,88305";"46,14970"
"36,65000";"17,89805";"48,32281"
"36,66000";"17,91304";"50,64274"
"36,67000";"17,92804";"53,10318"
"36,68000";"17,94303";"55,70411"
"36,69000";"17,95802";"58,42699"
"36,70000";"17,97301";"61,26024"
"36,71000";"17,98789";"64,22259"
"36,72000";"18,00277";"67,30692"
"36,73000";"18,01787";"70,51482"
"36,74000";"18,03287";"73,87457"
"36,75000";"18,04774";"77,43456"
"36,76000";"18,06262";"81,18465"
"36,77000";"18,07749";"85,10867"
"36,78000";"18,09237";"89,23409"
"36,79000";"18,10724";"93,57479"
"36,80000";"18,12235";"98,13525"
"36,81000";"18,13747";"102,97458"
"36,82000";"18,15258";"108,08131"
"36,83000";"18,16757";"113,32618"
"36,84000";"18,18280";"118,68271"
"36,85000";"18,19803";"124,20851"
"36,86000";"18,21314";"129,94711"
"36,87000";"18,22813";"135,87730"
"36,88000";"18,24312";"142,04163"
"36,89000";"18,25824";"148,48763"
"36,90000";"18,27323";"155,21240"
"36,91000";"18,28810";"162,18504"
"36,92000";"18,30310";"169,41614"
"36,93000";"18,31797";"176,88094"
"36,94000";"18,33285";"184,56686"
"36,95000";"18,34772";"192,48235"
"36,96000";"18,36260";"200,66402"
"36,97000";"18,37759";"209,28677"
"36,98000";"18,39258";"218,40114"
"36,99000";"18,40758";"227,86224"
"37,00000";"18,42257";"237,53050"
"37,01000";"18,43744";"247,31960"
"37,02000";"18,45232";"257,10867"
"37,03000";"18,46731";"266,85172"
"37,04000";"18,48242";"276,63159"
"37,05000";"18,49754";"286,64160"
"37,05200";"18,50048";"288,66623"
"37,05400";"18,50356";"290,69339"
"37,06400";"18,51666";"300,78784"
"37,07400";"18,52410";"309,53220"
"37,08000";"18,52598";"312,63297"
"37,09000";"18,52540";"312,02295"
"37,10000";"18,52067";"303,09622"
"37,11000";"18,50970";"284,95853"
"37,12000";"18,49293";"255,28740"
"37,13000";"18,47263";"213,41315"
"37,14000";"18,45078";"163,77054"
"37,15000";"18,42859";"113,51664"
"37,16000";"18,40699";"69,23740"
"37,17000";"18,38644";"34,93243"
"37,18000";"18,36661";"12,04140"
"37,19000";"18,34760";"-0,53199"
"37,20000";"18,32931";"-5,19945"
"37,21000";"18,31160";"-4,92722"
"37,22000";"18,29460";"-2,47386"
"37,23000";"18,27842";"0,21938"
"37,24000";"18,26249";"2,19516"
"37,25000";"18,24678";"3,21088"
"37,26000";"18,23096";"3,38159"
"37,27000";"18,21503";"2,96578"
"37,28000";"18,19909";"2,23710"
"37,29000";"18,18339";"1,41440"
"37,30000";"18,16804";"0,64407"
"37,31000";"18,15269";"0,00170"
"37,32000";"18,13758";"-0,50704"
"37,33000";"18,12235";"-0,90819"
"37,34000";"18,10724";"-1,22575"
"37,35000";"18,09225";"-1,48980"
"37,36000";"18,07714";"-1,71989"
"37,37000";"18,06215";"-1,91407"
"37,38000";"18,04715";"-2,07493"
"37,39000";"18,03216";"-2,20933"
"37,40000";"18,01717";"-2,32804"
"37,41000";"18,00206";"-2,43453"
"37,42000";"17,98706";"-2,52716"
"37,43000";"17,97207";"-2,59987"
"37,44000";"17,95696";"-2,66862"
"37,45000";"17,94197";"-2,72424"
"37,46000";"17,92697";"-2,77001"
"37,47000";"17,91198";"-2,81036"
"37,48000";"17,89710";"-2,83352"
"37,49000";"17,88211";"-2,83784"
"37,50000";"17,86700";"-2,82092"
"37,51000";"17,85189";"-2,79118"
"37,52000";"17,83690";"-2,76394"
"37,53000";"17,82202";"-2,73320"
"37,54000";"17,80726";"-2,69742"
"37,55000";"17,79251";"-2,65458"
"37,56000";"17,77751";"-2,61560"
"37,57000";"17,76240";"-2,57545"
"37,58000";"17,74718";"-2,53774"
"37,59000";"17,73195";"-2,49505"
"37,60000";"17,71683";"-2,45017"
"37,61000";"17,70184";"-2,40106"
"37,62000";"17,68685";"-2,34895"
"37,63000";"17,67174";"-2,29630"
"37,64000";"17,65686";"-2,25193"
"37,65000";"17,64175";"-2,20841"
"37,66000";"17,62675";"-2,16052"
"37,67000";"17,61176";"-2,10922"
"37,68000";"17,59689";"-2,06045"
"37,69000";"17,58201";"-2,00799"
"37,70000";"17,56702";"-1,95670"
"37,71000";"17,55202";"-1,89205"
"37,72000";"17,53703";"-1,83254"
"37,73000";"17,52204";"-1,77794"
"37,74000";"17,50705";"-1,72966"
"37,75000";"17,49194";"-1,68710"
"37,76000";"17,47694";"-1,64937"
"37,77000";"17,46219";"-1,61028"
"37,78000";"17,44719";"-1,57154"
"37,79000";"17,43220";"-1,53123"
"37,80000";"17,41721";"-1,49204"
"37,81000";"17,40221";"-1,45955"
"37,82000";"17,38722";"-1,43142"
"37,83000";"17,37199";"-1,40985"
"37,84000";"17,35700";"-1,38466"
"37,85000";"17,34201";"-1,35223"
"37,86000";"17,32701";"-1,31413"
"37,87000";"17,31190";"-1,27202"
"37,88000";"17,29691";"-1,23680"
"37,89000";"17,28204";"-1,20422"
"37,90000";"17,26704";"-1,16208"
"37,91000";"17,25193";"-1,11901"
"37,92000";"17,23682";"-1,09009"
"37,93000";"17,22194";"-1,06596"
"37,94000";"17,20707";"-1,04515"
"37,95000";"17,19208";"-1,02485"
"37,96000";"17,17696";"-1,00590"
"37,97000";"17,16209";"-0,98437"
"37,98000";"17,14710";"-0,96598"
"37,99000";"17,13199";"-0,95021"
"38,00000";"17,11699";"-0,93704"
"38,01000";"17,10200";"-0,92168"
"38,02000";"17,08713";"-0,90000"
"38,03000";"17,07213";"-0,87899"
"38,04000";"17,05702";"-0,84847"
"38,05000";"17,04203";"-0,81875"
"38,06000";"17,02703";"-0,79564"
"38,07000";"17,01192";"-0,77148"
"38,08000";"16,99693";"-0,75598"
"38,09000";"16,98194";"-0,74382"
"38,10000";"16,96706";"-0,72945"
"38,11000";"16,95207";"-0,70007"
"38,12000";"16,93708";"-0,67600"
"38,13000";"16,92196";"-0,66295"
"38,14000";"16,90686";"-0,64869"
"38,15000";"16,89186";"-0,63238"
"38,16000";"16,87675";"-0,61380"
"38,17000";"16,86176";"-0,59027"
"38,18000";"16,84688";"-0,56323"
"38,19000";"16,83201";"-0,53724"
"38,20000";"16,81701";"-0,53307"
"38,21000";"16,80190";"-0,53294"
"38,22000";"16,78691";"-0,52875"
"38,23000";"16,77192";"-0,51750"
"38,24000";"16,75692";"-0,50197"
"38,25000";"16,74193";"-0,48759"
"38,26000";"16,72694";"-0,48607"
"38,27000";"16,71206";"-0,48107"
"38,28000";"16,69707";"-0,47367"
"38,29000";"16,68196";"-0,47089"
"38,30000";"16,66685";"-0,46698"
"38,31000";"16,65197";"-0,46261"
"38,32000";"16,63698";"-0,46099"
"38,33000";"16,62199";"-0,45659"
"38,34000";"16,60687";"-0,45682"
"38,35000";"16,59188";"-0,45335"
"38,36000";"16,57689";"-0,44964"
"38,37000";"16,56166";"-0,44453"
"38,38000";"16,54655";"-0,42183"
"38,39000";"16,53167";"-0,41807"
"38,40000";"16,51692";"-0,41593"
"38,41000";"16,50204";"-0,41339"
"38,42000";"16,48705";"-0,40650"
"38,43000";"16,47194";"-0,40438"
"38,44000";"16,45706";"-0,40326"
"38,45000";"16,44195";"-0,39981"
"38,46000";"16,42684";"-0,40158"
"38,47000";"16,41197";"-0,39651"
"38,48000";"16,39709";"-0,39536"
"38,49000";"16,38210";"-0,39474"
"38,50000";"16,36699";"-0,40031"
"38,51000";"16,35211";"-0,40217"
"38,52000";"16,33712";"-0,39722"
"38,53000";"16,32224";"-0,39014"
"38,54000";"16,30701";"-0,38091"
"38,55000";"16,29214";"-0,37208"
"38,56000";"16,27727";"-0,36933"
"38,57000";"16,26227";"-0,37021"
"38,58000";"16,24716";"-0,37294"
"38,59000";"16,23205";"-0,37356"
"38,60000";"16,21717";"-0,37358"
"38,61000";"16,20218";"-0,37915"
"38,62000";"16,18707";"-0,38693"
"38,63000";"16,17208";"-0,38655"
"38,64000";"16,15720";"-0,38563"
"38,65000";"16,14221";"-0,38444"
"38,66000";"16,12710";"-0,37966"
"38,67000";"16,11187";"-0,37061"
"38,68000";"16,09687";"-0,35937"
"38,69000";"16,08188";"-0,33972"
"38,70000";"16,06665";"-0,33105"
"38,71000";"16,05166";"-0,32673"
"38,72000";"16,03679";"-0,31687"
"38,73000";"16,02191";"-0,30855"
"38,74000";"16,00704";"-0,30334"
"38,75000";"15,99192";"-0,29441"
"38,76000";"15,97693";"-0,29263"
"38,77000";"15,96194";"-0,29268"
"38,78000";"15,94706";"-0,29311"
"38,79000";"15,93195";"-0,29186"
"38,80000";"15,91696";"-0,28600"
"38,81000";"15,90208";"-0,28467"
"38,82000";"15,88721";"-0,28811"
"38,83000";"15,87210";"-0,28408"
"38,84000";"15,85710";"-0,28523"
"38,85000";"15,84211";"-0,28546"
"38,86000";"15,82724";"-0,28039"
"38,87000";"15,81213";"-0,27995"
"38,88000";"15,79713";"-0,28513"
"38,89000";"15,78226";"-0,28924"
"38,90000";"15,76727";"-0,29186"
"38,91000";"15,75215";"-0,28808"
"38,92000";"15,73704";"-0,28857"
"38,93000";"15,72205";"-0,27836"
"38,94000";"15,70706";"-0,26522"
"38,95000";"15,69206";"-0,25502"
"38,96000";"15,67707";"-0,23714"
"38,97000";"15,66220";"-0,22138"
"38,98000";"15,64720";"-0,22112"
"38,99000";"15,63221";"-0,21201"
"39,00000";"15,61698";"-0,20898"
"39,01000";"15,60175";"-0,20855"
"39,02000";"15,58676";"-0,21172"
"39,03000";"15,57176";"-0,21550"
"39,04000";"15,55677";"-0,22518"
"39,05000";"15,54190";"-0,22489"
"39,06000";"15,52690";"-0,21843"
"39,07000";"15,51203";"-0,20773"
"39,08000";"15,49692";"-0,20992"
"39,09000";"15,48180";"-0,20845"
"39,10000";"15,46693";"-0,21108"
"39,11000";"15,45205";"-0,20988"
"39,12000";"15,43706";"-0,20841"
"39,13000";"15,42207";"-0,21457"
"39,14000";"15,40707";"-0,21635"
"39,15000";"15,39220";"-0,21551"
"39,16000";"15,37709";"-0,21253"
"39,17000";"15,36198";"-0,21117"
"39,18000";"15,34699";"-0,21206"
"39,19000";"15,33211";"-0,21025"
"39,20000";"15,31712";"-0,21543"
"39,21000";"15,30201";"-0,21620"
"39,22000";"15,28701";"-0,20935"
"39,23000";"15,27214";"-0,19244"
"39,24000";"15,25715";"-0,18024"
"39,25000";"15,24203";"-0,17747"
"39,26000";"15,22704";"-0,17860"
"39,27000";"15,21205";"-0,17944"
"39,28000";"15,19717";"-0,17569"
"39,29000";"15,18206";"-0,16746"
"39,30000";"15,16707";"-0,16806"
"39,31000";"15,15219";"-0,16883"
"39,32000";"15,13720";"-0,16819"
"39,33000";"15,12197";"-0,16568"
"39,34000";"15,10698";"-0,16775"
"39,35000";"15,09210";"-0,16379"
"39,36000";"15,07723";"-0,15532"
"39,37000";"15,06223";"-0,14562"
"39,38000";"15,04724";"-0,13923"
"39,39000";"15,03213";"-0,14235"
"39,40000";"15,01714";"-0,15000"
"39,41000";"15,00215";"-0,15082"
"39,42000";"14,98715";"-0,15344"
"39,43000";"14,97228";"-0,15431"
"39,44000";"14,95752";"-0,14013"
"39,45000";"14,94241";"-0,12736"
"39,46000";"14,92730";"-0,11374"
"39,47000";"14,91219";"-0,10447"
"39,48000";"14,89719";"-0,09939"
"39,49000";"14,88220";"-0,09120"
"39,50000";"14,86697";"-0,07800"
"39,51000";"14,85198";"-0,06771"
"39,52000";"14,83710";"-0,06724"
"39,53000";"14,82223";"-0,06765"
"39,54000";"14,80700";"-0,07026"
"39,55000";"14,79201";"-0,07346"
"39,56000";"14,77701";"-0,07516"
"39,57000";"14,76226";"-0,07108"
"39,58000";"14,74714";"-0,07464"
"39,59000";"14,73215";"-0,07960"
"39,60000";"14,71716";"-0,08270"
"39,61000";"14,70217";"-0,08084"
"39,62000";"14,68706";"-0,07473"
"39,63000";"14,67194";"-0,06594"
"39,64000";"14,65695";"-0,06290"
"39,65000";"14,64208";"-0,06307"
"39,66000";"14,62697";"-0,06284"
"39,67000";"14,61197";"-0,06119"
"39,68000";"14,59698";"-0,06359"
"39,69000";"14,58199";"-0,06555"
"39,70000";"14,56687";"-0,06533"
"39,71000";"14,55165";"-0,06230"
"39,72000";"14,53677";"-0,05576"
"39,73000";"14,52190";"-0,04573"
"39,74000";"14,50690";"-0,03784"
"39,75000";"14,49167";"-0,04164"
"39,76000";"14,47680";"-0,04812"
"39,77000";"14,46192";"-0,05561"
"39,78000";"14,44693";"-0,05323"
"39,79000";"14,43170";"-0,05114"
"39,80000";"14,41671";"-0,05370"
"39,81000";"14,40183";"-0,05539"
"39,82000";"14,38696";"-0,05471"
"39,83000";"14,37185";"-0,05286"
"39,84000";"14,35674";"-0,05071"
"39,85000";"14,34186";"-0,05074"
"39,86000";"14,32687";"-0,05228"
"39,87000";"14,31164";"-0,05558"
"39,88000";"14,29665";"-0,06161"
"39,89000";"14,28189";"-0,05924"
"39,90000";"14,26701";"-0,06043"
"39,91000";"14,25190";"-0,06459"
"39,92000";"14,23679";"-0,06214"
"39,93000";"14,22180";"-0,05763"
"39,94000";"14,20692";"-0,05127"
"39,95000";"14,19181";"-0,05041"
"39,96000";"14,17670";"-0,05126"
"39,97000";"14,16206";"-0,05214"
"39,98000";"14,14719";"-0,05196"
"39,99000";"14,13219";"-0,05006"
"40,00000";"14,11697";"-0,05284"
"40,01000";"14,10197";"-0,04791"
"40,02000";"14,08698";"-0,04687"
"40,03000";"14,07199";"-0,04225"
"40,04000";"14,05688";"-0,03719"
"40,05000";"14,04200";"-0,03951"
"40,06000";"14,02724";"-0,03759"
"40,07000";"14,01225";"-0,03762"
"40,08000";"13,99726";"-0,04482"
"40,09000";"13,98226";"-0,05087"
"40,10000";"13,96739";"-0,05942"
"40,11000";"13,95228";"-0,05656"
"40,12000";"13,93717";"-0,04462"
"40,13000";"13,92217";"-0,03894"
"40,14000";"13,90730";"-0,03983"
"40,15000";"13,89231";"-0,03920"
"40,16000";"13,87708";"-0,04093"
"40,17000";"13,86196";"-0,04316"
"40,18000";"13,84697";"-0,04765"
"40,19000";"13,83210";"-0,05071"
"40,20000";"13,81699";"-0,05206"
"40,21000";"13,80199";"-0,05923"
"40,22000";"13,78700";"-0,06061"
"40,23000";"13,77212";"-0,05842"
"40,24000";"13,75690";"-0,05781"
"40,25000";"13,74179";"-0,05923"
"40,26000";"13,72679";"-0,05893"
"40,27000";"13,71180";"-0,05346"
"40,28000";"13,69681";"-0,05387"
"40,29000";"13,68181";"-0,05596"
"40,30000";"13,66694";"-0,05651"
"40,31000";"13,65218";"-0,05085"
"40,32000";"13,63719";"-0,04478"
"40,33000";"13,62196";"-0,04701"
"40,34000";"13,60697";"-0,05320"
"40,35000";"13,59197";"-0,04951"
"40,36000";"13,57710";"-0,03652"
"40,37000";"13,56210";"-0,03211"
"40,38000";"13,54699";"-0,03036"
"40,39000";"13,53212";"-0,03577"
"40,40000";"13,51712";"-0,03890"
"40,41000";"13,50201";"-0,04129"
"40,42000";"13,48690";"-0,04981"
"40,43000";"13,47191";"-0,05956"
"40,44000";"13,45704";"-0,05526"
"40,45000";"13,44192";"-0,05031"
"40,46000";"13,42693";"-0,05028"
"40,47000";"13,41194";"-0,05281"
"40,48000";"13,39694";"-0,05368"
"40,49000";"13,38195";"-0,05180"
"40,50000";"13,36672";"-0,05341"
"40,51000";"13,35185";"-0,04929"
"40,52000";"13,33709";"-0,04098"
"40,53000";"13,32210";"-0,03865"
"40,54000";"13,30699";"-0,04121"
"40,55000";"13,29199";"-0,04387"
"40,56000";"13,27700";"-0,03721"
"40,57000";"13,26201";"-0,02941"
"40,58000";"13,24678";"-0,03331"
"40,59000";"13,23178";"-0,03362"
"40,60000";"13,21691";"-0,02825"
"40,61000";"13,20203";"-0,02950"
"40,62000";"13,18704";"-0,03546"
"40,63000";"13,17193";"-0,04447"
"40,64000";"13,15694";"-0,04135"
"40,65000";"13,14194";"-0,03542"
"40,66000";"13,12683";"-0,03223"
"40,67000";"13,11184";"-0,02668"
"40,68000";"13,09697";"-0,02719"
"40,69000";"13,08209";"-0,02698"
"40,70000";"13,06698";"-0,02267"
"40,71000";"13,05199";"-0,02314"
"40,72000";"13,03699";"-0,02464"
"40,73000";"13,02200";"-0,02623"
"40,74000";"13,00689";"-0,02312"
"40,75000";"12,99178";"-0,02295"
"40,76000";"12,97690";"-0,02160"
"40,77000";"12,96215";"-0,01946"
"40,78000";"12,94715";"-0,02611"
"40,79000";"12,93204";"-0,03525"
"40,80000";"12,91705";"-0,03434"
"40,81000";"12,90205";"-0,03818"
"40,82000";"12,88706";"-0,03852"
"40,83000";"12,87207";"-0,03349"
"40,84000";"12,85719";"-0,03350"
"40,85000";"12,84220";"-0,03795"
"40,86000";"12,82709";"-0,04431"
"40,87000";"12,81198";"-0,04802"
"40,88000";"12,79699";"-0,05411"
"40,89000";"12,78199";"-0,05368"
"40,90000";"12,76700";"-0,05563"
"40,91000";"12,75189";"-0,05333"
"40,92000";"12,73690";"-0,04248"
"40,93000";"12,72214";"-0,02922"
"40,94000";"12,70715";"-0,01999"
"40,95000";"12,69203";"-0,01212"
"40,96000";"12,67692";"-0,01739"
"40,97000";"12,66193";"-0,02306"
"40,98000";"12,64682";"-0,02166"
"40,99000";"12,63183";"-0,02047"
"41,00000";"12,61683";"-0,02250"
"41,01000";"12,60184";"-0,02187"
"41,02000";"12,58697";"-0,01570"
"41,03000";"12,57185";"-0,01077"
"41,04000";"12,55686";"-0,01832"
"41,05000";"12,54175";"-0,02422"
"41,06000";"12,52676";"-0,02940"
"41,07000";"12,51188";"-0,02937"
"41,08000";"12,49677";"-0,02759"
"41,09000";"12,48190";"-0,03053"
"41,10000";"12,46690";"-0,03765"
"41,11000";"12,45191";"-0,04664"
"41,12000";"12,43692";"-0,04400"
"41,13000";"12,42180";"-0,03954"
"41,14000";"12,40693";"-0,03577"
"41,15000";"12,39206";"-0,02925"
"41,16000";"12,37706";"-0,02659"
"41,17000";"12,36207";"-0,02733"
"41,18000";"12,34708";"-0,02599"
"41,19000";"12,33208";"-0,02233"
"41,20000";"12,31697";"-0,02370"
"41,21000";"12,30186";"-0,02428"
"41,22000";"12,28687";"-0,01991"
"41,23000";"12,27188";"-0,01592"
"41,24000";"12,25700";"-0,01687"
"41,25000";"12,24201";"-0,01668"
"41,26000";"12,22701";"-0,01804"
"41,27000";"12,21202";"-0,01895"
"41,28000";"12,19691";"-0,01741"
"41,29000";"12,18180";"-0,02161"
"41,30000";"12,16681";"-0,02689"
"41,31000";"12,15193";"-0,02676"
"41,32000";"12,13706";"-0,02839"
"41,33000";"12,12206";"-0,02973"
"41,34000";"12,10707";"-0,02810"
"41,35000";"12,09219";"-0,02618"
"41,36000";"12,07720";"-0,02959"
"41,37000";"12,06209";"-0,02988"
"41,38000";"12,04710";"-0,02715"
"41,39000";"12,03222";"-0,03065"
"41,40000";"12,01723";"-0,03357"
"41,41000";"12,00212";"-0,02457"
"41,42000";"11,98701";"-0,02441"
"41,43000";"11,97201";"-0,02437"
"41,44000";"11,95702";"-0,02010"
"41,45000";"11,94191";"-0,01988"
"41,46000";"11,92692";"-0,02054"
"41,47000";"11,91192";"-0,03490"
"41,48000";"11,89705";"-0,03893"
"41,49000";"11,88194";"-0,03693"
"41,50000";"11,86683";"-0,03609"
"41,51000";"11,85183";"-0,03694"
"41,52000";"11,83696";"-0,03805"
"41,53000";"11,82185";"-0,03868"
"41,54000";"11,80685";"-0,03265"
"41,55000";"11,79186";"-0,02544"
"41,56000";"11,77699";"-0,02096"
"41,57000";"11,76211";"-0,02424"
"41,58000";"11,74700";"-0,02490"
"41,59000";"11,73189";"-0,03071"
"41,60000";"11,71701";"-0,03830"
"41,61000";"11,70202";"-0,04241"
"41,62000";"11,68703";"-0,04580"
"41,63000";"11,67192";"-0,04070"
"41,64000";"11,65693";"-0,03012"
"41,65000";"11,64193";"-0,02368"
"41,66000";"11,62694";"-0,02531"
"41,67000";"11,61183";"-0,03109"
"41,68000";"11,59683";"-0,03574"
"41,69000";"11,58184";"-0,03424"
"41,70000";"11,56685";"-0,02645"
"41,71000";"11,55185";"-0,02360"
"41,72000";"11,53698";"-0,02887"
"41,73000";"11,52199";"-0,02671"
"41,74000";"11,50699";"-0,02104"
"41,75000";"11,49200";"-0,02295"
"41,76000";"11,47689";"-0,02893"
"41,77000";"11,46201";"-0,03523"
"41,78000";"11,44702";"-0,04411"
"41,79000";"11,43203";"-0,04840"
"41,80000";"11,41715";"-0,04752"
"41,81000";"11,40216";"-0,04539"
"41,82000";"11,38729";"-0,03670"
"41,83000";"11,37217";"-0,02969"
"41,84000";"11,35694";"-0,02856"
"41,85000";"11,34195";"-0,03221"
"41,86000";"11,32696";"-0,02871"
"41,87000";"11,31185";"-0,02559"
"41,88000";"11,29685";"-0,03370"
"41,89000";"11,28198";"-0,03455"
"41,90000";"11,26710";"-0,03314"
"41,91000";"11,25211";"-0,03597"
"41,92000";"11,23712";"-0,03550"
"41,93000";"11,22213";"-0,03433"
"41,94000";"11,20725";"-0,02843"
"41,95000";"11,19214";"-0,02865"
"41,96000";"11,17703";"-0,02533"
"41,97000";"11,16192";"-0,02642"
"41,98000";"11,14704";"-0,03800"
"41,99000";"11,13205";"-0,04184"
"42,00000";"11,11694";"-0,03986"
"42,01000";"11,10194";"-0,03240"
"42,02000";"11,08707";"-0,02619"
"42,03000";"11,07208";"-0,02950"
"42,04000";"11,05696";"-0,03150"
"42,05000";"11,04185";"-0,03834"
"42,06000";"11,02686";"-0,04167"
"42,07000";"11,01187";"-0,04341"
"42,08000";"10,99688";"-0,04622"
"42,09000";"10,98176";"-0,04341"
"42,10000";"10,96701";"-0,04498"
"42,11000";"10,95213";"-0,04389"
"42,12000";"10,93714";"-0,04151"
"42,13000";"10,92203";"-0,04091"
"42,14000";"10,90703";"-0,03889"
"42,15000";"10,89204";"-0,03978"
"42,16000";"10,87693";"-0,03864"
"42,17000";"10,86182";"-0,03342"
"42,18000";"10,84683";"-0,03363"
"42,19000";"10,83195";"-0,03386"
"42,20000";"10,81696";"-0,03007"
"42,21000";"10,80185";"-0,02448"
"42,22000";"10,78686";"-0,02294"
"42,23000";"10,77198";"-0,03186"
"42,24000";"10,75699";"-0,03098"
"42,25000";"10,74199";"-0,02671"
"42,26000";"10,72700";"-0,03010"
"42,27000";"10,71213";"-0,03293"
"42,28000";"10,69725";"-0,03960"
"42,29000";"10,68214";"-0,04158"
"42,30000";"10,66715";"-0,04202"
"42,31000";"10,65215";"-0,04028"
"42,32000";"10,63716";"-0,04029"
"42,33000";"10,62217";"-0,04118"
"42,34000";"10,60717";"-0,03641"
"42,35000";"10,59230";"-0,02834"
"42,36000";"10,57731";"-0,02208"
"42,37000";"10,56219";"-0,02374"
"42,38000";"10,54708";"-0,02663"
"42,39000";"10,53209";"-0,03758"
"42,40000";"10,51722";"-0,04410"
"42,41000";"10,50234";"-0,04440"
"42,42000";"10,48735";"-0,04326"
"42,43000";"10,47235";"-0,04510"
"42,44000";"10,45736";"-0,03472"
"42,45000";"10,44225";"-0,02754"
"42,46000";"10,42714";"-0,02489"
"42,47000";"10,41215";"-0,02288"
"42,48000";"10,39715";"-0,02197"
"42,49000";"10,38216";"-0,01850"
"42,50000";"10,36705";"-0,02278"
"42,51000";"10,35206";"-0,03217"
"42,52000";"10,33706";"-0,04285"
"42,53000";"10,32207";"-0,04663"
"42,54000";"10,30696";"-0,04471"
"42,55000";"10,29197";"-0,03966"
"42,56000";"10,27709";"-0,03414"
"42,57000";"10,26210";"-0,02781"
"42,58000";"10,24699";"-0,02635"
"42,59000";"10,23199";"-0,03082"
"42,60000";"10,21712";"-0,02982"
"42,61000";"10,20224";"-0,03338"
"42,62000";"10,18713";"-0,03515"
"42,63000";"10,17202";"-0,03362"
"42,64000";"10,15703";"-0,02953"
"42,65000";"10,14192";"-0,02207"
"42,66000";"10,12692";"-0,02096"
"42,67000";"10,11181";"-0,02176"
"42,68000";"10,09682";"-0,01855"
"42,69000";"10,08183";"-0,01479"
"42,70000";"10,06671";"-0,01714"
"42,71000";"10,05172";"-0,02129"
"42,72000";"10,03673";"-0,02999"
"42,73000";"10,02185";"-0,03674"
"42,74000";"10,00686";"-0,03594"
"42,75000";"9,99187";"-0,02994"
"42,76000";"9,97688";"-0,02629"
"42,77000";"9,96200";"-0,02349"
"42,78000";"9,94689";"-0,03171"
"42,79000";"9,93190";"-0,03386"
"42,80000";"9,91690";"-0,03239"
"42,81000";"9,90203";"-0,02460"
"42,82000";"9,88703";"-0,01884"
"42,83000";"9,87204";"-0,02153"
"42,84000";"9,85693";"-0,02478"
"42,85000";"9,84194";"-0,02793"
"42,86000";"9,82695";"-0,03056"
"42,87000";"9,81183";"-0,03966"
"42,88000";"9,79684";"-0,04196"
"42,89000";"9,78197";"-0,04055"
"42,90000";"9,76709";"-0,03983"
"42,91000";"9,75210";"-0,03372"
"42,92000";"9,73699";"-0,03137"
"42,93000";"9,72211";"-0,03044"
"42,94000";"9,70724";"-0,02998"
"42,95000";"9,69213";"-0,02834"
"42,96000";"9,67701";"-0,02673"
"42,97000";"9,66214";"-0,03451"
"42,98000";"9,64726";"-0,05011"
"42,99000";"9,63215";"-0,05398"
"43,00000";"9,61704";"-0,05063"
"43,01000";"9,60205";"-0,04612"
"43,02000";"9,58717";"-0,03569"
"43,03000";"9,57218";"-0,02408"
"43,04000";"9,55707";"-0,01798"
"43,05000";"9,54208";"-0,02300"
"43,06000";"9,52732";"-0,02052"
"43,07000";"9,51221";"-0,02295"
"43,08000";"9,49698";"-0,03001"
"43,09000";"9,48199";"-0,03772"
"43,10000";"9,46699";"-0,04552"
"43,11000";"9,45200";"-0,03999"
"43,12000";"9,43701";"-0,03311"
"43,13000";"9,42213";"-0,02901"
"43,14000";"9,40726";"-0,03265"
"43,15000";"9,39226";"-0,03262"
"43,16000";"9,37704";"-0,03325"
"43,17000";"9,36192";"-0,03265"
"43,18000";"9,34705";"-0,03749"
"43,19000";"9,33217";"-0,03959"
"43,20000";"9,31694";"-0,03534"
"43,21000";"9,30195";"-0,02902"
"43,22000";"9,28696";"-0,03185"
"43,23000";"9,27220";"-0,03265"
"43,24000";"9,25709";"-0,03038"
"43,25000";"9,24198";"-0,03598"
"43,26000";"9,22699";"-0,04666"
"43,27000";"9,21211";"-0,05669"
"43,28000";"9,19712";"-0,06078"
"43,29000";"9,18201";"-0,05753"
"43,30000";"9,16690";"-0,05442"
"43,31000";"9,15214";"-0,05135"
"43,32000";"9,13703";"-0,04623"
"43,33000";"9,12192";"-0,04260"
"43,34000";"9,10692";"-0,04300"
"43,35000";"9,09205";"-0,04313"
"43,36000";"9,07717";"-0,04582"
"43,37000";"9,06206";"-0,04198"
"43,38000";"9,04695";"-0,04760"
"43,39000";"9,03196";"-0,05626"
"43,40000";"9,01696";"-0,05981"
"43,41000";"9,00185";"-0,05911"
"43,42000";"8,98662";"-0,05830"
"43,43000";"8,97175";"-0,04940"
"43,44000";"8,95699";"-0,05056"
"43,45000";"8,94188";"-0,04518"
"43,46000";"8,92689";"-0,04007"
"43,47000";"8,91190";"-0,03955"
"43,48000";"8,89690";"-0,03615"
"43,49000";"8,88191";"-0,04205"
"43,50000";"8,86680";"-0,05057"
"43,51000";"8,85192";"-0,05780"
"43,52000";"8,83717";"-0,05425"
"43,53000";"8,82217";"-0,04233"
"43,54000";"8,80706";"-0,03750"
"43,55000";"8,79195";"-0,04160"
"43,56000";"8,77708";"-0,04582"
"43,57000";"8,76197";"-0,04146"
"43,58000";"8,74685";"-0,03845"
"43,59000";"8,73198";"-0,04026"
"43,60000";"8,71722";"-0,04081"
"43,61000";"8,70223";"-0,04120"
"43,62000";"8,68712";"-0,04452"
"43,63000";"8,67201";"-0,05216"
"43,64000";"8,65713";"-0,04769"
"43,65000";"8,64214";"-0,04438"
"43,66000";"8,62703";"-0,04407"
"43,67000";"8,61203";"-0,04825"
"43,68000";"8,59716";"-0,04904"
"43,69000";"8,58228";"-0,04606"
"43,70000";"8,56717";"-0,04419"
"43,71000";"8,55206";"-0,04070"
"43,72000";"8,53707";"-0,03346"
"43,73000";"8,52196";"-0,03249"
"43,74000";"8,50685";"-0,03082"
"43,75000";"8,49185";"-0,03148"
"43,76000";"8,47686";"-0,03889"
"43,77000";"8,46199";"-0,04500"
"43,78000";"8,44687";"-0,04564"
"43,79000";"8,43165";"-0,04192"
"43,80000";"8,41665";"-0,03882"
"43,81000";"8,40166";"-0,04361"
"43,82000";"8,38679";"-0,04098"
"43,83000";"8,37179";"-0,04023"
"43,84000";"8,35680";"-0,04488"
"43,85000";"8,34204";"-0,04819"
"43,86000";"8,32705";"-0,05486"
"43,87000";"8,31194";"-0,05547"
"43,88000";"8,29683";"-0,05206"
"43,89000";"8,28195";"-0,04629"
"43,90000";"8,26696";"-0,04458"
"43,91000";"8,25185";"-0,04515"
"43,92000";"8,23685";"-0,04138"
"43,93000";"8,22198";"-0,03714"
"43,94000";"8,20699";"-0,03596"
"43,95000";"8,19188";"-0,03416"
"43,96000";"8,17676";"-0,03737"
"43,97000";"8,16189";"-0,03784"
"43,98000";"8,14701";"-0,04582"
"43,99000";"8,13202";"-0,04869"
"44,00000";"8,11691";"-0,04467"
"44,01000";"8,10192";"-0,04038"
"44,02000";"8,08692";"-0,04075"
"44,03000";"8,07193";"-0,04074"
"44,04000";"8,05670";"-0,03893"
"44,05000";"8,04171";"-0,04526"
"44,06000";"8,02695";"-0,05320"
"44,07000";"8,01208";"-0,05797"
"44,08000";"7,99708";"-0,05601"
"44,09000";"7,98197";"-0,04974"
"44,10000";"7,96710";"-0,04360"
"44,11000";"7,95210";"-0,05139"
"44,12000";"7,93699";"-0,05031"
"44,13000";"7,92200";"-0,04886"
"44,14000";"7,90701";"-0,04512"
"44,15000";"7,89225";"-0,04219"
"44,16000";"7,87714";"-0,04429"
"44,17000";"7,86203";"-0,04069"
"44,18000";"7,84704";"-0,03843"
"44,19000";"7,83204";"-0,03890"
"44,20000";"7,81693";"-0,04234"
"44,21000";"7,80194";"-0,04508"
"44,22000";"7,78706";"-0,04985"
"44,23000";"7,77219";"-0,04954"
"44,24000";"7,75719";"-0,05110"
"44,25000";"7,74208";"-0,04832"
"44,26000";"7,72709";"-0,04229"
"44,27000";"7,71210";"-0,04134"
"44,28000";"7,69699";"-0,04227"
"44,29000";"7,68199";"-0,04678"
"44,30000";"7,66700";"-0,04532"
"44,31000";"7,65212";"-0,03895"
"44,32000";"7,63713";"-0,04333"
"44,33000";"7,62214";"-0,04626"
"44,34000";"7,60703";"-0,04649"
"44,35000";"7,59203";"-0,04929"
"44,36000";"7,57692";"-0,05081"
"44,37000";"7,56181";"-0,05482"
"44,38000";"7,54682";"-0,05452"
"44,39000";"7,53194";"-0,05266"
"44,40000";"7,51707";"-0,05062"
"44,41000";"7,50196";"-0,05458"
"44,42000";"7,48685";"-0,05364"
"44,43000";"7,47185";"-0,04656"
"44,44000";"7,45686";"-0,03959"
"44,45000";"7,44187";"-0,03421"
"44,46000";"7,42676";"-0,03192"
"44,47000";"7,41188";"-0,03311"
"44,48000";"7,39701";"-0,03767"
"44,49000";"7,38190";"-0,04418"
"44,50000";"7,36690";"-0,04799"
"44,51000";"7,35191";"-0,05157"
"44,52000";"7,33692";"-0,05907"
"44,53000";"7,32181";"-0,06192"
"44,54000";"7,30681";"-0,05743"
"44,55000";"7,29182";"-0,04856"
"44,56000";"7,27694";"-0,04468"
"44,57000";"7,26195";"-0,04834"
"44,58000";"7,24684";"-0,04463"
"44,59000";"7,23173";"-0,04449"
"44,60000";"7,21674";"-0,04499"
"44,61000";"7,20186";"-0,03698"
"44,62000";"7,18687";"-0,02669"
"44,63000";"7,17199";"-0,01287"
"44,64000";"7,15700";"-0,00795"
"44,65000";"7,14212";"-0,01873"
"44,66000";"7,12701";"-0,03303"
"44,67000";"7,11202";"-0,04522"
"44,68000";"7,09703";"-0,05073"
"44,69000";"7,08204";"-0,04769"
"44,70000";"7,06704";"-0,03695"
"44,71000";"7,05193";"-0,03174"
"44,72000";"7,03694";"-0,04199"
"44,73000";"7,02194";"-0,05737"
"44,74000";"7,00683";"-0,06011"
"44,75000";"6,99184";"-0,05197"
"44,76000";"6,97685";"-0,04326"
"44,77000";"6,96209";"-0,04151"
"44,78000";"6,94722";"-0,04181"
"44,79000";"6,93210";"-0,03466"
"44,80000";"6,91723";"-0,03322"
"44,81000";"6,90224";"-0,04028"
"44,82000";"6,88724";"-0,04852"
"44,83000";"6,87201";"-0,05583"
"44,84000";"6,85702";"-0,06173"
"44,85000";"6,84203";"-0,05647"
"44,86000";"6,82703";"-0,04758"
"44,87000";"6,81204";"-0,04026"
"44,88000";"6,79705";"-0,03853"
"44,89000";"6,78206";"-0,03548"
"44,90000";"6,76706";"-0,03525"
"44,91000";"6,75195";"-0,03232"
"44,92000";"6,73696";"-0,03264"
"44,93000";"6,72220";"-0,03952"
"44,94000";"6,70744";"-0,04185"
"44,95000";"6,69233";"-0,04473"
"44,96000";"6,67710";"-0,05697"
"44,97000";"6,66199";"-0,06492"
"44,98000";"6,64688";"-0,06736"
"44,99000";"6,63165";"-0,06395"
"45,00000";"6,61654";"-0,05209"
"45,01000";"6,60167";"-0,04709"
"45,02000";"6,58691";"-0,04552"
"45,03000";"6,57203";"-0,04900"
"45,04000";"6,55692";"-0,05529"
"45,05000";"6,54193";"-0,05643"
"45,06000";"6,52694";"-0,05149"
"45,07000";"6,51194";"-0,04680"
"45,08000";"6,49683";"-0,04637"
"45,09000";"6,48184";"-0,04853"
"45,10000";"6,46696";"-0,04725"
"45,11000";"6,45197";"-0,04891"
"45,12000";"6,43710";"-0,05069"
"45,13000";"6,42210";"-0,04903"
"45,14000";"6,40711";"-0,04895"
"45,15000";"6,39212";"-0,04906"
"45,16000";"6,37712";"-0,04074"
"45,17000";"6,36213";"-0,04074"
"45,18000";"6,34714";"-0,04556"
"45,19000";"6,33226";"-0,05023"
"45,20000";"6,31727";"-0,05805"
"45,21000";"6,30240";"-0,05792"
"45,22000";"6,28740";"-0,05306"
"45,23000";"6,27229";"-0,04847"
"45,24000";"6,25706";"-0,04837"
"45,25000";"6,24183";"-0,05091"
"45,26000";"6,22684";"-0,04921"
"45,27000";"6,21197";"-0,05114"
"45,28000";"6,19685";"-0,04782"
"45,29000";"6,18174";"-0,03910"
"45,30000";"6,16663";"-0,04012"
"45,31000";"6,15164";"-0,04127"
"45,32000";"6,13676";"-0,04518"
"45,33000";"6,12177";"-0,05152"
"45,34000";"6,10678";"-0,05815"
"45,35000";"6,09190";"-0,06512"
"45,36000";"6,07703";"-0,06267"
"45,37000";"6,06192";"-0,06092"
"45,38000";"6,04692";"-0,06072"
"45,39000";"6,03193";"-0,05966"
"45,40000";"6,01706";"-0,05237"
"45,41000";"6,00194";"-0,04797"
"45,42000";"5,98695";"-0,05150"
"45,43000";"5,97196";"-0,05047"
"45,44000";"5,95708";"-0,04950"
"45,45000";"5,94197";"-0,04566"
"45,46000";"5,92686";"-0,04614"
"45,47000";"5,91187";"-0,04942"
"45,48000";"5,89711";"-0,05519"
"45,49000";"5,88212";"-0,05477"
"45,50000";"5,86713";"-0,05753"
"45,51000";"5,85213";"-0,06349"
"45,52000";"5,83714";"-0,06443"
"45,53000";"5,82215";"-0,05142"
"45,54000";"5,80692";"-0,04780"
"45,55000";"5,79192";"-0,05247"
"45,56000";"5,77705";"-0,05442"
"45,57000";"5,76217";"-0,04844"
"45,58000";"5,74706";"-0,04426"
"45,59000";"5,73195";"-0,04690"
"45,60000";"5,71708";"-0,05576"
"45,61000";"5,70220";"-0,05310"
"45,62000";"5,68697";"-0,05434"
"45,63000";"5,67186";"-0,06092"
"45,64000";"5,65699";"-0,06177"
"45,65000";"5,64211";"-0,05573"
"45,66000";"5,62700";"-0,04886"
"45,67000";"5,61189";"-0,04420"
"45,68000";"5,59690";"-0,04875"
"45,69000";"5,58202";"-0,05169"
"45,70000";"5,56691";"-0,04926"
"45,71000";"5,55192";"-0,05375"
"45,72000";"5,53704";"-0,06517"
"45,73000";"5,52217";"-0,06724"
"45,74000";"5,50717";"-0,06791"
"45,75000";"5,49194";"-0,06794"
"45,76000";"5,47695";"-0,06774"
"45,77000";"5,46196";"-0,06678"
"45,78000";"5,44685";"-0,06160"
"45,79000";"5,43185";"-0,05457"
"45,80000";"5,41698";"-0,04909"
"45,81000";"5,40210";"-0,04628"
"45,82000";"5,38711";"-0,04122"
"45,83000";"5,37212";"-0,03915"
"45,84000";"5,35701";"-0,04026"
"45,85000";"5,34201";"-0,03500"
"45,86000";"5,32714";"-0,03530"
"45,87000";"5,31203";"-0,04154"
"45,88000";"5,29704";"-0,04614"
"45,89000";"5,28216";"-0,04501"
"45,90000";"5,26717";"-0,04461"
"45,91000";"5,25217";"-0,04359"
"45,92000";"5,23706";"-0,05050"
"45,93000";"5,22207";"-0,05523"
"45,94000";"5,20708";"-0,05499"
"45,95000";"5,19208";"-0,05083"
"45,96000";"5,17697";"-0,05375"
"45,97000";"5,16210";"-0,05846"
"45,98000";"5,14722";"-0,06182"
"45,99000";"5,13211";"-0,05589"
"46,00000";"5,11700";"-0,05398"
"46,01000";"5,10189";"-0,05709"
"46,02000";"5,08690";"-0,05180"
"46,03000";"5,07202";"-0,05211"
"46,04000";"5,05703";"-0,05787"
"46,05000";"5,04204";"-0,06253"
"46,06000";"5,02716";"-0,05834"
"46,07000";"5,01217";"-0,05118"
"46,08000";"4,99706";"-0,04527"
"46,09000";"4,98183";"-0,04024"
"46,10000";"4,96695";"-0,03978"
"46,11000";"4,95184";"-0,04288"
"46,12000";"4,93673";"-0,04926"
"46,13000";"4,92174";"-0,05802"
"46,14000";"4,90686";"-0,06359"
"46,15000";"4,89199";"-0,06656"
"46,16000";"4,87688";"-0,06747"
"46,17000";"4,86165";"-0,06617"
"46,18000";"4,84677";"-0,06126"
"46,19000";"4,83201";"-0,05800"
"46,20000";"4,81702";"-0,06306"
"46,21000";"4,80203";"-0,06338"
"46,22000";"4,78715";"-0,05290"
"46,23000";"4,77228";"-0,04426"
"46,24000";"4,75717";"-0,04928"
"46,25000";"4,74194";"-0,05711"
"46,26000";"4,72694";"-0,05853"
"46,27000";"4,71207";"-0,05543"
"46,28000";"4,69719";"-0,05532"
"46,29000";"4,68208";"-0,05598"
"46,30000";"4,66709";"-0,05752"
"46,31000";"4,65210";"-0,05498"
"46,32000";"4,63710";"-0,05715"
"46,33000";"4,62199";"-0,05723"
"46,34000";"4,60688";"-0,06237"
"46,35000";"4,59189";"-0,06366"
"46,36000";"4,57701";"-0,06427"
"46,37000";"4,56202";"-0,06274"
"46,38000";"4,54715";"-0,05835"
"46,39000";"4,53239";"-0,04910"
"46,40000";"4,51751";"-0,04649"
"46,41000";"4,50228";"-0,04013"
"46,42000";"4,48717";"-0,04284"
"46,43000";"4,47230";"-0,04489"
"46,44000";"4,45742";"-0,04450"
"46,45000";"4,44243";"-0,04065"
"46,46000";"4,42732";"-0,04202"
"46,47000";"4,41221";"-0,05227"
"46,48000";"4,39722";"-0,06073"
"46,49000";"4,38210";"-0,06720"
"46,50000";"4,36699";"-0,06602"
"46,51000";"4,35200";"-0,06666"
"46,52000";"4,33724";"-0,06128"
"46,53000";"4,32225";"-0,06176"
"46,54000";"4,30702";"-0,06956"
"46,55000";"4,29203";"-0,07536"
"46,56000";"4,27715";"-0,07664"
"46,57000";"4,26216";"-0,06934"
"46,58000";"4,24705";"-0,06143"
"46,59000";"4,23206";"-0,06576"
"46,60000";"4,21718";"-0,06895"
"46,61000";"4,20242";"-0,06321"
"46,62000";"4,18719";"-0,06498"
"46,63000";"4,17197";"-0,07461"
"46,64000";"4,15709";"-0,07387"
"46,65000";"4,14210";"-0,06869"
"46,66000";"4,12710";"-0,06718"
"46,67000";"4,11199";"-0,06534"
"46,68000";"4,09724";"-0,06378"
"46,69000";"4,08236";"-0,05731"
"46,70000";"4,06725";"-0,05373"
"46,71000";"4,05190";"-0,04834"
"46,72000";"4,03691";"-0,05015"
"46,73000";"4,02203";"-0,05450"
"46,74000";"4,00704";"-0,04958"
"46,75000";"3,99181";"-0,04589"
"46,76000";"3,97682";"-0,04754"
"46,77000";"3,96194";"-0,04793"
"46,78000";"3,94683";"-0,05451"
"46,79000";"3,93172";"-0,05736"
"46,80000";"3,91673";"-0,05692"
"46,81000";"3,90185";"-0,05535"
"46,82000";"3,88710";"-0,05157"
"46,83000";"3,87187";"-0,05044"
"46,84000";"3,85676";"-0,05167"
"46,85000";"3,84176";"-0,05026"
"46,86000";"3,82689";"-0,05120"
"46,87000";"3,81166";"-0,05626"
"46,88000";"3,79655";"-0,05931"
"46,89000";"3,78179";"-0,05960"
"46,90000";"3,76692";"-0,05440"
"46,91000";"3,75181";"-0,05827"
"46,92000";"3,73669";"-0,06757"
"46,93000";"3,72170";"-0,07145"
"46,94000";"3,70671";"-0,06847"
"46,95000";"3,69160";"-0,05602"
"46,96000";"3,67649";"-0,05092"
"46,97000";"3,66173";"-0,04396"
"46,98000";"3,64685";"-0,03955"
"46,99000";"3,63198";"-0,03946"
"47,00000";"3,61687";"-0,04368"
"47,01000";"3,60199";"-0,04968"
"47,02000";"3,58712";"-0,05044"
"47,03000";"3,57201";"-0,04395"
"47,04000";"3,55690";"-0,04065"
"47,05000";"3,54202";"-0,04476"
"47,06000";"3,52715";"-0,04696"
"47,07000";"3,51227";"-0,05100"
"47,08000";"3,49704";"-0,04802"
"47,09000";"3,48205";"-0,05043"
"47,10000";"3,46717";"-0,05376"
"47,11000";"3,45218";"-0,04975"
"47,12000";"3,43707";"-0,05306"
"47,13000";"3,42219";"-0,05605"
"47,14000";"3,40732";"-0,05040"
"47,15000";"3,39233";"-0,04482"
"47,16000";"3,37722";"-0,04551"
"47,17000";"3,36199";"-0,04879"
"47,18000";"3,34711";"-0,05215"
"47,19000";"3,33200";"-0,04472"
"47,20000";"3,31689";"-0,04325"
"47,21000";"3,30178";"-0,04459"
"47,22000";"3,28690";"-0,03674"
"47,23000";"3,27203";"-0,02809"
"47,24000";"3,25703";"-0,03391"
"47,25000";"3,24192";"-0,04894"
"47,26000";"3,22693";"-0,05252"
"47,27000";"3,21206";"-0,05188"
"47,28000";"3,19706";"-0,04881"
"47,29000";"3,18195";"-0,05038"
"47,30000";"3,16696";"-0,05239"
"47,31000";"3,15197";"-0,05171"
"47,32000";"3,13697";"-0,04762"
"47,33000";"3,12186";"-0,04467"
"47,34000";"3,10687";"-0,04714"
"47,35000";"3,09187";"-0,04757"
"47,36000";"3,07688";"-0,04359"
"47,37000";"3,06189";"-0,04387"
"47,38000";"3,04690";"-0,03794"
"47,39000";"3,03226";"-0,03245"
"47,40000";"3,01715";"-0,02962"
"47,41000";"3,00203";"-0,03267"
"47,42000";"2,98692";"-0,04218"
"47,43000";"2,97193";"-0,04800"
"47,44000";"2,95706";"-0,05098"
"47,45000";"2,94206";"-0,04576"
"47,46000";"2,92707";"-0,03655"
"47,47000";"2,91208";"-0,02787"
"47,48000";"2,89720";"-0,02092"
"47,49000";"2,88197";"-0,01711"
"47,50000";"2,86686";"-0,01547"
"47,51000";"2,85187";"-0,01385"
"47,52000";"2,83688";"-0,00907"
"47,53000";"2,82188";"0,00033"
"47,54000";"2,80701";"-0,00090"
"47,55000";"2,79201";"-0,00621"
"47,56000";"2,77702";"-0,01556"
"47,57000";"2,76191";"-0,02139"
"47,58000";"2,74680";"-0,02253"
"47,59000";"2,73181";"-0,02244"
"47,60000";"2,71693";"-0,02342"
"47,61000";"2,70206";"-0,02266"
"47,62000";"2,68694";"-0,01127"
"47,63000";"2,67195";"-0,00342"
"47,64000";"2,65696";"-0,00651"
"47,65000";"2,64197";"-0,01030"
"47,66000";"2,62685";"-0,00959"
"47,67000";"2,61174";"-0,00704"
"47,68000";"2,59687";"0,00085"
"47,69000";"2,58199";"0,00190"
"47,70000";"2,56700";"0,00031"
"47,71000";"2,55189";"-0,01356"
"47,72000";"2,53690";"-0,02217"
"47,73000";"2,52190";"-0,02603"
"47,74000";"2,50679";"-0,02636"
"47,75000";"2,49180";"-0,02233"
"47,76000";"2,47692";"-0,01648"
"47,77000";"2,46217";"-0,01119"
"47,78000";"2,44717";"-0,01015"
"47,79000";"2,43194";"-0,00881"
"47,80000";"2,41695";"-0,00679"
"47,81000";"2,40196";"-0,00799"
"47,82000";"2,38685";"0,00571"
"47,83000";"2,37162";"0,01660"
"47,84000";"2,35674";"0,01678"
"47,85000";"2,34187";"0,01803"
"47,86000";"2,32699";"0,01549"
"47,87000";"2,31188";"0,01057"
"47,88000";"2,29701";"-0,00051"
"47,89000";"2,28201";"-0,00597"
"47,90000";"2,26714";"-0,01479"
"47,91000";"2,25203";"-0,01683"
"47,92000";"2,23703";"-0,01892"
"47,93000";"2,22216";"-0,01298"
"47,94000";"2,20728";"-0,01479"
"47,95000";"2,19217";"-0,01255"
"47,96000";"2,17706";"-0,00622"
"47,97000";"2,16207";"-0,00192"
"47,98000";"2,14708";"0,00188"
"47,99000";"2,13197";"0,00140"
"48,00000";"2,11697";"-0,00233"
"48,01000";"2,10198";"-0,00752"
"48,02000";"2,08699";"-0,00864"
"48,03000";"2,07188";"-0,01132"
"48,04000";"2,05676";"-0,01699"
"48,05000";"2,04189";"-0,01434"
"48,06000";"2,02690";"-0,00935"
"48,07000";"2,01190";"-0,00548"
"48,08000";"1,99691";"-0,00352"
"48,09000";"1,98203";"-0,01394"
"48,10000";"1,96704";"-0,02501"
"48,11000";"1,95205";"-0,02556"
"48,12000";"1,93694";"-0,02881"
"48,13000";"1,92183";"-0,03012"
"48,14000";"1,90683";"-0,01896"
"48,15000";"1,89184";"-0,01128"
"48,16000";"1,87685";"-0,00180"
"48,17000";"1,86197";"-0,00262"
"48,18000";"1,84698";"-0,00129"
"48,19000";"1,83199";"-0,00483"
"48,20000";"1,81699";"-0,00382"
"48,21000";"1,80188";"-0,00492"
"48,22000";"1,78689";"-0,00767"
"48,23000";"1,77201";"-0,01099"
"48,24000";"1,75714";"-0,01222"
"48,25000";"1,74203";"-0,01983"
"48,26000";"1,72703";"-0,02214"
"48,27000";"1,71216";"-0,01989"
"48,28000";"1,69705";"-0,02196"
"48,29000";"1,68194";"-0,02856"
"48,30000";"1,66694";"-0,03800"
"48,31000";"1,65207";"-0,03590"
"48,32000";"1,63708";"-0,02172"
"48,33000";"1,62208";"-0,01317"
"48,34000";"1,60697";"-0,01556"
"48,35000";"1,59210";"-0,01152"
"48,36000";"1,57710";"-0,00463"
"48,37000";"1,56187";"-0,00218"
"48,38000";"1,54688";"-0,00713"
"48,39000";"1,53201";"-0,01592"
"48,40000";"1,51713";"-0,02106"
"48,41000";"1,50202";"-0,02439"
"48,42000";"1,48703";"-0,02048"
"48,43000";"1,47192";"-0,00959"
"48,44000";"1,45692";"-0,00205"
"48,45000";"1,44193";"0,00205"
"48,46000";"1,42682";"-0,00395"
"48,47000";"1,41194";"-0,01396"
"48,48000";"1,39707";"-0,01552"
"48,49000";"1,38208";"-0,01661"
"48,50000";"1,36697";"-0,01324"
"48,51000";"1,35185";"-0,01441"
"48,52000";"1,33686";"-0,01308"
"48,53000";"1,32187";"-0,01085"
"48,54000";"1,30687";"-0,01491"
"48,55000";"1,29188";"-0,02400"
"48,56000";"1,27701";"-0,02393"
"48,57000";"1,26201";"-0,02291"
"48,58000";"1,24702";"-0,02730"
"48,59000";"1,23203";"-0,02993"
"48,60000";"1,21715";"-0,03384"
"48,61000";"1,20216";"-0,02698"
"48,62000";"1,18705";"-0,02057"
"48,63000";"1,17206";"-0,01595"
"48,64000";"1,15706";"-0,01424"
"48,65000";"1,14219";"-0,00898"
"48,66000";"1,12708";"-0,01331"
"48,67000";"1,11197";"-0,02240"
"48,68000";"1,09709";"-0,02756"
"48,69000";"1,08210";"-0,02949"
"48,70000";"1,06710";"-0,03056"
"48,71000";"1,05211";"-0,02633"
"48,72000";"1,03700";"-0,02031"
"48,73000";"1,02201";"-0,01744"
"48,74000";"1,00701";"-0,01828"
"48,75000";"0,99202";"-0,01917"
"48,76000";"0,97691";"-0,02419"
"48,77000";"0,96203";"-0,02028"
"48,78000";"0,94704";"-0,00739"
"48,79000";"0,93193";"-0,00611"
"48,80000";"0,91706";"-0,01951"
"48,81000";"0,90206";"-0,03146"
"48,82000";"0,88707";"-0,03224"
"48,83000";"0,87196";"-0,02810"
"48,84000";"0,85685";"-0,01866"
"48,85000";"0,84185";"-0,00819"
"48,86000";"0,82698";"0,00172"
"48,87000";"0,81199";"0,00148"
"48,88000";"0,79699";"-0,00184"
"48,89000";"0,78212";"-0,01014"
"48,90000";"0,76724";"-0,01677"
"48,91000";"0,75225";"-0,01606"
"48,92000";"0,73714";"-0,01262"
"48,93000";"0,72215";"-0,00595"
"48,94000";"0,70715";"0,00150"
"48,95000";"0,69204";"-0,00053"
"48,96000";"0,67693";"-0,00454"
"48,97000";"0,66206";"-0,01006"
"48,98000";"0,64718";"-0,01600"
"48,99000";"0,63219";"-0,01603"
"49,00000";"0,61708";"-0,01563"
"49,01000";"0,60197";"-0,00999"
"49,02000";"0,58709";"-0,00718"
"49,03000";"0,57198";"-0,00557"
"49,04000";"0,55699";"-0,00657"
"49,05000";"0,54188";"-0,00649"
"49,06000";"0,52688";"-0,01030"
"49,07000";"0,51189";"-0,01653"
"49,08000";"0,49678";"-0,01760"
"49,09000";"0,48167";"-0,00975"
"49,10000";"0,46691";"-0,01595"
"49,11000";"0,45203";"-0,01985"
"49,12000";"0,43692";"-0,01730"
"49,13000";"0,42181";"-0,02329"
"49,14000";"0,40682";"-0,02588"
"49,15000";"0,39194";"-0,01958"
"49,16000";"0,37672";"-0,00786"
"49,17000";"0,36172";"-0,00008"
"49,18000";"0,34685";"-0,00854"
"49,19000";"0,33197";"-0,01718"
"49,20000";"0,31710";"-0,01802"
"49,21000";"0,30199";"-0,02053"
"49,22000";"0,28711";"-0,02192"
"49,23000";"0,27224";"-0,02344"
"49,24000";"0,25713";"-0,02096"
"49,25000";"0,24201";"-0,01535"
"49,26000";"0,22702";"-0,01428"
"49,27000";"0,21215";"-0,01863"
"49,28000";"0,19703";"-0,01870"
"49,29000";"0,18192";"-0,01175"
"49,30000";"0,16693";"-0,01179"
"49,31000";"0,15194";"-0,01149"
"49,32000";"0,13694";"-0,01567"
"49,33000";"0,12195";"-0,02110"
"49,34000";"0,10708";"-0,02120"
"49,35000";"0,09220";"-0,01689"
"49,36000";"0,07733";"-0,01290"
"49,37000";"0,06222";"-0,01300"
"49,38000";"0,04722";"-0,01766"
"49,39000";"0,03223";"-0,02344"
"49,40000";"0,01724";"-0,01804"
"49,41000";"0,00213";"-0,01835"
"49,41200";"-0,00083";"-0,01943"
