Hardness 1 : Kraftbei  Hardness 1;"429,69769";N
A1 : A1;"1,18090";J
A2 : A2;"0,12677";J
Springiness : Springiness;"0,00066";m
Cohesiveness : Cohesiveness;"0,10735";
Chewiness : Chewiness;"0,03024";J

Zeit;Traversenweg;Kraft
(s);(mm);(N)
"0,00000";"0,00000";"0,24933"
"0,01000";"0,00094";"0,24712"
"0,02000";"0,00531";"0,24424"
"0,03000";"0,01547";"0,25494"
"0,04000";"0,03034";"0,27437"
"0,05000";"0,04781";"0,28029"
"0,06000";"0,06670";"0,27419"
"0,07000";"0,08594";"0,26446"
"0,08000";"0,10495";"0,25672"
"0,09000";"0,12360";"0,24902"
"0,10000";"0,14155";"0,23491"
"0,11000";"0,15890";"0,23202"
"0,12000";"0,17578";"0,23341"
"0,13000";"0,19231";"0,23588"
"0,14000";"0,20860";"0,23765"
"0,15000";"0,22466";"0,23903"
"0,16000";"0,24036";"0,24146"
"0,17000";"0,25594";"0,24683"
"0,18000";"0,27129";"0,23657"
"0,19000";"0,28664";"0,23449"
"0,20000";"0,30199";"0,23977"
"0,21000";"0,31733";"0,24882"
"0,22000";"0,33244";"0,25585"
"0,23000";"0,34756";"0,25293"
"0,24000";"0,36267";"0,24893"
"0,25000";"0,37766";"0,24678"
"0,26000";"0,39265";"0,24403"
"0,27000";"0,40765";"0,24217"
"0,28000";"0,42276";"0,24385"
"0,29000";"0,43787";"0,24518"
"0,30000";"0,45310";"0,24253"
"0,31000";"0,46809";"0,23831"
"0,32000";"0,48308";"0,23084"
"0,33000";"0,49808";"0,22793"
"0,34000";"0,51307";"0,23415"
"0,35000";"0,52806";"0,23586"
"0,36000";"0,54306";"0,23105"
"0,37000";"0,55805";"0,22738"
"0,38000";"0,57316";"0,23178"
"0,39000";"0,58815";"0,23638"
"0,40000";"0,60315";"0,23786"
"0,41000";"0,61814";"0,24257"
"0,42000";"0,63313";"0,24318"
"0,43000";"0,64812";"0,24171"
"0,44000";"0,66324";"0,24000"
"0,45000";"0,67823";"0,23902"
"0,46000";"0,69310";"0,24055"
"0,47000";"0,70810";"0,24656"
"0,48000";"0,72309";"0,24743"
"0,49000";"0,73808";"0,24222"
"0,50000";"0,75308";"0,23716"
"0,51000";"0,76807";"0,23734"
"0,52000";"0,78318";"0,23870"
"0,53000";"0,79817";"0,23034"
"0,54000";"0,81328";"0,23153"
"0,55000";"0,82816";"0,23025"
"0,56000";"0,84303";"0,23636"
"0,57000";"0,85803";"0,23541"
"0,58000";"0,87290";"0,23010"
"0,59000";"0,88790";"0,22742"
"0,60000";"0,90301";"0,22833"
"0,61000";"0,91800";"0,23192"
"0,62000";"0,93311";"0,23245"
"0,63000";"0,94810";"0,23562"
"0,64000";"0,96310";"0,23348"
"0,65000";"0,97797";"0,23243"
"0,66000";"0,99297";"0,23306"
"0,67000";"1,00796";"0,23443"
"0,68000";"1,02307";"0,22978"
"0,69000";"1,03806";"0,23274"
"0,70000";"1,05306";"0,24389"
"0,71000";"1,06805";"0,24553"
"0,72000";"1,08316";"0,23778"
"0,73000";"1,09815";"0,22982"
"0,74000";"1,11303";"0,22256"
"0,75000";"1,12814";"0,22000"
"0,76000";"1,14313";"0,22844"
"0,77000";"1,15813";"0,24314"
"0,78000";"1,17300";"0,25138"
"0,79000";"1,18799";"0,25577"
"0,80000";"1,20299";"0,25524"
"0,81000";"1,21798";"0,25336"
"0,82000";"1,23285";"0,25207"
"0,83000";"1,24797";"0,24785"
"0,84000";"1,26308";"0,24720"
"0,85000";"1,27807";"0,24877"
"0,86000";"1,29306";"0,24739"
"0,87000";"1,30794";"0,24731"
"0,88000";"1,32293";"0,25042"
"0,89000";"1,33781";"0,24683"
"0,90000";"1,35280";"0,24265"
"0,91000";"1,36791";"0,23531"
"0,92000";"1,38302";"0,23175"
"0,93000";"1,39813";"0,23403"
"0,94000";"1,41313";"0,23769"
"0,95000";"1,42812";"0,24275"
"0,96000";"1,44311";"0,24051"
"0,97000";"1,45810";"0,23739"
"0,98000";"1,47298";"0,22932"
"0,99000";"1,48797";"0,22878"
"1,00000";"1,50308";"0,22811"
"1,01000";"1,51819";"0,23226"
"1,02000";"1,53307";"0,23766"
"1,03000";"1,54806";"0,23989"
"1,04000";"1,56306";"0,24026"
"1,05000";"1,57805";"0,24026"
"1,06000";"1,59304";"0,23398"
"1,07000";"1,60803";"0,22645"
"1,08000";"1,62303";"0,22430"
"1,09000";"1,63814";"0,22447"
"1,10000";"1,65301";"0,23298"
"1,11000";"1,66801";"0,24541"
"1,12000";"1,68300";"0,25156"
"1,13000";"1,69799";"0,25382"
"1,14000";"1,71299";"0,24755"
"1,15000";"1,72810";"0,24419"
"1,16000";"1,74309";"0,24188"
"1,17000";"1,75808";"0,23735"
"1,18000";"1,77308";"0,23402"
"1,19000";"1,78795";"0,23066"
"1,20000";"1,80294";"0,22459"
"1,21000";"1,81794";"0,22481"
"1,22000";"1,83293";"0,22875"
"1,23000";"1,84792";"0,23488"
"1,24000";"1,86303";"0,24059"
"1,25000";"1,87803";"0,25193"
"1,26000";"1,89302";"0,25720"
"1,27000";"1,90801";"0,25594"
"1,28000";"1,92301";"0,24964"
"1,29000";"1,93788";"0,23536"
"1,30000";"1,95276";"0,22799"
"1,31000";"1,96775";"0,22701"
"1,32000";"1,98298";"0,22408"
"1,33000";"1,99797";"0,22680"
"1,34000";"2,01297";"0,23640"
"1,35000";"2,02796";"0,24154"
"1,36000";"2,04283";"0,24641"
"1,37000";"2,05794";"0,25064"
"1,38000";"2,07294";"0,24678"
"1,39000";"2,08793";"0,24256"
"1,40000";"2,10292";"0,23665"
"1,41000";"2,11803";"0,23189"
"1,42000";"2,13303";"0,23121"
"1,43000";"2,14802";"0,23337"
"1,44000";"2,16301";"0,23529"
"1,45000";"2,17813";"0,24277"
"1,46000";"2,19312";"0,24563"
"1,47000";"2,20811";"0,24647"
"1,48000";"2,22310";"0,24333"
"1,49000";"2,23810";"0,23504"
"1,50000";"2,25297";"0,24162"
"1,51000";"2,26797";"0,24302"
"1,52000";"2,28284";"0,24288"
"1,53000";"2,29760";"0,24389"
"1,54000";"2,31259";"0,24662"
"1,55000";"2,32770";"0,24902"
"1,56000";"2,34281";"0,25225"
"1,57000";"2,35781";"0,25282"
"1,58000";"2,37280";"0,25352"
"1,59000";"2,38791";"0,24796"
"1,60000";"2,40290";"0,24789"
"1,61000";"2,41790";"0,24589"
"1,62000";"2,43289";"0,24257"
"1,63000";"2,44812";"0,24119"
"1,64000";"2,46311";"0,24200"
"1,65000";"2,47822";"0,24203"
"1,66000";"2,49333";"0,23932"
"1,67000";"2,50833";"0,23758"
"1,68000";"2,52320";"0,24170"
"1,69000";"2,53796";"0,24378"
"1,70000";"2,55295";"0,24819"
"1,71000";"2,56783";"0,24982"
"1,72000";"2,58282";"0,24217"
"1,73000";"2,59781";"0,23377"
"1,74000";"2,61281";"0,22956"
"1,75000";"2,62780";"0,22505"
"1,76000";"2,64279";"0,22676"
"1,77000";"2,65778";"0,23221"
"1,78000";"2,67278";"0,23970"
"1,79000";"2,68765";"0,24727"
"1,80000";"2,70253";"0,24698"
"1,81000";"2,71752";"0,25355"
"1,82000";"2,73240";"0,25738"
"1,83000";"2,74739";"0,25836"
"1,84000";"2,76238";"0,25942"
"1,85000";"2,77749";"0,25200"
"1,86000";"2,79260";"0,23825"
"1,87000";"2,80772";"0,23495"
"1,88000";"2,82294";"0,23285"
"1,89000";"2,83806";"0,22990"
"1,90000";"2,85317";"0,22828"
"1,91000";"2,86828";"0,23317"
"1,92000";"2,88315";"0,24055"
"1,93000";"2,89826";"0,24067"
"1,94000";"2,91326";"0,23365"
"1,95000";"2,92837";"0,23183"
"1,96000";"2,94360";"0,23924"
"1,97000";"2,95859";"0,24233"
"1,98000";"2,97347";"0,23634"
"1,99000";"2,98846";"0,23353"
"2,00000";"3,00322";"0,23619"
"2,01000";"3,01821";"0,23849"
"2,02000";"3,03308";"0,24671"
"2,03000";"3,04808";"0,25347"
"2,04000";"3,06295";"0,24912"
"2,05000";"3,07794";"0,24032"
"2,06000";"3,09294";"0,23713"
"2,07000";"3,10793";"0,23897"
"2,08000";"3,12281";"0,23961"
"2,09000";"3,13780";"0,24434"
"2,10000";"3,15256";"0,24205"
"2,11000";"3,16743";"0,24552"
"2,12000";"3,18231";"0,24864"
"2,13000";"3,19742";"0,25431"
"2,14000";"3,21253";"0,25449"
"2,15000";"3,22764";"0,25359"
"2,16000";"3,24275";"0,25255"
"2,17000";"3,25810";"0,24527"
"2,18000";"3,27333";"0,24535"
"2,19000";"3,28844";"0,24624"
"2,20000";"3,30343";"0,24333"
"2,21000";"3,31842";"0,24631"
"2,22000";"3,33353";"0,24428"
"2,23000";"3,34841";"0,23460"
"2,24000";"3,36340";"0,22528"
"2,25000";"3,37840";"0,22059"
"2,26000";"3,39351";"0,21924"
"2,27000";"3,40850";"0,22602"
"2,28000";"3,42349";"0,24012"
"2,29000";"3,43849";"0,24387"
"2,30000";"3,45336";"0,24065"
"2,31000";"3,46824";"0,24145"
"2,32000";"3,48311";"0,23477"
"2,33000";"3,49810";"0,22434"
"2,34000";"3,51310";"0,21906"
"2,35000";"3,52797";"0,22710"
"2,36000";"3,54297";"0,23138"
"2,37000";"3,55784";"0,23547"
"2,38000";"3,57260";"0,23797"
"2,39000";"3,58747";"0,24139"
"2,40000";"3,60223";"0,24589"
"2,41000";"3,61710";"0,24681"
"2,42000";"3,63210";"0,24935"
"2,43000";"3,64733";"0,25471"
"2,44000";"3,66244";"0,25968"
"2,45000";"3,67755";"0,25357"
"2,46000";"3,69278";"0,24832"
"2,47000";"3,70789";"0,25004"
"2,48000";"3,72288";"0,25269"
"2,49000";"3,73799";"0,25080"
"2,50000";"3,75322";"0,25092"
"2,51000";"3,76833";"0,25367"
"2,52000";"3,78356";"0,25479"
"2,53000";"3,79867";"0,24960"
"2,54000";"3,81367";"0,24042"
"2,55000";"3,82866";"0,23881"
"2,56000";"3,84353";"0,23286"
"2,57000";"3,85853";"0,22469"
"2,58000";"3,87352";"0,22748"
"2,59000";"3,88840";"0,23028"
"2,60000";"3,90339";"0,22920"
"2,61000";"3,91838";"0,23562"
"2,62000";"3,93326";"0,23967"
"2,63000";"3,94813";"0,23795"
"2,64000";"3,96312";"0,24176"
"2,65000";"3,97812";"0,24236"
"2,66000";"3,99299";"0,24069"
"2,67000";"4,00799";"0,23644"
"2,68000";"4,02286";"0,24160"
"2,69000";"4,03762";"0,24595"
"2,70000";"4,05237";"0,24391"
"2,71000";"4,06725";"0,24495"
"2,72000";"4,08236";"0,24931"
"2,73000";"4,09747";"0,25304"
"2,74000";"4,11270";"0,25390"
"2,75000";"4,12793";"0,25397"
"2,76000";"4,14304";"0,25625"
"2,77000";"4,15815";"0,26016"
"2,78000";"4,17315";"0,26013"
"2,79000";"4,18826";"0,25785"
"2,80000";"4,20337";"0,26230"
"2,81000";"4,21848";"0,26483"
"2,82000";"4,23359";"0,26878"
"2,83000";"4,24858";"0,27186"
"2,84000";"4,26346";"0,28352"
"2,85000";"4,27845";"0,29486"
"2,86000";"4,29333";"0,30257"
"2,87000";"4,30820";"0,30974"
"2,88000";"4,32308";"0,31794"
"2,89000";"4,33819";"0,32267"
"2,90000";"4,35330";"0,32706"
"2,91000";"4,36829";"0,32911"
"2,92000";"4,38328";"0,33162"
"2,93000";"4,39828";"0,33519"
"2,94000";"4,41315";"0,34007"
"2,95000";"4,42803";"0,34772"
"2,96000";"4,44314";"0,35407"
"2,97000";"4,45801";"0,36813"
"2,98000";"4,47301";"0,38438"
"2,99000";"4,48788";"0,40041"
"3,00000";"4,50288";"0,40962"
"3,01000";"4,51775";"0,41404"
"3,02000";"4,53263";"0,41545"
"3,03000";"4,54750";"0,41029"
"3,04000";"4,56261";"0,41162"
"3,05000";"4,57772";"0,41772"
"3,06000";"4,59272";"0,42470"
"3,07000";"4,60771";"0,42945"
"3,08000";"4,62282";"0,43828"
"3,09000";"4,63781";"0,45242"
"3,10000";"4,65281";"0,46886"
"3,11000";"4,66804";"0,47957"
"3,12000";"4,68326";"0,48649"
"3,13000";"4,69838";"0,48898"
"3,14000";"4,71337";"0,49417"
"3,15000";"4,72848";"0,50450"
"3,16000";"4,74347";"0,50970"
"3,17000";"4,75835";"0,52415"
"3,18000";"4,77322";"0,54255"
"3,19000";"4,78798";"0,55916"
"3,20000";"4,80297";"0,56863"
"3,21000";"4,81808";"0,57922"
"3,22000";"4,83319";"0,58931"
"3,23000";"4,84819";"0,59466"
"3,24000";"4,86306";"0,59933"
"3,25000";"4,87794";"0,60795"
"3,26000";"4,89281";"0,61729"
"3,27000";"4,90769";"0,62814"
"3,28000";"4,92268";"0,63978"
"3,29000";"4,93779";"0,65715"
"3,30000";"4,95278";"0,67677"
"3,31000";"4,96778";"0,68638"
"3,32000";"4,98289";"0,69853"
"3,33000";"4,99800";"0,71282"
"3,34000";"5,01299";"0,72294"
"3,35000";"5,02799";"0,73956"
"3,36000";"5,04298";"0,76092"
"3,37000";"5,05809";"0,78375"
"3,38000";"5,07320";"0,80502"
"3,39000";"5,08819";"0,83069"
"3,40000";"5,10331";"0,85411"
"3,41000";"5,11818";"0,86230"
"3,42000";"5,13317";"0,87823"
"3,43000";"5,14817";"0,89694"
"3,44000";"5,16316";"0,91669"
"3,45000";"5,17815";"0,93503"
"3,46000";"5,19326";"0,94838"
"3,47000";"5,20826";"0,95434"
"3,48000";"5,22325";"0,96555"
"3,49000";"5,23813";"0,98747"
"3,50000";"5,25300";"1,01111"
"3,51000";"5,26799";"1,03439"
"3,52000";"5,28310";"1,05177"
"3,53000";"5,29810";"1,06659"
"3,54000";"5,31309";"1,08932"
"3,55000";"5,32797";"1,12020"
"3,56000";"5,34296";"1,14359"
"3,57000";"5,35783";"1,16967"
"3,58000";"5,37271";"1,20086"
"3,59000";"5,38782";"1,23865"
"3,60000";"5,40281";"1,26518"
"3,61000";"5,41792";"1,28362"
"3,62000";"5,43292";"1,30621"
"3,63000";"5,44803";"1,33301"
"3,64000";"5,46302";"1,36628"
"3,65000";"5,47801";"1,40075"
"3,66000";"5,49301";"1,43542"
"3,67000";"5,50812";"1,46964"
"3,68000";"5,52311";"1,51441"
"3,69000";"5,53822";"1,56259"
"3,70000";"5,55322";"1,61148"
"3,71000";"5,56821";"1,66220"
"3,72000";"5,58320";"1,71616"
"3,73000";"5,59808";"1,76376"
"3,74000";"5,61295";"1,81445"
"3,75000";"5,62806";"1,87416"
"3,76000";"5,64306";"1,93342"
"3,77000";"5,65805";"1,99111"
"3,78000";"5,67304";"2,05495"
"3,79000";"5,68815";"2,13720"
"3,80000";"5,70315";"2,21942"
"3,81000";"5,71814";"2,30149"
"3,82000";"5,73313";"2,38672"
"3,83000";"5,74813";"2,47321"
"3,84000";"5,76312";"2,55848"
"3,85000";"5,77811";"2,64503"
"3,86000";"5,79299";"2,73480"
"3,87000";"5,80798";"2,82414"
"3,88000";"5,82285";"2,91223"
"3,89000";"5,83785";"3,01259"
"3,90000";"5,85284";"3,11614"
"3,91000";"5,86795";"3,21745"
"3,92000";"5,88306";"3,32963"
"3,93000";"5,89806";"3,44677"
"3,94000";"5,91305";"3,56150"
"3,95000";"5,92804";"3,67425"
"3,96000";"5,94303";"3,79365"
"3,97000";"5,95803";"3,92059"
"3,98000";"5,97302";"4,05413"
"3,99000";"5,98813";"4,18414"
"4,00000";"6,00312";"4,31082"
"4,01000";"6,01824";"4,42601"
"4,02000";"6,03311";"4,54672"
"4,03000";"6,04810";"4,66501"
"4,04000";"6,06298";"4,79264"
"4,05000";"6,07797";"4,92403"
"4,06000";"6,09308";"5,05858"
"4,07000";"6,10808";"5,19625"
"4,08000";"6,12307";"5,32590"
"4,09000";"6,13806";"5,45181"
"4,10000";"6,15306";"5,58313"
"4,11000";"6,16805";"5,71027"
"4,12000";"6,18304";"5,83552"
"4,13000";"6,19792";"5,96015"
"4,14000";"6,21291";"6,08792"
"4,15000";"6,22802";"6,21496"
"4,16000";"6,24301";"6,34417"
"4,17000";"6,25801";"6,47307"
"4,18000";"6,27300";"6,59789"
"4,19000";"6,28799";"6,71841"
"4,20000";"6,30287";"6,84292"
"4,21000";"6,31786";"6,97027"
"4,22000";"6,33297";"7,08853"
"4,23000";"6,34796";"7,20947"
"4,24000";"6,36296";"7,34238"
"4,25000";"6,37795";"7,47884"
"4,26000";"6,39294";"7,60966"
"4,27000";"6,40794";"7,73480"
"4,28000";"6,42293";"7,85062"
"4,29000";"6,43804";"7,95958"
"4,30000";"6,45303";"8,06754"
"4,31000";"6,46803";"8,18716"
"4,32000";"6,48302";"8,30998"
"4,33000";"6,49801";"8,43085"
"4,34000";"6,51289";"8,54989"
"4,35000";"6,52788";"8,66574"
"4,36000";"6,54276";"8,78614"
"4,37000";"6,55775";"8,90542"
"4,38000";"6,57286";"9,01723"
"4,39000";"6,58797";"9,13453"
"4,40000";"6,60297";"9,25975"
"4,41000";"6,61796";"9,38761"
"4,42000";"6,63283";"9,51113"
"4,43000";"6,64783";"9,63149"
"4,44000";"6,66270";"9,74398"
"4,45000";"6,67769";"9,85733"
"4,46000";"6,69269";"9,97239"
"4,47000";"6,70780";"10,08760"
"4,48000";"6,72291";"10,20402"
"4,49000";"6,73790";"10,32140"
"4,50000";"6,75301";"10,44104"
"4,51000";"6,76813";"10,55394"
"4,52000";"6,78300";"10,66319"
"4,53000";"6,79799";"10,78058"
"4,54000";"6,81310";"10,90254"
"4,55000";"6,82810";"11,02648"
"4,56000";"6,84309";"11,14842"
"4,57000";"6,85808";"11,26138"
"4,58000";"6,87308";"11,36766"
"4,59000";"6,88807";"11,48345"
"4,60000";"6,90306";"11,59587"
"4,61000";"6,91806";"11,70311"
"4,62000";"6,93305";"11,81435"
"4,63000";"6,94804";"11,92696"
"4,64000";"6,96303";"12,04679"
"4,65000";"6,97803";"12,16024"
"4,66000";"6,99302";"12,27702"
"4,67000";"7,00801";"12,40201"
"4,68000";"7,02289";"12,52464"
"4,69000";"7,03788";"12,64232"
"4,70000";"7,05288";"12,75064"
"4,71000";"7,06787";"12,86679"
"4,72000";"7,08298";"12,98750"
"4,73000";"7,09797";"13,10797"
"4,74000";"7,11297";"13,22760"
"4,75000";"7,12784";"13,34380"
"4,76000";"7,14283";"13,45536"
"4,77000";"7,15783";"13,56467"
"4,78000";"7,17294";"13,67544"
"4,79000";"7,18793";"13,78360"
"4,80000";"7,20304";"13,89340"
"4,81000";"7,21803";"14,02021"
"4,82000";"7,23303";"14,15187"
"4,83000";"7,24790";"14,27339"
"4,84000";"7,26301";"14,38758"
"4,85000";"7,27801";"14,50754"
"4,86000";"7,29312";"14,62467"
"4,87000";"7,30811";"14,73686"
"4,88000";"7,32310";"14,85343"
"4,89000";"7,33810";"14,97668"
"4,90000";"7,35309";"15,10156"
"4,91000";"7,36797";"15,21995"
"4,92000";"7,38296";"15,34004"
"4,93000";"7,39807";"15,45257"
"4,94000";"7,41318";"15,56344"
"4,95000";"7,42817";"15,68488"
"4,96000";"7,44317";"15,80434"
"4,97000";"7,45804";"15,92363"
"4,98000";"7,47292";"16,04436"
"4,99000";"7,48791";"16,16843"
"5,00000";"7,50290";"16,29022"
"5,01000";"7,51790";"16,41503"
"5,02000";"7,53301";"16,53668"
"5,03000";"7,54800";"16,65979"
"5,04000";"7,56299";"16,78191"
"5,05000";"7,57810";"16,89745"
"5,06000";"7,59298";"17,01534"
"5,07000";"7,60785";"17,13696"
"5,08000";"7,62285";"17,26056"
"5,09000";"7,63784";"17,38194"
"5,10000";"7,65307";"17,50472"
"5,11000";"7,66806";"17,63455"
"5,12000";"7,68306";"17,76977"
"5,13000";"7,69793";"17,90195"
"5,14000";"7,71292";"18,02522"
"5,15000";"7,72792";"18,15068"
"5,16000";"7,74291";"18,26766"
"5,17000";"7,75778";"18,38320"
"5,18000";"7,77278";"18,50276"
"5,19000";"7,78765";"18,62643"
"5,20000";"7,80265";"18,74459"
"5,21000";"7,81764";"18,86772"
"5,22000";"7,83263";"18,99976"
"5,23000";"7,84774";"19,12914"
"5,24000";"7,86285";"19,25752"
"5,25000";"7,87797";"19,38591"
"5,26000";"7,89296";"19,51888"
"5,27000";"7,90795";"19,64551"
"5,28000";"7,92306";"19,77044"
"5,29000";"7,93806";"19,90419"
"5,30000";"7,95293";"20,03680"
"5,31000";"7,96781";"20,17229"
"5,32000";"7,98292";"20,30297"
"5,33000";"7,99791";"20,43180"
"5,34000";"8,01302";"20,55119"
"5,35000";"8,02813";"20,67728"
"5,36000";"8,04313";"20,80966"
"5,37000";"8,05812";"20,94839"
"5,38000";"8,07299";"21,08211"
"5,39000";"8,08799";"21,21604"
"5,40000";"8,10298";"21,34872"
"5,41000";"8,11797";"21,47981"
"5,42000";"8,13308";"21,60452"
"5,43000";"8,14796";"21,73326"
"5,44000";"8,16307";"21,86864"
"5,45000";"8,17806";"22,00280"
"5,46000";"8,19294";"22,13131"
"5,47000";"8,20805";"22,26360"
"5,48000";"8,22304";"22,40215"
"5,49000";"8,23803";"22,54157"
"5,50000";"8,25315";"22,68235"
"5,51000";"8,26814";"22,82885"
"5,52000";"8,28313";"22,97008"
"5,53000";"8,29824";"23,10700"
"5,54000";"8,31312";"23,23761"
"5,55000";"8,32811";"23,36370"
"5,56000";"8,34322";"23,49548"
"5,57000";"8,35822";"23,62766"
"5,58000";"8,37321";"23,77431"
"5,59000";"8,38808";"23,92068"
"5,60000";"8,40296";"24,06438"
"5,61000";"8,41795";"24,19976"
"5,62000";"8,43283";"24,34236"
"5,63000";"8,44782";"24,48329"
"5,64000";"8,46293";"24,62134"
"5,65000";"8,47804";"24,75717"
"5,66000";"8,49315";"24,90449"
"5,67000";"8,50815";"25,05158"
"5,68000";"8,52314";"25,20391"
"5,69000";"8,53801";"25,35167"
"5,70000";"8,55301";"25,50422"
"5,71000";"8,56800";"25,64821"
"5,72000";"8,58299";"25,78947"
"5,73000";"8,59810";"25,93403"
"5,74000";"8,61322";"26,08704"
"5,75000";"8,62821";"26,24489"
"5,76000";"8,64320";"26,40409"
"5,77000";"8,65808";"26,55340"
"5,78000";"8,67295";"26,69957"
"5,79000";"8,68795";"26,84536"
"5,80000";"8,70294";"26,98811"
"5,81000";"8,71793";"27,12715"
"5,82000";"8,73292";"27,28076"
"5,83000";"8,74792";"27,43006"
"5,84000";"8,76291";"27,58201"
"5,85000";"8,77790";"27,73909"
"5,86000";"8,79278";"27,90096"
"5,87000";"8,80789";"28,05630"
"5,88000";"8,82300";"28,21061"
"5,89000";"8,83799";"28,36328"
"5,90000";"8,85299";"28,52001"
"5,91000";"8,86798";"28,67930"
"5,92000";"8,88297";"28,84235"
"5,93000";"8,89785";"29,00975"
"5,94000";"8,91284";"29,17447"
"5,95000";"8,92783";"29,33320"
"5,96000";"8,94283";"29,49476"
"5,97000";"8,95782";"29,66043"
"5,98000";"8,97270";"29,82571"
"5,99000";"8,98780";"29,99335"
"6,00000";"9,00280";"30,14531"
"6,01000";"9,01779";"30,30119"
"6,02000";"9,03279";"30,46470"
"6,03000";"9,04790";"30,63474"
"6,04000";"9,06301";"30,80826"
"6,05000";"9,07800";"30,98052"
"6,06000";"9,09311";"31,15915"
"6,07000";"9,10810";"31,33390"
"6,08000";"9,12322";"31,50264"
"6,09000";"9,13809";"31,67159"
"6,10000";"9,15308";"31,83880"
"6,11000";"9,16808";"32,01522"
"6,12000";"9,18307";"32,19156"
"6,13000";"9,19818";"32,36676"
"6,14000";"9,21317";"32,54519"
"6,15000";"9,22817";"32,72488"
"6,16000";"9,24316";"32,90186"
"6,17000";"9,25815";"33,07800"
"6,18000";"9,27315";"33,25803"
"6,19000";"9,28814";"33,43882"
"6,20000";"9,30313";"33,61483"
"6,21000";"9,31824";"33,80172"
"6,22000";"9,33324";"33,98150"
"6,23000";"9,34823";"34,15393"
"6,24000";"9,36310";"34,33154"
"6,25000";"9,37810";"34,50783"
"6,26000";"9,39321";"34,69847"
"6,27000";"9,40808";"34,89750"
"6,28000";"9,42319";"35,09073"
"6,29000";"9,43819";"35,28124"
"6,30000";"9,45330";"35,46577"
"6,31000";"9,46817";"35,64615"
"6,32000";"9,48305";"35,83084"
"6,33000";"9,49792";"36,02225"
"6,34000";"9,51292";"36,22923"
"6,35000";"9,52803";"36,43443"
"6,36000";"9,54290";"36,63385"
"6,37000";"9,55801";"36,83599"
"6,38000";"9,57312";"37,03695"
"6,39000";"9,58800";"37,23502"
"6,40000";"9,60288";"37,43443"
"6,41000";"9,61787";"37,63327"
"6,42000";"9,63298";"37,82775"
"6,43000";"9,64797";"38,02503"
"6,44000";"9,66285";"38,22958"
"6,45000";"9,67784";"38,43901"
"6,46000";"9,69295";"38,64516"
"6,47000";"9,70794";"38,85760"
"6,48000";"9,72294";"39,06919"
"6,49000";"9,73793";"39,27593"
"6,50000";"9,75304";"39,48243"
"6,51000";"9,76803";"39,69333"
"6,52000";"9,78303";"39,91095"
"6,53000";"9,79802";"40,13066"
"6,54000";"9,81301";"40,35263"
"6,55000";"9,82789";"40,57354"
"6,56000";"9,84276";"40,79206"
"6,57000";"9,85776";"41,01460"
"6,58000";"9,87287";"41,23776"
"6,59000";"9,88798";"41,46051"
"6,60000";"9,90297";"41,68105"
"6,61000";"9,91808";"41,90736"
"6,62000";"9,93308";"42,13383"
"6,63000";"9,94807";"42,36413"
"6,64000";"9,96294";"42,59160"
"6,65000";"9,97794";"42,80871"
"6,66000";"9,99293";"43,02560"
"6,67000";"10,00804";"43,26025"
"6,68000";"10,02304";"43,50231"
"6,69000";"10,03803";"43,74349"
"6,70000";"10,05314";"43,98161"
"6,71000";"10,06813";"44,22005"
"6,72000";"10,08301";"44,46494"
"6,73000";"10,09788";"44,70899"
"6,74000";"10,11299";"44,94703"
"6,75000";"10,12799";"45,18613"
"6,76000";"10,14310";"45,42732"
"6,77000";"10,15797";"45,66163"
"6,78000";"10,17308";"45,89951"
"6,79000";"10,18808";"46,14572"
"6,80000";"10,20319";"46,40536"
"6,81000";"10,21818";"46,66559"
"6,82000";"10,23329";"46,92181"
"6,83000";"10,24840";"47,18200"
"6,84000";"10,26340";"47,44652"
"6,85000";"10,27839";"47,71012"
"6,86000";"10,29326";"47,97193"
"6,87000";"10,30814";"48,22429"
"6,88000";"10,32313";"48,47095"
"6,89000";"10,33813";"48,71664"
"6,90000";"10,35312";"48,96615"
"6,91000";"10,36823";"49,23221"
"6,92000";"10,38322";"49,50598"
"6,93000";"10,39822";"49,78294"
"6,94000";"10,41321";"50,05989"
"6,95000";"10,42808";"50,33340"
"6,96000";"10,44296";"50,60632"
"6,97000";"10,45795";"50,88485"
"6,98000";"10,47306";"51,16093"
"6,99000";"10,48806";"51,44820"
"7,00000";"10,50328";"51,74151"
"7,01000";"10,51828";"52,02643"
"7,02000";"10,53327";"52,30335"
"7,03000";"10,54815";"52,57791"
"7,04000";"10,56302";"52,86202"
"7,05000";"10,57801";"53,14150"
"7,06000";"10,59301";"53,41842"
"7,07000";"10,60800";"53,70174"
"7,08000";"10,62299";"53,99201"
"7,09000";"10,63787";"54,28720"
"7,10000";"10,65286";"54,58681"
"7,11000";"10,66785";"54,88243"
"7,12000";"10,68285";"55,17594"
"7,13000";"10,69784";"55,47044"
"7,14000";"10,71283";"55,77242"
"7,15000";"10,72783";"56,07698"
"7,16000";"10,74282";"56,38068"
"7,17000";"10,75781";"56,69145"
"7,18000";"10,77281";"57,00036"
"7,19000";"10,78780";"57,30571"
"7,20000";"10,80279";"57,62084"
"7,21000";"10,81779";"57,94489"
"7,22000";"10,83290";"58,27121"
"7,23000";"10,84789";"58,59635"
"7,24000";"10,86300";"58,91351"
"7,25000";"10,87799";"59,23679"
"7,26000";"10,89299";"59,56658"
"7,27000";"10,90786";"59,89739"
"7,28000";"10,92274";"60,21525"
"7,29000";"10,93785";"60,53441"
"7,30000";"10,95296";"60,85618"
"7,31000";"10,96807";"61,18697"
"7,32000";"10,98306";"61,53030"
"7,33000";"10,99806";"61,86398"
"7,34000";"11,01305";"62,20320"
"7,35000";"11,02804";"62,54645"
"7,36000";"11,04303";"62,88858"
"7,37000";"11,05803";"63,22865"
"7,38000";"11,07314";"63,56836"
"7,39000";"11,08801";"63,90939"
"7,40000";"11,10301";"64,24300"
"7,41000";"11,11800";"64,58327"
"7,42000";"11,13299";"64,93195"
"7,43000";"11,14799";"65,29047"
"7,44000";"11,16310";"65,64299"
"7,45000";"11,17809";"65,99689"
"7,46000";"11,19320";"66,35777"
"7,47000";"11,20820";"66,72483"
"7,48000";"11,22307";"67,09589"
"7,49000";"11,23806";"67,46459"
"7,50000";"11,25306";"67,82965"
"7,51000";"11,26805";"68,19272"
"7,52000";"11,28292";"68,56321"
"7,53000";"11,29792";"68,93568"
"7,54000";"11,31303";"69,31235"
"7,55000";"11,32802";"69,68992"
"7,56000";"11,34290";"70,06407"
"7,57000";"11,35789";"70,43799"
"7,58000";"11,37288";"70,80688"
"7,59000";"11,38788";"71,18086"
"7,60000";"11,40298";"71,56148"
"7,61000";"11,41798";"71,94891"
"7,62000";"11,43309";"72,35686"
"7,63000";"11,44820";"72,77196"
"7,64000";"11,46319";"73,17730"
"7,65000";"11,47819";"73,57697"
"7,66000";"11,49306";"73,96858"
"7,67000";"11,50806";"74,34683"
"7,68000";"11,52305";"74,71996"
"7,69000";"11,53816";"75,10866"
"7,70000";"11,55315";"75,51952"
"7,71000";"11,56815";"75,94004"
"7,72000";"11,58314";"76,36085"
"7,73000";"11,59813";"76,77007"
"7,74000";"11,61312";"77,16927"
"7,75000";"11,62800";"77,56690"
"7,76000";"11,64311";"77,96689"
"7,77000";"11,65810";"78,36627"
"7,78000";"11,67310";"78,77796"
"7,79000";"11,68797";"79,20220"
"7,80000";"11,70296";"79,62206"
"7,81000";"11,71796";"80,04684"
"7,82000";"11,73295";"80,47211"
"7,83000";"11,74794";"80,89441"
"7,84000";"11,76306";"81,31644"
"7,85000";"11,77817";"81,74635"
"7,86000";"11,79304";"82,17891"
"7,87000";"11,80803";"82,61177"
"7,88000";"11,82303";"83,04195"
"7,89000";"11,83790";"83,47557"
"7,90000";"11,85278";"83,90725"
"7,91000";"11,86777";"84,34058"
"7,92000";"11,88276";"84,77147"
"7,93000";"11,89787";"85,22016"
"7,94000";"11,91287";"85,67899"
"7,95000";"11,92798";"86,14510"
"7,96000";"11,94297";"86,60571"
"7,97000";"11,95797";"87,05270"
"7,98000";"11,97284";"87,48738"
"7,99000";"11,98795";"87,92323"
"8,00000";"12,00294";"88,37302"
"8,01000";"12,01806";"88,83477"
"8,02000";"12,03305";"89,30416"
"8,03000";"12,04804";"89,77473"
"8,04000";"12,06304";"90,23553"
"8,05000";"12,07803";"90,68527"
"8,06000";"12,09302";"91,13474"
"8,07000";"12,10801";"91,58630"
"8,08000";"12,12301";"92,04102"
"8,09000";"12,13800";"92,49949"
"8,10000";"12,15299";"92,96704"
"8,11000";"12,16787";"93,42793"
"8,12000";"12,18274";"93,88631"
"8,13000";"12,19774";"94,34578"
"8,14000";"12,21273";"94,80762"
"8,15000";"12,22772";"95,28020"
"8,16000";"12,24272";"95,75259"
"8,17000";"12,25795";"96,23307"
"8,18000";"12,27294";"96,71764"
"8,19000";"12,28793";"97,20500"
"8,20000";"12,30292";"97,68816"
"8,21000";"12,31780";"98,16193"
"8,22000";"12,33267";"98,62626"
"8,23000";"12,34778";"99,08992"
"8,24000";"12,36278";"99,56261"
"8,25000";"12,37801";"100,05355"
"8,26000";"12,39300";"100,55562"
"8,27000";"12,40799";"101,04931"
"8,28000";"12,42299";"101,53777"
"8,29000";"12,43786";"102,00780"
"8,30000";"12,45286";"102,47088"
"8,31000";"12,46797";"102,92683"
"8,32000";"12,48296";"103,39367"
"8,33000";"12,49795";"103,86795"
"8,34000";"12,51294";"104,34373"
"8,35000";"12,52794";"104,81661"
"8,36000";"12,54293";"105,28831"
"8,37000";"12,55781";"105,76289"
"8,38000";"12,57280";"106,22684"
"8,39000";"12,58779";"106,68408"
"8,40000";"12,60278";"107,14847"
"8,41000";"12,61790";"107,61816"
"8,42000";"12,63289";"108,09001"
"8,43000";"12,64788";"108,55777"
"8,44000";"12,66288";"109,02398"
"8,45000";"12,67787";"109,47974"
"8,46000";"12,69286";"109,92722"
"8,47000";"12,70797";"110,37380"
"8,48000";"12,72308";"110,82514"
"8,49000";"12,73808";"111,28714"
"8,50000";"12,75319";"111,74390"
"8,51000";"12,76818";"112,19728"
"8,52000";"12,78306";"112,63439"
"8,53000";"12,79805";"113,06226"
"8,54000";"12,81304";"113,47881"
"8,55000";"12,82804";"113,89067"
"8,56000";"12,84303";"114,31998"
"8,57000";"12,85802";"114,75743"
"8,58000";"12,87301";"115,19926"
"8,59000";"12,88813";"115,63450"
"8,60000";"12,90300";"116,05331"
"8,61000";"12,91787";"116,45309"
"8,62000";"12,93287";"116,84387"
"8,63000";"12,94786";"117,23203"
"8,64000";"12,96285";"117,62634"
"8,65000";"12,97785";"118,03105"
"8,66000";"12,99284";"118,42711"
"8,67000";"13,00795";"118,81053"
"8,68000";"13,02294";"119,20186"
"8,69000";"13,03794";"119,60435"
"8,70000";"13,05293";"119,98628"
"8,71000";"13,06804";"120,34745"
"8,72000";"13,08315";"120,70686"
"8,73000";"13,09814";"121,06265"
"8,74000";"13,11314";"121,41148"
"8,75000";"13,12801";"121,74799"
"8,76000";"13,14289";"122,06509"
"8,77000";"13,15776";"122,35883"
"8,78000";"13,17276";"122,64592"
"8,79000";"13,18775";"122,94013"
"8,80000";"13,20286";"123,24480"
"8,81000";"13,21797";"123,55400"
"8,82000";"13,23297";"123,85739"
"8,83000";"13,24796";"124,14915"
"8,84000";"13,26283";"124,40632"
"8,85000";"13,27771";"124,61742"
"8,86000";"13,29270";"124,80158"
"8,87000";"13,30781";"124,97272"
"8,88000";"13,32281";"125,14912"
"8,89000";"13,33792";"125,31322"
"8,90000";"13,35291";"125,46100"
"8,91000";"13,36790";"125,59716"
"8,92000";"13,38290";"125,72108"
"8,93000";"13,39789";"125,82571"
"8,94000";"13,41288";"125,90930"
"8,95000";"13,42799";"125,99111"
"8,96000";"13,44299";"126,06096"
"8,97000";"13,45798";"126,11485"
"8,98000";"13,47297";"126,13924"
"8,99000";"13,48808";"126,14461"
"9,00000";"13,50308";"126,12745"
"9,01000";"13,51807";"126,08234"
"9,02000";"13,53306";"126,00642"
"9,03000";"13,54806";"125,90321"
"9,04000";"13,56317";"125,77016"
"9,05000";"13,57816";"125,61580"
"9,06000";"13,59303";"125,42522"
"9,07000";"13,60803";"125,20718"
"9,08000";"13,62290";"124,97538"
"9,09000";"13,63790";"124,72179"
"9,10000";"13,65289";"124,45117"
"9,11000";"13,66800";"124,16724"
"9,12000";"13,68299";"123,87440"
"9,13000";"13,69810";"123,57101"
"9,14000";"13,71310";"123,24378"
"9,15000";"13,72797";"122,88307"
"9,16000";"13,74296";"122,47207"
"9,17000";"13,75796";"122,01716"
"9,18000";"13,77307";"121,53735"
"9,19000";"13,78806";"121,02343"
"9,20000";"13,80317";"120,42502"
"9,21000";"13,81817";"119,75165"
"9,22000";"13,83328";"119,05023"
"9,23000";"13,84827";"118,38609"
"9,24000";"13,86326";"117,81426"
"9,25000";"13,87826";"117,33293"
"9,26000";"13,89325";"116,94113"
"9,27000";"13,90813";"116,61592"
"9,28000";"13,92312";"116,34076"
"9,29000";"13,93811";"116,10896"
"9,30000";"13,95322";"115,93187"
"9,31000";"13,96821";"115,79109"
"9,32000";"13,98309";"115,65601"
"9,33000";"13,99808";"115,51199"
"9,34000";"14,01308";"115,37037"
"9,35000";"14,02807";"115,24293"
"9,36000";"14,04306";"115,12194"
"9,37000";"14,05794";"114,99460"
"9,38000";"14,07293";"114,84786"
"9,39000";"14,08781";"114,69808"
"9,40000";"14,10280";"114,54765"
"9,41000";"14,11779";"114,41547"
"9,42000";"14,13278";"114,30120"
"9,43000";"14,14790";"114,19897"
"9,44000";"14,16289";"114,09661"
"9,45000";"14,17800";"114,00515"
"9,46000";"14,19299";"113,92630"
"9,47000";"14,20799";"113,85714"
"9,48000";"14,22286";"113,77411"
"9,49000";"14,23797";"113,69520"
"9,50000";"14,25308";"113,64568"
"9,51000";"14,26808";"113,62860"
"9,52000";"14,28307";"113,62627"
"9,53000";"14,29818";"113,62032"
"9,54000";"14,31329";"113,60406"
"9,55000";"14,32817";"113,58266"
"9,56000";"14,34316";"113,53637"
"9,57000";"14,35803";"113,47198"
"9,58000";"14,37315";"113,41083"
"9,59000";"14,38802";"113,34504"
"9,60000";"14,40301";"113,27689"
"9,61000";"14,41813";"113,20403"
"9,62000";"14,43312";"113,12549"
"9,63000";"14,44799";"113,05325"
"9,64000";"14,46299";"112,97818"
"9,65000";"14,47810";"112,91254"
"9,66000";"14,49309";"112,86255"
"9,67000";"14,50820";"112,82675"
"9,68000";"14,52319";"112,78899"
"9,69000";"14,53807";"112,73523"
"9,70000";"14,55318";"112,69292"
"9,71000";"14,56806";"112,67793"
"9,72000";"14,58305";"112,66365"
"9,73000";"14,59804";"112,64269"
"9,74000";"14,61327";"112,61856"
"9,75000";"14,62826";"112,61526"
"9,76000";"14,64337";"112,60375"
"9,77000";"14,65825";"112,56969"
"9,78000";"14,67313";"112,50990"
"9,79000";"14,68812";"112,41885"
"9,80000";"14,70299";"112,30355"
"9,81000";"14,71799";"112,17662"
"9,82000";"14,73310";"112,07520"
"9,83000";"14,74821";"112,01228"
"9,84000";"14,76320";"111,96350"
"9,85000";"14,77820";"111,89026"
"9,86000";"14,79319";"111,79192"
"9,87000";"14,80806";"111,68359"
"9,88000";"14,82306";"111,57997"
"9,89000";"14,83805";"111,49491"
"9,90000";"14,85304";"111,43526"
"9,91000";"14,86792";"111,40954"
"9,92000";"14,88291";"111,40494"
"9,93000";"14,89790";"111,41749"
"9,94000";"14,91290";"111,44028"
"9,95000";"14,92789";"111,49516"
"9,96000";"14,94300";"111,58028"
"9,97000";"14,95799";"111,66210"
"9,98000";"14,97299";"111,72513"
"9,99000";"14,98798";"111,79249"
"10,00000";"15,00297";"111,87862"
"10,01000";"15,01808";"111,95802"
"10,02000";"15,03308";"112,02754"
"10,03000";"15,04807";"112,09054"
"10,04000";"15,06318";"112,13599"
"10,05000";"15,07829";"112,16536"
"10,06000";"15,09328";"112,17163"
"10,07000";"15,10828";"112,16941"
"10,08000";"15,12327";"112,17184"
"10,09000";"15,13815";"112,16878"
"10,10000";"15,15290";"112,15318"
"10,11000";"15,16790";"112,14510"
"10,12000";"15,18277";"112,16987"
"10,13000";"15,19788";"112,25275"
"10,14000";"15,21287";"112,36806"
"10,15000";"15,22787";"112,50500"
"10,16000";"15,24286";"112,63242"
"10,17000";"15,25785";"112,74262"
"10,18000";"15,27273";"112,82811"
"10,19000";"15,28772";"112,88245"
"10,20000";"15,30283";"112,92686"
"10,21000";"15,31783";"113,00731"
"10,22000";"15,33282";"113,11950"
"10,23000";"15,34781";"113,22666"
"10,24000";"15,36280";"113,34155"
"10,25000";"15,37792";"113,46244"
"10,26000";"15,39279";"113,58624"
"10,27000";"15,40778";"113,68767"
"10,28000";"15,42290";"113,78609"
"10,29000";"15,43789";"113,87257"
"10,30000";"15,45312";"113,96819"
"10,31000";"15,46811";"114,07431"
"10,32000";"15,48310";"114,18224"
"10,33000";"15,49810";"114,29019"
"10,34000";"15,51309";"114,40403"
"10,35000";"15,52808";"114,50615"
"10,36000";"15,54308";"114,60181"
"10,37000";"15,55807";"114,70799"
"10,38000";"15,57318";"114,83192"
"10,39000";"15,58817";"114,95988"
"10,40000";"15,60317";"115,06152"
"10,41000";"15,61816";"115,15582"
"10,42000";"15,63304";"115,22982"
"10,43000";"15,64803";"115,29122"
"10,44000";"15,66302";"115,36859"
"10,45000";"15,67813";"115,47270"
"10,46000";"15,69312";"115,58221"
"10,47000";"15,70800";"115,67886"
"10,48000";"15,72299";"115,74249"
"10,49000";"15,73787";"115,80293"
"10,50000";"15,75274";"115,84969"
"10,51000";"15,76774";"115,87261"
"10,52000";"15,78273";"115,88885"
"10,53000";"15,79784";"115,92958"
"10,54000";"15,81283";"115,98132"
"10,55000";"15,82783";"116,05234"
"10,56000";"15,84282";"116,12842"
"10,57000";"15,85793";"116,23131"
"10,58000";"15,87292";"116,36102"
"10,59000";"15,88815";"116,47891"
"10,60000";"15,90326";"116,58736"
"10,61000";"15,91837";"116,68627"
"10,62000";"15,93337";"116,77962"
"10,63000";"15,94824";"116,83903"
"10,64000";"15,96324";"116,85097"
"10,65000";"15,97811";"116,85182"
"10,66000";"15,99310";"116,86991"
"10,67000";"16,00798";"116,90756"
"10,68000";"16,02297";"116,96188"
"10,69000";"16,03797";"117,02103"
"10,70000";"16,05308";"117,13316"
"10,71000";"16,06795";"117,31396"
"10,72000";"16,08294";"117,53901"
"10,73000";"16,09782";"117,78938"
"10,74000";"16,11281";"118,05117"
"10,75000";"16,12781";"118,32903"
"10,76000";"16,14280";"118,64939"
"10,77000";"16,15791";"119,00076"
"10,78000";"16,17290";"119,39171"
"10,79000";"16,18790";"119,78644"
"10,80000";"16,20289";"120,16099"
"10,81000";"16,21776";"120,49284"
"10,82000";"16,23276";"120,79577"
"10,83000";"16,24775";"121,11337"
"10,84000";"16,26286";"121,45080"
"10,85000";"16,27773";"121,77881"
"10,86000";"16,29285";"122,06193"
"10,87000";"16,30796";"122,34587"
"10,88000";"16,32319";"122,64912"
"10,89000";"16,33818";"122,98576"
"10,90000";"16,35329";"123,33904"
"10,91000";"16,36840";"123,73322"
"10,92000";"16,38340";"124,14803"
"10,93000";"16,39839";"124,58012"
"10,94000";"16,41326";"125,02248"
"10,95000";"16,42814";"125,50967"
"10,96000";"16,44301";"126,03983"
"10,97000";"16,45789";"126,61292"
"10,98000";"16,47288";"127,20949"
"10,99000";"16,48799";"127,84802"
"11,00000";"16,50299";"128,54161"
"11,01000";"16,51810";"129,26201"
"11,02000";"16,53309";"130,00082"
"11,03000";"16,54797";"130,72307"
"11,04000";"16,56296";"131,42542"
"11,05000";"16,57784";"132,10100"
"11,06000";"16,59271";"132,75722"
"11,07000";"16,60770";"133,44611"
"11,08000";"16,62281";"134,18886"
"11,09000";"16,63781";"134,95004"
"11,10000";"16,65292";"135,69885"
"11,11000";"16,66803";"136,44264"
"11,12000";"16,68290";"137,18762"
"11,13000";"16,69790";"137,89719"
"11,14000";"16,71289";"138,56227"
"11,15000";"16,72800";"139,22025"
"11,16000";"16,74299";"139,92813"
"11,17000";"16,75799";"140,65762"
"11,18000";"16,77298";"141,38976"
"11,19000";"16,78797";"142,13120"
"11,20000";"16,80297";"142,92740"
"11,21000";"16,81796";"143,74954"
"11,22000";"16,83295";"144,57533"
"11,23000";"16,84806";"145,43379"
"11,24000";"16,86306";"146,35156"
"11,25000";"16,87805";"147,31241"
"11,26000";"16,89293";"148,28612"
"11,27000";"16,90792";"149,26282"
"11,28000";"16,92279";"150,28061"
"11,29000";"16,93790";"151,33434"
"11,30000";"16,95290";"152,43419"
"11,31000";"16,96801";"153,58304"
"11,32000";"16,98300";"154,77608"
"11,33000";"16,99799";"155,95454"
"11,34000";"17,01299";"157,08626"
"11,35000";"17,02798";"158,18265"
"11,36000";"17,04285";"159,27414"
"11,37000";"17,05773";"160,36227"
"11,38000";"17,07284";"161,49667"
"11,39000";"17,08783";"162,72131"
"11,40000";"17,10271";"164,03262"
"11,41000";"17,11770";"165,37018"
"11,42000";"17,13270";"166,67975"
"11,43000";"17,14769";"168,01553"
"11,44000";"17,16280";"169,40782"
"11,45000";"17,17779";"170,83495"
"11,46000";"17,19302";"172,26244"
"11,47000";"17,20813";"173,68562"
"11,48000";"17,22313";"175,06636"
"11,49000";"17,23812";"176,41302"
"11,50000";"17,25299";"177,71501"
"11,51000";"17,26799";"179,00574"
"11,52000";"17,28286";"180,32935"
"11,53000";"17,29786";"181,68810"
"11,54000";"17,31285";"183,11037"
"11,55000";"17,32796";"184,61549"
"11,56000";"17,34283";"186,15274"
"11,57000";"17,35783";"187,69208"
"11,58000";"17,37270";"189,16948"
"11,59000";"17,38770";"190,59689"
"11,60000";"17,40269";"192,00070"
"11,61000";"17,41780";"193,41122"
"11,62000";"17,43291";"194,87602"
"11,63000";"17,44802";"196,41774"
"11,64000";"17,46313";"197,96942"
"11,65000";"17,47801";"199,51425"
"11,66000";"17,49276";"200,98735"
"11,67000";"17,50764";"202,37070"
"11,68000";"17,52251";"203,75471"
"11,69000";"17,53751";"205,19528"
"11,70000";"17,55238";"206,73889"
"11,71000";"17,56749";"208,36592"
"11,72000";"17,58261";"210,09732"
"11,73000";"17,59772";"211,89539"
"11,74000";"17,61283";"213,75768"
"11,75000";"17,62806";"215,66701"
"11,76000";"17,64317";"217,60840"
"11,77000";"17,65816";"219,55501"
"11,78000";"17,67315";"221,53134"
"11,79000";"17,68815";"223,49997"
"11,80000";"17,70314";"225,48163"
"11,81000";"17,71813";"227,57672"
"11,82000";"17,73313";"229,83426"
"11,83000";"17,74812";"232,25153"
"11,84000";"17,76311";"234,77074"
"11,85000";"17,77810";"237,33246"
"11,86000";"17,79310";"239,92439"
"11,87000";"17,80821";"242,51341"
"11,88000";"17,82320";"245,07893"
"11,89000";"17,83808";"247,62161"
"11,90000";"17,85307";"250,20547"
"11,91000";"17,86783";"252,83813"
"11,92000";"17,88282";"255,49995"
"11,93000";"17,89793";"258,25430"
"11,94000";"17,91292";"261,09256"
"11,95000";"17,92780";"263,92804"
"11,96000";"17,94279";"266,76855"
"11,97000";"17,95767";"269,64310"
"11,98000";"17,97266";"272,60550"
"11,99000";"17,98765";"275,73502"
"12,00000";"18,00253";"278,97998"
"12,01000";"18,01764";"282,28705"
"12,02000";"18,03275";"285,73743"
"12,03000";"18,04786";"289,42264"
"12,04000";"18,06297";"293,27405"
"12,05000";"18,07820";"297,23355"
"12,06000";"18,09308";"301,20782"
"12,07000";"18,10807";"305,08832"
"12,08000";"18,12295";"308,88287"
"12,09000";"18,13806";"312,71957"
"12,10000";"18,15305";"316,68759"
"12,11000";"18,16804";"320,77472"
"12,12000";"18,18303";"324,95413"
"12,13000";"18,19803";"329,19043"
"12,14000";"18,21302";"333,48016"
"12,15000";"18,22790";"337,87311"
"12,16000";"18,24277";"342,31808"
"12,17000";"18,25788";"346,82761"
"12,18000";"18,27287";"351,47961"
"12,19000";"18,28787";"356,15262"
"12,20000";"18,30286";"360,84586"
"12,21000";"18,31774";"365,48972"
"12,22000";"18,33261";"370,05927"
"12,23000";"18,34737";"374,53189"
"12,24000";"18,36224";"379,08551"
"12,25000";"18,37724";"383,92581"
"12,26000";"18,39235";"389,10306"
"12,27000";"18,40734";"394,45187"
"12,28000";"18,42245";"399,98853"
"12,29000";"18,43744";"405,59787"
"12,30000";"18,45232";"411,16769"
"12,31000";"18,46743";"416,71732"
"12,32000";"18,48266";"422,40518"
"12,33000";"18,49789";"428,45056"
"12,33200";"18,50096";"429,69769"
"12,33400";"18,50403";"430,95038"
"12,34400";"18,51713";"437,18469"
"12,35400";"18,52469";"441,37122"
"12,36000";"18,52670";"440,78088"
"12,37000";"18,52611";"431,86713"
"12,38000";"18,52138";"411,68536"
"12,39000";"18,51040";"377,73264"
"12,40000";"18,49376";"323,04196"
"12,41000";"18,47381";"243,82948"
"12,42000";"18,45220";"151,07486"
"12,43000";"18,43036";"63,83681"
"12,44000";"18,40876";"-4,98920"
"12,45000";"18,38786";"-50,68796"
"12,46000";"18,36767";"-75,07479"
"12,47000";"18,34843";"-83,37337"
"12,48000";"18,32978";"-82,00636"
"12,49000";"18,31183";"-75,97722"
"12,50000";"18,29472";"-67,79141"
"12,51000";"18,27807";"-58,38862"
"12,52000";"18,26178";"-49,08414"
"12,53000";"18,24572";"-40,18462"
"12,54000";"18,22990";"-31,91936"
"12,55000";"18,21432";"-25,47082"
"12,56000";"18,19874";"-21,18630"
"12,57000";"18,18339";"-18,69831"
"12,58000";"18,16816";"-17,41175"
"12,59000";"18,15305";"-16,82300"
"12,60000";"18,13794";"-16,54161"
"12,61000";"18,12295";"-16,29944"
"12,62000";"18,10807";"-15,96826"
"12,63000";"18,09308";"-15,55450"
"12,64000";"18,07785";"-15,06786"
"12,65000";"18,06250";"-14,53977"
"12,66000";"18,04727";"-14,00960"
"12,67000";"18,03204";"-13,49056"
"12,68000";"18,01693";"-12,99478"
"12,69000";"18,00182";"-12,53219"
"12,70000";"17,98671";"-12,09896"
"12,71000";"17,97160";"-11,68575"
"12,72000";"17,95661";"-11,28568"
"12,73000";"17,94173";"-10,88212"
"12,74000";"17,92686";"-10,45598"
"12,75000";"17,91210";"-10,03075"
"12,76000";"17,89710";"-9,63236"
"12,77000";"17,88211";"-9,26672"
"12,78000";"17,86700";"-8,91989"
"12,79000";"17,85177";"-8,57823"
"12,80000";"17,83690";"-8,24785"
"12,81000";"17,82190";"-7,92277"
"12,82000";"17,80691";"-7,60644"
"12,83000";"17,79192";"-7,30243"
"12,84000";"17,77704";"-7,00707"
"12,85000";"17,76205";"-6,71910"
"12,86000";"17,74706";"-6,44698"
"12,87000";"17,73195";"-6,19648"
"12,88000";"17,71695";"-5,97238"
"12,89000";"17,70208";"-5,75917"
"12,90000";"17,68696";"-5,54002"
"12,91000";"17,67197";"-5,32638"
"12,92000";"17,65686";"-5,12532"
"12,93000";"17,64187";"-4,92653"
"12,94000";"17,62675";"-4,72927"
"12,95000";"17,61176";"-4,55072"
"12,96000";"17,59689";"-4,38093"
"12,97000";"17,58213";"-4,20684"
"12,98000";"17,56714";"-4,03005"
"12,99000";"17,55215";"-3,87414"
"13,00000";"17,53703";"-3,74133"
"13,01000";"17,52204";"-3,62243"
"13,02000";"17,50693";"-3,51265"
"13,03000";"17,49194";"-3,41200"
"13,04000";"17,47694";"-3,32662"
"13,05000";"17,46219";"-3,23935"
"13,06000";"17,44743";"-3,15091"
"13,07000";"17,43232";"-3,04567"
"13,08000";"17,41721";"-2,95144"
"13,09000";"17,40221";"-2,86863"
"13,10000";"17,38699";"-2,79754"
"13,11000";"17,37188";"-2,72879"
"13,12000";"17,35688";"-2,65850"
"13,13000";"17,34201";"-2,58550"
"13,14000";"17,32701";"-2,51399"
"13,15000";"17,31190";"-2,43628"
"13,16000";"17,29691";"-2,36959"
"13,17000";"17,28192";"-2,30074"
"13,18000";"17,26704";"-2,22784"
"13,19000";"17,25193";"-2,14994"
"13,20000";"17,23682";"-2,07581"
"13,21000";"17,22194";"-2,00141"
"13,22000";"17,20707";"-1,92982"
"13,23000";"17,19208";"-1,86269"
"13,24000";"17,17696";"-1,80868"
"13,25000";"17,16197";"-1,75892"
"13,26000";"17,14698";"-1,71338"
"13,27000";"17,13187";"-1,67314"
"13,28000";"17,11687";"-1,63522"
"13,29000";"17,10200";"-1,59915"
"13,30000";"17,08713";"-1,55402"
"13,31000";"17,07213";"-1,51380"
"13,32000";"17,05690";"-1,48160"
"13,33000";"17,04203";"-1,44939"
"13,34000";"17,02703";"-1,41733"
"13,35000";"17,01192";"-1,39354"
"13,36000";"16,99705";"-1,36855"
"13,37000";"16,98206";"-1,34671"
"13,38000";"16,96718";"-1,32197"
"13,39000";"16,95207";"-1,29760"
"13,40000";"16,93696";"-1,26647"
"13,41000";"16,92185";"-1,23370"
"13,42000";"16,90686";"-1,20503"
"13,43000";"16,89186";"-1,16738"
"13,44000";"16,87675";"-1,13187"
"13,45000";"16,86188";"-1,10432"
"13,46000";"16,84688";"-1,08526"
"13,47000";"16,83201";"-1,06352"
"13,48000";"16,81689";"-1,03929"
"13,49000";"16,80190";"-1,01116"
"13,50000";"16,78691";"-0,97350"
"13,51000";"16,77192";"-0,94917"
"13,52000";"16,75704";"-0,93600"
"13,53000";"16,74193";"-0,92842"
"13,54000";"16,72706";"-0,92106"
"13,55000";"16,71206";"-0,90739"
"13,56000";"16,69707";"-0,88863"
"13,57000";"16,68196";"-0,86972"
"13,58000";"16,66685";"-0,85264"
"13,59000";"16,65197";"-0,83742"
"13,60000";"16,63710";"-0,81065"
"13,61000";"16,62211";"-0,78787"
"13,62000";"16,60699";"-0,77595"
"13,63000";"16,59188";"-0,77670"
"13,64000";"16,57689";"-0,77382"
"13,65000";"16,56178";"-0,76037"
"13,66000";"16,54667";"-0,75772"
"13,67000";"16,53179";"-0,75442"
"13,68000";"16,51692";"-0,73267"
"13,69000";"16,50216";"-0,71024"
"13,70000";"16,48705";"-0,69439"
"13,71000";"16,47206";"-0,69324"
"13,72000";"16,45706";"-0,68680"
"13,73000";"16,44195";"-0,68113"
"13,74000";"16,42684";"-0,67250"
"13,75000";"16,41197";"-0,66356"
"13,76000";"16,39709";"-0,65118"
"13,77000";"16,38222";"-0,63206"
"13,78000";"16,36710";"-0,61098"
"13,79000";"16,35211";"-0,59834"
"13,80000";"16,33724";"-0,58934"
"13,81000";"16,32224";"-0,57679"
"13,82000";"16,30713";"-0,56121"
"13,83000";"16,29214";"-0,55526"
"13,84000";"16,27727";"-0,54963"
"13,85000";"16,26227";"-0,53720"
"13,86000";"16,24704";"-0,53212"
"13,87000";"16,23205";"-0,52695"
"13,88000";"16,21706";"-0,52169"
"13,89000";"16,20206";"-0,51321"
"13,90000";"16,18707";"-0,50164"
"13,91000";"16,17208";"-0,48661"
"13,92000";"16,15732";"-0,47753"
"13,93000";"16,14233";"-0,47095"
"13,94000";"16,12721";"-0,46208"
"13,95000";"16,11199";"-0,45690"
"13,96000";"16,09687";"-0,45737"
"13,97000";"16,08177";"-0,45070"
"13,98000";"16,06677";"-0,44326"
"13,99000";"16,05178";"-0,44830"
"14,00000";"16,03690";"-0,45434"
"14,01000";"16,02203";"-0,44742"
"14,02000";"16,00704";"-0,43908"
"14,03000";"15,99181";"-0,43555"
"14,04000";"15,97681";"-0,43086"
"14,05000";"15,96194";"-0,43255"
"14,06000";"15,94695";"-0,42771"
"14,07000";"15,93207";"-0,41798"
"14,08000";"15,91696";"-0,40731"
"14,09000";"15,90220";"-0,40591"
"14,10000";"15,88721";"-0,39798"
"14,11000";"15,87222";"-0,39777"
"14,12000";"15,85722";"-0,40182"
"14,13000";"15,84211";"-0,40076"
"14,14000";"15,82712";"-0,39736"
"14,15000";"15,81213";"-0,38944"
"14,16000";"15,79713";"-0,38180"
"14,17000";"15,78214";"-0,37285"
"14,18000";"15,76727";"-0,35967"
"14,19000";"15,75215";"-0,34175"
"14,20000";"15,73704";"-0,33596"
"14,21000";"15,72205";"-0,33780"
"14,22000";"15,70706";"-0,33444"
"14,23000";"15,69218";"-0,32344"
"14,24000";"15,67719";"-0,31993"
"14,25000";"15,66220";"-0,31934"
"14,26000";"15,64720";"-0,31463"
"14,27000";"15,63209";"-0,31423"
"14,28000";"15,61686";"-0,31368"
"14,29000";"15,60175";"-0,30955"
"14,30000";"15,58676";"-0,30092"
"14,31000";"15,57176";"-0,29482"
"14,32000";"15,55689";"-0,28950"
"14,33000";"15,54190";"-0,28116"
"14,34000";"15,52690";"-0,28000"
"14,35000";"15,51191";"-0,29219"
"14,36000";"15,49680";"-0,30144"
"14,37000";"15,48180";"-0,30494"
"14,38000";"15,46681";"-0,30157"
"14,39000";"15,45205";"-0,29321"
"14,40000";"15,43694";"-0,27592"
"14,41000";"15,42195";"-0,26889"
"14,42000";"15,40696";"-0,26886"
"14,43000";"15,39208";"-0,26734"
"14,44000";"15,37697";"-0,27372"
"14,45000";"15,36186";"-0,28014"
"14,46000";"15,34699";"-0,27859"
"14,47000";"15,33211";"-0,27493"
"14,48000";"15,31723";"-0,27682"
"14,49000";"15,30201";"-0,27373"
"14,50000";"15,28713";"-0,27777"
"14,51000";"15,27214";"-0,28245"
"14,52000";"15,25715";"-0,27457"
"14,53000";"15,24203";"-0,27516"
"14,54000";"15,22704";"-0,27610"
"14,55000";"15,21217";"-0,27302"
"14,56000";"15,19717";"-0,26236"
"14,57000";"15,18206";"-0,25158"
"14,58000";"15,16707";"-0,24928"
"14,59000";"15,15208";"-0,24993"
"14,60000";"15,13720";"-0,25577"
"14,61000";"15,12197";"-0,25484"
"14,62000";"15,10698";"-0,25640"
"14,63000";"15,09210";"-0,26465"
"14,64000";"15,07735";"-0,26915"
"14,65000";"15,06223";"-0,25534"
"14,66000";"15,04713";"-0,24661"
"14,67000";"15,03201";"-0,24339"
"14,68000";"15,01702";"-0,23860"
"14,69000";"15,00203";"-0,24774"
"14,70000";"14,98703";"-0,26075"
"14,71000";"14,97216";"-0,26817"
"14,72000";"14,95728";"-0,26317"
"14,73000";"14,94229";"-0,24954"
"14,74000";"14,92718";"-0,24097"
"14,75000";"14,91219";"-0,23248"
"14,76000";"14,89731";"-0,21917"
"14,77000";"14,88232";"-0,21839"
"14,78000";"14,86721";"-0,21969"
"14,79000";"14,85210";"-0,22336"
"14,80000";"14,83722";"-0,23333"
"14,81000";"14,82223";"-0,24031"
"14,82000";"14,80700";"-0,23834"
"14,83000";"14,79189";"-0,22947"
"14,84000";"14,77701";"-0,22245"
"14,85000";"14,76214";"-0,22424"
"14,86000";"14,74726";"-0,22390"
"14,87000";"14,73215";"-0,22248"
"14,88000";"14,71728";"-0,21924"
"14,89000";"14,70217";"-0,21829"
"14,90000";"14,68706";"-0,21012"
"14,91000";"14,67194";"-0,19975"
"14,92000";"14,65695";"-0,19656"
"14,93000";"14,64208";"-0,20085"
"14,94000";"14,62708";"-0,20808"
"14,95000";"14,61197";"-0,21304"
"14,96000";"14,59698";"-0,21871"
"14,97000";"14,58199";"-0,21776"
"14,98000";"14,56687";"-0,21508"
"14,99000";"14,55165";"-0,21731"
"15,00000";"14,53665";"-0,21998"
"15,01000";"14,52190";"-0,21671"
"15,02000";"14,50690";"-0,20532"
"15,03000";"14,49179";"-0,19522"
"15,04000";"14,47680";"-0,19470"
"15,05000";"14,46192";"-0,19049"
"15,06000";"14,44681";"-0,18930"
"15,07000";"14,43170";"-0,18660"
"15,08000";"14,41671";"-0,18914"
"15,09000";"14,40183";"-0,19648"
"15,10000";"14,38708";"-0,19311"
"15,11000";"14,37197";"-0,18721"
"15,12000";"14,35674";"-0,18286"
"15,13000";"14,34186";"-0,17588"
"15,14000";"14,32687";"-0,16601"
"15,15000";"14,31164";"-0,15814"
"15,16000";"14,29665";"-0,15470"
"15,17000";"14,28189";"-0,15695"
"15,18000";"14,26701";"-0,15520"
"15,19000";"14,25202";"-0,15396"
"15,20000";"14,23679";"-0,15262"
"15,21000";"14,22180";"-0,15208"
"15,22000";"14,20681";"-0,14681"
"15,23000";"14,19169";"-0,13223"
"15,24000";"14,17670";"-0,12371"
"15,25000";"14,16194";"-0,11825"
"15,26000";"14,14719";"-0,11610"
"15,27000";"14,13219";"-0,11613"
"15,28000";"14,11708";"-0,12222"
"15,29000";"14,10209";"-0,12803"
"15,30000";"14,08710";"-0,11920"
"15,31000";"14,07187";"-0,11425"
"15,32000";"14,05688";"-0,11002"
"15,33000";"14,04200";"-0,11321"
"15,34000";"14,02724";"-0,10870"
"15,35000";"14,01225";"-0,09994"
"15,36000";"13,99714";"-0,09513"
"15,37000";"13,98215";"-0,09270"
"15,38000";"13,96739";"-0,09204"
"15,39000";"13,95228";"-0,09657"
"15,40000";"13,93717";"-0,10463"
"15,41000";"13,92229";"-0,11219"
"15,42000";"13,90730";"-0,11519"
"15,43000";"13,89231";"-0,11649"
"15,44000";"13,87719";"-0,11189"
"15,45000";"13,86196";"-0,10629"
"15,46000";"13,84697";"-0,10588"
"15,47000";"13,83210";"-0,10385"
"15,48000";"13,81699";"-0,09555"
"15,49000";"13,80211";"-0,08862"
"15,50000";"13,78712";"-0,08497"
"15,51000";"13,77212";"-0,08910"
"15,52000";"13,75690";"-0,08806"
"15,53000";"13,74179";"-0,09131"
"15,54000";"13,72679";"-0,09614"
"15,55000";"13,71180";"-0,09126"
"15,56000";"13,69692";"-0,08229"
"15,57000";"13,68193";"-0,07691"
"15,58000";"13,66706";"-0,07869"
"15,59000";"13,65218";"-0,07947"
"15,60000";"13,63707";"-0,08142"
"15,61000";"13,62184";"-0,08636"
"15,62000";"13,60685";"-0,09141"
"15,63000";"13,59197";"-0,09180"
"15,64000";"13,57698";"-0,09056"
"15,65000";"13,56199";"-0,08371"
"15,66000";"13,54699";"-0,07969"
"15,67000";"13,53200";"-0,07589"
"15,68000";"13,51701";"-0,07624"
"15,69000";"13,50190";"-0,08094"
"15,70000";"13,48678";"-0,08364"
"15,71000";"13,47191";"-0,08138"
"15,72000";"13,45704";"-0,07169"
"15,73000";"13,44204";"-0,06633"
"15,74000";"13,42705";"-0,06422"
"15,75000";"13,41206";"-0,06784"
"15,76000";"13,39706";"-0,06341"
"15,77000";"13,38195";"-0,05247"
"15,78000";"13,36672";"-0,05211"
"15,79000";"13,35185";"-0,05528"
"15,80000";"13,33709";"-0,05563"
"15,81000";"13,32210";"-0,05878"
"15,82000";"13,30699";"-0,06404"
"15,83000";"13,29199";"-0,07430"
"15,84000";"13,27712";"-0,08458"
"15,85000";"13,26201";"-0,08121"
"15,86000";"13,24678";"-0,07216"
"15,87000";"13,23178";"-0,06151"
"15,88000";"13,21703";"-0,05078"
"15,89000";"13,20215";"-0,04604"
"15,90000";"13,18704";"-0,04329"
"15,91000";"13,17193";"-0,03812"
"15,92000";"13,15694";"-0,03085"
"15,93000";"13,14183";"-0,02805"
"15,94000";"13,12671";"-0,02976"
"15,95000";"13,11172";"-0,03654"
"15,96000";"13,09697";"-0,04444"
"15,97000";"13,08209";"-0,05264"
"15,98000";"13,06710";"-0,06449"
"15,99000";"13,05199";"-0,07669"
"16,00000";"13,03699";"-0,07762"
"16,01000";"13,02188";"-0,06862"
"16,02000";"13,00689";"-0,05718"
"16,03000";"12,99189";"-0,05147"
"16,04000";"12,97702";"-0,04897"
"16,05000";"12,96215";"-0,04496"
"16,06000";"12,94715";"-0,03720"
"16,07000";"12,93204";"-0,04261"
"16,08000";"12,91705";"-0,04650"
"16,09000";"12,90205";"-0,04273"
"16,10000";"12,88706";"-0,03923"
"16,11000";"12,87207";"-0,03163"
"16,12000";"12,85719";"-0,02293"
"16,13000";"12,84232";"-0,02002"
"16,14000";"12,82721";"-0,02571"
"16,15000";"12,81198";"-0,02945"
"16,16000";"12,79699";"-0,03263"
"16,17000";"12,78199";"-0,03182"
"16,18000";"12,76688";"-0,02921"
"16,19000";"12,75189";"-0,01827"
"16,20000";"12,73701";"-0,00971"
"16,21000";"12,72214";"-0,00923"
"16,22000";"12,70703";"-0,01591"
"16,23000";"12,69192";"-0,02305"
"16,24000";"12,67669";"-0,02945"
"16,25000";"12,66181";"-0,03649"
"16,26000";"12,64682";"-0,03512"
"16,27000";"12,63183";"-0,02993"
"16,28000";"12,61683";"-0,01986"
"16,29000";"12,60196";"-0,01305"
"16,30000";"12,58697";"-0,01350"
"16,31000";"12,57197";"-0,01424"
"16,32000";"12,55686";"-0,00793"
"16,33000";"12,54187";"-0,00507"
"16,34000";"12,52688";"-0,00575"
"16,35000";"12,51188";"-0,00996"
"16,36000";"12,49689";"-0,01351"
"16,37000";"12,48190";"-0,01878"
"16,38000";"12,46702";"-0,02310"
"16,39000";"12,45191";"-0,01987"
"16,40000";"12,43680";"-0,01219"
"16,41000";"12,42180";"-0,01108"
"16,42000";"12,40693";"-0,00866"
"16,43000";"12,39206";"-0,00550"
"16,44000";"12,37718";"-0,00610"
"16,45000";"12,36207";"-0,01282"
"16,46000";"12,34708";"-0,01713"
"16,47000";"12,33196";"-0,01590"
"16,48000";"12,31685";"-0,01355"
"16,49000";"12,30186";"-0,00871"
"16,50000";"12,28675";"-0,00728"
"16,51000";"12,27199";"-0,01378"
"16,52000";"12,25700";"-0,02283"
"16,53000";"12,24201";"-0,03333"
"16,54000";"12,22701";"-0,04073"
"16,55000";"12,21202";"-0,04125"
"16,56000";"12,19691";"-0,03470"
"16,57000";"12,18180";"-0,03242"
"16,58000";"12,16681";"-0,02963"
"16,59000";"12,15193";"-0,03047"
"16,60000";"12,13706";"-0,03644"
"16,61000";"12,12206";"-0,04308"
"16,62000";"12,10695";"-0,04079"
"16,63000";"12,09208";"-0,03443"
"16,64000";"12,07708";"-0,02682"
"16,65000";"12,06209";"-0,02239"
"16,66000";"12,04710";"-0,02214"
"16,67000";"12,03222";"-0,02665"
"16,68000";"12,01735";"-0,03386"
"16,69000";"12,00224";"-0,03786"
"16,70000";"11,98713";"-0,03641"
"16,71000";"11,97201";"-0,03613"
"16,72000";"11,95702";"-0,03425"
"16,73000";"11,94191";"-0,03675"
"16,74000";"11,92692";"-0,03703"
"16,75000";"11,91204";"-0,03528"
"16,76000";"11,89705";"-0,03025"
"16,77000";"11,88206";"-0,03385"
"16,78000";"11,86683";"-0,04405"
"16,79000";"11,85183";"-0,04786"
"16,80000";"11,83696";"-0,04624"
"16,81000";"11,82185";"-0,04272"
"16,82000";"11,80685";"-0,04133"
"16,83000";"11,79186";"-0,03572"
"16,84000";"11,77710";"-0,02918"
"16,85000";"11,76211";"-0,02553"
"16,86000";"11,74688";"-0,02947"
"16,87000";"11,73189";"-0,03923"
"16,88000";"11,71690";"-0,03816"
"16,89000";"11,70202";"-0,03097"
"16,90000";"11,68703";"-0,02471"
"16,91000";"11,67204";"-0,01809"
"16,92000";"11,65693";"-0,01724"
"16,93000";"11,64193";"-0,01949"
"16,94000";"11,62694";"-0,02328"
"16,95000";"11,61183";"-0,03182"
"16,96000";"11,59683";"-0,04080"
"16,97000";"11,58184";"-0,04178"
"16,98000";"11,56697";"-0,02773"
"16,99000";"11,55197";"-0,02131"
"17,00000";"11,53698";"-0,01825"
"17,01000";"11,52210";"-0,02295"
"17,02000";"11,50711";"-0,02767"
"17,03000";"11,49200";"-0,03395"
"17,04000";"11,47689";"-0,03195"
"17,05000";"11,46201";"-0,02741"
"17,06000";"11,44714";"-0,02243"
"17,07000";"11,43215";"-0,01986"
"17,08000";"11,41715";"-0,02351"
"17,09000";"11,40216";"-0,02466"
"17,10000";"11,38705";"-0,02630"
"17,11000";"11,37206";"-0,02183"
"17,12000";"11,35683";"-0,02028"
"17,13000";"11,34183";"-0,02367"
"17,14000";"11,32696";"-0,02293"
"17,15000";"11,31196";"-0,01907"
"17,16000";"11,29697";"-0,01824"
"17,17000";"11,28198";"-0,01925"
"17,18000";"11,26710";"-0,02755"
"17,19000";"11,25199";"-0,03363"
"17,20000";"11,23700";"-0,03812"
"17,21000";"11,22201";"-0,03531"
"17,22000";"11,20701";"-0,03357"
"17,23000";"11,19202";"-0,03318"
"17,24000";"11,17691";"-0,04114"
"17,25000";"11,16192";"-0,04907"
"17,26000";"11,14692";"-0,05391"
"17,27000";"11,13193";"-0,04506"
"17,28000";"11,11682";"-0,03441"
"17,29000";"11,10194";"-0,03402"
"17,30000";"11,08707";"-0,03253"
"17,31000";"11,07219";"-0,03009"
"17,32000";"11,05696";"-0,03504"
"17,33000";"11,04197";"-0,03845"
"17,34000";"11,02686";"-0,03937"
"17,35000";"11,01187";"-0,03194"
"17,36000";"10,99676";"-0,02642"
"17,37000";"10,98188";"-0,02185"
"17,38000";"10,96701";"-0,02325"
"17,39000";"10,95213";"-0,02889"
"17,40000";"10,93702";"-0,02908"
"17,41000";"10,92191";"-0,03723"
"17,42000";"10,90692";"-0,04713"
"17,43000";"10,89192";"-0,05137"
"17,44000";"10,87681";"-0,04749"
"17,45000";"10,86182";"-0,04070"
"17,46000";"10,84694";"-0,03485"
"17,47000";"10,83207";"-0,03512"
"17,48000";"10,81696";"-0,03797"
"17,49000";"10,80185";"-0,03218"
"17,50000";"10,78686";"-0,03077"
"17,51000";"10,77198";"-0,02816"
"17,52000";"10,75687";"-0,02685"
"17,53000";"10,74199";"-0,03206"
"17,54000";"10,72700";"-0,03386"
"17,55000";"10,71213";"-0,03263"
"17,56000";"10,69713";"-0,03393"
"17,57000";"10,68214";"-0,02858"
"17,58000";"10,66703";"-0,02706"
"17,59000";"10,65215";"-0,01876"
"17,60000";"10,63716";"-0,02001"
"17,61000";"10,62217";"-0,02568"
"17,62000";"10,60717";"-0,02892"
"17,63000";"10,59242";"-0,02538"
"17,64000";"10,57742";"-0,02337"
"17,65000";"10,56231";"-0,02113"
"17,66000";"10,54720";"-0,01718"
"17,67000";"10,53221";"-0,01506"
"17,68000";"10,51733";"-0,01718"
"17,69000";"10,50246";"-0,01441"
"17,70000";"10,48735";"-0,01041"
"17,71000";"10,47247";"-0,00917"
"17,72000";"10,45736";"-0,00943"
"17,73000";"10,44225";"-0,00635"
"17,74000";"10,42714";"-0,00280"
"17,75000";"10,41215";"0,00090"
"17,76000";"10,39715";"0,00744"
"17,77000";"10,38216";"0,01283"
"17,78000";"10,36717";"0,01655"
"17,79000";"10,35217";"0,01589"
"17,80000";"10,33706";"0,01066"
"17,81000";"10,32207";"0,01245"
"17,82000";"10,30696";"0,01569"
"17,83000";"10,29185";"0,02406"
"17,84000";"10,27697";"0,02193"
"17,85000";"10,26210";"0,02015"
"17,86000";"10,24699";"0,01567"
"17,87000";"10,23199";"0,01444"
"17,88000";"10,21712";"0,02034"
"17,89000";"10,20213";"0,02874"
"17,90000";"10,18701";"0,03892"
"17,91000";"10,17190";"0,04847"
"17,92000";"10,15691";"0,04690"
"17,93000";"10,14204";"0,05374"
"17,94000";"10,12692";"0,05047"
"17,95000";"10,11181";"0,04689"
"17,96000";"10,09682";"0,05167"
"17,97000";"10,08183";"0,05740"
"17,98000";"10,06671";"0,06020"
"17,99000";"10,05172";"0,06136"
"18,00000";"10,03685";"0,05864"
"18,01000";"10,02197";"0,05773"
"18,02000";"10,00698";"0,06731"
"18,03000";"9,99187";"0,06976"
"18,04000";"9,97688";"0,07292"
"18,05000";"9,96200";"0,07540"
"18,06000";"9,94689";"0,07324"
"18,07000";"9,93178";"0,07631"
"18,08000";"9,91690";"0,07734"
"18,09000";"9,90203";"0,07631"
"18,10000";"9,88715";"0,07971"
"18,11000";"9,87192";"0,08078"
"18,12000";"9,85681";"0,07796"
"18,13000";"9,84194";"0,07761"
"18,14000";"9,82683";"0,08000"
"18,15000";"9,81183";"0,07753"
"18,16000";"9,79684";"0,07878"
"18,17000";"9,78208";"0,07707"
"18,18000";"9,76709";"0,07833"
"18,19000";"9,75210";"0,08195"
"18,20000";"9,73710";"0,07995"
"18,21000";"9,72211";"0,07905"
"18,22000";"9,70724";"0,08490"
"18,23000";"9,69213";"0,09173"
"18,24000";"9,67701";"0,08745"
"18,25000";"9,66214";"0,08503"
"18,26000";"9,64726";"0,09022"
"18,27000";"9,63215";"0,09912"
"18,28000";"9,61704";"0,10228"
"18,29000";"9,60205";"0,10142"
"18,30000";"9,58717";"0,09258"
"18,31000";"9,57218";"0,08042"
"18,32000";"9,55719";"0,07790"
"18,33000";"9,54220";"0,07631"
"18,34000";"9,52732";"0,07858"
"18,35000";"9,51221";"0,08481"
"18,36000";"9,49698";"0,09293"
"18,37000";"9,48187";"0,09758"
"18,38000";"9,46699";"0,10087"
"18,39000";"9,45200";"0,10470"
"18,40000";"9,43701";"0,11075"
"18,41000";"9,42213";"0,12034"
"18,42000";"9,40714";"0,12352"
"18,43000";"9,39215";"0,12594"
"18,44000";"9,37704";"0,12030"
"18,45000";"9,36192";"0,11151"
"18,46000";"9,34693";"0,10439"
"18,47000";"9,33206";"0,10814"
"18,48000";"9,31694";"0,11047"
"18,49000";"9,30195";"0,10765"
"18,50000";"9,28708";"0,10870"
"18,51000";"9,27220";"0,11236"
"18,52000";"9,25709";"0,11288"
"18,53000";"9,24198";"0,10398"
"18,54000";"9,22687";"0,09980"
"18,55000";"9,21199";"0,10334"
"18,56000";"9,19700";"0,11020"
"18,57000";"9,18189";"0,11145"
"18,58000";"9,16690";"0,10527"
"18,59000";"9,15202";"0,10387"
"18,60000";"9,13703";"0,10895"
"18,61000";"9,12192";"0,10698"
"18,62000";"9,10692";"0,10846"
"18,63000";"9,09217";"0,11279"
"18,64000";"9,07717";"0,11456"
"18,65000";"9,06218";"0,11025"
"18,66000";"9,04695";"0,10940"
"18,67000";"9,03196";"0,11193"
"18,68000";"9,01696";"0,11203"
"18,69000";"9,00185";"0,11811"
"18,70000";"8,98662";"0,13100"
"18,71000";"8,97187";"0,13591"
"18,72000";"8,95699";"0,13277"
"18,73000";"8,94200";"0,12895"
"18,74000";"8,92677";"0,12197"
"18,75000";"8,91190";"0,11873"
"18,76000";"8,89702";"0,11724"
"18,77000";"8,88191";"0,12352"
"18,78000";"8,86680";"0,12680"
"18,79000";"8,85204";"0,12515"
"18,80000";"8,83717";"0,12707"
"18,81000";"8,82217";"0,12431"
"18,82000";"8,80694";"0,12345"
"18,83000";"8,79195";"0,13158"
"18,84000";"8,77708";"0,14331"
"18,85000";"8,76197";"0,14875"
"18,86000";"8,74697";"0,15365"
"18,87000";"8,73210";"0,14958"
"18,88000";"8,71734";"0,14460"
"18,89000";"8,70235";"0,14937"
"18,90000";"8,68724";"0,15332"
"18,91000";"8,67213";"0,15176"
"18,92000";"8,65713";"0,15168"
"18,93000";"8,64202";"0,15790"
"18,94000";"8,62703";"0,16875"
"18,95000";"8,61203";"0,16608"
"18,96000";"8,59716";"0,16381"
"18,97000";"8,58228";"0,15862"
"18,98000";"8,56717";"0,15827"
"18,99000";"8,55206";"0,15650"
"19,00000";"8,53707";"0,15463"
"19,01000";"8,52196";"0,15514"
"19,02000";"8,50685";"0,16366"
"19,03000";"8,49185";"0,16585"
"19,04000";"8,47698";"0,16435"
"19,05000";"8,46199";"0,16567"
"19,06000";"8,44687";"0,16315"
"19,07000";"8,43165";"0,15902"
"19,08000";"8,41665";"0,15680"
"19,09000";"8,40166";"0,16958"
"19,10000";"8,38679";"0,17926"
"19,11000";"8,37179";"0,18116"
"19,12000";"8,35680";"0,18180"
"19,13000";"8,34204";"0,19074"
"19,14000";"8,32705";"0,18718"
"19,15000";"8,31182";"0,18202"
"19,16000";"8,29683";"0,17412"
"19,17000";"8,28183";"0,16493"
"19,18000";"8,26696";"0,16068"
"19,19000";"8,25197";"0,15971"
"19,20000";"8,23685";"0,16235"
"19,21000";"8,22198";"0,16239"
"19,22000";"8,20699";"0,15740"
"19,23000";"8,19188";"0,15741"
"19,24000";"8,17676";"0,16076"
"19,25000";"8,16189";"0,17050"
"19,26000";"8,14701";"0,17982"
"19,27000";"8,13202";"0,18267"
"19,28000";"8,11691";"0,19105"
"19,29000";"8,10192";"0,19238"
"19,30000";"8,08692";"0,19350"
"19,31000";"8,07181";"0,19524"
"19,32000";"8,05670";"0,20285"
"19,33000";"8,04171";"0,21004"
"19,34000";"8,02695";"0,21119"
"19,35000";"8,01208";"0,21322"
"19,36000";"7,99708";"0,21315"
"19,37000";"7,98209";"0,20772"
"19,38000";"7,96698";"0,20749"
"19,39000";"7,95199";"0,20967"
"19,40000";"7,93699";"0,20715"
"19,41000";"7,92200";"0,20326"
"19,42000";"7,90712";"0,19981"
"19,43000";"7,89225";"0,20288"
"19,44000";"7,87714";"0,20201"
"19,45000";"7,86203";"0,19027"
"19,46000";"7,84704";"0,18040"
"19,47000";"7,83204";"0,18161"
"19,48000";"7,81693";"0,18829"
"19,49000";"7,80194";"0,19636"
"19,50000";"7,78694";"0,20031"
"19,51000";"7,77219";"0,20216"
"19,52000";"7,75719";"0,20359"
"19,53000";"7,74208";"0,20478"
"19,54000";"7,72709";"0,20425"
"19,55000";"7,71210";"0,20285"
"19,56000";"7,69710";"0,20294"
"19,57000";"7,68199";"0,20957"
"19,58000";"7,66712";"0,20934"
"19,59000";"7,65224";"0,20745"
"19,60000";"7,63725";"0,20576"
"19,61000";"7,62202";"0,19811"
"19,62000";"7,60703";"0,18853"
"19,63000";"7,59192";"0,18743"
"19,64000";"7,57692";"0,19162"
"19,65000";"7,56181";"0,20093"
"19,66000";"7,54682";"0,20764"
"19,67000";"7,53194";"0,20271"
"19,68000";"7,51695";"0,19592"
"19,69000";"7,50184";"0,18833"
"19,70000";"7,48685";"0,18350"
"19,71000";"7,47185";"0,18854"
"19,72000";"7,45674";"0,18983"
"19,73000";"7,44175";"0,18800"
"19,74000";"7,42687";"0,18482"
"19,75000";"7,41200";"0,18895"
"19,76000";"7,39713";"0,19321"
"19,77000";"7,38201";"0,20371"
"19,78000";"7,36690";"0,20264"
"19,79000";"7,35191";"0,19722"
"19,80000";"7,33692";"0,19644"
"19,81000";"7,32181";"0,19923"
"19,82000";"7,30681";"0,20064"
"19,83000";"7,29194";"0,20239"
"19,84000";"7,27694";"0,19326"
"19,85000";"7,26195";"0,18099"
"19,86000";"7,24684";"0,17871"
"19,87000";"7,23173";"0,17693"
"19,88000";"7,21674";"0,18698"
"19,89000";"7,20186";"0,20449"
"19,90000";"7,18687";"0,21102"
"19,91000";"7,17188";"0,21339"
"19,92000";"7,15700";"0,20743"
"19,93000";"7,14201";"0,20103"
"19,94000";"7,12690";"0,20204"
"19,95000";"7,11190";"0,20219"
"19,96000";"7,09691";"0,20141"
"19,97000";"7,08204";"0,20556"
"19,98000";"7,06704";"0,20662"
"19,99000";"7,05205";"0,19618"
"20,00000";"7,03706";"0,18841"
"20,01000";"7,02194";"0,18717"
"20,02000";"7,00695";"0,19235"
"20,03000";"6,99184";"0,19797"
"20,04000";"6,97697";"0,19532"
"20,05000";"6,96221";"0,18717"
"20,06000";"6,94722";"0,18493"
"20,07000";"6,93222";"0,18938"
"20,08000";"6,91735";"0,19213"
"20,09000";"6,90247";"0,19506"
"20,10000";"6,88724";"0,19858"
"20,11000";"6,87201";"0,20050"
"20,12000";"6,85690";"0,20078"
"20,13000";"6,84203";"0,20087"
"20,14000";"6,82703";"0,20400"
"20,15000";"6,81204";"0,19975"
"20,16000";"6,79693";"0,20012"
"20,17000";"6,78194";"0,20075"
"20,18000";"6,76694";"0,20689"
"20,19000";"6,75172";"0,21093"
"20,20000";"6,73672";"0,21078"
"20,21000";"6,72197";"0,21746"
"20,22000";"6,70709";"0,21959"
"20,23000";"6,69198";"0,21919"
"20,24000";"6,67687";"0,21556"
"20,25000";"6,66188";"0,21122"
"20,26000";"6,64700";"0,20838"
"20,27000";"6,63189";"0,20375"
"20,28000";"6,61678";"0,20418"
"20,29000";"6,60190";"0,20636"
"20,30000";"6,58715";"0,20099"
"20,31000";"6,57215";"0,19425"
"20,32000";"6,55704";"0,18450"
"20,33000";"6,54193";"0,18453"
"20,34000";"6,52706";"0,18346"
"20,35000";"6,51218";"0,18499"
"20,36000";"6,49719";"0,18667"
"20,37000";"6,48219";"0,18728"
"20,38000";"6,46708";"0,18576"
"20,39000";"6,45209";"0,19084"
"20,40000";"6,43698";"0,19184"
"20,41000";"6,42187";"0,19138"
"20,42000";"6,40699";"0,19856"
"20,43000";"6,39200";"0,19781"
"20,44000";"6,37701";"0,19790"
"20,45000";"6,36201";"0,19955"
"20,46000";"6,34714";"0,19875"
"20,47000";"6,33203";"0,20423"
"20,48000";"6,31703";"0,21491"
"20,49000";"6,30192";"0,21810"
"20,50000";"6,28681";"0,21193"
"20,51000";"6,27182";"0,21089"
"20,52000";"6,25683";"0,21493"
"20,53000";"6,24195";"0,22257"
"20,54000";"6,22696";"0,22090"
"20,55000";"6,21208";"0,21712"
"20,56000";"6,19697";"0,21048"
"20,57000";"6,18186";"0,20000"
"20,58000";"6,16675";"0,18957"
"20,59000";"6,15176";"0,18718"
"20,60000";"6,13688";"0,18794"
"20,61000";"6,12189";"0,19053"
"20,62000";"6,10701";"0,19201"
"20,63000";"6,09214";"0,18726"
"20,64000";"6,07715";"0,18702"
"20,65000";"6,06204";"0,19359"
"20,66000";"6,04692";"0,19632"
"20,67000";"6,03181";"0,19180"
"20,68000";"6,01694";"0,18447"
"20,69000";"6,00194";"0,17989"
"20,70000";"5,98695";"0,17867"
"20,71000";"5,97196";"0,18623"
"20,72000";"5,95697";"0,19032"
"20,73000";"5,94185";"0,18979"
"20,74000";"5,92674";"0,18850"
"20,75000";"5,91187";"0,20312"
"20,76000";"5,89699";"0,21667"
"20,77000";"5,88212";"0,21873"
"20,78000";"5,86713";"0,22282"
"20,79000";"5,85213";"0,22708"
"20,80000";"5,83714";"0,23020"
"20,81000";"5,82203";"0,22930"
"20,82000";"5,80692";"0,22629"
"20,83000";"5,79192";"0,22038"
"20,84000";"5,77717";"0,20817"
"20,85000";"5,76229";"0,20305"
"20,86000";"5,74706";"0,20822"
"20,87000";"5,73207";"0,20846"
"20,88000";"5,71719";"0,20537"
"20,89000";"5,70220";"0,20792"
"20,90000";"5,68709";"0,21174"
"20,91000";"5,67186";"0,21152"
"20,92000";"5,65699";"0,21114"
"20,93000";"5,64211";"0,21558"
"20,94000";"5,62700";"0,22310"
"20,95000";"5,61177";"0,22555"
"20,96000";"5,59678";"0,21978"
"20,97000";"5,58190";"0,21655"
"20,98000";"5,56679";"0,21957"
"20,99000";"5,55180";"0,21588"
"21,00000";"5,53692";"0,20788"
"21,01000";"5,52217";"0,20863"
"21,02000";"5,50717";"0,20867"
"21,03000";"5,49206";"0,20507"
"21,04000";"5,47707";"0,20234"
"21,05000";"5,46196";"0,20566"
"21,06000";"5,44697";"0,21162"
"21,07000";"5,43185";"0,21265"
"21,08000";"5,41698";"0,21419"
"21,09000";"5,40210";"0,21452"
"21,10000";"5,38711";"0,21884"
"21,11000";"5,37200";"0,21623"
"21,12000";"5,35701";"0,20689"
"21,13000";"5,34201";"0,20120"
"21,14000";"5,32714";"0,20443"
"21,15000";"5,31215";"0,20608"
"21,16000";"5,29704";"0,20646"
"21,17000";"5,28216";"0,20839"
"21,18000";"5,26717";"0,20874"
"21,19000";"5,25206";"0,20622"
"21,20000";"5,23706";"0,19722"
"21,21000";"5,22207";"0,20158"
"21,22000";"5,20708";"0,20909"
"21,23000";"5,19208";"0,21073"
"21,24000";"5,17721";"0,20647"
"21,25000";"5,16233";"0,19663"
"21,26000";"5,14734";"0,19587"
"21,27000";"5,13223";"0,20205"
"21,28000";"5,11700";"0,20756"
"21,29000";"5,10177";"0,20464"
"21,30000";"5,08690";"0,20030"
"21,31000";"5,07202";"0,20580"
"21,32000";"5,05703";"0,20982"
"21,33000";"5,04204";"0,20714"
"21,34000";"5,02716";"0,20148"
"21,35000";"5,01217";"0,20243"
"21,36000";"4,99694";"0,20993"
"21,37000";"4,98183";"0,22572"
"21,38000";"4,96683";"0,23947"
"21,39000";"4,95184";"0,24356"
"21,40000";"4,93685";"0,24363"
"21,41000";"4,92174";"0,23211"
"21,42000";"4,90686";"0,22145"
"21,43000";"4,89187";"0,21105"
"21,44000";"4,87688";"0,20280"
"21,45000";"4,86165";"0,19957"
"21,46000";"4,84677";"0,19353"
"21,47000";"4,83190";"0,20369"
"21,48000";"4,81702";"0,21664"
"21,49000";"4,80203";"0,22618"
"21,50000";"4,78703";"0,22500"
"21,51000";"4,77216";"0,23328"
"21,52000";"4,75717";"0,23884"
"21,53000";"4,74194";"0,23903"
"21,54000";"4,72706";"0,24103"
"21,55000";"4,71219";"0,23443"
"21,56000";"4,69731";"0,22920"
"21,57000";"4,68220";"0,22884"
"21,58000";"4,66709";"0,22483"
"21,59000";"4,65222";"0,22157"
"21,60000";"4,63710";"0,21755"
"21,61000";"4,62199";"0,21584"
"21,62000";"4,60688";"0,21234"
"21,63000";"4,59189";"0,21408"
"21,64000";"4,57701";"0,22135"
"21,65000";"4,56202";"0,21719"
"21,66000";"4,54703";"0,21762"
"21,67000";"4,53215";"0,21443"
"21,68000";"4,51728";"0,20962"
"21,69000";"4,50217";"0,21417"
"21,70000";"4,48717";"0,21570"
"21,71000";"4,47230";"0,21655"
"21,72000";"4,45742";"0,21332"
"21,73000";"4,44243";"0,21641"
"21,74000";"4,42720";"0,21935"
"21,75000";"4,41209";"0,22402"
"21,76000";"4,39710";"0,22419"
"21,77000";"4,38199";"0,22087"
"21,78000";"4,36699";"0,21791"
"21,79000";"4,35200";"0,21882"
"21,80000";"4,33712";"0,22220"
"21,81000";"4,32213";"0,22671"
"21,82000";"4,30702";"0,22615"
"21,83000";"4,29203";"0,22171"
"21,84000";"4,27715";"0,21845"
"21,85000";"4,26228";"0,21530"
"21,86000";"4,24717";"0,21407"
"21,87000";"4,23217";"0,20953"
"21,88000";"4,21742";"0,20625"
"21,89000";"4,20242";"0,20473"
"21,90000";"4,18731";"0,20201"
"21,91000";"4,17208";"0,19813"
"21,92000";"4,15709";"0,20554"
"21,93000";"4,14222";"0,21944"
"21,94000";"4,12710";"0,22830"
"21,95000";"4,11199";"0,23470"
"21,96000";"4,09700";"0,23948"
"21,97000";"4,08213";"0,23629"
"21,98000";"4,06701";"0,23109"
"21,99000";"4,05190";"0,23159"
"22,00000";"4,03691";"0,22916"
"22,01000";"4,02203";"0,22936"
"22,02000";"4,00716";"0,22301"
"22,03000";"3,99193";"0,20716"
"22,04000";"3,97694";"0,19734"
"22,05000";"3,96194";"0,20045"
"22,06000";"3,94683";"0,21062"
"22,07000";"3,93160";"0,22039"
"22,08000";"3,91661";"0,22404"
"22,09000";"3,90185";"0,22098"
"22,10000";"3,88698";"0,22037"
"22,11000";"3,87175";"0,22585"
"22,12000";"3,85664";"0,22840"
"22,13000";"3,84176";"0,22928"
"22,14000";"3,82677";"0,23153"
"22,15000";"3,81166";"0,22968"
"22,16000";"3,79667";"0,22071"
"22,17000";"3,78191";"0,21916"
"22,18000";"3,76703";"0,22515"
"22,19000";"3,75192";"0,22901"
"22,20000";"3,73681";"0,22666"
"22,21000";"3,72182";"0,21696"
"22,22000";"3,70671";"0,21341"
"22,23000";"3,69160";"0,21665"
"22,24000";"3,67637";"0,21891"
"22,25000";"3,66161";"0,22266"
"22,26000";"3,64685";"0,22580"
"22,27000";"3,63186";"0,22288"
"22,28000";"3,61687";"0,22079"
"22,29000";"3,60187";"0,22630"
"22,30000";"3,58700";"0,23053"
"22,31000";"3,57201";"0,23095"
"22,32000";"3,55701";"0,22819"
"22,33000";"3,54202";"0,22117"
"22,34000";"3,52726";"0,22412"
"22,35000";"3,51227";"0,22904"
"22,36000";"3,49704";"0,22953"
"22,37000";"3,48205";"0,22629"
"22,38000";"3,46706";"0,22670"
"22,39000";"3,45206";"0,23336"
"22,40000";"3,43695";"0,23369"
"22,41000";"3,42208";"0,23410"
"22,42000";"3,40732";"0,22637"
"22,43000";"3,39244";"0,22453"
"22,44000";"3,37722";"0,22222"
"22,45000";"3,36210";"0,21626"
"22,46000";"3,34711";"0,21939"
"22,47000";"3,33212";"0,22634"
"22,48000";"3,31689";"0,23269"
"22,49000";"3,30190";"0,24045"
"22,50000";"3,28702";"0,24828"
"22,51000";"3,27203";"0,24966"
"22,52000";"3,25703";"0,24320"
"22,53000";"3,24181";"0,23508"
"22,54000";"3,22681";"0,22884"
"22,55000";"3,21194";"0,22220"
"22,56000";"3,19694";"0,21791"
"22,57000";"3,18195";"0,21400"
"22,58000";"3,16696";"0,20991"
"22,59000";"3,15197";"0,20778"
"22,60000";"3,13685";"0,21385"
"22,61000";"3,12186";"0,23109"
"22,62000";"3,10687";"0,24016"
"22,63000";"3,09187";"0,23702"
"22,64000";"3,07700";"0,23312"
"22,65000";"3,06201";"0,23639"
"22,66000";"3,04701";"0,23524"
"22,67000";"3,03214";"0,22537"
"22,68000";"3,01703";"0,22438"
"22,69000";"3,00192";"0,22934"
"22,70000";"2,98681";"0,22893"
"22,71000";"2,97193";"0,22382"
"22,72000";"2,95706";"0,22183"
"22,73000";"2,94218";"0,22150"
"22,74000";"2,92719";"0,22089"
"22,75000";"2,91219";"0,22117"
"22,76000";"2,89708";"0,23323"
"22,77000";"2,88209";"0,24846"
"22,78000";"2,86686";"0,24665"
"22,79000";"2,85187";"0,23171"
"22,80000";"2,83699";"0,22874"
"22,81000";"2,82200";"0,23222"
"22,82000";"2,80689";"0,23402"
"22,83000";"2,79190";"0,23334"
"22,84000";"2,77690";"0,23233"
"22,85000";"2,76191";"0,22169"
"22,86000";"2,74668";"0,22366"
"22,87000";"2,73169";"0,22817"
"22,88000";"2,71693";"0,22726"
"22,89000";"2,70194";"0,22312"
"22,90000";"2,68694";"0,22301"
"22,91000";"2,67195";"0,21705"
"22,92000";"2,65696";"0,21338"
"22,93000";"2,64197";"0,21458"
"22,94000";"2,62685";"0,21919"
"22,95000";"2,61174";"0,22556"
"22,96000";"2,59687";"0,22024"
"22,97000";"2,58211";"0,21914"
"22,98000";"2,56700";"0,20924"
"22,99000";"2,55189";"0,20036"
"23,00000";"2,53690";"0,20210"
"23,01000";"2,52190";"0,20660"
"23,02000";"2,50679";"0,21260"
"23,03000";"2,49180";"0,21342"
"23,04000";"2,47704";"0,21897"
"23,05000";"2,46217";"0,23126"
"23,06000";"2,44717";"0,23340"
"23,07000";"2,43206";"0,23328"
"23,08000";"2,41695";"0,23423"
"23,09000";"2,40196";"0,22867"
"23,10000";"2,38685";"0,22457"
"23,11000";"2,37174";"0,22346"
"23,12000";"2,35674";"0,22334"
"23,13000";"2,34199";"0,22380"
"23,14000";"2,32711";"0,21692"
"23,15000";"2,31200";"0,20525"
"23,16000";"2,29701";"0,19559"
"23,17000";"2,28201";"0,19383"
"23,18000";"2,26714";"0,20219"
"23,19000";"2,25215";"0,21551"
"23,20000";"2,23715";"0,21885"
"23,21000";"2,22216";"0,21849"
"23,22000";"2,20717";"0,22206"
"23,23000";"2,19206";"0,22524"
"23,24000";"2,17694";"0,22502"
"23,25000";"2,16195";"0,22563"
"23,26000";"2,14696";"0,22359"
"23,27000";"2,13197";"0,22625"
"23,28000";"2,11697";"0,21994"
"23,29000";"2,10198";"0,20805"
"23,30000";"2,08699";"0,20417"
"23,31000";"2,07188";"0,20449"
"23,32000";"2,05688";"0,20201"
"23,33000";"2,04177";"0,20316"
"23,34000";"2,02690";"0,21112"
"23,35000";"2,01190";"0,22127"
"23,36000";"1,99691";"0,22823"
"23,37000";"1,98203";"0,21833"
"23,38000";"1,96704";"0,20586"
"23,39000";"1,95193";"0,19781"
"23,40000";"1,93694";"0,20614"
"23,41000";"1,92194";"0,21710"
"23,42000";"1,90695";"0,21962"
"23,43000";"1,89196";"0,21570"
"23,44000";"1,87697";"0,21145"
"23,45000";"1,86209";"0,21047"
"23,46000";"1,84710";"0,20354"
"23,47000";"1,83199";"0,20244"
"23,48000";"1,81699";"0,20128"
"23,49000";"1,80176";"0,20062"
"23,50000";"1,78677";"0,21373"
"23,51000";"1,77190";"0,22959"
"23,52000";"1,75702";"0,23203"
"23,53000";"1,74203";"0,21879"
"23,54000";"1,72703";"0,20634"
"23,55000";"1,71204";"0,20385"
"23,56000";"1,69693";"0,20653"
"23,57000";"1,68194";"0,20758"
"23,58000";"1,66694";"0,20992"
"23,59000";"1,65207";"0,22057"
"23,60000";"1,63719";"0,22907"
"23,61000";"1,62208";"0,23298"
"23,62000";"1,60709";"0,22978"
"23,63000";"1,59198";"0,21888"
"23,64000";"1,57699";"0,21680"
"23,65000";"1,56187";"0,22082"
"23,66000";"1,54688";"0,22903"
"23,67000";"1,53201";"0,22375"
"23,68000";"1,51701";"0,21483"
"23,69000";"1,50190";"0,21265"
"23,70000";"1,48691";"0,21148"
"23,71000";"1,47192";"0,21457"
"23,72000";"1,45692";"0,21695"
"23,73000";"1,44193";"0,21936"
"23,74000";"1,42682";"0,21696"
"23,75000";"1,41194";"0,21481"
"23,76000";"1,39707";"0,21277"
"23,77000";"1,38208";"0,21707"
"23,78000";"1,36697";"0,21683"
"23,79000";"1,35185";"0,21565"
"23,80000";"1,33686";"0,21736"
"23,81000";"1,32175";"0,22383"
"23,82000";"1,30676";"0,23131"
"23,83000";"1,29176";"0,22933"
"23,84000";"1,27701";"0,21920"
"23,85000";"1,26213";"0,21549"
"23,86000";"1,24714";"0,21385"
"23,87000";"1,23203";"0,21764"
"23,88000";"1,21715";"0,21493"
"23,89000";"1,20216";"0,20801"
"23,90000";"1,18705";"0,21110"
"23,91000";"1,17206";"0,20805"
"23,92000";"1,15718";"0,21027"
"23,93000";"1,14219";"0,20897"
"23,94000";"1,12708";"0,21802"
"23,95000";"1,11185";"0,22249"
"23,96000";"1,09685";"0,22490"
"23,97000";"1,08198";"0,22660"
"23,98000";"1,06710";"0,22800"
"23,99000";"1,05211";"0,22741"
"24,00000";"1,03712";"0,22474"
"24,01000";"1,02213";"0,22187"
"24,02000";"1,00701";"0,21885"
"24,03000";"0,99190";"0,21884"
"24,04000";"0,97691";"0,21644"
"24,05000";"0,96192";"0,21152"
"24,06000";"0,94704";"0,21911"
"24,07000";"0,93205";"0,22623"
"24,08000";"0,91706";"0,22396"
"24,09000";"0,90206";"0,21831"
"24,10000";"0,88707";"0,21131"
"24,11000";"0,87196";"0,20947"
"24,12000";"0,85685";"0,20691"
"24,13000";"0,84185";"0,20616"
"24,14000";"0,82698";"0,19865"
"24,15000";"0,81199";"0,19349"
"24,16000";"0,79699";"0,19651"
"24,17000";"0,78212";"0,20199"
"24,18000";"0,76724";"0,20723"
"24,19000";"0,75225";"0,21022"
"24,20000";"0,73714";"0,20974"
"24,21000";"0,72215";"0,20526"
"24,22000";"0,70727";"0,20417"
"24,23000";"0,69216";"0,21071"
"24,24000";"0,67705";"0,21479"
"24,25000";"0,66206";"0,20997"
"24,26000";"0,64706";"0,21087"
"24,27000";"0,63207";"0,21798"
"24,28000";"0,61696";"0,21750"
"24,29000";"0,60197";"0,21219"
"24,30000";"0,58709";"0,21313"
"24,31000";"0,57210";"0,21441"
"24,32000";"0,55687";"0,22351"
"24,33000";"0,54188";"0,22594"
"24,34000";"0,52688";"0,22605"
"24,35000";"0,51189";"0,22659"
"24,36000";"0,49666";"0,22928"
"24,37000";"0,48167";"0,22826"
"24,38000";"0,46679";"0,22836"
"24,39000";"0,45203";"0,23059"
"24,40000";"0,43692";"0,23539"
"24,41000";"0,42181";"0,23033"
"24,42000";"0,40682";"0,22179"
"24,43000";"0,39194";"0,21739"
"24,44000";"0,37683";"0,21508"
"24,45000";"0,36172";"0,20524"
"24,46000";"0,34697";"0,20209"
"24,47000";"0,33209";"0,20104"
"24,48000";"0,31710";"0,20249"
"24,49000";"0,30210";"0,20493"
"24,50000";"0,28711";"0,20625"
"24,51000";"0,27212";"0,21329"
"24,52000";"0,25713";"0,21712"
"24,53000";"0,24201";"0,22033"
"24,54000";"0,22702";"0,21683"
"24,55000";"0,21215";"0,21961"
"24,56000";"0,19703";"0,22535"
"24,57000";"0,18192";"0,22723"
"24,58000";"0,16681";"0,21975"
"24,59000";"0,15194";"0,21401"
"24,60000";"0,13694";"0,21319"
"24,61000";"0,12195";"0,21587"
"24,62000";"0,10708";"0,21394"
"24,63000";"0,09220";"0,20938"
"24,64000";"0,07733";"0,20938"
"24,65000";"0,06222";"0,21476"
"24,66000";"0,04710";"0,22093"
"24,67000";"0,03211";"0,22708"
"24,68000";"0,01724";"0,22701"
"24,69000";"0,00224";"0,22459"
"24,69200";"-0,00083";"0,22523"
"24,69400";"-0,00378";"0,22609"
"24,70400";"-0,01676";"0,22848"
"24,71400";"-0,02397";"0,23817"
"24,72400";"-0,02621";"0,25624"
"24,72800";"-0,02633";"0,26148"
"24,73800";"-0,02491";"0,26464"
"24,74800";"-0,01936";"0,25630"
"24,75800";"-0,00732";"0,25961"
"24,76800";"0,01003";"0,27481"
"24,77800";"0,03034";"0,28720"
"24,78800";"0,05183";"0,28826"
"24,79800";"0,07355";"0,26925"
"24,80800";"0,09480";"0,25207"
"24,81800";"0,11522";"0,23851"
"24,82800";"0,13482";"0,22246"
"24,83800";"0,15347";"0,20594"
"24,84800";"0,17153";"0,20249"
"24,85800";"0,18889";"0,20586"
"24,86800";"0,20577";"0,20855"
"24,87800";"0,22230";"0,21027"
"24,88800";"0,23847";"0,22050"
"24,89800";"0,25441";"0,22526"
"24,90800";"0,27011";"0,22234"
"24,91800";"0,28569";"0,21486"
"24,92800";"0,30116";"0,21260"
"24,93800";"0,31662";"0,21704"
"24,94800";"0,33197";"0,22903"
"24,95800";"0,34720";"0,23243"
"24,96800";"0,36231";"0,22876"
"24,97800";"0,37742";"0,21888"
"24,98800";"0,39242";"0,21571"
"24,99800";"0,40741";"0,22163"
"25,00800";"0,42264";"0,23765"
"25,01800";"0,43775";"0,24728"
"25,02800";"0,45286";"0,24359"
"25,03800";"0,46785";"0,23469"
"25,04800";"0,48285";"0,21972"
"25,05800";"0,49784";"0,20778"
"25,06800";"0,51272";"0,19670"
"25,07800";"0,52771";"0,19938"
"25,08800";"0,54282";"0,21065"
"25,09800";"0,55781";"0,22220"
"25,10800";"0,57292";"0,22680"
"25,11800";"0,58792";"0,21906"
"25,12800";"0,60303";"0,21703"
"25,13800";"0,61802";"0,21754"
"25,14800";"0,63301";"0,21987"
"25,15800";"0,64801";"0,22287"
"25,16800";"0,66312";"0,22637"
"25,17800";"0,67811";"0,23006"
"25,18800";"0,69310";"0,22928"
"25,19800";"0,70798";"0,22004"
"25,20800";"0,72285";"0,21020"
"25,21800";"0,73797";"0,20715"
"25,22800";"0,75296";"0,20840"
"25,23800";"0,76795";"0,21302"
"25,24800";"0,78294";"0,22551"
"25,25800";"0,79806";"0,23352"
"25,26800";"0,81317";"0,23800"
"25,27800";"0,82804";"0,23217"
"25,28800";"0,84292";"0,21340"
"25,29800";"0,85791";"0,20069"
"25,30800";"0,87278";"0,19589"
"25,31800";"0,88778";"0,20106"
"25,32800";"0,90289";"0,20332"
"25,33800";"0,91788";"0,20833"
"25,34800";"0,93299";"0,21278"
"25,35800";"0,94799";"0,21856"
"25,36800";"0,96298";"0,22162"
"25,37800";"0,97797";"0,21911"
"25,38800";"0,99297";"0,21718"
"25,39800";"1,00796";"0,20944"
"25,40800";"1,02295";"0,20641"
"25,41800";"1,03806";"0,21180"
"25,42800";"1,05306";"0,21775"
"25,43800";"1,06805";"0,22399"
"25,44800";"1,08316";"0,22377"
"25,45800";"1,09815";"0,22354"
"25,46800";"1,11303";"0,22398"
"25,47800";"1,12802";"0,22306"
"25,48800";"1,14313";"0,22764"
"25,49800";"1,15813";"0,22961"
"25,50800";"1,17300";"0,23537"
"25,51800";"1,18799";"0,23729"
"25,52800";"1,20299";"0,23732"
"25,53800";"1,21798";"0,23205"
"25,54800";"1,23285";"0,22863"
"25,55800";"1,24797";"0,22328"
"25,56800";"1,26308";"0,22139"
"25,57800";"1,27819";"0,22621"
"25,58800";"1,29306";"0,22997"
"25,59800";"1,30794";"0,23099"
"25,60800";"1,32293";"0,23121"
"25,61800";"1,33792";"0,23416"
"25,62800";"1,35280";"0,24227"
"25,63800";"1,36791";"0,23678"
"25,64800";"1,38302";"0,23350"
"25,65800";"1,39813";"0,23212"
"25,66800";"1,41313";"0,23252"
"25,67800";"1,42800";"0,22844"
"25,68800";"1,44311";"0,22975"
"25,69800";"1,45799";"0,22561"
"25,70800";"1,47286";"0,21998"
"25,71800";"1,48797";"0,21476"
"25,72800";"1,50308";"0,21165"
"25,73800";"1,51808";"0,21585"
"25,74800";"1,53307";"0,21692"
"25,75800";"1,54806";"0,21990"
"25,76800";"1,56294";"0,21432"
"25,77800";"1,57793";"0,21447"
"25,78800";"1,59292";"0,21482"
"25,79800";"1,60803";"0,21245"
"25,80800";"1,62303";"0,21137"
"25,81800";"1,63802";"0,21928"
"25,82800";"1,65301";"0,22758"
"25,83800";"1,66801";"0,23461"
"25,84800";"1,68312";"0,23661"
"25,85800";"1,69811";"0,24173"
"25,86800";"1,71310";"0,24190"
"25,87800";"1,72810";"0,24178"
"25,88800";"1,74321";"0,24607"
"25,89800";"1,75820";"0,24865"
"25,90800";"1,77308";"0,24380"
"25,91800";"1,78795";"0,24029"
"25,92800";"1,80294";"0,23956"
"25,93800";"1,81782";"0,23457"
"25,94800";"1,83281";"0,22791"
"25,95800";"1,84792";"0,21983"
"25,96800";"1,86292";"0,21432"
"25,97800";"1,87791";"0,21931"
"25,98800";"1,89290";"0,21681"
"25,99800";"1,90801";"0,22080"
"26,00800";"1,92301";"0,22665"
"26,01800";"1,93788";"0,23313"
"26,02800";"1,95288";"0,23769"
"26,03800";"1,96799";"0,24187"
"26,04800";"1,98298";"0,24611"
"26,05800";"1,99797";"0,24185"
"26,06800";"2,01297";"0,23849"
"26,07800";"2,02796";"0,23444"
"26,08800";"2,04295";"0,22601"
"26,09800";"2,05783";"0,21965"
"26,10800";"2,07282";"0,21665"
"26,11800";"2,08793";"0,21646"
"26,12800";"2,10292";"0,21751"
"26,13800";"2,11792";"0,21740"
"26,14800";"2,13291";"0,21265"
"26,15800";"2,14790";"0,20998"
"26,16800";"2,16290";"0,20796"
"26,17800";"2,17789";"0,21395"
"26,18800";"2,19288";"0,22395"
"26,19800";"2,20799";"0,23195"
"26,20800";"2,22287";"0,23230"
"26,21800";"2,23786";"0,22745"
"26,22800";"2,25274";"0,22689"
"26,23800";"2,26785";"0,22730"
"26,24800";"2,28284";"0,23101"
"26,25800";"2,29772";"0,23720"
"26,26800";"2,31283";"0,24473"
"26,27800";"2,32794";"0,25705"
"26,28800";"2,34293";"0,25749"
"26,29800";"2,35792";"0,24973"
"26,30800";"2,37303";"0,24193"
"26,31800";"2,38815";"0,23660"
"26,32800";"2,40314";"0,23380"
"26,33800";"2,41813";"0,23561"
"26,34800";"2,43324";"0,23602"
"26,35800";"2,44835";"0,23330"
"26,36800";"2,46346";"0,23094"
"26,37800";"2,47846";"0,23419"
"26,38800";"2,49333";"0,23753"
"26,39800";"2,50833";"0,23678"
"26,40800";"2,52320";"0,22948"
"26,41800";"2,53796";"0,22607"
"26,42800";"2,55295";"0,22802"
"26,43800";"2,56783";"0,22959"
"26,44800";"2,58282";"0,22367"
"26,45800";"2,59769";"0,21982"
"26,46800";"2,61257";"0,22282"
"26,47800";"2,62744";"0,22946"
"26,48800";"2,64232";"0,23145"
"26,49800";"2,65731";"0,23651"
"26,50800";"2,67231";"0,24149"
"26,51800";"2,68742";"0,23709"
"26,52800";"2,70265";"0,23788"
"26,53800";"2,71764";"0,23949"
"26,54800";"2,73275";"0,23856"
"26,55800";"2,74786";"0,23586"
"26,56800";"2,76285";"0,23410"
"26,57800";"2,77797";"0,23361"
"26,58800";"2,79296";"0,23709"
"26,59800";"2,80807";"0,23561"
"26,60800";"2,82306";"0,23389"
"26,61800";"2,83817";"0,23208"
"26,62800";"2,85328";"0,22928"
"26,63800";"2,86828";"0,22363"
"26,64800";"2,88327";"0,21929"
"26,65800";"2,89826";"0,22287"
"26,66800";"2,91326";"0,22966"
"26,67800";"2,92825";"0,23392"
"26,68800";"2,94324";"0,23533"
"26,69800";"2,95824";"0,24382"
"26,70800";"2,97323";"0,25176"
"26,71800";"2,98810";"0,24914"
"26,72800";"3,00298";"0,24709"
"26,73800";"3,01797";"0,23745"
"26,74800";"3,03297";"0,22996"
"26,75800";"3,04784";"0,22584"
"26,76800";"3,06272";"0,22476"
"26,77800";"3,07759";"0,22991"
"26,78800";"3,09246";"0,24333"
"26,79800";"3,10734";"0,25149"
"26,80800";"3,12233";"0,25634"
"26,81800";"3,13733";"0,25416"
"26,82800";"3,15244";"0,24395"
"26,83800";"3,16755";"0,23601"
"26,84800";"3,18278";"0,22479"
"26,85800";"3,19812";"0,21836"
"26,86800";"3,21324";"0,22040"
"26,87800";"3,22823";"0,23078"
"26,88800";"3,24334";"0,23746"
"26,89800";"3,25833";"0,24482"
"26,90800";"3,27344";"0,24656"
"26,91800";"3,28844";"0,24786"
"26,92800";"3,30355";"0,24758"
"26,93800";"3,31854";"0,24501"
"26,94800";"3,33342";"0,24885"
"26,95800";"3,34817";"0,25218"
"26,96800";"3,36305";"0,25441"
"26,97800";"3,37804";"0,24473"
"26,98800";"3,39303";"0,24197"
"26,99800";"3,40803";"0,24117"
"27,00800";"3,42314";"0,23209"
"27,01800";"3,43825";"0,22656"
"27,02800";"3,45324";"0,22573"
"27,03800";"3,46812";"0,22622"
"27,04800";"3,48299";"0,22920"
"27,05800";"3,49799";"0,23167"
"27,06800";"3,51286";"0,22723"
"27,07800";"3,52762";"0,22110"
"27,08800";"3,54249";"0,22367"
"27,09800";"3,55737";"0,22085"
"27,10800";"3,57224";"0,22051"
"27,11800";"3,58724";"0,22575"
"27,12800";"3,60235";"0,22675"
"27,13800";"3,61758";"0,22976"
"27,14800";"3,63281";"0,22892"
"27,15800";"3,64803";"0,22709"
"27,16800";"3,66303";"0,22786"
"27,17800";"3,67802";"0,23068"
"27,18800";"3,69313";"0,23273"
"27,19800";"3,70813";"0,23666"
"27,20800";"3,72335";"0,23514"
"27,21800";"3,73847";"0,23078"
"27,22800";"3,75358";"0,22797"
"27,23800";"3,76857";"0,22341"
"27,24800";"3,78356";"0,22856"
"27,25800";"3,79844";"0,23247"
"27,26800";"3,81331";"0,23418"
"27,27800";"3,82807";"0,23692"
"27,28800";"3,84294";"0,24136"
"27,29800";"3,85794";"0,23845"
"27,30800";"3,87305";"0,23271"
"27,31800";"3,88816";"0,23802"
"27,32800";"3,90327";"0,23648"
"27,33800";"3,91826";"0,23549"
"27,34800";"3,93326";"0,22577"
"27,35800";"3,94813";"0,22072"
"27,36800";"3,96301";"0,22243"
"27,37800";"3,97788";"0,22198"
"27,38800";"3,99276";"0,22349"
"27,39800";"4,00775";"0,22088"
"27,40800";"4,02274";"0,22170"
"27,41800";"4,03762";"0,22745"
"27,42800";"4,05261";"0,23069"
"27,43800";"4,06772";"0,23187"
"27,44800";"4,08272";"0,22899"
"27,45800";"4,09794";"0,22556"
"27,46800";"4,11306";"0,22317"
"27,47800";"4,12817";"0,23095"
"27,48800";"4,14328";"0,23415"
"27,49800";"4,15851";"0,23510"
"27,50800";"4,17350";"0,24042"
"27,51800";"4,18861";"0,24379"
"27,52800";"4,20360";"0,23713"
"27,53800";"4,21860";"0,23662"
"27,54800";"4,23359";"0,23229"
"27,55800";"4,24847";"0,23161"
"27,56800";"4,26322";"0,23098"
"27,57800";"4,27810";"0,23774"
"27,58800";"4,29297";"0,23721"
"27,59800";"4,30797";"0,23708"
"27,60800";"4,32296";"0,24030"
"27,61800";"4,33807";"0,23733"
"27,62800";"4,35318";"0,23367"
"27,63800";"4,36817";"0,22711"
"27,64800";"4,38317";"0,22074"
"27,65800";"4,39804";"0,23245"
"27,66800";"4,41280";"0,24588"
"27,67800";"4,42779";"0,24706"
"27,68800";"4,44278";"0,23967"
"27,69800";"4,45778";"0,23904"
"27,70800";"4,47265";"0,23835"
"27,71800";"4,48776";"0,23746"
"27,72800";"4,50276";"0,23336"
"27,73800";"4,51775";"0,23444"
"27,74800";"4,53274";"0,23710"
"27,75800";"4,54774";"0,24069"
"27,76800";"4,56297";"0,23982"
"27,77800";"4,57819";"0,23960"
"27,78800";"4,59331";"0,23596"
"27,79800";"4,60830";"0,23213"
"27,80800";"4,62329";"0,23155"
"27,81800";"4,63817";"0,22834"
"27,82800";"4,65304";"0,23045"
"27,83800";"4,66804";"0,23432"
"27,84800";"4,68315";"0,23712"
"27,85800";"4,69826";"0,24137"
"27,86800";"4,71325";"0,24787"
"27,87800";"4,72824";"0,24663"
"27,88800";"4,74324";"0,24537"
"27,89800";"4,75811";"0,24431"
"27,90800";"4,77310";"0,24143"
"27,91800";"4,78798";"0,24590"
"27,92800";"4,80297";"0,24723"
"27,93800";"4,81797";"0,24681"
"27,94800";"4,83296";"0,24305"
"27,95800";"4,84783";"0,24187"
"27,96800";"4,86271";"0,23906"
"27,97800";"4,87770";"0,23941"
"27,98800";"4,89258";"0,23646"
"27,99800";"4,90757";"0,24356"
"28,00800";"4,92268";"0,25526"
"28,01800";"4,93779";"0,26007"
"28,02800";"4,95278";"0,25366"
"28,03800";"4,96790";"0,24682"
"28,04800";"4,98301";"0,23599"
"28,05800";"4,99812";"0,23553"
"28,06800";"5,01323";"0,23629"
"28,07800";"5,02834";"0,24090"
"28,08800";"5,04345";"0,24224"
"28,09800";"5,05856";"0,24150"
"28,10800";"5,07344";"0,23279"
"28,11800";"5,08843";"0,22460"
"28,12800";"5,10331";"0,22959"
"28,13800";"5,11818";"0,23366"
"28,14800";"5,13317";"0,23561"
"28,15800";"5,14805";"0,23550"
"28,16800";"5,16316";"0,23029"
"28,17800";"5,17815";"0,23310"
"28,18800";"5,19326";"0,23420"
"28,19800";"5,20814";"0,23356"
"28,20800";"5,22313";"0,23588"
"28,21800";"5,23789";"0,24420"
"28,22800";"5,25276";"0,24896"
"28,23800";"5,26776";"0,25128"
"28,24800";"5,28275";"0,24742"
"28,25800";"5,29786";"0,24202"
"28,26800";"5,31285";"0,24047"
"28,27800";"5,32773";"0,24224"
"28,28800";"5,34284";"0,24083"
"28,29800";"5,35783";"0,23348"
"28,30800";"5,37294";"0,22351"
"28,31800";"5,38794";"0,21843"
"28,32800";"5,40305";"0,21834"
"28,33800";"5,41804";"0,22022"
"28,34800";"5,43315";"0,22376"
"28,35800";"5,44815";"0,22971"
"28,36800";"5,46326";"0,23461"
"28,37800";"5,47813";"0,22860"
"28,38800";"5,49312";"0,22894"
"28,39800";"5,50824";"0,23068"
"28,40800";"5,52311";"0,23681"
"28,41800";"5,53810";"0,24078"
"28,42800";"5,55310";"0,23090"
"28,43800";"5,56809";"0,23360"
"28,44800";"5,58308";"0,23302"
"28,45800";"5,59796";"0,24406"
"28,46800";"5,61295";"0,25598"
"28,47800";"5,62794";"0,26235"
"28,48800";"5,64294";"0,25880"
"28,49800";"5,65793";"0,25629"
"28,50800";"5,67292";"0,25925"
"28,51800";"5,68804";"0,26035"
"28,52800";"5,70291";"0,25932"
"28,53800";"5,71790";"0,25349"
"28,54800";"5,73290";"0,24656"
"28,55800";"5,74789";"0,24305"
"28,56800";"5,76300";"0,23990"
"28,57800";"5,77799";"0,23592"
"28,58800";"5,79310";"0,24060"
"28,59800";"5,80810";"0,24592"
"28,60800";"5,82309";"0,24414"
"28,61800";"5,83808";"0,23702"
"28,62800";"5,85308";"0,23052"
"28,63800";"5,86819";"0,22809"
"28,64800";"5,88330";"0,23180"
"28,65800";"5,89829";"0,23405"
"28,66800";"5,91317";"0,23206"
"28,67800";"5,92804";"0,23430"
"28,68800";"5,94303";"0,23625"
"28,69800";"5,95791";"0,23278"
"28,70800";"5,97290";"0,22927"
"28,71800";"5,98801";"0,22588"
"28,72800";"6,00301";"0,22607"
"28,73800";"6,01812";"0,22743"
"28,74800";"6,03311";"0,23272"
"28,75800";"6,04810";"0,23363"
"28,76800";"6,06310";"0,23847"
"28,77800";"6,07809";"0,24010"
"28,78800";"6,09308";"0,23862"
"28,79800";"6,10796";"0,24028"
"28,80800";"6,12295";"0,24688"
"28,81800";"6,13794";"0,24989"
"28,82800";"6,15282";"0,25136"
"28,83800";"6,16781";"0,25465"
"28,84800";"6,18269";"0,25200"
"28,85800";"6,19768";"0,24732"
"28,86800";"6,21279";"0,24342"
"28,87800";"6,22802";"0,23789"
"28,88800";"6,24313";"0,22996"
"28,89800";"6,25824";"0,22094"
"28,90800";"6,27324";"0,21471"
"28,91800";"6,28811";"0,21153"
"28,92800";"6,30310";"0,21349"
"28,93800";"6,31822";"0,21728"
"28,94800";"6,33321";"0,22474"
"28,95800";"6,34820";"0,23847"
"28,96800";"6,36308";"0,24236"
"28,97800";"6,37807";"0,23468"
"28,98800";"6,39306";"0,23489"
"28,99800";"6,40806";"0,23759"
"29,00800";"6,42293";"0,23482"
"29,01800";"6,43792";"0,23347"
"29,02800";"6,45303";"0,23253"
"29,03800";"6,46803";"0,23769"
"29,04800";"6,48302";"0,23957"
"29,05800";"6,49801";"0,23493"
"29,06800";"6,51301";"0,23667"
"29,07800";"6,52788";"0,23784"
"29,08800";"6,54287";"0,23802"
"29,09800";"6,55775";"0,23703"
"29,10800";"6,57286";"0,23687"
"29,11800";"6,58785";"0,23877"
"29,12800";"6,60297";"0,23303"
"29,13800";"6,61784";"0,23112"
"29,14800";"6,63272";"0,23183"
"29,15800";"6,64771";"0,23332"
"29,16800";"6,66270";"0,23772"
"29,17800";"6,67781";"0,24161"
"29,18800";"6,69292";"0,24063"
"29,19800";"6,70803";"0,24016"
"29,20800";"6,72303";"0,23841"
"29,21800";"6,73802";"0,24073"
"29,22800";"6,75301";"0,23829"
"29,23800";"6,76801";"0,23271"
"29,24800";"6,78300";"0,22829"
"29,25800";"6,79799";"0,22756"
"29,26800";"6,81299";"0,22707"
"29,27800";"6,82810";"0,23494"
"29,28800";"6,84309";"0,23129"
"29,29800";"6,85796";"0,22653"
"29,30800";"6,87296";"0,22152"
"29,31800";"6,88795";"0,21671"
"29,32800";"6,90294";"0,21923"
"29,33800";"6,91794";"0,22975"
"29,34800";"6,93293";"0,23612"
"29,35800";"6,94804";"0,24552"
"29,36800";"6,96303";"0,24312"
"29,37800";"6,97803";"0,24268"
"29,38800";"6,99302";"0,24532"
"29,39800";"7,00790";"0,24592"
"29,40800";"7,02289";"0,24269"
"29,41800";"7,03788";"0,24281"
"29,42800";"7,05276";"0,24600"
"29,43800";"7,06787";"0,25042"
"29,44800";"7,08286";"0,24889"
"29,45800";"7,09797";"0,24231"
"29,46800";"7,11297";"0,23832"
"29,47800";"7,12796";"0,23528"
"29,48800";"7,14295";"0,22933"
"29,49800";"7,15794";"0,23274"
"29,50800";"7,17306";"0,23470"
"29,51800";"7,18805";"0,23869"
"29,52800";"7,20304";"0,24220"
"29,53800";"7,21803";"0,24928"
"29,54800";"7,23303";"0,25072"
"29,55800";"7,24802";"0,25086"
"29,56800";"7,26301";"0,25209"
"29,57800";"7,27813";"0,24967"
"29,58800";"7,29312";"0,24539"
"29,59800";"7,30811";"0,23862"
"29,60800";"7,32310";"0,22693"
"29,61800";"7,33810";"0,22290"
"29,62800";"7,35309";"0,22300"
"29,63800";"7,36797";"0,23214"
"29,64800";"7,38308";"0,23893"
"29,65800";"7,39807";"0,24278"
"29,66800";"7,41318";"0,24540"
"29,67800";"7,42817";"0,24481"
"29,68800";"7,44305";"0,23907"
"29,69800";"7,45792";"0,23441"
"29,70800";"7,47292";"0,23057"
"29,71800";"7,48779";"0,22767"
"29,72800";"7,50278";"0,22547"
"29,73800";"7,51790";"0,22918"
"29,74800";"7,53301";"0,23520"
"29,75800";"7,54800";"0,23730"
"29,76800";"7,56299";"0,23565"
"29,77800";"7,57810";"0,23166"
"29,78800";"7,59298";"0,23278"
"29,79800";"7,60785";"0,23932"
"29,80800";"7,62285";"0,23853"
"29,81800";"7,63796";"0,23786"
"29,82800";"7,65307";"0,24294"
"29,83800";"7,66806";"0,24544"
"29,84800";"7,68306";"0,24085"
"29,85800";"7,69793";"0,23188"
"29,86800";"7,71292";"0,23235"
"29,87800";"7,72780";"0,23252"
"29,88800";"7,74291";"0,23968"
"29,89800";"7,75790";"0,24307"
"29,90800";"7,77290";"0,24307"
"29,91800";"7,78777";"0,23575"
"29,92800";"7,80276";"0,23903"
"29,93800";"7,81776";"0,24098"
"29,94800";"7,83275";"0,24123"
"29,95800";"7,84774";"0,23956"
"29,96800";"7,86285";"0,23485"
"29,97800";"7,87785";"0,23101"
"29,98800";"7,89296";"0,23398"
"29,99800";"7,90795";"0,22839"
"30,00800";"7,92294";"0,22095"
"30,01800";"7,93794";"0,22570"
"30,02800";"7,95281";"0,23557"
"30,03800";"7,96781";"0,23935"
"30,04800";"7,98292";"0,24667"
"30,05800";"7,99803";"0,24847"
"30,06800";"8,01302";"0,24260"
"30,07800";"8,02801";"0,23939"
"30,08800";"8,04313";"0,24027"
"30,09800";"8,05812";"0,24595"
"30,10800";"8,07299";"0,24270"
"30,11800";"8,08787";"0,23634"
"30,12800";"8,10286";"0,23300"
"30,13800";"8,11786";"0,23499"
"30,14800";"8,13297";"0,24519"
"30,15800";"8,14796";"0,24127"
"30,16800";"8,16307";"0,23418"
"30,17800";"8,17806";"0,22917"
"30,18800";"8,19306";"0,22573"
"30,19800";"8,20805";"0,22487"
"30,20800";"8,22304";"0,23185"
"30,21800";"8,23815";"0,23497"
"30,22800";"8,25315";"0,24088"
"30,23800";"8,26826";"0,24183"
"30,24800";"8,28325";"0,24085"
"30,25800";"8,29824";"0,23618"
"30,26800";"8,31312";"0,23094"
"30,27800";"8,32811";"0,21871"
"30,28800";"8,34322";"0,21357"
"30,29800";"8,35822";"0,21853"
"30,30800";"8,37321";"0,22324"
"30,31800";"8,38808";"0,23285"
"30,32800";"8,40296";"0,23800"
"30,33800";"8,41783";"0,24175"
"30,34800";"8,43283";"0,24222"
"30,35800";"8,44782";"0,23661"
"30,36800";"8,46293";"0,23288"
"30,37800";"8,47804";"0,23348"
"30,38800";"8,49315";"0,23865"
"30,39800";"8,50826";"0,23717"
"30,40800";"8,52326";"0,22604"
"30,41800";"8,53801";"0,21889"
"30,42800";"8,55301";"0,22500"
"30,43800";"8,56800";"0,23136"
"30,44800";"8,58299";"0,23820"
"30,45800";"8,59810";"0,24167"
"30,46800";"8,61322";"0,24004"
"30,47800";"8,62821";"0,23335"
"30,48800";"8,64320";"0,22905"
"30,49800";"8,65808";"0,23337"
"30,50800";"8,67295";"0,23014"
"30,51800";"8,68806";"0,22756"
"30,52800";"8,70306";"0,23204"
"30,53800";"8,71805";"0,23545"
"30,54800";"8,73304";"0,23671"
"30,55800";"8,74803";"0,24153"
"30,56800";"8,76303";"0,23874"
"30,57800";"8,77790";"0,23658"
"30,58800";"8,79290";"0,23268"
"30,59800";"8,80789";"0,22860"
"30,60800";"8,82300";"0,23201"
"30,61800";"8,83799";"0,23883"
"30,62800";"8,85299";"0,23867"
"30,63800";"8,86786";"0,23799"
"30,64800";"8,88297";"0,23626"
"30,65800";"8,89785";"0,23276"
"30,66800";"8,91284";"0,22724"
"30,67800";"8,92783";"0,22078"
"30,68800";"8,94294";"0,22503"
"30,69800";"8,95794";"0,23249"
"30,70800";"8,97281";"0,23746"
"30,71800";"8,98780";"0,24520"
"30,72800";"9,00280";"0,25066"
"30,73800";"9,01767";"0,24336"
"30,74800";"9,03267";"0,23652"
"30,75800";"9,04778";"0,23513"
"30,76800";"9,06301";"0,24084"
"30,77800";"9,07800";"0,23770"
"30,78800";"9,09299";"0,23533"
"30,79800";"9,10810";"0,23559"
"30,80800";"9,12310";"0,23844"
"30,81800";"9,13809";"0,24161"
"30,82800";"9,15308";"0,24523"
"30,83800";"9,16808";"0,24675"
"30,84800";"9,18307";"0,24165"
"30,85800";"9,19818";"0,23568"
"30,86800";"9,21317";"0,22704"
"30,87800";"9,22817";"0,22394"
"30,88800";"9,24316";"0,22398"
"30,89800";"9,25815";"0,23751"
"30,90800";"9,27315";"0,24469"
"30,91800";"9,28814";"0,24573"
"30,92800";"9,30313";"0,24536"
"30,93800";"9,31813";"0,24718"
"30,94800";"9,33324";"0,24131"
"30,95800";"9,34811";"0,23754"
"30,96800";"9,36310";"0,23080"
"30,97800";"9,37810";"0,23414"
"30,98800";"9,39309";"0,24045"
"30,99800";"9,40808";"0,24315"
"31,00800";"9,42308";"0,23743"
"31,01800";"9,43819";"0,23663"
"31,02800";"9,45318";"0,24690"
"31,03800";"9,46817";"0,25051"
"31,04800";"9,48305";"0,25923"
"31,05800";"9,49804";"0,26930"
"31,06800";"9,51304";"0,26816"
"31,07800";"9,52803";"0,26109"
"31,08800";"9,54302";"0,25645"
"31,09800";"9,55813";"0,25376"
"31,10800";"9,57312";"0,25680"
"31,11800";"9,58812";"0,25767"
"31,12800";"9,60299";"0,25334"
"31,13800";"9,61799";"0,24519"
"31,14800";"9,63310";"0,24723"
"31,15800";"9,64797";"0,25281"
"31,16800";"9,66297";"0,25588"
"31,17800";"9,67796";"0,24963"
"31,18800";"9,69307";"0,23810"
"31,19800";"9,70806";"0,23311"
"31,20800";"9,72294";"0,23493"
"31,21800";"9,73805";"0,23618"
"31,22800";"9,75316";"0,23618"
"31,23800";"9,76815";"0,23686"
"31,24800";"9,78303";"0,23103"
"31,25800";"9,79802";"0,23141"
"31,26800";"9,81301";"0,23164"
"31,27800";"9,82801";"0,23091"
"31,28800";"9,84288";"0,23169"
"31,29800";"9,85776";"0,23427"
"31,30800";"9,87287";"0,23843"
"31,31800";"9,88798";"0,24320"
"31,32800";"9,90297";"0,24342"
"31,33800";"9,91808";"0,24186"
"31,34800";"9,93308";"0,24043"
"31,35800";"9,94807";"0,23830"
"31,36800";"9,96294";"0,24169"
"31,37800";"9,97794";"0,25087"
"31,38800";"9,99293";"0,25456"
"31,39800";"10,00804";"0,24897"
"31,40800";"10,02315";"0,24135"
"31,41800";"10,03815";"0,24019"
"31,42800";"10,05314";"0,23414"
"31,43800";"10,06813";"0,22747"
"31,44800";"10,08301";"0,22670"
"31,45800";"10,09800";"0,22944"
"31,46800";"10,11299";"0,22884"
"31,47800";"10,12810";"0,22908"
"31,48800";"10,14310";"0,22945"
"31,49800";"10,15809";"0,22359"
"31,50800";"10,17308";"0,22283"
"31,51800";"10,18820";"0,22578"
"31,52800";"10,20319";"0,23006"
"31,53800";"10,21818";"0,23471"
"31,54800";"10,23329";"0,23659"
"31,55800";"10,24828";"0,23521"
"31,56800";"10,26340";"0,23649"
"31,57800";"10,27827";"0,24095"
"31,58800";"10,29315";"0,24653"
"31,59800";"10,30814";"0,25211"
"31,60800";"10,32313";"0,24851"
"31,61800";"10,33813";"0,24644"
"31,62800";"10,35312";"0,24008"
"31,63800";"10,36823";"0,23941"
"31,64800";"10,38322";"0,23915"
"31,65800";"10,39822";"0,23649"
"31,66800";"10,41321";"0,23586"
"31,67800";"10,42808";"0,23686"
"31,68800";"10,44308";"0,24095"
"31,69800";"10,45807";"0,25287"
"31,70800";"10,47306";"0,26317"
"31,71800";"10,48817";"0,26474"
"31,72800";"10,50328";"0,26337"
"31,73800";"10,51828";"0,25998"
"31,74800";"10,53327";"0,25011"
"31,75800";"10,54815";"0,24121"
"31,76800";"10,56302";"0,24458"
"31,77800";"10,57801";"0,25039"
"31,78800";"10,59301";"0,25300"
"31,79800";"10,60800";"0,25848"
"31,80800";"10,62299";"0,25178"
"31,81800";"10,63799";"0,24673"
"31,82800";"10,65298";"0,24771"
"31,83800";"10,66797";"0,24583"
"31,84800";"10,68285";"0,24462"
"31,85800";"10,69784";"0,24249"
"31,86800";"10,71295";"0,24661"
"31,87800";"10,72783";"0,24862"
"31,88800";"10,74282";"0,24551"
"31,89800";"10,75781";"0,24160"
"31,90800";"10,77292";"0,23776"
"31,91800";"10,78780";"0,23452"
"31,92800";"10,80279";"0,23459"
"31,93800";"10,81790";"0,23910"
"31,94800";"10,83290";"0,23962"
"31,95800";"10,84789";"0,23869"
"31,96800";"10,86300";"0,23836"
"31,97800";"10,87788";"0,23679"
"31,98800";"10,89287";"0,24142"
"31,99800";"10,90786";"0,25315"
"32,00800";"10,92274";"0,25861"
"32,01800";"10,93797";"0,25604"
"32,02800";"10,95308";"0,25150"
"32,03800";"10,96807";"0,24735"
"32,04800";"10,98306";"0,24549"
"32,05800";"10,99806";"0,24397"
"32,06800";"11,01305";"0,24658"
"32,07800";"11,02792";"0,24071"
"32,08800";"11,04292";"0,23550"
"32,09800";"11,05803";"0,23405"
"32,10800";"11,07302";"0,24083"
"32,11800";"11,08801";"0,24617"
"32,12800";"11,10289";"0,24919"
"32,13800";"11,11800";"0,24853"
"32,14800";"11,13299";"0,25151"
"32,15800";"11,14799";"0,24899"
"32,16800";"11,16310";"0,24780"
"32,17800";"11,17809";"0,23970"
"32,18800";"11,19320";"0,23092"
"32,19800";"11,20808";"0,23063"
"32,20800";"11,22295";"0,22843"
"32,21800";"11,23794";"0,22520"
"32,22800";"11,25294";"0,21917"
"32,23800";"11,26793";"0,22173"
"32,24800";"11,28304";"0,22492"
"32,25800";"11,29803";"0,22902"
"32,26800";"11,31303";"0,23166"
"32,27800";"11,32802";"0,23230"
"32,28800";"11,34301";"0,23580"
"32,29800";"11,35789";"0,23607"
"32,30800";"11,37288";"0,23669"
"32,31800";"11,38788";"0,23690"
"32,32800";"11,40298";"0,23688"
"32,33800";"11,41798";"0,24034"
"32,34800";"11,43309";"0,24544"
"32,35800";"11,44820";"0,24645"
"32,36800";"11,46319";"0,24027"
"32,37800";"11,47819";"0,23876"
"32,38800";"11,49306";"0,23347"
"32,39800";"11,50794";"0,23595"
"32,40800";"11,52305";"0,23441"
"32,41800";"11,53816";"0,23339"
"32,42800";"11,55315";"0,23859"
"32,43800";"11,56815";"0,24508"
"32,44800";"11,58314";"0,25146"
"32,45800";"11,59813";"0,24887"
"32,46800";"11,61312";"0,24289"
"32,47800";"11,62800";"0,24245"
"32,48800";"11,64311";"0,24436"
"32,49800";"11,65810";"0,25481"
"32,50800";"11,67310";"0,25605"
"32,51800";"11,68797";"0,24680"
"32,52800";"11,70296";"0,23955"
"32,53800";"11,71796";"0,24703"
"32,54800";"11,73295";"0,24875"
"32,55800";"11,74806";"0,24936"
"32,56800";"11,76317";"0,24230"
"32,57800";"11,77817";"0,23399"
"32,58800";"11,79316";"0,22843"
"32,59800";"11,80803";"0,22204"
"32,60800";"11,82303";"0,22827"
"32,61800";"11,83790";"0,23881"
"32,62800";"11,85278";"0,24534"
"32,63800";"11,86777";"0,24775"
"32,64800";"11,88288";"0,24418"
"32,65800";"11,89799";"0,23915"
"32,66800";"11,91299";"0,23105"
"32,67800";"11,92798";"0,23400"
"32,68800";"11,94297";"0,23008"
"32,69800";"11,95797";"0,22516"
"32,70800";"11,97284";"0,22517"
"32,71800";"11,98783";"0,23480"
"32,72800";"12,00306";"0,23687"
"32,73800";"12,01806";"0,23852"
"32,74800";"12,03305";"0,24277"
"32,75800";"12,04804";"0,24568"
"32,76800";"12,06304";"0,24754"
"32,77800";"12,07803";"0,25751"
"32,78800";"12,09302";"0,26195"
"32,79800";"12,10801";"0,25977"
"32,80800";"12,12301";"0,25424"
"32,81800";"12,13800";"0,25561"
"32,82800";"12,15299";"0,25720"
"32,83800";"12,16787";"0,25115"
"32,84800";"12,18286";"0,24910"
"32,85800";"12,19774";"0,24966"
"32,86800";"12,21273";"0,24752"
"32,87800";"12,22772";"0,24881"
"32,88800";"12,24272";"0,25387"
"32,89800";"12,25783";"0,25815"
"32,90800";"12,27294";"0,25378"
"32,91800";"12,28793";"0,24969"
"32,92800";"12,30292";"0,24623"
"32,93800";"12,31780";"0,24466"
"32,94800";"12,33279";"0,24305"
"32,95800";"12,34778";"0,24030"
"32,96800";"12,36278";"0,23422"
"32,97800";"12,37789";"0,22996"
"32,98800";"12,39312";"0,23515"
"32,99800";"12,40811";"0,24420"
"33,00800";"12,42310";"0,24551"
"33,01800";"12,43798";"0,24624"
"33,02800";"12,45297";"0,24321"
"33,03800";"12,46797";"0,23822"
"33,04800";"12,48308";"0,23256"
"33,05800";"12,49807";"0,22763"
"33,06800";"12,51306";"0,23084"
"33,07800";"12,52805";"0,23449"
"33,08800";"12,54305";"0,23972"
"33,09800";"12,55792";"0,24153"
"33,10800";"12,57292";"0,24670"
"33,11800";"12,58791";"0,24785"
"33,12800";"12,60290";"0,25167"
"33,13800";"12,61790";"0,24746"
"33,14800";"12,63289";"0,25117"
"33,15800";"12,64788";"0,25940"
"33,16800";"12,66276";"0,26510"
"33,17800";"12,67787";"0,25932"
"33,18800";"12,69286";"0,25030"
"33,19800";"12,70797";"0,24595"
"33,20800";"12,72308";"0,24193"
"33,21800";"12,73819";"0,23780"
"33,22800";"12,75331";"0,23438"
"33,23800";"12,76818";"0,23868"
"33,24800";"12,78317";"0,24059"
"33,25800";"12,79805";"0,24398"
"33,26800";"12,81304";"0,25234"
"33,27800";"12,82815";"0,25542"
"33,28800";"12,84315";"0,25932"
"33,29800";"12,85814";"0,25649"
"33,30800";"12,87313";"0,25425"
"33,31800";"12,88813";"0,25584"
"33,32800";"12,90312";"0,24695"
"33,33800";"12,91787";"0,24141"
"33,34800";"12,93287";"0,24490"
"33,35800";"12,94798";"0,24560"
"33,36800";"12,96285";"0,24350"
"33,37800";"12,97773";"0,24562"
"33,38800";"12,99284";"0,24515"
"33,39800";"13,00795";"0,24529"
"33,40800";"13,02294";"0,25008"
"33,41800";"13,03794";"0,25694"
"33,42800";"13,05293";"0,26525"
"33,43800";"13,06804";"0,26493"
"33,44800";"13,08315";"0,26412"
"33,45800";"13,09803";"0,26151"
"33,46800";"13,11302";"0,25815"
"33,47800";"13,12790";"0,25532"
"33,48800";"13,14289";"0,26122"
"33,49800";"13,15776";"0,26874"
"33,50800";"13,17276";"0,27573"
"33,51800";"13,18787";"0,27319"
"33,52800";"13,20286";"0,26842"
"33,53800";"13,21797";"0,26203"
"33,54800";"13,23297";"0,25380"
"33,55800";"13,24796";"0,24637"
"33,56800";"13,26283";"0,24362"
"33,57800";"13,27771";"0,24861"
"33,58800";"13,29282";"0,25141"
"33,59800";"13,30781";"0,25013"
"33,60800";"13,32292";"0,25546"
"33,61800";"13,33803";"0,26621"
"33,62800";"13,35303";"0,27318"
"33,63800";"13,36802";"0,27153"
"33,64800";"13,38301";"0,26414"
"33,65800";"13,39789";"0,25144"
"33,66800";"13,41300";"0,24001"
"33,67800";"13,42799";"0,24176"
"33,68800";"13,44299";"0,24906"
"33,69800";"13,45798";"0,25487"
"33,70800";"13,47297";"0,25947"
"33,71800";"13,48808";"0,26033"
"33,72800";"13,50308";"0,25985"
"33,73800";"13,51807";"0,25507"
"33,74800";"13,53306";"0,25400"
"33,75800";"13,54806";"0,25101"
"33,76800";"13,56317";"0,25612"
"33,77800";"13,57816";"0,25842"
"33,78800";"13,59303";"0,26452"
"33,79800";"13,60791";"0,27298"
"33,80800";"13,62290";"0,27486"
"33,81800";"13,63790";"0,27134"
"33,82800";"13,65289";"0,26000"
"33,83800";"13,66800";"0,24775"
"33,84800";"13,68299";"0,24307"
"33,85800";"13,69810";"0,24023"
"33,86800";"13,71310";"0,24371"
"33,87800";"13,72809";"0,24474"
"33,88800";"13,74296";"0,23787"
"33,89800";"13,75808";"0,24694"
"33,90800";"13,77307";"0,25576"
"33,91800";"13,78806";"0,26278"
"33,92800";"13,80317";"0,26325"
"33,93800";"13,81817";"0,25177"
"33,94800";"13,83328";"0,24468"
"33,95800";"13,84827";"0,24432"
"33,96800";"13,86315";"0,25416"
"33,97800";"13,87814";"0,25922"
"33,98800";"13,89313";"0,25735"
"33,99800";"13,90801";"0,24806"
"34,00800";"13,92300";"0,24786"
"34,01800";"13,93799";"0,25018"
"34,02800";"13,95299";"0,25100"
"34,03800";"13,96798";"0,25846"
"34,04800";"13,98297";"0,26727"
"34,05800";"13,99797";"0,27761"
"34,06800";"14,01308";"0,28807"
"34,07800";"14,02807";"0,29229"
"34,08800";"14,04306";"0,29097"
"34,09800";"14,05805";"0,28269"
"34,10800";"14,07305";"0,27517"
"34,11800";"14,08792";"0,27263"
"34,12800";"14,10280";"0,27030"
"34,13800";"14,11791";"0,26967"
"34,14800";"14,13290";"0,26969"
"34,15800";"14,14790";"0,27100"
"34,16800";"14,16301";"0,27697"
"34,17800";"14,17800";"0,28249"
"34,18800";"14,19299";"0,29028"
"34,19800";"14,20799";"0,29366"
"34,20800";"14,22286";"0,29187"
"34,21800";"14,23797";"0,28523"
"34,22800";"14,25296";"0,28447"
"34,23800";"14,26808";"0,28333"
"34,24800";"14,28307";"0,27264"
"34,25800";"14,29818";"0,26129"
"34,26800";"14,31317";"0,25962"
"34,27800";"14,32805";"0,26916"
"34,28800";"14,34292";"0,27860"
"34,29800";"14,35803";"0,28517"
"34,30800";"14,37303";"0,28934"
"34,31800";"14,38802";"0,29081"
"34,32800";"14,40301";"0,28510"
"34,33800";"14,41801";"0,28617"
"34,34800";"14,43312";"0,29093"
"34,35800";"14,44799";"0,28773"
"34,36800";"14,46299";"0,27795"
"34,37800";"14,47810";"0,27554"
"34,38800";"14,49309";"0,28819"
"34,39800";"14,50820";"0,29485"
"34,40800";"14,52319";"0,29896"
"34,41800";"14,53807";"0,30625"
"34,42800";"14,55318";"0,30673"
"34,43800";"14,56806";"0,30990"
"34,44800";"14,58305";"0,30745"
"34,45800";"14,59804";"0,30641"
"34,46800";"14,61315";"0,30875"
"34,47800";"14,62826";"0,31178"
"34,48800";"14,64326";"0,30893"
"34,49800";"14,65825";"0,29815"
"34,50800";"14,67324";"0,30080"
"34,51800";"14,68812";"0,31029"
"34,52800";"14,70299";"0,32012"
"34,53800";"14,71799";"0,32529"
"34,54800";"14,73322";"0,31580"
"34,55800";"14,74821";"0,30689"
"34,56800";"14,76320";"0,30256"
"34,57800";"14,77820";"0,30272"
"34,58800";"14,79319";"0,30342"
"34,59800";"14,80806";"0,30425"
"34,60800";"14,82306";"0,31468"
"34,61800";"14,83805";"0,32059"
"34,62800";"14,85304";"0,32704"
"34,63800";"14,86804";"0,33149"
"34,64800";"14,88291";"0,34099"
"34,65800";"14,89790";"0,34801"
"34,66800";"14,91290";"0,34510"
"34,67800";"14,92789";"0,34399"
"34,68800";"14,94300";"0,34635"
"34,69800";"14,95811";"0,35610"
"34,70800";"14,97310";"0,36579"
"34,71800";"14,98822";"0,37636"
"34,72800";"15,00321";"0,37685"
"34,73800";"15,01820";"0,37192"
"34,74800";"15,03308";"0,37158"
"34,75800";"15,04807";"0,37063"
"34,76800";"15,06306";"0,37312"
"34,77800";"15,07817";"0,37814"
"34,78800";"15,09317";"0,38017"
"34,79800";"15,10828";"0,37888"
"34,80800";"15,12327";"0,38381"
"34,81800";"15,13803";"0,39135"
"34,82800";"15,15290";"0,39825"
"34,83800";"15,16778";"0,39942"
"34,84800";"15,18277";"0,39838"
"34,85800";"15,19776";"0,39970"
"34,86800";"15,21276";"0,41024"
"34,87800";"15,22775";"0,42130"
"34,88800";"15,24274";"0,42714"
"34,89800";"15,25774";"0,43555"
"34,90800";"15,27273";"0,45055"
"34,91800";"15,28760";"0,46119"
"34,92800";"15,30272";"0,46233"
"34,93800";"15,31794";"0,46268"
"34,94800";"15,33305";"0,46438"
"34,95800";"15,34805";"0,46260"
"34,96800";"15,36304";"0,46549"
"34,97800";"15,37815";"0,46963"
"34,98800";"15,39303";"0,47927"
"34,99800";"15,40802";"0,48786"
"35,00800";"15,42313";"0,48792"
"35,01800";"15,43824";"0,48068"
"35,02800";"15,45324";"0,47805"
"35,03800";"15,46823";"0,48759"
"35,04800";"15,48299";"0,49758"
"35,05800";"15,49798";"0,50493"
"35,06800";"15,51285";"0,51109"
"35,07800";"15,52785";"0,51938"
"35,08800";"15,54296";"0,52152"
"35,09800";"15,55807";"0,52228"
"35,10800";"15,57318";"0,52067"
"35,11800";"15,58817";"0,53422"
"35,12800";"15,60305";"0,54621"
"35,13800";"15,61804";"0,55574"
"35,14800";"15,63292";"0,56430"
"35,15800";"15,64791";"0,57190"
"35,16800";"15,66290";"0,57654"
"35,17800";"15,67790";"0,58690"
"35,18800";"15,69301";"0,59401"
"35,19800";"15,70800";"0,59811"
"35,20800";"15,72288";"0,60158"
"35,21800";"15,73787";"0,61407"
"35,22800";"15,75286";"0,62316"
"35,23800";"15,76797";"0,62774"
"35,24800";"15,78297";"0,62986"
"35,25800";"15,79808";"0,63457"
"35,26800";"15,81307";"0,63821"
"35,27800";"15,82806";"0,64208"
"35,28800";"15,84306";"0,64639"
"35,29800";"15,85805";"0,64925"
"35,30800";"15,87304";"0,65375"
"35,31800";"15,88803";"0,66870"
"35,32800";"15,90326";"0,68550"
"35,33800";"15,91826";"0,69841"
"35,34800";"15,93325";"0,70924"
"35,35800";"15,94813";"0,71693"
"35,36800";"15,96312";"0,72708"
"35,37800";"15,97799";"0,73778"
"35,38800";"15,99299";"0,74545"
"35,39800";"16,00786";"0,74967"
"35,40800";"16,02286";"0,75847"
"35,41800";"16,03785";"0,77046"
"35,42800";"16,05272";"0,77499"
"35,43800";"16,06771";"0,77463"
"35,44800";"16,08271";"0,77649"
"35,45800";"16,09759";"0,79049"
"35,46800";"16,11269";"0,79759"
"35,47800";"16,12781";"0,80689"
"35,48800";"16,14280";"0,81318"
"35,49800";"16,15791";"0,81952"
"35,50800";"16,17314";"0,82565"
"35,51800";"16,18825";"0,83660"
"35,52800";"16,20336";"0,83598"
"35,53800";"16,21835";"0,83767"
"35,54800";"16,23323";"0,84338"
"35,55800";"16,24822";"0,85820"
"35,56800";"16,26310";"0,87511"
"35,57800";"16,27809";"0,89136"
"35,58800";"16,29308";"0,90765"
"35,59800";"16,30808";"0,91625"
"35,60800";"16,32319";"0,92056"
"35,61800";"16,33818";"0,92895"
"35,62800";"16,35317";"0,93854"
"35,63800";"16,36817";"0,94868"
"35,64800";"16,38328";"0,96485"
"35,65800";"16,39827";"0,98271"
"35,66800";"16,41315";"0,99458"
"35,67800";"16,42802";"1,00725"
"35,68800";"16,44289";"1,01879"
"35,69800";"16,45777";"1,03040"
"35,70800";"16,47276";"1,03761"
"35,71800";"16,48776";"1,04284"
"35,72800";"16,50287";"1,05128"
"35,73800";"16,51798";"1,06683"
"35,74800";"16,53297";"1,09341"
"35,75800";"16,54785";"1,12072"
"35,76800";"16,56284";"1,14728"
"35,77800";"16,57771";"1,17369"
"35,78800";"16,59271";"1,19871"
"35,79800";"16,60782";"1,22126"
"35,80800";"16,62305";"1,24460"
"35,81800";"16,63816";"1,27083"
"35,82800";"16,65327";"1,29371"
"35,83800";"16,66826";"1,31506"
"35,84800";"16,68326";"1,34013"
"35,85800";"16,69813";"1,36764"
"35,86800";"16,71313";"1,40442"
"35,87800";"16,72800";"1,44748"
"35,88800";"16,74299";"1,49130"
"35,89800";"16,75799";"1,52980"
"35,90800";"16,77298";"1,58198"
"35,91800";"16,78797";"1,63087"
"35,92800";"16,80285";"1,67551"
"35,93800";"16,81784";"1,72241"
"35,94800";"16,83283";"1,76473"
"35,95800";"16,84795";"1,81215"
"35,96800";"16,86306";"1,86787"
"35,97800";"16,87805";"1,92651"
"35,98800";"16,89304";"1,98865"
"35,99800";"16,90804";"2,04947"
"36,00800";"16,92291";"2,12132"
"36,01800";"16,93790";"2,19855"
"36,02800";"16,95301";"2,28241"
"36,03800";"16,96801";"2,36828"
"36,04800";"16,98300";"2,45813"
"36,05800";"16,99799";"2,55638"
"36,06800";"17,01299";"2,66132"
"36,07800";"17,02798";"2,77583"
"36,08800";"17,04285";"2,89391"
"36,09800";"17,05785";"3,01094"
"36,10800";"17,07284";"3,15237"
"36,11800";"17,08795";"3,30941"
"36,12800";"17,10295";"3,46736"
"36,13800";"17,11794";"3,63759"
"36,14800";"17,13293";"3,81669"
"36,15800";"17,14792";"4,00853"
"36,16800";"17,16292";"4,21388"
"36,17800";"17,17779";"4,43172"
"36,18800";"17,19290";"4,66939"
"36,19800";"17,20790";"4,91708"
"36,20800";"17,22289";"5,17796"
"36,21800";"17,23776";"5,45265"
"36,22800";"17,25276";"5,73881"
"36,23800";"17,26787";"6,04552"
"36,24800";"17,28274";"6,37410"
"36,25800";"17,29774";"6,72103"
"36,26800";"17,31285";"7,09092"
"36,27800";"17,32784";"7,48364"
"36,28800";"17,34283";"7,89423"
"36,29800";"17,35771";"8,32333"
"36,30800";"17,37270";"8,77554"
"36,31800";"17,38770";"9,24528"
"36,32800";"17,40257";"9,74279"
"36,33800";"17,41756";"10,26091"
"36,34800";"17,43267";"10,80829"
"36,35800";"17,44778";"11,39653"
"36,36800";"17,46290";"12,02301"
"36,37800";"17,47801";"12,68841"
"36,38800";"17,49312";"13,40004"
"36,39800";"17,50823";"14,16065"
"36,40800";"17,52322";"14,96238"
"36,41800";"17,53822";"15,80285"
"36,42800";"17,55309";"16,68474"
"36,43800";"17,56808";"17,61727"
"36,44800";"17,58308";"18,60866"
"36,45800";"17,59807";"19,66094"
"36,46800";"17,61306";"20,77907"
"36,47800";"17,62806";"21,96481"
"36,48800";"17,64293";"23,22869"
"36,49800";"17,65792";"24,56309"
"36,50800";"17,67280";"25,98717"
"36,51800";"17,68779";"27,50195"
"36,52800";"17,70278";"29,12674"
"36,53800";"17,71789";"30,86771"
"36,54800";"17,73289";"32,73944"
"36,55800";"17,74788";"34,74819"
"36,56800";"17,76287";"36,90831"
"36,57800";"17,77787";"39,23279"
"36,58800";"17,79274";"41,74251"
"36,59800";"17,80774";"44,47258"
"36,60800";"17,82273";"47,44839"
"36,61800";"17,83772";"50,68250"
"36,62800";"17,85272";"54,15241"
"36,63800";"17,86759";"57,79751"
"36,64800";"17,88258";"61,52708"
"36,65800";"17,89781";"65,28391"
"36,66800";"17,91304";"69,05130"
"36,67800";"17,92815";"72,76968"
"36,68800";"17,94326";"76,41432"
"36,69800";"17,95826";"80,01608"
"36,70800";"17,97325";"83,62830"
"36,71800";"17,98812";"87,32188"
"36,72800";"18,00300";"91,08034"
"36,73800";"18,01799";"94,92593"
"36,74800";"18,03299";"98,90427"
"36,75800";"18,04798";"103,02673"
"36,76800";"18,06297";"107,27432"
"36,77800";"18,07797";"111,67796"
"36,78800";"18,09284";"116,21133"
"36,79800";"18,10772";"120,86842"
"36,80800";"18,12259";"125,67068"
"36,81800";"18,13770";"130,67789"
"36,82800";"18,15269";"135,95630"
"36,83800";"18,16769";"141,53104"
"36,84800";"18,18280";"147,38319"
"36,85800";"18,19779";"153,52478"
"36,86800";"18,21267";"159,93530"
"36,87800";"18,22742";"166,65094"
"36,88800";"18,24230";"173,70393"
"36,89800";"18,25741";"181,15802"
"36,90800";"18,27252";"189,11105"
"36,91800";"18,28752";"197,57735"
"36,92800";"18,30263";"206,56113"
"36,93800";"18,31750";"216,02649"
"36,94800";"18,33249";"225,95981"
"36,95800";"18,34760";"236,48822"
"36,96800";"18,36272";"247,68239"
"36,97800";"18,37783";"259,35947"
"36,98800";"18,39282";"271,20004"
"36,99800";"18,40781";"282,86987"
"37,00800";"18,42281";"294,27576"
"37,01800";"18,43768";"305,37610"
"37,02800";"18,45256";"316,22525"
"37,03800";"18,46755";"326,92987"
"37,04800";"18,48254";"337,66586"
"37,05800";"18,49777";"348,66245"
"37,06000";"18,50072";"350,89514"
"37,06200";"18,50379";"353,13480"
"37,07200";"18,51690";"364,31113"
"37,08200";"18,52433";"373,72052"
"37,09200";"18,52693";"376,88263"
"37,10200";"18,52670";"370,70346"
"37,10800";"18,52670";"362,61783"
"37,11800";"18,52492";"344,64825"
"37,12800";"18,51819";"323,66345"
"37,13800";"18,50509";"296,35550"
"37,14800";"18,48726";"256,52206"
"37,15800";"18,46708";"203,32156"
"37,16800";"18,44571";"143,20709"
"37,17800";"18,42434";"85,55119"
"37,18800";"18,40356";"38,30969"
"37,19800";"18,38373";"5,13663"
"37,20800";"18,36449";"-14,18776"
"37,21800";"18,34595";"-21,22440"
"37,22800";"18,32801";"-19,81305"
"37,23800";"18,31065";"-14,91783"
"37,24800";"18,29389";"-9,90131"
"37,25800";"18,27748";"-6,24118"
"37,26800";"18,26131";"-4,21760"
"37,27800";"18,24525";"-3,51713"
"37,28800";"18,22955";"-3,64711"
"37,29800";"18,21408";"-4,16540"
"37,30800";"18,19850";"-4,76327"
"37,31800";"18,18327";"-5,26869"
"37,32800";"18,16804";"-5,63329"
"37,33800";"18,15305";"-5,86873"
"37,34800";"18,13782";"-6,02074"
"37,35800";"18,12259";"-6,12422"
"37,36800";"18,10736";"-6,18899"
"37,37800";"18,09225";"-6,22712"
"37,38800";"18,07714";"-6,23934"
"37,39800";"18,06215";"-6,21224"
"37,40800";"18,04715";"-6,16274"
"37,41800";"18,03216";"-6,09866"
"37,42800";"18,01717";"-6,01161"
"37,43800";"18,00206";"-5,90114"
"37,44800";"17,98706";"-5,77799"
"37,45800";"17,97243";"-5,65797"
"37,46800";"17,95755";"-5,53491"
"37,47800";"17,94255";"-5,42151"
"37,48800";"17,92745";"-5,31561"
"37,49800";"17,91222";"-5,22024"
"37,50800";"17,89710";"-5,13167"
"37,51800";"17,88188";"-5,02895"
"37,52800";"17,86676";"-4,89577"
"37,53800";"17,85165";"-4,74582"
"37,54800";"17,83678";"-4,59034"
"37,55800";"17,82190";"-4,42791"
"37,56800";"17,80703";"-4,26391"
"37,57800";"17,79203";"-4,10560"
"37,58800";"17,77716";"-3,96166"
"37,59800";"17,76217";"-3,83093"
"37,60800";"17,74706";"-3,71300"
"37,61800";"17,73183";"-3,60306"
"37,62800";"17,71683";"-3,49072"
"37,63800";"17,70196";"-3,38296"
"37,64800";"17,68696";"-3,27165"
"37,65800";"17,67186";"-3,16275"
"37,66800";"17,65686";"-3,05287"
"37,67800";"17,64187";"-2,94038"
"37,68800";"17,62688";"-2,82737"
"37,69800";"17,61176";"-2,70785"
"37,70800";"17,59677";"-2,58915"
"37,71800";"17,58201";"-2,46942"
"37,72800";"17,56714";"-2,34500"
"37,73800";"17,55202";"-2,22832"
"37,74800";"17,53703";"-2,11527"
"37,75800";"17,52204";"-2,01191"
"37,76800";"17,50693";"-1,92270"
"37,77800";"17,49182";"-1,84925"
"37,78800";"17,47694";"-1,78023"
"37,79800";"17,46207";"-1,70973"
"37,80800";"17,44731";"-1,64646"
"37,81800";"17,43220";"-1,57727"
"37,82800";"17,41709";"-1,50572"
"37,83800";"17,40210";"-1,42340"
"37,84800";"17,38711";"-1,34221"
"37,85800";"17,37199";"-1,26900"
"37,86800";"17,35688";"-1,20450"
"37,87800";"17,34201";"-1,13672"
"37,88800";"17,32713";"-1,06827"
"37,89800";"17,31202";"-1,00731"
"37,90800";"17,29703";"-0,95600"
"37,91800";"17,28204";"-0,90776"
"37,92800";"17,26704";"-0,87021"
"37,93800";"17,25205";"-0,83762"
"37,94800";"17,23694";"-0,81521"
"37,95800";"17,22206";"-0,78917"
"37,96800";"17,20719";"-0,76649"
"37,97800";"17,19208";"-0,73637"
"37,98800";"17,17696";"-0,70231"
"37,99800";"17,16197";"-0,66954"
"38,00800";"17,14698";"-0,63939"
"38,01800";"17,13187";"-0,61153"
"38,02800";"17,11687";"-0,59983"
"38,03800";"17,10200";"-0,59343"
"38,04800";"17,08713";"-0,58425"
"38,05800";"17,07201";"-0,56942"
"38,06800";"17,05690";"-0,55099"
"38,07800";"17,04191";"-0,53060"
"38,08800";"17,02703";"-0,50568"
"38,09800";"17,01192";"-0,47904"
"38,10800";"16,99693";"-0,46110"
"38,11800";"16,98206";"-0,45089"
"38,12800";"16,96718";"-0,43714"
"38,13800";"16,95207";"-0,41802"
"38,14800";"16,93696";"-0,39595"
"38,15800";"16,92196";"-0,35985"
"38,16800";"16,90697";"-0,32197"
"38,17800";"16,89198";"-0,28334"
"38,18800";"16,87687";"-0,24962"
"38,19800";"16,86188";"-0,21974"
"38,20800";"16,84688";"-0,20249"
"38,21800";"16,83201";"-0,19249"
"38,22800";"16,81689";"-0,18062"
"38,23800";"16,80190";"-0,16993"
"38,24800";"16,78691";"-0,15491"
"38,25800";"16,77204";"-0,14572"
"38,26800";"16,75692";"-0,14016"
"38,27800";"16,74193";"-0,14008"
"38,28800";"16,72694";"-0,13451"
"38,29800";"16,71194";"-0,12450"
"38,30800";"16,69695";"-0,12188"
"38,31800";"16,68184";"-0,12135"
"38,32800";"16,66673";"-0,12470"
"38,33800";"16,65185";"-0,13218"
"38,34800";"16,63710";"-0,12566"
"38,35800";"16,62199";"-0,11347"
"38,36800";"16,60699";"-0,10855"
"38,37800";"16,59200";"-0,10442"
"38,38800";"16,57689";"-0,09825"
"38,39800";"16,56178";"-0,09438"
"38,40800";"16,54667";"-0,09618"
"38,41800";"16,53179";"-0,09424"
"38,42800";"16,51704";"-0,08334"
"38,43800";"16,50204";"-0,07912"
"38,44800";"16,48705";"-0,07871"
"38,45800";"16,47206";"-0,08456"
"38,46800";"16,45718";"-0,07970"
"38,47800";"16,44207";"-0,06563"
"38,48800";"16,42696";"-0,05596"
"38,49800";"16,41197";"-0,05514"
"38,50800";"16,39709";"-0,05376"
"38,51800";"16,38210";"-0,04308"
"38,52800";"16,36699";"-0,03430"
"38,53800";"16,35211";"-0,03826"
"38,54800";"16,33724";"-0,04506"
"38,55800";"16,32212";"-0,03977"
"38,56800";"16,30713";"-0,03830"
"38,57800";"16,29214";"-0,03581"
"38,58800";"16,27727";"-0,03484"
"38,59800";"16,26227";"-0,02925"
"38,60800";"16,24716";"-0,02139"
"38,61800";"16,23193";"-0,01191"
"38,62800";"16,21706";"-0,00204"
"38,63800";"16,20206";"0,00868"
"38,64800";"16,18707";"0,01281"
"38,65800";"16,17208";"0,01038"
"38,66800";"16,15720";"0,00831"
"38,67800";"16,14233";"0,00590"
"38,68800";"16,12721";"0,00244"
"38,69800";"16,11199";"0,00010"
"38,70800";"16,09687";"-0,00003"
"38,71800";"16,08188";"-0,00003"
"38,72800";"16,06677";"-0,00495"
"38,73800";"16,05178";"-0,00397"
"38,74800";"16,03690";"0,00068"
"38,75800";"16,02203";"0,00744"
"38,76800";"16,00704";"0,01126"
"38,77800";"15,99181";"0,01423"
"38,78800";"15,97681";"0,01131"
"38,79800";"15,96194";"0,00707"
"38,80800";"15,94695";"0,00692"
"38,81800";"15,93195";"0,00084"
"38,82800";"15,91696";"-0,00208"
"38,83800";"15,90208";"0,00089"
"38,84800";"15,88721";"0,01013"
"38,85800";"15,87222";"0,01067"
"38,86800";"15,85722";"0,01006"
"38,87800";"15,84211";"0,00638"
"38,88800";"15,82712";"0,00731"
"38,89800";"15,81213";"0,01085"
"38,90800";"15,79713";"0,01940"
"38,91800";"15,78226";"0,02586"
"38,92800";"15,76727";"0,03237"
"38,93800";"15,75215";"0,03101"
"38,94800";"15,73704";"0,02312"
"38,95800";"15,72193";"0,02022"
"38,96800";"15,70706";"0,01510"
"38,97800";"15,69218";"0,01042"
"38,98800";"15,67719";"0,01047"
"38,99800";"15,66220";"0,01491"
"39,00800";"15,64720";"0,01799"
"39,01800";"15,63209";"0,01943"
"39,02800";"15,61698";"0,02202"
"39,03800";"15,60187";"0,02359"
"39,04800";"15,58687";"0,02359"
"39,05800";"15,57188";"0,02316"
"39,06800";"15,55701";"0,02161"
"39,07800";"15,54201";"0,02189"
"39,08800";"15,52702";"0,02506"
"39,09800";"15,51191";"0,03180"
"39,10800";"15,49680";"0,03371"
"39,11800";"15,48169";"0,03326"
"39,12800";"15,46669";"0,04132"
"39,13800";"15,45194";"0,04943"
"39,14800";"15,43694";"0,05098"
"39,15800";"15,42195";"0,04762"
"39,16800";"15,40696";"0,04555"
"39,17800";"15,39208";"0,04246"
"39,18800";"15,37697";"0,04114"
"39,19800";"15,36186";"0,04962"
"39,20800";"15,34699";"0,06208"
"39,21800";"15,33211";"0,06242"
"39,22800";"15,31712";"0,06147"
"39,23800";"15,30201";"0,06604"
"39,24800";"15,28701";"0,06245"
"39,25800";"15,27202";"0,06057"
"39,26800";"15,25703";"0,05520"
"39,27800";"15,24192";"0,04780"
"39,28800";"15,22704";"0,04112"
"39,29800";"15,21217";"0,04198"
"39,30800";"15,19717";"0,04921"
"39,31800";"15,18206";"0,05187"
"39,32800";"15,16707";"0,05472"
"39,33800";"15,15219";"0,05608"
"39,34800";"15,13720";"0,06234"
"39,35800";"15,12209";"0,07190"
"39,36800";"15,10710";"0,07183"
"39,37800";"15,09222";"0,07241"
"39,38800";"15,07735";"0,06976"
"39,39800";"15,06223";"0,06977"
"39,40800";"15,04713";"0,06054"
"39,41800";"15,03201";"0,05983"
"39,42800";"15,01702";"0,06358"
"39,43800";"15,00203";"0,06542"
"39,44800";"14,98703";"0,06885"
"39,45800";"14,97216";"0,06896"
"39,46800";"14,95728";"0,06888"
"39,47800";"14,94229";"0,07817"
"39,48800";"14,92718";"0,07390"
"39,49800";"14,91219";"0,07096"
"39,50800";"14,89731";"0,07273"
"39,51800";"14,88232";"0,07435"
"39,52800";"14,86721";"0,07784"
"39,53800";"14,85210";"0,08259"
"39,54800";"14,83722";"0,08809"
"39,55800";"14,82223";"0,08079"
"39,56800";"14,80700";"0,07464"
"39,57800";"14,79189";"0,06879"
"39,58800";"14,77701";"0,06987"
"39,59800";"14,76214";"0,08080"
"39,60800";"14,74714";"0,08762"
"39,61800";"14,73215";"0,08378"
"39,62800";"14,71716";"0,08136"
"39,63800";"14,70217";"0,07810"
"39,64800";"14,68706";"0,07695"
"39,65800";"14,67194";"0,07723"
"39,66800";"14,65695";"0,07897"
"39,67800";"14,64208";"0,08794"
"39,68800";"14,62708";"0,10103"
"39,69800";"14,61197";"0,10307"
"39,70800";"14,59698";"0,09595"
"39,71800";"14,58199";"0,09330"
"39,72800";"14,56676";"0,09071"
"39,73800";"14,55165";"0,08878"
"39,74800";"14,53665";"0,08825"
"39,75800";"14,52190";"0,08563"
"39,76800";"14,50690";"0,08527"
"39,77800";"14,49179";"0,08346"
"39,78800";"14,47680";"0,08245"
"39,79800";"14,46192";"0,08204"
"39,80800";"14,44693";"0,08098"
"39,81800";"14,43170";"0,09119"
"39,82800";"14,41671";"0,09229"
"39,83800";"14,40195";"0,08735"
"39,84800";"14,38696";"0,09140"
"39,85800";"14,37185";"0,09947"
"39,86800";"14,35685";"0,09450"
"39,87800";"14,34186";"0,09326"
"39,88800";"14,32687";"0,08929"
"39,89800";"14,31164";"0,08728"
"39,90800";"14,29665";"0,08746"
"39,91800";"14,28189";"0,09043"
"39,92800";"14,26701";"0,08790"
"39,93800";"14,25190";"0,07873"
"39,94800";"14,23679";"0,06170"
"39,95800";"14,22180";"0,05386"
"39,96800";"14,20681";"0,05741"
"39,97800";"14,19169";"0,05565"
"39,98800";"14,17670";"0,06129"
"39,99800";"14,16194";"0,07586"
"40,00800";"14,14719";"0,08634"
"40,01800";"14,13219";"0,09329"
"40,02800";"14,11697";"0,09356"
"40,03800";"14,10197";"0,08593"
"40,04800";"14,08698";"0,07731"
"40,05800";"14,07187";"0,07680"
"40,06800";"14,05688";"0,07622"
"40,07800";"14,04200";"0,07568"
"40,08800";"14,02724";"0,07969"
"40,09800";"14,01225";"0,08095"
"40,10800";"13,99714";"0,07614"
"40,11800";"13,98215";"0,07224"
"40,12800";"13,96727";"0,07134"
"40,13800";"13,95228";"0,07815"
"40,14800";"13,93717";"0,08594"
"40,15800";"13,92217";"0,08869"
"40,16800";"13,90730";"0,08266"
"40,17800";"13,89231";"0,07356"
"40,18800";"13,87719";"0,06574"
"40,19800";"13,86208";"0,06697"
"40,20800";"13,84709";"0,07085"
"40,21800";"13,83210";"0,07266"
"40,22800";"13,81710";"0,07884"
"40,23800";"13,80211";"0,07896"
"40,24800";"13,78724";"0,07441"
"40,25800";"13,77212";"0,07677"
"40,26800";"13,75690";"0,08026"
"40,27800";"13,74167";"0,08239"
"40,28800";"13,72667";"0,07636"
"40,29800";"13,71168";"0,07217"
"40,30800";"13,69681";"0,07378"
"40,31800";"13,68181";"0,07359"
"40,32800";"13,66706";"0,06647"
"40,33800";"13,65218";"0,05721"
"40,34800";"13,63707";"0,06311"
"40,35800";"13,62184";"0,06852"
"40,36800";"13,60685";"0,06733"
"40,37800";"13,59185";"0,06241"
"40,38800";"13,57698";"0,06281"
"40,39800";"13,56187";"0,07271"
"40,40800";"13,54699";"0,07921"
"40,41800";"13,53200";"0,09007"
"40,42800";"13,51701";"0,09795"
"40,43800";"13,50190";"0,10442"
"40,44800";"13,48678";"0,10203"
"40,45800";"13,47191";"0,09993"
"40,46800";"13,45704";"0,09786"
"40,47800";"13,44204";"0,09324"
"40,48800";"13,42705";"0,08883"
"40,49800";"13,41206";"0,09020"
"40,50800";"13,39706";"0,08996"
"40,51800";"13,38195";"0,08583"
"40,52800";"13,36672";"0,08284"
"40,53800";"13,35185";"0,08561"
"40,54800";"13,33709";"0,08936"
"40,55800";"13,32210";"0,09239"
"40,56800";"13,30699";"0,08836"
"40,57800";"13,29199";"0,08411"
"40,58800";"13,27700";"0,09095"
"40,59800";"13,26189";"0,10253"
"40,60800";"13,24678";"0,10358"
"40,61800";"13,23178";"0,09435"
"40,62800";"13,21703";"0,08660"
"40,63800";"13,20215";"0,08747"
"40,64800";"13,18704";"0,09230"
"40,65800";"13,17193";"0,08909"
"40,66800";"13,15694";"0,08670"
"40,67800";"13,14183";"0,09134"
"40,68800";"13,12671";"0,09768"
"40,69800";"13,11172";"0,09559"
"40,70800";"13,09697";"0,08999"
"40,71800";"13,08209";"0,08987"
"40,72800";"13,06698";"0,09006"
"40,73800";"13,05187";"0,08482"
"40,74800";"13,03687";"0,08199"
"40,75800";"13,02200";"0,08287"
"40,76800";"13,00689";"0,08900"
"40,77800";"12,99189";"0,09464"
"40,78800";"12,97702";"0,10040"
"40,79800";"12,96215";"0,10251"
"40,80800";"12,94703";"0,09799"
"40,81800";"12,93204";"0,09312"
"40,82800";"12,91705";"0,08859"
"40,83800";"12,90205";"0,09286"
"40,84800";"12,88706";"0,09562"
"40,85800";"12,87195";"0,09948"
"40,86800";"12,85708";"0,09610"
"40,87800";"12,84220";"0,09279"
"40,88800";"12,82709";"0,09260"
"40,89800";"12,81198";"0,09717"
"40,90800";"12,79699";"0,10627"
"40,91800";"12,78199";"0,10891"
"40,92800";"12,76700";"0,11057"
"40,93800";"12,75189";"0,11650"
"40,94800";"12,73701";"0,11597"
"40,95800";"12,72214";"0,11437"
"40,96800";"12,70715";"0,11543"
"40,97800";"12,69192";"0,11406"
"40,98800";"12,67681";"0,11318"
"40,99800";"12,66169";"0,10641"
"41,00800";"12,64682";"0,10336"
"41,01800";"12,63171";"0,11163"
"41,02800";"12,61672";"0,12680"
"41,03800";"12,60184";"0,14171"
"41,04800";"12,58697";"0,13904"
"41,05800";"12,57197";"0,13388"
"41,06800";"12,55698";"0,13091"
"41,07800";"12,54187";"0,12962"
"41,08800";"12,52699";"0,13557"
"41,09800";"12,51200";"0,14205"
"41,10800";"12,49689";"0,14223"
"41,11800";"12,48190";"0,14912"
"41,12800";"12,46690";"0,15153"
"41,13800";"12,45179";"0,15032"
"41,14800";"12,43680";"0,14531"
"41,15800";"12,42180";"0,14219"
"41,16800";"12,40681";"0,14715"
"41,17800";"12,39206";"0,14752"
"41,18800";"12,37706";"0,14211"
"41,19800";"12,36207";"0,14707"
"41,20800";"12,34708";"0,14653"
"41,21800";"12,33208";"0,15034"
"41,22800";"12,31697";"0,15340"
"41,23800";"12,30186";"0,14970"
"41,24800";"12,28687";"0,14324"
"41,25800";"12,27199";"0,14606"
"41,26800";"12,25712";"0,15158"
"41,27800";"12,24212";"0,14839"
"41,28800";"12,22701";"0,13299"
"41,29800";"12,21202";"0,12585"
"41,30800";"12,19691";"0,12249"
"41,31800";"12,18180";"0,12803"
"41,32800";"12,16692";"0,13255"
"41,33800";"12,15205";"0,13108"
"41,34800";"12,13706";"0,13045"
"41,35800";"12,12206";"0,12660"
"41,36800";"12,10707";"0,12586"
"41,37800";"12,09219";"0,12691"
"41,38800";"12,07720";"0,12635"
"41,39800";"12,06221";"0,12662"
"41,40800";"12,04722";"0,13315"
"41,41800";"12,03222";"0,13774"
"41,42800";"12,01735";"0,13671"
"41,43800";"12,00224";"0,14204"
"41,44800";"11,98701";"0,14189"
"41,45800";"11,97190";"0,13739"
"41,46800";"11,95690";"0,13631"
"41,47800";"11,94179";"0,14293"
"41,48800";"11,92692";"0,14254"
"41,49800";"11,91204";"0,13905"
"41,50800";"11,89705";"0,13759"
"41,51800";"11,88206";"0,13721"
"41,52800";"11,86683";"0,13489"
"41,53800";"11,85183";"0,13152"
"41,54800";"11,83684";"0,13353"
"41,55800";"11,82185";"0,13450"
"41,56800";"11,80685";"0,14088"
"41,57800";"11,79198";"0,14120"
"41,58800";"11,77710";"0,13295"
"41,59800";"11,76211";"0,13402"
"41,60800";"11,74688";"0,13788"
"41,61800";"11,73189";"0,14400"
"41,62800";"11,71690";"0,14389"
"41,63800";"11,70202";"0,14169"
"41,64800";"11,68691";"0,13924"
"41,65800";"11,67192";"0,14061"
"41,66800";"11,65693";"0,13919"
"41,67800";"11,64193";"0,13487"
"41,68800";"11,62694";"0,13995"
"41,69800";"11,61195";"0,13443"
"41,70800";"11,59683";"0,12728"
"41,71800";"11,58196";"0,13488"
"41,72800";"11,56697";"0,15161"
"41,73800";"11,55197";"0,15514"
"41,74800";"11,53698";"0,15738"
"41,75800";"11,52199";"0,15820"
"41,76800";"11,50699";"0,16281"
"41,77800";"11,49188";"0,16737"
"41,78800";"11,47689";"0,16315"
"41,79800";"11,46201";"0,16177"
"41,80800";"11,44714";"0,15736"
"41,81800";"11,43215";"0,15338"
"41,82800";"11,41704";"0,15237"
"41,83800";"11,40204";"0,14888"
"41,84800";"11,38705";"0,14833"
"41,85800";"11,37194";"0,14310"
"41,86800";"11,35683";"0,13778"
"41,87800";"11,34183";"0,14568"
"41,88800";"11,32684";"0,15618"
"41,89800";"11,31196";"0,16255"
"41,90800";"11,29685";"0,15452"
"41,91800";"11,28198";"0,14774"
"41,92800";"11,26710";"0,15388"
"41,93800";"11,25211";"0,15990"
"41,94800";"11,23700";"0,15575"
"41,95800";"11,22201";"0,15414"
"41,96800";"11,20713";"0,16005"
"41,97800";"11,19202";"0,16273"
"41,98800";"11,17691";"0,15730"
"41,99800";"11,16192";"0,15325"
"42,00800";"11,14704";"0,15084"
"42,01800";"11,13205";"0,14972"
"42,02800";"11,11682";"0,15598"
"42,03800";"11,10194";"0,14915"
"42,04800";"11,08707";"0,14494"
"42,05800";"11,07219";"0,14648"
"42,06800";"11,05696";"0,14082"
"42,07800";"11,04185";"0,13957"
"42,08800";"11,02686";"0,13832"
"42,09800";"11,01187";"0,13964"
"42,10800";"10,99676";"0,14154"
"42,11800";"10,98188";"0,13841"
"42,12800";"10,96701";"0,14421"
"42,13800";"10,95225";"0,14456"
"42,14800";"10,93702";"0,14175"
"42,15800";"10,92191";"0,12848"
"42,16800";"10,90692";"0,12316"
"42,17800";"10,89192";"0,11960"
"42,18800";"10,87681";"0,13157"
"42,19800";"10,86182";"0,13860"
"42,20800";"10,84694";"0,13953"
"42,21800";"10,83207";"0,14455"
"42,22800";"10,81696";"0,14143"
"42,23800";"10,80185";"0,13647"
"42,24800";"10,78686";"0,13262"
"42,25800";"10,77186";"0,12761"
"42,26800";"10,75687";"0,13325"
"42,27800";"10,74188";"0,13470"
"42,28800";"10,72700";"0,12860"
"42,29800";"10,71213";"0,12618"
"42,30800";"10,69725";"0,13654"
"42,31800";"10,68226";"0,14182"
"42,32800";"10,66715";"0,14296"
"42,33800";"10,65227";"0,14679"
"42,34800";"10,63728";"0,15680"
"42,35800";"10,62217";"0,15522"
"42,36800";"10,60717";"0,14027"
"42,37800";"10,59230";"0,12697"
"42,38800";"10,57731";"0,12371"
"42,39800";"10,56219";"0,12474"
"42,40800";"10,54708";"0,12560"
"42,41800";"10,53209";"0,11850"
"42,42800";"10,51722";"0,11823"
"42,43800";"10,50234";"0,12030"
"42,44800";"10,48735";"0,11994"
"42,45800";"10,47235";"0,12537"
"42,46800";"10,45736";"0,13381"
"42,47800";"10,44225";"0,14263"
"42,48800";"10,42714";"0,14472"
"42,49800";"10,41203";"0,13714"
"42,50800";"10,39715";"0,13238"
"42,51800";"10,38216";"0,13610"
"42,52800";"10,36717";"0,14683"
"42,53800";"10,35217";"0,14922"
"42,54800";"10,33706";"0,14592"
"42,55800";"10,32207";"0,14402"
"42,56800";"10,30696";"0,14053"
"42,57800";"10,29185";"0,13509"
"42,58800";"10,27697";"0,12932"
"42,59800";"10,26210";"0,12523"
"42,60800";"10,24699";"0,11814"
"42,61800";"10,23199";"0,11352"
"42,62800";"10,21712";"0,11156"
"42,63800";"10,20213";"0,11431"
"42,64800";"10,18713";"0,11821"
"42,65800";"10,17190";"0,11593"
"42,66800";"10,15703";"0,12072"
"42,67800";"10,14204";"0,12156"
"42,68800";"10,12692";"0,12053"
"42,69800";"10,11181";"0,12095"
"42,70800";"10,09670";"0,12177"
"42,71800";"10,08183";"0,11337"
"42,72800";"10,06671";"0,10963"
"42,73800";"10,05160";"0,11095"
"42,74800";"10,03673";"0,11208"
"42,75800";"10,02197";"0,11638"
"42,76800";"10,00698";"0,12328"
"42,77800";"9,99187";"0,12082"
"42,78800";"9,97688";"0,11870"
"42,79800";"9,96200";"0,11953"
"42,80800";"9,94689";"0,12967"
"42,81800";"9,93190";"0,12884"
"42,82800";"9,91690";"0,12254"
"42,83800";"9,90215";"0,11906"
"42,84800";"9,88715";"0,11490"
"42,85800";"9,87204";"0,11446"
"42,86800";"9,85693";"0,11267"
"42,87800";"9,84194";"0,12069"
"42,88800";"9,82683";"0,12549"
"42,89800";"9,81172";"0,11958"
"42,90800";"9,79672";"0,12118"
"42,91800";"9,78197";"0,13189"
"42,92800";"9,76709";"0,14532"
"42,93800";"9,75198";"0,14837"
"42,94800";"9,73699";"0,14336"
"42,95800";"9,72211";"0,13705"
"42,96800";"9,70724";"0,13106"
"42,97800";"9,69213";"0,12820"
"42,98800";"9,67701";"0,12628"
"42,99800";"9,66214";"0,12395"
"43,00800";"9,64726";"0,11955"
"43,01800";"9,63215";"0,12879"
"43,02800";"9,61704";"0,13471"
"43,03800";"9,60205";"0,13824"
"43,04800";"9,58717";"0,13686"
"43,05800";"9,57218";"0,13145"
"43,06800";"9,55707";"0,12632"
"43,07800";"9,54220";"0,12754"
"43,08800";"9,52732";"0,12956"
"43,09800";"9,51221";"0,13716"
"43,10800";"9,49710";"0,13941"
"43,11800";"9,48199";"0,13880"
"43,12800";"9,46711";"0,14082"
"43,13800";"9,45212";"0,14499"
"43,14800";"9,43713";"0,14877"
"43,15800";"9,42213";"0,14869"
"43,16800";"9,40726";"0,15376"
"43,17800";"9,39215";"0,15914"
"43,18800";"9,37704";"0,16340"
"43,19800";"9,36192";"0,16191"
"43,20800";"9,34693";"0,15319"
"43,21800";"9,33206";"0,15462"
"43,22800";"9,31694";"0,15211"
"43,23800";"9,30195";"0,14563"
"43,24800";"9,28708";"0,14073"
"43,25800";"9,27220";"0,14318"
"43,26800";"9,25709";"0,15032"
"43,27800";"9,24198";"0,15406"
"43,28800";"9,22699";"0,14873"
"43,29800";"9,21211";"0,14884"
"43,30800";"9,19700";"0,14542"
"43,31800";"9,18189";"0,13922"
"43,32800";"9,16690";"0,13334"
"43,33800";"9,15202";"0,12645"
"43,34800";"9,13703";"0,12999"
"43,35800";"9,12192";"0,12882"
"43,36800";"9,10692";"0,13424"
"43,37800";"9,09217";"0,14397"
"43,38800";"9,07717";"0,15354"
"43,39800";"9,06206";"0,15383"
"43,40800";"9,04695";"0,15348"
"43,41800";"9,03196";"0,14843"
"43,42800";"9,01708";"0,14734"
"43,43800";"9,00185";"0,14530"
"43,44800";"8,98674";"0,14334"
"43,45800";"8,97187";"0,14661"
"43,46800";"8,95699";"0,15522"
"43,47800";"8,94200";"0,16240"
"43,48800";"8,92677";"0,16455"
"43,49800";"8,91190";"0,16186"
"43,50800";"8,89690";"0,16108"
"43,51800";"8,88179";"0,16148"
"43,52800";"8,86680";"0,15528"
"43,53800";"8,85192";"0,14725"
"43,54800";"8,83717";"0,14415"
"43,55800";"8,82217";"0,14852"
"43,56800";"8,80706";"0,15273"
"43,57800";"8,79207";"0,15691"
"43,58800";"8,77708";"0,16199"
"43,59800";"8,76208";"0,16715"
"43,60800";"8,74697";"0,17212"
"43,61800";"8,73210";"0,17261"
"43,62800";"8,71722";"0,16932"
"43,63800";"8,70235";"0,17126"
"43,64800";"8,68724";"0,17319"
"43,65800";"8,67213";"0,17534"
"43,66800";"8,65713";"0,17737"
"43,67800";"8,64214";"0,17913"
"43,68800";"8,62703";"0,17309"
"43,69800";"8,61203";"0,16163"
"43,70800";"8,59728";"0,15779"
"43,71800";"8,58228";"0,16479"
"43,72800";"8,56717";"0,16468"
"43,73800";"8,55206";"0,16490"
"43,74800";"8,53707";"0,16928"
"43,75800";"8,52196";"0,16998"
"43,76800";"8,50685";"0,16974"
"43,77800";"8,49185";"0,16713"
"43,78800";"8,47698";"0,15916"
"43,79800";"8,46199";"0,15785"
"43,80800";"8,44687";"0,16244"
"43,81800";"8,43176";"0,17309"
"43,82800";"8,41665";"0,18239"
"43,83800";"8,40178";"0,19184"
"43,84800";"8,38679";"0,18850"
"43,85800";"8,37179";"0,17889"
"43,86800";"8,35680";"0,17180"
"43,87800";"8,34192";"0,17187"
"43,88800";"8,32705";"0,17456"
"43,89800";"8,31194";"0,17448"
"43,90800";"8,29683";"0,17677"
"43,91800";"8,28183";"0,17195"
"43,92800";"8,26696";"0,16941"
"43,93800";"8,25185";"0,16971"
"43,94800";"8,23685";"0,17653"
"43,95800";"8,22198";"0,17856"
"43,96800";"8,20699";"0,17943"
"43,97800";"8,19188";"0,18430"
"43,98800";"8,17676";"0,18522"
"43,99800";"8,16189";"0,18789"
"44,00800";"8,14701";"0,18456"
"44,01800";"8,13202";"0,18570"
"44,02800";"8,11691";"0,18362"
"44,03800";"8,10192";"0,17431"
"44,04800";"8,08692";"0,16657"
"44,05800";"8,07193";"0,16212"
"44,06800";"8,05670";"0,16114"
"44,07800";"8,04171";"0,16372"
"44,08800";"8,02695";"0,15820"
"44,09800";"8,01208";"0,16616"
"44,10800";"7,99708";"0,17804"
"44,11800";"7,98197";"0,18221"
"44,12800";"7,96698";"0,18009"
"44,13800";"7,95199";"0,18174"
"44,14800";"7,93688";"0,18663"
"44,15800";"7,92188";"0,18123"
"44,16800";"7,90712";"0,17074"
"44,17800";"7,89225";"0,17063"
"44,18800";"7,87714";"0,17314"
"44,19800";"7,86203";"0,17010"
"44,20800";"7,84704";"0,17481"
"44,21800";"7,83204";"0,17586"
"44,22800";"7,81693";"0,17773"
"44,23800";"7,80194";"0,17800"
"44,24800";"7,78694";"0,17271"
"44,25800";"7,77219";"0,17183"
"44,26800";"7,75719";"0,16551"
"44,27800";"7,74208";"0,15667"
"44,28800";"7,72697";"0,15456"
"44,29800";"7,71210";"0,15406"
"44,30800";"7,69699";"0,15507"
"44,31800";"7,68199";"0,16563"
"44,32800";"7,66700";"0,17133"
"44,33800";"7,65212";"0,17190"
"44,34800";"7,63725";"0,17247"
"44,35800";"7,62202";"0,16806"
"44,36800";"7,60703";"0,16509"
"44,37800";"7,59192";"0,16290"
"44,38800";"7,57692";"0,16412"
"44,39800";"7,56181";"0,16576"
"44,40800";"7,54682";"0,16679"
"44,41800";"7,53194";"0,16675"
"44,42800";"7,51695";"0,16392"
"44,43800";"7,50184";"0,16795"
"44,44800";"7,48673";"0,16108"
"44,45800";"7,47185";"0,14783"
"44,46800";"7,45674";"0,14460"
"44,47800";"7,44187";"0,14870"
"44,48800";"7,42687";"0,15525"
"44,49800";"7,41188";"0,16575"
"44,50800";"7,39701";"0,17448"
"44,51800";"7,38190";"0,17874"
"44,52800";"7,36690";"0,17476"
"44,53800";"7,35191";"0,17238"
"44,54800";"7,33692";"0,16699"
"44,55800";"7,32181";"0,16800"
"44,56800";"7,30693";"0,16879"
"44,57800";"7,29194";"0,17166"
"44,58800";"7,27694";"0,16977"
"44,59800";"7,26195";"0,16968"
"44,60800";"7,24684";"0,16954"
"44,61800";"7,23173";"0,17322"
"44,62800";"7,21685";"0,17943"
"44,63800";"7,20186";"0,18487"
"44,64800";"7,18687";"0,18293"
"44,65800";"7,17199";"0,17930"
"44,66800";"7,15700";"0,17208"
"44,67800";"7,14201";"0,16677"
"44,68800";"7,12690";"0,16452"
"44,69800";"7,11190";"0,15662"
"44,70800";"7,09691";"0,15550"
"44,71800";"7,08204";"0,15577"
"44,72800";"7,06692";"0,16006"
"44,73800";"7,05193";"0,16677"
"44,74800";"7,03694";"0,17163"
"44,75800";"7,02194";"0,17728"
"44,76800";"7,00695";"0,18121"
"44,77800";"6,99184";"0,18509"
"44,78800";"6,97685";"0,18922"
"44,79800";"6,96209";"0,19162"
"44,80800";"6,94722";"0,19360"
"44,81800";"6,93222";"0,18224"
"44,82800";"6,91723";"0,17055"
"44,83800";"6,90224";"0,16252"
"44,84800";"6,88724";"0,15538"
"44,85800";"6,87201";"0,15561"
"44,86800";"6,85702";"0,16476"
"44,87800";"6,84203";"0,17530"
"44,88800";"6,82703";"0,17788"
"44,89800";"6,81204";"0,17691"
"44,90800";"6,79705";"0,17326"
"44,91800";"6,78206";"0,17405"
"44,92800";"6,76706";"0,17889"
"44,93800";"6,75183";"0,17833"
"44,94800";"6,73684";"0,17372"
"44,95800";"6,72208";"0,17109"
"44,96800";"6,70721";"0,17121"
"44,97800";"6,69221";"0,17823"
"44,98800";"6,67699";"0,18098"
"44,99800";"6,66188";"0,17498"
"45,00800";"6,64688";"0,17622"
"45,01800";"6,63177";"0,17920"
"45,02800";"6,61678";"0,18004"
"45,03800";"6,60178";"0,18520"
"45,04800";"6,58715";"0,18976"
"45,05800";"6,57215";"0,19279"
"45,06800";"6,55692";"0,19462"
"45,07800";"6,54193";"0,19269"
"45,08800";"6,52694";"0,18514"
"45,09800";"6,51183";"0,18033"
"45,10800";"6,49683";"0,18274"
"45,11800";"6,48184";"0,18259"
"45,12800";"6,46696";"0,18663"
"45,13800";"6,45209";"0,18704"
"45,14800";"6,43710";"0,18329"
"45,15800";"6,42210";"0,18459"
"45,16800";"6,40711";"0,19092"
"45,17800";"6,39212";"0,19884"
"45,18800";"6,37712";"0,19693"
"45,19800";"6,36213";"0,18702"
"45,20800";"6,34714";"0,18004"
"45,21800";"6,33215";"0,18684"
"45,22800";"6,31715";"0,19435"
"45,23800";"6,30204";"0,19028"
"45,24800";"6,28717";"0,18285"
"45,25800";"6,27217";"0,17944"
"45,26800";"6,25706";"0,18080"
"45,27800";"6,24195";"0,18097"
"45,28800";"6,22696";"0,18281"
"45,29800";"6,21197";"0,18313"
"45,30800";"6,19685";"0,18467"
"45,31800";"6,18174";"0,18451"
"45,32800";"6,16663";"0,18154"
"45,33800";"6,15176";"0,17590"
"45,34800";"6,13688";"0,17418"
"45,35800";"6,12189";"0,17729"
"45,36800";"6,10690";"0,17725"
"45,37800";"6,09202";"0,17765"
"45,38800";"6,07703";"0,18157"
"45,39800";"6,06192";"0,18727"
"45,40800";"6,04681";"0,18960"
"45,41800";"6,03193";"0,19073"
"45,42800";"6,01706";"0,19346"
"45,43800";"6,00206";"0,19618"
"45,44800";"5,98695";"0,19747"
"45,45800";"5,97196";"0,20142"
"45,46800";"5,95697";"0,20638"
"45,47800";"5,94197";"0,20612"
"45,48800";"5,92674";"0,20014"
"45,49800";"5,91187";"0,18701"
"45,50800";"5,89711";"0,17749"
"45,51800";"5,88224";"0,17851"
"45,52800";"5,86713";"0,17628"
"45,53800";"5,85213";"0,17004"
"45,54800";"5,83714";"0,16960"
"45,55800";"5,82203";"0,17434"
"45,56800";"5,80692";"0,17979"
"45,57800";"5,79192";"0,18032"
"45,58800";"5,77717";"0,18338"
"45,59800";"5,76229";"0,18460"
"45,60800";"5,74718";"0,19114"
"45,61800";"5,73207";"0,19007"
"45,62800";"5,71719";"0,18639"
"45,63800";"5,70220";"0,18426"
"45,64800";"5,68709";"0,18917"
"45,65800";"5,67198";"0,19080"
"45,66800";"5,65710";"0,19095"
"45,67800";"5,64223";"0,19667"
"45,68800";"5,62712";"0,20371"
"45,69800";"5,61189";"0,20047"
"45,70800";"5,59690";"0,18985"
"45,71800";"5,58190";"0,18277"
"45,72800";"5,56679";"0,18238"
"45,73800";"5,55180";"0,18466"
"45,74800";"5,53692";"0,18375"
"45,75800";"5,52205";"0,18038"
"45,76800";"5,50706";"0,17823"
"45,77800";"5,49206";"0,17993"
"45,78800";"5,47695";"0,18389"
"45,79800";"5,46208";"0,18707"
"45,80800";"5,44697";"0,19524"
"45,81800";"5,43197";"0,19980"
"45,82800";"5,41698";"0,19624"
"45,83800";"5,40210";"0,18172"
"45,84800";"5,38711";"0,17007"
"45,85800";"5,37200";"0,17062"
"45,86800";"5,35701";"0,17727"
"45,87800";"5,34201";"0,18336"
"45,88800";"5,32714";"0,19307"
"45,89800";"5,31215";"0,19990"
"45,90800";"5,29715";"0,20763"
"45,91800";"5,28228";"0,20296"
"45,92800";"5,26728";"0,19897"
"45,93800";"5,25217";"0,19969"
"45,94800";"5,23706";"0,19900"
"45,95800";"5,22195";"0,19987"
"45,96800";"5,20696";"0,20231"
"45,97800";"5,19197";"0,19835"
"45,98800";"5,17697";"0,19178"
"45,99800";"5,16210";"0,18981"
"46,00800";"5,14722";"0,18344"
"46,01800";"5,13211";"0,17880"
"46,02800";"5,11688";"0,17893"
"46,03800";"5,10189";"0,18080"
"46,04800";"5,08690";"0,18644"
"46,05800";"5,07202";"0,19324"
"46,06800";"5,05703";"0,19033"
"46,07800";"5,04204";"0,18502"
"46,08800";"5,02716";"0,18124"
"46,09800";"5,01217";"0,18342"
"46,10800";"4,99706";"0,18475"
"46,11800";"4,98183";"0,18274"
"46,12800";"4,96683";"0,18807"
"46,13800";"4,95184";"0,19472"
"46,14800";"4,93685";"0,20010"
"46,15800";"4,92174";"0,20000"
"46,16800";"4,90686";"0,20038"
"46,17800";"4,89187";"0,18822"
"46,18800";"4,87688";"0,18349"
"46,19800";"4,86176";"0,18861"
"46,20800";"4,84677";"0,18987"
"46,21800";"4,83201";"0,19255"
"46,22800";"4,81714";"0,19945"
"46,23800";"4,80203";"0,20186"
"46,24800";"4,78703";"0,20109"
"46,25800";"4,77216";"0,19824"
"46,26800";"4,75717";"0,20092"
"46,27800";"4,74194";"0,20473"
"46,28800";"4,72694";"0,20406"
"46,29800";"4,71219";"0,20178"
"46,30800";"4,69731";"0,20136"
"46,31800";"4,68220";"0,19859"
"46,32800";"4,66709";"0,19073"
"46,33800";"4,65210";"0,18969"
"46,34800";"4,63722";"0,19566"
"46,35800";"4,62199";"0,20211"
"46,36800";"4,60688";"0,20903"
"46,37800";"4,59201";"0,21111"
"46,38800";"4,57701";"0,20641"
"46,39800";"4,56202";"0,19079"
"46,40800";"4,54703";"0,18210"
"46,41800";"4,53215";"0,17960"
"46,42800";"4,51728";"0,18063"
"46,43800";"4,50217";"0,19004"
"46,44800";"4,48717";"0,20034"
"46,45800";"4,47230";"0,20974"
"46,46800";"4,45742";"0,20825"
"46,47800";"4,44243";"0,19969"
"46,48800";"4,42720";"0,19369"
"46,49800";"4,41221";"0,19448"
"46,50800";"4,39722";"0,19409"
"46,51800";"4,38210";"0,19587"
"46,52800";"4,36699";"0,19547"
"46,53800";"4,35212";"0,19328"
"46,54800";"4,33724";"0,19889"
"46,55800";"4,32225";"0,20219"
"46,56800";"4,30702";"0,19616"
"46,57800";"4,29203";"0,19056"
"46,58800";"4,27715";"0,19318"
"46,59800";"4,26216";"0,20018"
"46,60800";"4,24705";"0,20002"
"46,61800";"4,23217";"0,18881"
"46,62800";"4,21730";"0,18226"
"46,63800";"4,20242";"0,19464"
"46,64800";"4,18731";"0,20340"
"46,65800";"4,17197";"0,19658"
"46,66800";"4,15709";"0,18562"
"46,67800";"4,14222";"0,18527"
"46,68800";"4,12710";"0,19028"
"46,69800";"4,11199";"0,19326"
"46,70800";"4,09700";"0,20110"
"46,71800";"4,08213";"0,20277"
"46,72800";"4,06701";"0,20895"
"46,73800";"4,05178";"0,20938"
"46,74800";"4,03679";"0,21087"
"46,75800";"4,02192";"0,21052"
"46,76800";"4,00704";"0,20914"
"46,77800";"3,99193";"0,20957"
"46,78800";"3,97682";"0,20144"
"46,79800";"3,96194";"0,19514"
"46,80800";"3,94672";"0,19576"
"46,81800";"3,93160";"0,19831"
"46,82800";"3,91661";"0,19407"
"46,83800";"3,90185";"0,19119"
"46,84800";"3,88710";"0,19732"
"46,85800";"3,87199";"0,20548"
"46,86800";"3,85676";"0,20565"
"46,87800";"3,84176";"0,20871"
"46,88800";"3,82677";"0,20765"
"46,89800";"3,81154";"0,20542"
"46,90800";"3,79655";"0,20027"
"46,91800";"3,78167";"0,19772"
"46,92800";"3,76692";"0,20106"
"46,93800";"3,75192";"0,20566"
"46,94800";"3,73681";"0,20502"
"46,95800";"3,72182";"0,19919"
"46,96800";"3,70683";"0,19551"
"46,97800";"3,69160";"0,20048"
"46,98800";"3,67649";"0,19579"
"46,99800";"3,66161";"0,19073"
"47,00800";"3,64685";"0,18948"
"47,01800";"3,63186";"0,19440"
"47,02800";"3,61687";"0,20147"
"47,03800";"3,60187";"0,20656"
"47,04800";"3,58700";"0,20705"
"47,05800";"3,57201";"0,21356"
"47,06800";"3,55690";"0,21749"
"47,07800";"3,54202";"0,21008"
"47,08800";"3,52726";"0,21161"
"47,09800";"3,51239";"0,21198"
"47,10800";"3,49716";"0,20767"
"47,11800";"3,48193";"0,20107"
"47,12800";"3,46706";"0,19799"
"47,13800";"3,45206";"0,19699"
"47,14800";"3,43707";"0,19961"
"47,15800";"3,42219";"0,19913"
"47,16800";"3,40732";"0,19527"
"47,17800";"3,39244";"0,19429"
"47,18800";"3,37722";"0,19161"
"47,19800";"3,36199";"0,19567"
"47,20800";"3,34699";"0,20126"
"47,21800";"3,33200";"0,20603"
"47,22800";"3,31689";"0,20707"
"47,23800";"3,30190";"0,20323"
"47,24800";"3,28702";"0,19861"
"47,25800";"3,27215";"0,20285"
"47,26800";"3,25703";"0,21164"
"47,27800";"3,24192";"0,21961"
"47,28800";"3,22681";"0,21759"
"47,29800";"3,21194";"0,21689"
"47,30800";"3,19694";"0,21251"
"47,31800";"3,18195";"0,20841"
"47,32800";"3,16696";"0,20037"
"47,33800";"3,15197";"0,19702"
"47,34800";"3,13697";"0,18817"
"47,35800";"3,12174";"0,18776"
"47,36800";"3,10675";"0,19420"
"47,37800";"3,09187";"0,20151"
"47,38800";"3,07700";"0,20325"
"47,39800";"3,06201";"0,20136"
"47,40800";"3,04701";"0,19981"
"47,41800";"3,03214";"0,19928"
"47,42800";"3,01715";"0,20312"
"47,43800";"3,00192";"0,20012"
"47,44800";"2,98681";"0,20018"
"47,45800";"2,97193";"0,20297"
"47,46800";"2,95706";"0,20904"
"47,47800";"2,94218";"0,21327"
"47,48800";"2,92719";"0,21023"
"47,49800";"2,91219";"0,20236"
"47,50800";"2,89708";"0,20125"
"47,51800";"2,88197";"0,19996"
"47,52800";"2,86686";"0,20164"
"47,53800";"2,85187";"0,20028"
"47,54800";"2,83699";"0,19991"
"47,55800";"2,82200";"0,20296"
"47,56800";"2,80701";"0,20482"
"47,57800";"2,79201";"0,19781"
"47,58800";"2,77702";"0,19781"
"47,59800";"2,76191";"0,20286"
"47,60800";"2,74668";"0,20903"
"47,61800";"2,73169";"0,20680"
"47,62800";"2,71693";"0,20625"
"47,63800";"2,70206";"0,21055"
"47,64800";"2,68694";"0,21087"
"47,65800";"2,67195";"0,20182"
"47,66800";"2,65696";"0,19372"
"47,67800";"2,64197";"0,19246"
"47,68800";"2,62685";"0,19927"
"47,69800";"2,61174";"0,20568"
"47,70800";"2,59699";"0,20430"
"47,71800";"2,58211";"0,20721"
"47,72800";"2,56700";"0,20580"
"47,73800";"2,55201";"0,20125"
"47,74800";"2,53690";"0,19736"
"47,75800";"2,52190";"0,19172"
"47,76800";"2,50679";"0,19623"
"47,77800";"2,49180";"0,20633"
"47,78800";"2,47704";"0,21224"
"47,79800";"2,46217";"0,20847"
"47,80800";"2,44717";"0,20371"
"47,81800";"2,43206";"0,19786"
"47,82800";"2,41695";"0,19608"
"47,83800";"2,40184";"0,19695"
"47,84800";"2,38673";"0,19721"
"47,85800";"2,37162";"0,20235"
"47,86800";"2,35674";"0,20257"
"47,87800";"2,34199";"0,19694"
"47,88800";"2,32711";"0,19664"
"47,89800";"2,31200";"0,20046"
"47,90800";"2,29701";"0,20157"
"47,91800";"2,28201";"0,20151"
"47,92800";"2,26702";"0,19639"
"47,93800";"2,25203";"0,18873"
"47,94800";"2,23703";"0,17749"
"47,95800";"2,22216";"0,17509"
"47,96800";"2,20717";"0,17765"
"47,97800";"2,19217";"0,18480"
"47,98800";"2,17706";"0,18812"
"47,99800";"2,16207";"0,18539"
"48,00800";"2,14696";"0,18815"
"48,01800";"2,13197";"0,19451"
"48,02800";"2,11697";"0,19409"
"48,03800";"2,10198";"0,19555"
"48,04800";"2,08699";"0,19401"
"48,05800";"2,07188";"0,19425"
"48,06800";"2,05676";"0,18891"
"48,07800";"2,04177";"0,19205"
"48,08800";"2,02690";"0,19531"
"48,09800";"2,01190";"0,18932"
"48,10800";"1,99703";"0,18712"
"48,11800";"1,98203";"0,18469"
"48,12800";"1,96704";"0,17655"
"48,13800";"1,95205";"0,17295"
"48,14800";"1,93694";"0,17766"
"48,15800";"1,92194";"0,18423"
"48,16800";"1,90695";"0,19458"
"48,17800";"1,89196";"0,20153"
"48,18800";"1,87697";"0,20331"
"48,19800";"1,86197";"0,20648"
"48,20800";"1,84698";"0,19770"
"48,21800";"1,83199";"0,19693"
"48,22800";"1,81688";"0,19919"
"48,23800";"1,80188";"0,19612"
"48,24800";"1,78677";"0,19678"
"48,25800";"1,77201";"0,20363"
"48,26800";"1,75702";"0,20936"
"48,27800";"1,74203";"0,20744"
"48,28800";"1,72703";"0,20133"
"48,29800";"1,71204";"0,20154"
"48,30800";"1,69705";"0,19928"
"48,31800";"1,68194";"0,18943"
"48,32800";"1,66694";"0,18534"
"48,33800";"1,65207";"0,19062"
"48,34800";"1,63708";"0,19688"
"48,35800";"1,62208";"0,19557"
"48,36800";"1,60697";"0,19253"
"48,37800";"1,59198";"0,18988"
"48,38800";"1,57699";"0,18499"
"48,39800";"1,56199";"0,18550"
"48,40800";"1,54688";"0,18605"
"48,41800";"1,53201";"0,19042"
"48,42800";"1,51713";"0,19757"
"48,43800";"1,50202";"0,19908"
"48,44800";"1,48691";"0,19578"
"48,45800";"1,47192";"0,19354"
"48,46800";"1,45692";"0,19517"
"48,47800";"1,44193";"0,20042"
"48,48800";"1,42682";"0,20466"
"48,49800";"1,41194";"0,20375"
"48,50800";"1,39707";"0,20236"
"48,51800";"1,38208";"0,19721"
"48,52800";"1,36685";"0,19408"
"48,53800";"1,35185";"0,19418"
"48,54800";"1,33686";"0,19422"
"48,55800";"1,32175";"0,19690"
"48,56800";"1,30676";"0,19516"
"48,57800";"1,29188";"0,20060"
"48,58800";"1,27701";"0,19679"
"48,59800";"1,26201";"0,19271"
"48,60800";"1,24702";"0,18526"
"48,61800";"1,23203";"0,18367"
"48,62800";"1,21715";"0,18597"
"48,63800";"1,20216";"0,18876"
"48,64800";"1,18705";"0,18650"
"48,65800";"1,17206";"0,18976"
"48,66800";"1,15718";"0,19113"
"48,67800";"1,14219";"0,19728"
"48,68800";"1,12708";"0,20140"
"48,69800";"1,11185";"0,20246"
"48,70800";"1,09685";"0,20933"
"48,71800";"1,08198";"0,21589"
"48,72800";"1,06699";"0,21558"
"48,73800";"1,05211";"0,20598"
"48,74800";"1,03712";"0,19222"
"48,75800";"1,02213";"0,18821"
"48,76800";"1,00701";"0,19261"
"48,77800";"0,99190";"0,19038"
"48,78800";"0,97691";"0,18969"
"48,79800";"0,96192";"0,18799"
"48,80800";"0,94704";"0,18529"
"48,81800";"0,93193";"0,18352"
"48,82800";"0,91706";"0,18106"
"48,83800";"0,90206";"0,18513"
"48,84800";"0,88707";"0,19171"
"48,85800";"0,87196";"0,19246"
"48,86800";"0,85685";"0,19126"
"48,87800";"0,84185";"0,18828"
"48,88800";"0,82698";"0,19135"
"48,89800";"0,81199";"0,19251"
"48,90800";"0,79699";"0,19250"
"48,91800";"0,78212";"0,19468"
"48,92800";"0,76724";"0,19171"
"48,93800";"0,75225";"0,18935"
"48,94800";"0,73714";"0,18687"
"48,95800";"0,72215";"0,19132"
"48,96800";"0,70727";"0,19542"
"48,97800";"0,69228";"0,19647"
"48,98800";"0,67705";"0,19429"
"48,99800";"0,66206";"0,19118"
"49,00800";"0,64706";"0,19196"
"49,01800";"0,63207";"0,19240"
"49,02800";"0,61696";"0,19017"
"49,03800";"0,60197";"0,19361"
"49,04800";"0,58709";"0,19350"
"49,05800";"0,57210";"0,18841"
"49,06800";"0,55699";"0,18460"
"49,07800";"0,54188";"0,19078"
"49,08800";"0,52688";"0,19235"
"49,09800";"0,51189";"0,19336"
"49,10800";"0,49666";"0,19311"
"49,11800";"0,48167";"0,19008"
"49,12800";"0,46691";"0,19218"
"49,13800";"0,45203";"0,19422"
"49,14800";"0,43704";"0,19412"
"49,15800";"0,42193";"0,19459"
"49,16800";"0,40694";"0,19140"
"49,17800";"0,39194";"0,18358"
"49,18800";"0,37683";"0,18130"
"49,19800";"0,36172";"0,18443"
"49,20800";"0,34685";"0,18637"
"49,21800";"0,33209";"0,18600"
"49,22800";"0,31710";"0,18837"
"49,23800";"0,30199";"0,19095"
"49,24800";"0,28699";"0,19495"
"49,25800";"0,27212";"0,20149"
"49,26800";"0,25701";"0,19855"
"49,27800";"0,24201";"0,19337"
"49,28800";"0,22702";"0,18866"
"49,29800";"0,21215";"0,19716"
"49,30800";"0,19703";"0,20739"
"49,31800";"0,18192";"0,20765"
"49,32800";"0,16681";"0,19471"
"49,33800";"0,15182";"0,18327"
"49,34800";"0,13694";"0,17089"
"49,35800";"0,12195";"0,17410"
"49,36800";"0,10708";"0,17457"
"49,37800";"0,09220";"0,17553"
"49,38800";"0,07733";"0,17941"
"49,39800";"0,06222";"0,18411"
"49,40800";"0,04722";"0,17952"
"49,41800";"0,03211";"0,17982"
"49,42800";"0,01724";"0,18609"
"49,43800";"0,00224";"0,18775"
"49,44000";"-0,00071";"0,18737"
