Hardness 1 : Kraftbei  Hardness 1;"434,58066";N
A1 : A1;"1,23192";J
A2 : A2;"0,10257";J
Springiness : Springiness;"0,00066";m
Cohesiveness : Cohesiveness;"0,08326";
Chewiness : Chewiness;"0,02372";J

Zeit;Traversenweg;Kraft
(s);(mm);(N)
"0,00000";"0,00000";"0,23917"
"0,01000";"0,00083";"0,24214"
"0,02000";"0,00531";"0,24975"
"0,03000";"0,01558";"0,25966"
"0,04000";"0,03034";"0,27351"
"0,05000";"0,04793";"0,28180"
"0,06000";"0,06682";"0,27840"
"0,07000";"0,08594";"0,26367"
"0,08000";"0,10507";"0,25197"
"0,09000";"0,12360";"0,24436"
"0,10000";"0,14167";"0,22970"
"0,11000";"0,15902";"0,22239"
"0,12000";"0,17578";"0,22862"
"0,13000";"0,19231";"0,22615"
"0,14000";"0,20860";"0,21616"
"0,15000";"0,22454";"0,21500"
"0,16000";"0,24036";"0,22000"
"0,17000";"0,25594";"0,22419"
"0,18000";"0,27141";"0,23073"
"0,19000";"0,28664";"0,22944"
"0,20000";"0,30199";"0,23447"
"0,21000";"0,31733";"0,23111"
"0,22000";"0,33256";"0,22985"
"0,23000";"0,34767";"0,23651"
"0,24000";"0,36267";"0,24135"
"0,25000";"0,37766";"0,24369"
"0,26000";"0,39265";"0,24411"
"0,27000";"0,40765";"0,24973"
"0,28000";"0,42276";"0,25312"
"0,29000";"0,43787";"0,25382"
"0,30000";"0,45298";"0,25019"
"0,31000";"0,46809";"0,24991"
"0,32000";"0,48308";"0,24706"
"0,33000";"0,49808";"0,23912"
"0,34000";"0,51295";"0,23646"
"0,35000";"0,52794";"0,23996"
"0,36000";"0,54306";"0,23994"
"0,37000";"0,55817";"0,23776"
"0,38000";"0,57316";"0,23324"
"0,39000";"0,58815";"0,23309"
"0,40000";"0,60315";"0,23801"
"0,41000";"0,61814";"0,24320"
"0,42000";"0,63313";"0,24243"
"0,43000";"0,64812";"0,23470"
"0,44000";"0,66324";"0,23889"
"0,45000";"0,67823";"0,25381"
"0,46000";"0,69310";"0,25584"
"0,47000";"0,70798";"0,24951"
"0,48000";"0,72297";"0,24435"
"0,49000";"0,73808";"0,23391"
"0,50000";"0,75308";"0,22754"
"0,51000";"0,76807";"0,22560"
"0,52000";"0,78318";"0,22764"
"0,53000";"0,79817";"0,22660"
"0,54000";"0,81328";"0,22948"
"0,55000";"0,82816";"0,23438"
"0,56000";"0,84303";"0,23365"
"0,57000";"0,85803";"0,23862"
"0,58000";"0,87302";"0,23713"
"0,59000";"0,88801";"0,23509"
"0,60000";"0,90301";"0,23628"
"0,61000";"0,91800";"0,23918"
"0,62000";"0,93311";"0,24078"
"0,63000";"0,94810";"0,25075"
"0,64000";"0,96310";"0,25136"
"0,65000";"0,97809";"0,24772"
"0,66000";"0,99297";"0,23732"
"0,67000";"1,00796";"0,22883"
"0,68000";"1,02307";"0,22530"
"0,69000";"1,03806";"0,22023"
"0,70000";"1,05306";"0,22188"
"0,71000";"1,06817";"0,22620"
"0,72000";"1,08316";"0,22771"
"0,73000";"1,09803";"0,22592"
"0,74000";"1,11303";"0,22792"
"0,75000";"1,12802";"0,23225"
"0,76000";"1,14313";"0,23416"
"0,77000";"1,15813";"0,23406"
"0,78000";"1,17300";"0,23442"
"0,79000";"1,18799";"0,23394"
"0,80000";"1,20310";"0,23107"
"0,81000";"1,21810";"0,23125"
"0,82000";"1,23309";"0,22898"
"0,83000";"1,24808";"0,22125"
"0,84000";"1,26319";"0,22337"
"0,85000";"1,27819";"0,22881"
"0,86000";"1,29318";"0,23495"
"0,87000";"1,30806";"0,23845"
"0,88000";"1,32305";"0,23650"
"0,89000";"1,33792";"0,23495"
"0,90000";"1,35292";"0,23485"
"0,91000";"1,36791";"0,23675"
"0,92000";"1,38302";"0,23500"
"0,93000";"1,39813";"0,23897"
"0,94000";"1,41313";"0,24561"
"0,95000";"1,42812";"0,24675"
"0,96000";"1,44311";"0,24286"
"0,97000";"1,45799";"0,23386"
"0,98000";"1,47298";"0,22607"
"0,99000";"1,48797";"0,21875"
"1,00000";"1,50308";"0,22148"
"1,01000";"1,51808";"0,21751"
"1,02000";"1,53307";"0,21905"
"1,03000";"1,54806";"0,23018"
"1,04000";"1,56306";"0,23548"
"1,05000";"1,57793";"0,23574"
"1,06000";"1,59292";"0,22566"
"1,07000";"1,60803";"0,22559"
"1,08000";"1,62303";"0,22527"
"1,09000";"1,63802";"0,22691"
"1,10000";"1,65301";"0,23545"
"1,11000";"1,66801";"0,23868"
"1,12000";"1,68300";"0,23772"
"1,13000";"1,69799";"0,23859"
"1,14000";"1,71310";"0,24280"
"1,15000";"1,72810";"0,23929"
"1,16000";"1,74309";"0,23633"
"1,17000";"1,75808";"0,23513"
"1,18000";"1,77308";"0,23593"
"1,19000";"1,78795";"0,23578"
"1,20000";"1,80294";"0,23556"
"1,21000";"1,81794";"0,23381"
"1,22000";"1,83281";"0,23252"
"1,23000";"1,84792";"0,23147"
"1,24000";"1,86292";"0,23136"
"1,25000";"1,87803";"0,22464"
"1,26000";"1,89302";"0,22110"
"1,27000";"1,90801";"0,22846"
"1,28000";"1,92301";"0,23069"
"1,29000";"1,93788";"0,23678"
"1,30000";"1,95288";"0,24483"
"1,31000";"1,96787";"0,24721"
"1,32000";"1,98274";"0,23701"
"1,33000";"1,99774";"0,22950"
"1,34000";"2,01261";"0,22502"
"1,35000";"2,02760";"0,22637"
"1,36000";"2,04260";"0,23346"
"1,37000";"2,05771";"0,24302"
"1,38000";"2,07282";"0,24809"
"1,39000";"2,08793";"0,25416"
"1,40000";"2,10292";"0,25203"
"1,41000";"2,11803";"0,24072"
"1,42000";"2,13303";"0,22822"
"1,43000";"2,14802";"0,22725"
"1,44000";"2,16313";"0,23586"
"1,45000";"2,17824";"0,24375"
"1,46000";"2,19335";"0,24444"
"1,47000";"2,20847";"0,24771"
"1,48000";"2,22358";"0,25401"
"1,49000";"2,23845";"0,25320"
"1,50000";"2,25344";"0,25056"
"1,51000";"2,26832";"0,24164"
"1,52000";"2,28319";"0,23848"
"1,53000";"2,29819";"0,23599"
"1,54000";"2,31306";"0,23564"
"1,55000";"2,32806";"0,23748"
"1,56000";"2,34293";"0,24629"
"1,57000";"2,35792";"0,24720"
"1,58000";"2,37292";"0,23748"
"1,59000";"2,38791";"0,23190"
"1,60000";"2,40267";"0,23359"
"1,61000";"2,41754";"0,24259"
"1,62000";"2,43253";"0,24895"
"1,63000";"2,44765";"0,25493"
"1,64000";"2,46264";"0,25480"
"1,65000";"2,47763";"0,25093"
"1,66000";"2,49262";"0,24530"
"1,67000";"2,50762";"0,24236"
"1,68000";"2,52261";"0,24422"
"1,69000";"2,53760";"0,24075"
"1,70000";"2,55272";"0,23782"
"1,71000";"2,56783";"0,23538"
"1,72000";"2,58282";"0,23453"
"1,73000";"2,59781";"0,23335"
"1,74000";"2,61292";"0,23013"
"1,75000";"2,62803";"0,23089"
"1,76000";"2,64303";"0,23764"
"1,77000";"2,65814";"0,24011"
"1,78000";"2,67325";"0,23818"
"1,79000";"2,68824";"0,23458"
"1,80000";"2,70324";"0,23375"
"1,81000";"2,71823";"0,23229"
"1,82000";"2,73310";"0,23077"
"1,83000";"2,74810";"0,22825"
"1,84000";"2,76297";"0,22449"
"1,85000";"2,77785";"0,22637"
"1,86000";"2,79284";"0,23221"
"1,87000";"2,80795";"0,23135"
"1,88000";"2,82294";"0,23057"
"1,89000";"2,83782";"0,22823"
"1,90000";"2,85269";"0,22870"
"1,91000";"2,86757";"0,22673"
"1,92000";"2,88244";"0,23064"
"1,93000";"2,89732";"0,23676"
"1,94000";"2,91231";"0,24158"
"1,95000";"2,92754";"0,24640"
"1,96000";"2,94265";"0,24485"
"1,97000";"2,95776";"0,23587"
"1,98000";"2,97288";"0,22708"
"1,99000";"2,98799";"0,22293"
"2,00000";"3,00298";"0,22526"
"2,01000";"3,01797";"0,23128"
"2,02000";"3,03308";"0,24410"
"2,03000";"3,04808";"0,24573"
"2,04000";"3,06319";"0,24032"
"2,05000";"3,07830";"0,24037"
"2,06000";"3,09341";"0,24171"
"2,07000";"3,10852";"0,23831"
"2,08000";"3,12340";"0,23381"
"2,09000";"3,13839";"0,23515"
"2,10000";"3,15326";"0,23851"
"2,11000";"3,16826";"0,23866"
"2,12000";"3,18313";"0,24068"
"2,13000";"3,19824";"0,24442"
"2,14000";"3,21324";"0,24501"
"2,15000";"3,22811";"0,23617"
"2,16000";"3,24310";"0,23911"
"2,17000";"3,25810";"0,24004"
"2,18000";"3,27309";"0,23376"
"2,19000";"3,28808";"0,22763"
"2,20000";"3,30284";"0,22427"
"2,21000";"3,31772";"0,22504"
"2,22000";"3,33247";"0,22473"
"2,23000";"3,34735";"0,22472"
"2,24000";"3,36222";"0,22375"
"2,25000";"3,37733";"0,21828"
"2,26000";"3,39268";"0,21855"
"2,27000";"3,40803";"0,22189"
"2,28000";"3,42326";"0,23219"
"2,29000";"3,43837";"0,24261"
"2,30000";"3,45348";"0,24689"
"2,31000";"3,46835";"0,24449"
"2,32000";"3,48335";"0,24170"
"2,33000";"3,49834";"0,24174"
"2,34000";"3,51333";"0,23976"
"2,35000";"3,52833";"0,23102"
"2,36000";"3,54320";"0,22785"
"2,37000";"3,55819";"0,22342"
"2,38000";"3,57307";"0,22637"
"2,39000";"3,58794";"0,23129"
"2,40000";"3,60282";"0,23021"
"2,41000";"3,61793";"0,22527"
"2,42000";"3,63292";"0,21818"
"2,43000";"3,64803";"0,21853"
"2,44000";"3,66303";"0,22896"
"2,45000";"3,67802";"0,23542"
"2,46000";"3,69301";"0,22951"
"2,47000";"3,70789";"0,23381"
"2,48000";"3,72288";"0,24194"
"2,49000";"3,73787";"0,24832"
"2,50000";"3,75275";"0,24825"
"2,51000";"3,76774";"0,24077"
"2,52000";"3,78274";"0,23987"
"2,53000";"3,79761";"0,23192"
"2,54000";"3,81249";"0,22726"
"2,55000";"3,82748";"0,22836"
"2,56000";"3,84271";"0,23411"
"2,57000";"3,85782";"0,23605"
"2,58000";"3,87305";"0,23865"
"2,59000";"3,88816";"0,23833"
"2,60000";"3,90327";"0,23564"
"2,61000";"3,91838";"0,23652"
"2,62000";"3,93349";"0,24084"
"2,63000";"3,94849";"0,24118"
"2,64000";"3,96348";"0,24358"
"2,65000";"3,97847";"0,24275"
"2,66000";"3,99347";"0,24489"
"2,67000";"4,00846";"0,25355"
"2,68000";"4,02322";"0,25339"
"2,69000";"4,03809";"0,24696"
"2,70000";"4,05308";"0,23613"
"2,71000";"4,06808";"0,22880"
"2,72000";"4,08319";"0,22444"
"2,73000";"4,09818";"0,22828"
"2,74000";"4,11329";"0,23217"
"2,75000";"4,12828";"0,23235"
"2,76000";"4,14328";"0,23360"
"2,77000";"4,15827";"0,23215"
"2,78000";"4,17315";"0,22759"
"2,79000";"4,18790";"0,22574"
"2,80000";"4,20278";"0,23719"
"2,81000";"4,21777";"0,25235"
"2,82000";"4,23276";"0,26167"
"2,83000";"4,24764";"0,26508"
"2,84000";"4,26251";"0,26479"
"2,85000";"4,27751";"0,26347"
"2,86000";"4,29250";"0,25657"
"2,87000";"4,30749";"0,24378"
"2,88000";"4,32260";"0,23721"
"2,89000";"4,33783";"0,22950"
"2,90000";"4,35318";"0,22682"
"2,91000";"4,36841";"0,22795"
"2,92000";"4,38352";"0,22784"
"2,93000";"4,39851";"0,23095"
"2,94000";"4,41351";"0,23277"
"2,95000";"4,42850";"0,22318"
"2,96000";"4,44349";"0,21166"
"2,97000";"4,45849";"0,21471"
"2,98000";"4,47348";"0,22641"
"2,99000";"4,48835";"0,23681"
"3,00000";"4,50335";"0,24087"
"3,01000";"4,51822";"0,24360"
"3,02000";"4,53310";"0,24118"
"3,03000";"4,54809";"0,23760"
"3,04000";"4,56308";"0,23586"
"3,05000";"4,57808";"0,23984"
"3,06000";"4,59307";"0,24673"
"3,07000";"4,60783";"0,25400"
"3,08000";"4,62270";"0,25707"
"3,09000";"4,63746";"0,25328"
"3,10000";"4,65233";"0,24491"
"3,11000";"4,66733";"0,23886"
"3,12000";"4,68244";"0,23812"
"3,13000";"4,69755";"0,23801"
"3,14000";"4,71266";"0,23359"
"3,15000";"4,72777";"0,22704"
"3,16000";"4,74288";"0,23047"
"3,17000";"4,75787";"0,22973"
"3,18000";"4,77299";"0,22491"
"3,19000";"4,78798";"0,22346"
"3,20000";"4,80321";"0,22901"
"3,21000";"4,81832";"0,23540"
"3,22000";"4,83343";"0,24116"
"3,23000";"4,84842";"0,24543"
"3,24000";"4,86342";"0,24677"
"3,25000";"4,87829";"0,26176"
"3,26000";"4,89305";"0,27131"
"3,27000";"4,90804";"0,26521"
"3,28000";"4,92304";"0,25690"
"3,29000";"4,93815";"0,24655"
"3,30000";"4,95314";"0,24212"
"3,31000";"4,96813";"0,23553"
"3,32000";"4,98313";"0,23667"
"3,33000";"4,99812";"0,23916"
"3,34000";"5,01311";"0,24438"
"3,35000";"5,02799";"0,24614"
"3,36000";"5,04298";"0,23941"
"3,37000";"5,05797";"0,23350"
"3,38000";"5,07297";"0,22928"
"3,39000";"5,08796";"0,22764"
"3,40000";"5,10283";"0,22225"
"3,41000";"5,11783";"0,21453"
"3,42000";"5,13282";"0,21490"
"3,43000";"5,14793";"0,21691"
"3,44000";"5,16292";"0,22371"
"3,45000";"5,17803";"0,22963"
"3,46000";"5,19315";"0,24095"
"3,47000";"5,20814";"0,25275"
"3,48000";"5,22313";"0,25861"
"3,49000";"5,23813";"0,25643"
"3,50000";"5,25324";"0,25366"
"3,51000";"5,26823";"0,25336"
"3,52000";"5,28334";"0,25077"
"3,53000";"5,29833";"0,25630"
"3,54000";"5,31333";"0,26710"
"3,55000";"5,32832";"0,28110"
"3,56000";"5,34319";"0,31048"
"3,57000";"5,35807";"0,34839"
"3,58000";"5,37306";"0,38296"
"3,59000";"5,38806";"0,41542"
"3,60000";"5,40305";"0,44038"
"3,61000";"5,41804";"0,46504"
"3,62000";"5,43303";"0,50258"
"3,63000";"5,44803";"0,54465"
"3,64000";"5,46290";"0,59334"
"3,65000";"5,47778";"0,65155"
"3,66000";"5,49277";"0,70589"
"3,67000";"5,50776";"0,76169"
"3,68000";"5,52276";"0,82316"
"3,69000";"5,53775";"0,89093"
"3,70000";"5,55286";"0,95839"
"3,71000";"5,56785";"1,03111"
"3,72000";"5,58297";"1,10307"
"3,73000";"5,59784";"1,17413"
"3,74000";"5,61283";"1,25578"
"3,75000";"5,62794";"1,34432"
"3,76000";"5,64306";"1,43799"
"3,77000";"5,65805";"1,54137"
"3,78000";"5,67316";"1,64596"
"3,79000";"5,68827";"1,74601"
"3,80000";"5,70338";"1,84989"
"3,81000";"5,71826";"1,95041"
"3,82000";"5,73325";"2,05110"
"3,83000";"5,74836";"2,15480"
"3,84000";"5,76335";"2,26378"
"3,85000";"5,77823";"2,36808"
"3,86000";"5,79310";"2,47337"
"3,87000";"5,80810";"2,59110"
"3,88000";"5,82309";"2,71373"
"3,89000";"5,83797";"2,84401"
"3,90000";"5,85296";"2,97458"
"3,91000";"5,86795";"3,10901"
"3,92000";"5,88294";"3,23378"
"3,93000";"5,89794";"3,36077"
"3,94000";"5,91281";"3,49104"
"3,95000";"5,92781";"3,61599"
"3,96000";"5,94268";"3,73929"
"3,97000";"5,95767";"3,86618"
"3,98000";"5,97278";"4,00301"
"3,99000";"5,98790";"4,14875"
"4,00000";"6,00301";"4,29491"
"4,01000";"6,01812";"4,43516"
"4,02000";"6,03311";"4,57896"
"4,03000";"6,04822";"4,71855"
"4,04000";"6,06310";"4,86138"
"4,05000";"6,07809";"5,01453"
"4,06000";"6,09308";"5,17560"
"4,07000";"6,10808";"5,33451"
"4,08000";"6,12307";"5,48066"
"4,09000";"6,13806";"5,62228"
"4,10000";"6,15306";"5,77395"
"4,11000";"6,16805";"5,92997"
"4,12000";"6,18292";"6,08608"
"4,13000";"6,19792";"6,24001"
"4,14000";"6,21291";"6,39756"
"4,15000";"6,22802";"6,55372"
"4,16000";"6,24313";"6,70356"
"4,17000";"6,25812";"6,85618"
"4,18000";"6,27312";"7,00804"
"4,19000";"6,28811";"7,16576"
"4,20000";"6,30299";"7,32096"
"4,21000";"6,31798";"7,47372"
"4,22000";"6,33297";"7,62891"
"4,23000";"6,34796";"7,78609"
"4,24000";"6,36284";"7,94426"
"4,25000";"6,37772";"8,10004"
"4,26000";"6,39283";"8,24860"
"4,27000";"6,40782";"8,39106"
"4,28000";"6,42281";"8,53411"
"4,29000";"6,43792";"8,68017"
"4,30000";"6,45303";"8,82395"
"4,31000";"6,46803";"8,96720"
"4,32000";"6,48302";"9,11137"
"4,33000";"6,49801";"9,25881"
"4,34000";"6,51301";"9,40137"
"4,35000";"6,52800";"9,53811"
"4,36000";"6,54299";"9,66561"
"4,37000";"6,55787";"9,79410"
"4,38000";"6,57298";"9,92142"
"4,39000";"6,58797";"10,05605"
"4,40000";"6,60297";"10,19306"
"4,41000";"6,61784";"10,32105"
"4,42000";"6,63272";"10,45752"
"4,43000";"6,64771";"10,58829"
"4,44000";"6,66270";"10,72404"
"4,45000";"6,67769";"10,85361"
"4,46000";"6,69292";"10,98695"
"4,47000";"6,70803";"11,12261"
"4,48000";"6,72303";"11,25534"
"4,49000";"6,73802";"11,37933"
"4,50000";"6,75313";"11,50472"
"4,51000";"6,76801";"11,62839"
"4,52000";"6,78300";"11,74860"
"4,53000";"6,79799";"11,87819"
"4,54000";"6,81310";"12,00264"
"4,55000";"6,82810";"12,13357"
"4,56000";"6,84297";"12,26529"
"4,57000";"6,85796";"12,39511"
"4,58000";"6,87308";"12,51560"
"4,59000";"6,88795";"12,63415"
"4,60000";"6,90306";"12,74984"
"4,61000";"6,91806";"12,87038"
"4,62000";"6,93305";"12,99146"
"4,63000";"6,94804";"13,11532"
"4,64000";"6,96303";"13,24361"
"4,65000";"6,97803";"13,36406"
"4,66000";"6,99302";"13,47855"
"4,67000";"7,00790";"13,60216"
"4,68000";"7,02289";"13,73024"
"4,69000";"7,03788";"13,85273"
"4,70000";"7,05288";"13,97888"
"4,71000";"7,06787";"14,10266"
"4,72000";"7,08298";"14,21739"
"4,73000";"7,09797";"14,32299"
"4,74000";"7,11297";"14,43974"
"4,75000";"7,12784";"14,55578"
"4,76000";"7,14283";"14,67652"
"4,77000";"7,15783";"14,79940"
"4,78000";"7,17294";"14,91777"
"4,79000";"7,18793";"15,03393"
"4,80000";"7,20304";"15,15136"
"4,81000";"7,21803";"15,27112"
"4,82000";"7,23303";"15,39067"
"4,83000";"7,24802";"15,50832"
"4,84000";"7,26301";"15,62381"
"4,85000";"7,27801";"15,73703"
"4,86000";"7,29312";"15,85385"
"4,87000";"7,30811";"15,97050"
"4,88000";"7,32310";"16,08917"
"4,89000";"7,33810";"16,20916"
"4,90000";"7,35309";"16,33122"
"4,91000";"7,36808";"16,44747"
"4,92000";"7,38308";"16,56005"
"4,93000";"7,39807";"16,67695"
"4,94000";"7,41318";"16,79216"
"4,95000";"7,42817";"16,90850"
"4,96000";"7,44305";"17,02639"
"4,97000";"7,45804";"17,14705"
"4,98000";"7,47292";"17,26010"
"4,99000";"7,48791";"17,38180"
"5,00000";"7,50290";"17,49768"
"5,01000";"7,51790";"17,61152"
"5,02000";"7,53301";"17,73272"
"5,03000";"7,54800";"17,85482"
"5,04000";"7,56299";"17,97203"
"5,05000";"7,57799";"18,08464"
"5,06000";"7,59298";"18,20116"
"5,07000";"7,60785";"18,31947"
"5,08000";"7,62285";"18,43847"
"5,09000";"7,63796";"18,55010"
"5,10000";"7,65295";"18,66925"
"5,11000";"7,66806";"18,78866"
"5,12000";"7,68306";"18,90775"
"5,13000";"7,69793";"19,03368"
"5,14000";"7,71281";"19,15425"
"5,15000";"7,72780";"19,27351"
"5,16000";"7,74279";"19,39095"
"5,17000";"7,75778";"19,50787"
"5,18000";"7,77278";"19,62208"
"5,19000";"7,78777";"19,73523"
"5,20000";"7,80276";"19,84726"
"5,21000";"7,81776";"19,96953"
"5,22000";"7,83275";"20,09422"
"5,23000";"7,84774";"20,21490"
"5,24000";"7,86274";"20,32656"
"5,25000";"7,87785";"20,44993"
"5,26000";"7,89284";"20,57078"
"5,27000";"7,90783";"20,68865"
"5,28000";"7,92294";"20,81496"
"5,29000";"7,93794";"20,94236"
"5,30000";"7,95293";"21,06096"
"5,31000";"7,96792";"21,17822"
"5,32000";"7,98304";"21,29394"
"5,33000";"7,99803";"21,40921"
"5,34000";"8,01302";"21,52951"
"5,35000";"8,02813";"21,65825"
"5,36000";"8,04313";"21,78745"
"5,37000";"8,05812";"21,90636"
"5,38000";"8,07299";"22,02053"
"5,39000";"8,08799";"22,14317"
"5,40000";"8,10298";"22,26767"
"5,41000";"8,11797";"22,39257"
"5,42000";"8,13297";"22,51927"
"5,43000";"8,14796";"22,64157"
"5,44000";"8,16307";"22,76630"
"5,45000";"8,17806";"22,88971"
"5,46000";"8,19306";"23,00727"
"5,47000";"8,20805";"23,12756"
"5,48000";"8,22304";"23,25188"
"5,49000";"8,23803";"23,37612"
"5,50000";"8,25315";"23,50082"
"5,51000";"8,26814";"23,62160"
"5,52000";"8,28313";"23,74614"
"5,53000";"8,29813";"23,87395"
"5,54000";"8,31312";"24,00185"
"5,55000";"8,32811";"24,12738"
"5,56000";"8,34322";"24,25582"
"5,57000";"8,35822";"24,38140"
"5,58000";"8,37321";"24,51045"
"5,59000";"8,38808";"24,63687"
"5,60000";"8,40296";"24,75823"
"5,61000";"8,41795";"24,88498"
"5,62000";"8,43294";"25,01066"
"5,63000";"8,44794";"25,13813"
"5,64000";"8,46293";"25,27026"
"5,65000";"8,47804";"25,40753"
"5,66000";"8,49315";"25,53753"
"5,67000";"8,50826";"25,65579"
"5,68000";"8,52326";"25,77996"
"5,69000";"8,53813";"25,90773"
"5,70000";"8,55301";"26,04781"
"5,71000";"8,56812";"26,18796"
"5,72000";"8,58311";"26,32957"
"5,73000";"8,59810";"26,46199"
"5,74000";"8,61322";"26,59502"
"5,75000";"8,62821";"26,73037"
"5,76000";"8,64320";"26,86370"
"5,77000";"8,65808";"26,99712"
"5,78000";"8,67283";"27,12426"
"5,79000";"8,68795";"27,24790"
"5,80000";"8,70294";"27,37227"
"5,81000";"8,71793";"27,50721"
"5,82000";"8,73292";"27,64517"
"5,83000";"8,74792";"27,77893"
"5,84000";"8,76279";"27,91944"
"5,85000";"8,77779";"28,05347"
"5,86000";"8,79278";"28,18880"
"5,87000";"8,80777";"28,32235"
"5,88000";"8,82288";"28,45410"
"5,89000";"8,83799";"28,60179"
"5,90000";"8,85299";"28,75034"
"5,91000";"8,86798";"28,89705"
"5,92000";"8,88309";"29,04849"
"5,93000";"8,89797";"29,19522"
"5,94000";"8,91284";"29,33834"
"5,95000";"8,92795";"29,47200"
"5,96000";"8,94294";"29,61246"
"5,97000";"8,95794";"29,75734"
"5,98000";"8,97293";"29,90521"
"5,99000";"8,98780";"30,05107"
"6,00000";"9,00280";"30,19214"
"6,01000";"9,01779";"30,33625"
"6,02000";"9,03267";"30,48512"
"6,03000";"9,04778";"30,63531"
"6,04000";"9,06289";"30,77996"
"6,05000";"9,07800";"30,92702"
"6,06000";"9,09299";"31,07690"
"6,07000";"9,10799";"31,23256"
"6,08000";"9,12310";"31,38903"
"6,09000";"9,13797";"31,54515"
"6,10000";"9,15297";"31,69711"
"6,11000";"9,16796";"31,85240"
"6,12000";"9,18307";"32,00507"
"6,13000";"9,19818";"32,15364"
"6,14000";"9,21317";"32,30250"
"6,15000";"9,22817";"32,45780"
"6,16000";"9,24316";"32,61024"
"6,17000";"9,25815";"32,75634"
"6,18000";"9,27315";"32,90723"
"6,19000";"9,28814";"33,06953"
"6,20000";"9,30313";"33,22721"
"6,21000";"9,31813";"33,37588"
"6,22000";"9,33324";"33,52631"
"6,23000";"9,34811";"33,67067"
"6,24000";"9,36310";"33,82944"
"6,25000";"9,37810";"33,99744"
"6,26000";"9,39309";"34,16074"
"6,27000";"9,40808";"34,32335"
"6,28000";"9,42308";"34,49314"
"6,29000";"9,43819";"34,66351"
"6,30000";"9,45318";"34,83507"
"6,31000";"9,46817";"35,00707"
"6,32000";"9,48305";"35,17401"
"6,33000";"9,49804";"35,34021"
"6,34000";"9,51304";"35,50309"
"6,35000";"9,52803";"35,66214"
"6,36000";"9,54302";"35,82811"
"6,37000";"9,55801";"35,99384"
"6,38000";"9,57312";"36,17118"
"6,39000";"9,58800";"36,34892"
"6,40000";"9,60299";"36,51877"
"6,41000";"9,61787";"36,68922"
"6,42000";"9,63298";"36,86733"
"6,43000";"9,64797";"37,04857"
"6,44000";"9,66297";"37,22598"
"6,45000";"9,67796";"37,39658"
"6,46000";"9,69307";"37,56649"
"6,47000";"9,70806";"37,74697"
"6,48000";"9,72294";"37,92903"
"6,49000";"9,73805";"38,11026"
"6,50000";"9,75304";"38,29199"
"6,51000";"9,76815";"38,47868"
"6,52000";"9,78303";"38,66517"
"6,53000";"9,79790";"38,84333"
"6,54000";"9,81290";"39,01965"
"6,55000";"9,82789";"39,20568"
"6,56000";"9,84276";"39,40388"
"6,57000";"9,85776";"39,59553"
"6,58000";"9,87287";"39,78299"
"6,59000";"9,88798";"39,97041"
"6,60000";"9,90297";"40,15899"
"6,61000";"9,91796";"40,34747"
"6,62000";"9,93308";"40,53421"
"6,63000";"9,94807";"40,73201"
"6,64000";"9,96294";"40,93242"
"6,65000";"9,97794";"41,13217"
"6,66000";"9,99305";"41,32686"
"6,67000";"10,00816";"41,53012"
"6,68000";"10,02315";"41,73480"
"6,69000";"10,03815";"41,93473"
"6,70000";"10,05314";"42,13911"
"6,71000";"10,06813";"42,34168"
"6,72000";"10,08301";"42,54689"
"6,73000";"10,09800";"42,74223"
"6,74000";"10,11299";"42,93277"
"6,75000";"10,12799";"43,13227"
"6,76000";"10,14310";"43,33405"
"6,77000";"10,15809";"43,53899"
"6,78000";"10,17308";"43,74974"
"6,79000";"10,18820";"43,96740"
"6,80000";"10,20307";"44,18797"
"6,81000";"10,21818";"44,40966"
"6,82000";"10,23329";"44,63436"
"6,83000";"10,24840";"44,85605"
"6,84000";"10,26340";"45,07619"
"6,85000";"10,27839";"45,29308"
"6,86000";"10,29326";"45,51560"
"6,87000";"10,30826";"45,73820"
"6,88000";"10,32325";"45,95970"
"6,89000";"10,33813";"46,17731"
"6,90000";"10,35324";"46,39883"
"6,91000";"10,36823";"46,62471"
"6,92000";"10,38334";"46,84642"
"6,93000";"10,39833";"47,06948"
"6,94000";"10,41321";"47,30236"
"6,95000";"10,42808";"47,52685"
"6,96000";"10,44296";"47,74720"
"6,97000";"10,45807";"47,97104"
"6,98000";"10,47306";"48,20193"
"6,99000";"10,48817";"48,44111"
"7,00000";"10,50317";"48,68423"
"7,01000";"10,51828";"48,93196"
"7,02000";"10,53315";"49,18061"
"7,03000";"10,54803";"49,42845"
"7,04000";"10,56290";"49,67097"
"7,05000";"10,57790";"49,90861"
"7,06000";"10,59289";"50,15321"
"7,07000";"10,60788";"50,39248"
"7,08000";"10,62288";"50,63620"
"7,09000";"10,63787";"50,88533"
"7,10000";"10,65286";"51,13062"
"7,11000";"10,66785";"51,38135"
"7,12000";"10,68285";"51,63058"
"7,13000";"10,69784";"51,87966"
"7,14000";"10,71283";"52,13747"
"7,15000";"10,72783";"52,39725"
"7,16000";"10,74282";"52,66156"
"7,17000";"10,75781";"52,92729"
"7,18000";"10,77281";"53,20131"
"7,19000";"10,78780";"53,47124"
"7,20000";"10,80279";"53,73341"
"7,21000";"10,81779";"53,99493"
"7,22000";"10,83290";"54,26497"
"7,23000";"10,84801";"54,53674"
"7,24000";"10,86300";"54,81239"
"7,25000";"10,87799";"55,09090"
"7,26000";"10,89299";"55,37128"
"7,27000";"10,90786";"55,64332"
"7,28000";"10,92285";"55,92005"
"7,29000";"10,93797";"56,19184"
"7,30000";"10,95308";"56,47139"
"7,31000";"10,96807";"56,75464"
"7,32000";"10,98318";"57,04325"
"7,33000";"10,99817";"57,33890"
"7,34000";"11,01317";"57,64101"
"7,35000";"11,02792";"57,93392"
"7,36000";"11,04292";"58,22335"
"7,37000";"11,05803";"58,50603"
"7,38000";"11,07302";"58,79267"
"7,39000";"11,08801";"59,07758"
"7,40000";"11,10289";"59,36353"
"7,41000";"11,11788";"59,65727"
"7,42000";"11,13299";"59,95407"
"7,43000";"11,14799";"60,26063"
"7,44000";"11,16298";"60,57476"
"7,45000";"11,17809";"60,89108"
"7,46000";"11,19308";"61,21400"
"7,47000";"11,20808";"61,53384"
"7,48000";"11,22307";"61,84041"
"7,49000";"11,23794";"62,14551"
"7,50000";"11,25294";"62,45360"
"7,51000";"11,26805";"62,75845"
"7,52000";"11,28292";"63,06791"
"7,53000";"11,29803";"63,37432"
"7,54000";"11,31303";"63,69751"
"7,55000";"11,32802";"64,03342"
"7,56000";"11,34290";"64,36591"
"7,57000";"11,35789";"64,69700"
"7,58000";"11,37288";"65,02402"
"7,59000";"11,38788";"65,35264"
"7,60000";"11,40298";"65,68335"
"7,61000";"11,41798";"66,02475"
"7,62000";"11,43309";"66,36563"
"7,63000";"11,44820";"66,71117"
"7,64000";"11,46319";"67,05087"
"7,65000";"11,47807";"67,38942"
"7,66000";"11,49306";"67,72650"
"7,67000";"11,50794";"68,06430"
"7,68000";"11,52305";"68,40665"
"7,69000";"11,53804";"68,74969"
"7,70000";"11,55315";"69,10078"
"7,71000";"11,56815";"69,45983"
"7,72000";"11,58314";"69,82068"
"7,73000";"11,59813";"70,17904"
"7,74000";"11,61312";"70,54613"
"7,75000";"11,62800";"70,90426"
"7,76000";"11,64311";"71,25754"
"7,77000";"11,65810";"71,61783"
"7,78000";"11,67310";"71,98067"
"7,79000";"11,68797";"72,34074"
"7,80000";"11,70296";"72,70173"
"7,81000";"11,71796";"73,07467"
"7,82000";"11,73295";"73,45373"
"7,83000";"11,74794";"73,84114"
"7,84000";"11,76306";"74,22005"
"7,85000";"11,77817";"74,60207"
"7,86000";"11,79304";"74,97936"
"7,87000";"11,80803";"75,35466"
"7,88000";"11,82303";"75,73237"
"7,89000";"11,83802";"76,11457"
"7,90000";"11,85290";"76,50627"
"7,91000";"11,86777";"76,89916"
"7,92000";"11,88288";"77,29072"
"7,93000";"11,89787";"77,68347"
"7,94000";"11,91299";"78,08532"
"7,95000";"11,92798";"78,49723"
"7,96000";"11,94297";"78,91131"
"7,97000";"11,95797";"79,32375"
"7,98000";"11,97284";"79,72518"
"7,99000";"11,98783";"80,12177"
"8,00000";"12,00294";"80,51221"
"8,01000";"12,01806";"80,91663"
"8,02000";"12,03293";"81,33514"
"8,03000";"12,04792";"81,76160"
"8,04000";"12,06292";"82,18412"
"8,05000";"12,07803";"82,60633"
"8,06000";"12,09302";"83,02860"
"8,07000";"12,10790";"83,44333"
"8,08000";"12,12301";"83,85976"
"8,09000";"12,13800";"84,28838"
"8,10000";"12,15299";"84,71832"
"8,11000";"12,16787";"85,14864"
"8,12000";"12,18286";"85,57655"
"8,13000";"12,19774";"86,00674"
"8,14000";"12,21261";"86,43091"
"8,15000";"12,22760";"86,85581"
"8,16000";"12,24260";"87,29617"
"8,17000";"12,25771";"87,74172"
"8,18000";"12,27282";"88,18117"
"8,19000";"12,28793";"88,64108"
"8,20000";"12,30280";"89,10227"
"8,21000";"12,31780";"89,56512"
"8,22000";"12,33279";"90,02778"
"8,23000";"12,34778";"90,49174"
"8,24000";"12,36290";"90,95428"
"8,25000";"12,37801";"91,41115"
"8,26000";"12,39300";"91,86603"
"8,27000";"12,40799";"92,33008"
"8,28000";"12,42310";"92,80331"
"8,29000";"12,43810";"93,27466"
"8,30000";"12,45297";"93,74077"
"8,31000";"12,46797";"94,19021"
"8,32000";"12,48296";"94,64450"
"8,33000";"12,49795";"95,10851"
"8,34000";"12,51294";"95,57800"
"8,35000";"12,52794";"96,04641"
"8,36000";"12,54293";"96,52069"
"8,37000";"12,55781";"97,00810"
"8,38000";"12,57280";"97,49239"
"8,39000";"12,58779";"97,97430"
"8,40000";"12,60278";"98,45635"
"8,41000";"12,61790";"98,94527"
"8,42000";"12,63277";"99,43332"
"8,43000";"12,64776";"99,92746"
"8,44000";"12,66276";"100,42191"
"8,45000";"12,67775";"100,91698"
"8,46000";"12,69274";"101,41658"
"8,47000";"12,70797";"101,91740"
"8,48000";"12,72308";"102,43297"
"8,49000";"12,73819";"102,96085"
"8,50000";"12,75331";"103,48933"
"8,51000";"12,76830";"104,01879"
"8,52000";"12,78317";"104,53048"
"8,53000";"12,79817";"105,03626"
"8,54000";"12,81304";"105,52139"
"8,55000";"12,82815";"106,00300"
"8,56000";"12,84315";"106,49908"
"8,57000";"12,85802";"107,01147"
"8,58000";"12,87313";"107,52290"
"8,59000";"12,88813";"108,03410"
"8,60000";"12,90312";"108,55680"
"8,61000";"12,91787";"109,07153"
"8,62000";"12,93275";"109,57153"
"8,63000";"12,94786";"110,06403"
"8,64000";"12,96285";"110,57560"
"8,65000";"12,97773";"111,10403"
"8,66000";"12,99272";"111,63023"
"8,67000";"13,00783";"112,15291"
"8,68000";"13,02283";"112,68425"
"8,69000";"13,03782";"113,22470"
"8,70000";"13,05293";"113,77219"
"8,71000";"13,06804";"114,32539"
"8,72000";"13,08315";"114,88417"
"8,73000";"13,09814";"115,44264"
"8,74000";"13,11302";"115,98240"
"8,75000";"13,12801";"116,50714"
"8,76000";"13,14289";"117,02514"
"8,77000";"13,15788";"117,53820"
"8,78000";"13,17287";"118,05383"
"8,79000";"13,18787";"118,57870"
"8,80000";"13,20298";"119,12259"
"8,81000";"13,21809";"119,67760"
"8,82000";"13,23308";"120,23035"
"8,83000";"13,24808";"120,77534"
"8,84000";"13,26283";"121,31169"
"8,85000";"13,27783";"121,83022"
"8,86000";"13,29270";"122,33837"
"8,87000";"13,30781";"122,85424"
"8,88000";"13,32292";"123,40167"
"8,89000";"13,33792";"123,96126"
"8,90000";"13,35303";"124,50293"
"8,91000";"13,36790";"125,03747"
"8,92000";"13,38290";"125,56956"
"8,93000";"13,39777";"126,09137"
"8,94000";"13,41276";"126,59853"
"8,95000";"13,42787";"127,11047"
"8,96000";"13,44287";"127,63723"
"8,97000";"13,45786";"128,17253"
"8,98000";"13,47297";"128,70364"
"8,99000";"13,48796";"129,22990"
"9,00000";"13,50296";"129,75803"
"9,01000";"13,51807";"130,29004"
"9,02000";"13,53294";"130,81503"
"9,03000";"13,54806";"131,33296"
"9,04000";"13,56305";"131,85201"
"9,05000";"13,57804";"132,37376"
"9,06000";"13,59303";"132,88477"
"9,07000";"13,60803";"133,38168"
"9,08000";"13,62290";"133,86955"
"9,09000";"13,63790";"134,36037"
"9,10000";"13,65301";"134,85255"
"9,11000";"13,66800";"135,34546"
"9,12000";"13,68311";"135,84209"
"9,13000";"13,69810";"136,34372"
"9,14000";"13,71310";"136,83954"
"9,15000";"13,72809";"137,32458"
"9,16000";"13,74296";"137,78920"
"9,17000";"13,75796";"138,23091"
"9,18000";"13,77295";"138,66481"
"9,19000";"13,78806";"139,10687"
"9,20000";"13,80306";"139,55022"
"9,21000";"13,81817";"139,98857"
"9,22000";"13,83316";"140,41820"
"9,23000";"13,84815";"140,84065"
"9,24000";"13,86303";"141,24699"
"9,25000";"13,87814";"141,62990"
"9,26000";"13,89313";"142,00835"
"9,27000";"13,90801";"142,37404"
"9,28000";"13,92300";"142,71591"
"9,29000";"13,93811";"143,04861"
"9,30000";"13,95322";"143,39638"
"9,31000";"13,96810";"143,74594"
"9,32000";"13,98309";"144,07155"
"9,33000";"13,99808";"144,37225"
"9,34000";"14,01319";"144,66658"
"9,35000";"14,02819";"144,95241"
"9,36000";"14,04306";"145,21974"
"9,37000";"14,05805";"145,47003"
"9,38000";"14,07305";"145,69154"
"9,39000";"14,08792";"145,89844"
"9,40000";"14,10280";"146,07841"
"9,41000";"14,11791";"146,22914"
"9,42000";"14,13290";"146,37531"
"9,43000";"14,14790";"146,52014"
"9,44000";"14,16301";"146,64645"
"9,45000";"14,17800";"146,75392"
"9,46000";"14,19311";"146,83652"
"9,47000";"14,20799";"146,89618"
"9,48000";"14,22286";"146,91486"
"9,49000";"14,23797";"146,89207"
"9,50000";"14,25296";"146,86784"
"9,51000";"14,26796";"146,83661"
"9,52000";"14,28295";"146,79388"
"9,53000";"14,29806";"146,74205"
"9,54000";"14,31306";"146,67780"
"9,55000";"14,32805";"146,59079"
"9,56000";"14,34304";"146,45987"
"9,57000";"14,35803";"146,29666"
"9,58000";"14,37315";"146,12709"
"9,59000";"14,38814";"145,96103"
"9,60000";"14,40313";"145,77332"
"9,61000";"14,41813";"145,56516"
"9,62000";"14,43324";"145,34555"
"9,63000";"14,44811";"145,13116"
"9,64000";"14,46310";"144,88953"
"9,65000";"14,47810";"144,63638"
"9,66000";"14,49321";"144,39209"
"9,67000";"14,50820";"144,15434"
"9,68000";"14,52319";"143,89496"
"9,69000";"14,53807";"143,60144"
"9,70000";"14,55306";"143,30095"
"9,71000";"14,56806";"143,01216"
"9,72000";"14,58293";"142,72806"
"9,73000";"14,59804";"142,42543"
"9,74000";"14,61315";"142,12491"
"9,75000";"14,62815";"141,85709"
"9,76000";"14,64326";"141,58847"
"9,77000";"14,65825";"141,28635"
"9,78000";"14,67313";"140,96910"
"9,79000";"14,68800";"140,63208"
"9,80000";"14,70287";"140,27281"
"9,81000";"14,71799";"139,89027"
"9,82000";"14,73298";"139,51979"
"9,83000";"14,74821";"139,18231"
"9,84000";"14,76320";"138,85104"
"9,85000";"14,77820";"138,49045"
"9,86000";"14,79319";"138,09615"
"9,87000";"14,80818";"137,66248"
"9,88000";"14,82317";"137,20697"
"9,89000";"14,83817";"136,72337"
"9,90000";"14,85304";"136,24692"
"9,91000";"14,86804";"135,78038"
"9,92000";"14,88303";"135,33199"
"9,93000";"14,89790";"134,90480"
"9,94000";"14,91301";"134,49710"
"9,95000";"14,92801";"134,13148"
"9,96000";"14,94300";"133,79585"
"9,97000";"14,95811";"133,48354"
"9,98000";"14,97310";"133,16806"
"9,99000";"14,98822";"132,85107"
"10,00000";"15,00309";"132,54346"
"10,01000";"15,01820";"132,22067"
"10,02000";"15,03308";"131,88701"
"10,03000";"15,04795";"131,55681"
"10,04000";"15,06306";"131,25423"
"10,05000";"15,07817";"130,98961"
"10,06000";"15,09317";"130,74983"
"10,07000";"15,10816";"130,53429"
"10,08000";"15,12315";"130,33699"
"10,09000";"15,13803";"130,13832"
"10,10000";"15,15290";"129,93170"
"10,11000";"15,16778";"129,71587"
"10,12000";"15,18277";"129,51025"
"10,13000";"15,19776";"129,31921"
"10,14000";"15,21276";"129,14758"
"10,15000";"15,22775";"128,97232"
"10,16000";"15,24274";"128,79784"
"10,17000";"15,25774";"128,60454"
"10,18000";"15,27273";"128,37381"
"10,19000";"15,28772";"128,10962"
"10,20000";"15,30283";"127,85540"
"10,21000";"15,31806";"127,65446"
"10,22000";"15,33305";"127,49500"
"10,23000";"15,34817";"127,33724"
"10,24000";"15,36316";"127,17023"
"10,25000";"15,37815";"126,99405"
"10,26000";"15,39315";"126,83262"
"10,27000";"15,40814";"126,68682"
"10,28000";"15,42313";"126,57072"
"10,29000";"15,43824";"126,47110"
"10,30000";"15,45324";"126,38266"
"10,31000";"15,46823";"126,28490"
"10,32000";"15,48310";"126,16871"
"10,33000";"15,49810";"126,03107"
"10,34000";"15,51297";"125,89799"
"10,35000";"15,52797";"125,76706"
"10,36000";"15,54296";"125,64513"
"10,37000";"15,55795";"125,56219"
"10,38000";"15,57306";"125,48969"
"10,39000";"15,58794";"125,40006"
"10,40000";"15,60293";"125,29086"
"10,41000";"15,61792";"125,18989"
"10,42000";"15,63280";"125,09912"
"10,43000";"15,64779";"125,00461"
"10,44000";"15,66279";"124,91460"
"10,45000";"15,67790";"124,86174"
"10,46000";"15,69301";"124,83041"
"10,47000";"15,70800";"124,79330"
"10,48000";"15,72299";"124,75680"
"10,49000";"15,73811";"124,74179"
"10,50000";"15,75310";"124,74928"
"10,51000";"15,76809";"124,77268"
"10,52000";"15,78320";"124,81087"
"10,53000";"15,79808";"124,87512"
"10,54000";"15,81307";"124,93586"
"10,55000";"15,82806";"124,97742"
"10,56000";"15,84306";"125,01270"
"10,57000";"15,85817";"125,07104"
"10,58000";"15,87304";"125,14928"
"10,59000";"15,88815";"125,22259"
"10,60000";"15,90326";"125,28487"
"10,61000";"15,91826";"125,32739"
"10,62000";"15,93325";"125,35368"
"10,63000";"15,94813";"125,34327"
"10,64000";"15,96300";"125,27602"
"10,65000";"15,97788";"125,19144"
"10,66000";"15,99287";"125,13991"
"10,67000";"16,00786";"125,14091"
"10,68000";"16,02274";"125,15680"
"10,69000";"16,03761";"125,15025"
"10,70000";"16,05272";"125,17131"
"10,71000";"16,06771";"125,24006"
"10,72000";"16,08271";"125,34066"
"10,73000";"16,09770";"125,44724"
"10,74000";"16,11269";"125,56009"
"10,75000";"16,12781";"125,67630"
"10,76000";"16,14292";"125,81732"
"10,77000";"16,15803";"125,97016"
"10,78000";"16,17314";"126,12848"
"10,79000";"16,18825";"126,27164"
"10,80000";"16,20324";"126,39861"
"10,81000";"16,21824";"126,48024"
"10,82000";"16,23311";"126,53152"
"10,83000";"16,24811";"126,59069"
"10,84000";"16,26310";"126,68797"
"10,85000";"16,27809";"126,78979"
"10,86000";"16,29308";"126,88499"
"10,87000";"16,30820";"126,99953"
"10,88000";"16,32319";"127,11562"
"10,89000";"16,33818";"127,21170"
"10,90000";"16,35317";"127,28166"
"10,91000";"16,36817";"127,35122"
"10,92000";"16,38316";"127,43920"
"10,93000";"16,39815";"127,55946"
"10,94000";"16,41303";"127,71547"
"10,95000";"16,42790";"127,90328"
"10,96000";"16,44289";"128,13522"
"10,97000";"16,45777";"128,39783"
"10,98000";"16,47276";"128,67584"
"10,99000";"16,48788";"129,02892"
"11,00000";"16,50287";"129,47148"
"11,01000";"16,51798";"129,96053"
"11,02000";"16,53297";"130,46770"
"11,03000";"16,54797";"130,98648"
"11,04000";"16,56296";"131,49638"
"11,05000";"16,57784";"131,99605"
"11,06000";"16,59283";"132,50522"
"11,07000";"16,60782";"133,07405"
"11,08000";"16,62293";"133,68849"
"11,09000";"16,63804";"134,33939"
"11,10000";"16,65303";"135,01924"
"11,11000";"16,66814";"135,72177"
"11,12000";"16,68314";"136,44519"
"11,13000";"16,69801";"137,18004"
"11,14000";"16,71313";"137,87865"
"11,15000";"16,72812";"138,58270"
"11,16000";"16,74311";"139,31305"
"11,17000";"16,75799";"140,05673"
"11,18000";"16,77298";"140,81355"
"11,19000";"16,78797";"141,61382"
"11,20000";"16,80297";"142,46762"
"11,21000";"16,81796";"143,36066"
"11,22000";"16,83295";"144,30167"
"11,23000";"16,84806";"145,28717"
"11,24000";"16,86306";"146,33966"
"11,25000";"16,87805";"147,42700"
"11,26000";"16,89304";"148,54114"
"11,27000";"16,90792";"149,68564"
"11,28000";"16,92279";"150,89041"
"11,29000";"16,93778";"152,15117"
"11,30000";"16,95290";"153,46210"
"11,31000";"16,96789";"154,82977"
"11,32000";"16,98288";"156,23720"
"11,33000";"16,99788";"157,61765"
"11,34000";"17,01287";"158,96318"
"11,35000";"17,02798";"160,32930"
"11,36000";"17,04285";"161,74521"
"11,37000";"17,05773";"163,15335"
"11,38000";"17,07284";"164,57831"
"11,39000";"17,08783";"166,05658"
"11,40000";"17,10283";"167,56496"
"11,41000";"17,11782";"169,07903"
"11,42000";"17,13293";"170,57588"
"11,43000";"17,14792";"172,06503"
"11,44000";"17,16292";"173,56415"
"11,45000";"17,17779";"175,06989"
"11,46000";"17,19290";"176,55919"
"11,47000";"17,20801";"178,05597"
"11,48000";"17,22289";"179,56496"
"11,49000";"17,23788";"181,07658"
"11,50000";"17,25288";"182,59012"
"11,51000";"17,26787";"184,15651"
"11,52000";"17,28286";"185,80617"
"11,53000";"17,29774";"187,50307"
"11,54000";"17,31273";"189,20895"
"11,55000";"17,32760";"190,92038"
"11,56000";"17,34260";"192,63437"
"11,57000";"17,35747";"194,41681"
"11,58000";"17,37235";"196,21210"
"11,59000";"17,38734";"198,03281"
"11,60000";"17,40245";"199,93782"
"11,61000";"17,41745";"201,91481"
"11,62000";"17,43267";"203,94049"
"11,63000";"17,44790";"206,02003"
"11,64000";"17,46313";"208,15363"
"11,65000";"17,47824";"210,33221"
"11,66000";"17,49324";"212,45601"
"11,67000";"17,50823";"214,51564"
"11,68000";"17,52322";"216,54518"
"11,69000";"17,53798";"218,56737"
"11,70000";"17,55297";"220,65199"
"11,71000";"17,56797";"222,84729"
"11,72000";"17,58308";"225,15009"
"11,73000";"17,59795";"227,49716"
"11,74000";"17,61295";"229,82878"
"11,75000";"17,62794";"232,09926"
"11,76000";"17,64293";"234,36041"
"11,77000";"17,65792";"236,59833"
"11,78000";"17,67280";"238,85674"
"11,79000";"17,68779";"241,11075"
"11,80000";"17,70290";"243,38899"
"11,81000";"17,71789";"245,66313"
"11,82000";"17,73289";"247,95775"
"11,83000";"17,74776";"250,27521"
"11,84000";"17,76276";"252,56476"
"11,85000";"17,77775";"254,82784"
"11,86000";"17,79274";"257,15976"
"11,87000";"17,80774";"259,57449"
"11,88000";"17,82285";"262,03186"
"11,89000";"17,83772";"264,47311"
"11,90000";"17,85260";"266,88690"
"11,91000";"17,86759";"269,33466"
"11,92000";"17,88270";"271,89954"
"11,93000";"17,89793";"274,65131"
"11,94000";"17,91304";"277,56223"
"11,95000";"17,92827";"280,51776"
"11,96000";"17,94326";"283,42023"
"11,97000";"17,95826";"286,24057"
"11,98000";"17,97325";"289,06689"
"11,99000";"17,98812";"291,97849"
"12,00000";"18,00300";"294,93878"
"12,01000";"18,01811";"297,98148"
"12,02000";"18,03310";"301,16507"
"12,03000";"18,04810";"304,43896"
"12,04000";"18,06309";"307,71902"
"12,05000";"18,07808";"311,03360"
"12,06000";"18,09296";"314,38074"
"12,07000";"18,10783";"317,83093"
"12,08000";"18,12283";"321,38263"
"12,09000";"18,13782";"325,05862"
"12,10000";"18,15281";"328,87302"
"12,11000";"18,16781";"332,84280"
"12,12000";"18,18268";"336,83896"
"12,13000";"18,19767";"340,76743"
"12,14000";"18,21255";"344,64792"
"12,15000";"18,22742";"348,52979"
"12,16000";"18,24241";"352,43262"
"12,17000";"18,25753";"356,41473"
"12,18000";"18,27264";"360,60599"
"12,19000";"18,28763";"364,91187"
"12,20000";"18,30274";"369,32089"
"12,21000";"18,31774";"373,85614"
"12,22000";"18,33273";"378,44620"
"12,23000";"18,34772";"383,04587"
"12,24000";"18,36283";"387,68475"
"12,25000";"18,37794";"392,40289"
"12,26000";"18,39306";"397,22119"
"12,27000";"18,40793";"402,10492"
"12,28000";"18,42292";"407,10403"
"12,29000";"18,43792";"412,21872"
"12,30000";"18,45267";"417,37903"
"12,31000";"18,46766";"422,52310"
"12,32000";"18,48278";"427,80432"
"12,33000";"18,49789";"433,42914"
"12,33200";"18,50084";"434,58066"
"12,33400";"18,50391";"435,73297"
"12,34400";"18,51701";"441,42230"
"12,35400";"18,52457";"445,07007"
"12,36000";"18,52658";"444,19989"
"12,37000";"18,52598";"434,97589"
"12,38000";"18,52127";"414,62433"
"12,39000";"18,51029";"380,61652"
"12,40000";"18,49364";"325,95282"
"12,41000";"18,47369";"246,57947"
"12,42000";"18,45208";"153,02086"
"12,43000";"18,43001";"64,62225"
"12,44000";"18,40852";"-5,09223"
"12,45000";"18,38774";"-51,49949"
"12,46000";"18,36767";"-75,34373"
"12,47000";"18,34843";"-82,04569"
"12,48000";"18,33002";"-78,86384"
"12,49000";"18,31219";"-71,58589"
"12,50000";"18,29507";"-63,27732"
"12,51000";"18,27854";"-55,19382"
"12,52000";"18,26213";"-48,29327"
"12,53000";"18,24596";"-42,95976"
"12,54000";"18,23014";"-38,91039"
"12,55000";"18,21432";"-35,45639"
"12,56000";"18,19874";"-31,71188"
"12,57000";"18,18327";"-28,04394"
"12,58000";"18,16804";"-25,09347"
"12,59000";"18,15293";"-22,99818"
"12,60000";"18,13770";"-21,56222"
"12,61000";"18,12247";"-20,47160"
"12,62000";"18,10736";"-19,50681"
"12,63000";"18,09225";"-18,51526"
"12,64000";"18,07714";"-17,43280"
"12,65000";"18,06215";"-16,31990"
"12,66000";"18,04727";"-15,25453"
"12,67000";"18,03240";"-14,29945"
"12,68000";"18,01728";"-13,45493"
"12,69000";"18,00217";"-12,70449"
"12,70000";"17,98706";"-12,04625"
"12,71000";"17,97195";"-11,44531"
"12,72000";"17,95708";"-10,87721"
"12,73000";"17,94244";"-10,32359"
"12,74000";"17,92768";"-9,76389"
"12,75000";"17,91269";"-9,21630"
"12,76000";"17,89746";"-8,71072"
"12,77000";"17,88211";"-8,24654"
"12,78000";"17,86676";"-7,82356"
"12,79000";"17,85154";"-7,44623"
"12,80000";"17,83654";"-7,10874"
"12,81000";"17,82167";"-6,78669"
"12,82000";"17,80667";"-6,47807"
"12,83000";"17,79180";"-6,17870"
"12,84000";"17,77692";"-5,89556"
"12,85000";"17,76205";"-5,60906"
"12,86000";"17,74694";"-5,32648"
"12,87000";"17,73183";"-5,04704"
"12,88000";"17,71695";"-4,77981"
"12,89000";"17,70208";"-4,52332"
"12,90000";"17,68708";"-4,26319"
"12,91000";"17,67197";"-3,98392"
"12,92000";"17,65698";"-3,72616"
"12,93000";"17,64187";"-3,49645"
"12,94000";"17,62675";"-3,29915"
"12,95000";"17,61176";"-3,13759"
"12,96000";"17,59689";"-2,99765"
"12,97000";"17,58213";"-2,86788"
"12,98000";"17,56714";"-2,74859"
"12,99000";"17,55215";"-2,64205"
"13,00000";"17,53703";"-2,55056"
"13,01000";"17,52204";"-2,45658"
"13,02000";"17,50693";"-2,36366"
"13,03000";"17,49182";"-2,27026"
"13,04000";"17,47694";"-2,18314"
"13,05000";"17,46207";"-2,10137"
"13,06000";"17,44731";"-2,02787"
"13,07000";"17,43220";"-1,96578"
"13,08000";"17,41709";"-1,90009"
"13,09000";"17,40210";"-1,83369"
"13,10000";"17,38699";"-1,76543"
"13,11000";"17,37188";"-1,69611"
"13,12000";"17,35688";"-1,62612"
"13,13000";"17,34201";"-1,56132"
"13,14000";"17,32713";"-1,49553"
"13,15000";"17,31202";"-1,43650"
"13,16000";"17,29703";"-1,38086"
"13,17000";"17,28204";"-1,33827"
"13,18000";"17,26716";"-1,28757"
"13,19000";"17,25193";"-1,23861"
"13,20000";"17,23706";"-1,18324"
"13,21000";"17,22218";"-1,13383"
"13,22000";"17,20719";"-1,08475"
"13,23000";"17,19208";"-1,03513"
"13,24000";"17,17708";"-0,98637"
"13,25000";"17,16197";"-0,94453"
"13,26000";"17,14698";"-0,90946"
"13,27000";"17,13199";"-0,88361"
"13,28000";"17,11699";"-0,85619"
"13,29000";"17,10200";"-0,82909"
"13,30000";"17,08713";"-0,79542"
"13,31000";"17,07201";"-0,77325"
"13,32000";"17,05690";"-0,75906"
"13,33000";"17,04191";"-0,74064"
"13,34000";"17,02692";"-0,71569"
"13,35000";"17,01192";"-0,69328"
"13,36000";"16,99693";"-0,67193"
"13,37000";"16,98206";"-0,65463"
"13,38000";"16,96718";"-0,63685"
"13,39000";"16,95207";"-0,60831"
"13,40000";"16,93696";"-0,56670"
"13,41000";"16,92196";"-0,53055"
"13,42000";"16,90686";"-0,51386"
"13,43000";"16,89186";"-0,50334"
"13,44000";"16,87687";"-0,48582"
"13,45000";"16,86188";"-0,46744"
"13,46000";"16,84700";"-0,45501"
"13,47000";"16,83201";"-0,44669"
"13,48000";"16,81701";"-0,43184"
"13,49000";"16,80190";"-0,41437"
"13,50000";"16,78691";"-0,39845"
"13,51000";"16,77192";"-0,37774"
"13,52000";"16,75704";"-0,36771"
"13,53000";"16,74193";"-0,36589"
"13,54000";"16,72706";"-0,35155"
"13,55000";"16,71206";"-0,33032"
"13,56000";"16,69707";"-0,30123"
"13,57000";"16,68196";"-0,27149"
"13,58000";"16,66685";"-0,25193"
"13,59000";"16,65197";"-0,23610"
"13,60000";"16,63710";"-0,22995"
"13,61000";"16,62211";"-0,21900"
"13,62000";"16,60699";"-0,21305"
"13,63000";"16,59200";"-0,20407"
"13,64000";"16,57689";"-0,18599"
"13,65000";"16,56178";"-0,17480"
"13,66000";"16,54667";"-0,17037"
"13,67000";"16,53179";"-0,17177"
"13,68000";"16,51692";"-0,16710"
"13,69000";"16,50204";"-0,16934"
"13,70000";"16,48705";"-0,17139"
"13,71000";"16,47206";"-0,17031"
"13,72000";"16,45706";"-0,16780"
"13,73000";"16,44207";"-0,16088"
"13,74000";"16,42696";"-0,15402"
"13,75000";"16,41197";"-0,14954"
"13,76000";"16,39721";"-0,14751"
"13,77000";"16,38222";"-0,13968"
"13,78000";"16,36710";"-0,13190"
"13,79000";"16,35211";"-0,13258"
"13,80000";"16,33724";"-0,13546"
"13,81000";"16,32212";"-0,13965"
"13,82000";"16,30701";"-0,14008"
"13,83000";"16,29214";"-0,14090"
"13,84000";"16,27727";"-0,13556"
"13,85000";"16,26227";"-0,12399"
"13,86000";"16,24704";"-0,10880"
"13,87000";"16,23205";"-0,09868"
"13,88000";"16,21706";"-0,09060"
"13,89000";"16,20206";"-0,08128"
"13,90000";"16,18707";"-0,07648"
"13,91000";"16,17208";"-0,07785"
"13,92000";"16,15720";"-0,07457"
"13,93000";"16,14233";"-0,06970"
"13,94000";"16,12710";"-0,05734"
"13,95000";"16,11199";"-0,04803"
"13,96000";"16,09687";"-0,04971"
"13,97000";"16,08188";"-0,05202"
"13,98000";"16,06677";"-0,04710"
"13,99000";"16,05178";"-0,04277"
"14,00000";"16,03690";"-0,03696"
"14,01000";"16,02215";"-0,02479"
"14,02000";"16,00715";"-0,00720"
"14,03000";"15,99192";"0,00444"
"14,04000";"15,97681";"0,00985"
"14,05000";"15,96194";"0,00761"
"14,06000";"15,94706";"0,01472"
"14,07000";"15,93195";"0,01950"
"14,08000";"15,91696";"0,02177"
"14,09000";"15,90208";"0,01551"
"14,10000";"15,88721";"0,01964"
"14,11000";"15,87210";"0,02915"
"14,12000";"15,85710";"0,03086"
"14,13000";"15,84211";"0,03679"
"14,14000";"15,82724";"0,04397"
"14,15000";"15,81213";"0,04799"
"14,16000";"15,79713";"0,05116"
"14,17000";"15,78226";"0,05003"
"14,18000";"15,76727";"0,05115"
"14,19000";"15,75215";"0,04879"
"14,20000";"15,73704";"0,04470"
"14,21000";"15,72205";"0,05285"
"14,22000";"15,70717";"0,06402"
"14,23000";"15,69218";"0,07474"
"14,24000";"15,67719";"0,07697"
"14,25000";"15,66220";"0,07067"
"14,26000";"15,64720";"0,06344"
"14,27000";"15,63209";"0,05886"
"14,28000";"15,61686";"0,05518"
"14,29000";"15,60187";"0,06093"
"14,30000";"15,58687";"0,07231"
"14,31000";"15,57188";"0,08276"
"14,32000";"15,55689";"0,08851"
"14,33000";"15,54190";"0,08429"
"14,34000";"15,52690";"0,07515"
"14,35000";"15,51191";"0,07352"
"14,36000";"15,49680";"0,07564"
"14,37000";"15,48169";"0,07393"
"14,38000";"15,46681";"0,07478"
"14,39000";"15,45194";"0,07151"
"14,40000";"15,43694";"0,07078"
"14,41000";"15,42195";"0,07297"
"14,42000";"15,40707";"0,07059"
"14,43000";"15,39208";"0,07245"
"14,44000";"15,37709";"0,07835"
"14,45000";"15,36186";"0,07592"
"14,46000";"15,34699";"0,06722"
"14,47000";"15,33211";"0,06640"
"14,48000";"15,31712";"0,07190"
"14,49000";"15,30201";"0,06672"
"14,50000";"15,28690";"0,06689"
"14,51000";"15,27202";"0,06647"
"14,52000";"15,25703";"0,06497"
"14,53000";"15,24192";"0,06068"
"14,54000";"15,22692";"0,05926"
"14,55000";"15,21205";"0,06277"
"14,56000";"15,19706";"0,06599"
"14,57000";"15,18194";"0,06296"
"14,58000";"15,16695";"0,06011"
"14,59000";"15,15219";"0,05450"
"14,60000";"15,13732";"0,05661"
"14,61000";"15,12209";"0,05624"
"14,62000";"15,10710";"0,04805"
"14,63000";"15,09222";"0,04626"
"14,64000";"15,07735";"0,05022"
"14,65000";"15,06223";"0,05011"
"14,66000";"15,04713";"0,04628"
"14,67000";"15,03201";"0,05479"
"14,68000";"15,01702";"0,06041"
"14,69000";"15,00203";"0,05873"
"14,70000";"14,98703";"0,05353"
"14,71000";"14,97216";"0,04840"
"14,72000";"14,95728";"0,04918"
"14,73000";"14,94229";"0,05492"
"14,74000";"14,92718";"0,05533"
"14,75000";"14,91219";"0,04917"
"14,76000";"14,89719";"0,04951"
"14,77000";"14,88220";"0,04706"
"14,78000";"14,86709";"0,04268"
"14,79000";"14,85210";"0,03316"
"14,80000";"14,83722";"0,02894"
"14,81000";"14,82223";"0,03011"
"14,82000";"14,80700";"0,03769"
"14,83000";"14,79189";"0,04342"
"14,84000";"14,77701";"0,04674"
"14,85000";"14,76226";"0,05187"
"14,86000";"14,74714";"0,05055"
"14,87000";"14,73215";"0,04646"
"14,88000";"14,71728";"0,04829"
"14,89000";"14,70228";"0,05064"
"14,90000";"14,68706";"0,05105"
"14,91000";"14,67194";"0,05193"
"14,92000";"14,65695";"0,04937"
"14,93000";"14,64208";"0,04055"
"14,94000";"14,62708";"0,03038"
"14,95000";"14,61197";"0,02211"
"14,96000";"14,59698";"0,01526"
"14,97000";"14,58187";"0,02277"
"14,98000";"14,56676";"0,02545"
"14,99000";"14,55165";"0,02328"
"15,00000";"14,53665";"0,01741"
"15,01000";"14,52190";"0,00826"
"15,02000";"14,50690";"0,00880"
"15,03000";"14,49179";"0,01411"
"15,04000";"14,47680";"0,01433"
"15,05000";"14,46192";"0,01829"
"15,06000";"14,44693";"0,02354"
"15,07000";"14,43170";"0,02575"
"15,08000";"14,41671";"0,03026"
"15,09000";"14,40195";"0,03267"
"15,10000";"14,38708";"0,02777"
"15,11000";"14,37197";"0,01851"
"15,12000";"14,35685";"0,01394"
"15,13000";"14,34186";"0,01975"
"15,14000";"14,32675";"0,02948"
"15,15000";"14,31152";"0,03900"
"15,16000";"14,29665";"0,04448"
"15,17000";"14,28189";"0,04037"
"15,18000";"14,26701";"0,03551"
"15,19000";"14,25202";"0,02677"
"15,20000";"14,23691";"0,01511"
"15,21000";"14,22192";"0,00861"
"15,22000";"14,20681";"0,00893"
"15,23000";"14,19181";"0,01129"
"15,24000";"14,17670";"0,00429"
"15,25000";"14,16194";"-0,00763"
"15,26000";"14,14719";"-0,00993"
"15,27000";"14,13219";"0,00263"
"15,28000";"14,11708";"0,01067"
"15,29000";"14,10197";"0,01112"
"15,30000";"14,08698";"0,01113"
"15,31000";"14,07187";"0,01142"
"15,32000";"14,05688";"0,00788"
"15,33000";"14,04200";"0,00352"
"15,34000";"14,02713";"0,00670"
"15,35000";"14,01225";"0,00703"
"15,36000";"13,99714";"0,00252"
"15,37000";"13,98215";"0,00114"
"15,38000";"13,96727";"0,00077"
"15,39000";"13,95228";"0,01277"
"15,40000";"13,93717";"0,01854"
"15,41000";"13,92217";"0,01477"
"15,42000";"13,90730";"0,01191"
"15,43000";"13,89231";"0,01260"
"15,44000";"13,87719";"0,01663"
"15,45000";"13,86196";"0,01895"
"15,46000";"13,84697";"0,02013"
"15,47000";"13,83210";"0,01864"
"15,48000";"13,81699";"0,01447"
"15,49000";"13,80211";"0,01334"
"15,50000";"13,78712";"0,01527"
"15,51000";"13,77212";"0,01931"
"15,52000";"13,75690";"0,02491"
"15,53000";"13,74179";"0,02836"
"15,54000";"13,72667";"0,02914"
"15,55000";"13,71180";"0,02559"
"15,56000";"13,69681";"0,02476"
"15,57000";"13,68181";"0,02081"
"15,58000";"13,66706";"0,02151"
"15,59000";"13,65218";"0,03364"
"15,60000";"13,63707";"0,04790"
"15,61000";"13,62196";"0,06033"
"15,62000";"13,60685";"0,06037"
"15,63000";"13,59197";"0,05309"
"15,64000";"13,57710";"0,05079"
"15,65000";"13,56199";"0,04658"
"15,66000";"13,54699";"0,04525"
"15,67000";"13,53212";"0,04755"
"15,68000";"13,51712";"0,05318"
"15,69000";"13,50190";"0,05367"
"15,70000";"13,48678";"0,05718"
"15,71000";"13,47191";"0,05731"
"15,72000";"13,45704";"0,05294"
"15,73000";"13,44204";"0,05377"
"15,74000";"13,42705";"0,05718"
"15,75000";"13,41206";"0,05324"
"15,76000";"13,39706";"0,04520"
"15,77000";"13,38195";"0,04510"
"15,78000";"13,36672";"0,04897"
"15,79000";"13,35185";"0,05060"
"15,80000";"13,33709";"0,05964"
"15,81000";"13,32210";"0,06483"
"15,82000";"13,30699";"0,06312"
"15,83000";"13,29199";"0,06555"
"15,84000";"13,27700";"0,07495"
"15,85000";"13,26189";"0,08476"
"15,86000";"13,24666";"0,08177"
"15,87000";"13,23178";"0,07338"
"15,88000";"13,21703";"0,07272"
"15,89000";"13,20215";"0,08276"
"15,90000";"13,18704";"0,08846"
"15,91000";"13,17193";"0,08399"
"15,92000";"13,15706";"0,08085"
"15,93000";"13,14194";"0,08509"
"15,94000";"13,12683";"0,09462"
"15,95000";"13,11172";"0,09948"
"15,96000";"13,09685";"0,09829"
"15,97000";"13,08209";"0,10360"
"15,98000";"13,06698";"0,10739"
"15,99000";"13,05187";"0,10972"
"16,00000";"13,03699";"0,11911"
"16,01000";"13,02200";"0,12148"
"16,02000";"13,00677";"0,12285"
"16,03000";"12,99178";"0,12193"
"16,04000";"12,97690";"0,11643"
"16,05000";"12,96215";"0,10666"
"16,06000";"12,94703";"0,10703"
"16,07000";"12,93192";"0,11002"
"16,08000";"12,91693";"0,11029"
"16,09000";"12,90194";"0,10797"
"16,10000";"12,88694";"0,10952"
"16,11000";"12,87195";"0,11065"
"16,12000";"12,85708";"0,10657"
"16,13000";"12,84220";"0,10453"
"16,14000";"12,82709";"0,10351"
"16,15000";"12,81198";"0,10523"
"16,16000";"12,79699";"0,10030"
"16,17000";"12,78199";"0,09490"
"16,18000";"12,76688";"0,09789"
"16,19000";"12,75189";"0,10543"
"16,20000";"12,73701";"0,11228"
"16,21000";"12,72214";"0,11123"
"16,22000";"12,70715";"0,10352"
"16,23000";"12,69192";"0,09368"
"16,24000";"12,67681";"0,08187"
"16,25000";"12,66181";"0,07868"
"16,26000";"12,64682";"0,08588"
"16,27000";"12,63183";"0,09507"
"16,28000";"12,61683";"0,10372"
"16,29000";"12,60196";"0,10514"
"16,30000";"12,58697";"0,11053"
"16,31000";"12,57197";"0,11658"
"16,32000";"12,55686";"0,12039"
"16,33000";"12,54187";"0,11655"
"16,34000";"12,52688";"0,10471"
"16,35000";"12,51188";"0,09977"
"16,36000";"12,49689";"0,10414"
"16,37000";"12,48190";"0,10124"
"16,38000";"12,46690";"0,09757"
"16,39000";"12,45191";"0,10035"
"16,40000";"12,43692";"0,10217"
"16,41000";"12,42192";"0,09823"
"16,42000";"12,40705";"0,09343"
"16,43000";"12,39217";"0,08958"
"16,44000";"12,37718";"0,08642"
"16,45000";"12,36207";"0,08320"
"16,46000";"12,34708";"0,08419"
"16,47000";"12,33208";"0,08352"
"16,48000";"12,31697";"0,08235"
"16,49000";"12,30174";"0,08905"
"16,50000";"12,28675";"0,08685"
"16,51000";"12,27188";"0,08196"
"16,52000";"12,25700";"0,08488"
"16,53000";"12,24201";"0,09045"
"16,54000";"12,22701";"0,09320"
"16,55000";"12,21202";"0,09660"
"16,56000";"12,19691";"0,09903"
"16,57000";"12,18180";"0,08962"
"16,58000";"12,16692";"0,08356"
"16,59000";"12,15193";"0,07907"
"16,60000";"12,13706";"0,07660"
"16,61000";"12,12206";"0,07483"
"16,62000";"12,10695";"0,07580"
"16,63000";"12,09208";"0,07435"
"16,64000";"12,07708";"0,07851"
"16,65000";"12,06209";"0,08279"
"16,66000";"12,04710";"0,08340"
"16,67000";"12,03222";"0,08613"
"16,68000";"12,01723";"0,08875"
"16,69000";"12,00212";"0,08907"
"16,70000";"11,98701";"0,08891"
"16,71000";"11,97190";"0,08920"
"16,72000";"11,95690";"0,09178"
"16,73000";"11,94179";"0,09594"
"16,74000";"11,92680";"0,09423"
"16,75000";"11,91192";"0,08985"
"16,76000";"11,89705";"0,08403"
"16,77000";"11,88206";"0,08137"
"16,78000";"11,86695";"0,07558"
"16,79000";"11,85195";"0,07672"
"16,80000";"11,83684";"0,07818"
"16,81000";"11,82185";"0,08396"
"16,82000";"11,80674";"0,08565"
"16,83000";"11,79186";"0,09350"
"16,84000";"11,77710";"0,09616"
"16,85000";"11,76199";"0,08961"
"16,86000";"11,74688";"0,07888"
"16,87000";"11,73189";"0,07436"
"16,88000";"11,71690";"0,07395"
"16,89000";"11,70202";"0,07496"
"16,90000";"11,68703";"0,07452"
"16,91000";"11,67204";"0,07006"
"16,92000";"11,65693";"0,06177"
"16,93000";"11,64205";"0,05444"
"16,94000";"11,62706";"0,05444"
"16,95000";"11,61195";"0,06202"
"16,96000";"11,59695";"0,07208"
"16,97000";"11,58196";"0,07984"
"16,98000";"11,56697";"0,07934"
"16,99000";"11,55197";"0,07249"
"17,00000";"11,53698";"0,07214"
"17,01000";"11,52199";"0,06659"
"17,02000";"11,50699";"0,06647"
"17,03000";"11,49188";"0,06989"
"17,04000";"11,47689";"0,06805"
"17,05000";"11,46190";"0,06465"
"17,06000";"11,44702";"0,06973"
"17,07000";"11,43203";"0,07362"
"17,08000";"11,41704";"0,06982"
"17,09000";"11,40216";"0,06323"
"17,10000";"11,38705";"0,05591"
"17,11000";"11,37206";"0,05056"
"17,12000";"11,35694";"0,04548"
"17,13000";"11,34183";"0,04585"
"17,14000";"11,32696";"0,05004"
"17,15000";"11,31196";"0,05245"
"17,16000";"11,29697";"0,05131"
"17,17000";"11,28198";"0,04842"
"17,18000";"11,26699";"0,04460"
"17,19000";"11,25199";"0,04405"
"17,20000";"11,23688";"0,04443"
"17,21000";"11,22201";"0,04541"
"17,22000";"11,20701";"0,05073"
"17,23000";"11,19202";"0,05600"
"17,24000";"11,17691";"0,05269"
"17,25000";"11,16192";"0,04856"
"17,26000";"11,14704";"0,05793"
"17,27000";"11,13205";"0,06406"
"17,28000";"11,11694";"0,06059"
"17,29000";"11,10194";"0,04704"
"17,30000";"11,08707";"0,03092"
"17,31000";"11,07219";"0,02883"
"17,32000";"11,05696";"0,03219"
"17,33000";"11,04185";"0,03610"
"17,34000";"11,02686";"0,04223"
"17,35000";"11,01187";"0,04874"
"17,36000";"10,99676";"0,05504"
"17,37000";"10,98176";"0,06422"
"17,38000";"10,96701";"0,06505"
"17,39000";"10,95213";"0,06692"
"17,40000";"10,93702";"0,06173"
"17,41000";"10,92191";"0,06331"
"17,42000";"10,90692";"0,05759"
"17,43000";"10,89192";"0,05765"
"17,44000";"10,87681";"0,05626"
"17,45000";"10,86182";"0,05241"
"17,46000";"10,84694";"0,05090"
"17,47000";"10,83207";"0,04917"
"17,48000";"10,81696";"0,05138"
"17,49000";"10,80185";"0,05408"
"17,50000";"10,78686";"0,05136"
"17,51000";"10,77198";"0,05174"
"17,52000";"10,75699";"0,05669"
"17,53000";"10,74199";"0,06265"
"17,54000";"10,72700";"0,05975"
"17,55000";"10,71213";"0,05756"
"17,56000";"10,69725";"0,05615"
"17,57000";"10,68214";"0,04995"
"17,58000";"10,66715";"0,04122"
"17,59000";"10,65215";"0,03708"
"17,60000";"10,63728";"0,05026"
"17,61000";"10,62228";"0,06383"
"17,62000";"10,60729";"0,06151"
"17,63000";"10,59242";"0,05761"
"17,64000";"10,57742";"0,06020"
"17,65000";"10,56219";"0,05713"
"17,66000";"10,54708";"0,05511"
"17,67000";"10,53209";"0,05510"
"17,68000";"10,51722";"0,05473"
"17,69000";"10,50234";"0,05411"
"17,70000";"10,48735";"0,05741"
"17,71000";"10,47235";"0,05701"
"17,72000";"10,45736";"0,05365"
"17,73000";"10,44225";"0,04774"
"17,74000";"10,42714";"0,04247"
"17,75000";"10,41203";"0,03995"
"17,76000";"10,39715";"0,04076"
"17,77000";"10,38216";"0,04281"
"17,78000";"10,36729";"0,03914"
"17,79000";"10,35217";"0,04019"
"17,80000";"10,33718";"0,04540"
"17,81000";"10,32207";"0,04197"
"17,82000";"10,30696";"0,03888"
"17,83000";"10,29197";"0,03983"
"17,84000";"10,27709";"0,03953"
"17,85000";"10,26210";"0,04003"
"17,86000";"10,24699";"0,04114"
"17,87000";"10,23199";"0,04151"
"17,88000";"10,21712";"0,04687"
"17,89000";"10,20224";"0,04628"
"17,90000";"10,18713";"0,04592"
"17,91000";"10,17190";"0,04402"
"17,92000";"10,15691";"0,03682"
"17,93000";"10,14192";"0,03793"
"17,94000";"10,12681";"0,03504"
"17,95000";"10,11169";"0,03583"
"17,96000";"10,09670";"0,03919"
"17,97000";"10,08171";"0,04409"
"17,98000";"10,06660";"0,05154"
"17,99000";"10,05160";"0,05934"
"18,00000";"10,03673";"0,06008"
"18,01000";"10,02197";"0,06046"
"18,02000";"10,00698";"0,06083"
"18,03000";"9,99187";"0,05724"
"18,04000";"9,97688";"0,05431"
"18,05000";"9,96200";"0,04334"
"18,06000";"9,94689";"0,03353"
"18,07000";"9,93178";"0,02985"
"18,08000";"9,91690";"0,03948"
"18,09000";"9,90215";"0,04915"
"18,10000";"9,88715";"0,06340"
"18,11000";"9,87204";"0,06473"
"18,12000";"9,85681";"0,05379"
"18,13000";"9,84194";"0,05807"
"18,14000";"9,82695";"0,06482"
"18,15000";"9,81183";"0,06424"
"18,16000";"9,79684";"0,06215"
"18,17000";"9,78208";"0,06199"
"18,18000";"9,76709";"0,06383"
"18,19000";"9,75198";"0,06615"
"18,20000";"9,73699";"0,06043"
"18,21000";"9,72211";"0,04986"
"18,22000";"9,70724";"0,04827"
"18,23000";"9,69213";"0,05230"
"18,24000";"9,67701";"0,05075"
"18,25000";"9,66214";"0,05190"
"18,26000";"9,64726";"0,05251"
"18,27000";"9,63215";"0,05690"
"18,28000";"9,61692";"0,05833"
"18,29000";"9,60205";"0,06219"
"18,30000";"9,58717";"0,05744"
"18,31000";"9,57206";"0,05131"
"18,32000";"9,55719";"0,05298"
"18,33000";"9,54220";"0,05091"
"18,34000";"9,52732";"0,04899"
"18,35000";"9,51221";"0,04315"
"18,36000";"9,49710";"0,03384"
"18,37000";"9,48199";"0,03268"
"18,38000";"9,46699";"0,03362"
"18,39000";"9,45212";"0,04207"
"18,40000";"9,43713";"0,04505"
"18,41000";"9,42213";"0,03903"
"18,42000";"9,40726";"0,03287"
"18,43000";"9,39226";"0,03059"
"18,44000";"9,37704";"0,03359"
"18,45000";"9,36192";"0,03699"
"18,46000";"9,34693";"0,03453"
"18,47000";"9,33206";"0,04194"
"18,48000";"9,31694";"0,04519"
"18,49000";"9,30195";"0,04335"
"18,50000";"9,28696";"0,04280"
"18,51000";"9,27220";"0,04075"
"18,52000";"9,25709";"0,03651"
"18,53000";"9,24198";"0,03056"
"18,54000";"9,22699";"0,02371"
"18,55000";"9,21211";"0,02474"
"18,56000";"9,19712";"0,03186"
"18,57000";"9,18189";"0,03746"
"18,58000";"9,16690";"0,03136"
"18,59000";"9,15202";"0,03033"
"18,60000";"9,13703";"0,03728"
"18,61000";"9,12192";"0,04802"
"18,62000";"9,10692";"0,05371"
"18,63000";"9,09217";"0,05930"
"18,64000";"9,07717";"0,05770"
"18,65000";"9,06206";"0,05462"
"18,66000";"9,04695";"0,05265"
"18,67000";"9,03196";"0,05202"
"18,68000";"9,01696";"0,05289"
"18,69000";"9,00174";"0,05689"
"18,70000";"8,98662";"0,05301"
"18,71000";"8,97175";"0,05472"
"18,72000";"8,95699";"0,05938"
"18,73000";"8,94200";"0,05774"
"18,74000";"8,92689";"0,05588"
"18,75000";"8,91190";"0,05116"
"18,76000";"8,89702";"0,04730"
"18,77000";"8,88191";"0,04740"
"18,78000";"8,86692";"0,04915"
"18,79000";"8,85204";"0,04514"
"18,80000";"8,83717";"0,04573"
"18,81000";"8,82217";"0,04929"
"18,82000";"8,80694";"0,04764"
"18,83000";"8,79195";"0,05039"
"18,84000";"8,77708";"0,04962"
"18,85000";"8,76197";"0,05072"
"18,86000";"8,74697";"0,05353"
"18,87000";"8,73210";"0,05932"
"18,88000";"8,71722";"0,06187"
"18,89000";"8,70235";"0,06195"
"18,90000";"8,68712";"0,05787"
"18,91000";"8,67201";"0,05366"
"18,92000";"8,65713";"0,05270"
"18,93000";"8,64214";"0,05244"
"18,94000";"8,62703";"0,06034"
"18,95000";"8,61203";"0,06830"
"18,96000";"8,59728";"0,07404"
"18,97000";"8,58240";"0,07272"
"18,98000";"8,56717";"0,07368"
"18,99000";"8,55206";"0,07783"
"19,00000";"8,53707";"0,07476"
"19,01000";"8,52196";"0,07284"
"19,02000";"8,50685";"0,07294"
"19,03000";"8,49185";"0,07016"
"19,04000";"8,47698";"0,07281"
"19,05000";"8,46199";"0,07537"
"19,06000";"8,44687";"0,08184"
"19,07000";"8,43176";"0,08704"
"19,08000";"8,41665";"0,08653"
"19,09000";"8,40166";"0,08537"
"19,10000";"8,38679";"0,07740"
"19,11000";"8,37167";"0,07196"
"19,12000";"8,35680";"0,06723"
"19,13000";"8,34192";"0,06797"
"19,14000";"8,32693";"0,06740"
"19,15000";"8,31182";"0,06817"
"19,16000";"8,29683";"0,06365"
"19,17000";"8,28183";"0,06478"
"19,18000";"8,26696";"0,06524"
"19,19000";"8,25185";"0,07119"
"19,20000";"8,23685";"0,07391"
"19,21000";"8,22186";"0,07699"
"19,22000";"8,20699";"0,08607"
"19,23000";"8,19188";"0,09810"
"19,24000";"8,17676";"0,11466"
"19,25000";"8,16189";"0,11527"
"19,26000";"8,14701";"0,11906"
"19,27000";"8,13202";"0,12361"
"19,28000";"8,11703";"0,12117"
"19,29000";"8,10192";"0,11225"
"19,30000";"8,08692";"0,10604"
"19,31000";"8,07193";"0,10546"
"19,32000";"8,05682";"0,11343"
"19,33000";"8,04171";"0,12542"
"19,34000";"8,02695";"0,13668"
"19,35000";"8,01208";"0,14639"
"19,36000";"7,99708";"0,15114"
"19,37000";"7,98209";"0,15167"
"19,38000";"7,96710";"0,15417"
"19,39000";"7,95199";"0,16073"
"19,40000";"7,93688";"0,16590"
"19,41000";"7,92188";"0,16784"
"19,42000";"7,90701";"0,17313"
"19,43000";"7,89225";"0,18754"
"19,44000";"7,87714";"0,19573"
"19,45000";"7,86203";"0,19349"
"19,46000";"7,84704";"0,19478"
"19,47000";"7,83204";"0,20157"
"19,48000";"7,81693";"0,20451"
"19,49000";"7,80194";"0,21055"
"19,50000";"7,78694";"0,21180"
"19,51000";"7,77219";"0,21509"
"19,52000";"7,75719";"0,22006"
"19,53000";"7,74208";"0,21081"
"19,54000";"7,72709";"0,20464"
"19,55000";"7,71210";"0,20451"
"19,56000";"7,69710";"0,20687"
"19,57000";"7,68199";"0,20669"
"19,58000";"7,66712";"0,20284"
"19,59000";"7,65224";"0,19592"
"19,60000";"7,63725";"0,19471"
"19,61000";"7,62202";"0,19472"
"19,62000";"7,60703";"0,19662"
"19,63000";"7,59192";"0,19809"
"19,64000";"7,57692";"0,19638"
"19,65000";"7,56169";"0,19820"
"19,66000";"7,54682";"0,20076"
"19,67000";"7,53206";"0,20051"
"19,68000";"7,51707";"0,20471"
"19,69000";"7,50196";"0,21145"
"19,70000";"7,48685";"0,21534"
"19,71000";"7,47185";"0,21611"
"19,72000";"7,45674";"0,21173"
"19,73000";"7,44175";"0,21525"
"19,74000";"7,42676";"0,22284"
"19,75000";"7,41188";"0,22676"
"19,76000";"7,39701";"0,22745"
"19,77000";"7,38190";"0,22659"
"19,78000";"7,36690";"0,22700"
"19,79000";"7,35191";"0,22986"
"19,80000";"7,33680";"0,22356"
"19,81000";"7,32181";"0,20821"
"19,82000";"7,30681";"0,19384"
"19,83000";"7,29194";"0,18440"
"19,84000";"7,27694";"0,18460"
"19,85000";"7,26195";"0,19362"
"19,86000";"7,24684";"0,20244"
"19,87000";"7,23173";"0,20375"
"19,88000";"7,21685";"0,20933"
"19,89000";"7,20186";"0,21465"
"19,90000";"7,18687";"0,21215"
"19,91000";"7,17199";"0,21131"
"19,92000";"7,15700";"0,21423"
"19,93000";"7,14201";"0,21635"
"19,94000";"7,12701";"0,21625"
"19,95000";"7,11202";"0,21579"
"19,96000";"7,09703";"0,20913"
"19,97000";"7,08204";"0,19870"
"19,98000";"7,06716";"0,19814"
"19,99000";"7,05205";"0,20793"
"20,00000";"7,03706";"0,21624"
"20,01000";"7,02194";"0,21849"
"20,02000";"7,00695";"0,22285"
"20,03000";"6,99184";"0,22301"
"20,04000";"6,97697";"0,22186"
"20,05000";"6,96209";"0,21505"
"20,06000";"6,94722";"0,21445"
"20,07000";"6,93222";"0,20993"
"20,08000";"6,91723";"0,20204"
"20,09000";"6,90235";"0,19288"
"20,10000";"6,88724";"0,19253"
"20,11000";"6,87213";"0,19871"
"20,12000";"6,85714";"0,20352"
"20,13000";"6,84215";"0,20551"
"20,14000";"6,82715";"0,20029"
"20,15000";"6,81204";"0,19629"
"20,16000";"6,79705";"0,18841"
"20,17000";"6,78206";"0,19207"
"20,18000";"6,76706";"0,20184"
"20,19000";"6,75183";"0,20590"
"20,20000";"6,73684";"0,20742"
"20,21000";"6,72197";"0,20403"
"20,22000";"6,70709";"0,19872"
"20,23000";"6,69198";"0,20457"
"20,24000";"6,67687";"0,20356"
"20,25000";"6,66188";"0,19625"
"20,26000";"6,64688";"0,19255"
"20,27000";"6,63177";"0,20101"
"20,28000";"6,61678";"0,20790"
"20,29000";"6,60178";"0,20937"
"20,30000";"6,58703";"0,20906"
"20,31000";"6,57215";"0,20902"
"20,32000";"6,55692";"0,21191"
"20,33000";"6,54193";"0,21566"
"20,34000";"6,52694";"0,21243"
"20,35000";"6,51183";"0,21367"
"20,36000";"6,49683";"0,20754"
"20,37000";"6,48208";"0,20985"
"20,38000";"6,46732";"0,21423"
"20,39000";"6,45244";"0,21255"
"20,40000";"6,43745";"0,21105"
"20,41000";"6,42222";"0,20284"
"20,42000";"6,40711";"0,19570"
"20,43000";"6,39212";"0,20383"
"20,44000";"6,37701";"0,21394"
"20,45000";"6,36201";"0,21109"
"20,46000";"6,34702";"0,20460"
"20,47000";"6,33203";"0,20177"
"20,48000";"6,31692";"0,19948"
"20,49000";"6,30181";"0,20449"
"20,50000";"6,28681";"0,20066"
"20,51000";"6,27182";"0,20125"
"20,52000";"6,25683";"0,20570"
"20,53000";"6,24195";"0,21339"
"20,54000";"6,22696";"0,20975"
"20,55000";"6,21197";"0,20940"
"20,56000";"6,19697";"0,20501"
"20,57000";"6,18186";"0,19761"
"20,58000";"6,16663";"0,19614"
"20,59000";"6,15176";"0,20438"
"20,60000";"6,13676";"0,21957"
"20,61000";"6,12189";"0,22423"
"20,62000";"6,10690";"0,21640"
"20,63000";"6,09190";"0,21446"
"20,64000";"6,07703";"0,20790"
"20,65000";"6,06192";"0,20971"
"20,66000";"6,04692";"0,20857"
"20,67000";"6,03205";"0,20798"
"20,68000";"6,01717";"0,20842"
"20,69000";"6,00218";"0,20902"
"20,70000";"5,98707";"0,21021"
"20,71000";"5,97208";"0,20544"
"20,72000";"5,95708";"0,20229"
"20,73000";"5,94197";"0,19447"
"20,74000";"5,92686";"0,19473"
"20,75000";"5,91187";"0,18650"
"20,76000";"5,89711";"0,18780"
"20,77000";"5,88212";"0,19548"
"20,78000";"5,86713";"0,20334"
"20,79000";"5,85201";"0,20858"
"20,80000";"5,83702";"0,21326"
"20,81000";"5,82203";"0,21277"
"20,82000";"5,80680";"0,20391"
"20,83000";"5,79192";"0,19350"
"20,84000";"5,77717";"0,18899"
"20,85000";"5,76229";"0,18910"
"20,86000";"5,74718";"0,18977"
"20,87000";"5,73207";"0,18845"
"20,88000";"5,71719";"0,18381"
"20,89000";"5,70220";"0,18217"
"20,90000";"5,68709";"0,18221"
"20,91000";"5,67198";"0,19161"
"20,92000";"5,65710";"0,19900"
"20,93000";"5,64223";"0,20088"
"20,94000";"5,62712";"0,20248"
"20,95000";"5,61189";"0,20494"
"20,96000";"5,59690";"0,20125"
"20,97000";"5,58202";"0,19859"
"20,98000";"5,56691";"0,20030"
"20,99000";"5,55192";"0,20323"
"21,00000";"5,53692";"0,20971"
"21,01000";"5,52217";"0,21975"
"21,02000";"5,50706";"0,21844"
"21,03000";"5,49194";"0,21145"
"21,04000";"5,47695";"0,20653"
"21,05000";"5,46196";"0,20556"
"21,06000";"5,44685";"0,20224"
"21,07000";"5,43174";"0,19473"
"21,08000";"5,41686";"0,19237"
"21,09000";"5,40199";"0,19950"
"21,10000";"5,38711";"0,20415"
"21,11000";"5,37200";"0,20714"
"21,12000";"5,35701";"0,21405"
"21,13000";"5,34201";"0,21172"
"21,14000";"5,32714";"0,20949"
"21,15000";"5,31215";"0,20806"
"21,16000";"5,29715";"0,20865"
"21,17000";"5,28216";"0,20652"
"21,18000";"5,26717";"0,20097"
"21,19000";"5,25206";"0,20554"
"21,20000";"5,23694";"0,20656"
"21,21000";"5,22195";"0,20312"
"21,22000";"5,20708";"0,19503"
"21,23000";"5,19197";"0,19488"
"21,24000";"5,17709";"0,19498"
"21,25000";"5,16210";"0,19674"
"21,26000";"5,14734";"0,19367"
"21,27000";"5,13223";"0,19205"
"21,28000";"5,11700";"0,19533"
"21,29000";"5,10189";"0,19976"
"21,30000";"5,08690";"0,20790"
"21,31000";"5,07202";"0,21296"
"21,32000";"5,05703";"0,20763"
"21,33000";"5,04204";"0,19675"
"21,34000";"5,02716";"0,19361"
"21,35000";"5,01217";"0,19996"
"21,36000";"4,99694";"0,20733"
"21,37000";"4,98183";"0,20053"
"21,38000";"4,96683";"0,19317"
"21,39000";"4,95184";"0,19195"
"21,40000";"4,93685";"0,18944"
"21,41000";"4,92185";"0,19009"
"21,42000";"4,90686";"0,19720"
"21,43000";"4,89199";"0,20576"
"21,44000";"4,87688";"0,21123"
"21,45000";"4,86165";"0,20916"
"21,46000";"4,84677";"0,20047"
"21,47000";"4,83190";"0,20059"
"21,48000";"4,81702";"0,20276"
"21,49000";"4,80203";"0,20762"
"21,50000";"4,78703";"0,21224"
"21,51000";"4,77216";"0,20745"
"21,52000";"4,75705";"0,20216"
"21,53000";"4,74194";"0,19513"
"21,54000";"4,72694";"0,19279"
"21,55000";"4,71219";"0,19512"
"21,56000";"4,69731";"0,19721"
"21,57000";"4,68220";"0,19796"
"21,58000";"4,66709";"0,19740"
"21,59000";"4,65210";"0,19813"
"21,60000";"4,63710";"0,19770"
"21,61000";"4,62199";"0,19289"
"21,62000";"4,60688";"0,19362"
"21,63000";"4,59201";"0,20019"
"21,64000";"4,57713";"0,20853"
"21,65000";"4,56202";"0,20957"
"21,66000";"4,54703";"0,20649"
"21,67000";"4,53215";"0,20280"
"21,68000";"4,51728";"0,20134"
"21,69000";"4,50228";"0,19630"
"21,70000";"4,48717";"0,19712"
"21,71000";"4,47230";"0,20176"
"21,72000";"4,45754";"0,21076"
"21,73000";"4,44255";"0,21791"
"21,74000";"4,42732";"0,21273"
"21,75000";"4,41233";"0,20818"
"21,76000";"4,39722";"0,20609"
"21,77000";"4,38210";"0,21022"
"21,78000";"4,36699";"0,20753"
"21,79000";"4,35200";"0,19874"
"21,80000";"4,33712";"0,19831"
"21,81000";"4,32213";"0,20207"
"21,82000";"4,30702";"0,20210"
"21,83000";"4,29203";"0,19596"
"21,84000";"4,27715";"0,19808"
"21,85000";"4,26216";"0,20823"
"21,86000";"4,24717";"0,20972"
"21,87000";"4,23217";"0,20601"
"21,88000";"4,21730";"0,20517"
"21,89000";"4,20242";"0,20487"
"21,90000";"4,18719";"0,20922"
"21,91000";"4,17197";"0,20547"
"21,92000";"4,15709";"0,19624"
"21,93000";"4,14222";"0,19563"
"21,94000";"4,12710";"0,19520"
"21,95000";"4,11199";"0,19605"
"21,96000";"4,09712";"0,19262"
"21,97000";"4,08213";"0,18738"
"21,98000";"4,06701";"0,18962"
"21,99000";"4,05190";"0,19540"
"22,00000";"4,03691";"0,20492"
"22,01000";"4,02203";"0,21018"
"22,02000";"4,00716";"0,20479"
"22,03000";"3,99193";"0,19926"
"22,04000";"3,97694";"0,19541"
"22,05000";"3,96194";"0,18691"
"22,06000";"3,94683";"0,19425"
"22,07000";"3,93160";"0,20791"
"22,08000";"3,91661";"0,21362"
"22,09000";"3,90174";"0,21643"
"22,10000";"3,88698";"0,21786"
"22,11000";"3,87175";"0,21176"
"22,12000";"3,85664";"0,20562"
"22,13000";"3,84176";"0,20893"
"22,14000";"3,82677";"0,21955"
"22,15000";"3,81154";"0,23413"
"22,16000";"3,79655";"0,22548"
"22,17000";"3,78167";"0,21777"
"22,18000";"3,76692";"0,21620"
"22,19000";"3,75181";"0,20356"
"22,20000";"3,73669";"0,19347"
"22,21000";"3,72170";"0,19298"
"22,22000";"3,70671";"0,19507"
"22,23000";"3,69148";"0,20411"
"22,24000";"3,67637";"0,20492"
"22,25000";"3,66161";"0,20188"
"22,26000";"3,64685";"0,20595"
"22,27000";"3,63198";"0,20580"
"22,28000";"3,61687";"0,20749"
"22,29000";"3,60199";"0,21090"
"22,30000";"3,58712";"0,20980"
"22,31000";"3,57212";"0,20652"
"22,32000";"3,55701";"0,20827"
"22,33000";"3,54202";"0,20239"
"22,34000";"3,52726";"0,19274"
"22,35000";"3,51227";"0,18399"
"22,36000";"3,49716";"0,18638"
"22,37000";"3,48205";"0,19248"
"22,38000";"3,46706";"0,19647"
"22,39000";"3,45194";"0,19265"
"22,40000";"3,43695";"0,19320"
"22,41000";"3,42208";"0,19344"
"22,42000";"3,40732";"0,19070"
"22,43000";"3,39233";"0,18700"
"22,44000";"3,37722";"0,19026"
"22,45000";"3,36199";"0,20200"
"22,46000";"3,34711";"0,21171"
"22,47000";"3,33200";"0,21231"
"22,48000";"3,31689";"0,20677"
"22,49000";"3,30190";"0,19793"
"22,50000";"3,28714";"0,19480"
"22,51000";"3,27226";"0,19384"
"22,52000";"3,25715";"0,19114"
"22,53000";"3,24204";"0,19181"
"22,54000";"3,22693";"0,19400"
"22,55000";"3,21194";"0,20139"
"22,56000";"3,19694";"0,20104"
"22,57000";"3,18183";"0,19225"
"22,58000";"3,16696";"0,18828"
"22,59000";"3,15185";"0,19776"
"22,60000";"3,13685";"0,20382"
"22,61000";"3,12174";"0,20049"
"22,62000";"3,10675";"0,19725"
"22,63000";"3,09187";"0,19462"
"22,64000";"3,07700";"0,20259"
"22,65000";"3,06201";"0,20411"
"22,66000";"3,04701";"0,20116"
"22,67000";"3,03214";"0,19737"
"22,68000";"3,01703";"0,19435"
"22,69000";"3,00192";"0,19389"
"22,70000";"2,98681";"0,19097"
"22,71000";"2,97193";"0,18838"
"22,72000";"2,95706";"0,20365"
"22,73000";"2,94218";"0,22143"
"22,74000";"2,92719";"0,22016"
"22,75000";"2,91219";"0,21483"
"22,76000";"2,89720";"0,21040"
"22,77000";"2,88209";"0,20593"
"22,78000";"2,86686";"0,20576"
"22,79000";"2,85187";"0,20453"
"22,80000";"2,83699";"0,20254"
"22,81000";"2,82200";"0,20457"
"22,82000";"2,80701";"0,20039"
"22,83000";"2,79201";"0,19713"
"22,84000";"2,77690";"0,20205"
"22,85000";"2,76191";"0,21381"
"22,86000";"2,74668";"0,21366"
"22,87000";"2,73169";"0,20701"
"22,88000";"2,71693";"0,19945"
"22,89000";"2,70206";"0,20158"
"22,90000";"2,68694";"0,20626"
"22,91000";"2,67183";"0,19842"
"22,92000";"2,65696";"0,19326"
"22,93000";"2,64197";"0,19645"
"22,94000";"2,62674";"0,20039"
"22,95000";"2,61174";"0,21087"
"22,96000";"2,59687";"0,21563"
"22,97000";"2,58211";"0,21488"
"22,98000";"2,56700";"0,21258"
"22,99000";"2,55201";"0,20398"
"23,00000";"2,53690";"0,20040"
"23,01000";"2,52190";"0,20232"
"23,02000";"2,50679";"0,20617"
"23,03000";"2,49180";"0,20359"
"23,04000";"2,47704";"0,21067"
"23,05000";"2,46217";"0,21487"
"23,06000";"2,44717";"0,21148"
"23,07000";"2,43206";"0,20266"
"23,08000";"2,41695";"0,19656"
"23,09000";"2,40184";"0,19041"
"23,10000";"2,38673";"0,19217"
"23,11000";"2,37162";"0,19558"
"23,12000";"2,35674";"0,20149"
"23,13000";"2,34199";"0,20420"
"23,14000";"2,32711";"0,19852"
"23,15000";"2,31200";"0,19566"
"23,16000";"2,29701";"0,19903"
"23,17000";"2,28201";"0,20214"
"23,18000";"2,26702";"0,19854"
"23,19000";"2,25203";"0,19743"
"23,20000";"2,23703";"0,19917"
"23,21000";"2,22228";"0,19329"
"23,22000";"2,20728";"0,18783"
"23,23000";"2,19217";"0,19445"
"23,24000";"2,17706";"0,19855"
"23,25000";"2,16207";"0,20334"
"23,26000";"2,14708";"0,20081"
"23,27000";"2,13197";"0,19826"
"23,28000";"2,11697";"0,19350"
"23,29000";"2,10198";"0,19152"
"23,30000";"2,08699";"0,19055"
"23,31000";"2,07188";"0,19305"
"23,32000";"2,05688";"0,19282"
"23,33000";"2,04177";"0,18975"
"23,34000";"2,02678";"0,18944"
"23,35000";"2,01190";"0,19908"
"23,36000";"1,99703";"0,20379"
"23,37000";"1,98203";"0,20315"
"23,38000";"1,96704";"0,20415"
"23,39000";"1,95217";"0,20883"
"23,40000";"1,93694";"0,20320"
"23,41000";"1,92194";"0,20249"
"23,42000";"1,90695";"0,19680"
"23,43000";"1,89196";"0,19636"
"23,44000";"1,87697";"0,20103"
"23,45000";"1,86209";"0,20172"
"23,46000";"1,84710";"0,18992"
"23,47000";"1,83210";"0,18158"
"23,48000";"1,81699";"0,18708"
"23,49000";"1,80188";"0,19366"
"23,50000";"1,78689";"0,19981"
"23,51000";"1,77201";"0,20108"
"23,52000";"1,75702";"0,19711"
"23,53000";"1,74203";"0,18658"
"23,54000";"1,72703";"0,17444"
"23,55000";"1,71204";"0,17634"
"23,56000";"1,69705";"0,18067"
"23,57000";"1,68194";"0,18249"
"23,58000";"1,66694";"0,18636"
"23,59000";"1,65207";"0,19602"
"23,60000";"1,63708";"0,20394"
"23,61000";"1,62208";"0,21028"
"23,62000";"1,60697";"0,20381"
"23,63000";"1,59198";"0,20584"
"23,64000";"1,57699";"0,21559"
"23,65000";"1,56199";"0,21794"
"23,66000";"1,54688";"0,21271"
"23,67000";"1,53201";"0,20587"
"23,68000";"1,51713";"0,19300"
"23,69000";"1,50202";"0,18657"
"23,70000";"1,48691";"0,18381"
"23,71000";"1,47192";"0,17947"
"23,72000";"1,45692";"0,17788"
"23,73000";"1,44181";"0,17826"
"23,74000";"1,42682";"0,18527"
"23,75000";"1,41194";"0,18035"
"23,76000";"1,39707";"0,17974"
"23,77000";"1,38208";"0,18485"
"23,78000";"1,36697";"0,18962"
"23,79000";"1,35185";"0,19791"
"23,80000";"1,33686";"0,20881"
"23,81000";"1,32187";"0,20723"
"23,82000";"1,30676";"0,20894"
"23,83000";"1,29188";"0,20767"
"23,84000";"1,27701";"0,20007"
"23,85000";"1,26213";"0,19430"
"23,86000";"1,24714";"0,19447"
"23,87000";"1,23215";"0,19382"
"23,88000";"1,21715";"0,19307"
"23,89000";"1,20216";"0,19132"
"23,90000";"1,18717";"0,19002"
"23,91000";"1,17206";"0,19579"
"23,92000";"1,15718";"0,20283"
"23,93000";"1,14219";"0,20142"
"23,94000";"1,12708";"0,19918"
"23,95000";"1,11197";"0,19840"
"23,96000";"1,09685";"0,19695"
"23,97000";"1,08198";"0,20136"
"23,98000";"1,06710";"0,20896"
"23,99000";"1,05211";"0,20896"
"24,00000";"1,03712";"0,20200"
"24,01000";"1,02201";"0,19570"
"24,02000";"1,00690";"0,18924"
"24,03000";"0,99178";"0,18693"
"24,04000";"0,97679";"0,18182"
"24,05000";"0,96180";"0,18297"
"24,06000";"0,94692";"0,18407"
"24,07000";"0,93193";"0,18564"
"24,08000";"0,91706";"0,18199"
"24,09000";"0,90206";"0,18365"
"24,10000";"0,88695";"0,19135"
"24,11000";"0,87196";"0,19352"
"24,12000";"0,85673";"0,19314"
"24,13000";"0,84185";"0,18954"
"24,14000";"0,82698";"0,18225"
"24,15000";"0,81199";"0,18181"
"24,16000";"0,79711";"0,18261"
"24,17000";"0,78224";"0,18734"
"24,18000";"0,76736";"0,19299"
"24,19000";"0,75237";"0,19758"
"24,20000";"0,73714";"0,20746"
"24,21000";"0,72215";"0,21959"
"24,22000";"0,70727";"0,21567"
"24,23000";"0,69216";"0,21087"
"24,24000";"0,67705";"0,20447"
"24,25000";"0,66206";"0,19342"
"24,26000";"0,64706";"0,19277"
"24,27000";"0,63207";"0,19847"
"24,28000";"0,61696";"0,19666"
"24,29000";"0,60197";"0,19292"
"24,30000";"0,58721";"0,19241"
"24,31000";"0,57210";"0,19621"
"24,32000";"0,55699";"0,19205"
"24,33000";"0,54188";"0,18954"
"24,34000";"0,52688";"0,18603"
"24,35000";"0,51177";"0,18379"
"24,36000";"0,49678";"0,18586"
"24,37000";"0,48167";"0,18911"
"24,38000";"0,46691";"0,19193"
"24,39000";"0,45203";"0,19288"
"24,40000";"0,43704";"0,19352"
"24,41000";"0,42181";"0,19433"
"24,42000";"0,40682";"0,19344"
"24,43000";"0,39194";"0,19168"
"24,44000";"0,37683";"0,19430"
"24,45000";"0,36184";"0,19305"
"24,46000";"0,34685";"0,18508"
"24,47000";"0,33209";"0,18692"
"24,48000";"0,31710";"0,19321"
"24,49000";"0,30199";"0,19942"
"24,50000";"0,28699";"0,20675"
"24,51000";"0,27212";"0,21453"
"24,52000";"0,25701";"0,21781"
"24,53000";"0,24190";"0,21177"
"24,54000";"0,22690";"0,20279"
"24,55000";"0,21203";"0,19730"
"24,56000";"0,19703";"0,19133"
"24,57000";"0,18192";"0,18609"
"24,58000";"0,16681";"0,17956"
"24,59000";"0,15182";"0,18174"
"24,60000";"0,13694";"0,19109"
"24,61000";"0,12195";"0,20105"
"24,62000";"0,10708";"0,20351"
"24,63000";"0,09232";"0,20735"
"24,64000";"0,07733";"0,20374"
"24,65000";"0,06222";"0,20147"
"24,66000";"0,04710";"0,19295"
"24,67000";"0,03223";"0,18259"
"24,68000";"0,01724";"0,17750"
"24,69000";"0,00224";"0,18098"
"24,69200";"-0,00083";"0,18193"
"24,69400";"-0,00378";"0,18246"
"24,70400";"-0,01676";"0,18056"
"24,71400";"-0,02397";"0,20400"
"24,72000";"-0,02585";"0,22005"
"24,73000";"-0,02515";"0,23596"
"24,74000";"-0,02042";"0,24253"
"24,75000";"-0,00909";"0,25681"
"24,76000";"0,00767";"0,27333"
"24,77000";"0,02786";"0,27637"
"24,78000";"0,04947";"0,26877"
"24,79000";"0,07142";"0,24250"
"24,80000";"0,09291";"0,21931"
"24,81000";"0,11369";"0,20369"
"24,82000";"0,13352";"0,19929"
"24,83000";"0,15253";"0,19620"
"24,84000";"0,17059";"0,19535"
"24,85000";"0,18818";"0,19533"
"24,86000";"0,20530";"0,19465"
"24,87000";"0,22194";"0,19738"
"24,88000";"0,23824";"0,19611"
"24,89000";"0,25417";"0,19342"
"24,90000";"0,26999";"0,19673"
"24,91000";"0,28558";"0,20881"
"24,92000";"0,30104";"0,21020"
"24,93000";"0,31651";"0,20238"
"24,94000";"0,33197";"0,19185"
"24,95000";"0,34720";"0,18643"
"24,96000";"0,36231";"0,18769"
"24,97000";"0,37742";"0,19487"
"24,98000";"0,39242";"0,20662"
"24,99000";"0,40753";"0,20723"
"25,00000";"0,42252";"0,20074"
"25,01000";"0,43775";"0,19555"
"25,02000";"0,45286";"0,18735"
"25,03000";"0,46785";"0,17766"
"25,04000";"0,48285";"0,18644"
"25,05000";"0,49784";"0,19861"
"25,06000";"0,51283";"0,20159"
"25,07000";"0,52771";"0,20205"
"25,08000";"0,54282";"0,20131"
"25,09000";"0,55793";"0,20050"
"25,10000";"0,57292";"0,19696"
"25,11000";"0,58792";"0,19932"
"25,12000";"0,60291";"0,20802"
"25,13000";"0,61790";"0,21175"
"25,14000";"0,63290";"0,20645"
"25,15000";"0,64789";"0,20164"
"25,16000";"0,66288";"0,19903"
"25,17000";"0,67799";"0,19892"
"25,18000";"0,69299";"0,19331"
"25,19000";"0,70786";"0,18724"
"25,20000";"0,72285";"0,18256"
"25,21000";"0,73785";"0,17853"
"25,22000";"0,75284";"0,17710"
"25,23000";"0,76795";"0,17930"
"25,24000";"0,78306";"0,17765"
"25,25000";"0,79806";"0,17778"
"25,26000";"0,81317";"0,18257"
"25,27000";"0,82816";"0,18649"
"25,28000";"0,84303";"0,19160"
"25,29000";"0,85803";"0,19517"
"25,30000";"0,87290";"0,19230"
"25,31000";"0,88790";"0,19104"
"25,32000";"0,90289";"0,19547"
"25,33000";"0,91788";"0,20262"
"25,34000";"0,93288";"0,20184"
"25,35000";"0,94799";"0,20424"
"25,36000";"0,96298";"0,20521"
"25,37000";"0,97785";"0,20173"
"25,38000";"0,99285";"0,19696"
"25,39000";"1,00784";"0,19482"
"25,40000";"1,02295";"0,19067"
"25,41000";"1,03794";"0,19427"
"25,42000";"1,05294";"0,19733"
"25,43000";"1,06793";"0,20221"
"25,44000";"1,08292";"0,20286"
"25,45000";"1,09803";"0,19900"
"25,46000";"1,11291";"0,20091"
"25,47000";"1,12802";"0,20274"
"25,48000";"1,14313";"0,20588"
"25,49000";"1,15801";"0,20436"
"25,50000";"1,17300";"0,20164"
"25,51000";"1,18799";"0,20450"
"25,52000";"1,20299";"0,20647"
"25,53000";"1,21786";"0,20754"
"25,54000";"1,23285";"0,20680"
"25,55000";"1,24797";"0,20130"
"25,56000";"1,26308";"0,19890"
"25,57000";"1,27819";"0,19800"
"25,58000";"1,29306";"0,20023"
"25,59000";"1,30806";"0,19915"
"25,60000";"1,32293";"0,19640"
"25,61000";"1,33792";"0,19243"
"25,62000";"1,35280";"0,19377"
"25,63000";"1,36791";"0,19711"
"25,64000";"1,38302";"0,19310"
"25,65000";"1,39813";"0,19207"
"25,66000";"1,41313";"0,19029"
"25,67000";"1,42800";"0,19467"
"25,68000";"1,44311";"0,20126"
"25,69000";"1,45799";"0,19983"
"25,70000";"1,47298";"0,19949"
"25,71000";"1,48797";"0,20289"
"25,72000";"1,50297";"0,20282"
"25,73000";"1,51796";"0,20125"
"25,74000";"1,53295";"0,19694"
"25,75000";"1,54794";"0,19154"
"25,76000";"1,56282";"0,18916"
"25,77000";"1,57781";"0,18807"
"25,78000";"1,59281";"0,19575"
"25,79000";"1,60792";"0,20221"
"25,80000";"1,62303";"0,20776"
"25,81000";"1,63802";"0,21064"
"25,82000";"1,65290";"0,20440"
"25,83000";"1,66789";"0,19890"
"25,84000";"1,68300";"0,19362"
"25,85000";"1,69788";"0,19701"
"25,86000";"1,71299";"0,20180"
"25,87000";"1,72798";"0,20235"
"25,88000";"1,74297";"0,20480"
"25,89000";"1,75808";"0,20816"
"25,90000";"1,77296";"0,21423"
"25,91000";"1,78795";"0,21503"
"25,92000";"1,80283";"0,21192"
"25,93000";"1,81782";"0,21311"
"25,94000";"1,83281";"0,21140"
"25,95000";"1,84792";"0,20281"
"25,96000";"1,86292";"0,19416"
"25,97000";"1,87791";"0,19469"
"25,98000";"1,89302";"0,18990"
"25,99000";"1,90790";"0,18546"
"26,00000";"1,92289";"0,17960"
"26,01000";"1,93776";"0,18138"
"26,02000";"1,95264";"0,18360"
"26,03000";"1,96763";"0,18636"
"26,04000";"1,98274";"0,19579"
"26,05000";"1,99785";"0,19420"
"26,06000";"2,01285";"0,19371"
"26,07000";"2,02784";"0,19052"
"26,08000";"2,04295";"0,18368"
"26,09000";"2,05794";"0,18153"
"26,10000";"2,07294";"0,18945"
"26,11000";"2,08805";"0,20100"
"26,12000";"2,10304";"0,20931"
"26,13000";"2,11803";"0,21286"
"26,14000";"2,13315";"0,21681"
"26,15000";"2,14814";"0,21010"
"26,16000";"2,16313";"0,19945"
"26,17000";"2,17824";"0,19503"
"26,18000";"2,19324";"0,19739"
"26,19000";"2,20835";"0,19875"
"26,20000";"2,22334";"0,20203"
"26,21000";"2,23833";"0,19781"
"26,22000";"2,25333";"0,18871"
"26,23000";"2,26820";"0,18073"
"26,24000";"2,28308";"0,18577"
"26,25000";"2,29795";"0,18867"
"26,26000";"2,31283";"0,18647"
"26,27000";"2,32782";"0,18439"
"26,28000";"2,34281";"0,18488"
"26,29000";"2,35769";"0,18831"
"26,30000";"2,37268";"0,19422"
"26,31000";"2,38756";"0,20447"
"26,32000";"2,40255";"0,20742"
"26,33000";"2,41754";"0,20887"
"26,34000";"2,43265";"0,20438"
"26,35000";"2,44776";"0,19359"
"26,36000";"2,46299";"0,18712"
"26,37000";"2,47810";"0,19415"
"26,38000";"2,49322";"0,19639"
"26,39000";"2,50821";"0,19446"
"26,40000";"2,52308";"0,19161"
"26,41000";"2,53796";"0,18992"
"26,42000";"2,55295";"0,19018"
"26,43000";"2,56806";"0,19095"
"26,44000";"2,58306";"0,19770"
"26,45000";"2,59805";"0,20111"
"26,46000";"2,61304";"0,20635"
"26,47000";"2,62803";"0,20984"
"26,48000";"2,64303";"0,21568"
"26,49000";"2,65802";"0,21321"
"26,50000";"2,67301";"0,21117"
"26,51000";"2,68801";"0,20889"
"26,52000";"2,70300";"0,19712"
"26,53000";"2,71788";"0,19265"
"26,54000";"2,73287";"0,19471"
"26,55000";"2,74786";"0,19827"
"26,56000";"2,76262";"0,20032"
"26,57000";"2,77749";"0,20261"
"26,58000";"2,79249";"0,20178"
"26,59000";"2,80736";"0,19938"
"26,60000";"2,82235";"0,19332"
"26,61000";"2,83747";"0,19289"
"26,62000";"2,85258";"0,20008"
"26,63000";"2,86757";"0,19757"
"26,64000";"2,88268";"0,18689"
"26,65000";"2,89791";"0,18803"
"26,66000";"2,91302";"0,18461"
"26,67000";"2,92813";"0,18330"
"26,68000";"2,94324";"0,18580"
"26,69000";"2,95824";"0,18725"
"26,70000";"2,97335";"0,18573"
"26,71000";"2,98846";"0,19132"
"26,72000";"3,00345";"0,19934"
"26,73000";"3,01856";"0,20483"
"26,74000";"3,03356";"0,21168"
"26,75000";"3,04843";"0,21237"
"26,76000";"3,06331";"0,20734"
"26,77000";"3,07830";"0,20139"
"26,78000";"3,09329";"0,20114"
"26,79000";"3,10817";"0,20171"
"26,80000";"3,12304";"0,20020"
"26,81000";"3,13803";"0,20156"
"26,82000";"3,15291";"0,20491"
"26,83000";"3,16790";"0,21438"
"26,84000";"3,18301";"0,21653"
"26,85000";"3,19789";"0,21335"
"26,86000";"3,21288";"0,20756"
"26,87000";"3,22776";"0,20362"
"26,88000";"3,24251";"0,20152"
"26,89000";"3,25739";"0,20256"
"26,90000";"3,27238";"0,20608"
"26,91000";"3,28737";"0,20130"
"26,92000";"3,30249";"0,19047"
"26,93000";"3,31760";"0,18851"
"26,94000";"3,33283";"0,18018"
"26,95000";"3,34806";"0,17032"
"26,96000";"3,36317";"0,17145"
"26,97000";"3,37828";"0,17954"
"26,98000";"3,39339";"0,18901"
"26,99000";"3,40838";"0,19675"
"27,00000";"3,42349";"0,20327"
"27,01000";"3,43860";"0,20460"
"27,02000";"3,45360";"0,19935"
"27,03000";"3,46847";"0,18697"
"27,04000";"3,48335";"0,17808"
"27,05000";"3,49834";"0,17818"
"27,06000";"3,51322";"0,18792"
"27,07000";"3,52821";"0,19827"
"27,08000";"3,54308";"0,19925"
"27,09000";"3,55808";"0,20250"
"27,10000";"3,57307";"0,21317"
"27,11000";"3,58794";"0,21624"
"27,12000";"3,60282";"0,21305"
"27,13000";"3,61793";"0,20551"
"27,14000";"3,63292";"0,19728"
"27,15000";"3,64792";"0,19267"
"27,16000";"3,66279";"0,18906"
"27,17000";"3,67767";"0,18985"
"27,18000";"3,69254";"0,19410"
"27,19000";"3,70742";"0,20533"
"27,20000";"3,72241";"0,20991"
"27,21000";"3,73752";"0,20821"
"27,22000";"3,75251";"0,20101"
"27,23000";"3,76762";"0,20135"
"27,24000";"3,78274";"0,20953"
"27,25000";"3,79773";"0,20885"
"27,26000";"3,81272";"0,21053"
"27,27000";"3,82760";"0,20902"
"27,28000";"3,84283";"0,20874"
"27,29000";"3,85806";"0,21298"
"27,30000";"3,87340";"0,21146"
"27,31000";"3,88863";"0,20981"
"27,32000";"3,90374";"0,20482"
"27,33000";"3,91874";"0,19347"
"27,34000";"3,93373";"0,18489"
"27,35000";"3,94849";"0,18307"
"27,36000";"3,96348";"0,18728"
"27,37000";"3,97847";"0,19393"
"27,38000";"3,99335";"0,19838"
"27,39000";"4,00834";"0,20379"
"27,40000";"4,02322";"0,19741"
"27,41000";"4,03809";"0,18813"
"27,42000";"4,05308";"0,19017"
"27,43000";"4,06796";"0,19346"
"27,44000";"4,08307";"0,19738"
"27,45000";"4,09806";"0,19987"
"27,46000";"4,11306";"0,19554"
"27,47000";"4,12793";"0,19096"
"27,48000";"4,14292";"0,19488"
"27,49000";"4,15780";"0,19760"
"27,50000";"4,17267";"0,20010"
"27,51000";"4,18767";"0,20387"
"27,52000";"4,20266";"0,20976"
"27,53000";"4,21777";"0,20991"
"27,54000";"4,23276";"0,20642"
"27,55000";"4,24776";"0,20041"
"27,56000";"4,26287";"0,19777"
"27,57000";"4,27798";"0,19190"
"27,58000";"4,29309";"0,18947"
"27,59000";"4,30820";"0,18884"
"27,60000";"4,32331";"0,18770"
"27,61000";"4,33842";"0,19320"
"27,62000";"4,35365";"0,20607"
"27,63000";"4,36865";"0,21205"
"27,64000";"4,38352";"0,20618"
"27,65000";"4,39851";"0,19763"
"27,66000";"4,41327";"0,19703"
"27,67000";"4,42826";"0,20273"
"27,68000";"4,44326";"0,19839"
"27,69000";"4,45825";"0,18998"
"27,70000";"4,47324";"0,18548"
"27,71000";"4,48812";"0,19185"
"27,72000";"4,50299";"0,19913"
"27,73000";"4,51799";"0,20028"
"27,74000";"4,53274";"0,20545"
"27,75000";"4,54762";"0,20126"
"27,76000";"4,56261";"0,19573"
"27,77000";"4,57772";"0,19338"
"27,78000";"4,59272";"0,19382"
"27,79000";"4,60759";"0,19071"
"27,80000";"4,62258";"0,19410"
"27,81000";"4,63758";"0,20061"
"27,82000";"4,65257";"0,19996"
"27,83000";"4,66756";"0,20080"
"27,84000";"4,68279";"0,20086"
"27,85000";"4,69790";"0,20110"
"27,86000";"4,71313";"0,20087"
"27,87000";"4,72836";"0,19827"
"27,88000";"4,74335";"0,19951"
"27,89000";"4,75847";"0,20012"
"27,90000";"4,77334";"0,20319"
"27,91000";"4,78822";"0,20079"
"27,92000";"4,80321";"0,19019"
"27,93000";"4,81820";"0,18033"
"27,94000";"4,83331";"0,18412"
"27,95000";"4,84819";"0,18565"
"27,96000";"4,86318";"0,19048"
"27,97000";"4,87806";"0,19576"
"27,98000";"4,89293";"0,20107"
"27,99000";"4,90792";"0,20293"
"28,00000";"4,92292";"0,20198"
"28,01000";"4,93791";"0,20035"
"28,02000";"4,95290";"0,19989"
"28,03000";"4,96790";"0,19608"
"28,04000";"4,98277";"0,19039"
"28,05000";"4,99776";"0,18882"
"28,06000";"5,01288";"0,18733"
"28,07000";"5,02787";"0,18477"
"28,08000";"5,04286";"0,18409"
"28,09000";"5,05797";"0,18283"
"28,10000";"5,07308";"0,18016"
"28,11000";"5,08808";"0,18122"
"28,12000";"5,10295";"0,19076"
"28,13000";"5,11806";"0,20293"
"28,14000";"5,13294";"0,20801"
"28,15000";"5,14805";"0,21622"
"28,16000";"5,16316";"0,21561"
"28,17000";"5,17839";"0,20865"
"28,18000";"5,19338";"0,19986"
"28,19000";"5,20837";"0,19743"
"28,20000";"5,22325";"0,20245"
"28,21000";"5,23824";"0,20192"
"28,22000";"5,25312";"0,19334"
"28,23000";"5,26811";"0,18619"
"28,24000";"5,28310";"0,18656"
"28,25000";"5,29822";"0,18668"
"28,26000";"5,31321";"0,19501"
"28,27000";"5,32808";"0,20178"
"28,28000";"5,34308";"0,20241"
"28,29000";"5,35807";"0,19665"
"28,30000";"5,37306";"0,18739"
"28,31000";"5,38806";"0,18835"
"28,32000";"5,40293";"0,19354"
"28,33000";"5,41792";"0,19578"
"28,34000";"5,43280";"0,19248"
"28,35000";"5,44779";"0,18929"
"28,36000";"5,46278";"0,19194"
"28,37000";"5,47766";"0,19017"
"28,38000";"5,49277";"0,19324"
"28,39000";"5,50788";"0,19528"
"28,40000";"5,52299";"0,19926"
"28,41000";"5,53799";"0,20085"
"28,42000";"5,55310";"0,20010"
"28,43000";"5,56797";"0,20125"
"28,44000";"5,58308";"0,19735"
"28,45000";"5,59808";"0,19724"
"28,46000";"5,61307";"0,19712"
"28,47000";"5,62818";"0,20010"
"28,48000";"5,64317";"0,19764"
"28,49000";"5,65817";"0,19711"
"28,50000";"5,67316";"0,19826"
"28,51000";"5,68827";"0,19770"
"28,52000";"5,70326";"0,20027"
"28,53000";"5,71814";"0,20065"
"28,54000";"5,73325";"0,19824"
"28,55000";"5,74824";"0,19699"
"28,56000";"5,76324";"0,19797"
"28,57000";"5,77823";"0,20094"
"28,58000";"5,79310";"0,19744"
"28,59000";"5,80810";"0,19064"
"28,60000";"5,82297";"0,18514"
"28,61000";"5,83785";"0,18084"
"28,62000";"5,85272";"0,18905"
"28,63000";"5,86783";"0,19672"
"28,64000";"5,88283";"0,19839"
"28,65000";"5,89782";"0,20437"
"28,66000";"5,91281";"0,21297"
"28,67000";"5,92792";"0,21374"
"28,68000";"5,94292";"0,21620"
"28,69000";"5,95791";"0,21967"
"28,70000";"5,97290";"0,21199"
"28,71000";"5,98801";"0,20504"
"28,72000";"6,00312";"0,19739"
"28,73000";"6,01812";"0,19483"
"28,74000";"6,03311";"0,18904"
"28,75000";"6,04810";"0,19577"
"28,76000";"6,06310";"0,19909"
"28,77000";"6,07809";"0,19996"
"28,78000";"6,09308";"0,19688"
"28,79000";"6,10808";"0,19375"
"28,80000";"6,12307";"0,20038"
"28,81000";"6,13818";"0,20512"
"28,82000";"6,15306";"0,20005"
"28,83000";"6,16805";"0,19528"
"28,84000";"6,18304";"0,19447"
"28,85000";"6,19792";"0,19791"
"28,86000";"6,21303";"0,20735"
"28,87000";"6,22814";"0,21071"
"28,88000";"6,24325";"0,21167"
"28,89000";"6,25812";"0,21033"
"28,90000";"6,27312";"0,21368"
"28,91000";"6,28799";"0,21532"
"28,92000";"6,30287";"0,21410"
"28,93000";"6,31786";"0,21317"
"28,94000";"6,33297";"0,20635"
"28,95000";"6,34796";"0,19353"
"28,96000";"6,36296";"0,18734"
"28,97000";"6,37795";"0,17979"
"28,98000";"6,39294";"0,17976"
"28,99000";"6,40794";"0,18517"
"29,00000";"6,42293";"0,18445"
"29,01000";"6,43792";"0,18539"
"29,02000";"6,45303";"0,18164"
"29,03000";"6,46803";"0,18837"
"29,04000";"6,48290";"0,19413"
"29,05000";"6,49778";"0,19291"
"29,06000";"6,51277";"0,19722"
"29,07000";"6,52788";"0,19500"
"29,08000";"6,54287";"0,19380"
"29,09000";"6,55787";"0,19118"
"29,10000";"6,57298";"0,18714"
"29,11000";"6,58809";"0,18673"
"29,12000";"6,60308";"0,18189"
"29,13000";"6,61808";"0,17784"
"29,14000";"6,63295";"0,18417"
"29,15000";"6,64794";"0,18897"
"29,16000";"6,66282";"0,19194"
"29,17000";"6,67781";"0,19403"
"29,18000";"6,69292";"0,20388"
"29,19000";"6,70792";"0,21439"
"29,20000";"6,72291";"0,22274"
"29,21000";"6,73790";"0,22096"
"29,22000";"6,75290";"0,21840"
"29,23000";"6,76789";"0,20507"
"29,24000";"6,78288";"0,20169"
"29,25000";"6,79799";"0,20275"
"29,26000";"6,81299";"0,20301"
"29,27000";"6,82798";"0,20637"
"29,28000";"6,84297";"0,21282"
"29,29000";"6,85796";"0,21259"
"29,30000";"6,87296";"0,20792"
"29,31000";"6,88795";"0,20678"
"29,32000";"6,90294";"0,20515"
"29,33000";"6,91794";"0,19963"
"29,34000";"6,93293";"0,19442"
"29,35000";"6,94792";"0,19576"
"29,36000";"6,96292";"0,20192"
"29,37000";"6,97791";"0,20834"
"29,38000";"6,99302";"0,20166"
"29,39000";"7,00790";"0,20316"
"29,40000";"7,02289";"0,20808"
"29,41000";"7,03788";"0,21384"
"29,42000";"7,05288";"0,21909"
"29,43000";"7,06787";"0,21251"
"29,44000";"7,08298";"0,20316"
"29,45000";"7,09797";"0,19950"
"29,46000";"7,11297";"0,18799"
"29,47000";"7,12796";"0,18719"
"29,48000";"7,14283";"0,18648"
"29,49000";"7,15794";"0,18499"
"29,50000";"7,17306";"0,18047"
"29,51000";"7,18805";"0,18157"
"29,52000";"7,20304";"0,19058"
"29,53000";"7,21803";"0,20673"
"29,54000";"7,23303";"0,21909"
"29,55000";"7,24790";"0,22544"
"29,56000";"7,26290";"0,22540"
"29,57000";"7,27801";"0,22687"
"29,58000";"7,29300";"0,22159"
"29,59000";"7,30799";"0,21205"
"29,60000";"7,32299";"0,20644"
"29,61000";"7,33798";"0,19595"
"29,62000";"7,35297";"0,18659"
"29,63000";"7,36797";"0,18358"
"29,64000";"7,38296";"0,18956"
"29,65000";"7,39807";"0,19106"
"29,66000";"7,41318";"0,19817"
"29,67000";"7,42817";"0,20227"
"29,68000";"7,44317";"0,20492"
"29,69000";"7,45804";"0,21002"
"29,70000";"7,47292";"0,21174"
"29,71000";"7,48791";"0,21115"
"29,72000";"7,50290";"0,21203"
"29,73000";"7,51790";"0,21749"
"29,74000";"7,53289";"0,21400"
"29,75000";"7,54800";"0,20011"
"29,76000";"7,56299";"0,20184"
"29,77000";"7,57810";"0,20579"
"29,78000";"7,59286";"0,20286"
"29,79000";"7,60785";"0,20873"
"29,80000";"7,62285";"0,20881"
"29,81000";"7,63796";"0,20909"
"29,82000";"7,65295";"0,21193"
"29,83000";"7,66806";"0,20970"
"29,84000";"7,68306";"0,21208"
"29,85000";"7,69793";"0,21599"
"29,86000";"7,71292";"0,20837"
"29,87000";"7,72780";"0,20084"
"29,88000";"7,74291";"0,19822"
"29,89000";"7,75790";"0,20431"
"29,90000";"7,77290";"0,21340"
"29,91000";"7,78777";"0,21940"
"29,92000";"7,80276";"0,21332"
"29,93000";"7,81764";"0,20887"
"29,94000";"7,83263";"0,20769"
"29,95000";"7,84774";"0,20667"
"29,96000";"7,86285";"0,20638"
"29,97000";"7,87785";"0,20397"
"29,98000";"7,89296";"0,20599"
"29,99000";"7,90807";"0,20783"
"30,00000";"7,92306";"0,20020"
"30,01000";"7,93806";"0,19761"
"30,02000";"7,95293";"0,19715"
"30,03000";"7,96781";"0,19879"
"30,04000";"7,98292";"0,19759"
"30,05000";"7,99791";"0,20220"
"30,06000";"8,01290";"0,20236"
"30,07000";"8,02801";"0,20293"
"30,08000";"8,04301";"0,20185"
"30,09000";"8,05800";"0,20236"
"30,10000";"8,07299";"0,20622"
"30,11000";"8,08799";"0,20828"
"30,12000";"8,10298";"0,20446"
"30,13000";"8,11809";"0,20448"
"30,14000";"8,13308";"0,20155"
"30,15000";"8,14796";"0,19993"
"30,16000";"8,16307";"0,20465"
"30,17000";"8,17806";"0,20608"
"30,18000";"8,19306";"0,20229"
"30,19000";"8,20805";"0,20361"
"30,20000";"8,22304";"0,20638"
"30,21000";"8,23803";"0,20557"
"30,22000";"8,25315";"0,20132"
"30,23000";"8,26814";"0,20329"
"30,24000";"8,28325";"0,20721"
"30,25000";"8,29813";"0,21009"
"30,26000";"8,31312";"0,20931"
"30,27000";"8,32823";"0,20250"
"30,28000";"8,34322";"0,19962"
"30,29000";"8,35822";"0,20148"
"30,30000";"8,37321";"0,20903"
"30,31000";"8,38808";"0,21672"
"30,32000";"8,40296";"0,21791"
"30,33000";"8,41783";"0,21410"
"30,34000";"8,43283";"0,20645"
"30,35000";"8,44782";"0,20335"
"30,36000";"8,46281";"0,20899"
"30,37000";"8,47792";"0,21488"
"30,38000";"8,49315";"0,22052"
"30,39000";"8,50815";"0,22613"
"30,40000";"8,52314";"0,21936"
"30,41000";"8,53801";"0,20797"
"30,42000";"8,55301";"0,20273"
"30,43000";"8,56812";"0,19699"
"30,44000";"8,58311";"0,19975"
"30,45000";"8,59810";"0,20943"
"30,46000";"8,61322";"0,20993"
"30,47000";"8,62821";"0,21484"
"30,48000";"8,64308";"0,22199"
"30,49000";"8,65796";"0,22377"
"30,50000";"8,67283";"0,22066"
"30,51000";"8,68795";"0,22028"
"30,52000";"8,70294";"0,21448"
"30,53000";"8,71805";"0,20463"
"30,54000";"8,73304";"0,19935"
"30,55000";"8,74803";"0,19932"
"30,56000";"8,76303";"0,20005"
"30,57000";"8,77790";"0,19578"
"30,58000";"8,79290";"0,19978"
"30,59000";"8,80801";"0,21134"
"30,60000";"8,82300";"0,22125"
"30,61000";"8,83811";"0,22036"
"30,62000";"8,85299";"0,21324"
"30,63000";"8,86798";"0,20469"
"30,64000";"8,88297";"0,19774"
"30,65000";"8,89797";"0,19665"
"30,66000";"8,91284";"0,20515"
"30,67000";"8,92795";"0,20579"
"30,68000";"8,94294";"0,20801"
"30,69000";"8,95794";"0,20320"
"30,70000";"8,97281";"0,19544"
"30,71000";"8,98780";"0,19391"
"30,72000";"9,00280";"0,19546"
"30,73000";"9,01767";"0,19305"
"30,74000";"9,03267";"0,18955"
"30,75000";"9,04778";"0,18793"
"30,76000";"9,06301";"0,18945"
"30,77000";"9,07800";"0,19526"
"30,78000";"9,09299";"0,19953"
"30,79000";"9,10810";"0,19828"
"30,80000";"9,12322";"0,19978"
"30,81000";"9,13809";"0,20276"
"30,82000";"9,15308";"0,20234"
"30,83000";"9,16808";"0,19854"
"30,84000";"9,18319";"0,19074"
"30,85000";"9,19818";"0,19547"
"30,86000";"9,21317";"0,20651"
"30,87000";"9,22817";"0,20519"
"30,88000";"9,24316";"0,20607"
"30,89000";"9,25803";"0,21204"
"30,90000";"9,27303";"0,21322"
"30,91000";"9,28802";"0,21131"
"30,92000";"9,30313";"0,20092"
"30,93000";"9,31813";"0,19587"
"30,94000";"9,33312";"0,18792"
"30,95000";"9,34811";"0,18523"
"30,96000";"9,36310";"0,18574"
"30,97000";"9,37810";"0,18796"
"30,98000";"9,39309";"0,19073"
"30,99000";"9,40808";"0,19781"
"31,00000";"9,42308";"0,20082"
"31,01000";"9,43819";"0,20349"
"31,02000";"9,45330";"0,20251"
"31,03000";"9,46829";"0,20084"
"31,04000";"9,48317";"0,19936"
"31,05000";"9,49804";"0,20228"
"31,06000";"9,51304";"0,20303"
"31,07000";"9,52803";"0,20525"
"31,08000";"9,54302";"0,20501"
"31,09000";"9,55813";"0,21132"
"31,10000";"9,57312";"0,21349"
"31,11000";"9,58812";"0,20483"
"31,12000";"9,60299";"0,19768"
"31,13000";"9,61799";"0,19260"
"31,14000";"9,63310";"0,19474"
"31,15000";"9,64809";"0,19994"
"31,16000";"9,66297";"0,20366"
"31,17000";"9,67796";"0,20860"
"31,18000";"9,69307";"0,20787"
"31,19000";"9,70794";"0,20628"
"31,20000";"9,72294";"0,20602"
"31,21000";"9,73793";"0,20267"
"31,22000";"9,75304";"0,19784"
"31,23000";"9,76815";"0,19534"
"31,24000";"9,78303";"0,19897"
"31,25000";"9,79790";"0,19419"
"31,26000";"9,81290";"0,19152"
"31,27000";"9,82789";"0,19355"
"31,28000";"9,84276";"0,20064"
"31,29000";"9,85776";"0,19913"
"31,30000";"9,87287";"0,19572"
"31,31000";"9,88786";"0,19783"
"31,32000";"9,90297";"0,20340"
"31,33000";"9,91808";"0,20042"
"31,34000";"9,93308";"0,20583"
"31,35000";"9,94807";"0,21383"
"31,36000";"9,96306";"0,21965"
"31,37000";"9,97794";"0,21790"
"31,38000";"9,99305";"0,21738"
"31,39000";"10,00816";"0,21881"
"31,40000";"10,02315";"0,22419"
"31,41000";"10,03815";"0,22176"
"31,42000";"10,05314";"0,21438"
"31,43000";"10,06813";"0,21447"
"31,44000";"10,08301";"0,21665"
"31,45000";"10,09800";"0,21598"
"31,46000";"10,11299";"0,21747"
"31,47000";"10,12810";"0,22008"
"31,48000";"10,14310";"0,21811"
"31,49000";"10,15809";"0,21407"
"31,50000";"10,17308";"0,20291"
"31,51000";"10,18808";"0,19447"
"31,52000";"10,20307";"0,19742"
"31,53000";"10,21818";"0,19329"
"31,54000";"10,23318";"0,19310"
"31,55000";"10,24840";"0,19848"
"31,56000";"10,26340";"0,20724"
"31,57000";"10,27827";"0,21507"
"31,58000";"10,29315";"0,21642"
"31,59000";"10,30826";"0,20364"
"31,60000";"10,32313";"0,19087"
"31,61000";"10,33813";"0,18245"
"31,62000";"10,35312";"0,17548"
"31,63000";"10,36823";"0,18206"
"31,64000";"10,38334";"0,18775"
"31,65000";"10,39833";"0,19097"
"31,66000";"10,41321";"0,19152"
"31,67000";"10,42820";"0,19319"
"31,68000";"10,44308";"0,19789"
"31,69000";"10,45807";"0,20104"
"31,70000";"10,47318";"0,20728"
"31,71000";"10,48817";"0,20930"
"31,72000";"10,50317";"0,20880"
"31,73000";"10,51828";"0,20324"
"31,74000";"10,53315";"0,20279"
"31,75000";"10,54815";"0,20803"
"31,76000";"10,56290";"0,20862"
"31,77000";"10,57790";"0,20827"
"31,78000";"10,59289";"0,21237"
"31,79000";"10,60788";"0,21795"
"31,80000";"10,62288";"0,21692"
"31,81000";"10,63787";"0,21589"
"31,82000";"10,65286";"0,21039"
"31,83000";"10,66785";"0,20947"
"31,84000";"10,68285";"0,21344"
"31,85000";"10,69784";"0,21528"
"31,86000";"10,71295";"0,21784"
"31,87000";"10,72794";"0,21760"
"31,88000";"10,74282";"0,21061"
"31,89000";"10,75781";"0,20145"
"31,90000";"10,77281";"0,20298"
"31,91000";"10,78780";"0,21099"
"31,92000";"10,80279";"0,21120"
"31,93000";"10,81790";"0,20584"
"31,94000";"10,83290";"0,20005"
"31,95000";"10,84789";"0,20493"
"31,96000";"10,86300";"0,19992"
"31,97000";"10,87799";"0,19106"
"31,98000";"10,89299";"0,18758"
"31,99000";"10,90786";"0,18860"
"32,00000";"10,92285";"0,19237"
"32,01000";"10,93797";"0,19754"
"32,02000";"10,95308";"0,20328"
"32,03000";"10,96807";"0,20484"
"32,04000";"10,98306";"0,20514"
"32,05000";"10,99806";"0,20149"
"32,06000";"11,01305";"0,19501"
"32,07000";"11,02792";"0,18951"
"32,08000";"11,04292";"0,18810"
"32,09000";"11,05803";"0,18689"
"32,10000";"11,07302";"0,18988"
"32,11000";"11,08801";"0,19497"
"32,12000";"11,10301";"0,20632"
"32,13000";"11,11800";"0,21423"
"32,14000";"11,13299";"0,21512"
"32,15000";"11,14799";"0,20873"
"32,16000";"11,16298";"0,19815"
"32,17000";"11,17809";"0,19353"
"32,18000";"11,19308";"0,19574"
"32,19000";"11,20808";"0,19913"
"32,20000";"11,22307";"0,20353"
"32,21000";"11,23794";"0,20486"
"32,22000";"11,25294";"0,20586"
"32,23000";"11,26793";"0,20342"
"32,24000";"11,28292";"0,20888"
"32,25000";"11,29803";"0,20962"
"32,26000";"11,31303";"0,20820"
"32,27000";"11,32802";"0,21225"
"32,28000";"11,34290";"0,21077"
"32,29000";"11,35789";"0,21234"
"32,30000";"11,37288";"0,21040"
"32,31000";"11,38788";"0,20714"
"32,32000";"11,40287";"0,20679"
"32,33000";"11,41798";"0,21091"
"32,34000";"11,43309";"0,20978"
"32,35000";"11,44820";"0,21369"
"32,36000";"11,46319";"0,21304"
"32,37000";"11,47819";"0,21406"
"32,38000";"11,49306";"0,21512"
"32,39000";"11,50806";"0,22616"
"32,40000";"11,52317";"0,23035"
"32,41000";"11,53816";"0,23095"
"32,42000";"11,55315";"0,22767"
"32,43000";"11,56826";"0,22016"
"32,44000";"11,58326";"0,21481"
"32,45000";"11,59813";"0,21054"
"32,46000";"11,61312";"0,21740"
"32,47000";"11,62800";"0,21982"
"32,48000";"11,64311";"0,21388"
"32,49000";"11,65810";"0,20358"
"32,50000";"11,67310";"0,20358"
"32,51000";"11,68797";"0,20483"
"32,52000";"11,70296";"0,20296"
"32,53000";"11,71796";"0,20488"
"32,54000";"11,73295";"0,20719"
"32,55000";"11,74794";"0,21438"
"32,56000";"11,76306";"0,21798"
"32,57000";"11,77793";"0,21866"
"32,58000";"11,79292";"0,21616"
"32,59000";"11,80792";"0,20592"
"32,60000";"11,82291";"0,20386"
"32,61000";"11,83790";"0,20454"
"32,62000";"11,85278";"0,21262"
"32,63000";"11,86777";"0,21366"
"32,64000";"11,88288";"0,21369"
"32,65000";"11,89799";"0,22058"
"32,66000";"11,91299";"0,22463"
"32,67000";"11,92798";"0,21940"
"32,68000";"11,94309";"0,21305"
"32,69000";"11,95797";"0,20503"
"32,70000";"11,97284";"0,20614"
"32,71000";"11,98783";"0,21065"
"32,72000";"12,00294";"0,21128"
"32,73000";"12,01806";"0,21623"
"32,74000";"12,03305";"0,22052"
"32,75000";"12,04804";"0,21956"
"32,76000";"12,06304";"0,22085"
"32,77000";"12,07803";"0,22297"
"32,78000";"12,09302";"0,21033"
"32,79000";"12,10801";"0,19916"
"32,80000";"12,12301";"0,19465"
"32,81000";"12,13800";"0,19948"
"32,82000";"12,15299";"0,20997"
"32,83000";"12,16787";"0,21223"
"32,84000";"12,18286";"0,21145"
"32,85000";"12,19774";"0,20792"
"32,86000";"12,21273";"0,20863"
"32,87000";"12,22772";"0,21198"
"32,88000";"12,24283";"0,22026"
"32,89000";"12,25783";"0,22269"
"32,90000";"12,27294";"0,21800"
"32,91000";"12,28793";"0,21251"
"32,92000";"12,30292";"0,21210"
"32,93000";"12,31780";"0,21315"
"32,94000";"12,33279";"0,21215"
"32,95000";"12,34778";"0,21504"
"32,96000";"12,36290";"0,21538"
"32,97000";"12,37801";"0,21870"
"32,98000";"12,39312";"0,22079"
"32,99000";"12,40811";"0,21958"
"33,00000";"12,42299";"0,22098"
"33,01000";"12,43810";"0,22522"
"33,02000";"12,45297";"0,22884"
"33,03000";"12,46797";"0,22663"
"33,04000";"12,48308";"0,22463"
"33,05000";"12,49795";"0,21457"
"33,06000";"12,51294";"0,21079"
"33,07000";"12,52794";"0,20712"
"33,08000";"12,54305";"0,21245"
"33,09000";"12,55792";"0,21656"
"33,10000";"12,57292";"0,22325"
"33,11000";"12,58791";"0,22947"
"33,12000";"12,60290";"0,23068"
"33,13000";"12,61790";"0,22579"
"33,14000";"12,63289";"0,21573"
"33,15000";"12,64788";"0,20686"
"33,16000";"12,66288";"0,20635"
"33,17000";"12,67787";"0,21084"
"33,18000";"12,69286";"0,21461"
"33,19000";"12,70797";"0,22154"
"33,20000";"12,72308";"0,21732"
"33,21000";"12,73819";"0,21903"
"33,22000";"12,75319";"0,23391"
"33,23000";"12,76818";"0,23592"
"33,24000";"12,78294";"0,23602"
"33,25000";"12,79793";"0,23865"
"33,26000";"12,81292";"0,24102"
"33,27000";"12,82804";"0,23579"
"33,28000";"12,84315";"0,23173"
"33,29000";"12,85814";"0,22719"
"33,30000";"12,87313";"0,22248"
"33,31000";"12,88813";"0,21601"
"33,32000";"12,90312";"0,21134"
"33,33000";"12,91787";"0,21007"
"33,34000";"12,93287";"0,21443"
"33,35000";"12,94786";"0,22318"
"33,36000";"12,96274";"0,22726"
"33,37000";"12,97773";"0,22853"
"33,38000";"12,99272";"0,22652"
"33,39000";"13,00783";"0,21164"
"33,40000";"13,02294";"0,20690"
"33,41000";"13,03794";"0,20654"
"33,42000";"13,05305";"0,20929"
"33,43000";"13,06816";"0,21573"
"33,44000";"13,08327";"0,22179"
"33,45000";"13,09814";"0,22454"
"33,46000";"13,11314";"0,22497"
"33,47000";"13,12801";"0,22244"
"33,48000";"13,14301";"0,22676"
"33,49000";"13,15788";"0,22411"
"33,50000";"13,17287";"0,22463"
"33,51000";"13,18787";"0,22874"
"33,52000";"13,20286";"0,22935"
"33,53000";"13,21797";"0,23269"
"33,54000";"13,23297";"0,23463"
"33,55000";"13,24784";"0,23455"
"33,56000";"13,26271";"0,22698"
"33,57000";"13,27771";"0,22066"
"33,58000";"13,29270";"0,21944"
"33,59000";"13,30781";"0,22100"
"33,60000";"13,32292";"0,22096"
"33,61000";"13,33792";"0,22161"
"33,62000";"13,35303";"0,21993"
"33,63000";"13,36802";"0,22383"
"33,64000";"13,38290";"0,22711"
"33,65000";"13,39789";"0,22087"
"33,66000";"13,41288";"0,21727"
"33,67000";"13,42799";"0,22100"
"33,68000";"13,44299";"0,22859"
"33,69000";"13,45798";"0,23435"
"33,70000";"13,47297";"0,23760"
"33,71000";"13,48808";"0,23430"
"33,72000";"13,50308";"0,23283"
"33,73000";"13,51807";"0,22766"
"33,74000";"13,53306";"0,22322"
"33,75000";"13,54817";"0,22280"
"33,76000";"13,56317";"0,21701"
"33,77000";"13,57816";"0,20769"
"33,78000";"13,59303";"0,20833"
"33,79000";"13,60803";"0,22777"
"33,80000";"13,62290";"0,24398"
"33,81000";"13,63790";"0,24325"
"33,82000";"13,65289";"0,24034"
"33,83000";"13,66800";"0,23413"
"33,84000";"13,68299";"0,22325"
"33,85000";"13,69799";"0,21670"
"33,86000";"13,71310";"0,21588"
"33,87000";"13,72809";"0,21400"
"33,88000";"13,74296";"0,21159"
"33,89000";"13,75796";"0,20958"
"33,90000";"13,77307";"0,21460"
"33,91000";"13,78806";"0,22281"
"33,92000";"13,80306";"0,22988"
"33,93000";"13,81805";"0,24102"
"33,94000";"13,83328";"0,24424"
"33,95000";"13,84827";"0,24209"
"33,96000";"13,86326";"0,23984"
"33,97000";"13,87826";"0,23531"
"33,98000";"13,89325";"0,23366"
"33,99000";"13,90813";"0,23394"
"34,00000";"13,92312";"0,23531"
"34,01000";"13,93811";"0,24391"
"34,02000";"13,95310";"0,24765"
"34,03000";"13,96810";"0,24323"
"34,04000";"13,98309";"0,23740"
"34,05000";"13,99808";"0,22924"
"34,06000";"14,01319";"0,22404"
"34,07000";"14,02819";"0,22507"
"34,08000";"14,04306";"0,22434"
"34,09000";"14,05805";"0,22614"
"34,10000";"14,07305";"0,22521"
"34,11000";"14,08792";"0,22812"
"34,12000";"14,10280";"0,23099"
"34,13000";"14,11779";"0,23622"
"34,14000";"14,13278";"0,23731"
"34,15000";"14,14790";"0,23870"
"34,16000";"14,16289";"0,24044"
"34,17000";"14,17800";"0,24577"
"34,18000";"14,19288";"0,24521"
"34,19000";"14,20787";"0,24604"
"34,20000";"14,22274";"0,24817"
"34,21000";"14,23785";"0,25013"
"34,22000";"14,25296";"0,24907"
"34,23000";"14,26808";"0,24586"
"34,24000";"14,28319";"0,24892"
"34,25000";"14,29818";"0,24413"
"34,26000";"14,31329";"0,24434"
"34,27000";"14,32817";"0,24647"
"34,28000";"14,34304";"0,24224"
"34,29000";"14,35815";"0,24049"
"34,30000";"14,37315";"0,23608"
"34,31000";"14,38814";"0,23408"
"34,32000";"14,40313";"0,24253"
"34,33000";"14,41813";"0,25151"
"34,34000";"14,43312";"0,25807"
"34,35000";"14,44811";"0,25600"
"34,36000";"14,46299";"0,25195"
"34,37000";"14,47810";"0,24520"
"34,38000";"14,49321";"0,23975"
"34,39000";"14,50808";"0,24031"
"34,40000";"14,52308";"0,24800"
"34,41000";"14,53807";"0,25432"
"34,42000";"14,55306";"0,25251"
"34,43000";"14,56806";"0,25770"
"34,44000";"14,58305";"0,25972"
"34,45000";"14,59804";"0,25010"
"34,46000";"14,61303";"0,24048"
"34,47000";"14,62815";"0,24389"
"34,48000";"14,64326";"0,24935"
"34,49000";"14,65825";"0,25907"
"34,50000";"14,67313";"0,25731"
"34,51000";"14,68800";"0,25158"
"34,52000";"14,70299";"0,24983"
"34,53000";"14,71810";"0,25115"
"34,54000";"14,73322";"0,24433"
"34,55000";"14,74821";"0,24117"
"34,56000";"14,76332";"0,24235"
"34,57000";"14,77831";"0,24992"
"34,58000";"14,79331";"0,25777"
"34,59000";"14,80818";"0,25750"
"34,60000";"14,82317";"0,24975"
"34,61000";"14,83817";"0,24794"
"34,62000";"14,85304";"0,24620"
"34,63000";"14,86792";"0,25104"
"34,64000";"14,88291";"0,25414"
"34,65000";"14,89790";"0,25190"
"34,66000";"14,91290";"0,25103"
"34,67000";"14,92789";"0,25095"
"34,68000";"14,94288";"0,25204"
"34,69000";"14,95799";"0,25846"
"34,70000";"14,97310";"0,26329"
"34,71000";"14,98810";"0,26668"
"34,72000";"15,00309";"0,26382"
"34,73000";"15,01808";"0,25909"
"34,74000";"15,03308";"0,24934"
"34,75000";"15,04795";"0,24334"
"34,76000";"15,06306";"0,24644"
"34,77000";"15,07806";"0,25278"
"34,78000";"15,09305";"0,26155"
"34,79000";"15,10816";"0,26324"
"34,80000";"15,12303";"0,25955"
"34,81000";"15,13803";"0,26068"
"34,82000";"15,15290";"0,25685"
"34,83000";"15,16790";"0,25366"
"34,84000";"15,18301";"0,25778"
"34,85000";"15,19800";"0,26561"
"34,86000";"15,21299";"0,27045"
"34,87000";"15,22799";"0,27466"
"34,88000";"15,24298";"0,27447"
"34,89000";"15,25797";"0,27430"
"34,90000";"15,27285";"0,27395"
"34,91000";"15,28772";"0,27242"
"34,92000";"15,30283";"0,27057"
"34,93000";"15,31783";"0,27353"
"34,94000";"15,33294";"0,28100"
"34,95000";"15,34793";"0,28646"
"34,96000";"15,36292";"0,29067"
"34,97000";"15,37803";"0,28772"
"34,98000";"15,39291";"0,28392"
"34,99000";"15,40790";"0,27680"
"35,00000";"15,42301";"0,27004"
"35,01000";"15,43801";"0,27039"
"35,02000";"15,45300";"0,27315"
"35,03000";"15,46799";"0,27385"
"35,04000";"15,48275";"0,27595"
"35,05000";"15,49774";"0,27712"
"35,06000";"15,51262";"0,28558"
"35,07000";"15,52761";"0,29524"
"35,08000";"15,54272";"0,30512"
"35,09000";"15,55783";"0,31569"
"35,10000";"15,57294";"0,32139"
"35,11000";"15,58805";"0,32318"
"35,12000";"15,60317";"0,31727"
"35,13000";"15,61828";"0,31679"
"35,14000";"15,63327";"0,31457"
"35,15000";"15,64815";"0,31604"
"35,16000";"15,66314";"0,32216"
"35,17000";"15,67825";"0,32477"
"35,18000";"15,69324";"0,33167"
"35,19000";"15,70824";"0,33535"
"35,20000";"15,72311";"0,33478"
"35,21000";"15,73811";"0,33066"
"35,22000";"15,75298";"0,33444"
"35,23000";"15,76797";"0,34484"
"35,24000";"15,78297";"0,35446"
"35,25000";"15,79796";"0,35744"
"35,26000";"15,81295";"0,36151"
"35,27000";"15,82794";"0,36182"
"35,28000";"15,84294";"0,35849"
"35,29000";"15,85781";"0,35607"
"35,30000";"15,87281";"0,36124"
"35,31000";"15,88780";"0,36644"
"35,32000";"15,90291";"0,36951"
"35,33000";"15,91790";"0,37287"
"35,34000";"15,93290";"0,37319"
"35,35000";"15,94777";"0,37753"
"35,36000";"15,96276";"0,37657"
"35,37000";"15,97776";"0,37268"
"35,38000";"15,99275";"0,37609"
"35,39000";"16,00786";"0,38232"
"35,40000";"16,02297";"0,38861"
"35,41000";"16,03808";"0,39537"
"35,42000";"16,05319";"0,39913"
"35,43000";"16,06819";"0,40167"
"35,44000";"16,08306";"0,39090"
"35,45000";"16,09794";"0,39026"
"35,46000";"16,11293";"0,39497"
"35,47000";"16,12792";"0,40189"
"35,48000";"16,14304";"0,41004"
"35,49000";"16,15803";"0,42305"
"35,50000";"16,17314";"0,42727"
"35,51000";"16,18825";"0,43294"
"35,52000";"16,20324";"0,44218"
"35,53000";"16,21824";"0,44950"
"35,54000";"16,23311";"0,45190"
"35,55000";"16,24811";"0,46110"
"35,56000";"16,26310";"0,46919"
"35,57000";"16,27797";"0,47429"
"35,58000";"16,29296";"0,48002"
"35,59000";"16,30796";"0,48178"
"35,60000";"16,32295";"0,48786"
"35,61000";"16,33794";"0,49656"
"35,62000";"16,35294";"0,50216"
"35,63000";"16,36805";"0,49768"
"35,64000";"16,38304";"0,50685"
"35,65000";"16,39804";"0,51582"
"35,66000";"16,41303";"0,51439"
"35,67000";"16,42802";"0,51178"
"35,68000";"16,44301";"0,51112"
"35,69000";"16,45801";"0,51427"
"35,70000";"16,47300";"0,52190"
"35,71000";"16,48811";"0,53194"
"35,72000";"16,50322";"0,55546"
"35,73000";"16,51810";"0,58416"
"35,74000";"16,53309";"0,60120"
"35,75000";"16,54797";"0,60423"
"35,76000";"16,56284";"0,60874"
"35,77000";"16,57771";"0,61885"
"35,78000";"16,59271";"0,63872"
"35,79000";"16,60782";"0,66118"
"35,80000";"16,62293";"0,68299"
"35,81000";"16,63816";"0,70351"
"35,82000";"16,65315";"0,72552"
"35,83000";"16,66826";"0,74940"
"35,84000";"16,68314";"0,76249"
"35,85000";"16,69813";"0,77487"
"35,86000";"16,71313";"0,79684"
"35,87000";"16,72812";"0,81876"
"35,88000";"16,74299";"0,84152"
"35,89000";"16,75799";"0,86096"
"35,90000";"16,77286";"0,87704"
"35,91000";"16,78786";"0,89959"
"35,92000";"16,80285";"0,92702"
"35,93000";"16,81784";"0,94932"
"35,94000";"16,83283";"0,97396"
"35,95000";"16,84795";"0,99783"
"35,96000";"16,86306";"1,01860"
"35,97000";"16,87805";"1,04664"
"35,98000";"16,89304";"1,07765"
"35,99000";"16,90815";"1,11068"
"36,00000";"16,92303";"1,14398"
"36,01000";"16,93802";"1,18211"
"36,02000";"16,95313";"1,21869"
"36,03000";"16,96812";"1,25659"
"36,04000";"16,98312";"1,29141"
"36,05000";"16,99811";"1,33474"
"36,06000";"17,01299";"1,38104"
"36,07000";"17,02798";"1,43155"
"36,08000";"17,04297";"1,49152"
"36,09000";"17,05785";"1,54737"
"36,10000";"17,07284";"1,60635"
"36,11000";"17,08795";"1,66795"
"36,12000";"17,10295";"1,72732"
"36,13000";"17,11794";"1,78905"
"36,14000";"17,13293";"1,85950"
"36,15000";"17,14792";"1,93627"
"36,16000";"17,16292";"2,01021"
"36,17000";"17,17791";"2,09190"
"36,18000";"17,19290";"2,17613"
"36,19000";"17,20778";"2,26549"
"36,20000";"17,22277";"2,36133"
"36,21000";"17,23765";"2,46314"
"36,22000";"17,25264";"2,57849"
"36,23000";"17,26763";"2,70361"
"36,24000";"17,28263";"2,83729"
"36,25000";"17,29762";"2,99339"
"36,26000";"17,31285";"3,16206"
"36,27000";"17,32796";"3,34460"
"36,28000";"17,34307";"3,52959"
"36,29000";"17,35806";"3,72275"
"36,30000";"17,37305";"3,92749"
"36,31000";"17,38805";"4,13744"
"36,32000";"17,40293";"4,35077"
"36,33000";"17,41792";"4,58028"
"36,34000";"17,43303";"4,82755"
"36,35000";"17,44814";"5,09076"
"36,36000";"17,46313";"5,37226"
"36,37000";"17,47812";"5,67681"
"36,38000";"17,49312";"6,00418"
"36,39000";"17,50811";"6,35871"
"36,40000";"17,52299";"6,73411"
"36,41000";"17,53798";"7,13354"
"36,42000";"17,55297";"7,56474"
"36,43000";"17,56797";"8,02841"
"36,44000";"17,58296";"8,52085"
"36,45000";"17,59783";"9,04540"
"36,46000";"17,61283";"9,60108"
"36,47000";"17,62770";"10,18940"
"36,48000";"17,64258";"10,82609"
"36,49000";"17,65757";"11,50289"
"36,50000";"17,67245";"12,23464"
"36,51000";"17,68744";"13,01954"
"36,52000";"17,70255";"13,86206"
"36,53000";"17,71766";"14,77417"
"36,54000";"17,73277";"15,77059"
"36,55000";"17,74800";"16,83628"
"36,56000";"17,76311";"17,98141"
"36,57000";"17,77834";"19,21555"
"36,58000";"17,79333";"20,53705"
"36,59000";"17,80844";"21,94782"
"36,60000";"17,82332";"23,44404"
"36,61000";"17,83831";"25,02784"
"36,62000";"17,85319";"26,70870"
"36,63000";"17,86806";"28,48878"
"36,64000";"17,88305";"30,37342"
"36,65000";"17,89805";"32,37892"
"36,66000";"17,91304";"34,54685"
"36,67000";"17,92815";"36,89737"
"36,68000";"17,94314";"39,44565"
"36,69000";"17,95802";"42,18213"
"36,70000";"17,97301";"45,11481"
"36,71000";"17,98789";"48,26490"
"36,72000";"18,00277";"51,63707"
"36,73000";"18,01776";"55,24906"
"36,74000";"18,03275";"59,14260"
"36,75000";"18,04762";"63,35959"
"36,76000";"18,06250";"67,87402"
"36,77000";"18,07749";"72,74239"
"36,78000";"18,09225";"78,00621"
"36,79000";"18,10724";"83,67909"
"36,80000";"18,12235";"89,84821"
"36,81000";"18,13747";"96,57863"
"36,82000";"18,15258";"103,91821"
"36,83000";"18,16769";"111,90250"
"36,84000";"18,18292";"120,45429"
"36,85000";"18,19814";"129,34984"
"36,86000";"18,21314";"138,33685"
"36,87000";"18,22813";"147,21091"
"36,88000";"18,24301";"155,85541"
"36,89000";"18,25812";"164,31555"
"36,90000";"18,27311";"172,77609"
"36,91000";"18,28799";"181,36331"
"36,92000";"18,30298";"190,27991"
"36,93000";"18,31785";"199,67206"
"36,94000";"18,33273";"209,66969"
"36,95000";"18,34760";"220,44189"
"36,96000";"18,36260";"232,24359"
"36,97000";"18,37759";"245,27086"
"36,98000";"18,39258";"259,31390"
"36,99000";"18,40746";"273,82101"
"37,00000";"18,42245";"288,24731"
"37,01000";"18,43733";"302,19159"
"37,02000";"18,45220";"315,54959"
"37,03000";"18,46720";"328,42828"
"37,04000";"18,48231";"340,97064"
"37,05000";"18,49742";"353,47925"
"37,05200";"18,50048";"355,98920"
"37,05400";"18,50344";"358,49704"
"37,06400";"18,51654";"370,90338"
"37,07400";"18,52410";"381,50571"
"37,07800";"18,52563";"384,22275"
"37,08800";"18,52563";"384,77985"
"37,09800";"18,52115";"374,39368"
"37,10800";"18,51052";"351,11179"
"37,11800";"18,49399";"311,64148"
"37,12800";"18,47404";"254,45264"
"37,13800";"18,45232";"185,41852"
"37,14800";"18,43024";"115,67204"
"37,15800";"18,40864";"55,38900"
"37,16800";"18,38786";"10,93240"
"37,17800";"18,36779";"-16,15846"
"37,18800";"18,34855";"-28,51754"
"37,19800";"18,32990";"-30,26355"
"37,20800";"18,31207";"-25,75725"
"37,21800";"18,29495";"-19,27434"
"37,22800";"18,27842";"-13,56291"
"37,23800";"18,26237";"-9,65240"
"37,24800";"18,24667";"-7,51402"
"37,25800";"18,23108";"-6,66239"
"37,26800";"18,21527";"-6,60033"
"37,27800";"18,19933";"-6,89623"
"37,28800";"18,18363";"-7,25800"
"37,29800";"18,16816";"-7,52137"
"37,30800";"18,15293";"-7,62371"
"37,31800";"18,13758";"-7,60325"
"37,32800";"18,12235";"-7,51415"
"37,33800";"18,10724";"-7,37486"
"37,34800";"18,09213";"-7,20274"
"37,35800";"18,07714";"-7,00508"
"37,36800";"18,06215";"-6,79293"
"37,37800";"18,04715";"-6,57219"
"37,38800";"18,03216";"-6,33716"
"37,39800";"18,01717";"-6,10876"
"37,40800";"18,00206";"-5,89886"
"37,41800";"17,98706";"-5,70103"
"37,42800";"17,97207";"-5,50064"
"37,43800";"17,95696";"-5,30651"
"37,44800";"17,94208";"-5,11519"
"37,45800";"17,92697";"-4,91172"
"37,46800";"17,91210";"-4,68585"
"37,47800";"17,89710";"-4,45687"
"37,48800";"17,88211";"-4,23648"
"37,49800";"17,86688";"-4,02939"
"37,50800";"17,85177";"-3,83719"
"37,51800";"17,83690";"-3,65344"
"37,52800";"17,82190";"-3,47448"
"37,53800";"17,80703";"-3,29169"
"37,54800";"17,79227";"-3,10502"
"37,55800";"17,77740";"-2,93138"
"37,56800";"17,76240";"-2,77423"
"37,57800";"17,74718";"-2,62970"
"37,58800";"17,73195";"-2,49843"
"37,59800";"17,71683";"-2,36797"
"37,60800";"17,70196";"-2,23599"
"37,61800";"17,68696";"-2,11482"
"37,62800";"17,67186";"-2,01438"
"37,63800";"17,65686";"-1,93115"
"37,64800";"17,64175";"-1,85493"
"37,65800";"17,62675";"-1,78206"
"37,66800";"17,61165";"-1,72034"
"37,67800";"17,59677";"-1,66664"
"37,68800";"17,58201";"-1,60971"
"37,69800";"17,56714";"-1,55079"
"37,70800";"17,55202";"-1,49769"
"37,71800";"17,53703";"-1,44761"
"37,72800";"17,52216";"-1,39875"
"37,73800";"17,50705";"-1,34565"
"37,74800";"17,49194";"-1,28770"
"37,75800";"17,47694";"-1,23365"
"37,76800";"17,46219";"-1,17633"
"37,77800";"17,44731";"-1,11357"
"37,78800";"17,43220";"-1,05926"
"37,79800";"17,41709";"-1,00543"
"37,80800";"17,40210";"-0,96348"
"37,81800";"17,38699";"-0,92371"
"37,82800";"17,37188";"-0,87684"
"37,83800";"17,35688";"-0,82763"
"37,84800";"17,34201";"-0,78044"
"37,85800";"17,32713";"-0,72726"
"37,86800";"17,31202";"-0,67985"
"37,87800";"17,29703";"-0,63737"
"37,88800";"17,28204";"-0,60237"
"37,89800";"17,26704";"-0,57258"
"37,90800";"17,25193";"-0,54444"
"37,91800";"17,23694";"-0,52661"
"37,92800";"17,22206";"-0,51148"
"37,93800";"17,20719";"-0,49825"
"37,94800";"17,19219";"-0,48184"
"37,95800";"17,17708";"-0,47652"
"37,96800";"17,16197";"-0,47065"
"37,97800";"17,14698";"-0,45902"
"37,98800";"17,13187";"-0,45308"
"37,99800";"17,11687";"-0,44617"
"38,00800";"17,10200";"-0,42978"
"38,01800";"17,08713";"-0,41248"
"38,02800";"17,07201";"-0,39999"
"38,03800";"17,05690";"-0,39263"
"38,04800";"17,04203";"-0,38377"
"38,05800";"17,02692";"-0,38379"
"38,06800";"17,01192";"-0,38284"
"38,07800";"16,99693";"-0,37469"
"38,08800";"16,98206";"-0,35847"
"38,09800";"16,96706";"-0,35042"
"38,10800";"16,95207";"-0,34363"
"38,11800";"16,93696";"-0,33346"
"38,12800";"16,92185";"-0,32129"
"38,13800";"16,90686";"-0,30484"
"38,14800";"16,89186";"-0,28511"
"38,15800";"16,87687";"-0,26639"
"38,16800";"16,86188";"-0,25832"
"38,17800";"16,84700";"-0,25889"
"38,18800";"16,83201";"-0,25501"
"38,19800";"16,81701";"-0,24224"
"38,20800";"16,80190";"-0,23080"
"38,21800";"16,78691";"-0,22572"
"38,22800";"16,77192";"-0,22099"
"38,23800";"16,75704";"-0,21310"
"38,24800";"16,74205";"-0,20783"
"38,25800";"16,72706";"-0,19688"
"38,26800";"16,71206";"-0,19867"
"38,27800";"16,69695";"-0,19374"
"38,28800";"16,68184";"-0,18522"
"38,29800";"16,66685";"-0,17696"
"38,30800";"16,65197";"-0,17086"
"38,31800";"16,63710";"-0,16691"
"38,32800";"16,62211";"-0,16913"
"38,33800";"16,60699";"-0,16660"
"38,34800";"16,59200";"-0,16141"
"38,35800";"16,57689";"-0,14872"
"38,36800";"16,56178";"-0,14051"
"38,37800";"16,54667";"-0,13804"
"38,38800";"16,53179";"-0,13717"
"38,39800";"16,51692";"-0,14208"
"38,40800";"16,50204";"-0,14620"
"38,41800";"16,48693";"-0,13809"
"38,42800";"16,47194";"-0,12626"
"38,43800";"16,45706";"-0,11652"
"38,44800";"16,44195";"-0,11185"
"38,45800";"16,42696";"-0,10510"
"38,46800";"16,41208";"-0,10456"
"38,47800";"16,39721";"-0,10360"
"38,48800";"16,38222";"-0,10013"
"38,49800";"16,36710";"-0,10028"
"38,50800";"16,35211";"-0,09541"
"38,51800";"16,33724";"-0,08230"
"38,52800";"16,32224";"-0,07282"
"38,53800";"16,30713";"-0,07332"
"38,54800";"16,29214";"-0,07744"
"38,55800";"16,27738";"-0,07369"
"38,56800";"16,26239";"-0,06478"
"38,57800";"16,24716";"-0,05932"
"38,58800";"16,23205";"-0,05735"
"38,59800";"16,21706";"-0,05281"
"38,60800";"16,20206";"-0,03727"
"38,61800";"16,18707";"-0,03176"
"38,62800";"16,17208";"-0,03130"
"38,63800";"16,15732";"-0,03143"
"38,64800";"16,14233";"-0,02758"
"38,65800";"16,12710";"-0,02039"
"38,66800";"16,11187";"-0,01831"
"38,67800";"16,09687";"-0,02036"
"38,68800";"16,08188";"-0,01374"
"38,69800";"16,06677";"-0,00323"
"38,70800";"16,05178";"0,00346"
"38,71800";"16,03690";"0,00464"
"38,72800";"16,02203";"0,00830"
"38,73800";"16,00704";"0,01744"
"38,74800";"15,99192";"0,01460"
"38,75800";"15,97681";"0,01363"
"38,76800";"15,96194";"0,01986"
"38,77800";"15,94695";"0,02155"
"38,78800";"15,93195";"0,01865"
"38,79800";"15,91696";"0,00980"
"38,80800";"15,90208";"0,00904"
"38,81800";"15,88721";"0,01392"
"38,82800";"15,87210";"0,02146"
"38,83800";"15,85710";"0,03053"
"38,84800";"15,84211";"0,03409"
"38,85800";"15,82712";"0,03743"
"38,86800";"15,81213";"0,04190"
"38,87800";"15,79713";"0,04417"
"38,88800";"15,78226";"0,04501"
"38,89800";"15,76727";"0,04623"
"38,90800";"15,75215";"0,04506"
"38,91800";"15,73704";"0,04437"
"38,92800";"15,72193";"0,04181"
"38,93800";"15,70706";"0,04865"
"38,94800";"15,69218";"0,05752"
"38,95800";"15,67707";"0,06307"
"38,96800";"15,66220";"0,06117"
"38,97800";"15,64720";"0,06223"
"38,98800";"15,63221";"0,06527"
"38,99800";"15,61698";"0,07176"
"39,00800";"15,60175";"0,07796"
"39,01800";"15,58687";"0,08005"
"39,02800";"15,57188";"0,07832"
"39,03800";"15,55689";"0,07403"
"39,04800";"15,54190";"0,07790"
"39,05800";"15,52690";"0,08157"
"39,06800";"15,51191";"0,08743"
"39,07800";"15,49680";"0,08771"
"39,08800";"15,48180";"0,07591"
"39,09800";"15,46693";"0,07620"
"39,10800";"15,45205";"0,08812"
"39,11800";"15,43706";"0,09514"
"39,12800";"15,42207";"0,09384"
"39,13800";"15,40707";"0,08837"
"39,14800";"15,39220";"0,08856"
"39,15800";"15,37709";"0,09382"
"39,16800";"15,36198";"0,10035"
"39,17800";"15,34699";"0,10383"
"39,18800";"15,33211";"0,10064"
"39,19800";"15,31723";"0,09306"
"39,20800";"15,30201";"0,08063"
"39,21800";"15,28701";"0,07584"
"39,22800";"15,27202";"0,07601"
"39,23800";"15,25691";"0,08491"
"39,24800";"15,24192";"0,09600"
"39,25800";"15,22692";"0,09850"
"39,26800";"15,21205";"0,09877"
"39,27800";"15,19706";"0,09577"
"39,28800";"15,18206";"0,08444"
"39,29800";"15,16695";"0,07636"
"39,30800";"15,15208";"0,07531"
"39,31800";"15,13708";"0,07793"
"39,32800";"15,12197";"0,07685"
"39,33800";"15,10698";"0,07377"
"39,34800";"15,09210";"0,07439"
"39,35800";"15,07735";"0,07872"
"39,36800";"15,06223";"0,07912"
"39,37800";"15,04713";"0,08052"
"39,38800";"15,03213";"0,08105"
"39,39800";"15,01714";"0,09161"
"39,40800";"15,00215";"0,09417"
"39,41800";"14,98703";"0,09044"
"39,42800";"14,97228";"0,08093"
"39,43800";"14,95740";"0,07440"
"39,44800";"14,94241";"0,07254"
"39,45800";"14,92730";"0,08124"
"39,46800";"14,91231";"0,08742"
"39,47800";"14,89731";"0,09899"
"39,48800";"14,88232";"0,11566"
"39,49800";"14,86721";"0,11541"
"39,50800";"14,85210";"0,11214"
"39,51800";"14,83722";"0,10746"
"39,52800";"14,82223";"0,09670"
"39,53800";"14,80700";"0,09051"
"39,54800";"14,79189";"0,08727"
"39,55800";"14,77701";"0,09166"
"39,56800";"14,76214";"0,09594"
"39,57800";"14,74714";"0,09345"
"39,58800";"14,73215";"0,08981"
"39,59800";"14,71716";"0,08676"
"39,60800";"14,70217";"0,08844"
"39,61800";"14,68706";"0,09726"
"39,62800";"14,67194";"0,10478"
"39,63800";"14,65695";"0,10356"
"39,64800";"14,64208";"0,09777"
"39,65800";"14,62708";"0,09098"
"39,66800";"14,61197";"0,08727"
"39,67800";"14,59698";"0,08682"
"39,68800";"14,58199";"0,08685"
"39,69800";"14,56687";"0,08843"
"39,70800";"14,55165";"0,09295"
"39,71800";"14,53665";"0,09772"
"39,72800";"14,52190";"0,10186"
"39,73800";"14,50690";"0,10093"
"39,74800";"14,49179";"0,10230"
"39,75800";"14,47680";"0,08928"
"39,76800";"14,46192";"0,07953"
"39,77800";"14,44681";"0,08070"
"39,78800";"14,43170";"0,09285"
"39,79800";"14,41659";"0,09839"
"39,80800";"14,40183";"0,09922"
"39,81800";"14,38696";"0,10118"
"39,82800";"14,37185";"0,10449"
"39,83800";"14,35674";"0,10534"
"39,84800";"14,34186";"0,11090"
"39,85800";"14,32675";"0,11526"
"39,86800";"14,31164";"0,11298"
"39,87800";"14,29665";"0,11345"
"39,88800";"14,28189";"0,11468"
"39,89800";"14,26713";"0,11423"
"39,90800";"14,25202";"0,10827"
"39,91800";"14,23691";"0,10016"
"39,92800";"14,22192";"0,09418"
"39,93800";"14,20692";"0,08994"
"39,94800";"14,19181";"0,09511"
"39,95800";"14,17670";"0,09889"
"39,96800";"14,16206";"0,09891"
"39,97800";"14,14719";"0,10463"
"39,98800";"14,13219";"0,10753"
"39,99800";"14,11708";"0,10485"
"40,00800";"14,10197";"0,10406"
"40,01800";"14,08698";"0,09720"
"40,02800";"14,07187";"0,09790"
"40,03800";"14,05688";"0,09958"
"40,04800";"14,04188";"0,10303"
"40,05800";"14,02713";"0,10063"
"40,06800";"14,01225";"0,09503"
"40,07800";"13,99714";"0,09219"
"40,08800";"13,98226";"0,08922"
"40,09800";"13,96739";"0,08483"
"40,10800";"13,95228";"0,09551"
"40,11800";"13,93717";"0,10222"
"40,12800";"13,92217";"0,09915"
"40,13800";"13,90730";"0,09720"
"40,14800";"13,89231";"0,09195"
"40,15800";"13,87719";"0,09306"
"40,16800";"13,86196";"0,09074"
"40,17800";"13,84697";"0,09262"
"40,18800";"13,83210";"0,09294"
"40,19800";"13,81710";"0,09728"
"40,20800";"13,80211";"0,10307"
"40,21800";"13,78712";"0,10305"
"40,22800";"13,77212";"0,10007"
"40,23800";"13,75690";"0,09491"
"40,24800";"13,74179";"0,09783"
"40,25800";"13,72679";"0,09845"
"40,26800";"13,71180";"0,10334"
"40,27800";"13,69692";"0,10287"
"40,28800";"13,68193";"0,09844"
"40,29800";"13,66706";"0,09782"
"40,30800";"13,65218";"0,10113"
"40,31800";"13,63707";"0,09966"
"40,32800";"13,62196";"0,09945"
"40,33800";"13,60685";"0,09344"
"40,34800";"13,59185";"0,09243"
"40,35800";"13,57698";"0,09478"
"40,36800";"13,56187";"0,09926"
"40,37800";"13,54688";"0,10108"
"40,38800";"13,53200";"0,09797"
"40,39800";"13,51701";"0,09635"
"40,40800";"13,50190";"0,09921"
"40,41800";"13,48678";"0,10195"
"40,42800";"13,47191";"0,10645"
"40,43800";"13,45704";"0,10952"
"40,44800";"13,44204";"0,11419"
"40,45800";"13,42693";"0,12071"
"40,46800";"13,41206";"0,11718"
"40,47800";"13,39694";"0,11611"
"40,48800";"13,38195";"0,11867"
"40,49800";"13,36672";"0,11579"
"40,50800";"13,35185";"0,11177"
"40,51800";"13,33709";"0,11581"
"40,52800";"13,32210";"0,12212"
"40,53800";"13,30699";"0,12639"
"40,54800";"13,29199";"0,13310"
"40,55800";"13,27712";"0,14913"
"40,56800";"13,26201";"0,15782"
"40,57800";"13,24678";"0,16272"
"40,58800";"13,23178";"0,15326"
"40,59800";"13,21703";"0,14405"
"40,60800";"13,20215";"0,14161"
"40,61800";"13,18704";"0,13997"
"40,62800";"13,17193";"0,13391"
"40,63800";"13,15694";"0,12967"
"40,64800";"13,14183";"0,13218"
"40,65800";"13,12671";"0,13268"
"40,66800";"13,11172";"0,14087"
"40,67800";"13,09685";"0,14072"
"40,68800";"13,08209";"0,14380"
"40,69800";"13,06698";"0,14976"
"40,70800";"13,05199";"0,16033"
"40,71800";"13,03699";"0,15549"
"40,72800";"13,02200";"0,14649"
"40,73800";"13,00689";"0,13596"
"40,74800";"12,99189";"0,12799"
"40,75800";"12,97702";"0,12062"
"40,76800";"12,96215";"0,11358"
"40,77800";"12,94703";"0,11585"
"40,78800";"12,93204";"0,12783"
"40,79800";"12,91705";"0,14489"
"40,80800";"12,90205";"0,15264"
"40,81800";"12,88706";"0,15044"
"40,82800";"12,87195";"0,14818"
"40,83800";"12,85708";"0,14018"
"40,84800";"12,84220";"0,13439"
"40,85800";"12,82709";"0,13320"
"40,86800";"12,81198";"0,13340"
"40,87800";"12,79699";"0,13940"
"40,88800";"12,78199";"0,14821"
"40,89800";"12,76700";"0,15364"
"40,90800";"12,75189";"0,15461"
"40,91800";"12,73701";"0,15323"
"40,92800";"12,72214";"0,15317"
"40,93800";"12,70715";"0,15539"
"40,94800";"12,69192";"0,16271"
"40,95800";"12,67681";"0,15866"
"40,96800";"12,66181";"0,15607"
"40,97800";"12,64682";"0,15111"
"40,98800";"12,63183";"0,14065"
"40,99800";"12,61683";"0,13308"
"41,00800";"12,60196";"0,12325"
"41,01800";"12,58697";"0,11853"
"41,02800";"12,57197";"0,12463"
"41,03800";"12,55686";"0,12910"
"41,04800";"12,54187";"0,12288"
"41,05800";"12,52688";"0,12147"
"41,06800";"12,51188";"0,11539"
"41,07800";"12,49677";"0,11699"
"41,08800";"12,48178";"0,12153"
"41,09800";"12,46690";"0,13314"
"41,10800";"12,45179";"0,14619"
"41,11800";"12,43680";"0,15305"
"41,12800";"12,42169";"0,14435"
"41,13800";"12,40681";"0,13461"
"41,14800";"12,39206";"0,12503"
"41,15800";"12,37718";"0,12315"
"41,16800";"12,36219";"0,12369"
"41,17800";"12,34708";"0,11863"
"41,18800";"12,33208";"0,11537"
"41,19800";"12,31697";"0,11202"
"41,20800";"12,30186";"0,11248"
"41,21800";"12,28687";"0,11959"
"41,22800";"12,27199";"0,12675"
"41,23800";"12,25700";"0,13227"
"41,24800";"12,24201";"0,13144"
"41,25800";"12,22701";"0,12657"
"41,26800";"12,21202";"0,11982"
"41,27800";"12,19691";"0,11895"
"41,28800";"12,18180";"0,11418"
"41,29800";"12,16692";"0,11242"
"41,30800";"12,15205";"0,11557"
"41,31800";"12,13717";"0,12173"
"41,32800";"12,12206";"0,12125"
"41,33800";"12,10707";"0,11235"
"41,34800";"12,09219";"0,11581"
"41,35800";"12,07720";"0,12015"
"41,36800";"12,06209";"0,12107"
"41,37800";"12,04722";"0,11934"
"41,38800";"12,03222";"0,12489"
"41,39800";"12,01723";"0,12903"
"41,40800";"12,00212";"0,12522"
"41,41800";"11,98701";"0,11802"
"41,42800";"11,97190";"0,11188"
"41,43800";"11,95690";"0,12011"
"41,44800";"11,94191";"0,12855"
"41,45800";"11,92692";"0,13216"
"41,46800";"11,91204";"0,12966"
"41,47800";"11,89717";"0,12242"
"41,48800";"11,88206";"0,11397"
"41,49800";"11,86695";"0,11108"
"41,50800";"11,85195";"0,10854"
"41,51800";"11,83696";"0,10491"
"41,52800";"11,82185";"0,10651"
"41,53800";"11,80685";"0,11488"
"41,54800";"11,79186";"0,11640"
"41,55800";"11,77710";"0,11669"
"41,56800";"11,76211";"0,11246"
"41,57800";"11,74688";"0,11276"
"41,58800";"11,73189";"0,10978"
"41,59800";"11,71690";"0,10374"
"41,60800";"11,70202";"0,10426"
"41,61800";"11,68691";"0,10781"
"41,62800";"11,67192";"0,10260"
"41,63800";"11,65693";"0,10532"
"41,64800";"11,64193";"0,11406"
"41,65800";"11,62694";"0,11368"
"41,66800";"11,61183";"0,11347"
"41,67800";"11,59683";"0,11664"
"41,68800";"11,58196";"0,11894"
"41,69800";"11,56697";"0,11548"
"41,70800";"11,55197";"0,10859"
"41,71800";"11,53686";"0,09929"
"41,72800";"11,52187";"0,09720"
"41,73800";"11,50699";"0,09973"
"41,74800";"11,49188";"0,10635"
"41,75800";"11,47689";"0,11288"
"41,76800";"11,46201";"0,11527"
"41,77800";"11,44714";"0,11140"
"41,78800";"11,43215";"0,10604"
"41,79800";"11,41715";"0,11170"
"41,80800";"11,40216";"0,11100"
"41,81800";"11,38717";"0,11092"
"41,82800";"11,37194";"0,11034"
"41,83800";"11,35683";"0,11048"
"41,84800";"11,34183";"0,11195"
"41,85800";"11,32696";"0,11410"
"41,86800";"11,31196";"0,11433"
"41,87800";"11,29697";"0,11407"
"41,88800";"11,28198";"0,11308"
"41,89800";"11,26710";"0,11374"
"41,90800";"11,25199";"0,11363"
"41,91800";"11,23700";"0,11117"
"41,92800";"11,22201";"0,10842"
"41,93800";"11,20713";"0,10295"
"41,94800";"11,19202";"0,10270"
"41,95800";"11,17691";"0,10705"
"41,96800";"11,16192";"0,11153"
"41,97800";"11,14704";"0,11879"
"41,98800";"11,13205";"0,12045"
"41,99800";"11,11694";"0,11882"
"42,00800";"11,10194";"0,11484"
"42,01800";"11,08707";"0,11940"
"42,02800";"11,07208";"0,12122"
"42,03800";"11,05696";"0,12026"
"42,04800";"11,04185";"0,10781"
"42,05800";"11,02686";"0,09642"
"42,06800";"11,01187";"0,09443"
"42,07800";"10,99676";"0,09545"
"42,08800";"10,98188";"0,09641"
"42,09800";"10,96712";"0,09955"
"42,10800";"10,95225";"0,10459"
"42,11800";"10,93714";"0,11212"
"42,12800";"10,92191";"0,10730"
"42,13800";"10,90692";"0,09677"
"42,14800";"10,89192";"0,09490"
"42,15800";"10,87681";"0,10015"
"42,16800";"10,86182";"0,10442"
"42,17800";"10,84694";"0,10361"
"42,18800";"10,83195";"0,10490"
"42,19800";"10,81696";"0,10600"
"42,20800";"10,80173";"0,10322"
"42,21800";"10,78686";"0,09672"
"42,22800";"10,77186";"0,09798"
"42,23800";"10,75699";"0,10490"
"42,24800";"10,74199";"0,10072"
"42,25800";"10,72700";"0,09856"
"42,26800";"10,71213";"0,10024"
"42,27800";"10,69725";"0,09506"
"42,28800";"10,68214";"0,09310"
"42,29800";"10,66715";"0,09988"
"42,30800";"10,65215";"0,10525"
"42,31800";"10,63728";"0,09653"
"42,32800";"10,62228";"0,08540"
"42,33800";"10,60717";"0,07678"
"42,34800";"10,59230";"0,07906"
"42,35800";"10,57731";"0,08704"
"42,36800";"10,56219";"0,09097"
"42,37800";"10,54708";"0,08253"
"42,38800";"10,53209";"0,08381"
"42,39800";"10,51722";"0,08294"
"42,40800";"10,50234";"0,08894"
"42,41800";"10,48735";"0,09378"
"42,42800";"10,47235";"0,09542"
"42,43800";"10,45736";"0,09488"
"42,44800";"10,44225";"0,09997"
"42,45800";"10,42714";"0,09931"
"42,46800";"10,41215";"0,09384"
"42,47800";"10,39715";"0,09104"
"42,48800";"10,38216";"0,08770"
"42,49800";"10,36717";"0,08321"
"42,50800";"10,35206";"0,08192"
"42,51800";"10,33706";"0,08211"
"42,52800";"10,32207";"0,08734"
"42,53800";"10,30696";"0,09158"
"42,54800";"10,29185";"0,09392"
"42,55800";"10,27697";"0,09759"
"42,56800";"10,26210";"0,10348"
"42,57800";"10,24699";"0,09867"
"42,58800";"10,23199";"0,09427"
"42,59800";"10,21712";"0,09826"
"42,60800";"10,20224";"0,10286"
"42,61800";"10,18713";"0,09789"
"42,62800";"10,17190";"0,09120"
"42,63800";"10,15703";"0,08886"
"42,64800";"10,14204";"0,09540"
"42,65800";"10,12692";"0,09890"
"42,66800";"10,11181";"0,09789"
"42,67800";"10,09694";"0,09428"
"42,68800";"10,08183";"0,09225"
"42,69800";"10,06671";"0,09011"
"42,70800";"10,05160";"0,08726"
"42,71800";"10,03673";"0,08928"
"42,72800";"10,02185";"0,09056"
"42,73800";"10,00686";"0,09186"
"42,74800";"9,99175";"0,08854"
"42,75800";"9,97688";"0,08729"
"42,76800";"9,96200";"0,09145"
"42,77800";"9,94689";"0,09384"
"42,78800";"9,93190";"0,10163"
"42,79800";"9,91690";"0,10669"
"42,80800";"9,90215";"0,10267"
"42,81800";"9,88715";"0,10808"
"42,82800";"9,87192";"0,10979"
"42,83800";"9,85681";"0,09965"
"42,84800";"9,84194";"0,09394"
"42,85800";"9,82683";"0,09196"
"42,86800";"9,81183";"0,09859"
"42,87800";"9,79684";"0,10796"
"42,88800";"9,78197";"0,11453"
"42,89800";"9,76709";"0,11054"
"42,90800";"9,75198";"0,10632"
"42,91800";"9,73699";"0,10651"
"42,92800";"9,72211";"0,09873"
"42,93800";"9,70724";"0,09315"
"42,94800";"9,69213";"0,08494"
"42,95800";"9,67713";"0,08116"
"42,96800";"9,66214";"0,07742"
"42,97800";"9,64726";"0,08005"
"42,98800";"9,63215";"0,08183"
"42,99800";"9,61704";"0,08274"
"43,00800";"9,60193";"0,08541"
"43,01800";"9,58694";"0,08888"
"43,02800";"9,57206";"0,09047"
"43,03800";"9,55707";"0,09264"
"43,04800";"9,54208";"0,09532"
"43,05800";"9,52720";"0,09990"
"43,06800";"9,51221";"0,10405"
"43,07800";"9,49710";"0,10922"
"43,08800";"9,48199";"0,11061"
"43,09800";"9,46711";"0,10855"
"43,10800";"9,45212";"0,10614"
"43,11800";"9,43713";"0,10158"
"43,12800";"9,42213";"0,09945"
"43,13800";"9,40726";"0,10061"
"43,14800";"9,39215";"0,09671"
"43,15800";"9,37704";"0,08629"
"43,16800";"9,36192";"0,07580"
"43,17800";"9,34693";"0,07455"
"43,18800";"9,33206";"0,07799"
"43,19800";"9,31694";"0,08120"
"43,20800";"9,30195";"0,08295"
"43,21800";"9,28708";"0,08962"
"43,22800";"9,27220";"0,09358"
"43,23800";"9,25721";"0,10375"
"43,24800";"9,24198";"0,10878"
"43,25800";"9,22699";"0,11086"
"43,26800";"9,21199";"0,11542"
"43,27800";"9,19712";"0,12146"
"43,28800";"9,18189";"0,11206"
"43,29800";"9,16690";"0,09725"
"43,30800";"9,15202";"0,09129"
"43,31800";"9,13703";"0,09108"
"43,32800";"9,12180";"0,08975"
"43,33800";"9,10692";"0,09400"
"43,34800";"9,09205";"0,09703"
"43,35800";"9,07717";"0,10009"
"43,36800";"9,06206";"0,09885"
"43,37800";"9,04695";"0,09386"
"43,38800";"9,03196";"0,09304"
"43,39800";"9,01708";"0,09475"
"43,40800";"9,00185";"0,09926"
"43,41800";"8,98674";"0,09870"
"43,42800";"8,97187";"0,10107"
"43,43800";"8,95699";"0,10817"
"43,44800";"8,94200";"0,11117"
"43,45800";"8,92689";"0,11031"
"43,46800";"8,91190";"0,11210"
"43,47800";"8,89702";"0,11555"
"43,48800";"8,88179";"0,11186"
"43,49800";"8,86680";"0,10862"
"43,50800";"8,85192";"0,10665"
"43,51800";"8,83717";"0,10972"
"43,52800";"8,82217";"0,11058"
"43,53800";"8,80694";"0,10680"
"43,54800";"8,79195";"0,10588"
"43,55800";"8,77708";"0,10353"
"43,56800";"8,76208";"0,09837"
"43,57800";"8,74697";"0,09315"
"43,58800";"8,73210";"0,09218"
"43,59800";"8,71722";"0,09256"
"43,60800";"8,70235";"0,09734"
"43,61800";"8,68724";"0,09741"
"43,62800";"8,67213";"0,09352"
"43,63800";"8,65713";"0,09149"
"43,64800";"8,64214";"0,09301"
"43,65800";"8,62703";"0,09705"
"43,66800";"8,61203";"0,09637"
"43,67800";"8,59728";"0,10166"
"43,68800";"8,58228";"0,10220"
"43,69800";"8,56729";"0,10363"
"43,70800";"8,55206";"0,09722"
"43,71800";"8,53707";"0,09440"
"43,72800";"8,52196";"0,09933"
"43,73800";"8,50685";"0,10361"
"43,74800";"8,49185";"0,10592"
"43,75800";"8,47698";"0,10856"
"43,76800";"8,46199";"0,10589"
"43,77800";"8,44687";"0,10492"
"43,78800";"8,43165";"0,09982"
"43,79800";"8,41665";"0,09552"
"43,80800";"8,40178";"0,09430"
"43,81800";"8,38679";"0,09038"
"43,82800";"8,37179";"0,09151"
"43,83800";"8,35680";"0,09639"
"43,84800";"8,34204";"0,10562"
"43,85800";"8,32705";"0,11258"
"43,86800";"8,31182";"0,11626"
"43,87800";"8,29683";"0,11637"
"43,88800";"8,28183";"0,11282"
"43,89800";"8,26696";"0,10796"
"43,90800";"8,25185";"0,10360"
"43,91800";"8,23685";"0,10060"
"43,92800";"8,22186";"0,09721"
"43,93800";"8,20699";"0,09387"
"43,94800";"8,19188";"0,09497"
"43,95800";"8,17676";"0,09189"
"43,96800";"8,16189";"0,09529"
"43,97800";"8,14701";"0,10535"
"43,98800";"8,13202";"0,10996"
"43,99800";"8,11703";"0,11635"
"44,00800";"8,10192";"0,11825"
"44,01800";"8,08692";"0,11568"
"44,02800";"8,07193";"0,11740"
"44,03800";"8,05682";"0,12429"
"44,04800";"8,04183";"0,11567"
"44,05800";"8,02707";"0,10832"
"44,06800";"8,01208";"0,10623"
"44,07800";"7,99708";"0,11165"
"44,08800";"7,98197";"0,11149"
"44,09800";"7,96710";"0,11718"
"44,10800";"7,95199";"0,12304"
"44,11800";"7,93699";"0,12094"
"44,12800";"7,92200";"0,11548"
"44,13800";"7,90712";"0,11703"
"44,14800";"7,89225";"0,13320"
"44,15800";"7,87714";"0,14689"
"44,16800";"7,86203";"0,15005"
"44,17800";"7,84704";"0,15377"
"44,18800";"7,83204";"0,15593"
"44,19800";"7,81693";"0,16215"
"44,20800";"7,80182";"0,16186"
"44,21800";"7,78694";"0,16526"
"44,22800";"7,77219";"0,16988"
"44,23800";"7,75719";"0,17160"
"44,24800";"7,74208";"0,17637"
"44,25800";"7,72709";"0,18477"
"44,26800";"7,71210";"0,19362"
"44,27800";"7,69710";"0,20271"
"44,28800";"7,68199";"0,20437"
"44,29800";"7,66712";"0,20253"
"44,30800";"7,65224";"0,20735"
"44,31800";"7,63725";"0,21119"
"44,32800";"7,62214";"0,21375"
"44,33800";"7,60703";"0,20871"
"44,34800";"7,59192";"0,20607"
"44,35800";"7,57692";"0,20754"
"44,36800";"7,56169";"0,20973"
"44,37800";"7,54682";"0,20373"
"44,38800";"7,53194";"0,19309"
"44,39800";"7,51695";"0,19398"
"44,40800";"7,50184";"0,20051"
"44,41800";"7,48685";"0,20428"
"44,42800";"7,47174";"0,20546"
"44,43800";"7,45686";"0,20909"
"44,44800";"7,44187";"0,21361"
"44,45800";"7,42687";"0,20715"
"44,46800";"7,41188";"0,20671"
"44,47800";"7,39701";"0,20643"
"44,48800";"7,38190";"0,19719"
"44,49800";"7,36679";"0,18285"
"44,50800";"7,35179";"0,18304"
"44,51800";"7,33680";"0,18964"
"44,52800";"7,32181";"0,20089"
"44,53800";"7,30681";"0,20457"
"44,54800";"7,29194";"0,20411"
"44,55800";"7,27706";"0,20781"
"44,56800";"7,26207";"0,21034"
"44,57800";"7,24696";"0,21766"
"44,58800";"7,23185";"0,22466"
"44,59800";"7,21685";"0,21991"
"44,60800";"7,20198";"0,21430"
"44,61800";"7,18699";"0,20923"
"44,62800";"7,17199";"0,19818"
"44,63800";"7,15700";"0,19578"
"44,64800";"7,14201";"0,19656"
"44,65800";"7,12690";"0,20670"
"44,66800";"7,11190";"0,21588"
"44,67800";"7,09691";"0,21269"
"44,68800";"7,08204";"0,20321"
"44,69800";"7,06704";"0,20041"
"44,70800";"7,05193";"0,19866"
"44,71800";"7,03694";"0,19611"
"44,72800";"7,02194";"0,20350"
"44,73800";"7,00683";"0,21084"
"44,74800";"6,99184";"0,20772"
"44,75800";"6,97697";"0,20394"
"44,76800";"6,96209";"0,20298"
"44,77800";"6,94722";"0,20318"
"44,78800";"6,93222";"0,20055"
"44,79800";"6,91723";"0,19702"
"44,80800";"6,90224";"0,19634"
"44,81800";"6,88724";"0,19709"
"44,82800";"6,87201";"0,19773"
"44,83800";"6,85702";"0,20160"
"44,84800";"6,84203";"0,20853"
"44,85800";"6,82715";"0,21123"
"44,86800";"6,81204";"0,21335"
"44,87800";"6,79705";"0,21542"
"44,88800";"6,78206";"0,20704"
"44,89800";"6,76706";"0,20355"
"44,90800";"6,75195";"0,20257"
"44,91800";"6,73684";"0,19520"
"44,92800";"6,72197";"0,19142"
"44,93800";"6,70709";"0,18690"
"44,94800";"6,69221";"0,18981"
"44,95800";"6,67722";"0,19423"
"44,96800";"6,66211";"0,19090"
"44,97800";"6,64700";"0,19478"
"44,98800";"6,63189";"0,19390"
"44,99800";"6,61678";"0,19011"
"45,00800";"6,60178";"0,18592"
"45,01800";"6,58703";"0,18396"
"45,02800";"6,57203";"0,19087"
"45,03800";"6,55692";"0,20204"
"45,04800";"6,54193";"0,20274"
"45,05800";"6,52694";"0,20806"
"45,06800";"6,51183";"0,21558"
"45,07800";"6,49683";"0,22170"
"45,08800";"6,48184";"0,22419"
"45,09800";"6,46696";"0,22399"
"45,10800";"6,45197";"0,21973"
"45,11800";"6,43710";"0,21305"
"45,12800";"6,42210";"0,20990"
"45,13800";"6,40723";"0,20952"
"45,14800";"6,39224";"0,20965"
"45,15800";"6,37712";"0,21194"
"45,16800";"6,36213";"0,20490"
"45,17800";"6,34714";"0,20141"
"45,18800";"6,33215";"0,20157"
"45,19800";"6,31703";"0,20731"
"45,20800";"6,30192";"0,20807"
"45,21800";"6,28705";"0,20144"
"45,22800";"6,27206";"0,19595"
"45,23800";"6,25718";"0,19634"
"45,24800";"6,24207";"0,19989"
"45,25800";"6,22708";"0,20082"
"45,26800";"6,21208";"0,20378"
"45,27800";"6,19697";"0,21212"
"45,28800";"6,18186";"0,21704"
"45,29800";"6,16663";"0,21130"
"45,30800";"6,15176";"0,20466"
"45,31800";"6,13676";"0,19985"
"45,32800";"6,12189";"0,20282"
"45,33800";"6,10690";"0,20649"
"45,34800";"6,09202";"0,20456"
"45,35800";"6,07703";"0,19484"
"45,36800";"6,06192";"0,19249"
"45,37800";"6,04681";"0,19008"
"45,38800";"6,03181";"0,18682"
"45,39800";"6,01706";"0,19349"
"45,40800";"6,00206";"0,20560"
"45,41800";"5,98707";"0,21300"
"45,42800";"5,97208";"0,21304"
"45,43800";"5,95708";"0,20917"
"45,44800";"5,94197";"0,20764"
"45,45800";"5,92686";"0,20863"
"45,46800";"5,91199";"0,20768"
"45,47800";"5,89711";"0,20016"
"45,48800";"5,88224";"0,20235"
"45,49800";"5,86724";"0,20998"
"45,50800";"5,85213";"0,21228"
"45,51800";"5,83714";"0,20200"
"45,52800";"5,82203";"0,19947"
"45,53800";"5,80692";"0,20147"
"45,54800";"5,79192";"0,19684"
"45,55800";"5,77717";"0,19176"
"45,56800";"5,76229";"0,19400"
"45,57800";"5,74706";"0,19506"
"45,58800";"5,73207";"0,18909"
"45,59800";"5,71708";"0,18755"
"45,60800";"5,70220";"0,19176"
"45,61800";"5,68697";"0,20288"
"45,62800";"5,67198";"0,20629"
"45,63800";"5,65710";"0,20702"
"45,64800";"5,64211";"0,21039"
"45,65800";"5,62712";"0,21285"
"45,66800";"5,61189";"0,21431"
"45,67800";"5,59690";"0,20533"
"45,68800";"5,58190";"0,19107"
"45,69800";"5,56691";"0,18375"
"45,70800";"5,55192";"0,18780"
"45,71800";"5,53704";"0,19717"
"45,72800";"5,52217";"0,20789"
"45,73800";"5,50717";"0,20963"
"45,74800";"5,49206";"0,20691"
"45,75800";"5,47707";"0,20343"
"45,76800";"5,46208";"0,20286"
"45,77800";"5,44697";"0,20417"
"45,78800";"5,43185";"0,20518"
"45,79800";"5,41698";"0,20650"
"45,80800";"5,40210";"0,20820"
"45,81800";"5,38711";"0,21107"
"45,82800";"5,37200";"0,21438"
"45,83800";"5,35701";"0,21766"
"45,84800";"5,34201";"0,21350"
"45,85800";"5,32714";"0,20938"
"45,86800";"5,31215";"0,20639"
"45,87800";"5,29715";"0,19947"
"45,88800";"5,28228";"0,19642"
"45,89800";"5,26717";"0,19938"
"45,90800";"5,25206";"0,19958"
"45,91800";"5,23694";"0,19446"
"45,92800";"5,22195";"0,19076"
"45,93800";"5,20696";"0,19362"
"45,94800";"5,19197";"0,20070"
"45,95800";"5,17697";"0,21268"
"45,96800";"5,16210";"0,22638"
"45,97800";"5,14722";"0,22749"
"45,98800";"5,13211";"0,22471"
"45,99800";"5,11700";"0,21460"
"46,00800";"5,10189";"0,20396"
"46,01800";"5,08690";"0,20155"
"46,02800";"5,07202";"0,20117"
"46,03800";"5,05703";"0,20564"
"46,04800";"5,04204";"0,20934"
"46,05800";"5,02716";"0,20860"
"46,06800";"5,01217";"0,21092"
"46,07800";"4,99706";"0,21439"
"46,08800";"4,98194";"0,20422"
"46,09800";"4,96695";"0,19445"
"46,10800";"4,95196";"0,18767"
"46,11800";"4,93685";"0,19187"
"46,12800";"4,92174";"0,19815"
"46,13800";"4,90686";"0,20616"
"46,14800";"4,89187";"0,21379"
"46,15800";"4,87676";"0,21735"
"46,16800";"4,86165";"0,21139"
"46,17800";"4,84677";"0,20377"
"46,18800";"4,83201";"0,19762"
"46,19800";"4,81714";"0,19425"
"46,20800";"4,80203";"0,19232"
"46,21800";"4,78715";"0,18573"
"46,22800";"4,77216";"0,18959"
"46,23800";"4,75717";"0,19722"
"46,24800";"4,74194";"0,20038"
"46,25800";"4,72694";"0,19855"
"46,26800";"4,71207";"0,19999"
"46,27800";"4,69719";"0,20514"
"46,28800";"4,68220";"0,21014"
"46,29800";"4,66709";"0,20457"
"46,30800";"4,65222";"0,19802"
"46,31800";"4,63722";"0,20083"
"46,32800";"4,62199";"0,20024"
"46,33800";"4,60688";"0,20267"
"46,34800";"4,59201";"0,20033"
"46,35800";"4,57701";"0,20424"
"46,36800";"4,56214";"0,20713"
"46,37800";"4,54703";"0,20645"
"46,38800";"4,53227";"0,20721"
"46,39800";"4,51740";"0,21283"
"46,40800";"4,50228";"0,21780"
"46,41800";"4,48717";"0,22590"
"46,42800";"4,47230";"0,23144"
"46,43800";"4,45742";"0,22890"
"46,44800";"4,44231";"0,22703"
"46,45800";"4,42720";"0,21691"
"46,46800";"4,41209";"0,20532"
"46,47800";"4,39710";"0,20497"
"46,48800";"4,38210";"0,20269"
"46,49800";"4,36699";"0,20652"
"46,50800";"4,35200";"0,20450"
"46,51800";"4,33724";"0,20401"
"46,52800";"4,32225";"0,20631"
"46,53800";"4,30702";"0,20014"
"46,54800";"4,29203";"0,19689"
"46,55800";"4,27715";"0,19221"
"46,56800";"4,26216";"0,19877"
"46,57800";"4,24705";"0,19686"
"46,58800";"4,23217";"0,19493"
"46,59800";"4,21730";"0,19697"
"46,60800";"4,20254";"0,20957"
"46,61800";"4,18731";"0,21797"
"46,62800";"4,17208";"0,21460"
"46,63800";"4,15709";"0,21344"
"46,64800";"4,14222";"0,21681"
"46,65800";"4,12722";"0,21545"
"46,66800";"4,11211";"0,21473"
"46,67800";"4,09712";"0,21641"
"46,68800";"4,08213";"0,21381"
"46,69800";"4,06701";"0,21183"
"46,70800";"4,05190";"0,20878"
"46,71800";"4,03691";"0,20428"
"46,72800";"4,02203";"0,20112"
"46,73800";"4,00704";"0,19976"
"46,74800";"3,99193";"0,19988"
"46,75800";"3,97682";"0,20469"
"46,76800";"3,96194";"0,21963"
"46,77800";"3,94683";"0,23212"
"46,78800";"3,93172";"0,23780"
"46,79800";"3,91673";"0,22702"
"46,80800";"3,90197";"0,21740"
"46,81800";"3,88698";"0,21347"
"46,82800";"3,87187";"0,20331"
"46,83800";"3,85676";"0,19555"
"46,84800";"3,84165";"0,19753"
"46,85800";"3,82665";"0,20672"
"46,86800";"3,81154";"0,21294"
"46,87800";"3,79643";"0,21131"
"46,88800";"3,78167";"0,20768"
"46,89800";"3,76692";"0,21062"
"46,90800";"3,75192";"0,21974"
"46,91800";"3,73681";"0,21657"
"46,92800";"3,72182";"0,21473"
"46,93800";"3,70683";"0,21295"
"46,94800";"3,69160";"0,20747"
"46,95800";"3,67649";"0,19605"
"46,96800";"3,66161";"0,18885"
"46,97800";"3,64685";"0,19413"
"46,98800";"3,63198";"0,19732"
"46,99800";"3,61687";"0,19606"
"47,00800";"3,60199";"0,19386"
"47,01800";"3,58700";"0,19737"
"47,02800";"3,57201";"0,19931"
"47,03800";"3,55690";"0,20106"
"47,04800";"3,54202";"0,20313"
"47,05800";"3,52726";"0,20422"
"47,06800";"3,51227";"0,20673"
"47,07800";"3,49704";"0,20133"
"47,08800";"3,48205";"0,19652"
"47,09800";"3,46717";"0,19880"
"47,10800";"3,45206";"0,20823"
"47,11800";"3,43695";"0,20730"
"47,12800";"3,42208";"0,20677"
"47,13800";"3,40732";"0,20795"
"47,14800";"3,39233";"0,20911"
"47,15800";"3,37710";"0,21304"
"47,16800";"3,36199";"0,20702"
"47,17800";"3,34699";"0,19257"
"47,18800";"3,33200";"0,18284"
"47,19800";"3,31689";"0,18148"
"47,20800";"3,30190";"0,19241"
"47,21800";"3,28702";"0,20174"
"47,22800";"3,27215";"0,20985"
"47,23800";"3,25703";"0,21447"
"47,24800";"3,24192";"0,21211"
"47,25800";"3,22693";"0,20384"
"47,26800";"3,21194";"0,19645"
"47,27800";"3,19694";"0,19513"
"47,28800";"3,18183";"0,20485"
"47,29800";"3,16696";"0,20957"
"47,30800";"3,15197";"0,21470"
"47,31800";"3,13697";"0,21271"
"47,32800";"3,12174";"0,20736"
"47,33800";"3,10687";"0,20499"
"47,34800";"3,09187";"0,20357"
"47,35800";"3,07700";"0,21266"
"47,36800";"3,06189";"0,21556"
"47,37800";"3,04701";"0,21341"
"47,38800";"3,03202";"0,21149"
"47,39800";"3,01703";"0,21601"
"47,40800";"3,00192";"0,22273"
"47,41800";"2,98681";"0,22575"
"47,42800";"2,97193";"0,22487"
"47,43800";"2,95706";"0,22135"
"47,44800";"2,94206";"0,21636"
"47,45800";"2,92707";"0,21120"
"47,46800";"2,91208";"0,20647"
"47,47800";"2,89708";"0,20768"
"47,48800";"2,88197";"0,21474"
"47,49800";"2,86686";"0,21581"
"47,50800";"2,85187";"0,21980"
"47,51800";"2,83699";"0,22400"
"47,52800";"2,82212";"0,21630"
"47,53800";"2,80713";"0,21312"
"47,54800";"2,79213";"0,20908"
"47,55800";"2,77714";"0,20660"
"47,56800";"2,76203";"0,20124"
"47,57800";"2,74680";"0,20058"
"47,58800";"2,73181";"0,20066"
"47,59800";"2,71693";"0,20914"
"47,60800";"2,70206";"0,21768"
"47,61800";"2,68694";"0,21354"
"47,62800";"2,67195";"0,20313"
"47,63800";"2,65696";"0,20159"
"47,64800";"2,64197";"0,20348"
"47,65800";"2,62685";"0,21126"
"47,66800";"2,61174";"0,21155"
"47,67800";"2,59687";"0,21381"
"47,68800";"2,58211";"0,21834"
"47,69800";"2,56700";"0,21663"
"47,70800";"2,55189";"0,20930"
"47,71800";"2,53690";"0,20199"
"47,72800";"2,52190";"0,19985"
"47,73800";"2,50679";"0,20074"
"47,74800";"2,49180";"0,19438"
"47,75800";"2,47692";"0,19735"
"47,76800";"2,46217";"0,20022"
"47,77800";"2,44717";"0,19956"
"47,78800";"2,43194";"0,19696"
"47,79800";"2,41695";"0,20156"
"47,80800";"2,40196";"0,20594"
"47,81800";"2,38685";"0,21143"
"47,82800";"2,37162";"0,21303"
"47,83800";"2,35674";"0,20862"
"47,84800";"2,34210";"0,19746"
"47,85800";"2,32711";"0,18760"
"47,86800";"2,31200";"0,18585"
"47,87800";"2,29701";"0,18726"
"47,88800";"2,28213";"0,19793"
"47,89800";"2,26714";"0,20540"
"47,90800";"2,25203";"0,21326"
"47,91800";"2,23703";"0,22020"
"47,92800";"2,22216";"0,21808"
"47,93800";"2,20717";"0,22081"
"47,94800";"2,19206";"0,21798"
"47,95800";"2,17706";"0,20711"
"47,96800";"2,16195";"0,19787"
"47,97800";"2,14696";"0,20150"
"47,98800";"2,13197";"0,20591"
"47,99800";"2,11697";"0,20588"
"48,00800";"2,10210";"0,20875"
"48,01800";"2,08710";"0,21155"
"48,02800";"2,07199";"0,21438"
"48,03800";"2,05688";"0,21043"
"48,04800";"2,04189";"0,20247"
"48,05800";"2,02690";"0,19835"
"48,06800";"2,01190";"0,19975"
"48,07800";"1,99703";"0,20770"
"48,08800";"1,98203";"0,21126"
"48,09800";"1,96704";"0,21151"
"48,10800";"1,95193";"0,20931"
"48,11800";"1,93694";"0,21219"
"48,12800";"1,92183";"0,21206"
"48,13800";"1,90683";"0,21173"
"48,14800";"1,89196";"0,20804"
"48,15800";"1,87697";"0,20872"
"48,16800";"1,86197";"0,21383"
"48,17800";"1,84698";"0,20884"
"48,18800";"1,83199";"0,20486"
"48,19800";"1,81699";"0,20190"
"48,20800";"1,80188";"0,19499"
"48,21800";"1,78689";"0,19368"
"48,22800";"1,77201";"0,20129"
"48,23800";"1,75702";"0,20915"
"48,24800";"1,74203";"0,21049"
"48,25800";"1,72703";"0,20650"
"48,26800";"1,71204";"0,19953"
"48,27800";"1,69705";"0,20557"
"48,28800";"1,68194";"0,19801"
"48,29800";"1,66706";"0,19599"
"48,30800";"1,65207";"0,19586"
"48,31800";"1,63719";"0,19980"
"48,32800";"1,62208";"0,20571"
"48,33800";"1,60697";"0,20737"
"48,34800";"1,59210";"0,20552"
"48,35800";"1,57710";"0,21090"
"48,36800";"1,56187";"0,21235"
"48,37800";"1,54700";"0,20833"
"48,38800";"1,53201";"0,20582"
"48,39800";"1,51713";"0,19890"
"48,40800";"1,50214";"0,19269"
"48,41800";"1,48703";"0,19515"
"48,42800";"1,47192";"0,19358"
"48,43800";"1,45692";"0,18835"
"48,44800";"1,44193";"0,19409"
"48,45800";"1,42682";"0,20749"
"48,46800";"1,41194";"0,21526"
"48,47800";"1,39719";"0,21945"
"48,48800";"1,38208";"0,21828"
"48,49800";"1,36697";"0,21451"
"48,50800";"1,35185";"0,20234"
"48,51800";"1,33686";"0,18793"
"48,52800";"1,32175";"0,17829"
"48,53800";"1,30676";"0,17920"
"48,54800";"1,29188";"0,17741"
"48,55800";"1,27701";"0,17825"
"48,56800";"1,26201";"0,18310"
"48,57800";"1,24702";"0,19259"
"48,58800";"1,23203";"0,19787"
"48,59800";"1,21703";"0,20638"
"48,60800";"1,20216";"0,21267"
"48,61800";"1,18705";"0,21300"
"48,62800";"1,17206";"0,21106"
"48,63800";"1,15718";"0,21211"
"48,64800";"1,14219";"0,21564"
"48,65800";"1,12708";"0,22163"
"48,66800";"1,11197";"0,21797"
"48,67800";"1,09697";"0,21645"
"48,68800";"1,08210";"0,21383"
"48,69800";"1,06710";"0,21183"
"48,70800";"1,05211";"0,20545"
"48,71800";"1,03712";"0,20274"
"48,72800";"1,02201";"0,20513"
"48,73800";"1,00701";"0,21151"
"48,74800";"0,99190";"0,20628"
"48,75800";"0,97691";"0,19456"
"48,76800";"0,96192";"0,18411"
"48,77800";"0,94692";"0,19142"
"48,78800";"0,93193";"0,20803"
"48,79800";"0,91706";"0,21350"
"48,80800";"0,90206";"0,21004"
"48,81800";"0,88707";"0,20704"
"48,82800";"0,87196";"0,20920"
"48,83800";"0,85685";"0,20238"
"48,84800";"0,84185";"0,19882"
"48,85800";"0,82698";"0,20230"
"48,86800";"0,81199";"0,20602"
"48,87800";"0,79699";"0,20148"
"48,88800";"0,78212";"0,19743"
"48,89800";"0,76724";"0,19140"
"48,90800";"0,75225";"0,19430"
"48,91800";"0,73714";"0,19523"
"48,92800";"0,72215";"0,19917"
"48,93800";"0,70727";"0,20805"
"48,94800";"0,69216";"0,21884"
"48,95800";"0,67705";"0,21427"
"48,96800";"0,66206";"0,20801"
"48,97800";"0,64706";"0,20619"
"48,98800";"0,63219";"0,21245"
"48,99800";"0,61696";"0,21430"
"49,00800";"0,60197";"0,21136"
"49,01800";"0,58709";"0,20545"
"49,02800";"0,57210";"0,19589"
"49,03800";"0,55699";"0,19002"
"49,04800";"0,54188";"0,18795"
"49,05800";"0,52688";"0,18449"
"49,06800";"0,51189";"0,18823"
"49,07800";"0,49678";"0,19242"
"49,08800";"0,48167";"0,19226"
"49,09800";"0,46691";"0,19933"
"49,10800";"0,45203";"0,20132"
"49,11800";"0,43704";"0,20905"
"49,12800";"0,42181";"0,21491"
"49,13800";"0,40694";"0,21969"
"49,14800";"0,39194";"0,20956"
"49,15800";"0,37683";"0,19961"
"49,16800";"0,36172";"0,18673"
"49,17800";"0,34685";"0,17955"
"49,18800";"0,33209";"0,18131"
"49,19800";"0,31710";"0,19108"
"49,20800";"0,30199";"0,20397"
"49,21800";"0,28711";"0,20715"
"49,22800";"0,27212";"0,20866"
"49,23800";"0,25713";"0,20971"
"49,24800";"0,24201";"0,20542"
"49,25800";"0,22702";"0,19227"
"49,26800";"0,21215";"0,18989"
"49,27800";"0,19715";"0,19578"
"49,28800";"0,18192";"0,19367"
"49,29800";"0,16681";"0,19383"
"49,30800";"0,15194";"0,20105"
"49,31800";"0,13694";"0,20142"
"49,32800";"0,12195";"0,20185"
"49,33800";"0,10708";"0,20261"
"49,34800";"0,09232";"0,19786"
"49,35800";"0,07733";"0,19416"
"49,36800";"0,06222";"0,19391"
"49,37800";"0,04722";"0,19589"
"49,38800";"0,03211";"0,20530"
"49,39800";"0,01724";"0,22085"
"49,40800";"0,00224";"0,23013"
"49,41000";"-0,00083";"0,23015"
